open,high,low,close,volume,datetime,symbol
14.85,14.85,14.85,14.85,4367,2021-05-17 13:30:00,HONE
14.85,14.85,14.83,14.83,300,2021-05-17 13:31:00,HONE
14.84,14.84,14.84,14.84,500,2021-05-17 13:32:00,HONE
14.84,14.84,14.8,14.8,638,2021-05-17 13:33:00,HONE
14.815,14.87,14.815,14.87,1040,2021-05-17 13:34:00,HONE
14.86,14.89,14.86,14.87,800,2021-05-17 13:35:00,HONE
14.87,14.87,14.87,14.87,100,2021-05-17 13:36:00,HONE
14.9,14.91,14.9,14.91,1216,2021-05-17 13:37:00,HONE
14.91,14.9196,14.91,14.91,1380,2021-05-17 13:38:00,HONE
14.88,14.89,14.88,14.89,200,2021-05-17 13:39:00,HONE
14.88,14.88,14.88,14.88,200,2021-05-17 13:40:00,HONE
14.88,14.88,14.88,14.88,200,2021-05-17 13:41:00,HONE
14.88,14.88,14.88,14.88,200,2021-05-17 13:42:00,HONE
14.89,14.9,14.88,14.9,1471,2021-05-17 13:43:00,HONE
14.9,14.9,14.88,14.88,200,2021-05-17 13:44:00,HONE
14.88,14.88,14.88,14.88,100,2021-05-17 13:45:00,HONE
14.9,14.9,14.9,14.9,400,2021-05-17 13:47:00,HONE
14.91,14.91,14.87,14.88,2904,2021-05-17 13:48:00,HONE
14.88,14.88,14.84,14.84,1075,2021-05-17 13:50:00,HONE
14.84,14.84,14.84,14.84,100,2021-05-17 13:51:00,HONE
14.85,14.85,14.83,14.84,1100,2021-05-17 13:52:00,HONE
14.84,14.84,14.84,14.84,100,2021-05-17 13:53:00,HONE
14.83,14.83,14.83,14.83,200,2021-05-17 13:54:00,HONE
14.83,14.83,14.79,14.79,400,2021-05-17 13:55:00,HONE
14.8,14.8,14.7501,14.7501,2750,2021-05-17 13:56:00,HONE
14.75,14.75,14.75,14.75,200,2021-05-17 13:58:00,HONE
14.81,14.81,14.79,14.8,1600,2021-05-17 14:05:00,HONE
14.83,14.83,14.82,14.825,2208,2021-05-17 14:06:00,HONE
14.82,14.83,14.8,14.82,1133,2021-05-17 14:07:00,HONE
14.82,14.83,14.82,14.83,1100,2021-05-17 14:08:00,HONE
14.84,14.84,14.84,14.84,1000,2021-05-17 14:09:00,HONE
14.84,14.845,14.83,14.83,600,2021-05-17 14:10:00,HONE
14.835,14.835,14.835,14.835,100,2021-05-17 14:11:00,HONE
14.84,14.845,14.83,14.84,3077,2021-05-17 14:12:00,HONE
14.85,14.86,14.85,14.86,932,2021-05-17 14:13:00,HONE
14.85,14.855,14.84,14.84,1500,2021-05-17 14:15:00,HONE
14.815,14.815,14.815,14.815,100,2021-05-17 14:16:00,HONE
14.86,14.86,14.85,14.85,900,2021-05-17 14:20:00,HONE
14.855,14.86,14.85,14.86,500,2021-05-17 14:21:00,HONE
14.86,14.87,14.86,14.86,5508,2021-05-17 14:22:00,HONE
14.86,14.86,14.86,14.86,1030,2021-05-17 14:23:00,HONE
14.86,14.86,14.86,14.86,100,2021-05-17 14:24:00,HONE
14.86,14.93,14.8582,14.93,15701,2021-05-17 14:25:00,HONE
14.94,14.96,14.94,14.96,4575,2021-05-17 14:26:00,HONE
14.96,14.96,14.95,14.95,955,2021-05-17 14:27:00,HONE
14.95,14.95,14.94,14.94,1100,2021-05-17 14:28:00,HONE
14.94,14.95,14.94,14.94,700,2021-05-17 14:29:00,HONE
14.94,14.94,14.94,14.94,200,2021-05-17 14:30:00,HONE
14.92,14.92,14.8901,14.8901,3000,2021-05-17 14:31:00,HONE
14.89,14.93,14.89,14.93,3800,2021-05-17 14:33:00,HONE
14.93,14.93,14.92,14.92,500,2021-05-17 14:34:00,HONE
14.95,14.98,14.95,14.975,3126,2021-05-17 14:37:00,HONE
14.98,14.99,14.97,14.97,2450,2021-05-17 14:38:00,HONE
14.9962,14.9962,14.99,14.99,920,2021-05-17 14:40:00,HONE
15.0,15.01,14.995,15.01,8900,2021-05-17 14:42:00,HONE
15.01,15.01,15.01,15.01,100,2021-05-17 14:43:00,HONE
15.0,15.0,14.98,15.0,5124,2021-05-17 14:44:00,HONE
15.0,15.0,15.0,15.0,600,2021-05-17 14:45:00,HONE
15.0,15.0,14.99,14.99,1200,2021-05-17 14:46:00,HONE
14.98,14.98,14.98,14.98,100,2021-05-17 14:47:00,HONE
14.98,14.98,14.96,14.96,600,2021-05-17 14:48:00,HONE
14.94,14.94,14.94,14.94,200,2021-05-17 14:51:00,HONE
14.94,14.94,14.93,14.93,200,2021-05-17 14:52:00,HONE
14.93,14.94,14.93,14.94,300,2021-05-17 14:54:00,HONE
14.94,14.9401,14.94,14.9401,800,2021-05-17 14:55:00,HONE
14.94,14.94,14.93,14.93,700,2021-05-17 14:56:00,HONE
14.92,14.92,14.92,14.92,100,2021-05-17 14:57:00,HONE
14.92,14.929,14.92,14.929,1100,2021-05-17 14:58:00,HONE
14.92,14.92,14.915,14.915,400,2021-05-17 14:59:00,HONE
14.91,14.91,14.9,14.9,687,2021-05-17 15:01:00,HONE
14.88,14.88,14.85,14.85,200,2021-05-17 15:02:00,HONE
14.87,14.88,14.87,14.87,300,2021-05-17 15:04:00,HONE
14.85,14.85,14.85,14.85,100,2021-05-17 15:05:00,HONE
14.85,14.85,14.85,14.85,100,2021-05-17 15:08:00,HONE
14.84,14.84,14.84,14.84,300,2021-05-17 15:09:00,HONE
14.81,14.81,14.81,14.81,229,2021-05-17 15:10:00,HONE
14.8366,14.84,14.8366,14.84,1180,2021-05-17 15:14:00,HONE
14.825,14.825,14.825,14.825,100,2021-05-17 15:15:00,HONE
14.83,14.83,14.83,14.83,100,2021-05-17 15:16:00,HONE
14.83,14.83,14.83,14.83,354,2021-05-17 15:18:00,HONE
14.835,14.835,14.83,14.83,1704,2021-05-17 15:19:00,HONE
14.83,14.83,14.83,14.83,300,2021-05-17 15:20:00,HONE
14.86,14.86,14.86,14.86,268,2021-05-17 15:22:00,HONE
14.86,14.86,14.83,14.83,1000,2021-05-17 15:23:00,HONE
14.83,14.83,14.83,14.83,204,2021-05-17 15:25:00,HONE
14.83,14.83,14.82,14.82,807,2021-05-17 15:32:00,HONE
14.83,14.83,14.83,14.83,800,2021-05-17 15:33:00,HONE
14.83,14.84,14.83,14.83,600,2021-05-17 15:34:00,HONE
14.83,14.83,14.83,14.83,200,2021-05-17 15:35:00,HONE
14.84,14.85,14.84,14.85,222,2021-05-17 15:36:00,HONE
14.86,14.87,14.86,14.86,300,2021-05-17 15:45:00,HONE
14.87,14.87,14.87,14.87,100,2021-05-17 15:46:00,HONE
14.89,14.89,14.89,14.89,100,2021-05-17 15:48:00,HONE
14.9,14.9,14.88,14.88,2077,2021-05-17 15:50:00,HONE
14.87,14.87,14.86,14.86,700,2021-05-17 15:51:00,HONE
14.86,14.86,14.86,14.86,400,2021-05-17 15:52:00,HONE
14.86,14.86,14.86,14.86,600,2021-05-17 15:57:00,HONE
14.86,14.87,14.86,14.87,734,2021-05-17 15:58:00,HONE
14.88,14.89,14.88,14.89,435,2021-05-17 16:00:00,HONE
14.91,14.91,14.91,14.91,200,2021-05-17 16:06:00,HONE
14.91,14.91,14.91,14.91,100,2021-05-17 16:08:00,HONE
14.9,14.9,14.89,14.89,1803,2021-05-17 16:09:00,HONE
14.89,14.9,14.89,14.9,500,2021-05-17 16:10:00,HONE
14.9,14.9,14.9,14.9,100,2021-05-17 16:14:00,HONE
14.9,14.9,14.87,14.87,500,2021-05-17 16:15:00,HONE
14.89,14.9,14.89,14.9,250,2021-05-17 16:18:00,HONE
14.89,14.8915,14.89,14.8901,1200,2021-05-17 16:19:00,HONE
14.9,14.9,14.9,14.9,100,2021-05-17 16:23:00,HONE
14.89,14.895,14.89,14.895,200,2021-05-17 16:24:00,HONE
14.89,14.8941,14.88,14.88,1600,2021-05-17 16:25:00,HONE
14.88,14.88,14.88,14.88,200,2021-05-17 16:26:00,HONE
14.88,14.89,14.88,14.89,500,2021-05-17 16:30:00,HONE
14.885,14.885,14.885,14.885,100,2021-05-17 16:32:00,HONE
14.9,14.92,14.9,14.92,3550,2021-05-17 16:35:00,HONE
14.92,14.93,14.92,14.925,400,2021-05-17 16:36:00,HONE
14.9291,14.9291,14.9291,14.9291,130,2021-05-17 16:38:00,HONE
14.92,14.92,14.9,14.9,4499,2021-05-17 16:44:00,HONE
14.91,14.91,14.91,14.91,200,2021-05-17 16:49:00,HONE
14.91,14.91,14.91,14.91,100,2021-05-17 16:50:00,HONE
14.92,14.92,14.92,14.92,948,2021-05-17 16:52:00,HONE
14.91,14.91,14.91,14.91,100,2021-05-17 16:53:00,HONE
14.909,14.91,14.909,14.91,300,2021-05-17 16:56:00,HONE
14.92,14.92,14.92,14.92,100,2021-05-17 16:57:00,HONE
14.915,14.915,14.915,14.915,100,2021-05-17 16:58:00,HONE
14.92,14.92,14.92,14.92,200,2021-05-17 16:59:00,HONE
14.93,14.95,14.93,14.95,1700,2021-05-17 17:00:00,HONE
14.94,14.94,14.94,14.94,1100,2021-05-17 17:01:00,HONE
14.93,14.93,14.93,14.93,300,2021-05-17 17:03:00,HONE
14.925,14.925,14.925,14.925,100,2021-05-17 17:04:00,HONE
14.93,14.93,14.93,14.93,100,2021-05-17 17:08:00,HONE
14.93,14.935,14.92,14.92,800,2021-05-17 17:09:00,HONE
14.92,14.92,14.92,14.92,100,2021-05-17 17:10:00,HONE
14.92,14.92,14.92,14.92,100,2021-05-17 17:11:00,HONE
14.92,14.92,14.92,14.92,200,2021-05-17 17:14:00,HONE
14.92,14.92,14.92,14.92,100,2021-05-17 17:15:00,HONE
14.91,14.91,14.89,14.89,300,2021-05-17 17:18:00,HONE
14.89,14.89,14.89,14.89,100,2021-05-17 17:19:00,HONE
14.89,14.9,14.89,14.9,200,2021-05-17 17:20:00,HONE
14.9,14.91,14.9,14.91,934,2021-05-17 17:22:00,HONE
14.91,14.91,14.91,14.91,112,2021-05-17 17:24:00,HONE
14.91,14.912,14.91,14.912,435,2021-05-17 17:28:00,HONE
14.91,14.91,14.91,14.91,600,2021-05-17 17:32:00,HONE
14.92,14.92,14.92,14.92,100,2021-05-17 17:34:00,HONE
14.92,14.92,14.92,14.92,335,2021-05-17 17:35:00,HONE
14.93,14.93,14.93,14.93,200,2021-05-17 17:36:00,HONE
14.93,14.93,14.93,14.93,100,2021-05-17 17:40:00,HONE
14.93,14.93,14.9,14.9,1414,2021-05-17 17:41:00,HONE
14.92,14.93,14.92,14.93,500,2021-05-17 17:45:00,HONE
14.9301,14.9301,14.9301,14.9301,100,2021-05-17 17:50:00,HONE
14.94,14.94,14.94,14.94,300,2021-05-17 17:52:00,HONE
14.95,14.95,14.95,14.95,1888,2021-05-17 17:57:00,HONE
14.95,14.95,14.95,14.95,2033,2021-05-17 17:58:00,HONE
14.94,14.94,14.94,14.94,1000,2021-05-17 17:59:00,HONE
14.94,14.94,14.9398,14.9399,400,2021-05-17 18:00:00,HONE
14.94,14.95,14.94,14.95,200,2021-05-17 18:01:00,HONE
14.95,14.96,14.95,14.96,1680,2021-05-17 18:04:00,HONE
14.97,14.97,14.97,14.97,1300,2021-05-17 18:06:00,HONE
14.975,14.975,14.97,14.97,2300,2021-05-17 18:07:00,HONE
14.97,14.97,14.97,14.97,500,2021-05-17 18:08:00,HONE
14.9673,14.9673,14.9673,14.9673,200,2021-05-17 18:09:00,HONE
14.96,14.96,14.96,14.96,906,2021-05-17 18:11:00,HONE
14.955,14.955,14.955,14.955,100,2021-05-17 18:12:00,HONE
14.95,14.97,14.95,14.97,317,2021-05-17 18:14:00,HONE
14.97,14.97,14.97,14.97,200,2021-05-17 18:19:00,HONE
14.98,14.98,14.98,14.98,400,2021-05-17 18:20:00,HONE
14.99,14.99,14.99,14.99,2253,2021-05-17 18:27:00,HONE
14.98,14.99,14.98,14.99,1709,2021-05-17 18:29:00,HONE
14.995,14.995,14.995,14.995,100,2021-05-17 18:30:00,HONE
15.0,15.0,15.0,15.0,6080,2021-05-17 18:31:00,HONE
14.99,15.0,14.99,15.0,700,2021-05-17 18:32:00,HONE
14.99,14.99,14.98,14.98,700,2021-05-17 18:33:00,HONE
14.99,14.99,14.99,14.99,102,2021-05-17 18:34:00,HONE
14.98,14.98,14.98,14.98,100,2021-05-17 18:35:00,HONE
14.98,14.98,14.95,14.95,1433,2021-05-17 18:37:00,HONE
14.96,14.96,14.95,14.95,883,2021-05-17 18:38:00,HONE
14.96,14.96,14.96,14.96,500,2021-05-17 18:40:00,HONE
14.96,14.96,14.96,14.96,213,2021-05-17 18:41:00,HONE
14.96,14.9616,14.96,14.9616,400,2021-05-17 18:43:00,HONE
14.97,14.975,14.97,14.97,1004,2021-05-17 18:45:00,HONE
14.965,14.965,14.96,14.96,203,2021-05-17 18:46:00,HONE
14.97,14.98,14.97,14.973,501,2021-05-17 18:49:00,HONE
14.98,14.98,14.98,14.98,200,2021-05-17 18:50:00,HONE
14.98,14.98,14.98,14.98,100,2021-05-17 18:51:00,HONE
14.99,14.99,14.99,14.99,100,2021-05-17 18:53:00,HONE
14.98,14.98,14.97,14.98,1700,2021-05-17 18:54:00,HONE
14.98,14.98,14.98,14.98,121,2021-05-17 18:56:00,HONE
14.98,14.985,14.98,14.985,228,2021-05-17 18:59:00,HONE
14.98,14.98,14.97,14.97,1717,2021-05-17 19:00:00,HONE
14.98,14.98,14.98,14.98,500,2021-05-17 19:01:00,HONE
14.98,14.98,14.98,14.98,100,2021-05-17 19:02:00,HONE
14.98,14.985,14.98,14.985,490,2021-05-17 19:03:00,HONE
14.99,14.99,14.99,14.99,1162,2021-05-17 19:06:00,HONE
15.0,15.0,15.0,15.0,100,2021-05-17 19:07:00,HONE
15.0,15.0,15.0,15.0,5563,2021-05-17 19:08:00,HONE
14.99,14.9982,14.99,14.9982,333,2021-05-17 19:09:00,HONE
14.99,14.99,14.97,14.98,3173,2021-05-17 19:10:00,HONE
14.98,14.98,14.95,14.95,500,2021-05-17 19:11:00,HONE
14.96,14.97,14.96,14.97,600,2021-05-17 19:12:00,HONE
14.97,14.97,14.96,14.96,800,2021-05-17 19:15:00,HONE
14.96,14.96,14.945,14.945,206,2021-05-17 19:16:00,HONE
14.94,14.94,14.94,14.94,100,2021-05-17 19:17:00,HONE
14.95,14.95,14.95,14.95,100,2021-05-17 19:20:00,HONE
14.96,14.96,14.96,14.96,200,2021-05-17 19:23:00,HONE
14.97,14.97,14.97,14.97,944,2021-05-17 19:24:00,HONE
14.97,14.97,14.97,14.97,100,2021-05-17 19:25:00,HONE
14.97,14.97,14.97,14.97,504,2021-05-17 19:26:00,HONE
14.97,14.97,14.97,14.97,1000,2021-05-17 19:31:00,HONE
14.96,14.96,14.96,14.96,100,2021-05-17 19:32:00,HONE
14.97,14.97,14.96,14.96,1336,2021-05-17 19:33:00,HONE
14.95,14.95,14.95,14.95,100,2021-05-17 19:34:00,HONE
14.955,14.955,14.92,14.925,2782,2021-05-17 19:35:00,HONE
14.925,14.94,14.925,14.94,1690,2021-05-17 19:36:00,HONE
14.945,14.945,14.94,14.94,2561,2021-05-17 19:37:00,HONE
14.94,14.94,14.94,14.94,100,2021-05-17 19:38:00,HONE
14.94,14.94,14.94,14.94,100,2021-05-17 19:40:00,HONE
14.945,14.945,14.94,14.94,200,2021-05-17 19:41:00,HONE
14.945,14.95,14.94,14.945,4822,2021-05-17 19:42:00,HONE
14.945,14.955,14.94,14.955,2724,2021-05-17 19:43:00,HONE
14.96,14.96,14.955,14.955,7051,2021-05-17 19:44:00,HONE
14.955,14.965,14.952,14.96,5912,2021-05-17 19:45:00,HONE
14.965,14.965,14.965,14.965,144,2021-05-17 19:46:00,HONE
14.97,14.97,14.96,14.965,313,2021-05-17 19:47:00,HONE
14.965,14.97,14.965,14.965,935,2021-05-17 19:48:00,HONE
14.96,14.96,14.945,14.95,1943,2021-05-17 19:49:00,HONE
14.92,14.92,14.91,14.91,341,2021-05-17 19:50:00,HONE
14.92,14.93,14.92,14.92,819,2021-05-17 19:51:00,HONE
14.93,14.93,14.93,14.93,100,2021-05-17 19:52:00,HONE
14.9316,14.935,14.93,14.93,467,2021-05-17 19:53:00,HONE
14.93,14.93,14.92,14.925,2209,2021-05-17 19:54:00,HONE
14.93,14.93,14.93,14.93,100,2021-05-17 19:55:00,HONE
14.93,14.93,14.93,14.93,610,2021-05-17 19:56:00,HONE
14.94,14.96,14.94,14.95,891,2021-05-17 19:57:00,HONE
14.96,14.96,14.96,14.96,1437,2021-05-17 19:58:00,HONE
14.95,14.95,14.93,14.94,3346,2021-05-17 19:59:00,HONE
14.935,14.935,14.935,14.935,23913,2021-05-17 20:00:00,HONE
15.0,15.0,14.925,14.925,5434,2021-05-18 13:30:00,HONE
14.94,14.94,14.94,14.94,100,2021-05-18 13:31:00,HONE
14.9231,14.9231,14.9231,14.9231,1900,2021-05-18 13:32:00,HONE
14.9231,15.0,14.9231,15.0,2000,2021-05-18 13:33:00,HONE
14.93,14.93,14.9196,14.92,300,2021-05-18 13:34:00,HONE
14.92,14.96,14.92,14.96,910,2021-05-18 13:35:00,HONE
14.94,14.96,14.94,14.96,200,2021-05-18 13:36:00,HONE
14.95,14.95,14.95,14.95,100,2021-05-18 13:38:00,HONE
14.911,14.911,14.91,14.91,700,2021-05-18 13:42:00,HONE
14.92,14.93,14.92,14.93,1124,2021-05-18 13:43:00,HONE
14.93,14.93,14.93,14.93,100,2021-05-18 13:44:00,HONE
14.91,14.91,14.86,14.86,600,2021-05-18 13:46:00,HONE
14.84,14.87,14.84,14.87,1694,2021-05-18 13:49:00,HONE
14.88,14.88,14.88,14.88,100,2021-05-18 13:50:00,HONE
14.87,14.88,14.87,14.88,525,2021-05-18 13:51:00,HONE
14.9,14.9,14.8975,14.8975,680,2021-05-18 13:53:00,HONE
14.9,14.9,14.8775,14.8775,1271,2021-05-18 13:59:00,HONE
14.87,14.87,14.87,14.87,100,2021-05-18 14:01:00,HONE
14.885,14.91,14.885,14.9,1393,2021-05-18 14:06:00,HONE
14.9,14.9,14.9,14.9,606,2021-05-18 14:07:00,HONE
14.88,14.88,14.88,14.88,100,2021-05-18 14:10:00,HONE
14.86,14.86,14.86,14.86,200,2021-05-18 14:11:00,HONE
14.86,14.86,14.86,14.86,1300,2021-05-18 14:14:00,HONE
14.86,14.86,14.84,14.86,900,2021-05-18 14:15:00,HONE
14.85,14.85,14.84,14.84,377,2021-05-18 14:16:00,HONE
14.82,14.82,14.82,14.82,1800,2021-05-18 14:18:00,HONE
14.82,14.83,14.82,14.82,800,2021-05-18 14:19:00,HONE
14.825,14.825,14.825,14.825,200,2021-05-18 14:21:00,HONE
14.84,14.84,14.84,14.84,739,2021-05-18 14:22:00,HONE
14.845,14.845,14.845,14.845,100,2021-05-18 14:23:00,HONE
14.85,14.8675,14.85,14.86,892,2021-05-18 14:24:00,HONE
14.86,14.86,14.85,14.855,397,2021-05-18 14:27:00,HONE
14.86,14.86,14.86,14.86,100,2021-05-18 14:28:00,HONE
14.855,14.855,14.85,14.85,400,2021-05-18 14:29:00,HONE
14.83,14.83,14.83,14.83,100,2021-05-18 14:31:00,HONE
14.81,14.82,14.81,14.82,200,2021-05-18 14:32:00,HONE
14.81,14.81,14.81,14.81,300,2021-05-18 14:33:00,HONE
14.79,14.79,14.78,14.78,400,2021-05-18 14:35:00,HONE
14.8,14.8,14.8,14.8,500,2021-05-18 14:37:00,HONE
14.81,14.81,14.8,14.8,1197,2021-05-18 14:39:00,HONE
14.8,14.8,14.8,14.8,100,2021-05-18 14:40:00,HONE
14.8,14.8,14.8,14.8,100,2021-05-18 14:42:00,HONE
14.8,14.8,14.8,14.8,4300,2021-05-18 14:43:00,HONE
14.8,14.8,14.785,14.8,1500,2021-05-18 14:45:00,HONE
14.8,14.8,14.8,14.8,100,2021-05-18 14:47:00,HONE
14.8,14.82,14.79,14.82,14400,2021-05-18 14:48:00,HONE
14.82,14.83,14.82,14.83,800,2021-05-18 14:49:00,HONE
14.84,14.87,14.84,14.87,219,2021-05-18 14:50:00,HONE
14.86,14.865,14.86,14.865,200,2021-05-18 14:51:00,HONE
14.84,14.84,14.84,14.84,200,2021-05-18 14:53:00,HONE
14.82,14.82,14.82,14.82,200,2021-05-18 14:54:00,HONE
14.82,14.82,14.82,14.82,100,2021-05-18 14:55:00,HONE
14.83,14.83,14.81,14.81,807,2021-05-18 15:02:00,HONE
14.82,14.82,14.82,14.82,597,2021-05-18 15:03:00,HONE
14.82,14.82,14.82,14.82,100,2021-05-18 15:04:00,HONE
14.8,14.8,14.79,14.79,200,2021-05-18 15:07:00,HONE
14.79,14.79,14.79,14.79,100,2021-05-18 15:10:00,HONE
14.79,14.8,14.79,14.8,500,2021-05-18 15:11:00,HONE
14.77,14.77,14.77,14.77,100,2021-05-18 15:17:00,HONE
14.79,14.79,14.775,14.775,6746,2021-05-18 15:20:00,HONE
14.78,14.78,14.77,14.77,800,2021-05-18 15:22:00,HONE
14.77,14.77,14.77,14.77,300,2021-05-18 15:24:00,HONE
14.79,14.8,14.79,14.8,300,2021-05-18 15:25:00,HONE
14.8,14.8,14.8,14.8,124,2021-05-18 15:27:00,HONE
14.8,14.8,14.8,14.8,300,2021-05-18 15:28:00,HONE
14.8,14.8,14.8,14.8,100,2021-05-18 15:29:00,HONE
14.775,14.775,14.775,14.775,200,2021-05-18 15:31:00,HONE
14.78,14.78,14.78,14.78,200,2021-05-18 15:32:00,HONE
14.76,14.77,14.76,14.77,300,2021-05-18 15:33:00,HONE
14.79,14.79,14.79,14.79,100,2021-05-18 15:35:00,HONE
14.8,14.8,14.8,14.8,100,2021-05-18 15:36:00,HONE
14.82,14.82,14.82,14.82,100,2021-05-18 15:38:00,HONE
14.79,14.79,14.79,14.79,100,2021-05-18 15:39:00,HONE
14.8,14.8,14.8,14.8,200,2021-05-18 15:40:00,HONE
14.77,14.77,14.77,14.77,100,2021-05-18 15:42:00,HONE
14.77,14.77,14.77,14.77,100,2021-05-18 15:44:00,HONE
14.8,14.8,14.8,14.8,200,2021-05-18 15:46:00,HONE
14.8,14.8,14.8,14.8,100,2021-05-18 15:47:00,HONE
14.8,14.8,14.79,14.79,300,2021-05-18 15:48:00,HONE
14.8,14.8,14.8,14.8,100,2021-05-18 15:52:00,HONE
14.79,14.79,14.79,14.79,125,2021-05-18 15:53:00,HONE
14.78,14.78,14.78,14.78,100,2021-05-18 15:57:00,HONE
14.78,14.8,14.78,14.8,446,2021-05-18 15:58:00,HONE
14.795,14.795,14.795,14.795,100,2021-05-18 15:59:00,HONE
14.78,14.78,14.78,14.78,100,2021-05-18 16:00:00,HONE
14.77,14.77,14.77,14.77,100,2021-05-18 16:05:00,HONE
14.77,14.77,14.76,14.76,394,2021-05-18 16:08:00,HONE
14.77,14.77,14.77,14.77,200,2021-05-18 16:09:00,HONE
14.77,14.77,14.77,14.77,200,2021-05-18 16:10:00,HONE
14.755,14.755,14.755,14.755,200,2021-05-18 16:14:00,HONE
14.74,14.74,14.74,14.74,100,2021-05-18 16:15:00,HONE
14.735,14.735,14.735,14.735,100,2021-05-18 16:17:00,HONE
14.73,14.73,14.73,14.73,200,2021-05-18 16:19:00,HONE
14.73,14.73,14.73,14.73,100,2021-05-18 16:21:00,HONE
14.75,14.75,14.74,14.74,200,2021-05-18 16:29:00,HONE
14.74,14.74,14.735,14.735,424,2021-05-18 16:31:00,HONE
14.7353,14.7353,14.7353,14.7353,100,2021-05-18 16:33:00,HONE
14.74,14.74,14.74,14.74,100,2021-05-18 16:34:00,HONE
14.72,14.74,14.72,14.74,400,2021-05-18 16:36:00,HONE
14.73,14.73,14.73,14.73,200,2021-05-18 16:37:00,HONE
14.72,14.72,14.72,14.72,300,2021-05-18 16:39:00,HONE
14.7,14.715,14.7,14.715,1020,2021-05-18 16:40:00,HONE
14.72,14.73,14.72,14.73,500,2021-05-18 16:41:00,HONE
14.73,14.74,14.73,14.74,200,2021-05-18 16:43:00,HONE
14.73,14.73,14.73,14.73,100,2021-05-18 16:45:00,HONE
14.72,14.72,14.72,14.72,300,2021-05-18 16:50:00,HONE
14.72,14.72,14.72,14.72,200,2021-05-18 16:52:00,HONE
14.715,14.715,14.715,14.715,100,2021-05-18 16:53:00,HONE
14.72,14.72,14.72,14.72,200,2021-05-18 16:55:00,HONE
14.72,14.72,14.69,14.7,11871,2021-05-18 16:56:00,HONE
14.71,14.71,14.71,14.71,200,2021-05-18 16:58:00,HONE
14.71,14.71,14.71,14.71,300,2021-05-18 17:00:00,HONE
14.71,14.71,14.71,14.71,300,2021-05-18 17:01:00,HONE
14.73,14.73,14.72,14.72,200,2021-05-18 17:02:00,HONE
14.72,14.72,14.715,14.715,200,2021-05-18 17:04:00,HONE
14.72,14.72,14.72,14.72,100,2021-05-18 17:05:00,HONE
14.74,14.74,14.74,14.74,100,2021-05-18 17:10:00,HONE
14.735,14.74,14.735,14.74,428,2021-05-18 17:11:00,HONE
14.74,14.74,14.74,14.74,318,2021-05-18 17:12:00,HONE
14.735,14.735,14.735,14.735,100,2021-05-18 17:14:00,HONE
14.74,14.74,14.74,14.74,100,2021-05-18 17:15:00,HONE
14.75,14.76,14.75,14.76,500,2021-05-18 17:19:00,HONE
14.75,14.75,14.75,14.75,797,2021-05-18 17:22:00,HONE
14.75,14.75,14.745,14.745,200,2021-05-18 17:23:00,HONE
14.765,14.765,14.765,14.765,100,2021-05-18 17:30:00,HONE
14.76,14.76,14.75,14.75,794,2021-05-18 17:31:00,HONE
14.75,14.75,14.75,14.75,200,2021-05-18 17:36:00,HONE
14.75,14.75,14.75,14.75,300,2021-05-18 17:37:00,HONE
14.75,14.75,14.75,14.75,200,2021-05-18 17:38:00,HONE
14.75,14.75,14.75,14.75,100,2021-05-18 17:41:00,HONE
14.76,14.77,14.76,14.77,300,2021-05-18 17:42:00,HONE
14.77,14.77,14.77,14.77,200,2021-05-18 17:43:00,HONE
14.745,14.745,14.745,14.745,100,2021-05-18 17:44:00,HONE
14.76,14.76,14.76,14.76,200,2021-05-18 17:47:00,HONE
14.77,14.78,14.77,14.775,300,2021-05-18 17:55:00,HONE
14.78,14.78,14.78,14.78,100,2021-05-18 17:57:00,HONE
14.78,14.79,14.78,14.79,632,2021-05-18 17:58:00,HONE
14.78,14.78,14.78,14.78,400,2021-05-18 18:00:00,HONE
14.76,14.76,14.76,14.76,100,2021-05-18 18:02:00,HONE
14.76,14.76,14.76,14.76,100,2021-05-18 18:03:00,HONE
14.74,14.74,14.74,14.74,200,2021-05-18 18:04:00,HONE
14.74,14.74,14.74,14.74,100,2021-05-18 18:07:00,HONE
14.74,14.74,14.74,14.74,200,2021-05-18 18:10:00,HONE
14.7201,14.73,14.7201,14.73,760,2021-05-18 18:11:00,HONE
14.73,14.73,14.73,14.73,200,2021-05-18 18:13:00,HONE
14.73,14.73,14.73,14.73,100,2021-05-18 18:15:00,HONE
14.73,14.73,14.73,14.73,100,2021-05-18 18:17:00,HONE
14.73,14.73,14.73,14.73,100,2021-05-18 18:20:00,HONE
14.73,14.73,14.72,14.72,800,2021-05-18 18:23:00,HONE
14.7,14.7,14.7,14.7,200,2021-05-18 18:25:00,HONE
14.71,14.71,14.71,14.71,100,2021-05-18 18:27:00,HONE
14.71,14.71,14.71,14.71,100,2021-05-18 18:28:00,HONE
14.71,14.71,14.71,14.71,100,2021-05-18 18:29:00,HONE
14.71,14.71,14.71,14.71,100,2021-05-18 18:30:00,HONE
14.69,14.69,14.69,14.69,100,2021-05-18 18:33:00,HONE
14.695,14.7,14.69,14.7,902,2021-05-18 18:35:00,HONE
14.685,14.685,14.685,14.685,300,2021-05-18 18:36:00,HONE
14.68,14.68,14.68,14.68,100,2021-05-18 18:37:00,HONE
14.68,14.68,14.68,14.68,100,2021-05-18 18:38:00,HONE
14.68,14.68,14.68,14.68,200,2021-05-18 18:41:00,HONE
14.67,14.67,14.67,14.67,100,2021-05-18 18:43:00,HONE
14.66,14.66,14.63,14.63,1944,2021-05-18 18:45:00,HONE
14.66,14.67,14.66,14.67,600,2021-05-18 18:46:00,HONE
14.7,14.7,14.7,14.7,100,2021-05-18 18:47:00,HONE
14.69,14.69,14.69,14.69,100,2021-05-18 18:48:00,HONE
14.7,14.7,14.7,14.7,100,2021-05-18 18:54:00,HONE
14.69,14.69,14.69,14.69,300,2021-05-18 18:57:00,HONE
14.7,14.7,14.7,14.7,100,2021-05-18 18:58:00,HONE
14.695,14.695,14.695,14.695,100,2021-05-18 19:00:00,HONE
14.69,14.69,14.69,14.69,100,2021-05-18 19:02:00,HONE
14.7,14.7,14.7,14.7,250,2021-05-18 19:03:00,HONE
14.72,14.72,14.72,14.72,100,2021-05-18 19:04:00,HONE
14.71,14.71,14.7,14.7,500,2021-05-18 19:05:00,HONE
14.71,14.71,14.705,14.705,700,2021-05-18 19:08:00,HONE
14.71,14.71,14.71,14.71,200,2021-05-18 19:11:00,HONE
14.7,14.7,14.7,14.7,100,2021-05-18 19:13:00,HONE
14.7,14.7,14.7,14.7,300,2021-05-18 19:14:00,HONE
14.69,14.69,14.69,14.69,100,2021-05-18 19:15:00,HONE
14.69,14.7,14.69,14.7,500,2021-05-18 19:16:00,HONE
14.7,14.7,14.7,14.7,100,2021-05-18 19:20:00,HONE
14.705,14.705,14.705,14.705,200,2021-05-18 19:21:00,HONE
14.71,14.71,14.71,14.71,1100,2021-05-18 19:22:00,HONE
14.72,14.73,14.7173,14.73,1417,2021-05-18 19:23:00,HONE
14.73,14.73,14.73,14.73,600,2021-05-18 19:24:00,HONE
14.73,14.73,14.73,14.73,100,2021-05-18 19:25:00,HONE
14.73,14.73,14.72,14.725,900,2021-05-18 19:30:00,HONE
14.72,14.73,14.72,14.73,2628,2021-05-18 19:31:00,HONE
14.72,14.73,14.71,14.72,4102,2021-05-18 19:32:00,HONE
14.71,14.71,14.7,14.7,300,2021-05-18 19:33:00,HONE
14.71,14.71,14.71,14.71,100,2021-05-18 19:34:00,HONE
14.7,14.705,14.7,14.705,200,2021-05-18 19:35:00,HONE
14.705,14.705,14.7,14.705,500,2021-05-18 19:36:00,HONE
14.71,14.71,14.71,14.71,1600,2021-05-18 19:37:00,HONE
14.715,14.72,14.715,14.72,300,2021-05-18 19:38:00,HONE
14.73,14.73,14.73,14.73,900,2021-05-18 19:39:00,HONE
14.72,14.72,14.72,14.72,200,2021-05-18 19:41:00,HONE
14.725,14.725,14.725,14.725,100,2021-05-18 19:42:00,HONE
14.72,14.735,14.72,14.735,300,2021-05-18 19:44:00,HONE
14.73,14.735,14.73,14.73,475,2021-05-18 19:45:00,HONE
14.71,14.715,14.71,14.715,1200,2021-05-18 19:46:00,HONE
14.71,14.71,14.69,14.69,700,2021-05-18 19:48:00,HONE
14.69,14.69,14.68,14.69,700,2021-05-18 19:49:00,HONE
14.68,14.68,14.66,14.66,401,2021-05-18 19:50:00,HONE
14.64,14.645,14.64,14.6438,1120,2021-05-18 19:51:00,HONE
14.645,14.645,14.6301,14.6301,501,2021-05-18 19:52:00,HONE
14.63,14.64,14.63,14.64,300,2021-05-18 19:53:00,HONE
14.635,14.635,14.63,14.63,200,2021-05-18 19:54:00,HONE
14.63,14.63,14.62,14.62,300,2021-05-18 19:55:00,HONE
14.61,14.6127,14.6,14.6,1400,2021-05-18 19:56:00,HONE
14.6,14.62,14.59,14.62,2200,2021-05-18 19:57:00,HONE
14.61,14.61,14.61,14.61,749,2021-05-18 19:58:00,HONE
14.61,14.66,14.59,14.62,15980,2021-05-18 19:59:00,HONE
14.62,14.62,14.62,14.62,15333,2021-05-18 20:00:00,HONE
14.58,14.58,14.58,14.58,1000,2021-05-19 12:21:00,HONE
14.46,14.59,14.33,14.42,6057,2021-05-19 13:30:00,HONE
14.44,14.44,14.43,14.43,200,2021-05-19 13:31:00,HONE
14.44,14.44,14.41,14.43,1100,2021-05-19 13:37:00,HONE
14.5,14.5,14.5,14.5,200,2021-05-19 13:38:00,HONE
14.44,14.44,14.44,14.44,200,2021-05-19 13:39:00,HONE
14.43,14.43,14.43,14.43,191,2021-05-19 13:40:00,HONE
14.43,14.44,14.43,14.43,1261,2021-05-19 13:41:00,HONE
14.44,14.44,14.44,14.44,691,2021-05-19 13:42:00,HONE
14.45,14.45,14.45,14.45,100,2021-05-19 13:43:00,HONE
14.43,14.43,14.43,14.43,1331,2021-05-19 13:45:00,HONE
14.44,14.44,14.44,14.44,500,2021-05-19 13:46:00,HONE
14.43,14.43,14.42,14.43,1100,2021-05-19 13:50:00,HONE
14.43,14.43,14.43,14.43,300,2021-05-19 13:51:00,HONE
14.43,14.43,14.43,14.43,200,2021-05-19 13:52:00,HONE
14.41,14.41,14.39,14.39,300,2021-05-19 13:53:00,HONE
14.39,14.39,14.39,14.39,500,2021-05-19 13:54:00,HONE
14.4,14.4,14.4,14.4,400,2021-05-19 13:56:00,HONE
14.4,14.4,14.4,14.4,100,2021-05-19 13:59:00,HONE
14.425,14.425,14.41,14.42,800,2021-05-19 14:01:00,HONE
14.42,14.42,14.41,14.41,528,2021-05-19 14:02:00,HONE
14.39,14.39,14.39,14.39,100,2021-05-19 14:03:00,HONE
14.35,14.365,14.35,14.365,800,2021-05-19 14:04:00,HONE
14.36,14.3761,14.36,14.3761,650,2021-05-19 14:05:00,HONE
14.375,14.4,14.375,14.4,923,2021-05-19 14:06:00,HONE
14.41,14.41,14.37,14.37,600,2021-05-19 14:07:00,HONE
14.37,14.37,14.37,14.37,200,2021-05-19 14:08:00,HONE
14.37,14.37,14.36,14.36,300,2021-05-19 14:09:00,HONE
14.36,14.36,14.33,14.33,300,2021-05-19 14:10:00,HONE
14.33,14.33,14.31,14.31,300,2021-05-19 14:11:00,HONE
14.28,14.31,14.28,14.3,1129,2021-05-19 14:12:00,HONE
14.31,14.31,14.31,14.31,528,2021-05-19 14:13:00,HONE
14.31,14.31,14.31,14.31,200,2021-05-19 14:14:00,HONE
14.28,14.28,14.28,14.28,100,2021-05-19 14:15:00,HONE
14.31,14.31,14.295,14.295,1000,2021-05-19 14:16:00,HONE
14.33,14.33,14.33,14.33,100,2021-05-19 14:18:00,HONE
14.34,14.34,14.34,14.34,400,2021-05-19 14:19:00,HONE
14.38,14.38,14.38,14.38,809,2021-05-19 14:23:00,HONE
14.38,14.38,14.38,14.38,500,2021-05-19 14:25:00,HONE
14.38,14.39,14.38,14.39,200,2021-05-19 14:34:00,HONE
14.4,14.4,14.4,14.4,1788,2021-05-19 14:35:00,HONE
14.41,14.41,14.39,14.4,3603,2021-05-19 14:36:00,HONE
14.39,14.39,14.39,14.39,100,2021-05-19 14:37:00,HONE
14.38,14.38,14.37,14.37,300,2021-05-19 14:38:00,HONE
14.37,14.37,14.37,14.37,100,2021-05-19 14:40:00,HONE
14.35,14.36,14.35,14.36,200,2021-05-19 14:41:00,HONE
14.36,14.36,14.36,14.36,422,2021-05-19 14:43:00,HONE
14.36,14.36,14.36,14.36,400,2021-05-19 14:46:00,HONE
14.36,14.36,14.36,14.36,400,2021-05-19 14:47:00,HONE
14.36,14.36,14.36,14.36,200,2021-05-19 14:48:00,HONE
14.355,14.355,14.355,14.355,100,2021-05-19 14:50:00,HONE
14.355,14.355,14.355,14.355,200,2021-05-19 14:51:00,HONE
14.37,14.4,14.37,14.39,1432,2021-05-19 14:52:00,HONE
14.39,14.39,14.39,14.39,200,2021-05-19 14:53:00,HONE
14.4,14.4,14.4,14.4,100,2021-05-19 14:54:00,HONE
14.43,14.43,14.43,14.43,800,2021-05-19 14:57:00,HONE
14.46,14.46,14.46,14.46,100,2021-05-19 14:59:00,HONE
14.44,14.44,14.44,14.44,300,2021-05-19 15:01:00,HONE
14.43,14.43,14.43,14.43,184,2021-05-19 15:02:00,HONE
14.42,14.42,14.4,14.41,2000,2021-05-19 15:03:00,HONE
14.4,14.4,14.395,14.395,9400,2021-05-19 15:05:00,HONE
14.4,14.4,14.395,14.395,5200,2021-05-19 15:06:00,HONE
14.4,14.4,14.4,14.4,100,2021-05-19 15:07:00,HONE
14.41,14.41,14.41,14.41,716,2021-05-19 15:08:00,HONE
14.415,14.42,14.415,14.415,700,2021-05-19 15:09:00,HONE
14.41,14.41,14.41,14.41,722,2021-05-19 15:10:00,HONE
14.415,14.42,14.415,14.42,1400,2021-05-19 15:12:00,HONE
14.42,14.42,14.41,14.41,794,2021-05-19 15:13:00,HONE
14.41,14.41,14.405,14.405,200,2021-05-19 15:14:00,HONE
14.4,14.4,14.4,14.4,5600,2021-05-19 15:18:00,HONE
14.4,14.4,14.39,14.39,804,2021-05-19 15:19:00,HONE
14.39,14.39,14.39,14.39,100,2021-05-19 15:20:00,HONE
14.4,14.41,14.4,14.41,2002,2021-05-19 15:21:00,HONE
14.41,14.42,14.41,14.42,500,2021-05-19 15:22:00,HONE
14.45,14.45,14.45,14.45,200,2021-05-19 15:25:00,HONE
14.44,14.44,14.44,14.44,100,2021-05-19 15:30:00,HONE
14.44,14.44,14.43,14.43,400,2021-05-19 15:32:00,HONE
14.44,14.44,14.44,14.44,300,2021-05-19 15:33:00,HONE
14.44,14.44,14.44,14.44,100,2021-05-19 15:37:00,HONE
14.44,14.44,14.44,14.44,100,2021-05-19 15:39:00,HONE
14.45,14.46,14.45,14.46,600,2021-05-19 15:44:00,HONE
14.455,14.51,14.455,14.51,10559,2021-05-19 15:45:00,HONE
14.51,14.52,14.51,14.52,382,2021-05-19 15:47:00,HONE
14.5101,14.5101,14.5101,14.5101,900,2021-05-19 15:48:00,HONE
14.52,14.52,14.5,14.5,500,2021-05-19 15:51:00,HONE
14.51,14.51,14.51,14.51,100,2021-05-19 15:54:00,HONE
14.52,14.53,14.52,14.53,600,2021-05-19 15:56:00,HONE
14.55,14.55,14.55,14.55,100,2021-05-19 15:59:00,HONE
14.53,14.53,14.51,14.51,978,2021-05-19 16:01:00,HONE
14.5,14.5,14.5,14.5,100,2021-05-19 16:06:00,HONE
14.51,14.52,14.51,14.52,500,2021-05-19 16:08:00,HONE
14.51,14.51,14.51,14.51,200,2021-05-19 16:09:00,HONE
14.515,14.515,14.515,14.515,100,2021-05-19 16:13:00,HONE
14.51,14.51,14.51,14.51,100,2021-05-19 16:15:00,HONE
14.515,14.515,14.51,14.51,200,2021-05-19 16:16:00,HONE
14.52,14.52,14.52,14.52,400,2021-05-19 16:18:00,HONE
14.52,14.52,14.52,14.52,100,2021-05-19 16:20:00,HONE
14.51,14.51,14.51,14.51,100,2021-05-19 16:24:00,HONE
14.515,14.515,14.515,14.515,100,2021-05-19 16:25:00,HONE
14.495,14.495,14.49,14.49,200,2021-05-19 16:29:00,HONE
14.5,14.51,14.5,14.51,500,2021-05-19 16:33:00,HONE
14.5,14.5,14.5,14.5,200,2021-05-19 16:40:00,HONE
14.51,14.51,14.505,14.51,420,2021-05-19 16:42:00,HONE
14.51,14.51,14.51,14.51,100,2021-05-19 16:44:00,HONE
14.51,14.51,14.51,14.51,100,2021-05-19 16:50:00,HONE
14.52,14.52,14.52,14.52,300,2021-05-19 16:58:00,HONE
14.525,14.525,14.525,14.525,100,2021-05-19 16:59:00,HONE
14.52,14.52,14.52,14.52,300,2021-05-19 17:00:00,HONE
14.52,14.52,14.52,14.52,100,2021-05-19 17:02:00,HONE
14.515,14.515,14.515,14.515,100,2021-05-19 17:03:00,HONE
14.515,14.515,14.505,14.505,500,2021-05-19 17:04:00,HONE
14.51,14.51,14.51,14.51,200,2021-05-19 17:05:00,HONE
14.51,14.52,14.51,14.52,400,2021-05-19 17:06:00,HONE
14.53,14.53,14.53,14.53,100,2021-05-19 17:11:00,HONE
14.52,14.52,14.51,14.51,300,2021-05-19 17:14:00,HONE
14.51,14.51,14.51,14.51,100,2021-05-19 17:15:00,HONE
14.51,14.51,14.505,14.505,200,2021-05-19 17:16:00,HONE
14.49,14.49,14.49,14.49,100,2021-05-19 17:18:00,HONE
14.495,14.495,14.495,14.495,100,2021-05-19 17:19:00,HONE
14.495,14.495,14.495,14.495,100,2021-05-19 17:20:00,HONE
14.49,14.49,14.49,14.49,100,2021-05-19 17:21:00,HONE
14.49,14.4981,14.49,14.49,2300,2021-05-19 17:22:00,HONE
14.49,14.51,14.49,14.495,1500,2021-05-19 17:23:00,HONE
14.48,14.48,14.48,14.48,400,2021-05-19 17:25:00,HONE
14.475,14.475,14.475,14.475,100,2021-05-19 17:26:00,HONE
14.475,14.475,14.475,14.475,100,2021-05-19 17:27:00,HONE
14.46,14.46,14.46,14.46,186,2021-05-19 17:30:00,HONE
14.47,14.47,14.47,14.47,100,2021-05-19 17:31:00,HONE
14.47,14.47,14.47,14.47,800,2021-05-19 17:35:00,HONE
14.46,14.46,14.46,14.46,200,2021-05-19 17:36:00,HONE
14.46,14.46,14.46,14.46,200,2021-05-19 17:37:00,HONE
14.47,14.47,14.46,14.46,426,2021-05-19 17:39:00,HONE
14.481,14.481,14.481,14.481,500,2021-05-19 17:42:00,HONE
14.475,14.475,14.475,14.475,100,2021-05-19 17:46:00,HONE
14.48,14.48,14.48,14.48,100,2021-05-19 17:50:00,HONE
14.49,14.49,14.48,14.48,725,2021-05-19 17:53:00,HONE
14.495,14.495,14.495,14.495,100,2021-05-19 17:54:00,HONE
14.5,14.5,14.5,14.5,100,2021-05-19 17:57:00,HONE
14.5,14.5,14.5,14.5,100,2021-05-19 17:58:00,HONE
14.5,14.5,14.5,14.5,200,2021-05-19 18:01:00,HONE
14.51,14.51,14.505,14.51,400,2021-05-19 18:02:00,HONE
14.4875,14.4875,14.47,14.47,300,2021-05-19 18:04:00,HONE
14.44,14.44,14.44,14.44,100,2021-05-19 18:05:00,HONE
14.46,14.46,14.45,14.45,700,2021-05-19 18:06:00,HONE
14.465,14.465,14.465,14.465,100,2021-05-19 18:07:00,HONE
14.45,14.45,14.45,14.45,100,2021-05-19 18:08:00,HONE
14.45,14.45,14.45,14.45,100,2021-05-19 18:11:00,HONE
14.47,14.47,14.47,14.47,800,2021-05-19 18:12:00,HONE
14.44,14.44,14.43,14.43,1034,2021-05-19 18:15:00,HONE
14.445,14.445,14.445,14.445,100,2021-05-19 18:16:00,HONE
14.43,14.43,14.42,14.42,1000,2021-05-19 18:18:00,HONE
14.44,14.45,14.44,14.445,358,2021-05-19 18:20:00,HONE
14.45,14.47,14.45,14.47,1300,2021-05-19 18:22:00,HONE
14.48,14.4975,14.48,14.49,800,2021-05-19 18:23:00,HONE
14.48,14.48,14.48,14.48,100,2021-05-19 18:25:00,HONE
14.47,14.47,14.47,14.47,129,2021-05-19 18:27:00,HONE
14.465,14.475,14.465,14.475,200,2021-05-19 18:28:00,HONE
14.475,14.475,14.475,14.475,100,2021-05-19 18:30:00,HONE
14.48,14.48,14.48,14.48,100,2021-05-19 18:32:00,HONE
14.47,14.47,14.465,14.47,407,2021-05-19 18:33:00,HONE
14.47,14.47,14.46,14.47,515,2021-05-19 18:37:00,HONE
14.46,14.46,14.46,14.46,200,2021-05-19 18:41:00,HONE
14.46,14.47,14.46,14.47,233,2021-05-19 18:42:00,HONE
14.47,14.47,14.465,14.465,328,2021-05-19 18:47:00,HONE
14.47,14.49,14.47,14.48,500,2021-05-19 18:48:00,HONE
14.485,14.485,14.485,14.485,118,2021-05-19 18:50:00,HONE
14.48,14.48,14.48,14.48,400,2021-05-19 18:53:00,HONE
14.47,14.48,14.47,14.48,200,2021-05-19 18:54:00,HONE
14.47,14.47,14.45,14.45,735,2021-05-19 18:55:00,HONE
14.465,14.465,14.465,14.465,110,2021-05-19 18:57:00,HONE
14.45,14.45,14.45,14.45,100,2021-05-19 19:02:00,HONE
14.47,14.47,14.46,14.46,200,2021-05-19 19:03:00,HONE
14.465,14.465,14.465,14.465,100,2021-05-19 19:04:00,HONE
14.48,14.48,14.48,14.48,300,2021-05-19 19:07:00,HONE
14.48,14.48,14.48,14.48,100,2021-05-19 19:08:00,HONE
14.49,14.49,14.49,14.49,108,2021-05-19 19:09:00,HONE
14.49,14.49,14.49,14.49,100,2021-05-19 19:10:00,HONE
14.5,14.5,14.5,14.5,100,2021-05-19 19:11:00,HONE
14.52,14.52,14.52,14.52,100,2021-05-19 19:13:00,HONE
14.515,14.515,14.515,14.515,100,2021-05-19 19:15:00,HONE
14.52,14.53,14.52,14.53,616,2021-05-19 19:18:00,HONE
14.55,14.55,14.55,14.55,100,2021-05-19 19:20:00,HONE
14.55,14.55,14.55,14.55,115,2021-05-19 19:22:00,HONE
14.56,14.56,14.56,14.56,106,2021-05-19 19:28:00,HONE
14.565,14.565,14.565,14.565,100,2021-05-19 19:30:00,HONE
14.55,14.55,14.55,14.55,500,2021-05-19 19:31:00,HONE
14.54,14.54,14.54,14.54,100,2021-05-19 19:32:00,HONE
14.54,14.54,14.54,14.54,600,2021-05-19 19:33:00,HONE
14.53,14.53,14.53,14.53,200,2021-05-19 19:34:00,HONE
14.54,14.54,14.54,14.54,300,2021-05-19 19:36:00,HONE
14.55,14.55,14.55,14.55,225,2021-05-19 19:39:00,HONE
14.555,14.555,14.555,14.555,100,2021-05-19 19:44:00,HONE
14.55,14.55,14.54,14.54,200,2021-05-19 19:45:00,HONE
14.54,14.55,14.53,14.53,1216,2021-05-19 19:47:00,HONE
14.54,14.54,14.54,14.54,1997,2021-05-19 19:48:00,HONE
14.55,14.58,14.55,14.58,565,2021-05-19 19:50:00,HONE
14.59,14.59,14.59,14.59,100,2021-05-19 19:51:00,HONE
14.58,14.58,14.58,14.58,600,2021-05-19 19:52:00,HONE
14.57,14.5704,14.56,14.57,1800,2021-05-19 19:53:00,HONE
14.57,14.59,14.57,14.59,717,2021-05-19 19:54:00,HONE
14.57,14.58,14.565,14.565,300,2021-05-19 19:56:00,HONE
14.565,14.57,14.56,14.57,867,2021-05-19 19:57:00,HONE
14.58,14.585,14.58,14.585,1027,2021-05-19 19:58:00,HONE
14.58,14.6,14.57,14.6,684,2021-05-19 19:59:00,HONE
14.57,14.57,14.57,14.57,44435,2021-05-19 20:00:00,HONE
14.6,14.6,14.6,14.6,1134,2021-05-20 13:30:00,HONE
14.49,14.49,14.43,14.43,885,2021-05-20 13:37:00,HONE
14.41,14.41,14.41,14.41,100,2021-05-20 13:38:00,HONE
14.305,14.305,14.3,14.305,2437,2021-05-20 13:39:00,HONE
14.3,14.34,14.3,14.32,1400,2021-05-20 13:40:00,HONE
14.32,14.372,14.32,14.372,990,2021-05-20 13:41:00,HONE
14.37,14.37,14.37,14.37,100,2021-05-20 13:42:00,HONE
14.28,14.28,14.28,14.28,100,2021-05-20 13:43:00,HONE
14.36,14.37,14.36,14.37,300,2021-05-20 13:45:00,HONE
14.429,14.43,14.41,14.42,900,2021-05-20 13:46:00,HONE
14.42,14.42,14.42,14.42,300,2021-05-20 13:48:00,HONE
14.42,14.42,14.42,14.42,100,2021-05-20 13:49:00,HONE
14.39,14.39,14.39,14.39,100,2021-05-20 13:50:00,HONE
14.37,14.37,14.37,14.37,100,2021-05-20 13:51:00,HONE
14.36,14.36,14.36,14.36,100,2021-05-20 13:52:00,HONE
14.37,14.38,14.34,14.34,1100,2021-05-20 13:53:00,HONE
14.34,14.34,14.34,14.34,100,2021-05-20 13:54:00,HONE
14.34,14.34,14.34,14.34,1900,2021-05-20 13:56:00,HONE
14.36,14.36,14.35,14.35,1333,2021-05-20 14:00:00,HONE
14.35,14.35,14.35,14.35,500,2021-05-20 14:01:00,HONE
14.36,14.36,14.36,14.36,200,2021-05-20 14:02:00,HONE
14.37,14.38,14.37,14.38,300,2021-05-20 14:03:00,HONE
14.38,14.39,14.38,14.39,400,2021-05-20 14:05:00,HONE
14.39,14.39,14.38,14.38,400,2021-05-20 14:06:00,HONE
14.38,14.38,14.36,14.36,700,2021-05-20 14:07:00,HONE
14.3734,14.3734,14.3734,14.3734,125,2021-05-20 14:09:00,HONE
14.39,14.39,14.38,14.38,250,2021-05-20 14:10:00,HONE
14.41,14.42,14.39,14.39,731,2021-05-20 14:11:00,HONE
14.405,14.405,14.4,14.4,600,2021-05-20 14:13:00,HONE
14.41,14.41,14.41,14.41,100,2021-05-20 14:14:00,HONE
14.41,14.41,14.4,14.41,600,2021-05-20 14:16:00,HONE
14.41,14.42,14.4,14.4,1100,2021-05-20 14:17:00,HONE
14.4,14.4,14.4,14.4,600,2021-05-20 14:18:00,HONE
14.4,14.4,14.39,14.4,300,2021-05-20 14:19:00,HONE
14.44,14.44,14.44,14.44,100,2021-05-20 14:23:00,HONE
14.47,14.47,14.47,14.47,100,2021-05-20 14:26:00,HONE
14.47,14.47,14.47,14.47,100,2021-05-20 14:28:00,HONE
14.46,14.46,14.45,14.45,1118,2021-05-20 14:29:00,HONE
14.43,14.43,14.42,14.42,900,2021-05-20 14:30:00,HONE
14.43,14.43,14.43,14.43,200,2021-05-20 14:31:00,HONE
14.46,14.46,14.46,14.46,700,2021-05-20 14:39:00,HONE
14.5,14.5,14.5,14.5,300,2021-05-20 14:42:00,HONE
14.51,14.53,14.51,14.53,204,2021-05-20 14:44:00,HONE
14.535,14.535,14.53,14.53,329,2021-05-20 14:45:00,HONE
14.52,14.52,14.51,14.51,300,2021-05-20 14:46:00,HONE
14.48,14.48,14.46,14.46,329,2021-05-20 14:53:00,HONE
14.455,14.455,14.45,14.45,400,2021-05-20 14:54:00,HONE
14.45,14.45,14.45,14.45,104,2021-05-20 14:57:00,HONE
14.445,14.445,14.445,14.445,100,2021-05-20 15:05:00,HONE
14.445,14.445,14.445,14.445,100,2021-05-20 15:08:00,HONE
14.43,14.44,14.43,14.44,400,2021-05-20 15:09:00,HONE
14.43,14.43,14.43,14.43,474,2021-05-20 15:10:00,HONE
14.43,14.44,14.43,14.44,400,2021-05-20 15:11:00,HONE
14.45,14.45,14.45,14.45,200,2021-05-20 15:13:00,HONE
14.45,14.45,14.45,14.45,100,2021-05-20 15:15:00,HONE
14.45,14.45,14.45,14.45,100,2021-05-20 15:19:00,HONE
14.45,14.46,14.45,14.45,377,2021-05-20 15:20:00,HONE
14.48,14.48,14.48,14.48,100,2021-05-20 15:23:00,HONE
14.455,14.455,14.455,14.455,100,2021-05-20 15:24:00,HONE
14.455,14.455,14.455,14.455,100,2021-05-20 15:26:00,HONE
14.46,14.46,14.46,14.46,500,2021-05-20 15:30:00,HONE
14.465,14.465,14.465,14.465,100,2021-05-20 15:31:00,HONE
14.47,14.47,14.47,14.47,100,2021-05-20 15:32:00,HONE
14.48,14.48,14.48,14.48,100,2021-05-20 15:33:00,HONE
14.49,14.49,14.48,14.49,600,2021-05-20 15:40:00,HONE
14.48,14.48,14.48,14.48,100,2021-05-20 15:43:00,HONE
14.48,14.48,14.48,14.48,100,2021-05-20 15:44:00,HONE
14.49,14.49,14.49,14.49,100,2021-05-20 15:45:00,HONE
14.49,14.49,14.49,14.49,300,2021-05-20 15:47:00,HONE
14.485,14.485,14.485,14.485,100,2021-05-20 15:48:00,HONE
14.485,14.485,14.485,14.485,100,2021-05-20 15:55:00,HONE
14.5,14.51,14.5,14.51,984,2021-05-20 15:57:00,HONE
14.52,14.52,14.52,14.52,103,2021-05-20 15:58:00,HONE
14.52,14.52,14.5,14.5,434,2021-05-20 16:00:00,HONE
14.495,14.495,14.495,14.495,100,2021-05-20 16:01:00,HONE
14.49,14.49,14.49,14.49,100,2021-05-20 16:05:00,HONE
14.5,14.5,14.5,14.5,641,2021-05-20 16:06:00,HONE
14.49,14.49,14.49,14.49,200,2021-05-20 16:07:00,HONE
14.49,14.49,14.48,14.48,500,2021-05-20 16:14:00,HONE
14.475,14.475,14.475,14.475,100,2021-05-20 16:17:00,HONE
14.46,14.46,14.45,14.45,200,2021-05-20 16:18:00,HONE
14.46,14.46,14.46,14.46,100,2021-05-20 16:21:00,HONE
14.47,14.47,14.47,14.47,200,2021-05-20 16:23:00,HONE
14.465,14.465,14.465,14.465,100,2021-05-20 16:28:00,HONE
14.465,14.465,14.465,14.465,100,2021-05-20 16:29:00,HONE
14.465,14.465,14.465,14.465,100,2021-05-20 16:30:00,HONE
14.45,14.45,14.45,14.45,400,2021-05-20 16:31:00,HONE
14.44,14.45,14.44,14.45,400,2021-05-20 16:35:00,HONE
14.44,14.44,14.44,14.44,100,2021-05-20 16:36:00,HONE
14.44,14.44,14.43,14.435,1100,2021-05-20 16:38:00,HONE
14.435,14.44,14.435,14.44,1200,2021-05-20 16:39:00,HONE
14.44,14.44,14.44,14.44,100,2021-05-20 16:40:00,HONE
14.45,14.455,14.45,14.455,600,2021-05-20 16:45:00,HONE
14.43,14.444,14.43,14.444,1600,2021-05-20 16:49:00,HONE
14.44,14.44,14.44,14.44,100,2021-05-20 16:54:00,HONE
14.43,14.43,14.43,14.43,100,2021-05-20 16:55:00,HONE
14.44,14.44,14.42,14.43,1055,2021-05-20 16:58:00,HONE
14.44,14.44,14.43,14.44,300,2021-05-20 16:59:00,HONE
14.43,14.43,14.42,14.42,300,2021-05-20 17:00:00,HONE
14.405,14.405,14.405,14.405,100,2021-05-20 17:01:00,HONE
14.4,14.4,14.4,14.4,100,2021-05-20 17:02:00,HONE
14.42,14.42,14.42,14.42,200,2021-05-20 17:05:00,HONE
14.43,14.43,14.43,14.43,200,2021-05-20 17:06:00,HONE
14.44,14.44,14.44,14.44,300,2021-05-20 17:07:00,HONE
14.43,14.43,14.42,14.42,834,2021-05-20 17:08:00,HONE
14.43,14.44,14.43,14.44,238,2021-05-20 17:12:00,HONE
14.445,14.445,14.43,14.44,9675,2021-05-20 17:13:00,HONE
14.44,14.44,14.44,14.44,100,2021-05-20 17:15:00,HONE
14.43,14.43,14.43,14.43,100,2021-05-20 17:16:00,HONE
14.44,14.44,14.44,14.44,100,2021-05-20 17:18:00,HONE
14.44,14.44,14.44,14.44,100,2021-05-20 17:19:00,HONE
14.43,14.43,14.43,14.43,100,2021-05-20 17:20:00,HONE
14.43,14.44,14.43,14.44,600,2021-05-20 17:21:00,HONE
14.43,14.43,14.43,14.43,800,2021-05-20 17:22:00,HONE
14.43,14.43,14.43,14.43,100,2021-05-20 17:25:00,HONE
14.43,14.43,14.42,14.42,400,2021-05-20 17:26:00,HONE
14.43,14.43,14.43,14.43,400,2021-05-20 17:27:00,HONE
14.44,14.45,14.44,14.45,1540,2021-05-20 17:32:00,HONE
14.45,14.45,14.45,14.45,200,2021-05-20 17:38:00,HONE
14.43,14.43,14.43,14.43,100,2021-05-20 17:41:00,HONE
14.44,14.44,14.42,14.42,839,2021-05-20 17:42:00,HONE
14.415,14.415,14.415,14.415,200,2021-05-20 17:43:00,HONE
14.42,14.425,14.42,14.425,200,2021-05-20 17:45:00,HONE
14.42,14.42,14.42,14.42,100,2021-05-20 17:46:00,HONE
14.43,14.44,14.43,14.44,400,2021-05-20 17:48:00,HONE
14.43,14.43,14.43,14.43,100,2021-05-20 17:49:00,HONE
14.44,14.44,14.44,14.44,100,2021-05-20 17:52:00,HONE
14.43,14.4325,14.42,14.4325,1900,2021-05-20 17:53:00,HONE
14.43,14.43,14.43,14.43,547,2021-05-20 17:54:00,HONE
14.43,14.44,14.43,14.44,400,2021-05-20 18:04:00,HONE
14.45,14.45,14.44,14.44,400,2021-05-20 18:05:00,HONE
14.44,14.44,14.44,14.44,200,2021-05-20 18:06:00,HONE
14.45,14.45,14.44,14.44,200,2021-05-20 18:07:00,HONE
14.45,14.45,14.45,14.45,100,2021-05-20 18:12:00,HONE
14.45,14.46,14.45,14.46,573,2021-05-20 18:13:00,HONE
14.45,14.46,14.45,14.46,200,2021-05-20 18:14:00,HONE
14.46,14.46,14.46,14.46,100,2021-05-20 18:15:00,HONE
14.45,14.45,14.45,14.45,300,2021-05-20 18:16:00,HONE
14.44,14.44,14.44,14.44,100,2021-05-20 18:20:00,HONE
14.44,14.44,14.435,14.435,200,2021-05-20 18:25:00,HONE
14.435,14.435,14.435,14.435,100,2021-05-20 18:26:00,HONE
14.43,14.44,14.43,14.44,1341,2021-05-20 18:27:00,HONE
14.45,14.45,14.45,14.45,200,2021-05-20 18:29:00,HONE
14.45,14.45,14.45,14.45,135,2021-05-20 18:31:00,HONE
14.44,14.44,14.44,14.44,100,2021-05-20 18:32:00,HONE
14.46,14.46,14.46,14.46,100,2021-05-20 18:33:00,HONE
14.45,14.45,14.44,14.44,200,2021-05-20 18:34:00,HONE
14.45,14.45,14.45,14.45,100,2021-05-20 18:35:00,HONE
14.45,14.45,14.45,14.45,100,2021-05-20 18:36:00,HONE
14.45,14.45,14.45,14.45,300,2021-05-20 18:37:00,HONE
14.45,14.45,14.45,14.45,100,2021-05-20 18:38:00,HONE
14.45,14.45,14.45,14.45,250,2021-05-20 18:40:00,HONE
14.44,14.44,14.44,14.44,400,2021-05-20 18:42:00,HONE
14.44,14.44,14.44,14.44,200,2021-05-20 18:47:00,HONE
14.435,14.435,14.435,14.435,100,2021-05-20 18:48:00,HONE
14.435,14.435,14.43,14.43,2008,2021-05-20 18:51:00,HONE
14.44,14.44,14.44,14.44,200,2021-05-20 18:52:00,HONE
14.44,14.44,14.44,14.44,100,2021-05-20 18:55:00,HONE
14.44,14.44,14.43,14.43,200,2021-05-20 18:56:00,HONE
14.43,14.43,14.43,14.43,100,2021-05-20 18:57:00,HONE
14.445,14.445,14.445,14.445,100,2021-05-20 18:59:00,HONE
14.44,14.44,14.44,14.44,100,2021-05-20 19:00:00,HONE
14.445,14.45,14.445,14.45,200,2021-05-20 19:01:00,HONE
14.45,14.455,14.45,14.45,600,2021-05-20 19:02:00,HONE
14.455,14.455,14.455,14.455,100,2021-05-20 19:03:00,HONE
14.45,14.45,14.45,14.45,400,2021-05-20 19:04:00,HONE
14.45,14.45,14.45,14.45,100,2021-05-20 19:07:00,HONE
14.46,14.495,14.46,14.49,1015,2021-05-20 19:10:00,HONE
14.5,14.5,14.5,14.5,100,2021-05-20 19:13:00,HONE
14.51,14.51,14.51,14.51,100,2021-05-20 19:16:00,HONE
14.53,14.5325,14.52,14.52,500,2021-05-20 19:19:00,HONE
14.53,14.53,14.53,14.53,100,2021-05-20 19:20:00,HONE
14.5301,14.54,14.5301,14.54,600,2021-05-20 19:22:00,HONE
14.53,14.54,14.53,14.53,900,2021-05-20 19:24:00,HONE
14.54,14.54,14.54,14.54,300,2021-05-20 19:25:00,HONE
14.55,14.55,14.55,14.55,300,2021-05-20 19:26:00,HONE
14.58,14.58,14.58,14.58,100,2021-05-20 19:27:00,HONE
14.57,14.57,14.57,14.57,100,2021-05-20 19:28:00,HONE
14.56,14.56,14.56,14.56,1814,2021-05-20 19:29:00,HONE
14.57,14.58,14.57,14.57,800,2021-05-20 19:30:00,HONE
14.565,14.565,14.565,14.565,101,2021-05-20 19:31:00,HONE
14.58,14.59,14.58,14.59,300,2021-05-20 19:32:00,HONE
14.58,14.58,14.58,14.58,100,2021-05-20 19:34:00,HONE
14.58,14.58,14.56,14.56,1300,2021-05-20 19:35:00,HONE
14.56,14.56,14.56,14.56,200,2021-05-20 19:36:00,HONE
14.555,14.56,14.54,14.54,600,2021-05-20 19:37:00,HONE
14.56,14.56,14.56,14.56,100,2021-05-20 19:38:00,HONE
14.55,14.56,14.54,14.54,3600,2021-05-20 19:39:00,HONE
14.55,14.55,14.54,14.54,200,2021-05-20 19:40:00,HONE
14.54,14.55,14.54,14.54,800,2021-05-20 19:41:00,HONE
14.545,14.545,14.54,14.54,200,2021-05-20 19:42:00,HONE
14.53,14.54,14.53,14.54,300,2021-05-20 19:43:00,HONE
14.545,14.545,14.545,14.545,200,2021-05-20 19:44:00,HONE
14.55,14.5567,14.54,14.54,394,2021-05-20 19:45:00,HONE
14.54,14.54,14.54,14.54,429,2021-05-20 19:46:00,HONE
14.555,14.555,14.55,14.55,700,2021-05-20 19:48:00,HONE
14.54,14.54,14.52,14.52,400,2021-05-20 19:49:00,HONE
14.53,14.53,14.53,14.53,100,2021-05-20 19:50:00,HONE
14.52,14.52,14.515,14.515,200,2021-05-20 19:51:00,HONE
14.52,14.52,14.5,14.5,426,2021-05-20 19:52:00,HONE
14.51,14.52,14.51,14.51,500,2021-05-20 19:53:00,HONE
14.52,14.52,14.51,14.52,1000,2021-05-20 19:54:00,HONE
14.535,14.535,14.53,14.53,800,2021-05-20 19:55:00,HONE
14.53,14.53,14.51,14.51,1250,2021-05-20 19:56:00,HONE
14.52,14.52,14.5,14.52,800,2021-05-20 19:57:00,HONE
14.53,14.53,14.52,14.53,2395,2021-05-20 19:58:00,HONE
14.525,14.55,14.52,14.55,4157,2021-05-20 19:59:00,HONE
14.56,14.56,14.56,14.56,17887,2021-05-20 20:00:00,HONE
14.69,14.69,14.57,14.57,6601,2021-05-21 13:30:00,HONE
14.7,14.7,14.7,14.7,200,2021-05-21 13:38:00,HONE
14.72,14.72,14.72,14.72,100,2021-05-21 13:41:00,HONE
14.66,14.66,14.66,14.66,100,2021-05-21 13:51:00,HONE
14.65,14.65,14.65,14.65,100,2021-05-21 13:52:00,HONE
14.75,14.775,14.75,14.775,859,2021-05-21 13:59:00,HONE
14.73,14.73,14.67,14.69,1000,2021-05-21 14:02:00,HONE
14.66,14.66,14.63,14.63,327,2021-05-21 14:06:00,HONE
14.66,14.66,14.605,14.605,300,2021-05-21 14:07:00,HONE
14.66,14.67,14.66,14.67,316,2021-05-21 14:09:00,HONE
14.67,14.67,14.61,14.61,829,2021-05-21 14:14:00,HONE
14.62,14.62,14.62,14.62,100,2021-05-21 14:15:00,HONE
14.64,14.64,14.64,14.64,100,2021-05-21 14:16:00,HONE
14.58,14.62,14.58,14.62,200,2021-05-21 14:17:00,HONE
14.62,14.62,14.62,14.62,100,2021-05-21 14:18:00,HONE
14.62,14.62,14.62,14.62,300,2021-05-21 14:24:00,HONE
14.62,14.62,14.62,14.62,100,2021-05-21 14:25:00,HONE
14.65,14.65,14.65,14.65,328,2021-05-21 14:34:00,HONE
14.63,14.64,14.63,14.64,600,2021-05-21 14:36:00,HONE
14.63,14.66,14.63,14.66,400,2021-05-21 14:37:00,HONE
14.65,14.65,14.65,14.65,300,2021-05-21 14:40:00,HONE
14.65,14.65,14.65,14.65,200,2021-05-21 14:41:00,HONE
14.67,14.73,14.67,14.7,800,2021-05-21 14:42:00,HONE
14.67,14.67,14.66,14.67,600,2021-05-21 14:43:00,HONE
14.665,14.665,14.665,14.665,100,2021-05-21 14:46:00,HONE
14.685,14.685,14.685,14.685,120,2021-05-21 14:50:00,HONE
14.69,14.69,14.69,14.69,100,2021-05-21 14:51:00,HONE
14.74,14.74,14.74,14.74,200,2021-05-21 14:53:00,HONE
14.7092,14.75,14.7092,14.735,559,2021-05-21 14:54:00,HONE
14.76,14.76,14.76,14.76,200,2021-05-21 14:55:00,HONE
14.8,14.8,14.8,14.8,100,2021-05-21 14:57:00,HONE
14.76,14.76,14.745,14.745,400,2021-05-21 14:59:00,HONE
14.77,14.77,14.77,14.77,200,2021-05-21 15:00:00,HONE
14.76,14.7699,14.745,14.7699,890,2021-05-21 15:01:00,HONE
14.77,14.77,14.72,14.72,917,2021-05-21 15:02:00,HONE
14.755,14.755,14.755,14.755,100,2021-05-21 15:04:00,HONE
14.77,14.79,14.77,14.79,3200,2021-05-21 15:05:00,HONE
14.78,14.78,14.78,14.78,100,2021-05-21 15:06:00,HONE
14.77,14.77,14.77,14.77,100,2021-05-21 15:08:00,HONE
14.78,14.78,14.78,14.78,100,2021-05-21 15:11:00,HONE
14.79,14.79,14.78,14.78,209,2021-05-21 15:12:00,HONE
14.79,14.79,14.79,14.79,100,2021-05-21 15:13:00,HONE
14.79,14.81,14.79,14.81,300,2021-05-21 15:14:00,HONE
14.79,14.79,14.79,14.79,100,2021-05-21 15:15:00,HONE
14.77,14.78,14.76,14.76,800,2021-05-21 15:17:00,HONE
14.75,14.75,14.745,14.745,300,2021-05-21 15:18:00,HONE
14.74,14.74,14.74,14.74,100,2021-05-21 15:21:00,HONE
14.74,14.74,14.74,14.74,100,2021-05-21 15:24:00,HONE
14.72,14.72,14.72,14.72,400,2021-05-21 15:29:00,HONE
14.695,14.695,14.695,14.695,100,2021-05-21 15:33:00,HONE
14.71,14.71,14.7,14.7,300,2021-05-21 15:36:00,HONE
14.71,14.72,14.7001,14.7001,4054,2021-05-21 15:37:00,HONE
14.73,14.73,14.73,14.73,200,2021-05-21 15:38:00,HONE
14.72,14.72,14.72,14.72,100,2021-05-21 15:41:00,HONE
14.72,14.73,14.72,14.73,300,2021-05-21 15:42:00,HONE
14.72,14.72,14.72,14.72,100,2021-05-21 15:44:00,HONE
14.71,14.71,14.66,14.66,2200,2021-05-21 15:46:00,HONE
14.71,14.71,14.71,14.71,100,2021-05-21 15:47:00,HONE
14.69,14.69,14.69,14.69,100,2021-05-21 15:48:00,HONE
14.69,14.69,14.69,14.69,100,2021-05-21 15:52:00,HONE
14.69,14.69,14.69,14.69,100,2021-05-21 15:53:00,HONE
14.7,14.71,14.7,14.71,200,2021-05-21 15:56:00,HONE
14.69,14.7,14.68,14.7,1900,2021-05-21 15:57:00,HONE
14.675,14.675,14.67,14.67,300,2021-05-21 15:58:00,HONE
14.67,14.67,14.67,14.67,100,2021-05-21 16:00:00,HONE
14.67,14.67,14.67,14.67,100,2021-05-21 16:02:00,HONE
14.69,14.69,14.69,14.69,100,2021-05-21 16:05:00,HONE
14.66,14.66,14.66,14.66,100,2021-05-21 16:08:00,HONE
14.64,14.64,14.64,14.64,500,2021-05-21 16:09:00,HONE
14.63,14.63,14.63,14.63,500,2021-05-21 16:10:00,HONE
14.65,14.65,14.63,14.64,300,2021-05-21 16:12:00,HONE
14.635,14.66,14.635,14.66,800,2021-05-21 16:13:00,HONE
14.65,14.65,14.65,14.65,100,2021-05-21 16:14:00,HONE
14.67,14.67,14.67,14.67,100,2021-05-21 16:18:00,HONE
14.65,14.65,14.65,14.65,400,2021-05-21 16:19:00,HONE
14.64,14.64,14.64,14.64,100,2021-05-21 16:20:00,HONE
14.635,14.635,14.635,14.635,100,2021-05-21 16:24:00,HONE
14.66,14.66,14.64,14.64,400,2021-05-21 16:28:00,HONE
14.66,14.67,14.66,14.67,573,2021-05-21 16:29:00,HONE
14.66,14.66,14.64,14.64,601,2021-05-21 16:31:00,HONE
14.67,14.67,14.67,14.67,100,2021-05-21 16:32:00,HONE
14.67,14.67,14.67,14.67,200,2021-05-21 16:33:00,HONE
14.66,14.66,14.66,14.66,600,2021-05-21 16:35:00,HONE
14.66,14.66,14.66,14.66,100,2021-05-21 16:37:00,HONE
14.65,14.65,14.64,14.64,300,2021-05-21 16:38:00,HONE
14.64,14.64,14.64,14.64,100,2021-05-21 16:40:00,HONE
14.65,14.65,14.65,14.65,100,2021-05-21 16:41:00,HONE
14.65,14.65,14.65,14.65,100,2021-05-21 16:42:00,HONE
14.63,14.63,14.63,14.63,100,2021-05-21 16:43:00,HONE
14.64,14.64,14.64,14.64,100,2021-05-21 16:44:00,HONE
14.64,14.64,14.64,14.64,200,2021-05-21 16:45:00,HONE
14.63,14.63,14.63,14.63,300,2021-05-21 16:48:00,HONE
14.64,14.64,14.64,14.64,200,2021-05-21 16:49:00,HONE
14.64,14.64,14.63,14.63,200,2021-05-21 16:52:00,HONE
14.625,14.625,14.625,14.625,100,2021-05-21 16:54:00,HONE
14.61,14.615,14.61,14.615,500,2021-05-21 16:55:00,HONE
14.6163,14.6163,14.6163,14.6163,400,2021-05-21 16:57:00,HONE
14.6,14.6,14.6,14.6,100,2021-05-21 16:58:00,HONE
14.62,14.62,14.605,14.605,200,2021-05-21 17:01:00,HONE
14.62,14.63,14.62,14.63,600,2021-05-21 17:05:00,HONE
14.64,14.65,14.63,14.65,800,2021-05-21 17:06:00,HONE
14.645,14.66,14.64,14.64,300,2021-05-21 17:07:00,HONE
14.63,14.63,14.63,14.63,200,2021-05-21 17:09:00,HONE
14.65,14.65,14.625,14.625,200,2021-05-21 17:14:00,HONE
14.65,14.65,14.65,14.65,100,2021-05-21 17:15:00,HONE
14.65,14.66,14.65,14.66,600,2021-05-21 17:17:00,HONE
14.65,14.65,14.65,14.65,100,2021-05-21 17:18:00,HONE
14.67,14.69,14.67,14.69,499,2021-05-21 17:20:00,HONE
14.7099,14.7099,14.685,14.685,300,2021-05-21 17:21:00,HONE
14.7,14.7,14.7,14.7,2000,2021-05-21 17:26:00,HONE
14.67,14.675,14.67,14.67,1300,2021-05-21 17:31:00,HONE
14.66,14.67,14.66,14.67,200,2021-05-21 17:32:00,HONE
14.68,14.68,14.675,14.675,400,2021-05-21 17:35:00,HONE
14.69,14.69,14.69,14.69,300,2021-05-21 17:42:00,HONE
14.66,14.66,14.66,14.66,100,2021-05-21 17:44:00,HONE
14.69,14.69,14.675,14.675,300,2021-05-21 17:45:00,HONE
14.675,14.675,14.675,14.675,300,2021-05-21 17:50:00,HONE
14.69,14.69,14.675,14.675,400,2021-05-21 17:52:00,HONE
14.69,14.69,14.69,14.69,300,2021-05-21 17:57:00,HONE
14.685,14.685,14.67,14.67,600,2021-05-21 18:00:00,HONE
14.7,14.7,14.7,14.7,100,2021-05-21 18:01:00,HONE
14.685,14.685,14.685,14.685,400,2021-05-21 18:04:00,HONE
14.69,14.7,14.69,14.7,200,2021-05-21 18:05:00,HONE
14.69,14.69,14.69,14.69,200,2021-05-21 18:10:00,HONE
14.695,14.71,14.695,14.71,400,2021-05-21 18:17:00,HONE
14.71,14.71,14.7,14.7,200,2021-05-21 18:18:00,HONE
14.7,14.7,14.7,14.7,100,2021-05-21 18:19:00,HONE
14.69,14.69,14.68,14.68,694,2021-05-21 18:22:00,HONE
14.68,14.68,14.68,14.68,100,2021-05-21 18:27:00,HONE
14.68,14.68,14.68,14.68,100,2021-05-21 18:28:00,HONE
14.69,14.69,14.685,14.685,200,2021-05-21 18:30:00,HONE
14.7,14.71,14.7,14.71,2803,2021-05-21 18:31:00,HONE
14.71,14.71,14.71,14.71,100,2021-05-21 18:37:00,HONE
14.7,14.7,14.7,14.7,300,2021-05-21 18:38:00,HONE
14.685,14.685,14.685,14.685,100,2021-05-21 18:40:00,HONE
14.69,14.69,14.69,14.69,100,2021-05-21 18:42:00,HONE
14.675,14.68,14.675,14.68,200,2021-05-21 18:43:00,HONE
14.68,14.68,14.67,14.68,1000,2021-05-21 18:47:00,HONE
14.68,14.68,14.68,14.68,100,2021-05-21 18:48:00,HONE
14.68,14.68,14.68,14.68,100,2021-05-21 18:49:00,HONE
14.685,14.69,14.685,14.69,600,2021-05-21 18:51:00,HONE
14.69,14.69,14.69,14.69,200,2021-05-21 18:52:00,HONE
14.69,14.69,14.69,14.69,200,2021-05-21 18:53:00,HONE
14.7,14.7,14.7,14.7,398,2021-05-21 18:57:00,HONE
14.7,14.7,14.7,14.7,100,2021-05-21 18:58:00,HONE
14.71,14.71,14.71,14.71,394,2021-05-21 19:00:00,HONE
14.7,14.7,14.7,14.7,100,2021-05-21 19:01:00,HONE
14.71,14.71,14.71,14.71,8279,2021-05-21 19:03:00,HONE
14.71,14.72,14.71,14.72,2500,2021-05-21 19:04:00,HONE
14.71,14.71,14.7,14.7,2700,2021-05-21 19:05:00,HONE
14.72,14.72,14.7,14.71,300,2021-05-21 19:06:00,HONE
14.72,14.72,14.72,14.72,200,2021-05-21 19:07:00,HONE
14.71,14.71,14.71,14.71,100,2021-05-21 19:08:00,HONE
14.71,14.71,14.71,14.71,100,2021-05-21 19:10:00,HONE
14.72,14.72,14.72,14.72,100,2021-05-21 19:11:00,HONE
14.72,14.73,14.71,14.73,1400,2021-05-21 19:12:00,HONE
14.73,14.73,14.73,14.73,100,2021-05-21 19:13:00,HONE
14.725,14.725,14.725,14.725,100,2021-05-21 19:14:00,HONE
14.73,14.73,14.73,14.73,300,2021-05-21 19:15:00,HONE
14.725,14.74,14.725,14.74,200,2021-05-21 19:16:00,HONE
14.74,14.74,14.74,14.74,300,2021-05-21 19:17:00,HONE
14.75,14.75,14.75,14.75,200,2021-05-21 19:18:00,HONE
14.75,14.75,14.75,14.75,400,2021-05-21 19:19:00,HONE
14.75,14.76,14.75,14.76,300,2021-05-21 19:21:00,HONE
14.75,14.755,14.75,14.755,300,2021-05-21 19:22:00,HONE
14.74,14.74,14.74,14.74,100,2021-05-21 19:24:00,HONE
14.74,14.74,14.74,14.74,100,2021-05-21 19:25:00,HONE
14.745,14.745,14.73,14.73,200,2021-05-21 19:26:00,HONE
14.745,14.745,14.745,14.745,100,2021-05-21 19:28:00,HONE
14.75,14.75,14.75,14.75,100,2021-05-21 19:31:00,HONE
14.745,14.745,14.745,14.745,100,2021-05-21 19:32:00,HONE
14.74,14.75,14.74,14.75,200,2021-05-21 19:33:00,HONE
14.74,14.74,14.74,14.74,900,2021-05-21 19:34:00,HONE
14.74,14.74,14.73,14.73,400,2021-05-21 19:35:00,HONE
14.75,14.75,14.75,14.75,300,2021-05-21 19:36:00,HONE
14.755,14.755,14.755,14.755,100,2021-05-21 19:38:00,HONE
14.755,14.755,14.755,14.755,200,2021-05-21 19:40:00,HONE
14.75,14.75,14.75,14.75,100,2021-05-21 19:41:00,HONE
14.75,14.76,14.75,14.76,200,2021-05-21 19:42:00,HONE
14.755,14.755,14.755,14.755,100,2021-05-21 19:43:00,HONE
14.75,14.75,14.73,14.735,700,2021-05-21 19:44:00,HONE
14.73,14.74,14.72,14.74,300,2021-05-21 19:45:00,HONE
14.74,14.74,14.74,14.74,200,2021-05-21 19:46:00,HONE
14.73,14.73,14.73,14.73,100,2021-05-21 19:47:00,HONE
14.73,14.73,14.73,14.73,100,2021-05-21 19:48:00,HONE
14.74,14.75,14.74,14.75,200,2021-05-21 19:50:00,HONE
14.75,14.75,14.75,14.75,400,2021-05-21 19:51:00,HONE
14.755,14.76,14.755,14.76,400,2021-05-21 19:52:00,HONE
14.765,14.765,14.765,14.765,100,2021-05-21 19:53:00,HONE
14.765,14.765,14.76,14.76,800,2021-05-21 19:54:00,HONE
14.75,14.75,14.75,14.75,400,2021-05-21 19:55:00,HONE
14.74,14.74,14.74,14.74,519,2021-05-21 19:56:00,HONE
14.73,14.7382,14.73,14.73,1428,2021-05-21 19:57:00,HONE
14.72,14.72,14.71,14.72,400,2021-05-21 19:58:00,HONE
14.72,14.74,14.69,14.69,7073,2021-05-21 19:59:00,HONE
14.73,14.73,14.73,14.73,16374,2021-05-21 20:00:00,HONE
14.59,14.75,14.59,14.75,2279,2021-05-24 13:30:00,HONE
14.64,14.64,14.5,14.57,400,2021-05-24 13:37:00,HONE
14.565,14.565,14.565,14.565,750,2021-05-24 13:39:00,HONE
14.5008,14.5008,14.5008,14.5008,1475,2021-05-24 13:41:00,HONE
14.6,14.6,14.57,14.58,9700,2021-05-24 13:43:00,HONE
14.6199,14.6199,14.6199,14.6199,100,2021-05-24 13:45:00,HONE
14.62,14.63,14.62,14.63,332,2021-05-24 13:48:00,HONE
14.65,14.65,14.65,14.65,200,2021-05-24 13:50:00,HONE
14.65,14.65,14.65,14.65,100,2021-05-24 13:51:00,HONE
14.66,14.66,14.66,14.66,200,2021-05-24 13:53:00,HONE
14.65,14.65,14.61,14.61,200,2021-05-24 13:54:00,HONE
14.6101,14.6101,14.6101,14.6101,205,2021-05-24 13:55:00,HONE
14.63,14.63,14.63,14.63,400,2021-05-24 14:04:00,HONE
14.55,14.57,14.55,14.55,300,2021-05-24 14:07:00,HONE
14.54,14.54,14.5,14.5,500,2021-05-24 14:11:00,HONE
14.5,14.52,14.48,14.48,500,2021-05-24 14:15:00,HONE
14.495,14.51,14.495,14.495,300,2021-05-24 14:19:00,HONE
14.52,14.52,14.52,14.52,400,2021-05-24 14:21:00,HONE
14.51,14.54,14.51,14.515,2943,2021-05-24 14:22:00,HONE
14.515,14.52,14.5,14.5,900,2021-05-24 14:23:00,HONE
14.515,14.515,14.4933,14.4933,1346,2021-05-24 14:26:00,HONE
14.49,14.49,14.49,14.49,400,2021-05-24 14:27:00,HONE
14.475,14.475,14.475,14.475,100,2021-05-24 14:28:00,HONE
14.5,14.5,14.5,14.5,171,2021-05-24 14:29:00,HONE
14.49,14.49,14.49,14.49,100,2021-05-24 14:30:00,HONE
14.49,14.49,14.48,14.48,400,2021-05-24 14:32:00,HONE
14.5,14.51,14.49,14.51,962,2021-05-24 14:33:00,HONE
14.52,14.52,14.5,14.5,861,2021-05-24 14:35:00,HONE
14.5,14.5,14.5,14.5,100,2021-05-24 14:36:00,HONE
14.51,14.51,14.51,14.51,100,2021-05-24 14:37:00,HONE
14.54,14.54,14.54,14.54,300,2021-05-24 14:39:00,HONE
14.545,14.545,14.545,14.545,100,2021-05-24 14:40:00,HONE
14.545,14.545,14.545,14.545,1623,2021-05-24 14:42:00,HONE
14.54,14.54,14.54,14.54,100,2021-05-24 14:43:00,HONE
14.54,14.54,14.54,14.54,100,2021-05-24 14:44:00,HONE
14.54,14.54,14.54,14.54,1000,2021-05-24 14:46:00,HONE
14.55,14.55,14.55,14.55,300,2021-05-24 14:49:00,HONE
14.56,14.56,14.55,14.55,200,2021-05-24 14:51:00,HONE
14.55,14.555,14.55,14.555,300,2021-05-24 14:52:00,HONE
14.56,14.56,14.555,14.56,300,2021-05-24 14:53:00,HONE
14.55,14.56,14.55,14.56,200,2021-05-24 14:54:00,HONE
14.55,14.55,14.54,14.54,3400,2021-05-24 14:55:00,HONE
14.52,14.52,14.52,14.52,700,2021-05-24 14:56:00,HONE
14.51,14.51,14.49,14.49,500,2021-05-24 14:57:00,HONE
14.5,14.5,14.485,14.485,300,2021-05-24 14:58:00,HONE
14.49,14.49,14.49,14.49,200,2021-05-24 15:00:00,HONE
14.5,14.5,14.5,14.5,211,2021-05-24 15:01:00,HONE
14.48,14.48,14.48,14.48,100,2021-05-24 15:04:00,HONE
14.485,14.485,14.485,14.485,100,2021-05-24 15:05:00,HONE
14.485,14.485,14.47,14.48,800,2021-05-24 15:07:00,HONE
14.48,14.48,14.48,14.48,200,2021-05-24 15:08:00,HONE
14.47,14.47,14.44,14.465,800,2021-05-24 15:10:00,HONE
14.465,14.465,14.465,14.465,100,2021-05-24 15:13:00,HONE
14.47,14.47,14.47,14.47,600,2021-05-24 15:16:00,HONE
14.47,14.49,14.455,14.49,900,2021-05-24 15:17:00,HONE
14.48,14.5,14.48,14.5,368,2021-05-24 15:18:00,HONE
14.52,14.52,14.52,14.52,100,2021-05-24 15:21:00,HONE
14.525,14.525,14.52,14.52,200,2021-05-24 15:22:00,HONE
14.54,14.54,14.54,14.54,100,2021-05-24 15:24:00,HONE
14.53,14.53,14.53,14.53,100,2021-05-24 15:26:00,HONE
14.55,14.55,14.55,14.55,100,2021-05-24 15:27:00,HONE
14.54,14.54,14.54,14.54,100,2021-05-24 15:28:00,HONE
14.54,14.54,14.54,14.54,100,2021-05-24 15:30:00,HONE
14.54,14.54,14.54,14.54,300,2021-05-24 15:31:00,HONE
14.53,14.53,14.53,14.53,100,2021-05-24 15:33:00,HONE
14.53,14.53,14.53,14.53,400,2021-05-24 15:34:00,HONE
14.525,14.525,14.525,14.525,800,2021-05-24 15:36:00,HONE
14.525,14.525,14.51,14.51,200,2021-05-24 15:37:00,HONE
14.51,14.51,14.51,14.51,100,2021-05-24 15:44:00,HONE
14.51,14.51,14.51,14.51,100,2021-05-24 15:46:00,HONE
14.5,14.5,14.48,14.48,500,2021-05-24 15:50:00,HONE
14.4852,14.4852,14.485,14.485,250,2021-05-24 15:53:00,HONE
14.47,14.47,14.47,14.47,100,2021-05-24 15:54:00,HONE
14.48,14.49,14.48,14.49,300,2021-05-24 15:56:00,HONE
14.48,14.48,14.48,14.48,100,2021-05-24 15:58:00,HONE
14.48,14.48,14.48,14.48,100,2021-05-24 15:59:00,HONE
14.47,14.48,14.47,14.47,1261,2021-05-24 16:01:00,HONE
14.47,14.47,14.47,14.47,119,2021-05-24 16:02:00,HONE
14.47,14.47,14.47,14.47,100,2021-05-24 16:06:00,HONE
14.46,14.46,14.46,14.46,100,2021-05-24 16:07:00,HONE
14.47,14.47,14.47,14.47,300,2021-05-24 16:11:00,HONE
14.47,14.47,14.47,14.47,100,2021-05-24 16:14:00,HONE
14.47,14.47,14.47,14.47,200,2021-05-24 16:15:00,HONE
14.46,14.46,14.46,14.46,476,2021-05-24 16:17:00,HONE
14.46,14.46,14.46,14.46,100,2021-05-24 16:18:00,HONE
14.46,14.46,14.46,14.46,100,2021-05-24 16:22:00,HONE
14.46,14.46,14.46,14.46,100,2021-05-24 16:23:00,HONE
14.45,14.455,14.44,14.44,1000,2021-05-24 16:26:00,HONE
14.45,14.45,14.44,14.44,400,2021-05-24 16:27:00,HONE
14.44,14.44,14.44,14.44,100,2021-05-24 16:29:00,HONE
14.44,14.45,14.44,14.45,300,2021-05-24 16:31:00,HONE
14.45,14.47,14.45,14.47,558,2021-05-24 16:34:00,HONE
14.46,14.47,14.46,14.47,321,2021-05-24 16:35:00,HONE
14.47,14.47,14.47,14.47,100,2021-05-24 16:36:00,HONE
14.47,14.47,14.47,14.47,100,2021-05-24 16:37:00,HONE
14.4627,14.4627,14.4627,14.4627,100,2021-05-24 16:38:00,HONE
14.47,14.47,14.47,14.47,100,2021-05-24 16:39:00,HONE
14.48,14.48,14.48,14.48,100,2021-05-24 16:40:00,HONE
14.47,14.47,14.47,14.47,100,2021-05-24 16:43:00,HONE
14.48,14.48,14.48,14.48,100,2021-05-24 16:46:00,HONE
14.47,14.47,14.47,14.47,100,2021-05-24 16:47:00,HONE
14.47,14.47,14.47,14.47,100,2021-05-24 16:48:00,HONE
14.48,14.48,14.48,14.48,100,2021-05-24 16:49:00,HONE
14.47,14.47,14.47,14.47,100,2021-05-24 16:50:00,HONE
14.47,14.47,14.46,14.46,600,2021-05-24 16:51:00,HONE
14.45,14.45,14.445,14.445,400,2021-05-24 16:54:00,HONE
14.45,14.46,14.45,14.46,310,2021-05-24 16:55:00,HONE
14.46,14.46,14.46,14.46,100,2021-05-24 16:56:00,HONE
14.46,14.46,14.46,14.46,100,2021-05-24 16:57:00,HONE
14.47,14.47,14.46,14.46,200,2021-05-24 16:58:00,HONE
14.462,14.465,14.4601,14.4601,1000,2021-05-24 16:59:00,HONE
14.465,14.485,14.465,14.485,200,2021-05-24 17:03:00,HONE
14.5,14.5,14.485,14.485,200,2021-05-24 17:04:00,HONE
14.485,14.485,14.485,14.485,100,2021-05-24 17:05:00,HONE
14.49,14.49,14.49,14.49,200,2021-05-24 17:06:00,HONE
14.48,14.48,14.46,14.46,700,2021-05-24 17:09:00,HONE
14.48,14.48,14.48,14.48,100,2021-05-24 17:12:00,HONE
14.47,14.47,14.47,14.47,500,2021-05-24 17:14:00,HONE
14.47,14.475,14.47,14.475,200,2021-05-24 17:16:00,HONE
14.47,14.47,14.47,14.47,200,2021-05-24 17:17:00,HONE
14.47,14.47,14.47,14.47,100,2021-05-24 17:22:00,HONE
14.47,14.47,14.47,14.47,300,2021-05-24 17:23:00,HONE
14.47,14.47,14.47,14.47,100,2021-05-24 17:26:00,HONE
14.48,14.48,14.47,14.47,200,2021-05-24 17:27:00,HONE
14.47,14.47,14.47,14.47,100,2021-05-24 17:31:00,HONE
14.47,14.47,14.47,14.47,200,2021-05-24 17:32:00,HONE
14.475,14.475,14.475,14.475,100,2021-05-24 17:36:00,HONE
14.47,14.47,14.47,14.47,200,2021-05-24 17:37:00,HONE
14.48,14.48,14.48,14.48,162,2021-05-24 17:38:00,HONE
14.475,14.475,14.47,14.47,428,2021-05-24 17:39:00,HONE
14.48,14.48,14.47,14.47,400,2021-05-24 17:40:00,HONE
14.47,14.47,14.47,14.47,100,2021-05-24 17:47:00,HONE
14.47,14.47,14.47,14.47,200,2021-05-24 17:48:00,HONE
14.47,14.47,14.46,14.47,700,2021-05-24 17:51:00,HONE
14.47,14.47,14.47,14.47,100,2021-05-24 17:52:00,HONE
14.4792,14.4792,14.47,14.47,963,2021-05-24 17:53:00,HONE
14.48,14.5,14.48,14.5,1021,2021-05-24 17:54:00,HONE
14.515,14.515,14.515,14.515,600,2021-05-24 17:55:00,HONE
14.515,14.515,14.515,14.515,200,2021-05-24 17:56:00,HONE
14.52,14.52,14.52,14.52,100,2021-05-24 17:57:00,HONE
14.52,14.52,14.52,14.52,200,2021-05-24 17:58:00,HONE
14.52,14.52,14.52,14.52,300,2021-05-24 17:59:00,HONE
14.53,14.53,14.53,14.53,208,2021-05-24 18:00:00,HONE
14.53,14.53,14.53,14.53,1100,2021-05-24 18:01:00,HONE
14.53,14.53,14.53,14.53,351,2021-05-24 18:03:00,HONE
14.54,14.54,14.54,14.54,400,2021-05-24 18:05:00,HONE
14.54,14.54,14.54,14.54,200,2021-05-24 18:06:00,HONE
14.54,14.54,14.54,14.54,100,2021-05-24 18:07:00,HONE
14.52,14.52,14.51,14.51,200,2021-05-24 18:13:00,HONE
14.52,14.52,14.52,14.52,700,2021-05-24 18:14:00,HONE
14.52,14.52,14.52,14.52,100,2021-05-24 18:16:00,HONE
14.51,14.53,14.51,14.52,500,2021-05-24 18:25:00,HONE
14.51,14.51,14.51,14.51,100,2021-05-24 18:29:00,HONE
14.53,14.53,14.53,14.53,200,2021-05-24 18:30:00,HONE
14.51,14.52,14.5,14.52,1100,2021-05-24 18:31:00,HONE
14.505,14.505,14.505,14.505,100,2021-05-24 18:33:00,HONE
14.52,14.52,14.52,14.52,300,2021-05-24 18:35:00,HONE
14.51,14.51,14.51,14.51,100,2021-05-24 18:39:00,HONE
14.52,14.52,14.52,14.52,100,2021-05-24 18:40:00,HONE
14.52,14.52,14.52,14.52,100,2021-05-24 18:41:00,HONE
14.52,14.52,14.51,14.52,800,2021-05-24 18:43:00,HONE
14.52,14.52,14.52,14.52,100,2021-05-24 18:44:00,HONE
14.52,14.53,14.51,14.53,600,2021-05-24 18:45:00,HONE
14.52,14.52,14.52,14.52,100,2021-05-24 18:47:00,HONE
14.52,14.52,14.52,14.52,100,2021-05-24 18:49:00,HONE
14.53,14.53,14.53,14.53,300,2021-05-24 18:50:00,HONE
14.52,14.52,14.52,14.52,100,2021-05-24 18:52:00,HONE
14.51,14.52,14.51,14.52,300,2021-05-24 18:53:00,HONE
14.53,14.53,14.51,14.52,1900,2021-05-24 18:55:00,HONE
14.52,14.52,14.52,14.52,200,2021-05-24 18:59:00,HONE
14.52,14.52,14.52,14.52,200,2021-05-24 19:00:00,HONE
14.51,14.52,14.51,14.52,2300,2021-05-24 19:01:00,HONE
14.52,14.54,14.52,14.54,1930,2021-05-24 19:02:00,HONE
14.535,14.54,14.52,14.52,1000,2021-05-24 19:03:00,HONE
14.525,14.525,14.525,14.525,300,2021-05-24 19:04:00,HONE
14.53,14.54,14.53,14.53,900,2021-05-24 19:05:00,HONE
14.54,14.55,14.54,14.55,914,2021-05-24 19:07:00,HONE
14.545,14.57,14.545,14.56,4766,2021-05-24 19:08:00,HONE
14.56,14.56,14.56,14.56,200,2021-05-24 19:10:00,HONE
14.56,14.58,14.56,14.58,500,2021-05-24 19:11:00,HONE
14.58,14.58,14.58,14.58,500,2021-05-24 19:12:00,HONE
14.58,14.58,14.58,14.58,100,2021-05-24 19:13:00,HONE
14.57,14.58,14.57,14.58,1050,2021-05-24 19:14:00,HONE
14.575,14.595,14.575,14.595,1013,2021-05-24 19:15:00,HONE
14.595,14.6,14.59,14.6,800,2021-05-24 19:16:00,HONE
14.6,14.61,14.6,14.6,2900,2021-05-24 19:17:00,HONE
14.6,14.61,14.6,14.605,3104,2021-05-24 19:18:00,HONE
14.605,14.605,14.58,14.595,3500,2021-05-24 19:19:00,HONE
14.585,14.585,14.585,14.585,700,2021-05-24 19:20:00,HONE
14.585,14.59,14.585,14.585,4477,2021-05-24 19:21:00,HONE
14.585,14.585,14.58,14.5801,1900,2021-05-24 19:22:00,HONE
14.58,14.585,14.58,14.585,300,2021-05-24 19:23:00,HONE
14.585,14.585,14.585,14.585,200,2021-05-24 19:24:00,HONE
14.59,14.59,14.585,14.585,200,2021-05-24 19:25:00,HONE
14.585,14.585,14.58,14.58,400,2021-05-24 19:26:00,HONE
14.585,14.59,14.58,14.585,700,2021-05-24 19:27:00,HONE
14.59,14.59,14.585,14.59,400,2021-05-24 19:28:00,HONE
14.58,14.58,14.58,14.58,911,2021-05-24 19:29:00,HONE
14.57,14.575,14.57,14.575,2300,2021-05-24 19:30:00,HONE
14.575,14.575,14.575,14.575,200,2021-05-24 19:31:00,HONE
14.57,14.57,14.57,14.57,384,2021-05-24 19:32:00,HONE
14.57,14.57,14.56,14.56,1622,2021-05-24 19:33:00,HONE
14.56,14.56,14.55,14.56,400,2021-05-24 19:34:00,HONE
14.555,14.585,14.555,14.585,1364,2021-05-24 19:35:00,HONE
14.59,14.59,14.58,14.58,1400,2021-05-24 19:36:00,HONE
14.58,14.58,14.58,14.58,300,2021-05-24 19:38:00,HONE
14.58,14.59,14.58,14.58,800,2021-05-24 19:39:00,HONE
14.585,14.585,14.58,14.585,400,2021-05-24 19:40:00,HONE
14.59,14.59,14.59,14.59,1126,2021-05-24 19:41:00,HONE
14.59,14.59,14.58,14.58,200,2021-05-24 19:42:00,HONE
14.585,14.585,14.585,14.585,100,2021-05-24 19:43:00,HONE
14.585,14.585,14.585,14.585,300,2021-05-24 19:44:00,HONE
14.59,14.6,14.58,14.6,1300,2021-05-24 19:45:00,HONE
14.59,14.595,14.585,14.595,4090,2021-05-24 19:46:00,HONE
14.595,14.595,14.595,14.595,100,2021-05-24 19:47:00,HONE
14.6,14.6,14.59,14.6,700,2021-05-24 19:48:00,HONE
14.6,14.6,14.6,14.6,200,2021-05-24 19:49:00,HONE
14.595,14.595,14.56,14.57,2514,2021-05-24 19:50:00,HONE
14.57,14.57,14.57,14.57,600,2021-05-24 19:51:00,HONE
14.57,14.57,14.56,14.56,1501,2021-05-24 19:52:00,HONE
14.55,14.565,14.55,14.565,957,2021-05-24 19:53:00,HONE
14.57,14.58,14.56,14.58,1630,2021-05-24 19:54:00,HONE
14.57,14.575,14.565,14.565,1301,2021-05-24 19:55:00,HONE
14.56,14.57,14.56,14.56,1417,2021-05-24 19:56:00,HONE
14.565,14.565,14.54,14.545,2717,2021-05-24 19:57:00,HONE
14.545,14.55,14.54,14.55,1200,2021-05-24 19:58:00,HONE
14.54,14.55,14.53,14.55,4910,2021-05-24 19:59:00,HONE
14.55,14.55,14.55,14.55,16064,2021-05-24 20:00:00,HONE
14.64,14.64,14.64,14.64,1942,2021-05-25 13:30:00,HONE
14.55,14.62,14.55,14.62,300,2021-05-25 13:32:00,HONE
14.58,14.58,14.58,14.58,100,2021-05-25 13:35:00,HONE
14.7,14.7,14.7,14.7,100,2021-05-25 13:38:00,HONE
14.53,14.74,14.53,14.74,485,2021-05-25 13:39:00,HONE
14.655,14.655,14.655,14.655,100,2021-05-25 13:40:00,HONE
14.63,14.63,14.63,14.63,100,2021-05-25 13:43:00,HONE
14.635,14.635,14.635,14.635,116,2021-05-25 13:48:00,HONE
14.63,14.63,14.59,14.61,1401,2021-05-25 13:53:00,HONE
14.58,14.61,14.58,14.61,200,2021-05-25 13:54:00,HONE
14.61,14.68,14.61,14.68,600,2021-05-25 13:55:00,HONE
14.645,14.645,14.6,14.6,622,2021-05-25 13:56:00,HONE
14.59,14.59,14.59,14.59,100,2021-05-25 14:03:00,HONE
14.59,14.59,14.59,14.59,300,2021-05-25 14:07:00,HONE
14.59,14.59,14.59,14.59,100,2021-05-25 14:08:00,HONE
14.585,14.585,14.585,14.585,200,2021-05-25 14:11:00,HONE
14.585,14.585,14.585,14.585,200,2021-05-25 14:12:00,HONE
14.61,14.61,14.61,14.61,100,2021-05-25 14:13:00,HONE
14.61,14.61,14.61,14.61,316,2021-05-25 14:15:00,HONE
14.63,14.66,14.63,14.66,329,2021-05-25 14:16:00,HONE
14.66,14.66,14.66,14.66,308,2021-05-25 14:17:00,HONE
14.66,14.68,14.63,14.63,595,2021-05-25 14:18:00,HONE
14.645,14.67,14.645,14.67,271,2021-05-25 14:24:00,HONE
14.655,14.66,14.655,14.66,200,2021-05-25 14:25:00,HONE
14.68,14.68,14.68,14.68,100,2021-05-25 14:26:00,HONE
14.65,14.65,14.65,14.65,100,2021-05-25 14:27:00,HONE
14.67,14.67,14.67,14.67,100,2021-05-25 14:29:00,HONE
14.66,14.66,14.63,14.66,300,2021-05-25 14:30:00,HONE
14.63,14.64,14.63,14.64,300,2021-05-25 14:32:00,HONE
14.64,14.64,14.64,14.64,200,2021-05-25 14:33:00,HONE
14.64,14.64,14.62,14.63,407,2021-05-25 14:34:00,HONE
14.61,14.61,14.6,14.6,1100,2021-05-25 14:35:00,HONE
14.62,14.62,14.62,14.62,300,2021-05-25 14:36:00,HONE
14.64,14.64,14.63,14.63,200,2021-05-25 14:37:00,HONE
14.62,14.62,14.62,14.62,200,2021-05-25 14:40:00,HONE
14.64,14.64,14.63,14.63,200,2021-05-25 14:41:00,HONE
14.63,14.63,14.63,14.63,100,2021-05-25 14:42:00,HONE
14.63,14.63,14.62,14.62,500,2021-05-25 14:43:00,HONE
14.63,14.63,14.63,14.63,201,2021-05-25 14:44:00,HONE
14.63,14.63,14.63,14.63,100,2021-05-25 14:45:00,HONE
14.62,14.62,14.62,14.62,200,2021-05-25 14:46:00,HONE
14.64,14.64,14.64,14.64,100,2021-05-25 14:47:00,HONE
14.66,14.66,14.66,14.66,200,2021-05-25 14:49:00,HONE
14.66,14.66,14.66,14.66,100,2021-05-25 14:53:00,HONE
14.64,14.64,14.64,14.64,100,2021-05-25 14:54:00,HONE
14.64,14.65,14.63,14.63,1300,2021-05-25 14:55:00,HONE
14.63,14.64,14.62,14.64,2124,2021-05-25 14:58:00,HONE
14.62,14.62,14.62,14.62,200,2021-05-25 14:59:00,HONE
14.625,14.625,14.61,14.61,1239,2021-05-25 15:00:00,HONE
14.61,14.61,14.61,14.61,300,2021-05-25 15:01:00,HONE
14.61,14.61,14.6,14.6,5183,2021-05-25 15:03:00,HONE
14.57,14.57,14.57,14.57,100,2021-05-25 15:04:00,HONE
14.57,14.5718,14.57,14.5718,407,2021-05-25 15:05:00,HONE
14.56,14.56,14.56,14.56,800,2021-05-25 15:06:00,HONE
14.57,14.57,14.565,14.565,300,2021-05-25 15:08:00,HONE
14.575,14.575,14.575,14.575,100,2021-05-25 15:15:00,HONE
14.57,14.57,14.56,14.56,2500,2021-05-25 15:16:00,HONE
14.56,14.56,14.56,14.56,100,2021-05-25 15:17:00,HONE
14.56,14.57,14.56,14.57,1400,2021-05-25 15:22:00,HONE
14.54,14.555,14.54,14.555,300,2021-05-25 15:24:00,HONE
14.55,14.55,14.55,14.55,100,2021-05-25 15:25:00,HONE
14.54,14.54,14.53,14.535,1700,2021-05-25 15:27:00,HONE
14.53,14.53,14.53,14.53,100,2021-05-25 15:28:00,HONE
14.53,14.53,14.53,14.53,100,2021-05-25 15:31:00,HONE
14.53,14.53,14.53,14.53,100,2021-05-25 15:32:00,HONE
14.52,14.52,14.52,14.52,762,2021-05-25 15:33:00,HONE
14.4839,14.51,14.4839,14.51,599,2021-05-25 15:34:00,HONE
14.52,14.52,14.52,14.52,1062,2021-05-25 15:36:00,HONE
14.54,14.54,14.54,14.54,100,2021-05-25 15:37:00,HONE
14.54,14.54,14.53,14.53,200,2021-05-25 15:38:00,HONE
14.53,14.53,14.53,14.53,860,2021-05-25 15:43:00,HONE
14.54,14.545,14.54,14.54,1599,2021-05-25 15:44:00,HONE
14.55,14.55,14.55,14.55,300,2021-05-25 15:45:00,HONE
14.56,14.56,14.56,14.56,100,2021-05-25 15:48:00,HONE
14.53,14.56,14.53,14.56,200,2021-05-25 15:51:00,HONE
14.53,14.53,14.53,14.53,100,2021-05-25 15:53:00,HONE
14.55,14.55,14.55,14.55,200,2021-05-25 15:54:00,HONE
14.545,14.545,14.545,14.545,400,2021-05-25 15:55:00,HONE
14.56,14.61,14.56,14.58,3023,2021-05-25 15:57:00,HONE
14.57,14.58,14.56,14.58,2423,2021-05-25 15:58:00,HONE
14.58,14.58,14.58,14.58,670,2021-05-25 16:00:00,HONE
14.58,14.58,14.56,14.56,1499,2021-05-25 16:03:00,HONE
14.57,14.58,14.57,14.58,500,2021-05-25 16:09:00,HONE
14.57,14.57,14.57,14.57,300,2021-05-25 16:10:00,HONE
14.57,14.57,14.55,14.55,1064,2021-05-25 16:11:00,HONE
14.56,14.56,14.56,14.56,100,2021-05-25 16:16:00,HONE
14.55,14.55,14.55,14.55,100,2021-05-25 16:17:00,HONE
14.56,14.56,14.555,14.555,200,2021-05-25 16:18:00,HONE
14.56,14.56,14.56,14.56,188,2021-05-25 16:19:00,HONE
14.57,14.57,14.57,14.57,200,2021-05-25 16:20:00,HONE
14.57,14.58,14.57,14.58,400,2021-05-25 16:21:00,HONE
14.58,14.58,14.57,14.57,1185,2021-05-25 16:23:00,HONE
14.56,14.56,14.56,14.56,100,2021-05-25 16:25:00,HONE
14.555,14.555,14.555,14.555,100,2021-05-25 16:26:00,HONE
14.55,14.56,14.55,14.56,200,2021-05-25 16:28:00,HONE
14.55,14.55,14.55,14.55,500,2021-05-25 16:31:00,HONE
14.545,14.545,14.545,14.545,100,2021-05-25 16:34:00,HONE
14.54,14.545,14.54,14.545,200,2021-05-25 16:35:00,HONE
14.545,14.55,14.545,14.55,204,2021-05-25 16:37:00,HONE
14.545,14.545,14.545,14.545,408,2021-05-25 16:38:00,HONE
14.545,14.545,14.545,14.545,104,2021-05-25 16:39:00,HONE
14.54,14.54,14.53,14.53,1000,2021-05-25 16:40:00,HONE
14.535,14.535,14.535,14.535,999,2021-05-25 16:41:00,HONE
14.54,14.55,14.54,14.55,1504,2021-05-25 16:42:00,HONE
14.555,14.555,14.55,14.555,500,2021-05-25 16:43:00,HONE
14.555,14.555,14.55,14.555,3363,2021-05-25 16:44:00,HONE
14.56,14.56,14.56,14.56,100,2021-05-25 16:46:00,HONE
14.56,14.56,14.56,14.56,100,2021-05-25 16:47:00,HONE
14.56,14.56,14.56,14.56,100,2021-05-25 16:48:00,HONE
14.56,14.56,14.555,14.555,200,2021-05-25 16:49:00,HONE
14.56,14.56,14.56,14.56,200,2021-05-25 16:50:00,HONE
14.56,14.57,14.56,14.57,500,2021-05-25 16:51:00,HONE
14.57,14.57,14.56,14.56,300,2021-05-25 16:52:00,HONE
14.57,14.57,14.56,14.56,852,2021-05-25 16:53:00,HONE
14.58,14.58,14.56,14.58,600,2021-05-25 16:54:00,HONE
14.56,14.56,14.55,14.55,2500,2021-05-25 16:55:00,HONE
14.54,14.54,14.54,14.54,100,2021-05-25 16:56:00,HONE
14.56,14.56,14.56,14.56,413,2021-05-25 16:59:00,HONE
14.57,14.58,14.57,14.58,200,2021-05-25 17:00:00,HONE
14.56,14.56,14.56,14.56,1800,2021-05-25 17:02:00,HONE
14.55,14.55,14.55,14.55,100,2021-05-25 17:03:00,HONE
14.54,14.54,14.54,14.54,100,2021-05-25 17:05:00,HONE
14.54,14.55,14.54,14.55,500,2021-05-25 17:06:00,HONE
14.54,14.542,14.54,14.542,405,2021-05-25 17:08:00,HONE
14.56,14.56,14.56,14.56,241,2021-05-25 17:09:00,HONE
14.56,14.56,14.56,14.56,789,2021-05-25 17:14:00,HONE
14.57,14.57,14.56,14.56,2200,2021-05-25 17:15:00,HONE
14.56,14.56,14.56,14.56,500,2021-05-25 17:16:00,HONE
14.55,14.55,14.55,14.55,100,2021-05-25 17:18:00,HONE
14.55,14.5525,14.55,14.5525,600,2021-05-25 17:25:00,HONE
14.55,14.55,14.545,14.545,1353,2021-05-25 17:26:00,HONE
14.55,14.55,14.55,14.55,1109,2021-05-25 17:28:00,HONE
14.5533,14.555,14.5533,14.555,699,2021-05-25 17:29:00,HONE
14.55,14.55,14.55,14.55,100,2021-05-25 17:30:00,HONE
14.555,14.555,14.555,14.555,100,2021-05-25 17:32:00,HONE
14.56,14.56,14.56,14.56,100,2021-05-25 17:33:00,HONE
14.56,14.56,14.56,14.56,100,2021-05-25 17:34:00,HONE
14.55,14.55,14.53,14.53,1350,2021-05-25 17:35:00,HONE
14.525,14.525,14.525,14.525,100,2021-05-25 17:36:00,HONE
14.525,14.53,14.525,14.53,1002,2021-05-25 17:38:00,HONE
14.53,14.53,14.53,14.53,700,2021-05-25 17:41:00,HONE
14.5321,14.5321,14.5321,14.5321,199,2021-05-25 17:43:00,HONE
14.53,14.53,14.53,14.53,325,2021-05-25 17:47:00,HONE
14.53,14.53,14.53,14.53,100,2021-05-25 17:52:00,HONE
14.525,14.525,14.52,14.52,900,2021-05-25 17:54:00,HONE
14.5,14.5,14.5,14.5,125,2021-05-25 17:56:00,HONE
14.51,14.52,14.505,14.52,1253,2021-05-25 17:58:00,HONE
14.52,14.52,14.52,14.52,100,2021-05-25 17:59:00,HONE
14.51,14.51,14.51,14.51,100,2021-05-25 18:01:00,HONE
14.5,14.5,14.47,14.47,1927,2021-05-25 18:02:00,HONE
14.46,14.46,14.46,14.46,200,2021-05-25 18:03:00,HONE
14.48,14.48,14.47,14.47,630,2021-05-25 18:04:00,HONE
14.47,14.47,14.47,14.47,500,2021-05-25 18:07:00,HONE
14.465,14.465,14.465,14.465,6900,2021-05-25 18:09:00,HONE
14.465,14.465,14.46,14.465,1800,2021-05-25 18:10:00,HONE
14.465,14.465,14.465,14.465,230,2021-05-25 18:11:00,HONE
14.46,14.465,14.46,14.465,300,2021-05-25 18:12:00,HONE
14.47,14.47,14.465,14.465,200,2021-05-25 18:13:00,HONE
14.47,14.47,14.47,14.47,100,2021-05-25 18:15:00,HONE
14.465,14.47,14.465,14.465,1000,2021-05-25 18:16:00,HONE
14.47,14.47,14.47,14.47,2192,2021-05-25 18:17:00,HONE
14.47,14.47,14.44,14.445,1371,2021-05-25 18:19:00,HONE
14.43,14.43,14.43,14.43,100,2021-05-25 18:20:00,HONE
14.44,14.445,14.44,14.445,715,2021-05-25 18:21:00,HONE
14.45,14.45,14.45,14.45,400,2021-05-25 18:23:00,HONE
14.455,14.455,14.455,14.455,100,2021-05-25 18:24:00,HONE
14.45,14.45,14.45,14.45,1100,2021-05-25 18:25:00,HONE
14.45,14.45,14.45,14.45,100,2021-05-25 18:29:00,HONE
14.45,14.45,14.45,14.45,200,2021-05-25 18:31:00,HONE
14.45,14.45,14.45,14.45,100,2021-05-25 18:32:00,HONE
14.44,14.44,14.44,14.44,200,2021-05-25 18:35:00,HONE
14.445,14.45,14.44,14.45,4424,2021-05-25 18:36:00,HONE
14.455,14.455,14.455,14.455,100,2021-05-25 18:38:00,HONE
14.455,14.455,14.45,14.455,5118,2021-05-25 18:39:00,HONE
14.46,14.46,14.46,14.46,2500,2021-05-25 18:40:00,HONE
14.465,14.465,14.46,14.465,1456,2021-05-25 18:41:00,HONE
14.465,14.47,14.46,14.46,8384,2021-05-25 18:42:00,HONE
14.46,14.465,14.445,14.445,4228,2021-05-25 18:43:00,HONE
14.44,14.44,14.44,14.44,100,2021-05-25 18:44:00,HONE
14.445,14.445,14.445,14.445,100,2021-05-25 18:46:00,HONE
14.44,14.45,14.44,14.445,1310,2021-05-25 18:48:00,HONE
14.45,14.45,14.44,14.44,500,2021-05-25 18:49:00,HONE
14.45,14.45,14.44,14.45,811,2021-05-25 18:50:00,HONE
14.45,14.45,14.44,14.44,4805,2021-05-25 18:51:00,HONE
14.43,14.43,14.425,14.425,1208,2021-05-25 18:52:00,HONE
14.425,14.425,14.42,14.42,300,2021-05-25 18:55:00,HONE
14.425,14.425,14.425,14.425,100,2021-05-25 18:56:00,HONE
14.42,14.425,14.42,14.425,200,2021-05-25 18:58:00,HONE
14.42,14.42,14.3975,14.41,5078,2021-05-25 18:59:00,HONE
14.405,14.41,14.405,14.41,500,2021-05-25 19:00:00,HONE
14.42,14.425,14.42,14.42,2230,2021-05-25 19:01:00,HONE
14.425,14.425,14.395,14.4,7296,2021-05-25 19:02:00,HONE
14.405,14.405,14.37,14.37,5439,2021-05-25 19:04:00,HONE
14.38,14.395,14.38,14.395,1634,2021-05-25 19:05:00,HONE
14.4,14.41,14.4,14.41,997,2021-05-25 19:06:00,HONE
14.415,14.415,14.415,14.415,300,2021-05-25 19:07:00,HONE
14.415,14.415,14.415,14.415,500,2021-05-25 19:08:00,HONE
14.41,14.41,14.41,14.41,406,2021-05-25 19:09:00,HONE
14.415,14.42,14.415,14.4175,1505,2021-05-25 19:10:00,HONE
14.43,14.44,14.425,14.44,1450,2021-05-25 19:11:00,HONE
14.44,14.46,14.43,14.45,2200,2021-05-25 19:12:00,HONE
14.45,14.45,14.44,14.45,930,2021-05-25 19:13:00,HONE
14.46,14.46,14.43,14.45,900,2021-05-25 19:14:00,HONE
14.44,14.46,14.44,14.46,798,2021-05-25 19:15:00,HONE
14.44,14.46,14.44,14.45,400,2021-05-25 19:16:00,HONE
14.45,14.46,14.44,14.45,800,2021-05-25 19:17:00,HONE
14.45,14.46,14.45,14.455,600,2021-05-25 19:18:00,HONE
14.46,14.5,14.46,14.495,900,2021-05-25 19:19:00,HONE
14.495,14.51,14.495,14.51,542,2021-05-25 19:20:00,HONE
14.49,14.49,14.48,14.48,2200,2021-05-25 19:21:00,HONE
14.48,14.48,14.48,14.48,600,2021-05-25 19:22:00,HONE
14.48,14.48,14.48,14.48,368,2021-05-25 19:23:00,HONE
14.48,14.48,14.47,14.47,544,2021-05-25 19:24:00,HONE
14.475,14.475,14.475,14.475,100,2021-05-25 19:25:00,HONE
14.47,14.47,14.45,14.455,1642,2021-05-25 19:26:00,HONE
14.46,14.46,14.45,14.45,1445,2021-05-25 19:27:00,HONE
14.435,14.44,14.425,14.44,4188,2021-05-25 19:30:00,HONE
14.44,14.45,14.44,14.44,300,2021-05-25 19:31:00,HONE
14.44,14.44,14.44,14.44,100,2021-05-25 19:32:00,HONE
14.44,14.44,14.43,14.43,1744,2021-05-25 19:33:00,HONE
14.44,14.44,14.43,14.44,500,2021-05-25 19:34:00,HONE
14.435,14.44,14.43,14.43,2433,2021-05-25 19:35:00,HONE
14.44,14.45,14.435,14.44,2127,2021-05-25 19:36:00,HONE
14.445,14.445,14.43,14.43,1655,2021-05-25 19:37:00,HONE
14.43,14.435,14.43,14.435,2532,2021-05-25 19:38:00,HONE
14.43,14.435,14.43,14.435,404,2021-05-25 19:39:00,HONE
14.43,14.43,14.41,14.415,700,2021-05-25 19:40:00,HONE
14.42,14.42,14.41,14.41,540,2021-05-25 19:41:00,HONE
14.41,14.41,14.41,14.41,300,2021-05-25 19:42:00,HONE
14.42,14.42,14.41,14.41,200,2021-05-25 19:43:00,HONE
14.42,14.42,14.42,14.42,3071,2021-05-25 19:44:00,HONE
14.42,14.42,14.42,14.42,200,2021-05-25 19:45:00,HONE
14.41,14.44,14.41,14.44,8808,2021-05-25 19:46:00,HONE
14.44,14.44,14.415,14.42,9967,2021-05-25 19:47:00,HONE
14.42,14.42,14.42,14.42,200,2021-05-25 19:48:00,HONE
14.42,14.42,14.42,14.42,600,2021-05-25 19:49:00,HONE
14.41,14.41,14.34,14.36,3163,2021-05-25 19:50:00,HONE
14.35,14.3535,14.35,14.35,1140,2021-05-25 19:51:00,HONE
14.35,14.35,14.345,14.35,1369,2021-05-25 19:52:00,HONE
14.35,14.35,14.35,14.35,403,2021-05-25 19:53:00,HONE
14.35,14.355,14.34,14.35,2200,2021-05-25 19:54:00,HONE
14.34,14.355,14.34,14.35,3340,2021-05-25 19:55:00,HONE
14.34,14.34,14.34,14.34,629,2021-05-25 19:56:00,HONE
14.35,14.36,14.34,14.345,4745,2021-05-25 19:57:00,HONE
14.35,14.36,14.35,14.36,2653,2021-05-25 19:58:00,HONE
14.36,14.37,14.33,14.335,17282,2021-05-25 19:59:00,HONE
14.33,14.33,14.33,14.33,38969,2021-05-25 20:00:00,HONE
14.25,14.25,14.25,14.25,500,2021-05-25 23:58:00,HONE
14.33,14.33,14.33,14.33,3722,2021-05-26 13:30:00,HONE
14.455,14.455,14.37,14.37,900,2021-05-26 13:31:00,HONE
14.37,14.37,14.37,14.37,100,2021-05-26 13:32:00,HONE
14.39,14.39,14.39,14.39,100,2021-05-26 13:34:00,HONE
14.39,14.39,14.35,14.35,768,2021-05-26 13:37:00,HONE
14.4,14.4,14.39,14.39,1360,2021-05-26 13:38:00,HONE
14.46,14.46,14.43,14.43,200,2021-05-26 13:40:00,HONE
14.43,14.43,14.37,14.37,1509,2021-05-26 13:41:00,HONE
14.4,14.4,14.4,14.4,100,2021-05-26 13:46:00,HONE
14.4,14.4,14.36,14.36,1453,2021-05-26 13:48:00,HONE
14.385,14.385,14.385,14.385,100,2021-05-26 13:49:00,HONE
14.41,14.415,14.4,14.415,1100,2021-05-26 13:50:00,HONE
14.42,14.43,14.42,14.42,1901,2021-05-26 13:51:00,HONE
14.415,14.44,14.415,14.44,1000,2021-05-26 13:52:00,HONE
14.47,14.47,14.47,14.47,100,2021-05-26 13:53:00,HONE
14.475,14.475,14.45,14.45,200,2021-05-26 13:57:00,HONE
14.44,14.47,14.44,14.47,837,2021-05-26 14:02:00,HONE
14.45,14.48,14.45,14.475,1538,2021-05-26 14:05:00,HONE
14.45,14.45,14.45,14.45,100,2021-05-26 14:08:00,HONE
14.49,14.49,14.48,14.49,1334,2021-05-26 14:10:00,HONE
14.47,14.47,14.47,14.47,100,2021-05-26 14:11:00,HONE
14.485,14.485,14.485,14.485,100,2021-05-26 14:12:00,HONE
14.45,14.45,14.45,14.45,100,2021-05-26 14:14:00,HONE
14.46,14.46,14.45,14.45,200,2021-05-26 14:22:00,HONE
14.45,14.45,14.45,14.45,2062,2021-05-26 14:23:00,HONE
14.48,14.48,14.47,14.47,200,2021-05-26 14:26:00,HONE
14.45,14.45,14.43,14.43,705,2021-05-26 14:29:00,HONE
14.43,14.43,14.42,14.43,1191,2021-05-26 14:31:00,HONE
14.44,14.44,14.44,14.44,100,2021-05-26 14:32:00,HONE
14.44,14.44,14.4301,14.4301,450,2021-05-26 14:39:00,HONE
14.46,14.46,14.45,14.45,400,2021-05-26 14:40:00,HONE
14.46,14.46,14.46,14.46,100,2021-05-26 14:41:00,HONE
14.44,14.44,14.43,14.43,1736,2021-05-26 14:42:00,HONE
14.46,14.46,14.46,14.46,200,2021-05-26 14:43:00,HONE
14.46,14.46,14.46,14.46,100,2021-05-26 14:47:00,HONE
14.46,14.46,14.46,14.46,300,2021-05-26 14:49:00,HONE
14.46,14.47,14.46,14.46,1316,2021-05-26 14:50:00,HONE
14.45,14.47,14.45,14.47,1035,2021-05-26 14:56:00,HONE
14.46,14.46,14.46,14.46,413,2021-05-26 14:57:00,HONE
14.47,14.47,14.47,14.47,100,2021-05-26 15:05:00,HONE
14.47,14.48,14.47,14.48,200,2021-05-26 15:06:00,HONE
14.47,14.47,14.47,14.47,700,2021-05-26 15:10:00,HONE
14.46,14.46,14.46,14.46,100,2021-05-26 15:12:00,HONE
14.46,14.46,14.46,14.46,208,2021-05-26 15:15:00,HONE
14.46,14.46,14.455,14.46,600,2021-05-26 15:16:00,HONE
14.46,14.46,14.46,14.46,169,2021-05-26 15:17:00,HONE
14.47,14.48,14.47,14.48,700,2021-05-26 15:19:00,HONE
14.49,14.49,14.49,14.49,100,2021-05-26 15:22:00,HONE
14.49,14.49,14.4895,14.4895,499,2021-05-26 15:23:00,HONE
14.49,14.49,14.49,14.49,100,2021-05-26 15:24:00,HONE
14.49,14.49,14.49,14.49,100,2021-05-26 15:27:00,HONE
14.49,14.49,14.49,14.49,200,2021-05-26 15:28:00,HONE
14.505,14.505,14.505,14.505,200,2021-05-26 15:30:00,HONE
14.515,14.515,14.515,14.515,100,2021-05-26 15:35:00,HONE
14.5,14.515,14.5,14.515,500,2021-05-26 15:37:00,HONE
14.515,14.515,14.515,14.515,100,2021-05-26 15:38:00,HONE
14.53,14.53,14.515,14.515,319,2021-05-26 15:39:00,HONE
14.5,14.5,14.48,14.48,907,2021-05-26 15:41:00,HONE
14.49,14.5,14.49,14.5,714,2021-05-26 15:45:00,HONE
14.52,14.52,14.52,14.52,342,2021-05-26 15:50:00,HONE
14.53,14.53,14.52,14.52,1692,2021-05-26 15:51:00,HONE
14.51,14.51,14.51,14.51,200,2021-05-26 15:54:00,HONE
14.505,14.505,14.505,14.505,100,2021-05-26 15:55:00,HONE
14.505,14.505,14.505,14.505,349,2021-05-26 15:56:00,HONE
14.52,14.52,14.52,14.52,300,2021-05-26 16:01:00,HONE
14.52,14.525,14.52,14.52,500,2021-05-26 16:02:00,HONE
14.53,14.54,14.53,14.54,200,2021-05-26 16:03:00,HONE
14.535,14.535,14.52,14.52,915,2021-05-26 16:04:00,HONE
14.515,14.515,14.515,14.515,317,2021-05-26 16:05:00,HONE
14.52,14.525,14.52,14.525,700,2021-05-26 16:07:00,HONE
14.54,14.54,14.54,14.54,999,2021-05-26 16:09:00,HONE
14.525,14.525,14.525,14.525,100,2021-05-26 16:10:00,HONE
14.525,14.525,14.525,14.525,287,2021-05-26 16:11:00,HONE
14.54,14.54,14.54,14.54,100,2021-05-26 16:14:00,HONE
14.525,14.525,14.525,14.525,275,2021-05-26 16:16:00,HONE
14.535,14.54,14.53,14.535,1123,2021-05-26 16:18:00,HONE
14.53,14.53,14.53,14.53,100,2021-05-26 16:20:00,HONE
14.53,14.53,14.53,14.53,310,2021-05-26 16:21:00,HONE
14.54,14.54,14.535,14.535,1048,2021-05-26 16:22:00,HONE
14.54,14.56,14.54,14.56,10543,2021-05-26 16:23:00,HONE
14.57,14.57,14.57,14.57,200,2021-05-26 16:26:00,HONE
14.57,14.57,14.57,14.57,310,2021-05-26 16:27:00,HONE
14.59,14.6,14.59,14.6,200,2021-05-26 16:29:00,HONE
14.6,14.6,14.59,14.6,300,2021-05-26 16:30:00,HONE
14.58,14.6,14.58,14.6,1011,2021-05-26 16:31:00,HONE
14.59,14.59,14.59,14.59,1468,2021-05-26 16:32:00,HONE
14.595,14.595,14.595,14.595,296,2021-05-26 16:33:00,HONE
14.595,14.595,14.595,14.595,100,2021-05-26 16:34:00,HONE
14.6,14.6,14.6,14.6,100,2021-05-26 16:36:00,HONE
14.59,14.59,14.59,14.59,100,2021-05-26 16:37:00,HONE
14.6,14.6,14.6,14.6,300,2021-05-26 16:39:00,HONE
14.59,14.59,14.57,14.57,2888,2021-05-26 16:40:00,HONE
14.56,14.56,14.55,14.55,1152,2021-05-26 16:43:00,HONE
14.565,14.565,14.565,14.565,240,2021-05-26 16:44:00,HONE
14.565,14.565,14.565,14.565,270,2021-05-26 16:49:00,HONE
14.55,14.55,14.55,14.55,300,2021-05-26 16:53:00,HONE
14.555,14.555,14.555,14.555,299,2021-05-26 16:55:00,HONE
14.55,14.55,14.55,14.55,100,2021-05-26 16:59:00,HONE
14.56,14.56,14.56,14.56,604,2021-05-26 17:00:00,HONE
14.565,14.565,14.565,14.565,272,2021-05-26 17:01:00,HONE
14.55,14.55,14.55,14.55,100,2021-05-26 17:04:00,HONE
14.56,14.56,14.56,14.56,100,2021-05-26 17:07:00,HONE
14.55,14.55,14.54,14.54,208,2021-05-26 17:08:00,HONE
14.55,14.55,14.55,14.55,100,2021-05-26 17:09:00,HONE
14.56,14.565,14.56,14.565,322,2021-05-26 17:10:00,HONE
14.57,14.57,14.57,14.57,100,2021-05-26 17:12:00,HONE
14.57,14.57,14.57,14.57,100,2021-05-26 17:14:00,HONE
14.58,14.58,14.58,14.58,300,2021-05-26 17:19:00,HONE
14.59,14.59,14.59,14.59,100,2021-05-26 17:20:00,HONE
14.585,14.585,14.585,14.585,252,2021-05-26 17:23:00,HONE
14.6,14.6,14.6,14.6,100,2021-05-26 17:25:00,HONE
14.585,14.585,14.585,14.585,100,2021-05-26 17:27:00,HONE
14.57,14.59,14.57,14.59,300,2021-05-26 17:29:00,HONE
14.585,14.585,14.585,14.585,321,2021-05-26 17:36:00,HONE
14.5904,14.6,14.5904,14.6,1473,2021-05-26 17:38:00,HONE
14.58,14.59,14.57,14.57,1962,2021-05-26 17:42:00,HONE
14.57,14.57,14.57,14.57,324,2021-05-26 17:43:00,HONE
14.58,14.59,14.58,14.59,500,2021-05-26 17:45:00,HONE
14.585,14.585,14.585,14.585,266,2021-05-26 17:50:00,HONE
14.585,14.585,14.585,14.585,100,2021-05-26 17:55:00,HONE
14.59,14.59,14.59,14.59,200,2021-05-26 17:56:00,HONE
14.59,14.59,14.59,14.59,374,2021-05-26 17:58:00,HONE
14.58,14.58,14.58,14.58,500,2021-05-26 18:00:00,HONE
14.57,14.57,14.57,14.57,544,2021-05-26 18:04:00,HONE
14.57,14.57,14.57,14.57,100,2021-05-26 18:05:00,HONE
14.57,14.57,14.57,14.57,315,2021-05-26 18:06:00,HONE
14.56,14.56,14.56,14.56,204,2021-05-26 18:08:00,HONE
14.55,14.55,14.55,14.55,200,2021-05-26 18:12:00,HONE
14.56,14.56,14.555,14.555,800,2021-05-26 18:14:00,HONE
14.56,14.56,14.56,14.56,100,2021-05-26 18:23:00,HONE
14.57,14.57,14.56,14.56,200,2021-05-26 18:24:00,HONE
14.57,14.57,14.57,14.57,200,2021-05-26 18:26:00,HONE
14.59,14.6,14.59,14.6,200,2021-05-26 18:29:00,HONE
14.59,14.59,14.59,14.59,100,2021-05-26 18:30:00,HONE
14.595,14.595,14.595,14.595,100,2021-05-26 18:32:00,HONE
14.6,14.6,14.6,14.6,100,2021-05-26 18:34:00,HONE
14.59,14.6,14.58,14.58,6137,2021-05-26 18:36:00,HONE
14.595,14.6,14.59,14.6,800,2021-05-26 18:38:00,HONE
14.6,14.6,14.6,14.6,100,2021-05-26 18:41:00,HONE
14.59,14.6,14.59,14.6,200,2021-05-26 18:44:00,HONE
14.6,14.6,14.6,14.6,100,2021-05-26 18:45:00,HONE
14.595,14.6,14.595,14.6,300,2021-05-26 18:46:00,HONE
14.6,14.62,14.6,14.61,1372,2021-05-26 18:47:00,HONE
14.61,14.62,14.61,14.62,400,2021-05-26 18:48:00,HONE
14.62,14.62,14.62,14.62,100,2021-05-26 18:49:00,HONE
14.62,14.62,14.62,14.62,369,2021-05-26 18:51:00,HONE
14.61,14.61,14.605,14.605,1100,2021-05-26 18:53:00,HONE
14.61,14.61,14.61,14.61,391,2021-05-26 18:54:00,HONE
14.61,14.61,14.61,14.61,200,2021-05-26 18:56:00,HONE
14.61,14.61,14.61,14.61,100,2021-05-26 18:58:00,HONE
14.6,14.61,14.6,14.61,501,2021-05-26 18:59:00,HONE
14.605,14.605,14.605,14.605,392,2021-05-26 19:00:00,HONE
14.6,14.6,14.6,14.6,100,2021-05-26 19:01:00,HONE
14.6,14.605,14.6,14.605,400,2021-05-26 19:02:00,HONE
14.61,14.62,14.61,14.62,1085,2021-05-26 19:06:00,HONE
14.615,14.615,14.615,14.615,241,2021-05-26 19:07:00,HONE
14.61,14.61,14.61,14.61,300,2021-05-26 19:08:00,HONE
14.6,14.6,14.6,14.6,100,2021-05-26 19:09:00,HONE
14.6,14.6,14.595,14.595,367,2021-05-26 19:10:00,HONE
14.595,14.605,14.595,14.605,515,2021-05-26 19:11:00,HONE
14.61,14.615,14.61,14.615,1815,2021-05-26 19:12:00,HONE
14.62,14.62,14.58,14.58,1589,2021-05-26 19:15:00,HONE
14.59,14.6,14.59,14.6,940,2021-05-26 19:16:00,HONE
14.6,14.6,14.6,14.6,454,2021-05-26 19:17:00,HONE
14.6,14.6,14.6,14.6,204,2021-05-26 19:18:00,HONE
14.59,14.59,14.59,14.59,100,2021-05-26 19:19:00,HONE
14.595,14.595,14.595,14.595,500,2021-05-26 19:20:00,HONE
14.59,14.59,14.585,14.585,1291,2021-05-26 19:22:00,HONE
14.58,14.58,14.56,14.565,1300,2021-05-26 19:24:00,HONE
14.57,14.57,14.57,14.57,100,2021-05-26 19:26:00,HONE
14.57,14.58,14.57,14.57,1295,2021-05-26 19:27:00,HONE
14.575,14.575,14.575,14.575,415,2021-05-26 19:28:00,HONE
14.58,14.58,14.58,14.58,100,2021-05-26 19:29:00,HONE
14.58,14.58,14.57,14.57,615,2021-05-26 19:34:00,HONE
14.58,14.58,14.58,14.58,200,2021-05-26 19:35:00,HONE
14.585,14.59,14.58,14.585,885,2021-05-26 19:36:00,HONE
14.58,14.58,14.58,14.58,100,2021-05-26 19:37:00,HONE
14.58,14.58,14.58,14.58,100,2021-05-26 19:38:00,HONE
14.59,14.59,14.59,14.59,100,2021-05-26 19:40:00,HONE
14.59,14.59,14.59,14.59,900,2021-05-26 19:42:00,HONE
14.59,14.59,14.59,14.59,100,2021-05-26 19:43:00,HONE
14.59,14.59,14.57,14.57,2234,2021-05-26 19:44:00,HONE
14.58,14.59,14.58,14.58,600,2021-05-26 19:45:00,HONE
14.59,14.59,14.58,14.58,667,2021-05-26 19:46:00,HONE
14.59,14.59,14.58,14.59,2000,2021-05-26 19:47:00,HONE
14.585,14.585,14.585,14.585,499,2021-05-26 19:48:00,HONE
14.58,14.58,14.58,14.58,200,2021-05-26 19:49:00,HONE
14.59,14.61,14.59,14.61,1730,2021-05-26 19:50:00,HONE
14.605,14.605,14.59,14.6,2999,2021-05-26 19:51:00,HONE
14.59,14.59,14.59,14.59,100,2021-05-26 19:52:00,HONE
14.59,14.59,14.59,14.59,300,2021-05-26 19:53:00,HONE
14.59,14.6,14.59,14.6,1024,2021-05-26 19:54:00,HONE
14.595,14.6,14.595,14.595,605,2021-05-26 19:55:00,HONE
14.59,14.6,14.59,14.595,1512,2021-05-26 19:56:00,HONE
14.595,14.6,14.59,14.6,2451,2021-05-26 19:57:00,HONE
14.61,14.62,14.61,14.62,1871,2021-05-26 19:58:00,HONE
14.61,14.62,14.61,14.62,3040,2021-05-26 19:59:00,HONE
14.61,14.61,14.61,14.61,19125,2021-05-26 20:00:00,HONE
14.69,14.69,14.665,14.69,13698,2021-05-27 13:30:00,HONE
14.75,14.8,14.75,14.8,1340,2021-05-27 13:31:00,HONE
14.8158,14.8158,14.8158,14.8158,679,2021-05-27 13:32:00,HONE
14.9,14.9,14.9,14.9,100,2021-05-27 13:34:00,HONE
14.84,14.86,14.84,14.86,300,2021-05-27 13:35:00,HONE
14.86,14.86,14.86,14.86,1250,2021-05-27 13:36:00,HONE
14.89,14.89,14.89,14.89,100,2021-05-27 13:37:00,HONE
14.9,14.9,14.9,14.9,200,2021-05-27 13:38:00,HONE
14.9,14.9,14.9,14.9,400,2021-05-27 13:40:00,HONE
14.9,14.9,14.9,14.9,900,2021-05-27 13:41:00,HONE
14.885,14.885,14.885,14.885,1200,2021-05-27 13:42:00,HONE
14.88,14.88,14.88,14.88,1555,2021-05-27 13:43:00,HONE
14.9,14.9,14.9,14.9,1779,2021-05-27 13:44:00,HONE
14.9,14.9,14.9,14.9,1100,2021-05-27 13:45:00,HONE
14.9,14.9,14.9,14.9,500,2021-05-27 13:46:00,HONE
14.9,14.92,14.89,14.92,4933,2021-05-27 13:47:00,HONE
14.925,14.95,14.925,14.95,399,2021-05-27 13:48:00,HONE
14.94,14.94,14.94,14.94,200,2021-05-27 13:49:00,HONE
14.94,14.98,14.93,14.93,1800,2021-05-27 13:50:00,HONE
14.93,14.93,14.93,14.93,1300,2021-05-27 13:51:00,HONE
14.94,14.94,14.93,14.94,1193,2021-05-27 13:53:00,HONE
14.95,14.95,14.95,14.95,1143,2021-05-27 13:54:00,HONE
14.95,14.95,14.93,14.93,2569,2021-05-27 13:55:00,HONE
14.93,14.93,14.93,14.93,200,2021-05-27 13:56:00,HONE
14.91,14.92,14.905,14.905,1350,2021-05-27 14:00:00,HONE
14.91,14.91,14.91,14.91,200,2021-05-27 14:05:00,HONE
14.9,14.9,14.89,14.89,1700,2021-05-27 14:09:00,HONE
14.875,14.875,14.875,14.875,100,2021-05-27 14:12:00,HONE
14.85,14.85,14.85,14.85,200,2021-05-27 14:16:00,HONE
14.85,14.87,14.85,14.87,3300,2021-05-27 14:24:00,HONE
14.885,14.885,14.885,14.885,3000,2021-05-27 14:25:00,HONE
14.88,14.8809,14.87,14.87,900,2021-05-27 14:29:00,HONE
14.89,14.89,14.87,14.87,1999,2021-05-27 14:30:00,HONE
14.8815,14.8815,14.8815,14.8815,325,2021-05-27 14:31:00,HONE
14.8747,14.8747,14.8747,14.8747,100,2021-05-27 14:33:00,HONE
14.89,14.9,14.89,14.89,500,2021-05-27 14:35:00,HONE
14.9,14.9,14.9,14.9,100,2021-05-27 14:37:00,HONE
14.89,14.9,14.88,14.88,1700,2021-05-27 14:38:00,HONE
14.9,14.91,14.9,14.91,893,2021-05-27 14:40:00,HONE
14.91,14.91,14.9,14.9,200,2021-05-27 14:41:00,HONE
14.91,14.91,14.91,14.91,100,2021-05-27 14:46:00,HONE
14.91,14.91,14.91,14.91,700,2021-05-27 14:47:00,HONE
14.931,14.94,14.931,14.94,400,2021-05-27 14:48:00,HONE
14.93,14.94,14.93,14.94,800,2021-05-27 14:49:00,HONE
14.93,14.93,14.93,14.93,1109,2021-05-27 14:50:00,HONE
14.92,14.92,14.92,14.92,100,2021-05-27 14:53:00,HONE
14.9472,14.9472,14.9472,14.9472,289,2021-05-27 14:55:00,HONE
14.95,14.95,14.94,14.94,1614,2021-05-27 14:56:00,HONE
14.92,14.92,14.92,14.92,100,2021-05-27 15:01:00,HONE
14.92,14.92,14.91,14.91,1000,2021-05-27 15:02:00,HONE
14.91,14.91,14.9,14.9,698,2021-05-27 15:06:00,HONE
14.91,14.91,14.91,14.91,341,2021-05-27 15:08:00,HONE
14.91,14.91,14.91,14.91,600,2021-05-27 15:09:00,HONE
14.89,14.89,14.88,14.88,967,2021-05-27 15:20:00,HONE
14.86,14.86,14.86,14.86,700,2021-05-27 15:21:00,HONE
14.86,14.86,14.86,14.86,300,2021-05-27 15:23:00,HONE
14.84,14.84,14.84,14.84,100,2021-05-27 15:25:00,HONE
14.85,14.86,14.85,14.86,200,2021-05-27 15:26:00,HONE
14.84,14.84,14.84,14.84,699,2021-05-27 15:28:00,HONE
14.83,14.83,14.83,14.83,300,2021-05-27 15:30:00,HONE
14.84,14.84,14.84,14.84,200,2021-05-27 15:32:00,HONE
14.85,14.85,14.85,14.85,500,2021-05-27 15:34:00,HONE
14.83,14.83,14.83,14.83,700,2021-05-27 15:38:00,HONE
14.82,14.82,14.82,14.82,100,2021-05-27 15:41:00,HONE
14.83,14.83,14.83,14.83,100,2021-05-27 15:45:00,HONE
14.81,14.8383,14.81,14.8383,1209,2021-05-27 15:48:00,HONE
14.825,14.84,14.825,14.835,1100,2021-05-27 15:51:00,HONE
14.84,14.84,14.84,14.84,300,2021-05-27 15:57:00,HONE
14.85,14.85,14.85,14.85,200,2021-05-27 15:59:00,HONE
14.85,14.85,14.85,14.85,100,2021-05-27 16:01:00,HONE
14.85,14.85,14.85,14.85,100,2021-05-27 16:03:00,HONE
14.84,14.84,14.84,14.84,100,2021-05-27 16:08:00,HONE
14.86,14.86,14.84,14.84,900,2021-05-27 16:13:00,HONE
14.83,14.83,14.83,14.83,100,2021-05-27 16:15:00,HONE
14.86,14.86,14.86,14.86,100,2021-05-27 16:23:00,HONE
14.84,14.84,14.84,14.84,500,2021-05-27 16:29:00,HONE
14.82,14.82,14.82,14.82,100,2021-05-27 16:38:00,HONE
14.83,14.83,14.8287,14.8287,200,2021-05-27 16:39:00,HONE
14.83,14.83,14.83,14.83,201,2021-05-27 16:40:00,HONE
14.83,14.83,14.83,14.83,100,2021-05-27 16:41:00,HONE
14.84,14.84,14.84,14.84,100,2021-05-27 16:43:00,HONE
14.84,14.84,14.84,14.84,300,2021-05-27 16:45:00,HONE
14.84,14.84,14.84,14.84,100,2021-05-27 16:50:00,HONE
14.82,14.82,14.82,14.82,400,2021-05-27 16:52:00,HONE
14.79,14.79,14.78,14.78,736,2021-05-27 17:00:00,HONE
14.77,14.78,14.77,14.77,1499,2021-05-27 17:03:00,HONE
14.77,14.77,14.77,14.77,200,2021-05-27 17:04:00,HONE
14.79,14.79,14.79,14.79,400,2021-05-27 17:05:00,HONE
14.8,14.815,14.8,14.815,400,2021-05-27 17:06:00,HONE
14.81,14.81,14.81,14.81,100,2021-05-27 17:07:00,HONE
14.81,14.81,14.81,14.81,800,2021-05-27 17:09:00,HONE
14.81,14.81,14.81,14.81,500,2021-05-27 17:15:00,HONE
14.82,14.82,14.81,14.81,280,2021-05-27 17:17:00,HONE
14.815,14.815,14.81,14.81,964,2021-05-27 17:18:00,HONE
14.82,14.82,14.82,14.82,100,2021-05-27 17:20:00,HONE
14.83,14.84,14.83,14.84,1299,2021-05-27 17:22:00,HONE
14.86,14.86,14.86,14.86,100,2021-05-27 17:23:00,HONE
14.845,14.845,14.83,14.83,500,2021-05-27 17:24:00,HONE
14.845,14.845,14.845,14.845,100,2021-05-27 17:25:00,HONE
14.87,14.87,14.87,14.87,100,2021-05-27 17:28:00,HONE
14.87,14.87,14.87,14.87,100,2021-05-27 17:29:00,HONE
14.87,14.87,14.87,14.87,200,2021-05-27 17:30:00,HONE
14.87,14.87,14.87,14.87,100,2021-05-27 17:31:00,HONE
14.87,14.87,14.87,14.87,100,2021-05-27 17:32:00,HONE
14.87,14.87,14.87,14.87,100,2021-05-27 17:34:00,HONE
14.855,14.855,14.855,14.855,600,2021-05-27 17:35:00,HONE
14.855,14.855,14.855,14.855,100,2021-05-27 17:36:00,HONE
14.86,14.86,14.86,14.86,100,2021-05-27 17:37:00,HONE
14.855,14.855,14.8,14.85,10346,2021-05-27 17:39:00,HONE
14.82,14.82,14.82,14.82,200,2021-05-27 17:40:00,HONE
14.83,14.83,14.82,14.82,500,2021-05-27 17:43:00,HONE
14.83,14.83,14.83,14.83,100,2021-05-27 17:46:00,HONE
14.83,14.84,14.83,14.84,301,2021-05-27 17:47:00,HONE
14.85,14.85,14.85,14.85,100,2021-05-27 17:49:00,HONE
14.86,14.86,14.86,14.86,100,2021-05-27 17:50:00,HONE
14.85,14.85,14.85,14.85,100,2021-05-27 17:51:00,HONE
14.87,14.87,14.87,14.87,100,2021-05-27 17:52:00,HONE
14.87,14.87,14.87,14.87,100,2021-05-27 17:53:00,HONE
14.87,14.87,14.87,14.87,170,2021-05-27 17:54:00,HONE
14.87,14.87,14.87,14.87,200,2021-05-27 17:55:00,HONE
14.88,14.88,14.88,14.88,100,2021-05-27 17:56:00,HONE
14.87,14.885,14.87,14.885,1356,2021-05-27 17:57:00,HONE
14.9,14.9,14.9,14.9,300,2021-05-27 17:58:00,HONE
14.89,14.9,14.89,14.9,300,2021-05-27 17:59:00,HONE
14.9,14.9,14.885,14.885,220,2021-05-27 18:00:00,HONE
14.885,14.885,14.885,14.885,171,2021-05-27 18:01:00,HONE
14.89,14.89,14.89,14.89,170,2021-05-27 18:02:00,HONE
14.9,14.9,14.9,14.9,500,2021-05-27 18:03:00,HONE
14.89,14.89,14.89,14.89,100,2021-05-27 18:04:00,HONE
14.89,14.9,14.89,14.89,424,2021-05-27 18:05:00,HONE
14.89,14.89,14.88,14.88,1300,2021-05-27 18:07:00,HONE
14.885,14.885,14.87,14.87,314,2021-05-27 18:10:00,HONE
14.87,14.87,14.87,14.87,100,2021-05-27 18:11:00,HONE
14.87,14.87,14.87,14.87,100,2021-05-27 18:13:00,HONE
14.86,14.86,14.86,14.86,400,2021-05-27 18:15:00,HONE
14.88,14.88,14.88,14.88,100,2021-05-27 18:17:00,HONE
14.89,14.89,14.89,14.89,100,2021-05-27 18:18:00,HONE
14.89,14.89,14.89,14.89,100,2021-05-27 18:21:00,HONE
14.88,14.88,14.88,14.88,100,2021-05-27 18:22:00,HONE
14.88,14.89,14.88,14.885,728,2021-05-27 18:27:00,HONE
14.885,14.885,14.885,14.885,100,2021-05-27 18:30:00,HONE
14.89,14.89,14.88,14.88,1200,2021-05-27 18:32:00,HONE
14.89,14.89,14.89,14.89,100,2021-05-27 18:33:00,HONE
14.89,14.89,14.89,14.89,101,2021-05-27 18:35:00,HONE
14.88,14.88,14.88,14.88,300,2021-05-27 18:36:00,HONE
14.87,14.87,14.85,14.85,500,2021-05-27 18:37:00,HONE
14.85,14.85,14.85,14.85,100,2021-05-27 18:38:00,HONE
14.87,14.87,14.87,14.87,100,2021-05-27 18:40:00,HONE
14.87,14.87,14.87,14.87,200,2021-05-27 18:43:00,HONE
14.87,14.87,14.87,14.87,322,2021-05-27 18:45:00,HONE
14.87,14.87,14.87,14.87,100,2021-05-27 18:46:00,HONE
14.87,14.87,14.87,14.87,100,2021-05-27 18:47:00,HONE
14.87,14.87,14.87,14.87,160,2021-05-27 18:49:00,HONE
14.86,14.86,14.86,14.86,100,2021-05-27 18:51:00,HONE
14.87,14.87,14.87,14.87,100,2021-05-27 18:53:00,HONE
14.88,14.88,14.87,14.87,229,2021-05-27 18:55:00,HONE
14.87,14.87,14.8642,14.8642,600,2021-05-27 18:56:00,HONE
14.865,14.865,14.865,14.865,110,2021-05-27 18:57:00,HONE
14.87,14.87,14.87,14.87,440,2021-05-27 19:00:00,HONE
14.87,14.87,14.87,14.87,120,2021-05-27 19:01:00,HONE
14.85,14.86,14.85,14.86,988,2021-05-27 19:02:00,HONE
14.84,14.84,14.84,14.84,100,2021-05-27 19:03:00,HONE
14.84,14.84,14.84,14.84,100,2021-05-27 19:05:00,HONE
14.84,14.84,14.84,14.84,637,2021-05-27 19:06:00,HONE
14.84,14.85,14.84,14.85,500,2021-05-27 19:09:00,HONE
14.85,14.86,14.85,14.86,212,2021-05-27 19:12:00,HONE
14.86,14.89,14.85,14.89,4788,2021-05-27 19:13:00,HONE
14.87,14.88,14.87,14.88,4000,2021-05-27 19:14:00,HONE
14.88,14.9,14.88,14.9,8266,2021-05-27 19:17:00,HONE
14.89,14.89,14.88,14.88,400,2021-05-27 19:18:00,HONE
14.885,14.885,14.885,14.885,100,2021-05-27 19:19:00,HONE
14.885,14.885,14.88,14.88,500,2021-05-27 19:20:00,HONE
14.875,14.875,14.875,14.875,100,2021-05-27 19:22:00,HONE
14.88,14.88,14.88,14.88,300,2021-05-27 19:23:00,HONE
14.88,14.88,14.88,14.88,100,2021-05-27 19:26:00,HONE
14.89,14.89,14.89,14.89,100,2021-05-27 19:27:00,HONE
14.885,14.885,14.88,14.88,301,2021-05-27 19:30:00,HONE
14.88,14.88,14.88,14.88,100,2021-05-27 19:31:00,HONE
14.88,14.88,14.88,14.88,100,2021-05-27 19:32:00,HONE
14.88,14.88,14.88,14.88,200,2021-05-27 19:33:00,HONE
14.88,14.89,14.87,14.88,1899,2021-05-27 19:34:00,HONE
14.88,14.88,14.88,14.88,300,2021-05-27 19:35:00,HONE
14.88,14.88,14.87,14.87,600,2021-05-27 19:36:00,HONE
14.87,14.88,14.87,14.87,700,2021-05-27 19:37:00,HONE
14.87,14.87,14.86,14.86,800,2021-05-27 19:38:00,HONE
14.86,14.86,14.85,14.85,400,2021-05-27 19:40:00,HONE
14.85,14.85,14.85,14.85,200,2021-05-27 19:41:00,HONE
14.84,14.84,14.84,14.84,100,2021-05-27 19:42:00,HONE
14.85,14.85,14.85,14.85,301,2021-05-27 19:43:00,HONE
14.85,14.85,14.85,14.85,100,2021-05-27 19:44:00,HONE
14.845,14.845,14.84,14.84,400,2021-05-27 19:45:00,HONE
14.845,14.845,14.845,14.845,100,2021-05-27 19:46:00,HONE
14.85,14.86,14.85,14.86,1000,2021-05-27 19:47:00,HONE
14.85,14.85,14.85,14.85,100,2021-05-27 19:48:00,HONE
14.85,14.85,14.84,14.84,1260,2021-05-27 19:49:00,HONE
14.85,14.87,14.84,14.86,4202,2021-05-27 19:50:00,HONE
14.86,14.87,14.85,14.87,3866,2021-05-27 19:51:00,HONE
14.875,14.9,14.87,14.9,6679,2021-05-27 19:54:00,HONE
14.9,14.9,14.89,14.895,3691,2021-05-27 19:55:00,HONE
14.89,14.9,14.89,14.9,1105,2021-05-27 19:56:00,HONE
14.9,14.91,14.9,14.905,2336,2021-05-27 19:57:00,HONE
14.91,14.91,14.9,14.91,2370,2021-05-27 19:58:00,HONE
14.905,14.91,14.87,14.88,20024,2021-05-27 19:59:00,HONE
14.9,14.9,14.9,14.9,139000,2021-05-27 20:00:00,HONE
14.9,14.9,14.9,14.9,5910,2021-05-27 20:01:00,HONE
14.97,14.97,14.9,14.9,2523,2021-05-28 13:30:00,HONE
14.83,14.83,14.8,14.8,700,2021-05-28 13:36:00,HONE
14.8,14.81,14.8,14.81,300,2021-05-28 13:37:00,HONE
14.83,14.83,14.83,14.83,100,2021-05-28 13:38:00,HONE
14.7458,14.78,14.7458,14.78,675,2021-05-28 13:44:00,HONE
14.7348,14.7558,14.7348,14.7558,1182,2021-05-28 13:45:00,HONE
14.8,14.8,14.76,14.76,366,2021-05-28 13:48:00,HONE
14.77,14.77,14.76,14.76,450,2021-05-28 13:51:00,HONE
14.74,14.74,14.74,14.74,100,2021-05-28 14:02:00,HONE
14.79,14.79,14.765,14.79,512,2021-05-28 14:03:00,HONE
14.73,14.73,14.715,14.715,2329,2021-05-28 14:07:00,HONE
14.67,14.67,14.66,14.66,200,2021-05-28 14:08:00,HONE
14.68,14.68,14.68,14.68,400,2021-05-28 14:09:00,HONE
14.64,14.64,14.64,14.64,100,2021-05-28 14:11:00,HONE
14.67,14.67,14.67,14.67,100,2021-05-28 14:20:00,HONE
14.6471,14.6471,14.6471,14.6471,100,2021-05-28 14:22:00,HONE
14.6471,14.6471,14.6471,14.6471,100,2021-05-28 14:25:00,HONE
14.68,14.72,14.68,14.72,400,2021-05-28 14:27:00,HONE
14.72,14.72,14.72,14.72,100,2021-05-28 14:29:00,HONE
14.7147,14.7147,14.7147,14.7147,250,2021-05-28 14:30:00,HONE
14.71,14.75,14.71,14.75,550,2021-05-28 14:31:00,HONE
14.735,14.735,14.711,14.711,1000,2021-05-28 14:34:00,HONE
14.745,14.745,14.71,14.71,600,2021-05-28 14:36:00,HONE
14.74,14.74,14.74,14.74,863,2021-05-28 14:45:00,HONE
14.75,14.77,14.75,14.77,200,2021-05-28 14:48:00,HONE
14.79,14.79,14.76,14.76,300,2021-05-28 14:51:00,HONE
14.755,14.755,14.755,14.755,100,2021-05-28 14:55:00,HONE
14.75,14.75,14.73,14.74,3617,2021-05-28 15:07:00,HONE
14.74,14.74,14.74,14.74,200,2021-05-28 15:10:00,HONE
14.75,14.75,14.75,14.75,800,2021-05-28 15:12:00,HONE
14.73,14.73,14.73,14.73,800,2021-05-28 15:13:00,HONE
14.72,14.72,14.72,14.72,300,2021-05-28 15:14:00,HONE
14.73,14.73,14.73,14.73,100,2021-05-28 15:15:00,HONE
14.73,14.73,14.73,14.73,100,2021-05-28 15:16:00,HONE
14.76,14.76,14.76,14.76,100,2021-05-28 15:19:00,HONE
14.75,14.75,14.74,14.74,400,2021-05-28 15:21:00,HONE
14.75,14.78,14.75,14.78,200,2021-05-28 15:25:00,HONE
14.77,14.77,14.77,14.77,200,2021-05-28 15:32:00,HONE
14.77,14.77,14.77,14.77,100,2021-05-28 15:36:00,HONE
14.76,14.76,14.76,14.76,200,2021-05-28 15:37:00,HONE
14.77,14.77,14.77,14.77,310,2021-05-28 15:39:00,HONE
14.8,14.8,14.77,14.785,699,2021-05-28 15:40:00,HONE
14.81,14.81,14.81,14.81,100,2021-05-28 15:48:00,HONE
14.7801,14.7801,14.78,14.78,1373,2021-05-28 15:51:00,HONE
14.78,14.79,14.78,14.79,614,2021-05-28 15:53:00,HONE
14.79,14.79,14.78,14.78,426,2021-05-28 15:58:00,HONE
14.78,14.78,14.78,14.78,100,2021-05-28 16:00:00,HONE
14.77,14.77,14.77,14.77,237,2021-05-28 16:10:00,HONE
14.78,14.785,14.78,14.785,1200,2021-05-28 16:21:00,HONE
14.79,14.79,14.77,14.79,300,2021-05-28 16:23:00,HONE
14.77,14.77,14.77,14.77,100,2021-05-28 16:24:00,HONE
14.77,14.77,14.76,14.76,700,2021-05-28 16:25:00,HONE
14.75,14.75,14.74,14.74,606,2021-05-28 16:35:00,HONE
14.74,14.74,14.74,14.74,100,2021-05-28 16:36:00,HONE
14.73,14.73,14.73,14.73,200,2021-05-28 16:45:00,HONE
14.72,14.745,14.72,14.745,400,2021-05-28 16:46:00,HONE
14.75,14.75,14.75,14.75,100,2021-05-28 16:48:00,HONE
14.75,14.75,14.74,14.74,600,2021-05-28 17:00:00,HONE
14.74,14.75,14.74,14.75,331,2021-05-28 17:03:00,HONE
14.745,14.745,14.745,14.745,200,2021-05-28 17:06:00,HONE
14.74,14.74,14.74,14.74,100,2021-05-28 17:08:00,HONE
14.738,14.738,14.738,14.738,500,2021-05-28 17:09:00,HONE
14.75,14.75,14.75,14.75,200,2021-05-28 17:15:00,HONE
14.75,14.75,14.75,14.75,300,2021-05-28 17:16:00,HONE
14.77,14.77,14.77,14.77,100,2021-05-28 17:18:00,HONE
14.78,14.78,14.78,14.78,100,2021-05-28 17:19:00,HONE
14.78,14.78,14.78,14.78,100,2021-05-28 17:20:00,HONE
14.79,14.79,14.79,14.79,100,2021-05-28 17:26:00,HONE
14.8,14.8,14.8,14.8,100,2021-05-28 17:34:00,HONE
14.79,14.8,14.79,14.8,400,2021-05-28 17:41:00,HONE
14.8,14.8,14.8,14.8,100,2021-05-28 17:51:00,HONE
14.79,14.79,14.78,14.78,500,2021-05-28 17:53:00,HONE
14.79,14.79,14.79,14.79,100,2021-05-28 17:54:00,HONE
14.79,14.79,14.79,14.79,100,2021-05-28 17:57:00,HONE
14.785,14.785,14.785,14.785,335,2021-05-28 17:59:00,HONE
14.8,14.81,14.8,14.81,200,2021-05-28 18:01:00,HONE
14.8,14.8,14.8,14.8,100,2021-05-28 18:04:00,HONE
14.79,14.79,14.78,14.79,1020,2021-05-28 18:06:00,HONE
14.78,14.78,14.78,14.78,254,2021-05-28 18:15:00,HONE
14.8,14.8,14.8,14.8,402,2021-05-28 18:21:00,HONE
14.79,14.79,14.79,14.79,600,2021-05-28 18:23:00,HONE
14.79,14.79,14.79,14.79,100,2021-05-28 18:26:00,HONE
14.78,14.78,14.78,14.78,502,2021-05-28 18:29:00,HONE
14.7701,14.78,14.7701,14.7702,900,2021-05-28 18:30:00,HONE
14.775,14.775,14.775,14.775,100,2021-05-28 18:35:00,HONE
14.78,14.78,14.78,14.78,322,2021-05-28 18:36:00,HONE
14.79,14.79,14.79,14.79,100,2021-05-28 18:44:00,HONE
14.8,14.8,14.8,14.8,100,2021-05-28 18:47:00,HONE
14.78,14.78,14.78,14.78,100,2021-05-28 18:48:00,HONE
14.78,14.78,14.78,14.78,100,2021-05-28 18:51:00,HONE
14.79,14.79,14.78,14.78,300,2021-05-28 18:52:00,HONE
14.76,14.76,14.76,14.76,102,2021-05-28 18:59:00,HONE
14.76,14.76,14.76,14.76,915,2021-05-28 19:00:00,HONE
14.77,14.77,14.77,14.77,200,2021-05-28 19:01:00,HONE
14.78,14.78,14.78,14.78,100,2021-05-28 19:02:00,HONE
14.79,14.79,14.78,14.78,300,2021-05-28 19:04:00,HONE
14.78,14.78,14.78,14.78,300,2021-05-28 19:05:00,HONE
14.78,14.7833,14.78,14.78,1511,2021-05-28 19:09:00,HONE
14.78,14.78,14.78,14.78,200,2021-05-28 19:13:00,HONE
14.79,14.79,14.79,14.79,100,2021-05-28 19:14:00,HONE
14.79,14.81,14.79,14.8,400,2021-05-28 19:18:00,HONE
14.8,14.8,14.79,14.79,2099,2021-05-28 19:19:00,HONE
14.8,14.8,14.8,14.8,100,2021-05-28 19:25:00,HONE
14.81,14.82,14.81,14.82,400,2021-05-28 19:28:00,HONE
14.82,14.82,14.82,14.82,400,2021-05-28 19:29:00,HONE
14.81,14.81,14.81,14.81,314,2021-05-28 19:31:00,HONE
14.82,14.82,14.82,14.82,100,2021-05-28 19:33:00,HONE
14.81,14.81,14.81,14.81,300,2021-05-28 19:37:00,HONE
14.81,14.82,14.81,14.82,600,2021-05-28 19:38:00,HONE
14.81,14.82,14.81,14.81,302,2021-05-28 19:45:00,HONE
14.81,14.81,14.81,14.81,600,2021-05-28 19:47:00,HONE
14.8178,14.8178,14.8178,14.8178,134,2021-05-28 19:48:00,HONE
14.8,14.8,14.8,14.8,100,2021-05-28 19:49:00,HONE
14.81,14.83,14.81,14.83,1070,2021-05-28 19:50:00,HONE
14.83,14.86,14.83,14.86,425,2021-05-28 19:51:00,HONE
14.86,14.86,14.85,14.85,400,2021-05-28 19:53:00,HONE
14.85,14.88,14.85,14.86,1000,2021-05-28 19:54:00,HONE
14.88,14.88,14.84,14.85,4852,2021-05-28 19:55:00,HONE
14.84,14.85,14.836,14.84,1925,2021-05-28 19:56:00,HONE
14.84,14.86,14.84,14.85,300,2021-05-28 19:57:00,HONE
14.85,14.85,14.845,14.845,319,2021-05-28 19:58:00,HONE
14.845,14.87,14.845,14.85,4010,2021-05-28 19:59:00,HONE
14.85,14.85,14.85,14.85,22205,2021-05-28 20:00:00,HONE
14.85,14.85,14.85,14.85,746,2021-05-28 20:02:00,HONE
