open,high,low,close,volume,datetime,symbol
825.06,826.51,825.06,826.3,500,2021-05-17 13:25:00,ISRG
828.78,828.78,826.75,826.75,8378,2021-05-17 13:30:00,ISRG
826.72,826.72,825.0,825.01,950,2021-05-17 13:31:00,ISRG
823.76,824.0,822.82,822.82,3280,2021-05-17 13:32:00,ISRG
822.52,825.0,822.52,824.99,5205,2021-05-17 13:33:00,ISRG
826.23,826.26,826.23,826.26,200,2021-05-17 13:34:00,ISRG
825.36,826.65,825.36,826.65,400,2021-05-17 13:35:00,ISRG
825.825,826.55,825.825,826.55,300,2021-05-17 13:36:00,ISRG
826.46,827.0,826.3,826.98,3224,2021-05-17 13:38:00,ISRG
826.74,826.74,826.48,826.48,300,2021-05-17 13:39:00,ISRG
826.97,827.0,824.98,825.94,5872,2021-05-17 13:40:00,ISRG
825.87,825.87,825.43,825.57,300,2021-05-17 13:41:00,ISRG
826.17,826.99,826.0,826.83,4272,2021-05-17 13:42:00,ISRG
826.84,827.0,825.92,825.92,5160,2021-05-17 13:43:00,ISRG
825.97,825.97,825.92,825.97,500,2021-05-17 13:44:00,ISRG
825.205,826.24,824.83,825.52,800,2021-05-17 13:45:00,ISRG
825.56,825.56,825.56,825.56,150,2021-05-17 13:46:00,ISRG
825.09,825.09,823.67,823.85,1205,2021-05-17 13:47:00,ISRG
824.73,824.73,823.01,823.01,500,2021-05-17 13:48:00,ISRG
822.81,822.81,822.81,822.81,100,2021-05-17 13:49:00,ISRG
820.58,823.3,820.58,823.3,513,2021-05-17 13:50:00,ISRG
823.44,823.45,823.44,823.45,200,2021-05-17 13:51:00,ISRG
824.05,824.05,823.97,823.97,200,2021-05-17 13:52:00,ISRG
823.08,823.08,823.08,823.08,100,2021-05-17 13:53:00,ISRG
824.16,824.16,822.55,823.5125,450,2021-05-17 13:54:00,ISRG
823.015,823.015,823.015,823.015,103,2021-05-17 13:55:00,ISRG
822.7,823.05,822.4144,822.4144,500,2021-05-17 13:56:00,ISRG
822.87,822.87,822.87,822.87,100,2021-05-17 13:57:00,ISRG
822.77,822.77,822.77,822.77,100,2021-05-17 13:58:00,ISRG
822.78,823.44,821.93,821.93,700,2021-05-17 13:59:00,ISRG
822.73,822.73,821.45,821.45,200,2021-05-17 14:00:00,ISRG
821.21,821.21,818.78,819.89,1710,2021-05-17 14:01:00,ISRG
819.5,819.5,818.87,819.3299,1196,2021-05-17 14:02:00,ISRG
819.33,819.33,819.08,819.11,400,2021-05-17 14:03:00,ISRG
819.8,819.8,819.12,819.12,1003,2021-05-17 14:04:00,ISRG
819.86,820.0,819.26,819.48,6278,2021-05-17 14:05:00,ISRG
819.55,819.6299,819.25,819.6299,750,2021-05-17 14:06:00,ISRG
819.48,819.48,818.825,819.48,700,2021-05-17 14:07:00,ISRG
819.62,819.63,819.58,819.58,300,2021-05-17 14:08:00,ISRG
819.225,819.225,818.66,818.66,300,2021-05-17 14:09:00,ISRG
817.7,818.51,817.7,818.155,500,2021-05-17 14:10:00,ISRG
818.36,818.36,818.36,818.36,100,2021-05-17 14:11:00,ISRG
818.48,819.7838,818.48,819.7838,2304,2021-05-17 14:12:00,ISRG
819.325,819.6,819.325,819.6,200,2021-05-17 14:13:00,ISRG
818.66,818.66,818.66,818.66,100,2021-05-17 14:14:00,ISRG
818.4075,818.5,818.4075,818.5,400,2021-05-17 14:15:00,ISRG
818.54,818.54,818.54,818.54,100,2021-05-17 14:17:00,ISRG
818.1,818.1,818.1,818.1,100,2021-05-17 14:18:00,ISRG
818.12,820.22,818.07,820.22,2376,2021-05-17 14:19:00,ISRG
820.46,821.02,820.46,821.02,1200,2021-05-17 14:21:00,ISRG
821.0272,821.0272,821.0272,821.0272,100,2021-05-17 14:23:00,ISRG
820.505,820.505,820.1,820.49,400,2021-05-17 14:26:00,ISRG
818.87,818.87,818.87,818.87,100,2021-05-17 14:27:00,ISRG
819.16,819.39,819.16,819.16,400,2021-05-17 14:28:00,ISRG
818.8,818.8,816.76,816.92,600,2021-05-17 14:29:00,ISRG
816.78,817.99,815.74,817.99,1400,2021-05-17 14:30:00,ISRG
818.86,818.86,818.86,818.86,100,2021-05-17 14:31:00,ISRG
818.92,818.92,818.08,818.26,871,2021-05-17 14:32:00,ISRG
817.65,817.66,817.65,817.66,205,2021-05-17 14:33:00,ISRG
816.7,816.7,816.7,816.7,200,2021-05-17 14:34:00,ISRG
817.36,818.105,816.6,816.6,2700,2021-05-17 14:36:00,ISRG
817.04,817.04,816.01,816.39,15913,2021-05-17 14:37:00,ISRG
816.99,817.82,816.99,817.82,700,2021-05-17 14:38:00,ISRG
817.81,817.81,817.81,817.81,100,2021-05-17 14:39:00,ISRG
817.785,818.78,817.785,818.78,594,2021-05-17 14:40:00,ISRG
818.186,819.23,818.186,818.8,1332,2021-05-17 14:42:00,ISRG
817.67,817.67,817.62,817.62,200,2021-05-17 14:44:00,ISRG
818.97,818.97,818.97,818.97,200,2021-05-17 14:45:00,ISRG
818.91,819.8,818.91,819.1,932,2021-05-17 14:46:00,ISRG
818.87,818.87,818.855,818.855,200,2021-05-17 14:50:00,ISRG
819.35,819.55,819.13,819.14,600,2021-05-17 14:52:00,ISRG
819.71,819.73,819.71,819.73,400,2021-05-17 14:53:00,ISRG
819.0,819.0,818.58,818.58,400,2021-05-17 14:54:00,ISRG
817.86,818.66,817.86,818.66,288,2021-05-17 14:55:00,ISRG
817.265,817.75,817.265,817.75,221,2021-05-17 14:57:00,ISRG
816.24,816.24,816.24,816.24,100,2021-05-17 14:58:00,ISRG
818.375,818.895,817.27,818.895,500,2021-05-17 15:00:00,ISRG
818.87,818.92,818.1425,818.92,300,2021-05-17 15:01:00,ISRG
816.755,816.755,816.425,816.62,900,2021-05-17 15:03:00,ISRG
816.79,818.14,816.75,818.14,1500,2021-05-17 15:04:00,ISRG
817.94,819.57,817.9302,819.57,400,2021-05-17 15:05:00,ISRG
818.67,818.67,818.67,818.67,100,2021-05-17 15:06:00,ISRG
819.26,819.26,819.26,819.26,100,2021-05-17 15:07:00,ISRG
819.54,819.54,818.5,819.255,500,2021-05-17 15:08:00,ISRG
819.11,819.11,819.11,819.11,158,2021-05-17 15:09:00,ISRG
818.2,818.32,817.3,817.3,500,2021-05-17 15:10:00,ISRG
818.02,818.52,816.27,816.27,4100,2021-05-17 15:14:00,ISRG
816.01,816.28,815.7,816.275,547,2021-05-17 15:15:00,ISRG
815.45,815.45,815.45,815.45,100,2021-05-17 15:18:00,ISRG
815.26,815.56,815.0,815.0,624,2021-05-17 15:19:00,ISRG
815.89,815.89,815.89,815.89,200,2021-05-17 15:20:00,ISRG
816.04,816.225,816.04,816.225,637,2021-05-17 15:22:00,ISRG
816.18,816.47,816.08,816.35,600,2021-05-17 15:23:00,ISRG
816.07,816.07,815.95,815.95,200,2021-05-17 15:24:00,ISRG
816.62,816.62,816.62,816.62,100,2021-05-17 15:25:00,ISRG
817.0,817.0,816.65,816.99,2999,2021-05-17 15:26:00,ISRG
816.5,816.5,816.35,816.37,300,2021-05-17 15:27:00,ISRG
816.35,816.78,816.35,816.78,200,2021-05-17 15:29:00,ISRG
815.805,815.805,815.805,815.805,100,2021-05-17 15:34:00,ISRG
815.4,815.62,815.12,815.12,726,2021-05-17 15:35:00,ISRG
814.115,814.115,814.115,814.115,100,2021-05-17 15:37:00,ISRG
814.505,814.505,814.09,814.09,650,2021-05-17 15:40:00,ISRG
814.51,814.69,814.22,814.69,500,2021-05-17 15:42:00,ISRG
814.55,814.55,814.19,814.19,200,2021-05-17 15:43:00,ISRG
814.63,815.0,814.52,814.82,5525,2021-05-17 15:44:00,ISRG
814.16,814.16,814.16,814.16,100,2021-05-17 15:45:00,ISRG
815.0,815.0,814.35,814.35,1412,2021-05-17 15:46:00,ISRG
814.03,814.52,814.03,814.52,420,2021-05-17 15:49:00,ISRG
813.915,813.915,813.915,813.915,200,2021-05-17 15:50:00,ISRG
812.61,812.61,812.61,812.61,300,2021-05-17 15:51:00,ISRG
812.72,812.78,812.71,812.71,300,2021-05-17 15:52:00,ISRG
813.255,813.255,813.255,813.255,124,2021-05-17 15:54:00,ISRG
813.27,814.435,813.27,814.435,1300,2021-05-17 15:57:00,ISRG
814.44,814.44,814.35,814.35,200,2021-05-17 15:59:00,ISRG
814.365,814.365,814.365,814.365,100,2021-05-17 16:00:00,ISRG
814.83,814.9,814.83,814.9,300,2021-05-17 16:01:00,ISRG
814.94,815.9975,814.94,815.9975,6346,2021-05-17 16:02:00,ISRG
815.73,815.73,815.73,815.73,100,2021-05-17 16:03:00,ISRG
816.07,816.59,816.07,816.59,981,2021-05-17 16:05:00,ISRG
816.63,816.88,816.49,816.64,500,2021-05-17 16:06:00,ISRG
816.03,816.76,816.03,816.515,600,2021-05-17 16:07:00,ISRG
816.15,816.19,814.48,814.48,2394,2021-05-17 16:08:00,ISRG
814.4575,814.4575,814.4575,814.4575,100,2021-05-17 16:10:00,ISRG
814.17,814.17,814.17,814.17,100,2021-05-17 16:12:00,ISRG
814.4,814.4,814.4,814.4,100,2021-05-17 16:13:00,ISRG
815.0,815.0,813.91,813.91,1431,2021-05-17 16:14:00,ISRG
814.3,814.6,814.3,814.6,973,2021-05-17 16:16:00,ISRG
815.0,815.0,814.74,814.955,3649,2021-05-17 16:18:00,ISRG
814.995,815.0,814.48,814.87,10694,2021-05-17 16:19:00,ISRG
814.7875,815.185,814.67,815.185,748,2021-05-17 16:20:00,ISRG
815.39,815.419,815.39,815.4,500,2021-05-17 16:21:00,ISRG
815.4,815.405,815.4,815.405,237,2021-05-17 16:22:00,ISRG
815.405,816.0,814.53,815.32,3410,2021-05-17 16:23:00,ISRG
814.91,815.4,814.91,815.33,300,2021-05-17 16:24:00,ISRG
815.19,815.19,814.91,814.91,492,2021-05-17 16:25:00,ISRG
815.19,815.27,814.81,814.81,6008,2021-05-17 16:27:00,ISRG
815.14,815.14,815.14,815.14,100,2021-05-17 16:28:00,ISRG
815.35,815.47,814.94,815.4,1800,2021-05-17 16:29:00,ISRG
815.165,815.165,814.86,814.86,400,2021-05-17 16:30:00,ISRG
814.95,814.95,814.58,814.58,300,2021-05-17 16:33:00,ISRG
814.72,814.72,814.6319,814.6319,200,2021-05-17 16:34:00,ISRG
814.51,815.0,814.51,815.0,400,2021-05-17 16:35:00,ISRG
815.045,815.21,814.51,815.06,1459,2021-05-17 16:37:00,ISRG
815.3,815.4317,815.3,815.4317,200,2021-05-17 16:38:00,ISRG
814.56,814.56,814.56,814.56,100,2021-05-17 16:39:00,ISRG
815.22,815.4125,814.79,815.38,1376,2021-05-17 16:40:00,ISRG
815.325,815.33,815.325,815.33,218,2021-05-17 16:41:00,ISRG
815.35,815.35,815.09,815.325,600,2021-05-17 16:42:00,ISRG
815.61,815.61,815.05,815.19,2648,2021-05-17 16:43:00,ISRG
814.69,814.69,814.69,814.69,100,2021-05-17 16:44:00,ISRG
815.16,815.16,815.16,815.16,100,2021-05-17 16:45:00,ISRG
814.76,815.285,814.76,815.285,400,2021-05-17 16:46:00,ISRG
814.8803,815.1,814.51,815.1,1553,2021-05-17 16:47:00,ISRG
815.1,815.24,814.93,815.165,2000,2021-05-17 16:48:00,ISRG
814.78,814.78,814.78,814.78,100,2021-05-17 16:49:00,ISRG
815.19,815.19,815.19,815.19,100,2021-05-17 16:51:00,ISRG
814.81,814.81,814.78,814.78,200,2021-05-17 16:52:00,ISRG
814.66,814.895,814.51,814.895,701,2021-05-17 16:53:00,ISRG
814.69,814.69,814.69,814.69,100,2021-05-17 16:55:00,ISRG
814.715,814.715,814.715,814.715,100,2021-05-17 16:57:00,ISRG
814.45,815.0,814.45,814.85,1945,2021-05-17 17:00:00,ISRG
814.795,814.795,814.7625,814.7625,200,2021-05-17 17:01:00,ISRG
814.98,815.0,814.7,814.7,700,2021-05-17 17:02:00,ISRG
814.37,814.7,814.37,814.7,200,2021-05-17 17:04:00,ISRG
814.74,814.74,814.74,814.74,100,2021-05-17 17:05:00,ISRG
814.66,814.66,814.46,814.555,400,2021-05-17 17:07:00,ISRG
814.58,814.79,814.485,814.485,500,2021-05-17 17:09:00,ISRG
814.485,814.49,814.485,814.49,300,2021-05-17 17:11:00,ISRG
814.33,814.79,814.33,814.56,3095,2021-05-17 17:13:00,ISRG
814.565,814.93,814.565,814.93,200,2021-05-17 17:14:00,ISRG
814.38,814.4,814.36,814.36,400,2021-05-17 17:15:00,ISRG
814.515,814.82,814.5,814.5,700,2021-05-17 17:16:00,ISRG
814.17,814.35,814.1131,814.1131,391,2021-05-17 17:17:00,ISRG
814.415,814.415,814.41,814.41,200,2021-05-17 17:19:00,ISRG
814.2,814.2,814.01,814.01,200,2021-05-17 17:21:00,ISRG
813.935,814.2076,813.935,814.2076,509,2021-05-17 17:22:00,ISRG
814.39,814.51,813.69,813.69,600,2021-05-17 17:23:00,ISRG
814.0,814.0,813.84,813.84,1604,2021-05-17 17:24:00,ISRG
813.11,813.11,813.11,813.11,100,2021-05-17 17:25:00,ISRG
813.18,813.18,813.07,813.07,300,2021-05-17 17:26:00,ISRG
812.88,812.88,812.88,812.88,500,2021-05-17 17:27:00,ISRG
813.07,813.18,813.01,813.01,700,2021-05-17 17:28:00,ISRG
812.97,812.97,812.97,812.97,100,2021-05-17 17:29:00,ISRG
812.81,812.92,812.795,812.92,700,2021-05-17 17:30:00,ISRG
812.6,812.6,812.6,812.6,100,2021-05-17 17:31:00,ISRG
812.44,812.45,811.685,811.82,4346,2021-05-17 17:33:00,ISRG
811.98,812.5385,811.84,812.26,2992,2021-05-17 17:34:00,ISRG
812.86,813.465,812.86,813.465,500,2021-05-17 17:35:00,ISRG
813.52,813.73,813.52,813.73,400,2021-05-17 17:36:00,ISRG
813.61,813.87,813.61,813.79,439,2021-05-17 17:37:00,ISRG
813.75,813.93,813.75,813.93,200,2021-05-17 17:38:00,ISRG
813.705,813.705,813.705,813.705,100,2021-05-17 17:39:00,ISRG
813.75,813.8,812.79,812.79,700,2021-05-17 17:40:00,ISRG
812.57,812.934,812.57,812.934,207,2021-05-17 17:41:00,ISRG
812.16,812.16,811.6,811.895,300,2021-05-17 17:42:00,ISRG
811.95,812.51,811.95,812.48,800,2021-05-17 17:44:00,ISRG
813.49,813.81,813.49,813.81,400,2021-05-17 17:46:00,ISRG
813.51,813.51,813.51,813.51,200,2021-05-17 17:48:00,ISRG
813.9,814.0,813.6,814.0,2640,2021-05-17 17:50:00,ISRG
813.76,813.795,813.59,813.59,600,2021-05-17 17:51:00,ISRG
813.445,813.795,813.445,813.795,1271,2021-05-17 17:52:00,ISRG
813.56,813.57,813.56,813.57,400,2021-05-17 17:53:00,ISRG
813.56,813.67,813.56,813.67,300,2021-05-17 17:54:00,ISRG
813.34,813.56,813.33,813.56,300,2021-05-17 17:55:00,ISRG
813.58,813.73,813.435,813.55,700,2021-05-17 17:56:00,ISRG
813.99,814.0,813.92,813.92,841,2021-05-17 17:57:00,ISRG
813.92,814.0,813.64,813.86,2877,2021-05-17 17:58:00,ISRG
813.35,813.365,813.18,813.18,400,2021-05-17 17:59:00,ISRG
813.25,813.25,813.09,813.09,300,2021-05-17 18:00:00,ISRG
813.25,813.41,813.0,813.0,600,2021-05-17 18:01:00,ISRG
813.17,813.63,812.95,813.63,2911,2021-05-17 18:04:00,ISRG
813.34,814.875,813.34,814.875,1400,2021-05-17 18:05:00,ISRG
815.145,815.145,815.0,815.085,300,2021-05-17 18:07:00,ISRG
815.5,815.715,815.125,815.715,719,2021-05-17 18:09:00,ISRG
815.69,815.69,815.69,815.69,115,2021-05-17 18:10:00,ISRG
815.7,815.7,815.04,815.04,699,2021-05-17 18:11:00,ISRG
815.12,815.12,815.05,815.05,200,2021-05-17 18:16:00,ISRG
814.66,815.11,814.66,815.11,200,2021-05-17 18:18:00,ISRG
815.0,815.0,814.45,814.45,3615,2021-05-17 18:20:00,ISRG
814.29,814.29,814.245,814.245,374,2021-05-17 18:21:00,ISRG
813.77,814.21,813.67,813.7,2794,2021-05-17 18:22:00,ISRG
813.91,813.91,813.91,813.91,122,2021-05-17 18:23:00,ISRG
813.9,813.925,813.555,813.555,700,2021-05-17 18:24:00,ISRG
813.895,814.1994,813.805,814.08,2200,2021-05-17 18:25:00,ISRG
814.16,814.16,814.16,814.16,100,2021-05-17 18:26:00,ISRG
814.07,814.49,814.015,814.135,800,2021-05-17 18:27:00,ISRG
814.535,814.535,814.27,814.27,200,2021-05-17 18:28:00,ISRG
814.56,815.0,814.56,814.595,2874,2021-05-17 18:29:00,ISRG
814.795,814.81,814.66,814.76,400,2021-05-17 18:30:00,ISRG
814.9,815.57,814.83,815.27,11362,2021-05-17 18:31:00,ISRG
815.615,815.635,815.615,815.635,1200,2021-05-17 18:32:00,ISRG
815.635,816.04,815.18,815.21,900,2021-05-17 18:33:00,ISRG
815.285,815.285,815.285,815.285,200,2021-05-17 18:34:00,ISRG
815.45,815.45,815.45,815.45,110,2021-05-17 18:35:00,ISRG
815.42,815.6,815.42,815.5,400,2021-05-17 18:36:00,ISRG
815.5,815.5,815.34,815.34,300,2021-05-17 18:37:00,ISRG
814.93,814.93,814.62,814.93,400,2021-05-17 18:38:00,ISRG
814.945,815.505,814.945,815.505,600,2021-05-17 18:40:00,ISRG
815.93,816.08,815.32,815.5696,1478,2021-05-17 18:41:00,ISRG
815.85,815.85,815.7,815.7,500,2021-05-17 18:42:00,ISRG
815.385,815.45,815.385,815.45,300,2021-05-17 18:43:00,ISRG
815.45,815.45,815.41,815.41,224,2021-05-17 18:45:00,ISRG
815.86,815.93,815.695,815.695,300,2021-05-17 18:46:00,ISRG
815.875,815.875,815.6578,815.6578,210,2021-05-17 18:47:00,ISRG
815.435,815.435,815.435,815.435,100,2021-05-17 18:48:00,ISRG
814.99,814.99,814.99,814.99,100,2021-05-17 18:49:00,ISRG
815.925,815.925,815.63,815.63,400,2021-05-17 18:50:00,ISRG
815.78,816.29,815.63,815.85,1300,2021-05-17 18:51:00,ISRG
815.5401,816.29,815.5401,816.29,447,2021-05-17 18:52:00,ISRG
816.44,816.49,816.21,816.21,730,2021-05-17 18:54:00,ISRG
816.55,816.57,816.55,816.57,500,2021-05-17 18:55:00,ISRG
816.93,816.93,816.93,816.93,100,2021-05-17 18:58:00,ISRG
816.94,816.94,816.64,816.64,200,2021-05-17 18:59:00,ISRG
817.1,817.5,817.005,817.5,1122,2021-05-17 19:00:00,ISRG
817.435,817.82,817.435,817.44,300,2021-05-17 19:02:00,ISRG
817.65,817.65,817.65,817.65,100,2021-05-17 19:03:00,ISRG
817.685,817.86,817.5998,817.5998,702,2021-05-17 19:04:00,ISRG
817.51,817.79,817.51,817.79,300,2021-05-17 19:05:00,ISRG
817.86,818.45,817.86,818.27,400,2021-05-17 19:06:00,ISRG
817.93,818.215,816.575,816.62,5500,2021-05-17 19:07:00,ISRG
816.68,816.685,816.525,816.685,1283,2021-05-17 19:08:00,ISRG
816.71,817.2,816.705,816.71,500,2021-05-17 19:09:00,ISRG
816.87,817.06,816.87,817.06,300,2021-05-17 19:10:00,ISRG
817.34,817.34,817.0,817.16,1200,2021-05-17 19:11:00,ISRG
816.91,816.91,816.91,816.91,100,2021-05-17 19:13:00,ISRG
817.19,817.41,816.95,817.21,400,2021-05-17 19:14:00,ISRG
817.195,817.39,816.81,817.01,1600,2021-05-17 19:15:00,ISRG
817.43,817.62,817.405,817.485,822,2021-05-17 19:16:00,ISRG
816.93,816.93,816.93,816.93,100,2021-05-17 19:17:00,ISRG
817.395,817.395,817.395,817.395,125,2021-05-17 19:18:00,ISRG
817.14,817.6,817.14,817.6,200,2021-05-17 19:19:00,ISRG
817.47,817.47,817.47,817.47,100,2021-05-17 19:20:00,ISRG
817.0,817.0,816.99,816.99,300,2021-05-17 19:21:00,ISRG
816.7,816.755,816.7,816.755,200,2021-05-17 19:22:00,ISRG
816.6,816.6,816.425,816.425,1141,2021-05-17 19:24:00,ISRG
816.38,816.42,816.38,816.42,215,2021-05-17 19:25:00,ISRG
815.92,815.95,815.77,815.77,412,2021-05-17 19:26:00,ISRG
815.27,815.27,815.27,815.27,100,2021-05-17 19:27:00,ISRG
815.27,815.27,815.27,815.27,100,2021-05-17 19:28:00,ISRG
815.49,816.1,815.49,815.995,400,2021-05-17 19:30:00,ISRG
816.21,816.855,816.21,816.46,701,2021-05-17 19:32:00,ISRG
816.8,816.99,816.78,816.99,300,2021-05-17 19:33:00,ISRG
816.75,816.95,816.74,816.74,400,2021-05-17 19:34:00,ISRG
816.71,816.71,816.265,816.2775,1200,2021-05-17 19:35:00,ISRG
816.3,816.52,816.3,816.52,200,2021-05-17 19:36:00,ISRG
816.385,816.74,816.385,816.74,300,2021-05-17 19:37:00,ISRG
816.745,817.0,816.56,816.6,4043,2021-05-17 19:38:00,ISRG
816.74,816.74,816.72,816.735,500,2021-05-17 19:39:00,ISRG
816.95,817.0,816.81,816.975,3317,2021-05-17 19:40:00,ISRG
817.0,817.0,816.75,816.75,1300,2021-05-17 19:41:00,ISRG
816.975,816.98,816.78,816.98,1278,2021-05-17 19:42:00,ISRG
817.0,817.0,816.89,817.0,2080,2021-05-17 19:43:00,ISRG
817.0,817.0,816.69,816.69,5551,2021-05-17 19:44:00,ISRG
816.76,816.98,816.69,816.815,415,2021-05-17 19:45:00,ISRG
817.0,817.0,816.795,817.0,6166,2021-05-17 19:46:00,ISRG
816.75,816.8,816.63,816.63,800,2021-05-17 19:47:00,ISRG
816.96,816.96,816.96,816.96,100,2021-05-17 19:48:00,ISRG
816.74,816.8275,816.69,816.8275,400,2021-05-17 19:49:00,ISRG
816.945,817.0,816.5,816.5,3972,2021-05-17 19:50:00,ISRG
816.82,816.83,816.605,816.72,900,2021-05-17 19:51:00,ISRG
816.6,816.635,816.47,816.54,500,2021-05-17 19:52:00,ISRG
816.37,816.54,816.21,816.53,1600,2021-05-17 19:53:00,ISRG
816.68,817.0,816.65,817.0,1900,2021-05-17 19:54:00,ISRG
817.0,817.0,816.78,816.78,3405,2021-05-17 19:55:00,ISRG
816.68,816.86,816.37,816.86,800,2021-05-17 19:56:00,ISRG
816.96,817.0,816.68,817.0,4251,2021-05-17 19:57:00,ISRG
816.915,817.0,816.815,817.0,2884,2021-05-17 19:58:00,ISRG
816.99,817.01,815.93,817.01,16341,2021-05-17 19:59:00,ISRG
817.01,817.01,817.01,817.01,71041,2021-05-17 20:00:00,ISRG
817.01,817.01,817.01,817.01,3406,2021-05-17 20:01:00,ISRG
817.01,817.01,817.01,817.01,1894,2021-05-17 20:02:00,ISRG
840.0,840.0,840.0,840.0,119,2021-05-18 12:21:00,ISRG
821.66,823.415,821.0,823.0,5670,2021-05-18 13:30:00,ISRG
820.95,821.94,820.95,820.95,503,2021-05-18 13:31:00,ISRG
817.62,818.715,817.0,818.61,400,2021-05-18 13:32:00,ISRG
817.11,818.675,817.11,818.675,200,2021-05-18 13:33:00,ISRG
819.3519,819.3519,819.3519,819.3519,200,2021-05-18 13:34:00,ISRG
819.35,819.35,818.905,818.915,564,2021-05-18 13:35:00,ISRG
819.35,819.35,818.15,818.17,600,2021-05-18 13:36:00,ISRG
817.49,817.63,816.71,816.71,826,2021-05-18 13:37:00,ISRG
817.49,817.5,816.71,816.71,6575,2021-05-18 13:39:00,ISRG
817.36,817.5,817.36,817.5,12348,2021-05-18 13:40:00,ISRG
817.15,817.15,816.695,816.695,800,2021-05-18 13:41:00,ISRG
816.3,816.82,816.3,816.82,300,2021-05-18 13:42:00,ISRG
817.25,817.25,817.25,817.25,100,2021-05-18 13:43:00,ISRG
817.325,817.5,816.81,816.81,1100,2021-05-18 13:44:00,ISRG
816.595,817.5,816.56,817.1,7346,2021-05-18 13:45:00,ISRG
817.02,817.02,816.0,816.0,425,2021-05-18 13:46:00,ISRG
816.98,817.02,816.98,817.02,300,2021-05-18 13:47:00,ISRG
817.25,817.5,816.29,816.29,4066,2021-05-18 13:48:00,ISRG
815.86,815.86,815.86,815.86,100,2021-05-18 13:50:00,ISRG
815.17,815.46,815.17,815.46,200,2021-05-18 13:51:00,ISRG
816.7,816.91,816.7,816.91,200,2021-05-18 13:53:00,ISRG
816.48,816.49,815.79,815.9,1221,2021-05-18 13:57:00,ISRG
815.655,815.7,814.83,815.7,1900,2021-05-18 13:58:00,ISRG
815.74,815.805,815.235,815.805,1100,2021-05-18 13:59:00,ISRG
816.3,816.3,816.0,816.0,200,2021-05-18 14:00:00,ISRG
817.5,817.5,816.54,816.54,2272,2021-05-18 14:01:00,ISRG
816.79,817.38,816.79,817.085,2100,2021-05-18 14:02:00,ISRG
816.99,817.07,816.695,816.99,819,2021-05-18 14:03:00,ISRG
817.18,817.33,816.96,816.96,300,2021-05-18 14:04:00,ISRG
817.5,817.5,817.5,817.5,1146,2021-05-18 14:05:00,ISRG
817.01,817.21,816.83,817.175,1800,2021-05-18 14:06:00,ISRG
817.24,817.5,817.18,817.5,1350,2021-05-18 14:07:00,ISRG
817.86,817.865,817.86,817.865,200,2021-05-18 14:09:00,ISRG
818.05,818.05,817.63,817.68,400,2021-05-18 14:10:00,ISRG
817.61,818.42,817.6,818.42,900,2021-05-18 14:11:00,ISRG
819.3,819.7,818.95,819.7,1838,2021-05-18 14:12:00,ISRG
819.66,819.66,819.03,819.045,1300,2021-05-18 14:13:00,ISRG
818.78,818.78,818.76,818.76,200,2021-05-18 14:14:00,ISRG
819.33,819.33,819.33,819.33,100,2021-05-18 14:15:00,ISRG
819.38,820.05,819.38,819.78,5800,2021-05-18 14:16:00,ISRG
819.78,819.78,819.01,819.355,915,2021-05-18 14:17:00,ISRG
819.38,819.38,819.0,819.08,585,2021-05-18 14:18:00,ISRG
819.165,819.74,819.165,819.72,1100,2021-05-18 14:19:00,ISRG
819.76,820.05,819.4,819.51,5921,2021-05-18 14:20:00,ISRG
819.675,819.675,819.23,819.44,600,2021-05-18 14:21:00,ISRG
818.99,819.3,818.51,818.615,26181,2021-05-18 14:22:00,ISRG
818.42,819.0,818.41,819.0,1400,2021-05-18 14:23:00,ISRG
819.08,819.08,819.07,819.08,500,2021-05-18 14:24:00,ISRG
819.36,820.5,819.31,820.34,900,2021-05-18 14:25:00,ISRG
820.08,820.37,819.6849,819.96,4992,2021-05-18 14:26:00,ISRG
820.0,820.55,820.0,820.5475,6581,2021-05-18 14:27:00,ISRG
820.535,820.555,820.535,820.555,266,2021-05-18 14:29:00,ISRG
821.19,821.7,821.19,821.7,570,2021-05-18 14:30:00,ISRG
822.21,822.21,822.21,822.21,100,2021-05-18 14:31:00,ISRG
822.96,823.47,822.96,823.47,200,2021-05-18 14:33:00,ISRG
823.33,823.76,823.23,823.31,900,2021-05-18 14:34:00,ISRG
823.77,823.77,823.46,823.46,200,2021-05-18 14:35:00,ISRG
823.76,823.76,823.76,823.76,100,2021-05-18 14:36:00,ISRG
823.9428,824.0,823.4,823.4,1091,2021-05-18 14:37:00,ISRG
823.44,823.6758,823.0254,823.29,815,2021-05-18 14:38:00,ISRG
823.03,823.3973,823.03,823.3973,922,2021-05-18 14:39:00,ISRG
823.135,823.135,823.135,823.135,100,2021-05-18 14:40:00,ISRG
822.85,822.85,822.79,822.79,200,2021-05-18 14:41:00,ISRG
822.4525,822.4525,821.76,821.76,300,2021-05-18 14:43:00,ISRG
821.73,821.73,821.73,821.73,100,2021-05-18 14:44:00,ISRG
821.91,822.45,821.9,822.45,600,2021-05-18 14:45:00,ISRG
822.8,823.64,822.8,823.64,500,2021-05-18 14:46:00,ISRG
823.85,823.85,823.85,823.85,100,2021-05-18 14:47:00,ISRG
823.66,823.665,823.33,823.35,1700,2021-05-18 14:48:00,ISRG
823.67,824.0,823.6,824.0,2000,2021-05-18 14:49:00,ISRG
824.0,824.0,823.45,823.53,2421,2021-05-18 14:50:00,ISRG
822.87,822.87,822.5,822.5,200,2021-05-18 14:52:00,ISRG
822.89,822.89,822.47,822.47,500,2021-05-18 14:53:00,ISRG
822.84,822.84,822.69,822.69,200,2021-05-18 14:55:00,ISRG
822.765,822.765,822.765,822.765,100,2021-05-18 14:56:00,ISRG
822.125,822.125,822.125,822.125,100,2021-05-18 14:57:00,ISRG
821.81,821.81,821.81,821.81,200,2021-05-18 14:58:00,ISRG
821.39,821.39,821.39,821.39,144,2021-05-18 15:00:00,ISRG
821.65,822.44,821.65,822.44,500,2021-05-18 15:01:00,ISRG
821.99,822.035,821.92,822.035,400,2021-05-18 15:02:00,ISRG
821.82,821.82,821.82,821.82,400,2021-05-18 15:04:00,ISRG
821.88,821.985,821.43,821.43,800,2021-05-18 15:05:00,ISRG
821.595,821.595,821.21,821.21,200,2021-05-18 15:06:00,ISRG
821.18,821.18,821.18,821.18,100,2021-05-18 15:07:00,ISRG
820.75,820.75,820.75,820.75,200,2021-05-18 15:08:00,ISRG
820.74,820.74,820.71,820.71,200,2021-05-18 15:09:00,ISRG
821.15,821.15,820.905,820.905,200,2021-05-18 15:10:00,ISRG
821.115,821.115,820.57,820.57,600,2021-05-18 15:12:00,ISRG
820.34,820.34,820.1,820.1,200,2021-05-18 15:14:00,ISRG
820.29,820.33,819.99,820.33,300,2021-05-18 15:15:00,ISRG
820.44,820.44,820.44,820.44,100,2021-05-18 15:18:00,ISRG
820.84,820.84,820.64,820.64,200,2021-05-18 15:19:00,ISRG
821.0,821.185,820.64,820.64,800,2021-05-18 15:22:00,ISRG
820.58,820.58,820.51,820.56,300,2021-05-18 15:23:00,ISRG
820.95,820.98,820.95,820.98,200,2021-05-18 15:24:00,ISRG
820.78,820.78,820.64,820.64,400,2021-05-18 15:25:00,ISRG
820.5,820.5,820.15,820.2899,1770,2021-05-18 15:26:00,ISRG
819.87,820.07,819.48,819.61,400,2021-05-18 15:27:00,ISRG
819.93,819.93,819.605,819.605,400,2021-05-18 15:28:00,ISRG
819.33,819.76,819.33,819.395,500,2021-05-18 15:29:00,ISRG
819.17,819.17,819.17,819.17,100,2021-05-18 15:30:00,ISRG
818.765,818.84,818.765,818.84,200,2021-05-18 15:31:00,ISRG
817.47,817.84,817.29,817.365,1170,2021-05-18 15:33:00,ISRG
817.32,817.66,817.22,817.23,800,2021-05-18 15:34:00,ISRG
817.74,818.085,817.705,818.08,700,2021-05-18 15:35:00,ISRG
817.93,818.24,817.93,818.24,300,2021-05-18 15:36:00,ISRG
818.25,818.83,818.25,818.83,500,2021-05-18 15:37:00,ISRG
819.02,819.35,819.02,819.09,400,2021-05-18 15:38:00,ISRG
819.055,819.055,819.055,819.055,100,2021-05-18 15:39:00,ISRG
819.24,819.24,819.035,819.07,400,2021-05-18 15:40:00,ISRG
819.17,819.17,819.17,819.17,100,2021-05-18 15:41:00,ISRG
819.115,819.21,818.69,818.69,500,2021-05-18 15:42:00,ISRG
818.67,818.67,818.67,818.67,100,2021-05-18 15:43:00,ISRG
818.58,818.58,818.56,818.56,200,2021-05-18 15:45:00,ISRG
817.93,817.93,817.84,817.855,400,2021-05-18 15:46:00,ISRG
817.57,818.35,817.55,817.55,1417,2021-05-18 15:47:00,ISRG
818.35,818.35,818.35,818.35,100,2021-05-18 15:48:00,ISRG
818.47,818.5,818.355,818.5,1808,2021-05-18 15:49:00,ISRG
818.5,818.5,817.61,817.695,2143,2021-05-18 15:50:00,ISRG
817.835,817.87,817.835,817.87,500,2021-05-18 15:51:00,ISRG
817.87,817.87,817.4,817.4,700,2021-05-18 15:52:00,ISRG
817.085,817.505,817.085,817.505,900,2021-05-18 15:53:00,ISRG
817.53,817.53,817.53,817.53,100,2021-05-18 15:56:00,ISRG
817.47,817.51,817.45,817.45,300,2021-05-18 15:57:00,ISRG
817.115,817.24,817.115,817.23,300,2021-05-18 15:58:00,ISRG
817.33,817.33,817.155,817.17,400,2021-05-18 15:59:00,ISRG
817.49,817.83,817.49,817.83,200,2021-05-18 16:00:00,ISRG
817.97,817.98,817.55,817.55,318,2021-05-18 16:01:00,ISRG
817.72,817.74,817.72,817.74,200,2021-05-18 16:02:00,ISRG
818.1989,818.1989,818.0,818.0,200,2021-05-18 16:03:00,ISRG
818.33,818.33,818.14,818.14,400,2021-05-18 16:04:00,ISRG
817.94,817.94,817.58,817.86,800,2021-05-18 16:05:00,ISRG
818.65,818.855,818.65,818.855,200,2021-05-18 16:06:00,ISRG
820.4,820.4,820.4,820.4,100,2021-05-18 16:09:00,ISRG
821.0,821.09,821.0,821.09,200,2021-05-18 16:12:00,ISRG
822.3,822.3,822.28,822.28,200,2021-05-18 16:13:00,ISRG
822.57,823.0,822.57,822.6287,300,2021-05-18 16:15:00,ISRG
823.0,823.38,823.0,823.335,2900,2021-05-18 16:16:00,ISRG
823.335,823.335,822.68,822.68,500,2021-05-18 16:17:00,ISRG
822.48,822.48,822.48,822.48,100,2021-05-18 16:19:00,ISRG
822.15,822.335,821.95,822.335,900,2021-05-18 16:21:00,ISRG
822.345,822.395,821.65,821.83,824,2021-05-18 16:22:00,ISRG
821.82,822.26,821.66,821.91,400,2021-05-18 16:23:00,ISRG
822.68,822.68,822.32,822.39,312,2021-05-18 16:25:00,ISRG
822.54,822.54,821.85,822.04,900,2021-05-18 16:26:00,ISRG
822.46,822.78,822.46,822.78,700,2021-05-18 16:28:00,ISRG
822.78,822.79,822.27,822.27,600,2021-05-18 16:29:00,ISRG
822.1,822.21,822.05,822.05,500,2021-05-18 16:30:00,ISRG
822.135,822.135,822.135,822.135,200,2021-05-18 16:31:00,ISRG
822.205,822.205,822.12,822.16,600,2021-05-18 16:32:00,ISRG
822.3624,822.58,822.3624,822.58,200,2021-05-18 16:34:00,ISRG
822.39,822.39,822.39,822.39,100,2021-05-18 16:35:00,ISRG
822.58,822.9,822.555,822.555,1445,2021-05-18 16:36:00,ISRG
822.71,822.71,822.11,822.11,300,2021-05-18 16:37:00,ISRG
822.3259,822.3259,822.095,822.095,400,2021-05-18 16:40:00,ISRG
821.78,822.42,821.78,822.42,200,2021-05-18 16:41:00,ISRG
822.31,822.31,822.055,822.055,1300,2021-05-18 16:43:00,ISRG
822.07,822.1,821.9575,821.9575,300,2021-05-18 16:44:00,ISRG
821.93,821.93,821.6137,821.6137,300,2021-05-18 16:45:00,ISRG
822.1,822.17,821.91,821.91,500,2021-05-18 16:46:00,ISRG
822.125,822.125,821.78,821.78,300,2021-05-18 16:47:00,ISRG
822.115,822.115,822.115,822.115,200,2021-05-18 16:48:00,ISRG
821.95,822.305,821.95,822.305,400,2021-05-18 16:49:00,ISRG
822.255,822.255,822.255,822.255,100,2021-05-18 16:50:00,ISRG
821.84,821.9425,821.84,821.9425,200,2021-05-18 16:51:00,ISRG
821.99,822.16,821.99,822.16,351,2021-05-18 16:52:00,ISRG
822.27,822.32,822.145,822.145,500,2021-05-18 16:53:00,ISRG
822.3199,822.3199,822.3199,822.3199,100,2021-05-18 16:54:00,ISRG
822.115,822.15,822.115,822.15,200,2021-05-18 16:55:00,ISRG
822.23,822.23,822.115,822.115,200,2021-05-18 16:56:00,ISRG
822.05,822.05,822.05,822.05,100,2021-05-18 16:57:00,ISRG
821.9,821.9,821.43,821.43,800,2021-05-18 16:58:00,ISRG
821.43,821.43,821.43,821.43,100,2021-05-18 16:59:00,ISRG
821.485,821.485,821.485,821.485,100,2021-05-18 17:00:00,ISRG
821.29,821.29,821.23,821.23,389,2021-05-18 17:01:00,ISRG
821.15,821.15,821.13,821.13,200,2021-05-18 17:02:00,ISRG
821.16,821.46,821.16,821.4,400,2021-05-18 17:03:00,ISRG
822.05,822.05,822.05,822.05,100,2021-05-18 17:04:00,ISRG
821.995,821.995,821.26,821.26,300,2021-05-18 17:05:00,ISRG
822.07,822.92,821.85,821.85,1000,2021-05-18 17:07:00,ISRG
822.24,822.24,822.24,822.24,200,2021-05-18 17:08:00,ISRG
822.29,822.29,822.29,822.29,100,2021-05-18 17:10:00,ISRG
821.72,821.72,821.72,821.72,100,2021-05-18 17:12:00,ISRG
822.36,822.36,822.36,822.36,100,2021-05-18 17:14:00,ISRG
822.06,822.25,822.06,822.25,200,2021-05-18 17:15:00,ISRG
821.93,822.07,821.93,822.07,500,2021-05-18 17:17:00,ISRG
821.5901,821.5901,821.5901,821.5901,470,2021-05-18 17:18:00,ISRG
822.22,822.31,822.145,822.145,509,2021-05-18 17:20:00,ISRG
822.21,822.29,822.21,822.29,200,2021-05-18 17:23:00,ISRG
822.26,822.26,822.26,822.26,100,2021-05-18 17:24:00,ISRG
822.3,822.3,822.3,822.3,100,2021-05-18 17:25:00,ISRG
822.45,822.45,822.4,822.4,200,2021-05-18 17:26:00,ISRG
822.27,822.27,822.27,822.27,200,2021-05-18 17:28:00,ISRG
822.435,822.61,822.435,822.5,300,2021-05-18 17:29:00,ISRG
822.61,822.61,822.46,822.46,200,2021-05-18 17:30:00,ISRG
821.72,821.72,821.62,821.62,200,2021-05-18 17:32:00,ISRG
821.46,821.46,821.46,821.46,100,2021-05-18 17:33:00,ISRG
821.59,821.59,821.57,821.57,200,2021-05-18 17:34:00,ISRG
822.03,822.03,821.6,821.6289,607,2021-05-18 17:35:00,ISRG
821.56,821.68,821.47,821.48,700,2021-05-18 17:36:00,ISRG
821.41,821.41,821.395,821.395,400,2021-05-18 17:37:00,ISRG
821.17,821.17,821.16,821.16,200,2021-05-18 17:38:00,ISRG
821.25,821.25,821.04,821.04,200,2021-05-18 17:40:00,ISRG
820.88,820.88,820.68,820.68,200,2021-05-18 17:41:00,ISRG
820.79,820.79,820.51,820.7,600,2021-05-18 17:42:00,ISRG
820.41,820.41,820.35,820.35,200,2021-05-18 17:43:00,ISRG
820.02,820.29,820.02,820.29,500,2021-05-18 17:44:00,ISRG
820.44,820.44,820.44,820.44,300,2021-05-18 17:45:00,ISRG
820.49,820.49,820.49,820.49,200,2021-05-18 17:47:00,ISRG
820.23,820.23,820.23,820.23,100,2021-05-18 17:48:00,ISRG
820.09,820.09,819.83,819.83,700,2021-05-18 17:49:00,ISRG
820.025,820.025,820.025,820.025,100,2021-05-18 17:50:00,ISRG
820.205,820.205,820.205,820.205,100,2021-05-18 17:51:00,ISRG
820.23,820.23,820.125,820.125,200,2021-05-18 17:52:00,ISRG
820.0,820.01,820.0,820.01,200,2021-05-18 17:54:00,ISRG
820.01,820.28,819.69,819.69,1748,2021-05-18 17:55:00,ISRG
819.69,819.69,819.55,819.55,200,2021-05-18 17:56:00,ISRG
819.63,819.63,819.63,819.63,100,2021-05-18 17:57:00,ISRG
819.515,819.635,819.28,819.28,700,2021-05-18 17:58:00,ISRG
819.435,819.435,819.435,819.435,100,2021-05-18 17:59:00,ISRG
819.455,819.455,819.35,819.43,500,2021-05-18 18:00:00,ISRG
819.505,819.71,819.505,819.5175,300,2021-05-18 18:01:00,ISRG
819.51,819.51,819.04,819.04,314,2021-05-18 18:02:00,ISRG
819.005,819.005,819.005,819.005,100,2021-05-18 18:03:00,ISRG
818.74,818.74,818.08,818.38,1014,2021-05-18 18:04:00,ISRG
818.445,818.445,818.445,818.445,100,2021-05-18 18:05:00,ISRG
818.58,818.945,818.575,818.93,5931,2021-05-18 18:06:00,ISRG
818.64,819.11,818.64,818.805,900,2021-05-18 18:07:00,ISRG
818.715,818.715,818.715,818.715,100,2021-05-18 18:08:00,ISRG
818.51,818.51,817.8366,817.8366,355,2021-05-18 18:09:00,ISRG
817.93,818.15,817.93,818.15,200,2021-05-18 18:10:00,ISRG
817.93,817.93,817.93,817.93,100,2021-05-18 18:11:00,ISRG
818.2,818.2,818.18,818.18,200,2021-05-18 18:12:00,ISRG
818.355,818.355,818.01,818.01,300,2021-05-18 18:13:00,ISRG
817.75,818.32,817.75,817.89,933,2021-05-18 18:16:00,ISRG
818.045,818.14,817.76,817.97,1000,2021-05-18 18:17:00,ISRG
818.03,818.03,818.02,818.02,200,2021-05-18 18:18:00,ISRG
817.92,817.92,817.63,817.63,566,2021-05-18 18:19:00,ISRG
817.86,818.17,817.86,818.05,700,2021-05-18 18:20:00,ISRG
817.82,817.82,817.44,817.79,600,2021-05-18 18:21:00,ISRG
817.73,817.73,817.73,817.73,200,2021-05-18 18:23:00,ISRG
817.88,817.88,817.795,817.795,200,2021-05-18 18:27:00,ISRG
818.21,818.21,817.795,818.2,2100,2021-05-18 18:28:00,ISRG
817.45,817.515,817.22,817.515,800,2021-05-18 18:29:00,ISRG
817.96,817.96,817.96,817.96,300,2021-05-18 18:30:00,ISRG
817.4273,817.4273,817.4273,817.4273,376,2021-05-18 18:31:00,ISRG
817.4,817.4,817.4,817.4,100,2021-05-18 18:32:00,ISRG
817.31,817.31,817.0,817.25,600,2021-05-18 18:33:00,ISRG
817.09,817.09,815.82,816.0,3006,2021-05-18 18:34:00,ISRG
815.01,815.28,815.01,815.28,300,2021-05-18 18:35:00,ISRG
815.5,815.51,815.5,815.5,900,2021-05-18 18:36:00,ISRG
815.0,815.19,814.85,815.19,700,2021-05-18 18:37:00,ISRG
815.435,815.435,815.435,815.435,200,2021-05-18 18:38:00,ISRG
815.435,815.435,815.435,815.435,400,2021-05-18 18:39:00,ISRG
814.8808,815.31,814.8808,815.31,254,2021-05-18 18:40:00,ISRG
815.0,815.0,815.0,815.0,100,2021-05-18 18:41:00,ISRG
814.0,814.0,813.89,813.89,200,2021-05-18 18:42:00,ISRG
814.2,814.235,813.74,814.235,700,2021-05-18 18:43:00,ISRG
814.52,814.52,814.52,814.52,100,2021-05-18 18:44:00,ISRG
814.75,814.75,814.03,814.03,2025,2021-05-18 18:45:00,ISRG
813.57,813.57,813.57,813.57,100,2021-05-18 18:47:00,ISRG
814.33,814.76,814.33,814.71,600,2021-05-18 18:48:00,ISRG
814.44,814.57,814.29,814.52,400,2021-05-18 18:49:00,ISRG
814.52,815.49,814.52,815.49,500,2021-05-18 18:50:00,ISRG
816.0,816.0,815.37,815.37,600,2021-05-18 18:51:00,ISRG
815.37,815.37,815.155,815.155,300,2021-05-18 18:53:00,ISRG
814.94,814.94,814.78,814.78,200,2021-05-18 18:54:00,ISRG
815.33,815.33,815.33,815.33,100,2021-05-18 18:56:00,ISRG
815.3,815.425,815.3,815.425,400,2021-05-18 18:57:00,ISRG
815.15,815.15,815.15,815.15,100,2021-05-18 18:58:00,ISRG
816.12,816.12,815.72,815.83,800,2021-05-18 19:00:00,ISRG
815.39,815.39,815.39,815.39,100,2021-05-18 19:01:00,ISRG
816.03,816.03,816.03,816.03,100,2021-05-18 19:02:00,ISRG
815.805,815.85,815.805,815.83,300,2021-05-18 19:03:00,ISRG
816.0025,816.12,816.0025,816.12,200,2021-05-18 19:04:00,ISRG
815.71,815.71,815.71,815.71,100,2021-05-18 19:05:00,ISRG
816.34,816.34,816.34,816.34,100,2021-05-18 19:06:00,ISRG
815.69,815.69,815.475,815.475,300,2021-05-18 19:07:00,ISRG
816.01,816.01,816.01,816.01,100,2021-05-18 19:09:00,ISRG
815.73,816.08,815.73,816.08,200,2021-05-18 19:11:00,ISRG
816.2,816.2,815.72,815.86,400,2021-05-18 19:13:00,ISRG
815.6,815.6,815.46,815.46,245,2021-05-18 19:14:00,ISRG
815.5,815.71,814.68,815.71,4937,2021-05-18 19:15:00,ISRG
815.365,815.63,815.2,815.54,900,2021-05-18 19:16:00,ISRG
815.79,816.055,815.44,816.035,2168,2021-05-18 19:17:00,ISRG
815.98,816.97,815.97,816.97,3587,2021-05-18 19:18:00,ISRG
816.74,817.025,816.68,817.025,2332,2021-05-18 19:19:00,ISRG
817.44,817.44,817.44,817.44,200,2021-05-18 19:23:00,ISRG
817.805,817.805,817.805,817.805,100,2021-05-18 19:24:00,ISRG
818.115,818.12,818.115,818.12,500,2021-05-18 19:25:00,ISRG
818.37,818.37,818.35,818.35,400,2021-05-18 19:26:00,ISRG
818.56,818.56,818.56,818.56,100,2021-05-18 19:27:00,ISRG
818.37,818.37,818.37,818.37,100,2021-05-18 19:28:00,ISRG
819.18,819.39,819.18,819.39,300,2021-05-18 19:31:00,ISRG
819.74,819.74,819.74,819.74,100,2021-05-18 19:32:00,ISRG
819.77,819.83,819.77,819.83,200,2021-05-18 19:34:00,ISRG
819.92,819.92,819.78,819.78,200,2021-05-18 19:35:00,ISRG
819.78,819.78,819.78,819.78,200,2021-05-18 19:36:00,ISRG
819.775,819.775,819.38,819.4475,1100,2021-05-18 19:37:00,ISRG
818.965,819.51,818.965,819.51,500,2021-05-18 19:39:00,ISRG
820.1,820.1,820.1,820.1,100,2021-05-18 19:40:00,ISRG
820.405,820.78,820.34,820.34,400,2021-05-18 19:41:00,ISRG
820.69,820.69,820.69,820.69,100,2021-05-18 19:42:00,ISRG
820.17,820.35,820.04,820.055,500,2021-05-18 19:43:00,ISRG
819.87,819.87,819.87,819.87,156,2021-05-18 19:45:00,ISRG
819.3,819.63,818.37,818.81,1500,2021-05-18 19:46:00,ISRG
818.45,818.45,818.45,818.45,100,2021-05-18 19:47:00,ISRG
817.385,817.61,817.21,817.61,300,2021-05-18 19:48:00,ISRG
816.52,816.77,816.32,816.675,800,2021-05-18 19:49:00,ISRG
816.18,816.38,815.31,816.38,300,2021-05-18 19:50:00,ISRG
815.38,816.28,815.38,816.28,804,2021-05-18 19:51:00,ISRG
815.9,816.27,815.72,816.27,600,2021-05-18 19:52:00,ISRG
815.46,815.755,815.15,815.69,1000,2021-05-18 19:53:00,ISRG
816.2,816.2,815.59,815.59,1200,2021-05-18 19:54:00,ISRG
815.955,816.4,815.52,816.36,1100,2021-05-18 19:55:00,ISRG
816.08,816.37,815.58,816.115,1771,2021-05-18 19:56:00,ISRG
816.28,816.74,815.73,815.81,1765,2021-05-18 19:57:00,ISRG
816.07,816.28,815.77,816.17,1796,2021-05-18 19:58:00,ISRG
815.79,816.4,813.94,814.22,4545,2021-05-18 19:59:00,ISRG
814.62,814.62,814.62,814.62,44743,2021-05-18 20:00:00,ISRG
814.62,814.62,814.62,814.62,1298,2021-05-18 20:01:00,ISRG
814.62,814.62,814.62,814.62,4425,2021-05-18 20:02:00,ISRG
814.62,814.62,814.62,814.62,174,2021-05-18 20:12:00,ISRG
814.62,814.62,814.62,814.62,48546,2021-05-18 20:46:00,ISRG
805.1,805.1,805.1,805.1,413,2021-05-19 11:00:00,ISRG
804.0,804.0,804.0,804.0,200,2021-05-19 12:43:00,ISRG
804.0,804.0,804.0,804.0,100,2021-05-19 12:52:00,ISRG
801.74,803.34,800.0,803.34,10052,2021-05-19 13:30:00,ISRG
800.9,802.15,800.0,800.0,1000,2021-05-19 13:31:00,ISRG
799.25,801.75,799.25,801.75,500,2021-05-19 13:32:00,ISRG
806.0882,808.315,806.0882,806.71,408,2021-05-19 13:36:00,ISRG
803.01,803.065,803.01,803.065,200,2021-05-19 13:38:00,ISRG
802.13,802.13,801.29,801.53,1024,2021-05-19 13:41:00,ISRG
800.94,802.13,800.94,802.13,200,2021-05-19 13:42:00,ISRG
803.09,803.09,803.09,803.09,100,2021-05-19 13:43:00,ISRG
804.21,804.41,802.81,804.41,300,2021-05-19 13:45:00,ISRG
802.44,802.44,802.21,802.21,300,2021-05-19 13:47:00,ISRG
802.27,802.27,801.845,801.845,200,2021-05-19 13:48:00,ISRG
802.64,803.86,801.74,802.005,1000,2021-05-19 13:49:00,ISRG
801.73,802.02,801.52,801.94,606,2021-05-19 13:50:00,ISRG
802.53,802.53,801.4701,801.4701,200,2021-05-19 13:51:00,ISRG
801.87,802.47,801.62,802.27,500,2021-05-19 13:52:00,ISRG
802.11,802.11,801.47,801.47,400,2021-05-19 13:53:00,ISRG
801.48,801.63,801.09,801.11,1200,2021-05-19 13:55:00,ISRG
800.59,801.41,800.59,801.015,2700,2021-05-19 13:56:00,ISRG
800.58,800.58,799.57,799.57,1400,2021-05-19 13:57:00,ISRG
799.4692,800.37,799.4692,800.055,350,2021-05-19 13:58:00,ISRG
799.75,800.18,799.75,800.18,302,2021-05-19 13:59:00,ISRG
800.61,801.365,800.61,801.365,300,2021-05-19 14:00:00,ISRG
800.28,800.28,799.38,799.5,1505,2021-05-19 14:01:00,ISRG
798.92,799.32,798.13,798.55,1713,2021-05-19 14:02:00,ISRG
798.3,798.3,797.76,797.76,700,2021-05-19 14:03:00,ISRG
797.82,797.87,797.71,797.87,329,2021-05-19 14:04:00,ISRG
799.0499,799.0499,799.0499,799.0499,100,2021-05-19 14:05:00,ISRG
798.14,798.14,798.03,798.03,300,2021-05-19 14:06:00,ISRG
798.07,798.07,798.015,798.015,200,2021-05-19 14:08:00,ISRG
798.88,799.05,798.88,799.05,300,2021-05-19 14:09:00,ISRG
799.38,799.67,799.38,799.67,550,2021-05-19 14:10:00,ISRG
798.88,799.1,798.12,798.25,1358,2021-05-19 14:11:00,ISRG
798.23,798.4939,798.2,798.2,300,2021-05-19 14:12:00,ISRG
799.15,799.6,799.14,799.6,700,2021-05-19 14:13:00,ISRG
799.9,800.75,799.9,800.75,1440,2021-05-19 14:14:00,ISRG
800.71,800.71,799.89,799.89,1110,2021-05-19 14:15:00,ISRG
798.51,798.51,798.51,798.51,100,2021-05-19 14:16:00,ISRG
799.57,799.57,799.57,799.57,100,2021-05-19 14:18:00,ISRG
801.165,801.165,800.97,800.98,867,2021-05-19 14:19:00,ISRG
800.53,801.13,800.52,801.035,1700,2021-05-19 14:20:00,ISRG
800.74,800.74,800.09,800.09,400,2021-05-19 14:21:00,ISRG
800.05,800.05,800.05,800.05,100,2021-05-19 14:22:00,ISRG
801.02,801.5075,801.0,801.5075,500,2021-05-19 14:23:00,ISRG
801.255,801.255,801.255,801.255,100,2021-05-19 14:24:00,ISRG
801.405,802.43,801.405,802.43,1810,2021-05-19 14:25:00,ISRG
802.2925,802.68,801.93,801.93,1908,2021-05-19 14:26:00,ISRG
801.78,801.95,801.43,801.43,1200,2021-05-19 14:27:00,ISRG
801.15,801.17,800.975,800.975,1100,2021-05-19 14:28:00,ISRG
801.225,801.225,801.185,801.185,206,2021-05-19 14:29:00,ISRG
800.76,801.23,800.51,801.23,400,2021-05-19 14:30:00,ISRG
802.8,803.84,802.31,802.31,1000,2021-05-19 14:32:00,ISRG
802.31,802.31,801.205,801.205,500,2021-05-19 14:33:00,ISRG
801.735,801.75,801.22,801.22,400,2021-05-19 14:34:00,ISRG
800.88,801.45,800.88,801.45,400,2021-05-19 14:35:00,ISRG
801.97,802.47,801.89,802.47,300,2021-05-19 14:36:00,ISRG
802.56,802.56,802.56,802.56,100,2021-05-19 14:37:00,ISRG
801.42,801.95,801.42,801.95,300,2021-05-19 14:38:00,ISRG
801.925,801.925,801.0,801.23,300,2021-05-19 14:40:00,ISRG
801.95,801.95,800.35,801.75,818,2021-05-19 14:41:00,ISRG
801.5497,801.5497,801.34,801.34,500,2021-05-19 14:42:00,ISRG
802.14,802.55,802.14,802.245,15600,2021-05-19 14:43:00,ISRG
801.88,803.0,801.88,803.0,500,2021-05-19 14:44:00,ISRG
803.365,805.0,803.365,805.0,1890,2021-05-19 14:45:00,ISRG
805.4,805.92,805.305,805.92,900,2021-05-19 14:46:00,ISRG
805.59,806.2,805.59,806.2,300,2021-05-19 14:48:00,ISRG
806.675,806.89,806.675,806.89,200,2021-05-19 14:50:00,ISRG
808.79,809.18,808.79,809.18,200,2021-05-19 14:51:00,ISRG
809.14,809.5,808.76,808.76,600,2021-05-19 14:52:00,ISRG
808.89,809.05,808.87,809.05,300,2021-05-19 14:53:00,ISRG
809.07,809.22,809.07,809.22,300,2021-05-19 14:55:00,ISRG
810.385,810.475,809.79,810.475,300,2021-05-19 14:58:00,ISRG
809.21,809.21,809.21,809.21,200,2021-05-19 14:59:00,ISRG
809.45,809.45,809.45,809.45,100,2021-05-19 15:01:00,ISRG
809.395,809.395,808.62,808.62,623,2021-05-19 15:02:00,ISRG
808.375,808.43,807.39,807.425,1165,2021-05-19 15:03:00,ISRG
806.89,806.89,806.89,806.89,100,2021-05-19 15:04:00,ISRG
806.45,806.6,806.45,806.6,200,2021-05-19 15:05:00,ISRG
806.995,807.49,806.995,807.43,500,2021-05-19 15:06:00,ISRG
807.96,808.4975,807.49,808.4975,700,2021-05-19 15:07:00,ISRG
809.29,809.29,808.68,809.14,840,2021-05-19 15:08:00,ISRG
809.2075,809.2075,808.59,808.85,700,2021-05-19 15:09:00,ISRG
808.25,808.25,808.25,808.25,100,2021-05-19 15:10:00,ISRG
808.57,808.57,807.72,807.72,1300,2021-05-19 15:11:00,ISRG
808.02,808.02,808.02,808.02,100,2021-05-19 15:12:00,ISRG
808.4986,808.7,808.34,808.7,600,2021-05-19 15:13:00,ISRG
808.685,808.685,808.34,808.35,2501,2021-05-19 15:14:00,ISRG
807.61,807.61,806.96,806.96,200,2021-05-19 15:15:00,ISRG
806.09,806.09,805.955,805.955,200,2021-05-19 15:16:00,ISRG
805.0,805.0,804.8,804.8,200,2021-05-19 15:18:00,ISRG
805.18,805.18,805.18,805.18,100,2021-05-19 15:19:00,ISRG
805.01,805.545,805.01,805.545,300,2021-05-19 15:20:00,ISRG
806.53,806.53,806.53,806.53,113,2021-05-19 15:22:00,ISRG
806.79,806.79,806.79,806.79,100,2021-05-19 15:24:00,ISRG
806.38,806.77,806.38,806.77,200,2021-05-19 15:26:00,ISRG
806.77,806.77,806.77,806.77,300,2021-05-19 15:27:00,ISRG
806.715,806.715,806.715,806.715,100,2021-05-19 15:29:00,ISRG
806.16,806.41,806.11,806.41,300,2021-05-19 15:30:00,ISRG
805.26,805.26,805.26,805.26,100,2021-05-19 15:32:00,ISRG
805.395,805.8,805.395,805.8,220,2021-05-19 15:33:00,ISRG
806.343,806.343,806.343,806.343,112,2021-05-19 15:34:00,ISRG
804.92,804.92,804.92,804.92,100,2021-05-19 15:35:00,ISRG
805.5798,805.5798,805.5798,805.5798,477,2021-05-19 15:37:00,ISRG
805.19,805.78,805.19,805.78,500,2021-05-19 15:39:00,ISRG
806.49,806.49,806.49,806.49,100,2021-05-19 15:40:00,ISRG
805.86,805.86,805.73,805.73,200,2021-05-19 15:41:00,ISRG
805.37,805.58,805.14,805.14,400,2021-05-19 15:42:00,ISRG
806.34,806.34,806.34,806.34,100,2021-05-19 15:48:00,ISRG
807.72,807.72,806.88,807.465,700,2021-05-19 15:53:00,ISRG
807.46,807.46,806.89,806.89,200,2021-05-19 15:54:00,ISRG
808.82,810.11,808.82,810.11,300,2021-05-19 15:56:00,ISRG
809.7,809.7,809.11,809.11,492,2021-05-19 15:58:00,ISRG
808.64,808.64,808.64,808.64,100,2021-05-19 16:01:00,ISRG
808.08,808.08,808.08,808.08,100,2021-05-19 16:02:00,ISRG
808.09,808.255,808.09,808.255,200,2021-05-19 16:03:00,ISRG
807.66,808.17,807.66,808.17,200,2021-05-19 16:06:00,ISRG
809.24,809.24,809.24,809.24,100,2021-05-19 16:08:00,ISRG
808.97,808.97,808.97,808.97,200,2021-05-19 16:09:00,ISRG
809.86,809.86,809.86,809.86,100,2021-05-19 16:12:00,ISRG
810.05,810.52,809.53,809.53,350,2021-05-19 16:13:00,ISRG
810.67,810.67,810.67,810.67,100,2021-05-19 16:15:00,ISRG
810.97,810.97,810.66,810.66,500,2021-05-19 16:16:00,ISRG
810.76,810.76,810.76,810.76,100,2021-05-19 16:19:00,ISRG
810.47,810.47,809.91,810.115,500,2021-05-19 16:20:00,ISRG
810.25,810.47,810.25,810.47,400,2021-05-19 16:24:00,ISRG
810.44,810.44,810.1394,810.1394,215,2021-05-19 16:25:00,ISRG
809.7,809.7,809.62,809.62,200,2021-05-19 16:26:00,ISRG
809.52,809.795,809.52,809.795,300,2021-05-19 16:28:00,ISRG
809.1,809.1,809.1,809.1,104,2021-05-19 16:29:00,ISRG
808.96,808.96,808.96,808.96,100,2021-05-19 16:33:00,ISRG
808.96,809.09,808.96,808.99,400,2021-05-19 16:34:00,ISRG
809.53,809.82,809.53,809.82,500,2021-05-19 16:36:00,ISRG
809.99,809.99,809.99,809.99,100,2021-05-19 16:37:00,ISRG
810.01,810.22,809.96,810.22,400,2021-05-19 16:39:00,ISRG
810.22,810.22,810.22,810.22,100,2021-05-19 16:41:00,ISRG
811.14,811.14,809.93,809.93,400,2021-05-19 16:44:00,ISRG
810.255,810.255,810.255,810.255,100,2021-05-19 16:45:00,ISRG
810.86,810.86,810.86,810.86,500,2021-05-19 16:48:00,ISRG
811.615,811.615,811.045,811.045,3100,2021-05-19 16:55:00,ISRG
811.6,811.6,811.6,811.6,421,2021-05-19 16:56:00,ISRG
811.6,811.6,811.34,811.34,1665,2021-05-19 16:57:00,ISRG
810.65,810.65,810.65,810.65,100,2021-05-19 16:58:00,ISRG
810.7,810.73,810.7,810.73,200,2021-05-19 17:00:00,ISRG
811.37,811.37,811.37,811.37,100,2021-05-19 17:01:00,ISRG
810.93,810.93,810.93,810.93,100,2021-05-19 17:05:00,ISRG
812.0,812.27,812.0,812.27,1000,2021-05-19 17:07:00,ISRG
812.38,812.38,812.38,812.38,100,2021-05-19 17:08:00,ISRG
812.11,812.11,811.53,811.775,500,2021-05-19 17:09:00,ISRG
812.4,812.42,812.4,812.42,300,2021-05-19 17:15:00,ISRG
812.89,812.89,812.54,812.54,300,2021-05-19 17:17:00,ISRG
811.76,811.76,811.76,811.76,100,2021-05-19 17:21:00,ISRG
811.34,811.34,811.09,811.09,500,2021-05-19 17:28:00,ISRG
811.0,811.0,811.0,811.0,100,2021-05-19 17:29:00,ISRG
811.22,811.22,811.22,811.22,100,2021-05-19 17:31:00,ISRG
810.86,811.07,810.86,811.07,400,2021-05-19 17:33:00,ISRG
809.95,810.1,809.95,809.96,300,2021-05-19 17:36:00,ISRG
810.35,810.35,810.35,810.35,150,2021-05-19 17:38:00,ISRG
810.73,811.21,810.73,811.13,400,2021-05-19 17:39:00,ISRG
811.16,811.16,810.64,810.64,300,2021-05-19 17:40:00,ISRG
810.46,810.645,810.46,810.645,200,2021-05-19 17:41:00,ISRG
811.13,811.615,811.13,811.4,1800,2021-05-19 17:46:00,ISRG
811.98,811.98,811.98,811.98,1100,2021-05-19 17:47:00,ISRG
811.84,812.005,811.84,812.005,300,2021-05-19 17:49:00,ISRG
812.0075,812.0075,812.0075,812.0075,200,2021-05-19 17:50:00,ISRG
811.59,811.59,811.33,811.33,200,2021-05-19 17:51:00,ISRG
811.06,811.22,810.53,810.555,1909,2021-05-19 17:53:00,ISRG
809.85,809.85,809.85,809.85,100,2021-05-19 17:55:00,ISRG
809.8,809.8,809.4202,809.4202,1246,2021-05-19 17:56:00,ISRG
809.8,810.185,809.8,810.185,200,2021-05-19 17:57:00,ISRG
810.23,810.23,810.2,810.2,300,2021-05-19 17:58:00,ISRG
811.11,811.11,808.42,808.42,400,2021-05-19 18:04:00,ISRG
806.85,806.85,806.13,806.13,200,2021-05-19 18:05:00,ISRG
808.3,808.3,808.3,808.3,1372,2021-05-19 18:08:00,ISRG
807.85,808.0,807.49,807.56,500,2021-05-19 18:10:00,ISRG
807.35,807.35,807.35,807.35,100,2021-05-19 18:11:00,ISRG
807.93,807.93,807.93,807.93,100,2021-05-19 18:13:00,ISRG
809.005,809.005,806.9,807.85,400,2021-05-19 18:15:00,ISRG
806.99,806.99,806.47,806.8941,24691,2021-05-19 18:16:00,ISRG
807.21,807.21,807.21,807.21,100,2021-05-19 18:18:00,ISRG
807.83,807.83,807.83,807.83,100,2021-05-19 18:19:00,ISRG
810.11,811.385,810.06,811.19,1400,2021-05-19 18:20:00,ISRG
810.7875,810.7875,810.7875,810.7875,100,2021-05-19 18:21:00,ISRG
811.245,812.15,811.22,812.15,714,2021-05-19 18:22:00,ISRG
812.485,813.99,812.42,813.34,2168,2021-05-19 18:23:00,ISRG
812.98,813.34,811.9,811.9,1200,2021-05-19 18:24:00,ISRG
812.23,812.23,811.48,811.48,800,2021-05-19 18:25:00,ISRG
811.335,811.335,811.335,811.335,300,2021-05-19 18:26:00,ISRG
810.97,810.97,810.35,810.35,1100,2021-05-19 18:27:00,ISRG
810.36,810.8,810.03,810.08,2600,2021-05-19 18:28:00,ISRG
810.225,810.67,810.17,810.2,2600,2021-05-19 18:29:00,ISRG
810.07,810.91,810.07,810.91,1736,2021-05-19 18:30:00,ISRG
811.165,811.165,811.165,811.165,115,2021-05-19 18:31:00,ISRG
811.09,811.45,810.61,810.61,700,2021-05-19 18:32:00,ISRG
810.74,810.74,809.37,809.37,200,2021-05-19 18:33:00,ISRG
809.59,809.59,809.59,809.59,100,2021-05-19 18:34:00,ISRG
808.9482,809.54,808.9482,809.54,200,2021-05-19 18:35:00,ISRG
809.885,809.885,809.885,809.885,100,2021-05-19 18:36:00,ISRG
809.19,809.19,808.93,808.93,200,2021-05-19 18:37:00,ISRG
808.43,808.43,808.43,808.43,100,2021-05-19 18:38:00,ISRG
806.99,806.99,806.86,806.86,200,2021-05-19 18:41:00,ISRG
807.155,807.155,807.155,807.155,100,2021-05-19 18:42:00,ISRG
808.715,808.715,808.37,808.37,200,2021-05-19 18:43:00,ISRG
807.27,807.27,807.27,807.27,100,2021-05-19 18:45:00,ISRG
807.525,807.525,807.525,807.525,100,2021-05-19 18:46:00,ISRG
807.43,807.47,807.2,807.37,700,2021-05-19 18:48:00,ISRG
807.32,807.575,807.32,807.32,400,2021-05-19 18:49:00,ISRG
807.365,808.1,807.365,808.1,200,2021-05-19 18:53:00,ISRG
808.03,808.77,808.03,808.74,300,2021-05-19 18:54:00,ISRG
808.96,808.96,808.96,808.96,100,2021-05-19 18:55:00,ISRG
808.33,809.57,808.33,809.57,200,2021-05-19 18:56:00,ISRG
809.57,810.265,809.57,810.22,700,2021-05-19 18:57:00,ISRG
810.57,810.57,809.38,809.38,400,2021-05-19 18:58:00,ISRG
809.52,809.52,809.52,809.52,100,2021-05-19 18:59:00,ISRG
809.3,809.3,808.39,808.64,900,2021-05-19 19:00:00,ISRG
807.72,807.72,807.72,807.72,100,2021-05-19 19:01:00,ISRG
807.595,807.595,807.595,807.595,100,2021-05-19 19:02:00,ISRG
807.75,807.75,807.75,807.75,100,2021-05-19 19:03:00,ISRG
807.02,807.02,807.02,807.02,100,2021-05-19 19:04:00,ISRG
808.51,808.51,808.51,808.51,100,2021-05-19 19:05:00,ISRG
807.92,808.03,807.92,808.03,200,2021-05-19 19:06:00,ISRG
809.99,809.99,809.99,809.99,100,2021-05-19 19:08:00,ISRG
810.205,810.53,809.89,810.53,1300,2021-05-19 19:10:00,ISRG
810.635,810.635,809.2,809.2,500,2021-05-19 19:11:00,ISRG
809.87,809.87,809.87,809.87,200,2021-05-19 19:14:00,ISRG
810.2,810.215,809.68,809.7,700,2021-05-19 19:15:00,ISRG
810.08,810.295,810.08,810.295,400,2021-05-19 19:17:00,ISRG
809.59,809.59,809.59,809.59,100,2021-05-19 19:18:00,ISRG
810.33,810.33,810.33,810.33,100,2021-05-19 19:19:00,ISRG
810.22,810.22,810.22,810.22,300,2021-05-19 19:21:00,ISRG
810.22,810.22,810.2,810.2,300,2021-05-19 19:22:00,ISRG
810.22,810.57,810.22,810.505,500,2021-05-19 19:23:00,ISRG
810.815,811.35,810.63,811.35,500,2021-05-19 19:24:00,ISRG
811.355,811.395,811.355,811.395,216,2021-05-19 19:25:00,ISRG
810.93,810.93,810.34,810.34,1500,2021-05-19 19:26:00,ISRG
810.295,810.295,809.82,810.135,466,2021-05-19 19:27:00,ISRG
810.35,810.85,810.16,810.36,5100,2021-05-19 19:28:00,ISRG
810.75,810.75,810.75,810.75,100,2021-05-19 19:29:00,ISRG
810.64,810.64,810.02,810.215,800,2021-05-19 19:30:00,ISRG
810.14,810.25,810.14,810.215,300,2021-05-19 19:31:00,ISRG
810.25,810.25,809.83,809.83,900,2021-05-19 19:32:00,ISRG
810.25,810.56,810.19,810.3,1100,2021-05-19 19:34:00,ISRG
810.435,810.435,810.01,810.2975,600,2021-05-19 19:35:00,ISRG
810.87,811.2,810.78,811.2,300,2021-05-19 19:36:00,ISRG
810.5,812.16,810.5,812.16,515,2021-05-19 19:37:00,ISRG
812.295,812.295,812.295,812.295,100,2021-05-19 19:38:00,ISRG
812.725,813.18,812.415,813.18,500,2021-05-19 19:39:00,ISRG
813.01,813.01,812.0,812.22,904,2021-05-19 19:40:00,ISRG
811.315,811.61,811.315,811.61,200,2021-05-19 19:42:00,ISRG
811.68,811.915,811.68,811.915,200,2021-05-19 19:43:00,ISRG
811.885,811.885,810.95,811.35,800,2021-05-19 19:44:00,ISRG
811.46,811.88,811.05,811.88,600,2021-05-19 19:46:00,ISRG
811.0798,811.72,810.93,811.28,1268,2021-05-19 19:47:00,ISRG
810.6046,811.92,810.6046,811.92,749,2021-05-19 19:48:00,ISRG
811.79,811.83,811.16,811.16,800,2021-05-19 19:49:00,ISRG
812.17,813.915,812.17,813.915,1200,2021-05-19 19:50:00,ISRG
814.19,814.69,814.15,814.15,700,2021-05-19 19:51:00,ISRG
814.49,814.49,813.82,814.07,1200,2021-05-19 19:52:00,ISRG
814.36,815.05,814.11,815.05,800,2021-05-19 19:53:00,ISRG
815.51,816.44,814.82,815.4,5655,2021-05-19 19:54:00,ISRG
815.04,815.67,814.75,815.67,1900,2021-05-19 19:55:00,ISRG
815.45,816.29,815.35,815.95,2106,2021-05-19 19:56:00,ISRG
815.985,816.44,815.5,816.44,2303,2021-05-19 19:57:00,ISRG
816.26,816.35,815.86,816.23,1600,2021-05-19 19:58:00,ISRG
816.13,817.03,815.86,816.58,6305,2021-05-19 19:59:00,ISRG
816.96,816.96,816.96,816.96,76187,2021-05-19 20:00:00,ISRG
816.96,816.96,816.96,816.96,11110,2021-05-19 20:01:00,ISRG
816.96,816.96,816.96,816.96,104,2021-05-19 20:02:00,ISRG
816.96,816.96,816.96,816.96,14775,2021-05-19 21:17:00,ISRG
816.96,816.96,816.96,816.96,84276,2021-05-20 12:25:00,ISRG
820.57,822.2,819.74,819.74,6367,2021-05-20 13:30:00,ISRG
823.7,824.99,820.5,820.5,17303,2021-05-20 13:33:00,ISRG
821.2,822.0,821.2,822.0,8844,2021-05-20 13:34:00,ISRG
822.0,822.0,821.41,821.56,4434,2021-05-20 13:35:00,ISRG
822.0,823.55,822.0,823.55,2860,2021-05-20 13:36:00,ISRG
823.64,824.88,823.32,824.59,800,2021-05-20 13:37:00,ISRG
823.9,824.0,823.85,824.0,400,2021-05-20 13:38:00,ISRG
825.0,825.0,825.0,825.0,7181,2021-05-20 13:40:00,ISRG
824.95,825.0,824.95,825.0,1645,2021-05-20 13:41:00,ISRG
824.34,824.39,824.34,824.39,200,2021-05-20 13:42:00,ISRG
824.89,825.0,824.89,825.0,1818,2021-05-20 13:43:00,ISRG
824.4913,824.4913,823.25,823.25,500,2021-05-20 13:44:00,ISRG
824.035,825.0,824.035,825.0,1451,2021-05-20 13:45:00,ISRG
824.67,824.67,824.67,824.67,200,2021-05-20 13:46:00,ISRG
825.0,826.0,824.95,826.0,6486,2021-05-20 13:47:00,ISRG
826.0,826.0,825.99,826.0,3852,2021-05-20 13:48:00,ISRG
826.0,826.0,825.61,826.0,1560,2021-05-20 13:49:00,ISRG
825.54,825.54,825.54,825.54,100,2021-05-20 13:50:00,ISRG
826.2535,826.2535,826.2535,826.2535,650,2021-05-20 13:51:00,ISRG
826.335,827.0,826.25,826.25,2550,2021-05-20 13:52:00,ISRG
826.72,826.72,825.84,825.84,222,2021-05-20 13:56:00,ISRG
825.69,825.69,825.67,825.67,200,2021-05-20 13:57:00,ISRG
826.21,826.21,825.04,825.04,871,2021-05-20 13:58:00,ISRG
826.97,827.0,826.5,826.5,2136,2021-05-20 14:01:00,ISRG
827.0,827.0,825.9654,826.02,3267,2021-05-20 14:02:00,ISRG
826.665,826.665,826.35,826.35,200,2021-05-20 14:04:00,ISRG
827.0,827.0,826.67,826.67,3982,2021-05-20 14:05:00,ISRG
826.55,826.55,826.55,826.55,100,2021-05-20 14:06:00,ISRG
826.705,826.705,826.705,826.705,100,2021-05-20 14:07:00,ISRG
826.71,827.0,826.61,827.0,1417,2021-05-20 14:08:00,ISRG
827.0,827.19,826.89,827.19,2585,2021-05-20 14:09:00,ISRG
826.95,827.6999,826.95,827.6999,200,2021-05-20 14:10:00,ISRG
827.66,827.66,827.66,827.66,100,2021-05-20 14:11:00,ISRG
827.8,827.8,827.8,827.8,100,2021-05-20 14:13:00,ISRG
828.56,828.56,828.56,828.56,200,2021-05-20 14:14:00,ISRG
829.67,830.0,829.4,829.4,1627,2021-05-20 14:15:00,ISRG
829.8,830.0,829.72,829.81,1826,2021-05-20 14:17:00,ISRG
829.66,829.66,829.54,829.5774,365,2021-05-20 14:18:00,ISRG
830.0,830.0,829.36,829.36,754,2021-05-20 14:19:00,ISRG
830.0,830.0,829.325,829.325,603,2021-05-20 14:20:00,ISRG
829.99,830.0,829.99,830.0,1165,2021-05-20 14:22:00,ISRG
830.0,830.0,830.0,830.0,2516,2021-05-20 14:23:00,ISRG
829.55,829.55,829.55,829.55,100,2021-05-20 14:24:00,ISRG
829.92,830.0,829.92,830.0,1863,2021-05-20 14:25:00,ISRG
829.54,829.54,829.52,829.52,300,2021-05-20 14:26:00,ISRG
829.59,829.59,829.585,829.585,200,2021-05-20 14:28:00,ISRG
830.0,830.0,830.0,830.0,1580,2021-05-20 14:30:00,ISRG
829.99,830.0,829.99,830.0,4162,2021-05-20 14:31:00,ISRG
829.735,829.735,829.735,829.735,300,2021-05-20 14:32:00,ISRG
830.0,830.0,830.0,830.0,561,2021-05-20 14:33:00,ISRG
830.0,830.6,830.0,830.6,946,2021-05-20 14:34:00,ISRG
830.6373,830.6373,830.24,830.24,700,2021-05-20 14:35:00,ISRG
830.02,830.65,830.02,830.65,400,2021-05-20 14:37:00,ISRG
830.81,831.0,830.65,830.65,5003,2021-05-20 14:38:00,ISRG
830.56,830.755,830.56,830.75,978,2021-05-20 14:39:00,ISRG
830.7,830.73,830.7,830.73,220,2021-05-20 14:40:00,ISRG
831.0,831.0,830.83,830.83,3588,2021-05-20 14:41:00,ISRG
831.0,831.24,830.99,831.24,1990,2021-05-20 14:42:00,ISRG
831.59,831.6,831.59,831.6,200,2021-05-20 14:44:00,ISRG
831.99,832.0,831.76,831.76,1635,2021-05-20 14:45:00,ISRG
831.51,831.51,831.51,831.51,100,2021-05-20 14:46:00,ISRG
831.35,831.35,830.0,830.0,800,2021-05-20 14:47:00,ISRG
829.99,830.0,829.99,830.0,895,2021-05-20 14:48:00,ISRG
829.92,830.0,829.4,829.5,2872,2021-05-20 14:50:00,ISRG
829.455,829.455,829.455,829.455,100,2021-05-20 14:51:00,ISRG
830.0,830.0,829.85,829.85,229,2021-05-20 14:52:00,ISRG
830.0,830.0,830.0,830.0,1823,2021-05-20 14:53:00,ISRG
829.665,829.85,829.665,829.85,200,2021-05-20 14:54:00,ISRG
830.0,830.0,829.555,829.555,3000,2021-05-20 14:55:00,ISRG
829.3842,829.864,829.3842,829.64,300,2021-05-20 14:56:00,ISRG
830.0,830.0,830.0,830.0,600,2021-05-20 14:57:00,ISRG
830.0,830.0,830.0,830.0,2573,2021-05-20 14:58:00,ISRG
830.0,830.0,830.0,830.0,1196,2021-05-20 14:59:00,ISRG
830.0,830.0,829.92,830.0,4654,2021-05-20 15:00:00,ISRG
830.0,830.0,829.77,829.84,700,2021-05-20 15:01:00,ISRG
829.64,830.0,829.64,830.0,1677,2021-05-20 15:05:00,ISRG
830.0,830.0,829.7685,829.7685,571,2021-05-20 15:06:00,ISRG
829.69,830.0,829.68,830.0,2084,2021-05-20 15:07:00,ISRG
829.715,829.755,829.68,829.68,400,2021-05-20 15:09:00,ISRG
829.68,830.0,829.68,830.0,1383,2021-05-20 15:10:00,ISRG
829.795,830.0,829.795,830.0,470,2021-05-20 15:11:00,ISRG
830.0,830.0,829.8574,829.8574,300,2021-05-20 15:12:00,ISRG
829.65,829.65,829.44,829.5,700,2021-05-20 15:13:00,ISRG
829.4,830.35,829.4,830.35,2024,2021-05-20 15:14:00,ISRG
831.34,831.99,831.34,831.99,300,2021-05-20 15:15:00,ISRG
833.5613,833.5613,833.5613,833.5613,122,2021-05-20 15:18:00,ISRG
833.15,833.15,833.13,833.13,300,2021-05-20 15:20:00,ISRG
833.19,833.19,832.8879,832.8879,1328,2021-05-20 15:22:00,ISRG
833.1624,833.35,833.02,833.35,1300,2021-05-20 15:23:00,ISRG
833.0,834.0,833.0,833.99,1176,2021-05-20 15:24:00,ISRG
834.75,834.99,834.75,834.9,400,2021-05-20 15:25:00,ISRG
836.65,836.65,834.62,834.62,4583,2021-05-20 15:28:00,ISRG
835.59,836.35,833.13,834.12,4384,2021-05-20 15:29:00,ISRG
834.14,834.91,834.14,834.91,200,2021-05-20 15:30:00,ISRG
834.03,834.03,832.68,833.0,1100,2021-05-20 15:31:00,ISRG
833.44,833.44,832.81,832.81,2300,2021-05-20 15:32:00,ISRG
832.255,832.255,831.11,831.29,2100,2021-05-20 15:33:00,ISRG
831.39,832.36,830.98,831.87,1926,2021-05-20 15:34:00,ISRG
831.91,832.87,831.81,832.735,1411,2021-05-20 15:35:00,ISRG
832.73,832.73,832.17,832.18,400,2021-05-20 15:36:00,ISRG
832.05,832.85,831.7,831.76,1240,2021-05-20 15:37:00,ISRG
831.76,831.77,831.5,831.75,1934,2021-05-20 15:38:00,ISRG
831.515,831.76,831.23,831.28,1918,2021-05-20 15:39:00,ISRG
830.685,831.29,830.685,831.29,366,2021-05-20 15:40:00,ISRG
830.7,830.71,830.7,830.71,200,2021-05-20 15:41:00,ISRG
830.7,830.71,830.7,830.71,200,2021-05-20 15:43:00,ISRG
830.81,830.81,830.705,830.73,300,2021-05-20 15:44:00,ISRG
830.28,830.4,828.575,828.575,8626,2021-05-20 15:45:00,ISRG
829.24,830.17,829.24,829.39,4780,2021-05-20 15:46:00,ISRG
829.39,829.39,829.38,829.39,1504,2021-05-20 15:47:00,ISRG
829.87,830.1479,829.87,830.1479,200,2021-05-20 15:48:00,ISRG
830.47,831.775,828.87,829.41,3687,2021-05-20 15:50:00,ISRG
831.36,831.36,831.36,831.36,200,2021-05-20 15:51:00,ISRG
830.0,830.0,830.0,830.0,296899,2021-05-20 15:52:00,ISRG
832.145,832.145,830.94,830.98,1990,2021-05-20 15:53:00,ISRG
830.98,830.99,830.94,830.94,1199,2021-05-20 15:54:00,ISRG
831.51,831.51,831.51,831.51,100,2021-05-20 15:55:00,ISRG
831.9,833.62,831.9,833.62,800,2021-05-20 15:56:00,ISRG
833.41,833.41,833.205,833.205,200,2021-05-20 15:57:00,ISRG
833.12,833.12,832.09,832.435,3600,2021-05-20 15:58:00,ISRG
832.585,832.585,832.295,832.295,200,2021-05-20 15:59:00,ISRG
833.115,833.115,833.11,833.11,200,2021-05-20 16:00:00,ISRG
832.9,833.165,832.9,833.165,200,2021-05-20 16:01:00,ISRG
832.45,832.45,831.23,831.23,800,2021-05-20 16:02:00,ISRG
831.23,834.36,831.23,833.41,2300,2021-05-20 16:03:00,ISRG
834.0486,834.19,833.75,833.75,600,2021-05-20 16:04:00,ISRG
834.4,834.5,833.52,833.52,1416,2021-05-20 16:06:00,ISRG
833.815,833.815,833.815,833.815,100,2021-05-20 16:07:00,ISRG
833.81,833.81,833.29,833.29,300,2021-05-20 16:08:00,ISRG
833.88,833.88,833.88,833.88,200,2021-05-20 16:09:00,ISRG
833.26,833.26,833.26,833.26,200,2021-05-20 16:10:00,ISRG
833.57,833.57,833.57,833.57,100,2021-05-20 16:11:00,ISRG
833.74,833.74,833.74,833.74,100,2021-05-20 16:12:00,ISRG
833.85,834.16,833.64,834.16,804,2021-05-20 16:13:00,ISRG
833.89,833.89,833.01,833.01,1237,2021-05-20 16:14:00,ISRG
832.11,832.11,832.11,832.11,100,2021-05-20 16:17:00,ISRG
832.13,832.13,832.13,832.13,100,2021-05-20 16:18:00,ISRG
832.59,832.59,832.59,832.59,100,2021-05-20 16:19:00,ISRG
833.445,833.445,832.89,832.89,200,2021-05-20 16:22:00,ISRG
833.44,833.44,833.44,833.44,100,2021-05-20 16:23:00,ISRG
833.4,833.425,832.89,832.9,1779,2021-05-20 16:24:00,ISRG
831.6,832.8,831.6,832.2,500,2021-05-20 16:26:00,ISRG
832.74,832.875,832.74,832.875,400,2021-05-20 16:27:00,ISRG
832.88,832.88,832.88,832.88,100,2021-05-20 16:28:00,ISRG
832.04,832.04,832.04,832.04,100,2021-05-20 16:29:00,ISRG
833.02,833.025,833.02,833.025,400,2021-05-20 16:30:00,ISRG
833.045,833.045,833.045,833.045,100,2021-05-20 16:31:00,ISRG
832.1,832.1,832.1,832.1,100,2021-05-20 16:32:00,ISRG
832.12,832.12,832.12,832.12,100,2021-05-20 16:33:00,ISRG
832.14,833.46,832.14,832.615,500,2021-05-20 16:34:00,ISRG
832.61,832.61,832.46,832.48,1200,2021-05-20 16:35:00,ISRG
831.855,832.22,830.42,830.42,878,2021-05-20 16:37:00,ISRG
832.3208,832.3208,831.21,831.21,350,2021-05-20 16:38:00,ISRG
830.9125,832.55,830.905,832.55,500,2021-05-20 16:39:00,ISRG
831.14,831.14,831.14,831.14,100,2021-05-20 16:40:00,ISRG
831.405,831.81,830.45,830.45,603,2021-05-20 16:41:00,ISRG
831.075,831.075,830.02,830.02,1600,2021-05-20 16:43:00,ISRG
830.035,830.29,829.84,829.84,1134,2021-05-20 16:44:00,ISRG
829.86,829.96,829.725,829.725,500,2021-05-20 16:45:00,ISRG
830.0373,830.0373,830.0373,830.0373,170,2021-05-20 16:47:00,ISRG
830.18,831.67,830.18,831.15,763,2021-05-20 16:48:00,ISRG
831.2625,831.67,831.21,831.67,400,2021-05-20 16:50:00,ISRG
831.21,831.86,831.21,831.86,280,2021-05-20 16:51:00,ISRG
831.305,831.31,831.305,831.305,300,2021-05-20 16:52:00,ISRG
831.485,831.485,831.035,831.035,500,2021-05-20 16:53:00,ISRG
831.66,832.0,831.66,832.0,200,2021-05-20 16:54:00,ISRG
831.625,831.625,831.26,831.26,200,2021-05-20 16:55:00,ISRG
832.0,832.09,832.0,832.09,300,2021-05-20 16:56:00,ISRG
832.485,832.98,832.485,832.71,400,2021-05-20 16:57:00,ISRG
833.115,833.76,833.115,833.76,200,2021-05-20 16:58:00,ISRG
833.4,833.52,832.87,832.87,4586,2021-05-20 16:59:00,ISRG
833.155,833.74,833.07,833.07,400,2021-05-20 17:00:00,ISRG
833.61,833.61,833.605,833.605,200,2021-05-20 17:01:00,ISRG
833.89,834.22,833.89,834.01,700,2021-05-20 17:02:00,ISRG
833.575,833.575,833.575,833.575,100,2021-05-20 17:03:00,ISRG
832.45,832.45,832.45,832.45,100,2021-05-20 17:04:00,ISRG
832.35,832.35,832.35,832.35,100,2021-05-20 17:05:00,ISRG
833.53,833.53,833.53,833.53,100,2021-05-20 17:06:00,ISRG
833.233,833.575,833.233,833.575,498,2021-05-20 17:07:00,ISRG
833.59,833.59,833.0,833.01,1043,2021-05-20 17:08:00,ISRG
833.07,833.07,833.07,833.07,100,2021-05-20 17:09:00,ISRG
832.86,832.86,832.86,832.86,200,2021-05-20 17:10:00,ISRG
833.025,833.025,833.025,833.025,100,2021-05-20 17:11:00,ISRG
833.46,833.46,833.46,833.46,100,2021-05-20 17:12:00,ISRG
833.16,833.35,832.67,832.67,500,2021-05-20 17:14:00,ISRG
833.08,833.08,833.08,833.08,100,2021-05-20 17:16:00,ISRG
833.08,833.69,833.08,833.69,1100,2021-05-20 17:17:00,ISRG
834.51,834.525,834.51,834.525,300,2021-05-20 17:18:00,ISRG
835.59,835.59,835.59,835.59,109,2021-05-20 17:19:00,ISRG
835.41,836.3792,834.04,834.05,2600,2021-05-20 17:20:00,ISRG
834.05,834.05,834.05,834.05,200,2021-05-20 17:22:00,ISRG
833.86,833.86,833.86,833.86,100,2021-05-20 17:23:00,ISRG
834.6,834.6,833.86,834.1,300,2021-05-20 17:24:00,ISRG
834.47,834.475,834.47,834.475,200,2021-05-20 17:25:00,ISRG
834.3,834.3,834.3,834.3,100,2021-05-20 17:26:00,ISRG
834.57,834.57,833.76,833.76,1116,2021-05-20 17:27:00,ISRG
833.843,834.12,833.67,834.12,650,2021-05-20 17:28:00,ISRG
834.21,834.21,834.21,834.21,100,2021-05-20 17:29:00,ISRG
834.92,834.92,833.515,833.515,550,2021-05-20 17:30:00,ISRG
834.7635,834.7635,834.25,834.25,200,2021-05-20 17:31:00,ISRG
834.25,834.92,833.91,834.92,300,2021-05-20 17:32:00,ISRG
834.225,834.225,834.225,834.225,100,2021-05-20 17:33:00,ISRG
834.315,834.3325,834.315,834.315,300,2021-05-20 17:34:00,ISRG
834.32,834.96,834.32,834.96,200,2021-05-20 17:35:00,ISRG
834.81,835.23,834.81,835.23,700,2021-05-20 17:37:00,ISRG
835.82,835.87,835.4,835.87,400,2021-05-20 17:39:00,ISRG
835.91,835.91,835.91,835.91,200,2021-05-20 17:41:00,ISRG
836.31,836.31,836.31,836.31,100,2021-05-20 17:42:00,ISRG
835.985,836.285,835.82,836.285,400,2021-05-20 17:43:00,ISRG
836.28,836.28,836.28,836.28,100,2021-05-20 17:44:00,ISRG
836.3973,836.5159,836.18,836.18,702,2021-05-20 17:45:00,ISRG
836.4,836.4,835.67,835.67,600,2021-05-20 17:46:00,ISRG
836.08,836.08,835.15,835.15,200,2021-05-20 17:48:00,ISRG
835.585,835.585,835.585,835.585,100,2021-05-20 17:50:00,ISRG
835.18,835.425,835.17,835.18,500,2021-05-20 17:51:00,ISRG
835.385,835.385,833.98,833.98,742,2021-05-20 17:53:00,ISRG
833.35,833.89,833.25,833.89,500,2021-05-20 17:54:00,ISRG
834.26,834.26,834.115,834.115,200,2021-05-20 17:55:00,ISRG
834.035,834.12,834.035,834.12,200,2021-05-20 17:56:00,ISRG
834.31,834.93,834.31,834.93,800,2021-05-20 17:57:00,ISRG
834.435,834.77,834.33,834.725,600,2021-05-20 17:58:00,ISRG
834.84,834.92,834.84,834.92,200,2021-05-20 17:59:00,ISRG
835.02,835.1,834.38,835.1,1300,2021-05-20 18:01:00,ISRG
834.45,834.45,834.45,834.45,100,2021-05-20 18:02:00,ISRG
834.99,835.5765,834.99,835.5765,581,2021-05-20 18:03:00,ISRG
835.395,835.9,835.395,835.9,214,2021-05-20 18:04:00,ISRG
836.52,836.52,835.97,835.97,801,2021-05-20 18:05:00,ISRG
835.62,835.62,835.62,835.62,191,2021-05-20 18:07:00,ISRG
835.48,835.8031,835.48,835.8031,500,2021-05-20 18:08:00,ISRG
835.035,835.035,835.035,835.035,100,2021-05-20 18:09:00,ISRG
834.45,834.625,834.45,834.625,200,2021-05-20 18:11:00,ISRG
834.76,835.33,834.76,835.33,200,2021-05-20 18:13:00,ISRG
835.43,835.44,834.9,835.31,500,2021-05-20 18:14:00,ISRG
835.44,835.44,835.42,835.42,223,2021-05-20 18:15:00,ISRG
835.34,835.34,834.8,834.8,800,2021-05-20 18:16:00,ISRG
834.575,834.68,834.575,834.68,200,2021-05-20 18:17:00,ISRG
834.75,834.75,834.75,834.75,100,2021-05-20 18:18:00,ISRG
834.81,834.81,834.15,834.26,921,2021-05-20 18:19:00,ISRG
833.97,833.97,833.97,833.97,100,2021-05-20 18:20:00,ISRG
833.82,833.99,833.82,833.99,200,2021-05-20 18:21:00,ISRG
833.88,833.88,833.88,833.88,100,2021-05-20 18:23:00,ISRG
834.07,835.14,834.07,834.25,723,2021-05-20 18:24:00,ISRG
834.42,834.42,834.07,834.33,500,2021-05-20 18:25:00,ISRG
834.44,834.46,834.05,834.09,400,2021-05-20 18:26:00,ISRG
834.05,834.05,833.81,833.81,200,2021-05-20 18:27:00,ISRG
833.81,833.81,833.56,833.56,400,2021-05-20 18:28:00,ISRG
832.93,833.69,832.93,833.1932,1049,2021-05-20 18:29:00,ISRG
833.01,833.01,832.925,832.925,200,2021-05-20 18:30:00,ISRG
833.0,833.0,833.0,833.0,100,2021-05-20 18:31:00,ISRG
832.48,832.48,831.98,831.98,1167,2021-05-20 18:33:00,ISRG
832.665,832.7,832.665,832.7,200,2021-05-20 18:34:00,ISRG
832.81,832.81,832.665,832.665,200,2021-05-20 18:35:00,ISRG
832.85,833.37,832.85,833.37,400,2021-05-20 18:36:00,ISRG
832.95,832.95,832.95,832.95,100,2021-05-20 18:37:00,ISRG
833.455,833.455,833.455,833.455,100,2021-05-20 18:38:00,ISRG
833.65,833.75,833.65,833.75,394,2021-05-20 18:40:00,ISRG
834.0,834.0,834.0,834.0,100,2021-05-20 18:41:00,ISRG
834.095,834.25,834.095,834.25,200,2021-05-20 18:42:00,ISRG
834.13,834.29,834.1,834.1,400,2021-05-20 18:43:00,ISRG
834.28,834.28,834.28,834.28,100,2021-05-20 18:44:00,ISRG
834.28,834.41,834.28,834.41,200,2021-05-20 18:45:00,ISRG
833.88,833.88,833.425,833.515,1000,2021-05-20 18:46:00,ISRG
834.06,834.31,834.04,834.31,600,2021-05-20 18:48:00,ISRG
834.3,835.12,834.3,835.12,800,2021-05-20 18:49:00,ISRG
834.62,834.65,834.31,834.31,1100,2021-05-20 18:50:00,ISRG
834.27,834.33,834.27,834.305,300,2021-05-20 18:51:00,ISRG
834.03,834.03,834.03,834.03,100,2021-05-20 18:52:00,ISRG
834.34,834.42,833.3178,833.3178,1000,2021-05-20 18:53:00,ISRG
833.98,834.45,833.9794,834.45,600,2021-05-20 18:54:00,ISRG
834.27,834.35,834.27,834.33,300,2021-05-20 18:55:00,ISRG
835.1,835.1,835.1,835.1,100,2021-05-20 18:56:00,ISRG
834.71,834.71,833.54,833.9,900,2021-05-20 18:57:00,ISRG
833.965,834.265,833.965,834.265,200,2021-05-20 18:58:00,ISRG
834.26,834.41,834.21,834.41,300,2021-05-20 18:59:00,ISRG
834.15,834.3,834.15,834.15,500,2021-05-20 19:00:00,ISRG
834.105,834.105,834.105,834.105,100,2021-05-20 19:01:00,ISRG
834.84,834.84,833.78,833.78,200,2021-05-20 19:02:00,ISRG
833.78,833.78,833.78,833.78,100,2021-05-20 19:03:00,ISRG
833.91,833.91,833.91,833.91,100,2021-05-20 19:04:00,ISRG
833.62,833.99,833.425,833.71,500,2021-05-20 19:05:00,ISRG
833.905,833.93,833.72,833.72,700,2021-05-20 19:06:00,ISRG
833.73,834.0,833.73,834.0,200,2021-05-20 19:07:00,ISRG
834.21,834.21,834.21,834.21,100,2021-05-20 19:08:00,ISRG
834.3,834.36,833.91,833.91,700,2021-05-20 19:09:00,ISRG
834.54,834.55,834.54,834.55,200,2021-05-20 19:10:00,ISRG
835.09,835.24,834.975,835.24,400,2021-05-20 19:11:00,ISRG
835.22,835.69,834.85,835.69,300,2021-05-20 19:12:00,ISRG
834.85,834.85,834.26,834.26,1200,2021-05-20 19:13:00,ISRG
834.09,834.09,833.735,833.735,300,2021-05-20 19:14:00,ISRG
833.81,833.81,833.45,833.58,420,2021-05-20 19:15:00,ISRG
833.17,834.64,833.17,834.64,1220,2021-05-20 19:16:00,ISRG
834.145,834.145,834.145,834.145,300,2021-05-20 19:17:00,ISRG
834.49,834.49,834.49,834.49,100,2021-05-20 19:18:00,ISRG
834.84,834.86,834.84,834.86,300,2021-05-20 19:19:00,ISRG
834.68,835.45,834.68,835.45,509,2021-05-20 19:20:00,ISRG
835.1,835.51,835.1,835.48,400,2021-05-20 19:21:00,ISRG
835.51,836.14,834.91,834.91,2500,2021-05-20 19:22:00,ISRG
835.045,835.46,834.68,834.68,300,2021-05-20 19:23:00,ISRG
835.105,835.9,835.105,835.705,800,2021-05-20 19:24:00,ISRG
836.07,836.38,835.7,836.38,700,2021-05-20 19:25:00,ISRG
836.4,836.91,836.4,836.73,900,2021-05-20 19:26:00,ISRG
836.71,836.71,835.925,835.925,800,2021-05-20 19:27:00,ISRG
835.8,835.8,835.8,835.8,100,2021-05-20 19:28:00,ISRG
836.125,836.87,836.125,836.575,1286,2021-05-20 19:29:00,ISRG
836.19,836.19,836.19,836.19,200,2021-05-20 19:30:00,ISRG
835.89,835.89,835.37,835.52,900,2021-05-20 19:31:00,ISRG
835.2794,835.34,835.01,835.01,602,2021-05-20 19:32:00,ISRG
834.41,834.41,834.41,834.41,100,2021-05-20 19:33:00,ISRG
834.98,835.19,834.805,835.1,800,2021-05-20 19:34:00,ISRG
835.22,836.24,835.22,835.78,3227,2021-05-20 19:35:00,ISRG
835.85,836.1,835.585,835.82,1600,2021-05-20 19:36:00,ISRG
835.105,835.105,835.105,835.105,100,2021-05-20 19:37:00,ISRG
834.94,835.34,834.61,835.005,700,2021-05-20 19:38:00,ISRG
835.68,835.68,835.395,835.395,200,2021-05-20 19:39:00,ISRG
835.39,835.525,834.46,834.47,1733,2021-05-20 19:40:00,ISRG
834.01,834.01,833.5901,833.5901,200,2021-05-20 19:41:00,ISRG
833.905,834.105,832.7601,832.7601,1200,2021-05-20 19:42:00,ISRG
832.99,833.14,832.96,832.96,3700,2021-05-20 19:43:00,ISRG
833.09,833.63,832.94,833.315,5648,2021-05-20 19:44:00,ISRG
833.34,833.55,833.25,833.55,1600,2021-05-20 19:45:00,ISRG
833.495,834.07,833.495,833.76,1600,2021-05-20 19:46:00,ISRG
834.24,834.41,834.04,834.08,900,2021-05-20 19:47:00,ISRG
834.37,834.37,833.36,833.37,2474,2021-05-20 19:48:00,ISRG
833.475,833.475,832.885,833.37,1640,2021-05-20 19:49:00,ISRG
832.42,832.56,831.87,832.2,4613,2021-05-20 19:50:00,ISRG
832.21,833.04,832.16,833.04,1573,2021-05-20 19:51:00,ISRG
832.57,834.06,832.57,833.32,4868,2021-05-20 19:52:00,ISRG
833.33,833.34,832.57,832.71,5822,2021-05-20 19:53:00,ISRG
833.08,833.47,832.08,832.9,6704,2021-05-20 19:54:00,ISRG
833.3,833.33,832.41,832.42,3223,2021-05-20 19:55:00,ISRG
832.57,832.885,832.11,832.59,3964,2021-05-20 19:56:00,ISRG
832.64,832.99,832.05,832.99,3081,2021-05-20 19:57:00,ISRG
832.945,832.96,831.92,831.92,5802,2021-05-20 19:58:00,ISRG
832.16,832.75,831.84,832.66,11186,2021-05-20 19:59:00,ISRG
832.66,832.66,832.66,832.66,63161,2021-05-20 20:00:00,ISRG
832.66,832.66,832.66,832.66,118,2021-05-20 20:01:00,ISRG
832.66,832.66,832.66,832.66,8851,2021-05-20 20:02:00,ISRG
832.66,832.66,832.66,832.66,208,2021-05-20 20:06:00,ISRG
832.66,832.66,832.66,832.66,100,2021-05-20 20:25:00,ISRG
832.66,832.66,832.66,832.66,503,2021-05-20 20:36:00,ISRG
832.66,832.66,832.66,832.66,8306,2021-05-20 20:37:00,ISRG
832.66,832.66,832.66,832.66,811,2021-05-20 21:10:00,ISRG
841.22,841.3,841.22,841.3,200,2021-05-21 13:25:00,ISRG
839.92,839.92,839.91,839.91,200,2021-05-21 13:29:00,ISRG
840.0,840.0,836.13,837.11,22433,2021-05-21 13:30:00,ISRG
839.24,841.84,839.24,841.84,500,2021-05-21 13:31:00,ISRG
842.0,842.57,840.64,841.34,800,2021-05-21 13:32:00,ISRG
843.01,843.01,843.01,843.01,100,2021-05-21 13:33:00,ISRG
842.13,842.13,842.13,842.13,100,2021-05-21 13:34:00,ISRG
841.27,841.33,839.06,839.06,1000,2021-05-21 13:35:00,ISRG
839.06,839.865,838.42,839.865,496,2021-05-21 13:36:00,ISRG
839.9731,841.99,839.9731,841.99,200,2021-05-21 13:37:00,ISRG
841.7419,842.0,840.0,840.0,800,2021-05-21 13:38:00,ISRG
839.02,839.02,839.02,839.02,100,2021-05-21 13:39:00,ISRG
838.28,838.28,838.28,838.28,100,2021-05-21 13:41:00,ISRG
839.565,839.565,839.565,839.565,100,2021-05-21 13:42:00,ISRG
840.37,840.37,840.37,840.37,100,2021-05-21 13:43:00,ISRG
838.95,838.95,837.63,837.63,800,2021-05-21 13:45:00,ISRG
838.38,838.38,838.01,838.01,200,2021-05-21 13:46:00,ISRG
838.29,838.93,838.29,838.78,1006,2021-05-21 13:47:00,ISRG
836.91,837.04,836.91,837.04,400,2021-05-21 13:49:00,ISRG
836.765,836.765,836.23,836.23,200,2021-05-21 13:50:00,ISRG
835.79,835.79,835.79,835.79,100,2021-05-21 13:51:00,ISRG
837.07,837.12,836.93,836.93,300,2021-05-21 13:52:00,ISRG
837.97,837.97,837.97,837.97,100,2021-05-21 13:53:00,ISRG
839.6658,839.6658,839.6658,839.6658,100,2021-05-21 13:55:00,ISRG
840.0,840.305,840.0,840.305,5200,2021-05-21 13:56:00,ISRG
839.59,839.78,837.6499,837.6499,1805,2021-05-21 13:57:00,ISRG
838.19,839.44,838.19,839.44,722,2021-05-21 13:59:00,ISRG
840.35,840.35,839.82,839.82,500,2021-05-21 14:00:00,ISRG
839.555,840.1546,839.555,840.1546,231,2021-05-21 14:02:00,ISRG
838.86,839.3934,838.86,839.3934,400,2021-05-21 14:03:00,ISRG
838.745,838.745,838.745,838.745,100,2021-05-21 14:04:00,ISRG
839.495,840.32,839.42,839.59,700,2021-05-21 14:05:00,ISRG
838.62,838.79,838.62,838.79,200,2021-05-21 14:07:00,ISRG
838.165,838.37,838.05,838.05,400,2021-05-21 14:08:00,ISRG
838.045,838.71,836.48,838.175,2209,2021-05-21 14:09:00,ISRG
838.655,838.655,837.955,838.49,300,2021-05-21 14:10:00,ISRG
838.49,838.49,838.49,838.49,100,2021-05-21 14:11:00,ISRG
838.33,838.5,838.135,838.135,500,2021-05-21 14:12:00,ISRG
838.135,838.135,838.135,838.135,200,2021-05-21 14:13:00,ISRG
837.81,837.98,837.81,837.98,200,2021-05-21 14:14:00,ISRG
837.15,837.15,836.8,836.87,500,2021-05-21 14:15:00,ISRG
836.86,836.86,835.95,835.95,500,2021-05-21 14:16:00,ISRG
835.5,836.23,835.5,835.675,2000,2021-05-21 14:17:00,ISRG
835.98,835.99,835.905,835.905,700,2021-05-21 14:18:00,ISRG
836.2676,836.2676,836.2676,836.2676,100,2021-05-21 14:19:00,ISRG
836.08,836.085,836.08,836.085,200,2021-05-21 14:20:00,ISRG
835.9202,835.9202,835.9202,835.9202,100,2021-05-21 14:21:00,ISRG
835.865,836.75,835.68,836.385,900,2021-05-21 14:22:00,ISRG
836.8,836.8,836.8,836.8,167,2021-05-21 14:23:00,ISRG
837.56,837.56,837.545,837.545,300,2021-05-21 14:25:00,ISRG
837.505,837.505,836.83,836.83,400,2021-05-21 14:26:00,ISRG
836.83,836.83,836.83,836.83,100,2021-05-21 14:27:00,ISRG
836.61,836.61,836.61,836.61,300,2021-05-21 14:29:00,ISRG
836.51,838.3199,836.51,838.3199,800,2021-05-21 14:30:00,ISRG
837.58,838.045,837.58,838.045,300,2021-05-21 14:31:00,ISRG
838.67,838.67,838.67,838.67,100,2021-05-21 14:33:00,ISRG
839.06,839.07,839.0,839.04,600,2021-05-21 14:35:00,ISRG
837.92,837.92,836.25,836.25,200,2021-05-21 14:36:00,ISRG
835.96,835.96,835.96,835.96,100,2021-05-21 14:37:00,ISRG
836.915,836.915,836.915,836.915,100,2021-05-21 14:41:00,ISRG
836.57,837.315,836.57,836.74,300,2021-05-21 14:43:00,ISRG
836.42,836.42,836.42,836.42,100,2021-05-21 14:44:00,ISRG
835.96,836.32,835.96,836.32,200,2021-05-21 14:45:00,ISRG
836.83,836.83,836.83,836.83,100,2021-05-21 14:47:00,ISRG
836.4041,836.4041,836.4041,836.4041,100,2021-05-21 14:48:00,ISRG
836.1,836.1,836.1,836.1,100,2021-05-21 14:50:00,ISRG
836.62,836.62,836.62,836.62,100,2021-05-21 14:51:00,ISRG
838.2,838.2,838.2,838.2,100,2021-05-21 14:52:00,ISRG
837.01,837.01,836.37,836.37,200,2021-05-21 14:53:00,ISRG
836.8555,836.8555,836.8555,836.8555,119,2021-05-21 14:55:00,ISRG
836.96,836.96,836.96,836.96,100,2021-05-21 14:57:00,ISRG
836.96,836.96,836.96,836.96,100,2021-05-21 14:58:00,ISRG
837.7,838.04,837.7,838.04,525,2021-05-21 14:59:00,ISRG
838.51,838.52,838.14,838.14,400,2021-05-21 15:00:00,ISRG
838.585,838.585,838.585,838.585,100,2021-05-21 15:01:00,ISRG
838.19,838.32,838.1238,838.1238,335,2021-05-21 15:02:00,ISRG
838.205,838.205,837.75,837.75,200,2021-05-21 15:03:00,ISRG
837.6,837.6,837.6,837.6,100,2021-05-21 15:04:00,ISRG
838.46,838.5,838.46,838.5,300,2021-05-21 15:06:00,ISRG
838.485,838.485,838.485,838.485,100,2021-05-21 15:07:00,ISRG
838.92,839.0,838.92,839.0,1195,2021-05-21 15:08:00,ISRG
838.86,838.86,838.675,838.675,200,2021-05-21 15:09:00,ISRG
838.98,839.0,838.98,839.0,300,2021-05-21 15:15:00,ISRG
838.69,838.805,838.69,838.805,200,2021-05-21 15:16:00,ISRG
838.84,838.84,838.84,838.84,100,2021-05-21 15:19:00,ISRG
839.0,839.0,839.0,839.0,100,2021-05-21 15:20:00,ISRG
839.0,839.47,839.0,839.47,300,2021-05-21 15:22:00,ISRG
839.14,839.14,839.02,839.02,400,2021-05-21 15:23:00,ISRG
838.26,838.26,837.395,837.395,300,2021-05-21 15:27:00,ISRG
836.6132,836.6132,836.48,836.48,500,2021-05-21 15:28:00,ISRG
835.82,835.905,835.82,835.905,200,2021-05-21 15:31:00,ISRG
836.325,836.325,836.325,836.325,100,2021-05-21 15:35:00,ISRG
836.86,836.86,836.86,836.86,106,2021-05-21 15:36:00,ISRG
835.59,835.77,835.4,835.4,500,2021-05-21 15:37:00,ISRG
836.01,836.01,835.01,835.01,300,2021-05-21 15:38:00,ISRG
835.62,835.62,835.62,835.62,100,2021-05-21 15:39:00,ISRG
835.4,835.88,835.335,835.515,562,2021-05-21 15:40:00,ISRG
835.78,835.83,835.78,835.83,200,2021-05-21 15:41:00,ISRG
835.24,835.91,835.24,835.91,200,2021-05-21 15:45:00,ISRG
835.21,835.21,835.02,835.02,400,2021-05-21 15:46:00,ISRG
835.68,835.68,835.355,835.355,200,2021-05-21 15:49:00,ISRG
834.74,834.74,834.15,834.15,300,2021-05-21 15:50:00,ISRG
835.05,835.05,835.05,835.05,100,2021-05-21 15:51:00,ISRG
834.45,834.46,834.45,834.46,300,2021-05-21 15:53:00,ISRG
833.91,833.91,833.5,833.51,500,2021-05-21 15:54:00,ISRG
834.17,834.17,834.17,834.17,200,2021-05-21 15:55:00,ISRG
833.51,833.51,833.5,833.5,401,2021-05-21 15:56:00,ISRG
833.6,833.6,833.6,833.6,100,2021-05-21 15:57:00,ISRG
833.84,833.99,833.84,833.99,300,2021-05-21 15:58:00,ISRG
833.605,833.605,832.72,832.77,500,2021-05-21 16:08:00,ISRG
832.53,832.57,831.68,831.68,1800,2021-05-21 16:09:00,ISRG
831.7004,832.12,831.54,832.12,600,2021-05-21 16:10:00,ISRG
832.3,832.3,832.15,832.15,200,2021-05-21 16:11:00,ISRG
832.87,832.87,832.87,832.87,100,2021-05-21 16:12:00,ISRG
834.3999,834.4,833.92,834.15,400,2021-05-21 16:15:00,ISRG
833.76,833.76,833.76,833.76,100,2021-05-21 16:16:00,ISRG
833.16,833.16,833.16,833.16,100,2021-05-21 16:18:00,ISRG
833.8,833.8,833.8,833.8,100,2021-05-21 16:19:00,ISRG
834.4099,834.4099,834.4099,834.4099,100,2021-05-21 16:23:00,ISRG
834.13,834.13,834.13,834.13,100,2021-05-21 16:25:00,ISRG
833.74,833.74,833.615,833.615,200,2021-05-21 16:26:00,ISRG
833.12,833.68,833.12,833.395,505,2021-05-21 16:27:00,ISRG
833.27,833.27,833.27,833.27,100,2021-05-21 16:28:00,ISRG
834.0,834.0,834.0,834.0,184,2021-05-21 16:29:00,ISRG
834.23,834.31,834.13,834.13,400,2021-05-21 16:31:00,ISRG
834.4633,834.51,834.14,834.51,889,2021-05-21 16:33:00,ISRG
834.475,834.475,834.475,834.475,793,2021-05-21 16:34:00,ISRG
834.09,834.09,834.09,834.09,100,2021-05-21 16:35:00,ISRG
834.66,834.66,834.66,834.66,100,2021-05-21 16:36:00,ISRG
834.625,834.625,834.02,834.02,500,2021-05-21 16:37:00,ISRG
834.28,834.28,834.28,834.28,100,2021-05-21 16:38:00,ISRG
834.835,834.835,834.835,834.835,100,2021-05-21 16:39:00,ISRG
835.4,835.51,835.4,835.5,400,2021-05-21 16:40:00,ISRG
835.685,835.685,835.685,835.685,100,2021-05-21 16:42:00,ISRG
835.49,835.49,835.49,835.49,500,2021-05-21 16:44:00,ISRG
835.685,835.685,835.685,835.685,100,2021-05-21 16:45:00,ISRG
835.4,835.4,835.22,835.22,400,2021-05-21 16:46:00,ISRG
834.0866,834.0866,833.9967,833.9967,545,2021-05-21 16:48:00,ISRG
833.91,833.91,833.91,833.91,100,2021-05-21 16:49:00,ISRG
834.74,834.74,834.74,834.74,100,2021-05-21 16:51:00,ISRG
834.51,834.7725,833.94,833.94,500,2021-05-21 16:53:00,ISRG
833.21,833.21,832.72,832.72,400,2021-05-21 16:55:00,ISRG
832.6573,832.6573,832.6573,832.6573,100,2021-05-21 16:56:00,ISRG
834.0,834.0,834.0,834.0,100,2021-05-21 16:57:00,ISRG
833.65,833.65,833.65,833.65,100,2021-05-21 17:08:00,ISRG
833.63,833.63,833.17,833.17,200,2021-05-21 17:09:00,ISRG
833.6,833.65,833.6,833.65,200,2021-05-21 17:12:00,ISRG
832.82,832.82,832.82,832.82,100,2021-05-21 17:14:00,ISRG
832.93,833.05,832.78,832.78,617,2021-05-21 17:18:00,ISRG
832.18,832.18,832.18,832.18,100,2021-05-21 17:19:00,ISRG
833.53,833.59,833.53,833.59,200,2021-05-21 17:22:00,ISRG
833.9,833.9,833.9,833.9,100,2021-05-21 17:24:00,ISRG
833.45,833.93,833.45,833.93,300,2021-05-21 17:28:00,ISRG
834.95,835.48,834.95,835.48,1000,2021-05-21 17:34:00,ISRG
835.44,835.44,835.12,835.12,300,2021-05-21 17:35:00,ISRG
834.99,834.99,834.96,834.96,200,2021-05-21 17:36:00,ISRG
834.91,834.91,834.91,834.91,100,2021-05-21 17:37:00,ISRG
834.7,834.7,834.7,834.7,100,2021-05-21 17:38:00,ISRG
834.84,834.84,834.7,834.7,200,2021-05-21 17:39:00,ISRG
833.7301,834.4484,833.7301,833.838,378,2021-05-21 17:42:00,ISRG
834.3735,834.3735,834.3735,834.3735,100,2021-05-21 17:43:00,ISRG
834.92,834.96,834.92,834.96,200,2021-05-21 17:44:00,ISRG
834.635,834.635,834.635,834.635,100,2021-05-21 17:48:00,ISRG
834.36,834.72,834.36,834.67,400,2021-05-21 17:49:00,ISRG
834.64,834.79,834.61,834.61,500,2021-05-21 17:50:00,ISRG
834.82,834.82,834.38,834.5896,418,2021-05-21 17:51:00,ISRG
834.36,834.36,834.15,834.15,200,2021-05-21 17:56:00,ISRG
833.85,833.85,833.85,833.85,100,2021-05-21 17:58:00,ISRG
833.665,833.86,833.665,833.86,200,2021-05-21 17:59:00,ISRG
833.4601,833.4601,833.4601,833.4601,100,2021-05-21 18:03:00,ISRG
833.45,833.45,833.36,833.36,300,2021-05-21 18:04:00,ISRG
833.55,833.87,833.55,833.87,500,2021-05-21 18:07:00,ISRG
834.6,834.78,834.5,834.78,300,2021-05-21 18:08:00,ISRG
834.665,834.665,834.665,834.665,100,2021-05-21 18:10:00,ISRG
835.0827,835.0827,835.0827,835.0827,100,2021-05-21 18:11:00,ISRG
835.16,835.195,835.16,835.195,200,2021-05-21 18:12:00,ISRG
835.205,835.205,835.205,835.205,100,2021-05-21 18:13:00,ISRG
835.11,835.21,834.77,834.77,1100,2021-05-21 18:15:00,ISRG
835.25,835.25,835.25,835.25,100,2021-05-21 18:16:00,ISRG
834.75,834.75,834.75,834.75,100,2021-05-21 18:19:00,ISRG
834.66,834.79,834.59,834.59,300,2021-05-21 18:20:00,ISRG
834.75,834.75,834.75,834.75,100,2021-05-21 18:22:00,ISRG
834.67,834.67,834.67,834.67,100,2021-05-21 18:23:00,ISRG
833.92,833.92,833.92,833.92,100,2021-05-21 18:26:00,ISRG
833.33,833.33,832.575,833.3,300,2021-05-21 18:28:00,ISRG
833.52,833.52,833.52,833.52,100,2021-05-21 18:30:00,ISRG
832.71,832.71,832.71,832.71,100,2021-05-21 18:35:00,ISRG
832.895,832.905,832.895,832.905,300,2021-05-21 18:36:00,ISRG
833.29,833.29,833.29,833.29,100,2021-05-21 18:37:00,ISRG
832.61,832.64,831.95,831.95,700,2021-05-21 18:38:00,ISRG
832.59,832.59,832.59,832.59,167,2021-05-21 18:41:00,ISRG
832.68,832.68,832.45,832.45,200,2021-05-21 18:47:00,ISRG
832.48,832.775,832.48,832.74,1732,2021-05-21 18:50:00,ISRG
832.7093,832.7093,832.7093,832.7093,178,2021-05-21 18:52:00,ISRG
832.83,832.87,832.54,832.54,700,2021-05-21 18:55:00,ISRG
832.89,832.89,832.41,832.41,300,2021-05-21 18:56:00,ISRG
832.38,832.38,832.12,832.12,500,2021-05-21 18:57:00,ISRG
832.29,832.29,832.29,832.29,100,2021-05-21 18:59:00,ISRG
832.2,832.2,832.2,832.2,100,2021-05-21 19:00:00,ISRG
832.02,832.02,832.02,832.02,100,2021-05-21 19:04:00,ISRG
832.2816,832.32,832.21,832.32,465,2021-05-21 19:06:00,ISRG
832.2673,832.2673,832.2673,832.2673,105,2021-05-21 19:07:00,ISRG
832.34,832.65,832.28,832.46,2558,2021-05-21 19:09:00,ISRG
832.74,832.91,832.74,832.91,200,2021-05-21 19:11:00,ISRG
833.12,833.12,833.03,833.03,300,2021-05-21 19:13:00,ISRG
832.7,832.7,832.7,832.7,100,2021-05-21 19:14:00,ISRG
833.05,833.05,833.05,833.05,100,2021-05-21 19:15:00,ISRG
833.1,833.48,833.1,833.31,1000,2021-05-21 19:16:00,ISRG
833.03,833.07,832.62,833.04,900,2021-05-21 19:18:00,ISRG
832.65,832.65,832.65,832.65,100,2021-05-21 19:20:00,ISRG
832.84,832.84,832.84,832.84,100,2021-05-21 19:22:00,ISRG
833.47,833.47,833.47,833.47,139,2021-05-21 19:23:00,ISRG
833.22,833.64,833.22,833.64,500,2021-05-21 19:25:00,ISRG
833.56,833.56,833.56,833.56,100,2021-05-21 19:29:00,ISRG
833.09,833.25,833.05,833.05,600,2021-05-21 19:31:00,ISRG
832.98,832.98,832.98,832.98,100,2021-05-21 19:32:00,ISRG
832.99,832.99,832.99,832.99,100,2021-05-21 19:33:00,ISRG
832.42,832.42,832.42,832.42,100,2021-05-21 19:34:00,ISRG
833.01,833.01,832.76,832.98,1100,2021-05-21 19:35:00,ISRG
833.075,833.19,833.075,833.18,400,2021-05-21 19:36:00,ISRG
833.0,833.27,832.6,833.26,900,2021-05-21 19:37:00,ISRG
833.3,833.3,832.99,832.99,420,2021-05-21 19:38:00,ISRG
833.3,833.41,833.02,833.02,300,2021-05-21 19:39:00,ISRG
833.2,833.2,833.2,833.2,100,2021-05-21 19:40:00,ISRG
832.95,832.95,832.79,832.79,200,2021-05-21 19:41:00,ISRG
832.44,832.56,832.44,832.56,200,2021-05-21 19:42:00,ISRG
832.3,832.3,832.3,832.3,100,2021-05-21 19:43:00,ISRG
831.63,831.63,831.24,831.24,600,2021-05-21 19:44:00,ISRG
830.635,830.635,830.39,830.39,700,2021-05-21 19:46:00,ISRG
830.67,830.67,830.585,830.585,200,2021-05-21 19:47:00,ISRG
830.4927,830.4927,830.19,830.19,400,2021-05-21 19:48:00,ISRG
830.26,830.41,830.01,830.01,3409,2021-05-21 19:49:00,ISRG
830.26,830.26,829.375,829.68,787,2021-05-21 19:50:00,ISRG
830.01,830.01,830.01,830.01,100,2021-05-21 19:51:00,ISRG
829.955,830.105,829.84,830.1,700,2021-05-21 19:52:00,ISRG
829.85,830.105,829.04,829.04,2400,2021-05-21 19:53:00,ISRG
829.5,829.5,825.75,827.2,15731,2021-05-21 19:54:00,ISRG
825.91,826.83,825.49,825.49,11239,2021-05-21 19:55:00,ISRG
825.58,825.99,825.3,825.48,10124,2021-05-21 19:56:00,ISRG
825.28,825.58,824.845,825.34,13748,2021-05-21 19:57:00,ISRG
825.14,825.45,825.09,825.29,8650,2021-05-21 19:58:00,ISRG
825.26,825.33,824.08,824.42,39187,2021-05-21 19:59:00,ISRG
824.99,833.73,824.99,824.99,86879,2021-05-21 20:00:00,ISRG
824.99,824.99,824.99,824.99,558,2021-05-21 20:01:00,ISRG
824.99,824.99,824.99,824.99,1064,2021-05-21 20:02:00,ISRG
824.99,824.99,824.99,824.99,9133,2021-05-21 20:41:00,ISRG
833.05,837.9,833.05,837.9,6485,2021-05-24 13:30:00,ISRG
834.42,835.69,834.08,835.69,819,2021-05-24 13:31:00,ISRG
835.93,838.88,835.93,838.88,400,2021-05-24 13:32:00,ISRG
837.74,838.62,834.49,834.49,2183,2021-05-24 13:33:00,ISRG
834.01,835.325,834.01,835.325,800,2021-05-24 13:34:00,ISRG
836.0,836.0,833.01,833.775,600,2021-05-24 13:35:00,ISRG
833.775,833.775,833.775,833.775,100,2021-05-24 13:36:00,ISRG
833.62,834.54,833.62,834.54,200,2021-05-24 13:37:00,ISRG
835.0,835.0,835.0,835.0,100,2021-05-24 13:39:00,ISRG
836.0,836.0,834.46,834.815,5684,2021-05-24 13:40:00,ISRG
833.01,833.91,832.26,833.91,1415,2021-05-24 13:41:00,ISRG
835.0,835.0,835.0,835.0,400,2021-05-24 13:42:00,ISRG
834.41,834.41,834.41,834.41,100,2021-05-24 13:43:00,ISRG
835.085,835.085,835.085,835.085,100,2021-05-24 13:44:00,ISRG
834.59,834.59,834.44,834.44,200,2021-05-24 13:45:00,ISRG
834.1,834.3,834.1,834.3,200,2021-05-24 13:46:00,ISRG
834.85,834.85,834.67,834.67,200,2021-05-24 13:47:00,ISRG
834.255,834.255,834.255,834.255,100,2021-05-24 13:48:00,ISRG
834.345,834.345,834.345,834.345,100,2021-05-24 13:50:00,ISRG
834.89,835.5,834.89,835.15,1088,2021-05-24 13:51:00,ISRG
835.4,835.71,834.53,835.71,700,2021-05-24 13:52:00,ISRG
834.85,834.85,834.85,834.85,100,2021-05-24 13:53:00,ISRG
835.265,835.265,835.215,835.215,200,2021-05-24 13:54:00,ISRG
834.87,835.0,833.905,833.985,900,2021-05-24 13:55:00,ISRG
834.37,834.58,834.37,834.58,200,2021-05-24 13:56:00,ISRG
835.13,835.13,835.13,835.13,100,2021-05-24 13:57:00,ISRG
836.0,836.0,836.0,836.0,1370,2021-05-24 13:58:00,ISRG
835.8672,836.0,835.6,836.0,12991,2021-05-24 13:59:00,ISRG
836.0,836.0,835.455,835.455,2731,2021-05-24 14:00:00,ISRG
835.62,835.73,835.24,835.65,800,2021-05-24 14:01:00,ISRG
835.91,835.99,835.4,835.7,400,2021-05-24 14:02:00,ISRG
835.82,835.8733,835.17,835.17,974,2021-05-24 14:03:00,ISRG
835.25,835.25,834.3,834.3,3426,2021-05-24 14:04:00,ISRG
835.0,835.0,835.0,835.0,104,2021-05-24 14:06:00,ISRG
834.66,834.66,834.66,834.66,100,2021-05-24 14:07:00,ISRG
835.12,835.12,835.12,835.12,100,2021-05-24 14:09:00,ISRG
834.75,836.0,834.75,835.18,2713,2021-05-24 14:10:00,ISRG
835.89,836.0,835.6,835.6,5172,2021-05-24 14:11:00,ISRG
835.96,837.0,835.96,836.67,5170,2021-05-24 14:13:00,ISRG
836.35,836.35,836.06,836.21,700,2021-05-24 14:14:00,ISRG
836.08,837.0,836.08,836.26,9381,2021-05-24 14:15:00,ISRG
836.32,836.32,836.32,836.32,100,2021-05-24 14:16:00,ISRG
837.0,837.0,836.335,836.335,2574,2021-05-24 14:17:00,ISRG
836.445,836.99,836.445,836.99,200,2021-05-24 14:19:00,ISRG
837.0,837.0,836.7,836.7,6192,2021-05-24 14:20:00,ISRG
836.85,836.85,836.85,836.85,100,2021-05-24 14:21:00,ISRG
837.0,837.0,836.95,837.0,1736,2021-05-24 14:22:00,ISRG
836.78,836.89,836.762,836.762,508,2021-05-24 14:23:00,ISRG
836.99,837.0,836.66,836.7952,3508,2021-05-24 14:24:00,ISRG
836.825,837.29,836.825,837.29,4476,2021-05-24 14:25:00,ISRG
837.315,837.315,837.315,837.315,300,2021-05-24 14:26:00,ISRG
837.48,837.75,837.03,837.03,732,2021-05-24 14:27:00,ISRG
838.0,838.615,838.0,838.54,1333,2021-05-24 14:28:00,ISRG
839.0,839.0,838.55,838.55,1134,2021-05-24 14:30:00,ISRG
838.4,838.58,838.22,838.58,800,2021-05-24 14:31:00,ISRG
838.51,838.51,837.99,838.35,800,2021-05-24 14:33:00,ISRG
838.06,838.06,836.87,837.0,2162,2021-05-24 14:34:00,ISRG
836.97,837.0,836.97,837.0,4568,2021-05-24 14:35:00,ISRG
836.9,837.0,836.8,836.8,3462,2021-05-24 14:36:00,ISRG
836.98,837.43,836.98,837.43,3415,2021-05-24 14:37:00,ISRG
837.49,837.9,837.49,837.505,600,2021-05-24 14:38:00,ISRG
837.525,837.525,837.525,837.525,300,2021-05-24 14:39:00,ISRG
838.0,838.0,837.73,838.0,4026,2021-05-24 14:40:00,ISRG
837.805,837.805,837.805,837.805,237,2021-05-24 14:41:00,ISRG
838.0,838.0,837.84,837.95,3618,2021-05-24 14:42:00,ISRG
838.0,838.0,837.69,837.78,7066,2021-05-24 14:43:00,ISRG
837.84,838.0,837.79,838.0,1444,2021-05-24 14:44:00,ISRG
838.0,838.49,838.0,838.49,1190,2021-05-24 14:45:00,ISRG
838.415,840.36,838.415,840.36,1400,2021-05-24 14:46:00,ISRG
840.03,840.09,840.0,840.09,400,2021-05-24 14:48:00,ISRG
840.18,840.18,839.0,839.0,1585,2021-05-24 14:49:00,ISRG
838.48,839.0,838.48,839.0,1000,2021-05-24 14:51:00,ISRG
839.0,839.0,838.77,838.99,1727,2021-05-24 14:52:00,ISRG
839.0,839.0,838.8,838.8,1562,2021-05-24 14:53:00,ISRG
838.99,838.99,838.99,838.99,100,2021-05-24 14:54:00,ISRG
838.99,839.0,838.86,839.0,2900,2021-05-24 14:55:00,ISRG
838.71,838.96,838.52,838.96,600,2021-05-24 14:56:00,ISRG
839.0,839.0,839.0,839.0,974,2021-05-24 14:57:00,ISRG
838.84,839.0,838.39,838.39,972,2021-05-24 14:58:00,ISRG
838.55,838.55,838.55,838.55,100,2021-05-24 14:59:00,ISRG
838.27,838.6,838.27,838.47,344,2021-05-24 15:01:00,ISRG
838.59,838.59,838.59,838.59,100,2021-05-24 15:02:00,ISRG
838.68,838.73,838.48,838.56,700,2021-05-24 15:03:00,ISRG
838.56,838.56,838.56,838.56,100,2021-05-24 15:04:00,ISRG
838.84,839.0,838.33,838.67,1165,2021-05-24 15:07:00,ISRG
839.0,839.0,838.87,838.87,770,2021-05-24 15:09:00,ISRG
838.68,838.68,838.56,838.63,500,2021-05-24 15:10:00,ISRG
838.65,838.65,838.65,838.65,100,2021-05-24 15:11:00,ISRG
838.6,838.86,838.6,838.86,200,2021-05-24 15:13:00,ISRG
839.0,839.0,838.76,838.86,2619,2021-05-24 15:14:00,ISRG
839.0,839.0,838.96,838.96,856,2021-05-24 15:15:00,ISRG
839.0,839.0,839.0,839.0,1880,2021-05-24 15:17:00,ISRG
839.0,839.73,839.0,839.73,2415,2021-05-24 15:19:00,ISRG
839.818,839.85,839.68,839.68,1100,2021-05-24 15:20:00,ISRG
839.52,839.7,839.49,839.65,800,2021-05-24 15:21:00,ISRG
839.5,839.5,838.95,839.43,407,2021-05-24 15:22:00,ISRG
839.46,839.46,839.46,839.46,100,2021-05-24 15:23:00,ISRG
839.53,839.75,839.31,839.53,1113,2021-05-24 15:24:00,ISRG
839.55,839.55,839.34,839.34,300,2021-05-24 15:25:00,ISRG
839.3,839.3,839.3,839.3,100,2021-05-24 15:26:00,ISRG
839.175,839.175,839.175,839.175,5000,2021-05-24 15:28:00,ISRG
839.5,840.0,839.5,840.0,3418,2021-05-24 15:30:00,ISRG
840.0,840.0,839.595,839.595,600,2021-05-24 15:31:00,ISRG
839.39,839.52,839.39,839.52,500,2021-05-24 15:32:00,ISRG
839.53,839.53,839.53,839.53,100,2021-05-24 15:34:00,ISRG
839.51,839.51,839.51,839.51,100,2021-05-24 15:36:00,ISRG
839.55,839.55,839.55,839.55,100,2021-05-24 15:37:00,ISRG
839.76,839.76,839.76,839.76,100,2021-05-24 15:39:00,ISRG
839.44,839.565,839.17,839.385,733,2021-05-24 15:40:00,ISRG
839.17,839.17,838.95,838.95,400,2021-05-24 15:41:00,ISRG
838.75,838.75,838.75,838.75,123,2021-05-24 15:43:00,ISRG
839.0,839.6554,839.0,839.6554,400,2021-05-24 15:44:00,ISRG
839.21,839.21,838.5179,838.5179,559,2021-05-24 15:45:00,ISRG
839.0,839.0,838.78,839.0,4703,2021-05-24 15:48:00,ISRG
839.04,839.29,838.86,839.0,1506,2021-05-24 15:49:00,ISRG
839.0,839.0,838.75,838.75,1644,2021-05-24 15:50:00,ISRG
838.8215,838.8215,838.8215,838.8215,126,2021-05-24 15:51:00,ISRG
839.0,839.0,838.83,838.995,1577,2021-05-24 15:54:00,ISRG
838.89,838.975,838.65,838.975,900,2021-05-24 15:55:00,ISRG
838.93,839.0,838.82,839.0,3484,2021-05-24 15:56:00,ISRG
839.0,839.0,838.82,838.99,821,2021-05-24 15:57:00,ISRG
838.7,838.7,838.7,838.7,371,2021-05-24 15:58:00,ISRG
838.83,838.83,838.695,838.72,701,2021-05-24 16:01:00,ISRG
838.54,838.73,838.54,838.6,300,2021-05-24 16:02:00,ISRG
838.79,839.0,838.79,838.88,1929,2021-05-24 16:03:00,ISRG
838.975,838.975,838.81,838.81,200,2021-05-24 16:04:00,ISRG
838.755,838.995,838.51,838.51,500,2021-05-24 16:07:00,ISRG
838.7,839.0,838.7,838.88,762,2021-05-24 16:08:00,ISRG
838.5905,838.66,837.755,837.77,1400,2021-05-24 16:10:00,ISRG
837.75,838.085,837.75,837.75,400,2021-05-24 16:11:00,ISRG
837.52,837.76,837.45,837.76,700,2021-05-24 16:12:00,ISRG
838.04,838.04,838.04,838.04,100,2021-05-24 16:14:00,ISRG
837.7,837.7,837.7,837.7,100,2021-05-24 16:16:00,ISRG
838.9,838.9,838.9,838.9,100,2021-05-24 16:18:00,ISRG
838.43,838.71,838.43,838.71,200,2021-05-24 16:21:00,ISRG
839.0,839.0,838.6498,838.6498,400,2021-05-24 16:22:00,ISRG
838.99,838.99,838.99,838.99,100,2021-05-24 16:23:00,ISRG
838.59,838.59,838.33,838.515,1557,2021-05-24 16:24:00,ISRG
838.345,838.345,838.345,838.345,100,2021-05-24 16:25:00,ISRG
837.7029,837.7029,837.7029,837.7029,124,2021-05-24 16:28:00,ISRG
838.23,838.245,837.97,838.245,600,2021-05-24 16:29:00,ISRG
838.235,838.45,837.71,837.78,2700,2021-05-24 16:30:00,ISRG
837.66,837.925,837.42,837.42,1800,2021-05-24 16:31:00,ISRG
837.33,837.33,837.02,837.02,300,2021-05-24 16:32:00,ISRG
837.23,837.23,837.23,837.23,100,2021-05-24 16:33:00,ISRG
837.23,837.28,837.23,837.28,300,2021-05-24 16:34:00,ISRG
838.16,838.16,838.16,838.16,760,2021-05-24 16:36:00,ISRG
837.17,837.17,837.17,837.17,100,2021-05-24 16:37:00,ISRG
837.485,837.485,837.485,837.485,100,2021-05-24 16:38:00,ISRG
837.5,837.5,837.5,837.5,100,2021-05-24 16:39:00,ISRG
837.245,837.245,836.67,837.0,2748,2021-05-24 16:40:00,ISRG
836.69,836.76,836.6,836.76,617,2021-05-24 16:41:00,ISRG
836.44,836.44,836.44,836.44,600,2021-05-24 16:42:00,ISRG
835.64,835.64,835.28,835.28,200,2021-05-24 16:43:00,ISRG
835.35,836.3,835.35,836.3,300,2021-05-24 16:44:00,ISRG
835.56,835.99,835.56,835.57,400,2021-05-24 16:45:00,ISRG
836.3,836.3,835.58,835.58,200,2021-05-24 16:47:00,ISRG
835.58,835.59,835.58,835.58,300,2021-05-24 16:48:00,ISRG
835.67,835.67,833.99,835.07,1000,2021-05-24 16:52:00,ISRG
834.32,834.32,834.32,834.32,100,2021-05-24 16:54:00,ISRG
835.56,836.02,835.56,835.99,710,2021-05-24 16:55:00,ISRG
836.11,836.93,836.11,836.35,400,2021-05-24 16:56:00,ISRG
836.07,836.07,836.07,836.07,367,2021-05-24 16:57:00,ISRG
836.425,836.69,836.425,836.69,548,2021-05-24 16:59:00,ISRG
836.545,836.87,836.18,836.18,1483,2021-05-24 17:00:00,ISRG
836.145,837.265,836.145,837.265,1800,2021-05-24 17:01:00,ISRG
837.23,837.23,837.23,837.23,100,2021-05-24 17:02:00,ISRG
837.65,837.65,837.5,837.55,1100,2021-05-24 17:03:00,ISRG
837.73,837.73,836.98,836.98,400,2021-05-24 17:04:00,ISRG
837.64,837.64,837.64,837.64,100,2021-05-24 17:05:00,ISRG
836.96,836.96,836.88,836.88,310,2021-05-24 17:06:00,ISRG
836.55,836.85,836.47,836.85,310,2021-05-24 17:08:00,ISRG
837.0,837.0,837.0,837.0,1292,2021-05-24 17:09:00,ISRG
836.615,836.615,836.33,836.33,200,2021-05-24 17:10:00,ISRG
836.625,836.625,836.625,836.625,100,2021-05-24 17:12:00,ISRG
836.6,836.61,836.38,836.38,300,2021-05-24 17:15:00,ISRG
836.15,837.0,836.01,837.0,1004,2021-05-24 17:16:00,ISRG
836.52,836.52,836.52,836.52,100,2021-05-24 17:17:00,ISRG
836.37,836.37,836.37,836.37,100,2021-05-24 17:19:00,ISRG
836.74,836.74,836.74,836.74,100,2021-05-24 17:20:00,ISRG
836.61,836.61,836.4,836.53,501,2021-05-24 17:21:00,ISRG
836.62,836.95,836.62,836.95,400,2021-05-24 17:24:00,ISRG
836.27,836.27,836.27,836.27,203,2021-05-24 17:25:00,ISRG
836.43,836.52,836.43,836.52,200,2021-05-24 17:27:00,ISRG
836.76,836.76,836.67,836.67,273,2021-05-24 17:29:00,ISRG
836.97,837.0,836.62,837.0,1021,2021-05-24 17:30:00,ISRG
837.0,837.0,836.51,836.51,500,2021-05-24 17:31:00,ISRG
836.715,836.715,836.715,836.715,100,2021-05-24 17:32:00,ISRG
836.71,836.71,836.71,836.71,100,2021-05-24 17:33:00,ISRG
836.9,836.9,836.9,836.9,100,2021-05-24 17:35:00,ISRG
836.7,836.7,836.59,836.59,261,2021-05-24 17:36:00,ISRG
836.13,836.13,835.87,836.0,800,2021-05-24 17:41:00,ISRG
835.84,836.0,835.84,836.0,840,2021-05-24 17:42:00,ISRG
836.0,836.0,836.0,836.0,200,2021-05-24 17:43:00,ISRG
835.73,835.73,835.71,835.71,300,2021-05-24 17:44:00,ISRG
835.6,835.75,835.6,835.75,300,2021-05-24 17:45:00,ISRG
835.71,835.71,835.64,835.64,300,2021-05-24 17:48:00,ISRG
836.0,836.0,835.59,835.59,1577,2021-05-24 17:50:00,ISRG
835.38,835.38,835.23,835.23,300,2021-05-24 17:52:00,ISRG
834.96,835.14,834.96,835.14,200,2021-05-24 17:55:00,ISRG
835.33,835.33,835.33,835.33,100,2021-05-24 17:58:00,ISRG
835.425,835.6,835.425,835.6,200,2021-05-24 17:59:00,ISRG
835.66,835.75,835.66,835.66,400,2021-05-24 18:00:00,ISRG
836.0,836.0,835.765,835.765,200,2021-05-24 18:01:00,ISRG
835.775,835.775,835.775,835.775,189,2021-05-24 18:03:00,ISRG
835.58,835.58,835.36,835.36,300,2021-05-24 18:04:00,ISRG
835.62,836.0,835.62,835.81,2208,2021-05-24 18:06:00,ISRG
835.77,835.77,835.335,835.63,700,2021-05-24 18:07:00,ISRG
835.385,835.385,835.385,835.385,100,2021-05-24 18:09:00,ISRG
835.67,836.0,835.67,836.0,650,2021-05-24 18:11:00,ISRG
835.72,835.72,835.27,835.27,400,2021-05-24 18:12:00,ISRG
835.5,835.5,835.5,835.5,100,2021-05-24 18:14:00,ISRG
835.39,835.39,835.34,835.34,300,2021-05-24 18:19:00,ISRG
835.45,835.68,835.45,835.68,200,2021-05-24 18:20:00,ISRG
835.62,835.66,835.61,835.61,300,2021-05-24 18:21:00,ISRG
835.9212,835.9212,835.69,835.69,500,2021-05-24 18:22:00,ISRG
835.55,836.0,835.53,835.55,900,2021-05-24 18:23:00,ISRG
835.665,835.665,835.665,835.665,100,2021-05-24 18:25:00,ISRG
835.45,835.45,835.45,835.45,100,2021-05-24 18:26:00,ISRG
835.71,835.73,835.7,835.7,300,2021-05-24 18:28:00,ISRG
835.7,836.0,835.7,835.88,1100,2021-05-24 18:30:00,ISRG
835.88,835.88,835.51,835.7,600,2021-05-24 18:31:00,ISRG
835.71,836.0,835.71,835.9,1927,2021-05-24 18:32:00,ISRG
835.9,835.9,835.895,835.895,200,2021-05-24 18:33:00,ISRG
835.6,835.6,835.59,835.59,300,2021-05-24 18:34:00,ISRG
835.715,835.715,835.715,835.715,100,2021-05-24 18:35:00,ISRG
836.0,836.0,835.855,835.855,800,2021-05-24 18:36:00,ISRG
835.91,836.0,835.91,836.0,721,2021-05-24 18:37:00,ISRG
836.585,836.585,836.585,836.585,100,2021-05-24 18:39:00,ISRG
836.52,836.675,836.45,836.675,300,2021-05-24 18:40:00,ISRG
836.575,836.575,836.575,836.575,100,2021-05-24 18:41:00,ISRG
836.69,837.01,836.69,837.01,300,2021-05-24 18:42:00,ISRG
837.36,837.36,837.36,837.36,100,2021-05-24 18:43:00,ISRG
837.3,837.79,837.09,837.46,6600,2021-05-24 18:44:00,ISRG
837.09,837.46,837.09,837.46,700,2021-05-24 18:45:00,ISRG
837.35,837.695,837.22,837.66,2660,2021-05-24 18:46:00,ISRG
837.75,837.85,837.44,837.44,1100,2021-05-24 18:47:00,ISRG
837.47,837.96,837.37,837.49,3341,2021-05-24 18:48:00,ISRG
837.17,837.2475,836.93,837.2475,1000,2021-05-24 18:49:00,ISRG
836.975,836.975,836.975,836.975,100,2021-05-24 18:50:00,ISRG
837.34,837.34,837.34,837.34,100,2021-05-24 18:52:00,ISRG
837.785,837.785,837.33,837.725,300,2021-05-24 18:55:00,ISRG
838.15,838.195,837.86,837.86,1200,2021-05-24 18:56:00,ISRG
837.68,837.68,837.68,837.68,100,2021-05-24 18:57:00,ISRG
837.7,838.25,837.15,837.15,500,2021-05-24 18:58:00,ISRG
837.18,837.18,837.01,837.01,200,2021-05-24 18:59:00,ISRG
837.0,837.0,837.0,837.0,100,2021-05-24 19:00:00,ISRG
837.0,837.0,836.99,837.0,600,2021-05-24 19:01:00,ISRG
837.03,837.07,836.83,836.83,500,2021-05-24 19:02:00,ISRG
837.0,837.235,836.78,836.78,800,2021-05-24 19:04:00,ISRG
837.9399,837.9399,836.9,836.9,1179,2021-05-24 19:05:00,ISRG
836.805,837.0,836.63,837.0,700,2021-05-24 19:08:00,ISRG
836.52,836.8,836.52,836.8,319,2021-05-24 19:09:00,ISRG
836.85,836.96,836.78,836.785,500,2021-05-24 19:11:00,ISRG
836.6,836.6,836.6,836.6,376,2021-05-24 19:12:00,ISRG
836.53,836.605,836.34,836.34,900,2021-05-24 19:13:00,ISRG
836.39,836.39,836.39,836.39,292,2021-05-24 19:15:00,ISRG
836.32,836.56,836.3,836.56,500,2021-05-24 19:16:00,ISRG
836.47,836.67,836.32,836.67,600,2021-05-24 19:17:00,ISRG
836.75,836.75,836.36,836.36,200,2021-05-24 19:18:00,ISRG
836.16,836.16,836.16,836.16,100,2021-05-24 19:19:00,ISRG
836.48,836.54,835.89,836.345,1044,2021-05-24 19:20:00,ISRG
836.09,836.14,835.89,836.13,700,2021-05-24 19:21:00,ISRG
836.14,836.14,836.14,836.14,200,2021-05-24 19:22:00,ISRG
836.22,836.22,836.04,836.04,600,2021-05-24 19:23:00,ISRG
836.05,836.05,835.91,835.91,200,2021-05-24 19:24:00,ISRG
836.3,836.3,836.3,836.3,193,2021-05-24 19:25:00,ISRG
836.25,836.25,835.965,836.03,800,2021-05-24 19:26:00,ISRG
835.89,835.89,835.89,835.89,100,2021-05-24 19:27:00,ISRG
835.968,836.11,835.968,836.11,439,2021-05-24 19:28:00,ISRG
835.76,835.76,835.76,835.76,100,2021-05-24 19:29:00,ISRG
835.68,835.76,835.63,835.76,319,2021-05-24 19:30:00,ISRG
835.54,835.54,834.86,834.93,5017,2021-05-24 19:31:00,ISRG
835.0,835.0,834.585,834.62,600,2021-05-24 19:32:00,ISRG
834.38,834.38,834.38,834.38,100,2021-05-24 19:33:00,ISRG
835.0,835.0,834.75,834.84,2623,2021-05-24 19:35:00,ISRG
834.99,835.0,834.74,834.74,3310,2021-05-24 19:36:00,ISRG
834.94,835.0,834.75,834.9,4424,2021-05-24 19:37:00,ISRG
834.95,835.0,834.745,834.86,4139,2021-05-24 19:38:00,ISRG
834.89,834.89,834.88,834.88,200,2021-05-24 19:39:00,ISRG
834.8,835.0,834.67,834.72,2000,2021-05-24 19:40:00,ISRG
834.63,834.86,834.63,834.86,300,2021-05-24 19:41:00,ISRG
834.62,834.62,834.62,834.62,100,2021-05-24 19:42:00,ISRG
834.66,834.9,834.65,834.9,500,2021-05-24 19:43:00,ISRG
834.96,834.96,834.54,834.54,615,2021-05-24 19:44:00,ISRG
834.87,835.0,834.7,834.7,1798,2021-05-24 19:45:00,ISRG
834.77,834.77,834.77,834.77,100,2021-05-24 19:46:00,ISRG
834.92,834.93,834.92,834.93,400,2021-05-24 19:47:00,ISRG
834.69,834.98,834.69,834.98,200,2021-05-24 19:48:00,ISRG
834.77,834.77,834.77,834.77,100,2021-05-24 19:49:00,ISRG
834.29,835.15,834.29,834.81,14094,2021-05-24 19:50:00,ISRG
834.94,835.0,834.74,834.815,2090,2021-05-24 19:51:00,ISRG
835.0,835.0,834.83,834.99,7496,2021-05-24 19:52:00,ISRG
835.0,835.0,834.65,834.97,3392,2021-05-24 19:53:00,ISRG
834.78,835.0,834.64,834.64,8128,2021-05-24 19:54:00,ISRG
834.775,835.0,834.53,834.79,5231,2021-05-24 19:55:00,ISRG
834.86,835.0,834.67,834.99,5076,2021-05-24 19:56:00,ISRG
834.83,834.89,834.275,834.69,8785,2021-05-24 19:57:00,ISRG
834.76,834.98,834.6,834.77,2890,2021-05-24 19:58:00,ISRG
834.85,834.975,834.31,834.92,8065,2021-05-24 19:59:00,ISRG
834.92,834.92,834.92,834.92,105677,2021-05-24 20:00:00,ISRG
834.92,834.92,834.92,834.92,1054,2021-05-24 20:01:00,ISRG
834.92,834.92,834.92,834.92,195,2021-05-24 20:09:00,ISRG
834.92,834.92,834.92,834.92,21906,2021-05-24 20:19:00,ISRG
840.29,843.53,840.01,842.0,6131,2021-05-25 13:30:00,ISRG
842.2023,843.93,842.2023,843.86,429,2021-05-25 13:31:00,ISRG
841.705,841.705,841.705,841.705,4600,2021-05-25 13:32:00,ISRG
842.395,844.0,842.395,844.0,56672,2021-05-25 13:33:00,ISRG
843.13,843.66,842.26,842.26,35500,2021-05-25 13:34:00,ISRG
844.23,844.23,844.23,844.23,100,2021-05-25 13:35:00,ISRG
841.95,841.95,841.95,841.95,100,2021-05-25 13:36:00,ISRG
843.72,844.73,843.72,844.71,500,2021-05-25 13:37:00,ISRG
844.56,844.91,844.56,844.91,300,2021-05-25 13:38:00,ISRG
843.55,843.78,841.96,843.14,1300,2021-05-25 13:39:00,ISRG
840.59,840.92,839.63,840.92,1099,2021-05-25 13:40:00,ISRG
840.685,840.685,840.685,840.685,100,2021-05-25 13:41:00,ISRG
842.16,842.25,840.26,840.26,700,2021-05-25 13:43:00,ISRG
840.68,840.73,840.0,840.53,500,2021-05-25 13:44:00,ISRG
839.82,840.02,839.82,839.88,300,2021-05-25 13:45:00,ISRG
840.53,840.53,840.53,840.53,102,2021-05-25 13:46:00,ISRG
840.51,841.07,839.69,839.69,4354,2021-05-25 13:47:00,ISRG
839.0,840.1,838.77,840.1,1100,2021-05-25 13:48:00,ISRG
839.8387,839.8387,838.38,839.28,1869,2021-05-25 13:49:00,ISRG
840.165,840.165,840.165,840.165,200,2021-05-25 13:50:00,ISRG
840.085,840.5,840.085,840.5,200,2021-05-25 13:51:00,ISRG
840.555,840.69,839.38,839.38,2609,2021-05-25 13:52:00,ISRG
838.89,839.95,838.65,839.95,800,2021-05-25 13:53:00,ISRG
840.5,840.6,839.96,839.96,900,2021-05-25 13:54:00,ISRG
840.655,840.655,840.655,840.655,400,2021-05-25 13:55:00,ISRG
840.625,840.625,840.54,840.54,1100,2021-05-25 13:56:00,ISRG
840.0563,840.54,839.3035,840.35,1699,2021-05-25 13:57:00,ISRG
839.69,839.69,839.69,839.69,100,2021-05-25 13:58:00,ISRG
839.8,841.0,839.8,841.0,1217,2021-05-25 13:59:00,ISRG
841.0,841.0,840.34,840.47,5171,2021-05-25 14:00:00,ISRG
840.4,840.66,840.4,840.66,300,2021-05-25 14:01:00,ISRG
839.81,839.81,839.66,839.73,400,2021-05-25 14:02:00,ISRG
839.99,839.99,839.99,839.99,100,2021-05-25 14:03:00,ISRG
839.94,840.315,839.78,839.78,500,2021-05-25 14:05:00,ISRG
839.51,839.51,839.51,839.51,100,2021-05-25 14:06:00,ISRG
840.9,840.97,840.84,840.97,500,2021-05-25 14:08:00,ISRG
840.2,840.2,839.98,839.98,300,2021-05-25 14:09:00,ISRG
840.45,840.45,839.67,839.91,600,2021-05-25 14:11:00,ISRG
840.055,840.51,839.7,839.71,849,2021-05-25 14:12:00,ISRG
840.25,840.25,840.25,840.25,100,2021-05-25 14:13:00,ISRG
839.61,840.51,839.61,840.51,421,2021-05-25 14:14:00,ISRG
840.355,840.355,840.355,840.355,100,2021-05-25 14:16:00,ISRG
839.71,839.71,839.56,839.56,460,2021-05-25 14:17:00,ISRG
839.52,839.66,839.51,839.52,1200,2021-05-25 14:19:00,ISRG
839.85,840.225,839.52,840.225,600,2021-05-25 14:20:00,ISRG
839.5161,840.255,839.5161,840.255,300,2021-05-25 14:21:00,ISRG
839.94,839.94,839.94,839.94,100,2021-05-25 14:22:00,ISRG
840.04,840.33,840.04,840.2,326,2021-05-25 14:23:00,ISRG
840.86,841.0,840.64,840.76,5926,2021-05-25 14:24:00,ISRG
840.93,841.27,840.93,841.27,1210,2021-05-25 14:25:00,ISRG
841.81,842.57,841.81,842.23,600,2021-05-25 14:27:00,ISRG
842.09,842.09,841.91,842.09,466,2021-05-25 14:28:00,ISRG
841.93,843.37,841.93,843.0,1100,2021-05-25 14:29:00,ISRG
842.98,843.12,842.96,842.96,300,2021-05-25 14:30:00,ISRG
843.75,843.76,843.34,843.51,818,2021-05-25 14:31:00,ISRG
843.99,844.45,843.34,843.34,1447,2021-05-25 14:32:00,ISRG
842.87,843.03,841.98,841.98,400,2021-05-25 14:33:00,ISRG
842.49,842.5,842.49,842.5,200,2021-05-25 14:34:00,ISRG
842.605,842.605,842.49,842.49,200,2021-05-25 14:35:00,ISRG
842.575,842.575,840.51,840.74,2305,2021-05-25 14:36:00,ISRG
841.5,841.5,841.18,841.18,3164,2021-05-25 14:38:00,ISRG
841.4,841.5,840.95,840.95,1478,2021-05-25 14:39:00,ISRG
840.43,840.84,840.42,840.58,500,2021-05-25 14:40:00,ISRG
841.04,841.075,841.04,841.075,795,2021-05-25 14:41:00,ISRG
841.075,841.5,841.075,841.34,1675,2021-05-25 14:42:00,ISRG
840.77,841.34,840.77,841.34,800,2021-05-25 14:43:00,ISRG
842.055,842.07,841.77,842.07,600,2021-05-25 14:44:00,ISRG
841.94,841.94,841.94,841.94,300,2021-05-25 14:45:00,ISRG
841.995,841.995,841.995,841.995,100,2021-05-25 14:46:00,ISRG
841.85,841.95,841.51,841.51,807,2021-05-25 14:47:00,ISRG
841.44,841.44,840.78,840.78,900,2021-05-25 14:48:00,ISRG
841.25,841.25,840.96,840.96,200,2021-05-25 14:49:00,ISRG
840.92,841.14,840.92,841.01,800,2021-05-25 14:50:00,ISRG
840.88,840.945,840.72,840.72,500,2021-05-25 14:51:00,ISRG
840.83,840.83,840.655,840.655,335,2021-05-25 14:52:00,ISRG
840.86,840.86,840.86,840.86,100,2021-05-25 14:53:00,ISRG
841.03,841.03,840.9245,840.9245,284,2021-05-25 14:54:00,ISRG
840.99,841.04,840.99,841.04,700,2021-05-25 14:55:00,ISRG
841.11,841.26,840.93,841.17,1901,2021-05-25 14:56:00,ISRG
840.49,841.495,840.49,841.0,900,2021-05-25 14:57:00,ISRG
841.49,841.49,841.0,841.0,400,2021-05-25 14:58:00,ISRG
841.035,841.035,841.0,841.0,500,2021-05-25 14:59:00,ISRG
841.38,841.49,840.65,840.65,1700,2021-05-25 15:00:00,ISRG
840.58,840.865,840.58,840.595,400,2021-05-25 15:01:00,ISRG
840.43,840.7285,840.43,840.7,300,2021-05-25 15:03:00,ISRG
840.18,840.605,840.18,840.33,300,2021-05-25 15:04:00,ISRG
840.6,840.6,840.6,840.6,100,2021-05-25 15:06:00,ISRG
840.64,840.64,840.64,840.64,100,2021-05-25 15:08:00,ISRG
840.58,840.9,839.78,839.78,4561,2021-05-25 15:09:00,ISRG
840.0,840.0,839.96,840.0,3232,2021-05-25 15:11:00,ISRG
839.33,839.33,839.33,839.33,100,2021-05-25 15:12:00,ISRG
839.05,839.61,839.05,839.61,1400,2021-05-25 15:13:00,ISRG
839.16,839.16,839.16,839.16,100,2021-05-25 15:14:00,ISRG
839.56,839.69,839.0,839.0,531,2021-05-25 15:15:00,ISRG
839.45,839.45,838.8,838.8,300,2021-05-25 15:16:00,ISRG
839.11,839.11,839.11,839.11,100,2021-05-25 15:17:00,ISRG
839.7,840.0,839.7,840.0,1680,2021-05-25 15:21:00,ISRG
839.55,839.55,839.31,839.31,600,2021-05-25 15:22:00,ISRG
839.535,839.535,839.3,839.3,300,2021-05-25 15:23:00,ISRG
839.48,839.48,839.01,839.01,300,2021-05-25 15:24:00,ISRG
839.44,839.74,839.44,839.74,600,2021-05-25 15:29:00,ISRG
840.0,840.0,840.0,840.0,776,2021-05-25 15:30:00,ISRG
839.63,839.63,839.48,839.6,600,2021-05-25 15:31:00,ISRG
839.67,839.87,839.67,839.87,203,2021-05-25 15:32:00,ISRG
839.34,839.34,838.975,838.975,200,2021-05-25 15:33:00,ISRG
839.21,840.0,839.21,839.325,1476,2021-05-25 15:34:00,ISRG
839.67,840.0,839.67,840.0,1750,2021-05-25 15:36:00,ISRG
840.58,840.58,840.05,840.05,400,2021-05-25 15:38:00,ISRG
840.5,840.5,840.5,840.5,100,2021-05-25 15:40:00,ISRG
841.085,841.085,840.51,840.65,600,2021-05-25 15:41:00,ISRG
840.94,840.94,840.94,840.94,100,2021-05-25 15:43:00,ISRG
841.36,841.73,841.26,841.73,700,2021-05-25 15:44:00,ISRG
841.62,841.62,841.61,841.61,200,2021-05-25 15:45:00,ISRG
842.0,842.0,842.0,842.0,100,2021-05-25 15:46:00,ISRG
841.71,841.71,841.71,841.71,100,2021-05-25 15:47:00,ISRG
841.97,842.0,841.97,842.0,537,2021-05-25 15:48:00,ISRG
841.76,841.76,841.41,841.51,300,2021-05-25 15:49:00,ISRG
841.04,841.325,841.04,841.325,799,2021-05-25 15:50:00,ISRG
841.42,841.42,841.42,841.42,100,2021-05-25 15:51:00,ISRG
840.89,841.23,840.72,841.23,400,2021-05-25 15:52:00,ISRG
841.85,841.85,841.85,841.85,100,2021-05-25 15:55:00,ISRG
841.67,842.16,841.67,842.005,400,2021-05-25 15:57:00,ISRG
842.23,842.23,842.16,842.18,700,2021-05-25 15:58:00,ISRG
842.185,842.185,842.0,842.0,716,2021-05-25 15:59:00,ISRG
842.18,842.45,842.18,842.18,500,2021-05-25 16:00:00,ISRG
841.93,841.93,841.92,841.92,400,2021-05-25 16:01:00,ISRG
842.0,842.07,842.0,842.07,300,2021-05-25 16:02:00,ISRG
841.64,841.64,841.63,841.63,200,2021-05-25 16:03:00,ISRG
841.41,841.41,841.32,841.32,200,2021-05-25 16:04:00,ISRG
841.83,841.95,841.575,841.845,900,2021-05-25 16:05:00,ISRG
842.16,842.18,842.04,842.04,400,2021-05-25 16:07:00,ISRG
841.815,842.07,841.815,842.07,300,2021-05-25 16:09:00,ISRG
842.2,842.2,841.62,841.62,200,2021-05-25 16:10:00,ISRG
841.41,841.47,841.37,841.38,400,2021-05-25 16:12:00,ISRG
841.31,841.31,841.31,841.31,100,2021-05-25 16:14:00,ISRG
840.86,840.86,840.86,840.86,100,2021-05-25 16:16:00,ISRG
841.01,841.57,841.01,841.25,600,2021-05-25 16:18:00,ISRG
841.27,841.27,841.27,841.27,100,2021-05-25 16:19:00,ISRG
841.11,841.7,841.11,841.7,200,2021-05-25 16:20:00,ISRG
841.37,841.37,841.37,841.37,121,2021-05-25 16:21:00,ISRG
841.47,841.47,841.42,841.42,200,2021-05-25 16:23:00,ISRG
841.42,841.71,841.42,841.71,200,2021-05-25 16:24:00,ISRG
841.89,841.89,841.51,841.51,455,2021-05-25 16:25:00,ISRG
841.735,841.835,841.69,841.69,300,2021-05-25 16:26:00,ISRG
841.44,841.45,841.44,841.44,600,2021-05-25 16:27:00,ISRG
841.03,841.36,841.03,841.03,300,2021-05-25 16:28:00,ISRG
841.09,841.68,841.09,841.68,400,2021-05-25 16:29:00,ISRG
841.11,841.25,841.11,841.25,200,2021-05-25 16:30:00,ISRG
841.3,841.3,841.25,841.25,200,2021-05-25 16:32:00,ISRG
841.33,841.33,841.16,841.21,300,2021-05-25 16:33:00,ISRG
841.49,841.52,841.36,841.36,400,2021-05-25 16:34:00,ISRG
841.06,841.06,840.96,840.96,200,2021-05-25 16:35:00,ISRG
841.29,841.29,841.29,841.29,100,2021-05-25 16:36:00,ISRG
840.91,840.91,840.91,840.91,100,2021-05-25 16:37:00,ISRG
840.76,840.76,840.67,840.67,200,2021-05-25 16:38:00,ISRG
841.06,841.06,841.06,841.06,100,2021-05-25 16:39:00,ISRG
841.215,841.215,840.815,841.0,600,2021-05-25 16:40:00,ISRG
840.74,841.0,840.56,840.825,1200,2021-05-25 16:41:00,ISRG
841.045,841.045,841.045,841.045,100,2021-05-25 16:44:00,ISRG
841.195,841.195,841.195,841.195,100,2021-05-25 16:45:00,ISRG
841.375,841.375,841.375,841.375,100,2021-05-25 16:46:00,ISRG
841.1,841.1,840.59,840.6302,505,2021-05-25 16:47:00,ISRG
840.62,840.62,840.615,840.615,200,2021-05-25 16:48:00,ISRG
840.33,840.33,839.99,839.99,600,2021-05-25 16:49:00,ISRG
840.4139,840.4139,840.4139,840.4139,134,2021-05-25 16:51:00,ISRG
840.52,840.96,840.52,840.82,686,2021-05-25 16:52:00,ISRG
841.07,841.16,840.97,840.97,300,2021-05-25 16:53:00,ISRG
840.82,840.88,840.47,840.88,600,2021-05-25 16:54:00,ISRG
840.55,840.55,840.37,840.5,300,2021-05-25 16:55:00,ISRG
840.67,840.67,840.67,840.67,100,2021-05-25 17:00:00,ISRG
840.54,840.56,839.71,839.71,700,2021-05-25 17:01:00,ISRG
840.13,840.13,840.13,840.13,100,2021-05-25 17:02:00,ISRG
840.11,840.11,840.11,840.11,200,2021-05-25 17:03:00,ISRG
839.89,839.94,839.74,839.89,700,2021-05-25 17:05:00,ISRG
839.93,839.93,839.93,839.93,100,2021-05-25 17:06:00,ISRG
840.16,840.16,839.94,840.1,500,2021-05-25 17:09:00,ISRG
840.1,840.1,840.1,840.1,100,2021-05-25 17:10:00,ISRG
840.1,840.1,840.1,840.1,100,2021-05-25 17:11:00,ISRG
840.22,840.22,840.22,840.22,100,2021-05-25 17:13:00,ISRG
840.27,840.27,840.27,840.27,300,2021-05-25 17:14:00,ISRG
840.375,840.63,840.375,840.63,400,2021-05-25 17:15:00,ISRG
840.63,841.17,840.18,840.34,6744,2021-05-25 17:16:00,ISRG
840.5,840.5,840.0,840.0,5781,2021-05-25 17:17:00,ISRG
839.84,839.84,839.62,839.62,300,2021-05-25 17:19:00,ISRG
839.65,839.65,839.65,839.65,100,2021-05-25 17:20:00,ISRG
839.57,839.57,839.57,839.57,100,2021-05-25 17:21:00,ISRG
839.72,839.75,839.72,839.75,400,2021-05-25 17:26:00,ISRG
839.78,839.78,839.78,839.78,206,2021-05-25 17:28:00,ISRG
840.08,840.25,839.76,840.25,2204,2021-05-25 17:29:00,ISRG
839.99,840.11,839.98,839.98,400,2021-05-25 17:30:00,ISRG
840.06,840.06,839.98,839.98,200,2021-05-25 17:31:00,ISRG
839.84,839.84,839.84,839.84,200,2021-05-25 17:32:00,ISRG
840.055,840.055,840.055,840.055,100,2021-05-25 17:34:00,ISRG
839.86,839.94,839.77,839.94,900,2021-05-25 17:36:00,ISRG
840.2,840.41,840.16,840.41,7111,2021-05-25 17:37:00,ISRG
840.06,840.06,840.06,840.06,200,2021-05-25 17:40:00,ISRG
839.65,839.9,839.57,839.65,1200,2021-05-25 17:41:00,ISRG
839.92,839.97,839.92,839.97,200,2021-05-25 17:42:00,ISRG
840.0,840.09,840.0,840.09,265,2021-05-25 17:46:00,ISRG
840.425,840.425,840.425,840.425,100,2021-05-25 17:49:00,ISRG
840.56,840.85,840.56,840.755,300,2021-05-25 17:50:00,ISRG
840.62,840.62,840.51,840.565,500,2021-05-25 17:52:00,ISRG
840.34,840.34,840.34,840.34,100,2021-05-25 17:53:00,ISRG
840.68,840.68,840.35,840.35,400,2021-05-25 17:54:00,ISRG
840.6,841.03,840.6,841.02,1600,2021-05-25 17:55:00,ISRG
841.02,841.12,840.77,841.08,2246,2021-05-25 17:56:00,ISRG
840.99,841.0,840.49,840.49,1440,2021-05-25 17:57:00,ISRG
840.8,840.93,840.61,840.61,900,2021-05-25 17:58:00,ISRG
840.27,840.27,839.84,839.84,706,2021-05-25 17:59:00,ISRG
840.0,840.0,839.89,839.9,500,2021-05-25 18:00:00,ISRG
840.14,840.14,839.7325,839.9,500,2021-05-25 18:03:00,ISRG
840.08,840.125,840.055,840.125,400,2021-05-25 18:05:00,ISRG
839.98,839.98,839.98,839.98,100,2021-05-25 18:06:00,ISRG
840.0,840.0,840.0,840.0,100,2021-05-25 18:07:00,ISRG
839.74,839.75,839.74,839.75,200,2021-05-25 18:10:00,ISRG
840.0,840.0,839.91,839.91,200,2021-05-25 18:11:00,ISRG
840.0,840.0,839.57,839.66,400,2021-05-25 18:13:00,ISRG
839.66,839.755,839.66,839.755,499,2021-05-25 18:14:00,ISRG
840.0,840.0,839.62,839.62,2241,2021-05-25 18:16:00,ISRG
839.96,840.0,839.72,839.72,1550,2021-05-25 18:17:00,ISRG
839.51,840.0,839.51,839.73,1839,2021-05-25 18:18:00,ISRG
839.6345,839.685,839.6345,839.685,295,2021-05-25 18:21:00,ISRG
839.51,839.855,839.51,839.65,300,2021-05-25 18:22:00,ISRG
839.66,839.66,839.64,839.64,200,2021-05-25 18:24:00,ISRG
839.38,839.38,839.36,839.36,400,2021-05-25 18:25:00,ISRG
839.94,839.94,839.94,839.94,100,2021-05-25 18:26:00,ISRG
839.99,840.0,839.92,839.92,800,2021-05-25 18:27:00,ISRG
839.83,839.83,839.665,839.665,3195,2021-05-25 18:28:00,ISRG
839.53,840.0,839.53,839.99,1291,2021-05-25 18:30:00,ISRG
839.99,840.0,839.84,839.85,4884,2021-05-25 18:31:00,ISRG
839.96,840.0,839.44,839.44,3850,2021-05-25 18:33:00,ISRG
839.38,839.38,839.38,839.38,100,2021-05-25 18:35:00,ISRG
839.96,840.0,839.96,840.0,1398,2021-05-25 18:37:00,ISRG
840.0,840.0,839.94,840.0,3700,2021-05-25 18:38:00,ISRG
840.0,840.0,839.76,840.0,2826,2021-05-25 18:39:00,ISRG
840.0,840.0,839.855,840.0,1859,2021-05-25 18:40:00,ISRG
840.0,840.47,839.87,840.47,2974,2021-05-25 18:41:00,ISRG
840.8,841.04,840.77,841.04,649,2021-05-25 18:42:00,ISRG
841.37,841.845,841.37,841.845,200,2021-05-25 18:43:00,ISRG
841.76,841.76,841.76,841.76,100,2021-05-25 18:44:00,ISRG
841.84,841.84,841.62,841.62,200,2021-05-25 18:45:00,ISRG
841.31,841.44,841.13,841.13,300,2021-05-25 18:46:00,ISRG
841.45,841.45,841.32,841.32,200,2021-05-25 18:47:00,ISRG
841.21,841.21,841.21,841.21,100,2021-05-25 18:48:00,ISRG
841.64,841.7,841.64,841.7,275,2021-05-25 18:49:00,ISRG
841.81,841.82,841.57,841.57,443,2021-05-25 18:51:00,ISRG
841.21,841.22,840.99,841.1,500,2021-05-25 18:53:00,ISRG
841.77,841.77,841.77,841.77,100,2021-05-25 18:55:00,ISRG
842.21,842.21,842.21,842.21,100,2021-05-25 18:56:00,ISRG
841.87,841.87,841.52,841.52,600,2021-05-25 18:59:00,ISRG
840.7,840.7,840.7,840.7,150,2021-05-25 19:01:00,ISRG
840.02,840.05,839.98,840.05,500,2021-05-25 19:02:00,ISRG
840.09,840.5,840.09,840.5,400,2021-05-25 19:03:00,ISRG
840.171,840.19,840.171,840.19,283,2021-05-25 19:05:00,ISRG
840.3,840.49,840.3,840.465,500,2021-05-25 19:06:00,ISRG
840.57,840.57,840.57,840.57,100,2021-05-25 19:08:00,ISRG
840.48,840.66,840.09,840.11,700,2021-05-25 19:09:00,ISRG
840.09,840.09,840.09,840.09,100,2021-05-25 19:10:00,ISRG
840.28,840.5,840.28,840.28,322,2021-05-25 19:11:00,ISRG
840.94,840.94,840.5,840.5,200,2021-05-25 19:13:00,ISRG
840.83,840.83,840.46,840.46,200,2021-05-25 19:14:00,ISRG
840.57,840.75,840.54,840.75,800,2021-05-25 19:15:00,ISRG
840.735,840.735,840.735,840.735,101,2021-05-25 19:16:00,ISRG
840.54,840.54,840.425,840.5,700,2021-05-25 19:17:00,ISRG
840.395,840.585,840.395,840.585,2100,2021-05-25 19:18:00,ISRG
840.67,841.07,840.59,840.85,1500,2021-05-25 19:19:00,ISRG
840.75,841.16,840.75,841.155,1357,2021-05-25 19:20:00,ISRG
840.525,840.735,840.455,840.51,700,2021-05-25 19:21:00,ISRG
841.22,841.46,840.76,841.46,900,2021-05-25 19:22:00,ISRG
841.575,841.575,841.4,841.5,300,2021-05-25 19:24:00,ISRG
841.58,842.4,841.57,842.4,900,2021-05-25 19:25:00,ISRG
842.11,842.11,842.02,842.09,400,2021-05-25 19:26:00,ISRG
841.92,841.92,841.92,841.92,203,2021-05-25 19:27:00,ISRG
842.3,842.3,842.3,842.3,300,2021-05-25 19:29:00,ISRG
843.3,843.3,843.3,843.3,100,2021-05-25 19:30:00,ISRG
843.34,843.84,843.31,843.31,1400,2021-05-25 19:31:00,ISRG
843.4,843.52,843.2,843.52,471,2021-05-25 19:32:00,ISRG
843.4,843.51,843.22,843.22,500,2021-05-25 19:33:00,ISRG
843.395,843.395,843.02,843.02,500,2021-05-25 19:34:00,ISRG
843.27,843.27,843.24,843.27,400,2021-05-25 19:35:00,ISRG
843.335,843.335,843.335,843.335,200,2021-05-25 19:36:00,ISRG
843.4,843.545,843.4,843.545,300,2021-05-25 19:37:00,ISRG
843.51,844.105,843.365,844.105,800,2021-05-25 19:38:00,ISRG
844.11,844.92,844.11,844.9199,2613,2021-05-25 19:39:00,ISRG
844.29,844.45,844.28,844.45,300,2021-05-25 19:40:00,ISRG
844.1,844.33,844.07,844.07,600,2021-05-25 19:41:00,ISRG
844.39,844.39,844.06,844.06,400,2021-05-25 19:42:00,ISRG
844.37,844.41,844.14,844.14,1300,2021-05-25 19:43:00,ISRG
843.83,843.83,843.28,843.33,1000,2021-05-25 19:44:00,ISRG
843.325,843.45,843.305,843.45,500,2021-05-25 19:45:00,ISRG
843.9,843.9,843.89,843.89,400,2021-05-25 19:46:00,ISRG
843.68,844.05,843.4263,843.4263,600,2021-05-25 19:47:00,ISRG
843.64,844.01,843.64,844.01,500,2021-05-25 19:48:00,ISRG
843.92,844.0,843.81,843.81,500,2021-05-25 19:49:00,ISRG
844.21,845.0,843.8,844.23,2100,2021-05-25 19:50:00,ISRG
843.92,844.69,843.88,844.42,1100,2021-05-25 19:51:00,ISRG
844.38,844.99,844.15,844.99,2600,2021-05-25 19:52:00,ISRG
844.54,844.685,844.345,844.59,1120,2021-05-25 19:53:00,ISRG
844.735,845.96,844.735,845.91,5572,2021-05-25 19:54:00,ISRG
845.58,846.36,845.58,846.05,2100,2021-05-25 19:55:00,ISRG
845.56,846.01,845.34,845.71,3518,2021-05-25 19:56:00,ISRG
845.85,846.5,845.85,846.5,3202,2021-05-25 19:57:00,ISRG
846.21,846.76,846.11,846.335,4227,2021-05-25 19:58:00,ISRG
846.45,846.68,846.05,846.42,8213,2021-05-25 19:59:00,ISRG
846.01,846.01,846.01,846.01,36722,2021-05-25 20:00:00,ISRG
846.01,846.01,846.01,846.01,1391,2021-05-25 20:01:00,ISRG
846.01,846.01,846.01,846.01,1200,2021-05-25 20:04:00,ISRG
846.1,846.1,846.1,846.1,820,2021-05-25 20:06:00,ISRG
846.2,846.2,846.2,846.2,200,2021-05-25 20:26:00,ISRG
846.2,846.2,846.2,846.2,248,2021-05-25 20:27:00,ISRG
846.01,846.01,846.01,846.01,29278,2021-05-25 20:29:00,ISRG
847.11,849.69,845.0,846.165,11535,2021-05-26 13:30:00,ISRG
846.01,846.08,844.065,844.065,1147,2021-05-26 13:31:00,ISRG
844.71,847.94,844.71,847.94,300,2021-05-26 13:32:00,ISRG
846.33,846.33,845.2875,845.2875,300,2021-05-26 13:33:00,ISRG
845.13,846.22,844.07,846.0,2800,2021-05-26 13:34:00,ISRG
842.655,842.655,840.75,840.75,600,2021-05-26 13:36:00,ISRG
841.075,842.415,840.865,842.27,1628,2021-05-26 13:37:00,ISRG
842.41,842.8,841.97,841.97,700,2021-05-26 13:38:00,ISRG
841.97,842.36,841.25,842.36,1800,2021-05-26 13:39:00,ISRG
841.855,843.12,841.855,843.12,600,2021-05-26 13:40:00,ISRG
842.835,842.835,841.9,842.7,800,2021-05-26 13:41:00,ISRG
841.44,842.25,841.03,842.25,3693,2021-05-26 13:42:00,ISRG
843.24,843.38,843.24,843.38,300,2021-05-26 13:43:00,ISRG
842.78,842.82,841.57,841.57,1742,2021-05-26 13:44:00,ISRG
841.57,841.57,839.9,839.9,1209,2021-05-26 13:45:00,ISRG
839.85,840.66,839.15,839.15,700,2021-05-26 13:46:00,ISRG
839.09,839.09,837.5,837.5,3341,2021-05-26 13:47:00,ISRG
837.5,837.635,837.36,837.36,400,2021-05-26 13:48:00,ISRG
836.695,836.695,835.56,836.13,600,2021-05-26 13:49:00,ISRG
836.32,836.51,836.32,836.51,400,2021-05-26 13:50:00,ISRG
836.295,837.24,836.295,836.98,1300,2021-05-26 13:51:00,ISRG
836.67,838.965,836.67,838.965,1544,2021-05-26 13:53:00,ISRG
839.59,840.59,839.59,840.59,650,2021-05-26 13:54:00,ISRG
840.36,840.36,840.36,840.36,100,2021-05-26 13:55:00,ISRG
839.81,840.3225,839.64,839.64,1200,2021-05-26 13:56:00,ISRG
839.62,840.59,839.235,839.235,600,2021-05-26 13:57:00,ISRG
839.94,839.94,837.785,837.785,700,2021-05-26 13:58:00,ISRG
838.33,838.42,837.91,837.91,700,2021-05-26 13:59:00,ISRG
837.88,837.88,836.78,836.78,800,2021-05-26 14:00:00,ISRG
836.74,838.72,836.74,836.78,900,2021-05-26 14:01:00,ISRG
836.78,836.78,836.73,836.73,500,2021-05-26 14:02:00,ISRG
836.1165,836.1165,836.1165,836.1165,149,2021-05-26 14:03:00,ISRG
836.285,836.285,836.285,836.285,100,2021-05-26 14:04:00,ISRG
835.83,836.62,835.83,836.11,600,2021-05-26 14:05:00,ISRG
836.77,837.21,836.77,837.21,600,2021-05-26 14:06:00,ISRG
837.8,838.66,837.8,838.66,200,2021-05-26 14:07:00,ISRG
837.91,838.42,837.91,838.42,200,2021-05-26 14:08:00,ISRG
838.365,838.365,838.365,838.365,100,2021-05-26 14:10:00,ISRG
838.65,838.89,838.65,838.89,393,2021-05-26 14:11:00,ISRG
839.16,839.27,838.84,839.27,1091,2021-05-26 14:12:00,ISRG
839.01,839.21,838.83,839.005,600,2021-05-26 14:13:00,ISRG
839.04,839.04,837.77,837.77,1700,2021-05-26 14:14:00,ISRG
836.24,837.0,836.24,837.0,500,2021-05-26 14:15:00,ISRG
836.21,836.77,836.21,836.625,800,2021-05-26 14:16:00,ISRG
836.62,837.01,836.62,837.01,300,2021-05-26 14:17:00,ISRG
836.31,836.62,836.2,836.32,948,2021-05-26 14:18:00,ISRG
835.9178,835.99,835.645,835.645,799,2021-05-26 14:19:00,ISRG
835.195,836.1425,835.195,836.1425,500,2021-05-26 14:20:00,ISRG
836.595,836.595,836.595,836.595,100,2021-05-26 14:22:00,ISRG
836.24,836.24,836.24,836.24,100,2021-05-26 14:23:00,ISRG
836.97,836.99,836.68,836.81,1300,2021-05-26 14:24:00,ISRG
836.22,836.23,836.21,836.21,400,2021-05-26 14:25:00,ISRG
836.67,836.75,836.67,836.75,422,2021-05-26 14:26:00,ISRG
837.81,837.81,837.81,837.81,100,2021-05-26 14:28:00,ISRG
837.86,838.365,837.86,838.365,446,2021-05-26 14:29:00,ISRG
837.97,838.18,837.81,837.945,600,2021-05-26 14:30:00,ISRG
837.74,837.74,837.74,837.74,100,2021-05-26 14:31:00,ISRG
838.225,839.24,837.6801,839.24,810,2021-05-26 14:32:00,ISRG
839.14,839.46,839.14,839.46,200,2021-05-26 14:33:00,ISRG
838.97,838.97,838.75,838.945,1000,2021-05-26 14:34:00,ISRG
838.19,838.19,838.19,838.19,100,2021-05-26 14:37:00,ISRG
837.29,837.29,837.14,837.14,200,2021-05-26 14:38:00,ISRG
836.56,837.06,836.56,837.06,400,2021-05-26 14:39:00,ISRG
837.21,837.51,837.21,837.51,300,2021-05-26 14:40:00,ISRG
837.7,837.87,837.7,837.87,200,2021-05-26 14:41:00,ISRG
837.49,837.49,837.21,837.21,300,2021-05-26 14:42:00,ISRG
837.51,837.63,837.05,837.63,300,2021-05-26 14:43:00,ISRG
837.37,837.37,837.355,837.355,200,2021-05-26 14:45:00,ISRG
837.535,838.395,837.5,837.705,2100,2021-05-26 14:47:00,ISRG
837.71,837.71,837.4,837.4,593,2021-05-26 14:48:00,ISRG
837.195,837.195,836.77,836.77,500,2021-05-26 14:49:00,ISRG
837.06,837.06,837.06,837.06,100,2021-05-26 14:50:00,ISRG
836.72,837.4,836.72,837.4,200,2021-05-26 14:51:00,ISRG
836.98,837.34,836.98,837.34,300,2021-05-26 14:52:00,ISRG
837.12,837.465,837.12,837.465,249,2021-05-26 14:54:00,ISRG
837.16,837.16,837.16,837.16,200,2021-05-26 14:55:00,ISRG
837.01,837.01,837.01,837.01,100,2021-05-26 14:56:00,ISRG
836.99,836.99,836.37,836.37,696,2021-05-26 14:58:00,ISRG
836.46,836.465,836.2,836.275,1211,2021-05-26 14:59:00,ISRG
836.76,837.0,836.75,836.84,500,2021-05-26 15:00:00,ISRG
836.66,837.465,836.63,837.465,601,2021-05-26 15:01:00,ISRG
837.37,837.37,837.24,837.24,200,2021-05-26 15:02:00,ISRG
837.22,837.72,836.995,837.61,1115,2021-05-26 15:03:00,ISRG
837.82,838.5,837.82,838.26,700,2021-05-26 15:04:00,ISRG
838.26,838.26,838.26,838.26,100,2021-05-26 15:05:00,ISRG
838.44,838.86,838.27,838.52,1839,2021-05-26 15:06:00,ISRG
838.63,838.73,838.63,838.66,300,2021-05-26 15:07:00,ISRG
838.6,838.64,838.505,838.5325,600,2021-05-26 15:09:00,ISRG
838.02,838.02,838.01,838.01,300,2021-05-26 15:10:00,ISRG
837.86,837.985,837.69,837.985,500,2021-05-26 15:11:00,ISRG
837.77,837.77,837.77,837.77,100,2021-05-26 15:13:00,ISRG
838.115,838.27,838.115,838.27,200,2021-05-26 15:16:00,ISRG
838.225,838.56,838.225,838.56,500,2021-05-26 15:17:00,ISRG
838.27,838.27,837.75,837.75,300,2021-05-26 15:18:00,ISRG
838.36,838.37,838.36,838.37,500,2021-05-26 15:19:00,ISRG
838.22,838.23,837.84,837.84,400,2021-05-26 15:20:00,ISRG
838.17,838.17,838.17,838.17,100,2021-05-26 15:22:00,ISRG
838.59,838.59,838.265,838.265,400,2021-05-26 15:23:00,ISRG
838.655,840.55,838.655,839.9,1100,2021-05-26 15:24:00,ISRG
840.0,840.4,840.0,840.4,200,2021-05-26 15:25:00,ISRG
840.38,840.38,840.38,840.38,100,2021-05-26 15:26:00,ISRG
840.74,840.74,840.74,840.74,100,2021-05-26 15:27:00,ISRG
840.24,841.24,840.24,841.24,600,2021-05-26 15:28:00,ISRG
841.885,841.885,839.62,839.62,3531,2021-05-26 15:29:00,ISRG
839.2584,839.2584,839.09,839.09,252,2021-05-26 15:32:00,ISRG
838.695,838.695,838.695,838.695,100,2021-05-26 15:33:00,ISRG
838.28,838.505,838.27,838.505,500,2021-05-26 15:34:00,ISRG
838.85,838.88,838.85,838.88,500,2021-05-26 15:35:00,ISRG
838.89,839.04,838.86,839.04,500,2021-05-26 15:38:00,ISRG
839.81,839.81,839.81,839.81,100,2021-05-26 15:39:00,ISRG
839.955,839.955,839.59,839.78,300,2021-05-26 15:40:00,ISRG
839.34,839.515,839.34,839.515,560,2021-05-26 15:41:00,ISRG
839.89,839.9,839.56,839.56,500,2021-05-26 15:42:00,ISRG
839.56,839.9,839.56,839.9,300,2021-05-26 15:44:00,ISRG
840.23,840.31,840.22,840.22,500,2021-05-26 15:45:00,ISRG
840.28,840.28,839.8,839.8,200,2021-05-26 15:48:00,ISRG
839.71,839.85,839.7,839.7,400,2021-05-26 15:50:00,ISRG
839.36,839.36,839.3,839.3,400,2021-05-26 15:52:00,ISRG
839.58,839.58,839.58,839.58,200,2021-05-26 15:53:00,ISRG
839.8,839.8,839.58,839.58,300,2021-05-26 15:54:00,ISRG
839.81,839.81,839.81,839.81,200,2021-05-26 15:56:00,ISRG
839.51,839.51,839.51,839.51,100,2021-05-26 15:57:00,ISRG
839.18,839.18,839.18,839.18,100,2021-05-26 16:00:00,ISRG
839.51,839.53,839.03,839.03,800,2021-05-26 16:01:00,ISRG
838.75,839.02,838.75,839.02,500,2021-05-26 16:03:00,ISRG
839.32,839.32,838.97,838.97,200,2021-05-26 16:04:00,ISRG
838.26,838.55,838.26,838.26,400,2021-05-26 16:06:00,ISRG
838.32,838.32,838.32,838.32,100,2021-05-26 16:08:00,ISRG
837.745,838.52,837.745,838.52,400,2021-05-26 16:09:00,ISRG
838.8,838.8,838.0,838.0,1126,2021-05-26 16:10:00,ISRG
837.53,837.53,837.24,837.24,300,2021-05-26 16:13:00,ISRG
837.1,837.1,836.76,836.86,600,2021-05-26 16:14:00,ISRG
836.64,837.72,836.64,837.72,1200,2021-05-26 16:16:00,ISRG
837.37,837.37,837.37,837.37,100,2021-05-26 16:18:00,ISRG
837.12,837.12,836.99,836.99,200,2021-05-26 16:19:00,ISRG
836.76,836.89,836.75,836.89,400,2021-05-26 16:22:00,ISRG
836.78,836.78,836.78,836.78,100,2021-05-26 16:23:00,ISRG
836.62,836.86,836.61,836.86,500,2021-05-26 16:24:00,ISRG
836.66,836.66,836.61,836.61,300,2021-05-26 16:26:00,ISRG
837.04,837.04,836.92,836.92,400,2021-05-26 16:30:00,ISRG
837.06,837.06,837.06,837.06,100,2021-05-26 16:32:00,ISRG
837.64,837.64,837.64,837.64,1088,2021-05-26 16:33:00,ISRG
836.92,836.92,836.92,836.92,100,2021-05-26 16:35:00,ISRG
837.22,837.26,837.2,837.26,400,2021-05-26 16:36:00,ISRG
836.93,836.95,836.92,836.92,418,2021-05-26 16:39:00,ISRG
836.7,836.82,836.51,836.82,816,2021-05-26 16:40:00,ISRG
836.53,836.53,836.38,836.38,500,2021-05-26 16:43:00,ISRG
836.405,836.405,836.405,836.405,100,2021-05-26 16:45:00,ISRG
836.57,837.04,836.57,837.04,600,2021-05-26 16:46:00,ISRG
837.54,837.54,837.54,837.54,100,2021-05-26 16:47:00,ISRG
838.04,838.04,838.04,838.04,100,2021-05-26 16:51:00,ISRG
837.87,838.11,837.75,838.11,500,2021-05-26 16:52:00,ISRG
838.14,838.7,838.14,838.569,700,2021-05-26 16:53:00,ISRG
838.4,838.4,837.62,837.62,381,2021-05-26 16:54:00,ISRG
838.25,838.25,838.25,838.25,200,2021-05-26 16:58:00,ISRG
838.27,838.27,838.27,838.27,100,2021-05-26 16:59:00,ISRG
838.065,838.065,837.99,837.99,200,2021-05-26 17:04:00,ISRG
838.27,838.28,838.22,838.25,400,2021-05-26 17:06:00,ISRG
837.8,837.92,837.64,837.64,400,2021-05-26 17:08:00,ISRG
837.29,837.29,837.26,837.26,200,2021-05-26 17:09:00,ISRG
837.23,837.23,837.23,837.23,100,2021-05-26 17:10:00,ISRG
837.03,837.03,836.99,836.99,200,2021-05-26 17:11:00,ISRG
837.04,837.07,837.04,837.07,300,2021-05-26 17:13:00,ISRG
836.94,836.94,836.94,836.94,700,2021-05-26 17:15:00,ISRG
836.81,837.0,836.81,837.0,300,2021-05-26 17:17:00,ISRG
837.91,837.91,837.411,837.48,1037,2021-05-26 17:19:00,ISRG
837.94,837.94,837.52,837.52,400,2021-05-26 17:21:00,ISRG
837.39,837.39,837.38,837.38,200,2021-05-26 17:23:00,ISRG
837.48,837.48,837.48,837.48,100,2021-05-26 17:24:00,ISRG
837.62,837.79,837.62,837.79,600,2021-05-26 17:25:00,ISRG
837.75,837.92,837.75,837.92,1200,2021-05-26 17:26:00,ISRG
838.17,838.17,837.91,837.91,500,2021-05-26 17:27:00,ISRG
837.845,837.96,837.35,837.35,1000,2021-05-26 17:34:00,ISRG
837.72,837.74,837.72,837.74,300,2021-05-26 17:35:00,ISRG
837.35,837.35,837.35,837.35,100,2021-05-26 17:39:00,ISRG
837.275,837.275,837.275,837.275,100,2021-05-26 17:42:00,ISRG
837.04,837.04,837.04,837.04,100,2021-05-26 17:43:00,ISRG
836.98,836.98,836.98,836.98,300,2021-05-26 17:44:00,ISRG
837.41,837.66,837.41,837.62,400,2021-05-26 17:47:00,ISRG
837.202,837.4388,836.98,836.98,704,2021-05-26 17:48:00,ISRG
836.73,836.73,836.73,836.73,100,2021-05-26 17:49:00,ISRG
836.93,836.93,836.71,836.71,200,2021-05-26 17:51:00,ISRG
836.385,836.4,836.385,836.4,200,2021-05-26 17:53:00,ISRG
836.24,836.3075,836.1,836.25,600,2021-05-26 17:54:00,ISRG
836.672,836.672,836.61,836.61,200,2021-05-26 17:55:00,ISRG
837.18,837.35,837.18,837.25,700,2021-05-26 17:56:00,ISRG
837.53,837.53,837.53,837.53,100,2021-05-26 17:59:00,ISRG
837.0308,837.0308,837.0308,837.0308,147,2021-05-26 18:00:00,ISRG
837.165,837.165,837.165,837.165,100,2021-05-26 18:01:00,ISRG
837.17,837.17,837.17,837.17,100,2021-05-26 18:02:00,ISRG
836.94,836.94,836.86,836.9,300,2021-05-26 18:03:00,ISRG
836.69,836.69,835.96,835.96,1689,2021-05-26 18:04:00,ISRG
835.99,836.38,835.99,836.35,800,2021-05-26 18:05:00,ISRG
836.555,836.71,836.555,836.71,300,2021-05-26 18:07:00,ISRG
837.05,837.05,837.025,837.025,200,2021-05-26 18:09:00,ISRG
837.99,837.99,837.9,837.9,500,2021-05-26 18:10:00,ISRG
838.02,838.02,838.02,838.02,100,2021-05-26 18:12:00,ISRG
837.93,838.05,837.93,838.05,517,2021-05-26 18:16:00,ISRG
838.02,838.02,838.02,838.02,100,2021-05-26 18:17:00,ISRG
838.125,838.59,838.12,838.12,1300,2021-05-26 18:18:00,ISRG
838.32,838.71,838.32,838.71,684,2021-05-26 18:19:00,ISRG
839.41,839.69,839.41,839.69,200,2021-05-26 18:20:00,ISRG
839.65,840.3,839.61,840.09,3428,2021-05-26 18:21:00,ISRG
840.02,840.02,839.71,839.96,300,2021-05-26 18:22:00,ISRG
839.36,839.36,839.36,839.36,100,2021-05-26 18:23:00,ISRG
839.09,839.09,839.09,839.09,100,2021-05-26 18:24:00,ISRG
839.09,839.09,839.03,839.03,200,2021-05-26 18:25:00,ISRG
839.22,839.23,839.06,839.23,300,2021-05-26 18:27:00,ISRG
839.88,839.88,839.88,839.88,100,2021-05-26 18:29:00,ISRG
839.77,839.77,839.69,839.69,200,2021-05-26 18:30:00,ISRG
839.31,839.53,839.31,839.53,400,2021-05-26 18:31:00,ISRG
838.91,838.91,838.6,838.6,512,2021-05-26 18:32:00,ISRG
838.31,838.52,838.31,838.52,200,2021-05-26 18:33:00,ISRG
838.6071,838.6071,838.6071,838.6071,142,2021-05-26 18:34:00,ISRG
838.07,838.07,838.01,838.01,300,2021-05-26 18:36:00,ISRG
837.9,837.9,837.9,837.9,100,2021-05-26 18:37:00,ISRG
837.63,837.72,837.3,837.55,2199,2021-05-26 18:39:00,ISRG
837.51,837.51,837.47,837.49,300,2021-05-26 18:40:00,ISRG
837.2,837.2,837.015,837.04,716,2021-05-26 18:44:00,ISRG
837.31,837.35,837.18,837.35,500,2021-05-26 18:45:00,ISRG
837.36,837.36,837.36,837.36,100,2021-05-26 18:47:00,ISRG
837.23,837.23,837.23,837.23,100,2021-05-26 18:50:00,ISRG
836.92,836.92,836.76,836.76,300,2021-05-26 18:51:00,ISRG
836.685,836.685,836.63,836.63,200,2021-05-26 18:52:00,ISRG
836.54,836.54,836.0,836.0,500,2021-05-26 18:53:00,ISRG
836.055,836.52,836.055,836.52,500,2021-05-26 18:54:00,ISRG
836.57,836.57,836.33,836.33,500,2021-05-26 18:58:00,ISRG
836.8,836.8,836.8,836.8,100,2021-05-26 18:59:00,ISRG
837.86,837.86,837.86,837.86,100,2021-05-26 19:00:00,ISRG
837.98,837.98,837.93,837.93,200,2021-05-26 19:02:00,ISRG
839.45,839.5,839.45,839.5,200,2021-05-26 19:09:00,ISRG
839.405,839.405,838.75,838.75,500,2021-05-26 19:10:00,ISRG
839.34,839.34,839.23,839.23,200,2021-05-26 19:11:00,ISRG
839.42,839.42,839.42,839.42,100,2021-05-26 19:12:00,ISRG
839.51,840.02,839.3,840.02,303,2021-05-26 19:13:00,ISRG
840.08,840.08,840.08,840.08,100,2021-05-26 19:14:00,ISRG
840.175,840.175,839.62,839.62,500,2021-05-26 19:15:00,ISRG
839.62,839.7571,839.61,839.7571,800,2021-05-26 19:18:00,ISRG
839.9,839.9,839.9,839.9,100,2021-05-26 19:19:00,ISRG
839.97,840.0,839.68,839.68,510,2021-05-26 19:21:00,ISRG
839.65,839.65,839.15,839.15,200,2021-05-26 19:22:00,ISRG
839.25,839.26,839.22,839.22,300,2021-05-26 19:25:00,ISRG
839.24,839.25,839.24,839.25,485,2021-05-26 19:26:00,ISRG
838.72,838.72,838.72,838.72,100,2021-05-26 19:28:00,ISRG
838.975,839.375,838.975,839.08,921,2021-05-26 19:30:00,ISRG
838.73,838.73,838.73,838.73,109,2021-05-26 19:31:00,ISRG
838.85,838.85,838.85,838.85,200,2021-05-26 19:32:00,ISRG
839.04,839.04,839.04,839.04,100,2021-05-26 19:33:00,ISRG
839.08,839.08,839.08,839.08,201,2021-05-26 19:34:00,ISRG
838.51,838.59,838.51,838.59,200,2021-05-26 19:35:00,ISRG
838.58,838.75,838.5,838.75,709,2021-05-26 19:36:00,ISRG
838.51,838.51,838.51,838.51,229,2021-05-26 19:37:00,ISRG
838.39,838.39,838.39,838.39,100,2021-05-26 19:38:00,ISRG
838.04,838.04,838.04,838.04,100,2021-05-26 19:39:00,ISRG
838.71,838.74,838.45,838.45,1100,2021-05-26 19:40:00,ISRG
838.605,838.91,838.605,838.91,200,2021-05-26 19:42:00,ISRG
839.74,839.74,839.74,839.74,100,2021-05-26 19:43:00,ISRG
839.26,839.26,839.01,839.01,800,2021-05-26 19:44:00,ISRG
839.35,839.35,839.03,839.03,319,2021-05-26 19:45:00,ISRG
838.99,838.99,838.99,838.99,100,2021-05-26 19:46:00,ISRG
839.12,839.15,838.77,838.77,426,2021-05-26 19:47:00,ISRG
838.88,838.9125,838.74,838.9125,300,2021-05-26 19:48:00,ISRG
838.68,838.7,838.6,838.7,500,2021-05-26 19:49:00,ISRG
838.57,839.52,838.57,839.09,2569,2021-05-26 19:50:00,ISRG
838.89,839.08,838.32,839.08,1100,2021-05-26 19:51:00,ISRG
839.49,839.53,839.08,839.08,893,2021-05-26 19:52:00,ISRG
839.335,839.335,838.97,838.97,1000,2021-05-26 19:53:00,ISRG
839.48,840.48,839.24,840.48,3177,2021-05-26 19:54:00,ISRG
840.5,840.59,839.24,839.455,3248,2021-05-26 19:55:00,ISRG
839.6,839.99,838.88,839.12,1302,2021-05-26 19:56:00,ISRG
839.73,839.84,839.47,839.47,405,2021-05-26 19:57:00,ISRG
839.385,839.66,839.14,839.24,3671,2021-05-26 19:58:00,ISRG
839.35,839.98,839.19,839.98,7984,2021-05-26 19:59:00,ISRG
839.38,839.38,839.38,839.38,48790,2021-05-26 20:00:00,ISRG
839.38,839.38,839.38,839.38,2010,2021-05-26 20:01:00,ISRG
839.38,839.38,839.38,839.38,797,2021-05-26 20:03:00,ISRG
839.38,839.38,839.38,839.38,28375,2021-05-26 21:23:00,ISRG
838.7,838.72,836.37,836.78,4714,2021-05-27 13:30:00,ISRG
834.66,834.84,834.65,834.65,500,2021-05-27 13:37:00,ISRG
834.645,835.16,834.645,835.16,300,2021-05-27 13:38:00,ISRG
835.53,835.96,835.53,835.96,300,2021-05-27 13:39:00,ISRG
834.575,834.575,834.575,834.575,150,2021-05-27 13:40:00,ISRG
834.5341,836.08,834.28,836.08,900,2021-05-27 13:41:00,ISRG
835.43,835.43,835.43,835.43,100,2021-05-27 13:43:00,ISRG
835.995,835.995,835.995,835.995,106,2021-05-27 13:45:00,ISRG
835.12,835.12,834.85,834.85,200,2021-05-27 13:46:00,ISRG
833.01,833.02,832.41,832.41,557,2021-05-27 13:47:00,ISRG
832.25,832.25,832.25,832.25,100,2021-05-27 13:48:00,ISRG
830.25,830.94,830.25,830.56,730,2021-05-27 13:49:00,ISRG
831.345,831.345,831.19,831.19,200,2021-05-27 13:50:00,ISRG
831.95,831.95,831.95,831.95,100,2021-05-27 13:52:00,ISRG
831.75,831.75,831.75,831.75,100,2021-05-27 13:57:00,ISRG
832.22,832.88,832.22,832.88,200,2021-05-27 14:00:00,ISRG
832.51,832.67,832.51,832.67,300,2021-05-27 14:01:00,ISRG
834.78,834.78,834.78,834.78,100,2021-05-27 14:02:00,ISRG
835.22,835.22,835.22,835.22,100,2021-05-27 14:03:00,ISRG
834.31,834.31,834.31,834.31,100,2021-05-27 14:04:00,ISRG
834.93,835.47,834.93,835.07,300,2021-05-27 14:09:00,ISRG
834.95,834.955,834.0,834.145,2974,2021-05-27 14:10:00,ISRG
834.3425,834.79,834.2,834.2,500,2021-05-27 14:11:00,ISRG
833.46,833.46,833.4,833.4,200,2021-05-27 14:12:00,ISRG
833.515,833.515,833.515,833.515,100,2021-05-27 14:13:00,ISRG
833.66,834.265,833.52,833.52,428,2021-05-27 14:14:00,ISRG
833.82,833.82,833.82,833.82,100,2021-05-27 14:15:00,ISRG
833.32,834.22,833.32,834.135,500,2021-05-27 14:17:00,ISRG
834.135,834.75,834.0,834.2,1189,2021-05-27 14:18:00,ISRG
834.16,834.2,834.16,834.2,310,2021-05-27 14:19:00,ISRG
834.305,834.305,834.305,834.305,100,2021-05-27 14:21:00,ISRG
834.31,834.31,834.31,834.31,100,2021-05-27 14:22:00,ISRG
834.31,834.43,834.055,834.055,1000,2021-05-27 14:23:00,ISRG
834.35,834.35,834.19,834.19,500,2021-05-27 14:24:00,ISRG
835.29,835.37,835.29,835.37,200,2021-05-27 14:29:00,ISRG
835.67,836.25,835.67,836.25,400,2021-05-27 14:31:00,ISRG
835.925,837.32,835.8,837.32,2878,2021-05-27 14:32:00,ISRG
836.77,837.01,836.69,837.01,600,2021-05-27 14:34:00,ISRG
836.92,836.94,836.24,836.915,400,2021-05-27 14:36:00,ISRG
837.255,837.255,837.255,837.255,100,2021-05-27 14:40:00,ISRG
838.69,839.79,838.69,839.79,500,2021-05-27 14:44:00,ISRG
839.77,839.77,839.77,839.77,100,2021-05-27 14:47:00,ISRG
838.74,839.75,838.74,839.75,200,2021-05-27 14:48:00,ISRG
839.86,839.87,839.86,839.87,200,2021-05-27 14:49:00,ISRG
838.73,839.55,836.8977,836.8977,1707,2021-05-27 14:50:00,ISRG
838.374,838.374,838.374,838.374,100,2021-05-27 14:52:00,ISRG
838.02,838.02,837.995,837.995,200,2021-05-27 14:53:00,ISRG
838.07,838.24,838.07,838.24,407,2021-05-27 14:54:00,ISRG
838.58,838.58,838.58,838.58,100,2021-05-27 14:55:00,ISRG
838.27,838.27,838.18,838.18,300,2021-05-27 14:56:00,ISRG
838.41,838.41,838.41,838.41,100,2021-05-27 14:57:00,ISRG
838.74,838.79,838.74,838.79,300,2021-05-27 14:58:00,ISRG
838.79,839.12,838.79,839.12,479,2021-05-27 15:02:00,ISRG
839.45,840.0,839.45,840.0,502,2021-05-27 15:03:00,ISRG
839.97,839.99,839.85,839.85,300,2021-05-27 15:04:00,ISRG
839.615,839.615,839.615,839.615,200,2021-05-27 15:07:00,ISRG
840.275,840.275,839.675,839.675,500,2021-05-27 15:08:00,ISRG
839.8917,839.8917,839.8917,839.8917,149,2021-05-27 15:09:00,ISRG
840.48,840.66,840.315,840.37,830,2021-05-27 15:11:00,ISRG
840.47,840.47,839.42,839.42,710,2021-05-27 15:15:00,ISRG
839.46,839.63,839.46,839.63,204,2021-05-27 15:16:00,ISRG
839.53,839.67,838.98,838.98,2000,2021-05-27 15:17:00,ISRG
838.66,838.66,838.66,838.66,100,2021-05-27 15:18:00,ISRG
838.57,838.69,838.57,838.69,200,2021-05-27 15:19:00,ISRG
838.46,838.46,838.46,838.46,519,2021-05-27 15:21:00,ISRG
837.73,838.315,837.7,838.275,700,2021-05-27 15:24:00,ISRG
838.43,839.255,838.43,839.255,400,2021-05-27 15:26:00,ISRG
838.57,838.57,838.57,838.57,100,2021-05-27 15:27:00,ISRG
837.855,837.855,837.855,837.855,128,2021-05-27 15:28:00,ISRG
837.945,838.43,837.945,838.43,200,2021-05-27 15:29:00,ISRG
837.715,837.995,837.635,837.995,300,2021-05-27 15:30:00,ISRG
838.83,838.83,838.83,838.83,100,2021-05-27 15:31:00,ISRG
838.88,839.005,838.88,839.005,200,2021-05-27 15:32:00,ISRG
839.865,840.22,839.41,840.2,657,2021-05-27 15:35:00,ISRG
840.47,840.96,840.47,840.96,400,2021-05-27 15:36:00,ISRG
840.81,840.81,840.81,840.81,100,2021-05-27 15:39:00,ISRG
841.05,842.175,841.05,842.015,400,2021-05-27 15:40:00,ISRG
842.025,842.645,841.79,841.79,300,2021-05-27 15:43:00,ISRG
842.85,843.255,842.7,843.145,400,2021-05-27 15:44:00,ISRG
842.85,843.61,842.85,843.18,2153,2021-05-27 15:45:00,ISRG
843.39,844.06,843.17,844.06,2939,2021-05-27 15:46:00,ISRG
843.98,844.0,843.29,843.62,1750,2021-05-27 15:47:00,ISRG
843.14,843.34,841.59,841.59,1699,2021-05-27 15:48:00,ISRG
841.95,842.44,841.95,842.06,1100,2021-05-27 15:49:00,ISRG
842.24,843.675,842.24,843.08,2319,2021-05-27 15:50:00,ISRG
843.39,843.5,843.17,843.17,300,2021-05-27 15:51:00,ISRG
843.19,843.44,842.87,843.43,1742,2021-05-27 15:52:00,ISRG
843.46,843.6,843.44,843.6,534,2021-05-27 15:53:00,ISRG
844.375,844.4,844.165,844.4,500,2021-05-27 15:54:00,ISRG
845.04,845.04,845.04,845.04,100,2021-05-27 15:55:00,ISRG
845.095,845.095,845.095,845.095,100,2021-05-27 15:56:00,ISRG
845.41,845.41,845.41,845.41,100,2021-05-27 15:57:00,ISRG
845.255,845.255,844.96,844.96,200,2021-05-27 15:58:00,ISRG
845.76,846.35,845.76,846.35,300,2021-05-27 15:59:00,ISRG
846.395,846.395,845.96,845.96,200,2021-05-27 16:00:00,ISRG
846.54,846.54,845.04,845.04,1221,2021-05-27 16:01:00,ISRG
844.91,844.91,844.91,844.91,100,2021-05-27 16:02:00,ISRG
844.63,844.63,844.615,844.615,248,2021-05-27 16:03:00,ISRG
844.615,844.615,844.26,844.26,534,2021-05-27 16:04:00,ISRG
843.14,843.25,842.5279,842.5279,1975,2021-05-27 16:05:00,ISRG
842.55,842.55,841.955,841.955,200,2021-05-27 16:07:00,ISRG
842.291,842.3,841.93,842.3,848,2021-05-27 16:08:00,ISRG
842.95,842.95,842.67,842.67,200,2021-05-27 16:11:00,ISRG
843.27,843.27,843.27,843.27,100,2021-05-27 16:13:00,ISRG
842.935,842.935,842.935,842.935,100,2021-05-27 16:14:00,ISRG
843.61,843.61,843.61,843.61,100,2021-05-27 16:15:00,ISRG
843.28,843.28,843.28,843.28,120,2021-05-27 16:17:00,ISRG
843.45,843.47,843.22,843.22,300,2021-05-27 16:18:00,ISRG
842.92,843.25,842.86,843.25,639,2021-05-27 16:19:00,ISRG
843.37,843.48,843.37,843.48,500,2021-05-27 16:21:00,ISRG
843.48,843.855,843.48,843.855,300,2021-05-27 16:23:00,ISRG
843.7,844.51,843.69,844.08,800,2021-05-27 16:25:00,ISRG
844.035,844.035,844.035,844.035,100,2021-05-27 16:27:00,ISRG
844.195,844.195,843.99,843.99,200,2021-05-27 16:29:00,ISRG
843.96,844.14,843.705,843.96,3291,2021-05-27 16:30:00,ISRG
843.42,844.03,843.31,843.695,2110,2021-05-27 16:32:00,ISRG
843.42,843.42,843.42,843.42,100,2021-05-27 16:33:00,ISRG
843.2,843.57,843.2,843.57,200,2021-05-27 16:36:00,ISRG
844.14,844.16,844.14,844.16,300,2021-05-27 16:38:00,ISRG
844.11,844.62,844.11,844.62,800,2021-05-27 16:40:00,ISRG
844.49,844.52,844.45,844.48,600,2021-05-27 16:41:00,ISRG
844.257,844.257,844.257,844.257,175,2021-05-27 16:42:00,ISRG
844.03,844.03,844.03,844.03,100,2021-05-27 16:46:00,ISRG
843.53,843.53,843.06,843.06,200,2021-05-27 16:47:00,ISRG
842.65,842.65,842.65,842.65,200,2021-05-27 16:49:00,ISRG
842.71,842.71,842.71,842.71,100,2021-05-27 16:50:00,ISRG
842.69,843.03,842.69,843.03,200,2021-05-27 16:51:00,ISRG
843.35,843.35,843.35,843.35,100,2021-05-27 16:53:00,ISRG
843.47,843.47,843.47,843.47,124,2021-05-27 16:54:00,ISRG
843.89,844.15,843.89,844.15,495,2021-05-27 16:56:00,ISRG
844.38,844.38,844.38,844.38,100,2021-05-27 16:57:00,ISRG
843.941,844.4034,843.941,844.4034,275,2021-05-27 16:59:00,ISRG
843.8,843.8,843.7,843.7,214,2021-05-27 17:04:00,ISRG
843.13,843.13,843.13,843.13,100,2021-05-27 17:06:00,ISRG
843.1,843.1,843.1,843.1,100,2021-05-27 17:07:00,ISRG
842.88,842.88,842.88,842.88,300,2021-05-27 17:09:00,ISRG
843.1152,843.1152,842.67,842.67,472,2021-05-27 17:11:00,ISRG
843.15,843.16,843.15,843.16,200,2021-05-27 17:12:00,ISRG
842.81,842.81,842.8,842.8,200,2021-05-27 17:15:00,ISRG
842.49,842.49,842.49,842.49,100,2021-05-27 17:16:00,ISRG
842.99,843.11,842.99,843.11,300,2021-05-27 17:18:00,ISRG
842.94,843.1526,842.94,843.1526,338,2021-05-27 17:20:00,ISRG
842.99,842.99,842.99,842.99,100,2021-05-27 17:21:00,ISRG
843.71,843.71,843.71,843.71,100,2021-05-27 17:23:00,ISRG
843.81,843.81,843.47,843.47,200,2021-05-27 17:24:00,ISRG
843.855,843.855,843.455,843.455,200,2021-05-27 17:25:00,ISRG
842.68,842.68,842.68,842.68,100,2021-05-27 17:31:00,ISRG
842.86,842.9,842.86,842.9,300,2021-05-27 17:32:00,ISRG
842.91,842.91,842.85,842.9035,400,2021-05-27 17:33:00,ISRG
842.825,842.825,842.825,842.825,100,2021-05-27 17:34:00,ISRG
843.042,843.042,842.49,842.49,1461,2021-05-27 17:37:00,ISRG
842.67,842.76,842.52,842.76,400,2021-05-27 17:38:00,ISRG
842.65,842.65,842.65,842.65,100,2021-05-27 17:40:00,ISRG
843.18,843.29,843.18,843.29,200,2021-05-27 17:44:00,ISRG
842.64,842.64,842.23,842.3618,402,2021-05-27 17:46:00,ISRG
842.72,842.72,842.6156,842.6156,316,2021-05-27 17:47:00,ISRG
842.96,842.96,842.96,842.96,100,2021-05-27 17:49:00,ISRG
843.3,843.5,843.3,843.5,200,2021-05-27 17:50:00,ISRG
843.625,843.625,843.625,843.625,100,2021-05-27 17:51:00,ISRG
843.9339,843.9339,843.9339,843.9339,100,2021-05-27 17:52:00,ISRG
843.57,843.57,842.85,842.89,606,2021-05-27 17:53:00,ISRG
842.55,842.77,842.55,842.77,300,2021-05-27 17:54:00,ISRG
842.59,842.6593,842.59,842.6593,200,2021-05-27 17:57:00,ISRG
842.49,842.49,842.0,842.0,600,2021-05-27 17:58:00,ISRG
841.85,841.85,841.225,841.225,200,2021-05-27 17:59:00,ISRG
841.4,841.4,841.4,841.4,300,2021-05-27 18:00:00,ISRG
841.49,841.8299,841.49,841.8299,312,2021-05-27 18:01:00,ISRG
841.24,841.24,841.11,841.11,300,2021-05-27 18:02:00,ISRG
840.02,840.08,840.02,840.08,200,2021-05-27 18:04:00,ISRG
839.49,839.65,839.49,839.65,200,2021-05-27 18:08:00,ISRG
839.42,839.69,839.42,839.69,200,2021-05-27 18:10:00,ISRG
839.605,839.605,839.21,839.21,200,2021-05-27 18:14:00,ISRG
839.1,839.1,838.86,838.86,900,2021-05-27 18:15:00,ISRG
838.45,838.45,838.45,838.45,100,2021-05-27 18:17:00,ISRG
838.46,838.58,838.29,838.29,1000,2021-05-27 18:18:00,ISRG
837.56,838.05,837.56,838.05,200,2021-05-27 18:19:00,ISRG
838.18,838.18,838.18,838.18,100,2021-05-27 18:20:00,ISRG
838.29,838.96,838.29,838.96,300,2021-05-27 18:21:00,ISRG
839.555,839.87,839.555,839.5575,300,2021-05-27 18:27:00,ISRG
839.84,840.18,839.84,840.18,300,2021-05-27 18:28:00,ISRG
840.37,841.04,840.37,841.04,415,2021-05-27 18:29:00,ISRG
840.758,840.758,840.758,840.758,130,2021-05-27 18:31:00,ISRG
841.365,841.365,841.365,841.365,400,2021-05-27 18:32:00,ISRG
841.16,841.16,841.115,841.115,200,2021-05-27 18:33:00,ISRG
841.07,841.07,840.39,840.39,900,2021-05-27 18:34:00,ISRG
840.13,840.39,840.13,840.37,600,2021-05-27 18:36:00,ISRG
840.87,840.87,840.87,840.87,100,2021-05-27 18:38:00,ISRG
840.98,840.98,840.98,840.98,100,2021-05-27 18:39:00,ISRG
840.915,840.915,840.915,840.915,300,2021-05-27 18:40:00,ISRG
840.97,840.97,840.47,840.58,700,2021-05-27 18:41:00,ISRG
840.655,840.655,840.655,840.655,200,2021-05-27 18:42:00,ISRG
840.84,840.94,840.84,840.94,200,2021-05-27 18:44:00,ISRG
840.65,840.65,840.4,840.41,500,2021-05-27 18:45:00,ISRG
840.53,840.53,839.99,839.99,924,2021-05-27 18:46:00,ISRG
840.15,840.15,839.08,839.12,800,2021-05-27 18:47:00,ISRG
839.02,839.18,838.96,839.18,300,2021-05-27 18:48:00,ISRG
839.27,839.27,838.61,838.955,2490,2021-05-27 18:49:00,ISRG
839.07,839.525,838.91,839.35,2670,2021-05-27 18:50:00,ISRG
839.38,839.45,839.02,839.02,1107,2021-05-27 18:51:00,ISRG
838.6193,838.815,838.6193,838.815,268,2021-05-27 18:52:00,ISRG
838.58,838.58,838.58,838.58,100,2021-05-27 18:53:00,ISRG
838.71,838.71,837.79,837.93,1105,2021-05-27 18:54:00,ISRG
838.13,838.21,838.13,838.21,500,2021-05-27 18:55:00,ISRG
838.01,838.11,837.79,838.05,900,2021-05-27 18:56:00,ISRG
838.12,838.12,838.105,838.105,200,2021-05-27 18:57:00,ISRG
838.0,838.0,837.4,837.63,300,2021-05-27 18:59:00,ISRG
837.46,837.57,837.435,837.57,800,2021-05-27 19:00:00,ISRG
837.38,837.415,837.38,837.415,200,2021-05-27 19:01:00,ISRG
837.065,837.065,837.065,837.065,100,2021-05-27 19:02:00,ISRG
837.065,837.075,836.915,837.075,500,2021-05-27 19:03:00,ISRG
837.14,837.14,836.67,836.67,1100,2021-05-27 19:04:00,ISRG
836.33,836.37,836.33,836.37,500,2021-05-27 19:05:00,ISRG
836.5,836.5,836.445,836.445,483,2021-05-27 19:06:00,ISRG
836.53,836.65,836.435,836.52,600,2021-05-27 19:07:00,ISRG
836.79,836.79,836.5,836.5,900,2021-05-27 19:08:00,ISRG
836.53,836.82,836.47,836.82,1000,2021-05-27 19:09:00,ISRG
837.025,837.025,836.985,836.985,200,2021-05-27 19:10:00,ISRG
836.7,837.31,836.7,837.105,1113,2021-05-27 19:11:00,ISRG
837.085,837.085,836.91,836.91,400,2021-05-27 19:12:00,ISRG
836.95,837.03,836.74,836.8,2264,2021-05-27 19:13:00,ISRG
836.91,836.91,836.91,836.91,100,2021-05-27 19:14:00,ISRG
836.785,836.85,836.78,836.78,800,2021-05-27 19:15:00,ISRG
836.765,836.96,836.765,836.935,600,2021-05-27 19:16:00,ISRG
836.9,836.9,836.9,836.9,100,2021-05-27 19:17:00,ISRG
837.0,837.01,837.0,837.01,200,2021-05-27 19:18:00,ISRG
836.77,836.99,836.616,836.76,2600,2021-05-27 19:19:00,ISRG
836.13,836.13,835.685,835.685,700,2021-05-27 19:20:00,ISRG
835.625,835.63,834.805,835.15,1800,2021-05-27 19:21:00,ISRG
835.04,835.38,834.9,835.38,700,2021-05-27 19:22:00,ISRG
835.475,835.75,835.237,835.6,1208,2021-05-27 19:23:00,ISRG
835.41,835.41,835.14,835.14,300,2021-05-27 19:24:00,ISRG
835.32,835.32,835.32,835.32,100,2021-05-27 19:25:00,ISRG
835.15,835.22,834.67,835.0,2570,2021-05-27 19:26:00,ISRG
835.035,835.035,834.35,834.47,900,2021-05-27 19:27:00,ISRG
834.67,835.0,834.67,834.955,900,2021-05-27 19:28:00,ISRG
835.005,835.005,834.62,834.82,1118,2021-05-27 19:29:00,ISRG
835.1,835.1,834.615,834.9,3956,2021-05-27 19:30:00,ISRG
834.82,834.87,834.725,834.83,1274,2021-05-27 19:32:00,ISRG
834.765,834.765,834.49,834.49,801,2021-05-27 19:33:00,ISRG
834.38,834.88,834.37,834.88,1696,2021-05-27 19:34:00,ISRG
834.89,834.89,834.15,834.15,1400,2021-05-27 19:35:00,ISRG
834.05,834.37,834.05,834.325,617,2021-05-27 19:36:00,ISRG
834.325,834.325,833.93,833.93,500,2021-05-27 19:37:00,ISRG
833.71,834.31,833.67,834.31,1100,2021-05-27 19:38:00,ISRG
834.02,834.035,833.76,834.035,400,2021-05-27 19:39:00,ISRG
834.01,834.57,834.01,834.57,1700,2021-05-27 19:40:00,ISRG
834.57,834.85,834.57,834.85,605,2021-05-27 19:41:00,ISRG
834.75,834.855,834.1,834.155,3670,2021-05-27 19:42:00,ISRG
834.11,834.345,834.09,834.255,1600,2021-05-27 19:43:00,ISRG
834.03,834.75,834.03,834.445,800,2021-05-27 19:44:00,ISRG
834.46,834.6,834.25,834.395,1400,2021-05-27 19:45:00,ISRG
834.345,834.52,834.15,834.15,1400,2021-05-27 19:46:00,ISRG
834.34,834.58,834.34,834.5728,1100,2021-05-27 19:47:00,ISRG
834.5,834.75,834.495,834.75,1800,2021-05-27 19:48:00,ISRG
834.75,834.76,834.25,834.25,1500,2021-05-27 19:49:00,ISRG
834.76,838.92,834.5,837.245,37629,2021-05-27 19:50:00,ISRG
837.47,837.49,835.0,835.0855,28840,2021-05-27 19:51:00,ISRG
835.025,838.12,834.93,837.78,6461,2021-05-27 19:52:00,ISRG
837.46,838.66,836.94,837.835,6751,2021-05-27 19:53:00,ISRG
837.835,837.835,831.93,836.225,36970,2021-05-27 19:54:00,ISRG
835.445,835.445,829.195,830.96,17018,2021-05-27 19:55:00,ISRG
830.77,833.0,830.0,831.05,19017,2021-05-27 19:56:00,ISRG
831.0765,832.85,830.26,832.43,21503,2021-05-27 19:57:00,ISRG
832.86,833.01,831.25,832.235,26084,2021-05-27 19:58:00,ISRG
832.235,834.28,832.035,833.69,41295,2021-05-27 19:59:00,ISRG
833.65,836.86,833.65,836.86,533308,2021-05-27 20:00:00,ISRG
834.36,834.36,834.36,834.36,2174,2021-05-27 20:01:00,ISRG
834.36,834.36,834.36,834.36,13063,2021-05-27 20:02:00,ISRG
834.36,834.36,832.99,832.99,348,2021-05-27 20:03:00,ISRG
832.99,832.99,832.99,832.99,100,2021-05-27 20:04:00,ISRG
832.99,832.99,832.99,832.99,100,2021-05-27 20:06:00,ISRG
832.99,832.99,832.99,832.99,200,2021-05-27 20:07:00,ISRG
832.99,832.99,832.99,832.99,100,2021-05-27 20:09:00,ISRG
832.99,832.99,832.99,832.99,100,2021-05-27 20:10:00,ISRG
833.0,833.0,833.0,833.0,250,2021-05-27 20:13:00,ISRG
833.0,833.0,833.0,833.0,400,2021-05-27 20:31:00,ISRG
834.36,834.36,834.36,834.36,2927,2021-05-27 21:19:00,ISRG
840.3,840.3,840.3,840.3,100,2021-05-28 08:01:00,ISRG
838.99,842.87,838.99,842.87,7307,2021-05-28 13:30:00,ISRG
839.21,842.98,838.99,842.59,3450,2021-05-28 13:31:00,ISRG
842.93,848.0,842.93,848.0,1811,2021-05-28 13:32:00,ISRG
848.05,848.34,845.25,845.25,600,2021-05-28 13:33:00,ISRG
844.69,844.69,844.69,844.69,140,2021-05-28 13:34:00,ISRG
844.85,847.14,844.85,847.14,600,2021-05-28 13:35:00,ISRG
847.65,847.65,847.65,847.65,100,2021-05-28 13:36:00,ISRG
847.74,847.81,847.74,847.81,200,2021-05-28 13:37:00,ISRG
847.9,849.9,847.9,849.87,3500,2021-05-28 13:38:00,ISRG
848.8547,848.8547,848.19,848.19,518,2021-05-28 13:39:00,ISRG
848.97,849.6,846.88,846.88,3900,2021-05-28 13:40:00,ISRG
847.195,847.195,845.461,846.64,581,2021-05-28 13:41:00,ISRG
847.3,847.57,846.285,847.57,468,2021-05-28 13:42:00,ISRG
848.645,848.645,848.63,848.63,200,2021-05-28 13:43:00,ISRG
848.1,848.1,845.0,845.01,700,2021-05-28 13:44:00,ISRG
846.57,846.57,846.57,846.57,100,2021-05-28 13:45:00,ISRG
847.34,847.39,847.34,847.39,200,2021-05-28 13:46:00,ISRG
848.08,848.08,848.08,848.08,100,2021-05-28 13:47:00,ISRG
847.84,847.84,847.72,847.72,470,2021-05-28 13:48:00,ISRG
848.1466,848.1466,848.1466,848.1466,113,2021-05-28 13:51:00,ISRG
849.0,849.0,849.0,849.0,100,2021-05-28 13:52:00,ISRG
848.855,849.0,848.499,848.499,300,2021-05-28 13:53:00,ISRG
848.64,848.64,848.64,848.64,100,2021-05-28 13:54:00,ISRG
848.33,848.33,848.18,848.18,300,2021-05-28 13:55:00,ISRG
847.79,848.52,847.79,848.52,200,2021-05-28 13:56:00,ISRG
849.5,849.5,848.53,848.53,404,2021-05-28 13:58:00,ISRG
847.85,848.2,847.85,848.0,1300,2021-05-28 14:00:00,ISRG
848.72,850.0,848.625,848.625,2100,2021-05-28 14:01:00,ISRG
848.99,849.6,848.99,849.6,1304,2021-05-28 14:02:00,ISRG
849.64,850.0,849.54,850.0,2446,2021-05-28 14:03:00,ISRG
850.05,850.86,850.01,850.86,1380,2021-05-28 14:04:00,ISRG
850.9973,851.41,850.9973,851.41,600,2021-05-28 14:05:00,ISRG
852.0,852.0,852.0,852.0,195,2021-05-28 14:06:00,ISRG
851.82,852.12,851.65,851.65,866,2021-05-28 14:07:00,ISRG
851.39,851.75,851.07,851.5,4052,2021-05-28 14:09:00,ISRG
851.72,852.61,851.68,852.61,400,2021-05-28 14:10:00,ISRG
852.06,852.565,852.06,852.565,300,2021-05-28 14:11:00,ISRG
852.11,852.69,852.11,852.685,500,2021-05-28 14:12:00,ISRG
852.9,852.9,851.12,851.665,800,2021-05-28 14:14:00,ISRG
851.67,852.43,851.67,852.11,900,2021-05-28 14:15:00,ISRG
852.0899,852.0899,852.0899,852.0899,100,2021-05-28 14:16:00,ISRG
852.03,852.03,852.03,852.03,100,2021-05-28 14:17:00,ISRG
851.5992,852.19,851.51,852.19,385,2021-05-28 14:18:00,ISRG
851.71,851.79,851.71,851.79,200,2021-05-28 14:19:00,ISRG
851.8,851.8,851.8,851.8,100,2021-05-28 14:20:00,ISRG
852.06,852.06,850.73,850.92,1413,2021-05-28 14:21:00,ISRG
850.4,850.52,850.0,850.0,400,2021-05-28 14:22:00,ISRG
849.95,850.42,849.95,850.42,200,2021-05-28 14:24:00,ISRG
850.63,850.63,850.415,850.415,200,2021-05-28 14:25:00,ISRG
850.48,851.52,850.48,851.31,400,2021-05-28 14:26:00,ISRG
851.01,851.025,851.01,851.025,243,2021-05-28 14:27:00,ISRG
850.89,850.89,850.252,850.252,300,2021-05-28 14:29:00,ISRG
850.19,851.31,850.19,851.31,340,2021-05-28 14:30:00,ISRG
851.255,851.32,851.225,851.225,300,2021-05-28 14:31:00,ISRG
851.39,851.39,851.31,851.31,1091,2021-05-28 14:32:00,ISRG
851.4,851.4,850.66,850.66,502,2021-05-28 14:33:00,ISRG
849.27,850.305,849.27,850.305,1900,2021-05-28 14:35:00,ISRG
850.775,851.0,850.58,851.0,804,2021-05-28 14:36:00,ISRG
851.02,851.02,851.02,851.02,100,2021-05-28 14:38:00,ISRG
851.55,851.55,851.155,851.155,905,2021-05-28 14:40:00,ISRG
851.54,851.54,851.54,851.54,100,2021-05-28 14:41:00,ISRG
851.155,851.34,850.88,851.145,501,2021-05-28 14:42:00,ISRG
850.97,851.26,850.78,851.26,700,2021-05-28 14:43:00,ISRG
850.87,850.87,848.61,848.61,1800,2021-05-28 14:46:00,ISRG
848.85,849.325,848.85,849.325,300,2021-05-28 14:47:00,ISRG
849.41,849.41,849.06,849.06,356,2021-05-28 14:48:00,ISRG
849.29,849.58,849.285,849.29,1173,2021-05-28 14:49:00,ISRG
849.08,849.08,848.4,848.4,600,2021-05-28 14:50:00,ISRG
847.75,847.75,847.75,847.75,100,2021-05-28 14:51:00,ISRG
848.0059,848.0059,848.0059,848.0059,200,2021-05-28 14:53:00,ISRG
847.09,847.09,845.975,845.975,400,2021-05-28 14:55:00,ISRG
846.58,846.58,846.565,846.565,220,2021-05-28 14:57:00,ISRG
847.71,848.13,847.35,847.73,700,2021-05-28 15:01:00,ISRG
848.12,848.12,848.08,848.08,300,2021-05-28 15:02:00,ISRG
848.78,848.78,848.78,848.78,100,2021-05-28 15:03:00,ISRG
849.19,849.19,848.36,849.1,411,2021-05-28 15:05:00,ISRG
848.69,848.69,848.46,848.46,211,2021-05-28 15:06:00,ISRG
848.4,848.4,848.12,848.12,300,2021-05-28 15:07:00,ISRG
848.35,848.35,847.49,847.58,732,2021-05-28 15:08:00,ISRG
847.7,848.15,847.63,847.63,901,2021-05-28 15:11:00,ISRG
848.2,848.2,848.2,848.2,100,2021-05-28 15:12:00,ISRG
848.22,848.35,848.05,848.35,300,2021-05-28 15:13:00,ISRG
848.93,849.01,848.93,849.01,200,2021-05-28 15:18:00,ISRG
848.65,848.9786,848.65,848.9786,454,2021-05-28 15:20:00,ISRG
849.11,849.11,849.0,849.0,252,2021-05-28 15:21:00,ISRG
848.82,848.82,848.82,848.82,100,2021-05-28 15:22:00,ISRG
848.8,848.8,848.8,848.8,100,2021-05-28 15:23:00,ISRG
849.18,849.18,849.18,849.18,200,2021-05-28 15:24:00,ISRG
849.21,849.21,849.21,849.21,100,2021-05-28 15:26:00,ISRG
849.115,849.25,849.115,849.25,259,2021-05-28 15:27:00,ISRG
849.22,849.65,849.16,849.18,1200,2021-05-28 15:30:00,ISRG
849.5,849.5,849.21,849.21,320,2021-05-28 15:32:00,ISRG
849.21,849.52,849.05,849.05,1600,2021-05-28 15:33:00,ISRG
848.745,849.18,848.7117,848.7117,519,2021-05-28 15:34:00,ISRG
849.18,849.295,849.18,849.295,200,2021-05-28 15:35:00,ISRG
849.65,849.65,849.65,849.65,200,2021-05-28 15:36:00,ISRG
849.44,852.6811,849.31,852.6811,13973,2021-05-28 15:37:00,ISRG
852.34,852.48,851.73,851.73,2001,2021-05-28 15:38:00,ISRG
851.98,852.34,851.98,852.185,1000,2021-05-28 15:39:00,ISRG
852.34,853.0,852.34,853.0,1214,2021-05-28 15:41:00,ISRG
852.34,852.99,852.09,852.19,1070,2021-05-28 15:42:00,ISRG
852.02,852.77,851.28,851.79,6719,2021-05-28 15:43:00,ISRG
851.19,851.995,850.5,851.995,10768,2021-05-28 15:44:00,ISRG
851.985,851.985,851.985,851.985,200,2021-05-28 15:45:00,ISRG
852.035,852.06,851.66,851.66,300,2021-05-28 15:46:00,ISRG
852.08,852.48,852.07,852.48,600,2021-05-28 15:47:00,ISRG
852.07,852.48,851.7,851.7,1000,2021-05-28 15:48:00,ISRG
851.83,852.02,851.83,852.02,300,2021-05-28 15:49:00,ISRG
852.1,852.1,852.07,852.1,585,2021-05-28 15:50:00,ISRG
851.85,852.125,851.775,852.125,1100,2021-05-28 15:53:00,ISRG
852.07,852.44,852.01,852.01,300,2021-05-28 15:55:00,ISRG
852.07,852.07,852.07,852.07,100,2021-05-28 15:56:00,ISRG
852.07,852.145,851.94,852.07,810,2021-05-28 15:57:00,ISRG
852.14,852.14,851.8,851.81,500,2021-05-28 15:58:00,ISRG
851.44,851.44,851.02,851.04,400,2021-05-28 16:00:00,ISRG
850.75,850.75,850.75,850.75,100,2021-05-28 16:01:00,ISRG
850.88,850.88,850.88,850.88,100,2021-05-28 16:02:00,ISRG
850.82,850.82,850.82,850.82,100,2021-05-28 16:05:00,ISRG
850.995,851.0,850.995,851.0,200,2021-05-28 16:06:00,ISRG
851.0,851.0,851.0,851.0,100,2021-05-28 16:08:00,ISRG
850.7815,850.79,850.28,850.28,881,2021-05-28 16:09:00,ISRG
850.1451,850.1451,850.1451,850.1451,143,2021-05-28 16:10:00,ISRG
849.8807,850.0,849.8807,850.0,668,2021-05-28 16:11:00,ISRG
850.0,850.11,850.0,850.0,400,2021-05-28 16:12:00,ISRG
850.405,851.0,850.0,850.0,775,2021-05-28 16:13:00,ISRG
850.15,850.2325,849.8,850.2325,531,2021-05-28 16:14:00,ISRG
850.39,850.64,850.39,850.64,200,2021-05-28 16:15:00,ISRG
850.405,850.405,850.405,850.405,100,2021-05-28 16:17:00,ISRG
850.63,850.63,850.63,850.63,100,2021-05-28 16:19:00,ISRG
850.5,850.79,850.5,850.79,1237,2021-05-28 16:20:00,ISRG
850.5,850.5,850.2,850.2,871,2021-05-28 16:21:00,ISRG
850.1,850.1,850.1,850.1,100,2021-05-28 16:22:00,ISRG
850.1,850.1,850.1,850.1,100,2021-05-28 16:23:00,ISRG
850.135,850.135,850.135,850.135,100,2021-05-28 16:24:00,ISRG
850.4626,850.4626,850.4626,850.4626,100,2021-05-28 16:26:00,ISRG
850.42,850.42,850.42,850.42,386,2021-05-28 16:28:00,ISRG
851.43,851.43,850.71,850.71,600,2021-05-28 16:29:00,ISRG
850.44,850.46,850.02,850.225,400,2021-05-28 16:31:00,ISRG
850.145,850.145,850.145,850.145,300,2021-05-28 16:32:00,ISRG
850.53,850.53,850.53,850.53,100,2021-05-28 16:34:00,ISRG
850.8916,851.4,850.8916,851.4,200,2021-05-28 16:39:00,ISRG
851.41,851.495,851.4,851.4,600,2021-05-28 16:41:00,ISRG
851.505,852.0,851.4,852.0,423,2021-05-28 16:42:00,ISRG
851.22,851.32,851.02,851.27,700,2021-05-28 16:43:00,ISRG
851.39,854.21,851.39,853.62,7802,2021-05-28 16:44:00,ISRG
853.62,854.32,852.63,853.0,3910,2021-05-28 16:45:00,ISRG
852.21,852.565,851.66,851.66,900,2021-05-28 16:46:00,ISRG
851.38,851.38,851.38,851.38,100,2021-05-28 16:47:00,ISRG
851.35,851.35,851.35,851.35,100,2021-05-28 16:48:00,ISRG
851.055,851.075,851.055,851.075,393,2021-05-28 16:51:00,ISRG
850.94,851.205,850.94,851.205,7784,2021-05-28 16:52:00,ISRG
851.355,851.355,851.0,851.0,1200,2021-05-28 16:53:00,ISRG
851.2475,851.2475,850.94,850.94,300,2021-05-28 16:54:00,ISRG
850.875,850.98,850.54,850.74,400,2021-05-28 16:56:00,ISRG
850.5751,850.5751,850.37,850.37,1400,2021-05-28 16:57:00,ISRG
850.525,851.005,850.465,851.005,900,2021-05-28 16:59:00,ISRG
850.69,850.69,850.69,850.69,100,2021-05-28 17:00:00,ISRG
850.42,850.42,850.42,850.42,100,2021-05-28 17:03:00,ISRG
850.74,851.005,850.3175,851.005,600,2021-05-28 17:04:00,ISRG
850.62,850.62,850.09,850.09,300,2021-05-28 17:05:00,ISRG
850.065,850.065,850.065,850.065,100,2021-05-28 17:06:00,ISRG
850.175,850.175,850.175,850.175,100,2021-05-28 17:07:00,ISRG
850.185,850.185,850.185,850.185,100,2021-05-28 17:09:00,ISRG
849.61,849.61,849.335,849.335,200,2021-05-28 17:10:00,ISRG
849.05,849.1,849.0,849.0,517,2021-05-28 17:11:00,ISRG
849.215,849.215,849.215,849.215,100,2021-05-28 17:12:00,ISRG
849.195,849.195,848.86,848.93,300,2021-05-28 17:13:00,ISRG
848.46,848.64,848.46,848.64,200,2021-05-28 17:14:00,ISRG
848.5,848.5,848.32,848.32,200,2021-05-28 17:16:00,ISRG
848.18,848.21,847.95,847.95,400,2021-05-28 17:17:00,ISRG
847.735,847.9834,847.735,847.9834,225,2021-05-28 17:18:00,ISRG
847.92,847.92,847.92,847.92,100,2021-05-28 17:19:00,ISRG
847.83,847.83,847.48,847.48,300,2021-05-28 17:20:00,ISRG
847.12,847.16,847.12,847.16,200,2021-05-28 17:21:00,ISRG
847.3061,847.3061,847.3061,847.3061,250,2021-05-28 17:22:00,ISRG
846.775,846.775,846.775,846.775,100,2021-05-28 17:23:00,ISRG
846.7463,846.7463,846.7463,846.7463,100,2021-05-28 17:24:00,ISRG
847.1,847.1,847.1,847.1,100,2021-05-28 17:25:00,ISRG
846.54,846.54,845.98,845.98,400,2021-05-28 17:27:00,ISRG
846.0,846.31,845.99,846.31,1300,2021-05-28 17:28:00,ISRG
846.005,846.005,846.005,846.005,100,2021-05-28 17:29:00,ISRG
845.95,846.01,845.95,846.01,230,2021-05-28 17:30:00,ISRG
845.99,845.99,845.99,845.99,100,2021-05-28 17:33:00,ISRG
846.1402,846.1402,846.1402,846.1402,200,2021-05-28 17:34:00,ISRG
846.03,846.03,845.35,845.45,400,2021-05-28 17:36:00,ISRG
845.91,846.15,845.5611,845.5611,300,2021-05-28 17:38:00,ISRG
845.495,845.63,845.495,845.63,500,2021-05-28 17:41:00,ISRG
845.56,845.56,845.33,845.33,200,2021-05-28 17:42:00,ISRG
845.7266,845.7266,845.7266,845.7266,120,2021-05-28 17:43:00,ISRG
845.67,846.11,845.67,846.11,563,2021-05-28 17:44:00,ISRG
845.72,845.72,845.47,845.47,400,2021-05-28 17:45:00,ISRG
845.1,845.1,844.77,845.01,668,2021-05-28 17:46:00,ISRG
844.99,845.11,844.98,845.11,506,2021-05-28 17:49:00,ISRG
844.9,845.56,844.9,845.47,400,2021-05-28 17:50:00,ISRG
845.38,845.38,845.28,845.28,459,2021-05-28 17:52:00,ISRG
845.645,845.71,845.645,845.71,200,2021-05-28 17:55:00,ISRG
846.13,846.45,846.04,846.45,300,2021-05-28 17:56:00,ISRG
846.3392,846.3392,846.3392,846.3392,127,2021-05-28 17:58:00,ISRG
846.41,846.68,846.41,846.68,200,2021-05-28 17:59:00,ISRG
846.68,846.68,846.68,846.68,100,2021-05-28 18:00:00,ISRG
846.7,846.7399,846.23,846.47,652,2021-05-28 18:01:00,ISRG
846.75,846.75,846.75,846.75,100,2021-05-28 18:02:00,ISRG
846.53,846.53,846.13,846.13,200,2021-05-28 18:03:00,ISRG
845.67,845.67,845.67,845.67,100,2021-05-28 18:04:00,ISRG
845.4,846.28,845.4,846.28,300,2021-05-28 18:05:00,ISRG
846.17,846.17,846.05,846.05,200,2021-05-28 18:06:00,ISRG
845.25,845.66,845.25,845.66,300,2021-05-28 18:11:00,ISRG
845.52,845.52,845.52,845.52,100,2021-05-28 18:12:00,ISRG
845.8361,845.8361,845.8361,845.8361,147,2021-05-28 18:14:00,ISRG
846.06,846.08,846.06,846.08,300,2021-05-28 18:16:00,ISRG
846.16,846.16,846.16,846.16,200,2021-05-28 18:17:00,ISRG
846.34,846.34,846.34,846.34,100,2021-05-28 18:18:00,ISRG
846.87,846.87,846.39,846.79,500,2021-05-28 18:19:00,ISRG
846.24,846.8,846.24,846.8,200,2021-05-28 18:20:00,ISRG
846.53,846.53,846.29,846.29,400,2021-05-28 18:21:00,ISRG
846.75,847.15,846.62,846.62,500,2021-05-28 18:25:00,ISRG
847.06,847.11,847.015,847.015,470,2021-05-28 18:28:00,ISRG
846.8675,846.8675,846.8675,846.8675,129,2021-05-28 18:29:00,ISRG
846.91,847.46,846.91,847.46,200,2021-05-28 18:30:00,ISRG
847.2,847.26,846.94,846.94,300,2021-05-28 18:31:00,ISRG
847.32,847.32,847.32,847.32,100,2021-05-28 18:35:00,ISRG
847.41,847.41,847.41,847.41,100,2021-05-28 18:36:00,ISRG
847.55,847.55,847.55,847.55,199,2021-05-28 18:37:00,ISRG
847.485,847.485,847.485,847.485,100,2021-05-28 18:38:00,ISRG
847.6,848.0,847.6,848.0,500,2021-05-28 18:42:00,ISRG
847.59,847.59,847.59,847.59,110,2021-05-28 18:43:00,ISRG
847.11,847.14,847.11,847.14,200,2021-05-28 18:44:00,ISRG
846.84,847.16,846.79,847.11,952,2021-05-28 18:50:00,ISRG
846.65,846.65,846.65,846.65,100,2021-05-28 18:51:00,ISRG
847.39,847.39,847.39,847.39,100,2021-05-28 18:54:00,ISRG
847.49,847.49,847.49,847.49,100,2021-05-28 18:57:00,ISRG
846.98,847.105,846.49,846.49,809,2021-05-28 18:58:00,ISRG
846.68,846.9,846.68,846.9,200,2021-05-28 18:59:00,ISRG
846.56,846.56,846.56,846.56,100,2021-05-28 19:00:00,ISRG
846.51,846.93,846.51,846.93,200,2021-05-28 19:02:00,ISRG
846.42,846.42,846.42,846.42,200,2021-05-28 19:03:00,ISRG
846.19,846.21,846.19,846.21,497,2021-05-28 19:04:00,ISRG
847.01,847.01,847.01,847.01,100,2021-05-28 19:05:00,ISRG
846.915,846.915,846.915,846.915,100,2021-05-28 19:06:00,ISRG
847.22,847.22,847.22,847.22,100,2021-05-28 19:07:00,ISRG
847.43,847.43,847.43,847.43,100,2021-05-28 19:09:00,ISRG
847.63,847.63,846.82,847.07,1211,2021-05-28 19:10:00,ISRG
845.92,846.005,845.8,846.005,300,2021-05-28 19:12:00,ISRG
846.34,846.34,845.925,845.925,227,2021-05-28 19:16:00,ISRG
846.26,847.12,846.26,847.12,400,2021-05-28 19:18:00,ISRG
847.12,847.12,847.12,847.12,100,2021-05-28 19:19:00,ISRG
846.78,846.95,846.47,846.95,1300,2021-05-28 19:21:00,ISRG
846.68,846.68,846.68,846.68,100,2021-05-28 19:22:00,ISRG
846.51,847.02,846.51,847.02,300,2021-05-28 19:23:00,ISRG
847.25,847.25,847.25,847.25,100,2021-05-28 19:25:00,ISRG
846.86,846.86,846.86,846.86,100,2021-05-28 19:27:00,ISRG
846.78,846.78,846.78,846.78,100,2021-05-28 19:28:00,ISRG
846.6,846.6,846.555,846.555,200,2021-05-28 19:29:00,ISRG
846.4225,846.6,846.4225,846.6,400,2021-05-28 19:31:00,ISRG
846.37,846.76,846.37,846.76,300,2021-05-28 19:32:00,ISRG
846.34,846.34,846.33,846.33,200,2021-05-28 19:33:00,ISRG
846.11,846.11,845.9,845.9,718,2021-05-28 19:34:00,ISRG
845.9,846.12,845.9,845.9,1641,2021-05-28 19:35:00,ISRG
845.755,845.96,845.6,845.83,900,2021-05-28 19:36:00,ISRG
846.045,846.045,845.58,845.58,300,2021-05-28 19:38:00,ISRG
845.58,845.69,845.16,845.69,842,2021-05-28 19:40:00,ISRG
845.015,845.015,844.71,844.71,400,2021-05-28 19:42:00,ISRG
844.55,844.645,844.12,844.12,1200,2021-05-28 19:43:00,ISRG
844.365,844.365,844.31,844.31,200,2021-05-28 19:44:00,ISRG
844.175,844.735,843.97,844.41,1043,2021-05-28 19:45:00,ISRG
844.4,844.6,844.4,844.6,200,2021-05-28 19:46:00,ISRG
844.65,844.65,844.24,844.51,1166,2021-05-28 19:47:00,ISRG
844.59,845.1,844.59,845.1,200,2021-05-28 19:48:00,ISRG
844.98,844.99,844.91,844.91,700,2021-05-28 19:49:00,ISRG
844.73,844.73,844.25,844.25,1858,2021-05-28 19:50:00,ISRG
844.19,844.19,843.69,843.94,2200,2021-05-28 19:51:00,ISRG
843.845,843.935,843.64,843.6725,700,2021-05-28 19:52:00,ISRG
843.505,844.03,843.46,844.03,1820,2021-05-28 19:53:00,ISRG
843.95,844.15,842.38,842.6,8397,2021-05-28 19:54:00,ISRG
842.44,842.76,841.3,841.52,2943,2021-05-28 19:55:00,ISRG
841.27,842.46,841.27,842.24,2800,2021-05-28 19:56:00,ISRG
842.39,842.77,842.22,842.58,2900,2021-05-28 19:57:00,ISRG
842.724,843.145,842.55,842.59,2900,2021-05-28 19:58:00,ISRG
842.84,842.87,841.57,842.21,9832,2021-05-28 19:59:00,ISRG
842.18,842.18,842.18,842.18,73628,2021-05-28 20:00:00,ISRG
842.18,842.18,842.18,842.18,205,2021-05-28 20:01:00,ISRG
842.18,842.18,842.18,842.18,3559,2021-05-28 20:02:00,ISRG
842.18,842.18,842.18,842.18,2382,2021-05-28 20:03:00,ISRG
