open,high,low,close,volume,datetime,symbol
2.38,2.38,2.38,2.38,126,2021-05-17 12:26:00,MTSL
2.29,2.29,2.29,2.29,400,2021-05-17 13:17:00,MTSL
2.29,2.29,2.29,2.29,750,2021-05-17 13:27:00,MTSL
2.27,2.27,2.25,2.255,1225,2021-05-17 13:30:00,MTSL
2.2898,2.2898,2.2898,2.2898,3000,2021-05-17 13:31:00,MTSL
2.25,2.25,2.25,2.25,1000,2021-05-17 13:32:00,MTSL
2.29,2.29,2.29,2.29,100,2021-05-17 13:33:00,MTSL
2.2553,2.2553,2.2553,2.2553,304,2021-05-17 13:34:00,MTSL
2.29,2.29,2.29,2.29,1700,2021-05-17 13:36:00,MTSL
2.3,2.3,2.291,2.291,591,2021-05-17 13:37:00,MTSL
2.3,2.3,2.3,2.3,864,2021-05-17 13:46:00,MTSL
2.345,2.345,2.345,2.345,161,2021-05-17 13:49:00,MTSL
2.39,2.39,2.39,2.39,225,2021-05-17 13:53:00,MTSL
2.34,2.34,2.34,2.34,500,2021-05-17 13:55:00,MTSL
2.3535,2.3535,2.3535,2.3535,350,2021-05-17 14:16:00,MTSL
2.3863,2.3863,2.3863,2.3863,100,2021-05-17 14:32:00,MTSL
2.36,2.36,2.36,2.36,344,2021-05-17 15:10:00,MTSL
2.38,2.39,2.38,2.39,1300,2021-05-17 15:16:00,MTSL
2.39,2.4156,2.39,2.4156,800,2021-05-17 15:17:00,MTSL
2.39,2.39,2.39,2.39,100,2021-05-17 15:19:00,MTSL
2.4179,2.4179,2.4179,2.4179,1750,2021-05-17 15:21:00,MTSL
2.4,2.4,2.4,2.4,2000,2021-05-17 15:37:00,MTSL
2.42,2.42,2.42,2.42,1670,2021-05-17 15:38:00,MTSL
2.457,2.457,2.457,2.457,200,2021-05-17 15:39:00,MTSL
2.45,2.45,2.445,2.445,200,2021-05-17 15:53:00,MTSL
2.45,2.45,2.45,2.45,590,2021-05-17 15:54:00,MTSL
2.438,2.438,2.438,2.438,1000,2021-05-17 15:58:00,MTSL
2.42,2.42,2.42,2.42,100,2021-05-17 16:01:00,MTSL
2.43,2.43,2.43,2.43,1000,2021-05-17 16:04:00,MTSL
2.44,2.44,2.44,2.44,400,2021-05-17 16:06:00,MTSL
2.4101,2.4101,2.4101,2.4101,500,2021-05-17 16:14:00,MTSL
2.46,2.46,2.4585,2.4585,905,2021-05-17 16:44:00,MTSL
2.43,2.43,2.43,2.43,350,2021-05-17 17:45:00,MTSL
2.45,2.45,2.45,2.45,100,2021-05-17 18:09:00,MTSL
2.46,2.46,2.46,2.46,100,2021-05-17 18:10:00,MTSL
2.46,2.46,2.46,2.46,100,2021-05-17 19:00:00,MTSL
2.46,2.46,2.46,2.46,200,2021-05-17 19:27:00,MTSL
2.48,2.48,2.48,2.48,355,2021-05-17 19:59:00,MTSL
2.46,2.46,2.46,2.46,1823,2021-05-17 20:00:00,MTSL
2.47,2.47,2.47,2.47,822,2021-05-18 13:30:00,MTSL
2.42,2.42,2.42,2.42,100,2021-05-18 13:42:00,MTSL
2.45,2.45,2.45,2.45,100,2021-05-18 14:03:00,MTSL
2.45,2.45,2.45,2.45,100,2021-05-18 14:06:00,MTSL
2.45,2.46,2.45,2.46,600,2021-05-18 14:07:00,MTSL
2.41,2.4299,2.4,2.4299,5097,2021-05-18 14:18:00,MTSL
2.43,2.43,2.43,2.43,200,2021-05-18 14:37:00,MTSL
2.42,2.42,2.42,2.42,1200,2021-05-18 14:39:00,MTSL
2.396,2.396,2.3901,2.3901,2000,2021-05-18 14:41:00,MTSL
2.42,2.42,2.405,2.405,2500,2021-05-18 14:43:00,MTSL
2.42,2.42,2.4199,2.42,1624,2021-05-18 14:45:00,MTSL
2.44,2.44,2.44,2.44,100,2021-05-18 14:50:00,MTSL
2.44,2.44,2.44,2.44,578,2021-05-18 15:06:00,MTSL
2.45,2.45,2.45,2.45,250,2021-05-18 15:07:00,MTSL
2.4101,2.4101,2.4101,2.4101,2333,2021-05-18 15:10:00,MTSL
2.4517,2.4517,2.4517,2.4517,100,2021-05-18 15:11:00,MTSL
2.46,2.46,2.451,2.46,2000,2021-05-18 15:30:00,MTSL
2.46,2.46,2.46,2.46,500,2021-05-18 15:38:00,MTSL
2.42,2.42,2.41,2.41,2100,2021-05-18 16:51:00,MTSL
2.4404,2.4404,2.4404,2.4404,100,2021-05-18 16:56:00,MTSL
2.46,2.46,2.46,2.46,100,2021-05-18 17:23:00,MTSL
2.46,2.47,2.46,2.47,6621,2021-05-18 17:32:00,MTSL
2.47,2.47,2.47,2.47,157,2021-05-18 17:33:00,MTSL
2.47,2.47,2.47,2.47,200,2021-05-18 17:57:00,MTSL
2.465,2.465,2.465,2.465,1000,2021-05-18 18:25:00,MTSL
2.44,2.46,2.44,2.46,499,2021-05-18 18:46:00,MTSL
2.46,2.46,2.46,2.46,200,2021-05-18 18:47:00,MTSL
2.46,2.46,2.46,2.46,100,2021-05-18 18:48:00,MTSL
2.46,2.46,2.46,2.46,300,2021-05-18 19:33:00,MTSL
2.45,2.45,2.45,2.45,300,2021-05-18 19:51:00,MTSL
2.45,2.45,2.45,2.45,100,2021-05-18 19:55:00,MTSL
2.45,2.45,2.45,2.45,100,2021-05-18 19:59:00,MTSL
2.41,2.41,2.41,2.41,150,2021-05-18 20:47:00,MTSL
2.4,2.4,2.4,2.4,330,2021-05-18 20:48:00,MTSL
2.4299,2.4299,2.4299,2.4299,146,2021-05-18 21:35:00,MTSL
2.43,2.43,2.43,2.43,100,2021-05-18 23:18:00,MTSL
2.35,2.35,2.35,2.35,150,2021-05-18 23:53:00,MTSL
2.39,2.39,2.39,2.39,150,2021-05-19 11:40:00,MTSL
2.41,2.41,2.41,2.41,307,2021-05-19 12:24:00,MTSL
2.39,2.39,2.39,2.39,227,2021-05-19 13:30:00,MTSL
2.4553,2.4553,2.4553,2.4553,100,2021-05-19 13:33:00,MTSL
2.47,2.47,2.36,2.3993,10748,2021-05-19 13:39:00,MTSL
2.38,2.38,2.36,2.36,7080,2021-05-19 13:47:00,MTSL
2.42,2.42,2.42,2.42,700,2021-05-19 14:13:00,MTSL
2.4,2.4,2.4,2.4,269,2021-05-19 14:37:00,MTSL
2.4,2.4,2.4,2.4,271,2021-05-19 14:38:00,MTSL
2.4805,2.4805,2.4805,2.4805,200,2021-05-19 14:39:00,MTSL
2.4805,2.4805,2.4805,2.4805,600,2021-05-19 14:40:00,MTSL
2.4805,2.4805,2.4805,2.4805,200,2021-05-19 14:41:00,MTSL
2.413,2.4842,2.413,2.4842,1400,2021-05-19 14:42:00,MTSL
2.4645,2.489,2.4645,2.48,1222,2021-05-19 14:43:00,MTSL
2.4761,2.4761,2.4761,2.4761,2000,2021-05-19 14:44:00,MTSL
2.4758,2.4758,2.4758,2.4758,700,2021-05-19 14:45:00,MTSL
2.445,2.445,2.445,2.445,250,2021-05-19 14:47:00,MTSL
2.41,2.4152,2.41,2.41,900,2021-05-19 14:57:00,MTSL
2.42,2.42,2.42,2.42,500,2021-05-19 15:06:00,MTSL
2.4398,2.4398,2.4398,2.4398,3000,2021-05-19 15:26:00,MTSL
2.3931,2.3931,2.3931,2.3931,109,2021-05-19 15:31:00,MTSL
2.41,2.42,2.41,2.42,400,2021-05-19 15:51:00,MTSL
2.44,2.44,2.44,2.44,300,2021-05-19 15:53:00,MTSL
2.4277,2.4277,2.4277,2.4277,100,2021-05-19 16:21:00,MTSL
2.3801,2.3801,2.3801,2.3801,3000,2021-05-19 17:12:00,MTSL
2.38,2.3815,2.37,2.3701,3200,2021-05-19 17:29:00,MTSL
2.3619,2.3619,2.3619,2.3619,1399,2021-05-19 17:30:00,MTSL
2.38,2.3835,2.38,2.3835,300,2021-05-19 18:10:00,MTSL
2.38,2.3845,2.38,2.3845,609,2021-05-19 18:37:00,MTSL
2.43,2.43,2.43,2.43,100,2021-05-19 19:02:00,MTSL
2.3701,2.3701,2.3701,2.3701,2000,2021-05-19 19:28:00,MTSL
2.37,2.37,2.37,2.37,400,2021-05-19 19:47:00,MTSL
2.38,2.38,2.38,2.38,400,2021-05-19 19:57:00,MTSL
2.37,2.37,2.36,2.37,1393,2021-05-19 19:59:00,MTSL
2.38,2.38,2.38,2.38,250,2021-05-19 20:00:00,MTSL
2.38,2.38,2.38,2.38,138,2021-05-20 13:30:00,MTSL
2.38,2.38,2.38,2.38,495,2021-05-20 13:31:00,MTSL
2.38,2.38,2.38,2.38,145,2021-05-20 13:34:00,MTSL
2.41,2.41,2.4,2.41,10095,2021-05-20 13:41:00,MTSL
2.405,2.405,2.405,2.405,190,2021-05-20 14:02:00,MTSL
2.3701,2.3701,2.3701,2.3701,150,2021-05-20 14:05:00,MTSL
2.39,2.39,2.39,2.39,1100,2021-05-20 14:32:00,MTSL
2.39,2.39,2.39,2.39,100,2021-05-20 14:36:00,MTSL
2.4,2.4,2.4,2.4,200,2021-05-20 14:45:00,MTSL
2.4,2.4,2.4,2.4,800,2021-05-20 14:46:00,MTSL
2.3935,2.3935,2.3935,2.3935,375,2021-05-20 14:47:00,MTSL
2.39,2.39,2.39,2.39,10000,2021-05-20 14:49:00,MTSL
2.39,2.39,2.39,2.39,700,2021-05-20 14:52:00,MTSL
2.41,2.43,2.4099,2.43,2396,2021-05-20 14:54:00,MTSL
2.38,2.38,2.38,2.38,500,2021-05-20 15:08:00,MTSL
2.38,2.38,2.38,2.38,500,2021-05-20 15:35:00,MTSL
2.3801,2.3801,2.3801,2.3801,9250,2021-05-20 15:38:00,MTSL
2.38,2.38,2.38,2.38,1400,2021-05-20 15:44:00,MTSL
2.39,2.3901,2.39,2.39,2800,2021-05-20 15:57:00,MTSL
2.37,2.37,2.37,2.37,299,2021-05-20 16:10:00,MTSL
2.4,2.4,2.4,2.4,100,2021-05-20 16:29:00,MTSL
2.39,2.39,2.39,2.39,796,2021-05-20 16:37:00,MTSL
2.39,2.39,2.38,2.38,1000,2021-05-20 16:39:00,MTSL
2.37,2.37,2.37,2.37,280,2021-05-20 16:42:00,MTSL
2.3999,2.3999,2.3999,2.3999,1250,2021-05-20 16:57:00,MTSL
2.38,2.38,2.38,2.38,250,2021-05-20 17:02:00,MTSL
2.3632,2.3632,2.3632,2.3632,500,2021-05-20 17:49:00,MTSL
2.405,2.405,2.405,2.405,100,2021-05-20 19:05:00,MTSL
2.4044,2.4148,2.4044,2.4148,200,2021-05-20 19:06:00,MTSL
2.4185,2.4185,2.4185,2.4185,100,2021-05-20 19:18:00,MTSL
2.41,2.41,2.41,2.41,203,2021-05-20 19:29:00,MTSL
2.42,2.42,2.42,2.42,100,2021-05-20 19:37:00,MTSL
2.41,2.4194,2.41,2.4194,200,2021-05-20 19:38:00,MTSL
2.4162,2.42,2.4162,2.42,320,2021-05-20 19:39:00,MTSL
2.4199,2.4199,2.4199,2.4199,200,2021-05-20 19:40:00,MTSL
2.42,2.42,2.42,2.42,100,2021-05-20 19:50:00,MTSL
2.42,2.42,2.42,2.42,1125,2021-05-20 19:52:00,MTSL
2.42,2.42,2.42,2.42,120,2021-05-20 19:57:00,MTSL
2.49,2.54,2.49,2.54,850,2021-05-21 12:25:00,MTSL
2.5,2.5,2.5,2.5,100,2021-05-21 12:27:00,MTSL
2.5,2.5,2.5,2.5,5273,2021-05-21 12:39:00,MTSL
2.45,2.45,2.45,2.45,760,2021-05-21 13:30:00,MTSL
2.4364,2.44,2.4314,2.4372,400,2021-05-21 13:39:00,MTSL
2.43,2.4301,2.43,2.4301,1750,2021-05-21 13:40:00,MTSL
2.44,2.44,2.44,2.44,300,2021-05-21 13:41:00,MTSL
2.44,2.5,2.43,2.5,1993,2021-05-21 13:43:00,MTSL
2.47,2.51,2.47,2.51,8023,2021-05-21 13:44:00,MTSL
2.5,2.51,2.5,2.51,2500,2021-05-21 13:56:00,MTSL
2.5182,2.5182,2.5182,2.5182,100,2021-05-21 13:57:00,MTSL
2.53,2.53,2.52,2.52,500,2021-05-21 13:58:00,MTSL
2.52,2.52,2.52,2.52,1800,2021-05-21 14:05:00,MTSL
2.51,2.51,2.5,2.5,3900,2021-05-21 14:09:00,MTSL
2.5,2.5,2.5,2.5,100,2021-05-21 14:15:00,MTSL
2.5,2.5,2.5,2.5,1600,2021-05-21 14:30:00,MTSL
2.5,2.5,2.5,2.5,100,2021-05-21 14:40:00,MTSL
2.456,2.456,2.456,2.456,100,2021-05-21 14:45:00,MTSL
2.4501,2.4501,2.4501,2.4501,1400,2021-05-21 14:49:00,MTSL
2.45,2.45,2.45,2.45,600,2021-05-21 14:51:00,MTSL
2.45,2.45,2.45,2.45,100,2021-05-21 14:52:00,MTSL
2.4799,2.4799,2.4799,2.4799,1250,2021-05-21 15:02:00,MTSL
2.48,2.48,2.48,2.48,100,2021-05-21 15:22:00,MTSL
2.51,2.51,2.51,2.51,100,2021-05-21 15:24:00,MTSL
2.46,2.51,2.46,2.51,200,2021-05-21 15:27:00,MTSL
2.4647,2.4647,2.4647,2.4647,300,2021-05-21 15:30:00,MTSL
2.52,2.52,2.52,2.52,300,2021-05-21 15:39:00,MTSL
2.5179,2.5179,2.5179,2.5179,1000,2021-05-21 15:52:00,MTSL
2.485,2.4942,2.4837,2.4942,600,2021-05-21 16:04:00,MTSL
2.48,2.4822,2.48,2.4822,400,2021-05-21 16:08:00,MTSL
2.4613,2.4613,2.4613,2.4613,250,2021-05-21 16:13:00,MTSL
2.48,2.48,2.48,2.48,100,2021-05-21 16:24:00,MTSL
2.5058,2.5058,2.5,2.5,300,2021-05-21 16:32:00,MTSL
2.4999,2.4999,2.4999,2.4999,2500,2021-05-21 17:41:00,MTSL
2.4899,2.4999,2.4896,2.4999,3100,2021-05-21 17:46:00,MTSL
2.49,2.5,2.49,2.4922,400,2021-05-21 17:51:00,MTSL
2.52,2.52,2.4922,2.4922,2300,2021-05-21 17:52:00,MTSL
2.48,2.48,2.48,2.48,600,2021-05-21 17:58:00,MTSL
2.48,2.48,2.47,2.47,300,2021-05-21 18:01:00,MTSL
2.4721,2.4783,2.4721,2.4783,200,2021-05-21 18:02:00,MTSL
2.48,2.4966,2.48,2.48,1350,2021-05-21 18:08:00,MTSL
2.4999,2.4999,2.4999,2.4999,2000,2021-05-21 18:09:00,MTSL
2.4999,2.5,2.4989,2.4996,4220,2021-05-21 18:10:00,MTSL
2.52,2.52,2.4843,2.4843,700,2021-05-21 18:11:00,MTSL
2.4901,2.505,2.4901,2.505,3000,2021-05-21 18:15:00,MTSL
2.492,2.4992,2.492,2.495,500,2021-05-21 18:22:00,MTSL
2.5,2.5402,2.4998,2.5376,33400,2021-05-21 18:23:00,MTSL
2.54,2.6,2.5263,2.57,49738,2021-05-21 18:24:00,MTSL
2.55,2.58,2.5201,2.5201,15127,2021-05-21 18:25:00,MTSL
2.55,2.56,2.5422,2.5467,4002,2021-05-21 18:26:00,MTSL
2.56,2.56,2.56,2.56,1000,2021-05-21 18:27:00,MTSL
2.5517,2.5517,2.53,2.55,3666,2021-05-21 18:28:00,MTSL
2.55,2.55,2.5393,2.5393,4671,2021-05-21 18:29:00,MTSL
2.5587,2.5587,2.5327,2.54,1850,2021-05-21 18:30:00,MTSL
2.545,2.555,2.54,2.5502,3900,2021-05-21 18:31:00,MTSL
2.5448,2.5448,2.54,2.5401,6300,2021-05-21 18:32:00,MTSL
2.5578,2.5578,2.5578,2.5578,100,2021-05-21 18:33:00,MTSL
2.54,2.54,2.52,2.52,2335,2021-05-21 18:34:00,MTSL
2.54,2.54,2.54,2.54,5000,2021-05-21 18:35:00,MTSL
2.54,2.54,2.54,2.54,3800,2021-05-21 18:36:00,MTSL
2.5201,2.535,2.5,2.535,7575,2021-05-21 18:37:00,MTSL
2.51,2.51,2.51,2.51,273,2021-05-21 18:38:00,MTSL
2.51,2.51,2.51,2.51,258,2021-05-21 18:39:00,MTSL
2.51,2.5138,2.51,2.51,400,2021-05-21 18:41:00,MTSL
2.53,2.53,2.5244,2.5244,300,2021-05-21 18:42:00,MTSL
2.51,2.5194,2.51,2.5194,5000,2021-05-21 18:44:00,MTSL
2.5,2.5,2.5,2.5,1200,2021-05-21 18:49:00,MTSL
2.4999,2.4999,2.4999,2.4999,2000,2021-05-21 18:57:00,MTSL
2.5,2.5,2.5,2.5,100,2021-05-21 18:58:00,MTSL
2.5,2.5,2.5,2.5,110,2021-05-21 19:03:00,MTSL
2.49,2.49,2.4877,2.4877,625,2021-05-21 19:06:00,MTSL
2.48,2.49,2.48,2.49,610,2021-05-21 19:08:00,MTSL
2.48,2.48,2.48,2.48,5700,2021-05-21 19:09:00,MTSL
2.47,2.47,2.41,2.41,14510,2021-05-21 19:10:00,MTSL
2.4692,2.4692,2.4692,2.4692,500,2021-05-21 19:11:00,MTSL
2.48,2.49,2.48,2.49,800,2021-05-21 19:12:00,MTSL
2.42,2.49,2.42,2.49,3200,2021-05-21 19:28:00,MTSL
2.4401,2.4401,2.4401,2.4401,2000,2021-05-21 19:33:00,MTSL
2.44,2.44,2.44,2.44,705,2021-05-21 19:35:00,MTSL
2.488,2.55,2.46,2.5399,59879,2021-05-21 19:36:00,MTSL
2.53,2.58,2.47,2.54,12140,2021-05-21 19:37:00,MTSL
2.5464,2.62,2.5464,2.62,11500,2021-05-21 19:38:00,MTSL
2.6,2.6399,2.6,2.6399,12100,2021-05-21 19:39:00,MTSL
2.64,2.68,2.6204,2.6599,15180,2021-05-21 19:40:00,MTSL
2.67,2.72,2.66,2.6661,17394,2021-05-21 19:41:00,MTSL
2.64,2.66,2.6,2.6,34560,2021-05-21 19:42:00,MTSL
2.625,2.64,2.59,2.64,1400,2021-05-21 19:43:00,MTSL
2.64,2.64,2.625,2.625,500,2021-05-21 19:46:00,MTSL
2.6399,2.6399,2.6399,2.6399,500,2021-05-21 19:47:00,MTSL
2.63,2.63,2.63,2.63,1000,2021-05-21 19:48:00,MTSL
2.63,2.64,2.62,2.64,5900,2021-05-21 19:49:00,MTSL
2.63,2.63,2.62,2.62,757,2021-05-21 19:50:00,MTSL
2.6,2.6,2.6,2.6,1000,2021-05-21 19:51:00,MTSL
2.615,2.615,2.6065,2.615,4000,2021-05-21 19:52:00,MTSL
2.61,2.61,2.61,2.61,100,2021-05-21 19:53:00,MTSL
2.5903,2.63,2.5901,2.61,3590,2021-05-21 19:54:00,MTSL
2.6299,2.63,2.62,2.63,1380,2021-05-21 19:55:00,MTSL
2.66,2.66,2.63,2.63,7500,2021-05-21 19:56:00,MTSL
2.65,2.6599,2.64,2.6599,7326,2021-05-21 19:59:00,MTSL
2.66,2.66,2.64,2.64,1338,2021-05-21 20:00:00,MTSL
2.64,2.64,2.64,2.64,1158,2021-05-21 20:32:00,MTSL
2.62,2.62,2.62,2.62,100,2021-05-21 21:44:00,MTSL
2.62,2.62,2.62,2.62,200,2021-05-21 21:46:00,MTSL
2.62,2.62,2.62,2.62,500,2021-05-21 22:10:00,MTSL
2.62,2.62,2.62,2.62,500,2021-05-21 22:11:00,MTSL
2.62,2.62,2.62,2.62,499,2021-05-21 22:13:00,MTSL
2.62,2.62,2.62,2.62,496,2021-05-21 22:58:00,MTSL
2.56,2.56,2.56,2.56,249,2021-05-21 23:03:00,MTSL
2.55,2.55,2.55,2.55,350,2021-05-21 23:38:00,MTSL
2.55,2.55,2.55,2.55,1000,2021-05-21 23:40:00,MTSL
2.48,2.48,2.48,2.48,100,2021-05-21 23:50:00,MTSL
2.46,2.46,2.46,2.46,125,2021-05-21 23:53:00,MTSL
2.48,2.48,2.48,2.48,100,2021-05-21 23:54:00,MTSL
2.5,2.5,2.5,2.5,2125,2021-05-21 23:55:00,MTSL
2.64,2.64,2.64,2.64,171,2021-05-24 08:49:00,MTSL
2.64,2.64,2.64,2.64,100,2021-05-24 11:22:00,MTSL
2.64,2.64,2.64,2.64,100,2021-05-24 12:02:00,MTSL
2.62,2.62,2.62,2.62,531,2021-05-24 13:25:00,MTSL
2.63,2.64,2.63,2.64,1403,2021-05-24 13:29:00,MTSL
2.66,2.6956,2.64,2.64,20210,2021-05-24 13:30:00,MTSL
2.63,2.695,2.57,2.6301,6100,2021-05-24 13:31:00,MTSL
2.63,2.63,2.63,2.63,1200,2021-05-24 13:33:00,MTSL
2.57,2.57,2.5407,2.5407,4974,2021-05-24 13:34:00,MTSL
2.58,2.58,2.58,2.58,511,2021-05-24 13:35:00,MTSL
2.54,2.54,2.52,2.52,3000,2021-05-24 13:37:00,MTSL
2.54,2.54,2.54,2.54,124,2021-05-24 13:42:00,MTSL
2.6622,2.6622,2.6622,2.6622,300,2021-05-24 13:49:00,MTSL
2.5601,2.5601,2.5601,2.5601,300,2021-05-24 13:53:00,MTSL
2.556,2.556,2.556,2.556,149,2021-05-24 13:54:00,MTSL
2.6357,2.6357,2.6357,2.6357,520,2021-05-24 13:57:00,MTSL
2.5952,2.6216,2.5952,2.6216,2000,2021-05-24 14:00:00,MTSL
2.6299,2.7299,2.6,2.6765,46026,2021-05-24 14:01:00,MTSL
2.68,2.68,2.55,2.55,600,2021-05-24 14:02:00,MTSL
2.6,2.86,2.6,2.79,53650,2021-05-24 14:03:00,MTSL
2.85,2.93,2.81,2.8499,61392,2021-05-24 14:04:00,MTSL
2.8,2.91,2.72,2.79,28939,2021-05-24 14:05:00,MTSL
2.8,2.8399,2.8,2.8399,8500,2021-05-24 14:06:00,MTSL
2.78,2.82,2.75,2.81,13013,2021-05-24 14:07:00,MTSL
2.81,2.81,2.75,2.81,4000,2021-05-24 14:08:00,MTSL
2.83,2.8395,2.7501,2.7501,17679,2021-05-24 14:09:00,MTSL
2.77,2.7999,2.73,2.7999,20531,2021-05-24 14:10:00,MTSL
2.7999,2.7999,2.7701,2.79,444,2021-05-24 14:11:00,MTSL
2.75,2.75,2.73,2.7303,5400,2021-05-24 14:12:00,MTSL
2.74,2.74,2.69,2.69,10307,2021-05-24 14:13:00,MTSL
2.7788,2.7788,2.7788,2.7788,100,2021-05-24 14:15:00,MTSL
2.745,2.79,2.7256,2.79,9000,2021-05-24 14:16:00,MTSL
2.78,2.78,2.6828,2.78,27400,2021-05-24 14:18:00,MTSL
2.78,2.78,2.73,2.73,4000,2021-05-24 14:19:00,MTSL
2.78,2.78,2.78,2.78,1000,2021-05-24 14:20:00,MTSL
2.7599,2.7599,2.7599,2.7599,2000,2021-05-24 14:21:00,MTSL
2.725,2.725,2.7246,2.7246,1150,2021-05-24 14:22:00,MTSL
2.7227,2.76,2.7227,2.7588,3237,2021-05-24 14:24:00,MTSL
2.7201,2.7201,2.7201,2.7201,1000,2021-05-24 14:26:00,MTSL
2.7201,2.73,2.7201,2.73,780,2021-05-24 14:27:00,MTSL
2.72,2.7204,2.6601,2.7,11450,2021-05-24 14:29:00,MTSL
2.6997,2.6997,2.6997,2.6997,800,2021-05-24 14:33:00,MTSL
2.68,2.68,2.68,2.68,100,2021-05-24 14:35:00,MTSL
2.67,2.67,2.6601,2.6601,213,2021-05-24 14:36:00,MTSL
2.68,2.68,2.68,2.68,800,2021-05-24 14:38:00,MTSL
2.6601,2.6601,2.6601,2.6601,300,2021-05-24 14:39:00,MTSL
2.68,2.68,2.68,2.68,2175,2021-05-24 14:41:00,MTSL
2.6999,2.6999,2.6999,2.6999,1500,2021-05-24 14:43:00,MTSL
2.7228,2.7491,2.7228,2.7491,2000,2021-05-24 14:48:00,MTSL
2.75,2.75,2.75,2.75,300,2021-05-24 14:49:00,MTSL
2.7465,2.75,2.745,2.75,310,2021-05-24 14:57:00,MTSL
2.69,2.69,2.69,2.69,100,2021-05-24 14:59:00,MTSL
2.69,2.73,2.69,2.705,2400,2021-05-24 15:00:00,MTSL
2.71,2.71,2.71,2.71,250,2021-05-24 15:02:00,MTSL
2.7,2.7,2.7,2.7,900,2021-05-24 15:09:00,MTSL
2.7,2.7,2.7,2.7,1000,2021-05-24 15:10:00,MTSL
2.7062,2.7062,2.6986,2.6986,8100,2021-05-24 15:12:00,MTSL
2.68,2.7,2.68,2.7,2200,2021-05-24 15:13:00,MTSL
2.68,2.68,2.67,2.67,2000,2021-05-24 15:21:00,MTSL
2.66,2.66,2.66,2.66,500,2021-05-24 15:22:00,MTSL
2.6494,2.6494,2.6373,2.6373,2667,2021-05-24 15:24:00,MTSL
2.63,2.63,2.63,2.63,4500,2021-05-24 15:25:00,MTSL
2.61,2.61,2.61,2.61,200,2021-05-24 15:26:00,MTSL
2.61,2.62,2.61,2.62,2846,2021-05-24 15:27:00,MTSL
2.6127,2.6127,2.6,2.61,700,2021-05-24 15:42:00,MTSL
2.6,2.6,2.6,2.6,1090,2021-05-24 15:46:00,MTSL
2.63,2.63,2.63,2.63,20000,2021-05-24 15:51:00,MTSL
2.63,2.63,2.63,2.63,800,2021-05-24 15:52:00,MTSL
2.6399,2.6399,2.6398,2.6399,2200,2021-05-24 16:00:00,MTSL
2.64,2.64,2.64,2.64,527,2021-05-24 16:01:00,MTSL
2.62,2.62,2.62,2.62,200,2021-05-24 16:05:00,MTSL
2.6101,2.6101,2.6005,2.6005,1800,2021-05-24 16:08:00,MTSL
2.6099,2.61,2.6094,2.6099,3300,2021-05-24 16:10:00,MTSL
2.6,2.6,2.6,2.6,4975,2021-05-24 16:12:00,MTSL
2.6005,2.6005,2.6005,2.6005,1000,2021-05-24 16:13:00,MTSL
2.58,2.58,2.58,2.58,100,2021-05-24 16:14:00,MTSL
2.595,2.6099,2.595,2.6099,2000,2021-05-24 16:18:00,MTSL
2.64,2.64,2.62,2.62,3500,2021-05-24 16:21:00,MTSL
2.64,2.65,2.64,2.65,3453,2021-05-24 16:22:00,MTSL
2.6397,2.6397,2.6282,2.6282,400,2021-05-24 16:24:00,MTSL
2.65,2.65,2.65,2.65,3000,2021-05-24 16:25:00,MTSL
2.6,2.62,2.6,2.6003,1481,2021-05-24 16:26:00,MTSL
2.65,2.65,2.6,2.61,1622,2021-05-24 16:27:00,MTSL
2.61,2.61,2.61,2.61,200,2021-05-24 16:29:00,MTSL
2.64,2.64,2.64,2.64,1700,2021-05-24 16:36:00,MTSL
2.619,2.619,2.619,2.619,1000,2021-05-24 16:42:00,MTSL
2.6,2.61,2.6,2.6,3829,2021-05-24 16:46:00,MTSL
2.6,2.6,2.6,2.6,300,2021-05-24 16:47:00,MTSL
2.637,2.637,2.634,2.634,300,2021-05-24 16:50:00,MTSL
2.6101,2.6103,2.6101,2.6103,2000,2021-05-24 16:52:00,MTSL
2.6114,2.6114,2.6114,2.6114,100,2021-05-24 17:19:00,MTSL
2.61,2.6101,2.61,2.6101,300,2021-05-24 17:21:00,MTSL
2.62,2.6201,2.58,2.58,5355,2021-05-24 17:27:00,MTSL
2.5901,2.5901,2.5901,2.5901,5000,2021-05-24 17:29:00,MTSL
2.62,2.62,2.6105,2.6105,1100,2021-05-24 17:50:00,MTSL
2.6094,2.6105,2.605,2.6094,600,2021-05-24 17:51:00,MTSL
2.62,2.65,2.62,2.62,900,2021-05-24 18:30:00,MTSL
2.62,2.62,2.62,2.62,400,2021-05-24 18:31:00,MTSL
2.62,2.62,2.62,2.62,100,2021-05-24 18:34:00,MTSL
2.62,2.62,2.62,2.62,200,2021-05-24 18:40:00,MTSL
2.62,2.62,2.62,2.62,300,2021-05-24 18:41:00,MTSL
2.63,2.63,2.63,2.63,500,2021-05-24 18:43:00,MTSL
2.6048,2.6048,2.6048,2.6048,100,2021-05-24 18:59:00,MTSL
2.6045,2.6045,2.6045,2.6045,2000,2021-05-24 19:15:00,MTSL
2.6,2.6,2.6,2.6,100,2021-05-24 19:22:00,MTSL
2.59,2.59,2.59,2.59,1200,2021-05-24 19:26:00,MTSL
2.59,2.59,2.59,2.59,600,2021-05-24 19:27:00,MTSL
2.59,2.59,2.59,2.59,100,2021-05-24 19:29:00,MTSL
2.58,2.58,2.58,2.58,585,2021-05-24 19:33:00,MTSL
2.6199,2.6199,2.6199,2.6199,500,2021-05-24 19:41:00,MTSL
2.5731,2.5731,2.5731,2.5731,1000,2021-05-24 19:42:00,MTSL
2.6145,2.6145,2.6145,2.6145,100,2021-05-24 19:43:00,MTSL
2.62,2.62,2.62,2.62,400,2021-05-24 19:44:00,MTSL
2.6,2.61,2.6,2.6,600,2021-05-24 19:49:00,MTSL
2.62,2.62,2.62,2.62,240,2021-05-24 19:52:00,MTSL
2.62,2.62,2.62,2.62,500,2021-05-24 19:54:00,MTSL
2.6,2.6,2.6,2.6,511,2021-05-24 19:55:00,MTSL
2.61,2.62,2.61,2.62,612,2021-05-24 19:59:00,MTSL
2.55,2.55,2.55,2.55,350,2021-05-24 22:35:00,MTSL
2.55,2.55,2.55,2.55,500,2021-05-24 23:05:00,MTSL
2.468,2.468,2.468,2.468,100,2021-05-25 12:18:00,MTSL
2.7,2.7,2.7,2.7,100,2021-05-25 12:46:00,MTSL
2.59,2.59,2.59,2.59,1210,2021-05-25 13:30:00,MTSL
2.56,2.56,2.55,2.55,703,2021-05-25 13:31:00,MTSL
2.55,2.55,2.55,2.55,455,2021-05-25 13:32:00,MTSL
2.5501,2.56,2.5501,2.56,531,2021-05-25 13:35:00,MTSL
2.5645,2.5645,2.5645,2.5645,144,2021-05-25 13:37:00,MTSL
2.56,2.56,2.56,2.56,500,2021-05-25 13:39:00,MTSL
2.5614,2.5614,2.5614,2.5614,1000,2021-05-25 13:41:00,MTSL
2.6,2.6,2.6,2.6,499,2021-05-25 13:44:00,MTSL
2.58,2.58,2.58,2.58,200,2021-05-25 13:45:00,MTSL
2.59,2.59,2.59,2.59,200,2021-05-25 13:47:00,MTSL
2.58,2.58,2.58,2.58,185,2021-05-25 13:50:00,MTSL
2.58,2.58,2.58,2.58,200,2021-05-25 13:51:00,MTSL
2.57,2.57,2.57,2.57,300,2021-05-25 13:53:00,MTSL
2.565,2.565,2.565,2.565,1000,2021-05-25 13:54:00,MTSL
2.58,2.58,2.58,2.58,2460,2021-05-25 13:55:00,MTSL
2.58,2.58,2.58,2.58,220,2021-05-25 13:56:00,MTSL
2.56,2.56,2.56,2.56,100,2021-05-25 13:59:00,MTSL
2.55,2.5501,2.52,2.52,9392,2021-05-25 14:02:00,MTSL
2.5499,2.5499,2.5499,2.5499,2500,2021-05-25 14:08:00,MTSL
2.55,2.55,2.55,2.55,901,2021-05-25 14:33:00,MTSL
2.57,2.57,2.57,2.57,250,2021-05-25 14:39:00,MTSL
2.57,2.57,2.57,2.57,100,2021-05-25 14:46:00,MTSL
2.52,2.52,2.52,2.52,436,2021-05-25 14:58:00,MTSL
2.528,2.53,2.52,2.52,6805,2021-05-25 15:00:00,MTSL
2.57,2.57,2.57,2.57,383,2021-05-25 15:02:00,MTSL
2.5275,2.5275,2.5275,2.5275,300,2021-05-25 15:23:00,MTSL
2.6,2.6,2.6,2.6,500,2021-05-25 15:55:00,MTSL
2.53,2.53,2.53,2.53,600,2021-05-25 16:32:00,MTSL
2.54,2.54,2.54,2.54,995,2021-05-25 16:34:00,MTSL
2.5349,2.5349,2.5349,2.5349,100,2021-05-25 16:46:00,MTSL
2.5101,2.5101,2.5101,2.5101,623,2021-05-25 17:40:00,MTSL
2.53,2.53,2.46,2.46,31174,2021-05-25 17:42:00,MTSL
2.463,2.463,2.43,2.43,36958,2021-05-25 17:43:00,MTSL
2.54,2.54,2.53,2.54,300,2021-05-25 17:45:00,MTSL
2.54,2.54,2.54,2.54,100,2021-05-25 17:46:00,MTSL
2.54,2.55,2.54,2.55,200,2021-05-25 17:49:00,MTSL
2.49,2.49,2.461,2.461,626,2021-05-25 17:53:00,MTSL
2.5,2.5,2.48,2.5,1400,2021-05-25 17:55:00,MTSL
2.49,2.49,2.49,2.49,100,2021-05-25 18:01:00,MTSL
2.49,2.49,2.49,2.49,100,2021-05-25 18:02:00,MTSL
2.5,2.5,2.5,2.5,200,2021-05-25 18:04:00,MTSL
2.5,2.5,2.5,2.5,100,2021-05-25 18:06:00,MTSL
2.53,2.54,2.53,2.54,500,2021-05-25 18:09:00,MTSL
2.54,2.54,2.54,2.54,600,2021-05-25 18:17:00,MTSL
2.54,2.55,2.54,2.55,700,2021-05-25 18:27:00,MTSL
2.54,2.55,2.54,2.55,700,2021-05-25 18:34:00,MTSL
2.55,2.55,2.53,2.54,3125,2021-05-25 18:38:00,MTSL
2.5265,2.53,2.5174,2.53,2255,2021-05-25 18:39:00,MTSL
2.53,2.53,2.53,2.53,300,2021-05-25 18:45:00,MTSL
2.4801,2.4801,2.4801,2.4801,2000,2021-05-25 18:46:00,MTSL
2.51,2.51,2.51,2.51,100,2021-05-25 18:47:00,MTSL
2.51,2.51,2.5,2.5,1575,2021-05-25 18:48:00,MTSL
2.51,2.51,2.51,2.51,400,2021-05-25 18:49:00,MTSL
2.51,2.51,2.49,2.49,500,2021-05-25 18:50:00,MTSL
2.51,2.51,2.51,2.51,1000,2021-05-25 18:54:00,MTSL
2.51,2.51,2.51,2.51,1000,2021-05-25 19:01:00,MTSL
2.4834,2.4834,2.4834,2.4834,638,2021-05-25 19:02:00,MTSL
2.53,2.54,2.53,2.54,10054,2021-05-25 19:07:00,MTSL
2.56,2.56,2.52,2.5294,6000,2021-05-25 19:08:00,MTSL
2.55,2.55,2.55,2.55,1000,2021-05-25 19:10:00,MTSL
2.56,2.56,2.56,2.56,500,2021-05-25 19:16:00,MTSL
2.56,2.56,2.56,2.56,200,2021-05-25 19:19:00,MTSL
2.56,2.56,2.56,2.56,400,2021-05-25 19:20:00,MTSL
2.56,2.56,2.56,2.56,500,2021-05-25 19:21:00,MTSL
2.5599,2.5599,2.5599,2.5599,200,2021-05-25 19:22:00,MTSL
2.56,2.56,2.56,2.56,200,2021-05-25 19:24:00,MTSL
2.56,2.56,2.56,2.56,2386,2021-05-25 19:25:00,MTSL
2.56,2.56,2.56,2.56,105,2021-05-25 19:30:00,MTSL
2.56,2.56,2.56,2.56,400,2021-05-25 19:33:00,MTSL
2.49,2.57,2.49,2.535,6100,2021-05-25 19:34:00,MTSL
2.54,2.54,2.54,2.54,400,2021-05-25 19:44:00,MTSL
2.53,2.53,2.53,2.53,100,2021-05-25 19:46:00,MTSL
2.54,2.54,2.54,2.54,100,2021-05-25 19:47:00,MTSL
2.54,2.54,2.54,2.54,500,2021-05-25 19:48:00,MTSL
2.54,2.54,2.54,2.54,300,2021-05-25 19:51:00,MTSL
2.54,2.54,2.49,2.49,1796,2021-05-25 19:52:00,MTSL
2.54,2.54,2.54,2.54,300,2021-05-25 19:54:00,MTSL
2.54,2.54,2.54,2.54,400,2021-05-25 19:55:00,MTSL
2.54,2.54,2.54,2.54,500,2021-05-25 19:56:00,MTSL
2.54,2.54,2.54,2.54,100,2021-05-25 19:57:00,MTSL
2.53,2.54,2.53,2.53,612,2021-05-25 19:58:00,MTSL
2.54,2.54,2.53,2.54,2671,2021-05-25 19:59:00,MTSL
2.51,2.51,2.51,2.51,613,2021-05-25 20:00:00,MTSL
2.43,2.43,2.43,2.43,182,2021-05-25 22:48:00,MTSL
2.48,2.48,2.48,2.48,480,2021-05-25 23:03:00,MTSL
2.51,2.51,2.51,2.51,246,2021-05-25 23:30:00,MTSL
2.44,2.44,2.44,2.44,110,2021-05-26 09:07:00,MTSL
2.46,2.46,2.46,2.46,815,2021-05-26 12:11:00,MTSL
2.46,2.46,2.46,2.46,200,2021-05-26 12:52:00,MTSL
2.4601,2.4601,2.46,2.46,506,2021-05-26 13:17:00,MTSL
2.46,2.4799,2.46,2.4799,1156,2021-05-26 13:30:00,MTSL
2.4501,2.48,2.4501,2.4701,2960,2021-05-26 13:32:00,MTSL
2.47,2.47,2.4,2.4105,12826,2021-05-26 13:33:00,MTSL
2.41,2.42,2.41,2.4101,2500,2021-05-26 13:34:00,MTSL
2.47,2.47,2.47,2.47,100,2021-05-26 13:35:00,MTSL
2.45,2.475,2.45,2.475,722,2021-05-26 13:44:00,MTSL
2.48,2.48,2.48,2.48,450,2021-05-26 13:48:00,MTSL
2.48,2.48,2.48,2.48,100,2021-05-26 13:55:00,MTSL
2.4723,2.4723,2.4723,2.4723,100,2021-05-26 13:56:00,MTSL
2.4201,2.4201,2.4201,2.4201,500,2021-05-26 13:58:00,MTSL
2.43,2.4537,2.43,2.4537,200,2021-05-26 14:06:00,MTSL
2.45,2.45,2.45,2.45,500,2021-05-26 14:12:00,MTSL
2.445,2.445,2.445,2.445,100,2021-05-26 14:28:00,MTSL
2.46,2.46,2.46,2.46,400,2021-05-26 14:34:00,MTSL
2.4601,2.4601,2.4601,2.4601,500,2021-05-26 14:39:00,MTSL
2.48,2.48,2.48,2.48,200,2021-05-26 14:45:00,MTSL
2.5,2.5,2.5,2.5,100,2021-05-26 15:20:00,MTSL
2.48,2.48,2.48,2.48,1846,2021-05-26 15:22:00,MTSL
2.47,2.47,2.47,2.47,500,2021-05-26 15:36:00,MTSL
2.47,2.47,2.45,2.45,9039,2021-05-26 15:42:00,MTSL
2.46,2.46,2.46,2.46,500,2021-05-26 15:53:00,MTSL
2.48,2.48,2.48,2.48,1000,2021-05-26 15:55:00,MTSL
2.44,2.44,2.44,2.44,200,2021-05-26 15:56:00,MTSL
2.48,2.48,2.48,2.48,100,2021-05-26 16:09:00,MTSL
2.45,2.45,2.45,2.45,500,2021-05-26 16:13:00,MTSL
2.4501,2.4501,2.45,2.4501,1076,2021-05-26 16:22:00,MTSL
2.44,2.44,2.44,2.44,500,2021-05-26 16:28:00,MTSL
2.45,2.45,2.45,2.45,100,2021-05-26 16:29:00,MTSL
2.4482,2.4482,2.4482,2.4482,1000,2021-05-26 16:40:00,MTSL
2.44,2.44,2.44,2.44,100,2021-05-26 16:45:00,MTSL
2.42,2.42,2.42,2.42,700,2021-05-26 16:52:00,MTSL
2.4133,2.4133,2.4133,2.4133,2000,2021-05-26 16:54:00,MTSL
2.4386,2.4386,2.4386,2.4386,100,2021-05-26 16:56:00,MTSL
2.42,2.42,2.42,2.42,2774,2021-05-26 17:06:00,MTSL
2.415,2.415,2.415,2.415,2000,2021-05-26 17:17:00,MTSL
2.42,2.42,2.415,2.42,1800,2021-05-26 17:20:00,MTSL
2.41,2.41,2.41,2.41,100,2021-05-26 17:21:00,MTSL
2.42,2.42,2.42,2.42,1199,2021-05-26 17:24:00,MTSL
2.4194,2.42,2.4101,2.4101,8362,2021-05-26 17:25:00,MTSL
2.4186,2.4186,2.4186,2.4186,100,2021-05-26 17:27:00,MTSL
2.41,2.41,2.41,2.41,194,2021-05-26 17:29:00,MTSL
2.41,2.4101,2.41,2.4101,2196,2021-05-26 17:30:00,MTSL
2.4,2.4,2.4,2.4,100,2021-05-26 17:31:00,MTSL
2.4,2.4,2.395,2.4,3093,2021-05-26 17:32:00,MTSL
2.39,2.39,2.39,2.39,700,2021-05-26 17:33:00,MTSL
2.4,2.4,2.4,2.4,100,2021-05-26 17:46:00,MTSL
2.41,2.41,2.41,2.41,100,2021-05-26 17:47:00,MTSL
2.4099,2.41,2.404,2.41,550,2021-05-26 17:50:00,MTSL
2.42,2.42,2.42,2.42,250,2021-05-26 17:51:00,MTSL
2.41,2.41,2.41,2.41,500,2021-05-26 17:54:00,MTSL
2.4299,2.4299,2.4299,2.4299,2500,2021-05-26 18:01:00,MTSL
2.3901,2.3901,2.3901,2.3901,2000,2021-05-26 18:14:00,MTSL
2.4,2.4,2.4,2.4,400,2021-05-26 18:22:00,MTSL
2.4199,2.4199,2.41,2.41,2600,2021-05-26 18:40:00,MTSL
2.41,2.41,2.41,2.41,1000,2021-05-26 18:41:00,MTSL
2.41,2.42,2.41,2.42,400,2021-05-26 18:46:00,MTSL
2.4299,2.4299,2.4299,2.4299,1000,2021-05-26 19:02:00,MTSL
2.4299,2.4299,2.4299,2.4299,800,2021-05-26 19:07:00,MTSL
2.43,2.44,2.43,2.44,6299,2021-05-26 19:17:00,MTSL
2.4499,2.4499,2.4499,2.4499,2000,2021-05-26 19:18:00,MTSL
2.45,2.45,2.45,2.45,1800,2021-05-26 19:19:00,MTSL
2.47,2.4799,2.47,2.4799,2000,2021-05-26 19:20:00,MTSL
2.48,2.48,2.48,2.48,123,2021-05-26 19:21:00,MTSL
2.48,2.48,2.48,2.48,400,2021-05-26 19:23:00,MTSL
2.4701,2.4701,2.4701,2.4701,2000,2021-05-26 19:24:00,MTSL
2.4601,2.4601,2.4601,2.4601,1000,2021-05-26 19:26:00,MTSL
2.47,2.47,2.47,2.47,100,2021-05-26 19:29:00,MTSL
2.47,2.47,2.47,2.47,101,2021-05-26 19:32:00,MTSL
2.47,2.47,2.47,2.47,500,2021-05-26 19:33:00,MTSL
2.47,2.47,2.46,2.46,652,2021-05-26 19:37:00,MTSL
2.47,2.4703,2.47,2.4701,1350,2021-05-26 19:51:00,MTSL
2.4701,2.4701,2.4701,2.4701,521,2021-05-26 19:55:00,MTSL
2.4711,2.4711,2.4711,2.4711,801,2021-05-26 19:57:00,MTSL
2.48,2.48,2.48,2.48,2145,2021-05-26 19:58:00,MTSL
2.47,2.4708,2.47,2.47,1533,2021-05-26 19:59:00,MTSL
2.41,2.41,2.41,2.41,250,2021-05-26 20:21:00,MTSL
2.42,2.42,2.42,2.42,140,2021-05-26 21:04:00,MTSL
2.5,2.5,2.49,2.5,2918,2021-05-27 12:52:00,MTSL
2.53,2.54,2.53,2.54,405,2021-05-27 12:55:00,MTSL
2.51,2.51,2.51,2.51,2000,2021-05-27 12:58:00,MTSL
2.54,2.55,2.54,2.55,2067,2021-05-27 12:59:00,MTSL
2.56,2.56,2.56,2.56,200,2021-05-27 13:08:00,MTSL
2.56,2.56,2.56,2.56,400,2021-05-27 13:18:00,MTSL
2.56,2.56,2.56,2.56,200,2021-05-27 13:19:00,MTSL
2.56,2.56,2.56,2.56,5150,2021-05-27 13:20:00,MTSL
2.56,2.56,2.56,2.56,2500,2021-05-27 13:23:00,MTSL
2.57,2.57,2.57,2.57,100,2021-05-27 13:30:00,MTSL
2.5973,2.5995,2.5928,2.5973,1000,2021-05-27 13:31:00,MTSL
2.58,2.58,2.56,2.56,4623,2021-05-27 13:37:00,MTSL
2.56,2.56,2.56,2.56,200,2021-05-27 13:42:00,MTSL
2.584,2.584,2.584,2.584,100,2021-05-27 13:48:00,MTSL
2.6,2.6,2.6,2.6,250,2021-05-27 13:53:00,MTSL
2.5303,2.5303,2.5303,2.5303,991,2021-05-27 14:07:00,MTSL
2.565,2.565,2.565,2.565,100,2021-05-27 14:08:00,MTSL
2.59,2.59,2.59,2.59,1000,2021-05-27 14:10:00,MTSL
2.59,2.59,2.59,2.59,200,2021-05-27 14:13:00,MTSL
2.58,2.59,2.58,2.59,577,2021-05-27 14:17:00,MTSL
2.5148,2.54,2.5148,2.54,1250,2021-05-27 15:02:00,MTSL
2.54,2.54,2.54,2.54,100,2021-05-27 15:10:00,MTSL
2.57,2.57,2.57,2.57,100,2021-05-27 15:30:00,MTSL
2.55,2.55,2.55,2.55,100,2021-05-27 15:49:00,MTSL
2.55,2.55,2.55,2.55,200,2021-05-27 15:55:00,MTSL
2.53,2.53,2.53,2.53,559,2021-05-27 16:14:00,MTSL
2.54,2.54,2.54,2.54,100,2021-05-27 16:42:00,MTSL
2.54,2.54,2.54,2.54,499,2021-05-27 16:45:00,MTSL
2.57,2.57,2.57,2.57,3000,2021-05-27 17:08:00,MTSL
2.56,2.56,2.56,2.56,100,2021-05-27 17:44:00,MTSL
2.52,2.5227,2.52,2.5227,300,2021-05-27 17:45:00,MTSL
2.54,2.54,2.54,2.54,700,2021-05-27 17:55:00,MTSL
2.541,2.541,2.541,2.541,100,2021-05-27 17:56:00,MTSL
2.57,2.57,2.57,2.57,1800,2021-05-27 18:01:00,MTSL
2.585,2.59,2.57,2.57,2493,2021-05-27 18:08:00,MTSL
2.59,2.6,2.59,2.59,2149,2021-05-27 18:10:00,MTSL
2.59,2.59,2.59,2.59,100,2021-05-27 18:25:00,MTSL
2.57,2.57,2.57,2.57,300,2021-05-27 18:31:00,MTSL
2.6,2.6,2.6,2.6,100,2021-05-27 18:34:00,MTSL
2.65,2.65,2.65,2.65,100,2021-05-27 18:37:00,MTSL
2.64,2.64,2.64,2.64,100,2021-05-27 18:40:00,MTSL
2.64,2.64,2.6,2.6,200,2021-05-27 18:43:00,MTSL
2.594,2.62,2.594,2.62,300,2021-05-27 18:46:00,MTSL
2.62,2.62,2.62,2.62,100,2021-05-27 18:49:00,MTSL
2.64,2.64,2.64,2.64,100,2021-05-27 18:51:00,MTSL
2.62,2.62,2.62,2.62,100,2021-05-27 18:52:00,MTSL
2.6,2.6,2.6,2.6,700,2021-05-27 18:54:00,MTSL
2.6,2.6,2.6,2.6,400,2021-05-27 18:57:00,MTSL
2.607,2.607,2.607,2.607,418,2021-05-27 19:01:00,MTSL
2.6009,2.6009,2.6009,2.6009,270,2021-05-27 19:02:00,MTSL
2.62,2.62,2.62,2.62,1000,2021-05-27 19:03:00,MTSL
2.6,2.6,2.6,2.6,600,2021-05-27 19:04:00,MTSL
2.61,2.61,2.61,2.61,100,2021-05-27 19:10:00,MTSL
2.61,2.61,2.61,2.61,100,2021-05-27 19:13:00,MTSL
2.62,2.62,2.62,2.62,100,2021-05-27 19:16:00,MTSL
2.62,2.62,2.62,2.62,100,2021-05-27 19:19:00,MTSL
2.6,2.6,2.6,2.6,300,2021-05-27 19:20:00,MTSL
2.613,2.613,2.613,2.613,100,2021-05-27 19:25:00,MTSL
2.62,2.62,2.62,2.62,100,2021-05-27 19:26:00,MTSL
2.62,2.62,2.62,2.62,100,2021-05-27 19:29:00,MTSL
2.62,2.62,2.62,2.62,100,2021-05-27 19:30:00,MTSL
2.62,2.62,2.62,2.62,100,2021-05-27 19:32:00,MTSL
2.6,2.6,2.6,2.6,100,2021-05-27 19:34:00,MTSL
2.62,2.62,2.53,2.53,2224,2021-05-27 19:35:00,MTSL
2.57,2.57,2.57,2.57,100,2021-05-27 19:38:00,MTSL
2.6,2.6,2.6,2.6,100,2021-05-27 19:41:00,MTSL
2.6,2.6,2.6,2.6,100,2021-05-27 19:44:00,MTSL
2.6,2.6,2.6,2.6,100,2021-05-27 19:47:00,MTSL
2.6,2.6,2.6,2.6,100,2021-05-27 19:50:00,MTSL
2.6,2.6,2.6,2.6,100,2021-05-27 19:51:00,MTSL
2.6,2.6,2.6,2.6,100,2021-05-27 19:56:00,MTSL
2.59,2.59,2.55,2.55,878,2021-05-27 19:59:00,MTSL
2.6,2.6,2.6,2.6,2828,2021-05-27 23:16:00,MTSL
2.6,2.6,2.6,2.6,230,2021-05-27 23:28:00,MTSL
2.6,2.6,2.6,2.6,250,2021-05-27 23:54:00,MTSL
2.62,2.62,2.62,2.62,406,2021-05-28 11:11:00,MTSL
2.66,2.66,2.66,2.66,100,2021-05-28 11:15:00,MTSL
2.67,2.67,2.67,2.67,1000,2021-05-28 11:17:00,MTSL
2.6,2.62,2.6,2.62,2701,2021-05-28 13:30:00,MTSL
2.6074,2.6074,2.6074,2.6074,1000,2021-05-28 13:32:00,MTSL
2.53,2.53,2.53,2.53,200,2021-05-28 13:57:00,MTSL
2.58,2.61,2.54,2.61,2250,2021-05-28 14:11:00,MTSL
2.55,2.55,2.55,2.55,100,2021-05-28 14:19:00,MTSL
2.59,2.59,2.59,2.59,999,2021-05-28 14:30:00,MTSL
2.52,2.53,2.51,2.51,2700,2021-05-28 14:32:00,MTSL
2.57,2.57,2.57,2.57,100,2021-05-28 14:40:00,MTSL
2.5737,2.5737,2.5737,2.5737,250,2021-05-28 14:44:00,MTSL
2.56,2.57,2.51,2.51,2780,2021-05-28 15:05:00,MTSL
2.53,2.53,2.5165,2.5165,1000,2021-05-28 15:48:00,MTSL
2.5499,2.5499,2.5499,2.5499,150,2021-05-28 15:56:00,MTSL
2.51,2.51,2.46,2.48,4322,2021-05-28 16:01:00,MTSL
2.48,2.48,2.48,2.48,3180,2021-05-28 16:02:00,MTSL
2.5,2.5,2.5,2.5,600,2021-05-28 16:03:00,MTSL
2.51,2.51,2.51,2.51,200,2021-05-28 16:05:00,MTSL
2.52,2.52,2.52,2.52,100,2021-05-28 16:20:00,MTSL
2.48,2.48,2.48,2.48,400,2021-05-28 16:37:00,MTSL
2.57,2.57,2.57,2.57,100,2021-05-28 16:46:00,MTSL
2.5082,2.5082,2.5082,2.5082,150,2021-05-28 16:52:00,MTSL
2.52,2.56,2.52,2.56,2000,2021-05-28 17:01:00,MTSL
2.56,2.56,2.56,2.56,100,2021-05-28 17:02:00,MTSL
2.5799,2.5799,2.56,2.56,1500,2021-05-28 17:03:00,MTSL
2.56,2.56,2.56,2.56,300,2021-05-28 17:06:00,MTSL
2.56,2.56,2.56,2.56,200,2021-05-28 17:08:00,MTSL
2.56,2.56,2.56,2.56,100,2021-05-28 17:09:00,MTSL
2.56,2.56,2.56,2.56,100,2021-05-28 17:10:00,MTSL
2.56,2.56,2.56,2.56,300,2021-05-28 17:12:00,MTSL
2.56,2.56,2.56,2.56,100,2021-05-28 17:16:00,MTSL
2.56,2.56,2.56,2.56,100,2021-05-28 17:17:00,MTSL
2.56,2.56,2.56,2.56,100,2021-05-28 17:18:00,MTSL
2.56,2.56,2.56,2.56,300,2021-05-28 17:20:00,MTSL
2.58,2.58,2.58,2.58,100,2021-05-28 17:22:00,MTSL
2.58,2.58,2.58,2.58,100,2021-05-28 17:24:00,MTSL
2.58,2.58,2.58,2.58,100,2021-05-28 17:25:00,MTSL
2.58,2.58,2.58,2.58,100,2021-05-28 17:26:00,MTSL
2.58,2.58,2.58,2.58,100,2021-05-28 17:27:00,MTSL
2.58,2.58,2.58,2.58,100,2021-05-28 17:29:00,MTSL
2.58,2.58,2.58,2.58,300,2021-05-28 17:30:00,MTSL
2.58,2.58,2.58,2.58,100,2021-05-28 17:32:00,MTSL
2.58,2.58,2.58,2.58,100,2021-05-28 17:33:00,MTSL
2.58,2.58,2.58,2.58,100,2021-05-28 17:34:00,MTSL
2.58,2.58,2.58,2.58,100,2021-05-28 17:36:00,MTSL
2.58,2.58,2.58,2.58,300,2021-05-28 17:38:00,MTSL
2.58,2.58,2.58,2.58,300,2021-05-28 17:42:00,MTSL
2.58,2.58,2.58,2.58,200,2021-05-28 17:45:00,MTSL
2.58,2.58,2.58,2.58,300,2021-05-28 17:47:00,MTSL
2.58,2.58,2.58,2.58,100,2021-05-28 17:49:00,MTSL
2.58,2.58,2.58,2.58,100,2021-05-28 17:50:00,MTSL
2.58,2.58,2.58,2.58,300,2021-05-28 17:52:00,MTSL
2.58,2.58,2.58,2.58,300,2021-05-28 17:55:00,MTSL
2.58,2.58,2.58,2.58,300,2021-05-28 17:58:00,MTSL
2.58,2.58,2.58,2.58,100,2021-05-28 18:00:00,MTSL
2.58,2.58,2.58,2.58,699,2021-05-28 18:01:00,MTSL
2.58,2.58,2.58,2.58,200,2021-05-28 18:02:00,MTSL
2.58,2.58,2.58,2.58,100,2021-05-28 18:04:00,MTSL
2.58,2.58,2.58,2.58,205,2021-05-28 18:07:00,MTSL
2.58,2.58,2.58,2.58,100,2021-05-28 18:10:00,MTSL
2.58,2.58,2.58,2.58,100,2021-05-28 18:11:00,MTSL
2.58,2.58,2.58,2.58,100,2021-05-28 18:12:00,MTSL
2.59,2.59,2.59,2.59,300,2021-05-28 18:14:00,MTSL
2.59,2.59,2.59,2.59,100,2021-05-28 18:17:00,MTSL
2.59,2.59,2.59,2.59,100,2021-05-28 18:18:00,MTSL
2.59,2.59,2.59,2.59,100,2021-05-28 18:19:00,MTSL
2.59,2.6,2.59,2.6,3000,2021-05-28 18:20:00,MTSL
2.6,2.6,2.6,2.6,350,2021-05-28 18:21:00,MTSL
2.62,2.62,2.62,2.62,300,2021-05-28 18:22:00,MTSL
2.61,2.61,2.61,2.61,100,2021-05-28 18:25:00,MTSL
2.61,2.61,2.61,2.61,200,2021-05-28 18:26:00,MTSL
2.62,2.62,2.62,2.62,100,2021-05-28 18:28:00,MTSL
2.61,2.62,2.61,2.62,400,2021-05-28 18:29:00,MTSL
2.6,2.6056,2.58,2.58,1200,2021-05-28 18:31:00,MTSL
2.57,2.57,2.57,2.57,100,2021-05-28 18:37:00,MTSL
2.57,2.59,2.57,2.59,3249,2021-05-28 19:21:00,MTSL
2.59,2.6,2.59,2.6,900,2021-05-28 19:23:00,MTSL
2.6,2.6,2.6,2.6,100,2021-05-28 19:24:00,MTSL
2.585,2.585,2.58,2.58,989,2021-05-28 19:26:00,MTSL
2.58,2.59,2.57,2.57,3800,2021-05-28 19:28:00,MTSL
2.6,2.6,2.59,2.6,1362,2021-05-28 19:38:00,MTSL
2.59,2.62,2.58,2.6,6839,2021-05-28 19:54:00,MTSL
2.6,2.6,2.6,2.6,3000,2021-05-28 19:56:00,MTSL
2.6,2.6,2.6,2.6,715,2021-05-28 19:58:00,MTSL
2.62,2.62,2.62,2.62,100,2021-05-28 19:59:00,MTSL
2.62,2.62,2.62,2.62,220,2021-05-28 20:00:00,MTSL
