open,high,low,close,volume,datetime,symbol
82.53,82.55,82.51,82.52,56483,2021-04-19 13:30:00,VCSH
82.5246,82.525,82.524,82.524,902,2021-04-19 13:31:00,VCSH
82.525,82.525,82.525,82.525,100,2021-04-19 13:32:00,VCSH
82.525,82.53,82.525,82.525,1250,2021-04-19 13:33:00,VCSH
82.525,82.527,82.52,82.525,4000,2021-04-19 13:34:00,VCSH
82.52,82.528,82.52,82.52,5521,2021-04-19 13:35:00,VCSH
82.5256,82.527,82.52,82.52,1966,2021-04-19 13:36:00,VCSH
82.525,82.5274,82.51,82.51,5842,2021-04-19 13:37:00,VCSH
82.515,82.52,82.51,82.5121,6122,2021-04-19 13:38:00,VCSH
82.511,82.515,82.51,82.51,1625,2021-04-19 13:39:00,VCSH
82.515,82.516,82.51,82.51,2451,2021-04-19 13:40:00,VCSH
82.515,82.52,82.515,82.515,18923,2021-04-19 13:41:00,VCSH
82.51,82.52,82.51,82.512,15866,2021-04-19 13:42:00,VCSH
82.52,82.52,82.51,82.515,2180,2021-04-19 13:43:00,VCSH
82.515,82.52,82.5134,82.52,2067,2021-04-19 13:44:00,VCSH
82.515,82.52,82.51,82.52,3663,2021-04-19 13:45:00,VCSH
82.52,82.52,82.515,82.52,7010,2021-04-19 13:46:00,VCSH
82.515,82.52,82.515,82.515,600,2021-04-19 13:47:00,VCSH
82.52,82.52,82.515,82.515,1080,2021-04-19 13:48:00,VCSH
82.52,82.52,82.51,82.52,3012,2021-04-19 13:49:00,VCSH
82.52,82.52,82.515,82.515,3292,2021-04-19 13:50:00,VCSH
82.515,82.52,82.51,82.51,1626,2021-04-19 13:51:00,VCSH
82.515,82.52,82.5142,82.515,5725,2021-04-19 13:52:00,VCSH
82.52,82.52,82.515,82.515,3300,2021-04-19 13:53:00,VCSH
82.52,82.52,82.515,82.515,700,2021-04-19 13:54:00,VCSH
82.52,82.52,82.515,82.52,800,2021-04-19 13:55:00,VCSH
82.52,82.52,82.515,82.519,5695,2021-04-19 13:56:00,VCSH
82.52,82.52,82.5126,82.515,800,2021-04-19 13:57:00,VCSH
82.52,82.52,82.51,82.515,14783,2021-04-19 13:58:00,VCSH
82.52,82.53,82.51,82.53,7818,2021-04-19 13:59:00,VCSH
82.53,82.53,82.525,82.53,11870,2021-04-19 14:00:00,VCSH
82.529,82.535,82.529,82.535,9410,2021-04-19 14:01:00,VCSH
82.535,82.5465,82.53,82.545,158002,2021-04-19 14:02:00,VCSH
82.5434,82.55,82.54,82.545,4136,2021-04-19 14:03:00,VCSH
82.542,82.545,82.54,82.545,35820,2021-04-19 14:04:00,VCSH
82.545,82.5495,82.54,82.546,2316,2021-04-19 14:05:00,VCSH
82.545,82.5474,82.54,82.54,36623,2021-04-19 14:06:00,VCSH
82.54,82.5489,82.54,82.545,769,2021-04-19 14:07:00,VCSH
82.545,82.55,82.54,82.545,81565,2021-04-19 14:08:00,VCSH
82.545,82.55,82.545,82.5466,144379,2021-04-19 14:09:00,VCSH
82.5499,82.55,82.542,82.5481,16176,2021-04-19 14:10:00,VCSH
82.545,82.55,82.544,82.5479,2516,2021-04-19 14:11:00,VCSH
82.545,82.55,82.5444,82.55,77075,2021-04-19 14:12:00,VCSH
82.5481,82.55,82.545,82.5499,55160,2021-04-19 14:13:00,VCSH
82.545,82.55,82.545,82.545,4232,2021-04-19 14:14:00,VCSH
82.545,82.545,82.5431,82.5431,1405,2021-04-19 14:15:00,VCSH
82.545,82.55,82.545,82.545,1729,2021-04-19 14:16:00,VCSH
82.545,82.546,82.545,82.546,1467,2021-04-19 14:17:00,VCSH
82.546,82.55,82.54,82.54,109873,2021-04-19 14:18:00,VCSH
82.5456,82.5481,82.54,82.545,8665,2021-04-19 14:19:00,VCSH
82.545,82.55,82.54,82.5474,35831,2021-04-19 14:20:00,VCSH
82.545,82.55,82.54,82.5423,9908,2021-04-19 14:21:00,VCSH
82.5499,82.55,82.54,82.54,63417,2021-04-19 14:22:00,VCSH
82.54,82.55,82.54,82.54,23086,2021-04-19 14:23:00,VCSH
82.54,82.545,82.54,82.54,2150,2021-04-19 14:24:00,VCSH
82.54,82.55,82.54,82.545,18271,2021-04-19 14:25:00,VCSH
82.5458,82.55,82.545,82.55,4122,2021-04-19 14:26:00,VCSH
82.545,82.55,82.545,82.55,110801,2021-04-19 14:27:00,VCSH
82.55,82.55,82.55,82.55,2065,2021-04-19 14:28:00,VCSH
82.55,82.55,82.55,82.55,7807,2021-04-19 14:29:00,VCSH
82.55,82.5579,82.55,82.5579,2870,2021-04-19 14:30:00,VCSH
82.555,82.56,82.55,82.55,2317,2021-04-19 14:31:00,VCSH
82.555,82.555,82.55,82.555,1831,2021-04-19 14:32:00,VCSH
82.55,82.555,82.55,82.55,3176,2021-04-19 14:33:00,VCSH
82.55,82.55,82.55,82.55,1100,2021-04-19 14:34:00,VCSH
82.55,82.56,82.55,82.55,4739,2021-04-19 14:35:00,VCSH
82.55,82.555,82.55,82.555,1800,2021-04-19 14:36:00,VCSH
82.55,82.5556,82.55,82.555,1265,2021-04-19 14:37:00,VCSH
82.55,82.5569,82.55,82.555,1191,2021-04-19 14:38:00,VCSH
82.55,82.5575,82.55,82.555,3016,2021-04-19 14:39:00,VCSH
82.555,82.5579,82.55,82.555,4268,2021-04-19 14:40:00,VCSH
82.55,82.555,82.55,82.555,1000,2021-04-19 14:41:00,VCSH
82.55,82.56,82.55,82.55,3856,2021-04-19 14:42:00,VCSH
82.555,82.56,82.55,82.55,2604,2021-04-19 14:43:00,VCSH
82.56,82.56,82.55,82.555,8106,2021-04-19 14:44:00,VCSH
82.5558,82.5599,82.55,82.555,3253,2021-04-19 14:45:00,VCSH
82.56,82.56,82.55,82.5501,7145,2021-04-19 14:46:00,VCSH
82.55,82.56,82.55,82.55,2326,2021-04-19 14:47:00,VCSH
82.55,82.56,82.55,82.55,6876,2021-04-19 14:48:00,VCSH
82.55,82.56,82.55,82.55,24736,2021-04-19 14:49:00,VCSH
82.55,82.56,82.55,82.56,2005,2021-04-19 14:50:00,VCSH
82.55,82.56,82.55,82.56,8763,2021-04-19 14:51:00,VCSH
82.55,82.56,82.55,82.56,92254,2021-04-19 14:52:00,VCSH
82.56,82.56,82.5566,82.56,1645,2021-04-19 14:53:00,VCSH
82.5574,82.56,82.55,82.5524,2607,2021-04-19 14:54:00,VCSH
82.55,82.56,82.55,82.5574,2808,2021-04-19 14:55:00,VCSH
82.55,82.56,82.55,82.5558,5581,2021-04-19 14:56:00,VCSH
82.5526,82.555,82.55,82.555,5370,2021-04-19 14:57:00,VCSH
82.55,82.56,82.55,82.555,3996,2021-04-19 14:58:00,VCSH
82.55,82.56,82.55,82.556,2697,2021-04-19 14:59:00,VCSH
82.55,82.56,82.55,82.55,1305,2021-04-19 15:00:00,VCSH
82.55,82.56,82.55,82.56,1376,2021-04-19 15:01:00,VCSH
82.55,82.56,82.55,82.5568,2572,2021-04-19 15:02:00,VCSH
82.555,82.56,82.55,82.56,2449,2021-04-19 15:03:00,VCSH
82.555,82.56,82.55,82.56,760,2021-04-19 15:04:00,VCSH
82.55,82.56,82.55,82.559,2928,2021-04-19 15:05:00,VCSH
82.55,82.56,82.55,82.56,2754,2021-04-19 15:06:00,VCSH
82.5526,82.56,82.55,82.555,1901,2021-04-19 15:07:00,VCSH
82.555,82.56,82.55,82.5599,1574,2021-04-19 15:08:00,VCSH
82.55,82.56,82.55,82.555,4970,2021-04-19 15:09:00,VCSH
82.555,82.56,82.555,82.555,700,2021-04-19 15:10:00,VCSH
82.552,82.56,82.552,82.559,6504,2021-04-19 15:11:00,VCSH
82.552,82.56,82.55,82.56,1962,2021-04-19 15:12:00,VCSH
82.555,82.56,82.555,82.5574,7339,2021-04-19 15:13:00,VCSH
82.555,82.5677,82.555,82.565,18900,2021-04-19 15:14:00,VCSH
82.565,82.565,82.565,82.565,200,2021-04-19 15:15:00,VCSH
82.565,82.57,82.565,82.57,25739,2021-04-19 15:16:00,VCSH
82.5674,82.57,82.56,82.565,1541,2021-04-19 15:17:00,VCSH
82.565,82.5682,82.56,82.5682,1768,2021-04-19 15:18:00,VCSH
82.565,82.565,82.56,82.5619,2674,2021-04-19 15:19:00,VCSH
82.565,82.57,82.5624,82.565,16080,2021-04-19 15:20:00,VCSH
82.57,82.57,82.5619,82.5659,16096,2021-04-19 15:21:00,VCSH
82.565,82.57,82.5624,82.5624,34655,2021-04-19 15:22:00,VCSH
82.57,82.57,82.56,82.56,812,2021-04-19 15:23:00,VCSH
82.5678,82.5678,82.5623,82.5623,6556,2021-04-19 15:24:00,VCSH
82.57,82.57,82.565,82.565,26036,2021-04-19 15:25:00,VCSH
82.565,82.565,82.565,82.565,2100,2021-04-19 15:26:00,VCSH
82.57,82.575,82.565,82.5732,36002,2021-04-19 15:27:00,VCSH
82.579,82.579,82.57,82.575,16500,2021-04-19 15:28:00,VCSH
82.575,82.58,82.575,82.576,18215,2021-04-19 15:29:00,VCSH
82.5721,82.58,82.5721,82.575,11123,2021-04-19 15:30:00,VCSH
82.5774,82.5774,82.575,82.5774,450,2021-04-19 15:31:00,VCSH
82.5781,82.5786,82.57,82.575,2383,2021-04-19 15:32:00,VCSH
82.575,82.58,82.575,82.575,20755,2021-04-19 15:33:00,VCSH
82.58,82.58,82.575,82.575,20300,2021-04-19 15:34:00,VCSH
82.575,82.58,82.5709,82.575,17082,2021-04-19 15:35:00,VCSH
82.5708,82.5768,82.57,82.575,2444,2021-04-19 15:36:00,VCSH
82.575,82.575,82.575,82.575,3181,2021-04-19 15:37:00,VCSH
82.5738,82.58,82.57,82.5724,127271,2021-04-19 15:38:00,VCSH
82.575,82.58,82.575,82.58,123253,2021-04-19 15:39:00,VCSH
82.58,82.585,82.58,82.58,26634,2021-04-19 15:40:00,VCSH
82.582,82.582,82.58,82.58,200,2021-04-19 15:41:00,VCSH
82.58,82.589,82.58,82.583,2970,2021-04-19 15:42:00,VCSH
82.58,82.585,82.58,82.585,8811,2021-04-19 15:43:00,VCSH
82.58,82.582,82.57,82.57,92388,2021-04-19 15:44:00,VCSH
82.57,82.58,82.57,82.57,28224,2021-04-19 15:45:00,VCSH
82.57,82.5799,82.57,82.57,3018,2021-04-19 15:46:00,VCSH
82.5781,82.5799,82.57,82.575,2220,2021-04-19 15:47:00,VCSH
82.575,82.575,82.5726,82.5744,766,2021-04-19 15:48:00,VCSH
82.577,82.5774,82.5701,82.5774,983,2021-04-19 15:49:00,VCSH
82.575,82.575,82.5723,82.5723,524,2021-04-19 15:50:00,VCSH
82.575,82.5759,82.575,82.575,955,2021-04-19 15:51:00,VCSH
82.575,82.575,82.5723,82.5723,515,2021-04-19 15:52:00,VCSH
82.58,82.58,82.575,82.575,2185,2021-04-19 15:53:00,VCSH
82.575,82.575,82.57,82.575,1182,2021-04-19 15:54:00,VCSH
82.575,82.575,82.575,82.575,281,2021-04-19 15:55:00,VCSH
82.57,82.5799,82.57,82.575,1063,2021-04-19 15:56:00,VCSH
82.575,82.58,82.57,82.5774,11945,2021-04-19 15:57:00,VCSH
82.575,82.575,82.575,82.575,300,2021-04-19 15:58:00,VCSH
82.5775,82.5781,82.57,82.575,12766,2021-04-19 15:59:00,VCSH
82.575,82.575,82.575,82.575,955,2021-04-19 16:00:00,VCSH
82.57,82.5779,82.57,82.575,1520,2021-04-19 16:01:00,VCSH
82.571,82.576,82.57,82.575,2052,2021-04-19 16:02:00,VCSH
82.575,82.58,82.57,82.575,57198,2021-04-19 16:03:00,VCSH
82.575,82.575,82.575,82.575,8288,2021-04-19 16:04:00,VCSH
82.575,82.575,82.575,82.575,200,2021-04-19 16:05:00,VCSH
82.5774,82.5774,82.575,82.575,5192,2021-04-19 16:06:00,VCSH
82.5734,82.575,82.57,82.573,11755,2021-04-19 16:07:00,VCSH
82.575,82.5777,82.575,82.5777,2118,2021-04-19 16:08:00,VCSH
82.5726,82.575,82.5726,82.575,1238,2021-04-19 16:09:00,VCSH
82.575,82.575,82.5741,82.575,2548,2021-04-19 16:10:00,VCSH
82.5726,82.5799,82.5717,82.575,3915,2021-04-19 16:11:00,VCSH
82.575,82.5779,82.575,82.5779,1306,2021-04-19 16:12:00,VCSH
82.575,82.5781,82.57,82.5759,6259,2021-04-19 16:13:00,VCSH
82.575,82.5799,82.573,82.575,1590,2021-04-19 16:14:00,VCSH
82.57,82.575,82.57,82.5744,403,2021-04-19 16:15:00,VCSH
82.575,82.5781,82.575,82.5781,500,2021-04-19 16:16:00,VCSH
82.576,82.577,82.57,82.577,3638,2021-04-19 16:17:00,VCSH
82.575,82.575,82.57,82.575,7081,2021-04-19 16:18:00,VCSH
82.57,82.578,82.57,82.575,2318,2021-04-19 16:19:00,VCSH
82.575,82.58,82.57,82.58,2196,2021-04-19 16:20:00,VCSH
82.58,82.58,82.575,82.5799,41834,2021-04-19 16:21:00,VCSH
82.58,82.58,82.57,82.575,3335,2021-04-19 16:22:00,VCSH
82.5776,82.5776,82.57,82.575,7989,2021-04-19 16:23:00,VCSH
82.575,82.5781,82.574,82.574,1712,2021-04-19 16:24:00,VCSH
82.57,82.575,82.57,82.5736,43997,2021-04-19 16:25:00,VCSH
82.57,82.575,82.57,82.57,59392,2021-04-19 16:26:00,VCSH
82.575,82.5776,82.57,82.5774,772,2021-04-19 16:27:00,VCSH
82.57,82.5781,82.57,82.575,1909,2021-04-19 16:28:00,VCSH
82.576,82.5766,82.57,82.5731,3191,2021-04-19 16:29:00,VCSH
82.57,82.57,82.57,82.57,400,2021-04-19 16:30:00,VCSH
82.5726,82.575,82.57,82.57,1404,2021-04-19 16:31:00,VCSH
82.57,82.575,82.57,82.575,1555,2021-04-19 16:32:00,VCSH
82.575,82.5756,82.57,82.57,6032,2021-04-19 16:33:00,VCSH
82.575,82.575,82.575,82.575,810,2021-04-19 16:34:00,VCSH
82.572,82.5777,82.57,82.57,2900,2021-04-19 16:35:00,VCSH
82.575,82.5781,82.575,82.575,4684,2021-04-19 16:36:00,VCSH
82.5776,82.5776,82.57,82.57,863,2021-04-19 16:37:00,VCSH
82.575,82.5774,82.575,82.5774,421,2021-04-19 16:38:00,VCSH
82.57,82.5779,82.57,82.575,1520,2021-04-19 16:39:00,VCSH
82.575,82.575,82.575,82.575,800,2021-04-19 16:40:00,VCSH
82.57,82.5799,82.57,82.575,1681,2021-04-19 16:41:00,VCSH
82.5779,82.578,82.5724,82.5724,3395,2021-04-19 16:42:00,VCSH
82.57,82.575,82.57,82.5742,849,2021-04-19 16:43:00,VCSH
82.5726,82.5774,82.57,82.57,5649,2021-04-19 16:44:00,VCSH
82.575,82.575,82.5722,82.575,3717,2021-04-19 16:45:00,VCSH
82.575,82.5779,82.57,82.5758,1387,2021-04-19 16:46:00,VCSH
82.5786,82.5786,82.57,82.575,2411,2021-04-19 16:47:00,VCSH
82.575,82.575,82.57,82.57,1200,2021-04-19 16:48:00,VCSH
82.5774,82.5774,82.575,82.575,896,2021-04-19 16:49:00,VCSH
82.57,82.575,82.57,82.575,463,2021-04-19 16:50:00,VCSH
82.575,82.5778,82.575,82.5778,879,2021-04-19 16:51:00,VCSH
82.575,82.575,82.575,82.575,300,2021-04-19 16:52:00,VCSH
82.575,82.575,82.575,82.575,200,2021-04-19 16:53:00,VCSH
82.57,82.575,82.57,82.571,570,2021-04-19 16:54:00,VCSH
82.575,82.575,82.575,82.575,200,2021-04-19 16:55:00,VCSH
82.5758,82.5758,82.575,82.575,939,2021-04-19 16:56:00,VCSH
82.5705,82.58,82.5701,82.5781,5888,2021-04-19 16:57:00,VCSH
82.5774,82.58,82.57,82.575,3509,2021-04-19 16:58:00,VCSH
82.578,82.5799,82.57,82.5721,3013,2021-04-19 16:59:00,VCSH
82.575,82.58,82.575,82.575,421,2021-04-19 17:00:00,VCSH
82.575,82.58,82.57,82.5726,3746,2021-04-19 17:01:00,VCSH
82.575,82.575,82.575,82.575,968,2021-04-19 17:02:00,VCSH
82.58,82.58,82.575,82.575,2328,2021-04-19 17:03:00,VCSH
82.5726,82.58,82.572,82.58,3422,2021-04-19 17:04:00,VCSH
82.5726,82.58,82.5707,82.5724,3791,2021-04-19 17:05:00,VCSH
82.575,82.58,82.575,82.575,7237,2021-04-19 17:06:00,VCSH
82.575,82.575,82.575,82.575,615,2021-04-19 17:07:00,VCSH
82.5756,82.58,82.575,82.5779,3253,2021-04-19 17:08:00,VCSH
82.575,82.575,82.5701,82.575,11220,2021-04-19 17:09:00,VCSH
82.575,82.579,82.575,82.575,1600,2021-04-19 17:10:00,VCSH
82.575,82.575,82.571,82.571,400,2021-04-19 17:11:00,VCSH
82.575,82.5756,82.57,82.575,7036,2021-04-19 17:12:00,VCSH
82.571,82.58,82.571,82.58,1271,2021-04-19 17:13:00,VCSH
82.575,82.5799,82.571,82.575,1085,2021-04-19 17:14:00,VCSH
82.571,82.577,82.5708,82.577,1688,2021-04-19 17:15:00,VCSH
82.575,82.575,82.571,82.575,1805,2021-04-19 17:16:00,VCSH
82.579,82.579,82.57,82.575,3407,2021-04-19 17:17:00,VCSH
82.571,82.575,82.57,82.575,7275,2021-04-19 17:18:00,VCSH
82.575,82.58,82.571,82.571,7557,2021-04-19 17:19:00,VCSH
82.575,82.5774,82.571,82.575,1315,2021-04-19 17:20:00,VCSH
82.571,82.5774,82.571,82.575,1236,2021-04-19 17:21:00,VCSH
82.575,82.576,82.573,82.573,1418,2021-04-19 17:22:00,VCSH
82.575,82.575,82.57,82.57,1420,2021-04-19 17:23:00,VCSH
82.575,82.5774,82.572,82.5774,645,2021-04-19 17:24:00,VCSH
82.575,82.5799,82.57,82.575,42978,2021-04-19 17:25:00,VCSH
82.575,82.5799,82.571,82.571,7314,2021-04-19 17:26:00,VCSH
82.571,82.579,82.571,82.575,7170,2021-04-19 17:27:00,VCSH
82.575,82.579,82.571,82.571,2259,2021-04-19 17:28:00,VCSH
82.575,82.575,82.571,82.571,615,2021-04-19 17:29:00,VCSH
82.5774,82.5774,82.571,82.571,906,2021-04-19 17:30:00,VCSH
82.575,82.5781,82.575,82.5781,320,2021-04-19 17:31:00,VCSH
82.572,82.579,82.571,82.576,7328,2021-04-19 17:32:00,VCSH
82.571,82.575,82.571,82.571,870,2021-04-19 17:33:00,VCSH
82.5774,82.5799,82.57,82.57,6005,2021-04-19 17:34:00,VCSH
82.575,82.58,82.57,82.57,1913,2021-04-19 17:35:00,VCSH
82.575,82.579,82.57,82.575,44962,2021-04-19 17:36:00,VCSH
82.5775,82.5775,82.5731,82.575,5435,2021-04-19 17:37:00,VCSH
82.5774,82.5774,82.571,82.5724,2299,2021-04-19 17:38:00,VCSH
82.575,82.575,82.57,82.575,6624,2021-04-19 17:39:00,VCSH
82.575,82.575,82.57,82.575,1100,2021-04-19 17:40:00,VCSH
82.572,82.575,82.571,82.571,2400,2021-04-19 17:41:00,VCSH
82.575,82.5765,82.57,82.575,12222,2021-04-19 17:42:00,VCSH
82.575,82.579,82.575,82.575,1538,2021-04-19 17:43:00,VCSH
82.575,82.5774,82.571,82.575,1385,2021-04-19 17:44:00,VCSH
82.571,82.5778,82.57,82.571,4587,2021-04-19 17:45:00,VCSH
82.571,82.579,82.57,82.571,1331,2021-04-19 17:46:00,VCSH
82.571,82.575,82.571,82.575,1342,2021-04-19 17:47:00,VCSH
82.575,82.575,82.57,82.575,7244,2021-04-19 17:48:00,VCSH
82.575,82.58,82.57,82.571,7041,2021-04-19 17:49:00,VCSH
82.5781,82.5781,82.571,82.575,6472,2021-04-19 17:50:00,VCSH
82.575,82.5766,82.57,82.575,1990,2021-04-19 17:51:00,VCSH
82.571,82.575,82.57,82.571,1400,2021-04-19 17:52:00,VCSH
82.57,82.575,82.57,82.575,4700,2021-04-19 17:53:00,VCSH
82.5774,82.5774,82.571,82.575,520,2021-04-19 17:54:00,VCSH
82.575,82.58,82.571,82.575,2235,2021-04-19 17:55:00,VCSH
82.575,82.5781,82.57,82.5781,8088,2021-04-19 17:56:00,VCSH
82.57,82.575,82.57,82.575,6447,2021-04-19 17:57:00,VCSH
82.571,82.5781,82.571,82.575,7698,2021-04-19 17:58:00,VCSH
82.575,82.575,82.57,82.575,400,2021-04-19 17:59:00,VCSH
82.575,82.5799,82.57,82.571,2829,2021-04-19 18:00:00,VCSH
82.575,82.5799,82.57,82.575,8842,2021-04-19 18:01:00,VCSH
82.5734,82.5799,82.571,82.5778,3522,2021-04-19 18:02:00,VCSH
82.571,82.575,82.571,82.5724,6540,2021-04-19 18:03:00,VCSH
82.5756,82.5756,82.57,82.571,733,2021-04-19 18:04:00,VCSH
82.575,82.5756,82.57,82.5737,7168,2021-04-19 18:05:00,VCSH
82.575,82.575,82.57,82.575,400,2021-04-19 18:06:00,VCSH
82.575,82.5774,82.571,82.575,7242,2021-04-19 18:07:00,VCSH
82.575,82.575,82.575,82.575,804,2021-04-19 18:08:00,VCSH
82.575,82.5776,82.575,82.575,5909,2021-04-19 18:09:00,VCSH
82.575,82.5774,82.575,82.5774,416,2021-04-19 18:10:00,VCSH
82.5781,82.5781,82.57,82.5768,16822,2021-04-19 18:11:00,VCSH
82.575,82.575,82.574,82.575,4615,2021-04-19 18:12:00,VCSH
82.5758,82.5758,82.575,82.575,1028,2021-04-19 18:13:00,VCSH
82.575,82.575,82.57,82.575,7412,2021-04-19 18:14:00,VCSH
82.575,82.5781,82.572,82.575,809,2021-04-19 18:15:00,VCSH
82.575,82.575,82.57,82.575,1151,2021-04-19 18:16:00,VCSH
82.575,82.577,82.575,82.575,1188,2021-04-19 18:17:00,VCSH
82.575,82.5779,82.57,82.575,66812,2021-04-19 18:18:00,VCSH
82.575,82.5776,82.571,82.575,2617,2021-04-19 18:19:00,VCSH
82.575,82.5781,82.57,82.575,1342,2021-04-19 18:20:00,VCSH
82.5726,82.5799,82.57,82.575,2430,2021-04-19 18:21:00,VCSH
82.575,82.575,82.575,82.575,6594,2021-04-19 18:22:00,VCSH
82.576,82.58,82.57,82.575,19568,2021-04-19 18:23:00,VCSH
82.571,82.5798,82.571,82.576,1181,2021-04-19 18:24:00,VCSH
82.5758,82.58,82.57,82.575,12283,2021-04-19 18:25:00,VCSH
82.575,82.576,82.57,82.575,1939,2021-04-19 18:26:00,VCSH
82.575,82.575,82.575,82.575,421,2021-04-19 18:27:00,VCSH
82.575,82.58,82.57,82.571,15556,2021-04-19 18:28:00,VCSH
82.57,82.58,82.57,82.575,1396,2021-04-19 18:29:00,VCSH
82.5763,82.5774,82.571,82.575,3138,2021-04-19 18:30:00,VCSH
82.571,82.575,82.57,82.575,1003,2021-04-19 18:31:00,VCSH
82.575,82.58,82.57,82.575,8790,2021-04-19 18:32:00,VCSH
82.575,82.577,82.5701,82.575,2056,2021-04-19 18:33:00,VCSH
82.5721,82.575,82.57,82.575,3871,2021-04-19 18:34:00,VCSH
82.5777,82.5777,82.57,82.575,7976,2021-04-19 18:35:00,VCSH
82.5777,82.5777,82.575,82.575,1304,2021-04-19 18:36:00,VCSH
82.57,82.575,82.57,82.575,600,2021-04-19 18:37:00,VCSH
82.5781,82.5781,82.57,82.573,9097,2021-04-19 18:38:00,VCSH
82.5774,82.5774,82.57,82.575,3299,2021-04-19 18:39:00,VCSH
82.5799,82.5799,82.575,82.575,2011,2021-04-19 18:40:00,VCSH
82.5701,82.58,82.57,82.575,13483,2021-04-19 18:41:00,VCSH
82.575,82.575,82.57,82.575,2100,2021-04-19 18:42:00,VCSH
82.575,82.575,82.575,82.575,804,2021-04-19 18:43:00,VCSH
82.575,82.58,82.57,82.575,95831,2021-04-19 18:44:00,VCSH
82.575,82.5779,82.57,82.575,6759,2021-04-19 18:45:00,VCSH
82.575,82.575,82.57,82.575,884,2021-04-19 18:46:00,VCSH
82.575,82.578,82.57,82.575,5670,2021-04-19 18:47:00,VCSH
82.575,82.575,82.57,82.57,10153,2021-04-19 18:48:00,VCSH
82.575,82.5799,82.5724,82.5724,6293,2021-04-19 18:49:00,VCSH
82.57,82.575,82.57,82.575,200,2021-04-19 18:50:00,VCSH
82.5781,82.58,82.57,82.575,3443,2021-04-19 18:51:00,VCSH
82.575,82.58,82.5744,82.575,9183,2021-04-19 18:52:00,VCSH
82.575,82.5799,82.57,82.575,2539,2021-04-19 18:53:00,VCSH
82.575,82.5781,82.57,82.5778,2303,2021-04-19 18:54:00,VCSH
82.575,82.578,82.571,82.5768,27672,2021-04-19 18:55:00,VCSH
82.5702,82.5774,82.57,82.575,7183,2021-04-19 18:56:00,VCSH
82.57,82.5781,82.57,82.5701,1724,2021-04-19 18:57:00,VCSH
82.571,82.58,82.571,82.575,1397,2021-04-19 18:58:00,VCSH
82.5766,82.5766,82.574,82.575,10220,2021-04-19 18:59:00,VCSH
82.575,82.5774,82.57,82.575,1055,2021-04-19 19:00:00,VCSH
82.575,82.575,82.575,82.575,21479,2021-04-19 19:01:00,VCSH
82.57,82.58,82.57,82.57,6536,2021-04-19 19:02:00,VCSH
82.5776,82.58,82.575,82.575,2187,2021-04-19 19:03:00,VCSH
82.575,82.5774,82.573,82.575,1860,2021-04-19 19:04:00,VCSH
82.575,82.575,82.57,82.57,1901,2021-04-19 19:05:00,VCSH
82.575,82.575,82.575,82.575,59019,2021-04-19 19:06:00,VCSH
82.5778,82.5784,82.575,82.575,9042,2021-04-19 19:07:00,VCSH
82.575,82.5779,82.575,82.5759,4576,2021-04-19 19:08:00,VCSH
82.575,82.575,82.57,82.575,1747,2021-04-19 19:09:00,VCSH
82.578,82.58,82.5726,82.58,4241,2021-04-19 19:10:00,VCSH
82.575,82.5799,82.573,82.575,3258,2021-04-19 19:11:00,VCSH
82.5726,82.58,82.5726,82.58,50732,2021-04-19 19:12:00,VCSH
82.5723,82.5774,82.5723,82.575,1789,2021-04-19 19:13:00,VCSH
82.575,82.575,82.575,82.575,7615,2021-04-19 19:14:00,VCSH
82.575,82.5789,82.575,82.575,20615,2021-04-19 19:15:00,VCSH
82.57,82.5781,82.57,82.57,32837,2021-04-19 19:16:00,VCSH
82.5768,82.5781,82.57,82.575,2846,2021-04-19 19:17:00,VCSH
82.57,82.575,82.57,82.575,1200,2021-04-19 19:18:00,VCSH
82.57,82.575,82.57,82.575,2768,2021-04-19 19:19:00,VCSH
82.575,82.576,82.57,82.57,804,2021-04-19 19:20:00,VCSH
82.575,82.5774,82.57,82.575,1250,2021-04-19 19:21:00,VCSH
82.571,82.579,82.571,82.577,6627,2021-04-19 19:22:00,VCSH
82.575,82.5799,82.57,82.571,2078,2021-04-19 19:23:00,VCSH
82.571,82.58,82.57,82.571,4302,2021-04-19 19:24:00,VCSH
82.571,82.575,82.57,82.575,1826,2021-04-19 19:25:00,VCSH
82.575,82.5775,82.57,82.574,4245,2021-04-19 19:26:00,VCSH
82.578,82.579,82.571,82.571,3802,2021-04-19 19:27:00,VCSH
82.571,82.58,82.57,82.57,6003,2021-04-19 19:28:00,VCSH
82.5799,82.5799,82.575,82.575,4857,2021-04-19 19:29:00,VCSH
82.57,82.58,82.57,82.5774,2238,2021-04-19 19:30:00,VCSH
82.571,82.58,82.57,82.57,4890,2021-04-19 19:31:00,VCSH
82.575,82.58,82.57,82.575,6559,2021-04-19 19:32:00,VCSH
82.58,82.58,82.57,82.575,6884,2021-04-19 19:33:00,VCSH
82.5799,82.58,82.57,82.57,1799,2021-04-19 19:34:00,VCSH
82.575,82.58,82.57,82.58,7793,2021-04-19 19:35:00,VCSH
82.5776,82.58,82.57,82.5781,7727,2021-04-19 19:36:00,VCSH
82.58,82.58,82.57,82.575,1745,2021-04-19 19:37:00,VCSH
82.5779,82.58,82.57,82.578,6992,2021-04-19 19:38:00,VCSH
82.575,82.58,82.575,82.575,2397,2021-04-19 19:39:00,VCSH
82.5799,82.58,82.57,82.575,7347,2021-04-19 19:40:00,VCSH
82.5763,82.58,82.575,82.575,23101,2021-04-19 19:41:00,VCSH
82.58,82.58,82.57,82.5763,6588,2021-04-19 19:42:00,VCSH
82.575,82.58,82.575,82.575,6660,2021-04-19 19:43:00,VCSH
82.575,82.58,82.5737,82.575,1549,2021-04-19 19:44:00,VCSH
82.575,82.58,82.5726,82.575,6057,2021-04-19 19:45:00,VCSH
82.5799,82.58,82.57,82.57,9868,2021-04-19 19:46:00,VCSH
82.57,82.58,82.57,82.57,5598,2021-04-19 19:47:00,VCSH
82.57,82.58,82.57,82.57,6250,2021-04-19 19:48:00,VCSH
82.57,82.58,82.57,82.57,2380,2021-04-19 19:49:00,VCSH
82.575,82.58,82.57,82.575,3955,2021-04-19 19:50:00,VCSH
82.57,82.58,82.57,82.57,4500,2021-04-19 19:51:00,VCSH
82.575,82.58,82.57,82.57,8794,2021-04-19 19:52:00,VCSH
82.575,82.58,82.57,82.571,23683,2021-04-19 19:53:00,VCSH
82.575,82.58,82.57,82.575,10693,2021-04-19 19:54:00,VCSH
82.5799,82.58,82.57,82.57,9027,2021-04-19 19:55:00,VCSH
82.575,82.58,82.57,82.571,20613,2021-04-19 19:56:00,VCSH
82.57,82.575,82.57,82.57,3900,2021-04-19 19:57:00,VCSH
82.57,82.58,82.57,82.57,23787,2021-04-19 19:58:00,VCSH
82.575,82.575,82.56,82.565,29365,2021-04-19 19:59:00,VCSH
82.56,82.56,82.56,82.56,61530,2021-04-19 20:00:00,VCSH
82.54,82.54,82.54,82.54,100,2021-04-19 20:37:00,VCSH
82.53,82.53,82.53,82.53,132,2021-04-19 20:41:00,VCSH
82.57,82.58,82.57,82.58,39029,2021-04-20 13:30:00,VCSH
82.575,82.5759,82.57,82.5759,1747,2021-04-20 13:31:00,VCSH
82.575,82.575,82.575,82.575,100,2021-04-20 13:32:00,VCSH
82.58,82.58,82.58,82.58,100,2021-04-20 13:33:00,VCSH
82.575,82.58,82.575,82.5775,2050,2021-04-20 13:34:00,VCSH
82.571,82.58,82.571,82.5799,400,2021-04-20 13:35:00,VCSH
82.58,82.58,82.57,82.58,3258,2021-04-20 13:36:00,VCSH
82.5774,82.5774,82.575,82.575,221,2021-04-20 13:37:00,VCSH
82.58,82.5821,82.575,82.5821,9214,2021-04-20 13:38:00,VCSH
82.585,82.588,82.585,82.585,2035,2021-04-20 13:39:00,VCSH
82.59,82.59,82.585,82.585,45095,2021-04-20 13:40:00,VCSH
82.585,82.59,82.58,82.59,1372,2021-04-20 13:41:00,VCSH
82.585,82.59,82.5801,82.5879,16795,2021-04-20 13:42:00,VCSH
82.59,82.59,82.5834,82.588,4494,2021-04-20 13:43:00,VCSH
82.585,82.59,82.58,82.58,1070,2021-04-20 13:44:00,VCSH
82.59,82.59,82.58,82.58,600,2021-04-20 13:45:00,VCSH
82.59,82.59,82.585,82.585,275,2021-04-20 13:46:00,VCSH
82.585,82.5899,82.58,82.58,1927,2021-04-20 13:47:00,VCSH
82.585,82.586,82.585,82.585,785,2021-04-20 13:48:00,VCSH
82.59,82.59,82.59,82.59,355,2021-04-20 13:49:00,VCSH
82.585,82.59,82.58,82.59,7865,2021-04-20 13:50:00,VCSH
82.5879,82.59,82.5879,82.59,10112,2021-04-20 13:51:00,VCSH
82.59,82.59,82.586,82.5894,1126,2021-04-20 13:52:00,VCSH
82.59,82.6,82.59,82.6,31779,2021-04-20 13:53:00,VCSH
82.5998,82.6,82.59,82.5981,2794,2021-04-20 13:54:00,VCSH
82.5974,82.6,82.595,82.595,72422,2021-04-20 13:55:00,VCSH
82.6,82.6,82.595,82.595,648,2021-04-20 13:56:00,VCSH
82.595,82.6,82.595,82.595,1000,2021-04-20 13:57:00,VCSH
82.595,82.5999,82.595,82.595,2850,2021-04-20 13:58:00,VCSH
82.6,82.6,82.6,82.6,2100,2021-04-20 13:59:00,VCSH
82.595,82.595,82.595,82.595,174,2021-04-20 14:00:00,VCSH
82.6,82.6,82.6,82.6,100,2021-04-20 14:01:00,VCSH
82.5974,82.6,82.591,82.6,986,2021-04-20 14:02:00,VCSH
82.6,82.6,82.5934,82.5934,662,2021-04-20 14:03:00,VCSH
82.595,82.5999,82.595,82.5999,1013,2021-04-20 14:04:00,VCSH
82.6,82.6,82.595,82.595,487,2021-04-20 14:05:00,VCSH
82.5919,82.5981,82.5919,82.5958,2052,2021-04-20 14:06:00,VCSH
82.5934,82.6,82.5934,82.595,1228,2021-04-20 14:07:00,VCSH
82.595,82.6,82.59,82.6,2669,2021-04-20 14:08:00,VCSH
82.595,82.595,82.595,82.595,300,2021-04-20 14:09:00,VCSH
82.597,82.6,82.597,82.6,675,2021-04-20 14:10:00,VCSH
82.5915,82.6,82.5915,82.5976,12254,2021-04-20 14:11:00,VCSH
82.5915,82.6,82.5915,82.6,820,2021-04-20 14:12:00,VCSH
82.597,82.6,82.595,82.6,9597,2021-04-20 14:13:00,VCSH
82.5971,82.6,82.5958,82.5958,3711,2021-04-20 14:14:00,VCSH
82.595,82.6,82.592,82.595,29941,2021-04-20 14:15:00,VCSH
82.5944,82.5975,82.5944,82.5975,1380,2021-04-20 14:16:00,VCSH
82.595,82.6,82.595,82.6,1525,2021-04-20 14:18:00,VCSH
82.6,82.6,82.595,82.595,8200,2021-04-20 14:19:00,VCSH
82.6,82.61,82.595,82.6,21549,2021-04-20 14:20:00,VCSH
82.6034,82.6088,82.6034,82.6088,3047,2021-04-20 14:21:00,VCSH
82.605,82.605,82.595,82.5959,4841,2021-04-20 14:22:00,VCSH
82.595,82.595,82.595,82.595,125,2021-04-20 14:23:00,VCSH
82.595,82.6,82.5901,82.6,2606,2021-04-20 14:24:00,VCSH
82.5975,82.598,82.5975,82.598,1705,2021-04-20 14:25:00,VCSH
82.5958,82.6,82.595,82.595,2905,2021-04-20 14:26:00,VCSH
82.594,82.6,82.5913,82.6,15181,2021-04-20 14:27:00,VCSH
82.599,82.6,82.5934,82.6,1360,2021-04-20 14:28:00,VCSH
82.599,82.6,82.593,82.6,3318,2021-04-20 14:29:00,VCSH
82.6,82.605,82.593,82.605,34329,2021-04-20 14:30:00,VCSH
82.61,82.61,82.6074,82.6074,3574,2021-04-20 14:31:00,VCSH
82.6066,82.61,82.6,82.61,503,2021-04-20 14:32:00,VCSH
82.605,82.61,82.604,82.604,1692,2021-04-20 14:33:00,VCSH
82.605,82.61,82.6029,82.605,7754,2021-04-20 14:34:00,VCSH
82.605,82.6074,82.605,82.6074,1320,2021-04-20 14:35:00,VCSH
82.6082,82.61,82.605,82.605,5677,2021-04-20 14:36:00,VCSH
82.6074,82.61,82.6,82.609,5634,2021-04-20 14:37:00,VCSH
82.605,82.605,82.601,82.601,3131,2021-04-20 14:38:00,VCSH
82.6034,82.61,82.6,82.6074,5146,2021-04-20 14:39:00,VCSH
82.61,82.61,82.602,82.605,11350,2021-04-20 14:40:00,VCSH
82.605,82.61,82.6023,82.61,3106,2021-04-20 14:41:00,VCSH
82.605,82.605,82.602,82.602,1400,2021-04-20 14:42:00,VCSH
82.605,82.61,82.6026,82.6026,740,2021-04-20 14:43:00,VCSH
82.605,82.606,82.605,82.605,680,2021-04-20 14:44:00,VCSH
82.605,82.61,82.6,82.6,2953,2021-04-20 14:45:00,VCSH
82.603,82.605,82.603,82.605,1343,2021-04-20 14:46:00,VCSH
82.605,82.6079,82.605,82.605,1437,2021-04-20 14:47:00,VCSH
82.605,82.61,82.605,82.605,3471,2021-04-20 14:48:00,VCSH
82.603,82.61,82.602,82.6081,5545,2021-04-20 14:49:00,VCSH
82.6096,82.6096,82.602,82.605,4105,2021-04-20 14:50:00,VCSH
82.605,82.6099,82.6021,82.605,3700,2021-04-20 14:51:00,VCSH
82.6074,82.61,82.6041,82.605,3360,2021-04-20 14:52:00,VCSH
82.6058,82.606,82.605,82.605,7147,2021-04-20 14:53:00,VCSH
82.605,82.605,82.605,82.605,943,2021-04-20 14:54:00,VCSH
82.6075,82.6099,82.6,82.605,3711,2021-04-20 14:55:00,VCSH
82.61,82.6179,82.605,82.615,38834,2021-04-20 14:56:00,VCSH
82.6166,82.618,82.61,82.617,2552,2021-04-20 14:57:00,VCSH
82.6199,82.6199,82.61,82.61,1394,2021-04-20 14:58:00,VCSH
82.615,82.6176,82.61,82.616,2787,2021-04-20 14:59:00,VCSH
82.61,82.6174,82.61,82.61,1696,2021-04-20 15:00:00,VCSH
82.61,82.62,82.6,82.6081,6477,2021-04-20 15:01:00,VCSH
82.6,82.605,82.6,82.6,500,2021-04-20 15:02:00,VCSH
82.6081,82.6081,82.6,82.6,753,2021-04-20 15:03:00,VCSH
82.6,82.6091,82.6,82.6,2360,2021-04-20 15:04:00,VCSH
82.6,82.6099,82.6,82.6,5115,2021-04-20 15:05:00,VCSH
82.6,82.6099,82.6,82.605,1538,2021-04-20 15:06:00,VCSH
82.6,82.603,82.6,82.603,705,2021-04-20 15:07:00,VCSH
82.6,82.606,82.6,82.6,1113,2021-04-20 15:08:00,VCSH
82.6,82.608,82.6,82.605,3158,2021-04-20 15:09:00,VCSH
82.61,82.61,82.6,82.6,1917,2021-04-20 15:10:00,VCSH
82.605,82.61,82.6,82.6081,1596,2021-04-20 15:11:00,VCSH
82.605,82.61,82.6,82.6,2877,2021-04-20 15:12:00,VCSH
82.605,82.605,82.6,82.6,6049,2021-04-20 15:13:00,VCSH
82.6,82.6005,82.6,82.6,1190,2021-04-20 15:14:00,VCSH
82.6,82.6086,82.6,82.6,12212,2021-04-20 15:15:00,VCSH
82.6,82.61,82.6,82.6,2617,2021-04-20 15:16:00,VCSH
82.6081,82.6081,82.6,82.6,1873,2021-04-20 15:17:00,VCSH
82.6,82.6081,82.6,82.6081,330,2021-04-20 15:18:00,VCSH
82.605,82.6066,82.6,82.6,2805,2021-04-20 15:19:00,VCSH
82.605,82.609,82.605,82.609,261,2021-04-20 15:20:00,VCSH
82.605,82.61,82.605,82.6099,1748,2021-04-20 15:21:00,VCSH
82.605,82.6077,82.6032,82.6032,2552,2021-04-20 15:22:00,VCSH
82.605,82.609,82.6,82.6,1538,2021-04-20 15:23:00,VCSH
82.605,82.605,82.6,82.6,1624,2021-04-20 15:24:00,VCSH
82.6,82.6099,82.6,82.6099,1993,2021-04-20 15:25:00,VCSH
82.602,82.605,82.602,82.605,1975,2021-04-20 15:26:00,VCSH
82.605,82.609,82.6,82.609,4476,2021-04-20 15:27:00,VCSH
82.605,82.6099,82.6,82.605,2668,2021-04-20 15:28:00,VCSH
82.6,82.61,82.6,82.61,9762,2021-04-20 15:29:00,VCSH
82.6099,82.6099,82.605,82.6066,1339,2021-04-20 15:30:00,VCSH
82.605,82.605,82.601,82.601,1240,2021-04-20 15:31:00,VCSH
82.605,82.605,82.6,82.605,18296,2021-04-20 15:32:00,VCSH
82.605,82.6096,82.605,82.605,4672,2021-04-20 15:33:00,VCSH
82.61,82.61,82.6,82.605,4152,2021-04-20 15:34:00,VCSH
82.605,82.61,82.605,82.61,779,2021-04-20 15:35:00,VCSH
82.609,82.609,82.6026,82.605,583,2021-04-20 15:36:00,VCSH
82.605,82.605,82.6,82.605,1334,2021-04-20 15:37:00,VCSH
82.603,82.61,82.603,82.605,976,2021-04-20 15:38:00,VCSH
82.605,82.609,82.6023,82.6023,1053,2021-04-20 15:39:00,VCSH
82.605,82.61,82.605,82.61,1830,2021-04-20 15:40:00,VCSH
82.605,82.61,82.6,82.605,1607,2021-04-20 15:41:00,VCSH
82.605,82.605,82.605,82.605,421,2021-04-20 15:42:00,VCSH
82.605,82.61,82.605,82.61,5744,2021-04-20 15:43:00,VCSH
82.61,82.61,82.604,82.605,1750,2021-04-20 15:44:00,VCSH
82.605,82.61,82.605,82.6099,4335,2021-04-20 15:45:00,VCSH
82.605,82.61,82.605,82.61,1741,2021-04-20 15:46:00,VCSH
82.61,82.62,82.61,82.6199,22916,2021-04-20 15:47:00,VCSH
82.62,82.62,82.62,82.62,400,2021-04-20 15:48:00,VCSH
82.615,82.62,82.6126,82.62,1516,2021-04-20 15:49:00,VCSH
82.6168,82.6168,82.615,82.615,1500,2021-04-20 15:50:00,VCSH
82.615,82.615,82.6119,82.615,6300,2021-04-20 15:51:00,VCSH
82.615,82.62,82.6119,82.62,800,2021-04-20 15:52:00,VCSH
82.619,82.62,82.614,82.615,1590,2021-04-20 15:53:00,VCSH
82.619,82.619,82.6126,82.619,1706,2021-04-20 15:54:00,VCSH
82.62,82.62,82.614,82.615,1994,2021-04-20 15:55:00,VCSH
82.62,82.62,82.615,82.615,2472,2021-04-20 15:56:00,VCSH
82.615,82.6199,82.6101,82.615,2050,2021-04-20 15:57:00,VCSH
82.62,82.62,82.6122,82.615,12196,2021-04-20 15:58:00,VCSH
82.615,82.615,82.61,82.6126,1870,2021-04-20 15:59:00,VCSH
82.615,82.615,82.615,82.615,763,2021-04-20 16:00:00,VCSH
82.6126,82.615,82.61,82.61,1583,2021-04-20 16:01:00,VCSH
82.61,82.6199,82.61,82.61,1225,2021-04-20 16:02:00,VCSH
82.61,82.6177,82.61,82.6177,826,2021-04-20 16:03:00,VCSH
82.615,82.62,82.6101,82.615,23561,2021-04-20 16:04:00,VCSH
82.62,82.62,82.615,82.615,1120,2021-04-20 16:05:00,VCSH
82.615,82.615,82.615,82.615,300,2021-04-20 16:06:00,VCSH
82.611,82.62,82.611,82.615,743,2021-04-20 16:07:00,VCSH
82.615,82.615,82.611,82.615,540,2021-04-20 16:08:00,VCSH
82.62,82.62,82.615,82.619,1759,2021-04-20 16:09:00,VCSH
82.615,82.62,82.615,82.6156,2864,2021-04-20 16:10:00,VCSH
82.615,82.62,82.6131,82.615,1641,2021-04-20 16:11:00,VCSH
82.619,82.62,82.61,82.6199,3480,2021-04-20 16:12:00,VCSH
82.615,82.619,82.615,82.615,2284,2021-04-20 16:13:00,VCSH
82.615,82.615,82.615,82.615,1243,2021-04-20 16:14:00,VCSH
82.61,82.62,82.61,82.6199,2232,2021-04-20 16:15:00,VCSH
82.611,82.6156,82.611,82.615,1376,2021-04-20 16:16:00,VCSH
82.615,82.615,82.615,82.615,400,2021-04-20 16:17:00,VCSH
82.615,82.6166,82.615,82.615,933,2021-04-20 16:18:00,VCSH
82.615,82.62,82.61,82.615,2077,2021-04-20 16:19:00,VCSH
82.615,82.62,82.6119,82.615,2471,2021-04-20 16:20:00,VCSH
82.615,82.62,82.615,82.615,500,2021-04-20 16:21:00,VCSH
82.615,82.62,82.6134,82.6134,1007,2021-04-20 16:22:00,VCSH
82.62,82.62,82.615,82.615,2575,2021-04-20 16:23:00,VCSH
82.615,82.62,82.61,82.619,3181,2021-04-20 16:24:00,VCSH
82.62,82.62,82.615,82.619,507,2021-04-20 16:25:00,VCSH
82.615,82.62,82.615,82.615,993,2021-04-20 16:26:00,VCSH
82.615,82.62,82.615,82.615,500,2021-04-20 16:27:00,VCSH
82.615,82.62,82.61,82.615,2399,2021-04-20 16:28:00,VCSH
82.615,82.615,82.61,82.615,1079,2021-04-20 16:29:00,VCSH
82.61,82.6198,82.61,82.61,1123,2021-04-20 16:30:00,VCSH
82.61,82.6199,82.61,82.615,2341,2021-04-20 16:31:00,VCSH
82.61,82.615,82.61,82.615,1624,2021-04-20 16:32:00,VCSH
82.616,82.616,82.61,82.615,1048,2021-04-20 16:33:00,VCSH
82.615,82.62,82.61,82.615,945,2021-04-20 16:34:00,VCSH
82.61,82.6199,82.61,82.6199,4769,2021-04-20 16:35:00,VCSH
82.6123,82.616,82.61,82.615,2438,2021-04-20 16:36:00,VCSH
82.6107,82.615,82.61,82.6119,3870,2021-04-20 16:37:00,VCSH
82.61,82.62,82.61,82.6125,4220,2021-04-20 16:38:00,VCSH
82.61,82.618,82.61,82.61,6145,2021-04-20 16:39:00,VCSH
82.615,82.62,82.61,82.6174,2017,2021-04-20 16:40:00,VCSH
82.61,82.615,82.61,82.61,2443,2021-04-20 16:41:00,VCSH
82.6176,82.6176,82.61,82.61,1103,2021-04-20 16:42:00,VCSH
82.61,82.615,82.61,82.61,1300,2021-04-20 16:43:00,VCSH
82.61,82.62,82.61,82.61,2100,2021-04-20 16:44:00,VCSH
82.61,82.6179,82.61,82.615,2261,2021-04-20 16:45:00,VCSH
82.6126,82.62,82.61,82.613,2431,2021-04-20 16:46:00,VCSH
82.61,82.619,82.61,82.61,2493,2021-04-20 16:47:00,VCSH
82.61,82.61,82.61,82.61,900,2021-04-20 16:48:00,VCSH
82.61,82.6174,82.61,82.6174,1415,2021-04-20 16:49:00,VCSH
82.61,82.62,82.61,82.615,3649,2021-04-20 16:50:00,VCSH
82.61,82.616,82.61,82.616,840,2021-04-20 16:51:00,VCSH
82.62,82.62,82.61,82.61,2717,2021-04-20 16:52:00,VCSH
82.615,82.618,82.61,82.615,4069,2021-04-20 16:53:00,VCSH
82.615,82.62,82.61,82.615,10648,2021-04-20 16:54:00,VCSH
82.61,82.618,82.61,82.6158,5740,2021-04-20 16:55:00,VCSH
82.61,82.6174,82.61,82.6123,1155,2021-04-20 16:56:00,VCSH
82.61,82.6174,82.61,82.61,957,2021-04-20 16:57:00,VCSH
82.61,82.62,82.61,82.61,2736,2021-04-20 16:58:00,VCSH
82.61,82.62,82.61,82.61,2638,2021-04-20 16:59:00,VCSH
82.61,82.62,82.61,82.61,750,2021-04-20 17:00:00,VCSH
82.62,82.62,82.61,82.618,2473,2021-04-20 17:01:00,VCSH
82.61,82.61,82.61,82.61,200,2021-04-20 17:02:00,VCSH
82.6159,82.6159,82.61,82.615,3269,2021-04-20 17:03:00,VCSH
82.61,82.619,82.61,82.619,4523,2021-04-20 17:04:00,VCSH
82.615,82.615,82.615,82.615,4145,2021-04-20 17:05:00,VCSH
82.615,82.615,82.615,82.615,2153,2021-04-20 17:06:00,VCSH
82.615,82.618,82.615,82.615,2345,2021-04-20 17:07:00,VCSH
82.615,82.615,82.6124,82.615,2224,2021-04-20 17:08:00,VCSH
82.615,82.62,82.615,82.62,4031,2021-04-20 17:09:00,VCSH
82.615,82.62,82.61,82.615,5340,2021-04-20 17:10:00,VCSH
82.615,82.615,82.6126,82.615,471,2021-04-20 17:11:00,VCSH
82.615,82.619,82.615,82.619,10099,2021-04-20 17:12:00,VCSH
82.615,82.619,82.615,82.615,899,2021-04-20 17:13:00,VCSH
82.615,82.615,82.615,82.615,200,2021-04-20 17:14:00,VCSH
82.6199,82.62,82.615,82.62,1844,2021-04-20 17:15:00,VCSH
82.62,82.62,82.6144,82.6144,325,2021-04-20 17:16:00,VCSH
82.614,82.62,82.613,82.62,5125,2021-04-20 17:17:00,VCSH
82.62,82.62,82.62,82.62,954,2021-04-20 17:18:00,VCSH
82.62,82.62,82.6141,82.615,935,2021-04-20 17:19:00,VCSH
82.615,82.62,82.6123,82.62,1616,2021-04-20 17:20:00,VCSH
82.615,82.62,82.615,82.62,1244,2021-04-20 17:21:00,VCSH
82.615,82.615,82.615,82.615,200,2021-04-20 17:22:00,VCSH
82.62,82.62,82.615,82.615,1500,2021-04-20 17:23:00,VCSH
82.615,82.62,82.61,82.615,14013,2021-04-20 17:24:00,VCSH
82.614,82.619,82.614,82.615,1125,2021-04-20 17:25:00,VCSH
82.615,82.62,82.615,82.615,1490,2021-04-20 17:26:00,VCSH
82.615,82.6174,82.61,82.61,1503,2021-04-20 17:27:00,VCSH
82.6158,82.618,82.6141,82.615,2525,2021-04-20 17:28:00,VCSH
82.62,82.62,82.615,82.615,2576,2021-04-20 17:29:00,VCSH
82.619,82.619,82.61,82.615,1064,2021-04-20 17:30:00,VCSH
82.6199,82.62,82.6122,82.62,1644,2021-04-20 17:31:00,VCSH
82.619,82.62,82.615,82.615,1196,2021-04-20 17:32:00,VCSH
82.615,82.615,82.615,82.615,650,2021-04-20 17:33:00,VCSH
82.614,82.615,82.614,82.615,504,2021-04-20 17:34:00,VCSH
82.6199,82.62,82.6125,82.615,1393,2021-04-20 17:35:00,VCSH
82.615,82.615,82.615,82.615,300,2021-04-20 17:36:00,VCSH
82.615,82.62,82.6119,82.615,5895,2021-04-20 17:37:00,VCSH
82.615,82.62,82.615,82.615,2482,2021-04-20 17:38:00,VCSH
82.615,82.615,82.6121,82.615,960,2021-04-20 17:39:00,VCSH
82.615,82.62,82.6144,82.615,2492,2021-04-20 17:40:00,VCSH
82.615,82.618,82.615,82.615,1631,2021-04-20 17:41:00,VCSH
82.615,82.618,82.615,82.615,1260,2021-04-20 17:42:00,VCSH
82.615,82.615,82.615,82.615,684,2021-04-20 17:43:00,VCSH
82.615,82.62,82.615,82.615,2857,2021-04-20 17:44:00,VCSH
82.615,82.615,82.615,82.615,400,2021-04-20 17:45:00,VCSH
82.619,82.62,82.6119,82.619,1333,2021-04-20 17:46:00,VCSH
82.615,82.62,82.615,82.615,1184,2021-04-20 17:47:00,VCSH
82.615,82.6169,82.615,82.615,2863,2021-04-20 17:48:00,VCSH
82.615,82.62,82.615,82.615,1765,2021-04-20 17:49:00,VCSH
82.619,82.619,82.612,82.615,2185,2021-04-20 17:50:00,VCSH
82.615,82.619,82.615,82.615,704,2021-04-20 17:51:00,VCSH
82.615,82.62,82.615,82.615,1463,2021-04-20 17:52:00,VCSH
82.618,82.62,82.61,82.615,1148,2021-04-20 17:53:00,VCSH
82.6166,82.62,82.61,82.62,25582,2021-04-20 17:54:00,VCSH
82.615,82.62,82.61,82.61,27383,2021-04-20 17:55:00,VCSH
82.615,82.62,82.6144,82.6144,6216,2021-04-20 17:56:00,VCSH
82.61,82.62,82.61,82.62,948,2021-04-20 17:57:00,VCSH
82.62,82.62,82.6119,82.615,3613,2021-04-20 17:58:00,VCSH
82.615,82.62,82.6119,82.62,3279,2021-04-20 17:59:00,VCSH
82.62,82.62,82.61,82.617,5412,2021-04-20 18:00:00,VCSH
82.615,82.62,82.6116,82.615,1276,2021-04-20 18:01:00,VCSH
82.615,82.615,82.615,82.615,1795,2021-04-20 18:02:00,VCSH
82.615,82.6199,82.6134,82.615,1110,2021-04-20 18:03:00,VCSH
82.6144,82.615,82.611,82.615,4709,2021-04-20 18:04:00,VCSH
82.615,82.62,82.6126,82.615,11929,2021-04-20 18:05:00,VCSH
82.615,82.62,82.61,82.62,7581,2021-04-20 18:06:00,VCSH
82.62,82.62,82.6119,82.615,11293,2021-04-20 18:07:00,VCSH
82.62,82.62,82.615,82.615,4212,2021-04-20 18:08:00,VCSH
82.615,82.615,82.615,82.615,400,2021-04-20 18:09:00,VCSH
82.615,82.62,82.615,82.615,1194,2021-04-20 18:10:00,VCSH
82.62,82.62,82.6126,82.615,1895,2021-04-20 18:11:00,VCSH
82.6194,82.6194,82.6144,82.615,2811,2021-04-20 18:12:00,VCSH
82.62,82.62,82.6119,82.615,39983,2021-04-20 18:13:00,VCSH
82.615,82.62,82.61,82.615,23806,2021-04-20 18:14:00,VCSH
82.615,82.615,82.615,82.615,600,2021-04-20 18:15:00,VCSH
82.615,82.62,82.61,82.615,5529,2021-04-20 18:16:00,VCSH
82.615,82.615,82.615,82.615,15411,2021-04-20 18:17:00,VCSH
82.62,82.62,82.611,82.6192,6101,2021-04-20 18:18:00,VCSH
82.615,82.62,82.615,82.62,8060,2021-04-20 18:19:00,VCSH
82.62,82.62,82.615,82.615,1423,2021-04-20 18:20:00,VCSH
82.62,82.62,82.615,82.615,4143,2021-04-20 18:21:00,VCSH
82.62,82.62,82.6133,82.62,4057,2021-04-20 18:22:00,VCSH
82.62,82.62,82.615,82.615,1500,2021-04-20 18:23:00,VCSH
82.62,82.62,82.61,82.62,11723,2021-04-20 18:24:00,VCSH
82.62,82.62,82.615,82.615,1485,2021-04-20 18:25:00,VCSH
82.62,82.62,82.615,82.615,1300,2021-04-20 18:26:00,VCSH
82.615,82.62,82.615,82.62,4348,2021-04-20 18:27:00,VCSH
82.62,82.63,82.62,82.63,4788,2021-04-20 18:28:00,VCSH
82.63,82.63,82.625,82.63,4636,2021-04-20 18:29:00,VCSH
82.63,82.63,82.62,82.63,2657,2021-04-20 18:30:00,VCSH
82.6284,82.63,82.62,82.63,2285,2021-04-20 18:31:00,VCSH
82.6299,82.63,82.62,82.625,10893,2021-04-20 18:32:00,VCSH
82.63,82.63,82.62,82.63,2671,2021-04-20 18:33:00,VCSH
82.63,82.63,82.62,82.62,4080,2021-04-20 18:34:00,VCSH
82.625,82.6292,82.62,82.625,3811,2021-04-20 18:35:00,VCSH
82.63,82.63,82.62,82.625,2620,2021-04-20 18:36:00,VCSH
82.63,82.63,82.62,82.63,3870,2021-04-20 18:37:00,VCSH
82.63,82.63,82.62,82.625,4430,2021-04-20 18:38:00,VCSH
82.625,82.625,82.62,82.625,4272,2021-04-20 18:39:00,VCSH
82.6276,82.6276,82.62,82.625,4681,2021-04-20 18:40:00,VCSH
82.6274,82.6274,82.62,82.625,2552,2021-04-20 18:41:00,VCSH
82.625,82.625,82.62,82.62,2800,2021-04-20 18:42:00,VCSH
82.625,82.625,82.62,82.625,2828,2021-04-20 18:43:00,VCSH
82.625,82.625,82.62,82.625,2042,2021-04-20 18:44:00,VCSH
82.625,82.625,82.62,82.625,1840,2021-04-20 18:45:00,VCSH
82.62,82.625,82.62,82.625,2899,2021-04-20 18:46:00,VCSH
82.625,82.63,82.62,82.625,3266,2021-04-20 18:47:00,VCSH
82.62,82.6266,82.62,82.625,7313,2021-04-20 18:48:00,VCSH
82.63,82.63,82.62,82.625,8389,2021-04-20 18:49:00,VCSH
82.625,82.6276,82.62,82.625,3199,2021-04-20 18:50:00,VCSH
82.625,82.63,82.62,82.625,3650,2021-04-20 18:51:00,VCSH
82.625,82.63,82.62,82.625,4040,2021-04-20 18:52:00,VCSH
82.62,82.63,82.62,82.62,2793,2021-04-20 18:53:00,VCSH
82.625,82.6277,82.62,82.625,3242,2021-04-20 18:54:00,VCSH
82.62,82.6281,82.62,82.625,4273,2021-04-20 18:55:00,VCSH
82.6221,82.63,82.62,82.625,3559,2021-04-20 18:56:00,VCSH
82.625,82.6274,82.62,82.625,3200,2021-04-20 18:57:00,VCSH
82.625,82.63,82.62,82.625,4881,2021-04-20 18:58:00,VCSH
82.625,82.63,82.62,82.625,6055,2021-04-20 18:59:00,VCSH
82.625,82.63,82.62,82.63,10165,2021-04-20 19:00:00,VCSH
82.63,82.63,82.62,82.625,4605,2021-04-20 19:01:00,VCSH
82.625,82.6281,82.62,82.625,5278,2021-04-20 19:02:00,VCSH
82.625,82.63,82.62,82.625,4300,2021-04-20 19:03:00,VCSH
82.625,82.63,82.625,82.625,16729,2021-04-20 19:04:00,VCSH
82.625,82.628,82.62,82.625,13454,2021-04-20 19:05:00,VCSH
82.625,82.6263,82.62,82.625,5335,2021-04-20 19:06:00,VCSH
82.625,82.63,82.62,82.625,8284,2021-04-20 19:07:00,VCSH
82.625,82.63,82.62,82.63,7052,2021-04-20 19:08:00,VCSH
82.63,82.63,82.62,82.63,8598,2021-04-20 19:09:00,VCSH
82.63,82.63,82.62,82.63,5667,2021-04-20 19:10:00,VCSH
82.62,82.63,82.62,82.63,4310,2021-04-20 19:11:00,VCSH
82.63,82.63,82.62,82.63,5910,2021-04-20 19:12:00,VCSH
82.63,82.63,82.62,82.63,5744,2021-04-20 19:13:00,VCSH
82.63,82.63,82.62,82.63,12185,2021-04-20 19:14:00,VCSH
82.63,82.63,82.62,82.63,11926,2021-04-20 19:15:00,VCSH
82.63,82.63,82.62,82.625,5849,2021-04-20 19:16:00,VCSH
82.625,82.63,82.62,82.63,5726,2021-04-20 19:17:00,VCSH
82.63,82.63,82.62,82.625,10117,2021-04-20 19:18:00,VCSH
82.625,82.63,82.62,82.625,8438,2021-04-20 19:19:00,VCSH
82.625,82.63,82.62,82.63,8281,2021-04-20 19:20:00,VCSH
82.625,82.63,82.6201,82.625,7795,2021-04-20 19:21:00,VCSH
82.625,82.63,82.6231,82.625,12575,2021-04-20 19:22:00,VCSH
82.625,82.63,82.62,82.63,7500,2021-04-20 19:23:00,VCSH
82.63,82.63,82.62,82.63,8154,2021-04-20 19:24:00,VCSH
82.625,82.63,82.6226,82.63,9114,2021-04-20 19:25:00,VCSH
82.63,82.63,82.6222,82.63,7221,2021-04-20 19:26:00,VCSH
82.63,82.63,82.63,82.63,5400,2021-04-20 19:27:00,VCSH
82.63,82.63,82.6226,82.63,17448,2021-04-20 19:28:00,VCSH
82.63,82.63,82.62,82.63,11014,2021-04-20 19:29:00,VCSH
82.625,82.63,82.62,82.63,13788,2021-04-20 19:30:00,VCSH
82.63,82.63,82.625,82.63,10124,2021-04-20 19:31:00,VCSH
82.63,82.63,82.62,82.625,15799,2021-04-20 19:32:00,VCSH
82.63,82.63,82.625,82.63,14020,2021-04-20 19:33:00,VCSH
82.63,82.63,82.621,82.63,12532,2021-04-20 19:34:00,VCSH
82.63,82.63,82.62,82.63,15332,2021-04-20 19:35:00,VCSH
82.63,82.63,82.62,82.63,23407,2021-04-20 19:36:00,VCSH
82.63,82.63,82.62,82.63,26679,2021-04-20 19:37:00,VCSH
82.63,82.63,82.62,82.63,26254,2021-04-20 19:38:00,VCSH
82.63,82.63,82.62,82.6271,23806,2021-04-20 19:39:00,VCSH
82.63,82.63,82.62,82.63,20622,2021-04-20 19:40:00,VCSH
82.63,82.63,82.62,82.63,19324,2021-04-20 19:41:00,VCSH
82.63,82.63,82.62,82.63,24461,2021-04-20 19:42:00,VCSH
82.63,82.63,82.62,82.625,28269,2021-04-20 19:43:00,VCSH
82.63,82.63,82.62,82.63,32045,2021-04-20 19:44:00,VCSH
82.63,82.63,82.6201,82.63,19684,2021-04-20 19:45:00,VCSH
82.63,82.63,82.625,82.63,18981,2021-04-20 19:46:00,VCSH
82.63,82.64,82.6272,82.64,35465,2021-04-20 19:47:00,VCSH
82.64,82.64,82.6322,82.64,18841,2021-04-20 19:48:00,VCSH
82.64,82.64,82.6315,82.635,161569,2021-04-20 19:49:00,VCSH
82.64,82.64,82.63,82.64,73201,2021-04-20 19:50:00,VCSH
82.64,82.64,82.6302,82.64,29097,2021-04-20 19:51:00,VCSH
82.6374,82.64,82.63,82.64,20980,2021-04-20 19:52:00,VCSH
82.64,82.64,82.6326,82.64,22057,2021-04-20 19:53:00,VCSH
82.635,82.64,82.635,82.64,22836,2021-04-20 19:54:00,VCSH
82.64,82.64,82.632,82.64,24583,2021-04-20 19:55:00,VCSH
82.64,82.64,82.635,82.64,20525,2021-04-20 19:56:00,VCSH
82.635,82.64,82.63,82.64,41308,2021-04-20 19:57:00,VCSH
82.635,82.64,82.63,82.63,81125,2021-04-20 19:58:00,VCSH
82.64,82.64,82.62,82.625,44436,2021-04-20 19:59:00,VCSH
82.63,82.63,82.63,82.63,122111,2021-04-20 20:00:00,VCSH
82.62,82.62,82.618,82.618,25463,2021-04-21 13:30:00,VCSH
82.62,82.6232,82.62,82.6232,785,2021-04-21 13:31:00,VCSH
82.611,82.611,82.611,82.611,100,2021-04-21 13:32:00,VCSH
82.61,82.62,82.61,82.62,653,2021-04-21 13:33:00,VCSH
82.63,82.63,82.625,82.625,964,2021-04-21 13:34:00,VCSH
82.6279,82.6279,82.62,82.62,1071,2021-04-21 13:35:00,VCSH
82.62,82.63,82.62,82.63,2150,2021-04-21 13:36:00,VCSH
82.63,82.63,82.62,82.62,13972,2021-04-21 13:37:00,VCSH
82.63,82.63,82.63,82.63,100,2021-04-21 13:38:00,VCSH
82.63,82.63,82.6221,82.6221,2110,2021-04-21 13:39:00,VCSH
82.626,82.6274,82.626,82.6274,340,2021-04-21 13:40:00,VCSH
82.63,82.63,82.62,82.625,600,2021-04-21 13:41:00,VCSH
82.625,82.6274,82.625,82.6274,594,2021-04-21 13:42:00,VCSH
82.6237,82.6299,82.6237,82.625,559,2021-04-21 13:43:00,VCSH
82.625,82.625,82.62,82.625,12400,2021-04-21 13:44:00,VCSH
82.62,82.625,82.62,82.625,8215,2021-04-21 13:45:00,VCSH
82.63,82.63,82.63,82.63,200,2021-04-21 13:46:00,VCSH
82.62,82.625,82.62,82.625,1487,2021-04-21 13:47:00,VCSH
82.625,82.63,82.625,82.63,10780,2021-04-21 13:48:00,VCSH
82.625,82.63,82.62,82.63,5620,2021-04-21 13:49:00,VCSH
82.625,82.635,82.625,82.635,8630,2021-04-21 13:50:00,VCSH
82.635,82.64,82.63,82.635,5892,2021-04-21 13:51:00,VCSH
82.635,82.64,82.635,82.635,1900,2021-04-21 13:52:00,VCSH
82.635,82.638,82.63,82.63,890,2021-04-21 13:53:00,VCSH
82.638,82.64,82.635,82.635,27356,2021-04-21 13:54:00,VCSH
82.635,82.635,82.635,82.635,200,2021-04-21 13:55:00,VCSH
82.635,82.635,82.634,82.635,1050,2021-04-21 13:56:00,VCSH
82.635,82.635,82.635,82.635,562,2021-04-21 13:57:00,VCSH
82.63,82.64,82.63,82.64,8017,2021-04-21 13:58:00,VCSH
82.64,82.64,82.6344,82.64,3677,2021-04-21 13:59:00,VCSH
82.64,82.64,82.6321,82.64,7545,2021-04-21 14:00:00,VCSH
82.63,82.635,82.63,82.63,17739,2021-04-21 14:01:00,VCSH
82.625,82.625,82.6224,82.6224,375,2021-04-21 14:02:00,VCSH
82.624,82.63,82.6225,82.63,2533,2021-04-21 14:03:00,VCSH
82.63,82.63,82.63,82.63,100,2021-04-21 14:04:00,VCSH
82.625,82.6263,82.61,82.62,53798,2021-04-21 14:06:00,VCSH
82.615,82.62,82.615,82.62,1900,2021-04-21 14:07:00,VCSH
82.62,82.62,82.619,82.619,1222,2021-04-21 14:08:00,VCSH
82.615,82.62,82.615,82.62,400,2021-04-21 14:09:00,VCSH
82.62,82.62,82.6141,82.615,2512,2021-04-21 14:10:00,VCSH
82.619,82.62,82.619,82.62,1431,2021-04-21 14:11:00,VCSH
82.62,82.62,82.615,82.615,320,2021-04-21 14:12:00,VCSH
82.615,82.615,82.6101,82.6101,2300,2021-04-21 14:13:00,VCSH
82.61,82.6177,82.61,82.6177,2702,2021-04-21 14:14:00,VCSH
82.6174,82.6178,82.605,82.605,4250,2021-04-21 14:15:00,VCSH
82.61,82.61,82.605,82.61,1119,2021-04-21 14:16:00,VCSH
82.6063,82.6076,82.6063,82.6076,500,2021-04-21 14:17:00,VCSH
82.6021,82.605,82.6021,82.605,1815,2021-04-21 14:18:00,VCSH
82.61,82.61,82.6026,82.609,4974,2021-04-21 14:19:00,VCSH
82.61,82.61,82.6,82.61,12131,2021-04-21 14:20:00,VCSH
82.61,82.62,82.61,82.6175,6830,2021-04-21 14:21:00,VCSH
82.62,82.62,82.6126,82.6165,4531,2021-04-21 14:22:00,VCSH
82.6179,82.62,82.6119,82.6199,8102,2021-04-21 14:23:00,VCSH
82.62,82.62,82.61,82.615,4376,2021-04-21 14:24:00,VCSH
82.62,82.62,82.6121,82.62,2006,2021-04-21 14:25:00,VCSH
82.62,82.62,82.615,82.6199,7417,2021-04-21 14:26:00,VCSH
82.6179,82.63,82.616,82.625,16573,2021-04-21 14:27:00,VCSH
82.63,82.63,82.622,82.63,3782,2021-04-21 14:28:00,VCSH
82.625,82.63,82.625,82.625,8448,2021-04-21 14:29:00,VCSH
82.63,82.63,82.62,82.63,7821,2021-04-21 14:30:00,VCSH
82.625,82.63,82.62,82.63,5778,2021-04-21 14:31:00,VCSH
82.62,82.63,82.62,82.625,2776,2021-04-21 14:32:00,VCSH
82.625,82.63,82.62,82.63,2073,2021-04-21 14:33:00,VCSH
82.625,82.63,82.625,82.625,3540,2021-04-21 14:34:00,VCSH
82.6258,82.6299,82.6258,82.6299,5496,2021-04-21 14:35:00,VCSH
82.62,82.625,82.62,82.625,1110,2021-04-21 14:36:00,VCSH
82.63,82.63,82.6222,82.625,1200,2021-04-21 14:37:00,VCSH
82.626,82.63,82.625,82.625,22929,2021-04-21 14:38:00,VCSH
82.625,82.63,82.6208,82.625,7760,2021-04-21 14:39:00,VCSH
82.6274,82.63,82.625,82.625,1899,2021-04-21 14:40:00,VCSH
82.625,82.63,82.625,82.625,2465,2021-04-21 14:41:00,VCSH
82.63,82.63,82.6215,82.63,8700,2021-04-21 14:42:00,VCSH
82.625,82.63,82.622,82.63,2988,2021-04-21 14:43:00,VCSH
82.63,82.63,82.6226,82.6226,3994,2021-04-21 14:44:00,VCSH
82.625,82.63,82.625,82.625,3265,2021-04-21 14:45:00,VCSH
82.625,82.63,82.62,82.625,3634,2021-04-21 14:46:00,VCSH
82.63,82.63,82.624,82.625,2598,2021-04-21 14:47:00,VCSH
82.63,82.63,82.625,82.625,4200,2021-04-21 14:48:00,VCSH
82.6277,82.63,82.62,82.625,6884,2021-04-21 14:49:00,VCSH
82.62,82.625,82.61,82.61,30354,2021-04-21 14:50:00,VCSH
82.615,82.615,82.615,82.615,1431,2021-04-21 14:51:00,VCSH
82.6119,82.6199,82.61,82.615,10595,2021-04-21 14:52:00,VCSH
82.615,82.615,82.61,82.615,2706,2021-04-21 14:53:00,VCSH
82.6156,82.6156,82.615,82.615,355,2021-04-21 14:54:00,VCSH
82.61,82.6163,82.61,82.615,751,2021-04-21 14:55:00,VCSH
82.615,82.619,82.615,82.615,401,2021-04-21 14:56:00,VCSH
82.6119,82.618,82.6101,82.615,5093,2021-04-21 14:57:00,VCSH
82.61,82.62,82.61,82.615,11147,2021-04-21 14:58:00,VCSH
82.617,82.62,82.61,82.615,9270,2021-04-21 14:59:00,VCSH
82.6176,82.62,82.61,82.615,3463,2021-04-21 15:00:00,VCSH
82.62,82.62,82.6123,82.6199,2874,2021-04-21 15:01:00,VCSH
82.62,82.62,82.615,82.615,2518,2021-04-21 15:02:00,VCSH
82.62,82.62,82.615,82.615,1876,2021-04-21 15:03:00,VCSH
82.62,82.62,82.6124,82.615,3092,2021-04-21 15:04:00,VCSH
82.62,82.62,82.615,82.615,2800,2021-04-21 15:05:00,VCSH
82.6135,82.62,82.6122,82.615,3374,2021-04-21 15:06:00,VCSH
82.6174,82.62,82.6101,82.62,5909,2021-04-21 15:07:00,VCSH
82.62,82.62,82.61,82.615,4340,2021-04-21 15:08:00,VCSH
82.615,82.62,82.6121,82.615,3634,2021-04-21 15:09:00,VCSH
82.62,82.62,82.615,82.615,3070,2021-04-21 15:10:00,VCSH
82.615,82.62,82.615,82.6199,12484,2021-04-21 15:11:00,VCSH
82.62,82.62,82.61,82.6174,18134,2021-04-21 15:12:00,VCSH
82.62,82.62,82.6119,82.62,7651,2021-04-21 15:13:00,VCSH
82.62,82.62,82.6163,82.62,2299,2021-04-21 15:14:00,VCSH
82.62,82.62,82.615,82.62,1725,2021-04-21 15:15:00,VCSH
82.62,82.62,82.61,82.61,3383,2021-04-21 15:16:00,VCSH
82.615,82.6174,82.6136,82.6136,1339,2021-04-21 15:17:00,VCSH
82.615,82.62,82.615,82.62,1600,2021-04-21 15:18:00,VCSH
82.6176,82.62,82.61,82.61,14129,2021-04-21 15:19:00,VCSH
82.61,82.62,82.61,82.62,9977,2021-04-21 15:20:00,VCSH
82.62,82.62,82.6101,82.62,2142,2021-04-21 15:21:00,VCSH
82.6101,82.62,82.6101,82.615,3392,2021-04-21 15:22:00,VCSH
82.61,82.62,82.61,82.62,5778,2021-04-21 15:23:00,VCSH
82.62,82.62,82.6119,82.62,4956,2021-04-21 15:24:00,VCSH
82.62,82.62,82.615,82.62,1400,2021-04-21 15:25:00,VCSH
82.61,82.62,82.61,82.6174,2850,2021-04-21 15:26:00,VCSH
82.62,82.62,82.61,82.62,8181,2021-04-21 15:27:00,VCSH
82.62,82.62,82.61,82.61,2624,2021-04-21 15:28:00,VCSH
82.62,82.62,82.615,82.6174,4486,2021-04-21 15:29:00,VCSH
82.62,82.62,82.615,82.62,3700,2021-04-21 15:30:00,VCSH
82.62,82.63,82.62,82.63,16268,2021-04-21 15:31:00,VCSH
82.63,82.63,82.625,82.63,17369,2021-04-21 15:32:00,VCSH
82.63,82.63,82.62,82.63,25181,2021-04-21 15:33:00,VCSH
82.63,82.63,82.625,82.63,5750,2021-04-21 15:34:00,VCSH
82.63,82.63,82.625,82.63,5897,2021-04-21 15:35:00,VCSH
82.63,82.63,82.625,82.63,8091,2021-04-21 15:36:00,VCSH
82.63,82.63,82.6279,82.63,5021,2021-04-21 15:37:00,VCSH
82.63,82.63,82.6234,82.63,6922,2021-04-21 15:38:00,VCSH
82.6266,82.63,82.6237,82.63,5014,2021-04-21 15:39:00,VCSH
82.63,82.63,82.624,82.6266,5642,2021-04-21 15:40:00,VCSH
82.6279,82.63,82.62,82.63,5115,2021-04-21 15:41:00,VCSH
82.63,82.63,82.63,82.63,5092,2021-04-21 15:42:00,VCSH
82.62,82.63,82.62,82.63,8535,2021-04-21 15:43:00,VCSH
82.63,82.63,82.62,82.63,10457,2021-04-21 15:44:00,VCSH
82.63,82.63,82.625,82.63,4483,2021-04-21 15:45:00,VCSH
82.63,82.63,82.6279,82.6279,4650,2021-04-21 15:46:00,VCSH
82.63,82.63,82.6244,82.63,9930,2021-04-21 15:47:00,VCSH
82.63,82.63,82.625,82.629,1525,2021-04-21 15:48:00,VCSH
82.625,82.625,82.6201,82.6226,662,2021-04-21 15:49:00,VCSH
82.626,82.63,82.625,82.63,1615,2021-04-21 15:50:00,VCSH
82.625,82.63,82.625,82.63,3452,2021-04-21 15:51:00,VCSH
82.6231,82.63,82.6226,82.625,4387,2021-04-21 15:52:00,VCSH
82.6274,82.6386,82.6274,82.635,1326,2021-04-21 15:53:00,VCSH
82.635,82.635,82.635,82.635,203,2021-04-21 15:54:00,VCSH
82.6344,82.6381,82.63,82.635,3599,2021-04-21 15:56:00,VCSH
82.635,82.635,82.635,82.635,956,2021-04-21 15:57:00,VCSH
82.6386,82.6386,82.6323,82.635,1174,2021-04-21 15:58:00,VCSH
82.6399,82.6399,82.63,82.635,1857,2021-04-21 15:59:00,VCSH
82.6366,82.6366,82.6301,82.635,4199,2021-04-21 16:00:00,VCSH
82.64,82.64,82.63,82.635,5153,2021-04-21 16:01:00,VCSH
82.63,82.64,82.63,82.64,2095,2021-04-21 16:02:00,VCSH
82.635,82.64,82.635,82.6363,3394,2021-04-21 16:03:00,VCSH
82.6374,82.64,82.631,82.635,2545,2021-04-21 16:04:00,VCSH
82.63,82.6399,82.63,82.635,2892,2021-04-21 16:05:00,VCSH
82.64,82.64,82.637,82.637,406,2021-04-21 16:06:00,VCSH
82.635,82.635,82.63,82.63,5507,2021-04-21 16:07:00,VCSH
82.63,82.637,82.63,82.635,2014,2021-04-21 16:08:00,VCSH
82.6356,82.6356,82.635,82.635,1855,2021-04-21 16:09:00,VCSH
82.635,82.635,82.635,82.635,1313,2021-04-21 16:10:00,VCSH
82.635,82.635,82.63,82.63,1942,2021-04-21 16:11:00,VCSH
82.6376,82.64,82.635,82.64,2242,2021-04-21 16:13:00,VCSH
82.63,82.6381,82.63,82.6374,2015,2021-04-21 16:14:00,VCSH
82.635,82.635,82.635,82.635,676,2021-04-21 16:15:00,VCSH
82.636,82.64,82.635,82.64,2145,2021-04-21 16:16:00,VCSH
82.63,82.63,82.63,82.63,147,2021-04-21 16:17:00,VCSH
82.6374,82.6374,82.6374,82.6374,222,2021-04-21 16:18:00,VCSH
82.635,82.635,82.635,82.635,602,2021-04-21 16:19:00,VCSH
82.6321,82.6321,82.6321,82.6321,654,2021-04-21 16:20:00,VCSH
82.6374,82.64,82.635,82.635,1554,2021-04-21 16:21:00,VCSH
82.6368,82.6381,82.6326,82.634,2474,2021-04-21 16:22:00,VCSH
82.6326,82.635,82.6326,82.635,643,2021-04-21 16:23:00,VCSH
82.64,82.64,82.635,82.6381,767,2021-04-21 16:24:00,VCSH
82.63,82.6379,82.63,82.6379,2905,2021-04-21 16:25:00,VCSH
82.6324,82.64,82.6323,82.64,2514,2021-04-21 16:26:00,VCSH
82.635,82.635,82.635,82.635,1700,2021-04-21 16:27:00,VCSH
82.635,82.6366,82.631,82.6366,736,2021-04-21 16:28:00,VCSH
82.64,82.64,82.63,82.64,826,2021-04-21 16:29:00,VCSH
82.635,82.635,82.635,82.635,400,2021-04-21 16:30:00,VCSH
82.6323,82.635,82.6321,82.6321,5276,2021-04-21 16:31:00,VCSH
82.6393,82.6393,82.63,82.6334,2005,2021-04-21 16:32:00,VCSH
82.64,82.64,82.6301,82.635,4571,2021-04-21 16:33:00,VCSH
82.63,82.63,82.63,82.63,500,2021-04-21 16:34:00,VCSH
82.6356,82.6356,82.6356,82.6356,600,2021-04-21 16:35:00,VCSH
82.63,82.636,82.63,82.6324,2324,2021-04-21 16:36:00,VCSH
82.635,82.64,82.635,82.635,6930,2021-04-21 16:37:00,VCSH
82.632,82.635,82.632,82.635,5552,2021-04-21 16:38:00,VCSH
82.6321,82.633,82.6321,82.633,1866,2021-04-21 16:39:00,VCSH
82.6326,82.635,82.6326,82.635,2343,2021-04-21 16:40:00,VCSH
82.635,82.6399,82.635,82.6399,478,2021-04-21 16:41:00,VCSH
82.6399,82.6399,82.635,82.635,353,2021-04-21 16:42:00,VCSH
82.635,82.64,82.635,82.635,1183,2021-04-21 16:43:00,VCSH
82.6399,82.6399,82.635,82.635,1150,2021-04-21 16:44:00,VCSH
82.6388,82.6388,82.635,82.635,3081,2021-04-21 16:45:00,VCSH
82.6321,82.6321,82.6321,82.6321,882,2021-04-21 16:46:00,VCSH
82.63,82.6358,82.63,82.635,1620,2021-04-21 16:47:00,VCSH
82.6337,82.635,82.6337,82.635,2501,2021-04-21 16:48:00,VCSH
82.6321,82.6374,82.6321,82.635,1340,2021-04-21 16:49:00,VCSH
82.6366,82.6366,82.635,82.635,1064,2021-04-21 16:50:00,VCSH
82.6324,82.638,82.6324,82.635,2496,2021-04-21 16:51:00,VCSH
82.63,82.635,82.63,82.635,765,2021-04-21 16:52:00,VCSH
82.635,82.635,82.6321,82.6321,772,2021-04-21 16:53:00,VCSH
82.64,82.64,82.635,82.639,1377,2021-04-21 16:54:00,VCSH
82.63,82.6379,82.63,82.6379,1180,2021-04-21 16:55:00,VCSH
82.633,82.636,82.633,82.636,1126,2021-04-21 16:56:00,VCSH
82.63,82.639,82.63,82.633,2609,2021-04-21 16:57:00,VCSH
82.6326,82.635,82.6326,82.635,402,2021-04-21 16:58:00,VCSH
82.635,82.6358,82.63,82.6339,1983,2021-04-21 16:59:00,VCSH
82.6374,82.6381,82.635,82.6381,1501,2021-04-21 17:00:00,VCSH
82.635,82.64,82.6322,82.64,3414,2021-04-21 17:01:00,VCSH
82.635,82.64,82.63,82.63,2799,2021-04-21 17:02:00,VCSH
82.635,82.64,82.635,82.64,4440,2021-04-21 17:03:00,VCSH
82.63,82.6375,82.63,82.636,1614,2021-04-21 17:04:00,VCSH
82.6374,82.6374,82.631,82.6356,5230,2021-04-21 17:05:00,VCSH
82.635,82.64,82.635,82.64,1917,2021-04-21 17:06:00,VCSH
82.6366,82.6366,82.6342,82.6342,3084,2021-04-21 17:08:00,VCSH
82.6376,82.6376,82.635,82.635,2921,2021-04-21 17:09:00,VCSH
82.635,82.635,82.635,82.635,125,2021-04-21 17:10:00,VCSH
82.64,82.64,82.63,82.63,1466,2021-04-21 17:11:00,VCSH
82.6399,82.64,82.6399,82.64,528,2021-04-21 17:12:00,VCSH
82.6374,82.6376,82.635,82.635,1071,2021-04-21 17:13:00,VCSH
82.6325,82.64,82.6325,82.635,6587,2021-04-21 17:14:00,VCSH
82.635,82.64,82.63,82.635,5196,2021-04-21 17:15:00,VCSH
82.635,82.6399,82.635,82.635,1051,2021-04-21 17:16:00,VCSH
82.635,82.64,82.635,82.64,500,2021-04-21 17:17:00,VCSH
82.635,82.64,82.635,82.64,1343,2021-04-21 17:18:00,VCSH
82.6377,82.64,82.6363,82.6377,1736,2021-04-21 17:19:00,VCSH
82.6376,82.64,82.6376,82.64,344,2021-04-21 17:20:00,VCSH
82.635,82.635,82.6322,82.6322,1261,2021-04-21 17:21:00,VCSH
82.6391,82.64,82.6324,82.6342,5460,2021-04-21 17:22:00,VCSH
82.632,82.639,82.632,82.639,2334,2021-04-21 17:23:00,VCSH
82.6334,82.64,82.633,82.64,3835,2021-04-21 17:24:00,VCSH
82.64,82.64,82.632,82.64,3651,2021-04-21 17:25:00,VCSH
82.64,82.64,82.63,82.64,1447,2021-04-21 17:26:00,VCSH
82.6381,82.64,82.6381,82.64,200,2021-04-21 17:27:00,VCSH
82.6382,82.64,82.6382,82.64,464,2021-04-21 17:28:00,VCSH
82.64,82.64,82.64,82.64,150,2021-04-21 17:30:00,VCSH
82.6399,82.64,82.6326,82.6334,660,2021-04-21 17:31:00,VCSH
82.635,82.635,82.635,82.635,1489,2021-04-21 17:32:00,VCSH
82.635,82.635,82.63,82.632,2941,2021-04-21 17:33:00,VCSH
82.6363,82.64,82.632,82.64,6385,2021-04-21 17:34:00,VCSH
82.64,82.64,82.635,82.635,569,2021-04-21 17:35:00,VCSH
82.64,82.64,82.6381,82.6381,463,2021-04-21 17:36:00,VCSH
82.64,82.64,82.63,82.63,2960,2021-04-21 17:37:00,VCSH
82.64,82.64,82.6326,82.6326,450,2021-04-21 17:38:00,VCSH
82.6381,82.64,82.6381,82.64,2945,2021-04-21 17:39:00,VCSH
82.64,82.64,82.635,82.64,709,2021-04-21 17:40:00,VCSH
82.6308,82.64,82.63,82.64,1249,2021-04-21 17:41:00,VCSH
82.6363,82.64,82.635,82.635,1421,2021-04-21 17:42:00,VCSH
82.635,82.635,82.635,82.635,315,2021-04-21 17:43:00,VCSH
82.64,82.64,82.6311,82.6311,540,2021-04-21 17:44:00,VCSH
82.64,82.64,82.64,82.64,100,2021-04-21 17:45:00,VCSH
82.6381,82.64,82.6343,82.64,9121,2021-04-21 17:46:00,VCSH
82.6307,82.6307,82.6307,82.6307,200,2021-04-21 17:47:00,VCSH
82.64,82.64,82.63,82.635,1653,2021-04-21 17:48:00,VCSH
82.635,82.6381,82.63,82.6381,1204,2021-04-21 17:49:00,VCSH
82.636,82.64,82.63,82.6362,8777,2021-04-21 17:50:00,VCSH
82.6369,82.64,82.633,82.6399,5287,2021-04-21 17:51:00,VCSH
82.635,82.64,82.635,82.6363,2628,2021-04-21 17:52:00,VCSH
82.6377,82.6377,82.63,82.635,2777,2021-04-21 17:53:00,VCSH
82.635,82.64,82.635,82.64,2673,2021-04-21 17:54:00,VCSH
82.639,82.64,82.635,82.6399,2509,2021-04-21 17:55:00,VCSH
82.6399,82.6399,82.6399,82.6399,313,2021-04-21 17:56:00,VCSH
82.63,82.64,82.63,82.6342,2300,2021-04-21 17:57:00,VCSH
82.63,82.64,82.63,82.64,4593,2021-04-21 17:58:00,VCSH
82.635,82.64,82.635,82.635,1407,2021-04-21 17:59:00,VCSH
82.6385,82.6385,82.631,82.6369,2312,2021-04-21 18:00:00,VCSH
82.635,82.6399,82.635,82.6399,1579,2021-04-21 18:01:00,VCSH
82.6374,82.6379,82.6326,82.6326,4039,2021-04-21 18:02:00,VCSH
82.635,82.6399,82.63,82.637,2642,2021-04-21 18:03:00,VCSH
82.6374,82.6374,82.6374,82.6374,248,2021-04-21 18:04:00,VCSH
82.6379,82.6379,82.6326,82.6326,1383,2021-04-21 18:05:00,VCSH
82.6399,82.6399,82.635,82.635,6011,2021-04-21 18:06:00,VCSH
82.64,82.64,82.635,82.64,1894,2021-04-21 18:07:00,VCSH
82.6374,82.6374,82.6326,82.635,4464,2021-04-21 18:08:00,VCSH
82.635,82.635,82.6326,82.635,34617,2021-04-21 18:09:00,VCSH
82.635,82.6381,82.632,82.635,1396,2021-04-21 18:10:00,VCSH
82.635,82.635,82.6323,82.635,2666,2021-04-21 18:11:00,VCSH
82.6326,82.6326,82.6326,82.6326,100,2021-04-21 18:12:00,VCSH
82.6324,82.64,82.6324,82.64,11273,2021-04-21 18:13:00,VCSH
82.635,82.6381,82.635,82.6381,1086,2021-04-21 18:14:00,VCSH
82.635,82.635,82.63,82.63,984,2021-04-21 18:15:00,VCSH
82.6381,82.64,82.63,82.63,2341,2021-04-21 18:16:00,VCSH
82.6354,82.6354,82.635,82.635,10606,2021-04-21 18:17:00,VCSH
82.63,82.635,82.63,82.635,1188,2021-04-21 18:18:00,VCSH
82.6378,82.64,82.6326,82.6326,3795,2021-04-21 18:19:00,VCSH
82.635,82.64,82.63,82.63,6674,2021-04-21 18:20:00,VCSH
82.635,82.6381,82.635,82.6381,2397,2021-04-21 18:21:00,VCSH
82.635,82.6399,82.6321,82.637,9299,2021-04-21 18:22:00,VCSH
82.6374,82.6374,82.6321,82.6321,1221,2021-04-21 18:23:00,VCSH
82.64,82.64,82.6326,82.635,4294,2021-04-21 18:24:00,VCSH
82.6323,82.6363,82.6323,82.635,1903,2021-04-21 18:25:00,VCSH
82.634,82.64,82.634,82.6368,3126,2021-04-21 18:26:00,VCSH
82.6381,82.6381,82.635,82.635,2027,2021-04-21 18:27:00,VCSH
82.6374,82.64,82.635,82.64,12170,2021-04-21 18:28:00,VCSH
82.635,82.64,82.6324,82.6324,2842,2021-04-21 18:29:00,VCSH
82.632,82.635,82.632,82.635,460,2021-04-21 18:30:00,VCSH
82.635,82.635,82.6324,82.635,1971,2021-04-21 18:31:00,VCSH
82.63,82.6301,82.63,82.6301,678,2021-04-21 18:32:00,VCSH
82.6381,82.6381,82.6381,82.6381,282,2021-04-21 18:33:00,VCSH
82.635,82.6377,82.63,82.6377,841,2021-04-21 18:34:00,VCSH
82.6378,82.6381,82.632,82.635,4441,2021-04-21 18:35:00,VCSH
82.635,82.6352,82.635,82.635,5595,2021-04-21 18:36:00,VCSH
82.635,82.6368,82.63,82.6368,1225,2021-04-21 18:37:00,VCSH
82.635,82.638,82.6342,82.635,5007,2021-04-21 18:38:00,VCSH
82.636,82.6379,82.63,82.635,1649,2021-04-21 18:39:00,VCSH
82.635,82.64,82.63,82.635,40921,2021-04-21 18:40:00,VCSH
82.63,82.639,82.63,82.633,6676,2021-04-21 18:41:00,VCSH
82.635,82.64,82.63,82.64,1612,2021-04-21 18:42:00,VCSH
82.64,82.64,82.635,82.6374,6587,2021-04-21 18:43:00,VCSH
82.64,82.64,82.635,82.635,3190,2021-04-21 18:44:00,VCSH
82.6359,82.6359,82.63,82.63,3766,2021-04-21 18:45:00,VCSH
82.6363,82.64,82.63,82.64,763,2021-04-21 18:46:00,VCSH
82.635,82.6381,82.635,82.635,2808,2021-04-21 18:47:00,VCSH
82.6315,82.635,82.63,82.635,2270,2021-04-21 18:48:00,VCSH
82.637,82.637,82.635,82.6356,4110,2021-04-21 18:49:00,VCSH
82.635,82.635,82.635,82.635,2605,2021-04-21 18:50:00,VCSH
82.6341,82.6366,82.63,82.6366,2725,2021-04-21 18:51:00,VCSH
82.634,82.6379,82.634,82.6379,2613,2021-04-21 18:52:00,VCSH
82.634,82.635,82.634,82.635,539,2021-04-21 18:53:00,VCSH
82.63,82.6399,82.63,82.6374,30966,2021-04-21 18:54:00,VCSH
82.635,82.64,82.635,82.635,3661,2021-04-21 18:55:00,VCSH
82.635,82.638,82.63,82.6379,8655,2021-04-21 18:56:00,VCSH
82.6374,82.6374,82.635,82.635,4728,2021-04-21 18:57:00,VCSH
82.635,82.64,82.63,82.64,8060,2021-04-21 18:58:00,VCSH
82.6378,82.64,82.63,82.6366,3978,2021-04-21 18:59:00,VCSH
82.6381,82.64,82.635,82.64,2820,2021-04-21 19:00:00,VCSH
82.64,82.64,82.632,82.6374,6578,2021-04-21 19:01:00,VCSH
82.64,82.64,82.63,82.64,3049,2021-04-21 19:02:00,VCSH
82.63,82.64,82.63,82.64,1530,2021-04-21 19:03:00,VCSH
82.6379,82.64,82.6348,82.639,16898,2021-04-21 19:04:00,VCSH
82.6374,82.64,82.6322,82.64,4080,2021-04-21 19:05:00,VCSH
82.633,82.6476,82.633,82.645,8598,2021-04-21 19:06:00,VCSH
82.645,82.65,82.641,82.644,5548,2021-04-21 19:07:00,VCSH
82.65,82.65,82.645,82.6469,2642,2021-04-21 19:08:00,VCSH
82.645,82.646,82.645,82.646,2656,2021-04-21 19:09:00,VCSH
82.645,82.645,82.6426,82.6426,400,2021-04-21 19:10:00,VCSH
82.645,82.649,82.645,82.645,1834,2021-04-21 19:11:00,VCSH
82.65,82.65,82.645,82.645,309,2021-04-21 19:12:00,VCSH
82.645,82.6499,82.645,82.645,1399,2021-04-21 19:13:00,VCSH
82.6459,82.6459,82.645,82.645,1295,2021-04-21 19:14:00,VCSH
82.645,82.6474,82.645,82.645,1873,2021-04-21 19:15:00,VCSH
82.645,82.648,82.64,82.645,4488,2021-04-21 19:16:00,VCSH
82.645,82.648,82.6426,82.645,2419,2021-04-21 19:17:00,VCSH
82.648,82.65,82.645,82.645,5733,2021-04-21 19:18:00,VCSH
82.645,82.6474,82.645,82.645,3631,2021-04-21 19:19:00,VCSH
82.645,82.6477,82.645,82.645,5835,2021-04-21 19:20:00,VCSH
82.64,82.65,82.64,82.65,5621,2021-04-21 19:21:00,VCSH
82.6474,82.65,82.64,82.65,4589,2021-04-21 19:22:00,VCSH
82.65,82.65,82.64,82.645,9123,2021-04-21 19:23:00,VCSH
82.65,82.65,82.645,82.65,19540,2021-04-21 19:24:00,VCSH
82.645,82.65,82.6422,82.65,10494,2021-04-21 19:25:00,VCSH
82.65,82.65,82.64,82.65,11288,2021-04-21 19:26:00,VCSH
82.65,82.65,82.6408,82.65,2742,2021-04-21 19:27:00,VCSH
82.65,82.65,82.645,82.65,6620,2021-04-21 19:28:00,VCSH
82.65,82.65,82.64,82.65,3221,2021-04-21 19:29:00,VCSH
82.645,82.66,82.645,82.66,7426,2021-04-21 19:30:00,VCSH
82.66,82.66,82.65,82.65,4065,2021-04-21 19:31:00,VCSH
82.66,82.66,82.655,82.66,1800,2021-04-21 19:32:00,VCSH
82.66,82.66,82.6526,82.655,7658,2021-04-21 19:33:00,VCSH
82.655,82.6599,82.655,82.655,9579,2021-04-21 19:34:00,VCSH
82.655,82.6599,82.6532,82.655,11823,2021-04-21 19:35:00,VCSH
82.655,82.66,82.6501,82.66,7050,2021-04-21 19:36:00,VCSH
82.655,82.66,82.65,82.66,48016,2021-04-21 19:37:00,VCSH
82.66,82.66,82.65,82.66,4900,2021-04-21 19:38:00,VCSH
82.66,82.66,82.655,82.66,16702,2021-04-21 19:39:00,VCSH
82.66,82.66,82.65,82.66,9020,2021-04-21 19:40:00,VCSH
82.6501,82.66,82.65,82.655,2039,2021-04-21 19:41:00,VCSH
82.655,82.66,82.65,82.6523,6985,2021-04-21 19:42:00,VCSH
82.655,82.66,82.6501,82.655,11572,2021-04-21 19:43:00,VCSH
82.655,82.66,82.6505,82.66,11832,2021-04-21 19:44:00,VCSH
82.655,82.66,82.65,82.66,3119,2021-04-21 19:45:00,VCSH
82.6558,82.66,82.65,82.655,7574,2021-04-21 19:46:00,VCSH
82.6576,82.66,82.65,82.655,3884,2021-04-21 19:47:00,VCSH
82.66,82.66,82.655,82.655,4460,2021-04-21 19:48:00,VCSH
82.655,82.66,82.65,82.66,4573,2021-04-21 19:49:00,VCSH
82.66,82.66,82.65,82.655,9768,2021-04-21 19:50:00,VCSH
82.6581,82.6599,82.65,82.655,4599,2021-04-21 19:51:00,VCSH
82.65,82.66,82.65,82.66,3886,2021-04-21 19:52:00,VCSH
82.655,82.6559,82.65,82.655,5372,2021-04-21 19:53:00,VCSH
82.655,82.66,82.65,82.655,5909,2021-04-21 19:54:00,VCSH
82.655,82.656,82.65,82.655,6029,2021-04-21 19:55:00,VCSH
82.655,82.66,82.65,82.66,3200,2021-04-21 19:56:00,VCSH
82.66,82.66,82.65,82.66,3990,2021-04-21 19:57:00,VCSH
82.66,82.66,82.65,82.65,104132,2021-04-21 19:58:00,VCSH
82.655,82.655,82.64,82.645,24270,2021-04-21 19:59:00,VCSH
82.65,82.65,82.65,82.65,102067,2021-04-21 20:00:00,VCSH
82.6273,82.64,82.6192,82.636,38961,2021-04-22 13:30:00,VCSH
82.6377,82.645,82.63,82.645,725,2021-04-22 13:31:00,VCSH
82.646,82.646,82.63,82.63,22391,2021-04-22 13:32:00,VCSH
82.64,82.64,82.64,82.64,133,2021-04-22 13:33:00,VCSH
82.642,82.65,82.642,82.645,3188,2021-04-22 13:34:00,VCSH
82.646,82.66,82.6444,82.65,6335,2021-04-22 13:35:00,VCSH
82.65,82.65,82.645,82.65,1537,2021-04-22 13:36:00,VCSH
82.65,82.65,82.646,82.646,1293,2021-04-22 13:37:00,VCSH
82.6466,82.6499,82.6466,82.649,1907,2021-04-22 13:38:00,VCSH
82.6401,82.6401,82.6401,82.6401,751,2021-04-22 13:40:00,VCSH
82.645,82.65,82.6426,82.65,9148,2021-04-22 13:41:00,VCSH
82.6474,82.6474,82.6401,82.645,1854,2021-04-22 13:42:00,VCSH
82.65,82.65,82.642,82.65,3627,2021-04-22 13:43:00,VCSH
82.65,82.65,82.65,82.65,100,2021-04-22 13:44:00,VCSH
82.65,82.66,82.65,82.66,18418,2021-04-22 13:45:00,VCSH
82.6566,82.66,82.655,82.655,3740,2021-04-22 13:46:00,VCSH
82.655,82.66,82.654,82.6599,2768,2021-04-22 13:47:00,VCSH
82.65,82.65,82.65,82.65,728,2021-04-22 13:48:00,VCSH
82.65,82.66,82.65,82.66,40791,2021-04-22 13:49:00,VCSH
82.6568,82.66,82.6565,82.66,4639,2021-04-22 13:50:00,VCSH
82.655,82.655,82.655,82.655,108,2021-04-22 13:51:00,VCSH
82.652,82.652,82.652,82.652,134,2021-04-22 13:52:00,VCSH
82.66,82.66,82.66,82.66,400,2021-04-22 13:53:00,VCSH
82.66,82.665,82.66,82.665,2384,2021-04-22 13:54:00,VCSH
82.662,82.67,82.6601,82.67,3731,2021-04-22 13:55:00,VCSH
82.6699,82.6699,82.66,82.665,1624,2021-04-22 13:56:00,VCSH
82.66,82.665,82.66,82.66,2807,2021-04-22 13:57:00,VCSH
82.66,82.66,82.6576,82.6581,2797,2021-04-22 13:58:00,VCSH
82.66,82.66,82.66,82.66,300,2021-04-22 13:59:00,VCSH
82.66,82.66,82.65,82.66,25845,2021-04-22 14:00:00,VCSH
82.66,82.66,82.655,82.66,2629,2021-04-22 14:01:00,VCSH
82.6569,82.66,82.6569,82.66,11046,2021-04-22 14:02:00,VCSH
82.66,82.67,82.655,82.67,2679,2021-04-22 14:03:00,VCSH
82.6674,82.67,82.66,82.665,2115,2021-04-22 14:04:00,VCSH
82.665,82.67,82.665,82.67,9805,2021-04-22 14:05:00,VCSH
82.665,82.665,82.665,82.665,713,2021-04-22 14:06:00,VCSH
82.661,82.666,82.661,82.665,1100,2021-04-22 14:07:00,VCSH
82.6674,82.6674,82.6674,82.6674,100,2021-04-22 14:08:00,VCSH
82.67,82.67,82.665,82.67,1804,2021-04-22 14:09:00,VCSH
82.66,82.67,82.66,82.6656,1229,2021-04-22 14:11:00,VCSH
82.67,82.67,82.665,82.665,551,2021-04-22 14:12:00,VCSH
82.6601,82.668,82.66,82.66,1277,2021-04-22 14:13:00,VCSH
82.665,82.6675,82.665,82.6675,320,2021-04-22 14:14:00,VCSH
82.6674,82.6674,82.665,82.665,1066,2021-04-22 14:15:00,VCSH
82.665,82.6674,82.665,82.6657,659,2021-04-22 14:17:00,VCSH
82.66,82.665,82.66,82.665,714,2021-04-22 14:18:00,VCSH
82.665,82.6678,82.6624,82.665,1617,2021-04-22 14:19:00,VCSH
82.6674,82.6674,82.661,82.661,770,2021-04-22 14:20:00,VCSH
82.665,82.665,82.66,82.665,4692,2021-04-22 14:21:00,VCSH
82.6631,82.67,82.6604,82.6604,1601,2021-04-22 14:22:00,VCSH
82.6666,82.6666,82.665,82.665,318,2021-04-22 14:23:00,VCSH
82.6669,82.67,82.66,82.67,6579,2021-04-22 14:24:00,VCSH
82.665,82.665,82.665,82.665,226,2021-04-22 14:25:00,VCSH
82.66,82.6699,82.66,82.665,1287,2021-04-22 14:26:00,VCSH
82.6699,82.6699,82.6699,82.6699,123,2021-04-22 14:27:00,VCSH
82.665,82.6699,82.66,82.6658,13855,2021-04-22 14:28:00,VCSH
82.665,82.666,82.6601,82.665,2312,2021-04-22 14:29:00,VCSH
82.6601,82.667,82.66,82.66,1499,2021-04-22 14:30:00,VCSH
82.66,82.66,82.66,82.66,200,2021-04-22 14:31:00,VCSH
82.66,82.6674,82.66,82.6645,513,2021-04-22 14:32:00,VCSH
82.665,82.669,82.665,82.665,891,2021-04-22 14:33:00,VCSH
82.666,82.666,82.66,82.665,849,2021-04-22 14:34:00,VCSH
82.6626,82.665,82.6614,82.6614,1310,2021-04-22 14:35:00,VCSH
82.66,82.665,82.66,82.66,2514,2021-04-22 14:36:00,VCSH
82.669,82.67,82.66,82.67,2287,2021-04-22 14:38:00,VCSH
82.6658,82.6677,82.66,82.66,1569,2021-04-22 14:39:00,VCSH
82.66,82.66,82.66,82.66,907,2021-04-22 14:40:00,VCSH
82.665,82.665,82.665,82.665,166,2021-04-22 14:41:00,VCSH
82.665,82.666,82.66,82.66,1427,2021-04-22 14:42:00,VCSH
82.665,82.668,82.66,82.66,3388,2021-04-22 14:43:00,VCSH
82.66,82.665,82.66,82.665,1142,2021-04-22 14:44:00,VCSH
82.664,82.67,82.66,82.665,2284,2021-04-22 14:45:00,VCSH
82.6665,82.6665,82.66,82.66,2399,2021-04-22 14:46:00,VCSH
82.665,82.668,82.66,82.665,4233,2021-04-22 14:47:00,VCSH
82.665,82.668,82.66,82.665,2241,2021-04-22 14:48:00,VCSH
82.665,82.668,82.665,82.668,2500,2021-04-22 14:49:00,VCSH
82.665,82.6699,82.66,82.66,12578,2021-04-22 14:50:00,VCSH
82.66,82.67,82.66,82.67,593,2021-04-22 14:51:00,VCSH
82.662,82.6674,82.662,82.6674,550,2021-04-22 14:52:00,VCSH
82.6679,82.6679,82.665,82.665,1318,2021-04-22 14:53:00,VCSH
82.665,82.665,82.66,82.665,466,2021-04-22 14:54:00,VCSH
82.665,82.665,82.655,82.665,2379,2021-04-22 14:55:00,VCSH
82.655,82.657,82.65,82.653,4129,2021-04-22 14:56:00,VCSH
82.6566,82.6574,82.656,82.6574,642,2021-04-22 14:57:00,VCSH
82.6576,82.6576,82.655,82.655,942,2021-04-22 14:58:00,VCSH
82.653,82.653,82.6526,82.6526,279,2021-04-22 14:59:00,VCSH
82.6523,82.6599,82.6523,82.658,3201,2021-04-22 15:00:00,VCSH
82.6578,82.6578,82.655,82.6565,916,2021-04-22 15:01:00,VCSH
82.65,82.6581,82.65,82.6581,586,2021-04-22 15:02:00,VCSH
82.6522,82.655,82.651,82.651,1010,2021-04-22 15:03:00,VCSH
82.6599,82.6599,82.655,82.6581,6833,2021-04-22 15:04:00,VCSH
82.655,82.6581,82.652,82.655,934,2021-04-22 15:05:00,VCSH
82.655,82.655,82.6,82.635,487978,2021-04-22 15:06:00,VCSH
82.635,82.6399,82.635,82.6379,10152,2021-04-22 15:07:00,VCSH
82.635,82.635,82.635,82.635,4253,2021-04-22 15:08:00,VCSH
82.636,82.6381,82.632,82.6381,2113,2021-04-22 15:09:00,VCSH
82.6368,82.639,82.6326,82.6326,900,2021-04-22 15:10:00,VCSH
82.6358,82.64,82.6324,82.6374,1699,2021-04-22 15:11:00,VCSH
82.6334,82.6381,82.632,82.6381,770,2021-04-22 15:12:00,VCSH
82.6366,82.637,82.6366,82.637,678,2021-04-22 15:13:00,VCSH
82.635,82.635,82.635,82.635,250,2021-04-22 15:14:00,VCSH
82.6301,82.6356,82.6301,82.635,2391,2021-04-22 15:15:00,VCSH
82.6322,82.639,82.6322,82.635,1912,2021-04-22 15:16:00,VCSH
82.635,82.635,82.632,82.632,263,2021-04-22 15:17:00,VCSH
82.63,82.6376,82.63,82.633,8253,2021-04-22 15:18:00,VCSH
82.63,82.6378,82.63,82.6359,1664,2021-04-22 15:19:00,VCSH
82.63,82.6365,82.63,82.6365,4702,2021-04-22 15:20:00,VCSH
82.635,82.639,82.63,82.63,2686,2021-04-22 15:21:00,VCSH
82.6374,82.6374,82.6226,82.6226,4020,2021-04-22 15:22:00,VCSH
82.625,82.6299,82.625,82.6299,522,2021-04-22 15:23:00,VCSH
82.625,82.627,82.625,82.627,227,2021-04-22 15:24:00,VCSH
82.6224,82.625,82.6224,82.625,527,2021-04-22 15:25:00,VCSH
82.625,82.635,82.625,82.63,74653,2021-04-22 15:26:00,VCSH
82.625,82.64,82.625,82.635,16457,2021-04-22 15:27:00,VCSH
82.6365,82.64,82.6359,82.6359,686,2021-04-22 15:28:00,VCSH
82.63,82.6381,82.625,82.625,24762,2021-04-22 15:29:00,VCSH
82.625,82.625,82.625,82.625,7093,2021-04-22 15:30:00,VCSH
82.625,82.6281,82.625,82.6281,8399,2021-04-22 15:31:00,VCSH
82.6258,82.63,82.6258,82.63,1710,2021-04-22 15:32:00,VCSH
82.6374,82.6379,82.635,82.635,1290,2021-04-22 15:33:00,VCSH
82.64,82.64,82.6326,82.635,2207,2021-04-22 15:34:00,VCSH
82.6374,82.6374,82.635,82.6359,7156,2021-04-22 15:35:00,VCSH
82.6377,82.6377,82.635,82.635,1350,2021-04-22 15:36:00,VCSH
82.6372,82.6372,82.635,82.6355,422,2021-04-22 15:37:00,VCSH
82.635,82.6381,82.6327,82.635,1434,2021-04-22 15:38:00,VCSH
82.635,82.635,82.634,82.635,475,2021-04-22 15:39:00,VCSH
82.632,82.6377,82.63,82.637,2231,2021-04-22 15:40:00,VCSH
82.635,82.6387,82.6326,82.6326,1052,2021-04-22 15:41:00,VCSH
82.6399,82.6399,82.635,82.635,1184,2021-04-22 15:42:00,VCSH
82.638,82.64,82.6345,82.639,10311,2021-04-22 15:43:00,VCSH
82.6374,82.64,82.635,82.635,1462,2021-04-22 15:44:00,VCSH
82.63,82.64,82.63,82.64,2650,2021-04-22 15:45:00,VCSH
82.635,82.639,82.635,82.639,1023,2021-04-22 15:46:00,VCSH
82.64,82.64,82.635,82.636,1362,2021-04-22 15:47:00,VCSH
82.6326,82.6326,82.6326,82.6326,195,2021-04-22 15:48:00,VCSH
82.6374,82.6374,82.6322,82.6345,4558,2021-04-22 15:49:00,VCSH
82.6383,82.6383,82.6379,82.6379,6300,2021-04-22 15:50:00,VCSH
82.635,82.635,82.635,82.635,302,2021-04-22 15:51:00,VCSH
82.6365,82.6365,82.6365,82.6365,107,2021-04-22 15:52:00,VCSH
82.635,82.64,82.63,82.635,35956,2021-04-22 15:55:00,VCSH
82.635,82.635,82.635,82.635,880,2021-04-22 15:56:00,VCSH
82.635,82.6374,82.6341,82.637,5160,2021-04-22 15:57:00,VCSH
82.6341,82.635,82.6326,82.6326,1172,2021-04-22 15:58:00,VCSH
82.636,82.636,82.636,82.636,498,2021-04-22 15:59:00,VCSH
82.635,82.635,82.63,82.63,1313,2021-04-22 16:00:00,VCSH
82.6399,82.6399,82.6379,82.6379,997,2021-04-22 16:01:00,VCSH
82.63,82.63,82.63,82.63,180,2021-04-22 16:02:00,VCSH
82.63,82.639,82.63,82.639,6890,2021-04-22 16:03:00,VCSH
82.63,82.632,82.63,82.632,660,2021-04-22 16:04:00,VCSH
82.63,82.6358,82.63,82.63,3579,2021-04-22 16:05:00,VCSH
82.634,82.634,82.6225,82.63,44147,2021-04-22 16:06:00,VCSH
82.6274,82.63,82.62,82.625,1768,2021-04-22 16:07:00,VCSH
82.6208,82.625,82.6208,82.625,2474,2021-04-22 16:08:00,VCSH
82.625,82.63,82.625,82.625,25320,2021-04-22 16:10:00,VCSH
82.6245,82.629,82.6245,82.629,430,2021-04-22 16:11:00,VCSH
82.6299,82.6299,82.62,82.625,3552,2021-04-22 16:12:00,VCSH
82.624,82.6266,82.624,82.6266,420,2021-04-22 16:14:00,VCSH
82.6278,82.6281,82.6277,82.6277,980,2021-04-22 16:15:00,VCSH
82.6236,82.6236,82.6236,82.6236,180,2021-04-22 16:16:00,VCSH
82.625,82.625,82.625,82.625,288,2021-04-22 16:17:00,VCSH
82.63,82.63,82.62,82.62,350,2021-04-22 16:18:00,VCSH
82.625,82.625,82.625,82.625,198,2021-04-22 16:19:00,VCSH
82.625,82.626,82.625,82.626,500,2021-04-22 16:20:00,VCSH
82.624,82.6263,82.624,82.626,1940,2021-04-22 16:22:00,VCSH
82.625,82.625,82.625,82.625,306,2021-04-22 16:23:00,VCSH
82.625,82.629,82.625,82.625,1695,2021-04-22 16:24:00,VCSH
82.6223,82.63,82.62,82.625,1149,2021-04-22 16:25:00,VCSH
82.6201,82.63,82.6201,82.625,6664,2021-04-22 16:26:00,VCSH
82.63,82.635,82.63,82.635,61601,2021-04-22 16:27:00,VCSH
82.6381,82.6381,82.635,82.635,2573,2021-04-22 16:28:00,VCSH
82.63,82.6326,82.63,82.6326,363,2021-04-22 16:29:00,VCSH
82.6344,82.6359,82.634,82.635,2524,2021-04-22 16:30:00,VCSH
82.635,82.64,82.635,82.635,38230,2021-04-22 16:31:00,VCSH
82.632,82.6358,82.632,82.6326,1235,2021-04-22 16:32:00,VCSH
82.635,82.6377,82.63,82.635,8261,2021-04-22 16:33:00,VCSH
82.635,82.635,82.635,82.635,121,2021-04-22 16:34:00,VCSH
82.6326,82.64,82.6326,82.6395,1040,2021-04-22 16:35:00,VCSH
82.635,82.64,82.635,82.6392,4350,2021-04-22 16:36:00,VCSH
82.635,82.64,82.63,82.63,4322,2021-04-22 16:37:00,VCSH
82.63,82.6377,82.63,82.6377,1339,2021-04-22 16:38:00,VCSH
82.635,82.64,82.635,82.6399,2220,2021-04-22 16:39:00,VCSH
82.6336,82.6336,82.6336,82.6336,112,2021-04-22 16:40:00,VCSH
82.6398,82.6398,82.6345,82.6345,1026,2021-04-22 16:41:00,VCSH
82.6345,82.636,82.6345,82.635,832,2021-04-22 16:42:00,VCSH
82.6381,82.64,82.635,82.635,2060,2021-04-22 16:43:00,VCSH
82.6374,82.639,82.6374,82.6374,477,2021-04-22 16:44:00,VCSH
82.64,82.64,82.63,82.6399,8679,2021-04-22 16:45:00,VCSH
82.6356,82.6356,82.6356,82.6356,101,2021-04-22 16:46:00,VCSH
82.64,82.64,82.6387,82.6387,286,2021-04-22 16:47:00,VCSH
82.64,82.64,82.6375,82.6375,620,2021-04-22 16:48:00,VCSH
82.635,82.635,82.631,82.631,376,2021-04-22 16:49:00,VCSH
82.6357,82.6378,82.6345,82.6345,915,2021-04-22 16:50:00,VCSH
82.6355,82.6355,82.63,82.63,254,2021-04-22 16:51:00,VCSH
82.635,82.635,82.635,82.635,345,2021-04-22 16:52:00,VCSH
82.6355,82.6355,82.6345,82.635,510,2021-04-22 16:53:00,VCSH
82.635,82.64,82.635,82.6376,811,2021-04-22 16:54:00,VCSH
82.638,82.638,82.635,82.635,3526,2021-04-22 16:55:00,VCSH
82.637,82.637,82.637,82.637,263,2021-04-22 16:56:00,VCSH
82.63,82.63,82.63,82.63,230,2021-04-22 16:57:00,VCSH
82.6392,82.64,82.6392,82.64,9779,2021-04-22 16:58:00,VCSH
82.6376,82.639,82.6331,82.635,11132,2021-04-22 16:59:00,VCSH
82.6399,82.65,82.6399,82.646,16143,2021-04-22 17:00:00,VCSH
82.645,82.646,82.645,82.646,378,2021-04-22 17:01:00,VCSH
82.645,82.65,82.645,82.645,46464,2021-04-22 17:02:00,VCSH
82.645,82.6479,82.645,82.645,5360,2021-04-22 17:03:00,VCSH
82.6426,82.646,82.64,82.64,1230,2021-04-22 17:04:00,VCSH
82.65,82.65,82.65,82.65,658,2021-04-22 17:05:00,VCSH
82.64,82.64,82.64,82.64,100,2021-04-22 17:06:00,VCSH
82.645,82.645,82.6426,82.6426,891,2021-04-22 17:07:00,VCSH
82.65,82.65,82.6442,82.6442,771,2021-04-22 17:08:00,VCSH
82.6476,82.6476,82.645,82.645,10300,2021-04-22 17:10:00,VCSH
82.645,82.66,82.645,82.655,11250,2021-04-22 17:11:00,VCSH
82.659,82.66,82.6501,82.66,8960,2021-04-22 17:12:00,VCSH
82.66,82.66,82.65,82.66,3929,2021-04-22 17:13:00,VCSH
82.655,82.655,82.655,82.655,297,2021-04-22 17:14:00,VCSH
82.655,82.66,82.655,82.66,1228,2021-04-22 17:15:00,VCSH
82.654,82.66,82.65,82.655,841,2021-04-22 17:16:00,VCSH
82.655,82.655,82.655,82.655,209,2021-04-22 17:17:00,VCSH
82.655,82.655,82.655,82.655,386,2021-04-22 17:19:00,VCSH
82.65,82.66,82.645,82.645,10228,2021-04-22 17:20:00,VCSH
82.65,82.65,82.65,82.65,100,2021-04-22 17:21:00,VCSH
82.6465,82.65,82.646,82.65,10073,2021-04-22 17:22:00,VCSH
82.65,82.65,82.6466,82.648,1370,2021-04-22 17:23:00,VCSH
82.648,82.65,82.6463,82.6498,1156,2021-04-22 17:24:00,VCSH
82.648,82.648,82.64,82.6458,1181,2021-04-22 17:25:00,VCSH
82.65,82.65,82.64,82.64,1284,2021-04-22 17:26:00,VCSH
82.65,82.65,82.65,82.65,122,2021-04-22 17:27:00,VCSH
82.65,82.65,82.6466,82.6466,3124,2021-04-22 17:28:00,VCSH
82.645,82.65,82.64,82.644,1847,2021-04-22 17:29:00,VCSH
82.648,82.648,82.6424,82.645,3224,2021-04-22 17:30:00,VCSH
82.648,82.6499,82.6466,82.6499,973,2021-04-22 17:31:00,VCSH
82.645,82.648,82.645,82.6474,1754,2021-04-22 17:32:00,VCSH
82.645,82.645,82.645,82.645,3600,2021-04-22 17:34:00,VCSH
82.6475,82.649,82.6426,82.645,892,2021-04-22 17:35:00,VCSH
82.6479,82.6479,82.645,82.645,1617,2021-04-22 17:36:00,VCSH
82.648,82.648,82.646,82.646,658,2021-04-22 17:37:00,VCSH
82.645,82.6474,82.6401,82.6401,968,2021-04-22 17:38:00,VCSH
82.645,82.645,82.645,82.645,662,2021-04-22 17:39:00,VCSH
82.65,82.65,82.6427,82.6482,812,2021-04-22 17:40:00,VCSH
82.6499,82.6555,82.645,82.655,24435,2021-04-22 17:41:00,VCSH
82.656,82.656,82.65,82.65,8050,2021-04-22 17:42:00,VCSH
82.645,82.65,82.64,82.64,1252,2021-04-22 17:43:00,VCSH
82.65,82.66,82.65,82.66,12099,2021-04-22 17:44:00,VCSH
82.6566,82.659,82.6545,82.6545,2578,2021-04-22 17:45:00,VCSH
82.6558,82.66,82.6556,82.6556,6460,2021-04-22 17:47:00,VCSH
82.65,82.65,82.65,82.65,600,2021-04-22 17:48:00,VCSH
82.643,82.6571,82.643,82.655,1538,2021-04-22 17:49:00,VCSH
82.66,82.66,82.65,82.655,2006,2021-04-22 17:50:00,VCSH
82.655,82.655,82.65,82.655,3400,2021-04-22 17:51:00,VCSH
82.6558,82.66,82.6558,82.66,15561,2021-04-22 17:52:00,VCSH
82.655,82.6569,82.65,82.6569,21522,2021-04-22 17:53:00,VCSH
82.65,82.6567,82.65,82.6563,1348,2021-04-22 17:54:00,VCSH
82.655,82.655,82.655,82.655,1220,2021-04-22 17:55:00,VCSH
82.65,82.655,82.65,82.655,1259,2021-04-22 17:56:00,VCSH
82.6519,82.66,82.6519,82.655,2491,2021-04-22 17:57:00,VCSH
82.6567,82.6567,82.6557,82.6557,807,2021-04-22 17:58:00,VCSH
82.6579,82.6579,82.65,82.65,1609,2021-04-22 17:59:00,VCSH
82.6599,82.6599,82.645,82.645,1715,2021-04-22 18:00:00,VCSH
82.64,82.645,82.64,82.645,570,2021-04-22 18:01:00,VCSH
82.645,82.645,82.645,82.645,8898,2021-04-22 18:02:00,VCSH
82.645,82.645,82.645,82.645,475,2021-04-22 18:03:00,VCSH
82.645,82.645,82.645,82.645,1348,2021-04-22 18:04:00,VCSH
82.644,82.645,82.644,82.645,665,2021-04-22 18:05:00,VCSH
82.6474,82.6474,82.6474,82.6474,180,2021-04-22 18:06:00,VCSH
82.648,82.648,82.648,82.648,2500,2021-04-22 18:07:00,VCSH
82.64,82.65,82.64,82.65,2335,2021-04-22 18:08:00,VCSH
82.65,82.65,82.64,82.64,580,2021-04-22 18:09:00,VCSH
82.645,82.645,82.6422,82.6422,1123,2021-04-22 18:11:00,VCSH
82.645,82.65,82.64,82.65,6360,2021-04-22 18:12:00,VCSH
82.64,82.65,82.64,82.65,6883,2021-04-22 18:13:00,VCSH
82.6476,82.6479,82.6476,82.6479,867,2021-04-22 18:14:00,VCSH
82.65,82.65,82.645,82.645,581,2021-04-22 18:16:00,VCSH
82.6499,82.65,82.643,82.643,3769,2021-04-22 18:17:00,VCSH
82.649,82.65,82.6444,82.65,5968,2021-04-22 18:18:00,VCSH
82.645,82.645,82.64,82.645,1086,2021-04-22 18:19:00,VCSH
82.6441,82.6458,82.64,82.64,3611,2021-04-22 18:20:00,VCSH
82.645,82.648,82.64,82.648,2070,2021-04-22 18:21:00,VCSH
82.646,82.646,82.646,82.646,168,2021-04-22 18:22:00,VCSH
82.645,82.648,82.645,82.645,815,2021-04-22 18:23:00,VCSH
82.65,82.65,82.64,82.64,1661,2021-04-22 18:24:00,VCSH
82.65,82.65,82.6474,82.6474,350,2021-04-22 18:25:00,VCSH
82.6426,82.65,82.6426,82.65,1558,2021-04-22 18:26:00,VCSH
82.6401,82.65,82.6401,82.645,2127,2021-04-22 18:28:00,VCSH
82.645,82.65,82.64,82.65,27655,2021-04-22 18:29:00,VCSH
82.645,82.645,82.64,82.645,4429,2021-04-22 18:30:00,VCSH
82.65,82.65,82.64,82.6499,6442,2021-04-22 18:31:00,VCSH
82.65,82.65,82.645,82.645,1213,2021-04-22 18:32:00,VCSH
82.645,82.6499,82.64,82.64,47999,2021-04-22 18:33:00,VCSH
82.64,82.64,82.635,82.635,13411,2021-04-22 18:34:00,VCSH
82.635,82.639,82.635,82.6363,1905,2021-04-22 18:35:00,VCSH
82.64,82.64,82.6344,82.6366,4808,2021-04-22 18:36:00,VCSH
82.636,82.64,82.635,82.6366,4968,2021-04-22 18:37:00,VCSH
82.639,82.639,82.639,82.639,484,2021-04-22 18:38:00,VCSH
82.634,82.639,82.634,82.639,638,2021-04-22 18:39:00,VCSH
82.6368,82.6368,82.6341,82.6341,1550,2021-04-22 18:40:00,VCSH
82.6399,82.6399,82.639,82.639,764,2021-04-22 18:41:00,VCSH
82.64,82.64,82.64,82.64,170,2021-04-22 18:42:00,VCSH
82.6399,82.64,82.6334,82.636,2082,2021-04-22 18:43:00,VCSH
82.639,82.64,82.635,82.639,1732,2021-04-22 18:44:00,VCSH
82.639,82.64,82.635,82.64,883,2021-04-22 18:45:00,VCSH
82.64,82.64,82.6316,82.639,9162,2021-04-22 18:46:00,VCSH
82.639,82.64,82.6363,82.64,590,2021-04-22 18:47:00,VCSH
82.636,82.64,82.636,82.64,650,2021-04-22 18:48:00,VCSH
82.6345,82.6345,82.6345,82.6345,169,2021-04-22 18:49:00,VCSH
82.64,82.64,82.635,82.635,856,2021-04-22 18:50:00,VCSH
82.6366,82.64,82.635,82.64,1653,2021-04-22 18:51:00,VCSH
82.6366,82.6366,82.635,82.635,695,2021-04-22 18:52:00,VCSH
82.639,82.639,82.639,82.639,653,2021-04-22 18:53:00,VCSH
82.64,82.64,82.63,82.6322,4330,2021-04-22 18:54:00,VCSH
82.63,82.64,82.63,82.635,2411,2021-04-22 18:55:00,VCSH
82.64,82.64,82.635,82.6382,4370,2021-04-22 18:56:00,VCSH
82.634,82.6345,82.634,82.6345,265,2021-04-22 18:57:00,VCSH
82.635,82.64,82.635,82.64,423,2021-04-22 18:58:00,VCSH
82.637,82.64,82.634,82.64,6794,2021-04-22 18:59:00,VCSH
82.632,82.64,82.63,82.63,5028,2021-04-22 19:00:00,VCSH
82.64,82.64,82.6326,82.6326,1838,2021-04-22 19:01:00,VCSH
82.6301,82.64,82.6301,82.64,1095,2021-04-22 19:02:00,VCSH
82.635,82.64,82.6301,82.64,4596,2021-04-22 19:03:00,VCSH
82.6345,82.64,82.63,82.64,2440,2021-04-22 19:04:00,VCSH
82.6376,82.6376,82.635,82.635,871,2021-04-22 19:05:00,VCSH
82.639,82.64,82.6323,82.6323,1954,2021-04-22 19:06:00,VCSH
82.64,82.64,82.631,82.635,7667,2021-04-22 19:07:00,VCSH
82.6378,82.64,82.635,82.64,15759,2021-04-22 19:08:00,VCSH
82.64,82.64,82.635,82.635,2093,2021-04-22 19:09:00,VCSH
82.64,82.64,82.634,82.64,2757,2021-04-22 19:10:00,VCSH
82.64,82.65,82.635,82.645,16566,2021-04-22 19:11:00,VCSH
82.6468,82.6468,82.645,82.645,950,2021-04-22 19:12:00,VCSH
82.645,82.65,82.645,82.649,5843,2021-04-22 19:13:00,VCSH
82.649,82.65,82.645,82.645,4670,2021-04-22 19:14:00,VCSH
82.6419,82.6499,82.641,82.649,7237,2021-04-22 19:15:00,VCSH
82.6474,82.65,82.6424,82.6424,19784,2021-04-22 19:17:00,VCSH
82.649,82.649,82.645,82.645,1794,2021-04-22 19:18:00,VCSH
82.646,82.65,82.645,82.6499,2490,2021-04-22 19:19:00,VCSH
82.649,82.65,82.6466,82.65,4236,2021-04-22 19:20:00,VCSH
82.65,82.65,82.65,82.65,5200,2021-04-22 19:21:00,VCSH
82.65,82.66,82.65,82.655,17094,2021-04-22 19:22:00,VCSH
82.655,82.66,82.65,82.655,41890,2021-04-22 19:23:00,VCSH
82.6581,82.6581,82.655,82.655,15248,2021-04-22 19:24:00,VCSH
82.6579,82.66,82.652,82.652,10531,2021-04-22 19:25:00,VCSH
82.6581,82.6581,82.6581,82.6581,181,2021-04-22 19:26:00,VCSH
82.658,82.6581,82.655,82.6566,5040,2021-04-22 19:27:00,VCSH
82.655,82.66,82.6524,82.6524,2234,2021-04-22 19:28:00,VCSH
82.655,82.655,82.655,82.655,242,2021-04-22 19:29:00,VCSH
82.6579,82.66,82.6544,82.655,4461,2021-04-22 19:30:00,VCSH
82.655,82.66,82.652,82.652,2453,2021-04-22 19:31:00,VCSH
82.656,82.66,82.6524,82.6563,2963,2021-04-22 19:32:00,VCSH
82.66,82.66,82.65,82.66,3006,2021-04-22 19:33:00,VCSH
82.653,82.66,82.6521,82.6521,3428,2021-04-22 19:34:00,VCSH
82.65,82.66,82.65,82.6599,5240,2021-04-22 19:35:00,VCSH
82.66,82.66,82.6579,82.66,4765,2021-04-22 19:36:00,VCSH
82.6501,82.66,82.6501,82.66,1221,2021-04-22 19:37:00,VCSH
82.652,82.66,82.652,82.66,3834,2021-04-22 19:38:00,VCSH
82.655,82.66,82.65,82.66,3856,2021-04-22 19:39:00,VCSH
82.6574,82.66,82.655,82.655,554,2021-04-22 19:40:00,VCSH
82.6596,82.66,82.653,82.656,1544,2021-04-22 19:41:00,VCSH
82.65,82.66,82.65,82.66,4890,2021-04-22 19:42:00,VCSH
82.659,82.66,82.656,82.659,3047,2021-04-22 19:43:00,VCSH
82.6526,82.66,82.6526,82.66,1182,2021-04-22 19:44:00,VCSH
82.66,82.66,82.65,82.65,40962,2021-04-22 19:45:00,VCSH
82.66,82.66,82.655,82.655,1015,2021-04-22 19:46:00,VCSH
82.659,82.66,82.65,82.6574,754,2021-04-22 19:47:00,VCSH
82.66,82.66,82.65,82.65,5654,2021-04-22 19:48:00,VCSH
82.6577,82.66,82.6501,82.655,3768,2021-04-22 19:49:00,VCSH
82.6596,82.66,82.6574,82.6599,5119,2021-04-22 19:50:00,VCSH
82.6541,82.66,82.6541,82.6557,1909,2021-04-22 19:51:00,VCSH
82.6576,82.66,82.655,82.655,942,2021-04-22 19:52:00,VCSH
82.6576,82.66,82.655,82.655,5775,2021-04-22 19:53:00,VCSH
82.654,82.66,82.6501,82.66,2043,2021-04-22 19:55:00,VCSH
82.66,82.66,82.655,82.655,6010,2021-04-22 19:56:00,VCSH
82.655,82.66,82.65,82.655,2591,2021-04-22 19:57:00,VCSH
82.66,82.66,82.65,82.655,12116,2021-04-22 19:58:00,VCSH
82.66,82.66,82.65,82.66,7156,2021-04-22 19:59:00,VCSH
82.66,82.66,82.655,82.655,57482,2021-04-22 20:00:00,VCSH
82.65,82.65,82.64,82.64,24635,2021-04-23 13:30:00,VCSH
82.64,82.66,82.64,82.65,57465,2021-04-23 13:31:00,VCSH
82.645,82.6496,82.645,82.645,10628,2021-04-23 13:32:00,VCSH
82.6436,82.65,82.6436,82.65,516,2021-04-23 13:33:00,VCSH
82.6463,82.6463,82.6463,82.6463,275,2021-04-23 13:34:00,VCSH
82.645,82.6499,82.645,82.6499,1267,2021-04-23 13:35:00,VCSH
82.65,82.65,82.645,82.65,2272,2021-04-23 13:36:00,VCSH
82.645,82.645,82.645,82.645,692,2021-04-23 13:37:00,VCSH
82.644,82.645,82.64,82.645,810,2021-04-23 13:38:00,VCSH
82.64,82.64,82.64,82.64,545,2021-04-23 13:39:00,VCSH
82.6401,82.645,82.6401,82.645,1408,2021-04-23 13:40:00,VCSH
82.65,82.65,82.64,82.645,7600,2021-04-23 13:41:00,VCSH
82.65,82.65,82.6497,82.65,9560,2021-04-23 13:42:00,VCSH
82.65,82.655,82.6419,82.655,6820,2021-04-23 13:43:00,VCSH
82.6581,82.6581,82.6521,82.655,1755,2021-04-23 13:44:00,VCSH
82.655,82.659,82.655,82.659,2700,2021-04-23 13:45:00,VCSH
82.65,82.66,82.65,82.66,5504,2021-04-23 13:46:00,VCSH
82.652,82.652,82.6501,82.6501,1095,2021-04-23 13:47:00,VCSH
82.66,82.6658,82.66,82.66,3972,2021-04-23 13:48:00,VCSH
82.6597,82.66,82.65,82.6599,3700,2021-04-23 13:49:00,VCSH
82.66,82.665,82.66,82.66,4129,2021-04-23 13:50:00,VCSH
82.6606,82.6616,82.6537,82.6537,10053,2021-04-23 13:51:00,VCSH
82.655,82.655,82.65,82.65,6485,2021-04-23 13:52:00,VCSH
82.66,82.66,82.655,82.655,6409,2021-04-23 13:53:00,VCSH
82.655,82.6577,82.65,82.65,2269,2021-04-23 13:54:00,VCSH
82.6499,82.6499,82.6423,82.6423,574,2021-04-23 13:55:00,VCSH
82.645,82.6474,82.645,82.645,8731,2021-04-23 13:56:00,VCSH
82.6463,82.65,82.645,82.645,4399,2021-04-23 13:57:00,VCSH
82.6474,82.656,82.645,82.655,95954,2021-04-23 13:58:00,VCSH
82.655,82.655,82.655,82.655,1920,2021-04-23 13:59:00,VCSH
82.655,82.655,82.6537,82.6537,524,2021-04-23 14:00:00,VCSH
82.656,82.656,82.655,82.655,595,2021-04-23 14:01:00,VCSH
82.6572,82.6572,82.6572,82.6572,100,2021-04-23 14:02:00,VCSH
82.655,82.6599,82.6526,82.655,4536,2021-04-23 14:03:00,VCSH
82.6568,82.66,82.6524,82.66,5201,2021-04-23 14:04:00,VCSH
82.655,82.66,82.655,82.655,8781,2021-04-23 14:05:00,VCSH
82.6566,82.6566,82.655,82.655,9800,2021-04-23 14:06:00,VCSH
82.655,82.655,82.655,82.655,5268,2021-04-23 14:07:00,VCSH
82.655,82.6559,82.65,82.655,6433,2021-04-23 14:08:00,VCSH
82.655,82.66,82.655,82.655,21083,2021-04-23 14:09:00,VCSH
82.6545,82.655,82.6526,82.655,6808,2021-04-23 14:10:00,VCSH
82.655,82.6579,82.6501,82.655,3359,2021-04-23 14:11:00,VCSH
82.6523,82.655,82.6523,82.6537,945,2021-04-23 14:12:00,VCSH
82.655,82.6574,82.655,82.655,939,2021-04-23 14:13:00,VCSH
82.6578,82.66,82.6501,82.66,5471,2021-04-23 14:14:00,VCSH
82.655,82.66,82.654,82.66,1500,2021-04-23 14:15:00,VCSH
82.66,82.66,82.655,82.655,680,2021-04-23 14:16:00,VCSH
82.6575,82.66,82.6574,82.66,716,2021-04-23 14:17:00,VCSH
82.655,82.66,82.652,82.66,3133,2021-04-23 14:18:00,VCSH
82.6576,82.66,82.655,82.66,1615,2021-04-23 14:19:00,VCSH
82.655,82.66,82.655,82.655,1107,2021-04-23 14:20:00,VCSH
82.655,82.66,82.655,82.655,39890,2021-04-23 14:21:00,VCSH
82.655,82.66,82.655,82.6599,752,2021-04-23 14:22:00,VCSH
82.654,82.66,82.6526,82.6526,641,2021-04-23 14:23:00,VCSH
82.6556,82.66,82.655,82.66,1946,2021-04-23 14:24:00,VCSH
82.66,82.66,82.655,82.66,351,2021-04-23 14:25:00,VCSH
82.65,82.66,82.65,82.66,700,2021-04-23 14:26:00,VCSH
82.653,82.66,82.653,82.66,1501,2021-04-23 14:27:00,VCSH
82.6562,82.66,82.6562,82.66,310,2021-04-23 14:28:00,VCSH
82.66,82.66,82.65,82.6506,15869,2021-04-23 14:29:00,VCSH
82.65,82.6566,82.6426,82.6478,9950,2021-04-23 14:30:00,VCSH
82.64,82.65,82.64,82.65,1238,2021-04-23 14:31:00,VCSH
82.65,82.65,82.6401,82.65,988,2021-04-23 14:32:00,VCSH
82.645,82.65,82.64,82.65,644,2021-04-23 14:33:00,VCSH
82.648,82.65,82.6426,82.645,3248,2021-04-23 14:34:00,VCSH
82.648,82.66,82.645,82.66,3093,2021-04-23 14:35:00,VCSH
82.66,82.66,82.6526,82.66,335,2021-04-23 14:36:00,VCSH
82.6526,82.66,82.65,82.65,755,2021-04-23 14:37:00,VCSH
82.66,82.66,82.65,82.66,4629,2021-04-23 14:38:00,VCSH
82.6574,82.66,82.652,82.66,603,2021-04-23 14:39:00,VCSH
82.6575,82.66,82.655,82.66,10865,2021-04-23 14:40:00,VCSH
82.66,82.66,82.6526,82.66,1646,2021-04-23 14:41:00,VCSH
82.66,82.66,82.652,82.66,3878,2021-04-23 14:42:00,VCSH
82.655,82.66,82.655,82.66,1000,2021-04-23 14:43:00,VCSH
82.655,82.66,82.655,82.66,811,2021-04-23 14:44:00,VCSH
82.655,82.66,82.6542,82.66,2591,2021-04-23 14:45:00,VCSH
82.66,82.66,82.65,82.65,741,2021-04-23 14:46:00,VCSH
82.66,82.66,82.655,82.655,1781,2021-04-23 14:47:00,VCSH
82.66,82.66,82.6581,82.66,2578,2021-04-23 14:48:00,VCSH
82.66,82.66,82.654,82.66,429,2021-04-23 14:49:00,VCSH
82.66,82.66,82.655,82.6552,4113,2021-04-23 14:50:00,VCSH
82.66,82.66,82.6581,82.66,784,2021-04-23 14:51:00,VCSH
82.66,82.66,82.66,82.66,300,2021-04-23 14:52:00,VCSH
82.655,82.66,82.655,82.6568,1989,2021-04-23 14:53:00,VCSH
82.655,82.66,82.655,82.66,6391,2021-04-23 14:54:00,VCSH
82.6678,82.668,82.66,82.66,3740,2021-04-23 14:55:00,VCSH
82.66,82.66,82.6598,82.6598,2121,2021-04-23 14:56:00,VCSH
82.655,82.655,82.6534,82.655,1789,2021-04-23 14:57:00,VCSH
82.6599,82.66,82.655,82.66,2965,2021-04-23 14:58:00,VCSH
82.6501,82.66,82.6501,82.66,2782,2021-04-23 14:59:00,VCSH
82.66,82.66,82.6526,82.655,11910,2021-04-23 15:00:00,VCSH
82.66,82.66,82.65,82.66,5812,2021-04-23 15:01:00,VCSH
82.66,82.66,82.655,82.66,1641,2021-04-23 15:02:00,VCSH
82.655,82.66,82.655,82.66,1200,2021-04-23 15:03:00,VCSH
82.66,82.66,82.65,82.655,8937,2021-04-23 15:04:00,VCSH
82.655,82.66,82.65,82.66,11461,2021-04-23 15:05:00,VCSH
82.67,82.67,82.6601,82.67,1862,2021-04-23 15:06:00,VCSH
82.67,82.67,82.6674,82.67,826,2021-04-23 15:07:00,VCSH
82.668,82.67,82.666,82.67,1423,2021-04-23 15:08:00,VCSH
82.6673,82.67,82.662,82.669,2353,2021-04-23 15:09:00,VCSH
82.67,82.67,82.6614,82.67,1508,2021-04-23 15:10:00,VCSH
82.67,82.67,82.665,82.67,2360,2021-04-23 15:11:00,VCSH
82.67,82.67,82.662,82.67,4858,2021-04-23 15:12:00,VCSH
82.67,82.67,82.66,82.665,966,2021-04-23 15:13:00,VCSH
82.67,82.67,82.665,82.665,901,2021-04-23 15:14:00,VCSH
82.67,82.67,82.66,82.67,3598,2021-04-23 15:15:00,VCSH
82.67,82.67,82.67,82.67,400,2021-04-23 15:16:00,VCSH
82.6674,82.67,82.665,82.67,757,2021-04-23 15:17:00,VCSH
82.67,82.67,82.6624,82.67,1084,2021-04-23 15:18:00,VCSH
82.665,82.67,82.66,82.6698,3940,2021-04-23 15:19:00,VCSH
82.665,82.67,82.6621,82.665,20213,2021-04-23 15:20:00,VCSH
82.665,82.67,82.665,82.6684,1405,2021-04-23 15:21:00,VCSH
82.665,82.67,82.665,82.67,1637,2021-04-23 15:22:00,VCSH
82.67,82.67,82.665,82.67,1625,2021-04-23 15:23:00,VCSH
82.67,82.67,82.66,82.67,7745,2021-04-23 15:24:00,VCSH
82.6674,82.67,82.665,82.67,7499,2021-04-23 15:25:00,VCSH
82.665,82.67,82.665,82.668,6172,2021-04-23 15:26:00,VCSH
82.6623,82.6799,82.6623,82.675,9880,2021-04-23 15:27:00,VCSH
82.6799,82.6799,82.6726,82.675,1730,2021-04-23 15:28:00,VCSH
82.6719,82.68,82.6719,82.675,2596,2021-04-23 15:29:00,VCSH
82.675,82.6774,82.675,82.6768,890,2021-04-23 15:30:00,VCSH
82.675,82.68,82.675,82.675,11745,2021-04-23 15:31:00,VCSH
82.68,82.68,82.675,82.6779,4012,2021-04-23 15:32:00,VCSH
82.68,82.68,82.6737,82.68,953,2021-04-23 15:33:00,VCSH
82.68,82.68,82.674,82.68,700,2021-04-23 15:34:00,VCSH
82.68,82.68,82.67,82.68,12866,2021-04-23 15:35:00,VCSH
82.68,82.68,82.6719,82.68,2657,2021-04-23 15:36:00,VCSH
82.675,82.68,82.6722,82.675,1706,2021-04-23 15:37:00,VCSH
82.68,82.68,82.675,82.675,3595,2021-04-23 15:38:00,VCSH
82.675,82.68,82.671,82.675,3274,2021-04-23 15:39:00,VCSH
82.68,82.68,82.675,82.675,591,2021-04-23 15:40:00,VCSH
82.6774,82.68,82.675,82.6774,851,2021-04-23 15:41:00,VCSH
82.68,82.68,82.673,82.675,1151,2021-04-23 15:42:00,VCSH
82.68,82.68,82.675,82.68,1370,2021-04-23 15:43:00,VCSH
82.68,82.68,82.6719,82.68,1562,2021-04-23 15:44:00,VCSH
82.673,82.68,82.6721,82.6721,2231,2021-04-23 15:45:00,VCSH
82.67,82.68,82.67,82.68,799,2021-04-23 15:46:00,VCSH
82.68,82.68,82.6719,82.68,10818,2021-04-23 15:47:00,VCSH
82.68,82.68,82.68,82.68,500,2021-04-23 15:48:00,VCSH
82.68,82.68,82.6719,82.6799,822,2021-04-23 15:49:00,VCSH
82.68,82.68,82.67,82.68,2535,2021-04-23 15:50:00,VCSH
82.68,82.68,82.675,82.6781,1461,2021-04-23 15:51:00,VCSH
82.68,82.68,82.67,82.6781,1574,2021-04-23 15:52:00,VCSH
82.68,82.68,82.6798,82.68,2400,2021-04-23 15:53:00,VCSH
82.68,82.68,82.674,82.68,1034,2021-04-23 15:54:00,VCSH
82.675,82.68,82.675,82.68,1568,2021-04-23 15:55:00,VCSH
82.68,82.68,82.6725,82.68,2151,2021-04-23 15:56:00,VCSH
82.68,82.69,82.6759,82.69,2955,2021-04-23 15:57:00,VCSH
82.69,82.69,82.685,82.69,1006,2021-04-23 15:58:00,VCSH
82.69,82.69,82.685,82.685,1200,2021-04-23 15:59:00,VCSH
82.685,82.69,82.685,82.685,2866,2021-04-23 16:00:00,VCSH
82.685,82.69,82.685,82.685,1765,2021-04-23 16:01:00,VCSH
82.685,82.69,82.68,82.685,1180,2021-04-23 16:02:00,VCSH
82.69,82.69,82.6801,82.685,2636,2021-04-23 16:03:00,VCSH
82.685,82.685,82.685,82.685,600,2021-04-23 16:04:00,VCSH
82.6874,82.69,82.68,82.685,1486,2021-04-23 16:05:00,VCSH
82.685,82.685,82.68,82.685,900,2021-04-23 16:06:00,VCSH
82.685,82.69,82.68,82.69,3388,2021-04-23 16:07:00,VCSH
82.69,82.69,82.6845,82.69,3558,2021-04-23 16:08:00,VCSH
82.69,82.69,82.6822,82.69,3310,2021-04-23 16:09:00,VCSH
82.69,82.69,82.6859,82.69,3813,2021-04-23 16:10:00,VCSH
82.69,82.69,82.68,82.69,1454,2021-04-23 16:11:00,VCSH
82.69,82.69,82.68,82.69,1195,2021-04-23 16:12:00,VCSH
82.69,82.69,82.68,82.69,1200,2021-04-23 16:13:00,VCSH
82.69,82.69,82.68,82.69,1695,2021-04-23 16:14:00,VCSH
82.69,82.69,82.68,82.69,2252,2021-04-23 16:15:00,VCSH
82.685,82.6875,82.68,82.685,1730,2021-04-23 16:16:00,VCSH
82.685,82.6881,82.68,82.685,9646,2021-04-23 16:17:00,VCSH
82.685,82.69,82.68,82.685,3571,2021-04-23 16:18:00,VCSH
82.685,82.685,82.68,82.685,1731,2021-04-23 16:19:00,VCSH
82.685,82.686,82.68,82.685,1605,2021-04-23 16:20:00,VCSH
82.685,82.6869,82.68,82.685,4811,2021-04-23 16:21:00,VCSH
82.687,82.687,82.68,82.685,2355,2021-04-23 16:22:00,VCSH
82.685,82.685,82.68,82.6842,3856,2021-04-23 16:23:00,VCSH
82.685,82.685,82.68,82.685,3206,2021-04-23 16:24:00,VCSH
82.685,82.685,82.68,82.685,2755,2021-04-23 16:25:00,VCSH
82.685,82.6868,82.68,82.685,5348,2021-04-23 16:26:00,VCSH
82.685,82.69,82.68,82.685,2139,2021-04-23 16:27:00,VCSH
82.685,82.69,82.68,82.685,5139,2021-04-23 16:28:00,VCSH
82.685,82.685,82.68,82.685,1400,2021-04-23 16:29:00,VCSH
82.685,82.6899,82.685,82.685,5093,2021-04-23 16:30:00,VCSH
82.685,82.6864,82.68,82.685,2716,2021-04-23 16:31:00,VCSH
82.685,82.6881,82.68,82.685,6104,2021-04-23 16:32:00,VCSH
82.685,82.6881,82.68,82.685,1801,2021-04-23 16:33:00,VCSH
82.685,82.6879,82.68,82.685,4070,2021-04-23 16:34:00,VCSH
82.685,82.688,82.68,82.685,5980,2021-04-23 16:35:00,VCSH
82.685,82.6876,82.68,82.685,1781,2021-04-23 16:36:00,VCSH
82.685,82.686,82.68,82.6858,12118,2021-04-23 16:37:00,VCSH
82.685,82.69,82.685,82.69,3627,2021-04-23 16:38:00,VCSH
82.685,82.6874,82.68,82.685,2180,2021-04-23 16:39:00,VCSH
82.685,82.6877,82.68,82.68,2025,2021-04-23 16:40:00,VCSH
82.685,82.69,82.68,82.685,2127,2021-04-23 16:41:00,VCSH
82.68,82.6899,82.68,82.685,2208,2021-04-23 16:42:00,VCSH
82.685,82.6859,82.68,82.685,3130,2021-04-23 16:43:00,VCSH
82.685,82.6868,82.68,82.685,2123,2021-04-23 16:44:00,VCSH
82.685,82.685,82.68,82.685,2563,2021-04-23 16:45:00,VCSH
82.6823,82.6881,82.68,82.685,4041,2021-04-23 16:46:00,VCSH
82.685,82.6874,82.68,82.685,8214,2021-04-23 16:47:00,VCSH
82.685,82.6855,82.68,82.685,1648,2021-04-23 16:48:00,VCSH
82.6874,82.6874,82.68,82.685,1400,2021-04-23 16:49:00,VCSH
82.685,82.6879,82.68,82.685,3783,2021-04-23 16:50:00,VCSH
82.685,82.6879,82.68,82.685,3754,2021-04-23 16:51:00,VCSH
82.685,82.6889,82.68,82.685,2458,2021-04-23 16:52:00,VCSH
82.685,82.686,82.68,82.685,2935,2021-04-23 16:53:00,VCSH
82.685,82.688,82.68,82.68,6212,2021-04-23 16:54:00,VCSH
82.685,82.69,82.685,82.685,2235,2021-04-23 16:55:00,VCSH
82.685,82.69,82.6826,82.685,2285,2021-04-23 16:56:00,VCSH
82.685,82.685,82.68,82.685,14178,2021-04-23 16:57:00,VCSH
82.685,82.686,82.685,82.685,22636,2021-04-23 16:58:00,VCSH
82.685,82.69,82.68,82.685,5457,2021-04-23 16:59:00,VCSH
82.685,82.6881,82.68,82.685,2795,2021-04-23 17:00:00,VCSH
82.685,82.6874,82.685,82.685,3072,2021-04-23 17:01:00,VCSH
82.684,82.69,82.684,82.685,14543,2021-04-23 17:02:00,VCSH
82.6856,82.6856,82.6822,82.685,2093,2021-04-23 17:03:00,VCSH
82.685,82.685,82.685,82.685,2400,2021-04-23 17:04:00,VCSH
82.685,82.6879,82.685,82.685,1810,2021-04-23 17:05:00,VCSH
82.685,82.6881,82.685,82.685,4803,2021-04-23 17:06:00,VCSH
82.685,82.685,82.683,82.683,1811,2021-04-23 17:07:00,VCSH
82.685,82.685,82.685,82.685,1565,2021-04-23 17:08:00,VCSH
82.685,82.69,82.68,82.685,6983,2021-04-23 17:09:00,VCSH
82.685,82.69,82.68,82.685,2081,2021-04-23 17:10:00,VCSH
82.685,82.685,82.68,82.685,4294,2021-04-23 17:11:00,VCSH
82.6823,82.685,82.6823,82.685,1863,2021-04-23 17:12:00,VCSH
82.685,82.69,82.6823,82.685,3259,2021-04-23 17:13:00,VCSH
82.685,82.69,82.68,82.685,7209,2021-04-23 17:14:00,VCSH
82.685,82.689,82.68,82.685,6743,2021-04-23 17:15:00,VCSH
82.685,82.685,82.68,82.685,12209,2021-04-23 17:16:00,VCSH
82.685,82.6899,82.68,82.685,7140,2021-04-23 17:17:00,VCSH
82.685,82.685,82.685,82.685,1400,2021-04-23 17:18:00,VCSH
82.685,82.685,82.68,82.685,1609,2021-04-23 17:19:00,VCSH
82.685,82.685,82.68,82.685,1500,2021-04-23 17:20:00,VCSH
82.68,82.6879,82.68,82.685,3138,2021-04-23 17:21:00,VCSH
82.685,82.6874,82.68,82.685,29245,2021-04-23 17:22:00,VCSH
82.6878,82.6878,82.68,82.685,2363,2021-04-23 17:23:00,VCSH
82.685,82.685,82.68,82.685,2667,2021-04-23 17:24:00,VCSH
82.685,82.685,82.68,82.685,2700,2021-04-23 17:25:00,VCSH
82.6832,82.69,82.68,82.685,5831,2021-04-23 17:26:00,VCSH
82.682,82.69,82.68,82.69,4254,2021-04-23 17:27:00,VCSH
82.69,82.69,82.68,82.69,2050,2021-04-23 17:28:00,VCSH
82.6863,82.69,82.68,82.69,1589,2021-04-23 17:29:00,VCSH
82.69,82.69,82.6806,82.69,3224,2021-04-23 17:30:00,VCSH
82.69,82.69,82.69,82.69,1200,2021-04-23 17:31:00,VCSH
82.69,82.69,82.68,82.69,4400,2021-04-23 17:32:00,VCSH
82.69,82.69,82.68,82.69,2000,2021-04-23 17:33:00,VCSH
82.69,82.69,82.68,82.69,5609,2021-04-23 17:34:00,VCSH
82.69,82.69,82.681,82.69,3517,2021-04-23 17:35:00,VCSH
82.69,82.69,82.6845,82.69,2095,2021-04-23 17:36:00,VCSH
82.68,82.69,82.68,82.69,2202,2021-04-23 17:37:00,VCSH
82.69,82.69,82.681,82.69,2305,2021-04-23 17:38:00,VCSH
82.69,82.69,82.68,82.69,5208,2021-04-23 17:39:00,VCSH
82.69,82.69,82.685,82.69,2906,2021-04-23 17:40:00,VCSH
82.69,82.69,82.68,82.69,2840,2021-04-23 17:41:00,VCSH
82.69,82.69,82.682,82.69,2700,2021-04-23 17:42:00,VCSH
82.69,82.69,82.68,82.68,4834,2021-04-23 17:43:00,VCSH
82.69,82.69,82.68,82.68,3609,2021-04-23 17:44:00,VCSH
82.69,82.69,82.6801,82.69,2020,2021-04-23 17:45:00,VCSH
82.69,82.69,82.68,82.6859,4187,2021-04-23 17:46:00,VCSH
82.685,82.69,82.68,82.69,7455,2021-04-23 17:47:00,VCSH
82.69,82.69,82.68,82.69,7756,2021-04-23 17:48:00,VCSH
82.69,82.69,82.69,82.69,1800,2021-04-23 17:49:00,VCSH
82.69,82.69,82.68,82.69,4256,2021-04-23 17:50:00,VCSH
82.69,82.69,82.68,82.69,3045,2021-04-23 17:51:00,VCSH
82.69,82.69,82.6841,82.685,1984,2021-04-23 17:52:00,VCSH
82.69,82.69,82.68,82.69,5035,2021-04-23 17:53:00,VCSH
82.69,82.69,82.685,82.69,2206,2021-04-23 17:54:00,VCSH
82.69,82.69,82.68,82.69,1800,2021-04-23 17:55:00,VCSH
82.69,82.69,82.68,82.69,3200,2021-04-23 17:56:00,VCSH
82.69,82.69,82.685,82.69,7585,2021-04-23 17:57:00,VCSH
82.69,82.69,82.68,82.6826,2575,2021-04-23 17:58:00,VCSH
82.69,82.69,82.68,82.685,4561,2021-04-23 17:59:00,VCSH
82.69,82.69,82.68,82.69,2533,2021-04-23 18:00:00,VCSH
82.69,82.69,82.685,82.69,3854,2021-04-23 18:01:00,VCSH
82.69,82.69,82.682,82.69,3802,2021-04-23 18:02:00,VCSH
82.69,82.69,82.68,82.69,2269,2021-04-23 18:03:00,VCSH
82.68,82.69,82.68,82.69,11557,2021-04-23 18:04:00,VCSH
82.69,82.69,82.68,82.69,2164,2021-04-23 18:05:00,VCSH
82.685,82.69,82.68,82.6874,2362,2021-04-23 18:06:00,VCSH
82.685,82.69,82.68,82.69,6490,2021-04-23 18:07:00,VCSH
82.69,82.69,82.68,82.69,3580,2021-04-23 18:08:00,VCSH
82.69,82.69,82.685,82.69,7948,2021-04-23 18:09:00,VCSH
82.69,82.69,82.685,82.69,1900,2021-04-23 18:10:00,VCSH
82.69,82.69,82.68,82.69,7957,2021-04-23 18:11:00,VCSH
82.685,82.69,82.68,82.69,8741,2021-04-23 18:12:00,VCSH
82.69,82.69,82.68,82.69,4543,2021-04-23 18:13:00,VCSH
82.685,82.69,82.685,82.685,2318,2021-04-23 18:14:00,VCSH
82.685,82.6876,82.68,82.685,9752,2021-04-23 18:15:00,VCSH
82.685,82.69,82.681,82.69,4615,2021-04-23 18:16:00,VCSH
82.69,82.69,82.68,82.685,4181,2021-04-23 18:17:00,VCSH
82.685,82.69,82.68,82.685,6010,2021-04-23 18:18:00,VCSH
82.69,82.69,82.68,82.685,2600,2021-04-23 18:19:00,VCSH
82.685,82.69,82.685,82.685,3308,2021-04-23 18:20:00,VCSH
82.685,82.6881,82.68,82.685,6161,2021-04-23 18:21:00,VCSH
82.685,82.69,82.685,82.69,4412,2021-04-23 18:22:00,VCSH
82.69,82.69,82.68,82.69,3852,2021-04-23 18:23:00,VCSH
82.69,82.69,82.68,82.69,4759,2021-04-23 18:24:00,VCSH
82.69,82.69,82.68,82.685,5621,2021-04-23 18:25:00,VCSH
82.69,82.69,82.68,82.685,5811,2021-04-23 18:26:00,VCSH
82.685,82.69,82.681,82.69,2934,2021-04-23 18:27:00,VCSH
82.69,82.69,82.68,82.69,2683,2021-04-23 18:28:00,VCSH
82.69,82.69,82.68,82.6877,4770,2021-04-23 18:29:00,VCSH
82.69,82.69,82.68,82.685,4300,2021-04-23 18:30:00,VCSH
82.68,82.69,82.68,82.69,4297,2021-04-23 18:31:00,VCSH
82.69,82.69,82.68,82.685,6789,2021-04-23 18:32:00,VCSH
82.685,82.69,82.681,82.685,3658,2021-04-23 18:33:00,VCSH
82.685,82.69,82.685,82.685,3100,2021-04-23 18:34:00,VCSH
82.685,82.69,82.68,82.685,7422,2021-04-23 18:35:00,VCSH
82.685,82.685,82.68,82.685,7437,2021-04-23 18:36:00,VCSH
82.685,82.69,82.68,82.69,4385,2021-04-23 18:37:00,VCSH
82.69,82.69,82.68,82.68,37481,2021-04-23 18:38:00,VCSH
82.685,82.69,82.68,82.68,4920,2021-04-23 18:39:00,VCSH
82.685,82.69,82.68,82.685,6672,2021-04-23 18:40:00,VCSH
82.685,82.69,82.68,82.69,9452,2021-04-23 18:41:00,VCSH
82.69,82.69,82.68,82.685,6669,2021-04-23 18:42:00,VCSH
82.685,82.69,82.68,82.68,6516,2021-04-23 18:43:00,VCSH
82.685,82.69,82.68,82.685,7948,2021-04-23 18:44:00,VCSH
82.685,82.69,82.68,82.685,7883,2021-04-23 18:45:00,VCSH
82.685,82.69,82.68,82.685,19271,2021-04-23 18:46:00,VCSH
82.685,82.69,82.68,82.685,9628,2021-04-23 18:47:00,VCSH
82.685,82.69,82.68,82.685,7440,2021-04-23 18:48:00,VCSH
82.68,82.69,82.68,82.685,9086,2021-04-23 18:49:00,VCSH
82.685,82.6866,82.68,82.68,10333,2021-04-23 18:50:00,VCSH
82.685,82.69,82.67,82.68,42118,2021-04-23 18:51:00,VCSH
82.68,82.68,82.67,82.67,3276,2021-04-23 18:52:00,VCSH
82.68,82.68,82.67,82.67,4990,2021-04-23 18:53:00,VCSH
82.68,82.68,82.67,82.67,4269,2021-04-23 18:54:00,VCSH
82.671,82.68,82.67,82.68,12651,2021-04-23 18:55:00,VCSH
82.675,82.68,82.675,82.68,20950,2021-04-23 18:56:00,VCSH
82.68,82.68,82.675,82.675,3657,2021-04-23 18:57:00,VCSH
82.68,82.68,82.67,82.68,4000,2021-04-23 18:58:00,VCSH
82.68,82.68,82.67,82.68,3625,2021-04-23 18:59:00,VCSH
82.68,82.68,82.675,82.68,9636,2021-04-23 19:00:00,VCSH
82.68,82.68,82.6736,82.68,16206,2021-04-23 19:01:00,VCSH
82.68,82.68,82.6732,82.675,9010,2021-04-23 19:02:00,VCSH
82.68,82.68,82.67,82.68,9505,2021-04-23 19:03:00,VCSH
82.68,82.68,82.675,82.68,9117,2021-04-23 19:04:00,VCSH
82.671,82.68,82.67,82.68,9011,2021-04-23 19:05:00,VCSH
82.68,82.68,82.67,82.675,13470,2021-04-23 19:06:00,VCSH
82.675,82.68,82.67,82.68,7605,2021-04-23 19:07:00,VCSH
82.68,82.68,82.67,82.675,6807,2021-04-23 19:08:00,VCSH
82.675,82.68,82.6726,82.68,6865,2021-04-23 19:09:00,VCSH
82.68,82.68,82.67,82.675,7070,2021-04-23 19:10:00,VCSH
82.675,82.68,82.67,82.675,8463,2021-04-23 19:11:00,VCSH
82.675,82.68,82.67,82.675,7008,2021-04-23 19:12:00,VCSH
82.675,82.68,82.67,82.68,10444,2021-04-23 19:13:00,VCSH
82.68,82.68,82.67,82.68,10003,2021-04-23 19:14:00,VCSH
82.68,82.68,82.67,82.68,32258,2021-04-23 19:15:00,VCSH
82.68,82.68,82.67,82.675,9800,2021-04-23 19:16:00,VCSH
82.675,82.68,82.67,82.68,11801,2021-04-23 19:17:00,VCSH
82.68,82.68,82.67,82.68,11022,2021-04-23 19:18:00,VCSH
82.68,82.68,82.67,82.68,11770,2021-04-23 19:19:00,VCSH
82.68,82.68,82.67,82.68,14884,2021-04-23 19:20:00,VCSH
82.68,82.68,82.67,82.675,10792,2021-04-23 19:21:00,VCSH
82.675,82.68,82.67,82.675,13261,2021-04-23 19:22:00,VCSH
82.675,82.68,82.67,82.68,15643,2021-04-23 19:23:00,VCSH
82.68,82.68,82.67,82.68,11801,2021-04-23 19:24:00,VCSH
82.68,82.68,82.67,82.68,11201,2021-04-23 19:25:00,VCSH
82.68,82.68,82.67,82.675,10170,2021-04-23 19:26:00,VCSH
82.675,82.6774,82.67,82.675,10621,2021-04-23 19:27:00,VCSH
82.675,82.68,82.67,82.68,13016,2021-04-23 19:28:00,VCSH
82.68,82.68,82.67,82.68,12867,2021-04-23 19:29:00,VCSH
82.68,82.68,82.67,82.68,13506,2021-04-23 19:30:00,VCSH
82.68,82.68,82.6723,82.675,17359,2021-04-23 19:31:00,VCSH
82.68,82.68,82.67,82.68,41561,2021-04-23 19:32:00,VCSH
82.68,82.68,82.675,82.68,15090,2021-04-23 19:33:00,VCSH
82.68,82.68,82.67,82.68,59122,2021-04-23 19:34:00,VCSH
82.68,82.68,82.67,82.68,23520,2021-04-23 19:35:00,VCSH
82.68,82.68,82.6701,82.68,23111,2021-04-23 19:36:00,VCSH
82.68,82.68,82.67,82.68,13763,2021-04-23 19:37:00,VCSH
82.68,82.68,82.675,82.68,13293,2021-04-23 19:38:00,VCSH
82.68,82.68,82.6724,82.68,16258,2021-04-23 19:39:00,VCSH
82.68,82.68,82.6724,82.678,17916,2021-04-23 19:40:00,VCSH
82.68,82.68,82.675,82.68,26384,2021-04-23 19:41:00,VCSH
82.68,82.68,82.675,82.68,20155,2021-04-23 19:42:00,VCSH
82.68,82.68,82.6722,82.68,13300,2021-04-23 19:43:00,VCSH
82.68,82.68,82.67,82.68,16132,2021-04-23 19:44:00,VCSH
82.68,82.68,82.6732,82.68,16680,2021-04-23 19:45:00,VCSH
82.6774,82.68,82.6705,82.68,15683,2021-04-23 19:46:00,VCSH
82.68,82.68,82.67,82.68,15374,2021-04-23 19:47:00,VCSH
82.68,82.68,82.67,82.68,11988,2021-04-23 19:48:00,VCSH
82.68,82.68,82.67,82.68,18961,2021-04-23 19:49:00,VCSH
82.68,82.68,82.67,82.68,25268,2021-04-23 19:50:00,VCSH
82.68,82.68,82.67,82.68,39575,2021-04-23 19:51:00,VCSH
82.68,82.68,82.67,82.675,45947,2021-04-23 19:52:00,VCSH
82.675,82.6774,82.67,82.675,67890,2021-04-23 19:53:00,VCSH
82.675,82.68,82.67,82.68,19422,2021-04-23 19:54:00,VCSH
82.68,82.68,82.67,82.675,73581,2021-04-23 19:55:00,VCSH
82.675,82.68,82.67,82.675,31151,2021-04-23 19:56:00,VCSH
82.675,82.68,82.67,82.68,30183,2021-04-23 19:57:00,VCSH
82.68,82.68,82.67,82.675,24829,2021-04-23 19:58:00,VCSH
82.68,82.68,82.67,82.675,49008,2021-04-23 19:59:00,VCSH
82.69,82.69,82.69,82.69,435247,2021-04-23 20:00:00,VCSH
82.48,82.48,82.48,82.48,115,2021-04-26 13:14:00,VCSH
82.64,82.64,82.64,82.64,292,2021-04-26 13:29:00,VCSH
82.69,82.69,82.65,82.655,56223,2021-04-26 13:30:00,VCSH
82.6576,82.6576,82.6576,82.6576,300,2021-04-26 13:31:00,VCSH
82.652,82.66,82.651,82.66,2352,2021-04-26 13:32:00,VCSH
82.6542,82.6542,82.654,82.654,729,2021-04-26 13:33:00,VCSH
82.6581,82.6599,82.6501,82.6501,3241,2021-04-26 13:34:00,VCSH
82.655,82.655,82.65,82.65,1200,2021-04-26 13:35:00,VCSH
82.6501,82.6581,82.65,82.65,1304,2021-04-26 13:36:00,VCSH
82.65,82.655,82.65,82.6543,3881,2021-04-26 13:37:00,VCSH
82.6599,82.67,82.65,82.65,26827,2021-04-26 13:38:00,VCSH
82.66,82.66,82.6558,82.6598,1330,2021-04-26 13:39:00,VCSH
82.655,82.66,82.652,82.66,4288,2021-04-26 13:40:00,VCSH
82.66,82.66,82.65,82.66,2423,2021-04-26 13:41:00,VCSH
82.6569,82.67,82.6569,82.665,2833,2021-04-26 13:42:00,VCSH
82.662,82.662,82.662,82.662,484,2021-04-26 13:43:00,VCSH
82.67,82.67,82.67,82.67,100,2021-04-26 13:44:00,VCSH
82.668,82.668,82.6636,82.6636,3385,2021-04-26 13:45:00,VCSH
82.67,82.67,82.66,82.66,662,2021-04-26 13:46:00,VCSH
82.665,82.665,82.665,82.665,510,2021-04-26 13:47:00,VCSH
82.66,82.66,82.65,82.66,6796,2021-04-26 13:48:00,VCSH
82.652,82.6581,82.652,82.655,1259,2021-04-26 13:49:00,VCSH
82.6581,82.668,82.655,82.6674,5709,2021-04-26 13:50:00,VCSH
82.66,82.666,82.66,82.6656,835,2021-04-26 13:51:00,VCSH
82.665,82.67,82.665,82.665,917,2021-04-26 13:52:00,VCSH
82.66,82.66,82.66,82.66,100,2021-04-26 13:53:00,VCSH
82.665,82.665,82.662,82.665,476,2021-04-26 13:54:00,VCSH
82.6636,82.67,82.66,82.6699,6483,2021-04-26 13:55:00,VCSH
82.6645,82.6674,82.662,82.662,556,2021-04-26 13:56:00,VCSH
82.669,82.669,82.66,82.66,300,2021-04-26 13:57:00,VCSH
82.6699,82.6699,82.6601,82.6601,1075,2021-04-26 13:58:00,VCSH
82.6699,82.6699,82.66,82.665,4200,2021-04-26 13:59:00,VCSH
82.669,82.669,82.665,82.6674,750,2021-04-26 14:00:00,VCSH
82.662,82.67,82.66,82.67,5674,2021-04-26 14:01:00,VCSH
82.66,82.67,82.66,82.6699,3443,2021-04-26 14:02:00,VCSH
82.66,82.6601,82.66,82.6601,260,2021-04-26 14:03:00,VCSH
82.66,82.665,82.66,82.665,422,2021-04-26 14:04:00,VCSH
82.6679,82.6699,82.665,82.6699,4633,2021-04-26 14:05:00,VCSH
82.66,82.6655,82.66,82.6655,1089,2021-04-26 14:06:00,VCSH
82.666,82.668,82.664,82.665,1860,2021-04-26 14:08:00,VCSH
82.665,82.6675,82.665,82.665,18587,2021-04-26 14:09:00,VCSH
82.667,82.6699,82.66,82.6699,6101,2021-04-26 14:10:00,VCSH
82.67,82.67,82.6601,82.668,805,2021-04-26 14:11:00,VCSH
82.667,82.667,82.663,82.663,5450,2021-04-26 14:12:00,VCSH
82.6674,82.6674,82.665,82.665,865,2021-04-26 14:13:00,VCSH
82.665,82.665,82.665,82.665,100,2021-04-26 14:14:00,VCSH
82.6624,82.67,82.6624,82.6626,2280,2021-04-26 14:15:00,VCSH
82.665,82.6699,82.6601,82.6699,1747,2021-04-26 14:16:00,VCSH
82.665,82.665,82.66,82.661,2392,2021-04-26 14:17:00,VCSH
82.665,82.668,82.66,82.668,1161,2021-04-26 14:18:00,VCSH
82.661,82.665,82.661,82.663,2267,2021-04-26 14:19:00,VCSH
82.67,82.67,82.665,82.665,397,2021-04-26 14:20:00,VCSH
82.66,82.67,82.66,82.665,2038,2021-04-26 14:21:00,VCSH
82.67,82.67,82.6674,82.6674,225,2021-04-26 14:22:00,VCSH
82.67,82.67,82.665,82.665,1895,2021-04-26 14:23:00,VCSH
82.67,82.67,82.66,82.67,29103,2021-04-26 14:24:00,VCSH
82.67,82.67,82.668,82.668,1547,2021-04-26 14:25:00,VCSH
82.665,82.669,82.6601,82.6644,2433,2021-04-26 14:26:00,VCSH
82.6674,82.67,82.665,82.665,7736,2021-04-26 14:27:00,VCSH
82.665,82.6676,82.6631,82.665,6510,2021-04-26 14:28:00,VCSH
82.665,82.6699,82.665,82.665,1285,2021-04-26 14:29:00,VCSH
82.668,82.668,82.665,82.665,10600,2021-04-26 14:30:00,VCSH
82.665,82.665,82.66,82.66,1338,2021-04-26 14:31:00,VCSH
82.666,82.666,82.6608,82.665,1709,2021-04-26 14:32:00,VCSH
82.665,82.665,82.66,82.6626,2012,2021-04-26 14:33:00,VCSH
82.665,82.668,82.6623,82.665,1188,2021-04-26 14:34:00,VCSH
82.6637,82.665,82.66,82.665,1963,2021-04-26 14:35:00,VCSH
82.66,82.668,82.66,82.665,1989,2021-04-26 14:36:00,VCSH
82.665,82.665,82.665,82.665,664,2021-04-26 14:37:00,VCSH
82.6605,82.666,82.6605,82.666,1375,2021-04-26 14:38:00,VCSH
82.665,82.668,82.663,82.665,3887,2021-04-26 14:39:00,VCSH
82.6624,82.67,82.66,82.66,7027,2021-04-26 14:40:00,VCSH
82.665,82.665,82.665,82.665,1160,2021-04-26 14:41:00,VCSH
82.665,82.665,82.6634,82.6634,458,2021-04-26 14:42:00,VCSH
82.665,82.665,82.6626,82.665,305,2021-04-26 14:43:00,VCSH
82.665,82.668,82.665,82.665,949,2021-04-26 14:44:00,VCSH
82.665,82.6665,82.662,82.665,9140,2021-04-26 14:45:00,VCSH
82.6623,82.667,82.66,82.6624,7733,2021-04-26 14:46:00,VCSH
82.6699,82.6699,82.665,82.665,700,2021-04-26 14:47:00,VCSH
82.6676,82.6676,82.665,82.665,1540,2021-04-26 14:48:00,VCSH
82.665,82.6666,82.663,82.665,1310,2021-04-26 14:49:00,VCSH
82.665,82.6679,82.665,82.6679,1300,2021-04-26 14:50:00,VCSH
82.666,82.668,82.66,82.668,2225,2021-04-26 14:51:00,VCSH
82.665,82.669,82.6622,82.665,1690,2021-04-26 14:52:00,VCSH
82.6658,82.6658,82.6626,82.663,1345,2021-04-26 14:53:00,VCSH
82.6669,82.668,82.665,82.665,9856,2021-04-26 14:54:00,VCSH
82.665,82.6679,82.6606,82.6606,5893,2021-04-26 14:55:00,VCSH
82.665,82.665,82.665,82.665,2109,2021-04-26 14:56:00,VCSH
82.66,82.6663,82.66,82.6663,4190,2021-04-26 14:57:00,VCSH
82.665,82.6699,82.6601,82.6699,2771,2021-04-26 14:58:00,VCSH
82.665,82.6677,82.66,82.6675,5159,2021-04-26 14:59:00,VCSH
82.665,82.665,82.6641,82.665,1864,2021-04-26 15:00:00,VCSH
82.665,82.665,82.6626,82.665,609,2021-04-26 15:01:00,VCSH
82.665,82.665,82.66,82.66,222,2021-04-26 15:02:00,VCSH
82.665,82.6679,82.66,82.665,3548,2021-04-26 15:03:00,VCSH
82.665,82.6699,82.66,82.66,2508,2021-04-26 15:04:00,VCSH
82.665,82.669,82.661,82.661,1554,2021-04-26 15:05:00,VCSH
82.665,82.67,82.6626,82.6626,352,2021-04-26 15:06:00,VCSH
82.665,82.665,82.665,82.665,397,2021-04-26 15:07:00,VCSH
82.665,82.665,82.661,82.661,826,2021-04-26 15:08:00,VCSH
82.665,82.6658,82.66,82.665,2078,2021-04-26 15:09:00,VCSH
82.668,82.6699,82.661,82.661,1641,2021-04-26 15:10:00,VCSH
82.6623,82.6623,82.6623,82.6623,381,2021-04-26 15:11:00,VCSH
82.6677,82.6677,82.66,82.6626,11062,2021-04-26 15:12:00,VCSH
82.66,82.66,82.66,82.66,6875,2021-04-26 15:13:00,VCSH
82.66,82.668,82.66,82.665,2405,2021-04-26 15:14:00,VCSH
82.6663,82.6674,82.66,82.6674,2734,2021-04-26 15:15:00,VCSH
82.6626,82.669,82.66,82.66,2127,2021-04-26 15:16:00,VCSH
82.665,82.6676,82.66,82.66,13384,2021-04-26 15:17:00,VCSH
82.66,82.6677,82.66,82.6677,830,2021-04-26 15:18:00,VCSH
82.66,82.665,82.66,82.665,3915,2021-04-26 15:19:00,VCSH
82.663,82.663,82.66,82.66,572,2021-04-26 15:20:00,VCSH
82.6676,82.6676,82.6674,82.6674,500,2021-04-26 15:21:00,VCSH
82.668,82.6699,82.66,82.66,2386,2021-04-26 15:22:00,VCSH
82.665,82.665,82.665,82.665,1677,2021-04-26 15:23:00,VCSH
82.6699,82.6699,82.6679,82.6679,1100,2021-04-26 15:24:00,VCSH
82.665,82.669,82.6645,82.6674,1254,2021-04-26 15:25:00,VCSH
82.665,82.668,82.66,82.6679,2815,2021-04-26 15:27:00,VCSH
82.665,82.6678,82.6605,82.6678,30902,2021-04-26 15:28:00,VCSH
82.665,82.665,82.66,82.66,1264,2021-04-26 15:29:00,VCSH
82.665,82.665,82.665,82.665,677,2021-04-26 15:30:00,VCSH
82.6658,82.6658,82.665,82.665,5400,2021-04-26 15:31:00,VCSH
82.665,82.665,82.66,82.66,1213,2021-04-26 15:32:00,VCSH
82.66,82.665,82.66,82.66,11484,2021-04-26 15:33:00,VCSH
82.66,82.66,82.65,82.65,1304,2021-04-26 15:34:00,VCSH
82.65,82.66,82.65,82.655,2382,2021-04-26 15:35:00,VCSH
82.655,82.655,82.655,82.655,627,2021-04-26 15:36:00,VCSH
82.66,82.66,82.651,82.655,972,2021-04-26 15:37:00,VCSH
82.66,82.66,82.655,82.655,1742,2021-04-26 15:38:00,VCSH
82.6574,82.6574,82.65,82.6501,1870,2021-04-26 15:39:00,VCSH
82.6542,82.66,82.65,82.6575,4859,2021-04-26 15:40:00,VCSH
82.6581,82.66,82.6544,82.655,3518,2021-04-26 15:41:00,VCSH
82.65,82.66,82.65,82.655,3150,2021-04-26 15:42:00,VCSH
82.655,82.6599,82.6501,82.6501,3375,2021-04-26 15:43:00,VCSH
82.655,82.659,82.6523,82.659,1262,2021-04-26 15:44:00,VCSH
82.6526,82.6586,82.6526,82.655,6889,2021-04-26 15:45:00,VCSH
82.6574,82.66,82.6526,82.655,2953,2021-04-26 15:46:00,VCSH
82.6508,82.655,82.6501,82.655,2440,2021-04-26 15:47:00,VCSH
82.6524,82.6559,82.65,82.655,1521,2021-04-26 15:48:00,VCSH
82.65,82.6574,82.65,82.655,3062,2021-04-26 15:49:00,VCSH
82.6576,82.6576,82.655,82.655,3742,2021-04-26 15:50:00,VCSH
82.655,82.655,82.655,82.655,370,2021-04-26 15:51:00,VCSH
82.652,82.6581,82.65,82.6581,7406,2021-04-26 15:52:00,VCSH
82.656,82.6578,82.655,82.655,3427,2021-04-26 15:53:00,VCSH
82.655,82.6574,82.651,82.651,1670,2021-04-26 15:54:00,VCSH
82.655,82.657,82.65,82.655,8329,2021-04-26 15:55:00,VCSH
82.65,82.6581,82.65,82.651,4074,2021-04-26 15:56:00,VCSH
82.6558,82.6599,82.655,82.6599,2142,2021-04-26 15:57:00,VCSH
82.6537,82.6599,82.6537,82.6599,710,2021-04-26 15:58:00,VCSH
82.655,82.6599,82.652,82.6599,1196,2021-04-26 15:59:00,VCSH
82.6574,82.6574,82.65,82.6524,709,2021-04-26 16:00:00,VCSH
82.655,82.657,82.65,82.657,3870,2021-04-26 16:01:00,VCSH
82.6574,82.6579,82.65,82.6501,7162,2021-04-26 16:02:00,VCSH
82.655,82.6577,82.654,82.655,963,2021-04-26 16:03:00,VCSH
82.65,82.66,82.65,82.655,1432,2021-04-26 16:04:00,VCSH
82.655,82.655,82.65,82.6501,629,2021-04-26 16:05:00,VCSH
82.655,82.655,82.655,82.655,2604,2021-04-26 16:06:00,VCSH
82.651,82.66,82.65,82.65,15837,2021-04-26 16:07:00,VCSH
82.655,82.659,82.65,82.658,20841,2021-04-26 16:08:00,VCSH
82.65,82.66,82.65,82.65,1669,2021-04-26 16:09:00,VCSH
82.65,82.66,82.65,82.655,19783,2021-04-26 16:10:00,VCSH
82.65,82.66,82.65,82.66,4400,2021-04-26 16:11:00,VCSH
82.6579,82.6579,82.6579,82.6579,1204,2021-04-26 16:12:00,VCSH
82.6545,82.6545,82.654,82.654,439,2021-04-26 16:13:00,VCSH
82.65,82.66,82.65,82.655,3881,2021-04-26 16:14:00,VCSH
82.6574,82.66,82.65,82.66,2967,2021-04-26 16:15:00,VCSH
82.66,82.66,82.655,82.655,3093,2021-04-26 16:16:00,VCSH
82.659,82.66,82.652,82.66,1142,2021-04-26 16:17:00,VCSH
82.66,82.66,82.6574,82.6574,1464,2021-04-26 16:18:00,VCSH
82.6526,82.66,82.6526,82.655,3198,2021-04-26 16:19:00,VCSH
82.659,82.66,82.6581,82.6596,1799,2021-04-26 16:20:00,VCSH
82.6578,82.66,82.653,82.653,1278,2021-04-26 16:21:00,VCSH
82.65,82.66,82.65,82.66,12568,2021-04-26 16:22:00,VCSH
82.655,82.655,82.6501,82.6516,1900,2021-04-26 16:23:00,VCSH
82.6523,82.66,82.6523,82.66,920,2021-04-26 16:24:00,VCSH
82.651,82.66,82.65,82.66,1090,2021-04-26 16:25:00,VCSH
82.659,82.659,82.6569,82.6569,308,2021-04-26 16:26:00,VCSH
82.6518,82.655,82.6518,82.6538,3681,2021-04-26 16:27:00,VCSH
82.66,82.66,82.6567,82.66,14563,2021-04-26 16:28:00,VCSH
82.6581,82.66,82.6523,82.655,2522,2021-04-26 16:29:00,VCSH
82.655,82.655,82.655,82.655,400,2021-04-26 16:30:00,VCSH
82.655,82.655,82.655,82.655,120,2021-04-26 16:31:00,VCSH
82.66,82.66,82.6522,82.6559,2847,2021-04-26 16:32:00,VCSH
82.655,82.6595,82.655,82.6595,245,2021-04-26 16:33:00,VCSH
82.65,82.655,82.65,82.65,1195,2021-04-26 16:34:00,VCSH
82.654,82.66,82.6526,82.6526,4150,2021-04-26 16:36:00,VCSH
82.655,82.655,82.655,82.655,310,2021-04-26 16:37:00,VCSH
82.6537,82.6537,82.6523,82.6523,545,2021-04-26 16:38:00,VCSH
82.6559,82.6559,82.655,82.655,3752,2021-04-26 16:39:00,VCSH
82.6581,82.66,82.6581,82.6583,1680,2021-04-26 16:40:00,VCSH
82.6581,82.6581,82.6581,82.6581,158,2021-04-26 16:41:00,VCSH
82.65,82.655,82.65,82.6501,659,2021-04-26 16:42:00,VCSH
82.6581,82.66,82.655,82.657,1871,2021-04-26 16:43:00,VCSH
82.656,82.656,82.6501,82.6501,1360,2021-04-26 16:44:00,VCSH
82.655,82.655,82.655,82.655,259,2021-04-26 16:45:00,VCSH
82.6552,82.66,82.6502,82.651,7551,2021-04-26 16:46:00,VCSH
82.655,82.655,82.655,82.655,305,2021-04-26 16:47:00,VCSH
82.6581,82.66,82.6581,82.66,830,2021-04-26 16:48:00,VCSH
82.6581,82.66,82.65,82.65,14997,2021-04-26 16:49:00,VCSH
82.66,82.66,82.652,82.652,1600,2021-04-26 16:50:00,VCSH
82.655,82.655,82.655,82.655,300,2021-04-26 16:51:00,VCSH
82.66,82.66,82.6581,82.6581,755,2021-04-26 16:52:00,VCSH
82.6521,82.66,82.6521,82.66,2317,2021-04-26 16:53:00,VCSH
82.66,82.66,82.651,82.66,654,2021-04-26 16:54:00,VCSH
82.6581,82.6581,82.65,82.65,420,2021-04-26 16:55:00,VCSH
82.652,82.66,82.652,82.655,3145,2021-04-26 16:56:00,VCSH
82.655,82.6559,82.655,82.655,1676,2021-04-26 16:58:00,VCSH
82.6581,82.6581,82.6581,82.6581,1447,2021-04-26 16:59:00,VCSH
82.655,82.66,82.652,82.66,718,2021-04-26 17:00:00,VCSH
82.6545,82.66,82.65,82.66,4784,2021-04-26 17:01:00,VCSH
82.6558,82.67,82.6558,82.665,13960,2021-04-26 17:02:00,VCSH
82.665,82.6658,82.663,82.665,4675,2021-04-26 17:03:00,VCSH
82.665,82.665,82.665,82.665,4300,2021-04-26 17:04:00,VCSH
82.665,82.665,82.665,82.665,534,2021-04-26 17:05:00,VCSH
82.6674,82.6674,82.6642,82.6642,711,2021-04-26 17:06:00,VCSH
82.661,82.67,82.661,82.6679,3827,2021-04-26 17:07:00,VCSH
82.668,82.68,82.66,82.665,169769,2021-04-26 17:09:00,VCSH
82.665,82.665,82.665,82.665,22200,2021-04-26 17:10:00,VCSH
82.665,82.67,82.665,82.665,7268,2021-04-26 17:11:00,VCSH
82.668,82.67,82.66,82.6699,17446,2021-04-26 17:12:00,VCSH
82.665,82.665,82.66,82.66,13781,2021-04-26 17:13:00,VCSH
82.669,82.669,82.665,82.6666,7667,2021-04-26 17:14:00,VCSH
82.668,82.668,82.668,82.668,135,2021-04-26 17:15:00,VCSH
82.665,82.67,82.6613,82.6613,3390,2021-04-26 17:16:00,VCSH
82.665,82.665,82.665,82.665,112,2021-04-26 17:17:00,VCSH
82.6642,82.6642,82.6642,82.6642,110,2021-04-26 17:18:00,VCSH
82.67,82.67,82.6658,82.67,3425,2021-04-26 17:19:00,VCSH
82.67,82.67,82.67,82.67,100,2021-04-26 17:20:00,VCSH
82.665,82.668,82.665,82.668,4643,2021-04-26 17:21:00,VCSH
82.665,82.67,82.665,82.67,2561,2021-04-26 17:22:00,VCSH
82.665,82.665,82.665,82.665,100,2021-04-26 17:23:00,VCSH
82.6699,82.6699,82.6699,82.6699,302,2021-04-26 17:24:00,VCSH
82.665,82.665,82.6622,82.665,1888,2021-04-26 17:25:00,VCSH
82.669,82.669,82.6676,82.6676,400,2021-04-26 17:26:00,VCSH
82.67,82.67,82.66,82.67,1948,2021-04-26 17:27:00,VCSH
82.6679,82.67,82.665,82.67,3693,2021-04-26 17:28:00,VCSH
82.6624,82.6674,82.662,82.6674,662,2021-04-26 17:29:00,VCSH
82.665,82.668,82.66,82.66,2435,2021-04-26 17:30:00,VCSH
82.662,82.67,82.662,82.665,1000,2021-04-26 17:31:00,VCSH
82.67,82.67,82.66,82.665,4037,2021-04-26 17:32:00,VCSH
82.665,82.665,82.663,82.663,3091,2021-04-26 17:33:00,VCSH
82.6667,82.6667,82.661,82.665,1861,2021-04-26 17:34:00,VCSH
82.665,82.6677,82.665,82.665,2752,2021-04-26 17:35:00,VCSH
82.664,82.67,82.664,82.6674,5670,2021-04-26 17:36:00,VCSH
82.665,82.665,82.665,82.665,9494,2021-04-26 17:37:00,VCSH
82.6655,82.669,82.66,82.668,2430,2021-04-26 17:38:00,VCSH
82.665,82.67,82.665,82.67,263,2021-04-26 17:39:00,VCSH
82.669,82.67,82.665,82.665,2779,2021-04-26 17:40:00,VCSH
82.6638,82.67,82.662,82.67,34937,2021-04-26 17:41:00,VCSH
82.67,82.67,82.6626,82.6641,1877,2021-04-26 17:42:00,VCSH
82.6658,82.6658,82.664,82.665,1588,2021-04-26 17:43:00,VCSH
82.665,82.6674,82.6644,82.665,4893,2021-04-26 17:45:00,VCSH
82.665,82.67,82.665,82.668,1107,2021-04-26 17:46:00,VCSH
82.665,82.67,82.662,82.662,971,2021-04-26 17:47:00,VCSH
82.6656,82.6676,82.665,82.665,1144,2021-04-26 17:48:00,VCSH
82.666,82.67,82.662,82.67,8486,2021-04-26 17:49:00,VCSH
82.665,82.67,82.662,82.665,3768,2021-04-26 17:50:00,VCSH
82.67,82.67,82.662,82.67,8236,2021-04-26 17:51:00,VCSH
82.665,82.67,82.66,82.668,12532,2021-04-26 17:52:00,VCSH
82.668,82.67,82.668,82.67,400,2021-04-26 17:53:00,VCSH
82.6623,82.665,82.6623,82.664,3187,2021-04-26 17:54:00,VCSH
82.665,82.6699,82.665,82.6699,1463,2021-04-26 17:55:00,VCSH
82.665,82.67,82.665,82.67,1046,2021-04-26 17:56:00,VCSH
82.67,82.67,82.665,82.6661,1881,2021-04-26 17:57:00,VCSH
82.665,82.67,82.66,82.6675,5248,2021-04-26 17:58:00,VCSH
82.67,82.67,82.665,82.665,947,2021-04-26 17:59:00,VCSH
82.6626,82.6681,82.6626,82.6681,687,2021-04-26 18:00:00,VCSH
82.665,82.665,82.6604,82.6604,1210,2021-04-26 18:01:00,VCSH
82.665,82.6679,82.6621,82.665,2793,2021-04-26 18:02:00,VCSH
82.6626,82.665,82.6626,82.6639,537,2021-04-26 18:03:00,VCSH
82.6679,82.6679,82.664,82.665,1695,2021-04-26 18:04:00,VCSH
82.665,82.6695,82.66,82.666,20006,2021-04-26 18:05:00,VCSH
82.66,82.66,82.66,82.66,121,2021-04-26 18:06:00,VCSH
82.6674,82.668,82.66,82.663,3421,2021-04-26 18:07:00,VCSH
82.668,82.668,82.665,82.665,3504,2021-04-26 18:08:00,VCSH
82.6626,82.6699,82.6626,82.665,636,2021-04-26 18:09:00,VCSH
82.6642,82.665,82.663,82.665,2788,2021-04-26 18:10:00,VCSH
82.666,82.666,82.66,82.66,1445,2021-04-26 18:11:00,VCSH
82.665,82.665,82.66,82.665,1391,2021-04-26 18:12:00,VCSH
82.665,82.665,82.665,82.665,150,2021-04-26 18:13:00,VCSH
82.6601,82.6663,82.6601,82.6663,403,2021-04-26 18:14:00,VCSH
82.6676,82.6676,82.665,82.6676,783,2021-04-26 18:15:00,VCSH
82.665,82.665,82.665,82.665,1630,2021-04-26 18:16:00,VCSH
82.665,82.67,82.665,82.665,3208,2021-04-26 18:17:00,VCSH
82.665,82.665,82.66,82.665,2576,2021-04-26 18:18:00,VCSH
82.665,82.67,82.665,82.6675,6208,2021-04-26 18:19:00,VCSH
82.665,82.6699,82.66,82.665,2600,2021-04-26 18:20:00,VCSH
82.665,82.665,82.665,82.665,1164,2021-04-26 18:21:00,VCSH
82.665,82.6663,82.6626,82.6626,12452,2021-04-26 18:22:00,VCSH
82.665,82.665,82.665,82.665,5088,2021-04-26 18:23:00,VCSH
82.668,82.668,82.662,82.668,5868,2021-04-26 18:24:00,VCSH
82.665,82.668,82.665,82.665,1181,2021-04-26 18:25:00,VCSH
82.6691,82.67,82.665,82.67,1421,2021-04-26 18:26:00,VCSH
82.67,82.67,82.665,82.665,6863,2021-04-26 18:27:00,VCSH
82.665,82.67,82.66,82.664,3773,2021-04-26 18:28:00,VCSH
82.665,82.67,82.66,82.67,19980,2021-04-26 18:29:00,VCSH
82.665,82.665,82.665,82.665,1153,2021-04-26 18:30:00,VCSH
82.662,82.662,82.662,82.662,268,2021-04-26 18:31:00,VCSH
82.666,82.668,82.665,82.665,5299,2021-04-26 18:32:00,VCSH
82.668,82.668,82.668,82.668,905,2021-04-26 18:33:00,VCSH
82.66,82.6663,82.66,82.6663,621,2021-04-26 18:34:00,VCSH
82.668,82.668,82.6674,82.6674,221,2021-04-26 18:35:00,VCSH
82.67,82.67,82.662,82.662,7797,2021-04-26 18:36:00,VCSH
82.6626,82.669,82.661,82.669,3089,2021-04-26 18:37:00,VCSH
82.665,82.6675,82.665,82.6675,329,2021-04-26 18:38:00,VCSH
82.662,82.668,82.66,82.665,29341,2021-04-26 18:39:00,VCSH
82.6674,82.6699,82.6674,82.6699,2315,2021-04-26 18:40:00,VCSH
82.66,82.669,82.66,82.665,6463,2021-04-26 18:41:00,VCSH
82.6664,82.6664,82.6621,82.665,3495,2021-04-26 18:42:00,VCSH
82.665,82.6699,82.66,82.662,2261,2021-04-26 18:43:00,VCSH
82.669,82.669,82.66,82.665,6078,2021-04-26 18:44:00,VCSH
82.664,82.668,82.664,82.668,735,2021-04-26 18:45:00,VCSH
82.668,82.67,82.66,82.665,1435,2021-04-26 18:46:00,VCSH
82.6637,82.668,82.66,82.6674,2420,2021-04-26 18:47:00,VCSH
82.665,82.6674,82.665,82.665,3017,2021-04-26 18:48:00,VCSH
82.665,82.665,82.665,82.665,1000,2021-04-26 18:49:00,VCSH
82.666,82.67,82.6621,82.665,6520,2021-04-26 18:50:00,VCSH
82.665,82.67,82.66,82.67,55330,2021-04-26 18:51:00,VCSH
82.665,82.67,82.66,82.67,3361,2021-04-26 18:52:00,VCSH
82.6624,82.668,82.6624,82.668,1669,2021-04-26 18:53:00,VCSH
82.665,82.665,82.665,82.665,1728,2021-04-26 18:54:00,VCSH
82.665,82.668,82.66,82.668,1502,2021-04-26 18:55:00,VCSH
82.67,82.67,82.6637,82.6637,4995,2021-04-26 18:56:00,VCSH
82.662,82.665,82.662,82.665,4002,2021-04-26 18:57:00,VCSH
82.67,82.67,82.6602,82.6681,8331,2021-04-26 18:58:00,VCSH
82.665,82.67,82.665,82.665,2000,2021-04-26 18:59:00,VCSH
82.665,82.6663,82.6621,82.6621,1581,2021-04-26 19:00:00,VCSH
82.6663,82.668,82.66,82.665,3559,2021-04-26 19:01:00,VCSH
82.665,82.6699,82.665,82.665,1731,2021-04-26 19:02:00,VCSH
82.665,82.665,82.66,82.665,5233,2021-04-26 19:03:00,VCSH
82.665,82.6676,82.662,82.665,1223,2021-04-26 19:04:00,VCSH
82.66,82.666,82.66,82.666,12003,2021-04-26 19:05:00,VCSH
82.66,82.6699,82.66,82.665,12593,2021-04-26 19:06:00,VCSH
82.662,82.67,82.662,82.665,5790,2021-04-26 19:07:00,VCSH
82.668,82.6699,82.6614,82.668,4881,2021-04-26 19:08:00,VCSH
82.665,82.67,82.665,82.665,1915,2021-04-26 19:09:00,VCSH
82.665,82.6674,82.665,82.665,2633,2021-04-26 19:10:00,VCSH
82.665,82.665,82.66,82.6626,3475,2021-04-26 19:11:00,VCSH
82.6626,82.6626,82.6626,82.6626,100,2021-04-26 19:12:00,VCSH
82.665,82.665,82.665,82.665,2049,2021-04-26 19:13:00,VCSH
82.6637,82.6637,82.6637,82.6637,444,2021-04-26 19:14:00,VCSH
82.665,82.67,82.6626,82.67,8214,2021-04-26 19:15:00,VCSH
82.6645,82.665,82.66,82.662,6265,2021-04-26 19:16:00,VCSH
82.665,82.67,82.6601,82.666,2616,2021-04-26 19:17:00,VCSH
82.66,82.6679,82.66,82.665,3180,2021-04-26 19:18:00,VCSH
82.665,82.6659,82.6626,82.665,3425,2021-04-26 19:19:00,VCSH
82.668,82.668,82.665,82.665,4949,2021-04-26 19:20:00,VCSH
82.6626,82.67,82.66,82.67,2511,2021-04-26 19:21:00,VCSH
82.6676,82.6676,82.6601,82.662,4539,2021-04-26 19:22:00,VCSH
82.665,82.6663,82.6601,82.6601,619,2021-04-26 19:23:00,VCSH
82.665,82.6679,82.665,82.665,5017,2021-04-26 19:24:00,VCSH
82.6679,82.6684,82.66,82.665,3223,2021-04-26 19:25:00,VCSH
82.665,82.67,82.665,82.665,12728,2021-04-26 19:26:00,VCSH
82.665,82.67,82.662,82.665,9638,2021-04-26 19:27:00,VCSH
82.6698,82.6698,82.665,82.665,1850,2021-04-26 19:28:00,VCSH
82.665,82.67,82.66,82.66,16533,2021-04-26 19:29:00,VCSH
82.665,82.67,82.665,82.665,13697,2021-04-26 19:30:00,VCSH
82.67,82.67,82.665,82.669,4655,2021-04-26 19:31:00,VCSH
82.665,82.6674,82.665,82.665,944,2021-04-26 19:32:00,VCSH
82.665,82.6669,82.665,82.6669,619,2021-04-26 19:33:00,VCSH
82.6622,82.67,82.66,82.665,7653,2021-04-26 19:34:00,VCSH
82.665,82.669,82.66,82.66,9425,2021-04-26 19:35:00,VCSH
82.665,82.67,82.66,82.665,5964,2021-04-26 19:36:00,VCSH
82.665,82.665,82.6605,82.665,5297,2021-04-26 19:37:00,VCSH
82.66,82.6699,82.66,82.6699,1066,2021-04-26 19:38:00,VCSH
82.665,82.6674,82.66,82.66,4278,2021-04-26 19:39:00,VCSH
82.665,82.669,82.665,82.665,2508,2021-04-26 19:40:00,VCSH
82.665,82.669,82.665,82.669,700,2021-04-26 19:41:00,VCSH
82.662,82.667,82.662,82.663,3458,2021-04-26 19:42:00,VCSH
82.665,82.665,82.665,82.665,1187,2021-04-26 19:43:00,VCSH
82.665,82.665,82.665,82.665,1620,2021-04-26 19:44:00,VCSH
82.665,82.67,82.6641,82.665,4015,2021-04-26 19:45:00,VCSH
82.665,82.6679,82.663,82.663,3071,2021-04-26 19:46:00,VCSH
82.665,82.665,82.6621,82.6621,9079,2021-04-26 19:47:00,VCSH
82.665,82.6674,82.66,82.6674,3321,2021-04-26 19:48:00,VCSH
82.6658,82.6658,82.66,82.66,7818,2021-04-26 19:49:00,VCSH
82.665,82.665,82.665,82.665,2100,2021-04-26 19:50:00,VCSH
82.67,82.67,82.6677,82.669,2397,2021-04-26 19:51:00,VCSH
82.665,82.665,82.664,82.664,200,2021-04-26 19:52:00,VCSH
82.6626,82.67,82.6626,82.67,1714,2021-04-26 19:53:00,VCSH
82.67,82.67,82.6601,82.665,3536,2021-04-26 19:54:00,VCSH
82.665,82.6679,82.662,82.665,1873,2021-04-26 19:55:00,VCSH
82.665,82.665,82.66,82.665,3104,2021-04-26 19:56:00,VCSH
82.67,82.67,82.66,82.665,1200,2021-04-26 19:57:00,VCSH
82.66,82.669,82.66,82.665,1027,2021-04-26 19:58:00,VCSH
82.665,82.67,82.66,82.66,6727,2021-04-26 19:59:00,VCSH
82.67,82.67,82.67,82.67,113013,2021-04-26 20:00:00,VCSH
82.6,82.6,82.5,82.5,632,2021-04-26 23:53:00,VCSH
82.6356,82.69,82.61,82.667,53176,2021-04-27 13:30:00,VCSH
82.665,82.665,82.6645,82.6645,540,2021-04-27 13:31:00,VCSH
82.6601,82.665,82.66,82.665,2167,2021-04-27 13:32:00,VCSH
82.6662,82.6662,82.6662,82.6662,330,2021-04-27 13:33:00,VCSH
82.664,82.67,82.664,82.665,1363,2021-04-27 13:34:00,VCSH
82.665,82.67,82.66,82.665,4100,2021-04-27 13:35:00,VCSH
82.662,82.668,82.66,82.665,1320,2021-04-27 13:36:00,VCSH
82.66,82.6675,82.66,82.6675,1063,2021-04-27 13:37:00,VCSH
82.665,82.665,82.66,82.66,525,2021-04-27 13:38:00,VCSH
82.665,82.665,82.665,82.665,581,2021-04-27 13:39:00,VCSH
82.66,82.6699,82.66,82.6699,200,2021-04-27 13:40:00,VCSH
82.666,82.666,82.666,82.666,190,2021-04-27 13:41:00,VCSH
82.67,82.67,82.66,82.66,515,2021-04-27 13:42:00,VCSH
82.6608,82.665,82.6601,82.665,1732,2021-04-27 13:43:00,VCSH
82.67,82.67,82.665,82.665,514,2021-04-27 13:44:00,VCSH
82.67,82.67,82.66,82.665,4090,2021-04-27 13:45:00,VCSH
82.66,82.67,82.66,82.66,1260,2021-04-27 13:46:00,VCSH
82.665,82.67,82.6621,82.6621,1887,2021-04-27 13:47:00,VCSH
82.665,82.67,82.6603,82.67,1937,2021-04-27 13:48:00,VCSH
82.665,82.67,82.665,82.67,935,2021-04-27 13:49:00,VCSH
82.665,82.67,82.6601,82.665,1128,2021-04-27 13:50:00,VCSH
82.6601,82.67,82.6601,82.665,2700,2021-04-27 13:51:00,VCSH
82.6622,82.67,82.6622,82.6626,2901,2021-04-27 13:52:00,VCSH
82.665,82.67,82.66,82.665,10481,2021-04-27 13:53:00,VCSH
82.665,82.665,82.66,82.665,3253,2021-04-27 13:54:00,VCSH
82.665,82.666,82.663,82.666,412,2021-04-27 13:55:00,VCSH
82.6674,82.67,82.66,82.67,1172,2021-04-27 13:56:00,VCSH
82.665,82.665,82.665,82.665,233,2021-04-27 13:57:00,VCSH
82.665,82.67,82.6641,82.6641,1136,2021-04-27 13:58:00,VCSH
82.67,82.67,82.665,82.665,769,2021-04-27 13:59:00,VCSH
82.66,82.6679,82.66,82.6679,18483,2021-04-27 14:00:00,VCSH
82.66,82.66,82.66,82.66,2332,2021-04-27 14:01:00,VCSH
82.6677,82.6699,82.66,82.66,20300,2021-04-27 14:02:00,VCSH
82.6601,82.6633,82.66,82.6633,17773,2021-04-27 14:03:00,VCSH
82.66,82.67,82.66,82.66,7488,2021-04-27 14:04:00,VCSH
82.665,82.6679,82.66,82.6679,4749,2021-04-27 14:05:00,VCSH
82.66,82.67,82.66,82.67,3620,2021-04-27 14:06:00,VCSH
82.66,82.67,82.655,82.655,4961,2021-04-27 14:07:00,VCSH
82.65,82.6558,82.65,82.6558,6545,2021-04-27 14:08:00,VCSH
82.655,82.655,82.655,82.655,1156,2021-04-27 14:09:00,VCSH
82.655,82.66,82.6507,82.6577,2534,2021-04-27 14:10:00,VCSH
82.655,82.655,82.65,82.65,1819,2021-04-27 14:11:00,VCSH
82.655,82.655,82.6532,82.6532,9623,2021-04-27 14:12:00,VCSH
82.652,82.652,82.652,82.652,408,2021-04-27 14:13:00,VCSH
82.652,82.6579,82.652,82.6579,4551,2021-04-27 14:14:00,VCSH
82.655,82.6581,82.655,82.6581,5696,2021-04-27 14:15:00,VCSH
82.655,82.6557,82.65,82.65,1285,2021-04-27 14:16:00,VCSH
82.655,82.66,82.65,82.66,817,2021-04-27 14:17:00,VCSH
82.655,82.66,82.655,82.66,430,2021-04-27 14:18:00,VCSH
82.655,82.659,82.6523,82.655,19705,2021-04-27 14:19:00,VCSH
82.655,82.655,82.6548,82.655,6103,2021-04-27 14:20:00,VCSH
82.66,82.66,82.65,82.65,20887,2021-04-27 14:21:00,VCSH
82.658,82.658,82.655,82.655,665,2021-04-27 14:22:00,VCSH
82.655,82.66,82.655,82.655,1376,2021-04-27 14:23:00,VCSH
82.6581,82.659,82.655,82.659,645,2021-04-27 14:24:00,VCSH
82.655,82.66,82.655,82.66,1754,2021-04-27 14:25:00,VCSH
82.66,82.66,82.652,82.655,2867,2021-04-27 14:26:00,VCSH
82.66,82.66,82.651,82.66,7439,2021-04-27 14:27:00,VCSH
82.66,82.66,82.653,82.655,3525,2021-04-27 14:28:00,VCSH
82.66,82.66,82.655,82.66,4966,2021-04-27 14:29:00,VCSH
82.655,82.66,82.655,82.66,7193,2021-04-27 14:30:00,VCSH
82.66,82.66,82.653,82.66,2749,2021-04-27 14:31:00,VCSH
82.655,82.66,82.655,82.66,3401,2021-04-27 14:32:00,VCSH
82.66,82.66,82.655,82.655,16067,2021-04-27 14:33:00,VCSH
82.66,82.66,82.654,82.66,3306,2021-04-27 14:34:00,VCSH
82.66,82.66,82.655,82.66,2709,2021-04-27 14:35:00,VCSH
82.66,82.66,82.652,82.66,4334,2021-04-27 14:36:00,VCSH
82.66,82.66,82.655,82.66,23541,2021-04-27 14:37:00,VCSH
82.66,82.66,82.655,82.66,15692,2021-04-27 14:38:00,VCSH
82.655,82.66,82.655,82.655,25360,2021-04-27 14:39:00,VCSH
82.66,82.66,82.65,82.66,14601,2021-04-27 14:40:00,VCSH
82.66,82.66,82.65,82.655,58302,2021-04-27 14:41:00,VCSH
82.655,82.655,82.65,82.655,2978,2021-04-27 14:42:00,VCSH
82.655,82.66,82.65,82.655,5162,2021-04-27 14:43:00,VCSH
82.655,82.655,82.65,82.655,3050,2021-04-27 14:44:00,VCSH
82.6501,82.66,82.65,82.65,29385,2021-04-27 14:45:00,VCSH
82.655,82.6599,82.65,82.65,15572,2021-04-27 14:46:00,VCSH
82.658,82.659,82.65,82.6576,12694,2021-04-27 14:47:00,VCSH
82.6581,82.6599,82.6577,82.6599,7398,2021-04-27 14:48:00,VCSH
82.653,82.66,82.653,82.655,10644,2021-04-27 14:49:00,VCSH
82.655,82.66,82.65,82.6581,15483,2021-04-27 14:50:00,VCSH
82.655,82.6592,82.655,82.656,683,2021-04-27 14:51:00,VCSH
82.655,82.655,82.655,82.655,627,2021-04-27 14:52:00,VCSH
82.6559,82.6573,82.65,82.6573,3870,2021-04-27 14:53:00,VCSH
82.655,82.6574,82.655,82.655,804,2021-04-27 14:54:00,VCSH
82.6521,82.6542,82.65,82.65,21083,2021-04-27 14:55:00,VCSH
82.65,82.6599,82.65,82.652,11140,2021-04-27 14:56:00,VCSH
82.65,82.653,82.65,82.653,1043,2021-04-27 14:57:00,VCSH
82.6577,82.6577,82.65,82.6513,1504,2021-04-27 14:58:00,VCSH
82.65,82.652,82.65,82.652,2409,2021-04-27 14:59:00,VCSH
82.65,82.6574,82.65,82.6574,475,2021-04-27 15:00:00,VCSH
82.65,82.657,82.65,82.655,1890,2021-04-27 15:01:00,VCSH
82.65,82.6574,82.65,82.65,1331,2021-04-27 15:02:00,VCSH
82.6542,82.659,82.65,82.65,1016,2021-04-27 15:03:00,VCSH
82.6542,82.6542,82.6542,82.6542,2327,2021-04-27 15:04:00,VCSH
82.655,82.6579,82.655,82.6579,734,2021-04-27 15:05:00,VCSH
82.655,82.655,82.655,82.655,300,2021-04-27 15:06:00,VCSH
82.655,82.6581,82.655,82.6581,543,2021-04-27 15:07:00,VCSH
82.65,82.6575,82.65,82.6575,4688,2021-04-27 15:08:00,VCSH
82.651,82.6526,82.651,82.6526,282,2021-04-27 15:09:00,VCSH
82.655,82.66,82.652,82.66,2735,2021-04-27 15:10:00,VCSH
82.655,82.655,82.655,82.655,302,2021-04-27 15:11:00,VCSH
82.6501,82.652,82.6501,82.652,326,2021-04-27 15:12:00,VCSH
82.6526,82.6581,82.652,82.655,955,2021-04-27 15:13:00,VCSH
82.6501,82.659,82.6501,82.6526,1033,2021-04-27 15:14:00,VCSH
82.6574,82.6599,82.65,82.652,2248,2021-04-27 15:15:00,VCSH
82.6574,82.6574,82.6574,82.6574,185,2021-04-27 15:16:00,VCSH
82.655,82.66,82.65,82.6579,1673,2021-04-27 15:17:00,VCSH
82.65,82.659,82.65,82.6563,3591,2021-04-27 15:18:00,VCSH
82.6519,82.6575,82.65,82.65,19315,2021-04-27 15:19:00,VCSH
82.652,82.656,82.65,82.656,5184,2021-04-27 15:20:00,VCSH
82.6577,82.6577,82.6419,82.6499,40509,2021-04-27 15:21:00,VCSH
82.645,82.648,82.64,82.64,3501,2021-04-27 15:22:00,VCSH
82.648,82.648,82.6432,82.6432,651,2021-04-27 15:23:00,VCSH
82.645,82.645,82.6442,82.645,1397,2021-04-27 15:24:00,VCSH
82.645,82.645,82.645,82.645,165,2021-04-27 15:25:00,VCSH
82.64,82.6475,82.64,82.6475,3194,2021-04-27 15:26:00,VCSH
82.6479,82.6479,82.64,82.646,2521,2021-04-27 15:27:00,VCSH
82.6425,82.6499,82.6425,82.6474,1124,2021-04-27 15:28:00,VCSH
82.645,82.6499,82.645,82.645,579,2021-04-27 15:29:00,VCSH
82.648,82.648,82.645,82.645,500,2021-04-27 15:30:00,VCSH
82.645,82.645,82.6419,82.6423,1208,2021-04-27 15:31:00,VCSH
82.6458,82.65,82.6458,82.65,413,2021-04-27 15:32:00,VCSH
82.645,82.646,82.6432,82.646,1961,2021-04-27 15:33:00,VCSH
82.6424,82.6463,82.6424,82.6439,9551,2021-04-27 15:34:00,VCSH
82.6487,82.6487,82.6487,82.6487,375,2021-04-27 15:35:00,VCSH
82.649,82.649,82.649,82.649,258,2021-04-27 15:36:00,VCSH
82.645,82.648,82.6421,82.648,1373,2021-04-27 15:38:00,VCSH
82.64,82.645,82.64,82.645,722,2021-04-27 15:40:00,VCSH
82.643,82.648,82.643,82.6474,3414,2021-04-27 15:41:00,VCSH
82.645,82.65,82.642,82.642,42862,2021-04-27 15:42:00,VCSH
82.641,82.65,82.641,82.645,5464,2021-04-27 15:43:00,VCSH
82.6432,82.645,82.6409,82.6426,1804,2021-04-27 15:44:00,VCSH
82.6426,82.65,82.6426,82.645,2079,2021-04-27 15:45:00,VCSH
82.645,82.648,82.645,82.645,1705,2021-04-27 15:46:00,VCSH
82.64,82.6424,82.64,82.6424,671,2021-04-27 15:47:00,VCSH
82.645,82.645,82.645,82.645,456,2021-04-27 15:48:00,VCSH
82.645,82.6476,82.6401,82.645,2450,2021-04-27 15:49:00,VCSH
82.645,82.65,82.645,82.645,30734,2021-04-27 15:50:00,VCSH
82.6419,82.645,82.64,82.6432,2021,2021-04-27 15:51:00,VCSH
82.646,82.6476,82.64,82.645,1679,2021-04-27 15:52:00,VCSH
82.6476,82.6476,82.645,82.645,1583,2021-04-27 15:53:00,VCSH
82.6477,82.6477,82.6421,82.6421,1620,2021-04-27 15:54:00,VCSH
82.6478,82.6478,82.645,82.645,3492,2021-04-27 15:55:00,VCSH
82.648,82.648,82.64,82.64,2402,2021-04-27 15:56:00,VCSH
82.645,82.6474,82.645,82.6458,3154,2021-04-27 15:57:00,VCSH
82.645,82.6499,82.645,82.645,39655,2021-04-27 15:58:00,VCSH
82.6479,82.6479,82.6424,82.645,1731,2021-04-27 15:59:00,VCSH
82.6423,82.6479,82.64,82.645,2211,2021-04-27 16:00:00,VCSH
82.6426,82.65,82.6426,82.645,10346,2021-04-27 16:01:00,VCSH
82.6423,82.645,82.6423,82.645,688,2021-04-27 16:02:00,VCSH
82.6474,82.648,82.64,82.648,1663,2021-04-27 16:03:00,VCSH
82.645,82.648,82.645,82.6474,3172,2021-04-27 16:04:00,VCSH
82.645,82.645,82.6423,82.6423,1345,2021-04-27 16:05:00,VCSH
82.645,82.648,82.6419,82.6475,2632,2021-04-27 16:06:00,VCSH
82.6474,82.6474,82.645,82.645,1042,2021-04-27 16:08:00,VCSH
82.645,82.6499,82.64,82.645,14022,2021-04-27 16:09:00,VCSH
82.645,82.645,82.6432,82.6432,1059,2021-04-27 16:10:00,VCSH
82.64,82.6474,82.64,82.6463,648,2021-04-27 16:11:00,VCSH
82.645,82.645,82.645,82.645,500,2021-04-27 16:12:00,VCSH
82.645,82.6477,82.645,82.645,1319,2021-04-27 16:13:00,VCSH
82.646,82.6477,82.64,82.6477,1424,2021-04-27 16:14:00,VCSH
82.64,82.6479,82.64,82.6477,3512,2021-04-27 16:15:00,VCSH
82.641,82.645,82.641,82.645,1431,2021-04-27 16:16:00,VCSH
82.6474,82.65,82.645,82.645,19357,2021-04-27 16:17:00,VCSH
82.6475,82.6477,82.6414,82.6477,2200,2021-04-27 16:18:00,VCSH
82.6474,82.6474,82.6474,82.6474,118,2021-04-27 16:19:00,VCSH
82.6458,82.6465,82.645,82.645,4164,2021-04-27 16:20:00,VCSH
82.64,82.64,82.64,82.64,2245,2021-04-27 16:21:00,VCSH
82.6426,82.646,82.64,82.645,1151,2021-04-27 16:22:00,VCSH
82.6424,82.65,82.6419,82.65,1687,2021-04-27 16:23:00,VCSH
82.645,82.645,82.64,82.645,10792,2021-04-27 16:24:00,VCSH
82.645,82.65,82.64,82.64,5725,2021-04-27 16:25:00,VCSH
82.6463,82.6499,82.645,82.648,1936,2021-04-27 16:26:00,VCSH
82.641,82.6479,82.64,82.643,2360,2021-04-27 16:27:00,VCSH
82.6445,82.649,82.6445,82.645,6668,2021-04-27 16:28:00,VCSH
82.645,82.6474,82.645,82.645,776,2021-04-27 16:29:00,VCSH
82.645,82.65,82.6401,82.65,2058,2021-04-27 16:30:00,VCSH
82.649,82.649,82.645,82.645,2122,2021-04-27 16:31:00,VCSH
82.645,82.6474,82.645,82.6474,691,2021-04-27 16:32:00,VCSH
82.645,82.645,82.645,82.645,1064,2021-04-27 16:33:00,VCSH
82.645,82.645,82.645,82.645,251,2021-04-27 16:35:00,VCSH
82.645,82.6476,82.645,82.645,4836,2021-04-27 16:36:00,VCSH
82.645,82.648,82.64,82.648,8456,2021-04-27 16:37:00,VCSH
82.645,82.65,82.6431,82.6498,1493,2021-04-27 16:38:00,VCSH
82.65,82.65,82.64,82.65,3495,2021-04-27 16:39:00,VCSH
82.648,82.65,82.645,82.65,4681,2021-04-27 16:40:00,VCSH
82.6456,82.65,82.6445,82.645,1286,2021-04-27 16:41:00,VCSH
82.645,82.65,82.643,82.645,2595,2021-04-27 16:42:00,VCSH
82.645,82.6463,82.645,82.6463,450,2021-04-27 16:43:00,VCSH
82.645,82.65,82.645,82.65,3025,2021-04-27 16:44:00,VCSH
82.644,82.644,82.644,82.644,610,2021-04-27 16:45:00,VCSH
82.65,82.65,82.6426,82.6426,1406,2021-04-27 16:46:00,VCSH
82.645,82.65,82.645,82.6476,1303,2021-04-27 16:47:00,VCSH
82.65,82.65,82.6414,82.6414,5860,2021-04-27 16:48:00,VCSH
82.6459,82.649,82.64,82.64,993,2021-04-27 16:49:00,VCSH
82.645,82.645,82.645,82.645,242,2021-04-27 16:50:00,VCSH
82.6476,82.648,82.645,82.645,2998,2021-04-27 16:51:00,VCSH
82.643,82.6466,82.64,82.645,26216,2021-04-27 16:52:00,VCSH
82.6405,82.6405,82.6405,82.6405,493,2021-04-27 16:53:00,VCSH
82.6426,82.645,82.6426,82.645,8025,2021-04-27 16:54:00,VCSH
82.65,82.65,82.64,82.645,1220,2021-04-27 16:55:00,VCSH
82.6479,82.6479,82.6479,82.6479,907,2021-04-27 16:56:00,VCSH
82.64,82.64,82.64,82.64,1802,2021-04-27 16:57:00,VCSH
82.645,82.65,82.645,82.6466,2686,2021-04-27 16:58:00,VCSH
82.645,82.648,82.645,82.646,4330,2021-04-27 16:59:00,VCSH
82.64,82.646,82.64,82.646,4806,2021-04-27 17:00:00,VCSH
82.6408,82.65,82.6408,82.65,1166,2021-04-27 17:01:00,VCSH
82.645,82.6496,82.645,82.645,897,2021-04-27 17:02:00,VCSH
82.64,82.6474,82.64,82.645,11043,2021-04-27 17:03:00,VCSH
82.645,82.648,82.645,82.6474,7335,2021-04-27 17:04:00,VCSH
82.645,82.65,82.645,82.65,5018,2021-04-27 17:05:00,VCSH
82.6424,82.6476,82.6419,82.644,3740,2021-04-27 17:06:00,VCSH
82.64,82.65,82.64,82.6458,4442,2021-04-27 17:07:00,VCSH
82.645,82.645,82.645,82.645,3180,2021-04-27 17:08:00,VCSH
82.645,82.645,82.645,82.645,600,2021-04-27 17:09:00,VCSH
82.6479,82.6479,82.645,82.645,1603,2021-04-27 17:10:00,VCSH
82.6401,82.6499,82.6401,82.6499,4642,2021-04-27 17:11:00,VCSH
82.6426,82.6426,82.6426,82.6426,200,2021-04-27 17:12:00,VCSH
82.6474,82.6474,82.64,82.645,1631,2021-04-27 17:13:00,VCSH
82.645,82.648,82.645,82.648,706,2021-04-27 17:14:00,VCSH
82.645,82.6462,82.645,82.6462,1150,2021-04-27 17:15:00,VCSH
82.6423,82.6423,82.6423,82.6423,383,2021-04-27 17:16:00,VCSH
82.65,82.65,82.64,82.65,1430,2021-04-27 17:17:00,VCSH
82.6477,82.65,82.645,82.645,1514,2021-04-27 17:18:00,VCSH
82.6499,82.65,82.64,82.6466,4339,2021-04-27 17:19:00,VCSH
82.6426,82.645,82.6419,82.6419,949,2021-04-27 17:20:00,VCSH
82.6476,82.6478,82.64,82.645,2839,2021-04-27 17:21:00,VCSH
82.646,82.65,82.6419,82.65,2350,2021-04-27 17:22:00,VCSH
82.643,82.65,82.641,82.6486,6071,2021-04-27 17:23:00,VCSH
82.647,82.6474,82.6426,82.6474,1182,2021-04-27 17:24:00,VCSH
82.645,82.6484,82.645,82.645,2845,2021-04-27 17:25:00,VCSH
82.645,82.645,82.645,82.645,200,2021-04-27 17:26:00,VCSH
82.64,82.6476,82.64,82.6476,655,2021-04-27 17:27:00,VCSH
82.647,82.647,82.6415,82.6463,1202,2021-04-27 17:28:00,VCSH
82.645,82.65,82.645,82.65,25349,2021-04-27 17:29:00,VCSH
82.6474,82.65,82.6474,82.6487,500,2021-04-27 17:30:00,VCSH
82.645,82.6456,82.645,82.6456,760,2021-04-27 17:31:00,VCSH
82.64,82.645,82.64,82.6426,3454,2021-04-27 17:32:00,VCSH
82.6486,82.6486,82.6458,82.6486,1092,2021-04-27 17:33:00,VCSH
82.645,82.648,82.64,82.64,8155,2021-04-27 17:35:00,VCSH
82.648,82.648,82.6419,82.6419,516,2021-04-27 17:36:00,VCSH
82.6424,82.6477,82.6424,82.645,8424,2021-04-27 17:37:00,VCSH
82.6474,82.6474,82.645,82.645,280,2021-04-27 17:38:00,VCSH
82.645,82.6474,82.6419,82.6419,1408,2021-04-27 17:40:00,VCSH
82.645,82.6499,82.645,82.645,2695,2021-04-27 17:41:00,VCSH
82.6401,82.645,82.6401,82.645,1369,2021-04-27 17:42:00,VCSH
82.645,82.6469,82.645,82.645,1551,2021-04-27 17:43:00,VCSH
82.645,82.645,82.64,82.645,1983,2021-04-27 17:44:00,VCSH
82.6499,82.6499,82.64,82.64,22140,2021-04-27 17:45:00,VCSH
82.64,82.645,82.6381,82.6381,18000,2021-04-27 17:46:00,VCSH
82.6366,82.6399,82.6366,82.6366,621,2021-04-27 17:47:00,VCSH
82.632,82.632,82.632,82.632,189,2021-04-27 17:48:00,VCSH
82.6378,82.6378,82.63,82.6326,3583,2021-04-27 17:49:00,VCSH
82.635,82.64,82.632,82.632,1660,2021-04-27 17:50:00,VCSH
82.6381,82.6388,82.63,82.631,31184,2021-04-27 17:52:00,VCSH
82.635,82.6381,82.63,82.635,19440,2021-04-27 17:53:00,VCSH
82.635,82.6374,82.63,82.6374,1672,2021-04-27 17:54:00,VCSH
82.64,82.64,82.63,82.635,3180,2021-04-27 17:55:00,VCSH
82.635,82.6378,82.634,82.634,1819,2021-04-27 17:56:00,VCSH
82.635,82.635,82.63,82.63,715,2021-04-27 17:57:00,VCSH
82.6301,82.6399,82.63,82.63,2223,2021-04-27 17:58:00,VCSH
82.6342,82.636,82.63,82.635,1918,2021-04-27 17:59:00,VCSH
82.6364,82.6399,82.63,82.6374,3189,2021-04-27 18:00:00,VCSH
82.63,82.64,82.63,82.635,14701,2021-04-27 18:01:00,VCSH
82.63,82.639,82.63,82.63,33223,2021-04-27 18:02:00,VCSH
82.6358,82.6394,82.6358,82.6394,1710,2021-04-27 18:03:00,VCSH
82.635,82.64,82.635,82.635,1886,2021-04-27 18:04:00,VCSH
82.635,82.6374,82.635,82.6355,2964,2021-04-27 18:05:00,VCSH
82.6374,82.6389,82.63,82.635,1987,2021-04-27 18:06:00,VCSH
82.6358,82.639,82.63,82.6381,4208,2021-04-27 18:07:00,VCSH
82.63,82.6345,82.63,82.63,788,2021-04-27 18:08:00,VCSH
82.6358,82.64,82.63,82.634,6722,2021-04-27 18:09:00,VCSH
82.63,82.64,82.63,82.63,9171,2021-04-27 18:10:00,VCSH
82.635,82.635,82.635,82.635,1726,2021-04-27 18:11:00,VCSH
82.635,82.6392,82.635,82.635,10740,2021-04-27 18:12:00,VCSH
82.635,82.6379,82.63,82.6379,1589,2021-04-27 18:13:00,VCSH
82.6358,82.64,82.635,82.635,2880,2021-04-27 18:14:00,VCSH
82.635,82.638,82.635,82.6379,3201,2021-04-27 18:15:00,VCSH
82.635,82.635,82.63,82.635,3412,2021-04-27 18:16:00,VCSH
82.638,82.639,82.63,82.635,8574,2021-04-27 18:17:00,VCSH
82.6368,82.639,82.63,82.6374,5824,2021-04-27 18:18:00,VCSH
82.635,82.635,82.632,82.635,2304,2021-04-27 18:19:00,VCSH
82.6399,82.6399,82.63,82.6375,1299,2021-04-27 18:20:00,VCSH
82.64,82.64,82.63,82.6342,1200,2021-04-27 18:21:00,VCSH
82.635,82.64,82.63,82.631,1559,2021-04-27 18:22:00,VCSH
82.632,82.64,82.63,82.64,7248,2021-04-27 18:23:00,VCSH
82.635,82.6399,82.63,82.6399,1595,2021-04-27 18:24:00,VCSH
82.635,82.64,82.635,82.6399,1378,2021-04-27 18:25:00,VCSH
82.64,82.64,82.63,82.6399,4146,2021-04-27 18:26:00,VCSH
82.6386,82.64,82.63,82.6381,2026,2021-04-27 18:27:00,VCSH
82.635,82.64,82.63,82.633,2552,2021-04-27 18:29:00,VCSH
82.64,82.64,82.631,82.635,1616,2021-04-27 18:30:00,VCSH
82.635,82.6374,82.635,82.635,1955,2021-04-27 18:31:00,VCSH
82.635,82.6399,82.6323,82.6323,4565,2021-04-27 18:32:00,VCSH
82.635,82.6374,82.63,82.635,4270,2021-04-27 18:33:00,VCSH
82.635,82.635,82.635,82.635,510,2021-04-27 18:34:00,VCSH
82.635,82.6399,82.63,82.635,5693,2021-04-27 18:35:00,VCSH
82.6381,82.6381,82.6381,82.6381,177,2021-04-27 18:36:00,VCSH
82.63,82.635,82.63,82.635,1735,2021-04-27 18:37:00,VCSH
82.635,82.639,82.63,82.635,3299,2021-04-27 18:38:00,VCSH
82.635,82.635,82.635,82.635,300,2021-04-27 18:39:00,VCSH
82.635,82.64,82.63,82.63,10695,2021-04-27 18:40:00,VCSH
82.635,82.6381,82.6323,82.6326,8991,2021-04-27 18:41:00,VCSH
82.635,82.6374,82.6345,82.6374,1045,2021-04-27 18:42:00,VCSH
82.635,82.635,82.63,82.635,1841,2021-04-27 18:43:00,VCSH
82.6361,82.6361,82.6321,82.6321,1638,2021-04-27 18:44:00,VCSH
82.635,82.635,82.63,82.63,2000,2021-04-27 18:45:00,VCSH
82.635,82.6363,82.6326,82.6326,857,2021-04-27 18:46:00,VCSH
82.6376,82.6376,82.6376,82.6376,250,2021-04-27 18:47:00,VCSH
82.63,82.6379,82.63,82.631,3073,2021-04-27 18:48:00,VCSH
82.6399,82.6399,82.63,82.63,1100,2021-04-27 18:49:00,VCSH
82.636,82.6399,82.63,82.63,1980,2021-04-27 18:50:00,VCSH
82.635,82.635,82.635,82.635,137,2021-04-27 18:51:00,VCSH
82.64,82.64,82.6326,82.634,1638,2021-04-27 18:52:00,VCSH
82.6314,82.64,82.63,82.635,3413,2021-04-27 18:53:00,VCSH
82.635,82.635,82.63,82.635,36152,2021-04-27 18:54:00,VCSH
82.635,82.635,82.634,82.635,1315,2021-04-27 18:55:00,VCSH
82.63,82.6356,82.63,82.635,1336,2021-04-27 18:56:00,VCSH
82.6381,82.64,82.635,82.64,2502,2021-04-27 18:57:00,VCSH
82.635,82.6376,82.63,82.63,3391,2021-04-27 18:58:00,VCSH
82.6301,82.6375,82.6301,82.6326,2074,2021-04-27 18:59:00,VCSH
82.6369,82.639,82.6326,82.639,1766,2021-04-27 19:00:00,VCSH
82.635,82.6384,82.63,82.6381,3907,2021-04-27 19:01:00,VCSH
82.63,82.64,82.63,82.64,2738,2021-04-27 19:02:00,VCSH
82.6374,82.639,82.63,82.635,3574,2021-04-27 19:03:00,VCSH
82.639,82.639,82.6326,82.635,4646,2021-04-27 19:04:00,VCSH
82.635,82.635,82.6322,82.6322,585,2021-04-27 19:05:00,VCSH
82.635,82.636,82.63,82.636,1801,2021-04-27 19:06:00,VCSH
82.635,82.6381,82.63,82.6345,1044,2021-04-27 19:07:00,VCSH
82.6326,82.638,82.63,82.63,3201,2021-04-27 19:08:00,VCSH
82.63,82.6374,82.63,82.6358,4445,2021-04-27 19:09:00,VCSH
82.6365,82.6365,82.63,82.635,1409,2021-04-27 19:10:00,VCSH
82.63,82.6379,82.63,82.6379,2112,2021-04-27 19:11:00,VCSH
82.635,82.64,82.635,82.635,2906,2021-04-27 19:12:00,VCSH
82.6326,82.6358,82.63,82.63,2794,2021-04-27 19:13:00,VCSH
82.6369,82.64,82.634,82.636,14867,2021-04-27 19:14:00,VCSH
82.635,82.6374,82.63,82.6342,2909,2021-04-27 19:15:00,VCSH
82.636,82.6398,82.63,82.6398,6602,2021-04-27 19:16:00,VCSH
82.632,82.6381,82.63,82.635,3794,2021-04-27 19:17:00,VCSH
82.6301,82.638,82.63,82.635,3764,2021-04-27 19:18:00,VCSH
82.63,82.6358,82.63,82.635,10800,2021-04-27 19:19:00,VCSH
82.632,82.635,82.63,82.63,2635,2021-04-27 19:20:00,VCSH
82.63,82.6393,82.63,82.6393,4371,2021-04-27 19:21:00,VCSH
82.6359,82.6359,82.63,82.63,3451,2021-04-27 19:22:00,VCSH
82.63,82.64,82.63,82.63,3703,2021-04-27 19:23:00,VCSH
82.63,82.64,82.63,82.63,2058,2021-04-27 19:24:00,VCSH
82.6399,82.6399,82.63,82.63,2418,2021-04-27 19:25:00,VCSH
82.63,82.64,82.63,82.636,6526,2021-04-27 19:26:00,VCSH
82.63,82.64,82.63,82.63,2951,2021-04-27 19:27:00,VCSH
82.63,82.6378,82.63,82.63,4437,2021-04-27 19:28:00,VCSH
82.63,82.6379,82.63,82.635,4640,2021-04-27 19:29:00,VCSH
82.63,82.6364,82.63,82.63,1363,2021-04-27 19:30:00,VCSH
82.63,82.633,82.63,82.633,2100,2021-04-27 19:31:00,VCSH
82.63,82.638,82.63,82.63,6029,2021-04-27 19:32:00,VCSH
82.63,82.6374,82.63,82.63,3241,2021-04-27 19:33:00,VCSH
82.63,82.64,82.63,82.63,5207,2021-04-27 19:34:00,VCSH
82.63,82.635,82.63,82.63,1303,2021-04-27 19:35:00,VCSH
82.63,82.6381,82.63,82.63,5164,2021-04-27 19:36:00,VCSH
82.63,82.64,82.63,82.63,3813,2021-04-27 19:37:00,VCSH
82.63,82.64,82.63,82.63,3440,2021-04-27 19:38:00,VCSH
82.63,82.64,82.63,82.6379,2939,2021-04-27 19:39:00,VCSH
82.6376,82.6376,82.63,82.63,648,2021-04-27 19:40:00,VCSH
82.635,82.6381,82.63,82.635,22975,2021-04-27 19:41:00,VCSH
82.631,82.64,82.63,82.635,12568,2021-04-27 19:42:00,VCSH
82.635,82.6392,82.63,82.63,3815,2021-04-27 19:43:00,VCSH
82.63,82.6399,82.63,82.635,1687,2021-04-27 19:44:00,VCSH
82.6342,82.6393,82.632,82.632,4070,2021-04-27 19:45:00,VCSH
82.63,82.6399,82.63,82.6399,7582,2021-04-27 19:46:00,VCSH
82.6301,82.639,82.6301,82.639,565,2021-04-27 19:47:00,VCSH
82.6301,82.639,82.63,82.63,6140,2021-04-27 19:48:00,VCSH
82.635,82.635,82.63,82.635,3206,2021-04-27 19:49:00,VCSH
82.635,82.636,82.63,82.63,2142,2021-04-27 19:50:00,VCSH
82.631,82.6381,82.63,82.63,4839,2021-04-27 19:51:00,VCSH
82.63,82.6379,82.63,82.63,2187,2021-04-27 19:52:00,VCSH
82.63,82.64,82.63,82.63,3086,2021-04-27 19:53:00,VCSH
82.63,82.64,82.63,82.63,2704,2021-04-27 19:54:00,VCSH
82.635,82.635,82.63,82.63,21898,2021-04-27 19:55:00,VCSH
82.635,82.64,82.63,82.63,10617,2021-04-27 19:56:00,VCSH
82.63,82.6392,82.63,82.63,12817,2021-04-27 19:57:00,VCSH
82.635,82.6399,82.63,82.63,9148,2021-04-27 19:58:00,VCSH
82.63,82.6393,82.63,82.63,52424,2021-04-27 19:59:00,VCSH
82.63,82.63,82.63,82.63,107758,2021-04-27 20:00:00,VCSH
82.64,82.6773,82.63,82.6381,70004,2021-04-28 13:30:00,VCSH
82.63,82.63,82.63,82.63,225,2021-04-28 13:31:00,VCSH
82.635,82.639,82.635,82.639,574,2021-04-28 13:32:00,VCSH
82.6309,82.6374,82.6301,82.6374,836,2021-04-28 13:33:00,VCSH
82.6399,82.6399,82.63,82.63,3725,2021-04-28 13:34:00,VCSH
82.63,82.631,82.63,82.63,5245,2021-04-28 13:35:00,VCSH
82.63,82.635,82.63,82.63,500,2021-04-28 13:36:00,VCSH
82.63,82.63,82.62,82.625,16790,2021-04-28 13:37:00,VCSH
82.62,82.625,82.62,82.62,1306,2021-04-28 13:38:00,VCSH
82.625,82.625,82.62,82.62,281,2021-04-28 13:39:00,VCSH
82.625,82.6279,82.62,82.6279,5315,2021-04-28 13:40:00,VCSH
82.62,82.625,82.62,82.625,3482,2021-04-28 13:41:00,VCSH
82.625,82.625,82.625,82.625,1095,2021-04-28 13:42:00,VCSH
82.629,82.629,82.624,82.624,1132,2021-04-28 13:43:00,VCSH
82.625,82.625,82.625,82.625,4315,2021-04-28 13:44:00,VCSH
82.6258,82.63,82.6207,82.6207,3187,2021-04-28 13:45:00,VCSH
82.625,82.625,82.625,82.625,200,2021-04-28 13:46:00,VCSH
82.625,82.625,82.625,82.625,100,2021-04-28 13:47:00,VCSH
82.63,82.63,82.625,82.625,400,2021-04-28 13:48:00,VCSH
82.62,82.63,82.62,82.6299,3281,2021-04-28 13:49:00,VCSH
82.625,82.63,82.625,82.63,3062,2021-04-28 13:50:00,VCSH
82.625,82.63,82.625,82.625,2550,2021-04-28 13:51:00,VCSH
82.625,82.63,82.625,82.63,3965,2021-04-28 13:52:00,VCSH
82.63,82.63,82.6221,82.63,3151,2021-04-28 13:53:00,VCSH
82.62,82.63,82.62,82.625,4469,2021-04-28 13:54:00,VCSH
82.625,82.6274,82.625,82.6274,200,2021-04-28 13:55:00,VCSH
82.622,82.63,82.62,82.629,1408,2021-04-28 13:56:00,VCSH
82.63,82.63,82.62,82.625,5745,2021-04-28 13:57:00,VCSH
82.625,82.63,82.62,82.625,6971,2021-04-28 13:58:00,VCSH
82.6299,82.6299,82.625,82.625,1119,2021-04-28 13:59:00,VCSH
82.6279,82.63,82.62,82.63,3889,2021-04-28 14:00:00,VCSH
82.625,82.6274,82.625,82.6274,200,2021-04-28 14:01:00,VCSH
82.62,82.63,82.62,82.63,26492,2021-04-28 14:02:00,VCSH
82.6242,82.63,82.62,82.625,5076,2021-04-28 14:03:00,VCSH
82.629,82.629,82.62,82.62,320,2021-04-28 14:04:00,VCSH
82.625,82.63,82.62,82.6257,5638,2021-04-28 14:05:00,VCSH
82.63,82.63,82.625,82.627,1332,2021-04-28 14:06:00,VCSH
82.6282,82.63,82.625,82.625,2100,2021-04-28 14:07:00,VCSH
82.6242,82.63,82.62,82.625,4259,2021-04-28 14:08:00,VCSH
82.63,82.63,82.62,82.629,29636,2021-04-28 14:09:00,VCSH
82.63,82.63,82.625,82.63,5657,2021-04-28 14:10:00,VCSH
82.62,82.63,82.62,82.6242,18004,2021-04-28 14:11:00,VCSH
82.625,82.63,82.62,82.6258,12026,2021-04-28 14:12:00,VCSH
82.6289,82.63,82.62,82.63,15800,2021-04-28 14:14:00,VCSH
82.629,82.63,82.625,82.63,6341,2021-04-28 14:15:00,VCSH
82.625,82.63,82.625,82.625,1107,2021-04-28 14:16:00,VCSH
82.62,82.63,82.62,82.626,2458,2021-04-28 14:17:00,VCSH
82.6263,82.63,82.62,82.62,1426,2021-04-28 14:18:00,VCSH
82.6298,82.63,82.622,82.625,1143,2021-04-28 14:19:00,VCSH
82.6265,82.6281,82.62,82.62,7349,2021-04-28 14:20:00,VCSH
82.625,82.64,82.62,82.64,32856,2021-04-28 14:21:00,VCSH
82.6374,82.64,82.63,82.635,6034,2021-04-28 14:22:00,VCSH
82.638,82.6394,82.636,82.6394,1214,2021-04-28 14:23:00,VCSH
82.6326,82.64,82.6326,82.64,665,2021-04-28 14:24:00,VCSH
82.63,82.632,82.63,82.632,3139,2021-04-28 14:25:00,VCSH
82.64,82.64,82.634,82.64,4092,2021-04-28 14:26:00,VCSH
82.64,82.64,82.636,82.639,2195,2021-04-28 14:27:00,VCSH
82.6326,82.64,82.6324,82.6374,845,2021-04-28 14:28:00,VCSH
82.6378,82.64,82.6378,82.6381,988,2021-04-28 14:29:00,VCSH
82.64,82.64,82.63,82.64,1725,2021-04-28 14:30:00,VCSH
82.63,82.64,82.63,82.635,600,2021-04-28 14:31:00,VCSH
82.6376,82.6379,82.63,82.6326,1221,2021-04-28 14:32:00,VCSH
82.64,82.64,82.63,82.635,4195,2021-04-28 14:33:00,VCSH
82.63,82.64,82.63,82.6341,8870,2021-04-28 14:34:00,VCSH
82.63,82.639,82.63,82.639,1075,2021-04-28 14:35:00,VCSH
82.6301,82.639,82.63,82.63,2903,2021-04-28 14:36:00,VCSH
82.638,82.6381,82.63,82.6374,3545,2021-04-28 14:37:00,VCSH
82.63,82.635,82.63,82.63,7523,2021-04-28 14:38:00,VCSH
82.63,82.6398,82.63,82.63,708,2021-04-28 14:39:00,VCSH
82.635,82.6376,82.63,82.6376,700,2021-04-28 14:40:00,VCSH
82.64,82.64,82.63,82.63,243,2021-04-28 14:41:00,VCSH
82.63,82.634,82.63,82.634,742,2021-04-28 14:42:00,VCSH
82.6309,82.6399,82.63,82.63,2552,2021-04-28 14:43:00,VCSH
82.635,82.636,82.63,82.63,786,2021-04-28 14:44:00,VCSH
82.63,82.63,82.622,82.6226,5082,2021-04-28 14:45:00,VCSH
82.62,82.6255,82.62,82.625,3041,2021-04-28 14:46:00,VCSH
82.62,82.63,82.62,82.62,3329,2021-04-28 14:47:00,VCSH
82.6296,82.63,82.62,82.625,636,2021-04-28 14:48:00,VCSH
82.62,82.63,82.62,82.63,2132,2021-04-28 14:49:00,VCSH
82.62,82.625,82.62,82.6224,1527,2021-04-28 14:50:00,VCSH
82.625,82.63,82.622,82.63,12276,2021-04-28 14:51:00,VCSH
82.6275,82.63,82.625,82.63,76290,2021-04-28 14:52:00,VCSH
82.6282,82.63,82.6223,82.63,8477,2021-04-28 14:53:00,VCSH
82.63,82.63,82.63,82.63,400,2021-04-28 14:54:00,VCSH
82.63,82.63,82.6275,82.63,460,2021-04-28 14:55:00,VCSH
82.625,82.63,82.62,82.62,2671,2021-04-28 14:56:00,VCSH
82.63,82.63,82.63,82.63,5300,2021-04-28 14:57:00,VCSH
82.627,82.627,82.627,82.627,1036,2021-04-28 14:58:00,VCSH
82.63,82.63,82.63,82.63,300,2021-04-28 14:59:00,VCSH
82.62,82.6299,82.62,82.625,951,2021-04-28 15:00:00,VCSH
82.625,82.63,82.6201,82.63,1010,2021-04-28 15:01:00,VCSH
82.63,82.63,82.63,82.63,100,2021-04-28 15:02:00,VCSH
82.6281,82.6281,82.625,82.625,1847,2021-04-28 15:03:00,VCSH
82.6223,82.629,82.62,82.6276,1145,2021-04-28 15:04:00,VCSH
82.62,82.625,82.62,82.625,570,2021-04-28 15:05:00,VCSH
82.6278,82.6278,82.62,82.62,1348,2021-04-28 15:06:00,VCSH
82.62,82.625,82.62,82.624,471,2021-04-28 15:07:00,VCSH
82.62,82.6279,82.62,82.62,1617,2021-04-28 15:08:00,VCSH
82.6276,82.6299,82.62,82.625,6253,2021-04-28 15:09:00,VCSH
82.62,82.6299,82.62,82.6299,1066,2021-04-28 15:10:00,VCSH
82.625,82.63,82.62,82.625,2736,2021-04-28 15:11:00,VCSH
82.625,82.6281,82.62,82.625,2649,2021-04-28 15:12:00,VCSH
82.6224,82.625,82.62,82.625,789,2021-04-28 15:13:00,VCSH
82.623,82.63,82.62,82.6293,1415,2021-04-28 15:14:00,VCSH
82.625,82.63,82.62,82.625,7071,2021-04-28 15:15:00,VCSH
82.629,82.63,82.62,82.62,1685,2021-04-28 15:16:00,VCSH
82.625,82.629,82.625,82.625,670,2021-04-28 15:17:00,VCSH
82.62,82.63,82.62,82.625,2740,2021-04-28 15:18:00,VCSH
82.625,82.63,82.62,82.63,871,2021-04-28 15:19:00,VCSH
82.625,82.63,82.62,82.63,557,2021-04-28 15:20:00,VCSH
82.625,82.63,82.62,82.625,28545,2021-04-28 15:21:00,VCSH
82.6201,82.63,82.62,82.63,6765,2021-04-28 15:22:00,VCSH
82.63,82.63,82.62,82.625,4111,2021-04-28 15:23:00,VCSH
82.6263,82.63,82.6223,82.625,6306,2021-04-28 15:24:00,VCSH
82.62,82.63,82.62,82.629,1257,2021-04-28 15:25:00,VCSH
82.6265,82.63,82.62,82.6279,1793,2021-04-28 15:26:00,VCSH
82.625,82.63,82.62,82.63,1344,2021-04-28 15:27:00,VCSH
82.625,82.63,82.62,82.62,5284,2021-04-28 15:28:00,VCSH
82.62,82.63,82.62,82.625,3925,2021-04-28 15:29:00,VCSH
82.6255,82.63,82.62,82.63,1495,2021-04-28 15:30:00,VCSH
82.6278,82.63,82.62,82.63,2138,2021-04-28 15:31:00,VCSH
82.62,82.625,82.62,82.62,400,2021-04-28 15:32:00,VCSH
82.625,82.625,82.62,82.625,1105,2021-04-28 15:33:00,VCSH
82.6279,82.63,82.62,82.6281,2100,2021-04-28 15:34:00,VCSH
82.625,82.63,82.62,82.6299,1061,2021-04-28 15:35:00,VCSH
82.625,82.63,82.62,82.625,605,2021-04-28 15:36:00,VCSH
82.6226,82.6275,82.62,82.6224,1589,2021-04-28 15:37:00,VCSH
82.625,82.63,82.62,82.63,3920,2021-04-28 15:38:00,VCSH
82.625,82.63,82.62,82.63,2607,2021-04-28 15:39:00,VCSH
82.62,82.63,82.62,82.62,1684,2021-04-28 15:40:00,VCSH
82.625,82.63,82.62,82.6263,3180,2021-04-28 15:41:00,VCSH
82.62,82.63,82.62,82.625,2557,2021-04-28 15:42:00,VCSH
82.62,82.63,82.62,82.625,2742,2021-04-28 15:43:00,VCSH
82.629,82.63,82.62,82.625,5004,2021-04-28 15:44:00,VCSH
82.63,82.63,82.62,82.625,1530,2021-04-28 15:45:00,VCSH
82.62,82.63,82.62,82.63,700,2021-04-28 15:46:00,VCSH
82.63,82.63,82.62,82.63,1868,2021-04-28 15:47:00,VCSH
82.6269,82.63,82.62,82.63,1387,2021-04-28 15:48:00,VCSH
82.625,82.63,82.62,82.63,3001,2021-04-28 15:49:00,VCSH
82.63,82.63,82.62,82.63,900,2021-04-28 15:50:00,VCSH
82.62,82.63,82.62,82.62,4000,2021-04-28 15:51:00,VCSH
82.629,82.63,82.62,82.63,2820,2021-04-28 15:52:00,VCSH
82.625,82.63,82.62,82.63,1285,2021-04-28 15:53:00,VCSH
82.621,82.63,82.62,82.63,1989,2021-04-28 15:54:00,VCSH
82.621,82.63,82.62,82.625,1742,2021-04-28 15:55:00,VCSH
82.63,82.63,82.62,82.62,500,2021-04-28 15:56:00,VCSH
82.63,82.63,82.62,82.62,867,2021-04-28 15:57:00,VCSH
82.63,82.63,82.62,82.63,1094,2021-04-28 15:58:00,VCSH
82.63,82.63,82.62,82.63,1437,2021-04-28 15:59:00,VCSH
82.63,82.63,82.62,82.625,1575,2021-04-28 16:00:00,VCSH
82.63,82.63,82.62,82.6258,4976,2021-04-28 16:01:00,VCSH
82.62,82.63,82.62,82.63,3755,2021-04-28 16:02:00,VCSH
82.625,82.63,82.62,82.62,2809,2021-04-28 16:03:00,VCSH
82.63,82.63,82.62,82.63,1421,2021-04-28 16:04:00,VCSH
82.625,82.63,82.62,82.63,1200,2021-04-28 16:05:00,VCSH
82.63,82.63,82.62,82.63,2100,2021-04-28 16:06:00,VCSH
82.6299,82.63,82.62,82.63,2098,2021-04-28 16:07:00,VCSH
82.625,82.63,82.62,82.63,2506,2021-04-28 16:08:00,VCSH
82.625,82.63,82.62,82.6277,1857,2021-04-28 16:09:00,VCSH
82.63,82.63,82.62,82.63,1384,2021-04-28 16:10:00,VCSH
82.63,82.63,82.62,82.62,3930,2021-04-28 16:11:00,VCSH
82.62,82.63,82.62,82.63,8844,2021-04-28 16:12:00,VCSH
82.63,82.63,82.62,82.622,6859,2021-04-28 16:13:00,VCSH
82.625,82.63,82.625,82.63,872,2021-04-28 16:14:00,VCSH
82.63,82.63,82.62,82.63,1700,2021-04-28 16:15:00,VCSH
82.63,82.63,82.625,82.63,1423,2021-04-28 16:16:00,VCSH
82.63,82.63,82.62,82.63,2842,2021-04-28 16:17:00,VCSH
82.62,82.63,82.62,82.625,2149,2021-04-28 16:18:00,VCSH
82.6277,82.63,82.62,82.62,3317,2021-04-28 16:19:00,VCSH
82.625,82.63,82.62,82.63,2593,2021-04-28 16:20:00,VCSH
82.627,82.63,82.62,82.63,6047,2021-04-28 16:21:00,VCSH
82.63,82.63,82.62,82.63,3800,2021-04-28 16:22:00,VCSH
82.63,82.63,82.62,82.6274,1260,2021-04-28 16:23:00,VCSH
82.63,82.64,82.62,82.625,43160,2021-04-28 16:24:00,VCSH
82.62,82.6299,82.62,82.6274,2317,2021-04-28 16:25:00,VCSH
82.625,82.63,82.62,82.625,1369,2021-04-28 16:26:00,VCSH
82.625,82.628,82.62,82.625,1484,2021-04-28 16:27:00,VCSH
82.625,82.6266,82.62,82.625,2772,2021-04-28 16:28:00,VCSH
82.63,82.63,82.62,82.63,13835,2021-04-28 16:29:00,VCSH
82.625,82.63,82.62,82.625,1376,2021-04-28 16:30:00,VCSH
82.63,82.63,82.6201,82.625,6456,2021-04-28 16:31:00,VCSH
82.63,82.63,82.625,82.63,2313,2021-04-28 16:32:00,VCSH
82.6281,82.63,82.625,82.63,5735,2021-04-28 16:33:00,VCSH
82.63,82.63,82.62,82.63,1590,2021-04-28 16:34:00,VCSH
82.63,82.63,82.62,82.63,1665,2021-04-28 16:35:00,VCSH
82.62,82.63,82.62,82.6299,2025,2021-04-28 16:36:00,VCSH
82.62,82.63,82.62,82.63,5638,2021-04-28 16:37:00,VCSH
82.63,82.63,82.625,82.6281,2170,2021-04-28 16:38:00,VCSH
82.63,82.63,82.621,82.63,3187,2021-04-28 16:39:00,VCSH
82.63,82.63,82.625,82.625,1598,2021-04-28 16:40:00,VCSH
82.63,82.63,82.625,82.63,6504,2021-04-28 16:41:00,VCSH
82.63,82.63,82.6245,82.63,4460,2021-04-28 16:42:00,VCSH
82.63,82.63,82.622,82.63,19616,2021-04-28 16:43:00,VCSH
82.63,82.63,82.625,82.6277,5640,2021-04-28 16:44:00,VCSH
82.63,82.63,82.62,82.628,6433,2021-04-28 16:45:00,VCSH
82.6224,82.63,82.62,82.63,2603,2021-04-28 16:46:00,VCSH
82.63,82.63,82.6259,82.628,3185,2021-04-28 16:47:00,VCSH
82.63,82.63,82.6281,82.63,3568,2021-04-28 16:48:00,VCSH
82.63,82.63,82.63,82.63,1200,2021-04-28 16:49:00,VCSH
82.63,82.63,82.625,82.63,7626,2021-04-28 16:50:00,VCSH
82.63,82.63,82.625,82.63,4892,2021-04-28 16:51:00,VCSH
82.63,82.63,82.62,82.625,7584,2021-04-28 16:52:00,VCSH
82.625,82.63,82.62,82.625,9579,2021-04-28 16:53:00,VCSH
82.625,82.6281,82.62,82.625,3919,2021-04-28 16:54:00,VCSH
82.625,82.63,82.62,82.625,41508,2021-04-28 16:55:00,VCSH
82.625,82.6266,82.62,82.625,8092,2021-04-28 16:56:00,VCSH
82.625,82.63,82.624,82.625,2750,2021-04-28 16:57:00,VCSH
82.629,82.6299,82.625,82.625,3975,2021-04-28 16:58:00,VCSH
82.625,82.6291,82.625,82.625,40200,2021-04-28 16:59:00,VCSH
82.625,82.6281,82.6201,82.625,3680,2021-04-28 17:00:00,VCSH
82.62,82.63,82.62,82.625,4282,2021-04-28 17:01:00,VCSH
82.625,82.6287,82.625,82.625,6396,2021-04-28 17:02:00,VCSH
82.625,82.6299,82.621,82.625,2720,2021-04-28 17:03:00,VCSH
82.625,82.625,82.62,82.625,2174,2021-04-28 17:04:00,VCSH
82.625,82.63,82.62,82.625,2490,2021-04-28 17:05:00,VCSH
82.625,82.627,82.62,82.6226,1794,2021-04-28 17:06:00,VCSH
82.6259,82.6259,82.62,82.625,7969,2021-04-28 17:07:00,VCSH
82.625,82.625,82.62,82.625,2570,2021-04-28 17:08:00,VCSH
82.6293,82.6293,82.62,82.6274,1611,2021-04-28 17:09:00,VCSH
82.625,82.6276,82.62,82.625,2478,2021-04-28 17:10:00,VCSH
82.625,82.6268,82.62,82.625,2050,2021-04-28 17:11:00,VCSH
82.625,82.6299,82.62,82.625,2094,2021-04-28 17:12:00,VCSH
82.625,82.6299,82.62,82.625,5330,2021-04-28 17:13:00,VCSH
82.625,82.6286,82.62,82.625,2006,2021-04-28 17:14:00,VCSH
82.625,82.6276,82.62,82.625,1500,2021-04-28 17:15:00,VCSH
82.62,82.625,82.62,82.625,1281,2021-04-28 17:16:00,VCSH
82.625,82.627,82.62,82.62,1503,2021-04-28 17:17:00,VCSH
82.625,82.625,82.62,82.625,2900,2021-04-28 17:18:00,VCSH
82.625,82.625,82.62,82.625,3729,2021-04-28 17:19:00,VCSH
82.625,82.625,82.6225,82.625,1300,2021-04-28 17:20:00,VCSH
82.625,82.6276,82.62,82.625,2161,2021-04-28 17:21:00,VCSH
82.625,82.626,82.6225,82.625,2298,2021-04-28 17:22:00,VCSH
82.625,82.6279,82.6207,82.625,3648,2021-04-28 17:23:00,VCSH
82.625,82.6297,82.62,82.62,1666,2021-04-28 17:24:00,VCSH
82.625,82.625,82.62,82.625,3001,2021-04-28 17:25:00,VCSH
82.625,82.6274,82.62,82.6274,2652,2021-04-28 17:26:00,VCSH
82.625,82.625,82.62,82.625,3080,2021-04-28 17:27:00,VCSH
82.625,82.63,82.62,82.625,4103,2021-04-28 17:28:00,VCSH
82.62,82.63,82.62,82.625,3267,2021-04-28 17:29:00,VCSH
82.625,82.625,82.62,82.625,2161,2021-04-28 17:30:00,VCSH
82.625,82.625,82.6225,82.624,1200,2021-04-28 17:31:00,VCSH
82.625,82.625,82.62,82.625,1731,2021-04-28 17:32:00,VCSH
82.625,82.625,82.62,82.62,6600,2021-04-28 17:33:00,VCSH
82.625,82.6277,82.62,82.625,3822,2021-04-28 17:34:00,VCSH
82.625,82.625,82.62,82.625,1872,2021-04-28 17:35:00,VCSH
82.625,82.63,82.625,82.625,6451,2021-04-28 17:36:00,VCSH
82.625,82.63,82.62,82.625,1964,2021-04-28 17:37:00,VCSH
82.625,82.6281,82.62,82.6281,1659,2021-04-28 17:38:00,VCSH
82.6231,82.625,82.62,82.62,3605,2021-04-28 17:39:00,VCSH
82.625,82.6274,82.62,82.625,3668,2021-04-28 17:40:00,VCSH
82.625,82.6299,82.62,82.625,9385,2021-04-28 17:41:00,VCSH
82.625,82.63,82.625,82.625,1290,2021-04-28 17:42:00,VCSH
82.625,82.625,82.62,82.625,1100,2021-04-28 17:43:00,VCSH
82.625,82.625,82.62,82.625,1920,2021-04-28 17:44:00,VCSH
82.625,82.63,82.62,82.63,8280,2021-04-28 17:45:00,VCSH
82.625,82.625,82.62,82.625,1311,2021-04-28 17:46:00,VCSH
82.625,82.629,82.62,82.625,4873,2021-04-28 17:47:00,VCSH
82.625,82.63,82.625,82.625,1350,2021-04-28 17:48:00,VCSH
82.62,82.63,82.62,82.625,1859,2021-04-28 17:49:00,VCSH
82.625,82.625,82.62,82.62,2200,2021-04-28 17:50:00,VCSH
82.625,82.6274,82.62,82.6274,1463,2021-04-28 17:51:00,VCSH
82.625,82.6274,82.62,82.62,10537,2021-04-28 17:52:00,VCSH
82.625,82.6274,82.62,82.62,4517,2021-04-28 17:53:00,VCSH
82.625,82.626,82.62,82.625,20681,2021-04-28 17:54:00,VCSH
82.625,82.6256,82.622,82.625,4872,2021-04-28 17:55:00,VCSH
82.625,82.63,82.624,82.625,21175,2021-04-28 17:56:00,VCSH
82.625,82.63,82.625,82.625,3366,2021-04-28 17:57:00,VCSH
82.625,82.63,82.622,82.625,5093,2021-04-28 17:58:00,VCSH
82.625,82.63,82.6245,82.625,3580,2021-04-28 17:59:00,VCSH
82.625,82.625,82.6,82.6,31597,2021-04-28 18:00:00,VCSH
82.604,82.615,82.604,82.61,6765,2021-04-28 18:01:00,VCSH
82.61,82.616,82.61,82.616,218,2021-04-28 18:02:00,VCSH
82.6101,82.62,82.61,82.6158,16164,2021-04-28 18:03:00,VCSH
82.615,82.615,82.61,82.615,3539,2021-04-28 18:04:00,VCSH
82.615,82.63,82.615,82.62,13544,2021-04-28 18:05:00,VCSH
82.6276,82.63,82.6242,82.6274,3488,2021-04-28 18:06:00,VCSH
82.625,82.6281,82.62,82.62,3315,2021-04-28 18:07:00,VCSH
82.625,82.6299,82.62,82.625,2468,2021-04-28 18:08:00,VCSH
82.625,82.63,82.62,82.625,4957,2021-04-28 18:09:00,VCSH
82.62,82.63,82.62,82.62,2973,2021-04-28 18:10:00,VCSH
82.62,82.6299,82.62,82.62,4969,2021-04-28 18:11:00,VCSH
82.61,82.61,82.605,82.61,3231,2021-04-28 18:12:00,VCSH
82.61,82.61,82.605,82.61,5188,2021-04-28 18:13:00,VCSH
82.61,82.61,82.602,82.61,3491,2021-04-28 18:14:00,VCSH
82.61,82.616,82.6099,82.616,12196,2021-04-28 18:15:00,VCSH
82.615,82.62,82.614,82.62,19851,2021-04-28 18:16:00,VCSH
82.625,82.627,82.62,82.6263,2583,2021-04-28 18:17:00,VCSH
82.625,82.6286,82.6201,82.6263,2283,2021-04-28 18:18:00,VCSH
82.62,82.63,82.62,82.63,2807,2021-04-28 18:19:00,VCSH
82.63,82.63,82.6299,82.63,6259,2021-04-28 18:20:00,VCSH
82.624,82.625,82.624,82.625,2267,2021-04-28 18:21:00,VCSH
82.625,82.63,82.625,82.625,7427,2021-04-28 18:22:00,VCSH
82.625,82.629,82.625,82.625,660,2021-04-28 18:23:00,VCSH
82.625,82.63,82.6212,82.6257,925,2021-04-28 18:24:00,VCSH
82.6284,82.629,82.6205,82.625,3710,2021-04-28 18:25:00,VCSH
82.625,82.625,82.62,82.625,6949,2021-04-28 18:26:00,VCSH
82.63,82.63,82.625,82.625,300,2021-04-28 18:27:00,VCSH
82.6255,82.6266,82.621,82.625,3557,2021-04-28 18:28:00,VCSH
82.625,82.63,82.625,82.63,6996,2021-04-28 18:29:00,VCSH
82.63,82.63,82.625,82.629,3973,2021-04-28 18:30:00,VCSH
82.6245,82.63,82.6245,82.63,8961,2021-04-28 18:31:00,VCSH
82.63,82.63,82.62,82.63,40780,2021-04-28 18:32:00,VCSH
82.63,82.63,82.62,82.63,23340,2021-04-28 18:33:00,VCSH
82.63,82.63,82.62,82.625,3406,2021-04-28 18:34:00,VCSH
82.625,82.635,82.62,82.635,21896,2021-04-28 18:35:00,VCSH
82.635,82.65,82.635,82.65,14846,2021-04-28 18:36:00,VCSH
82.65,82.66,82.645,82.66,13794,2021-04-28 18:37:00,VCSH
82.66,82.67,82.66,82.67,16500,2021-04-28 18:38:00,VCSH
82.66,82.6658,82.66,82.665,2381,2021-04-28 18:39:00,VCSH
82.665,82.67,82.662,82.67,1002,2021-04-28 18:40:00,VCSH
82.665,82.67,82.66,82.665,3444,2021-04-28 18:41:00,VCSH
82.67,82.67,82.665,82.665,3692,2021-04-28 18:42:00,VCSH
82.67,82.68,82.665,82.68,7003,2021-04-28 18:43:00,VCSH
82.675,82.676,82.675,82.675,5284,2021-04-28 18:44:00,VCSH
82.675,82.68,82.6701,82.675,3119,2021-04-28 18:45:00,VCSH
82.6719,82.68,82.67,82.68,5663,2021-04-28 18:46:00,VCSH
82.675,82.68,82.66,82.66,10171,2021-04-28 18:47:00,VCSH
82.66,82.67,82.655,82.67,8018,2021-04-28 18:48:00,VCSH
82.67,82.67,82.66,82.67,2122,2021-04-28 18:49:00,VCSH
82.67,82.67,82.66,82.67,7412,2021-04-28 18:50:00,VCSH
82.67,82.67,82.6644,82.67,2873,2021-04-28 18:51:00,VCSH
82.67,82.67,82.668,82.67,3666,2021-04-28 18:52:00,VCSH
82.67,82.67,82.66,82.67,5497,2021-04-28 18:53:00,VCSH
82.67,82.67,82.6625,82.67,11211,2021-04-28 18:54:00,VCSH
82.67,82.67,82.66,82.66,3418,2021-04-28 18:55:00,VCSH
82.665,82.67,82.665,82.67,2329,2021-04-28 18:56:00,VCSH
82.67,82.67,82.665,82.67,3329,2021-04-28 18:57:00,VCSH
82.67,82.67,82.662,82.67,3792,2021-04-28 18:58:00,VCSH
82.67,82.68,82.665,82.675,8831,2021-04-28 18:59:00,VCSH
82.675,82.68,82.675,82.675,4267,2021-04-28 19:00:00,VCSH
82.675,82.68,82.675,82.68,7024,2021-04-28 19:01:00,VCSH
82.68,82.68,82.67,82.675,12915,2021-04-28 19:02:00,VCSH
82.68,82.68,82.67,82.675,9327,2021-04-28 19:03:00,VCSH
82.675,82.68,82.6625,82.6625,34724,2021-04-28 19:04:00,VCSH
82.665,82.665,82.665,82.665,7016,2021-04-28 19:05:00,VCSH
82.665,82.67,82.66,82.67,12342,2021-04-28 19:06:00,VCSH
82.67,82.67,82.66,82.67,7347,2021-04-28 19:07:00,VCSH
82.67,82.67,82.665,82.67,11142,2021-04-28 19:08:00,VCSH
82.67,82.67,82.6626,82.67,22612,2021-04-28 19:09:00,VCSH
82.67,82.675,82.6619,82.675,10795,2021-04-28 19:10:00,VCSH
82.675,82.68,82.67,82.68,7283,2021-04-28 19:11:00,VCSH
82.68,82.68,82.675,82.68,4400,2021-04-28 19:12:00,VCSH
82.68,82.68,82.6722,82.675,9309,2021-04-28 19:13:00,VCSH
82.675,82.68,82.67,82.675,6440,2021-04-28 19:14:00,VCSH
82.675,82.6756,82.67,82.675,9101,2021-04-28 19:15:00,VCSH
82.675,82.68,82.67,82.68,6348,2021-04-28 19:16:00,VCSH
82.68,82.68,82.67,82.68,8666,2021-04-28 19:17:00,VCSH
82.68,82.68,82.67,82.6775,11470,2021-04-28 19:18:00,VCSH
82.675,82.6777,82.67,82.675,7761,2021-04-28 19:19:00,VCSH
82.675,82.68,82.67,82.675,6657,2021-04-28 19:20:00,VCSH
82.675,82.68,82.67,82.68,7105,2021-04-28 19:21:00,VCSH
82.68,82.68,82.67,82.68,8400,2021-04-28 19:22:00,VCSH
82.6799,82.68,82.67,82.675,10612,2021-04-28 19:23:00,VCSH
82.68,82.68,82.67,82.68,6870,2021-04-28 19:24:00,VCSH
82.68,82.68,82.67,82.68,7847,2021-04-28 19:25:00,VCSH
82.68,82.68,82.6735,82.68,9021,2021-04-28 19:26:00,VCSH
82.68,82.68,82.66,82.66,42036,2021-04-28 19:27:00,VCSH
82.67,82.67,82.665,82.67,8410,2021-04-28 19:28:00,VCSH
82.67,82.67,82.665,82.67,9321,2021-04-28 19:29:00,VCSH
82.665,82.67,82.6621,82.67,35693,2021-04-28 19:30:00,VCSH
82.67,82.67,82.6645,82.67,26083,2021-04-28 19:31:00,VCSH
82.67,82.6775,82.665,82.675,40213,2021-04-28 19:32:00,VCSH
82.675,82.68,82.67,82.675,11277,2021-04-28 19:33:00,VCSH
82.68,82.68,82.67,82.68,15533,2021-04-28 19:34:00,VCSH
82.68,82.68,82.674,82.675,19836,2021-04-28 19:35:00,VCSH
82.68,82.68,82.67,82.68,17317,2021-04-28 19:36:00,VCSH
82.68,82.68,82.674,82.675,19930,2021-04-28 19:37:00,VCSH
82.68,82.68,82.67,82.68,22484,2021-04-28 19:38:00,VCSH
82.68,82.68,82.67,82.675,28699,2021-04-28 19:39:00,VCSH
82.6777,82.68,82.67,82.68,17872,2021-04-28 19:40:00,VCSH
82.68,82.68,82.6726,82.68,22032,2021-04-28 19:41:00,VCSH
82.68,82.68,82.67,82.68,26302,2021-04-28 19:42:00,VCSH
82.68,82.69,82.67,82.69,26946,2021-04-28 19:43:00,VCSH
82.69,82.69,82.68,82.69,18734,2021-04-28 19:44:00,VCSH
82.69,82.69,82.68,82.685,20482,2021-04-28 19:45:00,VCSH
82.69,82.69,82.68,82.69,20702,2021-04-28 19:46:00,VCSH
82.69,82.69,82.682,82.69,30170,2021-04-28 19:47:00,VCSH
82.69,82.69,82.68,82.685,23689,2021-04-28 19:48:00,VCSH
82.69,82.69,82.68,82.69,35280,2021-04-28 19:49:00,VCSH
82.69,82.69,82.685,82.69,28461,2021-04-28 19:50:00,VCSH
82.69,82.69,82.685,82.69,25547,2021-04-28 19:51:00,VCSH
82.69,82.69,82.68,82.685,36280,2021-04-28 19:52:00,VCSH
82.685,82.69,82.68,82.685,34203,2021-04-28 19:53:00,VCSH
82.685,82.69,82.68,82.6875,27153,2021-04-28 19:54:00,VCSH
82.69,82.69,82.684,82.685,41423,2021-04-28 19:55:00,VCSH
82.69,82.69,82.6824,82.685,44368,2021-04-28 19:56:00,VCSH
82.685,82.69,82.68,82.685,57284,2021-04-28 19:57:00,VCSH
82.685,82.69,82.68,82.69,51960,2021-04-28 19:58:00,VCSH
82.69,82.69,82.68,82.68,46497,2021-04-28 19:59:00,VCSH
82.69,82.69,82.69,82.69,237831,2021-04-28 20:00:00,VCSH
82.6,82.6,82.6,82.6,194,2021-04-29 13:22:00,VCSH
82.67,82.67,82.62,82.625,45999,2021-04-29 13:30:00,VCSH
82.629,82.63,82.62,82.625,5332,2021-04-29 13:31:00,VCSH
82.62,82.62,82.61,82.62,5726,2021-04-29 13:32:00,VCSH
82.62,82.62,82.61,82.61,820,2021-04-29 13:33:00,VCSH
82.61,82.62,82.61,82.62,30559,2021-04-29 13:34:00,VCSH
82.62,82.62,82.6174,82.62,8816,2021-04-29 13:35:00,VCSH
82.62,82.635,82.62,82.635,91659,2021-04-29 13:36:00,VCSH
82.6313,82.64,82.63,82.635,883,2021-04-29 13:37:00,VCSH
82.63,82.64,82.63,82.63,5138,2021-04-29 13:39:00,VCSH
82.635,82.64,82.632,82.632,737,2021-04-29 13:40:00,VCSH
82.64,82.64,82.635,82.635,300,2021-04-29 13:41:00,VCSH
82.635,82.64,82.63,82.6381,1628,2021-04-29 13:42:00,VCSH
82.635,82.64,82.635,82.64,500,2021-04-29 13:44:00,VCSH
82.6358,82.6358,82.63,82.635,5827,2021-04-29 13:45:00,VCSH
82.636,82.64,82.6341,82.635,2986,2021-04-29 13:46:00,VCSH
82.635,82.64,82.63,82.635,1820,2021-04-29 13:47:00,VCSH
82.63,82.64,82.63,82.635,2234,2021-04-29 13:48:00,VCSH
82.636,82.6399,82.635,82.635,3581,2021-04-29 13:49:00,VCSH
82.635,82.6374,82.6258,82.6281,12732,2021-04-29 13:50:00,VCSH
82.622,82.622,82.622,82.622,113,2021-04-29 13:51:00,VCSH
82.62,82.63,82.62,82.62,1322,2021-04-29 13:52:00,VCSH
82.626,82.63,82.626,82.63,1825,2021-04-29 13:53:00,VCSH
82.63,82.63,82.62,82.625,3244,2021-04-29 13:54:00,VCSH
82.6245,82.627,82.6226,82.627,1960,2021-04-29 13:55:00,VCSH
82.626,82.63,82.625,82.63,2791,2021-04-29 13:56:00,VCSH
82.625,82.625,82.625,82.625,3524,2021-04-29 13:57:00,VCSH
82.625,82.63,82.62,82.62,10122,2021-04-29 13:58:00,VCSH
82.6275,82.63,82.6215,82.625,20224,2021-04-29 13:59:00,VCSH
82.625,82.63,82.625,82.625,3500,2021-04-29 14:00:00,VCSH
82.63,82.63,82.63,82.63,566,2021-04-29 14:01:00,VCSH
82.63,82.63,82.625,82.63,350,2021-04-29 14:02:00,VCSH
82.625,82.63,82.625,82.63,200,2021-04-29 14:03:00,VCSH
82.6222,82.63,82.6222,82.625,2891,2021-04-29 14:04:00,VCSH
82.625,82.63,82.6237,82.6237,2942,2021-04-29 14:05:00,VCSH
82.625,82.63,82.622,82.625,1820,2021-04-29 14:06:00,VCSH
82.625,82.6274,82.625,82.6274,1510,2021-04-29 14:07:00,VCSH
82.625,82.63,82.6201,82.622,1664,2021-04-29 14:08:00,VCSH
82.6226,82.6281,82.6201,82.6281,1305,2021-04-29 14:09:00,VCSH
82.625,82.625,82.62,82.625,560,2021-04-29 14:10:00,VCSH
82.625,82.625,82.625,82.625,737,2021-04-29 14:11:00,VCSH
82.625,82.63,82.625,82.63,800,2021-04-29 14:12:00,VCSH
82.6224,82.625,82.6223,82.625,4295,2021-04-29 14:13:00,VCSH
82.625,82.63,82.625,82.625,1295,2021-04-29 14:14:00,VCSH
82.6223,82.6277,82.6223,82.6277,1177,2021-04-29 14:15:00,VCSH
82.625,82.629,82.625,82.625,701,2021-04-29 14:16:00,VCSH
82.624,82.625,82.62,82.62,715,2021-04-29 14:17:00,VCSH
82.6299,82.63,82.6226,82.625,2368,2021-04-29 14:18:00,VCSH
82.625,82.63,82.625,82.625,4054,2021-04-29 14:19:00,VCSH
82.625,82.625,82.625,82.625,314,2021-04-29 14:20:00,VCSH
82.625,82.63,82.625,82.625,11796,2021-04-29 14:21:00,VCSH
82.625,82.63,82.6212,82.6288,919,2021-04-29 14:23:00,VCSH
82.625,82.625,82.625,82.625,584,2021-04-29 14:24:00,VCSH
82.6242,82.63,82.622,82.625,9695,2021-04-29 14:25:00,VCSH
82.6278,82.6278,82.625,82.625,766,2021-04-29 14:27:00,VCSH
82.6266,82.63,82.6245,82.625,3350,2021-04-29 14:28:00,VCSH
82.626,82.63,82.625,82.625,7207,2021-04-29 14:29:00,VCSH
82.63,82.63,82.62,82.63,11824,2021-04-29 14:30:00,VCSH
82.6356,82.6376,82.635,82.635,2743,2021-04-29 14:31:00,VCSH
82.6374,82.64,82.63,82.63,5674,2021-04-29 14:32:00,VCSH
82.64,82.64,82.6341,82.6341,8952,2021-04-29 14:33:00,VCSH
82.6367,82.64,82.635,82.64,30853,2021-04-29 14:34:00,VCSH
82.64,82.64,82.635,82.64,6027,2021-04-29 14:35:00,VCSH
82.64,82.64,82.63,82.64,22043,2021-04-29 14:36:00,VCSH
82.639,82.64,82.63,82.64,1620,2021-04-29 14:37:00,VCSH
82.631,82.64,82.631,82.64,1277,2021-04-29 14:38:00,VCSH
82.64,82.64,82.64,82.64,100,2021-04-29 14:39:00,VCSH
82.631,82.64,82.631,82.64,961,2021-04-29 14:40:00,VCSH
82.64,82.64,82.64,82.64,921,2021-04-29 14:41:00,VCSH
82.64,82.64,82.6356,82.64,850,2021-04-29 14:42:00,VCSH
82.64,82.64,82.637,82.637,400,2021-04-29 14:43:00,VCSH
82.64,82.64,82.631,82.631,1383,2021-04-29 14:44:00,VCSH
82.639,82.64,82.635,82.635,2314,2021-04-29 14:45:00,VCSH
82.635,82.64,82.635,82.635,6668,2021-04-29 14:46:00,VCSH
82.64,82.64,82.632,82.64,8077,2021-04-29 14:47:00,VCSH
82.64,82.65,82.64,82.65,4315,2021-04-29 14:48:00,VCSH
82.648,82.656,82.64,82.656,10296,2021-04-29 14:49:00,VCSH
82.655,82.659,82.655,82.655,3560,2021-04-29 14:50:00,VCSH
82.655,82.6599,82.652,82.652,3050,2021-04-29 14:51:00,VCSH
82.6558,82.6591,82.655,82.6574,1260,2021-04-29 14:52:00,VCSH
82.655,82.656,82.655,82.655,1753,2021-04-29 14:53:00,VCSH
82.655,82.66,82.653,82.66,1040,2021-04-29 14:54:00,VCSH
82.6584,82.6587,82.6523,82.6574,2827,2021-04-29 14:55:00,VCSH
82.6578,82.6578,82.655,82.655,6641,2021-04-29 14:56:00,VCSH
82.655,82.6574,82.6505,82.655,3459,2021-04-29 14:57:00,VCSH
82.655,82.655,82.655,82.655,488,2021-04-29 14:58:00,VCSH
82.655,82.6599,82.6501,82.6501,1695,2021-04-29 14:59:00,VCSH
82.66,82.66,82.655,82.655,1811,2021-04-29 15:00:00,VCSH
82.655,82.6574,82.65,82.655,2208,2021-04-29 15:01:00,VCSH
82.655,82.655,82.6501,82.655,1388,2021-04-29 15:02:00,VCSH
82.655,82.6599,82.655,82.655,4001,2021-04-29 15:03:00,VCSH
82.6501,82.655,82.6501,82.655,1131,2021-04-29 15:04:00,VCSH
82.655,82.6574,82.655,82.6574,693,2021-04-29 15:05:00,VCSH
82.655,82.655,82.655,82.655,653,2021-04-29 15:06:00,VCSH
82.655,82.655,82.655,82.655,1192,2021-04-29 15:07:00,VCSH
82.6522,82.66,82.651,82.656,2663,2021-04-29 15:08:00,VCSH
82.655,82.659,82.6526,82.655,2019,2021-04-29 15:09:00,VCSH
82.655,82.665,82.65,82.665,69419,2021-04-29 15:10:00,VCSH
82.6674,82.6677,82.66,82.66,1892,2021-04-29 15:11:00,VCSH
82.665,82.67,82.661,82.665,2957,2021-04-29 15:12:00,VCSH
82.665,82.665,82.665,82.665,100,2021-04-29 15:13:00,VCSH
82.665,82.6677,82.665,82.6677,512,2021-04-29 15:14:00,VCSH
82.663,82.6699,82.6601,82.665,2143,2021-04-29 15:15:00,VCSH
82.667,82.6699,82.665,82.666,1055,2021-04-29 15:16:00,VCSH
82.665,82.665,82.665,82.665,424,2021-04-29 15:17:00,VCSH
82.665,82.67,82.66,82.665,2190,2021-04-29 15:18:00,VCSH
82.6626,82.6698,82.6626,82.665,1434,2021-04-29 15:19:00,VCSH
82.665,82.668,82.665,82.665,4972,2021-04-29 15:20:00,VCSH
82.662,82.6688,82.6601,82.666,1849,2021-04-29 15:21:00,VCSH
82.665,82.67,82.665,82.67,200,2021-04-29 15:22:00,VCSH
82.665,82.67,82.665,82.67,3850,2021-04-29 15:23:00,VCSH
82.665,82.6678,82.665,82.665,944,2021-04-29 15:24:00,VCSH
82.665,82.6699,82.665,82.6699,1307,2021-04-29 15:25:00,VCSH
82.665,82.67,82.665,82.668,410,2021-04-29 15:26:00,VCSH
82.665,82.665,82.6626,82.665,750,2021-04-29 15:27:00,VCSH
82.665,82.67,82.6622,82.665,15594,2021-04-29 15:28:00,VCSH
82.6679,82.668,82.6626,82.665,3442,2021-04-29 15:29:00,VCSH
82.665,82.667,82.665,82.667,2828,2021-04-29 15:30:00,VCSH
82.6601,82.665,82.6601,82.665,1044,2021-04-29 15:31:00,VCSH
82.665,82.665,82.6601,82.6601,780,2021-04-29 15:32:00,VCSH
82.665,82.665,82.665,82.665,100,2021-04-29 15:33:00,VCSH
82.665,82.666,82.665,82.665,983,2021-04-29 15:34:00,VCSH
82.6663,82.6677,82.6624,82.6655,2268,2021-04-29 15:35:00,VCSH
82.665,82.665,82.66,82.66,871,2021-04-29 15:36:00,VCSH
82.6699,82.6699,82.6601,82.6601,1126,2021-04-29 15:37:00,VCSH
82.6613,82.668,82.66,82.665,1215,2021-04-29 15:38:00,VCSH
82.66,82.67,82.66,82.665,1898,2021-04-29 15:39:00,VCSH
82.665,82.665,82.66,82.665,1676,2021-04-29 15:40:00,VCSH
82.6641,82.665,82.6641,82.665,1960,2021-04-29 15:41:00,VCSH
82.665,82.6692,82.6643,82.665,3608,2021-04-29 15:42:00,VCSH
82.66,82.67,82.66,82.665,2104,2021-04-29 15:43:00,VCSH
82.665,82.665,82.665,82.665,6087,2021-04-29 15:44:00,VCSH
82.66,82.6674,82.66,82.665,2519,2021-04-29 15:45:00,VCSH
82.661,82.665,82.661,82.665,200,2021-04-29 15:46:00,VCSH
82.665,82.67,82.6642,82.6659,2328,2021-04-29 15:47:00,VCSH
82.665,82.665,82.661,82.661,480,2021-04-29 15:48:00,VCSH
82.665,82.665,82.665,82.665,970,2021-04-29 15:49:00,VCSH
82.665,82.6699,82.665,82.6699,3998,2021-04-29 15:50:00,VCSH
82.665,82.665,82.665,82.665,233,2021-04-29 15:51:00,VCSH
82.66,82.667,82.66,82.6655,2028,2021-04-29 15:52:00,VCSH
82.6642,82.67,82.6642,82.665,3519,2021-04-29 15:53:00,VCSH
82.665,82.668,82.665,82.6674,3452,2021-04-29 15:54:00,VCSH
82.665,82.665,82.66,82.66,400,2021-04-29 15:55:00,VCSH
82.665,82.67,82.665,82.665,720,2021-04-29 15:56:00,VCSH
82.665,82.665,82.6601,82.6601,655,2021-04-29 15:57:00,VCSH
82.6679,82.6679,82.66,82.665,4896,2021-04-29 15:58:00,VCSH
82.6626,82.6679,82.6622,82.665,1398,2021-04-29 15:59:00,VCSH
82.668,82.668,82.66,82.66,5830,2021-04-29 16:00:00,VCSH
82.665,82.6698,82.665,82.665,2157,2021-04-29 16:01:00,VCSH
82.6614,82.669,82.66,82.66,2651,2021-04-29 16:02:00,VCSH
82.67,82.67,82.66,82.66,905,2021-04-29 16:03:00,VCSH
82.665,82.6699,82.6624,82.665,1550,2021-04-29 16:04:00,VCSH
82.6699,82.6699,82.6631,82.666,1281,2021-04-29 16:05:00,VCSH
82.665,82.6657,82.6644,82.6644,774,2021-04-29 16:06:00,VCSH
82.665,82.67,82.665,82.665,3895,2021-04-29 16:07:00,VCSH
82.663,82.667,82.66,82.66,1775,2021-04-29 16:08:00,VCSH
82.6699,82.6699,82.6622,82.665,2730,2021-04-29 16:09:00,VCSH
82.67,82.67,82.6601,82.665,4077,2021-04-29 16:10:00,VCSH
82.66,82.6656,82.66,82.665,1181,2021-04-29 16:11:00,VCSH
82.665,82.67,82.665,82.67,255,2021-04-29 16:12:00,VCSH
82.665,82.665,82.6633,82.6633,1308,2021-04-29 16:13:00,VCSH
82.665,82.665,82.665,82.665,626,2021-04-29 16:14:00,VCSH
82.665,82.67,82.665,82.67,807,2021-04-29 16:15:00,VCSH
82.665,82.67,82.6626,82.6626,441,2021-04-29 16:16:00,VCSH
82.665,82.665,82.66,82.665,4895,2021-04-29 16:17:00,VCSH
82.6669,82.6669,82.665,82.665,753,2021-04-29 16:18:00,VCSH
82.664,82.67,82.664,82.6674,946,2021-04-29 16:19:00,VCSH
82.66,82.6699,82.66,82.6621,6476,2021-04-29 16:20:00,VCSH
82.665,82.665,82.665,82.665,100,2021-04-29 16:21:00,VCSH
82.6601,82.665,82.66,82.665,1001,2021-04-29 16:22:00,VCSH
82.665,82.6694,82.66,82.6694,4860,2021-04-29 16:23:00,VCSH
82.668,82.668,82.6642,82.6666,1635,2021-04-29 16:24:00,VCSH
82.6676,82.6699,82.6601,82.668,3920,2021-04-29 16:25:00,VCSH
82.66,82.665,82.66,82.66,4682,2021-04-29 16:26:00,VCSH
82.665,82.67,82.665,82.665,700,2021-04-29 16:27:00,VCSH
82.665,82.6699,82.66,82.66,4105,2021-04-29 16:28:00,VCSH
82.665,82.67,82.665,82.67,153101,2021-04-29 16:29:00,VCSH
82.6699,82.67,82.66,82.6624,13408,2021-04-29 16:30:00,VCSH
82.669,82.67,82.66,82.66,6444,2021-04-29 16:31:00,VCSH
82.665,82.665,82.6601,82.6601,1057,2021-04-29 16:32:00,VCSH
82.6601,82.67,82.66,82.67,12955,2021-04-29 16:33:00,VCSH
82.67,82.67,82.66,82.665,259483,2021-04-29 16:34:00,VCSH
82.665,82.67,82.6645,82.665,15598,2021-04-29 16:35:00,VCSH
82.6608,82.675,82.6608,82.675,88973,2021-04-29 16:36:00,VCSH
82.675,82.68,82.67,82.6731,122844,2021-04-29 16:37:00,VCSH
82.675,82.68,82.673,82.675,2773,2021-04-29 16:38:00,VCSH
82.67,82.676,82.67,82.67,2221,2021-04-29 16:39:00,VCSH
82.675,82.68,82.67,82.67,4050,2021-04-29 16:40:00,VCSH
82.675,82.676,82.671,82.675,1252,2021-04-29 16:41:00,VCSH
82.675,82.6774,82.67,82.6774,3327,2021-04-29 16:42:00,VCSH
82.675,82.675,82.67,82.675,5309,2021-04-29 16:43:00,VCSH
82.6781,82.6781,82.675,82.675,1548,2021-04-29 16:44:00,VCSH
82.6781,82.6781,82.675,82.675,730,2021-04-29 16:45:00,VCSH
82.675,82.6758,82.67,82.675,8545,2021-04-29 16:46:00,VCSH
82.676,82.676,82.675,82.675,849,2021-04-29 16:47:00,VCSH
82.675,82.6756,82.675,82.675,1588,2021-04-29 16:48:00,VCSH
82.67,82.678,82.67,82.675,6626,2021-04-29 16:49:00,VCSH
82.6723,82.679,82.6723,82.675,2433,2021-04-29 16:50:00,VCSH
82.675,82.6781,82.675,82.675,6398,2021-04-29 16:51:00,VCSH
82.67,82.677,82.67,82.675,4729,2021-04-29 16:52:00,VCSH
82.67,82.675,82.67,82.6714,911,2021-04-29 16:53:00,VCSH
82.675,82.675,82.67,82.6719,6067,2021-04-29 16:54:00,VCSH
82.6774,82.6774,82.6719,82.6774,6223,2021-04-29 16:55:00,VCSH
82.675,82.675,82.675,82.675,200,2021-04-29 16:56:00,VCSH
82.675,82.675,82.67,82.675,6489,2021-04-29 16:57:00,VCSH
82.673,82.675,82.673,82.675,431,2021-04-29 16:58:00,VCSH
82.675,82.675,82.675,82.675,300,2021-04-29 16:59:00,VCSH
82.675,82.6774,82.67,82.67,5735,2021-04-29 17:00:00,VCSH
82.675,82.68,82.673,82.675,51928,2021-04-29 17:01:00,VCSH
82.675,82.68,82.675,82.675,1670,2021-04-29 17:02:00,VCSH
82.675,82.676,82.67,82.6732,5555,2021-04-29 17:03:00,VCSH
82.675,82.675,82.67,82.675,800,2021-04-29 17:04:00,VCSH
82.675,82.676,82.675,82.676,602,2021-04-29 17:05:00,VCSH
82.6799,82.6799,82.67,82.6724,7773,2021-04-29 17:06:00,VCSH
82.675,82.679,82.675,82.6776,1752,2021-04-29 17:07:00,VCSH
82.675,82.675,82.67,82.675,11006,2021-04-29 17:08:00,VCSH
82.6777,82.6777,82.67,82.675,5687,2021-04-29 17:09:00,VCSH
82.675,82.6799,82.675,82.6799,2973,2021-04-29 17:10:00,VCSH
82.675,82.6781,82.67,82.675,4306,2021-04-29 17:11:00,VCSH
82.6779,82.6781,82.67,82.6781,5802,2021-04-29 17:12:00,VCSH
82.675,82.675,82.675,82.675,200,2021-04-29 17:13:00,VCSH
82.675,82.6799,82.67,82.675,3661,2021-04-29 17:14:00,VCSH
82.675,82.6777,82.67,82.675,6777,2021-04-29 17:15:00,VCSH
82.675,82.675,82.675,82.675,874,2021-04-29 17:16:00,VCSH
82.675,82.676,82.675,82.675,1444,2021-04-29 17:17:00,VCSH
82.6781,82.6781,82.67,82.675,11342,2021-04-29 17:18:00,VCSH
82.675,82.6799,82.675,82.675,1888,2021-04-29 17:19:00,VCSH
82.6756,82.677,82.67,82.67,6856,2021-04-29 17:20:00,VCSH
82.675,82.675,82.675,82.675,2247,2021-04-29 17:21:00,VCSH
82.675,82.68,82.675,82.68,7012,2021-04-29 17:22:00,VCSH
82.67,82.6779,82.67,82.67,5078,2021-04-29 17:23:00,VCSH
82.67,82.6781,82.67,82.6781,1220,2021-04-29 17:24:00,VCSH
82.68,82.68,82.6701,82.6701,13195,2021-04-29 17:25:00,VCSH
82.6781,82.6781,82.67,82.67,5594,2021-04-29 17:26:00,VCSH
82.6781,82.6781,82.6778,82.6778,1398,2021-04-29 17:27:00,VCSH
82.67,82.68,82.67,82.68,101753,2021-04-29 17:28:00,VCSH
82.675,82.676,82.67,82.67,4664,2021-04-29 17:29:00,VCSH
82.679,82.68,82.6744,82.6762,972,2021-04-29 17:30:00,VCSH
82.68,82.68,82.675,82.6777,1653,2021-04-29 17:31:00,VCSH
82.675,82.68,82.67,82.68,5191,2021-04-29 17:32:00,VCSH
82.67,82.675,82.67,82.675,300,2021-04-29 17:33:00,VCSH
82.675,82.675,82.675,82.675,1970,2021-04-29 17:34:00,VCSH
82.67,82.6774,82.67,82.6774,4272,2021-04-29 17:35:00,VCSH
82.675,82.675,82.67,82.6701,3870,2021-04-29 17:36:00,VCSH
82.6774,82.6795,82.67,82.6795,302,2021-04-29 17:37:00,VCSH
82.6776,82.68,82.67,82.68,10172,2021-04-29 17:38:00,VCSH
82.6743,82.675,82.67,82.675,7513,2021-04-29 17:39:00,VCSH
82.679,82.68,82.675,82.68,1988,2021-04-29 17:40:00,VCSH
82.68,82.68,82.67,82.67,4558,2021-04-29 17:41:00,VCSH
82.6776,82.68,82.67,82.6758,1981,2021-04-29 17:42:00,VCSH
82.67,82.6768,82.67,82.6768,6558,2021-04-29 17:44:00,VCSH
82.675,82.6799,82.67,82.675,11465,2021-04-29 17:45:00,VCSH
82.675,82.675,82.675,82.675,200,2021-04-29 17:46:00,VCSH
82.67,82.6758,82.66,82.66,769596,2021-04-29 17:47:00,VCSH
82.675,82.6766,82.675,82.675,2190,2021-04-29 17:48:00,VCSH
82.675,82.675,82.67,82.675,5200,2021-04-29 17:49:00,VCSH
82.68,82.68,82.6714,82.6714,2848,2021-04-29 17:50:00,VCSH
82.675,82.68,82.675,82.675,1484,2021-04-29 17:51:00,VCSH
82.675,82.6777,82.67,82.675,5031,2021-04-29 17:52:00,VCSH
82.6721,82.675,82.6721,82.675,1024,2021-04-29 17:53:00,VCSH
82.676,82.68,82.675,82.675,3416,2021-04-29 17:54:00,VCSH
82.676,82.6781,82.67,82.6781,8245,2021-04-29 17:55:00,VCSH
82.675,82.675,82.675,82.675,2000,2021-04-29 17:56:00,VCSH
82.6781,82.6781,82.675,82.675,298,2021-04-29 17:57:00,VCSH
82.6781,82.68,82.67,82.6757,7830,2021-04-29 17:58:00,VCSH
82.675,82.68,82.67,82.679,2039,2021-04-29 17:59:00,VCSH
82.6799,82.6799,82.6799,82.6799,450,2021-04-29 18:00:00,VCSH
82.675,82.68,82.67,82.68,36956,2021-04-29 18:01:00,VCSH
82.675,82.6781,82.675,82.675,5641,2021-04-29 18:02:00,VCSH
82.675,82.68,82.674,82.6743,2506,2021-04-29 18:03:00,VCSH
82.675,82.6781,82.67,82.675,13943,2021-04-29 18:04:00,VCSH
82.6701,82.68,82.6701,82.68,2721,2021-04-29 18:05:00,VCSH
82.68,82.68,82.675,82.68,3377,2021-04-29 18:06:00,VCSH
82.68,82.68,82.675,82.6766,9109,2021-04-29 18:07:00,VCSH
82.68,82.68,82.6735,82.675,7098,2021-04-29 18:08:00,VCSH
82.675,82.68,82.675,82.68,1526,2021-04-29 18:09:00,VCSH
82.68,82.68,82.675,82.6777,5715,2021-04-29 18:10:00,VCSH
82.68,82.68,82.675,82.679,5820,2021-04-29 18:11:00,VCSH
82.6777,82.68,82.675,82.675,1459,2021-04-29 18:12:00,VCSH
82.671,82.68,82.671,82.68,12959,2021-04-29 18:13:00,VCSH
82.68,82.68,82.675,82.675,2421,2021-04-29 18:14:00,VCSH
82.68,82.68,82.67,82.675,2062,2021-04-29 18:15:00,VCSH
82.671,82.68,82.67,82.68,3450,2021-04-29 18:16:00,VCSH
82.6781,82.68,82.6744,82.68,1122,2021-04-29 18:17:00,VCSH
82.675,82.68,82.67,82.68,8747,2021-04-29 18:18:00,VCSH
82.68,82.68,82.67,82.67,8889,2021-04-29 18:19:00,VCSH
82.675,82.68,82.675,82.68,4841,2021-04-29 18:20:00,VCSH
82.6738,82.6799,82.6723,82.679,2358,2021-04-29 18:21:00,VCSH
82.67,82.68,82.67,82.68,1466,2021-04-29 18:22:00,VCSH
82.68,82.68,82.675,82.675,1347,2021-04-29 18:23:00,VCSH
82.6763,82.68,82.67,82.67,7187,2021-04-29 18:24:00,VCSH
82.6774,82.6774,82.675,82.675,764,2021-04-29 18:25:00,VCSH
82.6732,82.68,82.6726,82.6779,2805,2021-04-29 18:26:00,VCSH
82.67,82.68,82.67,82.675,7478,2021-04-29 18:27:00,VCSH
82.6719,82.6792,82.6719,82.6777,1411,2021-04-29 18:28:00,VCSH
82.6799,82.68,82.67,82.677,5129,2021-04-29 18:29:00,VCSH
82.68,82.68,82.67,82.68,9704,2021-04-29 18:30:00,VCSH
82.675,82.6759,82.672,82.6759,4558,2021-04-29 18:31:00,VCSH
82.67,82.68,82.67,82.675,12186,2021-04-29 18:32:00,VCSH
82.68,82.68,82.67,82.675,4984,2021-04-29 18:33:00,VCSH
82.675,82.6796,82.67,82.6763,3697,2021-04-29 18:34:00,VCSH
82.6778,82.68,82.6778,82.68,636,2021-04-29 18:35:00,VCSH
82.67,82.6799,82.67,82.675,4152,2021-04-29 18:36:00,VCSH
82.67,82.68,82.67,82.675,4790,2021-04-29 18:37:00,VCSH
82.6799,82.6799,82.675,82.675,346,2021-04-29 18:38:00,VCSH
82.67,82.68,82.67,82.6744,5508,2021-04-29 18:39:00,VCSH
82.6709,82.675,82.6709,82.675,3482,2021-04-29 18:40:00,VCSH
82.675,82.68,82.67,82.675,8545,2021-04-29 18:41:00,VCSH
82.675,82.68,82.675,82.6798,1235,2021-04-29 18:42:00,VCSH
82.675,82.68,82.67,82.679,4882,2021-04-29 18:43:00,VCSH
82.6782,82.68,82.67,82.675,8885,2021-04-29 18:44:00,VCSH
82.675,82.68,82.673,82.68,3165,2021-04-29 18:45:00,VCSH
82.68,82.68,82.67,82.68,6128,2021-04-29 18:46:00,VCSH
82.68,82.68,82.6726,82.68,3133,2021-04-29 18:47:00,VCSH
82.68,82.68,82.675,82.68,9376,2021-04-29 18:48:00,VCSH
82.68,82.69,82.6766,82.69,29569,2021-04-29 18:49:00,VCSH
82.69,82.69,82.68,82.6868,9250,2021-04-29 18:50:00,VCSH
82.685,82.69,82.685,82.685,3780,2021-04-29 18:51:00,VCSH
82.685,82.6881,82.6844,82.685,3222,2021-04-29 18:52:00,VCSH
82.685,82.69,82.68,82.69,9941,2021-04-29 18:53:00,VCSH
82.685,82.69,82.685,82.69,4845,2021-04-29 18:54:00,VCSH
82.685,82.69,82.685,82.685,3742,2021-04-29 18:55:00,VCSH
82.685,82.69,82.68,82.69,11929,2021-04-29 18:56:00,VCSH
82.69,82.69,82.685,82.685,3500,2021-04-29 18:57:00,VCSH
82.685,82.689,82.6807,82.685,8270,2021-04-29 18:58:00,VCSH
82.685,82.6899,82.68,82.685,9255,2021-04-29 18:59:00,VCSH
82.685,82.69,82.683,82.69,7057,2021-04-29 19:00:00,VCSH
82.69,82.69,82.68,82.685,4200,2021-04-29 19:01:00,VCSH
82.685,82.69,82.68,82.685,9220,2021-04-29 19:02:00,VCSH
82.685,82.69,82.68,82.685,4841,2021-04-29 19:03:00,VCSH
82.685,82.69,82.685,82.69,4503,2021-04-29 19:04:00,VCSH
82.69,82.69,82.68,82.68,7816,2021-04-29 19:05:00,VCSH
82.69,82.69,82.6826,82.69,7055,2021-04-29 19:06:00,VCSH
82.69,82.69,82.68,82.69,5048,2021-04-29 19:07:00,VCSH
82.69,82.69,82.68,82.69,20809,2021-04-29 19:08:00,VCSH
82.69,82.69,82.68,82.69,15152,2021-04-29 19:09:00,VCSH
82.69,82.69,82.68,82.69,11417,2021-04-29 19:10:00,VCSH
82.6801,82.69,82.68,82.69,19435,2021-04-29 19:11:00,VCSH
82.69,82.69,82.6821,82.69,4124,2021-04-29 19:12:00,VCSH
82.685,82.69,82.68,82.69,10888,2021-04-29 19:13:00,VCSH
82.69,82.69,82.685,82.69,9142,2021-04-29 19:14:00,VCSH
82.69,82.69,82.68,82.69,4588,2021-04-29 19:15:00,VCSH
82.69,82.69,82.68,82.69,4280,2021-04-29 19:16:00,VCSH
82.69,82.69,82.6801,82.69,6685,2021-04-29 19:17:00,VCSH
82.69,82.69,82.68,82.685,8611,2021-04-29 19:18:00,VCSH
82.69,82.69,82.688,82.69,6300,2021-04-29 19:19:00,VCSH
82.69,82.69,82.68,82.69,3622,2021-04-29 19:20:00,VCSH
82.69,82.69,82.685,82.69,3600,2021-04-29 19:21:00,VCSH
82.69,82.69,82.68,82.69,8159,2021-04-29 19:22:00,VCSH
82.69,82.69,82.685,82.69,4091,2021-04-29 19:23:00,VCSH
82.69,82.69,82.68,82.69,6632,2021-04-29 19:24:00,VCSH
82.69,82.69,82.68,82.69,4480,2021-04-29 19:25:00,VCSH
82.69,82.69,82.68,82.69,1920,2021-04-29 19:26:00,VCSH
82.685,82.69,82.685,82.69,1444,2021-04-29 19:27:00,VCSH
82.69,82.69,82.683,82.69,11512,2021-04-29 19:28:00,VCSH
82.69,82.69,82.683,82.69,6389,2021-04-29 19:29:00,VCSH
82.69,82.69,82.68,82.6826,2687,2021-04-29 19:30:00,VCSH
82.6879,82.69,82.68,82.685,14337,2021-04-29 19:31:00,VCSH
82.69,82.69,82.6882,82.69,4520,2021-04-29 19:32:00,VCSH
82.69,82.69,82.68,82.69,6833,2021-04-29 19:33:00,VCSH
82.69,82.69,82.68,82.69,11664,2021-04-29 19:34:00,VCSH
82.69,82.69,82.68,82.69,4980,2021-04-29 19:35:00,VCSH
82.69,82.69,82.68,82.69,6291,2021-04-29 19:36:00,VCSH
82.69,82.69,82.68,82.69,7702,2021-04-29 19:37:00,VCSH
82.69,82.69,82.68,82.681,12495,2021-04-29 19:38:00,VCSH
82.683,82.69,82.68,82.69,11107,2021-04-29 19:39:00,VCSH
82.69,82.69,82.682,82.69,13547,2021-04-29 19:40:00,VCSH
82.69,82.69,82.685,82.69,10737,2021-04-29 19:41:00,VCSH
82.69,82.69,82.68,82.69,4836,2021-04-29 19:42:00,VCSH
82.69,82.69,82.68,82.69,17128,2021-04-29 19:43:00,VCSH
82.685,82.69,82.68,82.69,4892,2021-04-29 19:44:00,VCSH
82.69,82.69,82.68,82.69,8349,2021-04-29 19:45:00,VCSH
82.69,82.69,82.68,82.69,19708,2021-04-29 19:46:00,VCSH
82.69,82.69,82.685,82.69,5049,2021-04-29 19:47:00,VCSH
82.69,82.69,82.685,82.69,6692,2021-04-29 19:48:00,VCSH
82.69,82.69,82.682,82.69,12760,2021-04-29 19:49:00,VCSH
82.69,82.69,82.68,82.69,5099,2021-04-29 19:50:00,VCSH
82.69,82.69,82.68,82.69,9256,2021-04-29 19:51:00,VCSH
82.69,82.69,82.68,82.69,7984,2021-04-29 19:52:00,VCSH
82.69,82.69,82.68,82.685,5428,2021-04-29 19:53:00,VCSH
82.69,82.69,82.682,82.69,8997,2021-04-29 19:54:00,VCSH
82.6884,82.69,82.68,82.69,8484,2021-04-29 19:55:00,VCSH
82.69,82.69,82.68,82.69,22440,2021-04-29 19:56:00,VCSH
82.69,82.69,82.68,82.69,19309,2021-04-29 19:57:00,VCSH
82.69,82.69,82.685,82.69,29924,2021-04-29 19:58:00,VCSH
82.69,82.7,82.685,82.69,42720,2021-04-29 19:59:00,VCSH
82.69,82.7,82.69,82.7,191517,2021-04-29 20:00:00,VCSH
82.69,82.695,82.683,82.695,79072,2021-04-30 13:30:00,VCSH
82.69,82.7,82.69,82.698,2518,2021-04-30 13:31:00,VCSH
82.7,82.7,82.69,82.7,1754,2021-04-30 13:32:00,VCSH
82.7,82.7,82.6964,82.6964,2571,2021-04-30 13:33:00,VCSH
82.6976,82.7,82.69,82.692,4161,2021-04-30 13:34:00,VCSH
82.6976,82.7,82.695,82.695,650,2021-04-30 13:35:00,VCSH
82.691,82.7,82.691,82.7,635,2021-04-30 13:36:00,VCSH
82.695,82.7,82.695,82.7,1600,2021-04-30 13:37:00,VCSH
82.695,82.7,82.695,82.7,699,2021-04-30 13:38:00,VCSH
82.695,82.7,82.69,82.7,1313,2021-04-30 13:39:00,VCSH
82.695,82.7,82.695,82.7,600,2021-04-30 13:40:00,VCSH
82.69,82.7,82.69,82.695,1057,2021-04-30 13:41:00,VCSH
82.695,82.695,82.69,82.695,27337,2021-04-30 13:42:00,VCSH
82.694,82.7,82.69,82.7,1770,2021-04-30 13:43:00,VCSH
82.69,82.7,82.69,82.6956,1691,2021-04-30 13:44:00,VCSH
82.695,82.7,82.695,82.7,4772,2021-04-30 13:45:00,VCSH
82.69,82.69,82.69,82.69,211,2021-04-30 13:46:00,VCSH
82.7,82.7,82.69,82.69,12609,2021-04-30 13:47:00,VCSH
82.7,82.7,82.6958,82.6999,1864,2021-04-30 13:48:00,VCSH
82.695,82.699,82.69,82.695,4164,2021-04-30 13:49:00,VCSH
82.693,82.699,82.69,82.695,11853,2021-04-30 13:50:00,VCSH
82.7,82.7,82.69,82.69,15785,2021-04-30 13:51:00,VCSH
82.6964,82.7,82.695,82.695,1076,2021-04-30 13:52:00,VCSH
82.698,82.698,82.695,82.6979,1266,2021-04-30 13:53:00,VCSH
82.695,82.698,82.695,82.698,1041,2021-04-30 13:54:00,VCSH
82.69,82.699,82.69,82.691,2644,2021-04-30 13:55:00,VCSH
82.699,82.7,82.69,82.69,7630,2021-04-30 13:56:00,VCSH
82.692,82.7,82.69,82.697,6089,2021-04-30 13:57:00,VCSH
82.69,82.7,82.69,82.7,348,2021-04-30 13:58:00,VCSH
82.7,82.7,82.694,82.7,1390,2021-04-30 13:59:00,VCSH
82.69,82.7,82.69,82.7,4282,2021-04-30 14:00:00,VCSH
82.697,82.697,82.69,82.69,1651,2021-04-30 14:01:00,VCSH
82.695,82.7,82.692,82.696,2996,2021-04-30 14:02:00,VCSH
82.695,82.6974,82.69,82.695,1850,2021-04-30 14:03:00,VCSH
82.695,82.7,82.69,82.695,1093,2021-04-30 14:04:00,VCSH
82.695,82.699,82.69,82.695,2309,2021-04-30 14:05:00,VCSH
82.695,82.699,82.69,82.699,1140,2021-04-30 14:06:00,VCSH
82.695,82.6999,82.695,82.695,4107,2021-04-30 14:07:00,VCSH
82.699,82.699,82.695,82.695,620,2021-04-30 14:08:00,VCSH
82.695,82.695,82.695,82.695,498,2021-04-30 14:09:00,VCSH
82.695,82.7,82.695,82.695,380,2021-04-30 14:10:00,VCSH
82.7,82.7,82.7,82.7,100,2021-04-30 14:11:00,VCSH
82.6955,82.7,82.695,82.7,811,2021-04-30 14:12:00,VCSH
82.695,82.7,82.69,82.69,16431,2021-04-30 14:13:00,VCSH
82.7,82.7,82.69,82.69,200,2021-04-30 14:14:00,VCSH
82.695,82.7,82.6901,82.6999,5321,2021-04-30 14:15:00,VCSH
82.7,82.7,82.6908,82.6978,1532,2021-04-30 14:16:00,VCSH
82.7,82.71,82.695,82.71,11648,2021-04-30 14:17:00,VCSH
82.705,82.71,82.705,82.705,20825,2021-04-30 14:18:00,VCSH
82.705,82.705,82.705,82.705,1300,2021-04-30 14:19:00,VCSH
82.7056,82.7056,82.704,82.704,1734,2021-04-30 14:20:00,VCSH
82.705,82.7058,82.705,82.705,2184,2021-04-30 14:21:00,VCSH
82.71,82.71,82.71,82.71,464,2021-04-30 14:22:00,VCSH
82.71,82.71,82.705,82.705,2884,2021-04-30 14:23:00,VCSH
82.71,82.71,82.702,82.702,4100,2021-04-30 14:24:00,VCSH
82.705,82.71,82.705,82.71,890,2021-04-30 14:25:00,VCSH
82.71,82.71,82.7,82.7001,470,2021-04-30 14:26:00,VCSH
82.71,82.71,82.7021,82.71,6151,2021-04-30 14:27:00,VCSH
82.705,82.72,82.705,82.72,5921,2021-04-30 14:28:00,VCSH
82.7199,82.72,82.715,82.7174,3538,2021-04-30 14:29:00,VCSH
82.7166,82.72,82.715,82.72,1940,2021-04-30 14:30:00,VCSH
82.715,82.72,82.7145,82.7145,6463,2021-04-30 14:31:00,VCSH
82.72,82.72,82.7101,82.72,1199,2021-04-30 14:32:00,VCSH
82.71,82.72,82.71,82.715,3246,2021-04-30 14:33:00,VCSH
82.72,82.72,82.7101,82.715,1129,2021-04-30 14:34:00,VCSH
82.72,82.72,82.71,82.71,1027,2021-04-30 14:35:00,VCSH
82.72,82.72,82.7109,82.72,2895,2021-04-30 14:36:00,VCSH
82.72,82.72,82.715,82.715,943,2021-04-30 14:37:00,VCSH
82.711,82.72,82.71,82.72,949,2021-04-30 14:38:00,VCSH
82.715,82.72,82.7101,82.711,2138,2021-04-30 14:39:00,VCSH
82.72,82.72,82.72,82.72,200,2021-04-30 14:40:00,VCSH
82.71,82.72,82.71,82.7177,1121,2021-04-30 14:41:00,VCSH
82.72,82.72,82.7145,82.72,692,2021-04-30 14:42:00,VCSH
82.72,82.72,82.715,82.715,450,2021-04-30 14:43:00,VCSH
82.72,82.72,82.715,82.716,2857,2021-04-30 14:44:00,VCSH
82.72,82.72,82.71,82.72,1580,2021-04-30 14:45:00,VCSH
82.72,82.72,82.7123,82.72,2861,2021-04-30 14:46:00,VCSH
82.72,82.72,82.715,82.7198,3927,2021-04-30 14:47:00,VCSH
82.7153,82.72,82.7153,82.7163,1233,2021-04-30 14:48:00,VCSH
82.72,82.729,82.7134,82.725,14531,2021-04-30 14:49:00,VCSH
82.725,82.73,82.725,82.7274,4285,2021-04-30 14:50:00,VCSH
82.725,82.73,82.725,82.73,1106,2021-04-30 14:51:00,VCSH
82.725,82.725,82.721,82.725,846,2021-04-30 14:52:00,VCSH
82.72,82.7299,82.72,82.72,8357,2021-04-30 14:53:00,VCSH
82.72,82.7279,82.72,82.725,7471,2021-04-30 14:54:00,VCSH
82.725,82.725,82.721,82.7246,1521,2021-04-30 14:55:00,VCSH
82.725,82.73,82.725,82.725,6152,2021-04-30 14:56:00,VCSH
82.725,82.725,82.72,82.72,5233,2021-04-30 14:57:00,VCSH
82.73,82.73,82.72,82.72,2827,2021-04-30 14:58:00,VCSH
82.7245,82.725,82.72,82.725,1407,2021-04-30 14:59:00,VCSH
82.721,82.721,82.72,82.72,236,2021-04-30 15:00:00,VCSH
82.725,82.725,82.72,82.72,1113,2021-04-30 15:01:00,VCSH
82.72,82.73,82.72,82.72,15535,2021-04-30 15:02:00,VCSH
82.72,82.7299,82.72,82.7299,11606,2021-04-30 15:03:00,VCSH
82.725,82.728,82.72,82.72,4937,2021-04-30 15:04:00,VCSH
82.72,82.7286,82.72,82.7211,8517,2021-04-30 15:05:00,VCSH
82.725,82.73,82.72,82.72,7936,2021-04-30 15:06:00,VCSH
82.728,82.73,82.72,82.73,5159,2021-04-30 15:07:00,VCSH
82.72,82.7299,82.72,82.7299,1313,2021-04-30 15:08:00,VCSH
82.725,82.725,82.72,82.72,402,2021-04-30 15:09:00,VCSH
82.724,82.724,82.72,82.72,262,2021-04-30 15:10:00,VCSH
82.72,82.7299,82.72,82.725,1008,2021-04-30 15:11:00,VCSH
82.726,82.7274,82.725,82.725,2195,2021-04-30 15:12:00,VCSH
82.725,82.725,82.725,82.725,348,2021-04-30 15:13:00,VCSH
82.725,82.728,82.72,82.725,2681,2021-04-30 15:14:00,VCSH
82.725,82.728,82.725,82.725,3716,2021-04-30 15:15:00,VCSH
82.725,82.7299,82.725,82.7299,322,2021-04-30 15:16:00,VCSH
82.725,82.725,82.72,82.72,2815,2021-04-30 15:17:00,VCSH
82.72,82.72,82.72,82.72,266,2021-04-30 15:18:00,VCSH
82.7266,82.7266,82.71,82.7101,11144,2021-04-30 15:19:00,VCSH
82.72,82.72,82.7,82.7,17279,2021-04-30 15:20:00,VCSH
82.7026,82.7099,82.7,82.707,2054,2021-04-30 15:21:00,VCSH
82.705,82.705,82.705,82.705,300,2021-04-30 15:22:00,VCSH
82.7075,82.7075,82.7,82.7,664,2021-04-30 15:23:00,VCSH
82.7081,82.7081,82.7,82.7066,9354,2021-04-30 15:24:00,VCSH
82.71,82.71,82.7,82.7099,863,2021-04-30 15:25:00,VCSH
82.7,82.7078,82.7,82.7,1918,2021-04-30 15:26:00,VCSH
82.7,82.7081,82.7,82.7,605,2021-04-30 15:27:00,VCSH
82.7,82.7099,82.7,82.705,5700,2021-04-30 15:28:00,VCSH
82.7,82.71,82.7,82.71,2183,2021-04-30 15:29:00,VCSH
82.705,82.705,82.7,82.7,1199,2021-04-30 15:30:00,VCSH
82.705,82.705,82.7,82.7,1000,2021-04-30 15:31:00,VCSH
82.7099,82.7099,82.7,82.705,3600,2021-04-30 15:32:00,VCSH
82.705,82.709,82.7,82.7,2006,2021-04-30 15:33:00,VCSH
82.7,82.705,82.7,82.7,900,2021-04-30 15:34:00,VCSH
82.7,82.705,82.7,82.7,4123,2021-04-30 15:35:00,VCSH
82.7,82.706,82.7,82.7,1404,2021-04-30 15:36:00,VCSH
82.705,82.705,82.7,82.7,900,2021-04-30 15:37:00,VCSH
82.7077,82.7077,82.7,82.7,2026,2021-04-30 15:38:00,VCSH
82.7,82.7087,82.7,82.7,10667,2021-04-30 15:39:00,VCSH
82.7,82.7074,82.7,82.7,800,2021-04-30 15:40:00,VCSH
82.704,82.71,82.7,82.7,4209,2021-04-30 15:41:00,VCSH
82.7,82.71,82.7,82.7,1125,2021-04-30 15:42:00,VCSH
82.7,82.7057,82.7,82.7,581,2021-04-30 15:43:00,VCSH
82.7,82.707,82.7,82.7,1432,2021-04-30 15:44:00,VCSH
82.71,82.71,82.7,82.7,2132,2021-04-30 15:45:00,VCSH
82.705,82.705,82.7,82.7,2008,2021-04-30 15:46:00,VCSH
82.7,82.71,82.7,82.7,2566,2021-04-30 15:47:00,VCSH
82.7,82.71,82.7,82.7,2222,2021-04-30 15:48:00,VCSH
82.7,82.71,82.7,82.7,2607,2021-04-30 15:49:00,VCSH
82.7,82.71,82.7,82.7,1434,2021-04-30 15:50:00,VCSH
82.7,82.7077,82.7,82.7077,1199,2021-04-30 15:51:00,VCSH
82.7,82.71,82.7,82.7,3109,2021-04-30 15:52:00,VCSH
82.7,82.71,82.7,82.7,1648,2021-04-30 15:53:00,VCSH
82.7,82.71,82.7,82.705,900,2021-04-30 15:54:00,VCSH
82.7,82.71,82.7,82.7,2372,2021-04-30 15:55:00,VCSH
82.7023,82.7076,82.7,82.7,2550,2021-04-30 15:56:00,VCSH
82.7077,82.71,82.7,82.7,3341,2021-04-30 15:57:00,VCSH
82.7,82.71,82.7,82.7,3902,2021-04-30 15:58:00,VCSH
82.7,82.71,82.7,82.706,5538,2021-04-30 15:59:00,VCSH
82.7,82.71,82.7,82.7,2234,2021-04-30 16:00:00,VCSH
82.71,82.71,82.7,82.7,1841,2021-04-30 16:01:00,VCSH
82.7,82.71,82.7,82.7,1080,2021-04-30 16:02:00,VCSH
82.7,82.71,82.7,82.7,1845,2021-04-30 16:03:00,VCSH
82.7076,82.71,82.7,82.7,2125,2021-04-30 16:04:00,VCSH
82.7,82.7081,82.7,82.7,1051,2021-04-30 16:05:00,VCSH
82.7,82.71,82.7,82.7,4862,2021-04-30 16:06:00,VCSH
82.7,82.71,82.7,82.71,1405,2021-04-30 16:07:00,VCSH
82.7,82.71,82.7,82.7,3100,2021-04-30 16:08:00,VCSH
82.7,82.71,82.7,82.7,2722,2021-04-30 16:09:00,VCSH
82.7001,82.71,82.7,82.7,1554,2021-04-30 16:10:00,VCSH
82.7,82.71,82.7,82.7,2409,2021-04-30 16:11:00,VCSH
82.7,82.71,82.7,82.7,1100,2021-04-30 16:12:00,VCSH
82.7,82.71,82.7,82.71,1333,2021-04-30 16:13:00,VCSH
82.7,82.71,82.7,82.7,1494,2021-04-30 16:14:00,VCSH
82.7,82.71,82.7,82.7,3992,2021-04-30 16:15:00,VCSH
82.7,82.71,82.7,82.7,1500,2021-04-30 16:16:00,VCSH
82.7,82.71,82.7,82.7,1121,2021-04-30 16:17:00,VCSH
82.705,82.71,82.7,82.71,2402,2021-04-30 16:18:00,VCSH
82.7,82.705,82.7,82.705,1964,2021-04-30 16:19:00,VCSH
82.71,82.71,82.7,82.7099,13772,2021-04-30 16:20:00,VCSH
82.71,82.71,82.7,82.705,2307,2021-04-30 16:21:00,VCSH
82.7,82.71,82.7,82.701,5275,2021-04-30 16:22:00,VCSH
82.7,82.71,82.7,82.7,1926,2021-04-30 16:23:00,VCSH
82.7,82.71,82.7,82.7,2215,2021-04-30 16:24:00,VCSH
82.7,82.71,82.7,82.705,1327,2021-04-30 16:25:00,VCSH
82.7,82.71,82.7,82.7,2316,2021-04-30 16:26:00,VCSH
82.7,82.71,82.7,82.7058,2590,2021-04-30 16:27:00,VCSH
82.7,82.71,82.7,82.7,1579,2021-04-30 16:28:00,VCSH
82.7,82.71,82.7,82.7,2418,2021-04-30 16:29:00,VCSH
82.7,82.71,82.7,82.7,1630,2021-04-30 16:30:00,VCSH
82.7,82.71,82.7,82.7,1512,2021-04-30 16:31:00,VCSH
82.7,82.71,82.7,82.71,900,2021-04-30 16:32:00,VCSH
82.7,82.71,82.7,82.7,7833,2021-04-30 16:33:00,VCSH
82.7,82.71,82.7,82.7,1100,2021-04-30 16:34:00,VCSH
82.7019,82.71,82.7,82.7,2833,2021-04-30 16:35:00,VCSH
82.71,82.71,82.7,82.7,2144,2021-04-30 16:36:00,VCSH
82.7,82.71,82.7,82.7,4107,2021-04-30 16:37:00,VCSH
82.7,82.71,82.7,82.7,5074,2021-04-30 16:38:00,VCSH
82.7,82.71,82.7,82.7086,6183,2021-04-30 16:39:00,VCSH
82.7,82.71,82.7,82.7,1158,2021-04-30 16:40:00,VCSH
82.7,82.71,82.7,82.7057,2619,2021-04-30 16:41:00,VCSH
82.7,82.7081,82.7,82.7,3915,2021-04-30 16:42:00,VCSH
82.7,82.71,82.7,82.707,2145,2021-04-30 16:43:00,VCSH
82.7,82.71,82.7,82.7,1000,2021-04-30 16:44:00,VCSH
82.7,82.71,82.7,82.7,1520,2021-04-30 16:45:00,VCSH
82.7,82.705,82.7,82.7,2955,2021-04-30 16:46:00,VCSH
82.7,82.71,82.7,82.705,2260,2021-04-30 16:47:00,VCSH
82.7,82.71,82.7,82.7,1541,2021-04-30 16:48:00,VCSH
82.7,82.71,82.7,82.7063,4294,2021-04-30 16:49:00,VCSH
82.705,82.71,82.705,82.71,1917,2021-04-30 16:50:00,VCSH
82.705,82.71,82.705,82.705,2710,2021-04-30 16:51:00,VCSH
82.705,82.71,82.704,82.705,1507,2021-04-30 16:52:00,VCSH
82.705,82.71,82.7001,82.705,3113,2021-04-30 16:53:00,VCSH
82.705,82.71,82.705,82.705,1861,2021-04-30 16:54:00,VCSH
82.705,82.71,82.7,82.71,2000,2021-04-30 16:55:00,VCSH
82.705,82.7094,82.7,82.705,2120,2021-04-30 16:56:00,VCSH
82.709,82.71,82.705,82.705,1765,2021-04-30 16:57:00,VCSH
82.705,82.71,82.7,82.7099,2400,2021-04-30 16:58:00,VCSH
82.7014,82.71,82.7014,82.705,1000,2021-04-30 16:59:00,VCSH
82.705,82.71,82.705,82.705,900,2021-04-30 17:00:00,VCSH
82.71,82.71,82.705,82.705,1365,2021-04-30 17:01:00,VCSH
82.705,82.71,82.705,82.71,5850,2021-04-30 17:02:00,VCSH
82.705,82.71,82.705,82.705,2668,2021-04-30 17:03:00,VCSH
82.705,82.709,82.705,82.705,1346,2021-04-30 17:04:00,VCSH
82.71,82.71,82.7023,82.71,4157,2021-04-30 17:05:00,VCSH
82.71,82.71,82.7066,82.71,1186,2021-04-30 17:06:00,VCSH
82.7081,82.71,82.705,82.71,1699,2021-04-30 17:07:00,VCSH
82.7081,82.7086,82.7026,82.705,1336,2021-04-30 17:08:00,VCSH
82.71,82.71,82.7019,82.705,5612,2021-04-30 17:09:00,VCSH
82.705,82.71,82.705,82.705,1150,2021-04-30 17:10:00,VCSH
82.705,82.71,82.7,82.705,1980,2021-04-30 17:11:00,VCSH
82.706,82.71,82.7,82.71,2407,2021-04-30 17:12:00,VCSH
82.71,82.71,82.7,82.705,4127,2021-04-30 17:13:00,VCSH
82.705,82.71,82.7,82.7,13872,2021-04-30 17:14:00,VCSH
82.71,82.71,82.705,82.71,1970,2021-04-30 17:15:00,VCSH
82.704,82.71,82.704,82.71,1200,2021-04-30 17:16:00,VCSH
82.7,82.71,82.7,82.703,4165,2021-04-30 17:17:00,VCSH
82.71,82.71,82.7,82.7041,1584,2021-04-30 17:18:00,VCSH
82.705,82.71,82.705,82.705,5338,2021-04-30 17:19:00,VCSH
82.705,82.71,82.705,82.705,1849,2021-04-30 17:20:00,VCSH
82.705,82.71,82.705,82.705,1302,2021-04-30 17:21:00,VCSH
82.7,82.71,82.7,82.705,1125,2021-04-30 17:22:00,VCSH
82.7004,82.71,82.7,82.705,65220,2021-04-30 17:23:00,VCSH
82.705,82.71,82.7,82.705,9997,2021-04-30 17:24:00,VCSH
82.7026,82.71,82.7,82.71,8079,2021-04-30 17:25:00,VCSH
82.71,82.71,82.7,82.7074,441,2021-04-30 17:26:00,VCSH
82.705,82.71,82.7,82.705,7311,2021-04-30 17:27:00,VCSH
82.705,82.71,82.7,82.7,5530,2021-04-30 17:28:00,VCSH
82.71,82.71,82.7,82.7,635,2021-04-30 17:29:00,VCSH
82.71,82.71,82.7,82.7,2329,2021-04-30 17:30:00,VCSH
82.71,82.71,82.7,82.7,831,2021-04-30 17:31:00,VCSH
82.71,82.71,82.7,82.7,1181,2021-04-30 17:32:00,VCSH
82.71,82.71,82.7,82.71,804,2021-04-30 17:33:00,VCSH
82.7,82.71,82.7,82.705,6335,2021-04-30 17:34:00,VCSH
82.71,82.71,82.7,82.71,1170,2021-04-30 17:35:00,VCSH
82.7,82.71,82.7,82.705,6009,2021-04-30 17:36:00,VCSH
82.7056,82.71,82.7,82.7,1366,2021-04-30 17:37:00,VCSH
82.71,82.71,82.7,82.71,3125,2021-04-30 17:38:00,VCSH
82.705,82.71,82.7,82.7074,2428,2021-04-30 17:39:00,VCSH
82.71,82.71,82.7,82.705,1565,2021-04-30 17:40:00,VCSH
82.7,82.71,82.7,82.703,14107,2021-04-30 17:41:00,VCSH
82.7,82.7081,82.7,82.7,1025,2021-04-30 17:42:00,VCSH
82.7,82.7081,82.7,82.7,441,2021-04-30 17:43:00,VCSH
82.71,82.71,82.705,82.705,6341,2021-04-30 17:44:00,VCSH
82.705,82.705,82.7026,82.705,1243,2021-04-30 17:45:00,VCSH
82.705,82.71,82.705,82.71,945,2021-04-30 17:46:00,VCSH
82.7023,82.71,82.7,82.706,2697,2021-04-30 17:47:00,VCSH
82.705,82.709,82.7,82.7,11429,2021-04-30 17:48:00,VCSH
82.705,82.705,82.7,82.7,26614,2021-04-30 17:49:00,VCSH
82.705,82.71,82.7,82.7001,13603,2021-04-30 17:50:00,VCSH
82.7,82.71,82.7,82.71,11711,2021-04-30 17:51:00,VCSH
82.705,82.7081,82.7,82.7,21958,2021-04-30 17:52:00,VCSH
82.7076,82.7076,82.7,82.7,5551,2021-04-30 17:53:00,VCSH
82.7,82.71,82.7,82.71,1370,2021-04-30 17:54:00,VCSH
82.7,82.705,82.7,82.7,2414,2021-04-30 17:55:00,VCSH
82.7,82.71,82.7,82.7074,3067,2021-04-30 17:56:00,VCSH
82.7,82.7078,82.7,82.702,1462,2021-04-30 17:57:00,VCSH
82.7,82.7,82.7,82.7,800,2021-04-30 17:58:00,VCSH
82.7,82.705,82.7,82.705,570,2021-04-30 17:59:00,VCSH
82.7,82.7,82.695,82.695,4346,2021-04-30 18:00:00,VCSH
82.695,82.695,82.695,82.695,1362,2021-04-30 18:01:00,VCSH
82.695,82.695,82.695,82.695,800,2021-04-30 18:02:00,VCSH
82.695,82.698,82.694,82.695,1585,2021-04-30 18:03:00,VCSH
82.695,82.6979,82.69,82.69,1713,2021-04-30 18:04:00,VCSH
82.695,82.7,82.695,82.695,1336,2021-04-30 18:05:00,VCSH
82.695,82.7,82.69,82.69,1983,2021-04-30 18:06:00,VCSH
82.6958,82.6976,82.69,82.695,4964,2021-04-30 18:07:00,VCSH
82.692,82.7,82.692,82.695,4203,2021-04-30 18:08:00,VCSH
82.695,82.7,82.69,82.6959,28473,2021-04-30 18:09:00,VCSH
82.695,82.6999,82.695,82.6998,1021,2021-04-30 18:10:00,VCSH
82.7,82.7,82.694,82.695,3182,2021-04-30 18:11:00,VCSH
82.695,82.7,82.695,82.695,2078,2021-04-30 18:12:00,VCSH
82.695,82.699,82.69,82.695,1521,2021-04-30 18:13:00,VCSH
82.695,82.7,82.69,82.695,1200,2021-04-30 18:14:00,VCSH
82.695,82.699,82.695,82.695,1027,2021-04-30 18:15:00,VCSH
82.695,82.7,82.69,82.695,2383,2021-04-30 18:16:00,VCSH
82.695,82.699,82.695,82.695,900,2021-04-30 18:17:00,VCSH
82.7,82.7,82.695,82.695,1221,2021-04-30 18:18:00,VCSH
82.695,82.7,82.69,82.7,3978,2021-04-30 18:19:00,VCSH
82.699,82.7,82.69,82.69,1736,2021-04-30 18:20:00,VCSH
82.69,82.696,82.69,82.695,1110,2021-04-30 18:21:00,VCSH
82.695,82.7,82.695,82.695,1460,2021-04-30 18:22:00,VCSH
82.695,82.696,82.695,82.695,1025,2021-04-30 18:23:00,VCSH
82.695,82.7,82.69,82.695,1548,2021-04-30 18:24:00,VCSH
82.7,82.7,82.695,82.695,1000,2021-04-30 18:25:00,VCSH
82.692,82.695,82.69,82.695,2046,2021-04-30 18:26:00,VCSH
82.7,82.7,82.69,82.695,1778,2021-04-30 18:27:00,VCSH
82.695,82.6959,82.69,82.695,3151,2021-04-30 18:28:00,VCSH
82.695,82.7,82.69,82.695,2635,2021-04-30 18:29:00,VCSH
82.695,82.7,82.695,82.695,1000,2021-04-30 18:30:00,VCSH
82.695,82.7,82.694,82.695,3897,2021-04-30 18:31:00,VCSH
82.695,82.7,82.695,82.695,1894,2021-04-30 18:32:00,VCSH
82.695,82.7,82.692,82.695,2330,2021-04-30 18:33:00,VCSH
82.695,82.7,82.695,82.695,7688,2021-04-30 18:34:00,VCSH
82.695,82.7,82.695,82.695,1945,2021-04-30 18:35:00,VCSH
82.695,82.695,82.6903,82.695,1116,2021-04-30 18:36:00,VCSH
82.695,82.7,82.695,82.695,13955,2021-04-30 18:37:00,VCSH
82.695,82.695,82.695,82.695,800,2021-04-30 18:38:00,VCSH
82.695,82.7,82.695,82.695,1798,2021-04-30 18:39:00,VCSH
82.695,82.7,82.69,82.698,15882,2021-04-30 18:40:00,VCSH
82.698,82.7,82.698,82.7,357,2021-04-30 18:41:00,VCSH
82.7,82.7,82.7,82.7,3535,2021-04-30 18:42:00,VCSH
82.7,82.7,82.69,82.695,2967,2021-04-30 18:43:00,VCSH
82.7,82.7,82.6922,82.695,5581,2021-04-30 18:44:00,VCSH
82.695,82.7,82.69,82.7,4495,2021-04-30 18:45:00,VCSH
82.695,82.698,82.69,82.695,1237,2021-04-30 18:46:00,VCSH
82.695,82.7,82.695,82.695,5369,2021-04-30 18:47:00,VCSH
82.695,82.695,82.695,82.695,1783,2021-04-30 18:48:00,VCSH
82.7,82.7,82.6926,82.695,1798,2021-04-30 18:49:00,VCSH
82.695,82.7,82.695,82.695,6894,2021-04-30 18:50:00,VCSH
82.695,82.7,82.695,82.695,2556,2021-04-30 18:51:00,VCSH
82.695,82.7,82.69,82.69,1550,2021-04-30 18:52:00,VCSH
82.695,82.7,82.695,82.7,1900,2021-04-30 18:53:00,VCSH
82.695,82.7,82.695,82.695,2195,2021-04-30 18:54:00,VCSH
82.698,82.7,82.692,82.695,5270,2021-04-30 18:55:00,VCSH
82.695,82.7,82.69,82.695,1100,2021-04-30 18:56:00,VCSH
82.695,82.7,82.695,82.695,2172,2021-04-30 18:57:00,VCSH
82.695,82.7,82.695,82.695,1425,2021-04-30 18:58:00,VCSH
82.6925,82.7,82.6925,82.7,1166,2021-04-30 18:59:00,VCSH
82.695,82.7,82.6947,82.7,4928,2021-04-30 19:00:00,VCSH
82.7,82.7,82.69,82.695,1919,2021-04-30 19:01:00,VCSH
82.7,82.7,82.695,82.6956,6670,2021-04-30 19:02:00,VCSH
82.6925,82.7,82.6925,82.7,2435,2021-04-30 19:03:00,VCSH
82.6921,82.7,82.6921,82.698,3259,2021-04-30 19:04:00,VCSH
82.7,82.7,82.6901,82.7,16540,2021-04-30 19:05:00,VCSH
82.695,82.7,82.6918,82.6993,8090,2021-04-30 19:06:00,VCSH
82.694,82.7,82.69,82.7,8851,2021-04-30 19:07:00,VCSH
82.7,82.7,82.695,82.7,12757,2021-04-30 19:08:00,VCSH
82.7,82.7,82.69,82.698,6720,2021-04-30 19:09:00,VCSH
82.7,82.7,82.6963,82.6963,1120,2021-04-30 19:10:00,VCSH
82.6966,82.7,82.695,82.695,7366,2021-04-30 19:11:00,VCSH
82.695,82.7,82.69,82.695,6146,2021-04-30 19:12:00,VCSH
82.695,82.7,82.6901,82.6901,5035,2021-04-30 19:13:00,VCSH
82.7,82.71,82.7,82.705,9240,2021-04-30 19:14:00,VCSH
82.71,82.71,82.7001,82.705,1115,2021-04-30 19:15:00,VCSH
82.705,82.7081,82.7,82.7081,8584,2021-04-30 19:16:00,VCSH
82.71,82.71,82.705,82.705,400,2021-04-30 19:17:00,VCSH
82.705,82.71,82.7,82.71,5246,2021-04-30 19:18:00,VCSH
82.71,82.71,82.7,82.7023,1724,2021-04-30 19:19:00,VCSH
82.705,82.72,82.705,82.715,3868,2021-04-30 19:20:00,VCSH
82.71,82.72,82.71,82.715,4371,2021-04-30 19:21:00,VCSH
82.71,82.72,82.71,82.715,4377,2021-04-30 19:22:00,VCSH
82.71,82.72,82.71,82.72,4521,2021-04-30 19:23:00,VCSH
82.72,82.72,82.71,82.71,5934,2021-04-30 19:24:00,VCSH
82.719,82.72,82.7101,82.715,1575,2021-04-30 19:25:00,VCSH
82.71,82.715,82.71,82.715,1552,2021-04-30 19:26:00,VCSH
82.7199,82.7199,82.7139,82.718,6276,2021-04-30 19:27:00,VCSH
82.715,82.72,82.715,82.7174,437,2021-04-30 19:28:00,VCSH
82.7158,82.7181,82.711,82.7116,6480,2021-04-30 19:29:00,VCSH
82.72,82.72,82.715,82.7181,2146,2021-04-30 19:30:00,VCSH
82.72,82.72,82.715,82.72,1511,2021-04-30 19:31:00,VCSH
82.716,82.72,82.715,82.715,395,2021-04-30 19:32:00,VCSH
82.7181,82.72,82.712,82.7145,2399,2021-04-30 19:33:00,VCSH
82.7199,82.72,82.7199,82.72,3836,2021-04-30 19:34:00,VCSH
82.72,82.72,82.715,82.717,1437,2021-04-30 19:35:00,VCSH
82.72,82.72,82.715,82.715,1187,2021-04-30 19:36:00,VCSH
82.715,82.72,82.714,82.715,1443,2021-04-30 19:37:00,VCSH
82.71,82.72,82.71,82.72,571,2021-04-30 19:38:00,VCSH
82.7155,82.719,82.71,82.719,2976,2021-04-30 19:39:00,VCSH
82.715,82.72,82.712,82.715,14481,2021-04-30 19:40:00,VCSH
82.72,82.72,82.714,82.72,1088,2021-04-30 19:41:00,VCSH
82.72,82.72,82.715,82.715,968,2021-04-30 19:42:00,VCSH
82.715,82.72,82.715,82.72,2711,2021-04-30 19:43:00,VCSH
82.72,82.72,82.715,82.72,12243,2021-04-30 19:44:00,VCSH
82.72,82.72,82.71,82.72,23596,2021-04-30 19:45:00,VCSH
82.72,82.72,82.715,82.7177,10138,2021-04-30 19:46:00,VCSH
82.712,82.72,82.71,82.713,8103,2021-04-30 19:47:00,VCSH
82.714,82.72,82.71,82.71,8647,2021-04-30 19:48:00,VCSH
82.72,82.72,82.72,82.72,600,2021-04-30 19:49:00,VCSH
82.716,82.72,82.715,82.72,1400,2021-04-30 19:50:00,VCSH
82.715,82.72,82.715,82.715,4631,2021-04-30 19:51:00,VCSH
82.7174,82.72,82.711,82.716,4090,2021-04-30 19:52:00,VCSH
82.72,82.72,82.71,82.715,4254,2021-04-30 19:53:00,VCSH
82.716,82.72,82.715,82.72,1955,2021-04-30 19:54:00,VCSH
82.72,82.72,82.715,82.72,10104,2021-04-30 19:55:00,VCSH
82.72,82.72,82.7123,82.72,6637,2021-04-30 19:56:00,VCSH
82.72,82.72,82.7125,82.715,6000,2021-04-30 19:57:00,VCSH
82.72,82.72,82.71,82.72,2238,2021-04-30 19:58:00,VCSH
82.72,82.73,82.715,82.73,17820,2021-04-30 19:59:00,VCSH
82.73,82.73,82.73,82.73,56899,2021-04-30 20:00:00,VCSH
82.73,82.73,82.73,82.73,2334,2021-04-30 20:02:00,VCSH
