open,high,low,close,volume,datetime,symbol
201.02,201.02,201.02,201.02,270,2021-07-01 13:30:00,ROLL
200.78,200.78,200.285,200.285,210,2021-07-01 13:45:00,ROLL
200.53,200.53,200.53,200.53,300,2021-07-01 13:50:00,ROLL
199.91,200.38,199.86,200.38,439,2021-07-01 14:00:00,ROLL
200.25,200.25,200.25,200.25,100,2021-07-01 14:05:00,ROLL
200.645,200.645,200.645,200.645,233,2021-07-01 14:40:00,ROLL
200.16,200.16,200.16,200.16,100,2021-07-01 14:45:00,ROLL
200.53,200.53,200.53,200.53,100,2021-07-01 14:50:00,ROLL
201.07,201.07,200.69,200.69,300,2021-07-01 14:55:00,ROLL
201.58,201.58,201.155,201.155,200,2021-07-01 15:40:00,ROLL
201.61,201.66,201.61,201.66,200,2021-07-01 15:45:00,ROLL
201.775,202.09,201.46,201.485,800,2021-07-01 15:55:00,ROLL
201.41,201.41,201.41,201.41,100,2021-07-01 16:00:00,ROLL
201.525,201.525,201.525,201.525,107,2021-07-01 16:05:00,ROLL
201.95,201.95,201.95,201.95,200,2021-07-01 16:10:00,ROLL
202.09,202.179,202.09,202.179,500,2021-07-01 16:15:00,ROLL
202.285,202.77,202.285,202.77,200,2021-07-01 16:20:00,ROLL
202.35,202.35,202.35,202.35,100,2021-07-01 16:25:00,ROLL
202.29,202.29,202.29,202.29,100,2021-07-01 16:35:00,ROLL
202.27,202.27,202.27,202.27,100,2021-07-01 16:40:00,ROLL
202.13,202.13,202.13,202.13,100,2021-07-01 16:45:00,ROLL
202.15,202.15,202.15,202.15,178,2021-07-01 16:50:00,ROLL
202.315,202.32,202.315,202.32,200,2021-07-01 16:55:00,ROLL
202.1592,202.1592,202.1592,202.1592,200,2021-07-01 17:00:00,ROLL
202.4,202.4,202.4,202.4,200,2021-07-01 17:05:00,ROLL
202.33,202.645,202.33,202.645,300,2021-07-01 17:15:00,ROLL
203.2,203.2,203.2,203.2,100,2021-07-01 17:20:00,ROLL
202.76,202.76,202.76,202.76,100,2021-07-01 17:30:00,ROLL
202.13,202.365,202.1,202.1,600,2021-07-01 17:35:00,ROLL
202.13,202.13,202.13,202.13,100,2021-07-01 17:50:00,ROLL
202.05,202.05,202.05,202.05,100,2021-07-01 17:55:00,ROLL
202.28,202.28,202.28,202.28,100,2021-07-01 18:00:00,ROLL
201.895,201.895,201.895,201.895,100,2021-07-01 18:10:00,ROLL
201.905,201.905,201.61,201.76,1166,2021-07-01 18:15:00,ROLL
201.57,201.57,201.57,201.57,100,2021-07-01 18:20:00,ROLL
202.45,202.45,202.35,202.35,200,2021-07-01 18:40:00,ROLL
202.43,202.43,202.37,202.37,200,2021-07-01 18:50:00,ROLL
202.3538,202.3538,202.3538,202.3538,400,2021-07-01 18:55:00,ROLL
202.35,202.35,202.35,202.35,100,2021-07-01 19:05:00,ROLL
202.41,202.41,202.41,202.41,100,2021-07-01 19:15:00,ROLL
202.1277,202.25,202.1277,202.25,498,2021-07-01 19:25:00,ROLL
202.2,202.2,202.1,202.1,400,2021-07-01 19:35:00,ROLL
201.87,202.04,201.87,202.04,200,2021-07-01 19:40:00,ROLL
201.77,201.77,201.24,201.285,400,2021-07-01 19:50:00,ROLL
201.51,202.18,201.51,201.76,2267,2021-07-01 19:55:00,ROLL
201.77,201.77,201.77,201.77,8700,2021-07-01 20:00:00,ROLL
201.77,201.77,201.77,201.77,625,2021-07-01 21:10:00,ROLL
202.05,202.05,202.05,202.05,209,2021-07-02 13:30:00,ROLL
202.77,202.77,200.66,200.66,262,2021-07-02 13:50:00,ROLL
200.69,200.69,200.69,200.69,100,2021-07-02 14:00:00,ROLL
201.06,201.06,201.06,201.06,100,2021-07-02 14:05:00,ROLL
201.26,201.29,201.26,201.29,200,2021-07-02 14:15:00,ROLL
201.25,201.25,200.7,200.7,221,2021-07-02 14:20:00,ROLL
200.73,200.73,200.73,200.73,100,2021-07-02 14:25:00,ROLL
200.88,200.88,200.36,200.36,200,2021-07-02 14:35:00,ROLL
200.52,200.765,200.52,200.765,200,2021-07-02 14:50:00,ROLL
200.6077,200.6077,200.6077,200.6077,200,2021-07-02 14:55:00,ROLL
200.74,200.74,200.74,200.74,100,2021-07-02 15:00:00,ROLL
200.84,200.84,200.84,200.84,100,2021-07-02 15:20:00,ROLL
201.21,201.21,201.21,201.21,100,2021-07-02 15:25:00,ROLL
201.09,201.09,201.09,201.09,100,2021-07-02 15:35:00,ROLL
201.05,201.05,200.98,200.98,200,2021-07-02 15:45:00,ROLL
200.94,200.94,200.94,200.94,100,2021-07-02 16:05:00,ROLL
200.52,200.52,200.47,200.47,200,2021-07-02 16:10:00,ROLL
200.33,200.33,200.33,200.33,800,2021-07-02 16:25:00,ROLL
200.58,200.58,200.58,200.58,100,2021-07-02 16:30:00,ROLL
200.61,200.67,200.61,200.67,200,2021-07-02 16:35:00,ROLL
200.76,200.76,200.595,200.595,337,2021-07-02 16:45:00,ROLL
200.41,200.41,200.41,200.41,200,2021-07-02 16:50:00,ROLL
200.61,200.61,200.61,200.61,100,2021-07-02 16:55:00,ROLL
200.17,200.4,200.16,200.4,457,2021-07-02 17:00:00,ROLL
200.78,200.78,200.07,200.07,2949,2021-07-02 17:15:00,ROLL
200.19,200.19,200.19,200.19,100,2021-07-02 17:25:00,ROLL
200.37,200.37,200.37,200.37,200,2021-07-02 17:45:00,ROLL
200.51,200.51,200.51,200.51,100,2021-07-02 18:05:00,ROLL
201.12,201.12,200.82,200.82,200,2021-07-02 18:10:00,ROLL
201.36,201.36,201.12,201.12,300,2021-07-02 18:25:00,ROLL
201.03,201.03,201.03,201.03,100,2021-07-02 18:30:00,ROLL
200.87,200.87,200.87,200.87,100,2021-07-02 18:35:00,ROLL
201.04,201.04,200.91,200.91,300,2021-07-02 18:40:00,ROLL
200.74,200.74,200.74,200.74,100,2021-07-02 19:05:00,ROLL
200.69,200.69,200.69,200.69,100,2021-07-02 19:10:00,ROLL
200.66,200.73,200.66,200.73,200,2021-07-02 19:15:00,ROLL
200.75,200.75,200.74,200.74,200,2021-07-02 19:20:00,ROLL
201.13,201.13,200.98,200.98,200,2021-07-02 19:25:00,ROLL
200.72,200.945,200.72,200.74,300,2021-07-02 19:30:00,ROLL
200.88,201.2099,200.79,200.79,491,2021-07-02 19:40:00,ROLL
200.62,200.79,200.45,200.7,500,2021-07-02 19:45:00,ROLL
200.72,200.83,200.5194,200.6,850,2021-07-02 19:50:00,ROLL
200.35,200.625,200.12,200.34,1510,2021-07-02 19:55:00,ROLL
200.87,200.87,200.87,200.87,6864,2021-07-02 20:00:00,ROLL
200.87,200.87,200.87,200.87,940,2021-07-02 21:05:00,ROLL
201.6,201.6,200.23,200.23,316,2021-07-06 13:30:00,ROLL
199.9183,199.9183,199.9183,199.9183,174,2021-07-06 13:35:00,ROLL
201.07,201.07,199.205,199.205,200,2021-07-06 13:45:00,ROLL
198.96,198.96,198.96,198.96,100,2021-07-06 13:55:00,ROLL
197.95,197.97,197.46,197.97,1313,2021-07-06 14:00:00,ROLL
197.0,197.08,197.0,197.08,200,2021-07-06 14:10:00,ROLL
196.6,196.9,196.525,196.9,600,2021-07-06 14:25:00,ROLL
196.5,196.53,196.33,196.49,600,2021-07-06 14:30:00,ROLL
196.56,196.56,196.555,196.555,400,2021-07-06 14:40:00,ROLL
195.62,195.62,195.54,195.54,300,2021-07-06 14:45:00,ROLL
194.97,194.97,194.97,194.97,100,2021-07-06 14:50:00,ROLL
194.23,194.23,194.23,194.23,100,2021-07-06 15:00:00,ROLL
194.68,194.68,194.68,194.68,100,2021-07-06 15:05:00,ROLL
194.56,194.56,194.56,194.56,100,2021-07-06 15:25:00,ROLL
195.04,195.04,195.04,195.04,100,2021-07-06 15:30:00,ROLL
195.94,195.94,195.94,195.94,100,2021-07-06 15:35:00,ROLL
195.92,196.45,195.82,196.45,600,2021-07-06 15:40:00,ROLL
196.33,196.35,196.33,196.35,300,2021-07-06 15:45:00,ROLL
196.06,196.08,196.06,196.08,200,2021-07-06 15:50:00,ROLL
195.82,195.82,195.82,195.82,100,2021-07-06 15:55:00,ROLL
195.82,195.82,195.35,195.35,514,2021-07-06 16:00:00,ROLL
195.523,195.523,195.523,195.523,134,2021-07-06 16:10:00,ROLL
195.14,195.14,195.14,195.14,100,2021-07-06 16:25:00,ROLL
195.0,195.0,195.0,195.0,100,2021-07-06 16:30:00,ROLL
195.45,195.45,195.45,195.45,106,2021-07-06 16:35:00,ROLL
195.52,195.52,195.52,195.52,100,2021-07-06 16:55:00,ROLL
195.425,195.425,195.425,195.425,100,2021-07-06 17:00:00,ROLL
195.98,195.98,195.97,195.97,200,2021-07-06 17:25:00,ROLL
195.77,195.77,195.77,195.77,100,2021-07-06 17:30:00,ROLL
196.2468,196.2468,196.2468,196.2468,473,2021-07-06 17:45:00,ROLL
196.12,196.12,196.09,196.09,200,2021-07-06 17:50:00,ROLL
196.51,196.51,196.51,196.51,100,2021-07-06 18:00:00,ROLL
196.7,196.94,196.7,196.94,200,2021-07-06 18:20:00,ROLL
196.84,196.91,196.7586,196.7586,300,2021-07-06 18:25:00,ROLL
196.81,196.81,196.81,196.81,100,2021-07-06 18:30:00,ROLL
196.9,196.9,196.9,196.9,200,2021-07-06 18:35:00,ROLL
196.74,196.74,196.72,196.72,400,2021-07-06 18:40:00,ROLL
196.995,196.995,196.995,196.995,100,2021-07-06 18:45:00,ROLL
196.74,196.74,196.445,196.445,200,2021-07-06 18:50:00,ROLL
196.63,196.63,196.63,196.63,100,2021-07-06 18:55:00,ROLL
196.7382,196.925,196.7382,196.925,349,2021-07-06 19:10:00,ROLL
196.61,196.61,196.58,196.6,300,2021-07-06 19:25:00,ROLL
196.14,196.14,196.125,196.125,200,2021-07-06 19:35:00,ROLL
196.49,196.49,196.49,196.49,100,2021-07-06 19:40:00,ROLL
196.65,196.65,196.65,196.65,100,2021-07-06 19:45:00,ROLL
197.09,197.09,196.7,196.7,200,2021-07-06 19:50:00,ROLL
196.965,196.99,196.38,196.99,1928,2021-07-06 19:55:00,ROLL
196.59,196.59,196.59,196.59,4920,2021-07-06 20:00:00,ROLL
196.59,196.59,196.59,196.59,276,2021-07-06 21:05:00,ROLL
195.8,198.24,195.8,198.24,324,2021-07-07 13:30:00,ROLL
197.27,197.27,197.27,197.27,100,2021-07-07 13:35:00,ROLL
198.41,198.41,198.41,198.41,100,2021-07-07 13:40:00,ROLL
198.48,198.48,198.48,198.48,100,2021-07-07 13:45:00,ROLL
197.63,197.63,197.42,197.42,200,2021-07-07 14:00:00,ROLL
196.01,196.01,196.01,196.01,100,2021-07-07 14:20:00,ROLL
195.28,195.31,195.28,195.31,300,2021-07-07 14:25:00,ROLL
195.91,195.91,195.91,195.91,124,2021-07-07 14:30:00,ROLL
195.38,195.61,195.29,195.34,441,2021-07-07 14:35:00,ROLL
195.385,195.67,195.01,195.01,687,2021-07-07 14:40:00,ROLL
195.46,195.46,195.46,195.46,100,2021-07-07 14:45:00,ROLL
195.19,195.19,195.19,195.19,100,2021-07-07 14:50:00,ROLL
197.62,197.7,197.62,197.67,693,2021-07-07 15:35:00,ROLL
197.5575,197.67,197.5575,197.67,213,2021-07-07 15:40:00,ROLL
197.48,197.48,197.405,197.405,200,2021-07-07 15:50:00,ROLL
197.1401,197.1401,197.1401,197.1401,500,2021-07-07 15:55:00,ROLL
197.13,197.39,197.13,197.39,200,2021-07-07 16:00:00,ROLL
197.53,197.53,197.53,197.53,102,2021-07-07 16:30:00,ROLL
197.46,197.48,197.46,197.48,200,2021-07-07 16:35:00,ROLL
197.46,197.46,197.46,197.46,112,2021-07-07 16:40:00,ROLL
196.59,196.59,196.59,196.59,100,2021-07-07 16:55:00,ROLL
196.735,196.735,196.735,196.735,110,2021-07-07 17:00:00,ROLL
196.62,196.75,196.62,196.75,200,2021-07-07 17:10:00,ROLL
196.75,196.86,196.22,196.22,430,2021-07-07 17:30:00,ROLL
196.77,196.77,196.605,196.605,388,2021-07-07 17:35:00,ROLL
196.87,196.87,196.87,196.87,100,2021-07-07 17:45:00,ROLL
196.74,197.01,196.74,197.01,200,2021-07-07 18:05:00,ROLL
196.57,196.68,196.56,196.56,300,2021-07-07 18:10:00,ROLL
196.85,196.94,196.85,196.9,300,2021-07-07 18:15:00,ROLL
197.16,197.16,197.01,197.01,200,2021-07-07 18:20:00,ROLL
197.015,197.015,197.015,197.015,100,2021-07-07 18:25:00,ROLL
196.24,196.36,196.24,196.36,294,2021-07-07 18:40:00,ROLL
196.53,196.53,196.53,196.53,100,2021-07-07 18:45:00,ROLL
196.8,196.86,196.59,196.59,500,2021-07-07 19:00:00,ROLL
197.2,197.28,197.16,197.28,300,2021-07-07 19:30:00,ROLL
197.3,197.3,197.3,197.3,100,2021-07-07 19:35:00,ROLL
197.32,197.43,197.32,197.43,200,2021-07-07 19:40:00,ROLL
197.59,197.59,197.4,197.4,300,2021-07-07 19:45:00,ROLL
197.35,197.53,196.98,197.53,1000,2021-07-07 19:50:00,ROLL
196.98,197.11,196.84,197.11,765,2021-07-07 19:55:00,ROLL
196.74,196.74,196.74,196.74,11500,2021-07-07 20:00:00,ROLL
196.3,196.3,191.64,191.64,1196,2021-07-08 13:30:00,ROLL
192.97,192.97,192.97,192.97,200,2021-07-08 13:40:00,ROLL
192.35,192.36,192.35,192.36,209,2021-07-08 14:15:00,ROLL
191.61,191.61,191.61,191.61,100,2021-07-08 14:20:00,ROLL
191.1706,191.1706,191.1706,191.1706,300,2021-07-08 14:25:00,ROLL
192.45,192.45,192.45,192.45,100,2021-07-08 14:30:00,ROLL
192.645,193.12,192.45,193.12,418,2021-07-08 14:35:00,ROLL
193.16,193.2,193.15,193.2,500,2021-07-08 14:40:00,ROLL
193.11,193.11,193.11,193.11,100,2021-07-08 14:45:00,ROLL
193.42,193.68,193.42,193.68,300,2021-07-08 14:50:00,ROLL
193.36,193.36,193.32,193.32,200,2021-07-08 14:55:00,ROLL
194.07,194.07,194.07,194.07,100,2021-07-08 15:05:00,ROLL
194.2,194.36,194.2,194.36,200,2021-07-08 15:10:00,ROLL
194.7,194.7,194.68,194.68,273,2021-07-08 15:25:00,ROLL
194.74,194.95,194.74,194.84,400,2021-07-08 15:35:00,ROLL
194.795,194.795,194.795,194.795,121,2021-07-08 15:40:00,ROLL
194.69,194.76,194.69,194.76,300,2021-07-08 15:45:00,ROLL
195.16,195.16,194.77,194.77,400,2021-07-08 15:50:00,ROLL
195.27,195.27,195.27,195.27,100,2021-07-08 16:05:00,ROLL
195.97,195.97,195.97,195.97,100,2021-07-08 16:10:00,ROLL
195.72,195.72,195.72,195.72,100,2021-07-08 16:15:00,ROLL
196.06,196.06,196.06,196.06,100,2021-07-08 16:35:00,ROLL
196.35,196.35,196.35,196.35,100,2021-07-08 16:45:00,ROLL
196.36,196.36,196.36,196.36,100,2021-07-08 17:00:00,ROLL
196.17,196.17,196.17,196.17,100,2021-07-08 17:15:00,ROLL
195.92,196.0,195.7,195.71,727,2021-07-08 17:20:00,ROLL
195.99,195.99,195.98,195.98,200,2021-07-08 17:25:00,ROLL
196.0529,196.1183,195.7136,196.1183,579,2021-07-08 17:30:00,ROLL
194.92,194.92,194.795,194.795,300,2021-07-08 17:55:00,ROLL
194.9652,194.9652,194.9652,194.9652,162,2021-07-08 18:00:00,ROLL
194.75,194.75,194.75,194.75,200,2021-07-08 18:05:00,ROLL
194.57,194.57,194.57,194.57,100,2021-07-08 18:15:00,ROLL
194.55,194.57,194.55,194.57,200,2021-07-08 18:20:00,ROLL
194.04,194.04,194.04,194.04,100,2021-07-08 18:25:00,ROLL
193.83,193.83,193.83,193.83,200,2021-07-08 18:30:00,ROLL
193.88,193.89,193.67,193.67,575,2021-07-08 18:35:00,ROLL
194.01,194.01,193.66,193.66,200,2021-07-08 18:40:00,ROLL
193.31,193.53,193.31,193.53,200,2021-07-08 18:50:00,ROLL
193.64,193.64,193.64,193.64,100,2021-07-08 18:55:00,ROLL
193.82,193.82,193.76,193.76,400,2021-07-08 19:05:00,ROLL
193.89,193.89,193.35,193.35,436,2021-07-08 19:10:00,ROLL
192.83,193.155,192.81,193.14,544,2021-07-08 19:15:00,ROLL
193.35,193.35,193.35,193.35,100,2021-07-08 19:20:00,ROLL
193.81,193.81,193.81,193.81,100,2021-07-08 19:25:00,ROLL
194.0,194.15,194.0,194.15,200,2021-07-08 19:30:00,ROLL
194.07,194.07,194.07,194.07,100,2021-07-08 19:35:00,ROLL
193.96,193.96,193.96,193.96,100,2021-07-08 19:40:00,ROLL
193.45,193.51,193.24,193.24,600,2021-07-08 19:45:00,ROLL
193.19,193.86,193.19,193.69,504,2021-07-08 19:50:00,ROLL
193.59,194.14,193.59,193.97,1114,2021-07-08 19:55:00,ROLL
193.74,193.74,193.74,193.74,9379,2021-07-08 20:00:00,ROLL
195.94,195.94,195.94,195.94,347,2021-07-09 13:30:00,ROLL
197.64,197.64,197.25,197.25,500,2021-07-09 14:00:00,ROLL
198.545,198.545,198.545,198.545,100,2021-07-09 14:10:00,ROLL
198.57,198.57,198.22,198.22,474,2021-07-09 14:25:00,ROLL
198.26,198.26,198.25,198.25,200,2021-07-09 14:35:00,ROLL
197.14,197.47,196.27,196.27,400,2021-07-09 15:00:00,ROLL
197.32,197.32,197.32,197.32,100,2021-07-09 15:05:00,ROLL
197.38,197.38,197.38,197.38,110,2021-07-09 15:15:00,ROLL
197.3,197.31,197.25,197.25,600,2021-07-09 15:20:00,ROLL
197.7606,197.7606,197.7606,197.7606,258,2021-07-09 15:30:00,ROLL
197.72,197.72,197.71,197.71,227,2021-07-09 16:00:00,ROLL
197.76,197.76,197.76,197.76,100,2021-07-09 16:20:00,ROLL
197.78,197.78,197.78,197.78,100,2021-07-09 16:25:00,ROLL
197.27,197.27,197.25,197.25,200,2021-07-09 16:35:00,ROLL
197.68,197.68,197.68,197.68,100,2021-07-09 16:40:00,ROLL
198.26,198.26,198.26,198.26,100,2021-07-09 17:05:00,ROLL
198.3,198.39,198.16,198.39,300,2021-07-09 17:10:00,ROLL
198.21,198.21,198.21,198.21,100,2021-07-09 17:15:00,ROLL
198.08,198.08,198.08,198.08,100,2021-07-09 17:40:00,ROLL
198.525,198.525,198.525,198.525,100,2021-07-09 18:00:00,ROLL
198.73,198.73,198.66,198.66,200,2021-07-09 18:10:00,ROLL
198.67,198.67,198.67,198.67,100,2021-07-09 18:15:00,ROLL
198.76,198.76,198.74,198.74,600,2021-07-09 18:20:00,ROLL
198.31,198.31,198.31,198.31,100,2021-07-09 18:40:00,ROLL
198.6075,198.6075,198.6075,198.6075,100,2021-07-09 18:45:00,ROLL
198.49,198.49,198.49,198.49,100,2021-07-09 18:50:00,ROLL
198.34,198.43,198.14,198.14,400,2021-07-09 18:55:00,ROLL
198.37,198.37,198.37,198.37,100,2021-07-09 19:00:00,ROLL
197.92,197.92,197.92,197.92,100,2021-07-09 19:05:00,ROLL
198.029,198.029,198.029,198.029,105,2021-07-09 19:10:00,ROLL
197.6,197.6,197.335,197.335,200,2021-07-09 19:25:00,ROLL
197.75,197.75,197.75,197.75,100,2021-07-09 19:30:00,ROLL
197.525,197.525,197.525,197.525,100,2021-07-09 19:35:00,ROLL
197.24,197.41,197.24,197.41,200,2021-07-09 19:40:00,ROLL
197.47,197.47,197.47,197.47,100,2021-07-09 19:45:00,ROLL
198.02,198.02,197.99,197.99,700,2021-07-09 19:50:00,ROLL
197.75,197.75,197.7,197.7,200,2021-07-09 19:55:00,ROLL
198.24,198.24,198.24,198.24,7148,2021-07-09 20:00:00,ROLL
196.99,196.99,196.99,196.99,439,2021-07-12 13:30:00,ROLL
196.49,196.49,196.49,196.49,100,2021-07-12 13:35:00,ROLL
195.275,196.45,195.06,196.43,500,2021-07-12 13:40:00,ROLL
196.57,196.66,195.99,196.19,400,2021-07-12 13:45:00,ROLL
195.66,195.66,195.66,195.66,100,2021-07-12 14:20:00,ROLL
196.2,196.21,196.16,196.21,300,2021-07-12 14:30:00,ROLL
196.85,196.85,196.67,196.67,400,2021-07-12 14:35:00,ROLL
196.51,196.51,196.51,196.51,113,2021-07-12 14:40:00,ROLL
196.67,196.67,196.67,196.67,100,2021-07-12 14:45:00,ROLL
195.93,195.93,195.89,195.92,505,2021-07-12 14:50:00,ROLL
195.31,195.31,195.31,195.31,200,2021-07-12 15:15:00,ROLL
195.21,195.81,195.21,195.81,500,2021-07-12 15:20:00,ROLL
196.03,196.03,196.03,196.03,118,2021-07-12 15:40:00,ROLL
196.1,196.1,196.1,196.1,106,2021-07-12 15:45:00,ROLL
196.35,196.35,196.34,196.34,200,2021-07-12 16:05:00,ROLL
196.37,196.37,196.37,196.37,100,2021-07-12 16:15:00,ROLL
196.41,196.41,196.41,196.41,100,2021-07-12 16:20:00,ROLL
196.08,196.08,196.08,196.08,100,2021-07-12 16:30:00,ROLL
196.39,196.39,196.39,196.39,137,2021-07-12 16:40:00,ROLL
196.29,196.29,196.29,196.29,100,2021-07-12 16:45:00,ROLL
196.27,196.27,196.27,196.27,100,2021-07-12 16:50:00,ROLL
196.23,196.23,196.23,196.23,100,2021-07-12 16:55:00,ROLL
196.15,196.15,196.15,196.15,100,2021-07-12 17:15:00,ROLL
196.215,196.215,196.215,196.215,200,2021-07-12 17:20:00,ROLL
196.73,196.75,196.73,196.75,249,2021-07-12 17:30:00,ROLL
197.5,197.5,197.5,197.5,121,2021-07-12 17:40:00,ROLL
197.76,197.96,197.76,197.96,200,2021-07-12 17:50:00,ROLL
197.93,197.93,197.76,197.76,900,2021-07-12 18:00:00,ROLL
197.63,197.63,197.63,197.63,300,2021-07-12 18:10:00,ROLL
197.7,198.0,197.47,198.0,710,2021-07-12 18:15:00,ROLL
198.49,198.49,198.49,198.49,100,2021-07-12 18:20:00,ROLL
198.85,199.08,198.85,199.08,300,2021-07-12 18:25:00,ROLL
199.22,199.23,198.99,199.23,500,2021-07-12 18:30:00,ROLL
199.44,199.44,199.36,199.38,300,2021-07-12 18:40:00,ROLL
199.23,199.23,198.21,198.56,922,2021-07-12 18:45:00,ROLL
198.14,198.185,198.1,198.1,300,2021-07-12 18:55:00,ROLL
198.14,198.14,198.095,198.095,200,2021-07-12 19:00:00,ROLL
198.1,198.7,198.1,198.135,908,2021-07-12 19:05:00,ROLL
198.78,198.78,198.295,198.36,1361,2021-07-12 19:10:00,ROLL
198.41,198.5,198.35,198.35,800,2021-07-12 19:15:00,ROLL
198.33,198.4,198.3,198.4,600,2021-07-12 19:20:00,ROLL
198.81,198.99,198.78,198.99,500,2021-07-12 19:25:00,ROLL
198.83,199.2,198.83,199.2,500,2021-07-12 19:30:00,ROLL
199.13,199.39,199.11,199.11,1000,2021-07-12 19:35:00,ROLL
198.9,198.9,198.61,198.81,934,2021-07-12 19:40:00,ROLL
199.1,199.33,199.09,199.33,895,2021-07-12 19:45:00,ROLL
199.63,199.69,198.91,199.375,2800,2021-07-12 19:50:00,ROLL
199.31,199.32,199.02,199.14,2752,2021-07-12 19:55:00,ROLL
199.51,199.51,199.51,199.51,14009,2021-07-12 20:00:00,ROLL
199.51,199.51,199.51,199.51,573,2021-07-12 20:50:00,ROLL
197.7,197.7,197.64,197.64,356,2021-07-13 13:30:00,ROLL
197.01,197.01,196.96,196.96,300,2021-07-13 13:50:00,ROLL
196.43,196.43,196.43,196.43,100,2021-07-13 13:55:00,ROLL
196.65,196.92,196.65,196.92,600,2021-07-13 14:00:00,ROLL
196.93,197.4,196.93,197.4,200,2021-07-13 14:05:00,ROLL
196.73,196.73,196.73,196.73,100,2021-07-13 14:45:00,ROLL
196.23,196.23,196.23,196.23,100,2021-07-13 14:50:00,ROLL
196.11,196.11,196.11,196.11,100,2021-07-13 14:55:00,ROLL
195.62,195.71,195.62,195.71,332,2021-07-13 16:25:00,ROLL
195.535,195.535,195.535,195.535,100,2021-07-13 16:30:00,ROLL
195.57,195.59,195.57,195.59,438,2021-07-13 16:35:00,ROLL
195.46,195.46,195.15,195.16,300,2021-07-13 16:45:00,ROLL
195.15,195.15,195.15,195.15,100,2021-07-13 16:50:00,ROLL
195.59,195.59,195.59,195.59,100,2021-07-13 16:55:00,ROLL
195.29,195.29,195.29,195.29,100,2021-07-13 17:00:00,ROLL
195.07,195.07,195.07,195.07,100,2021-07-13 17:05:00,ROLL
195.06,195.06,195.06,195.06,100,2021-07-13 17:10:00,ROLL
194.67,194.67,194.41,194.49,500,2021-07-13 17:15:00,ROLL
194.74,194.85,194.74,194.85,200,2021-07-13 17:20:00,ROLL
194.67,194.67,194.62,194.63,300,2021-07-13 17:25:00,ROLL
194.91,195.005,194.91,195.005,200,2021-07-13 17:30:00,ROLL
194.86,194.96,194.86,194.96,300,2021-07-13 17:35:00,ROLL
195.17,195.17,195.17,195.17,100,2021-07-13 17:40:00,ROLL
194.97,195.06,194.91,194.91,359,2021-07-13 17:45:00,ROLL
195.76,195.76,195.76,195.76,100,2021-07-13 17:50:00,ROLL
195.12,195.12,195.12,195.12,100,2021-07-13 17:55:00,ROLL
195.18,195.18,195.18,195.18,100,2021-07-13 18:00:00,ROLL
194.93,195.16,194.93,195.16,300,2021-07-13 18:05:00,ROLL
195.2,195.2,195.2,195.2,100,2021-07-13 18:10:00,ROLL
196.25,196.25,196.25,196.25,100,2021-07-13 18:15:00,ROLL
196.0,196.0,195.685,195.685,500,2021-07-13 18:25:00,ROLL
195.41,195.41,195.15,195.15,600,2021-07-13 18:40:00,ROLL
195.18,195.61,195.18,195.61,400,2021-07-13 18:45:00,ROLL
195.12,195.12,195.12,195.12,100,2021-07-13 18:50:00,ROLL
194.92,194.92,194.92,194.92,100,2021-07-13 18:55:00,ROLL
195.37,196.2,195.37,196.2,445,2021-07-13 19:00:00,ROLL
195.64,195.64,194.89,195.18,500,2021-07-13 19:10:00,ROLL
194.93,195.19,194.93,195.19,400,2021-07-13 19:15:00,ROLL
194.69,195.06,194.69,195.06,400,2021-07-13 19:25:00,ROLL
194.73,195.04,194.73,195.04,200,2021-07-13 19:30:00,ROLL
195.33,195.33,195.22,195.22,200,2021-07-13 19:35:00,ROLL
195.7,195.7,195.7,195.7,100,2021-07-13 19:40:00,ROLL
195.58,195.58,195.05,195.06,600,2021-07-13 19:45:00,ROLL
195.235,195.235,194.44,194.47,1002,2021-07-13 19:50:00,ROLL
194.87,195.27,194.435,194.51,2300,2021-07-13 19:55:00,ROLL
194.7,194.7,194.7,194.7,7895,2021-07-13 20:00:00,ROLL
194.7,194.7,194.7,194.7,2133,2021-07-13 20:55:00,ROLL
195.4,195.85,194.09,195.85,579,2021-07-14 13:30:00,ROLL
196.62,196.62,196.62,196.62,100,2021-07-14 13:40:00,ROLL
196.73,196.73,195.98,196.47,400,2021-07-14 13:45:00,ROLL
195.97,196.7,195.97,196.29,510,2021-07-14 13:50:00,ROLL
196.02,196.02,195.49,195.49,300,2021-07-14 13:55:00,ROLL
194.85,194.95,194.71,194.95,300,2021-07-14 14:00:00,ROLL
195.15,195.15,195.09,195.1,400,2021-07-14 14:10:00,ROLL
195.82,195.82,195.82,195.82,100,2021-07-14 14:15:00,ROLL
194.785,194.785,194.785,194.785,195,2021-07-14 14:25:00,ROLL
194.44,194.44,194.29,194.42,300,2021-07-14 14:30:00,ROLL
194.2309,194.4305,194.2309,194.4305,251,2021-07-14 14:35:00,ROLL
193.83,193.83,193.83,193.83,100,2021-07-14 14:45:00,ROLL
194.15,194.15,194.15,194.15,100,2021-07-14 14:55:00,ROLL
193.82,193.82,193.82,193.82,100,2021-07-14 15:00:00,ROLL
193.325,193.325,193.0,193.0,301,2021-07-14 15:25:00,ROLL
193.0,193.0,192.78,192.78,300,2021-07-14 15:30:00,ROLL
192.85,192.85,192.85,192.85,100,2021-07-14 15:35:00,ROLL
192.97,192.97,192.77,192.77,400,2021-07-14 15:55:00,ROLL
192.77,192.77,192.77,192.77,200,2021-07-14 16:00:00,ROLL
193.01,193.01,193.01,193.01,100,2021-07-14 16:05:00,ROLL
193.23,193.23,193.23,193.23,100,2021-07-14 16:10:00,ROLL
192.84,193.03,192.67,193.03,472,2021-07-14 16:15:00,ROLL
193.89,194.28,193.89,194.28,41030,2021-07-14 16:35:00,ROLL
194.645,194.945,194.645,194.945,200,2021-07-14 16:40:00,ROLL
195.0,195.34,194.78,194.78,500,2021-07-14 16:45:00,ROLL
195.43,195.43,195.43,195.43,100,2021-07-14 16:50:00,ROLL
195.76,195.9059,195.73,195.73,569,2021-07-14 16:55:00,ROLL
195.3759,195.3759,195.14,195.14,361,2021-07-14 17:10:00,ROLL
195.33,195.33,195.33,195.33,100,2021-07-14 17:15:00,ROLL
195.37,195.58,195.37,195.58,400,2021-07-14 18:05:00,ROLL
195.5625,195.75,195.5625,195.75,300,2021-07-14 18:20:00,ROLL
195.75,195.75,195.55,195.55,352,2021-07-14 18:30:00,ROLL
195.75,195.75,195.38,195.38,300,2021-07-14 18:40:00,ROLL
195.95,195.95,195.95,195.95,100,2021-07-14 19:05:00,ROLL
195.89,195.89,195.735,195.735,1699,2021-07-14 19:10:00,ROLL
195.58,195.58,195.58,195.58,200,2021-07-14 19:15:00,ROLL
195.46,195.84,195.46,195.84,300,2021-07-14 19:20:00,ROLL
195.775,195.775,195.405,195.405,600,2021-07-14 19:25:00,ROLL
195.38,195.38,195.0,195.0,400,2021-07-14 19:30:00,ROLL
195.37,195.59,195.37,195.59,400,2021-07-14 19:35:00,ROLL
195.56,195.7,195.42,195.58,934,2021-07-14 19:40:00,ROLL
195.825,195.825,195.825,195.825,200,2021-07-14 19:45:00,ROLL
195.46,195.495,195.37,195.42,1000,2021-07-14 19:50:00,ROLL
195.42,195.74,195.32,195.74,1406,2021-07-14 19:55:00,ROLL
195.5,195.5,195.5,195.5,9676,2021-07-14 20:00:00,ROLL
195.5,195.5,195.5,195.5,789,2021-07-14 21:25:00,ROLL
194.91,194.91,194.91,194.91,300,2021-07-15 13:30:00,ROLL
194.91,194.96,194.0,194.0,400,2021-07-15 13:50:00,ROLL
195.88,195.88,195.88,195.88,100,2021-07-15 14:15:00,ROLL
195.89,195.89,195.89,195.89,100,2021-07-15 14:30:00,ROLL
196.04,197.64,196.04,196.82,500,2021-07-15 14:35:00,ROLL
196.33,196.78,196.33,196.78,200,2021-07-15 14:40:00,ROLL
196.32,196.45,196.22,196.45,617,2021-07-15 15:20:00,ROLL
195.83,196.2,195.83,196.2,200,2021-07-15 15:25:00,ROLL
197.1,197.1,197.1,197.1,100,2021-07-15 16:00:00,ROLL
196.58,196.58,196.58,196.58,100,2021-07-15 16:05:00,ROLL
196.64,197.1,196.56,197.1,400,2021-07-15 16:10:00,ROLL
196.795,196.795,196.795,196.795,100,2021-07-15 16:15:00,ROLL
196.58,196.58,196.58,196.58,100,2021-07-15 16:40:00,ROLL
197.77,197.82,197.21,197.64,600,2021-07-15 16:50:00,ROLL
197.34,197.35,197.34,197.35,200,2021-07-15 17:00:00,ROLL
196.695,196.9,196.46,196.84,700,2021-07-15 17:10:00,ROLL
196.86,196.86,196.51,196.51,300,2021-07-15 17:15:00,ROLL
196.65,196.65,196.65,196.65,100,2021-07-15 17:20:00,ROLL
196.45,196.45,196.45,196.45,100,2021-07-15 17:25:00,ROLL
196.5,196.5,196.5,196.5,100,2021-07-15 17:30:00,ROLL
195.765,196.19,195.765,196.19,400,2021-07-15 17:40:00,ROLL
196.16,196.32,196.16,196.32,600,2021-07-15 17:45:00,ROLL
195.895,196.31,195.895,196.31,1133,2021-07-15 17:50:00,ROLL
195.58,196.23,195.58,196.21,622,2021-07-15 17:55:00,ROLL
196.2,196.2,195.9,195.9,254,2021-07-15 18:00:00,ROLL
195.75,195.77,195.7,195.73,756,2021-07-15 18:05:00,ROLL
196.3,196.44,196.3,196.44,300,2021-07-15 18:20:00,ROLL
196.42,196.42,196.29,196.29,200,2021-07-15 18:50:00,ROLL
196.2401,196.2401,196.2401,196.2401,163,2021-07-15 19:00:00,ROLL
196.2,196.2,196.155,196.155,300,2021-07-15 19:05:00,ROLL
195.95,196.21,195.92,196.18,1519,2021-07-15 19:10:00,ROLL
196.18,196.44,196.18,196.21,600,2021-07-15 19:15:00,ROLL
196.535,196.535,196.535,196.535,100,2021-07-15 19:25:00,ROLL
196.43,196.61,196.43,196.61,200,2021-07-15 19:35:00,ROLL
196.77,196.81,196.65,196.74,1800,2021-07-15 19:45:00,ROLL
196.78,197.13,196.78,197.13,300,2021-07-15 19:50:00,ROLL
197.25,197.4,196.85,197.17,1718,2021-07-15 19:55:00,ROLL
197.15,197.15,197.15,197.15,8011,2021-07-15 20:00:00,ROLL
198.86,198.86,198.86,198.86,1730,2021-07-16 13:30:00,ROLL
198.8,198.8,198.8,198.8,306,2021-07-16 13:40:00,ROLL
199.4,199.5,199.4,199.5,300,2021-07-16 13:55:00,ROLL
199.0145,199.0145,199.0145,199.0145,168,2021-07-16 14:05:00,ROLL
198.13,198.5,198.13,198.5,400,2021-07-16 14:10:00,ROLL
198.2,198.2,198.15,198.15,547,2021-07-16 14:15:00,ROLL
197.66,197.66,197.5,197.5,400,2021-07-16 14:25:00,ROLL
197.85,197.85,197.75,197.75,582,2021-07-16 14:30:00,ROLL
197.5,197.6975,197.5,197.645,2519,2021-07-16 14:35:00,ROLL
197.44,197.44,196.94,196.94,200,2021-07-16 14:40:00,ROLL
196.88,196.88,196.88,196.88,920,2021-07-16 14:45:00,ROLL
197.25,197.25,196.86,196.86,400,2021-07-16 15:00:00,ROLL
196.78,197.5413,196.78,197.5413,472,2021-07-16 15:05:00,ROLL
196.78,196.78,196.78,196.78,100,2021-07-16 15:10:00,ROLL
196.85,196.85,196.79,196.79,200,2021-07-16 15:20:00,ROLL
197.32,197.32,197.32,197.32,100,2021-07-16 15:35:00,ROLL
197.89,197.89,197.89,197.89,100,2021-07-16 15:40:00,ROLL
197.66,197.66,197.295,197.3,500,2021-07-16 15:45:00,ROLL
197.57,197.71,197.57,197.71,502,2021-07-16 15:55:00,ROLL
197.65,197.65,197.65,197.65,100,2021-07-16 16:25:00,ROLL
197.69,197.7,197.68,197.68,1442,2021-07-16 16:35:00,ROLL
197.5,197.5,197.5,197.5,300,2021-07-16 16:50:00,ROLL
197.98,197.98,197.73,197.73,200,2021-07-16 16:55:00,ROLL
197.5,197.74,197.5,197.74,1400,2021-07-16 17:00:00,ROLL
197.2,197.2,197.2,197.2,100,2021-07-16 17:15:00,ROLL
196.525,196.525,196.525,196.525,100,2021-07-16 17:35:00,ROLL
196.35,196.35,196.35,196.35,100,2021-07-16 17:40:00,ROLL
196.05,196.05,196.05,196.05,300,2021-07-16 18:00:00,ROLL
196.11,196.2,196.11,196.11,700,2021-07-16 18:10:00,ROLL
196.14,196.425,196.14,196.425,300,2021-07-16 18:15:00,ROLL
196.39,196.47,196.39,196.47,200,2021-07-16 18:20:00,ROLL
196.39,196.73,196.325,196.55,600,2021-07-16 18:25:00,ROLL
196.34,196.45,196.215,196.215,800,2021-07-16 18:30:00,ROLL
196.215,196.24,196.215,196.235,1400,2021-07-16 18:35:00,ROLL
196.09,196.09,196.09,196.09,100,2021-07-16 18:45:00,ROLL
195.71,196.2279,195.71,196.2279,222,2021-07-16 18:50:00,ROLL
195.96,196.02,195.96,195.98,600,2021-07-16 18:55:00,ROLL
195.84,196.01,195.84,195.99,500,2021-07-16 19:00:00,ROLL
195.79,195.83,195.66,195.72,500,2021-07-16 19:05:00,ROLL
195.27,195.75,195.27,195.72,655,2021-07-16 19:10:00,ROLL
195.69,195.69,195.69,195.69,137,2021-07-16 19:15:00,ROLL
196.05,196.05,196.03,196.03,1000,2021-07-16 19:25:00,ROLL
195.795,195.795,195.795,195.795,233,2021-07-16 19:30:00,ROLL
195.57,195.57,195.3,195.3,300,2021-07-16 19:35:00,ROLL
195.42,195.42,195.35,195.35,400,2021-07-16 19:40:00,ROLL
195.4,195.4,195.27,195.39,833,2021-07-16 19:45:00,ROLL
195.12,195.12,194.44,194.82,1200,2021-07-16 19:50:00,ROLL
194.72,195.18,194.58,195.18,2950,2021-07-16 19:55:00,ROLL
195.23,195.23,195.23,195.23,16866,2021-07-16 20:00:00,ROLL
192.65,192.65,192.65,192.65,2116,2021-07-19 13:30:00,ROLL
191.485,192.17,191.04,192.17,400,2021-07-19 13:40:00,ROLL
191.08,191.34,191.08,191.34,200,2021-07-19 13:45:00,ROLL
191.95,191.95,191.95,191.95,200,2021-07-19 13:50:00,ROLL
190.71,190.71,190.71,190.71,100,2021-07-19 14:00:00,ROLL
190.68,190.68,189.14,189.14,1100,2021-07-19 14:15:00,ROLL
190.13,190.87,189.86,190.87,700,2021-07-19 14:20:00,ROLL
190.4514,191.23,190.4514,191.23,670,2021-07-19 14:25:00,ROLL
190.6347,191.63,190.228,191.63,906,2021-07-19 14:30:00,ROLL
192.17,192.17,192.0,192.0,300,2021-07-19 14:35:00,ROLL
192.65,192.85,192.515,192.85,594,2021-07-19 14:40:00,ROLL
192.74,193.1,192.72,193.1,500,2021-07-19 14:45:00,ROLL
193.185,193.185,192.81,192.83,500,2021-07-19 14:50:00,ROLL
193.2,193.2,193.2,193.2,200,2021-07-19 14:55:00,ROLL
192.62,192.86,192.33,192.49,500,2021-07-19 15:00:00,ROLL
192.89,193.0,192.89,193.0,304,2021-07-19 15:05:00,ROLL
194.03,194.03,194.02,194.03,300,2021-07-19 15:40:00,ROLL
194.47,194.81,194.46,194.53,829,2021-07-19 15:50:00,ROLL
194.77,194.77,194.77,194.77,100,2021-07-19 15:55:00,ROLL
194.62,194.62,194.45,194.46,520,2021-07-19 16:00:00,ROLL
194.14,194.14,194.14,194.14,111,2021-07-19 16:10:00,ROLL
193.82,193.92,193.82,193.92,400,2021-07-19 16:20:00,ROLL
193.71,193.71,193.685,193.685,500,2021-07-19 16:25:00,ROLL
193.54,193.54,193.53,193.53,200,2021-07-19 17:00:00,ROLL
192.98,193.045,192.98,193.04,300,2021-07-19 17:10:00,ROLL
192.99,193.02,192.78,193.02,400,2021-07-19 17:20:00,ROLL
192.52,192.69,192.47,192.69,300,2021-07-19 17:25:00,ROLL
192.29,192.33,192.29,192.33,200,2021-07-19 17:30:00,ROLL
191.9,192.18,191.9,192.18,200,2021-07-19 17:40:00,ROLL
191.7,191.74,191.7,191.74,300,2021-07-19 17:45:00,ROLL
191.92,191.92,191.92,191.92,100,2021-07-19 17:55:00,ROLL
191.8,191.8,191.8,191.8,100,2021-07-19 18:00:00,ROLL
192.39,192.39,192.055,192.055,200,2021-07-19 18:05:00,ROLL
191.53,191.78,191.53,191.78,378,2021-07-19 18:10:00,ROLL
191.55,192.09,191.55,192.09,311,2021-07-19 18:15:00,ROLL
191.65,192.03,191.65,192.03,200,2021-07-19 18:25:00,ROLL
191.87,192.05,191.51,191.78,1300,2021-07-19 18:30:00,ROLL
191.58,191.58,191.58,191.58,100,2021-07-19 18:35:00,ROLL
191.37,191.71,191.37,191.71,700,2021-07-19 18:45:00,ROLL
191.43,191.83,191.115,191.115,1400,2021-07-19 18:50:00,ROLL
191.58,191.96,191.58,191.89,1200,2021-07-19 18:55:00,ROLL
191.86,191.95,191.86,191.95,500,2021-07-19 19:00:00,ROLL
191.965,191.965,191.965,191.965,100,2021-07-19 19:05:00,ROLL
191.6631,191.99,191.54,191.97,2500,2021-07-19 19:10:00,ROLL
191.88,191.96,191.38,191.66,700,2021-07-19 19:15:00,ROLL
191.435,191.435,191.435,191.435,100,2021-07-19 19:20:00,ROLL
191.82,192.41,191.82,192.41,500,2021-07-19 19:25:00,ROLL
192.89,192.89,192.89,192.89,100,2021-07-19 19:30:00,ROLL
192.6,192.89,192.37,192.87,700,2021-07-19 19:35:00,ROLL
192.83,192.83,192.49,192.49,500,2021-07-19 19:40:00,ROLL
192.77,192.79,192.47,192.79,423,2021-07-19 19:45:00,ROLL
192.46,193.165,192.46,193.15,1826,2021-07-19 19:50:00,ROLL
193.16,193.265,192.9375,193.255,9416,2021-07-19 19:55:00,ROLL
193.0,193.0,193.0,193.0,14344,2021-07-19 20:00:00,ROLL
193.37,193.37,193.37,193.37,327,2021-07-20 13:30:00,ROLL
192.085,193.925,192.085,193.925,200,2021-07-20 13:35:00,ROLL
195.67,195.69,195.67,195.69,200,2021-07-20 13:40:00,ROLL
195.72,195.72,195.67,195.67,200,2021-07-20 13:45:00,ROLL
196.15,196.15,196.15,196.15,100,2021-07-20 13:50:00,ROLL
197.045,197.045,197.045,197.045,121,2021-07-20 14:00:00,ROLL
197.76,197.76,197.46,197.46,200,2021-07-20 14:05:00,ROLL
196.87,198.895,196.87,198.895,200,2021-07-20 14:10:00,ROLL
198.47,198.47,198.44,198.44,200,2021-07-20 14:30:00,ROLL
199.02,199.08,199.02,199.08,200,2021-07-20 14:35:00,ROLL
199.91,200.05,199.91,200.05,200,2021-07-20 14:45:00,ROLL
200.28,200.28,200.28,200.28,100,2021-07-20 14:50:00,ROLL
200.44,200.49,200.14,200.49,665,2021-07-20 14:55:00,ROLL
200.61,200.86,200.61,200.86,200,2021-07-20 15:05:00,ROLL
200.315,200.34,199.75,199.75,400,2021-07-20 15:10:00,ROLL
199.74,199.74,199.74,199.74,100,2021-07-20 15:15:00,ROLL
200.15,200.155,200.15,200.155,200,2021-07-20 15:20:00,ROLL
200.05,200.05,199.63,199.63,300,2021-07-20 15:25:00,ROLL
199.79,199.79,199.79,199.79,100,2021-07-20 15:30:00,ROLL
199.4,199.4,199.4,199.4,100,2021-07-20 15:35:00,ROLL
200.03,200.03,200.03,200.03,100,2021-07-20 15:45:00,ROLL
200.185,200.185,200.185,200.185,100,2021-07-20 15:50:00,ROLL
200.578,200.578,200.495,200.495,200,2021-07-20 15:55:00,ROLL
200.41,200.55,200.235,200.235,1000,2021-07-20 16:05:00,ROLL
200.45,200.84,200.45,200.84,500,2021-07-20 16:10:00,ROLL
200.54,200.66,200.54,200.66,300,2021-07-20 16:20:00,ROLL
200.38,200.43,200.38,200.43,200,2021-07-20 16:25:00,ROLL
200.78,200.91,200.78,200.86,600,2021-07-20 16:35:00,ROLL
200.74,200.98,200.74,200.75,300,2021-07-20 16:40:00,ROLL
200.81,201.115,200.81,201.115,200,2021-07-20 16:45:00,ROLL
201.25,201.495,201.25,201.27,300,2021-07-20 16:50:00,ROLL
201.18,201.22,201.0,201.22,400,2021-07-20 16:55:00,ROLL
200.94,200.94,200.83,200.83,200,2021-07-20 17:00:00,ROLL
200.48,200.48,200.48,200.48,100,2021-07-20 17:05:00,ROLL
200.58,200.58,200.58,200.58,101,2021-07-20 17:10:00,ROLL
200.46,200.475,200.46,200.475,200,2021-07-20 17:15:00,ROLL
200.65,200.65,200.4,200.4,400,2021-07-20 17:20:00,ROLL
200.63,200.63,200.385,200.385,200,2021-07-20 17:25:00,ROLL
200.91,201.22,200.91,201.22,300,2021-07-20 17:30:00,ROLL
201.34,201.34,201.23,201.26,498,2021-07-20 17:35:00,ROLL
201.61,201.64,201.33,201.33,1200,2021-07-20 17:40:00,ROLL
201.21,201.21,200.98,200.98,500,2021-07-20 17:45:00,ROLL
200.95,200.98,200.73,200.73,624,2021-07-20 17:50:00,ROLL
201.28,201.65,201.28,201.44,900,2021-07-20 17:55:00,ROLL
201.94,202.175,201.8,202.175,1687,2021-07-20 18:00:00,ROLL
202.185,202.34,202.185,202.34,366,2021-07-20 18:05:00,ROLL
201.99,202.41,201.99,202.21,600,2021-07-20 18:10:00,ROLL
202.49,203.03,202.49,202.81,2121,2021-07-20 18:15:00,ROLL
202.56,202.56,202.56,202.56,100,2021-07-20 18:20:00,ROLL
202.97,203.01,202.6329,202.77,1145,2021-07-20 18:25:00,ROLL
203.31,203.31,203.31,203.31,100,2021-07-20 18:30:00,ROLL
203.37,203.67,203.37,203.48,1965,2021-07-20 18:35:00,ROLL
203.27,203.27,203.04,203.04,200,2021-07-20 18:40:00,ROLL
202.72,202.72,202.72,202.72,100,2021-07-20 18:45:00,ROLL
202.65,202.65,202.65,202.65,100,2021-07-20 18:50:00,ROLL
202.54,202.66,202.46,202.6,500,2021-07-20 18:55:00,ROLL
202.25,202.82,202.25,202.77,1275,2021-07-20 19:00:00,ROLL
202.7,203.17,202.7,203.015,33300,2021-07-20 19:05:00,ROLL
203.06,203.095,202.81,202.81,500,2021-07-20 19:10:00,ROLL
203.08,203.6,202.91,203.065,2500,2021-07-20 19:15:00,ROLL
203.085,203.2732,202.84,203.14,921,2021-07-20 19:20:00,ROLL
202.95,203.07,202.95,203.02,300,2021-07-20 19:25:00,ROLL
203.02,203.13,202.59,202.69,2174,2021-07-20 19:30:00,ROLL
202.945,202.945,202.945,202.945,200,2021-07-20 19:35:00,ROLL
203.175,203.175,202.95,202.95,800,2021-07-20 19:40:00,ROLL
202.82,202.985,202.53,202.53,2766,2021-07-20 19:45:00,ROLL
202.43,202.53,201.45,201.97,2900,2021-07-20 19:50:00,ROLL
202.12,202.35,201.49,202.35,5016,2021-07-20 19:55:00,ROLL
202.4,202.4,202.11,202.11,44603,2021-07-20 20:00:00,ROLL
203.0,203.0,200.88,200.88,550,2021-07-21 13:30:00,ROLL
201.6,203.94,201.6,203.94,200,2021-07-21 13:35:00,ROLL
203.96,203.96,203.96,203.96,100,2021-07-21 13:40:00,ROLL
205.85,205.85,205.3251,205.3251,200,2021-07-21 13:45:00,ROLL
205.275,205.275,205.275,205.275,100,2021-07-21 13:55:00,ROLL
205.69,205.69,205.69,205.69,100,2021-07-21 14:15:00,ROLL
205.165,205.165,205.165,205.165,100,2021-07-21 14:20:00,ROLL
204.61,204.61,204.61,204.61,100,2021-07-21 14:25:00,ROLL
203.745,203.745,203.745,203.745,200,2021-07-21 14:35:00,ROLL
203.74,203.74,203.74,203.74,200,2021-07-21 14:40:00,ROLL
203.825,203.825,203.825,203.825,100,2021-07-21 14:50:00,ROLL
204.3333,204.3333,203.31,203.86,536,2021-07-21 14:55:00,ROLL
203.82,203.82,203.82,203.82,100,2021-07-21 15:00:00,ROLL
203.83,204.4757,203.83,204.4757,426,2021-07-21 15:15:00,ROLL
204.0,204.0,204.0,204.0,100,2021-07-21 15:35:00,ROLL
204.005,204.43,204.005,204.11,500,2021-07-21 15:40:00,ROLL
203.69,203.69,203.69,203.69,393,2021-07-21 15:45:00,ROLL
204.245,204.245,204.245,204.245,110,2021-07-21 15:50:00,ROLL
203.71,203.715,203.45,203.45,300,2021-07-21 16:10:00,ROLL
203.82,203.82,203.82,203.82,100,2021-07-21 16:15:00,ROLL
203.72,204.11,203.72,204.11,700,2021-07-21 16:20:00,ROLL
203.94,203.94,203.94,203.94,100,2021-07-21 16:25:00,ROLL
203.64,203.64,203.64,203.64,106,2021-07-21 16:45:00,ROLL
203.79,203.83,203.79,203.83,400,2021-07-21 16:50:00,ROLL
203.87,203.87,203.87,203.87,100,2021-07-21 17:05:00,ROLL
203.75,203.75,203.34,203.39,300,2021-07-21 17:10:00,ROLL
203.17,203.17,203.17,203.17,100,2021-07-21 17:15:00,ROLL
202.775,202.775,202.775,202.775,400,2021-07-21 17:20:00,ROLL
202.79,202.79,202.45,202.45,200,2021-07-21 17:25:00,ROLL
202.53,202.53,202.53,202.53,100,2021-07-21 17:35:00,ROLL
202.7801,202.7801,202.7801,202.7801,100,2021-07-21 17:40:00,ROLL
202.965,203.195,202.965,203.195,567,2021-07-21 17:50:00,ROLL
203.03,203.06,203.03,203.06,221,2021-07-21 18:05:00,ROLL
202.945,203.18,202.945,203.18,230,2021-07-21 18:10:00,ROLL
202.95,203.19,202.71,203.19,1100,2021-07-21 18:15:00,ROLL
202.9,202.9,202.9,202.9,100,2021-07-21 18:20:00,ROLL
203.19,203.19,203.19,203.19,100,2021-07-21 18:25:00,ROLL
203.3,203.3,203.3,203.3,100,2021-07-21 18:30:00,ROLL
203.22,203.22,202.98,202.98,300,2021-07-21 18:35:00,ROLL
203.25,203.25,203.25,203.25,100,2021-07-21 18:55:00,ROLL
203.26,203.3,203.01,203.01,300,2021-07-21 19:25:00,ROLL
203.0,203.27,203.0,203.27,265,2021-07-21 19:30:00,ROLL
203.19,203.19,202.98,202.98,300,2021-07-21 19:35:00,ROLL
203.31,203.33,203.22,203.22,500,2021-07-21 19:45:00,ROLL
202.88,203.305,202.68,203.305,4592,2021-07-21 19:50:00,ROLL
203.05,203.72,202.77,203.72,1681,2021-07-21 19:55:00,ROLL
203.37,203.37,203.37,203.37,15485,2021-07-21 20:00:00,ROLL
203.37,203.37,203.37,203.37,9206,2021-07-21 20:55:00,ROLL
203.74,203.74,203.5,203.5,729,2021-07-22 13:30:00,ROLL
203.48,203.48,203.48,203.48,100,2021-07-22 13:35:00,ROLL
200.01,201.21,198.77,198.77,3634,2021-07-22 14:00:00,ROLL
200.1,201.5,200.1,201.5,2334,2021-07-22 14:05:00,ROLL
202.6,202.6,202.6,202.6,110,2021-07-22 14:10:00,ROLL
201.99,202.13,201.555,201.555,400,2021-07-22 14:20:00,ROLL
201.62,201.66,201.62,201.66,200,2021-07-22 14:25:00,ROLL
201.815,201.815,201.81,201.81,200,2021-07-22 14:30:00,ROLL
202.66,202.66,202.6,202.6,400,2021-07-22 14:35:00,ROLL
203.06,203.06,203.06,203.06,100,2021-07-22 14:40:00,ROLL
202.91,202.91,202.91,202.91,100,2021-07-22 14:45:00,ROLL
202.95,203.0,202.95,203.0,200,2021-07-22 14:50:00,ROLL
202.52,202.74,202.52,202.74,300,2021-07-22 15:15:00,ROLL
202.56,202.81,202.56,202.81,200,2021-07-22 15:20:00,ROLL
202.775,202.775,202.775,202.775,100,2021-07-22 15:30:00,ROLL
202.36,202.36,202.36,202.36,100,2021-07-22 15:35:00,ROLL
202.37,202.37,202.055,202.055,400,2021-07-22 15:40:00,ROLL
202.26,202.99,202.26,202.99,512,2021-07-22 15:45:00,ROLL
202.55,202.55,202.55,202.55,100,2021-07-22 15:50:00,ROLL
202.4,202.89,202.4,202.8,3625,2021-07-22 15:55:00,ROLL
202.8,202.8,202.8,202.8,109,2021-07-22 16:05:00,ROLL
202.49,202.51,202.39,202.39,300,2021-07-22 16:25:00,ROLL
202.25,202.25,202.25,202.25,100,2021-07-22 16:35:00,ROLL
202.47,202.47,202.47,202.47,158,2021-07-22 16:55:00,ROLL
201.805,201.805,201.805,201.805,100,2021-07-22 17:50:00,ROLL
202.27,202.27,202.27,202.27,100,2021-07-22 18:05:00,ROLL
202.62,202.62,202.08,202.08,532,2021-07-22 18:50:00,ROLL
202.62,202.81,202.62,202.7,400,2021-07-22 18:55:00,ROLL
203.43,203.43,203.43,203.43,100,2021-07-22 19:00:00,ROLL
203.15,203.15,203.15,203.15,200,2021-07-22 19:05:00,ROLL
202.64,202.64,202.64,202.64,100,2021-07-22 19:10:00,ROLL
202.38,202.38,202.36,202.36,223,2021-07-22 19:25:00,ROLL
202.11,202.45,202.11,202.195,400,2021-07-22 19:30:00,ROLL
201.845,201.845,201.45,201.735,558,2021-07-22 19:40:00,ROLL
201.68,201.94,201.5,201.94,419,2021-07-22 19:45:00,ROLL
201.725,202.28,201.72,202.065,800,2021-07-22 19:50:00,ROLL
202.18,202.35,201.9125,202.28,2400,2021-07-22 19:55:00,ROLL
202.5,202.5,202.5,202.5,6714,2021-07-22 20:00:00,ROLL
202.5,202.5,202.5,202.5,1701,2021-07-22 21:20:00,ROLL
203.96,204.74,203.87,204.74,1148,2021-07-23 13:30:00,ROLL
204.7,204.86,203.97,204.86,500,2021-07-23 13:35:00,ROLL
204.5,204.5,203.74,203.74,332,2021-07-23 13:40:00,ROLL
203.87,203.87,203.87,203.87,100,2021-07-23 13:50:00,ROLL
202.58,202.58,202.58,202.58,100,2021-07-23 14:00:00,ROLL
203.8,203.8,203.1,203.1,393,2021-07-23 14:10:00,ROLL
203.17,203.17,203.17,203.17,100,2021-07-23 14:20:00,ROLL
203.48,204.04,203.48,203.99,815,2021-07-23 14:25:00,ROLL
203.7112,203.7112,203.7112,203.7112,110,2021-07-23 14:30:00,ROLL
204.27,204.51,204.27,204.37,600,2021-07-23 14:45:00,ROLL
204.47,204.5836,204.33,204.5836,546,2021-07-23 14:50:00,ROLL
204.95,205.19,204.79,204.815,1000,2021-07-23 15:00:00,ROLL
205.1,205.1,204.76,204.76,300,2021-07-23 15:05:00,ROLL
204.59,204.65,204.55,204.65,496,2021-07-23 15:10:00,ROLL
204.235,204.235,204.235,204.235,100,2021-07-23 15:35:00,ROLL
204.62,204.62,204.62,204.62,281,2021-07-23 15:40:00,ROLL
203.815,203.815,203.815,203.815,180,2021-07-23 15:55:00,ROLL
203.65,203.65,203.65,203.65,100,2021-07-23 16:00:00,ROLL
203.28,203.28,203.28,203.28,100,2021-07-23 16:25:00,ROLL
203.53,203.53,203.53,203.53,100,2021-07-23 16:30:00,ROLL
203.865,203.865,203.865,203.865,100,2021-07-23 16:40:00,ROLL
203.34,203.34,203.34,203.34,100,2021-07-23 16:45:00,ROLL
203.97,203.97,203.97,203.97,100,2021-07-23 16:50:00,ROLL
203.77,204.005,203.77,204.005,200,2021-07-23 17:15:00,ROLL
204.475,204.52,204.475,204.52,222,2021-07-23 17:25:00,ROLL
204.5825,204.76,204.5825,204.705,980,2021-07-23 17:30:00,ROLL
204.665,204.885,204.665,204.76,404,2021-07-23 17:45:00,ROLL
204.805,204.805,204.805,204.805,100,2021-07-23 17:50:00,ROLL
204.62,204.62,204.62,204.62,343,2021-07-23 17:55:00,ROLL
204.68,204.7,204.68,204.695,2570,2021-07-23 18:00:00,ROLL
204.705,204.87,204.705,204.87,14940,2021-07-23 18:05:00,ROLL
205.08,205.08,205.08,205.08,100,2021-07-23 18:10:00,ROLL
205.2125,205.2125,205.2125,205.2125,127,2021-07-23 18:15:00,ROLL
205.09,205.09,205.09,205.09,100,2021-07-23 18:25:00,ROLL
204.96,205.28,204.96,205.28,800,2021-07-23 18:30:00,ROLL
205.15,205.15,205.15,205.15,200,2021-07-23 18:35:00,ROLL
205.495,205.495,205.495,205.495,100,2021-07-23 18:55:00,ROLL
205.52,205.52,205.52,205.52,137,2021-07-23 19:05:00,ROLL
205.63,205.63,205.63,205.63,100,2021-07-23 19:15:00,ROLL
205.605,205.605,205.605,205.605,100,2021-07-23 19:20:00,ROLL
205.68,205.68,205.67,205.67,300,2021-07-23 19:25:00,ROLL
205.75,205.75,205.75,205.75,100,2021-07-23 19:30:00,ROLL
206.0,206.0,206.0,206.0,198,2021-07-23 19:35:00,ROLL
205.8,205.8,205.8,205.8,100,2021-07-23 19:40:00,ROLL
206.03,206.455,205.84,205.84,800,2021-07-23 19:45:00,ROLL
205.9,206.16,205.81,205.81,300,2021-07-23 19:50:00,ROLL
205.92,206.45,205.81,206.45,1900,2021-07-23 19:55:00,ROLL
206.51,206.51,206.51,206.51,9551,2021-07-23 20:00:00,ROLL
216.23,216.23,216.23,216.23,100,2021-07-26 13:20:00,ROLL
229.22,245.09,229.22,239.46,3250,2021-07-26 13:30:00,ROLL
236.23,236.23,232.345,232.345,9400,2021-07-26 13:35:00,ROLL
231.755,231.755,229.1,230.0,10500,2021-07-26 13:40:00,ROLL
230.54,231.98,230.29,231.145,10300,2021-07-26 13:45:00,ROLL
231.145,233.47,231.145,233.06,2260,2021-07-26 13:50:00,ROLL
233.848,234.0,232.71,233.98,9200,2021-07-26 13:55:00,ROLL
233.65,235.115,233.65,235.115,1244,2021-07-26 14:00:00,ROLL
234.96,235.94,234.96,235.94,2420,2021-07-26 14:05:00,ROLL
236.085,236.7,235.0,235.36,1800,2021-07-26 14:10:00,ROLL
234.94,235.45,234.58,235.12,41200,2021-07-26 14:15:00,ROLL
235.0,237.885,235.0,237.885,4884,2021-07-26 14:20:00,ROLL
237.15,237.8099,236.47,237.245,1909,2021-07-26 14:25:00,ROLL
237.07,238.65,237.07,237.885,5402,2021-07-26 14:30:00,ROLL
237.85,238.41,237.85,238.33,2459,2021-07-26 14:35:00,ROLL
238.88,239.075,238.58,239.075,2100,2021-07-26 14:40:00,ROLL
239.095,240.3,239.095,240.01,2342,2021-07-26 14:45:00,ROLL
240.8799,240.99,240.1921,240.99,1437,2021-07-26 14:50:00,ROLL
240.54,241.375,240.19,240.545,24069,2021-07-26 14:55:00,ROLL
240.11,240.555,239.15,239.8,7400,2021-07-26 15:00:00,ROLL
239.73,239.97,238.7804,239.97,1885,2021-07-26 15:05:00,ROLL
240.355,240.355,239.78,240.355,1088,2021-07-26 15:10:00,ROLL
239.79,240.355,239.78,239.895,1236,2021-07-26 15:15:00,ROLL
240.405,240.47,239.745,240.3,1069,2021-07-26 15:20:00,ROLL
239.43,240.23,239.28,240.05,600,2021-07-26 15:25:00,ROLL
240.18,240.18,240.18,240.18,100,2021-07-26 15:35:00,ROLL
239.38,240.18,239.38,239.445,500,2021-07-26 15:40:00,ROLL
240.005,240.22,239.03,240.22,2250,2021-07-26 15:45:00,ROLL
239.79,240.24,239.79,240.24,400,2021-07-26 15:55:00,ROLL
240.015,243.92,240.015,243.86,6938,2021-07-26 16:00:00,ROLL
242.58,243.23,242.58,243.05,1060,2021-07-26 16:05:00,ROLL
243.33,243.97,243.33,243.97,2100,2021-07-26 16:10:00,ROLL
243.605,246.56,243.605,245.95,9212,2021-07-26 16:15:00,ROLL
245.0,245.5,244.68,244.68,900,2021-07-26 16:20:00,ROLL
245.19,245.4,244.05,244.05,1398,2021-07-26 16:25:00,ROLL
244.705,244.705,244.705,244.705,100,2021-07-26 16:30:00,ROLL
244.63,244.89,244.63,244.89,200,2021-07-26 16:35:00,ROLL
244.74,244.74,244.31,244.31,200,2021-07-26 16:40:00,ROLL
244.26,244.26,244.18,244.18,210,2021-07-26 16:45:00,ROLL
244.58,247.5,244.47,246.695,7413,2021-07-26 16:50:00,ROLL
246.65,247.28,246.65,247.28,400,2021-07-26 17:00:00,ROLL
246.3126,247.23,246.3126,247.23,1076,2021-07-26 17:05:00,ROLL
247.03,247.58,246.96,247.195,2611,2021-07-26 17:10:00,ROLL
246.86,247.56,246.86,246.985,3998,2021-07-26 17:15:00,ROLL
246.905,246.905,246.76,246.76,519,2021-07-26 17:20:00,ROLL
247.23,247.39,246.37,246.38,600,2021-07-26 17:25:00,ROLL
246.735,247.03,246.36,246.97,1899,2021-07-26 17:30:00,ROLL
247.2,247.7168,246.81,247.7168,999,2021-07-26 17:35:00,ROLL
247.86,249.88,247.86,249.88,5352,2021-07-26 17:40:00,ROLL
250.0,250.25,249.91,250.25,998,2021-07-26 17:45:00,ROLL
250.15,250.4799,249.56,249.92,1750,2021-07-26 17:50:00,ROLL
249.78,250.36,249.78,250.36,1493,2021-07-26 17:55:00,ROLL
249.49,249.98,249.49,249.98,900,2021-07-26 18:00:00,ROLL
250.0,250.52,250.0,250.52,1896,2021-07-26 18:05:00,ROLL
250.0,250.26,249.17,249.17,16484,2021-07-26 18:10:00,ROLL
248.95,248.95,247.7,248.43,3203,2021-07-26 18:15:00,ROLL
248.47,249.91,248.47,249.445,6980,2021-07-26 18:20:00,ROLL
249.76,249.82,248.36,248.79,2701,2021-07-26 18:25:00,ROLL
247.53,247.67,246.68,246.68,1818,2021-07-26 18:35:00,ROLL
246.675,246.675,245.39,245.39,3300,2021-07-26 18:40:00,ROLL
245.25,245.31,244.62,244.785,1800,2021-07-26 18:45:00,ROLL
244.79,244.95,244.4075,244.95,2348,2021-07-26 18:50:00,ROLL
244.92,245.14,244.92,245.14,700,2021-07-26 18:55:00,ROLL
245.12,245.725,245.12,245.52,767,2021-07-26 19:00:00,ROLL
245.945,245.945,245.6,245.775,527,2021-07-26 19:05:00,ROLL
245.66,246.08,245.66,246.08,1600,2021-07-26 19:10:00,ROLL
246.15,247.56,246.11,246.72,149600,2021-07-26 19:15:00,ROLL
246.95,246.95,246.81,246.81,400,2021-07-26 19:20:00,ROLL
246.67,246.98,246.67,246.87,1400,2021-07-26 19:25:00,ROLL
246.905,246.905,244.0,244.0,14220,2021-07-26 19:30:00,ROLL
244.0,244.0,243.285,243.375,27506,2021-07-26 19:35:00,ROLL
243.365,243.365,241.985,241.985,21203,2021-07-26 19:40:00,ROLL
241.865,242.34,241.865,242.34,1009,2021-07-26 19:45:00,ROLL
242.38,242.53,241.255,241.255,21310,2021-07-26 19:50:00,ROLL
241.01,242.0,239.79,239.79,45009,2021-07-26 19:55:00,ROLL
240.0,240.0,240.0,240.0,25160,2021-07-26 20:00:00,ROLL
238.42,240.0,236.1901,236.205,4353,2021-07-27 13:30:00,ROLL
236.94,236.94,234.1,235.645,2100,2021-07-27 13:35:00,ROLL
236.92,236.92,233.96,234.3,5966,2021-07-27 13:40:00,ROLL
233.69,235.59,232.8,235.59,6516,2021-07-27 13:45:00,ROLL
235.0,235.0,234.99,235.0,714,2021-07-27 13:50:00,ROLL
234.83,234.96,233.97,234.89,3597,2021-07-27 13:55:00,ROLL
234.255,234.255,234.09,234.09,200,2021-07-27 14:05:00,ROLL
234.23,234.79,232.6,232.94,10092,2021-07-27 14:10:00,ROLL
232.82,233.65,232.82,232.99,800,2021-07-27 14:15:00,ROLL
232.88,233.95,231.8,233.28,1741,2021-07-27 14:20:00,ROLL
232.64,233.3,232.64,233.3,9530,2021-07-27 14:25:00,ROLL
233.3,233.95,232.71,233.95,420,2021-07-27 14:30:00,ROLL
233.895,233.95,232.69,233.33,1558,2021-07-27 14:35:00,ROLL
233.33,233.5,232.71,232.87,2000,2021-07-27 14:40:00,ROLL
232.96,233.18,231.78,232.16,10605,2021-07-27 14:45:00,ROLL
232.31,232.74,231.54,231.72,13800,2021-07-27 14:50:00,ROLL
232.8,234.64,232.8,234.62,6475,2021-07-27 14:55:00,ROLL
234.62,235.01,234.62,235.0,800,2021-07-27 15:00:00,ROLL
234.36,234.955,234.36,234.955,300,2021-07-27 15:05:00,ROLL
235.5,237.11,235.43,235.43,3571,2021-07-27 15:10:00,ROLL
235.21,235.74,234.98,234.98,736,2021-07-27 15:15:00,ROLL
235.405,235.405,234.98,235.405,1681,2021-07-27 15:20:00,ROLL
235.405,235.405,234.06,234.1725,1373,2021-07-27 15:25:00,ROLL
234.675,234.675,234.15,234.565,433,2021-07-27 15:30:00,ROLL
234.07,234.07,231.985,232.035,4803,2021-07-27 15:35:00,ROLL
231.15,231.9414,230.64,230.64,1304,2021-07-27 15:40:00,ROLL
231.6,231.755,231.02,231.02,5600,2021-07-27 15:45:00,ROLL
231.515,232.0299,230.85,230.85,1200,2021-07-27 15:50:00,ROLL
229.65,230.14,228.64,229.3,1357,2021-07-27 15:55:00,ROLL
229.175,229.48,228.915,229.07,2160,2021-07-27 16:00:00,ROLL
229.12,230.04,228.77,229.455,15595,2021-07-27 16:05:00,ROLL
228.96,228.96,228.2,228.515,1600,2021-07-27 16:10:00,ROLL
228.42,228.75,228.275,228.43,1088,2021-07-27 16:15:00,ROLL
228.72,229.35,228.72,228.935,1035,2021-07-27 16:20:00,ROLL
229.48,229.78,229.48,229.78,1300,2021-07-27 16:30:00,ROLL
230.84,230.84,230.1,230.1,1300,2021-07-27 16:35:00,ROLL
230.1,230.23,230.0,230.0,482,2021-07-27 16:40:00,ROLL
230.485,230.485,230.16,230.16,400,2021-07-27 16:45:00,ROLL
230.63,230.78,230.62,230.78,567,2021-07-27 16:50:00,ROLL
230.87,231.835,230.87,231.835,1206,2021-07-27 16:55:00,ROLL
231.64,231.78,230.89,230.89,1200,2021-07-27 17:00:00,ROLL
231.8,231.8,231.14,231.72,700,2021-07-27 17:10:00,ROLL
231.75,231.75,230.89,230.89,400,2021-07-27 17:15:00,ROLL
230.95,231.0726,230.59,230.59,1169,2021-07-27 17:20:00,ROLL
230.36,230.9,230.165,230.165,2702,2021-07-27 17:35:00,ROLL
230.79,230.79,230.495,230.495,200,2021-07-27 17:40:00,ROLL
230.6,230.71,230.56,230.71,500,2021-07-27 17:50:00,ROLL
230.13,230.165,230.1,230.1,1515,2021-07-27 17:55:00,ROLL
229.865,229.875,229.09,229.1,1300,2021-07-27 18:00:00,ROLL
228.63,228.63,228.63,228.63,200,2021-07-27 18:05:00,ROLL
228.9,228.9,228.9,228.9,100,2021-07-27 18:10:00,ROLL
228.62,228.83,227.8,227.8,1220,2021-07-27 18:15:00,ROLL
228.255,228.255,227.72,227.72,300,2021-07-27 18:20:00,ROLL
228.145,228.19,227.93,228.19,300,2021-07-27 18:25:00,ROLL
227.66,227.66,227.31,227.59,500,2021-07-27 18:30:00,ROLL
227.105,227.105,227.105,227.105,200,2021-07-27 18:35:00,ROLL
227.6,228.26,227.59,228.26,2000,2021-07-27 18:40:00,ROLL
228.41,229.23,228.41,229.23,467,2021-07-27 18:45:00,ROLL
229.43,229.43,228.75,228.9,1003,2021-07-27 18:50:00,ROLL
229.16,229.33,229.125,229.235,1300,2021-07-27 18:55:00,ROLL
229.33,229.49,229.255,229.36,1100,2021-07-27 19:00:00,ROLL
229.57,229.6,228.865,228.9,2053,2021-07-27 19:05:00,ROLL
228.845,228.92,228.84,228.92,500,2021-07-27 19:10:00,ROLL
228.905,229.33,228.905,228.97,1100,2021-07-27 19:15:00,ROLL
229.155,229.33,228.98,229.225,800,2021-07-27 19:20:00,ROLL
229.47,229.78,229.47,229.605,1600,2021-07-27 19:25:00,ROLL
229.81,230.32,229.73,230.105,1913,2021-07-27 19:30:00,ROLL
230.105,230.38,230.045,230.125,1793,2021-07-27 19:35:00,ROLL
230.145,230.35,230.125,230.24,3158,2021-07-27 19:40:00,ROLL
230.36,230.97,230.3,230.97,3446,2021-07-27 19:45:00,ROLL
231.53,231.56,230.46,231.33,5357,2021-07-27 19:50:00,ROLL
231.36,231.9,230.86,231.48,14788,2021-07-27 19:55:00,ROLL
231.49,231.49,231.49,231.49,24277,2021-07-27 20:00:00,ROLL
231.26,231.555,230.6585,230.6585,2806,2021-07-28 13:30:00,ROLL
230.54,231.82,230.54,230.54,1501,2021-07-28 13:35:00,ROLL
230.5,230.5,229.6,230.0,1046,2021-07-28 13:45:00,ROLL
229.09,229.685,227.58,227.58,7065,2021-07-28 13:55:00,ROLL
227.46,228.035,225.86,225.88,1300,2021-07-28 14:00:00,ROLL
227.05,228.0,225.95,226.39,2210,2021-07-28 14:05:00,ROLL
226.14,226.14,224.62,224.8,2197,2021-07-28 14:10:00,ROLL
225.4,225.4,224.19,224.28,500,2021-07-28 14:15:00,ROLL
224.185,225.37,224.055,225.37,1528,2021-07-28 14:20:00,ROLL
224.795,225.35,224.795,224.99,1005,2021-07-28 14:25:00,ROLL
224.99,225.17,224.99,225.17,200,2021-07-28 14:30:00,ROLL
226.93,227.24,225.8,225.9462,2083,2021-07-28 14:55:00,ROLL
225.7,226.17,225.7,226.02,500,2021-07-28 15:00:00,ROLL
226.44,226.82,226.3,226.32,700,2021-07-28 15:05:00,ROLL
226.12,226.12,226.12,226.12,100,2021-07-28 15:10:00,ROLL
226.2,226.305,225.84,226.305,1398,2021-07-28 15:15:00,ROLL
226.54,226.99,226.54,226.99,500,2021-07-28 15:20:00,ROLL
226.87,226.87,226.87,226.87,100,2021-07-28 15:25:00,ROLL
227.59,227.79,227.045,227.32,500,2021-07-28 15:30:00,ROLL
227.7,227.7,227.7,227.7,100,2021-07-28 15:35:00,ROLL
228.98,229.0,228.98,229.0,218,2021-07-28 15:40:00,ROLL
229.3,229.31,229.3,229.31,431,2021-07-28 15:50:00,ROLL
229.05,229.7262,229.05,229.15,1174,2021-07-28 15:55:00,ROLL
229.78,229.78,229.78,229.78,200,2021-07-28 16:00:00,ROLL
230.58,230.58,230.13,230.135,600,2021-07-28 16:05:00,ROLL
229.75,230.1,229.64,230.1,1058,2021-07-28 16:15:00,ROLL
229.49,229.685,229.27,229.67,768,2021-07-28 16:20:00,ROLL
229.97,229.97,229.43,229.43,200,2021-07-28 16:25:00,ROLL
229.44,229.44,229.44,229.44,100,2021-07-28 16:30:00,ROLL
229.335,229.335,229.335,229.335,200,2021-07-28 16:40:00,ROLL
229.53,229.6,229.19,229.57,1000,2021-07-28 16:45:00,ROLL
230.1,230.28,229.83,229.83,600,2021-07-28 16:50:00,ROLL
230.075,230.16,230.075,230.08,300,2021-07-28 16:55:00,ROLL
230.36,230.52,230.36,230.52,200,2021-07-28 17:05:00,ROLL
231.05,231.17,231.03,231.04,400,2021-07-28 17:10:00,ROLL
231.05,231.05,231.05,231.05,100,2021-07-28 17:15:00,ROLL
230.82,231.215,230.82,231.215,200,2021-07-28 17:20:00,ROLL
231.49,231.49,231.49,231.49,100,2021-07-28 17:35:00,ROLL
231.75,231.765,231.75,231.765,200,2021-07-28 17:40:00,ROLL
231.705,231.705,231.705,231.705,100,2021-07-28 17:45:00,ROLL
231.41,231.41,231.075,231.075,300,2021-07-28 18:00:00,ROLL
231.16,231.16,230.7171,230.78,648,2021-07-28 18:10:00,ROLL
231.23,231.45,231.066,231.35,2900,2021-07-28 18:15:00,ROLL
231.245,231.4,231.245,231.4,635,2021-07-28 18:20:00,ROLL
231.36,231.36,231.23,231.23,900,2021-07-28 18:25:00,ROLL
231.19,231.49,231.0381,231.25,929,2021-07-28 18:35:00,ROLL
231.5,231.51,231.27,231.305,800,2021-07-28 18:40:00,ROLL
231.51,231.83,231.1,231.83,1202,2021-07-28 18:45:00,ROLL
232.28,232.525,232.23,232.35,700,2021-07-28 18:50:00,ROLL
232.21,232.68,232.21,232.68,500,2021-07-28 18:55:00,ROLL
232.58,232.58,232.58,232.58,100,2021-07-28 19:00:00,ROLL
231.93,232.205,231.88,231.88,579,2021-07-28 19:10:00,ROLL
231.8,231.8,231.755,231.755,200,2021-07-28 19:15:00,ROLL
231.31,231.31,231.005,231.005,200,2021-07-28 19:20:00,ROLL
231.02,231.25,231.02,231.09,912,2021-07-28 19:25:00,ROLL
231.42,231.785,231.19,231.775,806,2021-07-28 19:30:00,ROLL
231.45,231.46,231.3,231.3,600,2021-07-28 19:35:00,ROLL
231.03,231.53,231.03,231.53,1900,2021-07-28 19:40:00,ROLL
231.53,231.53,231.525,231.525,200,2021-07-28 19:45:00,ROLL
231.485,231.66,231.035,231.58,3428,2021-07-28 19:50:00,ROLL
231.35,231.99,230.89,231.87,13110,2021-07-28 19:55:00,ROLL
231.87,231.87,231.87,231.87,14143,2021-07-28 20:00:00,ROLL
233.03,233.03,233.03,233.03,1080,2021-07-29 13:30:00,ROLL
233.54,233.54,233.54,233.54,100,2021-07-29 13:55:00,ROLL
233.81,233.81,233.81,233.81,100,2021-07-29 14:00:00,ROLL
234.76,235.58,234.76,235.58,650,2021-07-29 14:15:00,ROLL
235.95,235.95,235.95,235.95,100,2021-07-29 14:25:00,ROLL
236.15,236.15,236.15,236.15,100,2021-07-29 14:35:00,ROLL
235.895,235.895,235.44,235.44,10600,2021-07-29 14:50:00,ROLL
235.41,235.41,235.1,235.1,200,2021-07-29 14:55:00,ROLL
234.98,234.98,234.98,234.98,109,2021-07-29 15:00:00,ROLL
234.3,234.455,234.3,234.455,300,2021-07-29 15:05:00,ROLL
234.46,234.46,234.455,234.455,200,2021-07-29 15:10:00,ROLL
234.43,234.43,234.32,234.43,300,2021-07-29 15:15:00,ROLL
234.43,234.43,234.43,234.43,300,2021-07-29 15:20:00,ROLL
234.98,234.98,234.93,234.97,600,2021-07-29 15:30:00,ROLL
235.54,235.54,235.54,235.54,294,2021-07-29 15:35:00,ROLL
235.55,235.55,235.3275,235.3275,630,2021-07-29 16:05:00,ROLL
235.86,235.86,235.09,235.14,432,2021-07-29 16:10:00,ROLL
234.89,234.89,234.89,234.89,100,2021-07-29 16:15:00,ROLL
234.9,235.16,234.9,235.16,200,2021-07-29 16:20:00,ROLL
235.255,235.255,234.74,234.74,200,2021-07-29 16:25:00,ROLL
235.46,235.46,235.46,235.46,100,2021-07-29 16:40:00,ROLL
235.01,235.04,235.01,235.04,400,2021-07-29 16:45:00,ROLL
235.32,235.32,234.65,234.65,800,2021-07-29 16:50:00,ROLL
235.0,235.0,235.0,235.0,100,2021-07-29 16:55:00,ROLL
235.0,235.0,234.57,234.88,400,2021-07-29 17:00:00,ROLL
234.88,235.22,234.88,235.22,754,2021-07-29 17:05:00,ROLL
235.395,235.395,235.395,235.395,100,2021-07-29 17:10:00,ROLL
235.375,235.44,235.29,235.29,500,2021-07-29 17:15:00,ROLL
235.39,235.39,235.13,235.13,200,2021-07-29 17:20:00,ROLL
235.48,235.48,234.93,234.93,300,2021-07-29 17:40:00,ROLL
235.335,235.335,234.85,234.86,500,2021-07-29 17:45:00,ROLL
234.71,235.2,234.32,235.2,300,2021-07-29 17:50:00,ROLL
234.46,234.46,234.46,234.46,100,2021-07-29 18:00:00,ROLL
234.69,234.69,234.46,234.46,1400,2021-07-29 18:10:00,ROLL
234.43,234.43,233.75,234.04,600,2021-07-29 18:15:00,ROLL
234.005,234.31,234.005,234.31,300,2021-07-29 18:25:00,ROLL
232.73,233.26,232.71,233.26,300,2021-07-29 18:40:00,ROLL
233.32,233.32,233.32,233.32,100,2021-07-29 18:45:00,ROLL
233.79,233.79,233.79,233.79,267,2021-07-29 18:50:00,ROLL
234.21,234.21,234.21,234.21,100,2021-07-29 18:55:00,ROLL
233.83,233.83,233.83,233.83,100,2021-07-29 19:05:00,ROLL
233.95,234.14,233.8,234.14,611,2021-07-29 19:15:00,ROLL
234.25,234.25,234.25,234.25,100,2021-07-29 19:20:00,ROLL
234.235,234.51,234.235,234.51,700,2021-07-29 19:25:00,ROLL
234.47,235.1,234.47,235.1,712,2021-07-29 19:30:00,ROLL
234.57,234.57,234.28,234.3,2220,2021-07-29 19:35:00,ROLL
234.25,234.4,233.73,233.98,600,2021-07-29 19:40:00,ROLL
234.28,234.28,234.28,234.28,100,2021-07-29 19:45:00,ROLL
234.12,234.52,233.85,234.45,1600,2021-07-29 19:50:00,ROLL
234.47,234.92,234.19,234.55,3586,2021-07-29 19:55:00,ROLL
234.55,234.55,234.55,234.55,7312,2021-07-29 20:00:00,ROLL
233.85,233.85,233.85,233.85,629,2021-07-30 13:30:00,ROLL
233.14,235.4,232.8,235.4,300,2021-07-30 13:35:00,ROLL
235.1368,235.1368,235.1368,235.1368,100,2021-07-30 13:40:00,ROLL
233.995,234.9403,233.995,234.9403,200,2021-07-30 13:45:00,ROLL
234.56,235.11,233.35,235.11,500,2021-07-30 13:50:00,ROLL
232.38,235.53,232.38,234.53,3872,2021-07-30 14:00:00,ROLL
233.995,233.995,233.3329,233.3329,221,2021-07-30 14:05:00,ROLL
234.65,234.65,234.65,234.65,100,2021-07-30 14:10:00,ROLL
235.805,235.805,235.805,235.805,100,2021-07-30 14:25:00,ROLL
233.86,233.87,233.605,233.605,990,2021-07-30 14:50:00,ROLL
233.245,233.245,232.5,232.5,300,2021-07-30 14:55:00,ROLL
233.6,233.6,233.6,233.6,200,2021-07-30 15:00:00,ROLL
233.605,234.22,233.605,234.22,650,2021-07-30 15:05:00,ROLL
233.11,233.11,233.07,233.07,200,2021-07-30 15:10:00,ROLL
233.23,233.23,233.23,233.23,100,2021-07-30 15:15:00,ROLL
233.655,233.655,233.655,233.655,14600,2021-07-30 15:30:00,ROLL
233.655,233.655,233.655,233.655,520,2021-07-30 15:35:00,ROLL
233.655,233.655,233.655,233.655,521,2021-07-30 15:40:00,ROLL
233.655,233.655,233.655,233.655,100,2021-07-30 15:45:00,ROLL
233.9454,234.22,233.9454,234.22,300,2021-07-30 15:55:00,ROLL
233.7,233.725,233.7,233.725,500,2021-07-30 16:00:00,ROLL
233.28,233.28,233.27,233.27,380,2021-07-30 16:05:00,ROLL
233.65,234.29,233.65,234.29,678,2021-07-30 16:15:00,ROLL
234.625,234.625,234.625,234.625,2900,2021-07-30 16:55:00,ROLL
234.17,234.17,234.17,234.17,100,2021-07-30 17:00:00,ROLL
234.17,234.45,234.15,234.15,400,2021-07-30 17:15:00,ROLL
233.84,233.84,233.84,233.84,100,2021-07-30 17:20:00,ROLL
233.7834,233.7834,233.7834,233.7834,203,2021-07-30 17:30:00,ROLL
234.27,234.27,234.27,234.27,100,2021-07-30 17:35:00,ROLL
234.095,234.095,234.095,234.095,100,2021-07-30 17:40:00,ROLL
234.28,234.28,234.245,234.245,400,2021-07-30 17:45:00,ROLL
233.87,233.89,233.755,233.89,2430,2021-07-30 17:50:00,ROLL
233.79,233.79,233.79,233.79,100,2021-07-30 17:55:00,ROLL
233.865,233.865,233.865,233.865,500,2021-07-30 18:05:00,ROLL
234.34,234.34,234.34,234.34,200,2021-07-30 18:10:00,ROLL
234.6,234.97,234.6,234.7,5600,2021-07-30 18:20:00,ROLL
234.1,234.5,233.85,234.47,6522,2021-07-30 18:40:00,ROLL
234.285,234.285,233.82,233.885,5548,2021-07-30 18:45:00,ROLL
233.855,233.855,233.855,233.855,100,2021-07-30 18:50:00,ROLL
233.62,233.62,233.46,233.46,200,2021-07-30 18:55:00,ROLL
233.45,234.515,233.45,234.515,800,2021-07-30 19:00:00,ROLL
234.21,234.21,234.21,234.21,100,2021-07-30 19:20:00,ROLL
234.17,234.77,234.17,234.77,461,2021-07-30 19:30:00,ROLL
234.96,234.96,234.96,234.96,100,2021-07-30 19:35:00,ROLL
235.0,235.435,234.96,235.13,600,2021-07-30 19:40:00,ROLL
235.19,236.005,235.19,236.005,700,2021-07-30 19:45:00,ROLL
235.6,235.64,235.24,235.64,928,2021-07-30 19:50:00,ROLL
235.64,235.73,235.31,235.73,1500,2021-07-30 19:55:00,ROLL
235.0,235.0,235.0,235.0,20439,2021-07-30 20:00:00,ROLL
