open,high,low,close,volume,datetime,symbol
25.53,25.581,25.53,25.581,1539,2021-10-01 13:30:00,ILPT
25.53,25.5908,25.5,25.5908,976,2021-10-01 13:32:00,ILPT
25.5,25.51,25.5,25.5,1500,2021-10-01 13:36:00,ILPT
25.56,25.56,25.56,25.56,325,2021-10-01 13:37:00,ILPT
25.505,25.505,25.505,25.505,175,2021-10-01 13:39:00,ILPT
25.51,25.51,25.51,25.51,200,2021-10-01 13:48:00,ILPT
25.5,25.5,25.5,25.5,250,2021-10-01 13:50:00,ILPT
25.38,25.38,25.38,25.38,100,2021-10-01 13:55:00,ILPT
25.4,25.4,25.39,25.39,300,2021-10-01 13:56:00,ILPT
25.415,25.415,25.415,25.415,150,2021-10-01 13:59:00,ILPT
25.44,25.44,25.44,25.44,100,2021-10-01 14:00:00,ILPT
25.44,25.44,25.43,25.44,600,2021-10-01 14:04:00,ILPT
25.44,25.44,25.44,25.44,100,2021-10-01 14:06:00,ILPT
25.5,25.5,25.5,25.5,200,2021-10-01 14:07:00,ILPT
25.55,25.55,25.55,25.55,100,2021-10-01 14:08:00,ILPT
25.56,25.56,25.55,25.55,900,2021-10-01 14:11:00,ILPT
25.53,25.56,25.51,25.56,300,2021-10-01 14:13:00,ILPT
25.55,25.55,25.54,25.54,400,2021-10-01 14:15:00,ILPT
25.53,25.53,25.53,25.53,296,2021-10-01 14:16:00,ILPT
25.5637,25.5637,25.5637,25.5637,271,2021-10-01 14:18:00,ILPT
25.53,25.53,25.52,25.52,200,2021-10-01 14:21:00,ILPT
25.5,25.5,25.5,25.5,100,2021-10-01 14:22:00,ILPT
25.51,25.51,25.51,25.51,200,2021-10-01 14:23:00,ILPT
25.51,25.51,25.51,25.51,200,2021-10-01 14:24:00,ILPT
25.58,25.58,25.57,25.58,904,2021-10-01 14:27:00,ILPT
25.55,25.55,25.55,25.55,100,2021-10-01 14:28:00,ILPT
25.53,25.53,25.53,25.53,100,2021-10-01 14:29:00,ILPT
25.55,25.55,25.549,25.549,552,2021-10-01 14:30:00,ILPT
25.55,25.55,25.55,25.55,100,2021-10-01 14:31:00,ILPT
25.56,25.56,25.54,25.54,200,2021-10-01 14:32:00,ILPT
25.55,25.55,25.55,25.55,100,2021-10-01 14:33:00,ILPT
25.55,25.55,25.55,25.55,101,2021-10-01 14:34:00,ILPT
25.59,25.6,25.58,25.585,1050,2021-10-01 14:35:00,ILPT
25.585,25.585,25.57,25.585,502,2021-10-01 14:36:00,ILPT
25.59,25.59,25.575,25.575,537,2021-10-01 14:37:00,ILPT
25.57,25.57,25.57,25.57,100,2021-10-01 14:38:00,ILPT
25.58,25.58,25.55,25.55,1362,2021-10-01 14:39:00,ILPT
25.535,25.535,25.515,25.515,2700,2021-10-01 14:48:00,ILPT
25.535,25.59,25.535,25.59,1700,2021-10-01 14:50:00,ILPT
25.59,25.61,25.59,25.61,200,2021-10-01 14:51:00,ILPT
25.585,25.585,25.585,25.585,100,2021-10-01 14:52:00,ILPT
25.6,25.6,25.6,25.6,100,2021-10-01 14:53:00,ILPT
25.61,25.69,25.61,25.69,2115,2021-10-01 14:54:00,ILPT
25.68,25.685,25.68,25.685,300,2021-10-01 14:55:00,ILPT
25.67,25.67,25.67,25.67,100,2021-10-01 14:56:00,ILPT
25.71,25.71,25.71,25.71,200,2021-10-01 14:57:00,ILPT
25.71,25.72,25.69,25.69,1947,2021-10-01 14:59:00,ILPT
25.66,25.66,25.66,25.66,100,2021-10-01 15:00:00,ILPT
25.69,25.71,25.69,25.705,900,2021-10-01 15:01:00,ILPT
25.71,25.71,25.71,25.71,100,2021-10-01 15:02:00,ILPT
25.6731,25.6731,25.6731,25.6731,438,2021-10-01 15:05:00,ILPT
25.66,25.66,25.66,25.66,100,2021-10-01 15:06:00,ILPT
25.69,25.69,25.675,25.68,795,2021-10-01 15:07:00,ILPT
25.68,25.68,25.68,25.68,200,2021-10-01 15:08:00,ILPT
25.685,25.685,25.685,25.685,100,2021-10-01 15:09:00,ILPT
25.71,25.71,25.71,25.71,100,2021-10-01 15:10:00,ILPT
25.6826,25.705,25.67,25.705,1300,2021-10-01 15:11:00,ILPT
25.71,25.71,25.7,25.71,400,2021-10-01 15:12:00,ILPT
25.74,25.77,25.74,25.77,1600,2021-10-01 15:13:00,ILPT
25.75,25.78,25.75,25.78,400,2021-10-01 15:14:00,ILPT
25.78,25.78,25.78,25.78,100,2021-10-01 15:15:00,ILPT
25.78,25.8,25.78,25.8,300,2021-10-01 15:16:00,ILPT
25.77,25.77,25.76,25.76,809,2021-10-01 15:17:00,ILPT
25.75,25.77,25.74,25.75,694,2021-10-01 15:18:00,ILPT
25.77,25.77,25.77,25.77,100,2021-10-01 15:20:00,ILPT
25.76,25.76,25.74,25.74,700,2021-10-01 15:21:00,ILPT
25.752,25.752,25.752,25.752,110,2021-10-01 15:22:00,ILPT
25.765,25.765,25.75,25.75,300,2021-10-01 15:23:00,ILPT
25.78,25.78,25.77,25.77,200,2021-10-01 15:24:00,ILPT
25.775,25.79,25.775,25.79,951,2021-10-01 15:26:00,ILPT
25.77,25.785,25.76,25.76,1607,2021-10-01 15:27:00,ILPT
25.74,25.74,25.74,25.74,100,2021-10-01 15:28:00,ILPT
25.75,25.76,25.74,25.74,300,2021-10-01 15:30:00,ILPT
25.78,25.78,25.78,25.78,100,2021-10-01 15:31:00,ILPT
25.8,25.836,25.8,25.836,400,2021-10-01 15:32:00,ILPT
25.8,25.8,25.8,25.8,200,2021-10-01 15:34:00,ILPT
25.81,25.81,25.8,25.8,200,2021-10-01 15:36:00,ILPT
25.82,25.82,25.805,25.805,200,2021-10-01 15:38:00,ILPT
25.79,25.79,25.79,25.79,100,2021-10-01 15:39:00,ILPT
25.82,25.83,25.82,25.83,300,2021-10-01 15:40:00,ILPT
25.84,25.84,25.83,25.83,226,2021-10-01 15:41:00,ILPT
25.83,25.85,25.83,25.85,200,2021-10-01 15:42:00,ILPT
25.9,25.9,25.88,25.88,200,2021-10-01 15:45:00,ILPT
25.93,25.93,25.93,25.93,100,2021-10-01 15:47:00,ILPT
25.9,25.9,25.885,25.9,1404,2021-10-01 15:48:00,ILPT
25.9,25.9,25.9,25.9,100,2021-10-01 15:49:00,ILPT
25.91,25.91,25.91,25.91,100,2021-10-01 15:51:00,ILPT
25.92,25.92,25.92,25.92,200,2021-10-01 15:52:00,ILPT
25.92,25.92,25.905,25.905,500,2021-10-01 15:53:00,ILPT
25.91,25.91,25.91,25.91,100,2021-10-01 15:54:00,ILPT
25.9,25.9,25.87,25.87,818,2021-10-01 15:55:00,ILPT
25.86,25.86,25.86,25.86,100,2021-10-01 15:57:00,ILPT
25.8903,25.8903,25.8903,25.8903,242,2021-10-01 16:00:00,ILPT
25.89,25.91,25.86,25.86,749,2021-10-01 16:04:00,ILPT
25.86,25.86,25.86,25.86,100,2021-10-01 16:05:00,ILPT
25.875,25.88,25.875,25.88,300,2021-10-01 16:06:00,ILPT
25.87,25.87,25.87,25.87,100,2021-10-01 16:07:00,ILPT
25.87,25.87,25.87,25.87,100,2021-10-01 16:08:00,ILPT
25.9,25.9,25.9,25.9,100,2021-10-01 16:10:00,ILPT
25.875,25.875,25.875,25.875,100,2021-10-01 16:11:00,ILPT
25.885,25.89,25.875,25.885,1600,2021-10-01 16:13:00,ILPT
25.895,25.895,25.885,25.885,1097,2021-10-01 16:14:00,ILPT
25.88,25.885,25.87,25.87,806,2021-10-01 16:15:00,ILPT
25.86,25.86,25.86,25.86,100,2021-10-01 16:17:00,ILPT
25.84,25.84,25.84,25.84,100,2021-10-01 16:21:00,ILPT
25.86,25.88,25.86,25.88,200,2021-10-01 16:22:00,ILPT
25.88,25.88,25.865,25.865,300,2021-10-01 16:23:00,ILPT
25.87,25.87,25.87,25.87,700,2021-10-01 16:25:00,ILPT
25.885,25.91,25.885,25.91,1227,2021-10-01 16:26:00,ILPT
25.9188,25.9188,25.88,25.88,300,2021-10-01 16:27:00,ILPT
25.91,25.91,25.91,25.91,200,2021-10-01 16:28:00,ILPT
25.895,25.91,25.895,25.91,300,2021-10-01 16:29:00,ILPT
25.89,25.89,25.89,25.89,100,2021-10-01 16:30:00,ILPT
25.88,25.88,25.86,25.86,914,2021-10-01 16:31:00,ILPT
25.86,25.86,25.85,25.85,309,2021-10-01 16:32:00,ILPT
25.855,25.855,25.855,25.855,100,2021-10-01 16:34:00,ILPT
25.855,25.855,25.855,25.855,100,2021-10-01 16:35:00,ILPT
25.87,25.87,25.855,25.8575,600,2021-10-01 16:40:00,ILPT
25.86,25.86,25.86,25.86,100,2021-10-01 16:41:00,ILPT
25.865,25.865,25.865,25.865,300,2021-10-01 16:42:00,ILPT
25.88,25.88,25.87,25.87,200,2021-10-01 16:43:00,ILPT
25.89,25.89,25.89,25.89,100,2021-10-01 16:46:00,ILPT
25.9,25.9,25.9,25.9,100,2021-10-01 16:48:00,ILPT
25.895,25.895,25.895,25.895,100,2021-10-01 16:49:00,ILPT
25.92,25.92,25.92,25.92,200,2021-10-01 16:51:00,ILPT
25.899,25.899,25.899,25.899,200,2021-10-01 16:52:00,ILPT
25.9197,25.92,25.905,25.92,1300,2021-10-01 16:54:00,ILPT
25.92,25.93,25.92,25.93,300,2021-10-01 16:55:00,ILPT
25.915,25.93,25.915,25.93,300,2021-10-01 16:56:00,ILPT
25.93,25.93,25.93,25.93,100,2021-10-01 16:58:00,ILPT
25.93,25.93,25.93,25.93,100,2021-10-01 16:59:00,ILPT
25.91,25.91,25.91,25.91,887,2021-10-01 17:00:00,ILPT
25.885,25.885,25.885,25.885,100,2021-10-01 17:02:00,ILPT
25.91,25.91,25.91,25.91,698,2021-10-01 17:03:00,ILPT
25.91,25.91,25.91,25.91,100,2021-10-01 17:04:00,ILPT
25.93,25.93,25.9,25.9,200,2021-10-01 17:12:00,ILPT
25.9,25.91,25.9,25.91,300,2021-10-01 17:14:00,ILPT
25.91,25.93,25.91,25.93,400,2021-10-01 17:15:00,ILPT
25.95,25.95,25.95,25.95,200,2021-10-01 17:17:00,ILPT
25.95,25.95,25.95,25.95,100,2021-10-01 17:19:00,ILPT
25.93,25.94,25.93,25.94,700,2021-10-01 17:21:00,ILPT
25.93,25.93,25.93,25.93,100,2021-10-01 17:24:00,ILPT
25.93,25.95,25.93,25.95,200,2021-10-01 17:25:00,ILPT
25.94,25.97,25.94,25.97,500,2021-10-01 17:30:00,ILPT
25.97,25.97,25.97,25.97,100,2021-10-01 17:31:00,ILPT
25.97,25.97,25.97,25.97,100,2021-10-01 17:32:00,ILPT
25.98,25.985,25.98,25.985,859,2021-10-01 17:38:00,ILPT
25.98,25.98,25.98,25.98,300,2021-10-01 17:39:00,ILPT
25.99,26.0,25.99,26.0,800,2021-10-01 17:40:00,ILPT
26.0,26.01,26.0,26.01,400,2021-10-01 17:41:00,ILPT
26.01,26.01,25.975,25.975,1116,2021-10-01 17:42:00,ILPT
25.96,25.96,25.96,25.96,100,2021-10-01 17:44:00,ILPT
25.98,25.98,25.98,25.98,200,2021-10-01 17:45:00,ILPT
26.01,26.01,26.01,26.01,100,2021-10-01 17:47:00,ILPT
26.02,26.02,26.02,26.02,162,2021-10-01 17:49:00,ILPT
26.03,26.03,26.03,26.03,100,2021-10-01 17:50:00,ILPT
26.06,26.06,26.06,26.06,100,2021-10-01 17:51:00,ILPT
26.04,26.06,26.04,26.06,202,2021-10-01 17:52:00,ILPT
26.055,26.055,26.04,26.04,627,2021-10-01 17:55:00,ILPT
26.02,26.02,25.99,26.02,441,2021-10-01 18:01:00,ILPT
26.0,26.0,26.0,26.0,300,2021-10-01 18:03:00,ILPT
26.02,26.02,26.02,26.02,200,2021-10-01 18:04:00,ILPT
26.03,26.03,26.03,26.03,100,2021-10-01 18:06:00,ILPT
26.05,26.05,26.05,26.05,100,2021-10-01 18:10:00,ILPT
26.05,26.05,26.05,26.05,200,2021-10-01 18:11:00,ILPT
26.06,26.06,26.06,26.06,100,2021-10-01 18:13:00,ILPT
26.07,26.07,26.07,26.07,200,2021-10-01 18:14:00,ILPT
26.07,26.075,26.07,26.075,300,2021-10-01 18:16:00,ILPT
26.09,26.09,26.09,26.09,200,2021-10-01 18:17:00,ILPT
26.07,26.07,26.07,26.07,720,2021-10-01 18:20:00,ILPT
26.1,26.1,26.1,26.1,100,2021-10-01 18:21:00,ILPT
26.1,26.1,26.1,26.1,100,2021-10-01 18:22:00,ILPT
26.1,26.1,26.1,26.1,100,2021-10-01 18:24:00,ILPT
26.13,26.13,26.13,26.13,100,2021-10-01 18:27:00,ILPT
26.1049,26.13,26.1049,26.13,301,2021-10-01 18:28:00,ILPT
26.12,26.12,26.12,26.12,1315,2021-10-01 18:33:00,ILPT
26.115,26.115,26.115,26.115,100,2021-10-01 18:34:00,ILPT
26.115,26.115,26.115,26.115,100,2021-10-01 18:37:00,ILPT
26.13,26.13,26.13,26.13,100,2021-10-01 18:38:00,ILPT
26.125,26.125,26.125,26.125,100,2021-10-01 18:39:00,ILPT
26.14,26.14,26.11,26.11,700,2021-10-01 18:41:00,ILPT
26.11,26.11,26.11,26.11,788,2021-10-01 18:42:00,ILPT
26.08,26.08,26.08,26.08,300,2021-10-01 18:44:00,ILPT
26.07,26.07,26.07,26.07,100,2021-10-01 18:46:00,ILPT
26.08,26.08,26.07,26.07,500,2021-10-01 18:48:00,ILPT
26.075,26.075,26.075,26.075,100,2021-10-01 18:49:00,ILPT
26.085,26.085,26.075,26.075,200,2021-10-01 18:50:00,ILPT
26.07,26.07,26.07,26.07,100,2021-10-01 18:51:00,ILPT
26.07,26.07,26.07,26.07,768,2021-10-01 18:53:00,ILPT
26.07,26.07,26.07,26.07,300,2021-10-01 18:54:00,ILPT
26.07,26.07,26.07,26.07,100,2021-10-01 18:55:00,ILPT
26.08,26.08,26.08,26.08,100,2021-10-01 19:00:00,ILPT
26.08,26.08,26.08,26.08,100,2021-10-01 19:05:00,ILPT
26.07,26.085,26.07,26.085,300,2021-10-01 19:07:00,ILPT
26.08,26.08,26.08,26.08,100,2021-10-01 19:08:00,ILPT
26.11,26.11,26.1,26.1,200,2021-10-01 19:09:00,ILPT
26.09,26.09,26.09,26.09,300,2021-10-01 19:10:00,ILPT
26.11,26.12,26.11,26.12,200,2021-10-01 19:11:00,ILPT
26.1033,26.1149,26.1033,26.1149,580,2021-10-01 19:12:00,ILPT
26.12,26.12,26.1,26.1,200,2021-10-01 19:13:00,ILPT
26.1,26.11,26.1,26.11,275,2021-10-01 19:14:00,ILPT
26.1,26.12,26.1,26.1,500,2021-10-01 19:15:00,ILPT
26.11,26.11,26.11,26.11,889,2021-10-01 19:16:00,ILPT
26.09,26.09,26.09,26.09,100,2021-10-01 19:17:00,ILPT
26.075,26.075,26.075,26.075,114,2021-10-01 19:18:00,ILPT
26.057,26.0702,26.057,26.0702,268,2021-10-01 19:19:00,ILPT
26.07,26.08,26.07,26.07,700,2021-10-01 19:20:00,ILPT
26.07,26.07,26.07,26.07,100,2021-10-01 19:21:00,ILPT
26.07,26.07,26.07,26.07,300,2021-10-01 19:25:00,ILPT
26.07,26.07,26.05,26.05,303,2021-10-01 19:26:00,ILPT
26.05,26.05,26.05,26.05,100,2021-10-01 19:28:00,ILPT
26.04,26.055,26.04,26.055,200,2021-10-01 19:29:00,ILPT
26.04,26.04,26.04,26.04,500,2021-10-01 19:30:00,ILPT
26.02,26.02,26.01,26.01,306,2021-10-01 19:31:00,ILPT
26.01,26.01,26.0,26.0,549,2021-10-01 19:32:00,ILPT
26.01,26.01,26.01,26.01,100,2021-10-01 19:34:00,ILPT
25.99,26.0,25.975,25.975,1212,2021-10-01 19:36:00,ILPT
25.96,25.96,25.96,25.96,100,2021-10-01 19:37:00,ILPT
25.96,25.96,25.94,25.94,608,2021-10-01 19:38:00,ILPT
25.94,25.945,25.93,25.93,403,2021-10-01 19:39:00,ILPT
25.96,25.96,25.95,25.95,300,2021-10-01 19:40:00,ILPT
25.96,25.97,25.96,25.97,400,2021-10-01 19:41:00,ILPT
25.97,25.97,25.97,25.97,109,2021-10-01 19:43:00,ILPT
25.96,25.96,25.96,25.96,100,2021-10-01 19:45:00,ILPT
25.96,25.96,25.955,25.955,1928,2021-10-01 19:46:00,ILPT
25.95,25.97,25.95,25.965,408,2021-10-01 19:48:00,ILPT
25.965,25.965,25.95,25.96,514,2021-10-01 19:49:00,ILPT
25.97,25.97,25.96,25.97,1081,2021-10-01 19:50:00,ILPT
25.9601,25.9601,25.93,25.95,1301,2021-10-01 19:51:00,ILPT
25.9301,25.96,25.9301,25.96,650,2021-10-01 19:52:00,ILPT
25.98,25.99,25.98,25.99,309,2021-10-01 19:53:00,ILPT
25.99,25.99,25.98,25.98,1320,2021-10-01 19:54:00,ILPT
25.97,25.97,25.9,25.9,1829,2021-10-01 19:55:00,ILPT
25.91,25.93,25.89,25.92,1728,2021-10-01 19:56:00,ILPT
25.92,25.93,25.91,25.91,1004,2021-10-01 19:57:00,ILPT
25.923,25.923,25.89,25.9,1706,2021-10-01 19:58:00,ILPT
25.91,25.91,25.89,25.91,3006,2021-10-01 19:59:00,ILPT
25.93,25.93,25.93,25.93,93465,2021-10-01 20:00:00,ILPT
25.93,25.93,25.93,25.93,1099,2021-10-01 20:01:00,ILPT
25.93,25.93,25.93,25.93,2180,2021-10-01 20:02:00,ILPT
25.84,25.84,25.84,25.84,1598,2021-10-04 13:30:00,ILPT
25.98,25.99,25.96,25.96,1300,2021-10-04 13:37:00,ILPT
26.02,26.03,26.02,26.03,400,2021-10-04 13:45:00,ILPT
26.01,26.02,26.0,26.0,583,2021-10-04 13:47:00,ILPT
26.0188,26.0188,26.0188,26.0188,422,2021-10-04 13:50:00,ILPT
26.0,26.0,26.0,26.0,100,2021-10-04 13:53:00,ILPT
26.02,26.06,26.01,26.01,500,2021-10-04 13:55:00,ILPT
26.03,26.06,26.03,26.06,200,2021-10-04 13:59:00,ILPT
26.06,26.06,26.03,26.04,1502,2021-10-04 14:00:00,ILPT
26.02,26.02,26.02,26.02,100,2021-10-04 14:02:00,ILPT
25.95,25.95,25.95,25.95,100,2021-10-04 14:04:00,ILPT
25.97,25.97,25.97,25.97,100,2021-10-04 14:05:00,ILPT
25.94,25.94,25.92,25.92,600,2021-10-04 14:06:00,ILPT
25.91,25.92,25.91,25.92,900,2021-10-04 14:09:00,ILPT
25.93,25.94,25.93,25.94,214,2021-10-04 14:10:00,ILPT
25.92,25.94,25.92,25.94,300,2021-10-04 14:11:00,ILPT
25.955,25.955,25.94,25.94,200,2021-10-04 14:13:00,ILPT
25.97,25.97,25.97,25.97,300,2021-10-04 14:18:00,ILPT
25.93,25.93,25.91,25.91,400,2021-10-04 14:23:00,ILPT
25.9,25.9,25.9,25.9,100,2021-10-04 14:26:00,ILPT
25.9,25.91,25.9,25.901,400,2021-10-04 14:29:00,ILPT
25.86,25.86,25.86,25.86,100,2021-10-04 14:31:00,ILPT
25.88,25.93,25.88,25.92,700,2021-10-04 14:32:00,ILPT
25.89,25.89,25.89,25.89,100,2021-10-04 14:34:00,ILPT
25.83,25.83,25.83,25.83,200,2021-10-04 14:37:00,ILPT
25.845,25.845,25.845,25.845,100,2021-10-04 14:39:00,ILPT
25.84,25.84,25.84,25.84,100,2021-10-04 14:41:00,ILPT
25.86,25.86,25.86,25.86,200,2021-10-04 14:42:00,ILPT
25.91,25.945,25.91,25.921,600,2021-10-04 14:46:00,ILPT
25.9,25.9,25.9,25.9,400,2021-10-04 14:53:00,ILPT
25.82,25.82,25.82,25.82,200,2021-10-04 15:04:00,ILPT
25.815,25.815,25.815,25.815,100,2021-10-04 15:05:00,ILPT
25.83,25.83,25.83,25.83,100,2021-10-04 15:06:00,ILPT
25.84,25.84,25.84,25.84,100,2021-10-04 15:08:00,ILPT
25.8,25.8,25.8,25.8,100,2021-10-04 15:09:00,ILPT
25.82,25.82,25.82,25.82,102,2021-10-04 15:11:00,ILPT
25.84,25.84,25.84,25.84,100,2021-10-04 15:12:00,ILPT
25.909,25.909,25.909,25.909,200,2021-10-04 15:15:00,ILPT
25.91,25.91,25.91,25.91,100,2021-10-04 15:17:00,ILPT
25.89,25.89,25.8847,25.8847,351,2021-10-04 15:22:00,ILPT
25.85,25.85,25.85,25.85,100,2021-10-04 15:24:00,ILPT
25.86,25.87,25.86,25.87,730,2021-10-04 15:26:00,ILPT
25.85,25.85,25.85,25.85,100,2021-10-04 15:27:00,ILPT
25.82,25.82,25.82,25.82,100,2021-10-04 15:31:00,ILPT
25.82,25.82,25.81,25.81,200,2021-10-04 15:32:00,ILPT
25.78,25.78,25.78,25.78,100,2021-10-04 15:34:00,ILPT
25.79,25.8,25.78,25.78,754,2021-10-04 15:35:00,ILPT
25.76,25.76,25.75,25.75,300,2021-10-04 15:36:00,ILPT
25.75,25.76,25.75,25.76,200,2021-10-04 15:38:00,ILPT
25.75,25.75,25.75,25.75,100,2021-10-04 15:39:00,ILPT
25.75,25.75,25.75,25.75,400,2021-10-04 15:40:00,ILPT
25.74,25.74,25.74,25.74,100,2021-10-04 15:43:00,ILPT
25.74,25.74,25.72,25.72,500,2021-10-04 15:45:00,ILPT
25.73,25.735,25.73,25.735,300,2021-10-04 15:46:00,ILPT
25.74,25.74,25.74,25.74,100,2021-10-04 15:50:00,ILPT
25.75,25.75,25.75,25.75,100,2021-10-04 15:52:00,ILPT
25.76,25.76,25.76,25.76,100,2021-10-04 15:53:00,ILPT
25.73,25.75,25.73,25.75,400,2021-10-04 15:55:00,ILPT
25.8,25.8,25.8,25.8,100,2021-10-04 15:58:00,ILPT
25.822,25.822,25.822,25.822,200,2021-10-04 16:05:00,ILPT
25.79,25.79,25.79,25.79,100,2021-10-04 16:06:00,ILPT
25.82,25.82,25.82,25.82,100,2021-10-04 16:09:00,ILPT
25.83,25.83,25.83,25.83,100,2021-10-04 16:12:00,ILPT
25.82,25.82,25.82,25.82,296,2021-10-04 16:25:00,ILPT
25.79,25.79,25.79,25.79,100,2021-10-04 16:28:00,ILPT
25.78,25.78,25.78,25.78,100,2021-10-04 16:32:00,ILPT
25.8,25.81,25.8,25.81,400,2021-10-04 16:36:00,ILPT
25.8,25.8,25.79,25.8,798,2021-10-04 16:40:00,ILPT
25.7821,25.7821,25.7821,25.7821,100,2021-10-04 16:41:00,ILPT
25.8,25.8,25.7927,25.7927,600,2021-10-04 16:46:00,ILPT
25.79,25.79,25.79,25.79,200,2021-10-04 16:47:00,ILPT
25.8,25.8,25.8,25.8,200,2021-10-04 16:48:00,ILPT
25.81,25.81,25.81,25.81,100,2021-10-04 16:49:00,ILPT
25.82,25.82,25.82,25.82,300,2021-10-04 16:50:00,ILPT
25.83,25.86,25.83,25.86,400,2021-10-04 16:54:00,ILPT
25.85,25.85,25.85,25.85,100,2021-10-04 16:56:00,ILPT
25.82,25.82,25.82,25.82,100,2021-10-04 16:58:00,ILPT
25.83,25.83,25.83,25.83,100,2021-10-04 17:00:00,ILPT
25.805,25.81,25.805,25.81,200,2021-10-04 17:05:00,ILPT
25.839,25.839,25.839,25.839,970,2021-10-04 17:06:00,ILPT
25.84,25.86,25.84,25.86,200,2021-10-04 17:09:00,ILPT
25.86,25.88,25.86,25.88,400,2021-10-04 17:13:00,ILPT
25.86,25.86,25.86,25.86,116,2021-10-04 17:15:00,ILPT
25.88,25.88,25.88,25.88,100,2021-10-04 17:16:00,ILPT
25.868,25.868,25.868,25.868,483,2021-10-04 17:19:00,ILPT
25.86,25.86,25.86,25.86,116,2021-10-04 17:20:00,ILPT
25.875,25.875,25.875,25.875,100,2021-10-04 17:21:00,ILPT
25.892,25.892,25.892,25.892,250,2021-10-04 17:22:00,ILPT
25.87,25.87,25.87,25.87,100,2021-10-04 17:23:00,ILPT
25.9,25.9,25.9,25.9,100,2021-10-04 17:24:00,ILPT
25.904,25.904,25.904,25.904,240,2021-10-04 17:25:00,ILPT
25.88,25.88,25.88,25.88,400,2021-10-04 17:31:00,ILPT
25.84,25.84,25.84,25.84,100,2021-10-04 17:37:00,ILPT
25.86,25.86,25.86,25.86,100,2021-10-04 17:39:00,ILPT
25.83,25.83,25.83,25.83,100,2021-10-04 17:40:00,ILPT
25.84,25.84,25.84,25.84,100,2021-10-04 17:48:00,ILPT
25.85,25.85,25.85,25.85,100,2021-10-04 17:49:00,ILPT
25.85,25.85,25.85,25.85,271,2021-10-04 17:52:00,ILPT
25.84,25.85,25.84,25.85,200,2021-10-04 17:57:00,ILPT
25.86,25.86,25.86,25.86,400,2021-10-04 17:58:00,ILPT
25.88,25.91,25.8733,25.8733,1644,2021-10-04 17:59:00,ILPT
25.91,25.91,25.91,25.91,100,2021-10-04 18:00:00,ILPT
25.9049,25.9049,25.9049,25.9049,100,2021-10-04 18:02:00,ILPT
25.9,25.9,25.9,25.9,100,2021-10-04 18:03:00,ILPT
25.86,25.86,25.86,25.86,100,2021-10-04 18:10:00,ILPT
25.84,25.84,25.84,25.84,575,2021-10-04 18:12:00,ILPT
25.8201,25.8201,25.8201,25.8201,280,2021-10-04 18:13:00,ILPT
25.84,25.84,25.84,25.84,100,2021-10-04 18:14:00,ILPT
25.86,25.8686,25.86,25.8686,800,2021-10-04 18:19:00,ILPT
25.87,25.88,25.87,25.88,300,2021-10-04 18:20:00,ILPT
25.8959,25.8959,25.8959,25.8959,138,2021-10-04 18:22:00,ILPT
25.905,25.905,25.905,25.905,100,2021-10-04 18:25:00,ILPT
25.89,25.89,25.89,25.89,100,2021-10-04 18:26:00,ILPT
25.88,25.885,25.88,25.885,200,2021-10-04 18:28:00,ILPT
25.87,25.87,25.87,25.87,100,2021-10-04 18:29:00,ILPT
25.885,25.885,25.875,25.875,300,2021-10-04 18:32:00,ILPT
25.89,25.89,25.89,25.89,100,2021-10-04 18:33:00,ILPT
25.89,25.89,25.89,25.89,500,2021-10-04 18:34:00,ILPT
25.9,25.91,25.9,25.91,300,2021-10-04 18:38:00,ILPT
25.92,25.92,25.92,25.92,100,2021-10-04 18:39:00,ILPT
25.91,25.91,25.91,25.91,100,2021-10-04 18:40:00,ILPT
25.93,25.94,25.93,25.94,500,2021-10-04 18:43:00,ILPT
25.92,25.92,25.92,25.92,100,2021-10-04 18:44:00,ILPT
25.915,25.915,25.915,25.915,100,2021-10-04 18:47:00,ILPT
25.93,25.95,25.93,25.95,700,2021-10-04 18:50:00,ILPT
25.945,25.945,25.945,25.945,100,2021-10-04 18:54:00,ILPT
25.95,25.95,25.95,25.95,100,2021-10-04 18:55:00,ILPT
25.945,25.95,25.945,25.95,200,2021-10-04 18:56:00,ILPT
25.9201,25.94,25.9201,25.94,200,2021-10-04 18:57:00,ILPT
25.935,25.935,25.935,25.935,100,2021-10-04 18:58:00,ILPT
25.93,25.93,25.93,25.93,100,2021-10-04 19:01:00,ILPT
25.95,25.95,25.95,25.95,300,2021-10-04 19:02:00,ILPT
25.95,25.96,25.95,25.96,1000,2021-10-04 19:04:00,ILPT
25.97,25.97,25.97,25.97,300,2021-10-04 19:06:00,ILPT
25.98,25.98,25.98,25.98,100,2021-10-04 19:07:00,ILPT
25.965,25.965,25.965,25.965,103,2021-10-04 19:09:00,ILPT
25.95,25.95,25.95,25.95,200,2021-10-04 19:10:00,ILPT
25.95,25.95,25.95,25.95,162,2021-10-04 19:12:00,ILPT
25.97,25.97,25.97,25.97,100,2021-10-04 19:13:00,ILPT
25.975,25.975,25.975,25.975,100,2021-10-04 19:14:00,ILPT
25.95,25.95,25.95,25.95,100,2021-10-04 19:17:00,ILPT
25.945,25.945,25.945,25.945,100,2021-10-04 19:19:00,ILPT
25.964,25.966,25.96,25.96,468,2021-10-04 19:20:00,ILPT
25.945,25.96,25.945,25.95,300,2021-10-04 19:22:00,ILPT
25.96,25.97,25.96,25.97,800,2021-10-04 19:23:00,ILPT
25.97,25.97,25.97,25.97,400,2021-10-04 19:24:00,ILPT
25.98,25.98,25.98,25.98,100,2021-10-04 19:25:00,ILPT
25.98,26.03,25.98,26.01,500,2021-10-04 19:28:00,ILPT
26.01,26.01,26.01,26.01,200,2021-10-04 19:30:00,ILPT
26.01,26.0199,26.01,26.0199,338,2021-10-04 19:31:00,ILPT
26.0,26.0,26.0,26.0,100,2021-10-04 19:32:00,ILPT
26.02,26.02,26.02,26.02,100,2021-10-04 19:33:00,ILPT
26.05,26.05,26.05,26.05,278,2021-10-04 19:35:00,ILPT
26.06,26.06,26.06,26.06,900,2021-10-04 19:36:00,ILPT
26.06,26.06,26.05,26.05,200,2021-10-04 19:38:00,ILPT
26.05,26.05,26.03,26.03,200,2021-10-04 19:39:00,ILPT
26.06,26.06,26.06,26.06,100,2021-10-04 19:40:00,ILPT
26.06,26.06,26.035,26.035,400,2021-10-04 19:41:00,ILPT
26.0586,26.0586,26.0586,26.0586,100,2021-10-04 19:42:00,ILPT
26.07,26.07,26.07,26.07,400,2021-10-04 19:43:00,ILPT
26.08,26.08,26.08,26.08,200,2021-10-04 19:45:00,ILPT
26.08,26.08,26.08,26.08,100,2021-10-04 19:46:00,ILPT
26.08,26.08,26.08,26.08,100,2021-10-04 19:47:00,ILPT
26.065,26.065,26.065,26.065,200,2021-10-04 19:48:00,ILPT
26.08,26.08,26.08,26.08,700,2021-10-04 19:49:00,ILPT
26.01,26.02,25.985,25.985,828,2021-10-04 19:50:00,ILPT
25.985,25.99,25.985,25.99,200,2021-10-04 19:51:00,ILPT
25.99,26.0,25.98,26.0,3914,2021-10-04 19:52:00,ILPT
25.995,25.995,25.995,25.995,100,2021-10-04 19:53:00,ILPT
25.98,26.02,25.98,26.02,1109,2021-10-04 19:54:00,ILPT
26.01,26.05,26.01,26.05,846,2021-10-04 19:55:00,ILPT
26.02,26.02,26.02,26.02,100,2021-10-04 19:56:00,ILPT
26.02,26.05,26.01,26.03,2919,2021-10-04 19:57:00,ILPT
26.02,26.06,26.02,26.03,6261,2021-10-04 19:58:00,ILPT
26.025,26.05,26.0,26.05,5007,2021-10-04 19:59:00,ILPT
26.03,26.03,26.03,26.03,31276,2021-10-04 20:00:00,ILPT
26.08,26.08,26.08,26.08,2660,2021-10-05 13:30:00,ILPT
25.95,25.95,25.8,25.8,989,2021-10-05 13:31:00,ILPT
25.82,25.87,25.785,25.87,400,2021-10-05 13:33:00,ILPT
25.85,25.85,25.85,25.85,100,2021-10-05 13:34:00,ILPT
25.82,25.8573,25.82,25.8573,414,2021-10-05 13:36:00,ILPT
25.83,25.83,25.83,25.83,1200,2021-10-05 13:38:00,ILPT
25.7801,25.8174,25.77,25.77,950,2021-10-05 13:39:00,ILPT
25.79,25.79,25.79,25.79,100,2021-10-05 13:40:00,ILPT
25.82,25.8618,25.82,25.8618,300,2021-10-05 13:41:00,ILPT
25.79,25.79,25.79,25.79,200,2021-10-05 13:43:00,ILPT
25.79,25.79,25.79,25.79,185,2021-10-05 13:44:00,ILPT
25.8241,25.8241,25.8241,25.8241,480,2021-10-05 13:45:00,ILPT
25.79,25.79,25.79,25.79,100,2021-10-05 13:46:00,ILPT
25.78,25.78,25.74,25.74,300,2021-10-05 13:48:00,ILPT
25.7945,25.7945,25.7825,25.7825,300,2021-10-05 13:51:00,ILPT
25.8,25.8,25.8,25.8,300,2021-10-05 13:53:00,ILPT
25.8,25.8,25.8,25.8,1300,2021-10-05 13:55:00,ILPT
25.781,25.781,25.78,25.78,200,2021-10-05 13:56:00,ILPT
25.78,25.78,25.78,25.78,100,2021-10-05 13:58:00,ILPT
25.799,25.8,25.78,25.78,676,2021-10-05 13:59:00,ILPT
25.84,25.8499,25.82,25.82,850,2021-10-05 14:00:00,ILPT
25.87,25.87,25.87,25.87,100,2021-10-05 14:01:00,ILPT
25.81,25.81,25.81,25.81,100,2021-10-05 14:03:00,ILPT
25.83,25.83,25.83,25.83,200,2021-10-05 14:04:00,ILPT
25.7945,25.7945,25.7945,25.7945,100,2021-10-05 14:05:00,ILPT
25.86,25.86,25.835,25.835,400,2021-10-05 14:11:00,ILPT
25.78,25.78,25.78,25.78,100,2021-10-05 14:13:00,ILPT
25.82,25.82,25.82,25.82,100,2021-10-05 14:14:00,ILPT
25.805,25.81,25.805,25.81,208,2021-10-05 14:16:00,ILPT
25.83,25.83,25.83,25.83,300,2021-10-05 14:17:00,ILPT
25.83,25.83,25.83,25.83,100,2021-10-05 14:18:00,ILPT
25.86,25.86,25.86,25.86,100,2021-10-05 14:20:00,ILPT
25.85,25.85,25.85,25.85,100,2021-10-05 14:21:00,ILPT
25.9003,25.9003,25.9003,25.9003,100,2021-10-05 14:22:00,ILPT
25.869,25.869,25.869,25.869,100,2021-10-05 14:23:00,ILPT
25.89,25.91,25.89,25.91,400,2021-10-05 14:25:00,ILPT
25.97,25.98,25.96,25.98,6398,2021-10-05 14:27:00,ILPT
25.965,25.97,25.965,25.97,300,2021-10-05 14:28:00,ILPT
25.94,25.94,25.9,25.9,300,2021-10-05 14:29:00,ILPT
25.9,25.9,25.87,25.9,400,2021-10-05 14:30:00,ILPT
25.9,25.92,25.8832,25.89,1028,2021-10-05 14:32:00,ILPT
25.93,25.93,25.93,25.93,100,2021-10-05 14:33:00,ILPT
25.9,25.9,25.9,25.9,300,2021-10-05 14:37:00,ILPT
25.89,25.9,25.89,25.9,528,2021-10-05 14:38:00,ILPT
25.875,25.875,25.82,25.82,616,2021-10-05 14:40:00,ILPT
25.76,25.76,25.76,25.76,595,2021-10-05 14:46:00,ILPT
25.8,25.8,25.79,25.79,400,2021-10-05 14:48:00,ILPT
25.78,25.79,25.78,25.79,200,2021-10-05 14:49:00,ILPT
25.81,25.81,25.81,25.81,700,2021-10-05 14:50:00,ILPT
25.86,25.86,25.86,25.86,100,2021-10-05 14:54:00,ILPT
25.8387,25.8387,25.82,25.82,1252,2021-10-05 14:56:00,ILPT
25.86,25.86,25.83,25.83,400,2021-10-05 14:59:00,ILPT
25.89,25.89,25.86,25.86,462,2021-10-05 15:03:00,ILPT
25.85,25.85,25.85,25.85,100,2021-10-05 15:07:00,ILPT
25.9044,25.9044,25.9,25.9,506,2021-10-05 15:10:00,ILPT
25.91,25.91,25.91,25.91,200,2021-10-05 15:12:00,ILPT
25.94,25.94,25.94,25.94,500,2021-10-05 15:20:00,ILPT
25.94,25.94,25.94,25.94,100,2021-10-05 15:21:00,ILPT
25.94,25.94,25.915,25.915,325,2021-10-05 15:22:00,ILPT
25.93,25.93,25.93,25.93,200,2021-10-05 15:23:00,ILPT
25.92,25.92,25.92,25.92,100,2021-10-05 15:25:00,ILPT
25.9156,25.9156,25.9156,25.9156,500,2021-10-05 15:28:00,ILPT
25.91,25.91,25.91,25.91,200,2021-10-05 15:29:00,ILPT
25.925,25.925,25.9,25.9,200,2021-10-05 15:30:00,ILPT
25.91,25.91,25.9,25.9,219,2021-10-05 15:33:00,ILPT
25.93,25.93,25.93,25.93,100,2021-10-05 15:34:00,ILPT
25.9,25.9,25.9,25.9,8985,2021-10-05 15:35:00,ILPT
25.9,25.91,25.9,25.91,600,2021-10-05 15:44:00,ILPT
25.891,25.91,25.891,25.91,308,2021-10-05 15:46:00,ILPT
25.92,25.92,25.92,25.92,100,2021-10-05 15:52:00,ILPT
25.91,25.91,25.91,25.91,100,2021-10-05 15:53:00,ILPT
25.91,25.91,25.91,25.91,200,2021-10-05 15:54:00,ILPT
25.91,25.91,25.91,25.91,100,2021-10-05 15:55:00,ILPT
25.91,25.91,25.89,25.89,818,2021-10-05 15:56:00,ILPT
25.89,25.89,25.88,25.88,300,2021-10-05 15:57:00,ILPT
25.91,25.93,25.91,25.93,800,2021-10-05 15:59:00,ILPT
25.93,25.93,25.93,25.93,100,2021-10-05 16:01:00,ILPT
25.95,25.95,25.95,25.95,400,2021-10-05 16:07:00,ILPT
25.955,25.955,25.955,25.955,100,2021-10-05 16:12:00,ILPT
25.97,25.97,25.97,25.97,200,2021-10-05 16:16:00,ILPT
25.94,25.94,25.94,25.94,606,2021-10-05 16:19:00,ILPT
25.935,25.935,25.935,25.935,100,2021-10-05 16:20:00,ILPT
25.95,25.95,25.95,25.95,200,2021-10-05 16:22:00,ILPT
25.94,25.94,25.92,25.92,918,2021-10-05 16:25:00,ILPT
25.92,25.92,25.92,25.92,100,2021-10-05 16:30:00,ILPT
25.91,25.91,25.91,25.91,100,2021-10-05 16:31:00,ILPT
25.915,25.915,25.89,25.89,451,2021-10-05 16:32:00,ILPT
25.915,25.915,25.915,25.915,100,2021-10-05 16:33:00,ILPT
25.895,25.895,25.895,25.895,545,2021-10-05 16:40:00,ILPT
25.89,25.89,25.89,25.89,403,2021-10-05 16:46:00,ILPT
25.91,25.91,25.9,25.9,600,2021-10-05 16:48:00,ILPT
25.905,25.92,25.905,25.91,600,2021-10-05 16:52:00,ILPT
25.92,25.92,25.915,25.915,600,2021-10-05 16:54:00,ILPT
25.9,25.9,25.9,25.9,100,2021-10-05 16:57:00,ILPT
25.9,25.9,25.9,25.9,100,2021-10-05 16:58:00,ILPT
25.92,25.93,25.92,25.925,1500,2021-10-05 16:59:00,ILPT
25.925,25.925,25.925,25.925,100,2021-10-05 17:00:00,ILPT
25.925,25.925,25.925,25.925,200,2021-10-05 17:01:00,ILPT
25.91,25.91,25.9,25.9,949,2021-10-05 17:03:00,ILPT
25.92,25.92,25.92,25.92,400,2021-10-05 17:05:00,ILPT
25.92,25.92,25.92,25.92,200,2021-10-05 17:08:00,ILPT
25.92,25.92,25.9,25.9,397,2021-10-05 17:09:00,ILPT
25.93,25.93,25.925,25.925,700,2021-10-05 17:17:00,ILPT
25.9399,25.9399,25.9399,25.9399,150,2021-10-05 17:18:00,ILPT
25.925,25.925,25.925,25.925,400,2021-10-05 17:19:00,ILPT
25.925,25.925,25.925,25.925,1300,2021-10-05 17:22:00,ILPT
25.925,25.925,25.925,25.925,100,2021-10-05 17:24:00,ILPT
25.91,25.91,25.91,25.91,100,2021-10-05 17:26:00,ILPT
25.94,25.94,25.93,25.94,800,2021-10-05 17:28:00,ILPT
25.94,25.94,25.94,25.94,200,2021-10-05 17:29:00,ILPT
25.9451,25.9451,25.94,25.94,400,2021-10-05 17:30:00,ILPT
25.94,25.94,25.93,25.93,800,2021-10-05 17:32:00,ILPT
25.935,25.935,25.93,25.935,700,2021-10-05 17:33:00,ILPT
25.935,25.94,25.935,25.94,600,2021-10-05 17:34:00,ILPT
25.94,25.94,25.89,25.89,2729,2021-10-05 17:35:00,ILPT
25.92,25.92,25.92,25.92,200,2021-10-05 17:36:00,ILPT
25.915,25.915,25.915,25.915,246,2021-10-05 17:38:00,ILPT
25.915,25.915,25.915,25.915,100,2021-10-05 17:39:00,ILPT
25.9242,25.9242,25.9242,25.9242,2689,2021-10-05 17:42:00,ILPT
25.9,25.9,25.9,25.9,100,2021-10-05 17:43:00,ILPT
25.9,25.9,25.9,25.9,100,2021-10-05 17:49:00,ILPT
25.93,25.93,25.93,25.93,800,2021-10-05 17:50:00,ILPT
25.9,25.91,25.9,25.9,500,2021-10-05 17:53:00,ILPT
25.92,25.92,25.915,25.915,1100,2021-10-05 17:55:00,ILPT
25.915,25.915,25.9,25.9,200,2021-10-05 17:56:00,ILPT
25.9,25.9,25.89,25.89,1200,2021-10-05 17:57:00,ILPT
25.91,25.91,25.91,25.91,300,2021-10-05 18:01:00,ILPT
25.91,25.91,25.91,25.91,300,2021-10-05 18:02:00,ILPT
25.91,25.93,25.91,25.93,500,2021-10-05 18:03:00,ILPT
25.93,25.93,25.93,25.93,300,2021-10-05 18:10:00,ILPT
25.95,26.0058,25.95,25.995,3652,2021-10-05 18:11:00,ILPT
25.97,25.98,25.97,25.97,400,2021-10-05 18:12:00,ILPT
25.96,25.96,25.96,25.96,100,2021-10-05 18:15:00,ILPT
25.965,25.965,25.965,25.965,100,2021-10-05 18:16:00,ILPT
25.96,25.97,25.96,25.97,962,2021-10-05 18:17:00,ILPT
25.995,26.01,25.995,26.01,200,2021-10-05 18:18:00,ILPT
25.98,25.98,25.98,25.98,100,2021-10-05 18:21:00,ILPT
25.98,25.98,25.98,25.98,100,2021-10-05 18:24:00,ILPT
25.9864,25.99,25.98,25.98,1100,2021-10-05 18:25:00,ILPT
25.97,25.97,25.97,25.97,100,2021-10-05 18:26:00,ILPT
25.97,25.97,25.96,25.96,1189,2021-10-05 18:27:00,ILPT
25.97,25.985,25.97,25.985,700,2021-10-05 18:28:00,ILPT
25.98,25.99,25.98,25.99,200,2021-10-05 18:31:00,ILPT
25.99,25.99,25.99,25.99,500,2021-10-05 18:32:00,ILPT
25.97,25.99,25.97,25.99,200,2021-10-05 18:33:00,ILPT
25.99,25.99,25.99,25.99,2800,2021-10-05 18:34:00,ILPT
25.97,25.97,25.97,25.97,100,2021-10-05 18:36:00,ILPT
25.99,25.99,25.97,25.97,200,2021-10-05 18:37:00,ILPT
25.97,25.97,25.97,25.97,100,2021-10-05 18:38:00,ILPT
25.99,25.99,25.99,25.99,100,2021-10-05 18:39:00,ILPT
25.98,25.98,25.98,25.98,100,2021-10-05 18:40:00,ILPT
25.97,25.97,25.97,25.97,100,2021-10-05 18:43:00,ILPT
25.98,25.98,25.98,25.98,200,2021-10-05 18:45:00,ILPT
25.98,25.98,25.98,25.98,100,2021-10-05 18:47:00,ILPT
25.98,25.98,25.98,25.98,100,2021-10-05 18:48:00,ILPT
26.01,26.02,26.01,26.02,1293,2021-10-05 18:50:00,ILPT
26.0132,26.015,26.0132,26.015,500,2021-10-05 18:53:00,ILPT
26.0,26.03,26.0,26.01,1850,2021-10-05 18:55:00,ILPT
26.015,26.03,26.015,26.03,200,2021-10-05 18:56:00,ILPT
26.0,26.0,26.0,26.0,700,2021-10-05 18:59:00,ILPT
25.995,25.995,25.995,25.995,100,2021-10-05 19:01:00,ILPT
25.99,25.99,25.99,25.99,100,2021-10-05 19:02:00,ILPT
25.995,25.995,25.97,25.97,300,2021-10-05 19:03:00,ILPT
25.96,25.96,25.96,25.96,750,2021-10-05 19:04:00,ILPT
25.96,25.96,25.9484,25.9484,600,2021-10-05 19:05:00,ILPT
25.9559,25.96,25.9555,25.96,1592,2021-10-05 19:06:00,ILPT
25.95,25.95,25.92,25.92,200,2021-10-05 19:09:00,ILPT
25.93,25.93,25.91,25.91,389,2021-10-05 19:11:00,ILPT
25.92,25.925,25.92,25.925,200,2021-10-05 19:13:00,ILPT
25.92,25.95,25.92,25.95,1433,2021-10-05 19:15:00,ILPT
25.97,25.97,25.97,25.97,200,2021-10-05 19:16:00,ILPT
25.967,25.9797,25.95,25.95,1400,2021-10-05 19:18:00,ILPT
25.965,25.965,25.965,25.965,200,2021-10-05 19:19:00,ILPT
25.95,25.95,25.95,25.95,100,2021-10-05 19:20:00,ILPT
25.97,25.97,25.95,25.95,850,2021-10-05 19:22:00,ILPT
25.96,25.97,25.96,25.97,555,2021-10-05 19:23:00,ILPT
25.98,25.98,25.98,25.98,200,2021-10-05 19:24:00,ILPT
26.0,26.0,26.0,26.0,300,2021-10-05 19:25:00,ILPT
26.0,26.01,26.0,26.01,200,2021-10-05 19:26:00,ILPT
26.02,26.03,26.01,26.03,1222,2021-10-05 19:29:00,ILPT
26.015,26.03,26.015,26.02,800,2021-10-05 19:30:00,ILPT
26.02,26.03,26.01,26.02,2132,2021-10-05 19:32:00,ILPT
26.025,26.025,26.01,26.01,200,2021-10-05 19:33:00,ILPT
26.01,26.04,26.01,26.0397,300,2021-10-05 19:35:00,ILPT
26.03,26.05,26.03,26.05,1501,2021-10-05 19:36:00,ILPT
26.03,26.032,26.03,26.032,501,2021-10-05 19:37:00,ILPT
26.03,26.04,26.03,26.04,600,2021-10-05 19:38:00,ILPT
26.04,26.05,26.04,26.05,400,2021-10-05 19:39:00,ILPT
26.06,26.06,26.05,26.055,1678,2021-10-05 19:40:00,ILPT
26.06,26.06,26.04,26.04,200,2021-10-05 19:41:00,ILPT
26.04,26.04,26.04,26.04,200,2021-10-05 19:42:00,ILPT
26.04,26.04,26.01,26.01,400,2021-10-05 19:43:00,ILPT
26.01,26.01,26.01,26.01,100,2021-10-05 19:44:00,ILPT
26.04,26.04,26.04,26.04,306,2021-10-05 19:45:00,ILPT
26.03,26.04,26.02,26.02,900,2021-10-05 19:48:00,ILPT
26.0,26.02,26.0,26.02,244,2021-10-05 19:49:00,ILPT
26.01,26.01,25.99,26.0,2239,2021-10-05 19:50:00,ILPT
26.0,26.0,25.99,25.99,616,2021-10-05 19:51:00,ILPT
25.98,25.98,25.97,25.97,200,2021-10-05 19:52:00,ILPT
25.98,25.99,25.98,25.99,300,2021-10-05 19:53:00,ILPT
25.99,25.99,25.97,25.97,1000,2021-10-05 19:54:00,ILPT
25.99,25.99,25.97,25.99,2523,2021-10-05 19:55:00,ILPT
25.99,25.99,25.97,25.99,2414,2021-10-05 19:56:00,ILPT
25.99,25.99,25.97,25.98,1400,2021-10-05 19:57:00,ILPT
25.98,26.0,25.98,25.985,3394,2021-10-05 19:58:00,ILPT
25.985,26.0,25.98,26.0,2434,2021-10-05 19:59:00,ILPT
25.99,25.99,25.99,25.99,37668,2021-10-05 20:00:00,ILPT
25.99,25.99,25.99,25.99,1536,2021-10-05 20:01:00,ILPT
25.98,25.98,25.98,25.98,4436,2021-10-06 13:30:00,ILPT
25.904,25.904,25.904,25.904,101,2021-10-06 13:33:00,ILPT
25.95,25.95,25.95,25.95,200,2021-10-06 13:40:00,ILPT
25.93,25.93,25.92,25.92,300,2021-10-06 13:41:00,ILPT
25.92,25.93,25.92,25.93,587,2021-10-06 13:42:00,ILPT
25.93,25.93,25.93,25.93,100,2021-10-06 13:45:00,ILPT
25.91,25.91,25.91,25.91,100,2021-10-06 13:46:00,ILPT
25.84,25.84,25.84,25.84,100,2021-10-06 13:54:00,ILPT
25.8286,25.88,25.8286,25.88,1100,2021-10-06 13:55:00,ILPT
25.87,25.87,25.84,25.84,300,2021-10-06 14:01:00,ILPT
25.81,25.81,25.77,25.77,400,2021-10-06 14:10:00,ILPT
25.79,25.81,25.77,25.77,9227,2021-10-06 14:14:00,ILPT
25.71,25.71,25.68,25.68,200,2021-10-06 14:19:00,ILPT
25.68,25.68,25.67,25.67,300,2021-10-06 14:20:00,ILPT
25.68,25.69,25.67,25.69,600,2021-10-06 14:22:00,ILPT
25.69,25.69,25.69,25.69,191,2021-10-06 14:23:00,ILPT
25.69,25.715,25.68,25.71,1198,2021-10-06 14:24:00,ILPT
25.7,25.72,25.7,25.72,1020,2021-10-06 14:25:00,ILPT
25.7339,25.7339,25.7339,25.7339,100,2021-10-06 14:28:00,ILPT
25.7,25.71,25.7,25.71,200,2021-10-06 14:30:00,ILPT
25.71,25.71,25.71,25.71,100,2021-10-06 14:31:00,ILPT
25.72,25.72,25.71,25.71,200,2021-10-06 14:36:00,ILPT
25.7,25.7,25.7,25.7,100,2021-10-06 14:40:00,ILPT
25.72,25.73,25.72,25.73,200,2021-10-06 14:41:00,ILPT
25.715,25.715,25.715,25.715,100,2021-10-06 14:43:00,ILPT
25.7,25.7,25.7,25.7,100,2021-10-06 14:44:00,ILPT
25.69,25.69,25.68,25.69,400,2021-10-06 14:46:00,ILPT
25.67,25.67,25.67,25.67,100,2021-10-06 14:47:00,ILPT
25.6799,25.6799,25.6799,25.6799,200,2021-10-06 14:48:00,ILPT
25.66,25.66,25.66,25.66,200,2021-10-06 14:49:00,ILPT
25.64,25.64,25.64,25.64,200,2021-10-06 14:51:00,ILPT
25.65,25.69,25.65,25.69,400,2021-10-06 14:54:00,ILPT
25.68,25.68,25.67,25.67,200,2021-10-06 14:55:00,ILPT
25.75,25.75,25.75,25.75,1000,2021-10-06 14:59:00,ILPT
25.72,25.72,25.72,25.72,100,2021-10-06 15:00:00,ILPT
25.75,25.75,25.75,25.75,100,2021-10-06 15:04:00,ILPT
25.66,25.66,25.66,25.66,100,2021-10-06 15:08:00,ILPT
25.64,25.64,25.63,25.63,450,2021-10-06 15:11:00,ILPT
25.65,25.65,25.65,25.65,300,2021-10-06 15:12:00,ILPT
25.65,25.65,25.64,25.64,205,2021-10-06 15:16:00,ILPT
25.65,25.65,25.64,25.64,700,2021-10-06 15:19:00,ILPT
25.63,25.65,25.63,25.65,300,2021-10-06 15:22:00,ILPT
25.65,25.65,25.65,25.65,200,2021-10-06 15:23:00,ILPT
25.61,25.61,25.61,25.61,400,2021-10-06 15:25:00,ILPT
25.6,25.6,25.6,25.6,100,2021-10-06 15:29:00,ILPT
25.56,25.58,25.56,25.58,300,2021-10-06 15:32:00,ILPT
25.59,25.59,25.59,25.59,100,2021-10-06 15:34:00,ILPT
25.566,25.566,25.566,25.566,100,2021-10-06 15:36:00,ILPT
25.56,25.56,25.56,25.56,100,2021-10-06 15:38:00,ILPT
25.56,25.56,25.56,25.56,200,2021-10-06 15:39:00,ILPT
25.58,25.595,25.58,25.58,889,2021-10-06 15:40:00,ILPT
25.5569,25.5569,25.5569,25.5569,100,2021-10-06 15:42:00,ILPT
25.5201,25.5201,25.5201,25.5201,1000,2021-10-06 15:48:00,ILPT
25.55,25.55,25.55,25.55,100,2021-10-06 15:49:00,ILPT
25.56,25.56,25.56,25.56,2100,2021-10-06 15:51:00,ILPT
25.63,25.63,25.63,25.63,105,2021-10-06 15:56:00,ILPT
25.68,25.68,25.67,25.67,300,2021-10-06 16:01:00,ILPT
25.64,25.64,25.64,25.64,100,2021-10-06 16:03:00,ILPT
25.63,25.63,25.63,25.63,100,2021-10-06 16:04:00,ILPT
25.625,25.64,25.625,25.629,500,2021-10-06 16:07:00,ILPT
25.62,25.62,25.62,25.62,100,2021-10-06 16:11:00,ILPT
25.59,25.59,25.59,25.59,100,2021-10-06 16:14:00,ILPT
25.62,25.62,25.62,25.62,200,2021-10-06 16:21:00,ILPT
25.62,25.62,25.62,25.62,100,2021-10-06 16:22:00,ILPT
25.59,25.59,25.59,25.59,100,2021-10-06 16:24:00,ILPT
25.595,25.595,25.595,25.595,105,2021-10-06 16:28:00,ILPT
25.59,25.59,25.59,25.59,1047,2021-10-06 16:29:00,ILPT
25.61,25.63,25.6,25.63,1100,2021-10-06 16:30:00,ILPT
25.63,25.63,25.63,25.63,200,2021-10-06 16:33:00,ILPT
25.64,25.64,25.64,25.64,200,2021-10-06 16:35:00,ILPT
25.63,25.63,25.63,25.63,300,2021-10-06 16:37:00,ILPT
25.63,25.63,25.63,25.63,100,2021-10-06 16:42:00,ILPT
25.65,25.66,25.6427,25.66,700,2021-10-06 16:44:00,ILPT
25.63,25.63,25.63,25.63,400,2021-10-06 16:45:00,ILPT
25.62,25.62,25.62,25.62,200,2021-10-06 16:46:00,ILPT
25.61,25.61,25.61,25.61,617,2021-10-06 16:54:00,ILPT
25.61,25.61,25.61,25.61,100,2021-10-06 16:58:00,ILPT
25.63,25.63,25.63,25.63,100,2021-10-06 16:59:00,ILPT
25.63,25.63,25.63,25.63,200,2021-10-06 17:04:00,ILPT
25.65,25.65,25.645,25.645,205,2021-10-06 17:05:00,ILPT
25.63,25.64,25.63,25.63,719,2021-10-06 17:07:00,ILPT
25.62,25.62,25.62,25.62,100,2021-10-06 17:08:00,ILPT
25.64,25.64,25.64,25.64,384,2021-10-06 17:09:00,ILPT
25.62,25.62,25.62,25.62,100,2021-10-06 17:11:00,ILPT
25.64,25.64,25.63,25.63,200,2021-10-06 17:12:00,ILPT
25.65,25.65,25.64,25.64,300,2021-10-06 17:14:00,ILPT
25.66,25.66,25.66,25.66,100,2021-10-06 17:15:00,ILPT
25.65,25.665,25.65,25.655,500,2021-10-06 17:16:00,ILPT
25.67,25.67,25.67,25.67,100,2021-10-06 17:17:00,ILPT
25.7,25.7,25.7,25.7,100,2021-10-06 17:19:00,ILPT
25.7,25.7,25.7,25.7,100,2021-10-06 17:22:00,ILPT
25.75,25.75,25.75,25.75,200,2021-10-06 17:26:00,ILPT
25.75,25.76,25.75,25.76,200,2021-10-06 17:28:00,ILPT
25.8,25.8,25.79,25.8,400,2021-10-06 17:29:00,ILPT
25.78,25.7999,25.78,25.7999,500,2021-10-06 17:30:00,ILPT
25.8208,25.8208,25.8208,25.8208,200,2021-10-06 17:31:00,ILPT
25.8,25.8,25.8,25.8,216,2021-10-06 17:32:00,ILPT
25.82,25.82,25.82,25.82,100,2021-10-06 17:35:00,ILPT
25.86,25.88,25.86,25.88,500,2021-10-06 17:38:00,ILPT
25.88,25.88,25.88,25.88,100,2021-10-06 17:39:00,ILPT
25.89,25.89,25.875,25.875,1100,2021-10-06 17:40:00,ILPT
25.88,25.91,25.88,25.91,200,2021-10-06 17:42:00,ILPT
25.87,25.87,25.87,25.87,131,2021-10-06 17:43:00,ILPT
25.88,25.88,25.88,25.88,100,2021-10-06 17:44:00,ILPT
25.89,25.89,25.89,25.89,200,2021-10-06 17:48:00,ILPT
25.875,25.875,25.875,25.875,100,2021-10-06 17:50:00,ILPT
25.875,25.875,25.875,25.875,100,2021-10-06 17:51:00,ILPT
25.87,25.876,25.87,25.876,400,2021-10-06 17:54:00,ILPT
25.875,25.875,25.875,25.875,500,2021-10-06 17:55:00,ILPT
25.89,25.9,25.89,25.9,1531,2021-10-06 17:58:00,ILPT
25.93,25.93,25.915,25.915,200,2021-10-06 17:59:00,ILPT
25.93,25.93,25.93,25.93,100,2021-10-06 18:00:00,ILPT
25.91,25.92,25.88,25.88,700,2021-10-06 18:01:00,ILPT
25.91,25.95,25.91,25.95,4424,2021-10-06 18:04:00,ILPT
25.94,25.94,25.94,25.94,313,2021-10-06 18:05:00,ILPT
25.93,25.93,25.93,25.93,100,2021-10-06 18:06:00,ILPT
25.96,25.96,25.96,25.96,100,2021-10-06 18:08:00,ILPT
25.96,25.96,25.96,25.96,100,2021-10-06 18:09:00,ILPT
25.989,26.0,25.989,25.989,1777,2021-10-06 18:11:00,ILPT
25.99,25.99,25.99,25.99,400,2021-10-06 18:12:00,ILPT
26.01,26.01,25.9917,25.9917,650,2021-10-06 18:17:00,ILPT
26.01,26.03,26.01,26.02,1036,2021-10-06 18:18:00,ILPT
26.05,26.05,26.05,26.05,100,2021-10-06 18:19:00,ILPT
26.02,26.02,26.02,26.02,100,2021-10-06 18:21:00,ILPT
26.035,26.035,26.035,26.035,100,2021-10-06 18:23:00,ILPT
26.01,26.0496,26.01,26.0496,1500,2021-10-06 18:24:00,ILPT
26.04,26.04,26.04,26.04,100,2021-10-06 18:25:00,ILPT
26.04,26.04,26.02,26.02,200,2021-10-06 18:26:00,ILPT
26.03,26.03,26.03,26.03,100,2021-10-06 18:28:00,ILPT
26.02,26.02,26.02,26.02,100,2021-10-06 18:30:00,ILPT
26.04,26.04,26.04,26.04,100,2021-10-06 18:31:00,ILPT
26.04,26.04,26.04,26.04,100,2021-10-06 18:32:00,ILPT
26.03,26.04,26.025,26.025,1100,2021-10-06 18:33:00,ILPT
26.04,26.05,26.04,26.05,606,2021-10-06 18:34:00,ILPT
26.05,26.05,26.05,26.05,200,2021-10-06 18:35:00,ILPT
26.05,26.05,26.0441,26.0441,302,2021-10-06 18:36:00,ILPT
26.05,26.05,26.05,26.05,100,2021-10-06 18:38:00,ILPT
26.06,26.06,26.06,26.06,100,2021-10-06 18:39:00,ILPT
26.07,26.075,26.07,26.075,200,2021-10-06 18:40:00,ILPT
26.08,26.08,26.08,26.08,100,2021-10-06 18:42:00,ILPT
26.0702,26.0702,26.0702,26.0702,889,2021-10-06 18:46:00,ILPT
26.08,26.083,26.075,26.075,601,2021-10-06 18:47:00,ILPT
26.07,26.07,26.07,26.07,200,2021-10-06 18:48:00,ILPT
26.05,26.05,26.05,26.05,100,2021-10-06 18:50:00,ILPT
26.06,26.06,26.06,26.06,100,2021-10-06 18:51:00,ILPT
26.04,26.05,26.02,26.05,1100,2021-10-06 18:52:00,ILPT
26.07,26.07,26.07,26.07,100,2021-10-06 18:53:00,ILPT
26.085,26.09,26.08,26.08,400,2021-10-06 18:55:00,ILPT
26.075,26.075,26.075,26.075,100,2021-10-06 18:57:00,ILPT
26.035,26.035,26.035,26.035,100,2021-10-06 19:00:00,ILPT
26.03,26.03,26.03,26.03,100,2021-10-06 19:02:00,ILPT
26.05,26.05,26.0362,26.0362,315,2021-10-06 19:05:00,ILPT
26.07,26.07,26.045,26.045,200,2021-10-06 19:06:00,ILPT
26.05,26.05,26.05,26.05,200,2021-10-06 19:09:00,ILPT
26.06,26.06,26.055,26.0557,320,2021-10-06 19:10:00,ILPT
26.06,26.1096,26.06,26.1096,1340,2021-10-06 19:12:00,ILPT
26.07,26.08,26.07,26.08,1100,2021-10-06 19:13:00,ILPT
26.08,26.08,26.08,26.08,100,2021-10-06 19:14:00,ILPT
26.115,26.13,26.115,26.12,1150,2021-10-06 19:15:00,ILPT
26.1,26.11,26.1,26.11,296,2021-10-06 19:17:00,ILPT
26.11,26.11,26.11,26.11,100,2021-10-06 19:18:00,ILPT
26.12,26.13,26.12,26.13,500,2021-10-06 19:19:00,ILPT
26.12,26.13,26.12,26.13,200,2021-10-06 19:20:00,ILPT
26.13,26.14,26.13,26.1396,500,2021-10-06 19:21:00,ILPT
26.14,26.15,26.14,26.15,500,2021-10-06 19:22:00,ILPT
26.14,26.145,26.14,26.145,200,2021-10-06 19:23:00,ILPT
26.145,26.145,26.14,26.14,200,2021-10-06 19:25:00,ILPT
26.115,26.115,26.105,26.105,200,2021-10-06 19:26:00,ILPT
26.1011,26.12,26.1011,26.12,326,2021-10-06 19:28:00,ILPT
26.12,26.15,26.12,26.15,700,2021-10-06 19:30:00,ILPT
26.16,26.18,26.16,26.18,602,2021-10-06 19:31:00,ILPT
26.22,26.22,26.22,26.22,100,2021-10-06 19:32:00,ILPT
26.18,26.18,26.18,26.18,100,2021-10-06 19:33:00,ILPT
26.19,26.19,26.19,26.19,704,2021-10-06 19:34:00,ILPT
26.2,26.23,26.2,26.23,800,2021-10-06 19:35:00,ILPT
26.25,26.25,26.22,26.22,600,2021-10-06 19:36:00,ILPT
26.23,26.23,26.22,26.225,672,2021-10-06 19:37:00,ILPT
26.24,26.24,26.24,26.24,100,2021-10-06 19:39:00,ILPT
26.27,26.29,26.27,26.285,600,2021-10-06 19:40:00,ILPT
26.29,26.3,26.28,26.29,2005,2021-10-06 19:42:00,ILPT
26.29,26.295,26.29,26.295,620,2021-10-06 19:43:00,ILPT
26.3,26.32,26.3,26.32,800,2021-10-06 19:44:00,ILPT
26.33,26.34,26.32,26.32,826,2021-10-06 19:45:00,ILPT
26.31,26.33,26.31,26.32,500,2021-10-06 19:46:00,ILPT
26.33,26.35,26.33,26.35,432,2021-10-06 19:47:00,ILPT
26.345,26.345,26.34,26.34,305,2021-10-06 19:48:00,ILPT
26.36,26.36,26.36,26.36,100,2021-10-06 19:49:00,ILPT
26.36,26.4,26.356,26.38,1000,2021-10-06 19:50:00,ILPT
26.4,26.4,26.375,26.375,200,2021-10-06 19:51:00,ILPT
26.36,26.365,26.34,26.35,1915,2021-10-06 19:52:00,ILPT
26.35,26.38,26.35,26.375,2321,2021-10-06 19:53:00,ILPT
26.36,26.365,26.36,26.365,300,2021-10-06 19:54:00,ILPT
26.37,26.37,26.34,26.37,1278,2021-10-06 19:55:00,ILPT
26.365,26.38,26.36,26.38,1023,2021-10-06 19:56:00,ILPT
26.39,26.4,26.37,26.385,3536,2021-10-06 19:57:00,ILPT
26.39,26.41,26.39,26.4,2283,2021-10-06 19:58:00,ILPT
26.4,26.43,26.4,26.425,3502,2021-10-06 19:59:00,ILPT
26.42,26.42,26.42,26.42,34297,2021-10-06 20:00:00,ILPT
26.42,26.42,26.42,26.42,1053,2021-10-06 20:01:00,ILPT
26.36,26.36,26.36,26.36,112,2021-10-06 21:41:00,ILPT
26.51,26.67,26.51,26.62,3428,2021-10-07 13:30:00,ILPT
26.57,26.57,26.57,26.57,100,2021-10-07 13:34:00,ILPT
26.58,26.59,26.58,26.59,450,2021-10-07 13:36:00,ILPT
26.555,26.555,26.555,26.555,257,2021-10-07 13:38:00,ILPT
26.5,26.5602,26.5,26.5,2153,2021-10-07 13:40:00,ILPT
26.535,26.535,26.535,26.535,100,2021-10-07 13:42:00,ILPT
26.5552,26.5552,26.5552,26.5552,100,2021-10-07 13:49:00,ILPT
26.5,26.56,26.5,26.56,200,2021-10-07 13:50:00,ILPT
26.54,26.54,26.53,26.53,400,2021-10-07 13:51:00,ILPT
26.565,26.6,26.5488,26.6,4575,2021-10-07 13:52:00,ILPT
26.53,26.53,26.52,26.53,300,2021-10-07 13:54:00,ILPT
26.56,26.56,26.5344,26.5344,300,2021-10-07 13:55:00,ILPT
26.59,26.63,26.59,26.63,500,2021-10-07 13:56:00,ILPT
26.58,26.6034,26.57,26.6034,1000,2021-10-07 13:57:00,ILPT
26.61,26.61,26.61,26.61,500,2021-10-07 14:04:00,ILPT
26.595,26.595,26.595,26.595,265,2021-10-07 14:06:00,ILPT
26.63,26.63,26.63,26.63,1200,2021-10-07 14:07:00,ILPT
26.66,26.66,26.635,26.635,300,2021-10-07 14:08:00,ILPT
26.66,26.66,26.66,26.66,200,2021-10-07 14:09:00,ILPT
26.65,26.65,26.65,26.65,400,2021-10-07 14:10:00,ILPT
26.63,26.65,26.601,26.601,530,2021-10-07 14:12:00,ILPT
26.59,26.6362,26.59,26.6362,1100,2021-10-07 14:21:00,ILPT
26.62,26.62,26.62,26.62,200,2021-10-07 14:22:00,ILPT
26.58,26.58,26.58,26.58,120,2021-10-07 14:24:00,ILPT
26.565,26.575,26.565,26.575,200,2021-10-07 14:25:00,ILPT
26.565,26.565,26.565,26.565,100,2021-10-07 14:26:00,ILPT
26.56,26.56,26.56,26.56,100,2021-10-07 14:27:00,ILPT
26.57,26.63,26.555,26.62,2384,2021-10-07 14:28:00,ILPT
26.64,26.64,26.62,26.62,300,2021-10-07 14:31:00,ILPT
26.64,26.64,26.64,26.64,200,2021-10-07 14:34:00,ILPT
26.6187,26.6187,26.6187,26.6187,900,2021-10-07 14:36:00,ILPT
26.6,26.6,26.6,26.6,100,2021-10-07 14:38:00,ILPT
26.595,26.595,26.595,26.595,100,2021-10-07 14:39:00,ILPT
26.612,26.612,26.612,26.612,904,2021-10-07 14:42:00,ILPT
26.605,26.63,26.605,26.6132,1300,2021-10-07 14:43:00,ILPT
26.63,26.63,26.63,26.63,100,2021-10-07 14:49:00,ILPT
26.63,26.63,26.62,26.62,200,2021-10-07 14:50:00,ILPT
26.63,26.64,26.63,26.63,500,2021-10-07 14:53:00,ILPT
26.66,26.66,26.66,26.66,100,2021-10-07 14:54:00,ILPT
26.64,26.64,26.64,26.64,100,2021-10-07 14:55:00,ILPT
26.64,26.64,26.64,26.64,600,2021-10-07 14:56:00,ILPT
26.6201,26.6201,26.6201,26.6201,910,2021-10-07 14:58:00,ILPT
26.64,26.65,26.635,26.65,1100,2021-10-07 15:02:00,ILPT
26.6523,26.6523,26.6523,26.6523,700,2021-10-07 15:07:00,ILPT
26.665,26.665,26.665,26.665,100,2021-10-07 15:10:00,ILPT
26.6324,26.6324,26.61,26.61,1550,2021-10-07 15:15:00,ILPT
26.5782,26.5782,26.5782,26.5782,100,2021-10-07 15:18:00,ILPT
26.58,26.59,26.58,26.59,200,2021-10-07 15:20:00,ILPT
26.61,26.61,26.61,26.61,100,2021-10-07 15:21:00,ILPT
26.62,26.62,26.62,26.62,222,2021-10-07 15:22:00,ILPT
26.63,26.63,26.63,26.63,100,2021-10-07 15:24:00,ILPT
26.615,26.615,26.615,26.615,136,2021-10-07 15:25:00,ILPT
26.64,26.67,26.64,26.67,1088,2021-10-07 15:27:00,ILPT
26.67,26.67,26.67,26.67,100,2021-10-07 15:34:00,ILPT
26.665,26.69,26.665,26.69,400,2021-10-07 15:40:00,ILPT
26.71,26.71,26.71,26.71,100,2021-10-07 15:41:00,ILPT
26.69,26.69,26.69,26.69,100,2021-10-07 15:42:00,ILPT
26.71,26.71,26.71,26.71,100,2021-10-07 15:44:00,ILPT
26.72,26.72,26.71,26.72,320,2021-10-07 15:47:00,ILPT
26.72,26.72,26.71,26.71,400,2021-10-07 15:48:00,ILPT
26.69,26.69,26.67,26.67,668,2021-10-07 15:50:00,ILPT
26.71,26.72,26.71,26.72,526,2021-10-07 15:53:00,ILPT
26.72,26.72,26.72,26.72,100,2021-10-07 15:54:00,ILPT
26.7,26.7,26.7,26.7,100,2021-10-07 15:56:00,ILPT
26.68,26.68,26.68,26.68,100,2021-10-07 16:02:00,ILPT
26.6928,26.6928,26.6928,26.6928,100,2021-10-07 16:04:00,ILPT
26.69,26.69,26.69,26.69,300,2021-10-07 16:05:00,ILPT
26.69,26.69,26.68,26.68,300,2021-10-07 16:09:00,ILPT
26.67,26.67,26.655,26.655,600,2021-10-07 16:10:00,ILPT
26.67,26.67,26.67,26.67,300,2021-10-07 16:13:00,ILPT
26.67,26.67,26.67,26.67,200,2021-10-07 16:15:00,ILPT
26.68,26.68,26.68,26.68,100,2021-10-07 16:17:00,ILPT
26.675,26.675,26.675,26.675,100,2021-10-07 16:18:00,ILPT
26.69,26.69,26.69,26.69,100,2021-10-07 16:19:00,ILPT
26.6892,26.7,26.6892,26.7,1350,2021-10-07 16:21:00,ILPT
26.71,26.72,26.71,26.72,231,2021-10-07 16:25:00,ILPT
26.71,26.71,26.7,26.7,500,2021-10-07 16:26:00,ILPT
26.695,26.695,26.695,26.695,100,2021-10-07 16:27:00,ILPT
26.69,26.69,26.69,26.69,100,2021-10-07 16:37:00,ILPT
26.69,26.7,26.69,26.7,600,2021-10-07 16:40:00,ILPT
26.71,26.71,26.71,26.71,100,2021-10-07 16:41:00,ILPT
26.7,26.7,26.7,26.7,100,2021-10-07 16:46:00,ILPT
26.68,26.68,26.68,26.68,100,2021-10-07 16:47:00,ILPT
26.67,26.6763,26.67,26.6763,687,2021-10-07 16:48:00,ILPT
26.69,26.69,26.69,26.69,200,2021-10-07 16:49:00,ILPT
26.69,26.69,26.69,26.69,100,2021-10-07 16:53:00,ILPT
26.69,26.69,26.69,26.69,100,2021-10-07 16:55:00,ILPT
26.7,26.73,26.7,26.73,1284,2021-10-07 16:56:00,ILPT
26.75,26.75,26.75,26.75,400,2021-10-07 16:58:00,ILPT
26.73,26.73,26.73,26.73,100,2021-10-07 17:01:00,ILPT
26.73,26.73,26.73,26.73,300,2021-10-07 17:02:00,ILPT
26.74,26.74,26.74,26.74,598,2021-10-07 17:05:00,ILPT
26.745,26.745,26.745,26.745,100,2021-10-07 17:06:00,ILPT
26.74,26.74,26.72,26.72,1222,2021-10-07 17:07:00,ILPT
26.71,26.71,26.71,26.71,100,2021-10-07 17:08:00,ILPT
26.725,26.725,26.725,26.725,381,2021-10-07 17:09:00,ILPT
26.74,26.74,26.74,26.74,100,2021-10-07 17:12:00,ILPT
26.75,26.75,26.75,26.75,222,2021-10-07 17:14:00,ILPT
26.74,26.754,26.74,26.754,200,2021-10-07 17:15:00,ILPT
26.76,26.76,26.7527,26.76,600,2021-10-07 17:18:00,ILPT
26.75,26.75,26.75,26.75,100,2021-10-07 17:22:00,ILPT
26.7401,26.7401,26.7401,26.7401,1000,2021-10-07 17:24:00,ILPT
26.76,26.76,26.76,26.76,100,2021-10-07 17:27:00,ILPT
26.77,26.77,26.77,26.77,100,2021-10-07 17:28:00,ILPT
26.765,26.765,26.765,26.765,100,2021-10-07 17:29:00,ILPT
26.75,26.75,26.75,26.75,100,2021-10-07 17:32:00,ILPT
26.75,26.75,26.75,26.75,100,2021-10-07 17:34:00,ILPT
26.77,26.77,26.77,26.77,100,2021-10-07 17:35:00,ILPT
26.74,26.74,26.74,26.74,100,2021-10-07 17:41:00,ILPT
26.745,26.745,26.745,26.745,100,2021-10-07 17:43:00,ILPT
26.715,26.715,26.715,26.715,100,2021-10-07 17:45:00,ILPT
26.7291,26.7291,26.7291,26.7291,150,2021-10-07 17:47:00,ILPT
26.7,26.7,26.7,26.7,100,2021-10-07 17:48:00,ILPT
26.71,26.71,26.71,26.71,100,2021-10-07 17:49:00,ILPT
26.7,26.7,26.7,26.7,300,2021-10-07 17:50:00,ILPT
26.71,26.71,26.71,26.71,100,2021-10-07 17:51:00,ILPT
26.68,26.68,26.68,26.68,112,2021-10-07 17:52:00,ILPT
26.69,26.69,26.69,26.69,100,2021-10-07 17:54:00,ILPT
26.685,26.685,26.685,26.685,100,2021-10-07 17:56:00,ILPT
26.69,26.7,26.69,26.7,200,2021-10-07 17:57:00,ILPT
26.69,26.69,26.69,26.69,113,2021-10-07 17:58:00,ILPT
26.685,26.685,26.685,26.685,100,2021-10-07 18:00:00,ILPT
26.67,26.67,26.67,26.67,250,2021-10-07 18:02:00,ILPT
26.678,26.69,26.678,26.69,778,2021-10-07 18:04:00,ILPT
26.68,26.68,26.68,26.68,200,2021-10-07 18:05:00,ILPT
26.69,26.69,26.6827,26.6827,200,2021-10-07 18:09:00,ILPT
26.69,26.69,26.69,26.69,100,2021-10-07 18:10:00,ILPT
26.68,26.68,26.67,26.67,400,2021-10-07 18:11:00,ILPT
26.66,26.66,26.66,26.66,500,2021-10-07 18:14:00,ILPT
26.67,26.67,26.67,26.67,274,2021-10-07 18:18:00,ILPT
26.6558,26.6558,26.6558,26.6558,100,2021-10-07 18:21:00,ILPT
26.665,26.665,26.65,26.65,389,2021-10-07 18:22:00,ILPT
26.635,26.635,26.635,26.635,100,2021-10-07 18:23:00,ILPT
26.64,26.64,26.64,26.64,100,2021-10-07 18:24:00,ILPT
26.635,26.635,26.635,26.635,200,2021-10-07 18:25:00,ILPT
26.61,26.61,26.61,26.61,100,2021-10-07 18:26:00,ILPT
26.6228,26.63,26.6228,26.63,450,2021-10-07 18:27:00,ILPT
26.62,26.62,26.62,26.62,100,2021-10-07 18:28:00,ILPT
26.62,26.62,26.62,26.62,286,2021-10-07 18:29:00,ILPT
26.62,26.62,26.62,26.62,400,2021-10-07 18:31:00,ILPT
26.62,26.62,26.62,26.62,100,2021-10-07 18:33:00,ILPT
26.59,26.59,26.57,26.57,200,2021-10-07 18:35:00,ILPT
26.57,26.57,26.56,26.56,378,2021-10-07 18:38:00,ILPT
26.56,26.56,26.56,26.56,100,2021-10-07 18:42:00,ILPT
26.55,26.55,26.54,26.54,1339,2021-10-07 18:46:00,ILPT
26.5348,26.5348,26.5348,26.5348,159,2021-10-07 18:48:00,ILPT
26.53,26.53,26.525,26.525,300,2021-10-07 18:50:00,ILPT
26.51,26.525,26.51,26.51,300,2021-10-07 18:52:00,ILPT
26.49,26.49,26.49,26.49,200,2021-10-07 18:54:00,ILPT
26.48,26.48,26.48,26.48,481,2021-10-07 18:56:00,ILPT
26.49,26.5,26.49,26.5,1000,2021-10-07 18:57:00,ILPT
26.49,26.49,26.48,26.48,300,2021-10-07 18:58:00,ILPT
26.48,26.48,26.45,26.45,400,2021-10-07 19:01:00,ILPT
26.47,26.47,26.445,26.46,600,2021-10-07 19:05:00,ILPT
26.47,26.49,26.47,26.49,844,2021-10-07 19:06:00,ILPT
26.5,26.5,26.5,26.5,200,2021-10-07 19:08:00,ILPT
26.5,26.5,26.5,26.5,200,2021-10-07 19:09:00,ILPT
26.49,26.49,26.49,26.49,100,2021-10-07 19:10:00,ILPT
26.51,26.52,26.51,26.52,425,2021-10-07 19:11:00,ILPT
26.53,26.53,26.53,26.53,376,2021-10-07 19:12:00,ILPT
26.535,26.535,26.535,26.535,100,2021-10-07 19:13:00,ILPT
26.525,26.525,26.525,26.525,100,2021-10-07 19:15:00,ILPT
26.54,26.54,26.54,26.54,558,2021-10-07 19:17:00,ILPT
26.53,26.54,26.53,26.54,200,2021-10-07 19:18:00,ILPT
26.55,26.55,26.55,26.55,100,2021-10-07 19:20:00,ILPT
26.55,26.55,26.53,26.53,400,2021-10-07 19:21:00,ILPT
26.53,26.54,26.52,26.52,300,2021-10-07 19:22:00,ILPT
26.53,26.53,26.515,26.515,300,2021-10-07 19:23:00,ILPT
26.51,26.51,26.5,26.5,900,2021-10-07 19:25:00,ILPT
26.5,26.525,26.5,26.515,700,2021-10-07 19:26:00,ILPT
26.49,26.49,26.49,26.49,456,2021-10-07 19:27:00,ILPT
26.51,26.545,26.51,26.545,800,2021-10-07 19:30:00,ILPT
26.55,26.55,26.55,26.55,100,2021-10-07 19:31:00,ILPT
26.555,26.555,26.54,26.54,300,2021-10-07 19:32:00,ILPT
26.555,26.555,26.55,26.55,300,2021-10-07 19:33:00,ILPT
26.55,26.55,26.54,26.54,700,2021-10-07 19:34:00,ILPT
26.55,26.55,26.53,26.535,600,2021-10-07 19:35:00,ILPT
26.53,26.54,26.52,26.54,1200,2021-10-07 19:36:00,ILPT
26.547,26.55,26.535,26.535,800,2021-10-07 19:37:00,ILPT
26.525,26.525,26.525,26.525,200,2021-10-07 19:38:00,ILPT
26.53,26.53,26.53,26.53,100,2021-10-07 19:39:00,ILPT
26.53,26.54,26.53,26.54,800,2021-10-07 19:40:00,ILPT
26.55,26.55,26.54,26.545,800,2021-10-07 19:41:00,ILPT
26.54,26.54,26.53,26.54,864,2021-10-07 19:42:00,ILPT
26.54,26.54,26.53,26.53,400,2021-10-07 19:43:00,ILPT
26.53,26.53,26.52,26.52,991,2021-10-07 19:44:00,ILPT
26.51,26.51,26.5,26.5,700,2021-10-07 19:45:00,ILPT
26.515,26.52,26.515,26.52,300,2021-10-07 19:46:00,ILPT
26.53,26.53,26.53,26.53,400,2021-10-07 19:47:00,ILPT
26.54,26.547,26.54,26.547,1200,2021-10-07 19:48:00,ILPT
26.53,26.54,26.525,26.53,1100,2021-10-07 19:49:00,ILPT
26.55,26.59,26.55,26.59,1430,2021-10-07 19:50:00,ILPT
26.58,26.59,26.57,26.57,1133,2021-10-07 19:51:00,ILPT
26.555,26.57,26.555,26.57,800,2021-10-07 19:52:00,ILPT
26.58,26.6,26.58,26.6,1900,2021-10-07 19:53:00,ILPT
26.595,26.595,26.58,26.59,1813,2021-10-07 19:54:00,ILPT
26.59,26.6,26.58,26.585,1200,2021-10-07 19:55:00,ILPT
26.585,26.61,26.58,26.6,2389,2021-10-07 19:56:00,ILPT
26.595,26.595,26.57,26.57,3685,2021-10-07 19:57:00,ILPT
26.57,26.59,26.56,26.58,4681,2021-10-07 19:58:00,ILPT
26.58,26.61,26.57,26.6,9065,2021-10-07 19:59:00,ILPT
26.6,26.6,26.6,26.6,84819,2021-10-07 20:00:00,ILPT
26.6,26.6,26.6,26.6,1547,2021-10-07 20:01:00,ILPT
26.6,26.6,26.6,26.6,5963,2021-10-07 20:03:00,ILPT
26.62,26.62,26.62,26.62,1361,2021-10-08 13:30:00,ILPT
26.67,26.67,26.66,26.66,300,2021-10-08 13:31:00,ILPT
26.53,26.53,26.53,26.53,500,2021-10-08 13:36:00,ILPT
26.56,26.56,26.56,26.56,100,2021-10-08 13:43:00,ILPT
26.55,26.55,26.55,26.55,100,2021-10-08 13:50:00,ILPT
26.54,26.54,26.54,26.54,375,2021-10-08 13:51:00,ILPT
26.54,26.55,26.52,26.52,415,2021-10-08 13:56:00,ILPT
26.56,26.56,26.56,26.56,100,2021-10-08 13:58:00,ILPT
26.59,26.6,26.59,26.6,300,2021-10-08 14:02:00,ILPT
26.6232,26.6232,26.6232,26.6232,150,2021-10-08 14:10:00,ILPT
26.61,26.61,26.61,26.61,100,2021-10-08 14:17:00,ILPT
26.62,26.62,26.62,26.62,100,2021-10-08 14:18:00,ILPT
26.59,26.59,26.58,26.58,600,2021-10-08 14:20:00,ILPT
26.6,26.6,26.596,26.596,200,2021-10-08 14:28:00,ILPT
26.6,26.6,26.5781,26.5781,496,2021-10-08 14:29:00,ILPT
26.56,26.56,26.56,26.56,100,2021-10-08 14:30:00,ILPT
26.56,26.56,26.56,26.56,1000,2021-10-08 14:38:00,ILPT
26.6,26.6,26.59,26.595,1299,2021-10-08 14:44:00,ILPT
26.61,26.63,26.61,26.63,700,2021-10-08 14:45:00,ILPT
26.61,26.61,26.61,26.61,152,2021-10-08 14:46:00,ILPT
26.635,26.65,26.635,26.6417,400,2021-10-08 14:48:00,ILPT
26.6031,26.6031,26.6031,26.6031,300,2021-10-08 14:53:00,ILPT
26.63,26.66,26.6233,26.63,2164,2021-10-08 15:00:00,ILPT
26.62,26.62,26.62,26.62,100,2021-10-08 15:09:00,ILPT
26.639,26.639,26.639,26.639,375,2021-10-08 15:11:00,ILPT
26.65,26.65,26.65,26.65,100,2021-10-08 15:18:00,ILPT
26.665,26.67,26.66,26.67,1400,2021-10-08 15:27:00,ILPT
26.67,26.67,26.67,26.67,2139,2021-10-08 15:28:00,ILPT
26.69,26.69,26.69,26.69,100,2021-10-08 15:29:00,ILPT
26.72,26.72,26.72,26.72,227,2021-10-08 15:31:00,ILPT
26.6727,26.6727,26.6727,26.6727,150,2021-10-08 15:41:00,ILPT
26.67,26.67,26.67,26.67,700,2021-10-08 15:45:00,ILPT
26.68,26.68,26.68,26.68,660,2021-10-08 15:49:00,ILPT
26.68,26.69,26.68,26.6833,1600,2021-10-08 15:52:00,ILPT
26.7,26.7,26.69,26.69,500,2021-10-08 15:54:00,ILPT
26.6965,26.6965,26.6965,26.6965,700,2021-10-08 15:55:00,ILPT
26.68,26.68,26.68,26.68,200,2021-10-08 16:03:00,ILPT
26.67,26.67,26.67,26.67,200,2021-10-08 16:04:00,ILPT
26.6693,26.6693,26.6693,26.6693,400,2021-10-08 16:09:00,ILPT
26.665,26.665,26.66,26.66,375,2021-10-08 16:10:00,ILPT
26.6552,26.6552,26.6552,26.6552,114,2021-10-08 16:11:00,ILPT
26.65,26.65,26.65,26.65,100,2021-10-08 16:22:00,ILPT
26.64,26.655,26.64,26.655,200,2021-10-08 16:24:00,ILPT
26.65,26.65,26.6427,26.65,800,2021-10-08 16:27:00,ILPT
26.65,26.65,26.63,26.63,296,2021-10-08 16:28:00,ILPT
26.64,26.64,26.64,26.64,100,2021-10-08 16:30:00,ILPT
26.64,26.64,26.64,26.64,200,2021-10-08 16:32:00,ILPT
26.63,26.63,26.63,26.63,300,2021-10-08 16:33:00,ILPT
26.62,26.62,26.62,26.62,100,2021-10-08 16:38:00,ILPT
26.615,26.615,26.615,26.615,390,2021-10-08 16:42:00,ILPT
26.62,26.62,26.62,26.62,100,2021-10-08 16:46:00,ILPT
26.62,26.63,26.62,26.63,300,2021-10-08 16:52:00,ILPT
26.61,26.63,26.61,26.63,2328,2021-10-08 16:55:00,ILPT
26.635,26.635,26.635,26.635,100,2021-10-08 16:56:00,ILPT
26.65,26.65,26.65,26.65,200,2021-10-08 16:57:00,ILPT
26.6497,26.6497,26.6497,26.6497,400,2021-10-08 16:58:00,ILPT
26.62,26.63,26.62,26.63,500,2021-10-08 17:01:00,ILPT
26.63,26.635,26.6266,26.635,2456,2021-10-08 17:07:00,ILPT
26.63,26.635,26.63,26.635,300,2021-10-08 17:08:00,ILPT
26.635,26.64,26.635,26.635,600,2021-10-08 17:09:00,ILPT
26.63,26.63,26.63,26.63,100,2021-10-08 17:12:00,ILPT
26.63,26.64,26.63,26.64,643,2021-10-08 17:16:00,ILPT
26.63,26.65,26.63,26.65,1062,2021-10-08 17:17:00,ILPT
26.611,26.611,26.611,26.611,100,2021-10-08 17:18:00,ILPT
26.64,26.64,26.64,26.64,200,2021-10-08 17:24:00,ILPT
26.65,26.65,26.65,26.65,500,2021-10-08 17:33:00,ILPT
26.64,26.64,26.64,26.64,300,2021-10-08 17:40:00,ILPT
26.64,26.64,26.64,26.64,100,2021-10-08 17:53:00,ILPT
26.645,26.645,26.645,26.645,100,2021-10-08 18:00:00,ILPT
26.63,26.63,26.63,26.63,100,2021-10-08 18:01:00,ILPT
26.65,26.65,26.65,26.65,100,2021-10-08 18:02:00,ILPT
26.66,26.67,26.66,26.67,598,2021-10-08 18:03:00,ILPT
26.69,26.69,26.69,26.69,405,2021-10-08 18:10:00,ILPT
26.7,26.7068,26.7,26.7068,400,2021-10-08 18:13:00,ILPT
26.71,26.71,26.71,26.71,200,2021-10-08 18:19:00,ILPT
26.69,26.69,26.69,26.69,404,2021-10-08 18:20:00,ILPT
26.7,26.7,26.7,26.7,100,2021-10-08 18:22:00,ILPT
26.705,26.705,26.705,26.705,100,2021-10-08 18:23:00,ILPT
26.71,26.71,26.71,26.71,100,2021-10-08 18:27:00,ILPT
26.73,26.73,26.73,26.73,200,2021-10-08 18:28:00,ILPT
26.73,26.73,26.73,26.73,100,2021-10-08 18:31:00,ILPT
26.735,26.735,26.735,26.735,100,2021-10-08 18:34:00,ILPT
26.735,26.735,26.725,26.725,300,2021-10-08 18:36:00,ILPT
26.71,26.71,26.71,26.71,200,2021-10-08 18:41:00,ILPT
26.7,26.7,26.7,26.7,416,2021-10-08 18:48:00,ILPT
26.7,26.7,26.7,26.7,200,2021-10-08 18:52:00,ILPT
26.69,26.69,26.69,26.69,300,2021-10-08 18:55:00,ILPT
26.685,26.685,26.685,26.685,100,2021-10-08 18:57:00,ILPT
26.69,26.69,26.69,26.69,200,2021-10-08 19:01:00,ILPT
26.67,26.67,26.67,26.67,100,2021-10-08 19:02:00,ILPT
26.67,26.67,26.67,26.67,205,2021-10-08 19:05:00,ILPT
26.68,26.69,26.6733,26.6733,1000,2021-10-08 19:08:00,ILPT
26.68,26.68,26.67,26.67,520,2021-10-08 19:10:00,ILPT
26.6717,26.6717,26.6717,26.6717,400,2021-10-08 19:11:00,ILPT
26.67,26.67,26.67,26.67,100,2021-10-08 19:14:00,ILPT
26.69,26.705,26.681,26.705,2196,2021-10-08 19:19:00,ILPT
26.7,26.7,26.7,26.7,300,2021-10-08 19:20:00,ILPT
26.71,26.71,26.7,26.71,300,2021-10-08 19:21:00,ILPT
26.69,26.69,26.69,26.69,877,2021-10-08 19:23:00,ILPT
26.69,26.69,26.69,26.69,321,2021-10-08 19:24:00,ILPT
26.685,26.685,26.685,26.685,400,2021-10-08 19:26:00,ILPT
26.67,26.67,26.67,26.67,100,2021-10-08 19:27:00,ILPT
26.66,26.66,26.66,26.66,100,2021-10-08 19:30:00,ILPT
26.66,26.66,26.655,26.655,300,2021-10-08 19:31:00,ILPT
26.64,26.66,26.64,26.66,500,2021-10-08 19:32:00,ILPT
26.65,26.65,26.65,26.65,100,2021-10-08 19:33:00,ILPT
26.63,26.63,26.63,26.63,100,2021-10-08 19:34:00,ILPT
26.61,26.61,26.61,26.61,100,2021-10-08 19:35:00,ILPT
26.6,26.6,26.585,26.585,300,2021-10-08 19:36:00,ILPT
26.595,26.595,26.59,26.59,200,2021-10-08 19:37:00,ILPT
26.59,26.595,26.59,26.595,800,2021-10-08 19:38:00,ILPT
26.6,26.6,26.59,26.595,400,2021-10-08 19:41:00,ILPT
26.57,26.57,26.5633,26.5633,800,2021-10-08 19:45:00,ILPT
26.56,26.56,26.56,26.56,100,2021-10-08 19:47:00,ILPT
26.57,26.57,26.5633,26.5633,884,2021-10-08 19:48:00,ILPT
26.56,26.56,26.56,26.56,401,2021-10-08 19:49:00,ILPT
26.54,26.54,26.53,26.53,1100,2021-10-08 19:50:00,ILPT
26.55,26.56,26.55,26.56,903,2021-10-08 19:51:00,ILPT
26.565,26.565,26.565,26.565,100,2021-10-08 19:52:00,ILPT
26.56,26.56,26.56,26.56,692,2021-10-08 19:53:00,ILPT
26.56,26.5899,26.55,26.56,1808,2021-10-08 19:54:00,ILPT
26.56,26.57,26.56,26.57,200,2021-10-08 19:55:00,ILPT
26.57,26.57,26.56,26.56,400,2021-10-08 19:56:00,ILPT
26.56,26.59,26.56,26.59,903,2021-10-08 19:57:00,ILPT
26.575,26.59,26.575,26.58,400,2021-10-08 19:58:00,ILPT
26.56,26.58,26.56,26.58,1587,2021-10-08 19:59:00,ILPT
26.57,26.57,26.57,26.57,22201,2021-10-08 20:00:00,ILPT
26.57,26.57,26.57,26.57,981,2021-10-08 20:02:00,ILPT
26.62,26.62,26.62,26.62,2889,2021-10-11 13:30:00,ILPT
26.61,26.63,26.61,26.63,300,2021-10-11 13:33:00,ILPT
26.64,26.64,26.61,26.61,600,2021-10-11 13:35:00,ILPT
26.58,26.58,26.58,26.58,200,2021-10-11 13:36:00,ILPT
26.55,26.55,26.55,26.55,267,2021-10-11 13:40:00,ILPT
26.51,26.51,26.51,26.51,100,2021-10-11 13:43:00,ILPT
26.52,26.52,26.52,26.52,100,2021-10-11 13:44:00,ILPT
26.54,26.54,26.54,26.54,100,2021-10-11 13:45:00,ILPT
26.55,26.55,26.55,26.55,500,2021-10-11 13:46:00,ILPT
26.55,26.55,26.55,26.55,100,2021-10-11 13:50:00,ILPT
26.58,26.58,26.58,26.58,100,2021-10-11 13:51:00,ILPT
26.61,26.61,26.61,26.61,100,2021-10-11 13:53:00,ILPT
26.68,26.68,26.66,26.66,200,2021-10-11 13:57:00,ILPT
26.7,26.7,26.7,26.7,100,2021-10-11 14:02:00,ILPT
26.72,26.72,26.72,26.72,200,2021-10-11 14:05:00,ILPT
26.7238,26.7238,26.7238,26.7238,373,2021-10-11 14:06:00,ILPT
26.705,26.705,26.705,26.705,100,2021-10-11 14:11:00,ILPT
26.7,26.7,26.7,26.7,500,2021-10-11 14:12:00,ILPT
26.71,26.72,26.7,26.7,1209,2021-10-11 14:14:00,ILPT
26.71,26.71,26.71,26.71,200,2021-10-11 14:17:00,ILPT
26.72,26.72,26.72,26.72,500,2021-10-11 14:20:00,ILPT
26.73,26.73,26.73,26.73,100,2021-10-11 14:24:00,ILPT
26.72,26.72,26.7,26.7,400,2021-10-11 14:25:00,ILPT
26.74,26.77,26.7366,26.77,2098,2021-10-11 14:26:00,ILPT
26.77,26.77,26.77,26.77,100,2021-10-11 14:27:00,ILPT
26.76,26.77,26.76,26.77,200,2021-10-11 14:29:00,ILPT
26.73,26.73,26.73,26.73,100,2021-10-11 14:31:00,ILPT
26.759,26.759,26.759,26.759,100,2021-10-11 14:34:00,ILPT
26.7475,26.75,26.745,26.745,1412,2021-10-11 14:36:00,ILPT
26.745,26.745,26.745,26.745,300,2021-10-11 14:39:00,ILPT
26.745,26.745,26.745,26.745,100,2021-10-11 14:40:00,ILPT
26.73,26.73,26.73,26.73,100,2021-10-11 14:42:00,ILPT
26.7,26.7,26.7,26.7,200,2021-10-11 14:43:00,ILPT
26.73,26.73,26.72,26.72,1700,2021-10-11 14:44:00,ILPT
26.74,26.74,26.7201,26.735,2273,2021-10-11 14:46:00,ILPT
26.7498,26.7498,26.7498,26.7498,200,2021-10-11 14:47:00,ILPT
26.7201,26.735,26.7201,26.735,1100,2021-10-11 14:48:00,ILPT
26.735,26.735,26.735,26.735,100,2021-10-11 14:50:00,ILPT
26.72,26.72,26.69,26.69,700,2021-10-11 14:51:00,ILPT
26.705,26.72,26.705,26.72,316,2021-10-11 14:53:00,ILPT
26.705,26.72,26.705,26.72,200,2021-10-11 14:57:00,ILPT
26.72,26.72,26.72,26.72,1300,2021-10-11 14:58:00,ILPT
26.72,26.7274,26.69,26.7274,557,2021-10-11 15:05:00,ILPT
26.72,26.72,26.72,26.72,100,2021-10-11 15:07:00,ILPT
26.71,26.71,26.71,26.71,200,2021-10-11 15:12:00,ILPT
26.68,26.69,26.68,26.69,300,2021-10-11 15:13:00,ILPT
26.66,26.66,26.66,26.66,100,2021-10-11 15:14:00,ILPT
26.67,26.67,26.67,26.67,100,2021-10-11 15:17:00,ILPT
26.66,26.66,26.66,26.66,100,2021-10-11 15:20:00,ILPT
26.66,26.66,26.66,26.66,800,2021-10-11 15:21:00,ILPT
26.68,26.68,26.68,26.68,100,2021-10-11 15:22:00,ILPT
26.68,26.68,26.68,26.68,100,2021-10-11 15:23:00,ILPT
26.7,26.7,26.7,26.7,100,2021-10-11 15:28:00,ILPT
26.7,26.7,26.7,26.7,300,2021-10-11 15:29:00,ILPT
26.71,26.73,26.71,26.73,1245,2021-10-11 15:31:00,ILPT
26.75,26.75,26.735,26.735,600,2021-10-11 15:33:00,ILPT
26.75,26.77,26.75,26.75,3017,2021-10-11 15:40:00,ILPT
26.75,26.75,26.745,26.745,300,2021-10-11 15:41:00,ILPT
26.74,26.74,26.74,26.74,500,2021-10-11 15:45:00,ILPT
26.735,26.735,26.735,26.735,831,2021-10-11 15:46:00,ILPT
26.72,26.72,26.72,26.72,100,2021-10-11 15:48:00,ILPT
26.72,26.72,26.72,26.72,100,2021-10-11 15:49:00,ILPT
26.749,26.749,26.749,26.749,100,2021-10-11 15:55:00,ILPT
26.735,26.735,26.735,26.735,100,2021-10-11 15:56:00,ILPT
26.72,26.72,26.72,26.72,100,2021-10-11 15:57:00,ILPT
26.68,26.68,26.68,26.68,100,2021-10-11 16:09:00,ILPT
26.71,26.71,26.71,26.71,100,2021-10-11 16:10:00,ILPT
26.65,26.65,26.65,26.65,200,2021-10-11 16:15:00,ILPT
26.6,26.6,26.57,26.57,956,2021-10-11 16:19:00,ILPT
26.6,26.63,26.6,26.61,3100,2021-10-11 16:22:00,ILPT
26.61,26.61,26.61,26.61,100,2021-10-11 16:25:00,ILPT
26.64,26.65,26.64,26.65,500,2021-10-11 16:30:00,ILPT
26.66,26.66,26.66,26.66,241,2021-10-11 16:33:00,ILPT
26.68,26.68,26.68,26.68,100,2021-10-11 16:39:00,ILPT
26.665,26.665,26.665,26.665,100,2021-10-11 16:40:00,ILPT
26.6744,26.679,26.6744,26.679,200,2021-10-11 16:46:00,ILPT
26.665,26.665,26.665,26.665,100,2021-10-11 16:50:00,ILPT
26.65,26.65,26.6,26.61,1637,2021-10-11 16:52:00,ILPT
26.6,26.6,26.6,26.6,100,2021-10-11 16:56:00,ILPT
26.62,26.62,26.61,26.61,700,2021-10-11 16:59:00,ILPT
26.6,26.6,26.6,26.6,100,2021-10-11 17:00:00,ILPT
26.59,26.59,26.59,26.59,100,2021-10-11 17:04:00,ILPT
26.59,26.6,26.59,26.6,1100,2021-10-11 17:06:00,ILPT
26.6,26.62,26.6,26.62,338,2021-10-11 17:07:00,ILPT
26.64,26.64,26.63,26.63,404,2021-10-11 17:10:00,ILPT
26.65,26.66,26.65,26.66,699,2021-10-11 17:12:00,ILPT
26.67,26.67,26.66,26.66,300,2021-10-11 17:13:00,ILPT
26.67,26.67,26.66,26.66,400,2021-10-11 17:15:00,ILPT
26.68,26.68,26.67,26.68,854,2021-10-11 17:17:00,ILPT
26.68,26.68,26.68,26.68,100,2021-10-11 17:24:00,ILPT
26.66,26.66,26.65,26.66,800,2021-10-11 17:25:00,ILPT
26.65,26.65,26.65,26.65,300,2021-10-11 17:26:00,ILPT
26.6468,26.6468,26.62,26.62,700,2021-10-11 17:31:00,ILPT
26.62,26.62,26.62,26.62,100,2021-10-11 17:32:00,ILPT
26.6317,26.6317,26.6317,26.6317,126,2021-10-11 17:34:00,ILPT
26.66,26.66,26.66,26.66,100,2021-10-11 17:36:00,ILPT
26.66,26.77,26.66,26.76,16155,2021-10-11 17:37:00,ILPT
26.74,26.74,26.71,26.72,300,2021-10-11 17:38:00,ILPT
26.73,26.73,26.73,26.73,100,2021-10-11 17:40:00,ILPT
26.74,26.74,26.74,26.74,400,2021-10-11 17:46:00,ILPT
26.73,26.7306,26.73,26.7306,592,2021-10-11 17:47:00,ILPT
26.71,26.71,26.71,26.71,100,2021-10-11 17:48:00,ILPT
26.72,26.72,26.72,26.72,100,2021-10-11 17:49:00,ILPT
26.7144,26.7144,26.7144,26.7144,208,2021-10-11 17:54:00,ILPT
26.72,26.72,26.72,26.72,100,2021-10-11 17:58:00,ILPT
26.72,26.7283,26.72,26.7283,300,2021-10-11 18:01:00,ILPT
26.72,26.74,26.72,26.74,600,2021-10-11 18:06:00,ILPT
26.7482,26.7482,26.73,26.73,364,2021-10-11 18:07:00,ILPT
26.74,26.74,26.74,26.74,100,2021-10-11 18:13:00,ILPT
26.75,26.75,26.75,26.75,400,2021-10-11 18:15:00,ILPT
26.76,26.76,26.76,26.76,300,2021-10-11 18:18:00,ILPT
26.74,26.74,26.74,26.74,100,2021-10-11 18:20:00,ILPT
26.74,26.74,26.74,26.74,100,2021-10-11 18:24:00,ILPT
26.725,26.725,26.71,26.71,400,2021-10-11 18:27:00,ILPT
26.725,26.725,26.725,26.725,100,2021-10-11 18:30:00,ILPT
26.725,26.725,26.725,26.725,100,2021-10-11 18:31:00,ILPT
26.74,26.76,26.74,26.76,600,2021-10-11 18:32:00,ILPT
26.76,26.76,26.75,26.75,200,2021-10-11 18:33:00,ILPT
26.74,26.74,26.74,26.74,100,2021-10-11 18:34:00,ILPT
26.73,26.73,26.73,26.73,100,2021-10-11 18:35:00,ILPT
26.76,26.82,26.76,26.82,9487,2021-10-11 18:37:00,ILPT
26.78,26.78,26.76,26.76,500,2021-10-11 18:38:00,ILPT
26.76,26.77,26.75,26.75,300,2021-10-11 18:40:00,ILPT
26.765,26.78,26.765,26.765,800,2021-10-11 18:42:00,ILPT
26.76,26.76,26.76,26.76,100,2021-10-11 18:43:00,ILPT
26.78,26.78,26.78,26.78,100,2021-10-11 18:45:00,ILPT
26.77,26.77,26.77,26.77,200,2021-10-11 18:48:00,ILPT
26.77,26.77,26.76,26.76,200,2021-10-11 18:49:00,ILPT
26.78,26.78,26.78,26.78,200,2021-10-11 18:50:00,ILPT
26.78,26.78,26.78,26.78,100,2021-10-11 18:53:00,ILPT
26.78,26.88,26.78,26.83,11107,2021-10-11 18:55:00,ILPT
26.825,26.825,26.81,26.81,200,2021-10-11 18:56:00,ILPT
26.81,26.81,26.8,26.8,900,2021-10-11 18:57:00,ILPT
26.8,26.81,26.8,26.8,406,2021-10-11 18:58:00,ILPT
26.79,26.79,26.78,26.78,700,2021-10-11 18:59:00,ILPT
26.775,26.775,26.775,26.775,100,2021-10-11 19:00:00,ILPT
26.79,26.79,26.78,26.78,740,2021-10-11 19:01:00,ILPT
26.78,26.78,26.77,26.77,500,2021-10-11 19:04:00,ILPT
26.77,26.785,26.77,26.77,900,2021-10-11 19:05:00,ILPT
26.76,26.76,26.76,26.76,100,2021-10-11 19:07:00,ILPT
26.75,26.76,26.75,26.76,233,2021-10-11 19:08:00,ILPT
26.78,26.78,26.78,26.78,647,2021-10-11 19:09:00,ILPT
26.75,26.75,26.75,26.75,200,2021-10-11 19:10:00,ILPT
26.75,26.75,26.75,26.75,100,2021-10-11 19:11:00,ILPT
26.75,26.75,26.75,26.75,100,2021-10-11 19:12:00,ILPT
26.75,26.75,26.75,26.75,100,2021-10-11 19:14:00,ILPT
26.77,26.77,26.75,26.75,500,2021-10-11 19:15:00,ILPT
26.75,26.7797,26.75,26.765,10167,2021-10-11 19:16:00,ILPT
26.765,26.765,26.75,26.7625,750,2021-10-11 19:17:00,ILPT
26.75,26.76,26.75,26.76,205,2021-10-11 19:18:00,ILPT
26.76,26.76,26.75,26.75,200,2021-10-11 19:19:00,ILPT
26.75,26.76,26.74,26.74,700,2021-10-11 19:20:00,ILPT
26.76,26.76,26.76,26.76,100,2021-10-11 19:21:00,ILPT
26.755,26.755,26.755,26.755,100,2021-10-11 19:22:00,ILPT
26.77,26.795,26.77,26.795,1496,2021-10-11 19:23:00,ILPT
26.78,26.78,26.78,26.78,100,2021-10-11 19:25:00,ILPT
26.8,26.81,26.8,26.81,400,2021-10-11 19:26:00,ILPT
26.81,26.82,26.81,26.82,700,2021-10-11 19:27:00,ILPT
26.8,26.8,26.8,26.8,200,2021-10-11 19:28:00,ILPT
26.82,26.82,26.8,26.8,300,2021-10-11 19:29:00,ILPT
26.8,26.82,26.8,26.82,669,2021-10-11 19:30:00,ILPT
26.84,26.84,26.84,26.84,300,2021-10-11 19:31:00,ILPT
26.86,26.86,26.84,26.84,400,2021-10-11 19:32:00,ILPT
26.83,26.83,26.83,26.83,300,2021-10-11 19:35:00,ILPT
26.81,26.81,26.81,26.81,400,2021-10-11 19:36:00,ILPT
26.81,26.95,26.81,26.845,10629,2021-10-11 19:38:00,ILPT
26.87,26.87,26.86,26.86,500,2021-10-11 19:39:00,ILPT
26.875,26.875,26.875,26.875,100,2021-10-11 19:40:00,ILPT
26.86,26.87,26.83,26.87,2000,2021-10-11 19:41:00,ILPT
26.86,26.86,26.84,26.84,300,2021-10-11 19:42:00,ILPT
26.84,26.84,26.84,26.84,100,2021-10-11 19:43:00,ILPT
26.84,26.84,26.84,26.84,100,2021-10-11 19:44:00,ILPT
26.85,26.85,26.84,26.84,422,2021-10-11 19:45:00,ILPT
26.85,26.86,26.84,26.86,900,2021-10-11 19:46:00,ILPT
26.85,26.85,26.85,26.85,100,2021-10-11 19:47:00,ILPT
26.85,26.86,26.83,26.86,3168,2021-10-11 19:48:00,ILPT
26.86,26.86,26.84,26.84,1500,2021-10-11 19:49:00,ILPT
26.84,26.84,26.81,26.81,600,2021-10-11 19:50:00,ILPT
26.82,26.82,26.8,26.81,1167,2021-10-11 19:51:00,ILPT
26.81,26.82,26.8,26.8,1386,2021-10-11 19:52:00,ILPT
26.8,26.815,26.78,26.815,1693,2021-10-11 19:53:00,ILPT
26.81,26.83,26.81,26.81,2300,2021-10-11 19:54:00,ILPT
26.8,26.8,26.8,26.8,200,2021-10-11 19:55:00,ILPT
26.83,26.87,26.81,26.85,2510,2021-10-11 19:56:00,ILPT
26.85,26.85,26.82,26.83,1548,2021-10-11 19:57:00,ILPT
26.85,26.86,26.84,26.86,2404,2021-10-11 19:58:00,ILPT
26.86,26.86,26.83,26.83,3327,2021-10-11 19:59:00,ILPT
26.83,26.83,26.83,26.83,22676,2021-10-11 20:00:00,ILPT
26.92,26.92,26.92,26.92,1444,2021-10-12 13:30:00,ILPT
26.91,26.91,26.91,26.91,100,2021-10-12 13:40:00,ILPT
26.9,26.9,26.9,26.9,100,2021-10-12 13:46:00,ILPT
26.86,26.86,26.86,26.86,100,2021-10-12 13:47:00,ILPT
26.85,26.85,26.85,26.85,200,2021-10-12 13:48:00,ILPT
26.84,26.87,26.84,26.87,200,2021-10-12 13:49:00,ILPT
26.98,27.01,26.97,26.97,2436,2021-10-12 13:52:00,ILPT
27.05,27.05,26.98,26.98,400,2021-10-12 13:53:00,ILPT
27.01,27.01,27.01,27.01,500,2021-10-12 13:56:00,ILPT
27.05,27.05,27.05,27.05,100,2021-10-12 13:57:00,ILPT
27.04,27.04,27.04,27.04,100,2021-10-12 13:59:00,ILPT
27.04,27.05,27.04,27.05,300,2021-10-12 14:00:00,ILPT
27.025,27.025,27.025,27.025,100,2021-10-12 14:01:00,ILPT
27.02,27.02,27.0,27.0,900,2021-10-12 14:02:00,ILPT
26.97,26.97,26.97,26.97,100,2021-10-12 14:03:00,ILPT
26.99,26.99,26.99,26.99,100,2021-10-12 14:04:00,ILPT
27.01,27.0201,27.01,27.0201,400,2021-10-12 14:07:00,ILPT
27.02,27.02,27.0,27.01,400,2021-10-12 14:08:00,ILPT
27.0182,27.0182,27.0182,27.0182,175,2021-10-12 14:13:00,ILPT
27.05,27.05,27.04,27.04,526,2021-10-12 14:14:00,ILPT
27.03,27.1,27.03,27.1,600,2021-10-12 14:15:00,ILPT
27.07,27.07,27.02,27.02,700,2021-10-12 14:17:00,ILPT
27.02,27.02,27.02,27.02,100,2021-10-12 14:18:00,ILPT
27.0693,27.07,27.0693,27.07,500,2021-10-12 14:19:00,ILPT
27.07,27.07,27.07,27.07,100,2021-10-12 14:20:00,ILPT
27.1,27.1,27.1,27.1,100,2021-10-12 14:25:00,ILPT
27.13,27.13,27.13,27.13,100,2021-10-12 14:26:00,ILPT
27.16,27.16,27.16,27.16,100,2021-10-12 14:27:00,ILPT
27.16,27.16,27.16,27.16,100,2021-10-12 14:28:00,ILPT
27.16,27.17,27.16,27.16,400,2021-10-12 14:29:00,ILPT
27.15,27.15,27.15,27.15,100,2021-10-12 14:30:00,ILPT
27.18,27.18,27.18,27.18,100,2021-10-12 14:31:00,ILPT
27.2063,27.2063,27.2063,27.2063,200,2021-10-12 14:32:00,ILPT
27.21,27.21,27.21,27.21,300,2021-10-12 14:34:00,ILPT
27.18,27.18,27.18,27.18,100,2021-10-12 14:35:00,ILPT
27.23,27.23,27.22,27.22,200,2021-10-12 14:36:00,ILPT
27.2,27.2,27.16,27.16,1000,2021-10-12 14:37:00,ILPT
27.16,27.19,27.16,27.19,200,2021-10-12 14:38:00,ILPT
27.22,27.22,27.215,27.215,500,2021-10-12 14:40:00,ILPT
27.2,27.2,27.18,27.18,300,2021-10-12 14:41:00,ILPT
27.1847,27.1847,27.1847,27.1847,200,2021-10-12 14:43:00,ILPT
27.17,27.17,27.15,27.15,200,2021-10-12 14:46:00,ILPT
27.15,27.15,27.15,27.15,114,2021-10-12 14:47:00,ILPT
27.17,27.17,27.17,27.17,100,2021-10-12 14:48:00,ILPT
27.18,27.18,27.18,27.18,400,2021-10-12 14:49:00,ILPT
27.16,27.16,27.16,27.16,100,2021-10-12 14:50:00,ILPT
27.19,27.19,27.19,27.19,200,2021-10-12 14:51:00,ILPT
27.18,27.18,27.18,27.18,100,2021-10-12 14:52:00,ILPT
27.18,27.18,27.18,27.18,100,2021-10-12 14:53:00,ILPT
27.22,27.22,27.22,27.22,400,2021-10-12 14:56:00,ILPT
27.21,27.21,27.21,27.21,100,2021-10-12 14:57:00,ILPT
27.205,27.205,27.205,27.205,100,2021-10-12 14:58:00,ILPT
27.22,27.22,27.19,27.19,300,2021-10-12 14:59:00,ILPT
27.2,27.22,27.2,27.2046,387,2021-10-12 15:00:00,ILPT
27.21,27.21,27.21,27.21,100,2021-10-12 15:01:00,ILPT
27.22,27.22,27.215,27.215,241,2021-10-12 15:06:00,ILPT
27.22,27.22,27.2,27.22,300,2021-10-12 15:07:00,ILPT
27.22,27.24,27.22,27.24,300,2021-10-12 15:08:00,ILPT
27.21,27.21,27.21,27.21,100,2021-10-12 15:10:00,ILPT
27.2141,27.2141,27.195,27.195,580,2021-10-12 15:14:00,ILPT
27.18,27.19,27.18,27.19,400,2021-10-12 15:15:00,ILPT
27.225,27.225,27.225,27.225,100,2021-10-12 15:17:00,ILPT
27.24,27.24,27.24,27.24,200,2021-10-12 15:20:00,ILPT
27.26,27.26,27.26,27.26,100,2021-10-12 15:21:00,ILPT
27.265,27.28,27.265,27.27,1700,2021-10-12 15:22:00,ILPT
27.24,27.24,27.24,27.24,100,2021-10-12 15:23:00,ILPT
27.265,27.265,27.25,27.25,200,2021-10-12 15:24:00,ILPT
27.255,27.255,27.24,27.24,212,2021-10-12 15:25:00,ILPT
27.24,27.24,27.24,27.24,100,2021-10-12 15:27:00,ILPT
27.25,27.25,27.23,27.23,500,2021-10-12 15:28:00,ILPT
27.25,27.25,27.235,27.235,300,2021-10-12 15:29:00,ILPT
27.23,27.23,27.23,27.23,100,2021-10-12 15:30:00,ILPT
27.26,27.26,27.25,27.25,400,2021-10-12 15:32:00,ILPT
27.23,27.25,27.23,27.25,200,2021-10-12 15:34:00,ILPT
27.25,27.25,27.25,27.25,300,2021-10-12 15:35:00,ILPT
27.26,27.27,27.24,27.24,1200,2021-10-12 15:39:00,ILPT
27.24,27.24,27.18,27.18,1700,2021-10-12 15:40:00,ILPT
27.18,27.18,27.18,27.18,100,2021-10-12 15:41:00,ILPT
27.21,27.21,27.19,27.19,288,2021-10-12 15:42:00,ILPT
27.22,27.22,27.22,27.22,300,2021-10-12 15:43:00,ILPT
27.215,27.215,27.215,27.215,100,2021-10-12 15:48:00,ILPT
27.23,27.23,27.21,27.21,3400,2021-10-12 15:49:00,ILPT
27.19,27.19,27.19,27.19,100,2021-10-12 15:50:00,ILPT
27.19,27.19,27.19,27.19,200,2021-10-12 15:51:00,ILPT
27.2,27.2,27.19,27.19,200,2021-10-12 15:52:00,ILPT
27.19,27.2174,27.19,27.2174,1900,2021-10-12 15:53:00,ILPT
27.19,27.21,27.19,27.19,400,2021-10-12 15:54:00,ILPT
27.19,27.19,27.19,27.19,100,2021-10-12 15:55:00,ILPT
27.2,27.2,27.2,27.2,100,2021-10-12 15:56:00,ILPT
27.17,27.17,27.17,27.17,100,2021-10-12 15:57:00,ILPT
27.18,27.18,27.18,27.18,100,2021-10-12 15:58:00,ILPT
27.18,27.18,27.18,27.18,100,2021-10-12 16:01:00,ILPT
27.205,27.205,27.205,27.205,100,2021-10-12 16:02:00,ILPT
27.18,27.19,27.175,27.18,500,2021-10-12 16:04:00,ILPT
27.18,27.2,27.18,27.2,300,2021-10-12 16:06:00,ILPT
27.1934,27.1934,27.1934,27.1934,400,2021-10-12 16:07:00,ILPT
27.195,27.195,27.195,27.195,100,2021-10-12 16:08:00,ILPT
27.19,27.19,27.19,27.19,100,2021-10-12 16:09:00,ILPT
27.195,27.195,27.195,27.195,100,2021-10-12 16:10:00,ILPT
27.19,27.19,27.19,27.19,200,2021-10-12 16:13:00,ILPT
27.1905,27.2,27.19,27.19,800,2021-10-12 16:18:00,ILPT
27.2,27.2188,27.2,27.2,4800,2021-10-12 16:19:00,ILPT
27.19,27.22,27.19,27.22,800,2021-10-12 16:20:00,ILPT
27.23,27.23,27.21,27.21,696,2021-10-12 16:21:00,ILPT
27.21,27.2399,27.21,27.2399,600,2021-10-12 16:22:00,ILPT
27.205,27.205,27.19,27.19,300,2021-10-12 16:24:00,ILPT
27.19,27.19,27.19,27.19,100,2021-10-12 16:26:00,ILPT
27.21,27.21,27.16,27.16,2527,2021-10-12 16:33:00,ILPT
27.16,27.16,27.14,27.14,300,2021-10-12 16:34:00,ILPT
27.15,27.15,27.15,27.15,200,2021-10-12 16:35:00,ILPT
27.09,27.1,27.09,27.1,200,2021-10-12 16:36:00,ILPT
27.11,27.11,27.11,27.11,100,2021-10-12 16:37:00,ILPT
27.12,27.1312,27.12,27.1312,290,2021-10-12 16:39:00,ILPT
27.15,27.15,27.15,27.15,100,2021-10-12 16:40:00,ILPT
27.16,27.16,27.145,27.145,300,2021-10-12 16:41:00,ILPT
27.13,27.13,27.13,27.13,100,2021-10-12 16:43:00,ILPT
27.14,27.14,27.13,27.13,600,2021-10-12 16:47:00,ILPT
27.13,27.13,27.13,27.13,100,2021-10-12 16:50:00,ILPT
27.15,27.15,27.15,27.15,100,2021-10-12 16:51:00,ILPT
27.13,27.13,27.13,27.13,100,2021-10-12 16:52:00,ILPT
27.11,27.11,27.11,27.11,100,2021-10-12 16:58:00,ILPT
27.1,27.12,27.1,27.11,998,2021-10-12 16:59:00,ILPT
27.1,27.1,27.1,27.1,100,2021-10-12 17:00:00,ILPT
27.115,27.115,27.115,27.115,100,2021-10-12 17:04:00,ILPT
27.13,27.13,27.13,27.13,400,2021-10-12 17:10:00,ILPT
27.12,27.12,27.1,27.1,3500,2021-10-12 17:11:00,ILPT
27.1,27.1,27.1,27.1,100,2021-10-12 17:12:00,ILPT
27.1,27.11,27.1,27.11,500,2021-10-12 17:13:00,ILPT
27.1,27.1,27.1,27.1,100,2021-10-12 17:14:00,ILPT
27.1,27.1,27.1,27.1,200,2021-10-12 17:16:00,ILPT
27.1,27.1,27.1,27.1,200,2021-10-12 17:17:00,ILPT
27.09,27.09,27.09,27.09,100,2021-10-12 17:18:00,ILPT
27.1,27.1,27.09,27.09,218,2021-10-12 17:20:00,ILPT
27.09,27.09,27.09,27.09,100,2021-10-12 17:21:00,ILPT
27.09,27.1,27.08,27.1,1905,2021-10-12 17:22:00,ILPT
27.085,27.085,27.06,27.06,300,2021-10-12 17:23:00,ILPT
27.06,27.075,27.06,27.075,200,2021-10-12 17:25:00,ILPT
27.075,27.09,27.075,27.09,400,2021-10-12 17:27:00,ILPT
27.07,27.09,27.07,27.09,324,2021-10-12 17:29:00,ILPT
27.08,27.08,27.08,27.08,100,2021-10-12 17:33:00,ILPT
27.095,27.1,27.095,27.1,494,2021-10-12 17:37:00,ILPT
27.105,27.109,27.105,27.109,1834,2021-10-12 17:40:00,ILPT
27.1011,27.1011,27.1011,27.1011,350,2021-10-12 17:41:00,ILPT
27.105,27.105,27.105,27.105,100,2021-10-12 17:42:00,ILPT
27.105,27.105,27.105,27.105,370,2021-10-12 17:44:00,ILPT
27.09,27.12,27.09,27.12,1000,2021-10-12 17:45:00,ILPT
27.12,27.12,27.12,27.12,100,2021-10-12 17:46:00,ILPT
27.11,27.11,27.11,27.11,100,2021-10-12 17:47:00,ILPT
27.12,27.12,27.11,27.11,204,2021-10-12 17:49:00,ILPT
27.13,27.14,27.13,27.14,523,2021-10-12 17:50:00,ILPT
27.125,27.125,27.11,27.11,500,2021-10-12 17:52:00,ILPT
27.09,27.09,27.08,27.08,300,2021-10-12 17:54:00,ILPT
27.075,27.075,27.075,27.075,100,2021-10-12 17:58:00,ILPT
27.08,27.08,27.08,27.08,300,2021-10-12 18:01:00,ILPT
27.08,27.08,27.08,27.08,100,2021-10-12 18:05:00,ILPT
27.08,27.08,27.08,27.08,100,2021-10-12 18:07:00,ILPT
27.09,27.09,27.08,27.08,600,2021-10-12 18:13:00,ILPT
27.095,27.095,27.095,27.095,200,2021-10-12 18:14:00,ILPT
27.095,27.11,27.095,27.1,684,2021-10-12 18:15:00,ILPT
27.1,27.1,27.1,27.1,200,2021-10-12 18:16:00,ILPT
27.11,27.11,27.105,27.105,200,2021-10-12 18:17:00,ILPT
27.1,27.1,27.1,27.1,100,2021-10-12 18:18:00,ILPT
27.1,27.1,27.09,27.09,600,2021-10-12 18:19:00,ILPT
27.07,27.07,27.07,27.07,100,2021-10-12 18:20:00,ILPT
27.07,27.09,27.07,27.09,200,2021-10-12 18:21:00,ILPT
27.07,27.09,27.07,27.09,200,2021-10-12 18:23:00,ILPT
27.09,27.09,27.09,27.09,100,2021-10-12 18:26:00,ILPT
27.09,27.09,27.09,27.09,100,2021-10-12 18:27:00,ILPT
27.085,27.085,27.085,27.085,100,2021-10-12 18:28:00,ILPT
27.075,27.09,27.06,27.09,600,2021-10-12 18:29:00,ILPT
27.075,27.1,27.075,27.1,500,2021-10-12 18:30:00,ILPT
27.11,27.11,27.1,27.1,200,2021-10-12 18:31:00,ILPT
27.105,27.105,27.105,27.105,200,2021-10-12 18:33:00,ILPT
27.12,27.13,27.11,27.13,852,2021-10-12 18:34:00,ILPT
27.14,27.14,27.125,27.125,200,2021-10-12 18:35:00,ILPT
27.12,27.12,27.11,27.11,200,2021-10-12 18:36:00,ILPT
27.115,27.115,27.115,27.115,100,2021-10-12 18:37:00,ILPT
27.115,27.115,27.115,27.115,100,2021-10-12 18:38:00,ILPT
27.115,27.115,27.1149,27.1149,489,2021-10-12 18:39:00,ILPT
27.11,27.11,27.11,27.11,100,2021-10-12 18:40:00,ILPT
27.115,27.115,27.115,27.115,200,2021-10-12 18:41:00,ILPT
27.11,27.11,27.11,27.11,100,2021-10-12 18:43:00,ILPT
27.12,27.12,27.12,27.12,100,2021-10-12 18:44:00,ILPT
27.05,27.05,27.05,27.05,100,2021-10-12 18:45:00,ILPT
27.05,27.06,27.05,27.06,200,2021-10-12 18:46:00,ILPT
27.03,27.04,27.03,27.04,613,2021-10-12 18:50:00,ILPT
27.045,27.045,27.045,27.045,135,2021-10-12 18:51:00,ILPT
27.06,27.065,27.0499,27.065,1031,2021-10-12 18:53:00,ILPT
27.06,27.06,27.045,27.045,600,2021-10-12 18:55:00,ILPT
27.03,27.03,27.03,27.03,100,2021-10-12 18:56:00,ILPT
27.03,27.03,27.03,27.03,100,2021-10-12 19:03:00,ILPT
27.025,27.025,27.025,27.025,100,2021-10-12 19:04:00,ILPT
27.04,27.04,27.03,27.03,300,2021-10-12 19:05:00,ILPT
27.05,27.05,27.05,27.05,100,2021-10-12 19:07:00,ILPT
27.06,27.06,27.06,27.06,100,2021-10-12 19:08:00,ILPT
27.06,27.06,27.06,27.06,100,2021-10-12 19:09:00,ILPT
27.06,27.06,27.06,27.06,100,2021-10-12 19:11:00,ILPT
27.07,27.07,27.07,27.07,100,2021-10-12 19:12:00,ILPT
27.06,27.06,27.06,27.06,300,2021-10-12 19:15:00,ILPT
27.05,27.05,27.05,27.05,307,2021-10-12 19:17:00,ILPT
27.055,27.055,27.055,27.055,100,2021-10-12 19:20:00,ILPT
27.06,27.06,27.06,27.06,100,2021-10-12 19:23:00,ILPT
27.05,27.05,27.05,27.05,372,2021-10-12 19:24:00,ILPT
27.05,27.05,27.05,27.05,100,2021-10-12 19:25:00,ILPT
27.0491,27.05,27.0491,27.05,410,2021-10-12 19:27:00,ILPT
27.05,27.06,27.05,27.06,502,2021-10-12 19:29:00,ILPT
27.07,27.07,27.07,27.07,200,2021-10-12 19:30:00,ILPT
27.07,27.08,27.07,27.07,500,2021-10-12 19:32:00,ILPT
27.075,27.075,27.075,27.075,1000,2021-10-12 19:34:00,ILPT
27.07,27.07,27.05,27.06,2067,2021-10-12 19:35:00,ILPT
27.045,27.045,27.045,27.045,100,2021-10-12 19:36:00,ILPT
27.04,27.04,27.04,27.04,100,2021-10-12 19:37:00,ILPT
27.05,27.06,27.05,27.06,325,2021-10-12 19:39:00,ILPT
27.055,27.055,27.055,27.055,100,2021-10-12 19:40:00,ILPT
27.05,27.05,27.04,27.04,400,2021-10-12 19:41:00,ILPT
27.04,27.04,27.04,27.04,486,2021-10-12 19:42:00,ILPT
27.03,27.03,27.01,27.01,500,2021-10-12 19:43:00,ILPT
27.01,27.01,26.995,26.995,423,2021-10-12 19:44:00,ILPT
26.98,26.98,26.975,26.98,932,2021-10-12 19:45:00,ILPT
26.99,26.99,26.98,26.98,704,2021-10-12 19:46:00,ILPT
26.96,26.96,26.96,26.96,500,2021-10-12 19:49:00,ILPT
26.97,26.98,26.97,26.97,1007,2021-10-12 19:50:00,ILPT
26.96,26.96,26.96,26.96,200,2021-10-12 19:51:00,ILPT
26.97,26.97,26.97,26.97,200,2021-10-12 19:53:00,ILPT
26.95,26.95,26.95,26.95,100,2021-10-12 19:54:00,ILPT
26.97,26.98,26.95,26.98,2986,2021-10-12 19:55:00,ILPT
26.98,27.01,26.98,27.01,917,2021-10-12 19:56:00,ILPT
27.01,27.01,27.01,27.01,100,2021-10-12 19:57:00,ILPT
27.02,27.02,27.02,27.02,100,2021-10-12 19:58:00,ILPT
27.02,27.04,27.01,27.01,2305,2021-10-12 19:59:00,ILPT
27.02,27.02,27.02,27.02,22991,2021-10-12 20:00:00,ILPT
27.02,27.02,27.02,27.02,486,2021-10-12 20:01:00,ILPT
26.96,27.0,26.95,26.95,3050,2021-10-13 13:30:00,ILPT
26.95,26.95,26.95,26.95,200,2021-10-13 13:33:00,ILPT
26.98,26.98,26.98,26.98,100,2021-10-13 13:35:00,ILPT
26.96,27.03,26.96,27.03,1058,2021-10-13 13:39:00,ILPT
27.02,27.02,27.01,27.01,915,2021-10-13 13:40:00,ILPT
26.98,26.98,26.97,26.97,200,2021-10-13 13:42:00,ILPT
27.07,27.07,27.07,27.07,100,2021-10-13 13:49:00,ILPT
27.04,27.05,27.01,27.01,500,2021-10-13 13:51:00,ILPT
27.05,27.05,27.05,27.05,400,2021-10-13 13:53:00,ILPT
27.01,27.01,26.95,26.95,1142,2021-10-13 13:55:00,ILPT
26.9834,26.9834,26.9834,26.9834,500,2021-10-13 13:56:00,ILPT
26.945,26.945,26.92,26.92,400,2021-10-13 13:58:00,ILPT
26.935,26.935,26.935,26.935,100,2021-10-13 13:59:00,ILPT
26.84,26.84,26.84,26.84,500,2021-10-13 14:01:00,ILPT
26.89,26.89,26.89,26.89,200,2021-10-13 14:03:00,ILPT
26.9,26.92,26.9,26.92,200,2021-10-13 14:08:00,ILPT
26.92,26.92,26.885,26.885,478,2021-10-13 14:09:00,ILPT
26.89,26.9,26.89,26.9,877,2021-10-13 14:10:00,ILPT
26.88,26.89,26.88,26.89,416,2021-10-13 14:19:00,ILPT
26.865,26.865,26.865,26.865,100,2021-10-13 14:21:00,ILPT
26.81,26.81,26.81,26.81,200,2021-10-13 14:28:00,ILPT
26.82,26.82,26.8,26.8,300,2021-10-13 14:29:00,ILPT
26.83,26.83,26.83,26.83,100,2021-10-13 14:30:00,ILPT
26.92,26.92,26.89,26.89,200,2021-10-13 14:34:00,ILPT
26.91,26.91,26.91,26.91,100,2021-10-13 14:37:00,ILPT
26.915,26.915,26.915,26.915,100,2021-10-13 14:38:00,ILPT
26.93,26.93,26.93,26.93,100,2021-10-13 14:39:00,ILPT
26.97,26.97,26.97,26.97,300,2021-10-13 14:45:00,ILPT
26.96,26.96,26.95,26.95,3444,2021-10-13 14:46:00,ILPT
26.975,26.975,26.975,26.975,100,2021-10-13 14:47:00,ILPT
26.99,26.99,26.99,26.99,100,2021-10-13 14:54:00,ILPT
26.96,26.96,26.96,26.96,100,2021-10-13 14:55:00,ILPT
26.99,26.99,26.98,26.98,400,2021-10-13 14:56:00,ILPT
26.995,26.995,26.995,26.995,100,2021-10-13 14:57:00,ILPT
27.01,27.01,27.01,27.01,100,2021-10-13 15:01:00,ILPT
27.02,27.02,27.0,27.0,200,2021-10-13 15:02:00,ILPT
27.03,27.03,27.03,27.03,100,2021-10-13 15:03:00,ILPT
27.04,27.04,27.0332,27.0332,300,2021-10-13 15:04:00,ILPT
27.03,27.03,27.03,27.03,200,2021-10-13 15:05:00,ILPT
27.04,27.04,27.04,27.04,300,2021-10-13 15:07:00,ILPT
27.03,27.06,27.03,27.06,622,2021-10-13 15:08:00,ILPT
27.0899,27.0899,27.0896,27.0896,651,2021-10-13 15:09:00,ILPT
27.09,27.09,27.09,27.09,100,2021-10-13 15:13:00,ILPT
27.09,27.09,27.08,27.08,500,2021-10-13 15:16:00,ILPT
27.05,27.05,27.05,27.05,100,2021-10-13 15:23:00,ILPT
27.055,27.055,27.04,27.04,200,2021-10-13 15:26:00,ILPT
27.04,27.06,27.04,27.04,1300,2021-10-13 15:27:00,ILPT
27.03,27.03,27.03,27.03,170,2021-10-13 15:31:00,ILPT
27.05,27.07,27.05,27.07,900,2021-10-13 15:35:00,ILPT
27.05,27.05,27.05,27.05,100,2021-10-13 15:37:00,ILPT
27.07,27.07,27.07,27.07,200,2021-10-13 15:41:00,ILPT
27.08,27.08,27.08,27.08,100,2021-10-13 15:42:00,ILPT
27.08,27.08,27.08,27.08,100,2021-10-13 15:44:00,ILPT
27.07,27.07,27.07,27.07,100,2021-10-13 15:45:00,ILPT
27.115,27.115,27.1,27.1,200,2021-10-13 15:49:00,ILPT
27.11,27.11,27.11,27.11,100,2021-10-13 15:56:00,ILPT
27.13,27.13,27.13,27.13,100,2021-10-13 15:57:00,ILPT
27.13,27.13,27.13,27.13,200,2021-10-13 16:03:00,ILPT
27.13,27.13,27.13,27.13,200,2021-10-13 16:05:00,ILPT
27.13,27.13,27.13,27.13,100,2021-10-13 16:07:00,ILPT
27.125,27.15,27.125,27.15,500,2021-10-13 16:10:00,ILPT
27.13,27.13,27.13,27.13,300,2021-10-13 16:11:00,ILPT
27.15,27.15,27.15,27.15,100,2021-10-13 16:13:00,ILPT
27.11,27.11,27.11,27.11,702,2021-10-13 16:16:00,ILPT
27.09,27.09,27.09,27.09,100,2021-10-13 16:26:00,ILPT
27.09,27.09,27.09,27.09,100,2021-10-13 16:28:00,ILPT
27.105,27.105,27.105,27.105,100,2021-10-13 16:29:00,ILPT
27.08,27.1,27.07,27.1,3794,2021-10-13 16:30:00,ILPT
27.095,27.095,27.095,27.095,100,2021-10-13 16:31:00,ILPT
27.08,27.09,27.08,27.09,599,2021-10-13 16:33:00,ILPT
27.1099,27.11,27.08,27.08,3800,2021-10-13 16:35:00,ILPT
27.08,27.13,27.08,27.09,3889,2021-10-13 16:36:00,ILPT
27.09,27.09,27.09,27.09,200,2021-10-13 16:37:00,ILPT
27.099,27.099,27.099,27.099,300,2021-10-13 16:39:00,ILPT
27.12,27.12,27.12,27.12,1600,2021-10-13 16:42:00,ILPT
27.11,27.11,27.11,27.11,500,2021-10-13 16:46:00,ILPT
27.13,27.14,27.13,27.14,400,2021-10-13 16:47:00,ILPT
27.12,27.12,27.12,27.12,100,2021-10-13 16:48:00,ILPT
27.15,27.15,27.15,27.15,100,2021-10-13 16:58:00,ILPT
27.14,27.14,27.14,27.14,100,2021-10-13 17:00:00,ILPT
27.15,27.15,27.15,27.15,100,2021-10-13 17:04:00,ILPT
27.15,27.16,27.15,27.1542,561,2021-10-13 17:05:00,ILPT
27.165,27.165,27.165,27.165,150,2021-10-13 17:06:00,ILPT
27.165,27.165,27.165,27.165,100,2021-10-13 17:07:00,ILPT
27.165,27.165,27.15,27.15,700,2021-10-13 17:09:00,ILPT
27.14,27.14,27.14,27.14,300,2021-10-13 17:11:00,ILPT
27.15,27.15,27.15,27.15,100,2021-10-13 17:12:00,ILPT
27.18,27.18,27.18,27.18,300,2021-10-13 17:13:00,ILPT
27.1879,27.1879,27.1879,27.1879,100,2021-10-13 17:15:00,ILPT
27.21,27.21,27.21,27.21,200,2021-10-13 17:25:00,ILPT
27.23,27.23,27.23,27.23,200,2021-10-13 17:28:00,ILPT
27.235,27.25,27.235,27.25,222,2021-10-13 17:30:00,ILPT
27.27,27.27,27.27,27.27,200,2021-10-13 17:31:00,ILPT
27.25,27.25,27.25,27.25,600,2021-10-13 17:35:00,ILPT
27.2638,27.2638,27.2638,27.2638,450,2021-10-13 17:38:00,ILPT
27.25,27.25,27.25,27.25,300,2021-10-13 17:40:00,ILPT
27.255,27.255,27.255,27.255,100,2021-10-13 17:41:00,ILPT
27.25,27.25,27.25,27.25,118,2021-10-13 17:49:00,ILPT
27.24,27.24,27.24,27.24,300,2021-10-13 17:50:00,ILPT
27.22,27.23,27.21,27.23,800,2021-10-13 17:51:00,ILPT
27.23,27.23,27.23,27.23,298,2021-10-13 17:54:00,ILPT
27.22,27.22,27.22,27.22,100,2021-10-13 17:55:00,ILPT
27.21,27.21,27.21,27.21,100,2021-10-13 17:58:00,ILPT
27.21,27.21,27.21,27.21,200,2021-10-13 17:59:00,ILPT
27.2,27.21,27.17,27.19,1110,2021-10-13 18:00:00,ILPT
27.22,27.23,27.22,27.23,200,2021-10-13 18:01:00,ILPT
27.22,27.22,27.22,27.22,400,2021-10-13 18:02:00,ILPT
27.216,27.216,27.216,27.216,200,2021-10-13 18:03:00,ILPT
27.2135,27.23,27.21,27.23,2309,2021-10-13 18:04:00,ILPT
27.23,27.23,27.23,27.23,300,2021-10-13 18:05:00,ILPT
27.245,27.25,27.245,27.25,200,2021-10-13 18:06:00,ILPT
27.24,27.24,27.23,27.23,624,2021-10-13 18:07:00,ILPT
27.24,27.24,27.24,27.24,100,2021-10-13 18:09:00,ILPT
27.2335,27.2335,27.2335,27.2335,150,2021-10-13 18:12:00,ILPT
27.25,27.25,27.25,27.25,200,2021-10-13 18:13:00,ILPT
27.29,27.29,27.29,27.29,200,2021-10-13 18:14:00,ILPT
27.25,27.25,27.25,27.25,322,2021-10-13 18:16:00,ILPT
27.275,27.275,27.275,27.275,100,2021-10-13 18:18:00,ILPT
27.3,27.3,27.2927,27.2927,900,2021-10-13 18:24:00,ILPT
27.29,27.33,27.29,27.31,400,2021-10-13 18:25:00,ILPT
27.32,27.32,27.32,27.32,200,2021-10-13 18:26:00,ILPT
27.29,27.29,27.285,27.285,700,2021-10-13 18:27:00,ILPT
27.3,27.3,27.3,27.3,100,2021-10-13 18:30:00,ILPT
27.305,27.305,27.305,27.305,100,2021-10-13 18:31:00,ILPT
27.29,27.29,27.29,27.29,270,2021-10-13 18:32:00,ILPT
27.27,27.27,27.26,27.26,200,2021-10-13 18:36:00,ILPT
27.27,27.28,27.27,27.28,300,2021-10-13 18:37:00,ILPT
27.27,27.27,27.27,27.27,100,2021-10-13 18:38:00,ILPT
27.27,27.27,27.27,27.27,300,2021-10-13 18:39:00,ILPT
27.2655,27.2655,27.2655,27.2655,200,2021-10-13 18:41:00,ILPT
27.26,27.26,27.25,27.25,1200,2021-10-13 18:43:00,ILPT
27.25,27.25,27.25,27.25,100,2021-10-13 18:44:00,ILPT
27.26,27.26,27.2597,27.2597,1200,2021-10-13 18:47:00,ILPT
27.26,27.27,27.26,27.27,400,2021-10-13 18:48:00,ILPT
27.275,27.275,27.275,27.275,100,2021-10-13 18:49:00,ILPT
27.27,27.27,27.27,27.27,100,2021-10-13 18:50:00,ILPT
27.27,27.28,27.27,27.27,600,2021-10-13 18:52:00,ILPT
27.27,27.27,27.27,27.27,200,2021-10-13 18:53:00,ILPT
27.2799,27.2799,27.2799,27.2799,200,2021-10-13 18:55:00,ILPT
27.28,27.28,27.28,27.28,238,2021-10-13 18:59:00,ILPT
27.28,27.28,27.28,27.28,100,2021-10-13 19:00:00,ILPT
27.27,27.27,27.27,27.27,600,2021-10-13 19:02:00,ILPT
27.27,27.27,27.27,27.27,300,2021-10-13 19:03:00,ILPT
27.28,27.28,27.27,27.27,233,2021-10-13 19:04:00,ILPT
27.28,27.28,27.28,27.28,500,2021-10-13 19:06:00,ILPT
27.29,27.29,27.29,27.29,500,2021-10-13 19:07:00,ILPT
27.31,27.31,27.31,27.31,100,2021-10-13 19:08:00,ILPT
27.31,27.315,27.3,27.315,584,2021-10-13 19:09:00,ILPT
27.33,27.33,27.33,27.33,200,2021-10-13 19:10:00,ILPT
27.34,27.34,27.34,27.34,200,2021-10-13 19:11:00,ILPT
27.33,27.34,27.325,27.325,600,2021-10-13 19:12:00,ILPT
27.33,27.33,27.33,27.33,200,2021-10-13 19:14:00,ILPT
27.32,27.33,27.32,27.33,200,2021-10-13 19:15:00,ILPT
27.31,27.31,27.31,27.31,300,2021-10-13 19:16:00,ILPT
27.32,27.32,27.32,27.32,300,2021-10-13 19:18:00,ILPT
27.32,27.32,27.32,27.32,200,2021-10-13 19:21:00,ILPT
27.31,27.32,27.3,27.3,600,2021-10-13 19:23:00,ILPT
27.3,27.32,27.3,27.32,300,2021-10-13 19:24:00,ILPT
27.33,27.33,27.33,27.33,200,2021-10-13 19:25:00,ILPT
27.33,27.33,27.33,27.33,100,2021-10-13 19:26:00,ILPT
27.34,27.345,27.34,27.345,500,2021-10-13 19:27:00,ILPT
27.3421,27.358,27.3421,27.358,200,2021-10-13 19:29:00,ILPT
27.35,27.36,27.34,27.34,500,2021-10-13 19:30:00,ILPT
27.35,27.36,27.34,27.36,700,2021-10-13 19:31:00,ILPT
27.37,27.37,27.35,27.35,785,2021-10-13 19:32:00,ILPT
27.36,27.37,27.36,27.37,600,2021-10-13 19:35:00,ILPT
27.375,27.39,27.375,27.39,380,2021-10-13 19:36:00,ILPT
27.39,27.4,27.39,27.395,821,2021-10-13 19:37:00,ILPT
27.4,27.4,27.4,27.4,100,2021-10-13 19:38:00,ILPT
27.38,27.38,27.38,27.38,500,2021-10-13 19:39:00,ILPT
27.39,27.4,27.39,27.4,500,2021-10-13 19:40:00,ILPT
27.39,27.39,27.39,27.39,100,2021-10-13 19:42:00,ILPT
27.4,27.44,27.4,27.43,6832,2021-10-13 19:43:00,ILPT
27.44,27.44,27.44,27.44,300,2021-10-13 19:44:00,ILPT
27.45,27.45,27.45,27.45,100,2021-10-13 19:45:00,ILPT
27.45,27.46,27.45,27.46,747,2021-10-13 19:46:00,ILPT
27.455,27.47,27.455,27.455,600,2021-10-13 19:47:00,ILPT
27.46,27.46,27.46,27.46,100,2021-10-13 19:48:00,ILPT
27.45,27.45,27.44,27.45,1000,2021-10-13 19:49:00,ILPT
27.45,27.48,27.45,27.48,3513,2021-10-13 19:50:00,ILPT
27.485,27.515,27.485,27.51,2205,2021-10-13 19:51:00,ILPT
27.515,27.515,27.5,27.5,1168,2021-10-13 19:52:00,ILPT
27.51,27.53,27.5,27.5,1511,2021-10-13 19:54:00,ILPT
27.505,27.515,27.5,27.5,2922,2021-10-13 19:55:00,ILPT
27.51,27.525,27.5,27.52,500,2021-10-13 19:56:00,ILPT
27.525,27.525,27.515,27.515,1969,2021-10-13 19:57:00,ILPT
27.52,27.53,27.51,27.525,2782,2021-10-13 19:58:00,ILPT
27.525,27.535,27.51,27.51,4674,2021-10-13 19:59:00,ILPT
27.52,27.52,27.52,27.52,46610,2021-10-13 20:00:00,ILPT
27.52,27.52,27.52,27.52,267,2021-10-13 20:01:00,ILPT
27.52,27.7,27.52,27.62,5429,2021-10-14 13:30:00,ILPT
27.64,27.64,27.64,27.64,100,2021-10-14 13:31:00,ILPT
27.64,27.67,27.64,27.67,400,2021-10-14 13:34:00,ILPT
27.67,27.67,27.64,27.65,400,2021-10-14 13:35:00,ILPT
27.65,27.65,27.65,27.65,100,2021-10-14 13:39:00,ILPT
27.64,27.64,27.64,27.64,200,2021-10-14 13:43:00,ILPT
27.59,27.59,27.59,27.59,100,2021-10-14 13:45:00,ILPT
27.64,27.65,27.64,27.65,300,2021-10-14 13:46:00,ILPT
27.6642,27.6809,27.6642,27.6809,520,2021-10-14 13:47:00,ILPT
27.69,27.69,27.69,27.69,100,2021-10-14 13:49:00,ILPT
27.69,27.69,27.67,27.68,400,2021-10-14 13:50:00,ILPT
27.7056,27.73,27.7056,27.73,599,2021-10-14 13:52:00,ILPT
27.71,27.71,27.71,27.71,400,2021-10-14 13:53:00,ILPT
27.72,27.72,27.72,27.72,200,2021-10-14 13:55:00,ILPT
27.72,27.72,27.72,27.72,100,2021-10-14 13:56:00,ILPT
27.76,27.76,27.76,27.76,200,2021-10-14 14:00:00,ILPT
27.78,27.78,27.7638,27.7638,300,2021-10-14 14:01:00,ILPT
27.81,27.81,27.765,27.765,300,2021-10-14 14:02:00,ILPT
27.75,27.76,27.75,27.76,200,2021-10-14 14:05:00,ILPT
27.79,27.79,27.79,27.79,100,2021-10-14 14:08:00,ILPT
27.77,27.77,27.77,27.77,100,2021-10-14 14:12:00,ILPT
27.79,27.8,27.79,27.8,200,2021-10-14 14:13:00,ILPT
27.81,27.81,27.81,27.81,300,2021-10-14 14:14:00,ILPT
27.85,27.85,27.8354,27.8354,200,2021-10-14 14:16:00,ILPT
27.835,27.835,27.835,27.835,100,2021-10-14 14:19:00,ILPT
27.82,27.82,27.81,27.81,400,2021-10-14 14:20:00,ILPT
27.82,27.83,27.82,27.83,200,2021-10-14 14:22:00,ILPT
27.8,27.8,27.775,27.775,543,2021-10-14 14:25:00,ILPT
27.8,27.8,27.8,27.8,100,2021-10-14 14:28:00,ILPT
27.8,27.815,27.7866,27.815,1579,2021-10-14 14:29:00,ILPT
27.84,27.84,27.84,27.84,100,2021-10-14 14:31:00,ILPT
27.87,27.87,27.87,27.87,100,2021-10-14 14:32:00,ILPT
27.85,27.85,27.85,27.85,100,2021-10-14 14:33:00,ILPT
27.84,27.84,27.84,27.84,200,2021-10-14 14:34:00,ILPT
27.81,27.81,27.81,27.81,100,2021-10-14 14:37:00,ILPT
27.79,27.79,27.78,27.78,300,2021-10-14 14:38:00,ILPT
27.73,27.73,27.71,27.72,300,2021-10-14 14:42:00,ILPT
27.74,27.74,27.74,27.74,100,2021-10-14 14:45:00,ILPT
27.715,27.715,27.715,27.715,100,2021-10-14 14:46:00,ILPT
27.74,27.74,27.74,27.74,100,2021-10-14 14:49:00,ILPT
27.735,27.735,27.735,27.735,100,2021-10-14 14:50:00,ILPT
27.73,27.73,27.73,27.73,100,2021-10-14 14:51:00,ILPT
27.74,27.74,27.74,27.74,500,2021-10-14 14:53:00,ILPT
27.75,27.75,27.73,27.735,700,2021-10-14 14:54:00,ILPT
27.74,27.74,27.74,27.74,100,2021-10-14 14:55:00,ILPT
27.75,27.77,27.75,27.755,600,2021-10-14 14:58:00,ILPT
27.77,27.77,27.77,27.77,100,2021-10-14 14:59:00,ILPT
27.75,27.75,27.75,27.75,200,2021-10-14 15:01:00,ILPT
27.77,27.77,27.77,27.77,100,2021-10-14 15:03:00,ILPT
27.74,27.75,27.74,27.75,200,2021-10-14 15:04:00,ILPT
27.74,27.74,27.74,27.74,100,2021-10-14 15:05:00,ILPT
27.76,27.76,27.75,27.75,500,2021-10-14 15:09:00,ILPT
27.754,27.754,27.754,27.754,201,2021-10-14 15:13:00,ILPT
27.74,27.74,27.735,27.735,200,2021-10-14 15:14:00,ILPT
27.725,27.725,27.725,27.725,100,2021-10-14 15:15:00,ILPT
27.72,27.72,27.72,27.72,100,2021-10-14 15:16:00,ILPT
27.71,27.71,27.698,27.698,300,2021-10-14 15:18:00,ILPT
27.705,27.705,27.705,27.705,100,2021-10-14 15:21:00,ILPT
27.69,27.69,27.69,27.69,100,2021-10-14 15:23:00,ILPT
27.69,27.69,27.69,27.69,100,2021-10-14 15:24:00,ILPT
27.69,27.69,27.69,27.69,100,2021-10-14 15:27:00,ILPT
27.68,27.68,27.63,27.66,4700,2021-10-14 15:28:00,ILPT
27.67,27.73,27.67,27.71,800,2021-10-14 15:29:00,ILPT
27.71,27.73,27.71,27.73,200,2021-10-14 15:30:00,ILPT
27.69,27.69,27.68,27.68,200,2021-10-14 15:31:00,ILPT
27.6957,27.6957,27.68,27.68,300,2021-10-14 15:32:00,ILPT
27.69,27.69,27.69,27.69,100,2021-10-14 15:34:00,ILPT
27.7,27.7,27.7,27.7,500,2021-10-14 15:35:00,ILPT
27.68,27.68,27.68,27.68,100,2021-10-14 15:36:00,ILPT
27.69,27.69,27.69,27.69,100,2021-10-14 15:40:00,ILPT
27.6989,27.6989,27.6989,27.6989,250,2021-10-14 15:43:00,ILPT
27.66,27.66,27.66,27.66,100,2021-10-14 15:44:00,ILPT
27.7,27.7,27.66,27.7,4025,2021-10-14 15:46:00,ILPT
27.68,27.68,27.67,27.67,250,2021-10-14 15:48:00,ILPT
27.68,27.68,27.68,27.68,100,2021-10-14 15:50:00,ILPT
27.645,27.645,27.645,27.645,100,2021-10-14 15:53:00,ILPT
27.62,27.62,27.62,27.62,401,2021-10-14 15:57:00,ILPT
27.65,27.65,27.65,27.65,200,2021-10-14 15:58:00,ILPT
27.64,27.645,27.64,27.645,500,2021-10-14 16:00:00,ILPT
27.645,27.645,27.64,27.64,400,2021-10-14 16:06:00,ILPT
27.64,27.65,27.64,27.65,600,2021-10-14 16:07:00,ILPT
27.66,27.67,27.66,27.67,494,2021-10-14 16:08:00,ILPT
27.67,27.67,27.665,27.665,300,2021-10-14 16:09:00,ILPT
27.665,27.665,27.665,27.665,100,2021-10-14 16:12:00,ILPT
27.68,27.69,27.68,27.68,400,2021-10-14 16:13:00,ILPT
27.68,27.68,27.67,27.67,300,2021-10-14 16:15:00,ILPT
27.68,27.68,27.68,27.68,100,2021-10-14 16:16:00,ILPT
27.665,27.665,27.665,27.665,100,2021-10-14 16:17:00,ILPT
27.66,27.66,27.66,27.66,100,2021-10-14 16:19:00,ILPT
27.665,27.665,27.665,27.665,100,2021-10-14 16:22:00,ILPT
27.66,27.66,27.65,27.65,200,2021-10-14 16:23:00,ILPT
27.66,27.66,27.66,27.66,100,2021-10-14 16:25:00,ILPT
27.68,27.68,27.68,27.68,100,2021-10-14 16:26:00,ILPT
27.68,27.68,27.68,27.68,100,2021-10-14 16:27:00,ILPT
27.67,27.67,27.67,27.67,100,2021-10-14 16:28:00,ILPT
27.66,27.66,27.66,27.66,200,2021-10-14 16:29:00,ILPT
27.65,27.65,27.65,27.65,100,2021-10-14 16:32:00,ILPT
27.62,27.62,27.62,27.62,400,2021-10-14 16:36:00,ILPT
27.63,27.63,27.62,27.62,200,2021-10-14 16:38:00,ILPT
27.62,27.62,27.62,27.62,100,2021-10-14 16:39:00,ILPT
27.6,27.6,27.6,27.6,100,2021-10-14 16:40:00,ILPT
27.61,27.61,27.58,27.58,300,2021-10-14 16:41:00,ILPT
27.595,27.595,27.595,27.595,100,2021-10-14 16:42:00,ILPT
27.61,27.61,27.61,27.61,100,2021-10-14 16:46:00,ILPT
27.58,27.58,27.58,27.58,100,2021-10-14 16:51:00,ILPT
27.57,27.57,27.57,27.57,200,2021-10-14 16:52:00,ILPT
27.56,27.56,27.56,27.56,100,2021-10-14 16:55:00,ILPT
27.57,27.57,27.56,27.57,700,2021-10-14 16:57:00,ILPT
27.56,27.56,27.56,27.56,100,2021-10-14 16:58:00,ILPT
27.59,27.59,27.59,27.59,500,2021-10-14 17:00:00,ILPT
27.58,27.59,27.575,27.575,900,2021-10-14 17:02:00,ILPT
27.57,27.57,27.56,27.56,300,2021-10-14 17:05:00,ILPT
27.57,27.57,27.565,27.565,500,2021-10-14 17:07:00,ILPT
27.56,27.56,27.56,27.56,100,2021-10-14 17:08:00,ILPT
27.57,27.57,27.57,27.57,100,2021-10-14 17:11:00,ILPT
27.57,27.57,27.57,27.57,100,2021-10-14 17:12:00,ILPT
27.5799,27.5799,27.57,27.57,1000,2021-10-14 17:14:00,ILPT
27.58,27.59,27.58,27.5899,1369,2021-10-14 17:17:00,ILPT
27.59,27.59,27.58,27.58,200,2021-10-14 17:19:00,ILPT
27.58,27.585,27.58,27.585,200,2021-10-14 17:20:00,ILPT
27.585,27.585,27.58,27.58,300,2021-10-14 17:21:00,ILPT
27.57,27.57,27.57,27.57,100,2021-10-14 17:22:00,ILPT
27.572,27.572,27.572,27.572,113,2021-10-14 17:24:00,ILPT
27.59,27.59,27.59,27.59,200,2021-10-14 17:26:00,ILPT
27.599,27.599,27.599,27.599,100,2021-10-14 17:28:00,ILPT
27.595,27.595,27.595,27.595,100,2021-10-14 17:29:00,ILPT
27.595,27.6,27.595,27.6,400,2021-10-14 17:30:00,ILPT
27.6,27.6,27.6,27.6,300,2021-10-14 17:32:00,ILPT
27.6,27.6,27.6,27.6,100,2021-10-14 17:34:00,ILPT
27.59,27.59,27.59,27.59,100,2021-10-14 17:38:00,ILPT
27.61,27.61,27.61,27.61,208,2021-10-14 17:40:00,ILPT
27.61,27.61,27.61,27.61,100,2021-10-14 17:41:00,ILPT
27.6,27.6,27.6,27.6,100,2021-10-14 17:42:00,ILPT
27.605,27.605,27.6,27.605,500,2021-10-14 17:44:00,ILPT
27.6,27.62,27.6,27.62,900,2021-10-14 17:46:00,ILPT
27.63,27.63,27.63,27.63,200,2021-10-14 17:47:00,ILPT
27.64,27.64,27.63,27.63,200,2021-10-14 17:48:00,ILPT
27.645,27.645,27.645,27.645,100,2021-10-14 17:51:00,ILPT
27.635,27.635,27.635,27.635,100,2021-10-14 17:55:00,ILPT
27.635,27.635,27.635,27.635,100,2021-10-14 17:57:00,ILPT
27.63,27.64,27.63,27.6363,700,2021-10-14 18:00:00,ILPT
27.63,27.63,27.63,27.63,300,2021-10-14 18:01:00,ILPT
27.62,27.62,27.62,27.62,200,2021-10-14 18:02:00,ILPT
27.615,27.615,27.615,27.615,100,2021-10-14 18:07:00,ILPT
27.63,27.63,27.63,27.63,100,2021-10-14 18:13:00,ILPT
27.625,27.63,27.625,27.63,400,2021-10-14 18:15:00,ILPT
27.64,27.64,27.64,27.64,200,2021-10-14 18:16:00,ILPT
27.64,27.64,27.64,27.64,200,2021-10-14 18:17:00,ILPT
27.64,27.64,27.64,27.64,100,2021-10-14 18:19:00,ILPT
27.63,27.63,27.63,27.63,200,2021-10-14 18:20:00,ILPT
27.64,27.64,27.64,27.64,100,2021-10-14 18:24:00,ILPT
27.65,27.65,27.65,27.65,400,2021-10-14 18:27:00,ILPT
27.65,27.65,27.65,27.65,100,2021-10-14 18:31:00,ILPT
27.655,27.655,27.655,27.655,100,2021-10-14 18:35:00,ILPT
27.66,27.66,27.66,27.66,100,2021-10-14 18:39:00,ILPT
27.655,27.655,27.655,27.655,100,2021-10-14 18:40:00,ILPT
27.65,27.65,27.65,27.65,100,2021-10-14 18:41:00,ILPT
27.66,27.66,27.66,27.66,100,2021-10-14 18:42:00,ILPT
27.64,27.64,27.64,27.64,100,2021-10-14 18:44:00,ILPT
27.62,27.62,27.62,27.62,250,2021-10-14 18:45:00,ILPT
27.6499,27.65,27.6499,27.65,232,2021-10-14 18:46:00,ILPT
27.645,27.645,27.645,27.645,100,2021-10-14 18:48:00,ILPT
27.65,27.65,27.65,27.65,100,2021-10-14 18:49:00,ILPT
27.645,27.645,27.645,27.645,100,2021-10-14 18:50:00,ILPT
27.64,27.64,27.64,27.64,100,2021-10-14 18:52:00,ILPT
27.64,27.65,27.64,27.65,200,2021-10-14 18:54:00,ILPT
27.655,27.655,27.655,27.655,100,2021-10-14 18:55:00,ILPT
27.655,27.66,27.655,27.66,421,2021-10-14 18:57:00,ILPT
27.67,27.67,27.67,27.67,100,2021-10-14 18:59:00,ILPT
27.68,27.69,27.68,27.69,5143,2021-10-14 19:00:00,ILPT
27.7,27.7,27.7,27.7,100,2021-10-14 19:03:00,ILPT
27.7,27.7,27.7,27.7,246,2021-10-14 19:04:00,ILPT
27.71,27.71,27.71,27.71,100,2021-10-14 19:06:00,ILPT
27.7,27.705,27.7,27.705,200,2021-10-14 19:07:00,ILPT
27.71,27.71,27.7,27.7097,500,2021-10-14 19:09:00,ILPT
27.72,27.72,27.715,27.715,417,2021-10-14 19:13:00,ILPT
27.72,27.72,27.71,27.71,312,2021-10-14 19:14:00,ILPT
27.71,27.71,27.7,27.7,794,2021-10-14 19:17:00,ILPT
27.7,27.7,27.7,27.7,100,2021-10-14 19:18:00,ILPT
27.71,27.71,27.7011,27.71,600,2021-10-14 19:19:00,ILPT
27.69,27.69,27.68,27.68,500,2021-10-14 19:22:00,ILPT
27.69,27.69,27.69,27.69,100,2021-10-14 19:23:00,ILPT
27.68,27.68,27.68,27.68,200,2021-10-14 19:24:00,ILPT
27.69,27.69,27.69,27.69,100,2021-10-14 19:25:00,ILPT
27.69,27.69,27.69,27.69,300,2021-10-14 19:26:00,ILPT
27.71,27.71,27.71,27.71,6600,2021-10-14 19:28:00,ILPT
27.72,27.72,27.72,27.72,200,2021-10-14 19:29:00,ILPT
27.72,27.72,27.7,27.7,300,2021-10-14 19:33:00,ILPT
27.685,27.685,27.685,27.685,100,2021-10-14 19:35:00,ILPT
27.67,27.67,27.645,27.645,400,2021-10-14 19:36:00,ILPT
27.63,27.63,27.63,27.63,600,2021-10-14 19:37:00,ILPT
27.61,27.61,27.61,27.61,200,2021-10-14 19:38:00,ILPT
27.615,27.615,27.615,27.615,2200,2021-10-14 19:39:00,ILPT
27.615,27.615,27.615,27.615,100,2021-10-14 19:40:00,ILPT
27.62,27.63,27.62,27.62,800,2021-10-14 19:41:00,ILPT
27.62,27.62,27.62,27.62,200,2021-10-14 19:42:00,ILPT
27.61,27.61,27.61,27.61,100,2021-10-14 19:45:00,ILPT
27.63,27.63,27.63,27.63,100,2021-10-14 19:46:00,ILPT
27.6292,27.64,27.6292,27.63,817,2021-10-14 19:47:00,ILPT
27.64,27.64,27.64,27.64,1100,2021-10-14 19:48:00,ILPT
27.64,27.66,27.64,27.66,900,2021-10-14 19:50:00,ILPT
27.65,27.68,27.65,27.6727,900,2021-10-14 19:52:00,ILPT
27.68,27.68,27.68,27.68,300,2021-10-14 19:53:00,ILPT
27.67,27.68,27.66,27.67,500,2021-10-14 19:55:00,ILPT
27.671,27.671,27.67,27.67,300,2021-10-14 19:56:00,ILPT
27.67,27.68,27.66,27.67,2289,2021-10-14 19:57:00,ILPT
27.67,27.68,27.665,27.67,2760,2021-10-14 19:58:00,ILPT
27.66,27.68,27.66,27.68,2847,2021-10-14 19:59:00,ILPT
27.67,27.67,27.67,27.67,35087,2021-10-14 20:00:00,ILPT
27.67,27.67,27.67,27.67,245,2021-10-14 20:01:00,ILPT
27.67,27.67,27.67,27.67,425,2021-10-15 12:29:00,ILPT
28.06,28.06,27.995,27.995,20608,2021-10-15 13:30:00,ILPT
28.01,28.01,27.88,27.88,800,2021-10-15 13:32:00,ILPT
28.0,28.055,28.0,28.055,200,2021-10-15 13:34:00,ILPT
28.0581,28.0581,28.04,28.04,300,2021-10-15 13:35:00,ILPT
28.07,28.07,28.07,28.07,200,2021-10-15 13:36:00,ILPT
28.02,28.02,28.02,28.02,100,2021-10-15 13:38:00,ILPT
28.05,28.05,28.05,28.05,500,2021-10-15 13:40:00,ILPT
28.0624,28.07,28.0624,28.07,200,2021-10-15 13:41:00,ILPT
28.01,28.01,28.01,28.01,100,2021-10-15 13:43:00,ILPT
28.01,28.02,28.01,28.02,592,2021-10-15 13:44:00,ILPT
28.0562,28.08,28.04,28.04,2400,2021-10-15 13:45:00,ILPT
28.02,28.02,28.01,28.01,600,2021-10-15 13:46:00,ILPT
28.06,28.06,28.045,28.045,300,2021-10-15 13:48:00,ILPT
28.07,28.1,28.05,28.08,3920,2021-10-15 13:50:00,ILPT
28.09,28.09,28.08,28.08,500,2021-10-15 13:52:00,ILPT
28.1,28.125,28.1,28.125,1900,2021-10-15 13:53:00,ILPT
28.11,28.11,28.1,28.1,1146,2021-10-15 13:54:00,ILPT
28.09,28.09,28.09,28.09,100,2021-10-15 13:55:00,ILPT
28.1,28.11,28.08,28.1,1300,2021-10-15 13:56:00,ILPT
28.1075,28.11,28.1,28.1,700,2021-10-15 13:57:00,ILPT
28.1,28.12,28.08,28.09,2241,2021-10-15 13:58:00,ILPT
28.08,28.08,28.08,28.08,100,2021-10-15 13:59:00,ILPT
28.12,28.12,28.12,28.12,100,2021-10-15 14:01:00,ILPT
28.15,28.15,28.12,28.12,1844,2021-10-15 14:02:00,ILPT
28.08,28.08,28.08,28.08,100,2021-10-15 14:04:00,ILPT
28.1,28.1,28.1,28.1,487,2021-10-15 14:05:00,ILPT
28.0601,28.0601,28.06,28.06,200,2021-10-15 14:09:00,ILPT
28.071,28.071,28.071,28.071,100,2021-10-15 14:10:00,ILPT
28.1146,28.1146,28.1146,28.1146,500,2021-10-15 14:11:00,ILPT
28.12,28.12,28.08,28.08,400,2021-10-15 14:12:00,ILPT
28.08,28.08,28.08,28.08,500,2021-10-15 14:13:00,ILPT
28.07,28.07,28.07,28.07,100,2021-10-15 14:14:00,ILPT
28.07,28.07,28.07,28.07,100,2021-10-15 14:16:00,ILPT
28.09,28.09,28.07,28.08,500,2021-10-15 14:17:00,ILPT
28.08,28.08,28.08,28.08,114,2021-10-15 14:18:00,ILPT
28.06,28.06,28.04,28.04,300,2021-10-15 14:19:00,ILPT
28.04,28.07,28.04,28.07,300,2021-10-15 14:20:00,ILPT
28.075,28.075,28.05,28.05,550,2021-10-15 14:24:00,ILPT
28.06,28.06,28.06,28.06,400,2021-10-15 14:27:00,ILPT
28.05,28.05,28.05,28.05,500,2021-10-15 14:28:00,ILPT
28.04,28.04,28.03,28.03,200,2021-10-15 14:29:00,ILPT
28.07,28.07,28.07,28.07,796,2021-10-15 14:31:00,ILPT
28.08,28.09,28.08,28.09,500,2021-10-15 14:32:00,ILPT
28.0827,28.0827,28.0827,28.0827,400,2021-10-15 14:34:00,ILPT
28.08,28.08,28.08,28.08,200,2021-10-15 14:37:00,ILPT
28.095,28.095,28.095,28.095,548,2021-10-15 14:39:00,ILPT
28.095,28.095,28.03,28.03,753,2021-10-15 14:40:00,ILPT
28.05,28.05,28.05,28.05,100,2021-10-15 14:42:00,ILPT
28.08,28.08,28.08,28.08,100,2021-10-15 14:43:00,ILPT
28.06,28.06,28.06,28.06,200,2021-10-15 14:44:00,ILPT
28.05,28.05,28.05,28.05,100,2021-10-15 14:45:00,ILPT
28.07,28.09,28.07,28.09,200,2021-10-15 14:47:00,ILPT
28.1,28.1,28.08,28.08,734,2021-10-15 14:52:00,ILPT
28.09,28.09,28.06,28.06,537,2021-10-15 14:53:00,ILPT
28.09,28.09,28.09,28.09,400,2021-10-15 14:54:00,ILPT
28.1199,28.1199,28.1199,28.1199,300,2021-10-15 14:56:00,ILPT
28.08,28.08,28.07,28.07,600,2021-10-15 14:57:00,ILPT
28.1,28.11,28.1,28.11,200,2021-10-15 15:00:00,ILPT
28.1,28.1,28.09,28.09,200,2021-10-15 15:01:00,ILPT
28.06,28.06,28.05,28.05,400,2021-10-15 15:07:00,ILPT
28.036,28.036,28.036,28.036,200,2021-10-15 15:10:00,ILPT
28.0487,28.055,28.04,28.055,500,2021-10-15 15:15:00,ILPT
28.06,28.06,28.05,28.05,300,2021-10-15 15:21:00,ILPT
28.07,28.09,28.06,28.08,1500,2021-10-15 15:23:00,ILPT
28.08,28.08,28.08,28.08,100,2021-10-15 15:28:00,ILPT
28.07,28.07,28.07,28.07,100,2021-10-15 15:29:00,ILPT
28.07,28.07,28.07,28.07,100,2021-10-15 15:30:00,ILPT
28.06,28.06,28.06,28.06,300,2021-10-15 15:31:00,ILPT
28.0699,28.0699,28.0699,28.0699,100,2021-10-15 15:33:00,ILPT
28.055,28.0625,28.055,28.0625,400,2021-10-15 15:34:00,ILPT
28.05,28.05,28.04,28.04,200,2021-10-15 15:35:00,ILPT
28.0641,28.0641,28.055,28.06,300,2021-10-15 15:36:00,ILPT
28.06,28.07,28.05,28.07,1004,2021-10-15 15:37:00,ILPT
28.05,28.05,28.05,28.05,200,2021-10-15 15:39:00,ILPT
28.05,28.05,28.04,28.04,774,2021-10-15 15:40:00,ILPT
28.03,28.03,28.03,28.03,200,2021-10-15 15:42:00,ILPT
28.04,28.04,28.02,28.04,2723,2021-10-15 15:44:00,ILPT
28.03,28.03,28.03,28.03,100,2021-10-15 15:45:00,ILPT
28.05,28.07,28.05,28.07,1251,2021-10-15 15:47:00,ILPT
28.06,28.06,28.06,28.06,100,2021-10-15 15:48:00,ILPT
28.04,28.04,28.03,28.04,1200,2021-10-15 15:49:00,ILPT
28.04,28.04,28.04,28.04,200,2021-10-15 15:50:00,ILPT
28.05,28.05,28.05,28.05,100,2021-10-15 15:51:00,ILPT
28.05,28.05,28.05,28.05,100,2021-10-15 15:53:00,ILPT
28.05,28.05,28.04,28.04,300,2021-10-15 15:55:00,ILPT
28.04,28.04,28.04,28.04,600,2021-10-15 15:58:00,ILPT
28.04,28.04,28.03,28.03,200,2021-10-15 16:00:00,ILPT
28.045,28.045,28.045,28.045,100,2021-10-15 16:03:00,ILPT
28.06,28.06,28.03,28.045,653,2021-10-15 16:08:00,ILPT
28.05,28.05,28.05,28.05,400,2021-10-15 16:09:00,ILPT
28.04,28.04,28.04,28.04,100,2021-10-15 16:10:00,ILPT
28.03,28.04,28.03,28.04,200,2021-10-15 16:12:00,ILPT
28.04,28.04,28.03,28.03,200,2021-10-15 16:13:00,ILPT
28.03,28.04,28.03,28.04,200,2021-10-15 16:16:00,ILPT
28.03,28.03,28.03,28.03,100,2021-10-15 16:18:00,ILPT
28.04,28.04,28.03,28.035,300,2021-10-15 16:19:00,ILPT
28.04,28.04,28.035,28.035,200,2021-10-15 16:20:00,ILPT
28.03,28.04,28.03,28.04,400,2021-10-15 16:21:00,ILPT
28.05,28.0799,28.0497,28.0799,1373,2021-10-15 16:23:00,ILPT
28.05,28.05,28.04,28.04,581,2021-10-15 16:24:00,ILPT
28.03,28.03,28.03,28.03,100,2021-10-15 16:25:00,ILPT
28.03,28.03,28.02,28.02,300,2021-10-15 16:26:00,ILPT
28.01,28.01,28.01,28.01,200,2021-10-15 16:29:00,ILPT
28.0,28.0,28.0,28.0,300,2021-10-15 16:30:00,ILPT
27.98,27.99,27.98,27.99,300,2021-10-15 16:31:00,ILPT
27.988,27.988,27.98,27.98,288,2021-10-15 16:32:00,ILPT
28.0,28.0,28.0,28.0,178,2021-10-15 16:33:00,ILPT
27.98,27.98,27.97,27.97,303,2021-10-15 16:36:00,ILPT
27.945,27.96,27.945,27.96,600,2021-10-15 16:42:00,ILPT
27.9675,27.98,27.9675,27.98,200,2021-10-15 16:43:00,ILPT
27.95,27.95,27.95,27.95,100,2021-10-15 16:45:00,ILPT
27.97,27.97,27.97,27.97,222,2021-10-15 16:52:00,ILPT
27.99,27.99,27.99,27.99,100,2021-10-15 16:55:00,ILPT
27.9799,27.9799,27.9799,27.9799,100,2021-10-15 16:58:00,ILPT
27.96,27.96,27.95,27.96,700,2021-10-15 16:59:00,ILPT
27.94,27.94,27.94,27.94,100,2021-10-15 17:00:00,ILPT
27.94,27.97,27.94,27.97,200,2021-10-15 17:07:00,ILPT
27.97,27.97,27.97,27.97,400,2021-10-15 17:08:00,ILPT
27.96,27.96,27.96,27.96,100,2021-10-15 17:10:00,ILPT
27.96,27.96,27.95,27.95,300,2021-10-15 17:15:00,ILPT
27.95,27.95,27.95,27.95,200,2021-10-15 17:16:00,ILPT
27.93,27.93,27.93,27.93,100,2021-10-15 17:18:00,ILPT
27.92,27.92,27.92,27.92,402,2021-10-15 17:21:00,ILPT
27.89,27.89,27.89,27.89,100,2021-10-15 17:24:00,ILPT
27.9,27.9,27.89,27.89,500,2021-10-15 17:27:00,ILPT
27.9,27.9,27.9,27.9,400,2021-10-15 17:29:00,ILPT
27.9,27.9,27.9,27.9,100,2021-10-15 17:30:00,ILPT
27.9,27.95,27.9,27.95,700,2021-10-15 17:34:00,ILPT
27.94,27.94,27.94,27.94,200,2021-10-15 17:35:00,ILPT
27.9399,27.9399,27.9399,27.9399,246,2021-10-15 17:36:00,ILPT
27.91,27.91,27.91,27.91,100,2021-10-15 17:37:00,ILPT
27.9399,27.9399,27.9399,27.9399,250,2021-10-15 17:38:00,ILPT
27.91,27.91,27.91,27.91,610,2021-10-15 17:39:00,ILPT
27.91,27.91,27.91,27.91,100,2021-10-15 17:41:00,ILPT
27.94,27.9509,27.94,27.9509,700,2021-10-15 17:44:00,ILPT
27.95,27.95,27.95,27.95,100,2021-10-15 17:45:00,ILPT
27.93,27.93,27.93,27.93,100,2021-10-15 17:47:00,ILPT
27.93,27.93,27.93,27.93,388,2021-10-15 17:48:00,ILPT
27.935,27.94,27.93,27.93,800,2021-10-15 17:50:00,ILPT
27.94,27.94,27.94,27.94,200,2021-10-15 17:51:00,ILPT
27.95,27.95,27.95,27.95,300,2021-10-15 17:53:00,ILPT
27.95,27.95,27.95,27.95,100,2021-10-15 17:55:00,ILPT
27.95,27.95,27.95,27.95,100,2021-10-15 17:56:00,ILPT
27.95,27.95,27.94,27.945,802,2021-10-15 17:57:00,ILPT
27.95,27.95,27.935,27.9375,1540,2021-10-15 18:01:00,ILPT
27.92,27.925,27.92,27.925,643,2021-10-15 18:02:00,ILPT
27.91,27.91,27.91,27.91,200,2021-10-15 18:05:00,ILPT
27.87,27.875,27.87,27.875,329,2021-10-15 18:19:00,ILPT
27.88,27.89,27.88,27.88,684,2021-10-15 18:20:00,ILPT
27.9,27.9,27.89,27.895,378,2021-10-15 18:22:00,ILPT
27.895,27.895,27.88,27.89,500,2021-10-15 18:23:00,ILPT
27.89,27.89,27.89,27.89,543,2021-10-15 18:24:00,ILPT
27.88,27.88,27.88,27.88,100,2021-10-15 18:26:00,ILPT
27.88,27.88,27.88,27.88,100,2021-10-15 18:31:00,ILPT
27.895,27.895,27.895,27.895,341,2021-10-15 18:32:00,ILPT
27.88,27.895,27.88,27.895,300,2021-10-15 18:34:00,ILPT
27.895,27.895,27.895,27.895,153,2021-10-15 18:35:00,ILPT
27.895,27.895,27.895,27.895,200,2021-10-15 18:37:00,ILPT
27.895,27.895,27.88,27.88,300,2021-10-15 18:38:00,ILPT
27.91,27.91,27.895,27.9,707,2021-10-15 18:39:00,ILPT
27.904,27.91,27.9,27.9,542,2021-10-15 18:40:00,ILPT
27.9,27.9,27.89,27.89,5068,2021-10-15 18:41:00,ILPT
27.89,27.89,27.88,27.89,1300,2021-10-15 18:42:00,ILPT
27.88,27.88,27.88,27.88,100,2021-10-15 18:43:00,ILPT
27.88,27.88,27.86,27.86,1000,2021-10-15 18:44:00,ILPT
27.83,27.83,27.83,27.83,100,2021-10-15 18:45:00,ILPT
27.83,27.83,27.82,27.82,200,2021-10-15 18:46:00,ILPT
27.82,27.82,27.82,27.82,100,2021-10-15 18:48:00,ILPT
27.8163,27.83,27.815,27.82,1400,2021-10-15 18:49:00,ILPT
27.85,27.85,27.85,27.85,100,2021-10-15 18:50:00,ILPT
27.83,27.83,27.82,27.82,200,2021-10-15 18:52:00,ILPT
27.85,27.85,27.85,27.85,400,2021-10-15 18:53:00,ILPT
27.86,27.86,27.86,27.86,200,2021-10-15 18:57:00,ILPT
27.865,27.865,27.865,27.865,200,2021-10-15 18:58:00,ILPT
27.85,27.85,27.84,27.84,400,2021-10-15 19:01:00,ILPT
27.83,27.83,27.83,27.83,100,2021-10-15 19:02:00,ILPT
27.82,27.82,27.82,27.82,100,2021-10-15 19:03:00,ILPT
27.81,27.81,27.8,27.8,200,2021-10-15 19:04:00,ILPT
27.79,27.79,27.79,27.79,805,2021-10-15 19:05:00,ILPT
27.765,27.765,27.765,27.765,100,2021-10-15 19:06:00,ILPT
27.74,27.74,27.74,27.74,200,2021-10-15 19:08:00,ILPT
27.69,27.69,27.68,27.68,200,2021-10-15 19:10:00,ILPT
27.67,27.67,27.67,27.67,100,2021-10-15 19:11:00,ILPT
27.68,27.68,27.68,27.68,200,2021-10-15 19:13:00,ILPT
27.69,27.7,27.69,27.7,800,2021-10-15 19:14:00,ILPT
27.72,27.725,27.71,27.725,500,2021-10-15 19:15:00,ILPT
27.74,27.74,27.74,27.74,300,2021-10-15 19:16:00,ILPT
27.74,27.74,27.73,27.73,400,2021-10-15 19:19:00,ILPT
27.68,27.69,27.68,27.69,200,2021-10-15 19:22:00,ILPT
27.7,27.7,27.7,27.7,200,2021-10-15 19:23:00,ILPT
27.7,27.7,27.7,27.7,500,2021-10-15 19:24:00,ILPT
27.715,27.715,27.715,27.715,400,2021-10-15 19:25:00,ILPT
27.73,27.76,27.73,27.76,300,2021-10-15 19:26:00,ILPT
27.75,27.75,27.75,27.75,100,2021-10-15 19:28:00,ILPT
27.79,27.79,27.79,27.79,100,2021-10-15 19:30:00,ILPT
27.78,27.78,27.78,27.78,500,2021-10-15 19:31:00,ILPT
27.78,27.78,27.77,27.77,300,2021-10-15 19:32:00,ILPT
27.76,27.76,27.74,27.745,600,2021-10-15 19:33:00,ILPT
27.73,27.76,27.73,27.73,500,2021-10-15 19:35:00,ILPT
27.73,27.73,27.72,27.72,400,2021-10-15 19:36:00,ILPT
27.71,27.71,27.67,27.68,1600,2021-10-15 19:37:00,ILPT
27.7,27.71,27.7,27.71,300,2021-10-15 19:38:00,ILPT
27.71,27.71,27.7,27.7,200,2021-10-15 19:39:00,ILPT
27.71,27.71,27.71,27.71,100,2021-10-15 19:40:00,ILPT
27.72,27.72,27.72,27.72,300,2021-10-15 19:41:00,ILPT
27.7,27.71,27.69,27.69,400,2021-10-15 19:43:00,ILPT
27.71,27.73,27.71,27.73,1400,2021-10-15 19:44:00,ILPT
27.72,27.72,27.71,27.71,1300,2021-10-15 19:45:00,ILPT
27.71,27.71,27.71,27.71,400,2021-10-15 19:46:00,ILPT
27.725,27.74,27.725,27.73,900,2021-10-15 19:47:00,ILPT
27.725,27.725,27.725,27.725,200,2021-10-15 19:48:00,ILPT
27.71,27.71,27.68,27.68,1100,2021-10-15 19:50:00,ILPT
27.67,27.71,27.67,27.71,1200,2021-10-15 19:51:00,ILPT
27.7,27.71,27.69,27.71,2000,2021-10-15 19:52:00,ILPT
27.72,27.72,27.72,27.72,100,2021-10-15 19:53:00,ILPT
27.72,27.72,27.69,27.7,2896,2021-10-15 19:54:00,ILPT
27.7,27.71,27.68,27.695,2059,2021-10-15 19:55:00,ILPT
27.69,27.69,27.675,27.675,1546,2021-10-15 19:56:00,ILPT
27.68,27.69,27.67,27.69,1966,2021-10-15 19:57:00,ILPT
27.695,27.73,27.69,27.72,2580,2021-10-15 19:58:00,ILPT
27.72,27.72,27.69,27.72,3995,2021-10-15 19:59:00,ILPT
27.69,27.69,27.69,27.69,54111,2021-10-15 20:00:00,ILPT
27.69,27.69,27.69,27.69,3875,2021-10-15 20:01:00,ILPT
27.65,27.65,27.6,27.6,6647,2021-10-18 13:30:00,ILPT
27.56,27.66,27.56,27.66,200,2021-10-18 13:32:00,ILPT
27.66,27.66,27.66,27.66,100,2021-10-18 13:33:00,ILPT
27.65,27.65,27.62,27.62,200,2021-10-18 13:39:00,ILPT
27.64,27.64,27.64,27.64,200,2021-10-18 13:40:00,ILPT
27.629,27.629,27.629,27.629,300,2021-10-18 13:42:00,ILPT
27.59,27.59,27.59,27.59,100,2021-10-18 13:44:00,ILPT
27.62,27.62,27.62,27.62,500,2021-10-18 13:46:00,ILPT
27.6,27.66,27.6,27.66,300,2021-10-18 13:49:00,ILPT
27.62,27.62,27.62,27.62,100,2021-10-18 13:52:00,ILPT
27.63,27.63,27.62,27.62,811,2021-10-18 13:54:00,ILPT
27.6599,27.66,27.6599,27.66,200,2021-10-18 13:55:00,ILPT
27.66,27.66,27.66,27.66,100,2021-10-18 13:58:00,ILPT
27.66,27.67,27.66,27.67,623,2021-10-18 13:59:00,ILPT
27.69,27.7,27.65,27.67,577,2021-10-18 14:02:00,ILPT
27.7,27.76,27.7,27.75,737,2021-10-18 14:04:00,ILPT
27.774,27.774,27.774,27.774,100,2021-10-18 14:10:00,ILPT
27.75,27.75,27.75,27.75,100,2021-10-18 14:11:00,ILPT
27.73,27.73,27.73,27.73,100,2021-10-18 14:12:00,ILPT
27.71,27.72,27.71,27.72,200,2021-10-18 14:13:00,ILPT
27.74,27.74,27.74,27.74,200,2021-10-18 14:14:00,ILPT
27.7,27.7,27.68,27.68,200,2021-10-18 14:17:00,ILPT
27.695,27.695,27.695,27.695,100,2021-10-18 14:22:00,ILPT
27.695,27.695,27.695,27.695,100,2021-10-18 14:25:00,ILPT
27.71,27.71,27.71,27.71,200,2021-10-18 14:29:00,ILPT
27.72,27.72,27.72,27.72,100,2021-10-18 14:30:00,ILPT
27.68,27.68,27.68,27.68,110,2021-10-18 14:33:00,ILPT
27.73,27.74,27.71,27.71,600,2021-10-18 14:35:00,ILPT
27.75,27.75,27.75,27.75,200,2021-10-18 14:41:00,ILPT
27.75,27.77,27.74,27.74,875,2021-10-18 14:44:00,ILPT
27.7,27.7,27.7,27.7,100,2021-10-18 14:45:00,ILPT
27.7,27.7,27.695,27.695,200,2021-10-18 14:46:00,ILPT
27.68,27.69,27.68,27.69,481,2021-10-18 14:48:00,ILPT
27.7,27.7,27.68,27.68,300,2021-10-18 14:50:00,ILPT
27.68,27.68,27.66,27.675,4360,2021-10-18 14:52:00,ILPT
27.675,27.675,27.65,27.66,1800,2021-10-18 14:53:00,ILPT
27.69,27.69,27.69,27.69,200,2021-10-18 14:55:00,ILPT
27.72,27.72,27.71,27.71,200,2021-10-18 14:56:00,ILPT
27.71,27.71,27.71,27.71,700,2021-10-18 14:57:00,ILPT
27.7392,27.7392,27.7392,27.7392,100,2021-10-18 15:01:00,ILPT
27.725,27.725,27.725,27.725,100,2021-10-18 15:02:00,ILPT
27.715,27.715,27.715,27.715,100,2021-10-18 15:07:00,ILPT
27.68,27.68,27.68,27.68,396,2021-10-18 15:10:00,ILPT
27.695,27.695,27.69,27.69,300,2021-10-18 15:11:00,ILPT
27.72,27.72,27.71,27.715,4100,2021-10-18 15:13:00,ILPT
27.72,27.73,27.7,27.73,1410,2021-10-18 15:14:00,ILPT
27.75,27.78,27.75,27.78,3706,2021-10-18 15:17:00,ILPT
27.83,27.83,27.83,27.83,400,2021-10-18 15:21:00,ILPT
27.85,27.85,27.85,27.85,100,2021-10-18 15:23:00,ILPT
27.84,27.84,27.81,27.825,5415,2021-10-18 15:29:00,ILPT
27.8,27.8,27.8,27.8,300,2021-10-18 15:30:00,ILPT
27.795,27.795,27.795,27.795,100,2021-10-18 15:31:00,ILPT
27.8,27.81,27.8,27.81,1109,2021-10-18 15:33:00,ILPT
27.8161,27.8161,27.8161,27.8161,200,2021-10-18 15:34:00,ILPT
27.79,27.805,27.78,27.805,1461,2021-10-18 15:38:00,ILPT
27.82,27.85,27.82,27.85,1156,2021-10-18 15:43:00,ILPT
27.82,27.82,27.82,27.82,100,2021-10-18 15:44:00,ILPT
27.83,27.83,27.83,27.83,400,2021-10-18 15:50:00,ILPT
27.85,27.85,27.84,27.84,200,2021-10-18 15:53:00,ILPT
27.86,27.86,27.85,27.86,300,2021-10-18 15:54:00,ILPT
27.87,27.87,27.87,27.87,100,2021-10-18 15:55:00,ILPT
27.88,27.88,27.88,27.88,300,2021-10-18 15:58:00,ILPT
27.89,27.89,27.89,27.89,100,2021-10-18 15:59:00,ILPT
27.88,27.88,27.88,27.88,100,2021-10-18 16:00:00,ILPT
27.89,27.89,27.89,27.89,100,2021-10-18 16:01:00,ILPT
27.9,27.9,27.9,27.9,100,2021-10-18 16:03:00,ILPT
27.89,27.89,27.89,27.89,100,2021-10-18 16:04:00,ILPT
27.89,27.9,27.89,27.9,900,2021-10-18 16:07:00,ILPT
27.91,27.92,27.91,27.92,800,2021-10-18 16:11:00,ILPT
27.915,27.93,27.915,27.93,200,2021-10-18 16:15:00,ILPT
27.92,27.92,27.91,27.91,300,2021-10-18 16:18:00,ILPT
27.92,27.92,27.92,27.92,600,2021-10-18 16:20:00,ILPT
27.9299,27.9299,27.9299,27.9299,500,2021-10-18 16:21:00,ILPT
27.93,27.93,27.93,27.93,100,2021-10-18 16:27:00,ILPT
27.9,27.9,27.9,27.9,572,2021-10-18 16:30:00,ILPT
27.9,27.9,27.8979,27.8979,200,2021-10-18 16:33:00,ILPT
27.9,27.9,27.89,27.9,600,2021-10-18 16:34:00,ILPT
27.895,27.895,27.895,27.895,100,2021-10-18 16:41:00,ILPT
27.91,27.91,27.91,27.91,600,2021-10-18 16:45:00,ILPT
27.9,27.9,27.9,27.9,100,2021-10-18 16:47:00,ILPT
27.9,27.9,27.9,27.9,100,2021-10-18 16:48:00,ILPT
27.86,27.86,27.86,27.86,100,2021-10-18 16:53:00,ILPT
27.85,27.85,27.85,27.85,188,2021-10-18 16:54:00,ILPT
27.845,27.845,27.845,27.845,100,2021-10-18 16:55:00,ILPT
27.86,27.86,27.86,27.86,1000,2021-10-18 16:57:00,ILPT
27.88,27.9,27.88,27.9,1013,2021-10-18 17:01:00,ILPT
27.915,27.9292,27.9,27.9292,445,2021-10-18 17:06:00,ILPT
27.915,27.96,27.915,27.96,400,2021-10-18 17:07:00,ILPT
27.95,27.95,27.95,27.95,399,2021-10-18 17:08:00,ILPT
27.94,27.94,27.94,27.94,100,2021-10-18 17:16:00,ILPT
27.91,27.91,27.91,27.91,100,2021-10-18 17:17:00,ILPT
27.91,27.91,27.91,27.91,400,2021-10-18 17:19:00,ILPT
27.91,27.91,27.91,27.91,100,2021-10-18 17:22:00,ILPT
27.89,27.89,27.89,27.89,100,2021-10-18 17:23:00,ILPT
27.875,27.875,27.875,27.875,500,2021-10-18 17:27:00,ILPT
27.87,27.87,27.87,27.87,100,2021-10-18 17:28:00,ILPT
27.865,27.865,27.865,27.865,100,2021-10-18 17:31:00,ILPT
27.88,27.89,27.875,27.89,1571,2021-10-18 17:32:00,ILPT
27.89,27.89,27.89,27.89,300,2021-10-18 17:34:00,ILPT
27.915,27.915,27.915,27.915,100,2021-10-18 17:36:00,ILPT
27.92,27.92,27.92,27.92,100,2021-10-18 17:39:00,ILPT
27.905,27.905,27.905,27.905,100,2021-10-18 17:41:00,ILPT
27.91,27.92,27.91,27.92,500,2021-10-18 17:44:00,ILPT
27.92,27.93,27.92,27.93,900,2021-10-18 17:51:00,ILPT
27.92,27.92,27.92,27.92,100,2021-10-18 17:58:00,ILPT
27.91,27.91,27.9,27.9,449,2021-10-18 17:59:00,ILPT
27.884,27.884,27.884,27.884,485,2021-10-18 18:04:00,ILPT
27.9,27.91,27.9,27.91,800,2021-10-18 18:05:00,ILPT
27.925,27.925,27.925,27.925,100,2021-10-18 18:07:00,ILPT
27.94,27.94,27.94,27.94,100,2021-10-18 18:11:00,ILPT
27.935,27.935,27.935,27.935,100,2021-10-18 18:13:00,ILPT
27.95,27.97,27.93,27.95,1315,2021-10-18 18:16:00,ILPT
27.975,27.975,27.975,27.975,1000,2021-10-18 18:17:00,ILPT
27.95,27.96,27.95,27.96,200,2021-10-18 18:18:00,ILPT
27.96,27.96,27.96,27.96,200,2021-10-18 18:19:00,ILPT
27.94,27.94,27.94,27.94,200,2021-10-18 18:21:00,ILPT
27.935,27.94,27.935,27.94,200,2021-10-18 18:26:00,ILPT
27.92,27.92,27.92,27.92,100,2021-10-18 18:27:00,ILPT
27.92,27.94,27.92,27.94,605,2021-10-18 18:29:00,ILPT
27.93,27.93,27.93,27.93,100,2021-10-18 18:33:00,ILPT
27.895,27.895,27.895,27.895,200,2021-10-18 18:38:00,ILPT
27.91,27.91,27.91,27.91,200,2021-10-18 18:42:00,ILPT
27.91,27.91,27.9,27.9,378,2021-10-18 18:44:00,ILPT
27.88,27.895,27.88,27.895,658,2021-10-18 18:45:00,ILPT
27.895,27.9,27.895,27.9,800,2021-10-18 18:46:00,ILPT
27.88,27.88,27.88,27.88,100,2021-10-18 18:47:00,ILPT
27.9,27.9,27.9,27.9,119,2021-10-18 18:49:00,ILPT
27.895,27.895,27.895,27.895,100,2021-10-18 18:51:00,ILPT
27.88,27.91,27.88,27.91,200,2021-10-18 18:53:00,ILPT
27.915,27.93,27.915,27.92,703,2021-10-18 19:00:00,ILPT
27.93,27.93,27.93,27.93,100,2021-10-18 19:04:00,ILPT
27.949,27.949,27.949,27.949,1093,2021-10-18 19:05:00,ILPT
27.92,27.935,27.92,27.935,200,2021-10-18 19:06:00,ILPT
27.95,27.95,27.95,27.95,100,2021-10-18 19:07:00,ILPT
27.92,27.94,27.92,27.94,200,2021-10-18 19:09:00,ILPT
27.96,27.98,27.96,27.96,610,2021-10-18 19:10:00,ILPT
27.975,27.975,27.975,27.975,100,2021-10-18 19:14:00,ILPT
27.96,27.96,27.96,27.96,200,2021-10-18 19:17:00,ILPT
27.94,27.94,27.94,27.94,100,2021-10-18 19:20:00,ILPT
27.95,27.95,27.95,27.95,100,2021-10-18 19:24:00,ILPT
27.9,27.94,27.9,27.9,400,2021-10-18 19:26:00,ILPT
27.93,27.94,27.91,27.94,1500,2021-10-18 19:27:00,ILPT
27.9574,27.96,27.9574,27.96,1630,2021-10-18 19:28:00,ILPT
27.96,27.98,27.96,27.96,1811,2021-10-18 19:29:00,ILPT
27.96,27.96,27.94,27.94,600,2021-10-18 19:30:00,ILPT
27.93,27.94,27.93,27.94,2229,2021-10-18 19:31:00,ILPT
27.9,27.915,27.9,27.915,200,2021-10-18 19:32:00,ILPT
27.84,27.84,27.84,27.84,100,2021-10-18 19:39:00,ILPT
27.87,27.89,27.87,27.885,1200,2021-10-18 19:40:00,ILPT
27.895,27.895,27.89,27.89,800,2021-10-18 19:41:00,ILPT
27.88,27.9,27.88,27.9,423,2021-10-18 19:42:00,ILPT
27.9,27.9,27.9,27.9,161,2021-10-18 19:43:00,ILPT
27.88,27.9,27.88,27.9,200,2021-10-18 19:44:00,ILPT
27.915,27.915,27.915,27.915,100,2021-10-18 19:46:00,ILPT
27.915,27.93,27.915,27.93,600,2021-10-18 19:48:00,ILPT
27.93,27.95,27.93,27.95,600,2021-10-18 19:49:00,ILPT
27.96,27.98,27.95,27.98,300,2021-10-18 19:50:00,ILPT
27.98,27.98,27.96,27.96,700,2021-10-18 19:51:00,ILPT
27.97,27.97,27.955,27.955,800,2021-10-18 19:52:00,ILPT
27.96,27.97,27.96,27.97,700,2021-10-18 19:53:00,ILPT
27.96,27.96,27.95,27.96,1514,2021-10-18 19:54:00,ILPT
27.96,27.97,27.96,27.97,500,2021-10-18 19:55:00,ILPT
27.96,27.96,27.96,27.96,100,2021-10-18 19:56:00,ILPT
27.97,27.97,27.96,27.96,400,2021-10-18 19:57:00,ILPT
27.9772,27.9772,27.96,27.975,1672,2021-10-18 19:58:00,ILPT
27.98,27.99,27.97,27.97,1338,2021-10-18 19:59:00,ILPT
27.97,27.97,27.97,27.97,26461,2021-10-18 20:00:00,ILPT
28.03,28.03,27.9557,27.9557,3047,2021-10-19 13:30:00,ILPT
28.01,28.01,27.99,27.99,505,2021-10-19 13:39:00,ILPT
28.018,28.018,28.0,28.0,200,2021-10-19 13:44:00,ILPT
28.01,28.01,28.01,28.01,350,2021-10-19 13:45:00,ILPT
27.99,27.99,27.98,27.98,200,2021-10-19 13:46:00,ILPT
27.93,27.93,27.93,27.93,100,2021-10-19 13:51:00,ILPT
27.915,27.915,27.915,27.915,100,2021-10-19 13:53:00,ILPT
27.87,27.87,27.84,27.84,300,2021-10-19 13:56:00,ILPT
27.8839,27.8839,27.8839,27.8839,1325,2021-10-19 13:57:00,ILPT
27.83,27.872,27.83,27.872,200,2021-10-19 13:58:00,ILPT
27.86,27.86,27.86,27.86,100,2021-10-19 14:02:00,ILPT
27.85,27.88,27.85,27.88,200,2021-10-19 14:04:00,ILPT
27.88,27.88,27.88,27.88,100,2021-10-19 14:05:00,ILPT
27.91,27.91,27.91,27.91,100,2021-10-19 14:06:00,ILPT
27.91,27.91,27.91,27.91,200,2021-10-19 14:08:00,ILPT
27.91,27.94,27.91,27.94,600,2021-10-19 14:09:00,ILPT
27.99,27.99,27.99,27.99,100,2021-10-19 14:10:00,ILPT
28.0,28.0,28.0,28.0,100,2021-10-19 14:12:00,ILPT
27.9927,28.0,27.9927,28.0,400,2021-10-19 14:14:00,ILPT
28.04,28.04,28.04,28.04,100,2021-10-19 14:16:00,ILPT
28.05,28.05,28.05,28.05,200,2021-10-19 14:18:00,ILPT
28.06,28.06,28.06,28.06,200,2021-10-19 14:19:00,ILPT
28.06,28.06,28.02,28.03,700,2021-10-19 14:20:00,ILPT
28.05,28.05,28.05,28.05,100,2021-10-19 14:22:00,ILPT
28.02,28.05,28.01,28.01,300,2021-10-19 14:23:00,ILPT
28.03,28.03,27.99,27.99,600,2021-10-19 14:24:00,ILPT
27.98,27.98,27.98,27.98,100,2021-10-19 14:26:00,ILPT
27.975,27.975,27.975,27.975,100,2021-10-19 14:27:00,ILPT
27.9,27.9014,27.9,27.9014,600,2021-10-19 14:33:00,ILPT
27.87,27.87,27.87,27.87,100,2021-10-19 14:34:00,ILPT
27.9,27.91,27.9,27.91,200,2021-10-19 14:36:00,ILPT
27.9,27.91,27.9,27.91,700,2021-10-19 14:38:00,ILPT
27.9,27.9,27.9,27.9,100,2021-10-19 14:40:00,ILPT
27.92,27.92,27.92,27.92,100,2021-10-19 14:41:00,ILPT
27.93,27.93,27.93,27.93,500,2021-10-19 14:43:00,ILPT
27.91,27.91,27.91,27.91,105,2021-10-19 14:45:00,ILPT
27.89,27.89,27.89,27.89,300,2021-10-19 14:49:00,ILPT
27.89,27.89,27.89,27.89,100,2021-10-19 14:50:00,ILPT
27.9,27.9,27.9,27.9,100,2021-10-19 14:51:00,ILPT
27.92,27.92,27.88,27.88,455,2021-10-19 14:53:00,ILPT
27.905,27.91,27.905,27.91,300,2021-10-19 14:55:00,ILPT
27.9298,27.9298,27.9298,27.9298,140,2021-10-19 14:56:00,ILPT
27.91,27.919,27.91,27.919,400,2021-10-19 14:57:00,ILPT
27.91,27.91,27.91,27.91,400,2021-10-19 14:58:00,ILPT
27.89,27.89,27.89,27.89,100,2021-10-19 14:59:00,ILPT
27.915,27.915,27.915,27.915,100,2021-10-19 15:00:00,ILPT
27.9299,27.9299,27.9299,27.9299,200,2021-10-19 15:02:00,ILPT
27.93,27.93,27.92,27.93,500,2021-10-19 15:03:00,ILPT
27.94,27.94,27.94,27.94,100,2021-10-19 15:07:00,ILPT
27.9101,27.94,27.9101,27.94,800,2021-10-19 15:12:00,ILPT
27.95,27.97,27.95,27.97,300,2021-10-19 15:13:00,ILPT
27.96,27.96,27.96,27.96,119,2021-10-19 15:16:00,ILPT
28.01,28.01,28.01,28.01,100,2021-10-19 15:17:00,ILPT
27.9808,27.9808,27.9808,27.9808,200,2021-10-19 15:19:00,ILPT
27.97,27.97,27.97,27.97,100,2021-10-19 15:20:00,ILPT
27.96,28.02,27.96,27.9833,2936,2021-10-19 15:21:00,ILPT
28.0199,28.0199,28.0028,28.0028,700,2021-10-19 15:23:00,ILPT
28.01,28.01,28.01,28.01,1000,2021-10-19 15:25:00,ILPT
28.005,28.005,28.005,28.005,600,2021-10-19 15:26:00,ILPT
27.97,27.98,27.97,27.98,300,2021-10-19 15:31:00,ILPT
27.97,27.97,27.97,27.97,100,2021-10-19 15:32:00,ILPT
27.95,27.95,27.95,27.95,100,2021-10-19 15:35:00,ILPT
27.95,27.96,27.95,27.96,400,2021-10-19 15:36:00,ILPT
27.98,27.98,27.98,27.98,300,2021-10-19 15:37:00,ILPT
28.0086,28.0086,28.0086,28.0086,167,2021-10-19 15:38:00,ILPT
27.995,27.995,27.995,27.995,100,2021-10-19 15:41:00,ILPT
28.01,28.01,28.01,28.01,291,2021-10-19 15:42:00,ILPT
27.99,27.99,27.98,27.98,300,2021-10-19 15:45:00,ILPT
27.97,27.97,27.97,27.97,200,2021-10-19 15:46:00,ILPT
27.965,27.965,27.965,27.965,200,2021-10-19 15:50:00,ILPT
27.96,27.96,27.96,27.96,100,2021-10-19 15:51:00,ILPT
27.97,27.97,27.97,27.97,637,2021-10-19 15:52:00,ILPT
28.01,28.01,28.01,28.01,300,2021-10-19 15:53:00,ILPT
28.0391,28.0391,28.01,28.01,700,2021-10-19 15:57:00,ILPT
28.01,28.01,28.01,28.01,100,2021-10-19 15:58:00,ILPT
28.01,28.01,28.01,28.01,200,2021-10-19 16:06:00,ILPT
28.03,28.03,28.03,28.03,604,2021-10-19 16:08:00,ILPT
28.05,28.06,28.05,28.0587,600,2021-10-19 16:09:00,ILPT
28.04,28.04,28.04,28.04,100,2021-10-19 16:10:00,ILPT
28.06,28.06,28.06,28.06,440,2021-10-19 16:12:00,ILPT
28.075,28.1,28.075,28.1,1000,2021-10-19 16:17:00,ILPT
28.09,28.09,28.06,28.06,800,2021-10-19 16:19:00,ILPT
28.0799,28.0799,28.0799,28.0799,192,2021-10-19 16:21:00,ILPT
28.0702,28.0702,28.0702,28.0702,200,2021-10-19 16:23:00,ILPT
28.07,28.07,28.07,28.07,300,2021-10-19 16:27:00,ILPT
28.08,28.08,28.08,28.08,100,2021-10-19 16:30:00,ILPT
28.1,28.1,28.09,28.1,600,2021-10-19 16:35:00,ILPT
28.1,28.105,28.1,28.105,400,2021-10-19 16:38:00,ILPT
28.12,28.12,28.12,28.12,100,2021-10-19 16:40:00,ILPT
28.12,28.12,28.12,28.12,100,2021-10-19 16:41:00,ILPT
28.12,28.12,28.12,28.12,100,2021-10-19 16:43:00,ILPT
28.13,28.13,28.13,28.13,697,2021-10-19 16:44:00,ILPT
28.13,28.13,28.13,28.13,100,2021-10-19 16:46:00,ILPT
28.13,28.155,28.13,28.155,2375,2021-10-19 16:47:00,ILPT
28.18,28.195,28.18,28.195,805,2021-10-19 16:54:00,ILPT
28.19,28.19,28.18,28.18,300,2021-10-19 16:55:00,ILPT
28.18,28.18,28.1791,28.1791,1309,2021-10-19 16:59:00,ILPT
28.17,28.17,28.16,28.16,200,2021-10-19 17:02:00,ILPT
28.14,28.14,28.14,28.14,100,2021-10-19 17:03:00,ILPT
28.1519,28.1519,28.14,28.14,677,2021-10-19 17:07:00,ILPT
28.1283,28.1283,28.1283,28.1283,131,2021-10-19 17:09:00,ILPT
28.15,28.15,28.15,28.15,300,2021-10-19 17:11:00,ILPT
28.17,28.17,28.17,28.17,332,2021-10-19 17:13:00,ILPT
28.16,28.16,28.16,28.16,214,2021-10-19 17:18:00,ILPT
28.17,28.18,28.155,28.155,1300,2021-10-19 17:19:00,ILPT
28.15,28.15,28.14,28.14,400,2021-10-19 17:20:00,ILPT
28.138,28.138,28.138,28.138,100,2021-10-19 17:22:00,ILPT
28.11,28.11,28.11,28.11,100,2021-10-19 17:28:00,ILPT
28.11,28.11,28.11,28.11,200,2021-10-19 17:31:00,ILPT
28.11,28.11,28.11,28.11,100,2021-10-19 17:33:00,ILPT
28.11,28.12,28.105,28.12,1376,2021-10-19 17:34:00,ILPT
28.11,28.13,28.1,28.13,800,2021-10-19 17:35:00,ILPT
28.11,28.11,28.11,28.11,200,2021-10-19 17:39:00,ILPT
28.07,28.07,28.065,28.065,500,2021-10-19 17:48:00,ILPT
28.07,28.07,28.07,28.07,100,2021-10-19 17:49:00,ILPT
28.07,28.07,28.06,28.07,737,2021-10-19 17:51:00,ILPT
28.06,28.06,28.05,28.055,455,2021-10-19 17:52:00,ILPT
28.06,28.06,28.06,28.06,100,2021-10-19 17:53:00,ILPT
28.06,28.08,28.06,28.06,1500,2021-10-19 17:56:00,ILPT
28.07,28.08,28.07,28.08,851,2021-10-19 17:57:00,ILPT
28.07,28.07,28.0693,28.0693,1200,2021-10-19 17:58:00,ILPT
28.04,28.04,28.04,28.04,100,2021-10-19 18:04:00,ILPT
28.04,28.04,28.04,28.04,100,2021-10-19 18:05:00,ILPT
28.06,28.07,28.06,28.07,300,2021-10-19 18:06:00,ILPT
28.07,28.07,28.07,28.07,200,2021-10-19 18:08:00,ILPT
28.08,28.08,28.08,28.08,100,2021-10-19 18:09:00,ILPT
28.09,28.09,28.09,28.09,133,2021-10-19 18:11:00,ILPT
28.09,28.105,28.09,28.105,1100,2021-10-19 18:13:00,ILPT
28.11,28.11,28.105,28.105,200,2021-10-19 18:14:00,ILPT
28.1085,28.11,28.1085,28.11,300,2021-10-19 18:15:00,ILPT
28.12,28.12,28.12,28.12,500,2021-10-19 18:16:00,ILPT
28.13,28.14,28.12,28.13,600,2021-10-19 18:20:00,ILPT
28.13,28.13,28.13,28.13,100,2021-10-19 18:21:00,ILPT
28.11,28.11,28.11,28.11,100,2021-10-19 18:22:00,ILPT
28.13,28.13,28.13,28.13,500,2021-10-19 18:23:00,ILPT
28.12,28.12,28.12,28.12,100,2021-10-19 18:24:00,ILPT
28.14,28.14,28.14,28.14,950,2021-10-19 18:28:00,ILPT
28.14,28.15,28.14,28.15,300,2021-10-19 18:29:00,ILPT
28.15,28.15,28.15,28.15,200,2021-10-19 18:32:00,ILPT
28.1583,28.1583,28.1583,28.1583,300,2021-10-19 18:34:00,ILPT
28.14,28.14,28.14,28.14,100,2021-10-19 18:37:00,ILPT
28.14,28.14,28.14,28.14,100,2021-10-19 18:40:00,ILPT
28.13,28.13,28.13,28.13,300,2021-10-19 18:41:00,ILPT
28.125,28.145,28.125,28.145,1000,2021-10-19 18:42:00,ILPT
28.145,28.145,28.145,28.145,1800,2021-10-19 18:43:00,ILPT
28.145,28.145,28.1402,28.145,400,2021-10-19 18:44:00,ILPT
28.15,28.15,28.15,28.15,200,2021-10-19 18:45:00,ILPT
28.16,28.17,28.16,28.17,2200,2021-10-19 18:47:00,ILPT
28.18,28.19,28.18,28.19,200,2021-10-19 18:50:00,ILPT
28.2,28.2,28.2,28.2,100,2021-10-19 18:54:00,ILPT
28.205,28.22,28.205,28.22,629,2021-10-19 19:01:00,ILPT
28.21,28.21,28.19,28.19,300,2021-10-19 19:04:00,ILPT
28.19,28.19,28.19,28.19,100,2021-10-19 19:07:00,ILPT
28.17,28.17,28.17,28.17,100,2021-10-19 19:10:00,ILPT
28.16,28.16,28.16,28.16,100,2021-10-19 19:11:00,ILPT
28.162,28.162,28.162,28.162,189,2021-10-19 19:12:00,ILPT
28.162,28.162,28.16,28.16,520,2021-10-19 19:14:00,ILPT
28.17,28.185,28.14,28.155,3660,2021-10-19 19:15:00,ILPT
28.17,28.17,28.17,28.17,100,2021-10-19 19:16:00,ILPT
28.17,28.19,28.17,28.19,300,2021-10-19 19:18:00,ILPT
28.19,28.2,28.18,28.18,1001,2021-10-19 19:20:00,ILPT
28.13,28.13,28.13,28.13,100,2021-10-19 19:23:00,ILPT
28.13,28.13,28.08,28.08,700,2021-10-19 19:24:00,ILPT
28.1,28.1,28.1,28.1,300,2021-10-19 19:25:00,ILPT
28.11,28.11,28.099,28.1,900,2021-10-19 19:26:00,ILPT
28.09,28.09,28.09,28.09,100,2021-10-19 19:31:00,ILPT
28.05,28.05,28.05,28.05,100,2021-10-19 19:32:00,ILPT
28.08,28.09,28.08,28.08,611,2021-10-19 19:33:00,ILPT
28.07,28.07,28.055,28.055,300,2021-10-19 19:34:00,ILPT
28.09,28.09,28.09,28.09,100,2021-10-19 19:35:00,ILPT
28.08,28.08,28.08,28.08,100,2021-10-19 19:36:00,ILPT
28.08,28.08,28.08,28.08,100,2021-10-19 19:37:00,ILPT
28.06,28.06,28.06,28.06,100,2021-10-19 19:38:00,ILPT
28.06,28.06,28.04,28.0469,900,2021-10-19 19:39:00,ILPT
28.03,28.03,28.02,28.02,200,2021-10-19 19:41:00,ILPT
28.01,28.03,28.0,28.0,300,2021-10-19 19:42:00,ILPT
28.0,28.0,28.0,28.0,100,2021-10-19 19:44:00,ILPT
27.99,28.01,27.99,28.01,231,2021-10-19 19:45:00,ILPT
28.0,28.0,28.0,28.0,100,2021-10-19 19:46:00,ILPT
28.03,28.04,28.03,28.04,1300,2021-10-19 19:47:00,ILPT
28.02,28.035,28.02,28.03,617,2021-10-19 19:49:00,ILPT
28.037,28.037,28.037,28.037,351,2021-10-19 19:50:00,ILPT
28.04,28.04,28.02,28.02,341,2021-10-19 19:51:00,ILPT
28.02,28.04,28.02,28.0219,500,2021-10-19 19:52:00,ILPT
28.04,28.09,28.03,28.08,3404,2021-10-19 19:53:00,ILPT
28.06,28.06,28.05,28.05,539,2021-10-19 19:54:00,ILPT
28.07,28.08,28.06,28.06,983,2021-10-19 19:55:00,ILPT
28.06,28.06,28.045,28.06,836,2021-10-19 19:56:00,ILPT
28.05,28.06,28.05,28.055,400,2021-10-19 19:57:00,ILPT
28.05,28.06,28.04,28.05,3600,2021-10-19 19:58:00,ILPT
28.05,28.08,28.035,28.04,5472,2021-10-19 19:59:00,ILPT
28.06,28.06,28.06,28.06,21001,2021-10-19 20:00:00,ILPT
28.06,28.06,28.06,28.06,130,2021-10-19 20:01:00,ILPT
27.99,28.0554,27.99,28.0554,4378,2021-10-20 13:30:00,ILPT
28.0734,28.0734,28.0734,28.0734,300,2021-10-20 13:32:00,ILPT
28.055,28.055,28.055,28.055,100,2021-10-20 13:37:00,ILPT
28.08,28.08,28.08,28.08,100,2021-10-20 13:38:00,ILPT
28.09,28.09,28.08,28.08,700,2021-10-20 13:45:00,ILPT
28.14,28.14,28.14,28.14,700,2021-10-20 13:46:00,ILPT
28.1196,28.1196,28.05,28.05,500,2021-10-20 13:47:00,ILPT
28.0386,28.0386,28.0386,28.0386,200,2021-10-20 13:51:00,ILPT
28.04,28.04,27.99,27.99,246,2021-10-20 13:52:00,ILPT
28.04,28.04,28.025,28.025,995,2021-10-20 13:53:00,ILPT
27.99,27.99,27.99,27.99,200,2021-10-20 13:54:00,ILPT
28.02,28.04,28.02,28.04,782,2021-10-20 14:08:00,ILPT
28.01,28.01,28.01,28.01,100,2021-10-20 14:10:00,ILPT
28.02,28.02,27.99,27.99,681,2021-10-20 14:12:00,ILPT
27.98,27.98,27.98,27.98,180,2021-10-20 14:13:00,ILPT
28.005,28.04,28.005,28.02,1880,2021-10-20 14:15:00,ILPT
28.06,28.07,28.06,28.07,200,2021-10-20 14:17:00,ILPT
28.06,28.06,28.06,28.06,100,2021-10-20 14:19:00,ILPT
28.07,28.07,28.07,28.07,100,2021-10-20 14:21:00,ILPT
28.09,28.1,28.09,28.1,552,2021-10-20 14:24:00,ILPT
28.1,28.1092,28.1,28.1092,200,2021-10-20 14:25:00,ILPT
28.07,28.07,28.07,28.07,100,2021-10-20 14:26:00,ILPT
28.11,28.11,28.11,28.11,100,2021-10-20 14:27:00,ILPT
28.12,28.15,28.1,28.1,6356,2021-10-20 14:33:00,ILPT
28.125,28.125,28.125,28.125,100,2021-10-20 14:37:00,ILPT
28.15,28.15,28.145,28.1463,1880,2021-10-20 14:44:00,ILPT
28.19,28.2,28.19,28.2,1105,2021-10-20 14:46:00,ILPT
28.21,28.21,28.2,28.2,200,2021-10-20 14:50:00,ILPT
28.19,28.19,28.19,28.19,200,2021-10-20 14:58:00,ILPT
28.15,28.15,28.15,28.15,100,2021-10-20 15:06:00,ILPT
28.13,28.13,28.13,28.13,100,2021-10-20 15:09:00,ILPT
28.14,28.14,28.14,28.14,354,2021-10-20 15:10:00,ILPT
28.13,28.13,28.13,28.13,100,2021-10-20 15:11:00,ILPT
28.1326,28.1326,28.1326,28.1326,400,2021-10-20 15:12:00,ILPT
28.125,28.125,28.125,28.125,100,2021-10-20 15:13:00,ILPT
28.125,28.125,28.125,28.125,100,2021-10-20 15:15:00,ILPT
28.15,28.15,28.15,28.15,558,2021-10-20 15:19:00,ILPT
28.15,28.15,28.15,28.15,200,2021-10-20 15:23:00,ILPT
28.145,28.145,28.145,28.145,100,2021-10-20 15:25:00,ILPT
28.13,28.13,28.13,28.13,600,2021-10-20 15:26:00,ILPT
28.131,28.131,28.11,28.11,1100,2021-10-20 15:29:00,ILPT
28.1,28.1,28.1,28.1,100,2021-10-20 15:32:00,ILPT
28.12,28.12,28.12,28.12,1329,2021-10-20 15:35:00,ILPT
28.1,28.1,28.1,28.1,300,2021-10-20 15:38:00,ILPT
28.11,28.12,28.11,28.12,600,2021-10-20 15:40:00,ILPT
28.13,28.13,28.13,28.13,100,2021-10-20 15:41:00,ILPT
28.11,28.11,28.11,28.11,100,2021-10-20 15:43:00,ILPT
28.115,28.115,28.115,28.115,100,2021-10-20 15:45:00,ILPT
28.12,28.12,28.1,28.1,300,2021-10-20 15:51:00,ILPT
28.11,28.11,28.11,28.11,400,2021-10-20 15:55:00,ILPT
28.13,28.13,28.13,28.13,100,2021-10-20 15:57:00,ILPT
28.14,28.14,28.14,28.14,100,2021-10-20 15:58:00,ILPT
28.15,28.19,28.14,28.15,7456,2021-10-20 15:59:00,ILPT
28.15,28.17,28.14,28.17,1079,2021-10-20 16:02:00,ILPT
28.17,28.17,28.17,28.17,200,2021-10-20 16:04:00,ILPT
28.18,28.18,28.18,28.18,287,2021-10-20 16:09:00,ILPT
28.17,28.17,28.17,28.17,200,2021-10-20 16:10:00,ILPT
28.175,28.175,28.175,28.175,100,2021-10-20 16:13:00,ILPT
28.17,28.17,28.17,28.17,100,2021-10-20 16:14:00,ILPT
28.17,28.17,28.17,28.17,100,2021-10-20 16:15:00,ILPT
28.18,28.21,28.18,28.21,1300,2021-10-20 16:20:00,ILPT
28.21,28.24,28.21,28.226,1000,2021-10-20 16:21:00,ILPT
28.22,28.22,28.22,28.22,200,2021-10-20 16:25:00,ILPT
28.22,28.22,28.22,28.22,100,2021-10-20 16:29:00,ILPT
28.24,28.26,28.24,28.26,800,2021-10-20 16:32:00,ILPT
28.25,28.25,28.25,28.25,176,2021-10-20 16:33:00,ILPT
28.25,28.25,28.25,28.25,100,2021-10-20 16:36:00,ILPT
28.26,28.26,28.26,28.26,200,2021-10-20 16:37:00,ILPT
28.27,28.31,28.27,28.31,650,2021-10-20 16:39:00,ILPT
28.31,28.31,28.31,28.31,400,2021-10-20 16:40:00,ILPT
28.34,28.34,28.34,28.34,200,2021-10-20 16:49:00,ILPT
28.35,28.35,28.33,28.33,907,2021-10-20 16:50:00,ILPT
28.348,28.348,28.348,28.348,251,2021-10-20 16:51:00,ILPT
28.35,28.35,28.35,28.35,100,2021-10-20 16:58:00,ILPT
28.355,28.36,28.355,28.36,200,2021-10-20 17:01:00,ILPT
28.35,28.35,28.33,28.33,550,2021-10-20 17:03:00,ILPT
28.325,28.325,28.325,28.325,200,2021-10-20 17:05:00,ILPT
28.34,28.34,28.34,28.34,400,2021-10-20 17:07:00,ILPT
28.35,28.35,28.35,28.35,100,2021-10-20 17:08:00,ILPT
28.36,28.36,28.36,28.36,100,2021-10-20 17:09:00,ILPT
28.34,28.34,28.34,28.34,169,2021-10-20 17:12:00,ILPT
28.36,28.36,28.36,28.36,300,2021-10-20 17:14:00,ILPT
28.361,28.37,28.361,28.37,443,2021-10-20 17:15:00,ILPT
28.38,28.3802,28.38,28.3802,500,2021-10-20 17:17:00,ILPT
28.38,28.38,28.38,28.38,100,2021-10-20 17:19:00,ILPT
28.36,28.36,28.36,28.36,100,2021-10-20 17:21:00,ILPT
28.36,28.37,28.36,28.36,700,2021-10-20 17:22:00,ILPT
28.36,28.38,28.36,28.3666,700,2021-10-20 17:23:00,ILPT
28.36,28.36,28.36,28.36,100,2021-10-20 17:24:00,ILPT
28.35,28.365,28.35,28.365,1700,2021-10-20 17:25:00,ILPT
28.38,28.38,28.38,28.38,100,2021-10-20 17:26:00,ILPT
28.38,28.38,28.38,28.38,100,2021-10-20 17:30:00,ILPT
28.365,28.365,28.365,28.365,100,2021-10-20 17:31:00,ILPT
28.365,28.365,28.365,28.365,100,2021-10-20 17:32:00,ILPT
28.38,28.38,28.38,28.38,100,2021-10-20 17:36:00,ILPT
28.38,28.38,28.37,28.37,1323,2021-10-20 17:37:00,ILPT
28.35,28.36,28.34,28.34,500,2021-10-20 17:38:00,ILPT
28.35,28.36,28.35,28.36,300,2021-10-20 17:41:00,ILPT
28.38,28.38,28.38,28.38,100,2021-10-20 17:43:00,ILPT
28.365,28.365,28.365,28.365,100,2021-10-20 17:46:00,ILPT
28.365,28.365,28.365,28.365,100,2021-10-20 17:49:00,ILPT
28.365,28.365,28.36,28.36,210,2021-10-20 17:53:00,ILPT
28.36,28.36,28.36,28.36,100,2021-10-20 17:54:00,ILPT
28.35,28.35,28.35,28.35,400,2021-10-20 17:55:00,ILPT
28.335,28.335,28.335,28.335,100,2021-10-20 17:57:00,ILPT
28.335,28.335,28.335,28.335,100,2021-10-20 18:00:00,ILPT
28.3,28.3,28.3,28.3,200,2021-10-20 18:03:00,ILPT
28.3,28.3,28.27,28.27,200,2021-10-20 18:04:00,ILPT
28.29,28.29,28.29,28.29,900,2021-10-20 18:05:00,ILPT
28.325,28.325,28.325,28.325,100,2021-10-20 18:07:00,ILPT
28.335,28.36,28.335,28.36,850,2021-10-20 18:08:00,ILPT
28.34,28.34,28.34,28.34,100,2021-10-20 18:11:00,ILPT
28.325,28.325,28.325,28.325,1300,2021-10-20 18:13:00,ILPT
28.325,28.325,28.325,28.325,100,2021-10-20 18:18:00,ILPT
28.3,28.3,28.3,28.3,100,2021-10-20 18:19:00,ILPT
28.295,28.295,28.295,28.295,100,2021-10-20 18:20:00,ILPT
28.295,28.295,28.295,28.295,100,2021-10-20 18:26:00,ILPT
28.28,28.28,28.28,28.28,200,2021-10-20 18:30:00,ILPT
28.28,28.28,28.275,28.275,300,2021-10-20 18:31:00,ILPT
28.3,28.3,28.3,28.3,100,2021-10-20 18:32:00,ILPT
28.3,28.305,28.3,28.305,800,2021-10-20 18:33:00,ILPT
28.31,28.31,28.305,28.305,200,2021-10-20 18:35:00,ILPT
28.31,28.31,28.3001,28.3001,851,2021-10-20 18:36:00,ILPT
28.3,28.3,28.28,28.29,1200,2021-10-20 18:37:00,ILPT
28.29,28.29,28.29,28.29,100,2021-10-20 18:38:00,ILPT
28.3,28.3,28.3,28.3,200,2021-10-20 18:40:00,ILPT
28.3,28.3,28.28,28.28,300,2021-10-20 18:44:00,ILPT
28.3,28.3,28.3,28.3,400,2021-10-20 18:46:00,ILPT
28.271,28.271,28.24,28.24,5500,2021-10-20 18:50:00,ILPT
28.24,28.24,28.24,28.24,753,2021-10-20 18:51:00,ILPT
28.24,28.27,28.24,28.27,1000,2021-10-20 18:52:00,ILPT
28.27,28.28,28.27,28.28,1200,2021-10-20 18:54:00,ILPT
28.29,28.29,28.275,28.275,200,2021-10-20 18:55:00,ILPT
28.255,28.255,28.255,28.255,130,2021-10-20 18:57:00,ILPT
28.24,28.24,28.24,28.24,313,2021-10-20 18:59:00,ILPT
28.26,28.26,28.26,28.26,400,2021-10-20 19:05:00,ILPT
28.26,28.26,28.26,28.26,100,2021-10-20 19:06:00,ILPT
28.24,28.24,28.2,28.22,555,2021-10-20 19:11:00,ILPT
28.2,28.2,28.2,28.2,200,2021-10-20 19:14:00,ILPT
28.17,28.17,28.17,28.17,200,2021-10-20 19:15:00,ILPT
28.185,28.185,28.18,28.18,350,2021-10-20 19:16:00,ILPT
28.17,28.1731,28.17,28.1731,584,2021-10-20 19:18:00,ILPT
28.185,28.19,28.18,28.18,1100,2021-10-20 19:19:00,ILPT
28.17,28.17,28.17,28.17,200,2021-10-20 19:20:00,ILPT
28.1792,28.1792,28.165,28.165,342,2021-10-20 19:22:00,ILPT
28.165,28.1689,28.165,28.165,450,2021-10-20 19:23:00,ILPT
28.165,28.18,28.165,28.17,900,2021-10-20 19:24:00,ILPT
28.18,28.2,28.18,28.2,400,2021-10-20 19:25:00,ILPT
28.2199,28.2199,28.2199,28.2199,200,2021-10-20 19:26:00,ILPT
28.18,28.18,28.165,28.165,651,2021-10-20 19:31:00,ILPT
28.17,28.17,28.17,28.17,100,2021-10-20 19:33:00,ILPT
28.17,28.2,28.17,28.2,1124,2021-10-20 19:34:00,ILPT
28.19,28.19,28.19,28.19,100,2021-10-20 19:35:00,ILPT
28.18,28.18,28.18,28.18,100,2021-10-20 19:36:00,ILPT
28.15,28.15,28.15,28.15,500,2021-10-20 19:39:00,ILPT
28.15,28.16,28.14,28.16,1300,2021-10-20 19:40:00,ILPT
28.185,28.2,28.18,28.2,1200,2021-10-20 19:41:00,ILPT
28.22,28.22,28.22,28.22,300,2021-10-20 19:42:00,ILPT
28.22,28.22,28.21,28.21,500,2021-10-20 19:45:00,ILPT
28.25,28.28,28.245,28.26,600,2021-10-20 19:46:00,ILPT
28.3,28.3,28.27,28.27,500,2021-10-20 19:47:00,ILPT
28.28,28.28,28.26,28.26,500,2021-10-20 19:48:00,ILPT
28.27,28.27,28.26,28.26,600,2021-10-20 19:49:00,ILPT
28.29,28.3158,28.28,28.28,700,2021-10-20 19:50:00,ILPT
28.3,28.3,28.28,28.3,1100,2021-10-20 19:51:00,ILPT
28.28,28.32,28.28,28.29,533,2021-10-20 19:52:00,ILPT
28.29,28.2951,28.28,28.2951,450,2021-10-20 19:53:00,ILPT
28.28,28.3,28.28,28.3,900,2021-10-20 19:54:00,ILPT
28.27,28.3,28.27,28.28,1600,2021-10-20 19:55:00,ILPT
28.28,28.28,28.27,28.28,600,2021-10-20 19:56:00,ILPT
28.27,28.31,28.27,28.31,1936,2021-10-20 19:57:00,ILPT
28.3,28.32,28.29,28.31,5287,2021-10-20 19:58:00,ILPT
28.31,28.34,28.3,28.31,4106,2021-10-20 19:59:00,ILPT
28.31,28.31,28.31,28.31,32059,2021-10-20 20:00:00,ILPT
28.31,28.31,28.31,28.31,162,2021-10-20 20:01:00,ILPT
28.3,28.3,28.204,28.204,2365,2021-10-21 13:30:00,ILPT
28.25,28.25,28.25,28.25,700,2021-10-21 13:31:00,ILPT
28.25,28.29,28.25,28.27,973,2021-10-21 13:32:00,ILPT
28.27,28.28,28.27,28.28,200,2021-10-21 13:34:00,ILPT
28.27,28.27,28.27,28.27,100,2021-10-21 13:35:00,ILPT
28.29,28.39,28.27,28.27,2072,2021-10-21 13:36:00,ILPT
28.31,28.38,28.3,28.38,700,2021-10-21 13:37:00,ILPT
28.27,28.27,28.27,28.27,100,2021-10-21 13:38:00,ILPT
28.37,28.37,28.37,28.37,100,2021-10-21 13:41:00,ILPT
28.33,28.33,28.33,28.33,100,2021-10-21 13:43:00,ILPT
28.36,28.36,28.36,28.36,100,2021-10-21 13:44:00,ILPT
28.36,28.36,28.36,28.36,100,2021-10-21 13:47:00,ILPT
28.39,28.42,28.37,28.395,900,2021-10-21 13:52:00,ILPT
28.42,28.42,28.42,28.42,100,2021-10-21 13:53:00,ILPT
28.42,28.43,28.42,28.43,200,2021-10-21 13:55:00,ILPT
28.41,28.45,28.4,28.45,1179,2021-10-21 13:56:00,ILPT
28.46,28.47,28.46,28.4647,600,2021-10-21 13:57:00,ILPT
28.4504,28.48,28.4504,28.48,600,2021-10-21 13:59:00,ILPT
28.45,28.45,28.45,28.45,100,2021-10-21 14:00:00,ILPT
28.39,28.43,28.39,28.43,773,2021-10-21 14:03:00,ILPT
28.43,28.43,28.43,28.43,100,2021-10-21 14:07:00,ILPT
28.43,28.43,28.43,28.43,500,2021-10-21 14:09:00,ILPT
28.43,28.43,28.43,28.43,12100,2021-10-21 14:11:00,ILPT
28.41,28.41,28.41,28.41,100,2021-10-21 14:14:00,ILPT
28.41,28.42,28.41,28.4134,600,2021-10-21 14:15:00,ILPT
28.43,28.43,28.42,28.43,576,2021-10-21 14:16:00,ILPT
28.45,28.45,28.45,28.45,100,2021-10-21 14:17:00,ILPT
28.485,28.485,28.4804,28.4804,200,2021-10-21 14:18:00,ILPT
28.485,28.485,28.485,28.485,205,2021-10-21 14:19:00,ILPT
28.47,28.47,28.47,28.47,100,2021-10-21 14:20:00,ILPT
28.45,28.45,28.41,28.41,1224,2021-10-21 14:26:00,ILPT
28.42,28.44,28.42,28.44,800,2021-10-21 14:27:00,ILPT
28.4562,28.4562,28.44,28.45,400,2021-10-21 14:29:00,ILPT
28.46,28.47,28.455,28.465,600,2021-10-21 14:30:00,ILPT
28.49,28.5,28.49,28.5,813,2021-10-21 14:31:00,ILPT
28.506,28.506,28.506,28.506,1000,2021-10-21 14:33:00,ILPT
28.5053,28.5053,28.5018,28.5018,400,2021-10-21 14:34:00,ILPT
28.52,28.52,28.51,28.51,200,2021-10-21 14:35:00,ILPT
28.5,28.5,28.5,28.5,100,2021-10-21 14:36:00,ILPT
28.505,28.505,28.49,28.49,600,2021-10-21 14:37:00,ILPT
28.51,28.51,28.51,28.51,100,2021-10-21 14:38:00,ILPT
28.48,28.48,28.48,28.48,347,2021-10-21 14:40:00,ILPT
28.43,28.445,28.43,28.445,200,2021-10-21 14:43:00,ILPT
28.45,28.46,28.44,28.46,700,2021-10-21 14:47:00,ILPT
28.415,28.415,28.4,28.4,200,2021-10-21 14:51:00,ILPT
28.4,28.43,28.4,28.42,1616,2021-10-21 14:57:00,ILPT
28.41,28.41,28.41,28.41,200,2021-10-21 14:59:00,ILPT
28.385,28.385,28.385,28.385,100,2021-10-21 15:03:00,ILPT
28.37,28.37,28.37,28.37,200,2021-10-21 15:04:00,ILPT
28.4,28.4,28.38,28.38,300,2021-10-21 15:06:00,ILPT
28.4199,28.4199,28.4199,28.4199,200,2021-10-21 15:07:00,ILPT
28.41,28.41,28.41,28.41,200,2021-10-21 15:08:00,ILPT
28.42,28.42,28.42,28.42,100,2021-10-21 15:09:00,ILPT
28.42,28.42,28.42,28.42,100,2021-10-21 15:11:00,ILPT
28.42,28.42,28.42,28.42,100,2021-10-21 15:13:00,ILPT
28.43,28.43,28.43,28.43,100,2021-10-21 15:14:00,ILPT
28.4399,28.4399,28.4119,28.4119,253,2021-10-21 15:15:00,ILPT
28.44,28.44,28.44,28.44,100,2021-10-21 15:19:00,ILPT
28.41,28.41,28.41,28.41,100,2021-10-21 15:21:00,ILPT
28.41,28.42,28.41,28.42,300,2021-10-21 15:22:00,ILPT
28.4,28.4,28.4,28.4,200,2021-10-21 15:24:00,ILPT
28.418,28.418,28.418,28.418,100,2021-10-21 15:25:00,ILPT
28.4,28.41,28.38,28.41,800,2021-10-21 15:26:00,ILPT
28.4,28.41,28.39,28.41,1800,2021-10-21 15:28:00,ILPT
28.4,28.4,28.4,28.4,800,2021-10-21 15:29:00,ILPT
28.42,28.42,28.405,28.405,300,2021-10-21 15:30:00,ILPT
28.42,28.42,28.42,28.42,300,2021-10-21 15:31:00,ILPT
28.425,28.425,28.425,28.425,100,2021-10-21 15:32:00,ILPT
28.4591,28.4591,28.4591,28.4591,200,2021-10-21 15:33:00,ILPT
28.45,28.52,28.45,28.48,1655,2021-10-21 15:34:00,ILPT
28.47,28.47,28.47,28.47,100,2021-10-21 15:36:00,ILPT
28.46,28.46,28.46,28.46,416,2021-10-21 15:43:00,ILPT
28.43,28.46,28.43,28.46,1100,2021-10-21 15:44:00,ILPT
28.43,28.43,28.43,28.43,250,2021-10-21 15:48:00,ILPT
28.455,28.46,28.43,28.44,500,2021-10-21 15:50:00,ILPT
28.45,28.45,28.45,28.45,100,2021-10-21 15:51:00,ILPT
28.43,28.43,28.41,28.41,400,2021-10-21 15:56:00,ILPT
28.42,28.42,28.42,28.42,100,2021-10-21 15:57:00,ILPT
28.41,28.41,28.41,28.41,102,2021-10-21 16:01:00,ILPT
28.39,28.4,28.39,28.4,700,2021-10-21 16:03:00,ILPT
28.38,28.38,28.375,28.375,450,2021-10-21 16:04:00,ILPT
28.38,28.38,28.37,28.37,2704,2021-10-21 16:06:00,ILPT
28.375,28.375,28.37,28.37,300,2021-10-21 16:07:00,ILPT
28.38,28.4,28.38,28.4,605,2021-10-21 16:14:00,ILPT
28.38,28.38,28.38,28.38,500,2021-10-21 16:15:00,ILPT
28.4,28.4,28.4,28.4,100,2021-10-21 16:16:00,ILPT
28.38,28.38,28.38,28.38,100,2021-10-21 16:18:00,ILPT
28.38,28.38,28.38,28.38,500,2021-10-21 16:19:00,ILPT
28.36,28.36,28.36,28.36,100,2021-10-21 16:21:00,ILPT
28.34,28.34,28.34,28.34,300,2021-10-21 16:24:00,ILPT
28.32,28.32,28.32,28.32,100,2021-10-21 16:25:00,ILPT
28.3455,28.3455,28.3455,28.3455,503,2021-10-21 16:27:00,ILPT
28.33,28.33,28.33,28.33,200,2021-10-21 16:33:00,ILPT
28.31,28.32,28.31,28.31,596,2021-10-21 16:39:00,ILPT
28.3,28.3,28.3,28.3,200,2021-10-21 16:41:00,ILPT
28.32,28.32,28.31,28.31,300,2021-10-21 16:44:00,ILPT
28.3,28.3,28.3,28.3,500,2021-10-21 16:47:00,ILPT
28.28,28.28,28.28,28.28,100,2021-10-21 16:48:00,ILPT
28.29,28.29,28.29,28.29,100,2021-10-21 16:53:00,ILPT
28.26,28.27,28.26,28.27,200,2021-10-21 16:56:00,ILPT
28.28,28.28,28.28,28.28,100,2021-10-21 16:58:00,ILPT
28.26,28.26,28.26,28.26,100,2021-10-21 17:01:00,ILPT
28.27,28.28,28.27,28.2763,1300,2021-10-21 17:02:00,ILPT
28.285,28.285,28.285,28.285,200,2021-10-21 17:03:00,ILPT
28.28,28.28,28.28,28.28,100,2021-10-21 17:08:00,ILPT
28.3,28.3,28.3,28.3,200,2021-10-21 17:11:00,ILPT
28.295,28.295,28.29,28.29,300,2021-10-21 17:15:00,ILPT
28.305,28.305,28.305,28.305,100,2021-10-21 17:16:00,ILPT
28.32,28.32,28.32,28.32,100,2021-10-21 17:17:00,ILPT
28.32,28.32,28.32,28.32,100,2021-10-21 17:18:00,ILPT
28.31,28.32,28.31,28.32,300,2021-10-21 17:21:00,ILPT
28.34,28.35,28.34,28.35,600,2021-10-21 17:25:00,ILPT
28.331,28.331,28.331,28.331,210,2021-10-21 17:30:00,ILPT
28.3635,28.3635,28.34,28.34,1100,2021-10-21 17:33:00,ILPT
28.33,28.33,28.33,28.33,100,2021-10-21 17:35:00,ILPT
28.33,28.34,28.33,28.34,300,2021-10-21 17:36:00,ILPT
28.325,28.325,28.325,28.325,100,2021-10-21 17:37:00,ILPT
28.325,28.325,28.325,28.325,225,2021-10-21 17:38:00,ILPT
28.31,28.31,28.29,28.29,300,2021-10-21 17:40:00,ILPT
28.3,28.3,28.285,28.3,5198,2021-10-21 17:46:00,ILPT
28.3,28.31,28.29,28.31,1896,2021-10-21 17:47:00,ILPT
28.29,28.29,28.29,28.29,400,2021-10-21 17:49:00,ILPT
28.28,28.28,28.28,28.28,100,2021-10-21 17:53:00,ILPT
28.28,28.28,28.27,28.27,400,2021-10-21 17:54:00,ILPT
28.29,28.29,28.29,28.29,100,2021-10-21 17:56:00,ILPT
28.28,28.28,28.28,28.28,100,2021-10-21 17:57:00,ILPT
28.28,28.29,28.28,28.29,1100,2021-10-21 17:59:00,ILPT
28.3,28.3034,28.3,28.3034,2100,2021-10-21 18:01:00,ILPT
28.31,28.31,28.31,28.31,200,2021-10-21 18:02:00,ILPT
28.325,28.325,28.325,28.325,100,2021-10-21 18:03:00,ILPT
28.31,28.31,28.31,28.31,200,2021-10-21 18:04:00,ILPT
28.32,28.32,28.32,28.32,100,2021-10-21 18:07:00,ILPT
28.33,28.33,28.33,28.33,100,2021-10-21 18:08:00,ILPT
28.34,28.34,28.34,28.34,100,2021-10-21 18:10:00,ILPT
28.34,28.34,28.34,28.34,100,2021-10-21 18:11:00,ILPT
28.34,28.34,28.34,28.34,125,2021-10-21 18:12:00,ILPT
28.3229,28.3229,28.3229,28.3229,922,2021-10-21 18:17:00,ILPT
28.335,28.335,28.335,28.335,100,2021-10-21 18:18:00,ILPT
28.32,28.32,28.32,28.32,600,2021-10-21 18:19:00,ILPT
28.31,28.31,28.3,28.3,300,2021-10-21 18:20:00,ILPT
28.31,28.31,28.31,28.31,100,2021-10-21 18:22:00,ILPT
28.3,28.3,28.28,28.28,617,2021-10-21 18:23:00,ILPT
28.28,28.3,28.28,28.3,1300,2021-10-21 18:24:00,ILPT
28.31,28.33,28.31,28.33,600,2021-10-21 18:25:00,ILPT
28.39,28.39,28.35,28.35,400,2021-10-21 18:26:00,ILPT
28.35,28.35,28.33,28.33,200,2021-10-21 18:27:00,ILPT
28.36,28.36,28.36,28.36,100,2021-10-21 18:31:00,ILPT
28.33,28.33,28.33,28.33,100,2021-10-21 18:32:00,ILPT
28.31,28.31,28.31,28.31,200,2021-10-21 18:36:00,ILPT
28.325,28.325,28.325,28.325,100,2021-10-21 18:37:00,ILPT
28.32,28.32,28.31,28.31,304,2021-10-21 18:38:00,ILPT
28.28,28.28,28.28,28.28,100,2021-10-21 18:41:00,ILPT
28.29,28.29,28.29,28.29,200,2021-10-21 18:42:00,ILPT
28.29,28.31,28.29,28.31,858,2021-10-21 18:43:00,ILPT
28.33,28.34,28.33,28.34,600,2021-10-21 18:46:00,ILPT
28.36,28.36,28.36,28.36,100,2021-10-21 18:47:00,ILPT
28.37,28.37,28.37,28.37,100,2021-10-21 18:48:00,ILPT
28.37,28.37,28.37,28.37,200,2021-10-21 18:49:00,ILPT
28.38,28.38,28.37,28.37,200,2021-10-21 18:52:00,ILPT
28.38,28.38,28.38,28.38,100,2021-10-21 18:55:00,ILPT
28.36,28.36,28.36,28.36,147,2021-10-21 18:56:00,ILPT
28.37,28.37,28.37,28.37,100,2021-10-21 18:59:00,ILPT
28.35,28.35,28.35,28.35,100,2021-10-21 19:01:00,ILPT
28.37,28.38,28.37,28.38,1100,2021-10-21 19:03:00,ILPT
28.38,28.38,28.375,28.375,500,2021-10-21 19:04:00,ILPT
28.38,28.39,28.375,28.39,1100,2021-10-21 19:05:00,ILPT
28.4,28.4,28.4,28.4,243,2021-10-21 19:07:00,ILPT
28.39,28.39,28.385,28.385,800,2021-10-21 19:10:00,ILPT
28.39,28.39,28.39,28.39,200,2021-10-21 19:11:00,ILPT
28.39,28.39,28.38,28.38,300,2021-10-21 19:12:00,ILPT
28.38,28.38,28.38,28.38,100,2021-10-21 19:13:00,ILPT
28.37,28.37,28.37,28.37,358,2021-10-21 19:16:00,ILPT
28.355,28.36,28.355,28.36,300,2021-10-21 19:17:00,ILPT
28.37,28.38,28.37,28.38,684,2021-10-21 19:18:00,ILPT
28.38,28.38,28.37,28.37,300,2021-10-21 19:19:00,ILPT
28.38,28.39,28.38,28.39,300,2021-10-21 19:20:00,ILPT
28.375,28.39,28.375,28.3799,1360,2021-10-21 19:22:00,ILPT
28.395,28.395,28.395,28.395,200,2021-10-21 19:25:00,ILPT
28.41,28.41,28.41,28.41,100,2021-10-21 19:27:00,ILPT
28.39,28.39,28.39,28.39,100,2021-10-21 19:30:00,ILPT
28.4,28.4,28.34,28.34,785,2021-10-21 19:31:00,ILPT
28.34,28.35,28.33,28.33,946,2021-10-21 19:32:00,ILPT
28.34,28.34,28.34,28.34,500,2021-10-21 19:34:00,ILPT
28.33,28.34,28.31,28.31,1736,2021-10-21 19:35:00,ILPT
28.33,28.35,28.33,28.35,2102,2021-10-21 19:36:00,ILPT
28.33,28.33,28.33,28.33,500,2021-10-21 19:37:00,ILPT
28.33,28.35,28.33,28.35,584,2021-10-21 19:38:00,ILPT
28.36,28.36,28.36,28.36,800,2021-10-21 19:40:00,ILPT
28.36,28.36,28.36,28.36,100,2021-10-21 19:42:00,ILPT
28.37,28.37,28.37,28.37,200,2021-10-21 19:43:00,ILPT
28.38,28.38,28.38,28.38,200,2021-10-21 19:44:00,ILPT
28.378,28.38,28.37,28.37,1200,2021-10-21 19:45:00,ILPT
28.38,28.38,28.38,28.38,100,2021-10-21 19:46:00,ILPT
28.375,28.375,28.37,28.37,500,2021-10-21 19:47:00,ILPT
28.36,28.36,28.36,28.36,100,2021-10-21 19:48:00,ILPT
28.36,28.38,28.35,28.35,600,2021-10-21 19:49:00,ILPT
28.37,28.39,28.35,28.3798,4722,2021-10-21 19:50:00,ILPT
28.36,28.36,28.36,28.36,100,2021-10-21 19:51:00,ILPT
28.38,28.38,28.375,28.375,200,2021-10-21 19:52:00,ILPT
28.37,28.37,28.34,28.34,1668,2021-10-21 19:53:00,ILPT
28.345,28.38,28.34,28.37,2862,2021-10-21 19:54:00,ILPT
28.38,28.39,28.38,28.39,1100,2021-10-21 19:55:00,ILPT
28.4,28.4,28.39,28.39,675,2021-10-21 19:56:00,ILPT
28.4,28.42,28.39,28.41,3103,2021-10-21 19:57:00,ILPT
28.42,28.42,28.41,28.41,1501,2021-10-21 19:58:00,ILPT
28.41,28.43,28.41,28.43,2700,2021-10-21 19:59:00,ILPT
28.4,28.4,28.4,28.4,46071,2021-10-21 20:00:00,ILPT
28.4,28.4,28.4,28.4,533,2021-10-21 20:02:00,ILPT
28.15,28.15,28.13,28.13,4526,2021-10-22 13:30:00,ILPT
28.1828,28.1828,28.1828,28.1828,253,2021-10-22 13:32:00,ILPT
28.0498,28.0498,28.0498,28.0498,400,2021-10-22 13:35:00,ILPT
28.0701,28.0701,28.0701,28.0701,125,2021-10-22 13:36:00,ILPT
28.16,28.18,28.16,28.18,200,2021-10-22 13:37:00,ILPT
28.13,28.13,28.13,28.13,100,2021-10-22 13:41:00,ILPT
28.13,28.15,28.13,28.15,200,2021-10-22 13:42:00,ILPT
28.13,28.14,28.13,28.14,200,2021-10-22 13:43:00,ILPT
28.16,28.16,28.16,28.16,100,2021-10-22 13:45:00,ILPT
28.16,28.16,28.1444,28.1444,1400,2021-10-22 13:47:00,ILPT
28.11,28.11,28.1,28.1,400,2021-10-22 13:50:00,ILPT
28.13,28.13,28.13,28.13,100,2021-10-22 13:52:00,ILPT
28.0366,28.0366,28.0366,28.0366,102,2021-10-22 13:55:00,ILPT
28.0053,28.0053,28.0053,28.0053,100,2021-10-22 13:57:00,ILPT
27.985,27.985,27.985,27.985,464,2021-10-22 14:00:00,ILPT
27.985,28.015,27.985,28.015,600,2021-10-22 14:01:00,ILPT
28.0039,28.0039,27.95,27.95,1417,2021-10-22 14:02:00,ILPT
27.98,27.98,27.98,27.98,563,2021-10-22 14:04:00,ILPT
27.97,27.97,27.97,27.97,100,2021-10-22 14:05:00,ILPT
27.96,27.96,27.96,27.96,300,2021-10-22 14:06:00,ILPT
27.99,27.99,27.98,27.98,294,2021-10-22 14:07:00,ILPT
27.95,27.97,27.95,27.955,7429,2021-10-22 14:10:00,ILPT
27.94,27.94,27.93,27.93,700,2021-10-22 14:11:00,ILPT
27.96,27.96,27.93,27.945,1282,2021-10-22 14:12:00,ILPT
27.95,27.95,27.93,27.93,300,2021-10-22 14:13:00,ILPT
27.94,27.94,27.94,27.94,100,2021-10-22 14:14:00,ILPT
27.94,27.94,27.93,27.93,200,2021-10-22 14:16:00,ILPT
27.94,27.94,27.94,27.94,200,2021-10-22 14:17:00,ILPT
27.91,27.91,27.91,27.91,100,2021-10-22 14:18:00,ILPT
27.95,28.0,27.95,27.97,600,2021-10-22 14:19:00,ILPT
27.97,28.0,27.97,28.0,500,2021-10-22 14:21:00,ILPT
28.03,28.06,28.03,28.06,1000,2021-10-22 14:24:00,ILPT
28.075,28.12,28.07,28.1173,1575,2021-10-22 14:29:00,ILPT
28.15,28.15,28.11,28.11,700,2021-10-22 14:30:00,ILPT
28.13,28.13,28.13,28.13,300,2021-10-22 14:32:00,ILPT
28.1,28.1,28.1,28.1,200,2021-10-22 14:34:00,ILPT
28.09,28.09,28.09,28.09,748,2021-10-22 14:36:00,ILPT
28.08,28.08,28.08,28.08,100,2021-10-22 14:38:00,ILPT
28.09,28.09,28.08,28.08,300,2021-10-22 14:39:00,ILPT
28.1,28.11,28.1,28.11,400,2021-10-22 14:40:00,ILPT
28.08,28.08,28.08,28.08,200,2021-10-22 14:42:00,ILPT
28.11,28.11,28.11,28.11,480,2021-10-22 14:46:00,ILPT
28.1,28.1,28.1,28.1,100,2021-10-22 14:51:00,ILPT
28.1,28.1,28.1,28.1,461,2021-10-22 14:54:00,ILPT
28.07,28.07,28.07,28.07,100,2021-10-22 14:56:00,ILPT
28.08,28.08,28.08,28.08,100,2021-10-22 15:00:00,ILPT
28.08,28.08,28.08,28.08,100,2021-10-22 15:03:00,ILPT
28.08,28.08,28.08,28.08,300,2021-10-22 15:07:00,ILPT
28.07,28.08,28.07,28.08,700,2021-10-22 15:08:00,ILPT
28.06,28.06,28.06,28.06,100,2021-10-22 15:09:00,ILPT
28.05,28.05,28.05,28.05,302,2021-10-22 15:13:00,ILPT
28.0,28.01,28.0,28.01,400,2021-10-22 15:16:00,ILPT
28.01,28.02,28.01,28.02,300,2021-10-22 15:17:00,ILPT
28.03,28.03,28.03,28.03,500,2021-10-22 15:18:00,ILPT
28.01,28.01,28.01,28.01,100,2021-10-22 15:20:00,ILPT
28.02,28.02,28.01,28.01,200,2021-10-22 15:21:00,ILPT
28.0,28.01,28.0,28.0,1207,2021-10-22 15:24:00,ILPT
27.9808,27.9808,27.9808,27.9808,300,2021-10-22 15:25:00,ILPT
28.01,28.02,28.01,28.02,500,2021-10-22 15:26:00,ILPT
28.0514,28.0514,28.0514,28.0514,750,2021-10-22 15:29:00,ILPT
28.01,28.01,28.01,28.01,100,2021-10-22 15:34:00,ILPT
27.9729,27.9729,27.9729,27.9729,1000,2021-10-22 15:35:00,ILPT
27.97,27.97,27.94,27.94,1489,2021-10-22 15:38:00,ILPT
27.96,27.98,27.96,27.98,400,2021-10-22 15:40:00,ILPT
27.96,27.96,27.96,27.96,100,2021-10-22 15:42:00,ILPT
27.95,27.95,27.95,27.95,100,2021-10-22 15:43:00,ILPT
27.95,27.95,27.95,27.95,100,2021-10-22 15:44:00,ILPT
27.93,27.93,27.92,27.92,697,2021-10-22 15:45:00,ILPT
27.9,27.9,27.9,27.9,200,2021-10-22 15:47:00,ILPT
27.92,27.92,27.9,27.9,400,2021-10-22 15:49:00,ILPT
27.87,27.87,27.87,27.87,521,2021-10-22 15:52:00,ILPT
27.87,27.87,27.87,27.87,300,2021-10-22 15:53:00,ILPT
27.88,27.88,27.88,27.88,100,2021-10-22 15:55:00,ILPT
27.88,27.89,27.88,27.89,441,2021-10-22 15:57:00,ILPT
27.9,27.9,27.9,27.9,100,2021-10-22 15:59:00,ILPT
27.9,27.9,27.89,27.89,200,2021-10-22 16:01:00,ILPT
27.91,27.91,27.91,27.91,600,2021-10-22 16:03:00,ILPT
27.9,27.9,27.9,27.9,100,2021-10-22 16:05:00,ILPT
27.905,27.905,27.905,27.905,1020,2021-10-22 16:06:00,ILPT
27.89,27.89,27.89,27.89,100,2021-10-22 16:08:00,ILPT
27.89,27.89,27.89,27.89,213,2021-10-22 16:09:00,ILPT
27.86,27.86,27.86,27.86,100,2021-10-22 16:11:00,ILPT
27.88,27.9,27.86,27.86,1184,2021-10-22 16:14:00,ILPT
27.88,27.88,27.88,27.88,400,2021-10-22 16:15:00,ILPT
27.88,27.88,27.88,27.88,100,2021-10-22 16:18:00,ILPT
27.89,27.89,27.89,27.89,100,2021-10-22 16:19:00,ILPT
27.86,27.86,27.86,27.86,200,2021-10-22 16:20:00,ILPT
27.88,27.88,27.88,27.88,100,2021-10-22 16:24:00,ILPT
27.9,27.915,27.89,27.915,1200,2021-10-22 16:29:00,ILPT
27.905,27.905,27.905,27.905,100,2021-10-22 16:31:00,ILPT
27.9035,27.9035,27.9035,27.9035,250,2021-10-22 16:32:00,ILPT
27.905,27.905,27.905,27.905,400,2021-10-22 16:34:00,ILPT
27.905,27.905,27.905,27.905,300,2021-10-22 16:35:00,ILPT
27.92,27.92,27.905,27.905,300,2021-10-22 16:36:00,ILPT
27.91,27.92,27.91,27.92,200,2021-10-22 16:38:00,ILPT
27.93,27.93,27.92,27.92,200,2021-10-22 16:41:00,ILPT
27.93,27.93,27.93,27.93,500,2021-10-22 16:42:00,ILPT
27.94,27.94,27.93,27.94,899,2021-10-22 16:48:00,ILPT
27.95,27.97,27.95,27.97,300,2021-10-22 16:49:00,ILPT
27.98,27.98,27.98,27.98,100,2021-10-22 16:54:00,ILPT
27.96,27.96,27.96,27.96,100,2021-10-22 17:00:00,ILPT
27.955,27.955,27.955,27.955,200,2021-10-22 17:09:00,ILPT
27.95,27.9525,27.92,27.94,2236,2021-10-22 17:10:00,ILPT
27.92,27.94,27.92,27.94,500,2021-10-22 17:11:00,ILPT
27.935,27.94,27.935,27.94,450,2021-10-22 17:13:00,ILPT
27.94,27.94,27.94,27.94,100,2021-10-22 17:14:00,ILPT
27.94,27.94,27.92,27.92,501,2021-10-22 17:15:00,ILPT
27.92,27.92,27.92,27.92,100,2021-10-22 17:16:00,ILPT
27.93,27.93,27.93,27.93,300,2021-10-22 17:17:00,ILPT
27.94,27.96,27.94,27.96,400,2021-10-22 17:18:00,ILPT
27.96,27.96,27.96,27.96,100,2021-10-22 17:19:00,ILPT
27.96,27.96,27.96,27.96,100,2021-10-22 17:24:00,ILPT
27.96,27.96,27.96,27.96,200,2021-10-22 17:25:00,ILPT
27.95,27.95,27.95,27.95,100,2021-10-22 17:27:00,ILPT
27.95,27.95,27.95,27.95,100,2021-10-22 17:28:00,ILPT
27.955,27.955,27.955,27.955,100,2021-10-22 17:30:00,ILPT
27.955,27.9667,27.955,27.9667,721,2021-10-22 17:34:00,ILPT
27.97,27.98,27.97,27.98,700,2021-10-22 17:38:00,ILPT
27.98,27.98,27.97,27.97,258,2021-10-22 17:39:00,ILPT
27.97,27.97,27.97,27.97,300,2021-10-22 17:44:00,ILPT
27.9504,27.9504,27.9504,27.9504,542,2021-10-22 17:45:00,ILPT
27.99,27.99,27.96,27.96,300,2021-10-22 17:48:00,ILPT
27.98,27.98,27.97,27.97,600,2021-10-22 17:51:00,ILPT
27.96,27.96,27.96,27.96,200,2021-10-22 17:52:00,ILPT
27.97,27.98,27.97,27.98,200,2021-10-22 17:53:00,ILPT
27.98,27.98,27.98,27.98,100,2021-10-22 17:57:00,ILPT
27.96,27.96,27.96,27.96,300,2021-10-22 17:58:00,ILPT
27.93,27.93,27.89,27.89,483,2021-10-22 17:59:00,ILPT
27.93,27.93,27.93,27.93,100,2021-10-22 18:00:00,ILPT
27.919,27.919,27.919,27.919,200,2021-10-22 18:01:00,ILPT
27.9268,27.9268,27.91,27.91,435,2021-10-22 18:03:00,ILPT
27.92,27.92,27.92,27.92,100,2021-10-22 18:04:00,ILPT
27.91,27.92,27.91,27.92,795,2021-10-22 18:07:00,ILPT
27.94,27.95,27.94,27.95,300,2021-10-22 18:09:00,ILPT
27.97,27.97,27.97,27.97,450,2021-10-22 18:10:00,ILPT
27.98,27.98,27.97,27.97,200,2021-10-22 18:14:00,ILPT
27.96,27.96,27.96,27.96,500,2021-10-22 18:16:00,ILPT
27.98,27.98,27.97,27.97,200,2021-10-22 18:17:00,ILPT
27.96,27.96,27.95,27.96,902,2021-10-22 18:18:00,ILPT
27.95,27.95,27.95,27.95,100,2021-10-22 18:20:00,ILPT
27.96,27.96,27.96,27.96,100,2021-10-22 18:23:00,ILPT
27.97,27.97,27.96,27.97,2600,2021-10-22 18:25:00,ILPT
27.98,27.99,27.97,27.98,900,2021-10-22 18:27:00,ILPT
27.97,27.97,27.96,27.96,800,2021-10-22 18:29:00,ILPT
27.95,27.97,27.95,27.97,500,2021-10-22 18:32:00,ILPT
28.01,28.01,27.99,27.99,200,2021-10-22 18:40:00,ILPT
27.99,27.99,27.99,27.99,100,2021-10-22 18:41:00,ILPT
27.99,27.99,27.99,27.99,100,2021-10-22 18:48:00,ILPT
28.0,28.0,28.0,28.0,100,2021-10-22 18:49:00,ILPT
28.0,28.0,27.99,27.99,829,2021-10-22 18:50:00,ILPT
28.0,28.0,27.98,27.98,600,2021-10-22 18:53:00,ILPT
27.97,27.97,27.97,27.97,100,2021-10-22 18:54:00,ILPT
27.95,27.95,27.94,27.94,200,2021-10-22 18:57:00,ILPT
27.96,27.97,27.95,27.95,800,2021-10-22 19:00:00,ILPT
27.95,27.95,27.92,27.92,579,2021-10-22 19:02:00,ILPT
27.93,27.93,27.93,27.93,111,2021-10-22 19:04:00,ILPT
27.92,27.92,27.92,27.92,100,2021-10-22 19:08:00,ILPT
27.94,27.94,27.94,27.94,100,2021-10-22 19:09:00,ILPT
27.93,27.93,27.93,27.93,200,2021-10-22 19:11:00,ILPT
27.92,27.92,27.91,27.91,800,2021-10-22 19:12:00,ILPT
27.91,27.91,27.9066,27.9066,2558,2021-10-22 19:13:00,ILPT
27.91,27.95,27.91,27.95,1000,2021-10-22 19:15:00,ILPT
27.95,27.95,27.95,27.95,300,2021-10-22 19:16:00,ILPT
27.94,27.96,27.93,27.96,300,2021-10-22 19:17:00,ILPT
27.92,27.92,27.92,27.92,300,2021-10-22 19:20:00,ILPT
27.95,27.95,27.95,27.95,200,2021-10-22 19:22:00,ILPT
27.95,27.96,27.95,27.96,200,2021-10-22 19:23:00,ILPT
27.95,27.95,27.95,27.95,200,2021-10-22 19:27:00,ILPT
27.95,27.95,27.95,27.95,100,2021-10-22 19:31:00,ILPT
27.94,27.94,27.934,27.934,498,2021-10-22 19:32:00,ILPT
27.94,27.95,27.94,27.94,500,2021-10-22 19:33:00,ILPT
27.94,27.94,27.92,27.92,400,2021-10-22 19:34:00,ILPT
27.93,27.93,27.93,27.93,300,2021-10-22 19:35:00,ILPT
27.96,27.96,27.96,27.96,400,2021-10-22 19:37:00,ILPT
27.95,27.95,27.93,27.94,400,2021-10-22 19:38:00,ILPT
27.945,27.945,27.945,27.945,100,2021-10-22 19:39:00,ILPT
27.945,27.945,27.94,27.94,200,2021-10-22 19:40:00,ILPT
27.94,27.94,27.94,27.94,150,2021-10-22 19:42:00,ILPT
27.92,27.92,27.92,27.92,100,2021-10-22 19:43:00,ILPT
27.93,27.93,27.93,27.93,298,2021-10-22 19:44:00,ILPT
27.92,27.925,27.92,27.925,250,2021-10-22 19:45:00,ILPT
27.92,27.92,27.91,27.91,688,2021-10-22 19:46:00,ILPT
27.92,27.92,27.92,27.92,100,2021-10-22 19:47:00,ILPT
27.93,27.93,27.92,27.92,200,2021-10-22 19:48:00,ILPT
27.91,27.92,27.89,27.89,1812,2021-10-22 19:49:00,ILPT
27.89,27.93,27.89,27.93,1000,2021-10-22 19:50:00,ILPT
27.93,27.94,27.93,27.94,400,2021-10-22 19:51:00,ILPT
27.94,27.94,27.92,27.92,1100,2021-10-22 19:52:00,ILPT
27.915,27.92,27.89,27.92,400,2021-10-22 19:53:00,ILPT
27.92,27.92,27.88,27.88,4470,2021-10-22 19:54:00,ILPT
27.88,27.91,27.88,27.905,2105,2021-10-22 19:55:00,ILPT
27.9,27.9,27.87,27.87,1416,2021-10-22 19:56:00,ILPT
27.895,27.895,27.86,27.86,2414,2021-10-22 19:57:00,ILPT
27.85,27.86,27.84,27.84,3732,2021-10-22 19:58:00,ILPT
27.85,27.865,27.84,27.865,3789,2021-10-22 19:59:00,ILPT
27.86,27.86,27.86,27.86,41836,2021-10-22 20:00:00,ILPT
27.86,27.86,27.86,27.86,1799,2021-10-22 20:01:00,ILPT
27.88,28.07,27.88,28.07,2845,2021-10-25 13:30:00,ILPT
27.78,27.78,27.63,27.63,1313,2021-10-25 13:33:00,ILPT
27.7801,27.7801,27.7801,27.7801,146,2021-10-25 13:36:00,ILPT
27.7763,27.7763,27.7763,27.7763,196,2021-10-25 13:37:00,ILPT
27.741,27.741,27.741,27.741,1000,2021-10-25 13:39:00,ILPT
27.6901,27.76,27.6901,27.76,400,2021-10-25 13:41:00,ILPT
27.77,27.77,27.77,27.77,100,2021-10-25 13:43:00,ILPT
27.785,27.785,27.785,27.785,200,2021-10-25 13:44:00,ILPT
27.74,27.74,27.71,27.71,847,2021-10-25 13:46:00,ILPT
27.76,27.76,27.73,27.73,302,2021-10-25 13:47:00,ILPT
27.72,27.72,27.72,27.72,200,2021-10-25 13:48:00,ILPT
27.76,27.76,27.76,27.76,108,2021-10-25 13:49:00,ILPT
27.7748,27.7748,27.755,27.755,697,2021-10-25 13:51:00,ILPT
27.8,27.8,27.79,27.8,700,2021-10-25 13:53:00,ILPT
27.8,27.8,27.7662,27.7662,386,2021-10-25 13:54:00,ILPT
27.77,27.775,27.77,27.775,432,2021-10-25 13:55:00,ILPT
27.79,27.79,27.79,27.79,400,2021-10-25 14:00:00,ILPT
27.79,27.79,27.79,27.79,100,2021-10-25 14:04:00,ILPT
27.79,27.79,27.79,27.79,100,2021-10-25 14:06:00,ILPT
27.765,27.765,27.765,27.765,100,2021-10-25 14:07:00,ILPT
27.76,27.77,27.75,27.76,1279,2021-10-25 14:12:00,ILPT
27.78,27.78,27.78,27.78,610,2021-10-25 14:14:00,ILPT
27.79,27.79,27.79,27.79,100,2021-10-25 14:16:00,ILPT
27.8,27.8,27.8,27.8,100,2021-10-25 14:17:00,ILPT
27.79,27.81,27.79,27.81,1622,2021-10-25 14:18:00,ILPT
27.815,27.815,27.815,27.815,200,2021-10-25 14:19:00,ILPT
27.815,27.815,27.815,27.815,100,2021-10-25 14:20:00,ILPT
27.8,27.8,27.76,27.76,503,2021-10-25 14:21:00,ILPT
27.78,27.78,27.78,27.78,200,2021-10-25 14:28:00,ILPT
27.78,27.78,27.78,27.78,100,2021-10-25 14:31:00,ILPT
27.81,27.81,27.81,27.81,100,2021-10-25 14:32:00,ILPT
27.78,27.82,27.78,27.82,200,2021-10-25 14:33:00,ILPT
27.835,27.86,27.835,27.85,700,2021-10-25 14:34:00,ILPT
27.8,27.8,27.8,27.8,111,2021-10-25 14:38:00,ILPT
27.81,27.81,27.795,27.795,200,2021-10-25 14:39:00,ILPT
27.795,27.795,27.795,27.795,1050,2021-10-25 14:40:00,ILPT
27.8161,27.82,27.815,27.815,800,2021-10-25 14:42:00,ILPT
27.85,27.85,27.85,27.85,100,2021-10-25 14:44:00,ILPT
27.84,27.84,27.84,27.84,300,2021-10-25 14:46:00,ILPT
27.83,27.83,27.83,27.83,100,2021-10-25 14:47:00,ILPT
27.85,27.85,27.85,27.85,200,2021-10-25 14:50:00,ILPT
27.84,27.84,27.84,27.84,350,2021-10-25 14:55:00,ILPT
27.86,27.86,27.855,27.855,5300,2021-10-25 14:57:00,ILPT
27.86,27.86,27.86,27.86,4700,2021-10-25 14:58:00,ILPT
27.88,27.88,27.88,27.88,200,2021-10-25 14:59:00,ILPT
27.875,27.875,27.875,27.875,400,2021-10-25 15:00:00,ILPT
27.86,27.88,27.86,27.875,851,2021-10-25 15:03:00,ILPT
27.83,27.84,27.83,27.83,333,2021-10-25 15:05:00,ILPT
27.83,27.83,27.83,27.83,100,2021-10-25 15:08:00,ILPT
27.83,27.83,27.83,27.83,100,2021-10-25 15:10:00,ILPT
27.85,27.86,27.85,27.86,500,2021-10-25 15:12:00,ILPT
27.86,27.86,27.86,27.86,100,2021-10-25 15:15:00,ILPT
27.86,27.88,27.85,27.85,550,2021-10-25 15:18:00,ILPT
27.85,27.85,27.85,27.85,300,2021-10-25 15:20:00,ILPT
27.85,27.85,27.85,27.85,742,2021-10-25 15:24:00,ILPT
27.8578,27.8578,27.8578,27.8578,181,2021-10-25 15:26:00,ILPT
27.86,27.9,27.86,27.9,435,2021-10-25 15:31:00,ILPT
27.885,27.89,27.885,27.89,606,2021-10-25 15:32:00,ILPT
27.92,27.93,27.9,27.9,686,2021-10-25 15:34:00,ILPT
27.89,27.89,27.89,27.89,134,2021-10-25 15:35:00,ILPT
27.87,27.87,27.87,27.87,100,2021-10-25 15:39:00,ILPT
27.87,27.87,27.87,27.87,100,2021-10-25 15:40:00,ILPT
27.87,27.87,27.87,27.87,200,2021-10-25 15:41:00,ILPT
27.88,27.88,27.88,27.88,100,2021-10-25 15:42:00,ILPT
27.86,27.87,27.86,27.87,294,2021-10-25 15:45:00,ILPT
27.84,27.84,27.8371,27.84,400,2021-10-25 15:46:00,ILPT
27.84,27.84,27.83,27.83,1705,2021-10-25 15:47:00,ILPT
27.84,27.84,27.84,27.84,200,2021-10-25 15:50:00,ILPT
27.845,27.86,27.845,27.86,200,2021-10-25 15:51:00,ILPT
27.87,27.87,27.85,27.85,404,2021-10-25 15:52:00,ILPT
27.84,27.84,27.81,27.82,884,2021-10-25 16:00:00,ILPT
27.831,27.831,27.831,27.831,180,2021-10-25 16:03:00,ILPT
27.84,27.86,27.84,27.86,700,2021-10-25 16:05:00,ILPT
27.8599,27.87,27.8599,27.865,1405,2021-10-25 16:06:00,ILPT
27.86,27.86,27.86,27.86,200,2021-10-25 16:07:00,ILPT
27.9,27.92,27.9,27.91,1005,2021-10-25 16:08:00,ILPT
27.88,27.88,27.88,27.88,200,2021-10-25 16:14:00,ILPT
27.9,27.9,27.9,27.9,100,2021-10-25 16:16:00,ILPT
27.895,27.895,27.895,27.895,100,2021-10-25 16:17:00,ILPT
27.8988,27.8988,27.8988,27.8988,2000,2021-10-25 16:18:00,ILPT
27.91,27.92,27.9,27.9025,700,2021-10-25 16:20:00,ILPT
27.93,27.93,27.93,27.93,100,2021-10-25 16:25:00,ILPT
27.98,27.99,27.98,27.99,200,2021-10-25 16:28:00,ILPT
27.97,27.97,27.97,27.97,100,2021-10-25 16:29:00,ILPT
27.93,27.94,27.925,27.9325,900,2021-10-25 16:37:00,ILPT
27.925,27.925,27.925,27.925,100,2021-10-25 16:38:00,ILPT
27.9,27.9,27.9,27.9,100,2021-10-25 16:40:00,ILPT
27.9299,27.9299,27.9299,27.9299,717,2021-10-25 16:41:00,ILPT
27.93,27.93,27.93,27.93,300,2021-10-25 16:48:00,ILPT
27.97,27.97,27.946,27.946,400,2021-10-25 16:52:00,ILPT
27.97,27.97,27.97,27.97,100,2021-10-25 16:54:00,ILPT
27.96,27.96,27.96,27.96,100,2021-10-25 16:56:00,ILPT
27.98,28.0,27.98,27.98,600,2021-10-25 16:57:00,ILPT
28.0,28.0,27.985,27.985,200,2021-10-25 16:59:00,ILPT
27.97,27.97,27.97,27.97,500,2021-10-25 17:01:00,ILPT
27.97,27.97,27.97,27.97,375,2021-10-25 17:03:00,ILPT
27.95,27.95,27.95,27.95,200,2021-10-25 17:04:00,ILPT
27.93,27.93,27.89,27.89,501,2021-10-25 17:05:00,ILPT
27.89,27.9,27.89,27.9,400,2021-10-25 17:06:00,ILPT
27.94,27.94,27.915,27.915,1100,2021-10-25 17:09:00,ILPT
27.91,27.91,27.91,27.91,100,2021-10-25 17:12:00,ILPT
27.95,27.95,27.95,27.95,100,2021-10-25 17:14:00,ILPT
27.95,27.95,27.95,27.95,100,2021-10-25 17:15:00,ILPT
27.95,27.95,27.95,27.95,100,2021-10-25 17:19:00,ILPT
27.93,27.94,27.92,27.94,1099,2021-10-25 17:20:00,ILPT
27.95,27.96,27.95,27.96,1000,2021-10-25 17:25:00,ILPT
27.98,28.0,27.98,28.0,700,2021-10-25 17:29:00,ILPT
28.01,28.01,28.01,28.01,200,2021-10-25 17:35:00,ILPT
28.01,28.01,28.01,28.01,207,2021-10-25 17:37:00,ILPT
28.0,28.0,28.0,28.0,100,2021-10-25 17:39:00,ILPT
27.99,27.99,27.96,27.96,800,2021-10-25 17:42:00,ILPT
27.98,27.98,27.97,27.98,500,2021-10-25 17:47:00,ILPT
28.01,28.01,28.01,28.01,100,2021-10-25 17:56:00,ILPT
28.011,28.03,28.01,28.01,964,2021-10-25 17:58:00,ILPT
28.0158,28.0158,28.01,28.01,479,2021-10-25 17:59:00,ILPT
28.04,28.04,28.04,28.04,100,2021-10-25 18:02:00,ILPT
28.04,28.04,28.04,28.04,100,2021-10-25 18:06:00,ILPT
28.06,28.07,28.06,28.07,499,2021-10-25 18:07:00,ILPT
28.06,28.06,28.0518,28.0518,600,2021-10-25 18:08:00,ILPT
28.04,28.04,28.04,28.04,100,2021-10-25 18:11:00,ILPT
28.02,28.02,28.0,28.02,637,2021-10-25 18:14:00,ILPT
28.04,28.04,28.04,28.04,503,2021-10-25 18:24:00,ILPT
28.05,28.05,28.05,28.05,100,2021-10-25 18:25:00,ILPT
28.05,28.05,28.03,28.03,600,2021-10-25 18:26:00,ILPT
28.03,28.03,28.03,28.03,245,2021-10-25 18:29:00,ILPT
28.04,28.04,28.04,28.04,100,2021-10-25 18:30:00,ILPT
28.02,28.02,28.01,28.01,500,2021-10-25 18:32:00,ILPT
28.0,28.0,28.0,28.0,100,2021-10-25 18:33:00,ILPT
27.99,27.99,27.99,27.99,100,2021-10-25 18:34:00,ILPT
28.0,28.0,27.99,27.99,302,2021-10-25 18:35:00,ILPT
27.985,27.985,27.985,27.985,327,2021-10-25 18:36:00,ILPT
27.99,27.99,27.99,27.99,401,2021-10-25 18:38:00,ILPT
27.98,27.98,27.98,27.98,200,2021-10-25 18:40:00,ILPT
28.0,28.0,28.0,28.0,100,2021-10-25 18:43:00,ILPT
27.99,27.99,27.99,27.99,105,2021-10-25 18:44:00,ILPT
28.0,28.0,28.0,28.0,100,2021-10-25 18:45:00,ILPT
28.0,28.0,28.0,28.0,100,2021-10-25 18:48:00,ILPT
27.995,28.01,27.995,28.01,300,2021-10-25 18:52:00,ILPT
28.01,28.01,28.01,28.01,249,2021-10-25 18:53:00,ILPT
28.02,28.02,28.02,28.02,100,2021-10-25 18:54:00,ILPT
28.02,28.02,28.02,28.02,100,2021-10-25 18:55:00,ILPT
28.04,28.04,28.04,28.04,100,2021-10-25 18:57:00,ILPT
28.02,28.02,27.96,27.96,735,2021-10-25 18:58:00,ILPT
27.965,27.965,27.95,27.96,500,2021-10-25 19:01:00,ILPT
27.95,27.95,27.95,27.95,100,2021-10-25 19:02:00,ILPT
27.9699,27.9699,27.96,27.96,750,2021-10-25 19:03:00,ILPT
27.97,27.99,27.97,27.99,300,2021-10-25 19:04:00,ILPT
27.99,27.99,27.99,27.99,200,2021-10-25 19:07:00,ILPT
27.9657,27.9657,27.9657,27.9657,200,2021-10-25 19:08:00,ILPT
27.96,27.96,27.96,27.96,200,2021-10-25 19:11:00,ILPT
27.95,27.95,27.94,27.94,200,2021-10-25 19:14:00,ILPT
27.94,27.94,27.94,27.94,100,2021-10-25 19:15:00,ILPT
27.94,27.94,27.94,27.94,100,2021-10-25 19:17:00,ILPT
27.94,27.94,27.94,27.94,300,2021-10-25 19:19:00,ILPT
27.93,27.93,27.92,27.92,300,2021-10-25 19:21:00,ILPT
27.93,27.94,27.93,27.94,203,2021-10-25 19:22:00,ILPT
27.97,27.97,27.97,27.97,502,2021-10-25 19:27:00,ILPT
27.96,27.96,27.93,27.93,1005,2021-10-25 19:31:00,ILPT
27.91,27.91,27.91,27.91,200,2021-10-25 19:32:00,ILPT
27.89,27.92,27.89,27.92,698,2021-10-25 19:33:00,ILPT
27.94,27.97,27.94,27.97,1030,2021-10-25 19:35:00,ILPT
27.99,27.99,27.99,27.99,100,2021-10-25 19:36:00,ILPT
27.99,27.99,27.98,27.98,400,2021-10-25 19:37:00,ILPT
27.99,27.99,27.99,27.99,300,2021-10-25 19:38:00,ILPT
27.99,27.99,27.99,27.99,400,2021-10-25 19:40:00,ILPT
27.985,27.985,27.985,27.985,100,2021-10-25 19:41:00,ILPT
27.99,27.99,27.99,27.99,100,2021-10-25 19:42:00,ILPT
27.985,28.02,27.985,27.99,1351,2021-10-25 19:43:00,ILPT
28.01,28.01,28.01,28.01,100,2021-10-25 19:44:00,ILPT
28.0,28.0,27.99,27.99,900,2021-10-25 19:47:00,ILPT
28.0,28.01,28.0,28.01,517,2021-10-25 19:48:00,ILPT
28.03,28.03,28.03,28.03,200,2021-10-25 19:50:00,ILPT
28.04,28.04,28.04,28.04,300,2021-10-25 19:51:00,ILPT
28.03,28.03,28.02,28.03,946,2021-10-25 19:52:00,ILPT
28.03,28.04,28.03,28.04,406,2021-10-25 19:53:00,ILPT
28.03,28.03,28.02,28.02,300,2021-10-25 19:54:00,ILPT
28.01,28.02,28.01,28.01,1522,2021-10-25 19:55:00,ILPT
27.99,27.99,27.99,27.99,100,2021-10-25 19:56:00,ILPT
28.0,28.0086,27.99,28.0086,450,2021-10-25 19:57:00,ILPT
28.0,28.0,27.99,27.99,200,2021-10-25 19:58:00,ILPT
28.0,28.03,28.0,28.03,3735,2021-10-25 19:59:00,ILPT
28.03,28.03,28.03,28.03,23554,2021-10-25 20:00:00,ILPT
28.03,28.03,28.03,28.03,1475,2021-10-25 20:01:00,ILPT
28.03,28.03,28.03,28.03,100,2021-10-25 23:53:00,ILPT
28.08,28.1,28.0,28.1,1574,2021-10-26 13:30:00,ILPT
28.07,28.07,28.07,28.07,275,2021-10-26 13:32:00,ILPT
28.0,28.0,28.0,28.0,268,2021-10-26 13:33:00,ILPT
28.0,28.01,28.0,28.01,482,2021-10-26 13:39:00,ILPT
28.01,28.01,28.01,28.01,100,2021-10-26 13:44:00,ILPT
28.0193,28.0193,28.0193,28.0193,100,2021-10-26 13:45:00,ILPT
28.02,28.02,28.02,28.02,278,2021-10-26 13:46:00,ILPT
28.04,28.05,28.03,28.03,697,2021-10-26 13:48:00,ILPT
28.05,28.05,28.05,28.05,2746,2021-10-26 13:49:00,ILPT
28.05,28.05,28.05,28.05,200,2021-10-26 13:52:00,ILPT
28.05,28.05,28.05,28.05,286,2021-10-26 13:57:00,ILPT
28.04,28.04,28.04,28.04,100,2021-10-26 14:00:00,ILPT
28.01,28.01,28.01,28.01,100,2021-10-26 14:06:00,ILPT
28.06,28.0798,28.06,28.0798,416,2021-10-26 14:13:00,ILPT
28.04,28.04,28.02,28.02,634,2021-10-26 14:15:00,ILPT
28.02,28.02,28.02,28.02,100,2021-10-26 14:17:00,ILPT
28.01,28.01,28.01,28.01,300,2021-10-26 14:19:00,ILPT
28.01,28.01,28.0,28.0,400,2021-10-26 14:21:00,ILPT
27.96,27.99,27.96,27.99,400,2021-10-26 14:26:00,ILPT
27.97,27.97,27.97,27.97,100,2021-10-26 14:28:00,ILPT
28.02,28.02,28.02,28.02,400,2021-10-26 14:32:00,ILPT
28.02,28.02,28.02,28.02,100,2021-10-26 14:33:00,ILPT
28.045,28.045,28.03,28.03,200,2021-10-26 14:36:00,ILPT
28.01,28.01,28.01,28.01,100,2021-10-26 14:38:00,ILPT
28.05,28.05,28.05,28.05,100,2021-10-26 14:46:00,ILPT
28.05,28.0501,28.05,28.0501,431,2021-10-26 14:47:00,ILPT
28.09,28.09,28.09,28.09,381,2021-10-26 14:49:00,ILPT
28.14,28.14,28.14,28.14,100,2021-10-26 14:50:00,ILPT
28.11,28.11,28.11,28.11,100,2021-10-26 14:51:00,ILPT
28.11,28.11,28.09,28.09,300,2021-10-26 14:53:00,ILPT
28.1,28.11,28.1,28.1,343,2021-10-26 14:54:00,ILPT
28.13,28.13,28.13,28.13,100,2021-10-26 14:56:00,ILPT
28.13,28.13,28.13,28.13,100,2021-10-26 14:57:00,ILPT
28.15,28.16,28.15,28.16,1460,2021-10-26 14:59:00,ILPT
28.14,28.14,28.14,28.14,100,2021-10-26 15:01:00,ILPT
28.15,28.15,28.15,28.15,200,2021-10-26 15:02:00,ILPT
28.15,28.15,28.15,28.15,100,2021-10-26 15:04:00,ILPT
28.12,28.12,28.12,28.12,100,2021-10-26 15:07:00,ILPT
28.1,28.1,28.07,28.07,400,2021-10-26 15:13:00,ILPT
28.13,28.13,28.13,28.13,500,2021-10-26 15:15:00,ILPT
28.09,28.1,28.09,28.1,200,2021-10-26 15:19:00,ILPT
28.12,28.12,28.12,28.12,100,2021-10-26 15:20:00,ILPT
28.07,28.07,28.07,28.07,100,2021-10-26 15:24:00,ILPT
28.09,28.09,28.09,28.09,400,2021-10-26 15:27:00,ILPT
28.11,28.11,28.11,28.11,200,2021-10-26 15:31:00,ILPT
28.16,28.16,28.16,28.16,100,2021-10-26 15:35:00,ILPT
28.12,28.12,28.12,28.12,300,2021-10-26 15:37:00,ILPT
28.13,28.14,28.13,28.14,200,2021-10-26 15:38:00,ILPT
28.16,28.16,28.16,28.16,100,2021-10-26 15:39:00,ILPT
28.155,28.155,28.155,28.155,951,2021-10-26 15:40:00,ILPT
28.13,28.13,28.13,28.13,290,2021-10-26 15:42:00,ILPT
28.1,28.1,28.1,28.1,100,2021-10-26 15:45:00,ILPT
28.14,28.14,28.103,28.103,200,2021-10-26 15:46:00,ILPT
28.1001,28.1001,28.07,28.07,500,2021-10-26 15:49:00,ILPT
28.084,28.084,28.084,28.084,107,2021-10-26 15:50:00,ILPT
28.1,28.1,28.1,28.1,400,2021-10-26 15:56:00,ILPT
28.07,28.07,28.07,28.07,100,2021-10-26 15:58:00,ILPT
28.07,28.07,28.07,28.07,200,2021-10-26 16:04:00,ILPT
28.08,28.08,28.08,28.08,207,2021-10-26 16:05:00,ILPT
28.12,28.12,28.12,28.12,100,2021-10-26 16:06:00,ILPT
28.11,28.14,28.09,28.11,1423,2021-10-26 16:07:00,ILPT
28.1,28.1,28.1,28.1,100,2021-10-26 16:08:00,ILPT
28.08,28.08,28.08,28.08,100,2021-10-26 16:09:00,ILPT
28.085,28.085,28.085,28.085,360,2021-10-26 16:10:00,ILPT
28.07,28.0906,28.07,28.0906,1100,2021-10-26 16:12:00,ILPT
28.07,28.07,28.07,28.07,100,2021-10-26 16:13:00,ILPT
28.07,28.07,28.07,28.07,100,2021-10-26 16:15:00,ILPT
28.11,28.11,28.11,28.11,200,2021-10-26 16:16:00,ILPT
28.08,28.08,28.08,28.08,100,2021-10-26 16:17:00,ILPT
28.09,28.09,28.09,28.09,100,2021-10-26 16:18:00,ILPT
28.07,28.07,28.06,28.06,600,2021-10-26 16:20:00,ILPT
28.05,28.07,28.05,28.07,200,2021-10-26 16:33:00,ILPT
28.065,28.065,28.05,28.065,400,2021-10-26 16:36:00,ILPT
28.07,28.08,28.07,28.08,700,2021-10-26 16:38:00,ILPT
28.08,28.08,28.08,28.08,400,2021-10-26 16:40:00,ILPT
28.08,28.11,28.08,28.0975,1200,2021-10-26 16:43:00,ILPT
28.1,28.1,28.1,28.1,100,2021-10-26 16:45:00,ILPT
28.14,28.19,28.14,28.18,1791,2021-10-26 16:48:00,ILPT
28.175,28.175,28.175,28.175,200,2021-10-26 16:49:00,ILPT
28.19,28.19,28.16,28.16,300,2021-10-26 16:50:00,ILPT
28.16,28.16,28.14,28.14,200,2021-10-26 16:51:00,ILPT
28.19,28.2,28.18,28.18,400,2021-10-26 16:52:00,ILPT
28.2,28.2,28.2,28.2,300,2021-10-26 16:53:00,ILPT
28.17,28.2,28.17,28.2,400,2021-10-26 16:55:00,ILPT
28.189,28.22,28.189,28.22,1454,2021-10-26 16:56:00,ILPT
28.19,28.19,28.19,28.19,652,2021-10-26 16:57:00,ILPT
28.22,28.22,28.22,28.22,200,2021-10-26 16:59:00,ILPT
28.2,28.2,28.2,28.2,100,2021-10-26 17:00:00,ILPT
28.19,28.19,28.19,28.19,100,2021-10-26 17:02:00,ILPT
28.1965,28.1965,28.1965,28.1965,100,2021-10-26 17:06:00,ILPT
28.195,28.195,28.18,28.18,200,2021-10-26 17:10:00,ILPT
28.18,28.18,28.175,28.175,1096,2021-10-26 17:11:00,ILPT
28.17,28.17,28.17,28.17,100,2021-10-26 17:13:00,ILPT
28.17,28.17,28.17,28.17,100,2021-10-26 17:18:00,ILPT
28.19,28.19,28.18,28.19,1104,2021-10-26 17:19:00,ILPT
28.2,28.2,28.2,28.2,400,2021-10-26 17:20:00,ILPT
28.19,28.19,28.19,28.19,500,2021-10-26 17:23:00,ILPT
28.18,28.18,28.18,28.18,535,2021-10-26 17:24:00,ILPT
28.18,28.18,28.18,28.18,300,2021-10-26 17:25:00,ILPT
28.175,28.19,28.175,28.19,300,2021-10-26 17:26:00,ILPT
28.21,28.21,28.2,28.2081,1579,2021-10-26 17:27:00,ILPT
28.19,28.19,28.19,28.19,673,2021-10-26 17:28:00,ILPT
28.17,28.18,28.17,28.18,1700,2021-10-26 17:30:00,ILPT
28.17,28.17,28.17,28.17,4700,2021-10-26 17:31:00,ILPT
28.17,28.17,28.17,28.17,100,2021-10-26 17:33:00,ILPT
28.19,28.19,28.19,28.19,200,2021-10-26 17:35:00,ILPT
28.16,28.18,28.16,28.18,200,2021-10-26 17:36:00,ILPT
28.165,28.165,28.165,28.165,200,2021-10-26 17:38:00,ILPT
28.1,28.1,28.1,28.1,100,2021-10-26 17:42:00,ILPT
28.1,28.1,28.1,28.1,100,2021-10-26 17:44:00,ILPT
28.1,28.1,28.1,28.1,200,2021-10-26 17:45:00,ILPT
28.09,28.09,28.08,28.0801,1635,2021-10-26 17:46:00,ILPT
28.08,28.08,28.08,28.08,200,2021-10-26 17:48:00,ILPT
28.085,28.1,28.085,28.1,800,2021-10-26 17:49:00,ILPT
28.09,28.09,28.09,28.09,100,2021-10-26 17:55:00,ILPT
28.11,28.11,28.11,28.11,100,2021-10-26 17:57:00,ILPT
28.1,28.1,28.1,28.1,100,2021-10-26 17:58:00,ILPT
28.11,28.11,28.1,28.1,200,2021-10-26 18:00:00,ILPT
28.11,28.12,28.11,28.12,700,2021-10-26 18:01:00,ILPT
28.14,28.14,28.14,28.14,100,2021-10-26 18:02:00,ILPT
28.145,28.145,28.145,28.145,200,2021-10-26 18:04:00,ILPT
28.145,28.145,28.145,28.145,100,2021-10-26 18:05:00,ILPT
28.16,28.16,28.16,28.16,100,2021-10-26 18:06:00,ILPT
28.1622,28.1622,28.1622,28.1622,140,2021-10-26 18:08:00,ILPT
28.16,28.16,28.155,28.155,200,2021-10-26 18:11:00,ILPT
28.17,28.17,28.17,28.17,200,2021-10-26 18:12:00,ILPT
28.19,28.19,28.19,28.19,415,2021-10-26 18:14:00,ILPT
28.18,28.19,28.18,28.19,200,2021-10-26 18:18:00,ILPT
28.18,28.18,28.18,28.18,200,2021-10-26 18:19:00,ILPT
28.185,28.185,28.185,28.185,100,2021-10-26 18:20:00,ILPT
28.185,28.185,28.185,28.185,100,2021-10-26 18:21:00,ILPT
28.19,28.19,28.19,28.19,100,2021-10-26 18:22:00,ILPT
28.19,28.19,28.17,28.17,954,2021-10-26 18:24:00,ILPT
28.18,28.18,28.17,28.18,400,2021-10-26 18:25:00,ILPT
28.1703,28.1703,28.1703,28.1703,125,2021-10-26 18:28:00,ILPT
28.18,28.18,28.18,28.18,234,2021-10-26 18:29:00,ILPT
28.19,28.19,28.19,28.19,200,2021-10-26 18:30:00,ILPT
28.22,28.22,28.19,28.19,2100,2021-10-26 18:34:00,ILPT
28.21,28.21,28.21,28.21,206,2021-10-26 18:35:00,ILPT
28.21,28.21,28.21,28.21,100,2021-10-26 18:37:00,ILPT
28.1915,28.1915,28.1915,28.1915,100,2021-10-26 18:40:00,ILPT
28.22,28.22,28.22,28.22,100,2021-10-26 18:41:00,ILPT
28.22,28.22,28.22,28.22,200,2021-10-26 18:42:00,ILPT
28.22,28.22,28.21,28.21,1104,2021-10-26 18:43:00,ILPT
28.195,28.195,28.195,28.195,100,2021-10-26 18:48:00,ILPT
28.2,28.2,28.2,28.2,100,2021-10-26 18:51:00,ILPT
28.21,28.21,28.19,28.19,200,2021-10-26 18:52:00,ILPT
28.2,28.2,28.2,28.2,275,2021-10-26 18:53:00,ILPT
28.21,28.21,28.19,28.19,1672,2021-10-26 18:54:00,ILPT
28.18,28.18,28.18,28.18,100,2021-10-26 18:55:00,ILPT
28.19,28.19,28.17,28.17,300,2021-10-26 18:58:00,ILPT
28.18,28.19,28.1778,28.1778,861,2021-10-26 19:01:00,ILPT
28.18,28.19,28.18,28.18,700,2021-10-26 19:04:00,ILPT
28.19,28.19,28.18,28.18,200,2021-10-26 19:06:00,ILPT
28.17,28.17,28.17,28.17,200,2021-10-26 19:10:00,ILPT
28.17,28.17,28.17,28.17,100,2021-10-26 19:12:00,ILPT
28.17,28.17,28.17,28.17,100,2021-10-26 19:18:00,ILPT
28.19,28.2,28.19,28.2,700,2021-10-26 19:19:00,ILPT
28.22,28.22,28.22,28.22,381,2021-10-26 19:20:00,ILPT
28.215,28.215,28.215,28.215,158,2021-10-26 19:21:00,ILPT
28.23,28.23,28.23,28.23,100,2021-10-26 19:22:00,ILPT
28.23,28.23,28.23,28.23,100,2021-10-26 19:23:00,ILPT
28.22,28.24,28.22,28.23,400,2021-10-26 19:26:00,ILPT
28.23,28.23,28.23,28.23,100,2021-10-26 19:28:00,ILPT
28.234,28.234,28.22,28.22,858,2021-10-26 19:31:00,ILPT
28.24,28.24,28.23,28.23,200,2021-10-26 19:33:00,ILPT
28.24,28.24,28.24,28.24,1390,2021-10-26 19:34:00,ILPT
28.23,28.23,28.23,28.23,600,2021-10-26 19:35:00,ILPT
28.16,28.18,28.16,28.17,1275,2021-10-26 19:37:00,ILPT
28.17,28.17,28.16,28.16,200,2021-10-26 19:38:00,ILPT
28.14,28.14,28.14,28.14,100,2021-10-26 19:39:00,ILPT
28.145,28.145,28.145,28.145,100,2021-10-26 19:40:00,ILPT
28.14,28.16,28.14,28.16,300,2021-10-26 19:41:00,ILPT
28.14,28.17,28.14,28.17,600,2021-10-26 19:42:00,ILPT
28.14,28.1419,28.13,28.13,629,2021-10-26 19:45:00,ILPT
28.15,28.15,28.15,28.15,100,2021-10-26 19:46:00,ILPT
28.15,28.15,28.15,28.15,100,2021-10-26 19:47:00,ILPT
28.14,28.1561,28.14,28.15,982,2021-10-26 19:48:00,ILPT
28.16,28.16,28.15,28.15,300,2021-10-26 19:49:00,ILPT
28.13,28.15,28.11,28.13,2263,2021-10-26 19:50:00,ILPT
28.09,28.09,28.09,28.09,200,2021-10-26 19:52:00,ILPT
28.12,28.12,28.09,28.09,400,2021-10-26 19:53:00,ILPT
28.096,28.096,28.07,28.07,1100,2021-10-26 19:54:00,ILPT
28.06,28.06,28.04,28.06,1297,2021-10-26 19:55:00,ILPT
28.06,28.08,28.04,28.06,1726,2021-10-26 19:56:00,ILPT
28.05,28.06,28.05,28.05,300,2021-10-26 19:57:00,ILPT
28.05,28.05,28.03,28.03,1574,2021-10-26 19:58:00,ILPT
28.03,28.05,28.03,28.05,5254,2021-10-26 19:59:00,ILPT
28.04,28.04,28.04,28.04,40892,2021-10-26 20:00:00,ILPT
28.04,28.04,28.04,28.04,14373,2021-10-26 20:01:00,ILPT
28.06,28.08,28.01,28.01,2646,2021-10-27 13:30:00,ILPT
27.91,27.91,27.91,27.91,100,2021-10-27 13:33:00,ILPT
27.93,27.95,27.93,27.94,700,2021-10-27 13:34:00,ILPT
27.92,27.92,27.92,27.92,200,2021-10-27 13:37:00,ILPT
27.938,27.938,27.938,27.938,100,2021-10-27 13:40:00,ILPT
28.02,28.02,27.98,27.98,400,2021-10-27 13:42:00,ILPT
28.01,28.01,28.0,28.0,300,2021-10-27 13:45:00,ILPT
28.0492,28.0492,28.0492,28.0492,2250,2021-10-27 13:46:00,ILPT
27.94,27.94,27.94,27.94,100,2021-10-27 13:48:00,ILPT
27.94,27.94,27.94,27.94,100,2021-10-27 13:49:00,ILPT
27.96,27.96,27.96,27.96,100,2021-10-27 13:53:00,ILPT
27.955,27.98,27.955,27.98,400,2021-10-27 14:00:00,ILPT
27.99,28.02,27.99,28.02,200,2021-10-27 14:03:00,ILPT
28.05,28.05,28.05,28.05,205,2021-10-27 14:05:00,ILPT
28.0677,28.0677,28.0677,28.0677,115,2021-10-27 14:06:00,ILPT
28.01,28.02,27.99,28.02,559,2021-10-27 14:08:00,ILPT
27.9759,27.9759,27.9759,27.9759,100,2021-10-27 14:12:00,ILPT
27.95,27.95,27.95,27.95,100,2021-10-27 14:16:00,ILPT
27.94,27.94,27.94,27.94,100,2021-10-27 14:18:00,ILPT
27.88,27.88,27.85,27.85,500,2021-10-27 14:25:00,ILPT
27.85,27.85,27.85,27.85,100,2021-10-27 14:26:00,ILPT
27.83,27.83,27.83,27.83,200,2021-10-27 14:28:00,ILPT
27.821,27.821,27.821,27.821,100,2021-10-27 14:29:00,ILPT
27.84,27.84,27.84,27.84,100,2021-10-27 14:32:00,ILPT
27.82,27.82,27.82,27.82,100,2021-10-27 14:35:00,ILPT
27.84,27.84,27.84,27.84,300,2021-10-27 14:37:00,ILPT
27.84,27.84,27.84,27.84,100,2021-10-27 14:38:00,ILPT
27.845,27.845,27.845,27.845,100,2021-10-27 14:39:00,ILPT
27.86,27.86,27.86,27.86,142,2021-10-27 14:41:00,ILPT
27.94,27.94,27.94,27.94,346,2021-10-27 14:45:00,ILPT
27.9336,27.9336,27.9336,27.9336,359,2021-10-27 14:50:00,ILPT
27.94,27.94,27.93,27.93,200,2021-10-27 14:51:00,ILPT
28.01,28.01,28.01,28.01,964,2021-10-27 14:56:00,ILPT
28.01,28.03,28.01,28.01,500,2021-10-27 14:57:00,ILPT
28.0355,28.0378,28.0355,28.0378,1437,2021-10-27 15:06:00,ILPT
28.01,28.01,28.01,28.01,300,2021-10-27 15:07:00,ILPT
28.01,28.01,28.01,28.01,200,2021-10-27 15:11:00,ILPT
28.05,28.05,28.05,28.05,100,2021-10-27 15:14:00,ILPT
28.02,28.02,28.02,28.02,200,2021-10-27 15:16:00,ILPT
28.0,28.0,28.0,28.0,100,2021-10-27 15:17:00,ILPT
28.0,28.0,28.0,28.0,100,2021-10-27 15:18:00,ILPT
28.01,28.01,28.01,28.01,658,2021-10-27 15:23:00,ILPT
27.98,27.98,27.98,27.98,100,2021-10-27 15:28:00,ILPT
27.99,27.99,27.99,27.99,100,2021-10-27 15:33:00,ILPT
27.97,27.97,27.97,27.97,204,2021-10-27 15:35:00,ILPT
27.95,27.97,27.95,27.97,1443,2021-10-27 15:38:00,ILPT
27.97,27.97,27.97,27.97,100,2021-10-27 15:50:00,ILPT
27.975,27.975,27.975,27.975,200,2021-10-27 15:55:00,ILPT
27.975,27.975,27.96,27.96,500,2021-10-27 15:56:00,ILPT
27.96,27.96,27.96,27.96,100,2021-10-27 15:57:00,ILPT
27.97,27.99,27.97,27.98,958,2021-10-27 15:58:00,ILPT
27.96,27.96,27.96,27.96,196,2021-10-27 16:01:00,ILPT
27.95,27.968,27.95,27.968,311,2021-10-27 16:03:00,ILPT
27.96,27.96,27.96,27.96,184,2021-10-27 16:04:00,ILPT
27.9,27.93,27.9,27.93,768,2021-10-27 16:12:00,ILPT
27.93,27.93,27.93,27.93,100,2021-10-27 16:16:00,ILPT
27.92,27.92,27.92,27.92,100,2021-10-27 16:20:00,ILPT
27.92,27.92,27.92,27.92,100,2021-10-27 16:22:00,ILPT
27.91,27.914,27.91,27.914,201,2021-10-27 16:27:00,ILPT
27.9,27.9,27.88,27.88,500,2021-10-27 16:28:00,ILPT
27.82,27.82,27.8,27.8,875,2021-10-27 16:31:00,ILPT
27.79,27.79,27.78,27.78,605,2021-10-27 16:37:00,ILPT
27.78,27.8,27.78,27.8,953,2021-10-27 16:38:00,ILPT
27.78,27.78,27.78,27.78,100,2021-10-27 16:39:00,ILPT
27.81,27.81,27.8,27.8,336,2021-10-27 16:40:00,ILPT
27.84,27.84,27.84,27.84,200,2021-10-27 16:44:00,ILPT
27.838,27.838,27.838,27.838,286,2021-10-27 16:47:00,ILPT
27.83,27.84,27.83,27.84,624,2021-10-27 16:51:00,ILPT
27.89,27.89,27.89,27.89,100,2021-10-27 16:56:00,ILPT
27.89,27.89,27.89,27.89,100,2021-10-27 16:57:00,ILPT
27.85,27.85,27.85,27.85,200,2021-10-27 17:01:00,ILPT
27.85,27.85,27.85,27.85,100,2021-10-27 17:02:00,ILPT
27.85,27.85,27.85,27.85,100,2021-10-27 17:05:00,ILPT
27.8553,27.8553,27.8553,27.8553,110,2021-10-27 17:07:00,ILPT
27.85,27.85,27.85,27.85,100,2021-10-27 17:08:00,ILPT
27.88,27.88,27.865,27.865,200,2021-10-27 17:09:00,ILPT
27.88,27.88,27.85,27.85,500,2021-10-27 17:11:00,ILPT
27.865,27.91,27.865,27.91,800,2021-10-27 17:13:00,ILPT
27.8947,27.8947,27.8947,27.8947,200,2021-10-27 17:15:00,ILPT
27.92,27.92,27.92,27.92,100,2021-10-27 17:16:00,ILPT
27.92,27.92,27.92,27.92,100,2021-10-27 17:18:00,ILPT
27.89,27.9,27.89,27.9,1196,2021-10-27 17:19:00,ILPT
27.88,27.88,27.88,27.88,200,2021-10-27 17:22:00,ILPT
27.88,27.88,27.88,27.88,300,2021-10-27 17:24:00,ILPT
27.845,27.845,27.845,27.845,100,2021-10-27 17:25:00,ILPT
27.84,27.84,27.84,27.84,200,2021-10-27 17:26:00,ILPT
27.825,27.87,27.825,27.87,800,2021-10-27 17:28:00,ILPT
27.86,27.86,27.86,27.86,100,2021-10-27 17:30:00,ILPT
27.86,27.86,27.86,27.86,300,2021-10-27 17:32:00,ILPT
27.84,27.84,27.84,27.84,100,2021-10-27 17:34:00,ILPT
27.84,27.84,27.84,27.84,400,2021-10-27 17:35:00,ILPT
27.8,27.8,27.8,27.8,100,2021-10-27 17:36:00,ILPT
27.825,27.825,27.8,27.8,200,2021-10-27 17:37:00,ILPT
27.825,27.825,27.825,27.825,200,2021-10-27 17:38:00,ILPT
27.825,27.825,27.825,27.825,100,2021-10-27 17:39:00,ILPT
27.825,27.825,27.8,27.82,300,2021-10-27 17:40:00,ILPT
27.81,27.83,27.81,27.82,1560,2021-10-27 17:42:00,ILPT
27.82,27.82,27.82,27.82,100,2021-10-27 17:43:00,ILPT
27.825,27.825,27.825,27.825,100,2021-10-27 17:44:00,ILPT
27.8,27.8,27.8,27.8,300,2021-10-27 17:45:00,ILPT
27.79,27.79,27.79,27.79,100,2021-10-27 17:46:00,ILPT
27.77,27.77,27.77,27.77,100,2021-10-27 17:48:00,ILPT
27.77,27.77,27.77,27.77,100,2021-10-27 17:50:00,ILPT
27.77,27.785,27.77,27.785,200,2021-10-27 17:51:00,ILPT
27.8,27.8,27.8,27.8,405,2021-10-27 17:52:00,ILPT
27.79,27.79,27.79,27.79,100,2021-10-27 17:53:00,ILPT
27.8,27.8,27.8,27.8,100,2021-10-27 17:54:00,ILPT
27.8,27.81,27.8,27.81,200,2021-10-27 17:55:00,ILPT
27.8,27.8,27.8,27.8,300,2021-10-27 17:58:00,ILPT
27.78,27.78,27.78,27.78,300,2021-10-27 17:59:00,ILPT
27.775,27.775,27.76,27.76,200,2021-10-27 18:00:00,ILPT
27.77,27.77,27.77,27.77,300,2021-10-27 18:02:00,ILPT
27.775,27.79,27.775,27.79,602,2021-10-27 18:04:00,ILPT
27.79,27.79,27.79,27.79,100,2021-10-27 18:07:00,ILPT
27.79,27.79,27.79,27.79,100,2021-10-27 18:08:00,ILPT
27.81,27.81,27.81,27.81,661,2021-10-27 18:11:00,ILPT
27.84,27.85,27.84,27.85,400,2021-10-27 18:12:00,ILPT
27.86,27.86,27.86,27.86,200,2021-10-27 18:16:00,ILPT
27.835,27.835,27.835,27.835,100,2021-10-27 18:19:00,ILPT
27.86,27.86,27.86,27.86,200,2021-10-27 18:21:00,ILPT
27.86,27.86,27.85,27.85,1000,2021-10-27 18:25:00,ILPT
27.84,27.84,27.84,27.84,100,2021-10-27 18:29:00,ILPT
27.825,27.825,27.825,27.825,100,2021-10-27 18:30:00,ILPT
27.825,27.825,27.825,27.825,100,2021-10-27 18:32:00,ILPT
27.835,27.835,27.835,27.835,200,2021-10-27 18:33:00,ILPT
27.83,27.83,27.83,27.83,100,2021-10-27 18:35:00,ILPT
27.82,27.82,27.82,27.82,100,2021-10-27 18:36:00,ILPT
27.83,27.83,27.83,27.83,100,2021-10-27 18:37:00,ILPT
27.8399,27.8399,27.8399,27.8399,200,2021-10-27 18:38:00,ILPT
27.83,27.83,27.83,27.83,100,2021-10-27 18:39:00,ILPT
27.83,27.83,27.83,27.83,100,2021-10-27 18:40:00,ILPT
27.82,27.82,27.82,27.82,143,2021-10-27 18:41:00,ILPT
27.82,27.83,27.82,27.83,700,2021-10-27 18:43:00,ILPT
27.82,27.82,27.82,27.82,100,2021-10-27 18:45:00,ILPT
27.82,27.82,27.81,27.81,1507,2021-10-27 18:46:00,ILPT
27.805,27.805,27.79,27.79,200,2021-10-27 18:48:00,ILPT
27.805,27.805,27.805,27.805,100,2021-10-27 18:49:00,ILPT
27.805,27.82,27.805,27.81,680,2021-10-27 18:51:00,ILPT
27.8,27.81,27.8,27.81,316,2021-10-27 18:53:00,ILPT
27.81,27.81,27.8,27.8,200,2021-10-27 18:54:00,ILPT
27.82,27.82,27.82,27.82,100,2021-10-27 18:56:00,ILPT
27.82,27.82,27.82,27.82,300,2021-10-27 18:58:00,ILPT
27.83,27.83,27.83,27.83,100,2021-10-27 18:59:00,ILPT
27.8587,27.8587,27.8587,27.8587,900,2021-10-27 19:00:00,ILPT
27.85,27.85,27.835,27.835,820,2021-10-27 19:02:00,ILPT
27.841,27.841,27.835,27.835,217,2021-10-27 19:03:00,ILPT
27.825,27.825,27.82,27.82,200,2021-10-27 19:05:00,ILPT
27.84,27.84,27.84,27.84,100,2021-10-27 19:07:00,ILPT
27.84,27.865,27.84,27.865,600,2021-10-27 19:08:00,ILPT
27.86,27.86,27.86,27.86,100,2021-10-27 19:09:00,ILPT
27.85,27.86,27.85,27.85,500,2021-10-27 19:10:00,ILPT
27.85,27.85,27.85,27.85,100,2021-10-27 19:11:00,ILPT
27.82,27.82,27.82,27.82,100,2021-10-27 19:12:00,ILPT
27.83,27.83,27.83,27.83,600,2021-10-27 19:14:00,ILPT
27.83,27.83,27.83,27.83,100,2021-10-27 19:15:00,ILPT
27.82,27.82,27.82,27.82,100,2021-10-27 19:16:00,ILPT
27.81,27.81,27.81,27.81,200,2021-10-27 19:17:00,ILPT
27.8,27.81,27.8,27.81,400,2021-10-27 19:19:00,ILPT
27.8,27.81,27.8,27.81,500,2021-10-27 19:23:00,ILPT
27.84,27.85,27.84,27.85,200,2021-10-27 19:25:00,ILPT
27.8444,27.8792,27.84,27.869,2190,2021-10-27 19:26:00,ILPT
27.89,27.9196,27.88,27.9,1550,2021-10-27 19:27:00,ILPT
27.91,27.91,27.88,27.9,300,2021-10-27 19:28:00,ILPT
27.88,27.9,27.88,27.9,201,2021-10-27 19:29:00,ILPT
27.9,27.91,27.9,27.91,594,2021-10-27 19:30:00,ILPT
27.88,27.89,27.88,27.89,200,2021-10-27 19:31:00,ILPT
27.885,27.89,27.87,27.89,300,2021-10-27 19:32:00,ILPT
27.86,27.865,27.86,27.865,318,2021-10-27 19:33:00,ILPT
27.85,27.86,27.85,27.86,300,2021-10-27 19:34:00,ILPT
27.87,27.87,27.87,27.87,600,2021-10-27 19:35:00,ILPT
27.87,27.87,27.87,27.87,400,2021-10-27 19:36:00,ILPT
27.88,27.88,27.88,27.88,200,2021-10-27 19:37:00,ILPT
27.87,27.87,27.87,27.87,1069,2021-10-27 19:39:00,ILPT
27.88,27.91,27.88,27.91,500,2021-10-27 19:40:00,ILPT
27.92,27.92,27.92,27.92,100,2021-10-27 19:41:00,ILPT
27.92,27.92,27.9,27.92,303,2021-10-27 19:43:00,ILPT
27.92,27.92,27.92,27.92,300,2021-10-27 19:44:00,ILPT
27.91,27.91,27.91,27.91,100,2021-10-27 19:45:00,ILPT
27.93,27.93,27.92,27.92,351,2021-10-27 19:46:00,ILPT
27.93,27.93,27.91,27.91,300,2021-10-27 19:48:00,ILPT
27.9,27.9,27.85,27.85,200,2021-10-27 19:49:00,ILPT
27.85,27.9,27.835,27.835,800,2021-10-27 19:50:00,ILPT
27.82,27.83,27.8,27.83,2135,2021-10-27 19:51:00,ILPT
27.8256,27.84,27.8256,27.84,465,2021-10-27 19:52:00,ILPT
27.82,27.82,27.82,27.82,200,2021-10-27 19:53:00,ILPT
27.82,27.83,27.78,27.81,3226,2021-10-27 19:54:00,ILPT
27.78,27.83,27.78,27.83,2842,2021-10-27 19:55:00,ILPT
27.83,27.83,27.81,27.83,1400,2021-10-27 19:56:00,ILPT
27.83,27.83,27.82,27.82,2326,2021-10-27 19:57:00,ILPT
27.8,27.8,27.78,27.795,4953,2021-10-27 19:58:00,ILPT
27.81,27.82,27.79,27.8,8033,2021-10-27 19:59:00,ILPT
27.78,27.78,27.78,27.78,48310,2021-10-27 20:00:00,ILPT
27.78,27.78,27.78,27.78,408,2021-10-27 20:01:00,ILPT
27.52,27.829,27.5,27.51,7437,2021-10-28 13:30:00,ILPT
27.735,27.8,27.735,27.8,400,2021-10-28 13:31:00,ILPT
27.88,27.88,27.64,27.75,500,2021-10-28 13:32:00,ILPT
27.8039,27.84,27.8039,27.84,200,2021-10-28 13:33:00,ILPT
27.84,27.85,27.79,27.79,303,2021-10-28 13:34:00,ILPT
27.8004,27.8004,27.8004,27.8004,180,2021-10-28 13:35:00,ILPT
27.74,27.77,27.74,27.75,300,2021-10-28 13:36:00,ILPT
27.75,27.75,27.69,27.69,500,2021-10-28 13:38:00,ILPT
27.67,27.67,27.67,27.67,100,2021-10-28 13:41:00,ILPT
27.7241,27.7241,27.7241,27.7241,200,2021-10-28 13:42:00,ILPT
27.73,27.74,27.73,27.73,904,2021-10-28 13:45:00,ILPT
27.76,27.85,27.76,27.85,200,2021-10-28 13:50:00,ILPT
27.88,27.88,27.81,27.825,1116,2021-10-28 13:51:00,ILPT
27.84,27.85,27.84,27.85,322,2021-10-28 13:55:00,ILPT
27.89,27.96,27.89,27.96,500,2021-10-28 13:58:00,ILPT
27.96,27.96,27.96,27.96,300,2021-10-28 13:59:00,ILPT
27.91,27.95,27.91,27.95,400,2021-10-28 14:00:00,ILPT
27.925,27.925,27.925,27.925,100,2021-10-28 14:01:00,ILPT
27.97,27.97,27.96,27.97,3069,2021-10-28 14:02:00,ILPT
27.99,27.99,27.97,27.97,871,2021-10-28 14:05:00,ILPT
27.915,27.915,27.915,27.915,100,2021-10-28 14:08:00,ILPT
27.915,27.915,27.85,27.85,242,2021-10-28 14:09:00,ILPT
27.92,27.92,27.92,27.92,142,2021-10-28 14:10:00,ILPT
27.91,27.92,27.85,27.92,300,2021-10-28 14:14:00,ILPT
27.91,27.91,27.91,27.91,100,2021-10-28 14:17:00,ILPT
27.86,27.86,27.86,27.86,300,2021-10-28 14:18:00,ILPT
27.87,27.87,27.86,27.87,300,2021-10-28 14:19:00,ILPT
27.84,27.84,27.84,27.84,180,2021-10-28 14:20:00,ILPT
27.85,27.85,27.83,27.83,300,2021-10-28 14:22:00,ILPT
27.78,27.79,27.78,27.79,300,2021-10-28 14:25:00,ILPT
27.81,27.82,27.75,27.75,500,2021-10-28 14:29:00,ILPT
27.78,27.83,27.78,27.83,400,2021-10-28 14:34:00,ILPT
27.77,27.77,27.77,27.77,100,2021-10-28 14:36:00,ILPT
27.805,27.805,27.805,27.805,455,2021-10-28 14:37:00,ILPT
27.805,27.805,27.77,27.77,900,2021-10-28 14:38:00,ILPT
27.82,27.84,27.75,27.84,1700,2021-10-28 14:39:00,ILPT
27.85,27.86,27.85,27.86,500,2021-10-28 14:41:00,ILPT
27.8,27.8,27.8,27.8,180,2021-10-28 14:42:00,ILPT
27.89,27.89,27.89,27.89,100,2021-10-28 14:44:00,ILPT
27.9,27.9,27.9,27.9,100,2021-10-28 14:45:00,ILPT
27.85,27.85,27.85,27.85,100,2021-10-28 14:47:00,ILPT
27.91,27.91,27.91,27.91,100,2021-10-28 14:48:00,ILPT
27.87,27.87,27.87,27.87,200,2021-10-28 14:49:00,ILPT
27.91,27.91,27.91,27.91,100,2021-10-28 14:50:00,ILPT
27.91,27.91,27.91,27.91,100,2021-10-28 14:54:00,ILPT
28.01,28.01,28.01,28.01,200,2021-10-28 14:55:00,ILPT
27.9,27.98,27.9,27.98,405,2021-10-28 14:57:00,ILPT
27.95,27.95,27.95,27.95,196,2021-10-28 14:58:00,ILPT
27.94,27.94,27.94,27.94,100,2021-10-28 14:59:00,ILPT
27.969,27.97,27.94,27.97,780,2021-10-28 15:03:00,ILPT
27.97,27.97,27.97,27.97,100,2021-10-28 15:04:00,ILPT
27.93,27.94,27.92,27.94,700,2021-10-28 15:06:00,ILPT
27.96,27.96,27.955,27.955,400,2021-10-28 15:14:00,ILPT
27.96,27.96,27.96,27.96,600,2021-10-28 15:15:00,ILPT
27.9,27.9,27.9,27.9,200,2021-10-28 15:20:00,ILPT
27.935,27.935,27.935,27.935,201,2021-10-28 15:23:00,ILPT
27.92,27.92,27.9,27.9,803,2021-10-28 15:24:00,ILPT
27.83,27.88,27.82,27.8599,1800,2021-10-28 15:28:00,ILPT
27.85,27.88,27.83,27.88,900,2021-10-28 15:29:00,ILPT
27.9,27.92,27.9,27.92,600,2021-10-28 15:30:00,ILPT
27.92,27.92,27.92,27.92,100,2021-10-28 15:32:00,ILPT
27.94,27.96,27.94,27.96,200,2021-10-28 15:33:00,ILPT
27.9706,27.9706,27.9706,27.9706,100,2021-10-28 15:36:00,ILPT
28.005,28.005,27.97,27.97,400,2021-10-28 15:38:00,ILPT
27.97,28.005,27.88,27.88,1359,2021-10-28 15:39:00,ILPT
27.9,27.91,27.88,27.89,500,2021-10-28 15:40:00,ILPT
27.85,27.85,27.85,27.85,100,2021-10-28 15:44:00,ILPT
27.85,27.85,27.85,27.85,100,2021-10-28 15:47:00,ILPT
27.84,27.86,27.825,27.825,600,2021-10-28 15:50:00,ILPT
27.825,27.825,27.825,27.825,100,2021-10-28 15:52:00,ILPT
27.82,27.82,27.805,27.805,200,2021-10-28 15:55:00,ILPT
27.805,27.86,27.805,27.81,1000,2021-10-28 15:57:00,ILPT
27.77,27.78,27.77,27.78,200,2021-10-28 15:58:00,ILPT
27.795,27.795,27.795,27.795,327,2021-10-28 15:59:00,ILPT
27.79,27.79,27.79,27.79,214,2021-10-28 16:00:00,ILPT
27.81,27.81,27.81,27.81,100,2021-10-28 16:01:00,ILPT
27.79,27.79,27.79,27.79,125,2021-10-28 16:02:00,ILPT
27.81,27.81,27.805,27.805,400,2021-10-28 16:04:00,ILPT
27.82,27.82,27.82,27.82,400,2021-10-28 16:05:00,ILPT
27.86,27.86,27.86,27.86,100,2021-10-28 16:07:00,ILPT
27.86,27.86,27.83,27.83,300,2021-10-28 16:11:00,ILPT
27.86,27.86,27.86,27.86,100,2021-10-28 16:14:00,ILPT
27.87,27.89,27.87,27.88,600,2021-10-28 16:18:00,ILPT
27.86,27.88,27.85,27.88,900,2021-10-28 16:19:00,ILPT
27.88,27.88,27.88,27.88,200,2021-10-28 16:21:00,ILPT
27.92,27.92,27.92,27.92,300,2021-10-28 16:24:00,ILPT
27.9217,27.9217,27.9,27.9,2000,2021-10-28 16:28:00,ILPT
27.91,27.91,27.91,27.91,100,2021-10-28 16:31:00,ILPT
27.87,27.88,27.87,27.88,300,2021-10-28 16:34:00,ILPT
27.87,27.88,27.86,27.88,300,2021-10-28 16:37:00,ILPT
27.87,27.87,27.87,27.87,100,2021-10-28 16:41:00,ILPT
27.86,27.86,27.86,27.86,100,2021-10-28 16:43:00,ILPT
27.9,27.9,27.87,27.87,400,2021-10-28 16:50:00,ILPT
27.87,27.87,27.86,27.86,500,2021-10-28 16:51:00,ILPT
27.86,27.86,27.86,27.86,100,2021-10-28 16:53:00,ILPT
27.84,27.84,27.84,27.84,100,2021-10-28 16:57:00,ILPT
27.85,27.85,27.84,27.84,300,2021-10-28 17:00:00,ILPT
27.84,27.84,27.84,27.84,100,2021-10-28 17:01:00,ILPT
27.86,27.92,27.85,27.85,3662,2021-10-28 17:04:00,ILPT
27.89,27.92,27.89,27.92,200,2021-10-28 17:06:00,ILPT
27.88,27.88,27.88,27.88,200,2021-10-28 17:09:00,ILPT
27.92,27.92,27.9,27.9,200,2021-10-28 17:10:00,ILPT
27.92,27.94,27.92,27.94,500,2021-10-28 17:11:00,ILPT
27.93,27.93,27.93,27.93,100,2021-10-28 17:12:00,ILPT
27.93,27.93,27.93,27.93,300,2021-10-28 17:13:00,ILPT
27.97,27.99,27.95,27.95,300,2021-10-28 17:19:00,ILPT
27.97,27.97,27.97,27.97,200,2021-10-28 17:20:00,ILPT
27.95,27.95,27.95,27.95,300,2021-10-28 17:23:00,ILPT
27.94,27.94,27.94,27.94,100,2021-10-28 17:24:00,ILPT
27.94,27.948,27.94,27.94,766,2021-10-28 17:25:00,ILPT
27.96,27.96,27.945,27.945,513,2021-10-28 17:28:00,ILPT
27.96,27.96,27.94,27.94,1000,2021-10-28 17:32:00,ILPT
27.91,27.91,27.91,27.91,180,2021-10-28 17:37:00,ILPT
27.95,27.95,27.95,27.95,100,2021-10-28 17:40:00,ILPT
27.95,27.95,27.95,27.95,200,2021-10-28 17:41:00,ILPT
27.955,27.955,27.955,27.955,200,2021-10-28 17:43:00,ILPT
27.94,27.96,27.93,27.93,600,2021-10-28 17:48:00,ILPT
27.96,27.96,27.96,27.96,100,2021-10-28 17:54:00,ILPT
27.97,27.97,27.97,27.97,300,2021-10-28 17:56:00,ILPT
27.97,27.97,27.97,27.97,100,2021-10-28 17:57:00,ILPT
27.93,27.93,27.915,27.915,4353,2021-10-28 18:09:00,ILPT
27.91,27.91,27.905,27.905,200,2021-10-28 18:13:00,ILPT
27.905,27.905,27.905,27.905,100,2021-10-28 18:14:00,ILPT
27.89,27.9,27.89,27.9,500,2021-10-28 18:15:00,ILPT
27.91,27.92,27.91,27.92,600,2021-10-28 18:16:00,ILPT
27.94,27.95,27.94,27.95,300,2021-10-28 18:18:00,ILPT
27.97,27.97,27.96,27.96,1129,2021-10-28 18:22:00,ILPT
27.94,27.94,27.94,27.94,400,2021-10-28 18:25:00,ILPT
27.95,27.95,27.95,27.95,100,2021-10-28 18:28:00,ILPT
27.94,27.94,27.94,27.94,100,2021-10-28 18:29:00,ILPT
27.94,27.94,27.94,27.94,300,2021-10-28 18:30:00,ILPT
27.94,27.95,27.94,27.95,400,2021-10-28 18:31:00,ILPT
27.96,27.97,27.95,27.95,300,2021-10-28 18:35:00,ILPT
27.975,27.975,27.975,27.975,100,2021-10-28 18:41:00,ILPT
27.98,27.98,27.98,27.98,100,2021-10-28 18:43:00,ILPT
27.99,28.0,27.99,28.0,200,2021-10-28 18:44:00,ILPT
28.0,28.01,28.0,28.01,500,2021-10-28 18:48:00,ILPT
28.005,28.005,28.005,28.005,100,2021-10-28 18:51:00,ILPT
27.995,27.995,27.995,27.995,100,2021-10-28 18:57:00,ILPT
27.9835,27.9835,27.9835,27.9835,1000,2021-10-28 18:58:00,ILPT
28.01,28.02,28.01,28.02,1312,2021-10-28 19:01:00,ILPT
28.0,28.0,28.0,28.0,1254,2021-10-28 19:04:00,ILPT
28.0,28.0,28.0,28.0,200,2021-10-28 19:06:00,ILPT
28.0,28.0,28.0,28.0,300,2021-10-28 19:07:00,ILPT
27.99,28.0,27.99,28.0,1200,2021-10-28 19:10:00,ILPT
28.005,28.005,28.005,28.005,200,2021-10-28 19:13:00,ILPT
28.02,28.02,28.01,28.01,300,2021-10-28 19:14:00,ILPT
28.02,28.02,28.02,28.02,100,2021-10-28 19:16:00,ILPT
28.03,28.03,28.03,28.03,200,2021-10-28 19:17:00,ILPT
28.04,28.04,28.04,28.04,200,2021-10-28 19:18:00,ILPT
28.05,28.05,28.05,28.05,200,2021-10-28 19:19:00,ILPT
28.06,28.07,28.04,28.04,800,2021-10-28 19:22:00,ILPT
28.03,28.03,28.03,28.03,100,2021-10-28 19:23:00,ILPT
28.05,28.05,28.05,28.05,700,2021-10-28 19:24:00,ILPT
28.035,28.035,28.035,28.035,100,2021-10-28 19:25:00,ILPT
28.02,28.03,28.02,28.03,500,2021-10-28 19:27:00,ILPT
28.015,28.015,28.015,28.015,100,2021-10-28 19:29:00,ILPT
28.0,28.005,28.0,28.005,1003,2021-10-28 19:30:00,ILPT
28.01,28.01,28.01,28.01,100,2021-10-28 19:33:00,ILPT
28.01,28.01,28.01,28.01,400,2021-10-28 19:34:00,ILPT
28.02,28.02,28.02,28.02,1205,2021-10-28 19:35:00,ILPT
28.04,28.05,28.04,28.05,418,2021-10-28 19:36:00,ILPT
28.06,28.07,28.04,28.07,1100,2021-10-28 19:37:00,ILPT
28.06,28.08,28.06,28.08,508,2021-10-28 19:38:00,ILPT
28.09,28.09,28.09,28.09,100,2021-10-28 19:39:00,ILPT
28.09,28.1,28.09,28.1,200,2021-10-28 19:40:00,ILPT
28.11,28.11,28.11,28.11,100,2021-10-28 19:41:00,ILPT
28.16,28.16,28.15,28.15,200,2021-10-28 19:42:00,ILPT
28.16,28.16,28.15,28.15,200,2021-10-28 19:44:00,ILPT
28.14,28.15,28.12,28.14,2100,2021-10-28 19:45:00,ILPT
28.15,28.15,28.14,28.14,451,2021-10-28 19:46:00,ILPT
28.16,28.19,28.155,28.187,600,2021-10-28 19:47:00,ILPT
28.2,28.2,28.2,28.2,200,2021-10-28 19:48:00,ILPT
28.21,28.23,28.21,28.21,500,2021-10-28 19:49:00,ILPT
28.27,28.28,28.27,28.28,700,2021-10-28 19:50:00,ILPT
28.28,28.28,28.28,28.28,700,2021-10-28 19:51:00,ILPT
28.28,28.28,28.27,28.28,2274,2021-10-28 19:52:00,ILPT
28.28,28.32,28.27,28.32,2300,2021-10-28 19:53:00,ILPT
28.3,28.38,28.3,28.34,1000,2021-10-28 19:54:00,ILPT
28.37,28.37,28.345,28.36,1606,2021-10-28 19:55:00,ILPT
28.34,28.35,28.32,28.32,2200,2021-10-28 19:56:00,ILPT
28.33,28.34,28.29,28.3,2188,2021-10-28 19:57:00,ILPT
28.3,28.3,28.27,28.3,1431,2021-10-28 19:58:00,ILPT
28.3,28.34,28.29,28.34,3888,2021-10-28 19:59:00,ILPT
28.34,28.34,28.34,28.34,48395,2021-10-28 20:00:00,ILPT
28.34,28.34,28.34,28.34,568,2021-10-28 20:01:00,ILPT
28.23,28.23,27.87,28.09,3584,2021-10-29 13:30:00,ILPT
28.185,28.185,27.99,28.07,2774,2021-10-29 13:31:00,ILPT
28.05,28.05,28.0,28.0,580,2021-10-29 13:32:00,ILPT
28.07,28.12,28.07,28.0787,729,2021-10-29 13:41:00,ILPT
28.07,28.07,28.07,28.07,200,2021-10-29 13:42:00,ILPT
28.07,28.14,28.07,28.14,400,2021-10-29 13:43:00,ILPT
28.095,28.095,28.095,28.095,106,2021-10-29 13:44:00,ILPT
28.175,28.175,28.175,28.175,100,2021-10-29 13:46:00,ILPT
28.21,28.21,28.21,28.21,100,2021-10-29 13:48:00,ILPT
28.21,28.23,28.21,28.23,200,2021-10-29 13:49:00,ILPT
28.2,28.225,28.2,28.225,300,2021-10-29 13:51:00,ILPT
28.225,28.225,28.225,28.225,100,2021-10-29 13:52:00,ILPT
28.25,28.25,28.19,28.19,1000,2021-10-29 13:55:00,ILPT
28.191,28.191,28.17,28.18,598,2021-10-29 13:58:00,ILPT
28.2199,28.2199,28.2199,28.2199,130,2021-10-29 13:59:00,ILPT
28.2082,28.2082,28.2082,28.2082,175,2021-10-29 14:00:00,ILPT
28.21,28.25,28.21,28.25,600,2021-10-29 14:01:00,ILPT
28.21,28.22,28.21,28.22,200,2021-10-29 14:03:00,ILPT
28.244,28.244,28.2109,28.2109,794,2021-10-29 14:04:00,ILPT
28.25,28.25,28.25,28.25,100,2021-10-29 14:05:00,ILPT
28.22,28.22,28.22,28.22,104,2021-10-29 14:06:00,ILPT
28.25,28.275,28.25,28.275,1331,2021-10-29 14:08:00,ILPT
28.25,28.27,28.25,28.27,206,2021-10-29 14:09:00,ILPT
28.25,28.25,28.25,28.25,200,2021-10-29 14:10:00,ILPT
28.2559,28.2559,28.2559,28.2559,120,2021-10-29 14:13:00,ILPT
28.22,28.22,28.22,28.22,377,2021-10-29 14:14:00,ILPT
28.17,28.18,28.17,28.18,400,2021-10-29 14:17:00,ILPT
28.145,28.19,28.145,28.19,704,2021-10-29 14:20:00,ILPT
28.19,28.19,28.19,28.19,509,2021-10-29 14:22:00,ILPT
28.17,28.21,28.17,28.2097,2100,2021-10-29 14:24:00,ILPT
28.19,28.19,28.19,28.19,100,2021-10-29 14:25:00,ILPT
28.19,28.19,28.19,28.19,800,2021-10-29 14:26:00,ILPT
28.16,28.16,28.16,28.16,210,2021-10-29 14:30:00,ILPT
28.14,28.14,28.14,28.14,101,2021-10-29 14:39:00,ILPT
28.1,28.1,28.1,28.1,100,2021-10-29 14:47:00,ILPT
28.03,28.055,28.03,28.055,300,2021-10-29 14:48:00,ILPT
28.08,28.1,28.08,28.09,500,2021-10-29 14:49:00,ILPT
28.12,28.13,28.12,28.13,606,2021-10-29 14:50:00,ILPT
28.11,28.11,28.11,28.11,100,2021-10-29 14:55:00,ILPT
28.13,28.13,28.13,28.13,100,2021-10-29 14:56:00,ILPT
28.135,28.135,28.135,28.135,180,2021-10-29 14:57:00,ILPT
28.14,28.14,28.1,28.1,987,2021-10-29 15:01:00,ILPT
28.11,28.11,28.11,28.11,100,2021-10-29 15:04:00,ILPT
28.06,28.06,28.06,28.06,215,2021-10-29 15:06:00,ILPT
28.11,28.11,28.11,28.11,300,2021-10-29 15:07:00,ILPT
28.12,28.12,28.12,28.12,222,2021-10-29 15:09:00,ILPT
28.12,28.12,28.11,28.11,303,2021-10-29 15:16:00,ILPT
28.103,28.12,28.103,28.12,200,2021-10-29 15:18:00,ILPT
28.11,28.11,28.1,28.1,200,2021-10-29 15:22:00,ILPT
28.08,28.08,28.08,28.08,100,2021-10-29 15:24:00,ILPT
28.085,28.085,28.085,28.085,100,2021-10-29 15:25:00,ILPT
28.11,28.11,28.1,28.1,882,2021-10-29 15:26:00,ILPT
28.07,28.07,28.07,28.07,100,2021-10-29 15:29:00,ILPT
28.1,28.11,28.1,28.11,500,2021-10-29 15:31:00,ILPT
28.06,28.06,28.06,28.06,100,2021-10-29 15:35:00,ILPT
28.06,28.06,28.06,28.06,164,2021-10-29 15:41:00,ILPT
28.07,28.07,28.07,28.07,100,2021-10-29 15:43:00,ILPT
28.11,28.11,28.1,28.1,400,2021-10-29 15:46:00,ILPT
28.1,28.1,28.08,28.1,6889,2021-10-29 15:48:00,ILPT
28.09,28.09,28.09,28.09,200,2021-10-29 15:49:00,ILPT
28.085,28.085,28.085,28.085,100,2021-10-29 15:50:00,ILPT
28.0997,28.0997,28.0997,28.0997,400,2021-10-29 15:51:00,ILPT
28.0751,28.0751,28.0751,28.0751,100,2021-10-29 15:56:00,ILPT
28.07,28.07,28.07,28.07,188,2021-10-29 15:59:00,ILPT
28.1,28.13,28.1,28.13,800,2021-10-29 16:02:00,ILPT
28.15,28.15,28.15,28.15,100,2021-10-29 16:07:00,ILPT
28.15,28.19,28.15,28.15,1480,2021-10-29 16:10:00,ILPT
28.16,28.16,28.16,28.16,100,2021-10-29 16:11:00,ILPT
28.14,28.165,28.14,28.165,2100,2021-10-29 16:12:00,ILPT
28.13,28.13,28.12,28.12,201,2021-10-29 16:16:00,ILPT
28.11,28.11,28.1,28.1,500,2021-10-29 16:17:00,ILPT
28.12,28.12,28.12,28.12,100,2021-10-29 16:19:00,ILPT
28.12,28.12,28.115,28.12,601,2021-10-29 16:21:00,ILPT
28.12,28.12,28.12,28.12,195,2021-10-29 16:22:00,ILPT
28.12,28.12,28.1,28.1,300,2021-10-29 16:24:00,ILPT
28.12,28.13,28.09,28.105,7364,2021-10-29 16:25:00,ILPT
28.11,28.11,28.09,28.09,378,2021-10-29 16:30:00,ILPT
28.08,28.08,28.08,28.08,100,2021-10-29 16:32:00,ILPT
28.075,28.075,28.075,28.075,100,2021-10-29 16:33:00,ILPT
28.07,28.07,28.05,28.05,501,2021-10-29 16:34:00,ILPT
28.06,28.07,28.051,28.06,846,2021-10-29 16:35:00,ILPT
28.0678,28.07,28.06,28.07,1000,2021-10-29 16:36:00,ILPT
28.055,28.067,28.055,28.067,492,2021-10-29 16:37:00,ILPT
28.055,28.055,28.055,28.055,100,2021-10-29 16:38:00,ILPT
28.07,28.07,28.07,28.07,142,2021-10-29 16:39:00,ILPT
28.08,28.1,28.08,28.1,1100,2021-10-29 16:40:00,ILPT
28.12,28.12,28.12,28.12,100,2021-10-29 16:42:00,ILPT
28.11,28.11,28.11,28.11,100,2021-10-29 16:44:00,ILPT
28.11,28.1287,28.105,28.105,366,2021-10-29 16:48:00,ILPT
28.11,28.11,28.11,28.11,100,2021-10-29 16:49:00,ILPT
28.11,28.11,28.11,28.11,200,2021-10-29 16:50:00,ILPT
28.115,28.115,28.115,28.115,100,2021-10-29 16:51:00,ILPT
28.115,28.115,28.115,28.115,300,2021-10-29 16:52:00,ILPT
28.115,28.115,28.115,28.115,300,2021-10-29 16:53:00,ILPT
28.1,28.115,28.1,28.115,950,2021-10-29 16:54:00,ILPT
28.12,28.13,28.12,28.12,810,2021-10-29 16:55:00,ILPT
28.13,28.13,28.13,28.13,100,2021-10-29 16:57:00,ILPT
28.12,28.12,28.12,28.12,300,2021-10-29 16:58:00,ILPT
28.12,28.12,28.12,28.12,100,2021-10-29 16:59:00,ILPT
28.1001,28.1001,28.1001,28.1001,506,2021-10-29 17:00:00,ILPT
28.12,28.12,28.12,28.12,100,2021-10-29 17:01:00,ILPT
28.12,28.12,28.12,28.12,100,2021-10-29 17:03:00,ILPT
28.12,28.12,28.12,28.12,100,2021-10-29 17:05:00,ILPT
28.12,28.12,28.12,28.12,100,2021-10-29 17:07:00,ILPT
28.12,28.12,28.12,28.12,100,2021-10-29 17:08:00,ILPT
28.12,28.12,28.12,28.12,100,2021-10-29 17:09:00,ILPT
28.12,28.12,28.12,28.12,100,2021-10-29 17:12:00,ILPT
28.14,28.14,28.125,28.125,200,2021-10-29 17:13:00,ILPT
28.11,28.12,28.1,28.12,1378,2021-10-29 17:14:00,ILPT
28.115,28.115,28.1,28.115,600,2021-10-29 17:15:00,ILPT
28.115,28.115,28.115,28.115,100,2021-10-29 17:16:00,ILPT
28.115,28.115,28.115,28.115,100,2021-10-29 17:17:00,ILPT
28.115,28.115,28.115,28.115,100,2021-10-29 17:18:00,ILPT
28.13,28.13,28.13,28.13,100,2021-10-29 17:19:00,ILPT
28.12,28.13,28.12,28.13,200,2021-10-29 17:20:00,ILPT
28.12,28.13,28.12,28.13,200,2021-10-29 17:23:00,ILPT
28.12,28.125,28.12,28.125,200,2021-10-29 17:24:00,ILPT
28.125,28.125,28.12,28.12,202,2021-10-29 17:25:00,ILPT
28.13,28.13,28.13,28.13,100,2021-10-29 17:26:00,ILPT
28.125,28.13,28.125,28.13,200,2021-10-29 17:27:00,ILPT
28.13,28.135,28.13,28.13,2356,2021-10-29 17:28:00,ILPT
28.13,28.13,28.13,28.13,100,2021-10-29 17:29:00,ILPT
28.13,28.145,28.13,28.145,500,2021-10-29 17:30:00,ILPT
28.16,28.16,28.16,28.16,100,2021-10-29 17:31:00,ILPT
28.165,28.165,28.165,28.165,100,2021-10-29 17:32:00,ILPT
28.165,28.165,28.165,28.165,200,2021-10-29 17:33:00,ILPT
28.165,28.165,28.165,28.165,100,2021-10-29 17:34:00,ILPT
28.165,28.165,28.165,28.165,100,2021-10-29 17:35:00,ILPT
28.16,28.17,28.16,28.17,500,2021-10-29 17:38:00,ILPT
28.165,28.165,28.165,28.165,100,2021-10-29 17:39:00,ILPT
28.165,28.165,28.165,28.165,200,2021-10-29 17:40:00,ILPT
28.165,28.165,28.16,28.16,300,2021-10-29 17:41:00,ILPT
28.1698,28.1698,28.1698,28.1698,100,2021-10-29 17:42:00,ILPT
28.16,28.17,28.16,28.17,200,2021-10-29 17:43:00,ILPT
28.17,28.17,28.17,28.17,520,2021-10-29 17:44:00,ILPT
28.16,28.16,28.16,28.16,301,2021-10-29 17:46:00,ILPT
28.16,28.16,28.16,28.16,100,2021-10-29 17:48:00,ILPT
28.16,28.16,28.16,28.16,100,2021-10-29 17:49:00,ILPT
28.15,28.15,28.14,28.14,300,2021-10-29 17:50:00,ILPT
28.115,28.115,28.115,28.115,100,2021-10-29 17:51:00,ILPT
28.13,28.13,28.13,28.13,100,2021-10-29 17:53:00,ILPT
28.135,28.135,28.135,28.135,313,2021-10-29 17:54:00,ILPT
28.14,28.14,28.14,28.14,208,2021-10-29 17:56:00,ILPT
28.1417,28.1417,28.12,28.135,699,2021-10-29 17:57:00,ILPT
28.135,28.135,28.135,28.135,100,2021-10-29 17:58:00,ILPT
28.135,28.135,28.135,28.135,100,2021-10-29 18:02:00,ILPT
28.135,28.135,28.135,28.135,100,2021-10-29 18:03:00,ILPT
28.135,28.135,28.135,28.135,100,2021-10-29 18:04:00,ILPT
28.14,28.14,28.12,28.12,200,2021-10-29 18:05:00,ILPT
28.12,28.125,28.12,28.125,203,2021-10-29 18:07:00,ILPT
28.13,28.13,28.13,28.13,103,2021-10-29 18:10:00,ILPT
28.11,28.11,28.11,28.11,100,2021-10-29 18:11:00,ILPT
28.115,28.115,28.115,28.115,515,2021-10-29 18:12:00,ILPT
28.1,28.1,28.1,28.1,100,2021-10-29 18:13:00,ILPT
28.11,28.11,28.11,28.11,100,2021-10-29 18:15:00,ILPT
28.1,28.1,28.1,28.1,100,2021-10-29 18:16:00,ILPT
28.12,28.155,28.12,28.155,1700,2021-10-29 18:20:00,ILPT
28.16,28.16,28.16,28.16,1288,2021-10-29 18:21:00,ILPT
28.16,28.16,28.16,28.16,100,2021-10-29 18:23:00,ILPT
28.145,28.16,28.145,28.16,200,2021-10-29 18:24:00,ILPT
28.17,28.17,28.17,28.17,100,2021-10-29 18:25:00,ILPT
28.155,28.155,28.155,28.155,150,2021-10-29 18:26:00,ILPT
28.17,28.17,28.17,28.17,100,2021-10-29 18:27:00,ILPT
28.155,28.155,28.155,28.155,350,2021-10-29 18:28:00,ILPT
28.155,28.155,28.14,28.14,1312,2021-10-29 18:29:00,ILPT
28.12,28.12,28.12,28.12,100,2021-10-29 18:30:00,ILPT
28.14,28.14,28.14,28.14,100,2021-10-29 18:31:00,ILPT
28.14,28.14,28.14,28.14,100,2021-10-29 18:33:00,ILPT
28.15,28.15,28.15,28.15,100,2021-10-29 18:35:00,ILPT
28.14,28.14,28.14,28.14,200,2021-10-29 18:39:00,ILPT
28.16,28.16,28.16,28.16,200,2021-10-29 18:40:00,ILPT
28.16,28.16,28.14,28.14,900,2021-10-29 18:41:00,ILPT
28.15,28.155,28.15,28.155,200,2021-10-29 18:42:00,ILPT
28.17,28.17,28.17,28.17,100,2021-10-29 18:43:00,ILPT
28.17,28.17,28.165,28.165,300,2021-10-29 18:44:00,ILPT
28.18,28.18,28.175,28.18,500,2021-10-29 18:45:00,ILPT
28.18,28.18,28.18,28.18,100,2021-10-29 18:46:00,ILPT
28.16,28.16,28.16,28.16,300,2021-10-29 18:47:00,ILPT
28.16,28.16,28.16,28.16,100,2021-10-29 18:48:00,ILPT
28.15,28.15,28.15,28.15,700,2021-10-29 18:50:00,ILPT
28.17,28.17,28.15,28.15,300,2021-10-29 18:51:00,ILPT
28.155,28.17,28.155,28.17,500,2021-10-29 18:54:00,ILPT
28.155,28.17,28.14,28.15,500,2021-10-29 18:57:00,ILPT
28.15,28.17,28.15,28.17,300,2021-10-29 19:00:00,ILPT
28.155,28.16,28.14,28.16,1000,2021-10-29 19:03:00,ILPT
28.13,28.13,28.13,28.13,124,2021-10-29 19:04:00,ILPT
28.13,28.135,28.13,28.135,208,2021-10-29 19:05:00,ILPT
28.145,28.16,28.145,28.15,1333,2021-10-29 19:06:00,ILPT
28.15,28.16,28.15,28.16,200,2021-10-29 19:07:00,ILPT
28.17,28.19,28.17,28.19,400,2021-10-29 19:08:00,ILPT
28.19,28.19,28.15,28.155,820,2021-10-29 19:09:00,ILPT
28.17,28.17,28.155,28.155,203,2021-10-29 19:10:00,ILPT
28.17,28.17,28.17,28.17,100,2021-10-29 19:11:00,ILPT
28.17,28.17,28.15,28.15,200,2021-10-29 19:12:00,ILPT
28.155,28.155,28.155,28.155,106,2021-10-29 19:13:00,ILPT
28.155,28.155,28.1,28.1,800,2021-10-29 19:14:00,ILPT
28.1,28.1,28.07,28.07,700,2021-10-29 19:15:00,ILPT
28.06,28.08,28.06,28.08,300,2021-10-29 19:16:00,ILPT
28.065,28.065,28.05,28.06,1208,2021-10-29 19:17:00,ILPT
28.04,28.06,28.02,28.02,2264,2021-10-29 19:18:00,ILPT
28.05,28.06,28.05,28.06,304,2021-10-29 19:20:00,ILPT
28.08,28.11,28.08,28.11,400,2021-10-29 19:22:00,ILPT
28.1,28.11,28.08,28.1096,508,2021-10-29 19:23:00,ILPT
28.09,28.09,28.09,28.09,299,2021-10-29 19:24:00,ILPT
28.0996,28.0996,28.0996,28.0996,100,2021-10-29 19:25:00,ILPT
28.11,28.11,28.09,28.1,520,2021-10-29 19:26:00,ILPT
28.09,28.09,28.09,28.09,100,2021-10-29 19:27:00,ILPT
28.095,28.095,28.095,28.095,200,2021-10-29 19:28:00,ILPT
28.12,28.13,28.12,28.13,400,2021-10-29 19:29:00,ILPT
28.14,28.14,28.1,28.1,2707,2021-10-29 19:30:00,ILPT
28.085,28.085,28.085,28.085,100,2021-10-29 19:31:00,ILPT
28.1,28.1196,28.1,28.1196,906,2021-10-29 19:32:00,ILPT
28.11,28.11,28.11,28.11,100,2021-10-29 19:33:00,ILPT
28.1196,28.13,28.1196,28.13,400,2021-10-29 19:34:00,ILPT
28.1396,28.14,28.1396,28.14,400,2021-10-29 19:35:00,ILPT
28.16,28.16,28.15,28.15,300,2021-10-29 19:36:00,ILPT
28.17,28.17,28.15,28.155,500,2021-10-29 19:37:00,ILPT
28.17,28.17,28.155,28.17,731,2021-10-29 19:38:00,ILPT
28.17,28.17,28.16,28.165,800,2021-10-29 19:39:00,ILPT
28.17,28.1899,28.17,28.1899,200,2021-10-29 19:40:00,ILPT
28.19,28.21,28.19,28.2,807,2021-10-29 19:41:00,ILPT
28.192,28.2194,28.192,28.2194,400,2021-10-29 19:42:00,ILPT
28.21,28.21,28.2,28.205,806,2021-10-29 19:43:00,ILPT
28.22,28.22,28.2,28.2,300,2021-10-29 19:44:00,ILPT
28.22,28.25,28.22,28.25,204,2021-10-29 19:45:00,ILPT
28.23,28.235,28.22,28.22,783,2021-10-29 19:46:00,ILPT
28.25,28.25,28.235,28.245,900,2021-10-29 19:47:00,ILPT
28.25,28.25,28.24,28.24,1000,2021-10-29 19:48:00,ILPT
28.25,28.25,28.24,28.25,1468,2021-10-29 19:49:00,ILPT
28.24,28.25,28.08,28.17,6448,2021-10-29 19:50:00,ILPT
28.17,28.205,28.165,28.205,2789,2021-10-29 19:51:00,ILPT
28.22,28.22,28.205,28.205,1705,2021-10-29 19:52:00,ILPT
28.19,28.205,28.14,28.19,10045,2021-10-29 19:53:00,ILPT
28.1675,28.18,28.0,28.1,20695,2021-10-29 19:54:00,ILPT
28.12,28.155,28.105,28.13,4406,2021-10-29 19:55:00,ILPT
28.13,28.15,28.12,28.13,1810,2021-10-29 19:56:00,ILPT
28.14,28.17,28.1396,28.17,3098,2021-10-29 19:57:00,ILPT
28.15,28.16,28.1,28.12,6638,2021-10-29 19:58:00,ILPT
28.12,28.12,28.09,28.09,17092,2021-10-29 19:59:00,ILPT
28.09,28.09,28.09,28.09,183642,2021-10-29 20:00:00,ILPT
28.09,28.09,28.09,28.09,2002,2021-10-29 20:01:00,ILPT
28.09,28.09,28.09,28.09,6430,2021-10-29 20:02:00,ILPT
