open,high,low,close,volume,datetime,symbol
3.05,3.05,3.05,3.05,250,2021-10-01 12:58:00,VINO
3.04,3.04,3.04,3.04,250,2021-10-01 13:02:00,VINO
3.02,3.02,3.02,3.02,1031,2021-10-01 13:30:00,VINO
3.1899,3.1899,3.1899,3.1899,321,2021-10-01 13:31:00,VINO
3.115,3.115,3.115,3.115,400,2021-10-01 13:35:00,VINO
3.19,3.19,3.19,3.19,100,2021-10-01 13:38:00,VINO
3.1899,3.1899,3.1899,3.1899,150,2021-10-01 13:39:00,VINO
3.14,3.14,3.14,3.14,200,2021-10-01 13:40:00,VINO
3.13,3.13,3.13,3.13,100,2021-10-01 13:42:00,VINO
3.1374,3.1374,3.1374,3.1374,230,2021-10-01 13:51:00,VINO
3.1401,3.1401,3.1401,3.1401,1100,2021-10-01 13:59:00,VINO
3.14,3.14,3.14,3.14,1700,2021-10-01 14:00:00,VINO
3.1101,3.1101,3.1101,3.1101,5000,2021-10-01 14:13:00,VINO
3.15,3.15,3.15,3.15,1000,2021-10-01 14:14:00,VINO
3.16,3.16,3.11,3.11,600,2021-10-01 14:22:00,VINO
3.13,3.18,3.12,3.16,12868,2021-10-01 14:23:00,VINO
3.16,3.24,3.13,3.17,5286,2021-10-01 14:24:00,VINO
3.18,3.21,3.16,3.16,14100,2021-10-01 14:25:00,VINO
3.2,3.2,3.13,3.13,3104,2021-10-01 14:26:00,VINO
3.13,3.13,3.13,3.13,535,2021-10-01 14:32:00,VINO
3.17,3.17,3.1328,3.1328,10000,2021-10-01 14:36:00,VINO
3.1275,3.1275,3.1275,3.1275,100,2021-10-01 15:23:00,VINO
3.07,3.07,3.06,3.06,3634,2021-10-01 15:54:00,VINO
3.0401,3.086,3.032,3.086,997,2021-10-01 15:56:00,VINO
3.0356,3.0356,3.0356,3.0356,400,2021-10-01 15:57:00,VINO
3.07,3.07,3.07,3.07,163,2021-10-01 16:03:00,VINO
3.11,3.11,3.11,3.11,200,2021-10-01 16:30:00,VINO
3.0435,3.0435,3.0435,3.0435,200,2021-10-01 16:36:00,VINO
3.075,3.075,3.075,3.075,100,2021-10-01 16:38:00,VINO
3.041,3.041,3.041,3.041,800,2021-10-01 16:51:00,VINO
3.0606,3.0606,3.0606,3.0606,200,2021-10-01 16:53:00,VINO
3.04,3.04,3.04,3.04,100,2021-10-01 17:10:00,VINO
3.068,3.068,3.068,3.068,9500,2021-10-01 17:18:00,VINO
3.055,3.055,3.055,3.055,1000,2021-10-01 17:33:00,VINO
3.06,3.06,3.06,3.06,175,2021-10-01 18:18:00,VINO
3.05,3.05,3.05,3.05,200,2021-10-01 18:31:00,VINO
3.0485,3.0485,3.0485,3.0485,500,2021-10-01 18:37:00,VINO
3.055,3.0594,3.055,3.0594,400,2021-10-01 18:41:00,VINO
3.05,3.05,3.05,3.05,200,2021-10-01 18:43:00,VINO
3.04,3.06,3.04,3.06,1190,2021-10-01 18:44:00,VINO
3.05,3.0723,3.05,3.0723,2000,2021-10-01 18:47:00,VINO
3.07,3.07,3.06,3.06,1200,2021-10-01 18:48:00,VINO
3.08,3.08,3.07,3.08,695,2021-10-01 19:00:00,VINO
3.09,3.09,3.09,3.09,100,2021-10-01 19:15:00,VINO
3.13,3.13,3.13,3.13,1000,2021-10-01 19:22:00,VINO
3.12,3.12,3.12,3.12,100,2021-10-01 19:26:00,VINO
3.12,3.12,3.12,3.12,100,2021-10-01 19:27:00,VINO
3.11,3.11,3.11,3.11,100,2021-10-01 19:34:00,VINO
3.12,3.12,3.1137,3.12,521,2021-10-01 19:35:00,VINO
3.0958,3.0958,3.0958,3.0958,200,2021-10-01 19:43:00,VINO
3.0802,3.1199,3.0802,3.1199,760,2021-10-01 19:53:00,VINO
3.095,3.095,3.095,3.095,100,2021-10-01 19:54:00,VINO
3.1,3.1,3.07,3.07,470,2021-10-01 19:59:00,VINO
3.1,3.1,3.1,3.1,372,2021-10-01 20:00:00,VINO
3.09,3.09,3.09,3.09,571,2021-10-04 13:30:00,VINO
3.0538,3.0538,3.0538,3.0538,200,2021-10-04 13:41:00,VINO
3.05,3.0501,3.05,3.0501,1000,2021-10-04 13:42:00,VINO
3.052,3.052,3.05,3.05,304,2021-10-04 13:44:00,VINO
3.0656,3.0656,3.0656,3.0656,200,2021-10-04 13:45:00,VINO
3.041,3.044,3.04,3.04,2940,2021-10-04 13:48:00,VINO
3.04,3.04,3.04,3.04,100,2021-10-04 13:50:00,VINO
3.0536,3.0536,3.0536,3.0536,100,2021-10-04 13:57:00,VINO
3.0415,3.0415,3.0415,3.0415,100,2021-10-04 13:58:00,VINO
3.04,3.05,3.03,3.05,2609,2021-10-04 14:02:00,VINO
3.0499,3.0499,3.0499,3.0499,327,2021-10-04 14:03:00,VINO
3.035,3.04,3.035,3.04,1038,2021-10-04 14:04:00,VINO
3.04,3.04,3.04,3.04,900,2021-10-04 14:05:00,VINO
3.06,3.09,3.06,3.09,600,2021-10-04 14:06:00,VINO
3.09,3.09,3.07,3.07,500,2021-10-04 14:07:00,VINO
3.065,3.07,3.065,3.07,2700,2021-10-04 14:08:00,VINO
3.06,3.06,3.06,3.06,600,2021-10-04 14:10:00,VINO
3.07,3.07,3.05,3.05,600,2021-10-04 14:11:00,VINO
3.0695,3.07,3.06,3.06,1000,2021-10-04 14:13:00,VINO
3.04,3.04,3.04,3.04,165,2021-10-04 14:15:00,VINO
3.04,3.0405,3.04,3.0405,600,2021-10-04 14:17:00,VINO
3.04,3.04,3.04,3.04,700,2021-10-04 14:29:00,VINO
3.04,3.04,3.04,3.04,600,2021-10-04 14:30:00,VINO
3.04,3.04,3.04,3.04,800,2021-10-04 14:37:00,VINO
3.05,3.05,3.05,3.05,300,2021-10-04 14:38:00,VINO
3.03,3.03,3.03,3.03,100,2021-10-04 14:40:00,VINO
3.05,3.05,3.05,3.05,100,2021-10-04 15:01:00,VINO
3.05,3.05,3.05,3.05,326,2021-10-04 15:07:00,VINO
3.06,3.06,3.06,3.06,100,2021-10-04 15:15:00,VINO
3.05,3.07,3.05,3.05,1701,2021-10-04 15:16:00,VINO
3.05,3.05,3.05,3.05,100,2021-10-04 15:17:00,VINO
3.04,3.04,3.04,3.04,500,2021-10-04 15:18:00,VINO
3.04,3.04,3.04,3.04,800,2021-10-04 15:19:00,VINO
3.04,3.04,3.04,3.04,700,2021-10-04 15:20:00,VINO
3.04,3.04,3.04,3.04,100,2021-10-04 15:37:00,VINO
3.03,3.03,3.03,3.03,544,2021-10-04 15:50:00,VINO
3.03,3.03,3.03,3.03,100,2021-10-04 15:51:00,VINO
3.03,3.03,3.03,3.03,1891,2021-10-04 15:52:00,VINO
3.0296,3.0296,3.0296,3.0296,1000,2021-10-04 16:04:00,VINO
3.03,3.03,3.03,3.03,500,2021-10-04 16:28:00,VINO
3.0289,3.0289,3.0289,3.0289,200,2021-10-04 17:03:00,VINO
3.0299,3.03,3.02,3.02,4400,2021-10-04 17:09:00,VINO
3.0299,3.03,3.0299,3.03,6000,2021-10-04 17:10:00,VINO
3.02,3.02,3.02,3.02,397,2021-10-04 17:11:00,VINO
3.01,3.01,3.01,3.01,2701,2021-10-04 18:00:00,VINO
3.01,3.01,3.01,3.01,600,2021-10-04 18:03:00,VINO
3.01,3.0105,3.0,3.01,3156,2021-10-04 18:04:00,VINO
2.98,2.98,2.98,2.98,200,2021-10-04 18:07:00,VINO
2.99,2.99,2.99,2.99,663,2021-10-04 18:09:00,VINO
2.9817,2.9817,2.9817,2.9817,186,2021-10-04 18:21:00,VINO
2.99,2.99,2.99,2.99,262,2021-10-04 18:22:00,VINO
3.04,3.04,3.04,3.04,662,2021-10-04 19:09:00,VINO
3.01,3.01,3.0,3.0,1280,2021-10-04 19:14:00,VINO
3.02,3.02,3.02,3.02,199,2021-10-04 19:17:00,VINO
3.02,3.03,3.01,3.03,702,2021-10-04 19:55:00,VINO
3.03,3.03,3.03,3.03,300,2021-10-04 19:56:00,VINO
3.02,3.02,3.02,3.02,100,2021-10-04 19:59:00,VINO
3.05,3.05,3.05,3.05,3504,2021-10-04 20:00:00,VINO
3.09,3.09,3.09,3.09,425,2021-10-04 20:13:00,VINO
3.09,3.09,3.09,3.09,100,2021-10-04 20:14:00,VINO
3.07,3.08,3.07,3.08,200,2021-10-05 12:43:00,VINO
3.05,3.05,3.05,3.05,337,2021-10-05 13:30:00,VINO
3.08,3.08,3.08,3.08,200,2021-10-05 13:40:00,VINO
3.08,3.08,3.08,3.08,100,2021-10-05 13:43:00,VINO
3.06,3.06,3.06,3.06,100,2021-10-05 13:51:00,VINO
3.1068,3.1068,3.1068,3.1068,300,2021-10-05 13:53:00,VINO
3.129,3.129,3.129,3.129,300,2021-10-05 13:54:00,VINO
3.092,3.092,3.09,3.09,300,2021-10-05 13:58:00,VINO
3.065,3.07,3.06,3.07,800,2021-10-05 14:04:00,VINO
3.08,3.08,3.08,3.08,100,2021-10-05 14:13:00,VINO
3.03,3.03,3.03,3.03,185,2021-10-05 14:15:00,VINO
3.04,3.04,3.03,3.03,200,2021-10-05 14:39:00,VINO
3.02,3.02,3.02,3.02,199,2021-10-05 14:47:00,VINO
3.02,3.06,3.02,3.06,700,2021-10-05 14:48:00,VINO
3.02,3.02,3.02,3.02,100,2021-10-05 15:03:00,VINO
3.1,3.1,3.03,3.1,10100,2021-10-05 15:18:00,VINO
3.09,3.17,3.09,3.17,6837,2021-10-05 15:19:00,VINO
3.1581,3.16,3.1581,3.16,5000,2021-10-05 15:20:00,VINO
3.13,3.14,3.12,3.13,3836,2021-10-05 15:23:00,VINO
3.13,3.13,3.13,3.13,3900,2021-10-05 15:24:00,VINO
3.13,3.13,3.13,3.13,900,2021-10-05 15:25:00,VINO
3.13,3.13,3.13,3.13,520,2021-10-05 15:26:00,VINO
3.16,3.16,3.16,3.16,100,2021-10-05 15:27:00,VINO
3.14,3.14,3.13,3.13,1369,2021-10-05 15:28:00,VINO
3.16,3.16,3.16,3.16,6500,2021-10-05 15:29:00,VINO
3.16,3.19,3.15,3.15,7314,2021-10-05 15:30:00,VINO
3.18,3.2,3.17,3.2,1224,2021-10-05 15:31:00,VINO
3.2,3.2,3.17,3.17,9400,2021-10-05 15:32:00,VINO
3.2,3.2,3.18,3.2,7234,2021-10-05 15:33:00,VINO
3.2,3.22,3.18,3.19,6261,2021-10-05 15:34:00,VINO
3.19,3.19,3.19,3.19,1900,2021-10-05 15:35:00,VINO
3.22,3.22,3.19,3.19,5600,2021-10-05 15:36:00,VINO
3.19,3.2,3.18,3.18,3500,2021-10-05 15:37:00,VINO
3.2,3.22,3.2,3.2,4200,2021-10-05 15:38:00,VINO
3.16,3.175,3.142,3.142,11400,2021-10-05 15:39:00,VINO
3.1582,3.19,3.1582,3.19,2500,2021-10-05 15:41:00,VINO
3.2,3.24,3.2,3.2,800,2021-10-05 15:42:00,VINO
3.24,3.24,3.18,3.19,1800,2021-10-05 15:43:00,VINO
3.18,3.18,3.16,3.16,8244,2021-10-05 15:44:00,VINO
3.21,3.24,3.21,3.24,800,2021-10-05 15:45:00,VINO
3.24,3.3,3.22,3.3,800,2021-10-05 15:46:00,VINO
3.27,3.29,3.23,3.29,9300,2021-10-05 15:47:00,VINO
3.23,3.23,3.23,3.23,300,2021-10-05 15:48:00,VINO
3.19,3.19,3.19,3.19,500,2021-10-05 15:49:00,VINO
3.1878,3.2,3.1878,3.2,409,2021-10-05 15:54:00,VINO
3.2,3.2,3.18,3.18,3500,2021-10-05 15:55:00,VINO
3.19,3.19,3.19,3.19,100,2021-10-05 16:01:00,VINO
3.2,3.2,3.19,3.19,1344,2021-10-05 16:02:00,VINO
3.18,3.18,3.18,3.18,100,2021-10-05 16:04:00,VINO
3.1,3.17,3.1,3.17,1630,2021-10-05 16:19:00,VINO
3.17,3.17,3.15,3.15,2844,2021-10-05 16:20:00,VINO
3.13,3.13,3.11,3.1106,1900,2021-10-05 16:21:00,VINO
3.08,3.08,3.08,3.08,100,2021-10-05 16:22:00,VINO
3.07,3.07,3.03,3.03,3100,2021-10-05 16:27:00,VINO
3.0301,3.0301,3.0301,3.0301,600,2021-10-05 16:28:00,VINO
3.07,3.07,3.07,3.07,520,2021-10-05 16:41:00,VINO
3.05,3.05,3.05,3.05,100,2021-10-05 16:49:00,VINO
3.0511,3.0511,3.0511,3.0511,100,2021-10-05 17:03:00,VINO
3.06,3.06,3.06,3.06,100,2021-10-05 18:10:00,VINO
3.06,3.06,3.06,3.06,100,2021-10-05 18:13:00,VINO
3.06,3.06,3.06,3.06,100,2021-10-05 18:16:00,VINO
3.06,3.06,3.05,3.05,1750,2021-10-05 18:17:00,VINO
3.0755,3.0755,3.0755,3.0755,500,2021-10-05 19:11:00,VINO
3.065,3.065,3.065,3.065,688,2021-10-05 19:15:00,VINO
3.0875,3.0875,3.0875,3.0875,400,2021-10-05 19:28:00,VINO
3.05,3.05,3.05,3.05,200,2021-10-05 19:35:00,VINO
3.04,3.04,3.04,3.04,292,2021-10-05 19:40:00,VINO
3.0981,3.0981,3.0981,3.0981,100,2021-10-05 19:48:00,VINO
3.065,3.065,3.065,3.065,300,2021-10-05 19:50:00,VINO
3.032,3.04,3.03,3.04,1836,2021-10-05 19:56:00,VINO
3.08,3.08,3.08,3.08,177,2021-10-05 20:00:00,VINO
3.03,3.03,3.03,3.03,1000,2021-10-05 20:03:00,VINO
3.02,3.02,3.02,3.02,210,2021-10-05 23:04:00,VINO
3.04,3.04,3.04,3.04,100,2021-10-06 09:27:00,VINO
3.01,3.01,3.01,3.01,723,2021-10-06 13:30:00,VINO
3.07,3.07,3.07,3.07,165,2021-10-06 13:36:00,VINO
3.0265,3.0265,3.0265,3.0265,1000,2021-10-06 13:40:00,VINO
3.02,3.02,3.02,3.02,100,2021-10-06 13:42:00,VINO
3.02,3.02,3.0,3.0,5665,2021-10-06 13:48:00,VINO
2.99,2.99,2.99,2.99,400,2021-10-06 13:53:00,VINO
2.98,2.99,2.98,2.98,2400,2021-10-06 14:01:00,VINO
3.037,3.037,2.9664,2.9664,200,2021-10-06 14:02:00,VINO
2.97,2.97,2.97,2.97,100,2021-10-06 14:08:00,VINO
3.01,3.01,3.01,3.01,194,2021-10-06 14:13:00,VINO
2.9711,2.9711,2.9711,2.9711,100,2021-10-06 14:38:00,VINO
3.0,3.0,3.0,3.0,400,2021-10-06 14:40:00,VINO
2.9973,2.9973,2.9973,2.9973,300,2021-10-06 14:41:00,VINO
2.9824,2.9824,2.9824,2.9824,280,2021-10-06 14:42:00,VINO
2.98,2.995,2.98,2.995,300,2021-10-06 14:44:00,VINO
3.0,3.0,2.98,2.9925,5808,2021-10-06 14:48:00,VINO
3.0258,3.0258,3.0258,3.0258,300,2021-10-06 14:49:00,VINO
3.05,3.05,3.04,3.05,1400,2021-10-06 14:50:00,VINO
3.05,3.05,3.04,3.04,2576,2021-10-06 14:51:00,VINO
3.04,3.04,3.025,3.03,2864,2021-10-06 14:52:00,VINO
3.03,3.03,3.03,3.03,500,2021-10-06 14:53:00,VINO
3.04,3.04,3.03,3.03,387,2021-10-06 14:54:00,VINO
3.03,3.03,3.03,3.03,100,2021-10-06 14:55:00,VINO
3.06,3.06,3.06,3.06,600,2021-10-06 15:05:00,VINO
3.05,3.05,3.05,3.05,253,2021-10-06 15:16:00,VINO
3.0107,3.0107,3.0107,3.0107,300,2021-10-06 15:39:00,VINO
3.04,3.04,3.04,3.04,200,2021-10-06 15:50:00,VINO
3.01,3.01,3.01,3.01,400,2021-10-06 16:05:00,VINO
3.013,3.014,3.0109,3.0109,976,2021-10-06 16:09:00,VINO
3.0123,3.0123,3.0123,3.0123,500,2021-10-06 16:22:00,VINO
3.0374,3.0374,3.0374,3.0374,500,2021-10-06 16:24:00,VINO
3.0,3.0,2.99,2.99,1100,2021-10-06 16:59:00,VINO
3.02,3.0204,3.02,3.0204,4200,2021-10-06 17:17:00,VINO
3.03,3.03,3.03,3.03,333,2021-10-06 17:18:00,VINO
2.99,2.99,2.99,2.99,200,2021-10-06 17:21:00,VINO
3.005,3.005,3.005,3.005,332,2021-10-06 17:22:00,VINO
3.0049,3.0049,3.0049,3.0049,465,2021-10-06 18:12:00,VINO
3.0,3.0,3.0,3.0,200,2021-10-06 18:59:00,VINO
3.0,3.0,3.0,3.0,200,2021-10-06 19:01:00,VINO
2.9999,2.9999,2.9999,2.9999,733,2021-10-06 19:22:00,VINO
2.98,2.98,2.98,2.98,100,2021-10-06 19:23:00,VINO
3.0098,3.0098,3.0098,3.0098,100,2021-10-06 19:31:00,VINO
3.0,3.0,3.0,3.0,200,2021-10-06 19:32:00,VINO
2.99,2.99,2.99,2.99,100,2021-10-06 19:40:00,VINO
2.99,2.99,2.99,2.99,100,2021-10-06 19:52:00,VINO
3.02,3.02,2.99,2.99,793,2021-10-06 19:59:00,VINO
3.02,3.02,3.02,3.02,253,2021-10-06 20:00:00,VINO
3.06,3.06,3.06,3.06,278,2021-10-07 13:30:00,VINO
3.0712,3.0712,3.0712,3.0712,100,2021-10-07 13:42:00,VINO
3.07,3.07,3.07,3.07,500,2021-10-07 13:51:00,VINO
3.06,3.06,3.06,3.06,220,2021-10-07 14:05:00,VINO
3.07,3.07,3.07,3.07,750,2021-10-07 14:06:00,VINO
3.1342,3.15,3.1342,3.15,365,2021-10-07 14:12:00,VINO
3.1999,3.1999,3.1,3.1,1600,2021-10-07 14:13:00,VINO
3.1,3.1,3.1,3.1,200,2021-10-07 14:18:00,VINO
3.1148,3.1148,3.1148,3.1148,416,2021-10-07 14:23:00,VINO
3.1,3.1,3.1,3.1,300,2021-10-07 14:30:00,VINO
3.12,3.12,3.1,3.1,900,2021-10-07 14:45:00,VINO
3.1,3.1,3.1,3.1,100,2021-10-07 14:46:00,VINO
3.1,3.1,3.09,3.09,1619,2021-10-07 15:25:00,VINO
3.09,3.09,3.08,3.08,3000,2021-10-07 15:27:00,VINO
3.05,3.08,3.05,3.08,1248,2021-10-07 15:31:00,VINO
3.06,3.06,3.06,3.06,200,2021-10-07 15:38:00,VINO
3.06,3.06,3.05,3.05,300,2021-10-07 16:06:00,VINO
3.06,3.06,3.06,3.06,800,2021-10-07 16:14:00,VINO
3.0618,3.0618,3.0618,3.0618,100,2021-10-07 16:16:00,VINO
3.065,3.065,3.065,3.065,2000,2021-10-07 16:27:00,VINO
3.0781,3.0781,3.0781,3.0781,300,2021-10-07 16:29:00,VINO
3.0705,3.0705,3.0705,3.0705,1150,2021-10-07 16:31:00,VINO
3.0716,3.0716,3.07,3.07,10600,2021-10-07 16:33:00,VINO
3.06,3.06,3.06,3.06,200,2021-10-07 16:38:00,VINO
3.0697,3.0697,3.0697,3.0697,400,2021-10-07 16:39:00,VINO
3.07,3.07,3.07,3.07,500,2021-10-07 16:41:00,VINO
3.0792,3.0792,3.0792,3.0792,400,2021-10-07 16:47:00,VINO
3.1,3.1,3.1,3.1,1000,2021-10-07 17:05:00,VINO
3.0723,3.0723,3.0723,3.0723,331,2021-10-07 17:06:00,VINO
3.1,3.1,3.1,3.1,200,2021-10-07 17:10:00,VINO
3.085,3.085,3.085,3.085,100,2021-10-07 17:20:00,VINO
3.09,3.09,3.09,3.09,100,2021-10-07 17:21:00,VINO
3.1,3.1,3.1,3.1,300,2021-10-07 17:22:00,VINO
3.1,3.1,3.1,3.1,100,2021-10-07 17:23:00,VINO
3.11,3.11,3.11,3.11,200,2021-10-07 17:26:00,VINO
3.1468,3.1468,3.1468,3.1468,137,2021-10-07 17:28:00,VINO
3.125,3.125,3.125,3.125,300,2021-10-07 18:54:00,VINO
3.1305,3.1305,3.1305,3.1305,175,2021-10-07 19:01:00,VINO
3.13,3.13,3.13,3.13,100,2021-10-07 19:22:00,VINO
3.12,3.121,3.12,3.121,2300,2021-10-07 19:42:00,VINO
3.0976,3.0976,3.0976,3.0976,200,2021-10-07 19:50:00,VINO
3.1266,3.1266,3.1266,3.1266,300,2021-10-07 19:58:00,VINO
3.1,3.1,3.1,3.1,507,2021-10-07 20:00:00,VINO
3.06,3.06,3.06,3.06,100,2021-10-08 11:32:00,VINO
3.07,3.07,3.07,3.07,3192,2021-10-08 13:30:00,VINO
3.13,3.13,3.13,3.13,270,2021-10-08 13:33:00,VINO
3.1023,3.1023,3.1023,3.1023,100,2021-10-08 13:38:00,VINO
3.13,3.13,3.07,3.085,10170,2021-10-08 13:39:00,VINO
3.11,3.15,3.1,3.15,9558,2021-10-08 13:40:00,VINO
3.2,3.2,3.2,3.2,668,2021-10-08 13:42:00,VINO
3.1803,3.1803,3.1803,3.1803,500,2021-10-08 13:44:00,VINO
3.18,3.18,3.18,3.18,2276,2021-10-08 13:45:00,VINO
3.18,3.2,3.18,3.18,2136,2021-10-08 13:46:00,VINO
3.18,3.18,3.18,3.18,2126,2021-10-08 13:47:00,VINO
3.195,3.195,3.195,3.195,500,2021-10-08 13:49:00,VINO
3.18,3.18,3.18,3.18,100,2021-10-08 13:51:00,VINO
3.17,3.17,3.17,3.17,400,2021-10-08 13:52:00,VINO
3.185,3.1992,3.185,3.1992,200,2021-10-08 13:58:00,VINO
3.192,3.192,3.192,3.192,100,2021-10-08 14:00:00,VINO
3.16,3.16,3.16,3.16,5856,2021-10-08 14:02:00,VINO
3.1536,3.16,3.1536,3.16,5264,2021-10-08 14:04:00,VINO
3.08,3.08,3.08,3.08,165,2021-10-08 14:15:00,VINO
3.13,3.13,3.13,3.13,400,2021-10-08 14:23:00,VINO
3.1454,3.1454,3.1454,3.1454,100,2021-10-08 15:20:00,VINO
3.09,3.09,3.08,3.08,700,2021-10-08 15:30:00,VINO
3.08,3.12,3.08,3.12,6211,2021-10-08 15:31:00,VINO
3.18,3.18,3.14,3.14,2400,2021-10-08 15:34:00,VINO
3.155,3.155,3.155,3.155,100,2021-10-08 15:35:00,VINO
3.18,3.19,3.15,3.19,500,2021-10-08 15:37:00,VINO
3.19,3.19,3.17,3.1701,5050,2021-10-08 15:38:00,VINO
3.15,3.175,3.141,3.175,1200,2021-10-08 15:39:00,VINO
3.17,3.17,3.15,3.15,1100,2021-10-08 15:40:00,VINO
3.14,3.14,3.13,3.13,500,2021-10-08 15:41:00,VINO
3.13,3.13,3.13,3.13,400,2021-10-08 15:50:00,VINO
3.18,3.18,3.18,3.18,100,2021-10-08 16:00:00,VINO
3.16,3.16,3.16,3.16,100,2021-10-08 16:01:00,VINO
3.16,3.16,3.16,3.16,600,2021-10-08 16:07:00,VINO
3.12,3.12,3.12,3.12,200,2021-10-08 16:14:00,VINO
3.08,3.12,3.08,3.12,600,2021-10-08 16:22:00,VINO
3.11,3.11,3.11,3.11,100,2021-10-08 16:24:00,VINO
3.12,3.12,3.12,3.12,100,2021-10-08 16:53:00,VINO
3.12,3.12,3.12,3.12,300,2021-10-08 17:45:00,VINO
3.0864,3.0864,3.0864,3.0864,500,2021-10-08 19:00:00,VINO
3.082,3.09,3.082,3.0827,500,2021-10-08 19:06:00,VINO
3.081,3.1099,3.04,3.1099,6213,2021-10-08 19:15:00,VINO
3.08,3.08,3.08,3.08,1000,2021-10-08 19:18:00,VINO
3.04,3.04,3.04,3.04,998,2021-10-08 19:30:00,VINO
3.0451,3.0451,3.0451,3.0451,300,2021-10-08 19:36:00,VINO
3.04,3.04,3.04,3.04,937,2021-10-08 19:47:00,VINO
3.035,3.035,3.035,3.035,1000,2021-10-08 19:57:00,VINO
3.01,3.06,3.01,3.05,3075,2021-10-08 19:58:00,VINO
3.05,3.07,3.05,3.07,1340,2021-10-08 19:59:00,VINO
3.06,3.06,3.06,3.06,3303,2021-10-08 20:00:00,VINO
3.01,3.01,3.01,3.01,108,2021-10-08 20:59:00,VINO
3.16,3.16,3.16,3.16,100,2021-10-11 13:25:00,VINO
3.06,3.06,3.06,3.06,576,2021-10-11 13:30:00,VINO
3.02,3.02,3.02,3.02,290,2021-10-11 13:31:00,VINO
3.0604,3.0604,3.0604,3.0604,500,2021-10-11 13:37:00,VINO
3.18,3.18,3.18,3.18,321,2021-10-11 13:38:00,VINO
3.0891,3.0891,3.0891,3.0891,1000,2021-10-11 13:44:00,VINO
3.095,3.095,3.095,3.095,300,2021-10-11 13:49:00,VINO
3.07,3.09,3.03,3.03,1000,2021-10-11 13:54:00,VINO
3.07,3.09,3.03,3.079,6501,2021-10-11 13:55:00,VINO
3.11,3.11,3.11,3.11,2000,2021-10-11 13:56:00,VINO
3.17,3.17,3.17,3.17,1200,2021-10-11 13:58:00,VINO
3.17,3.17,3.17,3.17,300,2021-10-11 14:03:00,VINO
3.17,3.17,3.17,3.17,100,2021-10-11 14:04:00,VINO
3.14,3.17,3.13,3.17,700,2021-10-11 14:05:00,VINO
3.16,3.16,3.13,3.13,6185,2021-10-11 14:06:00,VINO
3.12,3.12,3.09,3.09,2000,2021-10-11 14:07:00,VINO
3.075,3.075,3.07,3.07,408,2021-10-11 14:08:00,VINO
3.0999,3.1,3.075,3.09,5200,2021-10-11 14:09:00,VINO
3.09,3.09,3.09,3.09,400,2021-10-11 14:10:00,VINO
3.1,3.1,3.1,3.1,1600,2021-10-11 14:20:00,VINO
3.0837,3.0837,3.0837,3.0837,100,2021-10-11 14:31:00,VINO
3.0614,3.0614,3.0614,3.0614,500,2021-10-11 14:56:00,VINO
3.14,3.14,3.14,3.14,200,2021-10-11 15:37:00,VINO
3.08,3.08,3.07,3.07,700,2021-10-11 15:43:00,VINO
3.0601,3.0601,3.0601,3.0601,3000,2021-10-11 16:04:00,VINO
3.06,3.06,3.0208,3.0208,859,2021-10-11 16:14:00,VINO
3.0769,3.0769,3.0769,3.0769,450,2021-10-11 17:25:00,VINO
3.08,3.08,3.08,3.08,1000,2021-10-11 17:35:00,VINO
3.0695,3.0695,3.0695,3.0695,108,2021-10-11 18:16:00,VINO
3.06,3.06,3.06,3.06,300,2021-10-11 18:37:00,VINO
3.06,3.06,3.06,3.06,100,2021-10-11 18:44:00,VINO
3.0701,3.0701,3.0701,3.0701,100,2021-10-11 19:06:00,VINO
3.11,3.11,3.11,3.11,100,2021-10-11 19:39:00,VINO
3.11,3.11,3.11,3.11,3000,2021-10-11 19:43:00,VINO
3.1,3.1,3.07,3.07,4667,2021-10-11 19:45:00,VINO
3.06,3.06,3.06,3.06,608,2021-10-11 19:59:00,VINO
3.06,3.06,3.06,3.06,522,2021-10-11 20:00:00,VINO
3.06,3.06,3.06,3.06,2000,2021-10-11 21:17:00,VINO
3.08,3.08,3.08,3.08,127,2021-10-12 13:30:00,VINO
3.01,3.01,3.01,3.01,4600,2021-10-12 13:40:00,VINO
3.04,3.04,3.04,3.04,200,2021-10-12 13:41:00,VINO
3.05,3.05,3.05,3.05,719,2021-10-12 13:59:00,VINO
3.06,3.06,3.06,3.06,100,2021-10-12 14:22:00,VINO
3.1021,3.1021,3.1021,3.1021,100,2021-10-12 14:35:00,VINO
3.0601,3.0601,3.06,3.06,700,2021-10-12 14:38:00,VINO
3.11,3.11,3.095,3.11,400,2021-10-12 14:58:00,VINO
3.109,3.15,3.095,3.1499,2011,2021-10-12 14:59:00,VINO
3.14,3.15,3.1394,3.15,1178,2021-10-12 15:04:00,VINO
3.15,3.15,3.13,3.1306,1744,2021-10-12 15:05:00,VINO
3.11,3.11,3.09,3.09,200,2021-10-12 15:11:00,VINO
3.13,3.13,3.13,3.13,100,2021-10-12 15:14:00,VINO
3.13,3.13,3.13,3.13,100,2021-10-12 15:16:00,VINO
3.15,3.15,3.15,3.15,200,2021-10-12 15:18:00,VINO
3.1399,3.1399,3.1399,3.1399,200,2021-10-12 15:22:00,VINO
3.11,3.11,3.11,3.11,100,2021-10-12 15:27:00,VINO
3.1,3.1,3.05,3.05,11648,2021-10-12 15:36:00,VINO
3.06,3.06,3.06,3.06,4400,2021-10-12 15:38:00,VINO
3.1397,3.1397,3.1397,3.1397,300,2021-10-12 15:42:00,VINO
3.13,3.13,3.13,3.13,10000,2021-10-12 15:43:00,VINO
3.13,3.15,3.12,3.15,12196,2021-10-12 15:44:00,VINO
3.19,3.23,3.18,3.1842,14834,2021-10-12 15:45:00,VINO
3.18,3.205,3.17,3.18,8478,2021-10-12 15:46:00,VINO
3.23,3.23,3.14,3.14,1300,2021-10-12 15:47:00,VINO
3.13,3.13,3.13,3.13,2152,2021-10-12 15:53:00,VINO
3.1457,3.1457,3.1457,3.1457,127,2021-10-12 16:02:00,VINO
3.15,3.15,3.15,3.15,1158,2021-10-12 16:29:00,VINO
3.1483,3.1483,3.1483,3.1483,100,2021-10-12 16:36:00,VINO
3.08,3.09,3.07,3.09,1000,2021-10-12 16:44:00,VINO
3.1013,3.1013,3.1013,3.1013,700,2021-10-12 17:04:00,VINO
3.13,3.13,3.12,3.12,600,2021-10-12 18:26:00,VINO
3.13,3.13,3.13,3.13,481,2021-10-12 18:27:00,VINO
3.135,3.135,3.135,3.135,1500,2021-10-12 18:30:00,VINO
3.13,3.22,3.13,3.18,18709,2021-10-12 18:49:00,VINO
3.21,3.21,3.19,3.19,1202,2021-10-12 18:50:00,VINO
3.16,3.16,3.16,3.16,300,2021-10-12 18:58:00,VINO
3.1742,3.2,3.1742,3.18,1100,2021-10-12 19:01:00,VINO
3.19,3.19,3.19,3.19,100,2021-10-12 19:02:00,VINO
3.19,3.19,3.19,3.19,314,2021-10-12 19:06:00,VINO
3.19,3.1932,3.19,3.1932,400,2021-10-12 19:07:00,VINO
3.19,3.19,3.19,3.19,100,2021-10-12 19:08:00,VINO
3.195,3.2,3.195,3.2,200,2021-10-12 19:09:00,VINO
3.2299,3.2299,3.195,3.195,1200,2021-10-12 19:16:00,VINO
3.2199,3.2199,3.2199,3.2199,500,2021-10-12 19:20:00,VINO
3.15,3.22,3.15,3.164,3650,2021-10-12 19:21:00,VINO
3.1932,3.1932,3.1932,3.1932,137,2021-10-12 19:29:00,VINO
3.195,3.2,3.195,3.195,400,2021-10-12 19:32:00,VINO
3.23,3.23,3.21,3.21,411,2021-10-12 19:34:00,VINO
3.215,3.215,3.215,3.215,499,2021-10-12 19:35:00,VINO
3.2299,3.2299,3.2299,3.2299,1000,2021-10-12 19:36:00,VINO
3.23,3.25,3.23,3.23,1590,2021-10-12 19:38:00,VINO
3.2224,3.2224,3.2224,3.2224,155,2021-10-12 19:46:00,VINO
3.2285,3.2285,3.2285,3.2285,635,2021-10-12 19:47:00,VINO
3.19,3.19,3.19,3.19,100,2021-10-12 19:51:00,VINO
3.2,3.2,3.2,3.2,300,2021-10-12 19:53:00,VINO
3.2,3.2,3.19,3.19,1000,2021-10-12 19:55:00,VINO
3.18,3.2,3.18,3.2,200,2021-10-12 19:56:00,VINO
3.19,3.21,3.19,3.21,600,2021-10-12 19:59:00,VINO
3.19,3.19,3.19,3.19,243,2021-10-12 20:00:00,VINO
3.05,3.05,3.05,3.05,200,2021-10-12 22:31:00,VINO
3.19,3.19,3.19,3.19,1548,2021-10-13 13:30:00,VINO
3.2,3.21,3.19,3.19,1388,2021-10-13 13:31:00,VINO
3.19,3.19,3.15,3.15,809,2021-10-13 13:32:00,VINO
3.16,3.16,3.16,3.16,1843,2021-10-13 13:35:00,VINO
3.241,3.241,3.16,3.16,1117,2021-10-13 13:37:00,VINO
3.21,3.21,3.21,3.21,400,2021-10-13 13:44:00,VINO
3.23,3.23,3.2,3.2,300,2021-10-13 13:49:00,VINO
3.2,3.2,3.2,3.2,100,2021-10-13 14:00:00,VINO
3.2196,3.2196,3.2196,3.2196,100,2021-10-13 14:20:00,VINO
3.22,3.22,3.2,3.2,600,2021-10-13 14:22:00,VINO
3.2227,3.2227,3.2227,3.2227,300,2021-10-13 14:34:00,VINO
3.23,3.23,3.23,3.23,300,2021-10-13 15:02:00,VINO
3.16,3.16,3.16,3.16,100,2021-10-13 15:06:00,VINO
3.1649,3.1649,3.1649,3.1649,137,2021-10-13 15:11:00,VINO
3.18,3.18,3.17,3.1725,600,2021-10-13 15:23:00,VINO
3.18,3.18,3.18,3.18,100,2021-10-13 16:29:00,VINO
3.18,3.18,3.15,3.15,1768,2021-10-13 16:49:00,VINO
3.13,3.14,3.12,3.12,600,2021-10-13 16:50:00,VINO
3.145,3.145,3.1,3.1,200,2021-10-13 16:53:00,VINO
3.1001,3.11,3.1,3.1,1200,2021-10-13 17:00:00,VINO
3.11,3.11,3.1,3.1,920,2021-10-13 17:10:00,VINO
3.1,3.1,3.1,3.1,100,2021-10-13 17:15:00,VINO
3.1186,3.1186,3.1186,3.1186,200,2021-10-13 17:47:00,VINO
3.12,3.12,3.12,3.12,500,2021-10-13 17:51:00,VINO
3.12,3.12,3.12,3.12,700,2021-10-13 17:57:00,VINO
3.18,3.18,3.12,3.12,700,2021-10-13 18:02:00,VINO
3.135,3.14,3.135,3.14,200,2021-10-13 18:15:00,VINO
3.12,3.12,3.11,3.11,600,2021-10-13 18:16:00,VINO
3.11,3.11,3.07,3.07,4073,2021-10-13 18:21:00,VINO
3.15,3.15,3.08,3.08,1000,2021-10-13 18:33:00,VINO
3.0777,3.0777,3.0777,3.0777,240,2021-10-13 18:34:00,VINO
3.08,3.08,3.08,3.08,1246,2021-10-13 18:47:00,VINO
3.08,3.08,3.08,3.08,300,2021-10-13 18:48:00,VINO
3.095,3.095,3.095,3.095,158,2021-10-13 18:57:00,VINO
3.0995,3.0995,3.08,3.08,300,2021-10-13 19:00:00,VINO
3.0795,3.0795,3.05,3.05,700,2021-10-13 19:03:00,VINO
3.06,3.06,3.06,3.06,200,2021-10-13 19:09:00,VINO
3.05,3.05,3.03,3.03,400,2021-10-13 19:14:00,VINO
3.04,3.04,3.04,3.04,100,2021-10-13 19:17:00,VINO
3.0484,3.0484,3.03,3.03,608,2021-10-13 19:19:00,VINO
3.03,3.03,3.03,3.03,334,2021-10-13 19:23:00,VINO
3.025,3.03,3.025,3.03,1101,2021-10-13 19:24:00,VINO
3.039,3.039,3.039,3.039,200,2021-10-13 19:27:00,VINO
3.04,3.05,3.03,3.04,1800,2021-10-13 19:30:00,VINO
3.07,3.07,3.07,3.07,400,2021-10-13 19:31:00,VINO
3.07,3.07,3.06,3.06,600,2021-10-13 19:32:00,VINO
3.06,3.06,3.04,3.04,892,2021-10-13 19:49:00,VINO
3.04,3.08,3.04,3.05,11134,2021-10-13 19:50:00,VINO
3.05,3.05,3.05,3.05,200,2021-10-13 19:51:00,VINO
3.04,3.04,3.04,3.04,317,2021-10-13 19:57:00,VINO
3.06,3.06,3.06,3.06,580,2021-10-13 19:58:00,VINO
3.0591,3.0591,3.04,3.04,2382,2021-10-13 19:59:00,VINO
3.04,3.04,3.04,3.04,232,2021-10-13 20:00:00,VINO
3.08,3.08,3.08,3.08,400,2021-10-13 21:26:00,VINO
3.12,3.12,3.12,3.12,1000,2021-10-14 12:09:00,VINO
3.11,3.11,3.11,3.11,100,2021-10-14 13:17:00,VINO
3.12,3.12,3.12,3.12,100,2021-10-14 13:23:00,VINO
3.1,3.1,3.08,3.08,409,2021-10-14 13:30:00,VINO
3.08,3.0835,3.04,3.0835,2176,2021-10-14 13:37:00,VINO
3.08,3.08,3.01,3.01,3511,2021-10-14 13:38:00,VINO
3.06,3.12,3.04,3.05,4000,2021-10-14 13:44:00,VINO
3.075,3.075,3.075,3.075,108,2021-10-14 13:47:00,VINO
3.08,3.08,3.08,3.08,100,2021-10-14 13:50:00,VINO
3.0648,3.0648,3.06,3.06,551,2021-10-14 14:09:00,VINO
3.1193,3.1193,3.1193,3.1193,200,2021-10-14 14:14:00,VINO
3.0528,3.0528,3.051,3.051,204,2021-10-14 14:47:00,VINO
3.0501,3.0501,3.0501,3.0501,300,2021-10-14 14:48:00,VINO
3.05,3.06,3.05,3.06,1500,2021-10-14 14:56:00,VINO
3.05,3.05,3.04,3.04,1028,2021-10-14 14:57:00,VINO
3.0865,3.0865,3.04,3.04,675,2021-10-14 15:01:00,VINO
3.08,3.09,3.08,3.09,1026,2021-10-14 15:18:00,VINO
3.0899,3.0899,3.05,3.05,1450,2021-10-14 15:23:00,VINO
3.06,3.06,3.06,3.06,100,2021-10-14 15:41:00,VINO
3.08,3.08,3.06,3.08,700,2021-10-14 15:44:00,VINO
3.08,3.08,3.08,3.08,2200,2021-10-14 16:13:00,VINO
3.0835,3.0835,3.08,3.08,600,2021-10-14 16:50:00,VINO
3.11,3.11,3.11,3.11,100,2021-10-14 17:04:00,VINO
3.1,3.1,3.1,3.1,200,2021-10-14 17:10:00,VINO
3.09,3.09,3.08,3.08,1262,2021-10-14 17:11:00,VINO
3.09,3.09,3.09,3.09,100,2021-10-14 18:40:00,VINO
3.0801,3.0801,3.08,3.08,2450,2021-10-14 18:46:00,VINO
3.05,3.05,3.05,3.05,104,2021-10-14 18:47:00,VINO
3.0647,3.0647,3.0647,3.0647,100,2021-10-14 19:24:00,VINO
3.0616,3.0616,3.0616,3.0616,100,2021-10-14 19:31:00,VINO
3.0701,3.075,3.07,3.075,1000,2021-10-14 19:57:00,VINO
3.05,3.05,3.05,3.05,100,2021-10-14 19:59:00,VINO
3.04,3.04,3.04,3.04,196,2021-10-14 20:00:00,VINO
3.1,3.1,3.1,3.1,700,2021-10-14 21:01:00,VINO
3.0,3.0,3.0,3.0,300,2021-10-15 08:57:00,VINO
3.0,3.0,3.0,3.0,300,2021-10-15 09:00:00,VINO
3.04,3.04,3.04,3.04,300,2021-10-15 11:08:00,VINO
3.04,3.04,3.04,3.04,300,2021-10-15 13:25:00,VINO
3.05,3.05,3.05,3.05,270,2021-10-15 13:30:00,VINO
3.0401,3.0401,3.04,3.04,200,2021-10-15 13:32:00,VINO
3.06,3.06,3.06,3.06,300,2021-10-15 13:42:00,VINO
3.04,3.04,3.04,3.04,148,2021-10-15 13:46:00,VINO
3.075,3.075,3.075,3.075,200,2021-10-15 13:54:00,VINO
3.075,3.075,3.075,3.075,200,2021-10-15 13:59:00,VINO
3.075,3.21,3.075,3.21,20355,2021-10-15 14:00:00,VINO
3.18,3.23,3.18,3.23,15085,2021-10-15 14:02:00,VINO
3.22,3.25,3.18,3.18,10294,2021-10-15 14:03:00,VINO
3.12,3.12,3.12,3.12,723,2021-10-15 14:08:00,VINO
3.14,3.14,3.14,3.14,100,2021-10-15 14:10:00,VINO
3.13,3.13,3.13,3.13,200,2021-10-15 14:11:00,VINO
3.15,3.17,3.13,3.13,1800,2021-10-15 14:17:00,VINO
3.13,3.13,3.13,3.13,800,2021-10-15 14:20:00,VINO
3.11,3.11,3.11,3.11,200,2021-10-15 14:34:00,VINO
3.11,3.11,3.11,3.11,200,2021-10-15 14:46:00,VINO
3.05,3.05,3.05,3.05,100,2021-10-15 14:51:00,VINO
3.0501,3.0501,3.0501,3.0501,700,2021-10-15 14:56:00,VINO
3.0701,3.0701,3.07,3.07,2300,2021-10-15 15:05:00,VINO
3.08,3.08,3.0738,3.0738,400,2021-10-15 15:10:00,VINO
3.1599,3.1599,3.1599,3.1599,314,2021-10-15 15:27:00,VINO
3.08,3.08,3.08,3.08,100,2021-10-15 15:29:00,VINO
3.0957,3.0957,3.0957,3.0957,301,2021-10-15 16:32:00,VINO
3.1037,3.1037,3.1037,3.1037,140,2021-10-15 16:45:00,VINO
3.1,3.1,3.1,3.1,150,2021-10-15 17:19:00,VINO
3.1,3.1,3.08,3.08,700,2021-10-15 17:29:00,VINO
3.095,3.11,3.095,3.11,400,2021-10-15 18:05:00,VINO
3.11,3.11,3.1,3.1,600,2021-10-15 18:21:00,VINO
3.091,3.091,3.09,3.09,2350,2021-10-15 18:22:00,VINO
3.09,3.09,3.09,3.09,537,2021-10-15 18:44:00,VINO
3.09,3.09,3.09,3.09,231,2021-10-15 18:46:00,VINO
3.07,3.07,3.07,3.07,644,2021-10-15 19:05:00,VINO
3.0769,3.0769,3.0769,3.0769,220,2021-10-15 19:07:00,VINO
3.08,3.08,3.06,3.06,498,2021-10-15 19:08:00,VINO
3.06,3.06,3.06,3.06,100,2021-10-15 19:25:00,VINO
3.06,3.06,3.05,3.05,528,2021-10-15 19:32:00,VINO
3.08,3.08,3.06,3.06,300,2021-10-15 19:44:00,VINO
3.06,3.06,3.06,3.06,400,2021-10-15 19:54:00,VINO
3.05,3.05,3.05,3.05,807,2021-10-15 19:59:00,VINO
3.05,3.05,3.05,3.05,363,2021-10-15 20:00:00,VINO
3.04,3.04,3.04,3.04,1476,2021-10-18 11:16:00,VINO
3.09,3.09,3.09,3.09,200,2021-10-18 13:19:00,VINO
3.08,3.08,3.05,3.05,917,2021-10-18 13:30:00,VINO
3.07,3.07,3.07,3.07,200,2021-10-18 13:31:00,VINO
3.05,3.05,3.05,3.05,651,2021-10-18 13:33:00,VINO
3.07,3.07,3.07,3.07,100,2021-10-18 13:36:00,VINO
3.08,3.08,3.08,3.08,162,2021-10-18 13:37:00,VINO
3.07,3.07,3.05,3.05,2066,2021-10-18 13:38:00,VINO
3.05,3.05,3.04,3.04,18536,2021-10-18 13:39:00,VINO
3.02,3.02,3.01,3.01,600,2021-10-18 13:40:00,VINO
3.01,3.02,3.01,3.01,2340,2021-10-18 13:41:00,VINO
3.01,3.02,3.01,3.01,2900,2021-10-18 13:42:00,VINO
3.01,3.01,3.01,3.01,301,2021-10-18 13:44:00,VINO
3.0,3.01,2.99,2.99,3262,2021-10-18 13:45:00,VINO
3.03,3.03,3.03,3.03,250,2021-10-18 13:46:00,VINO
3.015,3.015,3.015,3.015,250,2021-10-18 13:49:00,VINO
3.02,3.03,3.02,3.03,700,2021-10-18 13:50:00,VINO
3.0101,3.0101,3.0101,3.0101,200,2021-10-18 13:52:00,VINO
3.0201,3.0201,3.0201,3.0201,300,2021-10-18 13:58:00,VINO
3.02,3.02,3.01,3.01,698,2021-10-18 14:02:00,VINO
3.01,3.01,3.01,3.01,100,2021-10-18 14:03:00,VINO
3.0201,3.0201,3.0201,3.0201,200,2021-10-18 14:04:00,VINO
3.01,3.01,3.01,3.01,598,2021-10-18 14:10:00,VINO
3.0,3.0,3.0,3.0,4784,2021-10-18 14:13:00,VINO
3.0,3.0,3.0,3.0,2209,2021-10-18 14:16:00,VINO
2.98,3.01,2.98,3.01,310,2021-10-18 14:17:00,VINO
3.0099,3.0099,3.0099,3.0099,250,2021-10-18 14:18:00,VINO
2.98,2.98,2.97,2.97,896,2021-10-18 14:19:00,VINO
3.01,3.01,3.01,3.01,167,2021-10-18 14:20:00,VINO
2.985,2.985,2.97,2.97,481,2021-10-18 14:28:00,VINO
2.9899,2.9899,2.9899,2.9899,152,2021-10-18 14:31:00,VINO
2.9871,2.9879,2.9871,2.9879,501,2021-10-18 14:33:00,VINO
2.9801,2.9804,2.98,2.9804,1309,2021-10-18 14:36:00,VINO
2.97,2.97,2.97,2.97,1827,2021-10-18 14:37:00,VINO
2.975,2.975,2.975,2.975,573,2021-10-18 14:39:00,VINO
2.99,2.99,2.99,2.99,336,2021-10-18 14:41:00,VINO
2.97,2.97,2.97,2.97,100,2021-10-18 14:45:00,VINO
2.97,2.97,2.95,2.95,1660,2021-10-18 14:47:00,VINO
2.95,2.95,2.94,2.94,1265,2021-10-18 14:48:00,VINO
2.935,2.935,2.935,2.935,200,2021-10-18 14:50:00,VINO
2.91,2.91,2.91,2.91,698,2021-10-18 14:53:00,VINO
2.96,2.96,2.96,2.96,300,2021-10-18 14:58:00,VINO
2.9599,2.9599,2.95,2.95,2100,2021-10-18 15:02:00,VINO
2.95,2.96,2.95,2.96,800,2021-10-18 15:04:00,VINO
2.97,2.9792,2.97,2.97,1000,2021-10-18 15:13:00,VINO
2.97,2.97,2.96,2.96,400,2021-10-18 15:14:00,VINO
2.95,2.95,2.95,2.95,100,2021-10-18 15:15:00,VINO
2.9628,2.9628,2.92,2.92,998,2021-10-18 15:21:00,VINO
2.95,2.95,2.95,2.95,169,2021-10-18 15:22:00,VINO
2.9752,2.9752,2.9752,2.9752,338,2021-10-18 15:25:00,VINO
2.96,2.96,2.95,2.95,300,2021-10-18 15:34:00,VINO
2.96,2.96,2.96,2.96,120,2021-10-18 15:36:00,VINO
2.93,2.93,2.93,2.93,600,2021-10-18 15:40:00,VINO
2.9644,2.9644,2.9644,2.9644,200,2021-10-18 15:42:00,VINO
2.93,2.93,2.93,2.93,197,2021-10-18 15:52:00,VINO
2.95,2.96,2.95,2.95,400,2021-10-18 15:54:00,VINO
2.942,2.97,2.942,2.97,1678,2021-10-18 15:58:00,VINO
2.95,2.97,2.93,2.97,1278,2021-10-18 16:00:00,VINO
2.9699,2.9699,2.9699,2.9699,100,2021-10-18 16:08:00,VINO
2.94,2.94,2.93,2.93,600,2021-10-18 16:15:00,VINO
2.94,2.94,2.93,2.93,1698,2021-10-18 16:30:00,VINO
2.9576,2.9576,2.9576,2.9576,335,2021-10-18 16:31:00,VINO
2.9487,2.9487,2.9487,2.9487,102,2021-10-18 16:34:00,VINO
2.9301,2.9301,2.9301,2.9301,100,2021-10-18 16:38:00,VINO
2.95,2.95,2.95,2.95,200,2021-10-18 16:42:00,VINO
2.93,2.93,2.93,2.93,698,2021-10-18 16:47:00,VINO
2.96,2.96,2.96,2.96,339,2021-10-18 16:59:00,VINO
2.945,2.96,2.93,2.93,1498,2021-10-18 17:04:00,VINO
2.94,2.94,2.94,2.94,100,2021-10-18 17:06:00,VINO
2.95,2.95,2.9499,2.9499,616,2021-10-18 17:11:00,VINO
2.945,2.965,2.945,2.965,2479,2021-10-18 17:25:00,VINO
2.955,2.955,2.955,2.955,200,2021-10-18 17:26:00,VINO
2.9699,2.9699,2.9699,2.9699,1000,2021-10-18 17:35:00,VINO
2.9596,2.9596,2.9596,2.9596,175,2021-10-18 17:40:00,VINO
2.9499,2.9499,2.9499,2.9499,200,2021-10-18 17:41:00,VINO
2.95,2.96,2.95,2.96,1100,2021-10-18 17:46:00,VINO
2.94,2.95,2.9201,2.9201,3526,2021-10-18 17:57:00,VINO
2.9275,2.9275,2.9275,2.9275,400,2021-10-18 17:59:00,VINO
2.93,2.93,2.925,2.925,600,2021-10-18 18:00:00,VINO
2.92,2.92,2.92,2.92,600,2021-10-18 18:02:00,VINO
2.92,2.92,2.92,2.92,100,2021-10-18 18:04:00,VINO
2.917,2.917,2.91,2.91,200,2021-10-18 18:07:00,VINO
2.9299,2.9299,2.9299,2.9299,342,2021-10-18 18:11:00,VINO
2.91,2.91,2.9,2.9,4377,2021-10-18 18:12:00,VINO
2.9,2.9,2.9,2.9,100,2021-10-18 18:13:00,VINO
2.9277,2.9277,2.9277,2.9277,338,2021-10-18 18:14:00,VINO
2.927,2.927,2.927,2.927,100,2021-10-18 18:18:00,VINO
2.93,2.93,2.9294,2.9294,1600,2021-10-18 18:28:00,VINO
2.94,2.94,2.94,2.94,100,2021-10-18 18:30:00,VINO
2.9539,2.9539,2.9539,2.9539,200,2021-10-18 18:31:00,VINO
2.96,2.96,2.96,2.96,170,2021-10-18 18:32:00,VINO
2.92,2.92,2.92,2.92,756,2021-10-18 18:36:00,VINO
2.94,2.94,2.94,2.94,100,2021-10-18 18:38:00,VINO
2.9215,2.9215,2.9215,2.9215,500,2021-10-18 18:39:00,VINO
2.92,2.92,2.91,2.91,898,2021-10-18 18:44:00,VINO
2.939,2.939,2.939,2.939,500,2021-10-18 18:46:00,VINO
2.94,2.94,2.94,2.94,682,2021-10-18 18:50:00,VINO
2.94,2.94,2.94,2.94,300,2021-10-18 18:51:00,VINO
2.94,2.94,2.94,2.94,1300,2021-10-18 18:58:00,VINO
2.95,2.95,2.9497,2.9497,2278,2021-10-18 19:16:00,VINO
2.96,2.96,2.96,2.96,600,2021-10-18 19:23:00,VINO
2.97,2.97,2.97,2.97,1000,2021-10-18 19:26:00,VINO
2.96,2.96,2.95,2.95,698,2021-10-18 19:34:00,VINO
2.9899,2.9899,2.9899,2.9899,101,2021-10-18 19:37:00,VINO
2.965,2.965,2.965,2.965,400,2021-10-18 19:38:00,VINO
2.965,2.97,2.965,2.97,1100,2021-10-18 19:41:00,VINO
2.95,2.95,2.95,2.95,100,2021-10-18 19:43:00,VINO
2.95,2.95,2.95,2.95,600,2021-10-18 19:44:00,VINO
2.95,2.95,2.95,2.95,869,2021-10-18 19:51:00,VINO
2.97,2.97,2.95,2.95,1761,2021-10-18 19:55:00,VINO
2.95,2.95,2.95,2.95,459,2021-10-18 19:57:00,VINO
2.95,2.95,2.95,2.95,519,2021-10-18 19:58:00,VINO
2.95,2.965,2.95,2.95,985,2021-10-18 19:59:00,VINO
2.95,2.95,2.95,2.95,289,2021-10-18 20:00:00,VINO
2.989,2.989,2.989,2.989,300,2021-10-18 21:28:00,VINO
2.989,2.989,2.989,2.989,100,2021-10-18 21:29:00,VINO
3.0,3.0,3.0,3.0,150,2021-10-19 12:03:00,VINO
2.98,2.98,2.93,2.93,3814,2021-10-19 13:30:00,VINO
2.9418,2.9418,2.9418,2.9418,400,2021-10-19 13:31:00,VINO
2.93,2.93,2.93,2.93,1300,2021-10-19 13:32:00,VINO
2.92,2.92,2.92,2.92,10062,2021-10-19 13:33:00,VINO
2.9,2.9,2.9,2.9,300,2021-10-19 13:34:00,VINO
2.9,2.9,2.9,2.9,100,2021-10-19 13:35:00,VINO
2.9,2.9001,2.9,2.9001,200,2021-10-19 13:36:00,VINO
2.9,2.9,2.9,2.9,100,2021-10-19 13:37:00,VINO
2.91,2.9299,2.91,2.9299,2100,2021-10-19 13:39:00,VINO
2.91,2.91,2.91,2.91,100,2021-10-19 13:40:00,VINO
2.91,2.91,2.91,2.91,100,2021-10-19 13:41:00,VINO
2.91,2.91,2.91,2.91,100,2021-10-19 13:42:00,VINO
2.9199,2.9199,2.91,2.91,200,2021-10-19 13:43:00,VINO
2.91,2.91,2.91,2.91,100,2021-10-19 13:45:00,VINO
2.91,2.91,2.91,2.91,100,2021-10-19 13:46:00,VINO
2.91,2.91,2.91,2.91,100,2021-10-19 13:47:00,VINO
2.91,2.91,2.91,2.91,100,2021-10-19 13:48:00,VINO
2.91,2.93,2.91,2.93,300,2021-10-19 13:50:00,VINO
2.91,2.9199,2.91,2.9199,300,2021-10-19 13:52:00,VINO
2.91,2.91,2.91,2.91,100,2021-10-19 13:53:00,VINO
2.91,2.91,2.91,2.91,100,2021-10-19 13:55:00,VINO
2.91,2.91,2.91,2.91,100,2021-10-19 13:56:00,VINO
2.9299,2.9299,2.91,2.91,2100,2021-10-19 13:58:00,VINO
2.92,2.92,2.92,2.92,1200,2021-10-19 13:59:00,VINO
2.92,2.92,2.92,2.92,442,2021-10-19 14:00:00,VINO
2.92,2.92,2.92,2.92,143,2021-10-19 14:03:00,VINO
2.91,2.91,2.91,2.91,100,2021-10-19 14:04:00,VINO
2.91,2.91,2.91,2.91,100,2021-10-19 14:05:00,VINO
2.91,2.91,2.91,2.91,100,2021-10-19 14:07:00,VINO
2.91,2.91,2.91,2.91,100,2021-10-19 14:08:00,VINO
2.91,2.91,2.91,2.91,100,2021-10-19 14:09:00,VINO
2.91,2.91,2.91,2.91,100,2021-10-19 14:11:00,VINO
2.91,2.91,2.91,2.91,100,2021-10-19 14:12:00,VINO
2.91,2.91,2.91,2.91,100,2021-10-19 14:14:00,VINO
2.92,2.92,2.92,2.92,200,2021-10-19 14:15:00,VINO
2.92,2.92,2.92,2.92,100,2021-10-19 14:16:00,VINO
2.92,2.92,2.92,2.92,100,2021-10-19 14:17:00,VINO
2.92,2.92,2.92,2.92,100,2021-10-19 14:19:00,VINO
2.92,2.93,2.92,2.93,200,2021-10-19 14:21:00,VINO
2.91,2.91,2.91,2.91,100,2021-10-19 14:24:00,VINO
2.91,2.91,2.91,2.91,100,2021-10-19 14:26:00,VINO
2.91,2.91,2.91,2.91,100,2021-10-19 14:27:00,VINO
2.91,2.91,2.91,2.91,100,2021-10-19 14:29:00,VINO
2.911,2.911,2.911,2.911,100,2021-10-19 14:31:00,VINO
2.91,2.91,2.91,2.91,100,2021-10-19 14:33:00,VINO
2.91,2.91,2.91,2.91,100,2021-10-19 14:34:00,VINO
2.91,2.91,2.91,2.91,100,2021-10-19 14:36:00,VINO
2.91,2.91,2.91,2.91,100,2021-10-19 14:38:00,VINO
2.91,2.91,2.91,2.91,100,2021-10-19 14:40:00,VINO
2.91,2.91,2.91,2.91,100,2021-10-19 14:41:00,VINO
2.91,2.91,2.91,2.91,100,2021-10-19 14:43:00,VINO
2.92,2.93,2.92,2.93,300,2021-10-19 14:45:00,VINO
2.93,2.93,2.93,2.93,200,2021-10-19 14:49:00,VINO
2.92,2.92,2.92,2.92,104,2021-10-19 14:50:00,VINO
2.91,2.91,2.91,2.91,100,2021-10-19 14:51:00,VINO
2.91,2.91,2.91,2.91,100,2021-10-19 14:53:00,VINO
2.91,2.9173,2.91,2.9173,2322,2021-10-19 14:55:00,VINO
2.91,2.91,2.91,2.91,100,2021-10-19 14:57:00,VINO
2.91,2.91,2.91,2.91,100,2021-10-19 14:59:00,VINO
2.91,2.91,2.91,2.91,100,2021-10-19 15:01:00,VINO
2.91,2.91,2.91,2.91,100,2021-10-19 15:03:00,VINO
2.91,2.91,2.91,2.91,100,2021-10-19 15:05:00,VINO
2.92,2.92,2.92,2.92,100,2021-10-19 15:06:00,VINO
2.91,2.91,2.91,2.91,100,2021-10-19 15:07:00,VINO
2.916,2.916,2.916,2.916,2000,2021-10-19 15:08:00,VINO
2.92,2.92,2.91,2.91,400,2021-10-19 15:09:00,VINO
2.91,2.91,2.91,2.91,100,2021-10-19 15:11:00,VINO
2.91,2.91,2.91,2.91,100,2021-10-19 15:13:00,VINO
2.91,2.91,2.91,2.91,100,2021-10-19 15:15:00,VINO
2.9276,2.9276,2.91,2.91,220,2021-10-19 15:17:00,VINO
2.95,2.95,2.95,2.95,108,2021-10-19 15:18:00,VINO
2.9202,2.9202,2.92,2.92,1072,2021-10-19 15:19:00,VINO
2.92,2.92,2.92,2.92,100,2021-10-19 15:22:00,VINO
2.91,2.91,2.91,2.91,226,2021-10-19 15:24:00,VINO
2.91,2.91,2.91,2.91,100,2021-10-19 15:26:00,VINO
2.91,2.91,2.91,2.91,100,2021-10-19 15:28:00,VINO
2.91,2.91,2.91,2.91,100,2021-10-19 15:33:00,VINO
2.91,2.91,2.91,2.91,100,2021-10-19 15:35:00,VINO
2.91,2.91,2.91,2.91,100,2021-10-19 15:37:00,VINO
2.91,2.925,2.91,2.925,200,2021-10-19 15:40:00,VINO
2.91,2.9128,2.91,2.9128,2100,2021-10-19 15:45:00,VINO
2.91,2.91,2.91,2.91,100,2021-10-19 15:47:00,VINO
2.91,2.91,2.91,2.91,100,2021-10-19 15:50:00,VINO
2.91,2.91,2.91,2.91,100,2021-10-19 15:52:00,VINO
2.91,2.91,2.91,2.91,100,2021-10-19 15:55:00,VINO
2.91,2.91,2.91,2.91,100,2021-10-19 15:57:00,VINO
2.91,2.91,2.91,2.91,100,2021-10-19 16:00:00,VINO
2.91,2.91,2.91,2.91,100,2021-10-19 16:02:00,VINO
2.91,2.91,2.91,2.91,100,2021-10-19 16:05:00,VINO
2.91,2.91,2.91,2.91,100,2021-10-19 16:08:00,VINO
2.91,2.91,2.91,2.91,100,2021-10-19 16:10:00,VINO
2.91,2.91,2.91,2.91,100,2021-10-19 16:13:00,VINO
2.91,2.91,2.91,2.91,100,2021-10-19 16:16:00,VINO
2.91,2.9103,2.91,2.9103,600,2021-10-19 16:19:00,VINO
2.91,2.91,2.91,2.91,100,2021-10-19 16:22:00,VINO
2.91,2.91,2.91,2.91,100,2021-10-19 16:25:00,VINO
2.91,2.95,2.91,2.95,1000,2021-10-19 16:27:00,VINO
2.95,2.95,2.9329,2.9329,889,2021-10-19 16:32:00,VINO
2.92,2.92,2.92,2.92,100,2021-10-19 16:33:00,VINO
2.9472,2.9472,2.9472,2.9472,1000,2021-10-19 16:35:00,VINO
2.92,2.92,2.92,2.92,100,2021-10-19 16:36:00,VINO
2.92,2.92,2.92,2.92,100,2021-10-19 16:39:00,VINO
2.9101,2.9101,2.9101,2.9101,500,2021-10-19 16:40:00,VINO
2.92,2.92,2.92,2.92,100,2021-10-19 16:42:00,VINO
2.91,2.91,2.91,2.91,100,2021-10-19 16:44:00,VINO
2.91,2.91,2.91,2.91,200,2021-10-19 16:45:00,VINO
2.9583,2.9583,2.935,2.935,200,2021-10-19 16:46:00,VINO
2.9589,2.9589,2.9589,2.9589,100,2021-10-19 16:47:00,VINO
2.91,2.91,2.91,2.91,100,2021-10-19 16:48:00,VINO
2.96,2.96,2.96,2.96,600,2021-10-19 16:49:00,VINO
2.9312,2.9312,2.9312,2.9312,600,2021-10-19 16:50:00,VINO
2.91,2.91,2.91,2.91,100,2021-10-19 16:51:00,VINO
2.91,2.91,2.91,2.91,100,2021-10-19 16:55:00,VINO
2.91,2.91,2.91,2.91,100,2021-10-19 16:58:00,VINO
2.91,2.91,2.91,2.91,100,2021-10-19 17:01:00,VINO
2.92,2.94,2.92,2.94,200,2021-10-19 17:04:00,VINO
2.92,2.92,2.92,2.92,100,2021-10-19 17:07:00,VINO
2.91,2.91,2.91,2.91,300,2021-10-19 17:10:00,VINO
2.91,2.91,2.91,2.91,100,2021-10-19 17:13:00,VINO
2.9101,2.9108,2.9,2.9,2370,2021-10-19 17:15:00,VINO
2.9,2.9,2.9,2.9,100,2021-10-19 17:19:00,VINO
2.9,2.9,2.9,2.9,100,2021-10-19 17:22:00,VINO
2.9055,2.9055,2.9055,2.9055,377,2021-10-19 17:23:00,VINO
2.9,2.9,2.9,2.9,100,2021-10-19 17:25:00,VINO
2.91,2.91,2.91,2.91,100,2021-10-19 17:28:00,VINO
2.91,2.91,2.91,2.91,999,2021-10-19 17:30:00,VINO
2.9,2.9,2.9,2.9,100,2021-10-19 17:31:00,VINO
2.9,2.9,2.9,2.9,100,2021-10-19 17:37:00,VINO
2.9,2.9,2.9,2.9,2673,2021-10-19 17:40:00,VINO
2.91,2.91,2.91,2.91,350,2021-10-19 17:41:00,VINO
2.9069,2.9069,2.9069,2.9069,200,2021-10-19 17:42:00,VINO
2.9,2.9,2.9,2.9,100,2021-10-19 17:43:00,VINO
2.91,2.91,2.91,2.91,100,2021-10-19 17:44:00,VINO
2.91,2.91,2.91,2.91,100,2021-10-19 17:45:00,VINO
2.9148,2.9148,2.9148,2.9148,850,2021-10-19 17:50:00,VINO
2.91,2.92,2.91,2.92,1913,2021-10-19 17:52:00,VINO
2.935,2.935,2.935,2.935,100,2021-10-19 17:57:00,VINO
2.92,2.95,2.92,2.95,200,2021-10-19 17:59:00,VINO
2.92,2.92,2.92,2.92,100,2021-10-19 18:02:00,VINO
2.9217,2.95,2.9217,2.95,2200,2021-10-19 18:05:00,VINO
2.92,2.92,2.92,2.92,100,2021-10-19 18:11:00,VINO
2.92,2.92,2.92,2.92,3191,2021-10-19 18:14:00,VINO
2.9,2.9,2.9,2.9,100,2021-10-19 18:16:00,VINO
2.9,2.95,2.9,2.95,1587,2021-10-19 18:19:00,VINO
2.9,2.9,2.9,2.9,100,2021-10-19 18:22:00,VINO
2.91,2.91,2.9,2.9,417,2021-10-19 18:24:00,VINO
2.9,2.9,2.9,2.9,100,2021-10-19 18:30:00,VINO
2.9,2.9,2.9,2.9,100,2021-10-19 18:32:00,VINO
2.9,2.9,2.9,2.9,100,2021-10-19 18:35:00,VINO
2.9,2.9,2.9,2.9,100,2021-10-19 18:37:00,VINO
2.9,2.9,2.9,2.9,100,2021-10-19 18:40:00,VINO
2.9,2.9,2.9,2.9,100,2021-10-19 18:43:00,VINO
2.9,2.9,2.9,2.9,100,2021-10-19 18:45:00,VINO
2.9,2.9,2.9,2.9,100,2021-10-19 18:48:00,VINO
2.9,2.9,2.9,2.9,100,2021-10-19 18:50:00,VINO
2.9,2.9,2.9,2.9,100,2021-10-19 18:53:00,VINO
2.9,2.9,2.9,2.9,100,2021-10-19 18:55:00,VINO
2.9,2.9,2.9,2.9,100,2021-10-19 18:58:00,VINO
2.9,2.9,2.9,2.9,100,2021-10-19 19:00:00,VINO
2.9,2.9,2.9,2.9,100,2021-10-19 19:02:00,VINO
2.9,2.9,2.9,2.9,100,2021-10-19 19:04:00,VINO
2.9,2.9,2.9,2.9,100,2021-10-19 19:07:00,VINO
2.9,2.94,2.9,2.94,500,2021-10-19 19:09:00,VINO
2.9,2.9,2.9,2.9,100,2021-10-19 19:11:00,VINO
2.9,2.9,2.9,2.9,100,2021-10-19 19:13:00,VINO
2.9,2.9,2.9,2.9,100,2021-10-19 19:15:00,VINO
2.9,2.9,2.9,2.9,100,2021-10-19 19:17:00,VINO
2.91,2.91,2.91,2.91,100,2021-10-19 19:19:00,VINO
2.925,2.925,2.91,2.91,200,2021-10-19 19:21:00,VINO
2.91,2.91,2.91,2.91,100,2021-10-19 19:23:00,VINO
2.91,2.91,2.91,2.91,100,2021-10-19 19:25:00,VINO
2.91,2.91,2.91,2.91,100,2021-10-19 19:27:00,VINO
2.91,2.91,2.91,2.91,100,2021-10-19 19:29:00,VINO
2.91,2.91,2.91,2.91,100,2021-10-19 19:30:00,VINO
2.91,2.91,2.91,2.91,100,2021-10-19 19:32:00,VINO
2.91,2.91,2.91,2.91,100,2021-10-19 19:34:00,VINO
2.91,2.91,2.91,2.91,100,2021-10-19 19:35:00,VINO
2.91,2.91,2.91,2.91,100,2021-10-19 19:37:00,VINO
2.91,2.91,2.91,2.91,100,2021-10-19 19:38:00,VINO
2.92,2.93,2.92,2.93,807,2021-10-19 19:39:00,VINO
2.93,2.93,2.93,2.93,393,2021-10-19 19:40:00,VINO
2.93,2.93,2.93,2.93,900,2021-10-19 19:44:00,VINO
2.93,2.93,2.93,2.93,500,2021-10-19 19:54:00,VINO
2.95,2.95,2.95,2.95,100,2021-10-19 19:55:00,VINO
2.93,2.9316,2.93,2.93,702,2021-10-19 19:56:00,VINO
2.93,2.93,2.93,2.93,147,2021-10-19 19:57:00,VINO
2.93,2.95,2.93,2.95,300,2021-10-19 19:58:00,VINO
2.93,2.94,2.93,2.93,700,2021-10-19 19:59:00,VINO
2.97,3.0,2.97,3.0,2410,2021-10-19 20:00:00,VINO
3.0,3.0,3.0,3.0,100,2021-10-19 20:01:00,VINO
3.0,3.0,3.0,3.0,100,2021-10-20 11:00:00,VINO
2.99,2.99,2.99,2.99,224,2021-10-20 13:30:00,VINO
2.97,2.97,2.9451,2.9451,600,2021-10-20 13:31:00,VINO
2.97,2.97,2.97,2.97,100,2021-10-20 13:32:00,VINO
2.975,2.975,2.9463,2.9463,223,2021-10-20 13:33:00,VINO
2.975,2.975,2.975,2.975,100,2021-10-20 13:35:00,VINO
2.97,2.975,2.97,2.975,200,2021-10-20 13:37:00,VINO
2.94,2.94,2.94,2.94,171,2021-10-20 13:38:00,VINO
2.95,2.95,2.91,2.91,7887,2021-10-20 13:40:00,VINO
2.97,2.97,2.97,2.97,200,2021-10-20 13:46:00,VINO
3.01,3.01,3.01,3.01,100,2021-10-20 13:48:00,VINO
2.97,2.97,2.97,2.97,200,2021-10-20 13:50:00,VINO
2.975,2.975,2.975,2.975,100,2021-10-20 13:52:00,VINO
2.98,2.98,2.98,2.98,2300,2021-10-20 13:53:00,VINO
2.9314,2.9314,2.9314,2.9314,1500,2021-10-20 13:54:00,VINO
2.97,2.97,2.97,2.97,100,2021-10-20 13:59:00,VINO
2.96,2.96,2.96,2.96,100,2021-10-20 14:00:00,VINO
2.97,2.97,2.97,2.97,100,2021-10-20 14:19:00,VINO
2.97,2.97,2.97,2.97,200,2021-10-20 14:22:00,VINO
2.95,2.95,2.95,2.95,100,2021-10-20 14:25:00,VINO
2.97,2.97,2.97,2.97,100,2021-10-20 14:27:00,VINO
3.0039,3.0039,2.97,2.97,2000,2021-10-20 14:29:00,VINO
2.97,2.97,2.97,2.97,100,2021-10-20 14:32:00,VINO
2.97,2.975,2.97,2.975,200,2021-10-20 14:33:00,VINO
2.97,2.975,2.97,2.975,218,2021-10-20 14:36:00,VINO
2.985,2.985,2.985,2.985,100,2021-10-20 14:39:00,VINO
2.97,2.99,2.97,2.99,300,2021-10-20 14:41:00,VINO
2.9815,2.9815,2.97,2.97,200,2021-10-20 14:42:00,VINO
2.97,2.97,2.97,2.97,100,2021-10-20 14:43:00,VINO
2.97,2.97,2.97,2.97,100,2021-10-20 14:44:00,VINO
3.01,3.01,2.97,2.97,602,2021-10-20 14:45:00,VINO
2.97,2.97,2.97,2.97,100,2021-10-20 14:47:00,VINO
2.97,2.99,2.97,2.99,200,2021-10-20 14:48:00,VINO
2.99,2.9954,2.99,2.9954,300,2021-10-20 14:51:00,VINO
2.97,2.97,2.97,2.97,100,2021-10-20 14:53:00,VINO
3.0097,3.0097,3.0097,3.0097,105,2021-10-20 14:54:00,VINO
3.0,3.0,3.0,3.0,492,2021-10-20 14:58:00,VINO
2.995,2.995,2.995,2.995,100,2021-10-20 15:01:00,VINO
2.98,2.98,2.98,2.98,300,2021-10-20 15:03:00,VINO
2.98,2.98,2.98,2.98,447,2021-10-20 15:04:00,VINO
2.98,2.98,2.98,2.98,100,2021-10-20 15:05:00,VINO
2.97,2.97,2.97,2.97,100,2021-10-20 15:06:00,VINO
2.98,2.98,2.98,2.98,500,2021-10-20 15:14:00,VINO
2.97,3.01,2.97,3.01,1100,2021-10-20 15:22:00,VINO
2.985,2.985,2.985,2.985,200,2021-10-20 15:23:00,VINO
2.985,2.985,2.985,2.985,100,2021-10-20 15:24:00,VINO
3.0,3.01,3.0,3.01,7585,2021-10-20 15:32:00,VINO
3.05,3.05,3.05,3.05,100,2021-10-20 15:34:00,VINO
2.99,2.99,2.98,2.98,239,2021-10-20 15:36:00,VINO
2.99,2.99,2.99,2.99,100,2021-10-20 15:37:00,VINO
2.98,3.05,2.98,3.05,200,2021-10-20 15:38:00,VINO
2.98,2.98,2.98,2.98,100,2021-10-20 15:39:00,VINO
2.98,2.98,2.98,2.98,100,2021-10-20 15:41:00,VINO
3.05,3.05,3.05,3.05,100,2021-10-20 15:42:00,VINO
2.98,2.98,2.98,2.98,100,2021-10-20 15:43:00,VINO
2.98,2.98,2.98,2.98,150,2021-10-20 15:46:00,VINO
3.05,3.05,2.98,2.98,200,2021-10-20 15:47:00,VINO
2.99,2.99,2.99,2.99,100,2021-10-20 15:48:00,VINO
2.99,2.99,2.99,2.99,100,2021-10-20 15:49:00,VINO
3.02,3.02,3.02,3.02,165,2021-10-20 15:50:00,VINO
2.99,3.05,2.99,3.05,324,2021-10-20 15:51:00,VINO
2.99,2.99,2.99,2.99,100,2021-10-20 15:52:00,VINO
2.99,2.99,2.99,2.99,100,2021-10-20 15:53:00,VINO
2.99,2.99,2.99,2.99,100,2021-10-20 15:54:00,VINO
3.05,3.05,3.05,3.05,100,2021-10-20 15:55:00,VINO
2.99,3.01,2.99,3.01,1088,2021-10-20 15:57:00,VINO
3.01,3.03,3.01,3.03,558,2021-10-20 15:58:00,VINO
3.01,3.01,3.01,3.01,100,2021-10-20 16:00:00,VINO
3.025,3.025,3.025,3.025,100,2021-10-20 16:01:00,VINO
3.01,3.01,3.01,3.01,100,2021-10-20 16:03:00,VINO
3.025,3.025,3.025,3.025,100,2021-10-20 16:04:00,VINO
3.01,3.01,3.01,3.01,100,2021-10-20 16:06:00,VINO
3.01,3.01,3.01,3.01,100,2021-10-20 16:07:00,VINO
3.01,3.01,3.01,3.01,100,2021-10-20 16:08:00,VINO
3.01,3.01,3.01,3.01,267,2021-10-20 16:09:00,VINO
3.025,3.025,3.025,3.025,100,2021-10-20 16:10:00,VINO
3.025,3.03,3.025,3.03,400,2021-10-20 16:11:00,VINO
3.025,3.03,3.025,3.03,400,2021-10-20 16:12:00,VINO
3.025,3.025,3.025,3.025,100,2021-10-20 16:15:00,VINO
3.01,3.01,3.01,3.01,153,2021-10-20 16:25:00,VINO
3.03,3.03,3.03,3.03,100,2021-10-20 16:26:00,VINO
3.02,3.035,3.02,3.035,200,2021-10-20 16:28:00,VINO
3.02,3.02,3.01,3.01,3326,2021-10-20 16:30:00,VINO
3.01,3.01,3.01,3.01,100,2021-10-20 16:33:00,VINO
3.01,3.01,3.01,3.01,291,2021-10-20 16:35:00,VINO
3.0,3.0,3.0,3.0,719,2021-10-20 16:36:00,VINO
3.0,3.0,3.0,3.0,100,2021-10-20 16:40:00,VINO
2.98,2.98,2.98,2.98,100,2021-10-20 16:42:00,VINO
2.98,3.0,2.98,3.0,200,2021-10-20 16:43:00,VINO
2.9608,2.9608,2.9608,2.9608,300,2021-10-20 16:51:00,VINO
3.04,3.04,3.04,3.04,100,2021-10-20 16:54:00,VINO
3.04,3.04,3.04,3.04,100,2021-10-20 16:58:00,VINO
3.04,3.04,3.04,3.04,100,2021-10-20 16:59:00,VINO
3.04,3.04,3.04,3.04,100,2021-10-20 17:03:00,VINO
3.04,3.04,3.04,3.04,100,2021-10-20 17:08:00,VINO
3.04,3.04,3.04,3.04,100,2021-10-20 17:10:00,VINO
3.04,3.04,3.04,3.04,100,2021-10-20 17:13:00,VINO
3.04,3.04,2.98,2.98,200,2021-10-20 17:17:00,VINO
3.03,3.03,3.03,3.03,100,2021-10-20 17:21:00,VINO
3.03,3.03,2.99,2.99,200,2021-10-20 17:25:00,VINO
3.005,3.005,3.005,3.005,100,2021-10-20 17:27:00,VINO
2.98,2.98,2.98,2.98,100,2021-10-20 17:32:00,VINO
2.995,2.995,2.995,2.995,100,2021-10-20 17:33:00,VINO
2.98,2.98,2.98,2.98,100,2021-10-20 18:06:00,VINO
2.97,2.97,2.97,2.97,100,2021-10-20 18:08:00,VINO
2.985,2.985,2.985,2.985,100,2021-10-20 18:10:00,VINO
2.97,2.97,2.97,2.97,100,2021-10-20 18:12:00,VINO
2.985,2.985,2.985,2.985,100,2021-10-20 18:13:00,VINO
2.97,2.97,2.97,2.97,100,2021-10-20 18:16:00,VINO
2.97,2.97,2.97,2.97,100,2021-10-20 18:17:00,VINO
2.97,2.97,2.97,2.97,100,2021-10-20 18:18:00,VINO
2.9999,2.9999,2.9999,2.9999,700,2021-10-20 18:20:00,VINO
2.98,2.98,2.98,2.98,100,2021-10-20 18:30:00,VINO
2.97,2.97,2.97,2.97,100,2021-10-20 18:33:00,VINO
3.0,3.0,3.0,3.0,140,2021-10-20 18:37:00,VINO
2.985,2.985,2.985,2.985,100,2021-10-20 18:40:00,VINO
2.97,2.97,2.97,2.97,100,2021-10-20 18:42:00,VINO
2.97,2.97,2.97,2.97,100,2021-10-20 18:45:00,VINO
2.97,2.97,2.97,2.97,100,2021-10-20 18:47:00,VINO
2.97,2.97,2.97,2.97,100,2021-10-20 18:48:00,VINO
2.98,2.98,2.98,2.98,100,2021-10-20 18:49:00,VINO
2.97,2.97,2.97,2.97,100,2021-10-20 18:51:00,VINO
2.97,2.97,2.97,2.97,100,2021-10-20 18:53:00,VINO
2.97,2.97,2.97,2.97,259,2021-10-20 19:00:00,VINO
2.97,2.985,2.97,2.985,200,2021-10-20 19:03:00,VINO
2.97,2.97,2.97,2.97,100,2021-10-20 19:05:00,VINO
2.985,2.9898,2.985,2.9898,490,2021-10-20 19:06:00,VINO
2.97,2.97,2.97,2.97,100,2021-10-20 19:08:00,VINO
2.97,2.985,2.97,2.985,322,2021-10-20 19:11:00,VINO
2.97,3.0,2.97,2.985,700,2021-10-20 19:13:00,VINO
2.97,2.97,2.97,2.97,100,2021-10-20 19:16:00,VINO
2.97,2.97,2.97,2.97,100,2021-10-20 19:17:00,VINO
2.97,2.9993,2.97,2.9993,430,2021-10-20 19:18:00,VINO
2.97,2.97,2.97,2.97,100,2021-10-20 19:19:00,VINO
2.97,2.97,2.97,2.97,630,2021-10-20 19:21:00,VINO
2.97,2.97,2.97,2.97,200,2021-10-20 19:23:00,VINO
2.97,2.97,2.97,2.97,200,2021-10-20 19:24:00,VINO
2.96,2.96,2.95,2.95,727,2021-10-20 19:27:00,VINO
2.975,2.975,2.975,2.975,100,2021-10-20 19:28:00,VINO
2.95,2.975,2.95,2.975,506,2021-10-20 19:35:00,VINO
2.987,2.987,2.987,2.987,900,2021-10-20 19:36:00,VINO
2.98,2.98,2.98,2.98,100,2021-10-20 19:37:00,VINO
2.995,3.0,2.98,2.98,500,2021-10-20 19:40:00,VINO
2.97,2.98,2.96,2.98,600,2021-10-20 19:42:00,VINO
2.961,2.961,2.961,2.961,148,2021-10-20 19:46:00,VINO
2.97,2.97,2.97,2.97,100,2021-10-20 19:50:00,VINO
2.9601,2.9601,2.9601,2.9601,212,2021-10-20 19:53:00,VINO
2.965,2.965,2.9511,2.9511,563,2021-10-20 19:54:00,VINO
2.96,2.96,2.96,2.96,110,2021-10-20 19:55:00,VINO
2.97,2.97,2.97,2.97,100,2021-10-20 19:56:00,VINO
2.975,2.975,2.95,2.975,822,2021-10-20 19:57:00,VINO
2.97,2.97,2.97,2.97,400,2021-10-20 19:58:00,VINO
2.96,2.96,2.96,2.96,100,2021-10-20 19:59:00,VINO
2.97,2.97,2.97,2.97,212,2021-10-20 20:00:00,VINO
2.99,3.07,2.99,3.01,1690,2021-10-21 12:30:00,VINO
3.0,3.0,3.0,3.0,165,2021-10-21 13:30:00,VINO
2.9701,2.9706,2.97,2.9706,620,2021-10-21 13:37:00,VINO
2.9899,2.9899,2.9899,2.9899,500,2021-10-21 13:39:00,VINO
2.9359,2.9359,2.931,2.931,1320,2021-10-21 13:42:00,VINO
2.99,2.99,2.99,2.99,100,2021-10-21 13:47:00,VINO
2.96,2.96,2.96,2.96,100,2021-10-21 13:56:00,VINO
2.93,2.93,2.93,2.93,302,2021-10-21 13:59:00,VINO
2.9435,2.9435,2.9435,2.9435,300,2021-10-21 14:00:00,VINO
2.96,2.96,2.96,2.96,500,2021-10-21 14:01:00,VINO
2.93,2.93,2.93,2.93,200,2021-10-21 14:02:00,VINO
2.9464,2.9464,2.9464,2.9464,104,2021-10-21 14:10:00,VINO
2.975,2.975,2.975,2.975,100,2021-10-21 14:45:00,VINO
2.9821,3.105,2.97,3.105,24417,2021-10-21 14:47:00,VINO
3.0909,3.0909,3.08,3.08,1150,2021-10-21 14:48:00,VINO
3.0889,3.0889,3.0889,3.0889,300,2021-10-21 14:50:00,VINO
3.07,3.1,3.07,3.08,16182,2021-10-21 14:51:00,VINO
3.08,3.08,3.06,3.07,1804,2021-10-21 14:52:00,VINO
3.06,3.07,3.06,3.07,2183,2021-10-21 14:55:00,VINO
3.05,3.05,3.05,3.05,700,2021-10-21 14:56:00,VINO
3.05,3.05,3.05,3.05,300,2021-10-21 14:57:00,VINO
3.0447,3.0447,3.0447,3.0447,190,2021-10-21 14:59:00,VINO
3.01,3.01,3.01,3.01,100,2021-10-21 15:01:00,VINO
3.01,3.01,3.01,3.01,5919,2021-10-21 15:02:00,VINO
3.11,3.11,3.06,3.06,2250,2021-10-21 15:04:00,VINO
3.02,3.02,3.01,3.01,700,2021-10-21 15:06:00,VINO
2.96,2.98,2.96,2.98,252,2021-10-21 15:12:00,VINO
2.95,2.95,2.95,2.95,334,2021-10-21 15:13:00,VINO
3.09,3.09,3.09,3.09,993,2021-10-21 15:17:00,VINO
2.96,2.96,2.96,2.96,100,2021-10-21 15:19:00,VINO
2.9903,2.9903,2.9903,2.9903,200,2021-10-21 15:27:00,VINO
3.02,3.02,3.02,3.02,143,2021-10-21 15:30:00,VINO
3.04,3.05,3.0201,3.0201,700,2021-10-21 15:31:00,VINO
3.05,3.05,3.05,3.05,100,2021-10-21 15:33:00,VINO
2.98,2.98,2.98,2.98,100,2021-10-21 15:42:00,VINO
3.041,3.041,3.041,3.041,100,2021-10-21 16:09:00,VINO
3.06,3.06,3.06,3.06,100,2021-10-21 16:13:00,VINO
3.03,3.03,3.03,3.03,100,2021-10-21 16:27:00,VINO
3.03,3.03,3.03,3.03,297,2021-10-21 16:29:00,VINO
3.04,3.04,3.04,3.04,100,2021-10-21 16:40:00,VINO
3.04,3.04,3.04,3.04,100,2021-10-21 16:55:00,VINO
3.03,3.03,3.03,3.03,100,2021-10-21 17:08:00,VINO
3.02,3.02,3.02,3.02,134,2021-10-21 17:19:00,VINO
3.03,3.03,3.03,3.03,100,2021-10-21 17:48:00,VINO
3.0128,3.0128,3.0128,3.0128,100,2021-10-21 17:56:00,VINO
3.03,3.03,3.03,3.03,100,2021-10-21 18:01:00,VINO
3.01,3.01,3.0,3.0,2424,2021-10-21 18:03:00,VINO
2.98,2.98,2.98,2.98,100,2021-10-21 18:04:00,VINO
2.9801,2.9801,2.9801,2.9801,200,2021-10-21 18:06:00,VINO
3.005,3.005,3.005,3.005,100,2021-10-21 18:17:00,VINO
2.99,2.99,2.99,2.99,100,2021-10-21 18:47:00,VINO
3.03,3.03,3.03,3.03,100,2021-10-21 18:50:00,VINO
3.03,3.03,3.03,3.03,100,2021-10-21 19:02:00,VINO
3.03,3.03,3.01,3.01,700,2021-10-21 19:04:00,VINO
3.03,3.03,3.03,3.03,100,2021-10-21 19:07:00,VINO
3.05,3.05,3.05,3.05,100,2021-10-21 19:22:00,VINO
3.05,3.05,3.05,3.05,100,2021-10-21 19:29:00,VINO
3.02,3.0324,3.02,3.0324,600,2021-10-21 19:35:00,VINO
3.035,3.035,3.035,3.035,200,2021-10-21 19:40:00,VINO
3.02,3.02,3.02,3.02,600,2021-10-21 19:44:00,VINO
3.015,3.015,3.015,3.015,100,2021-10-21 19:49:00,VINO
3.015,3.015,3.015,3.015,100,2021-10-21 19:51:00,VINO
3.0001,3.0001,3.0001,3.0001,106,2021-10-21 19:56:00,VINO
3.03,3.03,3.03,3.03,100,2021-10-21 19:57:00,VINO
3.0,3.02,3.0,3.02,360,2021-10-21 19:59:00,VINO
3.02,3.02,3.02,3.02,232,2021-10-21 20:00:00,VINO
2.97,2.97,2.97,2.97,100,2021-10-22 11:55:00,VINO
3.0,3.0,2.975,2.975,519,2021-10-22 13:30:00,VINO
2.95,2.95,2.95,2.95,300,2021-10-22 13:41:00,VINO
2.94,2.94,2.94,2.94,300,2021-10-22 13:42:00,VINO
2.94,2.94,2.94,2.94,230,2021-10-22 13:44:00,VINO
2.94,2.94,2.93,2.93,1220,2021-10-22 13:48:00,VINO
2.91,2.91,2.91,2.91,100,2021-10-22 13:50:00,VINO
2.91,2.91,2.91,2.91,1321,2021-10-22 13:51:00,VINO
2.9,2.9,2.9,2.9,400,2021-10-22 13:55:00,VINO
2.91,2.91,2.91,2.91,100,2021-10-22 13:59:00,VINO
2.9,2.9,2.9,2.9,100,2021-10-22 14:01:00,VINO
2.9,2.9,2.9,2.9,200,2021-10-22 14:02:00,VINO
2.9084,2.9084,2.9084,2.9084,300,2021-10-22 14:03:00,VINO
2.91,2.91,2.91,2.91,100,2021-10-22 14:06:00,VINO
2.92,2.92,2.92,2.92,213,2021-10-22 14:08:00,VINO
2.95,2.9596,2.9214,2.9596,4500,2021-10-22 14:09:00,VINO
2.9514,2.9514,2.9514,2.9514,100,2021-10-22 14:10:00,VINO
2.95,2.95,2.94,2.94,600,2021-10-22 14:12:00,VINO
2.9416,2.9416,2.92,2.92,1567,2021-10-22 14:15:00,VINO
2.9232,2.9232,2.9232,2.9232,500,2021-10-22 14:16:00,VINO
2.92,2.92,2.92,2.92,1100,2021-10-22 14:18:00,VINO
2.91,2.91,2.9,2.9,14041,2021-10-22 14:34:00,VINO
2.86,2.9074,2.86,2.9,4735,2021-10-22 14:35:00,VINO
2.9,2.9,2.9,2.9,200,2021-10-22 14:36:00,VINO
2.9,2.9,2.9,2.9,100,2021-10-22 14:40:00,VINO
2.92,2.92,2.92,2.92,100,2021-10-22 14:41:00,VINO
2.9056,2.92,2.9,2.92,1059,2021-10-22 14:47:00,VINO
2.9,2.9,2.9,2.9,100,2021-10-22 14:49:00,VINO
2.91,2.91,2.91,2.91,1000,2021-10-22 14:52:00,VINO
2.9111,2.9111,2.9111,2.9111,500,2021-10-22 14:55:00,VINO
2.91,2.91,2.9,2.9,2860,2021-10-22 14:59:00,VINO
2.86,2.86,2.86,2.86,100,2021-10-22 15:04:00,VINO
2.88,2.88,2.88,2.88,1000,2021-10-22 15:08:00,VINO
2.9,2.9,2.9,2.9,100,2021-10-22 15:09:00,VINO
2.88,2.88,2.88,2.88,252,2021-10-22 15:14:00,VINO
2.8729,2.8729,2.8729,2.8729,234,2021-10-22 15:17:00,VINO
2.88,2.88,2.8788,2.8788,1000,2021-10-22 15:21:00,VINO
2.88,2.88,2.88,2.88,10000,2021-10-22 15:24:00,VINO
2.8799,2.9,2.86,2.88,4067,2021-10-22 15:25:00,VINO
2.898,2.898,2.88,2.88,400,2021-10-22 15:28:00,VINO
2.88,2.88,2.88,2.88,100,2021-10-22 15:40:00,VINO
2.94,2.94,2.94,2.94,150,2021-10-22 15:41:00,VINO
2.9,2.9,2.9,2.9,198,2021-10-22 15:54:00,VINO
2.905,2.905,2.905,2.905,340,2021-10-22 15:56:00,VINO
2.8801,2.8801,2.8801,2.8801,1000,2021-10-22 15:57:00,VINO
2.905,2.905,2.905,2.905,100,2021-10-22 16:05:00,VINO
2.905,2.905,2.905,2.905,200,2021-10-22 16:06:00,VINO
2.9082,2.9082,2.9082,2.9082,100,2021-10-22 16:07:00,VINO
2.915,2.915,2.915,2.915,1000,2021-10-22 16:30:00,VINO
2.9,2.9,2.9,2.9,100,2021-10-22 16:35:00,VINO
2.909,2.909,2.909,2.909,1540,2021-10-22 16:37:00,VINO
2.93,2.93,2.93,2.93,245,2021-10-22 16:48:00,VINO
2.9,2.9,2.9,2.9,100,2021-10-22 16:52:00,VINO
2.915,2.915,2.915,2.915,200,2021-10-22 17:26:00,VINO
2.9104,2.9104,2.9104,2.9104,1842,2021-10-22 17:31:00,VINO
2.9001,2.9001,2.9,2.9,1100,2021-10-22 17:32:00,VINO
2.9,2.9,2.9,2.9,168,2021-10-22 17:40:00,VINO
2.9094,2.9094,2.9094,2.9094,136,2021-10-22 18:10:00,VINO
2.91,2.91,2.91,2.91,110,2021-10-22 18:18:00,VINO
2.91,2.91,2.91,2.91,305,2021-10-22 18:19:00,VINO
2.9,2.9,2.9,2.9,100,2021-10-22 18:22:00,VINO
2.9,2.9,2.9,2.9,350,2021-10-22 18:28:00,VINO
2.91,2.91,2.91,2.91,770,2021-10-22 18:33:00,VINO
2.945,2.95,2.94,2.95,1900,2021-10-22 18:37:00,VINO
2.965,2.965,2.965,2.965,261,2021-10-22 18:38:00,VINO
2.965,2.965,2.965,2.965,150,2021-10-22 18:39:00,VINO
2.9501,2.9501,2.9501,2.9501,100,2021-10-22 19:00:00,VINO
2.951,2.951,2.951,2.951,1000,2021-10-22 19:18:00,VINO
2.965,2.965,2.965,2.965,100,2021-10-22 19:19:00,VINO
2.98,2.995,2.96,2.97,2285,2021-10-22 19:29:00,VINO
2.975,2.975,2.975,2.975,150,2021-10-22 19:32:00,VINO
2.98,2.98,2.9781,2.9781,361,2021-10-22 19:48:00,VINO
2.98,2.99,2.9601,2.9601,5382,2021-10-22 19:49:00,VINO
2.98,2.98,2.98,2.98,549,2021-10-22 19:50:00,VINO
2.9779,2.9779,2.9779,2.9779,100,2021-10-22 19:53:00,VINO
2.975,2.975,2.975,2.975,300,2021-10-22 19:55:00,VINO
2.975,2.975,2.975,2.975,200,2021-10-22 19:56:00,VINO
2.99,2.99,2.98,2.98,687,2021-10-22 19:57:00,VINO
2.98,3.02,2.98,3.02,3001,2021-10-22 19:59:00,VINO
3.02,3.02,3.02,3.02,273,2021-10-22 20:00:00,VINO
3.0,3.0,3.0,3.0,100,2021-10-22 20:59:00,VINO
3.0,3.0,3.0,3.0,250,2021-10-22 23:07:00,VINO
3.0,3.04,3.0,3.04,350,2021-10-22 23:08:00,VINO
2.98,2.98,2.98,2.98,173,2021-10-25 13:30:00,VINO
2.97,2.97,2.97,2.97,100,2021-10-25 13:33:00,VINO
2.9168,2.9168,2.9168,2.9168,100,2021-10-25 13:34:00,VINO
2.93,2.93,2.93,2.93,108,2021-10-25 13:35:00,VINO
2.95,2.95,2.95,2.95,200,2021-10-25 13:40:00,VINO
2.96,2.96,2.96,2.96,100,2021-10-25 13:44:00,VINO
2.95,3.03,2.95,3.03,20446,2021-10-25 13:49:00,VINO
3.02,3.07,3.005,3.07,15982,2021-10-25 13:50:00,VINO
3.09,3.1,3.06,3.1,6291,2021-10-25 13:51:00,VINO
3.115,3.115,3.1,3.1,200,2021-10-25 13:52:00,VINO
3.1,3.13,3.1,3.1,21099,2021-10-25 13:53:00,VINO
3.1013,3.1013,3.095,3.095,5970,2021-10-25 13:54:00,VINO
3.0801,3.095,3.0801,3.095,1300,2021-10-25 14:00:00,VINO
3.1289,3.1289,3.1289,3.1289,965,2021-10-25 14:01:00,VINO
3.08,3.08,3.08,3.08,100,2021-10-25 14:04:00,VINO
3.06,3.08,3.06,3.08,1500,2021-10-25 14:05:00,VINO
3.0895,3.0895,3.08,3.08,449,2021-10-25 14:06:00,VINO
3.07,3.07,3.07,3.07,550,2021-10-25 14:11:00,VINO
3.07,3.07,3.07,3.07,100,2021-10-25 14:12:00,VINO
3.07,3.07,3.06,3.06,200,2021-10-25 14:15:00,VINO
3.06,3.06,3.06,3.06,100,2021-10-25 14:18:00,VINO
3.08,3.08,3.06,3.06,3200,2021-10-25 14:19:00,VINO
3.06,3.06,3.06,3.06,601,2021-10-25 14:22:00,VINO
3.03,3.03,3.03,3.03,100,2021-10-25 14:26:00,VINO
3.03,3.03,3.03,3.03,200,2021-10-25 14:29:00,VINO
3.045,3.045,3.025,3.025,300,2021-10-25 14:34:00,VINO
3.035,3.035,3.035,3.035,200,2021-10-25 14:53:00,VINO
3.05,3.05,3.05,3.05,100,2021-10-25 15:09:00,VINO
3.035,3.035,3.035,3.035,200,2021-10-25 15:12:00,VINO
3.02,3.02,3.02,3.02,100,2021-10-25 15:15:00,VINO
3.0227,3.0227,3.0227,3.0227,800,2021-10-25 15:22:00,VINO
3.035,3.035,3.035,3.035,100,2021-10-25 15:23:00,VINO
3.03,3.03,3.03,3.03,100,2021-10-25 15:34:00,VINO
3.03,3.03,3.03,3.03,2274,2021-10-25 15:37:00,VINO
3.02,3.02,3.02,3.02,100,2021-10-25 15:38:00,VINO
3.035,3.035,3.035,3.035,100,2021-10-25 15:41:00,VINO
3.035,3.035,3.035,3.035,100,2021-10-25 15:47:00,VINO
3.04,3.04,3.04,3.04,100,2021-10-25 15:57:00,VINO
3.035,3.035,3.035,3.035,100,2021-10-25 15:59:00,VINO
3.04,3.04,3.04,3.04,200,2021-10-25 16:12:00,VINO
3.044,3.044,3.04,3.04,1000,2021-10-25 16:14:00,VINO
3.0315,3.0315,3.0315,3.0315,496,2021-10-25 16:15:00,VINO
3.04,3.04,3.04,3.04,100,2021-10-25 16:16:00,VINO
3.04,3.04,3.04,3.04,100,2021-10-25 16:41:00,VINO
3.04,3.04,3.04,3.04,1000,2021-10-25 16:43:00,VINO
3.04,3.04,3.04,3.04,500,2021-10-25 16:44:00,VINO
3.03,3.03,3.03,3.03,800,2021-10-25 16:50:00,VINO
3.04,3.04,3.04,3.04,100,2021-10-25 16:55:00,VINO
3.04,3.04,2.9902,3.0,11908,2021-10-25 16:59:00,VINO
3.0,3.0,3.0,3.0,200,2021-10-25 17:00:00,VINO
3.0,3.0083,3.0,3.0083,500,2021-10-25 17:06:00,VINO
3.005,3.005,2.9861,2.9861,1400,2021-10-25 17:09:00,VINO
2.9652,2.9652,2.9652,2.9652,500,2021-10-25 17:10:00,VINO
2.9614,2.9614,2.9614,2.9614,159,2021-10-25 17:12:00,VINO
2.9742,2.9742,2.9742,2.9742,164,2021-10-25 17:15:00,VINO
3.02,3.02,2.99,2.99,500,2021-10-25 17:45:00,VINO
2.9904,2.9904,2.9904,2.9904,100,2021-10-25 17:49:00,VINO
3.0,3.0,2.98,2.98,800,2021-10-25 17:53:00,VINO
3.01,3.01,3.01,3.01,100,2021-10-25 17:58:00,VINO
3.04,3.04,3.04,3.04,175,2021-10-25 18:07:00,VINO
3.0399,3.0399,3.0399,3.0399,500,2021-10-25 18:12:00,VINO
3.04,3.04,3.03,3.03,450,2021-10-25 18:18:00,VINO
3.04,3.04,3.04,3.04,200,2021-10-25 18:22:00,VINO
3.05,3.05,3.02,3.02,1200,2021-10-25 18:28:00,VINO
3.025,3.025,3.0,3.0,2016,2021-10-25 18:42:00,VINO
2.99,2.99,2.98,2.98,900,2021-10-25 18:44:00,VINO
2.98,2.98,2.98,2.98,100,2021-10-25 18:46:00,VINO
2.99,3.0,2.99,3.0,200,2021-10-25 18:49:00,VINO
3.015,3.015,2.98,2.98,648,2021-10-25 19:02:00,VINO
3.0,3.0,3.0,3.0,1000,2021-10-25 19:06:00,VINO
2.99,2.99,2.99,2.99,100,2021-10-25 19:11:00,VINO
3.0,3.0,3.0,3.0,1200,2021-10-25 19:22:00,VINO
3.02,3.02,3.02,3.02,1000,2021-10-25 19:24:00,VINO
3.0,3.0,3.0,3.0,100,2021-10-25 19:25:00,VINO
3.03,3.03,3.03,3.03,200,2021-10-25 19:31:00,VINO
3.03,3.03,3.03,3.03,100,2021-10-25 19:32:00,VINO
3.025,3.03,3.025,3.03,332,2021-10-25 19:45:00,VINO
3.007,3.007,3.0,3.0,1243,2021-10-25 19:46:00,VINO
3.05,3.05,3.05,3.05,100,2021-10-25 19:51:00,VINO
3.06,3.06,3.06,3.06,100,2021-10-25 19:55:00,VINO
3.04,3.0599,3.02,3.02,327,2021-10-25 19:56:00,VINO
3.04,3.04,3.02,3.02,400,2021-10-25 19:58:00,VINO
3.02,3.03,3.02,3.02,459,2021-10-25 19:59:00,VINO
2.97,2.97,2.97,2.97,3334,2021-10-26 13:30:00,VINO
2.99,2.99,2.98,2.98,237,2021-10-26 13:36:00,VINO
3.0512,3.0512,3.0512,3.0512,450,2021-10-26 13:39:00,VINO
2.98,2.98,2.98,2.98,900,2021-10-26 13:42:00,VINO
2.98,2.98,2.98,2.98,200,2021-10-26 13:46:00,VINO
2.98,2.98,2.98,2.98,200,2021-10-26 13:51:00,VINO
2.98,2.98,2.98,2.98,200,2021-10-26 13:56:00,VINO
2.98,2.98,2.98,2.98,200,2021-10-26 14:00:00,VINO
2.98,2.98,2.98,2.98,600,2021-10-26 14:03:00,VINO
2.98,2.98,2.98,2.98,400,2021-10-26 14:04:00,VINO
2.98,2.98,2.98,2.98,200,2021-10-26 14:05:00,VINO
2.98,2.98,2.98,2.98,200,2021-10-26 14:06:00,VINO
3.0283,3.0283,2.95,2.95,1004,2021-10-26 14:07:00,VINO
2.95,2.95,2.95,2.95,200,2021-10-26 14:09:00,VINO
2.95,2.95,2.92,2.92,1573,2021-10-26 14:10:00,VINO
2.9201,2.9201,2.92,2.92,1350,2021-10-26 14:13:00,VINO
2.92,2.92,2.92,2.92,3400,2021-10-26 14:15:00,VINO
2.92,2.945,2.92,2.945,6900,2021-10-26 14:20:00,VINO
2.92,2.92,2.92,2.92,3595,2021-10-26 14:26:00,VINO
2.92,2.92,2.92,2.92,425,2021-10-26 14:28:00,VINO
2.959,2.959,2.959,2.959,348,2021-10-26 14:30:00,VINO
2.92,2.927,2.92,2.927,696,2021-10-26 14:31:00,VINO
2.92,2.92,2.92,2.92,900,2021-10-26 14:33:00,VINO
2.937,2.937,2.92,2.92,10110,2021-10-26 14:36:00,VINO
2.92,2.92,2.92,2.92,9973,2021-10-26 14:40:00,VINO
2.9491,2.9491,2.91,2.91,600,2021-10-26 14:42:00,VINO
2.91,2.91,2.91,2.91,1000,2021-10-26 14:46:00,VINO
2.9101,2.9101,2.9101,2.9101,1000,2021-10-26 14:47:00,VINO
2.91,2.91,2.91,2.91,300,2021-10-26 14:49:00,VINO
2.91,2.91,2.91,2.91,400,2021-10-26 14:52:00,VINO
2.91,2.91,2.91,2.91,100,2021-10-26 15:02:00,VINO
2.918,2.918,2.918,2.918,4000,2021-10-26 15:05:00,VINO
2.91,2.91,2.91,2.91,697,2021-10-26 15:06:00,VINO
2.9121,2.9121,2.9121,2.9121,1450,2021-10-26 15:07:00,VINO
2.91,2.91,2.9,2.9,1000,2021-10-26 15:08:00,VINO
2.92,2.92,2.91,2.92,2487,2021-10-26 15:11:00,VINO
2.9296,2.935,2.9296,2.935,1325,2021-10-26 15:20:00,VINO
2.93,2.93,2.93,2.93,500,2021-10-26 15:24:00,VINO
2.93,2.93,2.93,2.93,1383,2021-10-26 15:30:00,VINO
2.93,2.93,2.93,2.93,200,2021-10-26 15:34:00,VINO
2.91,2.91,2.91,2.91,100,2021-10-26 15:39:00,VINO
2.91,2.91,2.91,2.91,100,2021-10-26 15:43:00,VINO
2.9,2.9,2.9,2.9,100,2021-10-26 15:45:00,VINO
2.9,2.9,2.9,2.9,767,2021-10-26 15:48:00,VINO
2.9,2.9,2.9,2.9,100,2021-10-26 15:49:00,VINO
2.89,2.89,2.89,2.89,970,2021-10-26 15:50:00,VINO
2.9,2.9,2.9,2.9,400,2021-10-26 15:52:00,VINO
2.89,2.89,2.89,2.89,100,2021-10-26 15:54:00,VINO
2.9,2.91,2.9,2.9,900,2021-10-26 15:55:00,VINO
2.89,2.89,2.89,2.89,100,2021-10-26 15:57:00,VINO
2.89,2.89,2.88,2.88,3100,2021-10-26 15:59:00,VINO
2.8801,2.8801,2.88,2.88,5353,2021-10-26 16:00:00,VINO
2.8853,2.8853,2.8853,2.8853,150,2021-10-26 16:04:00,VINO
2.89,2.9,2.88,2.88,1200,2021-10-26 16:05:00,VINO
2.8999,2.8999,2.8999,2.8999,173,2021-10-26 16:07:00,VINO
2.9,2.9164,2.899,2.9164,552,2021-10-26 16:08:00,VINO
2.905,2.905,2.905,2.905,100,2021-10-26 16:14:00,VINO
2.89,2.89,2.89,2.89,233,2021-10-26 16:19:00,VINO
2.89,2.89,2.89,2.89,175,2021-10-26 16:22:00,VINO
2.9,2.9,2.9,2.9,200,2021-10-26 16:27:00,VINO
2.89,2.89,2.89,2.89,325,2021-10-26 16:30:00,VINO
2.9,2.9,2.9,2.9,310,2021-10-26 16:34:00,VINO
2.9,2.9,2.9,2.9,200,2021-10-26 16:36:00,VINO
2.91,2.91,2.91,2.91,400,2021-10-26 16:40:00,VINO
2.91,2.91,2.9,2.9,200,2021-10-26 16:41:00,VINO
2.9,2.9,2.9,2.9,500,2021-10-26 16:45:00,VINO
2.8938,2.8938,2.89,2.89,400,2021-10-26 16:46:00,VINO
2.88,2.88,2.88,2.88,100,2021-10-26 16:47:00,VINO
2.88,2.88,2.88,2.88,200,2021-10-26 16:48:00,VINO
2.88,2.88,2.88,2.88,100,2021-10-26 16:49:00,VINO
2.89,2.89,2.89,2.89,100,2021-10-26 16:51:00,VINO
2.88,2.9,2.88,2.9,597,2021-10-26 16:53:00,VINO
2.9,2.9,2.9,2.9,510,2021-10-26 16:56:00,VINO
2.9,2.9,2.9,2.9,100,2021-10-26 16:57:00,VINO
2.9,2.9,2.9,2.9,400,2021-10-26 16:59:00,VINO
2.9,2.9,2.9,2.9,509,2021-10-26 17:01:00,VINO
2.93,2.93,2.9295,2.9297,1340,2021-10-26 17:04:00,VINO
2.915,2.915,2.915,2.915,100,2021-10-26 17:10:00,VINO
2.93,2.93,2.93,2.93,805,2021-10-26 17:15:00,VINO
2.9,2.9,2.9,2.9,100,2021-10-26 17:21:00,VINO
2.93,2.93,2.93,2.93,300,2021-10-26 17:22:00,VINO
2.9,2.9,2.9,2.9,100,2021-10-26 17:28:00,VINO
2.9,2.9,2.9,2.9,100,2021-10-26 17:31:00,VINO
2.9,2.9,2.9,2.9,300,2021-10-26 17:37:00,VINO
2.9,2.9,2.9,2.9,200,2021-10-26 17:42:00,VINO
2.915,2.915,2.915,2.915,100,2021-10-26 17:43:00,VINO
2.9,2.9,2.9,2.9,200,2021-10-26 17:46:00,VINO
2.915,2.915,2.9,2.9,200,2021-10-26 17:51:00,VINO
2.915,2.915,2.9,2.9,200,2021-10-26 17:55:00,VINO
2.9,2.9,2.9,2.9,200,2021-10-26 17:59:00,VINO
2.93,2.93,2.9,2.9,200,2021-10-26 18:02:00,VINO
2.93,2.93,2.9,2.9,300,2021-10-26 18:06:00,VINO
2.93,2.93,2.93,2.93,200,2021-10-26 18:07:00,VINO
2.915,2.915,2.915,2.915,200,2021-10-26 18:08:00,VINO
2.93,2.93,2.93,2.93,1000,2021-10-26 18:13:00,VINO
2.94,2.94,2.94,2.94,100,2021-10-26 18:16:00,VINO
2.94,2.94,2.94,2.94,300,2021-10-26 18:17:00,VINO
2.97,2.97,2.97,2.97,100,2021-10-26 18:19:00,VINO
2.97,2.97,2.93,2.93,300,2021-10-26 18:22:00,VINO
2.97,2.97,2.97,2.97,100,2021-10-26 18:25:00,VINO
2.945,2.945,2.92,2.92,300,2021-10-26 18:27:00,VINO
2.945,2.945,2.945,2.945,1000,2021-10-26 18:28:00,VINO
2.945,2.945,2.92,2.92,300,2021-10-26 18:32:00,VINO
2.945,2.945,2.92,2.92,200,2021-10-26 18:35:00,VINO
2.935,2.935,2.935,2.935,200,2021-10-26 18:40:00,VINO
2.93,2.93,2.92,2.92,300,2021-10-26 18:45:00,VINO
2.925,2.925,2.91,2.91,300,2021-10-26 18:47:00,VINO
2.91,2.91,2.91,2.91,300,2021-10-26 18:48:00,VINO
2.91,2.91,2.91,2.91,300,2021-10-26 18:51:00,VINO
2.91,2.91,2.91,2.91,300,2021-10-26 18:55:00,VINO
2.91,2.91,2.9081,2.9081,200,2021-10-26 18:56:00,VINO
2.91,2.91,2.91,2.91,500,2021-10-26 18:58:00,VINO
2.94,2.94,2.94,2.94,100,2021-10-26 19:02:00,VINO
2.94,2.94,2.93,2.93,600,2021-10-26 19:05:00,VINO
2.96,2.96,2.93,2.93,200,2021-10-26 19:07:00,VINO
2.95,2.95,2.95,2.95,100,2021-10-26 19:10:00,VINO
2.94,2.95,2.94,2.95,200,2021-10-26 19:13:00,VINO
2.94,2.94,2.94,2.94,200,2021-10-26 19:16:00,VINO
2.94,2.94,2.94,2.94,100,2021-10-26 19:18:00,VINO
2.948,2.948,2.9385,2.94,5550,2021-10-26 19:19:00,VINO
2.95,2.95,2.95,2.95,300,2021-10-26 19:20:00,VINO
2.96,2.96,2.96,2.96,300,2021-10-26 19:21:00,VINO
2.97,2.97,2.97,2.97,100,2021-10-26 19:26:00,VINO
2.955,2.955,2.955,2.955,300,2021-10-26 19:28:00,VINO
2.95,2.95,2.94,2.94,200,2021-10-26 19:32:00,VINO
2.95,2.95,2.95,2.95,200,2021-10-26 19:36:00,VINO
2.95,2.95,2.95,2.95,100,2021-10-26 19:39:00,VINO
2.95,2.95,2.95,2.95,100,2021-10-26 19:40:00,VINO
2.935,2.935,2.935,2.935,100,2021-10-26 19:44:00,VINO
2.94,2.94,2.93,2.93,200,2021-10-26 19:45:00,VINO
2.93,2.93,2.93,2.93,100,2021-10-26 19:47:00,VINO
2.93,2.93,2.92,2.92,400,2021-10-26 19:48:00,VINO
2.925,2.925,2.92,2.92,300,2021-10-26 19:51:00,VINO
2.92,2.92,2.92,2.92,100,2021-10-26 19:52:00,VINO
2.92,2.92,2.92,2.92,100,2021-10-26 19:54:00,VINO
2.94,2.94,2.9,2.9,544,2021-10-26 19:55:00,VINO
2.92,2.92,2.92,2.92,200,2021-10-26 19:56:00,VINO
2.94,2.94,2.925,2.94,903,2021-10-26 19:57:00,VINO
2.95,2.95,2.9,2.9,200,2021-10-26 19:58:00,VINO
2.95,2.95,2.9,2.91,450,2021-10-26 19:59:00,VINO
2.91,2.91,2.91,2.91,2084,2021-10-26 20:00:00,VINO
2.9,2.9,2.9,2.9,1756,2021-10-26 21:52:00,VINO
2.93,2.93,2.93,2.93,1735,2021-10-27 13:30:00,VINO
2.9436,2.96,2.9436,2.96,200,2021-10-27 13:36:00,VINO
2.89,2.93,2.89,2.93,200,2021-10-27 13:40:00,VINO
2.89,2.93,2.89,2.93,300,2021-10-27 13:44:00,VINO
2.91,2.91,2.9,2.9,200,2021-10-27 13:47:00,VINO
2.9,2.9,2.9,2.9,200,2021-10-27 13:48:00,VINO
2.9,2.9,2.9,2.9,200,2021-10-27 13:49:00,VINO
2.9,2.9,2.9,2.9,100,2021-10-27 13:50:00,VINO
2.9,2.9,2.89,2.9,1332,2021-10-27 13:51:00,VINO
2.91,2.94,2.9095,2.94,2912,2021-10-27 13:52:00,VINO
2.98,2.98,2.98,2.98,100,2021-10-27 13:55:00,VINO
2.91,2.945,2.91,2.945,785,2021-10-27 14:01:00,VINO
2.91,2.91,2.91,2.91,500,2021-10-27 14:03:00,VINO
2.91,2.91,2.91,2.91,200,2021-10-27 14:05:00,VINO
2.96,2.96,2.96,2.96,100,2021-10-27 14:06:00,VINO
2.91,2.91,2.91,2.91,500,2021-10-27 14:09:00,VINO
2.91,2.91,2.91,2.91,100,2021-10-27 14:10:00,VINO
2.91,2.91,2.89,2.89,300,2021-10-27 14:13:00,VINO
2.92,2.92,2.92,2.92,100,2021-10-27 14:14:00,VINO
2.89,2.9384,2.89,2.9384,200,2021-10-27 14:15:00,VINO
2.92,2.92,2.92,2.92,100,2021-10-27 14:16:00,VINO
2.89,2.89,2.88,2.88,3334,2021-10-27 14:19:00,VINO
2.89,2.89,2.89,2.89,300,2021-10-27 14:22:00,VINO
2.89,2.89,2.89,2.89,200,2021-10-27 14:23:00,VINO
2.92,2.925,2.92,2.925,200,2021-10-27 14:24:00,VINO
2.89,2.89,2.89,2.89,300,2021-10-27 14:27:00,VINO
2.89,2.89,2.89,2.89,200,2021-10-27 14:29:00,VINO
2.9386,2.9386,2.9386,2.9386,500,2021-10-27 14:33:00,VINO
2.9,2.9,2.89,2.89,200,2021-10-27 14:34:00,VINO
2.92,2.92,2.92,2.92,100,2021-10-27 14:35:00,VINO
2.89,2.89,2.89,2.89,200,2021-10-27 14:37:00,VINO
2.89,2.89,2.89,2.89,300,2021-10-27 14:43:00,VINO
2.89,2.93,2.89,2.89,1000,2021-10-27 14:47:00,VINO
2.89,2.89,2.89,2.89,300,2021-10-27 14:48:00,VINO
2.89,2.89,2.89,2.89,100,2021-10-27 14:50:00,VINO
2.89,2.915,2.89,2.89,2300,2021-10-27 14:51:00,VINO
2.89,2.89,2.89,2.89,100,2021-10-27 14:52:00,VINO
2.8919,2.8919,2.89,2.89,10709,2021-10-27 14:53:00,VINO
2.88,2.88,2.88,2.88,603,2021-10-27 14:57:00,VINO
2.88,2.88,2.88,2.88,200,2021-10-27 15:06:00,VINO
2.89,2.89,2.889,2.889,200,2021-10-27 15:07:00,VINO
2.8716,2.8716,2.87,2.87,1568,2021-10-27 15:11:00,VINO
2.86,2.86,2.86,2.86,200,2021-10-27 15:16:00,VINO
2.86,2.86,2.86,2.86,200,2021-10-27 15:18:00,VINO
2.86,2.86,2.86,2.86,200,2021-10-27 15:22:00,VINO
2.86,2.86,2.8,2.8,7724,2021-10-27 15:25:00,VINO
2.815,2.815,2.815,2.815,1000,2021-10-27 15:26:00,VINO
2.8,2.8,2.8,2.8,298,2021-10-27 15:27:00,VINO
2.8,2.8,2.8,2.8,200,2021-10-27 15:30:00,VINO
2.81,2.81,2.81,2.81,100,2021-10-27 15:31:00,VINO
2.8007,2.8007,2.8007,2.8007,298,2021-10-27 15:32:00,VINO
2.8,2.8,2.8,2.8,200,2021-10-27 15:33:00,VINO
2.8,2.8,2.8,2.8,100,2021-10-27 15:36:00,VINO
2.815,2.815,2.815,2.815,100,2021-10-27 15:38:00,VINO
2.8,2.8,2.8,2.8,500,2021-10-27 15:39:00,VINO
2.83,2.83,2.83,2.83,100,2021-10-27 15:42:00,VINO
2.8,2.8,2.8,2.8,100,2021-10-27 15:46:00,VINO
2.81,2.81,2.8,2.8,200,2021-10-27 15:51:00,VINO
2.8,2.81,2.8,2.81,500,2021-10-27 15:53:00,VINO
2.8,2.8,2.8,2.8,300,2021-10-27 15:55:00,VINO
2.8,2.8,2.8,2.8,200,2021-10-27 15:56:00,VINO
2.8,2.8,2.8,2.8,100,2021-10-27 15:57:00,VINO
2.8,2.8,2.8,2.8,200,2021-10-27 15:58:00,VINO
2.8,2.8,2.8,2.8,200,2021-10-27 15:59:00,VINO
2.8,2.8,2.8,2.8,311,2021-10-27 16:00:00,VINO
2.8,2.8,2.8,2.8,200,2021-10-27 16:01:00,VINO
2.81,2.83,2.81,2.8165,1890,2021-10-27 16:02:00,VINO
2.8297,2.8297,2.8297,2.8297,800,2021-10-27 16:05:00,VINO
2.8,2.8,2.8,2.8,130,2021-10-27 16:06:00,VINO
2.81,2.81,2.81,2.81,100,2021-10-27 16:08:00,VINO
2.81,2.81,2.81,2.81,300,2021-10-27 16:13:00,VINO
2.82,2.82,2.82,2.82,300,2021-10-27 16:16:00,VINO
2.8245,2.8245,2.8245,2.8245,200,2021-10-27 16:27:00,VINO
2.815,2.815,2.815,2.815,100,2021-10-27 16:28:00,VINO
2.8,2.8,2.8,2.8,400,2021-10-27 16:33:00,VINO
2.8,2.8,2.8,2.8,200,2021-10-27 16:39:00,VINO
2.8097,2.8097,2.8097,2.8097,1100,2021-10-27 16:42:00,VINO
2.8,2.8,2.8,2.8,773,2021-10-27 16:44:00,VINO
2.812,2.812,2.812,2.812,200,2021-10-27 16:45:00,VINO
2.8,2.8,2.8,2.8,200,2021-10-27 16:50:00,VINO
2.8,2.8,2.8,2.8,100,2021-10-27 16:57:00,VINO
2.8,2.8,2.8,2.8,100,2021-10-27 16:59:00,VINO
2.8,2.8,2.8,2.8,200,2021-10-27 17:04:00,VINO
2.81,2.81,2.81,2.81,100,2021-10-27 17:07:00,VINO
2.8157,2.8157,2.8157,2.8157,770,2021-10-27 17:09:00,VINO
2.8,2.8,2.8,2.8,128,2021-10-27 17:11:00,VINO
2.815,2.815,2.81,2.81,200,2021-10-27 17:13:00,VINO
2.8158,2.8158,2.8158,2.8158,100,2021-10-27 17:16:00,VINO
2.8,2.8,2.8,2.8,200,2021-10-27 17:17:00,VINO
2.8,2.8,2.8,2.8,200,2021-10-27 17:22:00,VINO
2.8,2.8,2.8,2.8,266,2021-10-27 17:23:00,VINO
2.79,2.79,2.79,2.79,200,2021-10-27 17:31:00,VINO
2.805,2.82,2.805,2.8181,1285,2021-10-27 17:36:00,VINO
2.79,2.79,2.79,2.79,490,2021-10-27 17:40:00,VINO
2.815,3.0,2.8,3.0,48194,2021-10-27 18:00:00,VINO
3.0,3.0,2.92,2.94,1081,2021-10-27 18:01:00,VINO
2.93,2.94,2.93,2.94,620,2021-10-27 18:02:00,VINO
2.9345,2.94,2.89,2.89,1070,2021-10-27 18:03:00,VINO
2.8998,2.8998,2.895,2.895,480,2021-10-27 18:04:00,VINO
2.93,2.93,2.93,2.93,100,2021-10-27 18:08:00,VINO
2.9,2.9,2.9,2.9,342,2021-10-27 18:12:00,VINO
2.905,2.905,2.905,2.905,100,2021-10-27 18:26:00,VINO
2.92,2.92,2.92,2.92,100,2021-10-27 18:32:00,VINO
2.92,2.92,2.92,2.92,100,2021-10-27 18:33:00,VINO
2.92,2.93,2.89,2.89,2140,2021-10-27 18:35:00,VINO
2.915,2.915,2.915,2.915,200,2021-10-27 18:41:00,VINO
2.89,2.89,2.89,2.89,800,2021-10-27 18:48:00,VINO
2.9,2.9,2.9,2.9,290,2021-10-27 18:51:00,VINO
2.91,2.91,2.91,2.91,100,2021-10-27 18:53:00,VINO
2.91,2.91,2.91,2.91,100,2021-10-27 19:06:00,VINO
2.905,2.905,2.89,2.89,300,2021-10-27 19:20:00,VINO
2.89,2.89,2.89,2.89,100,2021-10-27 19:22:00,VINO
2.8901,2.8901,2.8901,2.8901,1000,2021-10-27 19:27:00,VINO
2.89,2.8918,2.89,2.8918,991,2021-10-27 19:28:00,VINO
2.86,2.86,2.86,2.86,100,2021-10-27 19:29:00,VINO
2.86,2.86,2.86,2.86,200,2021-10-27 19:30:00,VINO
2.885,2.885,2.885,2.885,200,2021-10-27 19:32:00,VINO
2.86,2.86,2.86,2.86,200,2021-10-27 19:34:00,VINO
2.87,2.87,2.86,2.86,200,2021-10-27 19:43:00,VINO
2.86,2.86,2.86,2.86,100,2021-10-27 19:44:00,VINO
2.85,2.85,2.85,2.85,100,2021-10-27 19:47:00,VINO
2.85,2.85,2.83,2.83,800,2021-10-27 19:50:00,VINO
2.85,2.87,2.85,2.87,1000,2021-10-27 19:55:00,VINO
2.87,2.88,2.87,2.88,400,2021-10-27 19:56:00,VINO
2.88,2.88,2.8799,2.8799,900,2021-10-27 19:57:00,VINO
2.89,2.89,2.89,2.89,100,2021-10-27 19:58:00,VINO
2.87,2.87,2.87,2.87,100,2021-10-27 19:59:00,VINO
2.89,2.89,2.89,2.89,1122,2021-10-27 20:00:00,VINO
2.89,2.89,2.89,2.89,203,2021-10-28 11:00:00,VINO
2.85,2.85,2.85,2.85,100,2021-10-28 11:21:00,VINO
2.85,2.85,2.85,2.85,100,2021-10-28 11:27:00,VINO
2.85,2.85,2.85,2.85,218,2021-10-28 11:32:00,VINO
2.87,2.89,2.87,2.89,1259,2021-10-28 13:30:00,VINO
2.95,2.95,2.95,2.95,100,2021-10-28 13:44:00,VINO
2.925,2.925,2.925,2.925,300,2021-10-28 13:45:00,VINO
2.9561,2.9561,2.9561,2.9561,500,2021-10-28 13:46:00,VINO
2.95,2.96,2.95,2.9582,1761,2021-10-28 13:47:00,VINO
2.96,2.99,2.92,2.92,1200,2021-10-28 13:48:00,VINO
2.9251,2.9251,2.9251,2.9251,850,2021-10-28 13:51:00,VINO
2.9955,2.9955,2.91,2.92,5300,2021-10-28 13:52:00,VINO
2.9787,2.99,2.945,2.945,1400,2021-10-28 13:53:00,VINO
2.9827,2.9827,2.9827,2.9827,800,2021-10-28 13:54:00,VINO
2.98,3.0,2.975,3.0,3388,2021-10-28 13:56:00,VINO
3.0038,3.089,2.95,2.99,20309,2021-10-28 13:57:00,VINO
2.9701,2.99,2.9701,2.99,1400,2021-10-28 13:58:00,VINO
2.9701,2.99,2.9701,2.98,2800,2021-10-28 14:00:00,VINO
2.97,2.97,2.97,2.97,690,2021-10-28 14:01:00,VINO
2.99,2.993,2.99,2.993,1000,2021-10-28 14:03:00,VINO
2.9901,2.9912,2.99,2.99,17354,2021-10-28 14:04:00,VINO
2.95,2.95,2.95,2.95,200,2021-10-28 14:05:00,VINO
3.005,3.005,3.005,3.005,216,2021-10-28 14:07:00,VINO
2.96,3.005,2.96,3.005,1346,2021-10-28 14:11:00,VINO
2.955,2.955,2.91,2.91,700,2021-10-28 14:24:00,VINO
2.91,2.91,2.91,2.91,100,2021-10-28 14:25:00,VINO
2.9436,2.9436,2.9436,2.9436,300,2021-10-28 14:37:00,VINO
2.9293,2.9293,2.9293,2.9293,134,2021-10-28 14:38:00,VINO
2.955,2.955,2.955,2.955,123,2021-10-28 15:44:00,VINO
2.9264,2.9264,2.9264,2.9264,500,2021-10-28 15:49:00,VINO
2.96,2.96,2.96,2.96,1000,2021-10-28 16:02:00,VINO
2.97,2.97,2.96,2.96,591,2021-10-28 16:21:00,VINO
2.96,2.96,2.96,2.96,527,2021-10-28 16:22:00,VINO
2.97,2.97,2.97,2.97,1465,2021-10-28 16:23:00,VINO
2.951,2.951,2.92,2.95,3125,2021-10-28 16:24:00,VINO
2.9727,2.9727,2.95,2.95,1145,2021-10-28 16:31:00,VINO
2.95,2.95,2.95,2.95,100,2021-10-28 16:32:00,VINO
2.98,3.01,2.96,2.96,3740,2021-10-28 16:33:00,VINO
3.03,3.05,3.03,3.05,14885,2021-10-28 16:41:00,VINO
3.0399,3.1,3.0399,3.1,7259,2021-10-28 16:42:00,VINO
3.07,3.15,3.07,3.07,3988,2021-10-28 16:43:00,VINO
3.0799,3.0799,3.0799,3.0799,300,2021-10-28 16:45:00,VINO
3.085,3.085,3.05,3.05,9814,2021-10-28 16:46:00,VINO
3.05,3.075,3.05,3.075,2692,2021-10-28 16:47:00,VINO
3.075,3.075,3.075,3.075,100,2021-10-28 16:48:00,VINO
3.06,3.0602,3.06,3.0602,1300,2021-10-28 16:51:00,VINO
3.06,3.06,3.057,3.057,600,2021-10-28 16:52:00,VINO
3.06,3.06,3.06,3.06,100,2021-10-28 16:53:00,VINO
3.05,3.051,3.05,3.05,1486,2021-10-28 16:55:00,VINO
3.05,3.068,3.05,3.068,278,2021-10-28 16:56:00,VINO
3.0596,3.0596,3.0596,3.0596,150,2021-10-28 16:59:00,VINO
3.05,3.05,3.01,3.02,5661,2021-10-28 17:04:00,VINO
3.06,3.08,3.06,3.064,1700,2021-10-28 17:07:00,VINO
3.055,3.055,3.05,3.05,500,2021-10-28 17:18:00,VINO
3.1,3.1,3.09,3.1,620,2021-10-28 17:35:00,VINO
3.101,3.1017,3.1,3.1017,2700,2021-10-28 17:37:00,VINO
3.07,3.07,3.07,3.07,200,2021-10-28 17:38:00,VINO
3.07,3.07,3.05,3.07,446,2021-10-28 17:40:00,VINO
3.02,3.02,3.02,3.02,100,2021-10-28 17:50:00,VINO
3.03,3.03,3.03,3.03,300,2021-10-28 17:57:00,VINO
3.031,3.05,3.031,3.05,1000,2021-10-28 18:07:00,VINO
3.03,3.0305,3.03,3.0305,600,2021-10-28 18:12:00,VINO
3.0327,3.0327,3.02,3.02,371,2021-10-28 18:19:00,VINO
3.035,3.035,3.02,3.02,1100,2021-10-28 18:32:00,VINO
3.0245,3.0245,3.0245,3.0245,180,2021-10-28 18:39:00,VINO
2.9876,2.9876,2.9876,2.9876,120,2021-10-28 18:45:00,VINO
3.015,3.015,3.015,3.015,100,2021-10-28 18:47:00,VINO
3.0302,3.0302,3.0302,3.0302,124,2021-10-28 18:54:00,VINO
2.984,3.015,2.97,2.97,8959,2021-10-28 18:55:00,VINO
2.96,2.96,2.96,2.96,750,2021-10-28 18:56:00,VINO
2.96,2.96,2.92,2.9501,8966,2021-10-28 19:00:00,VINO
3.02,3.04,3.02,3.04,400,2021-10-28 19:01:00,VINO
2.9309,2.99,2.93,2.96,5988,2021-10-28 19:04:00,VINO
2.9759,2.9759,2.96,2.96,5132,2021-10-28 19:27:00,VINO
2.9659,2.9659,2.9659,2.9659,116,2021-10-28 19:46:00,VINO
2.9653,2.99,2.96,2.99,5300,2021-10-28 19:53:00,VINO
2.96,2.96,2.96,2.96,100,2021-10-28 19:54:00,VINO
2.96,2.96,2.96,2.96,182,2021-10-28 19:57:00,VINO
2.97,2.97,2.96,2.96,200,2021-10-28 19:59:00,VINO
2.96,2.96,2.96,2.96,902,2021-10-28 20:00:00,VINO
3.0,3.0,3.0,3.0,100,2021-10-28 23:45:00,VINO
2.98,3.035,2.98,3.035,596,2021-10-29 13:30:00,VINO
3.0,3.0,2.9955,2.9955,400,2021-10-29 13:38:00,VINO
3.0,3.0,2.99,2.99,900,2021-10-29 13:40:00,VINO
2.9901,2.9901,2.99,2.99,2318,2021-10-29 13:46:00,VINO
2.97,2.97,2.97,2.97,100,2021-10-29 14:10:00,VINO
2.96,2.96,2.96,2.96,100,2021-10-29 14:12:00,VINO
2.96,2.96,2.95,2.95,450,2021-10-29 14:15:00,VINO
2.9324,2.9324,2.9324,2.9324,1075,2021-10-29 14:26:00,VINO
2.95,2.95,2.935,2.935,200,2021-10-29 14:29:00,VINO
2.935,2.935,2.935,2.935,100,2021-10-29 14:32:00,VINO
2.935,2.935,2.935,2.935,400,2021-10-29 14:35:00,VINO
2.95,2.95,2.9485,2.9485,480,2021-10-29 14:36:00,VINO
2.93,2.935,2.93,2.935,500,2021-10-29 14:39:00,VINO
2.935,2.935,2.935,2.935,1100,2021-10-29 14:42:00,VINO
2.95,2.95,2.95,2.95,100,2021-10-29 14:50:00,VINO
2.95,2.95,2.95,2.95,100,2021-10-29 14:55:00,VINO
2.95,2.95,2.95,2.95,100,2021-10-29 14:59:00,VINO
2.95,2.95,2.93,2.93,200,2021-10-29 15:07:00,VINO
2.95,2.95,2.95,2.95,848,2021-10-29 15:13:00,VINO
2.95,2.95,2.95,2.95,100,2021-10-29 15:14:00,VINO
2.95,2.95,2.95,2.95,300,2021-10-29 15:17:00,VINO
2.95,2.95,2.95,2.95,100,2021-10-29 15:20:00,VINO
2.935,2.935,2.935,2.935,100,2021-10-29 15:23:00,VINO
2.95,2.95,2.95,2.95,100,2021-10-29 15:30:00,VINO
2.95,2.95,2.95,2.95,100,2021-10-29 15:35:00,VINO
2.95,2.95,2.95,2.95,100,2021-10-29 15:41:00,VINO
2.95,2.95,2.95,2.95,100,2021-10-29 15:46:00,VINO
2.95,2.95,2.9303,2.9303,300,2021-10-29 15:53:00,VINO
2.95,2.95,2.95,2.95,100,2021-10-29 15:59:00,VINO
2.95,2.95,2.95,2.95,100,2021-10-29 16:07:00,VINO
2.95,2.95,2.95,2.95,100,2021-10-29 16:16:00,VINO
2.95,2.95,2.95,2.95,100,2021-10-29 16:25:00,VINO
2.94,2.94,2.94,2.94,100,2021-10-29 16:35:00,VINO
2.93,2.93,2.93,2.93,100,2021-10-29 16:38:00,VINO
2.94,2.94,2.94,2.94,100,2021-10-29 16:43:00,VINO
2.94,2.94,2.94,2.94,100,2021-10-29 16:53:00,VINO
2.92,2.92,2.92,2.92,100,2021-10-29 16:57:00,VINO
2.94,2.94,2.94,2.94,100,2021-10-29 17:03:00,VINO
2.94,2.94,2.93,2.93,300,2021-10-29 17:09:00,VINO
2.93,2.93,2.9,2.9,3167,2021-10-29 17:14:00,VINO
2.9266,2.9266,2.9266,2.9266,200,2021-10-29 17:23:00,VINO
2.93,2.93,2.93,2.93,100,2021-10-29 17:53:00,VINO
2.94,2.94,2.94,2.94,100,2021-10-29 18:03:00,VINO
2.94,2.94,2.94,2.94,100,2021-10-29 18:10:00,VINO
2.94,2.94,2.94,2.94,100,2021-10-29 18:16:00,VINO
2.94,2.94,2.92,2.938,400,2021-10-29 18:26:00,VINO
2.935,2.935,2.935,2.935,100,2021-10-29 18:32:00,VINO
2.935,2.935,2.935,2.935,200,2021-10-29 18:33:00,VINO
2.935,2.935,2.935,2.935,200,2021-10-29 18:35:00,VINO
2.94,2.95,2.94,2.94,1734,2021-10-29 18:40:00,VINO
2.955,2.955,2.95,2.95,5300,2021-10-29 18:44:00,VINO
2.97,2.97,2.97,2.97,100,2021-10-29 19:07:00,VINO
2.97,2.97,2.95,2.95,900,2021-10-29 19:08:00,VINO
2.94,2.94,2.94,2.94,5000,2021-10-29 19:12:00,VINO
2.97,2.97,2.97,2.97,100,2021-10-29 19:14:00,VINO
2.97,2.97,2.97,2.97,100,2021-10-29 19:21:00,VINO
2.97,2.97,2.94,2.94,2100,2021-10-29 19:23:00,VINO
2.955,2.955,2.955,2.955,187,2021-10-29 19:24:00,VINO
2.97,2.97,2.97,2.97,100,2021-10-29 19:28:00,VINO
2.97,2.97,2.97,2.97,100,2021-10-29 19:34:00,VINO
2.97,2.97,2.97,2.97,100,2021-10-29 19:41:00,VINO
2.94,2.955,2.94,2.955,1100,2021-10-29 19:45:00,VINO
2.97,2.97,2.97,2.97,100,2021-10-29 19:48:00,VINO
2.94,2.955,2.94,2.955,9898,2021-10-29 19:50:00,VINO
2.955,2.955,2.955,2.955,100,2021-10-29 19:53:00,VINO
2.96,2.96,2.96,2.96,302,2021-10-29 19:54:00,VINO
2.96,2.96,2.96,2.96,294,2021-10-29 19:57:00,VINO
2.955,2.955,2.955,2.955,100,2021-10-29 19:58:00,VINO
2.955,2.955,2.955,2.955,248,2021-10-29 19:59:00,VINO
2.94,2.94,2.94,2.94,336,2021-10-29 20:00:00,VINO
