open,high,low,close,volume,datetime,symbol
0.5447,0.5447,0.5447,0.5447,100,2022-05-23 08:08:00,GFAI
0.55,0.55,0.55,0.55,148,2022-05-23 08:18:00,GFAI
0.55,0.55,0.55,0.55,112,2022-05-23 08:43:00,GFAI
0.55,0.55,0.55,0.55,200,2022-05-23 09:45:00,GFAI
0.55,0.55,0.55,0.55,200,2022-05-23 09:47:00,GFAI
0.55,0.55,0.55,0.55,175,2022-05-23 10:04:00,GFAI
0.55,0.55,0.55,0.55,100,2022-05-23 10:16:00,GFAI
0.55,0.55,0.55,0.55,316,2022-05-23 10:23:00,GFAI
0.5506,0.5506,0.55,0.55,7283,2022-05-23 10:29:00,GFAI
0.5637,0.5639,0.5637,0.5639,200,2022-05-23 10:59:00,GFAI
0.5575,0.5637,0.55,0.5637,961,2022-05-23 11:00:00,GFAI
0.56,0.56,0.56,0.56,300,2022-05-23 11:04:00,GFAI
0.56,0.56,0.56,0.56,300,2022-05-23 11:14:00,GFAI
0.55,0.55,0.55,0.55,611,2022-05-23 11:17:00,GFAI
0.55,0.55,0.55,0.55,312,2022-05-23 11:54:00,GFAI
0.5695,0.5695,0.5695,0.5695,110,2022-05-23 12:02:00,GFAI
0.5694,0.5694,0.5694,0.5694,175,2022-05-23 12:04:00,GFAI
0.5695,0.5695,0.5695,0.5695,750,2022-05-23 12:08:00,GFAI
0.552,0.552,0.552,0.552,237,2022-05-23 12:11:00,GFAI
0.5693,0.5693,0.5693,0.5693,1322,2022-05-23 12:13:00,GFAI
0.5692,0.5692,0.5692,0.5692,450,2022-05-23 12:16:00,GFAI
0.5691,0.5691,0.5691,0.5691,3500,2022-05-23 12:18:00,GFAI
0.569,0.569,0.569,0.569,1210,2022-05-23 12:21:00,GFAI
0.56,0.56,0.56,0.56,2300,2022-05-23 12:28:00,GFAI
0.552,0.552,0.552,0.552,4000,2022-05-23 12:29:00,GFAI
0.552,0.56,0.552,0.56,1508,2022-05-23 12:30:00,GFAI
0.5522,0.5522,0.552,0.552,900,2022-05-23 12:32:00,GFAI
0.551,0.551,0.551,0.551,554,2022-05-23 12:33:00,GFAI
0.5519,0.557,0.5519,0.557,600,2022-05-23 12:34:00,GFAI
0.553,0.553,0.553,0.553,1100,2022-05-23 12:35:00,GFAI
0.56,0.56,0.56,0.56,2109,2022-05-23 12:37:00,GFAI
0.56,0.56,0.56,0.56,520,2022-05-23 12:38:00,GFAI
0.553,0.553,0.553,0.553,541,2022-05-23 12:39:00,GFAI
0.56,0.56,0.56,0.56,1650,2022-05-23 12:43:00,GFAI
0.5599,0.5599,0.5599,0.5599,3000,2022-05-23 12:45:00,GFAI
0.553,0.553,0.553,0.553,990,2022-05-23 12:46:00,GFAI
0.56,0.56,0.56,0.56,333,2022-05-23 12:49:00,GFAI
0.553,0.553,0.553,0.553,3459,2022-05-23 12:50:00,GFAI
0.5599,0.5599,0.5599,0.5599,140,2022-05-23 12:53:00,GFAI
0.56,0.56,0.56,0.56,150,2022-05-23 12:54:00,GFAI
0.56,0.56,0.56,0.56,370,2022-05-23 12:56:00,GFAI
0.56,0.56,0.56,0.56,3000,2022-05-23 13:01:00,GFAI
0.5598,0.5598,0.5598,0.5598,100,2022-05-23 13:07:00,GFAI
0.5555,0.5555,0.55,0.55,16455,2022-05-23 13:14:00,GFAI
0.55,0.55,0.55,0.55,100,2022-05-23 13:15:00,GFAI
0.55,0.55,0.55,0.55,2000,2022-05-23 13:20:00,GFAI
0.5499,0.5499,0.5499,0.5499,100,2022-05-23 13:21:00,GFAI
0.55,0.55,0.55,0.55,275,2022-05-23 13:22:00,GFAI
0.5489,0.549,0.5482,0.549,400,2022-05-23 13:28:00,GFAI
0.548,0.548,0.548,0.548,200,2022-05-23 13:29:00,GFAI
0.5447,0.5479,0.5447,0.5479,14804,2022-05-23 13:30:00,GFAI
0.5447,0.5447,0.54,0.543,7131,2022-05-23 13:31:00,GFAI
0.543,0.5439,0.54,0.54,9680,2022-05-23 13:32:00,GFAI
0.5401,0.5402,0.5401,0.5402,444,2022-05-23 13:33:00,GFAI
0.535001,0.538399,0.5205,0.538399,18650,2022-05-23 13:34:00,GFAI
0.535,0.535,0.5205,0.5205,3777,2022-05-23 13:35:00,GFAI
0.5278,0.5336,0.5278,0.5336,1500,2022-05-23 13:36:00,GFAI
0.529899,0.529899,0.514999,0.524999,29546,2022-05-23 13:37:00,GFAI
0.5337,0.535,0.525,0.535,1722,2022-05-23 13:38:00,GFAI
0.5151,0.52,0.5151,0.52,9787,2022-05-23 13:39:00,GFAI
0.515,0.525,0.515,0.525,1200,2022-05-23 13:40:00,GFAI
0.5349,0.5349,0.5337,0.5337,7434,2022-05-23 13:41:00,GFAI
0.517,0.5337,0.517,0.5337,327,2022-05-23 13:42:00,GFAI
0.52,0.5349,0.52,0.5349,13745,2022-05-23 13:43:00,GFAI
0.529001,0.534999,0.529,0.530366,3353,2022-05-23 13:44:00,GFAI
0.5304,0.5349,0.53,0.5304,4120,2022-05-23 13:45:00,GFAI
0.5349,0.552,0.53,0.5518,47673,2022-05-23 13:46:00,GFAI
0.53,0.55,0.53,0.55,2951,2022-05-23 13:47:00,GFAI
0.5401,0.552,0.539,0.5391,49199,2022-05-23 13:48:00,GFAI
0.5519,0.5519,0.545599,0.545599,4120,2022-05-23 13:49:00,GFAI
0.5518,0.5518,0.5518,0.5518,331,2022-05-23 13:50:00,GFAI
0.5519,0.5519,0.539899,0.539899,733,2022-05-23 13:51:00,GFAI
0.5422,0.5422,0.5422,0.5422,200,2022-05-23 13:52:00,GFAI
0.5423,0.5424,0.54,0.54,2052,2022-05-23 13:54:00,GFAI
0.5396,0.54,0.5392,0.5392,36209,2022-05-23 13:55:00,GFAI
0.55,0.55,0.54,0.54,311,2022-05-23 13:58:00,GFAI
0.5519,0.5519,0.545,0.545,1445,2022-05-23 13:59:00,GFAI
0.5414,0.5414,0.5414,0.5414,800,2022-05-23 14:00:00,GFAI
0.545,0.5499,0.545,0.5499,9475,2022-05-23 14:02:00,GFAI
0.54,0.5499,0.54,0.5499,29574,2022-05-23 14:03:00,GFAI
0.5432,0.5446,0.5394,0.5394,609,2022-05-23 14:04:00,GFAI
0.5427,0.5427,0.53,0.5301,28673,2022-05-23 14:05:00,GFAI
0.5308,0.5308,0.5303,0.5303,1707,2022-05-23 14:06:00,GFAI
0.53,0.53,0.5225,0.5239,4197,2022-05-23 14:07:00,GFAI
0.5225,0.5251,0.52,0.52,3850,2022-05-23 14:08:00,GFAI
0.52,0.5444,0.516,0.5444,10276,2022-05-23 14:09:00,GFAI
0.5265,0.5265,0.5234,0.5234,2000,2022-05-23 14:10:00,GFAI
0.5309,0.5309,0.52,0.52,14072,2022-05-23 14:11:00,GFAI
0.5298,0.5309,0.5298,0.5309,1400,2022-05-23 14:12:00,GFAI
0.5333,0.535,0.533,0.535,3700,2022-05-23 14:13:00,GFAI
0.53875,0.53875,0.53875,0.53875,2561,2022-05-23 14:14:00,GFAI
0.533,0.5331,0.533,0.5331,7998,2022-05-23 14:15:00,GFAI
0.533,0.533,0.533,0.533,2066,2022-05-23 14:16:00,GFAI
0.5439,0.5439,0.5307,0.5439,814,2022-05-23 14:17:00,GFAI
0.53,0.53,0.53,0.53,4535,2022-05-23 14:18:00,GFAI
0.53,0.53,0.53,0.53,1945,2022-05-23 14:19:00,GFAI
0.5311,0.5311,0.5311,0.5311,800,2022-05-23 14:22:00,GFAI
0.5301,0.5301,0.5301,0.5301,7500,2022-05-23 14:23:00,GFAI
0.53715,0.53715,0.53715,0.53715,100,2022-05-23 14:24:00,GFAI
0.5443,0.5443,0.5443,0.5443,100,2022-05-23 14:25:00,GFAI
0.5303,0.5303,0.5303,0.5303,185,2022-05-23 14:27:00,GFAI
0.54,0.54,0.54,0.54,1500,2022-05-23 14:28:00,GFAI
0.537499,0.5399,0.537499,0.5399,400,2022-05-23 14:31:00,GFAI
0.5442,0.5442,0.5442,0.5442,1500,2022-05-23 14:32:00,GFAI
0.5431,0.5443,0.5431,0.543836,900,2022-05-23 14:33:00,GFAI
0.5351,0.5351,0.5351,0.5351,2074,2022-05-23 14:37:00,GFAI
0.535,0.535,0.535,0.535,300,2022-05-23 14:38:00,GFAI
0.5397,0.5397,0.5397,0.5397,349,2022-05-23 14:39:00,GFAI
0.5429,0.5442,0.53,0.5442,32524,2022-05-23 14:42:00,GFAI
0.5442,0.5442,0.5442,0.5442,100,2022-05-23 14:43:00,GFAI
0.5442,0.5442,0.5442,0.5442,100,2022-05-23 14:45:00,GFAI
0.5442,0.5442,0.5411,0.5426,1156,2022-05-23 14:46:00,GFAI
0.5411,0.5411,0.5234,0.5338,18410,2022-05-23 14:47:00,GFAI
0.530101,0.544099,0.530101,0.544099,1300,2022-05-23 14:49:00,GFAI
0.536999,0.536999,0.536999,0.536999,307,2022-05-23 14:51:00,GFAI
0.5399,0.5399,0.5399,0.5399,600,2022-05-23 14:52:00,GFAI
0.536,0.536,0.536,0.536,220,2022-05-23 14:54:00,GFAI
0.536064,0.536064,0.536,0.536,386,2022-05-23 14:56:00,GFAI
0.5369,0.5369,0.5369,0.5369,300,2022-05-23 14:58:00,GFAI
0.5369,0.5442,0.5364,0.5442,8400,2022-05-23 14:59:00,GFAI
0.544199,0.544199,0.536,0.54174,7023,2022-05-23 15:00:00,GFAI
0.5437,0.5529,0.5437,0.5529,17495,2022-05-23 15:02:00,GFAI
0.553,0.553,0.5501,0.5501,4000,2022-05-23 15:05:00,GFAI
0.552899,0.5529,0.55,0.5529,1500,2022-05-23 15:07:00,GFAI
0.553,0.553,0.5529,0.5529,850,2022-05-23 15:08:00,GFAI
0.5529,0.5529,0.5516,0.5529,2641,2022-05-23 15:11:00,GFAI
0.5529,0.5529,0.5529,0.5529,3607,2022-05-23 15:12:00,GFAI
0.5529,0.5529,0.5501,0.5501,350,2022-05-23 15:13:00,GFAI
0.5529,0.553,0.5528,0.5528,9999,2022-05-23 15:15:00,GFAI
0.5499,0.55,0.549899,0.55,11000,2022-05-23 15:18:00,GFAI
0.55,0.56,0.55,0.56,7143,2022-05-23 15:19:00,GFAI
0.56,0.5629,0.56,0.562688,1280,2022-05-23 15:20:00,GFAI
0.57,0.57,0.57,0.57,3700,2022-05-23 15:21:00,GFAI
0.57,0.57,0.5625,0.5625,1345,2022-05-23 15:22:00,GFAI
0.5685,0.57,0.5685,0.57,1458,2022-05-23 15:23:00,GFAI
0.569,0.569,0.5663,0.5663,575,2022-05-23 15:24:00,GFAI
0.569,0.569,0.569,0.569,438,2022-05-23 15:25:00,GFAI
0.5699,0.5699,0.5625,0.5625,17400,2022-05-23 15:26:00,GFAI
0.5673,0.5673,0.5626,0.5626,3000,2022-05-23 15:27:00,GFAI
0.5662,0.5662,0.564,0.564,600,2022-05-23 15:28:00,GFAI
0.5625,0.5625,0.56,0.56,2386,2022-05-23 15:29:00,GFAI
0.56,0.562399,0.56,0.562399,2100,2022-05-23 15:30:00,GFAI
0.56,0.5624,0.56,0.5601,3654,2022-05-23 15:31:00,GFAI
0.5624,0.5624,0.5601,0.5601,2000,2022-05-23 15:32:00,GFAI
0.56,0.5601,0.56,0.5601,5000,2022-05-23 15:33:00,GFAI
0.5601,0.5601,0.5601,0.5601,100,2022-05-23 15:34:00,GFAI
0.5514,0.5514,0.5514,0.5514,165,2022-05-23 15:35:00,GFAI
0.5686,0.5686,0.5624,0.5624,400,2022-05-23 15:39:00,GFAI
0.568499,0.568499,0.568499,0.568499,100,2022-05-23 15:41:00,GFAI
0.5656,0.5656,0.5624,0.5625,300,2022-05-23 15:42:00,GFAI
0.5626,0.5626,0.5626,0.5626,100,2022-05-23 15:43:00,GFAI
0.561,0.561,0.561,0.561,5400,2022-05-23 15:44:00,GFAI
0.56,0.5626,0.56,0.5626,25000,2022-05-23 15:46:00,GFAI
0.5564,0.5622,0.5564,0.5622,200,2022-05-23 15:47:00,GFAI
0.556,0.556,0.556,0.556,300,2022-05-23 15:50:00,GFAI
0.562499,0.562499,0.562499,0.562499,1500,2022-05-23 15:58:00,GFAI
0.5626,0.5939,0.5626,0.5939,43011,2022-05-23 15:59:00,GFAI
0.5785,0.58,0.5785,0.58,466,2022-05-23 16:00:00,GFAI
0.574,0.5947,0.574,0.5801,16016,2022-05-23 16:01:00,GFAI
0.5801,0.59,0.5801,0.5856,3285,2022-05-23 16:02:00,GFAI
0.5828,0.5828,0.5828,0.5828,200,2022-05-23 16:03:00,GFAI
0.5801,0.581,0.5801,0.581,2236,2022-05-23 16:04:00,GFAI
0.5656,0.5656,0.5656,0.5656,2500,2022-05-23 16:05:00,GFAI
0.581,0.581,0.580899,0.580899,320,2022-05-23 16:06:00,GFAI
0.5785,0.5825,0.5767,0.5825,9064,2022-05-23 16:09:00,GFAI
0.5825,0.59,0.5779,0.5779,2471,2022-05-23 16:10:00,GFAI
0.5899,0.5899,0.5899,0.5899,650,2022-05-23 16:11:00,GFAI
0.59,0.59,0.5893,0.5899,15100,2022-05-23 16:12:00,GFAI
0.5899,0.59,0.5661,0.5661,15872,2022-05-23 16:13:00,GFAI
0.589,0.589,0.589,0.589,400,2022-05-23 16:14:00,GFAI
0.5889,0.5889,0.588899,0.588899,575,2022-05-23 16:17:00,GFAI
0.5756,0.58225,0.5756,0.58225,5432,2022-05-23 16:18:00,GFAI
0.5756,0.5756,0.5756,0.5756,1755,2022-05-23 16:19:00,GFAI
0.5889,0.5889,0.5889,0.5889,1100,2022-05-23 16:21:00,GFAI
0.58225,0.5823,0.58225,0.5823,1621,2022-05-23 16:22:00,GFAI
0.5823,0.5888,0.5823,0.5823,7819,2022-05-23 16:23:00,GFAI
0.5823,0.5823,0.5823,0.5823,149,2022-05-23 16:24:00,GFAI
0.585,0.585,0.5725,0.5725,8500,2022-05-23 16:25:00,GFAI
0.584999,0.584999,0.584999,0.584999,150,2022-05-23 16:30:00,GFAI
0.584899,0.584899,0.584899,0.584899,660,2022-05-23 16:33:00,GFAI
0.5849,0.5849,0.5849,0.5849,208,2022-05-23 16:37:00,GFAI
0.578301,0.578301,0.5705,0.5705,4000,2022-05-23 16:38:00,GFAI
0.5704,0.5704,0.5704,0.5704,11891,2022-05-23 16:39:00,GFAI
0.5861,0.5861,0.5861,0.5861,500,2022-05-23 16:40:00,GFAI
0.5861,0.5861,0.5861,0.5861,300,2022-05-23 16:44:00,GFAI
0.5861,0.5861,0.5861,0.5861,401,2022-05-23 16:45:00,GFAI
0.5824,0.58619,0.5824,0.58619,367,2022-05-23 16:46:00,GFAI
0.584,0.584,0.583799,0.583799,2136,2022-05-23 16:47:00,GFAI
0.5833,0.5833,0.58,0.58,4450,2022-05-23 16:48:00,GFAI
0.58,0.58,0.58,0.58,1000,2022-05-23 16:49:00,GFAI
0.5752,0.5799,0.5752,0.5799,600,2022-05-23 16:52:00,GFAI
0.5753,0.5753,0.57525,0.57525,3500,2022-05-23 16:53:00,GFAI
0.575401,0.575401,0.575401,0.575401,1000,2022-05-23 16:55:00,GFAI
0.58,0.5831,0.5777,0.5831,3813,2022-05-23 16:56:00,GFAI
0.58,0.58,0.58,0.58,163,2022-05-23 16:57:00,GFAI
0.585,0.585,0.58,0.58,991,2022-05-23 16:59:00,GFAI
0.58,0.58,0.58,0.58,100,2022-05-23 17:02:00,GFAI
0.58,0.5889,0.58,0.5882,26141,2022-05-23 17:03:00,GFAI
0.5885,0.5885,0.5885,0.5885,200,2022-05-23 17:04:00,GFAI
0.5888,0.5888,0.588499,0.588499,650,2022-05-23 17:05:00,GFAI
0.5885,0.5889,0.58,0.5889,1700,2022-05-23 17:06:00,GFAI
0.580001,0.580001,0.580001,0.580001,500,2022-05-23 17:07:00,GFAI
0.5889,0.5889,0.5889,0.5889,10200,2022-05-23 17:08:00,GFAI
0.58,0.58,0.58,0.58,1100,2022-05-23 17:09:00,GFAI
0.5801,0.5801,0.5801,0.5801,1000,2022-05-23 17:10:00,GFAI
0.5888,0.5888,0.580101,0.580101,499,2022-05-23 17:13:00,GFAI
0.58,0.580101,0.58,0.580101,230,2022-05-23 17:14:00,GFAI
0.5889,0.5889,0.5889,0.5889,677,2022-05-23 17:15:00,GFAI
0.585,0.585,0.585,0.585,3496,2022-05-23 17:17:00,GFAI
0.5863,0.5863,0.5863,0.5863,700,2022-05-23 17:18:00,GFAI
0.583749,0.583749,0.580101,0.580101,600,2022-05-23 17:22:00,GFAI
0.5838,0.5838,0.58,0.58,23712,2022-05-23 17:23:00,GFAI
0.584399,0.584399,0.584399,0.584399,500,2022-05-23 17:25:00,GFAI
0.5733,0.587399,0.5715,0.587399,2439,2022-05-23 17:26:00,GFAI
0.5874,0.5874,0.5874,0.5874,400,2022-05-23 17:30:00,GFAI
0.5874,0.5874,0.5874,0.5874,250,2022-05-23 17:35:00,GFAI
0.585,0.585,0.585,0.585,726,2022-05-23 17:37:00,GFAI
0.585,0.585,0.575,0.5751,500,2022-05-23 17:38:00,GFAI
0.575,0.5835,0.57,0.5835,13255,2022-05-23 17:39:00,GFAI
0.57,0.5833,0.5662,0.5755,23937,2022-05-23 17:40:00,GFAI
0.57545,0.579,0.57545,0.579,200,2022-05-23 17:41:00,GFAI
0.5755,0.577149,0.5755,0.577149,1750,2022-05-23 17:43:00,GFAI
0.570001,0.570001,0.570001,0.570001,1201,2022-05-23 17:51:00,GFAI
0.579899,0.579899,0.579899,0.579899,1300,2022-05-23 17:53:00,GFAI
0.575,0.575,0.575,0.575,873,2022-05-23 17:58:00,GFAI
0.5775,0.5775,0.5775,0.5775,321,2022-05-23 17:59:00,GFAI
0.5799,0.5799,0.5799,0.5799,150,2022-05-23 18:01:00,GFAI
0.577501,0.577501,0.577501,0.577501,2927,2022-05-23 18:05:00,GFAI
0.5751,0.5751,0.5751,0.5751,193,2022-05-23 18:07:00,GFAI
0.575,0.5775,0.575,0.5775,1490,2022-05-23 18:08:00,GFAI
0.575,0.575,0.575,0.575,500,2022-05-23 18:09:00,GFAI
0.575,0.575,0.57,0.57,350,2022-05-23 18:11:00,GFAI
0.57499,0.57499,0.57499,0.57499,500,2022-05-23 18:15:00,GFAI
0.5749,0.5749,0.5749,0.5749,5000,2022-05-23 18:19:00,GFAI
0.5749,0.5749,0.5749,0.5749,400,2022-05-23 18:20:00,GFAI
0.575,0.575,0.575,0.575,100,2022-05-23 18:21:00,GFAI
0.575,0.575,0.57,0.57,37445,2022-05-23 18:22:00,GFAI
0.57,0.57,0.57,0.57,409,2022-05-23 18:23:00,GFAI
0.575,0.575,0.575,0.575,2000,2022-05-23 18:24:00,GFAI
0.57,0.57,0.57,0.57,3050,2022-05-23 18:25:00,GFAI
0.570101,0.570101,0.570101,0.570101,1000,2022-05-23 18:27:00,GFAI
0.58,0.58,0.58,0.58,2800,2022-05-23 18:29:00,GFAI
0.5701,0.58,0.5701,0.58,370,2022-05-23 18:31:00,GFAI
0.575,0.575,0.575,0.575,130,2022-05-23 18:33:00,GFAI
0.5799,0.5799,0.5799,0.5799,100,2022-05-23 18:36:00,GFAI
0.579999,0.58,0.57,0.58,1700,2022-05-23 18:40:00,GFAI
0.575,0.58,0.575,0.58,300,2022-05-23 18:41:00,GFAI
0.579899,0.579899,0.575,0.575,200,2022-05-23 18:44:00,GFAI
0.575,0.575,0.575,0.575,100,2022-05-23 18:46:00,GFAI
0.575101,0.575101,0.575101,0.575101,500,2022-05-23 18:47:00,GFAI
0.577551,0.577551,0.575201,0.575201,1400,2022-05-23 18:52:00,GFAI
0.58,0.58,0.5751,0.5751,5450,2022-05-23 18:55:00,GFAI
0.5752,0.5752,0.5751,0.5751,1700,2022-05-23 18:58:00,GFAI
0.5751,0.5751,0.5751,0.5751,300,2022-05-23 18:59:00,GFAI
0.5737,0.575,0.5737,0.575,522,2022-05-23 19:00:00,GFAI
0.575,0.575,0.575,0.575,1620,2022-05-23 19:01:00,GFAI
0.57,0.575,0.57,0.575,1280,2022-05-23 19:03:00,GFAI
0.570101,0.579899,0.570001,0.579899,6246,2022-05-23 19:04:00,GFAI
0.5752,0.5796,0.56,0.5701,49315,2022-05-23 19:05:00,GFAI
0.5722,0.5725,0.5722,0.5725,300,2022-05-23 19:09:00,GFAI
0.566,0.569899,0.565799,0.569899,4212,2022-05-23 19:12:00,GFAI
0.5686,0.5873,0.5686,0.5873,40600,2022-05-23 19:13:00,GFAI
0.5873,0.5873,0.5804,0.5863,33107,2022-05-23 19:14:00,GFAI
0.5804,0.5864,0.5803,0.586,33200,2022-05-23 19:15:00,GFAI
0.5859,0.5874,0.58,0.586799,13202,2022-05-23 19:16:00,GFAI
0.586399,0.586399,0.5799,0.5862,19380,2022-05-23 19:17:00,GFAI
0.586099,0.5862,0.58,0.5801,10597,2022-05-23 19:18:00,GFAI
0.580101,0.5861,0.580101,0.585999,3241,2022-05-23 19:19:00,GFAI
0.5861,0.5861,0.586,0.5861,8450,2022-05-23 19:20:00,GFAI
0.5859,0.5875,0.5859,0.5859,44142,2022-05-23 19:21:00,GFAI
0.5889,0.5889,0.5838,0.584451,1542,2022-05-23 19:22:00,GFAI
0.5801,0.5888,0.5801,0.580101,8450,2022-05-23 19:23:00,GFAI
0.58,0.584399,0.58,0.584399,350,2022-05-23 19:24:00,GFAI
0.5844,0.5844,0.5844,0.5844,500,2022-05-23 19:25:00,GFAI
0.5845,0.5889,0.5845,0.588799,1596,2022-05-23 19:26:00,GFAI
0.5888,0.5888,0.588799,0.588799,290,2022-05-23 19:27:00,GFAI
0.5844,0.5888,0.5821,0.5887,6055,2022-05-23 19:28:00,GFAI
0.588699,0.588699,0.5872,0.5872,4631,2022-05-23 19:29:00,GFAI
0.588699,0.5887,0.58,0.588699,17927,2022-05-23 19:30:00,GFAI
0.5887,0.5887,0.5887,0.5887,15928,2022-05-23 19:31:00,GFAI
0.588699,0.588699,0.58,0.58,777,2022-05-23 19:32:00,GFAI
0.5844,0.5887,0.58,0.5844,3733,2022-05-23 19:33:00,GFAI
0.585,0.585,0.585,0.585,863,2022-05-23 19:34:00,GFAI
0.5887,0.5887,0.5878,0.5886,9800,2022-05-23 19:35:00,GFAI
0.5886,0.5887,0.5886,0.5886,10074,2022-05-23 19:36:00,GFAI
0.5886,0.599,0.5886,0.599,51903,2022-05-23 19:37:00,GFAI
0.5972,0.6054,0.5929,0.604201,33346,2022-05-23 19:38:00,GFAI
0.61,0.6376,0.6042,0.6375,46637,2022-05-23 19:39:00,GFAI
0.6399,0.6399,0.6141,0.6299,31511,2022-05-23 19:40:00,GFAI
0.6299,0.6327,0.6157,0.6327,18516,2022-05-23 19:41:00,GFAI
0.635,0.635,0.6284,0.63,42372,2022-05-23 19:42:00,GFAI
0.63,0.635,0.6276,0.6276,53414,2022-05-23 19:43:00,GFAI
0.6276,0.6276,0.615,0.6155,9890,2022-05-23 19:44:00,GFAI
0.6154,0.6199,0.6154,0.6199,8220,2022-05-23 19:45:00,GFAI
0.62,0.6283,0.62,0.628299,7500,2022-05-23 19:46:00,GFAI
0.6283,0.628301,0.6221,0.6282,32456,2022-05-23 19:47:00,GFAI
0.6221,0.6249,0.62,0.62,16645,2022-05-23 19:48:00,GFAI
0.6233,0.627699,0.62,0.622,5280,2022-05-23 19:49:00,GFAI
0.6221,0.6274,0.62,0.624999,26834,2022-05-23 19:50:00,GFAI
0.6275,0.6278,0.6226,0.6274,22400,2022-05-23 19:51:00,GFAI
0.6277,0.6329,0.6277,0.6326,38895,2022-05-23 19:52:00,GFAI
0.6327,0.6327,0.63,0.631,11400,2022-05-23 19:53:00,GFAI
0.629899,0.6299,0.62,0.6201,27537,2022-05-23 19:54:00,GFAI
0.6299,0.6299,0.6201,0.6282,21136,2022-05-23 19:55:00,GFAI
0.620101,0.628,0.62,0.6275,23115,2022-05-23 19:56:00,GFAI
0.6274,0.6274,0.622,0.623,2285,2022-05-23 19:57:00,GFAI
0.62442,0.6249,0.6201,0.6249,8761,2022-05-23 19:58:00,GFAI
0.624799,0.6275,0.6236,0.6257,12984,2022-05-23 19:59:00,GFAI
0.6238,0.6238,0.6238,0.6238,567,2022-05-23 20:00:00,GFAI
0.6238,0.6238,0.6238,0.6238,500,2022-05-23 20:02:00,GFAI
0.6283,0.6283,0.6235,0.6235,1881,2022-05-23 20:05:00,GFAI
0.62,0.62,0.615,0.615,800,2022-05-23 20:06:00,GFAI
0.62,0.625,0.62,0.625,1000,2022-05-23 20:08:00,GFAI
0.625,0.625,0.625,0.625,300,2022-05-23 20:09:00,GFAI
0.62,0.625,0.62,0.625,20844,2022-05-23 20:13:00,GFAI
0.629,0.63,0.629,0.63,6149,2022-05-23 20:14:00,GFAI
0.63,0.63,0.63,0.63,8934,2022-05-23 20:16:00,GFAI
0.62,0.62,0.615,0.615,740,2022-05-23 20:17:00,GFAI
0.63,0.63,0.63,0.63,323,2022-05-23 20:18:00,GFAI
0.63,0.63,0.63,0.63,200,2022-05-23 20:20:00,GFAI
0.62,0.62,0.61,0.61,6467,2022-05-23 20:21:00,GFAI
0.6005,0.6005,0.6,0.6,8479,2022-05-23 20:22:00,GFAI
0.6099,0.6099,0.6099,0.6099,500,2022-05-23 20:23:00,GFAI
0.6099,0.6099,0.6099,0.6099,3600,2022-05-23 20:25:00,GFAI
0.6099,0.6099,0.6099,0.6099,130,2022-05-23 20:26:00,GFAI
0.63,0.63,0.63,0.63,100,2022-05-23 20:30:00,GFAI
0.6099,0.6099,0.6099,0.6099,3000,2022-05-23 20:31:00,GFAI
0.63,0.63,0.63,0.63,100,2022-05-23 20:34:00,GFAI
0.63,0.63,0.63,0.63,1211,2022-05-23 20:38:00,GFAI
0.61,0.63,0.61,0.63,16873,2022-05-23 20:39:00,GFAI
0.63,0.63,0.63,0.63,1371,2022-05-23 20:45:00,GFAI
0.63,0.63,0.63,0.63,400,2022-05-23 20:47:00,GFAI
0.62,0.62,0.62,0.62,300,2022-05-23 20:49:00,GFAI
0.63,0.63,0.63,0.63,200,2022-05-23 20:51:00,GFAI
0.63,0.63,0.63,0.63,155,2022-05-23 20:53:00,GFAI
0.63,0.63,0.63,0.63,4136,2022-05-23 20:55:00,GFAI
0.63,0.63,0.63,0.63,200,2022-05-23 20:58:00,GFAI
0.62,0.62,0.62,0.62,2500,2022-05-23 21:12:00,GFAI
0.6201,0.6201,0.62,0.62,5700,2022-05-23 21:15:00,GFAI
0.625,0.625,0.625,0.625,150,2022-05-23 21:24:00,GFAI
0.625,0.6274,0.625,0.6274,884,2022-05-23 21:25:00,GFAI
0.625,0.625,0.625,0.625,150,2022-05-23 21:29:00,GFAI
0.6201,0.6201,0.62,0.62,5204,2022-05-23 21:32:00,GFAI
0.62,0.62,0.62,0.62,1200,2022-05-23 21:33:00,GFAI
0.62,0.62,0.62,0.62,17000,2022-05-23 21:36:00,GFAI
0.62,0.62,0.62,0.62,100,2022-05-23 21:40:00,GFAI
0.6076,0.6076,0.6076,0.6076,1100,2022-05-23 21:52:00,GFAI
0.6075,0.6075,0.6075,0.6075,2000,2022-05-23 21:54:00,GFAI
0.6075,0.6075,0.6075,0.6075,500,2022-05-23 21:55:00,GFAI
0.61,0.6198,0.61,0.6198,3100,2022-05-23 21:59:00,GFAI
0.62,0.62,0.62,0.62,3800,2022-05-23 22:01:00,GFAI
0.62,0.62,0.62,0.62,200,2022-05-23 22:05:00,GFAI
0.615,0.615,0.615,0.615,1696,2022-05-23 22:08:00,GFAI
0.61,0.61,0.61,0.61,269,2022-05-23 22:10:00,GFAI
0.615,0.615,0.615,0.615,120,2022-05-23 22:11:00,GFAI
0.615,0.62,0.615,0.62,3999,2022-05-23 22:14:00,GFAI
0.63,0.63,0.63,0.63,10275,2022-05-23 22:15:00,GFAI
0.63,0.63,0.63,0.63,951,2022-05-23 22:16:00,GFAI
0.63,0.63,0.63,0.63,445,2022-05-23 22:17:00,GFAI
0.63,0.63,0.63,0.63,1925,2022-05-23 22:19:00,GFAI
0.63,0.63,0.63,0.63,400,2022-05-23 22:20:00,GFAI
0.63,0.63,0.63,0.63,6710,2022-05-23 22:22:00,GFAI
0.629,0.629,0.629,0.629,199,2022-05-23 22:23:00,GFAI
0.629,0.63,0.629,0.63,825,2022-05-23 22:24:00,GFAI
0.63,0.63,0.63,0.63,101,2022-05-23 22:27:00,GFAI
0.62,0.62,0.62,0.62,140,2022-05-23 22:29:00,GFAI
0.63,0.63,0.63,0.63,320,2022-05-23 22:30:00,GFAI
0.63,0.63,0.63,0.63,400,2022-05-23 22:32:00,GFAI
0.63,0.63,0.63,0.63,1597,2022-05-23 22:36:00,GFAI
0.63,0.63,0.63,0.63,700,2022-05-23 22:37:00,GFAI
0.63,0.63,0.63,0.63,113,2022-05-23 22:38:00,GFAI
0.63,0.63,0.63,0.63,1505,2022-05-23 22:39:00,GFAI
0.63,0.6327,0.63,0.6327,900,2022-05-23 22:42:00,GFAI
0.6327,0.6327,0.6327,0.6327,100,2022-05-23 22:43:00,GFAI
0.6327,0.6327,0.6327,0.6327,2000,2022-05-23 22:44:00,GFAI
0.6327,0.6327,0.6327,0.6327,1000,2022-05-23 22:50:00,GFAI
0.6327,0.6327,0.6327,0.6327,600,2022-05-23 22:51:00,GFAI
0.6327,0.6327,0.6327,0.6327,158,2022-05-23 22:55:00,GFAI
0.6327,0.6327,0.6327,0.6327,4414,2022-05-23 22:58:00,GFAI
0.6327,0.6327,0.6327,0.6327,148,2022-05-23 23:20:00,GFAI
0.631,0.635,0.631,0.635,550,2022-05-23 23:22:00,GFAI
0.637,0.637,0.637,0.637,123,2022-05-23 23:30:00,GFAI
0.636,0.636,0.636,0.636,200,2022-05-23 23:31:00,GFAI
0.638,0.638,0.638,0.638,100,2022-05-23 23:36:00,GFAI
0.638,0.638,0.638,0.638,125,2022-05-23 23:39:00,GFAI
0.639,0.6399,0.639,0.6399,500,2022-05-23 23:40:00,GFAI
0.6391,0.6391,0.6391,0.6391,6000,2022-05-23 23:42:00,GFAI
0.64,0.64,0.64,0.64,2131,2022-05-23 23:44:00,GFAI
0.65,0.65,0.649,0.649,1975,2022-05-23 23:50:00,GFAI
0.649,0.65,0.649,0.65,8877,2022-05-23 23:51:00,GFAI
0.649,0.649,0.649,0.649,221,2022-05-23 23:52:00,GFAI
0.649,0.65,0.649,0.6499,1000,2022-05-23 23:53:00,GFAI
0.65,0.655,0.65,0.655,2306,2022-05-23 23:54:00,GFAI
0.655,0.6647,0.655,0.6647,10695,2022-05-23 23:55:00,GFAI
0.6681,0.6895,0.6681,0.6895,15149,2022-05-23 23:56:00,GFAI
0.69,0.7213,0.69,0.71,29874,2022-05-23 23:57:00,GFAI
0.7,0.7,0.7,0.7,3649,2022-05-23 23:58:00,GFAI
0.7,0.7,0.68,0.7,6035,2022-05-23 23:59:00,GFAI
0.6833,0.6833,0.6833,0.6833,1147,2022-05-24 08:00:00,GFAI
0.6799,0.68,0.6799,0.68,569,2022-05-24 08:05:00,GFAI
0.68,0.68,0.68,0.68,500,2022-05-24 08:07:00,GFAI
0.68,0.68,0.68,0.68,100,2022-05-24 08:09:00,GFAI
0.6501,0.6501,0.63,0.63,4950,2022-05-24 08:12:00,GFAI
0.6502,0.6502,0.6502,0.6502,100,2022-05-24 08:13:00,GFAI
0.6502,0.6502,0.6502,0.6502,809,2022-05-24 08:15:00,GFAI
0.6549,0.6549,0.6549,0.6549,5501,2022-05-24 08:16:00,GFAI
0.6549,0.6549,0.6549,0.6549,581,2022-05-24 08:17:00,GFAI
0.6549,0.655,0.6549,0.655,4320,2022-05-24 08:18:00,GFAI
0.6555,0.6555,0.6555,0.6555,100,2022-05-24 08:19:00,GFAI
0.66,0.661,0.66,0.661,1191,2022-05-24 08:23:00,GFAI
0.6611,0.6611,0.6611,0.6611,300,2022-05-24 08:24:00,GFAI
0.6611,0.6611,0.66,0.66,2500,2022-05-24 08:26:00,GFAI
0.66,0.67,0.66,0.66,2322,2022-05-24 08:27:00,GFAI
0.6776,0.6839,0.6776,0.6839,2413,2022-05-24 08:29:00,GFAI
0.6839,0.6839,0.68,0.68,6279,2022-05-24 08:30:00,GFAI
0.6839,0.6839,0.6839,0.6839,100,2022-05-24 08:31:00,GFAI
0.6821,0.69,0.6821,0.69,10486,2022-05-24 08:32:00,GFAI
0.69,0.6954,0.69,0.6919,2207,2022-05-24 08:33:00,GFAI
0.6918,0.6918,0.6905,0.6905,400,2022-05-24 08:34:00,GFAI
0.6905,0.6905,0.6905,0.6905,4919,2022-05-24 08:35:00,GFAI
0.6905,0.6905,0.69,0.69,1463,2022-05-24 08:36:00,GFAI
0.69,0.6906,0.69,0.69,3170,2022-05-24 08:37:00,GFAI
0.6905,0.6909,0.69,0.6909,2911,2022-05-24 08:38:00,GFAI
0.6909,0.6909,0.6876,0.688,1452,2022-05-24 08:39:00,GFAI
0.68,0.6863,0.6615,0.6615,6537,2022-05-24 08:40:00,GFAI
0.6615,0.67,0.6615,0.67,4896,2022-05-24 08:42:00,GFAI
0.67,0.67,0.67,0.67,800,2022-05-24 08:44:00,GFAI
0.67,0.67,0.67,0.67,100,2022-05-24 08:45:00,GFAI
0.6831,0.6831,0.6831,0.6831,100,2022-05-24 08:46:00,GFAI
0.6758,0.6758,0.67,0.67,405,2022-05-24 08:47:00,GFAI
0.6704,0.6704,0.67,0.67,596,2022-05-24 08:49:00,GFAI
0.67,0.6701,0.67,0.67,2829,2022-05-24 08:52:00,GFAI
0.68,0.6899,0.68,0.6899,1102,2022-05-24 08:53:00,GFAI
0.6843,0.6843,0.6843,0.6843,100,2022-05-24 08:54:00,GFAI
0.681,0.681,0.68,0.68,313,2022-05-24 08:55:00,GFAI
0.68,0.68,0.68,0.68,298,2022-05-24 08:57:00,GFAI
0.6753,0.6753,0.6702,0.6702,3200,2022-05-24 08:58:00,GFAI
0.6771,0.6771,0.6771,0.6771,2751,2022-05-24 09:00:00,GFAI
0.6791,0.6798,0.6769,0.6769,1456,2022-05-24 09:01:00,GFAI
0.677,0.677,0.677,0.677,100,2022-05-24 09:02:00,GFAI
0.6771,0.6771,0.677,0.677,759,2022-05-24 09:03:00,GFAI
0.6702,0.677,0.6701,0.677,4510,2022-05-24 09:07:00,GFAI
0.677,0.68,0.6769,0.68,4250,2022-05-24 09:09:00,GFAI
0.6835,0.6874,0.6835,0.6874,4700,2022-05-24 09:12:00,GFAI
0.6843,0.6874,0.6843,0.6874,1576,2022-05-24 09:13:00,GFAI
0.6805,0.6874,0.6706,0.6706,3074,2022-05-24 09:14:00,GFAI
0.6815,0.69,0.6815,0.69,4950,2022-05-24 09:15:00,GFAI
0.6877,0.6877,0.6876,0.6877,2254,2022-05-24 09:16:00,GFAI
0.6877,0.6916,0.6876,0.6916,5583,2022-05-24 09:17:00,GFAI
0.6915,0.6915,0.6915,0.6915,190,2022-05-24 09:18:00,GFAI
0.6831,0.6831,0.683,0.683,629,2022-05-24 09:20:00,GFAI
0.683,0.683,0.683,0.683,500,2022-05-24 09:21:00,GFAI
0.683,0.683,0.683,0.683,1334,2022-05-24 09:22:00,GFAI
0.683,0.683,0.683,0.683,500,2022-05-24 09:23:00,GFAI
0.683,0.683,0.683,0.683,100,2022-05-24 09:24:00,GFAI
0.6898,0.6898,0.6898,0.6898,100,2022-05-24 09:26:00,GFAI
0.6898,0.69,0.6898,0.69,638,2022-05-24 09:27:00,GFAI
0.693,0.7,0.683,0.683,1946,2022-05-24 09:30:00,GFAI
0.683,0.6919,0.683,0.6919,14234,2022-05-24 09:32:00,GFAI
0.6919,0.6919,0.6919,0.6919,901,2022-05-24 09:33:00,GFAI
0.6873,0.6873,0.6855,0.6855,400,2022-05-24 09:34:00,GFAI
0.6855,0.6855,0.6855,0.6855,100,2022-05-24 09:35:00,GFAI
0.6919,0.6919,0.6919,0.6919,500,2022-05-24 09:36:00,GFAI
0.6909,0.6919,0.6909,0.6919,1437,2022-05-24 09:38:00,GFAI
0.69,0.7,0.6899,0.7,16283,2022-05-24 09:40:00,GFAI
0.6919,0.6919,0.6919,0.6919,2729,2022-05-24 09:41:00,GFAI
0.6919,0.692,0.6919,0.692,1838,2022-05-24 09:42:00,GFAI
0.6974,0.7,0.6965,0.6977,2400,2022-05-24 09:43:00,GFAI
0.6977,0.7,0.6977,0.7,3793,2022-05-24 09:44:00,GFAI
0.7,0.71,0.7,0.7053,49210,2022-05-24 09:45:00,GFAI
0.7095,0.71,0.7094,0.7099,3446,2022-05-24 09:46:00,GFAI
0.71,0.71,0.7095,0.7095,4024,2022-05-24 09:47:00,GFAI
0.705,0.705,0.6994,0.6994,2635,2022-05-24 09:48:00,GFAI
0.7,0.7,0.6994,0.6994,540,2022-05-24 09:49:00,GFAI
0.6965,0.7,0.6965,0.7,18113,2022-05-24 09:50:00,GFAI
0.7013,0.7013,0.698,0.698,1598,2022-05-24 09:51:00,GFAI
0.7,0.7,0.7,0.7,1000,2022-05-24 09:52:00,GFAI
0.7013,0.7013,0.7013,0.7013,3100,2022-05-24 09:53:00,GFAI
0.7027,0.7027,0.7027,0.7027,100,2022-05-24 09:54:00,GFAI
0.7035,0.7035,0.7,0.7,500,2022-05-24 09:56:00,GFAI
0.7,0.7039,0.7,0.7039,1827,2022-05-24 09:57:00,GFAI
0.7,0.704,0.7,0.7039,3030,2022-05-24 09:58:00,GFAI
0.7,0.7,0.7,0.7,6101,2022-05-24 09:59:00,GFAI
0.7,0.702,0.698,0.702,764,2022-05-24 10:00:00,GFAI
0.698,0.698,0.698,0.698,8722,2022-05-24 10:01:00,GFAI
0.698,0.6999,0.6853,0.6853,4027,2022-05-24 10:02:00,GFAI
0.6853,0.6883,0.68,0.68,1659,2022-05-24 10:03:00,GFAI
0.6875,0.6875,0.6826,0.6826,200,2022-05-24 10:04:00,GFAI
0.68,0.68,0.68,0.68,159,2022-05-24 10:05:00,GFAI
0.68,0.68,0.68,0.68,514,2022-05-24 10:06:00,GFAI
0.68,0.68,0.68,0.68,400,2022-05-24 10:07:00,GFAI
0.68,0.68,0.68,0.68,11301,2022-05-24 10:08:00,GFAI
0.68,0.68,0.68,0.68,1000,2022-05-24 10:09:00,GFAI
0.68,0.68,0.67,0.67,9433,2022-05-24 10:12:00,GFAI
0.6626,0.6626,0.6626,0.6626,500,2022-05-24 10:13:00,GFAI
0.6695,0.6695,0.6695,0.6695,256,2022-05-24 10:14:00,GFAI
0.663,0.663,0.6617,0.6617,2600,2022-05-24 10:15:00,GFAI
0.6689,0.6695,0.6689,0.6695,406,2022-05-24 10:20:00,GFAI
0.6689,0.6751,0.6689,0.67,9499,2022-05-24 10:22:00,GFAI
0.6885,0.6885,0.6885,0.6885,161,2022-05-24 10:23:00,GFAI
0.6882,0.6882,0.6882,0.6882,100,2022-05-24 10:25:00,GFAI
0.671,0.671,0.671,0.671,1100,2022-05-24 10:26:00,GFAI
0.6788,0.6788,0.67,0.67,2326,2022-05-24 10:28:00,GFAI
0.67,0.67,0.67,0.67,626,2022-05-24 10:29:00,GFAI
0.6754,0.6754,0.67,0.67,2025,2022-05-24 10:32:00,GFAI
0.6702,0.6702,0.67,0.67,2300,2022-05-24 10:33:00,GFAI
0.67,0.671,0.668,0.668,4451,2022-05-24 10:36:00,GFAI
0.6695,0.67,0.6695,0.67,1071,2022-05-24 10:37:00,GFAI
0.6686,0.6686,0.668,0.6686,3364,2022-05-24 10:38:00,GFAI
0.67,0.67,0.67,0.67,100,2022-05-24 10:40:00,GFAI
0.6644,0.6644,0.6644,0.6644,500,2022-05-24 10:44:00,GFAI
0.6644,0.6644,0.6644,0.6644,100,2022-05-24 10:45:00,GFAI
0.6644,0.6644,0.6644,0.6644,408,2022-05-24 10:46:00,GFAI
0.6644,0.6644,0.6644,0.6644,911,2022-05-24 10:48:00,GFAI
0.6644,0.6644,0.6644,0.6644,976,2022-05-24 10:49:00,GFAI
0.6644,0.6644,0.66,0.6625,3890,2022-05-24 10:50:00,GFAI
0.6603,0.6603,0.6603,0.6603,161,2022-05-24 10:52:00,GFAI
0.6603,0.6699,0.66,0.6699,2466,2022-05-24 10:53:00,GFAI
0.67,0.67,0.67,0.67,350,2022-05-24 10:54:00,GFAI
0.668,0.668,0.66,0.66,2963,2022-05-24 10:56:00,GFAI
0.66,0.66,0.66,0.66,750,2022-05-24 10:57:00,GFAI
0.66,0.66,0.66,0.66,932,2022-05-24 10:58:00,GFAI
0.6775,0.679,0.6759,0.679,3470,2022-05-24 11:00:00,GFAI
0.6625,0.6625,0.6625,0.6625,100,2022-05-24 11:01:00,GFAI
0.66,0.66,0.66,0.66,138,2022-05-24 11:02:00,GFAI
0.6631,0.6631,0.6631,0.6631,200,2022-05-24 11:03:00,GFAI
0.6667,0.6667,0.6631,0.6631,1000,2022-05-24 11:07:00,GFAI
0.6699,0.67,0.6699,0.67,4985,2022-05-24 11:10:00,GFAI
0.6631,0.6631,0.6631,0.6631,2714,2022-05-24 11:11:00,GFAI
0.664,0.664,0.6631,0.6631,550,2022-05-24 11:13:00,GFAI
0.665,0.665,0.6595,0.66,3092,2022-05-24 11:14:00,GFAI
0.656,0.656,0.6555,0.6555,1085,2022-05-24 11:15:00,GFAI
0.6555,0.6555,0.6555,0.6555,900,2022-05-24 11:16:00,GFAI
0.6555,0.6555,0.6543,0.6543,3300,2022-05-24 11:17:00,GFAI
0.6543,0.6543,0.6543,0.6543,4300,2022-05-24 11:18:00,GFAI
0.6543,0.6543,0.6543,0.6543,100,2022-05-24 11:23:00,GFAI
0.66,0.67,0.6597,0.669,13642,2022-05-24 11:25:00,GFAI
0.6699,0.69,0.6699,0.6877,47549,2022-05-24 11:26:00,GFAI
0.6886,0.7,0.6788,0.6996,21653,2022-05-24 11:27:00,GFAI
0.6996,0.736,0.68,0.736,68784,2022-05-24 11:28:00,GFAI
0.74,0.75,0.7,0.71,81014,2022-05-24 11:29:00,GFAI
0.71,0.7295,0.7097,0.72,22604,2022-05-24 11:30:00,GFAI
0.7295,0.77,0.7277,0.7639,188206,2022-05-24 11:31:00,GFAI
0.7639,0.8199,0.7638,0.7799,166574,2022-05-24 11:32:00,GFAI
0.7799,0.7928,0.7611,0.765,71112,2022-05-24 11:33:00,GFAI
0.765,0.77,0.7532,0.77,39587,2022-05-24 11:34:00,GFAI
0.7721,0.797,0.77,0.775,64352,2022-05-24 11:35:00,GFAI
0.7742,0.8065,0.77,0.8,183163,2022-05-24 11:36:00,GFAI
0.801,0.825,0.797,0.8177,173847,2022-05-24 11:37:00,GFAI
0.8154,0.8305,0.81,0.8215,164795,2022-05-24 11:38:00,GFAI
0.8285,0.8488,0.8064,0.8064,152766,2022-05-24 11:39:00,GFAI
0.8075,0.8076,0.791,0.801,99950,2022-05-24 11:40:00,GFAI
0.803,0.82,0.802,0.8159,43131,2022-05-24 11:41:00,GFAI
0.816,0.8188,0.79,0.79,51149,2022-05-24 11:42:00,GFAI
0.791,0.7912,0.772,0.775,113934,2022-05-24 11:43:00,GFAI
0.775,0.7859,0.775,0.7803,35291,2022-05-24 11:44:00,GFAI
0.78,0.7985,0.78,0.793,38294,2022-05-24 11:45:00,GFAI
0.7945,0.7948,0.7622,0.7711,50011,2022-05-24 11:46:00,GFAI
0.773,0.773,0.7511,0.752,96379,2022-05-24 11:47:00,GFAI
0.752,0.7747,0.7331,0.7555,93548,2022-05-24 11:48:00,GFAI
0.753,0.755,0.748,0.7542,36391,2022-05-24 11:49:00,GFAI
0.7542,0.76,0.7515,0.76,69454,2022-05-24 11:50:00,GFAI
0.76,0.7625,0.732,0.7337,82321,2022-05-24 11:51:00,GFAI
0.735,0.7528,0.7311,0.75,28898,2022-05-24 11:52:00,GFAI
0.75,0.7528,0.7435,0.75,30816,2022-05-24 11:53:00,GFAI
0.7508,0.7559,0.75,0.7505,7567,2022-05-24 11:54:00,GFAI
0.7538,0.7666,0.7528,0.76,42994,2022-05-24 11:55:00,GFAI
0.762,0.77,0.762,0.7685,21190,2022-05-24 11:56:00,GFAI
0.7685,0.769,0.764,0.769,23520,2022-05-24 11:57:00,GFAI
0.7693,0.7693,0.754,0.76,38117,2022-05-24 11:58:00,GFAI
0.76,0.7605,0.753,0.7541,12782,2022-05-24 11:59:00,GFAI
0.7647,0.795,0.7647,0.779,90198,2022-05-24 12:00:00,GFAI
0.7789,0.7896,0.768,0.7795,33848,2022-05-24 12:01:00,GFAI
0.7795,0.7795,0.753,0.7699,41784,2022-05-24 12:02:00,GFAI
0.764,0.77,0.753,0.7623,24525,2022-05-24 12:03:00,GFAI
0.7641,0.7778,0.7623,0.77,17262,2022-05-24 12:04:00,GFAI
0.7759,0.8156,0.7652,0.805,108573,2022-05-24 12:05:00,GFAI
0.805,0.822,0.805,0.82,149358,2022-05-24 12:06:00,GFAI
0.82,0.8215,0.8,0.8176,100439,2022-05-24 12:07:00,GFAI
0.8149,0.8175,0.8084,0.816,82474,2022-05-24 12:08:00,GFAI
0.8151,0.8151,0.7921,0.793,131228,2022-05-24 12:09:00,GFAI
0.7958,0.8072,0.7958,0.806,33266,2022-05-24 12:10:00,GFAI
0.8057,0.806,0.7933,0.7933,29739,2022-05-24 12:11:00,GFAI
0.7959,0.798,0.7931,0.795,54483,2022-05-24 12:12:00,GFAI
0.7937,0.7943,0.775,0.7797,74559,2022-05-24 12:13:00,GFAI
0.7797,0.81,0.775,0.7961,49347,2022-05-24 12:14:00,GFAI
0.7961,0.7961,0.7884,0.7884,11611,2022-05-24 12:15:00,GFAI
0.7867,0.7868,0.7803,0.7863,5589,2022-05-24 12:16:00,GFAI
0.7825,0.79,0.7754,0.79,20316,2022-05-24 12:17:00,GFAI
0.79,0.8035,0.79,0.8,45888,2022-05-24 12:18:00,GFAI
0.796,0.8012,0.791,0.8012,26067,2022-05-24 12:19:00,GFAI
0.8012,0.8099,0.7967,0.8,67541,2022-05-24 12:20:00,GFAI
0.8,0.8,0.765,0.765,89264,2022-05-24 12:21:00,GFAI
0.768,0.7899,0.765,0.7801,48458,2022-05-24 12:22:00,GFAI
0.79,0.7965,0.7855,0.7879,9862,2022-05-24 12:23:00,GFAI
0.788,0.788,0.77,0.7703,12276,2022-05-24 12:24:00,GFAI
0.7767,0.7857,0.7704,0.78,34209,2022-05-24 12:25:00,GFAI
0.7799,0.794,0.775,0.7887,15114,2022-05-24 12:26:00,GFAI
0.7887,0.7887,0.7874,0.7874,683,2022-05-24 12:27:00,GFAI
0.7885,0.7886,0.78,0.78,20737,2022-05-24 12:28:00,GFAI
0.78,0.78,0.752,0.752,142568,2022-05-24 12:29:00,GFAI
0.7527,0.755,0.7372,0.7501,161829,2022-05-24 12:30:00,GFAI
0.7501,0.77,0.7501,0.7602,110496,2022-05-24 12:31:00,GFAI
0.7635,0.77,0.7506,0.7507,58516,2022-05-24 12:32:00,GFAI
0.7557,0.76,0.7506,0.7569,14857,2022-05-24 12:33:00,GFAI
0.7569,0.7569,0.7338,0.748,133739,2022-05-24 12:34:00,GFAI
0.75,0.75,0.72,0.73,119945,2022-05-24 12:35:00,GFAI
0.74,0.74,0.7219,0.73,50309,2022-05-24 12:36:00,GFAI
0.73,0.7398,0.7217,0.73,20084,2022-05-24 12:37:00,GFAI
0.7349,0.75,0.73,0.7451,39104,2022-05-24 12:38:00,GFAI
0.745,0.7492,0.74,0.7401,118953,2022-05-24 12:39:00,GFAI
0.7459,0.75,0.7398,0.7398,123036,2022-05-24 12:40:00,GFAI
0.7398,0.7494,0.7275,0.7275,120786,2022-05-24 12:41:00,GFAI
0.7363,0.7493,0.7233,0.7275,11261,2022-05-24 12:42:00,GFAI
0.725,0.7348,0.7226,0.7275,29936,2022-05-24 12:43:00,GFAI
0.729,0.737,0.7275,0.734,67577,2022-05-24 12:44:00,GFAI
0.7361,0.75,0.734,0.75,20503,2022-05-24 12:45:00,GFAI
0.75,0.75,0.7379,0.7495,24524,2022-05-24 12:46:00,GFAI
0.749,0.7495,0.7401,0.749,35501,2022-05-24 12:47:00,GFAI
0.7431,0.747,0.7364,0.743,6793,2022-05-24 12:48:00,GFAI
0.743,0.7451,0.743,0.7447,2015,2022-05-24 12:49:00,GFAI
0.743,0.743,0.74,0.74,575,2022-05-24 12:50:00,GFAI
0.7362,0.7447,0.7362,0.7447,4753,2022-05-24 12:51:00,GFAI
0.7447,0.745,0.7447,0.7447,13314,2022-05-24 12:52:00,GFAI
0.745,0.745,0.7394,0.7394,8150,2022-05-24 12:53:00,GFAI
0.7391,0.7391,0.7361,0.7369,7875,2022-05-24 12:54:00,GFAI
0.7369,0.7369,0.736,0.736,12072,2022-05-24 12:55:00,GFAI
0.7347,0.735,0.7275,0.7349,30892,2022-05-24 12:56:00,GFAI
0.73,0.735,0.7275,0.735,17601,2022-05-24 12:57:00,GFAI
0.735,0.735,0.725,0.735,19606,2022-05-24 12:58:00,GFAI
0.7348,0.7348,0.725,0.725,5908,2022-05-24 12:59:00,GFAI
0.7279,0.7369,0.725,0.725,15918,2022-05-24 13:00:00,GFAI
0.725,0.749,0.725,0.749,36385,2022-05-24 13:01:00,GFAI
0.749,0.749,0.74,0.743,10174,2022-05-24 13:02:00,GFAI
0.743,0.749,0.7413,0.7413,4817,2022-05-24 13:03:00,GFAI
0.741,0.741,0.737,0.74,6824,2022-05-24 13:04:00,GFAI
0.74,0.74,0.7221,0.7221,40676,2022-05-24 13:05:00,GFAI
0.7221,0.7299,0.72,0.728,20959,2022-05-24 13:06:00,GFAI
0.7299,0.7299,0.7233,0.7272,8950,2022-05-24 13:07:00,GFAI
0.7298,0.73,0.725,0.725,6175,2022-05-24 13:08:00,GFAI
0.725,0.7298,0.72,0.7217,17705,2022-05-24 13:09:00,GFAI
0.7267,0.7295,0.7217,0.7289,12604,2022-05-24 13:10:00,GFAI
0.7289,0.7289,0.723,0.7269,5509,2022-05-24 13:11:00,GFAI
0.7289,0.7384,0.7225,0.734,28423,2022-05-24 13:12:00,GFAI
0.7377,0.7388,0.7377,0.7388,300,2022-05-24 13:13:00,GFAI
0.7341,0.7412,0.7286,0.7387,8326,2022-05-24 13:14:00,GFAI
0.7339,0.7419,0.73,0.74,13263,2022-05-24 13:15:00,GFAI
0.7398,0.7398,0.7279,0.73,10362,2022-05-24 13:16:00,GFAI
0.73,0.735,0.73,0.73,8928,2022-05-24 13:17:00,GFAI
0.7331,0.7331,0.7279,0.7279,1880,2022-05-24 13:18:00,GFAI
0.7327,0.7327,0.7279,0.73,837,2022-05-24 13:19:00,GFAI
0.7279,0.735,0.7256,0.73,9045,2022-05-24 13:20:00,GFAI
0.73,0.735,0.72,0.725,73493,2022-05-24 13:21:00,GFAI
0.7206,0.7295,0.7201,0.7278,16842,2022-05-24 13:22:00,GFAI
0.7278,0.7279,0.72,0.726,6215,2022-05-24 13:23:00,GFAI
0.726,0.7267,0.72,0.7201,12029,2022-05-24 13:24:00,GFAI
0.7265,0.7265,0.72,0.7249,9618,2022-05-24 13:25:00,GFAI
0.7249,0.725,0.72,0.72,11458,2022-05-24 13:26:00,GFAI
0.7228,0.7228,0.7079,0.7136,91834,2022-05-24 13:27:00,GFAI
0.71,0.735,0.71,0.723,15559,2022-05-24 13:28:00,GFAI
0.72,0.72,0.7188,0.7188,300,2022-05-24 13:29:00,GFAI
0.7299,0.735,0.72,0.7246,159176,2022-05-24 13:30:00,GFAI
0.7226,0.7226,0.7,0.709899,189406,2022-05-24 13:31:00,GFAI
0.71,0.7246,0.7024,0.7201,116376,2022-05-24 13:32:00,GFAI
0.7246,0.725,0.7024,0.7024,241718,2022-05-24 13:33:00,GFAI
0.715,0.715,0.7024,0.7056,75315,2022-05-24 13:34:00,GFAI
0.706501,0.71,0.682,0.6821,309670,2022-05-24 13:35:00,GFAI
0.682,0.685,0.665,0.6812,302398,2022-05-24 13:36:00,GFAI
0.6822,0.69,0.6739,0.6899,134854,2022-05-24 13:37:00,GFAI
0.685,0.69,0.678,0.68,93456,2022-05-24 13:38:00,GFAI
0.678999,0.685,0.678999,0.6832,75394,2022-05-24 13:39:00,GFAI
0.684,0.685,0.6739,0.6783,138148,2022-05-24 13:40:00,GFAI
0.6793,0.69,0.6755,0.685,41220,2022-05-24 13:41:00,GFAI
0.69,0.71,0.685,0.7011,125115,2022-05-24 13:42:00,GFAI
0.7099,0.71,0.69,0.700251,167964,2022-05-24 13:43:00,GFAI
0.709,0.71,0.6855,0.7093,39298,2022-05-24 13:44:00,GFAI
0.7092,0.7093,0.6855,0.6935,60686,2022-05-24 13:45:00,GFAI
0.6949,0.695,0.68,0.69,41899,2022-05-24 13:46:00,GFAI
0.6801,0.695,0.68,0.695,94834,2022-05-24 13:47:00,GFAI
0.6938,0.704999,0.6938,0.7049,28960,2022-05-24 13:48:00,GFAI
0.705,0.705,0.694,0.695001,123260,2022-05-24 13:49:00,GFAI
0.692,0.695,0.69,0.6925,68125,2022-05-24 13:50:00,GFAI
0.6925,0.71,0.6925,0.705,98916,2022-05-24 13:51:00,GFAI
0.7098,0.729,0.702,0.721,247140,2022-05-24 13:52:00,GFAI
0.721101,0.7297,0.71,0.7178,195432,2022-05-24 13:53:00,GFAI
0.7199,0.72,0.71,0.7113,51829,2022-05-24 13:54:00,GFAI
0.7157,0.7176,0.71005,0.7148,33805,2022-05-24 13:55:00,GFAI
0.7148,0.7148,0.701,0.7059,65930,2022-05-24 13:56:00,GFAI
0.7058,0.7059,0.702,0.703201,29646,2022-05-24 13:57:00,GFAI
0.7031,0.7059,0.6926,0.6951,58503,2022-05-24 13:58:00,GFAI
0.6951,0.7059,0.6951,0.6977,28231,2022-05-24 13:59:00,GFAI
0.7,0.7,0.6927,0.695,18519,2022-05-24 14:00:00,GFAI
0.6952,0.7,0.695,0.698195,13841,2022-05-24 14:01:00,GFAI
0.698,0.698,0.6926,0.6951,51324,2022-05-24 14:02:00,GFAI
0.6926,0.6949,0.69,0.692199,95804,2022-05-24 14:03:00,GFAI
0.6909,0.6921,0.68,0.6801,185969,2022-05-24 14:04:00,GFAI
0.685,0.6922,0.68,0.6922,74551,2022-05-24 14:05:00,GFAI
0.6922,0.7,0.6921,0.6961,19248,2022-05-24 14:06:00,GFAI
0.6961,0.699,0.6813,0.6813,52181,2022-05-24 14:07:00,GFAI
0.6974,0.6974,0.68,0.6851,35919,2022-05-24 14:08:00,GFAI
0.6851,0.6975,0.6851,0.6975,18375,2022-05-24 14:09:00,GFAI
0.6973,0.6975,0.6955,0.6972,26970,2022-05-24 14:10:00,GFAI
0.6973,0.6973,0.6961,0.6962,33323,2022-05-24 14:11:00,GFAI
0.6967,0.6967,0.695,0.695,4787,2022-05-24 14:12:00,GFAI
0.695,0.6959,0.6908,0.694799,20039,2022-05-24 14:13:00,GFAI
0.6939,0.6944,0.69,0.6923,27960,2022-05-24 14:14:00,GFAI
0.69225,0.696099,0.691,0.696099,55012,2022-05-24 14:15:00,GFAI
0.697,0.697,0.693901,0.69615,20431,2022-05-24 14:16:00,GFAI
0.6953,0.709,0.6953,0.7011,52295,2022-05-24 14:17:00,GFAI
0.7,0.71,0.7,0.7063,112576,2022-05-24 14:18:00,GFAI
0.70815,0.719,0.7063,0.7131,94290,2022-05-24 14:19:00,GFAI
0.719,0.719,0.71,0.711,37933,2022-05-24 14:20:00,GFAI
0.7111,0.711501,0.706,0.71,69480,2022-05-24 14:21:00,GFAI
0.71,0.7111,0.701,0.71,28119,2022-05-24 14:22:00,GFAI
0.705,0.713951,0.705,0.711,60056,2022-05-24 14:23:00,GFAI
0.71,0.710499,0.706,0.7075,53479,2022-05-24 14:24:00,GFAI
0.708,0.717899,0.708,0.717799,65879,2022-05-24 14:25:00,GFAI
0.7179,0.7179,0.71,0.712999,68140,2022-05-24 14:26:00,GFAI
0.713,0.73,0.712,0.729499,290762,2022-05-24 14:27:00,GFAI
0.7295,0.74,0.7251,0.74,229806,2022-05-24 14:28:00,GFAI
0.74,0.744099,0.7241,0.735649,265121,2022-05-24 14:29:00,GFAI
0.7385,0.743,0.733,0.7399,268832,2022-05-24 14:30:00,GFAI
0.7388,0.7565,0.7388,0.7565,343670,2022-05-24 14:31:00,GFAI
0.75475,0.7565,0.7411,0.749,196520,2022-05-24 14:32:00,GFAI
0.7498,0.75,0.732,0.7413,166660,2022-05-24 14:33:00,GFAI
0.7415,0.7426,0.74,0.7426,58495,2022-05-24 14:34:00,GFAI
0.7407,0.7414,0.7351,0.73675,93807,2022-05-24 14:35:00,GFAI
0.738,0.74,0.7355,0.7356,23808,2022-05-24 14:36:00,GFAI
0.736197,0.749,0.736197,0.74,44696,2022-05-24 14:37:00,GFAI
0.740101,0.749,0.740101,0.741,37724,2022-05-24 14:38:00,GFAI
0.7444,0.7444,0.74,0.74,22505,2022-05-24 14:39:00,GFAI
0.74,0.74,0.7356,0.735701,32084,2022-05-24 14:40:00,GFAI
0.7385,0.7385,0.735,0.7369,41063,2022-05-24 14:41:00,GFAI
0.735,0.7351,0.722,0.7241,95295,2022-05-24 14:42:00,GFAI
0.7261,0.7298,0.717,0.7272,37904,2022-05-24 14:43:00,GFAI
0.7298,0.7298,0.7246,0.7251,35239,2022-05-24 14:44:00,GFAI
0.7252,0.7298,0.7251,0.7275,9060,2022-05-24 14:45:00,GFAI
0.725301,0.7298,0.725301,0.7298,49025,2022-05-24 14:46:00,GFAI
0.7288,0.734,0.7288,0.734,71078,2022-05-24 14:47:00,GFAI
0.7398,0.75,0.7335,0.7445,145133,2022-05-24 14:48:00,GFAI
0.7482,0.7499,0.74,0.7458,125212,2022-05-24 14:49:00,GFAI
0.7466,0.7466,0.7421,0.74385,37968,2022-05-24 14:50:00,GFAI
0.7434,0.743901,0.7326,0.74,134285,2022-05-24 14:51:00,GFAI
0.7382,0.7399,0.7335,0.735591,41951,2022-05-24 14:52:00,GFAI
0.7373,0.7579,0.7373,0.757,211142,2022-05-24 14:53:00,GFAI
0.7545,0.7644,0.75,0.7618,222490,2022-05-24 14:54:00,GFAI
0.7612,0.7773,0.7612,0.7691,269516,2022-05-24 14:55:00,GFAI
0.7688,0.7734,0.7675,0.77,177111,2022-05-24 14:56:00,GFAI
0.77,0.7749,0.753,0.774,171036,2022-05-24 14:57:00,GFAI
0.774601,0.7785,0.77,0.7764,273746,2022-05-24 14:58:00,GFAI
0.7764,0.7849,0.775,0.7801,324066,2022-05-24 14:59:00,GFAI
0.7838,0.7838,0.7653,0.776,179510,2022-05-24 15:00:00,GFAI
0.7735,0.7747,0.76955,0.7727,83273,2022-05-24 15:01:00,GFAI
0.7727,0.7825,0.7722,0.7765,106295,2022-05-24 15:02:00,GFAI
0.77805,0.7796,0.773405,0.7756,64059,2022-05-24 15:03:00,GFAI
0.7731,0.7738,0.765,0.7663,93283,2022-05-24 15:04:00,GFAI
0.7675,0.7685,0.7629,0.7663,70540,2022-05-24 15:05:00,GFAI
0.7662,0.771,0.7662,0.7676,35955,2022-05-24 15:06:00,GFAI
0.768301,0.7689,0.7661,0.768899,14763,2022-05-24 15:07:00,GFAI
0.7675,0.775,0.7661,0.7749,125776,2022-05-24 15:08:00,GFAI
0.7741,0.8005,0.7735,0.8,583134,2022-05-24 15:09:00,GFAI
0.8001,0.8001,0.788,0.799199,326449,2022-05-24 15:10:00,GFAI
0.7941,0.7992,0.75,0.78,281172,2022-05-24 15:11:00,GFAI
0.7721,0.7777,0.7652,0.77,55940,2022-05-24 15:12:00,GFAI
0.7691,0.78,0.7653,0.7778,103236,2022-05-24 15:13:00,GFAI
0.777101,0.78,0.7663,0.7704,74052,2022-05-24 15:14:00,GFAI
0.7704,0.7704,0.76,0.766201,74265,2022-05-24 15:15:00,GFAI
0.7662,0.78,0.76,0.7727,127720,2022-05-24 15:16:00,GFAI
0.7761,0.7865,0.775,0.7862,103245,2022-05-24 15:17:00,GFAI
0.7851,0.79,0.78,0.785,142482,2022-05-24 15:18:00,GFAI
0.785,0.7899,0.785,0.7899,57707,2022-05-24 15:19:00,GFAI
0.7898,0.81,0.788951,0.803899,248587,2022-05-24 15:20:00,GFAI
0.804,0.8059,0.79,0.791,166836,2022-05-24 15:21:00,GFAI
0.791,0.795,0.785,0.7939,177097,2022-05-24 15:22:00,GFAI
0.793,0.793,0.785,0.787,54112,2022-05-24 15:23:00,GFAI
0.7869,0.8,0.786899,0.8,193723,2022-05-24 15:24:00,GFAI
0.8,0.8,0.7871,0.7872,145868,2022-05-24 15:25:00,GFAI
0.7871,0.7999,0.7871,0.795,39575,2022-05-24 15:26:00,GFAI
0.7984,0.7985,0.79,0.793999,43806,2022-05-24 15:27:00,GFAI
0.7933,0.7984,0.7918,0.7978,26808,2022-05-24 15:28:00,GFAI
0.7979,0.8069,0.7871,0.7925,269964,2022-05-24 15:29:00,GFAI
0.795,0.8,0.7901,0.7998,36450,2022-05-24 15:30:00,GFAI
0.799899,0.7999,0.7901,0.797,61366,2022-05-24 15:31:00,GFAI
0.79495,0.799799,0.7901,0.7914,13462,2022-05-24 15:32:00,GFAI
0.7901,0.7914,0.7715,0.7772,201697,2022-05-24 15:33:00,GFAI
0.7716,0.78,0.7601,0.772499,143843,2022-05-24 15:34:00,GFAI
0.77,0.775,0.77,0.7744,42978,2022-05-24 15:35:00,GFAI
0.771,0.775,0.771,0.775,110831,2022-05-24 15:36:00,GFAI
0.7749,0.784499,0.7749,0.7791,11454,2022-05-24 15:37:00,GFAI
0.7791,0.7882,0.7791,0.786251,43103,2022-05-24 15:38:00,GFAI
0.7863,0.793,0.786,0.793,51084,2022-05-24 15:39:00,GFAI
0.7912,0.793,0.7841,0.7886,25709,2022-05-24 15:40:00,GFAI
0.784101,0.79,0.7841,0.79,4411,2022-05-24 15:41:00,GFAI
0.789899,0.79,0.787,0.7895,33820,2022-05-24 15:42:00,GFAI
0.789375,0.81,0.789,0.8075,361453,2022-05-24 15:43:00,GFAI
0.81,0.84,0.8072,0.835,565458,2022-05-24 15:44:00,GFAI
0.837501,0.84,0.8259,0.834519,447240,2022-05-24 15:45:00,GFAI
0.832,0.84,0.8248,0.837,188386,2022-05-24 15:46:00,GFAI
0.837,0.8439,0.821,0.8245,482326,2022-05-24 15:47:00,GFAI
0.8245,0.8245,0.806,0.819,253420,2022-05-24 15:48:00,GFAI
0.8185,0.84,0.815,0.8299,254974,2022-05-24 15:49:00,GFAI
0.829,0.835,0.821,0.8231,167785,2022-05-24 15:50:00,GFAI
0.82305,0.834,0.821,0.83,86541,2022-05-24 15:51:00,GFAI
0.8263,0.8263,0.82,0.8251,144301,2022-05-24 15:52:00,GFAI
0.8262,0.8263,0.8211,0.824,43001,2022-05-24 15:53:00,GFAI
0.825,0.825,0.81,0.810101,109092,2022-05-24 15:54:00,GFAI
0.81,0.8119,0.8,0.8075,323062,2022-05-24 15:55:00,GFAI
0.807551,0.82,0.8051,0.82,187328,2022-05-24 15:56:00,GFAI
0.818501,0.82,0.81,0.8194,63258,2022-05-24 15:57:00,GFAI
0.8194,0.8338,0.81,0.822,156872,2022-05-24 15:58:00,GFAI
0.833699,0.8338,0.815,0.8235,77134,2022-05-24 15:59:00,GFAI
0.8221,0.8295,0.8219,0.828,63755,2022-05-24 16:00:00,GFAI
0.829,0.837,0.813,0.8289,149584,2022-05-24 16:01:00,GFAI
0.8289,0.8289,0.814,0.8156,16754,2022-05-24 16:02:00,GFAI
0.815701,0.8369,0.815701,0.8369,276306,2022-05-24 16:03:00,GFAI
0.8344,0.877,0.8319,0.8733,1006046,2022-05-24 16:04:00,GFAI
0.8732,0.8732,0.8508,0.8522,280019,2022-05-24 16:05:00,GFAI
0.85165,0.8648,0.851,0.8524,292459,2022-05-24 16:06:00,GFAI
0.8523,0.8598,0.8424,0.846,209415,2022-05-24 16:07:00,GFAI
0.846001,0.855,0.843,0.851,125440,2022-05-24 16:08:00,GFAI
0.8542,0.8597,0.8451,0.85,245211,2022-05-24 16:09:00,GFAI
0.847549,0.85,0.821,0.821,177891,2022-05-24 16:10:00,GFAI
0.821101,0.8398,0.821,0.8361,111298,2022-05-24 16:11:00,GFAI
0.8356,0.8376,0.823,0.8375,81910,2022-05-24 16:12:00,GFAI
0.834601,0.8376,0.821,0.821,178269,2022-05-24 16:13:00,GFAI
0.821,0.828,0.821,0.8212,88354,2022-05-24 16:14:00,GFAI
0.8212,0.83,0.8212,0.8285,115443,2022-05-24 16:15:00,GFAI
0.82725,0.847,0.826,0.847,230318,2022-05-24 16:16:00,GFAI
0.8469,0.8469,0.8242,0.8399,167363,2022-05-24 16:17:00,GFAI
0.839799,0.8399,0.83,0.835,43608,2022-05-24 16:18:00,GFAI
0.8393,0.8394,0.83,0.83,83438,2022-05-24 16:19:00,GFAI
0.831199,0.831199,0.8229,0.825,62420,2022-05-24 16:20:00,GFAI
0.825,0.8252,0.8229,0.823,29653,2022-05-24 16:21:00,GFAI
0.823,0.8394,0.823,0.8265,80118,2022-05-24 16:22:00,GFAI
0.830799,0.8309,0.823,0.826,60194,2022-05-24 16:23:00,GFAI
0.8238,0.8318,0.823,0.83,66216,2022-05-24 16:24:00,GFAI
0.8301,0.8386,0.83,0.8311,99586,2022-05-24 16:25:00,GFAI
0.831,0.8314,0.823,0.8235,158219,2022-05-24 16:26:00,GFAI
0.8235,0.8374,0.8234,0.8374,84913,2022-05-24 16:27:00,GFAI
0.8301,0.834999,0.83,0.832499,51544,2022-05-24 16:28:00,GFAI
0.8312,0.8321,0.827,0.8296,107157,2022-05-24 16:29:00,GFAI
0.83,0.8469,0.829,0.84,137166,2022-05-24 16:30:00,GFAI
0.84,0.8448,0.8302,0.8302,68616,2022-05-24 16:31:00,GFAI
0.8303,0.8449,0.8302,0.8321,112052,2022-05-24 16:32:00,GFAI
0.83625,0.845,0.83625,0.845,89602,2022-05-24 16:33:00,GFAI
0.845,0.845,0.8399,0.84,40589,2022-05-24 16:34:00,GFAI
0.844999,0.855,0.84,0.851449,229029,2022-05-24 16:35:00,GFAI
0.8514,0.8594,0.8475,0.8533,152028,2022-05-24 16:36:00,GFAI
0.8537,0.8539,0.845,0.8494,150743,2022-05-24 16:37:00,GFAI
0.8499,0.85,0.8472,0.8472,23565,2022-05-24 16:38:00,GFAI
0.846601,0.846601,0.843,0.8462,52016,2022-05-24 16:39:00,GFAI
0.8464,0.8748,0.8464,0.867,422225,2022-05-24 16:40:00,GFAI
0.867101,0.8799,0.867,0.877,183269,2022-05-24 16:41:00,GFAI
0.8772,0.888,0.87,0.8845,414364,2022-05-24 16:42:00,GFAI
0.884399,0.8879,0.8711,0.8798,150573,2022-05-24 16:43:00,GFAI
0.8798,0.888,0.874,0.8873,645829,2022-05-24 16:44:00,GFAI
0.8867,0.8879,0.87,0.8758,319875,2022-05-24 16:45:00,GFAI
0.8786,0.8786,0.86,0.872499,202563,2022-05-24 16:46:00,GFAI
0.8725,0.88,0.87,0.87,127974,2022-05-24 16:47:00,GFAI
0.875001,0.8795,0.87,0.8701,90958,2022-05-24 16:48:00,GFAI
0.87,0.8785,0.87,0.874899,30994,2022-05-24 16:49:00,GFAI
0.874399,0.8744,0.87,0.8711,30260,2022-05-24 16:50:00,GFAI
0.8711,0.8711,0.861,0.864,89245,2022-05-24 16:51:00,GFAI
0.8621,0.8744,0.8621,0.87,157158,2022-05-24 16:52:00,GFAI
0.866,0.87,0.8633,0.87,49997,2022-05-24 16:53:00,GFAI
0.87,0.8879,0.87,0.884,282143,2022-05-24 16:54:00,GFAI
0.884,0.8879,0.87,0.8869,224153,2022-05-24 16:55:00,GFAI
0.8869,0.8888,0.871,0.8765,377954,2022-05-24 16:56:00,GFAI
0.8799,0.8799,0.855,0.8674,418910,2022-05-24 16:57:00,GFAI
0.866,0.8682,0.86,0.8611,71941,2022-05-24 16:58:00,GFAI
0.8611,0.865,0.841,0.850101,294515,2022-05-24 16:59:00,GFAI
0.85,0.85,0.8301,0.832,192213,2022-05-24 17:00:00,GFAI
0.832,0.8394,0.832,0.834,129413,2022-05-24 17:01:00,GFAI
0.8393,0.8393,0.82,0.826,240749,2022-05-24 17:02:00,GFAI
0.8277,0.833,0.82,0.82,221099,2022-05-24 17:03:00,GFAI
0.8199,0.8269,0.81,0.8247,259808,2022-05-24 17:04:00,GFAI
0.8251,0.835,0.82,0.820801,228344,2022-05-24 17:05:00,GFAI
0.82,0.833,0.82,0.828,85055,2022-05-24 17:06:00,GFAI
0.83,0.834851,0.8201,0.821,105951,2022-05-24 17:07:00,GFAI
0.8243,0.825,0.82,0.8232,55389,2022-05-24 17:08:00,GFAI
0.8233,0.8233,0.815,0.815,79573,2022-05-24 17:09:00,GFAI
0.82,0.82,0.792,0.7945,301143,2022-05-24 17:10:00,GFAI
0.7921,0.81,0.7858,0.8005,345558,2022-05-24 17:11:00,GFAI
0.800999,0.8047,0.7955,0.7974,128127,2022-05-24 17:12:00,GFAI
0.7988,0.809,0.796,0.8,97255,2022-05-24 17:13:00,GFAI
0.801,0.8116,0.801,0.8116,111356,2022-05-24 17:14:00,GFAI
0.812,0.812,0.805,0.8075,63172,2022-05-24 17:15:00,GFAI
0.8099,0.8099,0.8,0.8066,82954,2022-05-24 17:16:00,GFAI
0.8074,0.8148,0.806701,0.8145,45275,2022-05-24 17:17:00,GFAI
0.8142,0.82,0.81,0.8192,172459,2022-05-24 17:18:00,GFAI
0.8183,0.8193,0.8142,0.8192,63891,2022-05-24 17:19:00,GFAI
0.819099,0.819099,0.81,0.81,59139,2022-05-24 17:20:00,GFAI
0.8138,0.8193,0.8129,0.8193,40492,2022-05-24 17:21:00,GFAI
0.8142,0.8199,0.81,0.8181,51466,2022-05-24 17:22:00,GFAI
0.8171,0.8181,0.8161,0.8175,24306,2022-05-24 17:23:00,GFAI
0.815,0.8166,0.815,0.8159,8797,2022-05-24 17:24:00,GFAI
0.8166,0.816699,0.8,0.816699,76141,2022-05-24 17:25:00,GFAI
0.8099,0.8099,0.8,0.805,10637,2022-05-24 17:26:00,GFAI
0.800101,0.805,0.8,0.805,53515,2022-05-24 17:27:00,GFAI
0.8026,0.805,0.8001,0.8001,56832,2022-05-24 17:28:00,GFAI
0.8001,0.805,0.8001,0.801901,20314,2022-05-24 17:29:00,GFAI
0.803,0.805,0.8019,0.804999,53211,2022-05-24 17:30:00,GFAI
0.803749,0.81,0.8026,0.8099,24394,2022-05-24 17:31:00,GFAI
0.8099,0.817,0.8061,0.817,42714,2022-05-24 17:32:00,GFAI
0.814,0.8248,0.814,0.8208,40601,2022-05-24 17:33:00,GFAI
0.8215,0.824599,0.81,0.814899,20616,2022-05-24 17:34:00,GFAI
0.8147,0.8149,0.81,0.81,7569,2022-05-24 17:35:00,GFAI
0.8099,0.82,0.8096,0.8189,29393,2022-05-24 17:36:00,GFAI
0.8173,0.8188,0.8125,0.8125,7801,2022-05-24 17:37:00,GFAI
0.8195,0.822,0.816,0.8195,29690,2022-05-24 17:38:00,GFAI
0.821,0.821,0.81,0.8155,30966,2022-05-24 17:39:00,GFAI
0.8152,0.821,0.814301,0.8164,34271,2022-05-24 17:40:00,GFAI
0.8142,0.8172,0.81,0.817,7250,2022-05-24 17:41:00,GFAI
0.8135,0.8172,0.81,0.8171,10399,2022-05-24 17:42:00,GFAI
0.81691,0.81691,0.81,0.815,14243,2022-05-24 17:43:00,GFAI
0.815,0.815,0.8101,0.8126,14834,2022-05-24 17:44:00,GFAI
0.8101,0.814,0.8101,0.8139,8505,2022-05-24 17:45:00,GFAI
0.813899,0.82,0.81,0.8181,63403,2022-05-24 17:46:00,GFAI
0.817,0.8187,0.8101,0.8101,36312,2022-05-24 17:47:00,GFAI
0.8101,0.8174,0.81,0.81,16556,2022-05-24 17:48:00,GFAI
0.8101,0.815,0.81,0.8135,28729,2022-05-24 17:49:00,GFAI
0.8135,0.8135,0.809,0.81,35769,2022-05-24 17:50:00,GFAI
0.812,0.8121,0.8,0.8,128194,2022-05-24 17:51:00,GFAI
0.8,0.8025,0.79,0.792,102638,2022-05-24 17:52:00,GFAI
0.793499,0.7992,0.7906,0.7906,30520,2022-05-24 17:53:00,GFAI
0.7911,0.7998,0.791,0.7922,20613,2022-05-24 17:54:00,GFAI
0.791,0.7922,0.7801,0.79,136540,2022-05-24 17:55:00,GFAI
0.790101,0.796,0.7901,0.7901,71485,2022-05-24 17:56:00,GFAI
0.7901,0.7909,0.785,0.7901,58729,2022-05-24 17:57:00,GFAI
0.791999,0.791999,0.7879,0.7879,38691,2022-05-24 17:58:00,GFAI
0.7879,0.788,0.7802,0.7805,34952,2022-05-24 17:59:00,GFAI
0.7804,0.7827,0.77,0.7722,156080,2022-05-24 18:00:00,GFAI
0.7702,0.770999,0.7601,0.764,81097,2022-05-24 18:01:00,GFAI
0.764501,0.77,0.7644,0.7658,72829,2022-05-24 18:02:00,GFAI
0.766501,0.77,0.7601,0.765,81714,2022-05-24 18:03:00,GFAI
0.7631,0.77,0.763,0.7635,15094,2022-05-24 18:04:00,GFAI
0.76325,0.764,0.7601,0.7629,34626,2022-05-24 18:05:00,GFAI
0.7602,0.77,0.76,0.768799,73560,2022-05-24 18:06:00,GFAI
0.764399,0.7688,0.76,0.7604,59954,2022-05-24 18:07:00,GFAI
0.76,0.7688,0.76,0.763,10014,2022-05-24 18:08:00,GFAI
0.765899,0.7688,0.763,0.7661,11203,2022-05-24 18:09:00,GFAI
0.768699,0.7688,0.7635,0.7687,12234,2022-05-24 18:10:00,GFAI
0.7687,0.7688,0.7635,0.7687,22603,2022-05-24 18:11:00,GFAI
0.769,0.77,0.7605,0.761086,57483,2022-05-24 18:12:00,GFAI
0.7641,0.767,0.7612,0.767,25173,2022-05-24 18:13:00,GFAI
0.76,0.7619,0.7511,0.7513,47585,2022-05-24 18:14:00,GFAI
0.752,0.759,0.752,0.758,15419,2022-05-24 18:15:00,GFAI
0.758,0.758,0.753,0.7553,15096,2022-05-24 18:16:00,GFAI
0.7545,0.762,0.7511,0.7511,55397,2022-05-24 18:17:00,GFAI
0.7501,0.7538,0.721,0.73,316598,2022-05-24 18:18:00,GFAI
0.73,0.7345,0.73,0.7345,34920,2022-05-24 18:19:00,GFAI
0.7345,0.74,0.73,0.7301,100310,2022-05-24 18:20:00,GFAI
0.7325,0.74,0.73,0.736001,81442,2022-05-24 18:21:00,GFAI
0.737899,0.742,0.7345,0.741,49233,2022-05-24 18:22:00,GFAI
0.7411,0.7435,0.7411,0.743,27893,2022-05-24 18:23:00,GFAI
0.7433,0.747,0.7433,0.745,56021,2022-05-24 18:24:00,GFAI
0.7468,0.7469,0.741,0.7412,27280,2022-05-24 18:25:00,GFAI
0.7412,0.7422,0.7306,0.7331,32101,2022-05-24 18:26:00,GFAI
0.735,0.7371,0.7306,0.7341,34746,2022-05-24 18:27:00,GFAI
0.734,0.7445,0.734,0.744,25792,2022-05-24 18:28:00,GFAI
0.74,0.7479,0.74,0.7479,14565,2022-05-24 18:29:00,GFAI
0.742954,0.7449,0.7403,0.743,8526,2022-05-24 18:30:00,GFAI
0.743,0.748,0.743,0.7479,3802,2022-05-24 18:31:00,GFAI
0.746001,0.7548,0.745,0.754699,54953,2022-05-24 18:32:00,GFAI
0.7529,0.7529,0.747,0.748,33183,2022-05-24 18:33:00,GFAI
0.7481,0.75,0.7481,0.75,5273,2022-05-24 18:34:00,GFAI
0.75,0.7529,0.75,0.7501,21945,2022-05-24 18:35:00,GFAI
0.75,0.7501,0.745,0.74999,40306,2022-05-24 18:36:00,GFAI
0.75,0.75,0.744899,0.744899,34929,2022-05-24 18:37:00,GFAI
0.74275,0.74275,0.74,0.74,14126,2022-05-24 18:38:00,GFAI
0.7401,0.7405,0.74,0.74,43113,2022-05-24 18:39:00,GFAI
0.74,0.74,0.735,0.735201,27145,2022-05-24 18:40:00,GFAI
0.74,0.744,0.74,0.744,21718,2022-05-24 18:41:00,GFAI
0.7435,0.75,0.7421,0.747001,11190,2022-05-24 18:42:00,GFAI
0.749,0.749534,0.748249,0.748899,2183,2022-05-24 18:43:00,GFAI
0.747831,0.747831,0.744,0.744,4399,2022-05-24 18:44:00,GFAI
0.748899,0.749,0.742,0.744,9774,2022-05-24 18:45:00,GFAI
0.744,0.747,0.742,0.747,7287,2022-05-24 18:46:00,GFAI
0.744,0.745,0.7375,0.7375,71237,2022-05-24 18:47:00,GFAI
0.739,0.743999,0.7351,0.7375,14239,2022-05-24 18:48:00,GFAI
0.739,0.744,0.7304,0.7351,48086,2022-05-24 18:49:00,GFAI
0.7351,0.7444,0.735,0.735,2701,2022-05-24 18:50:00,GFAI
0.7365,0.7444,0.73,0.742,28384,2022-05-24 18:51:00,GFAI
0.7331,0.7401,0.733,0.7401,8592,2022-05-24 18:52:00,GFAI
0.74,0.7419,0.733,0.7331,27840,2022-05-24 18:53:00,GFAI
0.7331,0.7398,0.7331,0.7331,7270,2022-05-24 18:54:00,GFAI
0.7331,0.738,0.7331,0.738,7500,2022-05-24 18:55:00,GFAI
0.7334,0.7335,0.7334,0.7335,3197,2022-05-24 18:56:00,GFAI
0.735,0.735,0.7334,0.735,1100,2022-05-24 18:57:00,GFAI
0.735,0.735,0.735,0.735,100,2022-05-24 18:58:00,GFAI
0.736,0.736,0.7334,0.7334,5608,2022-05-24 18:59:00,GFAI
0.7358,0.738,0.7358,0.737,16934,2022-05-24 19:00:00,GFAI
0.738,0.749,0.7377,0.74,72251,2022-05-24 19:01:00,GFAI
0.7432,0.7432,0.7375,0.7375,3600,2022-05-24 19:02:00,GFAI
0.7487,0.749,0.747,0.749,1848,2022-05-24 19:03:00,GFAI
0.743,0.749,0.743,0.743,21817,2022-05-24 19:04:00,GFAI
0.741101,0.743,0.737,0.7429,24531,2022-05-24 19:05:00,GFAI
0.749,0.749,0.737,0.7401,15942,2022-05-24 19:06:00,GFAI
0.744549,0.7486,0.74,0.745,6668,2022-05-24 19:07:00,GFAI
0.748499,0.748499,0.7401,0.7477,13881,2022-05-24 19:08:00,GFAI
0.7401,0.744,0.7401,0.744,11730,2022-05-24 19:09:00,GFAI
0.7458,0.7458,0.7458,0.7458,130,2022-05-24 19:10:00,GFAI
0.744,0.748199,0.744,0.7441,2325,2022-05-24 19:11:00,GFAI
0.744,0.7441,0.737,0.743001,2760,2022-05-24 19:12:00,GFAI
0.749,0.749,0.743,0.744449,15550,2022-05-24 19:13:00,GFAI
0.7401,0.7487,0.74,0.745,39028,2022-05-24 19:14:00,GFAI
0.745,0.745,0.74,0.74,37268,2022-05-24 19:15:00,GFAI
0.74,0.74,0.7307,0.7308,18422,2022-05-24 19:16:00,GFAI
0.7308,0.7349,0.7307,0.7349,5571,2022-05-24 19:17:00,GFAI
0.735101,0.736,0.7349,0.7349,10638,2022-05-24 19:18:00,GFAI
0.7349,0.735,0.7349,0.735,3331,2022-05-24 19:19:00,GFAI
0.7349,0.745,0.7349,0.7349,2272,2022-05-24 19:20:00,GFAI
0.735,0.745,0.735,0.740001,10029,2022-05-24 19:21:00,GFAI
0.745,0.745,0.745,0.745,1000,2022-05-24 19:22:00,GFAI
0.74,0.7429,0.7399,0.7399,5800,2022-05-24 19:23:00,GFAI
0.739899,0.74,0.7353,0.739899,7386,2022-05-24 19:24:00,GFAI
0.7365,0.7376,0.736111,0.7376,5900,2022-05-24 19:25:00,GFAI
0.7363,0.7363,0.735,0.735016,2312,2022-05-24 19:26:00,GFAI
0.7359,0.7359,0.73,0.73004,72845,2022-05-24 19:27:00,GFAI
0.7301,0.734,0.73,0.73,9489,2022-05-24 19:28:00,GFAI
0.7301,0.733899,0.73,0.733899,2312,2022-05-24 19:29:00,GFAI
0.731999,0.733,0.7301,0.730101,2975,2022-05-24 19:30:00,GFAI
0.734,0.738,0.73,0.735,12739,2022-05-24 19:31:00,GFAI
0.737,0.745,0.735,0.745,36026,2022-05-24 19:32:00,GFAI
0.742,0.744,0.735001,0.7369,15709,2022-05-24 19:33:00,GFAI
0.7369,0.7407,0.7369,0.740101,32877,2022-05-24 19:34:00,GFAI
0.74,0.7401,0.7201,0.721,66317,2022-05-24 19:35:00,GFAI
0.722,0.7303,0.720133,0.7226,39073,2022-05-24 19:36:00,GFAI
0.7237,0.7264,0.7225,0.7225,43121,2022-05-24 19:37:00,GFAI
0.7225,0.74,0.7225,0.74,1487,2022-05-24 19:38:00,GFAI
0.7251,0.7251,0.725,0.725,2302,2022-05-24 19:39:00,GFAI
0.7301,0.7399,0.7301,0.734,18404,2022-05-24 19:40:00,GFAI
0.73,0.7399,0.73,0.735001,2336,2022-05-24 19:41:00,GFAI
0.7351,0.74,0.7351,0.739899,4340,2022-05-24 19:42:00,GFAI
0.7399,0.7399,0.7369,0.737449,1797,2022-05-24 19:43:00,GFAI
0.735101,0.73745,0.7301,0.7301,12072,2022-05-24 19:44:00,GFAI
0.735,0.735,0.73,0.73,15338,2022-05-24 19:45:00,GFAI
0.7399,0.7399,0.73,0.73,7069,2022-05-24 19:46:00,GFAI
0.730101,0.734899,0.73,0.733001,3396,2022-05-24 19:47:00,GFAI
0.734999,0.7379,0.734999,0.7355,11625,2022-05-24 19:48:00,GFAI
0.739899,0.739899,0.7334,0.7334,13395,2022-05-24 19:49:00,GFAI
0.7367,0.7399,0.7334,0.7395,27149,2022-05-24 19:50:00,GFAI
0.7399,0.74,0.731,0.7355,40430,2022-05-24 19:51:00,GFAI
0.731,0.735,0.73,0.735,55821,2022-05-24 19:52:00,GFAI
0.7301,0.74,0.7301,0.739999,18466,2022-05-24 19:53:00,GFAI
0.739899,0.74,0.735,0.735,21239,2022-05-24 19:54:00,GFAI
0.735,0.7399,0.735,0.73745,2070,2022-05-24 19:55:00,GFAI
0.73576,0.739799,0.725,0.7251,51492,2022-05-24 19:56:00,GFAI
0.73025,0.7401,0.725,0.74,47293,2022-05-24 19:57:00,GFAI
0.74,0.745,0.73,0.7301,24027,2022-05-24 19:58:00,GFAI
0.7301,0.74,0.7262,0.734501,12169,2022-05-24 19:59:00,GFAI
0.7251,0.726,0.7251,0.7253,12100,2022-05-24 20:00:00,GFAI
0.7251,0.745,0.7251,0.73,9700,2022-05-24 20:01:00,GFAI
0.7244,0.7244,0.7244,0.7244,100,2022-05-24 20:03:00,GFAI
0.723,0.723,0.7225,0.7225,3300,2022-05-24 20:04:00,GFAI
0.7201,0.7225,0.7201,0.7225,4575,2022-05-24 20:05:00,GFAI
0.72,0.72,0.7155,0.7155,1335,2022-05-24 20:06:00,GFAI
0.7156,0.7156,0.7049,0.7049,3248,2022-05-24 20:08:00,GFAI
0.71,0.71,0.6856,0.6856,26216,2022-05-24 20:09:00,GFAI
0.7,0.7,0.6848,0.69,15691,2022-05-24 20:10:00,GFAI
0.683,0.685,0.68,0.68,17878,2022-05-24 20:11:00,GFAI
0.685,0.685,0.6755,0.6755,24612,2022-05-24 20:12:00,GFAI
0.6755,0.6755,0.6555,0.66,22811,2022-05-24 20:13:00,GFAI
0.665,0.67,0.66,0.67,24464,2022-05-24 20:14:00,GFAI
0.67,0.68,0.6676,0.6794,40859,2022-05-24 20:15:00,GFAI
0.6794,0.7,0.679,0.698,10595,2022-05-24 20:16:00,GFAI
0.6999,0.6999,0.69,0.698,16037,2022-05-24 20:17:00,GFAI
0.69,0.6949,0.681,0.69,25757,2022-05-24 20:18:00,GFAI
0.6851,0.69,0.6851,0.69,4050,2022-05-24 20:19:00,GFAI
0.69,0.6975,0.69,0.6975,4800,2022-05-24 20:20:00,GFAI
0.69,0.6975,0.681,0.682,11709,2022-05-24 20:21:00,GFAI
0.6898,0.69,0.6898,0.69,1890,2022-05-24 20:22:00,GFAI
0.681,0.681,0.672,0.68,9773,2022-05-24 20:23:00,GFAI
0.6799,0.69,0.6705,0.671,5463,2022-05-24 20:24:00,GFAI
0.688,0.69,0.688,0.69,27718,2022-05-24 20:25:00,GFAI
0.69,0.69,0.69,0.69,1863,2022-05-24 20:26:00,GFAI
0.6899,0.69,0.6899,0.69,3339,2022-05-24 20:27:00,GFAI
0.69,0.69,0.6801,0.6801,780,2022-05-24 20:28:00,GFAI
0.6801,0.6801,0.6801,0.6801,5000,2022-05-24 20:29:00,GFAI
0.68,0.6802,0.68,0.68,18705,2022-05-24 20:30:00,GFAI
0.6721,0.6798,0.6721,0.6797,7500,2022-05-24 20:31:00,GFAI
0.6721,0.6721,0.65,0.655,37736,2022-05-24 20:32:00,GFAI
0.655,0.6599,0.655,0.6599,2639,2022-05-24 20:33:00,GFAI
0.6599,0.6798,0.6407,0.65,167018,2022-05-24 20:34:00,GFAI
0.65,0.65,0.61,0.63,82500,2022-05-24 20:35:00,GFAI
0.6275,0.6696,0.6275,0.64,94035,2022-05-24 20:36:00,GFAI
0.6397,0.6499,0.6397,0.6499,21030,2022-05-24 20:37:00,GFAI
0.65,0.65,0.6325,0.649,3404,2022-05-24 20:38:00,GFAI
0.632,0.6445,0.632,0.64,7268,2022-05-24 20:39:00,GFAI
0.64,0.644,0.6399,0.644,5455,2022-05-24 20:40:00,GFAI
0.644,0.645,0.644,0.645,6940,2022-05-24 20:41:00,GFAI
0.645,0.645,0.642,0.642,1655,2022-05-24 20:42:00,GFAI
0.645,0.6499,0.64,0.6499,13746,2022-05-24 20:43:00,GFAI
0.6498,0.6498,0.645,0.6495,6681,2022-05-24 20:44:00,GFAI
0.645,0.649,0.6449,0.649,2769,2022-05-24 20:45:00,GFAI
0.646,0.6494,0.646,0.649,1125,2022-05-24 20:46:00,GFAI
0.6493,0.6494,0.642,0.649,49989,2022-05-24 20:47:00,GFAI
0.6493,0.6493,0.649,0.6493,11050,2022-05-24 20:48:00,GFAI
0.645,0.645,0.645,0.645,2113,2022-05-24 20:49:00,GFAI
0.6445,0.649,0.6421,0.649,15764,2022-05-24 20:50:00,GFAI
0.6451,0.649,0.644,0.6488,6500,2022-05-24 20:51:00,GFAI
0.6488,0.6499,0.6488,0.6499,3369,2022-05-24 20:52:00,GFAI
0.6488,0.65,0.63,0.65,23219,2022-05-24 20:53:00,GFAI
0.6499,0.65,0.6475,0.65,6600,2022-05-24 20:54:00,GFAI
0.65,0.66,0.6499,0.66,25758,2022-05-24 20:55:00,GFAI
0.659,0.659,0.659,0.659,4350,2022-05-24 20:56:00,GFAI
0.659,0.659,0.659,0.659,28920,2022-05-24 20:57:00,GFAI
0.6525,0.6525,0.65,0.65,10726,2022-05-24 20:58:00,GFAI
0.65,0.6551,0.65,0.651,4450,2022-05-24 20:59:00,GFAI
0.653,0.653,0.651,0.651,20400,2022-05-24 21:00:00,GFAI
0.653,0.659,0.65,0.659,12258,2022-05-24 21:01:00,GFAI
0.659,0.659,0.659,0.659,2441,2022-05-24 21:02:00,GFAI
0.659,0.659,0.6588,0.6588,5276,2022-05-24 21:03:00,GFAI
0.65,0.6588,0.65,0.6588,4630,2022-05-24 21:04:00,GFAI
0.6589,0.659,0.6589,0.659,13000,2022-05-24 21:05:00,GFAI
0.659,0.6688,0.6589,0.6688,2964,2022-05-24 21:06:00,GFAI
0.6688,0.67,0.6684,0.67,16779,2022-05-24 21:07:00,GFAI
0.6695,0.68,0.6695,0.6799,8349,2022-05-24 21:08:00,GFAI
0.679,0.689,0.679,0.689,13055,2022-05-24 21:09:00,GFAI
0.685,0.689,0.679,0.679,11316,2022-05-24 21:10:00,GFAI
0.67,0.6798,0.67,0.6798,575,2022-05-24 21:11:00,GFAI
0.6796,0.6796,0.6796,0.6796,3100,2022-05-24 21:13:00,GFAI
0.6786,0.6786,0.678,0.678,4958,2022-05-24 21:16:00,GFAI
0.6701,0.6701,0.6701,0.6701,6351,2022-05-24 21:18:00,GFAI
0.6701,0.6701,0.6605,0.6605,1769,2022-05-24 21:19:00,GFAI
0.685,0.685,0.685,0.685,100,2022-05-24 21:22:00,GFAI
0.67,0.67,0.67,0.67,2019,2022-05-24 21:23:00,GFAI
0.685,0.685,0.685,0.685,7581,2022-05-24 21:24:00,GFAI
0.685,0.685,0.68,0.68,8420,2022-05-24 21:26:00,GFAI
0.68,0.68,0.68,0.68,1890,2022-05-24 21:28:00,GFAI
0.6705,0.681,0.6705,0.681,6110,2022-05-24 21:29:00,GFAI
0.681,0.681,0.68,0.68,3348,2022-05-24 21:30:00,GFAI
0.68,0.685,0.68,0.685,16688,2022-05-24 21:31:00,GFAI
0.695,0.695,0.695,0.695,4625,2022-05-24 21:32:00,GFAI
0.695,0.695,0.695,0.695,2650,2022-05-24 21:34:00,GFAI
0.695,0.695,0.695,0.695,20700,2022-05-24 21:35:00,GFAI
0.695,0.695,0.69,0.69,12442,2022-05-24 21:36:00,GFAI
0.69,0.69,0.69,0.69,875,2022-05-24 21:37:00,GFAI
0.69,0.69,0.69,0.69,200,2022-05-24 21:39:00,GFAI
0.69,0.69,0.69,0.69,200,2022-05-24 21:42:00,GFAI
0.69,0.69,0.69,0.69,300,2022-05-24 21:43:00,GFAI
0.6899,0.6899,0.6899,0.6899,100,2022-05-24 21:45:00,GFAI
0.68,0.68,0.68,0.68,508,2022-05-24 21:49:00,GFAI
0.6899,0.6899,0.685,0.685,3928,2022-05-24 21:50:00,GFAI
0.685,0.687,0.685,0.687,1100,2022-05-24 21:51:00,GFAI
0.686,0.686,0.686,0.686,5100,2022-05-24 21:54:00,GFAI
0.686,0.686,0.686,0.686,200,2022-05-24 21:55:00,GFAI
0.686,0.686,0.686,0.686,200,2022-05-24 21:56:00,GFAI
0.68,0.68,0.68,0.68,1400,2022-05-24 21:57:00,GFAI
0.686,0.687,0.686,0.687,11920,2022-05-24 21:58:00,GFAI
0.695,0.695,0.695,0.695,4996,2022-05-24 22:00:00,GFAI
0.695,0.695,0.695,0.695,2427,2022-05-24 22:02:00,GFAI
0.695,0.695,0.695,0.695,391,2022-05-24 22:05:00,GFAI
0.691,0.691,0.69,0.69,1100,2022-05-24 22:07:00,GFAI
0.695,0.695,0.695,0.695,6050,2022-05-24 22:08:00,GFAI
0.6949,0.695,0.6949,0.695,10000,2022-05-24 22:09:00,GFAI
0.695,0.695,0.695,0.695,1500,2022-05-24 22:12:00,GFAI
0.695,0.695,0.695,0.695,255,2022-05-24 22:13:00,GFAI
0.688,0.688,0.688,0.688,12498,2022-05-24 22:14:00,GFAI
0.688,0.688,0.688,0.688,500,2022-05-24 22:15:00,GFAI
0.6949,0.6949,0.6949,0.6949,377,2022-05-24 22:18:00,GFAI
0.689,0.689,0.689,0.689,15860,2022-05-24 22:20:00,GFAI
0.69,0.69,0.69,0.69,531,2022-05-24 22:22:00,GFAI
0.69,0.69,0.69,0.69,1000,2022-05-24 22:23:00,GFAI
0.69,0.69,0.69,0.69,525,2022-05-24 22:26:00,GFAI
0.69,0.69,0.69,0.69,271,2022-05-24 22:28:00,GFAI
0.69,0.69,0.69,0.69,320,2022-05-24 22:31:00,GFAI
0.69,0.69,0.69,0.69,560,2022-05-24 22:39:00,GFAI
0.687,0.687,0.687,0.687,450,2022-05-24 22:40:00,GFAI
0.69,0.69,0.69,0.69,1000,2022-05-24 22:41:00,GFAI
0.6899,0.6899,0.6899,0.6899,1000,2022-05-24 22:42:00,GFAI
0.69,0.69,0.689,0.689,8920,2022-05-24 22:45:00,GFAI
0.69,0.69,0.69,0.69,661,2022-05-24 22:47:00,GFAI
0.6822,0.6822,0.68,0.681,4052,2022-05-24 22:52:00,GFAI
0.68,0.69,0.68,0.69,8538,2022-05-24 22:54:00,GFAI
0.69,0.69,0.689,0.689,1220,2022-05-24 22:55:00,GFAI
0.69,0.69,0.69,0.69,1900,2022-05-24 22:56:00,GFAI
0.6944,0.6944,0.6944,0.6944,900,2022-05-24 22:57:00,GFAI
0.6943,0.6943,0.6943,0.6943,1500,2022-05-24 22:58:00,GFAI
0.6943,0.6943,0.6943,0.6943,1932,2022-05-24 22:59:00,GFAI
0.6943,0.6943,0.6943,0.6943,2699,2022-05-24 23:00:00,GFAI
0.695,0.695,0.695,0.695,500,2022-05-24 23:01:00,GFAI
0.6943,0.6943,0.6943,0.6943,108,2022-05-24 23:02:00,GFAI
0.6943,0.6943,0.6943,0.6943,4900,2022-05-24 23:03:00,GFAI
0.71,0.7101,0.71,0.7101,1556,2022-05-24 23:04:00,GFAI
0.717,0.717,0.717,0.717,100,2022-05-24 23:07:00,GFAI
0.7101,0.717,0.7101,0.717,5450,2022-05-24 23:08:00,GFAI
0.71,0.71,0.709,0.709,631,2022-05-24 23:09:00,GFAI
0.7,0.7,0.7,0.7,300,2022-05-24 23:10:00,GFAI
0.7,0.7,0.7,0.7,3554,2022-05-24 23:11:00,GFAI
0.7,0.7,0.7,0.7,3720,2022-05-24 23:12:00,GFAI
0.715,0.715,0.715,0.715,1000,2022-05-24 23:16:00,GFAI
0.715,0.715,0.715,0.715,200,2022-05-24 23:17:00,GFAI
0.715,0.715,0.715,0.715,104,2022-05-24 23:18:00,GFAI
0.71,0.71,0.7005,0.7005,246,2022-05-24 23:19:00,GFAI
0.7005,0.7005,0.7005,0.7005,2854,2022-05-24 23:24:00,GFAI
0.6985,0.6985,0.6985,0.6985,2231,2022-05-24 23:25:00,GFAI
0.69,0.69,0.69,0.69,10000,2022-05-24 23:26:00,GFAI
0.6905,0.6905,0.6905,0.6905,1713,2022-05-24 23:27:00,GFAI
0.6984,0.6984,0.6984,0.6984,1200,2022-05-24 23:29:00,GFAI
0.6905,0.6905,0.6905,0.6905,600,2022-05-24 23:32:00,GFAI
0.6901,0.7,0.6901,0.7,6800,2022-05-24 23:33:00,GFAI
0.7,0.7,0.7,0.7,5120,2022-05-24 23:35:00,GFAI
0.6997,0.6999,0.6997,0.6999,18849,2022-05-24 23:43:00,GFAI
0.7,0.7,0.7,0.7,150,2022-05-24 23:46:00,GFAI
0.7,0.7,0.7,0.7,7965,2022-05-24 23:47:00,GFAI
0.7,0.7,0.7,0.7,516,2022-05-24 23:48:00,GFAI
0.7,0.7,0.6958,0.7,5686,2022-05-24 23:49:00,GFAI
0.7,0.7001,0.7,0.7001,1920,2022-05-24 23:50:00,GFAI
0.6958,0.6958,0.6958,0.6958,5000,2022-05-24 23:51:00,GFAI
0.7,0.7305,0.7,0.7305,4503,2022-05-24 23:52:00,GFAI
0.7363,0.7363,0.7363,0.7363,11900,2022-05-24 23:53:00,GFAI
0.7305,0.7363,0.7305,0.7305,6795,2022-05-24 23:54:00,GFAI
0.7305,0.7305,0.72,0.72,1355,2022-05-24 23:55:00,GFAI
0.736,0.736,0.736,0.736,500,2022-05-24 23:56:00,GFAI
0.71,0.7363,0.71,0.7363,12400,2022-05-24 23:57:00,GFAI
0.7363,0.737,0.7363,0.737,15363,2022-05-24 23:58:00,GFAI
0.748,0.748,0.74,0.748,15370,2022-05-24 23:59:00,GFAI
0.718,0.718,0.6688,0.6688,1668,2022-05-25 08:00:00,GFAI
0.7114,0.7114,0.7114,0.7114,313,2022-05-25 08:04:00,GFAI
0.7114,0.7114,0.7114,0.7114,437,2022-05-25 08:05:00,GFAI
0.6688,0.6688,0.6688,0.6688,2402,2022-05-25 08:07:00,GFAI
0.6715,0.6715,0.6705,0.6705,307,2022-05-25 08:12:00,GFAI
0.6709,0.71,0.6709,0.71,1142,2022-05-25 08:13:00,GFAI
0.7096,0.7096,0.7096,0.7096,212,2022-05-25 08:16:00,GFAI
0.6828,0.6828,0.6828,0.6828,900,2022-05-25 08:17:00,GFAI
0.684,0.684,0.6837,0.6837,3400,2022-05-25 08:18:00,GFAI
0.6897,0.6897,0.6855,0.6855,700,2022-05-25 08:23:00,GFAI
0.6916,0.6916,0.6916,0.6916,1700,2022-05-25 08:24:00,GFAI
0.7056,0.7056,0.6916,0.6916,325,2022-05-25 08:25:00,GFAI
0.6982,0.6996,0.6916,0.6916,1251,2022-05-25 08:26:00,GFAI
0.7,0.7,0.7,0.7,560,2022-05-25 08:28:00,GFAI
0.71,0.71,0.7056,0.71,1497,2022-05-25 08:29:00,GFAI
0.71,0.71,0.71,0.71,2000,2022-05-25 08:31:00,GFAI
0.6991,0.6991,0.6912,0.6912,850,2022-05-25 08:32:00,GFAI
0.7264,0.7264,0.7245,0.7245,200,2022-05-25 08:33:00,GFAI
0.7141,0.7141,0.71,0.71,1627,2022-05-25 08:34:00,GFAI
0.71,0.71,0.71,0.71,2700,2022-05-25 08:35:00,GFAI
0.71,0.71,0.71,0.71,307,2022-05-25 08:37:00,GFAI
0.71,0.71,0.71,0.71,100,2022-05-25 08:41:00,GFAI
0.71,0.71,0.71,0.71,1995,2022-05-25 08:42:00,GFAI
0.7,0.7,0.7,0.7,162,2022-05-25 08:45:00,GFAI
0.7095,0.7095,0.7095,0.7095,300,2022-05-25 08:49:00,GFAI
0.7,0.7,0.7,0.7,100,2022-05-25 08:53:00,GFAI
0.7095,0.71,0.7095,0.71,424,2022-05-25 08:59:00,GFAI
0.7,0.7,0.7,0.7,100,2022-05-25 09:01:00,GFAI
0.71,0.71,0.71,0.71,200,2022-05-25 09:22:00,GFAI
0.71,0.71,0.71,0.71,300,2022-05-25 09:23:00,GFAI
0.71,0.71,0.7,0.7,374,2022-05-25 09:24:00,GFAI
0.7,0.7,0.7,0.7,284,2022-05-25 09:34:00,GFAI
0.7,0.7,0.7,0.7,155,2022-05-25 09:35:00,GFAI
0.7,0.7,0.7,0.7,100,2022-05-25 09:36:00,GFAI
0.701,0.701,0.701,0.701,200,2022-05-25 09:37:00,GFAI
0.701,0.701,0.701,0.701,308,2022-05-25 09:38:00,GFAI
0.701,0.701,0.701,0.701,532,2022-05-25 09:39:00,GFAI
0.701,0.701,0.701,0.701,1100,2022-05-25 09:49:00,GFAI
0.7,0.7097,0.7,0.7,6964,2022-05-25 09:51:00,GFAI
0.692,0.692,0.6904,0.6904,1600,2022-05-25 09:54:00,GFAI
0.6912,0.6912,0.6912,0.6912,1081,2022-05-25 10:03:00,GFAI
0.699,0.699,0.699,0.699,258,2022-05-25 10:12:00,GFAI
0.6912,0.6912,0.6912,0.6912,1169,2022-05-25 10:13:00,GFAI
0.6912,0.6912,0.6912,0.6912,2000,2022-05-25 10:14:00,GFAI
0.692,0.692,0.69,0.69,5599,2022-05-25 10:15:00,GFAI
0.69,0.69,0.69,0.69,2345,2022-05-25 10:16:00,GFAI
0.7027,0.7027,0.7027,0.7027,100,2022-05-25 10:18:00,GFAI
0.695,0.695,0.6933,0.6944,1805,2022-05-25 10:23:00,GFAI
0.6944,0.6944,0.6933,0.6933,1400,2022-05-25 10:29:00,GFAI
0.69,0.69,0.69,0.69,1863,2022-05-25 10:32:00,GFAI
0.69,0.69,0.685,0.685,6480,2022-05-25 10:33:00,GFAI
0.6926,0.6926,0.6918,0.6918,200,2022-05-25 10:35:00,GFAI
0.6857,0.6857,0.685,0.685,800,2022-05-25 10:36:00,GFAI
0.685,0.685,0.685,0.685,700,2022-05-25 10:39:00,GFAI
0.6899,0.6899,0.6899,0.6899,100,2022-05-25 10:42:00,GFAI
0.685,0.685,0.685,0.685,1172,2022-05-25 10:43:00,GFAI
0.685,0.685,0.6837,0.685,852,2022-05-25 10:45:00,GFAI
0.685,0.685,0.685,0.685,700,2022-05-25 10:49:00,GFAI
0.685,0.685,0.685,0.685,1900,2022-05-25 10:50:00,GFAI
0.6837,0.6837,0.6837,0.6837,125,2022-05-25 10:53:00,GFAI
0.6837,0.685,0.6837,0.685,645,2022-05-25 10:56:00,GFAI
0.685,0.697,0.685,0.697,1200,2022-05-25 11:00:00,GFAI
0.685,0.685,0.685,0.685,1095,2022-05-25 11:01:00,GFAI
0.69,0.69,0.69,0.69,800,2022-05-25 11:02:00,GFAI
0.69,0.69,0.69,0.69,489,2022-05-25 11:03:00,GFAI
0.69,0.69,0.69,0.69,711,2022-05-25 11:04:00,GFAI
0.69,0.69,0.69,0.69,389,2022-05-25 11:05:00,GFAI
0.69,0.69,0.69,0.69,1404,2022-05-25 11:06:00,GFAI
0.6852,0.6852,0.6852,0.6852,600,2022-05-25 11:07:00,GFAI
0.6852,0.6852,0.6852,0.6852,1335,2022-05-25 11:13:00,GFAI
0.69,0.69,0.69,0.69,2111,2022-05-25 11:14:00,GFAI
0.689,0.689,0.689,0.689,120,2022-05-25 11:15:00,GFAI
0.689,0.6894,0.689,0.6894,611,2022-05-25 11:18:00,GFAI
0.69,0.69,0.69,0.69,2000,2022-05-25 11:19:00,GFAI
0.69,0.69,0.69,0.69,500,2022-05-25 11:22:00,GFAI
0.69,0.69,0.69,0.69,231,2022-05-25 11:25:00,GFAI
0.69,0.69,0.69,0.69,200,2022-05-25 11:26:00,GFAI
0.686,0.686,0.6852,0.6852,3500,2022-05-25 11:28:00,GFAI
0.6852,0.6852,0.6837,0.6837,1993,2022-05-25 11:29:00,GFAI
0.6837,0.6837,0.68,0.68,3932,2022-05-25 11:34:00,GFAI
0.68,0.68,0.68,0.68,3101,2022-05-25 11:35:00,GFAI
0.681,0.681,0.681,0.681,120,2022-05-25 11:40:00,GFAI
0.6801,0.6801,0.6801,0.6801,260,2022-05-25 11:41:00,GFAI
0.68,0.68,0.68,0.68,200,2022-05-25 11:42:00,GFAI
0.6915,0.6915,0.6915,0.6915,150,2022-05-25 11:43:00,GFAI
0.6805,0.6805,0.6801,0.6801,565,2022-05-25 11:44:00,GFAI
0.6979,0.699,0.6972,0.699,1397,2022-05-25 11:47:00,GFAI
0.6995,0.6995,0.6995,0.6995,100,2022-05-25 11:48:00,GFAI
0.6997,0.6997,0.6997,0.6997,250,2022-05-25 11:49:00,GFAI
0.699,0.6998,0.699,0.6997,1000,2022-05-25 11:50:00,GFAI
0.699,0.699,0.699,0.699,200,2022-05-25 11:52:00,GFAI
0.699,0.699,0.699,0.699,100,2022-05-25 11:53:00,GFAI
0.6953,0.6953,0.6953,0.6953,100,2022-05-25 11:57:00,GFAI
0.69,0.6931,0.69,0.6931,206,2022-05-25 11:59:00,GFAI
0.7,0.7,0.6929,0.6929,851,2022-05-25 12:00:00,GFAI
0.6929,0.6929,0.6929,0.6929,125,2022-05-25 12:01:00,GFAI
0.6901,0.6901,0.69,0.69,7907,2022-05-25 12:03:00,GFAI
0.69,0.6971,0.69,0.6971,7338,2022-05-25 12:04:00,GFAI
0.6941,0.6949,0.6919,0.6919,1799,2022-05-25 12:05:00,GFAI
0.6959,0.6959,0.692,0.692,2136,2022-05-25 12:06:00,GFAI
0.6921,0.6988,0.6921,0.6988,750,2022-05-25 12:07:00,GFAI
0.6925,0.6937,0.6922,0.6922,3300,2022-05-25 12:08:00,GFAI
0.69,0.69,0.69,0.69,800,2022-05-25 12:09:00,GFAI
0.69,0.69,0.69,0.69,657,2022-05-25 12:10:00,GFAI
0.69,0.69,0.69,0.69,1100,2022-05-25 12:11:00,GFAI
0.69,0.69,0.68,0.68,21200,2022-05-25 12:12:00,GFAI
0.68,0.68,0.68,0.68,10000,2022-05-25 12:13:00,GFAI
0.68,0.68,0.68,0.68,2599,2022-05-25 12:14:00,GFAI
0.68,0.6881,0.68,0.6881,1135,2022-05-25 12:16:00,GFAI
0.68,0.68,0.68,0.68,500,2022-05-25 12:17:00,GFAI
0.68,0.68,0.68,0.68,7014,2022-05-25 12:18:00,GFAI
0.68,0.68,0.68,0.68,5132,2022-05-25 12:20:00,GFAI
0.672,0.672,0.6705,0.6705,2692,2022-05-25 12:21:00,GFAI
0.6705,0.6705,0.6705,0.6705,2563,2022-05-25 12:22:00,GFAI
0.68,0.68,0.68,0.68,107,2022-05-25 12:23:00,GFAI
0.6705,0.6705,0.6705,0.6705,1000,2022-05-25 12:24:00,GFAI
0.6705,0.6705,0.67,0.67,1493,2022-05-25 12:25:00,GFAI
0.67,0.67,0.67,0.67,2817,2022-05-25 12:26:00,GFAI
0.67,0.67,0.6616,0.6616,1784,2022-05-25 12:27:00,GFAI
0.67,0.67,0.6688,0.6688,1475,2022-05-25 12:28:00,GFAI
0.66,0.66,0.66,0.66,9521,2022-05-25 12:29:00,GFAI
0.6683,0.67,0.6605,0.6605,26058,2022-05-25 12:31:00,GFAI
0.6605,0.6605,0.6605,0.6605,100,2022-05-25 12:32:00,GFAI
0.6699,0.6699,0.6699,0.6699,104,2022-05-25 12:33:00,GFAI
0.68,0.68,0.6608,0.6608,5750,2022-05-25 12:35:00,GFAI
0.68,0.68,0.6605,0.6605,15554,2022-05-25 12:37:00,GFAI
0.6605,0.6628,0.66,0.6628,8231,2022-05-25 12:38:00,GFAI
0.6703,0.6788,0.6703,0.6788,2500,2022-05-25 12:40:00,GFAI
0.6786,0.6786,0.6786,0.6786,100,2022-05-25 12:41:00,GFAI
0.67,0.67,0.67,0.67,415,2022-05-25 12:44:00,GFAI
0.6786,0.6788,0.6633,0.6788,7180,2022-05-25 12:45:00,GFAI
0.679,0.679,0.678,0.6783,4997,2022-05-25 12:46:00,GFAI
0.679,0.679,0.679,0.679,113,2022-05-25 12:47:00,GFAI
0.679,0.679,0.679,0.679,145,2022-05-25 12:48:00,GFAI
0.6723,0.678,0.67,0.67,354,2022-05-25 12:50:00,GFAI
0.67,0.6704,0.67,0.67,1100,2022-05-25 12:51:00,GFAI
0.67,0.67,0.67,0.67,1748,2022-05-25 12:52:00,GFAI
0.6776,0.678,0.6776,0.678,460,2022-05-25 12:53:00,GFAI
0.6777,0.6777,0.6777,0.6777,1000,2022-05-25 12:54:00,GFAI
0.6776,0.6776,0.6768,0.6776,500,2022-05-25 12:55:00,GFAI
0.6749,0.675,0.6749,0.675,3000,2022-05-25 12:56:00,GFAI
0.675,0.675,0.675,0.675,360,2022-05-25 12:57:00,GFAI
0.674,0.674,0.674,0.674,188,2022-05-25 12:58:00,GFAI
0.674,0.674,0.67,0.67,1395,2022-05-25 12:59:00,GFAI
0.67,0.67,0.67,0.67,400,2022-05-25 13:00:00,GFAI
0.67,0.67,0.67,0.67,680,2022-05-25 13:01:00,GFAI
0.67,0.6707,0.67,0.67,2341,2022-05-25 13:03:00,GFAI
0.67,0.6703,0.67,0.67,1194,2022-05-25 13:04:00,GFAI
0.67,0.674,0.67,0.674,483,2022-05-25 13:05:00,GFAI
0.67,0.67,0.67,0.67,560,2022-05-25 13:06:00,GFAI
0.67,0.67,0.67,0.67,336,2022-05-25 13:07:00,GFAI
0.67,0.674,0.67,0.674,200,2022-05-25 13:08:00,GFAI
0.67,0.67,0.67,0.67,300,2022-05-25 13:09:00,GFAI
0.67,0.675,0.67,0.67,1890,2022-05-25 13:10:00,GFAI
0.674,0.674,0.674,0.674,100,2022-05-25 13:11:00,GFAI
0.6749,0.6749,0.67,0.6749,525,2022-05-25 13:12:00,GFAI
0.6749,0.68,0.674,0.6789,21396,2022-05-25 13:13:00,GFAI
0.6799,0.68,0.675,0.6799,8578,2022-05-25 13:14:00,GFAI
0.68,0.68,0.68,0.68,100,2022-05-25 13:15:00,GFAI
0.675,0.675,0.675,0.675,100,2022-05-25 13:16:00,GFAI
0.675,0.675,0.675,0.675,721,2022-05-25 13:17:00,GFAI
0.6799,0.6799,0.675,0.675,1116,2022-05-25 13:18:00,GFAI
0.6787,0.68,0.6783,0.68,507,2022-05-25 13:19:00,GFAI
0.68,0.69,0.6795,0.69,4013,2022-05-25 13:20:00,GFAI
0.7,0.7,0.6989,0.6989,2733,2022-05-25 13:21:00,GFAI
0.6951,0.7,0.695,0.6987,10733,2022-05-25 13:22:00,GFAI
0.6987,0.6987,0.69,0.6987,941,2022-05-25 13:23:00,GFAI
0.6999,0.7,0.69,0.69,20690,2022-05-25 13:24:00,GFAI
0.69,0.6956,0.69,0.6951,550,2022-05-25 13:26:00,GFAI
0.69,0.7,0.69,0.69,10622,2022-05-25 13:27:00,GFAI
0.69,0.69,0.6555,0.6555,24783,2022-05-25 13:28:00,GFAI
0.6797,0.6797,0.6797,0.6797,100,2022-05-25 13:29:00,GFAI
0.67,0.6933,0.66,0.693199,27875,2022-05-25 13:30:00,GFAI
0.6837,0.7,0.6837,0.69,113098,2022-05-25 13:31:00,GFAI
0.6855,0.699,0.6855,0.6901,4391,2022-05-25 13:32:00,GFAI
0.690501,0.699,0.6905,0.699,18894,2022-05-25 13:33:00,GFAI
0.690401,0.714,0.690401,0.714,24388,2022-05-25 13:34:00,GFAI
0.714,0.727,0.7002,0.71,51504,2022-05-25 13:35:00,GFAI
0.72,0.72,0.71,0.715,19765,2022-05-25 13:36:00,GFAI
0.710101,0.710101,0.7002,0.700401,28595,2022-05-25 13:37:00,GFAI
0.7004,0.715,0.7003,0.7076,23650,2022-05-25 13:38:00,GFAI
0.703,0.72,0.7,0.7001,50389,2022-05-25 13:39:00,GFAI
0.707399,0.707399,0.7,0.7,7646,2022-05-25 13:40:00,GFAI
0.701201,0.7074,0.69,0.69,37631,2022-05-25 13:41:00,GFAI
0.6919,0.6998,0.6901,0.69615,8233,2022-05-25 13:42:00,GFAI
0.692501,0.6997,0.6837,0.6837,12346,2022-05-25 13:43:00,GFAI
0.684,0.688001,0.6837,0.688001,10324,2022-05-25 13:44:00,GFAI
0.68735,0.691,0.681,0.6811,17094,2022-05-25 13:45:00,GFAI
0.681,0.691,0.681,0.6811,4890,2022-05-25 13:46:00,GFAI
0.681101,0.691,0.681,0.681,11147,2022-05-25 13:47:00,GFAI
0.681,0.681,0.6804,0.681,901,2022-05-25 13:48:00,GFAI
0.680501,0.690899,0.675,0.6803,27741,2022-05-25 13:49:00,GFAI
0.675,0.6791,0.6655,0.6656,47039,2022-05-25 13:50:00,GFAI
0.6655,0.67,0.66,0.67,50279,2022-05-25 13:51:00,GFAI
0.6655,0.67,0.6618,0.6699,18895,2022-05-25 13:52:00,GFAI
0.6683,0.67,0.6657,0.6671,12183,2022-05-25 13:53:00,GFAI
0.665,0.6698,0.665,0.6675,11193,2022-05-25 13:54:00,GFAI
0.6685,0.6685,0.667,0.6685,7030,2022-05-25 13:55:00,GFAI
0.6685,0.67,0.6684,0.67,4716,2022-05-25 13:56:00,GFAI
0.6685,0.675,0.667,0.67,17327,2022-05-25 13:57:00,GFAI
0.667,0.67,0.667,0.6686,12418,2022-05-25 13:58:00,GFAI
0.6672,0.6672,0.66,0.66,24855,2022-05-25 13:59:00,GFAI
0.6601,0.667,0.6601,0.665,10899,2022-05-25 14:00:00,GFAI
0.665,0.668,0.66,0.660501,33311,2022-05-25 14:01:00,GFAI
0.668,0.6699,0.661,0.661,6725,2022-05-25 14:02:00,GFAI
0.6656,0.6699,0.661,0.661,6008,2022-05-25 14:03:00,GFAI
0.6699,0.6699,0.665,0.665,4720,2022-05-25 14:04:00,GFAI
0.6699,0.67,0.665,0.6675,19683,2022-05-25 14:05:00,GFAI
0.67,0.6703,0.665,0.665,7716,2022-05-25 14:06:00,GFAI
0.6651,0.67,0.6651,0.6672,3827,2022-05-25 14:07:00,GFAI
0.6699,0.67,0.665,0.6686,20389,2022-05-25 14:08:00,GFAI
0.67,0.67,0.6686,0.6686,4847,2022-05-25 14:09:00,GFAI
0.6686,0.6686,0.6659,0.6659,7205,2022-05-25 14:10:00,GFAI
0.6668,0.67,0.665,0.665101,3066,2022-05-25 14:11:00,GFAI
0.666,0.67,0.665,0.665101,25588,2022-05-25 14:12:00,GFAI
0.6675,0.67,0.665101,0.6675,3413,2022-05-25 14:13:00,GFAI
0.6651,0.67675,0.665,0.675,13457,2022-05-25 14:14:00,GFAI
0.672501,0.6761,0.665,0.6667,8710,2022-05-25 14:15:00,GFAI
0.676099,0.676099,0.665,0.66625,5611,2022-05-25 14:16:00,GFAI
0.6674,0.6675,0.66055,0.661,18472,2022-05-25 14:17:00,GFAI
0.661,0.661,0.6525,0.6525,49717,2022-05-25 14:18:00,GFAI
0.6543,0.6675,0.6505,0.6505,41245,2022-05-25 14:19:00,GFAI
0.6529,0.6552,0.6405,0.6405,45631,2022-05-25 14:20:00,GFAI
0.6477,0.6477,0.6313,0.63145,142051,2022-05-25 14:21:00,GFAI
0.6315,0.6405,0.631,0.64,24927,2022-05-25 14:22:00,GFAI
0.6389,0.6449,0.634,0.6449,45121,2022-05-25 14:23:00,GFAI
0.640899,0.6477,0.635,0.64,17269,2022-05-25 14:24:00,GFAI
0.635001,0.6461,0.635001,0.64,10201,2022-05-25 14:25:00,GFAI
0.640101,0.6477,0.640101,0.6475,14780,2022-05-25 14:26:00,GFAI
0.6475,0.6475,0.64,0.640201,13646,2022-05-25 14:27:00,GFAI
0.6477,0.6477,0.64,0.6439,18926,2022-05-25 14:28:00,GFAI
0.6403,0.6477,0.636,0.643849,29575,2022-05-25 14:29:00,GFAI
0.6438,0.6477,0.6438,0.6458,22497,2022-05-25 14:30:00,GFAI
0.640101,0.6413,0.6371,0.6403,36634,2022-05-25 14:31:00,GFAI
0.6386,0.6416,0.6382,0.6416,11173,2022-05-25 14:32:00,GFAI
0.6391,0.64,0.6381,0.6387,23058,2022-05-25 14:33:00,GFAI
0.639301,0.6477,0.6392,0.6415,15200,2022-05-25 14:34:00,GFAI
0.6414,0.6435,0.6392,0.6394,75350,2022-05-25 14:35:00,GFAI
0.6398,0.6414,0.6395,0.6397,5558,2022-05-25 14:36:00,GFAI
0.6414,0.6414,0.6393,0.6393,25004,2022-05-25 14:37:00,GFAI
0.6394,0.6394,0.6315,0.63525,35502,2022-05-25 14:38:00,GFAI
0.6355,0.6355,0.631,0.6311,17052,2022-05-25 14:39:00,GFAI
0.6311,0.635,0.6311,0.6311,36319,2022-05-25 14:40:00,GFAI
0.6311,0.6311,0.6251,0.6251,89705,2022-05-25 14:41:00,GFAI
0.625099,0.6251,0.621,0.6225,64585,2022-05-25 14:42:00,GFAI
0.6212,0.6265,0.6212,0.626,50191,2022-05-25 14:43:00,GFAI
0.6261,0.627,0.6201,0.6255,43714,2022-05-25 14:44:00,GFAI
0.626651,0.6308,0.625501,0.6308,10982,2022-05-25 14:45:00,GFAI
0.6308,0.6316,0.6205,0.6301,58101,2022-05-25 14:46:00,GFAI
0.634899,0.6349,0.625,0.625,16394,2022-05-25 14:47:00,GFAI
0.6301,0.6349,0.63,0.63,16776,2022-05-25 14:48:00,GFAI
0.6332,0.6332,0.6247,0.6258,10926,2022-05-25 14:49:00,GFAI
0.6252,0.6269,0.6252,0.625603,6665,2022-05-25 14:50:00,GFAI
0.6258,0.6258,0.6246,0.6252,24873,2022-05-25 14:51:00,GFAI
0.6247,0.6258,0.6217,0.625099,11050,2022-05-25 14:52:00,GFAI
0.6214,0.6258,0.6201,0.6202,18682,2022-05-25 14:53:00,GFAI
0.6202,0.621,0.5921,0.5976,197050,2022-05-25 14:54:00,GFAI
0.5935,0.6,0.572,0.5999,152031,2022-05-25 14:55:00,GFAI
0.5999,0.604799,0.5901,0.600101,57515,2022-05-25 14:56:00,GFAI
0.6043,0.6099,0.6043,0.605,17490,2022-05-25 14:57:00,GFAI
0.6097,0.6149,0.605048,0.6098,24133,2022-05-25 14:58:00,GFAI
0.6098,0.6149,0.6051,0.6149,17800,2022-05-25 14:59:00,GFAI
0.6051,0.609,0.605,0.609,7284,2022-05-25 15:00:00,GFAI
0.608999,0.609,0.6051,0.6052,10812,2022-05-25 15:01:00,GFAI
0.6052,0.609,0.6051,0.6081,33453,2022-05-25 15:02:00,GFAI
0.6082,0.609999,0.5911,0.609999,50302,2022-05-25 15:03:00,GFAI
0.608,0.61,0.595,0.6055,58248,2022-05-25 15:04:00,GFAI
0.6001,0.61,0.6,0.605,4480,2022-05-25 15:05:00,GFAI
0.604999,0.61,0.6027,0.609899,16202,2022-05-25 15:06:00,GFAI
0.6002,0.6149,0.6002,0.6124,19588,2022-05-25 15:07:00,GFAI
0.6124,0.615,0.61,0.615,22465,2022-05-25 15:08:00,GFAI
0.614899,0.6189,0.6137,0.6181,30390,2022-05-25 15:09:00,GFAI
0.6195,0.627,0.6195,0.627,22048,2022-05-25 15:10:00,GFAI
0.6261,0.6394,0.625,0.6393,55746,2022-05-25 15:11:00,GFAI
0.6339,0.6397,0.6327,0.6394,52497,2022-05-25 15:12:00,GFAI
0.6398,0.6426,0.6396,0.6426,35608,2022-05-25 15:13:00,GFAI
0.65,0.6655,0.645,0.661,46918,2022-05-25 15:14:00,GFAI
0.6555,0.6555,0.64,0.6425,56795,2022-05-25 15:15:00,GFAI
0.642601,0.64509,0.6301,0.6301,5543,2022-05-25 15:16:00,GFAI
0.6301,0.64,0.627,0.6301,22934,2022-05-25 15:17:00,GFAI
0.639999,0.639999,0.6301,0.635049,1965,2022-05-25 15:18:00,GFAI
0.6301,0.639899,0.6301,0.635101,7649,2022-05-25 15:19:00,GFAI
0.6351,0.6398,0.6351,0.6377,450,2022-05-25 15:20:00,GFAI
0.6377,0.6377,0.6377,0.6377,2278,2022-05-25 15:21:00,GFAI
0.6398,0.6399,0.639799,0.639799,1500,2022-05-25 15:22:00,GFAI
0.64,0.64,0.64,0.64,29366,2022-05-25 15:23:00,GFAI
0.64,0.65,0.64,0.6412,3337,2022-05-25 15:24:00,GFAI
0.6412,0.6478,0.6401,0.6477,12800,2022-05-25 15:25:00,GFAI
0.643899,0.6478,0.6401,0.647799,28805,2022-05-25 15:26:00,GFAI
0.647699,0.647699,0.64,0.6449,1825,2022-05-25 15:27:00,GFAI
0.642,0.642,0.64,0.64,14851,2022-05-25 15:28:00,GFAI
0.64,0.6401,0.6377,0.6377,19772,2022-05-25 15:29:00,GFAI
0.6377,0.641751,0.6356,0.641751,5920,2022-05-25 15:30:00,GFAI
0.6377,0.6377,0.6377,0.6377,100,2022-05-25 15:31:00,GFAI
0.6378,0.6378,0.6378,0.6378,100,2022-05-25 15:32:00,GFAI
0.6377,0.6377,0.6,0.6289,61126,2022-05-25 15:33:00,GFAI
0.619501,0.629,0.61,0.629,2743,2022-05-25 15:34:00,GFAI
0.627685,0.6289,0.6111,0.6111,15592,2022-05-25 15:35:00,GFAI
0.612,0.6277,0.612,0.6259,34700,2022-05-25 15:36:00,GFAI
0.6259,0.6277,0.615,0.615,1102,2022-05-25 15:37:00,GFAI
0.62135,0.62135,0.612,0.612,11162,2022-05-25 15:38:00,GFAI
0.6274,0.6274,0.6219,0.6219,4000,2022-05-25 15:39:00,GFAI
0.627699,0.6277,0.616101,0.621899,3931,2022-05-25 15:40:00,GFAI
0.6219,0.6277,0.6219,0.626,4350,2022-05-25 15:41:00,GFAI
0.62,0.627599,0.62,0.627,14380,2022-05-25 15:42:00,GFAI
0.6269,0.626999,0.626,0.626,1600,2022-05-25 15:43:00,GFAI
0.6255,0.6277,0.6255,0.6277,17089,2022-05-25 15:44:00,GFAI
0.637,0.6372,0.637,0.6372,959,2022-05-25 15:45:00,GFAI
0.6373,0.6373,0.6339,0.6372,5872,2022-05-25 15:46:00,GFAI
0.6349,0.6349,0.6277,0.6333,1910,2022-05-25 15:47:00,GFAI
0.6343,0.6349,0.627701,0.627701,2700,2022-05-25 15:48:00,GFAI
0.627801,0.6305,0.627801,0.6305,4609,2022-05-25 15:50:00,GFAI
0.633,0.633,0.633,0.633,500,2022-05-25 15:51:00,GFAI
0.6301,0.6301,0.63,0.63,3619,2022-05-25 15:52:00,GFAI
0.6301,0.6301,0.626,0.628,38400,2022-05-25 15:53:00,GFAI
0.6281,0.6281,0.6281,0.6281,200,2022-05-25 15:54:00,GFAI
0.628,0.6281,0.628,0.6281,4121,2022-05-25 15:55:00,GFAI
0.628,0.628,0.626,0.626,680,2022-05-25 15:56:00,GFAI
0.6261,0.6261,0.61,0.6102,22735,2022-05-25 15:57:00,GFAI
0.6207,0.6227,0.6199,0.6227,300,2022-05-25 15:58:00,GFAI
0.6228,0.6228,0.62,0.622672,9518,2022-05-25 15:59:00,GFAI
0.6227,0.6227,0.62,0.62,6614,2022-05-25 16:00:00,GFAI
0.62,0.62,0.61,0.61,10518,2022-05-25 16:01:00,GFAI
0.62,0.62,0.61,0.6144,800,2022-05-25 16:02:00,GFAI
0.6139,0.6144,0.61,0.61,2379,2022-05-25 16:03:00,GFAI
0.6198,0.6198,0.6102,0.6103,10614,2022-05-25 16:04:00,GFAI
0.6103,0.618124,0.6103,0.6103,6280,2022-05-25 16:05:00,GFAI
0.615451,0.615451,0.615451,0.615451,115,2022-05-25 16:06:00,GFAI
0.6171,0.6198,0.6171,0.6198,3610,2022-05-25 16:07:00,GFAI
0.619,0.6273,0.619,0.6273,9375,2022-05-25 16:08:00,GFAI
0.6252,0.628,0.6252,0.628,500,2022-05-25 16:09:00,GFAI
0.6266,0.6266,0.62,0.62,6015,2022-05-25 16:10:00,GFAI
0.62,0.62,0.619,0.619,2451,2022-05-25 16:11:00,GFAI
0.6198,0.62,0.615,0.6188,12900,2022-05-25 16:12:00,GFAI
0.6184,0.6199,0.6175,0.6199,2064,2022-05-25 16:13:00,GFAI
0.6192,0.6198,0.6192,0.6198,730,2022-05-25 16:14:00,GFAI
0.619,0.619499,0.619,0.619499,320,2022-05-25 16:15:00,GFAI
0.6191,0.6199,0.6189,0.6199,3849,2022-05-25 16:16:00,GFAI
0.62,0.62,0.62,0.62,7085,2022-05-25 16:17:00,GFAI
0.6237,0.6281,0.6212,0.6245,6702,2022-05-25 16:18:00,GFAI
0.62785,0.62785,0.62785,0.62785,400,2022-05-25 16:19:00,GFAI
0.628,0.628,0.624,0.624,1396,2022-05-25 16:20:00,GFAI
0.6261,0.6373,0.626,0.63365,7755,2022-05-25 16:21:00,GFAI
0.6309,0.637299,0.63,0.6309,3460,2022-05-25 16:22:00,GFAI
0.63,0.6399,0.63,0.6399,450,2022-05-25 16:23:00,GFAI
0.6355,0.64,0.6301,0.6391,1700,2022-05-25 16:24:00,GFAI
0.6399,0.6399,0.6399,0.6399,296,2022-05-25 16:25:00,GFAI
0.639001,0.641899,0.6372,0.641899,807,2022-05-25 16:26:00,GFAI
0.6399,0.641899,0.636,0.636,4255,2022-05-25 16:27:00,GFAI
0.638999,0.640899,0.638999,0.640899,1062,2022-05-25 16:28:00,GFAI
0.639,0.641,0.639,0.64,24056,2022-05-25 16:29:00,GFAI
0.64,0.64,0.64,0.64,1100,2022-05-25 16:31:00,GFAI
0.6391,0.6399,0.639,0.6399,950,2022-05-25 16:32:00,GFAI
0.6399,0.64,0.6399,0.64,7570,2022-05-25 16:33:00,GFAI
0.6399,0.64,0.6383,0.6383,26043,2022-05-25 16:34:00,GFAI
0.6396,0.6399,0.637,0.638899,3330,2022-05-25 16:35:00,GFAI
0.636,0.6385,0.636,0.638,5543,2022-05-25 16:36:00,GFAI
0.6399,0.6399,0.6399,0.6399,200,2022-05-25 16:37:00,GFAI
0.636101,0.636101,0.636,0.636,11672,2022-05-25 16:39:00,GFAI
0.636,0.638,0.636,0.636,18904,2022-05-25 16:40:00,GFAI
0.636,0.638001,0.636,0.636,7057,2022-05-25 16:41:00,GFAI
0.636,0.638,0.636,0.636,10950,2022-05-25 16:42:00,GFAI
0.636,0.636,0.636,0.636,10800,2022-05-25 16:43:00,GFAI
0.636,0.636,0.636,0.636,3000,2022-05-25 16:44:00,GFAI
0.636,0.6374,0.636,0.6374,5300,2022-05-25 16:45:00,GFAI
0.636,0.64,0.636,0.6395,13975,2022-05-25 16:46:00,GFAI
0.6399,0.6399,0.6395,0.6396,400,2022-05-25 16:47:00,GFAI
0.6399,0.6399,0.6399,0.6399,3200,2022-05-25 16:49:00,GFAI
0.6398,0.6399,0.6398,0.6399,811,2022-05-25 16:51:00,GFAI
0.6399,0.6399,0.6361,0.637899,1600,2022-05-25 16:52:00,GFAI
0.638,0.6383,0.6105,0.6105,34634,2022-05-25 16:53:00,GFAI
0.615,0.6359,0.615,0.6359,440,2022-05-25 16:54:00,GFAI
0.6355,0.6355,0.625,0.625,20700,2022-05-25 16:55:00,GFAI
0.6328,0.6328,0.6328,0.6328,1750,2022-05-25 16:56:00,GFAI
0.6328,0.6354,0.6233,0.6233,4081,2022-05-25 16:57:00,GFAI
0.6283,0.6299,0.625,0.625,600,2022-05-25 16:58:00,GFAI
0.6285,0.63,0.6284,0.6299,700,2022-05-25 16:59:00,GFAI
0.620432,0.63,0.620432,0.63,16561,2022-05-25 17:00:00,GFAI
0.6281,0.6281,0.6265,0.6265,200,2022-05-25 17:01:00,GFAI
0.63,0.63,0.63,0.63,515,2022-05-25 17:04:00,GFAI
0.638,0.638,0.6299,0.6299,6342,2022-05-25 17:06:00,GFAI
0.6301,0.633999,0.6301,0.633999,2020,2022-05-25 17:08:00,GFAI
0.6301,0.6301,0.6301,0.6301,500,2022-05-25 17:09:00,GFAI
0.63,0.63,0.63,0.63,124,2022-05-25 17:10:00,GFAI
0.634,0.6371,0.6301,0.6371,1648,2022-05-25 17:11:00,GFAI
0.636,0.636,0.636,0.636,100,2022-05-25 17:13:00,GFAI
0.6364,0.6364,0.6364,0.6364,200,2022-05-25 17:14:00,GFAI
0.6375,0.6379,0.6313,0.6379,5150,2022-05-25 17:15:00,GFAI
0.637899,0.637899,0.637899,0.637899,4000,2022-05-25 17:16:00,GFAI
0.6379,0.6379,0.6379,0.6379,300,2022-05-25 17:17:00,GFAI
0.638,0.638,0.634001,0.634001,10190,2022-05-25 17:18:00,GFAI
0.6364,0.6379,0.6318,0.6379,3500,2022-05-25 17:19:00,GFAI
0.63,0.63,0.63,0.63,2000,2022-05-25 17:22:00,GFAI
0.6316,0.6316,0.63,0.63,6730,2022-05-25 17:24:00,GFAI
0.631001,0.6342,0.631001,0.6342,423,2022-05-25 17:26:00,GFAI
0.637,0.637,0.6368,0.6369,6370,2022-05-25 17:27:00,GFAI
0.6335,0.6335,0.6335,0.6335,100,2022-05-25 17:28:00,GFAI
0.63,0.63,0.63,0.63,2164,2022-05-25 17:29:00,GFAI
0.6306,0.6307,0.62,0.62,13163,2022-05-25 17:31:00,GFAI
0.62675,0.62675,0.6267,0.6267,1100,2022-05-25 17:32:00,GFAI
0.627,0.633399,0.627,0.633399,320,2022-05-25 17:33:00,GFAI
0.6334,0.6334,0.6334,0.6334,1500,2022-05-25 17:34:00,GFAI
0.6316,0.6316,0.63,0.63,215,2022-05-25 17:36:00,GFAI
0.63,0.6334,0.63,0.633299,2933,2022-05-25 17:37:00,GFAI
0.63,0.63,0.625,0.625,500,2022-05-25 17:38:00,GFAI
0.625,0.629899,0.620101,0.6291,10500,2022-05-25 17:39:00,GFAI
0.6287,0.6287,0.6287,0.6287,100,2022-05-25 17:40:00,GFAI
0.6299,0.63,0.626601,0.63,10135,2022-05-25 17:41:00,GFAI
0.6295,0.6295,0.6295,0.6295,1245,2022-05-25 17:43:00,GFAI
0.6317,0.6319,0.6317,0.6319,1500,2022-05-25 17:44:00,GFAI
0.6275,0.6289,0.626901,0.6289,3325,2022-05-25 17:45:00,GFAI
0.629,0.6294,0.629,0.62935,3305,2022-05-25 17:46:00,GFAI
0.6294,0.6294,0.62935,0.62935,2049,2022-05-25 17:47:00,GFAI
0.62935,0.62935,0.6171,0.6171,12929,2022-05-25 17:48:00,GFAI
0.6229,0.6318,0.6222,0.6318,9407,2022-05-25 17:49:00,GFAI
0.6252,0.6318,0.6252,0.6318,500,2022-05-25 17:50:00,GFAI
0.629899,0.629899,0.629899,0.629899,232,2022-05-25 17:54:00,GFAI
0.6298,0.6298,0.6298,0.6298,130,2022-05-25 17:55:00,GFAI
0.6297,0.6297,0.6297,0.6297,159,2022-05-25 17:58:00,GFAI
0.6273,0.6274,0.625,0.625,5900,2022-05-25 17:59:00,GFAI
0.6251,0.6251,0.625,0.625,572,2022-05-25 18:00:00,GFAI
0.6298,0.6298,0.6298,0.6298,100,2022-05-25 18:01:00,GFAI
0.6298,0.6298,0.6298,0.6298,1000,2022-05-25 18:02:00,GFAI
0.6216,0.623901,0.62,0.62,5433,2022-05-25 18:03:00,GFAI
0.623899,0.623899,0.623899,0.623899,1000,2022-05-25 18:04:00,GFAI
0.6201,0.6201,0.611,0.619,3798,2022-05-25 18:06:00,GFAI
0.61555,0.61775,0.610899,0.610899,10528,2022-05-25 18:07:00,GFAI
0.6108,0.611,0.6106,0.6109,16100,2022-05-25 18:08:00,GFAI
0.611,0.611,0.6109,0.611,11665,2022-05-25 18:09:00,GFAI
0.611,0.611,0.6105,0.6105,18253,2022-05-25 18:10:00,GFAI
0.611,0.611,0.605,0.611,76427,2022-05-25 18:11:00,GFAI
0.6099,0.611,0.6089,0.6094,2409,2022-05-25 18:12:00,GFAI
0.6106,0.611,0.6106,0.611,3410,2022-05-25 18:13:00,GFAI
0.611,0.6215,0.611,0.615,5664,2022-05-25 18:14:00,GFAI
0.616,0.616,0.616,0.616,1000,2022-05-25 18:16:00,GFAI
0.6183,0.62,0.615,0.62,3335,2022-05-25 18:17:00,GFAI
0.6234,0.625,0.62,0.625,2700,2022-05-25 18:18:00,GFAI
0.6249,0.6249,0.615,0.62,5743,2022-05-25 18:19:00,GFAI
0.6191,0.6191,0.6191,0.6191,100,2022-05-25 18:20:00,GFAI
0.62,0.6249,0.62,0.62,10101,2022-05-25 18:21:00,GFAI
0.6249,0.6249,0.61,0.61,6602,2022-05-25 18:22:00,GFAI
0.625,0.625,0.6153,0.6153,475,2022-05-25 18:23:00,GFAI
0.6175,0.6201,0.6175,0.6201,749,2022-05-25 18:24:00,GFAI
0.62,0.62,0.615,0.615,11411,2022-05-25 18:25:00,GFAI
0.615,0.6239,0.615,0.6204,12412,2022-05-25 18:26:00,GFAI
0.6204,0.6204,0.62,0.62,4000,2022-05-25 18:27:00,GFAI
0.6192,0.6192,0.6088,0.61,53982,2022-05-25 18:29:00,GFAI
0.6099,0.61,0.6,0.6099,133560,2022-05-25 18:30:00,GFAI
0.61,0.61,0.6083,0.6099,14799,2022-05-25 18:31:00,GFAI
0.6075,0.6076,0.6014,0.6028,2608,2022-05-25 18:32:00,GFAI
0.602699,0.6028,0.6014,0.6026,29085,2022-05-25 18:33:00,GFAI
0.6013,0.6013,0.6,0.6001,14694,2022-05-25 18:34:00,GFAI
0.6001,0.605,0.6001,0.604899,14581,2022-05-25 18:35:00,GFAI
0.605,0.6051,0.5999,0.6,69972,2022-05-25 18:36:00,GFAI
0.605,0.6299,0.605,0.6299,16900,2022-05-25 18:37:00,GFAI
0.6283,0.6283,0.610101,0.610101,200,2022-05-25 18:38:00,GFAI
0.61,0.611,0.61,0.6109,16668,2022-05-25 18:39:00,GFAI
0.6111,0.6111,0.61,0.61,11381,2022-05-25 18:40:00,GFAI
0.6124,0.6146,0.6124,0.6144,300,2022-05-25 18:43:00,GFAI
0.6144,0.6144,0.6101,0.6144,5600,2022-05-25 18:44:00,GFAI
0.614,0.6144,0.61,0.61,1011,2022-05-25 18:45:00,GFAI
0.6101,0.6101,0.6101,0.6101,279,2022-05-25 18:46:00,GFAI
0.614999,0.62,0.614999,0.62,6661,2022-05-25 18:48:00,GFAI
0.6199,0.62,0.6199,0.62,1070,2022-05-25 18:49:00,GFAI
0.6215,0.6215,0.62,0.62,1105,2022-05-25 18:51:00,GFAI
0.6131,0.62,0.6131,0.62,2777,2022-05-25 18:52:00,GFAI
0.6181,0.6251,0.613,0.613,950,2022-05-25 18:53:00,GFAI
0.6251,0.6251,0.61,0.6101,14900,2022-05-25 18:54:00,GFAI
0.6188,0.62,0.6188,0.62,658,2022-05-25 18:55:00,GFAI
0.6101,0.6108,0.61,0.61,11200,2022-05-25 18:56:00,GFAI
0.6101,0.6116,0.6101,0.6116,6288,2022-05-25 18:57:00,GFAI
0.6198,0.6198,0.6198,0.6198,250,2022-05-25 18:58:00,GFAI
0.615,0.6166,0.615,0.6166,2000,2022-05-25 18:59:00,GFAI
0.614999,0.614999,0.614999,0.614999,1000,2022-05-25 19:00:00,GFAI
0.6167,0.6167,0.6167,0.6167,100,2022-05-25 19:01:00,GFAI
0.615,0.615,0.610001,0.610001,14700,2022-05-25 19:02:00,GFAI
0.61,0.61,0.61,0.61,10795,2022-05-25 19:03:00,GFAI
0.61,0.6102,0.61,0.6102,15234,2022-05-25 19:04:00,GFAI
0.61,0.6252,0.61,0.6252,4000,2022-05-25 19:05:00,GFAI
0.6102,0.6252,0.61,0.6251,12655,2022-05-25 19:06:00,GFAI
0.624,0.6252,0.6176,0.6176,10100,2022-05-25 19:07:00,GFAI
0.6252,0.6252,0.62,0.625099,1200,2022-05-25 19:08:00,GFAI
0.6226,0.6226,0.6226,0.6226,280,2022-05-25 19:09:00,GFAI
0.62,0.62,0.61,0.61,23250,2022-05-25 19:10:00,GFAI
0.6176,0.6176,0.6176,0.6176,1650,2022-05-25 19:11:00,GFAI
0.6236,0.6236,0.6236,0.6236,150,2022-05-25 19:12:00,GFAI
0.62,0.62,0.62,0.62,2000,2022-05-25 19:14:00,GFAI
0.6251,0.6251,0.6251,0.6251,193,2022-05-25 19:15:00,GFAI
0.6252,0.63,0.6252,0.63,2466,2022-05-25 19:16:00,GFAI
0.6298,0.6299,0.6249,0.6249,3499,2022-05-25 19:17:00,GFAI
0.6298,0.6299,0.6298,0.6299,20200,2022-05-25 19:18:00,GFAI
0.6299,0.6299,0.62495,0.62495,3166,2022-05-25 19:19:00,GFAI
0.62495,0.6298,0.624949,0.6298,1476,2022-05-25 19:20:00,GFAI
0.629799,0.6299,0.6204,0.6251,8375,2022-05-25 19:21:00,GFAI
0.6299,0.6299,0.6299,0.6299,1000,2022-05-25 19:22:00,GFAI
0.627399,0.627399,0.627399,0.627399,100,2022-05-25 19:25:00,GFAI
0.6275,0.6275,0.6275,0.6275,800,2022-05-25 19:26:00,GFAI
0.6263,0.6275,0.6263,0.6263,1850,2022-05-25 19:27:00,GFAI
0.6263,0.6275,0.6203,0.62669,13951,2022-05-25 19:28:00,GFAI
0.623499,0.626899,0.6219,0.6235,2200,2022-05-25 19:29:00,GFAI
0.623399,0.6235,0.6233,0.6235,4223,2022-05-25 19:30:00,GFAI
0.621899,0.6274,0.621899,0.62475,8300,2022-05-25 19:31:00,GFAI
0.62475,0.6275,0.62475,0.6275,6138,2022-05-25 19:32:00,GFAI
0.6209,0.6274,0.6209,0.6274,1100,2022-05-25 19:34:00,GFAI
0.627299,0.6274,0.623699,0.623699,3900,2022-05-25 19:35:00,GFAI
0.6204,0.6271,0.6204,0.627,750,2022-05-25 19:38:00,GFAI
0.6208,0.6208,0.62,0.62,5930,2022-05-25 19:39:00,GFAI
0.62355,0.6271,0.62355,0.6271,800,2022-05-25 19:40:00,GFAI
0.627,0.6271,0.627,0.6271,5100,2022-05-25 19:41:00,GFAI
0.6256,0.6271,0.6256,0.6269,1900,2022-05-25 19:42:00,GFAI
0.6219,0.6219,0.621,0.621,1351,2022-05-25 19:43:00,GFAI
0.621,0.621,0.621,0.621,4545,2022-05-25 19:46:00,GFAI
0.6211,0.6241,0.621,0.621,7500,2022-05-25 19:47:00,GFAI
0.621,0.621,0.621,0.621,4301,2022-05-25 19:48:00,GFAI
0.621,0.6211,0.621,0.6211,1771,2022-05-25 19:49:00,GFAI
0.6211,0.6211,0.6211,0.6211,158,2022-05-25 19:50:00,GFAI
0.622899,0.623,0.621,0.621,1408,2022-05-25 19:51:00,GFAI
0.621,0.623,0.621,0.623,2999,2022-05-25 19:52:00,GFAI
0.621999,0.623,0.621,0.623,16595,2022-05-25 19:53:00,GFAI
0.621,0.6271,0.621,0.627,37024,2022-05-25 19:54:00,GFAI
0.6271,0.6275,0.6223,0.6275,26350,2022-05-25 19:55:00,GFAI
0.6259,0.6275,0.622,0.622,30195,2022-05-25 19:56:00,GFAI
0.624501,0.6275,0.6221,0.6263,23922,2022-05-25 19:57:00,GFAI
0.6274,0.6299,0.6274,0.6299,12121,2022-05-25 19:58:00,GFAI
0.6299,0.6299,0.625951,0.6299,60663,2022-05-25 19:59:00,GFAI
0.6348,0.6348,0.6348,0.6348,7497,2022-05-25 20:00:00,GFAI
0.6399,0.6406,0.6399,0.64,4620,2022-05-25 20:01:00,GFAI
0.6406,0.6406,0.64,0.6406,700,2022-05-25 20:02:00,GFAI
0.6406,0.65,0.6406,0.65,3568,2022-05-25 20:03:00,GFAI
0.64,0.6406,0.64,0.64,3244,2022-05-25 20:04:00,GFAI
0.6305,0.6497,0.6305,0.64,2778,2022-05-25 20:05:00,GFAI
0.6301,0.6301,0.6301,0.6301,650,2022-05-25 20:08:00,GFAI
0.6301,0.6301,0.6301,0.6301,1000,2022-05-25 20:11:00,GFAI
0.6301,0.6301,0.6301,0.6301,300,2022-05-25 20:13:00,GFAI
0.6301,0.6301,0.6301,0.6301,200,2022-05-25 20:14:00,GFAI
0.6211,0.6211,0.6211,0.6211,1700,2022-05-25 20:16:00,GFAI
0.6347,0.6347,0.6347,0.6347,800,2022-05-25 20:17:00,GFAI
0.6347,0.6347,0.6347,0.6347,100,2022-05-25 20:18:00,GFAI
0.6347,0.6347,0.6347,0.6347,300,2022-05-25 20:25:00,GFAI
0.6345,0.6345,0.6345,0.6345,794,2022-05-25 20:29:00,GFAI
0.6215,0.6215,0.6215,0.6215,1257,2022-05-25 20:33:00,GFAI
0.6215,0.6215,0.6215,0.6215,1008,2022-05-25 20:38:00,GFAI
0.6215,0.6215,0.6215,0.6215,450,2022-05-25 20:39:00,GFAI
0.6214,0.6214,0.6211,0.6211,3130,2022-05-25 20:40:00,GFAI
0.6339,0.6339,0.6339,0.6339,100,2022-05-25 20:43:00,GFAI
0.6211,0.6211,0.6211,0.6211,8530,2022-05-25 20:45:00,GFAI
0.6211,0.6211,0.6211,0.6211,370,2022-05-25 20:50:00,GFAI
0.6344,0.6344,0.6344,0.6344,200,2022-05-25 20:54:00,GFAI
0.63,0.63,0.63,0.63,200,2022-05-25 20:55:00,GFAI
0.621,0.621,0.621,0.621,280,2022-05-25 20:56:00,GFAI
0.63,0.66,0.63,0.66,12319,2022-05-25 20:57:00,GFAI
0.6615,0.6615,0.6615,0.6615,933,2022-05-25 20:58:00,GFAI
0.6305,0.6305,0.63,0.63,4500,2022-05-25 20:59:00,GFAI
0.663,0.663,0.663,0.663,100,2022-05-25 21:02:00,GFAI
0.663,0.663,0.663,0.663,600,2022-05-25 21:03:00,GFAI
0.65,0.65,0.65,0.65,200,2022-05-25 21:04:00,GFAI
0.6597,0.6597,0.6597,0.6597,330,2022-05-25 21:05:00,GFAI
0.6315,0.6315,0.6315,0.6315,100,2022-05-25 21:06:00,GFAI
0.66,0.66,0.66,0.66,100,2022-05-25 21:07:00,GFAI
0.65,0.65,0.65,0.65,100,2022-05-25 21:08:00,GFAI
0.66,0.66,0.66,0.66,100,2022-05-25 21:09:00,GFAI
0.632,0.632,0.632,0.632,1000,2022-05-25 21:10:00,GFAI
0.66,0.66,0.66,0.66,100,2022-05-25 21:15:00,GFAI
0.66,0.66,0.66,0.66,140,2022-05-25 21:19:00,GFAI
0.6348,0.6348,0.6324,0.6324,1300,2022-05-25 21:20:00,GFAI
0.6499,0.6585,0.6499,0.6585,2250,2022-05-25 21:25:00,GFAI
0.658,0.658,0.658,0.658,100,2022-05-25 21:35:00,GFAI
0.6347,0.6347,0.6347,0.6347,250,2022-05-25 21:37:00,GFAI
0.6336,0.6336,0.6336,0.6336,208,2022-05-25 21:53:00,GFAI
0.65,0.65,0.65,0.65,749,2022-05-25 21:59:00,GFAI
0.65,0.65,0.65,0.65,1500,2022-05-25 22:05:00,GFAI
0.65,0.65,0.65,0.65,100,2022-05-25 22:13:00,GFAI
0.65,0.65,0.6332,0.6332,1491,2022-05-25 22:15:00,GFAI
0.649,0.649,0.649,0.649,150,2022-05-25 22:17:00,GFAI
0.6499,0.6499,0.6499,0.6499,200,2022-05-25 22:18:00,GFAI
0.6348,0.6348,0.6348,0.6348,110,2022-05-25 22:19:00,GFAI
0.635,0.635,0.635,0.635,300,2022-05-25 22:30:00,GFAI
0.6351,0.6351,0.6351,0.6351,165,2022-05-25 22:36:00,GFAI
0.6352,0.6352,0.6352,0.6352,440,2022-05-25 22:42:00,GFAI
0.64,0.64,0.64,0.64,110,2022-05-25 22:49:00,GFAI
0.64,0.64,0.64,0.64,147,2022-05-25 22:51:00,GFAI
0.64,0.64,0.64,0.64,970,2022-05-25 22:53:00,GFAI
0.64,0.64,0.64,0.64,930,2022-05-25 22:54:00,GFAI
0.64,0.64,0.64,0.64,1100,2022-05-25 23:04:00,GFAI
0.64,0.64,0.64,0.64,736,2022-05-25 23:10:00,GFAI
0.645,0.645,0.645,0.645,120,2022-05-25 23:14:00,GFAI
0.6401,0.645,0.6401,0.645,1211,2022-05-25 23:15:00,GFAI
0.6449,0.65,0.6449,0.65,27500,2022-05-25 23:16:00,GFAI
0.65,0.65,0.65,0.65,800,2022-05-25 23:18:00,GFAI
0.65,0.65,0.65,0.65,100,2022-05-25 23:19:00,GFAI
0.65,0.65,0.65,0.65,500,2022-05-25 23:23:00,GFAI
0.645,0.645,0.6401,0.6401,2500,2022-05-25 23:26:00,GFAI
0.64,0.64,0.64,0.64,130,2022-05-25 23:27:00,GFAI
0.64,0.64,0.64,0.64,2100,2022-05-25 23:40:00,GFAI
0.64,0.64,0.64,0.64,1200,2022-05-25 23:52:00,GFAI
0.64,0.64,0.64,0.64,100,2022-05-25 23:53:00,GFAI
0.6401,0.6401,0.64,0.64,2123,2022-05-25 23:54:00,GFAI
0.65,0.65,0.65,0.65,989,2022-05-25 23:55:00,GFAI
0.6348,0.6348,0.6348,0.6348,552,2022-05-25 23:56:00,GFAI
0.6348,0.6348,0.6348,0.6348,2000,2022-05-25 23:59:00,GFAI
0.63,0.63,0.63,0.63,500,2022-05-26 08:18:00,GFAI
0.6225,0.624,0.6225,0.624,339,2022-05-26 08:23:00,GFAI
0.624,0.624,0.624,0.624,200,2022-05-26 08:26:00,GFAI
0.62,0.62,0.62,0.62,437,2022-05-26 08:27:00,GFAI
0.6,0.6,0.6,0.6,3236,2022-05-26 08:28:00,GFAI
0.6,0.6,0.6,0.6,3600,2022-05-26 08:29:00,GFAI
0.6,0.6,0.59,0.59,15283,2022-05-26 08:30:00,GFAI
0.6048,0.6048,0.6048,0.6048,100,2022-05-26 08:35:00,GFAI
0.6179,0.6179,0.61,0.61,500,2022-05-26 08:48:00,GFAI
0.61,0.61,0.61,0.61,218,2022-05-26 08:49:00,GFAI
0.6265,0.6265,0.6265,0.6265,100,2022-05-26 09:07:00,GFAI
0.603,0.61,0.6002,0.601,6089,2022-05-26 09:14:00,GFAI
0.6096,0.6096,0.6,0.6002,1662,2022-05-26 09:19:00,GFAI
0.6096,0.614,0.6096,0.614,534,2022-05-26 09:20:00,GFAI
0.6096,0.6096,0.6096,0.6096,1000,2022-05-26 09:27:00,GFAI
0.6012,0.6012,0.6,0.6,3694,2022-05-26 09:30:00,GFAI
0.6004,0.6004,0.6004,0.6004,100,2022-05-26 09:36:00,GFAI
0.6,0.6,0.6,0.6,212,2022-05-26 09:37:00,GFAI
0.5997,0.5997,0.5997,0.5997,249,2022-05-26 09:39:00,GFAI
0.5999,0.5999,0.5999,0.5999,700,2022-05-26 09:41:00,GFAI
0.5992,0.5992,0.5992,0.5992,200,2022-05-26 09:43:00,GFAI
0.5997,0.5997,0.5997,0.5997,100,2022-05-26 09:46:00,GFAI
0.5997,0.5997,0.595,0.595,11200,2022-05-26 09:47:00,GFAI
0.595,0.595,0.595,0.595,200,2022-05-26 09:49:00,GFAI
0.609,0.609,0.609,0.609,194,2022-05-26 09:51:00,GFAI
0.6015,0.6015,0.6015,0.6015,460,2022-05-26 09:53:00,GFAI
0.6102,0.6102,0.6102,0.6102,137,2022-05-26 09:57:00,GFAI
0.6082,0.6102,0.6082,0.6102,933,2022-05-26 10:06:00,GFAI
0.6,0.6006,0.6,0.6,565,2022-05-26 10:15:00,GFAI
0.609,0.609,0.609,0.609,544,2022-05-26 10:25:00,GFAI
0.6101,0.6101,0.6101,0.6101,400,2022-05-26 10:26:00,GFAI
0.61,0.6101,0.61,0.6101,200,2022-05-26 10:27:00,GFAI
0.6102,0.6102,0.6102,0.6102,261,2022-05-26 10:28:00,GFAI
0.613,0.613,0.613,0.613,450,2022-05-26 10:31:00,GFAI
0.619,0.619,0.619,0.619,110,2022-05-26 10:36:00,GFAI
0.618,0.618,0.618,0.618,728,2022-05-26 10:42:00,GFAI
0.6112,0.6112,0.6112,0.6112,1007,2022-05-26 10:58:00,GFAI
0.6117,0.625,0.611,0.6198,7261,2022-05-26 11:00:00,GFAI
0.62,0.62,0.62,0.62,175,2022-05-26 11:01:00,GFAI
0.6118,0.6141,0.6102,0.6102,7577,2022-05-26 11:06:00,GFAI
0.6102,0.6102,0.6102,0.6102,1250,2022-05-26 11:07:00,GFAI
0.6102,0.6102,0.61,0.61,3634,2022-05-26 11:08:00,GFAI
0.601,0.601,0.601,0.601,3200,2022-05-26 11:13:00,GFAI
0.609,0.611,0.609,0.611,300,2022-05-26 11:15:00,GFAI
0.6085,0.611,0.6085,0.611,600,2022-05-26 11:18:00,GFAI
0.6001,0.6001,0.6001,0.6001,200,2022-05-26 11:22:00,GFAI
0.609,0.609,0.609,0.609,160,2022-05-26 11:23:00,GFAI
0.6,0.6,0.6,0.6,200,2022-05-26 11:31:00,GFAI
0.601,0.601,0.5994,0.5994,4075,2022-05-26 11:33:00,GFAI
0.5994,0.5994,0.59,0.59,13854,2022-05-26 11:34:00,GFAI
0.591,0.591,0.591,0.591,260,2022-05-26 11:36:00,GFAI
0.5929,0.5929,0.5912,0.5912,428,2022-05-26 11:38:00,GFAI
0.5973,0.599,0.5973,0.599,3010,2022-05-26 11:39:00,GFAI
0.5979,0.599,0.5979,0.599,500,2022-05-26 11:42:00,GFAI
0.593,0.593,0.5912,0.593,4957,2022-05-26 11:43:00,GFAI
0.5982,0.5982,0.5982,0.5982,200,2022-05-26 11:45:00,GFAI
0.5982,0.5995,0.5982,0.5995,1700,2022-05-26 11:46:00,GFAI
0.6069,0.6089,0.6055,0.6089,605,2022-05-26 11:47:00,GFAI
0.609,0.609,0.6089,0.6089,1500,2022-05-26 11:48:00,GFAI
0.609,0.609,0.5995,0.5995,685,2022-05-26 11:49:00,GFAI
0.6071,0.6071,0.6071,0.6071,100,2022-05-26 11:52:00,GFAI
0.6017,0.6017,0.6017,0.6017,1286,2022-05-26 11:54:00,GFAI
0.6003,0.6029,0.5995,0.5995,1300,2022-05-26 11:58:00,GFAI
0.6003,0.6003,0.6003,0.6003,100,2022-05-26 11:59:00,GFAI
0.6,0.6,0.6,0.6,105,2022-05-26 12:01:00,GFAI
0.61,0.61,0.61,0.61,300,2022-05-26 12:03:00,GFAI
0.6003,0.6003,0.5975,0.5975,3951,2022-05-26 12:04:00,GFAI
0.6,0.6,0.6,0.6,100,2022-05-26 12:05:00,GFAI
0.594,0.594,0.594,0.594,100,2022-05-26 12:06:00,GFAI
0.5993,0.6,0.5993,0.6,440,2022-05-26 12:08:00,GFAI
0.6,0.6,0.5999,0.6,18200,2022-05-26 12:10:00,GFAI
0.595,0.61,0.595,0.61,1582,2022-05-26 12:11:00,GFAI
0.61,0.61,0.61,0.61,299,2022-05-26 12:12:00,GFAI
0.6022,0.6022,0.6011,0.6011,1100,2022-05-26 12:20:00,GFAI
0.596,0.608,0.595,0.608,600,2022-05-26 12:21:00,GFAI
0.6098,0.6098,0.6098,0.6098,250,2022-05-26 12:22:00,GFAI
0.6072,0.609,0.6072,0.609,940,2022-05-26 12:23:00,GFAI
0.609,0.609,0.6,0.6,1319,2022-05-26 12:24:00,GFAI
0.609,0.6098,0.609,0.6098,5300,2022-05-26 12:25:00,GFAI
0.6098,0.6098,0.6098,0.6098,4800,2022-05-26 12:26:00,GFAI
0.6098,0.619,0.6098,0.617,4101,2022-05-26 12:27:00,GFAI
0.615,0.615,0.615,0.615,5000,2022-05-26 12:28:00,GFAI
0.6145,0.6145,0.6145,0.6145,100,2022-05-26 12:30:00,GFAI
0.614,0.619,0.614,0.619,1138,2022-05-26 12:31:00,GFAI
0.619,0.619,0.6131,0.6175,3300,2022-05-26 12:33:00,GFAI
0.6175,0.6175,0.6175,0.6175,100,2022-05-26 12:34:00,GFAI
0.6175,0.6175,0.6175,0.6175,200,2022-05-26 12:35:00,GFAI
0.6175,0.6175,0.614,0.614,200,2022-05-26 12:38:00,GFAI
0.617,0.617,0.617,0.617,120,2022-05-26 12:39:00,GFAI
0.6175,0.6175,0.6113,0.6113,250,2022-05-26 12:41:00,GFAI
0.6172,0.6172,0.6172,0.6172,1000,2022-05-26 12:42:00,GFAI
0.6118,0.6118,0.6118,0.6118,396,2022-05-26 12:43:00,GFAI
0.6104,0.6104,0.6104,0.6104,100,2022-05-26 12:44:00,GFAI
0.605,0.6093,0.605,0.6085,350,2022-05-26 12:47:00,GFAI
0.6093,0.6093,0.609,0.609,735,2022-05-26 12:50:00,GFAI
0.6175,0.6175,0.6175,0.6175,250,2022-05-26 12:55:00,GFAI
0.63,0.63,0.6093,0.6093,200,2022-05-26 12:58:00,GFAI
0.6175,0.63,0.6175,0.63,200,2022-05-26 13:00:00,GFAI
0.6093,0.622,0.6093,0.6197,4551,2022-05-26 13:01:00,GFAI
0.6108,0.6147,0.6108,0.6147,200,2022-05-26 13:02:00,GFAI
0.62,0.62,0.6053,0.6053,1085,2022-05-26 13:04:00,GFAI
0.6055,0.6055,0.6053,0.6053,1170,2022-05-26 13:06:00,GFAI
0.6055,0.6055,0.6055,0.6055,7801,2022-05-26 13:08:00,GFAI
0.6061,0.6061,0.6061,0.6061,398,2022-05-26 13:11:00,GFAI
0.6061,0.6061,0.6055,0.6055,8999,2022-05-26 13:12:00,GFAI
0.6147,0.6147,0.6147,0.6147,100,2022-05-26 13:14:00,GFAI
0.6145,0.6145,0.6145,0.6145,300,2022-05-26 13:16:00,GFAI
0.6055,0.62,0.605,0.62,9163,2022-05-26 13:18:00,GFAI
0.62,0.62,0.6056,0.6056,235,2022-05-26 13:20:00,GFAI
0.6095,0.6095,0.6095,0.6095,109,2022-05-26 13:22:00,GFAI
0.601,0.601,0.601,0.601,138,2022-05-26 13:25:00,GFAI
0.606,0.61,0.603,0.603,1560,2022-05-26 13:26:00,GFAI
0.6098,0.6098,0.6098,0.6098,775,2022-05-26 13:27:00,GFAI
0.615,0.62,0.61,0.61,30781,2022-05-26 13:30:00,GFAI
0.61,0.6102,0.61,0.6102,3854,2022-05-26 13:31:00,GFAI
0.612201,0.612201,0.6121,0.612201,2481,2022-05-26 13:32:00,GFAI
0.6175,0.6199,0.6122,0.6122,3630,2022-05-26 13:33:00,GFAI
0.615001,0.6163,0.610101,0.6126,8929,2022-05-26 13:34:00,GFAI
0.61,0.619899,0.61,0.6101,4275,2022-05-26 13:35:00,GFAI
0.611998,0.619199,0.610001,0.6157,11690,2022-05-26 13:36:00,GFAI
0.6129,0.6129,0.6121,0.6121,1800,2022-05-26 13:37:00,GFAI
0.612,0.612,0.603,0.6085,19463,2022-05-26 13:38:00,GFAI
0.609899,0.609899,0.603,0.6033,10124,2022-05-26 13:39:00,GFAI
0.6034,0.61,0.6034,0.6099,4098,2022-05-26 13:40:00,GFAI
0.61,0.61,0.603,0.603,6653,2022-05-26 13:41:00,GFAI
0.606499,0.606499,0.603001,0.603001,1935,2022-05-26 13:42:00,GFAI
0.605,0.605,0.603,0.603,8482,2022-05-26 13:43:00,GFAI
0.603,0.6031,0.603,0.6031,4300,2022-05-26 13:44:00,GFAI
0.6031,0.6031,0.6,0.6001,18787,2022-05-26 13:45:00,GFAI
0.6001,0.601599,0.6001,0.6004,2700,2022-05-26 13:46:00,GFAI
0.6005,0.6005,0.5931,0.599899,25120,2022-05-26 13:47:00,GFAI
0.596501,0.596501,0.593,0.593,11762,2022-05-26 13:48:00,GFAI
0.5949,0.5981,0.5915,0.5966,2800,2022-05-26 13:49:00,GFAI
0.5936,0.5937,0.585,0.5871,36679,2022-05-26 13:50:00,GFAI
0.5893,0.599899,0.5855,0.5968,2650,2022-05-26 13:51:00,GFAI
0.5951,0.604,0.5951,0.604,22700,2022-05-26 13:52:00,GFAI
0.604201,0.6087,0.604201,0.606499,11622,2022-05-26 13:53:00,GFAI
0.6087,0.6087,0.6055,0.6055,4940,2022-05-26 13:54:00,GFAI
0.6054,0.6054,0.6001,0.6005,4828,2022-05-26 13:55:00,GFAI
0.6,0.609999,0.5968,0.5985,57167,2022-05-26 13:56:00,GFAI
0.6009,0.6017,0.5951,0.5968,10157,2022-05-26 13:57:00,GFAI
0.5937,0.5999,0.5937,0.5975,7750,2022-05-26 13:58:00,GFAI
0.6,0.6,0.5951,0.5998,5307,2022-05-26 13:59:00,GFAI
0.5974,0.5999,0.595,0.5951,7996,2022-05-26 14:00:00,GFAI
0.5951,0.599,0.5908,0.5953,17567,2022-05-26 14:01:00,GFAI
0.5912,0.5999,0.5909,0.5957,13934,2022-05-26 14:02:00,GFAI
0.599,0.599,0.5806,0.590049,87049,2022-05-26 14:03:00,GFAI
0.598999,0.598999,0.5811,0.587113,20125,2022-05-26 14:04:00,GFAI
0.5965,0.5965,0.591,0.591,1100,2022-05-26 14:05:00,GFAI
0.591,0.591,0.58625,0.587999,1350,2022-05-26 14:06:00,GFAI
0.590899,0.599799,0.588,0.599799,2820,2022-05-26 14:07:00,GFAI
0.5984,0.5999,0.5931,0.5931,8714,2022-05-26 14:08:00,GFAI
0.5981,0.5981,0.5901,0.5915,3360,2022-05-26 14:09:00,GFAI
0.599899,0.599899,0.5893,0.5893,4681,2022-05-26 14:10:00,GFAI
0.5947,0.5947,0.5947,0.5947,300,2022-05-26 14:11:00,GFAI
0.596599,0.596599,0.596599,0.596599,250,2022-05-26 14:12:00,GFAI
0.5947,0.5962,0.5896,0.5961,7522,2022-05-26 14:13:00,GFAI
0.5962,0.5962,0.5899,0.5962,10193,2022-05-26 14:14:00,GFAI
0.591101,0.5985,0.591,0.5985,13023,2022-05-26 14:15:00,GFAI
0.5933,0.5985,0.5933,0.5985,12709,2022-05-26 14:16:00,GFAI
0.598399,0.598399,0.591,0.596499,12470,2022-05-26 14:17:00,GFAI
0.595,0.595,0.5925,0.595,3255,2022-05-26 14:18:00,GFAI
0.5949,0.5949,0.5911,0.5911,2777,2022-05-26 14:19:00,GFAI
0.595,0.595,0.591,0.591,500,2022-05-26 14:20:00,GFAI
0.593,0.593,0.59,0.591,38870,2022-05-26 14:21:00,GFAI
0.5901,0.595,0.5893,0.5893,36123,2022-05-26 14:22:00,GFAI
0.595,0.595,0.5935,0.5935,260,2022-05-26 14:23:00,GFAI
0.5935,0.594999,0.5855,0.585501,21645,2022-05-26 14:24:00,GFAI
0.5915,0.5915,0.5871,0.5871,400,2022-05-26 14:25:00,GFAI
0.5871,0.595,0.587,0.587198,11826,2022-05-26 14:26:00,GFAI
0.5912,0.5934,0.58875,0.58875,11000,2022-05-26 14:27:00,GFAI
0.5874,0.5886,0.5871,0.5886,2939,2022-05-26 14:28:00,GFAI
0.589899,0.5899,0.5761,0.5761,82393,2022-05-26 14:30:00,GFAI
0.5758,0.5871,0.5758,0.5801,3936,2022-05-26 14:31:00,GFAI
0.586999,0.5871,0.578999,0.5799,5328,2022-05-26 14:32:00,GFAI
0.58,0.5868,0.578,0.5868,11090,2022-05-26 14:33:00,GFAI
0.5876,0.5949,0.5875,0.5891,1443,2022-05-26 14:34:00,GFAI
0.594799,0.5949,0.592,0.5947,2100,2022-05-26 14:35:00,GFAI
0.5948,0.6086,0.5925,0.6085,99365,2022-05-26 14:36:00,GFAI
0.6077,0.6077,0.6055,0.6055,3100,2022-05-26 14:37:00,GFAI
0.6055,0.6055,0.6,0.6,4268,2022-05-26 14:38:00,GFAI
0.6,0.6086,0.6,0.604,3915,2022-05-26 14:39:00,GFAI
0.6001,0.6055,0.6,0.6055,8856,2022-05-26 14:40:00,GFAI
0.604,0.604,0.600001,0.602001,3993,2022-05-26 14:41:00,GFAI
0.604,0.604,0.604,0.604,200,2022-05-26 14:42:00,GFAI
0.6051,0.6085,0.6051,0.6085,2100,2022-05-26 14:43:00,GFAI
0.6064,0.6064,0.6064,0.6064,200,2022-05-26 14:44:00,GFAI
0.6085,0.6085,0.6058,0.6064,3300,2022-05-26 14:45:00,GFAI
0.6075,0.6086,0.6075,0.6086,937,2022-05-26 14:46:00,GFAI
0.6101,0.62,0.61,0.62,12757,2022-05-26 14:47:00,GFAI
0.6199,0.62,0.619899,0.619899,6100,2022-05-26 14:48:00,GFAI
0.6199,0.6299,0.6199,0.6299,4905,2022-05-26 14:49:00,GFAI
0.6299,0.6299,0.6201,0.625,16825,2022-05-26 14:50:00,GFAI
0.625,0.6323,0.625,0.6323,30308,2022-05-26 14:51:00,GFAI
0.632,0.6411,0.6311,0.641,44159,2022-05-26 14:52:00,GFAI
0.6401,0.6411,0.6401,0.6411,6393,2022-05-26 14:53:00,GFAI
0.641,0.648,0.64,0.64799,17344,2022-05-26 14:54:00,GFAI
0.6439,0.6478,0.64,0.64,6480,2022-05-26 14:55:00,GFAI
0.6401,0.6478,0.6401,0.641001,15766,2022-05-26 14:56:00,GFAI
0.6409,0.645,0.6409,0.642,14802,2022-05-26 14:57:00,GFAI
0.64295,0.645,0.64,0.6401,51301,2022-05-26 14:58:00,GFAI
0.641899,0.642,0.64,0.6401,11200,2022-05-26 14:59:00,GFAI
0.6401,0.6401,0.64,0.640099,6188,2022-05-26 15:00:00,GFAI
0.64009,0.6401,0.64009,0.6401,1570,2022-05-26 15:01:00,GFAI
0.6401,0.645,0.64,0.6401,9255,2022-05-26 15:02:00,GFAI
0.6473,0.6473,0.6473,0.6473,600,2022-05-26 15:03:00,GFAI
0.6418,0.6489,0.6418,0.6489,22699,2022-05-26 15:04:00,GFAI
0.6476,0.6479,0.6402,0.6402,1800,2022-05-26 15:05:00,GFAI
0.6405,0.6484,0.6405,0.6484,1450,2022-05-26 15:06:00,GFAI
0.6443,0.6484,0.6443,0.6484,1200,2022-05-26 15:07:00,GFAI
0.6484,0.6484,0.64425,0.64425,694,2022-05-26 15:08:00,GFAI
0.645,0.645,0.645,0.645,150,2022-05-26 15:09:00,GFAI
0.6401,0.6409,0.64,0.6401,20406,2022-05-26 15:10:00,GFAI
0.6401,0.6401,0.64,0.64,34500,2022-05-26 15:11:00,GFAI
0.6425,0.6425,0.64,0.6401,3700,2022-05-26 15:12:00,GFAI
0.6401,0.6401,0.64,0.64,3000,2022-05-26 15:13:00,GFAI
0.64,0.64,0.635,0.635,10137,2022-05-26 15:14:00,GFAI
0.6351,0.6351,0.6118,0.6226,5561,2022-05-26 15:15:00,GFAI
0.6206,0.6291,0.6202,0.62404,22589,2022-05-26 15:16:00,GFAI
0.6227,0.6299,0.6226,0.6299,7540,2022-05-26 15:17:00,GFAI
0.625,0.6401,0.6227,0.6401,72545,2022-05-26 15:18:00,GFAI
0.6402,0.6402,0.6401,0.6401,2422,2022-05-26 15:19:00,GFAI
0.6409,0.6411,0.6401,0.641,2492,2022-05-26 15:20:00,GFAI
0.641,0.641,0.641,0.641,2119,2022-05-26 15:21:00,GFAI
0.645,0.6498,0.645,0.6498,12334,2022-05-26 15:23:00,GFAI
0.641,0.641,0.6401,0.6401,2225,2022-05-26 15:24:00,GFAI
0.6402,0.6402,0.6402,0.6402,1487,2022-05-26 15:25:00,GFAI
0.6401,0.6401,0.6401,0.6401,126,2022-05-26 15:26:00,GFAI
0.6402,0.6402,0.6402,0.6402,251,2022-05-26 15:27:00,GFAI
0.6402,0.6402,0.6402,0.6402,8000,2022-05-26 15:29:00,GFAI
0.6402,0.6402,0.6402,0.6402,3200,2022-05-26 15:30:00,GFAI
0.6401,0.6401,0.6401,0.6401,19500,2022-05-26 15:31:00,GFAI
0.6402,0.6402,0.6402,0.6402,2726,2022-05-26 15:32:00,GFAI
0.6401,0.6401,0.6201,0.6201,34893,2022-05-26 15:33:00,GFAI
0.6371,0.6498,0.6201,0.6498,899,2022-05-26 15:34:00,GFAI
0.635401,0.635401,0.635401,0.635401,193,2022-05-26 15:36:00,GFAI
0.6368,0.6368,0.6368,0.6368,100,2022-05-26 15:38:00,GFAI
0.63,0.63,0.63,0.63,375,2022-05-26 15:39:00,GFAI
0.621,0.621401,0.621,0.621401,13493,2022-05-26 15:40:00,GFAI
0.6214,0.621501,0.6214,0.621501,2849,2022-05-26 15:41:00,GFAI
0.6326,0.6326,0.6325,0.6325,1100,2022-05-26 15:42:00,GFAI
0.627,0.627,0.627,0.627,1250,2022-05-26 15:44:00,GFAI
0.6253,0.6253,0.625,0.625,6323,2022-05-26 15:46:00,GFAI
0.625,0.625,0.625,0.625,308,2022-05-26 15:47:00,GFAI
0.64,0.64,0.623,0.623,4000,2022-05-26 15:49:00,GFAI
0.6251,0.6251,0.6214,0.6214,1517,2022-05-26 15:50:00,GFAI
0.625101,0.625101,0.625101,0.625101,450,2022-05-26 15:52:00,GFAI
0.63,0.63,0.63,0.63,100,2022-05-26 15:55:00,GFAI
0.625,0.625,0.625,0.625,3000,2022-05-26 15:56:00,GFAI
0.632401,0.632401,0.632401,0.632401,2000,2022-05-26 15:58:00,GFAI
0.6397,0.6397,0.625,0.625,5884,2022-05-26 15:59:00,GFAI
0.6251,0.6251,0.6251,0.6251,200,2022-05-26 16:00:00,GFAI
0.6254,0.6309,0.6251,0.6251,2002,2022-05-26 16:02:00,GFAI
0.6267,0.6267,0.6251,0.6251,1820,2022-05-26 16:03:00,GFAI
0.6251,0.6251,0.625,0.625,14025,2022-05-26 16:04:00,GFAI
0.625,0.625101,0.625,0.625101,1807,2022-05-26 16:05:00,GFAI
0.6251,0.6251,0.625,0.625,1200,2022-05-26 16:06:00,GFAI
0.6321,0.632401,0.6251,0.6251,1872,2022-05-26 16:07:00,GFAI
0.6267,0.627551,0.6252,0.627551,400,2022-05-26 16:11:00,GFAI
0.6253,0.627601,0.6253,0.6268,1000,2022-05-26 16:12:00,GFAI
0.6267,0.6267,0.6267,0.6267,112,2022-05-26 16:13:00,GFAI
0.6287,0.6398,0.6287,0.6398,82200,2022-05-26 16:15:00,GFAI
0.6301,0.6316,0.6301,0.6316,500,2022-05-26 16:16:00,GFAI
0.6349,0.6349,0.6349,0.6349,417,2022-05-26 16:17:00,GFAI
0.631,0.631,0.631,0.631,500,2022-05-26 16:18:00,GFAI
0.632,0.6324,0.63,0.6301,1300,2022-05-26 16:20:00,GFAI
0.6312,0.6312,0.63,0.6312,16000,2022-05-26 16:21:00,GFAI
0.6324,0.6398,0.6324,0.6398,1012,2022-05-26 16:22:00,GFAI
0.6311,0.6311,0.6311,0.6311,200,2022-05-26 16:23:00,GFAI
0.631601,0.631601,0.631601,0.631601,400,2022-05-26 16:28:00,GFAI
0.6316,0.6316,0.6316,0.6316,3000,2022-05-26 16:29:00,GFAI
0.6383,0.6383,0.6383,0.6383,100,2022-05-26 16:30:00,GFAI
0.639699,0.639699,0.639699,0.639699,4900,2022-05-26 16:31:00,GFAI
0.6388,0.6397,0.6388,0.6397,565,2022-05-26 16:32:00,GFAI
0.6398,0.6398,0.6397,0.6397,1370,2022-05-26 16:33:00,GFAI
0.6398,0.6398,0.6397,0.6398,500,2022-05-26 16:34:00,GFAI
0.6398,0.6398,0.6311,0.6315,20565,2022-05-26 16:35:00,GFAI
0.6326,0.6326,0.6326,0.6326,300,2022-05-26 16:36:00,GFAI
0.6311,0.635401,0.6311,0.635401,400,2022-05-26 16:37:00,GFAI
0.6311,0.6311,0.6311,0.6311,200,2022-05-26 16:38:00,GFAI
0.631,0.634901,0.63,0.6301,3900,2022-05-26 16:40:00,GFAI
0.6316,0.634901,0.6301,0.634901,500,2022-05-26 16:41:00,GFAI
0.63,0.63,0.63,0.63,100,2022-05-26 16:42:00,GFAI
0.6301,0.6301,0.63,0.63,8259,2022-05-26 16:43:00,GFAI
0.6301,0.6301,0.6301,0.6301,400,2022-05-26 16:44:00,GFAI
0.6301,0.6301,0.6301,0.6301,200,2022-05-26 16:47:00,GFAI
0.6301,0.6301,0.6301,0.6301,2500,2022-05-26 16:48:00,GFAI
0.6301,0.6398,0.6301,0.6398,2704,2022-05-26 16:49:00,GFAI
0.63005,0.63005,0.63005,0.63005,100,2022-05-26 16:50:00,GFAI
0.6301,0.6301,0.6301,0.6301,100,2022-05-26 16:52:00,GFAI
0.6301,0.639799,0.63005,0.639799,2200,2022-05-26 16:53:00,GFAI
0.6349,0.6349,0.6349,0.6349,100,2022-05-26 16:54:00,GFAI
0.630101,0.630101,0.630101,0.630101,7800,2022-05-26 16:55:00,GFAI
0.6316,0.6316,0.6316,0.6316,360,2022-05-26 16:56:00,GFAI
0.6316,0.6316,0.63,0.63,736,2022-05-26 17:00:00,GFAI
0.6301,0.6301,0.6301,0.6301,100,2022-05-26 17:01:00,GFAI
0.6302,0.6302,0.6302,0.6302,300,2022-05-26 17:02:00,GFAI
0.6302,0.6327,0.63015,0.6327,1000,2022-05-26 17:03:00,GFAI
0.63495,0.63495,0.6317,0.6317,1638,2022-05-26 17:04:00,GFAI
0.635001,0.635001,0.635001,0.635001,2800,2022-05-26 17:05:00,GFAI
0.635,0.635,0.635,0.635,162,2022-05-26 17:08:00,GFAI
0.6318,0.6351,0.6318,0.6351,310,2022-05-26 17:09:00,GFAI
0.635,0.635,0.635,0.635,100,2022-05-26 17:10:00,GFAI
0.635,0.635,0.635,0.635,1187,2022-05-26 17:11:00,GFAI
0.6302,0.6302,0.63,0.63,576,2022-05-26 17:12:00,GFAI
0.63,0.63,0.63,0.63,1000,2022-05-26 17:13:00,GFAI
0.6301,0.635,0.6301,0.635,3600,2022-05-26 17:14:00,GFAI
0.6325,0.6325,0.6325,0.6325,100,2022-05-26 17:16:00,GFAI
0.63,0.63,0.63,0.63,200,2022-05-26 17:17:00,GFAI
0.6301,0.6301,0.6301,0.6301,200,2022-05-26 17:22:00,GFAI
0.6326,0.6326,0.6326,0.6326,300,2022-05-26 17:24:00,GFAI
0.6301,0.6301,0.6301,0.6301,100,2022-05-26 17:27:00,GFAI
0.63,0.63,0.63,0.63,19957,2022-05-26 17:29:00,GFAI
0.63,0.63,0.6256,0.6256,10363,2022-05-26 17:30:00,GFAI
0.6256,0.6256,0.6256,0.6256,100,2022-05-26 17:32:00,GFAI
0.6255,0.6255,0.6255,0.6255,1300,2022-05-26 17:33:00,GFAI
0.6256,0.6256,0.621,0.621,9453,2022-05-26 17:36:00,GFAI
0.6211,0.6211,0.6211,0.6211,100,2022-05-26 17:37:00,GFAI
0.6211,0.6211,0.6211,0.6211,3027,2022-05-26 17:38:00,GFAI
0.6211,0.6211,0.6211,0.6211,600,2022-05-26 17:39:00,GFAI
0.6211,0.6226,0.6211,0.6211,450,2022-05-26 17:40:00,GFAI
0.6211,0.6211,0.6211,0.6211,3300,2022-05-26 17:41:00,GFAI
0.6248,0.6248,0.621,0.621,20700,2022-05-26 17:42:00,GFAI
0.621,0.621,0.62,0.6201,1561,2022-05-26 17:43:00,GFAI
0.62,0.62,0.6141,0.6141,3827,2022-05-26 17:44:00,GFAI
0.6101,0.6102,0.6064,0.6102,10558,2022-05-26 17:45:00,GFAI
0.606501,0.6182,0.606501,0.6182,200,2022-05-26 17:46:00,GFAI
0.606744,0.606744,0.606744,0.606744,155,2022-05-26 17:47:00,GFAI
0.6123,0.6181,0.61225,0.6181,1327,2022-05-26 17:48:00,GFAI
0.618,0.618,0.6064,0.6064,6200,2022-05-26 17:49:00,GFAI
0.61405,0.61405,0.614,0.614,4950,2022-05-26 17:51:00,GFAI
0.61,0.614,0.61,0.614,14050,2022-05-26 17:53:00,GFAI
0.614,0.6181,0.612,0.6181,300,2022-05-26 17:54:00,GFAI
0.61,0.61,0.61,0.61,9750,2022-05-26 17:55:00,GFAI
0.61,0.61,0.61,0.61,5300,2022-05-26 17:56:00,GFAI
0.63,0.63,0.63,0.63,120,2022-05-26 17:57:00,GFAI
0.6299,0.6299,0.6299,0.6299,200,2022-05-26 17:59:00,GFAI
0.61,0.62,0.61,0.6105,1156,2022-05-26 18:00:00,GFAI
0.62,0.62,0.62,0.62,369,2022-05-26 18:01:00,GFAI
0.610101,0.610101,0.610101,0.610101,195,2022-05-26 18:04:00,GFAI
0.6199,0.6199,0.6199,0.6199,200,2022-05-26 18:05:00,GFAI
0.6102,0.6151,0.6102,0.6151,4978,2022-05-26 18:06:00,GFAI
0.619899,0.619899,0.619899,0.619899,5000,2022-05-26 18:09:00,GFAI
0.616,0.6165,0.616,0.6165,11808,2022-05-26 18:10:00,GFAI
0.616,0.616,0.616,0.616,4717,2022-05-26 18:12:00,GFAI
0.614,0.614,0.6103,0.610999,15626,2022-05-26 18:13:00,GFAI
0.610899,0.611,0.610899,0.611,200,2022-05-26 18:16:00,GFAI
0.619899,0.619899,0.61,0.61,700,2022-05-26 18:17:00,GFAI
0.6101,0.6101,0.6101,0.6101,120,2022-05-26 18:19:00,GFAI
0.6118,0.6118,0.6118,0.6118,1000,2022-05-26 18:21:00,GFAI
0.6199,0.6199,0.6199,0.6199,200,2022-05-26 18:22:00,GFAI
0.6152,0.6152,0.61275,0.61275,460,2022-05-26 18:23:00,GFAI
0.615,0.615,0.615,0.615,1043,2022-05-26 18:25:00,GFAI
0.612549,0.612549,0.6103,0.6103,667,2022-05-26 18:26:00,GFAI
0.615,0.615,0.6101,0.6102,3300,2022-05-26 18:28:00,GFAI
0.615,0.615,0.615,0.615,500,2022-05-26 18:29:00,GFAI
0.6101,0.6101,0.6101,0.6101,1000,2022-05-26 18:31:00,GFAI
0.6103,0.6103,0.610201,0.610201,1024,2022-05-26 18:32:00,GFAI
0.6149,0.6149,0.6149,0.6149,550,2022-05-26 18:33:00,GFAI
0.6101,0.6103,0.6033,0.6033,6502,2022-05-26 18:34:00,GFAI
0.6051,0.6051,0.605,0.605,1000,2022-05-26 18:35:00,GFAI
0.605,0.605,0.6033,0.6034,3602,2022-05-26 18:36:00,GFAI
0.6034,0.6034,0.6034,0.6034,460,2022-05-26 18:37:00,GFAI
0.6035,0.6035,0.6035,0.6035,500,2022-05-26 18:38:00,GFAI
0.6035,0.60925,0.6035,0.60925,1150,2022-05-26 18:39:00,GFAI
0.6144,0.615,0.6131,0.615,4941,2022-05-26 18:40:00,GFAI
0.6094,0.6094,0.6094,0.6094,1000,2022-05-26 18:42:00,GFAI
0.615,0.615,0.6149,0.6149,1250,2022-05-26 18:44:00,GFAI
0.613999,0.613999,0.613999,0.613999,100,2022-05-26 18:46:00,GFAI
0.615,0.615,0.615,0.615,6592,2022-05-26 18:47:00,GFAI
0.613,0.613,0.611001,0.611001,4016,2022-05-26 18:48:00,GFAI
0.6116,0.6121,0.611,0.611,1000,2022-05-26 18:51:00,GFAI
0.6116,0.6123,0.611,0.611,1000,2022-05-26 18:52:00,GFAI
0.619999,0.619999,0.619999,0.619999,200,2022-05-26 18:55:00,GFAI
0.6155,0.6155,0.6155,0.6155,110,2022-05-26 18:57:00,GFAI
0.6126,0.613,0.611,0.611,508,2022-05-26 18:59:00,GFAI
0.6175,0.6175,0.6175,0.6175,120,2022-05-26 19:02:00,GFAI
0.619899,0.619899,0.619899,0.619899,1700,2022-05-26 19:03:00,GFAI
0.611,0.6111,0.611,0.6111,1047,2022-05-26 19:06:00,GFAI
0.611101,0.611101,0.611101,0.611101,681,2022-05-26 19:07:00,GFAI
0.6115,0.619899,0.6115,0.619899,374,2022-05-26 19:08:00,GFAI
0.6199,0.6199,0.6199,0.6199,300,2022-05-26 19:09:00,GFAI
0.62,0.62,0.62,0.62,1000,2022-05-26 19:10:00,GFAI
0.615499,0.615499,0.615499,0.615499,125,2022-05-26 19:11:00,GFAI
0.6199,0.6199,0.6199,0.6199,100,2022-05-26 19:12:00,GFAI
0.6166,0.619,0.6166,0.619,3700,2022-05-26 19:13:00,GFAI
0.6144,0.6189,0.6144,0.6189,7800,2022-05-26 19:14:00,GFAI
0.614999,0.614999,0.611,0.611,19009,2022-05-26 19:15:00,GFAI
0.6174,0.619,0.6174,0.619,200,2022-05-26 19:16:00,GFAI
0.611,0.611,0.611,0.611,3737,2022-05-26 19:18:00,GFAI
0.618899,0.6189,0.618899,0.6189,600,2022-05-26 19:19:00,GFAI
0.6189,0.6189,0.6189,0.6189,9600,2022-05-26 19:20:00,GFAI
0.6159,0.6189,0.6159,0.6189,737,2022-05-26 19:21:00,GFAI
0.6126,0.6126,0.6126,0.6126,670,2022-05-26 19:22:00,GFAI
0.6162,0.619,0.6112,0.6112,2500,2022-05-26 19:24:00,GFAI
0.6189,0.6189,0.6189,0.6189,100,2022-05-26 19:25:00,GFAI
0.6111,0.6188,0.611,0.611,1500,2022-05-26 19:26:00,GFAI
0.61485,0.61485,0.61485,0.61485,100,2022-05-26 19:27:00,GFAI
0.611,0.611,0.611,0.611,186,2022-05-26 19:29:00,GFAI
0.611,0.611,0.611,0.611,3439,2022-05-26 19:30:00,GFAI
0.6171,0.6171,0.6171,0.6171,4000,2022-05-26 19:31:00,GFAI
0.613,0.617,0.6001,0.61215,276883,2022-05-26 19:34:00,GFAI
0.617,0.617,0.6129,0.6129,300,2022-05-26 19:35:00,GFAI
0.601,0.6163,0.6,0.6082,5303,2022-05-26 19:38:00,GFAI
0.616199,0.616199,0.616199,0.616199,100,2022-05-26 19:39:00,GFAI
0.6,0.6153,0.6,0.6153,1839,2022-05-26 19:40:00,GFAI
0.61,0.61,0.61,0.61,900,2022-05-26 19:41:00,GFAI
0.61,0.61,0.61,0.61,530,2022-05-26 19:42:00,GFAI
0.61,0.61,0.61,0.61,13086,2022-05-26 19:44:00,GFAI
0.6125,0.615,0.6125,0.615,470,2022-05-26 19:45:00,GFAI
0.61,0.61,0.6018,0.6018,4620,2022-05-26 19:47:00,GFAI
0.6063,0.6063,0.6063,0.6063,100,2022-05-26 19:48:00,GFAI
0.600201,0.6123,0.600201,0.6123,400,2022-05-26 19:49:00,GFAI
0.61,0.61,0.61,0.61,1386,2022-05-26 19:50:00,GFAI
0.6038,0.6038,0.6038,0.6038,1028,2022-05-26 19:51:00,GFAI
0.606099,0.61,0.606099,0.61,1800,2022-05-26 19:52:00,GFAI
0.603801,0.6069,0.6038,0.6038,2213,2022-05-26 19:53:00,GFAI
0.61,0.61,0.6084,0.61,3450,2022-05-26 19:54:00,GFAI
0.6096,0.6097,0.6096,0.6097,1100,2022-05-26 19:55:00,GFAI
0.6083,0.6097,0.608299,0.6097,5996,2022-05-26 19:56:00,GFAI
0.6083,0.6125,0.6083,0.6125,10638,2022-05-26 19:57:00,GFAI
0.6097,0.6125,0.6097,0.6125,1789,2022-05-26 19:58:00,GFAI
0.6087,0.6125,0.605,0.6071,18437,2022-05-26 19:59:00,GFAI
0.6125,0.6125,0.6125,0.6125,1555,2022-05-26 20:00:00,GFAI
0.6011,0.6011,0.5995,0.5995,5925,2022-05-26 20:09:00,GFAI
0.5994,0.5994,0.5994,0.5994,9500,2022-05-26 20:10:00,GFAI
0.5994,0.5994,0.593,0.593,1282,2022-05-26 20:11:00,GFAI
0.5994,0.5994,0.5994,0.5994,100,2022-05-26 20:12:00,GFAI
0.609,0.609,0.609,0.609,100,2022-05-26 20:13:00,GFAI
0.609,0.609,0.608,0.608,1100,2022-05-26 20:17:00,GFAI
0.609,0.609,0.608,0.609,5146,2022-05-26 20:18:00,GFAI
0.608,0.608,0.608,0.608,550,2022-05-26 20:38:00,GFAI
0.608,0.608,0.608,0.608,100,2022-05-26 20:39:00,GFAI
0.608,0.608,0.608,0.608,470,2022-05-26 20:41:00,GFAI
0.6085,0.6085,0.6085,0.6085,500,2022-05-26 20:47:00,GFAI
0.608,0.608,0.608,0.608,300,2022-05-26 20:52:00,GFAI
0.608,0.608,0.608,0.608,100,2022-05-26 20:53:00,GFAI
0.608,0.608,0.608,0.608,100,2022-05-26 20:57:00,GFAI
0.608,0.608,0.608,0.608,200,2022-05-26 21:10:00,GFAI
0.608,0.608,0.608,0.608,189,2022-05-26 21:18:00,GFAI
0.608,0.608,0.608,0.608,1000,2022-05-26 21:21:00,GFAI
0.6,0.6,0.6,0.6,1050,2022-05-26 21:22:00,GFAI
0.6,0.6001,0.6,0.6001,10408,2022-05-26 21:25:00,GFAI
0.6001,0.6001,0.6001,0.6001,355,2022-05-26 21:26:00,GFAI
0.6078,0.62,0.6078,0.62,6921,2022-05-26 21:48:00,GFAI
0.6111,0.6111,0.6111,0.6111,484,2022-05-26 21:59:00,GFAI
0.606,0.606,0.6012,0.6012,516,2022-05-26 22:00:00,GFAI
0.619,0.63,0.619,0.63,3000,2022-05-26 22:04:00,GFAI
0.63,0.63,0.63,0.63,302,2022-05-26 22:07:00,GFAI
0.63,0.63,0.63,0.63,430,2022-05-26 22:09:00,GFAI
0.63,0.63,0.63,0.63,100,2022-05-26 22:19:00,GFAI
0.6299,0.6299,0.6299,0.6299,750,2022-05-26 22:23:00,GFAI
0.63,0.63,0.63,0.63,100,2022-05-26 22:24:00,GFAI
0.628,0.628,0.628,0.628,100,2022-05-26 22:28:00,GFAI
0.628,0.628,0.628,0.628,100,2022-05-26 22:37:00,GFAI
0.6102,0.6102,0.61,0.61,3798,2022-05-26 22:50:00,GFAI
0.61,0.61,0.61,0.61,378,2022-05-26 22:51:00,GFAI
0.61,0.61,0.61,0.61,139,2022-05-26 22:52:00,GFAI
0.61,0.61,0.61,0.61,212,2022-05-26 23:00:00,GFAI
0.6102,0.6102,0.6102,0.6102,500,2022-05-26 23:11:00,GFAI
0.6102,0.6102,0.6102,0.6102,500,2022-05-26 23:12:00,GFAI
0.6102,0.6102,0.6102,0.6102,500,2022-05-26 23:13:00,GFAI
0.6102,0.6102,0.61,0.61,1711,2022-05-26 23:16:00,GFAI
0.6299,0.6299,0.6299,0.6299,190,2022-05-26 23:17:00,GFAI
0.61,0.61,0.61,0.61,200,2022-05-26 23:18:00,GFAI
0.62,0.62,0.61,0.61,700,2022-05-26 23:19:00,GFAI
0.61,0.61,0.61,0.61,100,2022-05-26 23:24:00,GFAI
0.6196,0.6196,0.6196,0.6196,100,2022-05-26 23:26:00,GFAI
0.61,0.6299,0.61,0.6299,200,2022-05-26 23:28:00,GFAI
0.61,0.61,0.61,0.61,295,2022-05-26 23:34:00,GFAI
0.61,0.61,0.61,0.61,224,2022-05-26 23:36:00,GFAI
0.61,0.61,0.61,0.61,1048,2022-05-26 23:37:00,GFAI
0.61,0.61,0.61,0.61,100,2022-05-26 23:38:00,GFAI
0.61,0.61,0.61,0.61,100,2022-05-26 23:39:00,GFAI
0.61,0.61,0.61,0.61,100,2022-05-26 23:40:00,GFAI
0.61,0.61,0.61,0.61,100,2022-05-26 23:42:00,GFAI
0.6011,0.6011,0.6011,0.6011,200,2022-05-26 23:44:00,GFAI
0.602,0.602,0.602,0.602,200,2022-05-26 23:45:00,GFAI
0.6149,0.6149,0.6149,0.6149,100,2022-05-26 23:47:00,GFAI
0.61,0.61,0.61,0.61,100,2022-05-26 23:53:00,GFAI
0.6099,0.6099,0.6099,0.6099,100,2022-05-26 23:54:00,GFAI
0.6099,0.6099,0.6099,0.6099,100,2022-05-26 23:55:00,GFAI
0.603,0.603,0.603,0.603,200,2022-05-26 23:57:00,GFAI
0.601,0.6088,0.601,0.6088,300,2022-05-26 23:58:00,GFAI
0.6088,0.6088,0.6088,0.6088,5100,2022-05-26 23:59:00,GFAI
0.6,0.601,0.6,0.6,3700,2022-05-27 08:00:00,GFAI
0.5999,0.6,0.5999,0.6,4318,2022-05-27 08:01:00,GFAI
0.5828,0.5828,0.5828,0.5828,298,2022-05-27 08:07:00,GFAI
0.6,0.6,0.6,0.6,1000,2022-05-27 08:10:00,GFAI
0.6,0.6,0.6,0.6,100,2022-05-27 08:12:00,GFAI
0.6,0.6,0.6,0.6,123,2022-05-27 08:23:00,GFAI
0.6,0.6,0.6,0.6,141,2022-05-27 08:24:00,GFAI
0.6,0.6,0.6,0.6,200,2022-05-27 08:37:00,GFAI
0.6,0.6,0.6,0.6,325,2022-05-27 08:39:00,GFAI
0.627,0.627,0.627,0.627,100,2022-05-27 08:42:00,GFAI
0.6,0.6,0.6,0.6,100,2022-05-27 09:43:00,GFAI
0.6197,0.6197,0.6197,0.6197,100,2022-05-27 10:35:00,GFAI
0.6,0.6,0.6,0.6,4193,2022-05-27 10:41:00,GFAI
0.6,0.6,0.6,0.6,317,2022-05-27 10:43:00,GFAI
0.6,0.6,0.6,0.6,681,2022-05-27 10:47:00,GFAI
0.6113,0.6197,0.6113,0.6197,1219,2022-05-27 11:00:00,GFAI
0.61,0.61,0.61,0.61,150,2022-05-27 11:12:00,GFAI
0.61,0.61,0.61,0.61,500,2022-05-27 11:13:00,GFAI
0.6082,0.6082,0.605,0.605,4700,2022-05-27 11:18:00,GFAI
0.6072,0.6072,0.6,0.6,9992,2022-05-27 11:23:00,GFAI
0.6076,0.6076,0.6076,0.6076,100,2022-05-27 11:33:00,GFAI
0.606,0.606,0.606,0.606,100,2022-05-27 11:38:00,GFAI
0.6055,0.6055,0.6055,0.6055,100,2022-05-27 11:40:00,GFAI
0.6081,0.609,0.6081,0.609,200,2022-05-27 11:49:00,GFAI
0.605,0.605,0.605,0.605,200,2022-05-27 11:53:00,GFAI
0.606,0.606,0.6008,0.6008,569,2022-05-27 12:01:00,GFAI
0.601,0.601,0.6,0.6,300,2022-05-27 12:04:00,GFAI
0.602,0.602,0.602,0.602,397,2022-05-27 12:16:00,GFAI
0.603,0.603,0.603,0.603,302,2022-05-27 12:17:00,GFAI
0.604,0.604,0.604,0.604,554,2022-05-27 12:19:00,GFAI
0.6041,0.6041,0.6041,0.6041,499,2022-05-27 12:20:00,GFAI
0.6295,0.6295,0.6295,0.6295,100,2022-05-27 12:26:00,GFAI
0.6075,0.6075,0.6075,0.6075,372,2022-05-27 12:29:00,GFAI
0.6295,0.6295,0.6295,0.6295,1000,2022-05-27 12:31:00,GFAI
0.6073,0.6073,0.6073,0.6073,124,2022-05-27 12:36:00,GFAI
0.608,0.608,0.608,0.608,118,2022-05-27 12:38:00,GFAI
0.6031,0.6031,0.5979,0.5981,19450,2022-05-27 12:40:00,GFAI
0.5981,0.6,0.5981,0.6,300,2022-05-27 12:41:00,GFAI
0.596,0.596,0.59,0.59,4123,2022-05-27 12:42:00,GFAI
0.598,0.598,0.598,0.598,470,2022-05-27 12:43:00,GFAI
0.6,0.6,0.598,0.598,800,2022-05-27 12:45:00,GFAI
0.5975,0.6123,0.5975,0.609,936,2022-05-27 12:46:00,GFAI
0.62,0.62,0.59,0.59,3600,2022-05-27 12:49:00,GFAI
0.6,0.6,0.583,0.583,5601,2022-05-27 12:50:00,GFAI
0.6,0.6,0.6,0.6,400,2022-05-27 12:51:00,GFAI
0.6001,0.6001,0.6001,0.6001,1600,2022-05-27 12:52:00,GFAI
0.6,0.6,0.6,0.6,1000,2022-05-27 12:53:00,GFAI
0.615,0.615,0.5901,0.5901,11190,2022-05-27 12:57:00,GFAI
0.593,0.593,0.5905,0.5905,4687,2022-05-27 12:58:00,GFAI
0.593,0.593,0.5905,0.5905,2915,2022-05-27 13:00:00,GFAI
0.591,0.591,0.591,0.591,200,2022-05-27 13:01:00,GFAI
0.6,0.6,0.591,0.591,5790,2022-05-27 13:03:00,GFAI
0.591,0.591,0.591,0.591,100,2022-05-27 13:04:00,GFAI
0.595,0.595,0.595,0.595,107,2022-05-27 13:06:00,GFAI
0.595,0.595,0.5931,0.5931,823,2022-05-27 13:07:00,GFAI
0.595,0.595,0.595,0.595,2610,2022-05-27 13:09:00,GFAI
0.5951,0.5951,0.5951,0.5951,500,2022-05-27 13:11:00,GFAI
0.595,0.595,0.595,0.595,547,2022-05-27 13:12:00,GFAI
0.5961,0.5999,0.5961,0.5999,1023,2022-05-27 13:15:00,GFAI
0.5962,0.5999,0.5962,0.5999,600,2022-05-27 13:16:00,GFAI
0.5999,0.5999,0.5999,0.5999,100,2022-05-27 13:18:00,GFAI
0.5973,0.5995,0.597,0.597,1949,2022-05-27 13:19:00,GFAI
0.5996,0.6082,0.59,0.6082,6884,2022-05-27 13:20:00,GFAI
0.5982,0.5982,0.598,0.598,1000,2022-05-27 13:22:00,GFAI
0.6098,0.6098,0.6098,0.6098,400,2022-05-27 13:27:00,GFAI
0.593,0.5999,0.591,0.5999,500,2022-05-27 13:29:00,GFAI
0.605,0.605,0.6,0.6001,6606,2022-05-27 13:30:00,GFAI
0.6,0.6,0.595,0.5965,15100,2022-05-27 13:31:00,GFAI
0.595101,0.5985,0.591001,0.591001,14702,2022-05-27 13:32:00,GFAI
0.59675,0.59675,0.59675,0.59675,451,2022-05-27 13:33:00,GFAI
0.595,0.5999,0.595,0.5999,9127,2022-05-27 13:34:00,GFAI
0.5935,0.593501,0.591,0.591,2625,2022-05-27 13:35:00,GFAI
0.5935,0.5935,0.5919,0.592,12599,2022-05-27 13:36:00,GFAI
0.592,0.592,0.592,0.592,375,2022-05-27 13:37:00,GFAI
0.591499,0.5916,0.59,0.59,14398,2022-05-27 13:38:00,GFAI
0.592,0.592,0.592,0.592,10369,2022-05-27 13:39:00,GFAI
0.5979,0.5979,0.5971,0.5979,1400,2022-05-27 13:40:00,GFAI
0.5971,0.598,0.591,0.591,3713,2022-05-27 13:41:00,GFAI
0.591,0.5937,0.591,0.591,1700,2022-05-27 13:42:00,GFAI
0.596,0.5995,0.5921,0.5984,3348,2022-05-27 13:43:00,GFAI
0.599999,0.6,0.59,0.59,7666,2022-05-27 13:44:00,GFAI
0.5915,0.6,0.5915,0.5985,13066,2022-05-27 13:45:00,GFAI
0.5916,0.6,0.5916,0.5999,34605,2022-05-27 13:46:00,GFAI
0.6,0.6,0.5958,0.5958,910,2022-05-27 13:47:00,GFAI
0.5917,0.5917,0.5917,0.5917,1300,2022-05-27 13:48:00,GFAI
0.597501,0.597501,0.597501,0.597501,150,2022-05-27 13:49:00,GFAI
0.5999,0.6,0.591701,0.591701,6279,2022-05-27 13:50:00,GFAI
0.6,0.6,0.5917,0.5917,2650,2022-05-27 13:51:00,GFAI
0.591783,0.6,0.591,0.5915,7404,2022-05-27 13:52:00,GFAI
0.592,0.5996,0.592,0.5996,200,2022-05-27 13:53:00,GFAI
0.592,0.592,0.592,0.592,300,2022-05-27 13:54:00,GFAI
0.6,0.6,0.6,0.6,2600,2022-05-27 13:55:00,GFAI
0.5927,0.5927,0.5926,0.5926,1000,2022-05-27 13:56:00,GFAI
0.593,0.5999,0.593,0.5984,3300,2022-05-27 13:57:00,GFAI
0.593,0.596451,0.593,0.596451,801,2022-05-27 13:58:00,GFAI
0.596449,0.596449,0.596449,0.596449,1000,2022-05-27 13:59:00,GFAI
0.5964,0.5964,0.5964,0.5964,3500,2022-05-27 14:01:00,GFAI
0.596501,0.596501,0.596501,0.596501,100,2022-05-27 14:02:00,GFAI
0.599699,0.5997,0.599699,0.5997,650,2022-05-27 14:03:00,GFAI
0.5997,0.5997,0.5997,0.5997,363,2022-05-27 14:04:00,GFAI
0.5997,0.5997,0.598687,0.5987,1033,2022-05-27 14:05:00,GFAI
0.5987,0.6013,0.5978,0.5978,1112,2022-05-27 14:06:00,GFAI
0.6013,0.6049,0.6013,0.6049,20831,2022-05-27 14:07:00,GFAI
0.6049,0.6049,0.6003,0.6048,28581,2022-05-27 14:08:00,GFAI
0.6028,0.6028,0.6013,0.6013,1400,2022-05-27 14:09:00,GFAI
0.601,0.6053,0.6009,0.6053,1100,2022-05-27 14:10:00,GFAI
0.6051,0.61,0.6051,0.6075,3000,2022-05-27 14:11:00,GFAI
0.607,0.607,0.607,0.607,600,2022-05-27 14:13:00,GFAI
0.608,0.608,0.608,0.608,100,2022-05-27 14:14:00,GFAI
0.609499,0.61,0.608,0.6092,2747,2022-05-27 14:15:00,GFAI
0.61,0.61,0.6095,0.6095,1800,2022-05-27 14:16:00,GFAI
0.61,0.61,0.6097,0.6097,2750,2022-05-27 14:17:00,GFAI
0.61,0.61,0.6071,0.61,4885,2022-05-27 14:18:00,GFAI
0.6135,0.6175,0.6135,0.6175,11490,2022-05-27 14:19:00,GFAI
0.6175,0.6175,0.6137,0.6137,1799,2022-05-27 14:21:00,GFAI
0.6137,0.6137,0.6135,0.6135,200,2022-05-27 14:22:00,GFAI
0.6175,0.6175,0.6175,0.6175,935,2022-05-27 14:23:00,GFAI
0.6175,0.6175,0.6175,0.6175,100,2022-05-27 14:24:00,GFAI
0.617399,0.617399,0.6135,0.6135,2600,2022-05-27 14:25:00,GFAI
0.611501,0.613,0.6093,0.6099,16400,2022-05-27 14:26:00,GFAI
0.61,0.61,0.61,0.61,800,2022-05-27 14:27:00,GFAI
0.6099,0.61,0.6091,0.6091,3000,2022-05-27 14:28:00,GFAI
0.608301,0.608301,0.608301,0.608301,2400,2022-05-27 14:29:00,GFAI
0.6079,0.6099,0.6079,0.6099,435,2022-05-27 14:30:00,GFAI
0.6095,0.617,0.6095,0.6099,12416,2022-05-27 14:31:00,GFAI
0.617,0.617,0.6167,0.6167,6098,2022-05-27 14:33:00,GFAI
0.615,0.615,0.6051,0.6051,1200,2022-05-27 14:34:00,GFAI
0.617,0.617,0.6169,0.6169,7416,2022-05-27 14:35:00,GFAI
0.605101,0.605101,0.605101,0.605101,1802,2022-05-27 14:39:00,GFAI
0.605201,0.605201,0.605201,0.605201,1000,2022-05-27 14:40:00,GFAI
0.6052,0.6052,0.6052,0.6052,500,2022-05-27 14:41:00,GFAI
0.6128,0.6128,0.6128,0.6128,100,2022-05-27 14:42:00,GFAI
0.6051,0.6051,0.6,0.6,1897,2022-05-27 14:45:00,GFAI
0.6052,0.6052,0.6052,0.6052,1200,2022-05-27 14:46:00,GFAI
0.6052,0.609899,0.6,0.609899,1695,2022-05-27 14:47:00,GFAI
0.6075,0.6075,0.6075,0.6075,100,2022-05-27 14:48:00,GFAI
0.606,0.6075,0.606,0.6075,642,2022-05-27 14:49:00,GFAI
0.61,0.61,0.6051,0.6075,1136,2022-05-27 14:50:00,GFAI
0.6051,0.6051,0.6051,0.6051,1000,2022-05-27 14:52:00,GFAI
0.608365,0.608365,0.608365,0.608365,3000,2022-05-27 14:53:00,GFAI
0.606,0.606,0.606,0.606,264,2022-05-27 14:56:00,GFAI
0.6069,0.6069,0.6069,0.6069,200,2022-05-27 14:57:00,GFAI
0.6099,0.6099,0.6098,0.6098,1100,2022-05-27 14:58:00,GFAI
0.609799,0.609799,0.609799,0.609799,200,2022-05-27 14:59:00,GFAI
0.609,0.609,0.6051,0.605656,5975,2022-05-27 15:00:00,GFAI
0.6088,0.6088,0.6088,0.6088,750,2022-05-27 15:01:00,GFAI
0.604,0.6099,0.604,0.608,4532,2022-05-27 15:03:00,GFAI
0.6079,0.6079,0.6079,0.6079,100,2022-05-27 15:04:00,GFAI
0.6069,0.6099,0.6069,0.6099,605,2022-05-27 15:06:00,GFAI
0.606901,0.606901,0.606901,0.606901,500,2022-05-27 15:07:00,GFAI
0.606,0.606,0.606,0.606,180,2022-05-27 15:09:00,GFAI
0.606,0.606,0.598,0.602001,20101,2022-05-27 15:10:00,GFAI
0.6,0.6001,0.599,0.599,7334,2022-05-27 15:11:00,GFAI
0.6,0.6,0.598,0.598,1931,2022-05-27 15:12:00,GFAI
0.5981,0.599999,0.5981,0.598325,1700,2022-05-27 15:13:00,GFAI
0.598001,0.59978,0.5975,0.5987,18515,2022-05-27 15:14:00,GFAI
0.5998,0.5998,0.59875,0.59875,251,2022-05-27 15:15:00,GFAI
0.6005,0.6005,0.598,0.5986,5384,2022-05-27 15:16:00,GFAI
0.598,0.598,0.5971,0.5973,32016,2022-05-27 15:17:00,GFAI
0.598,0.598,0.598,0.598,1300,2022-05-27 15:18:00,GFAI
0.598,0.598,0.5966,0.59661,13836,2022-05-27 15:19:00,GFAI
0.5973,0.598,0.5973,0.598,1135,2022-05-27 15:20:00,GFAI
0.598,0.598,0.5974,0.5974,2478,2022-05-27 15:21:00,GFAI
0.5974,0.598,0.5966,0.5979,3909,2022-05-27 15:22:00,GFAI
0.598,0.598,0.5979,0.5979,1266,2022-05-27 15:23:00,GFAI
0.5967,0.6032,0.5966,0.6032,7658,2022-05-27 15:24:00,GFAI
0.599,0.6075,0.599,0.6075,7644,2022-05-27 15:25:00,GFAI
0.6001,0.600101,0.6001,0.6001,7600,2022-05-27 15:26:00,GFAI
0.600101,0.600101,0.6,0.60002,11500,2022-05-27 15:27:00,GFAI
0.6075,0.6075,0.603749,0.603749,7100,2022-05-27 15:28:00,GFAI
0.6075,0.6075,0.6001,0.6001,5251,2022-05-27 15:29:00,GFAI
0.6075,0.6075,0.6075,0.6075,380,2022-05-27 15:30:00,GFAI
0.603,0.603,0.6,0.600101,2177,2022-05-27 15:31:00,GFAI
0.601499,0.601499,0.6,0.6,901,2022-05-27 15:32:00,GFAI
0.6,0.600338,0.599,0.599,9502,2022-05-27 15:33:00,GFAI
0.5991,0.6098,0.5991,0.6098,1920,2022-05-27 15:34:00,GFAI
0.5991,0.5991,0.5991,0.5991,500,2022-05-27 15:36:00,GFAI
0.6079,0.6079,0.6079,0.6079,100,2022-05-27 15:39:00,GFAI
0.6074,0.6074,0.6074,0.6074,1000,2022-05-27 15:42:00,GFAI
0.6001,0.607399,0.6001,0.607399,700,2022-05-27 15:43:00,GFAI
0.6001,0.6001,0.6001,0.6001,600,2022-05-27 15:45:00,GFAI
0.600201,0.6074,0.600201,0.6074,1192,2022-05-27 15:46:00,GFAI
0.6074,0.6074,0.6035,0.6035,461,2022-05-27 15:47:00,GFAI
0.607,0.607,0.607,0.607,150,2022-05-27 15:48:00,GFAI
0.603501,0.603501,0.602999,0.603001,2070,2022-05-27 15:49:00,GFAI
0.6001,0.6001,0.6001,0.6001,2500,2022-05-27 15:50:00,GFAI
0.6001,0.6059,0.6001,0.6059,219,2022-05-27 15:51:00,GFAI
0.6059,0.6059,0.6,0.6,3889,2022-05-27 15:52:00,GFAI
0.605899,0.605899,0.591,0.5999,11734,2022-05-27 15:54:00,GFAI
0.594365,0.5999,0.594365,0.5999,2440,2022-05-27 15:55:00,GFAI
0.5999,0.5999,0.591,0.591,452,2022-05-27 15:56:00,GFAI
0.591,0.591,0.591,0.591,900,2022-05-27 15:57:00,GFAI
0.5999,0.5999,0.592,0.592,1871,2022-05-27 15:58:00,GFAI
0.5998,0.5998,0.592,0.5995,10600,2022-05-27 15:59:00,GFAI
0.5995,0.599799,0.5995,0.599799,200,2022-05-27 16:00:00,GFAI
0.5999,0.5999,0.599799,0.599799,7717,2022-05-27 16:01:00,GFAI
0.595951,0.5998,0.595951,0.5997,2665,2022-05-27 16:02:00,GFAI
0.5966,0.5967,0.5932,0.5932,7051,2022-05-27 16:03:00,GFAI
0.5928,0.5932,0.5926,0.5926,712,2022-05-27 16:04:00,GFAI
0.5926,0.5932,0.5926,0.5929,1600,2022-05-27 16:05:00,GFAI
0.6,0.6,0.5999,0.5999,381,2022-05-27 16:06:00,GFAI
0.5999,0.5999,0.5999,0.5999,200,2022-05-27 16:07:00,GFAI
0.5999,0.5999,0.5999,0.5999,100,2022-05-27 16:08:00,GFAI
0.6,0.6,0.6,0.6,250,2022-05-27 16:09:00,GFAI
0.5921,0.5921,0.5921,0.5921,299,2022-05-27 16:11:00,GFAI
0.595999,0.595999,0.595999,0.595999,2500,2022-05-27 16:12:00,GFAI
0.6,0.6,0.6,0.6,126,2022-05-27 16:14:00,GFAI
0.597499,0.599999,0.597499,0.599999,1800,2022-05-27 16:16:00,GFAI
0.597499,0.6,0.597499,0.6,607,2022-05-27 16:17:00,GFAI
0.6,0.6,0.6,0.6,100,2022-05-27 16:18:00,GFAI
0.595101,0.6,0.591,0.591,13218,2022-05-27 16:19:00,GFAI
0.5945,0.5945,0.5945,0.5945,100,2022-05-27 16:20:00,GFAI
0.5932,0.5932,0.5932,0.5932,100,2022-05-27 16:21:00,GFAI
0.592,0.592,0.5912,0.5915,3946,2022-05-27 16:22:00,GFAI
0.5955,0.5955,0.5955,0.5955,1200,2022-05-27 16:23:00,GFAI
0.5955,0.6,0.5955,0.6,14803,2022-05-27 16:24:00,GFAI
0.5997,0.5997,0.5997,0.5997,100,2022-05-27 16:26:00,GFAI
0.5997,0.5997,0.5997,0.5997,432,2022-05-27 16:28:00,GFAI
0.5997,0.5997,0.5997,0.5997,200,2022-05-27 16:29:00,GFAI
0.5931,0.5995,0.5931,0.5995,5099,2022-05-27 16:31:00,GFAI
0.5996,0.5996,0.5996,0.5996,100,2022-05-27 16:32:00,GFAI
0.592,0.5955,0.592,0.5955,2835,2022-05-27 16:33:00,GFAI
0.592,0.599,0.592,0.5938,22097,2022-05-27 16:34:00,GFAI
0.5955,0.5955,0.5955,0.5955,555,2022-05-27 16:35:00,GFAI
0.592,0.5924,0.592,0.5924,2500,2022-05-27 16:36:00,GFAI
0.591,0.5911,0.591,0.5911,3050,2022-05-27 16:37:00,GFAI
0.5997,0.5997,0.591,0.591,5607,2022-05-27 16:39:00,GFAI
0.5953,0.5997,0.5953,0.5997,2100,2022-05-27 16:41:00,GFAI
0.591,0.591,0.591,0.591,100,2022-05-27 16:42:00,GFAI
0.592,0.5997,0.591,0.591,13784,2022-05-27 16:43:00,GFAI
0.5991,0.5991,0.59,0.59,1385,2022-05-27 16:46:00,GFAI
0.599099,0.599099,0.599,0.599,1100,2022-05-27 16:47:00,GFAI
0.599,0.599,0.5945,0.5989,3100,2022-05-27 16:48:00,GFAI
0.5902,0.5963,0.5902,0.5963,3100,2022-05-27 16:49:00,GFAI
0.5905,0.5905,0.5905,0.5905,100,2022-05-27 16:51:00,GFAI
0.5906,0.5906,0.59,0.59,23720,2022-05-27 16:53:00,GFAI
0.5825,0.5833,0.58,0.58,20464,2022-05-27 16:54:00,GFAI
0.595399,0.595399,0.595399,0.595399,1200,2022-05-27 16:55:00,GFAI
0.5954,0.5954,0.5904,0.5904,700,2022-05-27 16:56:00,GFAI
0.590201,0.590201,0.585,0.5851,4477,2022-05-27 16:57:00,GFAI
0.5854,0.5887,0.582,0.5887,3609,2022-05-27 16:58:00,GFAI
0.582,0.59,0.582,0.59,34013,2022-05-27 16:59:00,GFAI
0.5821,0.59,0.5821,0.59,6100,2022-05-27 17:01:00,GFAI
0.589,0.589,0.588,0.588,312,2022-05-27 17:02:00,GFAI
0.588,0.588,0.588,0.588,3000,2022-05-27 17:03:00,GFAI
0.59,0.59,0.59,0.59,100,2022-05-27 17:04:00,GFAI
0.588,0.588,0.581,0.581,2915,2022-05-27 17:05:00,GFAI
0.588001,0.59,0.588,0.588,1305,2022-05-27 17:07:00,GFAI
0.589999,0.589999,0.5899,0.5899,2332,2022-05-27 17:08:00,GFAI
0.59,0.59,0.5889,0.5889,5688,2022-05-27 17:09:00,GFAI
0.588,0.5899,0.587,0.5877,2350,2022-05-27 17:10:00,GFAI
0.5912,0.5915,0.5912,0.5915,200,2022-05-27 17:11:00,GFAI
0.5912,0.5912,0.590001,0.590001,830,2022-05-27 17:13:00,GFAI
0.59,0.5901,0.59,0.5901,2280,2022-05-27 17:14:00,GFAI
0.59,0.59,0.587,0.5873,17298,2022-05-27 17:15:00,GFAI
0.5873,0.5873,0.582,0.582,8715,2022-05-27 17:16:00,GFAI
0.5813,0.581499,0.57,0.57,67394,2022-05-27 17:17:00,GFAI
0.57,0.581999,0.57,0.575,14650,2022-05-27 17:18:00,GFAI
0.57905,0.582,0.576,0.5761,2417,2022-05-27 17:19:00,GFAI
0.582,0.5821,0.579,0.580001,11781,2022-05-27 17:20:00,GFAI
0.5821,0.5821,0.582022,0.5821,3898,2022-05-27 17:21:00,GFAI
0.582,0.5821,0.5813,0.582,1475,2022-05-27 17:22:00,GFAI
0.58105,0.5821,0.5765,0.5765,23677,2022-05-27 17:23:00,GFAI
0.5765,0.585,0.576,0.585,5691,2022-05-27 17:24:00,GFAI
0.59,0.59,0.5812,0.5822,5519,2022-05-27 17:25:00,GFAI
0.5823,0.5856,0.5812,0.5826,5319,2022-05-27 17:26:00,GFAI
0.5836,0.589,0.5835,0.589,940,2022-05-27 17:27:00,GFAI
0.5889,0.5889,0.5835,0.5836,4906,2022-05-27 17:28:00,GFAI
0.5837,0.5837,0.5835,0.5835,3259,2022-05-27 17:29:00,GFAI
0.5835,0.5835,0.5835,0.5835,100,2022-05-27 17:30:00,GFAI
0.5835,0.5835,0.5835,0.5835,100,2022-05-27 17:31:00,GFAI
0.5836,0.5836,0.5836,0.5836,1500,2022-05-27 17:32:00,GFAI
0.586,0.586,0.586,0.586,640,2022-05-27 17:33:00,GFAI
0.588899,0.59,0.587499,0.5899,20879,2022-05-27 17:34:00,GFAI
0.5899,0.5899,0.58,0.5899,52865,2022-05-27 17:35:00,GFAI
0.5899,0.59,0.5899,0.59,300,2022-05-27 17:36:00,GFAI
0.5821,0.5821,0.5821,0.5821,1200,2022-05-27 17:37:00,GFAI
0.5821,0.5821,0.5821,0.5821,734,2022-05-27 17:38:00,GFAI
0.59,0.59,0.59,0.59,12300,2022-05-27 17:39:00,GFAI
0.59,0.59,0.59,0.59,1300,2022-05-27 17:40:00,GFAI
0.589899,0.589899,0.586,0.586,5409,2022-05-27 17:41:00,GFAI
0.586,0.5875,0.586,0.5875,3071,2022-05-27 17:42:00,GFAI
0.5821,0.5821,0.5821,0.5821,2617,2022-05-27 17:43:00,GFAI
0.582201,0.5889,0.582201,0.5871,11867,2022-05-27 17:44:00,GFAI
0.588899,0.5889,0.58575,0.58575,8361,2022-05-27 17:45:00,GFAI
0.5826,0.5873,0.5825,0.5825,2679,2022-05-27 17:46:00,GFAI
0.5873,0.5877,0.5839,0.5839,2557,2022-05-27 17:49:00,GFAI
0.5832,0.5832,0.5825,0.5828,440,2022-05-27 17:50:00,GFAI
0.5824,0.5825,0.5824,0.5825,200,2022-05-27 17:51:00,GFAI
0.5826,0.5828,0.5826,0.5828,3020,2022-05-27 17:52:00,GFAI
0.5832,0.5832,0.5832,0.5832,300,2022-05-27 17:53:00,GFAI
0.5845,0.589,0.5832,0.5833,13100,2022-05-27 17:54:00,GFAI
0.5829,0.583,0.582,0.582,13400,2022-05-27 17:55:00,GFAI
0.582,0.5821,0.582,0.582,1600,2022-05-27 17:56:00,GFAI
0.58205,0.5821,0.577,0.578,28044,2022-05-27 17:57:00,GFAI
0.5775,0.5775,0.577,0.577,16041,2022-05-27 17:58:00,GFAI
0.5762,0.5762,0.5761,0.5761,1952,2022-05-27 17:59:00,GFAI
0.5761,0.5761,0.5754,0.5754,2863,2022-05-27 18:00:00,GFAI
0.5751,0.5751,0.5751,0.5751,8980,2022-05-27 18:01:00,GFAI
0.5767,0.5792,0.5753,0.5755,6108,2022-05-27 18:02:00,GFAI
0.5755,0.5756,0.5755,0.5756,1050,2022-05-27 18:03:00,GFAI
0.58,0.5838,0.575,0.5759,2050,2022-05-27 18:04:00,GFAI
0.576,0.5761,0.572901,0.5746,10050,2022-05-27 18:05:00,GFAI
0.5732,0.575,0.5729,0.572901,1758,2022-05-27 18:06:00,GFAI
0.575,0.5772,0.5741,0.5741,14205,2022-05-27 18:07:00,GFAI
0.5734,0.5734,0.5734,0.5734,2363,2022-05-27 18:08:00,GFAI
0.5734,0.58,0.5734,0.5765,1400,2022-05-27 18:09:00,GFAI
0.5765,0.5781,0.5761,0.5761,5500,2022-05-27 18:10:00,GFAI
0.583699,0.583699,0.583699,0.583699,600,2022-05-27 18:11:00,GFAI
0.5836,0.5836,0.58,0.583599,700,2022-05-27 18:13:00,GFAI
0.5811,0.5811,0.5811,0.5811,100,2022-05-27 18:14:00,GFAI
0.58,0.5801,0.5752,0.5752,1400,2022-05-27 18:15:00,GFAI
0.5799,0.5799,0.5773,0.5792,1100,2022-05-27 18:16:00,GFAI
0.5799,0.58,0.5799,0.5799,2121,2022-05-27 18:17:00,GFAI
0.575301,0.575301,0.575301,0.575301,1000,2022-05-27 18:18:00,GFAI
0.5764,0.5764,0.576099,0.576099,3980,2022-05-27 18:19:00,GFAI
0.576,0.576002,0.5721,0.5729,9632,2022-05-27 18:20:00,GFAI
0.5723,0.5723,0.5721,0.5722,3650,2022-05-27 18:21:00,GFAI
0.575,0.57805,0.575,0.57805,900,2022-05-27 18:22:00,GFAI
0.583599,0.583599,0.570999,0.571,17489,2022-05-27 18:23:00,GFAI
0.5705,0.583,0.5705,0.5767,9665,2022-05-27 18:24:00,GFAI
0.5775,0.58,0.5775,0.58,400,2022-05-27 18:27:00,GFAI
0.576,0.576,0.575,0.575,7392,2022-05-27 18:28:00,GFAI
0.575,0.5775,0.575,0.5775,800,2022-05-27 18:30:00,GFAI
0.577399,0.577399,0.5756,0.5756,9300,2022-05-27 18:32:00,GFAI
0.575,0.5762,0.575,0.5751,4990,2022-05-27 18:33:00,GFAI
0.575,0.5751,0.5738,0.5738,6830,2022-05-27 18:34:00,GFAI
0.5735,0.5775,0.5734,0.5741,6193,2022-05-27 18:35:00,GFAI
0.5741,0.5775,0.5741,0.5758,7190,2022-05-27 18:36:00,GFAI
0.5742,0.5762,0.5741,0.5762,2066,2022-05-27 18:37:00,GFAI
0.5775,0.58,0.5775,0.58,1700,2022-05-27 18:38:00,GFAI
0.5763,0.5766,0.5749,0.5749,9011,2022-05-27 18:39:00,GFAI
0.575,0.5798,0.5749,0.576,14916,2022-05-27 18:40:00,GFAI
0.576,0.5799,0.575,0.579899,6800,2022-05-27 18:41:00,GFAI
0.5774,0.5774,0.575,0.575,600,2022-05-27 18:42:00,GFAI
0.5752,0.59,0.5752,0.5823,3141,2022-05-27 18:43:00,GFAI
0.5895,0.5895,0.5895,0.5895,100,2022-05-27 18:44:00,GFAI
0.589499,0.589499,0.5885,0.5885,7043,2022-05-27 18:45:00,GFAI
0.5824,0.5854,0.5751,0.5751,12843,2022-05-27 18:46:00,GFAI
0.58,0.58,0.575,0.5756,14000,2022-05-27 18:47:00,GFAI
0.5896,0.5896,0.58,0.58,1115,2022-05-27 18:48:00,GFAI
0.575,0.58,0.575,0.5775,3071,2022-05-27 18:49:00,GFAI
0.5751,0.587,0.5751,0.587,800,2022-05-27 18:50:00,GFAI
0.5751,0.58,0.5751,0.58,8225,2022-05-27 18:51:00,GFAI
0.575101,0.575101,0.575101,0.575101,225,2022-05-27 18:53:00,GFAI
0.5799,0.5799,0.5799,0.5799,500,2022-05-27 18:54:00,GFAI
0.5799,0.5799,0.5799,0.5799,100,2022-05-27 18:55:00,GFAI
0.5784,0.5899,0.5777,0.5899,9700,2022-05-27 18:56:00,GFAI
0.5899,0.5899,0.5899,0.5899,794,2022-05-27 18:58:00,GFAI
0.5851,0.5887,0.5851,0.5887,300,2022-05-27 19:00:00,GFAI
0.588899,0.588899,0.585,0.585,700,2022-05-27 19:02:00,GFAI
0.585,0.585,0.585,0.585,2700,2022-05-27 19:03:00,GFAI
0.5845,0.5845,0.584,0.584,4631,2022-05-27 19:05:00,GFAI
0.585,0.585,0.585,0.585,100,2022-05-27 19:06:00,GFAI
0.589799,0.589799,0.582001,0.582001,400,2022-05-27 19:07:00,GFAI
0.5899,0.5899,0.589799,0.589799,200,2022-05-27 19:08:00,GFAI
0.585,0.585,0.585,0.585,500,2022-05-27 19:10:00,GFAI
0.585999,0.585999,0.575,0.5859,11340,2022-05-27 19:11:00,GFAI
0.584,0.584,0.5795,0.5795,9648,2022-05-27 19:12:00,GFAI
0.584,0.584,0.5778,0.5778,10700,2022-05-27 19:13:00,GFAI
0.5839,0.584,0.577801,0.584,2300,2022-05-27 19:14:00,GFAI
0.583899,0.583899,0.583899,0.583899,100,2022-05-27 19:15:00,GFAI
0.581,0.584,0.578101,0.581,800,2022-05-27 19:16:00,GFAI
0.581,0.5839,0.581,0.5839,2049,2022-05-27 19:17:00,GFAI
0.5839,0.584,0.578,0.584,4800,2022-05-27 19:18:00,GFAI
0.5865,0.589,0.5839,0.589,11187,2022-05-27 19:19:00,GFAI
0.5835,0.5835,0.58,0.58,500,2022-05-27 19:20:00,GFAI
0.588899,0.588899,0.58,0.588899,1650,2022-05-27 19:21:00,GFAI
0.5801,0.584499,0.5801,0.584499,600,2022-05-27 19:22:00,GFAI
0.58,0.58,0.5799,0.5799,3985,2022-05-27 19:23:00,GFAI
0.5814,0.583,0.5777,0.583,2500,2022-05-27 19:24:00,GFAI
0.585,0.585,0.58135,0.585,530,2022-05-27 19:25:00,GFAI
0.5778,0.5778,0.5778,0.5778,1000,2022-05-27 19:29:00,GFAI
0.5827,0.584,0.5827,0.5839,1000,2022-05-27 19:31:00,GFAI
0.5809,0.584,0.575,0.584,6800,2022-05-27 19:33:00,GFAI
0.5778,0.58,0.575,0.58,1143,2022-05-27 19:34:00,GFAI
0.5775,0.58,0.5749,0.5749,5600,2022-05-27 19:35:00,GFAI
0.5775,0.579999,0.575,0.579999,8710,2022-05-27 19:36:00,GFAI
0.5795,0.58,0.5791,0.58,1400,2022-05-27 19:37:00,GFAI
0.575001,0.58,0.575001,0.58,200,2022-05-27 19:38:00,GFAI
0.5751,0.5751,0.5751,0.5751,880,2022-05-27 19:39:00,GFAI
0.58,0.58,0.58,0.58,100,2022-05-27 19:40:00,GFAI
0.57745,0.58,0.5774,0.58,879,2022-05-27 19:41:00,GFAI
0.57745,0.57745,0.57745,0.57745,500,2022-05-27 19:42:00,GFAI
0.57875,0.58,0.578,0.578,2008,2022-05-27 19:43:00,GFAI
0.579899,0.579899,0.571,0.571801,5563,2022-05-27 19:44:00,GFAI
0.5808,0.5808,0.5621,0.565,56932,2022-05-27 19:45:00,GFAI
0.565,0.56535,0.55,0.56,236221,2022-05-27 19:46:00,GFAI
0.56,0.5658,0.56,0.5657,27664,2022-05-27 19:47:00,GFAI
0.5656,0.5658,0.5636,0.5658,1326,2022-05-27 19:48:00,GFAI
0.565,0.5651,0.5551,0.5619,11650,2022-05-27 19:49:00,GFAI
0.56005,0.565,0.5578,0.5584,3134,2022-05-27 19:50:00,GFAI
0.56,0.565,0.5565,0.5625,12579,2022-05-27 19:51:00,GFAI
0.56,0.565,0.56,0.565,13640,2022-05-27 19:52:00,GFAI
0.5649,0.5649,0.56,0.560101,13947,2022-05-27 19:53:00,GFAI
0.5649,0.565,0.5601,0.565,10489,2022-05-27 19:54:00,GFAI
0.5644,0.566299,0.555,0.5625,22019,2022-05-27 19:55:00,GFAI
0.56,0.565,0.555,0.5577,8443,2022-05-27 19:56:00,GFAI
0.5575,0.5613,0.5575,0.5599,19998,2022-05-27 19:57:00,GFAI
0.5647,0.5698,0.5639,0.5649,6100,2022-05-27 19:58:00,GFAI
0.567349,0.5698,0.567349,0.5698,2114,2022-05-27 19:59:00,GFAI
0.5748,0.5748,0.5748,0.5748,2925,2022-05-27 20:00:00,GFAI
0.58,0.58,0.58,0.58,6000,2022-05-27 20:02:00,GFAI
0.5796,0.5796,0.5796,0.5796,800,2022-05-27 20:03:00,GFAI
0.5796,0.5796,0.5796,0.5796,400,2022-05-27 20:06:00,GFAI
0.575,0.575,0.575,0.575,200,2022-05-27 20:08:00,GFAI
0.57,0.57,0.57,0.57,174,2022-05-27 20:09:00,GFAI
0.57,0.57,0.57,0.57,100,2022-05-27 20:10:00,GFAI
0.5689,0.5689,0.5689,0.5689,700,2022-05-27 20:13:00,GFAI
0.57,0.57,0.57,0.57,100,2022-05-27 20:14:00,GFAI
0.57,0.57,0.57,0.57,500,2022-05-27 20:17:00,GFAI
0.57,0.57,0.57,0.57,3219,2022-05-27 20:21:00,GFAI
0.57,0.57,0.57,0.57,3770,2022-05-27 20:25:00,GFAI
0.57,0.5775,0.5415,0.5775,26866,2022-05-27 20:29:00,GFAI
0.5775,0.5775,0.5775,0.5775,100,2022-05-27 20:31:00,GFAI
0.57,0.5775,0.57,0.5775,600,2022-05-27 20:32:00,GFAI
0.5775,0.5775,0.5775,0.5775,500,2022-05-27 20:34:00,GFAI
0.574,0.574,0.573,0.573,1700,2022-05-27 20:36:00,GFAI
0.57,0.57,0.57,0.57,100,2022-05-27 20:39:00,GFAI
0.57,0.57,0.57,0.57,700,2022-05-27 20:44:00,GFAI
0.57,0.57,0.57,0.57,150,2022-05-27 20:45:00,GFAI
0.57,0.57,0.57,0.57,150,2022-05-27 20:46:00,GFAI
0.57,0.57,0.57,0.57,228,2022-05-27 20:48:00,GFAI
0.57,0.57,0.57,0.57,1463,2022-05-27 20:49:00,GFAI
0.57,0.57,0.57,0.57,171,2022-05-27 20:53:00,GFAI
0.57,0.57,0.57,0.57,150,2022-05-27 20:56:00,GFAI
0.57,0.57,0.57,0.57,100,2022-05-27 20:58:00,GFAI
0.56,0.56,0.56,0.56,4200,2022-05-27 21:00:00,GFAI
0.57,0.57,0.57,0.57,126,2022-05-27 21:03:00,GFAI
0.57,0.57,0.57,0.57,100,2022-05-27 21:06:00,GFAI
0.57,0.57,0.57,0.57,100,2022-05-27 21:07:00,GFAI
0.57,0.57,0.57,0.57,5469,2022-05-27 21:15:00,GFAI
0.57,0.57,0.57,0.57,100,2022-05-27 21:16:00,GFAI
0.561,0.561,0.561,0.561,175,2022-05-27 21:20:00,GFAI
0.57,0.57,0.57,0.57,657,2022-05-27 21:24:00,GFAI
0.57,0.57,0.57,0.57,500,2022-05-27 21:30:00,GFAI
0.565,0.565,0.565,0.565,100,2022-05-27 21:36:00,GFAI
0.57,0.57,0.57,0.57,4000,2022-05-27 21:37:00,GFAI
0.57,0.57,0.57,0.57,800,2022-05-27 21:40:00,GFAI
0.57,0.57,0.57,0.57,100,2022-05-27 21:43:00,GFAI
0.57,0.57,0.57,0.57,600,2022-05-27 21:48:00,GFAI
0.5699,0.5699,0.5699,0.5699,300,2022-05-27 21:49:00,GFAI
0.5699,0.5699,0.565,0.565,907,2022-05-27 21:51:00,GFAI
0.57,0.57,0.57,0.57,383,2022-05-27 21:52:00,GFAI
0.562,0.5748,0.555,0.5748,5344,2022-05-27 21:54:00,GFAI
0.57,0.57,0.57,0.57,1003,2022-05-27 21:55:00,GFAI
0.5748,0.5748,0.5748,0.5748,350,2022-05-27 21:58:00,GFAI
0.5748,0.5748,0.5748,0.5748,700,2022-05-27 21:59:00,GFAI
0.5748,0.5748,0.5748,0.5748,1750,2022-05-27 22:02:00,GFAI
0.5748,0.5748,0.5748,0.5748,500,2022-05-27 22:17:00,GFAI
0.5748,0.5748,0.57,0.57,7229,2022-05-27 22:31:00,GFAI
0.5748,0.5748,0.5748,0.5748,100,2022-05-27 22:32:00,GFAI
0.5748,0.5748,0.57,0.57,2170,2022-05-27 22:34:00,GFAI
0.57,0.57,0.57,0.57,143,2022-05-27 22:35:00,GFAI
0.574,0.574,0.574,0.574,134,2022-05-27 22:51:00,GFAI
0.574,0.574,0.57,0.57,1417,2022-05-27 23:03:00,GFAI
0.5601,0.5601,0.5601,0.5601,3440,2022-05-27 23:15:00,GFAI
0.5748,0.5748,0.5748,0.5748,10000,2022-05-27 23:26:00,GFAI
0.563,0.563,0.562,0.562,775,2022-05-27 23:27:00,GFAI
0.5633,0.5633,0.5633,0.5633,444,2022-05-27 23:33:00,GFAI
0.5695,0.5748,0.5695,0.5748,2000,2022-05-27 23:36:00,GFAI
0.5633,0.5633,0.5633,0.5633,215,2022-05-27 23:37:00,GFAI
0.5748,0.5748,0.5748,0.5748,566,2022-05-27 23:43:00,GFAI
0.57,0.57,0.57,0.57,1714,2022-05-27 23:46:00,GFAI
0.57,0.57,0.57,0.57,5000,2022-05-27 23:48:00,GFAI
0.57,0.57,0.57,0.57,2375,2022-05-27 23:51:00,GFAI
0.5637,0.5637,0.5637,0.5637,333,2022-05-27 23:54:00,GFAI
0.5637,0.5637,0.5635,0.5635,1821,2022-05-27 23:59:00,GFAI
