open,high,low,close,volume,datetime,symbol
27.68,27.9,27.68,27.9,1772,2021-01-04 14:30:00,BOMN
27.51,27.55,27.2737,27.4077,601,2021-01-04 14:35:00,BOMN
27.56,27.56,27.56,27.56,200,2021-01-04 14:40:00,BOMN
27.59,27.7399,27.59,27.65,900,2021-01-04 14:45:00,BOMN
27.6,27.6,27.56,27.56,1600,2021-01-04 14:50:00,BOMN
27.6,27.6,27.41,27.41,834,2021-01-04 15:00:00,BOMN
27.2621,27.2621,27.2621,27.2621,200,2021-01-04 15:05:00,BOMN
27.31,27.31,27.2883,27.2883,285,2021-01-04 15:10:00,BOMN
27.48,27.48,27.48,27.48,110,2021-01-04 15:15:00,BOMN
27.44,27.48,27.29,27.29,600,2021-01-04 15:20:00,BOMN
27.2,27.47,27.2,27.47,1100,2021-01-04 15:25:00,BOMN
27.45,27.45,27.39,27.39,300,2021-01-04 15:30:00,BOMN
27.29,27.29,27.27,27.27,1189,2021-01-04 15:35:00,BOMN
27.155,27.155,27.1,27.1171,300,2021-01-04 15:40:00,BOMN
27.1419,27.1419,27.05,27.05,600,2021-01-04 15:45:00,BOMN
27.2,27.24,27.2,27.24,350,2021-01-04 15:50:00,BOMN
26.8,26.89,26.8,26.89,262,2021-01-04 15:55:00,BOMN
26.84,26.84,26.83,26.83,300,2021-01-04 16:00:00,BOMN
26.7,26.7,26.33,26.34,3800,2021-01-04 16:05:00,BOMN
26.375,26.425,26.375,26.425,300,2021-01-04 16:10:00,BOMN
26.35,26.395,26.35,26.395,10100,2021-01-04 16:20:00,BOMN
26.385,26.385,26.15,26.15,789,2021-01-04 16:25:00,BOMN
26.18,26.18,26.18,26.18,100,2021-01-04 16:30:00,BOMN
26.22,26.22,26.08,26.12,800,2021-01-04 16:35:00,BOMN
26.1703,26.3,26.1703,26.3,200,2021-01-04 16:40:00,BOMN
26.28,26.28,26.188,26.188,285,2021-01-04 16:45:00,BOMN
26.27,26.27,26.1946,26.1946,200,2021-01-04 16:50:00,BOMN
26.11,26.16,26.05,26.05,600,2021-01-04 16:55:00,BOMN
26.1,26.15,26.048,26.048,1338,2021-01-04 17:00:00,BOMN
26.01,26.01,25.63,25.95,17999,2021-01-04 17:05:00,BOMN
25.9782,25.9782,25.7681,25.7681,3288,2021-01-04 17:10:00,BOMN
25.8204,25.8204,25.27,25.4404,15275,2021-01-04 17:15:00,BOMN
25.67,25.74,25.5136,25.5136,2303,2021-01-04 17:20:00,BOMN
25.67,25.84,25.54,25.7497,2272,2021-01-04 17:25:00,BOMN
25.76,25.8,25.76,25.8,500,2021-01-04 17:35:00,BOMN
25.97,25.97,25.97,25.97,200,2021-01-04 17:45:00,BOMN
25.755,25.88,25.755,25.79,500,2021-01-04 17:55:00,BOMN
25.761,25.7983,25.737,25.7983,1189,2021-01-04 18:05:00,BOMN
25.71,25.772,25.71,25.772,343,2021-01-04 18:10:00,BOMN
25.79,25.79,25.79,25.79,100,2021-01-04 18:15:00,BOMN
25.75,25.89,25.75,25.89,1400,2021-01-04 18:20:00,BOMN
25.9823,26.1475,25.9823,26.1475,1085,2021-01-04 18:25:00,BOMN
26.15,26.2,26.007,26.2,4742,2021-01-04 18:30:00,BOMN
26.13,26.13,26.13,26.13,100,2021-01-04 18:40:00,BOMN
26.09,26.16,26.08,26.0809,645,2021-01-04 18:50:00,BOMN
26.09,26.09,26.09,26.09,200,2021-01-04 18:55:00,BOMN
26.0,26.09,26.0,26.09,817,2021-01-04 19:00:00,BOMN
26.3373,26.3373,26.3373,26.3373,400,2021-01-04 19:05:00,BOMN
26.25,26.3584,26.11,26.11,543,2021-01-04 19:20:00,BOMN
26.21,26.21,26.21,26.21,300,2021-01-04 19:25:00,BOMN
26.2154,26.2154,26.2154,26.2154,600,2021-01-04 19:40:00,BOMN
26.23,26.23,26.23,26.23,100,2021-01-04 19:55:00,BOMN
26.1201,26.22,26.12,26.22,1000,2021-01-04 20:20:00,BOMN
26.175,26.175,26.175,26.175,220,2021-01-04 20:25:00,BOMN
26.13,26.13,26.115,26.115,679,2021-01-04 20:30:00,BOMN
26.21,26.21,26.21,26.21,100,2021-01-04 20:35:00,BOMN
26.2,26.32,26.2,26.32,700,2021-01-04 20:40:00,BOMN
26.32,26.385,26.32,26.385,578,2021-01-04 20:45:00,BOMN
26.44,26.44,26.44,26.44,300,2021-01-04 20:50:00,BOMN
26.36,26.36,26.19,26.2,4331,2021-01-04 20:55:00,BOMN
26.19,26.19,26.19,26.19,10377,2021-01-04 21:00:00,BOMN
25.76,26.23,25.72,26.23,1263,2021-01-05 14:30:00,BOMN
26.2153,26.2153,26.2153,26.2153,200,2021-01-05 14:35:00,BOMN
26.3359,26.645,26.32,26.6183,815,2021-01-05 14:45:00,BOMN
26.9245,26.9245,26.665,26.665,558,2021-01-05 14:50:00,BOMN
26.465,26.465,26.465,26.465,100,2021-01-05 14:55:00,BOMN
26.6482,26.6482,26.6482,26.6482,200,2021-01-05 15:00:00,BOMN
26.63,26.63,26.63,26.63,100,2021-01-05 15:05:00,BOMN
26.4664,26.4664,26.4664,26.4664,185,2021-01-05 15:10:00,BOMN
26.5,26.5,26.5,26.5,100,2021-01-05 15:15:00,BOMN
26.5588,26.595,26.5588,26.595,700,2021-01-05 15:25:00,BOMN
26.6508,26.6508,26.6458,26.6489,3360,2021-01-05 15:50:00,BOMN
26.6,26.6,26.6,26.6,100,2021-01-05 15:55:00,BOMN
26.6295,26.6295,26.6295,26.6295,1000,2021-01-05 16:00:00,BOMN
26.61,26.7199,26.605,26.605,2000,2021-01-05 16:05:00,BOMN
26.615,26.615,26.615,26.615,100,2021-01-05 16:10:00,BOMN
26.56,26.625,26.53,26.625,500,2021-01-05 16:30:00,BOMN
26.62,26.62,26.4601,26.4601,800,2021-01-05 16:35:00,BOMN
26.58,26.58,26.58,26.58,100,2021-01-05 16:50:00,BOMN
26.605,26.605,26.605,26.605,300,2021-01-05 16:55:00,BOMN
26.5726,26.5726,26.5726,26.5726,100,2021-01-05 17:05:00,BOMN
26.5768,26.5768,26.5768,26.5768,200,2021-01-05 17:15:00,BOMN
26.55,26.55,26.55,26.55,100,2021-01-05 17:20:00,BOMN
26.53,26.53,26.53,26.53,300,2021-01-05 17:40:00,BOMN
26.558,26.558,26.558,26.558,125,2021-01-05 17:55:00,BOMN
26.545,26.79,26.545,26.7278,5257,2021-01-05 18:00:00,BOMN
26.6238,26.809,26.6238,26.809,800,2021-01-05 18:05:00,BOMN
26.81,27.0118,26.81,27.0118,6198,2021-01-05 18:10:00,BOMN
26.93,27.0127,26.93,27.0127,708,2021-01-05 18:20:00,BOMN
26.91,26.91,26.91,26.91,100,2021-01-05 18:25:00,BOMN
27.03,27.035,26.95,27.035,670,2021-01-05 18:35:00,BOMN
27.0655,27.0655,27.0655,27.0655,800,2021-01-05 18:45:00,BOMN
27.0465,27.0465,27.0465,27.0465,200,2021-01-05 18:50:00,BOMN
27.12,27.23,27.12,27.23,600,2021-01-05 19:00:00,BOMN
27.31,27.46,27.31,27.46,400,2021-01-05 19:05:00,BOMN
27.34,27.47,27.34,27.47,1116,2021-01-05 19:10:00,BOMN
27.475,27.475,27.37,27.37,711,2021-01-05 19:15:00,BOMN
27.345,27.345,27.345,27.345,100,2021-01-05 19:20:00,BOMN
27.19,27.19,27.19,27.19,100,2021-01-05 19:25:00,BOMN
27.2315,27.2315,27.2315,27.2315,500,2021-01-05 19:30:00,BOMN
27.26,27.2981,27.26,27.2981,2086,2021-01-05 19:35:00,BOMN
27.21,27.29,27.21,27.29,400,2021-01-05 19:40:00,BOMN
27.35,27.51,27.35,27.51,1600,2021-01-05 19:45:00,BOMN
27.46,27.46,27.46,27.46,200,2021-01-05 19:50:00,BOMN
27.5423,27.5423,27.45,27.45,757,2021-01-05 19:55:00,BOMN
27.345,27.345,27.345,27.345,100,2021-01-05 20:00:00,BOMN
27.44,27.44,27.44,27.44,300,2021-01-05 20:10:00,BOMN
27.39,27.4644,27.39,27.4644,281,2021-01-05 20:15:00,BOMN
27.53,27.53,27.39,27.39,200,2021-01-05 20:20:00,BOMN
27.447,27.48,27.38,27.39,1080,2021-01-05 20:25:00,BOMN
27.32,27.32,27.32,27.32,430,2021-01-05 20:30:00,BOMN
27.4,27.4,27.4,27.4,100,2021-01-05 20:35:00,BOMN
27.4197,27.51,27.41,27.41,524,2021-01-05 20:40:00,BOMN
27.29,27.3937,27.29,27.3937,800,2021-01-05 20:45:00,BOMN
27.35,27.36,27.35,27.36,200,2021-01-05 20:50:00,BOMN
27.265,27.42,27.18,27.41,11209,2021-01-05 20:55:00,BOMN
27.29,27.29,27.29,27.29,7016,2021-01-05 21:00:00,BOMN
26.81,27.56,26.81,27.56,1981,2021-01-06 14:30:00,BOMN
27.585,27.6631,27.585,27.6631,412,2021-01-06 14:35:00,BOMN
27.98,28.16,27.98,28.16,2779,2021-01-06 14:45:00,BOMN
28.0619,28.2,28.0619,28.2,1300,2021-01-06 14:50:00,BOMN
28.1398,28.1562,28.1398,28.1562,332,2021-01-06 14:55:00,BOMN
28.04,28.04,27.78,27.92,1253,2021-01-06 15:00:00,BOMN
28.0599,28.0599,27.75,27.75,1600,2021-01-06 15:05:00,BOMN
27.8666,27.8666,27.8666,27.8666,578,2021-01-06 15:10:00,BOMN
28.04,28.04,27.77,27.77,250,2021-01-06 15:20:00,BOMN
27.85,27.91,27.85,27.91,200,2021-01-06 15:25:00,BOMN
27.8529,27.95,27.8529,27.87,3010,2021-01-06 15:30:00,BOMN
28.0777,28.0777,28.0777,28.0777,112,2021-01-06 15:35:00,BOMN
27.9973,27.9973,27.9973,27.9973,305,2021-01-06 15:40:00,BOMN
27.91,27.91,27.75,27.85,883,2021-01-06 15:45:00,BOMN
27.8152,27.8152,27.76,27.77,2163,2021-01-06 15:50:00,BOMN
27.82,27.92,27.82,27.8211,325,2021-01-06 16:00:00,BOMN
27.91,27.91,27.91,27.91,200,2021-01-06 16:05:00,BOMN
27.9,27.92,27.9,27.92,700,2021-01-06 16:10:00,BOMN
28.07,28.18,27.97,27.97,2018,2021-01-06 16:15:00,BOMN
28.01,28.02,27.97,27.97,1300,2021-01-06 16:20:00,BOMN
28.0,28.0,28.0,28.0,500,2021-01-06 16:25:00,BOMN
27.999,27.999,27.91,27.91,774,2021-01-06 16:30:00,BOMN
27.92,27.92,27.75,27.75,1080,2021-01-06 16:35:00,BOMN
27.97,28.03,27.945,28.03,1175,2021-01-06 16:50:00,BOMN
28.03,28.04,28.03,28.03,400,2021-01-06 16:55:00,BOMN
28.14,28.14,28.14,28.14,100,2021-01-06 17:00:00,BOMN
28.02,28.02,28.02,28.02,100,2021-01-06 17:05:00,BOMN
28.14,28.14,27.87,27.975,2800,2021-01-06 17:15:00,BOMN
27.9686,28.03,27.95,27.95,800,2021-01-06 17:20:00,BOMN
28.0,28.0,27.8412,28.0,600,2021-01-06 17:35:00,BOMN
28.0,28.1164,27.83,27.83,5731,2021-01-06 17:40:00,BOMN
27.8,27.95,27.8,27.95,300,2021-01-06 17:50:00,BOMN
27.96,27.96,27.96,27.96,100,2021-01-06 17:55:00,BOMN
27.86,27.86,27.75,27.75,300,2021-01-06 18:00:00,BOMN
27.7624,27.8601,27.75,27.8601,750,2021-01-06 18:05:00,BOMN
27.79,27.79,27.79,27.79,200,2021-01-06 18:10:00,BOMN
27.87,27.88,27.82,27.82,800,2021-01-06 18:20:00,BOMN
27.87,27.9073,27.82,27.9073,300,2021-01-06 18:25:00,BOMN
27.9,27.9,27.85,27.895,400,2021-01-06 18:30:00,BOMN
27.8267,27.8267,27.8267,27.8267,100,2021-01-06 18:35:00,BOMN
27.93,28.04,27.93,27.93,400,2021-01-06 18:40:00,BOMN
28.005,28.005,27.885,27.885,600,2021-01-06 18:45:00,BOMN
27.96,27.96,27.76,27.76,200,2021-01-06 18:50:00,BOMN
27.78,27.8922,27.78,27.87,350,2021-01-06 19:10:00,BOMN
27.88,27.88,27.79,27.79,300,2021-01-06 19:15:00,BOMN
27.55,27.86,27.55,27.86,200,2021-01-06 19:20:00,BOMN
27.64,27.81,27.5,27.81,300,2021-01-06 19:25:00,BOMN
27.5,27.5,27.5,27.5,100,2021-01-06 19:30:00,BOMN
27.51,27.51,27.5,27.5,320,2021-01-06 19:40:00,BOMN
27.36,27.36,27.36,27.36,300,2021-01-06 19:45:00,BOMN
27.095,27.095,27.095,27.095,100,2021-01-06 19:50:00,BOMN
27.31,27.45,27.31,27.45,400,2021-01-06 19:55:00,BOMN
27.4,27.48,27.38,27.38,800,2021-01-06 20:00:00,BOMN
27.41,27.47,27.39,27.4122,700,2021-01-06 20:05:00,BOMN
27.4894,27.535,27.4894,27.535,265,2021-01-06 20:10:00,BOMN
27.53,27.6,27.53,27.55,700,2021-01-06 20:15:00,BOMN
27.535,27.535,27.49,27.49,274,2021-01-06 20:20:00,BOMN
27.48,27.58,27.48,27.49,900,2021-01-06 20:25:00,BOMN
27.443,27.45,27.4,27.4,1000,2021-01-06 20:30:00,BOMN
27.46,27.46,27.32,27.385,1986,2021-01-06 20:35:00,BOMN
27.385,27.385,27.3201,27.385,2253,2021-01-06 20:40:00,BOMN
27.4,27.44,27.4,27.44,1000,2021-01-06 20:45:00,BOMN
27.51,27.6,27.4,27.45,2117,2021-01-06 20:50:00,BOMN
27.46,27.52,27.35,27.5,4535,2021-01-06 20:55:00,BOMN
27.5,27.5,27.5,27.5,10135,2021-01-06 21:00:00,BOMN
27.0,27.0,27.0,27.0,100,2021-01-06 21:30:00,BOMN
27.5001,27.5001,27.5001,27.5001,100,2021-01-07 14:15:00,BOMN
27.58,27.8825,27.58,27.8825,3719,2021-01-07 14:30:00,BOMN
27.5,27.52,27.5,27.52,200,2021-01-07 14:35:00,BOMN
27.53,27.53,27.464,27.5,1200,2021-01-07 14:40:00,BOMN
27.64,27.9,27.64,27.9,350,2021-01-07 14:45:00,BOMN
27.76,27.76,27.6998,27.6998,378,2021-01-07 14:50:00,BOMN
27.445,27.9,27.445,27.8,1300,2021-01-07 14:55:00,BOMN
27.9584,27.9584,27.9584,27.9584,200,2021-01-07 15:00:00,BOMN
28.0,28.0,28.0,28.0,1000,2021-01-07 15:05:00,BOMN
28.1032,28.1032,28.1032,28.1032,150,2021-01-07 15:10:00,BOMN
28.0819,28.0819,28.0819,28.0819,180,2021-01-07 15:25:00,BOMN
28.0,28.0073,28.0,28.0073,1600,2021-01-07 15:30:00,BOMN
27.76,27.76,27.76,27.76,100,2021-01-07 15:40:00,BOMN
27.805,27.805,27.7294,27.7294,372,2021-01-07 16:10:00,BOMN
27.7744,27.7744,27.7744,27.7744,110,2021-01-07 16:15:00,BOMN
27.7469,27.7471,27.41,27.41,4500,2021-01-07 16:25:00,BOMN
27.4,27.4,27.251,27.251,200,2021-01-07 16:30:00,BOMN
27.32,27.365,27.255,27.365,3172,2021-01-07 16:35:00,BOMN
27.2,27.2854,26.7,26.7,11931,2021-01-07 16:40:00,BOMN
26.805,26.92,26.7,26.87,1117,2021-01-07 16:45:00,BOMN
26.915,26.915,26.915,26.915,100,2021-01-07 16:50:00,BOMN
26.97,27.07,26.97,27.07,1350,2021-01-07 16:55:00,BOMN
27.1011,27.1011,27.1011,27.1011,220,2021-01-07 17:00:00,BOMN
27.1,27.1,27.035,27.035,300,2021-01-07 17:10:00,BOMN
27.1,27.13,27.1,27.13,549,2021-01-07 17:25:00,BOMN
27.164,27.164,27.164,27.164,100,2021-01-07 17:30:00,BOMN
27.12,27.12,26.9332,26.9332,2861,2021-01-07 17:35:00,BOMN
27.0054,27.0054,27.0054,27.0054,186,2021-01-07 17:40:00,BOMN
27.005,27.005,27.005,27.005,200,2021-01-07 17:50:00,BOMN
27.09,27.09,26.9234,27.0118,2549,2021-01-07 17:55:00,BOMN
27.1401,27.1401,27.1401,27.1401,183,2021-01-07 18:00:00,BOMN
27.24,27.24,27.24,27.24,125,2021-01-07 18:05:00,BOMN
27.23,27.23,27.23,27.23,100,2021-01-07 18:10:00,BOMN
27.125,27.125,27.125,27.125,250,2021-01-07 18:20:00,BOMN
27.12,27.12,27.12,27.12,1105,2021-01-07 18:25:00,BOMN
27.22,27.22,27.22,27.22,200,2021-01-07 18:30:00,BOMN
27.23,27.315,27.23,27.315,300,2021-01-07 18:45:00,BOMN
27.225,27.33,27.225,27.267,900,2021-01-07 18:50:00,BOMN
27.3214,27.3214,27.25,27.25,350,2021-01-07 19:00:00,BOMN
27.15,27.15,27.05,27.05,700,2021-01-07 19:05:00,BOMN
27.1749,27.1749,27.1,27.1,227,2021-01-07 19:25:00,BOMN
27.22,27.22,27.22,27.22,100,2021-01-07 19:30:00,BOMN
27.2,27.2,27.155,27.155,800,2021-01-07 19:35:00,BOMN
27.15,27.16,27.15,27.16,200,2021-01-07 19:45:00,BOMN
27.308,27.308,27.308,27.308,100,2021-01-07 19:55:00,BOMN
27.13,27.13,27.13,27.13,100,2021-01-07 20:00:00,BOMN
27.1101,27.1101,27.1101,27.1101,178,2021-01-07 20:05:00,BOMN
27.29,27.29,27.29,27.29,100,2021-01-07 20:10:00,BOMN
27.14,27.2089,27.14,27.2089,1100,2021-01-07 20:15:00,BOMN
27.15,27.22,27.1432,27.1432,1697,2021-01-07 20:20:00,BOMN
27.25,27.26,27.25,27.26,200,2021-01-07 20:30:00,BOMN
27.25,27.29,27.25,27.26,400,2021-01-07 20:35:00,BOMN
27.275,27.32,27.183,27.183,1400,2021-01-07 20:40:00,BOMN
27.28,27.28,27.28,27.28,312,2021-01-07 20:45:00,BOMN
27.255,27.255,27.255,27.255,200,2021-01-07 20:50:00,BOMN
27.32,27.32,27.24,27.25,2202,2021-01-07 20:55:00,BOMN
27.27,27.27,27.27,27.27,6883,2021-01-07 21:00:00,BOMN
26.98,26.98,26.98,26.98,100,2021-01-08 12:30:00,BOMN
27.1466,27.4,27.1466,27.37,1379,2021-01-08 14:30:00,BOMN
27.28,27.31,26.9,26.91,1530,2021-01-08 14:35:00,BOMN
26.88,26.97,26.88,26.97,600,2021-01-08 14:40:00,BOMN
26.78,26.87,26.56,26.765,3094,2021-01-08 14:45:00,BOMN
26.77,26.8,26.6301,26.73,6611,2021-01-08 14:50:00,BOMN
26.66,26.69,26.63,26.64,2610,2021-01-08 14:55:00,BOMN
26.5539,26.6318,26.54,26.6318,926,2021-01-08 15:00:00,BOMN
26.5501,26.5502,26.52,26.52,1877,2021-01-08 15:05:00,BOMN
26.7,26.7,26.7,26.7,100,2021-01-08 15:10:00,BOMN
26.54,26.54,26.33,26.4799,4311,2021-01-08 15:15:00,BOMN
26.22,26.23,26.12,26.21,1600,2021-01-08 15:20:00,BOMN
26.3334,26.335,26.13,26.155,550,2021-01-08 15:25:00,BOMN
26.1627,26.1627,26.0111,26.1091,2121,2021-01-08 15:30:00,BOMN
26.1401,26.29,26.1401,26.29,782,2021-01-08 15:35:00,BOMN
26.27,26.3635,26.27,26.3635,300,2021-01-08 15:40:00,BOMN
26.275,26.3,26.275,26.3,900,2021-01-08 15:45:00,BOMN
26.34,26.35,26.34,26.35,400,2021-01-08 15:55:00,BOMN
26.44,26.44,26.3848,26.44,400,2021-01-08 16:00:00,BOMN
26.455,26.455,26.455,26.455,716,2021-01-08 16:10:00,BOMN
26.42,26.42,26.41,26.4115,338,2021-01-08 16:15:00,BOMN
26.3758,26.3758,26.3758,26.3758,170,2021-01-08 16:20:00,BOMN
26.4,26.4,26.35,26.35,800,2021-01-08 16:30:00,BOMN
26.3247,26.4077,26.3247,26.4077,275,2021-01-08 16:35:00,BOMN
26.3,26.3,26.3,26.3,504,2021-01-08 16:45:00,BOMN
26.4,26.4,26.29,26.29,900,2021-01-08 17:00:00,BOMN
26.3044,26.3044,26.29,26.29,300,2021-01-08 17:10:00,BOMN
26.4,26.4,26.39,26.4,300,2021-01-08 17:15:00,BOMN
26.3999,26.62,26.36,26.62,12624,2021-01-08 17:20:00,BOMN
26.6774,26.6774,26.6774,26.6774,200,2021-01-08 17:35:00,BOMN
26.75,26.86,26.75,26.7607,451,2021-01-08 17:40:00,BOMN
26.7697,26.7697,26.7697,26.7697,100,2021-01-08 17:55:00,BOMN
26.71,26.71,26.71,26.71,100,2021-01-08 18:00:00,BOMN
26.775,26.7763,26.7,26.7763,1090,2021-01-08 18:05:00,BOMN
26.69,26.69,26.41,26.41,650,2021-01-08 18:20:00,BOMN
26.44,26.44,26.44,26.44,100,2021-01-08 18:25:00,BOMN
26.47,26.47,26.47,26.47,100,2021-01-08 18:30:00,BOMN
26.34,26.48,26.34,26.48,500,2021-01-08 18:35:00,BOMN
26.39,26.39,26.32,26.32,300,2021-01-08 18:45:00,BOMN
26.45,26.546,26.45,26.47,400,2021-01-08 18:50:00,BOMN
26.43,26.43,26.43,26.43,400,2021-01-08 18:55:00,BOMN
26.39,26.46,26.39,26.42,720,2021-01-08 19:00:00,BOMN
26.474,26.474,26.474,26.474,300,2021-01-08 19:05:00,BOMN
26.55,26.56,26.47,26.56,507,2021-01-08 19:10:00,BOMN
26.53,26.53,26.53,26.53,200,2021-01-08 19:30:00,BOMN
26.68,26.77,26.53,26.59,5430,2021-01-08 19:35:00,BOMN
26.58,26.58,26.58,26.58,100,2021-01-08 19:40:00,BOMN
26.67,26.67,26.67,26.67,250,2021-01-08 19:45:00,BOMN
26.63,26.63,26.5,26.5,700,2021-01-08 19:50:00,BOMN
26.75,26.8,26.75,26.8,400,2021-01-08 20:05:00,BOMN
26.7232,26.73,26.7232,26.73,600,2021-01-08 20:10:00,BOMN
26.8699,26.8699,26.8699,26.8699,152,2021-01-08 20:15:00,BOMN
26.7,26.7,26.7,26.7,100,2021-01-08 20:20:00,BOMN
26.785,26.785,26.785,26.785,250,2021-01-08 20:25:00,BOMN
26.72,26.72,26.72,26.72,100,2021-01-08 20:30:00,BOMN
26.71,26.73,26.6,26.67,2293,2021-01-08 20:35:00,BOMN
26.75,26.775,26.75,26.775,663,2021-01-08 20:40:00,BOMN
26.71,26.71,26.71,26.71,100,2021-01-08 20:45:00,BOMN
26.87,26.87,26.74,26.74,900,2021-01-08 20:50:00,BOMN
26.79,26.8,26.68,26.71,2649,2021-01-08 20:55:00,BOMN
26.71,26.71,26.71,26.71,4505,2021-01-08 21:00:00,BOMN
26.261,26.261,26.261,26.261,100,2021-01-11 13:50:00,BOMN
26.2,26.25,26.2,26.2,671,2021-01-11 14:25:00,BOMN
26.02,26.6,26.02,26.6,5749,2021-01-11 14:30:00,BOMN
26.4,26.7051,26.18,26.35,3479,2021-01-11 14:35:00,BOMN
26.2,26.2,26.2,26.2,300,2021-01-11 14:40:00,BOMN
26.4,26.77,26.4,26.77,1200,2021-01-11 14:45:00,BOMN
26.5,26.655,26.5,26.655,1850,2021-01-11 14:50:00,BOMN
26.56,26.7,26.54,26.6637,1534,2021-01-11 14:55:00,BOMN
26.64,26.75,26.64,26.75,1100,2021-01-11 15:00:00,BOMN
26.5901,26.7499,26.59,26.6507,2027,2021-01-11 15:05:00,BOMN
26.75,26.75,26.725,26.725,1050,2021-01-11 15:10:00,BOMN
26.84,26.865,26.84,26.865,358,2021-01-11 15:15:00,BOMN
26.8971,26.8971,26.8971,26.8971,120,2021-01-11 15:20:00,BOMN
26.886,26.9685,26.78,26.9,3891,2021-01-11 15:30:00,BOMN
26.88,26.88,26.88,26.88,375,2021-01-11 15:35:00,BOMN
26.8996,26.94,26.8996,26.94,1826,2021-01-11 15:50:00,BOMN
26.87,26.89,26.82,26.82,700,2021-01-11 15:55:00,BOMN
26.76,26.78,26.73,26.73,700,2021-01-11 16:05:00,BOMN
26.64,26.64,26.44,26.44,1100,2021-01-11 16:10:00,BOMN
26.44,26.44,26.4,26.4,716,2021-01-11 16:15:00,BOMN
26.43,26.43,26.3552,26.3552,2520,2021-01-11 16:20:00,BOMN
26.43,26.43,26.415,26.415,824,2021-01-11 16:25:00,BOMN
26.4,26.42,26.38,26.42,550,2021-01-11 16:30:00,BOMN
26.419,26.419,26.41,26.41,400,2021-01-11 16:35:00,BOMN
26.43,26.43,26.395,26.4,500,2021-01-11 16:45:00,BOMN
26.37,26.37,26.3584,26.3584,587,2021-01-11 16:50:00,BOMN
26.37,26.37,26.29,26.29,300,2021-01-11 16:55:00,BOMN
26.29,26.29,26.17,26.17,1382,2021-01-11 17:00:00,BOMN
26.2,26.2,26.2,26.2,500,2021-01-11 17:05:00,BOMN
26.29,26.29,26.29,26.29,100,2021-01-11 17:15:00,BOMN
26.29,26.29,26.27,26.28,300,2021-01-11 17:20:00,BOMN
26.2101,26.2101,26.21,26.2101,800,2021-01-11 17:30:00,BOMN
26.08,26.2,26.06,26.06,755,2021-01-11 17:35:00,BOMN
26.16,26.16,26.16,26.16,100,2021-01-11 17:45:00,BOMN
26.1513,26.1513,26.1513,26.1513,200,2021-01-11 17:50:00,BOMN
26.18,26.18,26.15,26.15,500,2021-01-11 18:00:00,BOMN
26.2,26.2,26.19,26.19,200,2021-01-11 18:05:00,BOMN
26.24,26.24,26.205,26.205,200,2021-01-11 18:10:00,BOMN
26.16,26.16,26.125,26.125,2337,2021-01-11 18:15:00,BOMN
26.16,26.23,26.16,26.23,300,2021-01-11 18:25:00,BOMN
26.11,26.15,26.11,26.15,500,2021-01-11 18:30:00,BOMN
26.17,26.17,26.15,26.15,1100,2021-01-11 18:35:00,BOMN
26.1132,26.125,26.1,26.125,652,2021-01-11 18:45:00,BOMN
26.125,26.125,26.125,26.125,100,2021-01-11 18:50:00,BOMN
26.18,26.26,26.16,26.26,700,2021-01-11 18:55:00,BOMN
26.21,26.21,26.2,26.2,700,2021-01-11 19:15:00,BOMN
26.215,26.215,26.215,26.215,200,2021-01-11 19:20:00,BOMN
26.15,26.15,26.15,26.15,200,2021-01-11 19:30:00,BOMN
26.18,26.2,26.18,26.2,400,2021-01-11 19:35:00,BOMN
26.16,26.17,26.15,26.17,300,2021-01-11 19:40:00,BOMN
26.16,26.16,26.13,26.13,200,2021-01-11 19:45:00,BOMN
26.12,26.15,26.12,26.13,800,2021-01-11 19:50:00,BOMN
26.17,26.17,26.17,26.17,140,2021-01-11 19:55:00,BOMN
26.2299,26.23,26.21,26.21,414,2021-01-11 20:00:00,BOMN
26.15,26.175,26.13,26.175,714,2021-01-11 20:05:00,BOMN
26.12,26.1532,26.1,26.14,1731,2021-01-11 20:10:00,BOMN
26.11,26.11,26.11,26.11,200,2021-01-11 20:15:00,BOMN
26.1,26.1,26.1,26.1,100,2021-01-11 20:20:00,BOMN
26.09,26.12,26.09,26.1,700,2021-01-11 20:25:00,BOMN
26.12,26.13,26.09,26.09,700,2021-01-11 20:30:00,BOMN
26.09,26.18,26.09,26.1203,2637,2021-01-11 20:35:00,BOMN
26.04,26.04,25.95,25.95,1200,2021-01-11 20:40:00,BOMN
25.91,26.015,25.91,25.96,1000,2021-01-11 20:45:00,BOMN
26.0,26.15,26.0,26.01,2254,2021-01-11 20:50:00,BOMN
26.11,26.11,25.95,26.03,1500,2021-01-11 20:55:00,BOMN
25.98,25.98,25.98,25.98,4738,2021-01-11 21:00:00,BOMN
26.1,26.1,26.1,26.1,1142,2021-01-12 14:30:00,BOMN
26.5,26.5,26.1,26.1,2140,2021-01-12 14:35:00,BOMN
26.225,26.225,26.12,26.12,400,2021-01-12 14:40:00,BOMN
26.12,26.12,26.12,26.12,100,2021-01-12 14:45:00,BOMN
26.04,26.06,26.03,26.06,300,2021-01-12 14:55:00,BOMN
26.03,26.03,26.03,26.03,100,2021-01-12 15:00:00,BOMN
26.2,26.2,25.96,25.96,422,2021-01-12 15:15:00,BOMN
25.95,25.95,25.95,25.95,600,2021-01-12 15:25:00,BOMN
25.905,25.905,25.905,25.905,115,2021-01-12 15:30:00,BOMN
25.9,25.9,25.82,25.82,700,2021-01-12 15:40:00,BOMN
25.91,25.94,25.91,25.94,600,2021-01-12 15:45:00,BOMN
25.99,26.15,25.99,26.15,1696,2021-01-12 15:50:00,BOMN
26.0201,26.135,26.0201,26.135,600,2021-01-12 16:00:00,BOMN
26.04,26.04,26.04,26.04,397,2021-01-12 16:05:00,BOMN
26.1116,26.1116,26.1116,26.1116,150,2021-01-12 16:10:00,BOMN
26.23,26.23,26.23,26.23,100,2021-01-12 16:15:00,BOMN
26.1001,26.1869,26.1001,26.1869,833,2021-01-12 16:20:00,BOMN
26.2084,26.31,26.2084,26.31,481,2021-01-12 16:25:00,BOMN
26.2,26.2,26.2,26.2,100,2021-01-12 16:35:00,BOMN
26.32,26.32,26.32,26.32,100,2021-01-12 16:40:00,BOMN
26.21,26.25,26.19,26.25,2470,2021-01-12 16:45:00,BOMN
26.2,26.2,26.2,26.2,150,2021-01-12 16:50:00,BOMN
26.12,26.12,26.04,26.08,1100,2021-01-12 17:05:00,BOMN
26.02,26.05,26.0,26.0,1300,2021-01-12 17:10:00,BOMN
25.9748,26.025,25.96,25.96,1100,2021-01-12 17:20:00,BOMN
25.84,25.84,25.84,25.84,100,2021-01-12 17:25:00,BOMN
26.06,26.06,26.06,26.06,450,2021-01-12 17:45:00,BOMN
26.15,26.15,25.94,26.065,1550,2021-01-12 17:50:00,BOMN
25.92,26.015,25.85,25.85,600,2021-01-12 18:05:00,BOMN
25.83,26.14,25.83,26.14,250,2021-01-12 18:10:00,BOMN
25.975,25.975,25.975,25.975,100,2021-01-12 18:20:00,BOMN
25.93,25.93,25.84,25.84,500,2021-01-12 18:35:00,BOMN
25.915,25.915,25.915,25.915,100,2021-01-12 18:50:00,BOMN
25.8301,25.915,25.8301,25.915,1000,2021-01-12 18:55:00,BOMN
25.8979,25.9799,25.8979,25.925,513,2021-01-12 19:00:00,BOMN
25.91,25.91,25.91,25.91,500,2021-01-12 19:05:00,BOMN
25.87,25.87,25.87,25.87,100,2021-01-12 19:15:00,BOMN
25.94,25.94,25.94,25.94,100,2021-01-12 19:25:00,BOMN
26.09,26.09,26.09,26.09,218,2021-01-12 19:40:00,BOMN
25.91,25.91,25.872,25.89,950,2021-01-12 19:45:00,BOMN
26.0,26.0,26.0,26.0,100,2021-01-12 19:55:00,BOMN
25.99,25.99,25.99,25.99,100,2021-01-12 20:00:00,BOMN
25.99,26.08,25.96,25.9616,3129,2021-01-12 20:05:00,BOMN
26.0,26.045,26.0,26.045,600,2021-01-12 20:10:00,BOMN
26.1,26.1,26.03,26.03,200,2021-01-12 20:15:00,BOMN
26.007,26.007,26.007,26.007,126,2021-01-12 20:20:00,BOMN
26.015,26.07,26.015,26.07,510,2021-01-12 20:25:00,BOMN
26.1,26.1,25.99,25.99,1000,2021-01-12 20:30:00,BOMN
26.14,26.14,26.065,26.137,634,2021-01-12 20:35:00,BOMN
26.12,26.14,26.0,26.0,2530,2021-01-12 20:40:00,BOMN
26.045,26.1115,26.045,26.1115,440,2021-01-12 20:45:00,BOMN
26.1,26.177,25.98,26.03,2000,2021-01-12 20:50:00,BOMN
26.03,26.05,25.95,26.01,2104,2021-01-12 20:55:00,BOMN
25.98,25.98,25.98,25.98,7358,2021-01-12 21:00:00,BOMN
25.84,26.259,25.84,26.259,1141,2021-01-13 14:30:00,BOMN
26.14,26.14,26.14,26.14,100,2021-01-13 14:55:00,BOMN
25.9447,25.9447,25.9447,25.9447,200,2021-01-13 15:00:00,BOMN
25.9,25.9,25.9,25.9,600,2021-01-13 15:15:00,BOMN
25.915,25.915,25.8468,25.915,620,2021-01-13 15:20:00,BOMN
25.9873,25.9885,25.8401,25.8401,1195,2021-01-13 15:25:00,BOMN
25.98,25.98,25.68,25.68,1172,2021-01-13 15:35:00,BOMN
25.64,25.64,25.6267,25.6267,200,2021-01-13 15:40:00,BOMN
25.6871,25.6871,25.6871,25.6871,135,2021-01-13 15:50:00,BOMN
25.5945,25.5945,25.5878,25.5878,350,2021-01-13 15:55:00,BOMN
25.514,25.514,25.34,25.378,2275,2021-01-13 16:05:00,BOMN
25.43,25.43,25.38,25.38,1134,2021-01-13 16:15:00,BOMN
25.42,25.42,25.42,25.42,100,2021-01-13 16:25:00,BOMN
25.5099,25.52,25.5099,25.52,390,2021-01-13 16:45:00,BOMN
25.46,25.46,25.46,25.46,200,2021-01-13 16:50:00,BOMN
25.315,25.315,25.26,25.26,300,2021-01-13 16:55:00,BOMN
25.28,25.3,25.27,25.27,700,2021-01-13 17:20:00,BOMN
25.27,25.3,25.27,25.3,1092,2021-01-13 17:25:00,BOMN
25.41,25.41,25.41,25.41,410,2021-01-13 17:30:00,BOMN
25.4,25.4,25.4,25.4,500,2021-01-13 17:40:00,BOMN
25.5116,25.5116,25.5116,25.5116,200,2021-01-13 17:50:00,BOMN
25.47,25.47,25.47,25.47,300,2021-01-13 17:55:00,BOMN
25.44,25.44,25.44,25.44,100,2021-01-13 18:00:00,BOMN
25.37,25.37,25.37,25.37,100,2021-01-13 18:05:00,BOMN
25.5079,25.55,25.495,25.495,1131,2021-01-13 18:10:00,BOMN
25.6,25.6,25.6,25.6,187,2021-01-13 18:15:00,BOMN
25.6572,25.6572,25.6572,25.6572,100,2021-01-13 18:20:00,BOMN
25.61,25.61,25.61,25.61,300,2021-01-13 18:25:00,BOMN
25.56,25.56,25.56,25.56,300,2021-01-13 18:35:00,BOMN
25.64,25.6971,25.62,25.62,791,2021-01-13 18:40:00,BOMN
25.633,25.633,25.57,25.57,3100,2021-01-13 18:55:00,BOMN
25.5534,25.5534,25.52,25.52,300,2021-01-13 19:10:00,BOMN
25.52,25.52,25.52,25.52,300,2021-01-13 19:15:00,BOMN
25.5,25.5,25.5,25.5,100,2021-01-13 19:20:00,BOMN
25.58,25.59,25.565,25.565,317,2021-01-13 19:25:00,BOMN
25.5469,25.5469,25.5469,25.5469,120,2021-01-13 19:35:00,BOMN
25.6068,25.6068,25.55,25.55,250,2021-01-13 19:40:00,BOMN
25.555,25.555,25.529,25.529,300,2021-01-13 19:50:00,BOMN
25.5799,25.5799,25.5799,25.5799,242,2021-01-13 20:00:00,BOMN
25.5469,25.5469,25.47,25.515,550,2021-01-13 20:05:00,BOMN
25.56,25.56,25.56,25.56,100,2021-01-13 20:15:00,BOMN
25.62,25.62,25.56,25.56,649,2021-01-13 20:25:00,BOMN
25.5976,25.5976,25.573,25.573,485,2021-01-13 20:30:00,BOMN
25.66,25.66,25.64,25.64,300,2021-01-13 20:35:00,BOMN
25.645,25.77,25.645,25.71,1340,2021-01-13 20:40:00,BOMN
25.74,25.74,25.63,25.68,907,2021-01-13 20:50:00,BOMN
25.68,25.72,25.6,25.72,951,2021-01-13 20:55:00,BOMN
25.68,25.68,25.68,25.68,7046,2021-01-13 21:00:00,BOMN
25.81,25.81,25.35,25.735,1037,2021-01-14 14:30:00,BOMN
25.4059,25.4059,25.4059,25.4059,250,2021-01-14 14:35:00,BOMN
25.4,25.4,25.4,25.4,100,2021-01-14 14:40:00,BOMN
25.885,25.885,25.69,25.75,618,2021-01-14 14:45:00,BOMN
25.75,26.11,25.7001,25.7001,1800,2021-01-14 14:50:00,BOMN
25.87,25.95,25.87,25.95,200,2021-01-14 14:55:00,BOMN
25.9652,25.9652,25.86,25.87,756,2021-01-14 15:00:00,BOMN
26.0,26.0,25.9721,25.9721,1443,2021-01-14 15:05:00,BOMN
25.93,26.08,25.93,26.08,784,2021-01-14 15:10:00,BOMN
26.1953,26.2228,26.04,26.2228,1142,2021-01-14 15:25:00,BOMN
26.2027,26.2027,26.2027,26.2027,100,2021-01-14 15:35:00,BOMN
26.06,26.06,26.06,26.06,500,2021-01-14 15:40:00,BOMN
26.15,26.15,26.15,26.15,100,2021-01-14 15:55:00,BOMN
26.0,26.0647,26.0,26.0647,292,2021-01-14 16:05:00,BOMN
26.06,26.06,26.06,26.06,180,2021-01-14 16:20:00,BOMN
26.0322,26.115,26.0101,26.115,2600,2021-01-14 16:35:00,BOMN
25.99,25.99,25.99,25.99,140,2021-01-14 16:40:00,BOMN
26.04,26.05,26.04,26.05,984,2021-01-14 17:00:00,BOMN
26.01,26.01,26.01,26.01,379,2021-01-14 17:10:00,BOMN
26.02,26.02,26.01,26.01,600,2021-01-14 17:20:00,BOMN
25.98,26.0,25.97,25.97,1500,2021-01-14 17:30:00,BOMN
25.9,25.9,25.88,25.88,600,2021-01-14 17:35:00,BOMN
25.88,25.88,25.88,25.88,100,2021-01-14 18:00:00,BOMN
25.924,25.924,25.9113,25.9113,400,2021-01-14 18:15:00,BOMN
25.945,25.945,25.945,25.945,100,2021-01-14 18:20:00,BOMN
25.945,25.945,25.82,25.82,800,2021-01-14 18:30:00,BOMN
25.83,25.83,25.83,25.83,100,2021-01-14 18:40:00,BOMN
25.8453,25.9,25.8453,25.9,450,2021-01-14 19:10:00,BOMN
25.91,25.98,25.91,25.98,1046,2021-01-14 19:15:00,BOMN
26.065,26.105,25.98,25.98,2497,2021-01-14 19:20:00,BOMN
25.8972,25.97,25.8972,25.97,501,2021-01-14 19:25:00,BOMN
25.8887,25.8887,25.8887,25.8887,150,2021-01-14 19:35:00,BOMN
25.9167,25.9167,25.9167,25.9167,275,2021-01-14 19:45:00,BOMN
25.86,25.86,25.86,25.86,100,2021-01-14 19:50:00,BOMN
25.88,25.88,25.8603,25.8603,200,2021-01-14 19:55:00,BOMN
25.95,25.95,25.92,25.92,300,2021-01-14 20:00:00,BOMN
25.92,25.92,25.9,25.9,300,2021-01-14 20:05:00,BOMN
25.87,25.88,25.8,25.8,700,2021-01-14 20:10:00,BOMN
25.63,25.63,25.63,25.63,100,2021-01-14 20:25:00,BOMN
25.85,25.85,25.85,25.85,100,2021-01-14 20:30:00,BOMN
25.84,25.92,25.84,25.92,700,2021-01-14 20:35:00,BOMN
25.835,25.835,25.835,25.835,100,2021-01-14 20:40:00,BOMN
25.83,25.83,25.72,25.72,827,2021-01-14 20:45:00,BOMN
25.7048,25.71,25.69,25.69,909,2021-01-14 20:50:00,BOMN
25.66,25.83,25.62,25.79,3491,2021-01-14 20:55:00,BOMN
25.79,25.79,25.79,25.79,6179,2021-01-14 21:00:00,BOMN
25.55,25.55,25.55,25.55,100,2021-01-15 14:25:00,BOMN
25.53,25.53,25.53,25.53,4171,2021-01-15 14:30:00,BOMN
25.42,25.43,25.41,25.41,300,2021-01-15 14:35:00,BOMN
25.44,25.46,25.44,25.46,300,2021-01-15 14:45:00,BOMN
25.49,25.5,25.2901,25.353,450,2021-01-15 14:50:00,BOMN
25.31,25.36,25.3,25.36,600,2021-01-15 14:55:00,BOMN
25.3,25.3,25.2056,25.2056,837,2021-01-15 15:05:00,BOMN
25.1918,25.1918,25.1918,25.1918,448,2021-01-15 15:15:00,BOMN
25.2129,25.2129,25.0,25.06,3520,2021-01-15 15:20:00,BOMN
25.01,25.01,25.0,25.0001,1350,2021-01-15 15:25:00,BOMN
25.0365,25.22,25.03,25.22,1700,2021-01-15 15:30:00,BOMN
25.2601,25.2601,25.235,25.245,1145,2021-01-15 15:35:00,BOMN
25.19,25.19,25.19,25.19,600,2021-01-15 15:40:00,BOMN
25.13,25.19,25.13,25.19,511,2021-01-15 15:45:00,BOMN
25.245,25.245,25.1911,25.1911,300,2021-01-15 15:55:00,BOMN
25.245,25.245,25.2,25.2,500,2021-01-15 16:00:00,BOMN
25.19,25.19,25.12,25.125,500,2021-01-15 16:15:00,BOMN
25.19,25.19,25.19,25.19,300,2021-01-15 16:20:00,BOMN
25.273,25.273,25.273,25.273,381,2021-01-15 16:30:00,BOMN
25.3239,25.3239,25.3161,25.3161,595,2021-01-15 16:35:00,BOMN
25.3,25.35,25.295,25.35,400,2021-01-15 16:45:00,BOMN
25.31,25.31,25.31,25.31,200,2021-01-15 16:50:00,BOMN
25.2601,25.2601,25.26,25.26,700,2021-01-15 16:55:00,BOMN
25.28,25.28,25.28,25.28,1000,2021-01-15 17:10:00,BOMN
25.29,25.3598,25.29,25.29,1180,2021-01-15 17:15:00,BOMN
25.32,25.38,25.32,25.38,300,2021-01-15 17:20:00,BOMN
25.46,25.46,25.46,25.46,100,2021-01-15 17:35:00,BOMN
25.41,25.41,25.41,25.41,109,2021-01-15 17:50:00,BOMN
25.48,25.59,25.48,25.59,1100,2021-01-15 17:55:00,BOMN
25.619,25.619,25.54,25.54,608,2021-01-15 18:00:00,BOMN
25.4994,25.4994,25.4994,25.4994,100,2021-01-15 18:05:00,BOMN
25.56,25.56,25.56,25.56,100,2021-01-15 18:20:00,BOMN
25.46,25.46,25.44,25.44,301,2021-01-15 18:25:00,BOMN
25.44,25.44,25.44,25.44,200,2021-01-15 18:30:00,BOMN
25.41,25.42,25.41,25.42,300,2021-01-15 18:45:00,BOMN
25.44,25.44,25.42,25.42,300,2021-01-15 18:55:00,BOMN
25.48,25.48,25.48,25.48,416,2021-01-15 19:00:00,BOMN
25.48,25.48,25.48,25.48,200,2021-01-15 19:05:00,BOMN
25.58,25.6,25.58,25.6,280,2021-01-15 19:10:00,BOMN
25.6306,25.6306,25.6306,25.6306,470,2021-01-15 19:45:00,BOMN
25.58,25.58,25.5579,25.5579,200,2021-01-15 19:50:00,BOMN
25.54,25.66,25.54,25.66,914,2021-01-15 20:10:00,BOMN
25.655,25.655,25.51,25.51,500,2021-01-15 20:20:00,BOMN
25.5,25.5,25.5,25.5,100,2021-01-15 20:25:00,BOMN
25.42,25.42,25.28,25.32,900,2021-01-15 20:40:00,BOMN
25.38,25.39,25.345,25.345,400,2021-01-15 20:45:00,BOMN
25.29,25.29,25.29,25.29,100,2021-01-15 20:50:00,BOMN
25.33,25.35,25.25,25.35,2527,2021-01-15 20:55:00,BOMN
25.35,25.35,25.35,25.35,3327,2021-01-15 21:00:00,BOMN
27.3,27.3,27.3,27.3,106,2021-01-19 13:25:00,BOMN
26.5,26.5,26.5,26.5,279,2021-01-19 13:45:00,BOMN
26.22,26.22,25.85,25.95,6199,2021-01-19 14:30:00,BOMN
25.855,25.855,25.69,25.78,1625,2021-01-19 14:35:00,BOMN
25.8095,25.8095,25.68,25.8,495,2021-01-19 14:40:00,BOMN
25.68,25.76,25.65,25.76,1470,2021-01-19 14:45:00,BOMN
25.68,25.7899,25.65,25.7322,700,2021-01-19 14:50:00,BOMN
25.69,25.78,25.59,25.59,550,2021-01-19 14:55:00,BOMN
25.6138,25.76,25.6138,25.76,216,2021-01-19 15:00:00,BOMN
25.69,25.767,25.69,25.7115,367,2021-01-19 15:05:00,BOMN
25.79,26.12,25.64,26.12,4510,2021-01-19 15:10:00,BOMN
26.19,26.2748,26.094,26.2748,1032,2021-01-19 15:15:00,BOMN
26.19,26.2863,26.094,26.25,1171,2021-01-19 15:20:00,BOMN
26.29,26.325,26.25,26.325,1430,2021-01-19 15:25:00,BOMN
26.3458,26.3458,26.26,26.26,325,2021-01-19 15:30:00,BOMN
26.3801,26.3801,26.3801,26.3801,500,2021-01-19 15:35:00,BOMN
26.29,26.29,26.26,26.26,300,2021-01-19 15:40:00,BOMN
26.325,26.325,26.325,26.325,100,2021-01-19 15:45:00,BOMN
26.39,26.54,26.39,26.54,1495,2021-01-19 15:50:00,BOMN
26.54,26.59,26.54,26.59,300,2021-01-19 15:55:00,BOMN
26.53,26.54,26.53,26.53,1416,2021-01-19 16:10:00,BOMN
26.5,26.5,26.42,26.42,200,2021-01-19 16:20:00,BOMN
26.39,26.39,26.39,26.39,100,2021-01-19 16:25:00,BOMN
26.49,26.5,26.43,26.435,900,2021-01-19 16:30:00,BOMN
26.32,26.32,26.1602,26.2908,5110,2021-01-19 16:35:00,BOMN
26.1701,26.33,26.1701,26.33,5332,2021-01-19 16:40:00,BOMN
26.282,26.282,26.2,26.2,200,2021-01-19 16:50:00,BOMN
26.33,26.33,26.26,26.26,500,2021-01-19 17:00:00,BOMN
26.25,26.3443,26.25,26.25,1610,2021-01-19 17:15:00,BOMN
26.34,26.34,26.15,26.15,1209,2021-01-19 17:20:00,BOMN
26.1218,26.1218,26.1218,26.1218,381,2021-01-19 17:25:00,BOMN
26.14,26.14,26.14,26.14,150,2021-01-19 17:35:00,BOMN
26.138,26.138,26.138,26.138,191,2021-01-19 17:45:00,BOMN
26.1769,26.25,26.1735,26.25,1392,2021-01-19 17:50:00,BOMN
26.2267,26.26,26.18,26.18,800,2021-01-19 18:00:00,BOMN
26.2599,26.2599,26.2599,26.2599,200,2021-01-19 18:05:00,BOMN
26.185,26.2599,26.11,26.2599,2259,2021-01-19 18:10:00,BOMN
26.1968,26.1968,26.1968,26.1968,150,2021-01-19 18:15:00,BOMN
26.25,26.25,26.25,26.25,250,2021-01-19 18:25:00,BOMN
26.1844,26.1844,26.1844,26.1844,100,2021-01-19 18:35:00,BOMN
26.2,26.35,26.2,26.35,933,2021-01-19 18:40:00,BOMN
26.2127,26.2127,25.93,26.0675,3642,2021-01-19 18:50:00,BOMN
25.96,26.1014,25.96,26.1,2246,2021-01-19 18:55:00,BOMN
26.15,26.15,26.15,26.15,100,2021-01-19 19:05:00,BOMN
26.265,26.265,26.2,26.2,803,2021-01-19 19:30:00,BOMN
25.96,26.02,25.96,25.98,300,2021-01-19 19:45:00,BOMN
26.0,26.0,26.0,26.0,100,2021-01-19 19:50:00,BOMN
25.9,25.97,25.9,25.97,500,2021-01-19 20:00:00,BOMN
25.915,25.915,25.9023,25.9023,1000,2021-01-19 20:05:00,BOMN
25.85,25.85,25.7854,25.7854,363,2021-01-19 20:10:00,BOMN
25.8886,25.8886,25.63,25.75,1906,2021-01-19 20:20:00,BOMN
25.5501,25.715,25.5501,25.715,200,2021-01-19 20:35:00,BOMN
25.6801,25.6801,25.6801,25.6801,200,2021-01-19 20:40:00,BOMN
25.71,25.81,25.71,25.7233,300,2021-01-19 20:45:00,BOMN
25.76,25.97,25.76,25.97,10025,2021-01-19 20:55:00,BOMN
25.97,25.97,25.97,25.97,6693,2021-01-19 21:00:00,BOMN
26.28,26.9977,26.28,26.5776,2697,2021-01-20 14:30:00,BOMN
26.7,26.7,26.5353,26.5353,700,2021-01-20 14:35:00,BOMN
26.71,27.4007,26.71,27.4007,6900,2021-01-20 14:40:00,BOMN
27.35,27.5436,27.15,27.5436,752,2021-01-20 14:45:00,BOMN
27.0771,27.12,27.04,27.12,320,2021-01-20 14:50:00,BOMN
26.87,27.1065,26.87,27.1065,227,2021-01-20 14:55:00,BOMN
27.0,27.0532,27.0,27.0532,216,2021-01-20 15:00:00,BOMN
27.04,27.04,26.82,27.0,1000,2021-01-20 15:05:00,BOMN
27.03,27.04,26.9216,26.9216,714,2021-01-20 15:10:00,BOMN
27.0,27.05,27.0,27.05,1700,2021-01-20 15:15:00,BOMN
26.96,26.96,26.96,26.96,100,2021-01-20 15:25:00,BOMN
27.15,27.15,26.98,27.15,1985,2021-01-20 15:30:00,BOMN
26.84,26.86,26.65,26.6781,5400,2021-01-20 15:35:00,BOMN
26.6,26.6,26.5,26.5,900,2021-01-20 15:45:00,BOMN
26.515,26.55,26.44,26.55,700,2021-01-20 15:50:00,BOMN
26.55,26.5601,26.21,26.221,6970,2021-01-20 15:55:00,BOMN
26.4373,26.4373,26.25,26.25,214,2021-01-20 16:00:00,BOMN
26.22,26.305,26.22,26.305,200,2021-01-20 16:10:00,BOMN
26.2751,26.2751,26.2751,26.2751,100,2021-01-20 16:15:00,BOMN
26.3769,26.38,26.3769,26.38,1627,2021-01-20 16:20:00,BOMN
26.28,26.375,26.26,26.37,574,2021-01-20 16:25:00,BOMN
26.29,26.2962,26.29,26.2962,228,2021-01-20 16:30:00,BOMN
26.4302,26.4302,26.4302,26.4302,100,2021-01-20 16:35:00,BOMN
26.4373,26.4373,26.395,26.395,700,2021-01-20 16:40:00,BOMN
26.29,26.31,26.29,26.3,600,2021-01-20 16:45:00,BOMN
26.3,26.45,26.29,26.375,2950,2021-01-20 16:50:00,BOMN
26.375,26.4317,26.29,26.29,700,2021-01-20 16:55:00,BOMN
26.25,26.25,26.19,26.19,800,2021-01-20 17:05:00,BOMN
26.27,26.27,26.27,26.27,100,2021-01-20 17:15:00,BOMN
26.2215,26.2215,26.08,26.08,208,2021-01-20 17:35:00,BOMN
26.03,26.03,26.03,26.03,100,2021-01-20 17:40:00,BOMN
26.11,26.1367,26.11,26.1367,621,2021-01-20 17:45:00,BOMN
26.2,26.2,26.2,26.2,390,2021-01-20 17:50:00,BOMN
26.2,26.2,26.2,26.2,100,2021-01-20 18:00:00,BOMN
26.19,26.19,26.19,26.19,100,2021-01-20 18:05:00,BOMN
26.18,26.19,26.18,26.18,300,2021-01-20 18:10:00,BOMN
26.1347,26.21,26.13,26.21,500,2021-01-20 18:20:00,BOMN
26.205,26.205,26.205,26.205,120,2021-01-20 18:25:00,BOMN
26.225,26.225,26.205,26.205,478,2021-01-20 18:30:00,BOMN
26.15,26.15,26.14,26.14,300,2021-01-20 18:35:00,BOMN
26.21,26.28,26.21,26.28,300,2021-01-20 18:40:00,BOMN
26.16,26.16,26.11,26.15,500,2021-01-20 18:45:00,BOMN
26.0938,26.0938,26.0938,26.0938,381,2021-01-20 18:50:00,BOMN
26.15,26.15,26.15,26.15,600,2021-01-20 18:55:00,BOMN
26.12,26.12,26.06,26.06,300,2021-01-20 19:00:00,BOMN
26.04,26.04,26.02,26.02,200,2021-01-20 19:05:00,BOMN
26.02,26.02,26.02,26.02,100,2021-01-20 19:10:00,BOMN
26.02,26.02,25.98,25.98,303,2021-01-20 19:15:00,BOMN
26.13,26.13,26.13,26.13,100,2021-01-20 19:25:00,BOMN
25.95,26.055,25.95,26.055,500,2021-01-20 19:40:00,BOMN
25.99,26.0,25.97,25.98,800,2021-01-20 19:55:00,BOMN
26.055,26.055,26.055,26.055,100,2021-01-20 20:00:00,BOMN
26.0,26.0,25.98,26.0,900,2021-01-20 20:10:00,BOMN
25.975,25.975,25.975,25.975,292,2021-01-20 20:15:00,BOMN
26.0,26.0,25.955,25.955,1200,2021-01-20 20:20:00,BOMN
25.965,25.965,25.93,25.93,500,2021-01-20 20:30:00,BOMN
25.9,25.999,25.87,25.999,650,2021-01-20 20:35:00,BOMN
25.95,25.95,25.865,25.93,988,2021-01-20 20:40:00,BOMN
25.89,25.9999,25.75,25.8,6330,2021-01-20 20:45:00,BOMN
25.75,25.84,25.75,25.84,1469,2021-01-20 20:50:00,BOMN
25.7723,25.79,25.7,25.76,4472,2021-01-20 20:55:00,BOMN
25.83,25.83,25.83,25.83,3242,2021-01-20 21:00:00,BOMN
26.0,26.0,26.0,26.0,200,2021-01-20 21:25:00,BOMN
26.25,26.35,25.85,25.85,2660,2021-01-21 14:30:00,BOMN
26.07,26.07,25.825,25.925,357,2021-01-21 14:35:00,BOMN
26.13,26.13,26.0053,26.0053,295,2021-01-21 14:45:00,BOMN
26.1692,26.1692,25.505,25.505,1669,2021-01-21 14:50:00,BOMN
25.7215,25.7215,25.5831,25.5831,600,2021-01-21 14:55:00,BOMN
25.54,25.57,25.5,25.5,2455,2021-01-21 15:00:00,BOMN
25.6349,25.9499,25.62,25.9499,1100,2021-01-21 15:05:00,BOMN
25.96,25.96,25.96,25.96,100,2021-01-21 15:25:00,BOMN
25.8025,25.85,25.79,25.85,300,2021-01-21 15:30:00,BOMN
25.76,25.76,25.7233,25.7233,701,2021-01-21 15:35:00,BOMN
25.72,25.72,25.665,25.665,300,2021-01-21 15:40:00,BOMN
25.5,25.5,25.5,25.5,260,2021-01-21 15:45:00,BOMN
25.65,25.65,25.65,25.65,100,2021-01-21 15:50:00,BOMN
25.51,25.51,25.51,25.51,105,2021-01-21 16:00:00,BOMN
25.5717,25.5717,25.51,25.52,700,2021-01-21 16:05:00,BOMN
25.56,25.59,25.5,25.59,846,2021-01-21 16:10:00,BOMN
25.7709,25.7709,25.7709,25.7709,100,2021-01-21 16:25:00,BOMN
25.79,25.79,25.79,25.79,387,2021-01-21 16:30:00,BOMN
25.7565,25.7565,25.7562,25.7562,300,2021-01-21 16:35:00,BOMN
25.61,25.61,25.57,25.59,1200,2021-01-21 16:45:00,BOMN
25.68,25.68,25.66,25.66,300,2021-01-21 16:50:00,BOMN
25.7264,25.731,25.7264,25.731,1310,2021-01-21 16:55:00,BOMN
25.65,25.65,25.65,25.65,100,2021-01-21 17:00:00,BOMN
25.7256,25.7256,25.68,25.68,2100,2021-01-21 17:05:00,BOMN
25.72,25.72,25.72,25.72,403,2021-01-21 17:10:00,BOMN
25.78,25.79,25.7448,25.79,500,2021-01-21 17:20:00,BOMN
25.86,25.91,25.8,25.91,6000,2021-01-21 17:25:00,BOMN
25.86,25.95,25.86,25.95,200,2021-01-21 17:30:00,BOMN
25.95,25.97,25.95,25.97,300,2021-01-21 17:40:00,BOMN
25.87,25.87,25.87,25.87,250,2021-01-21 17:45:00,BOMN
25.9006,26.02,25.9006,26.02,1622,2021-01-21 17:50:00,BOMN
26.0,26.13,25.97,26.13,2000,2021-01-21 17:55:00,BOMN
26.3862,26.44,26.31,26.44,600,2021-01-21 18:05:00,BOMN
26.44,26.44,26.265,26.28,700,2021-01-21 18:10:00,BOMN
26.26,26.26,26.25,26.25,1851,2021-01-21 18:15:00,BOMN
26.25,26.25,26.22,26.22,2610,2021-01-21 18:20:00,BOMN
26.29,26.29,26.29,26.29,200,2021-01-21 18:25:00,BOMN
26.54,26.54,26.2,26.2,627,2021-01-21 18:30:00,BOMN
26.37,26.37,26.37,26.37,115,2021-01-21 18:35:00,BOMN
26.49,26.49,26.3515,26.3515,300,2021-01-21 18:40:00,BOMN
26.48,26.48,26.22,26.44,1574,2021-01-21 18:50:00,BOMN
26.24,26.39,26.24,26.39,450,2021-01-21 18:55:00,BOMN
26.39,26.39,26.23,26.23,600,2021-01-21 19:05:00,BOMN
26.25,26.25,26.25,26.25,100,2021-01-21 19:10:00,BOMN
26.38,26.38,26.28,26.28,300,2021-01-21 19:15:00,BOMN
26.27,26.27,26.26,26.27,500,2021-01-21 19:20:00,BOMN
26.306,26.32,26.306,26.32,1145,2021-01-21 19:25:00,BOMN
26.27,26.27,26.27,26.27,300,2021-01-21 19:30:00,BOMN
26.28,26.35,26.28,26.35,550,2021-01-21 19:35:00,BOMN
26.224,26.35,26.2101,26.35,1175,2021-01-21 19:45:00,BOMN
26.22,26.28,26.22,26.22,514,2021-01-21 19:50:00,BOMN
26.22,26.22,26.22,26.22,255,2021-01-21 19:55:00,BOMN
26.32,26.33,26.32,26.33,300,2021-01-21 20:00:00,BOMN
26.38,26.38,26.38,26.38,200,2021-01-21 20:05:00,BOMN
26.36,26.37,26.35,26.37,800,2021-01-21 20:10:00,BOMN
26.38,26.38,26.3799,26.3799,420,2021-01-21 20:15:00,BOMN
26.37,26.37,26.37,26.37,200,2021-01-21 20:20:00,BOMN
26.38,26.39,26.38,26.39,200,2021-01-21 20:25:00,BOMN
26.42,26.43,26.41,26.41,300,2021-01-21 20:30:00,BOMN
26.43,26.53,26.3,26.53,500,2021-01-21 20:35:00,BOMN
26.56,26.58,26.56,26.58,359,2021-01-21 20:40:00,BOMN
26.49,26.73,26.49,26.73,3324,2021-01-21 20:45:00,BOMN
26.73,26.73,26.59,26.6,1165,2021-01-21 20:50:00,BOMN
26.59,26.59,26.35,26.36,3596,2021-01-21 20:55:00,BOMN
26.36,26.36,26.36,26.36,4529,2021-01-21 21:00:00,BOMN
27.0,27.0,27.0,27.0,100,2021-01-22 00:55:00,BOMN
26.02,26.02,26.02,26.02,100,2021-01-22 14:25:00,BOMN
25.98,25.98,25.869,25.869,3279,2021-01-22 14:30:00,BOMN
25.93,26.02,25.93,26.02,236,2021-01-22 14:35:00,BOMN
25.8201,25.8201,25.8201,25.8201,332,2021-01-22 14:40:00,BOMN
26.165,26.64,26.165,26.64,2238,2021-01-22 14:50:00,BOMN
26.68,27.79,26.48,27.68,20039,2021-01-22 14:55:00,BOMN
27.6567,27.8,27.5342,27.67,5241,2021-01-22 15:00:00,BOMN
27.6294,27.79,27.3201,27.3201,19230,2021-01-22 15:05:00,BOMN
27.395,27.535,27.35,27.535,1450,2021-01-22 15:10:00,BOMN
27.53,27.76,27.45,27.76,2948,2021-01-22 15:15:00,BOMN
27.54,27.54,27.35,27.35,11232,2021-01-22 15:20:00,BOMN
27.46,27.46,26.9996,27.185,5799,2021-01-22 15:25:00,BOMN
27.185,27.195,26.97,27.195,5571,2021-01-22 15:30:00,BOMN
27.2,27.36,27.2,27.36,300,2021-01-22 15:35:00,BOMN
27.39,27.618,27.255,27.618,710,2021-01-22 15:40:00,BOMN
27.42,27.5,27.1,27.1,3100,2021-01-22 15:45:00,BOMN
27.3762,27.3762,27.2255,27.2255,2532,2021-01-22 15:50:00,BOMN
27.2765,27.2765,27.2765,27.2765,200,2021-01-22 15:55:00,BOMN
27.2,27.2,27.02,27.02,350,2021-01-22 16:05:00,BOMN
27.2139,27.2139,27.07,27.07,1050,2021-01-22 16:15:00,BOMN
26.99,26.99,26.99,26.99,100,2021-01-22 16:20:00,BOMN
26.83,26.98,26.83,26.98,365,2021-01-22 16:25:00,BOMN
27.08,27.08,27.08,27.08,981,2021-01-22 16:35:00,BOMN
27.153,27.153,27.0926,27.0926,528,2021-01-22 16:40:00,BOMN
27.11,27.1793,27.11,27.15,650,2021-01-22 16:55:00,BOMN
27.2052,27.2052,27.2052,27.2052,300,2021-01-22 17:00:00,BOMN
27.2812,27.2812,27.2812,27.2812,220,2021-01-22 17:10:00,BOMN
27.3147,27.3147,27.3147,27.3147,250,2021-01-22 17:20:00,BOMN
27.12,27.12,27.12,27.12,100,2021-01-22 17:25:00,BOMN
27.215,27.215,27.215,27.215,100,2021-01-22 17:35:00,BOMN
27.3154,27.3154,27.22,27.22,700,2021-01-22 17:40:00,BOMN
27.2172,27.2172,27.19,27.19,500,2021-01-22 17:45:00,BOMN
27.1952,27.1952,27.1,27.1599,700,2021-01-22 17:50:00,BOMN
27.1,27.1,27.0,27.087,857,2021-01-22 17:55:00,BOMN
26.96,26.96,26.945,26.945,600,2021-01-22 18:00:00,BOMN
26.7936,26.7936,26.7936,26.7936,100,2021-01-22 18:20:00,BOMN
26.87,26.87,26.87,26.87,300,2021-01-22 18:25:00,BOMN
26.8919,26.9427,26.8919,26.9427,355,2021-01-22 18:35:00,BOMN
26.9099,26.9099,26.9099,26.9099,235,2021-01-22 18:40:00,BOMN
26.81,26.81,26.75,26.76,1313,2021-01-22 18:45:00,BOMN
26.7501,26.805,26.7501,26.805,308,2021-01-22 19:00:00,BOMN
26.7601,26.7601,26.65,26.65,5799,2021-01-22 19:10:00,BOMN
26.66,26.75,26.66,26.75,2001,2021-01-22 19:20:00,BOMN
26.86,26.86,26.68,26.68,3978,2021-01-22 19:50:00,BOMN
26.8999,26.8999,26.8999,26.8999,150,2021-01-22 19:55:00,BOMN
26.8296,26.85,26.8296,26.85,500,2021-01-22 20:00:00,BOMN
26.89,26.89,26.89,26.89,100,2021-01-22 20:05:00,BOMN
26.9,26.9,26.8975,26.8975,600,2021-01-22 20:10:00,BOMN
26.9,26.9,26.82,26.82,700,2021-01-22 20:15:00,BOMN
26.8997,26.8997,26.8997,26.8997,150,2021-01-22 20:20:00,BOMN
26.89,26.89,26.89,26.89,150,2021-01-22 20:25:00,BOMN
26.87,26.87,26.87,26.87,100,2021-01-22 20:35:00,BOMN
26.93,26.93,26.93,26.93,100,2021-01-22 20:40:00,BOMN
26.97,26.97,26.9078,26.96,926,2021-01-22 20:45:00,BOMN
26.98,27.23,26.98,27.18,3062,2021-01-22 20:50:00,BOMN
27.19,27.315,27.15,27.17,3110,2021-01-22 20:55:00,BOMN
27.21,27.21,27.21,27.21,11609,2021-01-22 21:00:00,BOMN
27.35,27.35,27.35,27.35,100,2021-01-22 21:40:00,BOMN
27.55,27.55,27.55,27.55,100,2021-01-23 00:35:00,BOMN
28.73,29.05,28.49,28.73,970,2021-01-25 14:25:00,BOMN
29.01,29.42,28.51,28.51,16401,2021-01-25 14:30:00,BOMN
28.31,28.84,28.31,28.4,700,2021-01-25 14:35:00,BOMN
28.72,29.279,28.72,29.279,1181,2021-01-25 14:40:00,BOMN
29.43,29.43,28.9,29.14,2972,2021-01-25 14:45:00,BOMN
28.45,28.87,28.42,28.51,2233,2021-01-25 14:50:00,BOMN
28.5,29.21,28.5,29.21,3822,2021-01-25 14:55:00,BOMN
29.4565,29.4799,29.28,29.3294,3202,2021-01-25 15:00:00,BOMN
29.46,29.46,29.05,29.305,11230,2021-01-25 15:05:00,BOMN
29.49,29.82,29.42,29.82,3971,2021-01-25 15:10:00,BOMN
29.92,30.09,29.92,30.03,600,2021-01-25 15:15:00,BOMN
30.03,30.03,29.64,30.0,7505,2021-01-25 15:20:00,BOMN
30.48,30.49,30.3,30.35,1599,2021-01-25 15:25:00,BOMN
30.36,30.63,30.36,30.5558,5560,2021-01-25 15:30:00,BOMN
30.51,30.52,29.7601,29.9648,12915,2021-01-25 15:35:00,BOMN
29.865,30.15,29.77,30.15,2977,2021-01-25 15:40:00,BOMN
30.02,30.02,29.16,29.16,16953,2021-01-25 15:45:00,BOMN
29.61,29.61,28.95,29.05,22287,2021-01-25 15:50:00,BOMN
29.1064,29.1064,28.51,28.51,3934,2021-01-25 15:55:00,BOMN
29.0174,29.0174,29.0174,29.0174,348,2021-01-25 16:00:00,BOMN
28.51,28.51,28.33,28.33,700,2021-01-25 16:05:00,BOMN
28.32,28.33,28.32,28.33,200,2021-01-25 16:10:00,BOMN
28.5626,28.6,28.3,28.3,500,2021-01-25 16:15:00,BOMN
28.505,28.505,28.505,28.505,645,2021-01-25 16:20:00,BOMN
28.51,28.58,28.3717,28.58,1400,2021-01-25 16:30:00,BOMN
28.71,28.85,28.696,28.85,1507,2021-01-25 16:35:00,BOMN
28.85,28.85,28.84,28.84,200,2021-01-25 16:40:00,BOMN
28.8,28.9993,28.8,28.9,1190,2021-01-25 16:45:00,BOMN
28.8527,28.9137,28.82,28.9137,2425,2021-01-25 16:50:00,BOMN
28.9254,28.9675,28.9254,28.9675,367,2021-01-25 16:55:00,BOMN
28.895,29.085,28.895,28.94,2500,2021-01-25 17:00:00,BOMN
28.9677,29.035,28.9677,29.0,1001,2021-01-25 17:05:00,BOMN
28.9,28.9,28.849,28.85,504,2021-01-25 17:10:00,BOMN
28.93,28.93,28.78,28.78,799,2021-01-25 17:15:00,BOMN
28.82,28.82,28.7416,28.7416,220,2021-01-25 17:20:00,BOMN
28.75,28.84,28.75,28.84,900,2021-01-25 17:30:00,BOMN
29.0,29.0,28.95,29.0,2100,2021-01-25 17:35:00,BOMN
29.0,29.12,29.0,29.02,1470,2021-01-25 17:40:00,BOMN
29.12,29.17,29.01,29.01,1036,2021-01-25 17:50:00,BOMN
29.1,29.1,29.1,29.1,200,2021-01-25 17:55:00,BOMN
29.0,29.0,28.92,28.92,658,2021-01-25 18:00:00,BOMN
28.8,28.8,28.8,28.8,100,2021-01-25 18:10:00,BOMN
28.9677,28.9677,28.9677,28.9677,120,2021-01-25 18:15:00,BOMN
28.8,28.8841,28.8,28.8841,587,2021-01-25 18:20:00,BOMN
28.89,28.89,28.89,28.89,145,2021-01-25 18:25:00,BOMN
28.89,28.89,28.85,28.85,379,2021-01-25 18:30:00,BOMN
28.9186,28.94,28.91,28.94,760,2021-01-25 18:40:00,BOMN
28.9899,29.03,28.9899,29.0,1940,2021-01-25 18:45:00,BOMN
28.9607,29.1,28.9607,29.0,1038,2021-01-25 18:50:00,BOMN
28.9837,28.9837,28.86,28.86,266,2021-01-25 18:55:00,BOMN
28.86,28.86,28.63,28.63,527,2021-01-25 19:00:00,BOMN
28.74,28.74,28.74,28.74,100,2021-01-25 19:05:00,BOMN
28.73,28.73,28.73,28.73,400,2021-01-25 19:10:00,BOMN
28.71,28.71,28.71,28.71,100,2021-01-25 19:15:00,BOMN
28.685,28.71,28.685,28.71,374,2021-01-25 19:20:00,BOMN
28.715,28.715,28.61,28.61,530,2021-01-25 19:25:00,BOMN
28.62,28.68,28.61,28.6676,733,2021-01-25 19:30:00,BOMN
28.67,28.67,28.64,28.64,380,2021-01-25 19:35:00,BOMN
28.6413,28.6413,28.57,28.57,375,2021-01-25 19:40:00,BOMN
28.615,28.615,28.615,28.615,291,2021-01-25 19:45:00,BOMN
28.51,28.51,28.31,28.31,2079,2021-01-25 19:50:00,BOMN
28.36,28.37,28.3,28.3,600,2021-01-25 19:55:00,BOMN
28.31,28.38,28.31,28.38,800,2021-01-25 20:00:00,BOMN
28.4,28.44,28.4,28.44,600,2021-01-25 20:05:00,BOMN
28.4699,28.4699,28.32,28.32,921,2021-01-25 20:10:00,BOMN
28.32,28.34,28.2908,28.2908,443,2021-01-25 20:15:00,BOMN
28.3464,28.41,28.3464,28.41,275,2021-01-25 20:20:00,BOMN
28.41,28.48,28.41,28.48,800,2021-01-25 20:25:00,BOMN
28.5,28.585,28.5,28.585,4129,2021-01-25 20:30:00,BOMN
28.6,28.71,28.6,28.6,1000,2021-01-25 20:35:00,BOMN
28.666,28.7,28.64,28.7,1550,2021-01-25 20:40:00,BOMN
28.69,28.69,28.65,28.655,540,2021-01-25 20:45:00,BOMN
28.66,28.66,28.52,28.53,644,2021-01-25 20:50:00,BOMN
28.52,28.72,28.52,28.72,2634,2021-01-25 20:55:00,BOMN
28.72,28.72,28.72,28.72,7025,2021-01-25 21:00:00,BOMN
27.78,27.78,27.78,27.78,100,2021-01-26 13:00:00,BOMN
29.03,29.61,29.0,29.0,2873,2021-01-26 14:30:00,BOMN
29.04,29.04,29.0,29.0,400,2021-01-26 14:40:00,BOMN
29.0,29.05,28.9001,29.05,586,2021-01-26 14:45:00,BOMN
29.02,29.165,29.02,29.165,1197,2021-01-26 14:50:00,BOMN
29.175,29.2707,29.175,29.2707,298,2021-01-26 14:55:00,BOMN
29.355,29.5,29.355,29.5,372,2021-01-26 15:00:00,BOMN
29.519,29.82,29.395,29.7347,3500,2021-01-26 15:05:00,BOMN
29.56,29.6243,29.56,29.6243,300,2021-01-26 15:10:00,BOMN
29.51,29.51,29.51,29.51,650,2021-01-26 15:15:00,BOMN
29.58,29.58,29.548,29.55,915,2021-01-26 15:20:00,BOMN
29.538,29.538,29.538,29.538,100,2021-01-26 15:25:00,BOMN
29.65,29.75,29.65,29.74,1481,2021-01-26 15:30:00,BOMN
29.74,29.88,29.74,29.88,865,2021-01-26 15:35:00,BOMN
29.97,29.99,29.88,29.88,1977,2021-01-26 15:45:00,BOMN
29.855,29.855,29.855,29.855,100,2021-01-26 15:50:00,BOMN
29.85,29.93,29.85,29.93,200,2021-01-26 15:55:00,BOMN
29.94,30.0,29.92,29.9985,2442,2021-01-26 16:00:00,BOMN
29.91,29.935,29.91,29.935,270,2021-01-26 16:05:00,BOMN
29.92,29.92,29.78,29.79,500,2021-01-26 16:15:00,BOMN
29.74,29.74,29.64,29.64,500,2021-01-26 16:20:00,BOMN
29.67,29.67,29.67,29.67,635,2021-01-26 16:25:00,BOMN
29.617,29.617,29.617,29.617,100,2021-01-26 16:35:00,BOMN
29.57,29.66,29.5,29.5,700,2021-01-26 16:40:00,BOMN
29.45,29.45,29.29,29.29,867,2021-01-26 16:45:00,BOMN
29.2182,29.24,29.1746,29.2376,1012,2021-01-26 16:55:00,BOMN
29.2313,29.2313,29.2313,29.2313,100,2021-01-26 17:00:00,BOMN
29.2792,29.2792,29.2792,29.2792,114,2021-01-26 17:05:00,BOMN
29.2803,29.32,29.2803,29.32,445,2021-01-26 17:10:00,BOMN
29.21,29.21,29.21,29.21,200,2021-01-26 17:15:00,BOMN
29.26,29.26,29.26,29.26,800,2021-01-26 17:20:00,BOMN
29.25,29.25,29.23,29.23,200,2021-01-26 17:25:00,BOMN
29.23,29.27,29.17,29.17,1843,2021-01-26 17:35:00,BOMN
29.185,29.2,29.185,29.2,570,2021-01-26 17:45:00,BOMN
29.0819,29.174,29.0819,29.174,1100,2021-01-26 17:50:00,BOMN
29.1677,29.1677,29.04,29.04,637,2021-01-26 17:55:00,BOMN
29.01,29.01,29.0,29.0,500,2021-01-26 18:00:00,BOMN
28.98,28.98,28.98,28.98,100,2021-01-26 18:05:00,BOMN
28.95,28.96,28.93,28.96,400,2021-01-26 18:10:00,BOMN
28.979,28.99,28.979,28.99,450,2021-01-26 18:15:00,BOMN
28.89,28.89,28.89,28.89,200,2021-01-26 18:25:00,BOMN
28.89,28.89,28.76,28.8667,2242,2021-01-26 18:30:00,BOMN
28.76,28.95,28.76,28.839,3200,2021-01-26 18:35:00,BOMN
28.85,28.89,28.85,28.89,1173,2021-01-26 18:40:00,BOMN
28.8393,28.8393,28.8393,28.8393,1000,2021-01-26 18:45:00,BOMN
28.854,28.854,28.854,28.854,350,2021-01-26 18:50:00,BOMN
28.845,28.845,28.7,28.8,3302,2021-01-26 19:00:00,BOMN
28.715,28.715,28.63,28.63,300,2021-01-26 19:05:00,BOMN
28.76,28.8,28.76,28.8,1300,2021-01-26 19:10:00,BOMN
28.94,29.02,28.94,29.02,275,2021-01-26 19:15:00,BOMN
28.935,28.935,28.935,28.935,104,2021-01-26 19:25:00,BOMN
28.99,29.05,28.945,29.05,1530,2021-01-26 19:30:00,BOMN
29.18,29.18,29.18,29.18,100,2021-01-26 19:35:00,BOMN
29.16,29.16,29.16,29.16,365,2021-01-26 19:40:00,BOMN
29.24,29.24,29.24,29.24,200,2021-01-26 19:45:00,BOMN
29.175,29.2013,29.175,29.2013,340,2021-01-26 19:50:00,BOMN
29.24,29.24,29.24,29.24,100,2021-01-26 20:00:00,BOMN
29.2,29.2334,29.11,29.11,813,2021-01-26 20:10:00,BOMN
29.22,29.3919,29.21,29.3919,1200,2021-01-26 20:15:00,BOMN
29.3465,29.36,29.3465,29.36,400,2021-01-26 20:20:00,BOMN
29.35,29.35,29.08,29.18,5516,2021-01-26 20:25:00,BOMN
29.1557,29.1557,29.06,29.06,721,2021-01-26 20:35:00,BOMN
29.12,29.171,29.12,29.171,639,2021-01-26 20:40:00,BOMN
29.11,29.145,29.09,29.145,300,2021-01-26 20:45:00,BOMN
29.146,29.146,29.09,29.09,520,2021-01-26 20:50:00,BOMN
29.1,29.14,29.01,29.08,1587,2021-01-26 20:55:00,BOMN
29.14,29.14,29.14,29.14,4332,2021-01-26 21:00:00,BOMN
28.77,28.77,28.77,28.77,100,2021-01-27 13:30:00,BOMN
28.47,28.47,28.47,28.47,100,2021-01-27 13:40:00,BOMN
29.1,29.1,29.1,29.1,100,2021-01-27 14:25:00,BOMN
29.14,29.14,29.1,29.14,7433,2021-01-27 14:30:00,BOMN
28.846,28.846,28.51,28.51,5683,2021-01-27 14:35:00,BOMN
28.26,28.43,28.11,28.43,3150,2021-01-27 14:40:00,BOMN
28.205,28.4,28.0,28.2,1579,2021-01-27 14:45:00,BOMN
28.0,28.67,28.0,28.415,1448,2021-01-27 14:55:00,BOMN
28.5663,28.595,28.49,28.595,1315,2021-01-27 15:10:00,BOMN
28.73,29.12,28.73,29.12,400,2021-01-27 15:15:00,BOMN
29.22,29.22,29.219,29.219,260,2021-01-27 15:20:00,BOMN
28.96,28.985,28.69,28.69,6131,2021-01-27 15:25:00,BOMN
28.7,28.7,28.5,28.5,762,2021-01-27 15:30:00,BOMN
28.5535,28.8131,28.25,28.25,2636,2021-01-27 15:35:00,BOMN
28.61,28.61,28.531,28.531,242,2021-01-27 15:40:00,BOMN
28.66,28.66,28.66,28.66,100,2021-01-27 15:45:00,BOMN
28.47,28.47,28.47,28.47,100,2021-01-27 15:55:00,BOMN
28.5,28.5,28.452,28.5,711,2021-01-27 16:00:00,BOMN
28.44,28.505,28.44,28.505,1098,2021-01-27 16:05:00,BOMN
28.6079,28.6079,28.6079,28.6079,104,2021-01-27 16:10:00,BOMN
28.3,28.3,28.2,28.2,1200,2021-01-27 16:15:00,BOMN
28.34,28.34,28.19,28.19,900,2021-01-27 16:20:00,BOMN
28.448,28.72,28.448,28.72,300,2021-01-27 16:40:00,BOMN
28.88,28.88,28.88,28.88,164,2021-01-27 16:45:00,BOMN
28.55,28.55,28.55,28.55,100,2021-01-27 16:50:00,BOMN
28.57,28.57,28.4,28.55,1616,2021-01-27 16:55:00,BOMN
28.56,28.56,28.55,28.55,300,2021-01-27 17:00:00,BOMN
28.49,28.49,28.48,28.48,294,2021-01-27 17:05:00,BOMN
28.748,28.76,28.748,28.76,300,2021-01-27 17:10:00,BOMN
28.725,28.8098,28.725,28.8098,200,2021-01-27 17:20:00,BOMN
28.745,28.745,28.745,28.745,100,2021-01-27 17:25:00,BOMN
28.815,28.815,28.75,28.75,600,2021-01-27 17:35:00,BOMN
28.8793,28.8793,28.8793,28.8793,280,2021-01-27 17:40:00,BOMN
28.88,28.88,28.88,28.88,200,2021-01-27 17:45:00,BOMN
29.0092,29.0092,29.0092,29.0092,240,2021-01-27 17:55:00,BOMN
28.965,28.965,28.965,28.965,100,2021-01-27 18:10:00,BOMN
29.068,29.068,29.068,29.068,200,2021-01-27 18:20:00,BOMN
29.054,29.054,29.054,29.054,150,2021-01-27 18:30:00,BOMN
29.05,29.1105,29.05,29.05,600,2021-01-27 18:35:00,BOMN
29.03,29.03,29.03,29.03,1000,2021-01-27 18:50:00,BOMN
29.01,29.01,29.01,29.01,121,2021-01-27 18:55:00,BOMN
28.92,28.92,28.92,28.92,100,2021-01-27 19:00:00,BOMN
29.11,29.11,28.9,28.925,1511,2021-01-27 19:15:00,BOMN
28.9293,28.9293,28.9293,28.9293,155,2021-01-27 19:20:00,BOMN
28.76,28.76,28.76,28.76,100,2021-01-27 19:25:00,BOMN
28.75,28.75,28.54,28.54,1078,2021-01-27 19:30:00,BOMN
28.5345,28.5345,28.53,28.532,565,2021-01-27 19:35:00,BOMN
28.5,28.5,28.5,28.5,100,2021-01-27 19:40:00,BOMN
28.3152,28.3152,28.3152,28.3152,182,2021-01-27 19:45:00,BOMN
28.25,28.25,28.01,28.01,2304,2021-01-27 19:55:00,BOMN
28.21,28.47,28.21,28.47,500,2021-01-27 20:00:00,BOMN
28.25,28.25,28.25,28.25,100,2021-01-27 20:10:00,BOMN
28.25,28.335,28.25,28.27,300,2021-01-27 20:15:00,BOMN
28.23,28.23,28.13,28.18,600,2021-01-27 20:20:00,BOMN
28.17,28.19,28.15,28.19,500,2021-01-27 20:30:00,BOMN
28.16,28.16,28.15,28.15,200,2021-01-27 20:35:00,BOMN
28.06,28.06,28.06,28.06,100,2021-01-27 20:40:00,BOMN
28.095,28.23,28.095,28.21,563,2021-01-27 20:45:00,BOMN
28.25,28.25,28.11,28.225,858,2021-01-27 20:50:00,BOMN
28.14,28.29,28.14,28.29,1220,2021-01-27 20:55:00,BOMN
28.31,28.31,28.31,28.31,10629,2021-01-27 21:00:00,BOMN
30.0,30.0,30.0,30.0,399,2021-01-27 23:05:00,BOMN
30.0,30.0,30.0,30.0,100,2021-01-28 00:55:00,BOMN
29.0,29.0,29.0,29.0,100,2021-01-28 14:25:00,BOMN
28.6,28.6,28.3491,28.3491,930,2021-01-28 14:30:00,BOMN
28.36,28.56,28.34,28.56,500,2021-01-28 14:35:00,BOMN
28.4,28.4,28.4,28.4,200,2021-01-28 14:40:00,BOMN
28.5222,28.5222,28.5222,28.5222,105,2021-01-28 14:50:00,BOMN
28.5065,28.5065,28.27,28.275,1544,2021-01-28 14:55:00,BOMN
28.51,28.51,28.51,28.51,125,2021-01-28 15:00:00,BOMN
28.3713,28.3713,28.2921,28.2921,485,2021-01-28 15:05:00,BOMN
28.4185,28.4185,28.4,28.4,300,2021-01-28 15:10:00,BOMN
28.3153,28.47,28.31,28.47,3700,2021-01-28 15:15:00,BOMN
28.4349,28.6244,28.4349,28.6244,420,2021-01-28 15:20:00,BOMN
28.71,28.71,28.71,28.71,100,2021-01-28 15:35:00,BOMN
28.7964,28.7964,28.39,28.41,1100,2021-01-28 15:40:00,BOMN
28.6399,28.6399,28.6399,28.6399,100,2021-01-28 15:50:00,BOMN
28.61,28.61,28.61,28.61,100,2021-01-28 15:55:00,BOMN
28.63,28.63,28.63,28.63,100,2021-01-28 16:05:00,BOMN
28.53,28.53,28.53,28.53,100,2021-01-28 16:10:00,BOMN
28.4374,28.4374,28.42,28.42,475,2021-01-28 16:15:00,BOMN
28.52,28.52,28.31,28.31,1100,2021-01-28 16:20:00,BOMN
28.3,28.3,28.3,28.3,345,2021-01-28 16:25:00,BOMN
28.2542,28.2542,28.2542,28.2542,406,2021-01-28 16:40:00,BOMN
28.25,28.301,28.25,28.301,200,2021-01-28 16:45:00,BOMN
28.36,28.36,28.36,28.36,100,2021-01-28 16:50:00,BOMN
28.36,28.5699,28.36,28.5699,1600,2021-01-28 17:05:00,BOMN
28.43,28.43,28.43,28.43,500,2021-01-28 17:10:00,BOMN
28.3532,28.3532,28.3532,28.3532,100,2021-01-28 17:20:00,BOMN
28.528,28.528,28.528,28.528,120,2021-01-28 17:30:00,BOMN
28.3994,28.52,28.3994,28.52,555,2021-01-28 17:35:00,BOMN
28.37,28.37,28.35,28.35,300,2021-01-28 17:40:00,BOMN
28.52,28.52,28.52,28.52,320,2021-01-28 17:45:00,BOMN
28.5099,28.5099,28.5099,28.5099,192,2021-01-28 18:00:00,BOMN
28.39,28.39,28.3,28.3,200,2021-01-28 18:05:00,BOMN
28.3,28.3,28.3,28.3,106,2021-01-28 18:10:00,BOMN
28.23,28.32,28.23,28.32,200,2021-01-28 18:15:00,BOMN
28.32,28.38,28.26,28.38,900,2021-01-28 18:20:00,BOMN
28.4,28.4,28.3,28.3,693,2021-01-28 18:35:00,BOMN
28.34,28.34,28.34,28.34,100,2021-01-28 18:55:00,BOMN
28.3546,28.3546,28.3546,28.3546,109,2021-01-28 19:00:00,BOMN
28.46,28.46,28.449,28.46,700,2021-01-28 19:05:00,BOMN
28.4,28.4,28.205,28.28,732,2021-01-28 19:10:00,BOMN
28.28,28.28,28.28,28.28,118,2021-01-28 19:15:00,BOMN
28.28,28.28,28.28,28.28,200,2021-01-28 19:20:00,BOMN
28.26,28.26,28.26,28.26,100,2021-01-28 19:25:00,BOMN
28.33,28.33,28.23,28.23,400,2021-01-28 19:30:00,BOMN
28.15,28.28,28.15,28.28,400,2021-01-28 19:35:00,BOMN
28.38,28.38,28.38,28.38,300,2021-01-28 19:40:00,BOMN
28.28,28.28,28.28,28.28,300,2021-01-28 19:45:00,BOMN
28.265,28.4,28.265,28.4,206,2021-01-28 19:50:00,BOMN
28.345,28.345,28.345,28.345,160,2021-01-28 19:55:00,BOMN
28.4599,28.4599,28.45,28.45,593,2021-01-28 20:05:00,BOMN
28.2908,28.2908,28.2908,28.2908,308,2021-01-28 20:10:00,BOMN
28.285,28.285,28.28,28.28,300,2021-01-28 20:15:00,BOMN
28.29,28.29,28.29,28.29,100,2021-01-28 20:20:00,BOMN
28.3,28.3,28.25,28.25,1000,2021-01-28 20:25:00,BOMN
28.2,28.235,28.16,28.235,900,2021-01-28 20:30:00,BOMN
28.235,28.235,28.1,28.17,1120,2021-01-28 20:35:00,BOMN
28.26,28.28,28.25,28.25,700,2021-01-28 20:40:00,BOMN
28.24,28.24,28.21,28.21,500,2021-01-28 20:45:00,BOMN
28.3,28.3,28.27,28.27,200,2021-01-28 20:50:00,BOMN
28.25,28.33,28.065,28.2,1952,2021-01-28 20:55:00,BOMN
28.22,28.22,28.22,28.22,7496,2021-01-28 21:00:00,BOMN
28.03,28.03,28.0,28.0,1345,2021-01-29 14:30:00,BOMN
28.05,28.05,27.9905,28.0499,344,2021-01-29 14:35:00,BOMN
27.97,27.97,27.97,27.97,100,2021-01-29 14:40:00,BOMN
27.86,28.0062,27.86,28.0,750,2021-01-29 14:45:00,BOMN
28.0,28.0,28.0,28.0,100,2021-01-29 14:50:00,BOMN
27.9108,27.9108,27.9108,27.9108,100,2021-01-29 14:55:00,BOMN
28.17,28.17,28.17,28.17,100,2021-01-29 15:00:00,BOMN
28.17,28.17,28.17,28.17,700,2021-01-29 15:05:00,BOMN
28.14,28.14,28.14,28.14,600,2021-01-29 15:10:00,BOMN
28.152,28.152,28.152,28.152,108,2021-01-29 15:25:00,BOMN
28.56,28.57,28.56,28.57,300,2021-01-29 15:30:00,BOMN
28.5,28.5,28.5,28.5,100,2021-01-29 15:35:00,BOMN
28.5,28.5,28.5,28.5,100,2021-01-29 15:40:00,BOMN
28.5,28.5,28.5,28.5,300,2021-01-29 15:50:00,BOMN
28.46,28.46,28.31,28.31,300,2021-01-29 16:00:00,BOMN
28.27,28.27,28.16,28.225,500,2021-01-29 16:10:00,BOMN
28.12,28.18,28.02,28.18,700,2021-01-29 16:20:00,BOMN
28.2495,28.2495,28.06,28.06,277,2021-01-29 16:25:00,BOMN
28.06,28.14,28.0,28.0,1740,2021-01-29 16:30:00,BOMN
28.01,28.01,27.94,27.94,900,2021-01-29 16:35:00,BOMN
27.93,27.98,27.9,27.945,2000,2021-01-29 16:40:00,BOMN
27.94,27.94,27.94,27.94,100,2021-01-29 16:45:00,BOMN
27.9,27.95,27.86,27.875,2812,2021-01-29 16:50:00,BOMN
27.88,27.88,27.88,27.88,200,2021-01-29 16:55:00,BOMN
27.89,27.94,27.71,27.825,2650,2021-01-29 17:00:00,BOMN
27.9,27.97,27.7403,27.77,1432,2021-01-29 17:10:00,BOMN
27.75,27.75,27.75,27.75,200,2021-01-29 17:15:00,BOMN
27.76,27.76,27.55,27.5562,2788,2021-01-29 17:20:00,BOMN
27.55,27.55,27.28,27.3136,3280,2021-01-29 17:30:00,BOMN
27.48,27.49,27.2,27.25,10560,2021-01-29 17:35:00,BOMN
27.28,27.3797,27.203,27.35,1200,2021-01-29 17:40:00,BOMN
27.29,27.6799,27.29,27.3301,1400,2021-01-29 17:50:00,BOMN
27.3301,27.73,27.3,27.3,1185,2021-01-29 17:55:00,BOMN
27.4,27.43,27.33,27.33,785,2021-01-29 18:00:00,BOMN
27.14,27.14,27.14,27.14,100,2021-01-29 18:10:00,BOMN
27.3,27.3,27.3,27.3,100,2021-01-29 18:15:00,BOMN
27.18,27.69,27.12,27.385,1599,2021-01-29 18:20:00,BOMN
27.3,27.3,27.3,27.3,100,2021-01-29 18:25:00,BOMN
27.2,27.2,27.1521,27.1521,200,2021-01-29 18:30:00,BOMN
27.42,27.45,27.1134,27.36,968,2021-01-29 18:35:00,BOMN
27.47,27.66,27.47,27.66,300,2021-01-29 18:40:00,BOMN
27.47,27.47,27.47,27.47,100,2021-01-29 18:45:00,BOMN
27.32,27.32,27.32,27.32,100,2021-01-29 18:50:00,BOMN
27.395,27.395,27.395,27.395,116,2021-01-29 18:55:00,BOMN
27.5288,27.5288,27.5288,27.5288,160,2021-01-29 19:05:00,BOMN
27.2901,27.51,27.2901,27.51,606,2021-01-29 19:10:00,BOMN
27.545,27.605,27.48,27.605,360,2021-01-29 19:15:00,BOMN
27.58,27.58,27.58,27.58,100,2021-01-29 19:20:00,BOMN
27.38,27.4583,27.34,27.4583,444,2021-01-29 19:40:00,BOMN
27.2768,27.2768,27.2768,27.2768,100,2021-01-29 19:45:00,BOMN
27.31,27.31,27.31,27.31,100,2021-01-29 19:50:00,BOMN
27.24,27.24,27.24,27.24,100,2021-01-29 19:55:00,BOMN
27.3827,27.3827,27.3827,27.3827,412,2021-01-29 20:00:00,BOMN
27.3,27.42,27.3,27.42,900,2021-01-29 20:10:00,BOMN
27.4084,27.4084,27.4084,27.4084,400,2021-01-29 20:15:00,BOMN
27.3518,27.449,27.3518,27.449,259,2021-01-29 20:20:00,BOMN
27.36,27.45,27.34,27.45,1200,2021-01-29 20:25:00,BOMN
27.53,27.55,27.465,27.53,760,2021-01-29 20:30:00,BOMN
27.485,27.5141,27.33,27.33,872,2021-01-29 20:35:00,BOMN
27.3825,27.3825,27.21,27.21,490,2021-01-29 20:40:00,BOMN
27.19,27.26,27.17,27.25,727,2021-01-29 20:45:00,BOMN
27.3349,27.3349,27.22,27.33,365,2021-01-29 20:50:00,BOMN
27.22,27.45,27.22,27.39,1923,2021-01-29 20:55:00,BOMN
27.3,27.3,27.3,27.3,6305,2021-01-29 21:00:00,BOMN
27.3,27.3,27.3,27.3,149,2021-01-29 22:50:00,BOMN
