open,high,low,close,volume,datetime,symbol
6.6501,6.6501,6.6501,6.6501,1300,2021-01-04 14:00:00,OTIC
6.65,6.6584,6.51,6.51,22859,2021-01-04 14:30:00,OTIC
6.5001,6.5026,6.43,6.43,5906,2021-01-04 14:35:00,OTIC
6.41,6.51,6.4024,6.51,5950,2021-01-04 14:40:00,OTIC
6.51,6.51,6.44,6.5,1100,2021-01-04 14:45:00,OTIC
6.4769,6.55,6.4501,6.5,7340,2021-01-04 14:50:00,OTIC
6.5,6.5,6.42,6.42,5940,2021-01-04 14:55:00,OTIC
6.4784,6.53,6.42,6.42,6432,2021-01-04 15:00:00,OTIC
6.4418,6.4418,6.27,6.28,8324,2021-01-04 15:05:00,OTIC
6.29,6.36,6.28,6.28,19790,2021-01-04 15:10:00,OTIC
6.3201,6.36,6.28,6.28,18710,2021-01-04 15:15:00,OTIC
6.2559,6.3,6.2559,6.2877,7493,2021-01-04 15:20:00,OTIC
6.28,6.28,6.2474,6.2474,6119,2021-01-04 15:25:00,OTIC
6.24,6.25,6.17,6.19,7023,2021-01-04 15:30:00,OTIC
6.18,6.2,6.16,6.1787,9345,2021-01-04 15:35:00,OTIC
6.165,6.185,6.165,6.175,2700,2021-01-04 15:40:00,OTIC
6.175,6.185,6.1,6.1,9450,2021-01-04 15:45:00,OTIC
6.1,6.1,6.02,6.02,13490,2021-01-04 15:50:00,OTIC
6.0273,6.07,5.96,5.975,19509,2021-01-04 15:55:00,OTIC
5.9792,6.0234,5.97,5.9826,13006,2021-01-04 16:00:00,OTIC
6.0,6.07,5.97,6.0395,13315,2021-01-04 16:05:00,OTIC
6.05,6.07,5.9712,6.01,12969,2021-01-04 16:10:00,OTIC
6.0,6.0285,6.0,6.0,1500,2021-01-04 16:15:00,OTIC
6.0,6.05,5.98,6.05,5236,2021-01-04 16:20:00,OTIC
6.05,6.05,6.0,6.025,2550,2021-01-04 16:25:00,OTIC
6.025,6.025,5.98,6.0,2469,2021-01-04 16:30:00,OTIC
5.995,6.03,5.99,6.03,4900,2021-01-04 16:35:00,OTIC
6.02,6.07,6.01,6.055,11900,2021-01-04 16:40:00,OTIC
6.07,6.09,6.04,6.09,10286,2021-01-04 16:45:00,OTIC
6.08,6.09,6.0308,6.06,13171,2021-01-04 16:50:00,OTIC
6.0673,6.09,6.03,6.07,3152,2021-01-04 16:55:00,OTIC
6.063,6.07,6.03,6.05,3597,2021-01-04 17:00:00,OTIC
6.07,6.09,6.03,6.07,7217,2021-01-04 17:05:00,OTIC
6.07,6.11,6.04,6.08,24362,2021-01-04 17:10:00,OTIC
6.05,6.07,6.04,6.07,9004,2021-01-04 17:15:00,OTIC
6.0699,6.07,6.0699,6.07,1300,2021-01-04 17:20:00,OTIC
6.04,6.08,6.03,6.05,5116,2021-01-04 17:25:00,OTIC
6.06,6.07,6.0,6.001,4187,2021-01-04 17:30:00,OTIC
6.04,6.05,6.0,6.019,3304,2021-01-04 17:35:00,OTIC
6.01,6.09,6.01,6.09,5611,2021-01-04 17:40:00,OTIC
6.09,6.09,6.06,6.07,2398,2021-01-04 17:45:00,OTIC
6.08,6.1,6.07,6.085,2900,2021-01-04 17:50:00,OTIC
6.0873,6.1006,6.06,6.09,5603,2021-01-04 17:55:00,OTIC
6.09,6.09,6.02,6.04,2210,2021-01-04 18:00:00,OTIC
6.02,6.03,6.02,6.03,400,2021-01-04 18:05:00,OTIC
6.04,6.1,6.03,6.1,7695,2021-01-04 18:10:00,OTIC
6.1,6.1,6.08,6.1,1312,2021-01-04 18:15:00,OTIC
6.095,6.11,6.08,6.11,7663,2021-01-04 18:20:00,OTIC
6.12,6.12,6.1,6.1124,2565,2021-01-04 18:25:00,OTIC
6.11,6.14,6.1,6.13,5804,2021-01-04 18:30:00,OTIC
6.13,6.14,6.13,6.14,9750,2021-01-04 18:35:00,OTIC
6.13,6.14,6.12,6.1332,1200,2021-01-04 18:40:00,OTIC
6.125,6.125,6.1,6.1,1538,2021-01-04 18:45:00,OTIC
6.1099,6.13,6.08,6.13,4738,2021-01-04 18:50:00,OTIC
6.13,6.14,6.12,6.12,3956,2021-01-04 18:55:00,OTIC
6.115,6.2,6.115,6.145,6578,2021-01-04 19:00:00,OTIC
6.145,6.145,6.12,6.12,600,2021-01-04 19:05:00,OTIC
6.11,6.125,6.11,6.125,700,2021-01-04 19:10:00,OTIC
6.125,6.125,6.11,6.11,800,2021-01-04 19:15:00,OTIC
6.1,6.1,6.095,6.095,3024,2021-01-04 19:20:00,OTIC
6.08,6.12,6.08,6.1,2040,2021-01-04 19:25:00,OTIC
6.1,6.11,6.09,6.1,1556,2021-01-04 19:30:00,OTIC
6.1,6.11,6.1,6.1,700,2021-01-04 19:35:00,OTIC
6.1001,6.1001,6.075,6.085,4114,2021-01-04 19:40:00,OTIC
6.085,6.11,6.07,6.1,7156,2021-01-04 19:45:00,OTIC
6.09,6.1,6.08,6.085,1829,2021-01-04 19:50:00,OTIC
6.09,6.11,6.09,6.1,1500,2021-01-04 19:55:00,OTIC
6.11,6.15,6.11,6.1201,6139,2021-01-04 20:00:00,OTIC
6.14,6.14,6.14,6.14,100,2021-01-04 20:05:00,OTIC
6.14,6.14,6.09,6.1,3749,2021-01-04 20:10:00,OTIC
6.09,6.1,6.08,6.08,2106,2021-01-04 20:15:00,OTIC
6.09,6.1,6.08,6.09,3806,2021-01-04 20:20:00,OTIC
6.085,6.1,6.07,6.09,1959,2021-01-04 20:25:00,OTIC
6.1,6.1,6.085,6.085,2200,2021-01-04 20:30:00,OTIC
6.1,6.14,6.09,6.11,7177,2021-01-04 20:35:00,OTIC
6.1,6.14,6.1,6.11,6468,2021-01-04 20:40:00,OTIC
6.1,6.15,6.1,6.15,3903,2021-01-04 20:45:00,OTIC
6.15,6.18,6.145,6.18,10432,2021-01-04 20:50:00,OTIC
6.18,6.2,6.15,6.16,18181,2021-01-04 20:55:00,OTIC
6.175,6.175,6.175,6.175,30555,2021-01-04 21:00:00,OTIC
6.08,6.08,6.08,6.08,700,2021-01-04 21:10:00,OTIC
6.0001,6.0001,6.0001,6.0001,1000,2021-01-04 22:25:00,OTIC
6.2,6.2,6.2,6.2,2000,2021-01-05 13:25:00,OTIC
6.21,6.29,6.17,6.17,13064,2021-01-05 14:30:00,OTIC
6.215,6.215,6.215,6.215,450,2021-01-05 14:35:00,OTIC
6.2392,6.28,6.18,6.1993,7149,2021-01-05 14:40:00,OTIC
6.24,6.28,6.2001,6.27,5475,2021-01-05 14:45:00,OTIC
6.2397,6.27,6.2,6.27,700,2021-01-05 14:50:00,OTIC
6.25,6.25,6.19,6.19,700,2021-01-05 14:55:00,OTIC
6.19,6.2,6.11,6.1371,1115,2021-01-05 15:00:00,OTIC
6.09,6.09,6.05,6.05,600,2021-01-05 15:05:00,OTIC
6.05,6.05,6.05,6.05,100,2021-01-05 15:10:00,OTIC
6.0969,6.0969,6.05,6.05,350,2021-01-05 15:15:00,OTIC
6.1782,6.1782,6.07,6.15,7766,2021-01-05 15:20:00,OTIC
6.1,6.15,6.09,6.15,2000,2021-01-05 15:25:00,OTIC
6.09,6.09,6.06,6.06,1394,2021-01-05 15:30:00,OTIC
6.05,6.13,6.05,6.1101,1125,2021-01-05 15:35:00,OTIC
6.12,6.13,6.11,6.11,650,2021-01-05 15:40:00,OTIC
6.11,6.18,6.11,6.145,7109,2021-01-05 15:45:00,OTIC
6.12,6.18,6.12,6.18,900,2021-01-05 15:50:00,OTIC
6.15,6.2,6.15,6.2,2931,2021-01-05 15:55:00,OTIC
6.24,6.24,6.24,6.24,100,2021-01-05 16:00:00,OTIC
6.22,6.25,6.22,6.25,200,2021-01-05 16:05:00,OTIC
6.23,6.23,6.2,6.2,700,2021-01-05 16:10:00,OTIC
6.195,6.24,6.195,6.2,1000,2021-01-05 16:15:00,OTIC
6.195,6.2,6.195,6.2,200,2021-01-05 16:20:00,OTIC
6.19,6.19,6.19,6.19,100,2021-01-05 16:25:00,OTIC
6.2,6.215,6.195,6.2,1275,2021-01-05 16:30:00,OTIC
6.2199,6.24,6.195,6.195,800,2021-01-05 16:35:00,OTIC
6.23,6.29,6.205,6.29,6025,2021-01-05 16:40:00,OTIC
6.28,6.28,6.27,6.27,550,2021-01-05 16:45:00,OTIC
6.24,6.27,6.24,6.27,1050,2021-01-05 16:50:00,OTIC
6.25,6.25,6.25,6.25,150,2021-01-05 16:55:00,OTIC
6.27,6.27,6.25,6.25,200,2021-01-05 17:00:00,OTIC
6.26,6.26,6.23,6.23,1000,2021-01-05 17:05:00,OTIC
6.23,6.23,6.2,6.2264,991,2021-01-05 17:10:00,OTIC
6.19,6.21,6.19,6.21,500,2021-01-05 17:15:00,OTIC
6.22,6.22,6.2,6.2,2119,2021-01-05 17:20:00,OTIC
6.19,6.19,6.19,6.19,200,2021-01-05 17:25:00,OTIC
6.2,6.23,6.2,6.22,1600,2021-01-05 17:30:00,OTIC
6.2301,6.26,6.195,6.26,7932,2021-01-05 17:35:00,OTIC
6.25,6.27,6.2,6.2,9860,2021-01-05 17:40:00,OTIC
6.21,6.22,6.21,6.21,300,2021-01-05 17:45:00,OTIC
6.24,6.24,6.24,6.24,100,2021-01-05 17:55:00,OTIC
6.2,6.2,6.2,6.2,100,2021-01-05 18:05:00,OTIC
6.2,6.2,6.2,6.2,200,2021-01-05 18:10:00,OTIC
6.22,6.24,6.21,6.24,500,2021-01-05 18:15:00,OTIC
6.21,6.24,6.21,6.24,400,2021-01-05 18:20:00,OTIC
6.21,6.225,6.21,6.22,976,2021-01-05 18:25:00,OTIC
6.21,6.21,6.2,6.2,2740,2021-01-05 18:30:00,OTIC
6.2,6.205,6.2,6.2,300,2021-01-05 18:35:00,OTIC
6.2,6.205,6.195,6.195,900,2021-01-05 18:40:00,OTIC
6.2,6.2,6.2,6.2,1600,2021-01-05 18:45:00,OTIC
6.2,6.2,6.195,6.2,1200,2021-01-05 18:50:00,OTIC
6.2,6.2,6.2,6.2,200,2021-01-05 18:55:00,OTIC
6.2,6.215,6.2,6.2,1975,2021-01-05 19:00:00,OTIC
6.2,6.2,6.2,6.2,600,2021-01-05 19:05:00,OTIC
6.2,6.22,6.2,6.22,1800,2021-01-05 19:15:00,OTIC
6.23,6.23,6.22,6.22,200,2021-01-05 19:20:00,OTIC
6.21,6.21,6.2,6.2,700,2021-01-05 19:25:00,OTIC
6.2093,6.2093,6.19,6.2,1904,2021-01-05 19:30:00,OTIC
6.19,6.2,6.19,6.195,2100,2021-01-05 19:35:00,OTIC
6.22,6.22,6.2,6.2,700,2021-01-05 19:40:00,OTIC
6.22,6.22,6.1997,6.2,1800,2021-01-05 19:45:00,OTIC
6.215,6.215,6.2,6.2,1592,2021-01-05 19:50:00,OTIC
6.2,6.21,6.195,6.195,1600,2021-01-05 19:55:00,OTIC
6.19,6.23,6.19,6.2,1783,2021-01-05 20:05:00,OTIC
6.23,6.23,6.2,6.2,2500,2021-01-05 20:10:00,OTIC
6.23,6.23,6.192,6.192,2482,2021-01-05 20:15:00,OTIC
6.22,6.22,6.22,6.22,100,2021-01-05 20:20:00,OTIC
6.2,6.2,6.175,6.2,13812,2021-01-05 20:25:00,OTIC
6.2,6.24,6.2,6.23,2737,2021-01-05 20:30:00,OTIC
6.23,6.24,6.21,6.215,3277,2021-01-05 20:35:00,OTIC
6.2,6.23,6.2,6.2,1576,2021-01-05 20:40:00,OTIC
6.21,6.23,6.18,6.2,13565,2021-01-05 20:45:00,OTIC
6.22,6.22,6.2,6.2,5824,2021-01-05 20:50:00,OTIC
6.21,6.24,6.1801,6.22,11821,2021-01-05 20:55:00,OTIC
6.23,6.23,6.23,6.23,7658,2021-01-05 21:00:00,OTIC
6.23,6.23,6.23,6.23,10244,2021-01-05 22:10:00,OTIC
6.29,6.3,6.22,6.22,8807,2021-01-06 14:30:00,OTIC
6.19,6.3,6.19,6.3,1470,2021-01-06 14:35:00,OTIC
6.2001,6.3,6.2001,6.25,2400,2021-01-06 14:40:00,OTIC
6.248,6.248,6.21,6.22,1180,2021-01-06 14:45:00,OTIC
6.2202,6.3,6.2202,6.3,200,2021-01-06 14:50:00,OTIC
6.27,6.39,6.25,6.39,6247,2021-01-06 14:55:00,OTIC
6.39,6.55,6.39,6.55,2907,2021-01-06 15:00:00,OTIC
6.5004,6.5004,6.42,6.5,3853,2021-01-06 15:05:00,OTIC
6.5,6.54,6.46,6.49,7410,2021-01-06 15:10:00,OTIC
6.4901,6.5211,6.49,6.5,5037,2021-01-06 15:15:00,OTIC
6.5,6.505,6.5,6.505,1700,2021-01-06 15:20:00,OTIC
6.5,6.55,6.5,6.545,5862,2021-01-06 15:25:00,OTIC
6.545,6.75,6.54,6.74,35532,2021-01-06 15:30:00,OTIC
6.6872,6.983,6.6872,6.953,68668,2021-01-06 15:35:00,OTIC
6.92,6.9784,6.77,6.84,23115,2021-01-06 15:40:00,OTIC
6.8,6.8339,6.73,6.77,13481,2021-01-06 15:45:00,OTIC
6.7768,6.79,6.68,6.695,18373,2021-01-06 15:50:00,OTIC
6.695,6.74,6.68,6.7,10330,2021-01-06 15:55:00,OTIC
6.69,6.7,6.57,6.5702,16067,2021-01-06 16:00:00,OTIC
6.605,6.65,6.605,6.649,4998,2021-01-06 16:05:00,OTIC
6.62,6.6378,6.52,6.5222,27639,2021-01-06 16:10:00,OTIC
6.52,6.54,6.35,6.35,33342,2021-01-06 16:15:00,OTIC
6.345,6.459,6.32,6.38,17816,2021-01-06 16:20:00,OTIC
6.38,6.43,6.36,6.42,65504,2021-01-06 16:25:00,OTIC
6.41,6.41,6.3,6.315,23731,2021-01-06 16:30:00,OTIC
6.3296,6.3296,6.25,6.305,36863,2021-01-06 16:35:00,OTIC
6.3,6.34,6.25,6.2877,24577,2021-01-06 16:40:00,OTIC
6.2638,6.33,6.25,6.33,10775,2021-01-06 16:45:00,OTIC
6.33,6.33,6.09,6.26,48187,2021-01-06 16:50:00,OTIC
6.2452,6.2452,6.21,6.23,3100,2021-01-06 16:55:00,OTIC
6.21,6.24,6.17,6.2063,9710,2021-01-06 17:00:00,OTIC
6.16,6.17,6.11,6.135,13600,2021-01-06 17:05:00,OTIC
6.15,6.21,6.145,6.21,11927,2021-01-06 17:10:00,OTIC
6.21,6.21,6.15,6.1799,10420,2021-01-06 17:15:00,OTIC
6.1501,6.16,6.1,6.1,12134,2021-01-06 17:20:00,OTIC
6.125,6.18,6.125,6.18,10731,2021-01-06 17:25:00,OTIC
6.18,6.2,6.14,6.17,8100,2021-01-06 17:30:00,OTIC
6.18,6.2,6.16,6.16,24340,2021-01-06 17:35:00,OTIC
6.18,6.18,6.16,6.17,1400,2021-01-06 17:40:00,OTIC
6.18,6.205,6.18,6.2,2800,2021-01-06 17:45:00,OTIC
6.2261,6.2261,6.16,6.19,9000,2021-01-06 17:50:00,OTIC
6.17,6.17,6.09,6.1,9480,2021-01-06 17:55:00,OTIC
6.1,6.12,5.98,6.03,33410,2021-01-06 18:00:00,OTIC
6.02,6.03,5.92,5.955,10471,2021-01-06 18:05:00,OTIC
5.97,5.97,5.93,5.93,19170,2021-01-06 18:10:00,OTIC
5.94,5.96,5.92,5.9379,8900,2021-01-06 18:15:00,OTIC
5.93,5.97,5.93,5.967,12920,2021-01-06 18:20:00,OTIC
5.955,5.97,5.93,5.94,6563,2021-01-06 18:25:00,OTIC
5.94,6.025,5.94,6.01,15286,2021-01-06 18:30:00,OTIC
6.03,6.04,5.99,5.99,7433,2021-01-06 18:35:00,OTIC
6.005,6.0064,5.97,5.98,3419,2021-01-06 18:40:00,OTIC
5.98,5.98,5.93,5.93,7062,2021-01-06 18:45:00,OTIC
5.9599,5.96,5.81,5.835,43869,2021-01-06 18:50:00,OTIC
5.8345,5.9592,5.8216,5.9406,23525,2021-01-06 18:55:00,OTIC
5.96,5.98,5.94,5.94,8071,2021-01-06 19:00:00,OTIC
5.945,5.9752,5.935,5.9397,6300,2021-01-06 19:05:00,OTIC
5.935,5.98,5.915,5.97,10976,2021-01-06 19:10:00,OTIC
5.98,5.98,5.91,5.95,9402,2021-01-06 19:15:00,OTIC
5.935,5.96,5.93,5.94,5975,2021-01-06 19:20:00,OTIC
5.945,5.96,5.9204,5.94,8413,2021-01-06 19:25:00,OTIC
5.9362,5.94,5.912,5.93,6250,2021-01-06 19:30:00,OTIC
5.925,5.925,5.82,5.82,21673,2021-01-06 19:35:00,OTIC
5.82,5.84,5.69,5.77,29445,2021-01-06 19:40:00,OTIC
5.7601,5.78,5.7,5.75,5443,2021-01-06 19:45:00,OTIC
5.73,5.76,5.71,5.7424,7334,2021-01-06 19:50:00,OTIC
5.74,5.78,5.72,5.72,20383,2021-01-06 19:55:00,OTIC
5.735,5.75,5.73,5.73,1199,2021-01-06 20:00:00,OTIC
5.735,5.82,5.735,5.82,14482,2021-01-06 20:05:00,OTIC
5.8123,5.89,5.8123,5.8545,10685,2021-01-06 20:10:00,OTIC
5.87,5.89,5.8625,5.8625,1900,2021-01-06 20:15:00,OTIC
5.89,5.89,5.86,5.86,5600,2021-01-06 20:20:00,OTIC
5.88,5.88,5.84,5.87,3806,2021-01-06 20:25:00,OTIC
5.87,5.87,5.79,5.85,4230,2021-01-06 20:30:00,OTIC
5.85,5.85,5.81,5.83,6442,2021-01-06 20:35:00,OTIC
5.82,5.8396,5.7674,5.82,3600,2021-01-06 20:40:00,OTIC
5.82,5.87,5.76,5.87,5353,2021-01-06 20:45:00,OTIC
5.8644,5.88,5.8399,5.87,8412,2021-01-06 20:50:00,OTIC
5.8556,5.87,5.81,5.86,25452,2021-01-06 20:55:00,OTIC
5.86,5.86,5.86,5.86,18667,2021-01-06 21:00:00,OTIC
5.87,5.87,5.87,5.87,253,2021-01-06 21:35:00,OTIC
5.83,5.83,5.83,5.83,500,2021-01-06 22:05:00,OTIC
5.83,5.83,5.82,5.82,450,2021-01-06 22:10:00,OTIC
5.87,5.87,5.87,5.87,5000,2021-01-06 22:30:00,OTIC
5.86,5.86,5.86,5.86,130,2021-01-07 13:05:00,OTIC
5.87,5.9051,5.85,5.9,6322,2021-01-07 14:30:00,OTIC
5.9372,5.9372,5.927,5.927,1500,2021-01-07 14:35:00,OTIC
5.9201,5.9201,5.81,5.81,11923,2021-01-07 14:40:00,OTIC
5.8,5.825,5.8,5.825,1128,2021-01-07 14:45:00,OTIC
5.825,5.85,5.8,5.8061,14044,2021-01-07 14:50:00,OTIC
5.84,5.85,5.8,5.815,3133,2021-01-07 14:55:00,OTIC
5.815,5.82,5.76,5.76,27748,2021-01-07 15:00:00,OTIC
5.76,5.84,5.76,5.84,3550,2021-01-07 15:05:00,OTIC
5.81,5.84,5.81,5.82,700,2021-01-07 15:10:00,OTIC
5.82,5.84,5.8054,5.8054,1201,2021-01-07 15:15:00,OTIC
5.8,5.86,5.8,5.845,2080,2021-01-07 15:20:00,OTIC
5.84,5.85,5.73,5.77,25907,2021-01-07 15:25:00,OTIC
5.79,5.79,5.78,5.785,3064,2021-01-07 15:30:00,OTIC
5.78,5.8,5.77,5.79,3200,2021-01-07 15:35:00,OTIC
5.8,5.8,5.73,5.7666,21563,2021-01-07 15:40:00,OTIC
5.76,5.7934,5.76,5.76,8596,2021-01-07 15:45:00,OTIC
5.7601,5.775,5.7562,5.7562,2476,2021-01-07 15:50:00,OTIC
5.773,5.775,5.748,5.75,14252,2021-01-07 15:55:00,OTIC
5.74,5.75,5.74,5.74,3024,2021-01-07 16:00:00,OTIC
5.75,5.89,5.75,5.8601,29083,2021-01-07 16:05:00,OTIC
5.875,5.875,5.8,5.84,17661,2021-01-07 16:10:00,OTIC
5.86,5.865,5.8401,5.865,600,2021-01-07 16:15:00,OTIC
5.85,5.91,5.85,5.9,3372,2021-01-07 16:20:00,OTIC
5.9,5.91,5.88,5.88,500,2021-01-07 16:25:00,OTIC
5.8894,5.91,5.88,5.9098,8754,2021-01-07 16:30:00,OTIC
5.91,5.91,5.91,5.91,200,2021-01-07 16:35:00,OTIC
5.895,5.895,5.87,5.87,500,2021-01-07 16:40:00,OTIC
5.87,5.875,5.86,5.865,1218,2021-01-07 16:45:00,OTIC
5.8301,5.89,5.83,5.83,528,2021-01-07 16:50:00,OTIC
5.83,5.8301,5.83,5.8301,600,2021-01-07 16:55:00,OTIC
5.89,5.9,5.8705,5.9,2888,2021-01-07 17:00:00,OTIC
5.9,5.9,5.88,5.88,845,2021-01-07 17:05:00,OTIC
5.88,5.88,5.85,5.85,700,2021-01-07 17:10:00,OTIC
5.92,5.92,5.855,5.855,200,2021-01-07 17:20:00,OTIC
5.885,5.92,5.88,5.88,1029,2021-01-07 17:25:00,OTIC
5.9,5.94,5.9,5.94,2115,2021-01-07 17:35:00,OTIC
5.94,5.94,5.9,5.92,2465,2021-01-07 17:40:00,OTIC
5.91,5.9308,5.91,5.91,1446,2021-01-07 17:45:00,OTIC
5.935,5.98,5.9103,5.98,7979,2021-01-07 17:50:00,OTIC
5.97,5.98,5.96,5.97,1600,2021-01-07 17:55:00,OTIC
5.97,5.9898,5.97,5.9898,1200,2021-01-07 18:00:00,OTIC
5.99,5.99,5.955,5.99,1368,2021-01-07 18:05:00,OTIC
5.98,6.01,5.98,6.01,2795,2021-01-07 18:10:00,OTIC
6.03,6.04,6.0101,6.025,866,2021-01-07 18:15:00,OTIC
6.025,6.03,6.0,6.0,3089,2021-01-07 18:20:00,OTIC
6.0,6.01,5.99,5.99,1958,2021-01-07 18:25:00,OTIC
5.9999,6.0,5.975,6.0,1578,2021-01-07 18:30:00,OTIC
5.955,6.0,5.95,5.97,2100,2021-01-07 18:35:00,OTIC
5.97,5.97,5.97,5.97,1000,2021-01-07 18:40:00,OTIC
5.97,5.975,5.9654,5.975,741,2021-01-07 18:45:00,OTIC
5.99,6.02,5.9695,6.01,2414,2021-01-07 18:50:00,OTIC
6.01,6.02,6.0,6.0,2108,2021-01-07 18:55:00,OTIC
6.0,6.0,6.0,6.0,1030,2021-01-07 19:00:00,OTIC
6.0,6.0,5.94,6.0,4075,2021-01-07 19:05:00,OTIC
5.99,5.99,5.97,5.97,1100,2021-01-07 19:10:00,OTIC
5.97,5.98,5.95,5.95,701,2021-01-07 19:15:00,OTIC
5.98,5.98,5.965,5.965,1000,2021-01-07 19:20:00,OTIC
5.951,5.98,5.9501,5.965,2763,2021-01-07 19:25:00,OTIC
5.95,5.965,5.92,5.92,4718,2021-01-07 19:30:00,OTIC
5.933,5.933,5.933,5.933,500,2021-01-07 19:35:00,OTIC
5.9101,5.9101,5.9101,5.9101,400,2021-01-07 19:40:00,OTIC
5.92,5.92,5.92,5.92,200,2021-01-07 19:45:00,OTIC
5.92,5.92,5.92,5.92,313,2021-01-07 19:50:00,OTIC
5.92,5.92,5.8905,5.8905,880,2021-01-07 19:55:00,OTIC
5.88,5.9,5.88,5.88,400,2021-01-07 20:00:00,OTIC
5.905,5.92,5.8901,5.92,3759,2021-01-07 20:10:00,OTIC
5.89,5.95,5.89,5.945,2000,2021-01-07 20:15:00,OTIC
5.9301,5.9301,5.93,5.93,673,2021-01-07 20:20:00,OTIC
5.9101,5.95,5.91,5.95,500,2021-01-07 20:25:00,OTIC
5.91,5.95,5.91,5.95,4821,2021-01-07 20:30:00,OTIC
5.94,6.02,5.92,6.02,9623,2021-01-07 20:35:00,OTIC
6.02,6.08,6.0,6.065,6154,2021-01-07 20:40:00,OTIC
6.08,6.1,6.0072,6.03,13100,2021-01-07 20:45:00,OTIC
6.03,6.06,6.01,6.06,21268,2021-01-07 20:50:00,OTIC
6.06,6.07,6.03,6.06,18345,2021-01-07 20:55:00,OTIC
6.06,6.06,6.06,6.06,21415,2021-01-07 21:00:00,OTIC
6.1,6.1,6.1,6.1,100,2021-01-07 21:55:00,OTIC
6.16,6.16,6.16,6.16,200,2021-01-08 14:00:00,OTIC
6.16,6.16,6.16,6.16,100,2021-01-08 14:05:00,OTIC
6.09,6.09,6.09,6.09,100,2021-01-08 14:25:00,OTIC
6.1,6.15,6.1,6.1,6897,2021-01-08 14:30:00,OTIC
6.06,6.08,5.97,6.0,11620,2021-01-08 14:35:00,OTIC
5.965,6.0,5.93,5.95,10250,2021-01-08 14:40:00,OTIC
5.955,5.955,5.9,5.905,9991,2021-01-08 14:45:00,OTIC
5.94,6.0,5.94,5.9737,15015,2021-01-08 14:50:00,OTIC
5.983,5.983,5.97,5.975,2503,2021-01-08 14:55:00,OTIC
5.985,6.0,5.985,6.0,3908,2021-01-08 15:00:00,OTIC
6.05,6.05,6.0,6.03,4595,2021-01-08 15:05:00,OTIC
6.0,6.02,6.0,6.0,1009,2021-01-08 15:10:00,OTIC
6.005,6.0144,5.97,5.97,4508,2021-01-08 15:15:00,OTIC
5.99,5.99,5.92,5.92,5156,2021-01-08 15:20:00,OTIC
5.92,5.9599,5.9094,5.9499,4896,2021-01-08 15:25:00,OTIC
5.92,5.93,5.89,5.9,6190,2021-01-08 15:30:00,OTIC
5.91,5.92,5.9,5.905,1775,2021-01-08 15:35:00,OTIC
5.92,5.96,5.89,5.96,3217,2021-01-08 15:40:00,OTIC
5.96,5.96,5.9101,5.9101,600,2021-01-08 15:45:00,OTIC
5.96,6.02,5.935,6.02,1663,2021-01-08 15:50:00,OTIC
6.03,6.04,5.99,5.99,7135,2021-01-08 15:55:00,OTIC
6.0,6.0,5.95,6.0,700,2021-01-08 16:10:00,OTIC
6.0,6.0,6.0,6.0,100,2021-01-08 16:15:00,OTIC
5.975,6.0,5.975,5.975,1550,2021-01-08 16:20:00,OTIC
5.98,5.9998,5.98,5.9998,1661,2021-01-08 16:25:00,OTIC
5.965,6.04,5.96,6.04,3738,2021-01-08 16:30:00,OTIC
6.009,6.01,6.009,6.01,1715,2021-01-08 16:35:00,OTIC
6.01,6.02,6.0,6.0,863,2021-01-08 16:40:00,OTIC
6.01,6.01,6.0,6.0,1200,2021-01-08 16:45:00,OTIC
5.99,6.01,5.99,6.0,4226,2021-01-08 16:50:00,OTIC
6.0,6.0,5.99,6.0,300,2021-01-08 16:55:00,OTIC
6.0,6.0,5.99,5.99,1300,2021-01-08 17:00:00,OTIC
5.995,5.995,5.995,5.995,200,2021-01-08 17:05:00,OTIC
5.99,6.01,5.99,6.01,1404,2021-01-08 17:10:00,OTIC
6.02,6.04,6.02,6.04,303,2021-01-08 17:15:00,OTIC
6.025,6.025,6.01,6.01,600,2021-01-08 17:20:00,OTIC
6.01,6.02,5.99,6.0175,2179,2021-01-08 17:25:00,OTIC
6.0,6.0,6.0,6.0,1200,2021-01-08 17:30:00,OTIC
6.01,6.01,6.01,6.01,100,2021-01-08 17:35:00,OTIC
6.03,6.03,6.0,6.015,1975,2021-01-08 17:40:00,OTIC
6.0,6.0,5.99,5.99,727,2021-01-08 17:45:00,OTIC
5.98,6.0,5.98,5.98,1700,2021-01-08 17:50:00,OTIC
6.0,6.0,6.0,6.0,100,2021-01-08 17:55:00,OTIC
6.0,6.0,5.96,5.96,2065,2021-01-08 18:00:00,OTIC
5.94,5.94,5.9,5.9,635,2021-01-08 18:05:00,OTIC
5.92,5.92,5.9,5.92,1300,2021-01-08 18:10:00,OTIC
5.91,5.94,5.91,5.94,1599,2021-01-08 18:15:00,OTIC
5.94,5.94,5.9,5.93,2219,2021-01-08 18:20:00,OTIC
5.92,5.95,5.92,5.95,3000,2021-01-08 18:25:00,OTIC
5.9598,5.9598,5.94,5.945,999,2021-01-08 18:30:00,OTIC
5.95,5.95,5.93,5.93,1832,2021-01-08 18:35:00,OTIC
5.93,5.93,5.92,5.93,900,2021-01-08 18:40:00,OTIC
5.93,5.97,5.92,5.959,1550,2021-01-08 18:45:00,OTIC
5.95,5.97,5.94,5.94,503,2021-01-08 18:50:00,OTIC
5.97,5.97,5.97,5.97,100,2021-01-08 18:55:00,OTIC
5.95,5.95,5.93,5.93,800,2021-01-08 19:00:00,OTIC
5.92,5.92,5.92,5.92,100,2021-01-08 19:05:00,OTIC
5.92,5.96,5.92,5.935,17089,2021-01-08 19:10:00,OTIC
5.935,5.96,5.93,5.96,21833,2021-01-08 19:15:00,OTIC
5.99,5.99,5.95,5.95,600,2021-01-08 19:20:00,OTIC
5.95,5.95,5.94,5.95,946,2021-01-08 19:25:00,OTIC
5.96,5.96,5.91,5.91,1030,2021-01-08 19:30:00,OTIC
5.935,5.935,5.92,5.92,1000,2021-01-08 19:35:00,OTIC
5.925,5.93,5.9,5.9,2722,2021-01-08 19:40:00,OTIC
5.91,5.91,5.89,5.9,3984,2021-01-08 19:45:00,OTIC
5.895,5.9,5.89,5.89,4898,2021-01-08 19:50:00,OTIC
5.875,5.875,5.87,5.87,600,2021-01-08 19:55:00,OTIC
5.8799,5.89,5.87,5.89,6561,2021-01-08 20:00:00,OTIC
5.895,5.92,5.895,5.91,2765,2021-01-08 20:05:00,OTIC
5.92,5.925,5.89,5.92,2662,2021-01-08 20:10:00,OTIC
5.89,5.9,5.85,5.85,12192,2021-01-08 20:15:00,OTIC
5.85,5.85,5.81,5.82,10759,2021-01-08 20:20:00,OTIC
5.82,5.84,5.815,5.83,2910,2021-01-08 20:25:00,OTIC
5.82,5.84,5.82,5.84,790,2021-01-08 20:30:00,OTIC
5.837,5.87,5.83,5.855,4762,2021-01-08 20:35:00,OTIC
5.868,5.91,5.86,5.91,6618,2021-01-08 20:40:00,OTIC
5.92,5.94,5.86,5.86,6749,2021-01-08 20:45:00,OTIC
5.87,5.9,5.86,5.9,4584,2021-01-08 20:50:00,OTIC
5.91,5.93,5.86,5.87,18250,2021-01-08 20:55:00,OTIC
5.89,5.89,5.89,5.89,8901,2021-01-08 21:00:00,OTIC
5.85,5.85,5.85,5.85,1000,2021-01-08 23:55:00,OTIC
5.9,5.9,5.9,5.9,920,2021-01-11 12:25:00,OTIC
5.89,5.89,5.89,5.89,7270,2021-01-11 13:25:00,OTIC
5.79,5.803,5.76,5.8,6735,2021-01-11 14:30:00,OTIC
5.92,5.92,5.72,5.72,10340,2021-01-11 14:35:00,OTIC
5.735,5.735,5.61,5.61,10537,2021-01-11 14:40:00,OTIC
5.6466,5.6911,5.62,5.6911,5002,2021-01-11 14:45:00,OTIC
5.67,5.725,5.64,5.7,2459,2021-01-11 14:50:00,OTIC
5.6601,5.7499,5.65,5.7499,4876,2021-01-11 14:55:00,OTIC
5.65,5.74,5.65,5.6801,3795,2021-01-11 15:00:00,OTIC
5.68,5.68,5.51,5.61,23588,2021-01-11 15:05:00,OTIC
5.5855,5.5855,5.55,5.5773,3300,2021-01-11 15:10:00,OTIC
5.55,5.62,5.55,5.61,2636,2021-01-11 15:15:00,OTIC
5.62,5.66,5.62,5.65,1649,2021-01-11 15:20:00,OTIC
5.65,5.65,5.63,5.65,2170,2021-01-11 15:25:00,OTIC
5.65,5.654,5.65,5.654,811,2021-01-11 15:30:00,OTIC
5.63,5.6311,5.57,5.57,7049,2021-01-11 15:35:00,OTIC
5.6,5.6,5.5301,5.58,9710,2021-01-11 15:40:00,OTIC
5.6,5.6,5.54,5.54,3756,2021-01-11 15:45:00,OTIC
5.56,5.58,5.56,5.58,200,2021-01-11 15:50:00,OTIC
5.55,5.55,5.54,5.54,1844,2021-01-11 15:55:00,OTIC
5.54,5.54,5.47,5.48,9499,2021-01-11 16:00:00,OTIC
5.4603,5.545,5.37,5.545,47151,2021-01-11 16:05:00,OTIC
5.53,5.55,5.53,5.55,1500,2021-01-11 16:10:00,OTIC
5.5352,5.5364,5.52,5.5364,2500,2021-01-11 16:15:00,OTIC
5.5201,5.57,5.5201,5.57,2608,2021-01-11 16:20:00,OTIC
5.55,5.59,5.55,5.56,1000,2021-01-11 16:25:00,OTIC
5.59,5.59,5.4901,5.4901,3847,2021-01-11 16:30:00,OTIC
5.51,5.515,5.5,5.515,3454,2021-01-11 16:35:00,OTIC
5.5,5.515,5.48,5.48,5763,2021-01-11 16:40:00,OTIC
5.465,5.4836,5.465,5.4654,4457,2021-01-11 16:45:00,OTIC
5.47,5.5,5.46,5.5,2725,2021-01-11 16:50:00,OTIC
5.4998,5.55,5.4998,5.52,2415,2021-01-11 16:55:00,OTIC
5.52,5.55,5.5101,5.54,1659,2021-01-11 17:00:00,OTIC
5.53,5.535,5.49,5.5,4100,2021-01-11 17:05:00,OTIC
5.49,5.49,5.46,5.46,1800,2021-01-11 17:10:00,OTIC
5.5,5.5,5.5,5.5,100,2021-01-11 17:15:00,OTIC
5.5,5.54,5.49,5.5,6019,2021-01-11 17:20:00,OTIC
5.5058,5.5058,5.48,5.48,300,2021-01-11 17:25:00,OTIC
5.49,5.52,5.49,5.505,1181,2021-01-11 17:30:00,OTIC
5.51,5.53,5.49,5.51,12562,2021-01-11 17:35:00,OTIC
5.5399,5.57,5.5,5.5056,13232,2021-01-11 17:40:00,OTIC
5.5084,5.5084,5.4701,5.5001,24010,2021-01-11 17:45:00,OTIC
5.525,5.53,5.5132,5.53,1600,2021-01-11 17:50:00,OTIC
5.53,5.55,5.5,5.53,15611,2021-01-11 17:55:00,OTIC
5.5399,5.56,5.5194,5.54,5615,2021-01-11 18:00:00,OTIC
5.55,5.55,5.52,5.535,16281,2021-01-11 18:05:00,OTIC
5.545,5.545,5.53,5.54,480,2021-01-11 18:10:00,OTIC
5.55,5.55,5.53,5.53,1520,2021-01-11 18:15:00,OTIC
5.55,5.565,5.53,5.53,13183,2021-01-11 18:25:00,OTIC
5.5094,5.5297,5.5,5.52,7200,2021-01-11 18:30:00,OTIC
5.5,5.5,5.45,5.4674,9178,2021-01-11 18:35:00,OTIC
5.45,5.47,5.44,5.44,1400,2021-01-11 18:40:00,OTIC
5.45,5.5,5.45,5.5,2160,2021-01-11 18:45:00,OTIC
5.5,5.53,5.48,5.53,2939,2021-01-11 18:50:00,OTIC
5.51,5.51,5.49,5.4974,6094,2021-01-11 18:55:00,OTIC
5.4201,5.48,5.38,5.43,14301,2021-01-11 19:00:00,OTIC
5.47,5.48,5.47,5.48,300,2021-01-11 19:05:00,OTIC
5.48,5.48,5.42,5.43,1550,2021-01-11 19:10:00,OTIC
5.44,5.455,5.44,5.44,1400,2021-01-11 19:15:00,OTIC
5.44,5.44,5.41,5.41,1687,2021-01-11 19:20:00,OTIC
5.42,5.42,5.42,5.42,650,2021-01-11 19:25:00,OTIC
5.4329,5.44,5.43,5.435,1300,2021-01-11 19:30:00,OTIC
5.435,5.435,5.415,5.415,1402,2021-01-11 19:35:00,OTIC
5.415,5.415,5.415,5.415,200,2021-01-11 19:40:00,OTIC
5.43,5.44,5.43,5.44,1134,2021-01-11 19:45:00,OTIC
5.42,5.421,5.4,5.405,9840,2021-01-11 19:50:00,OTIC
5.4,5.4,5.3,5.35,16478,2021-01-11 19:55:00,OTIC
5.34,5.4,5.34,5.3908,1704,2021-01-11 20:00:00,OTIC
5.38,5.41,5.38,5.395,3697,2021-01-11 20:05:00,OTIC
5.394,5.41,5.38,5.41,1100,2021-01-11 20:10:00,OTIC
5.37,5.45,5.36,5.45,5618,2021-01-11 20:15:00,OTIC
5.46,5.47,5.44,5.46,2100,2021-01-11 20:20:00,OTIC
5.4,5.43,5.4,5.43,793,2021-01-11 20:25:00,OTIC
5.4239,5.46,5.41,5.415,3340,2021-01-11 20:30:00,OTIC
5.41,5.41,5.375,5.375,1613,2021-01-11 20:35:00,OTIC
5.34,5.41,5.32,5.3942,12196,2021-01-11 20:40:00,OTIC
5.38,5.4,5.355,5.36,1652,2021-01-11 20:45:00,OTIC
5.41,5.45,5.39,5.42,6433,2021-01-11 20:50:00,OTIC
5.45,5.46,5.43,5.44,8558,2021-01-11 20:55:00,OTIC
5.46,5.46,5.46,5.46,17059,2021-01-11 21:00:00,OTIC
5.47,5.65,5.47,5.6258,10589,2021-01-12 14:30:00,OTIC
5.55,5.55,5.52,5.5374,1400,2021-01-12 14:35:00,OTIC
5.4902,5.4902,5.49,5.49,1300,2021-01-12 14:40:00,OTIC
5.47,5.55,5.47,5.5078,784,2021-01-12 14:45:00,OTIC
5.49,5.53,5.49,5.53,700,2021-01-12 14:50:00,OTIC
5.4891,5.5,5.45,5.45,1900,2021-01-12 14:55:00,OTIC
5.44,5.5242,5.44,5.505,5814,2021-01-12 15:00:00,OTIC
5.5,5.53,5.48,5.5,2071,2021-01-12 15:10:00,OTIC
5.5,5.5,5.48,5.48,1983,2021-01-12 15:15:00,OTIC
5.47,5.505,5.47,5.47,2882,2021-01-12 15:20:00,OTIC
5.48,5.49,5.45,5.46,12650,2021-01-12 15:25:00,OTIC
5.46,5.46,5.46,5.46,100,2021-01-12 15:30:00,OTIC
5.48,5.48,5.45,5.45,2150,2021-01-12 15:35:00,OTIC
5.455,5.455,5.43,5.4534,1145,2021-01-12 15:40:00,OTIC
5.48,5.48,5.4356,5.455,600,2021-01-12 15:45:00,OTIC
5.45,5.455,5.43,5.445,2200,2021-01-12 15:50:00,OTIC
5.455,5.455,5.45,5.45,1187,2021-01-12 15:55:00,OTIC
5.45,5.46,5.4401,5.4401,2882,2021-01-12 16:00:00,OTIC
5.46,5.46,5.45,5.45,1700,2021-01-12 16:05:00,OTIC
5.45,5.47,5.45,5.47,1100,2021-01-12 16:10:00,OTIC
5.455,5.47,5.4501,5.4501,981,2021-01-12 16:15:00,OTIC
5.466,5.48,5.45,5.45,400,2021-01-12 16:20:00,OTIC
5.48,5.49,5.475,5.475,1100,2021-01-12 16:25:00,OTIC
5.49,5.5,5.46,5.5,1979,2021-01-12 16:30:00,OTIC
5.5,5.54,5.5,5.53,2326,2021-01-12 16:35:00,OTIC
5.53,5.54,5.52,5.53,5200,2021-01-12 16:40:00,OTIC
5.53,5.53,5.525,5.525,200,2021-01-12 16:45:00,OTIC
5.525,5.53,5.51,5.51,2285,2021-01-12 16:50:00,OTIC
5.51,5.51,5.46,5.46,3557,2021-01-12 16:55:00,OTIC
5.47,5.48,5.47,5.475,2595,2021-01-12 17:00:00,OTIC
5.49,5.49,5.49,5.49,100,2021-01-12 17:05:00,OTIC
5.4899,5.49,5.4775,5.4775,674,2021-01-12 17:10:00,OTIC
5.49,5.49,5.46,5.465,2600,2021-01-12 17:15:00,OTIC
5.4655,5.4655,5.465,5.465,2100,2021-01-12 17:20:00,OTIC
5.47,5.475,5.47,5.475,1443,2021-01-12 17:25:00,OTIC
5.46,5.465,5.46,5.465,1600,2021-01-12 17:30:00,OTIC
5.46,5.465,5.46,5.465,800,2021-01-12 17:35:00,OTIC
5.46,5.46,5.46,5.46,100,2021-01-12 17:40:00,OTIC
5.47,5.47,5.47,5.47,100,2021-01-12 17:45:00,OTIC
5.47,5.48,5.46,5.48,3799,2021-01-12 17:50:00,OTIC
5.46,5.47,5.46,5.47,900,2021-01-12 18:00:00,OTIC
5.48,5.48,5.45,5.46,2504,2021-01-12 18:05:00,OTIC
5.4501,5.4501,5.45,5.45,968,2021-01-12 18:10:00,OTIC
5.46,5.46,5.4511,5.4511,522,2021-01-12 18:15:00,OTIC
5.455,5.455,5.455,5.455,100,2021-01-12 18:20:00,OTIC
5.45,5.46,5.44,5.44,1905,2021-01-12 18:25:00,OTIC
5.44,5.44,5.435,5.435,795,2021-01-12 18:30:00,OTIC
5.43,5.43,5.425,5.425,1264,2021-01-12 18:35:00,OTIC
5.425,5.44,5.42,5.43,16433,2021-01-12 18:40:00,OTIC
5.435,5.48,5.435,5.46,9765,2021-01-12 18:45:00,OTIC
5.4796,5.51,5.47,5.4922,5675,2021-01-12 18:50:00,OTIC
5.5,5.5,5.49,5.5,2716,2021-01-12 18:55:00,OTIC
5.51,5.52,5.5,5.52,400,2021-01-12 19:00:00,OTIC
5.51,5.52,5.51,5.5101,3029,2021-01-12 19:05:00,OTIC
5.52,5.52,5.485,5.485,4315,2021-01-12 19:10:00,OTIC
5.4548,5.48,5.4548,5.48,3500,2021-01-12 19:15:00,OTIC
5.47,5.47,5.47,5.47,100,2021-01-12 19:20:00,OTIC
5.465,5.465,5.46,5.46,521,2021-01-12 19:25:00,OTIC
5.46,5.48,5.46,5.48,4949,2021-01-12 19:30:00,OTIC
5.48,5.49,5.475,5.48,2842,2021-01-12 19:40:00,OTIC
5.49,5.56,5.49,5.56,5900,2021-01-12 19:45:00,OTIC
5.56,5.58,5.56,5.58,700,2021-01-12 19:50:00,OTIC
5.58,5.59,5.57,5.59,504,2021-01-12 19:55:00,OTIC
5.59,5.65,5.59,5.64,21022,2021-01-12 20:00:00,OTIC
5.65,5.66,5.63,5.655,8172,2021-01-12 20:05:00,OTIC
5.65,5.67,5.64,5.645,1796,2021-01-12 20:10:00,OTIC
5.645,5.75,5.64,5.74,20754,2021-01-12 20:15:00,OTIC
5.73,5.74,5.73,5.73,2515,2021-01-12 20:20:00,OTIC
5.73,5.73,5.72,5.72,1700,2021-01-12 20:25:00,OTIC
5.72,5.72,5.69,5.7,3898,2021-01-12 20:30:00,OTIC
5.69,5.6968,5.69,5.6968,2800,2021-01-12 20:35:00,OTIC
5.695,5.695,5.61,5.615,15471,2021-01-12 20:40:00,OTIC
5.61,5.65,5.595,5.65,22389,2021-01-12 20:45:00,OTIC
5.635,5.65,5.63,5.632,13988,2021-01-12 20:50:00,OTIC
5.65,5.665,5.6,5.63,43401,2021-01-12 20:55:00,OTIC
5.64,5.64,5.64,5.64,6325,2021-01-12 21:00:00,OTIC
5.63,5.63,5.63,5.63,120,2021-01-12 21:45:00,OTIC
5.64,5.64,5.64,5.64,3300,2021-01-13 13:30:00,OTIC
5.6,5.625,5.56,5.625,5613,2021-01-13 14:30:00,OTIC
5.625,5.63,5.625,5.63,200,2021-01-13 14:35:00,OTIC
5.62,5.62,5.4982,5.4982,16676,2021-01-13 14:40:00,OTIC
5.5,5.54,5.45,5.54,7653,2021-01-13 14:45:00,OTIC
5.6,5.63,5.59,5.6,4100,2021-01-13 14:50:00,OTIC
5.61,5.61,5.6,5.6,604,2021-01-13 14:55:00,OTIC
5.61,5.61,5.58,5.6,1931,2021-01-13 15:00:00,OTIC
5.58,5.6166,5.56,5.6166,27023,2021-01-13 15:05:00,OTIC
5.64,5.64,5.64,5.64,1000,2021-01-13 15:10:00,OTIC
5.62,5.62,5.62,5.62,600,2021-01-13 15:15:00,OTIC
5.6454,5.6454,5.6454,5.6454,1000,2021-01-13 15:20:00,OTIC
5.65,5.72,5.65,5.72,10480,2021-01-13 15:25:00,OTIC
5.72,5.7599,5.72,5.74,385,2021-01-13 15:30:00,OTIC
5.705,5.735,5.705,5.71,10800,2021-01-13 15:35:00,OTIC
5.7005,5.71,5.7005,5.71,200,2021-01-13 15:40:00,OTIC
5.71,5.74,5.71,5.74,30518,2021-01-13 15:45:00,OTIC
5.71,5.735,5.68,5.68,4145,2021-01-13 15:50:00,OTIC
5.68,5.68,5.68,5.68,200,2021-01-13 15:55:00,OTIC
5.68,5.68,5.68,5.68,200,2021-01-13 16:00:00,OTIC
5.68,5.68,5.67,5.68,824,2021-01-13 16:05:00,OTIC
5.69,5.69,5.6766,5.68,300,2021-01-13 16:10:00,OTIC
5.685,5.685,5.685,5.685,100,2021-01-13 16:15:00,OTIC
5.685,5.69,5.66,5.675,1452,2021-01-13 16:20:00,OTIC
5.65,5.65,5.61,5.65,400,2021-01-13 16:25:00,OTIC
5.64,5.64,5.64,5.64,204,2021-01-13 16:30:00,OTIC
5.6353,5.67,5.615,5.67,1660,2021-01-13 16:35:00,OTIC
5.65,5.65,5.65,5.65,100,2021-01-13 16:40:00,OTIC
5.67,5.6786,5.52,5.52,21851,2021-01-13 16:45:00,OTIC
5.515,5.59,5.51,5.58,10340,2021-01-13 16:50:00,OTIC
5.575,5.575,5.5,5.535,1635,2021-01-13 16:55:00,OTIC
5.5301,5.63,5.5301,5.5933,7790,2021-01-13 17:00:00,OTIC
5.5675,5.585,5.5601,5.5755,1600,2021-01-13 17:05:00,OTIC
5.595,5.61,5.56,5.585,1900,2021-01-13 17:10:00,OTIC
5.583,5.583,5.56,5.5822,2200,2021-01-13 17:15:00,OTIC
5.61,5.61,5.55,5.56,1505,2021-01-13 17:20:00,OTIC
5.56,5.6,5.55,5.58,900,2021-01-13 17:25:00,OTIC
5.61,5.61,5.61,5.61,100,2021-01-13 17:35:00,OTIC
5.57,5.605,5.52,5.52,12957,2021-01-13 17:40:00,OTIC
5.53,5.56,5.51,5.56,10342,2021-01-13 17:45:00,OTIC
5.575,5.59,5.565,5.575,600,2021-01-13 17:50:00,OTIC
5.575,5.575,5.56,5.56,1187,2021-01-13 17:55:00,OTIC
5.58,5.58,5.55,5.57,1450,2021-01-13 18:00:00,OTIC
5.55,5.57,5.55,5.55,400,2021-01-13 18:05:00,OTIC
5.57,5.57,5.57,5.57,100,2021-01-13 18:10:00,OTIC
5.5437,5.58,5.54,5.57,3569,2021-01-13 18:15:00,OTIC
5.58,5.58,5.555,5.555,900,2021-01-13 18:20:00,OTIC
5.54,5.58,5.53,5.58,700,2021-01-13 18:25:00,OTIC
5.57,5.595,5.53,5.55,6496,2021-01-13 18:30:00,OTIC
5.55,5.61,5.54,5.61,5800,2021-01-13 18:35:00,OTIC
5.58,5.6,5.56,5.59,3077,2021-01-13 18:40:00,OTIC
5.59,5.6,5.59,5.6,457,2021-01-13 18:50:00,OTIC
5.58,5.58,5.58,5.58,301,2021-01-13 18:55:00,OTIC
5.61,5.61,5.61,5.61,100,2021-01-13 19:00:00,OTIC
5.61,5.6618,5.61,5.6618,2410,2021-01-13 19:05:00,OTIC
5.67,5.67,5.645,5.645,236,2021-01-13 19:10:00,OTIC
5.645,5.69,5.62,5.67,5900,2021-01-13 19:15:00,OTIC
5.655,5.69,5.655,5.69,454,2021-01-13 19:20:00,OTIC
5.655,5.69,5.655,5.69,200,2021-01-13 19:25:00,OTIC
5.69,5.69,5.66,5.69,300,2021-01-13 19:35:00,OTIC
5.6657,5.69,5.6499,5.655,1311,2021-01-13 19:40:00,OTIC
5.655,5.655,5.62,5.62,1769,2021-01-13 19:45:00,OTIC
5.5935,5.595,5.59,5.59,1000,2021-01-13 19:50:00,OTIC
5.6,5.6,5.56,5.5716,1373,2021-01-13 19:55:00,OTIC
5.61,5.62,5.61,5.62,400,2021-01-13 20:00:00,OTIC
5.62,5.62,5.62,5.62,100,2021-01-13 20:05:00,OTIC
5.62,5.68,5.62,5.635,1541,2021-01-13 20:10:00,OTIC
5.59,5.73,5.59,5.73,1300,2021-01-13 20:15:00,OTIC
5.73,5.73,5.59,5.64,4047,2021-01-13 20:20:00,OTIC
5.66,5.66,5.65,5.66,1049,2021-01-13 20:25:00,OTIC
5.595,5.65,5.595,5.595,876,2021-01-13 20:30:00,OTIC
5.65,5.65,5.59,5.59,1052,2021-01-13 20:35:00,OTIC
5.5891,5.64,5.58,5.61,2300,2021-01-13 20:40:00,OTIC
5.62,5.62,5.57,5.57,2351,2021-01-13 20:45:00,OTIC
5.61,5.61,5.57,5.57,896,2021-01-13 20:50:00,OTIC
5.58,5.64,5.55,5.62,21446,2021-01-13 20:55:00,OTIC
5.62,5.62,5.62,5.62,10540,2021-01-13 21:00:00,OTIC
5.61,5.61,5.54,5.6,8003,2021-01-14 14:30:00,OTIC
5.62,5.67,5.62,5.67,450,2021-01-14 14:35:00,OTIC
5.63,5.63,5.61,5.61,690,2021-01-14 14:40:00,OTIC
5.56,5.6,5.5399,5.6,9100,2021-01-14 14:45:00,OTIC
5.57,5.57,5.57,5.57,200,2021-01-14 14:50:00,OTIC
5.59,5.605,5.56,5.56,10900,2021-01-14 14:55:00,OTIC
5.5766,5.585,5.56,5.56,700,2021-01-14 15:00:00,OTIC
5.6,5.6,5.58,5.6,1270,2021-01-14 15:05:00,OTIC
5.59,5.6,5.58,5.6,1600,2021-01-14 15:10:00,OTIC
5.61,5.61,5.59,5.59,600,2021-01-14 15:15:00,OTIC
5.6,5.6,5.59,5.59,1713,2021-01-14 15:20:00,OTIC
5.58,5.58,5.58,5.58,1303,2021-01-14 15:25:00,OTIC
5.57,5.58,5.56,5.58,2270,2021-01-14 15:30:00,OTIC
5.58,5.58,5.5701,5.5701,1735,2021-01-14 15:35:00,OTIC
5.58,5.58,5.57,5.58,1821,2021-01-14 15:40:00,OTIC
5.59,5.64,5.58,5.64,7423,2021-01-14 15:45:00,OTIC
5.65,5.66,5.64,5.65,5196,2021-01-14 15:50:00,OTIC
5.7,5.7,5.68,5.7,496,2021-01-14 15:55:00,OTIC
5.73,5.73,5.73,5.73,135,2021-01-14 16:00:00,OTIC
5.72,5.77,5.6987,5.74,2283,2021-01-14 16:05:00,OTIC
5.755,5.765,5.755,5.765,400,2021-01-14 16:10:00,OTIC
5.74,5.76,5.71,5.71,2589,2021-01-14 16:15:00,OTIC
5.73,5.73,5.71,5.71,1300,2021-01-14 16:20:00,OTIC
5.75,5.75,5.74,5.74,600,2021-01-14 16:25:00,OTIC
5.75,5.78,5.75,5.7699,2849,2021-01-14 16:30:00,OTIC
5.74,5.75,5.74,5.74,3603,2021-01-14 16:35:00,OTIC
5.75,5.76,5.74,5.74,600,2021-01-14 16:40:00,OTIC
5.75,5.75,5.75,5.75,100,2021-01-14 16:45:00,OTIC
5.75,5.75,5.74,5.74,40298,2021-01-14 16:50:00,OTIC
5.75,5.77,5.75,5.75,4000,2021-01-14 16:55:00,OTIC
5.76,5.825,5.76,5.82,14549,2021-01-14 17:00:00,OTIC
5.82,5.825,5.8,5.8,2474,2021-01-14 17:05:00,OTIC
5.81,5.81,5.78,5.78,1500,2021-01-14 17:10:00,OTIC
5.78,5.78,5.77,5.77,200,2021-01-14 17:15:00,OTIC
5.79,5.79,5.78,5.78,1149,2021-01-14 17:20:00,OTIC
5.78,5.8,5.76,5.785,6314,2021-01-14 17:25:00,OTIC
5.7875,5.7961,5.77,5.7737,1100,2021-01-14 17:35:00,OTIC
5.785,5.785,5.785,5.785,1000,2021-01-14 17:40:00,OTIC
5.8,5.81,5.8,5.805,2827,2021-01-14 17:45:00,OTIC
5.805,5.805,5.8,5.8,500,2021-01-14 17:50:00,OTIC
5.79,5.8296,5.78,5.79,7589,2021-01-14 18:00:00,OTIC
5.81,5.81,5.8,5.8,600,2021-01-14 18:05:00,OTIC
5.8,5.8,5.8,5.8,600,2021-01-14 18:15:00,OTIC
5.8,5.81,5.8,5.81,1316,2021-01-14 18:20:00,OTIC
5.8,5.8,5.7801,5.7801,2405,2021-01-14 18:25:00,OTIC
5.785,5.785,5.78,5.78,211,2021-01-14 18:30:00,OTIC
5.76,5.76,5.7301,5.7301,1500,2021-01-14 18:35:00,OTIC
5.73,5.73,5.73,5.73,430,2021-01-14 18:40:00,OTIC
5.71,5.72,5.67,5.67,53294,2021-01-14 18:45:00,OTIC
5.69,5.69,5.67,5.67,1900,2021-01-14 18:50:00,OTIC
5.69,5.69,5.68,5.68,500,2021-01-14 18:55:00,OTIC
5.6801,5.7,5.6801,5.7,75649,2021-01-14 19:00:00,OTIC
5.695,5.695,5.6801,5.6801,300,2021-01-14 19:05:00,OTIC
5.7,5.7,5.66,5.66,12110,2021-01-14 19:10:00,OTIC
5.67,5.675,5.67,5.675,350,2021-01-14 19:15:00,OTIC
5.675,5.69,5.675,5.675,725,2021-01-14 19:20:00,OTIC
5.675,5.675,5.65,5.6601,1259,2021-01-14 19:25:00,OTIC
5.66,5.6601,5.66,5.6601,400,2021-01-14 19:30:00,OTIC
5.66,5.675,5.66,5.675,1099,2021-01-14 19:35:00,OTIC
5.675,5.675,5.65,5.67,2593,2021-01-14 19:40:00,OTIC
5.67,5.71,5.67,5.71,6964,2021-01-14 19:45:00,OTIC
5.715,5.77,5.715,5.77,1300,2021-01-14 19:50:00,OTIC
5.72,5.72,5.705,5.705,3178,2021-01-14 19:55:00,OTIC
5.71,5.725,5.71,5.71,600,2021-01-14 20:00:00,OTIC
5.705,5.705,5.7,5.705,2044,2021-01-14 20:05:00,OTIC
5.705,5.705,5.7,5.7,300,2021-01-14 20:10:00,OTIC
5.705,5.71,5.6996,5.7,10220,2021-01-14 20:15:00,OTIC
5.7,5.71,5.68,5.7,6596,2021-01-14 20:20:00,OTIC
5.7,5.71,5.695,5.705,4177,2021-01-14 20:25:00,OTIC
5.7,5.71,5.7,5.71,1764,2021-01-14 20:30:00,OTIC
5.7,5.72,5.7,5.72,2798,2021-01-14 20:35:00,OTIC
5.72,5.72,5.7,5.715,4113,2021-01-14 20:40:00,OTIC
5.73,5.73,5.7,5.71,7400,2021-01-14 20:45:00,OTIC
5.7,5.71,5.7,5.705,5474,2021-01-14 20:50:00,OTIC
5.7,5.71,5.7,5.71,14082,2021-01-14 20:55:00,OTIC
5.7,5.7,5.7,5.7,2279,2021-01-14 21:00:00,OTIC
5.7,5.73,5.6001,5.6001,6265,2021-01-15 14:30:00,OTIC
5.7,5.715,5.7,5.715,3205,2021-01-15 14:35:00,OTIC
5.7,5.7,5.7,5.7,100,2021-01-15 14:40:00,OTIC
5.69,5.715,5.69,5.6901,660,2021-01-15 14:45:00,OTIC
5.69,5.69,5.6,5.6,3203,2021-01-15 14:50:00,OTIC
5.61,5.6315,5.55,5.55,4413,2021-01-15 14:55:00,OTIC
5.55,5.55,5.48,5.48,4001,2021-01-15 15:00:00,OTIC
5.495,5.495,5.405,5.45,7288,2021-01-15 15:05:00,OTIC
5.44,5.5,5.4,5.47,5232,2021-01-15 15:10:00,OTIC
5.46,5.48,5.45,5.48,900,2021-01-15 15:15:00,OTIC
5.45,5.45,5.415,5.43,1500,2021-01-15 15:20:00,OTIC
5.44,5.44,5.4007,5.435,2300,2021-01-15 15:25:00,OTIC
5.435,5.485,5.435,5.485,3200,2021-01-15 15:30:00,OTIC
5.47,5.475,5.47,5.475,3600,2021-01-15 15:35:00,OTIC
5.47,5.48,5.45,5.45,13183,2021-01-15 15:40:00,OTIC
5.43,5.445,5.3625,5.3625,8450,2021-01-15 15:45:00,OTIC
5.36,5.41,5.36,5.4,9300,2021-01-15 15:50:00,OTIC
5.4,5.445,5.4,5.425,10331,2021-01-15 15:55:00,OTIC
5.43,5.43,5.41,5.41,5320,2021-01-15 16:00:00,OTIC
5.4,5.4093,5.39,5.4093,67114,2021-01-15 16:05:00,OTIC
5.41,5.4199,5.4,5.4199,81559,2021-01-15 16:10:00,OTIC
5.4,5.4,5.36,5.375,942,2021-01-15 16:15:00,OTIC
5.35,5.43,5.35,5.385,12573,2021-01-15 16:20:00,OTIC
5.37,5.4,5.37,5.385,800,2021-01-15 16:25:00,OTIC
5.4,5.43,5.4,5.43,1100,2021-01-15 16:30:00,OTIC
5.42,5.42,5.4,5.42,4828,2021-01-15 16:35:00,OTIC
5.42,5.45,5.4,5.41,9532,2021-01-15 16:40:00,OTIC
5.41,5.42,5.37,5.41,57487,2021-01-15 16:45:00,OTIC
5.4025,5.41,5.4,5.4,800,2021-01-15 16:50:00,OTIC
5.405,5.42,5.38,5.4078,9392,2021-01-15 16:55:00,OTIC
5.405,5.42,5.33,5.33,444742,2021-01-15 17:00:00,OTIC
5.35,5.42,5.35,5.4025,4147,2021-01-15 17:05:00,OTIC
5.4,5.41,5.4,5.4025,2996,2021-01-15 17:10:00,OTIC
5.41,5.41,5.34,5.35,6268,2021-01-15 17:15:00,OTIC
5.35,5.36,5.2,5.25,26519,2021-01-15 17:20:00,OTIC
5.2433,5.34,5.2433,5.33,20139,2021-01-15 17:25:00,OTIC
5.34,5.39,5.32,5.35,6899,2021-01-15 17:30:00,OTIC
5.31,5.31,5.27,5.31,4207,2021-01-15 17:35:00,OTIC
5.3,5.31,5.3,5.3,1704,2021-01-15 17:40:00,OTIC
5.3,5.3078,5.29,5.295,4520,2021-01-15 17:45:00,OTIC
5.3,5.32,5.29,5.29,4500,2021-01-15 17:50:00,OTIC
5.29,5.3077,5.29,5.3077,1900,2021-01-15 17:55:00,OTIC
5.3,5.3,5.235,5.26,8290,2021-01-15 18:00:00,OTIC
5.26,5.26,5.17,5.18,23294,2021-01-15 18:05:00,OTIC
5.1799,5.22,5.16,5.21,23932,2021-01-15 18:10:00,OTIC
5.215,5.23,5.21,5.215,2833,2021-01-15 18:15:00,OTIC
5.215,5.24,5.21,5.22,4200,2021-01-15 18:20:00,OTIC
5.225,5.23,5.21,5.21,2804,2021-01-15 18:25:00,OTIC
5.2278,5.2299,5.19,5.19,4532,2021-01-15 18:30:00,OTIC
5.19,5.2,5.185,5.185,7518,2021-01-15 18:35:00,OTIC
5.19,5.26,5.1801,5.2523,11213,2021-01-15 18:40:00,OTIC
5.24,5.2762,5.24,5.24,5453,2021-01-15 18:45:00,OTIC
5.25,5.28,5.22,5.25,3629,2021-01-15 18:50:00,OTIC
5.25,5.25,5.22,5.22,2150,2021-01-15 18:55:00,OTIC
5.2162,5.25,5.2162,5.23,4246,2021-01-15 19:00:00,OTIC
5.24,5.275,5.235,5.275,1700,2021-01-15 19:05:00,OTIC
5.29,5.3351,5.275,5.3351,5650,2021-01-15 19:10:00,OTIC
5.33,5.33,5.3,5.3,2100,2021-01-15 19:15:00,OTIC
5.29,5.305,5.29,5.3,800,2021-01-15 19:20:00,OTIC
5.3,5.32,5.3,5.31,3437,2021-01-15 19:25:00,OTIC
5.3,5.3,5.285,5.285,2400,2021-01-15 19:30:00,OTIC
5.27,5.29,5.27,5.2889,2500,2021-01-15 19:35:00,OTIC
5.29,5.31,5.284,5.285,3790,2021-01-15 19:40:00,OTIC
5.31,5.31,5.31,5.31,100,2021-01-15 19:45:00,OTIC
5.3,5.3,5.25,5.25,4322,2021-01-15 19:50:00,OTIC
5.24,5.24,5.23,5.23,559,2021-01-15 19:55:00,OTIC
5.23,5.26,5.23,5.26,3076,2021-01-15 20:00:00,OTIC
5.25,5.25,5.245,5.245,200,2021-01-15 20:05:00,OTIC
5.23,5.25,5.22,5.22,3155,2021-01-15 20:10:00,OTIC
5.215,5.22,5.19,5.19,500,2021-01-15 20:15:00,OTIC
5.19,5.2,5.16,5.18,8263,2021-01-15 20:20:00,OTIC
5.16,5.17,5.1,5.125,26181,2021-01-15 20:25:00,OTIC
5.13,5.2,5.13,5.2,3265,2021-01-15 20:30:00,OTIC
5.2,5.24,5.193,5.22,10492,2021-01-15 20:35:00,OTIC
5.2127,5.22,5.21,5.22,1670,2021-01-15 20:40:00,OTIC
5.215,5.217,5.14,5.19,26244,2021-01-15 20:45:00,OTIC
5.2,5.21,5.19,5.21,6576,2021-01-15 20:50:00,OTIC
5.21,5.23,5.18,5.2,23776,2021-01-15 20:55:00,OTIC
5.2,5.2,5.2,5.2,18019,2021-01-15 21:00:00,OTIC
5.28,5.2898,5.28,5.2898,1000,2021-01-15 22:00:00,OTIC
5.2898,5.2898,5.2898,5.2898,1000,2021-01-15 22:05:00,OTIC
5.24,5.24,5.24,5.24,200,2021-01-19 13:30:00,OTIC
5.23,5.23,5.23,5.23,100,2021-01-19 14:15:00,OTIC
5.2,5.3073,5.2,5.3073,5063,2021-01-19 14:30:00,OTIC
5.33,5.33,5.22,5.22,1000,2021-01-19 14:35:00,OTIC
5.22,5.33,5.22,5.3001,167486,2021-01-19 14:40:00,OTIC
5.315,5.3948,5.29,5.36,34205,2021-01-19 14:45:00,OTIC
5.31,5.3443,5.3,5.3443,500,2021-01-19 14:50:00,OTIC
5.335,5.35,5.31,5.31,4600,2021-01-19 14:55:00,OTIC
5.315,5.3502,5.3,5.309,20668,2021-01-19 15:00:00,OTIC
5.3101,5.3101,5.3,5.3,8100,2021-01-19 15:05:00,OTIC
5.3,5.305,5.3,5.3,1000,2021-01-19 15:10:00,OTIC
5.3,5.31,5.3,5.3,1981,2021-01-19 15:15:00,OTIC
5.3,5.3,5.26,5.26,3368,2021-01-19 15:20:00,OTIC
5.26,5.29,5.23,5.29,7360,2021-01-19 15:25:00,OTIC
5.2535,5.3,5.25,5.3,2537,2021-01-19 15:30:00,OTIC
5.285,5.31,5.285,5.3,5879,2021-01-19 15:35:00,OTIC
5.3,5.3,5.28,5.28,4876,2021-01-19 15:40:00,OTIC
5.274,5.28,5.25,5.25,8105,2021-01-19 15:45:00,OTIC
5.255,5.27,5.25,5.27,6841,2021-01-19 15:50:00,OTIC
5.2711,5.2711,5.26,5.27,1741,2021-01-19 15:55:00,OTIC
5.26,5.26,5.25,5.25,2200,2021-01-19 16:00:00,OTIC
5.25,5.27,5.25,5.26,4950,2021-01-19 16:05:00,OTIC
5.25,5.26,5.25,5.26,900,2021-01-19 16:10:00,OTIC
5.26,5.28,5.25,5.28,3705,2021-01-19 16:15:00,OTIC
5.28,5.28,5.26,5.27,2600,2021-01-19 16:20:00,OTIC
5.275,5.275,5.27,5.27,600,2021-01-19 16:25:00,OTIC
5.27,5.27,5.26,5.26,21686,2021-01-19 16:30:00,OTIC
5.26,5.26,5.26,5.26,100,2021-01-19 16:35:00,OTIC
5.26,5.26,5.24,5.24,600,2021-01-19 16:40:00,OTIC
5.245,5.2561,5.235,5.24,3100,2021-01-19 16:45:00,OTIC
5.2301,5.2301,5.23,5.23,201,2021-01-19 16:50:00,OTIC
5.25,5.25,5.23,5.23,1000,2021-01-19 16:55:00,OTIC
5.25,5.26,5.25,5.2556,3267,2021-01-19 17:00:00,OTIC
5.255,5.26,5.25,5.25,2040,2021-01-19 17:05:00,OTIC
5.25,5.25,5.24,5.24,545,2021-01-19 17:10:00,OTIC
5.24,5.24,5.21,5.21,2400,2021-01-19 17:15:00,OTIC
5.21,5.21,5.21,5.21,600,2021-01-19 17:20:00,OTIC
5.2,5.2,5.2,5.2,900,2021-01-19 17:25:00,OTIC
5.2,5.21,5.19,5.205,4146,2021-01-19 17:30:00,OTIC
5.19,5.2,5.185,5.185,8289,2021-01-19 17:35:00,OTIC
5.16,5.16,5.12,5.12,5850,2021-01-19 17:45:00,OTIC
5.12,5.17,5.08,5.17,17351,2021-01-19 17:50:00,OTIC
5.13,5.14,5.11,5.13,15304,2021-01-19 17:55:00,OTIC
5.13,5.1701,5.12,5.16,11611,2021-01-19 18:00:00,OTIC
5.155,5.16,5.155,5.155,4042,2021-01-19 18:05:00,OTIC
5.15,5.1501,5.15,5.1501,800,2021-01-19 18:10:00,OTIC
5.15,5.152,5.15,5.15,3528,2021-01-19 18:15:00,OTIC
5.1499,5.15,5.14,5.145,6394,2021-01-19 18:20:00,OTIC
5.15,5.18,5.15,5.18,141572,2021-01-19 18:25:00,OTIC
5.18,5.21,5.16,5.19,56705,2021-01-19 18:30:00,OTIC
5.2,5.2199,5.19,5.2,49444,2021-01-19 18:35:00,OTIC
5.21,5.24,5.205,5.24,79755,2021-01-19 18:40:00,OTIC
5.26,5.265,5.26,5.26,1600,2021-01-19 18:45:00,OTIC
5.265,5.27,5.265,5.27,1300,2021-01-19 18:50:00,OTIC
5.28,5.29,5.27,5.29,10939,2021-01-19 18:55:00,OTIC
5.28,5.29,5.28,5.28,600,2021-01-19 19:00:00,OTIC
5.28,5.28,5.26,5.26,4510,2021-01-19 19:05:00,OTIC
5.26,5.28,5.26,5.28,2233,2021-01-19 19:10:00,OTIC
5.2701,5.2701,5.26,5.26,1795,2021-01-19 19:15:00,OTIC
5.25,5.25,5.23,5.23,600,2021-01-19 19:20:00,OTIC
5.23,5.23,5.21,5.21,1100,2021-01-19 19:25:00,OTIC
5.21,5.22,5.2,5.22,2500,2021-01-19 19:30:00,OTIC
5.21,5.23,5.21,5.21,1400,2021-01-19 19:35:00,OTIC
5.21,5.21,5.21,5.21,400,2021-01-19 19:40:00,OTIC
5.2,5.205,5.2,5.205,1100,2021-01-19 19:45:00,OTIC
5.205,5.21,5.2,5.205,7054,2021-01-19 19:50:00,OTIC
5.22,5.22,5.21,5.21,2189,2021-01-19 20:00:00,OTIC
5.21,5.24,5.21,5.24,3550,2021-01-19 20:05:00,OTIC
5.25,5.26,5.24,5.24,2600,2021-01-19 20:10:00,OTIC
5.25,5.25,5.24,5.245,700,2021-01-19 20:15:00,OTIC
5.24,5.28,5.24,5.28,5325,2021-01-19 20:20:00,OTIC
5.27,5.28,5.27,5.27,3800,2021-01-19 20:25:00,OTIC
5.27,5.31,5.27,5.305,13906,2021-01-19 20:30:00,OTIC
5.305,5.305,5.29,5.29,5731,2021-01-19 20:35:00,OTIC
5.29,5.29,5.28,5.28,5399,2021-01-19 20:40:00,OTIC
5.28,5.28,5.21,5.21,22172,2021-01-19 20:45:00,OTIC
5.21,5.24,5.21,5.23,6100,2021-01-19 20:50:00,OTIC
5.22,5.26,5.18,5.18,176966,2021-01-19 20:55:00,OTIC
5.18,5.18,5.18,5.18,26080,2021-01-19 21:00:00,OTIC
5.26,5.26,5.26,5.26,500,2021-01-19 21:30:00,OTIC
5.26,5.35,5.21,5.25,58393,2021-01-20 14:30:00,OTIC
5.25,5.281,5.24,5.2799,7094,2021-01-20 14:35:00,OTIC
5.231,5.231,5.21,5.2261,600,2021-01-20 14:40:00,OTIC
5.2387,5.2387,5.13,5.15,5758,2021-01-20 14:45:00,OTIC
5.1601,5.2,5.1601,5.17,2400,2021-01-20 14:50:00,OTIC
5.18,5.19,5.16,5.19,9700,2021-01-20 14:55:00,OTIC
5.175,5.19,5.1,5.1,10340,2021-01-20 15:00:00,OTIC
5.12,5.13,5.08,5.08,9870,2021-01-20 15:05:00,OTIC
5.1199,5.1199,5.05,5.085,6960,2021-01-20 15:10:00,OTIC
5.1,5.12,5.1,5.1,1442,2021-01-20 15:15:00,OTIC
5.1101,5.1101,5.05,5.065,7029,2021-01-20 15:20:00,OTIC
5.065,5.065,4.97,4.97,35291,2021-01-20 15:25:00,OTIC
4.98,5.0,4.92,4.9501,37729,2021-01-20 15:30:00,OTIC
4.975,5.045,4.965,5.01,16355,2021-01-20 15:35:00,OTIC
5.015,5.02,5.0,5.01,40300,2021-01-20 15:40:00,OTIC
5.02,5.03,4.99,5.0,32007,2021-01-20 15:45:00,OTIC
5.005,5.01,4.95,4.95,4154,2021-01-20 15:50:00,OTIC
4.99,4.99,4.92,4.92,6235,2021-01-20 15:55:00,OTIC
4.94,4.95,4.94,4.945,3994,2021-01-20 16:00:00,OTIC
4.94,4.94,4.9,4.925,8365,2021-01-20 16:05:00,OTIC
4.9,4.94,4.87,4.94,18369,2021-01-20 16:10:00,OTIC
4.93,4.95,4.91,4.95,14677,2021-01-20 16:15:00,OTIC
4.95,5.0,4.95,5.0,2500,2021-01-20 16:20:00,OTIC
5.0,5.01,4.99,5.01,800,2021-01-20 16:25:00,OTIC
5.01,5.04,5.01,5.025,2180,2021-01-20 16:30:00,OTIC
5.01,5.025,4.9901,5.025,11806,2021-01-20 16:35:00,OTIC
5.0347,5.0347,4.98,5.0,9435,2021-01-20 16:40:00,OTIC
4.98,4.99,4.91,4.91,1666,2021-01-20 16:45:00,OTIC
4.945,4.98,4.92,4.92,1046,2021-01-20 16:50:00,OTIC
4.98,4.98,4.92,4.92,800,2021-01-20 16:55:00,OTIC
4.95,4.98,4.92,4.98,6000,2021-01-20 17:00:00,OTIC
4.965,4.985,4.965,4.985,1245,2021-01-20 17:05:00,OTIC
4.98,4.98,4.97,4.97,1700,2021-01-20 17:10:00,OTIC
4.9602,4.9602,4.94,4.94,2561,2021-01-20 17:15:00,OTIC
4.92,4.97,4.91,4.97,4800,2021-01-20 17:20:00,OTIC
4.94,4.99,4.94,4.975,1897,2021-01-20 17:25:00,OTIC
4.96,4.96,4.96,4.96,700,2021-01-20 17:30:00,OTIC
4.96,4.96,4.93,4.93,6000,2021-01-20 17:35:00,OTIC
4.98,4.98,4.93,4.93,1150,2021-01-20 17:40:00,OTIC
4.93,4.98,4.93,4.97,1300,2021-01-20 17:45:00,OTIC
4.975,4.98,4.94,4.94,4116,2021-01-20 17:50:00,OTIC
4.94,4.98,4.94,4.9509,2500,2021-01-20 17:55:00,OTIC
4.94,4.96,4.93,4.95,6000,2021-01-20 18:00:00,OTIC
4.96,4.9607,4.94,4.94,5452,2021-01-20 18:05:00,OTIC
4.96,4.98,4.94,4.94,3260,2021-01-20 18:10:00,OTIC
4.96,4.96,4.94,4.96,900,2021-01-20 18:15:00,OTIC
4.98,4.98,4.94,4.96,1000,2021-01-20 18:20:00,OTIC
4.96,4.96,4.93,4.93,2209,2021-01-20 18:25:00,OTIC
4.95,4.95,4.95,4.95,300,2021-01-20 18:30:00,OTIC
4.945,4.97,4.94,4.94,6493,2021-01-20 18:35:00,OTIC
4.94,4.96,4.94,4.94,5200,2021-01-20 18:40:00,OTIC
4.97,4.97,4.94,4.955,2395,2021-01-20 18:45:00,OTIC
4.94,4.955,4.94,4.94,1020,2021-01-20 18:50:00,OTIC
4.97,4.97,4.9361,4.94,3195,2021-01-20 18:55:00,OTIC
4.955,4.955,4.93,4.95,870,2021-01-20 19:00:00,OTIC
4.94,4.955,4.94,4.955,284,2021-01-20 19:05:00,OTIC
4.94,4.94,4.94,4.94,200,2021-01-20 19:10:00,OTIC
4.97,4.97,4.94,4.94,2090,2021-01-20 19:15:00,OTIC
4.94,4.94,4.91,4.94,5566,2021-01-20 19:20:00,OTIC
4.925,4.93,4.91,4.92,1851,2021-01-20 19:25:00,OTIC
4.9173,4.92,4.91,4.91,509,2021-01-20 19:30:00,OTIC
4.93,4.95,4.93,4.95,2741,2021-01-20 19:35:00,OTIC
4.95,4.96,4.95,4.95,1700,2021-01-20 19:40:00,OTIC
4.945,4.945,4.9,4.9066,5067,2021-01-20 19:45:00,OTIC
4.91,4.93,4.9,4.9,5766,2021-01-20 19:50:00,OTIC
4.915,4.915,4.89,4.89,1600,2021-01-20 19:55:00,OTIC
4.915,4.94,4.88,4.925,3055,2021-01-20 20:00:00,OTIC
4.925,4.95,4.92,4.945,3511,2021-01-20 20:05:00,OTIC
4.945,4.945,4.92,4.945,600,2021-01-20 20:10:00,OTIC
4.97,4.97,4.94,4.94,4395,2021-01-20 20:15:00,OTIC
4.9259,4.9337,4.89,4.89,12045,2021-01-20 20:20:00,OTIC
4.905,4.905,4.9,4.9,1000,2021-01-20 20:25:00,OTIC
4.9,4.93,4.9,4.91,8481,2021-01-20 20:30:00,OTIC
4.91,4.93,4.9,4.9,1281,2021-01-20 20:35:00,OTIC
4.91,4.91,4.89,4.89,8648,2021-01-20 20:40:00,OTIC
4.89,4.91,4.88,4.9,8069,2021-01-20 20:45:00,OTIC
4.88,4.92,4.88,4.91,11335,2021-01-20 20:50:00,OTIC
4.9,4.91,4.85,4.86,23596,2021-01-20 20:55:00,OTIC
4.86,4.86,4.86,4.86,29548,2021-01-20 21:00:00,OTIC
4.88,4.88,4.88,4.88,100,2021-01-20 21:15:00,OTIC
4.92,4.92,4.92,4.92,300,2021-01-20 23:25:00,OTIC
4.92,4.92,4.92,4.92,100,2021-01-21 00:25:00,OTIC
4.8601,4.8601,4.8601,4.8601,350,2021-01-21 13:35:00,OTIC
4.9,4.9993,4.9,4.95,11782,2021-01-21 14:30:00,OTIC
4.93,4.93,4.8101,4.8422,20795,2021-01-21 14:35:00,OTIC
4.8539,4.8539,4.78,4.78,3700,2021-01-21 14:40:00,OTIC
4.8,4.84,4.8,4.825,3021,2021-01-21 14:45:00,OTIC
4.82,4.835,4.82,4.829,4024,2021-01-21 14:50:00,OTIC
4.82,4.85,4.8,4.83,5679,2021-01-21 14:55:00,OTIC
4.85,4.85,4.82,4.83,1800,2021-01-21 15:00:00,OTIC
4.84,4.85,4.82,4.85,2350,2021-01-21 15:05:00,OTIC
4.845,4.87,4.82,4.83,2840,2021-01-21 15:10:00,OTIC
4.83,4.85,4.82,4.835,6170,2021-01-21 15:15:00,OTIC
4.835,4.84,4.82,4.84,18390,2021-01-21 15:20:00,OTIC
4.82,4.84,4.82,4.82,2134,2021-01-21 15:25:00,OTIC
4.835,4.835,4.78,4.78,3227,2021-01-21 15:30:00,OTIC
4.78,4.78,4.75,4.77,8323,2021-01-21 15:35:00,OTIC
4.76,4.7899,4.75,4.7899,1569,2021-01-21 15:40:00,OTIC
4.75,4.78,4.75,4.775,2937,2021-01-21 15:45:00,OTIC
4.78,4.78,4.75,4.76,5650,2021-01-21 15:50:00,OTIC
4.7634,4.7955,4.755,4.78,3172,2021-01-21 15:55:00,OTIC
4.77,4.775,4.76,4.76,1800,2021-01-21 16:00:00,OTIC
4.78,4.78,4.7,4.75,14379,2021-01-21 16:05:00,OTIC
4.74,4.76,4.74,4.74,5411,2021-01-21 16:10:00,OTIC
4.75,4.76,4.74,4.7522,810,2021-01-21 16:15:00,OTIC
4.75,4.78,4.75,4.75,7602,2021-01-21 16:20:00,OTIC
4.74,4.75,4.74,4.74,53569,2021-01-21 16:25:00,OTIC
4.76,4.77,4.76,4.77,6330,2021-01-21 16:30:00,OTIC
4.77,4.77,4.77,4.77,200,2021-01-21 16:35:00,OTIC
4.77,4.77,4.74,4.74,2450,2021-01-21 16:40:00,OTIC
4.7573,4.76,4.74,4.76,1350,2021-01-21 16:45:00,OTIC
4.76,4.8,4.75,4.7962,2562,2021-01-21 16:50:00,OTIC
4.8,4.81,4.79,4.8,3801,2021-01-21 16:55:00,OTIC
4.79,4.81,4.79,4.79,2882,2021-01-21 17:00:00,OTIC
4.79,4.79,4.76,4.78,6107,2021-01-21 17:05:00,OTIC
4.76,4.785,4.76,4.785,2200,2021-01-21 17:10:00,OTIC
4.7889,4.7889,4.74,4.74,8900,2021-01-21 17:15:00,OTIC
4.74,4.76,4.74,4.7401,2694,2021-01-21 17:20:00,OTIC
4.74,4.75,4.74,4.74,2370,2021-01-21 17:25:00,OTIC
4.74,4.75,4.73,4.73,9985,2021-01-21 17:30:00,OTIC
4.74,4.76,4.74,4.75,1495,2021-01-21 17:35:00,OTIC
4.74,4.74,4.73,4.73,200,2021-01-21 17:40:00,OTIC
4.73,4.73,4.7,4.7,4581,2021-01-21 17:45:00,OTIC
4.73,4.73,4.7,4.72,4200,2021-01-21 17:50:00,OTIC
4.72,4.72,4.7,4.7,2583,2021-01-21 17:55:00,OTIC
4.7,4.7,4.69,4.69,1000,2021-01-21 18:00:00,OTIC
4.69,4.7,4.67,4.67,3021,2021-01-21 18:05:00,OTIC
4.67,4.72,4.67,4.69,1800,2021-01-21 18:10:00,OTIC
4.67,4.68,4.67,4.67,700,2021-01-21 18:15:00,OTIC
4.67,4.7219,4.67,4.68,2416,2021-01-21 18:20:00,OTIC
4.6801,4.76,4.68,4.76,11783,2021-01-21 18:25:00,OTIC
4.74,4.74,4.72,4.72,607,2021-01-21 18:30:00,OTIC
4.72,4.73,4.7,4.72,2612,2021-01-21 18:35:00,OTIC
4.7,4.72,4.6934,4.6934,5981,2021-01-21 18:40:00,OTIC
4.705,4.7365,4.705,4.72,2438,2021-01-21 18:45:00,OTIC
4.7,4.74,4.7,4.7,3743,2021-01-21 18:50:00,OTIC
4.7,4.7,4.7,4.7,1016,2021-01-21 18:55:00,OTIC
4.69,4.7,4.67,4.69,1895,2021-01-21 19:00:00,OTIC
4.7,4.71,4.69,4.71,6815,2021-01-21 19:05:00,OTIC
4.7001,4.74,4.7,4.715,2814,2021-01-21 19:10:00,OTIC
4.705,4.73,4.7,4.73,3125,2021-01-21 19:15:00,OTIC
4.7378,4.7378,4.69,4.715,3200,2021-01-21 19:20:00,OTIC
4.7,4.72,4.7,4.7,805,2021-01-21 19:25:00,OTIC
4.7,4.71,4.69,4.705,5048,2021-01-21 19:30:00,OTIC
4.705,4.72,4.7,4.705,2125,2021-01-21 19:35:00,OTIC
4.705,4.72,4.68,4.7,7493,2021-01-21 19:40:00,OTIC
4.72,4.725,4.68,4.695,3000,2021-01-21 19:45:00,OTIC
4.695,4.71,4.68,4.6953,2677,2021-01-21 19:50:00,OTIC
4.69,4.73,4.69,4.71,3550,2021-01-21 19:55:00,OTIC
4.71,4.71,4.68,4.69,3290,2021-01-21 20:00:00,OTIC
4.705,4.71,4.69,4.69,900,2021-01-21 20:05:00,OTIC
4.69,4.7134,4.69,4.7134,2000,2021-01-21 20:10:00,OTIC
4.69,4.72,4.69,4.7027,2000,2021-01-21 20:15:00,OTIC
4.73,4.74,4.7,4.7096,4309,2021-01-21 20:20:00,OTIC
4.72,4.7363,4.71,4.72,3899,2021-01-21 20:25:00,OTIC
4.72,4.74,4.7,4.705,10661,2021-01-21 20:30:00,OTIC
4.7,4.71,4.69,4.7,6587,2021-01-21 20:35:00,OTIC
4.705,4.72,4.69,4.69,2381,2021-01-21 20:40:00,OTIC
4.71,4.71,4.7,4.705,3727,2021-01-21 20:45:00,OTIC
4.7,4.73,4.69,4.715,7550,2021-01-21 20:50:00,OTIC
4.73,4.74,4.7,4.72,14594,2021-01-21 20:55:00,OTIC
4.7,4.7,4.7,4.7,17167,2021-01-21 21:00:00,OTIC
4.73,4.8,4.69,4.69,15327,2021-01-22 14:30:00,OTIC
4.69,4.7564,4.57,4.67,13055,2021-01-22 14:35:00,OTIC
4.66,4.67,4.6,4.6,420,2021-01-22 14:40:00,OTIC
4.6,4.63,4.59,4.6,4187,2021-01-22 14:45:00,OTIC
4.615,4.64,4.56,4.57,22273,2021-01-22 14:50:00,OTIC
4.56,4.5935,4.56,4.5935,4702,2021-01-22 14:55:00,OTIC
4.59,4.63,4.59,4.6,2089,2021-01-22 15:00:00,OTIC
4.605,4.64,4.58,4.64,1490,2021-01-22 15:05:00,OTIC
4.62,4.6599,4.62,4.64,6511,2021-01-22 15:10:00,OTIC
4.64,4.65,4.6302,4.6434,4066,2021-01-22 15:15:00,OTIC
4.63,4.67,4.63,4.65,1840,2021-01-22 15:20:00,OTIC
4.66,4.68,4.65,4.665,3300,2021-01-22 15:25:00,OTIC
4.665,4.68,4.65,4.65,3685,2021-01-22 15:30:00,OTIC
4.63,4.67,4.63,4.64,21734,2021-01-22 15:35:00,OTIC
4.64,4.68,4.63,4.68,5098,2021-01-22 15:40:00,OTIC
4.6501,4.68,4.65,4.67,2289,2021-01-22 15:45:00,OTIC
4.68,4.68,4.67,4.67,3650,2021-01-22 15:50:00,OTIC
4.67,4.67,4.663,4.663,600,2021-01-22 15:55:00,OTIC
4.67,4.75,4.67,4.735,7606,2021-01-22 16:00:00,OTIC
4.74,4.74,4.7,4.7,2110,2021-01-22 16:05:00,OTIC
4.7,4.71,4.695,4.71,4000,2021-01-22 16:10:00,OTIC
4.74,4.75,4.725,4.75,4900,2021-01-22 16:15:00,OTIC
4.75,4.76,4.73,4.75,4673,2021-01-22 16:20:00,OTIC
4.75,4.755,4.73,4.73,2500,2021-01-22 16:25:00,OTIC
4.7,4.7299,4.695,4.72,3716,2021-01-22 16:30:00,OTIC
4.72,4.72,4.715,4.715,500,2021-01-22 16:35:00,OTIC
4.71,4.72,4.71,4.72,300,2021-01-22 16:45:00,OTIC
4.71,4.7299,4.71,4.71,2668,2021-01-22 16:50:00,OTIC
4.71,4.72,4.68,4.68,1200,2021-01-22 16:55:00,OTIC
4.695,4.71,4.695,4.71,1000,2021-01-22 17:00:00,OTIC
4.71,4.71,4.7,4.7,300,2021-01-22 17:05:00,OTIC
4.69,4.72,4.69,4.705,510,2021-01-22 17:15:00,OTIC
4.705,4.76,4.695,4.76,3300,2021-01-22 17:25:00,OTIC
4.74,4.74,4.715,4.73,2260,2021-01-22 17:35:00,OTIC
4.74,4.74,4.74,4.74,100,2021-01-22 17:40:00,OTIC
4.74,4.74,4.72,4.72,400,2021-01-22 17:45:00,OTIC
4.735,4.84,4.735,4.8392,34964,2021-01-22 17:50:00,OTIC
4.8392,4.84,4.83,4.84,2032,2021-01-22 17:55:00,OTIC
4.84,4.86,4.83,4.84,3798,2021-01-22 18:00:00,OTIC
4.82,4.84,4.82,4.825,400,2021-01-22 18:05:00,OTIC
4.84,4.84,4.81,4.81,5217,2021-01-22 18:10:00,OTIC
4.81,4.81,4.81,4.81,1000,2021-01-22 18:15:00,OTIC
4.79,4.85,4.79,4.82,5381,2021-01-22 18:20:00,OTIC
4.81,4.8375,4.81,4.81,919,2021-01-22 18:25:00,OTIC
4.84,4.85,4.82,4.85,11800,2021-01-22 18:30:00,OTIC
4.8425,4.85,4.82,4.835,8570,2021-01-22 18:35:00,OTIC
4.835,4.85,4.835,4.835,5600,2021-01-22 18:40:00,OTIC
4.82,4.8497,4.82,4.8497,1850,2021-01-22 18:45:00,OTIC
4.85,4.86,4.835,4.86,4766,2021-01-22 18:50:00,OTIC
4.86,4.96,4.86,4.95,28207,2021-01-22 18:55:00,OTIC
4.96,4.96,4.93,4.94,6186,2021-01-22 19:00:00,OTIC
4.93,4.93,4.78,4.78,39110,2021-01-22 19:05:00,OTIC
4.78,4.8,4.78,4.79,4275,2021-01-22 19:10:00,OTIC
4.795,4.81,4.78,4.8,1600,2021-01-22 19:15:00,OTIC
4.8,4.8,4.765,4.78,2060,2021-01-22 19:20:00,OTIC
4.7995,4.8,4.775,4.775,600,2021-01-22 19:25:00,OTIC
4.775,4.84,4.775,4.81,7281,2021-01-22 19:30:00,OTIC
4.84,4.84,4.81,4.81,923,2021-01-22 19:35:00,OTIC
4.825,4.825,4.8,4.82,3905,2021-01-22 19:40:00,OTIC
4.83,4.85,4.82,4.82,8700,2021-01-22 19:45:00,OTIC
4.85,4.89,4.82,4.88,4800,2021-01-22 19:50:00,OTIC
4.88,4.895,4.87,4.88,4221,2021-01-22 19:55:00,OTIC
4.8848,4.8848,4.88,4.88,1440,2021-01-22 20:00:00,OTIC
4.87,4.89,4.84,4.84,7533,2021-01-22 20:05:00,OTIC
4.84,4.86,4.78,4.78,13795,2021-01-22 20:10:00,OTIC
4.79,4.84,4.79,4.83,1800,2021-01-22 20:15:00,OTIC
4.84,4.85,4.83,4.85,3400,2021-01-22 20:20:00,OTIC
4.85,4.8599,4.83,4.83,9400,2021-01-22 20:25:00,OTIC
4.83,4.845,4.83,4.845,863,2021-01-22 20:30:00,OTIC
4.845,4.86,4.83,4.86,4545,2021-01-22 20:35:00,OTIC
4.87,4.9,4.87,4.87,9259,2021-01-22 20:40:00,OTIC
4.855,4.87,4.84,4.87,4838,2021-01-22 20:45:00,OTIC
4.84,4.89,4.83,4.88,19111,2021-01-22 20:50:00,OTIC
4.89,4.97,4.88,4.95,62448,2021-01-22 20:55:00,OTIC
4.93,4.93,4.93,4.93,13839,2021-01-22 21:00:00,OTIC
4.92,4.92,4.92,4.92,473,2021-01-25 13:20:00,OTIC
4.93,4.93,4.93,4.93,796,2021-01-25 13:55:00,OTIC
4.918,4.918,4.918,4.918,100,2021-01-25 14:10:00,OTIC
4.92,4.93,4.92,4.93,1072,2021-01-25 14:25:00,OTIC
4.96,5.02,4.91,4.95,10704,2021-01-25 14:30:00,OTIC
4.91,4.923,4.9,4.9,800,2021-01-25 14:35:00,OTIC
4.9,4.94,4.9,4.93,936,2021-01-25 14:40:00,OTIC
4.92,4.925,4.89,4.89,3000,2021-01-25 14:45:00,OTIC
4.86,4.86,4.84,4.85,9281,2021-01-25 14:50:00,OTIC
4.865,4.9299,4.865,4.8964,10604,2021-01-25 14:55:00,OTIC
4.89,4.89,4.85,4.87,1000,2021-01-25 15:00:00,OTIC
4.87,4.8899,4.86,4.86,1300,2021-01-25 15:05:00,OTIC
4.86,4.8777,4.85,4.86,5756,2021-01-25 15:10:00,OTIC
4.875,4.875,4.86,4.87,1500,2021-01-25 15:15:00,OTIC
4.86,4.86,4.81,4.84,18327,2021-01-25 15:20:00,OTIC
4.8469,4.8478,4.83,4.83,1460,2021-01-25 15:25:00,OTIC
4.84,4.85,4.83,4.8301,3234,2021-01-25 15:30:00,OTIC
4.83,4.84,4.82,4.84,4934,2021-01-25 15:35:00,OTIC
4.835,4.86,4.835,4.86,1740,2021-01-25 15:40:00,OTIC
4.86,4.86,4.84,4.86,650,2021-01-25 15:45:00,OTIC
4.8401,4.85,4.77,4.78,17982,2021-01-25 15:50:00,OTIC
4.8,4.8,4.76,4.76,24923,2021-01-25 15:55:00,OTIC
4.76,4.76,4.67,4.67,25219,2021-01-25 16:00:00,OTIC
4.69,4.69,4.6,4.645,5608,2021-01-25 16:05:00,OTIC
4.66,4.68,4.63,4.68,2464,2021-01-25 16:10:00,OTIC
4.74,4.76,4.74,4.7592,6100,2021-01-25 16:15:00,OTIC
4.7342,4.76,4.7342,4.7599,3123,2021-01-25 16:20:00,OTIC
4.76,4.76,4.72,4.73,2904,2021-01-25 16:25:00,OTIC
4.7,4.715,4.7,4.7,637,2021-01-25 16:30:00,OTIC
4.73,4.75,4.73,4.75,2782,2021-01-25 16:35:00,OTIC
4.7371,4.7371,4.7371,4.7371,200,2021-01-25 16:40:00,OTIC
4.78,4.8,4.78,4.8,2800,2021-01-25 16:45:00,OTIC
4.8,4.81,4.7952,4.81,3962,2021-01-25 16:50:00,OTIC
4.81,4.83,4.81,4.8198,3248,2021-01-25 16:55:00,OTIC
4.815,4.815,4.8,4.815,1800,2021-01-25 17:00:00,OTIC
4.815,4.82,4.8,4.8,2852,2021-01-25 17:05:00,OTIC
4.8,4.8,4.75,4.75,1470,2021-01-25 17:10:00,OTIC
4.765,4.7889,4.741,4.769,1950,2021-01-25 17:15:00,OTIC
4.75,4.785,4.7495,4.76,4224,2021-01-25 17:20:00,OTIC
4.74,4.74,4.74,4.74,400,2021-01-25 17:25:00,OTIC
4.74,4.7799,4.74,4.77,9800,2021-01-25 17:30:00,OTIC
4.76,4.82,4.76,4.8081,1890,2021-01-25 17:35:00,OTIC
4.805,4.82,4.805,4.82,500,2021-01-25 17:40:00,OTIC
4.805,4.82,4.805,4.82,710,2021-01-25 17:45:00,OTIC
4.82,4.82,4.805,4.82,500,2021-01-25 17:50:00,OTIC
4.805,4.805,4.79,4.805,600,2021-01-25 17:55:00,OTIC
4.7993,4.82,4.76,4.79,12912,2021-01-25 18:00:00,OTIC
4.7989,4.7989,4.7971,4.7971,340,2021-01-25 18:05:00,OTIC
4.795,4.8,4.78,4.8,25493,2021-01-25 18:10:00,OTIC
4.78,4.8,4.78,4.78,2359,2021-01-25 18:15:00,OTIC
4.77,4.78,4.76,4.76,600,2021-01-25 18:20:00,OTIC
4.76,4.775,4.76,4.775,400,2021-01-25 18:25:00,OTIC
4.785,4.7899,4.78,4.7827,2022,2021-01-25 18:30:00,OTIC
4.785,4.8,4.78,4.8,2380,2021-01-25 18:35:00,OTIC
4.805,4.825,4.805,4.825,2000,2021-01-25 18:40:00,OTIC
4.83,4.87,4.83,4.84,2124,2021-01-25 18:45:00,OTIC
4.84,4.855,4.83,4.83,2540,2021-01-25 18:50:00,OTIC
4.83,4.835,4.81,4.8102,2606,2021-01-25 18:55:00,OTIC
4.82,4.82,4.81,4.81,800,2021-01-25 19:00:00,OTIC
4.8,4.805,4.79,4.79,1100,2021-01-25 19:05:00,OTIC
4.8,4.81,4.79,4.79,7590,2021-01-25 19:10:00,OTIC
4.79,4.801,4.79,4.799,1550,2021-01-25 19:15:00,OTIC
4.79,4.82,4.79,4.79,5342,2021-01-25 19:20:00,OTIC
4.78,4.79,4.7732,4.7732,9131,2021-01-25 19:25:00,OTIC
4.8,4.83,4.7999,4.83,3600,2021-01-25 19:30:00,OTIC
4.81,4.8473,4.81,4.8473,1540,2021-01-25 19:35:00,OTIC
4.82,4.8395,4.8,4.8,31605,2021-01-25 19:40:00,OTIC
4.79,4.79,4.79,4.79,1840,2021-01-25 19:45:00,OTIC
4.79,4.8,4.77,4.78,5005,2021-01-25 19:50:00,OTIC
4.79,4.79,4.73,4.75,5178,2021-01-25 19:55:00,OTIC
4.75,4.775,4.72,4.72,7422,2021-01-25 20:00:00,OTIC
4.72,4.755,4.7,4.7,6859,2021-01-25 20:05:00,OTIC
4.7,4.73,4.65,4.67,9958,2021-01-25 20:10:00,OTIC
4.68,4.75,4.66,4.735,18392,2021-01-25 20:15:00,OTIC
4.735,4.79,4.735,4.765,2784,2021-01-25 20:20:00,OTIC
4.765,4.7833,4.74,4.74,3916,2021-01-25 20:25:00,OTIC
4.74,4.81,4.74,4.81,15415,2021-01-25 20:30:00,OTIC
4.8,4.84,4.8,4.84,5748,2021-01-25 20:35:00,OTIC
4.8399,4.86,4.83,4.84,7716,2021-01-25 20:40:00,OTIC
4.86,4.86,4.84,4.8599,2600,2021-01-25 20:45:00,OTIC
4.85,4.85,4.84,4.85,9493,2021-01-25 20:50:00,OTIC
4.85,4.86,4.83,4.86,12234,2021-01-25 20:55:00,OTIC
4.84,4.84,4.84,4.84,20365,2021-01-25 21:00:00,OTIC
4.79,4.8662,4.763,4.763,7979,2021-01-26 14:30:00,OTIC
4.84,4.84,4.78,4.7975,4300,2021-01-26 14:35:00,OTIC
4.85,4.85,4.78,4.78,1300,2021-01-26 14:40:00,OTIC
4.79,4.79,4.71,4.745,7280,2021-01-26 14:45:00,OTIC
4.75,4.79,4.75,4.79,23680,2021-01-26 14:50:00,OTIC
4.76,4.79,4.76,4.76,4228,2021-01-26 14:55:00,OTIC
4.76,4.76,4.66,4.66,24752,2021-01-26 15:00:00,OTIC
4.65,4.69,4.65,4.65,6508,2021-01-26 15:05:00,OTIC
4.66,4.68,4.65,4.65,3900,2021-01-26 15:10:00,OTIC
4.68,4.7,4.65,4.65,13634,2021-01-26 15:15:00,OTIC
4.65,4.67,4.57,4.595,11574,2021-01-26 15:20:00,OTIC
4.56,4.64,4.56,4.62,4074,2021-01-26 15:25:00,OTIC
4.6498,4.68,4.641,4.65,5253,2021-01-26 15:30:00,OTIC
4.68,4.68,4.65,4.66,3682,2021-01-26 15:35:00,OTIC
4.65,4.65,4.57,4.62,10365,2021-01-26 15:40:00,OTIC
4.63,4.64,4.58,4.58,13646,2021-01-26 15:45:00,OTIC
4.58,4.64,4.58,4.62,8681,2021-01-26 15:50:00,OTIC
4.63,4.6399,4.62,4.6362,1767,2021-01-26 15:55:00,OTIC
4.62,4.625,4.62,4.62,2169,2021-01-26 16:00:00,OTIC
4.625,4.63,4.58,4.6,25203,2021-01-26 16:05:00,OTIC
4.595,4.595,4.55,4.58,22075,2021-01-26 16:10:00,OTIC
4.57,4.59,4.57,4.59,3387,2021-01-26 16:15:00,OTIC
4.58,4.63,4.58,4.63,4304,2021-01-26 16:20:00,OTIC
4.63,4.63,4.6,4.6,1201,2021-01-26 16:25:00,OTIC
4.63,4.63,4.6,4.6,2390,2021-01-26 16:30:00,OTIC
4.6,4.61,4.595,4.605,2404,2021-01-26 16:35:00,OTIC
4.6,4.61,4.59,4.61,4299,2021-01-26 16:40:00,OTIC
4.61,4.62,4.59,4.62,700,2021-01-26 16:45:00,OTIC
4.6,4.6,4.55,4.56,5725,2021-01-26 16:50:00,OTIC
4.55,4.56,4.55,4.56,200,2021-01-26 16:55:00,OTIC
4.56,4.57,4.46,4.5,56946,2021-01-26 17:00:00,OTIC
4.485,4.54,4.485,4.52,5706,2021-01-26 17:05:00,OTIC
4.5073,4.5199,4.46,4.47,13129,2021-01-26 17:10:00,OTIC
4.47,4.5,4.46,4.46,3200,2021-01-26 17:15:00,OTIC
4.48,4.495,4.47,4.47,7584,2021-01-26 17:20:00,OTIC
4.47,4.49,4.46,4.4704,6082,2021-01-26 17:25:00,OTIC
4.47,4.52,4.47,4.52,4400,2021-01-26 17:30:00,OTIC
4.52,4.525,4.51,4.51,9250,2021-01-26 17:35:00,OTIC
4.52,4.55,4.52,4.55,13217,2021-01-26 17:40:00,OTIC
4.56,4.61,4.55,4.61,6940,2021-01-26 17:45:00,OTIC
4.6073,4.615,4.59,4.615,6454,2021-01-26 17:50:00,OTIC
4.61,4.61,4.57,4.57,12954,2021-01-26 17:55:00,OTIC
4.57,4.57,4.5204,4.56,4708,2021-01-26 18:00:00,OTIC
4.57,4.5973,4.57,4.5973,1300,2021-01-26 18:05:00,OTIC
4.58,4.59,4.58,4.59,200,2021-01-26 18:10:00,OTIC
4.5973,4.5973,4.58,4.59,3794,2021-01-26 18:15:00,OTIC
4.5973,4.6,4.58,4.58,3347,2021-01-26 18:20:00,OTIC
4.58,4.5878,4.57,4.5878,5586,2021-01-26 18:25:00,OTIC
4.58,4.595,4.58,4.595,2017,2021-01-26 18:30:00,OTIC
4.59,4.59,4.57,4.57,1921,2021-01-26 18:35:00,OTIC
4.59,4.6,4.58,4.58,2526,2021-01-26 18:40:00,OTIC
4.585,4.59,4.54,4.55,13324,2021-01-26 18:45:00,OTIC
4.555,4.58,4.55,4.58,5050,2021-01-26 18:50:00,OTIC
4.57,4.58,4.56,4.56,8088,2021-01-26 18:55:00,OTIC
4.57,4.58,4.57,4.58,2323,2021-01-26 19:00:00,OTIC
4.59,4.6178,4.585,4.61,3427,2021-01-26 19:05:00,OTIC
4.6,4.605,4.59,4.59,3821,2021-01-26 19:10:00,OTIC
4.56,4.58,4.56,4.57,1523,2021-01-26 19:15:00,OTIC
4.58,4.5996,4.58,4.5996,3470,2021-01-26 19:20:00,OTIC
4.5978,4.6,4.59,4.5996,2080,2021-01-26 19:25:00,OTIC
4.59,4.6,4.58,4.6,700,2021-01-26 19:30:00,OTIC
4.58,4.59,4.58,4.58,1200,2021-01-26 19:35:00,OTIC
4.5973,4.5973,4.58,4.58,500,2021-01-26 19:40:00,OTIC
4.58,4.58,4.57,4.57,2018,2021-01-26 19:45:00,OTIC
4.57,4.58,4.55,4.555,1309,2021-01-26 19:50:00,OTIC
4.54,4.55,4.525,4.525,1300,2021-01-26 19:55:00,OTIC
4.51,4.53,4.51,4.53,1460,2021-01-26 20:00:00,OTIC
4.51,4.525,4.51,4.525,360,2021-01-26 20:05:00,OTIC
4.5306,4.5306,4.51,4.52,1976,2021-01-26 20:10:00,OTIC
4.52,4.54,4.52,4.54,5501,2021-01-26 20:15:00,OTIC
4.5478,4.55,4.53,4.53,1990,2021-01-26 20:20:00,OTIC
4.53,4.54,4.49,4.515,13319,2021-01-26 20:25:00,OTIC
4.51,4.515,4.5,4.5,6715,2021-01-26 20:30:00,OTIC
4.505,4.505,4.45,4.45,9980,2021-01-26 20:35:00,OTIC
4.45,4.47,4.45,4.46,4715,2021-01-26 20:40:00,OTIC
4.47,4.48,4.43,4.43,12613,2021-01-26 20:45:00,OTIC
4.43,4.46,4.43,4.455,26997,2021-01-26 20:50:00,OTIC
4.45,4.46,4.36,4.36,99902,2021-01-26 20:55:00,OTIC
4.37,4.47,4.37,4.47,15400,2021-01-26 21:00:00,OTIC
4.45,4.47,4.45,4.47,1000,2021-01-26 21:10:00,OTIC
4.38,4.38,4.36,4.36,1000,2021-01-26 22:05:00,OTIC
4.33,4.33,4.32,4.32,2136,2021-01-26 22:10:00,OTIC
4.32,4.32,4.3,4.3,960,2021-01-26 22:15:00,OTIC
4.35,4.35,4.35,4.35,100,2021-01-26 22:20:00,OTIC
4.36,4.36,4.36,4.36,250,2021-01-26 22:30:00,OTIC
4.34,4.34,4.34,4.34,1000,2021-01-26 23:20:00,OTIC
4.34,4.34,4.34,4.34,300,2021-01-26 23:25:00,OTIC
4.3399,4.3399,4.3399,4.3399,2304,2021-01-26 23:45:00,OTIC
4.34,4.34,4.34,4.34,100,2021-01-26 23:55:00,OTIC
4.34,4.34,4.34,4.34,3000,2021-01-27 00:00:00,OTIC
4.34,4.34,4.34,4.34,200,2021-01-27 00:05:00,OTIC
4.34,4.34,4.34,4.34,100,2021-01-27 00:10:00,OTIC
4.3,4.3,4.3,4.3,3000,2021-01-27 00:50:00,OTIC
4.33,4.33,4.33,4.33,1332,2021-01-27 00:55:00,OTIC
4.3398,4.3398,4.3398,4.3398,500,2021-01-27 13:10:00,OTIC
4.32,4.3399,4.32,4.3399,300,2021-01-27 13:20:00,OTIC
4.3201,4.3201,4.3201,4.3201,3300,2021-01-27 13:35:00,OTIC
4.32,4.34,4.32,4.34,490,2021-01-27 13:50:00,OTIC
4.3398,4.34,4.3398,4.34,750,2021-01-27 13:55:00,OTIC
4.32,4.32,4.32,4.32,2786,2021-01-27 14:20:00,OTIC
4.35,4.35,4.35,4.35,100,2021-01-27 14:25:00,OTIC
4.31,4.3399,4.31,4.32,7622,2021-01-27 14:30:00,OTIC
4.32,4.325,4.3,4.32,7643,2021-01-27 14:35:00,OTIC
4.29,4.29,4.14,4.16,7042,2021-01-27 14:40:00,OTIC
4.2,4.21,4.12,4.19,6108,2021-01-27 14:45:00,OTIC
4.185,4.1898,4.15,4.1635,10403,2021-01-27 14:50:00,OTIC
4.19,4.23,4.19,4.22,31109,2021-01-27 14:55:00,OTIC
4.2224,4.29,4.205,4.265,3613,2021-01-27 15:00:00,OTIC
4.29,4.29,4.27,4.285,629,2021-01-27 15:05:00,OTIC
4.265,4.265,4.21,4.21,3765,2021-01-27 15:10:00,OTIC
4.22,4.29,4.21,4.27,12618,2021-01-27 15:15:00,OTIC
4.3,4.3338,4.29,4.3167,950,2021-01-27 15:20:00,OTIC
4.325,4.33,4.31,4.31,10395,2021-01-27 15:25:00,OTIC
4.3,4.33,4.29,4.32,12691,2021-01-27 15:30:00,OTIC
4.32,4.32,4.24,4.24,10401,2021-01-27 15:35:00,OTIC
4.25,4.29,4.24,4.24,7839,2021-01-27 15:40:00,OTIC
4.2699,4.2699,4.2,4.2,8481,2021-01-27 15:45:00,OTIC
4.2,4.24,4.2,4.24,15536,2021-01-27 15:50:00,OTIC
4.245,4.245,4.23,4.23,1900,2021-01-27 15:55:00,OTIC
4.23,4.23,4.22,4.23,3659,2021-01-27 16:00:00,OTIC
4.24,4.2778,4.24,4.24,6222,2021-01-27 16:05:00,OTIC
4.2499,4.26,4.2,4.2,15333,2021-01-27 16:10:00,OTIC
4.2,4.31,4.2,4.28,38938,2021-01-27 16:15:00,OTIC
4.27,4.2809,4.27,4.28,37717,2021-01-27 16:20:00,OTIC
4.28,4.39,4.28,4.39,16029,2021-01-27 16:25:00,OTIC
4.36,4.3778,4.34,4.35,19745,2021-01-27 16:30:00,OTIC
4.34,4.34,4.3,4.3,900,2021-01-27 16:35:00,OTIC
4.3,4.3,4.3,4.3,850,2021-01-27 16:40:00,OTIC
4.31,4.32,4.26,4.3,3986,2021-01-27 16:45:00,OTIC
4.29,4.3,4.2612,4.2612,3706,2021-01-27 16:50:00,OTIC
4.24,4.24,4.2,4.2,3900,2021-01-27 16:55:00,OTIC
4.21,4.23,4.19,4.23,3720,2021-01-27 17:00:00,OTIC
4.2129,4.23,4.19,4.215,15493,2021-01-27 17:05:00,OTIC
4.225,4.24,4.22,4.22,1944,2021-01-27 17:10:00,OTIC
4.24,4.28,4.24,4.24,2200,2021-01-27 17:15:00,OTIC
4.26,4.26,4.25,4.25,699,2021-01-27 17:20:00,OTIC
4.25,4.2501,4.24,4.25,11113,2021-01-27 17:25:00,OTIC
4.25,4.25,4.21,4.22,1400,2021-01-27 17:30:00,OTIC
4.22,4.26,4.22,4.25,6995,2021-01-27 17:35:00,OTIC
4.27,4.27,4.25,4.25,2409,2021-01-27 17:40:00,OTIC
4.25,4.25,4.25,4.25,1300,2021-01-27 17:45:00,OTIC
4.25,4.26,4.25,4.25,1100,2021-01-27 17:50:00,OTIC
4.25,4.26,4.24,4.26,4557,2021-01-27 17:55:00,OTIC
4.28,4.29,4.27,4.27,4100,2021-01-27 18:00:00,OTIC
4.27,4.2899,4.24,4.24,10200,2021-01-27 18:05:00,OTIC
4.26,4.278,4.22,4.22,4100,2021-01-27 18:10:00,OTIC
4.24,4.25,4.24,4.25,4041,2021-01-27 18:15:00,OTIC
4.255,4.29,4.255,4.29,8188,2021-01-27 18:20:00,OTIC
4.3,4.3,4.26,4.265,10278,2021-01-27 18:25:00,OTIC
4.24,4.2699,4.24,4.24,1898,2021-01-27 18:30:00,OTIC
4.25,4.25,4.24,4.24,948,2021-01-27 18:35:00,OTIC
4.23,4.25,4.22,4.24,7539,2021-01-27 18:40:00,OTIC
4.24,4.24,4.23,4.23,1493,2021-01-27 18:45:00,OTIC
4.23,4.255,4.23,4.24,15700,2021-01-27 18:50:00,OTIC
4.24,4.24,4.18,4.19,25270,2021-01-27 18:55:00,OTIC
4.19,4.1975,4.13,4.13,16008,2021-01-27 19:00:00,OTIC
4.1499,4.15,4.125,4.125,5237,2021-01-27 19:05:00,OTIC
4.13,4.13,4.11,4.115,4882,2021-01-27 19:10:00,OTIC
4.11,4.12,4.1,4.12,10748,2021-01-27 19:15:00,OTIC
4.103,4.103,4.05,4.05,6929,2021-01-27 19:20:00,OTIC
4.05,4.08,4.05,4.07,2733,2021-01-27 19:25:00,OTIC
4.06,4.12,4.04,4.12,18889,2021-01-27 19:30:00,OTIC
4.09,4.12,4.08,4.08,6037,2021-01-27 19:35:00,OTIC
4.08,4.14,4.07,4.12,7454,2021-01-27 19:40:00,OTIC
4.12,4.17,4.103,4.17,3109,2021-01-27 19:45:00,OTIC
4.14,4.14,4.09,4.12,2300,2021-01-27 19:50:00,OTIC
4.095,4.095,4.06,4.06,3800,2021-01-27 19:55:00,OTIC
4.08,4.0847,4.05,4.0847,5900,2021-01-27 20:00:00,OTIC
4.06,4.08,4.06,4.07,8488,2021-01-27 20:05:00,OTIC
4.08,4.0899,4.06,4.07,19633,2021-01-27 20:10:00,OTIC
4.07,4.072,4.06,4.07,4518,2021-01-27 20:15:00,OTIC
4.0619,4.0689,4.06,4.065,6232,2021-01-27 20:20:00,OTIC
4.06,4.07,4.055,4.07,19196,2021-01-27 20:25:00,OTIC
4.07,4.0778,4.06,4.06,6210,2021-01-27 20:30:00,OTIC
4.06,4.08,4.06,4.06,8200,2021-01-27 20:35:00,OTIC
4.06,4.08,4.06,4.07,12073,2021-01-27 20:40:00,OTIC
4.06,4.09,4.05,4.06,17233,2021-01-27 20:45:00,OTIC
4.05,4.05,4.0,4.0,26286,2021-01-27 20:50:00,OTIC
4.0,4.01,3.99,3.99,40925,2021-01-27 20:55:00,OTIC
4.01,4.01,4.01,4.01,15279,2021-01-27 21:00:00,OTIC
4.06,4.06,4.06,4.06,400,2021-01-27 21:45:00,OTIC
4.06,4.06,4.06,4.06,200,2021-01-27 22:50:00,OTIC
3.91,3.91,3.91,3.91,100,2021-01-27 23:00:00,OTIC
3.91,3.91,3.91,3.91,100,2021-01-27 23:05:00,OTIC
3.91,3.91,3.91,3.91,110,2021-01-27 23:20:00,OTIC
3.91,3.91,3.91,3.91,1034,2021-01-27 23:25:00,OTIC
4.01,4.01,4.01,4.01,1504,2021-01-27 23:30:00,OTIC
4.0,4.0,4.0,4.0,350,2021-01-28 00:55:00,OTIC
4.07,4.07,4.07,4.07,500,2021-01-28 09:00:00,OTIC
4.02,4.02,4.02,4.02,500,2021-01-28 12:00:00,OTIC
4.2,4.2,4.2,4.2,100,2021-01-28 12:55:00,OTIC
4.2499,4.2499,4.2499,4.2499,100,2021-01-28 13:15:00,OTIC
4.0021,4.0021,4.0,4.0,344,2021-01-28 13:40:00,OTIC
4.24,4.24,4.24,4.24,500,2021-01-28 14:00:00,OTIC
4.18,4.18,4.18,4.18,3000,2021-01-28 14:25:00,OTIC
4.09,4.09,4.0601,4.0601,5193,2021-01-28 14:30:00,OTIC
4.115,4.115,4.07,4.08,6401,2021-01-28 14:35:00,OTIC
4.095,4.11,4.06,4.06,17137,2021-01-28 14:40:00,OTIC
4.06,4.06,4.0,4.0,10581,2021-01-28 14:45:00,OTIC
3.98,4.0,3.91,3.94,15099,2021-01-28 14:50:00,OTIC
3.94,3.9518,3.93,3.9518,8635,2021-01-28 14:55:00,OTIC
3.96,4.0,3.94,4.0,9373,2021-01-28 15:00:00,OTIC
4.0,4.0999,4.0,4.0999,11080,2021-01-28 15:05:00,OTIC
4.06,4.074,4.05,4.074,10520,2021-01-28 15:10:00,OTIC
4.04,4.0699,4.02,4.04,21489,2021-01-28 15:15:00,OTIC
4.04,4.093,4.04,4.093,9141,2021-01-28 15:20:00,OTIC
4.09,4.1,4.08,4.09,32342,2021-01-28 15:25:00,OTIC
4.09,4.2,4.09,4.19,20836,2021-01-28 15:30:00,OTIC
4.17,4.19,4.16,4.16,7700,2021-01-28 15:35:00,OTIC
4.15,4.17,4.1001,4.1001,3961,2021-01-28 15:40:00,OTIC
4.1,4.1017,4.06,4.07,11159,2021-01-28 15:45:00,OTIC
4.07,4.1,4.07,4.0711,5420,2021-01-28 15:50:00,OTIC
4.08,4.09,4.05,4.0699,13137,2021-01-28 15:55:00,OTIC
4.05,4.08,4.05,4.07,3731,2021-01-28 16:00:00,OTIC
4.07,4.09,4.06,4.06,4170,2021-01-28 16:05:00,OTIC
4.07,4.11,4.05,4.06,12331,2021-01-28 16:10:00,OTIC
4.07,4.08,4.07,4.075,2600,2021-01-28 16:15:00,OTIC
4.06,4.06,4.0,4.02,17654,2021-01-28 16:20:00,OTIC
4.01,4.02,3.95,3.97,58343,2021-01-28 16:25:00,OTIC
3.95,4.15,3.92,4.12,71211,2021-01-28 16:30:00,OTIC
4.115,4.2,4.1,4.12,66779,2021-01-28 16:35:00,OTIC
4.14,4.24,4.1,4.24,51162,2021-01-28 16:40:00,OTIC
4.2499,4.32,4.24,4.3199,21031,2021-01-28 16:45:00,OTIC
4.315,4.32,4.25,4.25,8577,2021-01-28 16:50:00,OTIC
4.25,4.28,4.2,4.2,23581,2021-01-28 16:55:00,OTIC
4.261,4.2628,4.21,4.245,12304,2021-01-28 17:00:00,OTIC
4.25,4.29,4.24,4.27,14251,2021-01-28 17:05:00,OTIC
4.27,4.32,4.25,4.27,9266,2021-01-28 17:10:00,OTIC
4.275,4.33,4.26,4.32,9966,2021-01-28 17:15:00,OTIC
4.35,4.37,4.32,4.3499,18260,2021-01-28 17:20:00,OTIC
4.34,4.37,4.32,4.33,8426,2021-01-28 17:25:00,OTIC
4.334,4.36,4.2801,4.29,11736,2021-01-28 17:30:00,OTIC
4.3,4.32,4.3,4.3001,5284,2021-01-28 17:35:00,OTIC
4.31,4.31,4.26,4.29,1369,2021-01-28 17:40:00,OTIC
4.27,4.36,4.27,4.32,15362,2021-01-28 17:45:00,OTIC
4.32,4.32,4.29,4.32,6656,2021-01-28 17:50:00,OTIC
4.33,4.44,4.33,4.42,10698,2021-01-28 17:55:00,OTIC
4.435,4.4499,4.36,4.42,4550,2021-01-28 18:00:00,OTIC
4.4,4.47,4.3801,4.41,13366,2021-01-28 18:05:00,OTIC
4.44,4.535,4.41,4.51,23506,2021-01-28 18:10:00,OTIC
4.48,4.58,4.48,4.57,7979,2021-01-28 18:15:00,OTIC
4.57,4.6299,4.5449,4.61,33784,2021-01-28 18:20:00,OTIC
4.59,4.61,4.53,4.53,14486,2021-01-28 18:25:00,OTIC
4.54,4.59,4.54,4.565,13592,2021-01-28 18:30:00,OTIC
4.55,4.57,4.52,4.57,10216,2021-01-28 18:35:00,OTIC
4.5441,4.57,4.5,4.5,6330,2021-01-28 18:40:00,OTIC
4.53,4.53,4.48,4.505,9284,2021-01-28 18:45:00,OTIC
4.52,4.52,4.48,4.5099,15065,2021-01-28 18:50:00,OTIC
4.495,4.505,4.48,4.49,7658,2021-01-28 18:55:00,OTIC
4.49,4.55,4.49,4.54,10234,2021-01-28 19:00:00,OTIC
4.54,4.57,4.525,4.57,4856,2021-01-28 19:05:00,OTIC
4.58,4.61,4.53,4.5899,12970,2021-01-28 19:10:00,OTIC
4.5859,4.62,4.56,4.6199,8780,2021-01-28 19:15:00,OTIC
4.607,4.62,4.58,4.61,17366,2021-01-28 19:20:00,OTIC
4.61,4.6926,4.6,4.64,9116,2021-01-28 19:25:00,OTIC
4.67,4.7,4.63,4.6899,6602,2021-01-28 19:30:00,OTIC
4.69,4.7,4.66,4.7,11653,2021-01-28 19:35:00,OTIC
4.69,4.7,4.66,4.6801,44685,2021-01-28 19:40:00,OTIC
4.68,4.7,4.61,4.66,25278,2021-01-28 19:45:00,OTIC
4.66,4.7,4.66,4.68,14082,2021-01-28 19:50:00,OTIC
4.68,4.7,4.67,4.7,12322,2021-01-28 19:55:00,OTIC
4.695,4.7,4.69,4.6925,5730,2021-01-28 20:00:00,OTIC
4.6822,4.69,4.67,4.67,15830,2021-01-28 20:05:00,OTIC
4.67,4.67,4.61,4.625,8369,2021-01-28 20:10:00,OTIC
4.63,4.65,4.61,4.63,17440,2021-01-28 20:15:00,OTIC
4.64,4.65,4.61,4.615,32872,2021-01-28 20:20:00,OTIC
4.62,4.62,4.58,4.58,7773,2021-01-28 20:25:00,OTIC
4.57,4.605,4.56,4.56,10211,2021-01-28 20:30:00,OTIC
4.5959,4.605,4.57,4.59,9595,2021-01-28 20:35:00,OTIC
4.6,4.6,4.57,4.59,9742,2021-01-28 20:40:00,OTIC
4.59,4.64,4.59,4.59,17663,2021-01-28 20:45:00,OTIC
4.61,4.62,4.57,4.6,18657,2021-01-28 20:50:00,OTIC
4.6,4.6,4.56,4.58,32095,2021-01-28 20:55:00,OTIC
4.58,4.58,4.58,4.58,23540,2021-01-28 21:00:00,OTIC
4.52,4.52,4.52,4.52,245,2021-01-28 21:05:00,OTIC
4.6,4.6,4.6,4.6,200,2021-01-28 21:30:00,OTIC
4.6,4.6,4.6,4.6,400,2021-01-28 21:40:00,OTIC
4.6,4.6,4.6,4.6,400,2021-01-28 22:00:00,OTIC
4.6,4.6,4.6,4.6,100,2021-01-28 22:10:00,OTIC
4.6,4.6,4.6,4.6,100,2021-01-28 22:30:00,OTIC
4.52,4.52,4.52,4.52,900,2021-01-28 22:35:00,OTIC
4.84,4.84,4.84,4.84,200,2021-01-29 00:30:00,OTIC
4.52,4.52,4.52,4.52,285,2021-01-29 09:50:00,OTIC
4.7,4.7,4.7,4.7,500,2021-01-29 13:35:00,OTIC
4.64,4.65,4.64,4.65,600,2021-01-29 14:10:00,OTIC
4.6001,4.6001,4.6,4.6,500,2021-01-29 14:20:00,OTIC
4.6,4.6775,4.52,4.54,10452,2021-01-29 14:30:00,OTIC
4.53,4.62,4.52,4.52,3934,2021-01-29 14:35:00,OTIC
4.53,4.545,4.52,4.52,4000,2021-01-29 14:40:00,OTIC
4.5201,4.57,4.43,4.505,23633,2021-01-29 14:45:00,OTIC
4.47,4.505,4.47,4.4896,5049,2021-01-29 14:50:00,OTIC
4.485,4.52,4.47,4.5,4276,2021-01-29 14:55:00,OTIC
4.5,4.51,4.4701,4.4933,1322,2021-01-29 15:00:00,OTIC
4.51,4.51,4.4501,4.4501,6147,2021-01-29 15:05:00,OTIC
4.4995,4.5,4.4501,4.4999,2849,2021-01-29 15:10:00,OTIC
4.5,4.5,4.46,4.46,2663,2021-01-29 15:15:00,OTIC
4.4902,4.52,4.4902,4.5,300,2021-01-29 15:20:00,OTIC
4.49,4.52,4.49,4.52,2300,2021-01-29 15:25:00,OTIC
4.56,4.56,4.55,4.56,300,2021-01-29 15:30:00,OTIC
4.56,4.56,4.53,4.551,920,2021-01-29 15:35:00,OTIC
4.55,4.56,4.52,4.52,1899,2021-01-29 15:40:00,OTIC
4.505,4.505,4.48,4.49,2890,2021-01-29 15:45:00,OTIC
4.45,4.49,4.45,4.48,306,2021-01-29 15:50:00,OTIC
4.47,4.47,4.45,4.4503,1400,2021-01-29 15:55:00,OTIC
4.47,4.48,4.46,4.46,7540,2021-01-29 16:00:00,OTIC
4.47,4.47,4.47,4.47,200,2021-01-29 16:05:00,OTIC
4.47,4.47,4.45,4.45,2564,2021-01-29 16:10:00,OTIC
4.47,4.47,4.46,4.46,300,2021-01-29 16:15:00,OTIC
4.46,4.46,4.4,4.41,15989,2021-01-29 16:20:00,OTIC
4.4,4.4,4.36,4.36,8139,2021-01-29 16:25:00,OTIC
4.38,4.38,4.38,4.38,100,2021-01-29 16:30:00,OTIC
4.39,4.39,4.32,4.33,18654,2021-01-29 16:35:00,OTIC
4.33,4.36,4.33,4.36,8545,2021-01-29 16:40:00,OTIC
4.3683,4.37,4.3683,4.37,1027,2021-01-29 16:45:00,OTIC
4.38,4.42,4.38,4.41,6393,2021-01-29 16:50:00,OTIC
4.41,4.42,4.4,4.42,800,2021-01-29 16:55:00,OTIC
4.42,4.42,4.42,4.42,100,2021-01-29 17:00:00,OTIC
4.42,4.42,4.41,4.41,500,2021-01-29 17:05:00,OTIC
4.42,4.42,4.38,4.394,8662,2021-01-29 17:10:00,OTIC
4.38,4.39,4.32,4.32,7600,2021-01-29 17:15:00,OTIC
4.34,4.34,4.26,4.26,15090,2021-01-29 17:20:00,OTIC
4.27,4.28,4.2501,4.2722,2900,2021-01-29 17:25:00,OTIC
4.28,4.28,4.21,4.21,9336,2021-01-29 17:30:00,OTIC
4.2169,4.2169,4.2,4.2,4787,2021-01-29 17:35:00,OTIC
4.21,4.22,4.2,4.22,5860,2021-01-29 17:40:00,OTIC
4.2199,4.22,4.21,4.21,622,2021-01-29 17:45:00,OTIC
4.2199,4.25,4.2019,4.25,6303,2021-01-29 17:50:00,OTIC
4.25,4.31,4.25,4.29,8560,2021-01-29 17:55:00,OTIC
4.3229,4.3241,4.3229,4.3241,500,2021-01-29 18:00:00,OTIC
4.3236,4.3236,4.26,4.2603,1828,2021-01-29 18:05:00,OTIC
4.2799,4.2799,4.26,4.26,1000,2021-01-29 18:10:00,OTIC
4.23,4.23,4.21,4.21,1750,2021-01-29 18:15:00,OTIC
4.202,4.24,4.202,4.24,4504,2021-01-29 18:20:00,OTIC
4.23,4.29,4.23,4.28,7291,2021-01-29 18:25:00,OTIC
4.2947,4.2947,4.27,4.28,1300,2021-01-29 18:30:00,OTIC
4.28,4.28,4.26,4.26,1050,2021-01-29 18:35:00,OTIC
4.28,4.3,4.27,4.28,5150,2021-01-29 18:40:00,OTIC
4.27,4.28,4.25,4.25,1626,2021-01-29 18:45:00,OTIC
4.26,4.27,4.18,4.21,12662,2021-01-29 18:55:00,OTIC
4.195,4.21,4.195,4.2,6000,2021-01-29 19:00:00,OTIC
4.21,4.24,4.205,4.235,3776,2021-01-29 19:05:00,OTIC
4.24,4.25,4.2,4.23,13150,2021-01-29 19:10:00,OTIC
4.235,4.235,4.22,4.22,948,2021-01-29 19:20:00,OTIC
4.234,4.24,4.22,4.22,1010,2021-01-29 19:25:00,OTIC
4.21,4.21,4.2,4.2,854,2021-01-29 19:30:00,OTIC
4.21,4.24,4.21,4.231,4361,2021-01-29 19:35:00,OTIC
4.21,4.225,4.19,4.225,19605,2021-01-29 19:40:00,OTIC
4.23,4.26,4.2299,4.252,8240,2021-01-29 19:45:00,OTIC
4.24,4.275,4.24,4.275,11686,2021-01-29 19:50:00,OTIC
4.28,4.285,4.24,4.285,5911,2021-01-29 19:55:00,OTIC
4.285,4.34,4.285,4.3138,8441,2021-01-29 20:00:00,OTIC
4.3277,4.34,4.3277,4.34,1500,2021-01-29 20:05:00,OTIC
4.34,4.39,4.33,4.38,20979,2021-01-29 20:10:00,OTIC
4.38,4.39,4.36,4.38,2173,2021-01-29 20:15:00,OTIC
4.3711,4.3711,4.33,4.33,2982,2021-01-29 20:20:00,OTIC
4.36,4.37,4.32,4.34,4290,2021-01-29 20:25:00,OTIC
4.32,4.32,4.3,4.32,10602,2021-01-29 20:30:00,OTIC
4.32,4.34,4.29,4.29,5918,2021-01-29 20:35:00,OTIC
4.32,4.32,4.25,4.25,5874,2021-01-29 20:40:00,OTIC
4.25,4.28,4.25,4.275,4513,2021-01-29 20:45:00,OTIC
4.275,4.28,4.15,4.245,71262,2021-01-29 20:50:00,OTIC
4.25,4.255,4.24,4.25,18773,2021-01-29 20:55:00,OTIC
4.25,4.25,4.25,4.25,13598,2021-01-29 21:00:00,OTIC
4.25,4.28,4.25,4.25,4145,2021-01-29 21:10:00,OTIC
4.25,4.25,4.25,4.25,500,2021-01-29 21:50:00,OTIC
4.25,4.25,4.25,4.25,350,2021-01-29 23:30:00,OTIC
