open,high,low,close,volume,datetime,symbol
23.2,23.2,23.2,23.2,700,2021-09-01 10:09:00,DADA
23.6,23.6,23.6,23.6,100,2021-09-01 12:25:00,DADA
23.6,23.6,23.6,23.6,100,2021-09-01 12:31:00,DADA
23.55,23.55,23.55,23.55,500,2021-09-01 12:41:00,DADA
23.6,23.6,23.6,23.6,200,2021-09-01 12:58:00,DADA
23.6,23.6,23.6,23.6,100,2021-09-01 13:03:00,DADA
23.6,23.6,23.6,23.6,603,2021-09-01 13:04:00,DADA
23.6,23.6,23.6,23.6,100,2021-09-01 13:11:00,DADA
23.57,23.57,23.57,23.57,150,2021-09-01 13:19:00,DADA
23.74,23.74,23.74,23.74,100,2021-09-01 13:28:00,DADA
23.89,23.9,23.89,23.9,810,2021-09-01 13:29:00,DADA
23.6,23.91,23.49,23.68,10488,2021-09-01 13:30:00,DADA
23.87,24.3,23.76,24.295,15348,2021-09-01 13:31:00,DADA
24.4,24.58,24.2791,24.51,41651,2021-09-01 13:32:00,DADA
24.51,24.575,24.51,24.535,816,2021-09-01 13:33:00,DADA
24.57,24.59,24.325,24.59,7230,2021-09-01 13:34:00,DADA
24.58,24.58,24.43,24.43,300,2021-09-01 13:35:00,DADA
24.56,24.57,24.47,24.495,939,2021-09-01 13:36:00,DADA
24.58,24.89,24.47,24.89,6511,2021-09-01 13:37:00,DADA
24.84,24.92,24.82,24.855,6152,2021-09-01 13:38:00,DADA
24.8,24.855,24.74,24.845,4768,2021-09-01 13:39:00,DADA
24.84,24.98,24.8,24.835,4576,2021-09-01 13:40:00,DADA
24.86,24.95,24.825,24.95,4467,2021-09-01 13:41:00,DADA
24.945,24.945,24.88,24.91,1160,2021-09-01 13:42:00,DADA
24.8798,24.96,24.85,24.9,3850,2021-09-01 13:43:00,DADA
24.91,24.94,24.87,24.94,1300,2021-09-01 13:45:00,DADA
24.92,24.92,24.84,24.9053,1307,2021-09-01 13:46:00,DADA
24.93,24.99,24.88,24.92,4147,2021-09-01 13:47:00,DADA
24.9,25.14,24.9,25.14,16503,2021-09-01 13:48:00,DADA
25.0936,25.18,25.01,25.14,2250,2021-09-01 13:49:00,DADA
25.155,25.165,25.0017,25.04,3862,2021-09-01 13:50:00,DADA
25.04,25.04,25.0,25.03,900,2021-09-01 13:51:00,DADA
25.0,25.0,24.93,24.95,3526,2021-09-01 13:52:00,DADA
24.965,25.09,24.965,25.09,1454,2021-09-01 13:53:00,DADA
25.01,25.1,25.01,25.09,3542,2021-09-01 13:54:00,DADA
25.055,25.055,25.055,25.055,100,2021-09-01 13:55:00,DADA
25.065,25.065,24.98,25.025,1721,2021-09-01 13:56:00,DADA
25.06,25.06,24.98,24.9958,700,2021-09-01 13:57:00,DADA
25.06,25.1,25.05,25.1,1787,2021-09-01 13:58:00,DADA
25.13,25.17,25.12,25.15,779,2021-09-01 13:59:00,DADA
25.17,25.25,25.17,25.18,2220,2021-09-01 14:00:00,DADA
25.23,25.26,25.205,25.26,2345,2021-09-01 14:01:00,DADA
25.363,25.365,25.31,25.345,1600,2021-09-01 14:02:00,DADA
25.34,25.34,25.215,25.265,700,2021-09-01 14:03:00,DADA
25.28,25.28,25.02,25.02,3859,2021-09-01 14:04:00,DADA
25.13,25.22,25.075,25.16,2000,2021-09-01 14:05:00,DADA
25.25,25.25,25.2001,25.2001,1110,2021-09-01 14:06:00,DADA
25.23,25.4,25.2,25.4,3423,2021-09-01 14:07:00,DADA
25.43,25.55,25.4,25.51,4350,2021-09-01 14:08:00,DADA
25.56,25.58,25.51,25.53,3743,2021-09-01 14:09:00,DADA
25.54,25.82,25.53,25.76,17136,2021-09-01 14:10:00,DADA
25.775,25.83,25.75,25.755,13573,2021-09-01 14:11:00,DADA
25.79,25.83,25.73,25.81,8883,2021-09-01 14:12:00,DADA
25.81,25.83,25.7598,25.83,6430,2021-09-01 14:13:00,DADA
25.8,25.8,25.56,25.6,3079,2021-09-01 14:14:00,DADA
25.56,25.56,25.445,25.5,3070,2021-09-01 14:15:00,DADA
25.485,25.52,25.48,25.515,985,2021-09-01 14:16:00,DADA
25.51,25.5266,25.45,25.45,700,2021-09-01 14:17:00,DADA
25.495,25.51,25.31,25.36,4623,2021-09-01 14:18:00,DADA
25.27,25.34,25.27,25.2885,4365,2021-09-01 14:19:00,DADA
25.2799,25.46,25.2799,25.4,4250,2021-09-01 14:20:00,DADA
25.41,25.415,25.41,25.415,300,2021-09-01 14:21:00,DADA
25.44,25.44,25.34,25.34,5684,2021-09-01 14:22:00,DADA
25.335,25.34,25.2,25.215,2313,2021-09-01 14:23:00,DADA
25.18,25.18,25.03,25.03,2464,2021-09-01 14:24:00,DADA
25.04,25.04,25.0,25.015,1000,2021-09-01 14:25:00,DADA
25.01,25.06,25.01,25.05,1500,2021-09-01 14:26:00,DADA
25.08,25.08,25.0416,25.0416,896,2021-09-01 14:27:00,DADA
25.03,25.1,25.03,25.09,3094,2021-09-01 14:28:00,DADA
25.11,25.11,25.06,25.11,578,2021-09-01 14:29:00,DADA
25.16,25.22,25.16,25.175,1483,2021-09-01 14:30:00,DADA
25.23,25.42,25.23,25.42,3700,2021-09-01 14:31:00,DADA
25.43,25.43,25.29,25.325,3432,2021-09-01 14:32:00,DADA
25.33,25.33,25.2376,25.2376,1696,2021-09-01 14:33:00,DADA
25.24,25.33,25.24,25.33,800,2021-09-01 14:34:00,DADA
25.3,25.3,25.27,25.27,400,2021-09-01 14:35:00,DADA
25.26,25.26,25.26,25.26,1976,2021-09-01 14:36:00,DADA
25.26,25.26,25.235,25.235,500,2021-09-01 14:37:00,DADA
25.23,25.23,25.06,25.075,1307,2021-09-01 14:38:00,DADA
25.125,25.17,25.08,25.17,1640,2021-09-01 14:39:00,DADA
25.2,25.24,25.18,25.22,2274,2021-09-01 14:40:00,DADA
25.22,25.22,25.195,25.195,800,2021-09-01 14:41:00,DADA
25.195,25.21,25.17,25.21,600,2021-09-01 14:42:00,DADA
25.22,25.22,25.145,25.145,1700,2021-09-01 14:43:00,DADA
25.12,25.155,25.12,25.155,300,2021-09-01 14:44:00,DADA
25.14,25.14,25.08,25.138,659,2021-09-01 14:45:00,DADA
25.08,25.125,25.08,25.125,800,2021-09-01 14:46:00,DADA
25.125,25.17,25.125,25.15,1100,2021-09-01 14:47:00,DADA
25.14,25.14,25.065,25.07,1808,2021-09-01 14:49:00,DADA
25.09,25.14,25.09,25.14,1034,2021-09-01 14:50:00,DADA
25.19,25.21,25.17,25.17,800,2021-09-01 14:51:00,DADA
25.25,25.25,25.25,25.25,200,2021-09-01 14:52:00,DADA
25.25,25.25,25.17,25.175,620,2021-09-01 14:53:00,DADA
25.24,25.24,25.24,25.24,500,2021-09-01 14:54:00,DADA
25.24,25.25,25.21,25.225,596,2021-09-01 14:55:00,DADA
25.225,25.225,25.2,25.22,1400,2021-09-01 14:56:00,DADA
25.23,25.23,25.23,25.23,100,2021-09-01 14:57:00,DADA
25.3,25.3,25.19,25.19,1100,2021-09-01 14:58:00,DADA
25.21,25.25,25.18,25.22,1400,2021-09-01 14:59:00,DADA
25.22,25.24,25.2,25.23,1681,2021-09-01 15:00:00,DADA
25.21,25.21,25.21,25.21,130,2021-09-01 15:01:00,DADA
25.21,25.21,25.21,25.21,300,2021-09-01 15:02:00,DADA
25.17,25.23,25.17,25.23,1450,2021-09-01 15:03:00,DADA
25.25,25.25,25.25,25.25,100,2021-09-01 15:04:00,DADA
25.25,25.25,25.2,25.215,500,2021-09-01 15:05:00,DADA
25.23,25.23,25.23,25.23,200,2021-09-01 15:06:00,DADA
25.17,25.17,25.15,25.15,310,2021-09-01 15:07:00,DADA
25.18,25.18,25.17,25.17,200,2021-09-01 15:08:00,DADA
25.14,25.2,25.14,25.2,663,2021-09-01 15:09:00,DADA
25.16,25.19,25.15,25.18,900,2021-09-01 15:10:00,DADA
25.2,25.235,25.2,25.235,699,2021-09-01 15:11:00,DADA
25.19,25.24,25.19,25.24,300,2021-09-01 15:12:00,DADA
25.2,25.2,25.17,25.17,500,2021-09-01 15:14:00,DADA
25.2,25.2,25.19,25.19,200,2021-09-01 15:15:00,DADA
25.2,25.22,25.2,25.22,200,2021-09-01 15:16:00,DADA
25.205,25.205,25.16,25.19,300,2021-09-01 15:17:00,DADA
25.21,25.26,25.21,25.26,849,2021-09-01 15:18:00,DADA
25.28,25.28,25.26,25.26,300,2021-09-01 15:19:00,DADA
25.205,25.205,25.1601,25.195,509,2021-09-01 15:20:00,DADA
25.16,25.16,25.13,25.13,300,2021-09-01 15:23:00,DADA
25.16,25.16,25.16,25.16,100,2021-09-01 15:24:00,DADA
25.14,25.145,25.115,25.115,808,2021-09-01 15:26:00,DADA
25.14,25.18,25.14,25.14,300,2021-09-01 15:27:00,DADA
25.135,25.14,25.135,25.14,200,2021-09-01 15:29:00,DADA
25.13,25.135,25.11,25.11,400,2021-09-01 15:30:00,DADA
25.15,25.16,25.15,25.16,200,2021-09-01 15:31:00,DADA
25.17,25.18,25.14,25.155,400,2021-09-01 15:32:00,DADA
25.19,25.2,25.16,25.18,1211,2021-09-01 15:33:00,DADA
25.16,25.16,25.16,25.16,100,2021-09-01 15:34:00,DADA
25.22,25.23,25.22,25.23,500,2021-09-01 15:35:00,DADA
25.2,25.24,25.2,25.24,200,2021-09-01 15:37:00,DADA
25.205,25.205,25.205,25.205,100,2021-09-01 15:38:00,DADA
25.23,25.26,25.23,25.26,200,2021-09-01 15:39:00,DADA
25.235,25.235,25.21,25.21,400,2021-09-01 15:40:00,DADA
25.26,25.3,25.22,25.25,1185,2021-09-01 15:41:00,DADA
25.28,25.3,25.26,25.3,700,2021-09-01 15:42:00,DADA
25.33,25.34,25.3,25.31,1924,2021-09-01 15:43:00,DADA
25.2986,25.315,25.29,25.315,800,2021-09-01 15:44:00,DADA
25.34,25.4,25.34,25.4,2303,2021-09-01 15:45:00,DADA
25.43,25.5,25.41,25.48,3121,2021-09-01 15:46:00,DADA
25.49,25.49,25.42,25.42,6599,2021-09-01 15:47:00,DADA
25.42,25.4499,25.42,25.42,850,2021-09-01 15:48:00,DADA
25.44,25.45,25.44,25.44,1099,2021-09-01 15:49:00,DADA
25.4603,25.4603,25.46,25.46,200,2021-09-01 15:51:00,DADA
25.46,25.46,25.455,25.455,564,2021-09-01 15:52:00,DADA
25.4617,25.47,25.41,25.41,570,2021-09-01 15:54:00,DADA
25.3808,25.42,25.3808,25.42,200,2021-09-01 15:55:00,DADA
25.4101,25.4295,25.4101,25.4295,2500,2021-09-01 15:56:00,DADA
25.42,25.42,25.41,25.41,200,2021-09-01 15:57:00,DADA
25.425,25.425,25.4,25.4,1208,2021-09-01 16:00:00,DADA
25.41,25.41,25.41,25.41,100,2021-09-01 16:01:00,DADA
25.4,25.4,25.355,25.385,1395,2021-09-01 16:02:00,DADA
25.41,25.44,25.41,25.42,1300,2021-09-01 16:03:00,DADA
25.4101,25.44,25.4101,25.44,450,2021-09-01 16:04:00,DADA
25.435,25.435,25.42,25.42,300,2021-09-01 16:05:00,DADA
25.4399,25.4399,25.4399,25.4399,220,2021-09-01 16:06:00,DADA
25.4,25.44,25.4,25.44,1400,2021-09-01 16:07:00,DADA
25.43,25.43,25.41,25.41,629,2021-09-01 16:08:00,DADA
25.4,25.4,25.4,25.4,100,2021-09-01 16:09:00,DADA
25.415,25.425,25.39,25.3954,600,2021-09-01 16:10:00,DADA
25.42,25.42,25.405,25.405,200,2021-09-01 16:11:00,DADA
25.39,25.47,25.39,25.47,3289,2021-09-01 16:12:00,DADA
25.46,25.46,25.44,25.44,1374,2021-09-01 16:13:00,DADA
25.36,25.36,25.36,25.36,100,2021-09-01 16:14:00,DADA
25.39,25.39,25.3525,25.3525,1400,2021-09-01 16:15:00,DADA
25.36,25.37,25.36,25.36,1700,2021-09-01 16:16:00,DADA
25.34,25.43,25.34,25.43,400,2021-09-01 16:17:00,DADA
25.42,25.44,25.42,25.44,700,2021-09-01 16:18:00,DADA
25.44,25.47,25.43,25.46,4000,2021-09-01 16:19:00,DADA
25.45,25.49,25.45,25.45,2005,2021-09-01 16:20:00,DADA
25.445,25.445,25.445,25.445,100,2021-09-01 16:21:00,DADA
25.45,25.45,25.45,25.45,300,2021-09-01 16:22:00,DADA
25.45,25.45,25.45,25.45,100,2021-09-01 16:24:00,DADA
25.41,25.41,25.41,25.41,100,2021-09-01 16:25:00,DADA
25.42,25.42,25.42,25.42,100,2021-09-01 16:26:00,DADA
25.45,25.46,25.45,25.4555,650,2021-09-01 16:27:00,DADA
25.47,25.53,25.47,25.51,2490,2021-09-01 16:28:00,DADA
25.49,25.49,25.49,25.49,100,2021-09-01 16:29:00,DADA
25.47,25.47,25.46,25.46,200,2021-09-01 16:32:00,DADA
25.4406,25.47,25.43,25.47,2446,2021-09-01 16:33:00,DADA
25.46,25.46,25.43,25.445,600,2021-09-01 16:34:00,DADA
25.445,25.445,25.44,25.44,200,2021-09-01 16:35:00,DADA
25.41,25.43,25.38,25.41,3600,2021-09-01 16:36:00,DADA
25.42,25.43,25.42,25.43,985,2021-09-01 16:37:00,DADA
25.43,25.43,25.38,25.39,4100,2021-09-01 16:38:00,DADA
25.4,25.41,25.38,25.41,600,2021-09-01 16:39:00,DADA
25.43,25.43,25.43,25.43,400,2021-09-01 16:40:00,DADA
25.41,25.41,25.41,25.41,100,2021-09-01 16:41:00,DADA
25.39,25.39,25.36,25.39,1324,2021-09-01 16:42:00,DADA
25.35,25.35,25.35,25.35,100,2021-09-01 16:43:00,DADA
25.3731,25.3731,25.3731,25.3731,100,2021-09-01 16:44:00,DADA
25.43,25.43,25.43,25.43,509,2021-09-01 16:47:00,DADA
25.43,25.44,25.43,25.44,700,2021-09-01 16:48:00,DADA
25.4101,25.44,25.4101,25.44,600,2021-09-01 16:49:00,DADA
25.415,25.42,25.4,25.42,700,2021-09-01 16:50:00,DADA
25.435,25.435,25.42,25.42,200,2021-09-01 16:51:00,DADA
25.435,25.46,25.435,25.46,500,2021-09-01 16:52:00,DADA
25.46,25.46,25.41,25.41,200,2021-09-01 16:53:00,DADA
25.4,25.4,25.34,25.3669,1800,2021-09-01 16:54:00,DADA
25.38,25.4,25.37,25.37,2397,2021-09-01 16:55:00,DADA
25.41,25.46,25.41,25.45,1300,2021-09-01 16:56:00,DADA
25.46,25.47,25.46,25.47,200,2021-09-01 16:57:00,DADA
25.49,25.49,25.49,25.49,200,2021-09-01 16:58:00,DADA
25.435,25.435,25.435,25.435,100,2021-09-01 16:59:00,DADA
25.44,25.46,25.44,25.46,200,2021-09-01 17:00:00,DADA
25.4828,25.4828,25.4828,25.4828,150,2021-09-01 17:01:00,DADA
25.54,25.59,25.52,25.57,1400,2021-09-01 17:02:00,DADA
25.55,25.62,25.55,25.62,998,2021-09-01 17:03:00,DADA
25.64,25.64,25.63,25.63,502,2021-09-01 17:04:00,DADA
25.66,25.66,25.66,25.66,100,2021-09-01 17:05:00,DADA
25.63,25.63,25.59,25.59,500,2021-09-01 17:06:00,DADA
25.56,25.58,25.53,25.58,1600,2021-09-01 17:07:00,DADA
25.61,25.61,25.56,25.56,300,2021-09-01 17:08:00,DADA
25.538,25.57,25.53,25.53,815,2021-09-01 17:09:00,DADA
25.54,25.56,25.54,25.55,853,2021-09-01 17:10:00,DADA
25.55,25.55,25.53,25.53,400,2021-09-01 17:11:00,DADA
25.52,25.6,25.52,25.6,2558,2021-09-01 17:12:00,DADA
25.61,25.61,25.61,25.61,200,2021-09-01 17:14:00,DADA
25.63,25.63,25.63,25.63,500,2021-09-01 17:16:00,DADA
25.6,25.61,25.6,25.61,1400,2021-09-01 17:17:00,DADA
25.625,25.64,25.62,25.62,300,2021-09-01 17:18:00,DADA
25.625,25.64,25.625,25.64,900,2021-09-01 17:19:00,DADA
25.64,25.64,25.62,25.62,600,2021-09-01 17:20:00,DADA
25.635,25.66,25.635,25.66,600,2021-09-01 17:21:00,DADA
25.69,25.71,25.68,25.68,1286,2021-09-01 17:24:00,DADA
25.68,25.68,25.66,25.66,800,2021-09-01 17:25:00,DADA
25.66,25.75,25.64,25.75,3592,2021-09-01 17:26:00,DADA
25.71,25.82,25.71,25.78,2264,2021-09-01 17:27:00,DADA
25.78,25.8,25.73,25.8,2594,2021-09-01 17:28:00,DADA
25.73,25.809,25.73,25.7812,2193,2021-09-01 17:29:00,DADA
25.76,25.8099,25.76,25.8099,200,2021-09-01 17:30:00,DADA
25.78,25.78,25.78,25.78,294,2021-09-01 17:31:00,DADA
25.7765,25.79,25.7765,25.79,200,2021-09-01 17:32:00,DADA
25.79,25.79,25.76,25.77,1218,2021-09-01 17:33:00,DADA
25.76,25.77,25.7283,25.77,875,2021-09-01 17:34:00,DADA
25.73,25.73,25.72,25.725,1159,2021-09-01 17:35:00,DADA
25.7,25.7,25.7,25.7,200,2021-09-01 17:36:00,DADA
25.7,25.7,25.697,25.7,5600,2021-09-01 17:37:00,DADA
25.7,25.73,25.7,25.73,1700,2021-09-01 17:38:00,DADA
25.73,25.73,25.71,25.72,911,2021-09-01 17:39:00,DADA
25.72,25.75,25.72,25.74,400,2021-09-01 17:40:00,DADA
25.725,25.76,25.725,25.76,922,2021-09-01 17:41:00,DADA
25.78,25.8,25.77,25.78,500,2021-09-01 17:42:00,DADA
25.78,25.785,25.74,25.74,1500,2021-09-01 17:43:00,DADA
25.73,25.73,25.73,25.73,100,2021-09-01 17:44:00,DADA
25.75,25.75,25.73,25.75,415,2021-09-01 17:48:00,DADA
25.78,25.78,25.77,25.77,387,2021-09-01 17:49:00,DADA
25.76,25.76,25.75,25.75,500,2021-09-01 17:50:00,DADA
25.74,25.74,25.68,25.7,1500,2021-09-01 17:51:00,DADA
25.7,25.7,25.67,25.67,400,2021-09-01 17:52:00,DADA
25.715,25.74,25.71,25.72,600,2021-09-01 17:53:00,DADA
25.68,25.68,25.65,25.67,1900,2021-09-01 17:54:00,DADA
25.63,25.66,25.62,25.62,1030,2021-09-01 17:55:00,DADA
25.64,25.65,25.61,25.63,1700,2021-09-01 17:56:00,DADA
25.64,25.65,25.6,25.6,1223,2021-09-01 17:57:00,DADA
25.64,25.66,25.63,25.65,1500,2021-09-01 17:59:00,DADA
25.67,25.71,25.64,25.64,2602,2021-09-01 18:00:00,DADA
25.67,25.68,25.67,25.68,300,2021-09-01 18:01:00,DADA
25.68,25.68,25.63,25.66,400,2021-09-01 18:04:00,DADA
25.65,25.65,25.605,25.63,700,2021-09-01 18:05:00,DADA
25.64,25.64,25.6,25.62,1300,2021-09-01 18:06:00,DADA
25.64,25.64,25.64,25.64,100,2021-09-01 18:07:00,DADA
25.66,25.66,25.63,25.66,2200,2021-09-01 18:08:00,DADA
25.665,25.72,25.665,25.69,1700,2021-09-01 18:09:00,DADA
25.71,25.74,25.695,25.74,1304,2021-09-01 18:10:00,DADA
25.71,25.73,25.71,25.73,200,2021-09-01 18:11:00,DADA
25.73,25.74,25.72,25.74,700,2021-09-01 18:12:00,DADA
25.73,25.73,25.64,25.64,700,2021-09-01 18:13:00,DADA
25.645,25.66,25.59,25.62,1500,2021-09-01 18:14:00,DADA
25.64,25.64,25.61,25.61,300,2021-09-01 18:15:00,DADA
25.59,25.59,25.59,25.59,100,2021-09-01 18:16:00,DADA
25.585,25.585,25.56,25.56,300,2021-09-01 18:17:00,DADA
25.59,25.61,25.59,25.6,10076,2021-09-01 18:18:00,DADA
25.55,25.56,25.54,25.56,400,2021-09-01 18:19:00,DADA
25.57,25.58,25.57,25.58,600,2021-09-01 18:20:00,DADA
25.6,25.6,25.57,25.57,300,2021-09-01 18:21:00,DADA
25.56,25.57,25.54,25.57,700,2021-09-01 18:22:00,DADA
25.54,25.54,25.53,25.53,400,2021-09-01 18:23:00,DADA
25.51,25.525,25.46,25.46,1094,2021-09-01 18:25:00,DADA
25.4983,25.4983,25.4983,25.4983,450,2021-09-01 18:26:00,DADA
25.5,25.5,25.5,25.5,100,2021-09-01 18:27:00,DADA
25.53,25.53,25.5,25.5,500,2021-09-01 18:28:00,DADA
25.49,25.49,25.46,25.46,200,2021-09-01 18:29:00,DADA
25.42,25.42,25.42,25.42,200,2021-09-01 18:31:00,DADA
25.37,25.37,25.24,25.34,4370,2021-09-01 18:32:00,DADA
25.33,25.33,25.25,25.3,1500,2021-09-01 18:35:00,DADA
25.26,25.37,25.26,25.34,900,2021-09-01 18:36:00,DADA
25.35,25.355,25.3001,25.3001,1100,2021-09-01 18:37:00,DADA
25.33,25.33,25.33,25.33,437,2021-09-01 18:38:00,DADA
25.325,25.325,25.325,25.325,203,2021-09-01 18:39:00,DADA
25.32,25.36,25.31,25.31,800,2021-09-01 18:40:00,DADA
25.3182,25.335,25.3182,25.335,400,2021-09-01 18:42:00,DADA
25.32,25.33,25.3,25.33,300,2021-09-01 18:43:00,DADA
25.31,25.35,25.31,25.35,900,2021-09-01 18:44:00,DADA
25.355,25.355,25.33,25.34,600,2021-09-01 18:45:00,DADA
25.4,25.4,25.4,25.4,100,2021-09-01 18:47:00,DADA
25.39,25.39,25.34,25.37,500,2021-09-01 18:48:00,DADA
25.37,25.37,25.37,25.37,100,2021-09-01 18:49:00,DADA
25.335,25.4,25.32,25.36,4400,2021-09-01 18:51:00,DADA
25.35,25.35,25.34,25.34,400,2021-09-01 18:52:00,DADA
25.33,25.35,25.31,25.32,731,2021-09-01 18:53:00,DADA
25.29,25.29,25.29,25.29,300,2021-09-01 18:54:00,DADA
25.31,25.33,25.31,25.32,600,2021-09-01 18:56:00,DADA
25.32,25.34,25.32,25.34,459,2021-09-01 18:57:00,DADA
25.36,25.36,25.36,25.36,227,2021-09-01 18:58:00,DADA
25.32,25.32,25.32,25.32,200,2021-09-01 18:59:00,DADA
25.33,25.33,25.31,25.31,400,2021-09-01 19:00:00,DADA
25.32,25.37,25.32,25.34,800,2021-09-01 19:01:00,DADA
25.35,25.35,25.35,25.35,200,2021-09-01 19:02:00,DADA
25.34,25.36,25.33,25.36,400,2021-09-01 19:03:00,DADA
25.39,25.4,25.39,25.39,551,2021-09-01 19:05:00,DADA
25.4,25.4,25.33,25.33,1413,2021-09-01 19:06:00,DADA
25.33,25.33,25.3,25.31,1000,2021-09-01 19:07:00,DADA
25.34,25.34,25.34,25.34,200,2021-09-01 19:08:00,DADA
25.35,25.36,25.33,25.33,700,2021-09-01 19:09:00,DADA
25.37,25.39,25.37,25.39,476,2021-09-01 19:10:00,DADA
25.38,25.39,25.37,25.39,1000,2021-09-01 19:11:00,DADA
25.39,25.42,25.38,25.38,1000,2021-09-01 19:12:00,DADA
25.38,25.38,25.38,25.38,300,2021-09-01 19:13:00,DADA
25.42,25.42,25.42,25.42,100,2021-09-01 19:14:00,DADA
25.42,25.42,25.395,25.42,1249,2021-09-01 19:15:00,DADA
25.42,25.42,25.42,25.42,200,2021-09-01 19:16:00,DADA
25.44,25.45,25.44,25.45,500,2021-09-01 19:17:00,DADA
25.45,25.45,25.43,25.43,600,2021-09-01 19:18:00,DADA
25.42,25.45,25.42,25.44,600,2021-09-01 19:19:00,DADA
25.45,25.46,25.45,25.46,319,2021-09-01 19:20:00,DADA
25.48,25.52,25.48,25.52,200,2021-09-01 19:21:00,DADA
25.52,25.69,25.47,25.58,7878,2021-09-01 19:22:00,DADA
25.55,25.55,25.5,25.5,2300,2021-09-01 19:23:00,DADA
25.49,25.49,25.455,25.455,736,2021-09-01 19:24:00,DADA
25.47,25.47,25.43,25.43,1414,2021-09-01 19:25:00,DADA
25.415,25.415,25.39,25.4,800,2021-09-01 19:26:00,DADA
25.38,25.38,25.31,25.31,5336,2021-09-01 19:27:00,DADA
25.32,25.32,25.32,25.32,400,2021-09-01 19:28:00,DADA
25.36,25.38,25.35,25.38,1600,2021-09-01 19:29:00,DADA
25.37,25.37,25.37,25.37,100,2021-09-01 19:30:00,DADA
25.35,25.37,25.35,25.37,200,2021-09-01 19:31:00,DADA
25.375,25.425,25.375,25.425,500,2021-09-01 19:32:00,DADA
25.425,25.43,25.425,25.43,531,2021-09-01 19:33:00,DADA
25.41,25.415,25.38,25.38,700,2021-09-01 19:34:00,DADA
25.38,25.4,25.35,25.37,1316,2021-09-01 19:36:00,DADA
25.345,25.345,25.32,25.32,1100,2021-09-01 19:37:00,DADA
25.29,25.34,25.29,25.34,700,2021-09-01 19:38:00,DADA
25.33,25.34,25.325,25.34,703,2021-09-01 19:39:00,DADA
25.33,25.33,25.33,25.33,100,2021-09-01 19:40:00,DADA
25.35,25.35,25.33,25.33,200,2021-09-01 19:41:00,DADA
25.32,25.32,25.31,25.32,800,2021-09-01 19:42:00,DADA
25.3,25.33,25.26,25.27,800,2021-09-01 19:43:00,DADA
25.28,25.33,25.28,25.315,2348,2021-09-01 19:44:00,DADA
25.33,25.37,25.29,25.325,800,2021-09-01 19:45:00,DADA
25.32,25.35,25.3,25.3,1400,2021-09-01 19:46:00,DADA
25.3153,25.32,25.3153,25.32,350,2021-09-01 19:47:00,DADA
25.34,25.34,25.3,25.31,1609,2021-09-01 19:48:00,DADA
25.31,25.32,25.27,25.27,1000,2021-09-01 19:49:00,DADA
25.34,25.35,25.29,25.33,2400,2021-09-01 19:50:00,DADA
25.33,25.335,25.32,25.33,3275,2021-09-01 19:51:00,DADA
25.33,25.34,25.31,25.34,1734,2021-09-01 19:52:00,DADA
25.34,25.34,25.3,25.3,2704,2021-09-01 19:53:00,DADA
25.32,25.35,25.3,25.34,5134,2021-09-01 19:54:00,DADA
25.32,25.32,25.3,25.3,700,2021-09-01 19:55:00,DADA
25.31,25.34,25.295,25.295,3647,2021-09-01 19:56:00,DADA
25.3,25.34,25.2982,25.32,7577,2021-09-01 19:57:00,DADA
25.31,25.33,25.29,25.29,6044,2021-09-01 19:58:00,DADA
25.31,25.34,25.29,25.32,9685,2021-09-01 19:59:00,DADA
25.32,25.32,25.32,25.32,29007,2021-09-01 20:00:00,DADA
25.3,25.3,25.3,25.3,100,2021-09-01 20:08:00,DADA
25.2,25.2,25.2,25.2,100,2021-09-01 20:44:00,DADA
25.5,25.5,25.5,25.5,150,2021-09-02 10:26:00,DADA
25.23,25.44,25.08,25.08,13067,2021-09-02 13:30:00,DADA
25.2,25.275,25.17,25.26,4633,2021-09-02 13:31:00,DADA
25.2,25.2,25.2,25.2,150,2021-09-02 13:32:00,DADA
25.2001,25.24,25.17,25.17,3327,2021-09-02 13:33:00,DADA
25.29,25.43,25.29,25.41,1878,2021-09-02 13:34:00,DADA
25.3,25.3,25.135,25.135,1461,2021-09-02 13:36:00,DADA
25.06,25.11,25.01,25.11,3700,2021-09-02 13:37:00,DADA
25.0,25.0,24.89,24.9444,2759,2021-09-02 13:38:00,DADA
24.96,25.045,24.96,24.98,1600,2021-09-02 13:39:00,DADA
25.01,25.01,25.01,25.01,100,2021-09-02 13:40:00,DADA
24.96,25.09,24.94,25.02,1100,2021-09-02 13:41:00,DADA
25.0,25.12,25.0,25.12,1515,2021-09-02 13:42:00,DADA
25.17,25.17,25.17,25.17,2000,2021-09-02 13:43:00,DADA
25.07,25.07,25.0,25.02,713,2021-09-02 13:44:00,DADA
25.03,25.1694,25.03,25.1694,1400,2021-09-02 13:45:00,DADA
25.12,25.2,25.11,25.2,1000,2021-09-02 13:47:00,DADA
25.3,25.31,25.3,25.31,490,2021-09-02 13:48:00,DADA
25.38,25.4,25.3506,25.3506,3421,2021-09-02 13:49:00,DADA
25.35,25.35,25.325,25.325,1003,2021-09-02 13:50:00,DADA
25.29,25.29,25.29,25.29,100,2021-09-02 13:51:00,DADA
25.24,25.28,25.23,25.28,949,2021-09-02 13:52:00,DADA
25.2,25.25,25.16,25.18,400,2021-09-02 13:53:00,DADA
25.18,25.23,25.16,25.23,5193,2021-09-02 13:54:00,DADA
25.11,25.13,25.11,25.13,500,2021-09-02 13:56:00,DADA
25.2,25.28,25.19,25.28,400,2021-09-02 13:57:00,DADA
25.245,25.25,25.245,25.25,200,2021-09-02 13:58:00,DADA
25.2499,25.2499,25.215,25.215,600,2021-09-02 13:59:00,DADA
25.21,25.235,25.18,25.18,900,2021-09-02 14:00:00,DADA
25.18,25.18,25.175,25.175,200,2021-09-02 14:01:00,DADA
25.1649,25.245,25.1649,25.245,1881,2021-09-02 14:02:00,DADA
25.25,25.25,25.19,25.25,898,2021-09-02 14:03:00,DADA
25.23,25.2632,25.23,25.2632,398,2021-09-02 14:04:00,DADA
25.235,25.28,25.235,25.27,1264,2021-09-02 14:05:00,DADA
25.3,25.35,25.3,25.33,1550,2021-09-02 14:06:00,DADA
25.3,25.31,25.29,25.29,460,2021-09-02 14:08:00,DADA
25.23,25.23,25.2,25.2105,696,2021-09-02 14:09:00,DADA
25.09,25.14,25.09,25.14,300,2021-09-02 14:10:00,DADA
25.26,25.3,25.26,25.3,600,2021-09-02 14:12:00,DADA
25.22,25.22,25.22,25.22,500,2021-09-02 14:13:00,DADA
25.18,25.18,25.15,25.15,549,2021-09-02 14:14:00,DADA
25.16,25.16,25.16,25.16,100,2021-09-02 14:15:00,DADA
25.17,25.17,25.14,25.1593,440,2021-09-02 14:16:00,DADA
25.11,25.11,25.11,25.11,295,2021-09-02 14:17:00,DADA
25.18,25.18,25.155,25.18,397,2021-09-02 14:18:00,DADA
25.2,25.2,25.115,25.115,1518,2021-09-02 14:19:00,DADA
25.13,25.13,25.13,25.13,1000,2021-09-02 14:21:00,DADA
25.1,25.12,25.05,25.12,3800,2021-09-02 14:22:00,DADA
25.12,25.13,25.105,25.105,3200,2021-09-02 14:23:00,DADA
25.13,25.2,25.13,25.18,1600,2021-09-02 14:24:00,DADA
25.195,25.195,25.195,25.195,1500,2021-09-02 14:25:00,DADA
25.195,25.23,25.18,25.23,1259,2021-09-02 14:26:00,DADA
25.25,25.25,25.21,25.21,900,2021-09-02 14:27:00,DADA
25.22,25.22,25.2169,25.2169,398,2021-09-02 14:28:00,DADA
25.26,25.27,25.24,25.25,2041,2021-09-02 14:29:00,DADA
25.26,25.27,25.25,25.26,700,2021-09-02 14:30:00,DADA
25.24,25.24,25.22,25.22,2000,2021-09-02 14:31:00,DADA
25.25,25.29,25.25,25.29,1188,2021-09-02 14:32:00,DADA
25.295,25.37,25.295,25.32,5823,2021-09-02 14:33:00,DADA
25.31,25.31,25.2984,25.31,398,2021-09-02 14:34:00,DADA
25.28,25.29,25.2,25.245,1597,2021-09-02 14:35:00,DADA
25.2,25.215,25.165,25.165,863,2021-09-02 14:36:00,DADA
25.16,25.18,25.155,25.18,1300,2021-09-02 14:37:00,DADA
25.195,25.22,25.17,25.2,3222,2021-09-02 14:38:00,DADA
25.205,25.25,25.18,25.25,2043,2021-09-02 14:39:00,DADA
25.245,25.255,25.245,25.255,300,2021-09-02 14:40:00,DADA
25.26,25.26,25.26,25.26,200,2021-09-02 14:41:00,DADA
25.255,25.3,25.255,25.28,6340,2021-09-02 14:44:00,DADA
25.33,25.33,25.24,25.24,1499,2021-09-02 14:45:00,DADA
25.22,25.22,25.15,25.215,5360,2021-09-02 14:46:00,DADA
25.22,25.255,25.22,25.255,1040,2021-09-02 14:47:00,DADA
25.23,25.23,25.22,25.22,400,2021-09-02 14:48:00,DADA
25.2,25.2,25.19,25.19,550,2021-09-02 14:49:00,DADA
25.17,25.17,25.17,25.17,100,2021-09-02 14:53:00,DADA
25.19,25.19,25.15,25.15,1862,2021-09-02 14:54:00,DADA
25.13,25.18,25.13,25.18,700,2021-09-02 14:55:00,DADA
25.21,25.24,25.21,25.24,1429,2021-09-02 14:56:00,DADA
25.26,25.26,25.26,25.26,100,2021-09-02 14:57:00,DADA
25.23,25.23,25.23,25.23,189,2021-09-02 14:58:00,DADA
25.14,25.14,25.14,25.14,304,2021-09-02 15:02:00,DADA
25.131,25.131,25.131,25.131,100,2021-09-02 15:03:00,DADA
25.145,25.145,25.13,25.13,400,2021-09-02 15:04:00,DADA
25.135,25.16,25.135,25.15,2188,2021-09-02 15:05:00,DADA
25.16,25.19,25.16,25.19,2200,2021-09-02 15:06:00,DADA
25.21,25.22,25.19,25.2,863,2021-09-02 15:07:00,DADA
25.205,25.205,25.17,25.17,500,2021-09-02 15:08:00,DADA
25.175,25.175,25.175,25.175,305,2021-09-02 15:09:00,DADA
25.175,25.175,25.175,25.175,100,2021-09-02 15:10:00,DADA
25.175,25.245,25.175,25.245,4865,2021-09-02 15:12:00,DADA
25.27,25.3,25.26,25.265,2165,2021-09-02 15:13:00,DADA
25.28,25.28,25.28,25.28,100,2021-09-02 15:14:00,DADA
25.29,25.29,25.29,25.29,100,2021-09-02 15:15:00,DADA
25.3,25.33,25.3,25.33,426,2021-09-02 15:16:00,DADA
25.29,25.33,25.29,25.33,300,2021-09-02 15:17:00,DADA
25.28,25.33,25.28,25.33,1165,2021-09-02 15:18:00,DADA
25.26,25.28,25.25,25.28,771,2021-09-02 15:21:00,DADA
25.27,25.28,25.26,25.26,598,2021-09-02 15:25:00,DADA
25.25,25.25,25.18,25.18,866,2021-09-02 15:26:00,DADA
25.19,25.22,25.19,25.22,300,2021-09-02 15:27:00,DADA
25.19,25.21,25.17,25.17,1058,2021-09-02 15:28:00,DADA
25.17,25.17,25.145,25.145,700,2021-09-02 15:29:00,DADA
25.12,25.1299,25.06,25.08,1025,2021-09-02 15:30:00,DADA
25.08,25.12,25.07,25.12,1100,2021-09-02 15:31:00,DADA
25.1,25.12,25.1,25.12,200,2021-09-02 15:33:00,DADA
25.11,25.11,25.05,25.05,993,2021-09-02 15:34:00,DADA
25.03,25.05,25.03,25.05,2331,2021-09-02 15:35:00,DADA
25.01,25.01,25.0,25.0,200,2021-09-02 15:36:00,DADA
25.025,25.05,25.025,25.05,600,2021-09-02 15:37:00,DADA
25.07,25.07,25.05,25.05,300,2021-09-02 15:38:00,DADA
25.05,25.055,25.02,25.02,541,2021-09-02 15:39:00,DADA
25.02,25.02,25.0,25.0,300,2021-09-02 15:40:00,DADA
25.0,25.048,25.0,25.048,700,2021-09-02 15:41:00,DADA
25.0,25.05,25.0,25.04,500,2021-09-02 15:42:00,DADA
25.02,25.045,25.02,25.04,544,2021-09-02 15:43:00,DADA
25.02,25.08,25.02,25.08,800,2021-09-02 15:44:00,DADA
25.06,25.06,25.06,25.06,300,2021-09-02 15:45:00,DADA
25.02,25.05,25.02,25.02,300,2021-09-02 15:47:00,DADA
25.05,25.05,25.05,25.05,500,2021-09-02 15:48:00,DADA
25.02,25.04,25.02,25.04,200,2021-09-02 15:49:00,DADA
25.02,25.02,25.0,25.015,600,2021-09-02 15:50:00,DADA
25.015,25.015,25.015,25.015,500,2021-09-02 15:51:00,DADA
25.025,25.025,25.025,25.025,100,2021-09-02 15:52:00,DADA
25.025,25.065,25.025,25.065,1200,2021-09-02 15:53:00,DADA
25.06,25.06,25.06,25.06,100,2021-09-02 15:54:00,DADA
25.03,25.045,25.02,25.045,300,2021-09-02 15:55:00,DADA
25.02,25.02,25.02,25.02,343,2021-09-02 15:56:00,DADA
25.02,25.02,25.02,25.02,100,2021-09-02 15:57:00,DADA
25.0,25.025,25.0,25.01,400,2021-09-02 15:58:00,DADA
25.01,25.01,25.01,25.01,100,2021-09-02 15:59:00,DADA
25.02,25.02,25.02,25.02,100,2021-09-02 16:00:00,DADA
25.01,25.025,25.0,25.0,300,2021-09-02 16:02:00,DADA
25.0,25.015,25.0,25.015,1123,2021-09-02 16:03:00,DADA
25.015,25.015,25.015,25.015,100,2021-09-02 16:04:00,DADA
25.0,25.02,25.0,25.01,500,2021-09-02 16:05:00,DADA
25.02,25.02,25.02,25.02,100,2021-09-02 16:06:00,DADA
25.0,25.0,25.0,25.0,100,2021-09-02 16:07:00,DADA
25.0,25.0,25.0,25.0,204,2021-09-02 16:08:00,DADA
25.005,25.005,24.99,25.005,1070,2021-09-02 16:09:00,DADA
25.005,25.03,24.99,25.03,1200,2021-09-02 16:10:00,DADA
25.04,25.05,25.04,25.05,400,2021-09-02 16:11:00,DADA
25.045,25.045,25.035,25.035,300,2021-09-02 16:12:00,DADA
25.045,25.045,25.02,25.02,200,2021-09-02 16:13:00,DADA
25.02,25.0299,25.01,25.0299,1089,2021-09-02 16:14:00,DADA
25.01,25.04,25.0,25.0,812,2021-09-02 16:15:00,DADA
25.015,25.0399,25.015,25.015,1700,2021-09-02 16:16:00,DADA
25.015,25.015,25.015,25.015,100,2021-09-02 16:17:00,DADA
25.02,25.02,25.0,25.0,500,2021-09-02 16:18:00,DADA
25.0,25.0,24.99,25.0,1121,2021-09-02 16:19:00,DADA
25.02,25.02,25.01,25.02,700,2021-09-02 16:20:00,DADA
25.0,25.05,25.0,25.05,1108,2021-09-02 16:21:00,DADA
25.05,25.08,25.05,25.08,1014,2021-09-02 16:22:00,DADA
25.06,25.06,25.04,25.06,454,2021-09-02 16:23:00,DADA
25.045,25.05,25.03,25.03,400,2021-09-02 16:26:00,DADA
25.02,25.05,25.02,25.02,300,2021-09-02 16:27:00,DADA
25.05,25.055,25.03,25.03,500,2021-09-02 16:28:00,DADA
25.03,25.07,25.02,25.07,339,2021-09-02 16:29:00,DADA
25.02,25.036,25.01,25.01,399,2021-09-02 16:30:00,DADA
25.015,25.045,25.015,25.045,1099,2021-09-02 16:31:00,DADA
25.03,25.03,25.03,25.03,100,2021-09-02 16:32:00,DADA
25.0,25.0,25.0,25.0,100,2021-09-02 16:33:00,DADA
25.0,25.01,25.0,25.01,200,2021-09-02 16:34:00,DADA
25.01,25.015,24.99,24.99,1798,2021-09-02 16:35:00,DADA
24.99,24.995,24.99,24.99,2901,2021-09-02 16:36:00,DADA
24.99,25.0,24.99,25.0,4710,2021-09-02 16:37:00,DADA
25.005,25.005,24.99,24.99,1540,2021-09-02 16:38:00,DADA
24.99,24.99,24.98,24.98,1393,2021-09-02 16:39:00,DADA
24.995,24.995,24.98,24.98,200,2021-09-02 16:40:00,DADA
24.995,25.02,24.995,25.02,1193,2021-09-02 16:41:00,DADA
25.025,25.025,25.025,25.025,105,2021-09-02 16:42:00,DADA
25.04,25.1,25.04,25.1,1696,2021-09-02 16:43:00,DADA
25.11,25.11,25.08,25.08,1300,2021-09-02 16:44:00,DADA
25.08,25.08,25.075,25.075,400,2021-09-02 16:45:00,DADA
25.1,25.12,25.08,25.12,700,2021-09-02 16:46:00,DADA
25.18,25.19,25.18,25.19,442,2021-09-02 16:47:00,DADA
25.22,25.23,25.22,25.23,200,2021-09-02 16:48:00,DADA
25.2,25.2,25.2,25.2,200,2021-09-02 16:49:00,DADA
25.2,25.2,25.175,25.175,794,2021-09-02 16:50:00,DADA
25.17,25.19,25.1401,25.19,3698,2021-09-02 16:52:00,DADA
25.19,25.22,25.19,25.22,988,2021-09-02 16:53:00,DADA
25.215,25.23,25.2015,25.21,1480,2021-09-02 16:54:00,DADA
25.21,25.22,25.21,25.22,200,2021-09-02 16:56:00,DADA
25.23,25.23,25.21,25.22,1208,2021-09-02 16:57:00,DADA
25.225,25.225,25.2,25.2,500,2021-09-02 16:59:00,DADA
25.18,25.18,25.18,25.18,398,2021-09-02 17:00:00,DADA
25.185,25.185,25.185,25.185,600,2021-09-02 17:01:00,DADA
25.185,25.265,25.185,25.265,6894,2021-09-02 17:02:00,DADA
25.265,25.2899,25.2,25.23,698,2021-09-02 17:03:00,DADA
25.22,25.2205,25.22,25.22,898,2021-09-02 17:04:00,DADA
25.23,25.23,25.2,25.2,300,2021-09-02 17:05:00,DADA
25.225,25.225,25.225,25.225,100,2021-09-02 17:06:00,DADA
25.225,25.225,25.225,25.225,100,2021-09-02 17:07:00,DADA
25.225,25.225,25.19,25.19,894,2021-09-02 17:08:00,DADA
25.15,25.15,25.12,25.12,200,2021-09-02 17:10:00,DADA
25.145,25.18,25.145,25.18,600,2021-09-02 17:11:00,DADA
25.18,25.19,25.17,25.19,300,2021-09-02 17:12:00,DADA
25.19,25.19,25.19,25.19,100,2021-09-02 17:13:00,DADA
25.21,25.21,25.2,25.2,600,2021-09-02 17:14:00,DADA
25.195,25.195,25.195,25.195,100,2021-09-02 17:16:00,DADA
25.195,25.195,25.195,25.195,100,2021-09-02 17:17:00,DADA
25.195,25.195,25.17,25.17,1200,2021-09-02 17:18:00,DADA
25.175,25.175,25.175,25.175,100,2021-09-02 17:19:00,DADA
25.15,25.15,25.15,25.15,186,2021-09-02 17:20:00,DADA
25.15,25.15,25.15,25.15,100,2021-09-02 17:22:00,DADA
25.12,25.12,25.12,25.12,395,2021-09-02 17:23:00,DADA
25.09,25.1,25.0201,25.0201,500,2021-09-02 17:24:00,DADA
25.06,25.06,25.03,25.06,500,2021-09-02 17:25:00,DADA
25.05,25.05,25.03,25.05,500,2021-09-02 17:26:00,DADA
25.045,25.045,24.99,24.99,600,2021-09-02 17:27:00,DADA
24.99,25.01,24.99,25.01,800,2021-09-02 17:28:00,DADA
25.015,25.02,25.0,25.015,500,2021-09-02 17:30:00,DADA
25.015,25.04,25.015,25.015,700,2021-09-02 17:31:00,DADA
25.015,25.015,25.0,25.0,500,2021-09-02 17:32:00,DADA
25.015,25.04,25.01,25.04,1421,2021-09-02 17:33:00,DADA
25.035,25.06,25.01,25.01,1200,2021-09-02 17:34:00,DADA
25.025,25.025,25.025,25.025,600,2021-09-02 17:35:00,DADA
25.025,25.025,25.025,25.025,100,2021-09-02 17:37:00,DADA
25.0369,25.0369,25.0,25.0,1700,2021-09-02 17:38:00,DADA
25.0332,25.0332,24.99,24.99,1600,2021-09-02 17:39:00,DADA
24.99,24.99,24.99,24.99,100,2021-09-02 17:40:00,DADA
25.0,25.015,25.0,25.015,400,2021-09-02 17:41:00,DADA
25.015,25.015,25.01,25.01,600,2021-09-02 17:42:00,DADA
25.015,25.015,24.99,24.99,772,2021-09-02 17:44:00,DADA
25.005,25.07,25.005,25.07,1896,2021-09-02 17:45:00,DADA
25.045,25.045,25.045,25.045,200,2021-09-02 17:46:00,DADA
25.05,25.05,25.01,25.02,600,2021-09-02 17:47:00,DADA
25.025,25.025,25.0,25.0,700,2021-09-02 17:48:00,DADA
25.03,25.03,25.03,25.03,100,2021-09-02 17:49:00,DADA
25.02,25.02,25.02,25.02,100,2021-09-02 17:50:00,DADA
25.025,25.05,24.99,24.99,2205,2021-09-02 17:51:00,DADA
24.99,25.005,24.99,25.005,749,2021-09-02 17:52:00,DADA
25.005,25.03,25.005,25.02,1018,2021-09-02 17:53:00,DADA
25.04,25.06,25.025,25.06,1770,2021-09-02 17:54:00,DADA
25.01,25.015,24.99,25.015,1194,2021-09-02 17:55:00,DADA
25.015,25.015,25.015,25.015,300,2021-09-02 17:56:00,DADA
25.015,25.015,25.015,25.015,100,2021-09-02 17:57:00,DADA
25.0,25.02,24.99,24.99,1654,2021-09-02 17:58:00,DADA
24.99,24.995,24.99,24.99,3681,2021-09-02 17:59:00,DADA
24.99,24.99,24.97,24.99,7376,2021-09-02 18:00:00,DADA
24.99,24.99,24.98,24.98,2427,2021-09-02 18:01:00,DADA
24.98,24.99,24.98,24.99,600,2021-09-02 18:02:00,DADA
24.98,24.985,24.98,24.985,3527,2021-09-02 18:04:00,DADA
24.99,25.0,24.99,25.0,300,2021-09-02 18:05:00,DADA
24.99,24.99,24.98,24.98,400,2021-09-02 18:06:00,DADA
24.99,25.02,24.99,25.02,2673,2021-09-02 18:07:00,DADA
25.02,25.02,25.02,25.02,400,2021-09-02 18:08:00,DADA
25.02,25.05,25.01,25.05,2549,2021-09-02 18:09:00,DADA
25.04,25.04,25.04,25.04,200,2021-09-02 18:11:00,DADA
25.02,25.02,25.02,25.02,582,2021-09-02 18:12:00,DADA
25.015,25.04,25.0101,25.035,1198,2021-09-02 18:13:00,DADA
25.02,25.0395,25.02,25.0395,400,2021-09-02 18:14:00,DADA
25.025,25.035,25.025,25.035,600,2021-09-02 18:15:00,DADA
25.05,25.07,25.05,25.07,1100,2021-09-02 18:16:00,DADA
25.08,25.09,25.08,25.09,3000,2021-09-02 18:17:00,DADA
25.085,25.085,25.06,25.07,788,2021-09-02 18:18:00,DADA
25.08,25.08,25.05,25.06,1200,2021-09-02 18:19:00,DADA
25.09,25.09,25.09,25.09,200,2021-09-02 18:20:00,DADA
25.1,25.1045,25.065,25.065,689,2021-09-02 18:21:00,DADA
25.065,25.065,25.0609,25.0609,299,2021-09-02 18:22:00,DADA
25.05,25.05,25.05,25.05,200,2021-09-02 18:24:00,DADA
25.07,25.09,25.055,25.06,1375,2021-09-02 18:25:00,DADA
25.04,25.06,25.04,25.06,200,2021-09-02 18:26:00,DADA
25.03,25.03,25.02,25.02,400,2021-09-02 18:27:00,DADA
25.02,25.02,25.015,25.015,200,2021-09-02 18:28:00,DADA
25.015,25.015,25.015,25.015,100,2021-09-02 18:29:00,DADA
25.015,25.015,25.015,25.015,100,2021-09-02 18:30:00,DADA
25.01,25.05,24.9961,25.05,2134,2021-09-02 18:32:00,DADA
25.03,25.04,25.03,25.04,500,2021-09-02 18:33:00,DADA
25.02,25.07,25.02,25.07,700,2021-09-02 18:34:00,DADA
25.075,25.075,25.07,25.07,400,2021-09-02 18:35:00,DADA
25.09,25.135,25.07,25.08,13210,2021-09-02 18:36:00,DADA
25.065,25.09,25.06,25.09,700,2021-09-02 18:37:00,DADA
25.095,25.11,25.095,25.11,300,2021-09-02 18:38:00,DADA
25.1196,25.1196,25.1196,25.1196,1000,2021-09-02 18:39:00,DADA
25.125,25.14,25.11,25.12,799,2021-09-02 18:40:00,DADA
25.125,25.125,25.12,25.12,200,2021-09-02 18:41:00,DADA
25.15,25.17,25.15,25.17,600,2021-09-02 18:42:00,DADA
25.13,25.145,25.1,25.1,654,2021-09-02 18:43:00,DADA
25.1,25.115,25.09,25.09,899,2021-09-02 18:44:00,DADA
25.11,25.11,25.07,25.095,300,2021-09-02 18:45:00,DADA
25.095,25.095,25.07,25.07,200,2021-09-02 18:46:00,DADA
25.07,25.095,25.07,25.07,300,2021-09-02 18:47:00,DADA
25.11,25.11,25.07,25.07,300,2021-09-02 18:48:00,DADA
25.06,25.06,25.06,25.06,475,2021-09-02 18:49:00,DADA
25.04,25.04,25.04,25.04,200,2021-09-02 18:50:00,DADA
25.04,25.045,25.04,25.045,768,2021-09-02 18:51:00,DADA
25.01,25.035,25.01,25.01,500,2021-09-02 18:52:00,DADA
25.06,25.11,25.05,25.105,2600,2021-09-02 18:53:00,DADA
25.08,25.1,25.08,25.1,1300,2021-09-02 18:55:00,DADA
25.1,25.1099,25.1,25.1,499,2021-09-02 18:56:00,DADA
25.11,25.16,25.11,25.16,1599,2021-09-02 18:57:00,DADA
25.14,25.14,25.12,25.12,500,2021-09-02 18:58:00,DADA
25.11,25.11,25.09,25.09,811,2021-09-02 18:59:00,DADA
25.105,25.12,25.105,25.12,801,2021-09-02 19:00:00,DADA
25.11,25.13,25.11,25.13,300,2021-09-02 19:01:00,DADA
25.09,25.09,25.09,25.09,437,2021-09-02 19:02:00,DADA
25.085,25.085,25.085,25.085,100,2021-09-02 19:03:00,DADA
25.08,25.08,25.08,25.08,100,2021-09-02 19:04:00,DADA
25.1,25.1,25.075,25.075,1000,2021-09-02 19:05:00,DADA
25.08,25.08,25.06,25.06,300,2021-09-02 19:06:00,DADA
25.06,25.06,25.01,25.035,912,2021-09-02 19:07:00,DADA
25.035,25.07,25.035,25.07,1800,2021-09-02 19:08:00,DADA
25.065,25.065,25.065,25.065,100,2021-09-02 19:10:00,DADA
25.05,25.05,25.04,25.04,400,2021-09-02 19:11:00,DADA
25.02,25.04,25.02,25.02,600,2021-09-02 19:13:00,DADA
25.04,25.04,25.02,25.04,300,2021-09-02 19:14:00,DADA
25.01,25.09,25.01,25.0501,2048,2021-09-02 19:15:00,DADA
25.09,25.09,25.07,25.07,700,2021-09-02 19:16:00,DADA
25.08,25.1,25.08,25.1,603,2021-09-02 19:17:00,DADA
25.1,25.11,25.1,25.11,300,2021-09-02 19:18:00,DADA
25.095,25.11,25.095,25.11,300,2021-09-02 19:19:00,DADA
25.1,25.1,25.1,25.1,300,2021-09-02 19:20:00,DADA
25.08,25.0807,25.08,25.0807,310,2021-09-02 19:21:00,DADA
25.08,25.09,25.04,25.055,1044,2021-09-02 19:22:00,DADA
25.04,25.04,25.02,25.02,1026,2021-09-02 19:24:00,DADA
25.035,25.035,25.01,25.01,400,2021-09-02 19:25:00,DADA
25.01,25.035,25.01,25.01,300,2021-09-02 19:26:00,DADA
25.01,25.01,25.01,25.01,700,2021-09-02 19:27:00,DADA
25.01,25.01,24.99,24.99,800,2021-09-02 19:28:00,DADA
25.0,25.005,25.0,25.0,500,2021-09-02 19:29:00,DADA
24.99,25.0,24.93,24.93,874,2021-09-02 19:30:00,DADA
24.955,24.955,24.955,24.955,500,2021-09-02 19:31:00,DADA
24.96,25.03,24.96,25.03,3503,2021-09-02 19:32:00,DADA
25.02,25.02,24.99,24.99,1100,2021-09-02 19:33:00,DADA
25.01,25.03,25.0,25.015,897,2021-09-02 19:34:00,DADA
25.015,25.015,25.0,25.0,300,2021-09-02 19:35:00,DADA
25.0,25.0,25.0,25.0,300,2021-09-02 19:36:00,DADA
25.015,25.015,25.0,25.0,500,2021-09-02 19:37:00,DADA
25.01,25.06,25.01,25.04,3460,2021-09-02 19:39:00,DADA
25.03,25.03,25.02,25.02,200,2021-09-02 19:40:00,DADA
25.025,25.04,25.025,25.04,400,2021-09-02 19:41:00,DADA
25.03,25.05,25.02,25.025,1870,2021-09-02 19:42:00,DADA
25.04,25.04,25.03,25.035,1477,2021-09-02 19:43:00,DADA
25.02,25.035,25.01,25.01,799,2021-09-02 19:44:00,DADA
25.01,25.02,25.01,25.02,600,2021-09-02 19:45:00,DADA
25.01,25.01,24.99,25.0,800,2021-09-02 19:46:00,DADA
24.99,24.99,24.99,24.99,100,2021-09-02 19:47:00,DADA
24.99,25.005,24.97,24.985,2280,2021-09-02 19:48:00,DADA
25.0,25.01,24.97,24.99,7689,2021-09-02 19:50:00,DADA
25.0,25.03,25.0,25.03,2209,2021-09-02 19:51:00,DADA
25.03,25.03,25.015,25.015,800,2021-09-02 19:52:00,DADA
25.015,25.015,24.99,24.995,1749,2021-09-02 19:53:00,DADA
24.9999,25.0,24.99,24.99,1573,2021-09-02 19:54:00,DADA
24.995,25.08,24.99,25.04,7790,2021-09-02 19:55:00,DADA
25.04,25.05,25.04,25.05,500,2021-09-02 19:56:00,DADA
25.05,25.06,25.01,25.02,5310,2021-09-02 19:57:00,DADA
25.02,25.04,25.005,25.03,4161,2021-09-02 19:58:00,DADA
25.015,25.05,25.0,25.01,10212,2021-09-02 19:59:00,DADA
25.02,25.02,25.02,25.02,32069,2021-09-02 20:00:00,DADA
24.96,24.96,24.96,24.96,125,2021-09-02 23:24:00,DADA
24.98,24.98,24.98,24.98,100,2021-09-02 23:25:00,DADA
24.5,24.5,24.5,24.5,189,2021-09-03 08:35:00,DADA
24.89,24.89,24.89,24.89,100,2021-09-03 10:07:00,DADA
24.9,24.9,24.9,24.9,100,2021-09-03 10:09:00,DADA
24.89,24.89,24.89,24.89,100,2021-09-03 12:48:00,DADA
24.7501,24.7501,24.7501,24.7501,200,2021-09-03 12:52:00,DADA
24.77,24.77,24.76,24.76,200,2021-09-03 13:18:00,DADA
24.79,24.89,24.7425,24.7425,3230,2021-09-03 13:30:00,DADA
24.75,24.78,24.72,24.72,1000,2021-09-03 13:31:00,DADA
24.77,24.77,24.7101,24.77,2600,2021-09-03 13:32:00,DADA
24.77,24.9,24.77,24.9,1100,2021-09-03 13:33:00,DADA
24.95,25.0,24.93,25.0,1290,2021-09-03 13:34:00,DADA
25.035,25.035,24.92,24.93,5541,2021-09-03 13:35:00,DADA
24.91,24.92,24.83,24.83,3164,2021-09-03 13:36:00,DADA
24.89,24.89,24.89,24.89,100,2021-09-03 13:37:00,DADA
24.86,24.88,24.7,24.775,3900,2021-09-03 13:38:00,DADA
24.71,24.94,24.71,24.94,1216,2021-09-03 13:39:00,DADA
25.03,25.1,25.03,25.09,300,2021-09-03 13:41:00,DADA
25.085,25.26,25.085,25.26,1437,2021-09-03 13:42:00,DADA
25.33,25.33,25.22,25.275,1100,2021-09-03 13:43:00,DADA
25.32,25.32,25.32,25.32,100,2021-09-03 13:44:00,DADA
25.33,25.35,25.33,25.35,240,2021-09-03 13:45:00,DADA
25.32,25.4088,25.32,25.4088,1139,2021-09-03 13:46:00,DADA
25.44,25.44,25.41,25.41,343,2021-09-03 13:47:00,DADA
25.33,25.45,25.33,25.449,1100,2021-09-03 13:48:00,DADA
25.46,25.47,25.45,25.47,671,2021-09-03 13:49:00,DADA
25.4,25.4,25.4,25.4,100,2021-09-03 13:50:00,DADA
25.4,25.4,25.28,25.28,400,2021-09-03 13:51:00,DADA
25.35,25.35,25.32,25.33,916,2021-09-03 13:52:00,DADA
25.37,25.45,25.37,25.45,2756,2021-09-03 13:53:00,DADA
25.43,25.48,25.42,25.44,800,2021-09-03 13:54:00,DADA
25.5,25.53,25.5,25.53,743,2021-09-03 13:55:00,DADA
25.52,25.52,25.52,25.52,100,2021-09-03 13:56:00,DADA
25.6,25.6,25.54,25.54,300,2021-09-03 13:57:00,DADA
25.55,25.55,25.5105,25.52,1400,2021-09-03 13:58:00,DADA
25.505,25.505,25.46,25.46,200,2021-09-03 13:59:00,DADA
25.505,25.53,25.475,25.475,800,2021-09-03 14:00:00,DADA
25.52,25.56,25.52,25.56,1843,2021-09-03 14:02:00,DADA
25.53,25.55,25.505,25.505,800,2021-09-03 14:03:00,DADA
25.465,25.49,25.44,25.49,800,2021-09-03 14:04:00,DADA
25.45,25.45,25.45,25.45,400,2021-09-03 14:05:00,DADA
25.44,25.44,25.43,25.43,200,2021-09-03 14:06:00,DADA
25.4493,25.4493,25.38,25.38,580,2021-09-03 14:07:00,DADA
25.4,25.4,25.36,25.36,200,2021-09-03 14:08:00,DADA
25.36,25.36,25.19,25.205,2200,2021-09-03 14:09:00,DADA
25.215,25.215,25.12,25.2,650,2021-09-03 14:10:00,DADA
25.13,25.26,25.13,25.18,1196,2021-09-03 14:11:00,DADA
25.26,25.26,25.25,25.25,300,2021-09-03 14:12:00,DADA
25.24,25.24,25.15,25.22,800,2021-09-03 14:13:00,DADA
25.175,25.175,25.175,25.175,100,2021-09-03 14:14:00,DADA
25.2,25.2,25.2,25.2,100,2021-09-03 14:15:00,DADA
25.16,25.17,25.16,25.17,350,2021-09-03 14:16:00,DADA
25.17,25.22,25.17,25.22,600,2021-09-03 14:17:00,DADA
25.14,25.14,25.13,25.13,500,2021-09-03 14:18:00,DADA
25.16,25.17,25.14,25.14,800,2021-09-03 14:19:00,DADA
25.16,25.17,25.16,25.17,600,2021-09-03 14:20:00,DADA
25.19,25.19,25.18,25.18,250,2021-09-03 14:21:00,DADA
25.18,25.23,25.18,25.23,569,2021-09-03 14:24:00,DADA
25.19,25.19,25.19,25.19,454,2021-09-03 14:25:00,DADA
25.2,25.2,25.15,25.15,482,2021-09-03 14:26:00,DADA
25.13,25.17,25.13,25.17,300,2021-09-03 14:27:00,DADA
25.16,25.18,25.15,25.15,1600,2021-09-03 14:29:00,DADA
25.165,25.19,25.165,25.19,200,2021-09-03 14:30:00,DADA
25.17,25.18,25.17,25.17,300,2021-09-03 14:31:00,DADA
25.21,25.25,25.21,25.25,1502,2021-09-03 14:33:00,DADA
25.25,25.25,25.23,25.23,300,2021-09-03 14:34:00,DADA
25.26,25.36,25.26,25.35,700,2021-09-03 14:35:00,DADA
25.34,25.34,25.27,25.27,600,2021-09-03 14:36:00,DADA
25.33,25.33,25.21,25.21,713,2021-09-03 14:37:00,DADA
25.28,25.28,25.23,25.23,200,2021-09-03 14:39:00,DADA
25.25,25.29,25.25,25.29,800,2021-09-03 14:41:00,DADA
25.38,25.39,25.3478,25.3803,1200,2021-09-03 14:42:00,DADA
25.35,25.3604,25.33,25.33,400,2021-09-03 14:43:00,DADA
25.35,25.35,25.35,25.35,600,2021-09-03 14:44:00,DADA
25.33,25.33,25.33,25.33,200,2021-09-03 14:45:00,DADA
25.38,25.41,25.38,25.41,1249,2021-09-03 14:46:00,DADA
25.4,25.4,25.4,25.4,100,2021-09-03 14:47:00,DADA
25.4,25.4,25.37,25.37,1099,2021-09-03 14:48:00,DADA
25.39,25.39,25.39,25.39,200,2021-09-03 14:51:00,DADA
25.38,25.38,25.36,25.37,1000,2021-09-03 14:52:00,DADA
25.4,25.4,25.34,25.345,3400,2021-09-03 14:53:00,DADA
25.38,25.39,25.38,25.39,200,2021-09-03 14:55:00,DADA
25.44,25.44,25.43,25.43,400,2021-09-03 14:56:00,DADA
25.46,25.46,25.46,25.46,500,2021-09-03 14:57:00,DADA
25.48,25.48,25.46,25.46,200,2021-09-03 14:58:00,DADA
25.48,25.48,25.48,25.48,200,2021-09-03 14:59:00,DADA
25.45,25.45,25.41,25.45,900,2021-09-03 15:00:00,DADA
25.45,25.46,25.41,25.445,730,2021-09-03 15:02:00,DADA
25.41,25.44,25.41,25.44,370,2021-09-03 15:03:00,DADA
25.4,25.4,25.4,25.4,700,2021-09-03 15:05:00,DADA
25.395,25.4,25.32,25.34,2300,2021-09-03 15:06:00,DADA
25.27,25.27,25.27,25.27,300,2021-09-03 15:07:00,DADA
25.27,25.33,25.27,25.33,200,2021-09-03 15:09:00,DADA
25.33,25.33,25.33,25.33,100,2021-09-03 15:10:00,DADA
25.26,25.3,25.26,25.3,400,2021-09-03 15:11:00,DADA
25.33,25.33,25.3,25.3,200,2021-09-03 15:12:00,DADA
25.34,25.34,25.295,25.3,600,2021-09-03 15:13:00,DADA
25.24,25.24,25.24,25.24,100,2021-09-03 15:14:00,DADA
25.265,25.265,25.265,25.265,150,2021-09-03 15:15:00,DADA
25.27,25.27,25.27,25.27,200,2021-09-03 15:16:00,DADA
25.27,25.27,25.24,25.24,400,2021-09-03 15:17:00,DADA
25.24,25.24,25.2,25.2,600,2021-09-03 15:18:00,DADA
25.23,25.23,25.22,25.22,300,2021-09-03 15:19:00,DADA
25.185,25.185,25.185,25.185,100,2021-09-03 15:22:00,DADA
25.2,25.2,25.2,25.2,100,2021-09-03 15:23:00,DADA
25.16,25.18,25.15,25.15,300,2021-09-03 15:24:00,DADA
25.2,25.2,25.15,25.16,500,2021-09-03 15:29:00,DADA
25.18,25.18,25.12,25.12,400,2021-09-03 15:30:00,DADA
25.15,25.15,25.12,25.12,300,2021-09-03 15:31:00,DADA
25.1,25.1,25.04,25.04,400,2021-09-03 15:33:00,DADA
25.09,25.09,25.09,25.09,100,2021-09-03 15:34:00,DADA
25.09,25.09,25.09,25.09,200,2021-09-03 15:35:00,DADA
25.07,25.12,25.07,25.12,200,2021-09-03 15:37:00,DADA
25.09,25.1,25.035,25.07,1670,2021-09-03 15:38:00,DADA
25.09,25.09,25.057,25.06,450,2021-09-03 15:39:00,DADA
25.07,25.07,25.051,25.07,390,2021-09-03 15:40:00,DADA
25.09,25.09,25.09,25.09,100,2021-09-03 15:41:00,DADA
25.1,25.17,25.1,25.17,2374,2021-09-03 15:42:00,DADA
25.18,25.19,25.15,25.15,400,2021-09-03 15:43:00,DADA
25.21,25.21,25.21,25.21,100,2021-09-03 15:44:00,DADA
25.1924,25.2,25.15,25.15,1194,2021-09-03 15:45:00,DADA
25.18,25.18,25.15,25.15,2429,2021-09-03 15:46:00,DADA
25.15,25.15,25.15,25.15,200,2021-09-03 15:47:00,DADA
25.15,25.18,25.15,25.18,600,2021-09-03 15:48:00,DADA
25.19,25.22,25.19,25.22,200,2021-09-03 15:49:00,DADA
25.19,25.22,25.19,25.22,300,2021-09-03 15:50:00,DADA
25.19,25.19,25.19,25.19,100,2021-09-03 15:51:00,DADA
25.19,25.19,25.16,25.19,456,2021-09-03 15:52:00,DADA
25.19,25.19,25.19,25.19,100,2021-09-03 15:54:00,DADA
25.18,25.18,25.18,25.18,100,2021-09-03 15:55:00,DADA
25.19,25.285,25.18,25.25,4193,2021-09-03 15:56:00,DADA
25.22,25.26,25.22,25.24,1744,2021-09-03 15:57:00,DADA
25.22,25.24,25.2001,25.24,1500,2021-09-03 15:58:00,DADA
25.26,25.26,25.2592,25.2592,900,2021-09-03 15:59:00,DADA
25.27,25.27,25.23,25.27,600,2021-09-03 16:00:00,DADA
25.27,25.27,25.27,25.27,100,2021-09-03 16:02:00,DADA
25.27,25.33,25.27,25.33,700,2021-09-03 16:03:00,DADA
25.34,25.34,25.34,25.34,100,2021-09-03 16:04:00,DADA
25.3299,25.3299,25.29,25.29,757,2021-09-03 16:06:00,DADA
25.3,25.3,25.3,25.3,100,2021-09-03 16:07:00,DADA
25.28,25.28,25.28,25.28,100,2021-09-03 16:08:00,DADA
25.36,25.36,25.36,25.36,100,2021-09-03 16:09:00,DADA
25.29,25.31,25.29,25.31,500,2021-09-03 16:10:00,DADA
25.305,25.305,25.305,25.305,100,2021-09-03 16:13:00,DADA
25.33,25.33,25.33,25.33,100,2021-09-03 16:14:00,DADA
25.34,25.36,25.34,25.36,400,2021-09-03 16:15:00,DADA
25.33,25.37,25.3,25.37,1850,2021-09-03 16:16:00,DADA
25.37,25.37,25.37,25.37,600,2021-09-03 16:17:00,DADA
25.375,25.375,25.375,25.375,150,2021-09-03 16:18:00,DADA
25.4,25.43,25.4,25.42,700,2021-09-03 16:19:00,DADA
25.43,25.43,25.42,25.42,200,2021-09-03 16:20:00,DADA
25.42,25.42,25.4,25.4,400,2021-09-03 16:21:00,DADA
25.39,25.39,25.39,25.39,100,2021-09-03 16:25:00,DADA
25.42,25.42,25.42,25.42,100,2021-09-03 16:26:00,DADA
25.43,25.43,25.39,25.41,600,2021-09-03 16:27:00,DADA
25.42,25.42,25.42,25.42,100,2021-09-03 16:30:00,DADA
25.42,25.43,25.42,25.43,500,2021-09-03 16:31:00,DADA
25.44,25.44,25.41,25.41,500,2021-09-03 16:32:00,DADA
25.43,25.43,25.43,25.43,100,2021-09-03 16:34:00,DADA
25.49,25.49,25.49,25.49,100,2021-09-03 16:36:00,DADA
25.46,25.46,25.46,25.46,300,2021-09-03 16:37:00,DADA
25.5,25.53,25.49,25.53,3988,2021-09-03 16:38:00,DADA
25.525,25.525,25.525,25.525,300,2021-09-03 16:39:00,DADA
25.53,25.53,25.53,25.53,100,2021-09-03 16:40:00,DADA
25.53,25.53,25.5,25.5,380,2021-09-03 16:41:00,DADA
25.53,25.53,25.51,25.51,1786,2021-09-03 16:42:00,DADA
25.49,25.49,25.43,25.43,800,2021-09-03 16:43:00,DADA
25.42,25.42,25.42,25.42,100,2021-09-03 16:44:00,DADA
25.44,25.44,25.41,25.41,200,2021-09-03 16:45:00,DADA
25.37,25.37,25.37,25.37,100,2021-09-03 16:46:00,DADA
25.41,25.41,25.41,25.41,100,2021-09-03 16:47:00,DADA
25.39,25.39,25.39,25.39,200,2021-09-03 16:49:00,DADA
25.43,25.43,25.42,25.42,200,2021-09-03 16:50:00,DADA
25.39,25.39,25.38,25.38,200,2021-09-03 16:51:00,DADA
25.34,25.34,25.34,25.34,100,2021-09-03 16:52:00,DADA
25.39,25.39,25.39,25.39,400,2021-09-03 16:53:00,DADA
25.39,25.39,25.39,25.39,100,2021-09-03 16:57:00,DADA
25.4,25.4,25.4,25.4,200,2021-09-03 17:00:00,DADA
25.4,25.4,25.39,25.39,498,2021-09-03 17:01:00,DADA
25.38,25.38,25.36,25.36,300,2021-09-03 17:02:00,DADA
25.36,25.36,25.36,25.36,100,2021-09-03 17:03:00,DADA
25.4,25.42,25.39,25.42,2100,2021-09-03 17:04:00,DADA
25.4,25.4,25.4,25.4,100,2021-09-03 17:06:00,DADA
25.38,25.41,25.38,25.41,200,2021-09-03 17:07:00,DADA
25.4399,25.44,25.435,25.435,600,2021-09-03 17:10:00,DADA
25.46,25.46,25.46,25.46,100,2021-09-03 17:11:00,DADA
25.46,25.49,25.46,25.47,600,2021-09-03 17:12:00,DADA
25.43,25.43,25.43,25.43,100,2021-09-03 17:13:00,DADA
25.43,25.43,25.42,25.42,800,2021-09-03 17:14:00,DADA
25.44,25.44,25.44,25.44,200,2021-09-03 17:15:00,DADA
25.43,25.43,25.43,25.43,100,2021-09-03 17:16:00,DADA
25.4341,25.4341,25.4341,25.4341,100,2021-09-03 17:17:00,DADA
25.415,25.42,25.4,25.42,892,2021-09-03 17:18:00,DADA
25.39,25.39,25.39,25.39,200,2021-09-03 17:19:00,DADA
25.38,25.43,25.38,25.395,300,2021-09-03 17:21:00,DADA
25.42,25.42,25.42,25.42,100,2021-09-03 17:23:00,DADA
25.42,25.42,25.42,25.42,100,2021-09-03 17:26:00,DADA
25.42,25.42,25.42,25.42,300,2021-09-03 17:27:00,DADA
25.38,25.38,25.38,25.38,200,2021-09-03 17:28:00,DADA
25.4,25.4,25.37,25.37,200,2021-09-03 17:29:00,DADA
25.36,25.365,25.36,25.365,300,2021-09-03 17:30:00,DADA
25.38,25.38,25.34,25.34,500,2021-09-03 17:31:00,DADA
25.35,25.355,25.35,25.355,800,2021-09-03 17:32:00,DADA
25.37,25.37,25.37,25.37,200,2021-09-03 17:33:00,DADA
25.37,25.37,25.36,25.37,500,2021-09-03 17:36:00,DADA
25.36,25.38,25.36,25.38,300,2021-09-03 17:37:00,DADA
25.36,25.36,25.36,25.36,300,2021-09-03 17:39:00,DADA
25.339,25.339,25.339,25.339,103,2021-09-03 17:40:00,DADA
25.32,25.32,25.31,25.31,553,2021-09-03 17:41:00,DADA
25.33,25.33,25.33,25.33,100,2021-09-03 17:45:00,DADA
25.31,25.31,25.31,25.31,100,2021-09-03 17:48:00,DADA
25.26,25.3,25.25,25.3,500,2021-09-03 17:49:00,DADA
25.29,25.29,25.29,25.29,100,2021-09-03 17:50:00,DADA
25.3,25.315,25.3,25.315,1290,2021-09-03 17:54:00,DADA
25.28,25.28,25.27,25.27,300,2021-09-03 17:55:00,DADA
25.29,25.29,25.29,25.29,200,2021-09-03 17:56:00,DADA
25.265,25.265,25.265,25.265,100,2021-09-03 17:58:00,DADA
25.28,25.28,25.28,25.28,200,2021-09-03 17:59:00,DADA
25.27,25.29,25.26,25.29,634,2021-09-03 18:00:00,DADA
25.29,25.3,25.29,25.3,200,2021-09-03 18:01:00,DADA
25.285,25.285,25.285,25.285,100,2021-09-03 18:03:00,DADA
25.31,25.31,25.285,25.285,200,2021-09-03 18:04:00,DADA
25.32,25.32,25.32,25.32,100,2021-09-03 18:05:00,DADA
25.3,25.3,25.3,25.3,100,2021-09-03 18:06:00,DADA
25.31,25.31,25.31,25.31,100,2021-09-03 18:07:00,DADA
25.28,25.29,25.27,25.27,600,2021-09-03 18:08:00,DADA
25.29,25.29,25.275,25.29,2100,2021-09-03 18:09:00,DADA
25.29,25.3,25.29,25.3,200,2021-09-03 18:10:00,DADA
25.3,25.32,25.3,25.32,700,2021-09-03 18:12:00,DADA
25.29,25.32,25.28,25.32,900,2021-09-03 18:13:00,DADA
25.305,25.305,25.305,25.305,100,2021-09-03 18:14:00,DADA
25.29,25.305,25.29,25.305,200,2021-09-03 18:16:00,DADA
25.32,25.32,25.32,25.32,100,2021-09-03 18:17:00,DADA
25.35,25.35,25.33,25.33,1414,2021-09-03 18:18:00,DADA
25.33,25.33,25.33,25.33,100,2021-09-03 18:19:00,DADA
25.31,25.32,25.31,25.32,800,2021-09-03 18:20:00,DADA
25.3,25.3,25.3,25.3,400,2021-09-03 18:21:00,DADA
25.33,25.33,25.33,25.33,100,2021-09-03 18:22:00,DADA
25.33,25.35,25.33,25.35,200,2021-09-03 18:23:00,DADA
25.32,25.33,25.29,25.3,1100,2021-09-03 18:24:00,DADA
25.28,25.28,25.28,25.28,100,2021-09-03 18:25:00,DADA
25.3,25.3,25.3,25.3,100,2021-09-03 18:26:00,DADA
25.27,25.2999,25.27,25.2999,313,2021-09-03 18:27:00,DADA
25.25,25.26,25.25,25.25,500,2021-09-03 18:28:00,DADA
25.26,25.26,25.25,25.25,200,2021-09-03 18:29:00,DADA
25.27,25.28,25.25,25.25,877,2021-09-03 18:30:00,DADA
25.26,25.26,25.255,25.255,400,2021-09-03 18:31:00,DADA
25.23,25.23,25.17,25.17,500,2021-09-03 18:33:00,DADA
25.2,25.2,25.19,25.19,1000,2021-09-03 18:34:00,DADA
25.205,25.205,25.205,25.205,100,2021-09-03 18:35:00,DADA
25.16,25.23,25.16,25.225,900,2021-09-03 18:36:00,DADA
25.26,25.26,25.22,25.22,200,2021-09-03 18:38:00,DADA
25.25,25.25,25.24,25.24,200,2021-09-03 18:40:00,DADA
25.24,25.24,25.24,25.24,400,2021-09-03 18:41:00,DADA
25.26,25.27,25.26,25.27,200,2021-09-03 18:42:00,DADA
25.27,25.27,25.25,25.25,200,2021-09-03 18:43:00,DADA
25.25,25.27,25.25,25.27,200,2021-09-03 18:44:00,DADA
25.27,25.27,25.25,25.27,700,2021-09-03 18:46:00,DADA
25.25,25.28,25.25,25.28,1500,2021-09-03 18:48:00,DADA
25.27,25.29,25.27,25.27,451,2021-09-03 18:51:00,DADA
25.27,25.27,25.26,25.26,700,2021-09-03 18:52:00,DADA
25.29,25.29,25.24,25.24,600,2021-09-03 18:53:00,DADA
25.26,25.3,25.25,25.3,400,2021-09-03 18:54:00,DADA
25.3,25.3,25.3,25.3,200,2021-09-03 18:55:00,DADA
25.33,25.33,25.33,25.33,100,2021-09-03 18:56:00,DADA
25.36,25.37,25.35,25.35,600,2021-09-03 18:57:00,DADA
25.34,25.34,25.32,25.32,400,2021-09-03 18:58:00,DADA
25.36,25.37,25.36,25.37,200,2021-09-03 18:59:00,DADA
25.36,25.36,25.36,25.36,100,2021-09-03 19:00:00,DADA
25.37,25.39,25.35,25.39,600,2021-09-03 19:01:00,DADA
25.4,25.4,25.37,25.385,900,2021-09-03 19:02:00,DADA
25.37,25.4002,25.37,25.4002,200,2021-09-03 19:03:00,DADA
25.41,25.45,25.41,25.45,500,2021-09-03 19:04:00,DADA
25.43,25.45,25.43,25.43,700,2021-09-03 19:05:00,DADA
25.42,25.48,25.42,25.43,1500,2021-09-03 19:07:00,DADA
25.43,25.45,25.43,25.45,500,2021-09-03 19:08:00,DADA
25.45,25.45,25.42,25.43,400,2021-09-03 19:10:00,DADA
25.4435,25.45,25.41,25.415,1722,2021-09-03 19:11:00,DADA
25.41,25.41,25.41,25.41,100,2021-09-03 19:12:00,DADA
25.43,25.43,25.43,25.43,100,2021-09-03 19:13:00,DADA
25.44,25.44,25.44,25.44,200,2021-09-03 19:14:00,DADA
25.44,25.46,25.44,25.46,1000,2021-09-03 19:15:00,DADA
25.46,25.46,25.44,25.44,1250,2021-09-03 19:16:00,DADA
25.43,25.44,25.37,25.37,1100,2021-09-03 19:17:00,DADA
25.41,25.425,25.41,25.425,300,2021-09-03 19:18:00,DADA
25.44,25.44,25.4,25.4,400,2021-09-03 19:20:00,DADA
25.42,25.42,25.42,25.42,200,2021-09-03 19:23:00,DADA
25.42,25.42,25.39,25.39,400,2021-09-03 19:24:00,DADA
25.41,25.41,25.4,25.4,400,2021-09-03 19:25:00,DADA
25.39,25.39,25.39,25.39,100,2021-09-03 19:26:00,DADA
25.39,25.4,25.38,25.38,800,2021-09-03 19:28:00,DADA
25.41,25.41,25.4,25.4,200,2021-09-03 19:29:00,DADA
25.38,25.38,25.38,25.38,100,2021-09-03 19:30:00,DADA
25.38,25.4,25.375,25.4,925,2021-09-03 19:31:00,DADA
25.41,25.42,25.4,25.42,300,2021-09-03 19:33:00,DADA
25.42,25.42,25.42,25.42,100,2021-09-03 19:34:00,DADA
25.4,25.41,25.4,25.41,850,2021-09-03 19:35:00,DADA
25.41,25.42,25.41,25.414,1400,2021-09-03 19:37:00,DADA
25.425,25.425,25.41,25.41,709,2021-09-03 19:38:00,DADA
25.415,25.415,25.4,25.41,400,2021-09-03 19:39:00,DADA
25.41,25.415,25.39,25.39,1000,2021-09-03 19:42:00,DADA
25.38,25.38,25.37,25.37,300,2021-09-03 19:43:00,DADA
25.37,25.38,25.365,25.37,1200,2021-09-03 19:44:00,DADA
25.35,25.35,25.35,25.35,100,2021-09-03 19:45:00,DADA
25.365,25.39,25.36,25.39,2000,2021-09-03 19:46:00,DADA
25.37,25.38,25.36,25.38,900,2021-09-03 19:47:00,DADA
25.36,25.365,25.36,25.365,322,2021-09-03 19:48:00,DADA
25.35,25.35,25.32,25.32,928,2021-09-03 19:49:00,DADA
25.34,25.4,25.34,25.3978,1269,2021-09-03 19:50:00,DADA
25.38,25.39,25.36,25.38,2626,2021-09-03 19:51:00,DADA
25.41,25.41,25.38,25.4,1500,2021-09-03 19:52:00,DADA
25.41,25.44,25.37,25.37,7758,2021-09-03 19:53:00,DADA
25.39,25.44,25.39,25.435,1600,2021-09-03 19:54:00,DADA
25.45,25.465,25.42,25.45,5150,2021-09-03 19:55:00,DADA
25.46,25.5,25.45,25.47,3290,2021-09-03 19:56:00,DADA
25.5,25.5,25.49,25.49,3580,2021-09-03 19:57:00,DADA
25.5,25.51,25.49,25.49,3985,2021-09-03 19:58:00,DADA
25.49,25.49,25.44,25.45,8713,2021-09-03 19:59:00,DADA
25.36,25.48,25.36,25.48,44920,2021-09-03 20:00:00,DADA
25.4,25.4,25.4,25.4,400,2021-09-03 20:24:00,DADA
25.4,25.4,25.4,25.4,300,2021-09-03 20:31:00,DADA
25.3,25.3,25.3,25.3,200,2021-09-03 20:39:00,DADA
25.1,25.1,25.1,25.1,500,2021-09-03 20:40:00,DADA
25.11,25.11,25.11,25.11,200,2021-09-03 20:48:00,DADA
25.12,25.12,25.1,25.1,200,2021-09-03 20:49:00,DADA
25.12,25.12,25.12,25.12,100,2021-09-03 21:07:00,DADA
25.12,25.12,25.12,25.12,100,2021-09-03 21:14:00,DADA
25.12,25.12,25.12,25.12,198,2021-09-03 21:16:00,DADA
25.29,25.29,25.29,25.29,100,2021-09-03 21:20:00,DADA
25.31,25.5,25.31,25.5,5098,2021-09-03 21:22:00,DADA
25.49,25.49,25.49,25.49,500,2021-09-03 22:24:00,DADA
25.5,25.5,25.5,25.5,442,2021-09-03 23:54:00,DADA
25.5,25.5,25.5,25.5,100,2021-09-03 23:57:00,DADA
25.5,25.72,25.5,25.72,1818,2021-09-07 08:00:00,DADA
25.9,25.9,25.9,25.9,170,2021-09-07 08:02:00,DADA
25.9,25.9,25.9,25.9,100,2021-09-07 08:19:00,DADA
25.91,25.91,25.91,25.91,100,2021-09-07 08:28:00,DADA
25.8,25.8,25.8,25.8,100,2021-09-07 08:42:00,DADA
25.81,25.81,25.81,25.81,100,2021-09-07 08:47:00,DADA
25.9,26.0,25.9,26.0,200,2021-09-07 09:03:00,DADA
25.91,25.91,25.91,25.91,100,2021-09-07 09:11:00,DADA
25.9,25.9,25.9,25.9,100,2021-09-07 09:17:00,DADA
25.9,25.9,25.9,25.9,700,2021-09-07 09:40:00,DADA
25.91,25.91,25.91,25.91,100,2021-09-07 09:45:00,DADA
25.9,25.9,25.9,25.9,800,2021-09-07 09:57:00,DADA
25.91,25.91,25.9,25.9,470,2021-09-07 09:59:00,DADA
25.98,25.98,25.98,25.98,100,2021-09-07 10:26:00,DADA
25.91,25.91,25.91,25.91,100,2021-09-07 10:58:00,DADA
25.98,26.0,25.98,26.0,300,2021-09-07 11:00:00,DADA
26.0,26.05,26.0,26.05,989,2021-09-07 11:01:00,DADA
26.29,26.29,26.29,26.29,100,2021-09-07 11:17:00,DADA
26.39,26.39,26.39,26.39,100,2021-09-07 12:43:00,DADA
26.16,26.16,26.15,26.15,300,2021-09-07 13:28:00,DADA
26.1,26.1,26.09,26.09,400,2021-09-07 13:29:00,DADA
26.05,26.14,26.0,26.0,10921,2021-09-07 13:30:00,DADA
26.18,26.48,26.17,26.48,2510,2021-09-07 13:31:00,DADA
26.48,26.48,26.36,26.4501,5207,2021-09-07 13:32:00,DADA
26.45,26.64,26.45,26.63,13047,2021-09-07 13:33:00,DADA
26.63,26.63,26.51,26.52,6810,2021-09-07 13:34:00,DADA
26.63,26.63,26.3995,26.44,2520,2021-09-07 13:35:00,DADA
26.4,26.75,26.4,26.61,11523,2021-09-07 13:36:00,DADA
26.6962,26.6962,26.6962,26.6962,200,2021-09-07 13:37:00,DADA
26.65,26.81,26.595,26.75,9990,2021-09-07 13:38:00,DADA
26.8169,26.84,26.6401,26.75,4200,2021-09-07 13:39:00,DADA
26.75,26.9,26.75,26.8794,8189,2021-09-07 13:40:00,DADA
26.88,26.88,26.765,26.82,1400,2021-09-07 13:41:00,DADA
26.845,26.845,26.69,26.69,4853,2021-09-07 13:42:00,DADA
26.72,26.75,26.69,26.74,4672,2021-09-07 13:43:00,DADA
26.68,26.68,26.65,26.68,1200,2021-09-07 13:44:00,DADA
26.655,26.655,26.565,26.62,2470,2021-09-07 13:45:00,DADA
26.635,26.7,26.63,26.65,3046,2021-09-07 13:46:00,DADA
26.685,26.69,26.685,26.685,400,2021-09-07 13:47:00,DADA
26.71,26.71,26.65,26.66,3444,2021-09-07 13:48:00,DADA
26.6,26.6,26.58,26.58,754,2021-09-07 13:49:00,DADA
26.615,26.615,26.52,26.56,1000,2021-09-07 13:50:00,DADA
26.55,26.55,26.4512,26.51,856,2021-09-07 13:51:00,DADA
26.57,26.6,26.47,26.58,1100,2021-09-07 13:52:00,DADA
26.58,26.9,26.58,26.88,37856,2021-09-07 13:53:00,DADA
26.9,26.9,26.76,26.8182,2696,2021-09-07 13:54:00,DADA
26.8021,26.85,26.77,26.785,6080,2021-09-07 13:55:00,DADA
26.79,26.79,26.74,26.775,700,2021-09-07 13:56:00,DADA
26.73,26.77,26.67,26.74,6307,2021-09-07 13:57:00,DADA
26.7,26.77,26.7,26.76,2400,2021-09-07 13:58:00,DADA
26.74,26.77,26.72,26.73,4171,2021-09-07 13:59:00,DADA
26.78,26.84,26.78,26.82,600,2021-09-07 14:00:00,DADA
26.79,26.81,26.72,26.75,2099,2021-09-07 14:01:00,DADA
26.745,26.78,26.6801,26.75,1622,2021-09-07 14:02:00,DADA
26.75,26.75,26.73,26.75,800,2021-09-07 14:03:00,DADA
26.715,26.715,26.46,26.48,11263,2021-09-07 14:04:00,DADA
26.5,26.51,26.42,26.46,3748,2021-09-07 14:05:00,DADA
26.4973,26.499,26.39,26.4234,2000,2021-09-07 14:06:00,DADA
26.39,26.4721,26.31,26.4,7844,2021-09-07 14:07:00,DADA
26.3951,26.45,26.39,26.39,1269,2021-09-07 14:08:00,DADA
26.39,26.46,26.39,26.3925,1040,2021-09-07 14:09:00,DADA
26.42,26.51,26.395,26.48,4173,2021-09-07 14:10:00,DADA
26.48,26.48,26.48,26.48,200,2021-09-07 14:11:00,DADA
26.49,26.49,26.4,26.4,801,2021-09-07 14:12:00,DADA
26.44,26.53,26.39,26.45,1886,2021-09-07 14:13:00,DADA
26.46,26.46,26.46,26.46,100,2021-09-07 14:14:00,DADA
26.44,26.47,26.43,26.43,1796,2021-09-07 14:15:00,DADA
26.46,26.46,26.42,26.42,1100,2021-09-07 14:16:00,DADA
26.43,26.43,26.37,26.395,2500,2021-09-07 14:17:00,DADA
26.4,26.42,26.31,26.31,3411,2021-09-07 14:18:00,DADA
26.3,26.34,26.3,26.34,500,2021-09-07 14:19:00,DADA
26.3,26.33,26.26,26.33,300,2021-09-07 14:20:00,DADA
26.3,26.3,26.26,26.26,3538,2021-09-07 14:22:00,DADA
26.26,26.33,26.25,26.305,8423,2021-09-07 14:23:00,DADA
26.32,26.38,26.32,26.38,1368,2021-09-07 14:24:00,DADA
26.38,26.45,26.38,26.45,700,2021-09-07 14:25:00,DADA
26.4,26.4021,26.4,26.4021,900,2021-09-07 14:26:00,DADA
26.41,26.43,26.39,26.41,700,2021-09-07 14:27:00,DADA
26.4,26.45,26.4,26.45,800,2021-09-07 14:28:00,DADA
26.4075,26.42,26.39,26.39,2387,2021-09-07 14:29:00,DADA
26.41,26.43,26.41,26.43,629,2021-09-07 14:30:00,DADA
26.43,26.43,26.35,26.395,1200,2021-09-07 14:31:00,DADA
26.375,26.42,26.375,26.42,785,2021-09-07 14:32:00,DADA
26.44,26.445,26.439,26.445,1200,2021-09-07 14:33:00,DADA
26.47,26.49,26.46,26.46,2550,2021-09-07 14:34:00,DADA
26.47,26.49,26.43,26.43,3753,2021-09-07 14:35:00,DADA
26.46,26.46,26.3535,26.375,2619,2021-09-07 14:36:00,DADA
26.4,26.4,26.4,26.4,500,2021-09-07 14:37:00,DADA
26.3817,26.42,26.3817,26.42,743,2021-09-07 14:38:00,DADA
26.405,26.48,26.38,26.48,2787,2021-09-07 14:39:00,DADA
26.44,26.44,26.44,26.44,200,2021-09-07 14:40:00,DADA
26.45,26.46,26.45,26.46,600,2021-09-07 14:41:00,DADA
26.44,26.44,26.425,26.425,380,2021-09-07 14:42:00,DADA
26.4226,26.43,26.4,26.42,615,2021-09-07 14:43:00,DADA
26.41,26.45,26.41,26.44,2061,2021-09-07 14:44:00,DADA
26.425,26.425,26.425,26.425,100,2021-09-07 14:45:00,DADA
26.45,26.475,26.38,26.38,3201,2021-09-07 14:46:00,DADA
26.36,26.37,26.29,26.295,2200,2021-09-07 14:47:00,DADA
26.3,26.31,26.25,26.26,6858,2021-09-07 14:48:00,DADA
26.26,26.265,26.24,26.26,11305,2021-09-07 14:49:00,DADA
26.27,26.3,26.27,26.3,1499,2021-09-07 14:50:00,DADA
26.29,26.29,26.19,26.19,4873,2021-09-07 14:51:00,DADA
26.165,26.1901,26.16,26.19,1032,2021-09-07 14:52:00,DADA
26.185,26.24,26.17,26.24,2100,2021-09-07 14:53:00,DADA
26.215,26.215,26.2021,26.2021,377,2021-09-07 14:54:00,DADA
26.23,26.31,26.23,26.31,1000,2021-09-07 14:55:00,DADA
26.315,26.315,26.315,26.315,1410,2021-09-07 14:56:00,DADA
26.315,26.315,26.27,26.27,300,2021-09-07 14:57:00,DADA
26.29,26.29,26.29,26.29,100,2021-09-07 14:58:00,DADA
26.285,26.31,26.2531,26.27,620,2021-09-07 14:59:00,DADA
26.25,26.29,26.25,26.2588,416,2021-09-07 15:00:00,DADA
26.27,26.3,26.27,26.3,1100,2021-09-07 15:01:00,DADA
26.285,26.285,26.265,26.27,300,2021-09-07 15:02:00,DADA
26.265,26.29,26.265,26.29,200,2021-09-07 15:03:00,DADA
26.25,26.3,26.24,26.27,400,2021-09-07 15:04:00,DADA
26.27,26.305,26.23,26.255,2951,2021-09-07 15:05:00,DADA
26.255,26.255,26.2,26.21,800,2021-09-07 15:06:00,DADA
26.2,26.23,26.11,26.11,2057,2021-09-07 15:07:00,DADA
26.1,26.1,26.03,26.05,4275,2021-09-07 15:08:00,DADA
26.04,26.04,25.9501,25.97,993,2021-09-07 15:09:00,DADA
25.98,26.005,25.98,26.005,300,2021-09-07 15:10:00,DADA
26.005,26.05,26.005,26.0342,1616,2021-09-07 15:11:00,DADA
26.05,26.08,26.01,26.01,3044,2021-09-07 15:12:00,DADA
26.035,26.09,26.02,26.03,7337,2021-09-07 15:13:00,DADA
26.01,26.01,26.0,26.0,300,2021-09-07 15:14:00,DADA
26.0,26.0,25.98,25.98,400,2021-09-07 15:15:00,DADA
25.97,25.97,25.94,25.94,875,2021-09-07 15:16:00,DADA
25.925,25.9325,25.88,25.905,4200,2021-09-07 15:17:00,DADA
25.9025,25.9783,25.895,25.9783,3215,2021-09-07 15:18:00,DADA
25.97,25.98,25.96,25.98,1800,2021-09-07 15:19:00,DADA
25.99,26.02,25.97,25.97,2720,2021-09-07 15:20:00,DADA
25.985,26.0,25.985,26.0,200,2021-09-07 15:21:00,DADA
25.995,25.995,25.995,25.995,100,2021-09-07 15:22:00,DADA
25.99,26.03,25.99,26.02,2627,2021-09-07 15:23:00,DADA
26.025,26.0329,26.01,26.02,1300,2021-09-07 15:24:00,DADA
26.0,26.0,25.98,26.0,1200,2021-09-07 15:25:00,DADA
25.98,25.99,25.95,25.98,808,2021-09-07 15:26:00,DADA
26.0,26.02,26.0,26.0,600,2021-09-07 15:27:00,DADA
26.03,26.07,26.03,26.065,1100,2021-09-07 15:28:00,DADA
26.08,26.08,26.05,26.05,300,2021-09-07 15:29:00,DADA
26.08,26.1,26.08,26.1,300,2021-09-07 15:30:00,DADA
26.15,26.21,26.15,26.185,600,2021-09-07 15:31:00,DADA
26.185,26.21,26.185,26.21,400,2021-09-07 15:32:00,DADA
26.15,26.23,26.15,26.23,1200,2021-09-07 15:33:00,DADA
26.2387,26.2387,26.2387,26.2387,1500,2021-09-07 15:34:00,DADA
26.215,26.215,26.18,26.185,700,2021-09-07 15:35:00,DADA
26.15,26.18,26.14,26.17,400,2021-09-07 15:36:00,DADA
26.15,26.21,26.145,26.21,500,2021-09-07 15:37:00,DADA
26.15,26.16,26.15,26.16,300,2021-09-07 15:38:00,DADA
26.155,26.22,26.15,26.22,1476,2021-09-07 15:39:00,DADA
26.23,26.23,26.22,26.22,200,2021-09-07 15:40:00,DADA
26.27,26.27,26.21,26.225,600,2021-09-07 15:41:00,DADA
26.22,26.22,26.19,26.19,400,2021-09-07 15:42:00,DADA
26.19,26.2,26.19,26.2,6792,2021-09-07 15:43:00,DADA
26.21,26.23,26.205,26.205,700,2021-09-07 15:44:00,DADA
26.2,26.205,26.18,26.18,300,2021-09-07 15:45:00,DADA
26.16,26.17,26.13,26.17,3203,2021-09-07 15:46:00,DADA
26.155,26.155,26.13,26.13,1600,2021-09-07 15:47:00,DADA
26.15,26.1808,26.15,26.15,1350,2021-09-07 15:48:00,DADA
26.17,26.1758,26.17,26.1758,2100,2021-09-07 15:50:00,DADA
26.17,26.17,26.14,26.15,1400,2021-09-07 15:51:00,DADA
26.18,26.19,26.17,26.17,1700,2021-09-07 15:52:00,DADA
26.18,26.205,26.18,26.205,900,2021-09-07 15:53:00,DADA
26.22,26.22,26.19,26.19,200,2021-09-07 15:54:00,DADA
26.19,26.24,26.19,26.24,2520,2021-09-07 15:55:00,DADA
26.23,26.23,26.21,26.21,200,2021-09-07 15:56:00,DADA
26.195,26.195,26.17,26.17,200,2021-09-07 15:57:00,DADA
26.19,26.2,26.19,26.2,200,2021-09-07 15:58:00,DADA
26.2,26.229,26.2,26.229,1100,2021-09-07 15:59:00,DADA
26.22,26.26,26.22,26.245,2132,2021-09-07 16:00:00,DADA
26.2372,26.2372,26.22,26.22,438,2021-09-07 16:01:00,DADA
26.21,26.24,26.21,26.24,1044,2021-09-07 16:02:00,DADA
26.2387,26.2387,26.2,26.2,1200,2021-09-07 16:03:00,DADA
26.21,26.21,26.21,26.21,300,2021-09-07 16:05:00,DADA
26.21,26.21,26.17,26.17,400,2021-09-07 16:06:00,DADA
26.17,26.18,26.165,26.165,900,2021-09-07 16:07:00,DADA
26.15,26.16,26.14,26.15,3016,2021-09-07 16:08:00,DADA
26.15,26.15,26.13,26.145,604,2021-09-07 16:09:00,DADA
26.13,26.18,26.13,26.175,1400,2021-09-07 16:10:00,DADA
26.19,26.21,26.19,26.205,400,2021-09-07 16:11:00,DADA
26.21,26.21,26.17,26.17,500,2021-09-07 16:12:00,DADA
26.165,26.165,26.165,26.165,200,2021-09-07 16:14:00,DADA
26.15,26.15,26.15,26.15,100,2021-09-07 16:15:00,DADA
26.16,26.18,26.14,26.17,2999,2021-09-07 16:16:00,DADA
26.18,26.21,26.18,26.21,1401,2021-09-07 16:17:00,DADA
26.21,26.275,26.21,26.25,5119,2021-09-07 16:18:00,DADA
26.22,26.245,26.22,26.245,200,2021-09-07 16:19:00,DADA
26.25,26.28,26.25,26.28,900,2021-09-07 16:21:00,DADA
26.28,26.28,26.28,26.28,100,2021-09-07 16:22:00,DADA
26.33,26.33,26.33,26.33,100,2021-09-07 16:23:00,DADA
26.33,26.33,26.33,26.33,100,2021-09-07 16:24:00,DADA
26.35,26.35,26.35,26.35,100,2021-09-07 16:25:00,DADA
26.31,26.33,26.31,26.33,700,2021-09-07 16:26:00,DADA
26.32,26.34,26.31,26.31,600,2021-09-07 16:27:00,DADA
26.31,26.31,26.31,26.31,100,2021-09-07 16:28:00,DADA
26.35,26.35,26.32,26.32,984,2021-09-07 16:29:00,DADA
26.33,26.33,26.33,26.33,100,2021-09-07 16:30:00,DADA
26.31,26.31,26.28,26.29,2100,2021-09-07 16:31:00,DADA
26.29,26.29,26.29,26.29,100,2021-09-07 16:32:00,DADA
26.29,26.3,26.23,26.24,2225,2021-09-07 16:33:00,DADA
26.23,26.23,26.19,26.2,1100,2021-09-07 16:34:00,DADA
26.21,26.22,26.21,26.21,2193,2021-09-07 16:35:00,DADA
26.21,26.21,26.21,26.21,100,2021-09-07 16:36:00,DADA
26.2,26.2,26.19,26.19,800,2021-09-07 16:37:00,DADA
26.2099,26.2099,26.17,26.2,1400,2021-09-07 16:38:00,DADA
26.17,26.2,26.17,26.19,300,2021-09-07 16:39:00,DADA
26.2,26.2,26.17,26.2,900,2021-09-07 16:40:00,DADA
26.22,26.22,26.21,26.21,400,2021-09-07 16:41:00,DADA
26.22,26.23,26.22,26.23,1100,2021-09-07 16:42:00,DADA
26.24,26.24,26.24,26.24,200,2021-09-07 16:43:00,DADA
26.225,26.225,26.225,26.225,200,2021-09-07 16:44:00,DADA
26.22,26.22,26.2,26.2,897,2021-09-07 16:45:00,DADA
26.21,26.21,26.19,26.2098,937,2021-09-07 16:46:00,DADA
26.19,26.2,26.1876,26.1876,3323,2021-09-07 16:47:00,DADA
26.2,26.205,26.02,26.04,7756,2021-09-07 16:48:00,DADA
26.048,26.05,25.9694,26.005,2983,2021-09-07 16:49:00,DADA
26.01,26.01,26.0,26.0,2100,2021-09-07 16:50:00,DADA
26.01,26.04,26.01,26.04,1200,2021-09-07 16:51:00,DADA
26.02,26.02,25.95,25.965,2802,2021-09-07 16:52:00,DADA
25.9675,25.98,25.96,25.98,600,2021-09-07 16:53:00,DADA
25.95,25.96,25.94,25.94,600,2021-09-07 16:54:00,DADA
25.95,25.98,25.9473,25.95,5021,2021-09-07 16:55:00,DADA
25.96,25.96,25.945,25.945,200,2021-09-07 16:56:00,DADA
25.96,25.97,25.95,25.95,300,2021-09-07 16:57:00,DADA
25.95,25.95,25.95,25.95,100,2021-09-07 16:58:00,DADA
25.96,26.0,25.96,25.97,1417,2021-09-07 16:59:00,DADA
25.98,26.0,25.94,25.94,600,2021-09-07 17:00:00,DADA
25.95,25.96,25.95,25.959,500,2021-09-07 17:01:00,DADA
25.92,25.93,25.89,25.91,1902,2021-09-07 17:02:00,DADA
25.915,25.915,25.915,25.915,100,2021-09-07 17:03:00,DADA
25.925,25.93,25.925,25.93,200,2021-09-07 17:04:00,DADA
25.93,25.955,25.93,25.955,926,2021-09-07 17:05:00,DADA
25.945,25.969,25.92,25.95,3500,2021-09-07 17:06:00,DADA
25.94,25.94,25.94,25.94,100,2021-09-07 17:07:00,DADA
25.97,25.97,25.94,25.97,500,2021-09-07 17:08:00,DADA
25.9611,25.9611,25.95,25.95,450,2021-09-07 17:09:00,DADA
25.94,25.97,25.9204,25.96,2310,2021-09-07 17:10:00,DADA
25.97,26.0,25.96,26.0,2147,2021-09-07 17:11:00,DADA
25.975,25.975,25.975,25.975,102,2021-09-07 17:12:00,DADA
25.94,26.05,25.94,26.01,1500,2021-09-07 17:13:00,DADA
26.0,26.04,26.0,26.04,700,2021-09-07 17:14:00,DADA
26.04,26.06,26.01,26.01,500,2021-09-07 17:15:00,DADA
26.04,26.04,26.04,26.04,200,2021-09-07 17:16:00,DADA
26.05,26.05,26.03,26.03,200,2021-09-07 17:17:00,DADA
26.07,26.08,26.07,26.08,300,2021-09-07 17:18:00,DADA
26.11,26.16,26.11,26.11,5237,2021-09-07 17:19:00,DADA
26.11,26.15,26.08,26.13,600,2021-09-07 17:20:00,DADA
26.13,26.13,26.13,26.13,100,2021-09-07 17:21:00,DADA
26.16,26.16,26.155,26.155,800,2021-09-07 17:22:00,DADA
26.16,26.16,26.11,26.159,1200,2021-09-07 17:23:00,DADA
26.135,26.135,26.13,26.13,200,2021-09-07 17:24:00,DADA
26.125,26.15,26.125,26.145,2148,2021-09-07 17:25:00,DADA
26.16,26.18,26.145,26.145,7592,2021-09-07 17:26:00,DADA
26.145,26.1685,26.145,26.1685,1627,2021-09-07 17:28:00,DADA
26.145,26.145,26.12,26.12,300,2021-09-07 17:29:00,DADA
26.14,26.14,26.12,26.132,800,2021-09-07 17:30:00,DADA
26.12,26.125,26.1,26.125,500,2021-09-07 17:31:00,DADA
26.11,26.11,26.11,26.11,100,2021-09-07 17:32:00,DADA
26.125,26.19,26.125,26.1862,2500,2021-09-07 17:33:00,DADA
26.232,26.28,26.23,26.28,1000,2021-09-07 17:34:00,DADA
26.255,26.255,26.23,26.25,1500,2021-09-07 17:35:00,DADA
26.235,26.235,26.2278,26.2278,2100,2021-09-07 17:36:00,DADA
26.205,26.205,26.205,26.205,100,2021-09-07 17:37:00,DADA
26.205,26.205,26.17,26.17,200,2021-09-07 17:38:00,DADA
26.195,26.195,26.195,26.195,100,2021-09-07 17:39:00,DADA
26.16,26.16,26.16,26.16,100,2021-09-07 17:40:00,DADA
26.175,26.22,26.17,26.17,1900,2021-09-07 17:41:00,DADA
26.21,26.2278,26.21,26.21,500,2021-09-07 17:42:00,DADA
26.18,26.18,26.18,26.18,100,2021-09-07 17:43:00,DADA
26.21,26.23,26.21,26.23,1239,2021-09-07 17:44:00,DADA
26.255,26.255,26.23,26.23,600,2021-09-07 17:45:00,DADA
26.215,26.24,26.215,26.24,200,2021-09-07 17:46:00,DADA
26.2,26.22,26.2,26.22,1700,2021-09-07 17:47:00,DADA
26.21,26.215,26.21,26.215,200,2021-09-07 17:48:00,DADA
26.24,26.245,26.2357,26.245,580,2021-09-07 17:49:00,DADA
26.259,26.259,26.245,26.245,210,2021-09-07 17:50:00,DADA
26.23,26.23,26.19,26.19,300,2021-09-07 17:51:00,DADA
26.215,26.215,26.215,26.215,100,2021-09-07 17:52:00,DADA
26.19,26.2,26.17,26.195,600,2021-09-07 17:53:00,DADA
26.16,26.16,26.16,26.16,200,2021-09-07 17:54:00,DADA
26.15,26.15,26.13,26.135,700,2021-09-07 17:56:00,DADA
26.135,26.135,26.12,26.12,200,2021-09-07 17:57:00,DADA
26.14,26.17,26.14,26.14,1819,2021-09-07 17:58:00,DADA
26.19,26.19,26.16,26.19,500,2021-09-07 17:59:00,DADA
26.22,26.23,26.22,26.23,300,2021-09-07 18:00:00,DADA
26.195,26.2,26.17,26.2,400,2021-09-07 18:01:00,DADA
26.2,26.205,26.2,26.205,300,2021-09-07 18:02:00,DADA
26.205,26.26,26.205,26.25,2922,2021-09-07 18:03:00,DADA
26.235,26.235,26.235,26.235,300,2021-09-07 18:04:00,DADA
26.23,26.23,26.23,26.23,100,2021-09-07 18:05:00,DADA
26.21,26.22,26.16,26.16,3498,2021-09-07 18:06:00,DADA
26.19,26.28,26.19,26.27,5608,2021-09-07 18:07:00,DADA
26.29,26.29,26.29,26.29,100,2021-09-07 18:08:00,DADA
26.23,26.265,26.22,26.22,1001,2021-09-07 18:09:00,DADA
26.23,26.26,26.23,26.23,500,2021-09-07 18:10:00,DADA
26.23,26.23,26.2001,26.2001,200,2021-09-07 18:11:00,DADA
26.25,26.25,26.2,26.2,600,2021-09-07 18:12:00,DADA
26.225,26.225,26.195,26.2,876,2021-09-07 18:13:00,DADA
26.19,26.19,26.19,26.19,100,2021-09-07 18:14:00,DADA
26.17,26.185,26.17,26.185,200,2021-09-07 18:15:00,DADA
26.15,26.2,26.15,26.2,200,2021-09-07 18:16:00,DADA
26.17,26.17,26.17,26.17,200,2021-09-07 18:17:00,DADA
26.17,26.19,26.15,26.19,500,2021-09-07 18:18:00,DADA
26.15,26.15,26.15,26.15,100,2021-09-07 18:19:00,DADA
26.15,26.155,26.14,26.15,1167,2021-09-07 18:20:00,DADA
26.14,26.155,26.13,26.155,400,2021-09-07 18:21:00,DADA
26.13,26.155,26.13,26.13,550,2021-09-07 18:22:00,DADA
26.18,26.19,26.16,26.17,1102,2021-09-07 18:23:00,DADA
26.17,26.175,26.17,26.175,400,2021-09-07 18:24:00,DADA
26.1605,26.18,26.16,26.16,2704,2021-09-07 18:25:00,DADA
26.18,26.25,26.18,26.22,2200,2021-09-07 18:26:00,DADA
26.21,26.26,26.19,26.26,4902,2021-09-07 18:28:00,DADA
26.27,26.29,26.25,26.27,931,2021-09-07 18:29:00,DADA
26.28,26.36,26.28,26.34,1200,2021-09-07 18:30:00,DADA
26.36,26.39,26.34,26.39,1418,2021-09-07 18:31:00,DADA
26.3996,26.44,26.3996,26.4,2711,2021-09-07 18:32:00,DADA
26.36,26.37,26.3434,26.37,1100,2021-09-07 18:34:00,DADA
26.3516,26.39,26.34,26.39,1900,2021-09-07 18:35:00,DADA
26.375,26.375,26.37,26.37,200,2021-09-07 18:36:00,DADA
26.36,26.4,26.36,26.39,1548,2021-09-07 18:37:00,DADA
26.375,26.375,26.375,26.375,200,2021-09-07 18:38:00,DADA
26.36,26.37,26.36,26.37,200,2021-09-07 18:39:00,DADA
26.37,26.4,26.36,26.36,500,2021-09-07 18:40:00,DADA
26.37,26.39,26.37,26.37,400,2021-09-07 18:41:00,DADA
26.36,26.365,26.36,26.36,1000,2021-09-07 18:43:00,DADA
26.36,26.4199,26.35,26.4199,1726,2021-09-07 18:44:00,DADA
26.4,26.43,26.4,26.43,1700,2021-09-07 18:45:00,DADA
26.42,26.49,26.3901,26.45,4320,2021-09-07 18:46:00,DADA
26.45,26.48,26.44,26.44,2100,2021-09-07 18:47:00,DADA
26.445,26.45,26.43,26.43,1579,2021-09-07 18:48:00,DADA
26.41,26.425,26.36,26.41,2881,2021-09-07 18:49:00,DADA
26.415,26.415,26.415,26.415,200,2021-09-07 18:50:00,DADA
26.4,26.4,26.38,26.38,700,2021-09-07 18:51:00,DADA
26.38,26.39,26.34,26.36,5662,2021-09-07 18:52:00,DADA
26.36,26.43,26.36,26.415,3664,2021-09-07 18:53:00,DADA
26.39,26.42,26.39,26.42,1800,2021-09-07 18:54:00,DADA
26.43,26.48,26.43,26.45,3427,2021-09-07 18:55:00,DADA
26.44,26.44,26.42,26.42,500,2021-09-07 18:56:00,DADA
26.44,26.4584,26.42,26.45,4700,2021-09-07 18:57:00,DADA
26.43,26.47,26.41,26.42,5419,2021-09-07 18:58:00,DADA
26.42,26.44,26.415,26.415,1200,2021-09-07 18:59:00,DADA
26.415,26.42,26.39,26.415,600,2021-09-07 19:00:00,DADA
26.415,26.42,26.38,26.395,1890,2021-09-07 19:01:00,DADA
26.37,26.39,26.33,26.355,4026,2021-09-07 19:02:00,DADA
26.355,26.355,26.27,26.271,3000,2021-09-07 19:03:00,DADA
26.27,26.27,26.2,26.22,1514,2021-09-07 19:04:00,DADA
26.2,26.2,26.09,26.09,1400,2021-09-07 19:05:00,DADA
26.12,26.12,26.1,26.1,200,2021-09-07 19:06:00,DADA
26.125,26.15,26.125,26.15,1338,2021-09-07 19:07:00,DADA
26.155,26.18,26.15,26.15,2570,2021-09-07 19:08:00,DADA
26.175,26.1999,26.175,26.175,1400,2021-09-07 19:09:00,DADA
26.175,26.23,26.175,26.21,2500,2021-09-07 19:10:00,DADA
26.21,26.21,26.21,26.21,200,2021-09-07 19:11:00,DADA
26.19,26.21,26.19,26.19,600,2021-09-07 19:12:00,DADA
26.19,26.19,26.17,26.175,1407,2021-09-07 19:13:00,DADA
26.175,26.175,26.16,26.16,567,2021-09-07 19:14:00,DADA
26.145,26.1499,26.13,26.13,2800,2021-09-07 19:15:00,DADA
26.146,26.2066,26.146,26.195,1525,2021-09-07 19:16:00,DADA
26.195,26.31,26.17,26.25,6382,2021-09-07 19:17:00,DADA
26.2499,26.25,26.2375,26.24,1200,2021-09-07 19:18:00,DADA
26.225,26.235,26.225,26.235,300,2021-09-07 19:19:00,DADA
26.225,26.225,26.2,26.2,600,2021-09-07 19:20:00,DADA
26.2,26.22,26.192,26.205,2200,2021-09-07 19:21:00,DADA
26.19,26.19,26.16,26.17,1200,2021-09-07 19:22:00,DADA
26.2,26.2199,26.2,26.2199,510,2021-09-07 19:23:00,DADA
26.18,26.18,26.18,26.18,300,2021-09-07 19:24:00,DADA
26.21,26.24,26.2,26.2,1100,2021-09-07 19:25:00,DADA
26.205,26.205,26.185,26.185,200,2021-09-07 19:26:00,DADA
26.17,26.17,26.17,26.17,100,2021-09-07 19:27:00,DADA
26.19,26.21,26.17,26.2,800,2021-09-07 19:28:00,DADA
26.185,26.1997,26.17,26.185,2024,2021-09-07 19:29:00,DADA
26.185,26.185,26.17,26.17,600,2021-09-07 19:30:00,DADA
26.17,26.17,26.17,26.17,200,2021-09-07 19:31:00,DADA
26.16,26.16,26.14,26.15,1854,2021-09-07 19:32:00,DADA
26.15,26.21,26.15,26.15,6473,2021-09-07 19:33:00,DADA
26.19,26.21,26.1691,26.21,1200,2021-09-07 19:34:00,DADA
26.19,26.22,26.18,26.2,2166,2021-09-07 19:35:00,DADA
26.18,26.2,26.18,26.195,1428,2021-09-07 19:36:00,DADA
26.195,26.23,26.195,26.22,3000,2021-09-07 19:37:00,DADA
26.22,26.22,26.17,26.17,2287,2021-09-07 19:38:00,DADA
26.16,26.1828,26.16,26.16,1400,2021-09-07 19:39:00,DADA
26.16,26.16,26.11,26.13,4553,2021-09-07 19:40:00,DADA
26.13,26.13,26.07,26.07,1100,2021-09-07 19:41:00,DADA
26.08,26.1217,26.08,26.115,4379,2021-09-07 19:42:00,DADA
26.115,26.115,26.06,26.06,1500,2021-09-07 19:43:00,DADA
26.03,26.06,26.0,26.03,1400,2021-09-07 19:44:00,DADA
26.06,26.08,26.05,26.06,4052,2021-09-07 19:45:00,DADA
26.06,26.09,26.045,26.09,5244,2021-09-07 19:46:00,DADA
26.08,26.115,26.07,26.115,2110,2021-09-07 19:47:00,DADA
26.115,26.14,26.11,26.11,2600,2021-09-07 19:48:00,DADA
26.12,26.16,26.12,26.145,3915,2021-09-07 19:49:00,DADA
26.16,26.29,26.16,26.23,9398,2021-09-07 19:50:00,DADA
26.2,26.23,26.1714,26.23,4151,2021-09-07 19:51:00,DADA
26.22,26.26,26.21,26.2591,4250,2021-09-07 19:52:00,DADA
26.235,26.35,26.235,26.33,19126,2021-09-07 19:53:00,DADA
26.275,26.32,26.23,26.275,4030,2021-09-07 19:54:00,DADA
26.3,26.42,26.3,26.395,14806,2021-09-07 19:55:00,DADA
26.42,26.42,26.29,26.29,14956,2021-09-07 19:56:00,DADA
26.27,26.42,26.27,26.42,8201,2021-09-07 19:57:00,DADA
26.42,26.42,26.27,26.32,18065,2021-09-07 19:58:00,DADA
26.3,26.41,26.29,26.36,16302,2021-09-07 19:59:00,DADA
26.41,26.41,26.41,26.41,42804,2021-09-07 20:00:00,DADA
26.79,26.8,26.79,26.8,500,2021-09-07 20:02:00,DADA
26.55,26.55,26.5,26.5,300,2021-09-07 20:04:00,DADA
26.7,27.0,26.7,26.75,2823,2021-09-07 20:07:00,DADA
26.7,26.75,26.7,26.75,898,2021-09-07 20:13:00,DADA
26.9,26.9,26.9,26.9,360,2021-09-07 20:19:00,DADA
26.92,26.92,26.92,26.92,176,2021-09-07 20:23:00,DADA
26.92,26.95,26.92,26.95,1068,2021-09-07 20:28:00,DADA
26.8,26.8,26.8,26.8,185,2021-09-07 20:29:00,DADA
26.8,26.8,26.8,26.8,153,2021-09-07 20:30:00,DADA
26.41,26.41,26.41,26.41,4760,2021-09-07 20:35:00,DADA
27.0,27.0,27.0,27.0,1199,2021-09-07 20:45:00,DADA
27.0,27.0,27.0,27.0,1000,2021-09-07 20:54:00,DADA
27.0,27.0,27.0,27.0,250,2021-09-07 20:58:00,DADA
26.5,26.5,26.5,26.5,100,2021-09-07 20:59:00,DADA
26.1001,26.1001,26.1001,26.1001,400,2021-09-07 21:01:00,DADA
27.0,27.0,27.0,27.0,150,2021-09-07 21:09:00,DADA
26.55,26.55,26.55,26.55,3500,2021-09-07 21:21:00,DADA
26.11,26.11,26.11,26.11,1480,2021-09-07 21:23:00,DADA
26.15,26.15,26.15,26.15,110,2021-09-07 21:26:00,DADA
26.4,26.4,26.4,26.4,1499,2021-09-07 21:50:00,DADA
26.4,26.4,26.15,26.15,1281,2021-09-07 21:58:00,DADA
26.0,26.0,26.0,26.0,220,2021-09-07 21:59:00,DADA
26.0,26.0,26.0,26.0,100,2021-09-07 22:00:00,DADA
26.0,26.0,26.0,26.0,100,2021-09-07 22:21:00,DADA
25.71,25.71,25.71,25.71,100,2021-09-07 22:24:00,DADA
25.64,25.64,25.64,25.64,120,2021-09-07 22:25:00,DADA
25.59,25.59,25.59,25.59,100,2021-09-07 22:27:00,DADA
25.61,25.61,25.6,25.6,725,2021-09-07 22:39:00,DADA
25.59,25.59,25.59,25.59,100,2021-09-07 22:43:00,DADA
25.58,25.58,25.58,25.58,100,2021-09-07 22:58:00,DADA
25.58,25.58,25.58,25.58,200,2021-09-07 22:59:00,DADA
25.5,25.5,25.5,25.5,200,2021-09-07 23:00:00,DADA
25.5,25.5,25.5,25.5,160,2021-09-07 23:02:00,DADA
25.22,25.22,25.2,25.2,500,2021-09-07 23:16:00,DADA
25.2,25.2,25.2,25.2,250,2021-09-07 23:17:00,DADA
25.0,25.0,24.87,24.87,200,2021-09-07 23:18:00,DADA
24.5,24.57,24.5,24.57,1034,2021-09-07 23:19:00,DADA
24.5,24.5,24.5,24.5,100,2021-09-07 23:21:00,DADA
25.28,25.28,25.28,25.28,354,2021-09-07 23:24:00,DADA
24.5,24.5,24.5,24.5,100,2021-09-07 23:31:00,DADA
24.5,24.5,24.5,24.5,100,2021-09-07 23:32:00,DADA
24.54,24.54,24.5,24.5,232,2021-09-07 23:35:00,DADA
24.42,24.42,24.42,24.42,1000,2021-09-07 23:37:00,DADA
24.08,24.08,24.04,24.04,425,2021-09-07 23:39:00,DADA
25.17,25.17,25.17,25.17,200,2021-09-07 23:59:00,DADA
24.73,24.73,24.5,24.5,300,2021-09-08 11:00:00,DADA
24.87,25.0,24.87,25.0,885,2021-09-08 11:09:00,DADA
25.13,25.95,25.13,25.95,23180,2021-09-08 11:18:00,DADA
25.85,25.85,25.85,25.85,100,2021-09-08 11:32:00,DADA
25.47,25.47,25.47,25.47,200,2021-09-08 12:09:00,DADA
25.47,25.64,25.47,25.64,1635,2021-09-08 12:10:00,DADA
25.06,25.06,25.06,25.06,100,2021-09-08 12:14:00,DADA
25.11,25.11,25.11,25.11,295,2021-09-08 12:22:00,DADA
25.08,25.08,25.08,25.08,100,2021-09-08 12:53:00,DADA
25.05,25.05,25.05,25.05,210,2021-09-08 12:55:00,DADA
25.2567,25.2567,25.05,25.05,1388,2021-09-08 13:24:00,DADA
24.9,24.9,24.89,24.9,714,2021-09-08 13:25:00,DADA
24.89,24.89,24.89,24.89,290,2021-09-08 13:26:00,DADA
24.7,24.7,24.55,24.6,11054,2021-09-08 13:27:00,DADA
24.6,24.67,24.6,24.67,8934,2021-09-08 13:28:00,DADA
24.62,24.68,24.61,24.67,500,2021-09-08 13:29:00,DADA
24.6,25.6,23.62,25.21,76806,2021-09-08 13:30:00,DADA
25.0128,25.48,24.8663,25.41,1600,2021-09-08 13:31:00,DADA
25.39,25.39,25.39,25.39,820,2021-09-08 13:32:00,DADA
25.32,26.05,25.32,25.99,39269,2021-09-08 13:33:00,DADA
25.4248,25.76,25.31,25.37,3540,2021-09-08 13:34:00,DADA
25.33,25.37,25.061,25.061,2383,2021-09-08 13:35:00,DADA
25.0512,25.15,24.91,24.95,8818,2021-09-08 13:36:00,DADA
24.99,25.0596,24.6435,24.81,15979,2021-09-08 13:37:00,DADA
24.73,24.765,24.66,24.765,3611,2021-09-08 13:38:00,DADA
24.66,24.66,24.2401,24.4639,5900,2021-09-08 13:39:00,DADA
24.42,24.6,24.08,24.13,14027,2021-09-08 13:40:00,DADA
24.24,24.24,24.07,24.185,15604,2021-09-08 13:41:00,DADA
24.22,24.23,24.09,24.1,4488,2021-09-08 13:42:00,DADA
24.09,24.105,23.98,24.09,14365,2021-09-08 13:43:00,DADA
24.03,24.03,23.87,23.87,3475,2021-09-08 13:44:00,DADA
23.86,24.0,23.81,23.96,3973,2021-09-08 13:45:00,DADA
23.97,24.02,23.91,24.02,5369,2021-09-08 13:46:00,DADA
24.12,24.3,24.1,24.26,2318,2021-09-08 13:47:00,DADA
24.155,24.37,24.06,24.37,11375,2021-09-08 13:48:00,DADA
24.35,24.4,24.31,24.31,3078,2021-09-08 13:49:00,DADA
24.3425,24.72,24.3425,24.65,15979,2021-09-08 13:50:00,DADA
24.65,24.76,24.42,24.44,9206,2021-09-08 13:51:00,DADA
24.47,24.68,24.4,24.62,8640,2021-09-08 13:52:00,DADA
24.62,24.69,24.565,24.69,2186,2021-09-08 13:53:00,DADA
24.65,24.98,24.65,24.84,3492,2021-09-08 13:54:00,DADA
24.855,24.86,24.7828,24.86,802,2021-09-08 13:55:00,DADA
24.86,24.9,24.73,24.79,5538,2021-09-08 13:56:00,DADA
24.73,24.815,24.73,24.815,12372,2021-09-08 13:57:00,DADA
24.84,25.0,24.83,25.0,7647,2021-09-08 13:58:00,DADA
25.09,25.09,24.92,24.9201,4235,2021-09-08 13:59:00,DADA
24.92,24.94,24.88,24.88,4850,2021-09-08 14:00:00,DADA
24.905,25.28,24.905,25.14,9450,2021-09-08 14:01:00,DADA
25.14,25.2599,25.0,25.0,3338,2021-09-08 14:02:00,DADA
25.05,25.05,24.95,24.95,982,2021-09-08 14:03:00,DADA
24.95,24.9602,24.93,24.9301,870,2021-09-08 14:04:00,DADA
24.93,24.93,24.8301,24.875,4330,2021-09-08 14:05:00,DADA
24.88,24.88,24.8301,24.8301,550,2021-09-08 14:06:00,DADA
24.875,24.875,24.68,24.74,2119,2021-09-08 14:07:00,DADA
24.6,24.62,24.48,24.61,1800,2021-09-08 14:08:00,DADA
24.62,24.68,24.62,24.68,914,2021-09-08 14:09:00,DADA
24.7077,24.77,24.7,24.77,400,2021-09-08 14:11:00,DADA
24.72,24.79,24.69,24.79,2000,2021-09-08 14:12:00,DADA
24.79,24.86,24.79,24.82,1739,2021-09-08 14:13:00,DADA
24.835,24.835,24.835,24.835,200,2021-09-08 14:15:00,DADA
24.9,25.05,24.9,25.0301,1326,2021-09-08 14:16:00,DADA
25.03,25.03,24.91,24.91,3856,2021-09-08 14:17:00,DADA
24.885,24.92,24.86,24.86,3655,2021-09-08 14:18:00,DADA
24.92,24.96,24.92,24.945,1785,2021-09-08 14:19:00,DADA
24.945,25.1,24.945,25.02,4240,2021-09-08 14:20:00,DADA
25.015,25.015,25.015,25.015,100,2021-09-08 14:21:00,DADA
25.02,25.0899,25.02,25.02,1900,2021-09-08 14:22:00,DADA
25.0163,25.02,25.0163,25.02,516,2021-09-08 14:23:00,DADA
24.96,24.995,24.96,24.995,510,2021-09-08 14:24:00,DADA
24.96,25.04,24.96,25.02,1100,2021-09-08 14:25:00,DADA
25.03,25.03,24.94,24.94,3318,2021-09-08 14:26:00,DADA
24.94,24.94,24.87,24.91,1468,2021-09-08 14:27:00,DADA
24.84,24.84,24.8301,24.836,1456,2021-09-08 14:28:00,DADA
24.83,24.84,24.64,24.68,3270,2021-09-08 14:29:00,DADA
24.68,24.69,24.63,24.63,7631,2021-09-08 14:30:00,DADA
24.6,24.62,24.48,24.55,4300,2021-09-08 14:31:00,DADA
24.515,24.515,24.39,24.4,3320,2021-09-08 14:32:00,DADA
24.36,24.36,24.22,24.22,3101,2021-09-08 14:33:00,DADA
24.29,24.35,24.17,24.35,19754,2021-09-08 14:34:00,DADA
24.34,24.34,24.23,24.23,1000,2021-09-08 14:35:00,DADA
24.29,24.3499,24.26,24.3499,2105,2021-09-08 14:36:00,DADA
24.26,24.29,24.25,24.25,1052,2021-09-08 14:37:00,DADA
24.27,24.33,24.27,24.3,4892,2021-09-08 14:38:00,DADA
24.29,24.29,23.96,24.02,46103,2021-09-08 14:39:00,DADA
24.09,24.11,24.01,24.0484,4042,2021-09-08 14:40:00,DADA
24.1123,24.1123,23.88,23.94,4891,2021-09-08 14:41:00,DADA
23.94,23.94,23.88,23.91,3790,2021-09-08 14:42:00,DADA
23.915,24.01,23.915,24.01,2300,2021-09-08 14:43:00,DADA
23.99,23.99,23.87,23.87,2562,2021-09-08 14:44:00,DADA
23.88,23.905,23.87,23.87,5462,2021-09-08 14:45:00,DADA
23.905,24.02,23.905,24.02,835,2021-09-08 14:46:00,DADA
23.9576,24.08,23.9576,24.01,4470,2021-09-08 14:47:00,DADA
24.015,24.015,24.015,24.015,100,2021-09-08 14:48:00,DADA
23.9601,24.01,23.9601,24.01,469,2021-09-08 14:49:00,DADA
24.03,24.075,24.0147,24.0147,500,2021-09-08 14:50:00,DADA
24.07,24.1573,24.07,24.11,4945,2021-09-08 14:51:00,DADA
24.11,24.11,24.07,24.07,1000,2021-09-08 14:52:00,DADA
24.08,24.08,24.01,24.01,400,2021-09-08 14:53:00,DADA
24.02,24.05,24.02,24.05,1238,2021-09-08 14:54:00,DADA
24.06,24.1,24.0524,24.1,2593,2021-09-08 14:55:00,DADA
24.1,24.165,24.09,24.165,2990,2021-09-08 14:56:00,DADA
24.11,24.33,24.11,24.32,3132,2021-09-08 14:57:00,DADA
24.3,24.31,24.29,24.31,2539,2021-09-08 14:58:00,DADA
24.3399,24.4,24.3399,24.3501,4546,2021-09-08 14:59:00,DADA
24.4,24.47,24.4,24.47,2500,2021-09-08 15:00:00,DADA
24.47,24.51,24.45,24.5,933,2021-09-08 15:01:00,DADA
24.51,24.51,24.5,24.51,1071,2021-09-08 15:02:00,DADA
24.54,24.56,24.54,24.56,424,2021-09-08 15:03:00,DADA
24.61,24.61,24.57,24.57,500,2021-09-08 15:04:00,DADA
24.5601,24.61,24.56,24.56,3342,2021-09-08 15:05:00,DADA
24.55,24.56,24.55,24.56,1000,2021-09-08 15:06:00,DADA
24.56,24.59,24.56,24.59,500,2021-09-08 15:07:00,DADA
24.59,24.64,24.59,24.64,513,2021-09-08 15:08:00,DADA
24.65,24.65,24.6,24.6,1222,2021-09-08 15:09:00,DADA
24.62,24.62,24.6,24.6001,842,2021-09-08 15:10:00,DADA
24.6,24.6,24.6,24.6,200,2021-09-08 15:11:00,DADA
24.59,24.59,24.59,24.59,372,2021-09-08 15:12:00,DADA
24.6,24.6,24.6,24.6,600,2021-09-08 15:13:00,DADA
24.63,24.735,24.63,24.735,4082,2021-09-08 15:14:00,DADA
24.75,24.79,24.71,24.71,691,2021-09-08 15:15:00,DADA
24.8,24.8,24.79,24.79,1588,2021-09-08 15:17:00,DADA
24.73,24.77,24.73,24.75,950,2021-09-08 15:18:00,DADA
24.74,24.74,24.74,24.74,400,2021-09-08 15:19:00,DADA
24.73,24.73,24.72,24.72,1015,2021-09-08 15:20:00,DADA
24.73,24.74,24.73,24.74,865,2021-09-08 15:21:00,DADA
24.75,24.77,24.74,24.77,600,2021-09-08 15:22:00,DADA
24.76,24.77,24.75,24.75,500,2021-09-08 15:23:00,DADA
24.75,24.75,24.75,24.75,100,2021-09-08 15:24:00,DADA
24.77,24.8,24.73,24.73,3480,2021-09-08 15:26:00,DADA
24.72,24.725,24.63,24.66,2676,2021-09-08 15:27:00,DADA
24.66,24.66,24.55,24.55,700,2021-09-08 15:28:00,DADA
24.54,24.555,24.54,24.555,200,2021-09-08 15:30:00,DADA
24.58,24.61,24.57,24.57,1000,2021-09-08 15:31:00,DADA
24.57,24.57,24.57,24.57,246,2021-09-08 15:32:00,DADA
24.535,24.535,24.535,24.535,207,2021-09-08 15:33:00,DADA
24.57,24.62,24.56,24.62,1161,2021-09-08 15:34:00,DADA
24.6001,24.6001,24.6001,24.6001,100,2021-09-08 15:37:00,DADA
24.67,24.74,24.66,24.73,817,2021-09-08 15:38:00,DADA
24.73,24.73,24.73,24.73,100,2021-09-08 15:39:00,DADA
24.725,24.725,24.725,24.725,300,2021-09-08 15:40:00,DADA
24.76,24.79,24.76,24.79,688,2021-09-08 15:41:00,DADA
24.78,24.83,24.775,24.83,1200,2021-09-08 15:42:00,DADA
24.81,24.94,24.81,24.91,3046,2021-09-08 15:43:00,DADA
24.925,24.925,24.92,24.92,300,2021-09-08 15:44:00,DADA
24.9,24.91,24.9,24.91,500,2021-09-08 15:45:00,DADA
24.91,24.96,24.91,24.9501,1500,2021-09-08 15:46:00,DADA
24.95,24.95,24.95,24.95,565,2021-09-08 15:47:00,DADA
24.965,24.98,24.95,24.98,1302,2021-09-08 15:48:00,DADA
25.0,25.05,25.0,25.05,2871,2021-09-08 15:49:00,DADA
25.09,25.09,25.055,25.055,200,2021-09-08 15:50:00,DADA
25.02,25.03,24.97,25.01,4571,2021-09-08 15:51:00,DADA
25.03,25.03,24.98,24.98,383,2021-09-08 15:52:00,DADA
24.99,24.99,24.99,24.99,100,2021-09-08 15:53:00,DADA
24.99,24.99,24.98,24.98,1100,2021-09-08 15:54:00,DADA
24.98,24.98,24.96,24.97,1972,2021-09-08 15:55:00,DADA
24.97,24.98,24.95,24.95,1671,2021-09-08 15:56:00,DADA
24.95,24.97,24.93,24.93,1163,2021-09-08 15:57:00,DADA
24.93,24.93,24.89,24.89,950,2021-09-08 15:58:00,DADA
24.86,24.885,24.86,24.885,1171,2021-09-08 15:59:00,DADA
24.87,24.87,24.72,24.75,3354,2021-09-08 16:00:00,DADA
24.66,24.66,24.6,24.6,400,2021-09-08 16:01:00,DADA
24.6551,24.6551,24.53,24.53,783,2021-09-08 16:02:00,DADA
24.53,24.65,24.53,24.63,1400,2021-09-08 16:03:00,DADA
24.7,24.7,24.7,24.7,100,2021-09-08 16:04:00,DADA
24.65,24.65,24.65,24.65,100,2021-09-08 16:05:00,DADA
24.67,24.67,24.66,24.66,1097,2021-09-08 16:06:00,DADA
24.66,24.7,24.66,24.68,995,2021-09-08 16:07:00,DADA
24.695,24.695,24.695,24.695,100,2021-09-08 16:08:00,DADA
24.75,24.75,24.75,24.75,100,2021-09-08 16:11:00,DADA
24.725,24.725,24.725,24.725,200,2021-09-08 16:12:00,DADA
24.7,24.7,24.7,24.7,300,2021-09-08 16:13:00,DADA
24.759,24.759,24.69,24.69,690,2021-09-08 16:14:00,DADA
24.7,24.7,24.7,24.7,100,2021-09-08 16:15:00,DADA
24.72,24.79,24.72,24.765,1444,2021-09-08 16:16:00,DADA
24.8,24.8,24.75,24.75,300,2021-09-08 16:17:00,DADA
24.8,24.8,24.8,24.8,200,2021-09-08 16:18:00,DADA
24.8,24.8,24.79,24.79,300,2021-09-08 16:19:00,DADA
24.79,24.85,24.79,24.83,1365,2021-09-08 16:20:00,DADA
24.85,24.85,24.85,24.85,100,2021-09-08 16:21:00,DADA
24.81,24.82,24.81,24.82,940,2021-09-08 16:22:00,DADA
24.81,24.83,24.81,24.83,300,2021-09-08 16:23:00,DADA
24.83,24.85,24.83,24.84,954,2021-09-08 16:24:00,DADA
24.855,24.87,24.855,24.87,350,2021-09-08 16:25:00,DADA
24.87,24.935,24.87,24.935,1253,2021-09-08 16:27:00,DADA
24.95,24.98,24.94,24.94,800,2021-09-08 16:28:00,DADA
24.96,24.96,24.96,24.96,200,2021-09-08 16:29:00,DADA
24.96,25.0,24.96,25.0,2098,2021-09-08 16:30:00,DADA
25.0,25.0,25.0,25.0,100,2021-09-08 16:31:00,DADA
25.0,25.0,25.0,25.0,601,2021-09-08 16:32:00,DADA
25.03,25.04,25.03,25.04,529,2021-09-08 16:34:00,DADA
25.05,25.0501,25.04,25.04,303,2021-09-08 16:36:00,DADA
25.02,25.08,24.97,25.03,19687,2021-09-08 16:43:00,DADA
24.995,25.03,24.995,25.03,700,2021-09-08 16:44:00,DADA
25.0,25.0,24.99,24.99,200,2021-09-08 16:46:00,DADA
24.96,24.98,24.96,24.98,500,2021-09-08 16:47:00,DADA
24.98,24.995,24.98,24.995,200,2021-09-08 16:48:00,DADA
24.97,24.97,24.97,24.97,100,2021-09-08 16:49:00,DADA
24.98,24.98,24.96,24.96,1596,2021-09-08 16:50:00,DADA
24.95,24.98,24.95,24.97,800,2021-09-08 16:54:00,DADA
24.98,24.98,24.975,24.975,400,2021-09-08 16:55:00,DADA
24.93,24.93,24.93,24.93,100,2021-09-08 16:56:00,DADA
24.931,24.97,24.931,24.96,1065,2021-09-08 16:57:00,DADA
25.0,25.1,25.0,25.03,5301,2021-09-08 16:58:00,DADA
25.08,25.17,25.08,25.1001,1550,2021-09-08 16:59:00,DADA
25.1171,25.1171,25.1171,25.1171,100,2021-09-08 17:00:00,DADA
25.19,25.23,25.19,25.23,2635,2021-09-08 17:01:00,DADA
25.26,25.2994,25.26,25.2994,606,2021-09-08 17:03:00,DADA
25.3,25.3,25.3,25.3,100,2021-09-08 17:04:00,DADA
25.3,25.3,25.29,25.29,838,2021-09-08 17:05:00,DADA
25.3,25.305,25.3,25.305,313,2021-09-08 17:06:00,DADA
25.34,25.34,25.33,25.33,204,2021-09-08 17:07:00,DADA
25.33,25.33,25.325,25.325,300,2021-09-08 17:08:00,DADA
25.325,25.325,25.325,25.325,100,2021-09-08 17:09:00,DADA
25.3001,25.34,25.3001,25.325,360,2021-09-08 17:10:00,DADA
25.33,25.33,25.28,25.29,1873,2021-09-08 17:13:00,DADA
25.29,25.29,25.29,25.29,300,2021-09-08 17:14:00,DADA
25.32,25.32,25.32,25.32,100,2021-09-08 17:15:00,DADA
25.32,25.32,25.27,25.32,900,2021-09-08 17:17:00,DADA
25.32,25.32,25.32,25.32,200,2021-09-08 17:18:00,DADA
25.31,25.31,25.31,25.31,100,2021-09-08 17:20:00,DADA
25.31,25.31,25.27,25.27,400,2021-09-08 17:21:00,DADA
25.27,25.27,25.2406,25.2406,858,2021-09-08 17:22:00,DADA
25.25,25.25,25.24,25.25,1000,2021-09-08 17:23:00,DADA
25.24,25.27,25.24,25.27,1270,2021-09-08 17:24:00,DADA
25.28,25.28,25.27,25.27,300,2021-09-08 17:25:00,DADA
25.265,25.27,25.265,25.27,200,2021-09-08 17:26:00,DADA
25.28,25.285,25.28,25.285,500,2021-09-08 17:27:00,DADA
25.29,25.3,25.27,25.2801,700,2021-09-08 17:28:00,DADA
25.27,25.27,25.27,25.27,200,2021-09-08 17:30:00,DADA
25.23,25.23,25.22,25.22,262,2021-09-08 17:31:00,DADA
25.22,25.22,25.22,25.22,100,2021-09-08 17:35:00,DADA
25.2,25.2,25.18,25.18,800,2021-09-08 17:36:00,DADA
25.15,25.16,25.15,25.15,400,2021-09-08 17:37:00,DADA
25.2,25.21,25.17,25.17,300,2021-09-08 17:38:00,DADA
25.195,25.195,25.195,25.195,100,2021-09-08 17:39:00,DADA
25.18,25.22,25.18,25.22,200,2021-09-08 17:42:00,DADA
25.22,25.23,25.22,25.23,200,2021-09-08 17:43:00,DADA
25.19,25.21,25.19,25.2,755,2021-09-08 17:46:00,DADA
25.2,25.2,25.17,25.17,371,2021-09-08 17:48:00,DADA
25.16,25.16,25.15,25.15,300,2021-09-08 17:49:00,DADA
25.15,25.15,25.14,25.14,200,2021-09-08 17:50:00,DADA
25.15,25.1601,25.14,25.14,500,2021-09-08 17:53:00,DADA
25.15,25.15,25.15,25.15,100,2021-09-08 17:54:00,DADA
25.12,25.13,25.12,25.13,400,2021-09-08 17:57:00,DADA
25.17,25.17,25.17,25.17,100,2021-09-08 17:58:00,DADA
25.17,25.17,25.17,25.17,300,2021-09-08 18:00:00,DADA
25.145,25.195,25.145,25.195,1400,2021-09-08 18:01:00,DADA
25.22,25.235,25.13,25.13,805,2021-09-08 18:02:00,DADA
25.15,25.16,25.15,25.16,200,2021-09-08 18:03:00,DADA
25.12,25.12,25.12,25.12,200,2021-09-08 18:06:00,DADA
25.1,25.1,25.1,25.1,200,2021-09-08 18:07:00,DADA
25.12,25.15,25.12,25.15,700,2021-09-08 18:08:00,DADA
25.115,25.14,25.11,25.11,406,2021-09-08 18:09:00,DADA
25.1,25.1,25.0802,25.09,300,2021-09-08 18:10:00,DADA
25.1,25.13,25.1,25.13,717,2021-09-08 18:11:00,DADA
25.11,25.11,25.08,25.0901,877,2021-09-08 18:15:00,DADA
25.09,25.09,25.09,25.09,100,2021-09-08 18:16:00,DADA
25.07,25.07,25.07,25.07,100,2021-09-08 18:17:00,DADA
25.09,25.09,25.0725,25.0725,500,2021-09-08 18:19:00,DADA
25.06,25.07,25.05,25.07,500,2021-09-08 18:20:00,DADA
25.02,25.02,25.01,25.01,400,2021-09-08 18:21:00,DADA
25.0,25.0001,25.0,25.0001,900,2021-09-08 18:22:00,DADA
25.0,25.0,24.99,24.9901,1100,2021-09-08 18:24:00,DADA
24.99,25.01,24.99,24.99,1000,2021-09-08 18:25:00,DADA
25.0,25.01,25.0,25.0098,900,2021-09-08 18:26:00,DADA
25.02,25.02,25.0,25.01,543,2021-09-08 18:29:00,DADA
25.02,25.07,25.02,25.07,1300,2021-09-08 18:30:00,DADA
25.0601,25.0601,25.0601,25.0601,100,2021-09-08 18:31:00,DADA
25.05,25.05,25.05,25.05,170,2021-09-08 18:32:00,DADA
25.045,25.045,25.045,25.045,135,2021-09-08 18:34:00,DADA
25.02,25.02,25.02,25.02,350,2021-09-08 18:35:00,DADA
25.045,25.045,25.045,25.045,142,2021-09-08 18:36:00,DADA
25.02,25.02,25.01,25.01,600,2021-09-08 18:37:00,DADA
25.05,25.09,25.05,25.09,1200,2021-09-08 18:39:00,DADA
25.04,25.04,25.04,25.04,354,2021-09-08 18:40:00,DADA
25.06,25.09,25.06,25.09,600,2021-09-08 18:41:00,DADA
25.04,25.08,25.04,25.06,700,2021-09-08 18:44:00,DADA
25.03,25.03,25.01,25.01,500,2021-09-08 18:47:00,DADA
25.05,25.08,25.03,25.08,1600,2021-09-08 18:49:00,DADA
25.05,25.05,25.05,25.05,271,2021-09-08 18:50:00,DADA
25.04,25.04,25.03,25.03,774,2021-09-08 18:51:00,DADA
25.05,25.07,25.05,25.07,400,2021-09-08 18:53:00,DADA
25.04,25.04,25.04,25.04,100,2021-09-08 18:54:00,DADA
25.065,25.065,25.065,25.065,100,2021-09-08 18:55:00,DADA
25.0401,25.08,25.0401,25.08,950,2021-09-08 18:59:00,DADA
25.04,25.09,25.03,25.09,1300,2021-09-08 19:00:00,DADA
25.05,25.05,25.05,25.05,100,2021-09-08 19:01:00,DADA
25.07,25.09,25.07,25.09,300,2021-09-08 19:02:00,DADA
25.0501,25.0501,25.0501,25.0501,120,2021-09-08 19:03:00,DADA
25.09,25.1152,25.09,25.1152,496,2021-09-08 19:04:00,DADA
25.1,25.1,25.08,25.08,200,2021-09-08 19:05:00,DADA
25.07,25.07,25.07,25.07,262,2021-09-08 19:06:00,DADA
25.085,25.13,25.085,25.13,832,2021-09-08 19:08:00,DADA
25.19,25.19,25.16,25.1801,1547,2021-09-08 19:10:00,DADA
25.18,25.18,25.165,25.165,300,2021-09-08 19:11:00,DADA
25.165,25.165,25.165,25.165,100,2021-09-08 19:13:00,DADA
25.165,25.165,25.165,25.165,500,2021-09-08 19:14:00,DADA
25.175,25.24,25.175,25.2399,2233,2021-09-08 19:15:00,DADA
25.225,25.24,25.225,25.24,900,2021-09-08 19:16:00,DADA
25.24,25.2401,25.23,25.23,800,2021-09-08 19:18:00,DADA
25.2101,25.2125,25.2101,25.2125,400,2021-09-08 19:19:00,DADA
25.22,25.23,25.16,25.16,1777,2021-09-08 19:20:00,DADA
25.155,25.155,25.15,25.15,1123,2021-09-08 19:21:00,DADA
25.16,25.16,25.16,25.16,1709,2021-09-08 19:22:00,DADA
25.13,25.13,25.1101,25.1101,245,2021-09-08 19:23:00,DADA
25.1101,25.15,25.1101,25.14,800,2021-09-08 19:24:00,DADA
25.16,25.16,25.13,25.13,500,2021-09-08 19:26:00,DADA
25.131,25.131,25.125,25.125,242,2021-09-08 19:27:00,DADA
25.14,25.14,25.135,25.135,1200,2021-09-08 19:28:00,DADA
25.16,25.16,25.16,25.16,200,2021-09-08 19:29:00,DADA
25.145,25.16,25.13,25.16,494,2021-09-08 19:30:00,DADA
25.13,25.145,25.13,25.145,200,2021-09-08 19:31:00,DADA
25.1,25.1,25.1,25.1,100,2021-09-08 19:33:00,DADA
25.1,25.1,25.09,25.1,600,2021-09-08 19:34:00,DADA
25.105,25.11,25.1,25.11,700,2021-09-08 19:35:00,DADA
25.12,25.125,25.1124,25.1124,1258,2021-09-08 19:36:00,DADA
25.1333,25.1333,25.1333,25.1333,150,2021-09-08 19:37:00,DADA
25.125,25.125,25.119,25.119,400,2021-09-08 19:38:00,DADA
25.11,25.11,25.05,25.075,900,2021-09-08 19:39:00,DADA
25.075,25.1,25.075,25.1,300,2021-09-08 19:40:00,DADA
25.075,25.075,25.075,25.075,295,2021-09-08 19:41:00,DADA
25.07,25.085,25.07,25.085,1237,2021-09-08 19:43:00,DADA
25.1,25.1,25.085,25.085,700,2021-09-08 19:44:00,DADA
25.08,25.085,25.07,25.07,631,2021-09-08 19:45:00,DADA
25.08,25.09,25.07,25.07,1300,2021-09-08 19:46:00,DADA
25.075,25.075,25.075,25.075,108,2021-09-08 19:47:00,DADA
25.07,25.07,25.07,25.07,1039,2021-09-08 19:48:00,DADA
25.065,25.065,25.03,25.04,2828,2021-09-08 19:49:00,DADA
25.05,25.135,25.05,25.12,3982,2021-09-08 19:50:00,DADA
25.125,25.14,25.125,25.125,444,2021-09-08 19:51:00,DADA
25.14,25.17,25.14,25.16,1833,2021-09-08 19:52:00,DADA
25.16,25.18,25.16,25.17,3614,2021-09-08 19:53:00,DADA
25.17,25.17,25.13,25.159,1860,2021-09-08 19:54:00,DADA
25.15,25.16,25.14,25.14,3674,2021-09-08 19:55:00,DADA
25.15,25.15,25.08,25.08,6068,2021-09-08 19:56:00,DADA
25.09,25.11,25.08,25.11,5324,2021-09-08 19:57:00,DADA
25.1,25.13,25.0816,25.13,6099,2021-09-08 19:58:00,DADA
25.13,25.19,25.05,25.12,9745,2021-09-08 19:59:00,DADA
25.18,25.18,25.18,25.18,78065,2021-09-08 20:00:00,DADA
24.75,24.75,24.75,24.75,120,2021-09-08 20:05:00,DADA
25.1,25.1,25.1,25.1,100,2021-09-08 20:29:00,DADA
25.28,25.28,25.05,25.05,350,2021-09-08 20:31:00,DADA
25.26,25.26,25.26,25.26,320,2021-09-08 20:36:00,DADA
25.18,25.18,25.18,25.18,5653,2021-09-08 20:38:00,DADA
25.26,25.26,25.26,25.26,100,2021-09-08 20:43:00,DADA
24.01,24.01,23.92,23.92,831,2021-09-09 10:57:00,DADA
23.73,23.73,23.73,23.73,100,2021-09-09 11:02:00,DADA
24.58,24.58,23.66,23.66,417,2021-09-09 11:03:00,DADA
23.66,23.66,23.66,23.66,200,2021-09-09 11:12:00,DADA
24.48,24.48,24.48,24.48,200,2021-09-09 11:18:00,DADA
23.81,23.81,23.81,23.81,235,2021-09-09 13:00:00,DADA
24.28,24.28,24.28,24.28,100,2021-09-09 13:21:00,DADA
24.3,24.3,24.3,24.3,200,2021-09-09 13:28:00,DADA
24.3,24.3,24.3,24.3,100,2021-09-09 13:29:00,DADA
24.54,24.99,24.36,24.97,15708,2021-09-09 13:30:00,DADA
24.98,25.0,24.85,24.865,2940,2021-09-09 13:31:00,DADA
24.95,24.95,24.95,24.95,100,2021-09-09 13:32:00,DADA
24.9,24.95,24.9,24.95,2402,2021-09-09 13:33:00,DADA
24.96,25.08,24.96,25.08,2041,2021-09-09 13:34:00,DADA
25.09,25.38,25.09,25.37,2193,2021-09-09 13:35:00,DADA
25.33,25.33,25.3,25.31,400,2021-09-09 13:36:00,DADA
25.28,25.36,25.2101,25.2101,2512,2021-09-09 13:37:00,DADA
25.27,25.27,25.17,25.17,2806,2021-09-09 13:38:00,DADA
25.08,25.155,25.08,25.155,500,2021-09-09 13:39:00,DADA
25.1001,25.27,25.1001,25.26,1533,2021-09-09 13:40:00,DADA
25.28,25.29,25.28,25.28,900,2021-09-09 13:41:00,DADA
25.3,25.31,25.26,25.31,1100,2021-09-09 13:42:00,DADA
25.21,25.21,25.21,25.21,800,2021-09-09 13:43:00,DADA
25.22,25.22,25.17,25.17,500,2021-09-09 13:45:00,DADA
25.19,25.19,25.19,25.19,100,2021-09-09 13:46:00,DADA
25.19,25.2,25.17,25.17,400,2021-09-09 13:48:00,DADA
25.1801,25.26,25.18,25.26,660,2021-09-09 13:49:00,DADA
25.26,25.43,25.26,25.39,2175,2021-09-09 13:50:00,DADA
25.35,25.355,25.33,25.33,1418,2021-09-09 13:51:00,DADA
25.365,25.5,25.34,25.5,2634,2021-09-09 13:52:00,DADA
25.53,25.62,25.53,25.6,5454,2021-09-09 13:53:00,DADA
25.61,25.69,25.61,25.6513,400,2021-09-09 13:54:00,DADA
25.72,25.78,25.7082,25.78,2236,2021-09-09 13:55:00,DADA
25.74,25.8,25.74,25.79,2586,2021-09-09 13:56:00,DADA
25.8,26.0,25.8,25.99,5094,2021-09-09 13:57:00,DADA
25.99,26.13,25.95,26.13,7402,2021-09-09 13:58:00,DADA
26.07,26.1,26.06,26.06,2293,2021-09-09 13:59:00,DADA
26.03,26.16,26.03,26.16,1316,2021-09-09 14:00:00,DADA
26.16,26.29,26.16,26.29,6695,2021-09-09 14:01:00,DADA
26.23,26.23,26.14,26.14,3940,2021-09-09 14:02:00,DADA
26.14,26.14,26.0973,26.14,800,2021-09-09 14:03:00,DADA
26.11,26.11,26.03,26.06,1000,2021-09-09 14:04:00,DADA
26.04,26.0999,26.03,26.065,450,2021-09-09 14:05:00,DADA
26.052,26.052,26.03,26.03,900,2021-09-09 14:06:00,DADA
26.05,26.1,26.05,26.1,900,2021-09-09 14:07:00,DADA
26.06,26.14,26.06,26.14,600,2021-09-09 14:08:00,DADA
26.02,26.02,26.0,26.0,200,2021-09-09 14:09:00,DADA
26.0543,26.0543,26.0,26.0,3197,2021-09-09 14:10:00,DADA
26.0,26.0,25.96,25.965,1297,2021-09-09 14:11:00,DADA
25.9423,25.9423,25.85,25.92,500,2021-09-09 14:12:00,DADA
25.85,25.92,25.85,25.9,400,2021-09-09 14:13:00,DADA
25.95,25.97,25.95,25.97,300,2021-09-09 14:14:00,DADA
26.0,26.046,25.99,25.99,1600,2021-09-09 14:15:00,DADA
25.905,25.905,25.905,25.905,100,2021-09-09 14:16:00,DADA
25.95,26.0,25.95,25.99,1500,2021-09-09 14:17:00,DADA
25.99,25.99,25.99,25.99,100,2021-09-09 14:18:00,DADA
26.04,26.09,26.04,26.08,796,2021-09-09 14:19:00,DADA
26.18,26.18,26.1,26.1001,400,2021-09-09 14:20:00,DADA
26.1571,26.1571,26.1211,26.1528,1212,2021-09-09 14:21:00,DADA
26.18,26.225,26.18,26.225,6955,2021-09-09 14:22:00,DADA
26.1801,26.27,26.1801,26.27,883,2021-09-09 14:23:00,DADA
26.2301,26.24,26.23,26.24,512,2021-09-09 14:24:00,DADA
26.25,26.29,26.23,26.28,3492,2021-09-09 14:25:00,DADA
26.2101,26.2101,26.2101,26.2101,100,2021-09-09 14:26:00,DADA
26.28,26.28,26.2101,26.2101,200,2021-09-09 14:28:00,DADA
26.28,26.28,26.266,26.266,300,2021-09-09 14:29:00,DADA
26.26,26.26,26.23,26.23,600,2021-09-09 14:30:00,DADA
26.23,26.23,26.19,26.19,400,2021-09-09 14:31:00,DADA
26.19,26.19,26.16,26.17,1534,2021-09-09 14:32:00,DADA
26.17,26.18,26.12,26.12,5752,2021-09-09 14:33:00,DADA
26.18,26.29,26.18,26.25,2309,2021-09-09 14:34:00,DADA
26.28,26.35,26.28,26.3499,1300,2021-09-09 14:36:00,DADA
26.35,26.4,26.35,26.4,710,2021-09-09 14:37:00,DADA
26.38,26.46,26.38,26.46,3825,2021-09-09 14:39:00,DADA
26.47,26.47,26.41,26.41,1510,2021-09-09 14:40:00,DADA
26.42,26.43,26.42,26.43,400,2021-09-09 14:41:00,DADA
26.3401,26.45,26.3401,26.44,1280,2021-09-09 14:42:00,DADA
26.45,26.45,26.4192,26.45,1050,2021-09-09 14:43:00,DADA
26.42,26.47,26.42,26.435,700,2021-09-09 14:44:00,DADA
26.46,26.5,26.46,26.5,662,2021-09-09 14:45:00,DADA
26.5,26.515,26.5,26.515,200,2021-09-09 14:46:00,DADA
26.49,26.4901,26.47,26.485,600,2021-09-09 14:47:00,DADA
26.5,26.54,26.5,26.54,1300,2021-09-09 14:48:00,DADA
26.53,26.54,26.53,26.54,1300,2021-09-09 14:49:00,DADA
26.54,26.54,26.52,26.52,1639,2021-09-09 14:50:00,DADA
26.53,26.54,26.525,26.54,1435,2021-09-09 14:51:00,DADA
26.55,26.57,26.55,26.555,1500,2021-09-09 14:52:00,DADA
26.55,26.55,26.531,26.531,441,2021-09-09 14:53:00,DADA
26.52,26.52,26.485,26.485,800,2021-09-09 14:54:00,DADA
26.5,26.505,26.5,26.505,1100,2021-09-09 14:55:00,DADA
26.51,26.51,26.46,26.49,2700,2021-09-09 14:56:00,DADA
26.485,26.485,26.42,26.43,2888,2021-09-09 14:57:00,DADA
26.425,26.44,26.42,26.44,1877,2021-09-09 14:58:00,DADA
26.44,26.44,26.44,26.44,689,2021-09-09 15:00:00,DADA
26.5,26.5,26.5,26.5,892,2021-09-09 15:01:00,DADA
26.5,26.5,26.44,26.46,3700,2021-09-09 15:02:00,DADA
26.44,26.44,26.41,26.41,450,2021-09-09 15:03:00,DADA
26.39,26.39,26.39,26.39,104,2021-09-09 15:04:00,DADA
26.36,26.36,26.35,26.36,472,2021-09-09 15:05:00,DADA
26.34,26.39,26.34,26.37,800,2021-09-09 15:06:00,DADA
26.3862,26.43,26.38,26.41,2618,2021-09-09 15:07:00,DADA
26.44,26.44,26.44,26.44,100,2021-09-09 15:08:00,DADA
26.43,26.49,26.43,26.49,700,2021-09-09 15:09:00,DADA
26.49,26.5,26.4401,26.485,2800,2021-09-09 15:10:00,DADA
26.52,26.54,26.52,26.54,800,2021-09-09 15:11:00,DADA
26.55,26.55,26.55,26.55,300,2021-09-09 15:12:00,DADA
26.57,26.66,26.57,26.66,5712,2021-09-09 15:13:00,DADA
26.67,26.67,26.62,26.65,1781,2021-09-09 15:14:00,DADA
26.6401,26.6401,26.625,26.625,347,2021-09-09 15:16:00,DADA
26.62,26.62,26.5701,26.585,1202,2021-09-09 15:17:00,DADA
26.62,26.69,26.62,26.69,3260,2021-09-09 15:18:00,DADA
26.69,26.7,26.6694,26.7,1770,2021-09-09 15:19:00,DADA
26.7199,26.73,26.6838,26.73,513,2021-09-09 15:20:00,DADA
26.73,26.73,26.73,26.73,100,2021-09-09 15:21:00,DADA
26.72,26.72,26.66,26.66,1000,2021-09-09 15:22:00,DADA
26.63,26.63,26.59,26.6,1200,2021-09-09 15:23:00,DADA
26.51,26.545,26.51,26.545,200,2021-09-09 15:24:00,DADA
26.58,26.59,26.58,26.59,300,2021-09-09 15:25:00,DADA
26.6,26.61,26.6,26.61,700,2021-09-09 15:26:00,DADA
26.6,26.6,26.6,26.6,100,2021-09-09 15:27:00,DADA
26.63,26.64,26.63,26.64,600,2021-09-09 15:28:00,DADA
26.65,26.65,26.57,26.58,1166,2021-09-09 15:29:00,DADA
26.571,26.61,26.571,26.61,488,2021-09-09 15:30:00,DADA
26.65,26.67,26.65,26.66,2065,2021-09-09 15:32:00,DADA
26.68,26.685,26.67,26.67,702,2021-09-09 15:33:00,DADA
26.69,26.69,26.69,26.69,100,2021-09-09 15:34:00,DADA
26.67,26.685,26.57,26.57,2700,2021-09-09 15:35:00,DADA
26.565,26.58,26.565,26.58,300,2021-09-09 15:36:00,DADA
26.57,26.58,26.57,26.57,450,2021-09-09 15:37:00,DADA
26.6,26.6,26.59,26.59,499,2021-09-09 15:39:00,DADA
26.58,26.66,26.58,26.66,1559,2021-09-09 15:40:00,DADA
26.69,26.7,26.69,26.7,2406,2021-09-09 15:41:00,DADA
26.71,26.72,26.7,26.72,600,2021-09-09 15:42:00,DADA
26.7,26.7,26.7,26.7,200,2021-09-09 15:43:00,DADA
26.71,26.73,26.71,26.73,670,2021-09-09 15:44:00,DADA
26.735,26.735,26.735,26.735,100,2021-09-09 15:45:00,DADA
26.75,26.75,26.735,26.735,400,2021-09-09 15:46:00,DADA
26.735,26.75,26.695,26.695,2094,2021-09-09 15:47:00,DADA
26.7,26.7,26.59,26.59,500,2021-09-09 15:48:00,DADA
26.6,26.63,26.6,26.63,1900,2021-09-09 15:49:00,DADA
26.63,26.63,26.63,26.63,200,2021-09-09 15:50:00,DADA
26.65,26.65,26.65,26.65,100,2021-09-09 15:51:00,DADA
26.63,26.6301,26.5664,26.5664,2839,2021-09-09 15:52:00,DADA
26.58,26.6,26.4969,26.4969,4027,2021-09-09 15:53:00,DADA
26.5301,26.575,26.43,26.43,3100,2021-09-09 15:54:00,DADA
26.4589,26.4589,26.4589,26.4589,600,2021-09-09 15:55:00,DADA
26.4401,26.4401,26.4401,26.4401,100,2021-09-09 15:56:00,DADA
26.43,26.43,26.43,26.43,999,2021-09-09 15:57:00,DADA
26.445,26.445,26.42,26.42,300,2021-09-09 15:58:00,DADA
26.43,26.45,26.42,26.42,700,2021-09-09 15:59:00,DADA
26.411,26.42,26.3,26.33,2960,2021-09-09 16:00:00,DADA
26.35,26.42,26.35,26.415,3000,2021-09-09 16:01:00,DADA
26.415,26.415,26.3,26.3,1200,2021-09-09 16:02:00,DADA
26.31,26.3864,26.31,26.38,2067,2021-09-09 16:04:00,DADA
26.38,26.38,26.34,26.37,400,2021-09-09 16:05:00,DADA
26.34,26.34,26.3,26.3,1355,2021-09-09 16:06:00,DADA
26.3109,26.32,26.3109,26.32,1100,2021-09-09 16:07:00,DADA
26.28,26.325,26.28,26.325,630,2021-09-09 16:08:00,DADA
26.32,26.32,26.28,26.28,1014,2021-09-09 16:09:00,DADA
26.24,26.24,26.16,26.18,2459,2021-09-09 16:10:00,DADA
26.2,26.205,26.19,26.205,700,2021-09-09 16:12:00,DADA
26.215,26.215,26.12,26.12,1700,2021-09-09 16:13:00,DADA
26.22,26.24,26.22,26.2216,1300,2021-09-09 16:16:00,DADA
26.29,26.29,26.29,26.29,100,2021-09-09 16:17:00,DADA
26.25,26.29,26.25,26.29,600,2021-09-09 16:18:00,DADA
26.29,26.2999,26.27,26.2999,500,2021-09-09 16:19:00,DADA
26.3,26.31,26.295,26.3,1395,2021-09-09 16:20:00,DADA
26.31,26.31,26.26,26.26,420,2021-09-09 16:21:00,DADA
26.28,26.29,26.28,26.29,200,2021-09-09 16:22:00,DADA
26.3,26.3,26.3,26.3,100,2021-09-09 16:23:00,DADA
26.295,26.295,26.295,26.295,100,2021-09-09 16:24:00,DADA
26.31,26.36,26.31,26.36,800,2021-09-09 16:25:00,DADA
26.34,26.36,26.335,26.36,1144,2021-09-09 16:26:00,DADA
26.36,26.38,26.36,26.38,200,2021-09-09 16:27:00,DADA
26.4,26.4,26.4,26.4,400,2021-09-09 16:28:00,DADA
26.39,26.41,26.39,26.41,700,2021-09-09 16:29:00,DADA
26.39,26.39,26.38,26.38,600,2021-09-09 16:30:00,DADA
26.4,26.45,26.4,26.43,1750,2021-09-09 16:31:00,DADA
26.46,26.46,26.46,26.46,300,2021-09-09 16:32:00,DADA
26.42,26.42,26.29,26.33,20659,2021-09-09 16:33:00,DADA
26.35,26.36,26.325,26.325,689,2021-09-09 16:34:00,DADA
26.29,26.29,26.25,26.26,1518,2021-09-09 16:35:00,DADA
26.265,26.265,26.265,26.265,100,2021-09-09 16:37:00,DADA
26.3,26.3,26.3,26.3,100,2021-09-09 16:39:00,DADA
26.25,26.25,26.25,26.25,100,2021-09-09 16:40:00,DADA
26.275,26.29,26.23,26.235,1426,2021-09-09 16:42:00,DADA
26.23,26.29,26.23,26.29,300,2021-09-09 16:45:00,DADA
26.27,26.27,26.27,26.27,100,2021-09-09 16:46:00,DADA
26.3,26.3,26.3,26.3,100,2021-09-09 16:47:00,DADA
26.3,26.3,26.3,26.3,1248,2021-09-09 16:48:00,DADA
26.3,26.3,26.29,26.29,500,2021-09-09 16:49:00,DADA
26.3,26.3,26.2692,26.2692,911,2021-09-09 16:50:00,DADA
26.26,26.26,26.25,26.26,700,2021-09-09 16:51:00,DADA
26.3,26.3,26.292,26.292,400,2021-09-09 16:53:00,DADA
26.3,26.3,26.3,26.3,508,2021-09-09 16:54:00,DADA
26.3,26.3,26.3,26.3,275,2021-09-09 16:55:00,DADA
26.31,26.31,26.29,26.29,500,2021-09-09 16:56:00,DADA
26.28,26.31,26.27,26.27,600,2021-09-09 16:57:00,DADA
26.32,26.32,26.3,26.3,600,2021-09-09 16:58:00,DADA
26.32,26.32,26.305,26.32,800,2021-09-09 16:59:00,DADA
26.32,26.32,26.29,26.29,900,2021-09-09 17:00:00,DADA
26.3,26.305,26.3,26.305,200,2021-09-09 17:01:00,DADA
26.31,26.31,26.3,26.3,300,2021-09-09 17:03:00,DADA
26.33,26.33,26.3,26.3,300,2021-09-09 17:04:00,DADA
26.3,26.3,26.22,26.22,2676,2021-09-09 17:05:00,DADA
26.23,26.23,26.23,26.23,200,2021-09-09 17:06:00,DADA
26.23,26.23,26.23,26.23,300,2021-09-09 17:07:00,DADA
26.24,26.24,26.24,26.24,200,2021-09-09 17:08:00,DADA
26.3,26.3,26.29,26.29,200,2021-09-09 17:09:00,DADA
26.3,26.3,26.3,26.3,100,2021-09-09 17:10:00,DADA
26.31,26.35,26.27,26.27,1600,2021-09-09 17:12:00,DADA
26.29,26.3,26.29,26.3,300,2021-09-09 17:13:00,DADA
26.3,26.3,26.3,26.3,200,2021-09-09 17:14:00,DADA
26.33,26.33,26.33,26.33,300,2021-09-09 17:15:00,DADA
26.33,26.33,26.33,26.33,200,2021-09-09 17:16:00,DADA
26.3,26.3,26.29,26.29,300,2021-09-09 17:17:00,DADA
26.3,26.3,26.3,26.3,100,2021-09-09 17:19:00,DADA
26.3,26.3,26.25,26.25,911,2021-09-09 17:20:00,DADA
26.25,26.25,26.25,26.25,100,2021-09-09 17:22:00,DADA
26.2201,26.25,26.2201,26.23,963,2021-09-09 17:23:00,DADA
26.22,26.22,26.18,26.18,607,2021-09-09 17:25:00,DADA
26.215,26.23,26.215,26.23,200,2021-09-09 17:26:00,DADA
26.22,26.22,26.22,26.22,100,2021-09-09 17:27:00,DADA
26.21,26.25,26.21,26.23,1000,2021-09-09 17:28:00,DADA
26.31,26.31,26.31,26.31,200,2021-09-09 17:30:00,DADA
26.27,26.27,26.27,26.27,100,2021-09-09 17:31:00,DADA
26.285,26.285,26.285,26.285,200,2021-09-09 17:32:00,DADA
26.285,26.285,26.285,26.285,254,2021-09-09 17:33:00,DADA
26.31,26.31,26.27,26.27,802,2021-09-09 17:34:00,DADA
26.26,26.26,26.25,26.25,500,2021-09-09 17:35:00,DADA
26.2401,26.26,26.2401,26.26,400,2021-09-09 17:37:00,DADA
26.24,26.24,26.22,26.22,400,2021-09-09 17:38:00,DADA
26.23,26.23,26.23,26.23,100,2021-09-09 17:39:00,DADA
26.2,26.2,26.18,26.185,600,2021-09-09 17:40:00,DADA
26.2,26.22,26.2,26.21,1515,2021-09-09 17:41:00,DADA
26.24,26.24,26.22,26.22,300,2021-09-09 17:42:00,DADA
26.23,26.23,26.22,26.22,400,2021-09-09 17:44:00,DADA
26.22,26.23,26.22,26.23,896,2021-09-09 17:45:00,DADA
26.3,26.3,26.27,26.27,300,2021-09-09 17:47:00,DADA
26.3,26.3,26.3,26.3,100,2021-09-09 17:48:00,DADA
26.3,26.3,26.285,26.285,200,2021-09-09 17:49:00,DADA
26.3,26.3,26.285,26.285,1446,2021-09-09 17:50:00,DADA
26.28,26.3,26.28,26.28,577,2021-09-09 17:51:00,DADA
26.28,26.28,26.28,26.28,100,2021-09-09 17:52:00,DADA
26.32,26.32,26.32,26.32,2700,2021-09-09 17:54:00,DADA
26.312,26.312,26.29,26.295,1098,2021-09-09 17:55:00,DADA
26.31,26.31,26.26,26.26,500,2021-09-09 17:57:00,DADA
26.285,26.285,26.285,26.285,105,2021-09-09 17:59:00,DADA
26.31,26.31,26.29,26.29,200,2021-09-09 18:00:00,DADA
26.27,26.29,26.27,26.29,200,2021-09-09 18:01:00,DADA
26.29,26.3,26.29,26.3,200,2021-09-09 18:02:00,DADA
26.28,26.28,26.265,26.27,850,2021-09-09 18:04:00,DADA
26.275,26.3,26.275,26.3,650,2021-09-09 18:05:00,DADA
26.3,26.3,26.3,26.3,525,2021-09-09 18:06:00,DADA
26.3,26.33,26.295,26.3201,4492,2021-09-09 18:07:00,DADA
26.36,26.36,26.3,26.3,1714,2021-09-09 18:08:00,DADA
26.33,26.33,26.33,26.33,100,2021-09-09 18:09:00,DADA
26.3,26.3,26.29,26.29,600,2021-09-09 18:10:00,DADA
26.3,26.3,26.3,26.3,100,2021-09-09 18:11:00,DADA
26.3,26.3,26.3,26.3,100,2021-09-09 18:12:00,DADA
26.3,26.3,26.3,26.3,300,2021-09-09 18:13:00,DADA
26.3,26.3,26.28,26.28,500,2021-09-09 18:15:00,DADA
26.275,26.275,26.275,26.275,300,2021-09-09 18:17:00,DADA
26.28,26.28,26.275,26.275,607,2021-09-09 18:19:00,DADA
26.27,26.27,26.27,26.27,100,2021-09-09 18:20:00,DADA
26.27,26.27,26.25,26.25,800,2021-09-09 18:21:00,DADA
26.255,26.255,26.255,26.255,100,2021-09-09 18:22:00,DADA
26.23,26.23,26.221,26.23,551,2021-09-09 18:23:00,DADA
26.25,26.25,26.25,26.25,200,2021-09-09 18:24:00,DADA
26.28,26.28,26.28,26.28,200,2021-09-09 18:25:00,DADA
26.27,26.28,26.27,26.28,200,2021-09-09 18:26:00,DADA
26.28,26.28,26.28,26.28,300,2021-09-09 18:27:00,DADA
26.27,26.28,26.27,26.28,200,2021-09-09 18:28:00,DADA
26.3,26.3,26.29,26.29,300,2021-09-09 18:29:00,DADA
26.3,26.3,26.3,26.3,100,2021-09-09 18:30:00,DADA
26.28,26.28,26.271,26.271,200,2021-09-09 18:31:00,DADA
26.27,26.27,26.22,26.23,2000,2021-09-09 18:32:00,DADA
26.23,26.23,26.23,26.23,100,2021-09-09 18:34:00,DADA
26.217,26.217,26.2165,26.2165,591,2021-09-09 18:35:00,DADA
26.225,26.225,26.225,26.225,100,2021-09-09 18:36:00,DADA
26.24,26.24,26.24,26.24,200,2021-09-09 18:37:00,DADA
26.2,26.2,26.17,26.17,604,2021-09-09 18:38:00,DADA
26.18,26.18,26.17,26.17,1384,2021-09-09 18:39:00,DADA
26.17,26.175,26.17,26.17,1061,2021-09-09 18:40:00,DADA
26.155,26.155,26.155,26.155,100,2021-09-09 18:41:00,DADA
26.1599,26.1599,26.14,26.14,300,2021-09-09 18:42:00,DADA
26.136,26.136,26.132,26.132,250,2021-09-09 18:43:00,DADA
26.145,26.145,26.105,26.105,400,2021-09-09 18:44:00,DADA
26.105,26.12,26.105,26.115,1585,2021-09-09 18:45:00,DADA
26.12,26.15,26.115,26.15,800,2021-09-09 18:46:00,DADA
26.15,26.15,26.15,26.15,400,2021-09-09 18:47:00,DADA
26.15,26.15,26.15,26.15,100,2021-09-09 18:48:00,DADA
26.14,26.14,26.14,26.14,100,2021-09-09 18:49:00,DADA
26.13,26.13,26.13,26.13,200,2021-09-09 18:50:00,DADA
26.13,26.13,26.13,26.13,100,2021-09-09 18:51:00,DADA
26.12,26.12,26.07,26.07,1673,2021-09-09 18:52:00,DADA
26.065,26.065,26.065,26.065,100,2021-09-09 18:54:00,DADA
26.065,26.065,25.955,25.98,2973,2021-09-09 18:55:00,DADA
25.985,26.0,25.985,26.0,200,2021-09-09 18:56:00,DADA
25.985,26.0,25.98,25.98,900,2021-09-09 18:57:00,DADA
25.985,25.995,25.985,25.995,400,2021-09-09 18:58:00,DADA
25.98,25.98,25.98,25.98,200,2021-09-09 18:59:00,DADA
25.975,25.975,25.97,25.97,300,2021-09-09 19:00:00,DADA
25.98,25.98,25.98,25.98,300,2021-09-09 19:01:00,DADA
26.0,26.005,26.0,26.005,800,2021-09-09 19:02:00,DADA
26.005,26.005,25.99,25.99,200,2021-09-09 19:03:00,DADA
26.0,26.0,26.0,26.0,616,2021-09-09 19:05:00,DADA
26.01,26.085,26.01,26.085,1900,2021-09-09 19:06:00,DADA
26.11,26.11,26.09,26.09,400,2021-09-09 19:07:00,DADA
26.115,26.115,26.045,26.045,600,2021-09-09 19:08:00,DADA
26.035,26.06,26.03,26.06,800,2021-09-09 19:10:00,DADA
26.07,26.07,26.07,26.07,200,2021-09-09 19:11:00,DADA
26.06,26.06,26.06,26.06,350,2021-09-09 19:12:00,DADA
26.06,26.06,26.06,26.06,450,2021-09-09 19:13:00,DADA
26.05,26.05,26.0,26.0,1114,2021-09-09 19:14:00,DADA
25.9892,26.0,25.9892,26.0,500,2021-09-09 19:15:00,DADA
25.99,25.99,25.99,25.99,200,2021-09-09 19:16:00,DADA
26.0,26.0,25.98,25.98,300,2021-09-09 19:17:00,DADA
26.0,26.0,26.0,26.0,100,2021-09-09 19:18:00,DADA
25.99,26.01,25.99,25.995,1800,2021-09-09 19:19:00,DADA
26.02,26.075,26.02,26.075,978,2021-09-09 19:20:00,DADA
26.06,26.06,26.05,26.05,700,2021-09-09 19:21:00,DADA
26.04,26.055,26.04,26.05,500,2021-09-09 19:22:00,DADA
26.045,26.045,26.04,26.04,200,2021-09-09 19:23:00,DADA
26.045,26.045,26.035,26.035,600,2021-09-09 19:24:00,DADA
26.04,26.04,25.88,25.915,8445,2021-09-09 19:25:00,DADA
25.93,25.94,25.91,25.93,1811,2021-09-09 19:27:00,DADA
25.93,25.93,25.93,25.93,100,2021-09-09 19:28:00,DADA
25.93,25.93,25.93,25.93,100,2021-09-09 19:29:00,DADA
25.93,25.94,25.92,25.93,800,2021-09-09 19:30:00,DADA
25.92,25.92,25.89,25.9,1586,2021-09-09 19:31:00,DADA
25.9,25.92,25.9,25.91,1600,2021-09-09 19:32:00,DADA
25.906,25.91,25.9,25.91,1000,2021-09-09 19:33:00,DADA
25.91,25.94,25.91,25.925,1600,2021-09-09 19:34:00,DADA
25.91,25.915,25.87,25.915,2607,2021-09-09 19:35:00,DADA
25.93,25.97,25.93,25.93,2054,2021-09-09 19:36:00,DADA
25.911,25.93,25.911,25.93,300,2021-09-09 19:37:00,DADA
25.93,25.93,25.93,25.93,200,2021-09-09 19:38:00,DADA
25.93,25.94,25.93,25.94,2250,2021-09-09 19:39:00,DADA
25.95,25.95,25.95,25.95,300,2021-09-09 19:40:00,DADA
25.945,25.975,25.935,25.975,3585,2021-09-09 19:41:00,DADA
25.97,25.99,25.97,25.99,800,2021-09-09 19:42:00,DADA
26.02,26.04,26.02,26.0347,1700,2021-09-09 19:43:00,DADA
26.03,26.03,26.01,26.01,2110,2021-09-09 19:44:00,DADA
26.02,26.02,26.01,26.01,200,2021-09-09 19:45:00,DADA
26.0,26.005,25.97,25.97,3484,2021-09-09 19:46:00,DADA
25.975,25.975,25.97,25.97,300,2021-09-09 19:47:00,DADA
25.97,25.98,25.97,25.98,300,2021-09-09 19:48:00,DADA
25.98,26.01,25.98,25.995,1733,2021-09-09 19:49:00,DADA
25.995,26.08,25.995,26.08,3136,2021-09-09 19:50:00,DADA
26.085,26.12,26.08,26.115,2390,2021-09-09 19:51:00,DADA
26.11,26.14,26.11,26.125,1708,2021-09-09 19:52:00,DADA
26.125,26.1425,26.125,26.1425,1873,2021-09-09 19:53:00,DADA
26.14,26.15,26.13,26.13,3788,2021-09-09 19:54:00,DADA
26.135,26.14,26.12,26.1275,7124,2021-09-09 19:55:00,DADA
26.125,26.125,26.1,26.105,2890,2021-09-09 19:56:00,DADA
26.11,26.11,26.09,26.095,6101,2021-09-09 19:57:00,DADA
26.095,26.11,26.09,26.105,6277,2021-09-09 19:58:00,DADA
26.1,26.11,26.0,26.0,6959,2021-09-09 19:59:00,DADA
26.01,26.01,26.01,26.01,41564,2021-09-09 20:00:00,DADA
26.03,26.03,26.03,26.03,150,2021-09-09 20:18:00,DADA
26.4,26.5,26.4,26.5,350,2021-09-10 11:07:00,DADA
26.52,26.52,26.52,26.52,100,2021-09-10 11:55:00,DADA
26.67,26.68,26.67,26.68,558,2021-09-10 12:54:00,DADA
26.5,26.5,26.4,26.44,2980,2021-09-10 13:26:00,DADA
26.5,26.5,26.1,26.1,2347,2021-09-10 13:27:00,DADA
26.34,26.46,26.26,26.38,23591,2021-09-10 13:30:00,DADA
26.375,26.625,26.36,26.415,5409,2021-09-10 13:31:00,DADA
26.63,26.63,26.15,26.4,5575,2021-09-10 13:32:00,DADA
26.455,26.6,26.12,26.12,7067,2021-09-10 13:33:00,DADA
26.415,26.64,26.39,26.64,2100,2021-09-10 13:34:00,DADA
26.62,26.62,26.39,26.475,1300,2021-09-10 13:35:00,DADA
26.475,26.67,26.475,26.64,3914,2021-09-10 13:36:00,DADA
26.52,26.56,26.45,26.51,1200,2021-09-10 13:37:00,DADA
26.505,26.64,26.45,26.525,6332,2021-09-10 13:38:00,DADA
26.45,26.54,26.35,26.35,1348,2021-09-10 13:39:00,DADA
26.395,26.46,26.395,26.46,3088,2021-09-10 13:40:00,DADA
26.46,26.48,26.4,26.4,2716,2021-09-10 13:41:00,DADA
26.425,26.425,26.425,26.425,200,2021-09-10 13:43:00,DADA
26.42,26.425,26.42,26.425,300,2021-09-10 13:44:00,DADA
26.49,26.55,26.49,26.55,2222,2021-09-10 13:45:00,DADA
26.53,26.58,26.53,26.54,2500,2021-09-10 13:46:00,DADA
26.54,26.58,26.535,26.535,500,2021-09-10 13:47:00,DADA
26.535,26.58,26.535,26.535,600,2021-09-10 13:48:00,DADA
26.535,26.535,26.5,26.535,1000,2021-09-10 13:49:00,DADA
26.535,26.8,26.535,26.79,61419,2021-09-10 13:50:00,DADA
26.745,26.8,26.745,26.79,630,2021-09-10 13:51:00,DADA
26.72,26.8,26.68,26.74,1500,2021-09-10 13:52:00,DADA
26.68,26.745,26.635,26.635,8548,2021-09-10 13:53:00,DADA
26.69,26.73,26.67,26.67,5300,2021-09-10 13:54:00,DADA
26.675,26.675,26.59,26.64,5099,2021-09-10 13:55:00,DADA
26.64,26.64,26.62,26.62,1100,2021-09-10 13:56:00,DADA
26.58,26.585,26.52,26.585,700,2021-09-10 13:57:00,DADA
26.64,26.66,26.595,26.595,400,2021-09-10 13:58:00,DADA
26.635,26.7,26.635,26.7,700,2021-09-10 13:59:00,DADA
26.7,26.7,26.655,26.7,600,2021-09-10 14:00:00,DADA
26.7,26.7,26.62,26.66,500,2021-09-10 14:01:00,DADA
26.625,26.68,26.625,26.68,1275,2021-09-10 14:02:00,DADA
26.69,26.7,26.63,26.635,2300,2021-09-10 14:03:00,DADA
26.642,26.655,26.63,26.63,2106,2021-09-10 14:04:00,DADA
26.655,26.7,26.655,26.69,2778,2021-09-10 14:05:00,DADA
26.7,26.7,26.6,26.63,7781,2021-09-10 14:06:00,DADA
26.63,26.65,26.61,26.64,16409,2021-09-10 14:07:00,DADA
26.65,26.65,26.63,26.63,11166,2021-09-10 14:08:00,DADA
26.65,26.65,26.595,26.595,1913,2021-09-10 14:09:00,DADA
26.58,26.58,26.58,26.58,200,2021-09-10 14:10:00,DADA
26.625,26.74,26.58,26.715,31343,2021-09-10 14:11:00,DADA
26.7,26.7,26.63,26.63,500,2021-09-10 14:12:00,DADA
26.68,26.75,26.68,26.72,4181,2021-09-10 14:13:00,DADA
26.75,26.75,26.68,26.68,2162,2021-09-10 14:14:00,DADA
26.7,26.7,26.7,26.7,900,2021-09-10 14:15:00,DADA
26.7,26.7,26.63,26.68,1300,2021-09-10 14:16:00,DADA
26.68,26.69,26.655,26.68,2600,2021-09-10 14:17:00,DADA
26.66,26.66,26.6,26.635,900,2021-09-10 14:18:00,DADA
26.62,26.65,26.58,26.59,1400,2021-09-10 14:19:00,DADA
26.64,26.67,26.64,26.67,1305,2021-09-10 14:20:00,DADA
26.665,26.69,26.6615,26.67,400,2021-09-10 14:21:00,DADA
26.7,26.7,26.6401,26.69,2400,2021-09-10 14:22:00,DADA
26.64,26.67,26.595,26.61,1500,2021-09-10 14:23:00,DADA
26.62,26.65,26.62,26.65,400,2021-09-10 14:24:00,DADA
26.6195,26.63,26.61,26.61,1781,2021-09-10 14:25:00,DADA
26.61,26.65,26.61,26.65,301,2021-09-10 14:26:00,DADA
26.63,26.68,26.62,26.67,3000,2021-09-10 14:27:00,DADA
26.66,26.685,26.64,26.685,2200,2021-09-10 14:28:00,DADA
26.69,26.7,26.675,26.7,1193,2021-09-10 14:29:00,DADA
26.65,26.675,26.64,26.675,500,2021-09-10 14:30:00,DADA
26.65,26.65,26.61,26.625,901,2021-09-10 14:31:00,DADA
26.63,26.65,26.59,26.59,1400,2021-09-10 14:32:00,DADA
26.58,26.58,26.35,26.457,8247,2021-09-10 14:33:00,DADA
26.421,26.421,26.38,26.411,2909,2021-09-10 14:34:00,DADA
26.49,26.55,26.47,26.49,1400,2021-09-10 14:35:00,DADA
26.42,26.455,26.42,26.455,300,2021-09-10 14:36:00,DADA
26.3701,26.3701,26.3701,26.3701,100,2021-09-10 14:37:00,DADA
26.41,26.41,26.41,26.41,400,2021-09-10 14:38:00,DADA
26.45,26.46,26.42,26.42,528,2021-09-10 14:39:00,DADA
26.47,26.47,26.47,26.47,100,2021-09-10 14:40:00,DADA
26.48,26.5,26.465,26.5,1390,2021-09-10 14:41:00,DADA
26.515,26.54,26.475,26.475,8095,2021-09-10 14:42:00,DADA
26.46,26.51,26.46,26.51,1998,2021-09-10 14:43:00,DADA
26.52,26.58,26.45,26.56,5500,2021-09-10 14:44:00,DADA
26.57,26.57,26.55,26.5595,3100,2021-09-10 14:45:00,DADA
26.51,26.55,26.51,26.51,300,2021-09-10 14:46:00,DADA
26.54,26.67,26.54,26.64,4847,2021-09-10 14:47:00,DADA
26.64,26.669,26.6,26.669,1458,2021-09-10 14:48:00,DADA
26.635,26.635,26.635,26.635,100,2021-09-10 14:49:00,DADA
26.67,26.67,26.67,26.67,100,2021-09-10 14:50:00,DADA
26.675,26.675,26.675,26.675,100,2021-09-10 14:52:00,DADA
26.69,26.69,26.69,26.69,100,2021-09-10 14:53:00,DADA
26.68,26.7,26.66,26.66,2782,2021-09-10 14:54:00,DADA
26.63,26.63,26.5,26.58,1100,2021-09-10 14:55:00,DADA
26.5701,26.5701,26.5701,26.5701,100,2021-09-10 14:56:00,DADA
26.62,26.62,26.62,26.62,478,2021-09-10 14:57:00,DADA
26.545,26.5838,26.545,26.5838,220,2021-09-10 14:58:00,DADA
26.6,26.6,26.59,26.59,1300,2021-09-10 15:00:00,DADA
26.563,26.563,26.45,26.4778,1325,2021-09-10 15:01:00,DADA
26.481,26.53,26.48,26.515,1300,2021-09-10 15:02:00,DADA
26.48,26.48,26.45,26.45,200,2021-09-10 15:06:00,DADA
26.4504,26.5,26.4504,26.5,600,2021-09-10 15:07:00,DADA
26.44,26.45,26.41,26.45,595,2021-09-10 15:08:00,DADA
26.5,26.5,26.48,26.48,200,2021-09-10 15:09:00,DADA
26.48,26.48,26.48,26.48,100,2021-09-10 15:10:00,DADA
26.46,26.46,26.45,26.45,1371,2021-09-10 15:11:00,DADA
26.435,26.435,26.4,26.4,350,2021-09-10 15:12:00,DADA
26.395,26.44,26.395,26.395,300,2021-09-10 15:14:00,DADA
26.395,26.44,26.38,26.38,1000,2021-09-10 15:15:00,DADA
26.37,26.45,26.37,26.43,1635,2021-09-10 15:16:00,DADA
26.45,26.46,26.45,26.46,201,2021-09-10 15:18:00,DADA
26.47,26.47,26.47,26.47,100,2021-09-10 15:19:00,DADA
26.53,26.53,26.53,26.53,100,2021-09-10 15:20:00,DADA
26.55,26.55,26.5,26.5,300,2021-09-10 15:21:00,DADA
26.49,26.53,26.49,26.53,200,2021-09-10 15:22:00,DADA
26.56,26.6,26.53,26.55,1516,2021-09-10 15:23:00,DADA
26.5,26.54,26.5,26.51,2165,2021-09-10 15:24:00,DADA
26.52,26.52,26.485,26.485,500,2021-09-10 15:25:00,DADA
26.48,26.51,26.48,26.48,300,2021-09-10 15:26:00,DADA
26.51,26.54,26.5,26.54,600,2021-09-10 15:27:00,DADA
26.53,26.53,26.52,26.52,200,2021-09-10 15:28:00,DADA
26.475,26.475,26.44,26.44,200,2021-09-10 15:30:00,DADA
26.55,26.59,26.55,26.59,495,2021-09-10 15:32:00,DADA
26.55,26.55,26.55,26.55,100,2021-09-10 15:35:00,DADA
26.565,26.565,26.565,26.565,400,2021-09-10 15:36:00,DADA
26.6,26.6,26.6,26.6,600,2021-09-10 15:37:00,DADA
26.6,26.6,26.57,26.57,1100,2021-09-10 15:38:00,DADA
26.6,26.6,26.58,26.58,1498,2021-09-10 15:39:00,DADA
26.59,26.59,26.59,26.59,500,2021-09-10 15:41:00,DADA
26.57,26.57,26.57,26.57,100,2021-09-10 15:42:00,DADA
26.5495,26.6,26.5495,26.6,700,2021-09-10 15:43:00,DADA
26.6,26.6,26.58,26.58,200,2021-09-10 15:44:00,DADA
26.57,26.57,26.52,26.55,500,2021-09-10 15:45:00,DADA
26.515,26.515,26.515,26.515,100,2021-09-10 15:46:00,DADA
26.48,26.535,26.48,26.535,300,2021-09-10 15:48:00,DADA
26.57,26.59,26.54,26.59,1500,2021-09-10 15:50:00,DADA
26.5401,26.55,26.54,26.545,1200,2021-09-10 15:51:00,DADA
26.55,26.55,26.55,26.55,300,2021-09-10 15:52:00,DADA
26.55,26.55,26.55,26.55,100,2021-09-10 15:53:00,DADA
26.53,26.55,26.53,26.55,400,2021-09-10 15:54:00,DADA
26.51,26.52,26.51,26.52,1209,2021-09-10 15:55:00,DADA
26.495,26.495,26.49,26.49,200,2021-09-10 15:56:00,DADA
26.48,26.52,26.48,26.52,300,2021-09-10 15:57:00,DADA
26.55,26.55,26.53,26.53,900,2021-09-10 15:58:00,DADA
26.53,26.53,26.5018,26.525,300,2021-09-10 15:59:00,DADA
26.5,26.5,26.47,26.47,300,2021-09-10 16:00:00,DADA
26.465,26.465,26.465,26.465,100,2021-09-10 16:01:00,DADA
26.54,26.54,26.54,26.54,1000,2021-09-10 16:03:00,DADA
26.5,26.5,26.5,26.5,300,2021-09-10 16:04:00,DADA
26.495,26.495,26.495,26.495,100,2021-09-10 16:05:00,DADA
26.505,26.505,26.505,26.505,200,2021-09-10 16:06:00,DADA
26.54,26.54,26.54,26.54,100,2021-09-10 16:07:00,DADA
26.505,26.505,26.505,26.505,100,2021-09-10 16:08:00,DADA
26.5291,26.5291,26.5291,26.5291,250,2021-09-10 16:09:00,DADA
26.505,26.55,26.505,26.55,500,2021-09-10 16:10:00,DADA
26.53,26.53,26.48,26.48,1947,2021-09-10 16:11:00,DADA
26.46,26.485,26.38,26.43,1821,2021-09-10 16:12:00,DADA
26.455,26.455,26.455,26.455,100,2021-09-10 16:14:00,DADA
26.485,26.485,26.485,26.485,100,2021-09-10 16:16:00,DADA
26.45,26.45,26.45,26.45,100,2021-09-10 16:17:00,DADA
26.5,26.5,26.5,26.5,100,2021-09-10 16:19:00,DADA
26.49,26.5,26.49,26.5,200,2021-09-10 16:20:00,DADA
26.5,26.5,26.48,26.48,633,2021-09-10 16:21:00,DADA
26.475,26.48,26.465,26.48,400,2021-09-10 16:25:00,DADA
26.44,26.48,26.42,26.48,500,2021-09-10 16:26:00,DADA
26.49,26.49,26.47,26.47,200,2021-09-10 16:27:00,DADA
26.43,26.43,26.43,26.43,400,2021-09-10 16:29:00,DADA
26.45,26.48,26.445,26.45,400,2021-09-10 16:30:00,DADA
26.45,26.46,26.45,26.46,200,2021-09-10 16:31:00,DADA
26.45,26.45,26.4053,26.4053,800,2021-09-10 16:33:00,DADA
26.44,26.45,26.44,26.45,200,2021-09-10 16:34:00,DADA
26.42,26.44,26.4,26.4,700,2021-09-10 16:35:00,DADA
26.44,26.44,26.44,26.44,200,2021-09-10 16:37:00,DADA
26.43,26.43,26.43,26.43,100,2021-09-10 16:39:00,DADA
26.45,26.45,26.45,26.45,100,2021-09-10 16:40:00,DADA
26.45,26.45,26.42,26.42,500,2021-09-10 16:41:00,DADA
26.41,26.41,26.41,26.41,100,2021-09-10 16:44:00,DADA
26.405,26.42,26.37,26.42,400,2021-09-10 16:45:00,DADA
26.405,26.43,26.405,26.43,300,2021-09-10 16:46:00,DADA
26.44,26.44,26.415,26.415,200,2021-09-10 16:48:00,DADA
26.445,26.445,26.445,26.445,100,2021-09-10 16:49:00,DADA
26.41,26.41,26.41,26.41,100,2021-09-10 16:50:00,DADA
26.42,26.42,26.42,26.42,400,2021-09-10 16:51:00,DADA
26.42,26.42,26.385,26.39,400,2021-09-10 16:52:00,DADA
26.41,26.42,26.41,26.42,2132,2021-09-10 16:53:00,DADA
26.5,26.5,26.46,26.46,200,2021-09-10 16:55:00,DADA
26.45,26.45,26.45,26.45,100,2021-09-10 16:56:00,DADA
26.4432,26.4432,26.4432,26.4432,100,2021-09-10 16:57:00,DADA
26.42,26.42,26.42,26.42,200,2021-09-10 17:01:00,DADA
26.45,26.45,26.45,26.45,100,2021-09-10 17:02:00,DADA
26.425,26.425,26.42,26.42,200,2021-09-10 17:03:00,DADA
26.46,26.46,26.46,26.46,300,2021-09-10 17:04:00,DADA
26.49,26.49,26.49,26.49,100,2021-09-10 17:05:00,DADA
26.42,26.42,26.42,26.42,357,2021-09-10 17:06:00,DADA
26.4,26.4127,26.31,26.4127,412,2021-09-10 17:07:00,DADA
26.375,26.4,26.36,26.4,450,2021-09-10 17:08:00,DADA
26.36,26.37,26.28,26.28,3205,2021-09-10 17:09:00,DADA
26.35,26.35,26.305,26.305,300,2021-09-10 17:11:00,DADA
26.27,26.27,26.27,26.27,100,2021-09-10 17:12:00,DADA
26.28,26.32,26.28,26.32,200,2021-09-10 17:13:00,DADA
26.315,26.34,26.31,26.31,300,2021-09-10 17:14:00,DADA
26.285,26.3,26.28,26.28,500,2021-09-10 17:16:00,DADA
26.32,26.32,26.32,26.32,100,2021-09-10 17:20:00,DADA
26.32,26.33,26.29,26.3,600,2021-09-10 17:21:00,DADA
26.275,26.275,26.24,26.24,858,2021-09-10 17:24:00,DADA
26.27,26.28,26.26,26.28,384,2021-09-10 17:25:00,DADA
26.26,26.26,26.16,26.16,1900,2021-09-10 17:26:00,DADA
26.18,26.2,26.18,26.2,594,2021-09-10 17:29:00,DADA
26.26,26.26,26.2,26.25,300,2021-09-10 17:30:00,DADA
26.22,26.22,26.22,26.22,100,2021-09-10 17:31:00,DADA
26.2,26.2,26.09,26.12,6882,2021-09-10 17:32:00,DADA
26.12,26.12,26.12,26.12,100,2021-09-10 17:34:00,DADA
26.07,26.07,26.07,26.07,100,2021-09-10 17:35:00,DADA
26.095,26.095,26.095,26.095,100,2021-09-10 17:36:00,DADA
26.1,26.1,26.1,26.1,100,2021-09-10 17:37:00,DADA
26.1002,26.1002,26.1002,26.1002,400,2021-09-10 17:39:00,DADA
26.125,26.125,26.125,26.125,100,2021-09-10 17:40:00,DADA
26.13,26.13,26.13,26.13,100,2021-09-10 17:41:00,DADA
26.125,26.14,26.125,26.13,300,2021-09-10 17:42:00,DADA
26.13,26.19,26.12,26.19,1120,2021-09-10 17:45:00,DADA
26.18,26.18,26.18,26.18,100,2021-09-10 17:46:00,DADA
26.19,26.2,26.19,26.2,300,2021-09-10 17:47:00,DADA
26.165,26.2,26.165,26.2,400,2021-09-10 17:50:00,DADA
26.23,26.27,26.23,26.27,517,2021-09-10 17:53:00,DADA
26.27,26.3,26.27,26.3,200,2021-09-10 17:56:00,DADA
26.28,26.28,26.28,26.28,200,2021-09-10 17:58:00,DADA
26.26,26.3,26.26,26.27,300,2021-09-10 17:59:00,DADA
26.26,26.28,26.26,26.28,500,2021-09-10 18:00:00,DADA
26.275,26.275,26.275,26.275,100,2021-09-10 18:04:00,DADA
26.28,26.28,26.275,26.275,200,2021-09-10 18:05:00,DADA
26.3,26.3,26.28,26.28,651,2021-09-10 18:06:00,DADA
26.27,26.27,26.24,26.24,1688,2021-09-10 18:07:00,DADA
26.27,26.27,26.27,26.27,900,2021-09-10 18:09:00,DADA
26.26,26.26,26.26,26.26,200,2021-09-10 18:11:00,DADA
26.245,26.27,26.245,26.27,500,2021-09-10 18:13:00,DADA
26.21,26.27,26.21,26.265,500,2021-09-10 18:16:00,DADA
26.27,26.27,26.27,26.27,180,2021-09-10 18:17:00,DADA
26.27,26.27,26.27,26.27,850,2021-09-10 18:18:00,DADA
26.28,26.29,26.28,26.29,400,2021-09-10 18:19:00,DADA
26.28,26.3,26.27,26.28,500,2021-09-10 18:23:00,DADA
26.3,26.3,26.3,26.3,200,2021-09-10 18:24:00,DADA
26.27,26.27,26.26,26.26,500,2021-09-10 18:25:00,DADA
26.26,26.26,26.22,26.22,390,2021-09-10 18:26:00,DADA
26.23,26.23,26.16,26.18,1367,2021-09-10 18:29:00,DADA
26.165,26.165,26.165,26.165,100,2021-09-10 18:30:00,DADA
26.1067,26.14,26.1,26.14,1080,2021-09-10 18:31:00,DADA
26.06,26.06,26.06,26.06,100,2021-09-10 18:32:00,DADA
26.06,26.06,26.02,26.02,200,2021-09-10 18:33:00,DADA
26.04,26.04,26.04,26.04,100,2021-09-10 18:34:00,DADA
26.06,26.06,26.06,26.06,100,2021-09-10 18:35:00,DADA
26.07,26.07,26.045,26.045,300,2021-09-10 18:36:00,DADA
26.08,26.08,26.07,26.07,200,2021-09-10 18:37:00,DADA
26.09,26.12,26.09,26.12,300,2021-09-10 18:38:00,DADA
26.14,26.14,26.14,26.14,200,2021-09-10 18:40:00,DADA
26.125,26.15,26.125,26.15,1232,2021-09-10 18:42:00,DADA
26.13,26.13,26.13,26.13,100,2021-09-10 18:43:00,DADA
26.135,26.135,26.135,26.135,100,2021-09-10 18:45:00,DADA
26.17,26.19,26.15,26.19,400,2021-09-10 18:46:00,DADA
26.19,26.2,26.19,26.2,200,2021-09-10 18:47:00,DADA
26.175,26.18,26.175,26.18,200,2021-09-10 18:49:00,DADA
26.18,26.18,26.18,26.18,100,2021-09-10 18:50:00,DADA
26.18,26.2,26.18,26.2,200,2021-09-10 18:51:00,DADA
26.195,26.23,26.195,26.23,200,2021-09-10 18:52:00,DADA
26.21,26.21,26.17,26.19,1300,2021-09-10 18:53:00,DADA
26.14,26.15,26.13,26.15,630,2021-09-10 18:55:00,DADA
26.16,26.16,26.16,26.16,100,2021-09-10 18:57:00,DADA
26.17,26.17,26.17,26.17,100,2021-09-10 18:59:00,DADA
26.165,26.165,26.165,26.165,100,2021-09-10 19:00:00,DADA
26.165,26.165,26.165,26.165,100,2021-09-10 19:02:00,DADA
26.14,26.14,25.95,25.98,8507,2021-09-10 19:04:00,DADA
26.02,26.06,25.98,26.06,1700,2021-09-10 19:05:00,DADA
26.06,26.09,26.06,26.0839,1500,2021-09-10 19:06:00,DADA
26.09,26.09,26.04,26.04,500,2021-09-10 19:07:00,DADA
26.05,26.05,26.05,26.05,100,2021-09-10 19:08:00,DADA
26.05,26.05,26.05,26.05,200,2021-09-10 19:09:00,DADA
26.01,26.01,26.01,26.01,100,2021-09-10 19:10:00,DADA
26.01,26.01,25.95,25.95,1300,2021-09-10 19:12:00,DADA
25.91,25.96,25.88,25.93,1900,2021-09-10 19:14:00,DADA
25.93,26.01,25.93,25.97,700,2021-09-10 19:15:00,DADA
25.93,25.93,25.93,25.93,100,2021-09-10 19:16:00,DADA
25.95,25.95,25.87,25.87,1348,2021-09-10 19:18:00,DADA
25.85,25.85,25.85,25.85,600,2021-09-10 19:19:00,DADA
25.87,25.92,25.86,25.8899,2100,2021-09-10 19:20:00,DADA
25.92,25.92,25.92,25.92,100,2021-09-10 19:22:00,DADA
25.87,25.87,25.84,25.85,1035,2021-09-10 19:23:00,DADA
25.875,25.875,25.875,25.875,100,2021-09-10 19:24:00,DADA
25.88,25.88,25.86,25.86,225,2021-09-10 19:25:00,DADA
25.88,25.88,25.88,25.88,200,2021-09-10 19:26:00,DADA
25.91,25.91,25.91,25.91,200,2021-09-10 19:27:00,DADA
25.92,25.92,25.87,25.87,400,2021-09-10 19:28:00,DADA
25.86,25.86,25.86,25.86,1038,2021-09-10 19:30:00,DADA
25.83,25.83,25.83,25.83,548,2021-09-10 19:31:00,DADA
25.835,25.88,25.835,25.88,1000,2021-09-10 19:32:00,DADA
25.86,25.88,25.86,25.88,408,2021-09-10 19:34:00,DADA
25.87,25.87,25.86,25.86,673,2021-09-10 19:35:00,DADA
25.84,25.84,25.81,25.81,1252,2021-09-10 19:36:00,DADA
25.81,25.84,25.81,25.83,330,2021-09-10 19:37:00,DADA
25.82,25.82,25.81,25.81,200,2021-09-10 19:38:00,DADA
25.82,25.82,25.81,25.81,200,2021-09-10 19:39:00,DADA
25.815,25.815,25.79,25.79,900,2021-09-10 19:40:00,DADA
25.795,25.81,25.78,25.79,900,2021-09-10 19:41:00,DADA
25.78,25.78,25.752,25.752,400,2021-09-10 19:42:00,DADA
25.78,25.8,25.78,25.795,500,2021-09-10 19:43:00,DADA
25.82,25.82,25.781,25.82,600,2021-09-10 19:44:00,DADA
25.815,25.83,25.8,25.815,400,2021-09-10 19:45:00,DADA
25.81,25.81,25.79,25.8,1757,2021-09-10 19:46:00,DADA
25.75,25.83,25.75,25.83,700,2021-09-10 19:47:00,DADA
25.8,25.8,25.785,25.785,400,2021-09-10 19:48:00,DADA
25.79,25.79,25.79,25.79,100,2021-09-10 19:49:00,DADA
25.79,25.82,25.79,25.82,200,2021-09-10 19:50:00,DADA
25.82,25.83,25.8,25.8,2600,2021-09-10 19:51:00,DADA
25.795,25.795,25.78,25.78,522,2021-09-10 19:52:00,DADA
25.79,25.79,25.71,25.73,4676,2021-09-10 19:53:00,DADA
25.73,25.78,25.73,25.77,1900,2021-09-10 19:54:00,DADA
25.76,25.78,25.76,25.78,716,2021-09-10 19:55:00,DADA
25.79,25.81,25.78,25.785,1200,2021-09-10 19:56:00,DADA
25.785,25.79,25.77,25.77,1647,2021-09-10 19:57:00,DADA
25.76,25.79,25.76,25.79,2713,2021-09-10 19:58:00,DADA
25.77,25.84,25.77,25.82,3933,2021-09-10 19:59:00,DADA
25.79,25.79,25.79,25.79,28695,2021-09-10 20:00:00,DADA
25.72,25.72,25.72,25.72,200,2021-09-10 20:12:00,DADA
25.78,25.78,25.78,25.78,300,2021-09-13 08:06:00,DADA
25.57,25.57,25.57,25.57,100,2021-09-13 09:46:00,DADA
25.64,25.64,25.64,25.64,202,2021-09-13 11:20:00,DADA
25.76,25.76,25.76,25.76,100,2021-09-13 11:45:00,DADA
25.65,25.65,25.6,25.6,1099,2021-09-13 12:34:00,DADA
25.51,25.51,25.5,25.5,389,2021-09-13 12:43:00,DADA
25.38,25.38,25.38,25.38,100,2021-09-13 12:47:00,DADA
25.39,25.49,25.38,25.38,906,2021-09-13 12:49:00,DADA
25.21,25.21,25.2,25.2,424,2021-09-13 13:06:00,DADA
25.25,25.25,25.25,25.25,100,2021-09-13 13:08:00,DADA
25.11,25.11,25.1,25.1,758,2021-09-13 13:11:00,DADA
25.0,25.0,25.0,25.0,500,2021-09-13 13:15:00,DADA
24.8,24.8,24.25,24.25,1048,2021-09-13 13:25:00,DADA
23.99,24.13,23.88,23.88,91103,2021-09-13 13:30:00,DADA
24.02,24.02,23.8,23.89,9342,2021-09-13 13:31:00,DADA
23.89,23.97,23.34,23.73,32578,2021-09-13 13:32:00,DADA
23.78,23.92,23.74,23.74,8834,2021-09-13 13:33:00,DADA
23.81,23.95,23.81,23.9,4431,2021-09-13 13:34:00,DADA
23.91,23.9311,23.88,23.885,2000,2021-09-13 13:35:00,DADA
23.86,23.86,23.715,23.715,2950,2021-09-13 13:36:00,DADA
23.67,23.69,23.41,23.465,8804,2021-09-13 13:37:00,DADA
23.52,23.53,23.4,23.48,6344,2021-09-13 13:38:00,DADA
23.43,23.43,23.06,23.3,20237,2021-09-13 13:39:00,DADA
23.3149,23.39,23.3149,23.32,7977,2021-09-13 13:40:00,DADA
23.34,23.41,23.29,23.29,6901,2021-09-13 13:41:00,DADA
23.2752,23.29,23.2006,23.21,8168,2021-09-13 13:42:00,DADA
23.2,23.2,23.12,23.15,2542,2021-09-13 13:43:00,DADA
23.1303,23.1303,22.9,22.91,10806,2021-09-13 13:44:00,DADA
22.9554,23.085,22.955,23.085,12796,2021-09-13 13:45:00,DADA
23.03,23.1,23.0,23.01,2528,2021-09-13 13:46:00,DADA
23.0001,23.09,22.97,23.03,10253,2021-09-13 13:47:00,DADA
23.06,23.11,23.02,23.07,4800,2021-09-13 13:48:00,DADA
23.09,23.12,22.97,23.02,37616,2021-09-13 13:49:00,DADA
23.02,23.02,22.9,22.92,2685,2021-09-13 13:50:00,DADA
22.93,23.01,22.88,22.88,6025,2021-09-13 13:51:00,DADA
22.95,22.95,22.87,22.87,5947,2021-09-13 13:52:00,DADA
22.8701,22.8701,22.8701,22.8701,200,2021-09-13 13:53:00,DADA
22.9,22.9,22.6701,22.86,16997,2021-09-13 13:54:00,DADA
22.8507,22.88,22.67,22.728,28760,2021-09-13 13:55:00,DADA
22.7,22.8,22.7,22.8,3708,2021-09-13 13:56:00,DADA
22.835,22.835,22.807,22.835,3304,2021-09-13 13:57:00,DADA
22.835,22.87,22.835,22.85,1122,2021-09-13 13:58:00,DADA
22.8301,22.86,22.72,22.73,7775,2021-09-13 13:59:00,DADA
22.745,22.745,22.51,22.52,12519,2021-09-13 14:00:00,DADA
22.598,22.69,22.598,22.6199,7742,2021-09-13 14:01:00,DADA
22.62,22.7983,22.62,22.7983,2598,2021-09-13 14:02:00,DADA
22.7719,22.8,22.73,22.735,3058,2021-09-13 14:03:00,DADA
22.74,22.74,22.6,22.6,2250,2021-09-13 14:04:00,DADA
22.6,22.6153,22.3,22.47,14528,2021-09-13 14:05:00,DADA
22.47,22.5799,22.47,22.53,4267,2021-09-13 14:06:00,DADA
22.52,22.5454,22.47,22.485,3965,2021-09-13 14:07:00,DADA
22.475,22.475,22.35,22.42,5320,2021-09-13 14:08:00,DADA
22.43,22.5,22.4,22.4,7485,2021-09-13 14:09:00,DADA
22.41,22.41,22.23,22.28,5726,2021-09-13 14:10:00,DADA
22.23,22.32,22.23,22.31,7897,2021-09-13 14:11:00,DADA
22.3,22.32,22.21,22.24,5197,2021-09-13 14:12:00,DADA
22.21,22.28,22.12,22.28,16082,2021-09-13 14:13:00,DADA
22.29,22.61,22.29,22.5601,5084,2021-09-13 14:14:00,DADA
22.6,22.775,22.6,22.715,4206,2021-09-13 14:15:00,DADA
22.7789,22.8095,22.7789,22.8095,1260,2021-09-13 14:16:00,DADA
22.78,22.78,22.6106,22.65,5395,2021-09-13 14:17:00,DADA
22.61,22.66,22.58,22.65,3091,2021-09-13 14:18:00,DADA
22.61,22.68,22.57,22.68,5933,2021-09-13 14:19:00,DADA
22.68,22.7,22.64,22.67,1900,2021-09-13 14:20:00,DADA
22.67,22.67,22.6692,22.67,500,2021-09-13 14:21:00,DADA
22.6643,22.68,22.63,22.63,5240,2021-09-13 14:22:00,DADA
22.645,22.645,22.61,22.61,1148,2021-09-13 14:23:00,DADA
22.56,22.67,22.56,22.67,6915,2021-09-13 14:24:00,DADA
22.68,22.72,22.68,22.72,1748,2021-09-13 14:25:00,DADA
22.8,22.86,22.8,22.82,2277,2021-09-13 14:26:00,DADA
22.82,22.8201,22.72,22.72,3055,2021-09-13 14:27:00,DADA
22.73,22.73,22.73,22.73,100,2021-09-13 14:28:00,DADA
22.685,22.72,22.64,22.68,1730,2021-09-13 14:29:00,DADA
22.64,22.64,22.5,22.52,3296,2021-09-13 14:30:00,DADA
22.56,22.56,22.5,22.5,900,2021-09-13 14:31:00,DADA
22.5101,22.61,22.51,22.61,8558,2021-09-13 14:32:00,DADA
22.6211,22.63,22.59,22.59,2600,2021-09-13 14:33:00,DADA
22.58,22.5902,22.55,22.55,743,2021-09-13 14:34:00,DADA
22.54,22.54,22.421,22.4597,5481,2021-09-13 14:35:00,DADA
22.47,22.48,22.45,22.46,2850,2021-09-13 14:36:00,DADA
22.46,22.5466,22.46,22.5466,2708,2021-09-13 14:37:00,DADA
22.56,22.56,22.5369,22.5401,2806,2021-09-13 14:38:00,DADA
22.54,22.54,22.49,22.49,2786,2021-09-13 14:39:00,DADA
22.49,22.5,22.44,22.44,1000,2021-09-13 14:40:00,DADA
22.47,22.49,22.44,22.49,1000,2021-09-13 14:41:00,DADA
22.42,22.45,22.41,22.42,1413,2021-09-13 14:42:00,DADA
22.476,22.476,22.42,22.4201,2400,2021-09-13 14:43:00,DADA
22.42,22.54,22.42,22.54,11297,2021-09-13 14:44:00,DADA
22.52,22.54,22.49,22.53,1837,2021-09-13 14:45:00,DADA
22.5,22.523,22.5,22.523,1518,2021-09-13 14:46:00,DADA
22.51,22.5289,22.49,22.49,622,2021-09-13 14:47:00,DADA
22.5,22.5226,22.4701,22.48,2200,2021-09-13 14:48:00,DADA
22.46,22.46,22.41,22.41,900,2021-09-13 14:49:00,DADA
22.41,22.41,22.31,22.31,1450,2021-09-13 14:50:00,DADA
22.31,22.3383,22.31,22.32,1700,2021-09-13 14:51:00,DADA
22.31,22.37,22.25,22.25,1850,2021-09-13 14:52:00,DADA
22.29,22.36,22.2801,22.345,12307,2021-09-13 14:53:00,DADA
22.35,22.43,22.35,22.43,4152,2021-09-13 14:54:00,DADA
22.4,22.43,22.4,22.43,632,2021-09-13 14:55:00,DADA
22.43,22.52,22.43,22.52,4434,2021-09-13 14:56:00,DADA
22.495,22.51,22.495,22.495,500,2021-09-13 14:57:00,DADA
22.51,22.51,22.44,22.45,3436,2021-09-13 14:58:00,DADA
22.44,22.47,22.42,22.42,2986,2021-09-13 14:59:00,DADA
22.445,22.48,22.445,22.47,4309,2021-09-13 15:00:00,DADA
22.47,22.47,22.33,22.33,4014,2021-09-13 15:01:00,DADA
22.3392,22.3392,22.21,22.225,6235,2021-09-13 15:02:00,DADA
22.225,22.3399,22.21,22.31,6875,2021-09-13 15:03:00,DADA
22.34,22.45,22.29,22.29,4742,2021-09-13 15:04:00,DADA
22.335,22.335,22.335,22.335,400,2021-09-13 15:05:00,DADA
22.32,22.34,22.32,22.34,1756,2021-09-13 15:06:00,DADA
22.34,22.38,22.34,22.35,7444,2021-09-13 15:07:00,DADA
22.35,22.35,22.33,22.33,1097,2021-09-13 15:08:00,DADA
22.32,22.32,22.11,22.11,7639,2021-09-13 15:09:00,DADA
22.11,22.14,22.01,22.12,8993,2021-09-13 15:10:00,DADA
22.12,22.215,22.12,22.215,1893,2021-09-13 15:11:00,DADA
22.1886,22.1886,22.11,22.14,3645,2021-09-13 15:12:00,DADA
22.1,22.11,22.0382,22.0382,3247,2021-09-13 15:13:00,DADA
22.0201,22.09,22.02,22.055,2600,2021-09-13 15:14:00,DADA
22.02,22.05,21.85,21.9,20899,2021-09-13 15:15:00,DADA
21.93,21.9604,21.93,21.95,1200,2021-09-13 15:16:00,DADA
21.9699,22.0,21.92,21.99,3845,2021-09-13 15:17:00,DADA
22.03,22.1269,22.01,22.1269,3430,2021-09-13 15:18:00,DADA
22.11,22.14,22.08,22.1183,4923,2021-09-13 15:19:00,DADA
22.1,22.1086,22.08,22.1086,1900,2021-09-13 15:20:00,DADA
22.08,22.109,22.065,22.08,4235,2021-09-13 15:21:00,DADA
22.08,22.08,22.08,22.08,600,2021-09-13 15:22:00,DADA
22.06,22.07,22.04,22.05,1550,2021-09-13 15:23:00,DADA
22.05,22.05,22.04,22.04,300,2021-09-13 15:24:00,DADA
22.04,22.05,22.04,22.04,521,2021-09-13 15:25:00,DADA
22.05,22.08,22.03,22.06,8946,2021-09-13 15:26:00,DADA
22.07,22.07,22.03,22.03,1698,2021-09-13 15:27:00,DADA
22.05,22.05,22.0301,22.0301,1200,2021-09-13 15:28:00,DADA
22.04,22.05,22.01,22.01,6484,2021-09-13 15:29:00,DADA
22.01,22.03,22.01,22.02,2028,2021-09-13 15:30:00,DADA
22.01,22.01,22.01,22.01,300,2021-09-13 15:31:00,DADA
22.01,22.01,21.84,21.95,29057,2021-09-13 15:32:00,DADA
21.9236,22.0722,21.9236,22.069,12562,2021-09-13 15:33:00,DADA
22.06,22.17,22.06,22.14,4212,2021-09-13 15:34:00,DADA
22.18,22.18,22.14,22.145,900,2021-09-13 15:35:00,DADA
22.15,22.22,22.15,22.22,2726,2021-09-13 15:36:00,DADA
22.22,22.2999,22.22,22.26,7655,2021-09-13 15:37:00,DADA
22.26,22.3,22.2401,22.29,4563,2021-09-13 15:38:00,DADA
22.305,22.305,22.305,22.305,300,2021-09-13 15:39:00,DADA
22.3,22.3,22.29,22.29,5948,2021-09-13 15:40:00,DADA
22.2925,22.295,22.12,22.1999,12802,2021-09-13 15:41:00,DADA
22.13,22.18,22.13,22.17,1467,2021-09-13 15:42:00,DADA
22.18,22.23,22.18,22.22,7012,2021-09-13 15:43:00,DADA
22.24,22.25,22.22,22.25,5443,2021-09-13 15:44:00,DADA
22.26,22.28,22.23,22.28,2295,2021-09-13 15:45:00,DADA
22.2765,22.28,22.255,22.28,904,2021-09-13 15:46:00,DADA
22.23,22.2301,22.13,22.145,1700,2021-09-13 15:47:00,DADA
22.14,22.155,22.04,22.04,1600,2021-09-13 15:48:00,DADA
22.05,22.065,21.91,22.06,14135,2021-09-13 15:49:00,DADA
22.06,22.0782,22.04,22.06,1996,2021-09-13 15:50:00,DADA
22.055,22.0687,21.98,21.98,7430,2021-09-13 15:51:00,DADA
21.96,21.97,21.9,21.9,1708,2021-09-13 15:52:00,DADA
21.89,21.97,21.89,21.97,9171,2021-09-13 15:53:00,DADA
21.98,21.98,21.98,21.98,834,2021-09-13 15:54:00,DADA
21.97,21.97,21.94,21.94,2732,2021-09-13 15:55:00,DADA
21.9001,21.94,21.9,21.94,9379,2021-09-13 15:56:00,DADA
21.949,21.97,21.949,21.9699,5900,2021-09-13 15:57:00,DADA
21.94,21.94,21.92,21.92,663,2021-09-13 15:58:00,DADA
21.94,21.94,21.92,21.92,1940,2021-09-13 15:59:00,DADA
21.9328,21.9328,21.855,21.87,10432,2021-09-13 16:00:00,DADA
21.865,21.885,21.86,21.8701,3276,2021-09-13 16:01:00,DADA
21.87,21.88,21.87,21.88,1100,2021-09-13 16:02:00,DADA
21.875,21.89,21.875,21.884,2572,2021-09-13 16:03:00,DADA
21.88,21.9903,21.875,21.9903,12671,2021-09-13 16:04:00,DADA
21.9853,22.02,21.9853,22.02,2639,2021-09-13 16:05:00,DADA
22.015,22.015,21.92,21.95,5289,2021-09-13 16:06:00,DADA
21.95,21.95,21.92,21.93,1341,2021-09-13 16:07:00,DADA
21.9325,21.9325,21.85,21.8898,2675,2021-09-13 16:08:00,DADA
21.87,21.94,21.87,21.94,6546,2021-09-13 16:09:00,DADA
21.9378,21.9432,21.9378,21.9432,600,2021-09-13 16:10:00,DADA
21.935,21.935,21.86,21.88,2737,2021-09-13 16:11:00,DADA
21.86,21.88,21.84,21.84,4202,2021-09-13 16:12:00,DADA
21.83,21.86,21.8096,21.86,8826,2021-09-13 16:13:00,DADA
21.87,21.8775,21.811,21.811,4363,2021-09-13 16:14:00,DADA
21.825,21.825,21.8,21.805,9068,2021-09-13 16:15:00,DADA
21.8025,21.81,21.63,21.81,26083,2021-09-13 16:16:00,DADA
21.81,21.81,21.775,21.775,1000,2021-09-13 16:17:00,DADA
21.785,21.81,21.75,21.77,4803,2021-09-13 16:18:00,DADA
21.76,21.82,21.76,21.8197,3540,2021-09-13 16:19:00,DADA
21.805,21.805,21.76,21.76,1000,2021-09-13 16:20:00,DADA
21.77,21.77,21.72,21.74,4774,2021-09-13 16:21:00,DADA
21.735,21.74,21.73,21.74,1267,2021-09-13 16:22:00,DADA
21.7427,21.77,21.72,21.73,3039,2021-09-13 16:23:00,DADA
21.7399,21.7399,21.68,21.68,15390,2021-09-13 16:24:00,DADA
21.68,21.745,21.68,21.71,5796,2021-09-13 16:25:00,DADA
21.72,21.82,21.72,21.82,6581,2021-09-13 16:26:00,DADA
21.795,21.8,21.77,21.77,1000,2021-09-13 16:27:00,DADA
21.78,21.88,21.78,21.8799,3801,2021-09-13 16:28:00,DADA
21.88,21.91,21.85,21.91,5499,2021-09-13 16:29:00,DADA
21.97,21.978,21.91,21.91,4450,2021-09-13 16:30:00,DADA
21.925,21.9499,21.925,21.9499,1500,2021-09-13 16:31:00,DADA
21.925,21.925,21.83,21.83,5823,2021-09-13 16:32:00,DADA
21.83,21.83,21.76,21.76,1046,2021-09-13 16:33:00,DADA
21.76,21.795,21.76,21.785,600,2021-09-13 16:34:00,DADA
21.77,21.87,21.77,21.86,9722,2021-09-13 16:35:00,DADA
21.87,21.87,21.87,21.87,100,2021-09-13 16:37:00,DADA
21.84,21.85,21.75,21.7886,3612,2021-09-13 16:38:00,DADA
21.775,21.8,21.75,21.7667,1036,2021-09-13 16:39:00,DADA
21.75,21.75,21.67,21.67,3209,2021-09-13 16:40:00,DADA
21.67,21.73,21.67,21.7,5876,2021-09-13 16:41:00,DADA
21.74,21.82,21.74,21.819,5156,2021-09-13 16:42:00,DADA
21.83,21.87,21.81,21.82,2203,2021-09-13 16:43:00,DADA
21.82,21.82,21.7555,21.7555,2226,2021-09-13 16:44:00,DADA
21.75,21.78,21.735,21.75,5396,2021-09-13 16:45:00,DADA
21.75,21.76,21.73,21.73,5537,2021-09-13 16:46:00,DADA
21.74,21.75,21.73,21.74,2741,2021-09-13 16:47:00,DADA
21.76,21.81,21.76,21.81,1067,2021-09-13 16:48:00,DADA
21.838,21.84,21.83,21.83,700,2021-09-13 16:49:00,DADA
21.825,21.88,21.825,21.8773,3728,2021-09-13 16:50:00,DADA
21.885,21.91,21.88,21.88,2000,2021-09-13 16:51:00,DADA
21.9189,21.9189,21.9189,21.9189,300,2021-09-13 16:52:00,DADA
21.92,21.92,21.87,21.895,400,2021-09-13 16:53:00,DADA
21.87,21.895,21.76,21.76,2129,2021-09-13 16:54:00,DADA
21.75,21.7792,21.73,21.73,1330,2021-09-13 16:55:00,DADA
21.73,21.798,21.73,21.798,2967,2021-09-13 16:56:00,DADA
21.7999,21.7999,21.7804,21.7804,400,2021-09-13 16:57:00,DADA
21.7501,21.7501,21.7501,21.7501,100,2021-09-13 16:58:00,DADA
21.75,21.755,21.75,21.75,400,2021-09-13 16:59:00,DADA
21.75,21.7614,21.74,21.7401,1677,2021-09-13 17:00:00,DADA
21.7667,21.7667,21.75,21.75,338,2021-09-13 17:01:00,DADA
21.759,21.88,21.75,21.88,12649,2021-09-13 17:02:00,DADA
21.86,21.94,21.86,21.9201,2500,2021-09-13 17:03:00,DADA
21.94,22.11,21.94,22.11,16669,2021-09-13 17:04:00,DADA
22.0806,22.09,22.02,22.02,4636,2021-09-13 17:05:00,DADA
22.01,22.01,22.01,22.01,460,2021-09-13 17:06:00,DADA
22.01,22.0264,22.01,22.0264,200,2021-09-13 17:07:00,DADA
22.03,22.03,22.02,22.02,2145,2021-09-13 17:08:00,DADA
22.0222,22.05,22.02,22.04,6875,2021-09-13 17:09:00,DADA
22.04,22.05,22.03,22.05,902,2021-09-13 17:10:00,DADA
22.04,22.07,22.02,22.07,5047,2021-09-13 17:11:00,DADA
22.06,22.07,22.05,22.05,1320,2021-09-13 17:12:00,DADA
22.06,22.12,22.06,22.1,2300,2021-09-13 17:13:00,DADA
22.09,22.09,22.01,22.04,3764,2021-09-13 17:14:00,DADA
22.045,22.05,22.01,22.0225,1582,2021-09-13 17:15:00,DADA
22.02,22.03,22.01,22.03,8414,2021-09-13 17:16:00,DADA
22.03,22.1,22.0101,22.0101,5199,2021-09-13 17:17:00,DADA
22.02,22.02,22.015,22.015,200,2021-09-13 17:18:00,DADA
22.02,22.09,22.02,22.0587,3550,2021-09-13 17:19:00,DADA
22.0605,22.1,22.03,22.03,5750,2021-09-13 17:20:00,DADA
22.025,22.08,22.025,22.06,6417,2021-09-13 17:21:00,DADA
22.065,22.065,22.0223,22.025,2880,2021-09-13 17:22:00,DADA
22.025,22.025,22.01,22.01,3651,2021-09-13 17:23:00,DADA
22.0,22.01,22.0,22.005,19162,2021-09-13 17:24:00,DADA
22.005,22.005,22.0,22.005,2825,2021-09-13 17:25:00,DADA
22.01,22.02,22.0,22.01,8874,2021-09-13 17:26:00,DADA
22.02,22.02,22.0,22.005,5052,2021-09-13 17:27:00,DADA
22.005,22.005,21.85,21.93,44844,2021-09-13 17:28:00,DADA
21.88,21.92,21.875,21.91,5310,2021-09-13 17:29:00,DADA
21.91,21.91,21.8997,21.91,1700,2021-09-13 17:30:00,DADA
21.89,21.905,21.89,21.905,1200,2021-09-13 17:31:00,DADA
21.905,21.905,21.86,21.86,1518,2021-09-13 17:32:00,DADA
21.88,21.92,21.88,21.92,3494,2021-09-13 17:33:00,DADA
21.92,21.96,21.92,21.95,3500,2021-09-13 17:34:00,DADA
21.96,21.96,21.96,21.96,300,2021-09-13 17:35:00,DADA
21.96,21.99,21.95,21.99,2781,2021-09-13 17:36:00,DADA
21.99,22.03,21.99,22.03,1723,2021-09-13 17:37:00,DADA
22.03,22.1,22.03,22.1,1940,2021-09-13 17:38:00,DADA
22.11,22.11,22.01,22.025,4732,2021-09-13 17:39:00,DADA
22.06,22.06,22.05,22.05,2300,2021-09-13 17:40:00,DADA
22.05,22.05,22.05,22.05,200,2021-09-13 17:41:00,DADA
22.025,22.05,22.0,22.05,2137,2021-09-13 17:42:00,DADA
22.0459,22.05,22.04,22.04,1300,2021-09-13 17:43:00,DADA
22.0201,22.06,22.0201,22.04,630,2021-09-13 17:44:00,DADA
22.04,22.06,22.02,22.04,6583,2021-09-13 17:45:00,DADA
22.06,22.07,22.05,22.055,2965,2021-09-13 17:46:00,DADA
22.04,22.05,22.0,22.015,1800,2021-09-13 17:47:00,DADA
22.0,22.0,21.97,21.97,1684,2021-09-13 17:48:00,DADA
21.99,22.01,21.97,22.01,2000,2021-09-13 17:49:00,DADA
21.99,22.0,21.9,21.9,3560,2021-09-13 17:50:00,DADA
21.88,21.91,21.88,21.91,900,2021-09-13 17:51:00,DADA
21.91,21.95,21.91,21.945,3749,2021-09-13 17:52:00,DADA
21.945,21.95,21.945,21.95,3427,2021-09-13 17:53:00,DADA
21.95,21.95,21.945,21.95,1855,2021-09-13 17:54:00,DADA
21.945,21.95,21.9408,21.945,1841,2021-09-13 17:55:00,DADA
21.95,21.95,21.945,21.95,2433,2021-09-13 17:56:00,DADA
21.95,22.07,21.95,22.02,10106,2021-09-13 17:57:00,DADA
22.04,22.05,22.04,22.05,1774,2021-09-13 17:58:00,DADA
22.05,22.05,22.025,22.05,600,2021-09-13 17:59:00,DADA
22.05,22.05,22.03,22.05,1236,2021-09-13 18:00:00,DADA
22.04,22.04,22.035,22.04,2000,2021-09-13 18:01:00,DADA
22.04,22.1592,22.04,22.14,3711,2021-09-13 18:02:00,DADA
22.14,22.145,22.11,22.14,1777,2021-09-13 18:03:00,DADA
22.11,22.11,22.11,22.11,200,2021-09-13 18:04:00,DADA
22.12,22.13,22.03,22.04,13002,2021-09-13 18:06:00,DADA
22.0,22.015,21.94,21.94,11655,2021-09-13 18:07:00,DADA
21.97,21.97,21.94,21.955,1657,2021-09-13 18:08:00,DADA
21.94,22.02,21.94,21.97,13373,2021-09-13 18:09:00,DADA
21.97,21.97,21.925,21.925,1345,2021-09-13 18:10:00,DADA
21.93,21.93,21.88,21.88,2022,2021-09-13 18:11:00,DADA
21.8891,21.91,21.88,21.91,700,2021-09-13 18:12:00,DADA
21.89,21.94,21.89,21.9,3500,2021-09-13 18:13:00,DADA
21.905,21.91,21.88,21.885,2303,2021-09-13 18:14:00,DADA
21.885,21.885,21.8,21.81,21356,2021-09-13 18:15:00,DADA
21.81,21.82,21.8,21.805,12103,2021-09-13 18:16:00,DADA
21.805,21.81,21.805,21.805,1000,2021-09-13 18:17:00,DADA
21.805,21.81,21.8,21.805,6371,2021-09-13 18:18:00,DADA
21.81,21.81,21.81,21.81,100,2021-09-13 18:19:00,DADA
21.805,21.81,21.8,21.805,5250,2021-09-13 18:20:00,DADA
21.805,21.805,21.805,21.805,1277,2021-09-13 18:21:00,DADA
21.805,21.805,21.7201,21.74,68845,2021-09-13 18:22:00,DADA
21.74,21.74,21.505,21.505,29025,2021-09-13 18:23:00,DADA
21.505,21.505,21.35,21.44,14255,2021-09-13 18:24:00,DADA
21.425,21.495,21.425,21.475,7535,2021-09-13 18:25:00,DADA
21.475,21.55,21.475,21.55,4633,2021-09-13 18:26:00,DADA
21.57,21.5899,21.55,21.56,5117,2021-09-13 18:27:00,DADA
21.57,21.57,21.56,21.56,600,2021-09-13 18:28:00,DADA
21.5718,21.64,21.56,21.64,11931,2021-09-13 18:29:00,DADA
21.66,21.66,21.56,21.57,5415,2021-09-13 18:30:00,DADA
21.6,21.61,21.5967,21.5967,1262,2021-09-13 18:31:00,DADA
21.595,21.6,21.5943,21.595,1212,2021-09-13 18:32:00,DADA
21.6046,21.62,21.57,21.59,6332,2021-09-13 18:33:00,DADA
21.57,21.58,21.32,21.38,15361,2021-09-13 18:34:00,DADA
21.38,21.39,21.335,21.37,8861,2021-09-13 18:35:00,DADA
21.39,21.46,21.3799,21.46,11389,2021-09-13 18:36:00,DADA
21.44,21.4597,21.33,21.378,4132,2021-09-13 18:37:00,DADA
21.38,21.39,21.36,21.365,4636,2021-09-13 18:38:00,DADA
21.3601,21.365,21.31,21.34,2611,2021-09-13 18:39:00,DADA
21.32,21.34,21.315,21.34,5900,2021-09-13 18:40:00,DADA
21.34,21.37,21.33,21.35,10429,2021-09-13 18:41:00,DADA
21.34,21.3581,21.34,21.34,2721,2021-09-13 18:42:00,DADA
21.345,21.36,21.33,21.36,4741,2021-09-13 18:43:00,DADA
21.35,21.358,21.3375,21.345,1799,2021-09-13 18:44:00,DADA
21.345,21.51,21.33,21.51,24950,2021-09-13 18:45:00,DADA
21.51,21.5238,21.5,21.505,1700,2021-09-13 18:46:00,DADA
21.48,21.5,21.4201,21.4201,5000,2021-09-13 18:47:00,DADA
21.435,21.465,21.35,21.465,10109,2021-09-13 18:48:00,DADA
21.465,21.475,21.355,21.355,3676,2021-09-13 18:49:00,DADA
21.355,21.41,21.35,21.405,11706,2021-09-13 18:50:00,DADA
21.405,21.405,21.3601,21.375,1000,2021-09-13 18:51:00,DADA
21.39,21.39,21.35,21.365,9743,2021-09-13 18:52:00,DADA
21.365,21.38,21.35,21.375,5758,2021-09-13 18:53:00,DADA
21.38,21.45,21.35,21.35,9131,2021-09-13 18:54:00,DADA
21.38,21.385,21.35,21.385,400,2021-09-13 18:55:00,DADA
21.36,21.385,21.36,21.37,5525,2021-09-13 18:56:00,DADA
21.365,21.37,21.35,21.35,6552,2021-09-13 18:57:00,DADA
21.355,21.41,21.35,21.41,10070,2021-09-13 18:58:00,DADA
21.42,21.539,21.42,21.4801,6464,2021-09-13 18:59:00,DADA
21.52,21.52,21.42,21.42,4668,2021-09-13 19:00:00,DADA
21.44,21.44,21.41,21.41,3309,2021-09-13 19:01:00,DADA
21.41,21.415,21.33,21.3506,12759,2021-09-13 19:02:00,DADA
21.35,21.35,21.32,21.35,6288,2021-09-13 19:03:00,DADA
21.35,21.41,21.34,21.41,6853,2021-09-13 19:04:00,DADA
21.4,21.415,21.35,21.35,2332,2021-09-13 19:05:00,DADA
21.35,21.35,21.34,21.34,735,2021-09-13 19:06:00,DADA
21.35,21.37,21.33,21.37,7423,2021-09-13 19:07:00,DADA
21.37,21.44,21.37,21.395,6399,2021-09-13 19:08:00,DADA
21.38,21.395,21.34,21.345,2086,2021-09-13 19:09:00,DADA
21.345,21.37,21.345,21.35,2007,2021-09-13 19:10:00,DADA
21.35,21.35,21.34,21.34,2169,2021-09-13 19:11:00,DADA
21.35,21.38,21.34,21.3499,7916,2021-09-13 19:12:00,DADA
21.36,21.4282,21.3401,21.4282,6649,2021-09-13 19:13:00,DADA
21.4299,21.43,21.39,21.4,1725,2021-09-13 19:14:00,DADA
21.38,21.4,21.38,21.395,1716,2021-09-13 19:15:00,DADA
21.38,21.4026,21.35,21.35,2791,2021-09-13 19:16:00,DADA
21.35,21.366,21.35,21.35,2400,2021-09-13 19:17:00,DADA
21.35,21.37,21.35,21.37,4329,2021-09-13 19:18:00,DADA
21.37,21.44,21.37,21.44,8548,2021-09-13 19:19:00,DADA
21.44,21.48,21.36,21.47,11737,2021-09-13 19:20:00,DADA
21.45,21.4574,21.4001,21.425,3192,2021-09-13 19:21:00,DADA
21.44,21.44,21.4,21.4,4566,2021-09-13 19:22:00,DADA
21.36,21.42,21.35,21.42,8417,2021-09-13 19:23:00,DADA
21.4,21.41,21.37,21.37,1100,2021-09-13 19:24:00,DADA
21.385,21.385,21.35,21.35,1785,2021-09-13 19:25:00,DADA
21.345,21.4,21.34,21.39,14787,2021-09-13 19:26:00,DADA
21.4099,21.43,21.395,21.42,3464,2021-09-13 19:27:00,DADA
21.43,21.46,21.43,21.435,5343,2021-09-13 19:28:00,DADA
21.44,21.44,21.41,21.43,1346,2021-09-13 19:29:00,DADA
21.42,21.43,21.38,21.38,3494,2021-09-13 19:30:00,DADA
21.38,21.42,21.38,21.42,6447,2021-09-13 19:31:00,DADA
21.4,21.41,21.4,21.41,800,2021-09-13 19:32:00,DADA
21.4,21.4153,21.36,21.36,5918,2021-09-13 19:33:00,DADA
21.36,21.39,21.36,21.38,3692,2021-09-13 19:34:00,DADA
21.37,21.39,21.35,21.35,5007,2021-09-13 19:35:00,DADA
21.36,21.36,21.35,21.36,2200,2021-09-13 19:36:00,DADA
21.36,21.4141,21.35,21.4141,12135,2021-09-13 19:37:00,DADA
21.405,21.405,21.405,21.405,3084,2021-09-13 19:38:00,DADA
21.405,21.405,21.38,21.39,3756,2021-09-13 19:39:00,DADA
21.38,21.39,21.35,21.35,4579,2021-09-13 19:40:00,DADA
21.35,21.37,21.35,21.35,4285,2021-09-13 19:41:00,DADA
21.35,21.355,21.16,21.24,30585,2021-09-13 19:42:00,DADA
21.24,21.31,21.21,21.21,5329,2021-09-13 19:43:00,DADA
21.22,21.25,21.2006,21.23,5229,2021-09-13 19:44:00,DADA
21.22,21.2499,21.1601,21.18,6885,2021-09-13 19:45:00,DADA
21.18,21.28,21.18,21.28,11486,2021-09-13 19:46:00,DADA
21.25,21.26,21.21,21.21,2889,2021-09-13 19:47:00,DADA
21.23,21.25,21.225,21.225,8733,2021-09-13 19:48:00,DADA
21.225,21.245,21.17,21.2,25036,2021-09-13 19:49:00,DADA
21.23,21.28,21.23,21.245,18434,2021-09-13 19:50:00,DADA
21.25,21.3,21.25,21.28,25028,2021-09-13 19:51:00,DADA
21.2816,21.2816,21.221,21.221,11739,2021-09-13 19:52:00,DADA
21.2272,21.25,21.18,21.21,14582,2021-09-13 19:53:00,DADA
21.195,21.32,21.195,21.31,21555,2021-09-13 19:54:00,DADA
21.32,21.33,21.28,21.3,17922,2021-09-13 19:55:00,DADA
21.3,21.3,21.22,21.23,16299,2021-09-13 19:56:00,DADA
21.235,21.26,21.21,21.245,27662,2021-09-13 19:57:00,DADA
21.23,21.25,21.19,21.205,49944,2021-09-13 19:58:00,DADA
21.2001,21.33,21.2,21.29,32936,2021-09-13 19:59:00,DADA
21.29,21.29,21.29,21.29,81003,2021-09-13 20:00:00,DADA
21.8799,21.8799,21.8799,21.8799,45216,2021-09-13 20:03:00,DADA
21.79,21.79,21.79,21.79,200,2021-09-13 20:06:00,DADA
21.16,21.29,21.13,21.13,4845,2021-09-13 20:19:00,DADA
21.48,21.48,21.48,21.48,100,2021-09-13 20:22:00,DADA
21.53,21.53,21.5,21.5,600,2021-09-13 20:25:00,DADA
21.53,21.53,21.53,21.53,400,2021-09-13 20:26:00,DADA
21.54,21.55,21.54,21.55,400,2021-09-13 20:27:00,DADA
21.54,21.54,21.54,21.54,100,2021-09-13 20:32:00,DADA
21.29,21.29,21.29,21.29,5166,2021-09-13 20:33:00,DADA
21.55,21.55,21.55,21.55,194,2021-09-13 20:35:00,DADA
21.56,21.6,21.54,21.6,1675,2021-09-13 20:52:00,DADA
21.45,21.45,21.45,21.45,1250,2021-09-13 20:57:00,DADA
21.45,21.45,21.45,21.45,1027,2021-09-13 20:58:00,DADA
21.69,21.74,21.69,21.74,2000,2021-09-13 21:00:00,DADA
21.74,21.74,21.74,21.74,120,2021-09-13 21:01:00,DADA
21.3,21.3,21.3,21.3,652,2021-09-13 21:04:00,DADA
21.53,21.6,21.53,21.6,1150,2021-09-13 23:49:00,DADA
21.6,21.6,21.6,21.6,121,2021-09-13 23:50:00,DADA
21.6,21.6,21.6,21.6,200,2021-09-13 23:55:00,DADA
21.6,21.6,21.6,21.6,100,2021-09-13 23:58:00,DADA
21.6,21.6,21.6,21.6,240,2021-09-14 08:02:00,DADA
21.25,21.25,21.25,21.25,1000,2021-09-14 08:08:00,DADA
21.25,21.25,21.25,21.25,200,2021-09-14 09:25:00,DADA
21.24,21.25,21.24,21.24,758,2021-09-14 09:38:00,DADA
21.19,21.19,21.19,21.19,497,2021-09-14 09:52:00,DADA
21.45,21.45,21.45,21.45,100,2021-09-14 09:59:00,DADA
21.45,21.45,21.22,21.22,300,2021-09-14 10:03:00,DADA
21.45,21.45,21.45,21.45,100,2021-09-14 10:04:00,DADA
21.45,21.45,21.45,21.45,100,2021-09-14 10:07:00,DADA
21.49,21.59,21.49,21.59,200,2021-09-14 10:10:00,DADA
21.49,21.49,21.49,21.49,100,2021-09-14 10:11:00,DADA
21.5,21.5,21.5,21.5,100,2021-09-14 10:13:00,DADA
21.58,21.6,21.58,21.6,1316,2021-09-14 10:14:00,DADA
21.59,21.59,21.59,21.59,100,2021-09-14 10:16:00,DADA
21.59,21.59,21.59,21.59,100,2021-09-14 10:18:00,DADA
21.58,21.58,21.58,21.58,100,2021-09-14 10:23:00,DADA
21.58,21.58,21.58,21.58,100,2021-09-14 10:24:00,DADA
21.58,21.58,21.58,21.58,200,2021-09-14 10:30:00,DADA
21.58,21.58,21.58,21.58,100,2021-09-14 10:31:00,DADA
21.59,21.59,21.59,21.59,100,2021-09-14 10:32:00,DADA
21.58,21.58,21.58,21.58,100,2021-09-14 10:33:00,DADA
21.59,21.59,21.59,21.59,100,2021-09-14 10:35:00,DADA
21.59,21.59,21.59,21.59,100,2021-09-14 10:39:00,DADA
21.59,21.59,21.59,21.59,100,2021-09-14 10:44:00,DADA
21.6,21.6,21.45,21.45,300,2021-09-14 10:50:00,DADA
21.59,21.59,21.59,21.59,200,2021-09-14 10:55:00,DADA
21.6,21.6,21.6,21.6,100,2021-09-14 10:56:00,DADA
21.59,21.59,21.59,21.59,100,2021-09-14 10:59:00,DADA
21.59,21.59,21.59,21.59,100,2021-09-14 11:00:00,DADA
21.6,21.6,21.6,21.6,643,2021-09-14 11:02:00,DADA
21.97,21.97,21.97,21.97,150,2021-09-14 11:15:00,DADA
21.63,21.63,21.63,21.63,200,2021-09-14 11:17:00,DADA
21.62,21.63,21.62,21.63,294,2021-09-14 11:18:00,DADA
21.65,21.66,21.65,21.66,1200,2021-09-14 11:29:00,DADA
21.61,21.61,21.44,21.44,650,2021-09-14 11:53:00,DADA
21.43,21.43,21.43,21.43,200,2021-09-14 11:59:00,DADA
21.63,21.63,21.63,21.63,100,2021-09-14 12:11:00,DADA
21.62,21.62,21.62,21.62,300,2021-09-14 12:36:00,DADA
21.6,21.6,21.6,21.6,200,2021-09-14 12:58:00,DADA
21.66,21.66,21.66,21.66,153,2021-09-14 13:12:00,DADA
21.68,21.7,21.68,21.69,1226,2021-09-14 13:25:00,DADA
21.71,21.8799,21.3,21.355,62724,2021-09-14 13:30:00,DADA
21.31,21.31,21.2001,21.2486,3958,2021-09-14 13:31:00,DADA
21.2,21.2,20.7,20.74,33098,2021-09-14 13:32:00,DADA
20.72,20.76,20.66,20.67,10445,2021-09-14 13:33:00,DADA
20.67,20.77,20.64,20.64,9059,2021-09-14 13:34:00,DADA
20.64,20.68,20.54,20.54,14129,2021-09-14 13:35:00,DADA
20.52,20.939,20.5,20.78,62822,2021-09-14 13:36:00,DADA
20.72,20.77,20.66,20.66,1681,2021-09-14 13:37:00,DADA
20.66,20.67,20.59,20.61,2941,2021-09-14 13:38:00,DADA
20.635,20.99,20.635,20.98,8562,2021-09-14 13:39:00,DADA
20.98,21.12,20.98,21.065,2080,2021-09-14 13:40:00,DADA
21.0801,21.0801,20.9,20.94,3748,2021-09-14 13:41:00,DADA
20.855,20.855,20.81,20.81,329,2021-09-14 13:42:00,DADA
20.8861,20.8861,20.8861,20.8861,200,2021-09-14 13:43:00,DADA
20.82,20.825,20.75,20.75,9135,2021-09-14 13:44:00,DADA
20.73,20.73,20.4,20.41,24420,2021-09-14 13:45:00,DADA
20.41,20.54,20.3,20.5,30048,2021-09-14 13:46:00,DADA
20.52,20.54,20.5,20.5182,4095,2021-09-14 13:47:00,DADA
20.5,20.5,20.26,20.36,14735,2021-09-14 13:48:00,DADA
20.39,20.5,20.38,20.45,12617,2021-09-14 13:49:00,DADA
20.45,20.4886,20.31,20.335,33025,2021-09-14 13:50:00,DADA
20.31,20.54,20.31,20.5396,7340,2021-09-14 13:51:00,DADA
20.51,20.55,20.34,20.34,10409,2021-09-14 13:52:00,DADA
20.32,20.34,20.29,20.32,8215,2021-09-14 13:53:00,DADA
20.32,20.46,20.31,20.35,6917,2021-09-14 13:54:00,DADA
20.4018,20.4018,20.28,20.31,5986,2021-09-14 13:55:00,DADA
20.32,20.35,20.32,20.348,2126,2021-09-14 13:56:00,DADA
20.35,20.36,20.3,20.328,5452,2021-09-14 13:57:00,DADA
20.34,20.34,20.29,20.29,3632,2021-09-14 13:58:00,DADA
20.27,20.27,20.1501,20.21,12708,2021-09-14 13:59:00,DADA
20.2,20.21,20.0,20.0,36971,2021-09-14 14:00:00,DADA
20.0,20.08,20.0,20.055,27926,2021-09-14 14:01:00,DADA
20.07,20.08,20.0301,20.045,8336,2021-09-14 14:02:00,DADA
20.05,20.15,20.04,20.15,8518,2021-09-14 14:03:00,DADA
20.18,20.2084,20.18,20.2,3415,2021-09-14 14:04:00,DADA
20.21,20.37,20.2,20.31,8136,2021-09-14 14:05:00,DADA
20.3101,20.4202,20.3101,20.408,5597,2021-09-14 14:06:00,DADA
20.38,20.51,20.35,20.45,4706,2021-09-14 14:07:00,DADA
20.4696,20.5023,20.4696,20.49,1736,2021-09-14 14:08:00,DADA
20.5,20.52,20.49,20.52,3472,2021-09-14 14:09:00,DADA
20.52,20.52,20.45,20.48,4564,2021-09-14 14:10:00,DADA
20.48,20.605,20.48,20.605,4354,2021-09-14 14:11:00,DADA
20.605,20.65,20.585,20.6401,3060,2021-09-14 14:12:00,DADA
20.62,20.63,20.6,20.62,1217,2021-09-14 14:13:00,DADA
20.62,20.62,20.56,20.56,4797,2021-09-14 14:14:00,DADA
20.56,20.56,20.39,20.42,7186,2021-09-14 14:15:00,DADA
20.4208,20.46,20.36,20.37,2629,2021-09-14 14:16:00,DADA
20.39,20.41,20.38,20.4,1040,2021-09-14 14:17:00,DADA
20.42,20.47,20.41,20.47,2201,2021-09-14 14:18:00,DADA
20.54,20.55,20.48,20.505,2060,2021-09-14 14:20:00,DADA
20.495,20.495,20.405,20.405,3764,2021-09-14 14:21:00,DADA
20.37,20.4,20.22,20.36,5864,2021-09-14 14:22:00,DADA
20.345,20.345,20.345,20.345,300,2021-09-14 14:23:00,DADA
20.35,20.36,20.225,20.23,2179,2021-09-14 14:24:00,DADA
20.2201,20.24,20.19,20.215,901,2021-09-14 14:25:00,DADA
20.17,20.17,20.1,20.15,3515,2021-09-14 14:26:00,DADA
20.135,20.22,20.135,20.22,1689,2021-09-14 14:27:00,DADA
20.17,20.17,20.12,20.1574,2582,2021-09-14 14:28:00,DADA
20.12,20.12,20.08,20.09,2988,2021-09-14 14:29:00,DADA
20.09,20.165,20.081,20.13,5893,2021-09-14 14:30:00,DADA
20.145,20.145,20.09,20.12,700,2021-09-14 14:31:00,DADA
20.12,20.16,20.12,20.1498,1135,2021-09-14 14:32:00,DADA
20.135,20.137,20.125,20.135,700,2021-09-14 14:33:00,DADA
20.1329,20.195,20.1329,20.195,3931,2021-09-14 14:34:00,DADA
20.16,20.18,20.15,20.17,5378,2021-09-14 14:35:00,DADA
20.19,20.19,20.18,20.18,200,2021-09-14 14:36:00,DADA
20.19,20.19,20.16,20.17,2053,2021-09-14 14:37:00,DADA
20.155,20.155,20.065,20.14,5474,2021-09-14 14:38:00,DADA
20.1072,20.13,20.1072,20.13,700,2021-09-14 14:39:00,DADA
20.09,20.11,20.0701,20.079,2348,2021-09-14 14:40:00,DADA
20.08,20.09,20.08,20.08,1046,2021-09-14 14:41:00,DADA
20.09,20.1,20.07,20.08,6781,2021-09-14 14:42:00,DADA
20.07,20.14,20.07,20.14,5145,2021-09-14 14:44:00,DADA
20.155,20.18,20.155,20.16,500,2021-09-14 14:45:00,DADA
20.19,20.19,20.13,20.16,2529,2021-09-14 14:46:00,DADA
20.19,20.27,20.19,20.23,2056,2021-09-14 14:47:00,DADA
20.26,20.26,20.23,20.23,500,2021-09-14 14:48:00,DADA
20.22,20.24,20.2,20.23,876,2021-09-14 14:49:00,DADA
20.24,20.2593,20.24,20.24,1600,2021-09-14 14:50:00,DADA
20.23,20.27,20.23,20.26,2649,2021-09-14 14:51:00,DADA
20.3,20.3,20.28,20.29,3430,2021-09-14 14:52:00,DADA
20.29,20.3,20.27,20.285,2294,2021-09-14 14:53:00,DADA
20.27,20.285,20.26,20.275,1600,2021-09-14 14:54:00,DADA
20.26,20.26,20.12,20.22,12470,2021-09-14 14:55:00,DADA
20.26,20.26,20.26,20.26,1000,2021-09-14 14:56:00,DADA
20.27,20.27,20.27,20.27,860,2021-09-14 14:57:00,DADA
20.255,20.255,20.1902,20.1902,6688,2021-09-14 14:58:00,DADA
20.19,20.191,20.14,20.16,1702,2021-09-14 14:59:00,DADA
20.175,20.18,20.15,20.17,1363,2021-09-14 15:00:00,DADA
20.165,20.19,20.1,20.125,3939,2021-09-14 15:01:00,DADA
20.135,20.14,20.08,20.11,2940,2021-09-14 15:02:00,DADA
20.08,20.09,20.05,20.075,2840,2021-09-14 15:03:00,DADA
20.08,20.13,20.075,20.12,2917,2021-09-14 15:04:00,DADA
20.12,20.15,20.12,20.135,959,2021-09-14 15:05:00,DADA
20.1491,20.1491,20.11,20.11,1059,2021-09-14 15:06:00,DADA
20.135,20.19,20.13,20.19,7492,2021-09-14 15:07:00,DADA
20.16,20.165,20.14,20.16,520,2021-09-14 15:08:00,DADA
20.17,20.17,20.14,20.14,4466,2021-09-14 15:09:00,DADA
20.15,20.2113,20.1482,20.1701,4010,2021-09-14 15:10:00,DADA
20.185,20.185,20.17,20.1701,1835,2021-09-14 15:11:00,DADA
20.1873,20.2,20.1873,20.2,1900,2021-09-14 15:12:00,DADA
20.22,20.26,20.215,20.26,2829,2021-09-14 15:13:00,DADA
20.25,20.29,20.25,20.29,300,2021-09-14 15:14:00,DADA
20.28,20.29,20.23,20.2716,2543,2021-09-14 15:15:00,DADA
20.22,20.23,20.22,20.22,2327,2021-09-14 15:16:00,DADA
20.225,20.225,20.19,20.2,2155,2021-09-14 15:17:00,DADA
20.2099,20.2099,20.105,20.14,5199,2021-09-14 15:18:00,DADA
20.14,20.155,20.14,20.155,678,2021-09-14 15:19:00,DADA
20.155,20.155,20.13,20.13,300,2021-09-14 15:20:00,DADA
20.13,20.1301,20.12,20.12,1100,2021-09-14 15:21:00,DADA
20.14,20.14,20.125,20.125,962,2021-09-14 15:22:00,DADA
20.11,20.12,20.101,20.11,3409,2021-09-14 15:23:00,DADA
20.14,20.14,20.11,20.11,2200,2021-09-14 15:24:00,DADA
20.11,20.11,20.11,20.11,389,2021-09-14 15:25:00,DADA
20.11,20.12,20.1,20.1,2598,2021-09-14 15:26:00,DADA
20.1082,20.1082,20.1082,20.1082,150,2021-09-14 15:27:00,DADA
20.1034,20.1034,20.08,20.08,800,2021-09-14 15:28:00,DADA
20.09,20.09,20.07,20.07,2153,2021-09-14 15:29:00,DADA
20.04,20.08,20.04,20.0499,1700,2021-09-14 15:30:00,DADA
20.04,20.04,20.0,20.0,6048,2021-09-14 15:31:00,DADA
20.0,20.12,19.965,20.105,12385,2021-09-14 15:32:00,DADA
20.09,20.15,20.09,20.14,1635,2021-09-14 15:33:00,DADA
20.13,20.13,20.1,20.11,5800,2021-09-14 15:34:00,DADA
20.1322,20.1322,20.08,20.091,1638,2021-09-14 15:35:00,DADA
20.06,20.06,20.06,20.06,281,2021-09-14 15:36:00,DADA
20.085,20.085,20.009,20.03,3055,2021-09-14 15:37:00,DADA
20.015,20.02,19.99,19.99,1310,2021-09-14 15:38:00,DADA
19.975,19.98,19.97,19.97,2212,2021-09-14 15:39:00,DADA
19.965,19.965,19.9099,19.92,2325,2021-09-14 15:40:00,DADA
19.97,19.97,19.91,19.9396,1260,2021-09-14 15:41:00,DADA
19.91,19.92,19.9001,19.92,649,2021-09-14 15:42:00,DADA
19.92,19.9305,19.89,19.89,1667,2021-09-14 15:43:00,DADA
19.9,19.95,19.87,19.95,5007,2021-09-14 15:44:00,DADA
19.9752,19.9752,19.95,19.95,800,2021-09-14 15:45:00,DADA
19.96,20.0,19.96,19.99,5190,2021-09-14 15:46:00,DADA
19.99,20.015,19.99,20.015,400,2021-09-14 15:47:00,DADA
20.03,20.09,20.028,20.06,4905,2021-09-14 15:48:00,DADA
20.05,20.05,20.05,20.05,100,2021-09-14 15:49:00,DADA
20.055,20.055,20.0401,20.055,551,2021-09-14 15:50:00,DADA
20.05,20.05,20.02,20.025,3767,2021-09-14 15:51:00,DADA
20.02,20.02,20.0,20.01,2800,2021-09-14 15:52:00,DADA
20.01,20.015,20.01,20.01,500,2021-09-14 15:53:00,DADA
20.01,20.015,19.9901,20.015,2300,2021-09-14 15:54:00,DADA
20.015,20.17,20.015,20.14,13697,2021-09-14 15:55:00,DADA
20.11,20.19,20.065,20.16,10971,2021-09-14 15:56:00,DADA
20.165,20.31,20.16,20.21,43541,2021-09-14 15:57:00,DADA
20.245,20.39,20.245,20.34,20634,2021-09-14 15:58:00,DADA
20.341,20.36,20.3082,20.31,5501,2021-09-14 15:59:00,DADA
20.31,20.32,20.21,20.21,8900,2021-09-14 16:00:00,DADA
20.2717,20.28,20.22,20.22,1224,2021-09-14 16:01:00,DADA
20.22,20.225,20.18,20.18,2961,2021-09-14 16:02:00,DADA
20.17,20.19,20.12,20.17,3616,2021-09-14 16:03:00,DADA
20.18,20.19,20.14,20.1899,990,2021-09-14 16:04:00,DADA
20.175,20.175,20.12,20.155,4980,2021-09-14 16:05:00,DADA
20.13,20.13,20.07,20.07,6916,2021-09-14 16:06:00,DADA
20.095,20.1,20.095,20.095,1037,2021-09-14 16:07:00,DADA
20.11,20.11,19.995,20.02,4561,2021-09-14 16:08:00,DADA
20.02,20.05,20.02,20.05,1600,2021-09-14 16:09:00,DADA
20.05,20.05,20.01,20.01,1600,2021-09-14 16:10:00,DADA
19.99,20.01,19.9801,19.99,3099,2021-09-14 16:11:00,DADA
19.99,19.99,19.981,19.981,335,2021-09-14 16:12:00,DADA
19.98,19.99,19.98,19.9801,1184,2021-09-14 16:13:00,DADA
19.99,20.01,19.98,20.01,5265,2021-09-14 16:14:00,DADA
20.01,20.01,20.01,20.01,100,2021-09-14 16:15:00,DADA
20.0,20.0,19.96,19.96,1200,2021-09-14 16:16:00,DADA
19.98,19.98,19.96,19.96,890,2021-09-14 16:17:00,DADA
19.97,19.98,19.96,19.965,3027,2021-09-14 16:18:00,DADA
19.95,19.95,19.945,19.95,1259,2021-09-14 16:19:00,DADA
19.94,19.94,19.9,19.9,1248,2021-09-14 16:20:00,DADA
19.91,19.92,19.9,19.91,431,2021-09-14 16:21:00,DADA
19.91,19.92,19.84,19.8401,5908,2021-09-14 16:22:00,DADA
19.865,19.9,19.865,19.89,2249,2021-09-14 16:23:00,DADA
19.8912,19.9,19.89,19.895,3154,2021-09-14 16:24:00,DADA
19.895,19.895,19.88,19.88,1000,2021-09-14 16:25:00,DADA
19.88,19.88,19.83,19.85,4139,2021-09-14 16:26:00,DADA
19.875,19.8967,19.86,19.8967,1900,2021-09-14 16:27:00,DADA
19.86,19.86,19.83,19.84,3599,2021-09-14 16:28:00,DADA
19.84,19.84,19.8125,19.8186,15752,2021-09-14 16:29:00,DADA
19.82,19.84,19.785,19.8,15569,2021-09-14 16:30:00,DADA
19.805,19.805,19.785,19.785,3155,2021-09-14 16:31:00,DADA
19.785,19.79,19.78,19.7801,2098,2021-09-14 16:32:00,DADA
19.79,19.79,19.79,19.79,200,2021-09-14 16:33:00,DADA
19.78,19.792,19.76,19.765,3761,2021-09-14 16:34:00,DADA
19.77,19.77,19.75,19.75,2633,2021-09-14 16:35:00,DADA
19.75,19.81,19.725,19.8,21505,2021-09-14 16:36:00,DADA
19.8,19.805,19.8,19.805,2090,2021-09-14 16:37:00,DADA
19.82,19.82,19.79,19.795,888,2021-09-14 16:38:00,DADA
19.78,19.78,19.78,19.78,300,2021-09-14 16:39:00,DADA
19.78,19.78,19.72,19.73,4187,2021-09-14 16:40:00,DADA
19.73,19.73,19.7,19.71,1820,2021-09-14 16:41:00,DADA
19.71,19.71,19.655,19.71,10767,2021-09-14 16:42:00,DADA
19.72,19.73,19.715,19.72,800,2021-09-14 16:43:00,DADA
19.72,19.77,19.72,19.74,4599,2021-09-14 16:44:00,DADA
19.8,19.8289,19.8,19.8289,2726,2021-09-14 16:45:00,DADA
19.85,19.87,19.83,19.85,3639,2021-09-14 16:46:00,DADA
19.83,19.835,19.82,19.825,1569,2021-09-14 16:47:00,DADA
19.82,19.82,19.78,19.805,9252,2021-09-14 16:48:00,DADA
19.81,19.82,19.79,19.79,2410,2021-09-14 16:49:00,DADA
19.79,19.79,19.7,19.7,5968,2021-09-14 16:50:00,DADA
19.71,19.71,19.65,19.69,4452,2021-09-14 16:51:00,DADA
19.7,19.72,19.68,19.71,4987,2021-09-14 16:52:00,DADA
19.71,19.72,19.696,19.696,653,2021-09-14 16:53:00,DADA
19.705,19.705,19.705,19.705,200,2021-09-14 16:54:00,DADA
19.71,19.71,19.67,19.68,4206,2021-09-14 16:55:00,DADA
19.68,19.7,19.68,19.7,1436,2021-09-14 16:56:00,DADA
19.7,19.75,19.7,19.7301,7852,2021-09-14 16:58:00,DADA
19.75,19.75,19.71,19.71,1017,2021-09-14 16:59:00,DADA
19.69,19.72,19.69,19.705,1428,2021-09-14 17:00:00,DADA
19.69,19.705,19.69,19.7,1567,2021-09-14 17:01:00,DADA
19.69,19.7,19.68,19.68,1900,2021-09-14 17:02:00,DADA
19.695,19.695,19.681,19.681,821,2021-09-14 17:03:00,DADA
19.71,19.71,19.67,19.7013,3600,2021-09-14 17:04:00,DADA
19.69,19.69,19.61,19.61,4811,2021-09-14 17:05:00,DADA
19.625,19.64,19.61,19.6267,5020,2021-09-14 17:06:00,DADA
19.63,19.63,19.5501,19.5501,7600,2021-09-14 17:07:00,DADA
19.5669,19.59,19.55,19.57,8708,2021-09-14 17:08:00,DADA
19.58,19.58,19.5301,19.545,1600,2021-09-14 17:09:00,DADA
19.5301,19.55,19.5301,19.54,1600,2021-09-14 17:10:00,DADA
19.53,19.57,19.53,19.57,7763,2021-09-14 17:11:00,DADA
19.58,19.58,19.57,19.575,500,2021-09-14 17:12:00,DADA
19.57,19.57,19.56,19.56,1000,2021-09-14 17:13:00,DADA
19.57,19.5794,19.56,19.56,1453,2021-09-14 17:14:00,DADA
19.56,19.58,19.56,19.56,1600,2021-09-14 17:15:00,DADA
19.56,19.6,19.56,19.6,2771,2021-09-14 17:16:00,DADA
19.63,19.65,19.619,19.65,2680,2021-09-14 17:17:00,DADA
19.66,19.67,19.66,19.67,1427,2021-09-14 17:18:00,DADA
19.6501,19.715,19.6501,19.715,2165,2021-09-14 17:19:00,DADA
19.71,19.732,19.71,19.73,1200,2021-09-14 17:20:00,DADA
19.715,19.715,19.66,19.67,4000,2021-09-14 17:21:00,DADA
19.685,19.685,19.67,19.67,959,2021-09-14 17:22:00,DADA
19.67,19.67,19.665,19.67,900,2021-09-14 17:23:00,DADA
19.68,19.68,19.62,19.62,3641,2021-09-14 17:24:00,DADA
19.6129,19.62,19.6,19.61,3859,2021-09-14 17:25:00,DADA
19.61,19.63,19.61,19.62,1394,2021-09-14 17:26:00,DADA
19.625,19.625,19.62,19.62,1073,2021-09-14 17:27:00,DADA
19.625,19.63,19.62,19.621,2561,2021-09-14 17:28:00,DADA
19.61,19.62,19.61,19.62,840,2021-09-14 17:29:00,DADA
19.62,19.67,19.615,19.66,5745,2021-09-14 17:30:00,DADA
19.665,19.665,19.63,19.64,1620,2021-09-14 17:31:00,DADA
19.64,19.64,19.62,19.62,400,2021-09-14 17:32:00,DADA
19.62,19.62,19.61,19.62,1510,2021-09-14 17:33:00,DADA
19.62,19.69,19.62,19.69,3792,2021-09-14 17:34:00,DADA
19.67,19.676,19.66,19.676,659,2021-09-14 17:35:00,DADA
19.6766,19.6766,19.6766,19.6766,100,2021-09-14 17:36:00,DADA
19.67,19.725,19.67,19.725,2301,2021-09-14 17:37:00,DADA
19.71,19.7314,19.71,19.7314,3900,2021-09-14 17:38:00,DADA
19.72,19.72,19.7,19.7,877,2021-09-14 17:39:00,DADA
19.71,19.72,19.7,19.7,1400,2021-09-14 17:40:00,DADA
19.71,19.71,19.69,19.7,4047,2021-09-14 17:41:00,DADA
19.7,19.7,19.69,19.69,1041,2021-09-14 17:42:00,DADA
19.68,19.68,19.65,19.65,1400,2021-09-14 17:43:00,DADA
19.65,19.65,19.64,19.64,1429,2021-09-14 17:44:00,DADA
19.6401,19.66,19.6401,19.65,2503,2021-09-14 17:45:00,DADA
19.6515,19.6515,19.64,19.64,520,2021-09-14 17:46:00,DADA
19.65,19.685,19.63,19.65,7507,2021-09-14 17:47:00,DADA
19.67,19.685,19.67,19.685,620,2021-09-14 17:48:00,DADA
19.67,19.67,19.64,19.65,8854,2021-09-14 17:49:00,DADA
19.66,19.66,19.62,19.62,2400,2021-09-14 17:50:00,DADA
19.64,19.66,19.63,19.64,7476,2021-09-14 17:52:00,DADA
19.64,19.66,19.64,19.655,4234,2021-09-14 17:53:00,DADA
19.66,19.66,19.65,19.65,400,2021-09-14 17:54:00,DADA
19.66,19.66,19.64,19.6566,1620,2021-09-14 17:55:00,DADA
19.65,19.68,19.65,19.65,5856,2021-09-14 17:56:00,DADA
19.655,19.655,19.655,19.655,225,2021-09-14 17:57:00,DADA
19.655,19.655,19.64,19.65,3549,2021-09-14 17:58:00,DADA
19.66,19.66,19.64,19.64,1436,2021-09-14 17:59:00,DADA
19.64,19.65,19.64,19.65,1029,2021-09-14 18:00:00,DADA
19.65,19.65,19.62,19.62,2164,2021-09-14 18:01:00,DADA
19.63,19.635,19.62,19.62,1002,2021-09-14 18:02:00,DADA
19.6101,19.6101,19.59,19.59,1769,2021-09-14 18:03:00,DADA
19.61,19.67,19.61,19.66,12394,2021-09-14 18:04:00,DADA
19.7,19.72,19.6943,19.6943,3000,2021-09-14 18:05:00,DADA
19.72,19.73,19.72,19.73,1292,2021-09-14 18:06:00,DADA
19.75,19.795,19.75,19.795,2000,2021-09-14 18:07:00,DADA
19.795,19.81,19.78,19.7902,6106,2021-09-14 18:08:00,DADA
19.8,19.8,19.79,19.79,2600,2021-09-14 18:09:00,DADA
19.8,19.8,19.78,19.8,900,2021-09-14 18:10:00,DADA
19.8,19.8,19.72,19.74,9810,2021-09-14 18:11:00,DADA
19.73,19.73,19.73,19.73,100,2021-09-14 18:12:00,DADA
19.75,19.75,19.7,19.7,1695,2021-09-14 18:13:00,DADA
19.7,19.7,19.7,19.7,1347,2021-09-14 18:14:00,DADA
19.7,19.7,19.69,19.69,1439,2021-09-14 18:15:00,DADA
19.7,19.71,19.69,19.7,3752,2021-09-14 18:16:00,DADA
19.69,19.69,19.64,19.66,5698,2021-09-14 18:17:00,DADA
19.66,19.665,19.63,19.63,4002,2021-09-14 18:18:00,DADA
19.63,19.66,19.63,19.655,4251,2021-09-14 18:19:00,DADA
19.64,19.64,19.62,19.63,2258,2021-09-14 18:20:00,DADA
19.63,19.635,19.62,19.62,3300,2021-09-14 18:21:00,DADA
19.62,19.62,19.53,19.535,18686,2021-09-14 18:22:00,DADA
19.55,19.55,19.51,19.54,3302,2021-09-14 18:23:00,DADA
19.515,19.62,19.5,19.62,12274,2021-09-14 18:24:00,DADA
19.625,19.625,19.61,19.61,11039,2021-09-14 18:25:00,DADA
19.61,19.63,19.61,19.62,2163,2021-09-14 18:26:00,DADA
19.61,19.65,19.61,19.625,2717,2021-09-14 18:27:00,DADA
19.625,19.625,19.6,19.6,2440,2021-09-14 18:28:00,DADA
19.59,19.62,19.59,19.61,3737,2021-09-14 18:29:00,DADA
19.61,19.61,19.555,19.555,2321,2021-09-14 18:30:00,DADA
19.56,19.56,19.545,19.55,2294,2021-09-14 18:31:00,DADA
19.54,19.55,19.54,19.54,444,2021-09-14 18:32:00,DADA
19.55,19.55,19.54,19.5401,534,2021-09-14 18:33:00,DADA
19.55,19.56,19.54,19.55,2544,2021-09-14 18:34:00,DADA
19.55,19.57,19.54,19.57,5082,2021-09-14 18:35:00,DADA
19.585,19.61,19.585,19.6,2013,2021-09-14 18:36:00,DADA
19.6,19.61,19.6,19.6,2121,2021-09-14 18:37:00,DADA
19.61,19.61,19.605,19.605,900,2021-09-14 18:38:00,DADA
19.605,19.62,19.6,19.62,2818,2021-09-14 18:39:00,DADA
19.62,19.64,19.61,19.64,5720,2021-09-14 18:40:00,DADA
19.65,19.69,19.65,19.69,1070,2021-09-14 18:41:00,DADA
19.72,19.72,19.695,19.695,580,2021-09-14 18:42:00,DADA
19.695,19.72,19.67,19.675,3486,2021-09-14 18:43:00,DADA
19.68,19.69,19.67,19.69,3987,2021-09-14 18:44:00,DADA
19.69,19.69,19.68,19.68,500,2021-09-14 18:45:00,DADA
19.67,19.68,19.66,19.66,2241,2021-09-14 18:46:00,DADA
19.68,19.68,19.65,19.66,7071,2021-09-14 18:47:00,DADA
19.65,19.65,19.64,19.65,1400,2021-09-14 18:48:00,DADA
19.64,19.65,19.59,19.61,5232,2021-09-14 18:49:00,DADA
19.61,19.61,19.58,19.595,1100,2021-09-14 18:50:00,DADA
19.595,19.61,19.58,19.595,700,2021-09-14 18:51:00,DADA
19.595,19.6,19.58,19.58,829,2021-09-14 18:52:00,DADA
19.59,19.63,19.56,19.56,9867,2021-09-14 18:53:00,DADA
19.5777,19.6,19.5777,19.6,1000,2021-09-14 18:54:00,DADA
19.58,19.58,19.58,19.58,300,2021-09-14 18:55:00,DADA
19.585,19.68,19.585,19.68,4532,2021-09-14 18:56:00,DADA
19.68,19.84,19.66,19.805,22131,2021-09-14 18:57:00,DADA
19.83,19.84,19.78,19.84,7080,2021-09-14 18:58:00,DADA
19.82,19.82,19.7,19.76,6553,2021-09-14 18:59:00,DADA
19.745,19.76,19.66,19.66,1400,2021-09-14 19:00:00,DADA
19.69,19.73,19.67,19.72,12164,2021-09-14 19:01:00,DADA
19.705,19.705,19.68,19.69,1200,2021-09-14 19:02:00,DADA
19.69,19.69,19.68,19.68,1200,2021-09-14 19:03:00,DADA
19.6794,19.68,19.6601,19.68,2550,2021-09-14 19:04:00,DADA
19.6739,19.69,19.67,19.675,1754,2021-09-14 19:05:00,DADA
19.675,19.73,19.67,19.73,11255,2021-09-14 19:06:00,DADA
19.725,19.74,19.71,19.71,2800,2021-09-14 19:07:00,DADA
19.74,19.74,19.69,19.71,14788,2021-09-14 19:08:00,DADA
19.7,19.74,19.7,19.72,3163,2021-09-14 19:09:00,DADA
19.74,19.74,19.665,19.665,4100,2021-09-14 19:10:00,DADA
19.67,19.75,19.665,19.75,8293,2021-09-14 19:11:00,DADA
19.74,19.7625,19.7,19.739,12813,2021-09-14 19:12:00,DADA
19.7,19.72,19.7,19.7,700,2021-09-14 19:13:00,DADA
19.7,19.72,19.645,19.68,2000,2021-09-14 19:14:00,DADA
19.64,19.65,19.62,19.63,1403,2021-09-14 19:15:00,DADA
19.59,19.59,19.56,19.575,1206,2021-09-14 19:16:00,DADA
19.56,19.61,19.56,19.61,4246,2021-09-14 19:17:00,DADA
19.62,19.64,19.62,19.64,1935,2021-09-14 19:18:00,DADA
19.63,19.65,19.63,19.65,7403,2021-09-14 19:19:00,DADA
19.66,19.7,19.65,19.695,8760,2021-09-14 19:20:00,DADA
19.695,19.7,19.685,19.69,5127,2021-09-14 19:21:00,DADA
19.7,19.71,19.7,19.71,4641,2021-09-14 19:22:00,DADA
19.69,19.7,19.68,19.685,1600,2021-09-14 19:23:00,DADA
19.685,19.698,19.67,19.685,1800,2021-09-14 19:24:00,DADA
19.68,19.7,19.68,19.69,2786,2021-09-14 19:25:00,DADA
19.68,19.69,19.64,19.66,3707,2021-09-14 19:26:00,DADA
19.68,19.7,19.68,19.685,5164,2021-09-14 19:27:00,DADA
19.7,19.7,19.66,19.68,1684,2021-09-14 19:28:00,DADA
19.665,19.68,19.655,19.655,2246,2021-09-14 19:29:00,DADA
19.65,19.66,19.64,19.64,4688,2021-09-14 19:30:00,DADA
19.65,19.66,19.63,19.655,3633,2021-09-14 19:31:00,DADA
19.66,19.7,19.66,19.69,3377,2021-09-14 19:32:00,DADA
19.67,19.68,19.66,19.665,5578,2021-09-14 19:33:00,DADA
19.68,19.68,19.62,19.62,2780,2021-09-14 19:34:00,DADA
19.6171,19.6171,19.58,19.59,840,2021-09-14 19:35:00,DADA
19.58,19.63,19.58,19.63,4804,2021-09-14 19:36:00,DADA
19.63,19.66,19.63,19.65,2319,2021-09-14 19:37:00,DADA
19.65,19.66,19.65,19.65,4378,2021-09-14 19:38:00,DADA
19.66,19.67,19.62,19.625,6994,2021-09-14 19:39:00,DADA
19.62,19.65,19.58,19.65,9064,2021-09-14 19:40:00,DADA
19.62,19.64,19.6,19.625,4072,2021-09-14 19:41:00,DADA
19.64,19.64,19.62,19.64,2110,2021-09-14 19:42:00,DADA
19.63,19.66,19.63,19.64,6898,2021-09-14 19:43:00,DADA
19.65,19.66,19.61,19.61,3413,2021-09-14 19:44:00,DADA
19.625,19.63,19.59,19.59,5027,2021-09-14 19:45:00,DADA
19.59,19.61,19.59,19.6,14919,2021-09-14 19:46:00,DADA
19.61,19.61,19.6,19.6001,12524,2021-09-14 19:47:00,DADA
19.605,19.65,19.6,19.64,4997,2021-09-14 19:48:00,DADA
19.65,19.65,19.6,19.62,4432,2021-09-14 19:49:00,DADA
19.62,19.64,19.59,19.5901,17238,2021-09-14 19:50:00,DADA
19.6,19.6,19.52,19.54,20132,2021-09-14 19:51:00,DADA
19.54,19.54,19.51,19.51,6540,2021-09-14 19:52:00,DADA
19.51,19.52,19.45,19.45,13802,2021-09-14 19:53:00,DADA
19.46,19.49,19.28,19.32,32567,2021-09-14 19:54:00,DADA
19.3,19.45,19.26,19.435,37973,2021-09-14 19:55:00,DADA
19.43,19.435,19.38,19.41,27773,2021-09-14 19:56:00,DADA
19.41,19.64,19.41,19.6,41326,2021-09-14 19:57:00,DADA
19.5675,19.59,19.46,19.47,41494,2021-09-14 19:58:00,DADA
19.48,19.53,19.46,19.52,48681,2021-09-14 19:59:00,DADA
19.51,19.51,19.51,19.51,93926,2021-09-14 20:00:00,DADA
19.55,19.6,19.55,19.6,491,2021-09-14 20:06:00,DADA
19.6,19.6,19.6,19.6,100,2021-09-14 20:08:00,DADA
19.51,19.51,19.51,19.51,5295,2021-09-14 20:35:00,DADA
19.5999,19.5999,19.5999,19.5999,100,2021-09-14 20:55:00,DADA
19.6,19.6,19.6,19.6,400,2021-09-14 21:58:00,DADA
19.6,19.6,19.6,19.6,100,2021-09-14 22:54:00,DADA
19.6,19.6,19.6,19.6,399,2021-09-14 22:58:00,DADA
19.79,19.79,19.79,19.79,100,2021-09-14 23:21:00,DADA
19.7,19.7,19.7,19.7,200,2021-09-14 23:48:00,DADA
19.7,19.7,19.7,19.7,100,2021-09-14 23:54:00,DADA
19.63,19.63,19.61,19.61,472,2021-09-15 10:19:00,DADA
19.72,19.72,19.72,19.72,293,2021-09-15 11:27:00,DADA
19.72,19.72,19.72,19.72,200,2021-09-15 11:30:00,DADA
19.73,19.73,19.72,19.72,625,2021-09-15 11:36:00,DADA
19.5,19.5,19.5,19.5,100,2021-09-15 11:51:00,DADA
19.49,19.5,19.49,19.5,1200,2021-09-15 12:08:00,DADA
19.49,19.5,19.49,19.5,368,2021-09-15 12:38:00,DADA
19.45,19.45,19.45,19.45,100,2021-09-15 12:49:00,DADA
19.49,19.5,19.49,19.5,706,2021-09-15 13:09:00,DADA
19.5,19.5,19.5,19.5,1950,2021-09-15 13:25:00,DADA
19.5,19.5,19.5,19.5,452,2021-09-15 13:27:00,DADA
19.41,19.45,19.31,19.31,11802,2021-09-15 13:30:00,DADA
19.47,19.47,19.29,19.33,8492,2021-09-15 13:31:00,DADA
19.29,19.4127,19.2,19.25,7602,2021-09-15 13:32:00,DADA
19.335,19.35,19.21,19.28,2650,2021-09-15 13:33:00,DADA
19.2897,19.329,19.19,19.19,2693,2021-09-15 13:34:00,DADA
19.21,19.45,19.12,19.45,14083,2021-09-15 13:35:00,DADA
19.42,19.45,19.171,19.32,25474,2021-09-15 13:36:00,DADA
19.3501,19.3501,19.26,19.305,2016,2021-09-15 13:37:00,DADA
19.37,19.37,19.31,19.31,2015,2021-09-15 13:38:00,DADA
19.34,19.35,19.34,19.35,900,2021-09-15 13:39:00,DADA
19.32,19.32,19.32,19.32,200,2021-09-15 13:40:00,DADA
19.37,19.39,19.3172,19.39,4030,2021-09-15 13:41:00,DADA
19.39,19.67,19.39,19.62,14181,2021-09-15 13:42:00,DADA
19.58,19.66,19.58,19.58,5558,2021-09-15 13:43:00,DADA
19.61,19.93,19.61,19.93,6839,2021-09-15 13:44:00,DADA
19.89,20.0,19.835,20.0,8801,2021-09-15 13:45:00,DADA
19.975,20.16,19.935,19.935,10208,2021-09-15 13:46:00,DADA
19.92,20.07,19.92,20.06,10671,2021-09-15 13:47:00,DADA
20.06,20.13,19.9902,19.9902,5759,2021-09-15 13:48:00,DADA
19.995,20.02,19.96,19.96,4600,2021-09-15 13:49:00,DADA
19.98,19.98,19.88,19.88,5602,2021-09-15 13:50:00,DADA
19.89,19.9279,19.87,19.87,3100,2021-09-15 13:51:00,DADA
19.89,19.89,19.72,19.73,4148,2021-09-15 13:52:00,DADA
19.755,19.92,19.755,19.825,25901,2021-09-15 13:53:00,DADA
19.825,19.8447,19.8,19.835,1227,2021-09-15 13:54:00,DADA
19.81,19.885,19.79,19.805,17110,2021-09-15 13:55:00,DADA
19.82,19.87,19.82,19.835,4386,2021-09-15 13:56:00,DADA
19.835,19.85,19.69,19.69,9713,2021-09-15 13:57:00,DADA
19.73,19.7954,19.73,19.7954,4597,2021-09-15 13:58:00,DADA
19.84,19.92,19.84,19.92,2600,2021-09-15 13:59:00,DADA
19.88,20.0,19.87,19.97,25514,2021-09-15 14:00:00,DADA
19.93,19.99,19.92,19.99,3838,2021-09-15 14:01:00,DADA
20.0,20.2,19.99,20.2,6321,2021-09-15 14:02:00,DADA
20.205,20.28,20.19,20.25,4864,2021-09-15 14:03:00,DADA
20.27,20.32,20.23,20.285,8108,2021-09-15 14:04:00,DADA
20.26,20.35,20.23,20.313,10964,2021-09-15 14:05:00,DADA
20.27,20.38,20.18,20.34,15067,2021-09-15 14:06:00,DADA
20.3,20.37,20.11,20.35,74532,2021-09-15 14:07:00,DADA
20.31,20.31,20.25,20.29,20773,2021-09-15 14:08:00,DADA
20.27,20.33,20.24,20.31,15742,2021-09-15 14:09:00,DADA
20.31,20.5,20.3,20.47,10498,2021-09-15 14:10:00,DADA
20.47,20.5,20.43,20.45,6871,2021-09-15 14:11:00,DADA
20.45,20.61,20.42,20.58,17398,2021-09-15 14:12:00,DADA
20.5,20.58,20.3501,20.42,14112,2021-09-15 14:13:00,DADA
20.42,20.45,20.37,20.4278,4800,2021-09-15 14:14:00,DADA
20.455,20.49,20.42,20.48,6700,2021-09-15 14:15:00,DADA
20.48,20.53,20.48,20.53,1400,2021-09-15 14:16:00,DADA
20.51,20.54,20.45,20.48,4900,2021-09-15 14:17:00,DADA
20.48,20.55,20.42,20.55,8653,2021-09-15 14:18:00,DADA
20.54,20.62,20.52,20.62,4921,2021-09-15 14:19:00,DADA
20.65,20.75,20.575,20.575,11294,2021-09-15 14:20:00,DADA
20.5773,20.62,20.5466,20.62,902,2021-09-15 14:21:00,DADA
20.64,20.65,20.54,20.54,7087,2021-09-15 14:22:00,DADA
20.57,20.58,20.54,20.54,2870,2021-09-15 14:23:00,DADA
20.56,20.69,20.53,20.69,3511,2021-09-15 14:24:00,DADA
20.64,20.6788,20.64,20.665,3100,2021-09-15 14:25:00,DADA
20.68,20.98,20.68,20.89,41079,2021-09-15 14:26:00,DADA
20.89,20.91,20.66,20.685,14555,2021-09-15 14:27:00,DADA
20.685,20.87,20.64,20.87,13470,2021-09-15 14:28:00,DADA
20.82,20.87,20.76,20.83,12534,2021-09-15 14:29:00,DADA
20.8,20.88,20.75,20.83,13144,2021-09-15 14:30:00,DADA
20.83,20.86,20.69,20.69,22528,2021-09-15 14:31:00,DADA
20.7,20.76,20.6,20.75,9610,2021-09-15 14:32:00,DADA
20.72,20.79,20.69,20.725,4606,2021-09-15 14:33:00,DADA
20.72,20.765,20.68,20.745,2900,2021-09-15 14:34:00,DADA
20.72,20.75,20.71,20.74,2300,2021-09-15 14:35:00,DADA
20.71,20.71,20.63,20.63,6513,2021-09-15 14:36:00,DADA
20.69,20.69,20.62,20.63,7050,2021-09-15 14:37:00,DADA
20.655,20.665,20.63,20.665,2800,2021-09-15 14:38:00,DADA
20.655,20.67,20.62,20.625,3900,2021-09-15 14:39:00,DADA
20.61,20.7,20.61,20.625,7407,2021-09-15 14:40:00,DADA
20.64,20.66,20.6,20.635,3478,2021-09-15 14:41:00,DADA
20.6,20.63,20.43,20.52,6477,2021-09-15 14:42:00,DADA
20.4515,20.57,20.4515,20.5,2797,2021-09-15 14:43:00,DADA
20.5551,20.59,20.5551,20.59,1200,2021-09-15 14:44:00,DADA
20.63,20.63,20.5,20.59,4109,2021-09-15 14:45:00,DADA
20.53,20.6,20.53,20.6,1121,2021-09-15 14:46:00,DADA
20.57,20.6,20.55,20.55,3254,2021-09-15 14:47:00,DADA
20.57,20.6305,20.57,20.63,3699,2021-09-15 14:48:00,DADA
20.61,20.66,20.6,20.66,2761,2021-09-15 14:49:00,DADA
20.69,20.73,20.69,20.73,649,2021-09-15 14:50:00,DADA
20.705,20.705,20.68,20.7,1250,2021-09-15 14:51:00,DADA
20.7,20.75,20.68,20.7,4477,2021-09-15 14:52:00,DADA
20.68,20.68,20.66,20.6722,2050,2021-09-15 14:53:00,DADA
20.66,20.675,20.59,20.61,5263,2021-09-15 14:54:00,DADA
20.61,20.61,20.61,20.61,410,2021-09-15 14:55:00,DADA
20.61,20.66,20.59,20.66,1859,2021-09-15 14:56:00,DADA
20.62,20.69,20.59,20.69,2400,2021-09-15 14:57:00,DADA
20.72,20.72,20.72,20.72,274,2021-09-15 14:58:00,DADA
20.7,20.7,20.68,20.6808,1630,2021-09-15 14:59:00,DADA
20.7,20.7,20.66,20.66,2148,2021-09-15 15:00:00,DADA
20.64,20.688,20.64,20.67,950,2021-09-15 15:01:00,DADA
20.67,20.685,20.67,20.68,1300,2021-09-15 15:02:00,DADA
20.7,20.75,20.69,20.7,4030,2021-09-15 15:03:00,DADA
20.7,20.72,20.7,20.72,700,2021-09-15 15:04:00,DADA
20.69,20.73,20.69,20.73,1092,2021-09-15 15:05:00,DADA
20.74,20.74,20.73,20.74,2978,2021-09-15 15:06:00,DADA
20.74,20.85,20.74,20.85,5392,2021-09-15 15:07:00,DADA
20.83,20.86,20.83,20.86,3543,2021-09-15 15:08:00,DADA
20.86,20.88,20.84,20.87,1970,2021-09-15 15:09:00,DADA
20.87,20.93,20.85,20.93,3695,2021-09-15 15:10:00,DADA
20.9,20.93,20.9,20.908,2090,2021-09-15 15:11:00,DADA
20.93,20.96,20.92,20.96,2999,2021-09-15 15:12:00,DADA
20.9541,20.97,20.95,20.97,1500,2021-09-15 15:13:00,DADA
20.95,20.97,20.95,20.97,450,2021-09-15 15:14:00,DADA
20.96,21.05,20.93,21.03,9159,2021-09-15 15:15:00,DADA
21.03,21.03,21.01,21.03,3003,2021-09-15 15:16:00,DADA
21.02,21.03,21.01,21.03,2877,2021-09-15 15:17:00,DADA
21.03,21.04,21.03,21.04,2744,2021-09-15 15:18:00,DADA
21.03,21.04,21.02,21.035,4770,2021-09-15 15:19:00,DADA
21.02,21.05,21.02,21.03,1816,2021-09-15 15:20:00,DADA
21.03,21.11,21.02,21.09,5872,2021-09-15 15:21:00,DADA
21.09,21.11,21.07,21.11,4200,2021-09-15 15:22:00,DADA
21.085,21.14,21.085,21.1,11294,2021-09-15 15:23:00,DADA
21.12,21.27,21.12,21.23,12369,2021-09-15 15:24:00,DADA
21.225,21.2399,21.16,21.2,4000,2021-09-15 15:25:00,DADA
21.18,21.18,21.16,21.175,2293,2021-09-15 15:26:00,DADA
21.18,21.19,21.12,21.19,4000,2021-09-15 15:27:00,DADA
21.185,21.281,21.185,21.281,4227,2021-09-15 15:28:00,DADA
21.25,21.265,21.23,21.2399,3323,2021-09-15 15:29:00,DADA
21.24,21.29,21.18,21.19,16867,2021-09-15 15:30:00,DADA
21.18,21.23,21.17,21.21,3444,2021-09-15 15:31:00,DADA
21.21,21.21,21.18,21.195,4404,2021-09-15 15:32:00,DADA
21.17,21.18,21.12,21.15,2463,2021-09-15 15:33:00,DADA
21.16,21.18,21.16,21.18,1605,2021-09-15 15:34:00,DADA
21.2,21.29,21.15,21.29,8761,2021-09-15 15:35:00,DADA
21.26,21.28,21.24,21.245,2400,2021-09-15 15:36:00,DADA
21.245,21.245,21.17,21.17,2000,2021-09-15 15:37:00,DADA
21.18,21.18,21.1685,21.18,2042,2021-09-15 15:38:00,DADA
21.18,21.18,21.12,21.14,5023,2021-09-15 15:39:00,DADA
21.14,21.14,21.11,21.12,1329,2021-09-15 15:40:00,DADA
21.115,21.12,21.05,21.05,4382,2021-09-15 15:41:00,DADA
21.06,21.08,21.03,21.03,4299,2021-09-15 15:42:00,DADA
21.0101,21.025,20.8901,20.8901,13036,2021-09-15 15:43:00,DADA
20.92,20.99,20.9117,20.99,3494,2021-09-15 15:44:00,DADA
20.99,21.01,20.99,20.99,1400,2021-09-15 15:45:00,DADA
20.97,20.99,20.97,20.99,1300,2021-09-15 15:46:00,DADA
21.01,21.03,21.0,21.03,1698,2021-09-15 15:47:00,DADA
21.05,21.079,21.025,21.079,3670,2021-09-15 15:48:00,DADA
21.08,21.11,21.08,21.1,2825,2021-09-15 15:49:00,DADA
21.12,21.1517,21.115,21.1517,800,2021-09-15 15:50:00,DADA
21.15,21.195,21.13,21.195,4616,2021-09-15 15:51:00,DADA
21.18,21.2007,21.1576,21.1576,2500,2021-09-15 15:52:00,DADA
21.175,21.175,21.14,21.15,2900,2021-09-15 15:53:00,DADA
21.145,21.15,21.13,21.15,960,2021-09-15 15:54:00,DADA
21.13,21.19,21.13,21.19,1685,2021-09-15 15:55:00,DADA
21.2091,21.3,21.2,21.3,8742,2021-09-15 15:56:00,DADA
21.3,21.3,21.2548,21.2607,6100,2021-09-15 15:57:00,DADA
21.26,21.32,21.26,21.32,4182,2021-09-15 15:58:00,DADA
21.34,21.36,21.32,21.3572,5502,2021-09-15 15:59:00,DADA
21.39,21.4,21.33,21.33,2600,2021-09-15 16:00:00,DADA
21.33,21.33,21.3,21.305,1600,2021-09-15 16:01:00,DADA
21.305,21.305,21.28,21.28,1636,2021-09-15 16:02:00,DADA
21.28,21.29,21.22,21.22,9912,2021-09-15 16:03:00,DADA
21.22,21.22,21.19,21.2,1100,2021-09-15 16:04:00,DADA
21.22,21.22,21.205,21.205,200,2021-09-15 16:05:00,DADA
21.22,21.28,21.2,21.28,2800,2021-09-15 16:06:00,DADA
21.28,21.2999,21.261,21.2999,1700,2021-09-15 16:07:00,DADA
21.26,21.33,21.26,21.33,2975,2021-09-15 16:08:00,DADA
21.305,21.33,21.3,21.33,2501,2021-09-15 16:09:00,DADA
21.335,21.4,21.335,21.4,7541,2021-09-15 16:10:00,DADA
21.405,21.43,21.35,21.365,4217,2021-09-15 16:11:00,DADA
21.35,21.38,21.35,21.375,600,2021-09-15 16:12:00,DADA
21.39,21.39,21.3701,21.3701,1600,2021-09-15 16:13:00,DADA
21.38,21.42,21.38,21.4,4339,2021-09-15 16:14:00,DADA
21.41,21.4163,21.39,21.39,1584,2021-09-15 16:15:00,DADA
21.4,21.4,21.35,21.351,5056,2021-09-15 16:16:00,DADA
21.37,21.37,21.36,21.36,500,2021-09-15 16:17:00,DADA
21.38,21.38,21.35,21.37,1566,2021-09-15 16:18:00,DADA
21.365,21.365,21.34,21.35,3170,2021-09-15 16:19:00,DADA
21.355,21.43,21.355,21.3979,4630,2021-09-15 16:20:00,DADA
21.41,21.415,21.4,21.4,600,2021-09-15 16:21:00,DADA
21.415,21.415,21.39,21.4,2391,2021-09-15 16:22:00,DADA
21.4,21.41,21.3773,21.395,3500,2021-09-15 16:23:00,DADA
21.38,21.38,21.38,21.38,200,2021-09-15 16:24:00,DADA
21.4,21.44,21.39,21.44,7845,2021-09-15 16:25:00,DADA
21.44,21.5303,21.44,21.53,22577,2021-09-15 16:26:00,DADA
21.515,21.52,21.48,21.495,5766,2021-09-15 16:27:00,DADA
21.52,21.58,21.5,21.5,9400,2021-09-15 16:28:00,DADA
21.5201,21.58,21.52,21.58,5421,2021-09-15 16:29:00,DADA
21.58,21.6874,21.5738,21.6874,3849,2021-09-15 16:30:00,DADA
21.68,21.705,21.65,21.69,3446,2021-09-15 16:31:00,DADA
21.7,21.73,21.66,21.72,7657,2021-09-15 16:32:00,DADA
21.71,21.71,21.68,21.7,3388,2021-09-15 16:33:00,DADA
21.72,21.72,21.6801,21.69,3861,2021-09-15 16:34:00,DADA
21.695,21.695,21.63,21.635,3862,2021-09-15 16:35:00,DADA
21.63,21.63,21.63,21.63,745,2021-09-15 16:36:00,DADA
21.63,21.63,21.61,21.63,1200,2021-09-15 16:37:00,DADA
21.625,21.67,21.61,21.65,2769,2021-09-15 16:38:00,DADA
21.66,21.72,21.64,21.67,5005,2021-09-15 16:39:00,DADA
21.695,21.8,21.695,21.8,3657,2021-09-15 16:40:00,DADA
21.77,21.78,21.74,21.76,3838,2021-09-15 16:41:00,DADA
21.76,21.76,21.73,21.76,3720,2021-09-15 16:42:00,DADA
21.77,21.77,21.75,21.77,1772,2021-09-15 16:43:00,DADA
21.77,21.78,21.75,21.7706,3970,2021-09-15 16:44:00,DADA
21.76,21.79,21.76,21.79,1153,2021-09-15 16:45:00,DADA
21.79,21.85,21.79,21.85,4253,2021-09-15 16:46:00,DADA
21.8606,21.8606,21.8,21.84,6300,2021-09-15 16:47:00,DADA
21.8407,21.86,21.79,21.79,8225,2021-09-15 16:48:00,DADA
21.795,21.8,21.78,21.79,1600,2021-09-15 16:49:00,DADA
21.8,21.82,21.76,21.79,5378,2021-09-15 16:50:00,DADA
21.78,21.78,21.7601,21.77,700,2021-09-15 16:51:00,DADA
21.77,21.77,21.75,21.76,3455,2021-09-15 16:52:00,DADA
21.76,21.9,21.7517,21.862,6164,2021-09-15 16:53:00,DADA
21.89,21.99,21.864,21.96,34317,2021-09-15 16:54:00,DADA
21.93,21.96,21.91,21.93,17411,2021-09-15 16:55:00,DADA
21.95,21.96,21.91,21.94,1900,2021-09-15 16:56:00,DADA
21.94,21.94,21.86,21.87,9306,2021-09-15 16:57:00,DADA
21.87,21.94,21.87,21.92,2650,2021-09-15 16:58:00,DADA
21.935,21.935,21.93,21.93,500,2021-09-15 16:59:00,DADA
21.96,21.9799,21.92,21.945,2665,2021-09-15 17:00:00,DADA
21.945,21.945,21.9001,21.9001,2914,2021-09-15 17:01:00,DADA
21.925,21.925,21.925,21.925,600,2021-09-15 17:02:00,DADA
21.93,21.93,21.865,21.865,5800,2021-09-15 17:03:00,DADA
21.88,21.9,21.85,21.85,3019,2021-09-15 17:04:00,DADA
21.87,21.87,21.75,21.77,3525,2021-09-15 17:05:00,DADA
21.7301,21.74,21.69,21.73,2783,2021-09-15 17:06:00,DADA
21.739,21.739,21.6694,21.6694,3714,2021-09-15 17:07:00,DADA
21.685,21.755,21.65,21.755,8276,2021-09-15 17:08:00,DADA
21.79,21.8699,21.79,21.805,6368,2021-09-15 17:09:00,DADA
21.8,21.81,21.8,21.81,600,2021-09-15 17:10:00,DADA
21.815,21.815,21.8,21.81,400,2021-09-15 17:11:00,DADA
21.8,21.89,21.8,21.87,4550,2021-09-15 17:12:00,DADA
21.87,21.88,21.87,21.88,300,2021-09-15 17:13:00,DADA
21.89,21.93,21.88,21.93,4247,2021-09-15 17:14:00,DADA
21.93,21.978,21.93,21.978,4044,2021-09-15 17:15:00,DADA
21.975,22.015,21.97,22.01,9802,2021-09-15 17:16:00,DADA
21.995,22.0,21.8958,21.8958,5163,2021-09-15 17:17:00,DADA
21.91,21.91,21.86,21.86,3205,2021-09-15 17:18:00,DADA
21.88,21.91,21.88,21.905,1600,2021-09-15 17:19:00,DADA
21.91,21.925,21.88,21.8915,3863,2021-09-15 17:21:00,DADA
21.88,21.9,21.88,21.895,2015,2021-09-15 17:22:00,DADA
21.895,21.895,21.8936,21.8936,600,2021-09-15 17:23:00,DADA
21.895,21.895,21.895,21.895,500,2021-09-15 17:24:00,DADA
21.895,21.91,21.84,21.91,6984,2021-09-15 17:25:00,DADA
21.95,21.99,21.935,21.99,1230,2021-09-15 17:26:00,DADA
21.965,21.99,21.965,21.97,900,2021-09-15 17:27:00,DADA
21.95,22.07,21.95,22.035,7870,2021-09-15 17:28:00,DADA
22.05,22.07,22.0,22.05,25673,2021-09-15 17:29:00,DADA
22.0,22.025,22.0,22.025,500,2021-09-15 17:30:00,DADA
22.025,22.03,21.97,21.98,8260,2021-09-15 17:31:00,DADA
21.98,21.98,21.94,21.9455,3670,2021-09-15 17:32:00,DADA
21.94,21.955,21.93,21.94,2300,2021-09-15 17:33:00,DADA
21.94,22.0,21.93,22.0,3754,2021-09-15 17:34:00,DADA
22.0,22.02,21.981,22.005,1997,2021-09-15 17:35:00,DADA
22.005,22.005,21.92,21.93,11192,2021-09-15 17:36:00,DADA
21.95,22.06,21.95,22.06,3200,2021-09-15 17:37:00,DADA
22.06,22.06,21.99,22.0,2383,2021-09-15 17:38:00,DADA
22.0,22.02,22.0,22.0,3269,2021-09-15 17:39:00,DADA
22.005,22.02,21.95,21.9613,2800,2021-09-15 17:40:00,DADA
21.98,22.0,21.98,22.0,500,2021-09-15 17:41:00,DADA
22.0,22.0,21.995,22.0,800,2021-09-15 17:42:00,DADA
21.995,22.09,21.96,21.96,17695,2021-09-15 17:43:00,DADA
21.96,21.96,21.9234,21.95,1987,2021-09-15 17:44:00,DADA
21.945,21.945,21.74,21.785,18007,2021-09-15 17:45:00,DADA
21.76,21.82,21.76,21.82,1500,2021-09-15 17:46:00,DADA
21.84,21.88,21.81,21.81,1800,2021-09-15 17:47:00,DADA
21.845,21.86,21.845,21.85,400,2021-09-15 17:48:00,DADA
21.83,21.835,21.79,21.8,4458,2021-09-15 17:49:00,DADA
21.82,21.82,21.73,21.73,2008,2021-09-15 17:50:00,DADA
21.69,21.69,21.5901,21.65,7095,2021-09-15 17:51:00,DADA
21.66,21.73,21.655,21.73,1978,2021-09-15 17:52:00,DADA
21.75,21.75,21.72,21.74,2100,2021-09-15 17:53:00,DADA
21.73,21.73,21.63,21.63,1600,2021-09-15 17:54:00,DADA
21.67,21.69,21.66,21.69,300,2021-09-15 17:55:00,DADA
21.65,21.6725,21.65,21.6725,200,2021-09-15 17:56:00,DADA
21.675,21.675,21.65,21.675,536,2021-09-15 17:57:00,DADA
21.67,21.73,21.67,21.72,3406,2021-09-15 17:58:00,DADA
21.71,21.73,21.69,21.71,1400,2021-09-15 17:59:00,DADA
21.7,21.75,21.7,21.75,300,2021-09-15 18:00:00,DADA
21.72,21.73,21.68,21.68,4264,2021-09-15 18:01:00,DADA
21.65,21.69,21.65,21.68,3000,2021-09-15 18:02:00,DADA
21.68,21.71,21.64,21.649,2100,2021-09-15 18:03:00,DADA
21.64,21.64,21.58,21.6178,640,2021-09-15 18:04:00,DADA
21.59,21.59,21.53,21.53,3400,2021-09-15 18:05:00,DADA
21.515,21.52,21.44,21.44,4400,2021-09-15 18:06:00,DADA
21.46,21.4945,21.43,21.485,5117,2021-09-15 18:07:00,DADA
21.485,21.52,21.45,21.46,5484,2021-09-15 18:08:00,DADA
21.4817,21.49,21.44,21.44,5250,2021-09-15 18:09:00,DADA
21.44,21.46,21.43,21.45,3550,2021-09-15 18:10:00,DADA
21.465,21.465,21.465,21.465,100,2021-09-15 18:11:00,DADA
21.47,21.56,21.47,21.535,5413,2021-09-15 18:12:00,DADA
21.53,21.55,21.53,21.545,2005,2021-09-15 18:13:00,DADA
21.545,21.5799,21.545,21.565,2000,2021-09-15 18:14:00,DADA
21.565,21.58,21.56,21.57,1600,2021-09-15 18:15:00,DADA
21.57,21.57,21.52,21.52,3606,2021-09-15 18:16:00,DADA
21.54,21.54,21.52,21.52,300,2021-09-15 18:17:00,DADA
21.52,21.53,21.5,21.525,2400,2021-09-15 18:18:00,DADA
21.525,21.54,21.5,21.52,1292,2021-09-15 18:19:00,DADA
21.54,21.54,21.49,21.495,1800,2021-09-15 18:20:00,DADA
21.495,21.58,21.48,21.57,5900,2021-09-15 18:21:00,DADA
21.58,21.6,21.57,21.6,1000,2021-09-15 18:22:00,DADA
21.62,21.6423,21.62,21.6423,2800,2021-09-15 18:23:00,DADA
21.625,21.625,21.625,21.625,100,2021-09-15 18:24:00,DADA
21.615,21.675,21.6,21.675,2100,2021-09-15 18:25:00,DADA
21.675,21.675,21.66,21.675,630,2021-09-15 18:26:00,DADA
21.69,21.69,21.65,21.665,1400,2021-09-15 18:27:00,DADA
21.65,21.66,21.65,21.66,400,2021-09-15 18:28:00,DADA
21.665,21.665,21.62,21.66,1500,2021-09-15 18:29:00,DADA
21.67,21.69,21.6688,21.68,1450,2021-09-15 18:30:00,DADA
21.675,21.675,21.675,21.675,100,2021-09-15 18:31:00,DADA
21.675,21.7,21.675,21.69,1137,2021-09-15 18:32:00,DADA
21.69,21.69,21.66,21.675,2050,2021-09-15 18:33:00,DADA
21.66,21.74,21.66,21.72,4963,2021-09-15 18:34:00,DADA
21.72,21.785,21.72,21.785,1131,2021-09-15 18:35:00,DADA
21.785,21.785,21.75,21.75,2300,2021-09-15 18:36:00,DADA
21.73,21.77,21.73,21.75,2600,2021-09-15 18:37:00,DADA
21.72,21.725,21.69,21.6976,1723,2021-09-15 18:38:00,DADA
21.7,21.76,21.7,21.76,900,2021-09-15 18:39:00,DADA
21.76,21.783,21.76,21.765,800,2021-09-15 18:40:00,DADA
21.76,21.76,21.76,21.76,100,2021-09-15 18:41:00,DADA
21.74,21.77,21.74,21.77,2700,2021-09-15 18:42:00,DADA
21.77,21.78,21.76,21.775,1000,2021-09-15 18:43:00,DADA
21.775,21.775,21.775,21.775,600,2021-09-15 18:44:00,DADA
21.78,21.8396,21.78,21.82,1950,2021-09-15 18:45:00,DADA
21.84,21.84,21.82,21.84,635,2021-09-15 18:46:00,DADA
21.84,21.89,21.84,21.89,1417,2021-09-15 18:47:00,DADA
21.87,21.89,21.85,21.89,1292,2021-09-15 18:48:00,DADA
21.87,21.87,21.81,21.81,5554,2021-09-15 18:49:00,DADA
21.83,21.85,21.82,21.82,1800,2021-09-15 18:50:00,DADA
21.81,21.83,21.8,21.83,1200,2021-09-15 18:51:00,DADA
21.85,21.86,21.82,21.835,700,2021-09-15 18:52:00,DADA
21.835,21.835,21.8325,21.8325,300,2021-09-15 18:53:00,DADA
21.835,21.9124,21.835,21.895,4312,2021-09-15 18:54:00,DADA
21.9,21.9,21.86,21.88,4200,2021-09-15 18:55:00,DADA
21.87,21.87,21.8375,21.86,2374,2021-09-15 18:56:00,DADA
21.88,21.88,21.86,21.86,300,2021-09-15 18:57:00,DADA
21.84,21.87,21.84,21.855,800,2021-09-15 18:58:00,DADA
21.84,21.85,21.84,21.85,1375,2021-09-15 18:59:00,DADA
21.83,21.83,21.75,21.75,2711,2021-09-15 19:00:00,DADA
21.765,21.765,21.765,21.765,100,2021-09-15 19:01:00,DADA
21.78,21.85,21.78,21.84,2573,2021-09-15 19:02:00,DADA
21.84,21.8425,21.84,21.84,700,2021-09-15 19:03:00,DADA
21.85,21.88,21.85,21.85,3000,2021-09-15 19:04:00,DADA
21.87,21.885,21.86,21.885,700,2021-09-15 19:05:00,DADA
21.885,21.885,21.885,21.885,200,2021-09-15 19:06:00,DADA
21.88,21.88,21.875,21.88,315,2021-09-15 19:07:00,DADA
21.89,21.89,21.86,21.875,1300,2021-09-15 19:08:00,DADA
21.87,21.91,21.87,21.91,2000,2021-09-15 19:09:00,DADA
21.92,21.93,21.91,21.925,2978,2021-09-15 19:10:00,DADA
21.9182,21.94,21.9,21.91,5399,2021-09-15 19:11:00,DADA
21.89,21.89,21.86,21.865,700,2021-09-15 19:12:00,DADA
21.865,21.865,21.83,21.8431,1000,2021-09-15 19:13:00,DADA
21.845,21.845,21.83,21.83,671,2021-09-15 19:14:00,DADA
21.835,21.86,21.835,21.84,2400,2021-09-15 19:15:00,DADA
21.85,21.86,21.84,21.84,300,2021-09-15 19:16:00,DADA
21.87,21.88,21.87,21.88,1100,2021-09-15 19:17:00,DADA
21.88,21.9,21.87,21.87,2400,2021-09-15 19:18:00,DADA
21.885,21.885,21.885,21.885,100,2021-09-15 19:19:00,DADA
21.885,21.9,21.885,21.9,400,2021-09-15 19:20:00,DADA
21.87,21.89,21.87,21.89,2600,2021-09-15 19:21:00,DADA
21.89,21.9,21.88,21.88,4400,2021-09-15 19:22:00,DADA
21.89,21.89,21.89,21.89,100,2021-09-15 19:23:00,DADA
21.9,21.94,21.89,21.909,5804,2021-09-15 19:24:00,DADA
21.91,21.93,21.91,21.93,1400,2021-09-15 19:25:00,DADA
21.94,21.94,21.91,21.925,1600,2021-09-15 19:26:00,DADA
21.94,21.95,21.91,21.95,2800,2021-09-15 19:27:00,DADA
21.95,21.985,21.945,21.97,5338,2021-09-15 19:28:00,DADA
21.96,21.96,21.89,21.91,1400,2021-09-15 19:29:00,DADA
21.93,21.93,21.9,21.9,398,2021-09-15 19:30:00,DADA
21.915,21.915,21.83,21.83,1874,2021-09-15 19:31:00,DADA
21.85,21.85,21.75,21.75,2185,2021-09-15 19:32:00,DADA
21.74,21.75,21.7204,21.75,1467,2021-09-15 19:33:00,DADA
21.74,21.75,21.72,21.75,2000,2021-09-15 19:34:00,DADA
21.76,21.78,21.76,21.78,1194,2021-09-15 19:35:00,DADA
21.81,21.84,21.81,21.84,333,2021-09-15 19:36:00,DADA
21.8399,21.85,21.82,21.85,1500,2021-09-15 19:37:00,DADA
21.86,21.8749,21.84,21.86,4464,2021-09-15 19:38:00,DADA
21.83,21.8499,21.76,21.76,4291,2021-09-15 19:39:00,DADA
21.79,21.79,21.77,21.77,4235,2021-09-15 19:40:00,DADA
21.76,21.77,21.72,21.758,7484,2021-09-15 19:41:00,DADA
21.765,21.8,21.765,21.77,4042,2021-09-15 19:42:00,DADA
21.785,21.79,21.77,21.78,1450,2021-09-15 19:43:00,DADA
21.78,21.78,21.77,21.78,1000,2021-09-15 19:44:00,DADA
21.79,21.82,21.78,21.78,7319,2021-09-15 19:45:00,DADA
21.81,21.81,21.79,21.8,6287,2021-09-15 19:46:00,DADA
21.8,21.81,21.8,21.805,2079,2021-09-15 19:47:00,DADA
21.79,21.79,21.78,21.79,1000,2021-09-15 19:48:00,DADA
21.77,21.79,21.77,21.785,3762,2021-09-15 19:49:00,DADA
21.785,21.86,21.785,21.86,14180,2021-09-15 19:50:00,DADA
21.87,21.9,21.86,21.87,4576,2021-09-15 19:51:00,DADA
21.87,21.89,21.87,21.89,3132,2021-09-15 19:52:00,DADA
21.9,21.9,21.88,21.88,4235,2021-09-15 19:53:00,DADA
21.885,21.9,21.87,21.88,11167,2021-09-15 19:54:00,DADA
21.88,21.89,21.86,21.88,7414,2021-09-15 19:55:00,DADA
21.9,21.97,21.9,21.92,10629,2021-09-15 19:56:00,DADA
21.91,21.91,21.84,21.84,13546,2021-09-15 19:57:00,DADA
21.845,21.845,21.78,21.78,15841,2021-09-15 19:58:00,DADA
21.78,21.87,21.78,21.87,38289,2021-09-15 19:59:00,DADA
21.83,21.83,21.83,21.83,55040,2021-09-15 20:00:00,DADA
21.96,21.98,21.96,21.98,604,2021-09-15 20:01:00,DADA
21.99,21.99,21.98,21.98,1000,2021-09-15 20:06:00,DADA
21.9699,21.9699,21.9699,21.9699,1000,2021-09-15 20:34:00,DADA
21.83,21.83,21.83,21.83,6462,2021-09-15 20:37:00,DADA
21.77,21.77,21.77,21.77,200,2021-09-15 21:12:00,DADA
21.77,21.77,21.77,21.77,100,2021-09-15 22:14:00,DADA
22.0,22.0,22.0,22.0,100,2021-09-15 23:36:00,DADA
21.55,21.55,21.55,21.55,100,2021-09-16 08:47:00,DADA
21.5,21.5,21.5,21.5,200,2021-09-16 09:16:00,DADA
21.5,21.5,21.5,21.5,141,2021-09-16 10:30:00,DADA
21.5,21.5,21.5,21.5,400,2021-09-16 13:17:00,DADA
21.5,21.5,21.5,21.5,200,2021-09-16 13:21:00,DADA
21.56,21.56,21.56,21.56,520,2021-09-16 13:22:00,DADA
21.38,21.38,21.38,21.38,100,2021-09-16 13:25:00,DADA
21.36,21.36,21.36,21.36,100,2021-09-16 13:28:00,DADA
21.33,21.545,21.02,21.1,18881,2021-09-16 13:30:00,DADA
21.275,21.3825,21.21,21.3825,4263,2021-09-16 13:31:00,DADA
21.34,21.35,21.26,21.27,1900,2021-09-16 13:32:00,DADA
21.19,21.23,20.9907,20.9907,2150,2021-09-16 13:33:00,DADA
21.06,21.14,20.99,21.02,6270,2021-09-16 13:34:00,DADA
21.05,21.11,21.0,21.0,2800,2021-09-16 13:35:00,DADA
21.05,21.05,20.88,20.91,3500,2021-09-16 13:36:00,DADA
20.97,21.03,20.96,20.975,1782,2021-09-16 13:37:00,DADA
20.915,20.915,20.82,20.845,700,2021-09-16 13:39:00,DADA
20.7911,20.91,20.7911,20.8433,3664,2021-09-16 13:40:00,DADA
20.925,20.925,20.84,20.88,900,2021-09-16 13:41:00,DADA
20.9189,20.92,20.88,20.88,800,2021-09-16 13:42:00,DADA
20.88,20.88,20.81,20.87,1300,2021-09-16 13:43:00,DADA
20.82,20.84,20.72,20.765,9051,2021-09-16 13:44:00,DADA
20.75,20.88,20.72,20.8,3727,2021-09-16 13:45:00,DADA
20.79,20.85,20.79,20.85,600,2021-09-16 13:46:00,DADA
20.88,21.03,20.88,20.995,1027,2021-09-16 13:47:00,DADA
20.9814,21.42,20.96,21.41,10479,2021-09-16 13:48:00,DADA
21.4,21.4,21.2,21.3,1100,2021-09-16 13:49:00,DADA
21.305,21.42,21.17,21.275,11092,2021-09-16 13:50:00,DADA
21.35,21.35,21.26,21.3,1700,2021-09-16 13:51:00,DADA
21.3,21.3,21.19,21.24,8300,2021-09-16 13:52:00,DADA
21.2,21.35,21.2,21.32,6185,2021-09-16 13:53:00,DADA
21.32,21.38,21.32,21.35,1100,2021-09-16 13:54:00,DADA
21.35,21.35,21.02,21.18,16879,2021-09-16 13:55:00,DADA
21.18,21.24,21.03,21.16,8862,2021-09-16 13:56:00,DADA
21.16,21.16,21.04,21.16,2506,2021-09-16 13:57:00,DADA
21.115,21.15,21.115,21.15,600,2021-09-16 13:58:00,DADA
21.12,21.12,21.08,21.09,1535,2021-09-16 13:59:00,DADA
21.115,21.35,21.08,21.35,9080,2021-09-16 14:00:00,DADA
21.38,21.55,21.325,21.48,15259,2021-09-16 14:01:00,DADA
21.515,21.67,21.515,21.55,10643,2021-09-16 14:02:00,DADA
21.52,21.524,21.4425,21.48,4468,2021-09-16 14:03:00,DADA
21.51,21.53,21.48,21.53,600,2021-09-16 14:04:00,DADA
21.53,21.53,21.53,21.53,600,2021-09-16 14:05:00,DADA
21.48,21.515,21.45,21.495,1400,2021-09-16 14:06:00,DADA
21.45,21.45,21.4,21.4,1700,2021-09-16 14:07:00,DADA
21.42,21.42,21.33,21.36,1300,2021-09-16 14:08:00,DADA
21.37,21.37,21.33,21.34,300,2021-09-16 14:09:00,DADA
21.33,21.365,21.33,21.365,600,2021-09-16 14:10:00,DADA
21.365,21.365,21.31,21.34,1600,2021-09-16 14:11:00,DADA
21.345,21.345,21.23,21.23,2500,2021-09-16 14:12:00,DADA
21.23,21.27,21.19,21.2,500,2021-09-16 14:13:00,DADA
21.19,21.19,21.15,21.19,863,2021-09-16 14:14:00,DADA
21.15,21.15,21.11,21.11,300,2021-09-16 14:15:00,DADA
21.08,21.21,21.08,21.195,2356,2021-09-16 14:16:00,DADA
21.21,21.21,21.2,21.2,365,2021-09-16 14:17:00,DADA
21.2,21.22,21.2,21.21,1142,2021-09-16 14:18:00,DADA
21.22,21.28,21.22,21.28,2300,2021-09-16 14:19:00,DADA
21.245,21.28,21.245,21.28,547,2021-09-16 14:20:00,DADA
21.245,21.28,21.245,21.28,300,2021-09-16 14:21:00,DADA
21.28,21.35,21.25,21.32,1451,2021-09-16 14:22:00,DADA
21.35,21.35,21.21,21.255,5075,2021-09-16 14:23:00,DADA
21.225,21.225,21.225,21.225,100,2021-09-16 14:24:00,DADA
21.21,21.21,21.2006,21.2006,200,2021-09-16 14:25:00,DADA
21.18,21.21,21.11,21.11,1500,2021-09-16 14:26:00,DADA
21.15,21.165,21.15,21.165,200,2021-09-16 14:27:00,DADA
21.19,21.19,21.14,21.14,1100,2021-09-16 14:28:00,DADA
21.17,21.19,21.06,21.06,3983,2021-09-16 14:29:00,DADA
21.05,21.05,21.04,21.045,405,2021-09-16 14:30:00,DADA
21.01,21.01,21.01,21.01,300,2021-09-16 14:31:00,DADA
21.01,21.035,21.01,21.035,200,2021-09-16 14:32:00,DADA
21.0,21.04,21.0,21.04,650,2021-09-16 14:33:00,DADA
21.04,21.08,21.02,21.04,4800,2021-09-16 14:34:00,DADA
21.04,21.04,21.0,21.005,500,2021-09-16 14:35:00,DADA
21.01,21.05,21.01,21.04,1930,2021-09-16 14:37:00,DADA
21.025,21.025,20.99,21.0,1000,2021-09-16 14:38:00,DADA
20.98,21.03,20.98,21.03,1200,2021-09-16 14:39:00,DADA
21.04,21.04,21.02,21.02,606,2021-09-16 14:40:00,DADA
21.04,21.09,21.04,21.08,2200,2021-09-16 14:41:00,DADA
21.095,21.14,21.07,21.14,2224,2021-09-16 14:42:00,DADA
21.22,21.24,21.2,21.24,400,2021-09-16 14:43:00,DADA
21.25,21.25,21.25,21.25,100,2021-09-16 14:44:00,DADA
21.26,21.31,21.26,21.31,2200,2021-09-16 14:45:00,DADA
21.37,21.37,21.37,21.37,100,2021-09-16 14:46:00,DADA
21.3388,21.3388,21.3388,21.3388,100,2021-09-16 14:47:00,DADA
21.31,21.345,21.31,21.33,800,2021-09-16 14:48:00,DADA
21.36,21.36,21.36,21.36,100,2021-09-16 14:49:00,DADA
21.34,21.345,21.34,21.345,300,2021-09-16 14:50:00,DADA
21.31,21.335,21.3,21.325,699,2021-09-16 14:51:00,DADA
21.32,21.32,21.32,21.32,100,2021-09-16 14:52:00,DADA
21.29,21.29,21.29,21.29,100,2021-09-16 14:53:00,DADA
21.32,21.34,21.29,21.29,600,2021-09-16 14:54:00,DADA
21.32,21.39,21.305,21.36,1506,2021-09-16 14:55:00,DADA
21.355,21.355,21.355,21.355,100,2021-09-16 14:56:00,DADA
21.36,21.365,21.36,21.365,200,2021-09-16 14:57:00,DADA
21.36,21.38,21.36,21.38,300,2021-09-16 14:59:00,DADA
21.39,21.43,21.39,21.43,1200,2021-09-16 15:00:00,DADA
21.45,21.45,21.45,21.45,960,2021-09-16 15:01:00,DADA
21.47,21.5,21.47,21.5,500,2021-09-16 15:02:00,DADA
21.5,21.54,21.5,21.54,2200,2021-09-16 15:03:00,DADA
21.54,21.54,21.505,21.505,300,2021-09-16 15:04:00,DADA
21.505,21.535,21.505,21.53,300,2021-09-16 15:05:00,DADA
21.53,21.53,21.505,21.505,200,2021-09-16 15:06:00,DADA
21.53,21.53,21.5,21.5,1500,2021-09-16 15:07:00,DADA
21.53,21.6,21.5,21.595,3440,2021-09-16 15:08:00,DADA
21.6,21.6,21.54,21.54,5466,2021-09-16 15:09:00,DADA
21.58,21.58,21.58,21.58,160,2021-09-16 15:11:00,DADA
21.575,21.64,21.575,21.59,3166,2021-09-16 15:12:00,DADA
21.66,21.66,21.66,21.66,100,2021-09-16 15:13:00,DADA
21.64,21.65,21.61,21.61,1419,2021-09-16 15:14:00,DADA
21.65,21.74,21.65,21.73,2200,2021-09-16 15:15:00,DADA
21.74,21.74,21.74,21.74,200,2021-09-16 15:16:00,DADA
21.74,21.74,21.71,21.74,545,2021-09-16 15:17:00,DADA
21.75,21.85,21.75,21.85,13427,2021-09-16 15:18:00,DADA
21.84,21.88,21.83,21.8406,2310,2021-09-16 15:19:00,DADA
21.84,21.86,21.84,21.86,200,2021-09-16 15:20:00,DADA
21.83,21.84,21.7985,21.7985,1622,2021-09-16 15:21:00,DADA
21.78,21.78,21.78,21.78,200,2021-09-16 15:22:00,DADA
21.8,21.83,21.8,21.83,3111,2021-09-16 15:23:00,DADA
21.825,21.85,21.824,21.85,1400,2021-09-16 15:24:00,DADA
21.88,21.88,21.87,21.87,200,2021-09-16 15:25:00,DADA
21.865,21.865,21.865,21.865,100,2021-09-16 15:26:00,DADA
21.865,21.87,21.86,21.87,500,2021-09-16 15:27:00,DADA
21.9,21.9,21.87,21.9,500,2021-09-16 15:28:00,DADA
21.885,21.9,21.885,21.9,200,2021-09-16 15:29:00,DADA
21.9,21.9,21.87,21.87,900,2021-09-16 15:30:00,DADA
21.87,21.89,21.84,21.89,2848,2021-09-16 15:31:00,DADA
21.84,21.84,21.84,21.84,100,2021-09-16 15:32:00,DADA
21.84,21.86,21.835,21.86,1800,2021-09-16 15:35:00,DADA
21.84,21.84,21.84,21.84,300,2021-09-16 15:36:00,DADA
21.84,21.86,21.84,21.86,400,2021-09-16 15:37:00,DADA
21.83,21.85,21.76,21.76,1600,2021-09-16 15:38:00,DADA
21.76,21.76,21.73,21.73,700,2021-09-16 15:39:00,DADA
21.65,21.69,21.65,21.69,626,2021-09-16 15:40:00,DADA
21.7133,21.7133,21.7133,21.7133,100,2021-09-16 15:41:00,DADA
21.66,21.66,21.64,21.64,200,2021-09-16 15:42:00,DADA
21.685,21.71,21.65,21.69,500,2021-09-16 15:43:00,DADA
21.66,21.675,21.66,21.675,200,2021-09-16 15:44:00,DADA
21.65,21.68,21.65,21.68,620,2021-09-16 15:45:00,DADA
21.6756,21.77,21.6756,21.73,2100,2021-09-16 15:47:00,DADA
21.73,21.78,21.72,21.75,600,2021-09-16 15:48:00,DADA
21.78,21.82,21.78,21.82,2303,2021-09-16 15:49:00,DADA
21.82,21.825,21.82,21.825,200,2021-09-16 15:51:00,DADA
21.815,21.815,21.8,21.8,1125,2021-09-16 15:52:00,DADA
21.83,21.83,21.79,21.79,300,2021-09-16 15:53:00,DADA
21.81,21.83,21.81,21.83,400,2021-09-16 15:54:00,DADA
21.84,21.84,21.84,21.84,100,2021-09-16 15:55:00,DADA
21.85,21.87,21.85,21.87,2130,2021-09-16 15:56:00,DADA
21.89,21.89,21.88,21.88,200,2021-09-16 15:58:00,DADA
21.9,21.97,21.89,21.9572,2208,2021-09-16 16:00:00,DADA
21.93,21.93,21.93,21.93,116,2021-09-16 16:01:00,DADA
21.95,21.95,21.94,21.94,300,2021-09-16 16:02:00,DADA
21.95,21.97,21.94,21.965,2600,2021-09-16 16:03:00,DADA
21.94,21.95,21.94,21.95,200,2021-09-16 16:04:00,DADA
21.98,22.0,21.97,21.98,4959,2021-09-16 16:05:00,DADA
21.97,21.985,21.97,21.985,705,2021-09-16 16:06:00,DADA
22.0,22.0,22.0,22.0,700,2021-09-16 16:07:00,DADA
22.0,22.01,21.96,21.975,12552,2021-09-16 16:08:00,DADA
21.975,21.975,21.975,21.975,800,2021-09-16 16:09:00,DADA
21.975,21.98,21.975,21.975,1000,2021-09-16 16:10:00,DADA
21.95,21.98,21.92,21.945,1200,2021-09-16 16:11:00,DADA
21.92,21.92,21.84,21.84,2209,2021-09-16 16:12:00,DADA
21.78,21.85,21.78,21.78,300,2021-09-16 16:13:00,DADA
21.79,21.85,21.79,21.81,1000,2021-09-16 16:14:00,DADA
21.81,21.845,21.81,21.845,200,2021-09-16 16:15:00,DADA
21.82,21.825,21.8,21.825,800,2021-09-16 16:17:00,DADA
21.821,21.825,21.79,21.79,850,2021-09-16 16:18:00,DADA
21.83,21.845,21.76,21.8389,2926,2021-09-16 16:19:00,DADA
21.8699,21.8699,21.84,21.84,300,2021-09-16 16:20:00,DADA
21.83,21.83,21.81,21.81,600,2021-09-16 16:21:00,DADA
21.79,21.8,21.76,21.76,1200,2021-09-16 16:22:00,DADA
21.75,21.77,21.74,21.755,1000,2021-09-16 16:23:00,DADA
21.71,21.735,21.71,21.735,300,2021-09-16 16:24:00,DADA
21.73,21.73,21.73,21.73,100,2021-09-16 16:25:00,DADA
21.72,21.74,21.72,21.74,300,2021-09-16 16:26:00,DADA
21.72,21.77,21.72,21.77,1600,2021-09-16 16:27:00,DADA
21.76,21.76,21.75,21.76,800,2021-09-16 16:28:00,DADA
21.765,21.79,21.765,21.79,300,2021-09-16 16:29:00,DADA
21.74,21.74,21.74,21.74,100,2021-09-16 16:31:00,DADA
21.74,21.765,21.74,21.74,300,2021-09-16 16:32:00,DADA
21.74,21.745,21.7,21.72,2200,2021-09-16 16:33:00,DADA
21.72,21.72,21.72,21.72,100,2021-09-16 16:34:00,DADA
21.74,21.8,21.74,21.8,2500,2021-09-16 16:35:00,DADA
21.77,21.82,21.77,21.82,300,2021-09-16 16:37:00,DADA
21.845,21.845,21.84,21.84,200,2021-09-16 16:38:00,DADA
21.82,21.82,21.82,21.82,1100,2021-09-16 16:39:00,DADA
21.85,21.85,21.85,21.85,100,2021-09-16 16:40:00,DADA
21.85,21.86,21.84,21.84,500,2021-09-16 16:41:00,DADA
21.845,21.89,21.845,21.89,900,2021-09-16 16:42:00,DADA
21.92,21.94,21.92,21.94,900,2021-09-16 16:44:00,DADA
21.94,21.94,21.91,21.91,1100,2021-09-16 16:45:00,DADA
21.905,21.905,21.905,21.905,100,2021-09-16 16:47:00,DADA
21.9,21.93,21.87,21.9,4367,2021-09-16 16:48:00,DADA
21.89,21.92,21.87,21.895,1000,2021-09-16 16:49:00,DADA
21.89,21.89,21.89,21.89,100,2021-09-16 16:50:00,DADA
21.89,21.9,21.87,21.9,1276,2021-09-16 16:51:00,DADA
21.88,21.88,21.88,21.88,200,2021-09-16 16:52:00,DADA
21.91,21.91,21.91,21.91,100,2021-09-16 16:53:00,DADA
21.92,21.94,21.895,21.94,1400,2021-09-16 16:54:00,DADA
21.92,21.92,21.8604,21.8604,4694,2021-09-16 16:55:00,DADA
21.87,21.93,21.87,21.93,200,2021-09-16 16:56:00,DADA
21.94,21.94,21.91,21.91,200,2021-09-16 16:57:00,DADA
21.9,21.9,21.9,21.9,200,2021-09-16 16:58:00,DADA
21.92,21.92,21.92,21.92,942,2021-09-16 16:59:00,DADA
21.9,21.91,21.88,21.91,1976,2021-09-16 17:01:00,DADA
21.88,21.9,21.88,21.9,900,2021-09-16 17:04:00,DADA
21.88,21.91,21.88,21.89,1400,2021-09-16 17:05:00,DADA
21.89,21.89,21.87,21.89,318,2021-09-16 17:06:00,DADA
21.9,21.91,21.9,21.91,1100,2021-09-16 17:07:00,DADA
21.905,21.96,21.905,21.95,1992,2021-09-16 17:08:00,DADA
21.965,21.965,21.965,21.965,200,2021-09-16 17:09:00,DADA
21.975,21.975,21.975,21.975,100,2021-09-16 17:11:00,DADA
21.965,21.965,21.91,21.91,4979,2021-09-16 17:13:00,DADA
21.91,21.95,21.9,21.95,2982,2021-09-16 17:14:00,DADA
21.91,21.91,21.91,21.91,400,2021-09-16 17:15:00,DADA
21.925,21.93,21.9,21.91,1409,2021-09-16 17:20:00,DADA
21.9,21.9,21.9,21.9,130,2021-09-16 17:21:00,DADA
21.94,21.95,21.94,21.95,400,2021-09-16 17:22:00,DADA
21.925,21.925,21.925,21.925,290,2021-09-16 17:23:00,DADA
21.9095,21.9095,21.9,21.9,300,2021-09-16 17:24:00,DADA
21.9111,21.925,21.9111,21.925,400,2021-09-16 17:25:00,DADA
21.94,21.94,21.925,21.925,300,2021-09-16 17:27:00,DADA
21.925,21.955,21.925,21.9405,8371,2021-09-16 17:28:00,DADA
21.95,21.95,21.9405,21.9405,1933,2021-09-16 17:29:00,DADA
21.93,21.95,21.93,21.93,2102,2021-09-16 17:30:00,DADA
21.93,21.94,21.92,21.92,1805,2021-09-16 17:31:00,DADA
21.9,21.9,21.9,21.9,100,2021-09-16 17:32:00,DADA
21.92,21.92,21.92,21.92,100,2021-09-16 17:33:00,DADA
21.91,21.92,21.9,21.92,300,2021-09-16 17:34:00,DADA
21.92,21.94,21.92,21.94,300,2021-09-16 17:35:00,DADA
21.94,21.95,21.93,21.95,2212,2021-09-16 17:36:00,DADA
21.95,21.95,21.95,21.95,100,2021-09-16 17:37:00,DADA
21.91,21.93,21.91,21.91,1400,2021-09-16 17:38:00,DADA
21.91,21.91,21.9,21.9,1709,2021-09-16 17:39:00,DADA
21.905,21.905,21.905,21.905,100,2021-09-16 17:40:00,DADA
21.88,21.884,21.865,21.865,1330,2021-09-16 17:41:00,DADA
21.865,21.865,21.85,21.85,300,2021-09-16 17:42:00,DADA
21.865,21.865,21.865,21.865,100,2021-09-16 17:43:00,DADA
21.84,21.865,21.84,21.865,200,2021-09-16 17:44:00,DADA
21.84,21.84,21.84,21.84,100,2021-09-16 17:45:00,DADA
21.865,21.865,21.865,21.865,100,2021-09-16 17:46:00,DADA
21.89,21.9,21.86,21.89,1300,2021-09-16 17:47:00,DADA
21.875,21.875,21.875,21.875,100,2021-09-16 17:49:00,DADA
21.875,21.875,21.875,21.875,300,2021-09-16 17:51:00,DADA
21.89,21.89,21.89,21.89,100,2021-09-16 17:52:00,DADA
21.9,21.9,21.875,21.875,1800,2021-09-16 17:54:00,DADA
21.9,21.95,21.8901,21.93,2625,2021-09-16 17:55:00,DADA
21.94,21.97,21.93,21.97,2619,2021-09-16 17:56:00,DADA
21.95,21.95,21.95,21.95,100,2021-09-16 17:57:00,DADA
21.95,21.95,21.95,21.95,100,2021-09-16 17:58:00,DADA
21.93,21.93,21.93,21.93,1069,2021-09-16 17:59:00,DADA
21.92,21.92,21.92,21.92,937,2021-09-16 18:01:00,DADA
21.935,21.935,21.935,21.935,100,2021-09-16 18:02:00,DADA
21.92,21.94,21.91,21.92,2000,2021-09-16 18:03:00,DADA
21.91,21.94,21.91,21.94,200,2021-09-16 18:04:00,DADA
21.925,21.925,21.925,21.925,200,2021-09-16 18:05:00,DADA
21.91,21.91,21.91,21.91,100,2021-09-16 18:06:00,DADA
21.925,21.94,21.91,21.93,1457,2021-09-16 18:08:00,DADA
21.91,21.921,21.91,21.91,1000,2021-09-16 18:09:00,DADA
21.93,21.95,21.93,21.95,1162,2021-09-16 18:10:00,DADA
21.95,21.965,21.95,21.965,2070,2021-09-16 18:11:00,DADA
21.965,21.965,21.95,21.95,600,2021-09-16 18:12:00,DADA
21.97,21.97,21.955,21.955,1200,2021-09-16 18:13:00,DADA
21.95,21.95,21.95,21.95,600,2021-09-16 18:14:00,DADA
21.95,22.0,21.95,22.0,11306,2021-09-16 18:15:00,DADA
21.995,22.01,21.96,21.97,25917,2021-09-16 18:16:00,DADA
21.965,21.965,21.95,21.96,1700,2021-09-16 18:17:00,DADA
21.96,21.97,21.96,21.96,1000,2021-09-16 18:18:00,DADA
21.96,21.96,21.955,21.955,300,2021-09-16 18:19:00,DADA
21.955,21.955,21.955,21.955,100,2021-09-16 18:21:00,DADA
21.94,21.94,21.93,21.93,801,2021-09-16 18:22:00,DADA
21.93,21.94,21.93,21.94,300,2021-09-16 18:23:00,DADA
21.935,21.935,21.93,21.93,600,2021-09-16 18:24:00,DADA
21.935,21.94,21.93,21.94,1300,2021-09-16 18:25:00,DADA
21.93,21.93,21.9168,21.925,1400,2021-09-16 18:26:00,DADA
21.94,21.96,21.94,21.96,1900,2021-09-16 18:27:00,DADA
21.95,21.95,21.94,21.95,1203,2021-09-16 18:28:00,DADA
21.93,21.95,21.93,21.93,2201,2021-09-16 18:29:00,DADA
21.95,21.95,21.94,21.94,1600,2021-09-16 18:31:00,DADA
21.94,21.94,21.92,21.92,1200,2021-09-16 18:32:00,DADA
21.925,21.94,21.91,21.92,1315,2021-09-16 18:33:00,DADA
21.94,21.94,21.94,21.94,990,2021-09-16 18:34:00,DADA
21.94,21.96,21.94,21.955,2909,2021-09-16 18:35:00,DADA
21.97,21.97,21.955,21.955,200,2021-09-16 18:36:00,DADA
21.94,21.95,21.93,21.93,2400,2021-09-16 18:38:00,DADA
21.93,21.94,21.91,21.92,1529,2021-09-16 18:39:00,DADA
21.925,21.95,21.925,21.95,509,2021-09-16 18:40:00,DADA
21.95,21.955,21.95,21.95,4010,2021-09-16 18:41:00,DADA
21.95,21.955,21.91,21.94,3075,2021-09-16 18:42:00,DADA
21.9499,21.9499,21.9499,21.9499,100,2021-09-16 18:43:00,DADA
21.95,21.95,21.935,21.95,800,2021-09-16 18:44:00,DADA
21.935,21.95,21.935,21.94,1548,2021-09-16 18:45:00,DADA
21.95,21.95,21.94,21.945,800,2021-09-16 18:46:00,DADA
21.945,21.945,21.945,21.945,500,2021-09-16 18:47:00,DADA
21.94,21.94,21.92,21.94,2511,2021-09-16 18:48:00,DADA
21.94,21.95,21.92,21.92,3600,2021-09-16 18:49:00,DADA
21.92,21.93,21.92,21.93,1400,2021-09-16 18:50:00,DADA
21.93,21.95,21.925,21.935,1300,2021-09-16 18:51:00,DADA
21.935,21.935,21.935,21.935,500,2021-09-16 18:52:00,DADA
21.935,21.95,21.935,21.935,910,2021-09-16 18:53:00,DADA
21.94,21.94,21.93,21.93,1105,2021-09-16 18:54:00,DADA
21.94,21.94,21.94,21.94,938,2021-09-16 18:55:00,DADA
21.94,21.94,21.94,21.94,400,2021-09-16 18:56:00,DADA
21.94,21.94,21.92,21.93,1318,2021-09-16 18:57:00,DADA
21.93,21.94,21.92,21.93,800,2021-09-16 18:58:00,DADA
21.93,21.93,21.92,21.92,2698,2021-09-16 18:59:00,DADA
21.93,21.94,21.93,21.93,1422,2021-09-16 19:00:00,DADA
21.93,21.94,21.93,21.93,800,2021-09-16 19:01:00,DADA
21.93,21.94,21.93,21.93,1800,2021-09-16 19:02:00,DADA
21.93,21.93,21.91,21.91,2379,2021-09-16 19:03:00,DADA
21.9,21.925,21.9,21.925,1998,2021-09-16 19:04:00,DADA
21.94,21.94,21.94,21.94,300,2021-09-16 19:05:00,DADA
21.95,21.95,21.94,21.94,200,2021-09-16 19:06:00,DADA
21.93,21.94,21.92,21.92,1000,2021-09-16 19:07:00,DADA
21.93,21.955,21.92,21.95,2156,2021-09-16 19:08:00,DADA
21.95,21.95,21.94,21.94,500,2021-09-16 19:09:00,DADA
21.93,21.94,21.93,21.94,500,2021-09-16 19:11:00,DADA
21.94,21.94,21.935,21.94,700,2021-09-16 19:12:00,DADA
21.94,21.94,21.93,21.93,600,2021-09-16 19:13:00,DADA
21.93,21.94,21.93,21.94,2003,2021-09-16 19:14:00,DADA
21.93,21.95,21.93,21.95,2720,2021-09-16 19:15:00,DADA
21.94,21.9465,21.93,21.93,1500,2021-09-16 19:16:00,DADA
21.94,21.94,21.91,21.915,1700,2021-09-16 19:17:00,DADA
21.92,21.92,21.9,21.915,600,2021-09-16 19:18:00,DADA
21.915,21.915,21.915,21.915,200,2021-09-16 19:19:00,DADA
21.915,21.92,21.915,21.92,400,2021-09-16 19:20:00,DADA
21.9,21.91,21.9,21.905,1400,2021-09-16 19:21:00,DADA
21.9,21.9,21.9,21.9,100,2021-09-16 19:22:00,DADA
21.905,21.905,21.885,21.885,1500,2021-09-16 19:23:00,DADA
21.885,21.885,21.87,21.87,200,2021-09-16 19:24:00,DADA
21.885,21.885,21.85,21.85,1600,2021-09-16 19:25:00,DADA
21.86,21.86,21.85,21.85,1400,2021-09-16 19:26:00,DADA
21.85,21.85,21.82,21.82,1073,2021-09-16 19:27:00,DADA
21.825,21.83,21.8,21.81,1466,2021-09-16 19:28:00,DADA
21.8,21.8,21.76,21.765,1843,2021-09-16 19:29:00,DADA
21.7512,21.77,21.71,21.73,2400,2021-09-16 19:30:00,DADA
21.72,21.72,21.71,21.71,600,2021-09-16 19:31:00,DADA
21.72,21.72,21.665,21.665,1607,2021-09-16 19:32:00,DADA
21.66,21.66,21.63,21.63,400,2021-09-16 19:33:00,DADA
21.665,21.73,21.665,21.71,1600,2021-09-16 19:34:00,DADA
21.729,21.729,21.729,21.729,100,2021-09-16 19:35:00,DADA
21.705,21.73,21.7,21.7,1350,2021-09-16 19:36:00,DADA
21.7,21.705,21.675,21.675,700,2021-09-16 19:37:00,DADA
21.65,21.71,21.65,21.71,773,2021-09-16 19:38:00,DADA
21.68,21.7,21.68,21.68,600,2021-09-16 19:39:00,DADA
21.67,21.67,21.66,21.66,300,2021-09-16 19:40:00,DADA
21.675,21.7,21.67,21.67,800,2021-09-16 19:41:00,DADA
21.69,21.69,21.69,21.69,200,2021-09-16 19:42:00,DADA
21.7,21.75,21.7,21.75,3910,2021-09-16 19:43:00,DADA
21.75,21.75,21.73,21.75,752,2021-09-16 19:44:00,DADA
21.735,21.735,21.735,21.735,200,2021-09-16 19:45:00,DADA
21.735,21.83,21.735,21.82,1100,2021-09-16 19:46:00,DADA
21.83,21.83,21.815,21.815,500,2021-09-16 19:47:00,DADA
21.805,21.82,21.79,21.82,3585,2021-09-16 19:48:00,DADA
21.8,21.84,21.8,21.83,1698,2021-09-16 19:49:00,DADA
21.86,21.9,21.85,21.88,1736,2021-09-16 19:50:00,DADA
21.88,21.88,21.85,21.85,3616,2021-09-16 19:51:00,DADA
21.855,21.855,21.79,21.82,3915,2021-09-16 19:52:00,DADA
21.81,21.84,21.81,21.83,2014,2021-09-16 19:53:00,DADA
21.835,21.84,21.825,21.83,2341,2021-09-16 19:54:00,DADA
21.83,21.83,21.81,21.815,3354,2021-09-16 19:55:00,DADA
21.815,21.835,21.81,21.835,4712,2021-09-16 19:56:00,DADA
21.84,21.85,21.81,21.82,10216,2021-09-16 19:57:00,DADA
21.82,21.84,21.82,21.83,9237,2021-09-16 19:58:00,DADA
21.83,21.86,21.81,21.85,23210,2021-09-16 19:59:00,DADA
21.85,21.85,21.85,21.85,50035,2021-09-16 20:00:00,DADA
21.85,21.85,21.85,21.85,45177,2021-09-16 21:17:00,DADA
22.02,22.14,21.96,22.09,15611,2021-09-17 13:30:00,DADA
22.03,22.08,22.03,22.04,900,2021-09-17 13:31:00,DADA
22.04,22.04,21.94,21.94,4568,2021-09-17 13:32:00,DADA
21.94,21.95,21.71,21.72,3604,2021-09-17 13:33:00,DADA
21.805,21.92,21.76,21.78,2900,2021-09-17 13:34:00,DADA
21.74,21.7658,21.71,21.71,800,2021-09-17 13:35:00,DADA
21.775,21.775,21.705,21.705,500,2021-09-17 13:36:00,DADA
21.7,21.745,21.67,21.67,700,2021-09-17 13:37:00,DADA
21.61,21.695,21.57,21.695,1009,2021-09-17 13:38:00,DADA
21.63,21.63,21.63,21.63,100,2021-09-17 13:39:00,DADA
21.655,21.655,21.54,21.6,6472,2021-09-17 13:40:00,DADA
21.56,21.58,21.5,21.5,1617,2021-09-17 13:41:00,DADA
21.5,21.5238,21.43,21.4624,5515,2021-09-17 13:42:00,DADA
21.47,21.49,21.43,21.465,3125,2021-09-17 13:43:00,DADA
21.49,21.49,21.43,21.43,2934,2021-09-17 13:44:00,DADA
21.42,21.42,21.34,21.4,1600,2021-09-17 13:45:00,DADA
21.4,21.52,21.4,21.52,2893,2021-09-17 13:46:00,DADA
21.53,21.53,21.515,21.525,300,2021-09-17 13:47:00,DADA
21.525,21.63,21.525,21.57,2125,2021-09-17 13:48:00,DADA
21.595,21.7,21.595,21.63,3400,2021-09-17 13:49:00,DADA
21.665,21.86,21.61,21.86,5218,2021-09-17 13:50:00,DADA
21.83,21.87,21.83,21.86,3000,2021-09-17 13:51:00,DADA
21.85,21.85,21.825,21.825,1823,2021-09-17 13:52:00,DADA
21.8,21.82,21.795,21.818,3350,2021-09-17 13:53:00,DADA
21.8,21.875,21.755,21.83,8293,2021-09-17 13:54:00,DADA
21.83,21.86,21.83,21.86,539,2021-09-17 13:55:00,DADA
21.85,21.89,21.85,21.85,799,2021-09-17 13:56:00,DADA
21.85,21.85,21.82,21.82,286,2021-09-17 13:57:00,DADA
21.85,21.85,21.82,21.82,400,2021-09-17 13:58:00,DADA
21.82,21.82,21.76,21.795,4721,2021-09-17 14:00:00,DADA
21.77,21.785,21.7,21.73,2971,2021-09-17 14:01:00,DADA
21.71,21.76,21.685,21.7,3493,2021-09-17 14:02:00,DADA
21.68,21.8,21.68,21.76,5383,2021-09-17 14:03:00,DADA
21.76,21.8,21.65,21.66,6090,2021-09-17 14:04:00,DADA
21.6,21.62,21.59,21.59,1200,2021-09-17 14:05:00,DADA
21.57,21.625,21.56,21.625,2667,2021-09-17 14:06:00,DADA
21.62,21.73,21.62,21.73,1700,2021-09-17 14:07:00,DADA
21.73,21.73,21.695,21.695,200,2021-09-17 14:08:00,DADA
21.68,21.68,21.63,21.63,3421,2021-09-17 14:09:00,DADA
21.64,21.64,21.6,21.6,862,2021-09-17 14:10:00,DADA
21.63,21.71,21.62,21.71,5200,2021-09-17 14:11:00,DADA
21.71,21.73,21.68,21.72,1700,2021-09-17 14:12:00,DADA
21.715,21.73,21.71,21.71,789,2021-09-17 14:13:00,DADA
21.75,21.8,21.74,21.765,2554,2021-09-17 14:14:00,DADA
21.74,21.74,21.72,21.74,2153,2021-09-17 14:15:00,DADA
21.77,21.77,21.745,21.745,400,2021-09-17 14:16:00,DADA
21.745,21.745,21.745,21.745,100,2021-09-17 14:17:00,DADA
21.745,21.77,21.745,21.77,600,2021-09-17 14:18:00,DADA
21.77,21.77,21.73,21.745,1700,2021-09-17 14:19:00,DADA
21.745,21.745,21.745,21.745,100,2021-09-17 14:20:00,DADA
21.74,21.8,21.74,21.8,3234,2021-09-17 14:21:00,DADA
21.8,21.8323,21.8,21.825,500,2021-09-17 14:22:00,DADA
21.825,21.85,21.825,21.85,400,2021-09-17 14:23:00,DADA
21.82,21.83,21.82,21.83,1780,2021-09-17 14:24:00,DADA
21.845,21.845,21.845,21.845,100,2021-09-17 14:25:00,DADA
21.87,21.89,21.85,21.85,2300,2021-09-17 14:26:00,DADA
21.9,21.9,21.86,21.86,1968,2021-09-17 14:27:00,DADA
21.86,21.86,21.86,21.86,600,2021-09-17 14:28:00,DADA
21.91,21.91,21.885,21.885,1100,2021-09-17 14:29:00,DADA
21.87,21.87,21.83,21.85,1190,2021-09-17 14:30:00,DADA
21.81,21.81,21.81,21.81,100,2021-09-17 14:31:00,DADA
21.825,21.825,21.825,21.825,100,2021-09-17 14:32:00,DADA
21.81,21.81,21.8,21.8,1300,2021-09-17 14:33:00,DADA
21.77,21.77,21.73,21.73,500,2021-09-17 14:34:00,DADA
21.7,21.73,21.7,21.7,500,2021-09-17 14:35:00,DADA
21.76,21.76,21.65,21.65,2918,2021-09-17 14:36:00,DADA
21.61,21.61,21.4,21.485,8157,2021-09-17 14:37:00,DADA
21.525,21.525,21.52,21.52,300,2021-09-17 14:38:00,DADA
21.5,21.5,21.43,21.43,682,2021-09-17 14:39:00,DADA
21.445,21.445,21.41,21.41,200,2021-09-17 14:40:00,DADA
21.41,21.41,21.41,21.41,600,2021-09-17 14:41:00,DADA
21.4,21.485,21.4,21.48,3456,2021-09-17 14:42:00,DADA
21.48,21.48,21.48,21.48,300,2021-09-17 14:46:00,DADA
21.48,21.48,21.48,21.48,100,2021-09-17 14:48:00,DADA
21.45,21.49,21.45,21.45,407,2021-09-17 14:49:00,DADA
21.47,21.47,21.44,21.44,600,2021-09-17 14:50:00,DADA
21.44,21.47,21.44,21.465,1100,2021-09-17 14:51:00,DADA
21.465,21.47,21.465,21.47,200,2021-09-17 14:52:00,DADA
21.4401,21.4401,21.4401,21.4401,300,2021-09-17 14:54:00,DADA
21.475,21.475,21.475,21.475,100,2021-09-17 14:55:00,DADA
21.475,21.49,21.43,21.49,4838,2021-09-17 14:56:00,DADA
21.52,21.52,21.52,21.52,100,2021-09-17 14:57:00,DADA
21.525,21.525,21.5012,21.5012,400,2021-09-17 14:58:00,DADA
21.5484,21.5484,21.53,21.53,200,2021-09-17 14:59:00,DADA
21.53,21.53,21.53,21.53,300,2021-09-17 15:00:00,DADA
21.53,21.53,21.53,21.53,200,2021-09-17 15:01:00,DADA
21.55,21.55,21.53,21.53,400,2021-09-17 15:02:00,DADA
21.53,21.56,21.53,21.56,500,2021-09-17 15:03:00,DADA
21.53,21.53,21.53,21.53,100,2021-09-17 15:04:00,DADA
21.525,21.525,21.48,21.48,2867,2021-09-17 15:05:00,DADA
21.48,21.56,21.48,21.56,11432,2021-09-17 15:08:00,DADA
21.55,21.55,21.49,21.49,1824,2021-09-17 15:09:00,DADA
21.46,21.46,21.46,21.46,100,2021-09-17 15:10:00,DADA
21.46,21.46,21.34,21.35,2746,2021-09-17 15:12:00,DADA
21.35,21.435,21.35,21.435,4250,2021-09-17 15:13:00,DADA
21.455,21.475,21.455,21.475,200,2021-09-17 15:14:00,DADA
21.485,21.485,21.485,21.485,200,2021-09-17 15:15:00,DADA
21.485,21.51,21.485,21.51,300,2021-09-17 15:16:00,DADA
21.52,21.53,21.52,21.53,1800,2021-09-17 15:17:00,DADA
21.58,21.58,21.58,21.58,200,2021-09-17 15:18:00,DADA
21.565,21.6625,21.565,21.6625,1005,2021-09-17 15:19:00,DADA
21.645,21.645,21.62,21.62,1263,2021-09-17 15:20:00,DADA
21.635,21.6394,21.61,21.63,2294,2021-09-17 15:21:00,DADA
21.65,21.67,21.65,21.655,404,2021-09-17 15:22:00,DADA
21.69,21.705,21.69,21.705,200,2021-09-17 15:23:00,DADA
21.705,21.705,21.705,21.705,100,2021-09-17 15:25:00,DADA
21.705,21.705,21.705,21.705,100,2021-09-17 15:26:00,DADA
21.7,21.705,21.7,21.7,841,2021-09-17 15:27:00,DADA
21.72,21.74,21.72,21.74,1010,2021-09-17 15:28:00,DADA
21.76,21.76,21.76,21.76,100,2021-09-17 15:29:00,DADA
21.74,21.74,21.69,21.69,2981,2021-09-17 15:30:00,DADA
21.68,21.68,21.68,21.68,700,2021-09-17 15:31:00,DADA
21.63,21.63,21.63,21.63,100,2021-09-17 15:32:00,DADA
21.585,21.585,21.585,21.585,400,2021-09-17 15:33:00,DADA
21.58,21.62,21.58,21.6,2572,2021-09-17 15:34:00,DADA
21.56,21.575,21.55,21.555,1096,2021-09-17 15:35:00,DADA
21.555,21.57,21.48,21.48,5833,2021-09-17 15:36:00,DADA
21.5,21.5,21.47,21.47,300,2021-09-17 15:37:00,DADA
21.47,21.48,21.46,21.48,400,2021-09-17 15:38:00,DADA
21.48,21.51,21.45,21.45,3350,2021-09-17 15:39:00,DADA
21.455,21.455,21.455,21.455,300,2021-09-17 15:41:00,DADA
21.455,21.455,21.455,21.455,300,2021-09-17 15:42:00,DADA
21.455,21.48,21.455,21.465,600,2021-09-17 15:43:00,DADA
21.465,21.465,21.45,21.46,400,2021-09-17 15:44:00,DADA
21.46,21.46,21.46,21.46,376,2021-09-17 15:45:00,DADA
21.46,21.46,21.46,21.46,100,2021-09-17 15:46:00,DADA
21.46,21.46,21.46,21.46,200,2021-09-17 15:47:00,DADA
21.46,21.465,21.46,21.465,500,2021-09-17 15:48:00,DADA
21.45,21.45,21.405,21.405,2330,2021-09-17 15:49:00,DADA
21.41,21.41,21.41,21.41,400,2021-09-17 15:50:00,DADA
21.4,21.41,21.38,21.38,500,2021-09-17 15:51:00,DADA
21.36,21.39,21.31,21.31,2741,2021-09-17 15:52:00,DADA
21.34,21.34,21.23,21.23,1846,2021-09-17 15:53:00,DADA
21.285,21.31,21.26,21.26,1100,2021-09-17 15:54:00,DADA
21.285,21.285,21.285,21.285,200,2021-09-17 15:55:00,DADA
21.285,21.31,21.26,21.27,800,2021-09-17 15:56:00,DADA
21.29,21.31,21.29,21.295,600,2021-09-17 15:58:00,DADA
21.295,21.33,21.26,21.265,7575,2021-09-17 15:59:00,DADA
21.265,21.265,21.265,21.265,100,2021-09-17 16:00:00,DADA
21.28,21.33,21.28,21.33,2700,2021-09-17 16:01:00,DADA
21.33,21.33,21.33,21.33,100,2021-09-17 16:02:00,DADA
21.35,21.35,21.335,21.335,3400,2021-09-17 16:05:00,DADA
21.35,21.35,21.335,21.35,400,2021-09-17 16:06:00,DADA
21.35,21.35,21.335,21.335,400,2021-09-17 16:07:00,DADA
21.32,21.32,21.29,21.295,4922,2021-09-17 16:09:00,DADA
21.3,21.3,21.29,21.3,1100,2021-09-17 16:10:00,DADA
21.295,21.295,21.29,21.295,1000,2021-09-17 16:11:00,DADA
21.29,21.295,21.28,21.29,767,2021-09-17 16:12:00,DADA
21.29,21.42,21.29,21.385,9059,2021-09-17 16:13:00,DADA
21.39,21.39,21.39,21.39,200,2021-09-17 16:15:00,DADA
21.39,21.46,21.3856,21.46,13825,2021-09-17 16:16:00,DADA
21.46,21.48,21.45,21.45,1300,2021-09-17 16:17:00,DADA
21.47,21.47,21.47,21.47,100,2021-09-17 16:19:00,DADA
21.47,21.47,21.47,21.47,100,2021-09-17 16:20:00,DADA
21.49,21.49,21.49,21.49,200,2021-09-17 16:22:00,DADA
21.47,21.53,21.47,21.53,3706,2021-09-17 16:23:00,DADA
21.56,21.63,21.56,21.62,1800,2021-09-17 16:24:00,DADA
21.64,21.64,21.64,21.64,100,2021-09-17 16:25:00,DADA
21.64,21.64,21.61,21.61,700,2021-09-17 16:26:00,DADA
21.64,21.64,21.63,21.64,800,2021-09-17 16:27:00,DADA
21.64,21.64,21.64,21.64,400,2021-09-17 16:28:00,DADA
21.64,21.64,21.64,21.64,200,2021-09-17 16:29:00,DADA
21.64,21.64,21.639,21.639,238,2021-09-17 16:30:00,DADA
21.63,21.63,21.61,21.61,200,2021-09-17 16:31:00,DADA
21.61,21.64,21.61,21.63,6227,2021-09-17 16:32:00,DADA
21.67,21.67,21.67,21.67,200,2021-09-17 16:33:00,DADA
21.67,21.67,21.67,21.67,175,2021-09-17 16:34:00,DADA
21.69,21.69,21.69,21.69,100,2021-09-17 16:35:00,DADA
21.675,21.675,21.675,21.675,100,2021-09-17 16:36:00,DADA
21.69,21.69,21.69,21.69,100,2021-09-17 16:37:00,DADA
21.675,21.675,21.675,21.675,200,2021-09-17 16:38:00,DADA
21.7,21.74,21.695,21.74,4270,2021-09-17 16:40:00,DADA
21.73,21.76,21.73,21.75,2192,2021-09-17 16:42:00,DADA
21.76,21.78,21.76,21.77,3640,2021-09-17 16:43:00,DADA
21.83,21.83,21.83,21.83,100,2021-09-17 16:44:00,DADA
21.815,21.815,21.815,21.815,300,2021-09-17 16:45:00,DADA
21.815,21.815,21.8083,21.815,800,2021-09-17 16:46:00,DADA
21.84,21.87,21.84,21.87,1304,2021-09-17 16:47:00,DADA
21.86,21.86,21.77,21.78,4194,2021-09-17 16:49:00,DADA
21.78,21.78,21.78,21.78,100,2021-09-17 16:50:00,DADA
21.75,21.75,21.75,21.75,590,2021-09-17 16:51:00,DADA
21.75,21.77,21.75,21.76,2704,2021-09-17 16:52:00,DADA
21.75,21.75,21.75,21.75,299,2021-09-17 16:53:00,DADA
21.78,21.78,21.78,21.78,200,2021-09-17 16:54:00,DADA
21.765,21.765,21.765,21.765,100,2021-09-17 16:55:00,DADA
21.765,21.78,21.75,21.75,6380,2021-09-17 16:56:00,DADA
21.77,21.815,21.77,21.815,2581,2021-09-17 16:57:00,DADA
21.815,21.815,21.79,21.81,1000,2021-09-17 16:59:00,DADA
21.8,21.82,21.8,21.82,700,2021-09-17 17:00:00,DADA
21.82,21.82,21.79,21.81,1583,2021-09-17 17:01:00,DADA
21.79,21.81,21.78,21.78,1396,2021-09-17 17:02:00,DADA
21.795,21.795,21.77,21.77,646,2021-09-17 17:04:00,DADA
21.76,21.76,21.76,21.76,100,2021-09-17 17:06:00,DADA
21.76,21.76,21.76,21.76,100,2021-09-17 17:08:00,DADA
21.78,21.79,21.76,21.79,2900,2021-09-17 17:09:00,DADA
21.81,21.84,21.81,21.84,891,2021-09-17 17:10:00,DADA
21.825,21.91,21.825,21.91,2600,2021-09-17 17:11:00,DADA
21.91,21.91,21.87,21.88,1775,2021-09-17 17:12:00,DADA
21.9,21.96,21.9,21.96,1168,2021-09-17 17:13:00,DADA
21.945,21.945,21.945,21.945,200,2021-09-17 17:14:00,DADA
21.92,21.96,21.92,21.93,2387,2021-09-17 17:15:00,DADA
21.92,21.94,21.92,21.94,1052,2021-09-17 17:17:00,DADA
21.91,21.935,21.91,21.935,717,2021-09-17 17:18:00,DADA
21.91,21.91,21.89,21.89,1397,2021-09-17 17:19:00,DADA
21.87,21.88,21.85,21.88,3178,2021-09-17 17:20:00,DADA
21.88,21.9,21.86,21.86,8245,2021-09-17 17:21:00,DADA
21.85,21.85,21.8,21.8,2110,2021-09-17 17:23:00,DADA
21.79,21.84,21.79,21.83,4196,2021-09-17 17:24:00,DADA
21.83,21.84,21.82,21.84,977,2021-09-17 17:26:00,DADA
21.825,21.825,21.825,21.825,200,2021-09-17 17:28:00,DADA
21.825,21.85,21.825,21.85,300,2021-09-17 17:29:00,DADA
21.85,21.85,21.825,21.825,300,2021-09-17 17:30:00,DADA
21.83,21.84,21.82,21.84,3072,2021-09-17 17:31:00,DADA
21.84,21.84,21.8,21.82,2143,2021-09-17 17:32:00,DADA
21.83,21.84,21.83,21.84,978,2021-09-17 17:33:00,DADA
21.83,21.845,21.83,21.83,1398,2021-09-17 17:34:00,DADA
21.83,21.83,21.81,21.81,200,2021-09-17 17:36:00,DADA
21.82,21.82,21.8,21.8,1499,2021-09-17 17:37:00,DADA
21.8,21.8,21.8,21.8,300,2021-09-17 17:38:00,DADA
21.8,21.8,21.78,21.78,1921,2021-09-17 17:39:00,DADA
21.75,21.75,21.735,21.75,1665,2021-09-17 17:40:00,DADA
21.735,21.735,21.735,21.735,100,2021-09-17 17:41:00,DADA
21.735,21.75,21.735,21.75,1400,2021-09-17 17:42:00,DADA
21.74,21.74,21.72,21.72,1738,2021-09-17 17:44:00,DADA
21.67,21.67,21.61,21.62,4190,2021-09-17 17:46:00,DADA
21.61,21.61,21.595,21.595,500,2021-09-17 17:47:00,DADA
21.57,21.5818,21.57,21.5818,1640,2021-09-17 17:48:00,DADA
21.575,21.585,21.573,21.58,1300,2021-09-17 17:49:00,DADA
21.6,21.6,21.5925,21.5925,700,2021-09-17 17:50:00,DADA
21.585,21.585,21.48,21.5,2924,2021-09-17 17:51:00,DADA
21.48,21.495,21.47,21.47,1304,2021-09-17 17:52:00,DADA
21.46,21.49,21.445,21.49,4988,2021-09-17 17:53:00,DADA
21.485,21.57,21.485,21.565,4545,2021-09-17 17:54:00,DADA
21.56,21.57,21.54,21.54,1604,2021-09-17 17:55:00,DADA
21.53,21.53,21.53,21.53,300,2021-09-17 17:56:00,DADA
21.55,21.55,21.55,21.55,521,2021-09-17 17:57:00,DADA
21.55,21.57,21.55,21.56,1514,2021-09-17 17:59:00,DADA
21.57,21.67,21.57,21.67,5440,2021-09-17 18:00:00,DADA
21.65,21.65,21.64,21.65,1656,2021-09-17 18:01:00,DADA
21.67,21.73,21.66,21.73,2235,2021-09-17 18:04:00,DADA
21.765,21.8,21.765,21.77,700,2021-09-17 18:05:00,DADA
21.765,21.77,21.74,21.76,1663,2021-09-17 18:06:00,DADA
21.76,21.76,21.76,21.76,100,2021-09-17 18:08:00,DADA
21.77,21.77,21.76,21.76,200,2021-09-17 18:09:00,DADA
21.76,21.76,21.72,21.72,3663,2021-09-17 18:10:00,DADA
21.71,21.71,21.655,21.68,4462,2021-09-17 18:11:00,DADA
21.685,21.71,21.64,21.64,4036,2021-09-17 18:12:00,DADA
21.635,21.635,21.635,21.635,250,2021-09-17 18:13:00,DADA
21.635,21.635,21.63,21.63,700,2021-09-17 18:14:00,DADA
21.63,21.63,21.61,21.61,1502,2021-09-17 18:15:00,DADA
21.63,21.69,21.62,21.65,9947,2021-09-17 18:16:00,DADA
21.675,21.675,21.64,21.645,1375,2021-09-17 18:17:00,DADA
21.645,21.645,21.64,21.64,1135,2021-09-17 18:18:00,DADA
21.65,21.66,21.65,21.66,932,2021-09-17 18:20:00,DADA
21.65,21.66,21.65,21.66,300,2021-09-17 18:21:00,DADA
21.67,21.68,21.65,21.665,8578,2021-09-17 18:22:00,DADA
21.665,21.665,21.665,21.665,100,2021-09-17 18:23:00,DADA
21.68,21.68,21.67,21.68,1728,2021-09-17 18:24:00,DADA
21.67,21.675,21.65,21.65,3836,2021-09-17 18:25:00,DADA
21.65,21.65,21.65,21.65,100,2021-09-17 18:26:00,DADA
21.67,21.67,21.65,21.65,1642,2021-09-17 18:27:00,DADA
21.68,21.68,21.66,21.68,300,2021-09-17 18:30:00,DADA
21.68,21.75,21.675,21.72,13440,2021-09-17 18:31:00,DADA
21.735,21.805,21.735,21.805,1530,2021-09-17 18:32:00,DADA
21.8,21.81,21.77,21.77,3960,2021-09-17 18:33:00,DADA
21.77,21.77,21.76,21.76,1527,2021-09-17 18:34:00,DADA
21.75,21.765,21.75,21.765,200,2021-09-17 18:35:00,DADA
21.75,21.75,21.75,21.75,1137,2021-09-17 18:36:00,DADA
21.755,21.755,21.755,21.755,200,2021-09-17 18:38:00,DADA
21.755,21.755,21.755,21.755,300,2021-09-17 18:39:00,DADA
21.77,21.78,21.76,21.78,1499,2021-09-17 18:40:00,DADA
21.78,21.865,21.78,21.8,10497,2021-09-17 18:41:00,DADA
21.8,21.8,21.8,21.8,200,2021-09-17 18:42:00,DADA
21.82,21.83,21.82,21.83,400,2021-09-17 18:43:00,DADA
21.81,21.825,21.8,21.8,2915,2021-09-17 18:44:00,DADA
21.8,21.8,21.8,21.8,573,2021-09-17 18:45:00,DADA
21.805,21.805,21.805,21.805,100,2021-09-17 18:46:00,DADA
21.805,21.805,21.805,21.805,200,2021-09-17 18:48:00,DADA
21.805,21.805,21.78,21.78,2531,2021-09-17 18:49:00,DADA
21.79,21.79,21.79,21.79,728,2021-09-17 18:50:00,DADA
21.785,21.785,21.785,21.785,100,2021-09-17 18:51:00,DADA
21.785,21.785,21.75,21.75,2929,2021-09-17 18:52:00,DADA
21.76,21.84,21.76,21.84,14202,2021-09-17 18:53:00,DADA
21.9,21.9,21.9,21.9,100,2021-09-17 18:54:00,DADA
21.88,21.88,21.88,21.88,700,2021-09-17 18:55:00,DADA
21.89,21.915,21.88,21.9,3464,2021-09-17 18:56:00,DADA
21.89,21.9,21.88,21.9,2974,2021-09-17 18:58:00,DADA
21.905,21.905,21.905,21.905,100,2021-09-17 18:59:00,DADA
21.905,21.93,21.905,21.93,1113,2021-09-17 19:00:00,DADA
21.92,21.92,21.92,21.92,100,2021-09-17 19:01:00,DADA
21.92,21.92,21.9001,21.9001,979,2021-09-17 19:02:00,DADA
21.91,21.91,21.91,21.91,100,2021-09-17 19:03:00,DADA
21.91,21.91,21.91,21.91,100,2021-09-17 19:04:00,DADA
21.9,21.92,21.89,21.92,3154,2021-09-17 19:05:00,DADA
21.905,21.905,21.905,21.905,100,2021-09-17 19:06:00,DADA
21.89,21.89,21.85,21.88,8212,2021-09-17 19:08:00,DADA
21.88,21.88,21.82,21.82,755,2021-09-17 19:09:00,DADA
21.815,21.85,21.815,21.85,3026,2021-09-17 19:10:00,DADA
21.84,21.85,21.84,21.85,1611,2021-09-17 19:11:00,DADA
21.84,21.85,21.84,21.85,900,2021-09-17 19:12:00,DADA
21.85,21.85,21.85,21.85,100,2021-09-17 19:13:00,DADA
21.85,21.85,21.85,21.85,991,2021-09-17 19:14:00,DADA
21.84,21.84,21.82,21.83,2712,2021-09-17 19:15:00,DADA
21.84,21.84,21.84,21.84,700,2021-09-17 19:16:00,DADA
21.835,21.92,21.835,21.92,9863,2021-09-17 19:17:00,DADA
21.91,21.9225,21.91,21.9225,1300,2021-09-17 19:18:00,DADA
21.93,21.96,21.92,21.92,4090,2021-09-17 19:19:00,DADA
21.95,21.97,21.95,21.96,2159,2021-09-17 19:20:00,DADA
21.96,21.96,21.95,21.95,1451,2021-09-17 19:21:00,DADA
21.96,21.96,21.92,21.925,5453,2021-09-17 19:22:00,DADA
21.92,21.92,21.92,21.92,100,2021-09-17 19:23:00,DADA
21.925,21.925,21.925,21.925,400,2021-09-17 19:24:00,DADA
21.91,21.92,21.91,21.91,1100,2021-09-17 19:25:00,DADA
21.91,21.922,21.91,21.922,1500,2021-09-17 19:26:00,DADA
21.9204,21.94,21.92,21.93,5529,2021-09-17 19:27:00,DADA
21.93,21.985,21.75,21.79,63175,2021-09-17 19:28:00,DADA
21.795,21.795,21.67,21.72,25838,2021-09-17 19:29:00,DADA
21.75,21.765,21.75,21.765,1600,2021-09-17 19:30:00,DADA
21.765,21.81,21.765,21.81,14101,2021-09-17 19:31:00,DADA
21.8,21.8,21.77,21.77,400,2021-09-17 19:32:00,DADA
21.8,21.81,21.8,21.81,4390,2021-09-17 19:33:00,DADA
21.81,21.818,21.81,21.81,4462,2021-09-17 19:34:00,DADA
21.81,21.82,21.81,21.82,480,2021-09-17 19:35:00,DADA
21.82,21.82,21.81,21.82,1583,2021-09-17 19:36:00,DADA
21.81,21.82,21.8,21.81,2189,2021-09-17 19:37:00,DADA
21.829,21.83,21.825,21.825,1326,2021-09-17 19:38:00,DADA
21.825,21.83,21.82,21.82,3642,2021-09-17 19:39:00,DADA
21.83,21.84,21.82,21.84,1669,2021-09-17 19:40:00,DADA
21.835,21.845,21.83,21.84,3212,2021-09-17 19:41:00,DADA
21.835,21.835,21.78,21.8,5242,2021-09-17 19:42:00,DADA
21.8,21.8,21.8,21.8,200,2021-09-17 19:43:00,DADA
21.82,21.83,21.8,21.83,5096,2021-09-17 19:44:00,DADA
21.829,21.83,21.815,21.815,3300,2021-09-17 19:45:00,DADA
21.815,21.83,21.81,21.82,2315,2021-09-17 19:46:00,DADA
21.82,21.83,21.82,21.83,5423,2021-09-17 19:47:00,DADA
21.84,21.96,21.83,21.95,9647,2021-09-17 19:48:00,DADA
21.97,21.97,21.91,21.93,10402,2021-09-17 19:49:00,DADA
21.9,21.9,21.86,21.86,1144,2021-09-17 19:50:00,DADA
21.9,21.9,21.77,21.79,3856,2021-09-17 19:51:00,DADA
21.79,21.8,21.77,21.78,3954,2021-09-17 19:52:00,DADA
21.77,21.78,21.72,21.73,9219,2021-09-17 19:53:00,DADA
21.73,21.76,21.64,21.71,15159,2021-09-17 19:54:00,DADA
21.706,21.72,21.68,21.7199,11050,2021-09-17 19:55:00,DADA
21.72,21.82,21.72,21.75,9504,2021-09-17 19:56:00,DADA
21.75,21.75,21.735,21.74,3330,2021-09-17 19:57:00,DADA
21.745,21.76,21.745,21.75,7426,2021-09-17 19:58:00,DADA
21.75,21.88,21.75,21.84,24158,2021-09-17 19:59:00,DADA
21.84,21.84,21.84,21.84,253685,2021-09-17 20:00:00,DADA
21.84,21.84,21.84,21.84,195,2021-09-17 20:04:00,DADA
21.84,21.84,21.84,21.84,3001,2021-09-17 20:05:00,DADA
21.7,21.7,21.7,21.7,200,2021-09-17 22:47:00,DADA
21.21,21.21,21.21,21.21,100,2021-09-20 08:21:00,DADA
21.22,21.22,21.22,21.22,100,2021-09-20 08:26:00,DADA
21.22,21.22,21.22,21.22,100,2021-09-20 09:10:00,DADA
21.22,21.22,21.22,21.22,145,2021-09-20 09:16:00,DADA
21.22,21.22,21.22,21.22,100,2021-09-20 09:27:00,DADA
21.21,21.21,21.21,21.21,800,2021-09-20 09:47:00,DADA
21.2,21.21,21.2,21.21,811,2021-09-20 10:34:00,DADA
20.87,20.87,20.87,20.87,150,2021-09-20 12:33:00,DADA
20.52,20.52,20.52,20.52,420,2021-09-20 13:06:00,DADA
20.64,20.64,20.64,20.64,200,2021-09-20 13:14:00,DADA
20.65,20.65,20.44,20.55,2075,2021-09-20 13:25:00,DADA
20.5,20.5,20.5,20.5,100,2021-09-20 13:28:00,DADA
20.36,20.36,20.36,20.36,100,2021-09-20 13:29:00,DADA
20.41,20.5,20.38,20.42,50987,2021-09-20 13:30:00,DADA
20.42,20.47,20.37,20.405,16340,2021-09-20 13:31:00,DADA
20.415,20.415,20.2905,20.2905,11289,2021-09-20 13:32:00,DADA
20.2393,20.29,20.115,20.115,7821,2021-09-20 13:33:00,DADA
20.115,20.28,20.02,20.15,7365,2021-09-20 13:34:00,DADA
20.15,20.15,20.125,20.125,800,2021-09-20 13:35:00,DADA
20.075,20.215,20.0746,20.215,3733,2021-09-20 13:36:00,DADA
20.16,20.45,20.12,20.42,7743,2021-09-20 13:37:00,DADA
20.37,20.58,20.37,20.42,13831,2021-09-20 13:38:00,DADA
20.44,20.44,20.3,20.315,2322,2021-09-20 13:39:00,DADA
20.2954,20.33,20.235,20.28,2555,2021-09-20 13:40:00,DADA
20.25,20.28,20.25,20.28,800,2021-09-20 13:41:00,DADA
20.325,20.33,20.3,20.33,3921,2021-09-20 13:42:00,DADA
20.355,20.4,20.355,20.4,1436,2021-09-20 13:43:00,DADA
20.4,20.41,20.4,20.41,1000,2021-09-20 13:44:00,DADA
20.4,20.49,20.39,20.435,3224,2021-09-20 13:45:00,DADA
20.39,20.42,20.38,20.41,1500,2021-09-20 13:46:00,DADA
20.4,20.4,20.34,20.35,3354,2021-09-20 13:47:00,DADA
20.4299,20.4299,20.4299,20.4299,200,2021-09-20 13:48:00,DADA
20.4843,20.4843,20.34,20.37,1900,2021-09-20 13:49:00,DADA
20.37,20.37,20.32,20.35,2739,2021-09-20 13:50:00,DADA
20.35,20.45,20.35,20.42,2160,2021-09-20 13:51:00,DADA
20.43,20.43,20.4,20.4,810,2021-09-20 13:52:00,DADA
20.39,20.39,20.39,20.39,200,2021-09-20 13:53:00,DADA
20.35,20.36,20.225,20.31,7069,2021-09-20 13:54:00,DADA
20.31,20.31,20.31,20.31,737,2021-09-20 13:55:00,DADA
20.34,20.37,20.31,20.37,1200,2021-09-20 13:56:00,DADA
20.31,20.37,20.31,20.37,1684,2021-09-20 13:57:00,DADA
20.37,20.45,20.32,20.33,6042,2021-09-20 13:58:00,DADA
20.33,20.37,20.33,20.35,1630,2021-09-20 13:59:00,DADA
20.35,20.35,20.35,20.35,934,2021-09-20 14:00:00,DADA
20.42,20.43,20.4,20.41,1924,2021-09-20 14:01:00,DADA
20.38,20.42,20.37,20.4,6311,2021-09-20 14:02:00,DADA
20.38,20.39,20.38,20.39,900,2021-09-20 14:03:00,DADA
20.37,20.38,20.185,20.22,9486,2021-09-20 14:04:00,DADA
20.18,20.18,20.04,20.06,3422,2021-09-20 14:05:00,DADA
20.12,20.12,20.12,20.12,300,2021-09-20 14:06:00,DADA
20.157,20.26,20.157,20.26,1313,2021-09-20 14:07:00,DADA
20.26,20.29,20.16,20.16,3130,2021-09-20 14:08:00,DADA
20.145,20.16,20.125,20.1408,1749,2021-09-20 14:09:00,DADA
20.14,20.16,20.14,20.16,1750,2021-09-20 14:10:00,DADA
20.2,20.2,20.1,20.125,2300,2021-09-20 14:11:00,DADA
20.125,20.18,20.125,20.17,1529,2021-09-20 14:12:00,DADA
20.15,20.19,20.1445,20.19,2236,2021-09-20 14:13:00,DADA
20.16,20.2,20.16,20.19,2555,2021-09-20 14:14:00,DADA
20.19,20.26,20.19,20.26,1051,2021-09-20 14:15:00,DADA
20.25,20.26,20.22,20.25,1316,2021-09-20 14:16:00,DADA
20.25,20.28,20.25,20.25,1500,2021-09-20 14:17:00,DADA
20.24,20.24,20.21,20.21,2100,2021-09-20 14:18:00,DADA
20.18,20.21,20.17,20.209,3203,2021-09-20 14:19:00,DADA
20.21,20.21,20.17,20.17,500,2021-09-20 14:20:00,DADA
20.13,20.13,20.04,20.06,3913,2021-09-20 14:21:00,DADA
20.07,20.0863,20.02,20.07,26617,2021-09-20 14:22:00,DADA
20.055,20.1,20.055,20.08,1166,2021-09-20 14:23:00,DADA
20.15,20.16,20.04,20.04,3739,2021-09-20 14:24:00,DADA
20.04,20.04,19.97,19.97,9547,2021-09-20 14:25:00,DADA
20.0,20.035,19.96,20.035,15456,2021-09-20 14:26:00,DADA
20.07,20.07,20.04,20.04,800,2021-09-20 14:27:00,DADA
20.04,20.04,20.025,20.04,982,2021-09-20 14:28:00,DADA
20.02,20.03,19.88,19.925,22269,2021-09-20 14:29:00,DADA
19.945,19.945,19.945,19.945,200,2021-09-20 14:30:00,DADA
19.9471,19.9999,19.9471,19.9999,3700,2021-09-20 14:31:00,DADA
19.95,19.97,19.93,19.93,1908,2021-09-20 14:32:00,DADA
19.96,19.96,19.96,19.96,900,2021-09-20 14:33:00,DADA
19.96,20.0,19.96,20.0,2798,2021-09-20 14:34:00,DADA
20.0,20.089,19.95,20.089,3460,2021-09-20 14:35:00,DADA
20.05,20.05,20.05,20.05,100,2021-09-20 14:37:00,DADA
20.05,20.06,20.05,20.06,2768,2021-09-20 14:38:00,DADA
20.06,20.1,20.03,20.1,1327,2021-09-20 14:39:00,DADA
20.11,20.12,19.96,19.96,6110,2021-09-20 14:40:00,DADA
19.97,19.97,19.94,19.94,800,2021-09-20 14:41:00,DADA
19.94,19.96,19.94,19.94,804,2021-09-20 14:42:00,DADA
19.965,19.965,19.94,19.94,500,2021-09-20 14:43:00,DADA
19.965,19.965,19.965,19.965,200,2021-09-20 14:45:00,DADA
19.96,19.96,19.9239,19.9261,3555,2021-09-20 14:46:00,DADA
19.959,19.96,19.959,19.96,200,2021-09-20 14:47:00,DADA
20.0,20.05,20.0,20.05,884,2021-09-20 14:48:00,DADA
20.03,20.12,20.03,20.12,1192,2021-09-20 14:49:00,DADA
20.08,20.09,20.08,20.09,800,2021-09-20 14:50:00,DADA
20.09,20.095,20.09,20.095,1048,2021-09-20 14:51:00,DADA
20.1,20.1,20.05,20.05,2400,2021-09-20 14:52:00,DADA
20.065,20.08,20.05,20.06,2954,2021-09-20 14:53:00,DADA
20.08,20.08,20.06,20.08,400,2021-09-20 14:54:00,DADA
20.06,20.06,20.02,20.02,1647,2021-09-20 14:55:00,DADA
20.02,20.02,19.96,19.96,1125,2021-09-20 14:56:00,DADA
19.955,19.955,19.955,19.955,100,2021-09-20 14:57:00,DADA
19.94,19.94,19.87,19.87,3280,2021-09-20 14:58:00,DADA
19.891,19.94,19.88,19.94,799,2021-09-20 14:59:00,DADA
19.94,19.94,19.9001,19.9001,900,2021-09-20 15:00:00,DADA
19.94,19.96,19.9,19.9,2400,2021-09-20 15:01:00,DADA
19.95,19.95,19.95,19.95,1000,2021-09-20 15:02:00,DADA
19.9,19.9,19.88,19.895,1952,2021-09-20 15:03:00,DADA
19.89,19.89,19.87,19.88,750,2021-09-20 15:04:00,DADA
19.95,19.95,19.95,19.95,400,2021-09-20 15:05:00,DADA
19.92,20.0,19.92,20.0,311,2021-09-20 15:06:00,DADA
19.96,19.99,19.95,19.98,1900,2021-09-20 15:07:00,DADA
20.0,20.0,20.0,20.0,520,2021-09-20 15:08:00,DADA
19.99,19.99,19.97,19.97,2080,2021-09-20 15:09:00,DADA
19.96,20.0225,19.96,20.0225,2376,2021-09-20 15:10:00,DADA
19.992,19.992,19.992,19.992,100,2021-09-20 15:11:00,DADA
19.99,20.005,19.97,19.97,2657,2021-09-20 15:12:00,DADA
19.98,20.01,19.98,20.01,300,2021-09-20 15:13:00,DADA
20.01,20.05,20.01,20.035,1157,2021-09-20 15:14:00,DADA
20.05,20.05,19.99,19.99,1753,2021-09-20 15:15:00,DADA
19.985,19.985,19.985,19.985,300,2021-09-20 15:16:00,DADA
20.0,20.0,20.0,20.0,784,2021-09-20 15:17:00,DADA
19.98,19.99,19.97,19.97,1500,2021-09-20 15:18:00,DADA
19.9614,19.97,19.9614,19.97,1260,2021-09-20 15:19:00,DADA
19.96,19.96,19.96,19.96,800,2021-09-20 15:20:00,DADA
19.94,19.94,19.93,19.93,700,2021-09-20 15:21:00,DADA
19.91,19.96,19.91,19.92,1550,2021-09-20 15:23:00,DADA
19.91,19.92,19.89,19.89,1800,2021-09-20 15:24:00,DADA
19.89,19.92,19.89,19.89,900,2021-09-20 15:25:00,DADA
19.9,19.9,19.87,19.88,1605,2021-09-20 15:26:00,DADA
19.87,19.87,19.87,19.87,11046,2021-09-20 15:27:00,DADA
19.9,19.9,19.85,19.89,1200,2021-09-20 15:28:00,DADA
19.89,19.99,19.89,19.935,1100,2021-09-20 15:29:00,DADA
19.93,19.96,19.93,19.96,900,2021-09-20 15:30:00,DADA
19.95,19.96,19.9,19.93,1607,2021-09-20 15:31:00,DADA
19.93,19.93,19.93,19.93,200,2021-09-20 15:33:00,DADA
19.935,19.96,19.925,19.93,700,2021-09-20 15:34:00,DADA
19.92,19.92,19.92,19.92,200,2021-09-20 15:35:00,DADA
19.9,19.9,19.88,19.88,1200,2021-09-20 15:36:00,DADA
19.895,19.898,19.87,19.898,1100,2021-09-20 15:37:00,DADA
19.88,19.89,19.88,19.89,400,2021-09-20 15:38:00,DADA
19.88,19.88,19.88,19.88,300,2021-09-20 15:39:00,DADA
19.95,19.969,19.9266,19.9266,350,2021-09-20 15:41:00,DADA
19.92,19.935,19.9,19.9209,1410,2021-09-20 15:42:00,DADA
19.935,19.935,19.93,19.93,375,2021-09-20 15:43:00,DADA
19.91,19.93,19.91,19.928,1000,2021-09-20 15:44:00,DADA
19.92,19.9269,19.92,19.9269,1000,2021-09-20 15:45:00,DADA
19.93,19.93,19.9272,19.9272,866,2021-09-20 15:46:00,DADA
19.91,19.91,19.9,19.9,1500,2021-09-20 15:47:00,DADA
19.9,19.92,19.9,19.92,300,2021-09-20 15:48:00,DADA
19.92,19.92,19.92,19.92,200,2021-09-20 15:49:00,DADA
19.95,19.95,19.93,19.93,300,2021-09-20 15:50:00,DADA
19.94,19.94,19.94,19.94,1200,2021-09-20 15:51:00,DADA
19.95,19.95,19.95,19.95,300,2021-09-20 15:52:00,DADA
19.93,19.93,19.93,19.93,911,2021-09-20 15:53:00,DADA
19.925,19.925,19.925,19.925,600,2021-09-20 15:54:00,DADA
19.93,19.95,19.92,19.92,2073,2021-09-20 15:55:00,DADA
19.92,19.935,19.92,19.935,823,2021-09-20 15:56:00,DADA
19.935,19.935,19.935,19.935,200,2021-09-20 15:57:00,DADA
19.93,19.93,19.93,19.93,485,2021-09-20 15:58:00,DADA
19.97,19.99,19.97,19.99,1400,2021-09-20 15:59:00,DADA
19.98,20.01,19.98,20.0,2300,2021-09-20 16:00:00,DADA
20.025,20.025,20.025,20.025,100,2021-09-20 16:01:00,DADA
20.04,20.05,19.99,19.99,9645,2021-09-20 16:02:00,DADA
19.99,19.99,19.97,19.97,744,2021-09-20 16:03:00,DADA
19.98,19.98,19.98,19.98,200,2021-09-20 16:04:00,DADA
19.97,19.97,19.95,19.95,700,2021-09-20 16:06:00,DADA
19.97,19.97,19.9,19.915,2203,2021-09-20 16:07:00,DADA
19.89,19.89,19.89,19.89,200,2021-09-20 16:08:00,DADA
19.88,19.88,19.88,19.88,500,2021-09-20 16:09:00,DADA
19.875,19.875,19.81,19.81,16308,2021-09-20 16:11:00,DADA
19.85,19.87,19.85,19.87,400,2021-09-20 16:12:00,DADA
19.86,19.86,19.83,19.855,5049,2021-09-20 16:13:00,DADA
19.855,19.855,19.855,19.855,500,2021-09-20 16:14:00,DADA
19.86,19.86,19.84,19.84,500,2021-09-20 16:16:00,DADA
19.845,19.845,19.8,19.8,2262,2021-09-20 16:17:00,DADA
19.82,19.82,19.82,19.82,100,2021-09-20 16:19:00,DADA
19.825,19.825,19.72,19.72,13301,2021-09-20 16:21:00,DADA
19.79,19.79,19.79,19.79,100,2021-09-20 16:22:00,DADA
19.79,19.79,19.78,19.78,200,2021-09-20 16:23:00,DADA
19.78,19.82,19.78,19.82,2959,2021-09-20 16:25:00,DADA
19.79,19.8,19.79,19.8,500,2021-09-20 16:27:00,DADA
19.82,19.82,19.78,19.81,2695,2021-09-20 16:28:00,DADA
19.81,19.81,19.81,19.81,268,2021-09-20 16:29:00,DADA
19.81,19.81,19.81,19.81,400,2021-09-20 16:30:00,DADA
19.82,19.82,19.82,19.82,592,2021-09-20 16:31:00,DADA
19.8542,19.86,19.85,19.85,300,2021-09-20 16:33:00,DADA
19.87,19.88,19.87,19.88,1067,2021-09-20 16:35:00,DADA
19.9,19.9,19.9,19.9,400,2021-09-20 16:36:00,DADA
19.908,19.908,19.9,19.9,208,2021-09-20 16:37:00,DADA
19.9,19.915,19.89,19.915,1678,2021-09-20 16:39:00,DADA
19.925,19.93,19.925,19.93,500,2021-09-20 16:40:00,DADA
19.93,19.93,19.93,19.93,200,2021-09-20 16:41:00,DADA
19.955,19.96,19.93,19.93,1281,2021-09-20 16:42:00,DADA
19.92,19.93,19.92,19.93,500,2021-09-20 16:43:00,DADA
19.93,19.93,19.93,19.93,100,2021-09-20 16:44:00,DADA
19.9272,19.945,19.9272,19.945,450,2021-09-20 16:45:00,DADA
19.93,19.93,19.93,19.93,100,2021-09-20 16:46:00,DADA
19.97,19.99,19.95,19.975,900,2021-09-20 16:47:00,DADA
20.0,20.0,19.98,19.98,2782,2021-09-20 16:49:00,DADA
19.98,19.98,19.98,19.98,100,2021-09-20 16:50:00,DADA
19.97,20.0,19.97,20.0,900,2021-09-20 16:51:00,DADA
20.0,20.01,20.0,20.0,3430,2021-09-20 16:52:00,DADA
20.01,20.01,20.01,20.01,100,2021-09-20 16:53:00,DADA
20.0,20.03,19.99,20.03,1101,2021-09-20 16:55:00,DADA
20.08,20.08,20.08,20.08,100,2021-09-20 16:56:00,DADA
20.08,20.08,20.055,20.055,2024,2021-09-20 16:57:00,DADA
20.05,20.06,20.02,20.0435,2771,2021-09-20 16:58:00,DADA
20.02,20.02,20.02,20.02,204,2021-09-20 16:59:00,DADA
20.02,20.02,20.02,20.02,100,2021-09-20 17:00:00,DADA
20.02,20.02,19.99,19.99,2097,2021-09-20 17:01:00,DADA
19.99,19.99,19.99,19.99,100,2021-09-20 17:02:00,DADA
19.96,19.96,19.96,19.96,200,2021-09-20 17:03:00,DADA
19.97,19.9719,19.97,19.9719,200,2021-09-20 17:04:00,DADA
19.95,19.95,19.95,19.95,200,2021-09-20 17:05:00,DADA
19.9101,19.9101,19.86,19.86,1437,2021-09-20 17:08:00,DADA
19.88,19.88,19.88,19.88,500,2021-09-20 17:09:00,DADA
19.93,19.95,19.92,19.94,800,2021-09-20 17:12:00,DADA
19.91,19.91,19.91,19.91,300,2021-09-20 17:13:00,DADA
19.93,19.93,19.93,19.93,100,2021-09-20 17:14:00,DADA
19.93,19.93,19.93,19.93,100,2021-09-20 17:15:00,DADA
19.96,19.98,19.96,19.96,400,2021-09-20 17:17:00,DADA
19.96,19.96,19.93,19.93,2387,2021-09-20 17:18:00,DADA
19.93,19.96,19.93,19.96,500,2021-09-20 17:19:00,DADA
19.98,19.98,19.93,19.93,764,2021-09-20 17:20:00,DADA
19.93,19.93,19.93,19.93,100,2021-09-20 17:21:00,DADA
19.93,19.93,19.93,19.93,966,2021-09-20 17:22:00,DADA
19.93,19.93,19.9,19.9,1000,2021-09-20 17:23:00,DADA
19.8962,19.9,19.86,19.86,2237,2021-09-20 17:24:00,DADA
19.894,19.894,19.89,19.89,1100,2021-09-20 17:27:00,DADA
19.88,19.88,19.85,19.86,1720,2021-09-20 17:28:00,DADA
19.86,19.86,19.86,19.86,705,2021-09-20 17:29:00,DADA
19.91,19.91,19.9085,19.91,1400,2021-09-20 17:30:00,DADA
19.9,19.91,19.89,19.89,1601,2021-09-20 17:31:00,DADA
19.875,19.88,19.875,19.88,500,2021-09-20 17:32:00,DADA
19.89,19.89,19.88,19.88,200,2021-09-20 17:33:00,DADA
19.9,19.91,19.89,19.91,600,2021-09-20 17:34:00,DADA
19.9,19.92,19.895,19.9,836,2021-09-20 17:35:00,DADA
19.89,19.91,19.88,19.91,700,2021-09-20 17:36:00,DADA
19.87,19.87,19.87,19.87,100,2021-09-20 17:37:00,DADA
19.88,19.88,19.88,19.88,100,2021-09-20 17:38:00,DADA
19.9,19.9,19.89,19.89,800,2021-09-20 17:39:00,DADA
19.91,19.91,19.91,19.91,200,2021-09-20 17:40:00,DADA
19.91,19.91,19.9,19.9,300,2021-09-20 17:41:00,DADA
19.9,19.9,19.89,19.89,800,2021-09-20 17:42:00,DADA
19.92,19.95,19.915,19.95,921,2021-09-20 17:43:00,DADA
19.935,19.935,19.935,19.935,100,2021-09-20 17:44:00,DADA
19.935,19.959,19.935,19.959,224,2021-09-20 17:45:00,DADA
19.94,19.94,19.88,19.88,1700,2021-09-20 17:47:00,DADA
19.89,19.9,19.84,19.845,9820,2021-09-20 17:48:00,DADA
19.879,19.9,19.879,19.9,1028,2021-09-20 17:49:00,DADA
19.92,19.92,19.92,19.92,100,2021-09-20 17:50:00,DADA
19.91,19.91,19.91,19.91,400,2021-09-20 17:51:00,DADA
19.93,19.93,19.93,19.93,100,2021-09-20 17:52:00,DADA
19.94,19.94,19.94,19.94,800,2021-09-20 17:53:00,DADA
19.945,19.95,19.945,19.95,200,2021-09-20 17:54:00,DADA
19.93,19.9798,19.93,19.949,5200,2021-09-20 17:55:00,DADA
19.935,19.96,19.935,19.96,200,2021-09-20 17:56:00,DADA
19.96,20.0,19.96,20.0,2381,2021-09-20 17:57:00,DADA
20.0,20.0,19.93,19.93,3245,2021-09-20 17:58:00,DADA
19.965,19.965,19.965,19.965,100,2021-09-20 18:00:00,DADA
19.96,19.98,19.96,19.98,300,2021-09-20 18:02:00,DADA
20.0,20.03,20.0,20.03,200,2021-09-20 18:03:00,DADA
20.01,20.01,20.01,20.01,200,2021-09-20 18:04:00,DADA
20.0,20.0,19.96,19.99,3234,2021-09-20 18:05:00,DADA
20.0,20.0,19.98,19.985,1500,2021-09-20 18:06:00,DADA
19.9756,19.9756,19.91,19.92,1700,2021-09-20 18:07:00,DADA
19.92,19.92,19.9185,19.9185,402,2021-09-20 18:08:00,DADA
19.92,19.92,19.92,19.92,100,2021-09-20 18:09:00,DADA
19.92,19.95,19.9,19.95,500,2021-09-20 18:10:00,DADA
19.95,19.95,19.95,19.95,200,2021-09-20 18:11:00,DADA
20.0,20.0,20.0,20.0,200,2021-09-20 18:12:00,DADA
20.0,20.0,20.0,20.0,100,2021-09-20 18:13:00,DADA
20.0,20.0,19.94,19.94,1640,2021-09-20 18:14:00,DADA
19.96,19.98,19.96,19.98,300,2021-09-20 18:15:00,DADA
19.97,19.97,19.97,19.97,100,2021-09-20 18:16:00,DADA
19.96,19.99,19.96,19.99,300,2021-09-20 18:17:00,DADA
19.955,19.98,19.95,19.95,400,2021-09-20 18:20:00,DADA
19.93,19.93,19.88,19.91,1900,2021-09-20 18:21:00,DADA
19.86,19.86,19.86,19.86,100,2021-09-20 18:23:00,DADA
19.885,19.885,19.885,19.885,100,2021-09-20 18:24:00,DADA
19.86,19.87,19.85,19.85,7039,2021-09-20 18:25:00,DADA
19.82,19.83,19.81,19.82,857,2021-09-20 18:26:00,DADA
19.81,19.82,19.81,19.82,300,2021-09-20 18:27:00,DADA
19.8,19.8,19.8,19.8,100,2021-09-20 18:28:00,DADA
19.8,19.83,19.8,19.83,755,2021-09-20 18:29:00,DADA
19.83,19.84,19.83,19.84,700,2021-09-20 18:30:00,DADA
19.83,19.83,19.83,19.83,900,2021-09-20 18:31:00,DADA
19.8327,19.85,19.8327,19.84,1200,2021-09-20 18:33:00,DADA
19.83,19.83,19.82,19.825,903,2021-09-20 18:34:00,DADA
19.81,19.81,19.8,19.8,900,2021-09-20 18:35:00,DADA
19.8,19.8,19.795,19.795,800,2021-09-20 18:36:00,DADA
19.81,19.81,19.81,19.81,1100,2021-09-20 18:37:00,DADA
19.8,19.8,19.8,19.8,100,2021-09-20 18:38:00,DADA
19.8169,19.82,19.8,19.82,900,2021-09-20 18:39:00,DADA
19.83,19.87,19.83,19.87,500,2021-09-20 18:40:00,DADA
19.85,19.85,19.85,19.85,779,2021-09-20 18:41:00,DADA
19.865,19.89,19.865,19.89,400,2021-09-20 18:42:00,DADA
19.87,19.87,19.87,19.87,400,2021-09-20 18:43:00,DADA
19.86,19.86,19.84,19.84,2324,2021-09-20 18:44:00,DADA
19.85,19.85,19.85,19.85,275,2021-09-20 18:45:00,DADA
19.86,19.9,19.86,19.9,550,2021-09-20 18:46:00,DADA
19.8701,19.91,19.8701,19.91,584,2021-09-20 18:47:00,DADA
19.915,19.915,19.88,19.88,1100,2021-09-20 18:50:00,DADA
19.87,19.899,19.87,19.899,436,2021-09-20 18:51:00,DADA
19.88,19.88,19.86,19.86,1377,2021-09-20 18:54:00,DADA
19.87,19.88,19.87,19.87,859,2021-09-20 18:55:00,DADA
19.86,19.86,19.83,19.83,898,2021-09-20 18:56:00,DADA
19.85,19.89,19.85,19.89,1834,2021-09-20 18:57:00,DADA
19.885,19.885,19.88,19.885,1100,2021-09-20 18:58:00,DADA
19.88,19.88,19.85,19.85,1106,2021-09-20 18:59:00,DADA
19.85,19.88,19.85,19.875,400,2021-09-20 19:00:00,DADA
19.86,19.86,19.86,19.86,203,2021-09-20 19:01:00,DADA
19.86,19.86,19.85,19.85,500,2021-09-20 19:02:00,DADA
19.84,19.85,19.84,19.85,500,2021-09-20 19:03:00,DADA
19.865,19.865,19.865,19.865,100,2021-09-20 19:04:00,DADA
19.86,19.86,19.83,19.83,2700,2021-09-20 19:05:00,DADA
19.83,19.83,19.77,19.77,1731,2021-09-20 19:06:00,DADA
19.76,19.79,19.72,19.72,2897,2021-09-20 19:07:00,DADA
19.74,19.74,19.7387,19.7387,965,2021-09-20 19:08:00,DADA
19.77,19.77,19.77,19.77,100,2021-09-20 19:09:00,DADA
19.77,19.779,19.77,19.779,636,2021-09-20 19:10:00,DADA
19.76,19.77,19.74,19.755,820,2021-09-20 19:11:00,DADA
19.74,19.74,19.73,19.73,309,2021-09-20 19:12:00,DADA
19.73,19.73,19.68,19.69,11869,2021-09-20 19:13:00,DADA
19.685,19.685,19.62,19.62,3000,2021-09-20 19:14:00,DADA
19.64,19.695,19.64,19.695,2132,2021-09-20 19:15:00,DADA
19.69,19.69,19.69,19.69,300,2021-09-20 19:16:00,DADA
19.68,19.68,19.64,19.65,2681,2021-09-20 19:17:00,DADA
19.645,19.645,19.63,19.63,760,2021-09-20 19:18:00,DADA
19.67,19.7,19.66,19.66,1216,2021-09-20 19:19:00,DADA
19.66,19.71,19.66,19.69,400,2021-09-20 19:20:00,DADA
19.74,19.74,19.74,19.74,200,2021-09-20 19:21:00,DADA
19.74,19.77,19.74,19.7452,2151,2021-09-20 19:22:00,DADA
19.75,19.8,19.74,19.79,2580,2021-09-20 19:23:00,DADA
19.82,19.82,19.82,19.82,500,2021-09-20 19:24:00,DADA
19.82,19.85,19.82,19.85,700,2021-09-20 19:25:00,DADA
19.84,19.85,19.84,19.85,1200,2021-09-20 19:26:00,DADA
19.86,19.88,19.85,19.86,1037,2021-09-20 19:27:00,DADA
19.9,19.94,19.88,19.93,2790,2021-09-20 19:28:00,DADA
19.94,19.95,19.92,19.92,700,2021-09-20 19:29:00,DADA
19.915,19.92,19.915,19.92,400,2021-09-20 19:30:00,DADA
19.92,19.925,19.92,19.92,699,2021-09-20 19:31:00,DADA
19.93,19.93,19.81,19.865,3517,2021-09-20 19:32:00,DADA
19.88,19.93,19.88,19.93,900,2021-09-20 19:33:00,DADA
19.93,19.93,19.93,19.93,100,2021-09-20 19:34:00,DADA
19.92,19.92,19.92,19.92,100,2021-09-20 19:35:00,DADA
19.92,19.92,19.91,19.91,300,2021-09-20 19:36:00,DADA
19.92,19.93,19.915,19.925,500,2021-09-20 19:37:00,DADA
19.93,19.97,19.93,19.94,1250,2021-09-20 19:38:00,DADA
19.92,19.92,19.9,19.9,808,2021-09-20 19:39:00,DADA
19.925,19.925,19.925,19.925,100,2021-09-20 19:40:00,DADA
19.95,19.95,19.945,19.95,1392,2021-09-20 19:41:00,DADA
19.98,19.98,19.98,19.98,100,2021-09-20 19:42:00,DADA
19.98,19.98,19.979,19.98,1100,2021-09-20 19:43:00,DADA
19.985,19.99,19.985,19.99,600,2021-09-20 19:44:00,DADA
19.99,19.9961,19.99,19.9961,1092,2021-09-20 19:45:00,DADA
19.99,19.99,19.96,19.96,500,2021-09-20 19:46:00,DADA
19.99,20.0,19.985,19.9974,3815,2021-09-20 19:47:00,DADA
19.99,20.0,19.97,19.97,4034,2021-09-20 19:48:00,DADA
19.99,19.99,19.99,19.99,200,2021-09-20 19:49:00,DADA
19.98,20.0,19.98,19.98,5285,2021-09-20 19:50:00,DADA
19.975,19.99,19.972,19.98,1700,2021-09-20 19:51:00,DADA
19.98,19.98,19.95,19.96,5167,2021-09-20 19:52:00,DADA
19.97,19.97,19.97,19.97,100,2021-09-20 19:53:00,DADA
19.97,19.99,19.97,19.97,1512,2021-09-20 19:54:00,DADA
19.99,19.99,19.98,19.99,3200,2021-09-20 19:55:00,DADA
19.98,20.0,19.98,19.99,4698,2021-09-20 19:56:00,DADA
19.995,20.03,19.99,20.03,7656,2021-09-20 19:57:00,DADA
20.04,20.07,20.03,20.065,4478,2021-09-20 19:58:00,DADA
20.07,20.07,20.03,20.03,6229,2021-09-20 19:59:00,DADA
20.04,20.04,20.04,20.04,28985,2021-09-20 20:00:00,DADA
19.71,19.71,19.71,19.71,129,2021-09-20 21:59:00,DADA
20.76,20.76,20.76,20.76,150,2021-09-21 09:49:00,DADA
20.76,20.76,20.76,20.76,100,2021-09-21 09:53:00,DADA
20.76,20.76,20.76,20.76,100,2021-09-21 10:02:00,DADA
20.67,20.67,20.67,20.67,100,2021-09-21 11:47:00,DADA
20.59,20.59,20.59,20.59,100,2021-09-21 11:58:00,DADA
20.16,20.16,20.16,20.16,789,2021-09-21 13:25:00,DADA
20.17,20.18,20.17,20.18,400,2021-09-21 13:29:00,DADA
20.15,20.285,20.15,20.285,9608,2021-09-21 13:30:00,DADA
20.27,20.27,20.15,20.16,5433,2021-09-21 13:31:00,DADA
20.16,20.18,20.14,20.18,2299,2021-09-21 13:32:00,DADA
20.18,20.21,20.18,20.21,982,2021-09-21 13:33:00,DADA
20.27,20.28,20.27,20.28,416,2021-09-21 13:34:00,DADA
20.38,20.38,20.3,20.3,900,2021-09-21 13:35:00,DADA
20.33,20.41,20.33,20.345,1503,2021-09-21 13:36:00,DADA
20.37,20.43,20.3514,20.42,1926,2021-09-21 13:37:00,DADA
20.33,20.35,20.32,20.35,2547,2021-09-21 13:38:00,DADA
20.35,20.35,20.31,20.31,6280,2021-09-21 13:39:00,DADA
20.32,20.32,20.31,20.31,300,2021-09-21 13:40:00,DADA
20.31,20.33,20.2805,20.2805,3684,2021-09-21 13:41:00,DADA
20.32,20.32,20.3,20.3,700,2021-09-21 13:42:00,DADA
20.28,20.31,20.28,20.31,300,2021-09-21 13:43:00,DADA
20.3007,20.3007,20.3007,20.3007,100,2021-09-21 13:44:00,DADA
20.2742,20.31,20.2742,20.31,995,2021-09-21 13:45:00,DADA
20.305,20.305,20.305,20.305,100,2021-09-21 13:46:00,DADA
20.275,20.275,20.19,20.225,3936,2021-09-21 13:47:00,DADA
20.23,20.23,20.1784,20.23,1855,2021-09-21 13:48:00,DADA
20.23,20.299,20.23,20.2329,1599,2021-09-21 13:49:00,DADA
20.25,20.25,20.2,20.2,750,2021-09-21 13:50:00,DADA
20.155,20.155,20.14,20.14,800,2021-09-21 13:51:00,DADA
20.13,20.16,20.1,20.1,8787,2021-09-21 13:52:00,DADA
20.11,20.11,20.08,20.09,6709,2021-09-21 13:53:00,DADA
20.11,20.17,20.1,20.17,1350,2021-09-21 13:54:00,DADA
20.22,20.26,20.22,20.26,2395,2021-09-21 13:56:00,DADA
20.2899,20.2899,20.23,20.23,2553,2021-09-21 13:58:00,DADA
20.245,20.245,20.071,20.14,8784,2021-09-21 13:59:00,DADA
20.13,20.13,20.11,20.11,700,2021-09-21 14:00:00,DADA
20.14,20.15,20.08,20.08,5059,2021-09-21 14:01:00,DADA
20.1,20.165,20.1,20.165,1534,2021-09-21 14:02:00,DADA
20.18,20.19,20.18,20.18,498,2021-09-21 14:03:00,DADA
20.2193,20.23,20.2193,20.23,219,2021-09-21 14:04:00,DADA
20.2617,20.2617,20.2617,20.2617,100,2021-09-21 14:05:00,DADA
20.24,20.24,20.14,20.14,2168,2021-09-21 14:06:00,DADA
20.09,20.14,20.09,20.14,300,2021-09-21 14:07:00,DADA
20.115,20.115,20.1,20.1,348,2021-09-21 14:08:00,DADA
20.11,20.12,20.08,20.1,1550,2021-09-21 14:09:00,DADA
20.1,20.1,20.08,20.1,3925,2021-09-21 14:10:00,DADA
20.08,20.1,20.07,20.07,2341,2021-09-21 14:11:00,DADA
20.08,20.08,20.08,20.08,500,2021-09-21 14:12:00,DADA
20.11,20.13,20.11,20.13,701,2021-09-21 14:13:00,DADA
20.1699,20.1699,20.1699,20.1699,100,2021-09-21 14:16:00,DADA
20.13,20.13,20.08,20.0801,4031,2021-09-21 14:17:00,DADA
20.08,20.08,20.06,20.06,500,2021-09-21 14:18:00,DADA
20.06,20.06,20.06,20.06,100,2021-09-21 14:19:00,DADA
20.08,20.09,20.08,20.09,300,2021-09-21 14:20:00,DADA
20.11,20.11,20.11,20.11,459,2021-09-21 14:21:00,DADA
20.12,20.12,20.12,20.12,100,2021-09-21 14:22:00,DADA
20.12,20.13,20.11,20.13,800,2021-09-21 14:23:00,DADA
20.14,20.15,20.14,20.15,800,2021-09-21 14:24:00,DADA
20.17,20.17,20.17,20.17,100,2021-09-21 14:25:00,DADA
20.14,20.14,20.14,20.14,714,2021-09-21 14:27:00,DADA
20.14,20.14,20.12,20.122,1900,2021-09-21 14:28:00,DADA
20.12,20.15,20.1,20.15,2350,2021-09-21 14:29:00,DADA
20.16,20.21,20.16,20.21,1076,2021-09-21 14:30:00,DADA
20.27,20.34,20.21,20.231,6854,2021-09-21 14:31:00,DADA
20.26,20.3,20.25,20.3,3386,2021-09-21 14:32:00,DADA
20.3,20.3,20.29,20.29,2104,2021-09-21 14:33:00,DADA
20.3,20.3,20.28,20.281,1468,2021-09-21 14:34:00,DADA
20.31,20.31,20.28,20.28,5039,2021-09-21 14:35:00,DADA
20.28,20.3,20.27,20.29,2310,2021-09-21 14:36:00,DADA
20.29,20.29,20.29,20.29,300,2021-09-21 14:37:00,DADA
20.29,20.29,20.26,20.27,2979,2021-09-21 14:39:00,DADA
20.28,20.28,20.27,20.27,456,2021-09-21 14:40:00,DADA
20.25,20.25,20.21,20.21,1633,2021-09-21 14:41:00,DADA
20.22,20.22,20.2,20.2,1258,2021-09-21 14:42:00,DADA
20.17,20.17,20.01,20.01,2524,2021-09-21 14:45:00,DADA
20.04,20.04,20.0,20.02,3395,2021-09-21 14:46:00,DADA
20.01,20.01,20.0,20.0,400,2021-09-21 14:47:00,DADA
19.99,19.99,19.9525,19.9525,200,2021-09-21 14:48:00,DADA
19.92,19.9284,19.92,19.9284,899,2021-09-21 14:49:00,DADA
19.92,20.0,19.92,20.0,4700,2021-09-21 14:50:00,DADA
19.98,19.98,19.97,19.97,400,2021-09-21 14:51:00,DADA
19.95,19.95,19.95,19.95,100,2021-09-21 14:52:00,DADA
19.96,19.96,19.95,19.95,400,2021-09-21 14:54:00,DADA
19.95,19.955,19.95,19.955,700,2021-09-21 14:55:00,DADA
19.97,20.0,19.97,20.0,400,2021-09-21 14:56:00,DADA
19.97,19.97,19.94,19.94,1097,2021-09-21 14:57:00,DADA
19.97,19.97,19.97,19.97,200,2021-09-21 14:58:00,DADA
19.99,19.99,19.99,19.99,400,2021-09-21 15:01:00,DADA
19.985,19.99,19.982,19.982,302,2021-09-21 15:02:00,DADA
19.98,20.01,19.98,20.0,2129,2021-09-21 15:03:00,DADA
20.03,20.03,20.03,20.03,100,2021-09-21 15:04:00,DADA
20.08,20.08,20.08,20.08,700,2021-09-21 15:05:00,DADA
20.08,20.08,20.07,20.07,519,2021-09-21 15:07:00,DADA
20.07,20.1,20.07,20.085,2699,2021-09-21 15:08:00,DADA
20.07,20.07,20.05,20.05,2837,2021-09-21 15:10:00,DADA
20.0501,20.07,20.03,20.07,3518,2021-09-21 15:11:00,DADA
20.06,20.06,20.06,20.06,100,2021-09-21 15:12:00,DADA
20.07,20.0869,19.99,20.0,7053,2021-09-21 15:15:00,DADA
20.0,20.0,20.0,20.0,100,2021-09-21 15:17:00,DADA
19.9999,19.9999,19.9999,19.9999,160,2021-09-21 15:19:00,DADA
19.98,19.98,19.98,19.98,200,2021-09-21 15:20:00,DADA
19.985,19.985,19.96,19.96,1478,2021-09-21 15:21:00,DADA
19.97,19.97,19.97,19.97,800,2021-09-21 15:24:00,DADA
19.96,19.96,19.94,19.94,1600,2021-09-21 15:28:00,DADA
19.91,19.9101,19.9,19.91,600,2021-09-21 15:29:00,DADA
19.97,20.04,19.955,20.04,700,2021-09-21 15:32:00,DADA
20.02,20.02,20.02,20.02,404,2021-09-21 15:33:00,DADA
20.02,20.025,20.0,20.0,1395,2021-09-21 15:34:00,DADA
20.0,20.0,20.0,20.0,100,2021-09-21 15:35:00,DADA
19.98,19.98,19.98,19.98,100,2021-09-21 15:39:00,DADA
19.97,19.98,19.97,19.98,600,2021-09-21 15:41:00,DADA
20.0,20.0,20.0,20.0,705,2021-09-21 15:43:00,DADA
20.0,20.0,19.9801,19.99,400,2021-09-21 15:46:00,DADA
19.99,19.99,19.99,19.99,200,2021-09-21 15:47:00,DADA
19.99,19.99,19.99,19.99,200,2021-09-21 15:48:00,DADA
19.99,19.99,19.985,19.985,400,2021-09-21 15:49:00,DADA
19.9801,19.99,19.9801,19.99,300,2021-09-21 15:50:00,DADA
20.0,20.01,20.0,20.01,1210,2021-09-21 15:51:00,DADA
19.98,19.99,19.98,19.99,300,2021-09-21 15:52:00,DADA
19.98,19.99,19.97,19.97,1060,2021-09-21 15:54:00,DADA
19.99,19.99,19.98,19.98,1757,2021-09-21 15:55:00,DADA
19.99,19.99,19.99,19.99,200,2021-09-21 15:56:00,DADA
20.0,20.0,20.0,20.0,1260,2021-09-21 16:00:00,DADA
20.02,20.08,20.02,20.08,700,2021-09-21 16:01:00,DADA
20.04,20.04,20.03,20.03,2477,2021-09-21 16:02:00,DADA
20.05,20.05,20.05,20.05,100,2021-09-21 16:03:00,DADA
20.05,20.0684,20.04,20.0684,1000,2021-09-21 16:07:00,DADA
20.07,20.07,20.0401,20.0401,2537,2021-09-21 16:08:00,DADA
20.08,20.1,20.08,20.1,1159,2021-09-21 16:09:00,DADA
20.1,20.1,20.09,20.1,2160,2021-09-21 16:10:00,DADA
20.09,20.1,20.08,20.09,1200,2021-09-21 16:12:00,DADA
20.09,20.09,20.09,20.09,100,2021-09-21 16:13:00,DADA
20.09,20.09,20.09,20.09,100,2021-09-21 16:14:00,DADA
20.08,20.1,20.08,20.081,2000,2021-09-21 16:15:00,DADA
20.0801,20.0801,20.08,20.08,1109,2021-09-21 16:16:00,DADA
20.07,20.08,20.07,20.071,1300,2021-09-21 16:18:00,DADA
20.09,20.11,20.09,20.11,4164,2021-09-21 16:20:00,DADA
20.105,20.105,20.105,20.105,100,2021-09-21 16:21:00,DADA
20.11,20.11,20.11,20.11,400,2021-09-21 16:22:00,DADA
20.11,20.14,20.11,20.12,925,2021-09-21 16:25:00,DADA
20.1242,20.1242,20.1242,20.1242,100,2021-09-21 16:26:00,DADA
20.14,20.14,20.12,20.14,2176,2021-09-21 16:28:00,DADA
20.14,20.14,20.1301,20.14,1095,2021-09-21 16:29:00,DADA
20.15,20.15,20.145,20.145,250,2021-09-21 16:30:00,DADA
20.1529,20.1529,20.1529,20.1529,350,2021-09-21 16:31:00,DADA
20.16,20.2,20.16,20.18,6594,2021-09-21 16:32:00,DADA
20.2,20.2,20.175,20.18,2283,2021-09-21 16:33:00,DADA
20.2,20.2,20.17,20.17,2817,2021-09-21 16:34:00,DADA
20.17,20.17,20.16,20.17,700,2021-09-21 16:35:00,DADA
20.16,20.16,20.14,20.14,1704,2021-09-21 16:36:00,DADA
20.14,20.15,20.14,20.15,600,2021-09-21 16:37:00,DADA
20.15,20.15,20.141,20.141,700,2021-09-21 16:38:00,DADA
20.16,20.16,20.16,20.16,100,2021-09-21 16:39:00,DADA
20.14,20.14,20.14,20.14,1400,2021-09-21 16:40:00,DADA
20.14,20.14,20.14,20.14,300,2021-09-21 16:41:00,DADA
20.15,20.16,20.15,20.16,200,2021-09-21 16:42:00,DADA
20.19,20.19,20.19,20.19,100,2021-09-21 16:44:00,DADA
20.19,20.19,20.19,20.19,100,2021-09-21 16:46:00,DADA
20.19,20.26,20.19,20.26,2868,2021-09-21 16:47:00,DADA
20.25,20.25,20.25,20.25,100,2021-09-21 16:48:00,DADA
20.23,20.26,20.23,20.245,648,2021-09-21 16:49:00,DADA
20.25,20.271,20.25,20.27,4997,2021-09-21 16:50:00,DADA
20.28,20.28,20.26,20.265,1191,2021-09-21 16:51:00,DADA
20.26,20.27,20.23,20.23,6653,2021-09-21 16:52:00,DADA
20.1756,20.21,20.171,20.21,1448,2021-09-21 16:53:00,DADA
20.23,20.25,20.23,20.25,564,2021-09-21 16:54:00,DADA
20.26,20.27,20.26,20.26,643,2021-09-21 16:57:00,DADA
20.27,20.27,20.2692,20.2692,250,2021-09-21 16:58:00,DADA
20.27,20.27,20.24,20.24,1295,2021-09-21 16:59:00,DADA
20.26,20.26,20.25,20.25,1000,2021-09-21 17:00:00,DADA
20.24,20.24,20.24,20.24,900,2021-09-21 17:01:00,DADA
20.26,20.26,20.21,20.21,2575,2021-09-21 17:02:00,DADA
20.2,20.2,20.15,20.155,2600,2021-09-21 17:03:00,DADA
20.16,20.18,20.16,20.18,500,2021-09-21 17:04:00,DADA
20.18,20.19,20.18,20.19,700,2021-09-21 17:05:00,DADA
20.2,20.2,20.2,20.2,200,2021-09-21 17:06:00,DADA
20.21,20.23,20.21,20.23,995,2021-09-21 17:07:00,DADA
20.24,20.25,20.24,20.25,200,2021-09-21 17:09:00,DADA
20.25,20.25,20.221,20.221,1400,2021-09-21 17:11:00,DADA
20.23,20.23,20.23,20.23,900,2021-09-21 17:14:00,DADA
20.21,20.21,20.21,20.21,617,2021-09-21 17:15:00,DADA
20.21,20.23,20.21,20.221,1348,2021-09-21 17:16:00,DADA
20.21,20.21,20.19,20.19,486,2021-09-21 17:18:00,DADA
20.18,20.18,20.18,20.18,200,2021-09-21 17:19:00,DADA
20.1493,20.18,20.1493,20.18,487,2021-09-21 17:20:00,DADA
20.18,20.18,20.18,20.18,600,2021-09-21 17:22:00,DADA
20.16,20.16,20.16,20.16,600,2021-09-21 17:23:00,DADA
20.15,20.16,20.141,20.141,600,2021-09-21 17:24:00,DADA
20.14,20.14,20.12,20.12,660,2021-09-21 17:25:00,DADA
20.14,20.14,20.1101,20.12,705,2021-09-21 17:26:00,DADA
20.15,20.15,20.13,20.13,600,2021-09-21 17:27:00,DADA
20.16,20.16,20.14,20.14,718,2021-09-21 17:28:00,DADA
20.13,20.13,20.13,20.13,300,2021-09-21 17:29:00,DADA
20.14,20.14,20.14,20.14,800,2021-09-21 17:30:00,DADA
20.14,20.14,20.14,20.14,100,2021-09-21 17:31:00,DADA
20.14,20.14,20.1341,20.1341,257,2021-09-21 17:32:00,DADA
20.13,20.14,20.13,20.13,518,2021-09-21 17:33:00,DADA
20.14,20.16,20.14,20.16,1348,2021-09-21 17:35:00,DADA
20.1394,20.1394,20.1394,20.1394,110,2021-09-21 17:36:00,DADA
20.17,20.17,20.15,20.15,300,2021-09-21 17:37:00,DADA
20.14,20.15,20.14,20.15,1000,2021-09-21 17:38:00,DADA
20.15,20.15,20.15,20.15,100,2021-09-21 17:39:00,DADA
20.15,20.17,20.15,20.17,1015,2021-09-21 17:40:00,DADA
20.18,20.18,20.18,20.18,610,2021-09-21 17:42:00,DADA
20.19,20.19,20.19,20.19,400,2021-09-21 17:43:00,DADA
20.21,20.22,20.21,20.22,537,2021-09-21 17:44:00,DADA
20.23,20.25,20.22,20.22,2127,2021-09-21 17:45:00,DADA
20.23,20.24,20.23,20.23,875,2021-09-21 17:46:00,DADA
20.25,20.25,20.25,20.25,579,2021-09-21 17:47:00,DADA
20.28,20.3,20.22,20.22,36845,2021-09-21 17:50:00,DADA
20.24,20.24,20.24,20.24,100,2021-09-21 17:51:00,DADA
20.25,20.25,20.24,20.24,1510,2021-09-21 17:52:00,DADA
20.24,20.24,20.19,20.19,1517,2021-09-21 17:54:00,DADA
20.1916,20.1916,20.15,20.16,1220,2021-09-21 17:55:00,DADA
20.16,20.18,20.16,20.17,1318,2021-09-21 17:58:00,DADA
20.21,20.21,20.21,20.21,426,2021-09-21 18:00:00,DADA
20.24,20.24,20.22,20.22,1200,2021-09-21 18:01:00,DADA
20.23,20.23,20.23,20.23,1100,2021-09-21 18:02:00,DADA
20.23,20.23,20.23,20.23,753,2021-09-21 18:03:00,DADA
20.23,20.25,20.23,20.25,924,2021-09-21 18:04:00,DADA
20.27,20.27,20.27,20.27,308,2021-09-21 18:08:00,DADA
20.29,20.29,20.29,20.29,200,2021-09-21 18:10:00,DADA
20.291,20.291,20.29,20.29,381,2021-09-21 18:11:00,DADA
20.3,20.3,20.295,20.295,320,2021-09-21 18:12:00,DADA
20.291,20.3,20.201,20.201,10115,2021-09-21 18:14:00,DADA
20.23,20.23,20.215,20.215,400,2021-09-21 18:15:00,DADA
20.2299,20.24,20.2,20.24,2037,2021-09-21 18:16:00,DADA
20.24,20.24,20.175,20.18,3967,2021-09-21 18:18:00,DADA
20.16,20.16,20.16,20.16,200,2021-09-21 18:19:00,DADA
20.17,20.18,20.14,20.15,1300,2021-09-21 18:20:00,DADA
20.16,20.16,20.16,20.16,832,2021-09-21 18:21:00,DADA
20.1301,20.17,20.13,20.15,3460,2021-09-21 18:22:00,DADA
20.18,20.18,20.18,20.18,200,2021-09-21 18:23:00,DADA
20.16,20.19,20.16,20.19,200,2021-09-21 18:24:00,DADA
20.16,20.18,20.16,20.18,200,2021-09-21 18:25:00,DADA
20.19,20.19,20.19,20.19,100,2021-09-21 18:26:00,DADA
20.18,20.19,20.17,20.17,639,2021-09-21 18:27:00,DADA
20.2,20.2,20.2,20.2,200,2021-09-21 18:28:00,DADA
20.2,20.2,20.2,20.2,500,2021-09-21 18:29:00,DADA
20.21,20.21,20.1901,20.1972,1270,2021-09-21 18:30:00,DADA
20.205,20.21,20.16,20.17,2216,2021-09-21 18:31:00,DADA
20.16,20.16,20.13,20.14,1300,2021-09-21 18:32:00,DADA
20.16,20.16,20.16,20.16,200,2021-09-21 18:33:00,DADA
20.16,20.16,20.16,20.16,100,2021-09-21 18:34:00,DADA
20.14,20.15,20.14,20.15,600,2021-09-21 18:35:00,DADA
20.16,20.16,20.16,20.16,600,2021-09-21 18:37:00,DADA
20.18,20.18,20.18,20.18,672,2021-09-21 18:39:00,DADA
20.18,20.21,20.18,20.2,1050,2021-09-21 18:40:00,DADA
20.2,20.22,20.2,20.21,1098,2021-09-21 18:41:00,DADA
20.21,20.23,20.21,20.23,1300,2021-09-21 18:42:00,DADA
20.23,20.23,20.23,20.23,500,2021-09-21 18:43:00,DADA
20.23,20.25,20.23,20.25,1365,2021-09-21 18:44:00,DADA
20.25,20.27,20.25,20.27,1349,2021-09-21 18:45:00,DADA
20.28,20.33,20.28,20.29,5152,2021-09-21 18:46:00,DADA
20.3,20.3,20.3,20.3,100,2021-09-21 18:48:00,DADA
20.28,20.29,20.28,20.28,1428,2021-09-21 18:49:00,DADA
20.3,20.33,20.29,20.33,1102,2021-09-21 18:50:00,DADA
20.355,20.355,20.33,20.33,744,2021-09-21 18:51:00,DADA
20.34,20.34,20.33,20.33,787,2021-09-21 18:52:00,DADA
20.33,20.335,20.33,20.331,480,2021-09-21 18:53:00,DADA
20.3399,20.3399,20.3399,20.3399,1000,2021-09-21 18:55:00,DADA
20.321,20.33,20.32,20.33,1413,2021-09-21 18:56:00,DADA
20.33,20.33,20.32,20.32,1687,2021-09-21 18:57:00,DADA
20.32,20.33,20.32,20.33,700,2021-09-21 18:58:00,DADA
20.33,20.33,20.325,20.33,837,2021-09-21 18:59:00,DADA
20.34,20.37,20.34,20.37,2137,2021-09-21 19:00:00,DADA
20.38,20.38,20.36,20.365,2756,2021-09-21 19:01:00,DADA
20.37,20.39,20.37,20.37,2598,2021-09-21 19:02:00,DADA
20.37,20.3762,20.3,20.33,3719,2021-09-21 19:03:00,DADA
20.35,20.35,20.33,20.331,3216,2021-09-21 19:06:00,DADA
20.35,20.35,20.35,20.35,200,2021-09-21 19:07:00,DADA
20.34,20.34,20.34,20.34,200,2021-09-21 19:08:00,DADA
20.34,20.34,20.34,20.34,200,2021-09-21 19:09:00,DADA
20.34,20.35,20.34,20.341,1490,2021-09-21 19:10:00,DADA
20.34,20.34,20.32,20.32,3665,2021-09-21 19:12:00,DADA
20.32,20.35,20.32,20.34,1865,2021-09-21 19:13:00,DADA
20.345,20.35,20.34,20.35,720,2021-09-21 19:14:00,DADA
20.35,20.38,20.35,20.38,565,2021-09-21 19:15:00,DADA
20.38,20.38,20.35,20.35,1124,2021-09-21 19:16:00,DADA
20.33,20.33,20.33,20.33,300,2021-09-21 19:17:00,DADA
20.335,20.335,20.2301,20.2601,3120,2021-09-21 19:19:00,DADA
20.28,20.29,20.28,20.28,1295,2021-09-21 19:20:00,DADA
20.305,20.305,20.28,20.28,400,2021-09-21 19:21:00,DADA
20.3,20.3,20.3,20.3,100,2021-09-21 19:23:00,DADA
20.275,20.28,20.27,20.27,2478,2021-09-21 19:24:00,DADA
20.28,20.28,20.28,20.28,200,2021-09-21 19:25:00,DADA
20.3,20.31,20.29,20.29,1708,2021-09-21 19:27:00,DADA
20.32,20.32,20.3,20.3,2781,2021-09-21 19:28:00,DADA
20.32,20.32,20.3,20.32,900,2021-09-21 19:29:00,DADA
20.32,20.33,20.32,20.33,514,2021-09-21 19:30:00,DADA
20.33,20.33,20.33,20.33,100,2021-09-21 19:31:00,DADA
20.325,20.33,20.325,20.33,1506,2021-09-21 19:32:00,DADA
20.33,20.33,20.33,20.33,100,2021-09-21 19:33:00,DADA
20.33,20.33,20.33,20.33,200,2021-09-21 19:34:00,DADA
20.32,20.32,20.27,20.27,1248,2021-09-21 19:35:00,DADA
20.265,20.32,20.265,20.32,2054,2021-09-21 19:36:00,DADA
20.28,20.28,20.28,20.28,345,2021-09-21 19:38:00,DADA
20.283,20.29,20.28,20.281,1079,2021-09-21 19:39:00,DADA
20.29,20.29,20.29,20.29,300,2021-09-21 19:40:00,DADA
20.28,20.28,20.28,20.28,119,2021-09-21 19:41:00,DADA
20.29,20.29,20.29,20.29,200,2021-09-21 19:42:00,DADA
20.29,20.29,20.17,20.171,10870,2021-09-21 19:43:00,DADA
20.18,20.2301,20.18,20.21,8803,2021-09-21 19:44:00,DADA
20.215,20.23,20.2,20.23,9221,2021-09-21 19:45:00,DADA
20.238,20.25,20.2,20.21,9698,2021-09-21 19:46:00,DADA
20.2,20.25,20.19,20.25,2297,2021-09-21 19:47:00,DADA
20.26,20.28,20.26,20.27,2630,2021-09-21 19:48:00,DADA
20.3,20.3,20.27,20.29,500,2021-09-21 19:49:00,DADA
20.29,20.29,20.27,20.275,920,2021-09-21 19:50:00,DADA
20.28,20.31,20.28,20.29,4734,2021-09-21 19:51:00,DADA
20.3,20.3,20.25,20.25,3707,2021-09-21 19:52:00,DADA
20.24,20.29,20.24,20.28,6300,2021-09-21 19:53:00,DADA
20.28,20.29,20.271,20.28,4033,2021-09-21 19:54:00,DADA
20.27,20.29,20.27,20.28,1644,2021-09-21 19:55:00,DADA
20.27,20.28,20.26,20.26,2438,2021-09-21 19:56:00,DADA
20.25,20.35,20.24,20.349,19652,2021-09-21 19:57:00,DADA
20.34,20.34,20.32,20.32,5070,2021-09-21 19:58:00,DADA
20.325,20.33,20.29,20.29,15619,2021-09-21 19:59:00,DADA
20.3,20.3,20.3,20.3,18655,2021-09-21 20:00:00,DADA
20.31,20.31,20.31,20.31,199,2021-09-21 20:17:00,DADA
20.34,20.34,20.34,20.34,433,2021-09-22 13:10:00,DADA
20.54,20.54,20.53,20.53,253,2021-09-22 13:20:00,DADA
20.33,20.33,20.33,20.33,100,2021-09-22 13:24:00,DADA
20.36,20.4,20.36,20.4,530,2021-09-22 13:25:00,DADA
20.34,20.49,20.34,20.44,13961,2021-09-22 13:30:00,DADA
20.435,20.48,20.15,20.255,17054,2021-09-22 13:31:00,DADA
20.23,20.23,20.23,20.23,100,2021-09-22 13:32:00,DADA
20.245,20.41,20.245,20.39,3280,2021-09-22 13:33:00,DADA
20.41,20.4897,20.36,20.38,12938,2021-09-22 13:34:00,DADA
20.38,20.41,20.24,20.29,21578,2021-09-22 13:35:00,DADA
20.27,20.29,20.22,20.29,4071,2021-09-22 13:36:00,DADA
20.3964,20.3964,20.36,20.38,1300,2021-09-22 13:37:00,DADA
20.375,20.375,20.365,20.375,400,2021-09-22 13:38:00,DADA
20.41,20.45,20.385,20.45,1522,2021-09-22 13:39:00,DADA
20.465,20.5424,20.465,20.52,8857,2021-09-22 13:40:00,DADA
20.51,20.52,20.51,20.52,526,2021-09-22 13:41:00,DADA
20.565,20.68,20.5462,20.65,1643,2021-09-22 13:42:00,DADA
20.66,20.66,20.66,20.66,414,2021-09-22 13:43:00,DADA
20.74,20.74,20.74,20.74,200,2021-09-22 13:44:00,DADA
20.75,20.75,20.75,20.75,1400,2021-09-22 13:45:00,DADA
20.75,20.76,20.75,20.76,915,2021-09-22 13:46:00,DADA
20.81,20.94,20.75,20.89,19235,2021-09-22 13:47:00,DADA
20.925,20.925,20.84,20.86,6854,2021-09-22 13:48:00,DADA
20.86,21.0,20.86,20.875,15398,2021-09-22 13:49:00,DADA
20.9,21.08,20.9,21.08,4197,2021-09-22 13:50:00,DADA
21.078,21.078,21.04,21.04,2449,2021-09-22 13:51:00,DADA
21.045,21.09,21.0,21.02,4716,2021-09-22 13:52:00,DADA
21.0,21.0,20.91,20.98,800,2021-09-22 13:53:00,DADA
20.93,20.945,20.92,20.92,500,2021-09-22 13:54:00,DADA
20.925,20.925,20.925,20.925,200,2021-09-22 13:55:00,DADA
20.925,20.95,20.925,20.95,200,2021-09-22 13:56:00,DADA
20.9,21.0,20.9,21.0,1797,2021-09-22 13:57:00,DADA
20.95,20.97,20.87,20.87,3333,2021-09-22 13:58:00,DADA
20.86,20.86,20.815,20.815,300,2021-09-22 13:59:00,DADA
20.87,20.875,20.87,20.87,300,2021-09-22 14:00:00,DADA
20.87,20.88,20.82,20.82,3200,2021-09-22 14:01:00,DADA
20.82,20.83,20.73,20.82,5249,2021-09-22 14:02:00,DADA
20.75,20.81,20.73,20.78,5054,2021-09-22 14:03:00,DADA
20.81,20.81,20.81,20.81,533,2021-09-22 14:04:00,DADA
20.85,20.85,20.85,20.85,300,2021-09-22 14:06:00,DADA
20.96,21.0,20.96,21.0,300,2021-09-22 14:07:00,DADA
20.98,21.0,20.95,21.0,5228,2021-09-22 14:08:00,DADA
21.0,21.0,20.94,20.945,5621,2021-09-22 14:09:00,DADA
20.97,21.03,20.97,21.0,6734,2021-09-22 14:10:00,DADA
21.0,21.06,21.0,21.06,2053,2021-09-22 14:11:00,DADA
21.06,21.12,21.06,21.115,5104,2021-09-22 14:12:00,DADA
21.115,21.13,21.07,21.07,3314,2021-09-22 14:13:00,DADA
21.07,21.15,21.07,21.15,2183,2021-09-22 14:14:00,DADA
21.15,21.15,21.14,21.14,400,2021-09-22 14:15:00,DADA
21.14,21.14,21.14,21.14,900,2021-09-22 14:16:00,DADA
21.11,21.13,21.105,21.105,1250,2021-09-22 14:17:00,DADA
21.1,21.12,21.08,21.1,979,2021-09-22 14:18:00,DADA
21.07,21.08,21.05,21.05,3786,2021-09-22 14:19:00,DADA
21.0568,21.08,21.01,21.01,2100,2021-09-22 14:20:00,DADA
21.025,21.025,20.96,20.96,800,2021-09-22 14:21:00,DADA
20.97,20.97,20.88,20.89,2351,2021-09-22 14:23:00,DADA
20.89,20.89,20.84,20.85,2152,2021-09-22 14:24:00,DADA
20.87,20.87,20.87,20.87,500,2021-09-22 14:25:00,DADA
20.84,20.84,20.76,20.76,2522,2021-09-22 14:27:00,DADA
20.765,20.765,20.72,20.72,6817,2021-09-22 14:28:00,DADA
20.7,20.7,20.645,20.645,2636,2021-09-22 14:30:00,DADA
20.645,20.68,20.645,20.68,600,2021-09-22 14:31:00,DADA
20.64,20.64,20.46,20.51,6902,2021-09-22 14:32:00,DADA
20.51,20.61,20.49,20.6,4093,2021-09-22 14:33:00,DADA
20.62,20.62,20.57,20.57,400,2021-09-22 14:34:00,DADA
20.6,20.6,20.56,20.56,1000,2021-09-22 14:35:00,DADA
20.57,20.58,20.52,20.52,3873,2021-09-22 14:36:00,DADA
20.525,20.55,20.42,20.48,5479,2021-09-22 14:37:00,DADA
20.48,20.488,20.38,20.45,12336,2021-09-22 14:38:00,DADA
20.475,20.48,20.45,20.48,1142,2021-09-22 14:39:00,DADA
20.45,20.5,20.45,20.46,3033,2021-09-22 14:40:00,DADA
20.475,20.475,20.405,20.405,9064,2021-09-22 14:41:00,DADA
20.415,20.5,20.415,20.48,1429,2021-09-22 14:42:00,DADA
20.57,20.57,20.57,20.57,100,2021-09-22 14:44:00,DADA
20.56,20.57,20.52,20.52,600,2021-09-22 14:45:00,DADA
20.54,20.5699,20.54,20.5699,200,2021-09-22 14:46:00,DADA
20.55,20.55,20.44,20.44,3955,2021-09-22 14:47:00,DADA
20.479,20.49,20.45,20.46,3157,2021-09-22 14:48:00,DADA
20.42,20.46,20.42,20.44,1454,2021-09-22 14:49:00,DADA
20.43,20.43,20.39,20.4,1600,2021-09-22 14:50:00,DADA
20.41,20.41,20.39,20.39,1181,2021-09-22 14:51:00,DADA
20.38,20.38,20.32,20.32,1544,2021-09-22 14:52:00,DADA
20.34,20.39,20.34,20.39,2805,2021-09-22 14:53:00,DADA
20.38,20.39,20.365,20.365,1974,2021-09-22 14:54:00,DADA
20.38,20.38,20.379,20.379,360,2021-09-22 14:55:00,DADA
20.36,20.379,20.35,20.379,1717,2021-09-22 14:56:00,DADA
20.365,20.365,20.365,20.365,200,2021-09-22 14:57:00,DADA
20.38,20.41,20.375,20.38,1536,2021-09-22 14:58:00,DADA
20.4,20.4,20.32,20.32,2624,2021-09-22 14:59:00,DADA
20.29,20.31,20.24,20.28,4216,2021-09-22 15:00:00,DADA
20.24,20.32,20.2,20.32,1910,2021-09-22 15:01:00,DADA
20.31,20.31,20.31,20.31,100,2021-09-22 15:02:00,DADA
20.3399,20.4,20.31,20.4,1627,2021-09-22 15:03:00,DADA
20.47,20.47,20.47,20.47,100,2021-09-22 15:04:00,DADA
20.48,20.48,20.48,20.48,700,2021-09-22 15:05:00,DADA
20.45,20.48,20.43,20.48,2932,2021-09-22 15:06:00,DADA
20.49,20.5,20.49,20.49,1424,2021-09-22 15:07:00,DADA
20.54,20.6,20.54,20.6,2376,2021-09-22 15:08:00,DADA
20.6,20.6,20.6,20.6,100,2021-09-22 15:09:00,DADA
20.6,20.6,20.57,20.58,1295,2021-09-22 15:10:00,DADA
20.5635,20.617,20.561,20.59,1851,2021-09-22 15:11:00,DADA
20.6,20.665,20.6,20.665,2503,2021-09-22 15:13:00,DADA
20.66,20.66,20.66,20.66,200,2021-09-22 15:14:00,DADA
20.67,20.7,20.6,20.66,7008,2021-09-22 15:15:00,DADA
20.65,20.65,20.56,20.565,3500,2021-09-22 15:16:00,DADA
20.565,20.565,20.565,20.565,300,2021-09-22 15:17:00,DADA
20.5557,20.59,20.54,20.54,5375,2021-09-22 15:18:00,DADA
20.55,20.62,20.55,20.62,1618,2021-09-22 15:20:00,DADA
20.62,20.72,20.62,20.72,1552,2021-09-22 15:21:00,DADA
20.73,20.73,20.71,20.71,533,2021-09-22 15:22:00,DADA
20.72,20.73,20.71,20.73,921,2021-09-22 15:23:00,DADA
20.703,20.7067,20.68,20.69,2932,2021-09-22 15:24:00,DADA
20.71,20.72,20.69,20.72,800,2021-09-22 15:25:00,DADA
20.7052,20.73,20.7,20.73,1126,2021-09-22 15:26:00,DADA
20.7284,20.7284,20.7284,20.7284,400,2021-09-22 15:27:00,DADA
20.74,20.78,20.735,20.78,1700,2021-09-22 15:28:00,DADA
20.755,20.78,20.755,20.78,700,2021-09-22 15:29:00,DADA
20.81,20.81,20.81,20.81,500,2021-09-22 15:30:00,DADA
20.78,20.79,20.78,20.78,797,2021-09-22 15:31:00,DADA
20.81,20.85,20.81,20.85,2305,2021-09-22 15:32:00,DADA
20.88,20.8952,20.87,20.88,700,2021-09-22 15:34:00,DADA
20.88,20.91,20.87,20.88,1107,2021-09-22 15:35:00,DADA
20.9175,20.9175,20.88,20.88,2579,2021-09-22 15:36:00,DADA
20.9,20.9,20.87,20.88,1308,2021-09-22 15:37:00,DADA
20.87,20.89,20.86,20.89,726,2021-09-22 15:38:00,DADA
20.88,20.89,20.88,20.89,907,2021-09-22 15:39:00,DADA
20.9,20.9,20.9,20.9,100,2021-09-22 15:41:00,DADA
20.9,20.91,20.9,20.91,599,2021-09-22 15:42:00,DADA
20.895,20.9,20.87,20.87,3735,2021-09-22 15:43:00,DADA
20.86,20.86,20.71,20.73,15984,2021-09-22 15:44:00,DADA
20.76,20.76,20.74,20.74,694,2021-09-22 15:45:00,DADA
20.76,20.825,20.76,20.77,8506,2021-09-22 15:46:00,DADA
20.77,20.79,20.61,20.64,13089,2021-09-22 15:47:00,DADA
20.655,20.6899,20.63,20.6899,10914,2021-09-22 15:48:00,DADA
20.64,20.665,20.55,20.5949,9702,2021-09-22 15:49:00,DADA
20.6,20.66,20.6,20.66,3667,2021-09-22 15:50:00,DADA
20.68,20.71,20.68,20.71,1536,2021-09-22 15:51:00,DADA
20.68,20.705,20.67,20.69,2750,2021-09-22 15:52:00,DADA
20.73,20.73,20.73,20.73,1309,2021-09-22 15:54:00,DADA
20.78,20.81,20.75,20.78,3250,2021-09-22 15:55:00,DADA
20.77,20.77,20.76,20.76,1200,2021-09-22 15:56:00,DADA
20.72,20.77,20.705,20.75,1408,2021-09-22 15:57:00,DADA
20.75,20.76,20.71,20.76,2132,2021-09-22 15:58:00,DADA
20.81,20.81,20.81,20.81,100,2021-09-22 15:59:00,DADA
20.82,20.82,20.82,20.82,100,2021-09-22 16:00:00,DADA
20.85,20.87,20.8422,20.8422,900,2021-09-22 16:02:00,DADA
20.88,20.88,20.88,20.88,100,2021-09-22 16:03:00,DADA
20.88,20.88,20.88,20.88,500,2021-09-22 16:05:00,DADA
20.88,20.88,20.8,20.81,2486,2021-09-22 16:07:00,DADA
20.81,20.81,20.795,20.81,700,2021-09-22 16:08:00,DADA
20.809,20.809,20.809,20.809,100,2021-09-22 16:09:00,DADA
20.78,20.78,20.78,20.78,300,2021-09-22 16:11:00,DADA
20.77,20.785,20.67,20.67,2062,2021-09-22 16:12:00,DADA
20.71,20.71,20.71,20.71,100,2021-09-22 16:15:00,DADA
20.68,20.68,20.68,20.68,400,2021-09-22 16:16:00,DADA
20.69,20.69,20.66,20.69,400,2021-09-22 16:17:00,DADA
20.7,20.7,20.7,20.7,100,2021-09-22 16:18:00,DADA
20.66,20.66,20.66,20.66,200,2021-09-22 16:19:00,DADA
20.68,20.68,20.65,20.65,800,2021-09-22 16:20:00,DADA
20.65,20.65,20.6,20.6,1100,2021-09-22 16:21:00,DADA
20.62,20.64,20.62,20.64,772,2021-09-22 16:22:00,DADA
20.59,20.59,20.52,20.53,720,2021-09-22 16:24:00,DADA
20.52,20.52,20.515,20.515,200,2021-09-22 16:25:00,DADA
20.52,20.52,20.51,20.52,1298,2021-09-22 16:26:00,DADA
20.5007,20.5007,20.5007,20.5007,253,2021-09-22 16:27:00,DADA
20.5,20.51,20.5,20.5,350,2021-09-22 16:28:00,DADA
20.52,20.52,20.52,20.52,944,2021-09-22 16:29:00,DADA
20.505,20.52,20.505,20.52,200,2021-09-22 16:30:00,DADA
20.52,20.55,20.52,20.54,1953,2021-09-22 16:31:00,DADA
20.55,20.55,20.55,20.55,300,2021-09-22 16:32:00,DADA
20.56,20.6,20.56,20.6,700,2021-09-22 16:33:00,DADA
20.6,20.6,20.6,20.6,150,2021-09-22 16:36:00,DADA
20.6,20.61,20.58,20.58,1513,2021-09-22 16:40:00,DADA
20.59,20.59,20.59,20.59,100,2021-09-22 16:41:00,DADA
20.6076,20.6076,20.56,20.58,3700,2021-09-22 16:42:00,DADA
20.55,20.57,20.54,20.57,1809,2021-09-22 16:45:00,DADA
20.57,20.58,20.55,20.55,1600,2021-09-22 16:52:00,DADA
20.555,20.555,20.545,20.55,576,2021-09-22 16:53:00,DADA
20.555,20.57,20.555,20.57,500,2021-09-22 16:55:00,DADA
20.55,20.57,20.55,20.57,2107,2021-09-22 16:56:00,DADA
20.56,20.56,20.56,20.56,200,2021-09-22 16:59:00,DADA
20.58,20.58,20.58,20.58,100,2021-09-22 17:00:00,DADA
20.58,20.58,20.54,20.54,2720,2021-09-22 17:01:00,DADA
20.54,20.54,20.475,20.5,1100,2021-09-22 17:02:00,DADA
20.4777,20.48,20.45,20.45,4100,2021-09-22 17:03:00,DADA
20.43,20.43,20.43,20.43,100,2021-09-22 17:04:00,DADA
20.43,20.45,20.43,20.45,200,2021-09-22 17:05:00,DADA
20.43,20.43,20.43,20.43,100,2021-09-22 17:07:00,DADA
20.48,20.48,20.44,20.44,3897,2021-09-22 17:08:00,DADA
20.45,20.45,20.3,20.32,5547,2021-09-22 17:10:00,DADA
20.35,20.43,20.35,20.38,4157,2021-09-22 17:12:00,DADA
20.41,20.41,20.41,20.41,100,2021-09-22 17:14:00,DADA
20.38,20.38,20.38,20.38,100,2021-09-22 17:15:00,DADA
20.4,20.41,20.4,20.41,200,2021-09-22 17:16:00,DADA
20.38,20.38,20.38,20.38,400,2021-09-22 17:17:00,DADA
20.36,20.37,20.35,20.35,2475,2021-09-22 17:18:00,DADA
20.325,20.325,20.29,20.29,1728,2021-09-22 17:20:00,DADA
20.3,20.31,20.26,20.26,1150,2021-09-22 17:21:00,DADA
20.24,20.27,20.22,20.22,1464,2021-09-22 17:22:00,DADA
20.23,20.25,20.2,20.24,2643,2021-09-22 17:23:00,DADA
20.245,20.245,20.23,20.23,1600,2021-09-22 17:24:00,DADA
20.24,20.27,20.24,20.24,1771,2021-09-22 17:25:00,DADA
20.2999,20.2999,20.2999,20.2999,1000,2021-09-22 17:29:00,DADA
20.31,20.31,20.24,20.24,2752,2021-09-22 17:30:00,DADA
20.28,20.32,20.28,20.32,4075,2021-09-22 17:31:00,DADA
20.34,20.34,20.34,20.34,531,2021-09-22 17:33:00,DADA
20.33,20.33,20.33,20.33,100,2021-09-22 17:34:00,DADA
20.34,20.36,20.34,20.36,1507,2021-09-22 17:37:00,DADA
20.3525,20.39,20.3525,20.39,875,2021-09-22 17:38:00,DADA
20.41,20.41,20.409,20.41,700,2021-09-22 17:39:00,DADA
20.41,20.41,20.41,20.41,200,2021-09-22 17:40:00,DADA
20.41,20.41,20.41,20.41,200,2021-09-22 17:41:00,DADA
20.41,20.41,20.41,20.41,500,2021-09-22 17:42:00,DADA
20.5,20.5,20.5,20.5,100,2021-09-22 17:43:00,DADA
20.465,20.465,20.465,20.465,150,2021-09-22 17:44:00,DADA
20.48,20.48,20.48,20.48,100,2021-09-22 17:45:00,DADA
20.48,20.48,20.45,20.45,1644,2021-09-22 17:46:00,DADA
20.45,20.45,20.45,20.45,100,2021-09-22 17:48:00,DADA
20.45,20.45,20.45,20.45,100,2021-09-22 17:49:00,DADA
20.42,20.44,20.4,20.43,3656,2021-09-22 17:50:00,DADA
20.43,20.43,20.43,20.43,700,2021-09-22 17:51:00,DADA
20.43,20.43,20.43,20.43,400,2021-09-22 17:52:00,DADA
20.43,20.43,20.43,20.43,200,2021-09-22 17:53:00,DADA
20.4,20.4,20.4,20.4,216,2021-09-22 17:56:00,DADA
20.43,20.44,20.43,20.44,1359,2021-09-22 17:58:00,DADA
20.47,20.47,20.47,20.47,100,2021-09-22 17:59:00,DADA
20.445,20.53,20.39,20.53,6164,2021-09-22 18:00:00,DADA
20.52,20.52,20.52,20.52,100,2021-09-22 18:02:00,DADA
20.57,20.57,20.57,20.57,419,2021-09-22 18:03:00,DADA
20.61,20.62,20.61,20.62,200,2021-09-22 18:04:00,DADA
20.59,20.59,20.57,20.57,500,2021-09-22 18:06:00,DADA
20.58,20.62,20.58,20.62,1868,2021-09-22 18:07:00,DADA
20.67,20.67,20.67,20.67,300,2021-09-22 18:08:00,DADA
20.67,20.67,20.65,20.67,2518,2021-09-22 18:09:00,DADA
20.65,20.65,20.65,20.65,500,2021-09-22 18:10:00,DADA
20.69,20.7,20.67,20.67,3023,2021-09-22 18:11:00,DADA
20.72,20.72,20.72,20.72,100,2021-09-22 18:12:00,DADA
20.725,20.73,20.725,20.73,1043,2021-09-22 18:13:00,DADA
20.76,20.78,20.76,20.78,900,2021-09-22 18:14:00,DADA
20.79,20.79,20.77,20.77,1600,2021-09-22 18:15:00,DADA
20.8,20.81,20.74,20.81,2373,2021-09-22 18:16:00,DADA
20.81,20.81,20.8,20.81,1000,2021-09-22 18:17:00,DADA
20.81,20.88,20.81,20.87,1107,2021-09-22 18:18:00,DADA
20.87,20.87,20.705,20.77,4867,2021-09-22 18:19:00,DADA
20.75,20.75,20.75,20.75,1000,2021-09-22 18:21:00,DADA
20.73,20.73,20.73,20.73,675,2021-09-22 18:22:00,DADA
20.71,20.71,20.61,20.66,8279,2021-09-22 18:23:00,DADA
20.66,20.66,20.66,20.66,100,2021-09-22 18:24:00,DADA
20.74,20.75,20.71,20.71,300,2021-09-22 18:27:00,DADA
20.75,20.8,20.75,20.8,735,2021-09-22 18:28:00,DADA
20.81,20.81,20.81,20.81,100,2021-09-22 18:29:00,DADA
20.8,20.8,20.78,20.79,949,2021-09-22 18:30:00,DADA
20.75,20.78,20.74,20.74,2200,2021-09-22 18:31:00,DADA
20.76,20.76,20.76,20.76,300,2021-09-22 18:32:00,DADA
20.7701,20.8,20.72,20.73,5081,2021-09-22 18:34:00,DADA
20.73,20.73,20.73,20.73,882,2021-09-22 18:35:00,DADA
20.76,20.76,20.62,20.66,2220,2021-09-22 18:36:00,DADA
20.63,20.69,20.63,20.69,1688,2021-09-22 18:37:00,DADA
20.73,20.73,20.7,20.7,915,2021-09-22 18:38:00,DADA
20.73,20.73,20.69,20.71,1786,2021-09-22 18:39:00,DADA
20.68,20.68,20.68,20.68,412,2021-09-22 18:40:00,DADA
20.65,20.65,20.65,20.65,200,2021-09-22 18:41:00,DADA
20.64,20.67,20.61,20.62,3093,2021-09-22 18:42:00,DADA
20.61,20.61,20.61,20.61,310,2021-09-22 18:43:00,DADA
20.6,20.6,20.56,20.56,900,2021-09-22 18:44:00,DADA
20.56,20.58,20.5,20.58,3647,2021-09-22 18:45:00,DADA
20.57,20.57,20.57,20.57,400,2021-09-22 18:46:00,DADA
20.6,20.6,20.55,20.55,500,2021-09-22 18:47:00,DADA
20.56,20.56,20.54,20.54,1855,2021-09-22 18:48:00,DADA
20.53,20.55,20.52,20.53,908,2021-09-22 18:49:00,DADA
20.52,20.52,20.47,20.51,1000,2021-09-22 18:50:00,DADA
20.505,20.53,20.5,20.5,2340,2021-09-22 18:52:00,DADA
20.52,20.55,20.52,20.54,1078,2021-09-22 18:53:00,DADA
20.55,20.55,20.55,20.55,594,2021-09-22 18:54:00,DADA
20.54,20.54,20.49,20.49,2316,2021-09-22 18:55:00,DADA
20.52,20.555,20.52,20.555,1547,2021-09-22 18:56:00,DADA
20.5461,20.55,20.495,20.52,5890,2021-09-22 18:57:00,DADA
20.53,20.57,20.53,20.57,2531,2021-09-22 18:58:00,DADA
20.59,20.6384,20.57,20.57,7206,2021-09-22 18:59:00,DADA
20.59,20.62,20.57,20.6,6503,2021-09-22 19:00:00,DADA
20.63,20.63,20.6,20.6,300,2021-09-22 19:01:00,DADA
20.6,20.6,20.6,20.6,958,2021-09-22 19:02:00,DADA
20.605,20.605,20.605,20.605,100,2021-09-22 19:03:00,DADA
20.59,20.59,20.58,20.58,784,2021-09-22 19:04:00,DADA
20.6,20.63,20.52,20.52,3615,2021-09-22 19:05:00,DADA
20.508,20.535,20.47,20.52,6551,2021-09-22 19:06:00,DADA
20.519,20.52,20.519,20.52,256,2021-09-22 19:07:00,DADA
20.545,20.545,20.545,20.545,1100,2021-09-22 19:08:00,DADA
20.57,20.57,20.57,20.57,853,2021-09-22 19:09:00,DADA
20.55,20.6,20.55,20.6,966,2021-09-22 19:10:00,DADA
20.59,20.61,20.59,20.6,801,2021-09-22 19:11:00,DADA
20.62,20.62,20.62,20.62,898,2021-09-22 19:12:00,DADA
20.63,20.64,20.63,20.64,1712,2021-09-22 19:13:00,DADA
20.67,20.67,20.65,20.67,600,2021-09-22 19:14:00,DADA
20.68,20.68,20.66,20.66,1000,2021-09-22 19:15:00,DADA
20.68,20.7,20.68,20.7,1659,2021-09-22 19:16:00,DADA
20.68,20.69,20.67,20.69,4336,2021-09-22 19:17:00,DADA
20.7,20.71,20.69,20.709,622,2021-09-22 19:19:00,DADA
20.71,20.71,20.71,20.71,346,2021-09-22 19:20:00,DADA
20.71,20.71,20.71,20.71,200,2021-09-22 19:21:00,DADA
20.73,20.73,20.73,20.73,989,2021-09-22 19:22:00,DADA
20.72,20.72,20.7,20.7,2804,2021-09-22 19:23:00,DADA
20.7022,20.7022,20.7022,20.7022,550,2021-09-22 19:24:00,DADA
20.7,20.71,20.61,20.61,4438,2021-09-22 19:25:00,DADA
20.64,20.66,20.64,20.65,2002,2021-09-22 19:26:00,DADA
20.66,20.69,20.66,20.69,1247,2021-09-22 19:27:00,DADA
20.69,20.71,20.69,20.71,2262,2021-09-22 19:28:00,DADA
20.72,20.72,20.72,20.72,200,2021-09-22 19:29:00,DADA
20.7,20.7,20.7,20.7,100,2021-09-22 19:30:00,DADA
20.671,20.7,20.671,20.7,600,2021-09-22 19:31:00,DADA
20.7,20.7,20.69,20.69,500,2021-09-22 19:32:00,DADA
20.68,20.68,20.68,20.68,400,2021-09-22 19:33:00,DADA
20.66,20.66,20.65,20.65,500,2021-09-22 19:34:00,DADA
20.64,20.64,20.62,20.62,1136,2021-09-22 19:35:00,DADA
20.625,20.66,20.625,20.66,2907,2021-09-22 19:36:00,DADA
20.67,20.67,20.64,20.64,1100,2021-09-22 19:37:00,DADA
20.63,20.63,20.6,20.6,1499,2021-09-22 19:38:00,DADA
20.62,20.64,20.62,20.63,3012,2021-09-22 19:39:00,DADA
20.64,20.64,20.6,20.6,1901,2021-09-22 19:41:00,DADA
20.6,20.6,20.53,20.55,5892,2021-09-22 19:42:00,DADA
20.59,20.59,20.585,20.585,400,2021-09-22 19:43:00,DADA
20.6,20.6,20.58,20.58,916,2021-09-22 19:44:00,DADA
20.585,20.59,20.55,20.55,1677,2021-09-22 19:45:00,DADA
20.55,20.58,20.55,20.58,3487,2021-09-22 19:46:00,DADA
20.58,20.59,20.54,20.56,1621,2021-09-22 19:47:00,DADA
20.555,20.555,20.55,20.555,600,2021-09-22 19:48:00,DADA
20.57,20.57,20.53,20.53,2425,2021-09-22 19:49:00,DADA
20.52,20.54,20.47,20.47,4751,2021-09-22 19:50:00,DADA
20.5,20.52,20.5,20.5,2338,2021-09-22 19:51:00,DADA
20.5,20.52,20.5,20.51,842,2021-09-22 19:52:00,DADA
20.51,20.52,20.49,20.52,2057,2021-09-22 19:53:00,DADA
20.52,20.52,20.5,20.52,3477,2021-09-22 19:54:00,DADA
20.49,20.52,20.49,20.51,5657,2021-09-22 19:55:00,DADA
20.53,20.53,20.47,20.47,2980,2021-09-22 19:56:00,DADA
20.47,20.5,20.47,20.499,2830,2021-09-22 19:57:00,DADA
20.49,20.53,20.49,20.529,6085,2021-09-22 19:58:00,DADA
20.52,20.54,20.5,20.52,9104,2021-09-22 19:59:00,DADA
20.5,20.5,20.5,20.5,8575,2021-09-22 20:00:00,DADA
20.6,20.6,20.6,20.6,1955,2021-09-22 21:05:00,DADA
20.63,21.13,20.63,20.97,8525,2021-09-22 21:08:00,DADA
20.82,21.09,20.8,20.99,3350,2021-09-22 21:09:00,DADA
21.19,21.2,21.19,21.2,205,2021-09-22 21:11:00,DADA
21.23,21.4,21.23,21.4,400,2021-09-22 21:15:00,DADA
21.4,21.4,21.3,21.3,665,2021-09-22 21:16:00,DADA
21.16,21.16,21.16,21.16,100,2021-09-22 21:33:00,DADA
21.14,21.14,21.14,21.14,100,2021-09-22 21:34:00,DADA
21.25,21.25,21.25,21.25,200,2021-09-22 21:43:00,DADA
21.1,21.1,21.1,21.1,130,2021-09-22 21:52:00,DADA
21.11,21.11,21.11,21.11,200,2021-09-22 21:56:00,DADA
21.12,21.12,21.12,21.12,400,2021-09-22 22:05:00,DADA
21.19,21.24,21.19,21.24,520,2021-09-22 22:06:00,DADA
21.2,21.2,21.2,21.2,138,2021-09-22 22:22:00,DADA
21.2,21.2,21.2,21.2,250,2021-09-22 22:32:00,DADA
21.13,21.13,21.13,21.13,1170,2021-09-22 22:33:00,DADA
21.23,21.25,21.23,21.25,200,2021-09-22 23:59:00,DADA
21.25,21.25,21.25,21.25,160,2021-09-23 08:01:00,DADA
21.24,21.25,21.24,21.25,1100,2021-09-23 08:02:00,DADA
21.31,21.31,21.31,21.31,100,2021-09-23 08:08:00,DADA
21.22,21.22,21.22,21.22,300,2021-09-23 09:39:00,DADA
21.22,21.22,21.22,21.22,240,2021-09-23 09:40:00,DADA
21.22,21.22,21.22,21.22,341,2021-09-23 09:41:00,DADA
21.2,21.2,21.2,21.2,300,2021-09-23 10:13:00,DADA
21.11,21.11,21.11,21.11,250,2021-09-23 10:16:00,DADA
21.11,21.11,21.11,21.11,780,2021-09-23 10:48:00,DADA
21.3,21.3,21.3,21.3,200,2021-09-23 11:01:00,DADA
21.49,21.49,21.49,21.49,120,2021-09-23 11:03:00,DADA
21.48,21.48,21.48,21.48,220,2021-09-23 11:29:00,DADA
21.35,21.35,21.22,21.22,908,2021-09-23 11:40:00,DADA
21.25,21.25,21.25,21.25,200,2021-09-23 11:50:00,DADA
21.22,21.22,21.2,21.2,9992,2021-09-23 11:56:00,DADA
21.24,21.24,21.24,21.24,100,2021-09-23 12:09:00,DADA
21.22,21.22,21.22,21.22,200,2021-09-23 12:15:00,DADA
21.18,21.18,21.18,21.18,100,2021-09-23 12:21:00,DADA
21.18,21.18,21.15,21.15,1300,2021-09-23 12:24:00,DADA
21.15,21.15,21.15,21.15,100,2021-09-23 12:45:00,DADA
21.16,21.16,21.15,21.15,300,2021-09-23 12:46:00,DADA
21.19,21.2,21.19,21.2,397,2021-09-23 12:48:00,DADA
21.2,21.2,21.19,21.19,700,2021-09-23 12:56:00,DADA
21.15,21.15,21.15,21.15,300,2021-09-23 13:01:00,DADA
21.15,21.15,21.15,21.15,400,2021-09-23 13:03:00,DADA
21.15,21.15,21.1,21.1,1080,2021-09-23 13:04:00,DADA
21.33,21.33,21.33,21.33,100,2021-09-23 13:12:00,DADA
21.17,21.17,21.17,21.17,178,2021-09-23 13:22:00,DADA
21.01,21.01,21.01,21.01,397,2021-09-23 13:25:00,DADA
21.01,21.38,20.97,21.35,49685,2021-09-23 13:30:00,DADA
21.405,21.405,20.97,21.11,26167,2021-09-23 13:31:00,DADA
21.11,21.11,20.51,20.64,37339,2021-09-23 13:32:00,DADA
20.63,20.8212,20.6,20.78,2699,2021-09-23 13:33:00,DADA
20.83,21.06,20.82,21.06,16517,2021-09-23 13:34:00,DADA
21.03,21.08,20.96,21.0317,4100,2021-09-23 13:35:00,DADA
21.03,21.03,20.8963,20.91,3522,2021-09-23 13:36:00,DADA
20.9599,20.995,20.93,20.995,400,2021-09-23 13:37:00,DADA
20.99,21.175,20.99,21.15,13629,2021-09-23 13:39:00,DADA
21.1238,21.22,21.1238,21.21,29459,2021-09-23 13:40:00,DADA
21.19,21.59,21.19,21.52,27044,2021-09-23 13:41:00,DADA
21.51,21.51,21.29,21.29,4008,2021-09-23 13:42:00,DADA
21.29,21.34,21.25,21.34,3545,2021-09-23 13:43:00,DADA
21.35,21.4,21.35,21.35,5286,2021-09-23 13:45:00,DADA
21.34,21.365,21.2101,21.2101,7000,2021-09-23 13:46:00,DADA
21.26,21.265,21.19,21.21,2472,2021-09-23 13:47:00,DADA
21.22,21.27,21.22,21.27,1303,2021-09-23 13:48:00,DADA
21.28,21.37,21.28,21.37,1900,2021-09-23 13:49:00,DADA
21.36,21.45,21.3301,21.45,4632,2021-09-23 13:50:00,DADA
21.4181,21.49,21.4181,21.445,10336,2021-09-23 13:51:00,DADA
21.42,21.425,21.385,21.425,4400,2021-09-23 13:52:00,DADA
21.47,21.5,21.47,21.4737,3874,2021-09-23 13:53:00,DADA
21.5,21.68,21.5,21.6688,18583,2021-09-23 13:54:00,DADA
21.68,21.68,21.52,21.52,9275,2021-09-23 13:55:00,DADA
21.52,21.55,21.52,21.52,2270,2021-09-23 13:56:00,DADA
21.595,21.595,21.5523,21.565,700,2021-09-23 13:57:00,DADA
21.565,21.6,21.52,21.56,15678,2021-09-23 13:58:00,DADA
21.5007,21.51,21.4501,21.48,4522,2021-09-23 13:59:00,DADA
21.47,21.5,21.44,21.5,1646,2021-09-23 14:00:00,DADA
21.5,21.5,21.29,21.37,10740,2021-09-23 14:01:00,DADA
21.4,21.48,21.4,21.46,900,2021-09-23 14:02:00,DADA
21.5,21.6,21.41,21.59,10163,2021-09-23 14:03:00,DADA
21.6,21.67,21.55,21.6115,15746,2021-09-23 14:04:00,DADA
21.62,21.7,21.62,21.69,10138,2021-09-23 14:05:00,DADA
21.65,21.87,21.55,21.83,28562,2021-09-23 14:06:00,DADA
21.83,21.87,21.77,21.87,2785,2021-09-23 14:07:00,DADA
21.87,21.9,21.84,21.9,7368,2021-09-23 14:10:00,DADA
21.94,21.95,21.89,21.8901,8407,2021-09-23 14:11:00,DADA
21.92,21.92,21.91,21.9187,1400,2021-09-23 14:12:00,DADA
21.91,21.94,21.9,21.94,2494,2021-09-23 14:13:00,DADA
21.96,22.0,21.94,21.94,7190,2021-09-23 14:14:00,DADA
21.97,21.97,21.92,21.92,1800,2021-09-23 14:15:00,DADA
21.94,21.94,21.88,21.93,3300,2021-09-23 14:16:00,DADA
21.95,21.98,21.95,21.95,3820,2021-09-23 14:17:00,DADA
21.96,21.96,21.901,21.91,2732,2021-09-23 14:18:00,DADA
21.95,21.95,21.91,21.9266,2066,2021-09-23 14:19:00,DADA
21.91,21.91,21.83,21.88,2838,2021-09-23 14:20:00,DADA
21.9098,21.9098,21.9098,21.9098,200,2021-09-23 14:21:00,DADA
21.91,21.91,21.865,21.89,3300,2021-09-23 14:22:00,DADA
21.9,21.95,21.9,21.95,3950,2021-09-23 14:23:00,DADA
21.93,21.98,21.93,21.98,1100,2021-09-23 14:24:00,DADA
21.98,22.03,21.95,21.95,33289,2021-09-23 14:25:00,DADA
21.9,21.9,21.89,21.89,600,2021-09-23 14:26:00,DADA
21.89,21.92,21.89,21.92,619,2021-09-23 14:27:00,DADA
21.92,21.95,21.92,21.95,359,2021-09-23 14:28:00,DADA
22.0,22.0,22.0,22.0,500,2021-09-23 14:29:00,DADA
22.0,22.0,22.0,22.0,200,2021-09-23 14:30:00,DADA
22.0,22.05,21.99,21.99,16098,2021-09-23 14:31:00,DADA
22.03,22.03,21.98,21.98,2944,2021-09-23 14:32:00,DADA
22.0,22.0,21.96,21.9631,2705,2021-09-23 14:33:00,DADA
21.99,21.99,21.94,21.95,2340,2021-09-23 14:34:00,DADA
21.96,21.96,21.89,21.89,3031,2021-09-23 14:35:00,DADA
21.86,21.86,21.82,21.8281,1038,2021-09-23 14:36:00,DADA
21.82,21.84,21.7404,21.84,1330,2021-09-23 14:37:00,DADA
21.83,21.83,21.83,21.83,200,2021-09-23 14:38:00,DADA
21.85,21.9,21.85,21.9,3413,2021-09-23 14:39:00,DADA
21.945,21.945,21.945,21.945,350,2021-09-23 14:42:00,DADA
21.98,21.98,21.96,21.98,1416,2021-09-23 14:43:00,DADA
21.98,22.0,21.96,21.98,8594,2021-09-23 14:44:00,DADA
21.98,21.98,21.83,21.9,11014,2021-09-23 14:45:00,DADA
21.91,21.91,21.91,21.91,100,2021-09-23 14:46:00,DADA
21.92,21.97,21.92,21.97,1300,2021-09-23 14:47:00,DADA
21.98,21.98,21.98,21.98,500,2021-09-23 14:48:00,DADA
21.96,21.99,21.96,21.99,700,2021-09-23 14:49:00,DADA
22.0,22.01,22.0,22.0,4145,2021-09-23 14:50:00,DADA
21.99,22.0,21.98,21.98,3355,2021-09-23 14:51:00,DADA
22.01,22.01,22.01,22.01,100,2021-09-23 14:52:00,DADA
22.0,22.0,22.0,22.0,100,2021-09-23 14:53:00,DADA
21.97,21.98,21.97,21.972,1300,2021-09-23 14:54:00,DADA
21.99,22.01,21.99,22.01,600,2021-09-23 14:55:00,DADA
22.015,22.015,21.98,21.98,2194,2021-09-23 14:56:00,DADA
22.03,22.05,21.99,22.0,5669,2021-09-23 14:57:00,DADA
22.04,22.04,22.01,22.03,1153,2021-09-23 14:58:00,DADA
22.04,22.04,21.96,21.96,4427,2021-09-23 14:59:00,DADA
21.98,21.98,21.96,21.96,637,2021-09-23 15:00:00,DADA
21.94,21.97,21.94,21.97,1269,2021-09-23 15:01:00,DADA
21.966,21.966,21.966,21.966,200,2021-09-23 15:02:00,DADA
21.96,21.98,21.96,21.98,525,2021-09-23 15:03:00,DADA
21.99,22.03,21.99,22.02,2816,2021-09-23 15:04:00,DADA
22.01,22.03,22.01,22.03,500,2021-09-23 15:05:00,DADA
22.03,22.03,21.96,21.96,3569,2021-09-23 15:06:00,DADA
21.95,21.965,21.95,21.95,800,2021-09-23 15:07:00,DADA
21.945,21.95,21.945,21.95,1300,2021-09-23 15:08:00,DADA
21.945,21.945,21.92,21.9312,542,2021-09-23 15:09:00,DADA
21.95,21.95,21.95,21.95,100,2021-09-23 15:10:00,DADA
21.95,21.95,21.93,21.95,400,2021-09-23 15:11:00,DADA
21.94,21.94,21.92,21.92,3070,2021-09-23 15:12:00,DADA
21.94,21.94,21.92,21.922,1000,2021-09-23 15:13:00,DADA
21.936,21.94,21.91,21.91,2267,2021-09-23 15:14:00,DADA
21.91,21.95,21.91,21.95,1800,2021-09-23 15:15:00,DADA
21.99,21.99,21.88,21.88,1200,2021-09-23 15:16:00,DADA
21.91,21.91,21.91,21.91,200,2021-09-23 15:17:00,DADA
21.891,21.891,21.891,21.891,523,2021-09-23 15:18:00,DADA
21.89,21.89,21.841,21.841,2561,2021-09-23 15:19:00,DADA
21.855,21.89,21.855,21.87,800,2021-09-23 15:20:00,DADA
21.87,21.87,21.85,21.85,1000,2021-09-23 15:21:00,DADA
21.86,21.86,21.86,21.86,100,2021-09-23 15:22:00,DADA
21.89,21.9,21.89,21.9,2000,2021-09-23 15:23:00,DADA
21.885,21.885,21.84,21.845,2104,2021-09-23 15:24:00,DADA
21.85,21.85,21.85,21.85,587,2021-09-23 15:25:00,DADA
21.86,21.87,21.86,21.87,600,2021-09-23 15:26:00,DADA
21.88,21.88,21.87,21.88,1400,2021-09-23 15:27:00,DADA
21.89,21.89,21.89,21.89,521,2021-09-23 15:28:00,DADA
21.89,21.95,21.89,21.95,6024,2021-09-23 15:29:00,DADA
21.96,22.0,21.96,22.0,6649,2021-09-23 15:30:00,DADA
21.99,21.99,21.99,21.99,300,2021-09-23 15:31:00,DADA
21.9973,21.9973,21.95,21.965,2633,2021-09-23 15:32:00,DADA
21.92,21.935,21.91,21.935,1533,2021-09-23 15:33:00,DADA
21.92,21.92,21.9,21.91,935,2021-09-23 15:35:00,DADA
21.885,21.885,21.87,21.88,800,2021-09-23 15:36:00,DADA
21.89,21.91,21.87,21.91,1700,2021-09-23 15:38:00,DADA
21.9,21.9,21.87,21.885,1300,2021-09-23 15:39:00,DADA
21.88,21.885,21.87,21.87,1100,2021-09-23 15:40:00,DADA
21.88,21.88,21.88,21.88,400,2021-09-23 15:41:00,DADA
21.8794,21.8794,21.8794,21.8794,100,2021-09-23 15:42:00,DADA
21.86,21.9,21.86,21.9,3919,2021-09-23 15:43:00,DADA
21.899,21.899,21.89,21.89,934,2021-09-23 15:44:00,DADA
21.9,21.9,21.78,21.78,6425,2021-09-23 15:45:00,DADA
21.75,21.81,21.74,21.81,1100,2021-09-23 15:46:00,DADA
21.8633,21.8633,21.8633,21.8633,500,2021-09-23 15:47:00,DADA
21.86,21.86,21.86,21.86,100,2021-09-23 15:48:00,DADA
21.875,21.9,21.875,21.9,3207,2021-09-23 15:49:00,DADA
21.86,21.86,21.85,21.86,976,2021-09-23 15:50:00,DADA
21.84,21.84,21.8,21.8,1600,2021-09-23 15:51:00,DADA
21.83,21.83,21.81,21.81,1200,2021-09-23 15:52:00,DADA
21.817,21.817,21.817,21.817,150,2021-09-23 15:53:00,DADA
21.81,21.81,21.8,21.81,1100,2021-09-23 15:54:00,DADA
21.8,21.8001,21.79,21.8001,819,2021-09-23 15:55:00,DADA
21.7601,21.7601,21.7601,21.7601,768,2021-09-23 15:56:00,DADA
21.8,21.8,21.8,21.8,100,2021-09-23 15:57:00,DADA
21.8,21.8,21.79,21.8,2700,2021-09-23 16:00:00,DADA
21.78,21.8,21.78,21.8,800,2021-09-23 16:01:00,DADA
21.81,21.81,21.79,21.79,200,2021-09-23 16:02:00,DADA
21.8,21.8,21.79,21.79,450,2021-09-23 16:03:00,DADA
21.79,21.79,21.745,21.745,1249,2021-09-23 16:04:00,DADA
21.75,21.75,21.75,21.75,200,2021-09-23 16:05:00,DADA
21.75,21.75,21.73,21.75,1625,2021-09-23 16:06:00,DADA
21.74,21.79,21.725,21.79,2780,2021-09-23 16:07:00,DADA
21.79,21.8,21.78,21.78,300,2021-09-23 16:08:00,DADA
21.76,21.76,21.76,21.76,500,2021-09-23 16:10:00,DADA
21.75,21.75,21.68,21.74,6320,2021-09-23 16:11:00,DADA
21.79,21.79,21.79,21.79,100,2021-09-23 16:12:00,DADA
21.74,21.74,21.74,21.74,100,2021-09-23 16:13:00,DADA
21.74,21.79,21.74,21.79,300,2021-09-23 16:14:00,DADA
21.745,21.75,21.745,21.75,700,2021-09-23 16:17:00,DADA
21.8,21.85,21.8,21.819,3100,2021-09-23 16:18:00,DADA
21.8099,21.81,21.8099,21.81,370,2021-09-23 16:19:00,DADA
21.81,21.81,21.81,21.81,300,2021-09-23 16:20:00,DADA
21.82,21.89,21.82,21.89,700,2021-09-23 16:21:00,DADA
21.89,21.9,21.875,21.9,1569,2021-09-23 16:23:00,DADA
21.89,21.89,21.8799,21.8799,4135,2021-09-23 16:24:00,DADA
21.87,21.89,21.87,21.89,600,2021-09-23 16:25:00,DADA
21.88,21.88,21.88,21.88,100,2021-09-23 16:26:00,DADA
21.88,21.88,21.88,21.88,100,2021-09-23 16:28:00,DADA
21.891,21.891,21.891,21.891,105,2021-09-23 16:29:00,DADA
21.9,21.9,21.86,21.87,3409,2021-09-23 16:30:00,DADA
21.88,21.89,21.88,21.89,300,2021-09-23 16:31:00,DADA
21.88,21.88,21.862,21.88,2000,2021-09-23 16:32:00,DADA
21.885,21.885,21.885,21.885,200,2021-09-23 16:33:00,DADA
21.9,21.9,21.885,21.885,2045,2021-09-23 16:36:00,DADA
21.87,21.87,21.86,21.87,2139,2021-09-23 16:37:00,DADA
21.86,21.9,21.86,21.895,2680,2021-09-23 16:38:00,DADA
21.9,21.905,21.9,21.9,3419,2021-09-23 16:39:00,DADA
21.905,21.905,21.905,21.905,144,2021-09-23 16:41:00,DADA
21.92,21.92,21.9,21.9,300,2021-09-23 16:42:00,DADA
21.9,21.9,21.899,21.899,200,2021-09-23 16:44:00,DADA
21.89,21.89,21.89,21.89,100,2021-09-23 16:45:00,DADA
21.89,21.9,21.89,21.895,6191,2021-09-23 16:46:00,DADA
21.895,21.99,21.895,21.96,13236,2021-09-23 16:47:00,DADA
21.94,21.94,21.94,21.94,100,2021-09-23 16:48:00,DADA
21.95,21.96,21.95,21.9596,1300,2021-09-23 16:49:00,DADA
21.96,21.99,21.96,21.99,4200,2021-09-23 16:50:00,DADA
21.98,21.98,21.953,21.953,1420,2021-09-23 16:51:00,DADA
21.976,21.976,21.97,21.97,500,2021-09-23 16:52:00,DADA
21.95,21.95,21.95,21.95,1792,2021-09-23 16:53:00,DADA
21.945,21.949,21.945,21.949,200,2021-09-23 16:55:00,DADA
21.945,21.95,21.93,21.94,3700,2021-09-23 16:56:00,DADA
21.93,21.93,21.87,21.87,1217,2021-09-23 16:57:00,DADA
21.885,21.885,21.885,21.885,200,2021-09-23 16:58:00,DADA
21.885,21.885,21.885,21.885,100,2021-09-23 16:59:00,DADA
21.9,21.91,21.89,21.9,2940,2021-09-23 17:00:00,DADA
21.915,21.915,21.91,21.91,200,2021-09-23 17:01:00,DADA
21.905,21.905,21.905,21.905,100,2021-09-23 17:02:00,DADA
21.89,21.89,21.89,21.89,800,2021-09-23 17:03:00,DADA
21.9,21.9,21.9,21.9,100,2021-09-23 17:05:00,DADA
21.87,21.87,21.78,21.78,3162,2021-09-23 17:07:00,DADA
21.77,21.77,21.77,21.77,100,2021-09-23 17:08:00,DADA
21.77,21.83,21.77,21.83,700,2021-09-23 17:09:00,DADA
21.8,21.82,21.8,21.82,2709,2021-09-23 17:11:00,DADA
21.84,21.85,21.84,21.85,600,2021-09-23 17:12:00,DADA
21.86,21.879,21.86,21.86,400,2021-09-23 17:13:00,DADA
21.86,21.9,21.86,21.87,1906,2021-09-23 17:15:00,DADA
21.89,21.89,21.89,21.89,100,2021-09-23 17:16:00,DADA
21.86,21.9,21.84,21.87,3600,2021-09-23 17:17:00,DADA
21.85,21.86,21.84,21.86,1600,2021-09-23 17:18:00,DADA
21.84,21.84,21.84,21.84,100,2021-09-23 17:19:00,DADA
21.86,21.86,21.86,21.86,100,2021-09-23 17:20:00,DADA
21.87,21.87,21.87,21.87,100,2021-09-23 17:21:00,DADA
21.865,21.865,21.85,21.85,200,2021-09-23 17:22:00,DADA
21.85,21.85,21.85,21.85,400,2021-09-23 17:23:00,DADA
21.84,21.84,21.84,21.84,325,2021-09-23 17:24:00,DADA
21.83,21.83,21.83,21.83,900,2021-09-23 17:25:00,DADA
21.82,21.82,21.82,21.82,100,2021-09-23 17:26:00,DADA
21.82,21.8201,21.82,21.8201,2500,2021-09-23 17:27:00,DADA
21.82,21.84,21.82,21.84,1800,2021-09-23 17:28:00,DADA
21.84,21.85,21.84,21.85,1800,2021-09-23 17:29:00,DADA
21.87,21.9,21.86,21.89,3918,2021-09-23 17:30:00,DADA
21.895,21.895,21.88,21.88,1000,2021-09-23 17:31:00,DADA
21.89,21.89,21.88,21.88,400,2021-09-23 17:32:00,DADA
21.8784,21.88,21.87,21.88,1426,2021-09-23 17:33:00,DADA
21.88,21.88,21.88,21.88,100,2021-09-23 17:34:00,DADA
21.89,21.9,21.89,21.9,300,2021-09-23 17:36:00,DADA
21.89,21.9,21.89,21.9,3550,2021-09-23 17:37:00,DADA
21.9,21.93,21.9,21.93,1900,2021-09-23 17:38:00,DADA
21.91,21.91,21.905,21.905,1200,2021-09-23 17:39:00,DADA
21.905,21.905,21.905,21.905,200,2021-09-23 17:40:00,DADA
21.9,21.9,21.9,21.9,1732,2021-09-23 17:41:00,DADA
21.9,21.91,21.9,21.9,1000,2021-09-23 17:43:00,DADA
21.91,21.91,21.9,21.9,988,2021-09-23 17:44:00,DADA
21.89,21.89,21.88,21.88,1750,2021-09-23 17:45:00,DADA
21.89,21.9,21.89,21.895,588,2021-09-23 17:46:00,DADA
21.9,21.9,21.9,21.9,100,2021-09-23 17:48:00,DADA
21.89,21.9,21.89,21.89,1500,2021-09-23 17:49:00,DADA
21.895,21.9,21.89,21.9,3600,2021-09-23 17:50:00,DADA
21.895,21.895,21.87,21.87,918,2021-09-23 17:51:00,DADA
21.84,21.9,21.84,21.9,617,2021-09-23 17:52:00,DADA
21.9,21.9,21.88,21.88,1037,2021-09-23 17:53:00,DADA
21.895,21.895,21.895,21.895,100,2021-09-23 17:55:00,DADA
21.8879,21.8879,21.8879,21.8879,100,2021-09-23 17:56:00,DADA
21.89,21.89,21.87,21.87,4039,2021-09-23 17:57:00,DADA
21.87,21.88,21.87,21.88,600,2021-09-23 17:58:00,DADA
21.88,21.9,21.88,21.9,1032,2021-09-23 17:59:00,DADA
21.9,21.9,21.88,21.88,1100,2021-09-23 18:00:00,DADA
21.9,21.91,21.8901,21.8901,3568,2021-09-23 18:01:00,DADA
21.88,21.89,21.88,21.88,1800,2021-09-23 18:04:00,DADA
21.89,21.89,21.87,21.87,200,2021-09-23 18:05:00,DADA
21.87,21.87,21.82,21.83,3459,2021-09-23 18:08:00,DADA
21.86,21.88,21.86,21.88,300,2021-09-23 18:09:00,DADA
21.88,21.88,21.84,21.86,3322,2021-09-23 18:10:00,DADA
21.87,21.9,21.87,21.9,1969,2021-09-23 18:11:00,DADA
21.9,21.9,21.9,21.9,1001,2021-09-23 18:12:00,DADA
21.9,21.9,21.9,21.9,600,2021-09-23 18:13:00,DADA
21.9,21.9,21.88,21.88,755,2021-09-23 18:14:00,DADA
21.9,21.9,21.9,21.9,1778,2021-09-23 18:16:00,DADA
21.9,21.9,21.89,21.89,2305,2021-09-23 18:17:00,DADA
21.9,21.9,21.9,21.9,500,2021-09-23 18:18:00,DADA
21.9,21.9,21.8801,21.8993,600,2021-09-23 18:19:00,DADA
21.9,21.94,21.9,21.93,2428,2021-09-23 18:20:00,DADA
21.935,21.935,21.935,21.935,100,2021-09-23 18:21:00,DADA
21.92,21.92,21.9,21.908,3681,2021-09-23 18:22:00,DADA
21.915,21.915,21.89,21.89,900,2021-09-23 18:23:00,DADA
21.9,21.9,21.88,21.89,3358,2021-09-23 18:26:00,DADA
21.9,21.91,21.9,21.902,700,2021-09-23 18:27:00,DADA
21.905,21.905,21.905,21.905,100,2021-09-23 18:28:00,DADA
21.905,21.905,21.905,21.905,100,2021-09-23 18:30:00,DADA
21.9,21.91,21.89,21.9,1700,2021-09-23 18:31:00,DADA
21.9,21.9,21.9,21.9,293,2021-09-23 18:33:00,DADA
21.89,21.89,21.88,21.88,2900,2021-09-23 18:34:00,DADA
21.885,21.89,21.88,21.89,1164,2021-09-23 18:35:00,DADA
21.895,21.905,21.86,21.86,7231,2021-09-23 18:36:00,DADA
21.88,21.89,21.88,21.89,305,2021-09-23 18:37:00,DADA
21.9,21.92,21.9,21.92,2522,2021-09-23 18:38:00,DADA
21.92,21.94,21.92,21.94,600,2021-09-23 18:39:00,DADA
21.94,21.97,21.94,21.97,2840,2021-09-23 18:40:00,DADA
21.97,21.97,21.955,21.955,338,2021-09-23 18:41:00,DADA
21.94,21.94,21.94,21.94,500,2021-09-23 18:42:00,DADA
21.94,21.94,21.93,21.93,900,2021-09-23 18:43:00,DADA
21.95,21.99,21.935,21.99,6257,2021-09-23 18:44:00,DADA
21.98,21.99,21.95,21.95,6902,2021-09-23 18:45:00,DADA
21.95,21.95,21.95,21.95,100,2021-09-23 18:46:00,DADA
21.95,21.95,21.94,21.94,425,2021-09-23 18:48:00,DADA
21.94,21.95,21.94,21.95,600,2021-09-23 18:50:00,DADA
21.94,21.95,21.94,21.94,700,2021-09-23 18:52:00,DADA
21.95,21.95,21.95,21.95,200,2021-09-23 18:53:00,DADA
21.95,21.95,21.93,21.94,4444,2021-09-23 18:54:00,DADA
21.935,21.94,21.935,21.94,300,2021-09-23 18:55:00,DADA
21.94,22.0,21.94,21.995,5594,2021-09-23 18:56:00,DADA
21.995,22.005,21.98,21.98,13845,2021-09-23 18:57:00,DADA
21.98,21.98,21.94,21.94,2300,2021-09-23 18:58:00,DADA
21.935,21.935,21.92,21.92,400,2021-09-23 18:59:00,DADA
21.935,21.935,21.92,21.92,300,2021-09-23 19:00:00,DADA
21.92,21.92,21.92,21.92,200,2021-09-23 19:01:00,DADA
21.92,21.935,21.92,21.935,500,2021-09-23 19:02:00,DADA
21.92,21.935,21.91,21.91,2735,2021-09-23 19:03:00,DADA
21.9,21.9,21.9,21.9,300,2021-09-23 19:04:00,DADA
21.9,21.9,21.895,21.895,906,2021-09-23 19:05:00,DADA
21.88,21.88,21.88,21.88,100,2021-09-23 19:06:00,DADA
21.88,21.88,21.88,21.88,100,2021-09-23 19:08:00,DADA
21.88,21.88,21.87,21.88,1552,2021-09-23 19:09:00,DADA
21.88,21.88,21.88,21.88,100,2021-09-23 19:10:00,DADA
21.8935,21.8935,21.87,21.88,840,2021-09-23 19:11:00,DADA
21.89,21.9,21.87,21.88,2060,2021-09-23 19:13:00,DADA
21.89,21.9,21.88,21.9,1800,2021-09-23 19:14:00,DADA
21.88,21.89,21.88,21.89,1200,2021-09-23 19:16:00,DADA
21.88,21.88,21.875,21.88,400,2021-09-23 19:17:00,DADA
21.875,21.875,21.86,21.87,800,2021-09-23 19:18:00,DADA
21.8787,21.88,21.86,21.86,600,2021-09-23 19:19:00,DADA
21.86,21.86,21.86,21.86,100,2021-09-23 19:20:00,DADA
21.88,21.905,21.88,21.905,1839,2021-09-23 19:21:00,DADA
21.9025,21.96,21.9025,21.96,3030,2021-09-23 19:22:00,DADA
21.96,22.01,21.96,22.0,4490,2021-09-23 19:23:00,DADA
22.0138,22.0138,22.0138,22.0138,300,2021-09-23 19:24:00,DADA
21.99,21.99,21.98,21.985,2241,2021-09-23 19:26:00,DADA
21.98,21.98,21.975,21.975,1840,2021-09-23 19:27:00,DADA
21.98,22.0,21.98,22.0,1940,2021-09-23 19:28:00,DADA
22.005,22.02,22.005,22.02,690,2021-09-23 19:29:00,DADA
22.005,22.005,22.005,22.005,100,2021-09-23 19:30:00,DADA
22.005,22.005,21.99,21.99,300,2021-09-23 19:31:00,DADA
22.005,22.005,22.005,22.005,200,2021-09-23 19:32:00,DADA
21.99,22.005,21.99,22.005,700,2021-09-23 19:33:00,DADA
22.02,22.02,21.99,22.005,2491,2021-09-23 19:34:00,DADA
22.005,22.005,22.005,22.005,200,2021-09-23 19:35:00,DADA
22.02,22.02,21.985,21.99,4735,2021-09-23 19:37:00,DADA
22.0,22.01,22.0,22.0,1768,2021-09-23 19:38:00,DADA
22.0,22.0,22.0,22.0,1256,2021-09-23 19:39:00,DADA
22.0,22.01,22.0,22.0,500,2021-09-23 19:40:00,DADA
22.0,22.02,21.9901,22.01,4100,2021-09-23 19:41:00,DADA
21.99,22.01,21.98,22.0,6600,2021-09-23 19:42:00,DADA
22.006,22.01,21.99,21.999,2789,2021-09-23 19:43:00,DADA
21.995,22.0,21.99,21.995,845,2021-09-23 19:44:00,DADA
21.995,21.995,21.98,21.985,1843,2021-09-23 19:45:00,DADA
21.98,21.98,21.95,21.95,823,2021-09-23 19:46:00,DADA
21.95,21.96,21.95,21.96,300,2021-09-23 19:47:00,DADA
21.98,22.0,21.98,22.0,400,2021-09-23 19:48:00,DADA
21.99,21.99,21.97,21.97,1745,2021-09-23 19:49:00,DADA
21.97,21.97,21.945,21.97,1070,2021-09-23 19:50:00,DADA
21.97,21.97,21.94,21.94,1200,2021-09-23 19:52:00,DADA
21.96,22.0,21.96,22.0,2871,2021-09-23 19:53:00,DADA
22.0,22.0,21.96,22.0,8367,2021-09-23 19:54:00,DADA
21.99,21.99,21.95,21.955,4898,2021-09-23 19:55:00,DADA
21.95,21.97,21.95,21.96,5550,2021-09-23 19:56:00,DADA
21.96,21.96,21.93,21.96,6434,2021-09-23 19:57:00,DADA
21.96,21.98,21.96,21.975,8749,2021-09-23 19:58:00,DADA
21.98,22.01,21.96,21.97,15909,2021-09-23 19:59:00,DADA
22.0,22.0,22.0,22.0,67472,2021-09-23 20:00:00,DADA
21.99,21.99,21.99,21.99,100,2021-09-23 20:14:00,DADA
21.98,21.98,21.98,21.98,150,2021-09-23 20:30:00,DADA
21.98,21.98,21.98,21.98,150,2021-09-23 20:39:00,DADA
22.0,22.0,22.0,22.0,500,2021-09-23 21:31:00,DADA
21.87,21.87,21.86,21.86,1071,2021-09-23 22:33:00,DADA
21.59,21.6,21.59,21.6,200,2021-09-24 11:46:00,DADA
21.69,21.69,21.69,21.69,400,2021-09-24 11:49:00,DADA
21.69,21.69,21.69,21.69,100,2021-09-24 11:50:00,DADA
21.31,21.31,21.31,21.31,200,2021-09-24 12:15:00,DADA
21.3601,21.3601,21.36,21.36,200,2021-09-24 12:24:00,DADA
21.58,21.58,21.58,21.58,328,2021-09-24 12:33:00,DADA
21.58,21.58,21.58,21.58,110,2021-09-24 12:44:00,DADA
21.65,21.65,21.65,21.65,229,2021-09-24 12:46:00,DADA
21.39,21.39,21.35,21.39,400,2021-09-24 13:25:00,DADA
21.31,21.31,21.31,21.31,100,2021-09-24 13:27:00,DADA
21.3,21.31,21.3,21.31,633,2021-09-24 13:29:00,DADA
21.26,21.41,20.89,20.89,27055,2021-09-24 13:30:00,DADA
20.94,21.2338,20.935,21.23,7346,2021-09-24 13:31:00,DADA
21.15,21.15,20.76,20.835,10019,2021-09-24 13:32:00,DADA
20.835,20.9286,20.71,20.9286,13983,2021-09-24 13:33:00,DADA
20.88,20.88,20.77,20.8,3671,2021-09-24 13:34:00,DADA
20.84,20.84,20.8,20.84,1679,2021-09-24 13:35:00,DADA
20.9,20.9,20.71,20.71,10367,2021-09-24 13:36:00,DADA
20.71,20.822,20.71,20.822,6005,2021-09-24 13:37:00,DADA
20.8,20.8,20.76,20.76,500,2021-09-24 13:38:00,DADA
20.75,20.75,20.41,20.54,22931,2021-09-24 13:39:00,DADA
20.52,20.52,20.45,20.45,3149,2021-09-24 13:40:00,DADA
20.445,20.5,20.43,20.5,2002,2021-09-24 13:41:00,DADA
20.56,20.57,20.525,20.56,2683,2021-09-24 13:42:00,DADA
20.49,20.49,20.32,20.32,5202,2021-09-24 13:43:00,DADA
20.32,20.48,20.27,20.3993,4942,2021-09-24 13:44:00,DADA
20.4,20.4,20.25,20.25,4993,2021-09-24 13:45:00,DADA
20.24,20.32,20.24,20.29,2455,2021-09-24 13:46:00,DADA
20.29,20.29,20.28,20.28,2046,2021-09-24 13:47:00,DADA
20.25,20.25,20.15,20.2,7119,2021-09-24 13:48:00,DADA
20.2,20.289,20.2,20.24,2596,2021-09-24 13:49:00,DADA
20.2799,20.2799,20.17,20.22,5883,2021-09-24 13:50:00,DADA
20.22,20.22,20.19,20.19,3010,2021-09-24 13:51:00,DADA
20.2138,20.2138,20.06,20.11,4762,2021-09-24 13:52:00,DADA
20.155,20.155,20.155,20.155,2000,2021-09-24 13:53:00,DADA
20.184,20.2,20.1401,20.2,1118,2021-09-24 13:54:00,DADA
20.2,20.2,20.12,20.12,1050,2021-09-24 13:55:00,DADA
20.15,20.24,20.15,20.24,400,2021-09-24 13:56:00,DADA
20.2,20.2,20.14,20.1836,2857,2021-09-24 13:57:00,DADA
20.15,20.17,20.15,20.17,990,2021-09-24 13:58:00,DADA
20.17,20.2528,20.17,20.2528,496,2021-09-24 13:59:00,DADA
20.24,20.24,20.21,20.22,1404,2021-09-24 14:00:00,DADA
20.22,20.225,20.12,20.12,7216,2021-09-24 14:01:00,DADA
20.11,20.225,20.11,20.225,2210,2021-09-24 14:02:00,DADA
20.2366,20.4,20.2216,20.32,7164,2021-09-24 14:03:00,DADA
20.32,20.39,20.3,20.37,8510,2021-09-24 14:04:00,DADA
20.4,20.41,20.36,20.36,4930,2021-09-24 14:05:00,DADA
20.38,20.38,20.38,20.38,400,2021-09-24 14:06:00,DADA
20.38,20.48,20.38,20.475,1645,2021-09-24 14:07:00,DADA
20.51,20.55,20.51,20.545,700,2021-09-24 14:08:00,DADA
20.5,20.58,20.48,20.5799,8000,2021-09-24 14:09:00,DADA
20.58,20.58,20.5,20.538,4497,2021-09-24 14:10:00,DADA
20.51,20.51,20.49,20.49,1200,2021-09-24 14:11:00,DADA
20.48,20.54,20.47,20.54,4721,2021-09-24 14:12:00,DADA
20.54,20.54,20.54,20.54,200,2021-09-24 14:13:00,DADA
20.53,20.53,20.41,20.445,5368,2021-09-24 14:14:00,DADA
20.425,20.5,20.42,20.5,1080,2021-09-24 14:15:00,DADA
20.5,20.5,20.5,20.5,942,2021-09-24 14:17:00,DADA
20.55,20.57,20.55,20.57,774,2021-09-24 14:18:00,DADA
20.53,20.545,20.43,20.47,8105,2021-09-24 14:19:00,DADA
20.49,20.49,20.47,20.47,440,2021-09-24 14:20:00,DADA
20.48,20.5,20.48,20.5,1043,2021-09-24 14:21:00,DADA
20.58,20.66,20.54,20.57,15844,2021-09-24 14:22:00,DADA
20.58,20.62,20.54,20.56,12023,2021-09-24 14:23:00,DADA
20.55,20.59,20.55,20.59,1029,2021-09-24 14:24:00,DADA
20.595,20.61,20.55,20.57,1450,2021-09-24 14:26:00,DADA
20.57,20.57,20.57,20.57,315,2021-09-24 14:27:00,DADA
20.59,20.63,20.59,20.63,1500,2021-09-24 14:29:00,DADA
20.64,20.66,20.64,20.64,592,2021-09-24 14:30:00,DADA
20.63,20.63,20.6,20.601,6726,2021-09-24 14:31:00,DADA
20.6,20.64,20.6,20.64,800,2021-09-24 14:32:00,DADA
20.6,20.6185,20.5939,20.5939,1219,2021-09-24 14:33:00,DADA
20.62,20.62,20.62,20.62,191,2021-09-24 14:34:00,DADA
20.62,20.74,20.62,20.71,5923,2021-09-24 14:35:00,DADA
20.74,20.74,20.74,20.74,100,2021-09-24 14:36:00,DADA
20.76,20.76,20.76,20.76,475,2021-09-24 14:37:00,DADA
20.78,20.78,20.78,20.78,253,2021-09-24 14:38:00,DADA
20.79,20.79,20.79,20.79,100,2021-09-24 14:39:00,DADA
20.79,20.796,20.77,20.78,1575,2021-09-24 14:40:00,DADA
20.77,20.79,20.77,20.79,1460,2021-09-24 14:41:00,DADA
20.82,20.85,20.82,20.848,1342,2021-09-24 14:42:00,DADA
20.84,20.84,20.84,20.84,1313,2021-09-24 14:44:00,DADA
20.8686,20.89,20.8686,20.89,1047,2021-09-24 14:45:00,DADA
20.9,20.95,20.89,20.89,8558,2021-09-24 14:46:00,DADA
20.88,20.9,20.88,20.88,2581,2021-09-24 14:47:00,DADA
20.87,20.87,20.815,20.815,2218,2021-09-24 14:48:00,DADA
20.84,20.84,20.84,20.84,109,2021-09-24 14:49:00,DADA
20.87,20.87,20.87,20.87,2116,2021-09-24 14:53:00,DADA
20.87,20.9,20.835,20.835,6416,2021-09-24 14:54:00,DADA
20.858,20.858,20.858,20.858,200,2021-09-24 14:55:00,DADA
20.86,20.86,20.86,20.86,100,2021-09-24 14:56:00,DADA
20.85,20.85,20.77,20.77,2412,2021-09-24 14:57:00,DADA
20.76,20.76,20.72,20.73,1405,2021-09-24 14:58:00,DADA
20.72,20.72,20.72,20.72,100,2021-09-24 15:00:00,DADA
20.74,20.74,20.72,20.72,1517,2021-09-24 15:03:00,DADA
20.72,20.7227,20.66,20.6884,2629,2021-09-24 15:04:00,DADA
20.69,20.69,20.69,20.69,100,2021-09-24 15:05:00,DADA
20.675,20.68,20.64,20.64,1400,2021-09-24 15:07:00,DADA
20.61,20.61,20.55,20.55,750,2021-09-24 15:08:00,DADA
20.5826,20.5826,20.5826,20.5826,110,2021-09-24 15:10:00,DADA
20.62,20.635,20.6,20.635,4278,2021-09-24 15:12:00,DADA
20.62,20.62,20.62,20.62,100,2021-09-24 15:15:00,DADA
20.64,20.64,20.6,20.61,1250,2021-09-24 15:16:00,DADA
20.62,20.67,20.62,20.67,1229,2021-09-24 15:17:00,DADA
20.67,20.67,20.67,20.67,210,2021-09-24 15:18:00,DADA
20.68,20.68,20.68,20.68,741,2021-09-24 15:22:00,DADA
20.66,20.66,20.65,20.65,1300,2021-09-24 15:24:00,DADA
20.63,20.65,20.62,20.62,1900,2021-09-24 15:25:00,DADA
20.625,20.65,20.625,20.65,400,2021-09-24 15:26:00,DADA
20.65,20.67,20.64,20.67,1800,2021-09-24 15:27:00,DADA
20.6301,20.6301,20.6301,20.6301,800,2021-09-24 15:29:00,DADA
20.69,20.76,20.675,20.76,2343,2021-09-24 15:30:00,DADA
20.76,20.76,20.76,20.76,752,2021-09-24 15:31:00,DADA
20.78,20.78,20.745,20.745,1936,2021-09-24 15:32:00,DADA
20.76,20.76,20.745,20.745,1302,2021-09-24 15:33:00,DADA
20.76,20.77,20.76,20.76,2156,2021-09-24 15:34:00,DADA
20.79,20.8,20.79,20.8,1086,2021-09-24 15:35:00,DADA
20.8,20.815,20.79,20.815,1000,2021-09-24 15:38:00,DADA
20.815,20.84,20.815,20.84,200,2021-09-24 15:39:00,DADA
20.815,20.84,20.815,20.84,500,2021-09-24 15:40:00,DADA
20.84,20.84,20.83,20.83,200,2021-09-24 15:41:00,DADA
20.81,20.83,20.81,20.81,1100,2021-09-24 15:44:00,DADA
20.8,20.8,20.8,20.8,200,2021-09-24 15:45:00,DADA
20.8,20.84,20.8,20.81,800,2021-09-24 15:46:00,DADA
20.81,20.81,20.81,20.81,200,2021-09-24 15:47:00,DADA
20.81,20.84,20.81,20.84,200,2021-09-24 15:48:00,DADA
20.84,20.84,20.81,20.81,1858,2021-09-24 15:49:00,DADA
20.81,20.81,20.81,20.81,700,2021-09-24 15:50:00,DADA
20.8,20.82,20.79,20.805,2031,2021-09-24 15:51:00,DADA
20.79,20.79,20.79,20.79,200,2021-09-24 15:52:00,DADA
20.79,20.82,20.79,20.805,900,2021-09-24 15:53:00,DADA
20.79,20.79,20.79,20.79,100,2021-09-24 15:54:00,DADA
20.79,20.79,20.78,20.78,1429,2021-09-24 15:55:00,DADA
20.78,20.79,20.78,20.79,700,2021-09-24 15:56:00,DADA
20.78,20.78,20.78,20.78,200,2021-09-24 15:57:00,DADA
20.79,20.81,20.78,20.81,1560,2021-09-24 15:58:00,DADA
20.83,20.84,20.83,20.84,676,2021-09-24 16:00:00,DADA
20.84,20.84,20.84,20.84,100,2021-09-24 16:01:00,DADA
20.83,20.83,20.83,20.83,400,2021-09-24 16:02:00,DADA
20.84,20.84,20.8316,20.8316,1128,2021-09-24 16:05:00,DADA
20.82,20.83,20.82,20.83,3276,2021-09-24 16:07:00,DADA
20.81,20.81,20.75,20.75,1702,2021-09-24 16:08:00,DADA
20.73,20.73,20.73,20.73,200,2021-09-24 16:11:00,DADA
20.73,20.73,20.73,20.73,100,2021-09-24 16:12:00,DADA
20.73,20.73,20.73,20.73,200,2021-09-24 16:13:00,DADA
20.77,20.79,20.75,20.76,3476,2021-09-24 16:14:00,DADA
20.75,20.75,20.73,20.73,300,2021-09-24 16:15:00,DADA
20.73,20.73,20.73,20.73,100,2021-09-24 16:16:00,DADA
20.75,20.75,20.75,20.75,100,2021-09-24 16:17:00,DADA
20.73,20.74,20.7,20.7,3939,2021-09-24 16:18:00,DADA
20.72,20.72,20.72,20.72,1049,2021-09-24 16:19:00,DADA
20.71,20.71,20.7029,20.7029,400,2021-09-24 16:21:00,DADA
20.7,20.7,20.68,20.69,2205,2021-09-24 16:22:00,DADA
20.7,20.7,20.65,20.65,1893,2021-09-24 16:24:00,DADA
20.64,20.65,20.59,20.6,6943,2021-09-24 16:29:00,DADA
20.63,20.63,20.63,20.63,200,2021-09-24 16:34:00,DADA
20.63,20.63,20.625,20.625,600,2021-09-24 16:35:00,DADA
20.6,20.6,20.56,20.56,3385,2021-09-24 16:38:00,DADA
20.57,20.57,20.51,20.53,3284,2021-09-24 16:39:00,DADA
20.51,20.51,20.44,20.46,7526,2021-09-24 16:40:00,DADA
20.47,20.49,20.47,20.49,300,2021-09-24 16:41:00,DADA
20.47,20.47,20.47,20.47,227,2021-09-24 16:42:00,DADA
20.45,20.45,20.42,20.42,1049,2021-09-24 16:43:00,DADA
20.42,20.42,20.42,20.42,100,2021-09-24 16:44:00,DADA
20.42,20.42,20.32,20.32,6824,2021-09-24 16:45:00,DADA
20.33,20.34,20.26,20.26,2775,2021-09-24 16:46:00,DADA
20.265,20.2871,20.26,20.26,600,2021-09-24 16:47:00,DADA
20.28,20.28,20.26,20.26,1711,2021-09-24 16:48:00,DADA
20.25,20.3,20.25,20.3,4681,2021-09-24 16:49:00,DADA
20.3,20.34,20.295,20.295,1603,2021-09-24 16:50:00,DADA
20.28,20.28,20.25,20.25,500,2021-09-24 16:51:00,DADA
20.23,20.25,20.16,20.19,4087,2021-09-24 16:52:00,DADA
20.19,20.22,20.19,20.21,1024,2021-09-24 16:53:00,DADA
20.2131,20.2131,20.2131,20.2131,300,2021-09-24 16:54:00,DADA
20.22,20.22,20.18,20.18,1600,2021-09-24 16:55:00,DADA
20.195,20.2,20.18,20.18,1610,2021-09-24 16:56:00,DADA
20.165,20.2,20.15,20.17,5084,2021-09-24 16:57:00,DADA
20.199,20.21,20.185,20.2,4039,2021-09-24 16:58:00,DADA
20.2,20.2,20.2,20.2,247,2021-09-24 16:59:00,DADA
20.21,20.22,20.16,20.17,4125,2021-09-24 17:00:00,DADA
20.175,20.175,20.14,20.14,2736,2021-09-24 17:01:00,DADA
20.1438,20.15,20.1438,20.15,1400,2021-09-24 17:02:00,DADA
20.145,20.145,20.145,20.145,100,2021-09-24 17:03:00,DADA
20.13,20.13,20.08,20.08,12484,2021-09-24 17:05:00,DADA
20.11,20.14,20.11,20.135,1770,2021-09-24 17:06:00,DADA
20.14,20.14,20.14,20.14,540,2021-09-24 17:07:00,DADA
20.13,20.13,20.08,20.08,1100,2021-09-24 17:08:00,DADA
20.09,20.105,20.08,20.1,2628,2021-09-24 17:09:00,DADA
20.08,20.11,20.01,20.06,11001,2021-09-24 17:10:00,DADA
20.07,20.08,20.06,20.07,2608,2021-09-24 17:11:00,DADA
20.06,20.06,20.0445,20.05,2669,2021-09-24 17:12:00,DADA
20.03,20.048,19.95,20.04,9885,2021-09-24 17:13:00,DADA
20.03,20.05,19.95,20.03,26496,2021-09-24 17:15:00,DADA
20.06,20.1,20.01,20.03,6963,2021-09-24 17:16:00,DADA
20.03,20.08,20.02,20.08,2329,2021-09-24 17:17:00,DADA
20.085,20.12,20.06,20.11,9302,2021-09-24 17:18:00,DADA
20.14,20.15,20.115,20.12,803,2021-09-24 17:19:00,DADA
20.12,20.12,20.12,20.12,200,2021-09-24 17:20:00,DADA
20.11,20.11,20.09,20.1001,1350,2021-09-24 17:21:00,DADA
20.08,20.1,20.08,20.1,929,2021-09-24 17:22:00,DADA
20.09,20.1099,20.035,20.05,3955,2021-09-24 17:23:00,DADA
20.05,20.08,20.04,20.08,890,2021-09-24 17:25:00,DADA
20.05,20.0998,20.05,20.085,3170,2021-09-24 17:26:00,DADA
20.085,20.16,20.085,20.16,1414,2021-09-24 17:27:00,DADA
20.13,20.135,20.085,20.085,3296,2021-09-24 17:30:00,DADA
20.11,20.12,20.11,20.12,1918,2021-09-24 17:31:00,DADA
20.145,20.145,20.145,20.145,196,2021-09-24 17:32:00,DADA
20.145,20.16,20.14,20.14,1857,2021-09-24 17:34:00,DADA
20.135,20.135,20.09,20.09,2546,2021-09-24 17:35:00,DADA
20.09,20.16,20.09,20.16,2301,2021-09-24 17:36:00,DADA
20.1727,20.18,20.14,20.17,1526,2021-09-24 17:37:00,DADA
20.15,20.15,20.09,20.11,922,2021-09-24 17:38:00,DADA
20.11,20.14,20.09,20.12,2315,2021-09-24 17:39:00,DADA
20.115,20.13,20.115,20.115,760,2021-09-24 17:40:00,DADA
20.115,20.115,20.115,20.115,100,2021-09-24 17:41:00,DADA
20.12,20.15,20.09,20.15,1600,2021-09-24 17:42:00,DADA
20.17,20.21,20.16,20.21,2059,2021-09-24 17:43:00,DADA
20.21,20.21,20.21,20.21,1000,2021-09-24 17:44:00,DADA
20.21,20.228,20.2,20.228,820,2021-09-24 17:45:00,DADA
20.205,20.205,20.205,20.205,100,2021-09-24 17:46:00,DADA
20.18,20.22,20.17,20.22,3706,2021-09-24 17:48:00,DADA
20.22,20.26,20.22,20.26,992,2021-09-24 17:49:00,DADA
20.24,20.24,20.24,20.24,100,2021-09-24 17:50:00,DADA
20.25,20.28,20.25,20.28,1200,2021-09-24 17:51:00,DADA
20.28,20.28,20.26,20.26,200,2021-09-24 17:52:00,DADA
20.27,20.27,20.27,20.27,100,2021-09-24 17:53:00,DADA
20.26,20.28,20.252,20.252,1169,2021-09-24 17:54:00,DADA
20.24,20.24,20.22,20.22,2541,2021-09-24 17:55:00,DADA
20.21,20.22,20.21,20.21,3286,2021-09-24 17:56:00,DADA
20.23,20.25,20.19,20.2,7851,2021-09-24 17:57:00,DADA
20.2,20.2,20.1832,20.1832,200,2021-09-24 17:58:00,DADA
20.1892,20.2,20.17,20.19,6001,2021-09-24 18:00:00,DADA
20.18,20.18,20.17,20.17,500,2021-09-24 18:01:00,DADA
20.2,20.2,20.195,20.195,729,2021-09-24 18:02:00,DADA
20.2,20.2,20.2,20.2,200,2021-09-24 18:03:00,DADA
20.22,20.22,20.17,20.17,600,2021-09-24 18:04:00,DADA
20.22,20.22,20.22,20.22,200,2021-09-24 18:05:00,DADA
20.19,20.19,20.19,20.19,100,2021-09-24 18:07:00,DADA
20.19,20.2121,20.19,20.2121,300,2021-09-24 18:08:00,DADA
20.19,20.19,20.19,20.19,100,2021-09-24 18:09:00,DADA
20.19,20.2,20.12,20.14,3265,2021-09-24 18:10:00,DADA
20.14,20.14,20.12,20.12,547,2021-09-24 18:11:00,DADA
20.12,20.13,20.12,20.13,400,2021-09-24 18:12:00,DADA
20.12,20.12,20.12,20.12,200,2021-09-24 18:13:00,DADA
20.14,20.14,20.12,20.12,400,2021-09-24 18:14:00,DADA
20.14,20.14,20.1,20.115,2000,2021-09-24 18:15:00,DADA
20.13,20.15,20.115,20.15,2357,2021-09-24 18:16:00,DADA
20.145,20.17,20.145,20.17,595,2021-09-24 18:17:00,DADA
20.17,20.17,20.17,20.17,300,2021-09-24 18:18:00,DADA
20.179,20.18,20.155,20.18,1060,2021-09-24 18:19:00,DADA
20.2,20.21,20.2,20.2,600,2021-09-24 18:21:00,DADA
20.2,20.25,20.2,20.25,1128,2021-09-24 18:22:00,DADA
20.2502,20.2502,20.23,20.25,1700,2021-09-24 18:23:00,DADA
20.23,20.235,20.21,20.21,2710,2021-09-24 18:24:00,DADA
20.22,20.22,20.19,20.19,1400,2021-09-24 18:25:00,DADA
20.22,20.22,20.22,20.22,900,2021-09-24 18:28:00,DADA
20.2,20.2,20.2,20.2,476,2021-09-24 18:29:00,DADA
20.2166,20.2166,20.19,20.19,1808,2021-09-24 18:30:00,DADA
20.19,20.19,20.19,20.19,200,2021-09-24 18:31:00,DADA
20.2,20.2,20.2,20.2,500,2021-09-24 18:32:00,DADA
20.2,20.2,20.2,20.2,200,2021-09-24 18:33:00,DADA
20.21,20.21,20.21,20.21,500,2021-09-24 18:34:00,DADA
20.22,20.22,20.22,20.22,200,2021-09-24 18:35:00,DADA
20.22,20.23,20.22,20.23,600,2021-09-24 18:36:00,DADA
20.25,20.25,20.25,20.25,1649,2021-09-24 18:41:00,DADA
20.2542,20.2542,20.2542,20.2542,500,2021-09-24 18:42:00,DADA
20.24,20.24,20.22,20.22,6970,2021-09-24 18:43:00,DADA
20.23,20.25,20.23,20.25,400,2021-09-24 18:45:00,DADA
20.235,20.235,20.235,20.235,100,2021-09-24 18:46:00,DADA
20.235,20.235,20.235,20.235,100,2021-09-24 18:47:00,DADA
20.22,20.22,20.17,20.18,3872,2021-09-24 18:48:00,DADA
20.2,20.2,20.18,20.19,2282,2021-09-24 18:49:00,DADA
20.2,20.24,20.2,20.22,1068,2021-09-24 18:51:00,DADA
20.24,20.24,20.24,20.24,200,2021-09-24 18:52:00,DADA
20.24,20.24,20.24,20.24,100,2021-09-24 18:53:00,DADA
20.23,20.23,20.22,20.22,2228,2021-09-24 18:55:00,DADA
20.2342,20.245,20.2342,20.245,600,2021-09-24 18:56:00,DADA
20.23,20.23,20.23,20.23,322,2021-09-24 18:57:00,DADA
20.25,20.26,20.25,20.25,1619,2021-09-24 18:59:00,DADA
20.25,20.25,20.25,20.25,600,2021-09-24 19:00:00,DADA
20.27,20.27,20.26,20.27,2017,2021-09-24 19:02:00,DADA
20.25,20.26,20.25,20.25,1177,2021-09-24 19:03:00,DADA
20.25,20.25,20.23,20.23,2800,2021-09-24 19:05:00,DADA
20.235,20.235,20.235,20.235,100,2021-09-24 19:06:00,DADA
20.22,20.22,20.2,20.2,1583,2021-09-24 19:08:00,DADA
20.2,20.2,20.19,20.2,2716,2021-09-24 19:09:00,DADA
20.19,20.19,20.18,20.18,400,2021-09-24 19:10:00,DADA
20.1714,20.1714,20.1714,20.1714,290,2021-09-24 19:11:00,DADA
20.17,20.17,20.17,20.17,500,2021-09-24 19:13:00,DADA
20.17,20.1985,20.17,20.17,1600,2021-09-24 19:14:00,DADA
20.175,20.175,20.15,20.15,200,2021-09-24 19:15:00,DADA
20.15,20.17,20.14,20.15,600,2021-09-24 19:16:00,DADA
20.14,20.16,20.14,20.16,552,2021-09-24 19:17:00,DADA
20.14,20.16,20.14,20.15,2019,2021-09-24 19:18:00,DADA
20.17,20.19,20.17,20.19,2832,2021-09-24 19:19:00,DADA
20.19,20.2,20.19,20.2,232,2021-09-24 19:20:00,DADA
20.2062,20.27,20.18,20.25,8618,2021-09-24 19:21:00,DADA
20.24,20.28,20.23,20.255,3488,2021-09-24 19:22:00,DADA
20.27,20.28,20.27,20.28,830,2021-09-24 19:23:00,DADA
20.28,20.29,20.28,20.285,4078,2021-09-24 19:24:00,DADA
20.299,20.3,20.29,20.299,800,2021-09-24 19:25:00,DADA
20.3,20.31,20.24,20.26,8582,2021-09-24 19:26:00,DADA
20.25,20.25,20.24,20.24,896,2021-09-24 19:27:00,DADA
20.22,20.22,20.15,20.16,2411,2021-09-24 19:28:00,DADA
20.14,20.17,20.1,20.15,5935,2021-09-24 19:29:00,DADA
20.135,20.135,20.07,20.07,4076,2021-09-24 19:30:00,DADA
20.08,20.09,20.05,20.07,5230,2021-09-24 19:31:00,DADA
20.04,20.1,20.04,20.06,12211,2021-09-24 19:32:00,DADA
20.07,20.08,20.05,20.07,2160,2021-09-24 19:33:00,DADA
20.09,20.108,20.06,20.06,5082,2021-09-24 19:34:00,DADA
20.05,20.07,20.04,20.05,4728,2021-09-24 19:35:00,DADA
20.07,20.08,20.07,20.08,400,2021-09-24 19:36:00,DADA
20.12,20.13,20.09,20.1099,2202,2021-09-24 19:38:00,DADA
20.09,20.11,20.09,20.09,1749,2021-09-24 19:39:00,DADA
20.11,20.11,20.1,20.1,400,2021-09-24 19:40:00,DADA
20.08,20.09,20.07,20.09,2799,2021-09-24 19:41:00,DADA
20.07,20.0865,20.07,20.07,300,2021-09-24 19:42:00,DADA
20.07,20.07,20.045,20.07,7694,2021-09-24 19:43:00,DADA
20.08,20.1,20.08,20.1,1536,2021-09-24 19:44:00,DADA
20.09,20.09,20.04,20.05,6547,2021-09-24 19:45:00,DADA
20.05,20.1,20.05,20.09,2322,2021-09-24 19:46:00,DADA
20.09,20.09,20.06,20.07,2206,2021-09-24 19:47:00,DADA
20.07,20.08,20.07,20.07,1636,2021-09-24 19:48:00,DADA
20.08,20.08,20.04,20.0401,6513,2021-09-24 19:49:00,DADA
20.06,20.06,20.03,20.04,8869,2021-09-24 19:50:00,DADA
20.04,20.07,20.0,20.0,11013,2021-09-24 19:51:00,DADA
20.01,20.0503,20.0,20.0503,3426,2021-09-24 19:52:00,DADA
20.03,20.03,20.0171,20.03,700,2021-09-24 19:53:00,DADA
20.0412,20.0412,19.9826,19.9917,9520,2021-09-24 19:54:00,DADA
20.0,20.0,19.99,19.9999,5354,2021-09-24 19:55:00,DADA
20.0,20.0,19.99,20.0,10066,2021-09-24 19:56:00,DADA
20.0,20.02,19.99,20.0,9565,2021-09-24 19:57:00,DADA
20.01,20.01,19.98,19.98,11128,2021-09-24 19:58:00,DADA
19.99,20.04,19.99,20.01,15707,2021-09-24 19:59:00,DADA
20.04,20.04,20.04,20.04,44922,2021-09-24 20:00:00,DADA
20.04,20.04,20.04,20.04,150,2021-09-24 21:01:00,DADA
20.1,20.1,20.1,20.1,100,2021-09-24 21:36:00,DADA
20.18,20.18,20.18,20.18,495,2021-09-24 22:18:00,DADA
20.19,20.19,20.19,20.19,191,2021-09-24 23:51:00,DADA
20.34,20.34,20.34,20.34,250,2021-09-27 08:11:00,DADA
20.3,20.3,20.3,20.3,200,2021-09-27 08:52:00,DADA
20.7,20.7,20.7,20.7,1240,2021-09-27 09:26:00,DADA
20.61,20.61,20.61,20.61,100,2021-09-27 09:33:00,DADA
20.5,20.5,20.5,20.5,100,2021-09-27 10:03:00,DADA
20.67,20.67,20.67,20.67,100,2021-09-27 10:31:00,DADA
20.3,20.3,20.26,20.26,378,2021-09-27 11:20:00,DADA
20.14,20.14,20.14,20.14,100,2021-09-27 11:21:00,DADA
20.1,20.1,20.0,20.02,8880,2021-09-27 12:12:00,DADA
20.0,20.0,20.0,20.0,400,2021-09-27 12:13:00,DADA
20.19,20.19,20.19,20.19,100,2021-09-27 12:21:00,DADA
20.2,20.2,20.2,20.2,130,2021-09-27 12:48:00,DADA
20.19,20.19,20.19,20.19,500,2021-09-27 13:04:00,DADA
20.19,20.19,20.19,20.19,500,2021-09-27 13:12:00,DADA
20.19,20.19,20.19,20.19,300,2021-09-27 13:25:00,DADA
20.15,20.22,20.03,20.07,19132,2021-09-27 13:30:00,DADA
20.02,20.095,20.0044,20.0044,700,2021-09-27 13:31:00,DADA
20.0733,20.0733,19.87,19.87,2476,2021-09-27 13:32:00,DADA
19.89,19.89,19.83,19.845,1800,2021-09-27 13:33:00,DADA
19.8892,19.8892,19.78,19.78,2400,2021-09-27 13:34:00,DADA
19.84,19.84,19.75,19.76,1900,2021-09-27 13:35:00,DADA
19.8,19.89,19.8,19.89,624,2021-09-27 13:36:00,DADA
19.85,19.89,19.77,19.835,14113,2021-09-27 13:37:00,DADA
19.8001,19.86,19.76,19.76,6577,2021-09-27 13:38:00,DADA
19.761,19.818,19.76,19.818,700,2021-09-27 13:39:00,DADA
19.79,19.855,19.79,19.855,3572,2021-09-27 13:40:00,DADA
19.86,19.86,19.82,19.82,1300,2021-09-27 13:41:00,DADA
19.82,19.965,19.7901,19.965,13000,2021-09-27 13:42:00,DADA
19.98,20.165,19.98,20.09,6757,2021-09-27 13:43:00,DADA
20.09,20.17,20.09,20.09,4824,2021-09-27 13:44:00,DADA
20.12,20.34,20.12,20.175,12881,2021-09-27 13:45:00,DADA
20.21,20.21,20.09,20.15,6628,2021-09-27 13:46:00,DADA
20.175,20.22,20.175,20.21,1198,2021-09-27 13:47:00,DADA
20.25,20.32,20.245,20.31,4147,2021-09-27 13:48:00,DADA
20.355,20.355,20.31,20.32,2654,2021-09-27 13:49:00,DADA
20.31,20.315,20.27,20.315,2651,2021-09-27 13:50:00,DADA
20.28,20.28,20.14,20.19,6152,2021-09-27 13:52:00,DADA
20.16,20.16,20.075,20.075,1167,2021-09-27 13:53:00,DADA
20.05,20.09,20.03,20.09,1312,2021-09-27 13:54:00,DADA
20.09,20.1,20.04,20.04,2300,2021-09-27 13:55:00,DADA
20.03,20.2,20.02,20.12,29866,2021-09-27 13:56:00,DADA
20.13,20.14,20.1,20.13,3143,2021-09-27 13:57:00,DADA
20.16,20.16,20.12,20.12,913,2021-09-27 13:58:00,DADA
20.11,20.13,20.1,20.1,535,2021-09-27 13:59:00,DADA
20.09,20.11,20.08,20.1,2076,2021-09-27 14:00:00,DADA
20.09,20.14,20.09,20.14,1118,2021-09-27 14:01:00,DADA
20.12,20.15,20.12,20.149,1140,2021-09-27 14:02:00,DADA
20.13,20.21,20.13,20.21,2470,2021-09-27 14:03:00,DADA
20.23,20.23,20.12,20.12,5007,2021-09-27 14:04:00,DADA
20.08,20.14,20.08,20.14,619,2021-09-27 14:05:00,DADA
20.21,20.25,20.21,20.245,1997,2021-09-27 14:06:00,DADA
20.255,20.3,20.24,20.24,2984,2021-09-27 14:07:00,DADA
20.265,20.3,20.265,20.28,1944,2021-09-27 14:08:00,DADA
20.28,20.28,20.28,20.28,100,2021-09-27 14:09:00,DADA
20.3,20.33,20.3,20.33,434,2021-09-27 14:10:00,DADA
20.34,20.35,20.34,20.35,200,2021-09-27 14:11:00,DADA
20.35,20.38,20.25,20.26,10025,2021-09-27 14:12:00,DADA
20.2496,20.2496,20.16,20.24,2312,2021-09-27 14:13:00,DADA
20.26,20.26,20.26,20.26,100,2021-09-27 14:14:00,DADA
20.26,20.275,20.26,20.275,200,2021-09-27 14:15:00,DADA
20.28,20.42,20.28,20.39,5479,2021-09-27 14:16:00,DADA
20.39,20.39,20.36,20.375,1583,2021-09-27 14:17:00,DADA
20.36,20.39,20.36,20.36,1869,2021-09-27 14:18:00,DADA
20.35,20.4,20.35,20.38,3733,2021-09-27 14:19:00,DADA
20.38,20.415,20.38,20.415,500,2021-09-27 14:21:00,DADA
20.39,20.42,20.38,20.42,4468,2021-09-27 14:22:00,DADA
20.49,20.54,20.49,20.535,1139,2021-09-27 14:23:00,DADA
20.545,20.55,20.51,20.51,1817,2021-09-27 14:24:00,DADA
20.5,20.5,20.41,20.42,2502,2021-09-27 14:25:00,DADA
20.38,20.47,20.38,20.47,2323,2021-09-27 14:26:00,DADA
20.465,20.465,20.465,20.465,100,2021-09-27 14:27:00,DADA
20.465,20.465,20.44,20.455,1291,2021-09-27 14:29:00,DADA
20.46,20.49,20.46,20.47,2941,2021-09-27 14:30:00,DADA
20.46,20.46,20.35,20.35,6634,2021-09-27 14:31:00,DADA
20.38,20.4061,20.38,20.39,676,2021-09-27 14:32:00,DADA
20.41,20.425,20.38,20.425,1100,2021-09-27 14:33:00,DADA
20.45,20.49,20.45,20.49,2554,2021-09-27 14:35:00,DADA
20.47,20.475,20.47,20.47,662,2021-09-27 14:36:00,DADA
20.49,20.54,20.48,20.54,1740,2021-09-27 14:37:00,DADA
20.59,20.6499,20.59,20.6499,2432,2021-09-27 14:38:00,DADA
20.64,20.64,20.58,20.58,2803,2021-09-27 14:39:00,DADA
20.57,20.57,20.51,20.54,3463,2021-09-27 14:40:00,DADA
20.565,20.57,20.565,20.57,230,2021-09-27 14:41:00,DADA
20.59,20.61,20.59,20.61,531,2021-09-27 14:42:00,DADA
20.65,20.65,20.65,20.65,200,2021-09-27 14:43:00,DADA
20.66,20.78,20.65,20.69,8831,2021-09-27 14:44:00,DADA
20.69,20.69,20.69,20.69,121,2021-09-27 14:45:00,DADA
20.725,20.725,20.69,20.71,893,2021-09-27 14:46:00,DADA
20.71,20.71,20.71,20.71,100,2021-09-27 14:47:00,DADA
20.75,20.75,20.75,20.75,510,2021-09-27 14:48:00,DADA
20.74,20.74,20.67,20.67,2838,2021-09-27 14:49:00,DADA
20.67,20.67,20.67,20.67,100,2021-09-27 14:50:00,DADA
20.6754,20.685,20.6754,20.6768,1054,2021-09-27 14:51:00,DADA
20.68,20.71,20.68,20.71,1017,2021-09-27 14:52:00,DADA
20.73,20.73,20.73,20.73,100,2021-09-27 14:54:00,DADA
20.72,20.72,20.62,20.62,10705,2021-09-27 14:55:00,DADA
20.63,20.685,20.63,20.66,1400,2021-09-27 14:56:00,DADA
20.6601,20.6601,20.56,20.57,3538,2021-09-27 14:57:00,DADA
20.55,20.55,20.4696,20.47,5052,2021-09-27 14:58:00,DADA
20.48,20.49,20.46,20.475,1866,2021-09-27 14:59:00,DADA
20.475,20.51,20.475,20.5,2832,2021-09-27 15:00:00,DADA
20.49,20.49,20.26,20.32,37298,2021-09-27 15:01:00,DADA
20.345,20.37,20.3,20.3075,4062,2021-09-27 15:02:00,DADA
20.295,20.295,20.285,20.285,2200,2021-09-27 15:03:00,DADA
20.27,20.32,20.25,20.295,4045,2021-09-27 15:04:00,DADA
20.28,20.31,20.2,20.2,11958,2021-09-27 15:05:00,DADA
20.24,20.24,20.17,20.21,6301,2021-09-27 15:06:00,DADA
20.2,20.21,20.08,20.21,7684,2021-09-27 15:07:00,DADA
20.3,20.3,20.27,20.27,1621,2021-09-27 15:08:00,DADA
20.28,20.28,20.16,20.16,5441,2021-09-27 15:09:00,DADA
20.16,20.23,20.15,20.23,10777,2021-09-27 15:10:00,DADA
20.25,20.27,20.19,20.2,8214,2021-09-27 15:11:00,DADA
20.2,20.201,20.12,20.14,6371,2021-09-27 15:12:00,DADA
20.1625,20.19,20.125,20.19,7781,2021-09-27 15:13:00,DADA
20.225,20.235,20.21,20.22,1610,2021-09-27 15:14:00,DADA
20.225,20.25,20.22,20.23,2613,2021-09-27 15:15:00,DADA
20.25,20.3,20.2475,20.28,2522,2021-09-27 15:16:00,DADA
20.28,20.29,20.26,20.26,1410,2021-09-27 15:17:00,DADA
20.25,20.265,20.18,20.19,9179,2021-09-27 15:18:00,DADA
20.24,20.25,20.23,20.235,1894,2021-09-27 15:19:00,DADA
20.3,20.3,20.24,20.25,5576,2021-09-27 15:20:00,DADA
20.24,20.24,20.22,20.225,1261,2021-09-27 15:21:00,DADA
20.23,20.27,20.23,20.26,2911,2021-09-27 15:22:00,DADA
20.2618,20.28,20.17,20.17,4222,2021-09-27 15:23:00,DADA
20.2255,20.2255,20.17,20.19,3039,2021-09-27 15:24:00,DADA
20.18,20.18,20.16,20.16,900,2021-09-27 15:25:00,DADA
20.17,20.19,20.15,20.15,927,2021-09-27 15:26:00,DADA
20.16,20.16,20.15,20.15,1087,2021-09-27 15:27:00,DADA
20.14,20.15,20.1,20.1,3004,2021-09-27 15:28:00,DADA
20.09,20.1197,20.08,20.11,3571,2021-09-27 15:29:00,DADA
20.11,20.15,20.105,20.11,2150,2021-09-27 15:30:00,DADA
20.18,20.18,20.18,20.18,100,2021-09-27 15:31:00,DADA
20.25,20.25,20.25,20.25,300,2021-09-27 15:32:00,DADA
20.25,20.3,20.19,20.205,5675,2021-09-27 15:33:00,DADA
20.205,20.24,20.195,20.21,4000,2021-09-27 15:34:00,DADA
20.215,20.215,20.215,20.215,100,2021-09-27 15:35:00,DADA
20.19,20.19,20.13,20.13,1800,2021-09-27 15:36:00,DADA
20.15,20.16,20.12,20.15,1714,2021-09-27 15:37:00,DADA
20.15,20.15,20.15,20.15,200,2021-09-27 15:38:00,DADA
20.12,20.12,20.1101,20.1101,200,2021-09-27 15:39:00,DADA
20.13,20.19,20.13,20.15,1037,2021-09-27 15:40:00,DADA
20.1591,20.1591,20.08,20.11,2758,2021-09-27 15:41:00,DADA
20.135,20.16,20.12,20.14,1637,2021-09-27 15:42:00,DADA
20.13,20.15,20.12,20.14,1379,2021-09-27 15:43:00,DADA
20.14,20.15,20.13,20.15,437,2021-09-27 15:44:00,DADA
20.13,20.13,20.06,20.08,9511,2021-09-27 15:45:00,DADA
20.05,20.07,20.05,20.07,4836,2021-09-27 15:46:00,DADA
20.07,20.14,20.07,20.14,2300,2021-09-27 15:47:00,DADA
20.18,20.19,20.165,20.165,400,2021-09-27 15:48:00,DADA
20.19,20.25,20.19,20.25,2489,2021-09-27 15:49:00,DADA
20.21,20.24,20.21,20.23,1462,2021-09-27 15:50:00,DADA
20.23,20.23,20.17,20.2,3529,2021-09-27 15:51:00,DADA
20.21,20.21,20.21,20.21,447,2021-09-27 15:52:00,DADA
20.245,20.245,20.23,20.23,200,2021-09-27 15:53:00,DADA
20.24,20.24,20.2,20.2,3429,2021-09-27 15:54:00,DADA
20.21,20.265,20.21,20.265,1222,2021-09-27 15:55:00,DADA
20.27,20.27,20.27,20.27,100,2021-09-27 15:56:00,DADA
20.25,20.3,20.18,20.3,4412,2021-09-27 15:57:00,DADA
20.3,20.3,20.3,20.3,200,2021-09-27 15:58:00,DADA
20.302,20.302,20.302,20.302,150,2021-09-27 15:59:00,DADA
20.3,20.32,20.3,20.32,634,2021-09-27 16:00:00,DADA
20.27,20.27,20.17,20.175,3247,2021-09-27 16:01:00,DADA
20.19,20.23,20.15,20.21,8100,2021-09-27 16:02:00,DADA
20.18,20.19,20.18,20.19,1055,2021-09-27 16:03:00,DADA
20.215,20.215,20.215,20.215,136,2021-09-27 16:04:00,DADA
20.23,20.24,20.21,20.24,1550,2021-09-27 16:06:00,DADA
20.21,20.21,20.21,20.21,200,2021-09-27 16:07:00,DADA
20.23,20.23,20.19,20.19,1013,2021-09-27 16:08:00,DADA
20.191,20.195,20.11,20.11,4297,2021-09-27 16:09:00,DADA
20.1325,20.1325,20.11,20.1175,765,2021-09-27 16:10:00,DADA
20.15,20.15,20.13,20.13,904,2021-09-27 16:11:00,DADA
20.13,20.13,20.116,20.116,900,2021-09-27 16:12:00,DADA
20.11,20.125,20.1,20.125,1230,2021-09-27 16:13:00,DADA
20.13,20.13,20.13,20.13,100,2021-09-27 16:14:00,DADA
20.11,20.11,20.08,20.08,1200,2021-09-27 16:15:00,DADA
20.07,20.1,20.07,20.1,1715,2021-09-27 16:16:00,DADA
20.1325,20.15,20.125,20.125,413,2021-09-27 16:17:00,DADA
20.15,20.15,20.15,20.15,100,2021-09-27 16:19:00,DADA
20.12,20.12,20.1,20.11,2416,2021-09-27 16:20:00,DADA
20.12,20.12,20.12,20.12,100,2021-09-27 16:21:00,DADA
20.12,20.12,20.12,20.12,100,2021-09-27 16:22:00,DADA
20.12,20.12,20.11,20.11,1158,2021-09-27 16:24:00,DADA
20.1,20.1,20.08,20.08,1607,2021-09-27 16:25:00,DADA
20.06,20.075,20.05,20.075,1100,2021-09-27 16:26:00,DADA
20.0905,20.1,20.08,20.08,1255,2021-09-27 16:27:00,DADA
20.08,20.08,20.08,20.08,130,2021-09-27 16:28:00,DADA
20.1,20.1,20.1,20.1,1054,2021-09-27 16:29:00,DADA
20.1,20.1,20.09,20.09,673,2021-09-27 16:31:00,DADA
20.09,20.1,20.09,20.1,877,2021-09-27 16:32:00,DADA
20.1321,20.1321,20.1,20.1,2852,2021-09-27 16:33:00,DADA
20.11,20.11,20.09,20.09,900,2021-09-27 16:34:00,DADA
20.08,20.08,20.06,20.065,852,2021-09-27 16:35:00,DADA
20.1,20.105,20.09,20.105,1643,2021-09-27 16:36:00,DADA
20.1127,20.12,20.105,20.12,1392,2021-09-27 16:37:00,DADA
20.12,20.14,20.11,20.11,2435,2021-09-27 16:38:00,DADA
20.11,20.1199,20.1,20.11,1641,2021-09-27 16:39:00,DADA
20.1,20.1,20.09,20.09,2349,2021-09-27 16:40:00,DADA
20.1,20.17,20.08,20.17,3770,2021-09-27 16:41:00,DADA
20.17,20.17,20.14,20.14,200,2021-09-27 16:42:00,DADA
20.15,20.15,20.14,20.15,897,2021-09-27 16:43:00,DADA
20.14,20.14,20.14,20.14,200,2021-09-27 16:44:00,DADA
20.14,20.17,20.1,20.11,1961,2021-09-27 16:45:00,DADA
20.12,20.12,20.12,20.12,1100,2021-09-27 16:46:00,DADA
20.125,20.125,20.12,20.12,930,2021-09-27 16:47:00,DADA
20.12,20.12,20.12,20.12,300,2021-09-27 16:48:00,DADA
20.12,20.12,20.095,20.095,500,2021-09-27 16:49:00,DADA
20.08,20.08,20.07,20.08,540,2021-09-27 16:50:00,DADA
20.1,20.11,20.1,20.11,1951,2021-09-27 16:51:00,DADA
20.1,20.1,20.1,20.1,100,2021-09-27 16:52:00,DADA
20.09,20.12,20.09,20.105,740,2021-09-27 16:53:00,DADA
20.09,20.105,20.09,20.105,500,2021-09-27 16:55:00,DADA
20.09,20.11,20.08,20.1,4292,2021-09-27 16:56:00,DADA
20.1,20.11,20.09,20.1,3658,2021-09-27 16:57:00,DADA
20.08,20.1,20.08,20.09,1447,2021-09-27 16:58:00,DADA
20.08,20.08,20.08,20.08,311,2021-09-27 16:59:00,DADA
20.07,20.08,20.04,20.05,1979,2021-09-27 17:00:00,DADA
20.07,20.07,20.06,20.07,1044,2021-09-27 17:01:00,DADA
20.075,20.075,20.075,20.075,100,2021-09-27 17:02:00,DADA
20.075,20.075,20.075,20.075,200,2021-09-27 17:04:00,DADA
20.09,20.1,20.09,20.09,850,2021-09-27 17:05:00,DADA
20.085,20.119,20.085,20.119,500,2021-09-27 17:06:00,DADA
20.1,20.12,20.09,20.09,958,2021-09-27 17:07:00,DADA
20.105,20.105,20.09,20.09,200,2021-09-27 17:08:00,DADA
20.105,20.105,20.105,20.105,100,2021-09-27 17:09:00,DADA
20.09,20.09,20.08,20.08,1987,2021-09-27 17:10:00,DADA
20.09,20.1,20.085,20.1,2158,2021-09-27 17:11:00,DADA
20.14,20.14,20.14,20.14,600,2021-09-27 17:14:00,DADA
20.19,20.19,20.17,20.17,1395,2021-09-27 17:15:00,DADA
20.205,20.23,20.205,20.21,1700,2021-09-27 17:16:00,DADA
20.2,20.2,20.18,20.2,617,2021-09-27 17:17:00,DADA
20.21,20.21,20.19,20.2,1820,2021-09-27 17:18:00,DADA
20.19,20.19,20.17,20.19,2773,2021-09-27 17:19:00,DADA
20.17,20.19,20.17,20.17,1200,2021-09-27 17:21:00,DADA
20.19,20.19,20.19,20.19,769,2021-09-27 17:22:00,DADA
20.19,20.2,20.18,20.2,1820,2021-09-27 17:23:00,DADA
20.21,20.2231,20.16,20.16,11060,2021-09-27 17:24:00,DADA
20.16,20.2,20.1,20.2,11930,2021-09-27 17:25:00,DADA
20.185,20.189,20.1,20.16,8481,2021-09-27 17:26:00,DADA
20.21,20.22,20.19,20.2198,4246,2021-09-27 17:27:00,DADA
20.215,20.24,20.2,20.2,6186,2021-09-27 17:28:00,DADA
20.21,20.21,20.21,20.21,100,2021-09-27 17:29:00,DADA
20.24,20.25,20.23,20.24,2199,2021-09-27 17:30:00,DADA
20.24,20.24,20.24,20.24,700,2021-09-27 17:31:00,DADA
20.2761,20.28,20.24,20.28,1764,2021-09-27 17:32:00,DADA
20.28,20.31,20.28,20.29,3457,2021-09-27 17:33:00,DADA
20.3,20.34,20.255,20.255,4325,2021-09-27 17:34:00,DADA
20.28,20.28,20.24,20.25,1837,2021-09-27 17:35:00,DADA
20.25,20.29,20.25,20.28,4520,2021-09-27 17:36:00,DADA
20.32,20.45,20.32,20.4101,5116,2021-09-27 17:37:00,DADA
20.41,20.41,20.35,20.35,2278,2021-09-27 17:38:00,DADA
20.42,20.45,20.42,20.43,2119,2021-09-27 17:39:00,DADA
20.415,20.415,20.415,20.415,100,2021-09-27 17:40:00,DADA
20.415,20.45,20.415,20.45,1200,2021-09-27 17:41:00,DADA
20.44,20.44,20.44,20.44,100,2021-09-27 17:42:00,DADA
20.425,20.43,20.425,20.43,1100,2021-09-27 17:43:00,DADA
20.41,20.42,20.4,20.41,1335,2021-09-27 17:44:00,DADA
20.39,20.39,20.37,20.38,1462,2021-09-27 17:45:00,DADA
20.365,20.38,20.365,20.38,520,2021-09-27 17:46:00,DADA
20.395,20.41,20.395,20.41,400,2021-09-27 17:47:00,DADA
20.439,20.44,20.43,20.44,1000,2021-09-27 17:49:00,DADA
20.4,20.4,20.39,20.39,585,2021-09-27 17:50:00,DADA
20.42,20.42,20.42,20.42,816,2021-09-27 17:51:00,DADA
20.42,20.42,20.39,20.39,899,2021-09-27 17:52:00,DADA
20.42,20.42,20.32,20.32,5893,2021-09-27 17:53:00,DADA
20.37,20.38,20.355,20.38,1989,2021-09-27 17:54:00,DADA
20.42,20.51,20.42,20.45,2737,2021-09-27 17:55:00,DADA
20.47,20.47,20.47,20.47,283,2021-09-27 17:56:00,DADA
20.45,20.45,20.45,20.45,300,2021-09-27 17:57:00,DADA
20.4473,20.4473,20.4473,20.4473,1000,2021-09-27 17:58:00,DADA
20.435,20.435,20.41,20.41,1320,2021-09-27 17:59:00,DADA
20.4,20.44,20.4,20.44,1045,2021-09-27 18:00:00,DADA
20.41,20.41,20.38,20.4,1772,2021-09-27 18:01:00,DADA
20.41,20.43,20.384,20.39,1000,2021-09-27 18:02:00,DADA
20.403,20.415,20.4,20.4,540,2021-09-27 18:04:00,DADA
20.395,20.41,20.38,20.38,1254,2021-09-27 18:05:00,DADA
20.37,20.42,20.37,20.42,1995,2021-09-27 18:06:00,DADA
20.3834,20.3834,20.3834,20.3834,912,2021-09-27 18:07:00,DADA
20.42,20.42,20.4,20.42,1738,2021-09-27 18:08:00,DADA
20.42,20.42,20.39,20.405,750,2021-09-27 18:09:00,DADA
20.41,20.41,20.41,20.41,200,2021-09-27 18:10:00,DADA
20.4025,20.41,20.38,20.39,1817,2021-09-27 18:11:00,DADA
20.42,20.42,20.42,20.42,520,2021-09-27 18:12:00,DADA
20.4,20.405,20.4,20.405,500,2021-09-27 18:14:00,DADA
20.405,20.42,20.405,20.42,1260,2021-09-27 18:15:00,DADA
20.42,20.42,20.42,20.42,657,2021-09-27 18:16:00,DADA
20.41,20.43,20.41,20.41,1200,2021-09-27 18:21:00,DADA
20.405,20.42,20.38,20.39,3873,2021-09-27 18:22:00,DADA
20.4,20.46,20.4,20.46,1881,2021-09-27 18:23:00,DADA
20.5,20.51,20.49,20.51,1000,2021-09-27 18:24:00,DADA
20.5,20.51,20.5,20.51,618,2021-09-27 18:25:00,DADA
20.5,20.5,20.5,20.5,100,2021-09-27 18:27:00,DADA
20.49,20.49,20.48,20.49,600,2021-09-27 18:28:00,DADA
20.47,20.48,20.47,20.47,1100,2021-09-27 18:29:00,DADA
20.49,20.51,20.48,20.51,2052,2021-09-27 18:30:00,DADA
20.51,20.51,20.51,20.51,400,2021-09-27 18:31:00,DADA
20.51,20.51,20.5,20.51,400,2021-09-27 18:32:00,DADA
20.51,20.525,20.51,20.525,1112,2021-09-27 18:33:00,DADA
20.53,20.54,20.515,20.54,400,2021-09-27 18:34:00,DADA
20.53,20.56,20.53,20.54,2246,2021-09-27 18:35:00,DADA
20.54,20.55,20.49,20.52,12435,2021-09-27 18:36:00,DADA
20.53,20.5313,20.51,20.51,1053,2021-09-27 18:38:00,DADA
20.51,20.51,20.51,20.51,100,2021-09-27 18:39:00,DADA
20.52,20.53,20.52,20.52,2624,2021-09-27 18:40:00,DADA
20.525,20.54,20.51,20.51,1880,2021-09-27 18:41:00,DADA
20.51,20.51,20.51,20.51,200,2021-09-27 18:42:00,DADA
20.51,20.515,20.51,20.515,498,2021-09-27 18:43:00,DADA
20.53,20.53,20.51,20.51,500,2021-09-27 18:44:00,DADA
20.51,20.51,20.51,20.51,200,2021-09-27 18:45:00,DADA
20.52,20.52,20.5,20.51,3661,2021-09-27 18:46:00,DADA
20.53,20.54,20.53,20.53,800,2021-09-27 18:47:00,DADA
20.525,20.525,20.525,20.525,230,2021-09-27 18:48:00,DADA
20.54,20.54,20.54,20.54,1169,2021-09-27 18:49:00,DADA
20.545,20.545,20.53,20.54,2900,2021-09-27 18:51:00,DADA
20.545,20.545,20.545,20.545,100,2021-09-27 18:52:00,DADA
20.545,20.545,20.54,20.54,672,2021-09-27 18:53:00,DADA
20.54,20.54,20.54,20.54,194,2021-09-27 18:54:00,DADA
20.55,20.55,20.55,20.55,907,2021-09-27 18:55:00,DADA
20.54,20.56,20.54,20.56,2687,2021-09-27 18:56:00,DADA
20.55,20.55,20.55,20.55,531,2021-09-27 18:57:00,DADA
20.56,20.56,20.54,20.555,2302,2021-09-27 18:59:00,DADA
20.555,20.555,20.55,20.55,700,2021-09-27 19:00:00,DADA
20.55,20.56,20.55,20.56,1401,2021-09-27 19:01:00,DADA
20.57,20.59,20.57,20.59,767,2021-09-27 19:02:00,DADA
20.58,20.58,20.57,20.58,2065,2021-09-27 19:03:00,DADA
20.6,20.6,20.58,20.59,5017,2021-09-27 19:05:00,DADA
20.6,20.62,20.6,20.62,852,2021-09-27 19:06:00,DADA
20.63,20.67,20.63,20.66,1439,2021-09-27 19:07:00,DADA
20.69,20.69,20.69,20.69,100,2021-09-27 19:08:00,DADA
20.68,20.6894,20.67,20.6894,2744,2021-09-27 19:09:00,DADA
20.7,20.72,20.7,20.72,1623,2021-09-27 19:10:00,DADA
20.73,20.8,20.73,20.8,5506,2021-09-27 19:11:00,DADA
20.79,20.7904,20.77,20.785,11740,2021-09-27 19:12:00,DADA
20.77,20.8,20.77,20.79,8155,2021-09-27 19:13:00,DADA
20.7905,20.7905,20.7905,20.7905,100,2021-09-27 19:14:00,DADA
20.79,20.79,20.74,20.76,9573,2021-09-27 19:15:00,DADA
20.73,20.73,20.73,20.73,208,2021-09-27 19:17:00,DADA
20.74,20.74,20.73,20.73,1362,2021-09-27 19:18:00,DADA
20.73,20.74,20.72,20.74,1331,2021-09-27 19:19:00,DADA
20.73,20.74,20.73,20.735,1181,2021-09-27 19:20:00,DADA
20.735,20.735,20.72,20.72,2354,2021-09-27 19:22:00,DADA
20.73,20.73,20.73,20.73,471,2021-09-27 19:23:00,DADA
20.74,20.74,20.67,20.69,3659,2021-09-27 19:24:00,DADA
20.69,20.69,20.69,20.69,200,2021-09-27 19:25:00,DADA
20.68,20.7,20.68,20.685,5385,2021-09-27 19:27:00,DADA
20.67,20.689,20.67,20.67,3896,2021-09-27 19:28:00,DADA
20.689,20.69,20.67,20.69,2237,2021-09-27 19:29:00,DADA
20.7,20.7,20.7,20.7,112,2021-09-27 19:30:00,DADA
20.69,20.691,20.69,20.69,910,2021-09-27 19:31:00,DADA
20.7,20.7,20.7,20.7,200,2021-09-27 19:32:00,DADA
20.68,20.68,20.63,20.63,1350,2021-09-27 19:33:00,DADA
20.63,20.65,20.63,20.63,3255,2021-09-27 19:34:00,DADA
20.63,20.63,20.575,20.59,1647,2021-09-27 19:35:00,DADA
20.61,20.65,20.61,20.63,1551,2021-09-27 19:36:00,DADA
20.659,20.659,20.63,20.63,4616,2021-09-27 19:37:00,DADA
20.65,20.65,20.64,20.64,1027,2021-09-27 19:38:00,DADA
20.65,20.65,20.63,20.64,1250,2021-09-27 19:39:00,DADA
20.64,20.64,20.63,20.63,422,2021-09-27 19:40:00,DADA
20.64,20.64,20.63,20.64,3971,2021-09-27 19:41:00,DADA
20.635,20.635,20.61,20.61,1226,2021-09-27 19:42:00,DADA
20.6,20.63,20.59,20.61,4379,2021-09-27 19:43:00,DADA
20.655,20.655,20.655,20.655,152,2021-09-27 19:44:00,DADA
20.645,20.65,20.61,20.62,2165,2021-09-27 19:45:00,DADA
20.6,20.6,20.58,20.59,1443,2021-09-27 19:46:00,DADA
20.58,20.61,20.56,20.589,3931,2021-09-27 19:47:00,DADA
20.59,20.59,20.57,20.58,1131,2021-09-27 19:48:00,DADA
20.57,20.57,20.55,20.55,1464,2021-09-27 19:49:00,DADA
20.58,20.58,20.55,20.565,4209,2021-09-27 19:50:00,DADA
20.56,20.59,20.56,20.575,2837,2021-09-27 19:51:00,DADA
20.58,20.58,20.53,20.54,6702,2021-09-27 19:52:00,DADA
20.55,20.6,20.55,20.595,3830,2021-09-27 19:53:00,DADA
20.595,20.61,20.56,20.59,5576,2021-09-27 19:54:00,DADA
20.59,20.615,20.56,20.58,5496,2021-09-27 19:55:00,DADA
20.59,20.635,20.59,20.625,2558,2021-09-27 19:56:00,DADA
20.63,20.63,20.57,20.59,6092,2021-09-27 19:57:00,DADA
20.6,20.609,20.58,20.59,4386,2021-09-27 19:58:00,DADA
20.6,20.63,20.59,20.62,4721,2021-09-27 19:59:00,DADA
20.61,20.61,20.61,20.61,31256,2021-09-27 20:00:00,DADA
20.56,20.56,20.56,20.56,1311,2021-09-27 20:03:00,DADA
20.57,20.57,20.57,20.57,110,2021-09-27 20:32:00,DADA
20.57,20.57,20.57,20.57,100,2021-09-27 20:36:00,DADA
20.55,20.55,20.55,20.55,100,2021-09-27 20:52:00,DADA
20.73,20.73,20.73,20.73,210,2021-09-27 21:10:00,DADA
20.41,20.41,20.4,20.4,200,2021-09-28 08:46:00,DADA
20.4,20.4,20.4,20.4,100,2021-09-28 08:47:00,DADA
20.4,20.4,20.4,20.4,300,2021-09-28 08:48:00,DADA
20.36,20.36,20.35,20.35,330,2021-09-28 08:50:00,DADA
20.37,20.37,20.36,20.36,350,2021-09-28 08:52:00,DADA
20.38,20.38,20.38,20.38,120,2021-09-28 08:55:00,DADA
20.3,20.3,20.3,20.3,111,2021-09-28 10:04:00,DADA
20.5,20.5,20.5,20.5,300,2021-09-28 11:14:00,DADA
20.3,20.3,20.3,20.3,133,2021-09-28 13:20:00,DADA
20.28,20.39,20.27,20.28,500,2021-09-28 13:25:00,DADA
20.23,20.245,19.96,19.98,36743,2021-09-28 13:30:00,DADA
20.02,20.17,19.94,20.1,12883,2021-09-28 13:31:00,DADA
20.18,20.24,20.0,20.06,20549,2021-09-28 13:32:00,DADA
20.06,20.23,20.058,20.14,6639,2021-09-28 13:33:00,DADA
20.2,20.2,20.0,20.0,17385,2021-09-28 13:34:00,DADA
20.01,20.01,19.97,19.985,5319,2021-09-28 13:35:00,DADA
19.985,20.0,19.95,20.0,1900,2021-09-28 13:36:00,DADA
19.98,20.03,19.98,20.03,2889,2021-09-28 13:37:00,DADA
20.03,20.03,20.01,20.01,800,2021-09-28 13:38:00,DADA
20.02,20.02,19.97,19.99,4457,2021-09-28 13:39:00,DADA
19.99,20.11,19.99,20.11,3940,2021-09-28 13:40:00,DADA
20.1,20.23,20.1,20.175,3711,2021-09-28 13:41:00,DADA
20.1101,20.24,20.1101,20.14,3680,2021-09-28 13:42:00,DADA
20.13,20.13,19.94,19.94,8985,2021-09-28 13:43:00,DADA
19.9,19.9,19.86,19.89,1016,2021-09-28 13:44:00,DADA
19.91,20.05,19.91,20.05,3706,2021-09-28 13:45:00,DADA
20.01,20.06,20.01,20.0413,1211,2021-09-28 13:46:00,DADA
20.06,20.12,20.06,20.12,856,2021-09-28 13:47:00,DADA
20.12,20.155,20.12,20.15,700,2021-09-28 13:48:00,DADA
20.19,20.22,20.15,20.155,5950,2021-09-28 13:49:00,DADA
20.1,20.29,20.1,20.29,6465,2021-09-28 13:50:00,DADA
20.27,20.37,20.26,20.37,653,2021-09-28 13:51:00,DADA
20.28,20.28,20.22,20.26,9552,2021-09-28 13:52:00,DADA
20.25,20.26,20.23,20.26,1229,2021-09-28 13:53:00,DADA
20.26,20.38,20.26,20.37,1532,2021-09-28 13:54:00,DADA
20.37,20.42,20.37,20.42,1138,2021-09-28 13:55:00,DADA
20.46,20.46,20.42,20.44,350,2021-09-28 13:56:00,DADA
20.47,20.5,20.26,20.4,43892,2021-09-28 13:57:00,DADA
20.35,20.37,20.2,20.305,7972,2021-09-28 13:58:00,DADA
20.34,20.36,20.34,20.36,550,2021-09-28 13:59:00,DADA
20.395,20.395,20.395,20.395,100,2021-09-28 14:00:00,DADA
20.38,20.415,20.28,20.31,4788,2021-09-28 14:01:00,DADA
20.31,20.38,20.31,20.31,1988,2021-09-28 14:02:00,DADA
20.26,20.36,20.26,20.28,2581,2021-09-28 14:03:00,DADA
20.2631,20.27,20.2,20.27,7097,2021-09-28 14:04:00,DADA
20.25,20.27,20.1,20.2,3312,2021-09-28 14:05:00,DADA
20.2,20.2,20.12,20.15,2000,2021-09-28 14:06:00,DADA
20.15,20.2,20.12,20.2,2361,2021-09-28 14:07:00,DADA
20.2,20.2,20.06,20.06,2366,2021-09-28 14:08:00,DADA
20.08,20.08,20.03,20.062,1954,2021-09-28 14:09:00,DADA
20.03,20.03,19.99,20.0,2747,2021-09-28 14:10:00,DADA
19.98,20.04,19.97,20.0301,2005,2021-09-28 14:11:00,DADA
20.03,20.03,19.93,19.9896,1000,2021-09-28 14:12:00,DADA
19.92,19.95,19.86,19.95,1802,2021-09-28 14:13:00,DADA
19.98,19.98,19.93,19.93,200,2021-09-28 14:14:00,DADA
19.91,19.95,19.86,19.92,2224,2021-09-28 14:15:00,DADA
19.95,19.96,19.95,19.96,300,2021-09-28 14:16:00,DADA
19.96,20.0,19.92,19.92,2517,2021-09-28 14:17:00,DADA
19.9,19.96,19.88,19.96,1700,2021-09-28 14:18:00,DADA
19.95,19.98,19.9,19.9,2700,2021-09-28 14:19:00,DADA
19.89,19.9,19.87,19.87,1000,2021-09-28 14:20:00,DADA
19.86,19.91,19.66,19.91,29506,2021-09-28 14:21:00,DADA
19.94,19.94,19.94,19.94,500,2021-09-28 14:22:00,DADA
19.92,19.94,19.88,19.88,2600,2021-09-28 14:23:00,DADA
19.88,19.98,19.88,19.98,1600,2021-09-28 14:24:00,DADA
19.98,19.98,19.95,19.95,1447,2021-09-28 14:25:00,DADA
19.9,19.9,19.86,19.87,1797,2021-09-28 14:26:00,DADA
19.87,19.96,19.87,19.96,800,2021-09-28 14:27:00,DADA
19.92,20.01,19.92,19.99,1695,2021-09-28 14:28:00,DADA
19.97,20.015,19.94,20.0,3013,2021-09-28 14:29:00,DADA
20.04,20.04,19.97,19.97,3000,2021-09-28 14:30:00,DADA
20.0,20.0,20.0,20.0,100,2021-09-28 14:31:00,DADA
19.97,19.99,19.97,19.99,433,2021-09-28 14:32:00,DADA
19.97,20.0,19.96,19.98,1100,2021-09-28 14:33:00,DADA
20.0,20.0,20.0,20.0,1594,2021-09-28 14:34:00,DADA
19.98,19.98,19.91,19.91,1500,2021-09-28 14:35:00,DADA
19.9,19.9,19.86,19.9,2200,2021-09-28 14:36:00,DADA
19.92,19.92,19.79,19.85,5110,2021-09-28 14:37:00,DADA
19.85,19.8635,19.84,19.84,510,2021-09-28 14:38:00,DADA
19.835,19.88,19.835,19.88,761,2021-09-28 14:39:00,DADA
19.9,19.9,19.84,19.87,1800,2021-09-28 14:40:00,DADA
19.8411,19.85,19.82,19.84,1665,2021-09-28 14:41:00,DADA
19.86,19.87,19.82,19.87,1015,2021-09-28 14:42:00,DADA
19.8455,19.8455,19.8455,19.8455,100,2021-09-28 14:43:00,DADA
19.845,19.845,19.83,19.83,400,2021-09-28 14:44:00,DADA
19.84,19.84,19.77,19.83,7173,2021-09-28 14:45:00,DADA
19.8,19.8,19.8,19.8,200,2021-09-28 14:46:00,DADA
19.8,19.8,19.8,19.8,100,2021-09-28 14:47:00,DADA
19.82,19.86,19.81,19.86,1123,2021-09-28 14:48:00,DADA
19.83,19.86,19.82,19.83,2495,2021-09-28 14:49:00,DADA
19.8,19.8,19.67,19.67,14070,2021-09-28 14:50:00,DADA
19.71,19.79,19.71,19.79,2798,2021-09-28 14:51:00,DADA
19.79,19.79,19.76,19.78,700,2021-09-28 14:52:00,DADA
19.81,19.87,19.804,19.87,1323,2021-09-28 14:54:00,DADA
19.83,19.86,19.83,19.84,1300,2021-09-28 14:55:00,DADA
19.85,19.92,19.85,19.875,8433,2021-09-28 14:56:00,DADA
19.89,19.89,19.89,19.89,307,2021-09-28 14:57:00,DADA
19.87,19.87,19.87,19.87,300,2021-09-28 14:58:00,DADA
19.89,19.89,19.8843,19.8843,243,2021-09-28 14:59:00,DADA
19.89,19.91,19.8704,19.8704,800,2021-09-28 15:00:00,DADA
19.87,19.93,19.87,19.93,4720,2021-09-28 15:01:00,DADA
19.91,19.97,19.9,19.97,2200,2021-09-28 15:02:00,DADA
19.96,19.98,19.96,19.98,200,2021-09-28 15:03:00,DADA
19.96,20.02,19.94,20.02,1326,2021-09-28 15:04:00,DADA
20.04,20.05,20.03,20.03,2020,2021-09-28 15:05:00,DADA
20.03,20.05,20.03,20.035,680,2021-09-28 15:06:00,DADA
20.035,20.08,20.02,20.06,6454,2021-09-28 15:07:00,DADA
20.06,20.07,20.04,20.07,2706,2021-09-28 15:08:00,DADA
20.07,20.09,20.04,20.0899,3992,2021-09-28 15:09:00,DADA
20.075,20.1,20.06,20.1,2410,2021-09-28 15:10:00,DADA
20.085,20.1,20.06,20.08,3504,2021-09-28 15:11:00,DADA
20.08,20.1,20.025,20.03,13194,2021-09-28 15:12:00,DADA
20.03,20.03,20.03,20.03,200,2021-09-28 15:13:00,DADA
20.04,20.04,20.04,20.04,1015,2021-09-28 15:14:00,DADA
20.0225,20.07,20.01,20.025,12150,2021-09-28 15:15:00,DADA
20.025,20.025,20.01,20.02,1800,2021-09-28 15:16:00,DADA
20.02,20.025,19.965,19.97,6798,2021-09-28 15:17:00,DADA
19.99,20.01,19.97,20.01,2000,2021-09-28 15:18:00,DADA
20.0,20.06,20.0,20.0203,1976,2021-09-28 15:19:00,DADA
20.02,20.085,20.02,20.085,3273,2021-09-28 15:21:00,DADA
20.05,20.08,20.05,20.0696,1200,2021-09-28 15:22:00,DADA
20.06,20.08,20.02,20.04,7421,2021-09-28 15:23:00,DADA
20.03,20.03,20.02,20.02,311,2021-09-28 15:24:00,DADA
20.045,20.06,20.03,20.06,1054,2021-09-28 15:25:00,DADA
20.06,20.09,20.05,20.09,5247,2021-09-28 15:26:00,DADA
20.07,20.07,20.05,20.07,1399,2021-09-28 15:27:00,DADA
20.055,20.055,20.04,20.045,2712,2021-09-28 15:28:00,DADA
19.99,19.99,19.92,19.92,1018,2021-09-28 15:29:00,DADA
19.91,19.925,19.895,19.895,2969,2021-09-28 15:30:00,DADA
19.87,19.88,19.86,19.86,600,2021-09-28 15:32:00,DADA
19.85,19.85,19.81,19.82,1562,2021-09-28 15:33:00,DADA
19.86,19.88,19.86,19.87,1698,2021-09-28 15:34:00,DADA
19.9099,19.92,19.87,19.92,1500,2021-09-28 15:35:00,DADA
19.915,19.915,19.86,19.88,1400,2021-09-28 15:36:00,DADA
19.88,19.89,19.88,19.89,300,2021-09-28 15:37:00,DADA
19.9,19.93,19.9,19.93,900,2021-09-28 15:38:00,DADA
19.93,19.93,19.905,19.92,1200,2021-09-28 15:39:00,DADA
19.94,19.94,19.94,19.94,700,2021-09-28 15:40:00,DADA
19.93,19.935,19.92,19.92,1530,2021-09-28 15:43:00,DADA
19.94,19.94,19.94,19.94,300,2021-09-28 15:44:00,DADA
19.945,19.945,19.925,19.925,1400,2021-09-28 15:45:00,DADA
19.92,19.92,19.87,19.9,1000,2021-09-28 15:46:00,DADA
19.92,19.93,19.92,19.93,400,2021-09-28 15:47:00,DADA
19.95,19.96,19.95,19.95,1065,2021-09-28 15:48:00,DADA
19.96,19.96,19.96,19.96,200,2021-09-28 15:49:00,DADA
19.94,19.94,19.94,19.94,1100,2021-09-28 15:50:00,DADA
19.935,19.935,19.92,19.93,1000,2021-09-28 15:52:00,DADA
19.91,19.93,19.91,19.91,1100,2021-09-28 15:53:00,DADA
19.94,19.98,19.94,19.98,2027,2021-09-28 15:54:00,DADA
20.01,20.02,20.0,20.0,819,2021-09-28 15:55:00,DADA
20.011,20.018,19.97,19.985,3000,2021-09-28 15:57:00,DADA
20.0,20.0,19.97,19.97,2304,2021-09-28 15:58:00,DADA
19.985,19.9999,19.95,19.9999,1702,2021-09-28 15:59:00,DADA
19.95,19.99,19.95,19.99,200,2021-09-28 16:00:00,DADA
19.95,19.972,19.94,19.97,3246,2021-09-28 16:01:00,DADA
19.99,20.0,19.97,19.97,1629,2021-09-28 16:02:00,DADA
19.97,19.97,19.96,19.96,625,2021-09-28 16:03:00,DADA
19.98,19.98,19.98,19.98,200,2021-09-28 16:05:00,DADA
19.96,20.0,19.96,20.0,848,2021-09-28 16:06:00,DADA
20.01,20.04,20.01,20.04,1114,2021-09-28 16:07:00,DADA
20.035,20.05,20.02,20.05,818,2021-09-28 16:09:00,DADA
20.02,20.05,20.02,20.03,549,2021-09-28 16:10:00,DADA
20.05,20.06,20.05,20.05,751,2021-09-28 16:11:00,DADA
20.07,20.08,20.06,20.06,1160,2021-09-28 16:12:00,DADA
20.09,20.09,20.09,20.09,600,2021-09-28 16:14:00,DADA
20.0992,20.11,20.06,20.06,8838,2021-09-28 16:16:00,DADA
20.075,20.075,20.04,20.04,1377,2021-09-28 16:17:00,DADA
20.06,20.06,20.02,20.02,1550,2021-09-28 16:18:00,DADA
20.01,20.01,19.96,19.96,500,2021-09-28 16:19:00,DADA
19.96,19.96,19.96,19.96,100,2021-09-28 16:20:00,DADA
19.96,19.96,19.96,19.96,100,2021-09-28 16:22:00,DADA
19.9672,19.9999,19.96,19.9999,400,2021-09-28 16:23:00,DADA
20.0,20.0,19.98,19.99,4493,2021-09-28 16:24:00,DADA
20.01,20.02,19.96,19.96,2618,2021-09-28 16:25:00,DADA
19.99,20.01,19.97,20.01,850,2021-09-28 16:26:00,DADA
20.01,20.01,20.01,20.01,100,2021-09-28 16:27:00,DADA
19.98,19.98,19.97,19.97,300,2021-09-28 16:28:00,DADA
19.9904,19.9904,19.96,19.96,400,2021-09-28 16:29:00,DADA
19.96,19.97,19.96,19.96,562,2021-09-28 16:31:00,DADA
19.96,20.04,19.92,20.04,6364,2021-09-28 16:32:00,DADA
20.035,20.035,20.035,20.035,100,2021-09-28 16:33:00,DADA
20.03,20.03,19.98,20.0,2035,2021-09-28 16:35:00,DADA
19.98,19.98,19.94,19.95,636,2021-09-28 16:36:00,DADA
19.95,19.95,19.94,19.94,500,2021-09-28 16:37:00,DADA
19.92,19.92,19.92,19.92,300,2021-09-28 16:38:00,DADA
19.92,19.92,19.92,19.92,400,2021-09-28 16:39:00,DADA
19.92,19.93,19.92,19.93,300,2021-09-28 16:41:00,DADA
19.93,19.93,19.93,19.93,500,2021-09-28 16:42:00,DADA
19.93,19.93,19.88,19.9,1601,2021-09-28 16:43:00,DADA
19.89,19.89,19.89,19.89,100,2021-09-28 16:44:00,DADA
19.89,19.93,19.89,19.9,4220,2021-09-28 16:45:00,DADA
19.915,19.93,19.911,19.911,600,2021-09-28 16:46:00,DADA
19.93,19.93,19.91,19.92,1700,2021-09-28 16:47:00,DADA
19.94,19.9519,19.94,19.9519,575,2021-09-28 16:48:00,DADA
19.91,19.91,19.9,19.9,600,2021-09-28 16:49:00,DADA
19.92,19.92,19.92,19.92,100,2021-09-28 16:50:00,DADA
19.94,19.94,19.94,19.94,100,2021-09-28 16:51:00,DADA
19.91,19.91,19.9,19.9,400,2021-09-28 16:52:00,DADA
19.92,19.94,19.91,19.91,300,2021-09-28 16:54:00,DADA
19.91,19.91,19.91,19.91,200,2021-09-28 16:55:00,DADA
19.91,19.96,19.9,19.95,1700,2021-09-28 16:56:00,DADA
19.95,19.965,19.94,19.94,2720,2021-09-28 16:57:00,DADA
19.94,19.94,19.925,19.925,900,2021-09-28 16:59:00,DADA
19.92,19.92,19.92,19.92,200,2021-09-28 17:00:00,DADA
19.935,19.935,19.935,19.935,100,2021-09-28 17:01:00,DADA
19.95,19.95,19.91,19.91,1420,2021-09-28 17:02:00,DADA
19.92,19.92,19.92,19.92,300,2021-09-28 17:03:00,DADA
19.92,19.92,19.9,19.9,1500,2021-09-28 17:04:00,DADA
19.9,19.91,19.83,19.83,1855,2021-09-28 17:05:00,DADA
19.881,19.9,19.84,19.89,950,2021-09-28 17:06:00,DADA
19.89,19.8964,19.89,19.89,700,2021-09-28 17:09:00,DADA
19.89,19.89,19.86,19.86,2700,2021-09-28 17:11:00,DADA
19.875,19.875,19.875,19.875,100,2021-09-28 17:12:00,DADA
19.86,19.86,19.86,19.86,100,2021-09-28 17:13:00,DADA
19.875,19.88,19.875,19.88,200,2021-09-28 17:14:00,DADA
19.86,19.87,19.85,19.85,800,2021-09-28 17:15:00,DADA
19.85,19.85,19.85,19.85,200,2021-09-28 17:17:00,DADA
19.89,19.91,19.88,19.88,4300,2021-09-28 17:18:00,DADA
19.87,19.87,19.87,19.87,100,2021-09-28 17:20:00,DADA
19.85,19.85,19.85,19.85,200,2021-09-28 17:22:00,DADA
19.8846,19.8846,19.73,19.78,23788,2021-09-28 17:23:00,DADA
19.76,19.76,19.71,19.745,1372,2021-09-28 17:24:00,DADA
19.77,19.79,19.75,19.77,3100,2021-09-28 17:25:00,DADA
19.8,19.8,19.76,19.76,800,2021-09-28 17:26:00,DADA
19.8,19.8,19.78,19.78,300,2021-09-28 17:27:00,DADA
19.82,19.82,19.74,19.74,6698,2021-09-28 17:28:00,DADA
19.775,19.7896,19.775,19.7896,200,2021-09-28 17:29:00,DADA
19.79,19.798,19.71,19.72,4400,2021-09-28 17:30:00,DADA
19.75,19.78,19.75,19.76,1620,2021-09-28 17:32:00,DADA
19.76,19.76,19.73,19.73,700,2021-09-28 17:34:00,DADA
19.74,19.7799,19.73,19.7799,300,2021-09-28 17:35:00,DADA
19.74,19.74,19.74,19.74,200,2021-09-28 17:36:00,DADA
19.74,19.7735,19.74,19.74,800,2021-09-28 17:38:00,DADA
19.78,19.79,19.74,19.74,2354,2021-09-28 17:39:00,DADA
19.77,19.77,19.755,19.77,300,2021-09-28 17:40:00,DADA
19.77,19.81,19.77,19.78,800,2021-09-28 17:41:00,DADA
19.7977,19.7977,19.78,19.78,1100,2021-09-28 17:43:00,DADA
19.78,19.81,19.78,19.78,600,2021-09-28 17:44:00,DADA
19.81,19.81,19.78,19.78,2032,2021-09-28 17:45:00,DADA
19.78,19.785,19.75,19.75,1911,2021-09-28 17:46:00,DADA
19.79,19.82,19.76,19.77,1800,2021-09-28 17:47:00,DADA
19.82,19.82,19.77,19.77,900,2021-09-28 17:48:00,DADA
19.77,19.79,19.77,19.79,500,2021-09-28 17:49:00,DADA
19.78,19.78,19.77,19.77,400,2021-09-28 17:50:00,DADA
19.77,19.79,19.77,19.77,6070,2021-09-28 17:52:00,DADA
19.77,19.78,19.76,19.77,1220,2021-09-28 17:53:00,DADA
19.76,19.76,19.72,19.72,2776,2021-09-28 17:54:00,DADA
19.74,19.74,19.72,19.72,520,2021-09-28 17:55:00,DADA
19.73,19.73,19.71,19.71,2975,2021-09-28 17:56:00,DADA
19.7,19.7,19.62,19.65,2876,2021-09-28 17:57:00,DADA
19.66,19.69,19.65,19.65,3356,2021-09-28 18:01:00,DADA
19.67,19.6837,19.65,19.65,700,2021-09-28 18:03:00,DADA
19.67,19.67,19.65,19.65,950,2021-09-28 18:05:00,DADA
19.675,19.7,19.675,19.69,5122,2021-09-28 18:06:00,DADA
19.705,19.705,19.69,19.705,400,2021-09-28 18:07:00,DADA
19.69,19.69,19.67,19.67,2200,2021-09-28 18:08:00,DADA
19.67,19.67,19.67,19.67,100,2021-09-28 18:09:00,DADA
19.68,19.68,19.6,19.6,4080,2021-09-28 18:10:00,DADA
19.62,19.62,19.62,19.62,100,2021-09-28 18:11:00,DADA
19.65,19.65,19.65,19.65,1700,2021-09-28 18:12:00,DADA
19.6755,19.6755,19.65,19.6635,717,2021-09-28 18:13:00,DADA
19.665,19.67,19.64,19.665,1890,2021-09-28 18:14:00,DADA
19.675,19.675,19.65,19.65,600,2021-09-28 18:15:00,DADA
19.675,19.73,19.675,19.71,5120,2021-09-28 18:16:00,DADA
19.74,19.74,19.71,19.71,365,2021-09-28 18:17:00,DADA
19.74,19.76,19.73,19.74,2200,2021-09-28 18:19:00,DADA
19.775,19.775,19.775,19.775,200,2021-09-28 18:20:00,DADA
19.77,19.79,19.75,19.79,400,2021-09-28 18:21:00,DADA
19.79,19.79,19.75,19.75,4900,2021-09-28 18:22:00,DADA
19.78,19.78,19.765,19.765,200,2021-09-28 18:23:00,DADA
19.765,19.765,19.75,19.765,300,2021-09-28 18:24:00,DADA
19.765,19.78,19.75,19.76,3957,2021-09-28 18:25:00,DADA
19.765,19.77,19.75,19.75,900,2021-09-28 18:26:00,DADA
19.75,19.765,19.74,19.74,2600,2021-09-28 18:27:00,DADA
19.765,19.765,19.75,19.75,200,2021-09-28 18:28:00,DADA
19.78,19.78,19.75,19.75,2499,2021-09-28 18:29:00,DADA
19.75,19.75,19.73,19.73,4285,2021-09-28 18:30:00,DADA
19.76,19.76,19.74,19.74,200,2021-09-28 18:32:00,DADA
19.74,19.74,19.73,19.74,1128,2021-09-28 18:34:00,DADA
19.73,19.73,19.68,19.68,1199,2021-09-28 18:35:00,DADA
19.73,19.735,19.72,19.735,820,2021-09-28 18:36:00,DADA
19.75,19.75,19.74,19.74,1400,2021-09-28 18:37:00,DADA
19.75,19.75,19.75,19.75,300,2021-09-28 18:38:00,DADA
19.75,19.76,19.75,19.76,200,2021-09-28 18:39:00,DADA
19.76,19.77,19.76,19.76,2620,2021-09-28 18:40:00,DADA
19.75,19.75,19.75,19.75,300,2021-09-28 18:41:00,DADA
19.75,19.79,19.75,19.75,2149,2021-09-28 18:42:00,DADA
19.75,19.765,19.75,19.76,1300,2021-09-28 18:44:00,DADA
19.77,19.8,19.76,19.79,900,2021-09-28 18:45:00,DADA
19.795,19.795,19.77,19.79,400,2021-09-28 18:46:00,DADA
19.79,19.8,19.75,19.75,4899,2021-09-28 18:48:00,DADA
19.765,19.78,19.765,19.77,2662,2021-09-28 18:49:00,DADA
19.79,19.82,19.78,19.79,3600,2021-09-28 18:50:00,DADA
19.8,19.8,19.8,19.8,100,2021-09-28 18:51:00,DADA
19.8,19.8336,19.8,19.81,651,2021-09-28 18:52:00,DADA
19.81,19.81,19.81,19.81,600,2021-09-28 18:53:00,DADA
19.8104,19.83,19.8,19.81,6120,2021-09-28 18:54:00,DADA
19.84,19.85,19.822,19.84,520,2021-09-28 18:55:00,DADA
19.84,19.84,19.82,19.83,700,2021-09-28 18:56:00,DADA
19.83,19.84,19.82,19.82,3330,2021-09-28 18:57:00,DADA
19.82,19.82,19.8,19.81,2825,2021-09-28 18:58:00,DADA
19.81,19.82,19.8,19.8,3100,2021-09-28 18:59:00,DADA
19.81,19.81,19.81,19.81,100,2021-09-28 19:00:00,DADA
19.81,19.82,19.8,19.8,1200,2021-09-28 19:01:00,DADA
19.8,19.8,19.79,19.79,1337,2021-09-28 19:02:00,DADA
19.8,19.82,19.8,19.81,2480,2021-09-28 19:03:00,DADA
19.81,19.81,19.81,19.81,100,2021-09-28 19:05:00,DADA
19.81,19.81,19.81,19.81,100,2021-09-28 19:06:00,DADA
19.83,19.84,19.82,19.84,927,2021-09-28 19:07:00,DADA
19.85,19.85,19.84,19.84,700,2021-09-28 19:09:00,DADA
19.86,19.88,19.85,19.88,720,2021-09-28 19:10:00,DADA
19.86,19.86,19.86,19.86,100,2021-09-28 19:11:00,DADA
19.85,19.87,19.85,19.86,2621,2021-09-28 19:14:00,DADA
19.87,19.89,19.85,19.85,3303,2021-09-28 19:16:00,DADA
19.85,19.87,19.85,19.87,700,2021-09-28 19:17:00,DADA
19.88,19.9,19.88,19.9,602,2021-09-28 19:18:00,DADA
19.89,19.89,19.87,19.87,2046,2021-09-28 19:19:00,DADA
19.89,19.89,19.87,19.89,400,2021-09-28 19:20:00,DADA
19.9175,19.92,19.9175,19.92,400,2021-09-28 19:21:00,DADA
19.88,19.88,19.86,19.86,1100,2021-09-28 19:22:00,DADA
19.84,19.86,19.84,19.86,600,2021-09-28 19:23:00,DADA
19.84,19.84,19.82,19.82,1343,2021-09-28 19:24:00,DADA
19.8,19.81,19.79,19.79,1703,2021-09-28 19:26:00,DADA
19.79,19.79,19.78,19.78,200,2021-09-28 19:27:00,DADA
19.81,19.81,19.79,19.7986,1196,2021-09-28 19:28:00,DADA
19.77,19.79,19.77,19.79,962,2021-09-28 19:29:00,DADA
19.76,19.76,19.75,19.75,200,2021-09-28 19:30:00,DADA
19.79,19.79,19.78,19.78,500,2021-09-28 19:32:00,DADA
19.77,19.78,19.77,19.78,1944,2021-09-28 19:33:00,DADA
19.75,19.75,19.71,19.71,3039,2021-09-28 19:34:00,DADA
19.705,19.76,19.705,19.76,1300,2021-09-28 19:36:00,DADA
19.741,19.75,19.74,19.74,1597,2021-09-28 19:37:00,DADA
19.7383,19.76,19.73,19.75,2212,2021-09-28 19:38:00,DADA
19.71,19.7226,19.7,19.7,800,2021-09-28 19:40:00,DADA
19.7,19.715,19.7,19.71,1700,2021-09-28 19:41:00,DADA
19.71,19.76,19.71,19.7175,2520,2021-09-28 19:42:00,DADA
19.77,19.77,19.75,19.75,669,2021-09-28 19:43:00,DADA
19.73,19.73,19.711,19.711,300,2021-09-28 19:44:00,DADA
19.72,19.72,19.71,19.71,446,2021-09-28 19:45:00,DADA
19.69,19.705,19.69,19.705,550,2021-09-28 19:46:00,DADA
19.7,19.7,19.685,19.69,1789,2021-09-28 19:47:00,DADA
19.7,19.73,19.69,19.7,4212,2021-09-28 19:48:00,DADA
19.71,19.72,19.69,19.7,1904,2021-09-28 19:49:00,DADA
19.71,19.73,19.71,19.73,1920,2021-09-28 19:50:00,DADA
19.71,19.79,19.71,19.77,4952,2021-09-28 19:51:00,DADA
19.76,19.77,19.74,19.76,3187,2021-09-28 19:52:00,DADA
19.75,19.76,19.75,19.76,200,2021-09-28 19:53:00,DADA
19.77,19.78,19.75,19.7788,4385,2021-09-28 19:54:00,DADA
19.79,19.82,19.72,19.72,15970,2021-09-28 19:55:00,DADA
19.72,19.78,19.72,19.775,3807,2021-09-28 19:56:00,DADA
19.79,19.8,19.76,19.78,3296,2021-09-28 19:57:00,DADA
19.77,19.78,19.74,19.765,6806,2021-09-28 19:58:00,DADA
19.77,19.78,19.75,19.76,11745,2021-09-28 19:59:00,DADA
19.78,19.78,19.78,19.78,33580,2021-09-28 20:00:00,DADA
19.61,19.61,19.61,19.61,100,2021-09-28 23:51:00,DADA
19.61,19.61,19.61,19.61,600,2021-09-29 08:02:00,DADA
19.9,19.9,19.9,19.9,465,2021-09-29 13:27:00,DADA
19.88,20.11,19.86,19.86,12853,2021-09-29 13:30:00,DADA
19.93,19.93,19.9151,19.9151,200,2021-09-29 13:31:00,DADA
19.86,19.86,19.6,19.77,6921,2021-09-29 13:32:00,DADA
19.77,19.905,19.76,19.81,1200,2021-09-29 13:33:00,DADA
19.785,19.785,19.7,19.7,1270,2021-09-29 13:34:00,DADA
19.765,19.77,19.73,19.73,1294,2021-09-29 13:35:00,DADA
19.8488,19.8488,19.8,19.8,350,2021-09-29 13:36:00,DADA
19.8,19.88,19.8,19.82,9302,2021-09-29 13:37:00,DADA
19.77,19.82,19.72,19.72,2200,2021-09-29 13:38:00,DADA
19.76,19.76,19.72,19.72,200,2021-09-29 13:39:00,DADA
19.81,19.85,19.76,19.79,8239,2021-09-29 13:40:00,DADA
19.79,19.79,19.76,19.76,900,2021-09-29 13:41:00,DADA
19.73,19.73,19.73,19.73,100,2021-09-29 13:42:00,DADA
19.7884,19.815,19.77,19.77,2670,2021-09-29 13:43:00,DADA
19.77,19.8499,19.77,19.77,600,2021-09-29 13:44:00,DADA
19.81,19.82,19.78,19.82,2200,2021-09-29 13:45:00,DADA
19.79,19.81,19.77,19.8,1300,2021-09-29 13:46:00,DADA
19.825,19.845,19.8,19.81,14728,2021-09-29 13:47:00,DADA
19.81,19.88,19.8,19.88,2500,2021-09-29 13:48:00,DADA
19.935,19.99,19.935,19.95,800,2021-09-29 13:49:00,DADA
19.975,20.0,19.95,19.985,14341,2021-09-29 13:50:00,DADA
19.97,19.97,19.95,19.95,4693,2021-09-29 13:51:00,DADA
19.975,20.0,19.96,20.0,3741,2021-09-29 13:52:00,DADA
19.98,19.99,19.95,19.95,3200,2021-09-29 13:53:00,DADA
19.97,19.995,19.97,19.99,3709,2021-09-29 13:55:00,DADA
19.99,20.0,19.97,19.97,10292,2021-09-29 13:56:00,DADA
19.97,19.97,19.92,19.93,1900,2021-09-29 13:57:00,DADA
19.92,19.92,19.8,19.8,1900,2021-09-29 13:58:00,DADA
19.83,19.86,19.8,19.84,1496,2021-09-29 13:59:00,DADA
19.855,19.92,19.8,19.8,7032,2021-09-29 14:00:00,DADA
19.83,19.835,19.7,19.7,2150,2021-09-29 14:01:00,DADA
19.71,19.77,19.7,19.74,2200,2021-09-29 14:02:00,DADA
19.765,19.81,19.76,19.76,2000,2021-09-29 14:03:00,DADA
19.78,19.81,19.75,19.75,1976,2021-09-29 14:04:00,DADA
19.765,19.765,19.74,19.74,916,2021-09-29 14:05:00,DADA
19.74,19.74,19.72,19.73,580,2021-09-29 14:06:00,DADA
19.73,19.75,19.71,19.75,800,2021-09-29 14:07:00,DADA
19.78,19.78,19.74,19.74,500,2021-09-29 14:08:00,DADA
19.77,19.77,19.75,19.76,2589,2021-09-29 14:09:00,DADA
19.7684,19.77,19.66,19.66,8986,2021-09-29 14:10:00,DADA
19.68,19.7,19.66,19.685,1200,2021-09-29 14:11:00,DADA
19.71,19.75,19.7,19.75,1300,2021-09-29 14:12:00,DADA
19.745,19.77,19.72,19.74,600,2021-09-29 14:13:00,DADA
19.72,19.72,19.64,19.64,1427,2021-09-29 14:14:00,DADA
19.64,19.7,19.56,19.57,8335,2021-09-29 14:15:00,DADA
19.61,19.69,19.61,19.67,1800,2021-09-29 14:16:00,DADA
19.67,19.74,19.67,19.74,1200,2021-09-29 14:17:00,DADA
19.75,19.81,19.75,19.79,1200,2021-09-29 14:18:00,DADA
19.8,19.83,19.77,19.77,1104,2021-09-29 14:19:00,DADA
19.8,19.8195,19.76,19.76,2113,2021-09-29 14:20:00,DADA
19.78,19.8,19.7201,19.74,3800,2021-09-29 14:21:00,DADA
19.74,19.77,19.73,19.75,4298,2021-09-29 14:22:00,DADA
19.775,19.775,19.72,19.72,1575,2021-09-29 14:23:00,DADA
19.74,19.77,19.73,19.73,500,2021-09-29 14:24:00,DADA
19.7,19.7283,19.66,19.705,3942,2021-09-29 14:25:00,DADA
19.68,19.68,19.655,19.655,438,2021-09-29 14:26:00,DADA
19.615,19.615,19.58,19.5899,380,2021-09-29 14:27:00,DADA
19.574,19.6099,19.54,19.585,3537,2021-09-29 14:28:00,DADA
19.58,19.6,19.54,19.54,2200,2021-09-29 14:29:00,DADA
19.53,19.565,19.51,19.565,2600,2021-09-29 14:30:00,DADA
19.55,19.55,19.53,19.53,600,2021-09-29 14:32:00,DADA
19.53,19.53,19.52,19.53,1975,2021-09-29 14:33:00,DADA
19.55,19.59,19.52,19.58,1800,2021-09-29 14:34:00,DADA
19.59,19.68,19.59,19.68,1300,2021-09-29 14:35:00,DADA
19.68,19.68,19.64,19.65,2560,2021-09-29 14:37:00,DADA
19.6501,19.67,19.65,19.65,3296,2021-09-29 14:38:00,DADA
19.65,19.65,19.61,19.63,2838,2021-09-29 14:39:00,DADA
19.64,19.6999,19.64,19.67,2365,2021-09-29 14:40:00,DADA
19.685,19.7,19.685,19.7,450,2021-09-29 14:41:00,DADA
19.7,19.7,19.67,19.67,500,2021-09-29 14:42:00,DADA
19.71,19.71,19.71,19.71,100,2021-09-29 14:43:00,DADA
19.72,19.74,19.72,19.72,2044,2021-09-29 14:44:00,DADA
19.72,19.735,19.71,19.71,700,2021-09-29 14:45:00,DADA
19.7,19.7,19.7,19.7,537,2021-09-29 14:46:00,DADA
19.74,19.8,19.73,19.8,1340,2021-09-29 14:48:00,DADA
19.84,19.84,19.84,19.84,100,2021-09-29 14:49:00,DADA
19.85,19.85,19.85,19.85,200,2021-09-29 14:51:00,DADA
19.81,19.84,19.8,19.81,1100,2021-09-29 14:52:00,DADA
19.84,19.86,19.84,19.84,700,2021-09-29 14:53:00,DADA
19.83,19.83,19.8,19.8,1885,2021-09-29 14:54:00,DADA
19.82,19.85,19.81,19.82,1466,2021-09-29 14:55:00,DADA
19.8695,19.8695,19.8695,19.8695,200,2021-09-29 14:56:00,DADA
19.87,19.87,19.87,19.87,301,2021-09-29 14:57:00,DADA
19.8799,19.88,19.84,19.85,1000,2021-09-29 14:59:00,DADA
19.89,19.89,19.89,19.89,200,2021-09-29 15:00:00,DADA
19.89,19.89,19.87,19.88,500,2021-09-29 15:01:00,DADA
19.87,19.87,19.83,19.8302,2220,2021-09-29 15:02:00,DADA
19.85,19.88,19.84,19.86,1360,2021-09-29 15:03:00,DADA
19.9,19.92,19.88,19.88,900,2021-09-29 15:06:00,DADA
19.94,19.98,19.94,19.98,700,2021-09-29 15:07:00,DADA
19.98,19.98,19.9406,19.98,3400,2021-09-29 15:08:00,DADA
19.9705,19.9705,19.95,19.95,2450,2021-09-29 15:09:00,DADA
19.97,19.98,19.87,19.87,7222,2021-09-29 15:10:00,DADA
19.88,19.88,19.88,19.88,190,2021-09-29 15:11:00,DADA
19.9,19.9,19.9,19.9,100,2021-09-29 15:13:00,DADA
19.9,19.91,19.87,19.91,2500,2021-09-29 15:14:00,DADA
19.89,19.91,19.85,19.85,2596,2021-09-29 15:15:00,DADA
19.85,19.86,19.85,19.86,512,2021-09-29 15:16:00,DADA
19.82,19.86,19.8,19.82,1401,2021-09-29 15:17:00,DADA
19.86,19.86,19.84,19.84,601,2021-09-29 15:18:00,DADA
19.88,19.9,19.85,19.87,1402,2021-09-29 15:19:00,DADA
19.89,19.92,19.87,19.88,1901,2021-09-29 15:20:00,DADA
19.92,19.92,19.88,19.91,900,2021-09-29 15:21:00,DADA
19.92,19.93,19.88,19.92,3336,2021-09-29 15:22:00,DADA
19.92,19.94,19.9,19.94,800,2021-09-29 15:23:00,DADA
19.94,19.96,19.91,19.92,10000,2021-09-29 15:24:00,DADA
19.93,19.95,19.86,19.86,7070,2021-09-29 15:25:00,DADA
19.85,19.87,19.8,19.8,1000,2021-09-29 15:27:00,DADA
19.8,19.8,19.79,19.79,200,2021-09-29 15:28:00,DADA
19.85,19.85,19.79,19.84,800,2021-09-29 15:29:00,DADA
19.84,19.86,19.81,19.84,2200,2021-09-29 15:30:00,DADA
19.84,19.86,19.79,19.85,1601,2021-09-29 15:31:00,DADA
19.87,19.87,19.82,19.82,3613,2021-09-29 15:32:00,DADA
19.84,19.89,19.79,19.87,8643,2021-09-29 15:33:00,DADA
19.86,19.89,19.85,19.85,9301,2021-09-29 15:34:00,DADA
19.865,19.865,19.835,19.835,900,2021-09-29 15:35:00,DADA
19.82,19.86,19.82,19.86,2838,2021-09-29 15:36:00,DADA
19.89,19.98,19.83,19.94,10861,2021-09-29 15:37:00,DADA
19.94,19.96,19.85,19.9,22494,2021-09-29 15:38:00,DADA
19.91,19.94,19.72,19.765,16892,2021-09-29 15:39:00,DADA
19.72,19.72,19.65,19.65,300,2021-09-29 15:40:00,DADA
19.73,19.79,19.72,19.77,4000,2021-09-29 15:41:00,DADA
19.79,19.79,19.75,19.77,1301,2021-09-29 15:42:00,DADA
19.75,19.75,19.68,19.68,4684,2021-09-29 15:45:00,DADA
19.68,19.74,19.65,19.74,1700,2021-09-29 15:46:00,DADA
19.7173,19.8,19.7173,19.8,1600,2021-09-29 15:47:00,DADA
19.78,19.8,19.78,19.8,447,2021-09-29 15:48:00,DADA
19.79,19.79,19.79,19.79,100,2021-09-29 15:49:00,DADA
19.77,19.77,19.77,19.77,100,2021-09-29 15:50:00,DADA
19.76,19.76,19.76,19.76,727,2021-09-29 15:51:00,DADA
19.78,19.8,19.78,19.8,1252,2021-09-29 15:52:00,DADA
19.81,19.82,19.8,19.8,1041,2021-09-29 15:54:00,DADA
19.77,19.78,19.77,19.78,722,2021-09-29 15:55:00,DADA
19.78,19.78,19.78,19.78,153,2021-09-29 15:56:00,DADA
19.78,19.8,19.78,19.8,420,2021-09-29 15:57:00,DADA
19.78,19.795,19.78,19.78,700,2021-09-29 15:59:00,DADA
19.78,19.795,19.78,19.795,400,2021-09-29 16:00:00,DADA
19.781,19.79,19.77,19.77,400,2021-09-29 16:01:00,DADA
19.78,19.79,19.78,19.79,400,2021-09-29 16:02:00,DADA
19.8,19.81,19.77,19.77,1603,2021-09-29 16:03:00,DADA
19.78,19.78,19.77,19.77,600,2021-09-29 16:04:00,DADA
19.79,19.79,19.78,19.78,811,2021-09-29 16:05:00,DADA
19.77,19.77,19.74,19.75,1925,2021-09-29 16:06:00,DADA
19.76,19.79,19.75,19.79,900,2021-09-29 16:07:00,DADA
19.76,19.76,19.76,19.76,506,2021-09-29 16:10:00,DADA
19.75,19.75,19.75,19.75,300,2021-09-29 16:11:00,DADA
19.75,19.75,19.75,19.75,319,2021-09-29 16:12:00,DADA
19.74,19.74,19.74,19.74,200,2021-09-29 16:13:00,DADA
19.74,19.74,19.73,19.73,300,2021-09-29 16:14:00,DADA
19.72,19.73,19.72,19.73,300,2021-09-29 16:15:00,DADA
19.721,19.76,19.72,19.74,400,2021-09-29 16:16:00,DADA
19.73,19.73,19.73,19.73,100,2021-09-29 16:17:00,DADA
19.73,19.73,19.73,19.73,100,2021-09-29 16:18:00,DADA
19.74,19.75,19.74,19.74,961,2021-09-29 16:19:00,DADA
19.73,19.73,19.73,19.73,200,2021-09-29 16:20:00,DADA
19.72,19.72,19.7,19.7,1036,2021-09-29 16:21:00,DADA
19.67,19.67,19.66,19.66,300,2021-09-29 16:22:00,DADA
19.65,19.66,19.6,19.6,6192,2021-09-29 16:23:00,DADA
19.585,19.63,19.5786,19.62,2747,2021-09-29 16:24:00,DADA
19.6,19.6,19.59,19.6,500,2021-09-29 16:25:00,DADA
19.59,19.59,19.59,19.59,100,2021-09-29 16:26:00,DADA
19.61,19.61,19.6,19.6,434,2021-09-29 16:28:00,DADA
19.63,19.64,19.63,19.64,300,2021-09-29 16:30:00,DADA
19.64,19.66,19.63,19.66,503,2021-09-29 16:31:00,DADA
19.64,19.64,19.64,19.64,100,2021-09-29 16:33:00,DADA
19.631,19.631,19.631,19.631,100,2021-09-29 16:34:00,DADA
19.63,19.63,19.62,19.62,1032,2021-09-29 16:35:00,DADA
19.62,19.63,19.62,19.62,720,2021-09-29 16:36:00,DADA
19.6224,19.625,19.61,19.625,900,2021-09-29 16:37:00,DADA
19.64,19.64,19.64,19.64,320,2021-09-29 16:38:00,DADA
19.61,19.67,19.61,19.67,1012,2021-09-29 16:39:00,DADA
19.67,19.69,19.67,19.69,500,2021-09-29 16:40:00,DADA
19.67,19.67,19.67,19.67,400,2021-09-29 16:41:00,DADA
19.66,19.66,19.65,19.65,800,2021-09-29 16:43:00,DADA
19.68,19.69,19.67,19.67,300,2021-09-29 16:44:00,DADA
19.66,19.69,19.66,19.66,500,2021-09-29 16:46:00,DADA
19.65,19.68,19.65,19.68,701,2021-09-29 16:47:00,DADA
19.65,19.65,19.64,19.64,600,2021-09-29 16:48:00,DADA
19.67,19.68,19.66,19.66,1696,2021-09-29 16:49:00,DADA
19.65,19.69,19.65,19.69,1203,2021-09-29 16:50:00,DADA
19.71,19.73,19.69,19.69,1300,2021-09-29 16:51:00,DADA
19.7,19.7,19.7,19.7,200,2021-09-29 16:52:00,DADA
19.68,19.68,19.68,19.68,400,2021-09-29 16:53:00,DADA
19.7,19.7,19.7,19.7,100,2021-09-29 16:54:00,DADA
19.7,19.7,19.7,19.7,100,2021-09-29 16:55:00,DADA
19.72,19.72,19.7,19.71,400,2021-09-29 16:56:00,DADA
19.7,19.7,19.69,19.69,520,2021-09-29 16:57:00,DADA
19.7,19.72,19.7,19.72,200,2021-09-29 16:58:00,DADA
19.69,19.69,19.6725,19.679,1620,2021-09-29 16:59:00,DADA
19.68,19.7,19.67,19.685,1678,2021-09-29 17:00:00,DADA
19.72,19.75,19.71,19.71,603,2021-09-29 17:01:00,DADA
19.72,19.74,19.71,19.71,598,2021-09-29 17:02:00,DADA
19.7,19.7,19.7,19.7,346,2021-09-29 17:03:00,DADA
19.69,19.69,19.66,19.66,600,2021-09-29 17:04:00,DADA
19.69,19.7,19.68,19.68,648,2021-09-29 17:05:00,DADA
19.67,19.675,19.66,19.66,320,2021-09-29 17:06:00,DADA
19.65,19.65,19.65,19.65,420,2021-09-29 17:08:00,DADA
19.64,19.68,19.64,19.67,2570,2021-09-29 17:09:00,DADA
19.69,19.69,19.69,19.69,300,2021-09-29 17:10:00,DADA
19.69,19.69,19.69,19.69,100,2021-09-29 17:11:00,DADA
19.68,19.68,19.68,19.68,120,2021-09-29 17:13:00,DADA
19.7,19.7,19.68,19.68,642,2021-09-29 17:14:00,DADA
19.67,19.68,19.65,19.68,1640,2021-09-29 17:15:00,DADA
19.695,19.695,19.695,19.695,200,2021-09-29 17:16:00,DADA
19.68,19.68,19.68,19.68,200,2021-09-29 17:18:00,DADA
19.69,19.69,19.69,19.69,100,2021-09-29 17:19:00,DADA
19.67,19.67,19.67,19.67,100,2021-09-29 17:20:00,DADA
19.675,19.69,19.675,19.69,1292,2021-09-29 17:21:00,DADA
19.72,19.73,19.71,19.71,900,2021-09-29 17:22:00,DADA
19.7,19.73,19.7,19.73,437,2021-09-29 17:23:00,DADA
19.69,19.69,19.67,19.67,620,2021-09-29 17:25:00,DADA
19.66,19.68,19.66,19.68,300,2021-09-29 17:26:00,DADA
19.66,19.66,19.66,19.66,100,2021-09-29 17:27:00,DADA
19.66,19.66,19.64,19.65,1796,2021-09-29 17:28:00,DADA
19.68,19.69,19.68,19.69,620,2021-09-29 17:29:00,DADA
19.66,19.66,19.6559,19.6559,490,2021-09-29 17:31:00,DADA
19.65,19.67,19.65,19.67,1020,2021-09-29 17:32:00,DADA
19.71,19.72,19.7,19.7,600,2021-09-29 17:33:00,DADA
19.7,19.705,19.7,19.705,300,2021-09-29 17:34:00,DADA
19.7,19.7,19.67,19.67,1192,2021-09-29 17:35:00,DADA
19.66,19.66,19.65,19.65,900,2021-09-29 17:37:00,DADA
19.65,19.65,19.65,19.65,300,2021-09-29 17:38:00,DADA
19.63,19.63,19.63,19.63,100,2021-09-29 17:41:00,DADA
19.64,19.66,19.64,19.66,1088,2021-09-29 17:42:00,DADA
19.69,19.7,19.66,19.68,600,2021-09-29 17:43:00,DADA
19.71,19.71,19.67,19.67,1973,2021-09-29 17:44:00,DADA
19.67,19.67,19.65,19.65,500,2021-09-29 17:45:00,DADA
19.67,19.68,19.67,19.68,300,2021-09-29 17:46:00,DADA
19.65,19.65,19.65,19.65,300,2021-09-29 17:49:00,DADA
19.63,19.66,19.62,19.66,520,2021-09-29 17:50:00,DADA
19.66,19.66,19.65,19.66,450,2021-09-29 17:51:00,DADA
19.65,19.67,19.65,19.66,821,2021-09-29 17:53:00,DADA
19.67,19.68,19.67,19.68,1100,2021-09-29 17:54:00,DADA
19.67,19.67,19.67,19.67,200,2021-09-29 17:55:00,DADA
19.68,19.68,19.67,19.67,1000,2021-09-29 17:58:00,DADA
19.66,19.69,19.66,19.69,420,2021-09-29 17:59:00,DADA
19.69,19.74,19.69,19.74,1216,2021-09-29 18:01:00,DADA
19.73,19.75,19.73,19.75,1199,2021-09-29 18:02:00,DADA
19.76,19.77,19.74,19.75,800,2021-09-29 18:03:00,DADA
19.74,19.74,19.72,19.72,900,2021-09-29 18:04:00,DADA
19.72,19.74,19.71,19.74,904,2021-09-29 18:05:00,DADA
19.74,19.74,19.74,19.74,200,2021-09-29 18:06:00,DADA
19.73,19.73,19.7,19.73,1348,2021-09-29 18:08:00,DADA
19.75,19.75,19.74,19.75,400,2021-09-29 18:09:00,DADA
19.8,19.8,19.78,19.78,928,2021-09-29 18:10:00,DADA
19.79,19.79,19.75,19.75,1147,2021-09-29 18:11:00,DADA
19.75,19.75,19.74,19.74,300,2021-09-29 18:12:00,DADA
19.73,19.74,19.73,19.74,500,2021-09-29 18:13:00,DADA
19.75,19.75,19.74,19.74,629,2021-09-29 18:14:00,DADA
19.74,19.74,19.73,19.73,300,2021-09-29 18:15:00,DADA
19.75,19.75,19.74,19.74,565,2021-09-29 18:16:00,DADA
19.74,19.74,19.72,19.72,500,2021-09-29 18:17:00,DADA
19.75,19.75,19.75,19.75,800,2021-09-29 18:19:00,DADA
19.76,19.77,19.73,19.73,1003,2021-09-29 18:20:00,DADA
19.77,19.77,19.73,19.73,700,2021-09-29 18:21:00,DADA
19.72,19.722,19.71,19.722,2003,2021-09-29 18:22:00,DADA
19.73,19.73,19.71,19.71,625,2021-09-29 18:24:00,DADA
19.7,19.7,19.7,19.7,920,2021-09-29 18:26:00,DADA
19.7,19.7,19.7,19.7,560,2021-09-29 18:27:00,DADA
19.71,19.7367,19.71,19.7367,900,2021-09-29 18:28:00,DADA
19.725,19.74,19.71,19.74,400,2021-09-29 18:29:00,DADA
19.739,19.75,19.739,19.75,300,2021-09-29 18:30:00,DADA
19.76,19.76,19.76,19.76,200,2021-09-29 18:31:00,DADA
19.78,19.78,19.74,19.75,1141,2021-09-29 18:32:00,DADA
19.74,19.74,19.74,19.74,100,2021-09-29 18:33:00,DADA
19.73,19.73,19.73,19.73,500,2021-09-29 18:35:00,DADA
19.71,19.711,19.71,19.71,404,2021-09-29 18:36:00,DADA
19.73,19.73,19.73,19.73,200,2021-09-29 18:37:00,DADA
19.72,19.72,19.69,19.691,1152,2021-09-29 18:38:00,DADA
19.69,19.69,19.69,19.69,100,2021-09-29 18:39:00,DADA
19.68,19.68,19.68,19.68,100,2021-09-29 18:40:00,DADA
19.685,19.71,19.685,19.69,1200,2021-09-29 18:41:00,DADA
19.71,19.73,19.71,19.73,932,2021-09-29 18:43:00,DADA
19.73,19.73,19.7,19.7,303,2021-09-29 18:44:00,DADA
19.74,19.74,19.74,19.74,100,2021-09-29 18:45:00,DADA
19.73,19.73,19.72,19.72,923,2021-09-29 18:46:00,DADA
19.73,19.73,19.7,19.7,300,2021-09-29 18:47:00,DADA
19.73,19.74,19.73,19.74,700,2021-09-29 18:48:00,DADA
19.735,19.735,19.72,19.72,854,2021-09-29 18:50:00,DADA
19.74,19.75,19.74,19.74,500,2021-09-29 18:51:00,DADA
19.74,19.75,19.74,19.75,300,2021-09-29 18:52:00,DADA
19.76,19.76,19.73,19.73,738,2021-09-29 18:53:00,DADA
19.75,19.75,19.7424,19.7424,200,2021-09-29 18:54:00,DADA
19.73,19.73,19.73,19.73,220,2021-09-29 18:55:00,DADA
19.73,19.73,19.73,19.73,200,2021-09-29 18:56:00,DADA
19.73,19.755,19.73,19.755,1411,2021-09-29 18:57:00,DADA
19.78,19.78,19.78,19.78,301,2021-09-29 18:58:00,DADA
19.77,19.77,19.75,19.75,600,2021-09-29 18:59:00,DADA
19.78,19.79,19.78,19.79,500,2021-09-29 19:00:00,DADA
19.74,19.74,19.72,19.72,2535,2021-09-29 19:01:00,DADA
19.7,19.7,19.7,19.7,600,2021-09-29 19:03:00,DADA
19.69,19.69,19.67,19.67,400,2021-09-29 19:04:00,DADA
19.685,19.71,19.685,19.71,945,2021-09-29 19:05:00,DADA
19.69,19.71,19.69,19.705,400,2021-09-29 19:06:00,DADA
19.72,19.72,19.72,19.72,500,2021-09-29 19:07:00,DADA
19.7,19.7,19.67,19.67,638,2021-09-29 19:08:00,DADA
19.71,19.71,19.69,19.71,400,2021-09-29 19:09:00,DADA
19.71,19.71,19.7,19.7,499,2021-09-29 19:10:00,DADA
19.715,19.715,19.715,19.715,100,2021-09-29 19:11:00,DADA
19.7,19.7,19.7,19.7,400,2021-09-29 19:12:00,DADA
19.71,19.72,19.71,19.72,200,2021-09-29 19:13:00,DADA
19.72,19.72,19.72,19.72,200,2021-09-29 19:14:00,DADA
19.7,19.7,19.69,19.692,1500,2021-09-29 19:16:00,DADA
19.7,19.72,19.7,19.72,1636,2021-09-29 19:17:00,DADA
19.73,19.73,19.73,19.73,400,2021-09-29 19:18:00,DADA
19.72,19.74,19.72,19.74,981,2021-09-29 19:19:00,DADA
19.72,19.72,19.72,19.72,629,2021-09-29 19:20:00,DADA
19.74,19.74,19.69,19.7,1811,2021-09-29 19:22:00,DADA
19.697,19.697,19.68,19.69,1474,2021-09-29 19:23:00,DADA
19.69,19.7,19.685,19.7,300,2021-09-29 19:24:00,DADA
19.7,19.71,19.7,19.71,400,2021-09-29 19:25:00,DADA
19.72,19.72,19.7,19.7,300,2021-09-29 19:26:00,DADA
19.7,19.71,19.69,19.69,1046,2021-09-29 19:27:00,DADA
19.68,19.68,19.68,19.68,420,2021-09-29 19:28:00,DADA
19.69,19.7,19.69,19.69,805,2021-09-29 19:29:00,DADA
19.67,19.67,19.67,19.67,296,2021-09-29 19:30:00,DADA
19.66,19.67,19.66,19.67,500,2021-09-29 19:31:00,DADA
19.69,19.69,19.68,19.68,200,2021-09-29 19:32:00,DADA
19.68,19.68,19.66,19.66,400,2021-09-29 19:33:00,DADA
19.67,19.68,19.65,19.65,900,2021-09-29 19:34:00,DADA
19.68,19.68,19.68,19.68,300,2021-09-29 19:35:00,DADA
19.66,19.66,19.66,19.66,400,2021-09-29 19:36:00,DADA
19.63,19.63,19.63,19.63,1100,2021-09-29 19:37:00,DADA
19.62,19.62,19.62,19.62,100,2021-09-29 19:38:00,DADA
19.62,19.64,19.61,19.61,300,2021-09-29 19:39:00,DADA
19.61,19.64,19.61,19.64,200,2021-09-29 19:40:00,DADA
19.64,19.64,19.63,19.63,1400,2021-09-29 19:41:00,DADA
19.64,19.64,19.59,19.59,3270,2021-09-29 19:42:00,DADA
19.6,19.6,19.59,19.59,1528,2021-09-29 19:43:00,DADA
19.6,19.6,19.56,19.56,600,2021-09-29 19:44:00,DADA
19.56,19.59,19.56,19.58,800,2021-09-29 19:45:00,DADA
19.58,19.59,19.52,19.52,3004,2021-09-29 19:46:00,DADA
19.545,19.56,19.53,19.55,800,2021-09-29 19:47:00,DADA
19.56,19.58,19.5512,19.56,2214,2021-09-29 19:48:00,DADA
19.56,19.57,19.56,19.57,610,2021-09-29 19:49:00,DADA
19.55,19.57,19.54,19.57,1266,2021-09-29 19:50:00,DADA
19.56,19.58,19.56,19.56,5695,2021-09-29 19:51:00,DADA
19.55,19.57,19.55,19.56,4557,2021-09-29 19:52:00,DADA
19.57,19.57,19.54,19.55,6423,2021-09-29 19:53:00,DADA
19.56,19.58,19.55,19.57,4895,2021-09-29 19:54:00,DADA
19.58,19.58,19.4,19.41,31505,2021-09-29 19:55:00,DADA
19.44,19.52,19.44,19.48,5567,2021-09-29 19:56:00,DADA
19.48,19.51,19.48,19.51,5531,2021-09-29 19:57:00,DADA
19.5,19.53,19.48,19.51,7124,2021-09-29 19:58:00,DADA
19.48,19.54,19.48,19.5,7208,2021-09-29 19:59:00,DADA
19.54,19.54,19.54,19.54,40807,2021-09-29 20:00:00,DADA
19.52,19.52,19.52,19.52,179,2021-09-29 20:04:00,DADA
19.54,19.54,19.54,19.54,254,2021-09-29 20:56:00,DADA
19.61,19.62,19.61,19.62,230,2021-09-30 12:37:00,DADA
19.64,19.64,19.64,19.64,100,2021-09-30 13:25:00,DADA
19.66,19.88,19.66,19.88,8895,2021-09-30 13:30:00,DADA
19.835,19.835,19.76,19.82,2893,2021-09-30 13:31:00,DADA
19.78,19.83,19.78,19.82,1073,2021-09-30 13:32:00,DADA
19.82,19.82,19.77,19.8,2773,2021-09-30 13:33:00,DADA
19.8,19.92,19.795,19.92,4273,2021-09-30 13:34:00,DADA
19.88,19.95,19.87,19.95,1061,2021-09-30 13:35:00,DADA
19.935,20.12,19.935,20.12,10452,2021-09-30 13:36:00,DADA
20.14,20.19,20.12,20.19,2307,2021-09-30 13:37:00,DADA
20.11,20.15,20.11,20.11,2891,2021-09-30 13:38:00,DADA
20.15,20.16,20.1,20.105,4661,2021-09-30 13:39:00,DADA
20.13,20.15,20.09,20.115,7130,2021-09-30 13:40:00,DADA
20.11,20.15,20.1,20.13,5491,2021-09-30 13:41:00,DADA
20.125,20.125,20.11,20.11,824,2021-09-30 13:42:00,DADA
20.11,20.16,20.11,20.145,1453,2021-09-30 13:43:00,DADA
20.145,20.2,20.1433,20.175,2186,2021-09-30 13:44:00,DADA
20.175,20.175,20.12,20.13,1630,2021-09-30 13:45:00,DADA
20.125,20.26,20.125,20.26,6109,2021-09-30 13:46:00,DADA
20.285,20.34,20.285,20.34,458,2021-09-30 13:47:00,DADA
20.34,20.41,20.33,20.36,3127,2021-09-30 13:48:00,DADA
20.36,20.44,20.36,20.42,5935,2021-09-30 13:49:00,DADA
20.46,20.51,20.44,20.51,15690,2021-09-30 13:50:00,DADA
20.49,20.5181,20.49,20.49,8824,2021-09-30 13:51:00,DADA
20.5,20.6,20.5,20.54,8765,2021-09-30 13:52:00,DADA
20.52,20.54,20.51,20.51,9153,2021-09-30 13:53:00,DADA
20.54,20.54,20.44,20.52,5259,2021-09-30 13:54:00,DADA
20.485,20.49,20.45,20.45,400,2021-09-30 13:55:00,DADA
20.48,20.49,20.45,20.45,1138,2021-09-30 13:56:00,DADA
20.445,20.445,20.345,20.345,1722,2021-09-30 13:57:00,DADA
20.345,20.345,20.21,20.21,1100,2021-09-30 13:58:00,DADA
20.2,20.25,20.15,20.1983,1900,2021-09-30 13:59:00,DADA
20.18,20.18,20.03,20.03,3978,2021-09-30 14:00:00,DADA
20.07,20.1005,20.07,20.07,2400,2021-09-30 14:01:00,DADA
20.1028,20.26,20.08,20.22,5634,2021-09-30 14:02:00,DADA
20.22,20.25,20.22,20.225,725,2021-09-30 14:03:00,DADA
20.26,20.26,20.235,20.24,1018,2021-09-30 14:04:00,DADA
20.235,20.2452,20.19,20.23,3032,2021-09-30 14:05:00,DADA
20.25,20.28,20.21,20.23,4181,2021-09-30 14:06:00,DADA
20.21,20.21,20.21,20.21,200,2021-09-30 14:07:00,DADA
20.23,20.24,20.21,20.23,1101,2021-09-30 14:08:00,DADA
20.235,20.29,20.235,20.28,3006,2021-09-30 14:09:00,DADA
20.28,20.28,20.25,20.27,800,2021-09-30 14:10:00,DADA
20.27,20.27,20.25,20.27,1481,2021-09-30 14:11:00,DADA
20.27,20.32,20.27,20.32,3629,2021-09-30 14:12:00,DADA
20.305,20.305,20.25,20.255,3150,2021-09-30 14:13:00,DADA
20.24,20.24,20.22,20.24,2100,2021-09-30 14:14:00,DADA
20.245,20.245,20.245,20.245,100,2021-09-30 14:15:00,DADA
20.27,20.33,20.25,20.33,7598,2021-09-30 14:16:00,DADA
20.32,20.32,20.28,20.32,1000,2021-09-30 14:17:00,DADA
20.29,20.29,20.2,20.2,1717,2021-09-30 14:18:00,DADA
20.22,20.22,20.22,20.22,100,2021-09-30 14:19:00,DADA
20.2,20.2,20.15,20.15,1000,2021-09-30 14:20:00,DADA
20.15,20.15,20.06,20.09,2951,2021-09-30 14:21:00,DADA
20.06,20.06,20.02,20.02,1400,2021-09-30 14:22:00,DADA
20.01,20.08,20.01,20.065,2273,2021-09-30 14:23:00,DADA
20.065,20.1096,20.065,20.1096,2600,2021-09-30 14:24:00,DADA
20.09,20.12,20.09,20.1,2610,2021-09-30 14:25:00,DADA
20.12,20.15,20.12,20.13,1299,2021-09-30 14:26:00,DADA
20.15,20.15,20.14,20.145,500,2021-09-30 14:27:00,DADA
20.16,20.16,20.12,20.125,1929,2021-09-30 14:28:00,DADA
20.125,20.125,20.1,20.1,500,2021-09-30 14:29:00,DADA
20.105,20.105,20.065,20.065,1600,2021-09-30 14:30:00,DADA
20.05,20.11,20.02,20.09,5788,2021-09-30 14:31:00,DADA
20.09,20.12,20.08,20.12,900,2021-09-30 14:32:00,DADA
20.1182,20.15,20.1,20.15,1500,2021-09-30 14:33:00,DADA
20.145,20.145,20.145,20.145,100,2021-09-30 14:34:00,DADA
20.135,20.135,20.1,20.11,1600,2021-09-30 14:35:00,DADA
20.1,20.1,20.07,20.08,600,2021-09-30 14:36:00,DADA
20.095,20.095,20.07,20.075,1400,2021-09-30 14:37:00,DADA
20.075,20.075,20.05,20.05,1100,2021-09-30 14:38:00,DADA
20.1,20.13,20.1,20.12,2289,2021-09-30 14:39:00,DADA
20.13,20.13,20.09,20.1,1207,2021-09-30 14:40:00,DADA
20.12,20.14,20.115,20.14,868,2021-09-30 14:41:00,DADA
20.14,20.17,20.14,20.16,2113,2021-09-30 14:42:00,DADA
20.155,20.155,20.155,20.155,100,2021-09-30 14:43:00,DADA
20.17,20.19,20.17,20.185,1551,2021-09-30 14:44:00,DADA
20.18,20.24,20.18,20.18,918,2021-09-30 14:45:00,DADA
20.21,20.21,20.21,20.21,200,2021-09-30 14:46:00,DADA
20.215,20.215,20.21,20.21,400,2021-09-30 14:47:00,DADA
20.21,20.21,20.21,20.21,200,2021-09-30 14:48:00,DADA
20.21,20.21,20.19,20.2,1339,2021-09-30 14:49:00,DADA
20.18,20.2,20.18,20.2,300,2021-09-30 14:50:00,DADA
20.18,20.19,20.17,20.185,1478,2021-09-30 14:51:00,DADA
20.185,20.2,20.17,20.185,1318,2021-09-30 14:52:00,DADA
20.17,20.19,20.17,20.18,2189,2021-09-30 14:53:00,DADA
20.17,20.2,20.16,20.17,3787,2021-09-30 14:54:00,DADA
20.16,20.16,20.12,20.15,450,2021-09-30 14:55:00,DADA
20.135,20.15,20.06,20.1,5905,2021-09-30 14:56:00,DADA
20.075,20.1,20.075,20.09,3822,2021-09-30 14:57:00,DADA
20.09,20.098,20.09,20.098,1804,2021-09-30 14:58:00,DADA
20.074,20.09,20.074,20.09,2275,2021-09-30 14:59:00,DADA
20.09,20.09,20.09,20.09,400,2021-09-30 15:00:00,DADA
20.11,20.12,20.0901,20.0901,3200,2021-09-30 15:01:00,DADA
20.105,20.12,20.105,20.12,300,2021-09-30 15:02:00,DADA
20.105,20.105,20.105,20.105,100,2021-09-30 15:03:00,DADA
20.105,20.105,20.105,20.105,100,2021-09-30 15:04:00,DADA
20.12,20.12,20.105,20.12,2518,2021-09-30 15:05:00,DADA
20.13,20.16,20.13,20.14,2086,2021-09-30 15:06:00,DADA
20.18,20.18,20.175,20.175,200,2021-09-30 15:07:00,DADA
20.17,20.17,20.17,20.17,100,2021-09-30 15:08:00,DADA
20.19,20.22,20.19,20.22,3776,2021-09-30 15:09:00,DADA
20.205,20.23,20.2,20.21,3100,2021-09-30 15:10:00,DADA
20.21,20.2299,20.21,20.2299,200,2021-09-30 15:11:00,DADA
20.19,20.21,20.19,20.19,936,2021-09-30 15:12:00,DADA
20.19,20.19,20.17,20.18,600,2021-09-30 15:13:00,DADA
20.17,20.18,20.165,20.18,1927,2021-09-30 15:14:00,DADA
20.17,20.215,20.17,20.2,2958,2021-09-30 15:15:00,DADA
20.22,20.24,20.22,20.24,1833,2021-09-30 15:16:00,DADA
20.22,20.3,20.22,20.28,3656,2021-09-30 15:17:00,DADA
20.27,20.27,20.25,20.265,1300,2021-09-30 15:18:00,DADA
20.25,20.25,20.2,20.225,2600,2021-09-30 15:19:00,DADA
20.23,20.24,20.23,20.24,1768,2021-09-30 15:21:00,DADA
20.25,20.26,20.24,20.25,4408,2021-09-30 15:22:00,DADA
20.25,20.25,20.25,20.25,100,2021-09-30 15:23:00,DADA
20.25,20.26,20.25,20.25,1342,2021-09-30 15:24:00,DADA
20.25,20.29,20.25,20.29,3000,2021-09-30 15:25:00,DADA
20.27,20.3,20.27,20.3,300,2021-09-30 15:26:00,DADA
20.3,20.3,20.3,20.3,500,2021-09-30 15:27:00,DADA
20.28,20.28,20.26,20.26,2535,2021-09-30 15:29:00,DADA
20.245,20.245,20.245,20.245,200,2021-09-30 15:30:00,DADA
20.23,20.23,20.22,20.22,900,2021-09-30 15:31:00,DADA
20.225,20.225,20.14,20.14,1400,2021-09-30 15:32:00,DADA
20.165,20.19,20.165,20.17,1078,2021-09-30 15:33:00,DADA
20.16,20.16,20.14,20.15,1500,2021-09-30 15:34:00,DADA
20.14,20.21,20.13,20.21,2584,2021-09-30 15:35:00,DADA
20.18,20.18,20.18,20.18,200,2021-09-30 15:37:00,DADA
20.16,20.16,20.12,20.13,500,2021-09-30 15:38:00,DADA
20.11,20.11,20.11,20.11,100,2021-09-30 15:39:00,DADA
20.13,20.13,20.11,20.11,700,2021-09-30 15:40:00,DADA
20.1,20.11,20.05,20.08,4580,2021-09-30 15:41:00,DADA
20.08,20.12,20.08,20.105,3200,2021-09-30 15:42:00,DADA
20.09,20.09,20.085,20.085,400,2021-09-30 15:43:00,DADA
20.08,20.12,20.08,20.11,1400,2021-09-30 15:44:00,DADA
20.09,20.09,20.09,20.09,100,2021-09-30 15:46:00,DADA
20.07,20.09,20.06,20.06,800,2021-09-30 15:47:00,DADA
20.06,20.08,20.05,20.065,3373,2021-09-30 15:48:00,DADA
20.065,20.08,20.065,20.08,400,2021-09-30 15:49:00,DADA
20.08,20.1,20.05,20.1,4209,2021-09-30 15:50:00,DADA
20.09,20.12,20.03,20.11,13103,2021-09-30 15:51:00,DADA
20.1,20.1,20.09,20.09,3615,2021-09-30 15:52:00,DADA
20.1,20.1,20.1,20.1,165,2021-09-30 15:54:00,DADA
20.1,20.1,20.081,20.081,600,2021-09-30 15:55:00,DADA
20.1,20.19,20.09,20.19,5329,2021-09-30 15:57:00,DADA
20.175,20.175,20.175,20.175,100,2021-09-30 15:58:00,DADA
20.175,20.175,20.175,20.175,100,2021-09-30 15:59:00,DADA
20.19,20.19,20.18,20.18,1700,2021-09-30 16:00:00,DADA
20.19,20.2,20.19,20.2,250,2021-09-30 16:01:00,DADA
20.185,20.185,20.185,20.185,100,2021-09-30 16:02:00,DADA
20.185,20.1898,20.165,20.17,1314,2021-09-30 16:03:00,DADA
20.18,20.18,20.18,20.18,300,2021-09-30 16:04:00,DADA
20.16,20.165,20.15,20.16,1400,2021-09-30 16:05:00,DADA
20.16,20.16,20.14,20.14,944,2021-09-30 16:06:00,DADA
20.155,20.18,20.14,20.17,3823,2021-09-30 16:07:00,DADA
20.14,20.14,20.11,20.11,1177,2021-09-30 16:08:00,DADA
20.105,20.12,20.105,20.105,300,2021-09-30 16:09:00,DADA
20.105,20.105,20.105,20.105,100,2021-09-30 16:10:00,DADA
20.12,20.13,20.115,20.125,1512,2021-09-30 16:11:00,DADA
20.1,20.11,20.09,20.09,984,2021-09-30 16:12:00,DADA
20.08,20.08,20.08,20.08,1299,2021-09-30 16:13:00,DADA
20.08,20.11,20.08,20.1,1338,2021-09-30 16:14:00,DADA
20.12,20.14,20.12,20.125,1489,2021-09-30 16:15:00,DADA
20.11,20.14,20.11,20.14,1700,2021-09-30 16:16:00,DADA
20.11,20.12,20.11,20.12,417,2021-09-30 16:17:00,DADA
20.105,20.105,20.105,20.105,100,2021-09-30 16:18:00,DADA
20.09,20.1,20.08,20.08,1783,2021-09-30 16:20:00,DADA
20.07,20.075,20.06,20.06,575,2021-09-30 16:21:00,DADA
20.06,20.1,20.06,20.09,3386,2021-09-30 16:22:00,DADA
20.07,20.09,20.07,20.085,700,2021-09-30 16:23:00,DADA
20.09,20.09,20.07,20.07,500,2021-09-30 16:24:00,DADA
20.09,20.11,20.09,20.11,4418,2021-09-30 16:25:00,DADA
20.1,20.18,20.1,20.18,1972,2021-09-30 16:27:00,DADA
20.17,20.19,20.16,20.16,2137,2021-09-30 16:28:00,DADA
20.16,20.16,20.12,20.12,900,2021-09-30 16:29:00,DADA
20.09,20.13,20.09,20.13,2753,2021-09-30 16:30:00,DADA
20.1,20.1,20.06,20.061,1825,2021-09-30 16:31:00,DADA
20.06,20.06,20.06,20.06,365,2021-09-30 16:32:00,DADA
20.02,20.03,20.02,20.02,500,2021-09-30 16:33:00,DADA
20.04,20.07,20.04,20.07,15284,2021-09-30 16:34:00,DADA
20.09,20.11,20.0622,20.11,1141,2021-09-30 16:35:00,DADA
20.1,20.1,20.07,20.1,1801,2021-09-30 16:36:00,DADA
20.08,20.08,20.08,20.08,238,2021-09-30 16:37:00,DADA
20.07,20.07,20.07,20.07,396,2021-09-30 16:38:00,DADA
20.05,20.05,20.04,20.04,1300,2021-09-30 16:39:00,DADA
20.01,20.01,20.01,20.01,200,2021-09-30 16:40:00,DADA
20.035,20.08,20.035,20.05,4388,2021-09-30 16:41:00,DADA
20.05,20.05,19.975,19.975,13153,2021-09-30 16:44:00,DADA
19.975,19.975,19.84,19.88,10072,2021-09-30 16:45:00,DADA
19.88,19.94,19.88,19.94,3852,2021-09-30 16:46:00,DADA
19.952,19.952,19.91,19.9274,757,2021-09-30 16:47:00,DADA
19.96,19.98,19.96,19.98,713,2021-09-30 16:48:00,DADA
19.975,20.0,19.975,19.98,1436,2021-09-30 16:49:00,DADA
19.96,19.97,19.96,19.97,5188,2021-09-30 16:50:00,DADA
19.95,19.95,19.95,19.95,100,2021-09-30 16:51:00,DADA
19.95,19.97,19.95,19.97,300,2021-09-30 16:55:00,DADA
19.96,19.96,19.96,19.96,300,2021-09-30 16:56:00,DADA
19.97,19.97,19.96,19.96,675,2021-09-30 16:57:00,DADA
19.97,19.98,19.97,19.975,2013,2021-09-30 16:58:00,DADA
19.99,20.0,19.99,20.0,2965,2021-09-30 16:59:00,DADA
19.98,19.98,19.98,19.98,200,2021-09-30 17:00:00,DADA
20.0,20.01,20.0,20.0,2543,2021-09-30 17:02:00,DADA
20.01,20.01,20.0,20.0,1500,2021-09-30 17:03:00,DADA
20.01,20.04,19.99,20.025,6225,2021-09-30 17:04:00,DADA
20.01,20.01,20.0,20.01,1500,2021-09-30 17:06:00,DADA
20.01,20.01,19.99,20.01,3120,2021-09-30 17:08:00,DADA
20.0,20.005,19.99,19.99,1984,2021-09-30 17:09:00,DADA
20.01,20.01,20.0,20.0,700,2021-09-30 17:10:00,DADA
20.0,20.02,20.0,20.02,1725,2021-09-30 17:12:00,DADA
20.0148,20.02,19.99,19.99,1800,2021-09-30 17:13:00,DADA
20.01,20.02,20.0,20.0,900,2021-09-30 17:15:00,DADA
19.98,19.98,19.97,19.97,1425,2021-09-30 17:16:00,DADA
19.97,19.97,19.93,19.93,422,2021-09-30 17:17:00,DADA
19.94,19.95,19.93,19.95,2102,2021-09-30 17:18:00,DADA
19.955,19.96,19.955,19.96,700,2021-09-30 17:21:00,DADA
19.955,19.96,19.94,19.945,2520,2021-09-30 17:22:00,DADA
19.945,19.945,19.945,19.945,100,2021-09-30 17:23:00,DADA
19.93,19.93,19.93,19.93,5418,2021-09-30 17:24:00,DADA
19.88,19.91,19.88,19.91,1545,2021-09-30 17:25:00,DADA
19.88,19.88,19.88,19.88,100,2021-09-30 17:26:00,DADA
19.88,19.92,19.88,19.91,5195,2021-09-30 17:27:00,DADA
19.92,19.93,19.92,19.93,711,2021-09-30 17:28:00,DADA
19.945,19.945,19.945,19.945,100,2021-09-30 17:29:00,DADA
19.96,19.96,19.95,19.95,200,2021-09-30 17:32:00,DADA
19.97,20.0,19.97,20.0,2991,2021-09-30 17:34:00,DADA
20.015,20.02,19.99,20.02,2500,2021-09-30 17:36:00,DADA
20.01,20.01,20.01,20.01,100,2021-09-30 17:39:00,DADA
20.0,20.0,19.99,19.99,300,2021-09-30 17:40:00,DADA
19.995,19.995,19.97,19.97,1000,2021-09-30 17:41:00,DADA
19.96,19.98,19.95,19.98,3311,2021-09-30 17:43:00,DADA
19.99,20.01,19.99,20.0,24550,2021-09-30 17:44:00,DADA
20.02,20.02,20.01,20.01,500,2021-09-30 17:45:00,DADA
20.03,20.03,20.03,20.03,100,2021-09-30 17:46:00,DADA
20.04,20.04,20.015,20.015,300,2021-09-30 17:47:00,DADA
19.99,19.99,19.98,19.98,900,2021-09-30 17:48:00,DADA
20.0,20.01,19.99,20.01,2810,2021-09-30 17:50:00,DADA
19.99,19.99,19.96,19.96,1000,2021-09-30 17:51:00,DADA
19.96,19.99,19.96,19.99,300,2021-09-30 17:52:00,DADA
19.99,19.99,19.98,19.99,800,2021-09-30 17:53:00,DADA
19.97,20.0,19.97,19.985,1300,2021-09-30 17:54:00,DADA
19.97,19.97,19.95,19.97,3200,2021-09-30 17:55:00,DADA
19.98,19.98,19.97,19.97,700,2021-09-30 17:57:00,DADA
19.95,19.97,19.95,19.96,2946,2021-09-30 17:59:00,DADA
19.955,20.0,19.955,19.98,2398,2021-09-30 18:00:00,DADA
20.01,20.01,20.01,20.01,100,2021-09-30 18:01:00,DADA
20.01,20.03,20.01,20.03,1100,2021-09-30 18:02:00,DADA
20.01,20.01,20.01,20.01,100,2021-09-30 18:03:00,DADA
20.02,20.02,20.02,20.02,100,2021-09-30 18:04:00,DADA
20.03,20.03,20.015,20.015,638,2021-09-30 18:05:00,DADA
20.03,20.03,20.0,20.01,1620,2021-09-30 18:06:00,DADA
20.02,20.02,20.0,20.02,2886,2021-09-30 18:08:00,DADA
19.99,20.01,19.99,20.01,700,2021-09-30 18:09:00,DADA
20.01,20.01,20.01,20.01,200,2021-09-30 18:10:00,DADA
20.03,20.03,20.0,20.0,1940,2021-09-30 18:11:00,DADA
20.01,20.06,20.01,20.035,7737,2021-09-30 18:12:00,DADA
20.03,20.03,20.02,20.03,1000,2021-09-30 18:13:00,DADA
20.015,20.015,20.015,20.015,100,2021-09-30 18:14:00,DADA
20.0,20.01,19.99,20.0,2121,2021-09-30 18:15:00,DADA
20.02,20.03,20.0,20.0,8994,2021-09-30 18:16:00,DADA
20.0,20.0,19.975,19.975,622,2021-09-30 18:17:00,DADA
19.975,19.975,19.975,19.975,200,2021-09-30 18:18:00,DADA
19.97,19.99,19.97,19.99,1921,2021-09-30 18:20:00,DADA
19.975,19.988,19.975,19.975,400,2021-09-30 18:21:00,DADA
19.975,19.988,19.975,19.988,300,2021-09-30 18:22:00,DADA
19.96,19.96,19.95,19.95,2020,2021-09-30 18:23:00,DADA
19.95,19.95,19.93,19.93,2047,2021-09-30 18:24:00,DADA
19.92,19.95,19.9,19.95,2773,2021-09-30 18:25:00,DADA
19.93,19.935,19.93,19.935,200,2021-09-30 18:26:00,DADA
19.95,19.95,19.93,19.945,1103,2021-09-30 18:27:00,DADA
19.96,19.98,19.95,19.98,1607,2021-09-30 18:29:00,DADA
19.99,20.01,19.99,19.99,817,2021-09-30 18:30:00,DADA
19.97,19.97,19.97,19.97,100,2021-09-30 18:32:00,DADA
20.0,20.0,20.0,20.0,100,2021-09-30 18:33:00,DADA
19.9999,19.9999,19.9999,19.9999,100,2021-09-30 18:34:00,DADA
19.98,19.99,19.97,19.97,2700,2021-09-30 18:35:00,DADA
19.96,19.97,19.935,19.935,1100,2021-09-30 18:36:00,DADA
19.935,19.95,19.93,19.93,718,2021-09-30 18:37:00,DADA
19.92,19.95,19.92,19.95,523,2021-09-30 18:38:00,DADA
19.935,19.935,19.92,19.92,200,2021-09-30 18:39:00,DADA
19.92,19.94,19.92,19.92,400,2021-09-30 18:40:00,DADA
19.93,19.94,19.92,19.92,728,2021-09-30 18:41:00,DADA
19.95,19.95,19.95,19.95,420,2021-09-30 18:42:00,DADA
19.93,19.94,19.92,19.94,2984,2021-09-30 18:43:00,DADA
19.94,19.94,19.94,19.94,203,2021-09-30 18:44:00,DADA
19.96,19.97,19.96,19.97,939,2021-09-30 18:45:00,DADA
19.99,19.99,19.99,19.99,600,2021-09-30 18:47:00,DADA
20.0,20.0,20.0,20.0,100,2021-09-30 18:48:00,DADA
19.98,19.98,19.98,19.98,100,2021-09-30 18:49:00,DADA
19.99,19.99,19.965,19.98,6000,2021-09-30 18:50:00,DADA
19.98,19.98,19.955,19.955,700,2021-09-30 18:51:00,DADA
19.92,19.97,19.92,19.97,800,2021-09-30 18:52:00,DADA
19.945,19.945,19.945,19.945,100,2021-09-30 18:53:00,DADA
19.95,19.95,19.935,19.935,1226,2021-09-30 18:54:00,DADA
19.935,19.95,19.935,19.95,200,2021-09-30 18:55:00,DADA
19.95,19.96,19.93,19.93,1718,2021-09-30 18:56:00,DADA
19.9301,19.9301,19.9301,19.9301,200,2021-09-30 18:57:00,DADA
19.96,19.96,19.96,19.96,500,2021-09-30 18:58:00,DADA
19.97,19.97,19.955,19.955,300,2021-09-30 18:59:00,DADA
19.955,19.955,19.955,19.955,214,2021-09-30 19:00:00,DADA
19.95,19.96,19.95,19.96,1094,2021-09-30 19:01:00,DADA
19.96,19.9699,19.95,19.9699,1519,2021-09-30 19:02:00,DADA
19.96,19.97,19.92,19.92,10405,2021-09-30 19:03:00,DADA
19.92,19.965,19.9,19.965,1445,2021-09-30 19:04:00,DADA
19.95,19.95,19.92,19.92,1920,2021-09-30 19:05:00,DADA
19.93,19.95,19.93,19.94,1152,2021-09-30 19:06:00,DADA
19.93,19.94,19.93,19.94,200,2021-09-30 19:07:00,DADA
19.925,19.925,19.925,19.925,314,2021-09-30 19:08:00,DADA
19.92,19.93,19.915,19.93,1892,2021-09-30 19:09:00,DADA
19.94,19.98,19.94,19.98,2118,2021-09-30 19:10:00,DADA
19.975,19.975,19.975,19.975,200,2021-09-30 19:11:00,DADA
19.975,19.975,19.97,19.97,500,2021-09-30 19:12:00,DADA
19.96,19.96,19.96,19.96,920,2021-09-30 19:13:00,DADA
19.97,19.98,19.97,19.98,1622,2021-09-30 19:14:00,DADA
19.9988,20.0151,19.9988,20.0151,2600,2021-09-30 19:15:00,DADA
20.0,20.01,20.0,20.01,500,2021-09-30 19:16:00,DADA
19.99,19.99,19.98,19.98,800,2021-09-30 19:17:00,DADA
19.98,19.98,19.98,19.98,200,2021-09-30 19:18:00,DADA
19.97,20.02,19.97,20.02,2135,2021-09-30 19:19:00,DADA
19.98,19.98,19.96,19.975,1604,2021-09-30 19:21:00,DADA
19.98,19.98,19.94,19.945,650,2021-09-30 19:23:00,DADA
19.95,19.95,19.91,19.91,1736,2021-09-30 19:24:00,DADA
19.91,19.93,19.9,19.93,900,2021-09-30 19:25:00,DADA
19.915,19.915,19.9,19.9,567,2021-09-30 19:26:00,DADA
19.92,19.94,19.92,19.94,3149,2021-09-30 19:27:00,DADA
19.94,19.96,19.94,19.94,1157,2021-09-30 19:28:00,DADA
19.92,19.94,19.915,19.94,500,2021-09-30 19:29:00,DADA
19.93,19.94,19.91,19.93,3009,2021-09-30 19:30:00,DADA
19.94,19.96,19.94,19.96,608,2021-09-30 19:31:00,DADA
19.97,19.99,19.97,19.97,1250,2021-09-30 19:32:00,DADA
19.98,19.989,19.98,19.989,952,2021-09-30 19:33:00,DADA
19.99,20.05,19.99,20.05,600,2021-09-30 19:34:00,DADA
20.015,20.015,20.015,20.015,300,2021-09-30 19:35:00,DADA
20.03,20.03,20.015,20.015,1225,2021-09-30 19:36:00,DADA
20.03,20.03,20.01,20.02,1270,2021-09-30 19:37:00,DADA
20.04,20.04,20.01,20.02,600,2021-09-30 19:38:00,DADA
20.0,20.03,20.0,20.01,1328,2021-09-30 19:39:00,DADA
20.02,20.03,20.01,20.01,1077,2021-09-30 19:40:00,DADA
20.03,20.03,19.98,20.0,2479,2021-09-30 19:41:00,DADA
19.99,20.01,19.985,19.99,2646,2021-09-30 19:42:00,DADA
19.98,20.02,19.98,20.02,1255,2021-09-30 19:43:00,DADA
20.0,20.0,19.98,20.0,1400,2021-09-30 19:44:00,DADA
20.0,20.01,19.98,19.98,3070,2021-09-30 19:45:00,DADA
19.99,20.0,19.99,19.99,1220,2021-09-30 19:46:00,DADA
19.999,20.05,19.999,20.04,2314,2021-09-30 19:47:00,DADA
20.045,20.06,20.035,20.035,900,2021-09-30 19:48:00,DADA
20.04,20.05,20.02,20.02,1115,2021-09-30 19:49:00,DADA
20.02,20.02,19.97,20.01,2340,2021-09-30 19:50:00,DADA
19.99,20.03,19.99,20.015,3046,2021-09-30 19:51:00,DADA
20.015,20.03,20.0,20.0,1712,2021-09-30 19:52:00,DADA
20.01,20.05,20.01,20.05,4747,2021-09-30 19:53:00,DADA
20.035,20.05,19.99,19.99,2859,2021-09-30 19:54:00,DADA
20.02,20.04,19.96,20.04,4577,2021-09-30 19:55:00,DADA
20.04,20.09,20.035,20.08,4054,2021-09-30 19:56:00,DADA
20.09,20.09,20.04,20.05,3906,2021-09-30 19:57:00,DADA
20.04,20.06,20.03,20.05,13029,2021-09-30 19:58:00,DADA
20.05,20.08,20.02,20.03,7775,2021-09-30 19:59:00,DADA
20.04,20.04,20.04,20.04,73248,2021-09-30 20:00:00,DADA
20.04,20.04,20.04,20.04,658,2021-09-30 20:04:00,DADA
20.01,20.01,20.01,20.01,100,2021-09-30 21:03:00,DADA
