open,high,low,close,volume,datetime,symbol
15.98,16.0,15.98,15.98,926,2021-09-01 13:30:00,XBIT
16.17,16.17,16.17,16.17,100,2021-09-01 13:33:00,XBIT
16.155,16.155,16.155,16.155,100,2021-09-01 13:34:00,XBIT
16.0599,16.0599,16.0599,16.0599,100,2021-09-01 14:00:00,XBIT
16.07,16.08,16.07,16.08,300,2021-09-01 14:41:00,XBIT
16.14,16.14,16.12,16.14,700,2021-09-01 14:42:00,XBIT
16.11,16.11,16.11,16.11,100,2021-09-01 14:48:00,XBIT
16.11,16.11,16.11,16.11,200,2021-09-01 14:49:00,XBIT
16.135,16.135,16.135,16.135,100,2021-09-01 14:57:00,XBIT
16.08,16.08,16.07,16.07,320,2021-09-01 15:03:00,XBIT
16.05,16.05,16.05,16.05,100,2021-09-01 15:04:00,XBIT
16.06,16.11,16.06,16.11,321,2021-09-01 15:07:00,XBIT
16.07,16.07,16.07,16.07,100,2021-09-01 15:08:00,XBIT
15.95,15.96,15.95,15.96,200,2021-09-01 15:21:00,XBIT
15.955,15.955,15.95,15.95,500,2021-09-01 15:22:00,XBIT
15.98,15.98,15.95,15.9775,400,2021-09-01 15:28:00,XBIT
15.945,15.945,15.945,15.945,100,2021-09-01 15:36:00,XBIT
15.97,15.97,15.97,15.97,100,2021-09-01 15:45:00,XBIT
16.01,16.01,16.01,16.01,100,2021-09-01 15:46:00,XBIT
16.0,16.0,16.0,16.0,1892,2021-09-01 15:47:00,XBIT
15.98,16.0,15.98,16.0,941,2021-09-01 15:51:00,XBIT
15.985,15.985,15.985,15.985,100,2021-09-01 15:53:00,XBIT
16.02,16.02,16.02,16.02,200,2021-09-01 15:59:00,XBIT
16.09,16.09,16.09,16.09,100,2021-09-01 16:13:00,XBIT
16.09,16.09,16.09,16.09,100,2021-09-01 16:15:00,XBIT
16.13,16.14,16.13,16.14,200,2021-09-01 16:26:00,XBIT
16.17,16.2,16.17,16.17,2744,2021-09-01 16:35:00,XBIT
16.2,16.2,16.2,16.2,200,2021-09-01 16:38:00,XBIT
16.2,16.2,16.2,16.2,2718,2021-09-01 16:39:00,XBIT
16.17,16.17,16.17,16.17,100,2021-09-01 16:40:00,XBIT
16.16,16.16,16.16,16.16,228,2021-09-01 16:41:00,XBIT
16.12,16.12,16.12,16.12,100,2021-09-01 16:43:00,XBIT
16.08,16.08,16.08,16.08,126,2021-09-01 16:52:00,XBIT
16.2,16.2,16.2,16.2,100,2021-09-01 17:08:00,XBIT
16.11,16.11,16.11,16.11,325,2021-09-01 17:25:00,XBIT
16.12,16.12,16.12,16.12,100,2021-09-01 17:28:00,XBIT
16.12,16.12,16.12,16.12,300,2021-09-01 17:29:00,XBIT
16.2,16.2,16.2,16.2,100,2021-09-01 17:37:00,XBIT
16.18,16.18,16.18,16.18,200,2021-09-01 17:40:00,XBIT
16.17,16.17,16.16,16.16,200,2021-09-01 17:43:00,XBIT
16.13,16.13,16.13,16.13,100,2021-09-01 17:45:00,XBIT
16.165,16.165,16.165,16.165,500,2021-09-01 17:48:00,XBIT
16.18,16.18,16.18,16.18,100,2021-09-01 17:49:00,XBIT
16.16,16.16,16.16,16.16,100,2021-09-01 17:52:00,XBIT
16.2,16.2,16.2,16.2,100,2021-09-01 17:58:00,XBIT
16.2,16.2,16.18,16.18,1700,2021-09-01 18:01:00,XBIT
16.19,16.19,16.19,16.19,100,2021-09-01 18:16:00,XBIT
16.14,16.14,16.14,16.14,100,2021-09-01 18:19:00,XBIT
16.19,16.19,16.19,16.19,200,2021-09-01 18:20:00,XBIT
16.16,16.16,16.16,16.16,100,2021-09-01 18:28:00,XBIT
16.15,16.15,16.15,16.15,100,2021-09-01 18:29:00,XBIT
16.2,16.2,16.2,16.2,100,2021-09-01 18:38:00,XBIT
16.14,16.14,16.14,16.14,100,2021-09-01 18:45:00,XBIT
16.18,16.18,16.15,16.15,200,2021-09-01 18:49:00,XBIT
16.13,16.13,16.13,16.13,100,2021-09-01 18:55:00,XBIT
16.14,16.14,16.14,16.14,100,2021-09-01 18:56:00,XBIT
16.11,16.12,16.11,16.11,300,2021-09-01 19:04:00,XBIT
16.15,16.15,16.13,16.13,300,2021-09-01 19:26:00,XBIT
16.13,16.13,16.09,16.09,600,2021-09-01 19:39:00,XBIT
16.095,16.095,16.095,16.095,100,2021-09-01 19:46:00,XBIT
16.11,16.11,16.1,16.1,400,2021-09-01 19:52:00,XBIT
16.15,16.15,16.15,16.15,200,2021-09-01 19:54:00,XBIT
16.15,16.15,16.15,16.15,100,2021-09-01 19:55:00,XBIT
16.1282,16.1282,16.08,16.08,340,2021-09-01 19:59:00,XBIT
16.14,16.14,16.14,16.14,1897,2021-09-01 20:00:00,XBIT
16.14,16.14,16.14,16.14,205,2021-09-02 13:30:00,XBIT
16.1,16.1,16.1,16.1,315,2021-09-02 13:40:00,XBIT
16.1,16.1,16.1,16.1,100,2021-09-02 13:41:00,XBIT
16.0501,16.0501,16.0501,16.0501,100,2021-09-02 13:45:00,XBIT
16.0601,16.0601,16.0601,16.0601,4800,2021-09-02 14:03:00,XBIT
16.19,16.19,16.19,16.19,100,2021-09-02 14:43:00,XBIT
16.19,16.19,16.19,16.19,100,2021-09-02 14:57:00,XBIT
16.15,16.15,16.15,16.15,195,2021-09-02 15:04:00,XBIT
16.15,16.15,16.15,16.15,100,2021-09-02 15:05:00,XBIT
16.13,16.13,16.13,16.13,100,2021-09-02 15:54:00,XBIT
16.18,16.18,16.18,16.18,200,2021-09-02 16:07:00,XBIT
16.15,16.15,16.15,16.15,240,2021-09-02 16:21:00,XBIT
16.17,16.18,16.17,16.18,700,2021-09-02 16:47:00,XBIT
16.14,16.14,16.14,16.14,100,2021-09-02 16:54:00,XBIT
16.19,16.19,16.19,16.19,800,2021-09-02 17:07:00,XBIT
16.14,16.14,16.14,16.14,100,2021-09-02 17:19:00,XBIT
16.13,16.13,16.13,16.13,100,2021-09-02 17:20:00,XBIT
16.17,16.17,16.17,16.17,200,2021-09-02 17:34:00,XBIT
16.15,16.15,16.15,16.15,100,2021-09-02 17:38:00,XBIT
16.14,16.14,16.14,16.14,200,2021-09-02 18:32:00,XBIT
16.13,16.13,16.13,16.13,100,2021-09-02 18:38:00,XBIT
16.14,16.14,16.13,16.13,200,2021-09-02 18:45:00,XBIT
16.12,16.12,16.12,16.12,200,2021-09-02 18:52:00,XBIT
16.16,16.16,16.12,16.12,800,2021-09-02 18:58:00,XBIT
16.13,16.13,16.13,16.13,200,2021-09-02 19:06:00,XBIT
16.12,16.12,16.12,16.12,193,2021-09-02 19:13:00,XBIT
16.12,16.12,16.12,16.12,100,2021-09-02 19:20:00,XBIT
16.12,16.12,16.12,16.12,182,2021-09-02 19:26:00,XBIT
16.1,16.1,16.1,16.1,100,2021-09-02 19:31:00,XBIT
16.1114,16.1114,16.11,16.11,300,2021-09-02 19:36:00,XBIT
16.14,16.14,16.14,16.14,100,2021-09-02 19:37:00,XBIT
16.11,16.14,16.11,16.14,370,2021-09-02 19:40:00,XBIT
16.11,16.11,16.11,16.11,100,2021-09-02 19:44:00,XBIT
16.11,16.11,16.11,16.11,100,2021-09-02 19:46:00,XBIT
16.135,16.135,16.135,16.135,100,2021-09-02 19:47:00,XBIT
16.1,16.1,16.1,16.1,100,2021-09-02 19:50:00,XBIT
16.1,16.1,16.1,16.1,200,2021-09-02 19:52:00,XBIT
16.15,16.15,16.15,16.15,100,2021-09-02 19:53:00,XBIT
16.1,16.11,16.1,16.11,200,2021-09-02 19:55:00,XBIT
16.1,16.1,16.08,16.09,578,2021-09-02 19:57:00,XBIT
16.12,16.12,16.08,16.1,813,2021-09-02 19:59:00,XBIT
16.09,16.09,16.09,16.09,3038,2021-09-02 20:00:00,XBIT
16.04,16.04,16.04,16.04,494,2021-09-03 13:30:00,XBIT
16.09,16.09,16.09,16.09,200,2021-09-03 14:50:00,XBIT
16.065,16.065,16.065,16.065,100,2021-09-03 14:55:00,XBIT
16.0589,16.0589,16.0589,16.0589,1500,2021-09-03 14:59:00,XBIT
16.06,16.06,16.06,16.06,500,2021-09-03 15:01:00,XBIT
16.02,16.02,16.02,16.02,100,2021-09-03 15:03:00,XBIT
16.06,16.0601,16.06,16.0601,400,2021-09-03 15:11:00,XBIT
16.045,16.06,16.03,16.05,800,2021-09-03 15:28:00,XBIT
16.07,16.07,16.07,16.07,100,2021-09-03 15:45:00,XBIT
16.05,16.05,16.05,16.05,100,2021-09-03 15:53:00,XBIT
16.03,16.03,16.03,16.03,100,2021-09-03 16:01:00,XBIT
16.05,16.05,16.04,16.04,200,2021-09-03 16:04:00,XBIT
16.04,16.04,16.04,16.04,222,2021-09-03 16:06:00,XBIT
16.05,16.05,16.05,16.05,100,2021-09-03 16:08:00,XBIT
16.03,16.03,16.03,16.03,100,2021-09-03 16:13:00,XBIT
16.05,16.05,16.05,16.05,100,2021-09-03 16:24:00,XBIT
16.02,16.02,16.01,16.02,300,2021-09-03 16:46:00,XBIT
16.0,16.0,15.98,15.98,3161,2021-09-03 16:47:00,XBIT
15.9,15.92,15.9,15.92,400,2021-09-03 17:14:00,XBIT
15.93,15.99,15.93,15.99,507,2021-09-03 17:26:00,XBIT
15.96,15.96,15.96,15.96,100,2021-09-03 17:40:00,XBIT
15.99,15.99,15.99,15.99,100,2021-09-03 18:21:00,XBIT
15.95,15.95,15.95,15.95,100,2021-09-03 18:41:00,XBIT
15.95,15.95,15.95,15.95,100,2021-09-03 18:51:00,XBIT
15.9842,15.9842,15.9842,15.9842,1000,2021-09-03 19:14:00,XBIT
15.98,15.98,15.98,15.98,200,2021-09-03 19:19:00,XBIT
16.0,16.01,16.0,16.01,1084,2021-09-03 19:25:00,XBIT
16.03,16.03,16.03,16.03,100,2021-09-03 19:30:00,XBIT
16.03,16.03,16.03,16.03,100,2021-09-03 19:36:00,XBIT
16.01,16.01,16.01,16.01,100,2021-09-03 19:38:00,XBIT
16.0,16.0,16.0,16.0,200,2021-09-03 19:49:00,XBIT
15.98,16.0,15.98,16.0,300,2021-09-03 19:50:00,XBIT
15.98,15.98,15.9,15.9,300,2021-09-03 19:59:00,XBIT
15.92,15.92,15.92,15.92,2366,2021-09-03 20:00:00,XBIT
15.84,15.84,15.84,15.84,2320,2021-09-07 13:30:00,XBIT
15.83,15.83,15.83,15.83,400,2021-09-07 13:32:00,XBIT
15.83,15.83,15.83,15.83,1133,2021-09-07 14:04:00,XBIT
15.833,15.833,15.833,15.833,250,2021-09-07 14:08:00,XBIT
15.82,15.82,15.77,15.81,1089,2021-09-07 14:41:00,XBIT
15.78,15.79,15.74,15.74,3000,2021-09-07 14:42:00,XBIT
15.76,15.76,15.76,15.76,400,2021-09-07 14:53:00,XBIT
15.79,15.79,15.79,15.79,200,2021-09-07 14:56:00,XBIT
15.84,15.9,15.84,15.84,1978,2021-09-07 15:03:00,XBIT
15.865,15.865,15.865,15.865,100,2021-09-07 15:06:00,XBIT
15.84,15.84,15.84,15.84,100,2021-09-07 15:09:00,XBIT
15.84,15.84,15.77,15.77,1410,2021-09-07 15:26:00,XBIT
15.76,15.8,15.71,15.75,2823,2021-09-07 15:35:00,XBIT
15.72,15.72,15.67,15.67,300,2021-09-07 15:48:00,XBIT
15.72,15.72,15.72,15.72,119,2021-09-07 15:52:00,XBIT
15.7,15.735,15.66,15.71,1152,2021-09-07 16:01:00,XBIT
15.66,15.715,15.66,15.715,1025,2021-09-07 16:04:00,XBIT
15.68,15.68,15.68,15.68,100,2021-09-07 16:09:00,XBIT
15.74,15.74,15.73,15.73,200,2021-09-07 16:10:00,XBIT
15.73,15.73,15.73,15.73,100,2021-09-07 16:12:00,XBIT
15.76,15.76,15.76,15.76,100,2021-09-07 16:44:00,XBIT
15.77,15.77,15.77,15.77,100,2021-09-07 17:01:00,XBIT
15.8,15.8,15.8,15.8,225,2021-09-07 17:02:00,XBIT
15.81,15.81,15.81,15.81,200,2021-09-07 18:03:00,XBIT
15.775,15.79,15.75,15.79,300,2021-09-07 18:04:00,XBIT
15.815,15.87,15.815,15.87,200,2021-09-07 18:15:00,XBIT
15.835,15.835,15.835,15.835,100,2021-09-07 18:25:00,XBIT
15.835,15.835,15.835,15.835,100,2021-09-07 18:27:00,XBIT
15.83,15.83,15.83,15.83,100,2021-09-07 18:29:00,XBIT
15.78,15.86,15.78,15.86,200,2021-09-07 18:31:00,XBIT
15.795,15.795,15.795,15.795,100,2021-09-07 18:37:00,XBIT
15.755,15.755,15.755,15.755,100,2021-09-07 19:03:00,XBIT
15.75,15.75,15.75,15.75,100,2021-09-07 19:22:00,XBIT
15.77,15.77,15.77,15.77,100,2021-09-07 19:27:00,XBIT
15.78,15.78,15.765,15.765,200,2021-09-07 19:39:00,XBIT
15.75,15.76,15.73,15.76,1107,2021-09-07 19:41:00,XBIT
15.755,15.8,15.755,15.8,900,2021-09-07 19:48:00,XBIT
15.74,15.74,15.74,15.74,100,2021-09-07 19:50:00,XBIT
15.75,15.75,15.75,15.75,147,2021-09-07 19:54:00,XBIT
15.75,15.75,15.75,15.75,200,2021-09-07 19:55:00,XBIT
15.78,15.78,15.78,15.78,100,2021-09-07 19:56:00,XBIT
15.79,15.79,15.79,15.79,100,2021-09-07 19:57:00,XBIT
15.74,15.76,15.74,15.76,200,2021-09-07 19:58:00,XBIT
15.73,15.76,15.73,15.75,369,2021-09-07 19:59:00,XBIT
15.71,15.71,15.71,15.71,2101,2021-09-07 20:00:00,XBIT
15.75,15.75,15.75,15.75,717,2021-09-08 13:30:00,XBIT
15.75,15.75,15.75,15.75,512,2021-09-08 13:35:00,XBIT
15.65,15.65,15.65,15.65,100,2021-09-08 13:36:00,XBIT
15.6,15.6,15.6,15.6,100,2021-09-08 13:41:00,XBIT
15.65,15.65,15.65,15.65,100,2021-09-08 14:01:00,XBIT
15.69,15.69,15.69,15.69,195,2021-09-08 14:09:00,XBIT
15.7,15.7,15.7,15.7,100,2021-09-08 14:21:00,XBIT
15.57,15.57,15.57,15.57,295,2021-09-08 14:35:00,XBIT
15.55,15.55,15.55,15.55,100,2021-09-08 14:39:00,XBIT
15.58,15.59,15.58,15.59,500,2021-09-08 14:57:00,XBIT
15.54,15.67,15.54,15.55,3163,2021-09-08 15:01:00,XBIT
15.625,15.625,15.625,15.625,138,2021-09-08 15:05:00,XBIT
15.68,15.68,15.67,15.67,200,2021-09-08 15:21:00,XBIT
15.685,15.685,15.685,15.685,100,2021-09-08 15:23:00,XBIT
15.66,15.66,15.66,15.66,200,2021-09-08 15:29:00,XBIT
15.64,15.64,15.64,15.64,100,2021-09-08 15:30:00,XBIT
15.65,15.65,15.65,15.65,100,2021-09-08 15:35:00,XBIT
15.67,15.67,15.67,15.67,200,2021-09-08 15:59:00,XBIT
15.67,15.67,15.67,15.67,100,2021-09-08 16:00:00,XBIT
15.67,15.67,15.67,15.67,200,2021-09-08 16:01:00,XBIT
15.685,15.74,15.685,15.74,805,2021-09-08 16:02:00,XBIT
15.745,15.745,15.745,15.745,100,2021-09-08 16:04:00,XBIT
15.77,15.8,15.77,15.8,200,2021-09-08 16:05:00,XBIT
15.89,15.89,15.89,15.89,212,2021-09-08 16:07:00,XBIT
15.77,15.77,15.77,15.77,100,2021-09-08 16:09:00,XBIT
15.79,15.79,15.79,15.79,100,2021-09-08 16:13:00,XBIT
15.78,15.78,15.78,15.78,300,2021-09-08 17:02:00,XBIT
15.76,15.76,15.76,15.76,100,2021-09-08 17:12:00,XBIT
15.73,15.73,15.73,15.73,100,2021-09-08 17:49:00,XBIT
15.67,15.67,15.67,15.67,100,2021-09-08 18:40:00,XBIT
15.73,15.73,15.73,15.73,100,2021-09-08 19:27:00,XBIT
15.74,15.74,15.74,15.74,100,2021-09-08 19:39:00,XBIT
15.73,15.73,15.73,15.73,200,2021-09-08 19:49:00,XBIT
15.689,15.689,15.689,15.689,105,2021-09-08 19:56:00,XBIT
15.71,15.71,15.65,15.65,400,2021-09-08 19:57:00,XBIT
15.69,15.72,15.69,15.72,200,2021-09-08 19:59:00,XBIT
15.68,15.68,15.68,15.68,5182,2021-09-08 20:00:00,XBIT
15.67,15.68,15.67,15.68,526,2021-09-09 13:30:00,XBIT
15.8129,15.8129,15.8129,15.8129,606,2021-09-09 13:44:00,XBIT
15.81,15.83,15.81,15.83,850,2021-09-09 14:02:00,XBIT
15.81,15.81,15.81,15.81,100,2021-09-09 14:07:00,XBIT
15.82,15.82,15.82,15.82,100,2021-09-09 14:08:00,XBIT
15.82,15.825,15.82,15.825,220,2021-09-09 14:10:00,XBIT
16.0,16.0,15.72,15.72,1700,2021-09-09 14:54:00,XBIT
15.89,15.89,15.89,15.89,200,2021-09-09 15:23:00,XBIT
15.9,15.9,15.9,15.9,190,2021-09-09 16:55:00,XBIT
15.8905,15.8905,15.8905,15.8905,344,2021-09-09 17:18:00,XBIT
15.83,15.885,15.83,15.885,200,2021-09-09 17:19:00,XBIT
15.845,15.845,15.845,15.845,100,2021-09-09 17:34:00,XBIT
15.81,15.875,15.81,15.875,300,2021-09-09 18:55:00,XBIT
15.87,15.87,15.87,15.87,100,2021-09-09 18:58:00,XBIT
15.83,15.83,15.83,15.83,100,2021-09-09 19:07:00,XBIT
15.855,15.855,15.855,15.855,178,2021-09-09 19:19:00,XBIT
15.855,15.855,15.855,15.855,100,2021-09-09 19:27:00,XBIT
15.88,15.88,15.88,15.88,100,2021-09-09 19:51:00,XBIT
15.8,15.84,15.77,15.775,1755,2021-09-09 19:55:00,XBIT
15.7,15.7,15.7,15.7,100,2021-09-09 19:56:00,XBIT
15.69,15.69,15.63,15.63,900,2021-09-09 19:58:00,XBIT
15.65,15.685,15.62,15.64,1918,2021-09-09 19:59:00,XBIT
15.64,15.64,15.64,15.64,6839,2021-09-09 20:00:00,XBIT
15.67,15.695,15.67,15.695,819,2021-09-10 13:30:00,XBIT
15.69,15.69,15.69,15.69,100,2021-09-10 13:32:00,XBIT
15.655,15.655,15.655,15.655,300,2021-09-10 13:57:00,XBIT
15.58,15.58,15.53,15.53,500,2021-09-10 13:58:00,XBIT
15.63,15.63,15.63,15.63,100,2021-09-10 14:01:00,XBIT
15.625,15.625,15.625,15.625,100,2021-09-10 14:17:00,XBIT
15.59,15.59,15.575,15.575,200,2021-09-10 16:07:00,XBIT
15.53,15.53,15.53,15.53,100,2021-09-10 16:08:00,XBIT
15.56,15.56,15.52,15.52,200,2021-09-10 16:10:00,XBIT
15.59,15.59,15.59,15.59,105,2021-09-10 16:13:00,XBIT
15.56,15.56,15.56,15.56,100,2021-09-10 16:14:00,XBIT
15.5,15.56,15.5,15.52,1200,2021-09-10 16:30:00,XBIT
15.53,15.53,15.53,15.53,200,2021-09-10 16:31:00,XBIT
15.57,15.57,15.57,15.57,100,2021-09-10 16:32:00,XBIT
15.555,15.555,15.555,15.555,100,2021-09-10 16:33:00,XBIT
15.64,15.64,15.64,15.64,100,2021-09-10 16:35:00,XBIT
15.635,15.635,15.635,15.635,100,2021-09-10 16:42:00,XBIT
15.67,15.67,15.67,15.67,200,2021-09-10 17:10:00,XBIT
15.64,15.64,15.64,15.64,100,2021-09-10 17:11:00,XBIT
15.67,15.67,15.67,15.67,100,2021-09-10 17:14:00,XBIT
15.73,15.73,15.72,15.72,300,2021-09-10 17:20:00,XBIT
15.78,15.78,15.78,15.78,100,2021-09-10 17:21:00,XBIT
15.74,15.74,15.74,15.74,100,2021-09-10 17:23:00,XBIT
15.69,15.69,15.685,15.685,200,2021-09-10 17:52:00,XBIT
15.72,15.72,15.72,15.72,100,2021-09-10 18:00:00,XBIT
15.68,15.68,15.68,15.68,100,2021-09-10 18:04:00,XBIT
15.795,15.85,15.795,15.85,200,2021-09-10 18:41:00,XBIT
15.79,15.79,15.79,15.79,100,2021-09-10 19:09:00,XBIT
15.78,15.78,15.78,15.78,100,2021-09-10 19:15:00,XBIT
15.71,15.71,15.71,15.71,100,2021-09-10 19:20:00,XBIT
15.7332,15.7332,15.7332,15.7332,200,2021-09-10 19:29:00,XBIT
15.77,15.77,15.77,15.77,100,2021-09-10 19:32:00,XBIT
15.745,15.745,15.745,15.745,200,2021-09-10 19:34:00,XBIT
15.74,15.78,15.74,15.78,300,2021-09-10 19:37:00,XBIT
15.76,15.76,15.76,15.76,100,2021-09-10 19:38:00,XBIT
15.76,15.76,15.76,15.76,100,2021-09-10 19:41:00,XBIT
15.78,15.78,15.78,15.78,200,2021-09-10 19:42:00,XBIT
15.7601,15.7601,15.7601,15.7601,300,2021-09-10 19:47:00,XBIT
15.79,15.79,15.79,15.79,100,2021-09-10 19:48:00,XBIT
15.78,15.78,15.78,15.78,100,2021-09-10 19:50:00,XBIT
15.735,15.735,15.735,15.735,100,2021-09-10 19:53:00,XBIT
15.725,15.725,15.725,15.725,100,2021-09-10 19:54:00,XBIT
15.78,15.78,15.78,15.78,100,2021-09-10 19:56:00,XBIT
15.76,15.76,15.76,15.76,200,2021-09-10 19:57:00,XBIT
15.73,15.77,15.71,15.71,755,2021-09-10 19:59:00,XBIT
15.7,15.7,15.7,15.7,7272,2021-09-10 20:00:00,XBIT
15.7,15.7,15.7,15.7,181,2021-09-10 20:01:00,XBIT
15.85,15.85,15.85,15.85,4065,2021-09-13 13:30:00,XBIT
15.71,15.71,15.71,15.71,200,2021-09-13 14:00:00,XBIT
15.72,15.72,15.72,15.72,200,2021-09-13 14:13:00,XBIT
15.82,15.82,15.77,15.77,1534,2021-09-13 14:15:00,XBIT
15.77,15.77,15.77,15.77,100,2021-09-13 14:22:00,XBIT
15.73,15.73,15.73,15.73,100,2021-09-13 14:35:00,XBIT
15.74,15.74,15.74,15.74,100,2021-09-13 14:47:00,XBIT
15.7632,15.8,15.7,15.8,2500,2021-09-13 15:10:00,XBIT
15.7,15.7,15.7,15.7,100,2021-09-13 15:19:00,XBIT
15.745,15.745,15.745,15.745,100,2021-09-13 15:39:00,XBIT
15.75,15.75,15.75,15.75,100,2021-09-13 16:11:00,XBIT
15.79,15.79,15.79,15.79,300,2021-09-13 16:16:00,XBIT
15.8138,15.8138,15.8138,15.8138,100,2021-09-13 16:18:00,XBIT
15.78,15.78,15.72,15.72,313,2021-09-13 16:20:00,XBIT
15.74,15.74,15.74,15.74,450,2021-09-13 16:29:00,XBIT
15.77,15.77,15.76,15.76,209,2021-09-13 16:38:00,XBIT
15.74,15.74,15.74,15.74,100,2021-09-13 17:00:00,XBIT
15.74,15.74,15.74,15.74,100,2021-09-13 17:05:00,XBIT
15.7,15.7,15.7,15.7,350,2021-09-13 17:08:00,XBIT
15.7,15.7,15.7,15.7,100,2021-09-13 17:11:00,XBIT
15.735,15.735,15.735,15.735,100,2021-09-13 17:29:00,XBIT
15.64,15.64,15.64,15.64,100,2021-09-13 17:49:00,XBIT
15.62,15.63,15.62,15.63,400,2021-09-13 18:34:00,XBIT
15.67,15.67,15.67,15.67,300,2021-09-13 18:49:00,XBIT
15.625,15.625,15.625,15.625,100,2021-09-13 18:50:00,XBIT
15.649,15.649,15.649,15.649,128,2021-09-13 18:55:00,XBIT
15.66,15.66,15.62,15.62,200,2021-09-13 18:57:00,XBIT
15.64,15.64,15.64,15.64,100,2021-09-13 19:03:00,XBIT
15.62,15.62,15.62,15.62,100,2021-09-13 19:28:00,XBIT
15.63,15.642,15.63,15.642,500,2021-09-13 19:36:00,XBIT
15.63,15.63,15.6,15.63,779,2021-09-13 19:37:00,XBIT
15.615,15.615,15.615,15.615,100,2021-09-13 19:39:00,XBIT
15.59,15.59,15.59,15.59,100,2021-09-13 19:44:00,XBIT
15.59,15.59,15.59,15.59,100,2021-09-13 19:47:00,XBIT
15.58,15.58,15.56,15.56,400,2021-09-13 19:53:00,XBIT
15.585,15.585,15.585,15.585,100,2021-09-13 19:54:00,XBIT
15.585,15.585,15.585,15.585,100,2021-09-13 19:55:00,XBIT
15.585,15.61,15.585,15.61,200,2021-09-13 19:57:00,XBIT
15.56,15.575,15.55,15.575,1582,2021-09-13 19:59:00,XBIT
15.55,15.55,15.55,15.55,2674,2021-09-13 20:00:00,XBIT
15.71,15.71,15.71,15.71,615,2021-09-14 13:30:00,XBIT
15.7897,15.7897,15.7897,15.7897,128,2021-09-14 13:44:00,XBIT
15.67,15.67,15.67,15.67,600,2021-09-14 14:10:00,XBIT
15.6356,15.77,15.6356,15.77,1100,2021-09-14 14:29:00,XBIT
15.6,15.6,15.6,15.6,100,2021-09-14 14:30:00,XBIT
15.63,15.63,15.63,15.63,100,2021-09-14 15:17:00,XBIT
15.56,15.56,15.56,15.56,100,2021-09-14 15:41:00,XBIT
15.6,15.6,15.6,15.6,100,2021-09-14 16:14:00,XBIT
15.59,15.59,15.58,15.58,350,2021-09-14 16:36:00,XBIT
15.55,15.6,15.53,15.53,5043,2021-09-14 17:03:00,XBIT
15.51,15.51,15.45,15.45,1120,2021-09-14 17:06:00,XBIT
15.48,15.49,15.45,15.49,500,2021-09-14 17:07:00,XBIT
15.46,15.46,15.43,15.43,200,2021-09-14 17:18:00,XBIT
15.475,15.475,15.475,15.475,100,2021-09-14 17:59:00,XBIT
15.53,15.53,15.53,15.53,200,2021-09-14 18:05:00,XBIT
15.48,15.48,15.46,15.46,213,2021-09-14 18:10:00,XBIT
15.49,15.49,15.49,15.49,100,2021-09-14 18:16:00,XBIT
15.43,15.43,15.43,15.43,100,2021-09-14 18:20:00,XBIT
15.44,15.44,15.44,15.44,100,2021-09-14 18:27:00,XBIT
15.43,15.43,15.43,15.43,100,2021-09-14 18:34:00,XBIT
15.45,15.45,15.45,15.45,100,2021-09-14 18:45:00,XBIT
15.45,15.45,15.45,15.45,100,2021-09-14 18:55:00,XBIT
15.43,15.43,15.43,15.43,298,2021-09-14 19:00:00,XBIT
15.42,15.43,15.42,15.43,200,2021-09-14 19:01:00,XBIT
15.41,15.41,15.41,15.41,300,2021-09-14 19:15:00,XBIT
15.4,15.41,15.365,15.365,1229,2021-09-14 19:23:00,XBIT
15.32,15.32,15.255,15.28,6567,2021-09-14 19:24:00,XBIT
15.28,15.28,15.25,15.25,400,2021-09-14 19:25:00,XBIT
15.25,15.2501,15.18,15.25,1244,2021-09-14 19:26:00,XBIT
15.21,15.21,15.21,15.21,200,2021-09-14 19:27:00,XBIT
15.235,15.38,15.19,15.38,9410,2021-09-14 19:28:00,XBIT
15.33,15.33,15.33,15.33,100,2021-09-14 19:43:00,XBIT
15.4,15.43,15.4,15.43,400,2021-09-14 19:45:00,XBIT
15.5,15.5,15.375,15.375,600,2021-09-14 19:46:00,XBIT
15.41,15.41,15.41,15.41,100,2021-09-14 19:50:00,XBIT
15.46,15.46,15.45,15.45,200,2021-09-14 19:54:00,XBIT
15.41,15.46,15.41,15.46,406,2021-09-14 19:55:00,XBIT
15.46,15.5702,15.46,15.495,825,2021-09-14 19:56:00,XBIT
15.52,15.52,15.52,15.52,100,2021-09-14 19:57:00,XBIT
15.52,15.52,15.37,15.48,1146,2021-09-14 19:59:00,XBIT
15.41,15.41,15.41,15.41,5768,2021-09-14 20:00:00,XBIT
15.41,15.41,15.41,15.41,189,2021-09-14 20:01:00,XBIT
15.5,15.5,15.5,15.5,352,2021-09-15 13:30:00,XBIT
15.46,15.46,15.46,15.46,100,2021-09-15 13:57:00,XBIT
15.5,15.5,15.5,15.5,100,2021-09-15 13:58:00,XBIT
15.58,15.58,15.53,15.53,405,2021-09-15 14:51:00,XBIT
15.58,15.58,15.58,15.58,363,2021-09-15 15:14:00,XBIT
15.64,15.64,15.64,15.64,100,2021-09-15 15:20:00,XBIT
15.63,15.66,15.63,15.66,200,2021-09-15 15:31:00,XBIT
15.66,15.68,15.65,15.65,700,2021-09-15 16:16:00,XBIT
15.77,15.77,15.77,15.77,100,2021-09-15 16:29:00,XBIT
15.77,15.77,15.77,15.77,100,2021-09-15 16:34:00,XBIT
15.77,15.77,15.77,15.77,100,2021-09-15 16:39:00,XBIT
15.74,15.75,15.73,15.75,500,2021-09-15 16:48:00,XBIT
15.71,15.71,15.71,15.71,100,2021-09-15 16:49:00,XBIT
15.69,15.69,15.69,15.69,100,2021-09-15 16:58:00,XBIT
15.685,15.685,15.685,15.685,100,2021-09-15 17:05:00,XBIT
15.67,15.68,15.67,15.68,200,2021-09-15 17:08:00,XBIT
15.745,15.745,15.745,15.745,100,2021-09-15 17:20:00,XBIT
15.83,15.83,15.785,15.785,258,2021-09-15 17:29:00,XBIT
15.82,15.82,15.82,15.82,100,2021-09-15 17:31:00,XBIT
15.825,15.825,15.825,15.825,100,2021-09-15 17:39:00,XBIT
15.73,15.73,15.73,15.73,100,2021-09-15 17:45:00,XBIT
15.78,15.84,15.75,15.75,404,2021-09-15 17:48:00,XBIT
15.81,15.81,15.81,15.81,100,2021-09-15 17:50:00,XBIT
15.82,15.82,15.82,15.82,160,2021-09-15 17:54:00,XBIT
15.815,15.815,15.815,15.815,100,2021-09-15 17:58:00,XBIT
15.83,15.83,15.83,15.83,100,2021-09-15 18:08:00,XBIT
15.83,15.83,15.83,15.83,100,2021-09-15 18:18:00,XBIT
15.83,15.83,15.83,15.83,100,2021-09-15 18:28:00,XBIT
15.82,15.82,15.82,15.82,100,2021-09-15 18:31:00,XBIT
15.82,15.82,15.82,15.82,100,2021-09-15 18:48:00,XBIT
15.79,15.79,15.79,15.79,100,2021-09-15 19:07:00,XBIT
15.74,15.74,15.74,15.74,100,2021-09-15 19:08:00,XBIT
15.8,15.8,15.8,15.8,100,2021-09-15 19:18:00,XBIT
15.785,15.785,15.785,15.785,100,2021-09-15 19:26:00,XBIT
15.77,15.78,15.77,15.78,200,2021-09-15 19:30:00,XBIT
15.78,15.78,15.78,15.78,100,2021-09-15 19:31:00,XBIT
15.72,15.76,15.7,15.7,460,2021-09-15 19:38:00,XBIT
15.71,15.71,15.71,15.71,100,2021-09-15 19:41:00,XBIT
15.76,15.76,15.76,15.76,100,2021-09-15 19:42:00,XBIT
15.71,15.74,15.7,15.74,1259,2021-09-15 19:44:00,XBIT
15.74,15.74,15.74,15.74,100,2021-09-15 19:50:00,XBIT
15.74,15.74,15.67,15.68,600,2021-09-15 19:54:00,XBIT
15.7,15.7399,15.7,15.7399,400,2021-09-15 19:56:00,XBIT
15.7,15.7,15.7,15.7,302,2021-09-15 19:57:00,XBIT
15.68,15.73,15.67,15.67,500,2021-09-15 19:58:00,XBIT
15.67,15.72,15.67,15.72,800,2021-09-15 19:59:00,XBIT
15.77,15.77,15.77,15.77,8940,2021-09-15 20:00:00,XBIT
15.75,15.78,15.75,15.75,874,2021-09-16 13:30:00,XBIT
15.47,15.47,15.47,15.47,128,2021-09-16 13:43:00,XBIT
15.4671,15.4671,15.4671,15.4671,207,2021-09-16 13:46:00,XBIT
15.59,15.59,15.59,15.59,100,2021-09-16 13:57:00,XBIT
15.65,15.65,15.65,15.65,100,2021-09-16 14:04:00,XBIT
15.57,15.6,15.52,15.52,900,2021-09-16 14:19:00,XBIT
15.58,15.58,15.58,15.58,100,2021-09-16 14:22:00,XBIT
15.53,15.53,15.5,15.5,300,2021-09-16 14:33:00,XBIT
15.42,15.65,15.42,15.65,200,2021-09-16 14:57:00,XBIT
15.43,15.43,15.43,15.43,100,2021-09-16 14:58:00,XBIT
15.48,15.48,15.48,15.48,100,2021-09-16 15:10:00,XBIT
15.53,15.53,15.53,15.53,100,2021-09-16 15:21:00,XBIT
15.44,15.505,15.44,15.45,500,2021-09-16 15:59:00,XBIT
15.565,15.565,15.565,15.565,100,2021-09-16 16:00:00,XBIT
15.5,15.5,15.5,15.5,100,2021-09-16 16:19:00,XBIT
15.46,15.46,15.46,15.46,182,2021-09-16 16:37:00,XBIT
15.54,15.54,15.42,15.42,200,2021-09-16 16:56:00,XBIT
15.38,15.38,15.38,15.38,100,2021-09-16 17:11:00,XBIT
15.44,15.44,15.44,15.44,100,2021-09-16 17:16:00,XBIT
15.4582,15.4582,15.4582,15.4582,100,2021-09-16 17:17:00,XBIT
15.46,15.46,15.46,15.46,100,2021-09-16 17:28:00,XBIT
15.47,15.505,15.47,15.505,300,2021-09-16 17:48:00,XBIT
15.525,15.525,15.525,15.525,100,2021-09-16 17:59:00,XBIT
15.665,15.665,15.665,15.665,100,2021-09-16 18:29:00,XBIT
15.47,15.47,15.47,15.47,100,2021-09-16 18:30:00,XBIT
15.505,15.505,15.505,15.505,100,2021-09-16 18:31:00,XBIT
15.56,15.57,15.56,15.57,200,2021-09-16 18:38:00,XBIT
15.6,15.6,15.6,15.6,100,2021-09-16 18:59:00,XBIT
15.675,15.675,15.675,15.675,100,2021-09-16 19:05:00,XBIT
15.59,15.59,15.59,15.59,100,2021-09-16 19:06:00,XBIT
15.6,15.6,15.6,15.6,100,2021-09-16 19:13:00,XBIT
15.6,15.6,15.555,15.58,1864,2021-09-16 19:29:00,XBIT
15.58,15.58,15.58,15.58,100,2021-09-16 19:35:00,XBIT
15.58,15.58,15.58,15.58,100,2021-09-16 19:39:00,XBIT
15.59,15.59,15.59,15.59,100,2021-09-16 19:41:00,XBIT
15.58,15.58,15.57,15.57,400,2021-09-16 19:53:00,XBIT
15.64,15.65,15.63,15.65,4577,2021-09-16 19:54:00,XBIT
15.65,15.65,15.59,15.625,2072,2021-09-16 19:55:00,XBIT
15.59,15.59,15.59,15.59,100,2021-09-16 19:58:00,XBIT
15.63,15.645,15.581,15.64,600,2021-09-16 19:59:00,XBIT
15.66,15.66,15.66,15.66,5006,2021-09-16 20:00:00,XBIT
15.57,15.57,15.5,15.51,500,2021-09-17 13:29:00,XBIT
15.58,15.58,15.58,15.58,14500,2021-09-17 13:30:00,XBIT
15.65,15.65,15.65,15.65,200,2021-09-17 15:00:00,XBIT
15.59,15.59,15.59,15.59,191,2021-09-17 15:18:00,XBIT
15.59,15.59,15.59,15.59,100,2021-09-17 15:21:00,XBIT
15.54,15.54,15.54,15.54,100,2021-09-17 15:31:00,XBIT
15.63,15.63,15.63,15.63,100,2021-09-17 15:33:00,XBIT
15.63,15.63,15.63,15.63,100,2021-09-17 15:34:00,XBIT
15.69,15.69,15.69,15.69,100,2021-09-17 16:03:00,XBIT
15.71,15.71,15.5904,15.65,563,2021-09-17 16:35:00,XBIT
15.7,15.7,15.7,15.7,100,2021-09-17 16:44:00,XBIT
15.74,15.74,15.74,15.74,200,2021-09-17 16:45:00,XBIT
15.72,15.72,15.72,15.72,100,2021-09-17 16:58:00,XBIT
15.74,15.74,15.74,15.74,200,2021-09-17 17:08:00,XBIT
15.711,15.711,15.711,15.711,180,2021-09-17 17:17:00,XBIT
15.73,15.73,15.73,15.73,175,2021-09-17 17:22:00,XBIT
15.69,15.69,15.69,15.69,100,2021-09-17 17:37:00,XBIT
15.6,15.6,15.6,15.6,100,2021-09-17 18:01:00,XBIT
15.69,15.69,15.69,15.69,100,2021-09-17 18:24:00,XBIT
15.565,15.565,15.565,15.565,100,2021-09-17 18:43:00,XBIT
15.55,15.55,15.55,15.55,126,2021-09-17 18:44:00,XBIT
15.57,15.57,15.57,15.57,100,2021-09-17 18:45:00,XBIT
15.575,15.575,15.575,15.575,100,2021-09-17 18:48:00,XBIT
15.565,15.565,15.565,15.565,100,2021-09-17 18:51:00,XBIT
15.57,15.57,15.57,15.57,200,2021-09-17 18:52:00,XBIT
15.5599,15.6,15.5599,15.6,567,2021-09-17 18:53:00,XBIT
15.585,15.585,15.585,15.585,100,2021-09-17 18:54:00,XBIT
15.585,15.585,15.585,15.585,100,2021-09-17 18:57:00,XBIT
15.585,15.585,15.585,15.585,100,2021-09-17 18:59:00,XBIT
15.585,15.585,15.585,15.585,100,2021-09-17 19:02:00,XBIT
15.585,15.585,15.585,15.585,100,2021-09-17 19:06:00,XBIT
15.565,15.565,15.565,15.565,100,2021-09-17 19:12:00,XBIT
15.565,15.565,15.565,15.565,100,2021-09-17 19:14:00,XBIT
15.53,15.53,15.53,15.53,100,2021-09-17 19:15:00,XBIT
15.565,15.565,15.565,15.565,100,2021-09-17 19:16:00,XBIT
15.62,15.62,15.55,15.55,200,2021-09-17 19:24:00,XBIT
15.6,15.6,15.6,15.6,400,2021-09-17 19:29:00,XBIT
15.55,15.55,15.55,15.55,100,2021-09-17 19:30:00,XBIT
15.67,15.67,15.67,15.67,100,2021-09-17 19:42:00,XBIT
15.6944,15.6944,15.6944,15.6944,100,2021-09-17 19:47:00,XBIT
15.75,16.0,15.705,15.77,10574,2021-09-17 19:50:00,XBIT
15.97,15.99,15.81,15.99,1422,2021-09-17 19:51:00,XBIT
15.91,15.91,15.89,15.89,600,2021-09-17 19:52:00,XBIT
15.945,16.01,15.89,15.89,2644,2021-09-17 19:53:00,XBIT
15.93,16.26,15.91,16.025,4687,2021-09-17 19:54:00,XBIT
16.285,16.3,16.04,16.08,2511,2021-09-17 19:55:00,XBIT
16.09,16.26,16.09,16.21,3355,2021-09-17 19:56:00,XBIT
16.09,16.26,15.995,16.1,3045,2021-09-17 19:57:00,XBIT
16.22,16.22,16.04,16.055,2708,2021-09-17 19:58:00,XBIT
16.04,16.22,15.98,16.03,6586,2021-09-17 19:59:00,XBIT
16.08,16.08,16.08,16.08,38491,2021-09-17 20:00:00,XBIT
15.89,15.9,15.72,15.72,1558,2021-09-20 13:30:00,XBIT
15.8,15.8,15.8,15.8,200,2021-09-20 13:34:00,XBIT
15.57,15.72,15.57,15.57,1300,2021-09-20 13:35:00,XBIT
15.52,15.6,15.52,15.6,200,2021-09-20 13:36:00,XBIT
15.5,15.5,15.5,15.5,300,2021-09-20 13:37:00,XBIT
15.5,15.59,15.36,15.36,1230,2021-09-20 13:38:00,XBIT
15.32,15.32,15.2,15.2,200,2021-09-20 13:39:00,XBIT
15.2,15.2,15.2,15.2,100,2021-09-20 13:40:00,XBIT
15.19,15.19,15.19,15.19,100,2021-09-20 13:42:00,XBIT
15.29,15.29,15.18,15.18,400,2021-09-20 13:43:00,XBIT
15.4,15.4,15.25,15.26,300,2021-09-20 13:45:00,XBIT
15.2501,15.2501,15.25,15.25,701,2021-09-20 13:46:00,XBIT
15.25,15.25,15.25,15.25,100,2021-09-20 13:47:00,XBIT
15.32,15.32,15.25,15.25,687,2021-09-20 13:48:00,XBIT
15.34,15.34,15.34,15.34,200,2021-09-20 13:52:00,XBIT
15.3,15.3,15.3,15.3,100,2021-09-20 13:53:00,XBIT
15.35,15.35,15.16,15.16,2397,2021-09-20 13:54:00,XBIT
15.205,15.205,15.205,15.205,100,2021-09-20 13:55:00,XBIT
15.25,15.25,15.2,15.2,538,2021-09-20 13:56:00,XBIT
15.15,15.15,15.15,15.15,100,2021-09-20 13:59:00,XBIT
15.17,15.17,15.15,15.15,700,2021-09-20 14:00:00,XBIT
15.1,15.175,15.1,15.1,1275,2021-09-20 14:01:00,XBIT
15.25,15.25,15.2,15.2,400,2021-09-20 14:02:00,XBIT
15.2,15.2,15.2,15.2,600,2021-09-20 14:03:00,XBIT
15.2,15.2,15.175,15.175,200,2021-09-20 14:04:00,XBIT
15.11,15.11,15.11,15.11,100,2021-09-20 14:05:00,XBIT
15.2345,15.2345,15.11,15.11,400,2021-09-20 14:06:00,XBIT
15.11,15.13,15.11,15.13,300,2021-09-20 14:08:00,XBIT
15.24,15.25,15.24,15.25,920,2021-09-20 14:09:00,XBIT
15.42,15.42,15.4,15.4,400,2021-09-20 14:20:00,XBIT
15.32,15.32,15.32,15.32,100,2021-09-20 14:21:00,XBIT
15.32,15.32,15.32,15.32,100,2021-09-20 14:23:00,XBIT
15.31,15.31,15.31,15.31,100,2021-09-20 14:25:00,XBIT
15.31,15.31,15.31,15.31,100,2021-09-20 14:27:00,XBIT
15.31,15.31,15.31,15.31,100,2021-09-20 14:29:00,XBIT
15.4,15.4,15.4,15.4,200,2021-09-20 14:31:00,XBIT
15.4,15.4,15.3,15.3,2966,2021-09-20 14:34:00,XBIT
15.3,15.3,15.3,15.3,100,2021-09-20 14:41:00,XBIT
15.3,15.3,15.3,15.3,100,2021-09-20 14:43:00,XBIT
15.35,15.35,15.35,15.35,100,2021-09-20 14:44:00,XBIT
15.38,15.38,15.38,15.38,100,2021-09-20 14:45:00,XBIT
15.46,15.46,15.3,15.3,1300,2021-09-20 14:46:00,XBIT
15.3,15.3,15.3,15.3,100,2021-09-20 14:51:00,XBIT
15.3,15.37,15.3,15.37,300,2021-09-20 14:53:00,XBIT
15.34,15.34,15.34,15.34,100,2021-09-20 14:54:00,XBIT
15.35,15.35,15.35,15.35,100,2021-09-20 14:55:00,XBIT
15.37,15.37,15.37,15.37,500,2021-09-20 14:56:00,XBIT
15.3,15.3,15.3,15.3,100,2021-09-20 14:57:00,XBIT
15.39,15.39,15.3,15.3,2200,2021-09-20 14:58:00,XBIT
15.31,15.31,15.31,15.31,100,2021-09-20 14:59:00,XBIT
15.3,15.3,15.3,15.3,100,2021-09-20 15:01:00,XBIT
15.28,15.32,15.25,15.25,596,2021-09-20 15:03:00,XBIT
15.33,15.41,15.33,15.41,800,2021-09-20 15:04:00,XBIT
15.36,15.36,15.36,15.36,100,2021-09-20 15:08:00,XBIT
15.355,15.355,15.355,15.355,200,2021-09-20 15:11:00,XBIT
15.29,15.29,15.29,15.29,100,2021-09-20 15:14:00,XBIT
15.27,15.27,15.27,15.27,100,2021-09-20 15:16:00,XBIT
15.24,15.24,15.24,15.24,100,2021-09-20 15:20:00,XBIT
15.25,15.25,15.25,15.25,100,2021-09-20 15:22:00,XBIT
15.24,15.24,15.24,15.24,100,2021-09-20 15:25:00,XBIT
15.24,15.24,15.24,15.24,100,2021-09-20 15:31:00,XBIT
15.25,15.25,15.25,15.25,500,2021-09-20 15:34:00,XBIT
15.25,15.25,15.215,15.25,1200,2021-09-20 15:35:00,XBIT
15.23,15.285,15.23,15.285,1200,2021-09-20 15:37:00,XBIT
15.37,15.37,15.26,15.26,459,2021-09-20 15:39:00,XBIT
15.28,15.28,15.28,15.28,100,2021-09-20 15:46:00,XBIT
15.21,15.21,15.21,15.21,100,2021-09-20 15:48:00,XBIT
15.22,15.22,15.22,15.22,100,2021-09-20 15:50:00,XBIT
15.23,15.23,15.2,15.2,200,2021-09-20 15:51:00,XBIT
15.21,15.215,15.2,15.215,2699,2021-09-20 15:52:00,XBIT
15.15,15.205,15.15,15.205,300,2021-09-20 15:53:00,XBIT
15.15,15.15,15.15,15.15,100,2021-09-20 15:55:00,XBIT
15.15,15.15,15.15,15.15,100,2021-09-20 16:00:00,XBIT
15.15,15.15,15.15,15.15,100,2021-09-20 16:02:00,XBIT
15.15,15.15,15.15,15.15,100,2021-09-20 16:04:00,XBIT
15.24,15.24,15.24,15.24,100,2021-09-20 16:07:00,XBIT
15.21,15.21,15.21,15.21,200,2021-09-20 16:10:00,XBIT
15.2,15.22,15.155,15.2,1686,2021-09-20 16:13:00,XBIT
15.15,15.15,15.15,15.15,100,2021-09-20 16:21:00,XBIT
15.15,15.15,15.15,15.15,100,2021-09-20 16:23:00,XBIT
15.15,15.15,15.12,15.12,1771,2021-09-20 16:25:00,XBIT
15.1,15.1,15.1,15.1,100,2021-09-20 16:29:00,XBIT
15.1,15.1,15.1,15.1,100,2021-09-20 16:32:00,XBIT
15.1,15.1,15.1,15.1,100,2021-09-20 16:34:00,XBIT
15.1,15.1,15.1,15.1,100,2021-09-20 16:38:00,XBIT
15.18,15.18,15.18,15.18,100,2021-09-20 16:41:00,XBIT
15.15,15.15,15.15,15.15,100,2021-09-20 16:42:00,XBIT
15.15,15.15,15.15,15.15,300,2021-09-20 16:46:00,XBIT
15.15,15.2,15.15,15.2,200,2021-09-20 16:51:00,XBIT
15.15,15.15,15.15,15.15,200,2021-09-20 16:56:00,XBIT
15.15,15.15,15.12,15.12,423,2021-09-20 16:58:00,XBIT
15.1,15.1,15.1,15.1,100,2021-09-20 17:00:00,XBIT
15.118,15.118,15.118,15.118,200,2021-09-20 17:02:00,XBIT
15.1,15.1,15.1,15.1,100,2021-09-20 17:04:00,XBIT
15.1,15.1,15.05,15.05,1088,2021-09-20 17:08:00,XBIT
15.03,15.03,15.03,15.03,100,2021-09-20 17:15:00,XBIT
15.01,15.01,15.01,15.01,100,2021-09-20 17:21:00,XBIT
15.0,15.0,15.0,15.0,100,2021-09-20 17:25:00,XBIT
15.01,15.01,15.01,15.01,100,2021-09-20 17:30:00,XBIT
15.13,15.13,15.03,15.03,300,2021-09-20 17:32:00,XBIT
15.02,15.02,15.02,15.02,100,2021-09-20 17:33:00,XBIT
15.07,15.07,15.07,15.07,100,2021-09-20 17:40:00,XBIT
15.07,15.07,15.07,15.07,100,2021-09-20 17:41:00,XBIT
15.03,15.03,15.03,15.03,100,2021-09-20 17:42:00,XBIT
15.065,15.065,15.065,15.065,100,2021-09-20 17:43:00,XBIT
15.01,15.01,15.01,15.01,300,2021-09-20 17:48:00,XBIT
15.1,15.11,15.02,15.02,1410,2021-09-20 17:50:00,XBIT
15.075,15.075,15.075,15.075,100,2021-09-20 17:52:00,XBIT
15.075,15.075,15.075,15.075,100,2021-09-20 17:54:00,XBIT
15.075,15.075,15.03,15.03,200,2021-09-20 17:57:00,XBIT
15.01,15.01,15.01,15.01,300,2021-09-20 18:09:00,XBIT
15.12,15.12,15.01,15.01,200,2021-09-20 18:17:00,XBIT
15.01,15.01,15.01,15.01,100,2021-09-20 18:18:00,XBIT
15.01,15.01,15.0,15.0,644,2021-09-20 18:24:00,XBIT
15.08,15.08,15.01,15.01,300,2021-09-20 18:25:00,XBIT
15.0,15.0,15.0,15.0,100,2021-09-20 18:26:00,XBIT
15.0,15.0,15.0,15.0,420,2021-09-20 18:27:00,XBIT
15.0,15.0,15.0,15.0,100,2021-09-20 18:31:00,XBIT
15.0,15.0,15.0,15.0,100,2021-09-20 18:34:00,XBIT
15.04,15.05,15.01,15.02,1360,2021-09-20 18:36:00,XBIT
15.05,15.05,15.05,15.05,100,2021-09-20 18:38:00,XBIT
15.06,15.06,15.06,15.06,100,2021-09-20 18:39:00,XBIT
15.05,15.05,15.05,15.05,200,2021-09-20 18:42:00,XBIT
15.05,15.05,15.05,15.05,476,2021-09-20 18:44:00,XBIT
15.0,15.0,15.0,15.0,100,2021-09-20 18:45:00,XBIT
15.02,15.02,15.02,15.02,100,2021-09-20 18:51:00,XBIT
15.02,15.02,15.02,15.02,100,2021-09-20 18:53:00,XBIT
15.02,15.02,15.02,15.02,100,2021-09-20 18:57:00,XBIT
15.02,15.02,15.0,15.0,300,2021-09-20 19:04:00,XBIT
15.0,15.0,15.0,15.0,100,2021-09-20 19:08:00,XBIT
15.04,15.04,15.0,15.025,400,2021-09-20 19:10:00,XBIT
14.99,14.99,14.99,14.99,1126,2021-09-20 19:16:00,XBIT
14.99,14.99,14.99,14.99,5950,2021-09-20 19:17:00,XBIT
14.99,14.99,14.99,14.99,644,2021-09-20 19:18:00,XBIT
14.99,14.99,14.99,14.99,100,2021-09-20 19:19:00,XBIT
15.0,15.01,14.99,14.99,2100,2021-09-20 19:20:00,XBIT
15.025,15.025,15.025,15.025,200,2021-09-20 19:21:00,XBIT
15.0,15.0,15.0,15.0,200,2021-09-20 19:27:00,XBIT
15.02,15.04,15.02,15.025,900,2021-09-20 19:28:00,XBIT
15.04,15.04,15.03,15.035,300,2021-09-20 19:29:00,XBIT
15.025,15.025,15.025,15.025,100,2021-09-20 19:33:00,XBIT
15.03,15.03,15.03,15.03,513,2021-09-20 19:35:00,XBIT
15.07,15.07,15.07,15.07,338,2021-09-20 19:37:00,XBIT
15.04,15.04,15.04,15.04,100,2021-09-20 19:38:00,XBIT
14.99,14.99,14.99,14.99,100,2021-09-20 19:42:00,XBIT
14.99,14.99,14.99,14.99,100,2021-09-20 19:43:00,XBIT
14.99,14.99,14.99,14.99,100,2021-09-20 19:44:00,XBIT
14.99,15.0299,14.99,15.0299,1438,2021-09-20 19:46:00,XBIT
15.02,15.03,14.99,14.99,300,2021-09-20 19:47:00,XBIT
15.02,15.02,15.02,15.02,200,2021-09-20 19:48:00,XBIT
14.99,15.03,14.99,15.02,400,2021-09-20 19:50:00,XBIT
15.0,15.0,14.99,15.0,426,2021-09-20 19:51:00,XBIT
15.01,15.02,15.01,15.015,1153,2021-09-20 19:53:00,XBIT
15.015,15.02,15.015,15.015,2195,2021-09-20 19:54:00,XBIT
15.02,15.02,15.0197,15.02,2284,2021-09-20 19:55:00,XBIT
15.02,15.03,15.01,15.01,3231,2021-09-20 19:56:00,XBIT
15.01,15.01,15.01,15.01,300,2021-09-20 19:57:00,XBIT
15.005,15.08,15.005,15.08,2523,2021-09-20 19:58:00,XBIT
15.11,15.18,15.07,15.07,3778,2021-09-20 19:59:00,XBIT
15.11,15.11,15.11,15.11,7115,2021-09-20 20:00:00,XBIT
15.21,15.21,15.21,15.21,799,2021-09-21 13:30:00,XBIT
15.12,15.3,15.12,15.15,1725,2021-09-21 13:38:00,XBIT
15.3,15.3,15.15,15.15,200,2021-09-21 13:39:00,XBIT
15.31,15.31,15.31,15.31,100,2021-09-21 13:50:00,XBIT
15.32,15.32,15.22,15.22,200,2021-09-21 14:00:00,XBIT
15.21,15.21,15.19,15.19,217,2021-09-21 14:06:00,XBIT
15.23,15.24,15.22,15.22,400,2021-09-21 14:14:00,XBIT
15.195,15.24,15.195,15.24,1300,2021-09-21 14:16:00,XBIT
15.19,15.23,15.19,15.23,400,2021-09-21 14:26:00,XBIT
15.2009,15.2009,15.2009,15.2009,150,2021-09-21 14:30:00,XBIT
15.16,15.21,15.16,15.2,400,2021-09-21 14:31:00,XBIT
15.185,15.185,15.185,15.185,100,2021-09-21 14:32:00,XBIT
15.175,15.21,15.175,15.21,800,2021-09-21 14:37:00,XBIT
15.195,15.195,15.195,15.195,100,2021-09-21 14:42:00,XBIT
15.23,15.235,15.22,15.235,300,2021-09-21 14:43:00,XBIT
15.21,15.21,15.21,15.21,600,2021-09-21 14:56:00,XBIT
15.26,15.26,15.26,15.26,100,2021-09-21 15:10:00,XBIT
15.21,15.21,15.21,15.21,100,2021-09-21 15:11:00,XBIT
15.242,15.242,15.242,15.242,100,2021-09-21 15:17:00,XBIT
15.25,15.3,15.25,15.3,300,2021-09-21 15:18:00,XBIT
15.245,15.245,15.245,15.245,472,2021-09-21 15:20:00,XBIT
15.23,15.23,15.13,15.13,200,2021-09-21 15:26:00,XBIT
15.14,15.14,15.14,15.14,100,2021-09-21 15:32:00,XBIT
15.185,15.185,15.185,15.185,100,2021-09-21 15:37:00,XBIT
15.125,15.2,15.125,15.2,200,2021-09-21 15:43:00,XBIT
15.25,15.25,15.25,15.25,100,2021-09-21 15:49:00,XBIT
15.35,15.35,15.35,15.35,100,2021-09-21 15:57:00,XBIT
15.16,15.16,15.16,15.16,100,2021-09-21 16:50:00,XBIT
15.18,15.19,15.18,15.19,200,2021-09-21 16:59:00,XBIT
15.18,15.18,15.18,15.18,100,2021-09-21 17:03:00,XBIT
15.19,15.24,15.17,15.24,600,2021-09-21 17:04:00,XBIT
15.25,15.25,15.23,15.23,200,2021-09-21 17:17:00,XBIT
15.25,15.25,15.205,15.205,259,2021-09-21 17:18:00,XBIT
15.18,15.19,15.045,15.045,3046,2021-09-21 17:30:00,XBIT
15.17,15.17,15.17,15.17,100,2021-09-21 17:43:00,XBIT
15.3,15.3,15.3,15.3,100,2021-09-21 17:44:00,XBIT
15.14,15.14,15.0975,15.0975,200,2021-09-21 17:45:00,XBIT
15.22,15.22,15.22,15.22,100,2021-09-21 17:46:00,XBIT
15.22,15.22,15.22,15.22,100,2021-09-21 17:53:00,XBIT
15.27,15.27,15.19,15.19,300,2021-09-21 18:03:00,XBIT
15.3,15.3,15.3,15.3,100,2021-09-21 18:04:00,XBIT
15.27,15.27,15.21,15.21,200,2021-09-21 18:05:00,XBIT
15.25,15.25,15.155,15.155,200,2021-09-21 18:16:00,XBIT
15.24,15.27,15.24,15.27,979,2021-09-21 18:42:00,XBIT
15.3093,15.3093,15.3093,15.3093,200,2021-09-21 18:43:00,XBIT
15.24,15.24,15.24,15.24,100,2021-09-21 18:46:00,XBIT
15.29,15.29,15.29,15.29,419,2021-09-21 18:47:00,XBIT
15.29,15.29,15.29,15.29,100,2021-09-21 19:00:00,XBIT
15.245,15.245,15.245,15.245,100,2021-09-21 19:15:00,XBIT
15.26,15.26,15.24,15.24,600,2021-09-21 19:20:00,XBIT
15.3,15.3,15.19,15.2,1209,2021-09-21 19:21:00,XBIT
15.2,15.2,15.2,15.2,100,2021-09-21 19:22:00,XBIT
15.29,15.29,15.2,15.245,400,2021-09-21 19:23:00,XBIT
15.19,15.29,15.19,15.19,2971,2021-09-21 19:24:00,XBIT
15.21,15.28,15.21,15.28,200,2021-09-21 19:26:00,XBIT
15.13,15.25,15.13,15.25,200,2021-09-21 19:27:00,XBIT
15.135,15.135,15.135,15.135,100,2021-09-21 19:29:00,XBIT
15.29,15.29,15.29,15.29,100,2021-09-21 19:33:00,XBIT
15.295,15.295,15.295,15.295,586,2021-09-21 19:35:00,XBIT
15.2,15.2,15.2,15.2,100,2021-09-21 19:36:00,XBIT
15.28,15.29,15.2,15.2,300,2021-09-21 19:37:00,XBIT
15.235,15.235,15.235,15.235,100,2021-09-21 19:38:00,XBIT
15.24,15.24,15.24,15.24,100,2021-09-21 19:41:00,XBIT
15.29,15.32,15.28,15.32,300,2021-09-21 19:42:00,XBIT
15.28,15.28,15.28,15.28,541,2021-09-21 19:44:00,XBIT
15.29,15.29,15.29,15.29,100,2021-09-21 19:46:00,XBIT
15.24,15.24,15.24,15.24,100,2021-09-21 19:49:00,XBIT
15.41,15.41,15.32,15.41,969,2021-09-21 19:50:00,XBIT
15.27,15.33,15.27,15.33,400,2021-09-21 19:51:00,XBIT
15.33,15.33,15.31,15.31,309,2021-09-21 19:52:00,XBIT
15.36,15.42,15.26,15.28,1716,2021-09-21 19:53:00,XBIT
15.4,15.4,15.28,15.32,1700,2021-09-21 19:54:00,XBIT
15.31,15.31,15.22,15.3,1318,2021-09-21 19:55:00,XBIT
15.3,15.37,15.3,15.32,300,2021-09-21 19:56:00,XBIT
15.375,15.39,15.25,15.25,600,2021-09-21 19:57:00,XBIT
15.38,15.42,15.25,15.36,3542,2021-09-21 19:58:00,XBIT
15.3,15.42,15.27,15.38,2018,2021-09-21 19:59:00,XBIT
15.38,15.38,15.38,15.38,16648,2021-09-21 20:00:00,XBIT
15.41,15.5,15.02,15.485,3881,2021-09-22 13:30:00,XBIT
15.28,15.5,15.02,15.02,400,2021-09-22 13:31:00,XBIT
15.24,15.24,15.24,15.24,100,2021-09-22 13:32:00,XBIT
15.39,15.39,15.39,15.39,100,2021-09-22 13:34:00,XBIT
15.7,15.7,15.7,15.7,100,2021-09-22 13:35:00,XBIT
15.08,15.5,15.08,15.5,500,2021-09-22 13:37:00,XBIT
15.485,15.485,15.485,15.485,100,2021-09-22 13:38:00,XBIT
15.32,15.32,15.32,15.32,100,2021-09-22 13:39:00,XBIT
15.395,15.52,15.395,15.52,200,2021-09-22 13:40:00,XBIT
15.325,15.325,15.325,15.325,100,2021-09-22 13:41:00,XBIT
15.32,15.32,15.32,15.32,200,2021-09-22 13:43:00,XBIT
15.19,15.19,15.19,15.19,600,2021-09-22 13:48:00,XBIT
15.3,15.3,15.3,15.3,300,2021-09-22 13:49:00,XBIT
15.3,15.44,15.28,15.41,1461,2021-09-22 13:50:00,XBIT
15.42,15.42,15.42,15.42,100,2021-09-22 13:51:00,XBIT
15.46,15.46,15.45,15.45,200,2021-09-22 13:56:00,XBIT
15.375,15.375,15.375,15.375,100,2021-09-22 14:02:00,XBIT
15.375,15.375,15.375,15.375,100,2021-09-22 14:04:00,XBIT
15.345,15.345,15.345,15.345,100,2021-09-22 14:05:00,XBIT
15.26,15.26,15.26,15.26,100,2021-09-22 14:08:00,XBIT
15.26,15.26,15.25,15.25,200,2021-09-22 14:10:00,XBIT
15.27,15.27,15.27,15.27,100,2021-09-22 14:11:00,XBIT
15.24,15.24,15.24,15.24,100,2021-09-22 14:15:00,XBIT
15.2,15.2,15.19,15.19,200,2021-09-22 14:18:00,XBIT
15.18,15.32,15.18,15.32,300,2021-09-22 14:19:00,XBIT
15.24,15.24,15.24,15.24,100,2021-09-22 14:20:00,XBIT
15.2,15.3,15.16,15.3,757,2021-09-22 14:23:00,XBIT
15.2,15.2,15.2,15.2,100,2021-09-22 14:25:00,XBIT
15.24,15.24,15.24,15.24,100,2021-09-22 14:26:00,XBIT
15.18,15.18,15.18,15.18,100,2021-09-22 14:30:00,XBIT
15.18,15.18,15.18,15.18,100,2021-09-22 14:32:00,XBIT
15.18,15.18,15.18,15.18,200,2021-09-22 14:34:00,XBIT
15.22,15.22,15.22,15.22,200,2021-09-22 14:37:00,XBIT
15.2683,15.2683,15.245,15.245,444,2021-09-22 14:40:00,XBIT
15.24,15.24,15.17,15.24,474,2021-09-22 14:49:00,XBIT
15.25,15.25,15.25,15.25,100,2021-09-22 14:51:00,XBIT
15.3,15.3,15.3,15.3,400,2021-09-22 14:54:00,XBIT
15.26,15.26,15.26,15.26,100,2021-09-22 14:55:00,XBIT
15.16,15.16,15.15,15.15,456,2021-09-22 14:59:00,XBIT
15.22,15.22,15.22,15.22,100,2021-09-22 15:15:00,XBIT
15.22,15.22,15.22,15.22,100,2021-09-22 15:16:00,XBIT
15.28,15.28,15.28,15.28,100,2021-09-22 15:17:00,XBIT
15.2139,15.22,15.2139,15.22,500,2021-09-22 15:22:00,XBIT
15.28,15.28,15.22,15.22,200,2021-09-22 15:27:00,XBIT
15.22,15.22,15.22,15.22,100,2021-09-22 15:30:00,XBIT
15.23,15.23,15.23,15.23,100,2021-09-22 15:32:00,XBIT
15.28,15.28,15.28,15.28,100,2021-09-22 15:35:00,XBIT
15.24,15.24,15.22,15.22,200,2021-09-22 15:38:00,XBIT
15.24,15.245,15.24,15.245,300,2021-09-22 15:39:00,XBIT
15.2,15.2,15.2,15.2,100,2021-09-22 15:45:00,XBIT
15.245,15.245,15.245,15.245,100,2021-09-22 15:47:00,XBIT
15.28,15.3,15.245,15.3,750,2021-09-22 15:53:00,XBIT
15.25,15.25,15.25,15.25,100,2021-09-22 15:58:00,XBIT
15.25,15.25,15.25,15.25,100,2021-09-22 15:59:00,XBIT
15.25,15.25,15.25,15.25,100,2021-09-22 16:00:00,XBIT
15.25,15.25,15.25,15.25,100,2021-09-22 16:02:00,XBIT
15.27,15.27,15.27,15.27,100,2021-09-22 16:05:00,XBIT
15.21,15.21,15.21,15.21,100,2021-09-22 16:15:00,XBIT
15.2,15.2,15.2,15.2,100,2021-09-22 16:24:00,XBIT
15.2,15.2,15.2,15.2,300,2021-09-22 16:29:00,XBIT
15.2,15.2,15.2,15.2,200,2021-09-22 16:38:00,XBIT
15.2,15.21,15.2,15.21,200,2021-09-22 16:41:00,XBIT
15.2,15.2,15.2,15.2,300,2021-09-22 16:52:00,XBIT
15.21,15.21,15.21,15.21,100,2021-09-22 16:53:00,XBIT
15.28,15.3,15.27,15.27,641,2021-09-22 17:00:00,XBIT
15.21,15.21,15.21,15.21,100,2021-09-22 17:03:00,XBIT
15.26,15.26,15.26,15.26,100,2021-09-22 17:05:00,XBIT
15.25,15.25,15.25,15.25,100,2021-09-22 17:17:00,XBIT
15.2,15.2,15.15,15.16,568,2021-09-22 17:23:00,XBIT
15.205,15.205,15.205,15.205,100,2021-09-22 17:28:00,XBIT
15.24,15.26,15.24,15.26,300,2021-09-22 17:36:00,XBIT
15.205,15.205,15.205,15.205,100,2021-09-22 17:37:00,XBIT
15.19,15.19,15.19,15.19,200,2021-09-22 17:49:00,XBIT
15.2,15.2,15.19,15.19,200,2021-09-22 17:52:00,XBIT
15.15,15.25,15.15,15.25,300,2021-09-22 18:00:00,XBIT
15.11,15.11,15.11,15.11,100,2021-09-22 18:01:00,XBIT
15.11,15.11,15.11,15.11,100,2021-09-22 18:05:00,XBIT
15.15,15.15,15.15,15.15,100,2021-09-22 18:08:00,XBIT
15.16,15.16,15.16,15.16,100,2021-09-22 18:10:00,XBIT
15.15,15.15,15.15,15.15,100,2021-09-22 18:13:00,XBIT
15.15,15.15,15.15,15.15,100,2021-09-22 18:15:00,XBIT
15.15,15.15,15.15,15.15,100,2021-09-22 18:17:00,XBIT
15.22,15.22,15.16,15.16,200,2021-09-22 18:19:00,XBIT
15.165,15.165,15.165,15.165,100,2021-09-22 18:21:00,XBIT
15.22,15.22,15.22,15.22,100,2021-09-22 18:22:00,XBIT
15.165,15.165,15.165,15.165,100,2021-09-22 18:24:00,XBIT
15.165,15.165,15.16,15.16,200,2021-09-22 18:25:00,XBIT
15.12,15.12,15.12,15.12,600,2021-09-22 18:27:00,XBIT
15.14,15.14,15.14,15.14,100,2021-09-22 18:28:00,XBIT
15.16,15.16,15.11,15.11,200,2021-09-22 18:30:00,XBIT
15.11,15.11,15.1,15.1,400,2021-09-22 18:36:00,XBIT
15.1,15.1,15.1,15.1,100,2021-09-22 18:38:00,XBIT
15.08,15.08,15.08,15.08,200,2021-09-22 18:43:00,XBIT
15.08,15.08,15.06,15.06,780,2021-09-22 18:45:00,XBIT
15.03,15.03,15.03,15.03,100,2021-09-22 18:47:00,XBIT
15.01,15.01,15.01,15.01,100,2021-09-22 18:49:00,XBIT
15.01,15.01,15.01,15.01,100,2021-09-22 18:50:00,XBIT
15.01,15.01,15.0,15.0,200,2021-09-22 18:51:00,XBIT
15.0,15.0,15.0,15.0,1092,2021-09-22 18:53:00,XBIT
15.01,15.03,15.01,15.03,200,2021-09-22 18:55:00,XBIT
15.0,15.0,15.0,15.0,200,2021-09-22 18:56:00,XBIT
15.02,15.02,15.02,15.02,100,2021-09-22 18:57:00,XBIT
15.03,15.03,15.03,15.03,100,2021-09-22 18:58:00,XBIT
15.0,15.03,15.0,15.0,464,2021-09-22 19:05:00,XBIT
15.0,15.0,15.0,15.0,621,2021-09-22 19:08:00,XBIT
15.01,15.06,15.01,15.06,400,2021-09-22 19:10:00,XBIT
15.0,15.0,15.0,15.0,100,2021-09-22 19:11:00,XBIT
15.0,15.0,15.0,15.0,100,2021-09-22 19:12:00,XBIT
15.0,15.0,15.0,15.0,131,2021-09-22 19:15:00,XBIT
15.03,15.03,15.0,15.0,200,2021-09-22 19:17:00,XBIT
15.0,15.03,15.0,15.03,200,2021-09-22 19:20:00,XBIT
15.0,15.0,15.0,15.0,100,2021-09-22 19:23:00,XBIT
15.0,15.0,15.0,15.0,200,2021-09-22 19:24:00,XBIT
15.0,15.0,15.0,15.0,100,2021-09-22 19:25:00,XBIT
15.0,15.03,15.0,15.03,800,2021-09-22 19:27:00,XBIT
15.0,15.0,15.0,15.0,100,2021-09-22 19:29:00,XBIT
15.0,15.0,15.0,15.0,200,2021-09-22 19:31:00,XBIT
15.0,15.0,15.0,15.0,100,2021-09-22 19:32:00,XBIT
15.05,15.05,15.05,15.05,100,2021-09-22 19:33:00,XBIT
15.0,15.0,15.0,15.0,200,2021-09-22 19:34:00,XBIT
15.015,15.015,15.015,15.015,300,2021-09-22 19:37:00,XBIT
14.98,14.98,14.98,14.98,100,2021-09-22 19:39:00,XBIT
14.96,14.96,14.95,14.95,590,2021-09-22 19:41:00,XBIT
14.945,14.945,14.945,14.945,100,2021-09-22 19:42:00,XBIT
14.9316,14.935,14.9316,14.935,500,2021-09-22 19:45:00,XBIT
14.9,14.9,14.9,14.9,100,2021-09-22 19:49:00,XBIT
14.87,14.87,14.87,14.87,200,2021-09-22 19:50:00,XBIT
14.86,14.91,14.86,14.91,200,2021-09-22 19:51:00,XBIT
14.97,14.97,14.88,14.88,2800,2021-09-22 19:52:00,XBIT
14.9,14.95,14.9,14.9,1137,2021-09-22 19:53:00,XBIT
14.89,14.95,14.89,14.94,400,2021-09-22 19:54:00,XBIT
14.89,14.94,14.89,14.89,300,2021-09-22 19:55:00,XBIT
14.94,14.94,14.89,14.89,300,2021-09-22 19:56:00,XBIT
14.89,14.94,14.89,14.89,400,2021-09-22 19:57:00,XBIT
14.89,14.89,14.89,14.89,400,2021-09-22 19:58:00,XBIT
14.9,14.94,14.88,14.91,2005,2021-09-22 19:59:00,XBIT
14.94,14.94,14.94,14.94,4156,2021-09-22 20:00:00,XBIT
14.94,14.94,14.94,14.94,191,2021-09-22 20:01:00,XBIT
15.0,15.0,15.0,15.0,1208,2021-09-23 13:30:00,XBIT
14.88,14.88,14.88,14.88,443,2021-09-23 13:32:00,XBIT
14.88,14.88,14.88,14.88,100,2021-09-23 13:34:00,XBIT
14.89,14.95,14.87,14.87,1100,2021-09-23 13:38:00,XBIT
14.85,14.85,14.6177,14.66,3234,2021-09-23 13:55:00,XBIT
14.72,14.72,14.72,14.72,100,2021-09-23 14:00:00,XBIT
14.72,14.72,14.72,14.72,267,2021-09-23 14:11:00,XBIT
14.62,14.62,14.62,14.62,100,2021-09-23 14:14:00,XBIT
14.68,14.68,14.68,14.68,100,2021-09-23 14:30:00,XBIT
14.68,14.68,14.65,14.68,300,2021-09-23 14:39:00,XBIT
14.65,14.65,14.65,14.65,165,2021-09-23 14:40:00,XBIT
14.65,14.65,14.63,14.63,2634,2021-09-23 14:41:00,XBIT
14.62,14.62,14.52,14.52,2500,2021-09-23 14:42:00,XBIT
14.47,14.57,14.45,14.46,700,2021-09-23 14:43:00,XBIT
14.5,14.59,14.5,14.59,900,2021-09-23 14:49:00,XBIT
14.57,14.57,14.57,14.57,100,2021-09-23 14:50:00,XBIT
14.595,14.595,14.595,14.595,100,2021-09-23 14:57:00,XBIT
14.595,14.63,14.595,14.63,312,2021-09-23 15:41:00,XBIT
14.63,14.63,14.59,14.59,300,2021-09-23 15:45:00,XBIT
14.59,14.59,14.59,14.59,100,2021-09-23 15:46:00,XBIT
14.62,14.63,14.62,14.63,460,2021-09-23 15:56:00,XBIT
14.85,14.85,14.85,14.85,565,2021-09-23 16:09:00,XBIT
14.755,14.755,14.755,14.755,100,2021-09-23 16:12:00,XBIT
14.7926,14.7926,14.71,14.71,240,2021-09-23 16:52:00,XBIT
14.7,14.71,14.7,14.71,300,2021-09-23 16:59:00,XBIT
14.765,14.765,14.765,14.765,100,2021-09-23 17:00:00,XBIT
14.755,14.755,14.755,14.755,100,2021-09-23 17:09:00,XBIT
14.7997,14.7997,14.7997,14.7997,300,2021-09-23 17:11:00,XBIT
14.81,14.81,14.755,14.755,200,2021-09-23 17:15:00,XBIT
14.75,14.8,14.69,14.69,2102,2021-09-23 17:28:00,XBIT
14.7423,14.7423,14.7423,14.7423,800,2021-09-23 17:39:00,XBIT
14.78,14.78,14.78,14.78,100,2021-09-23 17:47:00,XBIT
14.785,14.85,14.785,14.81,413,2021-09-23 17:56:00,XBIT
14.76,14.76,14.76,14.76,100,2021-09-23 18:00:00,XBIT
14.8,14.81,14.8,14.81,200,2021-09-23 18:01:00,XBIT
14.8,14.8,14.8,14.8,300,2021-09-23 18:09:00,XBIT
14.8,14.8,14.8,14.8,100,2021-09-23 18:15:00,XBIT
14.8,14.8,14.8,14.8,987,2021-09-23 18:20:00,XBIT
14.75,14.75,14.725,14.73,300,2021-09-23 18:28:00,XBIT
14.72,14.72,14.72,14.72,100,2021-09-23 18:29:00,XBIT
14.67,14.67,14.67,14.67,100,2021-09-23 18:30:00,XBIT
14.745,14.745,14.745,14.745,119,2021-09-23 18:38:00,XBIT
14.67,14.67,14.67,14.67,1000,2021-09-23 18:39:00,XBIT
14.66,14.66,14.66,14.66,100,2021-09-23 18:45:00,XBIT
14.66,14.66,14.6,14.6,400,2021-09-23 18:50:00,XBIT
14.67,14.68,14.67,14.68,200,2021-09-23 18:56:00,XBIT
14.63,14.63,14.63,14.63,200,2021-09-23 18:57:00,XBIT
14.73,14.73,14.73,14.73,100,2021-09-23 19:16:00,XBIT
14.75,14.75,14.75,14.75,100,2021-09-23 19:21:00,XBIT
14.705,14.705,14.705,14.705,100,2021-09-23 19:30:00,XBIT
14.77,14.77,14.73,14.73,200,2021-09-23 19:36:00,XBIT
14.73,14.76,14.73,14.76,400,2021-09-23 19:39:00,XBIT
14.76,14.76,14.76,14.76,300,2021-09-23 19:41:00,XBIT
14.76,14.76,14.73,14.76,900,2021-09-23 19:42:00,XBIT
14.66,14.67,14.66,14.66,500,2021-09-23 19:43:00,XBIT
14.66,14.66,14.66,14.66,100,2021-09-23 19:44:00,XBIT
14.665,14.665,14.62,14.62,200,2021-09-23 19:46:00,XBIT
14.61,14.67,14.61,14.67,500,2021-09-23 19:52:00,XBIT
14.67,14.67,14.67,14.67,100,2021-09-23 19:53:00,XBIT
14.655,14.69,14.61,14.68,1100,2021-09-23 19:57:00,XBIT
14.61,14.68,14.59,14.64,1493,2021-09-23 19:59:00,XBIT
14.59,14.59,14.59,14.59,4812,2021-09-23 20:00:00,XBIT
14.59,14.59,14.59,14.59,449,2021-09-23 20:01:00,XBIT
14.64,14.64,14.64,14.64,656,2021-09-24 13:30:00,XBIT
14.99,14.99,14.76,14.915,1200,2021-09-24 13:45:00,XBIT
14.6,14.71,14.6,14.71,1300,2021-09-24 13:46:00,XBIT
14.67,14.74,14.67,14.74,200,2021-09-24 13:47:00,XBIT
14.75,14.885,14.75,14.885,300,2021-09-24 13:53:00,XBIT
14.885,14.885,14.66,14.66,300,2021-09-24 14:13:00,XBIT
14.88,14.88,14.88,14.88,100,2021-09-24 14:22:00,XBIT
14.63,14.63,14.63,14.63,100,2021-09-24 14:37:00,XBIT
14.63,14.735,14.63,14.67,324,2021-09-24 14:38:00,XBIT
14.6,14.83,14.6,14.83,200,2021-09-24 14:47:00,XBIT
14.61,14.61,14.55,14.57,2014,2021-09-24 14:48:00,XBIT
14.58,14.58,14.51,14.51,300,2021-09-24 14:49:00,XBIT
14.51,14.51,14.51,14.51,100,2021-09-24 14:50:00,XBIT
14.55,14.64,14.53,14.53,1003,2021-09-24 14:52:00,XBIT
14.52,14.52,14.52,14.52,100,2021-09-24 14:55:00,XBIT
14.625,14.625,14.625,14.625,100,2021-09-24 14:57:00,XBIT
14.52,14.595,14.51,14.565,500,2021-09-24 15:00:00,XBIT
14.57,14.57,14.56,14.56,200,2021-09-24 15:02:00,XBIT
14.59,14.65,14.5,14.59,2724,2021-09-24 15:05:00,XBIT
14.57,14.57,14.57,14.57,100,2021-09-24 15:08:00,XBIT
14.6,14.6,14.57,14.57,300,2021-09-24 15:10:00,XBIT
14.6,14.6,14.585,14.6,600,2021-09-24 15:12:00,XBIT
14.64,14.64,14.605,14.615,300,2021-09-24 15:14:00,XBIT
14.605,14.605,14.54,14.59,600,2021-09-24 15:16:00,XBIT
14.54,14.54,14.54,14.54,100,2021-09-24 15:25:00,XBIT
14.54,14.54,14.54,14.54,200,2021-09-24 15:30:00,XBIT
14.53,14.53,14.53,14.53,109,2021-09-24 15:33:00,XBIT
14.49,14.52,14.48,14.52,400,2021-09-24 15:34:00,XBIT
14.47,14.47,14.47,14.47,100,2021-09-24 15:35:00,XBIT
14.48,14.48,14.48,14.48,200,2021-09-24 15:38:00,XBIT
14.47,14.47,14.47,14.47,100,2021-09-24 15:45:00,XBIT
14.57,14.57,14.47,14.51,1100,2021-09-24 15:47:00,XBIT
14.55,14.55,14.55,14.55,250,2021-09-24 15:49:00,XBIT
14.51,14.51,14.47,14.47,300,2021-09-24 15:50:00,XBIT
14.51,14.51,14.51,14.51,200,2021-09-24 15:52:00,XBIT
14.55,14.6,14.55,14.6,982,2021-09-24 15:54:00,XBIT
14.59,14.59,14.59,14.59,100,2021-09-24 15:55:00,XBIT
14.64,14.64,14.64,14.64,100,2021-09-24 15:56:00,XBIT
14.56,14.595,14.56,14.595,400,2021-09-24 16:02:00,XBIT
14.56,14.56,14.56,14.56,100,2021-09-24 16:08:00,XBIT
14.55,14.565,14.55,14.565,900,2021-09-24 16:12:00,XBIT
14.47,14.55,14.47,14.55,200,2021-09-24 16:28:00,XBIT
14.48,14.545,14.48,14.545,200,2021-09-24 16:33:00,XBIT
14.495,14.495,14.495,14.495,200,2021-09-24 16:38:00,XBIT
14.47,14.47,14.47,14.47,300,2021-09-24 16:41:00,XBIT
14.42,14.43,14.42,14.43,200,2021-09-24 16:42:00,XBIT
14.475,14.475,14.475,14.475,100,2021-09-24 16:43:00,XBIT
14.475,14.475,14.475,14.475,100,2021-09-24 16:46:00,XBIT
14.42,14.54,14.42,14.465,300,2021-09-24 16:52:00,XBIT
14.4,14.465,14.4,14.465,200,2021-09-24 16:54:00,XBIT
14.4,14.4,14.4,14.4,200,2021-09-24 16:58:00,XBIT
14.45,14.475,14.45,14.45,300,2021-09-24 17:00:00,XBIT
14.475,14.475,14.45,14.45,300,2021-09-24 17:05:00,XBIT
14.45,14.45,14.45,14.45,100,2021-09-24 17:11:00,XBIT
14.475,14.475,14.475,14.475,100,2021-09-24 17:14:00,XBIT
14.465,14.465,14.38,14.38,500,2021-09-24 17:19:00,XBIT
14.42,14.42,14.34,14.39,300,2021-09-24 17:25:00,XBIT
14.39,14.395,14.32,14.395,300,2021-09-24 17:30:00,XBIT
14.46,14.46,14.46,14.46,100,2021-09-24 17:31:00,XBIT
14.425,14.425,14.425,14.425,100,2021-09-24 17:32:00,XBIT
14.46,14.46,14.46,14.46,100,2021-09-24 17:36:00,XBIT
14.43,14.43,14.43,14.43,100,2021-09-24 17:38:00,XBIT
14.41,14.43,14.4,14.43,300,2021-09-24 17:41:00,XBIT
14.43,14.43,14.43,14.43,100,2021-09-24 17:42:00,XBIT
14.46,14.46,14.46,14.46,178,2021-09-24 17:45:00,XBIT
14.47,14.53,14.47,14.495,623,2021-09-24 17:46:00,XBIT
14.535,14.535,14.535,14.535,100,2021-09-24 17:50:00,XBIT
14.49,14.49,14.49,14.49,100,2021-09-24 17:55:00,XBIT
14.48,14.48,14.37,14.37,300,2021-09-24 17:58:00,XBIT
14.42,14.42,14.42,14.42,100,2021-09-24 17:59:00,XBIT
14.42,14.42,14.42,14.42,100,2021-09-24 18:01:00,XBIT
14.34,14.34,14.34,14.34,100,2021-09-24 18:06:00,XBIT
14.385,14.385,14.385,14.385,100,2021-09-24 18:11:00,XBIT
14.385,14.385,14.25,14.25,200,2021-09-24 18:12:00,XBIT
14.28,14.35,14.26,14.35,500,2021-09-24 18:14:00,XBIT
14.35,14.35,14.35,14.35,100,2021-09-24 18:18:00,XBIT
14.26,14.35,14.26,14.35,200,2021-09-24 18:20:00,XBIT
14.44,14.44,14.28,14.28,400,2021-09-24 18:21:00,XBIT
14.36,14.365,14.36,14.365,200,2021-09-24 18:22:00,XBIT
14.375,14.3887,14.375,14.3887,200,2021-09-24 18:23:00,XBIT
14.375,14.375,14.32,14.32,200,2021-09-24 18:27:00,XBIT
14.32,14.445,14.31,14.38,1100,2021-09-24 18:33:00,XBIT
14.44,14.44,14.44,14.44,100,2021-09-24 18:34:00,XBIT
14.5,14.51,14.5,14.51,300,2021-09-24 18:36:00,XBIT
14.56,14.56,14.56,14.56,100,2021-09-24 18:37:00,XBIT
14.66,14.67,14.66,14.67,200,2021-09-24 18:42:00,XBIT
14.67,14.67,14.635,14.635,200,2021-09-24 18:44:00,XBIT
14.635,14.635,14.6,14.605,307,2021-09-24 18:47:00,XBIT
14.6,14.6,14.55,14.55,241,2021-09-24 18:51:00,XBIT
14.6,14.6,14.6,14.6,104,2021-09-24 18:52:00,XBIT
14.55,14.55,14.55,14.55,200,2021-09-24 18:53:00,XBIT
14.575,14.575,14.575,14.575,116,2021-09-24 18:54:00,XBIT
14.5,14.51,14.39,14.39,525,2021-09-24 18:55:00,XBIT
14.45,14.45,14.34,14.44,647,2021-09-24 18:56:00,XBIT
14.395,14.395,14.395,14.395,100,2021-09-24 18:58:00,XBIT
14.28,14.39,14.28,14.39,312,2021-09-24 18:59:00,XBIT
14.39,14.39,14.39,14.39,100,2021-09-24 19:02:00,XBIT
14.26,14.38,14.26,14.38,214,2021-09-24 19:03:00,XBIT
14.38,14.38,14.38,14.38,100,2021-09-24 19:04:00,XBIT
14.38,14.38,14.38,14.38,100,2021-09-24 19:06:00,XBIT
14.385,14.385,14.26,14.38,524,2021-09-24 19:07:00,XBIT
14.38,14.38,14.38,14.38,129,2021-09-24 19:08:00,XBIT
14.38,14.485,14.38,14.38,438,2021-09-24 19:10:00,XBIT
14.38,14.38,14.26,14.375,429,2021-09-24 19:11:00,XBIT
14.48,14.48,14.48,14.48,100,2021-09-24 19:13:00,XBIT
14.48,14.48,14.48,14.48,130,2021-09-24 19:14:00,XBIT
14.415,14.415,14.36,14.36,349,2021-09-24 19:18:00,XBIT
14.435,14.435,14.435,14.435,135,2021-09-24 19:21:00,XBIT
14.39,14.39,14.37,14.37,318,2021-09-24 19:23:00,XBIT
14.375,14.43,14.375,14.375,583,2021-09-24 19:24:00,XBIT
14.37,14.37,14.32,14.37,687,2021-09-24 19:26:00,XBIT
14.37,14.37,14.37,14.37,260,2021-09-24 19:27:00,XBIT
14.36,14.38,14.32,14.335,1377,2021-09-24 19:28:00,XBIT
14.34,14.4,14.34,14.375,1578,2021-09-24 19:29:00,XBIT
14.38,14.415,14.38,14.385,518,2021-09-24 19:30:00,XBIT
14.42,14.42,14.385,14.385,283,2021-09-24 19:31:00,XBIT
14.385,14.385,14.385,14.385,310,2021-09-24 19:32:00,XBIT
14.34,14.34,14.26,14.335,744,2021-09-24 19:33:00,XBIT
14.25,14.335,14.245,14.335,500,2021-09-24 19:34:00,XBIT
14.335,14.335,14.2925,14.2925,300,2021-09-24 19:35:00,XBIT
14.33,14.33,14.33,14.33,100,2021-09-24 19:36:00,XBIT
14.35,14.39,14.26,14.39,1230,2021-09-24 19:37:00,XBIT
14.395,14.45,14.37,14.43,1950,2021-09-24 19:38:00,XBIT
14.405,14.43,14.4,14.4,300,2021-09-24 19:39:00,XBIT
14.43,14.46,14.4,14.455,1072,2021-09-24 19:40:00,XBIT
14.465,14.465,14.465,14.465,100,2021-09-24 19:42:00,XBIT
14.44,14.46,14.425,14.425,818,2021-09-24 19:43:00,XBIT
14.41,14.45,14.41,14.45,400,2021-09-24 19:44:00,XBIT
14.45,14.49,14.435,14.49,800,2021-09-24 19:45:00,XBIT
14.49,14.49,14.44,14.45,800,2021-09-24 19:46:00,XBIT
14.44,14.44,14.44,14.44,200,2021-09-24 19:48:00,XBIT
14.45,14.45,14.42,14.42,400,2021-09-24 19:49:00,XBIT
14.45,14.45,14.41,14.41,400,2021-09-24 19:50:00,XBIT
14.42,14.42,14.42,14.42,100,2021-09-24 19:51:00,XBIT
14.41,14.42,14.41,14.42,400,2021-09-24 19:52:00,XBIT
14.41,14.41,14.39,14.39,229,2021-09-24 19:53:00,XBIT
14.425,14.425,14.35,14.35,700,2021-09-24 19:54:00,XBIT
14.35,14.395,14.35,14.35,600,2021-09-24 19:55:00,XBIT
14.35,14.39,14.35,14.35,1209,2021-09-24 19:56:00,XBIT
14.35,14.35,14.35,14.35,440,2021-09-24 19:57:00,XBIT
14.35,14.38,14.28,14.33,1614,2021-09-24 19:58:00,XBIT
14.28,14.34,14.27,14.28,4570,2021-09-24 19:59:00,XBIT
14.32,14.32,14.32,14.32,8353,2021-09-24 20:00:00,XBIT
14.66,14.66,14.66,14.66,5469,2021-09-27 13:30:00,XBIT
14.5,14.88,14.45,14.655,3068,2021-09-27 13:36:00,XBIT
14.655,14.76,14.45,14.655,1100,2021-09-27 13:41:00,XBIT
14.86,14.86,14.44,14.5,1832,2021-09-27 13:44:00,XBIT
14.5,14.83,14.4,14.83,6355,2021-09-27 13:45:00,XBIT
14.82,14.88,14.56,14.88,5516,2021-09-27 13:46:00,XBIT
14.87,14.87,14.87,14.87,100,2021-09-27 13:47:00,XBIT
14.89,14.89,14.7,14.88,435,2021-09-27 13:48:00,XBIT
14.88,14.88,14.63,14.725,3603,2021-09-27 13:49:00,XBIT
14.76,14.77,14.63,14.71,1800,2021-09-27 13:50:00,XBIT
14.73,14.75,14.73,14.74,600,2021-09-27 13:55:00,XBIT
14.815,14.815,14.6,14.745,7926,2021-09-27 13:56:00,XBIT
14.66,14.85,14.56,14.85,6656,2021-09-27 13:58:00,XBIT
14.81,14.85,14.81,14.85,509,2021-09-27 14:01:00,XBIT
14.775,14.85,14.775,14.85,200,2021-09-27 14:03:00,XBIT
14.78,14.82,14.6,14.73,5628,2021-09-27 14:05:00,XBIT
14.82,14.84,14.61,14.65,5319,2021-09-27 14:07:00,XBIT
14.62,14.65,14.62,14.62,1326,2021-09-27 14:08:00,XBIT
14.76,14.76,14.76,14.76,100,2021-09-27 14:11:00,XBIT
14.76,14.76,14.76,14.76,300,2021-09-27 14:12:00,XBIT
14.88,14.89,14.88,14.89,700,2021-09-27 14:30:00,XBIT
14.935,14.935,14.935,14.935,100,2021-09-27 14:31:00,XBIT
14.955,14.98,14.955,14.98,200,2021-09-27 14:32:00,XBIT
14.92,14.92,14.8,14.87,3331,2021-09-27 14:35:00,XBIT
14.875,14.875,14.81,14.81,1200,2021-09-27 14:37:00,XBIT
14.91,14.91,14.91,14.91,100,2021-09-27 14:39:00,XBIT
14.86,14.86,14.82,14.86,300,2021-09-27 14:42:00,XBIT
14.86,14.86,14.65,14.74,5628,2021-09-27 14:44:00,XBIT
14.82,14.82,14.82,14.82,100,2021-09-27 14:45:00,XBIT
14.745,14.745,14.745,14.745,100,2021-09-27 14:46:00,XBIT
14.75,14.76,14.75,14.76,200,2021-09-27 14:51:00,XBIT
14.82,14.82,14.82,14.82,100,2021-09-27 14:59:00,XBIT
14.83,14.83,14.83,14.83,100,2021-09-27 15:04:00,XBIT
14.87,14.87,14.87,14.87,100,2021-09-27 15:05:00,XBIT
14.85,14.9,14.85,14.85,3403,2021-09-27 15:06:00,XBIT
14.85,14.9,14.84,14.88,8127,2021-09-27 15:07:00,XBIT
14.86,14.9,14.86,14.9,400,2021-09-27 15:08:00,XBIT
14.9,14.935,14.9,14.935,2597,2021-09-27 15:09:00,XBIT
14.935,14.935,14.935,14.935,134,2021-09-27 15:11:00,XBIT
14.99,14.99,14.935,14.935,200,2021-09-27 15:15:00,XBIT
14.92,14.93,14.79,14.91,6637,2021-09-27 15:22:00,XBIT
14.915,14.915,14.91,14.91,400,2021-09-27 15:23:00,XBIT
14.84,14.915,14.75,14.82,4979,2021-09-27 15:24:00,XBIT
14.82,14.92,14.82,14.92,600,2021-09-27 15:25:00,XBIT
14.825,14.825,14.8,14.8,2279,2021-09-27 15:33:00,XBIT
14.8,14.8,14.8,14.8,100,2021-09-27 15:35:00,XBIT
14.8,14.8,14.8,14.8,200,2021-09-27 15:41:00,XBIT
14.773,14.773,14.773,14.773,300,2021-09-27 15:44:00,XBIT
14.81,14.81,14.81,14.81,100,2021-09-27 16:09:00,XBIT
14.81,14.81,14.78,14.78,600,2021-09-27 16:12:00,XBIT
14.76,14.76,14.75,14.76,992,2021-09-27 16:17:00,XBIT
14.76,14.76,14.76,14.76,200,2021-09-27 16:18:00,XBIT
14.76,14.76,14.76,14.76,100,2021-09-27 16:23:00,XBIT
14.76,14.76,14.76,14.76,100,2021-09-27 16:29:00,XBIT
14.76,14.76,14.73,14.73,649,2021-09-27 16:30:00,XBIT
14.73,14.73,14.73,14.73,100,2021-09-27 16:32:00,XBIT
14.73,14.73,14.73,14.73,100,2021-09-27 16:33:00,XBIT
14.73,14.73,14.73,14.73,200,2021-09-27 16:34:00,XBIT
14.73,14.73,14.73,14.73,300,2021-09-27 16:35:00,XBIT
14.73,14.73,14.73,14.73,100,2021-09-27 16:39:00,XBIT
14.74,14.74,14.73,14.73,900,2021-09-27 16:45:00,XBIT
14.73,14.73,14.73,14.73,200,2021-09-27 16:46:00,XBIT
14.73,14.73,14.72,14.72,375,2021-09-27 16:50:00,XBIT
14.76,14.76,14.76,14.76,200,2021-09-27 16:58:00,XBIT
14.755,14.755,14.755,14.755,100,2021-09-27 17:01:00,XBIT
14.76,14.76,14.74,14.74,1200,2021-09-27 17:09:00,XBIT
14.78,14.78,14.75,14.76,338,2021-09-27 17:16:00,XBIT
14.74,14.74,14.73,14.73,400,2021-09-27 17:20:00,XBIT
14.7436,14.7436,14.74,14.74,1653,2021-09-27 17:28:00,XBIT
14.74,14.74,14.74,14.74,100,2021-09-27 17:36:00,XBIT
14.74,14.74,14.74,14.74,100,2021-09-27 17:38:00,XBIT
14.765,14.765,14.765,14.765,100,2021-09-27 17:48:00,XBIT
14.78,14.9,14.76,14.89,3203,2021-09-27 18:09:00,XBIT
14.87,14.87,14.86,14.86,400,2021-09-27 18:12:00,XBIT
14.9,14.965,14.9,14.965,4897,2021-09-27 18:19:00,XBIT
14.955,14.955,14.95,14.95,200,2021-09-27 18:23:00,XBIT
14.935,14.935,14.91,14.91,200,2021-09-27 18:24:00,XBIT
14.935,14.935,14.935,14.935,100,2021-09-27 18:27:00,XBIT
14.965,14.965,14.965,14.965,100,2021-09-27 18:29:00,XBIT
14.965,14.97,14.93,14.97,1196,2021-09-27 18:35:00,XBIT
14.95,14.95,14.95,14.95,400,2021-09-27 18:36:00,XBIT
14.95,14.95,14.94,14.94,513,2021-09-27 18:39:00,XBIT
14.95,14.95,14.95,14.95,100,2021-09-27 18:40:00,XBIT
14.93,14.93,14.92,14.92,900,2021-09-27 18:47:00,XBIT
14.92,14.92,14.92,14.92,100,2021-09-27 18:49:00,XBIT
14.96,14.96,14.96,14.96,100,2021-09-27 18:53:00,XBIT
14.93,14.93,14.89,14.89,1401,2021-09-27 19:02:00,XBIT
14.915,14.915,14.915,14.915,200,2021-09-27 19:05:00,XBIT
14.95,14.97,14.95,14.95,2639,2021-09-27 19:21:00,XBIT
14.95,14.95,14.95,14.95,100,2021-09-27 19:24:00,XBIT
14.96,14.96,14.96,14.96,100,2021-09-27 19:25:00,XBIT
14.93,14.93,14.93,14.93,100,2021-09-27 19:28:00,XBIT
14.96,14.96,14.96,14.96,100,2021-09-27 19:29:00,XBIT
14.93,14.93,14.93,14.93,100,2021-09-27 19:30:00,XBIT
14.93,14.93,14.93,14.93,100,2021-09-27 19:36:00,XBIT
14.95,14.96,14.95,14.96,500,2021-09-27 19:39:00,XBIT
14.94,14.94,14.94,14.94,100,2021-09-27 19:42:00,XBIT
14.93,14.93,14.88,14.88,300,2021-09-27 19:45:00,XBIT
14.88,14.925,14.86,14.895,1131,2021-09-27 19:47:00,XBIT
14.89,14.89,14.89,14.89,100,2021-09-27 19:48:00,XBIT
14.86,14.86,14.86,14.86,100,2021-09-27 19:50:00,XBIT
14.89,14.91,14.87,14.87,683,2021-09-27 19:53:00,XBIT
14.88,14.88,14.87,14.88,300,2021-09-27 19:54:00,XBIT
14.86,14.86,14.86,14.86,100,2021-09-27 19:55:00,XBIT
14.84,14.84,14.84,14.84,100,2021-09-27 19:57:00,XBIT
14.84,14.88,14.84,14.86,700,2021-09-27 19:58:00,XBIT
14.84,14.88,14.83,14.86,2262,2021-09-27 19:59:00,XBIT
14.89,14.89,14.89,14.89,5493,2021-09-27 20:00:00,XBIT
14.89,14.89,14.89,14.89,636,2021-09-27 20:01:00,XBIT
14.89,14.89,14.89,14.89,412,2021-09-27 20:02:00,XBIT
14.53,14.92,14.53,14.92,1933,2021-09-28 13:30:00,XBIT
14.75,14.755,14.75,14.755,446,2021-09-28 13:31:00,XBIT
14.9,14.9,14.815,14.815,200,2021-09-28 13:32:00,XBIT
14.7,14.7,14.5,14.5,781,2021-09-28 13:36:00,XBIT
14.57,14.57,14.47,14.47,200,2021-09-28 13:45:00,XBIT
14.505,14.57,14.45,14.505,1700,2021-09-28 13:53:00,XBIT
14.56,14.57,14.47,14.57,1400,2021-09-28 13:56:00,XBIT
14.53,14.55,14.53,14.55,400,2021-09-28 14:02:00,XBIT
14.57,14.57,14.47,14.47,700,2021-09-28 14:04:00,XBIT
14.57,14.57,14.5,14.5,400,2021-09-28 14:11:00,XBIT
14.58,14.58,14.58,14.58,100,2021-09-28 14:27:00,XBIT
14.47,14.58,14.47,14.58,360,2021-09-28 14:30:00,XBIT
14.55,14.55,14.55,14.55,133,2021-09-28 14:35:00,XBIT
14.57,14.59,14.52,14.59,500,2021-09-28 14:36:00,XBIT
14.56,14.56,14.56,14.56,100,2021-09-28 14:44:00,XBIT
14.52,14.52,14.52,14.52,100,2021-09-28 14:50:00,XBIT
14.66,14.66,14.56,14.56,200,2021-09-28 14:51:00,XBIT
14.51,14.51,14.51,14.51,100,2021-09-28 15:07:00,XBIT
14.58,14.58,14.58,14.58,100,2021-09-28 15:10:00,XBIT
14.56,14.56,14.5,14.53,458,2021-09-28 15:14:00,XBIT
14.55,14.56,14.51,14.53,1045,2021-09-28 15:18:00,XBIT
14.54,14.54,14.54,14.54,258,2021-09-28 15:19:00,XBIT
14.5,14.54,14.5,14.54,342,2021-09-28 15:29:00,XBIT
14.45,14.5,14.45,14.46,442,2021-09-28 15:30:00,XBIT
14.4512,14.57,14.43,14.43,4049,2021-09-28 15:42:00,XBIT
14.54,14.54,14.49,14.49,301,2021-09-28 15:43:00,XBIT
14.57,14.57,14.38,14.53,2795,2021-09-28 15:59:00,XBIT
14.53,14.53,14.46,14.46,300,2021-09-28 16:24:00,XBIT
14.45,14.45,14.45,14.45,200,2021-09-28 16:25:00,XBIT
14.46,14.46,14.41,14.41,345,2021-09-28 16:41:00,XBIT
14.43,14.43,14.43,14.43,500,2021-09-28 16:52:00,XBIT
14.48,14.48,14.35,14.35,300,2021-09-28 16:53:00,XBIT
14.37,14.37,14.37,14.37,200,2021-09-28 16:59:00,XBIT
14.36,14.36,14.36,14.36,100,2021-09-28 17:03:00,XBIT
14.36,14.37,14.36,14.37,200,2021-09-28 17:04:00,XBIT
14.45,14.46,14.44,14.46,500,2021-09-28 17:18:00,XBIT
14.35,14.35,14.35,14.35,500,2021-09-28 17:20:00,XBIT
14.38,14.38,14.37,14.37,200,2021-09-28 17:21:00,XBIT
14.38,14.38,14.38,14.38,109,2021-09-28 17:24:00,XBIT
14.34,14.34,14.34,14.34,200,2021-09-28 17:36:00,XBIT
14.33,14.33,14.25,14.25,1114,2021-09-28 17:37:00,XBIT
14.26,14.26,14.26,14.26,200,2021-09-28 17:48:00,XBIT
14.26,14.35,14.26,14.35,200,2021-09-28 17:52:00,XBIT
14.25,14.25,14.25,14.25,100,2021-09-28 18:10:00,XBIT
14.25,14.25,14.25,14.25,100,2021-09-28 18:16:00,XBIT
14.38,14.38,14.38,14.38,100,2021-09-28 18:20:00,XBIT
14.26,14.26,14.25,14.25,647,2021-09-28 18:22:00,XBIT
14.25,14.25,14.25,14.25,100,2021-09-28 18:24:00,XBIT
14.25,14.25,14.22,14.23,509,2021-09-28 18:25:00,XBIT
14.22,14.23,14.21,14.21,789,2021-09-28 18:46:00,XBIT
14.2,14.21,14.11,14.11,1898,2021-09-28 18:53:00,XBIT
14.11,14.11,14.11,14.11,100,2021-09-28 18:54:00,XBIT
14.1474,14.1474,14.1474,14.1474,300,2021-09-28 18:55:00,XBIT
14.15,14.15,14.15,14.15,100,2021-09-28 18:57:00,XBIT
14.12,14.12,14.12,14.12,400,2021-09-28 19:06:00,XBIT
14.11,14.11,14.11,14.11,100,2021-09-28 19:13:00,XBIT
14.12,14.12,14.1,14.1,400,2021-09-28 19:16:00,XBIT
14.155,14.21,14.155,14.21,900,2021-09-28 19:17:00,XBIT
14.145,14.145,14.145,14.145,300,2021-09-28 19:18:00,XBIT
14.15,14.17,14.11,14.11,1177,2021-09-28 19:19:00,XBIT
14.11,14.11,14.1,14.1,200,2021-09-28 19:23:00,XBIT
14.1,14.1,14.06,14.06,205,2021-09-28 19:24:00,XBIT
14.11,14.11,14.11,14.11,415,2021-09-28 19:30:00,XBIT
14.06,14.06,14.06,14.06,100,2021-09-28 19:35:00,XBIT
14.11,14.11,14.06,14.06,500,2021-09-28 19:38:00,XBIT
14.05,14.05,14.05,14.05,100,2021-09-28 19:41:00,XBIT
14.05,14.05,14.01,14.01,2220,2021-09-28 19:43:00,XBIT
14.055,14.055,14.055,14.055,228,2021-09-28 19:45:00,XBIT
14.08,14.08,13.85,13.86,14123,2021-09-28 19:47:00,XBIT
13.94,13.96,13.85,13.85,1400,2021-09-28 19:50:00,XBIT
13.85,13.85,13.85,13.85,100,2021-09-28 19:51:00,XBIT
13.925,13.99,13.925,13.99,600,2021-09-28 19:52:00,XBIT
13.9,13.9,13.9,13.9,100,2021-09-28 19:54:00,XBIT
13.9,13.9,13.9,13.9,100,2021-09-28 19:55:00,XBIT
13.94,13.94,13.94,13.94,100,2021-09-28 19:56:00,XBIT
13.94,14.01,13.94,13.95,1700,2021-09-28 19:57:00,XBIT
13.99,13.99,13.91,13.99,560,2021-09-28 19:58:00,XBIT
13.96,13.98,13.92,13.97,1504,2021-09-28 19:59:00,XBIT
13.95,13.95,13.95,13.95,3592,2021-09-28 20:00:00,XBIT
13.95,13.95,13.95,13.95,21616,2021-09-28 21:45:00,XBIT
14.02,14.02,14.02,14.02,573,2021-09-29 13:30:00,XBIT
13.9,13.9,13.9,13.9,162,2021-09-29 13:41:00,XBIT
13.68,13.68,13.68,13.68,160,2021-09-29 14:09:00,XBIT
13.81,13.935,13.81,13.9,2189,2021-09-29 14:12:00,XBIT
13.96,13.96,13.96,13.96,100,2021-09-29 14:13:00,XBIT
13.86,13.975,13.86,13.975,242,2021-09-29 14:20:00,XBIT
13.86,13.86,13.86,13.86,100,2021-09-29 14:22:00,XBIT
13.9,13.9,13.79,13.79,2200,2021-09-29 14:26:00,XBIT
13.83,13.83,13.83,13.83,100,2021-09-29 14:29:00,XBIT
13.95,13.95,13.95,13.95,100,2021-09-29 14:30:00,XBIT
13.8,13.8,13.8,13.8,300,2021-09-29 14:57:00,XBIT
13.8,13.8,13.8,13.8,600,2021-09-29 14:59:00,XBIT
13.8,13.8,13.8,13.8,400,2021-09-29 15:00:00,XBIT
13.8,13.8,13.615,13.615,3693,2021-09-29 15:01:00,XBIT
13.7,13.7,13.7,13.7,100,2021-09-29 15:03:00,XBIT
13.62,13.62,13.62,13.62,100,2021-09-29 15:04:00,XBIT
13.61,13.61,13.6,13.6,500,2021-09-29 15:05:00,XBIT
13.59,13.65,13.59,13.65,693,2021-09-29 15:06:00,XBIT
13.58,13.58,13.55,13.55,250,2021-09-29 15:09:00,XBIT
13.65,13.65,13.65,13.65,300,2021-09-29 15:10:00,XBIT
13.7448,13.78,13.7448,13.78,350,2021-09-29 15:11:00,XBIT
13.8,13.8,13.8,13.8,300,2021-09-29 15:25:00,XBIT
13.79,13.79,13.79,13.79,200,2021-09-29 15:39:00,XBIT
13.78,13.78,13.78,13.78,400,2021-09-29 15:41:00,XBIT
13.77,13.77,13.77,13.77,100,2021-09-29 15:42:00,XBIT
13.8,13.8,13.8,13.8,100,2021-09-29 15:43:00,XBIT
13.8,13.8,13.8,13.8,300,2021-09-29 15:44:00,XBIT
13.9,13.9,13.9,13.9,107,2021-09-29 15:51:00,XBIT
13.8,13.8,13.8,13.8,800,2021-09-29 15:59:00,XBIT
13.8,13.8,13.8,13.8,100,2021-09-29 16:00:00,XBIT
13.8,13.8,13.8,13.8,500,2021-09-29 16:02:00,XBIT
13.9,13.9,13.81,13.81,3800,2021-09-29 16:11:00,XBIT
13.81,13.81,13.73,13.73,3691,2021-09-29 16:12:00,XBIT
13.71,13.71,13.71,13.71,100,2021-09-29 16:15:00,XBIT
13.75,13.75,13.75,13.75,100,2021-09-29 16:18:00,XBIT
13.71,13.71,13.51,13.6,6038,2021-09-29 16:22:00,XBIT
13.58,13.6,13.39,13.39,3744,2021-09-29 16:25:00,XBIT
13.5,13.5,13.5,13.5,100,2021-09-29 16:27:00,XBIT
13.5,13.5,13.3,13.3,2921,2021-09-29 16:28:00,XBIT
13.31,13.31,13.13,13.25,5780,2021-09-29 16:30:00,XBIT
13.2,13.2,13.11,13.12,5408,2021-09-29 16:32:00,XBIT
13.59,13.59,13.59,13.59,100,2021-09-29 16:33:00,XBIT
13.2,13.21,13.16,13.17,4300,2021-09-29 16:36:00,XBIT
13.57,13.57,13.25,13.25,200,2021-09-29 16:37:00,XBIT
13.57,13.57,13.31,13.31,349,2021-09-29 16:39:00,XBIT
13.43,13.43,13.3,13.3,287,2021-09-29 16:41:00,XBIT
13.29,13.29,13.29,13.29,100,2021-09-29 16:44:00,XBIT
13.31,13.32,13.225,13.225,2100,2021-09-29 16:50:00,XBIT
13.28,13.28,13.23,13.25,300,2021-09-29 16:51:00,XBIT
13.21,13.21,13.02,13.04,3211,2021-09-29 16:52:00,XBIT
13.25,13.25,13.25,13.25,100,2021-09-29 16:53:00,XBIT
13.14,13.14,13.14,13.14,100,2021-09-29 16:54:00,XBIT
13.24,13.24,13.24,13.24,100,2021-09-29 16:56:00,XBIT
13.29,13.29,13.29,13.29,100,2021-09-29 16:57:00,XBIT
13.25,13.27,13.25,13.27,200,2021-09-29 17:00:00,XBIT
13.27,13.29,13.27,13.29,700,2021-09-29 17:01:00,XBIT
13.28,13.28,13.28,13.28,100,2021-09-29 17:02:00,XBIT
13.28,13.28,13.11,13.11,200,2021-09-29 17:04:00,XBIT
13.27,13.27,13.27,13.27,100,2021-09-29 17:05:00,XBIT
13.2,13.2175,13.2,13.2175,387,2021-09-29 17:06:00,XBIT
13.28,13.28,13.18,13.18,1700,2021-09-29 17:07:00,XBIT
13.235,13.235,13.235,13.235,100,2021-09-29 17:09:00,XBIT
13.18,13.18,13.14,13.14,1200,2021-09-29 17:14:00,XBIT
13.26,13.26,13.26,13.26,100,2021-09-29 17:44:00,XBIT
13.255,13.255,13.255,13.255,400,2021-09-29 17:57:00,XBIT
13.22,13.22,13.22,13.22,300,2021-09-29 17:58:00,XBIT
13.23,13.23,13.23,13.23,215,2021-09-29 18:04:00,XBIT
13.16,13.16,13.16,13.16,300,2021-09-29 18:05:00,XBIT
13.41,13.41,13.2,13.2,500,2021-09-29 18:21:00,XBIT
13.44,13.44,13.44,13.44,100,2021-09-29 18:22:00,XBIT
13.305,13.305,13.305,13.305,200,2021-09-29 18:32:00,XBIT
13.29,13.3,13.29,13.3,200,2021-09-29 18:34:00,XBIT
13.24,13.24,13.19,13.19,200,2021-09-29 18:36:00,XBIT
13.3,13.3,13.3,13.3,100,2021-09-29 18:38:00,XBIT
13.18,13.18,12.83,12.88,6003,2021-09-29 18:39:00,XBIT
12.99,13.11,12.99,13.11,1517,2021-09-29 18:40:00,XBIT
13.11,13.11,13.1,13.1,200,2021-09-29 18:41:00,XBIT
13.11,13.11,13.04,13.04,400,2021-09-29 18:42:00,XBIT
13.03,13.03,13.03,13.03,100,2021-09-29 18:43:00,XBIT
13.175,13.175,13.175,13.175,100,2021-09-29 18:48:00,XBIT
13.22,13.22,13.22,13.22,500,2021-09-29 18:51:00,XBIT
13.315,13.315,13.11,13.11,1000,2021-09-29 18:52:00,XBIT
13.22,13.22,13.185,13.2,700,2021-09-29 18:53:00,XBIT
13.3,13.3,13.13,13.13,400,2021-09-29 18:55:00,XBIT
13.2604,13.2604,13.2604,13.2604,200,2021-09-29 18:56:00,XBIT
13.24,13.25,13.14,13.24,1700,2021-09-29 18:58:00,XBIT
13.19,13.19,13.19,13.19,100,2021-09-29 18:59:00,XBIT
13.13,13.13,13.13,13.13,100,2021-09-29 19:01:00,XBIT
13.15,13.15,13.14,13.14,500,2021-09-29 19:05:00,XBIT
13.11,13.11,13.11,13.11,200,2021-09-29 19:07:00,XBIT
13.12,13.12,13.12,13.12,100,2021-09-29 19:11:00,XBIT
13.13,13.13,13.13,13.13,100,2021-09-29 19:13:00,XBIT
13.2089,13.2089,13.2089,13.2089,500,2021-09-29 19:14:00,XBIT
13.2,13.21,13.19,13.19,300,2021-09-29 19:15:00,XBIT
13.21,13.25,13.175,13.25,400,2021-09-29 19:16:00,XBIT
13.24,13.24,13.24,13.24,300,2021-09-29 19:17:00,XBIT
13.25,13.25,13.25,13.25,200,2021-09-29 19:18:00,XBIT
13.2,13.2,13.17,13.17,300,2021-09-29 19:19:00,XBIT
13.21,13.265,13.21,13.21,405,2021-09-29 19:23:00,XBIT
13.24,13.24,13.24,13.24,493,2021-09-29 19:27:00,XBIT
13.235,13.235,13.235,13.235,500,2021-09-29 19:30:00,XBIT
13.27,13.27,13.115,13.115,1000,2021-09-29 19:31:00,XBIT
13.13,13.15,13.13,13.15,439,2021-09-29 19:33:00,XBIT
13.12,13.12,13.12,13.12,100,2021-09-29 19:35:00,XBIT
13.24,13.24,13.24,13.24,100,2021-09-29 19:36:00,XBIT
13.25,13.25,13.18,13.18,200,2021-09-29 19:38:00,XBIT
13.22,13.22,13.22,13.22,100,2021-09-29 19:40:00,XBIT
13.29,13.29,13.29,13.29,100,2021-09-29 19:42:00,XBIT
13.28,13.28,13.28,13.28,400,2021-09-29 19:43:00,XBIT
13.235,13.26,13.235,13.26,200,2021-09-29 19:44:00,XBIT
13.22,13.22,13.22,13.22,100,2021-09-29 19:45:00,XBIT
13.22,13.22,13.22,13.22,100,2021-09-29 19:46:00,XBIT
13.21,13.21,13.21,13.21,100,2021-09-29 19:47:00,XBIT
13.24,13.24,13.1,13.14,2500,2021-09-29 19:48:00,XBIT
13.14,13.14,13.14,13.14,100,2021-09-29 19:49:00,XBIT
13.18,13.18,13.18,13.18,100,2021-09-29 19:50:00,XBIT
13.17,13.19,13.145,13.17,1121,2021-09-29 19:51:00,XBIT
13.19,13.19,13.19,13.19,100,2021-09-29 19:52:00,XBIT
13.18,13.18,13.17,13.17,300,2021-09-29 19:53:00,XBIT
13.1875,13.1875,13.17,13.17,800,2021-09-29 19:54:00,XBIT
13.21,13.24,13.07,13.07,3235,2021-09-29 19:55:00,XBIT
13.175,13.175,13.14,13.14,400,2021-09-29 19:56:00,XBIT
13.14,13.14,13.1,13.1,200,2021-09-29 19:57:00,XBIT
13.15,13.155,13.15,13.155,700,2021-09-29 19:58:00,XBIT
13.16,13.2,13.09,13.1,4214,2021-09-29 19:59:00,XBIT
13.17,13.17,13.17,13.17,7135,2021-09-29 20:00:00,XBIT
13.06,13.06,13.06,13.06,100,2021-09-29 20:15:00,XBIT
13.13,13.13,13.13,13.13,2715,2021-09-30 13:30:00,XBIT
13.2167,13.2167,13.2167,13.2167,1000,2021-09-30 13:33:00,XBIT
13.49,13.49,13.26,13.26,200,2021-09-30 13:38:00,XBIT
13.22,13.22,13.04,13.08,2309,2021-09-30 13:40:00,XBIT
13.3,13.3,13.3,13.3,100,2021-09-30 13:42:00,XBIT
13.31,13.31,13.09,13.09,2160,2021-09-30 13:45:00,XBIT
13.08,13.08,13.08,13.08,100,2021-09-30 13:46:00,XBIT
13.145,13.145,13.145,13.145,100,2021-09-30 13:48:00,XBIT
13.27,13.27,13.27,13.27,100,2021-09-30 13:49:00,XBIT
13.13,13.13,13.13,13.13,100,2021-09-30 13:53:00,XBIT
13.15,13.15,13.15,13.15,1000,2021-09-30 13:54:00,XBIT
13.14,13.14,13.14,13.14,100,2021-09-30 13:57:00,XBIT
13.19,13.19,13.19,13.19,100,2021-09-30 13:58:00,XBIT
13.1,13.19,13.1,13.19,200,2021-09-30 13:59:00,XBIT
13.24,13.24,13.1,13.1,200,2021-09-30 14:00:00,XBIT
13.26,13.26,13.26,13.26,100,2021-09-30 14:01:00,XBIT
13.15,13.15,13.15,13.15,200,2021-09-30 14:02:00,XBIT
13.15,13.15,13.15,13.15,200,2021-09-30 14:03:00,XBIT
13.15,13.15,13.15,13.15,500,2021-09-30 14:05:00,XBIT
13.14,13.14,13.14,13.14,100,2021-09-30 14:06:00,XBIT
13.21,13.21,13.21,13.21,100,2021-09-30 14:07:00,XBIT
13.27,13.27,13.27,13.27,200,2021-09-30 14:10:00,XBIT
13.21,13.25,13.14,13.25,500,2021-09-30 14:11:00,XBIT
13.14,13.14,13.14,13.14,100,2021-09-30 14:13:00,XBIT
13.14,13.14,13.02,13.135,5184,2021-09-30 14:14:00,XBIT
13.07,13.07,13.07,13.07,100,2021-09-30 14:17:00,XBIT
13.07,13.07,13.07,13.07,100,2021-09-30 14:25:00,XBIT
13.155,13.155,13.155,13.155,500,2021-09-30 14:26:00,XBIT
13.08,13.08,13.08,13.08,100,2021-09-30 14:36:00,XBIT
13.16,13.16,13.16,13.16,400,2021-09-30 14:39:00,XBIT
13.16,13.16,13.16,13.16,500,2021-09-30 14:43:00,XBIT
13.1,13.22,13.1,13.1,500,2021-09-30 14:44:00,XBIT
13.09,13.165,13.09,13.09,2100,2021-09-30 14:48:00,XBIT
13.225,13.225,13.1,13.1,400,2021-09-30 14:52:00,XBIT
13.23,13.23,13.23,13.23,200,2021-09-30 15:08:00,XBIT
13.11,13.11,13.11,13.11,100,2021-09-30 15:09:00,XBIT
13.17,13.17,13.17,13.17,100,2021-09-30 15:15:00,XBIT
13.175,13.175,13.175,13.175,100,2021-09-30 15:16:00,XBIT
13.21,13.24,13.12,13.24,400,2021-09-30 15:17:00,XBIT
13.18,13.18,13.18,13.18,100,2021-09-30 15:18:00,XBIT
13.2101,13.2101,13.17,13.17,1100,2021-09-30 15:21:00,XBIT
13.17,13.17,13.17,13.17,100,2021-09-30 15:22:00,XBIT
13.235,13.235,13.235,13.235,100,2021-09-30 15:24:00,XBIT
13.205,13.205,13.205,13.205,600,2021-09-30 15:26:00,XBIT
13.18,13.24,13.11,13.171,5280,2021-09-30 15:27:00,XBIT
13.11,13.125,13.05,13.07,1706,2021-09-30 15:28:00,XBIT
13.06,13.06,13.06,13.06,100,2021-09-30 15:30:00,XBIT
13.085,13.085,13.05,13.05,508,2021-09-30 15:32:00,XBIT
13.06,13.0687,13.0,13.0,3010,2021-09-30 15:36:00,XBIT
13.0,13.0,13.0,13.0,466,2021-09-30 15:37:00,XBIT
12.9061,12.96,12.9061,12.96,670,2021-09-30 15:51:00,XBIT
12.87,12.87,12.87,12.87,100,2021-09-30 15:54:00,XBIT
12.84,12.84,12.84,12.84,100,2021-09-30 15:58:00,XBIT
13.045,13.045,13.045,13.045,100,2021-09-30 16:00:00,XBIT
12.955,12.955,12.955,12.955,100,2021-09-30 16:13:00,XBIT
12.9169,12.9169,12.9169,12.9169,200,2021-09-30 16:24:00,XBIT
12.965,12.965,12.965,12.965,100,2021-09-30 16:31:00,XBIT
13.02,13.02,13.02,13.02,100,2021-09-30 16:35:00,XBIT
13.015,13.015,12.92,12.92,200,2021-09-30 16:39:00,XBIT
12.97,12.97,12.97,12.97,100,2021-09-30 16:46:00,XBIT
12.98,13.0,12.98,13.0,200,2021-09-30 16:56:00,XBIT
12.98,13.03,12.98,12.99,700,2021-09-30 17:02:00,XBIT
13.005,13.01,13.005,13.01,700,2021-09-30 17:04:00,XBIT
13.03,13.03,13.015,13.015,300,2021-09-30 17:05:00,XBIT
13.01,13.01,13.01,13.01,300,2021-09-30 17:10:00,XBIT
13.02,13.02,13.02,13.02,100,2021-09-30 17:16:00,XBIT
13.01,13.01,12.93,12.93,1000,2021-09-30 17:17:00,XBIT
12.9793,12.9793,12.92,12.92,200,2021-09-30 17:26:00,XBIT
12.91,12.91,12.91,12.91,100,2021-09-30 17:29:00,XBIT
12.975,12.975,12.975,12.975,200,2021-09-30 17:37:00,XBIT
12.99,12.99,12.99,12.99,100,2021-09-30 17:48:00,XBIT
13.0,13.0,12.94,12.94,300,2021-09-30 17:51:00,XBIT
12.965,12.965,12.965,12.965,100,2021-09-30 17:52:00,XBIT
12.99,12.99,12.99,12.99,100,2021-09-30 17:55:00,XBIT
12.99,13.0,12.99,13.0,1096,2021-09-30 17:57:00,XBIT
12.98,13.08,12.95,12.95,10038,2021-09-30 17:58:00,XBIT
13.01,13.01,13.01,13.01,100,2021-09-30 17:59:00,XBIT
13.07,13.07,13.015,13.015,200,2021-09-30 18:00:00,XBIT
13.015,13.015,13.015,13.015,100,2021-09-30 18:01:00,XBIT
13.07,13.07,13.07,13.07,100,2021-09-30 18:04:00,XBIT
13.05,13.05,13.015,13.015,200,2021-09-30 18:05:00,XBIT
13.07,13.07,13.05,13.05,1000,2021-09-30 18:06:00,XBIT
13.1,13.1,13.06,13.1,700,2021-09-30 18:07:00,XBIT
13.12,13.12,13.12,13.12,100,2021-09-30 18:10:00,XBIT
13.12,13.12,13.06,13.11,700,2021-09-30 18:20:00,XBIT
13.11,13.11,13.11,13.11,100,2021-09-30 18:22:00,XBIT
13.105,13.15,13.105,13.15,200,2021-09-30 18:24:00,XBIT
13.105,13.105,13.105,13.105,100,2021-09-30 18:25:00,XBIT
13.14,13.14,13.14,13.14,100,2021-09-30 18:28:00,XBIT
13.15,13.15,13.15,13.15,100,2021-09-30 18:30:00,XBIT
13.105,13.15,13.105,13.15,500,2021-09-30 18:32:00,XBIT
13.11,13.11,13.11,13.11,100,2021-09-30 18:36:00,XBIT
13.08,13.08,13.08,13.08,100,2021-09-30 18:40:00,XBIT
13.105,13.105,13.105,13.105,100,2021-09-30 18:42:00,XBIT
13.08,13.1,13.07,13.07,600,2021-09-30 18:44:00,XBIT
13.07,13.07,13.07,13.07,100,2021-09-30 18:46:00,XBIT
13.07,13.07,13.06,13.07,1852,2021-09-30 18:48:00,XBIT
13.07,13.07,13.07,13.07,400,2021-09-30 18:49:00,XBIT
13.04,13.04,13.04,13.04,200,2021-09-30 18:50:00,XBIT
13.09,13.09,13.09,13.09,100,2021-09-30 18:55:00,XBIT
13.09,13.09,13.09,13.09,100,2021-09-30 18:57:00,XBIT
13.09,13.09,13.09,13.09,100,2021-09-30 19:00:00,XBIT
13.135,13.135,13.135,13.135,100,2021-09-30 19:03:00,XBIT
13.095,13.095,13.095,13.095,100,2021-09-30 19:08:00,XBIT
13.05,13.05,13.05,13.05,100,2021-09-30 19:09:00,XBIT
13.0503,13.095,13.0503,13.095,475,2021-09-30 19:10:00,XBIT
13.05,13.05,13.05,13.05,100,2021-09-30 19:18:00,XBIT
13.1,13.12,13.1,13.12,200,2021-09-30 19:23:00,XBIT
13.109,13.109,13.109,13.109,100,2021-09-30 19:26:00,XBIT
13.085,13.085,13.085,13.085,200,2021-09-30 19:28:00,XBIT
13.13,13.13,13.06,13.06,700,2021-09-30 19:29:00,XBIT
13.085,13.085,13.085,13.085,100,2021-09-30 19:34:00,XBIT
13.1,13.11,13.08,13.11,500,2021-09-30 19:35:00,XBIT
13.1388,13.1388,13.11,13.11,200,2021-09-30 19:41:00,XBIT
13.11,13.11,13.11,13.11,100,2021-09-30 19:42:00,XBIT
13.08,13.1049,13.08,13.08,500,2021-09-30 19:43:00,XBIT
13.08,13.08,13.08,13.08,100,2021-09-30 19:44:00,XBIT
13.08,13.08,13.02,13.02,1500,2021-09-30 19:46:00,XBIT
13.035,13.035,13.035,13.035,100,2021-09-30 19:47:00,XBIT
13.0,13.03,13.0,13.03,200,2021-09-30 19:48:00,XBIT
13.0,13.0,13.0,13.0,100,2021-09-30 19:49:00,XBIT
13.055,13.055,12.97,13.03,1300,2021-09-30 19:51:00,XBIT
13.04,13.04,12.96,12.96,1079,2021-09-30 19:52:00,XBIT
12.99,12.99,12.92,12.955,1000,2021-09-30 19:53:00,XBIT
12.955,12.97,12.955,12.97,300,2021-09-30 19:54:00,XBIT
13.0,13.02,12.975,13.02,300,2021-09-30 19:56:00,XBIT
13.02,13.02,13.0,13.01,800,2021-09-30 19:57:00,XBIT
13.015,13.04,12.96,12.96,1000,2021-09-30 19:58:00,XBIT
13.02,13.02,12.95,12.95,4048,2021-09-30 19:59:00,XBIT
12.95,12.95,12.95,12.95,7139,2021-09-30 20:00:00,XBIT
12.95,12.95,12.95,12.95,210,2021-09-30 20:01:00,XBIT
