open,high,low,close,volume,datetime,symbol
75.04,75.04,75.03,75.03,212,2021-06-01 12:50:00,NTLA
75.42,75.8,74.28,75.7,58496,2021-06-01 13:30:00,NTLA
75.7,77.09,75.7,76.685,30534,2021-06-01 13:35:00,NTLA
76.75,77.5399,76.62,76.645,26642,2021-06-01 13:40:00,NTLA
76.7,76.7,75.12,75.14,13283,2021-06-01 13:45:00,NTLA
75.7,75.7,74.225,74.3176,17732,2021-06-01 13:50:00,NTLA
74.32,74.35,73.24,73.66,66676,2021-06-01 13:55:00,NTLA
73.99,74.147,73.16,73.82,31751,2021-06-01 14:00:00,NTLA
73.71,74.6,73.67,73.95,10200,2021-06-01 14:05:00,NTLA
73.8,74.145,72.8415,72.88,30906,2021-06-01 14:10:00,NTLA
72.7422,73.41,72.705,73.41,25667,2021-06-01 14:15:00,NTLA
73.05,73.215,72.6252,73.215,12947,2021-06-01 14:20:00,NTLA
72.94,73.39,72.9106,73.0,19130,2021-06-01 14:25:00,NTLA
73.19,73.7957,73.19,73.74,16135,2021-06-01 14:30:00,NTLA
73.9,73.91,73.18,73.2408,12237,2021-06-01 14:35:00,NTLA
73.27,73.56,73.12,73.15,5973,2021-06-01 14:40:00,NTLA
73.33,73.56,72.95,73.1,28708,2021-06-01 14:45:00,NTLA
73.18,73.64,73.13,73.56,22035,2021-06-01 14:50:00,NTLA
73.61,73.7,72.94,72.946,8358,2021-06-01 14:55:00,NTLA
72.92,73.28,72.83,72.83,10102,2021-06-01 15:00:00,NTLA
72.955,73.3099,72.88,72.88,3850,2021-06-01 15:05:00,NTLA
72.87,73.16,72.76,72.78,3737,2021-06-01 15:10:00,NTLA
72.73,72.84,72.58,72.66,1736,2021-06-01 15:15:00,NTLA
72.64,72.695,72.31,72.4765,5725,2021-06-01 15:20:00,NTLA
72.52,72.62,72.34,72.59,2401,2021-06-01 15:25:00,NTLA
72.525,72.5267,72.37,72.44,2400,2021-06-01 15:30:00,NTLA
72.44,72.6,72.44,72.54,3800,2021-06-01 15:35:00,NTLA
72.6,72.89,72.45,72.45,6654,2021-06-01 15:40:00,NTLA
72.39,72.39,72.21,72.355,11961,2021-06-01 15:45:00,NTLA
72.4077,72.4077,72.19,72.325,5378,2021-06-01 15:50:00,NTLA
72.3598,72.49,72.2,72.49,1875,2021-06-01 15:55:00,NTLA
72.46,72.785,72.45,72.63,3459,2021-06-01 16:00:00,NTLA
72.5851,72.98,72.54,72.96,2400,2021-06-01 16:05:00,NTLA
72.99,73.2,72.84,73.2,6360,2021-06-01 16:10:00,NTLA
73.26,73.505,73.14,73.505,4800,2021-06-01 16:15:00,NTLA
73.495,73.51,73.3814,73.47,2049,2021-06-01 16:20:00,NTLA
73.4,73.44,73.38,73.44,900,2021-06-01 16:25:00,NTLA
73.37,73.4675,73.21,73.275,4421,2021-06-01 16:30:00,NTLA
73.34,73.413,73.255,73.39,2693,2021-06-01 16:35:00,NTLA
73.3526,73.48,73.3526,73.465,1936,2021-06-01 16:40:00,NTLA
73.4546,73.4819,73.31,73.31,3704,2021-06-01 16:45:00,NTLA
73.3,73.53,73.16,73.53,7299,2021-06-01 16:50:00,NTLA
73.52,73.8,73.5,73.795,4086,2021-06-01 16:55:00,NTLA
74.0,74.0,73.74,73.81,5462,2021-06-01 17:00:00,NTLA
73.75,73.95,73.7,73.95,1100,2021-06-01 17:05:00,NTLA
74.03,74.25,73.99,74.25,1358,2021-06-01 17:10:00,NTLA
74.19,74.23,73.92,73.92,3032,2021-06-01 17:15:00,NTLA
74.04,74.23,73.8,74.23,2300,2021-06-01 17:20:00,NTLA
74.08,74.295,74.08,74.23,2300,2021-06-01 17:25:00,NTLA
74.29,74.29,73.92,73.96,2100,2021-06-01 17:30:00,NTLA
73.95,73.95,73.7,73.815,2979,2021-06-01 17:35:00,NTLA
73.86,73.92,73.475,73.48,2633,2021-06-01 17:40:00,NTLA
73.57,73.9,73.49,73.885,3416,2021-06-01 17:45:00,NTLA
73.82,73.955,73.59,73.66,5738,2021-06-01 17:50:00,NTLA
73.635,73.79,73.635,73.79,1866,2021-06-01 17:55:00,NTLA
73.77,74.07,73.71,73.99,4616,2021-06-01 18:00:00,NTLA
73.86,74.07,73.74,73.905,7527,2021-06-01 18:05:00,NTLA
73.905,74.12,73.84,73.91,8467,2021-06-01 18:10:00,NTLA
73.95,73.97,73.855,73.97,600,2021-06-01 18:15:00,NTLA
74.02,74.27,73.96,74.06,6229,2021-06-01 18:20:00,NTLA
74.155,74.195,73.92,73.92,9675,2021-06-01 18:25:00,NTLA
73.925,74.19,73.925,73.96,3686,2021-06-01 18:30:00,NTLA
73.945,74.1211,73.94,74.085,3941,2021-06-01 18:35:00,NTLA
74.11,74.19,73.86,73.9548,4594,2021-06-01 18:40:00,NTLA
73.865,74.04,73.835,74.025,2679,2021-06-01 18:45:00,NTLA
74.04,74.159,73.87,74.005,5749,2021-06-01 18:50:00,NTLA
73.96,74.08,73.8,73.94,8819,2021-06-01 18:55:00,NTLA
73.92,73.9599,73.8,73.8,8535,2021-06-01 19:00:00,NTLA
73.8,74.01,73.75,73.81,23107,2021-06-01 19:05:00,NTLA
73.81,73.93,73.71,73.915,16780,2021-06-01 19:10:00,NTLA
73.84,73.88,73.69,73.8,7355,2021-06-01 19:15:00,NTLA
73.77,73.79,73.65,73.7,7995,2021-06-01 19:20:00,NTLA
73.63,73.645,73.51,73.62,5437,2021-06-01 19:25:00,NTLA
73.57,73.66,73.48,73.53,2269,2021-06-01 19:30:00,NTLA
73.54,73.72,73.49,73.59,3433,2021-06-01 19:35:00,NTLA
73.66,73.76,73.52,73.76,8168,2021-06-01 19:40:00,NTLA
73.69,73.84,73.56,73.78,7739,2021-06-01 19:45:00,NTLA
73.84,73.84,73.5475,73.6,20970,2021-06-01 19:50:00,NTLA
73.645,73.85,73.38,73.71,69938,2021-06-01 19:55:00,NTLA
73.73,73.73,73.73,73.73,77248,2021-06-01 20:00:00,NTLA
73.95,74.0,73.95,74.0,300,2021-06-01 22:00:00,NTLA
73.67,73.67,73.67,73.67,200,2021-06-02 13:25:00,NTLA
73.49,73.9,73.1,73.2,13617,2021-06-02 13:30:00,NTLA
73.06,73.09,71.63,72.56,18226,2021-06-02 13:35:00,NTLA
72.425,73.1,72.425,73.1,1472,2021-06-02 13:40:00,NTLA
72.92,73.32,72.46,73.31,2880,2021-06-02 13:45:00,NTLA
73.33,75.13,73.33,75.13,9166,2021-06-02 13:50:00,NTLA
75.2,75.37,73.6501,74.4,3923,2021-06-02 13:55:00,NTLA
74.06,74.47,73.65,73.83,18522,2021-06-02 14:00:00,NTLA
73.97,74.45,73.5,74.23,9322,2021-06-02 14:05:00,NTLA
74.21,74.3,73.5,73.5795,7989,2021-06-02 14:10:00,NTLA
73.66,74.3,73.66,74.07,9589,2021-06-02 14:15:00,NTLA
73.91,74.05,73.69,74.05,1850,2021-06-02 14:20:00,NTLA
73.83,73.9,73.55,73.665,7699,2021-06-02 14:25:00,NTLA
73.76,74.11,73.33,73.64,19826,2021-06-02 14:30:00,NTLA
73.47,73.47,72.89,73.075,19440,2021-06-02 14:35:00,NTLA
73.1483,73.83,73.1483,73.59,24078,2021-06-02 14:40:00,NTLA
73.74,73.8799,73.39,73.83,16645,2021-06-02 14:45:00,NTLA
73.65,73.8463,73.49,73.5,920,2021-06-02 14:50:00,NTLA
73.4,73.43,72.9762,72.9946,9738,2021-06-02 14:55:00,NTLA
73.125,73.5,73.0,73.2379,4487,2021-06-02 15:00:00,NTLA
73.1,73.11,72.7925,72.7925,3390,2021-06-02 15:05:00,NTLA
72.52,72.75,72.34,72.5,5323,2021-06-02 15:10:00,NTLA
72.42,72.57,72.21,72.305,4019,2021-06-02 15:15:00,NTLA
72.5,72.58,72.43,72.58,4141,2021-06-02 15:20:00,NTLA
72.44,72.4526,72.01,72.06,5077,2021-06-02 15:25:00,NTLA
72.23,72.23,71.95,72.08,8940,2021-06-02 15:30:00,NTLA
72.1,72.15,71.9968,72.0575,5150,2021-06-02 15:35:00,NTLA
72.15,72.19,71.85,71.93,5297,2021-06-02 15:40:00,NTLA
71.9097,71.94,71.67,71.67,4040,2021-06-02 15:45:00,NTLA
71.8,72.1,71.8,72.1,1890,2021-06-02 15:50:00,NTLA
72.03,72.03,72.0,72.0,200,2021-06-02 15:55:00,NTLA
72.03,72.04,71.6,71.7,4662,2021-06-02 16:00:00,NTLA
71.66,72.29,71.54,72.29,7058,2021-06-02 16:05:00,NTLA
72.33,72.55,72.33,72.55,3989,2021-06-02 16:10:00,NTLA
72.59,72.61,72.44,72.44,6549,2021-06-02 16:15:00,NTLA
72.5,72.6325,72.38,72.38,7400,2021-06-02 16:20:00,NTLA
72.37,72.44,72.0,72.01,20824,2021-06-02 16:25:00,NTLA
71.89,72.15,71.84,72.01,19870,2021-06-02 16:30:00,NTLA
71.92,72.15,71.91,72.14,1754,2021-06-02 16:35:00,NTLA
71.97,72.26,71.97,72.155,1300,2021-06-02 16:40:00,NTLA
72.23,72.44,72.23,72.38,2003,2021-06-02 16:45:00,NTLA
72.48,72.62,72.33,72.55,6862,2021-06-02 16:50:00,NTLA
72.42,72.555,72.29,72.55,6883,2021-06-02 16:55:00,NTLA
72.47,72.47,72.18,72.25,5437,2021-06-02 17:00:00,NTLA
72.205,72.46,72.08,72.4,4800,2021-06-02 17:05:00,NTLA
72.415,72.415,71.88,71.885,7825,2021-06-02 17:10:00,NTLA
71.93,72.02,71.8,71.9,4200,2021-06-02 17:15:00,NTLA
71.92,71.92,71.64,71.6985,5266,2021-06-02 17:20:00,NTLA
71.685,72.03,71.64,71.94,2902,2021-06-02 17:25:00,NTLA
71.82,71.93,71.745,71.83,4447,2021-06-02 17:30:00,NTLA
71.745,71.8899,71.7,71.73,1880,2021-06-02 17:35:00,NTLA
71.69,71.78,71.6,71.665,3795,2021-06-02 17:40:00,NTLA
71.74,71.75,71.2375,71.32,14197,2021-06-02 17:45:00,NTLA
71.25,71.77,71.25,71.67,5988,2021-06-02 17:50:00,NTLA
71.66,71.7,71.25,71.25,5943,2021-06-02 17:55:00,NTLA
71.55,71.71,71.55,71.55,1300,2021-06-02 18:00:00,NTLA
71.5,71.6,71.3,71.54,2700,2021-06-02 18:05:00,NTLA
71.46,71.66,71.355,71.4375,7782,2021-06-02 18:10:00,NTLA
71.5,71.61,71.2,71.29,5396,2021-06-02 18:15:00,NTLA
71.38,71.79,71.23,71.61,7912,2021-06-02 18:20:00,NTLA
71.5975,72.01,71.5975,71.96,2200,2021-06-02 18:25:00,NTLA
71.97,72.0902,71.79,71.89,2300,2021-06-02 18:30:00,NTLA
71.86,72.07,71.74,71.97,1552,2021-06-02 18:35:00,NTLA
72.08,72.1,71.94,71.975,1017,2021-06-02 18:40:00,NTLA
71.97,72.05,71.63,71.74,3240,2021-06-02 18:45:00,NTLA
71.75,71.89,71.67,71.81,1500,2021-06-02 18:50:00,NTLA
71.755,71.86,71.65,71.74,3400,2021-06-02 18:55:00,NTLA
71.81,71.95,71.72,71.75,3778,2021-06-02 19:00:00,NTLA
71.87,72.12,71.81,71.93,26023,2021-06-02 19:05:00,NTLA
71.95,72.26,71.88,72.06,4500,2021-06-02 19:10:00,NTLA
72.1,72.2,71.96,72.07,5307,2021-06-02 19:15:00,NTLA
72.155,72.2,71.89,71.94,13264,2021-06-02 19:20:00,NTLA
72.07,72.17,71.92,72.06,2968,2021-06-02 19:25:00,NTLA
71.91,72.18,71.91,72.18,3524,2021-06-02 19:30:00,NTLA
72.15,72.59,72.15,72.57,6555,2021-06-02 19:35:00,NTLA
72.56,72.94,72.54,72.88,20996,2021-06-02 19:40:00,NTLA
72.89,72.92,72.65,72.71,8556,2021-06-02 19:45:00,NTLA
72.78,73.12,72.78,72.87,17022,2021-06-02 19:50:00,NTLA
72.875,73.03,72.55,72.78,114511,2021-06-02 19:55:00,NTLA
72.78,72.78,72.78,72.78,189830,2021-06-02 20:00:00,NTLA
72.29,72.29,72.29,72.29,100,2021-06-02 20:05:00,NTLA
72.05,72.05,72.05,72.05,100,2021-06-02 23:40:00,NTLA
71.49,71.49,71.49,71.49,100,2021-06-03 13:25:00,NTLA
71.23,72.14,70.0,72.14,33310,2021-06-03 13:30:00,NTLA
72.32,72.34,71.5,71.72,46093,2021-06-03 13:35:00,NTLA
71.68,72.15,70.745,70.745,83717,2021-06-03 13:40:00,NTLA
70.6436,70.89,69.55,69.94,66398,2021-06-03 13:45:00,NTLA
69.925,70.68,69.75,70.57,19017,2021-06-03 13:50:00,NTLA
70.78,70.82,70.02,70.58,24426,2021-06-03 13:55:00,NTLA
70.595,71.765,70.37,71.525,37122,2021-06-03 14:00:00,NTLA
71.5025,71.61,70.8712,71.08,19909,2021-06-03 14:05:00,NTLA
71.45,71.45,70.68,70.87,3589,2021-06-03 14:10:00,NTLA
70.865,71.04,70.25,70.85,8112,2021-06-03 14:15:00,NTLA
70.951,71.31,70.79,70.97,2300,2021-06-03 14:20:00,NTLA
70.9,71.16,70.67,71.16,8475,2021-06-03 14:25:00,NTLA
71.03,71.49,70.98,71.345,2800,2021-06-03 14:30:00,NTLA
71.35,71.35,71.0,71.19,1800,2021-06-03 14:35:00,NTLA
71.05,71.3128,70.91,71.3128,2901,2021-06-03 14:40:00,NTLA
71.36,71.67,71.2975,71.2975,2320,2021-06-03 14:45:00,NTLA
71.355,71.445,71.12,71.15,5920,2021-06-03 14:50:00,NTLA
71.0,71.42,70.79,71.37,11745,2021-06-03 14:55:00,NTLA
71.5,71.5,71.21,71.21,6775,2021-06-03 15:00:00,NTLA
71.25,71.25,70.6536,70.6536,12684,2021-06-03 15:05:00,NTLA
70.73,71.06,70.574,71.0,10153,2021-06-03 15:10:00,NTLA
71.0,71.06,70.7,70.94,15807,2021-06-03 15:15:00,NTLA
70.86,71.0,70.67,70.89,14913,2021-06-03 15:20:00,NTLA
70.97,71.02,70.62,70.81,33471,2021-06-03 15:25:00,NTLA
70.53,70.61,70.5,70.56,26532,2021-06-03 15:30:00,NTLA
70.548,70.845,70.54,70.61,31294,2021-06-03 15:35:00,NTLA
70.79,70.89,70.62,70.75,11444,2021-06-03 15:40:00,NTLA
70.69,70.78,70.335,70.335,5656,2021-06-03 15:45:00,NTLA
70.25,70.25,69.78,69.78,7531,2021-06-03 15:50:00,NTLA
69.88,70.08,69.79,70.045,7105,2021-06-03 15:55:00,NTLA
70.1,70.58,70.045,70.55,12660,2021-06-03 16:00:00,NTLA
70.73,70.985,70.56,70.89,3112,2021-06-03 16:05:00,NTLA
70.9271,70.95,70.795,70.8018,1142,2021-06-03 16:10:00,NTLA
70.7996,70.86,70.41,70.86,8233,2021-06-03 16:15:00,NTLA
70.71,70.8,70.6,70.695,1144,2021-06-03 16:20:00,NTLA
70.78,71.0,70.78,71.0,2327,2021-06-03 16:25:00,NTLA
70.8,70.8,70.64,70.74,1200,2021-06-03 16:30:00,NTLA
70.61,70.91,70.6,70.91,1095,2021-06-03 16:35:00,NTLA
70.86,70.86,70.6,70.72,2723,2021-06-03 16:40:00,NTLA
70.685,70.685,70.35,70.47,8285,2021-06-03 16:45:00,NTLA
70.47,70.53,70.37,70.455,2200,2021-06-03 16:50:00,NTLA
70.45,70.89,70.45,70.89,3955,2021-06-03 16:55:00,NTLA
70.95,70.96,70.54,70.64,3902,2021-06-03 17:00:00,NTLA
70.6,70.66,70.52,70.66,4235,2021-06-03 17:05:00,NTLA
70.68,70.81,70.54,70.5638,3052,2021-06-03 17:10:00,NTLA
70.55,70.81,70.55,70.77,3214,2021-06-03 17:15:00,NTLA
70.745,70.925,70.68,70.925,6027,2021-06-03 17:20:00,NTLA
70.8902,71.16,70.79,71.12,3443,2021-06-03 17:25:00,NTLA
71.09,71.1,70.63,70.63,3000,2021-06-03 17:30:00,NTLA
70.66,70.8475,70.6,70.6,4575,2021-06-03 17:35:00,NTLA
70.7,70.94,70.52,70.65,9190,2021-06-03 17:40:00,NTLA
70.63,71.07,70.6,70.6,2062,2021-06-03 17:45:00,NTLA
70.6,70.775,70.59,70.59,3823,2021-06-03 17:50:00,NTLA
70.61,70.67,70.575,70.605,4271,2021-06-03 17:55:00,NTLA
70.56,70.67,70.415,70.6,6323,2021-06-03 18:00:00,NTLA
70.68,70.79,70.55,70.6,3834,2021-06-03 18:05:00,NTLA
70.6,70.67,70.55,70.639,2350,2021-06-03 18:10:00,NTLA
70.508,70.508,70.35,70.5,9257,2021-06-03 18:15:00,NTLA
70.55,70.55,70.35,70.45,9117,2021-06-03 18:20:00,NTLA
70.42,70.49,70.35,70.49,6300,2021-06-03 18:25:00,NTLA
70.44,70.55,70.42,70.42,2481,2021-06-03 18:30:00,NTLA
70.42,70.73,70.35,70.64,21003,2021-06-03 18:35:00,NTLA
70.645,70.87,70.6,70.86,3186,2021-06-03 18:40:00,NTLA
70.8701,70.98,70.87,70.89,3990,2021-06-03 18:45:00,NTLA
70.87,70.91,70.68,70.91,6528,2021-06-03 18:50:00,NTLA
70.98,71.18,70.775,70.78,4838,2021-06-03 18:55:00,NTLA
70.86,71.15,70.82,70.98,11938,2021-06-03 19:00:00,NTLA
70.99,71.16,70.99,71.09,4812,2021-06-03 19:05:00,NTLA
71.11,71.25,71.045,71.195,5332,2021-06-03 19:10:00,NTLA
71.15,71.25,70.99,71.12,7904,2021-06-03 19:15:00,NTLA
71.15,71.23,71.062,71.19,3300,2021-06-03 19:20:00,NTLA
71.15,71.2,71.0996,71.2,3780,2021-06-03 19:25:00,NTLA
71.21,71.75,71.21,71.6,7463,2021-06-03 19:30:00,NTLA
71.55,71.66,71.52,71.57,6018,2021-06-03 19:35:00,NTLA
71.57,71.68,71.495,71.5,17497,2021-06-03 19:40:00,NTLA
71.55,71.61,71.12,71.12,8313,2021-06-03 19:45:00,NTLA
71.08,71.36,71.08,71.35,18377,2021-06-03 19:50:00,NTLA
71.36,71.545,71.19,71.52,96390,2021-06-03 19:55:00,NTLA
71.51,71.51,71.51,71.51,72265,2021-06-03 20:00:00,NTLA
71.69,71.69,71.69,71.69,500,2021-06-03 20:40:00,NTLA
71.69,71.69,71.69,71.69,762,2021-06-03 20:50:00,NTLA
71.51,71.51,71.51,71.51,199,2021-06-04 11:30:00,NTLA
71.52,71.52,71.52,71.52,100,2021-06-04 12:00:00,NTLA
72.5,72.5,72.5,72.5,516,2021-06-04 12:55:00,NTLA
72.71,74.64,72.59,74.62,80042,2021-06-04 13:30:00,NTLA
74.85,75.14,74.21,74.825,56833,2021-06-04 13:35:00,NTLA
74.7872,75.475,74.755,75.05,20639,2021-06-04 13:40:00,NTLA
75.06,75.86,74.8774,75.52,26345,2021-06-04 13:45:00,NTLA
75.525,75.91,75.35,75.46,20162,2021-06-04 13:50:00,NTLA
75.43,75.5873,74.8175,75.0,21948,2021-06-04 13:55:00,NTLA
75.085,75.42,75.0,75.205,12062,2021-06-04 14:00:00,NTLA
75.21,75.35,74.51,74.51,15190,2021-06-04 14:05:00,NTLA
74.39,74.47,73.83,73.83,32959,2021-06-04 14:10:00,NTLA
73.9,74.13,73.68,73.99,20717,2021-06-04 14:15:00,NTLA
73.87,74.76,73.855,74.76,8987,2021-06-04 14:20:00,NTLA
74.81,74.81,74.48,74.74,13328,2021-06-04 14:25:00,NTLA
74.8,74.85,74.47,74.47,17594,2021-06-04 14:30:00,NTLA
74.405,74.915,74.405,74.8,13404,2021-06-04 14:35:00,NTLA
74.83,74.87,74.483,74.87,6695,2021-06-04 14:40:00,NTLA
74.86,75.16,74.86,75.0962,5357,2021-06-04 14:45:00,NTLA
74.955,74.955,74.64,74.85,7362,2021-06-04 14:50:00,NTLA
74.77,74.835,74.4539,74.46,3542,2021-06-04 14:55:00,NTLA
74.23,74.255,74.11,74.19,1889,2021-06-04 15:00:00,NTLA
74.27,74.295,74.17,74.22,1030,2021-06-04 15:05:00,NTLA
74.4,74.53,74.1,74.15,6574,2021-06-04 15:10:00,NTLA
74.22,74.54,74.22,74.54,800,2021-06-04 15:15:00,NTLA
74.535,74.63,74.35,74.41,1225,2021-06-04 15:20:00,NTLA
74.365,74.465,74.36,74.4551,1732,2021-06-04 15:25:00,NTLA
74.4,74.66,74.395,74.4,900,2021-06-04 15:30:00,NTLA
74.405,74.45,74.25,74.25,2155,2021-06-04 15:35:00,NTLA
74.4,74.59,74.3375,74.57,1897,2021-06-04 15:40:00,NTLA
74.66,74.84,74.58,74.745,4547,2021-06-04 15:45:00,NTLA
74.73,74.81,74.68,74.68,1356,2021-06-04 15:50:00,NTLA
74.745,74.83,74.6,74.7271,4231,2021-06-04 15:55:00,NTLA
74.8,74.99,74.75,74.75,3963,2021-06-04 16:00:00,NTLA
74.77,74.84,74.69,74.815,1200,2021-06-04 16:05:00,NTLA
74.87,74.91,74.83,74.87,798,2021-06-04 16:10:00,NTLA
74.78,74.95,74.78,74.87,850,2021-06-04 16:15:00,NTLA
74.78,74.8098,74.59,74.65,2459,2021-06-04 16:20:00,NTLA
74.61,74.6999,74.56,74.66,2232,2021-06-04 16:25:00,NTLA
74.685,74.685,74.42,74.445,1925,2021-06-04 16:30:00,NTLA
74.53,74.53,74.4,74.405,602,2021-06-04 16:35:00,NTLA
74.28,74.34,73.998,74.0938,3000,2021-06-04 16:40:00,NTLA
73.93,73.955,73.75,73.75,2226,2021-06-04 16:45:00,NTLA
73.755,73.79,73.55,73.555,2708,2021-06-04 16:50:00,NTLA
73.505,73.505,73.31,73.35,2575,2021-06-04 16:55:00,NTLA
73.23,73.2765,73.0573,73.0573,2786,2021-06-04 17:00:00,NTLA
73.15,73.35,73.12,73.295,1000,2021-06-04 17:05:00,NTLA
73.32,73.35,73.3,73.3,1477,2021-06-04 17:10:00,NTLA
73.22,73.22,73.02,73.0814,2243,2021-06-04 17:15:00,NTLA
73.125,73.125,73.0,73.01,2810,2021-06-04 17:20:00,NTLA
73.03,73.13,72.95,73.0,7012,2021-06-04 17:25:00,NTLA
72.995,73.12,72.995,73.065,1900,2021-06-04 17:30:00,NTLA
73.07,73.11,72.91,73.08,3400,2021-06-04 17:35:00,NTLA
73.14,73.18,73.115,73.18,1300,2021-06-04 17:40:00,NTLA
73.23,73.23,73.0,73.0,3483,2021-06-04 17:45:00,NTLA
73.035,73.2,73.035,73.145,1354,2021-06-04 17:50:00,NTLA
73.16,73.18,73.12,73.18,400,2021-06-04 17:55:00,NTLA
73.1046,73.16,72.95,73.02,8010,2021-06-04 18:00:00,NTLA
73.07,73.0719,72.96,72.984,2478,2021-06-04 18:05:00,NTLA
73.03,73.25,72.96,73.045,2125,2021-06-04 18:10:00,NTLA
72.992,73.31,72.992,73.18,2450,2021-06-04 18:15:00,NTLA
73.1267,73.33,73.11,73.24,22191,2021-06-04 18:20:00,NTLA
73.26,73.32,73.17,73.25,22584,2021-06-04 18:25:00,NTLA
73.31,73.36,73.15,73.15,17795,2021-06-04 18:30:00,NTLA
73.125,73.33,73.1,73.32,6165,2021-06-04 18:35:00,NTLA
73.27,73.275,73.25,73.27,1000,2021-06-04 18:40:00,NTLA
73.26,73.39,72.95,73.14,42287,2021-06-04 18:45:00,NTLA
73.02,73.22,72.89,73.22,13115,2021-06-04 18:50:00,NTLA
73.215,73.215,72.93,72.93,7372,2021-06-04 18:55:00,NTLA
72.85,73.01,72.5,72.59,4509,2021-06-04 19:00:00,NTLA
72.54,72.75,72.5,72.52,4537,2021-06-04 19:05:00,NTLA
72.51,72.51,72.12,72.13,17435,2021-06-04 19:10:00,NTLA
72.0,72.045,71.52,71.72,5555,2021-06-04 19:15:00,NTLA
71.86,72.02,71.61,72.02,12677,2021-06-04 19:20:00,NTLA
72.1,72.185,71.87,72.18,14248,2021-06-04 19:25:00,NTLA
72.18,72.34,72.18,72.32,6766,2021-06-04 19:30:00,NTLA
72.34,72.53,72.34,72.4,8022,2021-06-04 19:35:00,NTLA
72.45,72.48,72.38,72.48,4420,2021-06-04 19:40:00,NTLA
72.49,72.5,72.19,72.215,7361,2021-06-04 19:45:00,NTLA
72.05,72.44,72.025,72.28,18999,2021-06-04 19:50:00,NTLA
72.23,72.38,72.12,72.28,50633,2021-06-04 19:55:00,NTLA
72.24,72.24,72.24,72.24,49458,2021-06-04 20:00:00,NTLA
72.24,72.24,72.23,72.23,200,2021-06-04 23:05:00,NTLA
72.24,72.24,72.22,72.22,200,2021-06-04 23:10:00,NTLA
72.47,72.92,72.04,72.32,19263,2021-06-07 13:30:00,NTLA
72.4,72.72,72.0301,72.0454,3844,2021-06-07 13:35:00,NTLA
72.31,72.49,71.77,72.38,8398,2021-06-07 13:40:00,NTLA
72.25,72.89,72.25,72.785,4107,2021-06-07 13:45:00,NTLA
72.815,73.17,72.57,72.665,7850,2021-06-07 13:50:00,NTLA
72.68,73.03,72.57,72.92,32071,2021-06-07 13:55:00,NTLA
73.07,73.47,72.73,73.47,21035,2021-06-07 14:00:00,NTLA
73.395,74.07,73.355,74.0,6601,2021-06-07 14:05:00,NTLA
73.9,74.0,73.0588,73.605,8069,2021-06-07 14:10:00,NTLA
73.38,74.05,73.16,73.73,9627,2021-06-07 14:15:00,NTLA
73.75,74.11,73.75,74.0,2465,2021-06-07 14:20:00,NTLA
74.02,74.06,73.725,73.93,2517,2021-06-07 14:25:00,NTLA
74.05,74.29,74.04,74.04,2973,2021-06-07 14:30:00,NTLA
74.115,74.46,74.0,74.315,4269,2021-06-07 14:35:00,NTLA
74.305,74.4645,74.1,74.27,4775,2021-06-07 14:40:00,NTLA
74.49,74.63,74.26,74.55,10051,2021-06-07 14:45:00,NTLA
74.625,75.19,74.625,74.93,10265,2021-06-07 14:50:00,NTLA
75.11,76.0,74.95,75.97,23548,2021-06-07 14:55:00,NTLA
75.64,76.29,75.495,75.495,8918,2021-06-07 15:00:00,NTLA
75.35,76.725,75.35,76.5,10507,2021-06-07 15:05:00,NTLA
76.39,77.6,76.3,77.59,16265,2021-06-07 15:10:00,NTLA
77.485,77.92,77.0,77.21,8155,2021-06-07 15:15:00,NTLA
77.37,77.5,76.7,77.06,16685,2021-06-07 15:20:00,NTLA
77.09,77.09,76.135,76.135,5519,2021-06-07 15:25:00,NTLA
76.22,76.55,76.03,76.35,4228,2021-06-07 15:30:00,NTLA
76.56,77.09,76.56,77.09,4651,2021-06-07 15:35:00,NTLA
76.93,77.11,76.75,77.03,2545,2021-06-07 15:40:00,NTLA
77.0,77.0,76.93,77.0,1770,2021-06-07 15:45:00,NTLA
77.25,77.35,77.02,77.03,8199,2021-06-07 15:50:00,NTLA
77.17,77.17,76.95,77.13,4694,2021-06-07 15:55:00,NTLA
77.07,77.3,76.98,77.3,2758,2021-06-07 16:00:00,NTLA
77.09,77.4,77.06,77.325,2300,2021-06-07 16:05:00,NTLA
77.37,77.47,77.27,77.47,2321,2021-06-07 16:10:00,NTLA
77.395,78.115,77.395,78.0,11467,2021-06-07 16:15:00,NTLA
77.9,78.25,77.9,78.125,9550,2021-06-07 16:20:00,NTLA
78.15,78.245,77.8125,78.075,3634,2021-06-07 16:25:00,NTLA
78.2,78.2,77.83,78.0,3892,2021-06-07 16:30:00,NTLA
78.0,78.19,77.94,78.19,2520,2021-06-07 16:35:00,NTLA
78.19,78.455,78.08,78.375,10156,2021-06-07 16:40:00,NTLA
78.33,78.655,78.32,78.42,7688,2021-06-07 16:45:00,NTLA
78.4,78.6,78.3683,78.555,2592,2021-06-07 16:50:00,NTLA
78.64,78.74,78.57,78.74,6849,2021-06-07 16:55:00,NTLA
78.74,79.12,78.74,78.883,18108,2021-06-07 17:00:00,NTLA
78.815,78.99,78.66,78.88,3263,2021-06-07 17:05:00,NTLA
78.785,78.93,78.36,78.4111,5421,2021-06-07 17:10:00,NTLA
78.45,78.81,78.45,78.81,1300,2021-06-07 17:15:00,NTLA
78.815,78.815,78.63,78.8,2190,2021-06-07 17:20:00,NTLA
78.81,79.0,78.54,78.755,9643,2021-06-07 17:25:00,NTLA
78.84,79.47,78.84,79.34,12993,2021-06-07 17:30:00,NTLA
79.365,79.455,78.49,78.5427,13200,2021-06-07 17:35:00,NTLA
78.5,78.635,78.33,78.63,9840,2021-06-07 17:40:00,NTLA
78.69,78.72,78.45,78.45,4117,2021-06-07 17:45:00,NTLA
78.41,78.53,78.32,78.44,6050,2021-06-07 17:50:00,NTLA
78.32,78.32,77.66,77.74,3723,2021-06-07 17:55:00,NTLA
77.63,77.92,77.57,77.84,2104,2021-06-07 18:00:00,NTLA
77.76,77.805,77.31,77.4375,6611,2021-06-07 18:05:00,NTLA
77.6,77.76,77.6,77.615,1917,2021-06-07 18:10:00,NTLA
77.53,77.6,77.44,77.55,5075,2021-06-07 18:15:00,NTLA
77.55,78.08,77.55,77.815,4059,2021-06-07 18:20:00,NTLA
77.805,77.84,77.78,77.79,3616,2021-06-07 18:25:00,NTLA
77.84,77.84,77.51,77.565,19646,2021-06-07 18:30:00,NTLA
77.65,77.72,77.4,77.67,44629,2021-06-07 18:35:00,NTLA
77.62,77.79,77.32,77.5,57814,2021-06-07 18:40:00,NTLA
77.5,77.65,77.24,77.26,6755,2021-06-07 18:45:00,NTLA
77.245,77.45,77.18,77.2,18057,2021-06-07 18:50:00,NTLA
77.385,77.415,77.07,77.095,9070,2021-06-07 18:55:00,NTLA
77.21,77.3,77.05,77.21,8921,2021-06-07 19:00:00,NTLA
77.195,77.91,77.16,77.82,7200,2021-06-07 19:05:00,NTLA
77.83,78.32,77.8,78.32,4777,2021-06-07 19:10:00,NTLA
78.37,78.44,78.17,78.38,2713,2021-06-07 19:15:00,NTLA
78.29,78.38,78.2,78.37,3586,2021-06-07 19:20:00,NTLA
78.48,78.59,78.36,78.44,2313,2021-06-07 19:25:00,NTLA
78.4,78.52,78.01,78.02,5931,2021-06-07 19:30:00,NTLA
78.05,78.22,77.81,77.81,4862,2021-06-07 19:35:00,NTLA
77.79,78.05,77.758,77.758,3019,2021-06-07 19:40:00,NTLA
77.73,77.86,77.54,77.71,9478,2021-06-07 19:45:00,NTLA
77.97,78.16,77.78,77.78,17372,2021-06-07 19:50:00,NTLA
77.84,77.84,77.48,77.51,37123,2021-06-07 19:55:00,NTLA
77.66,77.66,77.66,77.66,203589,2021-06-07 20:00:00,NTLA
77.87,77.87,77.87,77.87,100,2021-06-07 20:50:00,NTLA
77.82,77.82,77.82,77.82,300,2021-06-07 22:10:00,NTLA
77.0,77.0,77.0,77.0,1095,2021-06-08 11:05:00,NTLA
78.0,78.0,78.0,78.0,3767,2021-06-08 12:35:00,NTLA
79.5,80.0,79.5,80.0,939,2021-06-08 13:25:00,NTLA
79.7,81.23,79.41,80.1,29053,2021-06-08 13:30:00,NTLA
80.35,80.88,79.64,79.64,51851,2021-06-08 13:35:00,NTLA
79.57,80.24,79.19,80.13,4598,2021-06-08 13:40:00,NTLA
80.11,80.11,78.98,79.24,9903,2021-06-08 13:45:00,NTLA
79.0,79.21,77.9145,78.47,3576,2021-06-08 13:50:00,NTLA
78.69,79.32,78.69,79.3,5301,2021-06-08 13:55:00,NTLA
79.5,79.5,78.34,78.5,8763,2021-06-08 14:00:00,NTLA
78.5,78.73,77.7844,77.89,13269,2021-06-08 14:05:00,NTLA
77.94,78.32,77.78,77.8197,2779,2021-06-08 14:10:00,NTLA
77.82,78.1,77.67,78.1,2525,2021-06-08 14:15:00,NTLA
78.42,78.44,77.73,77.73,7257,2021-06-08 14:20:00,NTLA
78.0,78.9,78.0,78.785,11161,2021-06-08 14:25:00,NTLA
78.93,79.09,78.49,78.87,7699,2021-06-08 14:30:00,NTLA
78.87,78.87,78.185,78.185,3930,2021-06-08 14:35:00,NTLA
78.06,78.27,77.82,77.89,2622,2021-06-08 14:40:00,NTLA
77.83,78.43,77.83,78.16,4620,2021-06-08 14:45:00,NTLA
78.16,78.29,77.01,77.09,5292,2021-06-08 14:50:00,NTLA
77.23,77.39,76.61,76.61,4969,2021-06-08 14:55:00,NTLA
76.7,76.78,76.19,76.19,10699,2021-06-08 15:00:00,NTLA
75.92,76.76,75.76,76.715,30860,2021-06-08 15:05:00,NTLA
76.69,76.7,75.48,75.48,3216,2021-06-08 15:10:00,NTLA
75.48,75.64,74.55,74.55,38296,2021-06-08 15:15:00,NTLA
74.4975,75.86,74.01,75.6,21488,2021-06-08 15:20:00,NTLA
75.56,75.98,75.23,75.86,7773,2021-06-08 15:25:00,NTLA
76.0,76.07,75.68,75.96,5359,2021-06-08 15:30:00,NTLA
75.91,76.16,75.88,76.14,5515,2021-06-08 15:35:00,NTLA
75.85,76.48,75.7,76.25,4772,2021-06-08 15:40:00,NTLA
76.25,76.65,76.25,76.42,2100,2021-06-08 15:45:00,NTLA
76.53,76.53,76.08,76.08,2705,2021-06-08 15:50:00,NTLA
76.38,76.73,76.26,76.7,11016,2021-06-08 15:55:00,NTLA
76.7104,76.91,76.6,76.68,8687,2021-06-08 16:00:00,NTLA
76.7,76.77,76.495,76.575,3600,2021-06-08 16:05:00,NTLA
76.57,76.8,76.57,76.645,2367,2021-06-08 16:10:00,NTLA
76.7,77.08,76.7,76.9,5201,2021-06-08 16:15:00,NTLA
76.975,76.975,76.58,76.63,7536,2021-06-08 16:20:00,NTLA
76.65,77.26,76.65,77.26,2768,2021-06-08 16:25:00,NTLA
77.17,77.39,77.05,77.16,14487,2021-06-08 16:30:00,NTLA
77.19,77.19,76.9,77.105,2678,2021-06-08 16:35:00,NTLA
77.055,77.165,76.96,76.99,28949,2021-06-08 16:40:00,NTLA
76.94,77.005,76.93,76.93,2300,2021-06-08 16:45:00,NTLA
76.92,77.04,76.82,76.9,6949,2021-06-08 16:50:00,NTLA
76.98,77.17,76.88,77.01,10260,2021-06-08 16:55:00,NTLA
76.96,77.0641,76.77,76.91,2100,2021-06-08 17:00:00,NTLA
76.84,77.09,76.84,77.015,2536,2021-06-08 17:05:00,NTLA
76.985,77.07,76.89,76.96,5323,2021-06-08 17:10:00,NTLA
76.87,77.25,76.87,77.25,1665,2021-06-08 17:15:00,NTLA
77.29,77.39,77.085,77.24,2085,2021-06-08 17:20:00,NTLA
77.27,77.32,76.96,77.09,3013,2021-06-08 17:25:00,NTLA
77.07,77.22,76.93,77.1,2987,2021-06-08 17:30:00,NTLA
77.12,77.41,77.12,77.39,1999,2021-06-08 17:35:00,NTLA
77.26,77.64,77.11,77.58,4176,2021-06-08 17:40:00,NTLA
77.7,77.86,77.61,77.61,6808,2021-06-08 17:45:00,NTLA
77.61,77.66,77.2,77.22,1900,2021-06-08 17:50:00,NTLA
77.49,77.58,77.39,77.5,2101,2021-06-08 17:55:00,NTLA
77.49,77.59,77.37,77.45,2800,2021-06-08 18:00:00,NTLA
77.56,77.8,77.39,77.67,14676,2021-06-08 18:05:00,NTLA
77.775,77.94,77.675,77.755,2950,2021-06-08 18:10:00,NTLA
77.81,77.97,77.78,77.9,5741,2021-06-08 18:15:00,NTLA
77.89,77.89,77.605,77.795,9201,2021-06-08 18:20:00,NTLA
77.865,78.0975,77.865,78.0975,3531,2021-06-08 18:25:00,NTLA
78.13,78.2,77.95,78.16,13916,2021-06-08 18:30:00,NTLA
78.265,78.44,78.15,78.31,3794,2021-06-08 18:35:00,NTLA
78.29,78.32,78.17,78.32,600,2021-06-08 18:40:00,NTLA
78.28,78.5,78.24,78.5,3420,2021-06-08 18:45:00,NTLA
78.5,78.5,78.06,78.16,14361,2021-06-08 18:50:00,NTLA
78.225,78.5,78.225,78.31,4880,2021-06-08 18:55:00,NTLA
78.49,78.5,78.24,78.45,13165,2021-06-08 19:00:00,NTLA
78.45,78.705,78.2771,78.41,21414,2021-06-08 19:05:00,NTLA
78.47,78.89,78.45,78.68,18737,2021-06-08 19:10:00,NTLA
78.665,78.735,78.48,78.5699,3880,2021-06-08 19:15:00,NTLA
78.44,78.5266,78.13,78.16,3150,2021-06-08 19:20:00,NTLA
78.15,78.505,78.15,78.4602,5664,2021-06-08 19:25:00,NTLA
78.46,78.94,78.425,78.8,9939,2021-06-08 19:30:00,NTLA
78.83,78.83,78.49,78.65,8769,2021-06-08 19:35:00,NTLA
78.71,78.8,78.58,78.75,6338,2021-06-08 19:40:00,NTLA
78.76,78.76,78.44,78.64,13352,2021-06-08 19:45:00,NTLA
78.75,79.02,78.7,78.845,15149,2021-06-08 19:50:00,NTLA
78.8,79.04,78.69,78.95,42290,2021-06-08 19:55:00,NTLA
78.98,78.98,78.98,78.98,65377,2021-06-08 20:00:00,NTLA
79.0,79.0,79.0,79.0,100,2021-06-08 20:40:00,NTLA
78.98,78.98,78.98,78.98,100,2021-06-08 23:15:00,NTLA
79.25,80.0,79.25,80.0,894,2021-06-08 23:20:00,NTLA
80.13,80.82,78.51,78.76,72567,2021-06-09 13:30:00,NTLA
78.93,79.94,78.29,78.67,31629,2021-06-09 13:35:00,NTLA
78.745,79.44,78.155,79.4,5212,2021-06-09 13:40:00,NTLA
79.44,80.73,79.44,80.25,9426,2021-06-09 13:45:00,NTLA
80.0,80.0,78.52,78.57,5534,2021-06-09 13:50:00,NTLA
78.92,79.95,78.92,79.09,1829,2021-06-09 13:55:00,NTLA
78.88,79.65,78.88,79.6,6701,2021-06-09 14:00:00,NTLA
79.6,80.2,79.57,79.91,5211,2021-06-09 14:05:00,NTLA
80.25,80.6575,79.99,80.1,9146,2021-06-09 14:10:00,NTLA
79.97,80.24,79.42,79.765,6541,2021-06-09 14:15:00,NTLA
79.87,80.27,79.86,80.13,2133,2021-06-09 14:20:00,NTLA
80.59,80.65,80.31,80.32,4200,2021-06-09 14:25:00,NTLA
80.49,81.21,80.41,81.0575,12388,2021-06-09 14:30:00,NTLA
81.085,81.55,80.93,81.14,18770,2021-06-09 14:35:00,NTLA
81.175,81.29,80.96,81.29,3669,2021-06-09 14:40:00,NTLA
81.36,81.5,80.65,80.8,12300,2021-06-09 14:45:00,NTLA
81.0,81.61,81.0,81.61,4597,2021-06-09 14:50:00,NTLA
81.76,81.76,81.2018,81.27,6542,2021-06-09 14:55:00,NTLA
81.235,81.7,81.17,81.7,15516,2021-06-09 15:00:00,NTLA
81.76,81.76,81.05,81.05,4108,2021-06-09 15:05:00,NTLA
80.98,80.98,80.27,80.39,3850,2021-06-09 15:10:00,NTLA
80.2426,80.4442,79.77,80.03,4968,2021-06-09 15:15:00,NTLA
79.75,80.2,79.7201,79.84,8392,2021-06-09 15:20:00,NTLA
79.85,80.035,79.6521,79.81,3888,2021-06-09 15:25:00,NTLA
79.95,80.52,79.69,80.45,6399,2021-06-09 15:30:00,NTLA
80.64,80.91,80.6,80.91,2091,2021-06-09 15:35:00,NTLA
80.725,80.84,80.61,80.635,2099,2021-06-09 15:40:00,NTLA
80.74,80.91,80.56,80.56,3438,2021-06-09 15:45:00,NTLA
80.7,81.0,80.34,80.345,8954,2021-06-09 15:50:00,NTLA
80.38,80.51,80.27,80.51,1636,2021-06-09 15:55:00,NTLA
80.425,80.72,80.27,80.72,1710,2021-06-09 16:00:00,NTLA
80.86,81.0,80.74,80.88,3312,2021-06-09 16:05:00,NTLA
81.02,81.11,80.92,81.0,5600,2021-06-09 16:10:00,NTLA
81.0,81.08,80.88,80.91,3542,2021-06-09 16:15:00,NTLA
80.97,81.09,80.81,80.81,5497,2021-06-09 16:20:00,NTLA
80.75,80.77,80.72,80.72,709,2021-06-09 16:25:00,NTLA
80.935,81.1,80.9259,81.0,2950,2021-06-09 16:30:00,NTLA
81.0,81.01,80.97,81.0,1170,2021-06-09 16:35:00,NTLA
81.005,81.48,80.92,81.48,7203,2021-06-09 16:40:00,NTLA
81.47,81.87,81.47,81.87,2200,2021-06-09 16:45:00,NTLA
81.87,81.95,81.71,81.87,6365,2021-06-09 16:50:00,NTLA
81.74,81.865,81.64,81.839,3001,2021-06-09 16:55:00,NTLA
81.95,82.08,81.82,82.08,6594,2021-06-09 17:00:00,NTLA
82.1,82.35,82.08,82.29,8160,2021-06-09 17:05:00,NTLA
82.205,82.205,81.72,81.72,3927,2021-06-09 17:10:00,NTLA
81.64,81.64,81.185,81.46,16210,2021-06-09 17:15:00,NTLA
81.61,81.97,81.61,81.97,5361,2021-06-09 17:20:00,NTLA
81.915,82.32,81.86,81.86,10439,2021-06-09 17:25:00,NTLA
82.0099,82.0099,81.36,81.55,5426,2021-06-09 17:30:00,NTLA
81.7299,81.7299,81.4,81.49,3444,2021-06-09 17:35:00,NTLA
81.47,81.48,80.8,81.02,6891,2021-06-09 17:40:00,NTLA
81.08,81.3116,81.02,81.08,3531,2021-06-09 17:45:00,NTLA
81.03,81.385,80.8,81.385,3055,2021-06-09 17:50:00,NTLA
81.255,81.42,80.82,80.82,6429,2021-06-09 17:55:00,NTLA
80.98,81.29,80.9234,81.15,7299,2021-06-09 18:00:00,NTLA
81.15,81.2187,80.95,80.9925,6165,2021-06-09 18:05:00,NTLA
80.89,81.05,80.87,80.87,3341,2021-06-09 18:10:00,NTLA
80.932,81.31,80.932,81.07,5261,2021-06-09 18:15:00,NTLA
81.11,81.355,80.89,81.1,7308,2021-06-09 18:20:00,NTLA
80.96,81.1,80.85,80.85,2900,2021-06-09 18:25:00,NTLA
80.84,80.84,80.44,80.445,11498,2021-06-09 18:30:00,NTLA
80.48,80.68,80.455,80.53,5736,2021-06-09 18:35:00,NTLA
80.605,81.02,80.58,80.795,4223,2021-06-09 18:40:00,NTLA
80.795,80.81,80.62,80.62,4490,2021-06-09 18:45:00,NTLA
80.73,80.76,80.62,80.73,1600,2021-06-09 18:50:00,NTLA
80.82,81.03,80.73,80.79,7008,2021-06-09 18:55:00,NTLA
80.8,80.93,80.73,80.77,1800,2021-06-09 19:00:00,NTLA
80.73,80.8,80.405,80.405,5388,2021-06-09 19:05:00,NTLA
80.4435,80.63,80.35,80.35,5173,2021-06-09 19:10:00,NTLA
80.38,80.53,80.21,80.21,2750,2021-06-09 19:15:00,NTLA
80.1661,80.17,79.7,79.755,17103,2021-06-09 19:20:00,NTLA
79.795,79.89,79.49,79.58,26528,2021-06-09 19:25:00,NTLA
79.49,80.2,79.07,80.07,27689,2021-06-09 19:30:00,NTLA
80.075,80.3,79.94,80.1962,7836,2021-06-09 19:35:00,NTLA
80.08,80.21,79.92,80.18,13100,2021-06-09 19:40:00,NTLA
80.185,80.36,80.06,80.17,8896,2021-06-09 19:45:00,NTLA
80.14,80.29,79.89,80.285,14252,2021-06-09 19:50:00,NTLA
80.3,80.55,80.16,80.52,29479,2021-06-09 19:55:00,NTLA
80.43,80.43,80.43,80.43,62530,2021-06-09 20:00:00,NTLA
80.43,80.43,80.43,80.43,100,2021-06-09 20:30:00,NTLA
80.35,80.35,80.35,80.35,195,2021-06-09 20:40:00,NTLA
80.3,80.3,80.3,80.3,200,2021-06-09 21:20:00,NTLA
80.3,80.3,80.3,80.3,100,2021-06-09 21:25:00,NTLA
80.3,80.3,80.3,80.3,251,2021-06-09 23:40:00,NTLA
80.71,80.71,80.71,80.71,626,2021-06-09 23:45:00,NTLA
80.99,81.0,80.99,81.0,200,2021-06-10 13:10:00,NTLA
81.95,81.95,81.95,81.95,405,2021-06-10 13:15:00,NTLA
80.27,80.86,79.19,80.8206,17478,2021-06-10 13:30:00,NTLA
80.83,81.9,80.55,81.5518,6763,2021-06-10 13:35:00,NTLA
81.85,81.86,81.27,81.38,6063,2021-06-10 13:40:00,NTLA
81.77,82.5495,81.77,82.185,11046,2021-06-10 13:45:00,NTLA
82.04,82.6768,81.7,82.1867,5044,2021-06-10 13:50:00,NTLA
82.36,83.33,82.35,82.65,13984,2021-06-10 13:55:00,NTLA
82.575,83.74,82.45,83.42,15081,2021-06-10 14:00:00,NTLA
83.3,83.659,83.06,83.09,4041,2021-06-10 14:05:00,NTLA
83.098,83.098,81.92,82.27,6303,2021-06-10 14:10:00,NTLA
82.35,82.89,82.2539,82.68,7990,2021-06-10 14:15:00,NTLA
82.94,83.0,82.2529,82.27,8396,2021-06-10 14:20:00,NTLA
82.3,82.58,82.15,82.58,6530,2021-06-10 14:25:00,NTLA
82.51,82.61,82.39,82.45,5413,2021-06-10 14:30:00,NTLA
82.55,82.59,81.21,81.3921,5147,2021-06-10 14:35:00,NTLA
81.41,81.41,80.87,80.87,3470,2021-06-10 14:40:00,NTLA
80.77,80.77,80.25,80.4972,4618,2021-06-10 14:45:00,NTLA
80.475,81.16,80.4,80.91,8787,2021-06-10 14:50:00,NTLA
80.73,81.51,80.4008,81.51,2749,2021-06-10 14:55:00,NTLA
81.32,81.5,80.96,81.49,5587,2021-06-10 15:00:00,NTLA
81.2,82.0,81.2,82.0,3683,2021-06-10 15:05:00,NTLA
81.905,82.52,81.905,82.17,8044,2021-06-10 15:10:00,NTLA
82.36,82.74,82.29,82.58,4913,2021-06-10 15:15:00,NTLA
82.47,82.69,82.4,82.6,4930,2021-06-10 15:20:00,NTLA
82.58,82.75,82.51,82.66,5025,2021-06-10 15:25:00,NTLA
82.5598,82.5598,82.4,82.5,1553,2021-06-10 15:30:00,NTLA
82.6,82.6,82.43,82.44,3000,2021-06-10 15:35:00,NTLA
82.49,82.49,82.16,82.16,2159,2021-06-10 15:40:00,NTLA
82.37,82.515,82.37,82.4,3153,2021-06-10 15:45:00,NTLA
82.37,82.375,82.271,82.271,2643,2021-06-10 15:50:00,NTLA
82.4994,82.71,82.46,82.46,4377,2021-06-10 15:55:00,NTLA
82.44,82.74,82.39,82.74,3887,2021-06-10 16:00:00,NTLA
82.72,82.87,82.575,82.575,3443,2021-06-10 16:05:00,NTLA
82.415,82.85,82.41,82.71,3947,2021-06-10 16:10:00,NTLA
82.8515,82.99,82.75,82.99,3531,2021-06-10 16:15:00,NTLA
82.96,83.04,82.695,83.04,7544,2021-06-10 16:20:00,NTLA
83.09,83.09,82.82,82.82,3696,2021-06-10 16:25:00,NTLA
82.86,83.17,82.86,83.035,1803,2021-06-10 16:30:00,NTLA
83.025,83.28,83.0,83.28,2200,2021-06-10 16:35:00,NTLA
83.36,83.51,83.26,83.44,9065,2021-06-10 16:40:00,NTLA
83.38,83.8,83.34,83.8,9162,2021-06-10 16:45:00,NTLA
83.9285,84.16,83.92,84.0769,10929,2021-06-10 16:50:00,NTLA
84.1,84.1,83.45,83.7375,2950,2021-06-10 16:55:00,NTLA
83.5289,83.7,83.09,83.17,7371,2021-06-10 17:00:00,NTLA
83.25,83.5,83.09,83.09,2460,2021-06-10 17:05:00,NTLA
83.26,83.32,83.08,83.27,9630,2021-06-10 17:10:00,NTLA
83.34,83.79,83.34,83.57,1503,2021-06-10 17:15:00,NTLA
83.52,83.53,83.185,83.44,3731,2021-06-10 17:20:00,NTLA
83.42,83.42,82.89,82.89,7464,2021-06-10 17:25:00,NTLA
83.07,83.1,82.78,82.95,5679,2021-06-10 17:30:00,NTLA
82.96,83.18,82.84,83.1,8163,2021-06-10 17:35:00,NTLA
83.24,83.575,83.15,83.48,9793,2021-06-10 17:40:00,NTLA
83.47,83.55,83.34,83.53,2700,2021-06-10 17:45:00,NTLA
83.495,83.98,83.495,83.98,6820,2021-06-10 17:50:00,NTLA
83.905,84.0,83.61,83.925,9878,2021-06-10 17:55:00,NTLA
83.8,84.1,83.7,84.1,4341,2021-06-10 18:00:00,NTLA
84.18,84.41,83.9764,84.17,7644,2021-06-10 18:05:00,NTLA
84.09,84.14,83.77,83.87,7774,2021-06-10 18:10:00,NTLA
83.925,84.205,83.925,84.175,1984,2021-06-10 18:15:00,NTLA
84.1421,84.39,84.085,84.35,13991,2021-06-10 18:20:00,NTLA
84.39,84.41,83.84,83.84,5514,2021-06-10 18:25:00,NTLA
83.92,84.26,83.84,84.18,6675,2021-06-10 18:30:00,NTLA
84.165,84.25,84.13,84.13,5236,2021-06-10 18:35:00,NTLA
84.07,84.07,83.92,83.94,7685,2021-06-10 18:40:00,NTLA
83.875,84.19,83.75,84.095,40721,2021-06-10 18:45:00,NTLA
84.08,84.1,83.79,83.9,16947,2021-06-10 18:50:00,NTLA
83.9,84.0,83.65,83.7,3600,2021-06-10 18:55:00,NTLA
83.83,83.83,83.22,83.22,8232,2021-06-10 19:00:00,NTLA
83.34,83.45,82.59,83.15,35798,2021-06-10 19:05:00,NTLA
83.2126,83.32,83.14,83.2,2435,2021-06-10 19:10:00,NTLA
83.26,83.47,83.16,83.3699,8824,2021-06-10 19:15:00,NTLA
83.37,83.4799,83.31,83.4615,13150,2021-06-10 19:20:00,NTLA
83.45,83.45,83.04,83.12,3700,2021-06-10 19:25:00,NTLA
83.11,83.2,82.67,82.69,9871,2021-06-10 19:30:00,NTLA
82.647,82.97,82.6,82.97,10764,2021-06-10 19:35:00,NTLA
82.93,83.09,82.89,82.95,10293,2021-06-10 19:40:00,NTLA
82.96,82.98,82.66,82.77,21018,2021-06-10 19:45:00,NTLA
82.85,83.23,82.61,83.145,23833,2021-06-10 19:50:00,NTLA
83.2,83.3194,83.13,83.13,57377,2021-06-10 19:55:00,NTLA
83.15,83.15,83.15,83.15,63987,2021-06-10 20:00:00,NTLA
82.7,82.7,82.7,82.7,100,2021-06-10 20:30:00,NTLA
82.75,82.75,82.75,82.75,285,2021-06-10 20:35:00,NTLA
83.15,83.15,83.15,83.15,23588,2021-06-10 21:05:00,NTLA
83.6,83.6,83.6,83.6,100,2021-06-11 11:05:00,NTLA
83.59,83.6,83.59,83.6,1074,2021-06-11 11:50:00,NTLA
83.9,83.9,83.9,83.9,100,2021-06-11 12:00:00,NTLA
84.7,84.7,84.7,84.7,481,2021-06-11 12:10:00,NTLA
84.7001,85.51,84.7001,85.51,1571,2021-06-11 12:15:00,NTLA
85.0,85.0,85.0,85.0,179,2021-06-11 12:20:00,NTLA
85.4931,85.4931,85.4931,85.4931,1896,2021-06-11 13:05:00,NTLA
85.21,85.775,84.01,84.905,49338,2021-06-11 13:30:00,NTLA
84.57,85.4199,84.0,84.04,9712,2021-06-11 13:35:00,NTLA
84.0,84.85,83.92,84.85,7942,2021-06-11 13:40:00,NTLA
84.6,85.41,84.435,85.2601,33909,2021-06-11 13:45:00,NTLA
85.29,86.09,85.11,85.71,22594,2021-06-11 13:50:00,NTLA
85.79,85.82,84.67,85.04,14801,2021-06-11 13:55:00,NTLA
85.13,85.44,84.445,84.445,9997,2021-06-11 14:00:00,NTLA
84.42,84.67,84.165,84.63,7226,2021-06-11 14:05:00,NTLA
84.61,85.34,84.605,85.26,15444,2021-06-11 14:10:00,NTLA
85.44,85.55,84.9,85.2,11682,2021-06-11 14:15:00,NTLA
85.23,85.71,85.23,85.56,6040,2021-06-11 14:20:00,NTLA
85.555,86.03,85.395,85.6,33246,2021-06-11 14:25:00,NTLA
85.56,85.56,84.66,84.81,7244,2021-06-11 14:30:00,NTLA
84.7,85.245,84.5695,84.5695,5778,2021-06-11 14:35:00,NTLA
84.82,84.83,84.63,84.78,4370,2021-06-11 14:40:00,NTLA
84.53,84.75,83.6947,83.845,11824,2021-06-11 14:45:00,NTLA
83.845,84.07,83.69,84.0,4937,2021-06-11 14:50:00,NTLA
84.13,84.3,83.83,84.22,22302,2021-06-11 14:55:00,NTLA
84.11,84.12,83.2043,83.2043,14146,2021-06-11 15:00:00,NTLA
83.4,83.64,83.24,83.55,14110,2021-06-11 15:05:00,NTLA
83.53,83.62,83.39,83.4,11259,2021-06-11 15:10:00,NTLA
83.51,83.89,83.5,83.76,2616,2021-06-11 15:15:00,NTLA
83.72,84.43,83.53,84.36,20422,2021-06-11 15:20:00,NTLA
84.22,84.54,84.15,84.4,3324,2021-06-11 15:25:00,NTLA
84.34,84.42,83.83,83.975,2176,2021-06-11 15:30:00,NTLA
83.9,83.955,83.35,83.6,5770,2021-06-11 15:35:00,NTLA
83.53,83.61,83.405,83.59,5151,2021-06-11 15:40:00,NTLA
83.67,83.73,83.6,83.62,10047,2021-06-11 15:45:00,NTLA
83.67,83.675,83.21,83.23,10141,2021-06-11 15:50:00,NTLA
83.22,83.69,83.2,83.31,5514,2021-06-11 15:55:00,NTLA
83.39,83.67,83.36,83.51,6438,2021-06-11 16:00:00,NTLA
83.45,83.64,83.41,83.41,1403,2021-06-11 16:05:00,NTLA
83.53,83.6,83.28,83.34,6010,2021-06-11 16:10:00,NTLA
83.27,83.57,83.265,83.41,4300,2021-06-11 16:15:00,NTLA
83.515,83.5699,83.38,83.38,5195,2021-06-11 16:20:00,NTLA
83.32,83.38,83.29,83.305,3611,2021-06-11 16:25:00,NTLA
83.34,83.54,83.28,83.34,16364,2021-06-11 16:30:00,NTLA
83.55,83.59,83.44,83.51,3100,2021-06-11 16:35:00,NTLA
83.69,83.74,83.38,83.43,4527,2021-06-11 16:40:00,NTLA
83.3915,83.71,83.3915,83.66,1020,2021-06-11 16:45:00,NTLA
83.62,84.0,83.62,83.98,1200,2021-06-11 16:50:00,NTLA
84.13,84.13,83.85,84.04,1846,2021-06-11 16:55:00,NTLA
83.99,84.26,83.79,83.89,8881,2021-06-11 17:00:00,NTLA
83.97,84.13,83.6,83.695,12402,2021-06-11 17:05:00,NTLA
83.6,83.67,83.435,83.6,13498,2021-06-11 17:10:00,NTLA
83.52,83.59,83.39,83.574,1700,2021-06-11 17:15:00,NTLA
83.68,83.8,83.46,83.53,2419,2021-06-11 17:20:00,NTLA
83.66,84.05,83.66,83.84,7722,2021-06-11 17:25:00,NTLA
84.03,84.12,83.73,83.73,5580,2021-06-11 17:30:00,NTLA
83.88,83.97,83.64,83.84,1887,2021-06-11 17:35:00,NTLA
83.89,83.89,83.62,83.75,13809,2021-06-11 17:40:00,NTLA
83.75,83.76,83.56,83.68,700,2021-06-11 17:45:00,NTLA
83.63,83.85,83.45,83.81,18909,2021-06-11 17:50:00,NTLA
83.87,83.87,83.69,83.69,2093,2021-06-11 17:55:00,NTLA
83.69,83.83,83.64,83.8,10300,2021-06-11 18:00:00,NTLA
83.795,84.01,83.795,84.01,3731,2021-06-11 18:05:00,NTLA
84.07,84.34,83.95,84.28,922,2021-06-11 18:10:00,NTLA
84.24,84.33,84.19,84.19,3592,2021-06-11 18:15:00,NTLA
84.29,84.33,83.84,83.89,6259,2021-06-11 18:20:00,NTLA
84.0,84.25,84.0,84.25,8262,2021-06-11 18:25:00,NTLA
84.28,84.28,83.93,83.945,3920,2021-06-11 18:30:00,NTLA
84.05,84.13,83.97,84.05,8895,2021-06-11 18:35:00,NTLA
84.135,84.44,84.135,84.25,951,2021-06-11 18:40:00,NTLA
84.31,84.31,84.0,84.0,10552,2021-06-11 18:45:00,NTLA
84.08,84.28,83.94,83.94,9759,2021-06-11 18:50:00,NTLA
84.0,84.06,83.76,83.82,4780,2021-06-11 18:55:00,NTLA
83.86,84.15,83.85,83.96,16296,2021-06-11 19:00:00,NTLA
84.03,84.43,84.01,84.37,9008,2021-06-11 19:05:00,NTLA
84.38,84.38,84.275,84.275,700,2021-06-11 19:10:00,NTLA
84.37,84.55,84.37,84.517,1700,2021-06-11 19:15:00,NTLA
84.59,84.7,84.57,84.645,3300,2021-06-11 19:20:00,NTLA
84.76,84.79,84.64,84.74,5117,2021-06-11 19:25:00,NTLA
84.755,84.9,84.755,84.81,8203,2021-06-11 19:30:00,NTLA
84.78,84.84,84.73,84.81,3400,2021-06-11 19:35:00,NTLA
84.815,84.86,84.73,84.79,11739,2021-06-11 19:40:00,NTLA
84.76,84.76,84.49,84.5,11853,2021-06-11 19:45:00,NTLA
84.44,84.85,84.3,84.85,26262,2021-06-11 19:50:00,NTLA
84.85,85.3,84.85,85.29,61651,2021-06-11 19:55:00,NTLA
85.29,85.29,85.29,85.29,92208,2021-06-11 20:00:00,NTLA
85.0,85.0,85.0,85.0,400,2021-06-11 20:20:00,NTLA
85.0799,85.0799,85.0799,85.0799,300,2021-06-11 20:55:00,NTLA
84.0,84.0,84.0,84.0,2885,2021-06-14 09:45:00,NTLA
84.02,84.02,83.55,83.55,200,2021-06-14 13:25:00,NTLA
84.21,86.98,84.21,86.18,31590,2021-06-14 13:30:00,NTLA
86.5,86.81,85.43,86.0,8827,2021-06-14 13:35:00,NTLA
85.79,86.08,85.25,85.25,13533,2021-06-14 13:40:00,NTLA
85.5,86.5,85.39,86.5,3600,2021-06-14 13:45:00,NTLA
86.3,86.5,85.53,86.185,28240,2021-06-14 13:50:00,NTLA
86.16,86.5,85.87,86.5,6291,2021-06-14 13:55:00,NTLA
86.625,86.63,85.865,86.27,9043,2021-06-14 14:00:00,NTLA
86.26,86.63,86.22,86.24,11974,2021-06-14 14:05:00,NTLA
86.33,86.8,86.02,86.8,65893,2021-06-14 14:10:00,NTLA
87.0,87.74,87.0,87.47,19927,2021-06-14 14:15:00,NTLA
87.425,87.76,87.42,87.5,10664,2021-06-14 14:20:00,NTLA
87.65,88.3,87.38,87.67,48599,2021-06-14 14:25:00,NTLA
87.7725,87.93,87.41,87.64,34615,2021-06-14 14:30:00,NTLA
87.43,87.44,86.3536,86.89,11036,2021-06-14 14:35:00,NTLA
86.9548,87.24,86.44,87.13,21170,2021-06-14 14:40:00,NTLA
87.0,87.31,86.644,86.82,28305,2021-06-14 14:45:00,NTLA
86.98,87.51,86.98,87.25,16802,2021-06-14 14:50:00,NTLA
87.22,87.26,86.83,87.1271,7363,2021-06-14 14:55:00,NTLA
87.065,87.54,86.9,87.24,13824,2021-06-14 15:00:00,NTLA
87.42,87.63,86.76,86.83,52371,2021-06-14 15:05:00,NTLA
86.93,87.65,86.93,87.65,10855,2021-06-14 15:10:00,NTLA
87.8,88.13,87.54,87.6282,18282,2021-06-14 15:15:00,NTLA
87.52,87.7238,87.44,87.57,9700,2021-06-14 15:20:00,NTLA
87.58,87.87,87.58,87.6126,6121,2021-06-14 15:25:00,NTLA
87.71,87.9212,87.27,87.348,23427,2021-06-14 15:30:00,NTLA
87.37,87.41,86.76,86.8901,24256,2021-06-14 15:35:00,NTLA
87.03,87.45,86.9201,87.2,5540,2021-06-14 15:40:00,NTLA
87.28,87.28,86.89,86.89,2836,2021-06-14 15:45:00,NTLA
86.96,87.56,86.96,87.47,6491,2021-06-14 15:50:00,NTLA
87.56,87.65,87.52,87.65,600,2021-06-14 15:55:00,NTLA
87.68,88.09,87.68,88.09,3330,2021-06-14 16:00:00,NTLA
88.0,88.0,87.8,87.92,3612,2021-06-14 16:05:00,NTLA
88.0,88.06,87.76,87.86,5757,2021-06-14 16:10:00,NTLA
87.85,87.92,87.67,87.92,2453,2021-06-14 16:15:00,NTLA
87.92,88.07,87.75,87.8001,4121,2021-06-14 16:20:00,NTLA
87.8,88.06,87.8,88.01,2644,2021-06-14 16:25:00,NTLA
87.87,87.9,87.36,87.9,5247,2021-06-14 16:30:00,NTLA
87.94,88.1,87.78,87.78,2700,2021-06-14 16:35:00,NTLA
87.69,87.87,87.51,87.86,4273,2021-06-14 16:40:00,NTLA
87.88,87.88,87.6,87.75,2300,2021-06-14 16:45:00,NTLA
87.77,87.95,87.68,87.68,3695,2021-06-14 16:50:00,NTLA
87.57,87.71,87.53,87.63,3242,2021-06-14 16:55:00,NTLA
87.64,87.825,87.63,87.7,2600,2021-06-14 17:00:00,NTLA
87.72,88.07,87.66,87.99,5200,2021-06-14 17:05:00,NTLA
87.91,87.91,87.74,87.74,3100,2021-06-14 17:10:00,NTLA
87.88,87.99,87.61,87.75,2840,2021-06-14 17:15:00,NTLA
87.79,87.92,87.5719,87.59,2660,2021-06-14 17:20:00,NTLA
87.531,87.76,87.531,87.76,2617,2021-06-14 17:25:00,NTLA
87.78,88.07,87.78,88.0,2500,2021-06-14 17:30:00,NTLA
87.85,88.03,87.85,87.87,1736,2021-06-14 17:35:00,NTLA
87.935,88.05,87.74,87.74,5819,2021-06-14 17:40:00,NTLA
87.5879,87.85,87.57,87.845,3013,2021-06-14 17:45:00,NTLA
87.79,87.83,87.4,87.4,4982,2021-06-14 17:50:00,NTLA
87.37,87.69,87.2,87.3,11254,2021-06-14 17:55:00,NTLA
87.3,87.69,87.3,87.62,24540,2021-06-14 18:00:00,NTLA
87.62,88.44,87.62,88.25,17558,2021-06-14 18:05:00,NTLA
88.29,88.84,87.98,88.7,20229,2021-06-14 18:10:00,NTLA
88.82,89.18,88.67,89.015,17891,2021-06-14 18:15:00,NTLA
88.98,89.26,88.89,89.25,16968,2021-06-14 18:20:00,NTLA
89.25,89.26,88.8701,89.0,7634,2021-06-14 18:25:00,NTLA
89.0,89.17,88.85,88.91,3152,2021-06-14 18:30:00,NTLA
88.92,88.92,88.67,88.91,3661,2021-06-14 18:35:00,NTLA
88.82,88.94,88.725,88.94,4062,2021-06-14 18:40:00,NTLA
88.81,88.94,88.22,88.295,19406,2021-06-14 18:45:00,NTLA
88.22,88.37,87.97,87.97,7237,2021-06-14 18:50:00,NTLA
87.97,88.09,87.93,87.97,14448,2021-06-14 18:55:00,NTLA
88.06,88.33,87.95,88.26,6161,2021-06-14 19:00:00,NTLA
88.16,88.16,87.74,87.74,4727,2021-06-14 19:05:00,NTLA
87.78,88.14,87.65,87.9703,4746,2021-06-14 19:10:00,NTLA
88.13,88.13,87.51,87.53,3600,2021-06-14 19:15:00,NTLA
87.51,87.56,87.12,87.275,12436,2021-06-14 19:20:00,NTLA
87.2371,87.4679,87.13,87.29,12865,2021-06-14 19:25:00,NTLA
87.29,87.77,87.29,87.44,9510,2021-06-14 19:30:00,NTLA
87.485,87.88,87.485,87.77,11423,2021-06-14 19:35:00,NTLA
87.75,87.89,87.73,87.89,10984,2021-06-14 19:40:00,NTLA
87.9,87.91,87.65,87.78,16836,2021-06-14 19:45:00,NTLA
87.65,87.77,86.745,86.9,21840,2021-06-14 19:50:00,NTLA
86.9,88.26,86.84,88.25,171563,2021-06-14 19:55:00,NTLA
88.0,88.0,88.0,88.0,220154,2021-06-14 20:00:00,NTLA
89.32,89.32,89.32,89.32,249,2021-06-14 20:25:00,NTLA
88.06,88.06,88.06,88.06,100,2021-06-14 23:45:00,NTLA
87.01,87.01,87.01,87.01,800,2021-06-15 13:25:00,NTLA
87.2,89.1,86.77,89.1,46538,2021-06-15 13:30:00,NTLA
89.25,89.6694,87.83,88.76,32649,2021-06-15 13:35:00,NTLA
88.3063,89.71,88.21,89.375,6712,2021-06-15 13:40:00,NTLA
89.465,89.465,88.6888,89.05,9428,2021-06-15 13:45:00,NTLA
89.045,89.045,88.0,88.06,12826,2021-06-15 13:50:00,NTLA
87.985,87.985,85.5901,86.15,19805,2021-06-15 13:55:00,NTLA
86.4,86.6,85.59,85.62,10294,2021-06-15 14:00:00,NTLA
85.725,85.8,85.1101,85.2,23384,2021-06-15 14:05:00,NTLA
85.499,85.76,84.84,84.93,8874,2021-06-15 14:10:00,NTLA
85.02,85.61,84.77,85.42,5998,2021-06-15 14:15:00,NTLA
85.27,85.5199,84.27,84.27,28761,2021-06-15 14:20:00,NTLA
84.37,84.37,82.74,82.8909,19176,2021-06-15 14:25:00,NTLA
83.05,84.0,83.05,83.63,11244,2021-06-15 14:30:00,NTLA
83.64,84.27,83.48,84.27,3300,2021-06-15 14:35:00,NTLA
84.13,84.3924,83.7,83.97,3421,2021-06-15 14:40:00,NTLA
83.98,85.0,83.98,85.0,4236,2021-06-15 14:45:00,NTLA
84.62,84.98,84.59,84.77,4305,2021-06-15 14:50:00,NTLA
84.99,85.39,84.75,85.24,19667,2021-06-15 14:55:00,NTLA
85.2,85.49,85.17,85.405,11147,2021-06-15 15:00:00,NTLA
85.435,86.0,85.36,85.87,56365,2021-06-15 15:05:00,NTLA
85.97,86.18,85.81,86.04,4663,2021-06-15 15:10:00,NTLA
85.97,86.075,85.8,86.045,3184,2021-06-15 15:15:00,NTLA
85.98,86.14,85.49,86.0,7443,2021-06-15 15:20:00,NTLA
86.045,86.295,85.77,85.92,5959,2021-06-15 15:25:00,NTLA
85.93,86.435,85.93,86.0,6467,2021-06-15 15:30:00,NTLA
86.05,86.12,85.74,85.77,7010,2021-06-15 15:35:00,NTLA
85.77,86.215,85.76,85.95,5462,2021-06-15 15:40:00,NTLA
85.92,86.08,85.835,85.99,2856,2021-06-15 15:45:00,NTLA
86.23,86.41,85.98,85.98,1000,2021-06-15 15:50:00,NTLA
85.78,86.455,85.78,86.455,1411,2021-06-15 15:55:00,NTLA
86.57,86.62,86.305,86.38,6589,2021-06-15 16:00:00,NTLA
86.35,86.46,85.655,85.655,2004,2021-06-15 16:05:00,NTLA
85.78,85.8,85.39,85.52,1650,2021-06-15 16:10:00,NTLA
85.37,85.77,85.35,85.68,3791,2021-06-15 16:15:00,NTLA
85.65,85.74,85.625,85.74,3288,2021-06-15 16:20:00,NTLA
85.75,85.89,85.435,85.89,2600,2021-06-15 16:25:00,NTLA
85.63,86.025,85.48,86.025,1101,2021-06-15 16:30:00,NTLA
86.1,86.41,86.1,86.19,1886,2021-06-15 16:35:00,NTLA
86.1,86.1,85.83,85.89,1964,2021-06-15 16:40:00,NTLA
85.75,85.84,85.3,85.82,3088,2021-06-15 16:45:00,NTLA
85.925,86.06,85.77,86.0,6940,2021-06-15 16:50:00,NTLA
85.86,85.87,85.55,85.59,2328,2021-06-15 16:55:00,NTLA
85.725,85.8,85.62,85.7,2445,2021-06-15 17:00:00,NTLA
85.83,86.32,85.83,86.19,6735,2021-06-15 17:05:00,NTLA
86.29,86.54,86.29,86.31,8058,2021-06-15 17:10:00,NTLA
86.195,86.47,85.94,86.44,8960,2021-06-15 17:15:00,NTLA
86.45,86.79,86.22,86.605,15196,2021-06-15 17:20:00,NTLA
86.48,86.92,86.37,86.55,16919,2021-06-15 17:25:00,NTLA
86.45,86.45,86.25,86.3,1300,2021-06-15 17:30:00,NTLA
86.34,86.72,86.34,86.62,3310,2021-06-15 17:35:00,NTLA
86.72,86.73,86.62,86.73,2000,2021-06-15 17:40:00,NTLA
86.75,87.1,86.73,87.04,2415,2021-06-15 17:45:00,NTLA
87.01,87.105,86.69,86.83,2982,2021-06-15 17:50:00,NTLA
86.61,86.77,86.4,86.59,4070,2021-06-15 17:55:00,NTLA
86.65,86.91,86.61,86.75,4951,2021-06-15 18:00:00,NTLA
86.65,87.0,86.65,86.87,3330,2021-06-15 18:05:00,NTLA
86.87,86.94,86.57,86.585,2502,2021-06-15 18:10:00,NTLA
86.58,87.115,86.5635,87.115,1596,2021-06-15 18:15:00,NTLA
86.97,87.23,86.96,87.23,4722,2021-06-15 18:20:00,NTLA
87.17,87.48,87.13,87.42,3422,2021-06-15 18:25:00,NTLA
87.38,87.46,87.03,87.12,3698,2021-06-15 18:30:00,NTLA
87.12,87.37,86.92,87.33,5450,2021-06-15 18:35:00,NTLA
87.27,87.63,87.27,87.63,3700,2021-06-15 18:40:00,NTLA
87.675,87.91,87.675,87.91,4048,2021-06-15 18:45:00,NTLA
87.95,88.11,87.65,87.65,7502,2021-06-15 18:50:00,NTLA
87.63,87.81,87.47,87.78,12971,2021-06-15 18:55:00,NTLA
87.8,88.22,87.8,87.95,9482,2021-06-15 19:00:00,NTLA
87.94,88.17,87.94,88.15,7440,2021-06-15 19:05:00,NTLA
88.17,88.4589,88.13,88.26,11393,2021-06-15 19:10:00,NTLA
88.255,88.38,88.06,88.35,11474,2021-06-15 19:15:00,NTLA
88.44,88.74,88.35,88.67,12135,2021-06-15 19:20:00,NTLA
88.625,88.75,88.55,88.75,7826,2021-06-15 19:25:00,NTLA
88.72,88.77,88.08,88.08,6422,2021-06-15 19:30:00,NTLA
88.1441,88.23,87.93,88.16,12956,2021-06-15 19:35:00,NTLA
88.2,88.36,88.1285,88.1285,6413,2021-06-15 19:40:00,NTLA
88.1,88.37,88.1,88.16,14633,2021-06-15 19:45:00,NTLA
88.07,88.48,88.03,88.365,10855,2021-06-15 19:50:00,NTLA
88.3955,88.83,88.3,88.65,56395,2021-06-15 19:55:00,NTLA
88.65,88.65,88.65,88.65,75307,2021-06-15 20:00:00,NTLA
88.3,89.0,87.01,87.02,38656,2021-06-16 13:30:00,NTLA
87.01,87.13,85.59,85.8,47311,2021-06-16 13:35:00,NTLA
86.04,86.1,84.0901,84.0901,58768,2021-06-16 13:40:00,NTLA
84.0736,85.35,84.01,84.835,48024,2021-06-16 13:45:00,NTLA
85.01,85.95,84.955,85.95,8719,2021-06-16 13:50:00,NTLA
85.95,85.95,84.87,85.36,8293,2021-06-16 13:55:00,NTLA
85.95,85.95,84.23,84.3684,16946,2021-06-16 14:00:00,NTLA
84.3366,84.72,83.4097,83.725,11000,2021-06-16 14:05:00,NTLA
83.89,84.43,82.89,82.96,35020,2021-06-16 14:10:00,NTLA
83.17,84.27,82.83,84.1,18758,2021-06-16 14:15:00,NTLA
84.175,85.2,84.175,84.63,18434,2021-06-16 14:20:00,NTLA
84.56,85.05,84.24,84.44,72338,2021-06-16 14:25:00,NTLA
84.43,84.95,83.79,83.79,118204,2021-06-16 14:30:00,NTLA
83.59,84.27,83.41,84.27,4444,2021-06-16 14:35:00,NTLA
84.29,84.4,84.27,84.4,1927,2021-06-16 14:40:00,NTLA
84.24,84.24,83.54,83.85,4250,2021-06-16 14:45:00,NTLA
83.73,83.96,83.66,83.89,5391,2021-06-16 14:50:00,NTLA
83.96,84.25,83.96,84.075,36980,2021-06-16 14:55:00,NTLA
83.99,84.265,83.78,84.15,18703,2021-06-16 15:00:00,NTLA
84.06,84.19,83.79,84.09,15397,2021-06-16 15:05:00,NTLA
84.08,84.29,84.035,84.29,3141,2021-06-16 15:10:00,NTLA
84.395,84.55,84.31,84.345,2358,2021-06-16 15:15:00,NTLA
84.55,84.83,84.445,84.61,6241,2021-06-16 15:20:00,NTLA
84.78,84.97,84.63,84.8,2511,2021-06-16 15:25:00,NTLA
84.86,84.86,84.34,84.44,3787,2021-06-16 15:30:00,NTLA
84.5687,84.59,84.18,84.32,3600,2021-06-16 15:35:00,NTLA
84.455,84.9,84.455,84.785,1942,2021-06-16 15:40:00,NTLA
84.9,85.09,84.78,84.78,13735,2021-06-16 15:45:00,NTLA
84.79,84.83,84.61,84.61,2400,2021-06-16 15:50:00,NTLA
84.64,84.74,84.08,84.205,5047,2021-06-16 15:55:00,NTLA
84.245,84.245,84.02,84.0401,1200,2021-06-16 16:00:00,NTLA
84.15,84.15,83.41,83.865,13327,2021-06-16 16:05:00,NTLA
83.855,84.02,83.03,83.43,6744,2021-06-16 16:10:00,NTLA
83.315,83.46,83.1401,83.1401,4675,2021-06-16 16:15:00,NTLA
83.45,83.5,82.43,82.79,25610,2021-06-16 16:20:00,NTLA
82.705,83.055,82.23,82.98,10046,2021-06-16 16:25:00,NTLA
82.975,83.06,82.435,82.67,9810,2021-06-16 16:30:00,NTLA
82.635,82.84,82.36,82.73,5194,2021-06-16 16:35:00,NTLA
82.755,83.06,82.5,82.5,6361,2021-06-16 16:40:00,NTLA
82.52,82.825,82.3228,82.3501,3549,2021-06-16 16:45:00,NTLA
82.59,82.758,82.31,82.44,8201,2021-06-16 16:50:00,NTLA
82.4,82.63,82.21,82.38,7577,2021-06-16 16:55:00,NTLA
82.41,82.8971,82.39,82.39,27385,2021-06-16 17:00:00,NTLA
82.34,82.34,80.73,80.73,14941,2021-06-16 17:05:00,NTLA
80.98,81.495,80.98,81.08,32656,2021-06-16 17:10:00,NTLA
81.155,81.44,80.87,80.9034,35444,2021-06-16 17:15:00,NTLA
81.05,81.14,80.5,80.565,5891,2021-06-16 17:20:00,NTLA
80.6,80.61,80.1,80.18,9486,2021-06-16 17:25:00,NTLA
80.22,80.68,80.16,80.68,12534,2021-06-16 17:30:00,NTLA
80.6,80.67,80.08,80.425,7707,2021-06-16 17:35:00,NTLA
80.43,81.405,80.43,81.23,20424,2021-06-16 17:40:00,NTLA
81.23,81.38,80.87,80.94,9431,2021-06-16 17:45:00,NTLA
80.94,81.41,80.875,81.41,5598,2021-06-16 17:50:00,NTLA
81.34,81.38,80.94,81.38,6181,2021-06-16 17:55:00,NTLA
81.24,81.3768,80.4396,80.84,20194,2021-06-16 18:00:00,NTLA
80.81,80.81,79.91,80.23,20605,2021-06-16 18:05:00,NTLA
80.31,80.8,79.66,79.83,21602,2021-06-16 18:10:00,NTLA
79.7617,79.7617,78.14,78.355,41996,2021-06-16 18:15:00,NTLA
78.3001,78.315,77.88,77.935,37264,2021-06-16 18:20:00,NTLA
77.98,78.21,77.56,77.93,51743,2021-06-16 18:25:00,NTLA
77.87,78.89,77.8,78.435,46110,2021-06-16 18:30:00,NTLA
78.48,78.57,77.1,77.12,23613,2021-06-16 18:35:00,NTLA
77.125,77.3,75.25,75.585,34611,2021-06-16 18:40:00,NTLA
75.585,75.7899,75.22,75.58,46668,2021-06-16 18:45:00,NTLA
75.52,76.67,75.425,76.63,41547,2021-06-16 18:50:00,NTLA
76.62,77.04,76.02,76.99,21298,2021-06-16 18:55:00,NTLA
77.05,77.27,76.54,76.69,19299,2021-06-16 19:00:00,NTLA
76.6501,77.52,76.61,77.52,32019,2021-06-16 19:05:00,NTLA
77.55,78.3,77.55,78.11,23558,2021-06-16 19:10:00,NTLA
78.155,78.7,78.14,78.7,25851,2021-06-16 19:15:00,NTLA
78.68,79.302,78.5401,79.22,20505,2021-06-16 19:20:00,NTLA
79.25,79.3,78.53,78.575,19559,2021-06-16 19:25:00,NTLA
78.605,79.0,78.575,78.76,18964,2021-06-16 19:30:00,NTLA
78.81,79.33,78.77,79.33,17040,2021-06-16 19:35:00,NTLA
79.34,80.125,79.34,79.52,33982,2021-06-16 19:40:00,NTLA
79.5119,79.65,79.16,79.65,24003,2021-06-16 19:45:00,NTLA
79.59,79.91,79.55,79.815,62338,2021-06-16 19:50:00,NTLA
79.815,80.03,79.23,79.24,107801,2021-06-16 19:55:00,NTLA
79.24,79.24,79.0,79.24,107498,2021-06-16 20:00:00,NTLA
79.4,79.4,79.4,79.4,235,2021-06-16 20:40:00,NTLA
79.24,79.24,79.24,79.24,281,2021-06-16 22:20:00,NTLA
79.24,79.24,79.24,79.24,100,2021-06-16 23:05:00,NTLA
78.48,79.9,77.29,79.28,40633,2021-06-17 13:30:00,NTLA
79.59,81.0,79.59,80.275,12852,2021-06-17 13:35:00,NTLA
80.26,80.3,79.0876,79.16,14024,2021-06-17 13:40:00,NTLA
79.16,80.37,79.16,79.89,8459,2021-06-17 13:45:00,NTLA
80.0701,80.28,79.63,79.63,5169,2021-06-17 13:50:00,NTLA
79.9,80.46,79.53,80.09,10125,2021-06-17 13:55:00,NTLA
80.23,80.45,79.9,79.95,8191,2021-06-17 14:00:00,NTLA
79.975,80.5,79.72,79.755,5850,2021-06-17 14:05:00,NTLA
79.755,80.42,79.67,80.39,9762,2021-06-17 14:10:00,NTLA
80.3,80.54,80.04,80.14,23243,2021-06-17 14:15:00,NTLA
80.26,80.71,79.8511,80.39,39229,2021-06-17 14:20:00,NTLA
80.43,81.52,80.43,80.96,34928,2021-06-17 14:25:00,NTLA
81.11,81.11,80.5,80.72,5910,2021-06-17 14:30:00,NTLA
80.77,81.4678,80.68,81.21,10066,2021-06-17 14:35:00,NTLA
81.21,81.58,80.835,81.4,39354,2021-06-17 14:40:00,NTLA
81.4,81.74,80.88,81.25,18582,2021-06-17 14:45:00,NTLA
81.23,81.6,80.82,81.135,13135,2021-06-17 14:50:00,NTLA
81.1757,81.93,81.1757,81.93,11116,2021-06-17 14:55:00,NTLA
81.9,82.14,81.63,81.685,7160,2021-06-17 15:00:00,NTLA
81.67,82.5032,81.67,82.5032,9807,2021-06-17 15:05:00,NTLA
82.425,82.7,82.22,82.3101,5095,2021-06-17 15:10:00,NTLA
82.5,82.85,82.42,82.795,3658,2021-06-17 15:15:00,NTLA
82.77,82.87,82.33,82.335,8703,2021-06-17 15:20:00,NTLA
82.34,82.56,82.14,82.15,6130,2021-06-17 15:25:00,NTLA
82.15,82.37,81.96,82.045,10481,2021-06-17 15:30:00,NTLA
82.045,82.11,81.515,81.63,10763,2021-06-17 15:35:00,NTLA
81.797,82.16,81.715,81.94,7779,2021-06-17 15:40:00,NTLA
81.87,81.88,81.7201,81.88,5131,2021-06-17 15:45:00,NTLA
81.88,81.94,81.09,81.15,9324,2021-06-17 15:50:00,NTLA
81.125,81.125,80.5,80.59,16446,2021-06-17 15:55:00,NTLA
80.67,80.98,80.645,80.88,4520,2021-06-17 16:00:00,NTLA
80.86,80.96,80.5601,80.69,2365,2021-06-17 16:05:00,NTLA
80.7,80.76,80.61,80.76,3200,2021-06-17 16:10:00,NTLA
80.81,80.92,79.65,79.65,4363,2021-06-17 16:15:00,NTLA
79.665,79.665,79.245,79.42,4275,2021-06-17 16:20:00,NTLA
79.5,79.68,79.34,79.41,3930,2021-06-17 16:25:00,NTLA
79.32,79.77,79.15,79.66,4111,2021-06-17 16:30:00,NTLA
79.9798,80.375,79.84,80.375,3238,2021-06-17 16:35:00,NTLA
80.52,80.59,80.27,80.27,3884,2021-06-17 16:40:00,NTLA
80.115,80.17,79.74,80.025,12970,2021-06-17 16:45:00,NTLA
80.04,80.73,80.04,80.73,2611,2021-06-17 16:50:00,NTLA
80.75,80.88,80.37,80.37,3817,2021-06-17 16:55:00,NTLA
80.4,80.78,80.39,80.605,13883,2021-06-17 17:00:00,NTLA
80.7,80.82,80.45,80.52,5878,2021-06-17 17:05:00,NTLA
80.45,80.47,79.57,79.57,2272,2021-06-17 17:10:00,NTLA
79.76,80.16,79.75,80.16,3335,2021-06-17 17:15:00,NTLA
80.095,80.36,79.87,79.93,3262,2021-06-17 17:20:00,NTLA
79.99,80.02,79.87,80.0,2324,2021-06-17 17:25:00,NTLA
79.97,80.4499,79.97,80.37,1073,2021-06-17 17:30:00,NTLA
80.25,80.315,80.18,80.315,5119,2021-06-17 17:35:00,NTLA
80.36,80.725,80.26,80.64,8008,2021-06-17 17:40:00,NTLA
80.705,81.195,80.705,81.195,3711,2021-06-17 17:45:00,NTLA
81.18,81.27,81.07,81.07,2900,2021-06-17 17:50:00,NTLA
81.003,81.003,80.54,80.54,5935,2021-06-17 17:55:00,NTLA
80.65,80.92,80.32,80.38,7527,2021-06-17 18:00:00,NTLA
80.4,80.41,79.99,80.15,4686,2021-06-17 18:05:00,NTLA
80.045,80.33,80.045,80.2784,1612,2021-06-17 18:10:00,NTLA
80.31,80.31,80.045,80.285,3900,2021-06-17 18:15:00,NTLA
80.32,80.35,80.22,80.3004,3369,2021-06-17 18:20:00,NTLA
80.26,80.3,80.0001,80.0376,1651,2021-06-17 18:25:00,NTLA
80.06,80.09,79.65,79.8,8400,2021-06-17 18:30:00,NTLA
79.885,80.06,79.84,80.03,3385,2021-06-17 18:35:00,NTLA
80.0,80.005,79.56,79.56,6724,2021-06-17 18:40:00,NTLA
79.58,79.58,78.35,78.56,20308,2021-06-17 18:45:00,NTLA
78.55,79.12,78.32,78.83,17127,2021-06-17 18:50:00,NTLA
78.91,78.93,78.3201,78.43,14179,2021-06-17 18:55:00,NTLA
78.48,79.095,78.425,79.095,20342,2021-06-17 19:00:00,NTLA
78.96,79.355,78.85,79.07,9489,2021-06-17 19:05:00,NTLA
79.0,79.185,78.95,78.99,8213,2021-06-17 19:10:00,NTLA
78.985,78.985,78.46,78.48,8703,2021-06-17 19:15:00,NTLA
78.48,78.48,77.5101,77.54,23576,2021-06-17 19:20:00,NTLA
77.575,77.97,77.01,77.97,24787,2021-06-17 19:25:00,NTLA
78.0,78.96,78.0,78.8582,13395,2021-06-17 19:30:00,NTLA
78.71,78.74,78.01,78.22,41740,2021-06-17 19:35:00,NTLA
78.13,78.855,78.07,78.76,8963,2021-06-17 19:40:00,NTLA
78.78,79.1926,78.75,78.79,14781,2021-06-17 19:45:00,NTLA
78.87,78.955,78.53,78.61,38285,2021-06-17 19:50:00,NTLA
78.61,78.67,76.3,76.51,242221,2021-06-17 19:55:00,NTLA
76.5,76.545,76.5,76.5,216194,2021-06-17 20:00:00,NTLA
76.76,76.76,76.76,76.76,100,2021-06-17 20:05:00,NTLA
77.0,77.0,77.0,77.0,198,2021-06-17 20:10:00,NTLA
76.75,76.75,76.75,76.75,204,2021-06-17 20:20:00,NTLA
77.4,77.4,77.4,77.4,125,2021-06-17 20:25:00,NTLA
76.35,76.35,76.2,76.2,978,2021-06-17 20:45:00,NTLA
76.0,76.0,76.0,76.0,100,2021-06-17 20:50:00,NTLA
76.0,76.0,76.0,76.0,200,2021-06-17 20:55:00,NTLA
76.5,76.5,76.5,76.5,24988,2021-06-17 21:15:00,NTLA
76.0,76.0,76.0,76.0,100,2021-06-17 21:30:00,NTLA
76.0,76.0,76.0,76.0,100,2021-06-17 23:25:00,NTLA
76.0,76.0,76.0,76.0,100,2021-06-17 23:50:00,NTLA
76.0,76.0,76.0,76.0,120,2021-06-17 23:55:00,NTLA
76.51,76.51,76.5,76.5,1000,2021-06-18 12:20:00,NTLA
76.7,76.7,76.0,76.0,250,2021-06-18 12:25:00,NTLA
76.0001,76.0001,76.0001,76.0001,471,2021-06-18 12:45:00,NTLA
76.0,76.0,74.63,74.69,2828,2021-06-18 13:25:00,NTLA
74.71,75.86,74.65,75.19,112565,2021-06-18 13:30:00,NTLA
75.28,76.49,74.75,75.75,33298,2021-06-18 13:35:00,NTLA
75.98,76.47,75.405,75.72,79365,2021-06-18 13:40:00,NTLA
75.79,76.62,75.53,76.5,56589,2021-06-18 13:45:00,NTLA
76.46,76.94,76.19,76.24,38670,2021-06-18 13:50:00,NTLA
76.435,76.65,76.24,76.64,23294,2021-06-18 13:55:00,NTLA
76.75,77.02,76.6,76.68,30228,2021-06-18 14:00:00,NTLA
76.94,77.15,76.73,76.99,48382,2021-06-18 14:05:00,NTLA
77.01,77.1,76.55,76.84,10452,2021-06-18 14:10:00,NTLA
76.73,76.9,75.36,75.59,12951,2021-06-18 14:15:00,NTLA
75.62,75.67,75.145,75.37,19632,2021-06-18 14:20:00,NTLA
75.335,75.98,75.27,75.875,6584,2021-06-18 14:25:00,NTLA
75.885,76.8799,75.72,76.765,6233,2021-06-18 14:30:00,NTLA
76.74,76.9,76.34,76.69,18108,2021-06-18 14:35:00,NTLA
76.72,76.8011,76.24,76.69,11080,2021-06-18 14:40:00,NTLA
76.7099,77.03,76.6,76.835,8412,2021-06-18 14:45:00,NTLA
76.9,76.9,76.11,76.37,4681,2021-06-18 14:50:00,NTLA
76.46,76.75,76.42,76.75,14262,2021-06-18 14:55:00,NTLA
76.7,76.75,76.59,76.69,12599,2021-06-18 15:00:00,NTLA
76.75,76.85,76.4,76.53,8830,2021-06-18 15:05:00,NTLA
76.53,76.79,76.34,76.52,4101,2021-06-18 15:10:00,NTLA
76.505,76.75,76.26,76.74,7928,2021-06-18 15:15:00,NTLA
76.705,76.75,76.48,76.56,17717,2021-06-18 15:20:00,NTLA
76.54,76.54,76.14,76.41,13692,2021-06-18 15:25:00,NTLA
76.48,76.75,76.44,76.58,20781,2021-06-18 15:30:00,NTLA
76.585,76.99,76.565,76.75,16675,2021-06-18 15:35:00,NTLA
76.71,76.77,76.49,76.62,5450,2021-06-18 15:40:00,NTLA
76.74,76.75,76.175,76.42,12257,2021-06-18 15:45:00,NTLA
76.51,76.51,76.1,76.2899,7922,2021-06-18 15:50:00,NTLA
76.26,76.6224,76.06,76.41,5798,2021-06-18 15:55:00,NTLA
76.47,76.54,76.28,76.315,13254,2021-06-18 16:00:00,NTLA
76.35,76.47,76.25,76.34,4300,2021-06-18 16:05:00,NTLA
76.27,76.75,76.27,76.65,4890,2021-06-18 16:10:00,NTLA
76.6,76.7,76.52,76.66,6546,2021-06-18 16:15:00,NTLA
76.53,76.75,76.5,76.52,7689,2021-06-18 16:20:00,NTLA
76.52,76.74,76.48,76.71,4824,2021-06-18 16:25:00,NTLA
76.64,76.69,76.3,76.37,11640,2021-06-18 16:30:00,NTLA
76.54,76.58,76.19,76.28,8325,2021-06-18 16:35:00,NTLA
76.38,76.44,76.34,76.4,2712,2021-06-18 16:40:00,NTLA
76.43,76.57,76.22,76.455,4989,2021-06-18 16:45:00,NTLA
76.46,76.51,76.09,76.325,4569,2021-06-18 16:50:00,NTLA
76.435,76.6,76.4,76.44,6637,2021-06-18 16:55:00,NTLA
76.4,76.52,76.22,76.46,10831,2021-06-18 17:00:00,NTLA
76.42,76.42,76.06,76.08,5802,2021-06-18 17:05:00,NTLA
76.265,76.34,76.14,76.14,4700,2021-06-18 17:10:00,NTLA
76.12,76.25,76.05,76.15,2318,2021-06-18 17:15:00,NTLA
76.11,76.1487,75.82,75.9,3398,2021-06-18 17:20:00,NTLA
75.9,76.25,75.855,76.08,8264,2021-06-18 17:25:00,NTLA
76.0,76.25,75.98,76.25,6174,2021-06-18 17:30:00,NTLA
76.23,76.25,76.08,76.23,6322,2021-06-18 17:35:00,NTLA
76.175,76.4414,76.17,76.25,6490,2021-06-18 17:40:00,NTLA
76.25,76.25,75.97,76.09,4677,2021-06-18 17:45:00,NTLA
76.16,76.25,75.97,76.25,3353,2021-06-18 17:50:00,NTLA
76.22,76.25,76.055,76.07,5785,2021-06-18 17:55:00,NTLA
76.12,76.25,76.02,76.21,6772,2021-06-18 18:00:00,NTLA
76.09,76.11,75.905,76.04,5337,2021-06-18 18:05:00,NTLA
76.04,76.04,75.878,75.93,2824,2021-06-18 18:10:00,NTLA
76.06,76.085,75.84,75.865,6814,2021-06-18 18:15:00,NTLA
75.93,76.06,75.7,76.0,2920,2021-06-18 18:20:00,NTLA
75.91,76.1,75.8435,76.03,3824,2021-06-18 18:25:00,NTLA
76.06,76.12,75.81,75.85,8577,2021-06-18 18:30:00,NTLA
75.98,75.98,75.61,75.895,7644,2021-06-18 18:35:00,NTLA
75.915,75.9963,75.7,75.82,5899,2021-06-18 18:40:00,NTLA
75.93,75.93,75.78,75.83,1064,2021-06-18 18:45:00,NTLA
75.74,75.77,75.4,75.575,6470,2021-06-18 18:50:00,NTLA
75.565,75.565,75.03,75.07,8133,2021-06-18 18:55:00,NTLA
75.115,75.67,75.045,75.46,7202,2021-06-18 19:00:00,NTLA
75.4286,75.51,75.33,75.51,3121,2021-06-18 19:05:00,NTLA
75.51,75.74,75.46,75.65,3925,2021-06-18 19:10:00,NTLA
75.62,75.79,75.58,75.665,7168,2021-06-18 19:15:00,NTLA
75.72,75.95,75.62,75.895,7653,2021-06-18 19:20:00,NTLA
75.91,76.0,75.84,75.94,6554,2021-06-18 19:25:00,NTLA
75.9143,75.94,75.42,75.58,14803,2021-06-18 19:30:00,NTLA
75.59,75.59,75.44,75.545,5443,2021-06-18 19:35:00,NTLA
75.55,75.72,75.49,75.57,5500,2021-06-18 19:40:00,NTLA
75.59,75.65,75.33,75.38,8340,2021-06-18 19:45:00,NTLA
75.52,76.67,75.5,76.31,82980,2021-06-18 19:50:00,NTLA
76.35,76.55,75.8,75.92,59175,2021-06-18 19:55:00,NTLA
75.92,75.92,75.92,75.92,456036,2021-06-18 20:00:00,NTLA
75.93,75.93,75.93,75.93,280,2021-06-18 20:40:00,NTLA
75.93,75.93,75.93,75.93,307,2021-06-18 21:30:00,NTLA
77.5,77.5,77.5,77.5,210,2021-06-18 22:05:00,NTLA
75.93,75.93,75.93,75.93,100,2021-06-18 23:40:00,NTLA
76.06,76.06,76.04,76.04,446,2021-06-21 13:25:00,NTLA
76.33,77.73,75.41,76.98,63937,2021-06-21 13:30:00,NTLA
77.16,77.68,76.37,77.375,25806,2021-06-21 13:35:00,NTLA
77.61,78.1,76.63,77.48,26783,2021-06-21 13:40:00,NTLA
77.58,78.2,77.0,78.06,31014,2021-06-21 13:45:00,NTLA
78.06,78.75,77.75,78.7499,24275,2021-06-21 13:50:00,NTLA
78.589,79.32,78.589,78.71,16314,2021-06-21 13:55:00,NTLA
79.27,79.27,78.7616,79.24,9964,2021-06-21 14:00:00,NTLA
79.08,79.78,79.04,79.45,3526,2021-06-21 14:05:00,NTLA
79.33,79.4,78.5,78.81,3728,2021-06-21 14:10:00,NTLA
78.89,79.35,78.05,78.19,4598,2021-06-21 14:15:00,NTLA
78.09,78.46,77.76,78.17,8449,2021-06-21 14:20:00,NTLA
78.21,78.759,78.2,78.74,4345,2021-06-21 14:25:00,NTLA
78.805,79.17,78.51,79.17,5422,2021-06-21 14:30:00,NTLA
79.1,79.4,79.09,79.23,20357,2021-06-21 14:35:00,NTLA
79.51,79.8,79.51,79.67,7355,2021-06-21 14:40:00,NTLA
79.63,79.9699,79.63,79.84,6722,2021-06-21 14:45:00,NTLA
79.95,80.06,79.255,79.3,15372,2021-06-21 14:50:00,NTLA
79.25,79.86,79.24,79.8,14358,2021-06-21 14:55:00,NTLA
79.945,80.24,79.89,80.17,5880,2021-06-21 15:00:00,NTLA
80.23,80.395,80.01,80.01,11283,2021-06-21 15:05:00,NTLA
79.85,80.03,79.63,79.72,2343,2021-06-21 15:10:00,NTLA
79.93,80.04,79.79,79.79,4505,2021-06-21 15:15:00,NTLA
79.76,79.86,79.57,79.61,5664,2021-06-21 15:20:00,NTLA
79.57,79.61,79.16,79.6,23483,2021-06-21 15:25:00,NTLA
79.47,79.5,79.02,79.02,1875,2021-06-21 15:30:00,NTLA
79.0361,79.11,79.0,79.005,4325,2021-06-21 15:35:00,NTLA
79.09,79.16,78.9682,78.9682,2157,2021-06-21 15:40:00,NTLA
78.97,78.97,78.67,78.8,4660,2021-06-21 15:45:00,NTLA
78.74,78.835,78.43,78.43,1401,2021-06-21 15:50:00,NTLA
78.37,78.61,78.37,78.57,1963,2021-06-21 15:55:00,NTLA
78.605,78.63,78.34,78.45,3400,2021-06-21 16:00:00,NTLA
78.45,78.78,78.41,78.67,7243,2021-06-21 16:05:00,NTLA
78.57,78.58,78.26,78.52,20332,2021-06-21 16:10:00,NTLA
78.5,78.5,78.2001,78.445,7084,2021-06-21 16:15:00,NTLA
78.475,78.475,78.08,78.08,1425,2021-06-21 16:20:00,NTLA
78.185,78.44,78.08,78.3661,3345,2021-06-21 16:25:00,NTLA
78.36,78.64,78.35,78.64,3578,2021-06-21 16:30:00,NTLA
78.77,79.12,78.77,79.12,1833,2021-06-21 16:35:00,NTLA
79.13,79.13,78.895,79.04,9805,2021-06-21 16:40:00,NTLA
79.06,79.1,78.675,78.675,16099,2021-06-21 16:45:00,NTLA
78.61,78.85,78.55,78.84,11862,2021-06-21 16:50:00,NTLA
78.7,78.78,78.55,78.55,2065,2021-06-21 16:55:00,NTLA
78.465,78.69,78.46,78.63,1684,2021-06-21 17:00:00,NTLA
78.65,79.23,78.6,79.23,8216,2021-06-21 17:05:00,NTLA
79.65,79.65,79.16,79.16,4389,2021-06-21 17:10:00,NTLA
79.165,79.37,79.165,79.37,500,2021-06-21 17:15:00,NTLA
79.49,79.59,79.4,79.435,1300,2021-06-21 17:20:00,NTLA
79.365,79.48,79.27,79.37,2312,2021-06-21 17:25:00,NTLA
79.63,79.79,79.6,79.66,1278,2021-06-21 17:30:00,NTLA
79.61,79.72,79.59,79.71,1200,2021-06-21 17:35:00,NTLA
79.7,79.73,79.11,79.23,6267,2021-06-21 17:40:00,NTLA
79.24,79.4778,79.05,79.1765,4534,2021-06-21 17:45:00,NTLA
79.21,79.355,79.21,79.31,1150,2021-06-21 17:50:00,NTLA
79.25,79.26,79.12,79.2,2871,2021-06-21 17:55:00,NTLA
79.345,79.68,79.25,79.25,1900,2021-06-21 18:00:00,NTLA
79.36,79.61,79.36,79.55,900,2021-06-21 18:05:00,NTLA
79.42,79.47,79.415,79.4572,541,2021-06-21 18:10:00,NTLA
79.375,79.72,79.375,79.71,2249,2021-06-21 18:15:00,NTLA
79.655,79.74,79.55,79.55,1090,2021-06-21 18:20:00,NTLA
79.53,79.7,79.5,79.7,1074,2021-06-21 18:25:00,NTLA
79.735,79.735,79.42,79.62,1911,2021-06-21 18:30:00,NTLA
79.69,79.7,79.38,79.38,2189,2021-06-21 18:35:00,NTLA
79.43,79.43,79.3,79.335,500,2021-06-21 18:40:00,NTLA
79.23,79.28,79.165,79.165,400,2021-06-21 18:45:00,NTLA
79.19,79.375,79.12,79.375,2499,2021-06-21 18:50:00,NTLA
79.3759,79.46,79.17,79.21,2870,2021-06-21 18:55:00,NTLA
79.25,79.38,79.21,79.33,1878,2021-06-21 19:00:00,NTLA
79.42,79.42,79.33,79.36,1016,2021-06-21 19:05:00,NTLA
79.3,79.39,79.27,79.37,1420,2021-06-21 19:10:00,NTLA
79.23,79.29,79.19,79.29,1171,2021-06-21 19:15:00,NTLA
79.17,79.17,78.95,79.01,5316,2021-06-21 19:20:00,NTLA
79.02,79.03,78.82,78.96,3198,2021-06-21 19:25:00,NTLA
78.99,79.29,78.94,79.29,4736,2021-06-21 19:30:00,NTLA
79.29,79.29,78.95,79.0,8198,2021-06-21 19:35:00,NTLA
78.97,78.97,78.61,78.86,21219,2021-06-21 19:40:00,NTLA
78.83,78.93,78.67,78.81,15178,2021-06-21 19:45:00,NTLA
78.87,79.11,78.72,79.0925,26187,2021-06-21 19:50:00,NTLA
79.11,79.35,78.96,79.34,34799,2021-06-21 19:55:00,NTLA
79.22,79.22,79.22,79.22,106655,2021-06-21 20:00:00,NTLA
78.03,78.03,78.03,78.03,275,2021-06-21 20:40:00,NTLA
81.21,83.0,81.21,82.0,1800,2021-06-22 12:10:00,NTLA
82.1,82.1,82.01,82.01,1009,2021-06-22 12:20:00,NTLA
81.5,81.5,81.5,81.5,200,2021-06-22 12:50:00,NTLA
81.5,81.8,81.5,81.8,700,2021-06-22 12:55:00,NTLA
81.5,81.8,81.5,81.8,945,2021-06-22 13:05:00,NTLA
81.99,82.0,81.99,82.0,797,2021-06-22 13:10:00,NTLA
81.8,81.8,81.5,81.5,1500,2021-06-22 13:20:00,NTLA
81.51,81.51,81.41,81.41,1000,2021-06-22 13:25:00,NTLA
80.8,81.4,79.5,79.8,82752,2021-06-22 13:30:00,NTLA
79.895,80.26,79.53,79.53,10344,2021-06-22 13:35:00,NTLA
79.615,80.8031,79.36,80.03,22831,2021-06-22 13:40:00,NTLA
80.25,80.6531,79.91,80.29,6293,2021-06-22 13:45:00,NTLA
80.235,80.57,79.9,80.265,6574,2021-06-22 13:50:00,NTLA
80.63,80.63,80.14,80.235,2237,2021-06-22 13:55:00,NTLA
80.225,80.24,79.39,80.075,19467,2021-06-22 14:00:00,NTLA
80.24,80.24,79.39,79.68,19992,2021-06-22 14:05:00,NTLA
79.57,79.93,79.37,79.93,8120,2021-06-22 14:10:00,NTLA
79.96,80.4,79.96,80.3,4725,2021-06-22 14:15:00,NTLA
80.31,80.57,80.0,80.19,6168,2021-06-22 14:20:00,NTLA
80.1699,80.54,80.06,80.425,3314,2021-06-22 14:25:00,NTLA
80.33,80.33,79.5,79.66,7044,2021-06-22 14:30:00,NTLA
79.83,79.86,79.51,79.77,7201,2021-06-22 14:35:00,NTLA
79.86,80.12,79.76,79.965,7244,2021-06-22 14:40:00,NTLA
79.75,80.15,79.65,80.05,10401,2021-06-22 14:45:00,NTLA
80.17,80.28,79.92,80.21,3361,2021-06-22 14:50:00,NTLA
80.23,80.41,80.19,80.35,2110,2021-06-22 14:55:00,NTLA
80.45,80.45,80.0701,80.3299,2019,2021-06-22 15:00:00,NTLA
80.14,80.5,80.14,80.43,2479,2021-06-22 15:05:00,NTLA
80.4,80.54,80.12,80.12,1510,2021-06-22 15:10:00,NTLA
80.29,80.29,79.77,79.77,1000,2021-06-22 15:15:00,NTLA
79.94,79.98,79.46,79.75,19013,2021-06-22 15:20:00,NTLA
79.665,80.21,79.665,80.15,5680,2021-06-22 15:25:00,NTLA
80.1,80.24,79.93,79.95,5432,2021-06-22 15:30:00,NTLA
79.91,80.0,79.14,79.14,7302,2021-06-22 15:35:00,NTLA
79.17,79.29,79.105,79.16,6623,2021-06-22 15:40:00,NTLA
79.175,79.38,79.175,79.38,1367,2021-06-22 15:45:00,NTLA
79.24,79.61,79.24,79.5,6039,2021-06-22 15:50:00,NTLA
79.5,79.5,79.38,79.49,5307,2021-06-22 15:55:00,NTLA
79.52,79.9872,79.51,79.98,4300,2021-06-22 16:00:00,NTLA
79.76,79.76,79.6,79.68,800,2021-06-22 16:05:00,NTLA
79.64,79.64,79.53,79.53,800,2021-06-22 16:10:00,NTLA
79.485,79.8504,79.485,79.74,1275,2021-06-22 16:15:00,NTLA
79.67,79.67,79.6,79.6,400,2021-06-22 16:20:00,NTLA
79.5,79.65,79.4,79.65,4577,2021-06-22 16:25:00,NTLA
79.67,79.67,79.4662,79.495,548,2021-06-22 16:30:00,NTLA
79.62,79.64,79.35,79.37,7580,2021-06-22 16:35:00,NTLA
79.21,79.5,78.89,79.15,11437,2021-06-22 16:40:00,NTLA
79.2,79.5,79.145,79.5,4908,2021-06-22 16:45:00,NTLA
79.48,79.8426,79.43,79.71,5160,2021-06-22 16:50:00,NTLA
79.5,79.54,79.14,79.14,4577,2021-06-22 16:55:00,NTLA
79.12,79.5,79.0201,79.32,16233,2021-06-22 17:00:00,NTLA
79.14,79.31,79.07,79.31,1700,2021-06-22 17:05:00,NTLA
79.27,79.42,79.26,79.32,1869,2021-06-22 17:10:00,NTLA
79.25,79.325,79.04,79.26,4800,2021-06-22 17:15:00,NTLA
79.2,79.35,78.59,78.78,46302,2021-06-22 17:20:00,NTLA
78.8,79.39,78.77,79.18,5248,2021-06-22 17:25:00,NTLA
79.26,79.36,78.99,79.09,3489,2021-06-22 17:30:00,NTLA
79.08,79.15,78.77,79.06,8323,2021-06-22 17:35:00,NTLA
79.1,79.1,78.86,79.07,15094,2021-06-22 17:40:00,NTLA
79.05,79.34,79.05,79.22,2500,2021-06-22 17:45:00,NTLA
79.15,79.4,79.15,79.3235,2365,2021-06-22 17:50:00,NTLA
79.25,79.38,79.15,79.17,1600,2021-06-22 17:55:00,NTLA
79.09,79.44,79.07,79.29,1600,2021-06-22 18:00:00,NTLA
79.26,79.38,79.08,79.08,5213,2021-06-22 18:05:00,NTLA
79.22,79.34,79.06,79.08,6145,2021-06-22 18:10:00,NTLA
79.01,79.01,78.81,78.92,7767,2021-06-22 18:15:00,NTLA
78.925,78.999,78.72,78.83,19900,2021-06-22 18:20:00,NTLA
78.79,78.83,78.71,78.71,2410,2021-06-22 18:25:00,NTLA
78.7,78.7,78.4,78.4,2600,2021-06-22 18:30:00,NTLA
78.4,78.4,78.16,78.28,1500,2021-06-22 18:35:00,NTLA
78.17,78.17,77.97,78.01,1150,2021-06-22 18:40:00,NTLA
78.17,78.17,77.89,78.0,3294,2021-06-22 18:45:00,NTLA
77.93,78.069,77.93,77.995,3014,2021-06-22 18:50:00,NTLA
77.98,78.32,77.9401,78.32,4206,2021-06-22 18:55:00,NTLA
78.27,78.33,78.17,78.1997,1080,2021-06-22 19:00:00,NTLA
78.27,78.32,78.07,78.24,8721,2021-06-22 19:05:00,NTLA
78.27,78.49,78.27,78.4479,3715,2021-06-22 19:10:00,NTLA
78.49,78.719,78.49,78.64,1940,2021-06-22 19:15:00,NTLA
78.665,78.68,78.45,78.54,3506,2021-06-22 19:20:00,NTLA
78.6,79.06,78.6,78.82,8507,2021-06-22 19:25:00,NTLA
78.92,79.0,78.8,78.935,4000,2021-06-22 19:30:00,NTLA
78.89,78.95,78.64,78.76,7204,2021-06-22 19:35:00,NTLA
78.82,78.94,78.44,78.49,4146,2021-06-22 19:40:00,NTLA
78.53,78.91,78.53,78.77,13096,2021-06-22 19:45:00,NTLA
78.78,79.1,78.665,79.0,23963,2021-06-22 19:50:00,NTLA
79.04,79.12,78.74,79.02,65914,2021-06-22 19:55:00,NTLA
78.91,78.91,78.91,78.91,107960,2021-06-22 20:00:00,NTLA
80.0,80.0,80.0,80.0,100,2021-06-23 12:20:00,NTLA
80.01,82.99,79.65,82.32,23843,2021-06-23 13:30:00,NTLA
82.235,84.27,82.235,83.96,15895,2021-06-23 13:35:00,NTLA
84.19,84.2,83.1788,83.81,14158,2021-06-23 13:40:00,NTLA
83.98,84.1,83.0,83.0,11472,2021-06-23 13:45:00,NTLA
83.095,83.61,82.9988,83.0,19069,2021-06-23 13:50:00,NTLA
83.16,83.665,83.16,83.455,9751,2021-06-23 13:55:00,NTLA
83.455,83.6,82.39,82.5,19666,2021-06-23 14:00:00,NTLA
82.515,83.0,82.02,82.8,21775,2021-06-23 14:05:00,NTLA
82.8,82.865,82.48,82.48,6100,2021-06-23 14:10:00,NTLA
82.52,82.765,82.39,82.56,11800,2021-06-23 14:15:00,NTLA
82.64,83.0199,82.14,82.404,9190,2021-06-23 14:20:00,NTLA
82.5,83.06,82.44,82.97,16777,2021-06-23 14:25:00,NTLA
82.88,82.96,82.48,82.48,5272,2021-06-23 14:30:00,NTLA
82.45,82.5,82.01,82.1,19763,2021-06-23 14:35:00,NTLA
82.1,82.1,81.37,81.735,7503,2021-06-23 14:40:00,NTLA
81.83,81.98,81.5,81.65,21625,2021-06-23 14:45:00,NTLA
81.69,81.9961,81.31,81.805,22104,2021-06-23 14:50:00,NTLA
81.965,81.975,81.36,81.47,8042,2021-06-23 14:55:00,NTLA
81.45,81.585,80.715,81.4,18802,2021-06-23 15:00:00,NTLA
81.42,81.69,81.09,81.42,8987,2021-06-23 15:05:00,NTLA
81.405,82.35,81.345,82.11,18311,2021-06-23 15:10:00,NTLA
82.26,82.73,82.21,82.4,15982,2021-06-23 15:15:00,NTLA
82.365,82.5,82.15,82.45,5837,2021-06-23 15:20:00,NTLA
82.15,82.4,82.01,82.4,2045,2021-06-23 15:25:00,NTLA
82.29,82.29,82.0,82.0,1229,2021-06-23 15:30:00,NTLA
81.98,82.2326,81.69,82.0,5727,2021-06-23 15:35:00,NTLA
82.15,82.25,81.68,81.76,17355,2021-06-23 15:40:00,NTLA
81.86,81.9383,81.69,81.9383,3212,2021-06-23 15:45:00,NTLA
81.94,81.94,81.88,81.88,600,2021-06-23 15:50:00,NTLA
82.03,82.13,81.85,82.01,2539,2021-06-23 15:55:00,NTLA
82.11,82.11,81.82,81.8261,1155,2021-06-23 16:00:00,NTLA
81.84,82.0025,81.79,82.0025,2444,2021-06-23 16:05:00,NTLA
82.02,82.26,81.95,82.26,9283,2021-06-23 16:10:00,NTLA
82.26,82.59,82.17,82.365,19170,2021-06-23 16:15:00,NTLA
82.4762,82.5,82.32,82.36,9246,2021-06-23 16:20:00,NTLA
82.41,82.57,82.315,82.47,8828,2021-06-23 16:25:00,NTLA
82.46,82.56,82.19,82.29,5925,2021-06-23 16:30:00,NTLA
82.39,82.5,81.83,81.83,3000,2021-06-23 16:35:00,NTLA
81.825,82.5,81.72,82.5,3889,2021-06-23 16:40:00,NTLA
82.5,82.5,82.28,82.28,5053,2021-06-23 16:45:00,NTLA
82.1501,82.46,82.1501,82.46,200,2021-06-23 16:50:00,NTLA
82.25,82.31,82.23,82.31,2200,2021-06-23 16:55:00,NTLA
82.315,82.5,82.23,82.33,18693,2021-06-23 17:00:00,NTLA
82.38,82.44,82.26,82.37,16251,2021-06-23 17:05:00,NTLA
82.425,82.5,82.24,82.47,23456,2021-06-23 17:10:00,NTLA
82.49,82.51,82.39,82.44,9034,2021-06-23 17:15:00,NTLA
82.43,82.58,82.3801,82.5,7349,2021-06-23 17:20:00,NTLA
82.5,82.595,82.31,82.47,87814,2021-06-23 17:25:00,NTLA
82.42,82.5,82.34,82.49,6387,2021-06-23 17:30:00,NTLA
82.5,82.65,82.48,82.65,5772,2021-06-23 17:35:00,NTLA
82.63,82.63,82.24,82.39,17736,2021-06-23 17:40:00,NTLA
82.44,82.69,82.39,82.69,9350,2021-06-23 17:45:00,NTLA
82.66,82.68,82.45,82.45,31344,2021-06-23 17:50:00,NTLA
82.5,83.0,82.46,82.92,29611,2021-06-23 17:55:00,NTLA
82.92,83.0,82.71,82.71,14758,2021-06-23 18:00:00,NTLA
82.75,82.83,82.67,82.67,1683,2021-06-23 18:05:00,NTLA
82.725,82.9,82.66,82.7,8385,2021-06-23 18:10:00,NTLA
82.59,82.59,82.3,82.435,6010,2021-06-23 18:15:00,NTLA
82.4799,82.52,82.31,82.35,6451,2021-06-23 18:20:00,NTLA
82.3,82.3,81.83,82.03,4250,2021-06-23 18:25:00,NTLA
82.08,82.17,81.92,81.92,5583,2021-06-23 18:30:00,NTLA
82.075,82.08,81.87,81.935,3000,2021-06-23 18:35:00,NTLA
82.06,82.06,81.965,82.015,1356,2021-06-23 18:40:00,NTLA
82.24,82.24,81.97,82.23,1100,2021-06-23 18:45:00,NTLA
82.4,82.81,82.3175,82.81,24149,2021-06-23 18:50:00,NTLA
82.785,83.4599,82.785,83.01,15388,2021-06-23 18:55:00,NTLA
83.12,83.74,83.01,83.685,24794,2021-06-23 19:00:00,NTLA
83.71,84.1,83.61,83.98,39465,2021-06-23 19:05:00,NTLA
84.02,84.21,83.9519,84.165,3161,2021-06-23 19:10:00,NTLA
84.14,84.5,83.92,84.5,17899,2021-06-23 19:15:00,NTLA
84.56,84.99,84.555,84.955,25664,2021-06-23 19:20:00,NTLA
84.96,84.99,84.61,84.61,78100,2021-06-23 19:25:00,NTLA
84.5811,84.82,84.57,84.63,10496,2021-06-23 19:30:00,NTLA
84.645,84.75,84.3,84.46,21758,2021-06-23 19:35:00,NTLA
84.48,84.525,84.18,84.28,15176,2021-06-23 19:40:00,NTLA
84.29,84.33,83.99,84.025,34667,2021-06-23 19:45:00,NTLA
83.98,84.025,83.59,83.67,16286,2021-06-23 19:50:00,NTLA
83.73,83.82,83.54,83.65,61911,2021-06-23 19:55:00,NTLA
84.06,84.06,83.59,83.59,120133,2021-06-23 20:00:00,NTLA
83.8,83.8,83.8,83.8,100,2021-06-23 20:20:00,NTLA
85.0,85.0,85.0,85.0,1105,2021-06-24 11:40:00,NTLA
85.49,85.49,85.4,85.4,500,2021-06-24 13:25:00,NTLA
85.5,86.0,84.63,85.71,68851,2021-06-24 13:30:00,NTLA
85.72,86.43,85.65,86.43,39370,2021-06-24 13:35:00,NTLA
86.23,86.35,85.72,85.825,29252,2021-06-24 13:40:00,NTLA
85.89,86.89,85.8,86.815,15259,2021-06-24 13:45:00,NTLA
86.97,87.5,86.87,87.36,28705,2021-06-24 13:50:00,NTLA
87.405,87.5,86.775,87.235,31276,2021-06-24 13:55:00,NTLA
87.35,87.38,87.0,87.15,48323,2021-06-24 14:00:00,NTLA
87.2,87.8,87.02,87.75,18641,2021-06-24 14:05:00,NTLA
87.78,88.11,87.45,87.63,19325,2021-06-24 14:10:00,NTLA
87.675,87.75,87.3001,87.63,9785,2021-06-24 14:15:00,NTLA
87.57,87.91,87.5206,87.595,66234,2021-06-24 14:20:00,NTLA
87.57,87.83,87.16,87.17,87902,2021-06-24 14:25:00,NTLA
87.285,87.5,86.2906,86.5321,32790,2021-06-24 14:30:00,NTLA
86.475,86.55,85.764,86.265,12334,2021-06-24 14:35:00,NTLA
86.295,86.535,85.71,86.47,31453,2021-06-24 14:40:00,NTLA
86.57,86.76,85.88,86.13,17512,2021-06-24 14:45:00,NTLA
86.28,86.54,86.0201,86.23,32822,2021-06-24 14:50:00,NTLA
86.22,86.6993,86.22,86.525,8306,2021-06-24 14:55:00,NTLA
86.4,87.175,86.4,86.6,9143,2021-06-24 15:00:00,NTLA
86.65,86.86,86.5,86.86,5301,2021-06-24 15:05:00,NTLA
86.61,86.8,86.18,86.18,8220,2021-06-24 15:10:00,NTLA
86.06,86.15,85.7687,86.13,3827,2021-06-24 15:15:00,NTLA
86.285,86.715,86.285,86.715,14506,2021-06-24 15:20:00,NTLA
86.74,87.08,86.635,87.08,30855,2021-06-24 15:25:00,NTLA
87.17,87.17,86.89,87.13,10006,2021-06-24 15:30:00,NTLA
87.15,87.29,87.09,87.09,25482,2021-06-24 15:35:00,NTLA
87.04,87.27,86.97,87.26,9501,2021-06-24 15:40:00,NTLA
87.24,87.5,86.97,87.5,9125,2021-06-24 15:45:00,NTLA
87.49,87.5415,86.96,87.0695,5351,2021-06-24 15:50:00,NTLA
87.07,87.365,87.0,87.24,2657,2021-06-24 15:55:00,NTLA
87.19,87.19,87.045,87.16,3481,2021-06-24 16:00:00,NTLA
87.25,87.5,87.25,87.485,1151,2021-06-24 16:05:00,NTLA
87.23,87.25,86.99,87.11,5653,2021-06-24 16:10:00,NTLA
87.09,87.11,86.96,87.015,9318,2021-06-24 16:15:00,NTLA
87.005,87.2,87.0,87.16,5557,2021-06-24 16:20:00,NTLA
87.26,87.35,86.99,87.005,6721,2021-06-24 16:25:00,NTLA
86.9975,87.09,86.78,87.03,57040,2021-06-24 16:30:00,NTLA
86.97,87.005,86.365,86.51,12663,2021-06-24 16:35:00,NTLA
86.3,86.38,86.205,86.38,3965,2021-06-24 16:40:00,NTLA
86.39,86.47,85.948,86.05,4644,2021-06-24 16:45:00,NTLA
85.88,85.92,85.645,85.72,1822,2021-06-24 16:50:00,NTLA
85.7,85.7,85.0,85.0,3605,2021-06-24 16:55:00,NTLA
85.05,85.61,85.05,85.61,3338,2021-06-24 17:00:00,NTLA
85.67,85.67,85.18,85.18,8833,2021-06-24 17:05:00,NTLA
85.16,85.205,84.83,84.92,12718,2021-06-24 17:10:00,NTLA
84.92,85.07,84.66,84.66,9760,2021-06-24 17:15:00,NTLA
84.62,85.04,84.61,85.01,6531,2021-06-24 17:20:00,NTLA
85.0,85.04,84.76,84.81,7881,2021-06-24 17:25:00,NTLA
84.86,85.0,84.755,84.905,3400,2021-06-24 17:30:00,NTLA
84.94,85.0,84.53,84.55,9400,2021-06-24 17:35:00,NTLA
84.68,84.97,84.56,84.675,6704,2021-06-24 17:40:00,NTLA
84.65,84.96,84.59,84.76,7729,2021-06-24 17:45:00,NTLA
84.66,85.0,84.36,85.0,6500,2021-06-24 17:50:00,NTLA
84.8,85.05,84.655,84.9897,5719,2021-06-24 17:55:00,NTLA
85.05,85.45,85.02,85.33,8920,2021-06-24 18:00:00,NTLA
85.32,85.58,85.21,85.25,8623,2021-06-24 18:05:00,NTLA
85.375,85.97,85.375,85.735,7800,2021-06-24 18:10:00,NTLA
85.8,85.8,85.4,85.4,7864,2021-06-24 18:15:00,NTLA
85.365,85.64,85.32,85.33,5361,2021-06-24 18:20:00,NTLA
85.35,85.76,85.305,85.69,4672,2021-06-24 18:25:00,NTLA
85.71,85.74,85.38,85.39,7658,2021-06-24 18:30:00,NTLA
85.355,85.98,85.28,85.835,5918,2021-06-24 18:35:00,NTLA
85.86,86.27,85.855,86.15,9440,2021-06-24 18:40:00,NTLA
86.14,86.18,85.825,86.05,7935,2021-06-24 18:45:00,NTLA
86.04,86.41,85.879,86.26,6115,2021-06-24 18:50:00,NTLA
86.26,86.48,86.15,86.27,10231,2021-06-24 18:55:00,NTLA
86.24,86.44,86.2,86.28,12150,2021-06-24 19:00:00,NTLA
86.28,86.33,85.94,86.21,30175,2021-06-24 19:05:00,NTLA
86.18,86.835,86.18,86.69,5823,2021-06-24 19:10:00,NTLA
86.62,86.72,86.52,86.67,4472,2021-06-24 19:15:00,NTLA
86.67,86.68,86.275,86.44,6262,2021-06-24 19:20:00,NTLA
86.45,86.57,86.35,86.5,5195,2021-06-24 19:25:00,NTLA
86.52,86.78,86.3,86.39,12626,2021-06-24 19:30:00,NTLA
86.277,86.48,86.125,86.24,9391,2021-06-24 19:35:00,NTLA
86.37,86.75,86.32,86.68,9598,2021-06-24 19:40:00,NTLA
86.68,86.75,86.54,86.675,23744,2021-06-24 19:45:00,NTLA
86.675,86.75,86.34,86.61,39768,2021-06-24 19:50:00,NTLA
86.61,86.95,86.56,86.85,82632,2021-06-24 19:55:00,NTLA
86.84,86.84,86.84,86.84,87708,2021-06-24 20:00:00,NTLA
87.2,87.2,87.2,87.2,100,2021-06-24 20:05:00,NTLA
87.49,87.5,87.49,87.5,200,2021-06-25 11:50:00,NTLA
87.5,87.5,87.5,87.5,600,2021-06-25 12:40:00,NTLA
87.5,87.5,87.5,87.5,979,2021-06-25 12:50:00,NTLA
87.52,87.52,87.52,87.52,300,2021-06-25 12:55:00,NTLA
87.7,87.7,87.7,87.7,1000,2021-06-25 13:05:00,NTLA
87.69,87.69,87.69,87.69,375,2021-06-25 13:25:00,NTLA
87.47,88.08,87.05,87.91,64444,2021-06-25 13:30:00,NTLA
87.945,88.36,87.39,87.77,33751,2021-06-25 13:35:00,NTLA
87.75,88.12,87.54,87.995,27858,2021-06-25 13:40:00,NTLA
87.9,87.91,86.57,86.6,24356,2021-06-25 13:45:00,NTLA
86.68,87.2699,86.0,86.0838,27674,2021-06-25 13:50:00,NTLA
86.08,86.14,85.16,85.91,12808,2021-06-25 13:55:00,NTLA
85.71,85.71,85.385,85.5,6675,2021-06-25 14:00:00,NTLA
85.49,85.95,85.38,85.68,10569,2021-06-25 14:05:00,NTLA
85.68,85.76,85.12,85.52,28288,2021-06-25 14:10:00,NTLA
85.505,86.63,85.505,86.58,5644,2021-06-25 14:15:00,NTLA
86.37,86.43,85.46,85.46,6653,2021-06-25 14:20:00,NTLA
85.505,85.6,84.88,84.88,15679,2021-06-25 14:25:00,NTLA
84.9,86.088,84.9,86.088,13067,2021-06-25 14:30:00,NTLA
86.0,86.15,85.79,85.84,4904,2021-06-25 14:35:00,NTLA
85.73,86.02,85.41,85.86,15203,2021-06-25 14:40:00,NTLA
85.73,85.87,85.7,85.87,5787,2021-06-25 14:45:00,NTLA
85.72,86.13,85.36,86.13,6078,2021-06-25 14:50:00,NTLA
85.97,86.32,85.555,85.78,7732,2021-06-25 14:55:00,NTLA
85.69,85.99,85.69,85.86,4343,2021-06-25 15:00:00,NTLA
86.0,86.21,85.74,86.0204,5520,2021-06-25 15:05:00,NTLA
85.9444,86.45,85.9444,86.45,2700,2021-06-25 15:10:00,NTLA
86.545,86.545,86.23,86.29,16011,2021-06-25 15:15:00,NTLA
86.23,86.47,86.07,86.37,2650,2021-06-25 15:20:00,NTLA
86.57,86.66,86.38,86.66,9261,2021-06-25 15:25:00,NTLA
86.66,87.33,86.511,87.116,4767,2021-06-25 15:30:00,NTLA
87.09,87.09,86.64,86.84,2964,2021-06-25 15:35:00,NTLA
86.86,86.92,86.69,86.76,2746,2021-06-25 15:40:00,NTLA
86.76,86.95,86.66,86.93,4027,2021-06-25 15:45:00,NTLA
87.03,87.47,87.03,87.47,4200,2021-06-25 15:50:00,NTLA
87.443,87.62,87.3,87.31,2159,2021-06-25 15:55:00,NTLA
87.24,87.3564,86.98,87.26,4975,2021-06-25 16:00:00,NTLA
87.29,87.5974,87.19,87.19,3000,2021-06-25 16:05:00,NTLA
87.29,87.31,86.84,86.84,5540,2021-06-25 16:10:00,NTLA
86.87,86.932,86.775,86.83,1229,2021-06-25 16:15:00,NTLA
86.89,86.97,86.8006,86.97,1100,2021-06-25 16:20:00,NTLA
86.97,86.98,86.63,86.63,2737,2021-06-25 16:25:00,NTLA
86.75,87.08,86.46,86.51,6387,2021-06-25 16:30:00,NTLA
86.5799,86.77,86.5799,86.75,5188,2021-06-25 16:35:00,NTLA
86.6213,86.89,86.6213,86.89,1620,2021-06-25 16:40:00,NTLA
86.92,87.005,86.61,86.61,7140,2021-06-25 16:45:00,NTLA
86.7,86.71,86.6,86.637,3340,2021-06-25 16:50:00,NTLA
86.71,86.93,86.7,86.93,3422,2021-06-25 16:55:00,NTLA
86.94,86.96,86.82,86.95,2500,2021-06-25 17:00:00,NTLA
86.8746,87.04,86.68,86.71,12694,2021-06-25 17:05:00,NTLA
86.71,86.77,86.49,86.7,4476,2021-06-25 17:10:00,NTLA
86.615,86.84,86.615,86.65,1074,2021-06-25 17:15:00,NTLA
86.715,86.8499,86.67,86.84,1818,2021-06-25 17:20:00,NTLA
86.84,87.02,86.77,87.01,18858,2021-06-25 17:25:00,NTLA
86.975,87.0,86.67,86.76,4025,2021-06-25 17:30:00,NTLA
86.62,86.74,86.42,86.42,5655,2021-06-25 17:35:00,NTLA
86.42,86.53,86.23,86.23,3929,2021-06-25 17:40:00,NTLA
86.16,86.266,85.93,85.93,5934,2021-06-25 17:45:00,NTLA
86.11,86.11,85.8101,86.0,2850,2021-06-25 17:50:00,NTLA
85.89,86.13,85.85,86.035,4706,2021-06-25 17:55:00,NTLA
86.13,86.21,85.94,86.21,5116,2021-06-25 18:00:00,NTLA
86.28,86.46,86.16,86.33,3950,2021-06-25 18:05:00,NTLA
86.36,86.79,86.36,86.585,31188,2021-06-25 18:10:00,NTLA
86.585,86.66,86.56,86.6,12767,2021-06-25 18:15:00,NTLA
86.6585,86.73,86.591,86.6,34716,2021-06-25 18:20:00,NTLA
86.64,86.88,86.64,86.7115,13776,2021-06-25 18:25:00,NTLA
86.84,86.88,86.6801,86.6801,2630,2021-06-25 18:30:00,NTLA
86.85,87.14,86.85,87.02,7443,2021-06-25 18:35:00,NTLA
86.97,87.01,86.79,87.01,4066,2021-06-25 18:40:00,NTLA
86.986,87.5,86.986,87.5,11259,2021-06-25 18:45:00,NTLA
87.5,87.77,87.404,87.62,5970,2021-06-25 18:50:00,NTLA
87.61,87.67,87.2588,87.33,9228,2021-06-25 18:55:00,NTLA
87.315,87.315,86.92,87.15,8522,2021-06-25 19:00:00,NTLA
87.185,87.395,86.95,87.37,3802,2021-06-25 19:05:00,NTLA
87.37,87.5,87.24,87.5,11527,2021-06-25 19:10:00,NTLA
87.5,87.92,87.5,87.92,13833,2021-06-25 19:15:00,NTLA
87.92,88.07,87.85,87.995,27066,2021-06-25 19:20:00,NTLA
87.96,88.1,87.93,87.93,4819,2021-06-25 19:25:00,NTLA
87.93,88.17,87.87,88.14,20989,2021-06-25 19:30:00,NTLA
88.16,88.6315,88.16,88.3,35619,2021-06-25 19:35:00,NTLA
88.25,88.68,88.25,88.605,17772,2021-06-25 19:40:00,NTLA
88.595,88.91,88.57,88.91,34914,2021-06-25 19:45:00,NTLA
88.885,88.885,87.67,88.68,101517,2021-06-25 19:50:00,NTLA
88.82,88.83,88.04,88.76,160395,2021-06-25 19:55:00,NTLA
88.83,88.83,88.19,88.83,785015,2021-06-25 20:00:00,NTLA
88.84,88.84,88.84,88.84,100,2021-06-25 20:10:00,NTLA
88.79,89.0,88.79,88.907,818,2021-06-25 20:20:00,NTLA
88.83,88.83,88.83,88.83,166908,2021-06-25 20:35:00,NTLA
89.0,89.0,89.0,89.0,316,2021-06-25 20:40:00,NTLA
89.2,89.2,89.2,89.2,100,2021-06-25 20:50:00,NTLA
89.8,89.8,89.8,89.8,117,2021-06-25 21:05:00,NTLA
89.2001,89.2001,89.2001,89.2001,2000,2021-06-25 21:15:00,NTLA
89.2,89.2,89.2,89.2,300,2021-06-25 21:20:00,NTLA
89.5,89.5,89.5,89.5,112,2021-06-25 22:00:00,NTLA
89.5,89.5,89.5,89.5,103,2021-06-25 23:40:00,NTLA
89.5,89.5,89.5,89.5,112,2021-06-25 23:55:00,NTLA
130.0,130.0,121.99,122.0,733,2021-06-28 08:05:00,NTLA
121.0,121.0,116.25,116.25,368,2021-06-28 08:10:00,NTLA
116.25,117.8,116.25,117.8,200,2021-06-28 08:15:00,NTLA
117.69,120.0,114.56,114.56,2853,2021-06-28 08:20:00,NTLA
114.48,115.0,114.48,115.0,425,2021-06-28 08:25:00,NTLA
114.3,114.3,114.3,114.3,100,2021-06-28 08:30:00,NTLA
113.6,116.5,113.6,116.5,6112,2021-06-28 08:35:00,NTLA
117.84,117.84,116.66,117.3,316,2021-06-28 08:40:00,NTLA
115.94,116.0,115.94,116.0,350,2021-06-28 08:45:00,NTLA
115.75,116.0,115.75,116.0,1360,2021-06-28 08:50:00,NTLA
115.32,115.32,115.0,115.0,879,2021-06-28 08:55:00,NTLA
114.0,114.0,112.06,112.06,2497,2021-06-28 09:00:00,NTLA
111.5,111.5,110.98,111.02,6896,2021-06-28 09:05:00,NTLA
111.5,111.8,111.5,111.8,200,2021-06-28 09:10:00,NTLA
112.0,114.79,112.0,113.89,2929,2021-06-28 09:15:00,NTLA
113.68,113.89,112.78,113.89,817,2021-06-28 09:20:00,NTLA
113.89,113.89,113.89,113.89,230,2021-06-28 09:25:00,NTLA
114.0,114.88,114.0,114.0,1446,2021-06-28 09:30:00,NTLA
114.5,115.48,114.35,114.6,7068,2021-06-28 09:35:00,NTLA
114.61,115.07,114.6,115.0,4188,2021-06-28 09:40:00,NTLA
115.11,115.13,115.0,115.0,2966,2021-06-28 09:45:00,NTLA
115.0,116.73,114.87,116.0,3988,2021-06-28 09:50:00,NTLA
115.01,117.0,114.99,117.0,3642,2021-06-28 09:55:00,NTLA
117.0,117.0,116.15,116.15,2563,2021-06-28 10:00:00,NTLA
116.47,116.49,116.45,116.49,701,2021-06-28 10:05:00,NTLA
116.5,116.5,116.0,116.0,1595,2021-06-28 10:10:00,NTLA
116.4,116.4,116.4,116.4,466,2021-06-28 10:15:00,NTLA
117.2,118.0,117.2,117.5,643,2021-06-28 10:20:00,NTLA
117.3,117.31,116.3,116.3,893,2021-06-28 10:25:00,NTLA
116.5,120.5,116.5,120.5,4671,2021-06-28 10:30:00,NTLA
119.05,121.0,119.0,120.52,8255,2021-06-28 10:35:00,NTLA
120.98,127.84,120.98,126.69,10371,2021-06-28 10:40:00,NTLA
126.77,128.0,125.0,126.2,12599,2021-06-28 10:45:00,NTLA
126.75,128.0,125.9,127.9,3490,2021-06-28 10:50:00,NTLA
128.07,128.07,125.06,125.63,11954,2021-06-28 10:55:00,NTLA
125.16,135.01,125.16,135.01,30561,2021-06-28 11:00:00,NTLA
135.89,138.01,134.0,134.65,18298,2021-06-28 11:05:00,NTLA
135.0,136.01,134.0,134.89,11927,2021-06-28 11:10:00,NTLA
135.09,136.5,132.7,135.1,22664,2021-06-28 11:15:00,NTLA
135.25,140.02,135.0,137.0,24002,2021-06-28 11:20:00,NTLA
136.38,137.0,135.27,135.52,7706,2021-06-28 11:25:00,NTLA
135.75,139.81,135.0,139.15,40100,2021-06-28 11:30:00,NTLA
139.58,142.5,138.89,140.83,46162,2021-06-28 11:35:00,NTLA
140.5,140.98,138.56,139.5,23330,2021-06-28 11:40:00,NTLA
139.06,139.15,137.47,137.5,24895,2021-06-28 11:45:00,NTLA
137.5,140.25,137.0,140.21,20194,2021-06-28 11:50:00,NTLA
140.21,142.32,139.54,141.8,24039,2021-06-28 11:55:00,NTLA
141.15,144.0,140.0,142.59,56299,2021-06-28 12:00:00,NTLA
142.89,142.94,138.49,138.49,49472,2021-06-28 12:05:00,NTLA
138.48,140.36,138.0,139.03,27603,2021-06-28 12:10:00,NTLA
139.0,139.5,136.23,136.52,67986,2021-06-28 12:15:00,NTLA
137.0,139.0,136.25,137.56,40205,2021-06-28 12:20:00,NTLA
137.22,137.47,135.75,136.68,15861,2021-06-28 12:25:00,NTLA
136.86,138.0,136.26,137.5,22958,2021-06-28 12:30:00,NTLA
137.5,137.5,135.29,135.65,32573,2021-06-28 12:35:00,NTLA
135.17,136.5,135.0,135.27,93992,2021-06-28 12:40:00,NTLA
135.39,136.5,135.0,135.35,22919,2021-06-28 12:45:00,NTLA
135.5588,137.88,135.19,137.25,23439,2021-06-28 12:50:00,NTLA
137.5,137.75,136.1726,137.3,13623,2021-06-28 12:55:00,NTLA
137.5,139.25,136.31,137.37,56185,2021-06-28 13:00:00,NTLA
137.37,137.5,136.31,136.31,25947,2021-06-28 13:05:00,NTLA
136.18,139.8,136.06,139.0801,53596,2021-06-28 13:10:00,NTLA
139.25,141.3,136.42,138.86,52757,2021-06-28 13:15:00,NTLA
138.25,141.0,137.56,140.33,30247,2021-06-28 13:20:00,NTLA
139.77,140.42,136.5,140.01,76672,2021-06-28 13:25:00,NTLA
140.05,144.3999,131.3,135.915,1649781,2021-06-28 13:30:00,NTLA
135.92,136.9099,127.1,130.48,798011,2021-06-28 13:35:00,NTLA
130.48,133.79,130.02,132.17,527020,2021-06-28 13:40:00,NTLA
132.175,133.47,130.23,130.9,337004,2021-06-28 13:45:00,NTLA
130.68,131.45,129.03,130.7152,380989,2021-06-28 13:50:00,NTLA
130.84,130.97,126.67,127.18,509733,2021-06-28 13:55:00,NTLA
127.29,129.72,126.32,127.27,451192,2021-06-28 14:00:00,NTLA
127.09,128.06,126.44,127.679,268378,2021-06-28 14:05:00,NTLA
127.675,128.88,126.33,128.87,302821,2021-06-28 14:10:00,NTLA
128.87,131.1798,128.6588,130.89,279047,2021-06-28 14:15:00,NTLA
130.93,130.93,128.68,128.745,203754,2021-06-28 14:20:00,NTLA
128.78,129.27,126.0,127.435,477724,2021-06-28 14:25:00,NTLA
127.435,127.56,124.51,124.97,329800,2021-06-28 14:30:00,NTLA
125.0087,125.36,122.8217,123.81,220931,2021-06-28 14:35:00,NTLA
123.8,125.0699,123.2853,123.355,194786,2021-06-28 14:40:00,NTLA
123.2,123.6,121.7,123.43,236665,2021-06-28 14:45:00,NTLA
123.5,124.3791,122.18,122.76,236927,2021-06-28 14:50:00,NTLA
122.9899,123.6048,121.66,123.1001,236618,2021-06-28 14:55:00,NTLA
123.37,125.4599,122.5418,124.4592,339138,2021-06-28 15:00:00,NTLA
124.52,125.19,123.58,124.71,273857,2021-06-28 15:05:00,NTLA
125.1059,126.9495,124.75,125.51,223614,2021-06-28 15:10:00,NTLA
125.6289,126.45,124.88,125.97,146536,2021-06-28 15:15:00,NTLA
125.96,127.5,124.551,127.0,224630,2021-06-28 15:20:00,NTLA
127.018,128.79,127.0,127.82,270064,2021-06-28 15:25:00,NTLA
127.5,128.3499,126.98,127.77,127773,2021-06-28 15:30:00,NTLA
127.83,129.79,127.0,129.63,189555,2021-06-28 15:35:00,NTLA
129.64,130.6899,128.8,130.6163,203710,2021-06-28 15:40:00,NTLA
130.57,131.94,129.86,131.6713,151830,2021-06-28 15:45:00,NTLA
131.705,132.8,131.35,132.62,290679,2021-06-28 15:50:00,NTLA
132.571,134.0,131.5901,131.6804,355699,2021-06-28 15:55:00,NTLA
132.0,132.83,131.46,131.46,180748,2021-06-28 16:00:00,NTLA
131.54,132.89,131.3,132.89,120401,2021-06-28 16:05:00,NTLA
132.815,134.69,132.27,134.005,171810,2021-06-28 16:10:00,NTLA
134.0026,137.48,134.0026,136.865,348515,2021-06-28 16:15:00,NTLA
136.97,139.45,136.5201,137.1335,325034,2021-06-28 16:20:00,NTLA
137.09,137.9099,136.28,136.6083,134996,2021-06-28 16:25:00,NTLA
136.78,138.21,135.861,137.98,161372,2021-06-28 16:30:00,NTLA
137.98,139.16,137.5844,138.5703,140767,2021-06-28 16:35:00,NTLA
138.38,138.44,136.34,136.68,142846,2021-06-28 16:40:00,NTLA
136.59,137.99,135.6,137.19,219642,2021-06-28 16:45:00,NTLA
137.1885,137.54,135.53,135.87,167353,2021-06-28 16:50:00,NTLA
135.88,136.75,135.5401,136.1583,86060,2021-06-28 16:55:00,NTLA
136.075,137.78,136.0278,137.125,106910,2021-06-28 17:00:00,NTLA
137.125,137.18,135.82,136.1,113782,2021-06-28 17:05:00,NTLA
136.1075,136.74,135.3101,135.4,91212,2021-06-28 17:10:00,NTLA
135.5,136.2,135.15,135.52,67048,2021-06-28 17:15:00,NTLA
135.6,135.97,135.36,135.625,56452,2021-06-28 17:20:00,NTLA
135.65,136.4899,132.68,133.01,224218,2021-06-28 17:25:00,NTLA
133.1,133.77,132.29,132.585,130748,2021-06-28 17:30:00,NTLA
132.4595,133.4999,132.4595,133.0,61022,2021-06-28 17:35:00,NTLA
132.99,134.95,132.99,133.79,100941,2021-06-28 17:40:00,NTLA
133.8302,134.37,132.6346,132.83,68114,2021-06-28 17:45:00,NTLA
132.91,134.0,132.6411,133.495,54876,2021-06-28 17:50:00,NTLA
133.47,134.8994,133.0701,133.825,86217,2021-06-28 17:55:00,NTLA
133.96,135.6999,133.75,135.17,83772,2021-06-28 18:00:00,NTLA
135.195,135.32,133.22,133.67,86770,2021-06-28 18:05:00,NTLA
133.7,134.335,133.21,133.385,40873,2021-06-28 18:10:00,NTLA
133.385,134.15,131.5401,131.75,125008,2021-06-28 18:15:00,NTLA
131.735,132.5,131.2201,132.45,109031,2021-06-28 18:20:00,NTLA
132.63,133.32,131.5,132.075,68756,2021-06-28 18:25:00,NTLA
131.95,133.3,131.8127,132.07,59349,2021-06-28 18:30:00,NTLA
131.99,133.46,131.91,133.38,71793,2021-06-28 18:35:00,NTLA
133.04,134.96,133.04,133.23,114874,2021-06-28 18:40:00,NTLA
133.23,133.3,132.1512,132.54,57775,2021-06-28 18:45:00,NTLA
132.63,132.75,131.59,131.82,70568,2021-06-28 18:50:00,NTLA
131.7528,132.49,131.03,132.155,87960,2021-06-28 18:55:00,NTLA
132.2996,133.5,131.8,133.315,91765,2021-06-28 19:00:00,NTLA
133.4,133.89,132.39,132.695,105458,2021-06-28 19:05:00,NTLA
132.625,132.97,131.98,132.095,79652,2021-06-28 19:10:00,NTLA
132.1,132.49,131.29,131.765,150412,2021-06-28 19:15:00,NTLA
131.765,131.96,130.2,131.02,158203,2021-06-28 19:20:00,NTLA
131.04,131.3473,130.43,131.0001,81374,2021-06-28 19:25:00,NTLA
131.055,131.61,130.475,131.47,85415,2021-06-28 19:30:00,NTLA
131.49,132.25,130.87,131.005,99612,2021-06-28 19:35:00,NTLA
131.1,133.35,131.0201,133.35,122666,2021-06-28 19:40:00,NTLA
133.255,136.55,133.1101,135.25,290485,2021-06-28 19:45:00,NTLA
135.17,135.35,132.82,133.1101,197105,2021-06-28 19:50:00,NTLA
133.335,133.79,133.0,133.43,240261,2021-06-28 19:55:00,NTLA
133.33,133.43,128.0,131.0,223807,2021-06-28 20:00:00,NTLA
131.08,131.88,130.0,131.21,32318,2021-06-28 20:05:00,NTLA
131.01,131.04,130.27,130.55,6699,2021-06-28 20:10:00,NTLA
130.9,131.25,130.68,131.11,8974,2021-06-28 20:15:00,NTLA
130.98,130.99,130.5,130.53,7451,2021-06-28 20:20:00,NTLA
130.5,130.98,130.5,130.98,4040,2021-06-28 20:25:00,NTLA
130.9899,131.76,130.97,131.0,6685,2021-06-28 20:30:00,NTLA
131.33,131.33,131.0,131.01,2166,2021-06-28 20:35:00,NTLA
131.3999,131.76,131.0,131.5,3314,2021-06-28 20:40:00,NTLA
131.33,131.33,131.0,131.1,1664,2021-06-28 20:45:00,NTLA
131.12,131.2,131.0,131.0,596,2021-06-28 20:50:00,NTLA
131.2,131.28,131.0,131.0,705,2021-06-28 20:55:00,NTLA
131.0,131.1999,131.0,131.05,797,2021-06-28 21:00:00,NTLA
131.2,131.5,131.2,131.5,1253,2021-06-28 21:05:00,NTLA
133.43,133.43,131.35,131.35,1472,2021-06-28 21:10:00,NTLA
131.35,131.35,131.02,131.2,702,2021-06-28 21:15:00,NTLA
131.0,131.08,130.44,130.69,6362,2021-06-28 21:20:00,NTLA
130.47,130.65,130.47,130.47,700,2021-06-28 21:25:00,NTLA
130.64,130.64,130.6,130.6,1744,2021-06-28 21:30:00,NTLA
130.9,131.05,130.9,130.9,2422,2021-06-28 21:35:00,NTLA
131.0,131.18,130.68,130.68,463,2021-06-28 21:40:00,NTLA
130.99,131.38,130.68,131.38,3502,2021-06-28 21:45:00,NTLA
131.2,131.2,131.2,131.2,100,2021-06-28 21:55:00,NTLA
131.0,131.4,130.7,131.4,1558,2021-06-28 22:00:00,NTLA
131.17,131.17,131.17,131.17,100,2021-06-28 22:10:00,NTLA
131.0,131.15,131.0,131.13,1125,2021-06-28 22:15:00,NTLA
131.1499,131.17,131.1499,131.17,3602,2021-06-28 22:20:00,NTLA
131.4,131.4,131.4,131.4,140,2021-06-28 22:30:00,NTLA
130.92,130.92,130.92,130.92,100,2021-06-28 22:35:00,NTLA
131.19,131.19,131.19,131.19,100,2021-06-28 22:40:00,NTLA
130.7,131.28,130.7,131.1,480,2021-06-28 22:45:00,NTLA
131.38,131.38,131.38,131.38,200,2021-06-28 22:50:00,NTLA
131.33,131.33,131.33,131.33,118,2021-06-28 23:00:00,NTLA
131.1,131.1,131.1,131.1,438,2021-06-28 23:05:00,NTLA
131.1,131.25,131.1,131.25,550,2021-06-28 23:10:00,NTLA
131.24,131.5,131.24,131.5,1191,2021-06-28 23:15:00,NTLA
131.49,131.49,131.3,131.32,913,2021-06-28 23:20:00,NTLA
131.15,131.5,131.15,131.5,619,2021-06-28 23:30:00,NTLA
131.16,131.16,131.0,131.02,639,2021-06-28 23:50:00,NTLA
131.1899,131.44,131.1899,131.44,1150,2021-06-28 23:55:00,NTLA
131.8,135.0,131.8,135.0,799,2021-06-29 08:00:00,NTLA
129.8,130.0,129.8,130.0,1071,2021-06-29 10:25:00,NTLA
130.0,130.0,130.0,130.0,200,2021-06-29 10:40:00,NTLA
130.0,130.0,130.0,130.0,1508,2021-06-29 10:45:00,NTLA
131.5,131.5,131.5,131.5,100,2021-06-29 11:00:00,NTLA
131.25,131.25,130.86,130.86,1184,2021-06-29 11:10:00,NTLA
130.86,130.86,129.71,129.71,1285,2021-06-29 11:15:00,NTLA
129.71,129.71,129.7,129.7,1091,2021-06-29 11:20:00,NTLA
130.0,130.23,129.8,130.23,1049,2021-06-29 11:25:00,NTLA
130.84,130.98,130.84,130.98,300,2021-06-29 11:30:00,NTLA
130.75,130.75,130.3,130.3,782,2021-06-29 11:40:00,NTLA
130.0,130.29,130.0,130.29,599,2021-06-29 11:50:00,NTLA
130.29,130.29,130.29,130.29,5100,2021-06-29 12:00:00,NTLA
130.0,130.0,130.0,130.0,350,2021-06-29 12:05:00,NTLA
130.03,130.2,130.03,130.2,1352,2021-06-29 12:10:00,NTLA
130.51,130.6,130.51,130.6,422,2021-06-29 12:15:00,NTLA
130.5,130.5,130.5,130.5,386,2021-06-29 12:20:00,NTLA
130.54,130.8,130.54,130.6,1100,2021-06-29 12:25:00,NTLA
130.8,130.8,130.8,130.8,600,2021-06-29 12:30:00,NTLA
130.5,130.5,130.5,130.5,225,2021-06-29 12:35:00,NTLA
130.39,130.39,130.39,130.39,125,2021-06-29 12:40:00,NTLA
130.7244,130.7244,130.6,130.6,400,2021-06-29 12:50:00,NTLA
130.6,130.6,130.4515,130.54,993,2021-06-29 12:55:00,NTLA
130.4001,130.54,130.39,130.4,3435,2021-06-29 13:00:00,NTLA
130.0799,130.0799,130.05,130.05,300,2021-06-29 13:05:00,NTLA
130.174,130.2,130.16,130.16,386,2021-06-29 13:10:00,NTLA
130.25,130.55,130.07,130.1,2361,2021-06-29 13:15:00,NTLA
130.1,130.1,129.5,129.52,4616,2021-06-29 13:20:00,NTLA
129.99,131.25,129.89,130.6,2503,2021-06-29 13:25:00,NTLA
130.505,135.93,129.66,134.375,204236,2021-06-29 13:30:00,NTLA
134.6099,136.9889,133.15,134.4047,151272,2021-06-29 13:35:00,NTLA
134.56,137.41,133.52,137.11,143386,2021-06-29 13:40:00,NTLA
137.13,138.0,135.9,137.47,177832,2021-06-29 13:45:00,NTLA
137.02,138.26,135.7,136.492,88330,2021-06-29 13:50:00,NTLA
136.1129,137.33,136.0201,136.8298,53871,2021-06-29 13:55:00,NTLA
136.685,137.2492,135.22,136.82,43292,2021-06-29 14:00:00,NTLA
137.0,137.38,134.06,134.77,50439,2021-06-29 14:05:00,NTLA
134.71,134.95,133.2296,133.35,69684,2021-06-29 14:10:00,NTLA
133.345,134.31,131.8701,133.81,55341,2021-06-29 14:15:00,NTLA
133.9999,134.4,132.5001,132.9,29119,2021-06-29 14:20:00,NTLA
132.66,133.99,132.63,133.47,37004,2021-06-29 14:25:00,NTLA
133.4771,134.34,133.01,133.6,39470,2021-06-29 14:30:00,NTLA
133.67,133.99,133.19,133.7102,39157,2021-06-29 14:35:00,NTLA
133.7032,135.05,133.46,134.29,47962,2021-06-29 14:40:00,NTLA
134.2,135.31,133.87,135.15,51126,2021-06-29 14:45:00,NTLA
135.2835,135.68,134.68,135.13,63528,2021-06-29 14:50:00,NTLA
135.2393,135.6,134.6501,135.06,26256,2021-06-29 14:55:00,NTLA
135.24,136.78,135.24,135.8469,91739,2021-06-29 15:00:00,NTLA
135.81,137.47,135.69,136.6825,63381,2021-06-29 15:05:00,NTLA
136.7125,136.7125,135.2498,135.95,48157,2021-06-29 15:10:00,NTLA
135.95,136.7899,135.86,136.595,38114,2021-06-29 15:15:00,NTLA
136.74,137.0,135.7,136.0451,48993,2021-06-29 15:20:00,NTLA
136.28,137.09,135.6301,136.63,28455,2021-06-29 15:25:00,NTLA
136.88,137.19,135.8516,135.87,17574,2021-06-29 15:30:00,NTLA
136.12,136.52,135.83,136.05,17335,2021-06-29 15:35:00,NTLA
136.08,136.24,135.52,135.56,16888,2021-06-29 15:40:00,NTLA
135.93,135.93,134.15,134.34,42816,2021-06-29 15:45:00,NTLA
134.455,134.6099,133.64,133.905,38259,2021-06-29 15:50:00,NTLA
134.2,134.2,133.1227,133.3757,35430,2021-06-29 15:55:00,NTLA
133.43,133.8591,133.19,133.22,26306,2021-06-29 16:00:00,NTLA
133.25,133.525,132.61,133.325,53203,2021-06-29 16:05:00,NTLA
133.325,134.34,133.1841,134.0433,25844,2021-06-29 16:10:00,NTLA
133.969,134.72,133.63,134.6,17776,2021-06-29 16:15:00,NTLA
134.5001,134.6652,134.28,134.47,16498,2021-06-29 16:20:00,NTLA
134.61,135.14,134.59,134.96,23338,2021-06-29 16:25:00,NTLA
134.85,134.85,134.1162,134.38,16451,2021-06-29 16:30:00,NTLA
134.35,135.66,134.35,135.22,29698,2021-06-29 16:35:00,NTLA
135.22,135.49,134.7,134.81,18912,2021-06-29 16:40:00,NTLA
134.9,135.84,134.9,135.59,34649,2021-06-29 16:45:00,NTLA
135.65,136.55,135.6029,136.26,38057,2021-06-29 16:50:00,NTLA
136.26,136.84,135.97,136.67,32929,2021-06-29 16:55:00,NTLA
136.55,136.99,135.96,136.0456,25263,2021-06-29 17:00:00,NTLA
136.125,136.8232,136.0101,136.765,11756,2021-06-29 17:05:00,NTLA
136.7,137.73,136.7,136.96,43059,2021-06-29 17:10:00,NTLA
136.96,137.6499,136.9277,137.495,27961,2021-06-29 17:15:00,NTLA
137.69,141.52,137.69,141.0868,189108,2021-06-29 17:20:00,NTLA
141.01,141.8399,139.8101,141.51,92894,2021-06-29 17:25:00,NTLA
141.52,141.95,140.43,141.105,115069,2021-06-29 17:30:00,NTLA
141.1649,141.34,139.89,140.01,40363,2021-06-29 17:35:00,NTLA
140.15,141.09,139.6,140.535,58691,2021-06-29 17:40:00,NTLA
140.535,141.1407,140.32,140.3722,28009,2021-06-29 17:45:00,NTLA
140.44,141.652,139.73,141.57,57860,2021-06-29 17:50:00,NTLA
141.64,142.4299,140.86,142.15,49717,2021-06-29 17:55:00,NTLA
142.07,142.58,140.84,140.87,52978,2021-06-29 18:00:00,NTLA
140.99,141.14,139.76,140.26,52524,2021-06-29 18:05:00,NTLA
140.03,140.9,140.03,140.51,15578,2021-06-29 18:10:00,NTLA
140.8799,141.54,139.6301,140.195,33710,2021-06-29 18:15:00,NTLA
140.09,140.56,139.69,140.265,20468,2021-06-29 18:20:00,NTLA
140.265,141.4099,140.2492,141.03,25575,2021-06-29 18:25:00,NTLA
141.02,142.4,141.0,142.19,50754,2021-06-29 18:30:00,NTLA
142.13,142.19,141.47,141.81,23570,2021-06-29 18:35:00,NTLA
141.93,142.3618,141.59,142.29,33748,2021-06-29 18:40:00,NTLA
142.21,142.218,140.6781,141.95,33862,2021-06-29 18:45:00,NTLA
141.95,143.3199,141.9101,143.07,59933,2021-06-29 18:50:00,NTLA
143.0107,144.24,142.94,143.1908,62904,2021-06-29 18:55:00,NTLA
143.41,145.48,143.3663,144.4699,142731,2021-06-29 19:00:00,NTLA
144.47,147.63,144.47,147.425,145294,2021-06-29 19:05:00,NTLA
147.415,149.49,146.6,149.49,175474,2021-06-29 19:10:00,NTLA
149.33,152.0,148.61,151.46,314448,2021-06-29 19:15:00,NTLA
151.56,153.87,150.37,152.73,282755,2021-06-29 19:20:00,NTLA
152.85,153.88,150.1,150.325,285198,2021-06-29 19:25:00,NTLA
150.394,153.93,150.1304,152.9,229829,2021-06-29 19:30:00,NTLA
152.88,153.37,151.5001,151.8565,154918,2021-06-29 19:35:00,NTLA
151.785,152.37,150.43,151.3523,136172,2021-06-29 19:40:00,NTLA
151.0601,152.61,151.0601,151.84,110340,2021-06-29 19:45:00,NTLA
151.85,151.98,150.7,151.6745,195551,2021-06-29 19:50:00,NTLA
151.55,152.86,151.07,151.725,352078,2021-06-29 19:55:00,NTLA
151.61,152.6,150.58,152.49,160010,2021-06-29 20:00:00,NTLA
152.49,152.49,152.19,152.45,550,2021-06-29 20:05:00,NTLA
152.0,152.33,152.0,152.33,550,2021-06-29 20:10:00,NTLA
152.11,152.3999,152.1,152.3999,417,2021-06-29 20:15:00,NTLA
152.31,152.31,152.01,152.04,1200,2021-06-29 20:20:00,NTLA
152.04,152.07,152.04,152.07,400,2021-06-29 20:25:00,NTLA
152.07,152.07,151.61,151.61,5112,2021-06-29 20:30:00,NTLA
152.18,152.18,152.18,152.18,100,2021-06-29 20:35:00,NTLA
152.6,152.6,152.31,152.31,515,2021-06-29 20:40:00,NTLA
152.4,152.4,152.4,152.4,500,2021-06-29 20:50:00,NTLA
152.23,152.49,152.07,152.07,1000,2021-06-29 20:55:00,NTLA
152.25,152.25,152.17,152.17,200,2021-06-29 21:00:00,NTLA
152.47,152.55,152.47,152.55,200,2021-06-29 21:05:00,NTLA
152.15,152.15,152.14,152.14,200,2021-06-29 21:10:00,NTLA
152.3,152.3,152.11,152.11,580,2021-06-29 21:15:00,NTLA
152.17,152.17,152.17,152.17,100,2021-06-29 21:20:00,NTLA
152.11,152.11,152.11,152.11,100,2021-06-29 21:25:00,NTLA
152.55,152.6,152.55,152.6,493,2021-06-29 21:30:00,NTLA
153.49,154.56,153.49,154.0,4160,2021-06-29 21:35:00,NTLA
153.8,154.83,153.8,154.83,464,2021-06-29 21:40:00,NTLA
154.0,154.0,153.5,153.5,855,2021-06-29 21:50:00,NTLA
153.25,153.25,153.25,153.25,500,2021-06-29 21:55:00,NTLA
153.9,153.9,153.87,153.9,1600,2021-06-29 22:00:00,NTLA
153.9,153.9,153.9,153.9,190,2021-06-29 22:05:00,NTLA
153.31,153.31,153.31,153.31,200,2021-06-29 22:10:00,NTLA
153.36,153.36,153.32,153.35,1485,2021-06-29 22:15:00,NTLA
153.44,154.35,153.32,154.35,2899,2021-06-29 22:20:00,NTLA
153.86,153.86,153.86,153.86,446,2021-06-29 22:25:00,NTLA
153.47,153.47,153.47,153.47,200,2021-06-29 22:35:00,NTLA
153.85,153.85,153.82,153.82,200,2021-06-29 22:40:00,NTLA
153.39,153.39,153.35,153.35,257,2021-06-29 22:45:00,NTLA
153.35,153.65,153.35,153.6499,1690,2021-06-29 22:50:00,NTLA
153.59,153.65,153.59,153.65,1000,2021-06-29 22:55:00,NTLA
153.74,153.74,153.65,153.65,2289,2021-06-29 23:00:00,NTLA
153.38,153.38,153.35,153.35,500,2021-06-29 23:05:00,NTLA
153.74,153.89,153.74,153.89,2244,2021-06-29 23:10:00,NTLA
154.0,154.0,154.0,154.0,250,2021-06-29 23:15:00,NTLA
154.03,154.03,154.03,154.03,100,2021-06-29 23:20:00,NTLA
153.51,153.54,153.51,153.53,621,2021-06-29 23:25:00,NTLA
153.55,153.55,153.55,153.55,700,2021-06-29 23:35:00,NTLA
153.85,153.85,153.85,153.85,100,2021-06-29 23:40:00,NTLA
154.01,154.01,154.01,154.01,100,2021-06-29 23:45:00,NTLA
154.48,154.7,154.0,154.7,1901,2021-06-29 23:50:00,NTLA
154.5,155.0,154.25,154.97,4520,2021-06-29 23:55:00,NTLA
151.75,152.8,151.75,152.8,200,2021-06-30 08:15:00,NTLA
152.55,152.55,152.55,152.55,100,2021-06-30 08:20:00,NTLA
154.17,154.17,154.17,154.17,132,2021-06-30 09:35:00,NTLA
154.15,154.15,154.15,154.15,100,2021-06-30 09:55:00,NTLA
153.3,153.3,153.3,153.3,209,2021-06-30 10:55:00,NTLA
152.5,153.8,152.5,153.8,646,2021-06-30 11:00:00,NTLA
154.0,154.97,154.0,154.84,716,2021-06-30 11:05:00,NTLA
155.0,157.25,155.0,157.25,875,2021-06-30 11:10:00,NTLA
158.0,158.0,158.0,158.0,122,2021-06-30 11:15:00,NTLA
159.0,159.0,159.0,159.0,1200,2021-06-30 11:20:00,NTLA
159.21,159.21,155.61,156.0,8339,2021-06-30 11:25:00,NTLA
156.0,156.0,153.25,153.8,1954,2021-06-30 11:30:00,NTLA
153.98,155.5,153.5,155.5,1489,2021-06-30 11:35:00,NTLA
155.0,155.0,155.0,155.0,4874,2021-06-30 11:40:00,NTLA
155.74,159.45,155.74,159.0,4912,2021-06-30 11:45:00,NTLA
157.5,158.0,157.0,157.41,4041,2021-06-30 11:50:00,NTLA
157.48,158.32,157.0,158.32,679,2021-06-30 11:55:00,NTLA
157.58,158.3,157.58,158.2,2793,2021-06-30 12:00:00,NTLA
158.02,158.7,158.0,158.7,18151,2021-06-30 12:05:00,NTLA
158.35,158.5,157.52,158.4,14519,2021-06-30 12:10:00,NTLA
158.15,159.38,158.02,159.0,4939,2021-06-30 12:15:00,NTLA
159.21,159.99,159.0,159.79,24221,2021-06-30 12:20:00,NTLA
159.61,162.49,159.55,162.04,18689,2021-06-30 12:25:00,NTLA
162.4,163.0,160.0,160.0,25426,2021-06-30 12:30:00,NTLA
159.37,160.0,159.07,159.51,10558,2021-06-30 12:35:00,NTLA
159.5,159.7,158.2,158.76,8662,2021-06-30 12:40:00,NTLA
159.0,159.93,158.6,158.85,7533,2021-06-30 12:45:00,NTLA
158.81,159.0,155.2,155.2,13051,2021-06-30 12:50:00,NTLA
156.51,157.18,155.65,156.5,5482,2021-06-30 12:55:00,NTLA
156.68,156.75,153.5001,153.5001,21755,2021-06-30 13:00:00,NTLA
153.61,154.0,152.6,152.91,15774,2021-06-30 13:05:00,NTLA
153.0,153.59,153.0,153.32,5025,2021-06-30 13:10:00,NTLA
153.32,156.5,153.32,155.49,7733,2021-06-30 13:15:00,NTLA
155.21,156.51,155.19,156.49,14391,2021-06-30 13:20:00,NTLA
155.66,155.66,154.57,154.68,21358,2021-06-30 13:25:00,NTLA
154.85,157.24,150.51,152.0,477337,2021-06-30 13:30:00,NTLA
152.12,156.9699,151.2601,156.16,321648,2021-06-30 13:35:00,NTLA
155.89,156.873,152.15,154.4189,251796,2021-06-30 13:40:00,NTLA
154.1602,155.9799,152.0,153.6001,366118,2021-06-30 13:45:00,NTLA
153.795,158.75,153.16,158.1701,262925,2021-06-30 13:50:00,NTLA
158.67,160.2499,157.41,159.3145,299345,2021-06-30 13:55:00,NTLA
159.685,165.4199,158.4201,164.13,361028,2021-06-30 14:00:00,NTLA
164.23,164.96,159.49,159.5501,268072,2021-06-30 14:05:00,NTLA
159.55,161.38,158.0101,160.2021,257408,2021-06-30 14:10:00,NTLA
160.3971,162.9899,159.06,162.3999,223996,2021-06-30 14:15:00,NTLA
161.9999,171.0,161.5928,168.8301,406447,2021-06-30 14:20:00,NTLA
168.82,172.4399,168.17,170.8,350160,2021-06-30 14:25:00,NTLA
170.9365,175.9399,170.6147,174.8099,511203,2021-06-30 14:30:00,NTLA
174.47,176.6799,172.5,176.29,332486,2021-06-30 14:35:00,NTLA
176.065,176.065,172.52,175.5865,275058,2021-06-30 14:40:00,NTLA
175.89,177.8,175.66,177.4499,409120,2021-06-30 14:45:00,NTLA
177.36,179.4799,176.95,178.31,450449,2021-06-30 14:50:00,NTLA
178.605,187.67,178.3201,184.9,517325,2021-06-30 14:55:00,NTLA
184.4154,188.9,182.0106,182.32,587466,2021-06-30 15:00:00,NTLA
182.856,191.18,181.3416,190.425,489440,2021-06-30 15:05:00,NTLA
190.23,194.8099,189.0,194.38,479384,2021-06-30 15:10:00,NTLA
194.22,198.9,193.5,198.4899,511044,2021-06-30 15:15:00,NTLA
198.2328,202.73,196.21,197.7201,611404,2021-06-30 15:20:00,NTLA
198.5,200.1999,195.5501,197.6401,413248,2021-06-30 15:25:00,NTLA
197.64,199.04,195.0101,195.505,375429,2021-06-30 15:30:00,NTLA
195.45,198.7,193.225,198.24,287640,2021-06-30 15:35:00,NTLA
198.07,198.5,190.14,190.17,335151,2021-06-30 15:40:00,NTLA
190.51,190.87,184.26,184.37,487473,2021-06-30 15:45:00,NTLA
185.0044,187.84,183.01,185.9199,413862,2021-06-30 15:50:00,NTLA
185.7551,186.9768,183.2601,185.6901,206476,2021-06-30 15:55:00,NTLA
185.903,186.25,180.1301,180.3,318765,2021-06-30 16:00:00,NTLA
180.43,182.1,179.01,180.9,285101,2021-06-30 16:05:00,NTLA
181.3399,185.68,180.6383,184.92,254086,2021-06-30 16:10:00,NTLA
184.8514,184.91,181.66,182.81,160800,2021-06-30 16:15:00,NTLA
182.92,183.75,181.5301,181.5301,95269,2021-06-30 16:20:00,NTLA
181.835,185.4,180.34,184.68,122249,2021-06-30 16:25:00,NTLA
184.87,187.8199,183.04,187.23,266124,2021-06-30 16:30:00,NTLA
187.23,188.65,185.4,186.1801,137759,2021-06-30 16:35:00,NTLA
185.8277,189.5,185.11,188.8701,123262,2021-06-30 16:40:00,NTLA
189.0,189.1039,186.6301,188.16,99459,2021-06-30 16:45:00,NTLA
188.015,189.99,187.4748,188.25,119753,2021-06-30 16:50:00,NTLA
188.4399,189.3099,185.5401,185.59,120614,2021-06-30 16:55:00,NTLA
185.7365,186.6299,183.5,184.4899,115444,2021-06-30 17:00:00,NTLA
184.5575,186.7799,184.2,186.568,95935,2021-06-30 17:05:00,NTLA
186.54,187.59,186.3801,187.1,80591,2021-06-30 17:10:00,NTLA
187.35,191.93,187.35,188.86,216866,2021-06-30 17:15:00,NTLA
188.8259,189.5999,186.0,186.0428,142255,2021-06-30 17:20:00,NTLA
186.1678,187.5399,185.0,185.3807,113710,2021-06-30 17:25:00,NTLA
185.49,186.4399,180.7001,181.23,144087,2021-06-30 17:30:00,NTLA
180.7,181.53,176.02,176.675,227208,2021-06-30 17:35:00,NTLA
176.65,178.89,175.28,178.01,149505,2021-06-30 17:40:00,NTLA
177.71,178.0899,174.016,174.6001,156867,2021-06-30 17:45:00,NTLA
174.61,177.29,174.2,174.56,184348,2021-06-30 17:50:00,NTLA
174.63,174.63,171.01,173.445,169340,2021-06-30 17:55:00,NTLA
173.53,173.7384,172.01,173.05,113784,2021-06-30 18:00:00,NTLA
173.48,177.4599,173.2001,174.8199,134831,2021-06-30 18:05:00,NTLA
174.1026,175.9699,173.64,174.03,75163,2021-06-30 18:10:00,NTLA
174.245,176.8399,174.245,175.8198,91673,2021-06-30 18:15:00,NTLA
175.855,175.855,167.36,167.63,218023,2021-06-30 18:20:00,NTLA
167.86,168.88,166.3,167.291,142103,2021-06-30 18:25:00,NTLA
167.31,169.4499,167.2501,167.8999,100406,2021-06-30 18:30:00,NTLA
167.9,169.4799,166.89,168.98,110246,2021-06-30 18:35:00,NTLA
169.0,170.99,164.2556,165.2399,184488,2021-06-30 18:40:00,NTLA
164.2201,165.9752,162.5101,164.14,150916,2021-06-30 18:45:00,NTLA
164.7411,164.89,163.5,163.503,103989,2021-06-30 18:50:00,NTLA
163.593,165.849,163.593,164.42,111989,2021-06-30 18:55:00,NTLA
164.42,167.35,164.01,166.695,132466,2021-06-30 19:00:00,NTLA
166.64,168.5799,166.0,167.5,103518,2021-06-30 19:05:00,NTLA
167.51,168.91,166.39,166.58,76203,2021-06-30 19:10:00,NTLA
166.3601,166.94,161.69,162.64,121087,2021-06-30 19:15:00,NTLA
162.69,164.13,161.3001,163.5781,116363,2021-06-30 19:20:00,NTLA
163.8599,164.31,159.9301,160.9299,126654,2021-06-30 19:25:00,NTLA
160.24,161.99,159.0501,161.0999,129955,2021-06-30 19:30:00,NTLA
161.09,162.09,159.3201,161.23,111034,2021-06-30 19:35:00,NTLA
161.32,162.4999,159.64,160.7201,124620,2021-06-30 19:40:00,NTLA
160.91,163.3899,159.4,162.7001,175064,2021-06-30 19:45:00,NTLA
162.7001,163.9999,161.58,163.52,173103,2021-06-30 19:50:00,NTLA
163.65,163.9399,161.56,161.8199,361986,2021-06-30 19:55:00,NTLA
161.91,162.11,160.41,160.8,277305,2021-06-30 20:00:00,NTLA
160.8,162.79,160.75,162.5615,7431,2021-06-30 20:05:00,NTLA
162.26,162.98,162.0,162.0,2883,2021-06-30 20:10:00,NTLA
161.02,162.291,161.02,162.291,700,2021-06-30 20:15:00,NTLA
162.0,162.12,162.0,162.0,1570,2021-06-30 20:20:00,NTLA
162.0,162.25,161.97,162.25,2060,2021-06-30 20:25:00,NTLA
163.45,163.45,162.16,162.16,632,2021-06-30 20:30:00,NTLA
162.0,162.0,161.91,162.0,5344,2021-06-30 20:35:00,NTLA
162.55,162.55,162.55,162.55,400,2021-06-30 20:40:00,NTLA
162.55,162.55,162.55,162.55,422,2021-06-30 20:45:00,NTLA
162.0,162.0,162.0,162.0,237,2021-06-30 20:50:00,NTLA
163.0,163.0,162.0,162.0,967,2021-06-30 20:55:00,NTLA
162.0,162.0,162.0,162.0,1168,2021-06-30 21:00:00,NTLA
161.28,161.28,161.0,161.0,350,2021-06-30 21:05:00,NTLA
162.48,162.99,162.48,162.99,228,2021-06-30 21:10:00,NTLA
161.06,161.06,161.01,161.01,400,2021-06-30 21:15:00,NTLA
160.63,161.0,160.63,161.0,1600,2021-06-30 21:20:00,NTLA
162.94,162.94,162.94,162.94,100,2021-06-30 21:25:00,NTLA
162.92,162.92,162.92,162.92,227,2021-06-30 21:35:00,NTLA
162.41,162.92,162.41,162.92,200,2021-06-30 21:55:00,NTLA
163.0,163.0,163.0,163.0,400,2021-06-30 22:05:00,NTLA
163.44,164.0,163.44,164.0,1950,2021-06-30 22:10:00,NTLA
163.9999,164.67,163.9999,164.67,1193,2021-06-30 22:15:00,NTLA
164.65,166.96,164.65,166.96,1840,2021-06-30 22:20:00,NTLA
166.98,167.09,166.0,166.0,2938,2021-06-30 22:25:00,NTLA
165.9399,167.1,165.5,167.1,2734,2021-06-30 22:30:00,NTLA
167.35,167.35,167.01,167.01,695,2021-06-30 22:35:00,NTLA
166.8,166.8,166.0,166.0,1301,2021-06-30 22:40:00,NTLA
166.0,166.59,166.0,166.59,537,2021-06-30 22:45:00,NTLA
165.2,165.9,165.2,165.9,400,2021-06-30 22:50:00,NTLA
166.0,166.0,166.0,166.0,200,2021-06-30 23:00:00,NTLA
164.67,165.1,164.67,165.1,649,2021-06-30 23:05:00,NTLA
165.1,165.1,165.1,165.1,600,2021-06-30 23:10:00,NTLA
165.1,165.1,164.67,165.08,500,2021-06-30 23:15:00,NTLA
165.08,165.08,164.67,164.67,3700,2021-06-30 23:20:00,NTLA
165.02,166.0,165.02,166.0,220,2021-06-30 23:30:00,NTLA
164.5,164.5,164.5,164.5,161,2021-06-30 23:35:00,NTLA
164.5001,164.5001,164.0,164.0,3200,2021-06-30 23:40:00,NTLA
163.9999,163.9999,163.9999,163.9999,450,2021-06-30 23:45:00,NTLA
163.12,164.12,163.12,164.12,2891,2021-06-30 23:50:00,NTLA
164.0,164.0,162.5,163.0,1865,2021-06-30 23:55:00,NTLA
166.5,166.5,166.0,166.0,200,2021-07-01 08:25:00,NTLA
168.98,169.0,168.98,169.0,700,2021-07-01 10:35:00,NTLA
168.69,169.0,168.69,169.0,200,2021-07-01 11:00:00,NTLA
169.0,169.0,168.5,168.5,464,2021-07-01 11:05:00,NTLA
168.3,168.3,168.0,168.0,1010,2021-07-01 11:10:00,NTLA
167.0,167.69,167.0,167.69,300,2021-07-01 11:15:00,NTLA
168.3,171.1,168.3,170.56,3188,2021-07-01 11:20:00,NTLA
169.95,169.95,167.99,168.0,1365,2021-07-01 11:25:00,NTLA
167.69,167.69,167.69,167.69,294,2021-07-01 11:35:00,NTLA
167.0,167.0,166.44,166.44,729,2021-07-01 11:40:00,NTLA
167.0,167.0,167.0,167.0,100,2021-07-01 11:45:00,NTLA
168.0,168.0,165.0,165.84,9357,2021-07-01 11:55:00,NTLA
165.84,165.95,164.27,164.27,3794,2021-07-01 12:00:00,NTLA
164.0,165.0,163.52,164.5,4966,2021-07-01 12:05:00,NTLA
164.8,165.0,164.8,165.0,1085,2021-07-01 12:10:00,NTLA
164.99,165.0,164.99,165.0,600,2021-07-01 12:15:00,NTLA
165.0,165.0,165.0,165.0,328,2021-07-01 12:20:00,NTLA
166.0,166.0,165.0,165.5,4345,2021-07-01 12:25:00,NTLA
165.94,165.94,165.94,165.94,100,2021-07-01 12:30:00,NTLA
165.6,165.6,163.9999,164.0,7690,2021-07-01 12:35:00,NTLA
163.8,163.8,163.11,163.11,652,2021-07-01 12:40:00,NTLA
164.0,164.0,164.0,164.0,100,2021-07-01 12:45:00,NTLA
164.0,164.0,163.9,163.9,705,2021-07-01 12:50:00,NTLA
163.9999,164.0,163.9999,164.0,900,2021-07-01 12:55:00,NTLA
164.55,164.55,164.55,164.55,633,2021-07-01 13:00:00,NTLA
164.32,164.32,164.32,164.32,100,2021-07-01 13:05:00,NTLA
164.0,164.0,163.53,164.0,625,2021-07-01 13:10:00,NTLA
164.0,164.0,163.16,163.16,328,2021-07-01 13:15:00,NTLA
163.16,163.16,163.15,163.15,785,2021-07-01 13:20:00,NTLA
163.15,163.15,161.86,161.86,3614,2021-07-01 13:25:00,NTLA
162.16,172.79,161.59,168.939,350835,2021-07-01 13:30:00,NTLA
168.42,170.98,167.12,170.2786,151331,2021-07-01 13:35:00,NTLA
170.63,173.9799,168.0,168.5,205752,2021-07-01 13:40:00,NTLA
168.5,169.23,163.51,164.6537,134093,2021-07-01 13:45:00,NTLA
164.33,164.56,156.42,158.05,255724,2021-07-01 13:50:00,NTLA
158.345,160.63,157.9051,158.3111,183977,2021-07-01 13:55:00,NTLA
158.23,161.01,156.4,160.7132,150796,2021-07-01 14:00:00,NTLA
160.7,161.55,159.0,161.17,111642,2021-07-01 14:05:00,NTLA
161.4799,164.0,160.95,162.975,124484,2021-07-01 14:10:00,NTLA
163.25,163.8474,158.9,159.1,111638,2021-07-01 14:15:00,NTLA
159.1708,160.5999,157.31,160.0,103291,2021-07-01 14:20:00,NTLA
159.93,160.8999,158.01,158.86,110711,2021-07-01 14:25:00,NTLA
159.2475,159.6499,157.32,159.1642,104521,2021-07-01 14:30:00,NTLA
159.2102,160.3,157.6601,158.4301,66563,2021-07-01 14:35:00,NTLA
158.54,158.7822,156.0201,156.39,82669,2021-07-01 14:40:00,NTLA
156.39,156.7499,155.0,155.12,126615,2021-07-01 14:45:00,NTLA
155.52,159.4699,155.28,158.37,119282,2021-07-01 14:50:00,NTLA
158.31,158.5,156.637,156.637,48358,2021-07-01 14:55:00,NTLA
156.815,157.82,156.35,157.0101,38766,2021-07-01 15:00:00,NTLA
157.2,157.62,156.1,156.55,44630,2021-07-01 15:05:00,NTLA
156.4372,156.6297,155.0,155.19,67898,2021-07-01 15:10:00,NTLA
155.327,156.25,154.24,156.2,61986,2021-07-01 15:15:00,NTLA
156.31,156.7099,155.31,156.4999,32507,2021-07-01 15:20:00,NTLA
156.535,158.7,156.33,158.43,67207,2021-07-01 15:25:00,NTLA
158.3801,158.78,157.97,158.325,67296,2021-07-01 15:30:00,NTLA
158.35,158.5,157.1601,157.4575,35943,2021-07-01 15:35:00,NTLA
157.5601,158.85,157.38,158.65,51604,2021-07-01 15:40:00,NTLA
158.5,161.6957,158.2466,161.5243,118095,2021-07-01 15:45:00,NTLA
161.43,165.0,161.36,164.36,124148,2021-07-01 15:50:00,NTLA
164.43,164.9999,163.01,163.45,88099,2021-07-01 15:55:00,NTLA
163.19,165.66,162.5327,163.0401,121807,2021-07-01 16:00:00,NTLA
163.385,164.06,162.31,163.04,82340,2021-07-01 16:05:00,NTLA
162.985,163.67,161.8,161.8801,50144,2021-07-01 16:10:00,NTLA
162.0995,164.2237,162.07,163.242,41837,2021-07-01 16:15:00,NTLA
163.11,164.0,162.6801,164.0,32429,2021-07-01 16:20:00,NTLA
164.06,165.22,163.695,165.1764,44206,2021-07-01 16:25:00,NTLA
165.06,166.465,163.745,166.035,62114,2021-07-01 16:30:00,NTLA
165.93,166.7299,164.3001,164.577,75671,2021-07-01 16:35:00,NTLA
164.585,165.07,163.75,164.8845,29697,2021-07-01 16:40:00,NTLA
164.7943,165.77,164.75,165.68,29462,2021-07-01 16:45:00,NTLA
165.4146,166.6299,165.15,166.03,45042,2021-07-01 16:50:00,NTLA
166.19,166.4299,164.1201,164.57,30992,2021-07-01 16:55:00,NTLA
164.53,165.696,164.36,165.18,26931,2021-07-01 17:00:00,NTLA
165.03,165.4699,164.6901,165.07,11913,2021-07-01 17:05:00,NTLA
165.075,165.5105,163.57,164.62,41754,2021-07-01 17:10:00,NTLA
164.62,164.8072,163.7401,164.8072,18533,2021-07-01 17:15:00,NTLA
164.8299,166.1837,164.42,166.0457,24070,2021-07-01 17:20:00,NTLA
166.15,166.15,164.8,165.17,22160,2021-07-01 17:25:00,NTLA
165.185,167.47,165.02,167.115,46669,2021-07-01 17:30:00,NTLA
166.9337,167.556,165.8801,166.395,91502,2021-07-01 17:35:00,NTLA
166.42,166.84,165.3,165.3849,31355,2021-07-01 17:40:00,NTLA
165.3,165.85,164.5201,164.6,24282,2021-07-01 17:45:00,NTLA
164.76,165.47,164.44,164.61,31392,2021-07-01 17:50:00,NTLA
164.75,165.4999,164.35,165.305,23468,2021-07-01 17:55:00,NTLA
165.34,166.029,165.06,165.3,30084,2021-07-01 18:00:00,NTLA
165.5,165.6799,164.84,165.31,69186,2021-07-01 18:05:00,NTLA
165.02,166.44,164.96,166.15,79754,2021-07-01 18:10:00,NTLA
166.27,167.2,166.115,166.33,30595,2021-07-01 18:15:00,NTLA
166.4011,167.57,166.25,167.22,32360,2021-07-01 18:20:00,NTLA
167.39,173.24,167.31,172.65,198349,2021-07-01 18:25:00,NTLA
172.6545,175.6475,172.27,172.27,229665,2021-07-01 18:30:00,NTLA
172.32,173.3095,171.3068,171.5201,74337,2021-07-01 18:35:00,NTLA
171.685,172.989,171.52,172.43,57967,2021-07-01 18:40:00,NTLA
172.495,175.3299,172.15,174.725,100633,2021-07-01 18:45:00,NTLA
174.725,175.8875,174.02,174.83,82748,2021-07-01 18:50:00,NTLA
174.9371,175.38,172.52,172.7096,76217,2021-07-01 18:55:00,NTLA
172.93,174.41,169.0,169.24,122188,2021-07-01 19:00:00,NTLA
169.11,170.59,168.6501,170.21,89263,2021-07-01 19:05:00,NTLA
170.21,170.4099,168.9585,169.725,54536,2021-07-01 19:10:00,NTLA
169.72,170.036,168.8156,169.4144,56277,2021-07-01 19:15:00,NTLA
169.76,171.2499,169.38,171.0875,75834,2021-07-01 19:20:00,NTLA
170.8212,171.1999,169.55,169.89,57345,2021-07-01 19:25:00,NTLA
169.74,171.833,169.6801,171.16,59033,2021-07-01 19:30:00,NTLA
171.1854,172.0,170.26,170.8599,123780,2021-07-01 19:35:00,NTLA
170.68,170.86,168.85,169.3826,95829,2021-07-01 19:40:00,NTLA
169.4,170.0,168.93,169.9,69341,2021-07-01 19:45:00,NTLA
169.9,170.6,169.52,170.22,71063,2021-07-01 19:50:00,NTLA
170.12,171.78,170.08,171.78,193606,2021-07-01 19:55:00,NTLA
171.65,172.0,170.34,171.6499,217423,2021-07-01 20:00:00,NTLA
171.65,171.65,171.03,171.05,510,2021-07-01 20:05:00,NTLA
170.8,170.8,170.8,170.8,400,2021-07-01 20:10:00,NTLA
170.9,170.9,170.9,170.9,100,2021-07-01 20:15:00,NTLA
170.75,170.75,170.62,170.62,907,2021-07-01 20:30:00,NTLA
170.6,170.6,170.6,170.6,197,2021-07-01 20:35:00,NTLA
171.0,171.0,171.0,171.0,807,2021-07-01 20:50:00,NTLA
170.71,171.0,170.65,171.0,2598,2021-07-01 20:55:00,NTLA
171.2,171.2,171.2,171.2,100,2021-07-01 21:05:00,NTLA
171.65,171.65,170.55,170.55,2588,2021-07-01 21:10:00,NTLA
171.0,171.0,171.0,171.0,300,2021-07-01 21:20:00,NTLA
171.0,171.0,170.98,170.98,471,2021-07-01 21:25:00,NTLA
170.98,170.98,170.98,170.98,200,2021-07-01 21:30:00,NTLA
171.0422,171.0422,171.03,171.03,200,2021-07-01 21:45:00,NTLA
171.65,171.65,171.5204,171.5204,235,2021-07-01 21:50:00,NTLA
171.65,171.65,171.5,171.5,283,2021-07-01 21:55:00,NTLA
171.5,171.65,171.5,171.65,227,2021-07-01 22:00:00,NTLA
171.65,171.65,171.65,171.65,207,2021-07-01 22:05:00,NTLA
172.0,172.0,172.0,172.0,200,2021-07-01 22:15:00,NTLA
172.0,172.5,172.0,172.5,645,2021-07-01 22:20:00,NTLA
172.5,172.5,172.1,172.1,800,2021-07-01 22:25:00,NTLA
172.12,172.12,172.12,172.12,100,2021-07-01 22:30:00,NTLA
171.76,172.0,171.76,172.0,200,2021-07-01 22:45:00,NTLA
171.66,171.66,171.66,171.66,100,2021-07-01 22:50:00,NTLA
171.11,171.11,171.11,171.11,100,2021-07-01 22:55:00,NTLA
171.13,171.13,171.01,171.01,200,2021-07-01 23:20:00,NTLA
171.5,171.5,171.5,171.5,100,2021-07-01 23:35:00,NTLA
171.94,171.94,171.94,171.94,100,2021-07-01 23:45:00,NTLA
172.25,172.75,172.25,172.75,1202,2021-07-01 23:55:00,NTLA
172.0,172.0,172.0,172.0,100,2021-07-02 08:20:00,NTLA
166.01,166.01,166.01,166.01,100,2021-07-02 09:40:00,NTLA
170.0,171.7,170.0,171.7,878,2021-07-02 11:00:00,NTLA
171.7,171.7,171.7,171.7,475,2021-07-02 11:05:00,NTLA
172.5,173.84,172.5,173.84,580,2021-07-02 11:10:00,NTLA
173.5,173.5,173.5,173.5,300,2021-07-02 11:15:00,NTLA
172.25,173.54,172.25,172.25,809,2021-07-02 11:20:00,NTLA
173.0,173.0,172.6,172.61,1179,2021-07-02 11:40:00,NTLA
172.75,172.75,171.5631,171.5631,1215,2021-07-02 12:00:00,NTLA
171.64,172.0,171.64,172.0,200,2021-07-02 12:05:00,NTLA
171.68,171.68,171.68,171.68,166,2021-07-02 12:10:00,NTLA
171.63,171.63,171.63,171.63,100,2021-07-02 12:20:00,NTLA
171.45,171.45,171.45,171.45,932,2021-07-02 12:25:00,NTLA
170.0,170.0,170.0,170.0,237,2021-07-02 12:30:00,NTLA
169.989,170.02,169.76,170.02,446,2021-07-02 12:35:00,NTLA
170.25,170.25,170.25,170.25,105,2021-07-02 12:40:00,NTLA
170.5,171.0,170.5,171.0,860,2021-07-02 12:45:00,NTLA
171.25,171.25,171.0,171.0,450,2021-07-02 12:50:00,NTLA
171.2,171.2,171.2,171.2,500,2021-07-02 12:55:00,NTLA
170.4,172.0,170.4,172.0,895,2021-07-02 13:05:00,NTLA
172.0,172.0,171.9999,171.9999,990,2021-07-02 13:10:00,NTLA
171.13,171.13,170.1,170.1,1036,2021-07-02 13:25:00,NTLA
170.47,171.01,165.125,166.206,182357,2021-07-02 13:30:00,NTLA
166.12,171.0,163.95,170.382,107763,2021-07-02 13:35:00,NTLA
170.49,174.0,170.0,170.0001,125319,2021-07-02 13:40:00,NTLA
170.0001,171.63,169.09,171.195,110172,2021-07-02 13:45:00,NTLA
171.215,172.87,170.0,170.72,60271,2021-07-02 13:50:00,NTLA
170.34,170.99,169.07,169.64,41986,2021-07-02 13:55:00,NTLA
169.9071,169.9071,165.61,167.075,61850,2021-07-02 14:00:00,NTLA
167.08,169.91,166.66,167.93,45147,2021-07-02 14:05:00,NTLA
168.18,169.69,167.92,169.0815,11784,2021-07-02 14:10:00,NTLA
169.54,170.5,168.8201,169.48,31287,2021-07-02 14:15:00,NTLA
169.475,169.71,168.45,169.71,22226,2021-07-02 14:20:00,NTLA
169.9899,170.36,167.62,168.08,21034,2021-07-02 14:25:00,NTLA
168.08,168.23,165.79,166.925,67884,2021-07-02 14:30:00,NTLA
166.925,167.0,164.64,166.165,47471,2021-07-02 14:35:00,NTLA
165.8,166.3755,165.1,165.33,30716,2021-07-02 14:40:00,NTLA
165.54,166.7399,165.38,165.995,24004,2021-07-02 14:45:00,NTLA
165.995,166.0,163.5,163.8,58769,2021-07-02 14:50:00,NTLA
163.75,165.0,162.25,162.83,60379,2021-07-02 14:55:00,NTLA
162.78,163.72,162.4506,162.87,36962,2021-07-02 15:00:00,NTLA
162.8732,165.7899,162.51,165.19,41151,2021-07-02 15:05:00,NTLA
165.44,167.9,165.19,166.6022,35302,2021-07-02 15:10:00,NTLA
166.75,167.7,166.4,167.6,20646,2021-07-02 15:15:00,NTLA
167.455,167.86,166.91,167.66,29765,2021-07-02 15:20:00,NTLA
167.5,169.2899,167.5,168.34,33447,2021-07-02 15:25:00,NTLA
168.435,168.95,167.34,168.18,20775,2021-07-02 15:30:00,NTLA
168.54,169.33,168.01,168.94,20114,2021-07-02 15:35:00,NTLA
168.965,169.48,168.16,168.16,8650,2021-07-02 15:40:00,NTLA
168.1501,168.52,168.02,168.2975,8854,2021-07-02 15:45:00,NTLA
168.7099,168.7099,167.1,167.63,18253,2021-07-02 15:50:00,NTLA
167.65,168.39,167.52,168.25,19474,2021-07-02 15:55:00,NTLA
168.29,168.4399,167.85,168.4399,9243,2021-07-02 16:00:00,NTLA
168.255,168.4176,167.26,167.38,21644,2021-07-02 16:05:00,NTLA
167.58,167.88,166.5,167.294,21583,2021-07-02 16:10:00,NTLA
167.0,167.0,166.4,166.5985,15836,2021-07-02 16:15:00,NTLA
166.61,166.93,166.31,166.31,16256,2021-07-02 16:20:00,NTLA
166.6,167.18,165.56,165.78,14151,2021-07-02 16:25:00,NTLA
165.76,166.81,165.62,166.62,8234,2021-07-02 16:30:00,NTLA
166.52,166.52,164.36,164.5,32078,2021-07-02 16:35:00,NTLA
164.7,165.21,164.43,165.21,18560,2021-07-02 16:40:00,NTLA
164.88,165.47,164.86,164.995,11397,2021-07-02 16:45:00,NTLA
165.12,165.6099,164.71,164.92,13053,2021-07-02 16:50:00,NTLA
164.92,164.92,163.77,163.945,25344,2021-07-02 16:55:00,NTLA
163.945,166.48,163.945,166.01,13417,2021-07-02 17:00:00,NTLA
166.08,166.66,165.4654,166.3301,21524,2021-07-02 17:05:00,NTLA
166.37,166.6299,165.9101,166.3,12396,2021-07-02 17:10:00,NTLA
166.285,166.84,166.07,166.8,10151,2021-07-02 17:15:00,NTLA
166.84,167.0,165.1401,166.47,11078,2021-07-02 17:20:00,NTLA
166.455,166.6699,165.265,165.53,9546,2021-07-02 17:25:00,NTLA
165.0001,166.1655,165.0001,165.835,7148,2021-07-02 17:30:00,NTLA
165.795,166.07,164.69,165.2,22546,2021-07-02 17:35:00,NTLA
165.195,165.375,164.27,164.62,12433,2021-07-02 17:40:00,NTLA
164.635,166.41,164.49,166.27,32488,2021-07-02 17:45:00,NTLA
166.44,166.6,165.55,165.72,11107,2021-07-02 17:50:00,NTLA
165.86,166.5099,165.56,165.8,7268,2021-07-02 17:55:00,NTLA
166.29,166.41,165.6,165.6,3169,2021-07-02 18:00:00,NTLA
165.95,166.0,165.02,165.58,13121,2021-07-02 18:05:00,NTLA
165.78,166.295,165.74,166.01,10817,2021-07-02 18:10:00,NTLA
166.2,166.6599,166.145,166.21,8320,2021-07-02 18:15:00,NTLA
166.22,166.3699,165.4,165.63,9098,2021-07-02 18:20:00,NTLA
165.7599,166.0,165.3501,165.63,4799,2021-07-02 18:25:00,NTLA
165.82,166.22,165.59,165.735,7162,2021-07-02 18:30:00,NTLA
165.61,165.61,163.53,164.61,25563,2021-07-02 18:35:00,NTLA
164.245,164.92,164.245,164.62,9568,2021-07-02 18:40:00,NTLA
164.51,165.7499,164.4498,165.36,15629,2021-07-02 18:45:00,NTLA
165.28,165.66,164.7101,165.0,18756,2021-07-02 18:50:00,NTLA
164.92,165.2,164.7801,165.03,5108,2021-07-02 18:55:00,NTLA
165.11,165.5174,165.03,165.305,10627,2021-07-02 19:00:00,NTLA
165.44,166.03,165.4,165.58,14145,2021-07-02 19:05:00,NTLA
165.64,166.4499,165.5,166.29,26295,2021-07-02 19:10:00,NTLA
166.295,166.7115,166.12,166.6199,10218,2021-07-02 19:15:00,NTLA
166.6005,166.7189,164.81,165.325,17131,2021-07-02 19:20:00,NTLA
165.49,165.83,165.24,165.7,7471,2021-07-02 19:25:00,NTLA
165.92,166.4399,165.73,166.33,10083,2021-07-02 19:30:00,NTLA
166.3,166.3756,165.7426,166.22,6286,2021-07-02 19:35:00,NTLA
166.205,166.7005,165.13,165.86,29462,2021-07-02 19:40:00,NTLA
165.725,165.73,164.7,165.2,27275,2021-07-02 19:45:00,NTLA
165.12,165.65,164.3147,165.058,34870,2021-07-02 19:50:00,NTLA
165.16,165.45,163.58,163.72,118544,2021-07-02 19:55:00,NTLA
163.71,163.71,163.71,163.71,53439,2021-07-02 20:00:00,NTLA
164.5,164.5,164.5,164.5,150,2021-07-02 20:05:00,NTLA
164.0,164.0,164.0,164.0,500,2021-07-02 20:10:00,NTLA
165.0,165.0,164.99,164.99,200,2021-07-02 20:20:00,NTLA
164.549,164.549,164.5,164.5,800,2021-07-02 20:25:00,NTLA
164.25,164.25,164.25,164.25,230,2021-07-02 20:30:00,NTLA
164.9728,165.2,163.71,165.2,3217,2021-07-02 21:05:00,NTLA
165.17,165.2,165.17,165.2,500,2021-07-02 21:25:00,NTLA
164.31,164.31,164.31,164.31,100,2021-07-02 21:40:00,NTLA
164.31,164.31,164.31,164.31,100,2021-07-02 21:45:00,NTLA
165.2,165.2,165.2,165.2,300,2021-07-02 21:50:00,NTLA
165.14,165.18,165.14,165.18,400,2021-07-02 23:10:00,NTLA
165.2,165.2,165.2,165.2,300,2021-07-02 23:30:00,NTLA
164.55,164.55,164.55,164.55,100,2021-07-02 23:45:00,NTLA
165.27,165.27,165.0,165.0,310,2021-07-06 11:00:00,NTLA
162.99,162.99,162.99,162.99,193,2021-07-06 11:15:00,NTLA
163.0,163.0,163.0,163.0,450,2021-07-06 11:20:00,NTLA
162.13,162.13,160.72,161.0,2029,2021-07-06 11:25:00,NTLA
160.5,160.76,160.5,160.76,1213,2021-07-06 11:30:00,NTLA
160.12,160.12,160.0,160.0,500,2021-07-06 11:45:00,NTLA
157.45,157.45,156.13,156.13,1049,2021-07-06 11:55:00,NTLA
156.21,157.5,156.06,157.5,605,2021-07-06 12:00:00,NTLA
157.5,158.0,157.5,158.0,870,2021-07-06 12:05:00,NTLA
158.5,158.5,158.0,158.0,527,2021-07-06 12:10:00,NTLA
158.45,158.45,158.45,158.45,259,2021-07-06 12:20:00,NTLA
159.5,159.5,159.5,159.5,990,2021-07-06 12:35:00,NTLA
159.0001,159.0001,159.0,159.0,400,2021-07-06 12:45:00,NTLA
159.5,159.9937,159.0,159.0,1600,2021-07-06 12:55:00,NTLA
159.0,159.0,158.5502,158.5502,702,2021-07-06 13:00:00,NTLA
158.5538,158.5538,158.5538,158.5538,630,2021-07-06 13:05:00,NTLA
159.1,159.1,159.1,159.1,123,2021-07-06 13:20:00,NTLA
158.55,160.0,158.5,158.5,610,2021-07-06 13:25:00,NTLA
159.99,160.7799,157.89,157.9846,101000,2021-07-06 13:30:00,NTLA
158.21,160.45,157.55,159.895,48589,2021-07-06 13:35:00,NTLA
160.2,160.4614,155.45,155.64,61857,2021-07-06 13:40:00,NTLA
155.64,157.5,155.0001,156.13,42975,2021-07-06 13:45:00,NTLA
155.73,156.1,154.0,155.85,66307,2021-07-06 13:50:00,NTLA
155.445,156.39,154.4201,155.44,26224,2021-07-06 13:55:00,NTLA
155.52,156.6,154.82,155.27,22856,2021-07-06 14:00:00,NTLA
155.13,156.0,154.6476,155.17,27611,2021-07-06 14:05:00,NTLA
155.26,156.6299,155.0,156.5,23779,2021-07-06 14:10:00,NTLA
156.59,157.33,156.0,156.3427,22158,2021-07-06 14:15:00,NTLA
156.3803,156.7799,155.5501,155.785,10868,2021-07-06 14:20:00,NTLA
155.91,156.5599,154.8243,155.44,18754,2021-07-06 14:25:00,NTLA
155.565,156.0199,154.83,155.01,25692,2021-07-06 14:30:00,NTLA
155.1408,156.68,154.864,155.5,23721,2021-07-06 14:35:00,NTLA
155.765,156.9,155.38,155.95,28857,2021-07-06 14:40:00,NTLA
155.76,156.77,155.58,155.645,52691,2021-07-06 14:45:00,NTLA
155.3901,156.23,155.25,155.7586,16435,2021-07-06 14:50:00,NTLA
155.5,155.91,155.0,155.5,13974,2021-07-06 14:55:00,NTLA
155.405,155.79,154.8001,155.77,8954,2021-07-06 15:00:00,NTLA
155.83,156.64,155.675,155.975,19378,2021-07-06 15:05:00,NTLA
156.02,156.725,155.8701,156.01,11385,2021-07-06 15:10:00,NTLA
156.11,156.37,155.93,155.95,6624,2021-07-06 15:15:00,NTLA
156.0,156.88,155.4888,156.06,12474,2021-07-06 15:20:00,NTLA
156.0,156.01,155.0,155.46,14588,2021-07-06 15:25:00,NTLA
155.1489,156.03,155.0702,156.03,7638,2021-07-06 15:30:00,NTLA
155.91,156.15,155.24,155.24,8371,2021-07-06 15:35:00,NTLA
155.21,155.98,155.12,155.48,9015,2021-07-06 15:40:00,NTLA
155.73,155.73,154.5,154.705,20996,2021-07-06 15:45:00,NTLA
154.75,155.13,154.5,154.6,22803,2021-07-06 15:50:00,NTLA
154.6,155.5734,154.56,155.5734,8045,2021-07-06 15:55:00,NTLA
155.4802,155.84,154.63,154.95,14123,2021-07-06 16:00:00,NTLA
154.94,155.43,154.6,154.89,16863,2021-07-06 16:05:00,NTLA
154.79,156.1696,154.695,156.0,19220,2021-07-06 16:10:00,NTLA
156.04,156.18,155.4,155.67,15960,2021-07-06 16:15:00,NTLA
155.53,156.8199,155.42,156.69,15195,2021-07-06 16:20:00,NTLA
156.8405,156.8405,156.06,156.16,9986,2021-07-06 16:25:00,NTLA
156.32,156.355,155.85,156.04,12692,2021-07-06 16:30:00,NTLA
156.21,156.43,155.78,155.86,15862,2021-07-06 16:35:00,NTLA
155.81,156.2,155.75,155.89,7356,2021-07-06 16:40:00,NTLA
155.82,156.43,155.35,156.17,8615,2021-07-06 16:45:00,NTLA
156.2975,156.31,155.96,156.005,4201,2021-07-06 16:50:00,NTLA
155.8701,156.1,155.58,156.1,4902,2021-07-06 16:55:00,NTLA
155.96,156.1245,155.23,155.42,7351,2021-07-06 17:00:00,NTLA
155.3701,155.7592,155.3701,155.57,4726,2021-07-06 17:05:00,NTLA
155.49,155.49,155.0,155.19,5734,2021-07-06 17:10:00,NTLA
155.04,155.7299,155.0,155.7299,5897,2021-07-06 17:15:00,NTLA
155.522,155.58,153.64,153.89,22979,2021-07-06 17:20:00,NTLA
153.99,154.245,151.7801,152.44,122197,2021-07-06 17:25:00,NTLA
152.31,152.62,151.75,152.35,56228,2021-07-06 17:30:00,NTLA
152.3,152.53,151.4,152.0,59266,2021-07-06 17:35:00,NTLA
152.07,152.07,150.03,150.39,90137,2021-07-06 17:40:00,NTLA
150.5399,150.71,148.58,148.735,129120,2021-07-06 17:45:00,NTLA
148.71,149.097,147.715,148.32,118354,2021-07-06 17:50:00,NTLA
148.7099,148.71,147.2801,147.9139,41527,2021-07-06 17:55:00,NTLA
147.66,148.0,147.01,147.24,44026,2021-07-06 18:00:00,NTLA
147.05,147.89,147.01,147.145,33647,2021-07-06 18:05:00,NTLA
147.145,147.4789,147.01,147.2,27924,2021-07-06 18:10:00,NTLA
147.04,149.3299,147.01,147.95,42682,2021-07-06 18:15:00,NTLA
147.97,148.66,147.25,147.9499,32616,2021-07-06 18:20:00,NTLA
147.96,147.96,146.18,147.62,44054,2021-07-06 18:25:00,NTLA
147.36,147.9299,147.2501,147.48,18212,2021-07-06 18:30:00,NTLA
147.48,148.34,147.15,147.7,30885,2021-07-06 18:35:00,NTLA
147.605,149.17,147.605,148.27,43256,2021-07-06 18:40:00,NTLA
148.74,148.74,147.0201,147.92,26151,2021-07-06 18:45:00,NTLA
148.0,148.0,147.0801,147.36,21440,2021-07-06 18:50:00,NTLA
147.375,148.0483,147.26,147.335,20116,2021-07-06 18:55:00,NTLA
147.4105,148.2799,147.2401,148.2799,18019,2021-07-06 19:00:00,NTLA
147.97,148.98,147.92,148.98,23139,2021-07-06 19:05:00,NTLA
148.9799,149.79,148.75,149.26,43089,2021-07-06 19:10:00,NTLA
149.1608,149.9699,149.0,149.21,33527,2021-07-06 19:15:00,NTLA
149.263,149.4699,148.83,149.1925,19005,2021-07-06 19:20:00,NTLA
149.315,149.71,149.22,149.6,23148,2021-07-06 19:25:00,NTLA
149.68,150.759,149.56,150.742,35684,2021-07-06 19:30:00,NTLA
150.53,151.35,150.52,150.99,37263,2021-07-06 19:35:00,NTLA
150.831,151.4985,150.51,151.3,23527,2021-07-06 19:40:00,NTLA
151.275,151.34,150.31,150.515,39297,2021-07-06 19:45:00,NTLA
150.58,150.7594,150.13,150.225,39480,2021-07-06 19:50:00,NTLA
150.18,150.8,149.34,149.45,124582,2021-07-06 19:55:00,NTLA
149.45,149.45,149.45,149.45,368597,2021-07-06 20:00:00,NTLA
149.3,149.3,148.99,149.0,1078,2021-07-06 20:05:00,NTLA
149.25,149.25,149.0,149.0,840,2021-07-06 20:10:00,NTLA
149.0,149.0,149.0,149.0,500,2021-07-06 20:15:00,NTLA
152.9999,152.9999,152.9999,152.9999,300,2021-07-07 12:00:00,NTLA
151.97,152.5,151.97,152.5,1300,2021-07-07 12:20:00,NTLA
152.51,153.0,152.0,152.005,2979,2021-07-07 12:40:00,NTLA
152.01,152.01,151.67,151.67,300,2021-07-07 12:45:00,NTLA
150.5,150.5,150.5,150.5,487,2021-07-07 12:50:00,NTLA
151.6,151.6,151.6,151.6,100,2021-07-07 13:05:00,NTLA
150.8,150.8,150.8,150.8,398,2021-07-07 13:15:00,NTLA
153.37,153.37,151.66,151.66,735,2021-07-07 13:25:00,NTLA
151.1,152.9899,150.0,152.9576,43916,2021-07-07 13:30:00,NTLA
152.24,153.5885,151.0601,153.5885,23390,2021-07-07 13:35:00,NTLA
153.49,156.46,153.1701,155.21,62497,2021-07-07 13:40:00,NTLA
155.29,155.82,151.43,151.93,55255,2021-07-07 13:45:00,NTLA
151.99,151.99,147.62,147.9999,90074,2021-07-07 13:50:00,NTLA
147.69,148.67,146.5,147.5,101667,2021-07-07 13:55:00,NTLA
147.28,147.28,144.158,144.375,119108,2021-07-07 14:00:00,NTLA
144.4949,145.57,144.01,144.49,75343,2021-07-07 14:05:00,NTLA
144.73,147.75,144.565,147.145,59498,2021-07-07 14:10:00,NTLA
147.0,148.3,146.1,146.7701,28551,2021-07-07 14:15:00,NTLA
146.46,146.575,144.3801,145.63,54120,2021-07-07 14:20:00,NTLA
145.6,147.2299,145.395,146.78,55885,2021-07-07 14:25:00,NTLA
146.92,147.4699,145.275,145.46,17312,2021-07-07 14:30:00,NTLA
145.33,145.99,144.39,144.51,29311,2021-07-07 14:35:00,NTLA
144.38,144.9699,143.33,143.79,128448,2021-07-07 14:40:00,NTLA
143.8,145.79,143.8,145.2,18271,2021-07-07 14:45:00,NTLA
145.04,147.455,145.0,146.74,38602,2021-07-07 14:50:00,NTLA
146.74,146.9999,145.0443,145.16,16200,2021-07-07 14:55:00,NTLA
145.185,145.8667,144.99,145.63,15113,2021-07-07 15:00:00,NTLA
145.7999,145.7999,144.0101,144.255,14020,2021-07-07 15:05:00,NTLA
144.22,145.11,143.8,144.44,40534,2021-07-07 15:10:00,NTLA
144.7812,145.01,143.03,143.03,71698,2021-07-07 15:15:00,NTLA
143.01,144.3299,142.85,144.11,35260,2021-07-07 15:20:00,NTLA
144.0,144.3999,143.14,144.0299,18896,2021-07-07 15:25:00,NTLA
143.9,144.19,143.25,143.81,22648,2021-07-07 15:30:00,NTLA
143.8,145.15,143.8,144.88,31740,2021-07-07 15:35:00,NTLA
144.77,145.99,144.61,145.87,23001,2021-07-07 15:40:00,NTLA
145.89,146.85,145.855,146.8,34294,2021-07-07 15:45:00,NTLA
146.86,147.94,146.7318,147.51,41401,2021-07-07 15:50:00,NTLA
147.2,147.38,146.7201,146.88,10401,2021-07-07 15:55:00,NTLA
146.825,147.22,146.7,146.88,9388,2021-07-07 16:00:00,NTLA
146.795,147.45,146.45,147.036,30267,2021-07-07 16:05:00,NTLA
146.95,147.45,146.66,147.2049,7706,2021-07-07 16:10:00,NTLA
147.05,147.4,146.79,146.975,6453,2021-07-07 16:15:00,NTLA
147.17,147.97,147.0,147.29,8019,2021-07-07 16:20:00,NTLA
147.2201,147.72,147.0601,147.37,17508,2021-07-07 16:25:00,NTLA
147.25,147.35,146.57,147.3307,8315,2021-07-07 16:30:00,NTLA
147.46,148.8299,147.32,148.5,22858,2021-07-07 16:35:00,NTLA
148.48,148.77,147.5001,147.9599,11295,2021-07-07 16:40:00,NTLA
147.64,147.85,146.73,146.73,11862,2021-07-07 16:45:00,NTLA
147.11,147.16,146.13,146.77,8879,2021-07-07 16:50:00,NTLA
146.6958,146.98,145.585,145.6,17556,2021-07-07 16:55:00,NTLA
145.8619,145.93,144.78,145.49,25829,2021-07-07 17:00:00,NTLA
145.7399,146.08,145.21,145.21,12174,2021-07-07 17:05:00,NTLA
145.26,145.6,144.5001,145.51,20524,2021-07-07 17:10:00,NTLA
145.5,145.93,145.5,145.84,5909,2021-07-07 17:15:00,NTLA
145.79,145.94,145.52,145.55,8218,2021-07-07 17:20:00,NTLA
145.65,145.65,145.11,145.38,10967,2021-07-07 17:25:00,NTLA
145.4975,145.67,145.0,145.64,11219,2021-07-07 17:30:00,NTLA
145.68,145.7,145.22,145.36,10358,2021-07-07 17:35:00,NTLA
145.29,145.51,145.09,145.27,10418,2021-07-07 17:40:00,NTLA
145.49,145.55,144.535,144.7,14316,2021-07-07 17:45:00,NTLA
144.785,145.33,144.51,145.27,7943,2021-07-07 17:50:00,NTLA
145.0,145.16,145.0,145.14,7466,2021-07-07 17:55:00,NTLA
145.045,145.69,144.59,145.58,11229,2021-07-07 18:00:00,NTLA
145.506,145.85,145.12,145.85,9547,2021-07-07 18:05:00,NTLA
145.732,145.74,144.56,145.38,11007,2021-07-07 18:10:00,NTLA
145.16,145.24,144.55,145.2,13270,2021-07-07 18:15:00,NTLA
144.96,145.4,144.235,145.38,9343,2021-07-07 18:20:00,NTLA
145.32,146.05,145.21,145.31,7061,2021-07-07 18:25:00,NTLA
145.45,145.46,144.77,145.36,13157,2021-07-07 18:30:00,NTLA
145.38,145.39,144.76,145.0,10259,2021-07-07 18:35:00,NTLA
145.0,145.25,144.72,145.25,12397,2021-07-07 18:40:00,NTLA
145.17,145.55,145.0,145.38,4371,2021-07-07 18:45:00,NTLA
145.35,145.47,145.17,145.25,4957,2021-07-07 18:50:00,NTLA
145.26,145.78,144.96,145.0,12102,2021-07-07 18:55:00,NTLA
145.08,145.41,144.995,145.305,7890,2021-07-07 19:00:00,NTLA
145.32,145.3688,145.0,145.24,17504,2021-07-07 19:05:00,NTLA
145.11,145.6,145.05,145.385,7115,2021-07-07 19:10:00,NTLA
145.3,145.39,144.9301,145.0,16958,2021-07-07 19:15:00,NTLA
145.0,145.46,144.87,145.24,9972,2021-07-07 19:20:00,NTLA
145.35,145.43,145.01,145.18,7423,2021-07-07 19:25:00,NTLA
145.17,145.57,144.95,145.57,15114,2021-07-07 19:30:00,NTLA
145.6,145.6,144.97,145.09,10433,2021-07-07 19:35:00,NTLA
145.09,145.24,144.98,145.1001,20862,2021-07-07 19:40:00,NTLA
145.23,145.64,145.1801,145.225,16196,2021-07-07 19:45:00,NTLA
145.3,145.37,145.0,145.04,21445,2021-07-07 19:50:00,NTLA
145.04,145.41,144.96,145.0,73796,2021-07-07 19:55:00,NTLA
145.02,145.02,145.02,145.02,60717,2021-07-07 20:00:00,NTLA
145.25,145.25,145.25,145.25,200,2021-07-07 20:35:00,NTLA
145.11,145.11,145.11,145.11,100,2021-07-07 22:15:00,NTLA
145.12,145.12,145.12,145.12,100,2021-07-07 22:40:00,NTLA
145.11,145.11,145.11,145.11,100,2021-07-07 23:55:00,NTLA
142.0,142.0,142.0,142.0,100,2021-07-08 08:10:00,NTLA
140.0,140.0,140.0,140.0,100,2021-07-08 08:50:00,NTLA
139.0,139.5,139.0,139.5,1120,2021-07-08 11:00:00,NTLA
139.5,139.5,139.5,139.5,200,2021-07-08 11:05:00,NTLA
139.6,139.6,139.6,139.6,100,2021-07-08 11:35:00,NTLA
139.0,139.0,138.55,138.55,307,2021-07-08 11:55:00,NTLA
138.75,138.75,138.75,138.75,625,2021-07-08 12:00:00,NTLA
139.0,139.5,139.0,139.5,998,2021-07-08 12:15:00,NTLA
140.0,140.0,140.0,140.0,143,2021-07-08 12:20:00,NTLA
140.0,140.0,140.0,140.0,500,2021-07-08 12:25:00,NTLA
139.51,139.51,139.51,139.51,100,2021-07-08 12:30:00,NTLA
139.15,139.15,139.15,139.15,1220,2021-07-08 12:35:00,NTLA
139.5,139.5,139.4,139.4,580,2021-07-08 12:50:00,NTLA
139.22,139.22,139.21,139.21,224,2021-07-08 13:00:00,NTLA
139.4,140.0,139.4,140.0,3972,2021-07-08 13:05:00,NTLA
139.999,139.999,139.999,139.999,3842,2021-07-08 13:10:00,NTLA
141.4,141.8,141.4,141.8,400,2021-07-08 13:20:00,NTLA
141.79,142.0,141.79,141.99,2641,2021-07-08 13:25:00,NTLA
141.51,145.3,140.18,144.79,68853,2021-07-08 13:30:00,NTLA
144.5899,145.7899,143.019,144.1974,29739,2021-07-08 13:35:00,NTLA
144.43,145.25,143.02,143.405,11865,2021-07-08 13:40:00,NTLA
143.93,143.93,141.68,142.5099,44777,2021-07-08 13:45:00,NTLA
141.936,145.8,141.8159,144.2201,29700,2021-07-08 13:50:00,NTLA
144.58,147.58,144.0,147.34,66766,2021-07-08 13:55:00,NTLA
147.065,147.6207,145.78,147.39,48959,2021-07-08 14:00:00,NTLA
147.0096,149.25,147.0096,148.83,40103,2021-07-08 14:05:00,NTLA
148.7913,150.8,147.87,149.4281,42852,2021-07-08 14:10:00,NTLA
149.39,150.189,147.02,147.02,23091,2021-07-08 14:15:00,NTLA
147.38,147.7799,146.1367,146.41,39282,2021-07-08 14:20:00,NTLA
146.41,149.1899,146.41,148.705,25764,2021-07-08 14:25:00,NTLA
148.4701,148.8642,147.2882,148.22,23803,2021-07-08 14:30:00,NTLA
148.4,149.9,147.85,149.9,24434,2021-07-08 14:35:00,NTLA
149.51,152.155,149.51,151.9,59758,2021-07-08 14:40:00,NTLA
152.2199,153.0,150.7501,150.7568,53905,2021-07-08 14:45:00,NTLA
150.7568,152.4999,150.7568,151.12,13349,2021-07-08 14:50:00,NTLA
151.03,151.21,148.07,148.523,30308,2021-07-08 14:55:00,NTLA
148.255,149.29,147.5,148.8053,15285,2021-07-08 15:00:00,NTLA
149.15,149.8648,148.44,149.01,17871,2021-07-08 15:05:00,NTLA
149.45,149.49,148.6,148.6,7178,2021-07-08 15:10:00,NTLA
148.6,148.88,148.0,148.55,7183,2021-07-08 15:15:00,NTLA
148.6835,149.2986,147.8486,148.78,9161,2021-07-08 15:20:00,NTLA
148.48,148.7399,147.98,148.67,3115,2021-07-08 15:25:00,NTLA
148.4,149.834,148.4,148.7564,6881,2021-07-08 15:30:00,NTLA
149.0718,150.49,148.8526,149.76,12419,2021-07-08 15:35:00,NTLA
149.63,150.2299,149.21,149.9403,16420,2021-07-08 15:40:00,NTLA
150.18,151.57,150.18,151.57,34122,2021-07-08 15:45:00,NTLA
151.57,153.36,151.13,153.09,75161,2021-07-08 15:50:00,NTLA
152.7001,153.85,152.14,153.08,79946,2021-07-08 15:55:00,NTLA
153.21,153.6799,152.41,152.8864,26270,2021-07-08 16:00:00,NTLA
153.09,153.49,151.47,151.995,42248,2021-07-08 16:05:00,NTLA
152.11,152.33,150.87,150.87,22374,2021-07-08 16:10:00,NTLA
151.07,151.23,150.04,150.4399,9372,2021-07-08 16:15:00,NTLA
150.225,150.67,149.69,150.1,11739,2021-07-08 16:20:00,NTLA
150.36,151.36,150.36,151.212,10139,2021-07-08 16:25:00,NTLA
151.18,151.78,150.7201,150.91,10704,2021-07-08 16:30:00,NTLA
150.5,151.5406,150.3,151.2401,6826,2021-07-08 16:35:00,NTLA
151.42,151.9299,150.7401,151.9299,8597,2021-07-08 16:40:00,NTLA
151.67,151.67,150.61,150.89,3484,2021-07-08 16:45:00,NTLA
150.96,151.22,150.635,150.81,3247,2021-07-08 16:50:00,NTLA
151.09,151.09,149.74,150.027,16132,2021-07-08 16:55:00,NTLA
149.8135,150.895,149.8135,150.8,2270,2021-07-08 17:00:00,NTLA
150.78,151.03,150.78,150.84,2383,2021-07-08 17:05:00,NTLA
150.82,151.24,150.26,150.8087,5050,2021-07-08 17:10:00,NTLA
150.2401,150.87,150.0,150.325,12081,2021-07-08 17:15:00,NTLA
150.345,151.1822,150.18,150.63,6069,2021-07-08 17:20:00,NTLA
151.14,151.3907,150.99,151.22,3547,2021-07-08 17:25:00,NTLA
151.165,151.74,151.1,151.64,6927,2021-07-08 17:30:00,NTLA
151.69,152.275,151.69,152.24,9993,2021-07-08 17:35:00,NTLA
152.2,152.32,151.38,151.7156,8753,2021-07-08 17:40:00,NTLA
151.68,151.85,151.1,151.38,7905,2021-07-08 17:45:00,NTLA
151.425,152.1199,151.24,151.78,7856,2021-07-08 17:50:00,NTLA
151.77,152.8599,151.6128,152.8599,12744,2021-07-08 17:55:00,NTLA
152.69,152.7999,151.55,152.255,16018,2021-07-08 18:00:00,NTLA
152.16,152.25,151.29,151.51,4459,2021-07-08 18:05:00,NTLA
151.2002,151.97,151.2002,151.79,9585,2021-07-08 18:10:00,NTLA
151.61,151.82,150.5,150.5,8897,2021-07-08 18:15:00,NTLA
150.5126,150.5499,149.99,150.5,10433,2021-07-08 18:20:00,NTLA
150.38,151.26,150.38,150.92,5340,2021-07-08 18:25:00,NTLA
151.21,151.36,150.81,150.81,1566,2021-07-08 18:30:00,NTLA
151.37,151.47,150.8657,151.23,4968,2021-07-08 18:35:00,NTLA
151.07,151.3199,150.8,151.16,1748,2021-07-08 18:40:00,NTLA
150.9022,151.0725,150.47,150.82,5949,2021-07-08 18:45:00,NTLA
150.7,150.7,149.95,150.19,4409,2021-07-08 18:50:00,NTLA
150.12,150.48,150.12,150.45,11574,2021-07-08 18:55:00,NTLA
150.64,151.74,150.59,151.56,20440,2021-07-08 19:00:00,NTLA
151.56,151.63,151.2148,151.59,3600,2021-07-08 19:05:00,NTLA
151.23,151.77,151.0139,151.05,7188,2021-07-08 19:10:00,NTLA
151.36,151.36,150.72,150.78,4800,2021-07-08 19:15:00,NTLA
150.78,151.265,150.78,150.92,4013,2021-07-08 19:20:00,NTLA
150.77,151.6,150.5601,151.44,5686,2021-07-08 19:25:00,NTLA
151.48,151.98,151.42,151.66,9419,2021-07-08 19:30:00,NTLA
151.66,151.79,151.4,151.61,7046,2021-07-08 19:35:00,NTLA
151.72,152.04,151.0201,151.18,28144,2021-07-08 19:40:00,NTLA
151.185,151.4,150.84,150.86,20323,2021-07-08 19:45:00,NTLA
150.535,152.39,150.3802,152.15,26739,2021-07-08 19:50:00,NTLA
152.23,153.34,152.1,152.73,93194,2021-07-08 19:55:00,NTLA
152.73,152.73,152.73,152.73,99665,2021-07-08 20:00:00,NTLA
152.73,152.73,152.73,152.73,998,2021-07-08 21:20:00,NTLA
152.5,152.5,152.4,152.4,500,2021-07-08 22:25:00,NTLA
153.8,154.0,153.8,154.0,400,2021-07-08 23:55:00,NTLA
155.91,155.91,155.91,155.91,317,2021-07-09 08:10:00,NTLA
156.06,156.06,156.0,156.0,1194,2021-07-09 09:50:00,NTLA
156.07,156.07,156.0,156.0,200,2021-07-09 10:10:00,NTLA
155.0,155.0,154.31,155.0,995,2021-07-09 11:00:00,NTLA
156.0,156.0,156.0,156.0,479,2021-07-09 11:40:00,NTLA
155.5,155.5,155.0,155.0,638,2021-07-09 12:00:00,NTLA
155.29,155.5,155.29,155.5,549,2021-07-09 12:40:00,NTLA
155.4,155.4,155.3,155.4,357,2021-07-09 12:45:00,NTLA
155.3,155.3001,155.3,155.3,425,2021-07-09 12:50:00,NTLA
155.98,156.0,155.98,156.0,200,2021-07-09 13:00:00,NTLA
156.1,156.1,156.1,156.1,500,2021-07-09 13:10:00,NTLA
157.88,157.88,156.1,157.5,379,2021-07-09 13:15:00,NTLA
157.5,157.5,157.47,157.47,400,2021-07-09 13:20:00,NTLA
156.18,156.8,153.55,153.55,2533,2021-07-09 13:25:00,NTLA
153.01,154.49,148.14,148.3,68457,2021-07-09 13:30:00,NTLA
148.5,148.9999,145.2344,148.1685,51372,2021-07-09 13:35:00,NTLA
147.6145,149.0399,145.9201,147.47,36628,2021-07-09 13:40:00,NTLA
148.14,148.23,145.52,146.16,25783,2021-07-09 13:45:00,NTLA
146.13,148.2994,145.52,147.5,30876,2021-07-09 13:50:00,NTLA
147.13,148.7,146.71,148.3,22985,2021-07-09 13:55:00,NTLA
148.86,148.86,146.2,147.15,28612,2021-07-09 14:00:00,NTLA
146.51,147.86,146.23,146.8521,31497,2021-07-09 14:05:00,NTLA
147.06,147.7146,146.8,147.015,8392,2021-07-09 14:10:00,NTLA
146.8,148.48,146.32,147.85,39550,2021-07-09 14:15:00,NTLA
148.17,149.97,147.88,149.86,35227,2021-07-09 14:20:00,NTLA
149.635,150.46,149.3601,150.12,32266,2021-07-09 14:25:00,NTLA
149.84,150.11,149.4,149.4501,13772,2021-07-09 14:30:00,NTLA
149.8,151.99,149.4701,151.89,23076,2021-07-09 14:35:00,NTLA
151.9,151.93,151.125,151.79,14729,2021-07-09 14:40:00,NTLA
151.33,151.345,149.8808,150.44,58826,2021-07-09 14:45:00,NTLA
150.4401,150.81,149.96,150.65,8888,2021-07-09 14:50:00,NTLA
150.5522,151.7173,150.48,151.598,6054,2021-07-09 14:55:00,NTLA
151.66,151.73,151.01,151.01,4793,2021-07-09 15:00:00,NTLA
151.25,152.5,151.0,152.4994,12012,2021-07-09 15:05:00,NTLA
152.41,153.26,152.38,152.7,21942,2021-07-09 15:10:00,NTLA
153.08,153.94,153.0,153.5365,22362,2021-07-09 15:15:00,NTLA
153.6899,153.85,152.8043,153.84,14444,2021-07-09 15:20:00,NTLA
153.93,153.94,153.16,153.68,6024,2021-07-09 15:25:00,NTLA
153.74,153.74,152.5,153.08,15851,2021-07-09 15:30:00,NTLA
153.0,153.74,152.84,153.59,5571,2021-07-09 15:35:00,NTLA
153.7,154.265,153.49,153.89,17071,2021-07-09 15:40:00,NTLA
153.86,155.42,153.86,155.1634,34623,2021-07-09 15:45:00,NTLA
155.22,155.2801,154.5301,154.73,11016,2021-07-09 15:50:00,NTLA
154.73,155.37,154.5,154.65,15452,2021-07-09 15:55:00,NTLA
154.65,154.67,153.55,153.56,23710,2021-07-09 16:00:00,NTLA
153.86,154.5,153.4901,153.99,12931,2021-07-09 16:05:00,NTLA
153.91,154.47,153.3601,154.1315,21234,2021-07-09 16:10:00,NTLA
153.92,155.42,153.91,155.3315,9990,2021-07-09 16:15:00,NTLA
155.38,155.7499,154.82,155.4033,17252,2021-07-09 16:20:00,NTLA
155.5199,155.8,154.86,155.48,21086,2021-07-09 16:25:00,NTLA
155.415,156.9799,155.11,156.56,43753,2021-07-09 16:30:00,NTLA
156.8112,158.02,156.6801,157.52,28900,2021-07-09 16:35:00,NTLA
157.63,159.3999,157.39,159.28,31852,2021-07-09 16:40:00,NTLA
159.16,159.218,157.66,157.93,19404,2021-07-09 16:45:00,NTLA
157.93,158.08,156.4,156.485,17894,2021-07-09 16:50:00,NTLA
156.6,157.9799,156.5,157.86,11320,2021-07-09 16:55:00,NTLA
158.0,158.1173,157.1901,157.4,5353,2021-07-09 17:00:00,NTLA
157.3,157.3,156.1,156.3201,14635,2021-07-09 17:05:00,NTLA
156.35,156.5,155.65,155.97,13964,2021-07-09 17:10:00,NTLA
155.68,156.24,155.6066,155.835,10015,2021-07-09 17:15:00,NTLA
155.74,155.8885,155.26,155.6,6635,2021-07-09 17:20:00,NTLA
155.5101,155.595,154.6,155.205,5223,2021-07-09 17:25:00,NTLA
155.3,156.2804,155.102,156.1699,10580,2021-07-09 17:30:00,NTLA
155.915,156.75,155.8,156.5001,7122,2021-07-09 17:35:00,NTLA
156.5,156.63,155.64,155.82,10913,2021-07-09 17:40:00,NTLA
155.85,156.38,155.75,156.2909,3800,2021-07-09 17:45:00,NTLA
156.16,156.5951,156.0,156.5299,2075,2021-07-09 17:50:00,NTLA
156.53,157.2,156.47,157.2,10907,2021-07-09 17:55:00,NTLA
157.02,157.185,154.4306,154.69,20454,2021-07-09 18:00:00,NTLA
154.69,154.69,152.66,153.04,24366,2021-07-09 18:05:00,NTLA
152.6501,153.42,152.65,153.09,20266,2021-07-09 18:10:00,NTLA
153.09,153.09,151.8501,152.335,22221,2021-07-09 18:15:00,NTLA
152.5475,153.1,151.5,151.56,9114,2021-07-09 18:20:00,NTLA
151.765,152.98,151.765,152.93,4526,2021-07-09 18:25:00,NTLA
152.61,153.13,152.435,152.67,7866,2021-07-09 18:30:00,NTLA
152.4911,153.52,152.19,153.22,9204,2021-07-09 18:35:00,NTLA
153.2999,153.32,152.67,152.86,5494,2021-07-09 18:40:00,NTLA
152.98,153.0602,152.67,152.84,1049,2021-07-09 18:45:00,NTLA
153.05,153.35,152.69,153.0,4341,2021-07-09 18:50:00,NTLA
152.86,153.0288,152.09,152.1501,7148,2021-07-09 18:55:00,NTLA
152.255,152.76,152.15,152.68,6335,2021-07-09 19:00:00,NTLA
152.76,152.89,151.79,152.425,8007,2021-07-09 19:05:00,NTLA
152.4,152.78,152.32,152.75,4547,2021-07-09 19:10:00,NTLA
152.7,153.0755,152.35,153.0755,2600,2021-07-09 19:15:00,NTLA
153.1,153.2565,152.79,153.14,8697,2021-07-09 19:20:00,NTLA
153.025,153.1848,151.91,151.9101,3141,2021-07-09 19:25:00,NTLA
152.11,152.88,152.11,152.71,4149,2021-07-09 19:30:00,NTLA
152.84,153.3,152.79,153.25,9879,2021-07-09 19:35:00,NTLA
153.12,153.12,152.7165,152.855,4895,2021-07-09 19:40:00,NTLA
152.8,152.93,151.5,151.69,44694,2021-07-09 19:45:00,NTLA
151.7,152.39,151.4,151.97,61549,2021-07-09 19:50:00,NTLA
152.0,153.09,151.72,153.0,96470,2021-07-09 19:55:00,NTLA
153.0,153.02,152.32,152.32,90799,2021-07-09 20:00:00,NTLA
152.79,152.79,152.79,152.79,200,2021-07-09 20:55:00,NTLA
151.0,151.0,151.0,151.0,100,2021-07-12 11:35:00,NTLA
150.0244,150.0244,150.0244,150.0244,100,2021-07-12 12:15:00,NTLA
150.02,150.02,150.02,150.02,249,2021-07-12 12:30:00,NTLA
152.95,153.0,152.95,153.0,660,2021-07-12 13:05:00,NTLA
153.0,153.0,153.0,153.0,485,2021-07-12 13:20:00,NTLA
152.75,155.5999,152.33,153.3572,32063,2021-07-12 13:30:00,NTLA
153.6888,154.595,151.0,151.0001,20317,2021-07-12 13:35:00,NTLA
151.0,152.0934,150.5501,150.5701,17681,2021-07-12 13:40:00,NTLA
151.315,151.315,148.26,148.65,24971,2021-07-12 13:45:00,NTLA
148.65,149.5375,148.0685,149.04,11764,2021-07-12 13:50:00,NTLA
149.047,150.49,149.047,149.9348,13673,2021-07-12 13:55:00,NTLA
149.98,150.04,147.5901,147.62,18341,2021-07-12 14:00:00,NTLA
147.965,147.9799,145.21,146.19,62270,2021-07-12 14:05:00,NTLA
146.55,147.8499,145.51,147.7107,18383,2021-07-12 14:10:00,NTLA
147.3401,147.82,146.47,147.429,6765,2021-07-12 14:15:00,NTLA
147.01,147.5199,146.015,146.34,11883,2021-07-12 14:20:00,NTLA
146.05,146.99,144.4701,146.44,33764,2021-07-12 14:25:00,NTLA
146.6199,146.6199,145.28,145.92,23053,2021-07-12 14:30:00,NTLA
145.76,146.3007,145.06,145.575,14263,2021-07-12 14:35:00,NTLA
145.73,146.5934,145.5001,146.4217,18526,2021-07-12 14:40:00,NTLA
146.22,147.22,146.12,146.515,7564,2021-07-12 14:45:00,NTLA
146.23,147.4536,146.23,146.8154,6418,2021-07-12 14:50:00,NTLA
147.0768,148.1563,146.8444,148.1563,3161,2021-07-12 14:55:00,NTLA
148.0,148.35,147.04,147.1286,8491,2021-07-12 15:00:00,NTLA
147.44,148.75,147.055,148.75,14338,2021-07-12 15:05:00,NTLA
148.46,149.33,147.775,148.21,12820,2021-07-12 15:10:00,NTLA
148.215,149.27,147.8144,149.14,14819,2021-07-12 15:15:00,NTLA
149.15,149.54,148.2,149.415,36170,2021-07-12 15:20:00,NTLA
149.6356,149.87,148.35,148.415,18696,2021-07-12 15:25:00,NTLA
148.01,148.579,147.605,148.0,16268,2021-07-12 15:30:00,NTLA
147.86,148.49,147.1536,148.49,9250,2021-07-12 15:35:00,NTLA
148.46,148.99,148.3,148.91,13558,2021-07-12 15:40:00,NTLA
148.88,149.28,148.0,148.22,14323,2021-07-12 15:45:00,NTLA
148.18,149.1,148.16,148.74,13785,2021-07-12 15:50:00,NTLA
148.94,149.32,148.46,148.95,5432,2021-07-12 15:55:00,NTLA
148.62,149.0,148.4914,148.885,2289,2021-07-12 16:00:00,NTLA
148.79,149.0,147.5043,147.5043,11818,2021-07-12 16:05:00,NTLA
147.7,148.5,146.2,146.2,35101,2021-07-12 16:10:00,NTLA
146.669,147.34,146.5965,147.16,7049,2021-07-12 16:15:00,NTLA
147.18,148.25,147.18,147.34,5999,2021-07-12 16:20:00,NTLA
147.7899,147.7899,146.85,147.29,13167,2021-07-12 16:25:00,NTLA
147.5078,147.5078,147.2648,147.46,510,2021-07-12 16:30:00,NTLA
147.75,147.75,146.7101,147.1664,8360,2021-07-12 16:35:00,NTLA
147.18,147.18,146.44,146.94,12806,2021-07-12 16:40:00,NTLA
146.895,147.355,146.855,147.0,3700,2021-07-12 16:45:00,NTLA
147.0022,147.15,146.66,147.0,3388,2021-07-12 16:50:00,NTLA
146.9699,147.13,146.4601,147.13,7031,2021-07-12 16:55:00,NTLA
147.052,147.37,147.052,147.25,1531,2021-07-12 17:00:00,NTLA
147.265,147.265,146.635,146.8881,3000,2021-07-12 17:05:00,NTLA
146.78,146.91,146.52,146.8651,3373,2021-07-12 17:10:00,NTLA
146.8466,147.08,146.35,146.81,5891,2021-07-12 17:15:00,NTLA
147.23,147.25,146.7,147.16,8718,2021-07-12 17:20:00,NTLA
147.03,147.23,146.92,147.2,5417,2021-07-12 17:25:00,NTLA
147.21,147.55,147.21,147.51,3182,2021-07-12 17:30:00,NTLA
147.55,147.55,147.28,147.47,700,2021-07-12 17:35:00,NTLA
147.47,147.63,147.1,147.6,3950,2021-07-12 17:40:00,NTLA
147.585,148.27,147.4456,148.2,13171,2021-07-12 17:45:00,NTLA
148.33,148.6,148.12,148.52,10852,2021-07-12 17:50:00,NTLA
148.54,148.61,148.105,148.22,4050,2021-07-12 17:55:00,NTLA
148.19,148.295,147.491,147.491,5030,2021-07-12 18:00:00,NTLA
147.57,147.765,147.02,147.06,3004,2021-07-12 18:05:00,NTLA
147.017,147.12,146.2,146.53,6448,2021-07-12 18:10:00,NTLA
146.33,147.025,146.29,147.025,6319,2021-07-12 18:15:00,NTLA
146.905,147.29,146.81,147.29,3537,2021-07-12 18:20:00,NTLA
147.185,147.81,147.0299,147.8,6243,2021-07-12 18:25:00,NTLA
147.9,148.48,147.84,148.015,7191,2021-07-12 18:30:00,NTLA
147.99,148.67,147.97,148.585,7705,2021-07-12 18:35:00,NTLA
148.7,149.48,148.5,149.48,18351,2021-07-12 18:40:00,NTLA
149.47,149.48,148.54,148.72,10263,2021-07-12 18:45:00,NTLA
148.76,149.88,148.735,149.85,17246,2021-07-12 18:50:00,NTLA
149.795,149.795,148.4,149.27,8453,2021-07-12 18:55:00,NTLA
149.12,149.79,149.12,149.7,4620,2021-07-12 19:00:00,NTLA
149.82,149.87,149.25,149.87,5277,2021-07-12 19:05:00,NTLA
149.73,149.9,149.2301,149.66,6194,2021-07-12 19:10:00,NTLA
149.5893,149.6,149.14,149.29,5456,2021-07-12 19:15:00,NTLA
149.208,149.2854,148.47,148.66,5951,2021-07-12 19:20:00,NTLA
148.57,149.2636,148.25,149.08,7973,2021-07-12 19:25:00,NTLA
148.8501,149.12,148.62,148.7005,6443,2021-07-12 19:30:00,NTLA
148.755,149.0,148.33,148.33,2004,2021-07-12 19:35:00,NTLA
148.46,148.46,148.1114,148.295,2497,2021-07-12 19:40:00,NTLA
148.1808,148.8144,148.1808,148.41,6427,2021-07-12 19:45:00,NTLA
148.41,148.79,148.02,148.07,19570,2021-07-12 19:50:00,NTLA
148.08,148.32,147.92,148.02,38280,2021-07-12 19:55:00,NTLA
148.03,148.03,148.03,148.03,131177,2021-07-12 20:00:00,NTLA
148.4,148.4,148.4,148.4,100,2021-07-12 20:25:00,NTLA
148.1,148.1,148.1,148.1,100,2021-07-12 22:35:00,NTLA
148.8,148.8,148.8,148.8,142,2021-07-13 11:00:00,NTLA
148.11,148.11,148.11,148.11,100,2021-07-13 11:40:00,NTLA
148.05,148.05,147.56,147.57,722,2021-07-13 12:55:00,NTLA
148.0,148.0,147.77,147.77,1580,2021-07-13 13:05:00,NTLA
148.99,150.0,148.99,150.0,450,2021-07-13 13:25:00,NTLA
147.3167,149.32,147.3,148.22,27407,2021-07-13 13:30:00,NTLA
148.0923,148.6051,145.56,145.975,12964,2021-07-13 13:35:00,NTLA
145.995,147.5999,145.849,146.995,8804,2021-07-13 13:40:00,NTLA
146.7,147.3608,145.92,146.3,7869,2021-07-13 13:45:00,NTLA
146.555,146.555,145.05,145.475,18508,2021-07-13 13:50:00,NTLA
145.2,146.1,144.6,145.4,18581,2021-07-13 13:55:00,NTLA
144.89,145.53,143.75,143.86,29240,2021-07-13 14:00:00,NTLA
144.03,145.26,144.03,145.11,11532,2021-07-13 14:05:00,NTLA
144.88,145.31,144.62,145.18,7249,2021-07-13 14:10:00,NTLA
144.78,144.85,144.32,144.84,5338,2021-07-13 14:15:00,NTLA
144.61,146.38,144.167,146.38,13008,2021-07-13 14:20:00,NTLA
146.2105,146.42,145.61,145.92,18158,2021-07-13 14:25:00,NTLA
146.25,146.34,145.41,145.41,19425,2021-07-13 14:30:00,NTLA
145.64,145.74,144.44,144.695,14483,2021-07-13 14:35:00,NTLA
144.65,145.0,144.0,144.14,31148,2021-07-13 14:40:00,NTLA
144.4,145.0,144.24,145.0,12153,2021-07-13 14:45:00,NTLA
144.8894,144.89,143.91,144.89,18665,2021-07-13 14:50:00,NTLA
144.87,145.32,144.47,144.86,19273,2021-07-13 14:55:00,NTLA
144.84,144.99,144.16,144.6,22763,2021-07-13 15:00:00,NTLA
144.37,144.93,144.29,144.52,8533,2021-07-13 15:05:00,NTLA
144.375,144.5,143.8514,144.0,10358,2021-07-13 15:10:00,NTLA
144.24,144.33,142.5601,143.0,47569,2021-07-13 15:15:00,NTLA
142.92,143.6,142.78,143.395,27432,2021-07-13 15:20:00,NTLA
143.395,144.219,143.2101,144.219,9506,2021-07-13 15:25:00,NTLA
144.0382,145.39,144.01,145.15,27099,2021-07-13 15:30:00,NTLA
145.31,145.3499,144.63,144.79,11573,2021-07-13 15:35:00,NTLA
144.71,144.8,143.68,144.17,7289,2021-07-13 15:40:00,NTLA
143.94,143.95,142.97,143.17,8386,2021-07-13 15:45:00,NTLA
143.185,143.62,143.185,143.62,7245,2021-07-13 15:50:00,NTLA
143.3924,143.86,143.0201,143.83,6500,2021-07-13 15:55:00,NTLA
144.0,144.0,143.72,143.8389,2295,2021-07-13 16:00:00,NTLA
144.0,144.73,144.0,144.56,6180,2021-07-13 16:05:00,NTLA
144.46,145.11,144.36,145.0,3193,2021-07-13 16:10:00,NTLA
144.8,144.81,143.8,143.8,2700,2021-07-13 16:15:00,NTLA
144.05,144.25,143.78,143.89,4752,2021-07-13 16:20:00,NTLA
144.2,144.28,143.67,143.67,1976,2021-07-13 16:25:00,NTLA
143.55,144.0609,143.31,143.965,4175,2021-07-13 16:30:00,NTLA
143.83,144.2019,143.5,144.2019,6415,2021-07-13 16:35:00,NTLA
144.13,144.46,144.13,144.29,1761,2021-07-13 16:40:00,NTLA
144.22,144.25,143.68,143.68,10548,2021-07-13 16:45:00,NTLA
143.68,143.7754,143.2,143.515,3050,2021-07-13 16:50:00,NTLA
143.55,144.03,143.34,144.0,11700,2021-07-13 16:55:00,NTLA
144.0,144.475,144.0,144.0678,1914,2021-07-13 17:00:00,NTLA
144.08,144.33,143.9,144.33,2830,2021-07-13 17:05:00,NTLA
144.59,144.59,143.9,144.0075,10963,2021-07-13 17:10:00,NTLA
144.12,144.24,143.5,143.5,3761,2021-07-13 17:15:00,NTLA
143.29,144.16,143.0,144.0,19327,2021-07-13 17:20:00,NTLA
143.94,144.135,143.2601,143.71,4317,2021-07-13 17:25:00,NTLA
143.58,143.58,142.84,143.01,4449,2021-07-13 17:30:00,NTLA
143.0,143.02,142.61,142.855,12144,2021-07-13 17:35:00,NTLA
142.94,143.345,142.455,142.91,5290,2021-07-13 17:40:00,NTLA
142.64,143.46,142.64,143.0,9922,2021-07-13 17:45:00,NTLA
142.79,143.59,142.5501,143.59,7880,2021-07-13 17:50:00,NTLA
143.59,143.82,143.59,143.71,1555,2021-07-13 17:55:00,NTLA
143.33,143.8,142.35,142.53,17517,2021-07-13 18:00:00,NTLA
142.52,143.12,142.3,143.01,10132,2021-07-13 18:05:00,NTLA
143.06,143.68,143.06,143.68,1233,2021-07-13 18:10:00,NTLA
143.57,144.09,143.2701,143.79,6460,2021-07-13 18:15:00,NTLA
143.73,144.18,143.73,143.98,4703,2021-07-13 18:20:00,NTLA
143.895,144.2,143.76,144.07,5806,2021-07-13 18:25:00,NTLA
143.89,144.34,143.89,144.285,46195,2021-07-13 18:30:00,NTLA
144.19,144.275,143.32,143.32,2711,2021-07-13 18:35:00,NTLA
143.2554,143.2554,142.73,143.01,13765,2021-07-13 18:40:00,NTLA
143.04,143.435,142.85,143.435,8257,2021-07-13 18:45:00,NTLA
143.29,143.29,142.895,143.08,8757,2021-07-13 18:50:00,NTLA
143.26,143.4,143.15,143.4,3685,2021-07-13 18:55:00,NTLA
143.322,143.34,143.21,143.34,3591,2021-07-13 19:00:00,NTLA
143.4,143.575,143.08,143.575,7318,2021-07-13 19:05:00,NTLA
143.5056,143.85,143.41,143.5,4699,2021-07-13 19:10:00,NTLA
143.3601,143.68,143.3601,143.537,7583,2021-07-13 19:15:00,NTLA
143.475,143.72,143.28,143.45,4641,2021-07-13 19:20:00,NTLA
143.23,143.45,143.05,143.06,5645,2021-07-13 19:25:00,NTLA
143.24,143.2799,142.6962,143.192,7914,2021-07-13 19:30:00,NTLA
143.38,143.53,143.01,143.3,6549,2021-07-13 19:35:00,NTLA
143.22,143.37,142.83,142.83,6719,2021-07-13 19:40:00,NTLA
142.915,143.1999,142.8328,143.04,22882,2021-07-13 19:45:00,NTLA
143.05,143.27,142.97,143.25,16421,2021-07-13 19:50:00,NTLA
143.265,143.59,143.05,143.4,32104,2021-07-13 19:55:00,NTLA
143.42,143.42,143.42,143.42,49401,2021-07-13 20:00:00,NTLA
143.0,143.0,143.0,143.0,700,2021-07-13 21:55:00,NTLA
143.62,143.62,143.62,143.62,100,2021-07-13 23:50:00,NTLA
144.0,144.0,144.0,144.0,200,2021-07-14 11:50:00,NTLA
143.62,143.62,143.62,143.62,121,2021-07-14 12:00:00,NTLA
143.9,143.9,143.9,143.9,420,2021-07-14 12:30:00,NTLA
143.0,143.0,143.0,143.0,200,2021-07-14 12:45:00,NTLA
144.3,144.3,144.3,144.3,579,2021-07-14 12:55:00,NTLA
143.61,143.66,141.4,142.035,29675,2021-07-14 13:30:00,NTLA
141.9,142.4809,141.02,142.4,11935,2021-07-14 13:35:00,NTLA
142.31,143.21,141.51,142.715,17139,2021-07-14 13:40:00,NTLA
142.72,142.9,141.27,141.745,18081,2021-07-14 13:45:00,NTLA
141.745,143.67,141.48,143.67,10288,2021-07-14 13:50:00,NTLA
143.3,146.1141,143.3,144.64,39474,2021-07-14 13:55:00,NTLA
144.28,144.315,142.93,143.84,27500,2021-07-14 14:00:00,NTLA
143.72,144.975,143.55,144.75,12913,2021-07-14 14:05:00,NTLA
144.65,144.9,142.41,143.41,22617,2021-07-14 14:10:00,NTLA
143.41,143.7,142.31,143.4722,46459,2021-07-14 14:15:00,NTLA
143.74,144.49,143.74,143.91,6163,2021-07-14 14:20:00,NTLA
143.75,143.95,142.8,143.2,8426,2021-07-14 14:25:00,NTLA
143.41,143.67,142.66,143.03,5365,2021-07-14 14:30:00,NTLA
142.95,143.43,142.345,142.92,7505,2021-07-14 14:35:00,NTLA
143.035,144.13,143.035,143.12,4917,2021-07-14 14:40:00,NTLA
143.2,144.13,143.2,143.8326,3497,2021-07-14 14:45:00,NTLA
143.385,143.63,142.6313,143.31,6358,2021-07-14 14:50:00,NTLA
143.46,143.48,142.56,143.0078,4780,2021-07-14 14:55:00,NTLA
143.07,143.365,142.45,142.75,4503,2021-07-14 15:00:00,NTLA
142.615,142.985,141.42,141.78,45646,2021-07-14 15:05:00,NTLA
141.89,142.78,141.57,142.76,12684,2021-07-14 15:10:00,NTLA
142.57,142.61,141.75,142.12,7466,2021-07-14 15:15:00,NTLA
142.03,143.65,141.97,143.5,7699,2021-07-14 15:20:00,NTLA
143.45,143.45,142.26,142.55,8598,2021-07-14 15:25:00,NTLA
142.7,144.23,142.68,144.0284,7744,2021-07-14 15:30:00,NTLA
144.14,144.39,143.33,143.73,9505,2021-07-14 15:35:00,NTLA
143.86,144.1573,143.38,144.1573,7439,2021-07-14 15:40:00,NTLA
144.0,144.3,143.0101,143.94,11193,2021-07-14 15:45:00,NTLA
143.97,143.97,141.91,141.91,4760,2021-07-14 15:50:00,NTLA
141.81,143.1,141.81,142.515,7493,2021-07-14 15:55:00,NTLA
142.7,143.75,142.67,143.62,5665,2021-07-14 16:00:00,NTLA
143.78,143.78,143.215,143.4,6357,2021-07-14 16:05:00,NTLA
143.185,144.0,143.105,143.4674,7425,2021-07-14 16:10:00,NTLA
143.435,143.84,143.0,143.78,9545,2021-07-14 16:15:00,NTLA
143.79,144.96,143.75,144.9599,12535,2021-07-14 16:20:00,NTLA
144.93,145.3899,144.4601,145.17,9503,2021-07-14 16:25:00,NTLA
145.185,146.1399,144.98,144.9816,19970,2021-07-14 16:30:00,NTLA
144.95,145.4,144.58,145.4,5559,2021-07-14 16:35:00,NTLA
145.1,145.27,144.86,144.93,3005,2021-07-14 16:40:00,NTLA
144.84,144.9299,144.2402,144.27,6044,2021-07-14 16:45:00,NTLA
144.22,144.42,144.03,144.37,5865,2021-07-14 16:50:00,NTLA
144.18,144.18,143.6,143.84,6251,2021-07-14 16:55:00,NTLA
143.98,144.4899,143.57,143.74,5488,2021-07-14 17:00:00,NTLA
143.5897,144.06,143.45,143.45,1140,2021-07-14 17:05:00,NTLA
143.62,143.62,143.215,143.45,4437,2021-07-14 17:10:00,NTLA
143.2,143.42,143.0725,143.14,4024,2021-07-14 17:15:00,NTLA
143.2,143.2,142.62,142.62,8813,2021-07-14 17:20:00,NTLA
142.61,142.83,142.39,142.71,9439,2021-07-14 17:25:00,NTLA
142.81,143.4999,142.795,143.11,8362,2021-07-14 17:30:00,NTLA
143.19,143.45,142.95,143.235,8639,2021-07-14 17:35:00,NTLA
143.1,143.23,142.7,143.03,9582,2021-07-14 17:40:00,NTLA
143.03,143.36,142.7,143.1999,3395,2021-07-14 17:45:00,NTLA
143.01,143.01,142.745,142.84,2616,2021-07-14 17:50:00,NTLA
142.775,143.0,142.255,142.38,5320,2021-07-14 17:55:00,NTLA
142.36,142.81,142.15,142.16,3976,2021-07-14 18:00:00,NTLA
142.02,142.28,141.9,142.28,4504,2021-07-14 18:05:00,NTLA
142.57,143.3,142.55,142.962,5823,2021-07-14 18:10:00,NTLA
142.87,143.19,142.55,142.73,2526,2021-07-14 18:15:00,NTLA
142.73,142.8,142.14,142.62,6425,2021-07-14 18:20:00,NTLA
142.38,142.61,142.1,142.39,4027,2021-07-14 18:25:00,NTLA
142.29,142.44,142.04,142.29,3501,2021-07-14 18:30:00,NTLA
142.315,142.52,142.1,142.35,4550,2021-07-14 18:35:00,NTLA
142.18,142.79,142.18,142.545,2529,2021-07-14 18:40:00,NTLA
142.45,143.01,142.35,142.8,4127,2021-07-14 18:45:00,NTLA
142.8,143.15,142.48,143.15,3037,2021-07-14 18:50:00,NTLA
143.01,143.01,142.63,142.84,2680,2021-07-14 18:55:00,NTLA
142.59,142.81,142.43,142.57,4809,2021-07-14 19:00:00,NTLA
142.49,142.85,142.49,142.57,2345,2021-07-14 19:05:00,NTLA
142.5,142.63,141.81,141.97,8794,2021-07-14 19:10:00,NTLA
141.86,141.93,141.23,141.23,10466,2021-07-14 19:15:00,NTLA
141.26,141.45,140.91,141.21,19019,2021-07-14 19:20:00,NTLA
141.21,141.43,140.7901,141.09,15716,2021-07-14 19:25:00,NTLA
141.1,141.2,140.7,141.0,18572,2021-07-14 19:30:00,NTLA
141.1,141.21,140.86,141.0,10291,2021-07-14 19:35:00,NTLA
141.14,141.16,140.37,140.55,7913,2021-07-14 19:40:00,NTLA
140.59,140.7,140.01,140.2501,13651,2021-07-14 19:45:00,NTLA
140.25,140.26,139.62,139.88,44087,2021-07-14 19:50:00,NTLA
140.1,141.12,139.855,141.07,38581,2021-07-14 19:55:00,NTLA
141.06,141.06,141.06,141.06,109727,2021-07-14 20:00:00,NTLA
140.45,140.45,140.45,140.45,100,2021-07-14 21:00:00,NTLA
141.06,141.06,141.06,141.06,416,2021-07-14 21:25:00,NTLA
140.8,140.8,140.8,140.8,100,2021-07-14 23:25:00,NTLA
139.01,139.01,139.01,139.01,100,2021-07-15 11:55:00,NTLA
140.1,140.1,140.1,140.1,100,2021-07-15 13:05:00,NTLA
140.7,140.9,138.318,140.39,48698,2021-07-15 13:30:00,NTLA
140.0001,140.8,136.61,137.0455,28794,2021-07-15 13:35:00,NTLA
136.7276,139.35,136.7276,139.0635,37185,2021-07-15 13:40:00,NTLA
138.5,140.0,138.48,140.0,26968,2021-07-15 13:45:00,NTLA
139.7401,140.17,138.71,139.05,21074,2021-07-15 13:50:00,NTLA
139.035,141.75,139.035,140.7,7246,2021-07-15 13:55:00,NTLA
141.18,141.77,140.15,141.4,20329,2021-07-15 14:00:00,NTLA
141.26,141.89,140.6,141.34,7254,2021-07-15 14:05:00,NTLA
141.4041,141.7121,140.2,140.2,5676,2021-07-15 14:10:00,NTLA
140.4496,140.7771,139.73,140.26,13021,2021-07-15 14:15:00,NTLA
139.7701,140.56,138.7301,139.76,8549,2021-07-15 14:20:00,NTLA
139.56,139.75,137.875,138.69,23549,2021-07-15 14:25:00,NTLA
138.485,138.96,138.29,138.96,5014,2021-07-15 14:30:00,NTLA
138.89,139.845,138.79,139.83,4993,2021-07-15 14:35:00,NTLA
139.92,140.02,138.15,138.49,8255,2021-07-15 14:40:00,NTLA
138.15,138.93,138.15,138.54,8623,2021-07-15 14:45:00,NTLA
138.43,139.68,138.43,139.09,21222,2021-07-15 14:50:00,NTLA
139.009,139.4719,139.0,139.26,2120,2021-07-15 14:55:00,NTLA
139.51,139.59,139.02,139.06,12723,2021-07-15 15:00:00,NTLA
139.06,140.51,138.875,140.27,12702,2021-07-15 15:05:00,NTLA
140.0,140.26,139.86,139.87,8937,2021-07-15 15:10:00,NTLA
139.9,140.3299,139.38,139.38,4954,2021-07-15 15:15:00,NTLA
139.52,139.855,139.38,139.58,21379,2021-07-15 15:20:00,NTLA
139.52,139.65,139.37,139.5,11320,2021-07-15 15:25:00,NTLA
139.5,139.91,139.47,139.61,9446,2021-07-15 15:30:00,NTLA
139.5,139.82,139.42,139.67,3770,2021-07-15 15:35:00,NTLA
139.675,139.675,139.36,139.665,7735,2021-07-15 15:40:00,NTLA
139.48,139.6169,139.0,139.32,15280,2021-07-15 15:45:00,NTLA
139.12,139.25,138.67,138.67,14158,2021-07-15 15:50:00,NTLA
138.495,139.38,138.495,139.32,6682,2021-07-15 15:55:00,NTLA
139.07,139.39,138.69,138.69,6662,2021-07-15 16:00:00,NTLA
138.845,138.88,138.5301,138.58,1337,2021-07-15 16:05:00,NTLA
138.48,138.48,137.8,138.4,6495,2021-07-15 16:10:00,NTLA
138.43,138.43,137.54,137.8649,9188,2021-07-15 16:15:00,NTLA
137.82,138.02,137.49,138.02,3295,2021-07-15 16:20:00,NTLA
138.01,138.18,137.8309,138.02,3528,2021-07-15 16:25:00,NTLA
138.03,138.4499,137.77,138.24,15576,2021-07-15 16:30:00,NTLA
138.215,139.165,138.215,139.0,7950,2021-07-15 16:35:00,NTLA
138.93,139.26,138.92,138.9358,7739,2021-07-15 16:40:00,NTLA
138.93,139.0,138.45,138.45,6877,2021-07-15 16:45:00,NTLA
138.65,139.04,138.61,138.88,5222,2021-07-15 16:50:00,NTLA
138.79,139.22,138.52,139.22,20235,2021-07-15 16:55:00,NTLA
139.225,139.25,137.83,138.045,14807,2021-07-15 17:00:00,NTLA
138.14,138.62,138.11,138.2184,2629,2021-07-15 17:05:00,NTLA
138.01,138.47,137.93,137.93,1389,2021-07-15 17:10:00,NTLA
137.5947,138.0094,137.5,137.78,8807,2021-07-15 17:15:00,NTLA
137.78,138.12,137.61,137.61,6620,2021-07-15 17:20:00,NTLA
137.91,137.92,136.7806,137.03,10364,2021-07-15 17:25:00,NTLA
136.8,136.83,136.2,136.37,20111,2021-07-15 17:30:00,NTLA
136.53,136.66,135.2001,135.5,25730,2021-07-15 17:35:00,NTLA
135.36,135.79,134.53,134.68,9073,2021-07-15 17:40:00,NTLA
134.8112,135.37,134.34,134.98,14320,2021-07-15 17:45:00,NTLA
134.665,135.0,134.0991,134.2,5904,2021-07-15 17:50:00,NTLA
134.02,134.39,133.49,133.76,8167,2021-07-15 17:55:00,NTLA
133.57,135.42,133.57,135.0674,5414,2021-07-15 18:00:00,NTLA
135.2391,135.2391,134.23,134.9173,14747,2021-07-15 18:05:00,NTLA
134.65,134.8499,134.05,134.52,11808,2021-07-15 18:10:00,NTLA
134.65,135.2862,134.55,134.9999,7758,2021-07-15 18:15:00,NTLA
134.75,135.08,134.6001,134.9,3693,2021-07-15 18:20:00,NTLA
134.7637,135.5971,134.7637,135.38,4724,2021-07-15 18:25:00,NTLA
135.49,135.68,135.11,135.25,3603,2021-07-15 18:30:00,NTLA
135.25,135.25,134.96,135.0036,3800,2021-07-15 18:35:00,NTLA
135.4,135.77,135.0,135.685,7422,2021-07-15 18:40:00,NTLA
135.48,135.69,135.25,135.48,3000,2021-07-15 18:45:00,NTLA
135.445,135.9,135.445,135.77,2937,2021-07-15 18:50:00,NTLA
135.82,136.35,135.76,136.29,7602,2021-07-15 18:55:00,NTLA
136.22,136.7167,136.165,136.38,5329,2021-07-15 19:00:00,NTLA
136.575,136.6298,136.38,136.38,2050,2021-07-15 19:05:00,NTLA
136.48,136.655,136.0862,136.18,6014,2021-07-15 19:10:00,NTLA
136.14,136.2,135.88,136.2,5135,2021-07-15 19:15:00,NTLA
136.43,136.53,135.56,136.09,6633,2021-07-15 19:20:00,NTLA
136.0719,136.55,135.92,136.185,8833,2021-07-15 19:25:00,NTLA
136.27,136.72,136.27,136.55,6166,2021-07-15 19:30:00,NTLA
136.55,136.93,136.55,136.725,8771,2021-07-15 19:35:00,NTLA
136.85,136.99,136.745,136.87,5520,2021-07-15 19:40:00,NTLA
136.7719,137.175,136.73,136.87,8261,2021-07-15 19:45:00,NTLA
136.98,137.87,136.98,137.73,17329,2021-07-15 19:50:00,NTLA
137.73,138.29,137.445,138.25,35068,2021-07-15 19:55:00,NTLA
138.1,138.1,138.1,138.1,57867,2021-07-15 20:00:00,NTLA
139.0,139.0,139.0,139.0,140,2021-07-16 13:25:00,NTLA
139.38,141.46,139.375,140.9,26522,2021-07-16 13:30:00,NTLA
141.34,141.34,138.63,139.11,16078,2021-07-16 13:35:00,NTLA
138.836,138.99,138.01,138.0201,5620,2021-07-16 13:40:00,NTLA
139.26,139.365,136.26,136.37,21858,2021-07-16 13:45:00,NTLA
137.4047,139.33,137.0492,139.15,5002,2021-07-16 13:50:00,NTLA
138.805,138.91,138.0,138.5,26913,2021-07-16 13:55:00,NTLA
138.6,138.92,137.9,137.9,10838,2021-07-16 14:00:00,NTLA
137.95,137.95,137.11,137.5299,6124,2021-07-16 14:05:00,NTLA
137.13,137.83,136.82,137.61,2950,2021-07-16 14:10:00,NTLA
137.7,138.08,137.0976,138.01,5693,2021-07-16 14:15:00,NTLA
137.745,137.745,136.35,136.35,5046,2021-07-16 14:20:00,NTLA
136.25,137.53,135.85,136.44,4814,2021-07-16 14:25:00,NTLA
136.75,138.8999,136.75,138.72,18662,2021-07-16 14:30:00,NTLA
138.585,139.199,138.005,138.45,11027,2021-07-16 14:35:00,NTLA
138.36,138.65,137.74,137.74,33036,2021-07-16 14:40:00,NTLA
137.55,137.94,137.11,137.84,2125,2021-07-16 14:45:00,NTLA
138.14,139.1992,137.99,138.65,13086,2021-07-16 14:50:00,NTLA
138.78,139.38,138.0,138.0,2752,2021-07-16 14:55:00,NTLA
137.79,137.79,136.66,136.715,5533,2021-07-16 15:00:00,NTLA
136.92,137.21,136.6784,136.895,6503,2021-07-16 15:05:00,NTLA
137.0,138.19,136.82,137.89,6004,2021-07-16 15:10:00,NTLA
137.82,138.48,137.8,137.89,2320,2021-07-16 15:15:00,NTLA
138.34,138.77,138.285,138.62,5540,2021-07-16 15:20:00,NTLA
138.73,138.8099,138.31,138.4,2021,2021-07-16 15:25:00,NTLA
138.49,138.9,138.49,138.81,3200,2021-07-16 15:30:00,NTLA
138.69,139.45,138.68,139.11,7006,2021-07-16 15:35:00,NTLA
139.51,140.3199,139.51,140.3199,5502,2021-07-16 15:40:00,NTLA
140.22,140.7,139.91,140.09,7868,2021-07-16 15:45:00,NTLA
140.14,140.14,139.4665,139.645,1000,2021-07-16 15:50:00,NTLA
139.8,140.06,139.7,140.0,3520,2021-07-16 15:55:00,NTLA
140.1,140.14,139.5,139.5,4227,2021-07-16 16:00:00,NTLA
139.61,139.7,139.49,139.54,1456,2021-07-16 16:05:00,NTLA
139.75,140.0953,139.75,140.0953,1701,2021-07-16 16:10:00,NTLA
139.85,140.35,139.85,140.35,1800,2021-07-16 16:15:00,NTLA
140.5099,140.5099,139.8,140.0,4066,2021-07-16 16:20:00,NTLA
140.22,140.44,140.03,140.31,5440,2021-07-16 16:25:00,NTLA
140.3,140.48,140.27,140.31,2288,2021-07-16 16:30:00,NTLA
140.4,140.43,139.39,139.55,9693,2021-07-16 16:35:00,NTLA
139.62,139.99,139.6,139.6,2473,2021-07-16 16:40:00,NTLA
139.79,140.22,139.25,139.25,2356,2021-07-16 16:45:00,NTLA
139.0,139.565,138.945,139.555,3010,2021-07-16 16:50:00,NTLA
139.72,140.08,139.44,140.08,2707,2021-07-16 16:55:00,NTLA
139.87,139.9,139.21,139.6,4659,2021-07-16 17:00:00,NTLA
139.5574,139.8668,139.245,139.245,1660,2021-07-16 17:05:00,NTLA
139.3048,139.34,138.72,138.7253,2880,2021-07-16 17:10:00,NTLA
138.9899,139.02,138.63,138.73,1700,2021-07-16 17:15:00,NTLA
138.82,139.26,138.3,138.3,12100,2021-07-16 17:20:00,NTLA
138.4,138.76,138.33,138.5,2612,2021-07-16 17:25:00,NTLA
138.3147,138.6,137.76,137.83,5325,2021-07-16 17:30:00,NTLA
137.75,138.08,137.73,137.75,4088,2021-07-16 17:35:00,NTLA
137.7,137.97,137.25,137.54,5440,2021-07-16 17:40:00,NTLA
137.4694,137.8399,137.13,137.51,3723,2021-07-16 17:45:00,NTLA
137.48,137.91,137.47,137.71,3251,2021-07-16 17:50:00,NTLA
138.0,138.1844,137.81,138.1844,3293,2021-07-16 17:55:00,NTLA
137.7988,137.97,136.84,136.84,6414,2021-07-16 18:00:00,NTLA
137.1199,137.4799,136.82,137.23,5983,2021-07-16 18:05:00,NTLA
137.1,137.1,136.739,136.94,2942,2021-07-16 18:10:00,NTLA
137.1,138.06,136.986,137.7,2224,2021-07-16 18:15:00,NTLA
137.5001,137.74,137.2101,137.74,5290,2021-07-16 18:20:00,NTLA
137.79,137.85,137.02,137.02,1925,2021-07-16 18:25:00,NTLA
136.73,137.3599,136.73,137.08,4029,2021-07-16 18:30:00,NTLA
137.28,137.56,137.28,137.305,2600,2021-07-16 18:35:00,NTLA
137.47,137.65,137.4,137.65,5283,2021-07-16 18:40:00,NTLA
137.6714,137.6714,136.32,136.32,3168,2021-07-16 18:45:00,NTLA
136.26,136.62,135.88,136.1,6845,2021-07-16 18:50:00,NTLA
136.25,136.4,135.8018,135.92,3470,2021-07-16 18:55:00,NTLA
135.78,135.85,135.1892,135.265,4820,2021-07-16 19:00:00,NTLA
135.39,135.86,135.2001,135.78,8259,2021-07-16 19:05:00,NTLA
135.66,135.67,135.22,135.22,8236,2021-07-16 19:10:00,NTLA
135.4147,135.4147,135.19,135.21,9908,2021-07-16 19:15:00,NTLA
135.37,135.4725,134.94,135.05,20909,2021-07-16 19:20:00,NTLA
135.08,135.22,134.44,134.58,6135,2021-07-16 19:25:00,NTLA
134.48,135.2,134.33,134.9,11119,2021-07-16 19:30:00,NTLA
134.875,134.9699,134.64,134.75,8136,2021-07-16 19:35:00,NTLA
134.735,135.23,134.6501,134.9399,10049,2021-07-16 19:40:00,NTLA
134.73,135.13,134.67,135.13,12808,2021-07-16 19:45:00,NTLA
135.02,135.39,134.75,135.3,15378,2021-07-16 19:50:00,NTLA
135.24,135.54,134.91,134.91,51375,2021-07-16 19:55:00,NTLA
135.25,135.25,135.25,135.25,103017,2021-07-16 20:00:00,NTLA
134.75,135.75,134.75,135.75,960,2021-07-16 20:05:00,NTLA
135.0,137.99,135.0,137.99,427,2021-07-16 20:35:00,NTLA
135.1,135.1,135.1,135.1,773,2021-07-16 20:40:00,NTLA
135.0,135.0,135.0,135.0,3226,2021-07-16 20:45:00,NTLA
135.0,135.0,135.0,135.0,5300,2021-07-16 20:50:00,NTLA
134.9999,135.0,134.9999,135.0,300,2021-07-16 21:15:00,NTLA
134.9999,135.0,134.9999,135.0,276,2021-07-16 21:55:00,NTLA
134.0,134.0,134.0,134.0,100,2021-07-19 09:50:00,NTLA
134.0,134.0,134.0,134.0,100,2021-07-19 10:45:00,NTLA
133.0,133.0,133.0,133.0,133,2021-07-19 11:05:00,NTLA
132.0,132.0,131.0,131.0,400,2021-07-19 11:10:00,NTLA
130.5,130.5,130.5,130.5,290,2021-07-19 11:20:00,NTLA
130.5,130.5,130.5,130.5,102,2021-07-19 11:25:00,NTLA
130.25,130.25,130.07,130.07,340,2021-07-19 11:30:00,NTLA
130.0,130.01,130.0,130.0,350,2021-07-19 11:40:00,NTLA
130.75,130.75,130.75,130.75,900,2021-07-19 11:50:00,NTLA
130.38,130.38,130.38,130.38,100,2021-07-19 11:55:00,NTLA
130.38,130.38,130.38,130.38,110,2021-07-19 12:00:00,NTLA
131.0,131.0,131.0,131.0,190,2021-07-19 12:25:00,NTLA
130.81,130.81,130.8,130.8,300,2021-07-19 12:35:00,NTLA
130.38,130.38,130.38,130.38,400,2021-07-19 12:40:00,NTLA
130.02,130.02,130.02,130.02,100,2021-07-19 12:50:00,NTLA
130.02,130.02,130.02,130.02,199,2021-07-19 12:55:00,NTLA
130.25,130.25,129.98,129.98,3649,2021-07-19 13:10:00,NTLA
130.0,130.25,130.0,130.25,403,2021-07-19 13:20:00,NTLA
130.15,130.99,130.14,130.99,2316,2021-07-19 13:25:00,NTLA
131.6,133.41,130.84,131.67,48017,2021-07-19 13:30:00,NTLA
132.19,134.3,131.93,132.91,19704,2021-07-19 13:35:00,NTLA
132.76,135.88,132.66,135.305,22336,2021-07-19 13:40:00,NTLA
135.15,137.27,134.6,136.89,12712,2021-07-19 13:45:00,NTLA
136.32,137.5,134.14,134.2676,24160,2021-07-19 13:50:00,NTLA
135.17,135.17,133.385,134.26,26122,2021-07-19 13:55:00,NTLA
134.57,134.57,133.0301,133.88,37406,2021-07-19 14:00:00,NTLA
134.0,134.18,132.92,133.24,16570,2021-07-19 14:05:00,NTLA
133.18,133.24,131.6592,132.26,18984,2021-07-19 14:10:00,NTLA
132.13,133.695,132.0,133.365,6675,2021-07-19 14:15:00,NTLA
133.27,134.75,133.27,134.75,11535,2021-07-19 14:20:00,NTLA
134.51,135.6999,134.18,135.24,10378,2021-07-19 14:25:00,NTLA
135.0,135.9594,134.5701,135.725,9148,2021-07-19 14:30:00,NTLA
135.585,135.585,134.79,135.34,3810,2021-07-19 14:35:00,NTLA
135.73,137.5,135.73,136.5101,7983,2021-07-19 14:40:00,NTLA
136.52,137.19,136.26,137.19,4557,2021-07-19 14:45:00,NTLA
137.05,137.05,136.4,136.4,5023,2021-07-19 14:50:00,NTLA
135.96,136.03,134.8,134.94,9685,2021-07-19 14:55:00,NTLA
135.1,137.0,134.92,136.01,12259,2021-07-19 15:00:00,NTLA
135.845,137.01,135.7,136.44,3994,2021-07-19 15:05:00,NTLA
136.715,137.9999,136.5,137.3831,19467,2021-07-19 15:10:00,NTLA
137.758,137.758,137.1,137.475,4781,2021-07-19 15:15:00,NTLA
137.51,137.7219,136.4101,137.345,13888,2021-07-19 15:20:00,NTLA
137.09,137.62,136.67,137.61,10702,2021-07-19 15:25:00,NTLA
137.7,139.17,137.6,139.12,10276,2021-07-19 15:30:00,NTLA
138.8078,139.7599,138.8078,139.7562,10467,2021-07-19 15:35:00,NTLA
139.93,140.74,139.4,139.68,19133,2021-07-19 15:40:00,NTLA
139.9,140.07,138.69,139.8054,18116,2021-07-19 15:45:00,NTLA
139.91,140.2188,139.2,139.57,3614,2021-07-19 15:50:00,NTLA
139.57,139.9,138.94,139.048,3852,2021-07-19 15:55:00,NTLA
139.15,139.47,138.33,138.4,5321,2021-07-19 16:00:00,NTLA
138.4243,138.49,137.7867,138.06,6533,2021-07-19 16:05:00,NTLA
138.155,139.42,138.095,138.86,4973,2021-07-19 16:10:00,NTLA
139.51,139.51,138.61,138.795,2650,2021-07-19 16:15:00,NTLA
138.69,139.49,138.69,139.115,6396,2021-07-19 16:20:00,NTLA
139.3,139.71,139.15,139.52,3658,2021-07-19 16:25:00,NTLA
139.62,139.62,137.35,137.64,5862,2021-07-19 16:30:00,NTLA
137.52,137.76,137.15,137.29,2110,2021-07-19 16:35:00,NTLA
137.3,137.4399,136.83,137.4399,5813,2021-07-19 16:40:00,NTLA
137.39,137.3982,136.67,136.67,3056,2021-07-19 16:45:00,NTLA
136.6701,137.1,136.2,136.96,6288,2021-07-19 16:50:00,NTLA
136.7328,137.03,136.0828,137.03,4942,2021-07-19 16:55:00,NTLA
137.35,137.9007,137.174,137.74,2665,2021-07-19 17:00:00,NTLA
137.48,137.97,137.48,137.785,2364,2021-07-19 17:05:00,NTLA
137.81,138.15,137.675,138.15,3560,2021-07-19 17:10:00,NTLA
138.325,138.325,137.46,137.46,2100,2021-07-19 17:15:00,NTLA
137.465,138.285,137.385,138.285,2232,2021-07-19 17:20:00,NTLA
138.25,138.25,137.38,137.79,2381,2021-07-19 17:25:00,NTLA
137.765,137.765,136.53,136.76,13515,2021-07-19 17:30:00,NTLA
136.705,137.7883,136.625,137.7883,3870,2021-07-19 17:35:00,NTLA
138.0,138.0155,137.04,137.04,8088,2021-07-19 17:40:00,NTLA
137.31,138.61,137.07,137.45,6435,2021-07-19 17:45:00,NTLA
137.375,137.995,137.24,137.995,3175,2021-07-19 17:50:00,NTLA
138.26,138.64,138.26,138.56,1300,2021-07-19 17:55:00,NTLA
138.47,140.4699,138.47,139.205,15019,2021-07-19 18:00:00,NTLA
139.385,140.1199,138.88,139.18,4814,2021-07-19 18:05:00,NTLA
139.15,139.5,138.89,139.31,2822,2021-07-19 18:10:00,NTLA
139.64,139.81,139.43,139.475,2029,2021-07-19 18:15:00,NTLA
139.75,140.3744,139.385,139.385,7037,2021-07-19 18:20:00,NTLA
139.62,140.02,139.19,139.775,3810,2021-07-19 18:25:00,NTLA
140.05,140.23,138.95,139.52,4928,2021-07-19 18:30:00,NTLA
139.45,139.58,139.0001,139.25,5967,2021-07-19 18:35:00,NTLA
139.44,139.6,137.6,137.765,8532,2021-07-19 18:40:00,NTLA
137.795,139.4,137.72,139.135,5350,2021-07-19 18:45:00,NTLA
139.21,139.44,137.8,138.475,9350,2021-07-19 18:50:00,NTLA
138.69,139.44,138.09,138.82,7997,2021-07-19 18:55:00,NTLA
138.94,139.29,138.61,139.23,4247,2021-07-19 19:00:00,NTLA
139.3,140.215,139.115,139.85,11301,2021-07-19 19:05:00,NTLA
139.775,140.36,139.46,140.24,7329,2021-07-19 19:10:00,NTLA
140.24,140.4699,139.26,139.44,12994,2021-07-19 19:15:00,NTLA
139.56,140.41,139.37,140.39,10943,2021-07-19 19:20:00,NTLA
140.22,140.8,139.885,139.99,15127,2021-07-19 19:25:00,NTLA
139.845,139.965,139.1,139.6709,11531,2021-07-19 19:30:00,NTLA
139.3972,140.03,139.1915,139.9,12361,2021-07-19 19:35:00,NTLA
139.93,140.67,139.44,139.56,20122,2021-07-19 19:40:00,NTLA
139.52,139.52,138.89,139.125,9363,2021-07-19 19:45:00,NTLA
138.97,139.29,138.475,138.935,25137,2021-07-19 19:50:00,NTLA
138.84,139.17,138.44,139.08,52933,2021-07-19 19:55:00,NTLA
138.94,138.94,138.94,138.94,169918,2021-07-19 20:00:00,NTLA
138.94,138.94,138.94,138.94,936,2021-07-19 20:35:00,NTLA
139.0,139.0,139.0,139.0,100,2021-07-19 20:50:00,NTLA
142.0,142.0,142.0,142.0,200,2021-07-20 09:55:00,NTLA
143.0,143.24,143.0,143.24,200,2021-07-20 11:05:00,NTLA
141.77,141.77,141.77,141.77,200,2021-07-20 12:30:00,NTLA
142.85,142.85,142.85,142.85,100,2021-07-20 12:35:00,NTLA
141.77,141.77,141.77,141.77,329,2021-07-20 12:50:00,NTLA
142.5995,142.5995,142.5995,142.5995,300,2021-07-20 12:55:00,NTLA
140.0,141.01,140.0,141.01,200,2021-07-20 13:05:00,NTLA
140.46,140.46,140.46,140.46,100,2021-07-20 13:10:00,NTLA
140.5,140.5,140.49,140.49,400,2021-07-20 13:15:00,NTLA
140.5,140.7288,140.5,140.7288,314,2021-07-20 13:20:00,NTLA
139.76,141.449,137.27,139.615,33568,2021-07-20 13:30:00,NTLA
139.625,140.01,137.64,138.47,21459,2021-07-20 13:35:00,NTLA
138.49,138.86,137.64,138.29,34348,2021-07-20 13:40:00,NTLA
138.68,139.98,138.1501,139.66,12230,2021-07-20 13:45:00,NTLA
139.48,139.48,137.7,137.72,5436,2021-07-20 13:50:00,NTLA
137.72,139.51,137.72,139.34,12486,2021-07-20 13:55:00,NTLA
139.66,140.7238,138.18,138.66,20012,2021-07-20 14:00:00,NTLA
138.56,139.8327,138.18,139.62,11098,2021-07-20 14:05:00,NTLA
139.9399,140.1,139.3601,139.37,14180,2021-07-20 14:10:00,NTLA
139.635,140.2419,138.775,140.03,5499,2021-07-20 14:15:00,NTLA
139.72,139.9822,138.7908,138.7908,5611,2021-07-20 14:20:00,NTLA
138.74,138.74,137.23,137.6499,6244,2021-07-20 14:25:00,NTLA
137.33,137.66,135.5301,137.38,14294,2021-07-20 14:30:00,NTLA
137.43,138.17,136.7,138.16,6173,2021-07-20 14:35:00,NTLA
138.01,138.96,137.74,138.585,5877,2021-07-20 14:40:00,NTLA
138.525,139.5,138.525,139.325,3585,2021-07-20 14:45:00,NTLA
139.53,139.925,138.39,138.39,8405,2021-07-20 14:50:00,NTLA
138.435,139.32,138.29,139.08,3652,2021-07-20 14:55:00,NTLA
139.0256,139.29,138.045,138.045,5516,2021-07-20 15:00:00,NTLA
137.875,138.2004,137.71,138.14,4610,2021-07-20 15:05:00,NTLA
137.99,138.69,137.99,138.69,2100,2021-07-20 15:10:00,NTLA
138.6,139.075,138.37,139.075,3618,2021-07-20 15:15:00,NTLA
139.0,139.26,138.7101,139.255,4677,2021-07-20 15:20:00,NTLA
139.25,139.71,139.03,139.37,5238,2021-07-20 15:25:00,NTLA
139.02,139.06,137.97,138.53,3473,2021-07-20 15:30:00,NTLA
138.5999,138.6,137.5035,137.57,7325,2021-07-20 15:35:00,NTLA
137.59,138.23,137.57,138.15,4440,2021-07-20 15:40:00,NTLA
138.45,138.47,137.82,138.13,4249,2021-07-20 15:45:00,NTLA
138.37,138.44,138.07,138.395,28866,2021-07-20 15:50:00,NTLA
138.44,138.44,137.92,137.96,2674,2021-07-20 15:55:00,NTLA
138.092,139.68,138.09,139.52,8917,2021-07-20 16:00:00,NTLA
139.34,139.6799,138.13,138.26,5269,2021-07-20 16:05:00,NTLA
138.285,138.64,138.14,138.19,2150,2021-07-20 16:10:00,NTLA
138.185,138.34,137.7,137.7,3463,2021-07-20 16:15:00,NTLA
137.9894,137.9894,137.015,137.3463,5429,2021-07-20 16:20:00,NTLA
137.07,137.82,136.3792,136.3792,5119,2021-07-20 16:25:00,NTLA
136.55,137.22,136.55,136.9539,4315,2021-07-20 16:30:00,NTLA
136.85,137.1,136.85,136.98,5541,2021-07-20 16:35:00,NTLA
136.91,136.91,136.2,136.48,9322,2021-07-20 16:40:00,NTLA
136.71,137.15,136.47,136.47,5793,2021-07-20 16:45:00,NTLA
136.49,136.7,135.5,135.5,10484,2021-07-20 16:50:00,NTLA
135.34,135.63,135.0,135.23,40563,2021-07-20 16:55:00,NTLA
135.25,135.45,134.285,134.43,27368,2021-07-20 17:00:00,NTLA
134.52,134.96,134.21,134.43,5319,2021-07-20 17:05:00,NTLA
134.06,136.34,133.97,136.12,6495,2021-07-20 17:10:00,NTLA
136.24,136.28,135.98,136.28,2372,2021-07-20 17:15:00,NTLA
136.22,136.46,135.8704,135.8704,2936,2021-07-20 17:20:00,NTLA
135.9,136.6299,135.82,136.6299,3422,2021-07-20 17:25:00,NTLA
136.06,136.64,135.5201,136.64,2441,2021-07-20 17:30:00,NTLA
136.1949,137.03,136.1949,136.83,1720,2021-07-20 17:35:00,NTLA
136.82,137.84,136.82,137.45,3776,2021-07-20 17:40:00,NTLA
137.375,138.23,137.17,138.23,2600,2021-07-20 17:45:00,NTLA
138.005,138.5799,137.64,137.93,10902,2021-07-20 17:50:00,NTLA
137.55,137.81,137.16,137.81,7597,2021-07-20 17:55:00,NTLA
137.595,137.93,137.4,137.7326,3603,2021-07-20 18:00:00,NTLA
137.65,138.15,137.65,138.02,1450,2021-07-20 18:05:00,NTLA
138.55,138.55,138.21,138.37,1979,2021-07-20 18:10:00,NTLA
138.3,138.53,138.0,138.05,2085,2021-07-20 18:15:00,NTLA
138.3,138.79,137.685,137.88,3236,2021-07-20 18:20:00,NTLA
138.16,138.525,138.07,138.525,3420,2021-07-20 18:25:00,NTLA
138.46,139.11,138.46,138.78,3593,2021-07-20 18:30:00,NTLA
138.67,138.92,138.4,138.82,4884,2021-07-20 18:35:00,NTLA
138.72,138.8066,138.26,138.48,4461,2021-07-20 18:40:00,NTLA
138.7,139.0,138.51,138.98,3068,2021-07-20 18:45:00,NTLA
139.15,139.84,139.03,139.33,7167,2021-07-20 18:50:00,NTLA
139.35,139.73,139.17,139.355,2805,2021-07-20 18:55:00,NTLA
139.16,140.48,139.15,140.374,10065,2021-07-20 19:00:00,NTLA
140.5,140.7032,140.2001,140.51,8769,2021-07-20 19:05:00,NTLA
140.66,142.4499,140.65,141.88,23741,2021-07-20 19:10:00,NTLA
141.73,142.0372,141.3997,141.5525,6574,2021-07-20 19:15:00,NTLA
141.645,143.4299,141.4,143.0,29208,2021-07-20 19:20:00,NTLA
143.28,144.2199,142.7,143.8115,19605,2021-07-20 19:25:00,NTLA
143.69,144.3,143.509,143.63,19502,2021-07-20 19:30:00,NTLA
143.79,145.24,143.79,144.69,14013,2021-07-20 19:35:00,NTLA
144.43,145.14,143.955,145.0379,14198,2021-07-20 19:40:00,NTLA
145.06,145.78,144.67,145.38,21295,2021-07-20 19:45:00,NTLA
145.14,146.3399,144.19,146.095,64154,2021-07-20 19:50:00,NTLA
146.055,146.56,145.4,146.15,73607,2021-07-20 19:55:00,NTLA
146.12,146.12,146.12,146.12,174652,2021-07-20 20:00:00,NTLA
146.0,146.0,146.0,146.0,101,2021-07-20 20:05:00,NTLA
146.0,146.0,146.0,146.0,200,2021-07-20 21:15:00,NTLA
146.0,146.0,146.0,146.0,100,2021-07-20 21:25:00,NTLA
146.12,146.12,146.12,146.12,100,2021-07-21 12:40:00,NTLA
145.46,147.58,144.99,147.22,27588,2021-07-21 13:30:00,NTLA
147.53,147.53,144.51,145.14,21859,2021-07-21 13:35:00,NTLA
144.87,145.54,144.38,145.355,38641,2021-07-21 13:40:00,NTLA
145.12,145.78,142.6324,142.6324,34545,2021-07-21 13:45:00,NTLA
143.1,144.82,142.87,144.31,20266,2021-07-21 13:50:00,NTLA
145.05,146.43,144.71,145.23,10806,2021-07-21 13:55:00,NTLA
145.25,147.66,144.71,147.66,12491,2021-07-21 14:00:00,NTLA
147.7099,147.7099,145.615,145.9648,11994,2021-07-21 14:05:00,NTLA
145.96,146.035,142.93,143.09,11530,2021-07-21 14:10:00,NTLA
143.1161,144.7099,143.1161,144.2,7345,2021-07-21 14:15:00,NTLA
144.135,144.49,143.75,143.8,6265,2021-07-21 14:20:00,NTLA
144.14,144.27,143.15,143.15,13864,2021-07-21 14:25:00,NTLA
143.07,143.61,142.5,143.6,11931,2021-07-21 14:30:00,NTLA
143.98,144.46,143.52,144.37,5020,2021-07-21 14:35:00,NTLA
144.55,144.98,144.37,144.8,3885,2021-07-21 14:40:00,NTLA
144.93,144.93,142.99,143.38,10612,2021-07-21 14:45:00,NTLA
143.63,144.316,143.63,143.92,1900,2021-07-21 14:50:00,NTLA
143.81,145.28,143.81,145.0,7149,2021-07-21 14:55:00,NTLA
144.7829,145.38,144.7829,145.04,2383,2021-07-21 15:00:00,NTLA
145.19,146.29,145.19,146.03,6455,2021-07-21 15:05:00,NTLA
145.91,146.7257,145.81,146.36,6960,2021-07-21 15:10:00,NTLA
146.47,147.175,146.34,147.175,5634,2021-07-21 15:15:00,NTLA
147.12,147.43,146.2,147.41,4921,2021-07-21 15:20:00,NTLA
147.21,147.25,146.6413,146.9999,5809,2021-07-21 15:25:00,NTLA
146.79,148.2,146.61,148.18,12354,2021-07-21 15:30:00,NTLA
148.18,148.97,148.18,148.21,13835,2021-07-21 15:35:00,NTLA
148.2197,148.95,147.955,148.51,7745,2021-07-21 15:40:00,NTLA
148.5,149.57,148.1994,149.3,7533,2021-07-21 15:45:00,NTLA
149.35,149.35,148.47,148.83,9023,2021-07-21 15:50:00,NTLA
148.81,149.8,148.66,149.7499,23446,2021-07-21 15:55:00,NTLA
149.7499,150.5299,149.52,149.92,24609,2021-07-21 16:00:00,NTLA
150.1062,151.2,150.1062,151.155,11928,2021-07-21 16:05:00,NTLA
151.13,151.37,150.34,150.61,14222,2021-07-21 16:10:00,NTLA
150.785,151.7099,150.72,151.5912,6250,2021-07-21 16:15:00,NTLA
151.545,152.646,151.28,151.788,24817,2021-07-21 16:20:00,NTLA
151.83,152.12,151.27,151.58,7405,2021-07-21 16:25:00,NTLA
151.6,151.9699,151.33,151.64,5276,2021-07-21 16:30:00,NTLA
151.682,152.2384,151.682,152.2384,7796,2021-07-21 16:35:00,NTLA
152.11,152.579,151.96,152.252,7447,2021-07-21 16:40:00,NTLA
152.32,153.17,152.19,153.0361,11300,2021-07-21 16:45:00,NTLA
152.73,153.46,152.45,153.4516,5221,2021-07-21 16:50:00,NTLA
153.35,153.45,152.08,152.31,9579,2021-07-21 16:55:00,NTLA
152.305,153.18,152.305,152.8052,6099,2021-07-21 17:00:00,NTLA
152.68,152.93,152.43,152.77,4050,2021-07-21 17:05:00,NTLA
152.61,153.4299,152.48,153.34,5435,2021-07-21 17:10:00,NTLA
153.43,153.6,152.42,153.21,5983,2021-07-21 17:15:00,NTLA
153.3972,153.3972,152.67,153.03,5639,2021-07-21 17:20:00,NTLA
153.185,153.185,152.1,152.1,10311,2021-07-21 17:25:00,NTLA
152.01,152.2024,151.36,151.95,10743,2021-07-21 17:30:00,NTLA
152.2,153.505,152.2,152.98,20367,2021-07-21 17:35:00,NTLA
152.93,153.1799,151.62,151.73,11246,2021-07-21 17:40:00,NTLA
151.735,151.735,150.0901,150.46,9122,2021-07-21 17:45:00,NTLA
150.34,150.34,149.68,150.25,3910,2021-07-21 17:50:00,NTLA
150.05,150.49,150.0,150.35,13008,2021-07-21 17:55:00,NTLA
150.125,150.72,150.0,150.0,5073,2021-07-21 18:00:00,NTLA
150.095,150.255,149.25,149.25,7982,2021-07-21 18:05:00,NTLA
149.13,149.61,148.8838,149.23,13883,2021-07-21 18:10:00,NTLA
149.0,149.3,148.57,148.57,3459,2021-07-21 18:15:00,NTLA
148.74,148.74,148.12,148.47,5173,2021-07-21 18:20:00,NTLA
148.5976,149.05,148.4,148.8,3560,2021-07-21 18:25:00,NTLA
148.85,149.26,148.655,148.83,7026,2021-07-21 18:30:00,NTLA
148.68,148.92,148.3601,148.91,5573,2021-07-21 18:35:00,NTLA
149.11,149.77,149.09,149.77,8815,2021-07-21 18:40:00,NTLA
149.8,150.38,149.8,150.085,14651,2021-07-21 18:45:00,NTLA
150.25,150.78,150.22,150.78,7215,2021-07-21 18:50:00,NTLA
150.73,151.1901,150.54,150.905,7967,2021-07-21 18:55:00,NTLA
150.93,151.35,150.83,150.9,3990,2021-07-21 19:00:00,NTLA
150.7301,150.94,150.42,150.8,15390,2021-07-21 19:05:00,NTLA
150.84,151.14,150.79,151.03,34121,2021-07-21 19:10:00,NTLA
151.1811,152.31,151.1811,151.9201,11041,2021-07-21 19:15:00,NTLA
152.0,152.16,151.2301,151.85,10595,2021-07-21 19:20:00,NTLA
151.865,152.36,151.73,151.895,9855,2021-07-21 19:25:00,NTLA
151.85,152.05,151.46,151.6513,10176,2021-07-21 19:30:00,NTLA
151.79,152.43,151.47,152.35,12045,2021-07-21 19:35:00,NTLA
152.35,152.5,151.94,152.44,9647,2021-07-21 19:40:00,NTLA
152.24,152.9099,152.23,152.2501,21916,2021-07-21 19:45:00,NTLA
152.25,152.77,151.36,152.77,37090,2021-07-21 19:50:00,NTLA
152.645,153.46,152.52,152.95,119218,2021-07-21 19:55:00,NTLA
152.75,152.75,152.75,152.75,108474,2021-07-21 20:00:00,NTLA
152.75,152.75,152.75,152.75,100,2021-07-21 20:15:00,NTLA
152.75,152.75,152.75,152.75,7958,2021-07-21 20:55:00,NTLA
152.7474,152.75,152.7474,152.75,200,2021-07-21 21:00:00,NTLA
152.7434,152.7434,152.7434,152.7434,100,2021-07-21 21:20:00,NTLA
153.5,153.5,153.5,153.5,179,2021-07-21 22:10:00,NTLA
151.6,152.26,151.6,152.26,275,2021-07-22 13:00:00,NTLA
152.6,154.55,152.14,153.8576,30947,2021-07-22 13:30:00,NTLA
153.54,153.65,152.12,152.12,11338,2021-07-22 13:35:00,NTLA
152.6578,152.6578,150.78,150.78,3612,2021-07-22 13:40:00,NTLA
151.28,151.28,148.41,149.0581,24403,2021-07-22 13:45:00,NTLA
149.13,149.21,146.34,148.53,23847,2021-07-22 13:50:00,NTLA
148.0,148.97,147.5,148.05,7832,2021-07-22 13:55:00,NTLA
148.4,149.36,148.0,148.615,38578,2021-07-22 14:00:00,NTLA
148.37,148.88,147.84,148.8422,21186,2021-07-22 14:05:00,NTLA
148.825,149.4,147.5,147.95,17572,2021-07-22 14:10:00,NTLA
147.51,148.5302,146.94,148.5302,13933,2021-07-22 14:15:00,NTLA
148.53,148.53,146.38,148.21,24033,2021-07-22 14:20:00,NTLA
148.14,150.09,148.14,149.25,15528,2021-07-22 14:25:00,NTLA
149.21,149.55,148.131,149.21,12832,2021-07-22 14:30:00,NTLA
149.04,149.9472,148.8,149.64,8069,2021-07-22 14:35:00,NTLA
149.36,150.3311,149.21,150.15,16198,2021-07-22 14:40:00,NTLA
149.9,150.66,149.64,150.16,9944,2021-07-22 14:45:00,NTLA
150.32,150.35,148.5,148.78,31246,2021-07-22 14:50:00,NTLA
148.815,149.14,148.2,148.23,10660,2021-07-22 14:55:00,NTLA
148.215,149.3799,148.0,149.095,11446,2021-07-22 15:00:00,NTLA
149.2,149.2,148.25,148.47,8709,2021-07-22 15:05:00,NTLA
148.63,149.08,148.2,148.2558,3255,2021-07-22 15:10:00,NTLA
148.25,148.63,147.32,148.63,10064,2021-07-22 15:15:00,NTLA
148.53,148.53,147.5058,147.76,4585,2021-07-22 15:20:00,NTLA
147.88,149.2,147.5,148.85,6064,2021-07-22 15:25:00,NTLA
148.63,149.82,148.2,149.48,5585,2021-07-22 15:30:00,NTLA
149.58,150.45,149.52,149.66,15701,2021-07-22 15:35:00,NTLA
149.64,150.32,149.36,149.645,5113,2021-07-22 15:40:00,NTLA
149.79,150.22,149.38,149.84,6581,2021-07-22 15:45:00,NTLA
150.09,150.47,149.99,150.0901,15546,2021-07-22 15:50:00,NTLA
150.33,150.89,150.18,150.56,18641,2021-07-22 15:55:00,NTLA
150.4601,150.72,149.6,149.625,5633,2021-07-22 16:00:00,NTLA
149.42,149.94,148.5,148.93,10513,2021-07-22 16:05:00,NTLA
148.93,149.29,148.5301,148.83,8268,2021-07-22 16:10:00,NTLA
149.12,149.21,148.28,148.6,3460,2021-07-22 16:15:00,NTLA
148.6775,149.32,148.5,149.0499,2473,2021-07-22 16:20:00,NTLA
149.03,149.84,148.98,149.84,5289,2021-07-22 16:25:00,NTLA
149.66,149.67,149.32,149.4,2748,2021-07-22 16:30:00,NTLA
149.5,150.16,149.5,149.96,5687,2021-07-22 16:35:00,NTLA
149.87,149.87,148.65,149.1721,8280,2021-07-22 16:40:00,NTLA
148.95,149.43,148.89,149.05,10265,2021-07-22 16:45:00,NTLA
149.045,149.22,148.51,148.51,2050,2021-07-22 16:50:00,NTLA
148.5325,148.98,148.23,148.98,1421,2021-07-22 16:55:00,NTLA
148.98,149.23,148.36,148.36,1200,2021-07-22 17:00:00,NTLA
148.63,148.633,148.06,148.06,5691,2021-07-22 17:05:00,NTLA
148.2,148.77,148.2,148.71,3400,2021-07-22 17:10:00,NTLA
148.55,148.99,148.26,148.895,7697,2021-07-22 17:15:00,NTLA
148.62,148.86,148.24,148.535,12372,2021-07-22 17:20:00,NTLA
148.5925,149.26,148.43,149.26,8917,2021-07-22 17:25:00,NTLA
149.26,149.26,148.77,148.98,1892,2021-07-22 17:30:00,NTLA
148.7,149.09,148.7,148.8,4000,2021-07-22 17:35:00,NTLA
148.805,148.82,148.43,148.605,7359,2021-07-22 17:40:00,NTLA
148.95,149.42,148.95,149.175,3171,2021-07-22 17:45:00,NTLA
148.97,148.97,148.49,148.91,3703,2021-07-22 17:50:00,NTLA
149.0,149.24,148.7,148.98,5139,2021-07-22 17:55:00,NTLA
148.68,148.82,148.2814,148.39,6685,2021-07-22 18:00:00,NTLA
148.565,148.86,148.39,148.785,7124,2021-07-22 18:05:00,NTLA
148.785,149.3,148.59,149.1488,3556,2021-07-22 18:10:00,NTLA
149.33,149.7,149.16,149.54,6270,2021-07-22 18:15:00,NTLA
149.73,149.81,149.27,149.6741,3176,2021-07-22 18:20:00,NTLA
149.77,149.875,149.53,149.87,13312,2021-07-22 18:25:00,NTLA
149.76,149.8801,149.5501,149.7732,10429,2021-07-22 18:30:00,NTLA
149.7092,149.7092,149.07,149.46,4704,2021-07-22 18:35:00,NTLA
149.15,149.22,148.49,148.765,1032,2021-07-22 18:40:00,NTLA
148.635,149.17,148.585,148.88,2751,2021-07-22 18:45:00,NTLA
149.13,149.13,148.72,148.82,1900,2021-07-22 18:50:00,NTLA
148.77,149.2813,148.77,149.185,1849,2021-07-22 18:55:00,NTLA
148.99,149.165,148.985,149.15,2029,2021-07-22 19:00:00,NTLA
149.17,149.59,149.01,149.59,11682,2021-07-22 19:05:00,NTLA
149.57,149.58,149.28,149.37,4658,2021-07-22 19:10:00,NTLA
149.435,149.58,149.21,149.41,10442,2021-07-22 19:15:00,NTLA
149.41,149.51,149.04,149.06,5214,2021-07-22 19:20:00,NTLA
149.09,149.37,148.93,149.03,6304,2021-07-22 19:25:00,NTLA
148.8,148.88,148.56,148.7,4592,2021-07-22 19:30:00,NTLA
148.695,148.79,147.85,147.96,3424,2021-07-22 19:35:00,NTLA
147.85,148.05,147.11,147.425,3551,2021-07-22 19:40:00,NTLA
147.22,147.75,147.2,147.75,11074,2021-07-22 19:45:00,NTLA
147.37,147.97,147.3,147.58,15640,2021-07-22 19:50:00,NTLA
147.5,148.325,147.5,147.88,36037,2021-07-22 19:55:00,NTLA
147.88,147.88,147.88,147.88,59699,2021-07-22 20:00:00,NTLA
147.099,147.099,147.0,147.0,300,2021-07-22 20:15:00,NTLA
147.8,147.8,147.8,147.8,119,2021-07-22 20:45:00,NTLA
147.88,147.88,147.88,147.88,2464,2021-07-22 21:20:00,NTLA
147.5,147.5,147.0,147.0,1500,2021-07-23 13:15:00,NTLA
147.0014,147.0014,147.0014,147.0014,101,2021-07-23 13:25:00,NTLA
147.37,147.99,143.56,144.5,34391,2021-07-23 13:30:00,NTLA
144.71,145.54,143.6765,143.9,7485,2021-07-23 13:35:00,NTLA
144.1301,145.02,143.72,144.97,17468,2021-07-23 13:40:00,NTLA
145.04,145.4316,143.108,143.1992,7933,2021-07-23 13:45:00,NTLA
143.2,143.64,140.34,142.665,55758,2021-07-23 13:50:00,NTLA
141.49,142.4928,141.01,141.25,7879,2021-07-23 13:55:00,NTLA
141.26,141.26,139.4585,140.735,15133,2021-07-23 14:00:00,NTLA
140.0,140.9099,138.2,139.188,15613,2021-07-23 14:05:00,NTLA
139.41,139.8499,137.93,138.5,25121,2021-07-23 14:10:00,NTLA
138.66,140.8199,138.64,140.55,7775,2021-07-23 14:15:00,NTLA
140.13,141.308,139.38,141.191,49976,2021-07-23 14:20:00,NTLA
141.3852,142.32,140.82,141.905,7117,2021-07-23 14:25:00,NTLA
142.2,142.63,141.74,142.38,4961,2021-07-23 14:30:00,NTLA
142.0,142.26,140.28,140.48,8799,2021-07-23 14:35:00,NTLA
140.3983,140.84,139.9,140.115,4797,2021-07-23 14:40:00,NTLA
140.0,140.43,139.8,140.12,5127,2021-07-23 14:45:00,NTLA
140.315,140.93,140.0,140.84,4541,2021-07-23 14:50:00,NTLA
140.45,140.75,139.58,139.725,9580,2021-07-23 14:55:00,NTLA
139.58,139.99,138.75,139.99,30408,2021-07-23 15:00:00,NTLA
139.96,140.0,139.1,139.94,16589,2021-07-23 15:05:00,NTLA
140.27,140.51,139.85,140.3,4724,2021-07-23 15:10:00,NTLA
140.5,140.8683,140.01,140.02,3840,2021-07-23 15:15:00,NTLA
140.5,141.2399,140.1,141.2299,5095,2021-07-23 15:20:00,NTLA
141.105,141.93,141.105,141.53,7610,2021-07-23 15:25:00,NTLA
141.55,142.76,141.26,142.76,24766,2021-07-23 15:30:00,NTLA
142.475,143.72,142.475,143.36,9954,2021-07-23 15:35:00,NTLA
143.67,143.67,142.06,142.2,5115,2021-07-23 15:40:00,NTLA
141.98,142.04,140.85,141.225,5006,2021-07-23 15:45:00,NTLA
141.22,141.49,140.8,140.8,14298,2021-07-23 15:50:00,NTLA
140.72,140.91,140.2,140.2,2296,2021-07-23 15:55:00,NTLA
139.67,140.15,139.37,139.6418,3608,2021-07-23 16:00:00,NTLA
139.4733,140.16,139.45,139.64,2144,2021-07-23 16:05:00,NTLA
140.14,140.25,139.67,139.715,1569,2021-07-23 16:10:00,NTLA
139.54,140.1353,139.5,140.0,4866,2021-07-23 16:15:00,NTLA
139.9,140.17,139.2001,139.57,1740,2021-07-23 16:20:00,NTLA
139.49,139.49,138.7,138.7,3193,2021-07-23 16:25:00,NTLA
138.55,138.6,138.4139,138.4139,4665,2021-07-23 16:30:00,NTLA
138.65,139.46,138.65,138.93,5187,2021-07-23 16:35:00,NTLA
139.46,139.95,138.89,138.89,6946,2021-07-23 16:40:00,NTLA
138.98,139.9,138.98,139.34,11875,2021-07-23 16:45:00,NTLA
139.42,139.5564,138.8301,138.8301,7141,2021-07-23 16:50:00,NTLA
139.01,139.01,138.614,138.7701,2910,2021-07-23 16:55:00,NTLA
138.775,139.0259,138.585,138.8109,5100,2021-07-23 17:00:00,NTLA
139.0,139.0,138.61,138.685,800,2021-07-23 17:05:00,NTLA
138.68,138.9153,138.4527,138.6899,3216,2021-07-23 17:10:00,NTLA
138.59,138.73,137.55,137.6501,9248,2021-07-23 17:15:00,NTLA
137.95,138.29,137.8,138.29,1575,2021-07-23 17:20:00,NTLA
138.33,138.49,137.87,138.33,2436,2021-07-23 17:25:00,NTLA
138.4538,138.49,138.04,138.3918,3365,2021-07-23 17:30:00,NTLA
138.495,138.64,138.1,138.64,3133,2021-07-23 17:35:00,NTLA
138.624,139.0,138.36,138.97,2349,2021-07-23 17:40:00,NTLA
139.08,139.3099,138.6,138.98,3370,2021-07-23 17:45:00,NTLA
138.86,139.5,138.71,139.25,3564,2021-07-23 17:50:00,NTLA
139.235,139.59,138.87,139.59,7023,2021-07-23 17:55:00,NTLA
139.04,139.13,138.72,138.8404,1780,2021-07-23 18:00:00,NTLA
139.03,139.58,138.67,139.09,1800,2021-07-23 18:05:00,NTLA
139.285,139.99,139.0,139.0,9165,2021-07-23 18:10:00,NTLA
139.16,139.5,139.0,139.5,1742,2021-07-23 18:15:00,NTLA
139.2,139.61,139.1389,139.23,4791,2021-07-23 18:20:00,NTLA
139.38,139.44,138.66,138.78,4041,2021-07-23 18:25:00,NTLA
138.72,139.02,138.6074,138.815,2870,2021-07-23 18:30:00,NTLA
138.82,139.0499,138.58,138.58,1417,2021-07-23 18:35:00,NTLA
138.38,138.545,138.08,138.3132,9763,2021-07-23 18:40:00,NTLA
138.33,138.334,137.92,137.995,2751,2021-07-23 18:45:00,NTLA
137.94,138.26,137.73,138.0996,5389,2021-07-23 18:50:00,NTLA
138.25,138.3999,138.06,138.2965,2095,2021-07-23 18:55:00,NTLA
138.39,138.39,137.8001,137.97,2819,2021-07-23 19:00:00,NTLA
137.99,138.76,137.98,138.62,20407,2021-07-23 19:05:00,NTLA
138.605,139.26,138.6,139.26,2944,2021-07-23 19:10:00,NTLA
139.3999,139.3999,138.7101,138.785,6605,2021-07-23 19:15:00,NTLA
138.908,138.908,138.31,138.5,3973,2021-07-23 19:20:00,NTLA
138.47,138.47,137.59,137.705,6601,2021-07-23 19:25:00,NTLA
137.81,138.0,137.7264,137.85,6686,2021-07-23 19:30:00,NTLA
137.9087,138.1,137.75,137.91,4581,2021-07-23 19:35:00,NTLA
137.9668,138.22,137.7708,137.7708,14145,2021-07-23 19:40:00,NTLA
137.87,138.1,137.82,137.98,9604,2021-07-23 19:45:00,NTLA
138.02,138.06,137.76,138.06,12622,2021-07-23 19:50:00,NTLA
138.0,138.02,137.41,137.8,36294,2021-07-23 19:55:00,NTLA
137.71,137.71,137.71,137.71,33707,2021-07-23 20:00:00,NTLA
138.48,138.48,138.48,138.48,187,2021-07-23 20:10:00,NTLA
