open,high,low,close,volume,datetime,symbol
1.03,1.03,1.03,1.03,323,2021-06-01 08:00:00,AVGR
1.0,1.0,1.0,1.0,105,2021-06-01 08:17:00,AVGR
0.9837,0.9837,0.9837,0.9837,560,2021-06-01 08:25:00,AVGR
0.98,0.98,0.98,0.98,4652,2021-06-01 08:26:00,AVGR
0.99,0.99,0.99,0.99,500,2021-06-01 08:34:00,AVGR
0.99,0.99,0.99,0.99,480,2021-06-01 08:37:00,AVGR
1.02,1.02,1.02,1.02,600,2021-06-01 08:52:00,AVGR
1.02,1.02,1.02,1.02,100,2021-06-01 10:25:00,AVGR
1.02,1.02,1.02,1.02,100,2021-06-01 11:00:00,AVGR
1.02,1.02,1.02,1.02,100,2021-06-01 11:01:00,AVGR
1.02,1.02,1.02,1.02,300,2021-06-01 11:25:00,AVGR
1.01,1.01,1.01,1.01,3710,2021-06-01 11:28:00,AVGR
1.01,1.01,1.01,1.01,100,2021-06-01 11:40:00,AVGR
1.01,1.01,1.01,1.01,1782,2021-06-01 11:50:00,AVGR
1.02,1.02,1.02,1.02,3688,2021-06-01 11:57:00,AVGR
1.02,1.02,1.02,1.02,1000,2021-06-01 12:02:00,AVGR
1.02,1.02,1.02,1.02,200,2021-06-01 12:03:00,AVGR
1.02,1.02,1.02,1.02,100,2021-06-01 12:04:00,AVGR
1.02,1.02,1.02,1.02,200,2021-06-01 12:06:00,AVGR
1.02,1.02,1.02,1.02,2945,2021-06-01 12:08:00,AVGR
1.02,1.02,1.02,1.02,5000,2021-06-01 12:11:00,AVGR
1.02,1.02,1.02,1.02,200,2021-06-01 12:16:00,AVGR
1.02,1.02,1.02,1.02,200,2021-06-01 12:18:00,AVGR
1.02,1.02,1.02,1.02,500,2021-06-01 12:19:00,AVGR
1.02,1.02,1.02,1.02,500,2021-06-01 12:39:00,AVGR
1.02,1.02,1.02,1.02,2016,2021-06-01 12:43:00,AVGR
1.02,1.02,1.02,1.02,11888,2021-06-01 12:46:00,AVGR
1.02,1.02,1.02,1.02,3277,2021-06-01 12:47:00,AVGR
1.02,1.02,1.02,1.02,600,2021-06-01 12:49:00,AVGR
1.0299,1.0299,1.0299,1.0299,5000,2021-06-01 12:56:00,AVGR
1.03,1.03,1.03,1.03,2000,2021-06-01 12:59:00,AVGR
1.02,1.02,1.02,1.02,1000,2021-06-01 13:01:00,AVGR
1.02,1.02,1.02,1.02,500,2021-06-01 13:02:00,AVGR
1.03,1.03,1.03,1.03,195,2021-06-01 13:07:00,AVGR
1.0101,1.0101,1.01,1.01,17000,2021-06-01 13:09:00,AVGR
1.01,1.01,1.01,1.01,5000,2021-06-01 13:17:00,AVGR
1.03,1.03,1.03,1.03,450,2021-06-01 13:18:00,AVGR
1.03,1.03,1.03,1.03,5000,2021-06-01 13:24:00,AVGR
1.02,1.02,1.02,1.02,2000,2021-06-01 13:26:00,AVGR
1.0154,1.0154,1.0154,1.0154,259,2021-06-01 13:27:00,AVGR
1.02,1.03,1.02,1.02,30664,2021-06-01 13:30:00,AVGR
1.025,1.025,1.025,1.025,210,2021-06-01 13:31:00,AVGR
1.02,1.03,1.02,1.03,653,2021-06-01 13:32:00,AVGR
1.03,1.03,1.03,1.03,17484,2021-06-01 13:33:00,AVGR
1.03,1.04,1.029,1.04,4168,2021-06-01 13:34:00,AVGR
1.0318,1.04,1.0318,1.0384,698,2021-06-01 13:35:00,AVGR
1.04,1.05,1.04,1.0405,15996,2021-06-01 13:36:00,AVGR
1.04,1.05,1.04,1.05,2314,2021-06-01 13:37:00,AVGR
1.0441,1.0441,1.04,1.04,15310,2021-06-01 13:38:00,AVGR
1.04,1.04,1.0301,1.04,976,2021-06-01 13:39:00,AVGR
1.04,1.04,1.0326,1.0326,4220,2021-06-01 13:41:00,AVGR
1.04,1.05,1.04,1.0445,3031,2021-06-01 13:42:00,AVGR
1.0409,1.05,1.04,1.04,6166,2021-06-01 13:44:00,AVGR
1.05,1.05,1.04,1.04,6500,2021-06-01 13:45:00,AVGR
1.04,1.045,1.04,1.04,1503,2021-06-01 13:47:00,AVGR
1.0424,1.0424,1.0424,1.0424,395,2021-06-01 13:48:00,AVGR
1.04,1.0422,1.04,1.0402,8698,2021-06-01 13:49:00,AVGR
1.045,1.0479,1.04,1.04,6792,2021-06-01 13:50:00,AVGR
1.035,1.04,1.035,1.04,3400,2021-06-01 13:52:00,AVGR
1.04,1.04,1.04,1.04,300,2021-06-01 13:53:00,AVGR
1.03,1.03,1.03,1.03,505,2021-06-01 13:54:00,AVGR
1.0385,1.0385,1.0385,1.0385,290,2021-06-01 13:55:00,AVGR
1.0386,1.0386,1.0386,1.0386,1000,2021-06-01 13:56:00,AVGR
1.04,1.04,1.0385,1.0385,553,2021-06-01 13:57:00,AVGR
1.0301,1.0325,1.0301,1.0325,6208,2021-06-01 13:58:00,AVGR
1.0301,1.0323,1.03,1.03,1275,2021-06-01 13:59:00,AVGR
1.035,1.04,1.035,1.04,1980,2021-06-01 14:00:00,AVGR
1.0312,1.0312,1.0312,1.0312,2500,2021-06-01 14:01:00,AVGR
1.0383,1.0383,1.0383,1.0383,1150,2021-06-01 14:02:00,AVGR
1.03,1.035,1.03,1.0329,333,2021-06-01 14:05:00,AVGR
1.03,1.04,1.03,1.04,3700,2021-06-01 14:06:00,AVGR
1.035,1.04,1.03,1.04,3700,2021-06-01 14:07:00,AVGR
1.0314,1.0314,1.0314,1.0314,200,2021-06-01 14:08:00,AVGR
1.031,1.04,1.03,1.0385,1245,2021-06-01 14:10:00,AVGR
1.0318,1.0318,1.0318,1.0318,720,2021-06-01 14:11:00,AVGR
1.03,1.04,1.03,1.04,2388,2021-06-01 14:12:00,AVGR
1.03,1.03,1.03,1.03,4470,2021-06-01 14:13:00,AVGR
1.03,1.03,1.03,1.03,2700,2021-06-01 14:14:00,AVGR
1.0216,1.025,1.0216,1.025,600,2021-06-01 14:15:00,AVGR
1.02,1.025,1.02,1.025,250,2021-06-01 14:18:00,AVGR
1.02,1.03,1.02,1.03,1300,2021-06-01 14:19:00,AVGR
1.03,1.03,1.03,1.03,100,2021-06-01 14:21:00,AVGR
1.0285,1.03,1.0285,1.03,897,2021-06-01 14:22:00,AVGR
1.025,1.03,1.02,1.025,17588,2021-06-01 14:23:00,AVGR
1.028,1.028,1.02,1.021,4360,2021-06-01 14:24:00,AVGR
1.02,1.0292,1.02,1.0292,6800,2021-06-01 14:25:00,AVGR
1.025,1.0262,1.025,1.0262,2450,2021-06-01 14:26:00,AVGR
1.0285,1.0285,1.0285,1.0285,100,2021-06-01 14:27:00,AVGR
1.0285,1.0285,1.0285,1.0285,293,2021-06-01 14:29:00,AVGR
1.02,1.02,1.02,1.02,100,2021-06-01 14:30:00,AVGR
1.0299,1.0299,1.0299,1.0299,100,2021-06-01 14:31:00,AVGR
1.02,1.03,1.02,1.03,2200,2021-06-01 14:32:00,AVGR
1.0206,1.0206,1.0206,1.0206,5100,2021-06-01 14:33:00,AVGR
1.025,1.025,1.025,1.025,5000,2021-06-01 14:34:00,AVGR
1.0241,1.0241,1.02,1.02,2933,2021-06-01 14:35:00,AVGR
1.03,1.03,1.03,1.03,320,2021-06-01 14:36:00,AVGR
1.0276,1.0276,1.02,1.025,300,2021-06-01 14:39:00,AVGR
1.02,1.03,1.02,1.03,2731,2021-06-01 14:40:00,AVGR
1.0201,1.0201,1.0201,1.0201,400,2021-06-01 14:41:00,AVGR
1.0201,1.03,1.0201,1.0224,3199,2021-06-01 14:43:00,AVGR
1.0286,1.0286,1.0286,1.0286,1796,2021-06-01 14:45:00,AVGR
1.029,1.029,1.02,1.0219,400,2021-06-01 14:47:00,AVGR
1.0283,1.03,1.025,1.025,6602,2021-06-01 14:48:00,AVGR
1.025,1.025,1.02,1.022,1885,2021-06-01 14:51:00,AVGR
1.02,1.02,1.02,1.02,1000,2021-06-01 14:52:00,AVGR
1.025,1.025,1.0205,1.025,6000,2021-06-01 14:54:00,AVGR
1.02,1.02,1.02,1.02,100,2021-06-01 14:55:00,AVGR
1.029,1.03,1.025,1.0278,28900,2021-06-01 14:56:00,AVGR
1.025,1.025,1.025,1.025,141,2021-06-01 14:57:00,AVGR
1.03,1.03,1.02,1.02,2200,2021-06-01 14:58:00,AVGR
1.021,1.0213,1.02,1.02,1593,2021-06-01 14:59:00,AVGR
1.03,1.03,1.03,1.03,1289,2021-06-01 15:00:00,AVGR
1.02,1.02,1.02,1.02,100,2021-06-01 15:03:00,AVGR
1.025,1.025,1.025,1.025,200,2021-06-01 15:04:00,AVGR
1.021,1.03,1.02,1.02,6946,2021-06-01 15:05:00,AVGR
1.02,1.0281,1.02,1.0281,1200,2021-06-01 15:07:00,AVGR
1.0211,1.03,1.02,1.03,440,2021-06-01 15:08:00,AVGR
1.02,1.02,1.02,1.02,100,2021-06-01 15:09:00,AVGR
1.025,1.025,1.025,1.025,100,2021-06-01 15:11:00,AVGR
1.025,1.03,1.025,1.03,2600,2021-06-01 15:12:00,AVGR
1.02,1.02,1.02,1.02,181,2021-06-01 15:13:00,AVGR
1.02,1.03,1.02,1.03,1100,2021-06-01 15:14:00,AVGR
1.02,1.0244,1.02,1.0244,1500,2021-06-01 15:15:00,AVGR
1.0207,1.0207,1.02,1.02,2811,2021-06-01 15:16:00,AVGR
1.0211,1.025,1.0211,1.025,1200,2021-06-01 15:17:00,AVGR
1.0201,1.0201,1.0201,1.0201,100,2021-06-01 15:19:00,AVGR
1.03,1.03,1.028,1.028,1500,2021-06-01 15:21:00,AVGR
1.02,1.0252,1.02,1.0252,500,2021-06-01 15:22:00,AVGR
1.03,1.03,1.0205,1.0205,5588,2021-06-01 15:23:00,AVGR
1.02,1.03,1.02,1.03,1599,2021-06-01 15:24:00,AVGR
1.03,1.03,1.02,1.0293,15700,2021-06-01 15:25:00,AVGR
1.0299,1.0299,1.0299,1.0299,5000,2021-06-01 15:26:00,AVGR
1.03,1.03,1.02,1.02,6400,2021-06-01 15:27:00,AVGR
1.0292,1.0299,1.02,1.02,10200,2021-06-01 15:28:00,AVGR
1.0299,1.0299,1.0299,1.0299,2000,2021-06-01 15:29:00,AVGR
1.0299,1.0299,1.0299,1.0299,5000,2021-06-01 15:30:00,AVGR
1.02,1.0285,1.02,1.0285,400,2021-06-01 15:32:00,AVGR
1.0201,1.0201,1.0201,1.0201,1500,2021-06-01 15:33:00,AVGR
1.025,1.03,1.0201,1.0201,1829,2021-06-01 15:34:00,AVGR
1.02,1.0288,1.02,1.02,1200,2021-06-01 15:35:00,AVGR
1.02,1.02,1.02,1.02,100,2021-06-01 15:36:00,AVGR
1.03,1.03,1.03,1.03,32718,2021-06-01 15:37:00,AVGR
1.03,1.0301,1.03,1.0301,30674,2021-06-01 15:38:00,AVGR
1.03,1.03,1.03,1.03,216,2021-06-01 15:39:00,AVGR
1.03,1.03,1.03,1.03,1000,2021-06-01 15:40:00,AVGR
1.03,1.03,1.03,1.03,2000,2021-06-01 15:41:00,AVGR
1.0363,1.0363,1.0363,1.0363,125,2021-06-01 15:42:00,AVGR
1.03,1.03,1.03,1.03,22479,2021-06-01 15:43:00,AVGR
1.03,1.035,1.03,1.03,2365,2021-06-01 15:44:00,AVGR
1.03,1.0307,1.03,1.0301,2000,2021-06-01 15:45:00,AVGR
1.03,1.03,1.03,1.03,900,2021-06-01 15:46:00,AVGR
1.03,1.03,1.02,1.0294,10433,2021-06-01 15:47:00,AVGR
1.03,1.03,1.0299,1.0299,2185,2021-06-01 15:48:00,AVGR
1.03,1.03,1.03,1.03,300,2021-06-01 15:51:00,AVGR
1.02,1.02,1.02,1.02,100,2021-06-01 15:53:00,AVGR
1.02,1.02,1.02,1.02,100,2021-06-01 15:54:00,AVGR
1.0259,1.03,1.0259,1.03,1599,2021-06-01 15:55:00,AVGR
1.0201,1.03,1.02,1.03,4350,2021-06-01 15:56:00,AVGR
1.0201,1.0201,1.02,1.02,909,2021-06-01 15:57:00,AVGR
1.025,1.0294,1.025,1.0294,5100,2021-06-01 15:58:00,AVGR
1.02,1.03,1.02,1.02,2720,2021-06-01 15:59:00,AVGR
1.0287,1.0287,1.0287,1.0287,1000,2021-06-01 16:01:00,AVGR
1.02,1.03,1.02,1.025,7137,2021-06-01 16:03:00,AVGR
1.03,1.03,1.03,1.03,200,2021-06-01 16:04:00,AVGR
1.03,1.037,1.03,1.03,16357,2021-06-01 16:05:00,AVGR
1.03,1.03,1.025,1.0261,2000,2021-06-01 16:06:00,AVGR
1.0223,1.03,1.0223,1.03,1000,2021-06-01 16:07:00,AVGR
1.025,1.0289,1.025,1.0289,1100,2021-06-01 16:08:00,AVGR
1.025,1.025,1.025,1.025,600,2021-06-01 16:10:00,AVGR
1.02,1.025,1.02,1.025,1317,2021-06-01 16:11:00,AVGR
1.0284,1.0284,1.0284,1.0284,200,2021-06-01 16:15:00,AVGR
1.03,1.03,1.025,1.025,9053,2021-06-01 16:16:00,AVGR
1.02,1.02,1.02,1.02,11078,2021-06-01 16:17:00,AVGR
1.03,1.03,1.0201,1.0201,1362,2021-06-01 16:18:00,AVGR
1.02,1.02,1.02,1.02,500,2021-06-01 16:20:00,AVGR
1.02,1.03,1.02,1.03,1300,2021-06-01 16:21:00,AVGR
1.02,1.025,1.02,1.025,600,2021-06-01 16:22:00,AVGR
1.0287,1.0287,1.0287,1.0287,445,2021-06-01 16:23:00,AVGR
1.025,1.025,1.02,1.02,1300,2021-06-01 16:24:00,AVGR
1.02,1.02,1.02,1.02,100,2021-06-01 16:26:00,AVGR
1.03,1.03,1.02,1.02,32674,2021-06-01 16:27:00,AVGR
1.0201,1.0201,1.0201,1.0201,100,2021-06-01 16:28:00,AVGR
1.025,1.025,1.02,1.02,481,2021-06-01 16:29:00,AVGR
1.025,1.025,1.0212,1.025,1600,2021-06-01 16:30:00,AVGR
1.02,1.02,1.02,1.02,200,2021-06-01 16:33:00,AVGR
1.0209,1.0209,1.0209,1.0209,400,2021-06-01 16:34:00,AVGR
1.02,1.02,1.02,1.02,430,2021-06-01 16:35:00,AVGR
1.0287,1.0287,1.0287,1.0287,100,2021-06-01 16:36:00,AVGR
1.03,1.03,1.02,1.02,11941,2021-06-01 16:38:00,AVGR
1.0285,1.0285,1.0285,1.0285,100,2021-06-01 16:39:00,AVGR
1.02,1.02,1.02,1.02,700,2021-06-01 16:40:00,AVGR
1.025,1.025,1.025,1.025,700,2021-06-01 16:42:00,AVGR
1.02,1.0214,1.02,1.0214,1100,2021-06-01 16:43:00,AVGR
1.0288,1.0288,1.0288,1.0288,600,2021-06-01 16:44:00,AVGR
1.02,1.02,1.02,1.02,100,2021-06-01 16:45:00,AVGR
1.0205,1.0205,1.0205,1.0205,1000,2021-06-01 16:47:00,AVGR
1.025,1.03,1.025,1.03,400,2021-06-01 16:50:00,AVGR
1.025,1.025,1.025,1.025,100,2021-06-01 16:51:00,AVGR
1.03,1.03,1.025,1.025,1900,2021-06-01 16:53:00,AVGR
1.03,1.03,1.0211,1.0211,970,2021-06-01 16:54:00,AVGR
1.0245,1.0245,1.0245,1.0245,110,2021-06-01 16:56:00,AVGR
1.02,1.021,1.02,1.021,1100,2021-06-01 16:57:00,AVGR
1.03,1.03,1.0283,1.0283,993,2021-06-01 16:58:00,AVGR
1.03,1.03,1.025,1.025,2075,2021-06-01 16:59:00,AVGR
1.0211,1.03,1.0211,1.03,1261,2021-06-01 17:00:00,AVGR
1.03,1.03,1.0242,1.0242,2180,2021-06-01 17:02:00,AVGR
1.02,1.03,1.02,1.03,1100,2021-06-01 17:05:00,AVGR
1.0292,1.0292,1.0219,1.0219,1119,2021-06-01 17:10:00,AVGR
1.025,1.025,1.025,1.025,100,2021-06-01 17:11:00,AVGR
1.025,1.025,1.0201,1.0201,850,2021-06-01 17:14:00,AVGR
1.025,1.025,1.025,1.025,1700,2021-06-01 17:15:00,AVGR
1.02,1.02,1.02,1.02,200,2021-06-01 17:17:00,AVGR
1.0292,1.0292,1.0292,1.0292,1000,2021-06-01 17:18:00,AVGR
1.0211,1.025,1.0211,1.025,2095,2021-06-01 17:21:00,AVGR
1.0289,1.0289,1.0289,1.0289,146,2021-06-01 17:22:00,AVGR
1.02,1.0263,1.02,1.0263,1051,2021-06-01 17:23:00,AVGR
1.02,1.02,1.02,1.02,2360,2021-06-01 17:25:00,AVGR
1.03,1.03,1.03,1.03,4000,2021-06-01 17:26:00,AVGR
1.025,1.025,1.022,1.022,1100,2021-06-01 17:27:00,AVGR
1.029,1.029,1.029,1.029,300,2021-06-01 17:28:00,AVGR
1.03,1.03,1.025,1.028,1909,2021-06-01 17:31:00,AVGR
1.0291,1.0291,1.0291,1.0291,500,2021-06-01 17:32:00,AVGR
1.0289,1.0289,1.0289,1.0289,100,2021-06-01 17:33:00,AVGR
1.0289,1.0289,1.0289,1.0289,207,2021-06-01 17:35:00,AVGR
1.0299,1.0299,1.0299,1.0299,500,2021-06-01 17:38:00,AVGR
1.025,1.025,1.025,1.025,100,2021-06-01 17:40:00,AVGR
1.025,1.03,1.0247,1.025,12533,2021-06-01 17:41:00,AVGR
1.02,1.0213,1.02,1.0213,685,2021-06-01 17:46:00,AVGR
1.02,1.02,1.02,1.02,100,2021-06-01 17:47:00,AVGR
1.0287,1.03,1.0287,1.03,4090,2021-06-01 17:48:00,AVGR
1.025,1.025,1.025,1.025,150,2021-06-01 17:49:00,AVGR
1.03,1.03,1.03,1.03,100,2021-06-01 17:54:00,AVGR
1.0217,1.03,1.0217,1.03,350,2021-06-01 17:55:00,AVGR
1.0287,1.03,1.0285,1.03,1600,2021-06-01 17:56:00,AVGR
1.03,1.03,1.03,1.03,100,2021-06-01 17:57:00,AVGR
1.03,1.03,1.03,1.03,237,2021-06-01 17:59:00,AVGR
1.02,1.02,1.02,1.02,500,2021-06-01 18:00:00,AVGR
1.0282,1.0282,1.0282,1.0282,100,2021-06-01 18:02:00,AVGR
1.0219,1.0219,1.0219,1.0219,100,2021-06-01 18:04:00,AVGR
1.0259,1.0259,1.0259,1.0259,500,2021-06-01 18:06:00,AVGR
1.0261,1.0261,1.0261,1.0261,999,2021-06-01 18:07:00,AVGR
1.0256,1.03,1.0256,1.03,200,2021-06-01 18:10:00,AVGR
1.025,1.025,1.025,1.025,102,2021-06-01 18:11:00,AVGR
1.0219,1.0219,1.0219,1.0219,200,2021-06-01 18:13:00,AVGR
1.0281,1.0281,1.0273,1.0273,400,2021-06-01 18:14:00,AVGR
1.0219,1.0219,1.0219,1.0219,100,2021-06-01 18:17:00,AVGR
1.025,1.025,1.025,1.025,2000,2021-06-01 18:18:00,AVGR
1.0291,1.03,1.025,1.0282,805,2021-06-01 18:20:00,AVGR
1.03,1.03,1.03,1.03,23860,2021-06-01 18:21:00,AVGR
1.03,1.03,1.0275,1.03,13032,2021-06-01 18:22:00,AVGR
1.02,1.03,1.02,1.0276,836,2021-06-01 18:23:00,AVGR
1.0231,1.025,1.0231,1.025,4610,2021-06-01 18:25:00,AVGR
1.03,1.03,1.03,1.03,728,2021-06-01 18:26:00,AVGR
1.0299,1.03,1.0299,1.03,1300,2021-06-01 18:27:00,AVGR
1.0292,1.0292,1.0292,1.0292,5000,2021-06-01 18:28:00,AVGR
1.03,1.03,1.025,1.025,1100,2021-06-01 18:29:00,AVGR
1.025,1.0291,1.025,1.0291,6000,2021-06-01 18:30:00,AVGR
1.025,1.025,1.025,1.025,100,2021-06-01 18:31:00,AVGR
1.0211,1.0287,1.0211,1.0287,2112,2021-06-01 18:32:00,AVGR
1.03,1.03,1.025,1.0282,946,2021-06-01 18:33:00,AVGR
1.03,1.03,1.03,1.03,16662,2021-06-01 18:34:00,AVGR
1.0311,1.038,1.03,1.03,1410,2021-06-01 18:35:00,AVGR
1.03,1.0379,1.03,1.0379,1050,2021-06-01 18:36:00,AVGR
1.0309,1.0309,1.0309,1.0309,100,2021-06-01 18:38:00,AVGR
1.04,1.04,1.0385,1.0386,4218,2021-06-01 18:40:00,AVGR
1.04,1.04,1.035,1.038,3500,2021-06-01 18:41:00,AVGR
1.038,1.0384,1.0315,1.0384,1410,2021-06-01 18:42:00,AVGR
1.038,1.04,1.038,1.04,2100,2021-06-01 18:43:00,AVGR
1.03,1.038,1.03,1.038,1930,2021-06-01 18:44:00,AVGR
1.0312,1.0312,1.0312,1.0312,530,2021-06-01 18:45:00,AVGR
1.035,1.04,1.035,1.04,3114,2021-06-01 18:46:00,AVGR
1.0394,1.0394,1.0394,1.0394,2777,2021-06-01 18:47:00,AVGR
1.03,1.03,1.03,1.03,100,2021-06-01 18:49:00,AVGR
1.035,1.035,1.035,1.035,100,2021-06-01 18:53:00,AVGR
1.03,1.03,1.03,1.03,100,2021-06-01 18:54:00,AVGR
1.04,1.04,1.0314,1.0314,500,2021-06-01 18:57:00,AVGR
1.04,1.04,1.04,1.04,10315,2021-06-01 18:58:00,AVGR
1.04,1.04,1.03,1.04,8225,2021-06-01 18:59:00,AVGR
1.0391,1.0391,1.0391,1.0391,116,2021-06-01 19:00:00,AVGR
1.03,1.04,1.03,1.04,18200,2021-06-01 19:01:00,AVGR
1.04,1.04,1.04,1.04,300,2021-06-01 19:03:00,AVGR
1.0392,1.0392,1.0392,1.0392,289,2021-06-01 19:05:00,AVGR
1.04,1.04,1.04,1.04,200,2021-06-01 19:06:00,AVGR
1.039,1.04,1.03,1.04,4370,2021-06-01 19:07:00,AVGR
1.04,1.04,1.0316,1.0316,336,2021-06-01 19:09:00,AVGR
1.035,1.0389,1.035,1.0389,600,2021-06-01 19:10:00,AVGR
1.04,1.04,1.04,1.04,297,2021-06-01 19:11:00,AVGR
1.035,1.04,1.0308,1.04,1000,2021-06-01 19:14:00,AVGR
1.0301,1.0301,1.03,1.03,2400,2021-06-01 19:15:00,AVGR
1.0337,1.04,1.0337,1.04,201,2021-06-01 19:17:00,AVGR
1.04,1.04,1.04,1.04,7504,2021-06-01 19:18:00,AVGR
1.04,1.04,1.04,1.04,28345,2021-06-01 19:19:00,AVGR
1.0307,1.0307,1.0307,1.0307,2012,2021-06-01 19:21:00,AVGR
1.039,1.039,1.0309,1.0309,840,2021-06-01 19:22:00,AVGR
1.0311,1.0311,1.0311,1.0311,100,2021-06-01 19:23:00,AVGR
1.0389,1.0389,1.0389,1.0389,312,2021-06-01 19:24:00,AVGR
1.03,1.03,1.03,1.03,100,2021-06-01 19:26:00,AVGR
1.0382,1.0382,1.0382,1.0382,192,2021-06-01 19:28:00,AVGR
1.03,1.038,1.03,1.038,823,2021-06-01 19:29:00,AVGR
1.03,1.03,1.03,1.03,100,2021-06-01 19:31:00,AVGR
1.0311,1.0311,1.0311,1.0311,200,2021-06-01 19:32:00,AVGR
1.03,1.03,1.03,1.03,200,2021-06-01 19:33:00,AVGR
1.0308,1.0362,1.0308,1.0362,3021,2021-06-01 19:34:00,AVGR
1.03,1.035,1.03,1.035,600,2021-06-01 19:36:00,AVGR
1.0311,1.0399,1.0311,1.0399,500,2021-06-01 19:39:00,AVGR
1.0306,1.0306,1.03,1.03,350,2021-06-01 19:41:00,AVGR
1.0389,1.0389,1.03,1.035,1900,2021-06-01 19:45:00,AVGR
1.0346,1.04,1.0346,1.04,259,2021-06-01 19:46:00,AVGR
1.0351,1.0351,1.03,1.03,11425,2021-06-01 19:47:00,AVGR
1.03,1.03,1.03,1.03,100,2021-06-01 19:48:00,AVGR
1.04,1.04,1.04,1.04,100,2021-06-01 19:49:00,AVGR
1.03,1.03,1.03,1.03,100,2021-06-01 19:50:00,AVGR
1.0304,1.04,1.03,1.03,13056,2021-06-01 19:51:00,AVGR
1.03,1.0336,1.03,1.03,1604,2021-06-01 19:52:00,AVGR
1.03,1.04,1.03,1.04,456,2021-06-01 19:53:00,AVGR
1.04,1.04,1.04,1.04,100,2021-06-01 19:54:00,AVGR
1.0336,1.035,1.0336,1.035,2661,2021-06-01 19:55:00,AVGR
1.03,1.04,1.03,1.0308,1603,2021-06-01 19:56:00,AVGR
1.035,1.035,1.035,1.035,200,2021-06-01 19:57:00,AVGR
1.04,1.04,1.0312,1.035,1629,2021-06-01 19:58:00,AVGR
1.0373,1.0393,1.0373,1.0373,300,2021-06-01 19:59:00,AVGR
1.04,1.04,1.04,1.04,19077,2021-06-01 20:00:00,AVGR
1.0399,1.0399,1.0399,1.0399,250,2021-06-01 20:01:00,AVGR
1.04,1.04,1.04,1.04,500,2021-06-01 20:02:00,AVGR
1.03,1.03,1.03,1.03,400,2021-06-01 20:06:00,AVGR
1.03,1.03,1.03,1.03,193,2021-06-01 20:07:00,AVGR
1.03,1.03,1.03,1.03,5972,2021-06-01 20:22:00,AVGR
1.03,1.03,1.03,1.03,1000,2021-06-01 20:30:00,AVGR
1.03,1.03,1.03,1.03,1200,2021-06-01 20:38:00,AVGR
1.03,1.03,1.03,1.03,100,2021-06-01 21:01:00,AVGR
1.03,1.03,1.03,1.03,2000,2021-06-01 21:25:00,AVGR
1.03,1.03,1.03,1.03,607,2021-06-01 21:34:00,AVGR
1.04,1.04,1.04,1.04,766,2021-06-01 21:38:00,AVGR
1.0301,1.0301,1.0301,1.0301,1844,2021-06-01 21:40:00,AVGR
1.03,1.03,1.03,1.03,492,2021-06-01 21:43:00,AVGR
1.03,1.03,1.03,1.03,500,2021-06-01 21:58:00,AVGR
1.03,1.03,1.03,1.03,200,2021-06-01 22:36:00,AVGR
1.03,1.03,1.03,1.03,707,2021-06-01 22:41:00,AVGR
1.03,1.03,1.03,1.03,500,2021-06-01 22:44:00,AVGR
1.02,1.02,1.02,1.02,500,2021-06-01 23:34:00,AVGR
1.03,1.03,1.03,1.03,500,2021-06-01 23:40:00,AVGR
1.05,1.05,1.05,1.05,300,2021-06-02 08:00:00,AVGR
1.03,1.03,1.03,1.03,100,2021-06-02 09:40:00,AVGR
1.0,1.0,1.0,1.0,267,2021-06-02 09:57:00,AVGR
1.0,1.0,1.0,1.0,8344,2021-06-02 10:20:00,AVGR
1.0,1.0,1.0,1.0,300,2021-06-02 10:21:00,AVGR
1.0,1.0,1.0,1.0,100,2021-06-02 10:25:00,AVGR
1.0,1.0,1.0,1.0,200,2021-06-02 10:26:00,AVGR
1.0,1.0,1.0,1.0,2965,2021-06-02 10:34:00,AVGR
1.0,1.0,1.0,1.0,300,2021-06-02 10:45:00,AVGR
1.0,1.0,1.0,1.0,740,2021-06-02 10:48:00,AVGR
1.0,1.0,1.0,1.0,500,2021-06-02 10:56:00,AVGR
1.0,1.0,1.0,1.0,234,2021-06-02 10:59:00,AVGR
1.02,1.02,1.0,1.0,2764,2021-06-02 11:02:00,AVGR
1.03,1.03,1.03,1.03,290,2021-06-02 11:17:00,AVGR
1.02,1.02,1.02,1.02,400,2021-06-02 11:18:00,AVGR
1.03,1.03,1.03,1.03,310,2021-06-02 11:32:00,AVGR
1.02,1.02,1.02,1.02,600,2021-06-02 12:08:00,AVGR
1.02,1.02,1.02,1.02,500,2021-06-02 12:14:00,AVGR
1.0201,1.0201,1.02,1.02,8400,2021-06-02 12:24:00,AVGR
1.03,1.03,1.03,1.03,3000,2021-06-02 12:27:00,AVGR
1.03,1.03,1.03,1.03,5000,2021-06-02 12:34:00,AVGR
1.03,1.03,1.03,1.03,1717,2021-06-02 12:40:00,AVGR
1.02,1.02,1.02,1.02,3478,2021-06-02 12:45:00,AVGR
1.02,1.02,1.02,1.02,133,2021-06-02 12:55:00,AVGR
1.02,1.02,1.02,1.02,500,2021-06-02 13:03:00,AVGR
1.02,1.02,1.02,1.02,435,2021-06-02 13:04:00,AVGR
1.02,1.02,1.02,1.02,1140,2021-06-02 13:05:00,AVGR
1.02,1.02,1.02,1.02,111,2021-06-02 13:09:00,AVGR
1.02,1.02,1.02,1.02,588,2021-06-02 13:11:00,AVGR
1.02,1.02,1.02,1.02,200,2021-06-02 13:20:00,AVGR
1.02,1.02,1.02,1.02,900,2021-06-02 13:27:00,AVGR
1.02,1.02,1.02,1.02,163,2021-06-02 13:28:00,AVGR
1.03,1.03,1.02,1.02,8908,2021-06-02 13:30:00,AVGR
1.022,1.022,1.0201,1.0201,500,2021-06-02 13:31:00,AVGR
1.0228,1.025,1.0228,1.025,200,2021-06-02 13:32:00,AVGR
1.02,1.03,1.02,1.02,5576,2021-06-02 13:33:00,AVGR
1.03,1.04,1.025,1.04,8994,2021-06-02 13:34:00,AVGR
1.039,1.039,1.03,1.03,8547,2021-06-02 13:35:00,AVGR
1.0346,1.04,1.03,1.0309,3568,2021-06-02 13:36:00,AVGR
1.03,1.03,1.03,1.03,2786,2021-06-02 13:37:00,AVGR
1.0303,1.0303,1.03,1.0301,300,2021-06-02 13:38:00,AVGR
1.0309,1.0309,1.03,1.03,51455,2021-06-02 13:39:00,AVGR
1.03,1.03,1.025,1.025,2888,2021-06-02 13:40:00,AVGR
1.025,1.03,1.0207,1.0209,3030,2021-06-02 13:41:00,AVGR
1.02,1.025,1.02,1.0201,1100,2021-06-02 13:42:00,AVGR
1.0284,1.0298,1.0211,1.0298,1736,2021-06-02 13:43:00,AVGR
1.025,1.0288,1.025,1.0288,1600,2021-06-02 13:44:00,AVGR
1.03,1.04,1.03,1.0392,7900,2021-06-02 13:45:00,AVGR
1.0399,1.04,1.0319,1.04,300,2021-06-02 13:46:00,AVGR
1.0312,1.04,1.0312,1.035,3959,2021-06-02 13:47:00,AVGR
1.04,1.04,1.035,1.0384,2400,2021-06-02 13:49:00,AVGR
1.039,1.04,1.039,1.04,26180,2021-06-02 13:50:00,AVGR
1.045,1.05,1.045,1.05,26665,2021-06-02 13:52:00,AVGR
1.05,1.05,1.045,1.05,800,2021-06-02 13:53:00,AVGR
1.0411,1.05,1.0411,1.05,1787,2021-06-02 13:54:00,AVGR
1.045,1.05,1.045,1.0463,400,2021-06-02 13:55:00,AVGR
1.05,1.05,1.0401,1.05,400,2021-06-02 13:56:00,AVGR
1.0494,1.05,1.04,1.0481,4177,2021-06-02 13:57:00,AVGR
1.05,1.05,1.04,1.05,676,2021-06-02 13:58:00,AVGR
1.05,1.05,1.045,1.05,400,2021-06-02 13:59:00,AVGR
1.045,1.05,1.045,1.05,750,2021-06-02 14:00:00,AVGR
1.05,1.05,1.045,1.05,770,2021-06-02 14:01:00,AVGR
1.05,1.05,1.045,1.045,1676,2021-06-02 14:02:00,AVGR
1.04,1.045,1.04,1.045,3355,2021-06-02 14:03:00,AVGR
1.0419,1.05,1.0411,1.05,1851,2021-06-02 14:04:00,AVGR
1.05,1.05,1.0409,1.05,1991,2021-06-02 14:05:00,AVGR
1.045,1.045,1.045,1.045,650,2021-06-02 14:06:00,AVGR
1.05,1.05,1.045,1.05,2300,2021-06-02 14:07:00,AVGR
1.045,1.05,1.045,1.05,3300,2021-06-02 14:08:00,AVGR
1.0419,1.05,1.04,1.04,604,2021-06-02 14:09:00,AVGR
1.05,1.05,1.045,1.045,3400,2021-06-02 14:10:00,AVGR
1.05,1.05,1.05,1.05,707,2021-06-02 14:11:00,AVGR
1.05,1.05,1.0419,1.05,680,2021-06-02 14:12:00,AVGR
1.045,1.05,1.045,1.05,2300,2021-06-02 14:13:00,AVGR
1.05,1.05,1.0407,1.0407,10300,2021-06-02 14:14:00,AVGR
1.05,1.05,1.045,1.045,300,2021-06-02 14:15:00,AVGR
1.0409,1.05,1.0409,1.05,8040,2021-06-02 14:16:00,AVGR
1.05,1.05,1.0489,1.05,430,2021-06-02 14:17:00,AVGR
1.05,1.05,1.045,1.05,22300,2021-06-02 14:18:00,AVGR
1.0419,1.05,1.0419,1.05,9230,2021-06-02 14:19:00,AVGR
1.045,1.045,1.045,1.045,100,2021-06-02 14:20:00,AVGR
1.0465,1.05,1.0465,1.05,2360,2021-06-02 14:21:00,AVGR
1.05,1.05,1.045,1.05,2610,2021-06-02 14:22:00,AVGR
1.05,1.05,1.045,1.05,300,2021-06-02 14:23:00,AVGR
1.05,1.05,1.0401,1.05,1059,2021-06-02 14:24:00,AVGR
1.045,1.05,1.045,1.045,2011,2021-06-02 14:25:00,AVGR
1.04,1.045,1.04,1.045,1900,2021-06-02 14:27:00,AVGR
1.0418,1.045,1.0418,1.045,300,2021-06-02 14:28:00,AVGR
1.045,1.045,1.04,1.045,101662,2021-06-02 14:29:00,AVGR
1.0499,1.0499,1.0499,1.0499,8000,2021-06-02 14:30:00,AVGR
1.0401,1.0496,1.04,1.0406,9797,2021-06-02 14:31:00,AVGR
1.045,1.045,1.045,1.045,200,2021-06-02 14:32:00,AVGR
1.0463,1.05,1.045,1.05,925,2021-06-02 14:33:00,AVGR
1.04,1.045,1.04,1.04,6913,2021-06-02 14:34:00,AVGR
1.04,1.045,1.03,1.035,7239,2021-06-02 14:35:00,AVGR
1.0399,1.0399,1.035,1.039,3000,2021-06-02 14:36:00,AVGR
1.035,1.035,1.03,1.03,1300,2021-06-02 14:37:00,AVGR
1.031,1.031,1.03,1.03,648,2021-06-02 14:38:00,AVGR
1.0301,1.035,1.0301,1.035,300,2021-06-02 14:39:00,AVGR
1.03,1.04,1.03,1.04,542,2021-06-02 14:40:00,AVGR
1.0308,1.04,1.0308,1.04,700,2021-06-02 14:41:00,AVGR
1.04,1.04,1.035,1.035,400,2021-06-02 14:42:00,AVGR
1.04,1.04,1.04,1.04,200,2021-06-02 14:43:00,AVGR
1.04,1.04,1.04,1.04,200,2021-06-02 14:44:00,AVGR
1.04,1.04,1.03,1.04,500,2021-06-02 14:45:00,AVGR
1.035,1.035,1.035,1.035,1143,2021-06-02 14:46:00,AVGR
1.039,1.04,1.03,1.04,1859,2021-06-02 14:47:00,AVGR
1.04,1.04,1.035,1.035,200,2021-06-02 14:48:00,AVGR
1.04,1.04,1.0301,1.0301,310,2021-06-02 14:50:00,AVGR
1.04,1.04,1.035,1.035,200,2021-06-02 14:51:00,AVGR
1.04,1.04,1.04,1.04,700,2021-06-02 14:52:00,AVGR
1.04,1.04,1.04,1.04,200,2021-06-02 14:53:00,AVGR
1.0393,1.04,1.03,1.035,2474,2021-06-02 14:54:00,AVGR
1.04,1.04,1.031,1.031,427,2021-06-02 14:55:00,AVGR
1.04,1.04,1.035,1.04,400,2021-06-02 14:56:00,AVGR
1.04,1.04,1.03,1.03,116437,2021-06-02 14:57:00,AVGR
1.03,1.035,1.03,1.035,200,2021-06-02 14:58:00,AVGR
1.035,1.035,1.035,1.035,200,2021-06-02 14:59:00,AVGR
1.035,1.035,1.03,1.035,570,2021-06-02 15:00:00,AVGR
1.035,1.035,1.03,1.03,200,2021-06-02 15:01:00,AVGR
1.035,1.04,1.032,1.035,400,2021-06-02 15:02:00,AVGR
1.03,1.03,1.03,1.03,200,2021-06-02 15:03:00,AVGR
1.0314,1.0314,1.0314,1.0314,1200,2021-06-02 15:04:00,AVGR
1.0382,1.0389,1.035,1.0389,1200,2021-06-02 15:05:00,AVGR
1.03,1.03,1.03,1.03,100,2021-06-02 15:08:00,AVGR
1.035,1.035,1.035,1.035,1100,2021-06-02 15:09:00,AVGR
1.03,1.035,1.03,1.035,22725,2021-06-02 15:10:00,AVGR
1.035,1.035,1.035,1.035,500,2021-06-02 15:11:00,AVGR
1.0363,1.0363,1.035,1.035,310,2021-06-02 15:12:00,AVGR
1.035,1.035,1.0307,1.035,4796,2021-06-02 15:13:00,AVGR
1.0302,1.035,1.0302,1.035,25200,2021-06-02 15:15:00,AVGR
1.0392,1.04,1.035,1.04,1200,2021-06-02 15:16:00,AVGR
1.035,1.04,1.03,1.035,25600,2021-06-02 15:17:00,AVGR
1.035,1.035,1.035,1.035,100,2021-06-02 15:18:00,AVGR
1.035,1.038,1.035,1.038,200,2021-06-02 15:20:00,AVGR
1.035,1.035,1.03,1.03,361,2021-06-02 15:21:00,AVGR
1.0392,1.0392,1.03,1.03,1316,2021-06-02 15:24:00,AVGR
1.03,1.035,1.03,1.035,200,2021-06-02 15:25:00,AVGR
1.032,1.035,1.03,1.03,13440,2021-06-02 15:26:00,AVGR
1.0309,1.035,1.0309,1.035,400,2021-06-02 15:27:00,AVGR
1.035,1.035,1.035,1.035,100,2021-06-02 15:28:00,AVGR
1.03,1.035,1.03,1.035,200,2021-06-02 15:29:00,AVGR
1.0305,1.035,1.03,1.035,1400,2021-06-02 15:30:00,AVGR
1.035,1.035,1.035,1.035,387,2021-06-02 15:31:00,AVGR
1.0307,1.035,1.0307,1.035,600,2021-06-02 15:32:00,AVGR
1.04,1.04,1.03,1.035,1025,2021-06-02 15:33:00,AVGR
1.032,1.035,1.032,1.035,526,2021-06-02 15:34:00,AVGR
1.035,1.04,1.035,1.035,1135,2021-06-02 15:35:00,AVGR
1.035,1.035,1.035,1.035,100,2021-06-02 15:36:00,AVGR
1.03,1.035,1.03,1.03,650,2021-06-02 15:37:00,AVGR
1.0392,1.0392,1.035,1.035,1000,2021-06-02 15:38:00,AVGR
1.0392,1.0392,1.03,1.03,7830,2021-06-02 15:39:00,AVGR
1.0301,1.0301,1.03,1.03,5100,2021-06-02 15:40:00,AVGR
1.035,1.035,1.035,1.035,100,2021-06-02 15:42:00,AVGR
1.04,1.04,1.035,1.035,1300,2021-06-02 15:44:00,AVGR
1.0314,1.0314,1.0314,1.0314,387,2021-06-02 15:45:00,AVGR
1.03,1.035,1.03,1.032,900,2021-06-02 15:46:00,AVGR
1.0377,1.04,1.035,1.035,300,2021-06-02 15:47:00,AVGR
1.0335,1.04,1.03,1.03,1883,2021-06-02 15:48:00,AVGR
1.04,1.04,1.03,1.03,7316,2021-06-02 15:49:00,AVGR
1.0307,1.04,1.0307,1.0399,10500,2021-06-02 15:50:00,AVGR
1.035,1.04,1.031,1.031,2686,2021-06-02 15:52:00,AVGR
1.035,1.04,1.03,1.04,586,2021-06-02 15:53:00,AVGR
1.0307,1.035,1.0307,1.035,5729,2021-06-02 15:54:00,AVGR
1.035,1.04,1.03,1.0313,2495,2021-06-02 15:55:00,AVGR
1.0312,1.04,1.0312,1.04,700,2021-06-02 15:56:00,AVGR
1.03,1.04,1.03,1.04,505,2021-06-02 15:57:00,AVGR
1.0308,1.04,1.03,1.03,2007,2021-06-02 15:58:00,AVGR
1.0306,1.04,1.0306,1.04,5354,2021-06-02 15:59:00,AVGR
1.035,1.035,1.03,1.03,688,2021-06-02 16:01:00,AVGR
1.035,1.035,1.03,1.03,200,2021-06-02 16:02:00,AVGR
1.0363,1.0363,1.03,1.0305,20192,2021-06-02 16:03:00,AVGR
1.0311,1.0311,1.0311,1.0311,400,2021-06-02 16:04:00,AVGR
1.0309,1.04,1.02,1.025,34387,2021-06-02 16:06:00,AVGR
1.021,1.0264,1.0204,1.0264,9320,2021-06-02 16:07:00,AVGR
1.025,1.025,1.02,1.02,600,2021-06-02 16:08:00,AVGR
1.0287,1.0287,1.0287,1.0287,600,2021-06-02 16:09:00,AVGR
1.03,1.03,1.0209,1.0294,3184,2021-06-02 16:10:00,AVGR
1.02,1.02,1.02,1.02,100,2021-06-02 16:11:00,AVGR
1.03,1.03,1.0201,1.0201,3167,2021-06-02 16:12:00,AVGR
1.03,1.03,1.03,1.03,976,2021-06-02 16:13:00,AVGR
1.0209,1.0209,1.0209,1.0209,1500,2021-06-02 16:14:00,AVGR
1.03,1.03,1.02,1.02,5298,2021-06-02 16:15:00,AVGR
1.02,1.03,1.02,1.03,9299,2021-06-02 16:16:00,AVGR
1.03,1.03,1.03,1.03,100,2021-06-02 16:17:00,AVGR
1.0225,1.0225,1.0225,1.0225,973,2021-06-02 16:18:00,AVGR
1.02,1.03,1.02,1.0211,5231,2021-06-02 16:19:00,AVGR
1.0209,1.025,1.02,1.025,3499,2021-06-02 16:20:00,AVGR
1.03,1.03,1.02,1.0261,1490,2021-06-02 16:21:00,AVGR
1.03,1.03,1.03,1.03,396,2021-06-02 16:22:00,AVGR
1.02,1.0205,1.02,1.0205,7242,2021-06-02 16:23:00,AVGR
1.02,1.03,1.02,1.03,3100,2021-06-02 16:25:00,AVGR
1.02,1.03,1.02,1.02,68735,2021-06-02 16:26:00,AVGR
1.03,1.03,1.02,1.02,3118,2021-06-02 16:27:00,AVGR
1.025,1.025,1.0201,1.025,3670,2021-06-02 16:28:00,AVGR
1.0201,1.0201,1.0201,1.0201,100,2021-06-02 16:29:00,AVGR
1.022,1.0288,1.022,1.0288,1500,2021-06-02 16:30:00,AVGR
1.02,1.02,1.02,1.02,17532,2021-06-02 16:31:00,AVGR
1.02,1.02,1.02,1.02,200,2021-06-02 16:32:00,AVGR
1.02,1.02,1.01,1.0192,25450,2021-06-02 16:33:00,AVGR
1.0115,1.02,1.01,1.02,48724,2021-06-02 16:34:00,AVGR
1.02,1.02,1.01,1.0111,42261,2021-06-02 16:35:00,AVGR
1.015,1.0189,1.01,1.0189,445,2021-06-02 16:36:00,AVGR
1.0116,1.0116,1.0116,1.0116,116,2021-06-02 16:37:00,AVGR
1.0116,1.015,1.0116,1.015,400,2021-06-02 16:38:00,AVGR
1.0192,1.0192,1.0192,1.0192,900,2021-06-02 16:39:00,AVGR
1.0123,1.0123,1.0123,1.0123,141,2021-06-02 16:40:00,AVGR
1.0101,1.0162,1.01,1.0162,1800,2021-06-02 16:41:00,AVGR
1.0103,1.015,1.01,1.0111,18721,2021-06-02 16:42:00,AVGR
1.0161,1.0161,1.0161,1.0161,500,2021-06-02 16:43:00,AVGR
1.01,1.012,1.01,1.012,10100,2021-06-02 16:44:00,AVGR
1.0192,1.02,1.0101,1.019,3815,2021-06-02 16:45:00,AVGR
1.0192,1.0192,1.01,1.01,3100,2021-06-02 16:46:00,AVGR
1.0191,1.0191,1.0191,1.0191,100,2021-06-02 16:47:00,AVGR
1.0191,1.02,1.01,1.0189,14774,2021-06-02 16:48:00,AVGR
1.018,1.018,1.01,1.01,2337,2021-06-02 16:49:00,AVGR
1.02,1.022,1.015,1.0211,44151,2021-06-02 16:50:00,AVGR
1.0216,1.0216,1.0211,1.0211,502,2021-06-02 16:51:00,AVGR
1.02,1.03,1.02,1.03,8500,2021-06-02 16:52:00,AVGR
1.02,1.02,1.02,1.02,522,2021-06-02 16:54:00,AVGR
1.03,1.03,1.02,1.02,558,2021-06-02 16:56:00,AVGR
1.02,1.03,1.02,1.0215,5058,2021-06-02 16:57:00,AVGR
1.025,1.03,1.025,1.03,300,2021-06-02 16:58:00,AVGR
1.025,1.025,1.025,1.025,100,2021-06-02 17:00:00,AVGR
1.025,1.03,1.0207,1.03,3500,2021-06-02 17:01:00,AVGR
1.029,1.029,1.029,1.029,293,2021-06-02 17:04:00,AVGR
1.0265,1.0292,1.02,1.0292,2203,2021-06-02 17:05:00,AVGR
1.025,1.025,1.025,1.025,100,2021-06-02 17:06:00,AVGR
1.03,1.03,1.02,1.02,475,2021-06-02 17:07:00,AVGR
1.0289,1.0289,1.02,1.0201,19114,2021-06-02 17:08:00,AVGR
1.02,1.025,1.02,1.025,1258,2021-06-02 17:09:00,AVGR
1.025,1.03,1.025,1.025,600,2021-06-02 17:10:00,AVGR
1.025,1.03,1.02,1.0217,6606,2021-06-02 17:12:00,AVGR
1.02,1.03,1.02,1.0201,12345,2021-06-02 17:13:00,AVGR
1.0208,1.0289,1.02,1.02,1720,2021-06-02 17:15:00,AVGR
1.0211,1.0211,1.02,1.02,843,2021-06-02 17:16:00,AVGR
1.0211,1.03,1.02,1.03,3597,2021-06-02 17:17:00,AVGR
1.021,1.0292,1.02,1.02,2700,2021-06-02 17:19:00,AVGR
1.03,1.03,1.025,1.025,800,2021-06-02 17:20:00,AVGR
1.02,1.02,1.02,1.02,700,2021-06-02 17:21:00,AVGR
1.02,1.03,1.02,1.025,9500,2021-06-02 17:22:00,AVGR
1.025,1.03,1.025,1.03,500,2021-06-02 17:23:00,AVGR
1.0209,1.0209,1.0209,1.0209,1500,2021-06-02 17:25:00,AVGR
1.02,1.0257,1.02,1.0257,1300,2021-06-02 17:26:00,AVGR
1.02,1.0208,1.02,1.0208,2300,2021-06-02 17:29:00,AVGR
1.03,1.03,1.02,1.02,2700,2021-06-02 17:31:00,AVGR
1.0215,1.0215,1.02,1.02,200,2021-06-02 17:32:00,AVGR
1.03,1.03,1.02,1.02,1200,2021-06-02 17:34:00,AVGR
1.0205,1.0205,1.0205,1.0205,5769,2021-06-02 17:36:00,AVGR
1.02,1.02,1.02,1.02,100,2021-06-02 17:37:00,AVGR
1.02,1.02,1.02,1.02,350,2021-06-02 17:39:00,AVGR
1.02,1.03,1.02,1.029,750,2021-06-02 17:40:00,AVGR
1.03,1.03,1.027,1.03,8719,2021-06-02 17:41:00,AVGR
1.02,1.02,1.02,1.02,850,2021-06-02 17:42:00,AVGR
1.025,1.025,1.025,1.025,4379,2021-06-02 17:43:00,AVGR
1.0222,1.0222,1.02,1.02,300,2021-06-02 17:44:00,AVGR
1.0299,1.0299,1.02,1.02,240,2021-06-02 17:45:00,AVGR
1.02,1.02,1.02,1.02,900,2021-06-02 17:46:00,AVGR
1.02,1.02,1.02,1.02,100,2021-06-02 17:47:00,AVGR
1.03,1.03,1.02,1.025,22100,2021-06-02 17:49:00,AVGR
1.02,1.03,1.02,1.025,1290,2021-06-02 17:50:00,AVGR
1.0289,1.0289,1.02,1.02,200,2021-06-02 17:51:00,AVGR
1.02,1.02,1.02,1.02,100,2021-06-02 17:52:00,AVGR
1.0204,1.0204,1.0201,1.0201,390,2021-06-02 17:55:00,AVGR
1.03,1.03,1.025,1.0253,1000,2021-06-02 17:56:00,AVGR
1.0291,1.0291,1.025,1.025,650,2021-06-02 17:57:00,AVGR
1.02,1.025,1.02,1.025,2300,2021-06-02 17:58:00,AVGR
1.02,1.0225,1.02,1.0225,2112,2021-06-02 17:59:00,AVGR
1.02,1.025,1.02,1.025,2488,2021-06-02 18:00:00,AVGR
1.02,1.02,1.02,1.02,1071,2021-06-02 18:01:00,AVGR
1.02,1.02,1.02,1.02,100,2021-06-02 18:02:00,AVGR
1.02,1.02,1.02,1.02,100,2021-06-02 18:03:00,AVGR
1.0289,1.0289,1.0289,1.0289,195,2021-06-02 18:05:00,AVGR
1.02,1.02,1.02,1.02,19126,2021-06-02 18:06:00,AVGR
1.015,1.015,1.0121,1.0121,200,2021-06-02 18:07:00,AVGR
1.01,1.02,1.01,1.015,2616,2021-06-02 18:08:00,AVGR
1.01,1.01,1.01,1.01,1000,2021-06-02 18:09:00,AVGR
1.01,1.01,1.01,1.01,223,2021-06-02 18:10:00,AVGR
1.02,1.02,1.02,1.02,1500,2021-06-02 18:11:00,AVGR
1.0121,1.015,1.0121,1.015,800,2021-06-02 18:12:00,AVGR
1.01,1.02,1.01,1.02,300,2021-06-02 18:13:00,AVGR
1.02,1.02,1.01,1.01,1203,2021-06-02 18:14:00,AVGR
1.015,1.02,1.01,1.01,10130,2021-06-02 18:15:00,AVGR
1.015,1.02,1.015,1.02,3350,2021-06-02 18:17:00,AVGR
1.0109,1.0109,1.0109,1.0109,1411,2021-06-02 18:18:00,AVGR
1.015,1.02,1.01,1.02,2902,2021-06-02 18:19:00,AVGR
1.01,1.01,1.01,1.01,1000,2021-06-02 18:20:00,AVGR
1.015,1.02,1.01,1.02,36003,2021-06-02 18:22:00,AVGR
1.0109,1.015,1.0109,1.015,534,2021-06-02 18:23:00,AVGR
1.0109,1.0109,1.0109,1.0109,565,2021-06-02 18:24:00,AVGR
1.0187,1.0187,1.0187,1.0187,478,2021-06-02 18:25:00,AVGR
1.0111,1.015,1.0111,1.015,306,2021-06-02 18:26:00,AVGR
1.02,1.02,1.02,1.02,100,2021-06-02 18:27:00,AVGR
1.02,1.02,1.011,1.02,2208,2021-06-02 18:28:00,AVGR
1.01,1.015,1.01,1.01,1400,2021-06-02 18:29:00,AVGR
1.0191,1.0191,1.0103,1.0103,20500,2021-06-02 18:30:00,AVGR
1.02,1.02,1.01,1.01,6231,2021-06-02 18:31:00,AVGR
1.019,1.019,1.0189,1.0189,400,2021-06-02 18:32:00,AVGR
1.02,1.02,1.0114,1.0114,625,2021-06-02 18:33:00,AVGR
1.0189,1.0189,1.0106,1.0106,2953,2021-06-02 18:34:00,AVGR
1.015,1.02,1.015,1.02,1400,2021-06-02 18:35:00,AVGR
1.0111,1.02,1.0111,1.02,580,2021-06-02 18:36:00,AVGR
1.0188,1.0192,1.0188,1.0192,4329,2021-06-02 18:37:00,AVGR
1.015,1.015,1.015,1.015,2000,2021-06-02 18:38:00,AVGR
1.0199,1.02,1.01,1.02,7000,2021-06-02 18:39:00,AVGR
1.02,1.02,1.02,1.02,200,2021-06-02 18:40:00,AVGR
1.02,1.02,1.0108,1.0108,1200,2021-06-02 18:41:00,AVGR
1.0196,1.02,1.015,1.02,7480,2021-06-02 18:42:00,AVGR
1.015,1.02,1.01,1.01,2300,2021-06-02 18:43:00,AVGR
1.0106,1.018,1.01,1.01,3690,2021-06-02 18:44:00,AVGR
1.02,1.02,1.01,1.01,1100,2021-06-02 18:45:00,AVGR
1.0188,1.0188,1.0188,1.0188,126,2021-06-02 18:46:00,AVGR
1.0101,1.0101,1.0101,1.0101,800,2021-06-02 18:48:00,AVGR
1.02,1.02,1.015,1.02,5330,2021-06-02 18:49:00,AVGR
1.0163,1.02,1.0109,1.0109,929,2021-06-02 18:50:00,AVGR
1.02,1.02,1.01,1.02,14890,2021-06-02 18:51:00,AVGR
1.02,1.02,1.02,1.02,400,2021-06-02 18:52:00,AVGR
1.0189,1.0189,1.0189,1.0189,290,2021-06-02 18:55:00,AVGR
1.011,1.015,1.011,1.015,850,2021-06-02 18:56:00,AVGR
1.01,1.01,1.01,1.01,2100,2021-06-02 18:57:00,AVGR
1.0189,1.02,1.0189,1.02,500,2021-06-02 18:59:00,AVGR
1.019,1.019,1.018,1.018,1400,2021-06-02 19:00:00,AVGR
1.01,1.02,1.01,1.02,3108,2021-06-02 19:02:00,AVGR
1.0192,1.0192,1.0192,1.0192,1500,2021-06-02 19:03:00,AVGR
1.011,1.011,1.011,1.011,343,2021-06-02 19:04:00,AVGR
1.02,1.02,1.015,1.02,1200,2021-06-02 19:05:00,AVGR
1.0191,1.02,1.0108,1.02,2400,2021-06-02 19:06:00,AVGR
1.01,1.02,1.01,1.02,730,2021-06-02 19:07:00,AVGR
1.0111,1.0111,1.01,1.011,7924,2021-06-02 19:08:00,AVGR
1.0183,1.02,1.0183,1.02,900,2021-06-02 19:09:00,AVGR
1.0185,1.0185,1.0104,1.0104,9500,2021-06-02 19:10:00,AVGR
1.01,1.02,1.0,1.0,70854,2021-06-02 19:11:00,AVGR
1.005,1.01,1.0,1.0,3524,2021-06-02 19:12:00,AVGR
1.005,1.009,1.005,1.009,2000,2021-06-02 19:13:00,AVGR
1.01,1.01,1.005,1.005,45800,2021-06-02 19:14:00,AVGR
1.005,1.01,1.0,1.01,1940,2021-06-02 19:15:00,AVGR
1.005,1.01,1.005,1.01,1100,2021-06-02 19:16:00,AVGR
1.005,1.01,1.0,1.0064,6200,2021-06-02 19:17:00,AVGR
1.005,1.01,1.0,1.0,4400,2021-06-02 19:18:00,AVGR
1.01,1.01,1.005,1.01,108100,2021-06-02 19:19:00,AVGR
1.01,1.02,1.0099,1.02,41200,2021-06-02 19:20:00,AVGR
1.0186,1.0186,1.01,1.01,550,2021-06-02 19:22:00,AVGR
1.017,1.02,1.01,1.02,300,2021-06-02 19:24:00,AVGR
1.01,1.015,1.01,1.015,3108,2021-06-02 19:25:00,AVGR
1.0137,1.02,1.0137,1.02,700,2021-06-02 19:26:00,AVGR
1.02,1.02,1.015,1.015,700,2021-06-02 19:27:00,AVGR
1.01,1.015,1.01,1.015,700,2021-06-02 19:28:00,AVGR
1.0101,1.0199,1.0101,1.0199,5900,2021-06-02 19:29:00,AVGR
1.0183,1.02,1.01,1.01,4721,2021-06-02 19:30:00,AVGR
1.0115,1.0115,1.0115,1.0115,230,2021-06-02 19:31:00,AVGR
1.02,1.02,1.02,1.02,905,2021-06-02 19:32:00,AVGR
1.02,1.02,1.0116,1.02,427,2021-06-02 19:33:00,AVGR
1.015,1.02,1.015,1.02,541,2021-06-02 19:34:00,AVGR
1.02,1.02,1.02,1.02,300,2021-06-02 19:36:00,AVGR
1.015,1.015,1.015,1.015,100,2021-06-02 19:38:00,AVGR
1.0181,1.02,1.0181,1.02,350,2021-06-02 19:40:00,AVGR
1.02,1.02,1.02,1.02,200,2021-06-02 19:41:00,AVGR
1.015,1.015,1.015,1.015,100,2021-06-02 19:42:00,AVGR
1.01,1.02,1.01,1.02,4999,2021-06-02 19:44:00,AVGR
1.015,1.02,1.015,1.02,400,2021-06-02 19:45:00,AVGR
1.01,1.0101,1.01,1.0101,8736,2021-06-02 19:46:00,AVGR
1.01,1.015,1.01,1.015,11395,2021-06-02 19:47:00,AVGR
1.015,1.02,1.015,1.0186,8573,2021-06-02 19:48:00,AVGR
1.0181,1.0181,1.015,1.015,250,2021-06-02 19:49:00,AVGR
1.015,1.019,1.01,1.015,9570,2021-06-02 19:50:00,AVGR
1.015,1.015,1.0118,1.015,1320,2021-06-02 19:51:00,AVGR
1.015,1.015,1.0101,1.015,1300,2021-06-02 19:52:00,AVGR
1.015,1.015,1.0101,1.015,2872,2021-06-02 19:53:00,AVGR
1.02,1.02,1.015,1.015,2109,2021-06-02 19:54:00,AVGR
1.01,1.0199,1.01,1.01,21970,2021-06-02 19:55:00,AVGR
1.01,1.015,1.01,1.01,10454,2021-06-02 19:56:00,AVGR
1.01,1.0199,1.01,1.01,13203,2021-06-02 19:57:00,AVGR
1.01,1.0171,1.01,1.01,11952,2021-06-02 19:58:00,AVGR
1.01,1.02,1.01,1.01,25287,2021-06-02 19:59:00,AVGR
1.02,1.02,1.02,1.02,21215,2021-06-02 20:00:00,AVGR
1.02,1.02,1.02,1.02,511,2021-06-02 20:20:00,AVGR
1.0,1.0,1.0,1.0,3000,2021-06-02 20:21:00,AVGR
1.0,1.0,1.0,1.0,555,2021-06-02 20:26:00,AVGR
1.01,1.01,1.01,1.01,1099,2021-06-02 20:38:00,AVGR
1.01,1.01,1.01,1.01,1500,2021-06-02 20:41:00,AVGR
1.0,1.0,1.0,1.0,100,2021-06-02 20:42:00,AVGR
1.01,1.01,1.01,1.01,500,2021-06-02 20:45:00,AVGR
1.0099,1.0099,1.0099,1.0099,200,2021-06-02 20:52:00,AVGR
1.0,1.0,1.0,1.0,28000,2021-06-02 20:53:00,AVGR
1.03,1.03,1.03,1.03,100,2021-06-02 20:58:00,AVGR
1.03,1.03,1.03,1.03,100,2021-06-02 21:02:00,AVGR
1.03,1.03,1.03,1.03,200,2021-06-02 21:21:00,AVGR
1.01,1.01,1.01,1.01,700,2021-06-02 21:22:00,AVGR
1.0,1.0,1.0,1.0,12093,2021-06-02 21:23:00,AVGR
1.0,1.02,1.0,1.02,1080,2021-06-02 21:30:00,AVGR
1.02,1.02,1.02,1.02,180,2021-06-02 21:46:00,AVGR
1.02,1.02,1.0,1.0,11855,2021-06-02 21:47:00,AVGR
1.01,1.01,1.01,1.01,434,2021-06-02 21:48:00,AVGR
1.01,1.01,1.0,1.0,766,2021-06-02 21:49:00,AVGR
1.01,1.01,1.01,1.01,600,2021-06-02 21:50:00,AVGR
1.0166,1.0166,1.0166,1.0166,100,2021-06-02 21:52:00,AVGR
1.01,1.01,1.01,1.01,100,2021-06-02 21:56:00,AVGR
1.0,1.01,1.0,1.0,2514,2021-06-02 21:57:00,AVGR
1.01,1.01,1.01,1.01,3000,2021-06-02 21:59:00,AVGR
1.01,1.01,1.01,1.01,240,2021-06-02 22:21:00,AVGR
1.0199,1.0199,1.0199,1.0199,500,2021-06-02 22:26:00,AVGR
1.01,1.01,1.01,1.01,250,2021-06-02 22:47:00,AVGR
1.01,1.01,1.01,1.01,100,2021-06-02 22:50:00,AVGR
1.01,1.01,1.01,1.01,161,2021-06-02 22:57:00,AVGR
1.02,1.02,1.02,1.02,100,2021-06-02 23:01:00,AVGR
1.02,1.02,1.02,1.02,214,2021-06-02 23:08:00,AVGR
1.02,1.02,1.02,1.02,149,2021-06-02 23:36:00,AVGR
1.02,1.02,1.02,1.02,100,2021-06-02 23:42:00,AVGR
1.0199,1.0199,1.0199,1.0199,2000,2021-06-02 23:54:00,AVGR
1.01,1.01,1.01,1.01,1300,2021-06-03 08:02:00,AVGR
0.99,0.99,0.99,0.99,1500,2021-06-03 08:09:00,AVGR
0.9803,0.9803,0.98,0.98,3776,2021-06-03 08:11:00,AVGR
0.965,0.965,0.95,0.95,2760,2021-06-03 08:13:00,AVGR
0.95,0.95,0.95,0.95,400,2021-06-03 08:14:00,AVGR
0.965,0.965,0.965,0.965,300,2021-06-03 08:20:00,AVGR
0.965,0.965,0.965,0.965,2023,2021-06-03 08:22:00,AVGR
0.9989,1.0,0.9989,1.0,1000,2021-06-03 08:30:00,AVGR
1.0,1.0,1.0,1.0,2214,2021-06-03 08:31:00,AVGR
1.0,1.0,1.0,1.0,400,2021-06-03 08:32:00,AVGR
1.0,1.0,1.0,1.0,1499,2021-06-03 08:49:00,AVGR
1.02,1.02,1.0,1.0,1414,2021-06-03 08:53:00,AVGR
1.0,1.0,1.0,1.0,2040,2021-06-03 09:03:00,AVGR
0.98,0.9873,0.98,0.9873,290,2021-06-03 09:04:00,AVGR
0.98,0.98,0.98,0.98,1600,2021-06-03 09:05:00,AVGR
0.9981,1.0,0.9981,1.0,1485,2021-06-03 09:12:00,AVGR
0.999,0.999,0.999,0.999,215,2021-06-03 09:13:00,AVGR
0.9963,0.9979,0.9963,0.9979,200,2021-06-03 09:14:00,AVGR
0.9883,0.9883,0.9816,0.9816,900,2021-06-03 09:17:00,AVGR
0.9961,0.9961,0.9961,0.9961,100,2021-06-03 09:20:00,AVGR
0.9961,0.9961,0.9917,0.9917,200,2021-06-03 09:22:00,AVGR
0.99,0.99,0.99,0.99,100,2021-06-03 09:27:00,AVGR
0.99,1.0,0.9895,1.0,800,2021-06-03 09:28:00,AVGR
0.99,0.99,0.99,0.99,170,2021-06-03 09:36:00,AVGR
0.9971,1.0,0.9971,1.0,1707,2021-06-03 10:04:00,AVGR
0.9917,0.9917,0.99,0.99,1042,2021-06-03 10:06:00,AVGR
0.99,0.99,0.99,0.99,100,2021-06-03 10:09:00,AVGR
0.99,0.9923,0.99,0.99,1983,2021-06-03 10:24:00,AVGR
0.9901,1.01,0.99,1.0,4968,2021-06-03 11:00:00,AVGR
1.0,1.0,1.0,1.0,208,2021-06-03 11:08:00,AVGR
1.0,1.0,1.0,1.0,1232,2021-06-03 11:20:00,AVGR
0.9957,1.0,0.9957,1.0,7247,2021-06-03 11:34:00,AVGR
1.0,1.0,1.0,1.0,200,2021-06-03 11:56:00,AVGR
1.0,1.0,1.0,1.0,3000,2021-06-03 12:02:00,AVGR
1.0,1.0,1.0,1.0,100,2021-06-03 12:04:00,AVGR
1.0001,1.0001,1.0001,1.0001,1000,2021-06-03 12:06:00,AVGR
1.0,1.0,1.0,1.0,1000,2021-06-03 12:07:00,AVGR
1.01,1.01,1.01,1.01,1000,2021-06-03 12:14:00,AVGR
1.01,1.01,1.01,1.01,2000,2021-06-03 12:16:00,AVGR
1.0,1.0,1.0,1.0,140,2021-06-03 12:22:00,AVGR
1.0,1.0,1.0,1.0,279,2021-06-03 12:23:00,AVGR
1.0001,1.0001,1.0001,1.0001,270,2021-06-03 12:42:00,AVGR
1.01,1.01,1.01,1.01,1059,2021-06-03 12:44:00,AVGR
1.01,1.01,1.0,1.0,2300,2021-06-03 12:47:00,AVGR
1.01,1.01,1.01,1.01,5000,2021-06-03 12:53:00,AVGR
1.01,1.01,1.01,1.01,2000,2021-06-03 12:57:00,AVGR
1.0,1.01,1.0,1.0,10953,2021-06-03 12:58:00,AVGR
1.0,1.01,1.0,1.0,14083,2021-06-03 13:02:00,AVGR
1.0,1.01,1.0,1.01,25464,2021-06-03 13:04:00,AVGR
1.0,1.0,1.0,1.0,2629,2021-06-03 13:05:00,AVGR
1.0,1.01,1.0,1.01,1900,2021-06-03 13:08:00,AVGR
1.01,1.01,1.01,1.01,600,2021-06-03 13:10:00,AVGR
1.0,1.0,1.0,1.0,30706,2021-06-03 13:11:00,AVGR
0.9916,0.9916,0.9916,0.9916,2046,2021-06-03 13:13:00,AVGR
0.995,0.995,0.995,0.995,2487,2021-06-03 13:14:00,AVGR
1.0,1.0,1.0,1.0,774,2021-06-03 13:21:00,AVGR
1.0,1.0,1.0,1.0,1224,2021-06-03 13:22:00,AVGR
1.01,1.01,1.01,1.01,100,2021-06-03 13:23:00,AVGR
1.0,1.0,1.0,1.0,235,2021-06-03 13:24:00,AVGR
1.0,1.0,1.0,1.0,4165,2021-06-03 13:25:00,AVGR
0.994,0.994,0.994,0.994,8345,2021-06-03 13:26:00,AVGR
1.01,1.01,0.9999,0.9999,600,2021-06-03 13:29:00,AVGR
1.01,1.01,1.0,1.0,163005,2021-06-03 13:30:00,AVGR
1.0,1.0,0.994,0.9999,31118,2021-06-03 13:31:00,AVGR
0.9999,0.9999,0.994,0.9941,10942,2021-06-03 13:32:00,AVGR
0.9966,0.9987,0.9941,0.9965,34986,2021-06-03 13:33:00,AVGR
0.9992,0.9993,0.982,0.982,43529,2021-06-03 13:34:00,AVGR
0.982,0.9891,0.981,0.986,74568,2021-06-03 13:35:00,AVGR
0.99,0.9927,0.9851,0.9881,19340,2021-06-03 13:36:00,AVGR
0.986,0.9891,0.986,0.9875,3000,2021-06-03 13:37:00,AVGR
0.986001,0.9927,0.986,0.9902,31692,2021-06-03 13:38:00,AVGR
0.9927,0.9927,0.9876,0.9926,7400,2021-06-03 13:39:00,AVGR
0.99,0.99,0.99,0.99,3700,2021-06-03 13:40:00,AVGR
0.99,0.99269,0.99,0.99269,3191,2021-06-03 13:41:00,AVGR
0.99,0.9927,0.99,0.9927,4300,2021-06-03 13:42:00,AVGR
0.99,0.99,0.99,0.99,1882,2021-06-03 13:43:00,AVGR
0.9901,0.9905,0.9891,0.9891,16167,2021-06-03 13:44:00,AVGR
0.9863,0.9883,0.98,0.987999,37775,2021-06-03 13:45:00,AVGR
0.9853,0.9853,0.98,0.982,6199,2021-06-03 13:46:00,AVGR
0.9853,0.9853,0.981,0.981,4472,2021-06-03 13:47:00,AVGR
0.9853,0.9853,0.98,0.9813,13780,2021-06-03 13:48:00,AVGR
0.9831,0.9831,0.9716,0.9828,80577,2021-06-03 13:49:00,AVGR
0.9716,0.9769,0.9716,0.9759,26511,2021-06-03 13:50:00,AVGR
0.976699,0.9768,0.975,0.975,15815,2021-06-03 13:51:00,AVGR
0.9719,0.9828,0.9717,0.9805,38647,2021-06-03 13:52:00,AVGR
0.9809,0.9811,0.98,0.9811,9800,2021-06-03 13:53:00,AVGR
0.9807,0.9828,0.98,0.9828,9957,2021-06-03 13:54:00,AVGR
0.9805,0.9828,0.9804,0.982799,8108,2021-06-03 13:55:00,AVGR
0.9829,0.9841,0.982,0.9841,8705,2021-06-03 13:56:00,AVGR
0.9852,0.9854,0.985101,0.985101,13116,2021-06-03 13:57:00,AVGR
0.9853,0.988,0.9853,0.988,18750,2021-06-03 13:58:00,AVGR
0.989899,0.992399,0.9875,0.992399,5398,2021-06-03 13:59:00,AVGR
0.99,0.9903,0.99,0.99,5037,2021-06-03 14:00:00,AVGR
0.9925,0.9925,0.9925,0.9925,1093,2021-06-03 14:01:00,AVGR
0.9927,1.0,0.9926,1.0,20255,2021-06-03 14:02:00,AVGR
1.0,1.0,0.9932,1.0,1300,2021-06-03 14:03:00,AVGR
0.9966,1.01,0.9932,1.01,7979,2021-06-03 14:04:00,AVGR
1.0013,1.005,1.0012,1.0012,723,2021-06-03 14:05:00,AVGR
1.0011,1.0011,1.0011,1.0011,1000,2021-06-03 14:06:00,AVGR
1.0,1.01,1.0,1.01,7356,2021-06-03 14:07:00,AVGR
1.0053,1.01,1.0011,1.0014,1000,2021-06-03 14:08:00,AVGR
1.005,1.01,1.0001,1.01,1010,2021-06-03 14:09:00,AVGR
1.01,1.01,1.0,1.0,22041,2021-06-03 14:10:00,AVGR
1.0,1.01,1.0,1.0,34355,2021-06-03 14:11:00,AVGR
1.0083,1.0083,1.005,1.005,1420,2021-06-03 14:12:00,AVGR
1.005,1.01,1.005,1.01,442,2021-06-03 14:13:00,AVGR
1.01,1.01,1.005,1.01,2930,2021-06-03 14:14:00,AVGR
1.01,1.01,1.01,1.01,1497,2021-06-03 14:15:00,AVGR
1.005,1.01,1.005,1.01,200,2021-06-03 14:16:00,AVGR
1.01,1.01,1.0013,1.0013,1500,2021-06-03 14:17:00,AVGR
1.005,1.005,0.9932,0.9933,18115,2021-06-03 14:18:00,AVGR
0.9938,0.9938,0.9935,0.9935,6407,2021-06-03 14:19:00,AVGR
0.9935,0.9935,0.9935,0.9935,2000,2021-06-03 14:20:00,AVGR
0.9934,0.9935,0.9934,0.9935,3600,2021-06-03 14:21:00,AVGR
0.9935,0.9965,0.9934,0.9965,4900,2021-06-03 14:22:00,AVGR
0.9961,0.9975,0.9958,0.996736,11154,2021-06-03 14:23:00,AVGR
0.9972,0.9972,0.997,0.997,1302,2021-06-03 14:24:00,AVGR
0.9975,0.9975,0.9975,0.9975,100,2021-06-03 14:25:00,AVGR
0.9974,0.9975,0.997,0.9975,1902,2021-06-03 14:26:00,AVGR
0.9975,0.9975,0.997101,0.9975,5200,2021-06-03 14:27:00,AVGR
0.9973,0.9974,0.9969,0.997,12249,2021-06-03 14:28:00,AVGR
0.997,0.997,0.997,0.997,8600,2021-06-03 14:29:00,AVGR
0.997,0.9971,0.9969,0.997,4964,2021-06-03 14:30:00,AVGR
0.9969,0.997,0.9969,0.997,2500,2021-06-03 14:31:00,AVGR
0.9969,0.997,0.9969,0.9969,2700,2021-06-03 14:32:00,AVGR
0.9967,0.9975,0.9967,0.9972,22859,2021-06-03 14:33:00,AVGR
0.9973,0.9981,0.9972,0.9972,3363,2021-06-03 14:34:00,AVGR
0.9981,0.9981,0.9981,0.9981,100,2021-06-03 14:35:00,AVGR
0.9971,0.99735,0.9971,0.9971,4000,2021-06-03 14:36:00,AVGR
0.998,0.9981,0.998,0.9981,1300,2021-06-03 14:37:00,AVGR
0.9981,0.9981,0.9981,0.9981,700,2021-06-03 14:38:00,AVGR
0.9981,0.9981,0.9981,0.9981,4100,2021-06-03 14:39:00,AVGR
0.9981,0.9981,0.9972,0.9981,2872,2021-06-03 14:40:00,AVGR
0.9981,0.9981,0.9971,0.9981,11650,2021-06-03 14:41:00,AVGR
0.997601,0.9997,0.9971,0.9996,25496,2021-06-03 14:42:00,AVGR
0.9972,0.9997,0.9971,0.9997,3152,2021-06-03 14:43:00,AVGR
0.9997,0.9997,0.999674,0.999674,900,2021-06-03 14:44:00,AVGR
0.9991,0.9996,0.9971,0.9984,10631,2021-06-03 14:45:00,AVGR
0.9984,0.9984,0.9971,0.9971,2291,2021-06-03 14:46:00,AVGR
0.99775,0.99775,0.9972,0.9973,3853,2021-06-03 14:47:00,AVGR
0.9972,0.9973,0.9971,0.9971,1530,2021-06-03 14:48:00,AVGR
0.997201,0.9973,0.9972,0.9973,2724,2021-06-03 14:49:00,AVGR
0.9973,0.9997,0.9973,0.9974,16890,2021-06-03 14:50:00,AVGR
0.9996,0.9996,0.9996,0.9996,200,2021-06-03 14:51:00,AVGR
0.9991,0.9993,0.9991,0.9993,200,2021-06-03 14:52:00,AVGR
0.9996,1.01,0.9979,1.01,39000,2021-06-03 14:53:00,AVGR
1.01,1.01,1.0,1.002,22759,2021-06-03 14:54:00,AVGR
1.0,1.01,1.0,1.01,30647,2021-06-03 14:55:00,AVGR
1.01,1.01,1.0,1.0,550,2021-06-03 14:56:00,AVGR
1.01,1.01,1.0058,1.0058,750,2021-06-03 14:57:00,AVGR
1.0,1.01,1.0,1.01,2315,2021-06-03 14:58:00,AVGR
1.01,1.01,1.01,1.01,27041,2021-06-03 14:59:00,AVGR
1.0,1.01,1.0,1.01,2950,2021-06-03 15:00:00,AVGR
1.01,1.01,1.01,1.01,100,2021-06-03 15:01:00,AVGR
1.01,1.01,1.0078,1.01,910,2021-06-03 15:02:00,AVGR
1.008,1.01,1.005,1.01,11547,2021-06-03 15:03:00,AVGR
1.0058,1.01,1.0,1.0,2500,2021-06-03 15:04:00,AVGR
1.0032,1.01,1.0032,1.01,7300,2021-06-03 15:05:00,AVGR
1.01,1.01,1.005,1.005,1195,2021-06-03 15:06:00,AVGR
1.008,1.008,1.008,1.008,500,2021-06-03 15:07:00,AVGR
1.005,1.005,1.005,1.005,1100,2021-06-03 15:08:00,AVGR
1.0063,1.02,1.0063,1.0105,26331,2021-06-03 15:09:00,AVGR
1.01,1.02,1.0,1.0,12135,2021-06-03 15:10:00,AVGR
1.0042,1.01,1.0042,1.01,8175,2021-06-03 15:11:00,AVGR
1.005,1.01,1.0,1.0,5800,2021-06-03 15:12:00,AVGR
1.0021,1.01,1.0021,1.01,510,2021-06-03 15:13:00,AVGR
1.01,1.01,1.0058,1.0058,10488,2021-06-03 15:14:00,AVGR
1.01,1.01,1.01,1.01,100,2021-06-03 15:15:00,AVGR
1.01,1.01,1.01,1.01,200,2021-06-03 15:16:00,AVGR
1.01,1.01,1.0083,1.0083,945,2021-06-03 15:17:00,AVGR
1.005,1.005,1.005,1.005,100,2021-06-03 15:18:00,AVGR
1.0082,1.0082,1.0082,1.0082,100,2021-06-03 15:19:00,AVGR
1.0001,1.0001,1.0001,1.0001,1000,2021-06-03 15:20:00,AVGR
1.0079,1.0079,1.0079,1.0079,100,2021-06-03 15:21:00,AVGR
1.0054,1.01,1.0,1.0,619,2021-06-03 15:22:00,AVGR
1.005,1.005,1.0,1.0,614,2021-06-03 15:23:00,AVGR
1.005,1.0078,1.005,1.005,500,2021-06-03 15:25:00,AVGR
1.0083,1.01,1.0014,1.0078,2900,2021-06-03 15:26:00,AVGR
1.01,1.01,1.01,1.01,100,2021-06-03 15:27:00,AVGR
1.01,1.01,1.01,1.01,200,2021-06-03 15:28:00,AVGR
1.01,1.01,1.01,1.01,300,2021-06-03 15:29:00,AVGR
1.01,1.01,1.0025,1.0025,200,2021-06-03 15:30:00,AVGR
1.01,1.01,1.01,1.01,200,2021-06-03 15:31:00,AVGR
1.0002,1.01,1.0002,1.005,17200,2021-06-03 15:32:00,AVGR
1.005,1.005,1.005,1.005,500,2021-06-03 15:33:00,AVGR
1.0091,1.0091,1.0091,1.0091,5000,2021-06-03 15:34:00,AVGR
1.009,1.009,1.0084,1.0084,5000,2021-06-03 15:35:00,AVGR
1.0,1.0,1.0,1.0,111,2021-06-03 15:36:00,AVGR
1.01,1.01,1.005,1.0099,4940,2021-06-03 15:37:00,AVGR
1.01,1.01,1.0014,1.0014,1204,2021-06-03 15:39:00,AVGR
1.01,1.01,1.01,1.01,200,2021-06-03 15:40:00,AVGR
1.0001,1.01,1.0001,1.0012,3750,2021-06-03 15:41:00,AVGR
1.01,1.01,1.01,1.01,239,2021-06-03 15:42:00,AVGR
1.01,1.01,1.01,1.01,900,2021-06-03 15:43:00,AVGR
1.0058,1.01,1.0058,1.01,1410,2021-06-03 15:44:00,AVGR
1.0,1.01,1.0,1.01,8266,2021-06-03 15:45:00,AVGR
1.01,1.01,1.0093,1.01,12700,2021-06-03 15:46:00,AVGR
1.007,1.01,1.0,1.002,1305,2021-06-03 15:47:00,AVGR
1.0081,1.01,1.0081,1.0099,5896,2021-06-03 15:48:00,AVGR
1.0087,1.01,1.0058,1.0058,3800,2021-06-03 15:49:00,AVGR
1.0013,1.0013,1.0013,1.0013,1280,2021-06-03 15:50:00,AVGR
1.0087,1.0087,1.0032,1.0055,8918,2021-06-03 15:51:00,AVGR
1.01,1.01,1.0,1.01,26409,2021-06-03 15:52:00,AVGR
1.01,1.01,1.0052,1.0052,200,2021-06-03 15:53:00,AVGR
1.01,1.01,1.01,1.01,100,2021-06-03 15:54:00,AVGR
1.01,1.01,1.0038,1.01,9854,2021-06-03 15:55:00,AVGR
1.0,1.01,1.0,1.0,2565,2021-06-03 15:56:00,AVGR
1.01,1.01,1.0,1.01,2475,2021-06-03 15:57:00,AVGR
1.0093,1.01,1.0093,1.01,850,2021-06-03 15:58:00,AVGR
1.01,1.01,1.009,1.01,1600,2021-06-03 15:59:00,AVGR
1.01,1.01,1.01,1.01,1601,2021-06-03 16:00:00,AVGR
1.0,1.01,1.0,1.01,3010,2021-06-03 16:01:00,AVGR
1.0,1.01,1.0,1.01,3135,2021-06-03 16:02:00,AVGR
1.01,1.01,1.01,1.01,2100,2021-06-03 16:03:00,AVGR
1.01,1.01,1.01,1.01,400,2021-06-03 16:04:00,AVGR
1.01,1.01,1.0076,1.0076,1580,2021-06-03 16:05:00,AVGR
1.005,1.01,1.005,1.01,1309,2021-06-03 16:06:00,AVGR
1.0054,1.01,1.0,1.01,8528,2021-06-03 16:07:00,AVGR
1.01,1.01,1.0,1.01,3251,2021-06-03 16:08:00,AVGR
1.01,1.02,1.01,1.02,12375,2021-06-03 16:09:00,AVGR
1.02,1.02,1.0158,1.02,1500,2021-06-03 16:10:00,AVGR
1.02,1.02,1.01,1.02,700,2021-06-03 16:11:00,AVGR
1.0117,1.02,1.0117,1.02,6499,2021-06-03 16:12:00,AVGR
1.015,1.02,1.015,1.015,900,2021-06-03 16:13:00,AVGR
1.01,1.02,1.01,1.02,2523,2021-06-03 16:14:00,AVGR
1.02,1.02,1.015,1.02,2450,2021-06-03 16:15:00,AVGR
1.02,1.02,1.015,1.02,500,2021-06-03 16:16:00,AVGR
1.02,1.02,1.019,1.02,619,2021-06-03 16:17:00,AVGR
1.02,1.02,1.015,1.02,600,2021-06-03 16:18:00,AVGR
1.02,1.02,1.0123,1.02,1800,2021-06-03 16:19:00,AVGR
1.02,1.02,1.0123,1.02,2619,2021-06-03 16:20:00,AVGR
1.02,1.02,1.01,1.02,2982,2021-06-03 16:21:00,AVGR
1.02,1.02,1.015,1.02,13246,2021-06-03 16:22:00,AVGR
1.02,1.02,1.015,1.02,13891,2021-06-03 16:23:00,AVGR
1.02,1.02,1.02,1.02,200,2021-06-03 16:24:00,AVGR
1.0186,1.02,1.0186,1.02,2256,2021-06-03 16:25:00,AVGR
1.02,1.02,1.0106,1.02,17017,2021-06-03 16:26:00,AVGR
1.02,1.02,1.013,1.02,527,2021-06-03 16:27:00,AVGR
1.02,1.02,1.015,1.015,2730,2021-06-03 16:28:00,AVGR
1.02,1.02,1.0109,1.0109,5600,2021-06-03 16:29:00,AVGR
1.015,1.02,1.015,1.02,2104,2021-06-03 16:30:00,AVGR
1.02,1.02,1.02,1.02,400,2021-06-03 16:31:00,AVGR
1.02,1.02,1.0135,1.02,6100,2021-06-03 16:32:00,AVGR
1.02,1.02,1.02,1.02,500,2021-06-03 16:33:00,AVGR
1.02,1.02,1.0199,1.02,2400,2021-06-03 16:34:00,AVGR
1.02,1.02,1.0199,1.02,899,2021-06-03 16:35:00,AVGR
1.02,1.02,1.01,1.02,56547,2021-06-03 16:36:00,AVGR
1.02,1.03,1.02,1.03,35763,2021-06-03 16:37:00,AVGR
1.03,1.03,1.0208,1.03,8045,2021-06-03 16:38:00,AVGR
1.03,1.03,1.03,1.03,501,2021-06-03 16:39:00,AVGR
1.03,1.03,1.0248,1.03,650,2021-06-03 16:40:00,AVGR
1.03,1.03,1.03,1.03,400,2021-06-03 16:41:00,AVGR
1.03,1.03,1.0245,1.03,1076,2021-06-03 16:42:00,AVGR
1.02,1.03,1.02,1.03,2500,2021-06-03 16:43:00,AVGR
1.03,1.03,1.0291,1.03,1700,2021-06-03 16:44:00,AVGR
1.03,1.03,1.03,1.03,37824,2021-06-03 16:45:00,AVGR
1.03,1.035,1.025,1.03,38554,2021-06-03 16:46:00,AVGR
1.035,1.0384,1.035,1.0384,390,2021-06-03 16:47:00,AVGR
1.0369,1.0399,1.03,1.0399,7371,2021-06-03 16:48:00,AVGR
1.04,1.04,1.03,1.0392,21649,2021-06-03 16:49:00,AVGR
1.035,1.04,1.0301,1.0301,2152,2021-06-03 16:50:00,AVGR
1.03,1.0398,1.03,1.035,50800,2021-06-03 16:51:00,AVGR
1.035,1.035,1.035,1.035,100,2021-06-03 16:52:00,AVGR
1.035,1.04,1.035,1.04,1050,2021-06-03 16:53:00,AVGR
1.031,1.0378,1.031,1.0378,535,2021-06-03 16:54:00,AVGR
1.04,1.04,1.035,1.0377,13470,2021-06-03 16:55:00,AVGR
1.035,1.035,1.03,1.03,1000,2021-06-03 16:56:00,AVGR
1.035,1.035,1.035,1.035,200,2021-06-03 16:57:00,AVGR
1.039,1.039,1.03,1.035,1313,2021-06-03 16:58:00,AVGR
1.0346,1.035,1.0346,1.035,400,2021-06-03 16:59:00,AVGR
1.035,1.035,1.0314,1.0314,1100,2021-06-03 17:00:00,AVGR
1.035,1.035,1.035,1.035,100,2021-06-03 17:01:00,AVGR
1.035,1.035,1.035,1.035,100,2021-06-03 17:02:00,AVGR
1.035,1.035,1.035,1.035,100,2021-06-03 17:03:00,AVGR
1.031,1.039,1.031,1.039,546,2021-06-03 17:04:00,AVGR
1.035,1.035,1.0301,1.0341,10040,2021-06-03 17:05:00,AVGR
1.0305,1.0305,1.0305,1.0305,5000,2021-06-03 17:06:00,AVGR
1.035,1.04,1.03,1.04,1050,2021-06-03 17:07:00,AVGR
1.035,1.035,1.035,1.035,100,2021-06-03 17:08:00,AVGR
1.0339,1.04,1.0339,1.035,5893,2021-06-03 17:09:00,AVGR
1.0338,1.04,1.03,1.04,102139,2021-06-03 17:10:00,AVGR
1.035,1.04,1.035,1.035,750,2021-06-03 17:11:00,AVGR
1.0301,1.04,1.03,1.03,6000,2021-06-03 17:12:00,AVGR
1.035,1.04,1.0301,1.04,508,2021-06-03 17:13:00,AVGR
1.035,1.04,1.035,1.04,200,2021-06-03 17:14:00,AVGR
1.03,1.0319,1.03,1.0319,1118,2021-06-03 17:15:00,AVGR
1.0308,1.04,1.03,1.0308,2400,2021-06-03 17:16:00,AVGR
1.03,1.04,1.03,1.04,3350,2021-06-03 17:17:00,AVGR
1.035,1.04,1.03,1.04,500,2021-06-03 17:18:00,AVGR
1.035,1.0389,1.0308,1.0389,1345,2021-06-03 17:19:00,AVGR
1.035,1.035,1.0303,1.0303,19500,2021-06-03 17:20:00,AVGR
1.0305,1.04,1.0305,1.04,6735,2021-06-03 17:21:00,AVGR
1.035,1.04,1.035,1.04,200,2021-06-03 17:22:00,AVGR
1.03,1.035,1.03,1.035,4789,2021-06-03 17:23:00,AVGR
1.0363,1.04,1.031,1.031,1999,2021-06-03 17:25:00,AVGR
1.04,1.04,1.035,1.035,3200,2021-06-03 17:26:00,AVGR
1.03,1.04,1.03,1.04,2223,2021-06-03 17:28:00,AVGR
1.038,1.038,1.038,1.038,966,2021-06-03 17:29:00,AVGR
1.0301,1.0301,1.0301,1.0301,2000,2021-06-03 17:30:00,AVGR
1.04,1.04,1.035,1.04,1200,2021-06-03 17:31:00,AVGR
1.035,1.04,1.03,1.03,7200,2021-06-03 17:32:00,AVGR
1.035,1.04,1.03,1.0379,1000,2021-06-03 17:33:00,AVGR
1.0379,1.04,1.03,1.03,11400,2021-06-03 17:34:00,AVGR
1.03,1.03,1.03,1.03,1969,2021-06-03 17:35:00,AVGR
1.03,1.0304,1.02,1.02,81167,2021-06-03 17:36:00,AVGR
1.0225,1.03,1.02,1.025,3087,2021-06-03 17:37:00,AVGR
1.02,1.025,1.02,1.025,5929,2021-06-03 17:38:00,AVGR
1.0285,1.0285,1.02,1.02,8200,2021-06-03 17:39:00,AVGR
1.025,1.03,1.0222,1.0222,7484,2021-06-03 17:40:00,AVGR
1.025,1.025,1.025,1.025,100,2021-06-03 17:41:00,AVGR
1.025,1.025,1.025,1.025,200,2021-06-03 17:43:00,AVGR
1.02,1.025,1.02,1.025,550,2021-06-03 17:45:00,AVGR
1.0201,1.025,1.0201,1.0201,3860,2021-06-03 17:46:00,AVGR
1.025,1.03,1.02,1.03,7800,2021-06-03 17:47:00,AVGR
1.025,1.03,1.0222,1.03,2544,2021-06-03 17:48:00,AVGR
1.0289,1.0289,1.0289,1.0289,500,2021-06-03 17:49:00,AVGR
1.0207,1.025,1.0207,1.025,2100,2021-06-03 17:53:00,AVGR
1.02,1.025,1.02,1.02,8200,2021-06-03 17:54:00,AVGR
1.0292,1.0292,1.025,1.025,1600,2021-06-03 17:56:00,AVGR
1.02,1.022,1.02,1.022,260,2021-06-03 17:57:00,AVGR
1.025,1.025,1.025,1.025,100,2021-06-03 17:58:00,AVGR
1.0216,1.0216,1.0216,1.0216,700,2021-06-03 17:59:00,AVGR
1.0219,1.0219,1.0219,1.0219,256,2021-06-03 18:00:00,AVGR
1.022,1.022,1.022,1.022,100,2021-06-03 18:04:00,AVGR
1.0291,1.03,1.025,1.025,736,2021-06-03 18:05:00,AVGR
1.0216,1.0216,1.0216,1.0216,1000,2021-06-03 18:07:00,AVGR
1.02,1.025,1.02,1.02,3509,2021-06-03 18:08:00,AVGR
1.0249,1.03,1.0249,1.03,800,2021-06-03 18:09:00,AVGR
1.0208,1.025,1.0208,1.025,9400,2021-06-03 18:11:00,AVGR
1.0297,1.03,1.02,1.02,300,2021-06-03 18:12:00,AVGR
1.025,1.03,1.025,1.025,2900,2021-06-03 18:13:00,AVGR
1.03,1.03,1.0204,1.0249,16600,2021-06-03 18:15:00,AVGR
1.02,1.025,1.02,1.025,3100,2021-06-03 18:16:00,AVGR
1.0278,1.0278,1.0278,1.0278,200,2021-06-03 18:20:00,AVGR
1.0211,1.025,1.0211,1.025,1100,2021-06-03 18:22:00,AVGR
1.02,1.03,1.02,1.03,1100,2021-06-03 18:24:00,AVGR
1.03,1.03,1.02,1.0218,1800,2021-06-03 18:25:00,AVGR
1.025,1.025,1.025,1.025,700,2021-06-03 18:26:00,AVGR
1.0213,1.0213,1.0213,1.0213,500,2021-06-03 18:27:00,AVGR
1.0209,1.029,1.0209,1.029,1665,2021-06-03 18:28:00,AVGR
1.0215,1.03,1.02,1.02,12250,2021-06-03 18:29:00,AVGR
1.03,1.03,1.025,1.025,1500,2021-06-03 18:31:00,AVGR
1.0224,1.0224,1.02,1.0224,500,2021-06-03 18:32:00,AVGR
1.0226,1.025,1.0223,1.0223,2700,2021-06-03 18:33:00,AVGR
1.0229,1.029,1.0223,1.0223,1240,2021-06-03 18:34:00,AVGR
1.0248,1.0287,1.0224,1.0287,1100,2021-06-03 18:35:00,AVGR
1.0224,1.0299,1.0224,1.0299,375,2021-06-03 18:36:00,AVGR
1.025,1.025,1.025,1.025,100,2021-06-03 18:37:00,AVGR
1.02,1.025,1.02,1.02,300,2021-06-03 18:38:00,AVGR
1.02,1.02,1.02,1.02,2737,2021-06-03 18:39:00,AVGR
1.02,1.02,1.015,1.015,11647,2021-06-03 18:40:00,AVGR
1.015,1.015,1.0135,1.0135,500,2021-06-03 18:41:00,AVGR
1.015,1.015,1.015,1.015,621,2021-06-03 18:42:00,AVGR
1.015,1.019,1.015,1.015,4943,2021-06-03 18:43:00,AVGR
1.0199,1.0199,1.015,1.015,5100,2021-06-03 18:44:00,AVGR
1.02,1.02,1.01,1.01,20519,2021-06-03 18:45:00,AVGR
1.011,1.015,1.01,1.015,1492,2021-06-03 18:46:00,AVGR
1.01,1.01,1.01,1.01,111,2021-06-03 18:49:00,AVGR
1.015,1.015,1.015,1.015,100,2021-06-03 18:54:00,AVGR
1.01,1.01,1.01,1.01,420,2021-06-03 18:55:00,AVGR
1.0199,1.0199,1.0199,1.0199,200,2021-06-03 18:57:00,AVGR
1.018,1.018,1.018,1.018,100,2021-06-03 19:00:00,AVGR
1.0101,1.02,1.0101,1.02,6176,2021-06-03 19:01:00,AVGR
1.015,1.02,1.015,1.018,1000,2021-06-03 19:04:00,AVGR
1.015,1.0178,1.015,1.0178,4588,2021-06-03 19:07:00,AVGR
1.0125,1.02,1.01,1.01,3325,2021-06-03 19:09:00,AVGR
1.015,1.015,1.015,1.015,270,2021-06-03 19:10:00,AVGR
1.01,1.02,1.01,1.0173,5451,2021-06-03 19:12:00,AVGR
1.015,1.0193,1.0127,1.0188,3600,2021-06-03 19:13:00,AVGR
1.01,1.0183,1.01,1.0183,7314,2021-06-03 19:15:00,AVGR
1.01,1.01,1.01,1.01,527,2021-06-03 19:16:00,AVGR
1.0122,1.0122,1.0122,1.0122,100,2021-06-03 19:18:00,AVGR
1.018,1.018,1.018,1.018,200,2021-06-03 19:19:00,AVGR
1.0173,1.0183,1.0101,1.0183,3400,2021-06-03 19:21:00,AVGR
1.015,1.015,1.015,1.015,300,2021-06-03 19:22:00,AVGR
1.0139,1.0139,1.01,1.01,700,2021-06-03 19:23:00,AVGR
1.015,1.015,1.015,1.015,400,2021-06-03 19:25:00,AVGR
1.02,1.02,1.02,1.02,150,2021-06-03 19:27:00,AVGR
1.015,1.02,1.015,1.02,2341,2021-06-03 19:29:00,AVGR
1.02,1.02,1.02,1.02,200,2021-06-03 19:31:00,AVGR
1.02,1.02,1.02,1.02,457,2021-06-03 19:35:00,AVGR
1.01,1.015,1.01,1.015,992,2021-06-03 19:36:00,AVGR
1.01,1.01,1.01,1.01,148,2021-06-03 19:40:00,AVGR
1.01,1.01,1.01,1.01,100,2021-06-03 19:42:00,AVGR
1.015,1.02,1.015,1.02,10025,2021-06-03 19:43:00,AVGR
1.025,1.025,1.02,1.02,5300,2021-06-03 19:44:00,AVGR
1.0225,1.0225,1.0225,1.0225,100,2021-06-03 19:45:00,AVGR
1.029,1.029,1.029,1.029,1000,2021-06-03 19:46:00,AVGR
1.03,1.03,1.03,1.03,108,2021-06-03 19:48:00,AVGR
1.0299,1.0299,1.0299,1.0299,300,2021-06-03 19:49:00,AVGR
1.03,1.03,1.02,1.02,16149,2021-06-03 19:50:00,AVGR
1.025,1.025,1.02,1.02,749,2021-06-03 19:51:00,AVGR
1.02,1.0219,1.02,1.0219,2200,2021-06-03 19:52:00,AVGR
1.02,1.0266,1.02,1.025,1656,2021-06-03 19:53:00,AVGR
1.02,1.025,1.02,1.025,4600,2021-06-03 19:55:00,AVGR
1.02,1.03,1.02,1.03,1100,2021-06-03 19:56:00,AVGR
1.025,1.025,1.025,1.025,450,2021-06-03 19:57:00,AVGR
1.025,1.03,1.025,1.03,1365,2021-06-03 19:58:00,AVGR
1.03,1.03,1.02,1.02,33914,2021-06-03 19:59:00,AVGR
1.03,1.03,1.03,1.03,10911,2021-06-03 20:00:00,AVGR
1.03,1.03,1.03,1.03,200,2021-06-03 20:02:00,AVGR
1.0125,1.0125,1.01,1.01,1600,2021-06-03 20:07:00,AVGR
1.03,1.03,1.03,1.03,100,2021-06-03 20:13:00,AVGR
1.03,1.03,1.03,1.03,100,2021-06-03 20:25:00,AVGR
1.02,1.02,1.02,1.02,100,2021-06-03 20:35:00,AVGR
1.03,1.03,1.03,1.03,1000,2021-06-03 20:44:00,AVGR
1.03,1.03,1.03,1.03,700,2021-06-03 20:46:00,AVGR
1.03,1.03,1.03,1.03,100,2021-06-03 20:52:00,AVGR
1.03,1.03,1.03,1.03,100,2021-06-03 20:54:00,AVGR
1.02,1.02,1.02,1.02,1000,2021-06-03 21:11:00,AVGR
1.0115,1.0115,1.01,1.01,2577,2021-06-03 21:13:00,AVGR
1.0119,1.0119,1.01,1.01,2060,2021-06-03 21:20:00,AVGR
1.02,1.02,1.01,1.01,500,2021-06-03 21:22:00,AVGR
1.01,1.01,1.01,1.01,100,2021-06-03 21:25:00,AVGR
1.02,1.02,1.02,1.02,500,2021-06-03 21:37:00,AVGR
1.02,1.02,1.02,1.02,218,2021-06-03 21:51:00,AVGR
1.02,1.03,1.02,1.03,5802,2021-06-03 21:57:00,AVGR
1.02,1.03,1.02,1.03,1796,2021-06-03 21:58:00,AVGR
1.03,1.03,1.03,1.03,200,2021-06-03 22:08:00,AVGR
1.03,1.03,1.03,1.03,2000,2021-06-03 22:13:00,AVGR
1.03,1.03,1.03,1.03,1950,2021-06-03 22:53:00,AVGR
1.03,1.03,1.03,1.03,500,2021-06-03 23:13:00,AVGR
1.03,1.03,1.03,1.03,500,2021-06-03 23:14:00,AVGR
1.03,1.03,1.03,1.03,888,2021-06-03 23:23:00,AVGR
1.03,1.03,1.03,1.03,700,2021-06-03 23:52:00,AVGR
1.03,1.03,1.03,1.03,500,2021-06-03 23:57:00,AVGR
1.03,1.03,1.03,1.03,500,2021-06-03 23:59:00,AVGR
1.03,1.03,1.03,1.03,1398,2021-06-04 09:05:00,AVGR
1.01,1.01,1.01,1.01,836,2021-06-04 09:24:00,AVGR
1.01,1.01,1.01,1.01,1201,2021-06-04 09:44:00,AVGR
1.01,1.01,1.01,1.01,799,2021-06-04 10:14:00,AVGR
1.03,1.03,1.03,1.03,100,2021-06-04 10:21:00,AVGR
1.01,1.01,1.01,1.01,840,2021-06-04 10:34:00,AVGR
1.02,1.02,1.02,1.02,100,2021-06-04 12:06:00,AVGR
1.02,1.02,1.02,1.02,8500,2021-06-04 12:07:00,AVGR
1.0299,1.0299,1.0299,1.0299,100,2021-06-04 12:08:00,AVGR
1.02,1.02,1.02,1.02,423,2021-06-04 12:09:00,AVGR
1.03,1.03,1.03,1.03,10000,2021-06-04 12:13:00,AVGR
1.03,1.03,1.03,1.03,10000,2021-06-04 12:14:00,AVGR
1.02,1.02,1.02,1.02,1000,2021-06-04 12:28:00,AVGR
1.03,1.03,1.03,1.03,260,2021-06-04 12:29:00,AVGR
1.02,1.02,1.02,1.02,590,2021-06-04 12:32:00,AVGR
1.03,1.03,1.03,1.03,601,2021-06-04 12:33:00,AVGR
1.03,1.03,1.03,1.03,135,2021-06-04 12:36:00,AVGR
1.03,1.03,1.03,1.03,500,2021-06-04 12:50:00,AVGR
1.03,1.03,1.03,1.03,500,2021-06-04 12:52:00,AVGR
1.03,1.03,1.03,1.03,300,2021-06-04 13:00:00,AVGR
1.03,1.04,1.03,1.04,3816,2021-06-04 13:01:00,AVGR
1.03,1.03,1.03,1.03,400,2021-06-04 13:02:00,AVGR
1.04,1.04,1.04,1.04,1000,2021-06-04 13:07:00,AVGR
1.04,1.04,1.04,1.04,5000,2021-06-04 13:08:00,AVGR
1.04,1.04,1.04,1.04,13000,2021-06-04 13:09:00,AVGR
1.035,1.035,1.035,1.035,190,2021-06-04 13:11:00,AVGR
1.04,1.04,1.04,1.04,300,2021-06-04 13:14:00,AVGR
1.03,1.03,1.03,1.03,2352,2021-06-04 13:25:00,AVGR
1.03,1.03,1.03,1.03,200,2021-06-04 13:26:00,AVGR
1.04,1.04,1.04,1.04,4090,2021-06-04 13:29:00,AVGR
1.03,1.0382,1.02,1.025,21876,2021-06-04 13:30:00,AVGR
1.02,1.0216,1.02,1.0206,9401,2021-06-04 13:31:00,AVGR
1.0215,1.0224,1.0201,1.0201,3943,2021-06-04 13:32:00,AVGR
1.025,1.029,1.02,1.029,10100,2021-06-04 13:34:00,AVGR
1.02,1.02,1.02,1.02,1191,2021-06-04 13:35:00,AVGR
1.025,1.025,1.02,1.02,2627,2021-06-04 13:36:00,AVGR
1.02,1.0203,1.01,1.015,39441,2021-06-04 13:37:00,AVGR
1.0113,1.0113,1.0113,1.0113,1000,2021-06-04 13:38:00,AVGR
1.02,1.02,1.0118,1.02,6614,2021-06-04 13:39:00,AVGR
1.01,1.0122,1.01,1.0122,600,2021-06-04 13:40:00,AVGR
1.0148,1.0199,1.0148,1.0199,750,2021-06-04 13:41:00,AVGR
1.02,1.02,1.01,1.0199,7777,2021-06-04 13:42:00,AVGR
1.01,1.0126,1.01,1.0126,12500,2021-06-04 13:43:00,AVGR
1.02,1.02,1.01,1.015,5233,2021-06-04 13:44:00,AVGR
1.0119,1.02,1.01,1.02,9550,2021-06-04 13:45:00,AVGR
1.01,1.02,1.01,1.02,6090,2021-06-04 13:46:00,AVGR
1.03,1.03,1.03,1.03,100,2021-06-04 13:47:00,AVGR
1.0248,1.025,1.02,1.025,9883,2021-06-04 13:48:00,AVGR
1.0201,1.0272,1.0201,1.0216,4093,2021-06-04 13:49:00,AVGR
1.03,1.04,1.03,1.039,24729,2021-06-04 13:50:00,AVGR
1.04,1.04,1.03,1.0302,14436,2021-06-04 13:51:00,AVGR
1.04,1.04,1.03,1.03,2711,2021-06-04 13:52:00,AVGR
1.031,1.035,1.01,1.015,88817,2021-06-04 13:53:00,AVGR
1.015,1.025,1.015,1.025,3800,2021-06-04 13:54:00,AVGR
1.0298,1.03,1.0298,1.0299,4800,2021-06-04 13:55:00,AVGR
1.025,1.025,1.02,1.02,24608,2021-06-04 13:56:00,AVGR
1.02,1.02,1.01,1.01,4750,2021-06-04 13:57:00,AVGR
1.0101,1.02,1.0101,1.02,2405,2021-06-04 13:58:00,AVGR
1.019,1.019,1.019,1.019,1000,2021-06-04 14:00:00,AVGR
1.015,1.015,1.01,1.01,2250,2021-06-04 14:01:00,AVGR
1.02,1.03,1.02,1.03,13200,2021-06-04 14:02:00,AVGR
1.025,1.0283,1.022,1.0224,3723,2021-06-04 14:03:00,AVGR
1.0212,1.03,1.0212,1.03,5954,2021-06-04 14:04:00,AVGR
1.02,1.03,1.02,1.03,10189,2021-06-04 14:05:00,AVGR
1.025,1.025,1.025,1.025,400,2021-06-04 14:06:00,AVGR
1.021,1.03,1.0206,1.03,11000,2021-06-04 14:07:00,AVGR
1.025,1.0284,1.02,1.025,15300,2021-06-04 14:08:00,AVGR
1.02,1.03,1.02,1.025,6580,2021-06-04 14:09:00,AVGR
1.0279,1.03,1.02,1.02,5221,2021-06-04 14:10:00,AVGR
1.02,1.02,1.02,1.02,2365,2021-06-04 14:11:00,AVGR
1.015,1.02,1.0126,1.0154,4055,2021-06-04 14:12:00,AVGR
1.02,1.02,1.015,1.02,15012,2021-06-04 14:13:00,AVGR
1.01,1.01,1.01,1.01,2700,2021-06-04 14:14:00,AVGR
1.02,1.02,1.018,1.02,594,2021-06-04 14:15:00,AVGR
1.0196,1.0196,1.01,1.011,6500,2021-06-04 14:16:00,AVGR
1.0189,1.0189,1.015,1.0152,1300,2021-06-04 14:17:00,AVGR
1.0189,1.0189,1.0101,1.0101,681,2021-06-04 14:18:00,AVGR
1.01,1.01,1.01,1.01,34042,2021-06-04 14:19:00,AVGR
1.0001,1.01,1.0,1.01,12200,2021-06-04 14:20:00,AVGR
1.004,1.004,1.0,1.004,7000,2021-06-04 14:21:00,AVGR
1.0011,1.01,1.0011,1.01,3213,2021-06-04 14:22:00,AVGR
1.01,1.01,1.0097,1.0097,3305,2021-06-04 14:23:00,AVGR
1.0,1.01,1.0,1.01,1250,2021-06-04 14:24:00,AVGR
1.01,1.0117,1.01,1.0117,7148,2021-06-04 14:25:00,AVGR
1.0115,1.02,1.0115,1.02,1200,2021-06-04 14:26:00,AVGR
1.01,1.0113,1.01,1.0113,2245,2021-06-04 14:27:00,AVGR
1.02,1.02,1.01,1.01,1300,2021-06-04 14:28:00,AVGR
1.01,1.01,1.0,1.0,3000,2021-06-04 14:29:00,AVGR
1.0085,1.0093,1.0085,1.0093,648,2021-06-04 14:31:00,AVGR
1.01,1.01,1.0008,1.0008,2261,2021-06-04 14:32:00,AVGR
1.009,1.01,1.0008,1.0099,13144,2021-06-04 14:34:00,AVGR
1.005,1.005,1.005,1.005,1000,2021-06-04 14:35:00,AVGR
1.01,1.01,1.01,1.01,100,2021-06-04 14:37:00,AVGR
1.0,1.0,1.0,1.0,400,2021-06-04 14:38:00,AVGR
1.0092,1.01,1.0,1.0099,9086,2021-06-04 14:39:00,AVGR
1.0011,1.01,1.0,1.01,10526,2021-06-04 14:41:00,AVGR
1.0148,1.018,1.01,1.018,700,2021-06-04 14:42:00,AVGR
1.015,1.015,1.015,1.015,100,2021-06-04 14:44:00,AVGR
1.0176,1.0176,1.0176,1.0176,500,2021-06-04 14:45:00,AVGR
1.015,1.015,1.015,1.015,100,2021-06-04 14:47:00,AVGR
1.015,1.0171,1.015,1.0171,200,2021-06-04 14:48:00,AVGR
1.02,1.02,1.02,1.02,5000,2021-06-04 14:51:00,AVGR
1.015,1.018,1.015,1.018,5000,2021-06-04 14:53:00,AVGR
1.02,1.02,1.0125,1.02,4693,2021-06-04 14:54:00,AVGR
1.0127,1.0127,1.0127,1.0127,150,2021-06-04 14:57:00,AVGR
1.02,1.02,1.0123,1.019,5206,2021-06-04 15:01:00,AVGR
1.0111,1.0118,1.0111,1.0118,1300,2021-06-04 15:02:00,AVGR
1.015,1.02,1.015,1.0175,4300,2021-06-04 15:04:00,AVGR
1.0115,1.02,1.0115,1.02,1607,2021-06-04 15:07:00,AVGR
1.015,1.015,1.0124,1.0124,284,2021-06-04 15:08:00,AVGR
1.015,1.02,1.015,1.02,900,2021-06-04 15:09:00,AVGR
1.0177,1.0177,1.01,1.01,370,2021-06-04 15:10:00,AVGR
1.011,1.011,1.011,1.011,1982,2021-06-04 15:11:00,AVGR
1.02,1.02,1.02,1.02,300,2021-06-04 15:12:00,AVGR
1.02,1.02,1.018,1.02,5100,2021-06-04 15:15:00,AVGR
1.0199,1.02,1.01,1.01,2064,2021-06-04 15:16:00,AVGR
1.011,1.011,1.011,1.011,3570,2021-06-04 15:18:00,AVGR
1.018,1.02,1.018,1.02,200,2021-06-04 15:19:00,AVGR
1.015,1.015,1.015,1.015,300,2021-06-04 15:24:00,AVGR
1.02,1.02,1.01,1.01,6930,2021-06-04 15:25:00,AVGR
1.015,1.015,1.01,1.01,750,2021-06-04 15:27:00,AVGR
1.015,1.02,1.01,1.01,6300,2021-06-04 15:29:00,AVGR
1.0163,1.0163,1.01,1.01,1200,2021-06-04 15:30:00,AVGR
1.015,1.02,1.01,1.0179,8494,2021-06-04 15:32:00,AVGR
1.01,1.01,1.01,1.01,4000,2021-06-04 15:34:00,AVGR
1.015,1.015,1.015,1.015,775,2021-06-04 15:35:00,AVGR
1.0155,1.0155,1.0155,1.0155,982,2021-06-04 15:37:00,AVGR
1.01,1.02,1.01,1.02,649,2021-06-04 15:38:00,AVGR
1.02,1.02,1.0112,1.0112,549,2021-06-04 15:39:00,AVGR
1.02,1.02,1.01,1.02,3700,2021-06-04 15:40:00,AVGR
1.0189,1.02,1.0189,1.02,2141,2021-06-04 15:43:00,AVGR
1.017,1.02,1.01,1.02,3800,2021-06-04 15:45:00,AVGR
1.02,1.02,1.01,1.01,788,2021-06-04 15:46:00,AVGR
1.015,1.015,1.015,1.015,520,2021-06-04 15:47:00,AVGR
1.02,1.02,1.0136,1.0136,6300,2021-06-04 15:48:00,AVGR
1.02,1.02,1.0119,1.0119,474,2021-06-04 15:49:00,AVGR
1.0178,1.02,1.0178,1.02,2674,2021-06-04 15:50:00,AVGR
1.0101,1.0101,1.0101,1.0101,230,2021-06-04 15:51:00,AVGR
1.0177,1.0177,1.01,1.01,300,2021-06-04 15:55:00,AVGR
1.0198,1.0198,1.01,1.01,5700,2021-06-04 15:58:00,AVGR
1.02,1.02,1.02,1.02,100,2021-06-04 15:59:00,AVGR
1.011,1.02,1.011,1.02,2224,2021-06-04 16:00:00,AVGR
1.0119,1.02,1.0119,1.02,20195,2021-06-04 16:02:00,AVGR
1.02,1.02,1.02,1.02,100,2021-06-04 16:03:00,AVGR
1.02,1.02,1.02,1.02,200,2021-06-04 16:04:00,AVGR
1.02,1.02,1.02,1.02,100,2021-06-04 16:05:00,AVGR
1.0174,1.0174,1.0174,1.0174,125,2021-06-04 16:06:00,AVGR
1.015,1.02,1.015,1.02,2700,2021-06-04 16:07:00,AVGR
1.0109,1.015,1.0109,1.015,600,2021-06-04 16:09:00,AVGR
1.02,1.02,1.0178,1.02,799,2021-06-04 16:10:00,AVGR
1.0151,1.0151,1.0151,1.0151,100,2021-06-04 16:11:00,AVGR
1.02,1.02,1.02,1.02,300,2021-06-04 16:18:00,AVGR
1.02,1.02,1.015,1.015,1890,2021-06-04 16:19:00,AVGR
1.02,1.02,1.02,1.02,150,2021-06-04 16:21:00,AVGR
1.02,1.02,1.02,1.02,187,2021-06-04 16:22:00,AVGR
1.01,1.015,1.01,1.015,2576,2021-06-04 16:26:00,AVGR
1.01,1.019,1.01,1.019,10250,2021-06-04 16:28:00,AVGR
1.0187,1.0187,1.0187,1.0187,1350,2021-06-04 16:30:00,AVGR
1.0176,1.0176,1.0176,1.0176,150,2021-06-04 16:31:00,AVGR
1.0118,1.0118,1.0118,1.0118,200,2021-06-04 16:33:00,AVGR
1.0182,1.0191,1.0101,1.0101,1793,2021-06-04 16:36:00,AVGR
1.02,1.02,1.02,1.02,5000,2021-06-04 16:37:00,AVGR
1.01,1.02,1.01,1.02,1100,2021-06-04 16:39:00,AVGR
1.015,1.015,1.012,1.012,2221,2021-06-04 16:40:00,AVGR
1.02,1.02,1.02,1.02,1000,2021-06-04 16:41:00,AVGR
1.0133,1.0133,1.01,1.01,17574,2021-06-04 16:42:00,AVGR
1.0186,1.0186,1.01,1.01,1815,2021-06-04 16:43:00,AVGR
1.0192,1.0192,1.0192,1.0192,1000,2021-06-04 16:44:00,AVGR
1.0111,1.0111,1.011,1.011,1578,2021-06-04 16:45:00,AVGR
1.01,1.015,1.01,1.015,1100,2021-06-04 16:46:00,AVGR
1.0118,1.0118,1.0118,1.0118,150,2021-06-04 16:47:00,AVGR
1.0163,1.0163,1.0163,1.0163,1000,2021-06-04 16:50:00,AVGR
1.015,1.015,1.015,1.015,800,2021-06-04 16:51:00,AVGR
1.015,1.02,1.015,1.02,8281,2021-06-04 16:52:00,AVGR
1.02,1.02,1.0181,1.0181,200,2021-06-04 16:53:00,AVGR
1.0111,1.0111,1.0111,1.0111,100,2021-06-04 16:54:00,AVGR
1.02,1.02,1.02,1.02,1000,2021-06-04 16:57:00,AVGR
1.0183,1.0183,1.0183,1.0183,250,2021-06-04 16:59:00,AVGR
1.02,1.02,1.02,1.02,100,2021-06-04 17:01:00,AVGR
1.02,1.02,1.02,1.02,100,2021-06-04 17:02:00,AVGR
1.01,1.0113,1.01,1.0113,600,2021-06-04 17:03:00,AVGR
1.0119,1.0119,1.01,1.01,1100,2021-06-04 17:04:00,AVGR
1.01,1.01,1.01,1.01,6399,2021-06-04 17:05:00,AVGR
1.015,1.015,1.015,1.015,400,2021-06-04 17:06:00,AVGR
1.0191,1.0191,1.0139,1.0139,3345,2021-06-04 17:09:00,AVGR
1.01,1.0184,1.01,1.0184,1376,2021-06-04 17:13:00,AVGR
1.01,1.01,1.01,1.01,300,2021-06-04 17:14:00,AVGR
1.02,1.02,1.02,1.02,11000,2021-06-04 17:15:00,AVGR
1.015,1.015,1.015,1.015,1800,2021-06-04 17:18:00,AVGR
1.015,1.015,1.015,1.015,750,2021-06-04 17:20:00,AVGR
1.0182,1.0182,1.0182,1.0182,1000,2021-06-04 17:21:00,AVGR
1.0184,1.0184,1.0184,1.0184,139,2021-06-04 17:24:00,AVGR
1.015,1.02,1.015,1.02,4700,2021-06-04 17:26:00,AVGR
1.0114,1.0163,1.0114,1.0163,400,2021-06-04 17:27:00,AVGR
1.0114,1.0114,1.0114,1.0114,261,2021-06-04 17:31:00,AVGR
1.02,1.02,1.02,1.02,400,2021-06-04 17:34:00,AVGR
1.01,1.01,1.01,1.01,9246,2021-06-04 17:37:00,AVGR
1.02,1.02,1.02,1.02,5407,2021-06-04 17:38:00,AVGR
1.015,1.015,1.015,1.015,268,2021-06-04 17:39:00,AVGR
1.015,1.015,1.015,1.015,100,2021-06-04 17:41:00,AVGR
1.015,1.015,1.015,1.015,100,2021-06-04 17:42:00,AVGR
1.0109,1.0109,1.0109,1.0109,300,2021-06-04 17:43:00,AVGR
1.0101,1.0101,1.0101,1.0101,1500,2021-06-04 17:44:00,AVGR
1.0199,1.0199,1.0199,1.0199,500,2021-06-04 17:52:00,AVGR
1.01,1.01,1.01,1.01,500,2021-06-04 17:53:00,AVGR
1.015,1.015,1.0126,1.0126,5000,2021-06-04 17:55:00,AVGR
1.01,1.01,1.01,1.01,810,2021-06-04 17:57:00,AVGR
1.01,1.01,1.01,1.01,3994,2021-06-04 17:58:00,AVGR
1.02,1.02,1.02,1.02,1000,2021-06-04 18:00:00,AVGR
1.0192,1.0192,1.0192,1.0192,1000,2021-06-04 18:02:00,AVGR
1.01,1.0111,1.01,1.0111,3640,2021-06-04 18:05:00,AVGR
1.02,1.02,1.02,1.02,200,2021-06-04 18:06:00,AVGR
1.02,1.02,1.02,1.02,600,2021-06-04 18:08:00,AVGR
1.01,1.0189,1.01,1.0189,600,2021-06-04 18:09:00,AVGR
1.017,1.017,1.01,1.01,1988,2021-06-04 18:13:00,AVGR
1.015,1.015,1.015,1.015,109,2021-06-04 18:14:00,AVGR
1.0186,1.0186,1.0186,1.0186,476,2021-06-04 18:17:00,AVGR
1.0165,1.0165,1.0165,1.0165,493,2021-06-04 18:18:00,AVGR
1.015,1.015,1.015,1.015,100,2021-06-04 18:20:00,AVGR
1.0189,1.0189,1.01,1.01,2088,2021-06-04 18:22:00,AVGR
1.0108,1.0108,1.0108,1.0108,1000,2021-06-04 18:25:00,AVGR
1.019,1.019,1.019,1.019,250,2021-06-04 18:26:00,AVGR
1.0199,1.0199,1.0192,1.0192,2000,2021-06-04 18:29:00,AVGR
1.0192,1.0192,1.0108,1.0108,2000,2021-06-04 18:30:00,AVGR
1.0164,1.0164,1.0164,1.0164,300,2021-06-04 18:31:00,AVGR
1.0199,1.0199,1.0199,1.0199,1000,2021-06-04 18:32:00,AVGR
1.015,1.015,1.015,1.015,500,2021-06-04 18:34:00,AVGR
1.0117,1.0117,1.0117,1.0117,107,2021-06-04 18:35:00,AVGR
1.0191,1.0191,1.0191,1.0191,500,2021-06-04 18:36:00,AVGR
1.02,1.02,1.02,1.02,1255,2021-06-04 18:37:00,AVGR
1.0109,1.0109,1.0109,1.0109,1970,2021-06-04 18:39:00,AVGR
1.015,1.0183,1.01,1.015,27429,2021-06-04 18:40:00,AVGR
1.019,1.0196,1.015,1.015,3601,2021-06-04 18:41:00,AVGR
1.0118,1.0118,1.01,1.01,200,2021-06-04 18:42:00,AVGR
1.0118,1.02,1.01,1.0137,1600,2021-06-04 18:43:00,AVGR
1.0101,1.0101,1.0101,1.0101,2500,2021-06-04 18:48:00,AVGR
1.0199,1.0199,1.0199,1.0199,200,2021-06-04 18:49:00,AVGR
1.01,1.01,1.01,1.01,1961,2021-06-04 18:50:00,AVGR
1.02,1.02,1.0188,1.0188,349,2021-06-04 18:51:00,AVGR
1.015,1.018,1.015,1.018,2100,2021-06-04 18:52:00,AVGR
1.02,1.02,1.01,1.01,1000,2021-06-04 18:54:00,AVGR
1.01,1.01,1.01,1.01,1000,2021-06-04 18:55:00,AVGR
1.015,1.015,1.015,1.015,500,2021-06-04 18:57:00,AVGR
1.02,1.02,1.0188,1.0188,403,2021-06-04 18:58:00,AVGR
1.0165,1.0165,1.0165,1.0165,500,2021-06-04 19:00:00,AVGR
1.02,1.02,1.02,1.02,100,2021-06-04 19:01:00,AVGR
1.0152,1.019,1.01,1.019,747,2021-06-04 19:04:00,AVGR
1.0199,1.0199,1.0199,1.0199,2000,2021-06-04 19:08:00,AVGR
1.02,1.02,1.0165,1.0165,1000,2021-06-04 19:09:00,AVGR
1.0192,1.0192,1.0151,1.0191,2330,2021-06-04 19:10:00,AVGR
1.0199,1.02,1.0199,1.02,15100,2021-06-04 19:11:00,AVGR
1.01,1.0165,1.01,1.0165,951,2021-06-04 19:12:00,AVGR
1.02,1.02,1.01,1.01,800,2021-06-04 19:13:00,AVGR
1.019,1.02,1.019,1.02,765,2021-06-04 19:14:00,AVGR
1.0199,1.0199,1.0199,1.0199,3000,2021-06-04 19:15:00,AVGR
1.015,1.02,1.01,1.02,3386,2021-06-04 19:17:00,AVGR
1.01,1.0191,1.01,1.0191,710,2021-06-04 19:18:00,AVGR
1.015,1.0165,1.015,1.0165,4138,2021-06-04 19:22:00,AVGR
1.0111,1.0111,1.0111,1.0111,247,2021-06-04 19:23:00,AVGR
1.01,1.012,1.01,1.012,1700,2021-06-04 19:24:00,AVGR
1.015,1.02,1.0108,1.02,6100,2021-06-04 19:26:00,AVGR
1.015,1.0178,1.015,1.0178,6400,2021-06-04 19:29:00,AVGR
1.015,1.015,1.01,1.01,4100,2021-06-04 19:31:00,AVGR
1.02,1.02,1.0199,1.02,500,2021-06-04 19:33:00,AVGR
1.01,1.01,1.01,1.01,104,2021-06-04 19:34:00,AVGR
1.0163,1.0163,1.0163,1.0163,118,2021-06-04 19:35:00,AVGR
1.0135,1.0135,1.0135,1.0135,700,2021-06-04 19:36:00,AVGR
1.02,1.02,1.02,1.02,200,2021-06-04 19:37:00,AVGR
1.015,1.015,1.015,1.015,3155,2021-06-04 19:38:00,AVGR
1.02,1.02,1.01,1.01,4300,2021-06-04 19:39:00,AVGR
1.02,1.02,1.02,1.02,100,2021-06-04 19:40:00,AVGR
1.015,1.015,1.015,1.015,200,2021-06-04 19:42:00,AVGR
1.0199,1.02,1.011,1.011,2700,2021-06-04 19:43:00,AVGR
1.02,1.02,1.02,1.02,100,2021-06-04 19:44:00,AVGR
1.015,1.02,1.015,1.02,415,2021-06-04 19:45:00,AVGR
1.0101,1.0101,1.0101,1.0101,1000,2021-06-04 19:47:00,AVGR
1.0164,1.0199,1.0164,1.0199,2400,2021-06-04 19:48:00,AVGR
1.0179,1.02,1.01,1.01,2900,2021-06-04 19:49:00,AVGR
1.0108,1.0108,1.01,1.01,1100,2021-06-04 19:50:00,AVGR
1.02,1.02,1.02,1.02,147,2021-06-04 19:51:00,AVGR
1.015,1.02,1.01,1.01,5238,2021-06-04 19:55:00,AVGR
1.0111,1.02,1.01,1.01,5139,2021-06-04 19:56:00,AVGR
1.02,1.02,1.01,1.01,2865,2021-06-04 19:57:00,AVGR
1.01,1.02,1.01,1.0192,49443,2021-06-04 19:58:00,AVGR
1.02,1.02,1.01,1.02,9846,2021-06-04 19:59:00,AVGR
1.02,1.02,1.02,1.02,10976,2021-06-04 20:00:00,AVGR
1.01,1.01,1.01,1.01,100,2021-06-04 20:02:00,AVGR
1.01,1.01,1.01,1.01,400,2021-06-04 20:17:00,AVGR
1.02,1.02,1.02,1.02,150,2021-06-04 20:18:00,AVGR
1.01,1.01,1.01,1.01,1000,2021-06-04 20:23:00,AVGR
1.02,1.02,1.02,1.02,500,2021-06-04 20:27:00,AVGR
1.01,1.01,1.01,1.01,100,2021-06-04 20:30:00,AVGR
1.02,1.02,1.01,1.01,1600,2021-06-04 20:34:00,AVGR
1.01,1.0101,1.01,1.01,846,2021-06-04 20:36:00,AVGR
1.01,1.01,1.01,1.01,500,2021-06-04 20:39:00,AVGR
1.02,1.02,1.02,1.02,200,2021-06-04 20:40:00,AVGR
1.02,1.02,1.02,1.02,200,2021-06-04 20:45:00,AVGR
1.02,1.02,1.02,1.02,1400,2021-06-04 20:47:00,AVGR
1.02,1.02,1.02,1.02,2000,2021-06-04 21:01:00,AVGR
1.02,1.02,1.02,1.02,2000,2021-06-04 21:03:00,AVGR
1.01,1.01,1.01,1.01,2598,2021-06-04 21:05:00,AVGR
1.02,1.02,1.02,1.02,172,2021-06-04 21:12:00,AVGR
1.01,1.01,1.01,1.01,1596,2021-06-04 21:15:00,AVGR
1.02,1.02,1.02,1.02,2400,2021-06-04 21:23:00,AVGR
1.0199,1.0199,1.0199,1.0199,400,2021-06-04 21:27:00,AVGR
1.01,1.01,1.01,1.01,3941,2021-06-04 21:36:00,AVGR
1.02,1.02,1.02,1.02,200,2021-06-04 21:41:00,AVGR
1.02,1.02,1.02,1.02,200,2021-06-04 21:57:00,AVGR
1.02,1.02,1.02,1.02,6000,2021-06-04 22:26:00,AVGR
1.02,1.02,1.02,1.02,100,2021-06-04 22:41:00,AVGR
1.02,1.02,1.02,1.02,100,2021-06-04 22:55:00,AVGR
1.02,1.02,1.02,1.02,100,2021-06-04 23:02:00,AVGR
1.01,1.01,1.01,1.01,200,2021-06-04 23:08:00,AVGR
1.02,1.02,1.02,1.02,1875,2021-06-04 23:10:00,AVGR
1.02,1.02,1.02,1.02,600,2021-06-04 23:19:00,AVGR
1.01,1.01,1.01,1.01,236,2021-06-04 23:25:00,AVGR
1.02,1.02,1.02,1.02,3410,2021-06-04 23:54:00,AVGR
