open,high,low,close,volume,datetime,symbol
6.59,6.59,6.59,6.59,500,2021-08-23 12:00:00,QRHC
6.65,6.7399,6.65,6.7399,3282,2021-08-23 13:30:00,QRHC
6.69,6.705,6.6784,6.6784,1288,2021-08-23 13:35:00,QRHC
6.7484,6.9298,6.7484,6.923,4039,2021-08-23 13:50:00,QRHC
6.9103,6.92,6.834,6.834,475,2021-08-23 13:55:00,QRHC
6.83,6.88,6.82,6.88,1130,2021-08-23 14:00:00,QRHC
6.8575,6.9246,6.8268,6.9246,1578,2021-08-23 14:05:00,QRHC
6.9228,6.9228,6.8327,6.8327,1252,2021-08-23 14:15:00,QRHC
6.8444,6.8444,6.8444,6.8444,100,2021-08-23 14:20:00,QRHC
6.89,6.89,6.89,6.89,200,2021-08-23 14:25:00,QRHC
6.94,6.94,6.94,6.94,6000,2021-08-23 14:30:00,QRHC
6.8427,6.854,6.8427,6.85,1885,2021-08-23 14:35:00,QRHC
6.8527,6.895,6.85,6.89,5440,2021-08-23 14:40:00,QRHC
6.9273,6.9273,6.8627,6.9234,600,2021-08-23 14:45:00,QRHC
6.87,6.98,6.87,6.95,8877,2021-08-23 14:50:00,QRHC
6.95,7.0,6.95,6.9898,3250,2021-08-23 14:55:00,QRHC
6.9889,7.0015,6.9889,7.0015,701,2021-08-23 15:00:00,QRHC
6.9757,6.9757,6.9757,6.9757,308,2021-08-23 15:10:00,QRHC
6.997,7.005,6.997,7.005,750,2021-08-23 15:15:00,QRHC
7.02,7.02,7.02,7.02,160,2021-08-23 15:20:00,QRHC
7.05,7.13,7.05,7.07,7871,2021-08-23 15:35:00,QRHC
7.06,7.08,7.06,7.0799,1224,2021-08-23 15:40:00,QRHC
7.0654,7.0654,7.0654,7.0654,100,2021-08-23 15:45:00,QRHC
7.09,7.1905,7.08,7.1104,19300,2021-08-23 15:50:00,QRHC
7.1002,7.15,7.1,7.1057,9930,2021-08-23 15:55:00,QRHC
7.135,7.135,7.1272,7.1272,200,2021-08-23 16:00:00,QRHC
7.1,7.1,7.1,7.1,100,2021-08-23 16:05:00,QRHC
7.1299,7.15,7.12,7.14,1000,2021-08-23 16:10:00,QRHC
7.1899,7.19,7.1899,7.19,700,2021-08-23 16:20:00,QRHC
7.1608,7.1608,7.1608,7.1608,300,2021-08-23 16:30:00,QRHC
7.155,7.1624,7.155,7.1624,300,2021-08-23 16:40:00,QRHC
7.16,7.16,7.1201,7.1201,1294,2021-08-23 16:45:00,QRHC
7.1244,7.1244,7.1,7.1,800,2021-08-23 16:50:00,QRHC
7.0701,7.0946,7.0701,7.0946,220,2021-08-23 17:05:00,QRHC
7.07,7.09,7.05,7.05,4478,2021-08-23 17:15:00,QRHC
7.07,7.07,7.05,7.07,450,2021-08-23 17:40:00,QRHC
7.08,7.09,7.08,7.09,849,2021-08-23 17:50:00,QRHC
7.09,7.09,7.08,7.09,600,2021-08-23 17:55:00,QRHC
7.0897,7.1,7.0897,7.1,2190,2021-08-23 18:05:00,QRHC
7.09,7.1,7.08,7.1,782,2021-08-23 18:10:00,QRHC
7.0656,7.0656,7.0656,7.0656,250,2021-08-23 18:15:00,QRHC
7.0701,7.0701,7.0701,7.0701,200,2021-08-23 18:30:00,QRHC
7.07,7.12,7.07,7.11,4100,2021-08-23 18:40:00,QRHC
7.12,7.12,7.1,7.1,3800,2021-08-23 18:45:00,QRHC
7.113,7.113,7.113,7.113,100,2021-08-23 19:10:00,QRHC
7.12,7.12,7.12,7.12,1200,2021-08-23 19:30:00,QRHC
7.11,7.135,7.11,7.12,1585,2021-08-23 19:35:00,QRHC
7.1,7.11,7.08,7.1099,3183,2021-08-23 19:40:00,QRHC
7.084,7.1,7.08,7.1,1300,2021-08-23 19:45:00,QRHC
7.0727,7.12,7.0727,7.12,1484,2021-08-23 19:50:00,QRHC
7.1199,7.12,7.09,7.11,3341,2021-08-23 19:55:00,QRHC
7.1,7.12,7.1,7.12,8347,2021-08-23 20:00:00,QRHC
7.22,7.22,7.22,7.22,140,2021-08-23 23:55:00,QRHC
7.13,7.25,7.11,7.1604,5192,2021-08-24 13:30:00,QRHC
7.1604,7.1604,7.07,7.09,1795,2021-08-24 13:35:00,QRHC
7.09,7.09,7.09,7.09,200,2021-08-24 13:40:00,QRHC
7.0899,7.09,7.076,7.08,3109,2021-08-24 13:45:00,QRHC
7.0699,7.08,7.01,7.0698,2285,2021-08-24 13:50:00,QRHC
7.07,7.08,7.0492,7.08,1600,2021-08-24 13:55:00,QRHC
7.0565,7.0565,7.0565,7.0565,500,2021-08-24 14:00:00,QRHC
7.08,7.08,7.08,7.08,1800,2021-08-24 14:25:00,QRHC
7.05,7.05,7.05,7.05,100,2021-08-24 14:30:00,QRHC
7.08,7.08,7.08,7.08,200,2021-08-24 14:35:00,QRHC
7.05,7.05,7.0317,7.0317,2745,2021-08-24 14:40:00,QRHC
7.03,7.03,7.0,7.0,3536,2021-08-24 14:45:00,QRHC
6.98,7.02,6.94,7.02,1500,2021-08-24 14:50:00,QRHC
6.965,6.965,6.965,6.965,100,2021-08-24 15:05:00,QRHC
6.92,6.92,6.92,6.92,400,2021-08-24 15:15:00,QRHC
6.91,6.91,6.85,6.86,1451,2021-08-24 15:20:00,QRHC
6.835,6.835,6.835,6.835,100,2021-08-24 15:25:00,QRHC
6.81,6.81,6.81,6.81,100,2021-08-24 15:30:00,QRHC
6.86,6.86,6.8573,6.86,2240,2021-08-24 15:40:00,QRHC
6.8344,6.8344,6.8344,6.8344,100,2021-08-24 15:45:00,QRHC
6.8001,6.804,6.7001,6.7001,7324,2021-08-24 15:50:00,QRHC
6.71,6.72,6.71,6.72,300,2021-08-24 15:55:00,QRHC
6.76,6.76,6.76,6.76,500,2021-08-24 16:00:00,QRHC
6.7627,6.81,6.7292,6.7292,1500,2021-08-24 16:30:00,QRHC
6.71,6.71,6.71,6.71,100,2021-08-24 16:45:00,QRHC
6.75,6.75,6.75,6.75,200,2021-08-24 17:00:00,QRHC
6.75,6.75,6.71,6.71,1600,2021-08-24 17:05:00,QRHC
6.71,6.71,6.7,6.7,200,2021-08-24 17:10:00,QRHC
6.7,6.7,6.6,6.6352,1960,2021-08-24 17:20:00,QRHC
6.61,6.6299,6.6,6.61,1800,2021-08-24 17:25:00,QRHC
6.6,6.64,6.6,6.64,1136,2021-08-24 17:30:00,QRHC
6.638,6.638,6.638,6.638,1000,2021-08-24 17:35:00,QRHC
6.63,6.6498,6.63,6.6498,1250,2021-08-24 17:40:00,QRHC
6.65,6.65,6.65,6.65,740,2021-08-24 17:45:00,QRHC
6.6899,6.6899,6.6899,6.6899,150,2021-08-24 18:15:00,QRHC
6.69,6.69,6.69,6.69,100,2021-08-24 18:25:00,QRHC
6.64,6.64,6.64,6.64,200,2021-08-24 18:30:00,QRHC
6.65,6.65,6.6,6.6,800,2021-08-24 18:35:00,QRHC
6.59,6.61,6.55,6.55,5000,2021-08-24 18:40:00,QRHC
6.555,6.558,6.52,6.52,1079,2021-08-24 18:45:00,QRHC
6.535,6.56,6.535,6.54,1650,2021-08-24 18:50:00,QRHC
6.54,6.54,6.5211,6.54,1000,2021-08-24 18:55:00,QRHC
6.54,6.54,6.52,6.5201,500,2021-08-24 19:00:00,QRHC
6.52,6.52,6.45,6.45,2530,2021-08-24 19:05:00,QRHC
6.45,6.4899,6.45,6.46,1750,2021-08-24 19:10:00,QRHC
6.46,6.47,6.4,6.4,3813,2021-08-24 19:15:00,QRHC
6.41,6.44,6.35,6.3584,2467,2021-08-24 19:20:00,QRHC
6.4,6.4399,6.4,6.4,4232,2021-08-24 19:25:00,QRHC
6.36,6.4161,6.36,6.4161,2512,2021-08-24 19:30:00,QRHC
6.44,6.51,6.43,6.5,2041,2021-08-24 19:35:00,QRHC
6.52,6.52,6.495,6.5,2498,2021-08-24 19:40:00,QRHC
6.48,6.49,6.48,6.4864,1070,2021-08-24 19:45:00,QRHC
6.46,6.46,6.45,6.4595,3141,2021-08-24 19:50:00,QRHC
6.46,6.46,6.45,6.46,17812,2021-08-24 19:55:00,QRHC
6.46,6.46,6.46,6.46,634,2021-08-24 20:00:00,QRHC
6.421,6.421,6.421,6.421,19195,2021-08-24 20:05:00,QRHC
6.44,6.44,6.44,6.44,181,2021-08-24 23:10:00,QRHC
6.4,6.4,6.27,6.32,6227,2021-08-25 13:30:00,QRHC
6.3908,6.4,6.3908,6.4,300,2021-08-25 13:35:00,QRHC
6.3787,6.3787,6.3731,6.3731,895,2021-08-25 13:40:00,QRHC
6.38,6.38,6.38,6.38,800,2021-08-25 13:45:00,QRHC
6.4,6.4,6.36,6.3893,800,2021-08-25 13:50:00,QRHC
6.41,6.41,6.4,6.4,400,2021-08-25 14:00:00,QRHC
6.3601,6.3601,6.3601,6.3601,300,2021-08-25 14:10:00,QRHC
6.36,6.36,6.36,6.36,235,2021-08-25 14:15:00,QRHC
6.41,6.41,6.41,6.41,100,2021-08-25 14:20:00,QRHC
6.39,6.42,6.39,6.42,681,2021-08-25 14:30:00,QRHC
6.42,6.42,6.42,6.42,300,2021-08-25 14:35:00,QRHC
6.42,6.42,6.42,6.42,100,2021-08-25 14:40:00,QRHC
6.4098,6.42,6.4,6.4,600,2021-08-25 14:50:00,QRHC
6.38,6.38,6.36,6.36,600,2021-08-25 14:55:00,QRHC
6.31,6.31,6.3016,6.3016,1400,2021-08-25 15:00:00,QRHC
6.27,6.3126,6.27,6.3126,538,2021-08-25 15:10:00,QRHC
6.2601,6.2601,6.26,6.26,1100,2021-08-25 15:15:00,QRHC
6.28,6.28,6.28,6.28,100,2021-08-25 15:20:00,QRHC
6.295,6.32,6.27,6.27,2118,2021-08-25 15:25:00,QRHC
6.28,6.295,6.28,6.295,700,2021-08-25 15:30:00,QRHC
6.3114,6.3114,6.27,6.2715,550,2021-08-25 15:35:00,QRHC
6.27,6.369,6.27,6.369,3100,2021-08-25 15:40:00,QRHC
6.3499,6.3499,6.3499,6.3499,100,2021-08-25 15:45:00,QRHC
6.2705,6.29,6.27,6.27,1080,2021-08-25 16:00:00,QRHC
6.3,6.3,6.3,6.3,499,2021-08-25 16:05:00,QRHC
6.3,6.3,6.27,6.27,2200,2021-08-25 16:10:00,QRHC
6.28,6.28,6.28,6.28,800,2021-08-25 16:20:00,QRHC
6.295,6.295,6.295,6.295,100,2021-08-25 16:30:00,QRHC
6.29,6.29,6.26,6.26,2151,2021-08-25 16:35:00,QRHC
6.29,6.29,6.29,6.29,165,2021-08-25 16:40:00,QRHC
6.26,6.26,6.26,6.26,200,2021-08-25 16:45:00,QRHC
6.29,6.29,6.29,6.29,3333,2021-08-25 16:50:00,QRHC
6.27,6.27,6.2,6.2,3244,2021-08-25 17:00:00,QRHC
6.225,6.225,6.17,6.1962,3810,2021-08-25 17:05:00,QRHC
6.16,6.18,6.16,6.16,1805,2021-08-25 17:10:00,QRHC
6.16,6.16,6.1,6.1,5406,2021-08-25 17:20:00,QRHC
6.137,6.137,6.1,6.1,1699,2021-08-25 17:25:00,QRHC
6.1,6.1127,6.1,6.1127,1507,2021-08-25 17:30:00,QRHC
6.1,6.1,6.09,6.09,2762,2021-08-25 17:35:00,QRHC
6.08,6.08,6.08,6.08,300,2021-08-25 17:45:00,QRHC
6.075,6.08,6.04,6.04,5281,2021-08-25 17:50:00,QRHC
6.0127,6.08,6.0127,6.08,5243,2021-08-25 17:55:00,QRHC
6.08,6.1,6.08,6.1,746,2021-08-25 18:05:00,QRHC
6.11,6.11,6.11,6.11,200,2021-08-25 18:10:00,QRHC
6.14,6.14,6.14,6.14,1000,2021-08-25 18:20:00,QRHC
6.1205,6.1205,6.115,6.115,1200,2021-08-25 18:30:00,QRHC
6.139,6.139,6.139,6.139,100,2021-08-25 18:35:00,QRHC
6.115,6.115,6.115,6.115,100,2021-08-25 18:40:00,QRHC
6.09,6.1399,6.09,6.09,3575,2021-08-25 18:45:00,QRHC
6.0901,6.0901,6.09,6.09,300,2021-08-25 18:50:00,QRHC
6.09,6.09,6.09,6.09,500,2021-08-25 19:00:00,QRHC
6.09,6.09,6.09,6.09,500,2021-08-25 19:05:00,QRHC
6.0427,6.0427,6.0401,6.0401,257,2021-08-25 19:10:00,QRHC
6.06,6.06,6.06,6.06,300,2021-08-25 19:15:00,QRHC
6.08,6.08,6.08,6.08,551,2021-08-25 19:20:00,QRHC
6.12,6.15,6.12,6.15,1484,2021-08-25 19:30:00,QRHC
6.175,6.175,6.175,6.175,100,2021-08-25 19:35:00,QRHC
6.181,6.1899,6.1603,6.1603,641,2021-08-25 19:40:00,QRHC
6.16,6.16,6.12,6.13,1855,2021-08-25 19:45:00,QRHC
6.14,6.15,6.0601,6.075,4016,2021-08-25 19:50:00,QRHC
6.06,6.07,6.06,6.06,6606,2021-08-25 19:55:00,QRHC
6.06,6.06,6.06,6.06,5243,2021-08-25 20:00:00,QRHC
6.06,6.06,6.06,6.06,875,2021-08-25 20:10:00,QRHC
6.06,6.06,6.06,6.06,875,2021-08-25 20:35:00,QRHC
6.14,6.23,6.09,6.22,8413,2021-08-26 13:30:00,QRHC
6.1661,6.1661,6.1661,6.1661,1000,2021-08-26 13:40:00,QRHC
6.1834,6.1834,6.1834,6.1834,300,2021-08-26 13:55:00,QRHC
6.16,6.16,6.16,6.16,100,2021-08-26 14:00:00,QRHC
6.205,6.205,6.205,6.205,150,2021-08-26 14:05:00,QRHC
6.24,6.24,6.24,6.24,300,2021-08-26 14:15:00,QRHC
6.25,6.25,6.25,6.25,332,2021-08-26 14:25:00,QRHC
6.3,6.3,6.3,6.3,100,2021-08-26 14:30:00,QRHC
6.22,6.22,6.22,6.22,104,2021-08-26 14:40:00,QRHC
6.22,6.24,6.22,6.24,774,2021-08-26 14:45:00,QRHC
6.2,6.2,6.2,6.2,3513,2021-08-26 14:50:00,QRHC
6.21,6.21,6.15,6.1605,1338,2021-08-26 14:55:00,QRHC
6.13,6.13,6.13,6.13,100,2021-08-26 15:00:00,QRHC
6.13,6.13,6.13,6.13,100,2021-08-26 15:05:00,QRHC
6.14,6.14,6.14,6.14,100,2021-08-26 15:15:00,QRHC
6.14,6.14,6.14,6.14,100,2021-08-26 15:20:00,QRHC
6.2,6.2,6.175,6.2,500,2021-08-26 15:25:00,QRHC
6.17,6.17,6.16,6.17,500,2021-08-26 15:40:00,QRHC
6.12,6.12,6.12,6.12,100,2021-08-26 15:50:00,QRHC
6.1445,6.1445,6.13,6.13,550,2021-08-26 15:55:00,QRHC
6.15,6.16,6.143,6.143,1475,2021-08-26 16:00:00,QRHC
6.135,6.135,6.09,6.12,898,2021-08-26 16:10:00,QRHC
6.1201,6.14,6.1201,6.14,1600,2021-08-26 16:55:00,QRHC
6.14,6.15,6.14,6.15,2085,2021-08-26 17:10:00,QRHC
6.16,6.19,6.16,6.16,1770,2021-08-26 17:40:00,QRHC
6.16,6.16,6.16,6.16,396,2021-08-26 17:45:00,QRHC
6.15,6.16,6.15,6.16,1700,2021-08-26 17:50:00,QRHC
6.16,6.16,6.15,6.15,2804,2021-08-26 18:00:00,QRHC
6.15,6.15,6.15,6.15,200,2021-08-26 18:15:00,QRHC
6.16,6.16,6.1596,6.1596,950,2021-08-26 18:30:00,QRHC
6.16,6.16,6.16,6.16,753,2021-08-26 18:35:00,QRHC
6.15,6.15,6.15,6.15,200,2021-08-26 18:40:00,QRHC
6.16,6.16,6.15,6.16,500,2021-08-26 18:55:00,QRHC
6.15,6.15,6.11,6.11,663,2021-08-26 19:00:00,QRHC
6.12,6.12,6.12,6.12,300,2021-08-26 19:10:00,QRHC
6.15,6.16,6.15,6.16,281,2021-08-26 19:30:00,QRHC
6.15,6.15,6.15,6.15,100,2021-08-26 19:45:00,QRHC
6.16,6.22,6.16,6.22,2320,2021-08-26 19:50:00,QRHC
6.24,6.24,6.15,6.19,1500,2021-08-26 19:55:00,QRHC
6.15,6.15,6.15,6.15,2102,2021-08-26 20:00:00,QRHC
6.17,6.17,6.17,6.17,338,2021-08-27 13:30:00,QRHC
6.17,6.17,6.13,6.13,5896,2021-08-27 13:55:00,QRHC
6.14,6.14,6.14,6.14,4002,2021-08-27 14:00:00,QRHC
6.119,6.119,6.119,6.119,222,2021-08-27 14:10:00,QRHC
6.18,6.2275,6.18,6.2275,1700,2021-08-27 14:25:00,QRHC
6.25,6.25,6.25,6.25,100,2021-08-27 14:45:00,QRHC
6.2273,6.2273,6.2273,6.2273,200,2021-08-27 14:55:00,QRHC
6.2376,6.2376,6.2376,6.2376,100,2021-08-27 15:10:00,QRHC
6.22,6.245,6.22,6.245,1965,2021-08-27 15:15:00,QRHC
6.26,6.26,6.26,6.26,200,2021-08-27 15:20:00,QRHC
6.27,6.27,6.27,6.27,100,2021-08-27 15:30:00,QRHC
6.26,6.26,6.26,6.26,200,2021-08-27 15:35:00,QRHC
6.22,6.25,6.22,6.2497,804,2021-08-27 15:40:00,QRHC
6.2236,6.2236,6.2236,6.2236,350,2021-08-27 15:45:00,QRHC
6.2499,6.2499,6.2499,6.2499,480,2021-08-27 15:50:00,QRHC
6.2007,6.2007,6.2007,6.2007,572,2021-08-27 15:55:00,QRHC
6.21,6.21,6.21,6.21,100,2021-08-27 16:10:00,QRHC
6.2,6.2,6.2,6.2,100,2021-08-27 16:20:00,QRHC
6.21,6.22,6.21,6.22,1200,2021-08-27 16:35:00,QRHC
6.22,6.22,6.22,6.22,100,2021-08-27 16:50:00,QRHC
6.25,6.25,6.25,6.25,200,2021-08-27 16:55:00,QRHC
6.27,6.27,6.27,6.27,310,2021-08-27 17:00:00,QRHC
6.28,6.28,6.28,6.28,335,2021-08-27 17:05:00,QRHC
6.29,6.29,6.29,6.29,100,2021-08-27 17:20:00,QRHC
6.3,6.3,6.3,6.3,100,2021-08-27 17:35:00,QRHC
6.31,6.31,6.31,6.31,200,2021-08-27 17:40:00,QRHC
6.31,6.31,6.31,6.31,100,2021-08-27 18:10:00,QRHC
6.31,6.31,6.31,6.31,650,2021-08-27 18:25:00,QRHC
6.3048,6.3048,6.3013,6.3013,1250,2021-08-27 18:30:00,QRHC
6.295,6.295,6.24,6.24,1800,2021-08-27 18:35:00,QRHC
6.2899,6.2899,6.2899,6.2899,477,2021-08-27 18:45:00,QRHC
6.2327,6.2327,6.2327,6.2327,100,2021-08-27 18:50:00,QRHC
6.2502,6.2502,6.2502,6.2502,281,2021-08-27 18:55:00,QRHC
6.23,6.23,6.23,6.23,100,2021-08-27 19:00:00,QRHC
6.2699,6.28,6.26,6.27,850,2021-08-27 19:05:00,QRHC
6.28,6.28,6.28,6.28,200,2021-08-27 19:10:00,QRHC
6.29,6.3,6.29,6.3,636,2021-08-27 19:15:00,QRHC
6.3,6.3,6.281,6.281,960,2021-08-27 19:20:00,QRHC
6.32,6.35,6.32,6.35,900,2021-08-27 19:30:00,QRHC
6.34,6.34,6.34,6.34,100,2021-08-27 19:35:00,QRHC
6.35,6.35,6.3101,6.3101,1628,2021-08-27 19:45:00,QRHC
6.34,6.34,6.33,6.33,750,2021-08-27 19:50:00,QRHC
6.35,6.37,6.3,6.3,1448,2021-08-27 19:55:00,QRHC
6.3,6.3,6.3,6.3,1431,2021-08-27 20:00:00,QRHC
6.31,6.42,6.31,6.42,2657,2021-08-30 13:30:00,QRHC
6.3,6.3,6.3,6.3,140,2021-08-30 13:45:00,QRHC
6.355,6.355,6.3208,6.355,4504,2021-08-30 13:50:00,QRHC
6.3821,6.3821,6.3478,6.3478,1308,2021-08-30 13:55:00,QRHC
6.3,6.4,6.3,6.4,300,2021-08-30 14:05:00,QRHC
6.35,6.35,6.35,6.35,399,2021-08-30 14:30:00,QRHC
6.4,6.4,6.39,6.39,452,2021-08-30 14:35:00,QRHC
6.3899,6.3899,6.301,6.301,460,2021-08-30 14:40:00,QRHC
6.35,6.35,6.35,6.35,100,2021-08-30 15:50:00,QRHC
6.365,6.37,6.365,6.37,332,2021-08-30 16:00:00,QRHC
6.37,6.37,6.37,6.37,300,2021-08-30 16:05:00,QRHC
6.37,6.39,6.369,6.39,800,2021-08-30 16:25:00,QRHC
6.4199,6.4199,6.4199,6.4199,600,2021-08-30 16:35:00,QRHC
6.44,6.47,6.44,6.47,998,2021-08-30 16:40:00,QRHC
6.48,6.5299,6.48,6.5299,2236,2021-08-30 16:45:00,QRHC
6.46,6.46,6.46,6.46,100,2021-08-30 17:20:00,QRHC
6.5,6.54,6.5,6.53,600,2021-08-30 17:25:00,QRHC
6.565,6.57,6.55,6.55,1303,2021-08-30 17:35:00,QRHC
6.535,6.535,6.5,6.5,242,2021-08-30 17:45:00,QRHC
6.54,6.58,6.54,6.58,400,2021-08-30 17:55:00,QRHC
6.595,6.595,6.595,6.595,500,2021-08-30 18:10:00,QRHC
6.6,6.6,6.6,6.6,200,2021-08-30 18:15:00,QRHC
6.595,6.595,6.595,6.595,100,2021-08-30 18:20:00,QRHC
6.575,6.575,6.573,6.573,264,2021-08-30 18:25:00,QRHC
6.58,6.59,6.5797,6.59,1700,2021-08-30 18:40:00,QRHC
6.6,6.6,6.6,6.6,100,2021-08-30 18:45:00,QRHC
6.6,6.61,6.59,6.59,800,2021-08-30 18:50:00,QRHC
6.58,6.58,6.58,6.58,100,2021-08-30 18:55:00,QRHC
6.58,6.62,6.58,6.62,1925,2021-08-30 19:00:00,QRHC
6.61,6.61,6.6,6.6,400,2021-08-30 19:05:00,QRHC
6.6,6.61,6.6,6.61,300,2021-08-30 19:30:00,QRHC
6.6199,6.6199,6.59,6.59,403,2021-08-30 19:35:00,QRHC
6.62,6.63,6.62,6.63,300,2021-08-30 19:40:00,QRHC
6.63,6.63,6.6294,6.6294,1084,2021-08-30 19:45:00,QRHC
6.65,6.66,6.61,6.61,850,2021-08-30 19:50:00,QRHC
6.6321,6.64,6.58,6.64,1185,2021-08-30 19:55:00,QRHC
6.61,6.61,6.61,6.61,1245,2021-08-30 20:00:00,QRHC
6.52,6.63,6.52,6.63,4340,2021-08-31 13:30:00,QRHC
6.48,6.5659,6.48,6.5659,1199,2021-08-31 13:35:00,QRHC
6.4515,6.4515,6.4515,6.4515,200,2021-08-31 13:45:00,QRHC
6.4792,6.4792,6.4792,6.4792,754,2021-08-31 13:55:00,QRHC
6.5438,6.5438,6.5438,6.5438,150,2021-08-31 14:25:00,QRHC
6.57,6.59,6.57,6.59,219,2021-08-31 14:40:00,QRHC
6.62,6.73,6.62,6.73,7668,2021-08-31 14:45:00,QRHC
6.7,6.7125,6.7,6.7125,800,2021-08-31 14:50:00,QRHC
6.625,6.63,6.56,6.6204,6145,2021-08-31 15:05:00,QRHC
6.56,6.56,6.535,6.535,200,2021-08-31 15:10:00,QRHC
6.62,6.62,6.62,6.62,100,2021-08-31 15:20:00,QRHC
6.58,6.58,6.57,6.57,200,2021-08-31 15:30:00,QRHC
6.569,6.569,6.569,6.569,1000,2021-08-31 15:40:00,QRHC
6.63,6.73,6.61,6.73,2333,2021-08-31 16:25:00,QRHC
6.7398,6.74,6.7398,6.74,2411,2021-08-31 16:30:00,QRHC
6.69,6.71,6.69,6.6956,489,2021-08-31 16:45:00,QRHC
6.7,6.7,6.6901,6.6901,800,2021-08-31 17:00:00,QRHC
6.69,6.69,6.69,6.69,300,2021-08-31 17:15:00,QRHC
6.69,6.69,6.69,6.69,100,2021-08-31 17:20:00,QRHC
6.68,6.6899,6.68,6.6899,1038,2021-08-31 17:40:00,QRHC
6.68,6.68,6.68,6.68,300,2021-08-31 17:50:00,QRHC
6.7018,6.71,6.7018,6.71,200,2021-08-31 17:55:00,QRHC
6.715,6.715,6.68,6.68,3000,2021-08-31 18:10:00,QRHC
6.7,6.7,6.7,6.7,100,2021-08-31 18:15:00,QRHC
6.698,6.7,6.698,6.7,320,2021-08-31 18:20:00,QRHC
6.6649,6.6649,6.6649,6.6649,200,2021-08-31 18:25:00,QRHC
6.68,6.68,6.68,6.68,100,2021-08-31 18:40:00,QRHC
6.67,6.67,6.66,6.66,330,2021-08-31 18:45:00,QRHC
6.63,6.63,6.63,6.63,101,2021-08-31 18:55:00,QRHC
6.65,6.65,6.65,6.65,150,2021-08-31 19:00:00,QRHC
6.6267,6.6267,6.62,6.62,455,2021-08-31 19:15:00,QRHC
6.6,6.607,6.6,6.607,331,2021-08-31 19:20:00,QRHC
6.62,6.62,6.62,6.62,100,2021-08-31 19:25:00,QRHC
6.576,6.576,6.576,6.576,275,2021-08-31 19:35:00,QRHC
6.57,6.58,6.57,6.58,300,2021-08-31 19:40:00,QRHC
6.6,6.6,6.6,6.6,107,2021-08-31 19:50:00,QRHC
6.66,6.66,6.66,6.66,200,2021-08-31 19:55:00,QRHC
6.66,6.66,6.66,6.66,4660,2021-08-31 20:00:00,QRHC
6.68,6.68,6.68,6.68,718,2021-09-01 13:30:00,QRHC
6.7,6.7,6.7,6.7,260,2021-09-01 13:45:00,QRHC
6.689,6.689,6.68,6.6845,1400,2021-09-01 13:50:00,QRHC
6.6716,6.6716,6.63,6.63,600,2021-09-01 14:00:00,QRHC
6.64,6.65,6.64,6.65,400,2021-09-01 14:05:00,QRHC
6.61,6.61,6.61,6.61,144,2021-09-01 14:15:00,QRHC
6.609,6.625,6.6,6.625,1100,2021-09-01 14:20:00,QRHC
6.65,6.65,6.65,6.65,1304,2021-09-01 14:25:00,QRHC
6.66,6.66,6.66,6.66,1000,2021-09-01 14:45:00,QRHC
6.6865,6.6865,6.6865,6.6865,1500,2021-09-01 14:50:00,QRHC
6.7,6.72,6.7,6.72,700,2021-09-01 14:55:00,QRHC
6.73,6.73,6.7101,6.7101,400,2021-09-01 15:00:00,QRHC
6.74,6.74,6.74,6.74,200,2021-09-01 15:05:00,QRHC
6.75,6.75,6.75,6.75,1100,2021-09-01 15:10:00,QRHC
6.71,6.71,6.71,6.71,200,2021-09-01 15:15:00,QRHC
6.74,6.82,6.74,6.82,3340,2021-09-01 15:40:00,QRHC
6.8053,6.8053,6.8,6.8,1000,2021-09-01 15:45:00,QRHC
6.76,6.76,6.76,6.76,200,2021-09-01 16:15:00,QRHC
6.76,6.78,6.76,6.78,250,2021-09-01 16:20:00,QRHC
6.755,6.755,6.755,6.755,1200,2021-09-01 16:55:00,QRHC
6.755,6.755,6.755,6.755,100,2021-09-01 17:20:00,QRHC
6.755,6.755,6.755,6.755,100,2021-09-01 17:40:00,QRHC
6.7625,6.9,6.7625,6.9,14371,2021-09-01 17:45:00,QRHC
6.92,6.9411,6.92,6.9411,715,2021-09-01 17:50:00,QRHC
6.9,6.9,6.89,6.89,1206,2021-09-01 17:55:00,QRHC
6.8901,6.8901,6.8901,6.8901,3000,2021-09-01 18:05:00,QRHC
6.82,6.82,6.82,6.82,300,2021-09-01 18:10:00,QRHC
6.79,6.79,6.79,6.79,500,2021-09-01 18:15:00,QRHC
6.81,6.81,6.8,6.8,200,2021-09-01 18:30:00,QRHC
6.75,6.75,6.75,6.75,200,2021-09-01 19:00:00,QRHC
6.75,6.75,6.75,6.75,130,2021-09-01 19:10:00,QRHC
6.78,6.78,6.78,6.78,100,2021-09-01 19:15:00,QRHC
6.78,6.78,6.78,6.78,200,2021-09-01 19:25:00,QRHC
6.79,6.79,6.75,6.75,600,2021-09-01 19:35:00,QRHC
6.75,6.76,6.74,6.74,700,2021-09-01 19:40:00,QRHC
6.76,6.77,6.76,6.77,383,2021-09-01 19:45:00,QRHC
6.8,6.8,6.8,6.8,390,2021-09-01 19:55:00,QRHC
6.75,6.75,6.75,6.75,805,2021-09-01 20:00:00,QRHC
6.85,6.9,6.85,6.89,6308,2021-09-02 13:30:00,QRHC
6.8999,6.91,6.87,6.87,800,2021-09-02 13:35:00,QRHC
6.89,6.9,6.87,6.87,1076,2021-09-02 13:40:00,QRHC
6.85,6.85,6.85,6.85,400,2021-09-02 13:45:00,QRHC
6.9563,6.9563,6.9563,6.9563,172,2021-09-02 13:50:00,QRHC
6.85,6.85,6.85,6.85,321,2021-09-02 13:55:00,QRHC
6.9588,6.9588,6.85,6.88,1300,2021-09-02 14:15:00,QRHC
6.9299,6.9299,6.9299,6.9299,100,2021-09-02 14:20:00,QRHC
6.84,6.89,6.83,6.89,636,2021-09-02 14:35:00,QRHC
6.84,6.85,6.84,6.85,300,2021-09-02 14:40:00,QRHC
6.93,6.93,6.93,6.93,300,2021-09-02 15:00:00,QRHC
6.845,6.845,6.845,6.845,250,2021-09-02 15:35:00,QRHC
6.77,6.77,6.75,6.75,200,2021-09-02 15:45:00,QRHC
6.7954,6.7954,6.7824,6.7824,600,2021-09-02 15:55:00,QRHC
6.84,6.84,6.835,6.84,450,2021-09-02 16:05:00,QRHC
6.8,6.8,6.8,6.8,100,2021-09-02 16:15:00,QRHC
6.87,6.87,6.87,6.87,125,2021-09-02 16:25:00,QRHC
6.8,6.8,6.8,6.8,200,2021-09-02 16:40:00,QRHC
6.8,6.8,6.8,6.8,150,2021-09-02 16:45:00,QRHC
6.8095,6.8095,6.8095,6.8095,1321,2021-09-02 17:05:00,QRHC
6.76,6.76,6.75,6.75,1000,2021-09-02 17:25:00,QRHC
6.82,6.82,6.82,6.82,2956,2021-09-02 17:30:00,QRHC
6.73,6.73,6.69,6.69,2933,2021-09-02 17:45:00,QRHC
6.7252,6.755,6.7252,6.755,691,2021-09-02 17:50:00,QRHC
6.71,6.71,6.71,6.71,100,2021-09-02 18:10:00,QRHC
6.66,6.66,6.61,6.61,1150,2021-09-02 18:25:00,QRHC
6.5805,6.5881,6.5666,6.5666,1848,2021-09-02 18:30:00,QRHC
6.58,6.6,6.58,6.6,600,2021-09-02 18:40:00,QRHC
6.6399,6.6399,6.6399,6.6399,500,2021-09-02 18:45:00,QRHC
6.595,6.6094,6.57,6.6094,609,2021-09-02 18:55:00,QRHC
6.57,6.57,6.57,6.57,200,2021-09-02 19:00:00,QRHC
6.595,6.595,6.595,6.595,200,2021-09-02 19:05:00,QRHC
6.56,6.57,6.56,6.56,600,2021-09-02 19:10:00,QRHC
6.57,6.58,6.57,6.58,800,2021-09-02 19:15:00,QRHC
6.57,6.57,6.54,6.565,1100,2021-09-02 19:25:00,QRHC
6.54,6.54,6.44,6.5,4275,2021-09-02 19:30:00,QRHC
6.4772,6.5,6.4701,6.4701,1100,2021-09-02 19:35:00,QRHC
6.48,6.485,6.47,6.47,1000,2021-09-02 19:40:00,QRHC
6.46,6.47,6.46,6.47,200,2021-09-02 19:50:00,QRHC
6.4747,6.485,6.44,6.44,1876,2021-09-02 19:55:00,QRHC
6.49,6.49,6.49,6.49,1394,2021-09-02 20:00:00,QRHC
6.53,6.637,6.44,6.637,4228,2021-09-03 13:30:00,QRHC
6.54,6.54,6.4552,6.4552,654,2021-09-03 13:35:00,QRHC
6.4323,6.4323,6.4323,6.4323,500,2021-09-03 13:50:00,QRHC
6.43,6.43,6.43,6.43,600,2021-09-03 13:55:00,QRHC
6.43,6.43,6.43,6.43,497,2021-09-03 14:25:00,QRHC
6.58,6.58,6.58,6.58,206,2021-09-03 14:35:00,QRHC
6.58,6.67,6.58,6.67,950,2021-09-03 14:40:00,QRHC
6.52,6.55,6.4301,6.4301,2248,2021-09-03 14:50:00,QRHC
6.44,6.44,6.44,6.44,160,2021-09-03 14:55:00,QRHC
6.51,6.64,6.51,6.6,20726,2021-09-03 15:00:00,QRHC
6.66,6.694,6.59,6.6931,3700,2021-09-03 15:10:00,QRHC
6.54,6.645,6.54,6.645,200,2021-09-03 15:15:00,QRHC
6.54,6.655,6.54,6.54,750,2021-09-03 15:20:00,QRHC
6.56,6.56,6.54,6.54,500,2021-09-03 15:25:00,QRHC
6.674,6.674,6.63,6.63,1551,2021-09-03 15:30:00,QRHC
6.53,6.53,6.53,6.53,300,2021-09-03 15:35:00,QRHC
6.515,6.515,6.515,6.515,1100,2021-09-03 17:05:00,QRHC
6.5086,6.5086,6.5086,6.5086,130,2021-09-03 17:10:00,QRHC
6.53,6.53,6.5,6.5,2000,2021-09-03 17:30:00,QRHC
6.52,6.52,6.52,6.52,100,2021-09-03 18:00:00,QRHC
6.5,6.5,6.5,6.5,100,2021-09-03 18:35:00,QRHC
6.5,6.5,6.5,6.5,600,2021-09-03 19:00:00,QRHC
6.48,6.48,6.48,6.48,100,2021-09-03 19:05:00,QRHC
6.51,6.51,6.51,6.51,100,2021-09-03 19:20:00,QRHC
6.515,6.515,6.4981,6.4981,200,2021-09-03 19:25:00,QRHC
6.49,6.49,6.49,6.49,100,2021-09-03 19:30:00,QRHC
6.5,6.5,6.5,6.5,400,2021-09-03 19:35:00,QRHC
6.5,6.5,6.49,6.49,600,2021-09-03 19:40:00,QRHC
6.49,6.52,6.49,6.52,499,2021-09-03 19:50:00,QRHC
6.48,6.48,6.47,6.47,700,2021-09-03 19:55:00,QRHC
6.45,6.45,6.45,6.45,786,2021-09-03 20:00:00,QRHC
6.45,6.45,6.4,6.4,1183,2021-09-07 13:30:00,QRHC
6.45,6.51,6.42,6.5,1585,2021-09-07 13:35:00,QRHC
6.5,6.5,6.4,6.4,986,2021-09-07 13:40:00,QRHC
6.485,6.485,6.44,6.44,1185,2021-09-07 13:45:00,QRHC
6.435,6.435,6.4,6.4,659,2021-09-07 13:50:00,QRHC
6.4,6.4,6.4,6.4,394,2021-09-07 14:15:00,QRHC
6.4,6.4,6.4,6.4,100,2021-09-07 14:20:00,QRHC
6.4,6.4,6.4,6.4,100,2021-09-07 14:30:00,QRHC
6.4,6.43,6.4,6.43,1482,2021-09-07 14:40:00,QRHC
6.42,6.42,6.42,6.42,200,2021-09-07 14:50:00,QRHC
6.42,6.42,6.42,6.42,100,2021-09-07 15:00:00,QRHC
6.555,6.5573,6.45,6.52,3800,2021-09-07 15:05:00,QRHC
6.4199,6.4199,6.4199,6.4199,100,2021-09-07 16:00:00,QRHC
6.43,6.43,6.4,6.4,300,2021-09-07 16:10:00,QRHC
6.4,6.43,6.4,6.43,1064,2021-09-07 16:15:00,QRHC
6.4271,6.4271,6.4271,6.4271,347,2021-09-07 16:45:00,QRHC
6.4228,6.4228,6.4228,6.4228,100,2021-09-07 17:00:00,QRHC
6.42,6.42,6.42,6.42,100,2021-09-07 17:10:00,QRHC
6.4,6.4,6.4,6.4,2761,2021-09-07 17:20:00,QRHC
6.42,6.48,6.42,6.48,2497,2021-09-07 17:30:00,QRHC
6.48,6.48,6.48,6.48,400,2021-09-07 17:35:00,QRHC
6.5,6.5,6.5,6.5,200,2021-09-07 17:50:00,QRHC
6.5,6.53,6.5,6.53,422,2021-09-07 18:00:00,QRHC
6.5,6.5376,6.5,6.5,670,2021-09-07 18:05:00,QRHC
6.51,6.51,6.5,6.5,600,2021-09-07 19:00:00,QRHC
6.52,6.52,6.52,6.52,100,2021-09-07 19:10:00,QRHC
6.49,6.49,6.49,6.49,100,2021-09-07 19:20:00,QRHC
6.451,6.451,6.4,6.425,3166,2021-09-07 19:40:00,QRHC
6.425,6.439,6.4,6.439,1226,2021-09-07 19:50:00,QRHC
6.39,6.39,6.37,6.39,2883,2021-09-07 19:55:00,QRHC
6.41,6.41,6.41,6.41,438,2021-09-07 20:00:00,QRHC
6.36,6.36,6.3556,6.3556,2492,2021-09-08 13:30:00,QRHC
6.36,6.36,6.34,6.34,1941,2021-09-08 14:00:00,QRHC
6.4,6.42,6.34,6.36,2533,2021-09-08 14:05:00,QRHC
6.4,6.4,6.4,6.4,176,2021-09-08 14:10:00,QRHC
6.4,6.4,6.4,6.4,100,2021-09-08 14:15:00,QRHC
6.4,6.4,6.4,6.4,190,2021-09-08 14:20:00,QRHC
6.39,6.39,6.39,6.39,100,2021-09-08 14:30:00,QRHC
6.37,6.4,6.37,6.4,468,2021-09-08 14:35:00,QRHC
6.41,6.41,6.4,6.4,300,2021-09-08 14:40:00,QRHC
6.41,6.41,6.4,6.4,400,2021-09-08 14:45:00,QRHC
6.45,6.45,6.45,6.45,775,2021-09-08 14:50:00,QRHC
6.41,6.41,6.4,6.4,1200,2021-09-08 14:55:00,QRHC
6.41,6.41,6.4,6.4,400,2021-09-08 15:00:00,QRHC
6.36,6.36,6.34,6.34,4245,2021-09-08 15:05:00,QRHC
6.34,6.34,6.34,6.34,638,2021-09-08 15:10:00,QRHC
6.3288,6.3288,6.31,6.31,2269,2021-09-08 15:20:00,QRHC
6.325,6.325,6.325,6.325,10000,2021-09-08 15:30:00,QRHC
6.3363,6.3363,6.3363,6.3363,300,2021-09-08 15:35:00,QRHC
6.34,6.34,6.34,6.34,200,2021-09-08 15:40:00,QRHC
6.33,6.33,6.33,6.33,13300,2021-09-08 16:05:00,QRHC
6.32,6.3442,6.32,6.3442,1472,2021-09-08 16:20:00,QRHC
6.31,6.31,6.31,6.31,389,2021-09-08 17:05:00,QRHC
6.3,6.3,6.25,6.28,2816,2021-09-08 17:10:00,QRHC
6.2784,6.2784,6.2784,6.2784,450,2021-09-08 17:30:00,QRHC
6.27,6.27,6.27,6.27,623,2021-09-08 17:35:00,QRHC
6.27,6.27,6.27,6.27,746,2021-09-08 17:40:00,QRHC
6.2594,6.2594,6.2594,6.2594,130,2021-09-08 17:55:00,QRHC
6.25,6.25,6.21,6.21,1025,2021-09-08 18:00:00,QRHC
6.2177,6.2185,6.2177,6.2185,400,2021-09-08 18:10:00,QRHC
6.205,6.205,6.205,6.205,200,2021-09-08 18:15:00,QRHC
6.245,6.3,6.245,6.2765,1819,2021-09-08 18:20:00,QRHC
6.211,6.211,6.211,6.211,250,2021-09-08 18:30:00,QRHC
6.2,6.2,6.2,6.2,100,2021-09-08 18:45:00,QRHC
6.31,6.31,6.31,6.31,1599,2021-09-08 18:50:00,QRHC
6.3,6.3,6.2162,6.2162,55220,2021-09-08 19:00:00,QRHC
6.31,6.31,6.31,6.31,1098,2021-09-08 19:10:00,QRHC
6.325,6.325,6.3,6.3,545,2021-09-08 19:15:00,QRHC
6.28,6.29,6.28,6.29,200,2021-09-08 19:25:00,QRHC
6.25,6.25,6.25,6.25,100,2021-09-08 19:30:00,QRHC
6.32,6.32,6.26,6.3,2446,2021-09-08 19:55:00,QRHC
6.3,6.3,6.3,6.3,1208,2021-09-08 20:00:00,QRHC
6.35,6.35,6.35,6.35,1228,2021-09-09 13:30:00,QRHC
6.35,6.35,6.27,6.27,356,2021-09-09 13:35:00,QRHC
6.22,6.22,6.22,6.22,100,2021-09-09 13:50:00,QRHC
6.27,6.27,6.27,6.27,1912,2021-09-09 13:55:00,QRHC
6.33,6.33,6.33,6.33,100,2021-09-09 14:00:00,QRHC
6.2611,6.2611,6.2611,6.2611,700,2021-09-09 14:05:00,QRHC
6.28,6.28,6.27,6.27,877,2021-09-09 14:20:00,QRHC
6.2201,6.2201,6.2201,6.2201,112,2021-09-09 14:25:00,QRHC
6.2461,6.2461,6.2461,6.2461,1000,2021-09-09 15:00:00,QRHC
6.326,6.326,6.326,6.326,285,2021-09-09 15:10:00,QRHC
6.31,6.31,6.31,6.31,100,2021-09-09 15:35:00,QRHC
6.31,6.31,6.31,6.31,100,2021-09-09 16:00:00,QRHC
6.3175,6.3175,6.3175,6.3175,1200,2021-09-09 16:15:00,QRHC
6.28,6.28,6.28,6.28,500,2021-09-09 16:25:00,QRHC
6.285,6.285,6.285,6.285,199,2021-09-09 16:50:00,QRHC
6.28,6.28,6.28,6.28,270,2021-09-09 17:10:00,QRHC
6.22,6.22,6.22,6.22,100,2021-09-09 17:25:00,QRHC
6.2118,6.2118,6.21,6.21,1421,2021-09-09 17:30:00,QRHC
6.21,6.264,6.21,6.264,790,2021-09-09 17:40:00,QRHC
6.21,6.21,6.21,6.21,200,2021-09-09 17:50:00,QRHC
6.21,6.215,6.16,6.215,3329,2021-09-09 18:05:00,QRHC
6.11,6.1401,6.11,6.1401,912,2021-09-09 18:10:00,QRHC
6.1617,6.18,6.13,6.13,1600,2021-09-09 18:15:00,QRHC
6.13,6.13,6.13,6.13,588,2021-09-09 18:30:00,QRHC
6.13,6.16,6.13,6.16,2394,2021-09-09 18:35:00,QRHC
6.16,6.16,6.13,6.155,1678,2021-09-09 18:40:00,QRHC
6.13,6.174,6.13,6.174,1048,2021-09-09 18:45:00,QRHC
6.1625,6.19,6.1625,6.17,485,2021-09-09 18:50:00,QRHC
6.18,6.18,6.18,6.18,100,2021-09-09 19:10:00,QRHC
6.19,6.19,6.175,6.175,200,2021-09-09 19:20:00,QRHC
6.2,6.2,6.175,6.175,200,2021-09-09 19:25:00,QRHC
6.2046,6.2046,6.2046,6.2046,1205,2021-09-09 19:30:00,QRHC
6.17,6.17,6.17,6.17,400,2021-09-09 19:45:00,QRHC
6.16,6.16,6.15,6.15,600,2021-09-09 19:50:00,QRHC
6.15,6.1799,6.11,6.11,6423,2021-09-09 19:55:00,QRHC
6.135,6.135,6.135,6.135,600,2021-09-09 20:00:00,QRHC
6.19,6.19,6.16,6.16,1954,2021-09-10 13:30:00,QRHC
6.17,6.25,6.17,6.23,1930,2021-09-10 13:40:00,QRHC
6.3499,6.3499,6.3235,6.3235,1000,2021-09-10 13:45:00,QRHC
6.22,6.22,6.21,6.22,2577,2021-09-10 14:00:00,QRHC
6.145,6.145,6.145,6.145,242,2021-09-10 14:35:00,QRHC
6.11,6.11,6.1,6.1,1107,2021-09-10 15:05:00,QRHC
6.1,6.1,6.1,6.1,100,2021-09-10 15:35:00,QRHC
6.11,6.15,6.11,6.15,1505,2021-09-10 16:00:00,QRHC
6.14,6.14,6.13,6.13,1625,2021-09-10 16:25:00,QRHC
6.1155,6.1155,6.1155,6.1155,1712,2021-09-10 17:50:00,QRHC
6.145,6.145,6.145,6.145,100,2021-09-10 18:00:00,QRHC
6.13,6.13,6.13,6.13,100,2021-09-10 18:05:00,QRHC
6.13,6.13,6.13,6.13,100,2021-09-10 18:15:00,QRHC
6.1,6.1,6.1,6.1,300,2021-09-10 18:30:00,QRHC
6.09,6.108,6.09,6.108,1421,2021-09-10 18:35:00,QRHC
6.1155,6.12,6.105,6.105,450,2021-09-10 19:00:00,QRHC
6.09,6.09,6.09,6.09,494,2021-09-10 19:10:00,QRHC
6.09,6.09,6.08,6.08,893,2021-09-10 19:15:00,QRHC
6.08,6.08,6.08,6.08,100,2021-09-10 19:20:00,QRHC
6.075,6.08,6.075,6.08,2643,2021-09-10 19:25:00,QRHC
6.08,6.08,6.08,6.08,100,2021-09-10 19:30:00,QRHC
6.13,6.13,6.13,6.13,100,2021-09-10 19:35:00,QRHC
6.11,6.14,6.1056,6.12,600,2021-09-10 19:45:00,QRHC
6.13,6.13,6.08,6.09,518,2021-09-10 19:55:00,QRHC
6.14,6.14,6.14,6.14,317,2021-09-10 20:00:00,QRHC
6.2,6.24,6.2,6.24,1550,2021-09-13 13:30:00,QRHC
6.24,6.25,6.24,6.25,300,2021-09-13 13:35:00,QRHC
6.15,6.15,6.15,6.15,148,2021-09-13 13:40:00,QRHC
6.265,6.265,6.245,6.245,463,2021-09-13 13:55:00,QRHC
6.2,6.24,6.2,6.24,450,2021-09-13 14:05:00,QRHC
6.15,6.15,6.15,6.15,1500,2021-09-13 14:10:00,QRHC
6.1672,6.1672,6.1672,6.1672,100,2021-09-13 14:15:00,QRHC
6.2116,6.2116,6.2116,6.2116,800,2021-09-13 14:20:00,QRHC
6.24,6.25,6.24,6.24,1708,2021-09-13 14:25:00,QRHC
6.17,6.17,6.17,6.17,100,2021-09-13 14:30:00,QRHC
6.1838,6.1838,6.1838,6.1838,161,2021-09-13 14:40:00,QRHC
6.18,6.18,6.18,6.18,100,2021-09-13 14:45:00,QRHC
6.185,6.185,6.185,6.185,100,2021-09-13 15:05:00,QRHC
6.12,6.12,6.12,6.12,524,2021-09-13 15:30:00,QRHC
6.15,6.15,6.15,6.15,200,2021-09-13 15:35:00,QRHC
6.1,6.1,6.1,6.1,100,2021-09-13 15:40:00,QRHC
6.1,6.1,6.1,6.1,100,2021-09-13 15:50:00,QRHC
6.14,6.14,6.14,6.14,200,2021-09-13 16:05:00,QRHC
6.16,6.16,6.16,6.16,100,2021-09-13 16:20:00,QRHC
6.1943,6.1943,6.1943,6.1943,275,2021-09-13 16:35:00,QRHC
6.19,6.19,6.19,6.19,100,2021-09-13 16:45:00,QRHC
6.19,6.19,6.19,6.19,100,2021-09-13 17:10:00,QRHC
6.1815,6.1815,6.175,6.175,700,2021-09-13 17:25:00,QRHC
6.2,6.2,6.2,6.2,100,2021-09-13 17:35:00,QRHC
6.17,6.17,6.17,6.17,100,2021-09-13 18:00:00,QRHC
6.165,6.165,6.165,6.165,1000,2021-09-13 18:05:00,QRHC
6.165,6.165,6.165,6.165,100,2021-09-13 18:10:00,QRHC
6.17,6.17,6.15,6.16,1262,2021-09-13 18:30:00,QRHC
6.15,6.15,6.1239,6.1239,462,2021-09-13 18:35:00,QRHC
6.095,6.095,6.095,6.095,100,2021-09-13 18:50:00,QRHC
6.13,6.13,6.1053,6.1053,1100,2021-09-13 19:00:00,QRHC
6.08,6.08,6.08,6.08,100,2021-09-13 19:10:00,QRHC
6.05,6.07,6.05,6.06,3909,2021-09-13 19:25:00,QRHC
6.06,6.06,6.06,6.06,436,2021-09-13 19:30:00,QRHC
6.06,6.06,6.06,6.06,222,2021-09-13 19:35:00,QRHC
6.055,6.055,6.04,6.0425,1200,2021-09-13 19:40:00,QRHC
6.04,6.05,6.04,6.0433,1000,2021-09-13 19:45:00,QRHC
6.06,6.07,6.055,6.055,499,2021-09-13 19:50:00,QRHC
6.04,6.04,5.97,5.98,4591,2021-09-13 19:55:00,QRHC
5.98,5.98,5.98,5.98,338,2021-09-13 20:00:00,QRHC
6.0,6.0,6.0,6.0,477,2021-09-14 13:30:00,QRHC
5.955,5.955,5.955,5.955,337,2021-09-14 13:40:00,QRHC
5.98,5.994,5.98,5.994,328,2021-09-14 13:45:00,QRHC
5.96,5.96,5.91,5.95,1630,2021-09-14 14:05:00,QRHC
5.91,5.91,5.9001,5.9001,294,2021-09-14 14:20:00,QRHC
5.945,5.945,5.945,5.945,500,2021-09-14 14:35:00,QRHC
5.925,5.95,5.925,5.9434,500,2021-09-14 15:10:00,QRHC
5.95,5.95,5.95,5.95,602,2021-09-14 15:15:00,QRHC
6.0,6.0,5.96,5.96,200,2021-09-14 16:40:00,QRHC
5.9949,5.9949,5.9949,5.9949,200,2021-09-14 16:50:00,QRHC
5.945,5.945,5.9107,5.9107,699,2021-09-14 18:05:00,QRHC
5.95,5.95,5.95,5.95,200,2021-09-14 18:30:00,QRHC
6.0199,6.0199,6.0199,6.0199,1500,2021-09-14 18:35:00,QRHC
5.92,5.92,5.92,5.92,200,2021-09-14 19:05:00,QRHC
5.96,5.96,5.96,5.96,462,2021-09-14 19:10:00,QRHC
5.92,5.92,5.92,5.92,100,2021-09-14 19:15:00,QRHC
5.94,5.95,5.94,5.95,900,2021-09-14 19:20:00,QRHC
5.9458,5.9458,5.9351,5.9351,568,2021-09-14 19:30:00,QRHC
5.91,5.91,5.9,5.9,4152,2021-09-14 19:35:00,QRHC
5.9,5.9,5.8848,5.9,1200,2021-09-14 19:40:00,QRHC
5.92,5.92,5.92,5.92,300,2021-09-14 19:45:00,QRHC
5.94,5.95,5.94,5.95,300,2021-09-14 19:50:00,QRHC
5.955,5.98,5.94,5.97,3916,2021-09-14 19:55:00,QRHC
5.96,5.96,5.96,5.96,265,2021-09-14 20:00:00,QRHC
5.98,5.98,5.98,5.98,392,2021-09-15 13:30:00,QRHC
5.8631,5.8631,5.8631,5.8631,1000,2021-09-15 13:45:00,QRHC
6.0,6.0,6.0,6.0,600,2021-09-15 14:00:00,QRHC
5.91,5.91,5.8101,5.8119,7500,2021-09-15 14:15:00,QRHC
5.86,5.9,5.83,5.9,727,2021-09-15 14:25:00,QRHC
5.86,5.86,5.86,5.86,300,2021-09-15 14:30:00,QRHC
5.84,5.85,5.83,5.83,600,2021-09-15 14:35:00,QRHC
5.84,5.87,5.71,5.75,30495,2021-09-15 14:40:00,QRHC
5.7956,5.7956,5.77,5.77,2268,2021-09-15 14:45:00,QRHC
5.78,5.8399,5.78,5.8399,1917,2021-09-15 14:50:00,QRHC
5.8,5.84,5.8,5.84,368,2021-09-15 14:55:00,QRHC
5.82,5.82,5.82,5.82,350,2021-09-15 15:00:00,QRHC
5.78,5.78,5.72,5.73,4994,2021-09-15 15:05:00,QRHC
5.7276,5.7276,5.7276,5.7276,100,2021-09-15 15:10:00,QRHC
5.71,5.71,5.71,5.71,280,2021-09-15 15:15:00,QRHC
5.74,5.74,5.74,5.74,100,2021-09-15 15:20:00,QRHC
5.745,5.77,5.745,5.77,1100,2021-09-15 15:25:00,QRHC
5.835,5.835,5.835,5.835,178,2021-09-15 15:45:00,QRHC
5.8301,5.8301,5.8301,5.8301,100,2021-09-15 15:55:00,QRHC
5.8324,5.8324,5.8324,5.8324,100,2021-09-15 16:00:00,QRHC
5.9191,5.9191,5.9191,5.9191,775,2021-09-15 16:10:00,QRHC
5.865,5.865,5.865,5.865,200,2021-09-15 16:15:00,QRHC
5.865,5.88,5.865,5.88,200,2021-09-15 16:20:00,QRHC
5.98,5.98,5.95,5.95,345,2021-09-15 16:25:00,QRHC
5.91,5.91,5.91,5.91,100,2021-09-15 16:35:00,QRHC
5.8953,5.8953,5.8953,5.8953,2000,2021-09-15 16:45:00,QRHC
5.85,5.85,5.83,5.835,3700,2021-09-15 17:00:00,QRHC
5.83,5.83,5.83,5.83,300,2021-09-15 17:05:00,QRHC
5.83,5.83,5.83,5.83,500,2021-09-15 17:10:00,QRHC
5.83,5.86,5.83,5.86,2131,2021-09-15 17:15:00,QRHC
5.845,5.845,5.845,5.845,300,2021-09-15 17:25:00,QRHC
5.8474,5.8474,5.8474,5.8474,395,2021-09-15 17:35:00,QRHC
5.84,5.84,5.83,5.83,592,2021-09-15 17:40:00,QRHC
5.84,5.84,5.84,5.84,100,2021-09-15 17:50:00,QRHC
5.84,5.85,5.84,5.85,600,2021-09-15 18:10:00,QRHC
5.84,5.84,5.84,5.84,100,2021-09-15 18:25:00,QRHC
5.83,5.84,5.83,5.84,300,2021-09-15 18:35:00,QRHC
5.89,5.89,5.89,5.89,1766,2021-09-15 18:40:00,QRHC
5.93,5.94,5.93,5.94,400,2021-09-15 18:45:00,QRHC
5.89,5.89,5.89,5.89,100,2021-09-15 18:55:00,QRHC
5.9,5.9,5.9,5.9,100,2021-09-15 19:00:00,QRHC
5.91,5.91,5.91,5.91,100,2021-09-15 19:05:00,QRHC
5.91,5.9201,5.91,5.9201,300,2021-09-15 19:15:00,QRHC
5.92,5.95,5.92,5.92,500,2021-09-15 19:20:00,QRHC
5.935,5.935,5.935,5.935,200,2021-09-15 19:25:00,QRHC
5.935,5.95,5.935,5.95,200,2021-09-15 19:30:00,QRHC
5.93,5.93,5.93,5.93,100,2021-09-15 19:35:00,QRHC
5.93,5.93,5.93,5.93,300,2021-09-15 19:40:00,QRHC
5.94,5.94,5.94,5.94,200,2021-09-15 19:45:00,QRHC
5.94,5.94,5.935,5.935,500,2021-09-15 19:50:00,QRHC
5.935,5.95,5.87,5.87,2103,2021-09-15 19:55:00,QRHC
5.92,5.92,5.92,5.92,550,2021-09-15 20:00:00,QRHC
5.88,5.88,5.88,5.88,540,2021-09-16 13:30:00,QRHC
5.868,5.868,5.8,5.815,3285,2021-09-16 13:35:00,QRHC
5.805,5.805,5.805,5.805,100,2021-09-16 13:45:00,QRHC
5.7323,5.9,5.7323,5.9,732,2021-09-16 13:50:00,QRHC
5.85,5.86,5.85,5.86,248,2021-09-16 13:55:00,QRHC
5.78,6.0,5.78,6.0,967,2021-09-16 14:00:00,QRHC
5.73,5.73,5.73,5.73,153,2021-09-16 14:20:00,QRHC
5.86,5.86,5.86,5.86,1000,2021-09-16 14:25:00,QRHC
5.84,5.85,5.84,5.84,1538,2021-09-16 14:50:00,QRHC
5.8654,5.8654,5.8654,5.8654,743,2021-09-16 15:00:00,QRHC
5.86,5.875,5.85,5.875,1056,2021-09-16 15:05:00,QRHC
5.86,5.86,5.86,5.86,179,2021-09-16 15:50:00,QRHC
5.85,5.85,5.85,5.85,254,2021-09-16 16:20:00,QRHC
5.83,5.83,5.83,5.83,100,2021-09-16 16:25:00,QRHC
5.92,5.92,5.92,5.92,100,2021-09-16 16:35:00,QRHC
5.86,5.8792,5.85,5.8792,700,2021-09-16 17:05:00,QRHC
5.8,5.8,5.75,5.75,2486,2021-09-16 17:25:00,QRHC
5.8007,5.8007,5.8007,5.8007,100,2021-09-16 17:30:00,QRHC
5.75,5.75,5.75,5.75,100,2021-09-16 17:55:00,QRHC
5.765,5.765,5.765,5.765,130,2021-09-16 18:10:00,QRHC
5.73,5.73,5.73,5.73,100,2021-09-16 18:20:00,QRHC
5.73,5.73,5.73,5.73,100,2021-09-16 18:35:00,QRHC
5.77,5.77,5.77,5.77,100,2021-09-16 19:25:00,QRHC
5.76,5.76,5.745,5.745,400,2021-09-16 19:35:00,QRHC
5.76,5.76,5.75,5.75,2044,2021-09-16 19:45:00,QRHC
5.75,5.77,5.72,5.72,1219,2021-09-16 19:55:00,QRHC
5.76,5.76,5.76,5.76,657,2021-09-16 20:00:00,QRHC
5.76,5.76,5.76,5.76,711,2021-09-17 13:30:00,QRHC
5.7865,5.7865,5.7865,5.7865,247,2021-09-17 13:40:00,QRHC
5.72,5.72,5.72,5.72,100,2021-09-17 14:00:00,QRHC
5.785,5.8418,5.785,5.79,4989,2021-09-17 14:05:00,QRHC
5.7603,5.7603,5.7603,5.7603,250,2021-09-17 14:15:00,QRHC
5.83,5.83,5.83,5.83,200,2021-09-17 14:25:00,QRHC
5.7,5.7,5.7,5.7,100,2021-09-17 14:35:00,QRHC
5.7,5.7,5.7,5.7,100,2021-09-17 14:45:00,QRHC
5.7,5.7,5.7,5.7,100,2021-09-17 14:50:00,QRHC
5.7,5.7,5.7,5.7,200,2021-09-17 14:55:00,QRHC
5.7,5.7,5.7,5.7,100,2021-09-17 15:05:00,QRHC
5.7,5.7882,5.7,5.7882,273,2021-09-17 15:15:00,QRHC
5.7,5.7,5.7,5.7,1340,2021-09-17 15:20:00,QRHC
5.79,5.79,5.79,5.79,1400,2021-09-17 15:35:00,QRHC
5.7,5.7,5.7,5.7,1051,2021-09-17 15:45:00,QRHC
5.64,5.67,5.61,5.61,1997,2021-09-17 15:55:00,QRHC
5.66,5.66,5.66,5.66,200,2021-09-17 16:00:00,QRHC
5.62,5.62,5.62,5.62,100,2021-09-17 16:10:00,QRHC
5.66,5.6894,5.63,5.63,2256,2021-09-17 16:25:00,QRHC
5.63,5.63,5.63,5.63,100,2021-09-17 16:30:00,QRHC
5.655,5.655,5.655,5.655,122,2021-09-17 16:35:00,QRHC
5.63,5.65,5.63,5.65,500,2021-09-17 16:40:00,QRHC
5.65,5.65,5.65,5.65,100,2021-09-17 16:45:00,QRHC
5.65,5.65,5.65,5.65,1500,2021-09-17 16:50:00,QRHC
5.6598,5.6598,5.65,5.65,1000,2021-09-17 16:55:00,QRHC
5.65,5.65,5.65,5.65,100,2021-09-17 17:00:00,QRHC
5.65,5.65,5.65,5.65,100,2021-09-17 17:05:00,QRHC
5.65,5.65,5.65,5.65,5300,2021-09-17 17:10:00,QRHC
5.635,5.635,5.62,5.625,849,2021-09-17 17:25:00,QRHC
5.64,5.64,5.63,5.63,200,2021-09-17 17:30:00,QRHC
5.625,5.67,5.625,5.67,3769,2021-09-17 17:35:00,QRHC
5.67,5.68,5.6692,5.68,495,2021-09-17 17:40:00,QRHC
5.665,5.665,5.665,5.665,200,2021-09-17 17:45:00,QRHC
5.65,5.65,5.65,5.65,400,2021-09-17 17:55:00,QRHC
5.65,5.65,5.65,5.65,1199,2021-09-17 18:00:00,QRHC
5.66,5.66,5.65,5.65,314,2021-09-17 18:25:00,QRHC
5.6769,5.6769,5.6769,5.6769,400,2021-09-17 18:40:00,QRHC
5.65,5.65,5.625,5.65,7100,2021-09-17 18:45:00,QRHC
5.63,5.65,5.6,5.65,2500,2021-09-17 18:50:00,QRHC
5.665,5.71,5.665,5.71,1700,2021-09-17 18:55:00,QRHC
5.67,5.67,5.67,5.67,203,2021-09-17 19:00:00,QRHC
5.695,5.7,5.69,5.7,600,2021-09-17 19:05:00,QRHC
5.7,5.7,5.7,5.7,500,2021-09-17 19:10:00,QRHC
5.7,5.7,5.7,5.7,1000,2021-09-17 19:15:00,QRHC
5.74,5.76,5.735,5.745,5939,2021-09-17 19:20:00,QRHC
5.745,5.745,5.745,5.745,100,2021-09-17 19:25:00,QRHC
5.745,5.745,5.745,5.745,100,2021-09-17 19:30:00,QRHC
5.745,5.745,5.745,5.745,300,2021-09-17 19:35:00,QRHC
5.75,5.75,5.74,5.74,400,2021-09-17 19:40:00,QRHC
5.74,5.75,5.7325,5.735,2598,2021-09-17 19:45:00,QRHC
5.75,5.97,5.75,5.86,1563,2021-09-17 19:50:00,QRHC
5.8537,5.9057,5.76,5.83,16513,2021-09-17 19:55:00,QRHC
5.86,5.86,5.86,5.86,14327,2021-09-17 20:00:00,QRHC
5.77,5.77,5.724,5.724,1164,2021-09-20 13:30:00,QRHC
5.73,5.73,5.73,5.73,166,2021-09-20 13:35:00,QRHC
5.7,5.7,5.7,5.7,691,2021-09-20 13:40:00,QRHC
5.63,5.63,5.63,5.63,200,2021-09-20 13:55:00,QRHC
5.6535,5.6535,5.6535,5.6535,100,2021-09-20 14:00:00,QRHC
5.69,5.69,5.69,5.69,100,2021-09-20 14:10:00,QRHC
5.62,5.62,5.6001,5.6001,600,2021-09-20 14:15:00,QRHC
5.65,5.65,5.65,5.65,100,2021-09-20 14:35:00,QRHC
5.61,5.61,5.61,5.61,100,2021-09-20 15:10:00,QRHC
5.6,5.6,5.6,5.6,200,2021-09-20 15:20:00,QRHC
5.6324,5.6324,5.6324,5.6324,150,2021-09-20 15:45:00,QRHC
5.61,5.61,5.61,5.61,300,2021-09-20 16:10:00,QRHC
5.58,5.58,5.58,5.58,100,2021-09-20 16:20:00,QRHC
5.5557,5.5557,5.55,5.55,239,2021-09-20 16:45:00,QRHC
5.55,5.55,5.55,5.55,100,2021-09-20 16:55:00,QRHC
5.555,5.5666,5.555,5.5666,4000,2021-09-20 17:00:00,QRHC
5.5824,5.5824,5.5824,5.5824,200,2021-09-20 17:20:00,QRHC
5.5599,5.5599,5.5599,5.5599,400,2021-09-20 17:25:00,QRHC
5.59,5.59,5.59,5.59,100,2021-09-20 17:30:00,QRHC
5.53,5.53,5.53,5.53,100,2021-09-20 17:35:00,QRHC
5.5858,5.5858,5.5858,5.5858,485,2021-09-20 18:00:00,QRHC
5.59,5.59,5.59,5.59,100,2021-09-20 18:05:00,QRHC
5.59,5.59,5.59,5.59,232,2021-09-20 18:15:00,QRHC
5.56,5.56,5.56,5.56,200,2021-09-20 18:20:00,QRHC
5.59,5.59,5.59,5.59,200,2021-09-20 18:30:00,QRHC
5.538,5.538,5.538,5.538,200,2021-09-20 18:35:00,QRHC
5.5601,5.5702,5.5601,5.5702,400,2021-09-20 18:40:00,QRHC
5.56,5.56,5.56,5.56,100,2021-09-20 18:45:00,QRHC
5.561,5.561,5.561,5.561,500,2021-09-20 18:50:00,QRHC
5.585,5.585,5.585,5.585,200,2021-09-20 19:00:00,QRHC
5.58,5.58,5.57,5.57,300,2021-09-20 19:05:00,QRHC
5.57,5.57,5.57,5.57,500,2021-09-20 19:30:00,QRHC
5.5937,5.6,5.5937,5.6,1250,2021-09-20 19:35:00,QRHC
5.62,5.64,5.62,5.64,200,2021-09-20 19:40:00,QRHC
5.62,5.62,5.62,5.62,300,2021-09-20 19:45:00,QRHC
5.62,5.65,5.62,5.65,683,2021-09-20 19:50:00,QRHC
5.64,5.67,5.64,5.67,2620,2021-09-20 19:55:00,QRHC
5.67,5.67,5.67,5.67,539,2021-09-20 20:00:00,QRHC
5.58,5.6017,5.58,5.6,8190,2021-09-21 13:30:00,QRHC
5.62,5.62,5.6,5.6,548,2021-09-21 13:35:00,QRHC
5.6363,5.67,5.6302,5.66,5079,2021-09-21 13:50:00,QRHC
5.7,5.7,5.7,5.7,441,2021-09-21 14:05:00,QRHC
5.75,5.7822,5.75,5.7822,1050,2021-09-21 14:10:00,QRHC
5.74,5.74,5.74,5.74,278,2021-09-21 14:20:00,QRHC
5.73,5.73,5.73,5.73,300,2021-09-21 14:40:00,QRHC
5.7399,5.75,5.7399,5.75,2000,2021-09-21 14:45:00,QRHC
5.7184,5.75,5.7184,5.75,1980,2021-09-21 14:50:00,QRHC
5.76,5.76,5.76,5.76,100,2021-09-21 14:55:00,QRHC
5.7364,5.77,5.7364,5.77,739,2021-09-21 15:05:00,QRHC
5.8,5.8,5.8,5.8,328,2021-09-21 15:10:00,QRHC
5.7838,5.8,5.7838,5.8,450,2021-09-21 15:20:00,QRHC
5.8088,5.8088,5.8088,5.8088,200,2021-09-21 15:35:00,QRHC
5.8096,5.83,5.8,5.824,1300,2021-09-21 15:40:00,QRHC
5.83,5.8495,5.81,5.8495,700,2021-09-21 15:45:00,QRHC
5.84,5.84,5.84,5.84,200,2021-09-21 15:50:00,QRHC
5.8484,5.8484,5.8484,5.8484,200,2021-09-21 15:55:00,QRHC
5.87,5.87,5.87,5.87,400,2021-09-21 16:00:00,QRHC
5.8757,5.8757,5.8757,5.8757,200,2021-09-21 16:15:00,QRHC
5.81,5.86,5.81,5.86,1000,2021-09-21 16:30:00,QRHC
5.89,5.89,5.89,5.89,200,2021-09-21 16:40:00,QRHC
5.84,5.84,5.84,5.84,300,2021-09-21 16:45:00,QRHC
5.8578,5.8578,5.8578,5.8578,500,2021-09-21 16:55:00,QRHC
5.87,5.87,5.84,5.85,700,2021-09-21 17:10:00,QRHC
5.825,5.825,5.825,5.825,600,2021-09-21 17:15:00,QRHC
5.75,5.75,5.75,5.75,2000,2021-09-21 17:35:00,QRHC
5.89,5.9,5.89,5.9,300,2021-09-21 17:40:00,QRHC
5.79,5.85,5.78,5.85,600,2021-09-21 17:45:00,QRHC
5.85,5.85,5.85,5.85,100,2021-09-21 17:50:00,QRHC
5.82,5.82,5.82,5.82,200,2021-09-21 17:55:00,QRHC
5.82,5.83,5.82,5.83,1100,2021-09-21 18:00:00,QRHC
5.8178,5.8178,5.8178,5.8178,100,2021-09-21 18:15:00,QRHC
5.85,5.85,5.85,5.85,2800,2021-09-21 18:50:00,QRHC
5.85,5.87,5.85,5.85,2020,2021-09-21 19:00:00,QRHC
5.85,5.87,5.85,5.85,600,2021-09-21 19:15:00,QRHC
5.92,5.92,5.8743,5.8743,787,2021-09-21 19:25:00,QRHC
5.9,5.9,5.9,5.9,100,2021-09-21 19:30:00,QRHC
5.895,5.895,5.895,5.895,500,2021-09-21 19:35:00,QRHC
5.88,5.9081,5.86,5.87,1460,2021-09-21 19:50:00,QRHC
5.9,5.9,5.86,5.86,2002,2021-09-21 19:55:00,QRHC
5.85,5.85,5.85,5.85,1426,2021-09-21 20:00:00,QRHC
5.9,5.965,5.9,5.965,750,2021-09-22 13:30:00,QRHC
5.9459,5.9459,5.9459,5.9459,176,2021-09-22 13:35:00,QRHC
5.94,5.94,5.94,5.94,100,2021-09-22 13:50:00,QRHC
5.9399,5.94,5.9399,5.94,417,2021-09-22 14:20:00,QRHC
5.94,5.98,5.94,5.96,2713,2021-09-22 14:25:00,QRHC
5.9999,5.9999,5.95,5.98,2327,2021-09-22 14:35:00,QRHC
5.96,5.96,5.96,5.96,110,2021-09-22 14:40:00,QRHC
5.9599,5.9599,5.9599,5.9599,200,2021-09-22 14:45:00,QRHC
5.9298,5.9298,5.9298,5.9298,222,2021-09-22 15:10:00,QRHC
5.96,5.96,5.95,5.96,633,2021-09-22 15:45:00,QRHC
5.95,5.95,5.9419,5.9419,790,2021-09-22 15:50:00,QRHC
5.97,5.97,5.95,5.95,300,2021-09-22 15:55:00,QRHC
5.96,5.96,5.8605,5.8605,1375,2021-09-22 16:00:00,QRHC
5.92,5.94,5.92,5.94,1841,2021-09-22 18:10:00,QRHC
5.94,5.94,5.94,5.94,1000,2021-09-22 18:15:00,QRHC
5.9,5.9,5.9,5.9,100,2021-09-22 18:50:00,QRHC
5.94,5.94,5.94,5.94,100,2021-09-22 18:55:00,QRHC
5.94,5.94,5.94,5.94,265,2021-09-22 19:05:00,QRHC
5.955,5.97,5.95,5.97,800,2021-09-22 19:15:00,QRHC
5.95,5.95,5.95,5.95,100,2021-09-22 19:20:00,QRHC
5.955,5.955,5.955,5.955,100,2021-09-22 19:35:00,QRHC
5.95,5.95,5.94,5.95,863,2021-09-22 19:50:00,QRHC
5.999,6.0,5.92,5.92,2965,2021-09-22 19:55:00,QRHC
5.99,5.99,5.99,5.99,758,2021-09-22 20:00:00,QRHC
5.94,5.94,5.94,5.94,1462,2021-09-23 13:30:00,QRHC
5.93,5.93,5.93,5.93,100,2021-09-23 13:40:00,QRHC
5.993,5.993,5.93,5.93,1100,2021-09-23 13:45:00,QRHC
5.9436,5.9436,5.9436,5.9436,200,2021-09-23 13:55:00,QRHC
6.0,6.0,6.0,6.0,199,2021-09-23 14:00:00,QRHC
5.93,5.93,5.92,5.93,976,2021-09-23 14:15:00,QRHC
5.95,5.95,5.95,5.95,100,2021-09-23 14:30:00,QRHC
5.94,5.9401,5.92,5.92,2197,2021-09-23 15:05:00,QRHC
5.9503,5.9503,5.9503,5.9503,1000,2021-09-23 15:40:00,QRHC
5.9101,5.99,5.9101,5.973,7399,2021-09-23 15:45:00,QRHC
5.9648,5.97,5.9648,5.97,700,2021-09-23 15:55:00,QRHC
5.91,5.91,5.91,5.91,292,2021-09-23 16:30:00,QRHC
5.93,5.9475,5.93,5.9475,1400,2021-09-23 16:45:00,QRHC
5.925,5.94,5.92,5.92,1200,2021-09-23 16:55:00,QRHC
5.93,5.9475,5.93,5.9475,300,2021-09-23 17:00:00,QRHC
5.93,5.93,5.93,5.93,100,2021-09-23 17:05:00,QRHC
5.93,5.93,5.9,5.91,3329,2021-09-23 17:25:00,QRHC
5.92,5.92,5.92,5.92,242,2021-09-23 17:35:00,QRHC
5.92,5.94,5.92,5.92,2500,2021-09-23 17:40:00,QRHC
5.945,5.945,5.9375,5.9375,863,2021-09-23 17:45:00,QRHC
5.945,5.945,5.9375,5.9375,400,2021-09-23 17:50:00,QRHC
5.945,5.945,5.945,5.945,300,2021-09-23 18:00:00,QRHC
5.95,5.95,5.95,5.95,838,2021-09-23 18:10:00,QRHC
5.95,5.95,5.95,5.95,200,2021-09-23 18:20:00,QRHC
5.93,5.95,5.93,5.95,709,2021-09-23 18:25:00,QRHC
5.96,5.96,5.96,5.96,278,2021-09-23 18:40:00,QRHC
5.955,5.955,5.9,5.9,1910,2021-09-23 18:45:00,QRHC
5.94,5.94,5.94,5.94,500,2021-09-23 19:00:00,QRHC
5.92,5.92,5.92,5.92,300,2021-09-23 19:20:00,QRHC
5.8876,5.8876,5.8876,5.8876,100,2021-09-23 19:35:00,QRHC
5.9048,5.9048,5.9048,5.9048,1000,2021-09-23 19:40:00,QRHC
5.92,5.94,5.92,5.925,2342,2021-09-23 19:50:00,QRHC
5.92,5.94,5.9,5.9,4010,2021-09-23 19:55:00,QRHC
5.9,5.9,5.9,5.9,2000,2021-09-23 20:00:00,QRHC
5.89,5.89,5.89,5.89,578,2021-09-24 13:30:00,QRHC
5.86,5.96,5.711,5.96,7824,2021-09-24 13:35:00,QRHC
5.8571,5.8571,5.8571,5.8571,200,2021-09-24 13:45:00,QRHC
5.82,5.82,5.8,5.8,2400,2021-09-24 14:10:00,QRHC
5.9599,5.9599,5.9599,5.9599,180,2021-09-24 14:15:00,QRHC
5.8204,5.8204,5.8,5.81,1750,2021-09-24 14:35:00,QRHC
5.9745,5.9745,5.77,5.77,763,2021-09-24 14:40:00,QRHC
5.8,5.82,5.79,5.8,1400,2021-09-24 15:05:00,QRHC
5.8,5.8,5.79,5.8,300,2021-09-24 15:20:00,QRHC
5.8,5.8,5.78,5.79,1100,2021-09-24 15:30:00,QRHC
5.81,5.81,5.81,5.81,300,2021-09-24 15:35:00,QRHC
5.865,5.865,5.865,5.865,300,2021-09-24 15:55:00,QRHC
5.9399,5.9399,5.9399,5.9399,250,2021-09-24 16:15:00,QRHC
5.9799,5.9799,5.9799,5.9799,300,2021-09-24 16:30:00,QRHC
5.905,5.905,5.905,5.905,100,2021-09-24 17:30:00,QRHC
5.91,5.91,5.91,5.91,100,2021-09-24 17:40:00,QRHC
5.9799,5.9799,5.9375,5.9375,1200,2021-09-24 18:10:00,QRHC
5.88,5.89,5.88,5.885,500,2021-09-24 18:20:00,QRHC
5.81,5.81,5.81,5.81,1400,2021-09-24 19:00:00,QRHC
5.82,5.82,5.81,5.81,1313,2021-09-24 19:05:00,QRHC
5.84,5.84,5.83,5.83,200,2021-09-24 19:25:00,QRHC
5.855,5.855,5.79,5.81,500,2021-09-24 19:35:00,QRHC
5.78,5.84,5.78,5.84,959,2021-09-24 19:40:00,QRHC
5.79,5.79,5.79,5.79,659,2021-09-24 19:55:00,QRHC
5.85,5.85,5.85,5.85,220,2021-09-24 20:00:00,QRHC
