open,high,low,close,volume,datetime,symbol
1.44,1.44,1.41,1.4173,3811,2021-08-23 13:30:00,TENX
1.42,1.42,1.42,1.42,300,2021-08-23 13:35:00,TENX
1.4444,1.4444,1.4444,1.4444,100,2021-08-23 13:40:00,TENX
1.43,1.43,1.43,1.43,1000,2021-08-23 13:50:00,TENX
1.43,1.43,1.43,1.43,400,2021-08-23 13:55:00,TENX
1.45,1.45,1.45,1.45,2000,2021-08-23 14:10:00,TENX
1.4301,1.4301,1.4301,1.4301,200,2021-08-23 14:15:00,TENX
1.45,1.45,1.45,1.45,2000,2021-08-23 14:35:00,TENX
1.43,1.43,1.43,1.43,100,2021-08-23 14:45:00,TENX
1.44,1.44,1.44,1.44,2698,2021-08-23 14:50:00,TENX
1.44,1.44,1.44,1.44,100,2021-08-23 15:00:00,TENX
1.44,1.44,1.44,1.44,100,2021-08-23 15:10:00,TENX
1.44,1.44,1.44,1.44,760,2021-08-23 15:15:00,TENX
1.44,1.44,1.44,1.44,100,2021-08-23 15:30:00,TENX
1.4427,1.4427,1.4427,1.4427,1000,2021-08-23 16:00:00,TENX
1.44,1.44,1.44,1.44,700,2021-08-23 16:15:00,TENX
1.45,1.48,1.445,1.48,9378,2021-08-23 16:20:00,TENX
1.49,1.49,1.49,1.49,1080,2021-08-23 16:30:00,TENX
1.48,1.4961,1.48,1.4961,440,2021-08-23 16:35:00,TENX
1.4999,1.4999,1.4999,1.4999,1000,2021-08-23 17:30:00,TENX
1.495,1.495,1.495,1.495,100,2021-08-23 17:35:00,TENX
1.5,1.5,1.5,1.5,800,2021-08-23 17:45:00,TENX
1.51,1.51,1.51,1.51,335,2021-08-23 17:50:00,TENX
1.5,1.515,1.5,1.515,400,2021-08-23 18:00:00,TENX
1.515,1.515,1.515,1.515,300,2021-08-23 18:10:00,TENX
1.5185,1.5185,1.5185,1.5185,2000,2021-08-23 18:35:00,TENX
1.5001,1.5001,1.5001,1.5001,2000,2021-08-23 18:45:00,TENX
1.53,1.53,1.53,1.53,100,2021-08-23 18:55:00,TENX
1.51,1.51,1.51,1.51,100,2021-08-23 19:00:00,TENX
1.51,1.51,1.51,1.51,1200,2021-08-23 19:15:00,TENX
1.53,1.53,1.53,1.53,100,2021-08-23 19:30:00,TENX
1.5101,1.5299,1.5101,1.5299,2600,2021-08-23 19:40:00,TENX
1.5249,1.5249,1.5103,1.5103,1900,2021-08-23 19:45:00,TENX
1.51,1.51,1.51,1.51,100,2021-08-23 19:50:00,TENX
1.51,1.53,1.51,1.53,900,2021-08-23 19:55:00,TENX
1.53,1.53,1.53,1.53,1228,2021-08-23 20:00:00,TENX
1.5,1.5,1.5,1.5,100,2021-08-23 22:30:00,TENX
1.53,1.55,1.53,1.55,1200,2021-08-24 12:55:00,TENX
1.54,1.55,1.54,1.55,1354,2021-08-24 13:25:00,TENX
1.55,1.56,1.55,1.56,4133,2021-08-24 13:30:00,TENX
1.5487,1.5487,1.54,1.54,600,2021-08-24 13:40:00,TENX
1.54,1.54,1.54,1.54,579,2021-08-24 13:45:00,TENX
1.5325,1.5325,1.5325,1.5325,144,2021-08-24 13:50:00,TENX
1.55,1.56,1.55,1.55,10470,2021-08-24 14:15:00,TENX
1.5599,1.5599,1.5599,1.5599,100,2021-08-24 14:20:00,TENX
1.56,1.56,1.56,1.56,300,2021-08-24 14:30:00,TENX
1.55,1.55,1.55,1.55,700,2021-08-24 14:35:00,TENX
1.54,1.56,1.54,1.56,200,2021-08-24 14:50:00,TENX
1.5401,1.5401,1.5401,1.5401,500,2021-08-24 14:55:00,TENX
1.5401,1.5401,1.5401,1.5401,200,2021-08-24 15:35:00,TENX
1.56,1.56,1.56,1.56,100,2021-08-24 16:20:00,TENX
1.5577,1.5577,1.5577,1.5577,167,2021-08-24 16:25:00,TENX
1.56,1.56,1.5506,1.5506,1460,2021-08-24 16:30:00,TENX
1.55,1.55,1.55,1.55,400,2021-08-24 16:40:00,TENX
1.5461,1.56,1.545,1.56,8940,2021-08-24 16:45:00,TENX
1.58,1.58,1.58,1.58,100,2021-08-24 16:55:00,TENX
1.565,1.565,1.565,1.565,1000,2021-08-24 17:00:00,TENX
1.58,1.58,1.58,1.58,100,2021-08-24 17:10:00,TENX
1.565,1.581,1.565,1.581,1900,2021-08-24 17:20:00,TENX
1.5798,1.6,1.5797,1.6,9275,2021-08-24 17:55:00,TENX
1.6,1.61,1.6,1.61,3116,2021-08-24 18:05:00,TENX
1.6175,1.6175,1.6175,1.6175,400,2021-08-24 18:10:00,TENX
1.6015,1.615,1.6,1.61,1643,2021-08-24 18:15:00,TENX
1.6,1.605,1.594,1.605,2431,2021-08-24 18:20:00,TENX
1.62,1.65,1.61,1.62,5170,2021-08-24 18:25:00,TENX
1.595,1.595,1.595,1.595,100,2021-08-24 18:30:00,TENX
1.595,1.595,1.595,1.595,100,2021-08-24 18:35:00,TENX
1.595,1.61,1.595,1.61,200,2021-08-24 18:45:00,TENX
1.5901,1.5901,1.5901,1.5901,2500,2021-08-24 18:55:00,TENX
1.59,1.6,1.59,1.5901,2200,2021-08-24 19:00:00,TENX
1.595,1.595,1.595,1.595,100,2021-08-24 19:25:00,TENX
1.6095,1.61,1.6095,1.61,1435,2021-08-24 19:40:00,TENX
1.605,1.63,1.6,1.6299,11402,2021-08-24 19:45:00,TENX
1.6,1.6,1.6,1.6,2000,2021-08-24 19:50:00,TENX
1.59,1.6,1.59,1.6,2796,2021-08-24 19:55:00,TENX
1.61,1.61,1.61,1.61,1516,2021-08-24 20:00:00,TENX
1.61,1.62,1.61,1.62,1676,2021-08-24 21:50:00,TENX
1.59,1.59,1.556,1.556,530,2021-08-25 13:30:00,TENX
1.61,1.61,1.61,1.61,300,2021-08-25 14:00:00,TENX
1.6,1.604,1.6,1.604,1355,2021-08-25 14:05:00,TENX
1.6,1.6,1.6,1.6,100,2021-08-25 14:20:00,TENX
1.59,1.6,1.59,1.6,200,2021-08-25 15:00:00,TENX
1.6,1.6,1.6,1.6,100,2021-08-25 15:15:00,TENX
1.61,1.61,1.61,1.61,400,2021-08-25 15:25:00,TENX
1.61,1.61,1.61,1.61,900,2021-08-25 15:30:00,TENX
1.6001,1.6001,1.6001,1.6001,250,2021-08-25 15:50:00,TENX
1.6001,1.6001,1.6001,1.6001,3000,2021-08-25 15:55:00,TENX
1.61,1.61,1.61,1.61,100,2021-08-25 16:00:00,TENX
1.6199,1.62,1.6199,1.62,2100,2021-08-25 16:05:00,TENX
1.62,1.62,1.62,1.62,100,2021-08-25 16:15:00,TENX
1.605,1.605,1.605,1.605,500,2021-08-25 16:35:00,TENX
1.605,1.605,1.605,1.605,100,2021-08-25 16:40:00,TENX
1.6001,1.62,1.6,1.62,4700,2021-08-25 16:50:00,TENX
1.6,1.6,1.6,1.6,100,2021-08-25 17:05:00,TENX
1.6,1.6,1.6,1.6,100,2021-08-25 17:45:00,TENX
1.595,1.595,1.595,1.595,300,2021-08-25 18:30:00,TENX
1.6,1.6,1.6,1.6,100,2021-08-25 18:40:00,TENX
1.5999,1.5999,1.5999,1.5999,100,2021-08-25 18:45:00,TENX
1.595,1.595,1.59,1.59,300,2021-08-25 18:50:00,TENX
1.5672,1.5672,1.5672,1.5672,385,2021-08-25 19:00:00,TENX
1.59,1.59,1.59,1.59,100,2021-08-25 19:20:00,TENX
1.59,1.59,1.58,1.58,895,2021-08-25 19:30:00,TENX
1.58,1.58,1.58,1.58,1138,2021-08-25 19:40:00,TENX
1.6,1.6,1.6,1.6,100,2021-08-25 19:45:00,TENX
1.6,1.6,1.6,1.6,100,2021-08-25 19:50:00,TENX
1.58,1.6,1.58,1.6,1449,2021-08-25 19:55:00,TENX
1.58,1.58,1.58,1.58,623,2021-08-25 20:00:00,TENX
1.59,1.59,1.59,1.59,489,2021-08-26 13:30:00,TENX
1.6,1.61,1.6,1.61,1522,2021-08-26 14:00:00,TENX
1.6,1.605,1.6,1.6,1600,2021-08-26 14:40:00,TENX
1.605,1.61,1.6,1.605,3058,2021-08-26 14:55:00,TENX
1.6,1.609,1.6,1.6,6096,2021-08-26 15:05:00,TENX
1.605,1.61,1.605,1.61,200,2021-08-26 15:10:00,TENX
1.605,1.605,1.605,1.605,100,2021-08-26 15:20:00,TENX
1.61,1.61,1.6096,1.6096,648,2021-08-26 16:20:00,TENX
1.61,1.61,1.6097,1.6097,4993,2021-08-26 16:35:00,TENX
1.64,1.64,1.64,1.64,100,2021-08-26 16:55:00,TENX
1.63,1.64,1.6,1.602,860,2021-08-26 17:15:00,TENX
1.6006,1.63,1.6,1.63,4300,2021-08-26 17:30:00,TENX
1.6114,1.6145,1.6114,1.6145,1940,2021-08-26 17:35:00,TENX
1.62,1.62,1.62,1.62,100,2021-08-26 17:45:00,TENX
1.63,1.63,1.63,1.63,100,2021-08-26 17:50:00,TENX
1.64,1.64,1.64,1.64,105,2021-08-26 18:35:00,TENX
1.6399,1.6399,1.6399,1.6399,100,2021-08-26 18:45:00,TENX
1.6174,1.6174,1.6134,1.6134,500,2021-08-26 18:50:00,TENX
1.6213,1.6213,1.61,1.61,878,2021-08-26 18:55:00,TENX
1.6,1.6,1.6,1.6,700,2021-08-26 19:05:00,TENX
1.63,1.63,1.63,1.63,140,2021-08-26 19:10:00,TENX
1.6,1.6,1.6,1.6,136,2021-08-26 19:20:00,TENX
1.5953,1.6,1.5953,1.6,204,2021-08-26 19:25:00,TENX
1.6,1.6,1.59,1.59,300,2021-08-26 19:30:00,TENX
1.6,1.6,1.6,1.6,100,2021-08-26 19:45:00,TENX
1.6,1.62,1.6,1.62,200,2021-08-26 19:50:00,TENX
1.62,1.62,1.62,1.62,242,2021-08-26 19:55:00,TENX
1.62,1.62,1.62,1.62,511,2021-08-26 20:00:00,TENX
1.6,1.6,1.6,1.6,361,2021-08-27 13:30:00,TENX
1.5876,1.5876,1.5876,1.5876,100,2021-08-27 13:40:00,TENX
1.59,1.59,1.59,1.59,200,2021-08-27 13:55:00,TENX
1.6001,1.6001,1.6001,1.6001,1555,2021-08-27 14:10:00,TENX
1.6001,1.63,1.6,1.6,5075,2021-08-27 14:25:00,TENX
1.5736,1.63,1.5736,1.63,1100,2021-08-27 14:35:00,TENX
1.6002,1.6002,1.6002,1.6002,100,2021-08-27 14:40:00,TENX
1.62,1.62,1.6199,1.6199,1100,2021-08-27 14:55:00,TENX
1.62,1.62,1.61,1.61,3300,2021-08-27 15:05:00,TENX
1.605,1.629,1.605,1.629,2484,2021-08-27 15:10:00,TENX
1.6,1.6,1.6,1.6,140,2021-08-27 15:15:00,TENX
1.6299,1.6299,1.629,1.629,3100,2021-08-27 15:25:00,TENX
1.629,1.629,1.6054,1.615,500,2021-08-27 15:30:00,TENX
1.63,1.63,1.63,1.63,100,2021-08-27 15:35:00,TENX
1.6001,1.6001,1.6001,1.6001,2000,2021-08-27 15:40:00,TENX
1.615,1.615,1.615,1.615,100,2021-08-27 15:45:00,TENX
1.63,1.63,1.63,1.63,100,2021-08-27 15:50:00,TENX
1.63,1.63,1.606,1.606,1730,2021-08-27 16:05:00,TENX
1.6027,1.63,1.602,1.63,900,2021-08-27 16:10:00,TENX
1.63,1.63,1.63,1.63,100,2021-08-27 16:15:00,TENX
1.63,1.63,1.63,1.63,100,2021-08-27 16:20:00,TENX
1.63,1.63,1.63,1.63,100,2021-08-27 16:25:00,TENX
1.63,1.63,1.62,1.62,250,2021-08-27 16:45:00,TENX
1.61,1.62,1.61,1.62,900,2021-08-27 16:50:00,TENX
1.62,1.62,1.62,1.62,100,2021-08-27 16:55:00,TENX
1.62,1.62,1.62,1.62,100,2021-08-27 17:10:00,TENX
1.62,1.62,1.62,1.62,100,2021-08-27 17:15:00,TENX
1.62,1.62,1.615,1.615,200,2021-08-27 17:30:00,TENX
1.62,1.62,1.62,1.62,100,2021-08-27 17:45:00,TENX
1.6273,1.6273,1.6273,1.6273,1000,2021-08-27 17:50:00,TENX
1.628,1.63,1.628,1.63,1100,2021-08-27 17:55:00,TENX
1.6113,1.6113,1.6113,1.6113,120,2021-08-27 18:05:00,TENX
1.63,1.63,1.63,1.63,100,2021-08-27 18:15:00,TENX
1.63,1.63,1.63,1.63,100,2021-08-27 18:35:00,TENX
1.64,1.64,1.64,1.64,100,2021-08-27 18:50:00,TENX
1.63,1.63,1.63,1.63,100,2021-08-27 19:05:00,TENX
1.64,1.64,1.64,1.64,100,2021-08-27 19:25:00,TENX
1.64,1.64,1.64,1.64,100,2021-08-27 19:30:00,TENX
1.64,1.64,1.62,1.64,400,2021-08-27 19:45:00,TENX
1.64,1.64,1.64,1.64,200,2021-08-27 19:50:00,TENX
1.64,1.64,1.64,1.64,506,2021-08-27 19:55:00,TENX
1.62,1.62,1.62,1.62,1806,2021-08-27 20:00:00,TENX
1.6599,1.66,1.6599,1.66,400,2021-08-30 12:50:00,TENX
1.63,1.63,1.5891,1.5891,910,2021-08-30 13:30:00,TENX
1.63,1.63,1.63,1.63,202,2021-08-30 13:40:00,TENX
1.6,1.6393,1.6,1.6393,380,2021-08-30 13:45:00,TENX
1.5716,1.6,1.5716,1.6,2300,2021-08-30 13:55:00,TENX
1.618,1.618,1.618,1.618,600,2021-08-30 14:05:00,TENX
1.62,1.62,1.62,1.62,100,2021-08-30 14:10:00,TENX
1.62,1.63,1.62,1.63,1705,2021-08-30 14:15:00,TENX
1.6141,1.6141,1.61,1.61,1165,2021-08-30 14:25:00,TENX
1.6,1.6,1.6,1.6,100,2021-08-30 14:40:00,TENX
1.6,1.6,1.6,1.6,140,2021-08-30 14:45:00,TENX
1.625,1.625,1.625,1.625,100,2021-08-30 15:05:00,TENX
1.6191,1.6191,1.6191,1.6191,200,2021-08-30 15:20:00,TENX
1.62,1.62,1.62,1.62,150,2021-08-30 15:40:00,TENX
1.61,1.61,1.6,1.6,21234,2021-08-30 15:45:00,TENX
1.6,1.6,1.59,1.59,1000,2021-08-30 15:50:00,TENX
1.58,1.59,1.58,1.59,2488,2021-08-30 15:55:00,TENX
1.58,1.582,1.5701,1.575,21191,2021-08-30 16:00:00,TENX
1.575,1.575,1.575,1.575,100,2021-08-30 16:05:00,TENX
1.58,1.61,1.58,1.6,8200,2021-08-30 16:10:00,TENX
1.62,1.62,1.62,1.62,100,2021-08-30 16:20:00,TENX
1.605,1.605,1.605,1.605,100,2021-08-30 16:25:00,TENX
1.62,1.62,1.617,1.617,3150,2021-08-30 17:15:00,TENX
1.61,1.61,1.6,1.6,550,2021-08-30 17:20:00,TENX
1.6099,1.6099,1.6093,1.6093,400,2021-08-30 17:45:00,TENX
1.6047,1.6047,1.6047,1.6047,113,2021-08-30 17:50:00,TENX
1.6,1.6,1.58,1.58,400,2021-08-30 18:05:00,TENX
1.59,1.59,1.59,1.59,141,2021-08-30 18:35:00,TENX
1.58,1.58,1.58,1.58,3315,2021-08-30 18:55:00,TENX
1.6,1.6,1.6,1.6,100,2021-08-30 19:00:00,TENX
1.585,1.585,1.585,1.585,100,2021-08-30 19:05:00,TENX
1.6,1.6,1.6,1.6,100,2021-08-30 19:15:00,TENX
1.5808,1.5808,1.5808,1.5808,1040,2021-08-30 19:20:00,TENX
1.58,1.58,1.58,1.58,100,2021-08-30 19:25:00,TENX
1.5898,1.5898,1.5715,1.5715,512,2021-08-30 19:30:00,TENX
1.59,1.59,1.59,1.59,200,2021-08-30 19:40:00,TENX
1.57,1.57,1.57,1.57,100,2021-08-30 19:45:00,TENX
1.5845,1.59,1.5845,1.59,200,2021-08-30 19:50:00,TENX
1.59,1.59,1.58,1.58,822,2021-08-30 19:55:00,TENX
1.57,1.57,1.57,1.57,434,2021-08-30 20:00:00,TENX
1.58,1.58,1.58,1.58,300,2021-08-30 21:30:00,TENX
1.58,1.58,1.58,1.58,300,2021-08-30 22:30:00,TENX
1.56,1.56,1.56,1.56,109,2021-08-31 13:30:00,TENX
1.58,1.58,1.58,1.58,349,2021-08-31 13:35:00,TENX
1.6,1.63,1.6,1.61,5807,2021-08-31 13:40:00,TENX
1.6141,1.6141,1.6141,1.6141,100,2021-08-31 14:20:00,TENX
1.6194,1.6194,1.6194,1.6194,210,2021-08-31 14:45:00,TENX
1.61,1.61,1.61,1.61,108,2021-08-31 15:15:00,TENX
1.6107,1.6107,1.6107,1.6107,120,2021-08-31 15:20:00,TENX
1.6127,1.6127,1.6127,1.6127,200,2021-08-31 15:25:00,TENX
1.62,1.62,1.62,1.62,100,2021-08-31 15:30:00,TENX
1.6101,1.6101,1.6101,1.6101,375,2021-08-31 16:20:00,TENX
1.6101,1.6101,1.6101,1.6101,100,2021-08-31 16:30:00,TENX
1.6197,1.6197,1.615,1.615,1400,2021-08-31 17:20:00,TENX
1.6101,1.6102,1.605,1.605,1400,2021-08-31 17:35:00,TENX
1.6,1.6,1.6,1.6,200,2021-08-31 17:45:00,TENX
1.595,1.595,1.58,1.58,1000,2021-08-31 18:00:00,TENX
1.5827,1.5854,1.5805,1.5854,300,2021-08-31 18:05:00,TENX
1.61,1.61,1.61,1.61,100,2021-08-31 18:10:00,TENX
1.61,1.61,1.61,1.61,100,2021-08-31 18:30:00,TENX
1.6,1.6,1.6,1.6,198,2021-08-31 18:45:00,TENX
1.59,1.59,1.59,1.59,100,2021-08-31 18:55:00,TENX
1.5901,1.5901,1.5901,1.5901,200,2021-08-31 19:05:00,TENX
1.5915,1.5915,1.5915,1.5915,550,2021-08-31 19:15:00,TENX
1.5901,1.5901,1.5901,1.5901,300,2021-08-31 19:20:00,TENX
1.61,1.61,1.61,1.61,100,2021-08-31 19:25:00,TENX
1.59,1.59,1.59,1.59,1335,2021-08-31 19:35:00,TENX
1.59,1.59,1.59,1.59,100,2021-08-31 19:45:00,TENX
1.59,1.59,1.59,1.59,712,2021-08-31 20:00:00,TENX
1.6,1.6,1.6,1.6,364,2021-09-01 13:30:00,TENX
1.594,1.594,1.594,1.594,113,2021-09-01 13:35:00,TENX
1.5943,1.5943,1.5943,1.5943,100,2021-09-01 13:40:00,TENX
1.605,1.605,1.605,1.605,100,2021-09-01 13:50:00,TENX
1.59,1.59,1.59,1.59,1000,2021-09-01 14:00:00,TENX
1.5901,1.61,1.5901,1.61,4000,2021-09-01 14:15:00,TENX
1.615,1.615,1.615,1.615,100,2021-09-01 14:25:00,TENX
1.62,1.62,1.62,1.62,257,2021-09-01 14:30:00,TENX
1.61,1.61,1.61,1.61,100,2021-09-01 14:45:00,TENX
1.6104,1.6104,1.61,1.61,600,2021-09-01 14:50:00,TENX
1.61,1.61,1.61,1.61,100,2021-09-01 14:55:00,TENX
1.6101,1.6101,1.61,1.61,6038,2021-09-01 15:00:00,TENX
1.61,1.61,1.61,1.61,1895,2021-09-01 15:05:00,TENX
1.6,1.6,1.6,1.6,500,2021-09-01 15:10:00,TENX
1.6,1.6,1.6,1.6,200,2021-09-01 15:15:00,TENX
1.61,1.61,1.61,1.61,100,2021-09-01 15:30:00,TENX
1.605,1.605,1.605,1.605,100,2021-09-01 15:50:00,TENX
1.6047,1.605,1.6047,1.605,200,2021-09-01 16:00:00,TENX
1.61,1.62,1.61,1.6197,1570,2021-09-01 16:10:00,TENX
1.62,1.62,1.62,1.62,800,2021-09-01 16:40:00,TENX
1.6201,1.6201,1.6201,1.6201,300,2021-09-01 17:00:00,TENX
1.63,1.63,1.62,1.62,3100,2021-09-01 17:05:00,TENX
1.6246,1.6246,1.62,1.62,730,2021-09-01 17:15:00,TENX
1.62,1.625,1.62,1.625,1300,2021-09-01 17:25:00,TENX
1.62,1.6202,1.62,1.6202,7402,2021-09-01 17:40:00,TENX
1.62,1.62,1.62,1.62,5000,2021-09-01 17:50:00,TENX
1.59,1.605,1.59,1.5973,453,2021-09-01 17:55:00,TENX
1.605,1.605,1.605,1.605,400,2021-09-01 18:00:00,TENX
1.6,1.6,1.6,1.6,100,2021-09-01 18:10:00,TENX
1.59,1.59,1.59,1.59,100,2021-09-01 18:35:00,TENX
1.59,1.59,1.59,1.59,100,2021-09-01 18:40:00,TENX
1.6,1.62,1.6,1.62,600,2021-09-01 18:45:00,TENX
1.6,1.6,1.6,1.6,100,2021-09-01 18:55:00,TENX
1.6,1.6,1.6,1.6,100,2021-09-01 19:00:00,TENX
1.59,1.59,1.59,1.59,100,2021-09-01 19:35:00,TENX
1.59,1.62,1.59,1.59,300,2021-09-01 19:40:00,TENX
1.59,1.59,1.59,1.59,100,2021-09-01 19:45:00,TENX
1.6,1.6,1.59,1.6,300,2021-09-01 19:55:00,TENX
1.62,1.62,1.62,1.62,268,2021-09-01 20:00:00,TENX
1.63,1.63,1.62,1.62,579,2021-09-02 13:30:00,TENX
1.62,1.62,1.62,1.62,610,2021-09-02 13:35:00,TENX
1.57,1.6053,1.57,1.6053,11000,2021-09-02 13:40:00,TENX
1.6295,1.63,1.628,1.63,300,2021-09-02 13:45:00,TENX
1.6015,1.6015,1.6015,1.6015,125,2021-09-02 14:15:00,TENX
1.61,1.61,1.61,1.61,100,2021-09-02 14:35:00,TENX
1.6001,1.61,1.6001,1.61,1200,2021-09-02 14:40:00,TENX
1.62,1.63,1.62,1.63,9225,2021-09-02 14:55:00,TENX
1.6484,1.6484,1.63,1.63,1200,2021-09-02 15:00:00,TENX
1.63,1.635,1.63,1.635,1690,2021-09-02 15:05:00,TENX
1.63,1.63,1.615,1.615,3209,2021-09-02 15:10:00,TENX
1.615,1.615,1.615,1.615,100,2021-09-02 15:15:00,TENX
1.62,1.62,1.62,1.62,100,2021-09-02 15:30:00,TENX
1.63,1.63,1.63,1.63,300,2021-09-02 15:35:00,TENX
1.61,1.61,1.61,1.61,500,2021-09-02 15:40:00,TENX
1.62,1.62,1.62,1.62,100,2021-09-02 15:45:00,TENX
1.63,1.63,1.63,1.63,200,2021-09-02 15:50:00,TENX
1.6138,1.6138,1.61,1.612,1100,2021-09-02 16:00:00,TENX
1.6101,1.6101,1.6101,1.6101,200,2021-09-02 16:10:00,TENX
1.61,1.61,1.61,1.61,100,2021-09-02 16:20:00,TENX
1.61,1.61,1.61,1.61,100,2021-09-02 16:25:00,TENX
1.61,1.61,1.61,1.61,100,2021-09-02 16:35:00,TENX
1.61,1.61,1.61,1.61,100,2021-09-02 16:55:00,TENX
1.6002,1.6002,1.6,1.6002,2440,2021-09-02 17:00:00,TENX
1.6,1.6,1.6,1.6,100,2021-09-02 17:05:00,TENX
1.61,1.61,1.61,1.61,100,2021-09-02 17:20:00,TENX
1.61,1.61,1.6,1.605,700,2021-09-02 18:25:00,TENX
1.6001,1.61,1.6,1.605,8625,2021-09-02 18:40:00,TENX
1.605,1.605,1.6,1.6,500,2021-09-02 18:45:00,TENX
1.6,1.6,1.6,1.6,2719,2021-09-02 19:10:00,TENX
1.61,1.62,1.61,1.62,700,2021-09-02 19:15:00,TENX
1.61,1.6103,1.61,1.6103,6000,2021-09-02 19:25:00,TENX
1.611,1.62,1.58,1.62,5841,2021-09-02 19:30:00,TENX
1.62,1.62,1.62,1.62,100,2021-09-02 19:40:00,TENX
1.605,1.605,1.605,1.605,100,2021-09-02 19:45:00,TENX
1.62,1.62,1.62,1.62,300,2021-09-02 19:50:00,TENX
1.62,1.62,1.61,1.62,954,2021-09-02 19:55:00,TENX
1.61,1.61,1.61,1.61,167,2021-09-02 20:00:00,TENX
1.58,1.58,1.58,1.58,126,2021-09-02 21:45:00,TENX
1.5227,1.5227,1.5227,1.5227,400,2021-09-03 12:30:00,TENX
1.6095,1.6095,1.6095,1.6095,100,2021-09-03 14:15:00,TENX
1.6099,1.6099,1.6099,1.6099,100,2021-09-03 14:45:00,TENX
1.59,1.59,1.59,1.59,100,2021-09-03 16:05:00,TENX
1.5999,1.605,1.595,1.605,2700,2021-09-03 16:35:00,TENX
1.605,1.605,1.605,1.605,120,2021-09-03 16:55:00,TENX
1.6042,1.6042,1.6042,1.6042,1100,2021-09-03 17:05:00,TENX
1.6094,1.6094,1.6094,1.6094,500,2021-09-03 17:10:00,TENX
1.6,1.6015,1.6,1.6015,1000,2021-09-03 17:45:00,TENX
1.6001,1.6001,1.6001,1.6001,100,2021-09-03 17:55:00,TENX
1.6,1.61,1.6,1.6,3756,2021-09-03 18:00:00,TENX
1.59,1.59,1.58,1.58,839,2021-09-03 18:05:00,TENX
1.5846,1.5846,1.5846,1.5846,135,2021-09-03 18:10:00,TENX
1.58,1.58,1.58,1.58,100,2021-09-03 18:50:00,TENX
1.57,1.57,1.57,1.57,1564,2021-09-03 18:55:00,TENX
1.58,1.58,1.57,1.57,500,2021-09-03 19:05:00,TENX
1.58,1.58,1.56,1.56,2685,2021-09-03 19:30:00,TENX
1.56,1.57,1.56,1.5695,716,2021-09-03 19:35:00,TENX
1.56,1.565,1.56,1.565,492,2021-09-03 19:50:00,TENX
1.56,1.56,1.56,1.56,100,2021-09-03 19:55:00,TENX
1.57,1.57,1.57,1.57,190,2021-09-03 20:00:00,TENX
1.57,1.57,1.57,1.57,648,2021-09-07 13:30:00,TENX
1.5763,1.5763,1.5763,1.5763,400,2021-09-07 13:35:00,TENX
1.57,1.57,1.57,1.57,200,2021-09-07 13:45:00,TENX
1.58,1.58,1.58,1.58,100,2021-09-07 14:00:00,TENX
1.58,1.5802,1.5601,1.565,7788,2021-09-07 14:15:00,TENX
1.565,1.57,1.56,1.56,1348,2021-09-07 14:20:00,TENX
1.56,1.56,1.56,1.56,108,2021-09-07 14:30:00,TENX
1.56,1.56,1.56,1.56,473,2021-09-07 14:35:00,TENX
1.56,1.56,1.56,1.56,100,2021-09-07 14:40:00,TENX
1.5512,1.5512,1.5512,1.5512,100,2021-09-07 14:55:00,TENX
1.5689,1.5689,1.5689,1.5689,650,2021-09-07 15:00:00,TENX
1.5548,1.5688,1.5548,1.5688,900,2021-09-07 15:05:00,TENX
1.55,1.55,1.55,1.55,3499,2021-09-07 15:10:00,TENX
1.55,1.55,1.55,1.55,1600,2021-09-07 15:15:00,TENX
1.55,1.55,1.55,1.55,100,2021-09-07 15:25:00,TENX
1.57,1.57,1.57,1.57,100,2021-09-07 15:35:00,TENX
1.55,1.55,1.55,1.55,300,2021-09-07 15:55:00,TENX
1.552,1.552,1.552,1.552,800,2021-09-07 17:55:00,TENX
1.56,1.56,1.55,1.55,200,2021-09-07 18:05:00,TENX
1.5504,1.5504,1.55,1.55,1098,2021-09-07 18:40:00,TENX
1.56,1.56,1.56,1.56,100,2021-09-07 19:05:00,TENX
1.55,1.5543,1.55,1.5543,3792,2021-09-07 19:20:00,TENX
1.555,1.5599,1.55,1.555,1010,2021-09-07 19:30:00,TENX
1.55,1.5599,1.55,1.5599,350,2021-09-07 19:35:00,TENX
1.55,1.5599,1.55,1.5599,640,2021-09-07 19:40:00,TENX
1.5554,1.5554,1.55,1.555,2884,2021-09-07 19:45:00,TENX
1.55,1.555,1.55,1.555,200,2021-09-07 19:50:00,TENX
1.55,1.56,1.55,1.55,4174,2021-09-07 19:55:00,TENX
1.56,1.56,1.56,1.56,118,2021-09-07 20:00:00,TENX
1.56,1.56,1.56,1.56,100,2021-09-07 22:30:00,TENX
1.55,1.565,1.55,1.55,2683,2021-09-08 13:30:00,TENX
1.54,1.54,1.52,1.5276,3972,2021-09-08 13:40:00,TENX
1.5299,1.5299,1.52,1.52,700,2021-09-08 13:45:00,TENX
1.5,1.51,1.5,1.5,1152,2021-09-08 13:50:00,TENX
1.5,1.5,1.5,1.5,1100,2021-09-08 14:05:00,TENX
1.5,1.505,1.47,1.47,10398,2021-09-08 14:20:00,TENX
1.45,1.45,1.45,1.45,1200,2021-09-08 14:25:00,TENX
1.48,1.48,1.4759,1.4759,450,2021-09-08 14:30:00,TENX
1.48,1.48,1.46,1.47,1325,2021-09-08 14:35:00,TENX
1.46,1.465,1.46,1.465,200,2021-09-08 14:40:00,TENX
1.45,1.45,1.45,1.45,100,2021-09-08 14:50:00,TENX
1.4799,1.4799,1.45,1.478,2100,2021-09-08 14:55:00,TENX
1.465,1.465,1.45,1.45,200,2021-09-08 15:00:00,TENX
1.45,1.45,1.45,1.45,100,2021-09-08 15:05:00,TENX
1.4699,1.4699,1.46,1.46,1500,2021-09-08 15:25:00,TENX
1.465,1.49,1.465,1.47,1896,2021-09-08 15:30:00,TENX
1.48,1.48,1.48,1.48,500,2021-09-08 15:35:00,TENX
1.48,1.48,1.48,1.48,755,2021-09-08 15:40:00,TENX
1.475,1.475,1.475,1.475,100,2021-09-08 15:45:00,TENX
1.47,1.47,1.47,1.47,100,2021-09-08 16:20:00,TENX
1.4601,1.4601,1.4601,1.4601,200,2021-09-08 16:25:00,TENX
1.4603,1.4799,1.4603,1.4799,1500,2021-09-08 17:05:00,TENX
1.4665,1.4665,1.4665,1.4665,150,2021-09-08 17:20:00,TENX
1.47,1.47,1.47,1.47,600,2021-09-08 18:00:00,TENX
1.4799,1.4799,1.4799,1.4799,1000,2021-09-08 18:20:00,TENX
1.4799,1.4799,1.4799,1.4799,500,2021-09-08 18:25:00,TENX
1.47,1.47,1.47,1.47,600,2021-09-08 19:00:00,TENX
1.4501,1.4501,1.4501,1.4501,1900,2021-09-08 19:10:00,TENX
1.4555,1.4555,1.4555,1.4555,1000,2021-09-08 19:15:00,TENX
1.46,1.46,1.46,1.46,200,2021-09-08 19:20:00,TENX
1.465,1.465,1.46,1.46,355,2021-09-08 19:30:00,TENX
1.47,1.47,1.46,1.46,1200,2021-09-08 19:40:00,TENX
1.4546,1.46,1.45,1.45,3217,2021-09-08 19:55:00,TENX
1.48,1.48,1.45,1.45,1202,2021-09-09 13:30:00,TENX
1.45,1.45,1.45,1.45,100,2021-09-09 13:55:00,TENX
1.46,1.48,1.46,1.48,1100,2021-09-09 14:00:00,TENX
1.46,1.46,1.46,1.46,100,2021-09-09 14:05:00,TENX
1.47,1.47,1.45,1.46,1500,2021-09-09 14:30:00,TENX
1.46,1.46,1.45,1.455,1000,2021-09-09 14:35:00,TENX
1.455,1.4599,1.455,1.4599,250,2021-09-09 14:45:00,TENX
1.45,1.45,1.45,1.45,200,2021-09-09 15:25:00,TENX
1.45,1.45,1.45,1.45,401,2021-09-09 15:30:00,TENX
1.45,1.45,1.45,1.45,100,2021-09-09 15:35:00,TENX
1.455,1.455,1.45,1.45,700,2021-09-09 15:50:00,TENX
1.455,1.455,1.455,1.455,100,2021-09-09 16:00:00,TENX
1.45,1.45,1.45,1.45,100,2021-09-09 16:05:00,TENX
1.455,1.4594,1.45,1.45,430,2021-09-09 16:30:00,TENX
1.4594,1.4594,1.4594,1.4594,500,2021-09-09 16:40:00,TENX
1.455,1.455,1.45,1.45,800,2021-09-09 16:50:00,TENX
1.46,1.46,1.45,1.45,600,2021-09-09 17:00:00,TENX
1.45,1.4503,1.45,1.45,3317,2021-09-09 17:25:00,TENX
1.455,1.455,1.45,1.45,1500,2021-09-09 17:35:00,TENX
1.455,1.455,1.45,1.45,200,2021-09-09 17:45:00,TENX
1.4501,1.4501,1.4501,1.4501,1000,2021-09-09 17:50:00,TENX
1.45,1.45,1.45,1.45,200,2021-09-09 18:05:00,TENX
1.4501,1.4501,1.45,1.45,600,2021-09-09 18:15:00,TENX
1.45,1.455,1.45,1.45,2500,2021-09-09 18:25:00,TENX
1.45,1.4521,1.45,1.4521,7776,2021-09-09 18:30:00,TENX
1.4521,1.4521,1.45,1.45,413,2021-09-09 18:35:00,TENX
1.455,1.455,1.45,1.45,200,2021-09-09 18:40:00,TENX
1.455,1.455,1.45,1.45,200,2021-09-09 18:50:00,TENX
1.45,1.45,1.45,1.45,500,2021-09-09 18:55:00,TENX
1.45,1.455,1.45,1.455,3189,2021-09-09 19:00:00,TENX
1.455,1.455,1.455,1.455,200,2021-09-09 19:05:00,TENX
1.4595,1.4595,1.45,1.45,1100,2021-09-09 19:15:00,TENX
1.46,1.46,1.46,1.46,100,2021-09-09 19:20:00,TENX
1.45,1.45,1.45,1.45,100,2021-09-09 19:25:00,TENX
1.45,1.46,1.44,1.44,16055,2021-09-09 19:30:00,TENX
1.45,1.45,1.435,1.45,1000,2021-09-09 19:35:00,TENX
1.42,1.448,1.42,1.448,260,2021-09-09 19:40:00,TENX
1.44,1.44,1.42,1.42,900,2021-09-09 19:55:00,TENX
1.435,1.435,1.435,1.435,122,2021-09-09 20:00:00,TENX
1.43,1.43,1.43,1.43,1160,2021-09-10 13:30:00,TENX
1.4301,1.4301,1.4301,1.4301,500,2021-09-10 13:35:00,TENX
1.4551,1.4551,1.4551,1.4551,200,2021-09-10 13:40:00,TENX
1.44,1.448,1.44,1.448,400,2021-09-10 13:45:00,TENX
1.45,1.455,1.45,1.45,802,2021-09-10 13:55:00,TENX
1.4501,1.4501,1.45,1.45,572,2021-09-10 14:05:00,TENX
1.46,1.46,1.46,1.46,200,2021-09-10 14:10:00,TENX
1.445,1.445,1.445,1.445,1410,2021-09-10 14:15:00,TENX
1.43,1.43,1.41,1.4101,1800,2021-09-10 14:30:00,TENX
1.4365,1.4365,1.4365,1.4365,200,2021-09-10 14:40:00,TENX
1.4168,1.4168,1.4168,1.4168,900,2021-09-10 15:25:00,TENX
1.41,1.41,1.41,1.41,100,2021-09-10 15:30:00,TENX
1.44,1.44,1.44,1.44,100,2021-09-10 15:40:00,TENX
1.4132,1.4132,1.41,1.41,350,2021-09-10 16:15:00,TENX
1.41,1.41,1.41,1.41,100,2021-09-10 16:20:00,TENX
1.41,1.41,1.41,1.41,100,2021-09-10 17:00:00,TENX
1.42,1.42,1.4,1.41,20621,2021-09-10 17:10:00,TENX
1.4273,1.4273,1.42,1.42,200,2021-09-10 17:20:00,TENX
1.42,1.42,1.42,1.42,100,2021-09-10 17:25:00,TENX
1.43,1.46,1.43,1.46,700,2021-09-10 17:35:00,TENX
1.44,1.44,1.42,1.42,2200,2021-09-10 17:40:00,TENX
1.43,1.43,1.43,1.43,200,2021-09-10 17:55:00,TENX
1.438,1.438,1.438,1.438,450,2021-09-10 18:00:00,TENX
1.4201,1.43,1.42,1.43,1000,2021-09-10 18:05:00,TENX
1.4272,1.4272,1.4272,1.4272,100,2021-09-10 18:10:00,TENX
1.45,1.45,1.43,1.43,900,2021-09-10 18:15:00,TENX
1.45,1.45,1.45,1.45,100,2021-09-10 18:20:00,TENX
1.46,1.46,1.46,1.46,100,2021-09-10 18:35:00,TENX
1.44,1.46,1.44,1.46,2000,2021-09-10 19:00:00,TENX
1.46,1.46,1.46,1.46,100,2021-09-10 19:05:00,TENX
1.44,1.44,1.42,1.42,1419,2021-09-10 19:20:00,TENX
1.4217,1.43,1.41,1.41,950,2021-09-10 19:30:00,TENX
1.41,1.41,1.41,1.41,100,2021-09-10 19:50:00,TENX
1.41,1.41,1.41,1.41,200,2021-09-10 19:55:00,TENX
1.42,1.42,1.42,1.42,128,2021-09-10 20:00:00,TENX
1.4,1.4173,1.4,1.4173,785,2021-09-13 13:30:00,TENX
1.4173,1.4173,1.4173,1.4173,1090,2021-09-13 13:35:00,TENX
1.4045,1.4045,1.4045,1.4045,1000,2021-09-13 13:45:00,TENX
1.406,1.41,1.4,1.4,2700,2021-09-13 13:55:00,TENX
1.4051,1.42,1.4,1.42,16979,2021-09-13 14:00:00,TENX
1.44,1.47,1.4,1.43,15511,2021-09-13 14:05:00,TENX
1.4699,1.4699,1.43,1.45,10500,2021-09-13 14:10:00,TENX
1.45,1.46,1.44,1.46,1600,2021-09-13 14:15:00,TENX
1.46,1.46,1.46,1.46,500,2021-09-13 14:20:00,TENX
1.445,1.48,1.44,1.465,9286,2021-09-13 14:25:00,TENX
1.43,1.4677,1.43,1.4301,4300,2021-09-13 14:30:00,TENX
1.46,1.46,1.43,1.45,4600,2021-09-13 14:35:00,TENX
1.46,1.47,1.439,1.47,35570,2021-09-13 14:40:00,TENX
1.49,1.49,1.48,1.48,3076,2021-09-13 14:45:00,TENX
1.45,1.5099,1.4447,1.5,16999,2021-09-13 14:50:00,TENX
1.51,1.54,1.48,1.495,15500,2021-09-13 14:55:00,TENX
1.51,1.54,1.495,1.54,7800,2021-09-13 15:00:00,TENX
1.525,1.5801,1.493,1.52,269969,2021-09-13 15:05:00,TENX
1.5001,1.6892,1.4801,1.62,325971,2021-09-13 15:10:00,TENX
1.6,1.67,1.5913,1.6503,73555,2021-09-13 15:15:00,TENX
1.65,1.6743,1.61,1.6699,63331,2021-09-13 15:20:00,TENX
1.67,1.85,1.66,1.79,349484,2021-09-13 15:25:00,TENX
1.7943,1.8,1.719,1.76,112192,2021-09-13 15:30:00,TENX
1.7499,1.77,1.71,1.7301,132761,2021-09-13 15:35:00,TENX
1.73,1.75,1.69,1.7,99543,2021-09-13 15:40:00,TENX
1.7,1.7,1.67,1.68,92334,2021-09-13 15:45:00,TENX
1.7096,1.73,1.67,1.68,94962,2021-09-13 15:50:00,TENX
1.685,1.685,1.67,1.67,37207,2021-09-13 15:55:00,TENX
1.67,1.7,1.67,1.685,21315,2021-09-13 16:00:00,TENX
1.685,1.7,1.62,1.62,98327,2021-09-13 16:05:00,TENX
1.6215,1.6699,1.61,1.61,40777,2021-09-13 16:10:00,TENX
1.62,1.6334,1.58,1.58,29924,2021-09-13 16:15:00,TENX
1.6,1.61,1.58,1.599,40842,2021-09-13 16:20:00,TENX
1.5999,1.61,1.59,1.6099,10535,2021-09-13 16:25:00,TENX
1.61,1.65,1.6,1.62,25360,2021-09-13 16:30:00,TENX
1.63,1.64,1.6,1.6,24100,2021-09-13 16:35:00,TENX
1.6001,1.61,1.6,1.6,3397,2021-09-13 16:40:00,TENX
1.62,1.62,1.6,1.6,4100,2021-09-13 16:45:00,TENX
1.6186,1.6186,1.61,1.61,300,2021-09-13 16:50:00,TENX
1.615,1.615,1.58,1.58,11249,2021-09-13 16:55:00,TENX
1.6099,1.6099,1.58,1.6049,2100,2021-09-13 17:00:00,TENX
1.6,1.62,1.6,1.61,8300,2021-09-13 17:05:00,TENX
1.59,1.62,1.59,1.62,11700,2021-09-13 17:10:00,TENX
1.62,1.62,1.59,1.6,6453,2021-09-13 17:15:00,TENX
1.58,1.6,1.58,1.595,800,2021-09-13 17:20:00,TENX
1.6095,1.61,1.6,1.6,5700,2021-09-13 17:25:00,TENX
1.61,1.61,1.6,1.61,3700,2021-09-13 17:30:00,TENX
1.6095,1.6095,1.6,1.6001,2420,2021-09-13 17:40:00,TENX
1.61,1.61,1.6094,1.6094,2500,2021-09-13 17:45:00,TENX
1.6044,1.6044,1.5907,1.5907,219,2021-09-13 17:50:00,TENX
1.6,1.6068,1.59,1.59,14235,2021-09-13 17:55:00,TENX
1.59,1.6081,1.59,1.6,13554,2021-09-13 18:00:00,TENX
1.6099,1.6099,1.59,1.59,5500,2021-09-13 18:05:00,TENX
1.6,1.6072,1.59,1.6072,4153,2021-09-13 18:10:00,TENX
1.61,1.61,1.6,1.6,11296,2021-09-13 18:15:00,TENX
1.605,1.6099,1.6,1.6,2222,2021-09-13 18:20:00,TENX
1.6,1.605,1.6,1.6,7933,2021-09-13 18:25:00,TENX
1.6099,1.6099,1.6099,1.6099,180,2021-09-13 18:30:00,TENX
1.6099,1.6099,1.6,1.6,4057,2021-09-13 18:35:00,TENX
1.5994,1.5994,1.53,1.53,23275,2021-09-13 18:40:00,TENX
1.55,1.5699,1.5423,1.5699,4891,2021-09-13 18:45:00,TENX
1.55,1.55,1.55,1.55,625,2021-09-13 18:50:00,TENX
1.55,1.55,1.54,1.54,1984,2021-09-13 18:55:00,TENX
1.54,1.553,1.54,1.553,994,2021-09-13 19:00:00,TENX
1.55,1.5501,1.53,1.54,2005,2021-09-13 19:05:00,TENX
1.55,1.55,1.5488,1.55,1500,2021-09-13 19:10:00,TENX
1.5494,1.5494,1.5318,1.5318,1471,2021-09-13 19:15:00,TENX
1.54,1.54,1.53,1.53,1532,2021-09-13 19:20:00,TENX
1.53,1.53,1.52,1.52,1318,2021-09-13 19:25:00,TENX
1.5273,1.5299,1.52,1.525,3496,2021-09-13 19:30:00,TENX
1.5299,1.5299,1.52,1.5299,6350,2021-09-13 19:35:00,TENX
1.5293,1.5293,1.525,1.525,952,2021-09-13 19:40:00,TENX
1.525,1.525,1.5,1.5045,28272,2021-09-13 19:45:00,TENX
1.51,1.51,1.5,1.5,3394,2021-09-13 19:50:00,TENX
1.5,1.5041,1.48,1.483,65046,2021-09-13 19:55:00,TENX
1.5,1.5,1.49,1.49,5780,2021-09-13 20:00:00,TENX
1.5,1.51,1.5,1.51,339,2021-09-13 20:10:00,TENX
1.51,1.51,1.51,1.51,865,2021-09-13 20:40:00,TENX
1.49,1.49,1.49,1.49,800,2021-09-13 20:45:00,TENX
1.5,1.5,1.5,1.5,250,2021-09-13 21:25:00,TENX
1.51,1.52,1.51,1.52,977,2021-09-13 21:30:00,TENX
1.5,1.5,1.49,1.49,625,2021-09-13 21:45:00,TENX
1.49,1.49,1.49,1.49,300,2021-09-13 21:55:00,TENX
1.5,1.5,1.47,1.48,2900,2021-09-14 08:30:00,TENX
1.47,1.47,1.47,1.47,178,2021-09-14 09:50:00,TENX
1.53,1.53,1.53,1.53,300,2021-09-14 10:30:00,TENX
1.5,1.53,1.5,1.5,300,2021-09-14 11:00:00,TENX
1.48,1.48,1.47,1.47,956,2021-09-14 11:05:00,TENX
1.46,1.46,1.45,1.45,710,2021-09-14 11:35:00,TENX
1.49,1.49,1.47,1.48,893,2021-09-14 13:25:00,TENX
1.44,1.5,1.4301,1.5,30711,2021-09-14 13:30:00,TENX
1.4505,1.5146,1.4443,1.5146,15005,2021-09-14 13:35:00,TENX
1.51,1.51,1.5,1.5004,7748,2021-09-14 13:45:00,TENX
1.5001,1.505,1.5001,1.505,400,2021-09-14 13:50:00,TENX
1.51,1.51,1.45,1.455,9584,2021-09-14 13:55:00,TENX
1.441,1.47,1.44,1.45,5466,2021-09-14 14:00:00,TENX
1.45,1.46,1.43,1.46,1501,2021-09-14 14:05:00,TENX
1.45,1.45,1.45,1.45,100,2021-09-14 14:15:00,TENX
1.43,1.43,1.43,1.43,100,2021-09-14 14:20:00,TENX
1.45,1.45,1.45,1.45,200,2021-09-14 14:25:00,TENX
1.4496,1.4499,1.43,1.4301,1376,2021-09-14 14:35:00,TENX
1.43,1.43,1.43,1.43,150,2021-09-14 14:40:00,TENX
1.43,1.43,1.43,1.43,100,2021-09-14 14:45:00,TENX
1.45,1.45,1.43,1.44,2086,2021-09-14 14:50:00,TENX
1.44,1.44,1.4302,1.4302,6432,2021-09-14 14:55:00,TENX
1.4395,1.4405,1.4395,1.4405,4273,2021-09-14 15:00:00,TENX
1.442,1.45,1.44,1.45,1600,2021-09-14 15:05:00,TENX
1.45,1.45,1.45,1.45,1685,2021-09-14 15:10:00,TENX
1.47,1.47,1.47,1.47,200,2021-09-14 15:25:00,TENX
1.45,1.45,1.43,1.4301,21909,2021-09-14 15:30:00,TENX
1.4472,1.4472,1.4472,1.4472,100,2021-09-14 15:35:00,TENX
1.45,1.45,1.4485,1.4499,400,2021-09-14 15:50:00,TENX
1.4499,1.4499,1.4499,1.4499,100,2021-09-14 16:00:00,TENX
1.4349,1.4349,1.4349,1.4349,200,2021-09-14 16:05:00,TENX
1.445,1.45,1.445,1.45,700,2021-09-14 16:10:00,TENX
1.4449,1.4449,1.43,1.43,1024,2021-09-14 16:20:00,TENX
1.43,1.435,1.4,1.4,12708,2021-09-14 16:25:00,TENX
1.41,1.41,1.41,1.41,3281,2021-09-14 16:30:00,TENX
1.39,1.39,1.3819,1.3819,488,2021-09-14 16:40:00,TENX
1.38,1.4099,1.38,1.4069,850,2021-09-14 16:45:00,TENX
1.3801,1.3801,1.3801,1.3801,1500,2021-09-14 16:55:00,TENX
1.3985,1.3985,1.3985,1.3985,100,2021-09-14 17:05:00,TENX
1.4,1.4,1.3999,1.3999,200,2021-09-14 17:15:00,TENX
1.39,1.39,1.39,1.39,400,2021-09-14 17:20:00,TENX
1.3973,1.3973,1.3973,1.3973,200,2021-09-14 17:30:00,TENX
1.39,1.39,1.39,1.39,100,2021-09-14 17:45:00,TENX
1.3995,1.3995,1.398,1.398,1414,2021-09-14 17:50:00,TENX
1.3922,1.3922,1.39,1.39,2241,2021-09-14 18:10:00,TENX
1.3973,1.3982,1.39,1.39,400,2021-09-14 18:15:00,TENX
1.3993,1.3993,1.39,1.3901,979,2021-09-14 18:25:00,TENX
1.4,1.4,1.4,1.4,300,2021-09-14 18:30:00,TENX
1.39,1.39,1.39,1.39,600,2021-09-14 18:35:00,TENX
1.39,1.39,1.39,1.39,100,2021-09-14 18:40:00,TENX
1.39,1.3957,1.38,1.3957,3540,2021-09-14 18:55:00,TENX
1.39,1.4,1.39,1.39,4439,2021-09-14 19:05:00,TENX
1.385,1.385,1.38,1.38,400,2021-09-14 19:10:00,TENX
1.38,1.385,1.38,1.385,1216,2021-09-14 19:20:00,TENX
1.39,1.4,1.39,1.39,4082,2021-09-14 19:25:00,TENX
1.4,1.4,1.39,1.4,3628,2021-09-14 19:30:00,TENX
1.4,1.4,1.4,1.4,2650,2021-09-14 19:35:00,TENX
1.4,1.4,1.3839,1.3839,2301,2021-09-14 19:40:00,TENX
1.3899,1.39,1.38,1.39,2100,2021-09-14 19:50:00,TENX
1.39,1.4,1.38,1.38,12399,2021-09-14 19:55:00,TENX
1.4,1.4,1.4,1.4,1090,2021-09-14 20:00:00,TENX
1.48,1.48,1.48,1.48,100,2021-09-14 21:20:00,TENX
1.48,1.48,1.47,1.47,457,2021-09-14 21:50:00,TENX
1.4,1.4,1.4,1.4,2000,2021-09-14 22:05:00,TENX
1.41,1.42,1.41,1.4151,1594,2021-09-15 13:30:00,TENX
1.42,1.42,1.4173,1.4173,3600,2021-09-15 13:35:00,TENX
1.4185,1.42,1.4185,1.42,600,2021-09-15 13:45:00,TENX
1.43,1.44,1.43,1.44,565,2021-09-15 13:50:00,TENX
1.4301,1.4301,1.4301,1.4301,181,2021-09-15 13:55:00,TENX
1.43,1.44,1.41,1.41,19066,2021-09-15 14:00:00,TENX
1.425,1.425,1.41,1.41,1600,2021-09-15 14:05:00,TENX
1.4132,1.43,1.4,1.42,1500,2021-09-15 14:10:00,TENX
1.42,1.42,1.4168,1.4168,1408,2021-09-15 14:20:00,TENX
1.42,1.42,1.42,1.42,300,2021-09-15 14:30:00,TENX
1.4219,1.43,1.4219,1.43,879,2021-09-15 14:35:00,TENX
1.4202,1.44,1.4202,1.44,872,2021-09-15 14:40:00,TENX
1.4399,1.4399,1.4399,1.4399,100,2021-09-15 14:50:00,TENX
1.4224,1.4224,1.4224,1.4224,100,2021-09-15 15:10:00,TENX
1.44,1.44,1.43,1.44,1300,2021-09-15 15:15:00,TENX
1.43,1.43,1.43,1.43,100,2021-09-15 15:50:00,TENX
1.42,1.42,1.42,1.42,595,2021-09-15 16:00:00,TENX
1.4288,1.4288,1.4288,1.4288,347,2021-09-15 16:05:00,TENX
1.41,1.42,1.41,1.41,1211,2021-09-15 16:10:00,TENX
1.4138,1.4138,1.4138,1.4138,170,2021-09-15 16:35:00,TENX
1.42,1.42,1.42,1.42,4200,2021-09-15 16:45:00,TENX
1.43,1.43,1.42,1.425,400,2021-09-15 16:50:00,TENX
1.4255,1.4255,1.425,1.425,1600,2021-09-15 16:55:00,TENX
1.42,1.425,1.42,1.425,2100,2021-09-15 17:00:00,TENX
1.42,1.42,1.42,1.42,1344,2021-09-15 17:20:00,TENX
1.4201,1.4201,1.42,1.42,1800,2021-09-15 17:25:00,TENX
1.42,1.42,1.42,1.42,200,2021-09-15 17:30:00,TENX
1.42,1.42,1.41,1.41,940,2021-09-15 17:35:00,TENX
1.415,1.415,1.415,1.415,100,2021-09-15 17:55:00,TENX
1.4116,1.42,1.4,1.41,8500,2021-09-15 18:00:00,TENX
1.4,1.4,1.4,1.4,798,2021-09-15 18:05:00,TENX
1.4,1.4,1.38,1.39,2807,2021-09-15 18:20:00,TENX
1.39,1.39,1.39,1.39,100,2021-09-15 18:25:00,TENX
1.3842,1.3842,1.3842,1.3842,183,2021-09-15 18:30:00,TENX
1.39,1.39,1.39,1.39,200,2021-09-15 18:35:00,TENX
1.3906,1.3906,1.3906,1.3906,400,2021-09-15 19:00:00,TENX
1.4,1.4,1.3997,1.4,2916,2021-09-15 19:05:00,TENX
1.4,1.4,1.4,1.4,100,2021-09-15 19:10:00,TENX
1.4,1.4,1.395,1.4,16684,2021-09-15 19:20:00,TENX
1.4,1.4,1.39,1.4,29079,2021-09-15 19:25:00,TENX
1.42,1.42,1.39,1.4,64972,2021-09-15 19:30:00,TENX
1.39,1.4,1.39,1.39,4500,2021-09-15 19:40:00,TENX
1.3813,1.3813,1.38,1.38,1066,2021-09-15 19:45:00,TENX
1.3801,1.39,1.37,1.37,7193,2021-09-15 19:50:00,TENX
1.37,1.38,1.35,1.36,19436,2021-09-15 19:55:00,TENX
1.38,1.38,1.38,1.38,4811,2021-09-15 20:00:00,TENX
1.38,1.38,1.37,1.37,200,2021-09-15 23:50:00,TENX
1.36,1.36,1.36,1.36,100,2021-09-16 12:00:00,TENX
1.38,1.38,1.37,1.37,10361,2021-09-16 13:30:00,TENX
1.36,1.3683,1.36,1.36,500,2021-09-16 13:35:00,TENX
1.36,1.36,1.36,1.36,200,2021-09-16 13:40:00,TENX
1.3692,1.3692,1.3692,1.3692,100,2021-09-16 13:45:00,TENX
1.365,1.3696,1.36,1.36,16805,2021-09-16 13:50:00,TENX
1.3699,1.3699,1.3699,1.3699,367,2021-09-16 14:00:00,TENX
1.35,1.35,1.35,1.35,200,2021-09-16 14:05:00,TENX
1.35,1.35,1.35,1.35,100,2021-09-16 14:15:00,TENX
1.35,1.35,1.35,1.35,100,2021-09-16 14:20:00,TENX
1.35,1.35,1.35,1.35,102,2021-09-16 14:35:00,TENX
1.3539,1.3539,1.35,1.35,2000,2021-09-16 14:50:00,TENX
1.35,1.35,1.35,1.35,3264,2021-09-16 15:05:00,TENX
1.35,1.3501,1.33,1.338,3635,2021-09-16 15:10:00,TENX
1.32,1.33,1.32,1.33,700,2021-09-16 15:15:00,TENX
1.33,1.33,1.33,1.33,200,2021-09-16 15:20:00,TENX
1.34,1.34,1.34,1.34,3000,2021-09-16 15:35:00,TENX
1.3299,1.3299,1.3299,1.3299,100,2021-09-16 15:45:00,TENX
1.3206,1.3206,1.3206,1.3206,500,2021-09-16 15:55:00,TENX
1.3299,1.3299,1.32,1.32,2300,2021-09-16 16:05:00,TENX
1.325,1.325,1.325,1.325,100,2021-09-16 16:10:00,TENX
1.3239,1.3239,1.3239,1.3239,183,2021-09-16 16:15:00,TENX
1.325,1.325,1.325,1.325,100,2021-09-16 16:25:00,TENX
1.3207,1.3207,1.3207,1.3207,188,2021-09-16 16:30:00,TENX
1.3299,1.3299,1.32,1.32,3287,2021-09-16 16:40:00,TENX
1.3297,1.3297,1.32,1.32,1700,2021-09-16 16:50:00,TENX
1.32,1.32,1.32,1.32,478,2021-09-16 17:05:00,TENX
1.3241,1.3241,1.32,1.32,375,2021-09-16 17:10:00,TENX
1.3293,1.3293,1.32,1.32,2971,2021-09-16 17:20:00,TENX
1.3041,1.32,1.3009,1.32,4279,2021-09-16 17:25:00,TENX
1.325,1.325,1.325,1.325,500,2021-09-16 17:30:00,TENX
1.325,1.325,1.325,1.325,1100,2021-09-16 17:35:00,TENX
1.33,1.33,1.32,1.32,12100,2021-09-16 17:45:00,TENX
1.32,1.32,1.32,1.32,123,2021-09-16 17:50:00,TENX
1.33,1.33,1.33,1.33,600,2021-09-16 17:55:00,TENX
1.3235,1.325,1.3235,1.325,700,2021-09-16 18:00:00,TENX
1.32,1.3271,1.32,1.326,950,2021-09-16 18:05:00,TENX
1.32,1.32,1.32,1.32,400,2021-09-16 18:15:00,TENX
1.3299,1.3299,1.3292,1.3292,300,2021-09-16 18:30:00,TENX
1.3287,1.3287,1.3287,1.3287,150,2021-09-16 18:40:00,TENX
1.325,1.33,1.325,1.33,2894,2021-09-16 18:50:00,TENX
1.33,1.33,1.33,1.33,500,2021-09-16 18:55:00,TENX
1.3299,1.3299,1.3299,1.3299,810,2021-09-16 19:20:00,TENX
1.32,1.33,1.32,1.33,1800,2021-09-16 19:30:00,TENX
1.3299,1.3299,1.32,1.32,1350,2021-09-16 19:35:00,TENX
1.325,1.325,1.3,1.3,11400,2021-09-16 19:40:00,TENX
1.32,1.33,1.3,1.33,3050,2021-09-16 19:50:00,TENX
1.32,1.3294,1.31,1.31,2900,2021-09-16 19:55:00,TENX
1.32,1.32,1.32,1.32,711,2021-09-16 20:00:00,TENX
1.32,1.33,1.32,1.33,775,2021-09-17 13:30:00,TENX
1.34,1.34,1.34,1.34,130,2021-09-17 13:35:00,TENX
1.338,1.338,1.338,1.338,160,2021-09-17 13:45:00,TENX
1.33,1.33,1.33,1.33,600,2021-09-17 13:55:00,TENX
1.33,1.33,1.31,1.3266,16200,2021-09-17 14:00:00,TENX
1.31,1.31,1.31,1.31,1100,2021-09-17 14:25:00,TENX
1.31,1.31,1.31,1.31,100,2021-09-17 14:35:00,TENX
1.32,1.3217,1.31,1.31,1688,2021-09-17 15:00:00,TENX
1.31,1.31,1.31,1.31,100,2021-09-17 15:15:00,TENX
1.3101,1.3101,1.3101,1.3101,200,2021-09-17 15:20:00,TENX
1.31,1.31,1.31,1.31,4400,2021-09-17 15:50:00,TENX
1.31,1.31,1.31,1.31,100,2021-09-17 15:55:00,TENX
1.32,1.32,1.32,1.32,270,2021-09-17 16:25:00,TENX
1.31,1.31,1.31,1.31,200,2021-09-17 16:30:00,TENX
1.32,1.32,1.32,1.32,350,2021-09-17 17:20:00,TENX
1.3,1.31,1.3,1.3,5545,2021-09-17 17:45:00,TENX
1.32,1.32,1.32,1.32,100,2021-09-17 17:55:00,TENX
1.32,1.32,1.32,1.32,100,2021-09-17 18:00:00,TENX
1.3101,1.3101,1.3101,1.3101,400,2021-09-17 18:55:00,TENX
1.32,1.32,1.31,1.31,300,2021-09-17 19:15:00,TENX
1.32,1.32,1.32,1.32,303,2021-09-17 19:20:00,TENX
1.3204,1.3204,1.3204,1.3204,116,2021-09-17 19:30:00,TENX
1.34,1.35,1.33,1.33,1797,2021-09-17 19:55:00,TENX
1.37,1.37,1.37,1.37,16604,2021-09-17 20:00:00,TENX
1.37,1.37,1.37,1.37,310,2021-09-17 23:45:00,TENX
1.31,1.31,1.31,1.31,427,2021-09-20 12:10:00,TENX
1.31,1.31,1.31,1.31,500,2021-09-20 12:45:00,TENX
1.3,1.3101,1.3,1.3101,1399,2021-09-20 13:30:00,TENX
1.3127,1.3127,1.3127,1.3127,200,2021-09-20 13:35:00,TENX
1.32,1.32,1.3,1.3,2875,2021-09-20 13:50:00,TENX
1.34,1.35,1.34,1.35,300,2021-09-20 14:00:00,TENX
1.3407,1.3493,1.3407,1.3493,200,2021-09-20 14:15:00,TENX
1.34,1.35,1.3101,1.3101,2011,2021-09-20 14:20:00,TENX
1.31,1.3102,1.3,1.3,2295,2021-09-20 14:35:00,TENX
1.32,1.33,1.29,1.3036,33672,2021-09-20 14:45:00,TENX
1.3,1.3,1.3,1.3,200,2021-09-20 14:50:00,TENX
1.3173,1.318,1.3173,1.318,1000,2021-09-20 15:20:00,TENX
1.31,1.31,1.3,1.3,1200,2021-09-20 15:35:00,TENX
1.305,1.305,1.305,1.305,100,2021-09-20 15:40:00,TENX
1.305,1.305,1.3,1.3,1200,2021-09-20 15:50:00,TENX
1.3004,1.3004,1.3004,1.3004,1000,2021-09-20 16:00:00,TENX
1.308,1.308,1.308,1.308,300,2021-09-20 16:05:00,TENX
1.3,1.3,1.3,1.3,100,2021-09-20 16:10:00,TENX
1.3,1.3,1.3,1.3,100,2021-09-20 16:20:00,TENX
1.3,1.3,1.3,1.3,302,2021-09-20 16:25:00,TENX
1.3,1.3001,1.3,1.3001,200,2021-09-20 16:50:00,TENX
1.3,1.3,1.3,1.3,3300,2021-09-20 16:55:00,TENX
1.3097,1.3097,1.3,1.3,4275,2021-09-20 17:00:00,TENX
1.305,1.305,1.29,1.29,2395,2021-09-20 17:20:00,TENX
1.29,1.2947,1.29,1.29,2611,2021-09-20 17:45:00,TENX
1.29,1.29,1.29,1.29,100,2021-09-20 17:50:00,TENX
1.295,1.295,1.295,1.295,300,2021-09-20 18:05:00,TENX
1.29,1.29,1.29,1.29,100,2021-09-20 18:10:00,TENX
1.29,1.3,1.29,1.3,655,2021-09-20 18:20:00,TENX
1.295,1.3,1.295,1.3,1400,2021-09-20 18:40:00,TENX
1.2905,1.2993,1.2905,1.2993,1193,2021-09-20 18:45:00,TENX
1.2999,1.2999,1.2999,1.2999,1000,2021-09-20 18:55:00,TENX
1.29,1.29,1.282,1.282,1295,2021-09-20 19:05:00,TENX
1.2837,1.2837,1.28,1.28,600,2021-09-20 19:15:00,TENX
1.28,1.28,1.26,1.28,7758,2021-09-20 19:20:00,TENX
1.28,1.28,1.28,1.28,200,2021-09-20 19:25:00,TENX
1.2893,1.2893,1.2893,1.2893,290,2021-09-20 19:30:00,TENX
1.2868,1.2868,1.2868,1.2868,800,2021-09-20 19:35:00,TENX
1.275,1.275,1.275,1.275,200,2021-09-20 19:45:00,TENX
1.2815,1.3,1.2815,1.3,2792,2021-09-20 19:55:00,TENX
1.28,1.28,1.28,1.28,4603,2021-09-20 20:00:00,TENX
1.39,1.39,1.39,1.39,394,2021-09-20 21:05:00,TENX
1.3764,1.3764,1.3764,1.3764,199,2021-09-21 13:10:00,TENX
1.3,1.3,1.3,1.3,742,2021-09-21 13:30:00,TENX
1.2924,1.2924,1.2924,1.2924,500,2021-09-21 13:45:00,TENX
1.2994,1.2994,1.29,1.2901,1304,2021-09-21 13:50:00,TENX
1.28,1.2833,1.28,1.2833,1400,2021-09-21 14:00:00,TENX
1.2868,1.288,1.27,1.27,400,2021-09-21 14:05:00,TENX
1.275,1.275,1.275,1.275,100,2021-09-21 14:20:00,TENX
1.2884,1.2899,1.2884,1.2899,300,2021-09-21 14:30:00,TENX
1.2899,1.2899,1.2899,1.2899,700,2021-09-21 14:40:00,TENX
1.285,1.285,1.285,1.285,200,2021-09-21 14:50:00,TENX
1.2899,1.2899,1.2899,1.2899,400,2021-09-21 14:55:00,TENX
1.2899,1.2899,1.28,1.2893,2320,2021-09-21 15:00:00,TENX
1.285,1.285,1.285,1.285,100,2021-09-21 15:10:00,TENX
1.28,1.28,1.28,1.28,100,2021-09-21 15:15:00,TENX
1.285,1.285,1.285,1.285,245,2021-09-21 15:25:00,TENX
1.2899,1.29,1.27,1.27,5500,2021-09-21 15:30:00,TENX
1.28,1.28,1.26,1.26,10363,2021-09-21 15:35:00,TENX
1.265,1.27,1.265,1.265,1013,2021-09-21 15:40:00,TENX
1.265,1.27,1.265,1.27,1400,2021-09-21 15:45:00,TENX
1.2706,1.2706,1.2706,1.2706,1000,2021-09-21 16:10:00,TENX
1.28,1.28,1.2718,1.272,1100,2021-09-21 16:15:00,TENX
1.27,1.27,1.27,1.27,100,2021-09-21 16:35:00,TENX
1.2709,1.2709,1.2709,1.2709,100,2021-09-21 16:40:00,TENX
1.2704,1.2704,1.26,1.26,7487,2021-09-21 16:45:00,TENX
1.26,1.26,1.26,1.26,100,2021-09-21 17:05:00,TENX
1.2693,1.2693,1.2693,1.2693,150,2021-09-21 17:25:00,TENX
1.26,1.26,1.26,1.26,200,2021-09-21 18:10:00,TENX
1.2673,1.2684,1.2673,1.2684,400,2021-09-21 19:00:00,TENX
1.26,1.2605,1.25,1.25,1520,2021-09-21 19:05:00,TENX
1.27,1.27,1.27,1.27,100,2021-09-21 19:10:00,TENX
1.25,1.25,1.25,1.25,100,2021-09-21 19:15:00,TENX
1.27,1.27,1.27,1.27,280,2021-09-21 19:30:00,TENX
1.2668,1.2668,1.2668,1.2668,100,2021-09-21 19:35:00,TENX
1.26,1.26,1.26,1.26,200,2021-09-21 19:40:00,TENX
1.25,1.25,1.25,1.25,1670,2021-09-21 19:50:00,TENX
1.25,1.25,1.24,1.24,1709,2021-09-21 19:55:00,TENX
1.23,1.23,1.23,1.23,8656,2021-09-21 20:00:00,TENX
1.29,1.29,1.29,1.29,418,2021-09-21 20:05:00,TENX
1.22,1.22,1.22,1.22,1137,2021-09-21 20:35:00,TENX
1.27,1.27,1.27,1.27,9416,2021-09-22 13:30:00,TENX
1.275,1.275,1.275,1.275,100,2021-09-22 13:35:00,TENX
1.269,1.28,1.269,1.28,2000,2021-09-22 13:45:00,TENX
1.2768,1.2768,1.2768,1.2768,400,2021-09-22 13:55:00,TENX
1.24,1.27,1.23,1.27,696,2021-09-22 14:00:00,TENX
1.2687,1.2687,1.2687,1.2687,485,2021-09-22 14:10:00,TENX
1.2689,1.2689,1.2689,1.2689,535,2021-09-22 14:15:00,TENX
1.27,1.27,1.27,1.27,988,2021-09-22 14:20:00,TENX
1.28,1.28,1.25,1.25,300,2021-09-22 14:25:00,TENX
1.279,1.279,1.2764,1.278,1000,2021-09-22 14:40:00,TENX
1.26,1.26,1.26,1.26,3294,2021-09-22 14:45:00,TENX
1.2699,1.2699,1.2699,1.2699,1000,2021-09-22 15:20:00,TENX
1.2653,1.2653,1.2653,1.2653,500,2021-09-22 15:30:00,TENX
1.26,1.26,1.26,1.26,100,2021-09-22 15:40:00,TENX
1.26,1.26,1.26,1.26,100,2021-09-22 15:45:00,TENX
1.26,1.26,1.26,1.26,100,2021-09-22 15:55:00,TENX
1.26,1.26,1.26,1.26,900,2021-09-22 16:00:00,TENX
1.25,1.25,1.25,1.25,688,2021-09-22 16:10:00,TENX
1.2699,1.27,1.25,1.25,7200,2021-09-22 16:15:00,TENX
1.2695,1.27,1.2499,1.2499,13475,2021-09-22 16:20:00,TENX
1.2499,1.25,1.24,1.24,12969,2021-09-22 16:25:00,TENX
1.2508,1.26,1.25,1.2598,1160,2021-09-22 16:30:00,TENX
1.26,1.26,1.26,1.26,153,2021-09-22 16:35:00,TENX
1.25,1.25,1.25,1.25,100,2021-09-22 16:50:00,TENX
1.25,1.25,1.25,1.25,1700,2021-09-22 17:05:00,TENX
1.27,1.27,1.24,1.24,6390,2021-09-22 17:10:00,TENX
1.248,1.248,1.248,1.248,105,2021-09-22 17:15:00,TENX
1.255,1.255,1.255,1.255,122,2021-09-22 17:20:00,TENX
1.26,1.26,1.24,1.24,1190,2021-09-22 17:35:00,TENX
1.24,1.25,1.24,1.25,1100,2021-09-22 17:50:00,TENX
1.25,1.255,1.25,1.255,300,2021-09-22 18:10:00,TENX
1.2501,1.2501,1.2501,1.2501,100,2021-09-22 18:15:00,TENX
1.25,1.25,1.25,1.25,100,2021-09-22 18:30:00,TENX
1.24,1.24,1.24,1.24,100,2021-09-22 18:40:00,TENX
1.26,1.26,1.26,1.26,100,2021-09-22 18:50:00,TENX
1.25,1.25,1.25,1.25,245,2021-09-22 18:55:00,TENX
1.2562,1.2562,1.2562,1.2562,259,2021-09-22 19:00:00,TENX
1.255,1.255,1.255,1.255,200,2021-09-22 19:10:00,TENX
1.255,1.255,1.255,1.255,100,2021-09-22 19:20:00,TENX
1.2584,1.2584,1.2584,1.2584,160,2021-09-22 19:25:00,TENX
1.26,1.26,1.26,1.26,290,2021-09-22 19:30:00,TENX
1.26,1.26,1.255,1.255,345,2021-09-22 19:35:00,TENX
1.255,1.255,1.255,1.255,100,2021-09-22 19:45:00,TENX
1.25,1.26,1.25,1.26,400,2021-09-22 19:55:00,TENX
1.27,1.27,1.27,1.27,3758,2021-09-22 20:00:00,TENX
1.27,1.27,1.27,1.27,474,2021-09-23 13:30:00,TENX
1.255,1.255,1.255,1.255,500,2021-09-23 14:00:00,TENX
1.2402,1.2402,1.2402,1.2402,1005,2021-09-23 14:05:00,TENX
1.26,1.26,1.24,1.24,1100,2021-09-23 14:10:00,TENX
1.25,1.25,1.25,1.25,1445,2021-09-23 14:30:00,TENX
1.26,1.26,1.26,1.26,100,2021-09-23 14:40:00,TENX
1.26,1.26,1.25,1.26,1566,2021-09-23 14:50:00,TENX
1.26,1.26,1.26,1.26,100,2021-09-23 14:55:00,TENX
1.26,1.26,1.26,1.26,800,2021-09-23 15:05:00,TENX
1.27,1.27,1.26,1.26,2800,2021-09-23 15:10:00,TENX
1.26,1.26,1.26,1.26,100,2021-09-23 15:15:00,TENX
1.26,1.26,1.25,1.26,1800,2021-09-23 15:20:00,TENX
1.2773,1.2795,1.2773,1.2795,1000,2021-09-23 15:40:00,TENX
1.275,1.275,1.26,1.26,3000,2021-09-23 16:10:00,TENX
1.265,1.27,1.265,1.27,213,2021-09-23 16:15:00,TENX
1.26,1.26,1.26,1.26,100,2021-09-23 16:25:00,TENX
1.2673,1.29,1.2673,1.2802,3907,2021-09-23 16:35:00,TENX
1.2701,1.275,1.27,1.275,5099,2021-09-23 17:25:00,TENX
1.275,1.275,1.275,1.275,200,2021-09-23 17:30:00,TENX
1.275,1.28,1.27,1.28,2300,2021-09-23 17:45:00,TENX
1.2795,1.2795,1.2795,1.2795,500,2021-09-23 17:55:00,TENX
1.275,1.275,1.275,1.275,200,2021-09-23 18:05:00,TENX
1.28,1.28,1.2773,1.2786,1000,2021-09-23 18:35:00,TENX
1.28,1.28,1.28,1.28,1000,2021-09-23 19:20:00,TENX
1.27,1.28,1.27,1.27,2875,2021-09-23 19:30:00,TENX
1.275,1.275,1.275,1.275,610,2021-09-23 19:35:00,TENX
1.28,1.29,1.27,1.29,700,2021-09-23 19:40:00,TENX
1.28,1.28,1.28,1.28,100,2021-09-23 19:45:00,TENX
1.28,1.28,1.2775,1.2775,405,2021-09-23 19:50:00,TENX
1.28,1.28,1.2775,1.28,5504,2021-09-23 19:55:00,TENX
1.28,1.28,1.28,1.28,173,2021-09-23 20:00:00,TENX
1.28,1.28,1.27,1.27,1540,2021-09-24 12:10:00,TENX
1.27,1.27,1.265,1.265,401,2021-09-24 13:30:00,TENX
1.2889,1.2889,1.28,1.28,2200,2021-09-24 13:45:00,TENX
1.27,1.27,1.26,1.26,5989,2021-09-24 13:50:00,TENX
1.26,1.26,1.26,1.26,100,2021-09-24 13:55:00,TENX
1.25,1.26,1.25,1.26,400,2021-09-24 14:10:00,TENX
1.27,1.27,1.26,1.26,23400,2021-09-24 14:25:00,TENX
1.27,1.27,1.26,1.26,2000,2021-09-24 14:30:00,TENX
1.27,1.27,1.27,1.27,2100,2021-09-24 14:35:00,TENX
1.26,1.27,1.26,1.27,1000,2021-09-24 14:40:00,TENX
1.27,1.27,1.26,1.26,1500,2021-09-24 14:45:00,TENX
1.265,1.27,1.26,1.265,11700,2021-09-24 14:55:00,TENX
1.268,1.268,1.268,1.268,100,2021-09-24 15:05:00,TENX
1.2645,1.2645,1.2645,1.2645,200,2021-09-24 15:15:00,TENX
1.27,1.27,1.27,1.27,2000,2021-09-24 15:25:00,TENX
1.27,1.27,1.265,1.27,2510,2021-09-24 15:35:00,TENX
1.27,1.27,1.265,1.27,600,2021-09-24 15:45:00,TENX
1.26,1.27,1.26,1.2684,1400,2021-09-24 15:55:00,TENX
1.27,1.27,1.27,1.27,100,2021-09-24 16:00:00,TENX
1.27,1.27,1.265,1.265,1600,2021-09-24 16:05:00,TENX
1.27,1.27,1.265,1.27,12905,2021-09-24 16:10:00,TENX
1.28,1.28,1.28,1.28,100,2021-09-24 16:20:00,TENX
1.28,1.2858,1.28,1.2858,700,2021-09-24 16:25:00,TENX
1.28,1.28,1.28,1.28,1200,2021-09-24 16:40:00,TENX
1.28,1.285,1.28,1.28,18200,2021-09-24 16:50:00,TENX
1.28,1.28,1.28,1.28,100,2021-09-24 17:00:00,TENX
1.28,1.2801,1.28,1.28,9499,2021-09-24 17:40:00,TENX
1.28,1.28,1.28,1.28,100,2021-09-24 17:45:00,TENX
1.27,1.27,1.27,1.27,100,2021-09-24 18:05:00,TENX
1.29,1.29,1.28,1.29,700,2021-09-24 18:20:00,TENX
1.29,1.31,1.29,1.3,5400,2021-09-24 18:25:00,TENX
1.2813,1.2813,1.2813,1.2813,150,2021-09-24 18:30:00,TENX
1.3,1.31,1.3,1.31,2785,2021-09-24 18:35:00,TENX
1.31,1.31,1.31,1.31,900,2021-09-24 18:40:00,TENX
1.31,1.31,1.31,1.31,300,2021-09-24 18:45:00,TENX
1.31,1.31,1.31,1.31,800,2021-09-24 18:55:00,TENX
1.31,1.32,1.31,1.32,3100,2021-09-24 19:00:00,TENX
1.32,1.32,1.31,1.32,6600,2021-09-24 19:05:00,TENX
1.32,1.32,1.32,1.32,100,2021-09-24 19:15:00,TENX
1.32,1.32,1.32,1.32,2400,2021-09-24 19:20:00,TENX
1.34,1.34,1.3121,1.325,46360,2021-09-24 19:25:00,TENX
1.34,1.34,1.34,1.34,100,2021-09-24 19:30:00,TENX
1.34,1.34,1.34,1.34,100,2021-09-24 19:35:00,TENX
1.3201,1.34,1.3201,1.33,2963,2021-09-24 19:40:00,TENX
1.335,1.34,1.335,1.335,1449,2021-09-24 19:45:00,TENX
1.34,1.35,1.34,1.34,14399,2021-09-24 19:50:00,TENX
1.3353,1.38,1.3353,1.365,7336,2021-09-24 19:55:00,TENX
1.35,1.35,1.35,1.35,246,2021-09-24 20:00:00,TENX
