open,high,low,close,volume,datetime,symbol
5.41,5.41,5.41,5.41,600,2021-07-06 11:59:00,CGRN
5.4,5.4,5.4,5.4,410,2021-07-06 12:00:00,CGRN
5.36,5.36,5.36,5.36,321,2021-07-06 12:03:00,CGRN
5.35,5.37,5.35,5.35,3483,2021-07-06 12:09:00,CGRN
5.42,5.42,5.42,5.42,300,2021-07-06 12:45:00,CGRN
5.45,5.45,5.45,5.45,100,2021-07-06 13:22:00,CGRN
5.45,5.47,5.45,5.46,5117,2021-07-06 13:30:00,CGRN
5.4516,5.4516,5.4516,5.4516,280,2021-07-06 13:34:00,CGRN
5.45,5.45,5.44,5.44,935,2021-07-06 13:36:00,CGRN
5.43,5.43,5.43,5.43,2103,2021-07-06 13:37:00,CGRN
5.4399,5.4399,5.4399,5.4399,2700,2021-07-06 13:38:00,CGRN
5.4004,5.4004,5.4004,5.4004,100,2021-07-06 13:39:00,CGRN
5.38,5.38,5.38,5.38,500,2021-07-06 13:41:00,CGRN
5.4,5.4,5.4,5.4,100,2021-07-06 13:50:00,CGRN
5.3685,5.3685,5.3682,5.3682,235,2021-07-06 13:51:00,CGRN
5.36,5.38,5.3553,5.3553,2300,2021-07-06 13:52:00,CGRN
5.3538,5.36,5.3538,5.36,600,2021-07-06 13:53:00,CGRN
5.365,5.365,5.365,5.365,500,2021-07-06 13:54:00,CGRN
5.37,5.37,5.37,5.37,200,2021-07-06 13:55:00,CGRN
5.36,5.36,5.36,5.36,199,2021-07-06 13:56:00,CGRN
5.3945,5.3945,5.3945,5.3945,1000,2021-07-06 14:02:00,CGRN
5.3766,5.39,5.3766,5.39,1100,2021-07-06 14:03:00,CGRN
5.36,5.3648,5.32,5.32,12611,2021-07-06 14:04:00,CGRN
5.3214,5.3214,5.3214,5.3214,1000,2021-07-06 14:06:00,CGRN
5.3308,5.3308,5.3308,5.3308,454,2021-07-06 14:08:00,CGRN
5.32,5.32,5.31,5.31,4947,2021-07-06 14:09:00,CGRN
5.3008,5.3008,5.3008,5.3008,950,2021-07-06 14:10:00,CGRN
5.31,5.3182,5.3,5.3182,2079,2021-07-06 14:11:00,CGRN
5.34,5.34,5.34,5.34,248,2021-07-06 14:16:00,CGRN
5.35,5.35,5.35,5.35,300,2021-07-06 14:17:00,CGRN
5.36,5.36,5.36,5.36,100,2021-07-06 14:20:00,CGRN
5.37,5.37,5.37,5.37,240,2021-07-06 14:22:00,CGRN
5.4288,5.4288,5.4288,5.4288,250,2021-07-06 14:23:00,CGRN
5.4299,5.4299,5.4299,5.4299,150,2021-07-06 14:24:00,CGRN
5.42,5.42,5.42,5.42,100,2021-07-06 14:25:00,CGRN
5.355,5.355,5.355,5.355,266,2021-07-06 14:29:00,CGRN
5.39,5.45,5.38,5.44,10200,2021-07-06 14:30:00,CGRN
5.45,5.45,5.4356,5.4356,15000,2021-07-06 14:31:00,CGRN
5.45,5.45,5.4338,5.448,13100,2021-07-06 14:32:00,CGRN
5.45,5.51,5.4481,5.51,33553,2021-07-06 14:33:00,CGRN
5.51,5.51,5.5,5.5,2466,2021-07-06 14:34:00,CGRN
5.4201,5.51,5.42,5.51,1545,2021-07-06 14:35:00,CGRN
5.51,5.51,5.428,5.428,600,2021-07-06 14:36:00,CGRN
5.42,5.51,5.42,5.51,4600,2021-07-06 14:37:00,CGRN
5.51,5.5899,5.4975,5.5699,24682,2021-07-06 14:39:00,CGRN
5.5,5.56,5.5,5.55,4268,2021-07-06 14:40:00,CGRN
5.5599,5.5599,5.46,5.5,13300,2021-07-06 14:41:00,CGRN
5.47,5.54,5.47,5.5299,12377,2021-07-06 14:42:00,CGRN
5.53,5.56,5.48,5.5065,15250,2021-07-06 14:43:00,CGRN
5.5138,5.53,5.46,5.4969,16822,2021-07-06 14:44:00,CGRN
5.494,5.4948,5.494,5.4948,1000,2021-07-06 14:46:00,CGRN
5.532,5.532,5.4951,5.4951,1250,2021-07-06 14:47:00,CGRN
5.532,5.533,5.4942,5.4942,1450,2021-07-06 14:48:00,CGRN
5.54,5.54,5.54,5.54,712,2021-07-06 14:50:00,CGRN
5.5499,5.5499,5.5499,5.5499,100,2021-07-06 14:51:00,CGRN
5.51,5.51,5.51,5.51,100,2021-07-06 14:52:00,CGRN
5.55,5.55,5.54,5.54,685,2021-07-06 14:54:00,CGRN
5.56,5.56,5.56,5.56,100,2021-07-06 14:55:00,CGRN
5.5556,5.57,5.55,5.57,4090,2021-07-06 14:56:00,CGRN
5.56,5.56,5.56,5.56,300,2021-07-06 14:57:00,CGRN
5.55,5.55,5.55,5.55,919,2021-07-06 14:58:00,CGRN
5.55,5.55,5.53,5.53,4281,2021-07-06 14:59:00,CGRN
5.525,5.55,5.49,5.52,18286,2021-07-06 15:01:00,CGRN
5.49,5.55,5.49,5.5207,16896,2021-07-06 15:02:00,CGRN
5.53,5.55,5.5001,5.55,4772,2021-07-06 15:03:00,CGRN
5.535,5.54,5.535,5.54,1200,2021-07-06 15:04:00,CGRN
5.56,5.56,5.55,5.55,4879,2021-07-06 15:05:00,CGRN
5.535,5.54,5.535,5.54,3180,2021-07-06 15:06:00,CGRN
5.56,5.5798,5.56,5.5798,1065,2021-07-06 15:07:00,CGRN
5.565,5.565,5.565,5.565,144,2021-07-06 15:08:00,CGRN
5.55,5.5816,5.55,5.58,6509,2021-07-06 15:09:00,CGRN
5.58,5.6,5.58,5.6,1334,2021-07-06 15:10:00,CGRN
5.5901,5.619,5.59,5.619,5490,2021-07-06 15:11:00,CGRN
5.6299,5.63,5.59,5.62,3268,2021-07-06 15:12:00,CGRN
5.6,5.63,5.55,5.55,3887,2021-07-06 15:13:00,CGRN
5.55,5.59,5.55,5.59,2750,2021-07-06 15:14:00,CGRN
5.5701,5.595,5.5701,5.595,1200,2021-07-06 15:16:00,CGRN
5.595,5.6311,5.5701,5.6311,2398,2021-07-06 15:17:00,CGRN
5.6,5.6,5.6,5.6,355,2021-07-06 15:18:00,CGRN
5.6,5.6,5.57,5.595,9980,2021-07-06 15:19:00,CGRN
5.58,5.58,5.5461,5.5461,1400,2021-07-06 15:21:00,CGRN
5.565,5.575,5.5557,5.5557,2400,2021-07-06 15:22:00,CGRN
5.55,5.5552,5.51,5.5552,1820,2021-07-06 15:23:00,CGRN
5.519,5.5354,5.5103,5.5103,500,2021-07-06 15:24:00,CGRN
5.525,5.525,5.525,5.525,500,2021-07-06 15:26:00,CGRN
5.54,5.57,5.54,5.57,1000,2021-07-06 15:27:00,CGRN
5.5845,5.5845,5.53,5.54,1426,2021-07-06 15:29:00,CGRN
5.53,5.53,5.53,5.53,100,2021-07-06 15:30:00,CGRN
5.56,5.56,5.56,5.56,150,2021-07-06 15:31:00,CGRN
5.55,5.55,5.55,5.55,676,2021-07-06 15:36:00,CGRN
5.55,5.55,5.55,5.55,325,2021-07-06 15:37:00,CGRN
5.55,5.55,5.55,5.55,100,2021-07-06 15:38:00,CGRN
5.61,5.61,5.58,5.59,2362,2021-07-06 15:42:00,CGRN
5.58,5.58,5.58,5.58,7777,2021-07-06 15:43:00,CGRN
5.56,5.56,5.56,5.56,200,2021-07-06 15:44:00,CGRN
5.52,5.52,5.52,5.52,100,2021-07-06 15:47:00,CGRN
5.5163,5.5163,5.5163,5.5163,100,2021-07-06 15:48:00,CGRN
5.52,5.52,5.52,5.52,248,2021-07-06 15:50:00,CGRN
5.51,5.51,5.51,5.51,299,2021-07-06 15:53:00,CGRN
5.5,5.5,5.5,5.5,1050,2021-07-06 15:54:00,CGRN
5.49,5.49,5.49,5.49,400,2021-07-06 15:55:00,CGRN
5.5,5.5,5.5,5.5,500,2021-07-06 15:56:00,CGRN
5.54,5.54,5.53,5.53,400,2021-07-06 15:57:00,CGRN
5.515,5.515,5.515,5.515,300,2021-07-06 16:03:00,CGRN
5.5399,5.5399,5.5399,5.5399,500,2021-07-06 16:05:00,CGRN
5.5,5.5,5.49,5.49,600,2021-07-06 16:08:00,CGRN
5.47,5.47,5.47,5.47,100,2021-07-06 16:16:00,CGRN
5.48,5.48,5.42,5.47,2200,2021-07-06 16:18:00,CGRN
5.435,5.435,5.435,5.435,200,2021-07-06 16:30:00,CGRN
5.4201,5.4201,5.4201,5.4201,200,2021-07-06 16:32:00,CGRN
5.44,5.45,5.43,5.45,1050,2021-07-06 16:34:00,CGRN
5.4368,5.4368,5.4368,5.4368,100,2021-07-06 16:37:00,CGRN
5.43,5.43,5.43,5.43,200,2021-07-06 16:51:00,CGRN
5.43,5.43,5.43,5.43,100,2021-07-06 16:53:00,CGRN
5.44,5.44,5.44,5.44,300,2021-07-06 16:54:00,CGRN
5.42,5.421,5.41,5.41,1800,2021-07-06 16:58:00,CGRN
5.3926,5.3926,5.3926,5.3926,200,2021-07-06 16:59:00,CGRN
5.4104,5.4104,5.4104,5.4104,565,2021-07-06 17:00:00,CGRN
5.4,5.4,5.4,5.4,1386,2021-07-06 17:01:00,CGRN
5.37,5.39,5.37,5.39,244,2021-07-06 17:02:00,CGRN
5.37,5.37,5.37,5.37,200,2021-07-06 17:08:00,CGRN
5.37,5.37,5.37,5.37,200,2021-07-06 17:09:00,CGRN
5.36,5.36,5.36,5.36,200,2021-07-06 17:10:00,CGRN
5.39,5.4,5.39,5.4,2020,2021-07-06 17:23:00,CGRN
5.3927,5.3927,5.39,5.39,400,2021-07-06 17:24:00,CGRN
5.394,5.394,5.394,5.394,173,2021-07-06 17:25:00,CGRN
5.43,5.43,5.43,5.43,1000,2021-07-06 17:26:00,CGRN
5.39,5.39,5.35,5.3507,3943,2021-07-06 17:28:00,CGRN
5.36,5.4,5.36,5.4,650,2021-07-06 17:30:00,CGRN
5.36,5.36,5.36,5.36,1000,2021-07-06 17:32:00,CGRN
5.38,5.38,5.38,5.38,600,2021-07-06 17:44:00,CGRN
5.37,5.37,5.365,5.37,1700,2021-07-06 17:48:00,CGRN
5.4,5.4,5.4,5.4,100,2021-07-06 17:50:00,CGRN
5.43,5.43,5.43,5.43,100,2021-07-06 17:52:00,CGRN
5.37,5.37,5.37,5.37,100,2021-07-06 18:01:00,CGRN
5.44,5.44,5.44,5.44,200,2021-07-06 18:05:00,CGRN
5.38,5.38,5.37,5.37,200,2021-07-06 18:07:00,CGRN
5.43,5.43,5.43,5.43,100,2021-07-06 18:15:00,CGRN
5.39,5.39,5.35,5.365,3707,2021-07-06 18:21:00,CGRN
5.35,5.35,5.35,5.35,663,2021-07-06 18:26:00,CGRN
5.35,5.35,5.35,5.35,100,2021-07-06 18:28:00,CGRN
5.35,5.35,5.35,5.35,300,2021-07-06 18:32:00,CGRN
5.35,5.35,5.32,5.35,1531,2021-07-06 18:33:00,CGRN
5.38,5.38,5.38,5.38,100,2021-07-06 18:36:00,CGRN
5.38,5.38,5.38,5.38,100,2021-07-06 18:37:00,CGRN
5.3102,5.3102,5.3102,5.3102,3000,2021-07-06 18:41:00,CGRN
5.345,5.345,5.345,5.345,3000,2021-07-06 18:42:00,CGRN
5.345,5.345,5.31,5.31,395,2021-07-06 18:44:00,CGRN
5.3136,5.36,5.304,5.33,6980,2021-07-06 18:46:00,CGRN
5.35,5.35,5.35,5.35,100,2021-07-06 18:49:00,CGRN
5.35,5.35,5.35,5.35,100,2021-07-06 18:50:00,CGRN
5.35,5.35,5.34,5.345,350,2021-07-06 18:56:00,CGRN
5.32,5.32,5.32,5.32,500,2021-07-06 18:58:00,CGRN
5.3,5.33,5.3,5.31,5309,2021-07-06 19:00:00,CGRN
5.33,5.33,5.33,5.33,400,2021-07-06 19:01:00,CGRN
5.32,5.32,5.32,5.32,161,2021-07-06 19:02:00,CGRN
5.319,5.33,5.319,5.33,1200,2021-07-06 19:07:00,CGRN
5.32,5.32,5.31,5.31,500,2021-07-06 19:08:00,CGRN
5.31,5.33,5.31,5.32,1000,2021-07-06 19:09:00,CGRN
5.33,5.33,5.33,5.33,100,2021-07-06 19:10:00,CGRN
5.33,5.33,5.33,5.33,380,2021-07-06 19:11:00,CGRN
5.32,5.32,5.32,5.32,200,2021-07-06 19:15:00,CGRN
5.33,5.35,5.33,5.35,200,2021-07-06 19:16:00,CGRN
5.33,5.34,5.33,5.33,600,2021-07-06 19:17:00,CGRN
5.3258,5.3258,5.3258,5.3258,140,2021-07-06 19:18:00,CGRN
5.315,5.315,5.25,5.28,15990,2021-07-06 19:22:00,CGRN
5.28,5.28,5.28,5.28,100,2021-07-06 19:23:00,CGRN
5.28,5.31,5.28,5.31,716,2021-07-06 19:24:00,CGRN
5.31,5.31,5.31,5.31,200,2021-07-06 19:25:00,CGRN
5.31,5.31,5.31,5.31,200,2021-07-06 19:27:00,CGRN
5.3,5.3,5.2999,5.2999,750,2021-07-06 19:30:00,CGRN
5.2999,5.3,5.2999,5.3,215,2021-07-06 19:32:00,CGRN
5.2999,5.3099,5.2999,5.3099,315,2021-07-06 19:35:00,CGRN
5.3099,5.3099,5.3099,5.3099,100,2021-07-06 19:36:00,CGRN
5.3099,5.31,5.29,5.31,1400,2021-07-06 19:37:00,CGRN
5.29,5.35,5.27,5.337,65493,2021-07-06 19:38:00,CGRN
5.355,5.37,5.34,5.36,3653,2021-07-06 19:39:00,CGRN
5.37,5.37,5.35,5.35,2727,2021-07-06 19:40:00,CGRN
5.36,5.4,5.36,5.3799,8672,2021-07-06 19:41:00,CGRN
5.39,5.4199,5.39,5.4199,2000,2021-07-06 19:42:00,CGRN
5.41,5.41,5.35,5.38,8448,2021-07-06 19:43:00,CGRN
5.4,5.4199,5.39,5.4,1511,2021-07-06 19:44:00,CGRN
5.4,5.4,5.3782,5.3999,1319,2021-07-06 19:46:00,CGRN
5.4,5.43,5.4,5.43,698,2021-07-06 19:48:00,CGRN
5.415,5.43,5.41,5.42,1058,2021-07-06 19:49:00,CGRN
5.38,5.43,5.38,5.43,580,2021-07-06 19:51:00,CGRN
5.43,5.43,5.415,5.425,6450,2021-07-06 19:52:00,CGRN
5.4399,5.44,5.4,5.41,17738,2021-07-06 19:53:00,CGRN
5.4099,5.4099,5.4099,5.4099,1000,2021-07-06 19:54:00,CGRN
5.4036,5.4036,5.4036,5.4036,148,2021-07-06 19:55:00,CGRN
5.4055,5.4055,5.4,5.4,600,2021-07-06 19:56:00,CGRN
5.41,5.41,5.37,5.41,800,2021-07-06 19:57:00,CGRN
5.41,5.41,5.4099,5.41,1100,2021-07-06 19:58:00,CGRN
5.41,5.41,5.38,5.41,1000,2021-07-06 19:59:00,CGRN
5.4,5.4,5.4,5.4,586,2021-07-06 20:00:00,CGRN
5.4,5.45,5.32,5.32,11688,2021-07-06 20:08:00,CGRN
5.31,5.31,5.3,5.3,1354,2021-07-06 20:09:00,CGRN
5.44,5.44,5.43,5.43,1500,2021-07-06 20:10:00,CGRN
5.35,5.35,5.35,5.35,100,2021-07-06 22:42:00,CGRN
5.35,5.35,5.35,5.35,185,2021-07-06 22:44:00,CGRN
5.35,5.35,5.35,5.35,200,2021-07-06 23:31:00,CGRN
5.4,5.4,5.4,5.4,500,2021-07-07 10:21:00,CGRN
5.25,5.25,5.25,5.25,2500,2021-07-07 12:07:00,CGRN
5.31,5.31,5.31,5.31,400,2021-07-07 12:08:00,CGRN
5.2779,5.2779,5.2779,5.2779,200,2021-07-07 13:15:00,CGRN
5.25,5.25,5.25,5.25,200,2021-07-07 13:22:00,CGRN
5.36,5.36,5.26,5.265,2641,2021-07-07 13:30:00,CGRN
5.35,5.35,5.27,5.27,400,2021-07-07 13:31:00,CGRN
5.35,5.38,5.33,5.33,2299,2021-07-07 13:34:00,CGRN
5.35,5.37,5.33,5.33,900,2021-07-07 13:35:00,CGRN
5.38,5.3886,5.38,5.3886,500,2021-07-07 13:36:00,CGRN
5.34,5.34,5.32,5.32,200,2021-07-07 13:37:00,CGRN
5.32,5.32,5.3,5.301,3934,2021-07-07 13:38:00,CGRN
5.3,5.35,5.2684,5.35,3267,2021-07-07 13:39:00,CGRN
5.38,5.38,5.35,5.38,1100,2021-07-07 13:40:00,CGRN
5.38,5.4,5.3746,5.3994,4298,2021-07-07 13:41:00,CGRN
5.39,5.4,5.39,5.4,200,2021-07-07 13:42:00,CGRN
5.39,5.4,5.39,5.4,400,2021-07-07 13:43:00,CGRN
5.39,5.4,5.39,5.4,400,2021-07-07 13:44:00,CGRN
5.39,5.39,5.39,5.39,100,2021-07-07 13:45:00,CGRN
5.38,5.4,5.38,5.4,14053,2021-07-07 13:46:00,CGRN
5.42,5.43,5.42,5.43,400,2021-07-07 13:47:00,CGRN
5.43,5.43,5.41,5.4108,1400,2021-07-07 13:48:00,CGRN
5.41,5.42,5.4,5.4005,4181,2021-07-07 13:49:00,CGRN
5.4,5.4,5.4,5.4,200,2021-07-07 13:50:00,CGRN
5.33,5.33,5.3,5.3,950,2021-07-07 13:51:00,CGRN
5.308,5.31,5.308,5.31,535,2021-07-07 13:56:00,CGRN
5.345,5.345,5.345,5.345,100,2021-07-07 13:57:00,CGRN
5.31,5.31,5.26,5.26,2796,2021-07-07 14:00:00,CGRN
5.26,5.26,5.26,5.26,100,2021-07-07 14:01:00,CGRN
5.26,5.26,5.13,5.14,11230,2021-07-07 14:02:00,CGRN
5.14,5.19,5.13,5.18,10300,2021-07-07 14:03:00,CGRN
5.175,5.21,5.175,5.175,350,2021-07-07 14:04:00,CGRN
5.15,5.16,5.15,5.15,618,2021-07-07 14:05:00,CGRN
5.15,5.15,5.13,5.13,500,2021-07-07 14:06:00,CGRN
5.15,5.16,5.14,5.14,1350,2021-07-07 14:07:00,CGRN
5.145,5.17,5.145,5.17,1620,2021-07-07 14:08:00,CGRN
5.1581,5.1581,5.1581,5.1581,250,2021-07-07 14:09:00,CGRN
5.17,5.17,5.17,5.17,100,2021-07-07 14:10:00,CGRN
5.1438,5.15,5.12,5.12,1700,2021-07-07 14:11:00,CGRN
5.1235,5.13,5.12,5.12,1000,2021-07-07 14:12:00,CGRN
5.14,5.16,5.1261,5.1261,500,2021-07-07 14:13:00,CGRN
5.15,5.17,5.15,5.17,1200,2021-07-07 14:15:00,CGRN
5.17,5.17,5.17,5.17,100,2021-07-07 14:17:00,CGRN
5.12,5.17,5.12,5.17,200,2021-07-07 14:18:00,CGRN
5.17,5.17,5.11,5.125,1000,2021-07-07 14:20:00,CGRN
5.13,5.13,5.13,5.13,100,2021-07-07 14:21:00,CGRN
5.1007,5.1007,5.06,5.06,3616,2021-07-07 14:24:00,CGRN
5.06,5.0727,5.05,5.05,6358,2021-07-07 14:25:00,CGRN
5.0501,5.09,5.0501,5.09,3633,2021-07-07 14:26:00,CGRN
5.1,5.1,5.1,5.1,100,2021-07-07 14:27:00,CGRN
5.1,5.1,5.091,5.091,200,2021-07-07 14:28:00,CGRN
5.09,5.09,5.09,5.09,100,2021-07-07 14:29:00,CGRN
5.1,5.1,5.0701,5.0701,400,2021-07-07 14:31:00,CGRN
5.05,5.05,5.05,5.05,269,2021-07-07 14:32:00,CGRN
5.085,5.1,5.085,5.1,300,2021-07-07 14:35:00,CGRN
5.07,5.07,5.07,5.07,200,2021-07-07 14:36:00,CGRN
5.065,5.08,5.065,5.08,200,2021-07-07 14:37:00,CGRN
5.08,5.08,5.08,5.08,100,2021-07-07 14:38:00,CGRN
5.05,5.05,5.04,5.05,2102,2021-07-07 14:39:00,CGRN
5.0166,5.0166,5.0166,5.0166,200,2021-07-07 14:40:00,CGRN
5.0201,5.0201,5.0201,5.0201,200,2021-07-07 14:41:00,CGRN
5.06,5.06,5.06,5.06,100,2021-07-07 14:42:00,CGRN
5.06,5.06,5.06,5.06,100,2021-07-07 14:43:00,CGRN
5.06,5.06,5.04,5.04,300,2021-07-07 14:44:00,CGRN
5.06,5.06,5.03,5.03,1100,2021-07-07 14:45:00,CGRN
5.06,5.06,5.03,5.0315,1400,2021-07-07 14:46:00,CGRN
5.07,5.07,5.07,5.07,100,2021-07-07 14:47:00,CGRN
5.045,5.045,5.045,5.045,1700,2021-07-07 14:48:00,CGRN
5.045,5.045,5.02,5.02,850,2021-07-07 14:49:00,CGRN
5.0201,5.0201,5.0201,5.0201,400,2021-07-07 14:53:00,CGRN
5.06,5.06,5.06,5.06,400,2021-07-07 14:56:00,CGRN
5.06,5.06,5.06,5.06,100,2021-07-07 14:57:00,CGRN
5.07,5.08,5.07,5.08,200,2021-07-07 15:00:00,CGRN
5.0546,5.0546,5.0546,5.0546,250,2021-07-07 15:04:00,CGRN
5.06,5.08,5.05,5.08,300,2021-07-07 15:05:00,CGRN
5.07,5.09,5.06,5.08,9595,2021-07-07 15:08:00,CGRN
5.09,5.13,5.09,5.13,3801,2021-07-07 15:09:00,CGRN
5.13,5.15,5.12,5.14,2400,2021-07-07 15:10:00,CGRN
5.14,5.14,5.12,5.14,700,2021-07-07 15:11:00,CGRN
5.16,5.16,5.12,5.12,1200,2021-07-07 15:12:00,CGRN
5.16,5.17,5.16,5.16,1400,2021-07-07 15:13:00,CGRN
5.14,5.1699,5.14,5.1699,300,2021-07-07 15:14:00,CGRN
5.17,5.17,5.14,5.17,800,2021-07-07 15:15:00,CGRN
5.17,5.19,5.13,5.19,1000,2021-07-07 15:16:00,CGRN
5.15,5.19,5.12,5.17,3400,2021-07-07 15:17:00,CGRN
5.16,5.17,5.12,5.17,1200,2021-07-07 15:18:00,CGRN
5.155,5.17,5.155,5.16,300,2021-07-07 15:19:00,CGRN
5.17,5.17,5.16,5.17,1400,2021-07-07 15:20:00,CGRN
5.23,5.23,5.23,5.23,300,2021-07-07 15:23:00,CGRN
5.22,5.22,5.18,5.21,600,2021-07-07 15:24:00,CGRN
5.22,5.22,5.21,5.22,800,2021-07-07 15:25:00,CGRN
5.1949,5.22,5.1949,5.22,200,2021-07-07 15:26:00,CGRN
5.22,5.22,5.22,5.22,100,2021-07-07 15:27:00,CGRN
5.1955,5.22,5.1955,5.22,200,2021-07-07 15:28:00,CGRN
5.22,5.22,5.22,5.22,100,2021-07-07 15:29:00,CGRN
5.22,5.22,5.13,5.14,14056,2021-07-07 15:30:00,CGRN
5.175,5.175,5.128,5.128,200,2021-07-07 15:31:00,CGRN
5.128,5.128,5.08,5.08,1693,2021-07-07 15:32:00,CGRN
5.1699,5.1699,5.1699,5.1699,400,2021-07-07 15:34:00,CGRN
5.165,5.165,5.165,5.165,599,2021-07-07 15:39:00,CGRN
5.13,5.13,5.13,5.13,100,2021-07-07 15:43:00,CGRN
5.17,5.17,5.1699,5.1699,1620,2021-07-07 15:45:00,CGRN
5.145,5.21,5.145,5.2,10400,2021-07-07 15:49:00,CGRN
5.1605,5.1605,5.1605,5.1605,500,2021-07-07 15:50:00,CGRN
5.172,5.172,5.15,5.15,860,2021-07-07 15:53:00,CGRN
5.1599,5.1599,5.1328,5.1328,7000,2021-07-07 15:56:00,CGRN
5.16,5.16,5.16,5.16,2157,2021-07-07 15:58:00,CGRN
5.16,5.16,5.16,5.16,700,2021-07-07 16:12:00,CGRN
5.18,5.18,5.18,5.18,100,2021-07-07 16:13:00,CGRN
5.1471,5.1471,5.1471,5.1471,100,2021-07-07 16:15:00,CGRN
5.14,5.145,5.13,5.13,1899,2021-07-07 16:17:00,CGRN
5.135,5.135,5.135,5.135,100,2021-07-07 16:30:00,CGRN
5.13,5.14,5.12,5.14,500,2021-07-07 16:32:00,CGRN
5.11,5.11,5.11,5.11,200,2021-07-07 16:34:00,CGRN
5.12,5.12,5.12,5.12,300,2021-07-07 16:37:00,CGRN
5.11,5.11,5.1,5.11,804,2021-07-07 16:59:00,CGRN
5.08,5.08,5.08,5.08,100,2021-07-07 17:00:00,CGRN
5.09,5.09,5.09,5.09,100,2021-07-07 17:14:00,CGRN
5.1,5.1,5.1,5.1,575,2021-07-07 17:23:00,CGRN
5.1,5.1,5.1,5.1,300,2021-07-07 17:24:00,CGRN
5.09,5.09,5.08,5.08,1350,2021-07-07 17:25:00,CGRN
5.08,5.08,5.08,5.08,100,2021-07-07 17:30:00,CGRN
5.07,5.07,5.07,5.07,250,2021-07-07 17:33:00,CGRN
5.08,5.08,5.08,5.08,1000,2021-07-07 17:41:00,CGRN
5.08,5.09,5.08,5.09,465,2021-07-07 17:42:00,CGRN
5.09,5.11,5.09,5.11,935,2021-07-07 17:44:00,CGRN
5.11,5.11,5.11,5.11,125,2021-07-07 17:45:00,CGRN
5.0739,5.08,5.0739,5.08,600,2021-07-07 17:47:00,CGRN
5.0873,5.0873,5.0873,5.0873,115,2021-07-07 17:49:00,CGRN
5.09,5.09,5.09,5.09,200,2021-07-07 18:05:00,CGRN
5.1,5.1,5.09,5.09,1136,2021-07-07 18:09:00,CGRN
5.11,5.11,5.1055,5.1055,200,2021-07-07 18:10:00,CGRN
5.095,5.1,5.0935,5.1,700,2021-07-07 18:13:00,CGRN
5.14,5.14,5.13,5.14,2200,2021-07-07 18:14:00,CGRN
5.13,5.13,5.13,5.13,100,2021-07-07 18:16:00,CGRN
5.1,5.1,5.1,5.1,400,2021-07-07 18:17:00,CGRN
5.1178,5.1178,5.1178,5.1178,205,2021-07-07 18:19:00,CGRN
5.14,5.14,5.14,5.14,1000,2021-07-07 18:28:00,CGRN
5.1,5.1,5.09,5.09,400,2021-07-07 18:38:00,CGRN
5.085,5.091,5.07,5.07,1600,2021-07-07 18:49:00,CGRN
5.085,5.085,5.085,5.085,100,2021-07-07 18:50:00,CGRN
5.0704,5.0704,5.0702,5.0702,1000,2021-07-07 18:53:00,CGRN
5.08,5.08,5.08,5.08,400,2021-07-07 18:59:00,CGRN
5.08,5.08,5.08,5.08,700,2021-07-07 19:03:00,CGRN
5.08,5.08,5.08,5.08,186,2021-07-07 19:04:00,CGRN
5.1,5.1,5.1,5.1,100,2021-07-07 19:05:00,CGRN
5.092,5.092,5.092,5.092,500,2021-07-07 19:06:00,CGRN
5.1,5.1,5.1,5.1,100,2021-07-07 19:10:00,CGRN
5.08,5.08,5.08,5.08,799,2021-07-07 19:19:00,CGRN
5.07,5.07,5.06,5.06,2200,2021-07-07 19:20:00,CGRN
5.06,5.06,5.02,5.03,7570,2021-07-07 19:22:00,CGRN
5.03,5.03,5.03,5.03,500,2021-07-07 19:23:00,CGRN
5.043,5.05,5.043,5.05,1100,2021-07-07 19:26:00,CGRN
5.05,5.06,5.05,5.06,2375,2021-07-07 19:29:00,CGRN
5.05,5.05,5.05,5.05,200,2021-07-07 19:30:00,CGRN
5.05,5.06,5.05,5.06,300,2021-07-07 19:31:00,CGRN
5.05,5.05,5.05,5.05,300,2021-07-07 19:32:00,CGRN
5.057,5.06,5.057,5.06,870,2021-07-07 19:35:00,CGRN
5.055,5.06,5.05,5.06,1200,2021-07-07 19:38:00,CGRN
5.0599,5.0599,5.0599,5.0599,100,2021-07-07 19:39:00,CGRN
5.0402,5.0402,5.0402,5.0402,288,2021-07-07 19:40:00,CGRN
5.06,5.07,5.06,5.07,200,2021-07-07 19:42:00,CGRN
5.0644,5.0644,5.0644,5.0644,101,2021-07-07 19:44:00,CGRN
5.055,5.055,5.055,5.055,400,2021-07-07 19:47:00,CGRN
5.07,5.07,5.0694,5.07,1400,2021-07-07 19:48:00,CGRN
5.0646,5.0654,5.0646,5.0654,245,2021-07-07 19:50:00,CGRN
5.07,5.07,5.0647,5.07,865,2021-07-07 19:52:00,CGRN
5.04,5.0448,5.04,5.0448,200,2021-07-07 19:55:00,CGRN
5.0665,5.0665,5.0665,5.0665,324,2021-07-07 19:56:00,CGRN
5.04,5.07,5.04,5.07,750,2021-07-07 19:57:00,CGRN
5.0699,5.08,5.04,5.08,1033,2021-07-07 19:58:00,CGRN
5.07,5.11,5.06,5.06,2824,2021-07-07 19:59:00,CGRN
5.07,5.07,5.07,5.07,2192,2021-07-07 20:00:00,CGRN
5.07,5.07,5.07,5.07,100,2021-07-08 09:10:00,CGRN
5.06,5.2,5.06,5.2,3121,2021-07-08 12:01:00,CGRN
5.012,5.012,5.01,5.01,1100,2021-07-08 12:02:00,CGRN
5.02,5.02,5.0,5.0,1418,2021-07-08 12:04:00,CGRN
5.0073,5.0073,5.0,5.0,502,2021-07-08 13:19:00,CGRN
5.0,5.0,5.0,5.0,100,2021-07-08 13:20:00,CGRN
5.01,5.01,5.0,5.0001,11206,2021-07-08 13:30:00,CGRN
5.0,5.04,5.0,5.04,1400,2021-07-08 13:31:00,CGRN
5.0001,5.04,5.0,5.02,5800,2021-07-08 13:33:00,CGRN
5.02,5.04,5.02,5.025,800,2021-07-08 13:34:00,CGRN
5.01,5.02,4.88,4.88,20405,2021-07-08 13:35:00,CGRN
4.895,4.91,4.895,4.91,450,2021-07-08 13:36:00,CGRN
4.9,4.9,4.9,4.9,100,2021-07-08 13:37:00,CGRN
4.9142,4.9142,4.9142,4.9142,450,2021-07-08 13:38:00,CGRN
4.91,4.91,4.89,4.9,3264,2021-07-08 13:39:00,CGRN
4.88,4.88,4.87,4.87,1343,2021-07-08 13:41:00,CGRN
4.85,4.85,4.85,4.85,250,2021-07-08 13:44:00,CGRN
4.86,4.86,4.84,4.84,1697,2021-07-08 13:45:00,CGRN
4.84,4.84,4.8201,4.8201,1100,2021-07-08 13:46:00,CGRN
4.8201,4.8201,4.8201,4.8201,400,2021-07-08 13:47:00,CGRN
4.82,4.82,4.76,4.76,5072,2021-07-08 13:48:00,CGRN
4.76,4.77,4.76,4.77,698,2021-07-08 13:49:00,CGRN
4.79,4.82,4.79,4.82,300,2021-07-08 13:50:00,CGRN
4.7801,4.83,4.7801,4.83,5900,2021-07-08 13:51:00,CGRN
4.83,4.89,4.83,4.89,2240,2021-07-08 13:52:00,CGRN
4.87,4.87,4.87,4.87,300,2021-07-08 13:53:00,CGRN
4.88,4.925,4.88,4.92,1800,2021-07-08 13:58:00,CGRN
4.93,4.95,4.92,4.92,400,2021-07-08 13:59:00,CGRN
4.92,4.92,4.92,4.92,100,2021-07-08 14:00:00,CGRN
4.935,4.935,4.935,4.935,100,2021-07-08 14:01:00,CGRN
4.92,4.92,4.915,4.915,2267,2021-07-08 14:02:00,CGRN
4.92,4.92,4.92,4.92,100,2021-07-08 14:03:00,CGRN
4.97,4.97,4.95,4.95,600,2021-07-08 14:04:00,CGRN
4.95,4.95,4.95,4.95,100,2021-07-08 14:05:00,CGRN
4.97,5.01,4.97,5.0099,1900,2021-07-08 14:06:00,CGRN
5.0,5.0,4.95,4.95,699,2021-07-08 14:07:00,CGRN
5.02,5.03,5.02,5.02,900,2021-07-08 14:10:00,CGRN
5.0279,5.0279,5.0279,5.0279,150,2021-07-08 14:11:00,CGRN
5.05,5.05,5.05,5.05,565,2021-07-08 14:15:00,CGRN
5.037,5.037,5.037,5.037,100,2021-07-08 14:17:00,CGRN
5.04,5.04,5.04,5.04,200,2021-07-08 14:18:00,CGRN
5.02,5.02,5.02,5.02,700,2021-07-08 14:22:00,CGRN
5.05,5.05,5.01,5.01,300,2021-07-08 14:24:00,CGRN
5.0,5.0,5.0,5.0,100,2021-07-08 14:26:00,CGRN
5.0799,5.0799,5.0799,5.0799,100,2021-07-08 14:27:00,CGRN
5.09,5.09,5.09,5.09,1100,2021-07-08 14:31:00,CGRN
5.05,5.05,5.05,5.05,100,2021-07-08 14:34:00,CGRN
5.0557,5.0557,5.0557,5.0557,200,2021-07-08 14:35:00,CGRN
5.07,5.07,5.07,5.07,600,2021-07-08 14:37:00,CGRN
5.08,5.08,5.08,5.08,700,2021-07-08 14:38:00,CGRN
5.0899,5.12,5.0899,5.12,3700,2021-07-08 14:41:00,CGRN
5.15,5.15,5.15,5.15,100,2021-07-08 14:42:00,CGRN
5.2,5.2,5.15,5.15,400,2021-07-08 14:45:00,CGRN
5.15,5.1839,5.15,5.1839,900,2021-07-08 14:47:00,CGRN
5.19,5.19,5.19,5.19,500,2021-07-08 14:48:00,CGRN
5.09,5.11,5.09,5.11,1100,2021-07-08 14:51:00,CGRN
5.135,5.135,5.1,5.1,600,2021-07-08 14:52:00,CGRN
5.1,5.1,5.1,5.1,100,2021-07-08 15:01:00,CGRN
5.1799,5.1799,5.1799,5.1799,1000,2021-07-08 15:05:00,CGRN
5.13,5.13,5.13,5.13,128,2021-07-08 15:07:00,CGRN
5.12,5.12,5.12,5.12,5000,2021-07-08 15:12:00,CGRN
5.19,5.19,5.19,5.19,100,2021-07-08 15:14:00,CGRN
5.13,5.13,5.13,5.13,300,2021-07-08 15:17:00,CGRN
5.2,5.2,5.17,5.17,695,2021-07-08 15:18:00,CGRN
5.17,5.17,5.17,5.17,800,2021-07-08 15:19:00,CGRN
5.17,5.17,5.15,5.15,1100,2021-07-08 15:23:00,CGRN
5.15,5.16,5.15,5.16,383,2021-07-08 15:28:00,CGRN
5.1699,5.17,5.1699,5.17,210,2021-07-08 15:29:00,CGRN
5.14,5.14,5.12,5.14,694,2021-07-08 15:33:00,CGRN
5.13,5.1776,5.13,5.1776,9499,2021-07-08 15:34:00,CGRN
5.18,5.18,5.18,5.18,300,2021-07-08 15:41:00,CGRN
5.21,5.21,5.21,5.21,100,2021-07-08 15:42:00,CGRN
5.22,5.22,5.22,5.22,100,2021-07-08 15:43:00,CGRN
5.22,5.22,5.22,5.22,100,2021-07-08 15:45:00,CGRN
5.22,5.22,5.22,5.22,300,2021-07-08 15:49:00,CGRN
5.21,5.21,5.2,5.21,500,2021-07-08 16:02:00,CGRN
5.2,5.2,5.2,5.2,200,2021-07-08 16:05:00,CGRN
5.2,5.2,5.2,5.2,586,2021-07-08 16:06:00,CGRN
5.2,5.2,5.2,5.2,875,2021-07-08 16:09:00,CGRN
5.19,5.19,5.19,5.19,300,2021-07-08 16:15:00,CGRN
5.14,5.14,5.14,5.14,100,2021-07-08 16:19:00,CGRN
5.15,5.15,5.14,5.14,300,2021-07-08 16:37:00,CGRN
5.19,5.19,5.19,5.19,100,2021-07-08 16:51:00,CGRN
5.1676,5.1676,5.1676,5.1676,150,2021-07-08 16:55:00,CGRN
5.19,5.19,5.19,5.19,100,2021-07-08 17:01:00,CGRN
5.19,5.19,5.19,5.19,100,2021-07-08 17:07:00,CGRN
5.19,5.19,5.19,5.19,100,2021-07-08 17:13:00,CGRN
5.19,5.19,5.19,5.19,100,2021-07-08 17:19:00,CGRN
5.16,5.16,5.16,5.16,400,2021-07-08 17:26:00,CGRN
5.1438,5.1438,5.1438,5.1438,400,2021-07-08 17:31:00,CGRN
5.14,5.14,5.14,5.14,100,2021-07-08 17:33:00,CGRN
5.16,5.16,5.16,5.16,100,2021-07-08 17:40:00,CGRN
5.14,5.14,5.14,5.14,100,2021-07-08 17:41:00,CGRN
5.15,5.17,5.15,5.17,690,2021-07-08 17:43:00,CGRN
5.17,5.18,5.16,5.18,8362,2021-07-08 17:47:00,CGRN
5.16,5.16,5.16,5.16,100,2021-07-08 17:48:00,CGRN
5.2,5.2,5.2,5.2,100,2021-07-08 17:49:00,CGRN
5.19,5.19,5.19,5.19,100,2021-07-08 17:51:00,CGRN
5.21,5.21,5.21,5.21,160,2021-07-08 17:53:00,CGRN
5.18,5.19,5.16,5.19,1100,2021-07-08 17:54:00,CGRN
5.16,5.16,5.16,5.16,200,2021-07-08 18:00:00,CGRN
5.1886,5.1886,5.1886,5.1886,900,2021-07-08 18:02:00,CGRN
5.19,5.19,5.19,5.19,100,2021-07-08 18:05:00,CGRN
5.16,5.18,5.16,5.16,900,2021-07-08 18:08:00,CGRN
5.175,5.175,5.175,5.175,100,2021-07-08 18:11:00,CGRN
5.19,5.19,5.19,5.19,100,2021-07-08 18:13:00,CGRN
5.17,5.17,5.17,5.17,800,2021-07-08 18:19:00,CGRN
5.172,5.172,5.172,5.172,200,2021-07-08 18:28:00,CGRN
5.18,5.18,5.18,5.18,250,2021-07-08 18:32:00,CGRN
5.14,5.14,5.14,5.14,200,2021-07-08 18:35:00,CGRN
5.16,5.16,5.16,5.16,500,2021-07-08 18:37:00,CGRN
5.15,5.15,5.15,5.15,100,2021-07-08 18:41:00,CGRN
5.14,5.14,5.12,5.12,906,2021-07-08 18:45:00,CGRN
5.11,5.11,5.11,5.11,394,2021-07-08 18:47:00,CGRN
5.14,5.16,5.14,5.16,3935,2021-07-08 18:54:00,CGRN
5.18,5.18,5.17,5.17,2869,2021-07-08 18:55:00,CGRN
5.2,5.2,5.2,5.2,100,2021-07-08 19:04:00,CGRN
5.2,5.2,5.19,5.19,400,2021-07-08 19:20:00,CGRN
5.2,5.2,5.2,5.2,100,2021-07-08 19:23:00,CGRN
5.15,5.15,5.15,5.15,100,2021-07-08 19:27:00,CGRN
5.19,5.19,5.19,5.19,1999,2021-07-08 19:37:00,CGRN
5.2,5.21,5.2,5.21,828,2021-07-08 19:38:00,CGRN
5.21,5.21,5.21,5.21,597,2021-07-08 19:40:00,CGRN
5.195,5.195,5.195,5.195,250,2021-07-08 19:44:00,CGRN
5.1844,5.1844,5.1844,5.1844,172,2021-07-08 19:52:00,CGRN
5.22,5.22,5.186,5.186,318,2021-07-08 19:53:00,CGRN
5.217,5.22,5.217,5.22,1028,2021-07-08 19:54:00,CGRN
5.22,5.22,5.1935,5.22,575,2021-07-08 19:55:00,CGRN
5.22,5.24,5.22,5.24,3652,2021-07-08 19:56:00,CGRN
5.21,5.21,5.21,5.21,169,2021-07-08 19:57:00,CGRN
5.24,5.24,5.24,5.24,100,2021-07-08 19:58:00,CGRN
5.24,5.25,5.19,5.19,1276,2021-07-08 19:59:00,CGRN
5.22,5.22,5.22,5.22,988,2021-07-08 20:00:00,CGRN
5.39,5.39,5.39,5.39,1995,2021-07-09 12:00:00,CGRN
5.42,5.42,5.42,5.42,1000,2021-07-09 12:02:00,CGRN
5.54,5.54,5.54,5.54,1000,2021-07-09 12:18:00,CGRN
5.33,5.33,5.33,5.33,1575,2021-07-09 13:30:00,CGRN
5.25,5.25,5.25,5.25,100,2021-07-09 13:32:00,CGRN
5.21,5.22,5.2,5.22,1599,2021-07-09 13:34:00,CGRN
5.23,5.23,5.22,5.22,200,2021-07-09 13:40:00,CGRN
5.1905,5.1905,5.19,5.19,200,2021-07-09 13:41:00,CGRN
5.1899,5.1899,5.1899,5.1899,100,2021-07-09 13:43:00,CGRN
5.215,5.215,5.215,5.215,100,2021-07-09 13:49:00,CGRN
5.31,5.36,5.28,5.35,3692,2021-07-09 13:59:00,CGRN
5.27,5.33,5.2,5.25,4645,2021-07-09 14:00:00,CGRN
5.26,5.3,5.26,5.3,600,2021-07-09 14:01:00,CGRN
5.286,5.29,5.28,5.28,942,2021-07-09 14:04:00,CGRN
5.27,5.2899,5.27,5.2899,5314,2021-07-09 14:05:00,CGRN
5.29,5.29,5.29,5.29,500,2021-07-09 14:06:00,CGRN
5.29,5.29,5.29,5.29,300,2021-07-09 14:07:00,CGRN
5.29,5.29,5.29,5.29,400,2021-07-09 14:08:00,CGRN
5.25,5.25,5.25,5.25,100,2021-07-09 14:10:00,CGRN
5.28,5.28,5.28,5.28,100,2021-07-09 14:13:00,CGRN
5.29,5.29,5.29,5.29,200,2021-07-09 14:15:00,CGRN
5.25,5.25,5.25,5.25,999,2021-07-09 14:17:00,CGRN
5.27,5.27,5.27,5.27,100,2021-07-09 14:20:00,CGRN
5.29,5.29,5.29,5.29,100,2021-07-09 14:21:00,CGRN
5.22,5.28,5.22,5.28,250,2021-07-09 14:24:00,CGRN
5.26,5.26,5.26,5.26,100,2021-07-09 14:25:00,CGRN
5.275,5.275,5.275,5.275,250,2021-07-09 14:27:00,CGRN
5.26,5.26,5.255,5.255,600,2021-07-09 14:28:00,CGRN
5.255,5.255,5.255,5.255,100,2021-07-09 14:29:00,CGRN
5.27,5.27,5.27,5.27,100,2021-07-09 14:34:00,CGRN
5.27,5.27,5.27,5.27,500,2021-07-09 14:42:00,CGRN
5.25,5.25,5.24,5.24,700,2021-07-09 14:48:00,CGRN
5.21,5.21,5.21,5.21,179,2021-07-09 14:50:00,CGRN
5.1921,5.1921,5.17,5.17,4880,2021-07-09 14:56:00,CGRN
5.17,5.17,5.17,5.17,500,2021-07-09 14:58:00,CGRN
5.24,5.24,5.24,5.24,100,2021-07-09 15:14:00,CGRN
5.21,5.24,5.21,5.24,2400,2021-07-09 15:17:00,CGRN
5.27,5.27,5.27,5.27,4896,2021-07-09 15:19:00,CGRN
5.23,5.33,5.23,5.33,300,2021-07-09 15:21:00,CGRN
5.33,5.33,5.27,5.27,558,2021-07-09 15:23:00,CGRN
5.33,5.33,5.33,5.33,100,2021-07-09 15:24:00,CGRN
5.2701,5.35,5.2701,5.35,2375,2021-07-09 15:25:00,CGRN
5.35,5.35,5.27,5.27,1300,2021-07-09 15:27:00,CGRN
5.3,5.3,5.3,5.3,100,2021-07-09 15:28:00,CGRN
5.3,5.3,5.3,5.3,233,2021-07-09 15:29:00,CGRN
5.3,5.3,5.3,5.3,676,2021-07-09 15:31:00,CGRN
5.3,5.33,5.3,5.33,1123,2021-07-09 15:32:00,CGRN
5.31,5.31,5.31,5.31,100,2021-07-09 15:33:00,CGRN
5.33,5.33,5.33,5.33,100,2021-07-09 15:34:00,CGRN
5.33,5.33,5.33,5.33,100,2021-07-09 15:36:00,CGRN
5.33,5.34,5.31,5.34,739,2021-07-09 15:37:00,CGRN
5.34,5.34,5.34,5.34,1000,2021-07-09 15:39:00,CGRN
5.34,5.34,5.34,5.34,100,2021-07-09 15:41:00,CGRN
5.3,5.3,5.27,5.27,300,2021-07-09 15:43:00,CGRN
5.29,5.29,5.29,5.29,100,2021-07-09 15:46:00,CGRN
5.29,5.34,5.29,5.34,1224,2021-07-09 15:47:00,CGRN
5.33,5.33,5.33,5.33,100,2021-07-09 15:48:00,CGRN
5.325,5.325,5.325,5.325,600,2021-07-09 15:49:00,CGRN
5.3,5.3,5.3,5.3,643,2021-07-09 15:52:00,CGRN
5.3317,5.3317,5.3317,5.3317,100,2021-07-09 16:00:00,CGRN
5.3,5.3025,5.3,5.3025,1100,2021-07-09 16:01:00,CGRN
5.3299,5.33,5.3299,5.33,3100,2021-07-09 16:02:00,CGRN
5.33,5.4,5.33,5.4,800,2021-07-09 16:05:00,CGRN
5.4,5.4,5.4,5.4,100,2021-07-09 16:06:00,CGRN
5.39,5.39,5.39,5.39,100,2021-07-09 16:07:00,CGRN
5.365,5.365,5.34,5.34,776,2021-07-09 16:10:00,CGRN
5.35,5.35,5.34,5.34,200,2021-07-09 16:12:00,CGRN
5.33,5.33,5.33,5.33,100,2021-07-09 16:13:00,CGRN
5.3311,5.34,5.33,5.33,3776,2021-07-09 16:17:00,CGRN
5.3499,5.3499,5.3499,5.3499,1000,2021-07-09 16:21:00,CGRN
5.335,5.35,5.32,5.35,3683,2021-07-09 16:22:00,CGRN
5.32,5.32,5.32,5.32,2500,2021-07-09 16:23:00,CGRN
5.37,5.37,5.37,5.37,100,2021-07-09 16:26:00,CGRN
5.32,5.32,5.32,5.32,1100,2021-07-09 16:27:00,CGRN
5.346,5.39,5.335,5.39,1934,2021-07-09 16:28:00,CGRN
5.3899,5.3899,5.3899,5.3899,150,2021-07-09 16:30:00,CGRN
5.33,5.33,5.33,5.33,100,2021-07-09 16:31:00,CGRN
5.3301,5.3301,5.33,5.33,1000,2021-07-09 16:34:00,CGRN
5.34,5.34,5.34,5.34,100,2021-07-09 16:35:00,CGRN
5.34,5.34,5.34,5.34,100,2021-07-09 16:37:00,CGRN
5.3301,5.3301,5.33,5.3301,800,2021-07-09 16:38:00,CGRN
5.3101,5.3101,5.3101,5.3101,100,2021-07-09 16:42:00,CGRN
5.3101,5.3201,5.3101,5.3201,3600,2021-07-09 16:43:00,CGRN
5.34,5.34,5.34,5.34,200,2021-07-09 16:50:00,CGRN
5.35,5.38,5.35,5.375,900,2021-07-09 16:53:00,CGRN
5.36,5.36,5.32,5.32,600,2021-07-09 16:59:00,CGRN
5.37,5.37,5.37,5.37,200,2021-07-09 17:01:00,CGRN
5.38,5.39,5.38,5.39,400,2021-07-09 17:05:00,CGRN
5.381,5.381,5.361,5.375,865,2021-07-09 17:12:00,CGRN
5.3706,5.375,5.3706,5.375,300,2021-07-09 17:13:00,CGRN
5.3601,5.3601,5.3601,5.3601,408,2021-07-09 17:16:00,CGRN
5.38,5.38,5.38,5.38,200,2021-07-09 17:17:00,CGRN
5.38,5.4,5.38,5.4,500,2021-07-09 17:18:00,CGRN
5.36,5.3602,5.36,5.36,900,2021-07-09 17:22:00,CGRN
5.31,5.34,5.31,5.34,300,2021-07-09 17:23:00,CGRN
5.34,5.34,5.3101,5.3101,400,2021-07-09 17:24:00,CGRN
5.36,5.37,5.36,5.37,300,2021-07-09 17:32:00,CGRN
5.32,5.32,5.32,5.32,300,2021-07-09 17:34:00,CGRN
5.32,5.33,5.32,5.33,862,2021-07-09 17:38:00,CGRN
5.36,5.36,5.36,5.36,400,2021-07-09 17:43:00,CGRN
5.36,5.36,5.36,5.36,200,2021-07-09 17:44:00,CGRN
5.36,5.36,5.36,5.36,279,2021-07-09 17:53:00,CGRN
5.345,5.345,5.345,5.345,150,2021-07-09 17:55:00,CGRN
5.365,5.365,5.34,5.365,600,2021-07-09 17:59:00,CGRN
5.365,5.365,5.365,5.365,100,2021-07-09 18:00:00,CGRN
5.355,5.355,5.355,5.355,100,2021-07-09 18:02:00,CGRN
5.34,5.34,5.34,5.34,200,2021-07-09 18:15:00,CGRN
5.34,5.34,5.34,5.34,800,2021-07-09 18:16:00,CGRN
5.34,5.34,5.34,5.34,100,2021-07-09 18:20:00,CGRN
5.33,5.33,5.33,5.33,200,2021-07-09 18:23:00,CGRN
5.36,5.36,5.36,5.36,400,2021-07-09 18:25:00,CGRN
5.36,5.37,5.36,5.37,200,2021-07-09 18:32:00,CGRN
5.37,5.37,5.37,5.37,200,2021-07-09 18:39:00,CGRN
5.37,5.37,5.37,5.37,300,2021-07-09 18:40:00,CGRN
5.35,5.35,5.35,5.35,600,2021-07-09 18:42:00,CGRN
5.37,5.37,5.37,5.37,300,2021-07-09 18:46:00,CGRN
5.37,5.39,5.37,5.39,1124,2021-07-09 18:53:00,CGRN
5.39,5.39,5.39,5.39,400,2021-07-09 19:00:00,CGRN
5.39,5.39,5.39,5.39,500,2021-07-09 19:05:00,CGRN
5.39,5.39,5.39,5.39,400,2021-07-09 19:10:00,CGRN
5.39,5.39,5.39,5.39,100,2021-07-09 19:12:00,CGRN
5.39,5.39,5.39,5.39,400,2021-07-09 19:14:00,CGRN
5.38,5.38,5.38,5.38,200,2021-07-09 19:17:00,CGRN
5.38,5.39,5.3656,5.39,2674,2021-07-09 19:19:00,CGRN
5.39,5.39,5.39,5.39,200,2021-07-09 19:20:00,CGRN
5.39,5.39,5.375,5.375,200,2021-07-09 19:21:00,CGRN
5.39,5.39,5.375,5.375,763,2021-07-09 19:22:00,CGRN
5.39,5.39,5.39,5.39,100,2021-07-09 19:23:00,CGRN
5.39,5.39,5.36,5.36,300,2021-07-09 19:24:00,CGRN
5.39,5.39,5.39,5.39,500,2021-07-09 19:25:00,CGRN
5.39,5.39,5.39,5.39,200,2021-07-09 19:27:00,CGRN
5.4,5.4,5.385,5.385,200,2021-07-09 19:28:00,CGRN
5.385,5.4,5.385,5.4,221,2021-07-09 19:29:00,CGRN
5.37,5.4,5.37,5.4,900,2021-07-09 19:30:00,CGRN
5.37,5.37,5.37,5.37,300,2021-07-09 19:31:00,CGRN
5.39,5.4,5.39,5.4,512,2021-07-09 19:32:00,CGRN
5.385,5.385,5.385,5.385,125,2021-07-09 19:33:00,CGRN
5.38,5.38,5.38,5.38,100,2021-07-09 19:34:00,CGRN
5.4,5.4,5.38,5.38,956,2021-07-09 19:35:00,CGRN
5.38,5.38,5.37,5.37,600,2021-07-09 19:36:00,CGRN
5.38,5.38,5.38,5.38,100,2021-07-09 19:38:00,CGRN
5.39,5.39,5.39,5.39,100,2021-07-09 19:39:00,CGRN
5.39,5.39,5.39,5.39,200,2021-07-09 19:40:00,CGRN
5.39,5.39,5.39,5.39,200,2021-07-09 19:41:00,CGRN
5.3601,5.39,5.3601,5.39,204,2021-07-09 19:42:00,CGRN
5.36,5.4,5.36,5.4,700,2021-07-09 19:44:00,CGRN
5.4,5.4,5.4,5.4,100,2021-07-09 19:45:00,CGRN
5.37,5.4,5.3601,5.4,708,2021-07-09 19:46:00,CGRN
5.38,5.39,5.38,5.39,800,2021-07-09 19:47:00,CGRN
5.4,5.4,5.4,5.4,200,2021-07-09 19:48:00,CGRN
5.4,5.4,5.4,5.4,500,2021-07-09 19:49:00,CGRN
5.4,5.4,5.4,5.4,395,2021-07-09 19:50:00,CGRN
5.4,5.4,5.4,5.4,300,2021-07-09 19:51:00,CGRN
5.4,5.4,5.39,5.39,3382,2021-07-09 19:52:00,CGRN
5.4,5.4,5.39,5.3901,1634,2021-07-09 19:53:00,CGRN
5.4,5.4,5.4,5.4,700,2021-07-09 19:54:00,CGRN
5.4,5.4,5.4,5.4,200,2021-07-09 19:55:00,CGRN
5.4,5.4,5.38,5.39,1500,2021-07-09 19:56:00,CGRN
5.4,5.4,5.4,5.4,100,2021-07-09 19:57:00,CGRN
5.4,5.4,5.37,5.38,2262,2021-07-09 19:58:00,CGRN
5.38,5.4,5.37,5.38,997,2021-07-09 19:59:00,CGRN
5.4,5.4,5.4,5.4,1324,2021-07-09 20:00:00,CGRN
5.43,5.48,5.43,5.48,6297,2021-07-12 13:30:00,CGRN
5.43,5.43,5.42,5.42,700,2021-07-12 13:33:00,CGRN
5.42,5.42,5.42,5.42,200,2021-07-12 13:34:00,CGRN
5.36,5.36,5.33,5.33,650,2021-07-12 13:49:00,CGRN
5.28,5.28,5.28,5.28,100,2021-07-12 13:50:00,CGRN
5.26,5.3,5.26,5.3,500,2021-07-12 13:52:00,CGRN
5.22,5.22,5.22,5.22,2500,2021-07-12 13:54:00,CGRN
5.27,5.29,5.27,5.29,1297,2021-07-12 14:01:00,CGRN
5.265,5.265,5.265,5.265,420,2021-07-12 14:02:00,CGRN
5.3073,5.3073,5.3073,5.3073,100,2021-07-12 14:04:00,CGRN
5.23,5.23,5.23,5.23,100,2021-07-12 14:05:00,CGRN
5.24,5.24,5.22,5.22,1700,2021-07-12 14:17:00,CGRN
5.25,5.25,5.25,5.25,165,2021-07-12 14:23:00,CGRN
5.25,5.25,5.25,5.25,190,2021-07-12 14:24:00,CGRN
5.275,5.275,5.275,5.275,100,2021-07-12 14:27:00,CGRN
5.245,5.245,5.245,5.245,100,2021-07-12 14:29:00,CGRN
5.245,5.245,5.245,5.245,200,2021-07-12 14:31:00,CGRN
5.23,5.27,5.23,5.27,200,2021-07-12 14:34:00,CGRN
5.25,5.25,5.25,5.25,200,2021-07-12 14:36:00,CGRN
5.2,5.2,5.2,5.2,1177,2021-07-12 14:40:00,CGRN
5.2,5.2,5.15,5.15,12478,2021-07-12 14:47:00,CGRN
5.14,5.14,5.14,5.14,299,2021-07-12 14:53:00,CGRN
5.11,5.11,5.11,5.11,150,2021-07-12 14:56:00,CGRN
5.15,5.18,5.15,5.18,1100,2021-07-12 14:57:00,CGRN
5.18,5.19,5.18,5.19,2378,2021-07-12 14:58:00,CGRN
5.2,5.2,5.2,5.2,100,2021-07-12 15:04:00,CGRN
5.21,5.21,5.21,5.21,279,2021-07-12 15:05:00,CGRN
5.21,5.21,5.21,5.21,146,2021-07-12 15:09:00,CGRN
5.21,5.21,5.2,5.2,4400,2021-07-12 15:15:00,CGRN
5.2,5.2,5.2,5.2,500,2021-07-12 15:23:00,CGRN
5.21,5.25,5.21,5.25,300,2021-07-12 15:41:00,CGRN
5.235,5.235,5.235,5.235,100,2021-07-12 15:49:00,CGRN
5.23,5.25,5.23,5.2499,1700,2021-07-12 15:51:00,CGRN
5.27,5.27,5.26,5.26,300,2021-07-12 16:00:00,CGRN
5.22,5.22,5.22,5.22,200,2021-07-12 16:22:00,CGRN
5.2,5.2,5.2,5.2,200,2021-07-12 16:27:00,CGRN
5.17,5.18,5.17,5.17,1810,2021-07-12 16:28:00,CGRN
5.18,5.18,5.16,5.17,300,2021-07-12 16:30:00,CGRN
5.17,5.17,5.17,5.17,123,2021-07-12 16:38:00,CGRN
5.19,5.2,5.19,5.19,400,2021-07-12 16:52:00,CGRN
5.25,5.25,5.19,5.19,2520,2021-07-12 17:01:00,CGRN
5.24,5.24,5.24,5.24,100,2021-07-12 18:10:00,CGRN
5.19,5.19,5.19,5.19,100,2021-07-12 18:16:00,CGRN
5.18,5.18,5.18,5.18,500,2021-07-12 18:17:00,CGRN
5.23,5.23,5.23,5.23,100,2021-07-12 18:21:00,CGRN
5.22,5.24,5.22,5.2299,1100,2021-07-12 18:27:00,CGRN
5.29,5.29,5.29,5.29,100,2021-07-12 18:31:00,CGRN
5.24,5.24,5.24,5.24,400,2021-07-12 18:34:00,CGRN
5.29,5.29,5.29,5.29,100,2021-07-12 18:41:00,CGRN
5.245,5.2508,5.2435,5.2472,1000,2021-07-12 18:46:00,CGRN
5.245,5.26,5.24,5.26,3447,2021-07-12 18:47:00,CGRN
5.26,5.26,5.26,5.26,100,2021-07-12 18:59:00,CGRN
5.2,5.2,5.2,5.2,200,2021-07-12 19:05:00,CGRN
5.27,5.27,5.27,5.27,100,2021-07-12 19:08:00,CGRN
5.2521,5.2521,5.2521,5.2521,200,2021-07-12 19:12:00,CGRN
5.27,5.27,5.27,5.27,200,2021-07-12 19:20:00,CGRN
5.21,5.21,5.21,5.21,150,2021-07-12 19:21:00,CGRN
5.24,5.24,5.24,5.24,100,2021-07-12 19:26:00,CGRN
5.245,5.245,5.245,5.245,100,2021-07-12 19:28:00,CGRN
5.245,5.245,5.22,5.22,300,2021-07-12 19:33:00,CGRN
5.27,5.27,5.27,5.27,100,2021-07-12 19:35:00,CGRN
5.2245,5.27,5.2245,5.27,563,2021-07-12 19:37:00,CGRN
5.27,5.27,5.27,5.27,100,2021-07-12 19:38:00,CGRN
5.27,5.27,5.245,5.245,200,2021-07-12 19:40:00,CGRN
5.26,5.26,5.26,5.26,100,2021-07-12 19:42:00,CGRN
5.22,5.22,5.22,5.22,311,2021-07-12 19:43:00,CGRN
5.25,5.25,5.25,5.25,100,2021-07-12 19:45:00,CGRN
5.2238,5.2238,5.2238,5.2238,300,2021-07-12 19:46:00,CGRN
5.25,5.25,5.25,5.25,100,2021-07-12 19:47:00,CGRN
5.25,5.25,5.25,5.25,100,2021-07-12 19:49:00,CGRN
5.25,5.25,5.25,5.25,3629,2021-07-12 19:51:00,CGRN
5.25,5.25,5.25,5.25,100,2021-07-12 19:53:00,CGRN
5.25,5.25,5.25,5.25,100,2021-07-12 19:54:00,CGRN
5.24,5.24,5.24,5.24,500,2021-07-12 19:55:00,CGRN
5.25,5.26,5.24,5.25,5295,2021-07-12 19:56:00,CGRN
5.25,5.25,5.24,5.249,577,2021-07-12 19:57:00,CGRN
5.25,5.25,5.25,5.25,100,2021-07-12 19:58:00,CGRN
5.25,5.25,5.24,5.24,793,2021-07-12 19:59:00,CGRN
5.24,5.24,5.24,5.24,2435,2021-07-12 20:00:00,CGRN
5.23,5.23,5.23,5.23,1476,2021-07-13 13:30:00,CGRN
5.16,5.16,5.16,5.16,200,2021-07-13 13:41:00,CGRN
5.14,5.14,5.13,5.13,400,2021-07-13 13:47:00,CGRN
5.14,5.14,5.14,5.14,1500,2021-07-13 13:51:00,CGRN
5.14,5.14,5.14,5.14,4934,2021-07-13 13:58:00,CGRN
5.105,5.105,5.1,5.1,4443,2021-07-13 13:59:00,CGRN
5.07,5.1,5.06,5.1,700,2021-07-13 14:04:00,CGRN
5.0749,5.0749,5.055,5.055,778,2021-07-13 14:06:00,CGRN
5.0597,5.0597,5.0597,5.0597,100,2021-07-13 14:11:00,CGRN
5.0495,5.0495,5.0495,5.0495,100,2021-07-13 14:15:00,CGRN
5.04,5.04,5.04,5.04,100,2021-07-13 14:16:00,CGRN
5.0449,5.0449,5.0449,5.0449,200,2021-07-13 14:18:00,CGRN
5.04,5.0505,5.04,5.0505,3100,2021-07-13 14:20:00,CGRN
5.07,5.07,5.07,5.07,100,2021-07-13 14:21:00,CGRN
5.07,5.07,5.07,5.07,1400,2021-07-13 14:23:00,CGRN
5.1,5.1,5.1,5.1,2000,2021-07-13 14:26:00,CGRN
5.09,5.09,5.09,5.09,100,2021-07-13 14:27:00,CGRN
5.05,5.05,5.05,5.05,100,2021-07-13 14:32:00,CGRN
5.0501,5.09,5.0501,5.09,300,2021-07-13 14:33:00,CGRN
5.0566,5.06,5.05,5.05,300,2021-07-13 14:36:00,CGRN
5.05,5.05,5.01,5.01,300,2021-07-13 14:38:00,CGRN
5.05,5.05,5.05,5.05,100,2021-07-13 14:41:00,CGRN
5.06,5.0699,5.05,5.06,2300,2021-07-13 14:44:00,CGRN
5.07,5.07,5.07,5.07,100,2021-07-13 14:46:00,CGRN
5.08,5.1,5.0747,5.1,1800,2021-07-13 14:49:00,CGRN
5.09,5.09,5.07,5.07,200,2021-07-13 14:50:00,CGRN
5.07,5.08,5.07,5.08,565,2021-07-13 14:51:00,CGRN
5.08,5.08,5.08,5.08,100,2021-07-13 14:53:00,CGRN
5.08,5.08,5.08,5.08,100,2021-07-13 14:54:00,CGRN
5.03,5.03,5.03,5.03,300,2021-07-13 14:58:00,CGRN
5.089,5.09,5.08,5.08,2200,2021-07-13 14:59:00,CGRN
5.06,5.06,5.06,5.06,1000,2021-07-13 15:00:00,CGRN
5.08,5.08,5.08,5.08,100,2021-07-13 15:01:00,CGRN
5.06,5.09,5.06,5.09,1100,2021-07-13 15:02:00,CGRN
5.09,5.09,5.09,5.09,200,2021-07-13 15:04:00,CGRN
5.09,5.09,5.09,5.09,100,2021-07-13 15:06:00,CGRN
5.09,5.09,5.09,5.09,600,2021-07-13 15:07:00,CGRN
5.1,5.1,5.099,5.099,430,2021-07-13 15:09:00,CGRN
5.1,5.17,5.1,5.17,6552,2021-07-13 15:10:00,CGRN
5.18,5.18,5.145,5.145,200,2021-07-13 15:11:00,CGRN
5.1313,5.1313,5.1313,5.1313,2000,2021-07-13 15:13:00,CGRN
5.1201,5.1201,5.1201,5.1201,1000,2021-07-13 15:20:00,CGRN
5.1,5.1,5.1,5.1,100,2021-07-13 15:21:00,CGRN
5.0929,5.0929,5.0929,5.0929,100,2021-07-13 15:23:00,CGRN
5.0998,5.0998,5.0998,5.0998,500,2021-07-13 15:27:00,CGRN
5.087,5.087,5.08,5.08,1100,2021-07-13 15:28:00,CGRN
5.03,5.03,5.03,5.03,200,2021-07-13 15:29:00,CGRN
5.08,5.09,5.08,5.09,900,2021-07-13 15:33:00,CGRN
5.0846,5.0846,5.0846,5.0846,150,2021-07-13 15:35:00,CGRN
5.11,5.11,5.11,5.11,100,2021-07-13 15:36:00,CGRN
5.07,5.07,5.06,5.06,200,2021-07-13 15:42:00,CGRN
5.03,5.07,5.03,5.07,300,2021-07-13 15:53:00,CGRN
5.05,5.05,5.05,5.05,200,2021-07-13 15:55:00,CGRN
5.05,5.05,5.05,5.05,100,2021-07-13 16:03:00,CGRN
5.085,5.1,5.085,5.1,1425,2021-07-13 16:12:00,CGRN
5.09,5.11,5.09,5.11,490,2021-07-13 16:30:00,CGRN
5.1,5.1,5.1,5.1,175,2021-07-13 16:47:00,CGRN
5.1399,5.1399,5.1399,5.1399,2000,2021-07-13 16:50:00,CGRN
5.12,5.13,5.105,5.105,865,2021-07-13 16:59:00,CGRN
5.09,5.09,5.09,5.09,200,2021-07-13 17:03:00,CGRN
5.07,5.07,5.06,5.06,200,2021-07-13 17:07:00,CGRN
5.06,5.07,5.04,5.0503,5066,2021-07-13 17:22:00,CGRN
5.0511,5.0511,5.05,5.05,1108,2021-07-13 17:30:00,CGRN
5.05,5.05,5.05,5.05,100,2021-07-13 17:41:00,CGRN
5.0501,5.0501,5.05,5.05,1267,2021-07-13 17:44:00,CGRN
5.05,5.05,5.05,5.05,200,2021-07-13 18:02:00,CGRN
5.05,5.05,5.05,5.05,100,2021-07-13 18:03:00,CGRN
5.09,5.09,5.09,5.09,100,2021-07-13 18:10:00,CGRN
5.075,5.075,5.075,5.075,100,2021-07-13 18:14:00,CGRN
5.1,5.1,5.1,5.1,3450,2021-07-13 18:15:00,CGRN
5.1,5.1,5.1,5.1,200,2021-07-13 18:16:00,CGRN
5.1,5.1,5.1,5.1,100,2021-07-13 18:17:00,CGRN
5.0912,5.0912,5.0912,5.0912,400,2021-07-13 18:19:00,CGRN
5.1,5.15,5.1,5.12,300,2021-07-13 18:21:00,CGRN
5.15,5.15,5.14,5.14,200,2021-07-13 18:32:00,CGRN
5.19,5.19,5.19,5.19,100,2021-07-13 18:42:00,CGRN
5.19,5.19,5.19,5.19,100,2021-07-13 18:52:00,CGRN
5.1,5.11,5.06,5.06,2200,2021-07-13 18:53:00,CGRN
5.053,5.053,5.053,5.053,2000,2021-07-13 19:02:00,CGRN
5.06,5.06,5.06,5.06,100,2021-07-13 19:03:00,CGRN
5.1056,5.1056,5.1056,5.1056,300,2021-07-13 19:06:00,CGRN
5.11,5.145,5.11,5.145,500,2021-07-13 19:09:00,CGRN
5.0555,5.095,5.0555,5.095,1100,2021-07-13 19:14:00,CGRN
5.1,5.12,5.1,5.12,370,2021-07-13 19:17:00,CGRN
5.12,5.12,5.12,5.12,300,2021-07-13 19:21:00,CGRN
5.115,5.115,5.115,5.115,100,2021-07-13 19:25:00,CGRN
5.11,5.11,5.11,5.11,100,2021-07-13 19:28:00,CGRN
5.1,5.1,5.075,5.075,1982,2021-07-13 19:30:00,CGRN
5.09,5.1,5.09,5.1,800,2021-07-13 19:31:00,CGRN
5.1049,5.1049,5.0647,5.0647,5400,2021-07-13 19:36:00,CGRN
5.07,5.07,5.07,5.07,1000,2021-07-13 19:43:00,CGRN
5.07,5.09,5.07,5.09,9901,2021-07-13 19:44:00,CGRN
5.08,5.1,5.04,5.04,28709,2021-07-13 19:45:00,CGRN
5.035,5.035,5.035,5.035,100,2021-07-13 19:46:00,CGRN
5.02,5.02,5.02,5.02,100,2021-07-13 19:47:00,CGRN
5.05,5.05,5.05,5.05,600,2021-07-13 19:48:00,CGRN
5.02,5.05,5.02,5.05,1300,2021-07-13 19:49:00,CGRN
5.02,5.02,5.02,5.02,200,2021-07-13 19:51:00,CGRN
5.0273,5.0273,5.0273,5.0273,125,2021-07-13 19:52:00,CGRN
5.0699,5.0699,5.0699,5.0699,147,2021-07-13 19:53:00,CGRN
5.0699,5.0699,5.0699,5.0699,258,2021-07-13 19:54:00,CGRN
5.03,5.0672,5.03,5.0642,697,2021-07-13 19:55:00,CGRN
5.0699,5.0699,5.0699,5.0699,175,2021-07-13 19:57:00,CGRN
5.05,5.05,5.02,5.02,2595,2021-07-13 19:59:00,CGRN
5.05,5.05,5.05,5.05,1247,2021-07-13 20:00:00,CGRN
5.09,5.19,5.09,5.19,996,2021-07-14 12:00:00,CGRN
5.3,5.3,5.3,5.3,250,2021-07-14 12:01:00,CGRN
5.3,5.3,5.15,5.15,400,2021-07-14 12:05:00,CGRN
5.15,5.15,5.15,5.15,100,2021-07-14 12:18:00,CGRN
5.06,5.06,4.99,4.99,3771,2021-07-14 13:25:00,CGRN
4.99,4.99,4.95,4.99,2050,2021-07-14 13:27:00,CGRN
5.0,5.0,4.99,4.99,2210,2021-07-14 13:28:00,CGRN
4.9,5.0,4.9,4.9052,33571,2021-07-14 13:30:00,CGRN
4.91,4.91,4.9,4.9,504,2021-07-14 13:31:00,CGRN
4.97,4.97,4.97,4.97,656,2021-07-14 13:32:00,CGRN
4.95,4.9662,4.95,4.9662,229,2021-07-14 13:33:00,CGRN
4.94,4.94,4.94,4.94,4000,2021-07-14 13:34:00,CGRN
4.94,4.9585,4.935,4.935,2200,2021-07-14 13:35:00,CGRN
4.95,4.975,4.95,4.975,200,2021-07-14 13:36:00,CGRN
4.98,5.0,4.98,5.0,400,2021-07-14 13:37:00,CGRN
5.04,5.04,5.03,5.03,200,2021-07-14 13:39:00,CGRN
5.01,5.04,5.01,5.04,600,2021-07-14 13:40:00,CGRN
5.0322,5.0322,5.0322,5.0322,100,2021-07-14 13:41:00,CGRN
5.03,5.03,5.03,5.03,500,2021-07-14 13:44:00,CGRN
4.96,4.96,4.96,4.96,100,2021-07-14 13:46:00,CGRN
4.9501,4.9501,4.92,4.92,1665,2021-07-14 13:47:00,CGRN
4.93,4.93,4.93,4.93,5900,2021-07-14 13:53:00,CGRN
4.995,4.995,4.995,4.995,100,2021-07-14 14:06:00,CGRN
5.0328,5.0328,5.0328,5.0328,200,2021-07-14 14:09:00,CGRN
5.0,5.04,5.0,5.04,700,2021-07-14 14:10:00,CGRN
5.015,5.05,5.015,5.05,300,2021-07-14 14:12:00,CGRN
5.0499,5.0499,5.0499,5.0499,200,2021-07-14 14:15:00,CGRN
5.02,5.02,5.02,5.02,626,2021-07-14 14:20:00,CGRN
5.02,5.02,5.0,5.01,500,2021-07-14 14:28:00,CGRN
4.99,4.99,4.98,4.98,600,2021-07-14 14:30:00,CGRN
4.96,4.96,4.96,4.96,213,2021-07-14 14:31:00,CGRN
4.975,4.9895,4.975,4.9895,299,2021-07-14 14:32:00,CGRN
5.0,5.0,5.0,5.0,149,2021-07-14 14:34:00,CGRN
5.0,5.0,5.0,5.0,500,2021-07-14 14:38:00,CGRN
5.0,5.0,5.0,5.0,104,2021-07-14 14:39:00,CGRN
4.96,4.9618,4.96,4.9618,2400,2021-07-14 14:40:00,CGRN
4.96,4.98,4.96,4.98,1600,2021-07-14 14:41:00,CGRN
4.9999,4.9999,4.9999,4.9999,1000,2021-07-14 14:45:00,CGRN
4.98,4.98,4.98,4.98,2000,2021-07-14 14:47:00,CGRN
4.96,4.96,4.96,4.96,500,2021-07-14 14:48:00,CGRN
4.96,4.96,4.96,4.96,100,2021-07-14 14:51:00,CGRN
4.95,4.95,4.95,4.95,1438,2021-07-14 14:52:00,CGRN
4.95,4.95,4.95,4.95,100,2021-07-14 14:53:00,CGRN
4.92,4.92,4.9123,4.9123,2749,2021-07-14 14:56:00,CGRN
4.94,4.94,4.94,4.94,404,2021-07-14 15:00:00,CGRN
4.93,4.93,4.93,4.93,300,2021-07-14 15:02:00,CGRN
4.93,4.93,4.925,4.925,1700,2021-07-14 15:03:00,CGRN
4.94,4.94,4.94,4.94,100,2021-07-14 15:05:00,CGRN
4.925,4.925,4.925,4.925,200,2021-07-14 15:08:00,CGRN
4.92,4.92,4.91,4.91,937,2021-07-14 15:09:00,CGRN
4.905,4.905,4.88,4.88,3252,2021-07-14 15:10:00,CGRN
4.9,4.9,4.9,4.9,2000,2021-07-14 15:14:00,CGRN
4.9152,4.9152,4.91,4.91,300,2021-07-14 15:17:00,CGRN
4.89,4.89,4.89,4.89,155,2021-07-14 15:18:00,CGRN
4.89,4.89,4.89,4.89,500,2021-07-14 15:20:00,CGRN
4.9,4.92,4.89,4.89,2700,2021-07-14 15:21:00,CGRN
4.9,4.9,4.9,4.9,100,2021-07-14 15:22:00,CGRN
4.9,4.9,4.8863,4.8863,1300,2021-07-14 15:23:00,CGRN
4.8899,4.89,4.8899,4.89,200,2021-07-14 15:24:00,CGRN
4.88,4.88,4.88,4.88,141,2021-07-14 15:25:00,CGRN
4.88,4.88,4.8786,4.8786,900,2021-07-14 15:26:00,CGRN
4.87,4.87,4.87,4.87,200,2021-07-14 15:29:00,CGRN
4.87,4.87,4.87,4.87,100,2021-07-14 15:30:00,CGRN
4.87,4.87,4.87,4.87,1698,2021-07-14 15:32:00,CGRN
4.885,4.885,4.885,4.885,400,2021-07-14 15:33:00,CGRN
4.8999,4.8999,4.8999,4.8999,199,2021-07-14 15:34:00,CGRN
4.9,4.9,4.9,4.9,2000,2021-07-14 15:35:00,CGRN
4.87,4.88,4.87,4.88,1723,2021-07-14 15:39:00,CGRN
4.88,4.88,4.88,4.88,200,2021-07-14 15:40:00,CGRN
4.8799,4.8799,4.85,4.85,3296,2021-07-14 15:41:00,CGRN
4.85,4.85,4.85,4.85,2000,2021-07-14 15:43:00,CGRN
4.84,4.84,4.83,4.83,686,2021-07-14 15:44:00,CGRN
4.8316,4.8316,4.8316,4.8316,100,2021-07-14 15:45:00,CGRN
4.835,4.84,4.825,4.84,400,2021-07-14 15:46:00,CGRN
4.83,4.83,4.83,4.83,400,2021-07-14 15:47:00,CGRN
4.84,4.84,4.84,4.84,500,2021-07-14 15:49:00,CGRN
4.83,4.83,4.82,4.82,400,2021-07-14 15:52:00,CGRN
4.86,4.86,4.86,4.86,100,2021-07-14 15:53:00,CGRN
4.82,4.82,4.82,4.82,100,2021-07-14 16:01:00,CGRN
4.85,4.85,4.84,4.84,8400,2021-07-14 16:07:00,CGRN
4.9,4.9,4.89,4.89,200,2021-07-14 16:11:00,CGRN
4.87,4.87,4.87,4.87,250,2021-07-14 16:12:00,CGRN
4.9,4.9,4.9,4.9,100,2021-07-14 16:13:00,CGRN
4.9,4.9,4.9,4.9,100,2021-07-14 16:19:00,CGRN
4.8999,4.8999,4.8999,4.8999,200,2021-07-14 16:26:00,CGRN
4.8601,4.8601,4.8601,4.8601,300,2021-07-14 16:27:00,CGRN
4.875,4.875,4.875,4.875,950,2021-07-14 16:31:00,CGRN
4.9,4.9,4.9,4.9,100,2021-07-14 16:41:00,CGRN
4.88,4.88,4.88,4.88,2100,2021-07-14 16:47:00,CGRN
4.8654,4.8654,4.8654,4.8654,600,2021-07-14 16:50:00,CGRN
4.86,4.86,4.86,4.86,100,2021-07-14 16:52:00,CGRN
4.8722,4.8722,4.8722,4.8722,100,2021-07-14 16:54:00,CGRN
4.88,4.88,4.88,4.88,100,2021-07-14 17:02:00,CGRN
4.86,4.86,4.86,4.86,100,2021-07-14 17:05:00,CGRN
4.86,4.86,4.85,4.86,300,2021-07-14 17:10:00,CGRN
4.86,4.86,4.86,4.86,100,2021-07-14 17:11:00,CGRN
4.87,4.87,4.87,4.87,100,2021-07-14 17:14:00,CGRN
4.87,4.87,4.87,4.87,956,2021-07-14 17:16:00,CGRN
4.87,4.87,4.87,4.87,100,2021-07-14 17:17:00,CGRN
4.88,4.88,4.88,4.88,291,2021-07-14 17:19:00,CGRN
4.85,4.86,4.85,4.86,430,2021-07-14 17:20:00,CGRN
4.88,4.88,4.88,4.88,100,2021-07-14 17:21:00,CGRN
4.84,4.8497,4.81,4.8497,7647,2021-07-14 17:26:00,CGRN
4.8469,4.8469,4.835,4.835,1200,2021-07-14 17:27:00,CGRN
4.83,4.83,4.83,4.83,100,2021-07-14 17:28:00,CGRN
4.8203,4.8203,4.8203,4.8203,1200,2021-07-14 17:30:00,CGRN
4.8201,4.8201,4.8201,4.8201,270,2021-07-14 17:31:00,CGRN
4.8201,4.8201,4.8201,4.8201,1100,2021-07-14 17:32:00,CGRN
4.8201,4.8201,4.8201,4.8201,5900,2021-07-14 17:33:00,CGRN
4.8655,4.8655,4.8201,4.8201,5200,2021-07-14 17:34:00,CGRN
4.8642,4.8642,4.8642,4.8642,100,2021-07-14 17:36:00,CGRN
4.86,4.86,4.86,4.86,100,2021-07-14 17:40:00,CGRN
4.86,4.86,4.86,4.86,100,2021-07-14 17:43:00,CGRN
4.85,4.85,4.85,4.85,250,2021-07-14 17:44:00,CGRN
4.88,4.88,4.88,4.88,100,2021-07-14 17:46:00,CGRN
4.88,4.88,4.88,4.88,100,2021-07-14 17:47:00,CGRN
4.88,4.88,4.88,4.88,100,2021-07-14 17:57:00,CGRN
4.83,4.83,4.83,4.83,592,2021-07-14 18:08:00,CGRN
4.83,4.83,4.83,4.83,300,2021-07-14 18:11:00,CGRN
4.87,4.87,4.87,4.87,100,2021-07-14 18:17:00,CGRN
4.88,4.88,4.855,4.855,250,2021-07-14 18:23:00,CGRN
4.8335,4.8335,4.8335,4.8335,1000,2021-07-14 18:26:00,CGRN
4.83,4.83,4.83,4.83,1073,2021-07-14 18:28:00,CGRN
4.83,4.83,4.82,4.82,1179,2021-07-14 18:32:00,CGRN
4.82,4.82,4.82,4.82,893,2021-07-14 18:33:00,CGRN
4.81,4.81,4.78,4.78,3568,2021-07-14 18:34:00,CGRN
4.78,4.78,4.78,4.78,100,2021-07-14 18:35:00,CGRN
4.78,4.78,4.78,4.78,100,2021-07-14 18:36:00,CGRN
4.7701,4.78,4.7701,4.78,2600,2021-07-14 18:38:00,CGRN
4.78,4.78,4.78,4.78,300,2021-07-14 18:39:00,CGRN
4.77,4.785,4.77,4.785,300,2021-07-14 18:40:00,CGRN
4.79,4.79,4.79,4.79,100,2021-07-14 18:44:00,CGRN
4.8,4.8,4.8,4.8,677,2021-07-14 18:45:00,CGRN
4.79,4.79,4.78,4.78,700,2021-07-14 18:46:00,CGRN
4.8,4.8,4.8,4.8,100,2021-07-14 18:50:00,CGRN
4.8065,4.8065,4.8065,4.8065,100,2021-07-14 18:51:00,CGRN
4.79,4.79,4.79,4.79,100,2021-07-14 18:52:00,CGRN
4.795,4.795,4.795,4.795,100,2021-07-14 18:55:00,CGRN
4.81,4.81,4.81,4.81,100,2021-07-14 18:56:00,CGRN
4.8051,4.8051,4.8051,4.8051,140,2021-07-14 18:58:00,CGRN
4.81,4.81,4.81,4.81,100,2021-07-14 18:59:00,CGRN
4.7954,4.81,4.7954,4.81,900,2021-07-14 19:02:00,CGRN
4.7999,4.8,4.7999,4.8,1200,2021-07-14 19:07:00,CGRN
4.76,4.77,4.76,4.77,652,2021-07-14 19:08:00,CGRN
4.81,4.81,4.81,4.81,100,2021-07-14 19:09:00,CGRN
4.8099,4.8099,4.8099,4.8099,100,2021-07-14 19:10:00,CGRN
4.81,4.81,4.81,4.81,100,2021-07-14 19:12:00,CGRN
4.78,4.78,4.77,4.77,1250,2021-07-14 19:15:00,CGRN
4.76,4.79,4.73,4.79,9764,2021-07-14 19:17:00,CGRN
4.75,4.75,4.75,4.75,2959,2021-07-14 19:20:00,CGRN
4.77,4.77,4.77,4.77,100,2021-07-14 19:22:00,CGRN
4.79,4.79,4.79,4.79,100,2021-07-14 19:25:00,CGRN
4.79,4.79,4.79,4.79,100,2021-07-14 19:27:00,CGRN
4.765,4.765,4.765,4.765,1000,2021-07-14 19:28:00,CGRN
4.77,4.77,4.75,4.75,800,2021-07-14 19:29:00,CGRN
4.78,4.78,4.78,4.78,100,2021-07-14 19:31:00,CGRN
4.765,4.7799,4.76,4.76,431,2021-07-14 19:33:00,CGRN
4.75,4.75,4.75,4.75,600,2021-07-14 19:34:00,CGRN
4.7599,4.7599,4.75,4.75,442,2021-07-14 19:36:00,CGRN
4.74,4.74,4.74,4.74,100,2021-07-14 19:37:00,CGRN
4.76,4.76,4.76,4.76,100,2021-07-14 19:38:00,CGRN
4.74,4.74,4.7399,4.7399,926,2021-07-14 19:39:00,CGRN
4.7399,4.74,4.7399,4.74,1300,2021-07-14 19:40:00,CGRN
4.73,4.75,4.73,4.7392,1820,2021-07-14 19:41:00,CGRN
4.74,4.74,4.7399,4.7399,300,2021-07-14 19:43:00,CGRN
4.7399,4.7399,4.7399,4.7399,300,2021-07-14 19:44:00,CGRN
4.7386,4.7386,4.7386,4.7386,192,2021-07-14 19:45:00,CGRN
4.7392,4.74,4.7301,4.74,427,2021-07-14 19:47:00,CGRN
4.7483,4.7483,4.7483,4.7483,158,2021-07-14 19:48:00,CGRN
4.73,4.739,4.73,4.739,2631,2021-07-14 19:49:00,CGRN
4.73,4.73,4.7299,4.7299,388,2021-07-14 19:50:00,CGRN
4.735,4.735,4.735,4.735,100,2021-07-14 19:52:00,CGRN
4.7296,4.74,4.72,4.74,740,2021-07-14 19:53:00,CGRN
4.7387,4.74,4.73,4.7399,2892,2021-07-14 19:54:00,CGRN
4.72,4.76,4.72,4.76,5068,2021-07-14 19:55:00,CGRN
4.75,4.78,4.75,4.78,1043,2021-07-14 19:57:00,CGRN
4.78,4.78,4.76,4.76,300,2021-07-14 19:58:00,CGRN
4.75,4.77,4.75,4.77,7221,2021-07-14 19:59:00,CGRN
4.75,4.75,4.75,4.75,6533,2021-07-14 20:00:00,CGRN
4.79,4.79,4.79,4.79,1000,2021-07-14 21:50:00,CGRN
4.79,4.79,4.79,4.79,125,2021-07-15 12:55:00,CGRN
4.76,4.76,4.76,4.76,751,2021-07-15 13:30:00,CGRN
4.72,4.72,4.72,4.72,175,2021-07-15 13:31:00,CGRN
4.72,4.72,4.7,4.7,1146,2021-07-15 13:35:00,CGRN
4.715,4.715,4.7,4.7,1504,2021-07-15 13:37:00,CGRN
4.7,4.7,4.68,4.68,2750,2021-07-15 13:39:00,CGRN
4.6601,4.6605,4.66,4.66,14857,2021-07-15 13:40:00,CGRN
4.6718,4.6718,4.66,4.66,2818,2021-07-15 13:41:00,CGRN
4.65,4.65,4.6102,4.6102,200,2021-07-15 13:42:00,CGRN
4.61,4.61,4.61,4.61,300,2021-07-15 13:44:00,CGRN
4.6201,4.6201,4.6201,4.6201,214,2021-07-15 13:46:00,CGRN
4.7899,4.7899,4.7899,4.7899,100,2021-07-15 13:51:00,CGRN
4.7301,4.7301,4.7301,4.7301,150,2021-07-15 13:52:00,CGRN
4.79,4.79,4.79,4.79,110,2021-07-15 13:55:00,CGRN
4.9399,4.9399,4.9399,4.9399,1100,2021-07-15 13:57:00,CGRN
4.76,4.76,4.76,4.76,500,2021-07-15 13:58:00,CGRN
4.82,4.82,4.81,4.811,1500,2021-07-15 14:03:00,CGRN
4.81,4.81,4.81,4.81,100,2021-07-15 14:05:00,CGRN
4.81,4.81,4.81,4.81,100,2021-07-15 14:06:00,CGRN
4.9299,4.9299,4.87,4.87,201,2021-07-15 14:07:00,CGRN
4.92,4.92,4.92,4.92,200,2021-07-15 14:09:00,CGRN
4.82,4.82,4.74,4.74,1985,2021-07-15 14:12:00,CGRN
4.74,4.74,4.74,4.74,372,2021-07-15 14:14:00,CGRN
4.78,4.78,4.74,4.74,200,2021-07-15 14:15:00,CGRN
4.72,4.72,4.72,4.72,100,2021-07-15 14:23:00,CGRN
4.745,4.745,4.71,4.71,200,2021-07-15 14:25:00,CGRN
4.7135,4.7135,4.7135,4.7135,100,2021-07-15 14:29:00,CGRN
4.752,4.752,4.752,4.752,290,2021-07-15 14:30:00,CGRN
4.7,4.7,4.7,4.7,100,2021-07-15 14:34:00,CGRN
4.7099,4.7099,4.7099,4.7099,106,2021-07-15 14:35:00,CGRN
4.66,4.66,4.64,4.65,970,2021-07-15 14:38:00,CGRN
4.61,4.64,4.61,4.62,5324,2021-07-15 14:40:00,CGRN
4.66,4.66,4.66,4.66,1213,2021-07-15 14:42:00,CGRN
4.67,4.67,4.67,4.67,100,2021-07-15 14:43:00,CGRN
4.64,4.65,4.63,4.63,2800,2021-07-15 14:44:00,CGRN
4.65,4.65,4.62,4.62,200,2021-07-15 14:45:00,CGRN
4.6,4.61,4.6,4.61,600,2021-07-15 14:50:00,CGRN
4.65,4.66,4.65,4.66,300,2021-07-15 14:53:00,CGRN
4.68,4.68,4.68,4.68,200,2021-07-15 14:56:00,CGRN
4.71,4.75,4.71,4.71,1102,2021-07-15 15:01:00,CGRN
4.725,4.725,4.725,4.725,100,2021-07-15 15:02:00,CGRN
4.66,4.66,4.66,4.66,100,2021-07-15 15:03:00,CGRN
4.66,4.66,4.65,4.65,400,2021-07-15 15:07:00,CGRN
4.65,4.65,4.65,4.65,400,2021-07-15 15:11:00,CGRN
4.7116,4.7116,4.7116,4.7116,200,2021-07-15 15:13:00,CGRN
4.65,4.65,4.65,4.65,300,2021-07-15 15:16:00,CGRN
4.685,4.685,4.685,4.685,100,2021-07-15 15:18:00,CGRN
4.65,4.65,4.65,4.65,100,2021-07-15 15:21:00,CGRN
4.65,4.65,4.65,4.65,100,2021-07-15 15:27:00,CGRN
4.6578,4.6578,4.6578,4.6578,110,2021-07-15 15:32:00,CGRN
4.65,4.65,4.65,4.65,400,2021-07-15 15:35:00,CGRN
4.68,4.68,4.68,4.68,114,2021-07-15 15:36:00,CGRN
4.6499,4.65,4.62,4.65,2422,2021-07-15 15:44:00,CGRN
4.69,4.69,4.69,4.69,139,2021-07-15 15:49:00,CGRN
4.64,4.64,4.64,4.64,100,2021-07-15 15:50:00,CGRN
4.61,4.64,4.61,4.64,200,2021-07-15 16:00:00,CGRN
4.6,4.6,4.6,4.6,585,2021-07-15 16:02:00,CGRN
4.6,4.6,4.6,4.6,100,2021-07-15 16:04:00,CGRN
4.6,4.61,4.6,4.61,4659,2021-07-15 16:05:00,CGRN
4.56,4.56,4.56,4.56,1000,2021-07-15 16:07:00,CGRN
4.6094,4.6094,4.6094,4.6094,150,2021-07-15 16:08:00,CGRN
4.61,4.61,4.6099,4.6099,943,2021-07-15 16:13:00,CGRN
4.56,4.56,4.56,4.56,278,2021-07-15 16:15:00,CGRN
4.59,4.59,4.59,4.59,100,2021-07-15 16:18:00,CGRN
4.575,4.575,4.575,4.575,100,2021-07-15 16:20:00,CGRN
4.58,4.58,4.58,4.58,1000,2021-07-15 16:21:00,CGRN
4.6,4.6,4.58,4.58,300,2021-07-15 16:24:00,CGRN
4.63,4.63,4.63,4.63,200,2021-07-15 16:27:00,CGRN
4.56,4.63,4.56,4.63,405,2021-07-15 16:28:00,CGRN
4.6126,4.6126,4.6126,4.6126,100,2021-07-15 16:29:00,CGRN
4.6,4.615,4.6,4.615,2100,2021-07-15 16:32:00,CGRN
4.63,4.63,4.63,4.63,100,2021-07-15 16:37:00,CGRN
4.63,4.63,4.63,4.63,100,2021-07-15 16:38:00,CGRN
4.6,4.6,4.6,4.6,100,2021-07-15 16:39:00,CGRN
4.63,4.63,4.6242,4.6242,292,2021-07-15 16:41:00,CGRN
4.63,4.64,4.63,4.64,500,2021-07-15 16:45:00,CGRN
4.63,4.63,4.63,4.63,100,2021-07-15 16:46:00,CGRN
4.64,4.64,4.63,4.63,200,2021-07-15 16:48:00,CGRN
4.62,4.62,4.62,4.62,400,2021-07-15 16:53:00,CGRN
4.6,4.61,4.6,4.61,1084,2021-07-15 16:59:00,CGRN
4.58,4.5915,4.58,4.5915,999,2021-07-15 17:00:00,CGRN
4.57,4.57,4.57,4.57,100,2021-07-15 17:03:00,CGRN
4.5931,4.5931,4.5931,4.5931,338,2021-07-15 17:06:00,CGRN
4.6,4.6,4.6,4.6,100,2021-07-15 17:14:00,CGRN
4.5875,4.5875,4.5875,4.5875,1000,2021-07-15 17:19:00,CGRN
4.56,4.56,4.56,4.56,200,2021-07-15 17:21:00,CGRN
4.575,4.575,4.575,4.575,200,2021-07-15 17:23:00,CGRN
4.58,4.58,4.56,4.57,2900,2021-07-15 17:24:00,CGRN
4.55,4.55,4.55,4.55,100,2021-07-15 17:25:00,CGRN
4.5763,4.5763,4.55,4.55,319,2021-07-15 17:26:00,CGRN
4.58,4.58,4.58,4.58,100,2021-07-15 17:28:00,CGRN
4.5649,4.5649,4.5599,4.5599,2000,2021-07-15 17:32:00,CGRN
4.5573,4.56,4.5573,4.56,920,2021-07-15 17:33:00,CGRN
4.56,4.56,4.55,4.5599,1025,2021-07-15 17:34:00,CGRN
4.56,4.56,4.56,4.56,400,2021-07-15 17:35:00,CGRN
4.58,4.58,4.55,4.5507,905,2021-07-15 17:38:00,CGRN
4.55,4.55,4.55,4.55,100,2021-07-15 17:42:00,CGRN
4.55,4.55,4.53,4.55,657,2021-07-15 17:44:00,CGRN
4.53,4.55,4.53,4.55,800,2021-07-15 17:45:00,CGRN
4.548,4.548,4.548,4.548,200,2021-07-15 17:47:00,CGRN
4.53,4.53,4.53,4.53,900,2021-07-15 17:48:00,CGRN
4.53,4.53,4.53,4.53,100,2021-07-15 17:51:00,CGRN
4.53,4.55,4.53,4.55,200,2021-07-15 17:52:00,CGRN
4.53,4.53,4.53,4.53,100,2021-07-15 17:53:00,CGRN
4.55,4.55,4.47,4.5,7142,2021-07-15 17:54:00,CGRN
4.48,4.48,4.48,4.48,100,2021-07-15 17:55:00,CGRN
4.46,4.46,4.45,4.45,200,2021-07-15 17:56:00,CGRN
4.45,4.45,4.45,4.45,100,2021-07-15 17:58:00,CGRN
4.45,4.4646,4.45,4.4646,894,2021-07-15 17:59:00,CGRN
4.49,4.4962,4.46,4.4796,3116,2021-07-15 18:01:00,CGRN
4.48,4.49,4.48,4.49,1114,2021-07-15 18:02:00,CGRN
4.5,4.5,4.5,4.5,100,2021-07-15 18:04:00,CGRN
4.5,4.5,4.5,4.5,100,2021-07-15 18:06:00,CGRN
4.5,4.5,4.5,4.5,100,2021-07-15 18:08:00,CGRN
4.5001,4.53,4.5001,4.53,1700,2021-07-15 18:09:00,CGRN
4.52,4.52,4.52,4.52,100,2021-07-15 18:13:00,CGRN
4.54,4.55,4.54,4.55,1556,2021-07-15 18:14:00,CGRN
4.58,4.59,4.58,4.59,200,2021-07-15 18:16:00,CGRN
4.54,4.54,4.54,4.54,100,2021-07-15 18:17:00,CGRN
4.52,4.52,4.52,4.52,100,2021-07-15 18:18:00,CGRN
4.52,4.526,4.52,4.526,513,2021-07-15 18:21:00,CGRN
4.59,4.59,4.59,4.59,100,2021-07-15 18:22:00,CGRN
4.53,4.53,4.53,4.53,100,2021-07-15 18:23:00,CGRN
4.52,4.52,4.52,4.52,100,2021-07-15 18:24:00,CGRN
4.52,4.52,4.52,4.52,100,2021-07-15 18:25:00,CGRN
4.52,4.52,4.52,4.52,100,2021-07-15 18:26:00,CGRN
4.59,4.59,4.59,4.59,100,2021-07-15 18:27:00,CGRN
4.5899,4.5899,4.5899,4.5899,2000,2021-07-15 18:28:00,CGRN
4.54,4.54,4.54,4.54,100,2021-07-15 18:29:00,CGRN
4.58,4.58,4.58,4.58,100,2021-07-15 18:30:00,CGRN
4.57,4.58,4.57,4.58,200,2021-07-15 18:31:00,CGRN
4.54,4.55,4.54,4.55,200,2021-07-15 18:34:00,CGRN
4.58,4.58,4.58,4.58,958,2021-07-15 18:35:00,CGRN
4.59,4.59,4.59,4.59,100,2021-07-15 18:36:00,CGRN
4.59,4.59,4.59,4.59,100,2021-07-15 18:38:00,CGRN
4.59,4.59,4.55,4.55,200,2021-07-15 18:41:00,CGRN
4.5899,4.59,4.5754,4.5754,700,2021-07-15 18:43:00,CGRN
4.57,4.57,4.57,4.57,200,2021-07-15 18:47:00,CGRN
4.59,4.59,4.5787,4.5787,731,2021-07-15 18:50:00,CGRN
4.57,4.6,4.57,4.6,300,2021-07-15 18:51:00,CGRN
4.6,4.6,4.56,4.56,374,2021-07-15 18:52:00,CGRN
4.56,4.56,4.56,4.56,100,2021-07-15 18:54:00,CGRN
4.6,4.6,4.6,4.6,200,2021-07-15 18:55:00,CGRN
4.5604,4.58,4.5604,4.58,232,2021-07-15 18:56:00,CGRN
4.56,4.56,4.56,4.56,100,2021-07-15 18:57:00,CGRN
4.6,4.6,4.563,4.563,1100,2021-07-15 18:58:00,CGRN
4.56,4.56,4.56,4.56,100,2021-07-15 18:59:00,CGRN
4.56,4.56,4.56,4.56,100,2021-07-15 19:01:00,CGRN
4.6,4.6,4.56,4.56,200,2021-07-15 19:03:00,CGRN
4.56,4.56,4.56,4.56,225,2021-07-15 19:06:00,CGRN
4.6,4.6,4.6,4.6,100,2021-07-15 19:07:00,CGRN
4.56,4.56,4.56,4.56,100,2021-07-15 19:08:00,CGRN
4.56,4.56,4.56,4.56,100,2021-07-15 19:10:00,CGRN
4.6,4.6,4.56,4.56,200,2021-07-15 19:12:00,CGRN
4.56,4.56,4.56,4.56,100,2021-07-15 19:14:00,CGRN
4.56,4.56,4.56,4.56,100,2021-07-15 19:17:00,CGRN
4.56,4.56,4.56,4.56,200,2021-07-15 19:19:00,CGRN
4.57,4.57,4.57,4.57,100,2021-07-15 19:21:00,CGRN
4.56,4.56,4.56,4.56,100,2021-07-15 19:22:00,CGRN
4.59,4.59,4.59,4.59,100,2021-07-15 19:23:00,CGRN
4.575,4.575,4.575,4.575,200,2021-07-15 19:24:00,CGRN
4.55,4.55,4.55,4.55,100,2021-07-15 19:25:00,CGRN
4.55,4.56,4.55,4.56,500,2021-07-15 19:27:00,CGRN
4.57,4.57,4.55,4.55,500,2021-07-15 19:28:00,CGRN
4.57,4.59,4.57,4.59,465,2021-07-15 19:29:00,CGRN
4.54,4.58,4.54,4.58,600,2021-07-15 19:32:00,CGRN
4.59,4.59,4.59,4.59,100,2021-07-15 19:34:00,CGRN
4.58,4.58,4.58,4.58,100,2021-07-15 19:36:00,CGRN
4.6,4.6,4.58,4.58,380,2021-07-15 19:37:00,CGRN
4.58,4.58,4.58,4.58,100,2021-07-15 19:38:00,CGRN
4.58,4.6,4.58,4.6,200,2021-07-15 19:40:00,CGRN
4.5999,4.5999,4.5999,4.5999,100,2021-07-15 19:41:00,CGRN
4.58,4.58,4.58,4.58,100,2021-07-15 19:42:00,CGRN
4.5999,4.5999,4.5999,4.5999,126,2021-07-15 19:43:00,CGRN
4.6,4.6,4.59,4.59,200,2021-07-15 19:44:00,CGRN
4.58,4.5983,4.58,4.5983,251,2021-07-15 19:45:00,CGRN
4.58,4.6,4.58,4.6,200,2021-07-15 19:47:00,CGRN
4.58,4.58,4.58,4.58,100,2021-07-15 19:48:00,CGRN
4.5999,4.5999,4.5906,4.5906,1988,2021-07-15 19:49:00,CGRN
4.59,4.61,4.59,4.61,1447,2021-07-15 19:50:00,CGRN
4.63,4.63,4.63,4.63,100,2021-07-15 19:51:00,CGRN
4.6299,4.64,4.62,4.64,1804,2021-07-15 19:53:00,CGRN
4.64,4.65,4.63,4.64,6637,2021-07-15 19:54:00,CGRN
4.64,4.6499,4.64,4.6499,357,2021-07-15 19:55:00,CGRN
4.64,4.64,4.64,4.64,300,2021-07-15 19:56:00,CGRN
4.64,4.64,4.61,4.61,3157,2021-07-15 19:57:00,CGRN
4.6399,4.64,4.6399,4.64,900,2021-07-15 19:58:00,CGRN
4.64,4.64,4.61,4.64,2884,2021-07-15 19:59:00,CGRN
4.61,4.61,4.61,4.61,1272,2021-07-15 20:00:00,CGRN
4.6,4.6,4.6,4.6,219,2021-07-16 09:58:00,CGRN
4.6004,4.6004,4.6,4.6,267,2021-07-16 12:18:00,CGRN
4.71,4.7206,4.71,4.7206,2938,2021-07-16 13:30:00,CGRN
4.66,4.708,4.66,4.708,200,2021-07-16 13:31:00,CGRN
4.6683,4.6683,4.6683,4.6683,176,2021-07-16 13:33:00,CGRN
4.66,4.66,4.66,4.66,100,2021-07-16 13:34:00,CGRN
4.75,4.75,4.705,4.705,1300,2021-07-16 13:35:00,CGRN
4.725,4.725,4.7,4.71,3249,2021-07-16 13:45:00,CGRN
4.68,4.68,4.67,4.67,990,2021-07-16 13:46:00,CGRN
4.67,4.67,4.67,4.67,2000,2021-07-16 13:48:00,CGRN
4.7,4.7,4.7,4.7,100,2021-07-16 13:50:00,CGRN
4.66,4.66,4.66,4.66,300,2021-07-16 13:52:00,CGRN
4.7,4.7,4.7,4.7,200,2021-07-16 13:54:00,CGRN
4.71,4.71,4.71,4.71,100,2021-07-16 13:55:00,CGRN
4.67,4.67,4.67,4.67,100,2021-07-16 13:58:00,CGRN
4.6,4.6,4.59,4.59,826,2021-07-16 14:01:00,CGRN
4.59,4.6,4.59,4.6,864,2021-07-16 14:02:00,CGRN
4.64,4.64,4.64,4.64,100,2021-07-16 14:05:00,CGRN
4.6299,4.6299,4.6299,4.6299,102,2021-07-16 14:08:00,CGRN
4.57,4.57,4.57,4.57,200,2021-07-16 14:22:00,CGRN
4.59,4.59,4.59,4.59,194,2021-07-16 14:27:00,CGRN
4.57,4.6,4.57,4.6,2100,2021-07-16 14:30:00,CGRN
4.6,4.6,4.6,4.6,100,2021-07-16 14:32:00,CGRN
4.59,4.59,4.59,4.59,300,2021-07-16 14:36:00,CGRN
4.56,4.56,4.55,4.56,1260,2021-07-16 14:39:00,CGRN
4.5968,4.5968,4.5968,4.5968,100,2021-07-16 14:46:00,CGRN
4.6,4.6,4.6,4.6,100,2021-07-16 14:49:00,CGRN
4.582,4.6,4.57,4.6,525,2021-07-16 14:50:00,CGRN
4.58,4.58,4.57,4.57,1411,2021-07-16 14:52:00,CGRN
4.57,4.576,4.57,4.576,700,2021-07-16 14:53:00,CGRN
4.55,4.55,4.55,4.55,200,2021-07-16 14:57:00,CGRN
4.5818,4.5818,4.58,4.58,200,2021-07-16 15:09:00,CGRN
4.6011,4.6011,4.6011,4.6011,100,2021-07-16 15:10:00,CGRN
4.58,4.58,4.58,4.58,100,2021-07-16 15:12:00,CGRN
4.6,4.6,4.59,4.59,500,2021-07-16 15:21:00,CGRN
4.6,4.6,4.6,4.6,500,2021-07-16 15:40:00,CGRN
4.6,4.6,4.6,4.6,100,2021-07-16 15:41:00,CGRN
4.618,4.618,4.618,4.618,135,2021-07-16 15:48:00,CGRN
4.6001,4.6001,4.6001,4.6001,5000,2021-07-16 15:49:00,CGRN
4.64,4.64,4.64,4.64,100,2021-07-16 15:50:00,CGRN
4.63,4.63,4.63,4.63,100,2021-07-16 15:51:00,CGRN
4.62,4.62,4.62,4.62,100,2021-07-16 15:52:00,CGRN
4.7,4.7,4.7,4.7,100,2021-07-16 15:55:00,CGRN
4.7001,4.7001,4.7001,4.7001,100,2021-07-16 15:58:00,CGRN
4.71,4.71,4.71,4.71,100,2021-07-16 16:00:00,CGRN
4.64,4.64,4.64,4.64,400,2021-07-16 16:05:00,CGRN
4.62,4.62,4.62,4.62,200,2021-07-16 16:06:00,CGRN
4.6101,4.6101,4.6101,4.6101,115,2021-07-16 16:08:00,CGRN
4.65,4.65,4.65,4.65,100,2021-07-16 16:20:00,CGRN
4.67,4.67,4.67,4.67,100,2021-07-16 16:31:00,CGRN
4.61,4.61,4.61,4.61,100,2021-07-16 16:34:00,CGRN
4.61,4.61,4.61,4.61,298,2021-07-16 16:49:00,CGRN
4.62,4.62,4.62,4.62,100,2021-07-16 17:00:00,CGRN
4.6499,4.6499,4.6499,4.6499,100,2021-07-16 17:12:00,CGRN
4.6399,4.6399,4.6399,4.6399,5000,2021-07-16 17:18:00,CGRN
4.57,4.57,4.57,4.57,894,2021-07-16 17:23:00,CGRN
4.57,4.57,4.57,4.57,4000,2021-07-16 17:30:00,CGRN
4.59,4.59,4.59,4.59,100,2021-07-16 17:31:00,CGRN
4.61,4.61,4.61,4.61,200,2021-07-16 17:33:00,CGRN
4.59,4.59,4.54,4.54,3412,2021-07-16 17:35:00,CGRN
4.55,4.55,4.55,4.55,100,2021-07-16 17:37:00,CGRN
4.5599,4.5599,4.5599,4.5599,333,2021-07-16 17:38:00,CGRN
4.54,4.54,4.54,4.54,100,2021-07-16 17:40:00,CGRN
4.54,4.54,4.54,4.54,400,2021-07-16 17:42:00,CGRN
4.5581,4.56,4.5581,4.56,1000,2021-07-16 17:45:00,CGRN
4.56,4.56,4.56,4.56,100,2021-07-16 17:46:00,CGRN
4.56,4.56,4.55,4.55,500,2021-07-16 17:47:00,CGRN
4.54,4.54,4.54,4.54,300,2021-07-16 17:49:00,CGRN
4.54,4.54,4.54,4.54,200,2021-07-16 17:53:00,CGRN
4.54,4.54,4.54,4.54,1100,2021-07-16 17:56:00,CGRN
4.55,4.55,4.55,4.55,200,2021-07-16 17:58:00,CGRN
4.55,4.55,4.55,4.55,100,2021-07-16 17:59:00,CGRN
4.54,4.54,4.54,4.54,200,2021-07-16 18:02:00,CGRN
4.54,4.54,4.54,4.54,119,2021-07-16 18:17:00,CGRN
4.55,4.55,4.55,4.55,500,2021-07-16 18:20:00,CGRN
4.55,4.55,4.55,4.55,100,2021-07-16 18:22:00,CGRN
4.51,4.51,4.5,4.5,696,2021-07-16 18:35:00,CGRN
4.5499,4.5499,4.5499,4.5499,100,2021-07-16 18:36:00,CGRN
4.5001,4.5001,4.5001,4.5001,200,2021-07-16 18:38:00,CGRN
4.56,4.56,4.56,4.56,100,2021-07-16 18:59:00,CGRN
4.51,4.51,4.51,4.51,100,2021-07-16 19:01:00,CGRN
4.54,4.57,4.54,4.54,2965,2021-07-16 19:07:00,CGRN
4.55,4.55,4.55,4.55,100,2021-07-16 19:08:00,CGRN
4.535,4.535,4.535,4.535,104,2021-07-16 19:11:00,CGRN
4.535,4.535,4.535,4.535,100,2021-07-16 19:12:00,CGRN
4.53,4.53,4.53,4.53,200,2021-07-16 19:20:00,CGRN
4.55,4.55,4.55,4.55,100,2021-07-16 19:23:00,CGRN
4.54,4.54,4.54,4.54,100,2021-07-16 19:26:00,CGRN
4.53,4.53,4.4601,4.4601,5026,2021-07-16 19:29:00,CGRN
4.4845,4.4845,4.4845,4.4845,200,2021-07-16 19:32:00,CGRN
4.49,4.49,4.49,4.49,200,2021-07-16 19:37:00,CGRN
4.49,4.49,4.49,4.49,300,2021-07-16 19:38:00,CGRN
4.49,4.49,4.49,4.49,100,2021-07-16 19:40:00,CGRN
4.5001,4.52,4.5001,4.52,2100,2021-07-16 19:49:00,CGRN
4.54,4.54,4.52,4.52,1300,2021-07-16 19:50:00,CGRN
4.52,4.52,4.52,4.52,100,2021-07-16 19:53:00,CGRN
4.52,4.52,4.52,4.52,300,2021-07-16 19:54:00,CGRN
4.5032,4.5032,4.5032,4.5032,125,2021-07-16 19:55:00,CGRN
4.52,4.52,4.52,4.52,400,2021-07-16 19:57:00,CGRN
4.52,4.54,4.51,4.54,1410,2021-07-16 19:59:00,CGRN
4.51,4.51,4.51,4.51,2084,2021-07-16 20:00:00,CGRN
4.5,4.5,4.5,4.5,125,2021-07-16 20:09:00,CGRN
4.55,4.55,4.55,4.55,496,2021-07-19 12:02:00,CGRN
4.4801,4.4801,4.4801,4.4801,100,2021-07-19 12:06:00,CGRN
4.44,4.44,4.44,4.44,100,2021-07-19 12:44:00,CGRN
4.45,4.45,4.45,4.45,100,2021-07-19 13:23:00,CGRN
4.35,4.67,4.35,4.64,4159,2021-07-19 13:30:00,CGRN
4.48,4.48,4.48,4.48,100,2021-07-19 13:32:00,CGRN
4.42,4.43,4.42,4.43,741,2021-07-19 13:33:00,CGRN
4.4201,4.48,4.33,4.33,3833,2021-07-19 13:34:00,CGRN
4.33,4.46,4.33,4.45,8069,2021-07-19 13:35:00,CGRN
4.42,4.495,4.42,4.495,600,2021-07-19 13:36:00,CGRN
4.46,4.46,4.46,4.46,100,2021-07-19 13:37:00,CGRN
4.55,4.55,4.55,4.55,100,2021-07-19 13:39:00,CGRN
4.47,4.47,4.45,4.45,400,2021-07-19 13:40:00,CGRN
4.42,4.4567,4.42,4.4567,450,2021-07-19 13:41:00,CGRN
4.42,4.465,4.42,4.465,200,2021-07-19 13:42:00,CGRN
4.48,4.48,4.48,4.48,100,2021-07-19 13:44:00,CGRN
4.5,4.5,4.5,4.5,100,2021-07-19 13:49:00,CGRN
4.4201,4.43,4.4,4.4,700,2021-07-19 13:51:00,CGRN
4.4116,4.4116,4.4116,4.4116,100,2021-07-19 13:52:00,CGRN
4.41,4.41,4.41,4.41,400,2021-07-19 13:53:00,CGRN
4.46,4.46,4.46,4.46,100,2021-07-19 13:54:00,CGRN
4.46,4.46,4.46,4.46,100,2021-07-19 13:55:00,CGRN
4.44,4.44,4.44,4.44,100,2021-07-19 13:59:00,CGRN
4.39,4.43,4.39,4.43,200,2021-07-19 14:00:00,CGRN
4.43,4.43,4.43,4.43,100,2021-07-19 14:01:00,CGRN
4.4,4.4,4.4,4.4,600,2021-07-19 14:02:00,CGRN
4.41,4.41,4.41,4.41,100,2021-07-19 14:03:00,CGRN
4.3852,4.3852,4.3852,4.3852,190,2021-07-19 14:06:00,CGRN
4.42,4.42,4.42,4.42,100,2021-07-19 14:07:00,CGRN
4.42,4.42,4.42,4.42,100,2021-07-19 14:09:00,CGRN
4.38,4.38,4.38,4.38,300,2021-07-19 14:10:00,CGRN
4.39,4.41,4.38,4.38,700,2021-07-19 14:11:00,CGRN
4.3999,4.3999,4.375,4.375,200,2021-07-19 14:12:00,CGRN
4.35,4.39,4.35,4.39,200,2021-07-19 14:14:00,CGRN
4.41,4.41,4.41,4.41,100,2021-07-19 14:19:00,CGRN
4.41,4.42,4.38,4.38,1484,2021-07-19 14:21:00,CGRN
4.42,4.42,4.42,4.42,100,2021-07-19 14:24:00,CGRN
4.4,4.4,4.4,4.4,500,2021-07-19 14:27:00,CGRN
4.41,4.41,4.38,4.38,650,2021-07-19 14:28:00,CGRN
4.405,4.405,4.405,4.405,100,2021-07-19 14:29:00,CGRN
4.4,4.4,4.4,4.4,100,2021-07-19 14:32:00,CGRN
4.4,4.4,4.3713,4.3713,600,2021-07-19 14:34:00,CGRN
4.4,4.4,4.395,4.395,1200,2021-07-19 14:35:00,CGRN
4.4,4.4,4.4,4.4,100,2021-07-19 14:36:00,CGRN
4.41,4.41,4.41,4.41,260,2021-07-19 14:38:00,CGRN
4.42,4.45,4.42,4.45,6900,2021-07-19 14:39:00,CGRN
4.49,4.5,4.49,4.5,320,2021-07-19 14:41:00,CGRN
4.5,4.5,4.5,4.5,423,2021-07-19 14:43:00,CGRN
4.57,4.57,4.56,4.56,200,2021-07-19 14:44:00,CGRN
4.5008,4.51,4.5,4.51,3500,2021-07-19 14:46:00,CGRN
4.515,4.515,4.515,4.515,100,2021-07-19 14:47:00,CGRN
4.56,4.56,4.56,4.56,100,2021-07-19 14:49:00,CGRN
4.54,4.62,4.54,4.54,14606,2021-07-19 14:51:00,CGRN
4.51,4.51,4.48,4.48,900,2021-07-19 14:52:00,CGRN
4.4718,4.505,4.4718,4.505,200,2021-07-19 14:53:00,CGRN
4.48,4.48,4.48,4.48,100,2021-07-19 14:54:00,CGRN
4.507,4.507,4.507,4.507,1500,2021-07-19 14:55:00,CGRN
4.47,4.47,4.47,4.47,100,2021-07-19 14:56:00,CGRN
4.48,4.48,4.47,4.47,400,2021-07-19 14:57:00,CGRN
4.5,4.5,4.49,4.49,200,2021-07-19 14:58:00,CGRN
4.5,4.5,4.5,4.5,100,2021-07-19 14:59:00,CGRN
4.5,4.5,4.49,4.5,587,2021-07-19 15:00:00,CGRN
4.4677,4.5,4.45,4.5,650,2021-07-19 15:01:00,CGRN
4.5,4.5,4.5,4.5,100,2021-07-19 15:02:00,CGRN
4.51,4.52,4.51,4.52,200,2021-07-19 15:03:00,CGRN
4.52,4.55,4.52,4.55,802,2021-07-19 15:04:00,CGRN
4.56,4.56,4.56,4.56,100,2021-07-19 15:05:00,CGRN
4.56,4.56,4.49,4.49,900,2021-07-19 15:08:00,CGRN
4.52,4.52,4.52,4.52,100,2021-07-19 15:09:00,CGRN
4.51,4.52,4.51,4.52,300,2021-07-19 15:12:00,CGRN
4.52,4.52,4.52,4.52,200,2021-07-19 15:13:00,CGRN
4.52,4.52,4.52,4.52,100,2021-07-19 15:14:00,CGRN
4.4748,4.5,4.4748,4.5,445,2021-07-19 15:15:00,CGRN
4.51,4.51,4.51,4.51,100,2021-07-19 15:16:00,CGRN
4.52,4.52,4.5,4.5,200,2021-07-19 15:18:00,CGRN
4.48,4.48,4.48,4.48,122,2021-07-19 15:19:00,CGRN
4.5,4.5,4.5,4.5,150,2021-07-19 15:20:00,CGRN
4.48,4.48,4.48,4.48,200,2021-07-19 15:21:00,CGRN
4.48,4.48,4.48,4.48,100,2021-07-19 15:22:00,CGRN
4.5,4.5,4.5,4.5,100,2021-07-19 15:29:00,CGRN
4.465,4.5,4.465,4.5,2019,2021-07-19 15:31:00,CGRN
4.62,4.62,4.62,4.62,100,2021-07-19 15:33:00,CGRN
4.6,4.6,4.6,4.6,100,2021-07-19 15:34:00,CGRN
4.565,4.565,4.565,4.565,100,2021-07-19 15:36:00,CGRN
4.565,4.565,4.565,4.565,150,2021-07-19 15:37:00,CGRN
4.61,4.61,4.61,4.61,100,2021-07-19 15:39:00,CGRN
4.52,4.53,4.52,4.53,233,2021-07-19 15:43:00,CGRN
4.5638,4.62,4.5638,4.62,238,2021-07-19 15:44:00,CGRN
4.61,4.61,4.61,4.61,100,2021-07-19 15:45:00,CGRN
4.6,4.6,4.5978,4.5978,2240,2021-07-19 15:46:00,CGRN
4.5674,4.5674,4.5674,4.5674,130,2021-07-19 15:47:00,CGRN
4.62,4.62,4.6199,4.6199,1313,2021-07-19 15:49:00,CGRN
4.5639,4.5639,4.5639,4.5639,100,2021-07-19 15:51:00,CGRN
4.59,4.62,4.59,4.62,3100,2021-07-19 15:54:00,CGRN
4.62,4.62,4.56,4.56,3100,2021-07-19 15:55:00,CGRN
4.62,4.62,4.62,4.62,100,2021-07-19 15:58:00,CGRN
4.62,4.62,4.62,4.62,100,2021-07-19 15:59:00,CGRN
4.615,4.615,4.615,4.615,100,2021-07-19 16:00:00,CGRN
4.5878,4.5878,4.5878,4.5878,200,2021-07-19 16:03:00,CGRN
4.58,4.58,4.57,4.58,731,2021-07-19 16:04:00,CGRN
4.55,4.55,4.55,4.55,100,2021-07-19 16:09:00,CGRN
4.5,4.5,4.5,4.5,200,2021-07-19 16:15:00,CGRN
4.5001,4.56,4.5,4.56,5107,2021-07-19 16:16:00,CGRN
4.55,4.55,4.55,4.55,100,2021-07-19 16:19:00,CGRN
4.55,4.55,4.55,4.55,100,2021-07-19 16:20:00,CGRN
4.51,4.51,4.51,4.51,180,2021-07-19 16:23:00,CGRN
4.51,4.51,4.51,4.51,202,2021-07-19 16:28:00,CGRN
4.55,4.55,4.55,4.55,100,2021-07-19 16:29:00,CGRN
4.505,4.505,4.505,4.505,2500,2021-07-19 16:35:00,CGRN
4.463,4.463,4.46,4.46,849,2021-07-19 16:51:00,CGRN
4.475,4.475,4.475,4.475,100,2021-07-19 16:56:00,CGRN
4.5,4.5,4.5,4.5,100,2021-07-19 16:59:00,CGRN
4.5,4.5,4.5,4.5,300,2021-07-19 17:03:00,CGRN
4.47,4.47,4.47,4.47,2000,2021-07-19 17:04:00,CGRN
4.48,4.48,4.48,4.48,200,2021-07-19 17:21:00,CGRN
4.53,4.53,4.53,4.53,100,2021-07-19 17:24:00,CGRN
4.53,4.53,4.53,4.53,100,2021-07-19 17:29:00,CGRN
4.5,4.5,4.5,4.5,880,2021-07-19 17:30:00,CGRN
4.4789,4.4789,4.4789,4.4789,100,2021-07-19 17:32:00,CGRN
4.53,4.53,4.53,4.53,100,2021-07-19 17:33:00,CGRN
4.4804,4.53,4.4804,4.53,1100,2021-07-19 17:34:00,CGRN
4.53,4.53,4.53,4.53,100,2021-07-19 17:44:00,CGRN
4.52,4.54,4.52,4.54,6709,2021-07-19 17:47:00,CGRN
4.58,4.58,4.58,4.58,100,2021-07-19 17:49:00,CGRN
4.59,4.59,4.59,4.59,100,2021-07-19 17:53:00,CGRN
4.5533,4.5533,4.5533,4.5533,100,2021-07-19 17:59:00,CGRN
4.555,4.58,4.555,4.58,300,2021-07-19 18:02:00,CGRN
4.58,4.58,4.58,4.58,3544,2021-07-19 18:04:00,CGRN
4.57,4.57,4.57,4.57,200,2021-07-19 18:05:00,CGRN
4.57,4.57,4.57,4.57,100,2021-07-19 18:08:00,CGRN
4.59,4.59,4.59,4.59,100,2021-07-19 18:09:00,CGRN
4.59,4.59,4.59,4.59,100,2021-07-19 18:10:00,CGRN
4.59,4.59,4.59,4.59,100,2021-07-19 18:19:00,CGRN
4.59,4.59,4.59,4.59,1174,2021-07-19 18:23:00,CGRN
4.62,4.62,4.62,4.62,100,2021-07-19 18:27:00,CGRN
4.58,4.58,4.58,4.58,300,2021-07-19 18:28:00,CGRN
4.51,4.51,4.51,4.51,200,2021-07-19 18:30:00,CGRN
4.51,4.51,4.47,4.47,200,2021-07-19 18:31:00,CGRN
4.53,4.53,4.52,4.52,300,2021-07-19 18:38:00,CGRN
4.52,4.52,4.52,4.52,200,2021-07-19 18:41:00,CGRN
4.51,4.51,4.51,4.51,605,2021-07-19 18:43:00,CGRN
4.5,4.5,4.5,4.5,200,2021-07-19 18:44:00,CGRN
4.52,4.52,4.52,4.52,200,2021-07-19 18:47:00,CGRN
4.55,4.55,4.525,4.525,253,2021-07-19 18:49:00,CGRN
4.53,4.53,4.53,4.53,500,2021-07-19 18:53:00,CGRN
4.51,4.51,4.5,4.5,200,2021-07-19 18:54:00,CGRN
4.53,4.53,4.53,4.53,100,2021-07-19 18:56:00,CGRN
4.525,4.53,4.525,4.53,518,2021-07-19 18:57:00,CGRN
4.56,4.56,4.56,4.56,100,2021-07-19 18:58:00,CGRN
4.56,4.56,4.56,4.56,100,2021-07-19 18:59:00,CGRN
4.4995,4.4995,4.4995,4.4995,2817,2021-07-19 19:00:00,CGRN
4.51,4.51,4.5,4.5,200,2021-07-19 19:09:00,CGRN
4.53,4.53,4.53,4.53,164,2021-07-19 19:11:00,CGRN
4.51,4.51,4.51,4.51,500,2021-07-19 19:16:00,CGRN
4.535,4.535,4.535,4.535,500,2021-07-19 19:17:00,CGRN
4.535,4.56,4.535,4.56,260,2021-07-19 19:18:00,CGRN
4.5599,4.5599,4.5599,4.5599,500,2021-07-19 19:20:00,CGRN
4.525,4.54,4.51,4.54,600,2021-07-19 19:23:00,CGRN
4.5001,4.5001,4.5001,4.5001,180,2021-07-19 19:24:00,CGRN
4.52,4.52,4.515,4.515,483,2021-07-19 19:25:00,CGRN
4.53,4.53,4.53,4.53,500,2021-07-19 19:26:00,CGRN
4.56,4.56,4.56,4.56,100,2021-07-19 19:29:00,CGRN
4.54,4.54,4.54,4.54,100,2021-07-19 19:32:00,CGRN
4.52,4.52,4.52,4.52,300,2021-07-19 19:33:00,CGRN
4.55,4.55,4.55,4.55,100,2021-07-19 19:34:00,CGRN
4.52,4.55,4.52,4.55,280,2021-07-19 19:37:00,CGRN
4.535,4.535,4.535,4.535,100,2021-07-19 19:38:00,CGRN
4.52,4.53,4.52,4.53,300,2021-07-19 19:39:00,CGRN
4.5145,4.5145,4.5145,4.5145,320,2021-07-19 19:40:00,CGRN
4.54,4.54,4.51,4.51,200,2021-07-19 19:43:00,CGRN
4.53,4.53,4.53,4.53,100,2021-07-19 19:44:00,CGRN
4.52,4.52,4.52,4.52,100,2021-07-19 19:48:00,CGRN
4.53,4.53,4.53,4.53,345,2021-07-19 19:49:00,CGRN
4.52,4.52,4.52,4.52,100,2021-07-19 19:50:00,CGRN
4.53,4.53,4.53,4.53,100,2021-07-19 19:51:00,CGRN
4.53,4.53,4.53,4.53,200,2021-07-19 19:53:00,CGRN
4.53,4.53,4.515,4.515,998,2021-07-19 19:54:00,CGRN
4.53,4.53,4.53,4.53,100,2021-07-19 19:55:00,CGRN
4.53,4.54,4.51,4.51,806,2021-07-19 19:57:00,CGRN
4.53,4.54,4.53,4.54,200,2021-07-19 19:58:00,CGRN
4.54,4.54,4.54,4.54,1507,2021-07-19 19:59:00,CGRN
4.51,4.51,4.51,4.51,1255,2021-07-19 20:00:00,CGRN
4.52,4.52,4.52,4.52,724,2021-07-20 13:30:00,CGRN
4.63,4.63,4.63,4.63,200,2021-07-20 13:36:00,CGRN
4.625,4.625,4.625,4.625,300,2021-07-20 13:37:00,CGRN
4.5539,4.6751,4.5539,4.6751,700,2021-07-20 13:46:00,CGRN
4.64,4.64,4.64,4.64,700,2021-07-20 13:47:00,CGRN
4.64,4.64,4.64,4.64,300,2021-07-20 13:48:00,CGRN
4.7,4.7,4.64,4.64,200,2021-07-20 13:50:00,CGRN
4.64,4.64,4.55,4.55,1410,2021-07-20 13:51:00,CGRN
4.6359,4.6359,4.6359,4.6359,100,2021-07-20 13:52:00,CGRN
4.54,4.55,4.54,4.55,465,2021-07-20 14:00:00,CGRN
4.55,4.585,4.54,4.585,800,2021-07-20 14:05:00,CGRN
4.64,4.64,4.64,4.64,200,2021-07-20 14:15:00,CGRN
4.64,4.69,4.64,4.66,700,2021-07-20 14:16:00,CGRN
4.66,4.66,4.66,4.66,100,2021-07-20 14:18:00,CGRN
4.69,4.695,4.69,4.695,600,2021-07-20 14:21:00,CGRN
4.7,4.7,4.7,4.7,1100,2021-07-20 14:27:00,CGRN
4.6751,4.6751,4.6751,4.6751,300,2021-07-20 14:30:00,CGRN
4.6966,4.6966,4.6966,4.6966,146,2021-07-20 14:31:00,CGRN
4.67,4.6783,4.6615,4.6783,1150,2021-07-20 14:37:00,CGRN
4.66,4.66,4.65,4.65,500,2021-07-20 14:39:00,CGRN
4.6029,4.6029,4.6029,4.6029,100,2021-07-20 14:43:00,CGRN
4.6396,4.6396,4.6396,4.6396,300,2021-07-20 14:46:00,CGRN
4.62,4.62,4.62,4.62,430,2021-07-20 14:47:00,CGRN
4.64,4.64,4.62,4.62,814,2021-07-20 14:48:00,CGRN
4.62,4.69,4.61,4.69,1493,2021-07-20 14:50:00,CGRN
4.6159,4.6159,4.6159,4.6159,1500,2021-07-20 14:51:00,CGRN
4.69,4.69,4.67,4.67,200,2021-07-20 14:53:00,CGRN
4.66,4.66,4.65,4.65,9920,2021-07-20 15:01:00,CGRN
4.6501,4.67,4.65,4.67,6908,2021-07-20 15:02:00,CGRN
4.67,4.67,4.67,4.67,500,2021-07-20 15:07:00,CGRN
4.67,4.67,4.67,4.67,100,2021-07-20 15:11:00,CGRN
4.6863,4.6863,4.6863,4.6863,350,2021-07-20 15:16:00,CGRN
4.69,4.69,4.67,4.67,200,2021-07-20 15:17:00,CGRN
4.6806,4.681,4.68,4.6801,2300,2021-07-20 15:18:00,CGRN
4.69,4.69,4.69,4.69,134,2021-07-20 15:19:00,CGRN
4.7,4.7,4.6999,4.6999,300,2021-07-20 15:21:00,CGRN
4.7039,4.7039,4.7039,4.7039,974,2021-07-20 15:29:00,CGRN
4.71,4.71,4.71,4.71,200,2021-07-20 15:32:00,CGRN
4.71,4.71,4.71,4.71,3000,2021-07-20 15:43:00,CGRN
4.7499,4.7499,4.7499,4.7499,2000,2021-07-20 15:48:00,CGRN
4.75,4.76,4.75,4.76,882,2021-07-20 15:49:00,CGRN
4.76,4.76,4.76,4.76,100,2021-07-20 15:54:00,CGRN
4.7699,4.7699,4.7699,4.7699,200,2021-07-20 15:55:00,CGRN
4.775,4.775,4.76,4.76,476,2021-07-20 15:57:00,CGRN
4.6997,4.6997,4.6997,4.6997,100,2021-07-20 16:12:00,CGRN
4.66,4.66,4.66,4.66,100,2021-07-20 16:16:00,CGRN
4.66,4.67,4.66,4.66,400,2021-07-20 16:17:00,CGRN
4.6516,4.6516,4.6516,4.6516,100,2021-07-20 16:19:00,CGRN
4.715,4.715,4.715,4.715,100,2021-07-20 17:06:00,CGRN
4.69,4.69,4.69,4.69,200,2021-07-20 17:08:00,CGRN
4.67,4.67,4.66,4.66,1960,2021-07-20 17:10:00,CGRN
4.7,4.7,4.7,4.7,1000,2021-07-20 17:18:00,CGRN
4.6995,4.7,4.6995,4.7,512,2021-07-20 17:22:00,CGRN
4.7,4.7,4.7,4.7,600,2021-07-20 17:23:00,CGRN
4.7,4.7,4.7,4.7,139,2021-07-20 17:26:00,CGRN
4.695,4.7,4.695,4.7,3300,2021-07-20 17:27:00,CGRN
4.7,4.7,4.7,4.7,100,2021-07-20 17:30:00,CGRN
4.7,4.7,4.7,4.7,875,2021-07-20 17:31:00,CGRN
4.7,4.7,4.7,4.7,100,2021-07-20 17:32:00,CGRN
4.6962,4.6962,4.6962,4.6962,100,2021-07-20 17:33:00,CGRN
4.69,4.69,4.69,4.69,760,2021-07-20 17:35:00,CGRN
4.69,4.7,4.69,4.7,200,2021-07-20 17:39:00,CGRN
4.69,4.69,4.69,4.69,100,2021-07-20 17:47:00,CGRN
4.7242,4.7242,4.7242,4.7242,120,2021-07-20 18:00:00,CGRN
4.73,4.73,4.73,4.73,200,2021-07-20 18:05:00,CGRN
4.72,4.72,4.72,4.72,300,2021-07-20 18:09:00,CGRN
4.75,4.78,4.75,4.78,1048,2021-07-20 18:21:00,CGRN
4.77,4.77,4.76,4.76,2569,2021-07-20 18:23:00,CGRN
4.76,4.76,4.76,4.76,1107,2021-07-20 18:37:00,CGRN
4.76,4.76,4.76,4.76,1488,2021-07-20 18:39:00,CGRN
4.74,4.74,4.74,4.74,100,2021-07-20 18:40:00,CGRN
4.76,4.76,4.7562,4.7562,200,2021-07-20 18:43:00,CGRN
4.76,4.76,4.76,4.76,223,2021-07-20 18:44:00,CGRN
4.7451,4.7451,4.7451,4.7451,500,2021-07-20 18:46:00,CGRN
4.77,4.77,4.77,4.77,100,2021-07-20 18:50:00,CGRN
4.77,4.77,4.77,4.77,100,2021-07-20 18:51:00,CGRN
4.78,4.78,4.78,4.78,100,2021-07-20 18:56:00,CGRN
4.76,4.76,4.76,4.76,474,2021-07-20 19:01:00,CGRN
4.75,4.75,4.75,4.75,365,2021-07-20 19:14:00,CGRN
4.74,4.74,4.74,4.74,700,2021-07-20 19:15:00,CGRN
4.74,4.74,4.73,4.73,300,2021-07-20 19:16:00,CGRN
4.735,4.735,4.735,4.735,110,2021-07-20 19:18:00,CGRN
4.73,4.73,4.73,4.73,300,2021-07-20 19:20:00,CGRN
4.74,4.74,4.74,4.74,100,2021-07-20 19:21:00,CGRN
4.74,4.74,4.74,4.74,640,2021-07-20 19:23:00,CGRN
4.7336,4.7336,4.7336,4.7336,440,2021-07-20 19:24:00,CGRN
4.76,4.76,4.76,4.76,100,2021-07-20 19:25:00,CGRN
4.76,4.76,4.76,4.76,100,2021-07-20 19:29:00,CGRN
4.76,4.76,4.76,4.76,200,2021-07-20 19:30:00,CGRN
4.7699,4.77,4.76,4.77,6900,2021-07-20 19:33:00,CGRN
4.78,4.78,4.77,4.77,553,2021-07-20 19:34:00,CGRN
4.77,4.78,4.77,4.77,600,2021-07-20 19:35:00,CGRN
4.77,4.77,4.77,4.77,200,2021-07-20 19:37:00,CGRN
4.78,4.78,4.78,4.78,200,2021-07-20 19:38:00,CGRN
4.78,4.78,4.78,4.78,500,2021-07-20 19:41:00,CGRN
4.77,4.775,4.76,4.76,715,2021-07-20 19:42:00,CGRN
4.74,4.7608,4.74,4.7608,300,2021-07-20 19:50:00,CGRN
4.7796,4.7796,4.75,4.75,200,2021-07-20 19:51:00,CGRN
4.74,4.74,4.74,4.74,602,2021-07-20 19:52:00,CGRN
4.74,4.76,4.74,4.76,8386,2021-07-20 19:53:00,CGRN
4.76,4.77,4.72,4.745,14891,2021-07-20 19:54:00,CGRN
4.7406,4.76,4.7406,4.76,3100,2021-07-20 19:55:00,CGRN
4.73,4.7307,4.73,4.73,1026,2021-07-20 19:56:00,CGRN
4.736,4.736,4.735,4.735,1100,2021-07-20 19:57:00,CGRN
4.735,4.74,4.73,4.73,745,2021-07-20 19:58:00,CGRN
4.73,4.74,4.7,4.7,2011,2021-07-20 19:59:00,CGRN
4.7,4.7,4.7,4.7,8149,2021-07-20 20:00:00,CGRN
4.66,4.66,4.62,4.62,3760,2021-07-20 20:28:00,CGRN
4.85,4.85,4.85,4.85,250,2021-07-21 13:17:00,CGRN
4.85,4.85,4.85,4.85,250,2021-07-21 13:18:00,CGRN
4.85,4.85,4.8394,4.8394,200,2021-07-21 13:26:00,CGRN
4.72,4.75,4.72,4.75,2078,2021-07-21 13:30:00,CGRN
4.83,4.83,4.83,4.83,100,2021-07-21 13:32:00,CGRN
4.828,4.828,4.828,4.828,992,2021-07-21 13:35:00,CGRN
4.85,4.86,4.8499,4.86,3058,2021-07-21 13:38:00,CGRN
4.9,4.9,4.895,4.895,200,2021-07-21 13:41:00,CGRN
4.893,4.893,4.893,4.893,100,2021-07-21 13:42:00,CGRN
4.88,4.9019,4.88,4.9019,750,2021-07-21 13:43:00,CGRN
4.86,4.86,4.86,4.86,100,2021-07-21 13:44:00,CGRN
4.89,4.89,4.8701,4.8701,300,2021-07-21 13:45:00,CGRN
4.9,4.94,4.9,4.94,200,2021-07-21 13:47:00,CGRN
4.915,4.92,4.915,4.92,5187,2021-07-21 13:48:00,CGRN
4.935,4.935,4.915,4.915,524,2021-07-21 13:49:00,CGRN
4.965,4.97,4.94,4.94,800,2021-07-21 13:50:00,CGRN
4.95,4.97,4.95,4.97,1000,2021-07-21 13:52:00,CGRN
4.97,4.97,4.965,4.97,1683,2021-07-21 13:53:00,CGRN
4.96,4.96,4.96,4.96,100,2021-07-21 13:54:00,CGRN
4.9673,4.97,4.9673,4.97,200,2021-07-21 13:55:00,CGRN
4.97,4.97,4.97,4.97,200,2021-07-21 13:56:00,CGRN
4.965,4.965,4.965,4.965,100,2021-07-21 14:00:00,CGRN
4.9248,4.93,4.9248,4.93,350,2021-07-21 14:02:00,CGRN
4.97,4.97,4.97,4.97,100,2021-07-21 14:04:00,CGRN
4.97,4.97,4.95,4.95,1300,2021-07-21 14:05:00,CGRN
4.95,4.95,4.95,4.95,100,2021-07-21 14:06:00,CGRN
4.9899,4.9899,4.9899,4.9899,2000,2021-07-21 14:08:00,CGRN
4.98,4.98,4.98,4.98,100,2021-07-21 14:11:00,CGRN
4.96,4.96,4.93,4.93,600,2021-07-21 14:12:00,CGRN
4.93,4.93,4.88,4.88,500,2021-07-21 14:19:00,CGRN
4.949,4.97,4.93,4.97,2488,2021-07-21 14:24:00,CGRN
4.9582,4.9582,4.9582,4.9582,100,2021-07-21 14:27:00,CGRN
4.93,4.93,4.93,4.93,200,2021-07-21 14:31:00,CGRN
4.92,4.92,4.92,4.92,172,2021-07-21 14:33:00,CGRN
4.89,4.9,4.89,4.9,350,2021-07-21 14:35:00,CGRN
4.92,4.92,4.92,4.92,487,2021-07-21 14:38:00,CGRN
4.9,4.9,4.89,4.89,700,2021-07-21 14:40:00,CGRN
4.915,4.915,4.915,4.915,100,2021-07-21 14:50:00,CGRN
4.91,4.91,4.91,4.91,200,2021-07-21 14:51:00,CGRN
4.88,4.88,4.88,4.88,202,2021-07-21 14:53:00,CGRN
4.86,4.8635,4.82,4.82,2333,2021-07-21 14:58:00,CGRN
4.83,4.83,4.83,4.83,200,2021-07-21 14:59:00,CGRN
4.76,4.7844,4.75,4.7844,800,2021-07-21 15:02:00,CGRN
4.76,4.76,4.76,4.76,515,2021-07-21 15:05:00,CGRN
4.8,4.8,4.8,4.8,300,2021-07-21 15:23:00,CGRN
4.8,4.8,4.8,4.8,300,2021-07-21 15:25:00,CGRN
4.8,4.8,4.8,4.8,400,2021-07-21 15:27:00,CGRN
4.82,4.855,4.82,4.855,300,2021-07-21 15:29:00,CGRN
4.85,4.85,4.82,4.82,200,2021-07-21 15:30:00,CGRN
4.82,4.82,4.82,4.82,100,2021-07-21 15:32:00,CGRN
4.83,4.84,4.83,4.84,200,2021-07-21 16:02:00,CGRN
4.84,4.84,4.82,4.82,370,2021-07-21 16:07:00,CGRN
4.891,4.891,4.891,4.891,1000,2021-07-21 16:21:00,CGRN
4.885,4.885,4.885,4.885,880,2021-07-21 16:24:00,CGRN
4.89,4.89,4.89,4.89,100,2021-07-21 16:28:00,CGRN
4.9,4.9,4.89,4.89,500,2021-07-21 16:30:00,CGRN
4.9199,4.9199,4.9199,4.9199,600,2021-07-21 16:34:00,CGRN
4.8501,4.91,4.8501,4.91,4100,2021-07-21 16:36:00,CGRN
4.92,4.92,4.92,4.92,100,2021-07-21 16:40:00,CGRN
4.9151,4.9151,4.9151,4.9151,1000,2021-07-21 16:41:00,CGRN
4.92,4.92,4.92,4.92,100,2021-07-21 16:45:00,CGRN
4.92,4.92,4.92,4.92,204,2021-07-21 16:53:00,CGRN
4.87,4.88,4.87,4.88,300,2021-07-21 17:02:00,CGRN
4.8962,4.8962,4.8962,4.8962,250,2021-07-21 17:04:00,CGRN
4.91,4.95,4.91,4.95,5581,2021-07-21 17:17:00,CGRN
4.94,4.99,4.92,4.9899,11463,2021-07-21 17:20:00,CGRN
4.99,5.0,4.95,4.95,3325,2021-07-21 17:23:00,CGRN
5.0265,5.0265,5.0265,5.0265,100,2021-07-21 17:25:00,CGRN
4.98,4.99,4.98,4.99,600,2021-07-21 17:26:00,CGRN
5.0073,5.0073,5.0073,5.0073,100,2021-07-21 17:27:00,CGRN
5.0,5.0,4.97,4.97,1050,2021-07-21 17:28:00,CGRN
4.94,4.94,4.94,4.94,100,2021-07-21 17:30:00,CGRN
5.0099,5.0099,4.99,4.99,1100,2021-07-21 17:43:00,CGRN
4.985,4.985,4.96,4.96,200,2021-07-21 17:44:00,CGRN
4.985,4.985,4.985,4.985,1100,2021-07-21 17:52:00,CGRN
5.0,5.01,5.0,5.01,204,2021-07-21 18:14:00,CGRN
5.01,5.01,5.01,5.01,100,2021-07-21 18:16:00,CGRN
4.99,4.99,4.99,4.99,100,2021-07-21 18:17:00,CGRN
4.99,5.005,4.99,5.005,1200,2021-07-21 18:18:00,CGRN
4.99,4.9904,4.94,4.94,4870,2021-07-21 18:20:00,CGRN
4.97,4.97,4.97,4.97,100,2021-07-21 18:24:00,CGRN
4.94,4.94,4.94,4.94,200,2021-07-21 18:26:00,CGRN
4.965,4.965,4.965,4.965,100,2021-07-21 18:36:00,CGRN
4.99,4.99,4.99,4.99,100,2021-07-21 18:51:00,CGRN
4.95,4.98,4.95,4.98,400,2021-07-21 18:53:00,CGRN
4.94,4.95,4.88,4.88,1750,2021-07-21 18:58:00,CGRN
4.93,4.93,4.93,4.93,100,2021-07-21 19:14:00,CGRN
4.92,4.92,4.92,4.92,100,2021-07-21 19:15:00,CGRN
4.96,4.96,4.96,4.96,200,2021-07-21 19:22:00,CGRN
4.96,4.96,4.96,4.96,100,2021-07-21 19:23:00,CGRN
4.96,4.96,4.96,4.96,400,2021-07-21 19:24:00,CGRN
4.945,4.945,4.945,4.945,500,2021-07-21 19:27:00,CGRN
4.93,4.93,4.93,4.93,300,2021-07-21 19:28:00,CGRN
4.94,4.94,4.94,4.94,100,2021-07-21 19:34:00,CGRN
4.94,4.97,4.94,4.97,1484,2021-07-21 19:35:00,CGRN
4.97,4.97,4.97,4.97,100,2021-07-21 19:37:00,CGRN
4.97,4.97,4.97,4.97,100,2021-07-21 19:38:00,CGRN
4.97,4.97,4.97,4.97,100,2021-07-21 19:42:00,CGRN
4.9492,4.9492,4.9492,4.9492,500,2021-07-21 19:44:00,CGRN
4.9529,4.9529,4.9529,4.9529,100,2021-07-21 19:45:00,CGRN
4.955,4.955,4.955,4.955,100,2021-07-21 19:48:00,CGRN
4.97,4.97,4.97,4.97,100,2021-07-21 19:49:00,CGRN
4.97,4.97,4.97,4.97,100,2021-07-21 19:50:00,CGRN
4.94,4.955,4.94,4.95,700,2021-07-21 19:51:00,CGRN
4.97,4.97,4.97,4.97,400,2021-07-21 19:52:00,CGRN
4.97,4.97,4.97,4.97,100,2021-07-21 19:53:00,CGRN
4.97,4.97,4.9516,4.9516,302,2021-07-21 19:55:00,CGRN
4.96,4.97,4.96,4.97,488,2021-07-21 19:56:00,CGRN
4.95,4.96,4.95,4.95,1400,2021-07-21 19:57:00,CGRN
4.96,4.97,4.96,4.97,923,2021-07-21 19:58:00,CGRN
4.97,4.97,4.97,4.97,654,2021-07-21 19:59:00,CGRN
4.95,4.95,4.95,4.95,2159,2021-07-21 20:00:00,CGRN
4.9,4.9,4.9,4.9,647,2021-07-22 13:30:00,CGRN
4.89,4.919,4.89,4.919,200,2021-07-22 13:36:00,CGRN
4.88,4.88,4.81,4.81,1200,2021-07-22 13:37:00,CGRN
4.8799,4.8799,4.8799,4.8799,100,2021-07-22 13:38:00,CGRN
4.87,4.87,4.87,4.87,100,2021-07-22 13:43:00,CGRN
4.79,4.79,4.79,4.79,100,2021-07-22 13:45:00,CGRN
4.8011,4.8011,4.8011,4.8011,203,2021-07-22 13:46:00,CGRN
4.79,4.79,4.79,4.79,100,2021-07-22 13:50:00,CGRN
4.8499,4.8499,4.8499,4.8499,146,2021-07-22 14:09:00,CGRN
4.78,4.78,4.78,4.78,100,2021-07-22 14:14:00,CGRN
4.78,4.78,4.78,4.78,100,2021-07-22 14:18:00,CGRN
4.7501,4.7501,4.7,4.7,2407,2021-07-22 14:20:00,CGRN
4.76,4.76,4.76,4.76,100,2021-07-22 14:21:00,CGRN
4.71,4.71,4.71,4.71,193,2021-07-22 14:44:00,CGRN
4.66,4.685,4.65,4.6501,900,2021-07-22 14:45:00,CGRN
4.675,4.675,4.675,4.675,200,2021-07-22 14:49:00,CGRN
4.7,4.7,4.7,4.7,1227,2021-07-22 14:51:00,CGRN
4.65,4.65,4.65,4.65,150,2021-07-22 14:52:00,CGRN
4.65,4.65,4.65,4.65,100,2021-07-22 14:53:00,CGRN
4.66,4.66,4.66,4.66,700,2021-07-22 14:54:00,CGRN
4.64,4.64,4.64,4.64,100,2021-07-22 14:57:00,CGRN
4.66,4.675,4.65,4.65,1500,2021-07-22 15:06:00,CGRN
4.64,4.6405,4.61,4.61,1114,2021-07-22 15:09:00,CGRN
4.61,4.6399,4.61,4.6399,1385,2021-07-22 15:13:00,CGRN
4.62,4.62,4.62,4.62,1000,2021-07-22 15:18:00,CGRN
4.63,4.63,4.63,4.63,100,2021-07-22 15:19:00,CGRN
4.63,4.63,4.63,4.63,100,2021-07-22 15:25:00,CGRN
4.64,4.6405,4.64,4.6405,1314,2021-07-22 15:29:00,CGRN
4.69,4.69,4.69,4.69,100,2021-07-22 15:31:00,CGRN
4.74,4.74,4.74,4.74,100,2021-07-22 15:32:00,CGRN
4.68,4.68,4.68,4.68,200,2021-07-22 15:40:00,CGRN
4.68,4.68,4.68,4.68,100,2021-07-22 15:49:00,CGRN
4.71,4.71,4.71,4.71,200,2021-07-22 16:04:00,CGRN
4.68,4.68,4.68,4.68,2225,2021-07-22 16:12:00,CGRN
4.67,4.67,4.67,4.67,200,2021-07-22 16:13:00,CGRN
4.66,4.66,4.66,4.66,200,2021-07-22 16:20:00,CGRN
4.69,4.69,4.69,4.69,100,2021-07-22 16:21:00,CGRN
4.69,4.69,4.66,4.66,390,2021-07-22 16:22:00,CGRN
4.69,4.7,4.69,4.7,200,2021-07-22 16:31:00,CGRN
4.68,4.7,4.68,4.7,300,2021-07-22 16:39:00,CGRN
4.69,4.69,4.69,4.69,200,2021-07-22 16:40:00,CGRN
4.69,4.69,4.69,4.69,300,2021-07-22 16:54:00,CGRN
4.685,4.685,4.685,4.685,100,2021-07-22 16:57:00,CGRN
4.68,4.68,4.62,4.62,1800,2021-07-22 16:58:00,CGRN
4.64,4.68,4.64,4.68,200,2021-07-22 17:01:00,CGRN
4.6644,4.6644,4.6644,4.6644,200,2021-07-22 17:03:00,CGRN
4.66,4.66,4.66,4.66,200,2021-07-22 17:04:00,CGRN
4.68,4.68,4.68,4.68,100,2021-07-22 17:11:00,CGRN
4.71,4.72,4.7085,4.7085,798,2021-07-22 17:14:00,CGRN
4.7299,4.7299,4.7299,4.7299,600,2021-07-22 17:15:00,CGRN
4.72,4.72,4.72,4.72,100,2021-07-22 17:16:00,CGRN
4.6877,4.6877,4.6877,4.6877,100,2021-07-22 17:22:00,CGRN
4.72,4.74,4.7,4.7,1000,2021-07-22 17:39:00,CGRN
4.71,4.71,4.71,4.71,100,2021-07-22 17:49:00,CGRN
4.7252,4.7252,4.7252,4.7252,425,2021-07-22 17:52:00,CGRN
4.7,4.7,4.7,4.7,200,2021-07-22 17:59:00,CGRN
4.7,4.7,4.7,4.7,213,2021-07-22 18:00:00,CGRN
4.7126,4.7126,4.7126,4.7126,100,2021-07-22 18:14:00,CGRN
4.72,4.74,4.72,4.74,9141,2021-07-22 18:16:00,CGRN
4.765,4.765,4.765,4.765,160,2021-07-22 18:18:00,CGRN
4.74,4.74,4.74,4.74,400,2021-07-22 18:26:00,CGRN
4.75,4.75,4.75,4.75,1000,2021-07-22 18:28:00,CGRN
4.76,4.76,4.76,4.76,100,2021-07-22 18:30:00,CGRN
4.77,4.785,4.77,4.785,999,2021-07-22 18:33:00,CGRN
4.76,4.76,4.76,4.76,100,2021-07-22 18:38:00,CGRN
4.76,4.76,4.76,4.76,200,2021-07-22 18:42:00,CGRN
4.76,4.76,4.76,4.76,144,2021-07-22 18:44:00,CGRN
4.77,4.77,4.76,4.76,200,2021-07-22 18:48:00,CGRN
4.76,4.76,4.76,4.76,134,2021-07-22 18:50:00,CGRN
4.76,4.76,4.76,4.76,400,2021-07-22 18:51:00,CGRN
4.77,4.77,4.76,4.76,300,2021-07-22 19:04:00,CGRN
4.76,4.76,4.76,4.76,400,2021-07-22 19:05:00,CGRN
4.76,4.76,4.76,4.76,400,2021-07-22 19:06:00,CGRN
4.76,4.76,4.76,4.76,100,2021-07-22 19:17:00,CGRN
4.76,4.76,4.75,4.75,2700,2021-07-22 19:22:00,CGRN
4.75,4.75,4.75,4.75,300,2021-07-22 19:24:00,CGRN
4.76,4.76,4.76,4.76,200,2021-07-22 19:25:00,CGRN
4.775,4.775,4.775,4.775,300,2021-07-22 19:29:00,CGRN
4.71,4.71,4.71,4.71,200,2021-07-22 19:30:00,CGRN
4.72,4.72,4.72,4.72,600,2021-07-22 19:34:00,CGRN
4.76,4.76,4.76,4.76,100,2021-07-22 19:35:00,CGRN
4.71,4.71,4.7096,4.7096,800,2021-07-22 19:38:00,CGRN
4.795,4.795,4.78,4.79,300,2021-07-22 19:40:00,CGRN
4.75,4.7899,4.74,4.74,304,2021-07-22 19:43:00,CGRN
4.77,4.78,4.7,4.7,800,2021-07-22 19:44:00,CGRN
4.77,4.77,4.77,4.77,300,2021-07-22 19:45:00,CGRN
4.745,4.745,4.745,4.745,100,2021-07-22 19:48:00,CGRN
4.77,4.79,4.7687,4.77,1000,2021-07-22 19:49:00,CGRN
4.77,4.77,4.77,4.77,100,2021-07-22 19:51:00,CGRN
4.77,4.77,4.77,4.77,100,2021-07-22 19:52:00,CGRN
4.77,4.77,4.77,4.77,100,2021-07-22 19:53:00,CGRN
4.78,4.7941,4.75,4.7941,616,2021-07-22 19:54:00,CGRN
4.77,4.79,4.76,4.77,1025,2021-07-22 19:56:00,CGRN
4.775,4.775,4.775,4.775,100,2021-07-22 19:57:00,CGRN
4.79,4.79,4.79,4.79,100,2021-07-22 19:58:00,CGRN
4.76,4.7867,4.75,4.75,2062,2021-07-22 19:59:00,CGRN
4.75,4.75,4.75,4.75,716,2021-07-22 20:00:00,CGRN
4.74,4.76,4.73,4.73,2086,2021-07-23 13:30:00,CGRN
4.7108,4.7108,4.7108,4.7108,150,2021-07-23 13:35:00,CGRN
4.72,4.72,4.72,4.72,200,2021-07-23 13:39:00,CGRN
4.78,4.78,4.78,4.78,285,2021-07-23 13:47:00,CGRN
4.75,4.75,4.75,4.75,896,2021-07-23 13:48:00,CGRN
4.72,4.72,4.72,4.72,559,2021-07-23 13:49:00,CGRN
4.72,4.72,4.7,4.72,10074,2021-07-23 13:50:00,CGRN
4.64,4.64,4.64,4.64,400,2021-07-23 13:55:00,CGRN
4.63,4.63,4.62,4.62,300,2021-07-23 14:07:00,CGRN
4.62,4.62,4.62,4.62,100,2021-07-23 14:13:00,CGRN
4.6001,4.6001,4.6,4.6,2224,2021-07-23 14:21:00,CGRN
4.62,4.62,4.62,4.62,100,2021-07-23 14:22:00,CGRN
4.6052,4.6052,4.6052,4.6052,200,2021-07-23 14:26:00,CGRN
4.6399,4.6399,4.6399,4.6399,200,2021-07-23 14:27:00,CGRN
4.6,4.61,4.6,4.6,700,2021-07-23 14:28:00,CGRN
4.635,4.635,4.635,4.635,1000,2021-07-23 14:36:00,CGRN
4.63,4.63,4.61,4.62,500,2021-07-23 14:37:00,CGRN
4.6485,4.6485,4.63,4.63,355,2021-07-23 14:38:00,CGRN
4.61,4.61,4.61,4.61,200,2021-07-23 14:45:00,CGRN
4.6227,4.6227,4.6226,4.6226,330,2021-07-23 14:56:00,CGRN
4.6201,4.6201,4.6201,4.6201,2000,2021-07-23 14:57:00,CGRN
4.62,4.62,4.61,4.61,800,2021-07-23 14:59:00,CGRN
4.615,4.615,4.615,4.615,100,2021-07-23 15:04:00,CGRN
4.63,4.63,4.63,4.63,500,2021-07-23 15:08:00,CGRN
4.63,4.63,4.63,4.63,100,2021-07-23 15:10:00,CGRN
4.615,4.62,4.615,4.62,1000,2021-07-23 15:19:00,CGRN
4.63,4.63,4.6001,4.63,840,2021-07-23 15:21:00,CGRN
4.635,4.635,4.635,4.635,400,2021-07-23 15:23:00,CGRN
4.65,4.65,4.65,4.65,500,2021-07-23 15:31:00,CGRN
4.61,4.61,4.61,4.61,200,2021-07-23 15:38:00,CGRN
4.635,4.635,4.635,4.635,100,2021-07-23 15:43:00,CGRN
4.6,4.6,4.52,4.52,6414,2021-07-23 15:47:00,CGRN
4.53,4.53,4.53,4.53,100,2021-07-23 15:49:00,CGRN
4.54,4.585,4.54,4.54,2040,2021-07-23 15:50:00,CGRN
4.55,4.58,4.55,4.58,350,2021-07-23 15:57:00,CGRN
4.575,4.6,4.575,4.6,3160,2021-07-23 15:58:00,CGRN
4.56,4.57,4.56,4.56,300,2021-07-23 16:21:00,CGRN
4.55,4.552,4.54,4.55,2799,2021-07-23 16:33:00,CGRN
4.55,4.55,4.55,4.55,200,2021-07-23 16:36:00,CGRN
4.5387,4.5387,4.5387,4.5387,100,2021-07-23 16:41:00,CGRN
4.54,4.54,4.52,4.52,200,2021-07-23 16:52:00,CGRN
4.54,4.56,4.54,4.56,600,2021-07-23 16:59:00,CGRN
4.6096,4.6096,4.6096,4.6096,650,2021-07-23 17:13:00,CGRN
4.5501,4.5501,4.5501,4.5501,2200,2021-07-23 17:22:00,CGRN
4.56,4.56,4.56,4.56,100,2021-07-23 17:26:00,CGRN
4.56,4.56,4.56,4.56,200,2021-07-23 17:30:00,CGRN
4.585,4.585,4.56,4.58,690,2021-07-23 17:50:00,CGRN
4.56,4.56,4.56,4.56,500,2021-07-23 17:53:00,CGRN
4.56,4.56,4.56,4.56,100,2021-07-23 17:54:00,CGRN
4.56,4.56,4.56,4.56,100,2021-07-23 17:57:00,CGRN
4.57,4.57,4.57,4.57,100,2021-07-23 17:59:00,CGRN
4.58,4.58,4.56,4.56,300,2021-07-23 18:07:00,CGRN
4.58,4.58,4.58,4.58,500,2021-07-23 18:10:00,CGRN
4.6,4.6,4.6,4.6,1009,2021-07-23 18:11:00,CGRN
4.575,4.575,4.575,4.575,100,2021-07-23 18:15:00,CGRN
4.5501,4.5501,4.5501,4.5501,740,2021-07-23 18:22:00,CGRN
4.575,4.575,4.575,4.575,100,2021-07-23 18:24:00,CGRN
4.55,4.55,4.55,4.55,100,2021-07-23 18:37:00,CGRN
4.57,4.57,4.57,4.57,200,2021-07-23 18:39:00,CGRN
4.55,4.55,4.55,4.55,100,2021-07-23 18:43:00,CGRN
4.56,4.56,4.56,4.56,300,2021-07-23 18:44:00,CGRN
4.55,4.55,4.55,4.55,700,2021-07-23 18:49:00,CGRN
4.55,4.55,4.55,4.55,1031,2021-07-23 18:52:00,CGRN
4.56,4.56,4.56,4.56,100,2021-07-23 18:54:00,CGRN
4.5715,4.5715,4.5715,4.5715,823,2021-07-23 19:01:00,CGRN
4.57,4.57,4.57,4.57,400,2021-07-23 19:02:00,CGRN
4.56,4.56,4.56,4.56,200,2021-07-23 19:09:00,CGRN
4.5558,4.5558,4.5558,4.5558,550,2021-07-23 19:10:00,CGRN
4.57,4.57,4.57,4.57,276,2021-07-23 19:11:00,CGRN
4.56,4.56,4.56,4.56,100,2021-07-23 19:12:00,CGRN
4.56,4.56,4.56,4.56,100,2021-07-23 19:18:00,CGRN
4.57,4.57,4.57,4.57,200,2021-07-23 19:19:00,CGRN
4.58,4.58,4.58,4.58,100,2021-07-23 19:21:00,CGRN
4.59,4.59,4.58,4.58,300,2021-07-23 19:22:00,CGRN
4.6,4.6,4.58,4.58,210,2021-07-23 19:23:00,CGRN
4.57,4.57,4.57,4.57,100,2021-07-23 19:38:00,CGRN
4.57,4.57,4.57,4.57,100,2021-07-23 19:39:00,CGRN
4.575,4.575,4.575,4.575,200,2021-07-23 19:41:00,CGRN
4.56,4.57,4.56,4.57,200,2021-07-23 19:44:00,CGRN
4.58,4.58,4.58,4.58,500,2021-07-23 19:50:00,CGRN
4.5899,4.5899,4.5899,4.5899,171,2021-07-23 19:53:00,CGRN
4.56,4.56,4.56,4.56,100,2021-07-23 19:54:00,CGRN
4.58,4.59,4.58,4.59,400,2021-07-23 19:55:00,CGRN
4.5865,4.5865,4.5865,4.5865,217,2021-07-23 19:56:00,CGRN
4.59,4.59,4.57,4.57,307,2021-07-23 19:57:00,CGRN
4.59,4.59,4.56,4.56,493,2021-07-23 19:58:00,CGRN
4.55,4.55,4.55,4.55,490,2021-07-23 19:59:00,CGRN
4.55,4.55,4.55,4.55,669,2021-07-23 20:00:00,CGRN
4.55,4.55,4.55,4.55,1613,2021-07-26 11:21:00,CGRN
4.55,4.55,4.55,4.55,1020,2021-07-26 13:30:00,CGRN
4.57,4.57,4.54,4.54,200,2021-07-26 13:34:00,CGRN
4.625,4.67,4.625,4.67,1445,2021-07-26 13:39:00,CGRN
4.63,4.63,4.63,4.63,100,2021-07-26 13:40:00,CGRN
4.6,4.6,4.6,4.6,400,2021-07-26 13:42:00,CGRN
4.56,4.56,4.55,4.55,1300,2021-07-26 13:43:00,CGRN
4.6,4.6,4.6,4.6,144,2021-07-26 13:44:00,CGRN
4.579,4.579,4.579,4.579,100,2021-07-26 13:46:00,CGRN
4.565,4.6,4.565,4.6,200,2021-07-26 13:48:00,CGRN
4.5641,4.5641,4.5641,4.5641,200,2021-07-26 13:50:00,CGRN
4.63,4.63,4.63,4.63,265,2021-07-26 13:52:00,CGRN
4.66,4.68,4.66,4.6637,325,2021-07-26 14:01:00,CGRN
4.65,4.65,4.65,4.65,194,2021-07-26 14:03:00,CGRN
4.7999,4.7999,4.7999,4.7999,300,2021-07-26 14:07:00,CGRN
4.71,4.71,4.7,4.7,200,2021-07-26 14:14:00,CGRN
4.61,4.61,4.61,4.61,100,2021-07-26 14:18:00,CGRN
4.64,4.64,4.64,4.64,100,2021-07-26 14:21:00,CGRN
4.65,4.65,4.65,4.65,100,2021-07-26 14:25:00,CGRN
4.7,4.7,4.7,4.7,156,2021-07-26 14:26:00,CGRN
4.7,4.7,4.7,4.7,379,2021-07-26 14:28:00,CGRN
4.66,4.66,4.66,4.66,200,2021-07-26 14:32:00,CGRN
4.64,4.64,4.64,4.64,200,2021-07-26 14:36:00,CGRN
4.59,4.59,4.59,4.59,100,2021-07-26 14:39:00,CGRN
4.59,4.64,4.59,4.64,900,2021-07-26 14:46:00,CGRN
4.56,4.56,4.56,4.56,500,2021-07-26 14:50:00,CGRN
4.62,4.62,4.62,4.62,300,2021-07-26 14:54:00,CGRN
4.6325,4.6325,4.6325,4.6325,1000,2021-07-26 14:57:00,CGRN
4.59,4.59,4.59,4.59,100,2021-07-26 14:59:00,CGRN
4.58,4.58,4.55,4.55,445,2021-07-26 15:03:00,CGRN
4.56,4.56,4.56,4.56,100,2021-07-26 15:06:00,CGRN
4.5619,4.5619,4.5619,4.5619,1085,2021-07-26 15:08:00,CGRN
4.56,4.56,4.56,4.56,100,2021-07-26 15:13:00,CGRN
4.5728,4.5728,4.5728,4.5728,800,2021-07-26 15:17:00,CGRN
4.58,4.58,4.58,4.58,100,2021-07-26 15:20:00,CGRN
4.58,4.58,4.58,4.58,200,2021-07-26 15:23:00,CGRN
4.551,4.551,4.551,4.551,500,2021-07-26 15:25:00,CGRN
4.55,4.55,4.55,4.55,100,2021-07-26 15:29:00,CGRN
4.55,4.5885,4.55,4.5885,400,2021-07-26 15:31:00,CGRN
4.52,4.52,4.52,4.52,300,2021-07-26 15:33:00,CGRN
4.53,4.53,4.5,4.5,200,2021-07-26 15:34:00,CGRN
4.524,4.524,4.524,4.524,700,2021-07-26 15:41:00,CGRN
4.5522,4.5522,4.5522,4.5522,100,2021-07-26 15:46:00,CGRN
4.53,4.53,4.53,4.53,200,2021-07-26 15:50:00,CGRN
4.555,4.555,4.555,4.555,450,2021-07-26 15:54:00,CGRN
4.53,4.53,4.53,4.53,100,2021-07-26 16:02:00,CGRN
4.56,4.56,4.56,4.56,1000,2021-07-26 16:05:00,CGRN
4.51,4.51,4.51,4.51,100,2021-07-26 16:12:00,CGRN
4.51,4.51,4.5,4.5,1195,2021-07-26 16:14:00,CGRN
4.5001,4.5001,4.5001,4.5001,100,2021-07-26 16:27:00,CGRN
4.5,4.5,4.5,4.5,3923,2021-07-26 16:43:00,CGRN
4.46,4.46,4.46,4.46,200,2021-07-26 16:45:00,CGRN
4.5,4.5,4.5,4.5,150,2021-07-26 16:53:00,CGRN
4.47,4.47,4.47,4.47,100,2021-07-26 16:58:00,CGRN
4.4724,4.4724,4.4724,4.4724,150,2021-07-26 17:02:00,CGRN
4.4701,4.4701,4.4701,4.4701,189,2021-07-26 17:10:00,CGRN
4.47,4.47,4.47,4.47,400,2021-07-26 17:18:00,CGRN
4.49,4.49,4.49,4.49,100,2021-07-26 17:22:00,CGRN
4.4934,4.4934,4.49,4.49,3250,2021-07-26 17:48:00,CGRN
4.505,4.505,4.505,4.505,125,2021-07-26 18:03:00,CGRN
4.53,4.54,4.53,4.54,500,2021-07-26 18:11:00,CGRN
4.54,4.54,4.54,4.54,100,2021-07-26 18:12:00,CGRN
4.54,4.55,4.54,4.55,1310,2021-07-26 18:13:00,CGRN
4.515,4.5591,4.515,4.5591,930,2021-07-26 18:16:00,CGRN
4.55,4.58,4.54,4.58,401,2021-07-26 18:30:00,CGRN
4.5799,4.5799,4.5799,4.5799,100,2021-07-26 18:40:00,CGRN
4.5351,4.5351,4.5351,4.5351,290,2021-07-26 18:42:00,CGRN
4.51,4.51,4.51,4.51,100,2021-07-26 18:46:00,CGRN
4.525,4.525,4.525,4.525,100,2021-07-26 18:50:00,CGRN
4.5101,4.5101,4.5101,4.5101,150,2021-07-26 18:51:00,CGRN
4.54,4.54,4.54,4.54,100,2021-07-26 18:55:00,CGRN
4.57,4.57,4.57,4.57,183,2021-07-26 18:56:00,CGRN
4.54,4.54,4.54,4.54,400,2021-07-26 18:59:00,CGRN
4.54,4.54,4.53,4.53,3985,2021-07-26 19:00:00,CGRN
4.523,4.523,4.521,4.521,600,2021-07-26 19:17:00,CGRN
4.56,4.56,4.56,4.56,138,2021-07-26 19:19:00,CGRN
4.51,4.51,4.51,4.51,247,2021-07-26 19:42:00,CGRN
4.525,4.54,4.51,4.51,2648,2021-07-26 19:49:00,CGRN
4.52,4.52,4.52,4.52,398,2021-07-26 19:50:00,CGRN
4.51,4.51,4.51,4.51,100,2021-07-26 19:51:00,CGRN
4.54,4.54,4.53,4.53,338,2021-07-26 19:56:00,CGRN
4.53,4.53,4.53,4.53,100,2021-07-26 19:58:00,CGRN
4.53,4.54,4.52,4.54,700,2021-07-26 19:59:00,CGRN
4.52,4.52,4.52,4.52,2095,2021-07-26 20:00:00,CGRN
4.51,4.51,4.51,4.51,256,2021-07-27 13:30:00,CGRN
4.51,4.51,4.5,4.5,1379,2021-07-27 13:32:00,CGRN
4.5,4.5,4.5,4.5,923,2021-07-27 13:33:00,CGRN
4.5486,4.5486,4.5486,4.5486,100,2021-07-27 13:34:00,CGRN
4.47,4.47,4.47,4.47,100,2021-07-27 13:36:00,CGRN
4.47,4.47,4.47,4.47,100,2021-07-27 13:40:00,CGRN
4.4501,4.4501,4.45,4.45,8856,2021-07-27 13:42:00,CGRN
4.44,4.45,4.4,4.45,2200,2021-07-27 13:44:00,CGRN
4.3844,4.3844,4.3844,4.3844,300,2021-07-27 13:53:00,CGRN
4.38,4.38,4.38,4.38,971,2021-07-27 13:58:00,CGRN
4.44,4.44,4.44,4.44,100,2021-07-27 14:02:00,CGRN
4.44,4.44,4.44,4.44,100,2021-07-27 14:10:00,CGRN
4.415,4.415,4.38,4.38,800,2021-07-27 14:13:00,CGRN
4.365,4.365,4.3,4.3,4383,2021-07-27 14:14:00,CGRN
4.35,4.35,4.35,4.35,300,2021-07-27 14:18:00,CGRN
4.43,4.45,4.43,4.45,3998,2021-07-27 14:23:00,CGRN
4.48,4.48,4.48,4.48,300,2021-07-27 14:26:00,CGRN
4.479,4.479,4.39,4.39,1100,2021-07-27 14:29:00,CGRN
4.3801,4.3801,4.3801,4.3801,248,2021-07-27 14:30:00,CGRN
4.39,4.39,4.39,4.39,100,2021-07-27 14:33:00,CGRN
4.44,4.44,4.44,4.44,100,2021-07-27 14:34:00,CGRN
4.4599,4.4599,4.4599,4.4599,900,2021-07-27 14:38:00,CGRN
4.4,4.4,4.4,4.4,100,2021-07-27 14:40:00,CGRN
4.4,4.4,4.4,4.4,100,2021-07-27 14:44:00,CGRN
4.4,4.4,4.4,4.4,100,2021-07-27 14:48:00,CGRN
4.39,4.39,4.39,4.39,250,2021-07-27 14:50:00,CGRN
4.46,4.46,4.46,4.46,396,2021-07-27 14:51:00,CGRN
4.41,4.41,4.41,4.41,100,2021-07-27 14:59:00,CGRN
4.4001,4.4001,4.4001,4.4001,131,2021-07-27 15:01:00,CGRN
4.41,4.41,4.41,4.41,100,2021-07-27 15:05:00,CGRN
4.4599,4.4599,4.41,4.41,550,2021-07-27 15:10:00,CGRN
4.41,4.41,4.41,4.41,100,2021-07-27 15:14:00,CGRN
4.4,4.4,4.4,4.4,100,2021-07-27 15:23:00,CGRN
4.43,4.43,4.43,4.43,200,2021-07-27 15:25:00,CGRN
4.4,4.4,4.4,4.4,200,2021-07-27 15:27:00,CGRN
4.41,4.41,4.4,4.4,224,2021-07-27 15:31:00,CGRN
4.4,4.4,4.4,4.4,100,2021-07-27 15:32:00,CGRN
4.38,4.38,4.38,4.38,200,2021-07-27 15:37:00,CGRN
4.36,4.36,4.34,4.36,1560,2021-07-27 15:39:00,CGRN
4.32,4.32,4.32,4.32,250,2021-07-27 15:41:00,CGRN
4.32,4.32,4.32,4.32,100,2021-07-27 15:43:00,CGRN
4.34,4.34,4.34,4.34,200,2021-07-27 15:44:00,CGRN
4.355,4.355,4.34,4.34,200,2021-07-27 15:45:00,CGRN
4.3665,4.3665,4.3665,4.3665,100,2021-07-27 15:46:00,CGRN
4.3655,4.3655,4.3655,4.3655,500,2021-07-27 15:47:00,CGRN
4.3925,4.3925,4.3925,4.3925,300,2021-07-27 15:52:00,CGRN
4.34,4.34,4.34,4.34,300,2021-07-27 15:58:00,CGRN
4.35,4.35,4.3464,4.35,300,2021-07-27 15:59:00,CGRN
4.35,4.35,4.35,4.35,400,2021-07-27 16:02:00,CGRN
4.35,4.35,4.35,4.35,489,2021-07-27 16:03:00,CGRN
4.34,4.36,4.34,4.36,300,2021-07-27 16:06:00,CGRN
4.415,4.415,4.415,4.415,100,2021-07-27 16:09:00,CGRN
4.4599,4.4599,4.4599,4.4599,200,2021-07-27 16:15:00,CGRN
4.4301,4.4301,4.43,4.43,200,2021-07-27 16:20:00,CGRN
4.42,4.42,4.42,4.42,4295,2021-07-27 16:30:00,CGRN
4.436,4.436,4.436,4.436,600,2021-07-27 16:32:00,CGRN
4.4214,4.4214,4.42,4.42,500,2021-07-27 16:39:00,CGRN
4.42,4.42,4.38,4.38,1736,2021-07-27 16:40:00,CGRN
4.36,4.36,4.36,4.36,100,2021-07-27 16:41:00,CGRN
4.4053,4.4053,4.4053,4.4053,500,2021-07-27 16:44:00,CGRN
4.4,4.4,4.4,4.4,100,2021-07-27 16:58:00,CGRN
4.38,4.38,4.38,4.38,214,2021-07-27 17:01:00,CGRN
4.39,4.39,4.39,4.39,250,2021-07-27 17:31:00,CGRN
4.39,4.39,4.39,4.39,200,2021-07-27 17:32:00,CGRN
4.41,4.41,4.41,4.41,998,2021-07-27 17:33:00,CGRN
4.37,4.37,4.37,4.37,100,2021-07-27 17:44:00,CGRN
4.39,4.39,4.37,4.37,2208,2021-07-27 17:45:00,CGRN
4.3703,4.3703,4.3703,4.3703,300,2021-07-27 17:47:00,CGRN
4.4058,4.4058,4.4058,4.4058,400,2021-07-27 17:49:00,CGRN
4.42,4.42,4.42,4.42,100,2021-07-27 18:16:00,CGRN
4.42,4.42,4.42,4.42,200,2021-07-27 18:17:00,CGRN
4.44,4.44,4.44,4.44,300,2021-07-27 18:19:00,CGRN
4.45,4.45,4.45,4.45,2200,2021-07-27 18:34:00,CGRN
4.4599,4.4599,4.4599,4.4599,100,2021-07-27 18:43:00,CGRN
4.46,4.46,4.46,4.46,704,2021-07-27 18:46:00,CGRN
4.44,4.44,4.44,4.44,300,2021-07-27 18:47:00,CGRN
4.45,4.45,4.45,4.45,308,2021-07-27 19:06:00,CGRN
4.44,4.46,4.44,4.46,1099,2021-07-27 19:12:00,CGRN
4.43,4.43,4.43,4.43,100,2021-07-27 19:35:00,CGRN
4.4563,4.4563,4.43,4.43,2337,2021-07-27 19:36:00,CGRN
4.45,4.4653,4.43,4.45,3300,2021-07-27 19:40:00,CGRN
4.469,4.469,4.43,4.45,3600,2021-07-27 19:41:00,CGRN
4.45,4.453,4.43,4.43,900,2021-07-27 19:42:00,CGRN
4.43,4.43,4.43,4.43,2237,2021-07-27 19:43:00,CGRN
4.45,4.45,4.45,4.45,100,2021-07-27 19:46:00,CGRN
4.44,4.44,4.44,4.44,100,2021-07-27 19:53:00,CGRN
4.44,4.44,4.44,4.44,105,2021-07-27 19:56:00,CGRN
4.455,4.455,4.43,4.43,5147,2021-07-27 19:57:00,CGRN
4.44,4.44,4.42,4.42,3050,2021-07-27 19:59:00,CGRN
4.42,4.42,4.42,4.42,1191,2021-07-27 20:00:00,CGRN
4.37,4.37,4.37,4.37,100,2021-07-27 20:30:00,CGRN
4.56,4.56,4.56,4.56,100,2021-07-28 11:12:00,CGRN
4.79,5.0,4.79,5.0,1528,2021-07-28 12:30:00,CGRN
4.87,4.87,4.87,4.87,100,2021-07-28 12:31:00,CGRN
4.849,4.849,4.849,4.849,250,2021-07-28 12:32:00,CGRN
4.86,4.86,4.86,4.86,1000,2021-07-28 12:36:00,CGRN
4.6,4.6,4.6,4.6,150,2021-07-28 12:37:00,CGRN
4.5999,4.61,4.5999,4.61,800,2021-07-28 12:38:00,CGRN
4.72,4.73,4.72,4.73,985,2021-07-28 12:40:00,CGRN
4.66,4.66,4.66,4.66,4600,2021-07-28 12:45:00,CGRN
4.6,4.6,4.6,4.6,1900,2021-07-28 12:46:00,CGRN
4.61,4.61,4.61,4.61,249,2021-07-28 13:04:00,CGRN
4.47,4.5,4.47,4.5,1173,2021-07-28 13:30:00,CGRN
4.5,4.5,4.5,4.5,100,2021-07-28 13:31:00,CGRN
4.5212,4.5212,4.5212,4.5212,100,2021-07-28 13:34:00,CGRN
4.55,4.59,4.55,4.59,2100,2021-07-28 13:44:00,CGRN
4.55,4.55,4.55,4.55,600,2021-07-28 13:46:00,CGRN
4.58,4.6,4.58,4.58,1800,2021-07-28 13:47:00,CGRN
4.63,4.63,4.6225,4.63,1607,2021-07-28 13:49:00,CGRN
4.62,4.62,4.62,4.62,100,2021-07-28 13:50:00,CGRN
4.63,4.63,4.63,4.63,553,2021-07-28 13:51:00,CGRN
4.62,4.62,4.62,4.62,100,2021-07-28 13:52:00,CGRN
4.61,4.61,4.61,4.61,1000,2021-07-28 13:53:00,CGRN
4.63,4.63,4.63,4.63,250,2021-07-28 13:58:00,CGRN
4.65,4.65,4.6499,4.6499,1000,2021-07-28 13:59:00,CGRN
4.67,4.7,4.67,4.7,3229,2021-07-28 14:00:00,CGRN
4.65,4.65,4.65,4.65,2100,2021-07-28 14:02:00,CGRN
4.65,4.65,4.65,4.65,300,2021-07-28 14:03:00,CGRN
4.6309,4.6309,4.6309,4.6309,151,2021-07-28 14:04:00,CGRN
4.65,4.65,4.65,4.65,700,2021-07-28 14:06:00,CGRN
4.68,4.68,4.68,4.68,957,2021-07-28 14:08:00,CGRN
4.72,4.72,4.72,4.72,129,2021-07-28 14:09:00,CGRN
4.72,4.72,4.72,4.72,5000,2021-07-28 14:17:00,CGRN
4.65,4.65,4.65,4.65,1050,2021-07-28 14:23:00,CGRN
4.6,4.6,4.6,4.6,1000,2021-07-28 14:26:00,CGRN
4.56,4.56,4.56,4.56,507,2021-07-28 14:27:00,CGRN
4.57,4.57,4.56,4.56,200,2021-07-28 14:33:00,CGRN
4.57,4.57,4.57,4.57,100,2021-07-28 14:39:00,CGRN
4.6053,4.6053,4.6053,4.6053,300,2021-07-28 14:41:00,CGRN
4.6,4.61,4.6,4.61,200,2021-07-28 14:43:00,CGRN
4.6,4.65,4.6,4.65,6117,2021-07-28 14:46:00,CGRN
4.6067,4.6067,4.6067,4.6067,465,2021-07-28 14:51:00,CGRN
4.645,4.645,4.645,4.645,100,2021-07-28 14:53:00,CGRN
4.65,4.65,4.65,4.65,1184,2021-07-28 14:54:00,CGRN
4.63,4.63,4.61,4.61,200,2021-07-28 14:55:00,CGRN
4.62,4.62,4.6,4.6,300,2021-07-28 15:02:00,CGRN
4.6162,4.6162,4.6162,4.6162,1200,2021-07-28 15:03:00,CGRN
4.64,4.64,4.64,4.64,1916,2021-07-28 15:06:00,CGRN
4.6458,4.6458,4.6458,4.6458,180,2021-07-28 15:21:00,CGRN
4.7,4.7,4.7,4.7,1092,2021-07-28 15:22:00,CGRN
4.72,4.72,4.72,4.72,657,2021-07-28 15:25:00,CGRN
4.71,4.72,4.71,4.72,200,2021-07-28 15:26:00,CGRN
4.6857,4.6857,4.6857,4.6857,100,2021-07-28 15:27:00,CGRN
4.72,4.72,4.715,4.715,300,2021-07-28 15:28:00,CGRN
4.72,4.72,4.705,4.705,335,2021-07-28 15:30:00,CGRN
4.7294,4.7294,4.7294,4.7294,1000,2021-07-28 15:37:00,CGRN
4.72,4.72,4.72,4.72,400,2021-07-28 15:40:00,CGRN
4.69,4.69,4.69,4.69,400,2021-07-28 15:47:00,CGRN
4.72,4.72,4.72,4.72,100,2021-07-28 15:53:00,CGRN
4.7076,4.7076,4.7076,4.7076,1000,2021-07-28 15:54:00,CGRN
4.72,4.72,4.72,4.72,2800,2021-07-28 15:55:00,CGRN
4.73,4.76,4.7247,4.74,2278,2021-07-28 15:56:00,CGRN
4.78,4.78,4.78,4.78,1000,2021-07-28 15:57:00,CGRN
4.77,4.77,4.77,4.77,100,2021-07-28 15:58:00,CGRN
4.78,4.78,4.773,4.773,204,2021-07-28 15:59:00,CGRN
4.78,4.78,4.78,4.78,390,2021-07-28 16:10:00,CGRN
4.77,4.77,4.77,4.77,960,2021-07-28 16:19:00,CGRN
4.77,4.77,4.77,4.77,1300,2021-07-28 16:20:00,CGRN
4.753,4.771,4.753,4.7535,1125,2021-07-28 16:22:00,CGRN
4.75,4.75,4.75,4.75,1117,2021-07-28 16:29:00,CGRN
4.701,4.701,4.701,4.701,250,2021-07-28 16:32:00,CGRN
4.7,4.7,4.7,4.7,100,2021-07-28 16:35:00,CGRN
4.715,4.715,4.715,4.715,750,2021-07-28 16:40:00,CGRN
4.73,4.73,4.73,4.73,1500,2021-07-28 16:41:00,CGRN
4.7999,4.7999,4.7999,4.7999,2000,2021-07-28 16:45:00,CGRN
4.8,4.8,4.78,4.78,3476,2021-07-28 16:47:00,CGRN
4.8199,4.8199,4.8199,4.8199,600,2021-07-28 16:55:00,CGRN
4.8,4.8,4.8,4.8,500,2021-07-28 16:56:00,CGRN
4.7876,4.7876,4.7876,4.7876,100,2021-07-28 17:00:00,CGRN
4.809,4.82,4.809,4.8194,4200,2021-07-28 17:01:00,CGRN
4.8,4.8,4.8,4.8,200,2021-07-28 17:02:00,CGRN
4.8199,4.8199,4.8199,4.8199,500,2021-07-28 17:11:00,CGRN
4.8199,4.82,4.8199,4.82,400,2021-07-28 17:13:00,CGRN
4.82,4.82,4.82,4.82,774,2021-07-28 17:15:00,CGRN
4.78,4.8,4.78,4.8,700,2021-07-28 17:38:00,CGRN
4.78,4.79,4.78,4.79,2800,2021-07-28 17:39:00,CGRN
4.78,4.78,4.7632,4.7632,1200,2021-07-28 17:42:00,CGRN
4.78,4.78,4.78,4.78,100,2021-07-28 17:48:00,CGRN
4.78,4.78,4.78,4.78,497,2021-07-28 17:50:00,CGRN
4.7624,4.7624,4.7624,4.7624,100,2021-07-28 17:58:00,CGRN
4.78,4.78,4.78,4.78,1400,2021-07-28 18:02:00,CGRN
4.78,4.82,4.7799,4.82,533,2021-07-28 18:03:00,CGRN
4.77,4.77,4.77,4.77,100,2021-07-28 18:16:00,CGRN
4.77,4.7703,4.77,4.77,1100,2021-07-28 18:22:00,CGRN
4.8138,4.8138,4.8138,4.8138,600,2021-07-28 18:23:00,CGRN
4.77,4.77,4.77,4.77,600,2021-07-28 18:24:00,CGRN
4.79,4.79,4.79,4.79,100,2021-07-28 18:33:00,CGRN
4.79,4.79,4.75,4.75,700,2021-07-28 18:36:00,CGRN
4.79,4.79,4.79,4.79,977,2021-07-28 18:40:00,CGRN
4.79,4.79,4.79,4.79,800,2021-07-28 18:41:00,CGRN
4.78,4.78,4.78,4.78,300,2021-07-28 18:43:00,CGRN
4.79,4.79,4.79,4.79,1823,2021-07-28 18:44:00,CGRN
4.85,4.87,4.85,4.87,2900,2021-07-28 18:48:00,CGRN
4.84,4.84,4.84,4.84,100,2021-07-28 18:49:00,CGRN
4.8624,4.8624,4.8471,4.8471,2400,2021-07-28 18:53:00,CGRN
4.855,4.855,4.855,4.855,2000,2021-07-28 18:54:00,CGRN
4.855,4.855,4.855,4.855,400,2021-07-28 19:00:00,CGRN
4.86,4.86,4.86,4.86,200,2021-07-28 19:01:00,CGRN
4.86,4.86,4.86,4.86,1600,2021-07-28 19:05:00,CGRN
4.86,4.86,4.8527,4.8527,1300,2021-07-28 19:06:00,CGRN
4.86,4.86,4.86,4.86,750,2021-07-28 19:20:00,CGRN
4.86,4.86,4.86,4.86,645,2021-07-28 19:23:00,CGRN
4.86,4.9,4.86,4.9,951,2021-07-28 19:25:00,CGRN
4.87,4.87,4.86,4.86,700,2021-07-28 19:29:00,CGRN
4.81,4.87,4.81,4.86,1200,2021-07-28 19:30:00,CGRN
4.86,4.86,4.86,4.86,200,2021-07-28 19:37:00,CGRN
4.84,4.84,4.83,4.83,500,2021-07-28 19:38:00,CGRN
4.78,4.78,4.78,4.78,211,2021-07-28 19:40:00,CGRN
4.786,4.786,4.786,4.786,161,2021-07-28 19:45:00,CGRN
4.805,4.805,4.805,4.805,500,2021-07-28 19:46:00,CGRN
4.78,4.78,4.78,4.78,100,2021-07-28 19:48:00,CGRN
4.7801,4.7801,4.7801,4.7801,221,2021-07-28 19:49:00,CGRN
4.7848,4.7848,4.7848,4.7848,216,2021-07-28 19:51:00,CGRN
4.81,4.81,4.81,4.81,100,2021-07-28 19:54:00,CGRN
4.7837,4.7837,4.78,4.78,861,2021-07-28 19:55:00,CGRN
4.81,4.81,4.81,4.81,100,2021-07-28 19:56:00,CGRN
4.795,4.795,4.78,4.78,1455,2021-07-28 19:57:00,CGRN
4.81,4.82,4.81,4.82,389,2021-07-28 19:58:00,CGRN
4.79,4.82,4.78,4.82,2267,2021-07-28 19:59:00,CGRN
4.78,4.78,4.78,4.78,1212,2021-07-28 20:00:00,CGRN
4.84,4.8416,4.84,4.8416,5605,2021-07-29 13:30:00,CGRN
4.8434,4.8434,4.8434,4.8434,250,2021-07-29 13:32:00,CGRN
4.815,4.815,4.815,4.815,100,2021-07-29 13:33:00,CGRN
4.7701,4.7701,4.7701,4.7701,189,2021-07-29 13:39:00,CGRN
4.85,4.91,4.85,4.91,3364,2021-07-29 13:41:00,CGRN
4.87,4.87,4.87,4.87,200,2021-07-29 13:49:00,CGRN
4.87,4.87,4.83,4.83,1286,2021-07-29 13:53:00,CGRN
4.879,4.879,4.879,4.879,250,2021-07-29 14:01:00,CGRN
4.84,4.84,4.84,4.84,100,2021-07-29 14:06:00,CGRN
4.84,4.85,4.84,4.85,400,2021-07-29 14:07:00,CGRN
4.8103,4.8103,4.8103,4.8103,105,2021-07-29 14:08:00,CGRN
4.8,4.8,4.8,4.8,100,2021-07-29 14:10:00,CGRN
4.79,4.8499,4.79,4.8499,322,2021-07-29 14:21:00,CGRN
4.8286,4.8286,4.8286,4.8286,619,2021-07-29 14:26:00,CGRN
4.847,4.847,4.847,4.847,500,2021-07-29 14:32:00,CGRN
4.85,4.85,4.85,4.85,200,2021-07-29 14:35:00,CGRN
4.82,4.82,4.82,4.82,2000,2021-07-29 14:39:00,CGRN
4.82,4.82,4.82,4.82,750,2021-07-29 14:43:00,CGRN
4.855,4.855,4.82,4.82,1301,2021-07-29 14:44:00,CGRN
4.8283,4.83,4.8283,4.83,300,2021-07-29 14:50:00,CGRN
4.83,4.83,4.8218,4.8218,811,2021-07-29 14:51:00,CGRN
4.83,4.83,4.82,4.82,1861,2021-07-29 14:54:00,CGRN
4.82,4.82,4.82,4.82,398,2021-07-29 14:58:00,CGRN
4.8,4.8,4.8,4.8,993,2021-07-29 15:09:00,CGRN
4.78,4.78,4.78,4.78,200,2021-07-29 15:10:00,CGRN
4.83,4.83,4.83,4.83,304,2021-07-29 15:22:00,CGRN
4.835,4.835,4.835,4.835,400,2021-07-29 15:25:00,CGRN
4.86,4.86,4.86,4.86,104,2021-07-29 15:26:00,CGRN
4.855,4.8984,4.855,4.8984,200,2021-07-29 15:30:00,CGRN
4.85,4.85,4.85,4.85,100,2021-07-29 15:40:00,CGRN
4.85,4.85,4.85,4.85,200,2021-07-29 15:56:00,CGRN
4.84,4.84,4.84,4.84,100,2021-07-29 15:59:00,CGRN
4.8491,4.8491,4.82,4.82,850,2021-07-29 16:01:00,CGRN
4.82,4.82,4.82,4.82,100,2021-07-29 16:02:00,CGRN
4.8799,4.8799,4.8799,4.8799,100,2021-07-29 16:22:00,CGRN
4.8747,4.8747,4.8747,4.8747,390,2021-07-29 16:25:00,CGRN
4.82,4.82,4.82,4.82,180,2021-07-29 16:28:00,CGRN
4.82,4.82,4.78,4.78,1893,2021-07-29 16:33:00,CGRN
4.7619,4.7619,4.7619,4.7619,5985,2021-07-29 16:41:00,CGRN
4.8,4.8,4.8,4.8,1931,2021-07-29 16:46:00,CGRN
4.78,4.78,4.78,4.78,100,2021-07-29 16:50:00,CGRN
4.8,4.8,4.8,4.8,495,2021-07-29 16:52:00,CGRN
4.805,4.82,4.805,4.82,1508,2021-07-29 16:55:00,CGRN
4.8518,4.8518,4.8518,4.8518,103,2021-07-29 16:57:00,CGRN
4.8,4.8,4.8,4.8,100,2021-07-29 17:01:00,CGRN
4.82,4.82,4.82,4.82,100,2021-07-29 17:18:00,CGRN
4.8731,4.8731,4.8731,4.8731,500,2021-07-29 17:28:00,CGRN
4.8,4.8,4.8,4.8,100,2021-07-29 17:33:00,CGRN
4.8699,4.8699,4.8699,4.8699,5000,2021-07-29 17:37:00,CGRN
4.8,4.8,4.8,4.8,100,2021-07-29 17:38:00,CGRN
4.8219,4.8219,4.8219,4.8219,152,2021-07-29 17:47:00,CGRN
4.8,4.8,4.76,4.76,400,2021-07-29 17:48:00,CGRN
4.76,4.76,4.76,4.76,200,2021-07-29 17:56:00,CGRN
4.75,4.75,4.75,4.75,500,2021-07-29 17:57:00,CGRN
4.7501,4.7501,4.72,4.75,4819,2021-07-29 18:06:00,CGRN
4.72,4.72,4.72,4.72,458,2021-07-29 18:08:00,CGRN
4.72,4.72,4.72,4.72,300,2021-07-29 18:32:00,CGRN
4.7374,4.7374,4.7374,4.7374,707,2021-07-29 18:34:00,CGRN
4.71,4.71,4.71,4.71,200,2021-07-29 18:36:00,CGRN
4.71,4.71,4.71,4.71,100,2021-07-29 18:38:00,CGRN
4.72,4.73,4.72,4.73,600,2021-07-29 19:01:00,CGRN
4.7294,4.74,4.7294,4.74,1250,2021-07-29 19:15:00,CGRN
4.72,4.72,4.72,4.72,100,2021-07-29 19:16:00,CGRN
4.74,4.74,4.74,4.74,100,2021-07-29 19:19:00,CGRN
4.72,4.72,4.72,4.72,200,2021-07-29 19:20:00,CGRN
4.72,4.72,4.72,4.72,200,2021-07-29 19:40:00,CGRN
4.72,4.72,4.72,4.72,200,2021-07-29 19:41:00,CGRN
4.73,4.73,4.73,4.73,100,2021-07-29 19:42:00,CGRN
4.72,4.72,4.72,4.72,200,2021-07-29 19:43:00,CGRN
4.72,4.72,4.72,4.72,258,2021-07-29 19:45:00,CGRN
4.725,4.725,4.725,4.725,100,2021-07-29 19:47:00,CGRN
4.72,4.72,4.72,4.72,100,2021-07-29 19:50:00,CGRN
4.72,4.72,4.72,4.72,432,2021-07-29 19:51:00,CGRN
4.72,4.72,4.72,4.72,700,2021-07-29 19:52:00,CGRN
4.71,4.72,4.71,4.72,750,2021-07-29 19:55:00,CGRN
4.715,4.72,4.69,4.69,7232,2021-07-29 19:57:00,CGRN
4.69,4.69,4.68,4.68,800,2021-07-29 19:58:00,CGRN
4.69,4.7,4.67,4.686,1250,2021-07-29 19:59:00,CGRN
4.67,4.67,4.67,4.67,1348,2021-07-29 20:00:00,CGRN
4.67,4.67,4.67,4.67,1097,2021-07-30 13:30:00,CGRN
4.69,4.69,4.69,4.69,200,2021-07-30 13:34:00,CGRN
4.7,4.7,4.7,4.7,100,2021-07-30 13:35:00,CGRN
4.7,4.7,4.7,4.7,200,2021-07-30 13:36:00,CGRN
4.7733,4.7733,4.73,4.73,1200,2021-07-30 13:39:00,CGRN
4.73,4.785,4.73,4.785,300,2021-07-30 13:40:00,CGRN
4.74,4.79,4.74,4.79,200,2021-07-30 13:41:00,CGRN
4.79,4.79,4.79,4.79,100,2021-07-30 13:42:00,CGRN
4.78,4.78,4.78,4.78,100,2021-07-30 13:43:00,CGRN
4.7507,4.7507,4.7,4.7,1200,2021-07-30 13:46:00,CGRN
4.7,4.7,4.7,4.7,100,2021-07-30 13:48:00,CGRN
4.74,4.79,4.74,4.74,2000,2021-07-30 13:54:00,CGRN
4.75,4.8,4.75,4.79,1700,2021-07-30 13:55:00,CGRN
4.8478,4.8478,4.8478,4.8478,1100,2021-07-30 13:56:00,CGRN
4.88,4.88,4.88,4.88,100,2021-07-30 13:57:00,CGRN
4.8848,4.8848,4.8848,4.8848,100,2021-07-30 14:01:00,CGRN
4.8999,4.8999,4.8999,4.8999,200,2021-07-30 14:02:00,CGRN
4.82,4.82,4.82,4.82,700,2021-07-30 14:05:00,CGRN
4.7975,4.7975,4.7975,4.7975,200,2021-07-30 14:16:00,CGRN
4.78,4.78,4.78,4.78,950,2021-07-30 14:18:00,CGRN
4.75,4.75,4.75,4.75,2693,2021-07-30 14:27:00,CGRN
4.75,4.75,4.75,4.75,1550,2021-07-30 14:28:00,CGRN
4.7401,4.7401,4.7401,4.7401,400,2021-07-30 14:32:00,CGRN
4.74,4.74,4.74,4.74,200,2021-07-30 14:33:00,CGRN
4.74,4.74,4.74,4.74,100,2021-07-30 14:34:00,CGRN
4.72,4.72,4.72,4.72,100,2021-07-30 14:46:00,CGRN
4.72,4.72,4.7,4.7,1002,2021-07-30 14:50:00,CGRN
4.6969,4.6969,4.6901,4.6901,210,2021-07-30 14:56:00,CGRN
4.71,4.71,4.71,4.71,300,2021-07-30 14:57:00,CGRN
4.715,4.715,4.715,4.715,100,2021-07-30 15:11:00,CGRN
4.7,4.7,4.69,4.69,200,2021-07-30 15:15:00,CGRN
4.6919,4.6919,4.6919,4.6919,236,2021-07-30 15:21:00,CGRN
4.69,4.69,4.69,4.69,1000,2021-07-30 15:24:00,CGRN
4.6962,4.6962,4.6962,4.6962,100,2021-07-30 15:27:00,CGRN
4.72,4.72,4.72,4.72,1000,2021-07-30 15:30:00,CGRN
4.66,4.66,4.66,4.66,1324,2021-07-30 15:39:00,CGRN
4.63,4.63,4.62,4.62,400,2021-07-30 15:40:00,CGRN
4.635,4.635,4.635,4.635,100,2021-07-30 15:45:00,CGRN
4.685,4.69,4.655,4.655,700,2021-07-30 15:52:00,CGRN
4.655,4.655,4.655,4.655,100,2021-07-30 15:53:00,CGRN
4.63,4.63,4.63,4.63,100,2021-07-30 15:54:00,CGRN
4.63,4.63,4.63,4.63,100,2021-07-30 15:57:00,CGRN
4.635,4.66,4.635,4.66,500,2021-07-30 16:02:00,CGRN
4.64,4.64,4.63,4.64,1500,2021-07-30 16:21:00,CGRN
4.63,4.63,4.63,4.63,100,2021-07-30 16:23:00,CGRN
4.6,4.6,4.6,4.6,100,2021-07-30 16:26:00,CGRN
4.6,4.615,4.6,4.6,700,2021-07-30 16:50:00,CGRN
4.6,4.6,4.561,4.561,1550,2021-07-30 16:54:00,CGRN
4.58,4.58,4.54,4.54,600,2021-07-30 17:01:00,CGRN
4.58,4.58,4.57,4.58,600,2021-07-30 17:05:00,CGRN
4.56,4.57,4.56,4.56,2200,2021-07-30 17:08:00,CGRN
4.56,4.56,4.56,4.56,1500,2021-07-30 17:09:00,CGRN
4.6,4.655,4.6,4.655,900,2021-07-30 17:13:00,CGRN
4.7,4.7,4.7,4.7,300,2021-07-30 17:26:00,CGRN
4.7,4.7,4.7,4.7,200,2021-07-30 17:30:00,CGRN
4.62,4.62,4.62,4.62,100,2021-07-30 17:38:00,CGRN
4.62,4.62,4.62,4.62,100,2021-07-30 17:40:00,CGRN
4.62,4.62,4.62,4.62,100,2021-07-30 17:42:00,CGRN
4.62,4.62,4.62,4.62,100,2021-07-30 17:44:00,CGRN
4.63,4.63,4.63,4.63,100,2021-07-30 17:46:00,CGRN
4.6533,4.6533,4.6533,4.6533,2600,2021-07-30 17:47:00,CGRN
4.63,4.63,4.63,4.63,600,2021-07-30 17:48:00,CGRN
4.58,4.6565,4.58,4.65,1000,2021-07-30 17:52:00,CGRN
4.655,4.66,4.62,4.66,1000,2021-07-30 17:53:00,CGRN
4.6,4.6,4.58,4.58,300,2021-07-30 17:54:00,CGRN
4.6565,4.68,4.62,4.66,1800,2021-07-30 17:56:00,CGRN
4.69,4.69,4.69,4.69,180,2021-07-30 18:03:00,CGRN
4.7165,4.73,4.675,4.7,1363,2021-07-30 18:09:00,CGRN
4.66,4.66,4.66,4.66,400,2021-07-30 18:10:00,CGRN
4.66,4.66,4.65,4.65,1100,2021-07-30 18:31:00,CGRN
4.63,4.63,4.63,4.63,100,2021-07-30 18:43:00,CGRN
4.62,4.62,4.58,4.58,608,2021-07-30 18:49:00,CGRN
4.6,4.63,4.6,4.63,400,2021-07-30 18:50:00,CGRN
4.59,4.59,4.59,4.59,100,2021-07-30 19:04:00,CGRN
4.56,4.56,4.56,4.56,400,2021-07-30 19:09:00,CGRN
4.6056,4.6056,4.6056,4.6056,215,2021-07-30 19:14:00,CGRN
4.55,4.55,4.55,4.55,400,2021-07-30 19:16:00,CGRN
4.56,4.565,4.54,4.54,500,2021-07-30 19:19:00,CGRN
4.55,4.55,4.52,4.52,400,2021-07-30 19:21:00,CGRN
4.53,4.53,4.53,4.53,100,2021-07-30 19:25:00,CGRN
4.53,4.53,4.53,4.53,100,2021-07-30 19:27:00,CGRN
4.555,4.555,4.555,4.555,200,2021-07-30 19:28:00,CGRN
4.56,4.625,4.56,4.625,4049,2021-07-30 19:30:00,CGRN
4.635,4.635,4.625,4.625,200,2021-07-30 19:31:00,CGRN
4.62,4.62,4.6,4.6,1000,2021-07-30 19:41:00,CGRN
4.61,4.61,4.61,4.61,600,2021-07-30 19:42:00,CGRN
4.61,4.61,4.61,4.61,100,2021-07-30 19:44:00,CGRN
4.615,4.62,4.615,4.62,900,2021-07-30 19:46:00,CGRN
4.62,4.62,4.62,4.62,150,2021-07-30 19:47:00,CGRN
4.62,4.62,4.62,4.62,300,2021-07-30 19:48:00,CGRN
4.615,4.63,4.615,4.63,740,2021-07-30 19:49:00,CGRN
4.61,4.61,4.59,4.59,643,2021-07-30 19:53:00,CGRN
4.61,4.61,4.575,4.6,1950,2021-07-30 19:55:00,CGRN
4.61,4.61,4.6,4.6,600,2021-07-30 19:56:00,CGRN
4.6,4.6,4.6,4.6,400,2021-07-30 19:57:00,CGRN
4.6,4.6,4.58,4.6,400,2021-07-30 19:58:00,CGRN
4.58,4.64,4.58,4.64,1882,2021-07-30 19:59:00,CGRN
4.65,4.65,4.65,4.65,3643,2021-07-30 20:00:00,CGRN
4.66,4.69,4.66,4.69,835,2021-08-02 13:30:00,CGRN
4.8634,4.8634,4.8634,4.8634,2100,2021-08-02 13:34:00,CGRN
4.6932,4.6932,4.6932,4.6932,200,2021-08-02 13:41:00,CGRN
4.77,4.77,4.77,4.77,500,2021-08-02 13:48:00,CGRN
4.775,4.775,4.775,4.775,100,2021-08-02 13:51:00,CGRN
4.76,4.76,4.76,4.76,500,2021-08-02 13:57:00,CGRN
4.7699,4.7699,4.7699,4.7699,100,2021-08-02 13:58:00,CGRN
4.72,4.72,4.72,4.72,500,2021-08-02 14:06:00,CGRN
4.75,4.75,4.75,4.75,100,2021-08-02 14:12:00,CGRN
4.75,4.75,4.74,4.74,300,2021-08-02 14:13:00,CGRN
4.7,4.71,4.7,4.7,600,2021-08-02 14:18:00,CGRN
4.6602,4.6602,4.6602,4.6602,2000,2021-08-02 14:19:00,CGRN
4.65,4.6622,4.61,4.645,2662,2021-08-02 14:20:00,CGRN
4.655,4.655,4.62,4.62,2100,2021-08-02 14:21:00,CGRN
4.6101,4.6101,4.6101,4.6101,3000,2021-08-02 14:24:00,CGRN
4.64,4.64,4.63,4.63,1200,2021-08-02 14:32:00,CGRN
4.63,4.63,4.63,4.63,100,2021-08-02 14:33:00,CGRN
4.6514,4.6514,4.6514,4.6514,2000,2021-08-02 14:34:00,CGRN
4.6101,4.64,4.6101,4.64,500,2021-08-02 14:40:00,CGRN
4.62,4.62,4.6,4.6,2200,2021-08-02 14:43:00,CGRN
4.62,4.62,4.62,4.62,100,2021-08-02 14:44:00,CGRN
4.62,4.62,4.62,4.62,100,2021-08-02 14:46:00,CGRN
4.63,4.63,4.63,4.63,100,2021-08-02 14:55:00,CGRN
4.63,4.63,4.63,4.63,2000,2021-08-02 14:56:00,CGRN
4.64,4.64,4.64,4.64,2600,2021-08-02 15:27:00,CGRN
4.6,4.6,4.6,4.6,100,2021-08-02 15:29:00,CGRN
4.62,4.62,4.62,4.62,100,2021-08-02 15:36:00,CGRN
4.595,4.595,4.585,4.585,398,2021-08-02 15:38:00,CGRN
4.58,4.58,4.58,4.58,1000,2021-08-02 15:41:00,CGRN
4.61,4.61,4.61,4.61,100,2021-08-02 15:47:00,CGRN
4.58,4.58,4.58,4.58,100,2021-08-02 15:50:00,CGRN
4.57,4.57,4.57,4.57,294,2021-08-02 16:03:00,CGRN
4.56,4.56,4.56,4.56,100,2021-08-02 16:05:00,CGRN
4.56,4.56,4.56,4.56,100,2021-08-02 16:06:00,CGRN
4.6121,4.6121,4.6121,4.6121,115,2021-08-02 16:16:00,CGRN
4.59,4.59,4.59,4.59,100,2021-08-02 16:17:00,CGRN
4.61,4.61,4.61,4.61,100,2021-08-02 16:37:00,CGRN
4.6,4.6,4.6,4.6,200,2021-08-02 16:42:00,CGRN
4.6145,4.6145,4.6145,4.6145,100,2021-08-02 16:58:00,CGRN
4.61,4.61,4.61,4.61,100,2021-08-02 17:00:00,CGRN
4.58,4.58,4.58,4.58,100,2021-08-02 17:09:00,CGRN
4.57,4.58,4.52,4.58,8810,2021-08-02 17:15:00,CGRN
4.56,4.56,4.56,4.56,200,2021-08-02 17:19:00,CGRN
4.56,4.56,4.56,4.56,200,2021-08-02 17:20:00,CGRN
4.56,4.56,4.56,4.56,100,2021-08-02 17:21:00,CGRN
4.5622,4.5622,4.5622,4.5622,100,2021-08-02 17:22:00,CGRN
4.5699,4.5699,4.5699,4.5699,100,2021-08-02 17:25:00,CGRN
4.5699,4.5699,4.5699,4.5699,100,2021-08-02 17:27:00,CGRN
4.5699,4.5699,4.5699,4.5699,100,2021-08-02 17:28:00,CGRN
4.5619,4.5619,4.5619,4.5619,100,2021-08-02 17:29:00,CGRN
4.5699,4.5699,4.5699,4.5699,100,2021-08-02 17:30:00,CGRN
4.5699,4.5699,4.5699,4.5699,100,2021-08-02 17:32:00,CGRN
4.57,4.57,4.57,4.57,400,2021-08-02 17:33:00,CGRN
4.57,4.57,4.57,4.57,300,2021-08-02 17:39:00,CGRN
4.59,4.59,4.59,4.59,100,2021-08-02 17:40:00,CGRN
4.62,4.62,4.62,4.62,100,2021-08-02 17:42:00,CGRN
4.61,4.61,4.61,4.61,125,2021-08-02 18:06:00,CGRN
4.61,4.61,4.61,4.61,200,2021-08-02 18:30:00,CGRN
4.6,4.6,4.6,4.6,200,2021-08-02 18:31:00,CGRN
4.581,4.581,4.581,4.581,175,2021-08-02 18:39:00,CGRN
4.57,4.57,4.57,4.57,100,2021-08-02 18:52:00,CGRN
4.5654,4.5654,4.5654,4.5654,100,2021-08-02 19:19:00,CGRN
4.5748,4.5748,4.5748,4.5748,350,2021-08-02 19:25:00,CGRN
4.575,4.575,4.575,4.575,200,2021-08-02 19:28:00,CGRN
4.58,4.58,4.58,4.58,100,2021-08-02 19:29:00,CGRN
4.56,4.57,4.56,4.57,600,2021-08-02 19:32:00,CGRN
4.56,4.56,4.56,4.56,200,2021-08-02 19:33:00,CGRN
4.56,4.56,4.55,4.55,500,2021-08-02 19:35:00,CGRN
4.55,4.55,4.55,4.55,300,2021-08-02 19:36:00,CGRN
4.56,4.56,4.56,4.56,100,2021-08-02 19:37:00,CGRN
4.55,4.55,4.55,4.55,100,2021-08-02 19:40:00,CGRN
4.55,4.55,4.55,4.55,100,2021-08-02 19:42:00,CGRN
4.55,4.55,4.55,4.55,300,2021-08-02 19:44:00,CGRN
4.55,4.55,4.545,4.545,960,2021-08-02 19:46:00,CGRN
4.53,4.54,4.53,4.54,300,2021-08-02 19:47:00,CGRN
4.56,4.56,4.56,4.56,100,2021-08-02 19:48:00,CGRN
4.5585,4.5585,4.5585,4.5585,270,2021-08-02 19:49:00,CGRN
4.54,4.54,4.5228,4.5228,450,2021-08-02 19:52:00,CGRN
4.52,4.5319,4.52,4.5319,200,2021-08-02 19:53:00,CGRN
4.53,4.539,4.53,4.539,809,2021-08-02 19:55:00,CGRN
4.54,4.55,4.54,4.55,799,2021-08-02 19:56:00,CGRN
4.56,4.56,4.54,4.56,872,2021-08-02 19:57:00,CGRN
4.57,4.57,4.57,4.57,100,2021-08-02 19:58:00,CGRN
4.56,4.6,4.56,4.6,3936,2021-08-02 19:59:00,CGRN
4.56,4.56,4.56,4.56,1834,2021-08-02 20:00:00,CGRN
4.56,4.6,4.56,4.6,1569,2021-08-03 13:30:00,CGRN
4.6,4.6,4.6,4.6,800,2021-08-03 13:33:00,CGRN
4.6,4.605,4.6,4.605,1139,2021-08-03 13:37:00,CGRN
4.56,4.56,4.5,4.5,507,2021-08-03 13:38:00,CGRN
4.51,4.51,4.51,4.51,300,2021-08-03 13:39:00,CGRN
4.5336,4.5336,4.5336,4.5336,2500,2021-08-03 13:40:00,CGRN
4.5,4.5,4.5,4.5,100,2021-08-03 13:42:00,CGRN
4.5,4.5,4.5,4.5,201,2021-08-03 13:45:00,CGRN
4.5,4.5,4.5,4.5,100,2021-08-03 13:46:00,CGRN
4.5,4.5,4.5,4.5,100,2021-08-03 13:50:00,CGRN
4.5,4.5,4.5,4.5,3185,2021-08-03 13:51:00,CGRN
4.51,4.51,4.5,4.5,300,2021-08-03 13:54:00,CGRN
4.5,4.5,4.5,4.5,123,2021-08-03 13:57:00,CGRN
4.51,4.51,4.51,4.51,100,2021-08-03 14:00:00,CGRN
4.54,4.54,4.54,4.54,200,2021-08-03 14:02:00,CGRN
4.54,4.54,4.54,4.54,2000,2021-08-03 14:05:00,CGRN
4.51,4.51,4.51,4.51,300,2021-08-03 14:06:00,CGRN
4.5,4.5,4.48,4.48,9570,2021-08-03 14:09:00,CGRN
4.48,4.48,4.48,4.48,1000,2021-08-03 14:11:00,CGRN
4.46,4.46,4.46,4.46,200,2021-08-03 14:16:00,CGRN
4.44,4.44,4.42,4.42,600,2021-08-03 14:17:00,CGRN
4.45,4.45,4.45,4.45,1200,2021-08-03 14:22:00,CGRN
4.45,4.46,4.45,4.46,200,2021-08-03 14:28:00,CGRN
4.4648,4.4648,4.4648,4.4648,250,2021-08-03 14:33:00,CGRN
4.47,4.48,4.47,4.47,900,2021-08-03 14:41:00,CGRN
4.45,4.45,4.45,4.45,299,2021-08-03 14:46:00,CGRN
4.515,4.515,4.515,4.515,200,2021-08-03 14:50:00,CGRN
4.462,4.462,4.462,4.462,200,2021-08-03 14:59:00,CGRN
4.47,4.47,4.47,4.47,144,2021-08-03 15:01:00,CGRN
4.475,4.475,4.475,4.475,100,2021-08-03 15:34:00,CGRN
4.5,4.5,4.5,4.5,200,2021-08-03 15:40:00,CGRN
4.475,4.475,4.475,4.475,112,2021-08-03 15:52:00,CGRN
4.48,4.5,4.48,4.5,200,2021-08-03 16:06:00,CGRN
4.48,4.48,4.48,4.48,100,2021-08-03 16:11:00,CGRN
4.49,4.54,4.49,4.54,800,2021-08-03 16:14:00,CGRN
4.47,4.55,4.47,4.55,300,2021-08-03 16:37:00,CGRN
4.5213,4.5213,4.5213,4.5213,1000,2021-08-03 16:53:00,CGRN
4.5183,4.5183,4.5183,4.5183,100,2021-08-03 16:59:00,CGRN
4.51,4.51,4.51,4.51,100,2021-08-03 17:00:00,CGRN
4.51,4.51,4.51,4.51,100,2021-08-03 17:07:00,CGRN
4.5,4.5,4.5,4.5,116,2021-08-03 17:08:00,CGRN
4.5,4.5,4.5,4.5,100,2021-08-03 17:11:00,CGRN
4.5,4.5,4.5,4.5,100,2021-08-03 17:17:00,CGRN
4.5,4.5,4.5,4.5,223,2021-08-03 17:21:00,CGRN
4.48,4.48,4.48,4.48,400,2021-08-03 17:26:00,CGRN
4.45,4.45,4.45,4.45,100,2021-08-03 17:31:00,CGRN
4.45,4.45,4.45,4.45,100,2021-08-03 17:33:00,CGRN
4.45,4.45,4.45,4.45,1667,2021-08-03 17:42:00,CGRN
4.4989,4.4989,4.48,4.48,220,2021-08-03 17:50:00,CGRN
4.46,4.46,4.46,4.46,100,2021-08-03 17:52:00,CGRN
4.45,4.45,4.45,4.45,200,2021-08-03 18:05:00,CGRN
4.46,4.46,4.46,4.46,300,2021-08-03 18:10:00,CGRN
4.45,4.45,4.45,4.45,1000,2021-08-03 18:14:00,CGRN
4.45,4.45,4.45,4.45,255,2021-08-03 18:15:00,CGRN
4.45,4.45,4.45,4.45,200,2021-08-03 18:24:00,CGRN
4.48,4.48,4.48,4.48,1000,2021-08-03 18:25:00,CGRN
4.45,4.465,4.45,4.465,600,2021-08-03 18:27:00,CGRN
4.45,4.45,4.45,4.45,100,2021-08-03 18:31:00,CGRN
4.47,4.47,4.47,4.47,100,2021-08-03 18:37:00,CGRN
4.46,4.46,4.46,4.46,100,2021-08-03 18:38:00,CGRN
4.46,4.46,4.46,4.46,100,2021-08-03 18:43:00,CGRN
4.48,4.48,4.48,4.48,301,2021-08-03 18:44:00,CGRN
4.54,4.54,4.54,4.54,100,2021-08-03 18:59:00,CGRN
4.52,4.52,4.505,4.505,200,2021-08-03 19:15:00,CGRN
4.5265,4.5265,4.52,4.52,200,2021-08-03 19:20:00,CGRN
4.49,4.49,4.49,4.49,100,2021-08-03 19:31:00,CGRN
4.49,4.51,4.49,4.51,200,2021-08-03 19:36:00,CGRN
4.5,4.5,4.5,4.5,100,2021-08-03 19:41:00,CGRN
4.46,4.46,4.46,4.46,200,2021-08-03 19:52:00,CGRN
4.46,4.46,4.46,4.46,100,2021-08-03 19:55:00,CGRN
4.5099,4.5099,4.49,4.49,200,2021-08-03 19:56:00,CGRN
4.49,4.49,4.49,4.49,100,2021-08-03 19:57:00,CGRN
4.49,4.49,4.49,4.49,200,2021-08-03 19:59:00,CGRN
4.49,4.49,4.49,4.49,508,2021-08-03 20:00:00,CGRN
4.46,4.46,4.46,4.46,601,2021-08-04 13:30:00,CGRN
4.53,4.53,4.53,4.53,300,2021-08-04 13:32:00,CGRN
4.49,4.49,4.49,4.49,100,2021-08-04 13:35:00,CGRN
4.4719,4.4719,4.4719,4.4719,700,2021-08-04 13:38:00,CGRN
4.47,4.47,4.47,4.47,100,2021-08-04 13:39:00,CGRN
4.48,4.48,4.48,4.48,200,2021-08-04 13:41:00,CGRN
4.46,4.46,4.46,4.46,100,2021-08-04 13:42:00,CGRN
4.45,4.45,4.45,4.45,100,2021-08-04 13:44:00,CGRN
4.45,4.45,4.45,4.45,100,2021-08-04 13:46:00,CGRN
4.5,4.5,4.5,4.5,589,2021-08-04 13:48:00,CGRN
4.5,4.5,4.5,4.5,300,2021-08-04 13:49:00,CGRN
4.51,4.51,4.45,4.45,1100,2021-08-04 13:50:00,CGRN
4.46,4.46,4.46,4.46,100,2021-08-04 13:52:00,CGRN
4.485,4.485,4.485,4.485,100,2021-08-04 13:53:00,CGRN
4.45,4.45,4.45,4.45,774,2021-08-04 13:54:00,CGRN
4.485,4.5,4.45,4.45,414,2021-08-04 13:58:00,CGRN
4.499,4.499,4.499,4.499,100,2021-08-04 13:59:00,CGRN
4.45,4.45,4.45,4.45,100,2021-08-04 14:00:00,CGRN
4.474,4.474,4.474,4.474,200,2021-08-04 14:10:00,CGRN
4.4833,4.4833,4.4833,4.4833,330,2021-08-04 14:12:00,CGRN
4.46,4.46,4.46,4.46,100,2021-08-04 14:13:00,CGRN
4.525,4.525,4.525,4.525,200,2021-08-04 14:14:00,CGRN
4.51,4.51,4.51,4.51,250,2021-08-04 14:15:00,CGRN
4.53,4.53,4.52,4.53,300,2021-08-04 14:16:00,CGRN
4.53,4.53,4.53,4.53,500,2021-08-04 14:18:00,CGRN
4.565,4.565,4.565,4.565,700,2021-08-04 14:23:00,CGRN
4.525,4.525,4.525,4.525,200,2021-08-04 14:31:00,CGRN
4.52,4.52,4.45,4.45,1200,2021-08-04 14:32:00,CGRN
4.46,4.46,4.46,4.46,100,2021-08-04 14:37:00,CGRN
4.46,4.46,4.46,4.46,100,2021-08-04 14:39:00,CGRN
4.5699,4.5699,4.46,4.46,268,2021-08-04 14:43:00,CGRN
4.45,4.45,4.45,4.45,100,2021-08-04 14:47:00,CGRN
4.45,4.45,4.45,4.45,100,2021-08-04 14:54:00,CGRN
4.45,4.45,4.45,4.45,200,2021-08-04 14:55:00,CGRN
4.46,4.46,4.46,4.46,100,2021-08-04 15:00:00,CGRN
4.45,4.45,4.45,4.45,100,2021-08-04 15:05:00,CGRN
4.4509,4.4509,4.45,4.45,560,2021-08-04 15:07:00,CGRN
4.5,4.5,4.5,4.5,100,2021-08-04 15:08:00,CGRN
4.46,4.46,4.46,4.46,100,2021-08-04 15:10:00,CGRN
4.45,4.4635,4.42,4.4635,5990,2021-08-04 15:16:00,CGRN
4.42,4.42,4.42,4.42,100,2021-08-04 15:18:00,CGRN
4.411,4.44,4.4,4.44,10055,2021-08-04 15:19:00,CGRN
4.45,4.45,4.45,4.45,200,2021-08-04 15:21:00,CGRN
4.43,4.43,4.43,4.43,5000,2021-08-04 15:22:00,CGRN
4.46,4.46,4.4,4.4,200,2021-08-04 15:23:00,CGRN
4.41,4.41,4.41,4.41,100,2021-08-04 15:28:00,CGRN
4.44,4.44,4.4,4.4,3368,2021-08-04 15:32:00,CGRN
4.4,4.46,4.4,4.46,500,2021-08-04 15:35:00,CGRN
4.4,4.4,4.4,4.4,100,2021-08-04 15:37:00,CGRN
4.4,4.4,4.4,4.4,2491,2021-08-04 15:38:00,CGRN
4.42,4.42,4.42,4.42,200,2021-08-04 15:40:00,CGRN
4.42,4.42,4.42,4.42,790,2021-08-04 15:43:00,CGRN
4.4,4.4,4.4,4.4,100,2021-08-04 15:51:00,CGRN
4.4,4.4,4.4,4.4,780,2021-08-04 15:57:00,CGRN
4.43,4.43,4.43,4.43,1000,2021-08-04 15:58:00,CGRN
4.4,4.4,4.4,4.4,100,2021-08-04 16:01:00,CGRN
4.42,4.42,4.42,4.42,139,2021-08-04 16:05:00,CGRN
4.42,4.42,4.4,4.4,400,2021-08-04 16:06:00,CGRN
4.42,4.427,4.42,4.427,2375,2021-08-04 16:13:00,CGRN
4.4,4.4,4.4,4.4,100,2021-08-04 16:19:00,CGRN
4.45,4.45,4.45,4.45,1190,2021-08-04 16:38:00,CGRN
4.4,4.4,4.35,4.35,3658,2021-08-04 16:56:00,CGRN
4.36,4.36,4.36,4.36,100,2021-08-04 17:03:00,CGRN
4.36,4.375,4.36,4.375,500,2021-08-04 17:04:00,CGRN
4.35,4.35,4.35,4.35,100,2021-08-04 17:08:00,CGRN
4.388,4.388,4.388,4.388,100,2021-08-04 17:09:00,CGRN
4.36,4.38,4.35,4.3509,2980,2021-08-04 17:10:00,CGRN
4.34,4.34,4.3,4.3,300,2021-08-04 17:12:00,CGRN
4.32,4.32,4.32,4.32,250,2021-08-04 17:13:00,CGRN
4.34,4.34,4.34,4.34,200,2021-08-04 17:14:00,CGRN
4.3259,4.3259,4.3259,4.3259,200,2021-08-04 17:16:00,CGRN
4.315,4.315,4.3,4.315,1800,2021-08-04 17:17:00,CGRN
4.33,4.33,4.33,4.33,700,2021-08-04 17:18:00,CGRN
4.3,4.3,4.3,4.3,200,2021-08-04 17:20:00,CGRN
4.33,4.34,4.33,4.34,714,2021-08-04 17:25:00,CGRN
4.39,4.39,4.39,4.39,100,2021-08-04 17:33:00,CGRN
4.4821,4.4821,4.39,4.39,600,2021-08-04 17:44:00,CGRN
4.37,4.37,4.37,4.37,1530,2021-08-04 17:53:00,CGRN
4.4178,4.4178,4.4178,4.4178,100,2021-08-04 18:04:00,CGRN
4.4699,4.4699,4.4699,4.4699,900,2021-08-04 18:06:00,CGRN
4.42,4.42,4.37,4.37,479,2021-08-04 18:19:00,CGRN
4.37,4.37,4.37,4.37,100,2021-08-04 18:22:00,CGRN
4.425,4.425,4.425,4.425,109,2021-08-04 18:24:00,CGRN
4.385,4.385,4.37,4.37,449,2021-08-04 18:51:00,CGRN
4.35,4.35,4.35,4.35,100,2021-08-04 19:03:00,CGRN
4.35,4.35,4.35,4.35,100,2021-08-04 19:05:00,CGRN
4.41,4.41,4.35,4.365,1150,2021-08-04 19:08:00,CGRN
4.34,4.34,4.34,4.34,100,2021-08-04 19:10:00,CGRN
4.3326,4.35,4.33,4.33,1500,2021-08-04 19:20:00,CGRN
4.3441,4.3441,4.325,4.325,1450,2021-08-04 19:34:00,CGRN
4.3399,4.3399,4.3399,4.3399,1000,2021-08-04 19:41:00,CGRN
4.34,4.34,4.32,4.32,600,2021-08-04 19:43:00,CGRN
4.3463,4.3463,4.3463,4.3463,999,2021-08-04 19:47:00,CGRN
4.34,4.34,4.34,4.34,100,2021-08-04 19:48:00,CGRN
4.3551,4.3551,4.3551,4.3551,100,2021-08-04 19:49:00,CGRN
4.34,4.3522,4.34,4.3522,300,2021-08-04 19:50:00,CGRN
4.33,4.35,4.33,4.35,900,2021-08-04 19:51:00,CGRN
4.35,4.36,4.35,4.36,517,2021-08-04 19:52:00,CGRN
4.32,4.3599,4.32,4.3599,334,2021-08-04 19:53:00,CGRN
4.3599,4.3599,4.3599,4.3599,100,2021-08-04 19:55:00,CGRN
4.3799,4.39,4.35,4.39,2161,2021-08-04 19:56:00,CGRN
4.38,4.38,4.38,4.38,100,2021-08-04 19:57:00,CGRN
4.36,4.38,4.35,4.35,10565,2021-08-04 19:58:00,CGRN
4.34,4.3836,4.34,4.34,1015,2021-08-04 19:59:00,CGRN
4.33,4.33,4.33,4.33,1235,2021-08-04 20:00:00,CGRN
4.3,4.3,4.3,4.3,1894,2021-08-04 23:17:00,CGRN
4.34,4.34,4.34,4.34,555,2021-08-05 13:30:00,CGRN
4.36,4.36,4.35,4.35,220,2021-08-05 13:34:00,CGRN
4.34,4.34,4.34,4.34,1300,2021-08-05 13:39:00,CGRN
4.4,4.4,4.4,4.4,250,2021-08-05 13:41:00,CGRN
4.35,4.35,4.35,4.35,100,2021-08-05 13:42:00,CGRN
4.35,4.35,4.35,4.35,1994,2021-08-05 13:43:00,CGRN
4.31,4.32,4.31,4.32,200,2021-08-05 13:48:00,CGRN
4.3199,4.3199,4.3199,4.3199,500,2021-08-05 13:49:00,CGRN
4.37,4.37,4.37,4.37,100,2021-08-05 13:51:00,CGRN
4.37,4.37,4.37,4.37,100,2021-08-05 13:53:00,CGRN
4.4,4.4,4.4,4.4,552,2021-08-05 14:01:00,CGRN
4.4192,4.4192,4.4192,4.4192,100,2021-08-05 14:07:00,CGRN
4.385,4.385,4.385,4.385,200,2021-08-05 14:16:00,CGRN
4.4093,4.4093,4.4093,4.4093,108,2021-08-05 14:22:00,CGRN
4.42,4.42,4.39,4.39,400,2021-08-05 14:34:00,CGRN
4.402,4.402,4.402,4.402,100,2021-08-05 14:47:00,CGRN
4.39,4.39,4.39,4.39,915,2021-08-05 15:00:00,CGRN
4.4,4.4,4.4,4.4,300,2021-08-05 15:01:00,CGRN
4.39,4.39,4.39,4.39,200,2021-08-05 15:03:00,CGRN
4.41,4.41,4.41,4.41,100,2021-08-05 15:10:00,CGRN
4.43,4.43,4.43,4.43,828,2021-08-05 15:13:00,CGRN
4.44,4.46,4.44,4.445,600,2021-08-05 15:14:00,CGRN
4.4689,4.4689,4.4689,4.4689,2000,2021-08-05 15:15:00,CGRN
4.45,4.45,4.45,4.45,250,2021-08-05 15:16:00,CGRN
4.4617,4.4617,4.4617,4.4617,200,2021-08-05 15:20:00,CGRN
4.47,4.47,4.47,4.47,100,2021-08-05 15:21:00,CGRN
4.51,4.51,4.51,4.51,300,2021-08-05 15:24:00,CGRN
4.49,4.49,4.49,4.49,180,2021-08-05 15:25:00,CGRN
4.4761,4.4761,4.4761,4.4761,100,2021-08-05 15:26:00,CGRN
4.5,4.52,4.48,4.495,1999,2021-08-05 15:30:00,CGRN
4.49,4.49,4.49,4.49,100,2021-08-05 15:41:00,CGRN
4.4901,4.4901,4.4901,4.4901,1000,2021-08-05 15:43:00,CGRN
4.505,4.505,4.505,4.505,200,2021-08-05 15:44:00,CGRN
4.5,4.5,4.5,4.5,100,2021-08-05 15:46:00,CGRN
4.51,4.51,4.5,4.5,200,2021-08-05 15:52:00,CGRN
4.51,4.51,4.51,4.51,1000,2021-08-05 15:53:00,CGRN
4.5,4.5,4.5,4.5,120,2021-08-05 16:00:00,CGRN
4.4401,4.4401,4.4401,4.4401,250,2021-08-05 16:14:00,CGRN
4.5131,4.5131,4.5131,4.5131,500,2021-08-05 16:22:00,CGRN
4.4401,4.4401,4.4401,4.4401,100,2021-08-05 16:33:00,CGRN
4.53,4.53,4.53,4.53,100,2021-08-05 16:45:00,CGRN
4.5299,4.5299,4.52,4.52,1100,2021-08-05 16:53:00,CGRN
4.48,4.48,4.48,4.48,100,2021-08-05 17:06:00,CGRN
4.48,4.48,4.41,4.41,11976,2021-08-05 17:07:00,CGRN
4.473,4.473,4.473,4.473,300,2021-08-05 17:08:00,CGRN
4.43,4.43,4.43,4.43,100,2021-08-05 17:18:00,CGRN
4.45,4.45,4.45,4.45,100,2021-08-05 17:41:00,CGRN
4.48,4.48,4.48,4.48,100,2021-08-05 17:55:00,CGRN
4.41,4.41,4.41,4.41,100,2021-08-05 18:57:00,CGRN
4.43,4.43,4.43,4.43,400,2021-08-05 19:03:00,CGRN
4.44,4.44,4.43,4.43,400,2021-08-05 19:04:00,CGRN
4.4352,4.4352,4.4352,4.4352,100,2021-08-05 19:12:00,CGRN
4.43,4.43,4.43,4.43,100,2021-08-05 19:16:00,CGRN
4.41,4.41,4.41,4.41,1000,2021-08-05 19:17:00,CGRN
4.41,4.41,4.41,4.41,100,2021-08-05 19:23:00,CGRN
4.41,4.41,4.41,4.41,100,2021-08-05 19:31:00,CGRN
4.41,4.41,4.4,4.4,400,2021-08-05 19:32:00,CGRN
4.4,4.4,4.4,4.4,300,2021-08-05 19:37:00,CGRN
4.4,4.4,4.4,4.4,546,2021-08-05 19:49:00,CGRN
4.41,4.41,4.41,4.41,295,2021-08-05 19:56:00,CGRN
4.42,4.42,4.42,4.42,100,2021-08-05 19:57:00,CGRN
4.4275,4.4275,4.4275,4.4275,220,2021-08-05 19:58:00,CGRN
4.42,4.44,4.4,4.4266,4670,2021-08-05 19:59:00,CGRN
4.36,4.36,4.36,4.36,1057,2021-08-05 20:00:00,CGRN
4.44,4.44,4.44,4.44,375,2021-08-06 13:30:00,CGRN
4.4101,4.4101,4.4101,4.4101,272,2021-08-06 13:32:00,CGRN
4.4994,4.4994,4.4994,4.4994,290,2021-08-06 13:37:00,CGRN
4.51,4.52,4.51,4.52,300,2021-08-06 13:46:00,CGRN
4.44,4.44,4.44,4.44,100,2021-08-06 13:48:00,CGRN
4.5066,4.5066,4.5066,4.5066,1150,2021-08-06 13:53:00,CGRN
4.45,4.45,4.45,4.45,100,2021-08-06 13:59:00,CGRN
4.49,4.49,4.49,4.49,100,2021-08-06 14:13:00,CGRN
4.45,4.45,4.4,4.44,1100,2021-08-06 14:21:00,CGRN
4.4222,4.4222,4.4222,4.4222,1000,2021-08-06 14:35:00,CGRN
4.39,4.39,4.39,4.39,100,2021-08-06 14:38:00,CGRN
4.41,4.41,4.41,4.41,100,2021-08-06 14:40:00,CGRN
4.41,4.449,4.41,4.449,4499,2021-08-06 14:43:00,CGRN
4.39,4.39,4.39,4.39,100,2021-08-06 14:47:00,CGRN
4.4,4.4,4.4,4.4,1497,2021-08-06 14:56:00,CGRN
4.39,4.39,4.39,4.39,100,2021-08-06 15:11:00,CGRN
4.45,4.48,4.45,4.48,400,2021-08-06 15:25:00,CGRN
4.45,4.451,4.45,4.451,800,2021-08-06 15:26:00,CGRN
4.4201,4.4201,4.4201,4.4201,300,2021-08-06 15:28:00,CGRN
4.44,4.44,4.43,4.43,735,2021-08-06 15:29:00,CGRN
4.43,4.431,4.43,4.431,565,2021-08-06 15:30:00,CGRN
4.425,4.425,4.425,4.425,100,2021-08-06 15:38:00,CGRN
4.445,4.4645,4.445,4.4645,400,2021-08-06 15:45:00,CGRN
4.4201,4.4201,4.4201,4.4201,1200,2021-08-06 15:48:00,CGRN
4.4,4.4,4.4,4.4,100,2021-08-06 16:02:00,CGRN
4.39,4.39,4.39,4.39,100,2021-08-06 16:31:00,CGRN
4.425,4.425,4.425,4.425,125,2021-08-06 16:34:00,CGRN
4.41,4.41,4.41,4.41,100,2021-08-06 16:39:00,CGRN
4.39,4.39,4.39,4.39,522,2021-08-06 16:41:00,CGRN
4.39,4.39,4.39,4.39,100,2021-08-06 16:45:00,CGRN
4.39,4.39,4.39,4.39,100,2021-08-06 16:54:00,CGRN
4.39,4.39,4.39,4.39,100,2021-08-06 17:03:00,CGRN
4.39,4.39,4.39,4.39,400,2021-08-06 17:07:00,CGRN
4.38,4.38,4.375,4.375,2756,2021-08-06 17:13:00,CGRN
4.375,4.375,4.375,4.375,100,2021-08-06 17:14:00,CGRN
4.38,4.38,4.38,4.38,100,2021-08-06 17:17:00,CGRN
4.38,4.38,4.38,4.38,748,2021-08-06 17:18:00,CGRN
4.38,4.38,4.38,4.38,100,2021-08-06 17:20:00,CGRN
4.38,4.38,4.38,4.38,300,2021-08-06 17:22:00,CGRN
4.39,4.39,4.38,4.38,3100,2021-08-06 17:29:00,CGRN
4.39,4.41,4.39,4.4,1400,2021-08-06 17:31:00,CGRN
4.4,4.4,4.4,4.4,100,2021-08-06 17:33:00,CGRN
4.4004,4.4004,4.4004,4.4004,100,2021-08-06 17:38:00,CGRN
4.4,4.4,4.4,4.4,100,2021-08-06 17:39:00,CGRN
4.4075,4.4075,4.4075,4.4075,100,2021-08-06 17:53:00,CGRN
4.41,4.41,4.41,4.41,100,2021-08-06 18:22:00,CGRN
4.41,4.41,4.41,4.41,100,2021-08-06 18:26:00,CGRN
4.4001,4.4001,4.4001,4.4001,198,2021-08-06 18:27:00,CGRN
4.4,4.4,4.4,4.4,100,2021-08-06 18:29:00,CGRN
4.4001,4.4001,4.4001,4.4001,200,2021-08-06 18:30:00,CGRN
4.4001,4.4001,4.4,4.4,400,2021-08-06 18:31:00,CGRN
4.38,4.38,4.38,4.38,350,2021-08-06 18:32:00,CGRN
4.4,4.4,4.3935,4.3935,208,2021-08-06 18:33:00,CGRN
4.39,4.39,4.39,4.39,100,2021-08-06 18:43:00,CGRN
4.3901,4.41,4.39,4.41,1200,2021-08-06 18:44:00,CGRN
4.4099,4.41,4.4099,4.41,5100,2021-08-06 18:46:00,CGRN
4.4,4.4,4.4,4.4,151,2021-08-06 18:47:00,CGRN
4.3801,4.3801,4.3801,4.3801,200,2021-08-06 18:48:00,CGRN
4.39,4.4,4.39,4.4,600,2021-08-06 18:50:00,CGRN
4.395,4.41,4.395,4.41,246,2021-08-06 18:51:00,CGRN
4.3936,4.3936,4.3936,4.3936,100,2021-08-06 19:01:00,CGRN
4.39,4.4,4.39,4.4,500,2021-08-06 19:05:00,CGRN
4.41,4.41,4.41,4.41,200,2021-08-06 19:06:00,CGRN
4.41,4.41,4.41,4.41,500,2021-08-06 19:07:00,CGRN
4.4,4.4,4.4,4.4,500,2021-08-06 19:08:00,CGRN
4.4,4.41,4.4,4.41,900,2021-08-06 19:09:00,CGRN
4.41,4.41,4.41,4.41,100,2021-08-06 19:10:00,CGRN
4.42,4.42,4.42,4.42,500,2021-08-06 19:11:00,CGRN
4.41,4.41,4.41,4.41,102,2021-08-06 19:17:00,CGRN
4.4154,4.4154,4.4154,4.4154,200,2021-08-06 19:18:00,CGRN
4.4116,4.42,4.4116,4.42,400,2021-08-06 19:20:00,CGRN
4.4264,4.44,4.4264,4.44,200,2021-08-06 19:21:00,CGRN
4.43,4.43,4.43,4.43,100,2021-08-06 19:24:00,CGRN
4.435,4.435,4.435,4.435,1000,2021-08-06 19:41:00,CGRN
4.4281,4.4281,4.4281,4.4281,100,2021-08-06 19:43:00,CGRN
4.4153,4.4153,4.4153,4.4153,112,2021-08-06 19:55:00,CGRN
4.41,4.41,4.41,4.41,200,2021-08-06 19:56:00,CGRN
4.4151,4.44,4.41,4.44,2338,2021-08-06 19:57:00,CGRN
4.44,4.44,4.41,4.41,200,2021-08-06 19:58:00,CGRN
4.41,4.48,4.41,4.48,1300,2021-08-06 19:59:00,CGRN
4.42,4.42,4.42,4.42,1107,2021-08-06 20:00:00,CGRN
4.31,4.31,4.31,4.31,140,2021-08-06 20:49:00,CGRN
4.46,4.46,4.46,4.46,620,2021-08-09 13:30:00,CGRN
4.5208,4.5208,4.5208,4.5208,100,2021-08-09 13:31:00,CGRN
4.53,4.55,4.46,4.46,3959,2021-08-09 13:33:00,CGRN
4.5,4.5,4.5,4.5,136,2021-08-09 13:34:00,CGRN
4.5625,4.5625,4.5625,4.5625,250,2021-08-09 13:43:00,CGRN
4.5,4.5,4.5,4.5,1100,2021-08-09 14:12:00,CGRN
4.47,4.47,4.47,4.47,100,2021-08-09 14:14:00,CGRN
4.6,4.6,4.6,4.6,100,2021-08-09 14:16:00,CGRN
4.56,4.56,4.56,4.56,1430,2021-08-09 14:21:00,CGRN
4.59,4.59,4.58,4.58,1900,2021-08-09 14:25:00,CGRN
4.53,4.53,4.53,4.53,100,2021-08-09 14:28:00,CGRN
4.53,4.53,4.51,4.53,1700,2021-08-09 14:32:00,CGRN
4.53,4.55,4.53,4.55,2519,2021-08-09 14:33:00,CGRN
4.535,4.535,4.535,4.535,300,2021-08-09 14:35:00,CGRN
4.52,4.52,4.52,4.52,600,2021-08-09 14:48:00,CGRN
4.55,4.55,4.55,4.55,552,2021-08-09 14:56:00,CGRN
4.55,4.55,4.53,4.53,500,2021-08-09 15:03:00,CGRN
4.57,4.57,4.57,4.57,100,2021-08-09 15:16:00,CGRN
4.5395,4.5395,4.5395,4.5395,100,2021-08-09 15:19:00,CGRN
4.57,4.57,4.57,4.57,200,2021-08-09 15:28:00,CGRN
4.589,4.589,4.589,4.589,200,2021-08-09 15:35:00,CGRN
4.59,4.59,4.59,4.59,200,2021-08-09 15:37:00,CGRN
4.59,4.609,4.59,4.609,1000,2021-08-09 15:39:00,CGRN
4.57,4.57,4.57,4.57,200,2021-08-09 15:45:00,CGRN
4.6,4.61,4.6,4.61,652,2021-08-09 15:48:00,CGRN
4.6445,4.6445,4.6445,4.6445,100,2021-08-09 15:55:00,CGRN
4.62,4.6283,4.56,4.56,1400,2021-08-09 15:58:00,CGRN
4.59,4.59,4.59,4.59,100,2021-08-09 15:59:00,CGRN
4.59,4.59,4.59,4.59,100,2021-08-09 16:00:00,CGRN
4.62,4.62,4.62,4.62,100,2021-08-09 16:07:00,CGRN
4.63,4.65,4.63,4.65,1500,2021-08-09 16:13:00,CGRN
4.6561,4.6561,4.6424,4.6424,2121,2021-08-09 16:18:00,CGRN
4.6644,4.6644,4.6644,4.6644,108,2021-08-09 16:23:00,CGRN
4.65,4.65,4.65,4.65,111,2021-08-09 16:25:00,CGRN
4.6648,4.6648,4.6648,4.6648,225,2021-08-09 16:27:00,CGRN
4.63,4.63,4.63,4.63,100,2021-08-09 16:28:00,CGRN
4.63,4.63,4.63,4.63,200,2021-08-09 16:34:00,CGRN
4.6355,4.6355,4.6355,4.6355,194,2021-08-09 16:35:00,CGRN
4.64,4.64,4.64,4.64,300,2021-08-09 16:37:00,CGRN
4.6301,4.6301,4.6301,4.6301,780,2021-08-09 16:44:00,CGRN
4.63,4.63,4.63,4.63,900,2021-08-09 16:45:00,CGRN
4.625,4.625,4.625,4.625,200,2021-08-09 16:46:00,CGRN
4.61,4.61,4.61,4.61,100,2021-08-09 16:48:00,CGRN
4.6224,4.6224,4.6224,4.6224,154,2021-08-09 16:51:00,CGRN
4.62,4.62,4.62,4.62,974,2021-08-09 16:59:00,CGRN
4.62,4.62,4.62,4.62,100,2021-08-09 17:02:00,CGRN
4.62,4.62,4.62,4.62,100,2021-08-09 17:11:00,CGRN
4.6116,4.63,4.61,4.63,1500,2021-08-09 17:14:00,CGRN
4.61,4.61,4.61,4.61,100,2021-08-09 17:21:00,CGRN
4.61,4.61,4.61,4.61,100,2021-08-09 17:27:00,CGRN
4.6255,4.6255,4.6255,4.6255,445,2021-08-09 17:30:00,CGRN
4.61,4.61,4.61,4.61,200,2021-08-09 17:48:00,CGRN
4.6161,4.6161,4.6161,4.6161,250,2021-08-09 18:07:00,CGRN
4.61,4.61,4.61,4.61,100,2021-08-09 18:15:00,CGRN
4.63,4.63,4.62,4.62,300,2021-08-09 18:20:00,CGRN
4.61,4.61,4.61,4.61,100,2021-08-09 18:22:00,CGRN
4.6233,4.6233,4.6233,4.6233,100,2021-08-09 18:24:00,CGRN
4.6237,4.6237,4.6237,4.6237,539,2021-08-09 18:26:00,CGRN
4.61,4.613,4.6,4.613,1000,2021-08-09 18:28:00,CGRN
4.6,4.6,4.6,4.6,100,2021-08-09 18:30:00,CGRN
4.62,4.62,4.62,4.62,100,2021-08-09 18:46:00,CGRN
4.61,4.61,4.61,4.61,500,2021-08-09 18:47:00,CGRN
4.6,4.6,4.6,4.6,100,2021-08-09 18:48:00,CGRN
4.62,4.64,4.62,4.64,8247,2021-08-09 18:51:00,CGRN
4.6,4.6,4.6,4.6,100,2021-08-09 18:53:00,CGRN
4.6,4.6,4.6,4.6,100,2021-08-09 18:57:00,CGRN
4.6,4.6,4.6,4.6,1600,2021-08-09 18:59:00,CGRN
4.57,4.57,4.57,4.57,100,2021-08-09 19:01:00,CGRN
4.57,4.57,4.57,4.57,100,2021-08-09 19:07:00,CGRN
4.57,4.59,4.54,4.54,500,2021-08-09 19:11:00,CGRN
4.5548,4.5548,4.5548,4.5548,219,2021-08-09 19:13:00,CGRN
4.55,4.55,4.55,4.55,100,2021-08-09 19:14:00,CGRN
4.56,4.56,4.55,4.55,200,2021-08-09 19:19:00,CGRN
4.55,4.55,4.55,4.55,100,2021-08-09 19:23:00,CGRN
4.5761,4.5761,4.57,4.57,5000,2021-08-09 19:25:00,CGRN
4.6065,4.6065,4.6065,4.6065,500,2021-08-09 19:29:00,CGRN
4.57,4.57,4.57,4.57,200,2021-08-09 19:30:00,CGRN
4.585,4.585,4.585,4.585,100,2021-08-09 19:35:00,CGRN
4.5745,4.5745,4.5745,4.5745,100,2021-08-09 19:36:00,CGRN
4.57,4.5722,4.57,4.5722,400,2021-08-09 19:37:00,CGRN
4.57,4.5999,4.57,4.5999,400,2021-08-09 19:38:00,CGRN
4.585,4.585,4.5718,4.5718,200,2021-08-09 19:39:00,CGRN
4.57,4.57,4.57,4.57,100,2021-08-09 19:40:00,CGRN
4.57,4.57,4.57,4.57,100,2021-08-09 19:42:00,CGRN
4.5548,4.5548,4.5548,4.5548,200,2021-08-09 19:43:00,CGRN
4.55,4.5515,4.55,4.55,300,2021-08-09 19:50:00,CGRN
4.55,4.55,4.55,4.55,287,2021-08-09 19:51:00,CGRN
4.5333,4.5334,4.5333,4.5334,200,2021-08-09 19:53:00,CGRN
4.55,4.55,4.55,4.55,100,2021-08-09 19:54:00,CGRN
4.55,4.55,4.53,4.55,1611,2021-08-09 19:55:00,CGRN
4.55,4.55,4.55,4.55,100,2021-08-09 19:57:00,CGRN
4.5344,4.5344,4.5344,4.5344,100,2021-08-09 19:58:00,CGRN
4.5599,4.58,4.5599,4.56,2731,2021-08-09 19:59:00,CGRN
4.56,4.56,4.56,4.56,1055,2021-08-09 20:00:00,CGRN
4.63,4.63,4.63,4.63,442,2021-08-10 13:30:00,CGRN
4.76,4.76,4.71,4.71,400,2021-08-10 13:32:00,CGRN
4.6985,4.6985,4.6985,4.6985,297,2021-08-10 13:34:00,CGRN
4.617,4.617,4.617,4.617,400,2021-08-10 13:42:00,CGRN
4.655,4.655,4.655,4.655,400,2021-08-10 13:46:00,CGRN
4.6944,4.7,4.6944,4.7,300,2021-08-10 13:54:00,CGRN
4.7,4.7,4.7,4.7,4301,2021-08-10 13:55:00,CGRN
4.72,4.72,4.72,4.72,100,2021-08-10 13:56:00,CGRN
4.7322,4.8,4.7322,4.74,2219,2021-08-10 13:57:00,CGRN
4.74,4.74,4.74,4.74,100,2021-08-10 14:00:00,CGRN
4.7,4.7,4.7,4.7,1300,2021-08-10 14:01:00,CGRN
4.72,4.72,4.72,4.72,960,2021-08-10 14:02:00,CGRN
4.72,4.72,4.72,4.72,600,2021-08-10 14:04:00,CGRN
4.72,4.725,4.72,4.72,2663,2021-08-10 14:06:00,CGRN
4.72,4.72,4.72,4.72,1500,2021-08-10 14:07:00,CGRN
4.72,4.73,4.72,4.73,400,2021-08-10 14:08:00,CGRN
4.745,4.77,4.745,4.77,8300,2021-08-10 14:09:00,CGRN
4.78,4.7999,4.7788,4.7999,2100,2021-08-10 14:13:00,CGRN
4.8,4.8,4.78,4.78,1199,2021-08-10 14:14:00,CGRN
4.8193,4.8193,4.8193,4.8193,2000,2021-08-10 14:17:00,CGRN
4.82,4.82,4.82,4.82,500,2021-08-10 14:19:00,CGRN
4.7905,4.7905,4.7905,4.7905,622,2021-08-10 14:21:00,CGRN
4.74,4.7523,4.74,4.7523,200,2021-08-10 14:23:00,CGRN
4.8199,4.8199,4.8199,4.8199,1000,2021-08-10 14:25:00,CGRN
4.78,4.78,4.72,4.72,400,2021-08-10 14:28:00,CGRN
4.73,4.73,4.72,4.72,1300,2021-08-10 14:32:00,CGRN
4.72,4.7202,4.72,4.7202,990,2021-08-10 14:33:00,CGRN
4.7,4.7,4.675,4.675,1100,2021-08-10 14:34:00,CGRN
4.675,4.675,4.675,4.675,100,2021-08-10 14:35:00,CGRN
4.7,4.7,4.68,4.68,1800,2021-08-10 14:36:00,CGRN
4.77,4.77,4.77,4.77,622,2021-08-10 14:38:00,CGRN
4.7021,4.7021,4.7021,4.7021,430,2021-08-10 14:42:00,CGRN
4.74,4.74,4.74,4.74,100,2021-08-10 14:44:00,CGRN
4.72,4.72,4.7,4.7,600,2021-08-10 14:51:00,CGRN
4.7,4.7,4.7,4.7,700,2021-08-10 14:57:00,CGRN
4.7,4.7,4.69,4.69,1940,2021-08-10 14:58:00,CGRN
4.6235,4.6235,4.6235,4.6235,100,2021-08-10 15:09:00,CGRN
4.69,4.69,4.69,4.69,100,2021-08-10 15:13:00,CGRN
4.6899,4.6899,4.6899,4.6899,213,2021-08-10 15:15:00,CGRN
4.62,4.62,4.62,4.62,100,2021-08-10 15:19:00,CGRN
4.655,4.655,4.655,4.655,100,2021-08-10 15:21:00,CGRN
4.67,4.67,4.67,4.67,100,2021-08-10 15:33:00,CGRN
4.69,4.71,4.69,4.71,200,2021-08-10 15:42:00,CGRN
4.71,4.71,4.71,4.71,100,2021-08-10 15:43:00,CGRN
4.71,4.71,4.71,4.71,400,2021-08-10 15:44:00,CGRN
4.68,4.68,4.68,4.68,300,2021-08-10 15:49:00,CGRN
4.6301,4.6301,4.6301,4.6301,760,2021-08-10 15:50:00,CGRN
4.65,4.65,4.65,4.65,1000,2021-08-10 16:05:00,CGRN
4.65,4.65,4.64,4.64,200,2021-08-10 16:06:00,CGRN
4.65,4.65,4.65,4.65,100,2021-08-10 16:07:00,CGRN
4.64,4.64,4.64,4.64,100,2021-08-10 16:08:00,CGRN
4.68,4.69,4.665,4.67,913,2021-08-10 16:19:00,CGRN
4.67,4.67,4.67,4.67,300,2021-08-10 16:22:00,CGRN
4.745,4.7465,4.71,4.71,600,2021-08-10 16:40:00,CGRN
4.69,4.69,4.69,4.69,100,2021-08-10 16:43:00,CGRN
4.69,4.69,4.69,4.69,200,2021-08-10 16:58:00,CGRN
4.69,4.69,4.69,4.69,200,2021-08-10 16:59:00,CGRN
4.69,4.69,4.69,4.69,200,2021-08-10 17:03:00,CGRN
4.71,4.71,4.71,4.71,200,2021-08-10 17:12:00,CGRN
4.73,4.73,4.73,4.73,100,2021-08-10 17:15:00,CGRN
4.72,4.73,4.72,4.73,389,2021-08-10 17:16:00,CGRN
4.74,4.74,4.74,4.74,300,2021-08-10 17:22:00,CGRN
4.69,4.69,4.69,4.69,200,2021-08-10 17:38:00,CGRN
4.69,4.69,4.69,4.69,100,2021-08-10 17:48:00,CGRN
4.7,4.7,4.7,4.7,100,2021-08-10 17:57:00,CGRN
4.73,4.73,4.73,4.73,100,2021-08-10 18:07:00,CGRN
4.73,4.73,4.73,4.73,100,2021-08-10 18:10:00,CGRN
4.71,4.73,4.71,4.73,5000,2021-08-10 18:12:00,CGRN
4.7163,4.7163,4.7163,4.7163,1000,2021-08-10 18:14:00,CGRN
4.735,4.735,4.735,4.735,1000,2021-08-10 18:15:00,CGRN
4.72,4.72,4.72,4.72,2500,2021-08-10 18:16:00,CGRN
4.69,4.69,4.69,4.69,100,2021-08-10 18:19:00,CGRN
4.64,4.64,4.64,4.64,100,2021-08-10 18:26:00,CGRN
4.64,4.64,4.64,4.64,100,2021-08-10 18:27:00,CGRN
4.64,4.64,4.64,4.64,147,2021-08-10 18:28:00,CGRN
4.7,4.7,4.7,4.7,1048,2021-08-10 18:34:00,CGRN
4.65,4.65,4.65,4.65,100,2021-08-10 18:39:00,CGRN
4.665,4.665,4.665,4.665,100,2021-08-10 18:46:00,CGRN
4.665,4.665,4.65,4.65,200,2021-08-10 18:50:00,CGRN
4.65,4.65,4.65,4.65,100,2021-08-10 18:55:00,CGRN
4.67,4.67,4.67,4.67,100,2021-08-10 19:06:00,CGRN
4.65,4.65,4.65,4.65,300,2021-08-10 19:07:00,CGRN
4.65,4.65,4.65,4.65,100,2021-08-10 19:20:00,CGRN
4.675,4.675,4.675,4.675,300,2021-08-10 19:23:00,CGRN
4.69,4.71,4.69,4.7,3410,2021-08-10 19:28:00,CGRN
4.7419,4.7419,4.7,4.7,206,2021-08-10 19:29:00,CGRN
4.7,4.715,4.7,4.7,700,2021-08-10 19:31:00,CGRN
4.7,4.7,4.7,4.7,100,2021-08-10 19:37:00,CGRN
4.7,4.7,4.7,4.7,100,2021-08-10 19:41:00,CGRN
4.71,4.71,4.71,4.71,200,2021-08-10 19:43:00,CGRN
4.71,4.71,4.71,4.71,800,2021-08-10 19:44:00,CGRN
4.71,4.71,4.71,4.71,200,2021-08-10 19:45:00,CGRN
4.744,4.744,4.744,4.744,129,2021-08-10 19:49:00,CGRN
4.73,4.73,4.73,4.73,150,2021-08-10 19:51:00,CGRN
4.71,4.71,4.71,4.71,100,2021-08-10 19:52:00,CGRN
4.71,4.71,4.71,4.71,100,2021-08-10 19:53:00,CGRN
4.71,4.71,4.71,4.71,1000,2021-08-10 19:54:00,CGRN
4.69,4.7422,4.69,4.69,530,2021-08-10 19:55:00,CGRN
4.72,4.72,4.68,4.68,300,2021-08-10 19:57:00,CGRN
4.69,4.69,4.68,4.68,300,2021-08-10 19:59:00,CGRN
4.72,4.72,4.72,4.72,820,2021-08-10 20:00:00,CGRN
4.7,4.7,4.7,4.7,139,2021-08-10 22:02:00,CGRN
4.74,4.74,4.74,4.74,268,2021-08-11 13:30:00,CGRN
4.76,4.76,4.76,4.76,2000,2021-08-11 13:32:00,CGRN
4.72,4.72,4.71,4.71,4467,2021-08-11 13:33:00,CGRN
4.7684,4.7684,4.7684,4.7684,5265,2021-08-11 13:34:00,CGRN
4.75,4.75,4.75,4.75,1000,2021-08-11 13:37:00,CGRN
4.66,4.66,4.66,4.66,100,2021-08-11 13:56:00,CGRN
4.66,4.66,4.66,4.66,400,2021-08-11 13:57:00,CGRN
4.6462,4.6462,4.61,4.61,700,2021-08-11 14:06:00,CGRN
4.62,4.62,4.62,4.62,582,2021-08-11 14:07:00,CGRN
4.63,4.63,4.63,4.63,100,2021-08-11 14:08:00,CGRN
4.6,4.6,4.6,4.6,100,2021-08-11 14:11:00,CGRN
4.62,4.65,4.62,4.65,700,2021-08-11 14:27:00,CGRN
4.65,4.65,4.65,4.65,160,2021-08-11 14:29:00,CGRN
4.64,4.66,4.64,4.66,700,2021-08-11 14:37:00,CGRN
4.65,4.7,4.65,4.7,3000,2021-08-11 14:39:00,CGRN
4.6612,4.6612,4.6612,4.6612,500,2021-08-11 14:40:00,CGRN
4.65,4.65,4.64,4.64,300,2021-08-11 14:55:00,CGRN
4.62,4.62,4.62,4.62,600,2021-08-11 14:56:00,CGRN
4.6,4.6,4.6,4.6,100,2021-08-11 14:58:00,CGRN
4.6,4.62,4.6,4.6,919,2021-08-11 14:59:00,CGRN
4.56,4.56,4.56,4.56,100,2021-08-11 15:16:00,CGRN
4.5652,4.5652,4.5652,4.5652,500,2021-08-11 15:18:00,CGRN
4.56,4.56,4.56,4.56,100,2021-08-11 15:22:00,CGRN
4.57,4.57,4.56,4.56,300,2021-08-11 15:24:00,CGRN
4.55,4.559,4.55,4.55,300,2021-08-11 15:34:00,CGRN
4.55,4.55,4.55,4.55,2483,2021-08-11 15:50:00,CGRN
4.55,4.55,4.54,4.54,1603,2021-08-11 15:53:00,CGRN
4.52,4.52,4.52,4.52,200,2021-08-11 15:55:00,CGRN
4.54,4.548,4.54,4.548,742,2021-08-11 16:01:00,CGRN
4.53,4.53,4.53,4.53,100,2021-08-11 16:07:00,CGRN
4.53,4.53,4.53,4.53,200,2021-08-11 16:12:00,CGRN
4.52,4.52,4.52,4.52,100,2021-08-11 16:15:00,CGRN
4.52,4.522,4.5,4.515,4049,2021-08-11 16:16:00,CGRN
4.5,4.506,4.5,4.5,300,2021-08-11 16:17:00,CGRN
4.53,4.53,4.53,4.53,200,2021-08-11 16:19:00,CGRN
4.54,4.54,4.5397,4.54,300,2021-08-11 16:20:00,CGRN
4.5599,4.5599,4.55,4.55,1081,2021-08-11 16:22:00,CGRN
4.5499,4.5499,4.5499,4.5499,450,2021-08-11 16:24:00,CGRN
4.55,4.55,4.54,4.54,3800,2021-08-11 16:31:00,CGRN
4.53,4.53,4.53,4.53,100,2021-08-11 16:33:00,CGRN
4.54,4.55,4.54,4.544,900,2021-08-11 16:37:00,CGRN
4.51,4.51,4.51,4.51,100,2021-08-11 16:38:00,CGRN
4.52,4.52,4.52,4.52,100,2021-08-11 16:41:00,CGRN
4.54,4.54,4.5397,4.54,900,2021-08-11 16:49:00,CGRN
4.55,4.5599,4.55,4.555,600,2021-08-11 16:58:00,CGRN
4.555,4.555,4.555,4.555,100,2021-08-11 17:01:00,CGRN
4.555,4.56,4.555,4.56,409,2021-08-11 17:02:00,CGRN
4.58,4.58,4.58,4.58,100,2021-08-11 17:04:00,CGRN
4.58,4.58,4.58,4.58,100,2021-08-11 17:12:00,CGRN
4.59,4.59,4.59,4.59,800,2021-08-11 17:20:00,CGRN
4.56,4.56,4.56,4.56,100,2021-08-11 17:33:00,CGRN
4.59,4.59,4.59,4.59,100,2021-08-11 17:38:00,CGRN
4.57,4.57,4.57,4.57,200,2021-08-11 17:39:00,CGRN
4.5852,4.5852,4.5852,4.5852,100,2021-08-11 17:46:00,CGRN
4.57,4.57,4.57,4.57,100,2021-08-11 17:49:00,CGRN
4.5702,4.6,4.57,4.57,1090,2021-08-11 17:52:00,CGRN
4.56,4.56,4.56,4.56,800,2021-08-11 17:54:00,CGRN
4.57,4.59,4.555,4.59,3047,2021-08-11 18:03:00,CGRN
4.5967,4.5967,4.56,4.56,2341,2021-08-11 18:06:00,CGRN
4.56,4.57,4.56,4.57,300,2021-08-11 18:15:00,CGRN
4.57,4.57,4.56,4.56,200,2021-08-11 18:21:00,CGRN
4.56,4.56,4.56,4.56,300,2021-08-11 18:23:00,CGRN
4.55,4.55,4.55,4.55,100,2021-08-11 18:27:00,CGRN
4.5689,4.5689,4.56,4.56,3300,2021-08-11 18:29:00,CGRN
4.56,4.56,4.56,4.56,100,2021-08-11 18:30:00,CGRN
4.5587,4.58,4.5587,4.58,1530,2021-08-11 18:31:00,CGRN
4.59,4.59,4.59,4.59,100,2021-08-11 18:32:00,CGRN
4.59,4.59,4.59,4.59,300,2021-08-11 18:33:00,CGRN
4.59,4.59,4.5875,4.5875,385,2021-08-11 18:34:00,CGRN
4.59,4.6,4.59,4.5992,1610,2021-08-11 18:35:00,CGRN
4.605,4.605,4.605,4.605,100,2021-08-11 18:36:00,CGRN
4.6,4.6,4.6,4.6,100,2021-08-11 18:44:00,CGRN
4.64,4.68,4.64,4.68,1888,2021-08-11 19:01:00,CGRN
4.65,4.65,4.65,4.65,100,2021-08-11 19:04:00,CGRN
4.65,4.65,4.65,4.65,200,2021-08-11 19:11:00,CGRN
4.6495,4.6495,4.6495,4.6495,100,2021-08-11 19:12:00,CGRN
4.65,4.65,4.631,4.631,378,2021-08-11 19:18:00,CGRN
4.65,4.65,4.65,4.65,100,2021-08-11 19:22:00,CGRN
4.65,4.65,4.65,4.65,305,2021-08-11 19:30:00,CGRN
4.67,4.67,4.67,4.67,100,2021-08-11 19:32:00,CGRN
4.655,4.655,4.655,4.655,100,2021-08-11 19:33:00,CGRN
4.655,4.655,4.655,4.655,100,2021-08-11 19:34:00,CGRN
4.655,4.655,4.655,4.655,100,2021-08-11 19:36:00,CGRN
4.655,4.655,4.646,4.646,200,2021-08-11 19:38:00,CGRN
4.64,4.64,4.64,4.64,200,2021-08-11 19:40:00,CGRN
4.655,4.655,4.655,4.655,100,2021-08-11 19:49:00,CGRN
4.64,4.64,4.64,4.64,800,2021-08-11 19:50:00,CGRN
4.64,4.64,4.64,4.64,100,2021-08-11 19:52:00,CGRN
4.64,4.64,4.64,4.64,400,2021-08-11 19:53:00,CGRN
4.63,4.63,4.63,4.63,100,2021-08-11 19:55:00,CGRN
4.63,4.63,4.62,4.62,200,2021-08-11 19:56:00,CGRN
4.62,4.63,4.61,4.61,400,2021-08-11 19:57:00,CGRN
4.62,4.62,4.61,4.61,400,2021-08-11 19:58:00,CGRN
4.62,4.62,4.6,4.6,1535,2021-08-11 19:59:00,CGRN
4.6,4.6,4.6,4.6,706,2021-08-11 20:00:00,CGRN
4.5,4.5,4.5,4.5,300,2021-08-11 20:21:00,CGRN
4.5,4.5,4.5,4.5,100,2021-08-11 21:40:00,CGRN
4.56,4.6,4.56,4.6,491,2021-08-12 13:30:00,CGRN
4.55,4.55,4.5104,4.5104,6575,2021-08-12 13:36:00,CGRN
4.52,4.52,4.44,4.44,14134,2021-08-12 13:37:00,CGRN
4.435,4.435,4.435,4.435,512,2021-08-12 13:38:00,CGRN
4.435,4.435,4.37,4.37,4331,2021-08-12 13:39:00,CGRN
4.36,4.36,4.32,4.34,6396,2021-08-12 13:41:00,CGRN
4.395,4.49,4.395,4.49,200,2021-08-12 13:42:00,CGRN
4.42,4.49,4.42,4.49,500,2021-08-12 13:44:00,CGRN
4.3501,4.3501,4.3501,4.3501,1000,2021-08-12 13:47:00,CGRN
4.48,4.55,4.48,4.55,25800,2021-08-12 13:49:00,CGRN
4.555,4.555,4.555,4.555,1000,2021-08-12 14:02:00,CGRN
4.46,4.48,4.42,4.42,8000,2021-08-12 14:04:00,CGRN
4.46,4.46,4.46,4.46,100,2021-08-12 14:08:00,CGRN
4.46,4.46,4.46,4.46,400,2021-08-12 14:10:00,CGRN
4.46,4.46,4.45,4.45,2287,2021-08-12 14:11:00,CGRN
4.39,4.4,4.39,4.4,897,2021-08-12 14:16:00,CGRN
4.3999,4.3999,4.3999,4.3999,1137,2021-08-12 14:21:00,CGRN
4.4,4.4,4.4,4.4,1100,2021-08-12 14:22:00,CGRN
4.41,4.41,4.41,4.41,465,2021-08-12 14:26:00,CGRN
4.32,4.32,4.32,4.32,100,2021-08-12 14:33:00,CGRN
4.35,4.35,4.35,4.35,150,2021-08-12 14:38:00,CGRN
4.3797,4.3797,4.3546,4.3546,1150,2021-08-12 14:39:00,CGRN
4.35,4.37,4.35,4.37,300,2021-08-12 14:41:00,CGRN
4.36,4.36,4.36,4.36,200,2021-08-12 14:42:00,CGRN
4.3525,4.38,4.3525,4.38,450,2021-08-12 14:44:00,CGRN
4.38,4.38,4.38,4.38,200,2021-08-12 14:45:00,CGRN
4.4,4.48,4.4,4.42,11216,2021-08-12 14:46:00,CGRN
4.4665,4.4665,4.4665,4.4665,111,2021-08-12 14:52:00,CGRN
4.445,4.445,4.445,4.445,300,2021-08-12 14:53:00,CGRN
4.42,4.42,4.42,4.42,134,2021-08-12 14:55:00,CGRN
4.42,4.42,4.42,4.42,1200,2021-08-12 14:58:00,CGRN
4.4,4.41,4.4,4.4,400,2021-08-12 15:15:00,CGRN
4.469,4.469,4.469,4.469,300,2021-08-12 15:18:00,CGRN
4.45,4.45,4.41,4.41,1100,2021-08-12 15:27:00,CGRN
4.41,4.41,4.41,4.41,1000,2021-08-12 15:30:00,CGRN
4.42,4.42,4.42,4.42,1100,2021-08-12 15:41:00,CGRN
4.43,4.43,4.43,4.43,200,2021-08-12 15:50:00,CGRN
4.42,4.42,4.42,4.42,792,2021-08-12 15:51:00,CGRN
4.43,4.43,4.43,4.43,200,2021-08-12 15:52:00,CGRN
4.41,4.41,4.41,4.41,1000,2021-08-12 16:03:00,CGRN
4.42,4.42,4.41,4.41,464,2021-08-12 16:10:00,CGRN
4.41,4.41,4.41,4.41,100,2021-08-12 16:13:00,CGRN
4.408,4.408,4.408,4.408,1000,2021-08-12 16:19:00,CGRN
4.39,4.39,4.39,4.39,100,2021-08-12 16:20:00,CGRN
4.39,4.42,4.39,4.42,300,2021-08-12 16:23:00,CGRN
4.38,4.38,4.38,4.38,100,2021-08-12 16:26:00,CGRN
4.38,4.3801,4.38,4.38,1300,2021-08-12 16:29:00,CGRN
4.38,4.38,4.38,4.38,1000,2021-08-12 16:34:00,CGRN
4.38,4.38,4.38,4.38,1000,2021-08-12 16:35:00,CGRN
4.38,4.38,4.38,4.38,100,2021-08-12 16:36:00,CGRN
4.405,4.49,4.405,4.49,25984,2021-08-12 16:38:00,CGRN
4.455,4.455,4.455,4.455,100,2021-08-12 16:53:00,CGRN
4.45,4.45,4.45,4.45,100,2021-08-12 17:00:00,CGRN
4.475,4.475,4.475,4.475,100,2021-08-12 17:05:00,CGRN
4.475,4.475,4.475,4.475,100,2021-08-12 17:08:00,CGRN
4.4995,4.4995,4.45,4.45,400,2021-08-12 17:10:00,CGRN
4.46,4.475,4.45,4.45,900,2021-08-12 17:11:00,CGRN
4.45,4.45,4.45,4.45,100,2021-08-12 17:15:00,CGRN
4.45,4.45,4.44,4.45,300,2021-08-12 17:16:00,CGRN
4.42,4.42,4.42,4.42,100,2021-08-12 17:21:00,CGRN
4.4152,4.4152,4.4152,4.4152,612,2021-08-12 17:26:00,CGRN
4.41,4.4192,4.41,4.4192,280,2021-08-12 17:30:00,CGRN
4.4158,4.4158,4.41,4.41,200,2021-08-12 17:31:00,CGRN
4.41,4.41,4.41,4.41,200,2021-08-12 17:34:00,CGRN
4.4,4.4,4.4,4.4,100,2021-08-12 17:37:00,CGRN
4.4,4.4,4.4,4.4,100,2021-08-12 17:41:00,CGRN
4.4,4.4,4.4,4.4,100,2021-08-12 17:44:00,CGRN
4.46,4.46,4.46,4.46,100,2021-08-12 17:46:00,CGRN
4.4,4.4,4.4,4.4,100,2021-08-12 17:47:00,CGRN
4.43,4.43,4.43,4.43,500,2021-08-12 17:48:00,CGRN
4.4,4.4,4.4,4.4,100,2021-08-12 17:50:00,CGRN
4.41,4.41,4.41,4.41,100,2021-08-12 17:53:00,CGRN
4.41,4.41,4.41,4.41,200,2021-08-12 17:57:00,CGRN
4.41,4.41,4.41,4.41,100,2021-08-12 18:00:00,CGRN
4.41,4.41,4.41,4.41,200,2021-08-12 18:01:00,CGRN
4.419,4.419,4.419,4.419,100,2021-08-12 18:02:00,CGRN
4.425,4.44,4.425,4.44,813,2021-08-12 18:03:00,CGRN
4.42,4.42,4.42,4.42,100,2021-08-12 18:04:00,CGRN
4.45,4.46,4.44,4.456,801,2021-08-12 18:14:00,CGRN
4.44,4.44,4.44,4.44,100,2021-08-12 18:15:00,CGRN
4.44,4.44,4.42,4.42,1100,2021-08-12 18:22:00,CGRN
4.44,4.44,4.44,4.44,200,2021-08-12 18:23:00,CGRN
4.44,4.44,4.44,4.44,1000,2021-08-12 18:26:00,CGRN
4.43,4.45,4.43,4.45,300,2021-08-12 18:35:00,CGRN
4.42,4.42,4.42,4.42,100,2021-08-12 18:45:00,CGRN
4.41,4.41,4.41,4.41,100,2021-08-12 18:48:00,CGRN
4.41,4.45,4.41,4.41,847,2021-08-12 18:52:00,CGRN
4.435,4.435,4.435,4.435,200,2021-08-12 18:59:00,CGRN
4.46,4.46,4.44,4.44,200,2021-08-12 19:07:00,CGRN
4.465,4.465,4.465,4.465,100,2021-08-12 19:17:00,CGRN
4.44,4.44,4.44,4.44,100,2021-08-12 19:27:00,CGRN
4.44,4.44,4.44,4.44,100,2021-08-12 19:30:00,CGRN
4.44,4.44,4.44,4.44,100,2021-08-12 19:34:00,CGRN
4.465,4.5,4.45,4.5,750,2021-08-12 19:37:00,CGRN
4.5047,4.5047,4.5047,4.5047,132,2021-08-12 19:39:00,CGRN
4.51,4.51,4.49,4.49,300,2021-08-12 19:40:00,CGRN
4.5,4.5,4.48,4.48,600,2021-08-12 19:41:00,CGRN
4.523,4.523,4.523,4.523,111,2021-08-12 19:43:00,CGRN
4.48,4.48,4.48,4.48,300,2021-08-12 19:44:00,CGRN
4.52,4.52,4.52,4.52,100,2021-08-12 19:45:00,CGRN
4.5,4.51,4.5,4.51,600,2021-08-12 19:48:00,CGRN
4.486,4.49,4.475,4.487,1895,2021-08-12 19:52:00,CGRN
4.49,4.51,4.49,4.51,2836,2021-08-12 19:53:00,CGRN
4.513,4.513,4.51,4.51,1200,2021-08-12 19:54:00,CGRN
4.5183,4.5183,4.5183,4.5183,212,2021-08-12 19:55:00,CGRN
4.52,4.52,4.51,4.51,300,2021-08-12 19:56:00,CGRN
4.53,4.53,4.51,4.51,553,2021-08-12 19:57:00,CGRN
4.52,4.52,4.52,4.52,100,2021-08-12 19:58:00,CGRN
4.5,4.54,4.5,4.54,927,2021-08-12 19:59:00,CGRN
4.51,4.51,4.51,4.51,838,2021-08-12 20:00:00,CGRN
4.49,4.49,4.49,4.49,766,2021-08-13 13:30:00,CGRN
4.4313,4.4313,4.4313,4.4313,250,2021-08-13 13:45:00,CGRN
4.54,4.54,4.5283,4.5283,457,2021-08-13 13:49:00,CGRN
4.4501,4.4501,4.4501,4.4501,500,2021-08-13 14:01:00,CGRN
4.495,4.495,4.495,4.495,100,2021-08-13 14:02:00,CGRN
4.45,4.46,4.45,4.46,200,2021-08-13 14:07:00,CGRN
4.45,4.45,4.45,4.45,400,2021-08-13 14:14:00,CGRN
4.47,4.47,4.47,4.47,200,2021-08-13 14:18:00,CGRN
4.47,4.47,4.4688,4.4688,500,2021-08-13 14:19:00,CGRN
4.47,4.47,4.47,4.47,200,2021-08-13 14:22:00,CGRN
4.47,4.47,4.47,4.47,100,2021-08-13 14:25:00,CGRN
4.49,4.49,4.49,4.49,100,2021-08-13 14:29:00,CGRN
4.495,4.495,4.495,4.495,100,2021-08-13 14:32:00,CGRN
4.47,4.47,4.47,4.47,451,2021-08-13 14:35:00,CGRN
4.4746,4.49,4.4746,4.49,600,2021-08-13 14:48:00,CGRN
4.4661,4.4661,4.4661,4.4661,175,2021-08-13 14:53:00,CGRN
4.4583,4.4583,4.4583,4.4583,103,2021-08-13 14:55:00,CGRN
4.502,4.502,4.502,4.502,100,2021-08-13 15:00:00,CGRN
4.47,4.47,4.47,4.47,100,2021-08-13 15:01:00,CGRN
4.475,4.475,4.475,4.475,100,2021-08-13 15:07:00,CGRN
4.46,4.46,4.46,4.46,100,2021-08-13 15:11:00,CGRN
4.4981,4.4981,4.4981,4.4981,100,2021-08-13 15:14:00,CGRN
4.51,4.51,4.51,4.51,100,2021-08-13 15:16:00,CGRN
4.505,4.505,4.505,4.505,4410,2021-08-13 15:19:00,CGRN
4.5,4.5,4.5,4.5,4410,2021-08-13 15:20:00,CGRN
4.5,4.5,4.5,4.5,100,2021-08-13 15:34:00,CGRN
4.45,4.45,4.45,4.45,300,2021-08-13 15:56:00,CGRN
4.45,4.45,4.45,4.45,500,2021-08-13 15:57:00,CGRN
4.45,4.45,4.45,4.45,1150,2021-08-13 16:01:00,CGRN
4.45,4.45,4.45,4.45,100,2021-08-13 16:02:00,CGRN
4.44,4.44,4.41,4.41,2000,2021-08-13 16:05:00,CGRN
4.4,4.435,4.4,4.4001,3050,2021-08-13 16:06:00,CGRN
4.4,4.47,4.4,4.47,2000,2021-08-13 16:08:00,CGRN
4.47,4.47,4.47,4.47,200,2021-08-13 16:09:00,CGRN
4.45,4.45,4.45,4.45,100,2021-08-13 16:25:00,CGRN
4.4,4.4,4.4,4.4,3150,2021-08-13 16:27:00,CGRN
4.4,4.42,4.4,4.42,2100,2021-08-13 16:28:00,CGRN
4.4,4.44,4.37,4.4383,4441,2021-08-13 16:29:00,CGRN
4.43,4.45,4.425,4.425,1119,2021-08-13 16:30:00,CGRN
4.439,4.5,4.43,4.43,6507,2021-08-13 16:32:00,CGRN
4.37,4.38,4.37,4.38,10579,2021-08-13 16:33:00,CGRN
4.37,4.37,4.36,4.36,5000,2021-08-13 16:35:00,CGRN
4.3604,4.3604,4.3604,4.3604,5000,2021-08-13 16:36:00,CGRN
4.37,4.38,4.36,4.36,5000,2021-08-13 16:39:00,CGRN
4.36,4.3601,4.36,4.3601,5500,2021-08-13 16:40:00,CGRN
4.37,4.37,4.37,4.37,100,2021-08-13 16:53:00,CGRN
4.41,4.41,4.36,4.36,1786,2021-08-13 16:55:00,CGRN
4.36,4.38,4.36,4.36,900,2021-08-13 16:57:00,CGRN
4.405,4.41,4.385,4.385,2000,2021-08-13 16:58:00,CGRN
4.385,4.45,4.385,4.45,1200,2021-08-13 16:59:00,CGRN
4.4101,4.4101,4.4101,4.4101,3000,2021-08-13 17:01:00,CGRN
4.3866,4.3866,4.3866,4.3866,200,2021-08-13 17:02:00,CGRN
4.3801,4.39,4.3801,4.39,6000,2021-08-13 17:04:00,CGRN
4.38,4.38,4.38,4.38,400,2021-08-13 17:06:00,CGRN
4.37,4.37,4.37,4.37,100,2021-08-13 17:07:00,CGRN
4.37,4.37,4.37,4.37,300,2021-08-13 17:08:00,CGRN
4.38,4.38,4.38,4.38,150,2021-08-13 17:10:00,CGRN
4.37,4.42,4.37,4.42,6244,2021-08-13 17:11:00,CGRN
4.38,4.38,4.38,4.38,100,2021-08-13 17:12:00,CGRN
4.395,4.41,4.395,4.41,555,2021-08-13 17:16:00,CGRN
4.383,4.383,4.38,4.38,950,2021-08-13 17:18:00,CGRN
4.38,4.38,4.37,4.38,758,2021-08-13 17:19:00,CGRN
4.38,4.45,4.38,4.415,4593,2021-08-13 17:21:00,CGRN
4.4,4.415,4.4,4.415,560,2021-08-13 17:27:00,CGRN
4.4,4.4,4.4,4.4,350,2021-08-13 17:30:00,CGRN
4.41,4.41,4.41,4.41,100,2021-08-13 17:45:00,CGRN
4.4101,4.4101,4.4101,4.4101,100,2021-08-13 17:47:00,CGRN
4.4171,4.4171,4.4171,4.4171,100,2021-08-13 17:48:00,CGRN
4.41,4.41,4.41,4.41,125,2021-08-13 17:59:00,CGRN
4.38,4.39,4.38,4.38,400,2021-08-13 18:08:00,CGRN
4.3709,4.3709,4.3709,4.3709,1100,2021-08-13 18:13:00,CGRN
4.36,4.3765,4.36,4.3765,346,2021-08-13 18:14:00,CGRN
4.36,4.36,4.35,4.35,1700,2021-08-13 18:16:00,CGRN
4.36,4.36,4.36,4.36,100,2021-08-13 18:17:00,CGRN
4.355,4.355,4.355,4.355,250,2021-08-13 18:24:00,CGRN
4.34,4.34,4.34,4.34,100,2021-08-13 18:40:00,CGRN
4.34,4.34,4.31,4.31,2841,2021-08-13 18:42:00,CGRN
4.32,4.32,4.32,4.32,200,2021-08-13 18:46:00,CGRN
4.325,4.325,4.325,4.325,100,2021-08-13 18:50:00,CGRN
4.325,4.34,4.31,4.34,2938,2021-08-13 18:51:00,CGRN
4.3281,4.3281,4.3281,4.3281,100,2021-08-13 18:59:00,CGRN
4.34,4.34,4.31,4.31,805,2021-08-13 19:01:00,CGRN
4.3392,4.35,4.3392,4.35,400,2021-08-13 19:02:00,CGRN
4.35,4.35,4.35,4.35,300,2021-08-13 19:07:00,CGRN
4.336,4.336,4.336,4.336,100,2021-08-13 19:13:00,CGRN
4.35,4.35,4.35,4.35,457,2021-08-13 19:19:00,CGRN
4.36,4.37,4.36,4.37,200,2021-08-13 19:28:00,CGRN
4.35,4.35,4.35,4.35,100,2021-08-13 19:29:00,CGRN
4.35,4.35,4.35,4.35,100,2021-08-13 19:30:00,CGRN
4.36,4.36,4.36,4.36,819,2021-08-13 19:33:00,CGRN
4.38,4.38,4.38,4.38,325,2021-08-13 19:38:00,CGRN
4.34,4.34,4.3,4.3,12156,2021-08-13 19:40:00,CGRN
4.3,4.3,4.23,4.23,3250,2021-08-13 19:43:00,CGRN
4.23,4.25,4.2,4.2,3246,2021-08-13 19:46:00,CGRN
4.21,4.26,4.21,4.26,4283,2021-08-13 19:47:00,CGRN
4.2676,4.2676,4.2676,4.2676,415,2021-08-13 19:50:00,CGRN
4.27,4.294,4.27,4.294,342,2021-08-13 19:52:00,CGRN
4.2938,4.2938,4.2938,4.2938,125,2021-08-13 19:54:00,CGRN
4.2999,4.2999,4.2999,4.2999,176,2021-08-13 19:56:00,CGRN
4.29,4.29,4.26,4.26,1122,2021-08-13 19:57:00,CGRN
4.26,4.269,4.26,4.269,450,2021-08-13 19:58:00,CGRN
4.25,4.3,4.24,4.24,2495,2021-08-13 19:59:00,CGRN
4.24,4.24,4.24,4.24,666,2021-08-13 20:00:00,CGRN
4.25,4.25,4.25,4.25,1147,2021-08-13 20:22:00,CGRN
4.24,4.24,4.24,4.24,2190,2021-08-16 13:30:00,CGRN
4.25,4.25,4.16,4.16,4703,2021-08-16 13:31:00,CGRN
4.1714,4.1714,4.1714,4.1714,2000,2021-08-16 13:32:00,CGRN
4.17,4.17,4.15,4.15,2100,2021-08-16 13:33:00,CGRN
4.1401,4.1401,4.13,4.13,4000,2021-08-16 13:34:00,CGRN
4.14,4.14,4.08,4.14,4100,2021-08-16 13:35:00,CGRN
4.0701,4.0701,4.0701,4.0701,3422,2021-08-16 13:37:00,CGRN
4.0815,4.0815,4.0815,4.0815,200,2021-08-16 13:40:00,CGRN
4.08,4.08,4.08,4.08,400,2021-08-16 13:42:00,CGRN
4.065,4.065,4.05,4.06,300,2021-08-16 13:43:00,CGRN
4.12,4.12,4.12,4.12,1000,2021-08-16 13:47:00,CGRN
4.1,4.13,4.1,4.13,200,2021-08-16 13:49:00,CGRN
4.09,4.09,4.09,4.09,132,2021-08-16 13:50:00,CGRN
4.12,4.13,4.12,4.13,5103,2021-08-16 13:57:00,CGRN
4.135,4.135,4.135,4.135,105,2021-08-16 14:04:00,CGRN
4.1,4.13,4.1,4.1247,1361,2021-08-16 14:06:00,CGRN
4.19,4.19,4.19,4.19,100,2021-08-16 14:09:00,CGRN
4.145,4.145,4.12,4.12,306,2021-08-16 14:13:00,CGRN
4.13,4.135,4.13,4.135,320,2021-08-16 14:14:00,CGRN
4.13,4.13,4.13,4.13,250,2021-08-16 14:15:00,CGRN
4.13,4.18,4.13,4.18,15002,2021-08-16 14:16:00,CGRN
4.15,4.15,4.15,4.15,200,2021-08-16 14:17:00,CGRN
4.15,4.15,4.15,4.15,100,2021-08-16 14:19:00,CGRN
4.15,4.15,4.15,4.15,100,2021-08-16 14:21:00,CGRN
4.15,4.15,4.15,4.15,1000,2021-08-16 14:25:00,CGRN
4.1212,4.1212,4.11,4.11,600,2021-08-16 14:28:00,CGRN
4.12,4.12,4.12,4.12,100,2021-08-16 14:29:00,CGRN
4.11,4.11,4.1,4.1001,2274,2021-08-16 14:36:00,CGRN
4.14,4.14,4.14,4.14,100,2021-08-16 14:37:00,CGRN
4.19,4.19,4.155,4.155,300,2021-08-16 14:41:00,CGRN
4.19,4.2,4.13,4.18,5560,2021-08-16 14:44:00,CGRN
4.18,4.18,4.16,4.16,700,2021-08-16 14:45:00,CGRN
4.18,4.18,4.1769,4.1769,1000,2021-08-16 14:47:00,CGRN
4.205,4.205,4.205,4.205,100,2021-08-16 14:49:00,CGRN
4.2106,4.2106,4.2106,4.2106,100,2021-08-16 14:51:00,CGRN
4.26,4.26,4.26,4.26,100,2021-08-16 14:56:00,CGRN
4.2,4.2,4.2,4.2,391,2021-08-16 14:58:00,CGRN
4.22,4.2495,4.205,4.2495,5656,2021-08-16 15:03:00,CGRN
4.26,4.26,4.22,4.22,2600,2021-08-16 15:04:00,CGRN
4.26,4.26,4.26,4.26,121,2021-08-16 15:15:00,CGRN
4.225,4.225,4.225,4.225,100,2021-08-16 15:17:00,CGRN
4.195,4.195,4.195,4.195,300,2021-08-16 15:31:00,CGRN
4.12,4.12,4.12,4.12,250,2021-08-16 15:39:00,CGRN
4.2,4.2,4.1991,4.1991,8200,2021-08-16 15:46:00,CGRN
4.195,4.195,4.195,4.195,100,2021-08-16 15:47:00,CGRN
4.21,4.21,4.21,4.21,200,2021-08-16 15:51:00,CGRN
4.2641,4.2641,4.2641,4.2641,200,2021-08-16 15:52:00,CGRN
4.2627,4.2627,4.2627,4.2627,100,2021-08-16 16:00:00,CGRN
4.2189,4.2189,4.2189,4.2189,100,2021-08-16 16:01:00,CGRN
4.26,4.26,4.22,4.22,403,2021-08-16 16:11:00,CGRN
4.22,4.22,4.22,4.22,100,2021-08-16 16:20:00,CGRN
4.19,4.19,4.19,4.19,3000,2021-08-16 16:32:00,CGRN
4.27,4.27,4.27,4.27,228,2021-08-16 16:33:00,CGRN
4.19,4.19,4.19,4.19,100,2021-08-16 16:43:00,CGRN
4.1901,4.1901,4.1901,4.1901,2000,2021-08-16 16:54:00,CGRN
4.194,4.225,4.1901,4.194,10200,2021-08-16 16:55:00,CGRN
4.259,4.259,4.259,4.259,250,2021-08-16 16:57:00,CGRN
4.225,4.225,4.225,4.225,100,2021-08-16 17:10:00,CGRN
4.2277,4.2277,4.2277,4.2277,100,2021-08-16 17:23:00,CGRN
4.225,4.225,4.225,4.225,100,2021-08-16 17:24:00,CGRN
4.2,4.2,4.2,4.2,100,2021-08-16 17:26:00,CGRN
4.2,4.2,4.2,4.2,100,2021-08-16 17:31:00,CGRN
4.2,4.2,4.2,4.2,100,2021-08-16 17:33:00,CGRN
4.27,4.27,4.27,4.27,109,2021-08-16 17:42:00,CGRN
4.235,4.235,4.2,4.2,800,2021-08-16 18:11:00,CGRN
4.2,4.2,4.2,4.2,300,2021-08-16 18:15:00,CGRN
4.24,4.24,4.24,4.24,160,2021-08-16 18:20:00,CGRN
4.2101,4.2101,4.2101,4.2101,2000,2021-08-16 18:21:00,CGRN
4.22,4.22,4.1804,4.19,1200,2021-08-16 18:22:00,CGRN
4.1801,4.21,4.1801,4.21,2100,2021-08-16 18:24:00,CGRN
4.18,4.18,4.18,4.18,100,2021-08-16 18:25:00,CGRN
4.1801,4.21,4.1401,4.1401,9178,2021-08-16 18:26:00,CGRN
4.18,4.18,4.18,4.18,100,2021-08-16 18:27:00,CGRN
4.1501,4.2,4.14,4.1401,5280,2021-08-16 18:30:00,CGRN
4.19,4.19,4.19,4.19,100,2021-08-16 18:31:00,CGRN
4.195,4.195,4.195,4.195,100,2021-08-16 18:34:00,CGRN
4.16,4.16,4.16,4.16,100,2021-08-16 18:41:00,CGRN
4.19,4.2,4.17,4.2,1418,2021-08-16 18:45:00,CGRN
4.22,4.22,4.22,4.22,125,2021-08-16 18:47:00,CGRN
4.17,4.17,4.15,4.16,800,2021-08-16 18:51:00,CGRN
4.155,4.17,4.155,4.17,400,2021-08-16 18:52:00,CGRN
4.17,4.21,4.16,4.2098,3700,2021-08-16 18:53:00,CGRN
4.17,4.17,4.17,4.17,100,2021-08-16 19:04:00,CGRN
4.21,4.21,4.21,4.21,100,2021-08-16 19:08:00,CGRN
4.17,4.17,4.17,4.17,300,2021-08-16 19:09:00,CGRN
4.17,4.17,4.17,4.17,473,2021-08-16 19:10:00,CGRN
4.17,4.21,4.155,4.21,2700,2021-08-16 19:15:00,CGRN
4.15,4.15,4.15,4.15,100,2021-08-16 19:16:00,CGRN
4.19,4.2,4.19,4.2,300,2021-08-16 19:17:00,CGRN
4.2,4.2,4.2,4.2,200,2021-08-16 19:18:00,CGRN
4.21,4.21,4.21,4.21,300,2021-08-16 19:21:00,CGRN
4.24,4.24,4.24,4.24,116,2021-08-16 19:25:00,CGRN
4.23,4.25,4.23,4.24,1700,2021-08-16 19:29:00,CGRN
4.24,4.24,4.2,4.24,1000,2021-08-16 19:31:00,CGRN
4.24,4.24,4.24,4.24,1021,2021-08-16 19:32:00,CGRN
4.24,4.24,4.24,4.24,223,2021-08-16 19:36:00,CGRN
4.24,4.24,4.24,4.24,635,2021-08-16 19:37:00,CGRN
4.24,4.24,4.24,4.24,200,2021-08-16 19:38:00,CGRN
4.195,4.24,4.195,4.24,320,2021-08-16 19:39:00,CGRN
4.24,4.24,4.24,4.24,400,2021-08-16 19:40:00,CGRN
4.24,4.24,4.24,4.24,500,2021-08-16 19:41:00,CGRN
4.24,4.24,4.24,4.24,500,2021-08-16 19:42:00,CGRN
4.24,4.24,4.24,4.24,200,2021-08-16 19:43:00,CGRN
4.24,4.24,4.24,4.24,500,2021-08-16 19:45:00,CGRN
4.24,4.24,4.24,4.24,200,2021-08-16 19:47:00,CGRN
4.15,4.21,4.15,4.21,305,2021-08-16 19:49:00,CGRN
4.185,4.185,4.16,4.16,295,2021-08-16 19:50:00,CGRN
4.175,4.175,4.16,4.16,300,2021-08-16 19:51:00,CGRN
4.175,4.175,4.175,4.175,162,2021-08-16 19:52:00,CGRN
4.16,4.17,4.16,4.17,700,2021-08-16 19:53:00,CGRN
4.1799,4.1799,4.16,4.16,2600,2021-08-16 19:55:00,CGRN
4.17,4.18,4.1614,4.1614,2009,2021-08-16 19:56:00,CGRN
4.17,4.175,4.17,4.175,2200,2021-08-16 19:57:00,CGRN
4.19,4.19,4.14,4.17,5202,2021-08-16 19:58:00,CGRN
4.16,4.2,4.16,4.2,800,2021-08-16 19:59:00,CGRN
4.17,4.17,4.17,4.17,774,2021-08-16 20:00:00,CGRN
4.1,4.13,4.1,4.13,2433,2021-08-17 13:30:00,CGRN
4.1,4.16,4.1,4.16,200,2021-08-17 13:31:00,CGRN
4.05,4.05,4.02,4.02,1078,2021-08-17 13:33:00,CGRN
4.16,4.16,4.105,4.105,200,2021-08-17 13:34:00,CGRN
4.06,4.1,4.05,4.1,300,2021-08-17 13:35:00,CGRN
4.1,4.1,4.1,4.1,100,2021-08-17 13:37:00,CGRN
4.07,4.15,4.07,4.115,1540,2021-08-17 13:38:00,CGRN
4.1,4.1,4.1,4.1,100,2021-08-17 13:39:00,CGRN
4.1,4.1,4.1,4.1,100,2021-08-17 13:40:00,CGRN
4.1,4.1,4.1,4.1,100,2021-08-17 13:42:00,CGRN
4.1462,4.1462,4.1,4.1,800,2021-08-17 13:47:00,CGRN
4.1,4.1,4.1,4.1,100,2021-08-17 13:49:00,CGRN
4.1,4.17,4.08,4.08,963,2021-08-17 13:56:00,CGRN
4.11,4.11,4.11,4.11,100,2021-08-17 13:58:00,CGRN
4.1,4.1,4.1,4.1,100,2021-08-17 14:01:00,CGRN
4.04,4.08,4.04,4.04,900,2021-08-17 14:10:00,CGRN
4.1499,4.1499,4.04,4.0675,4470,2021-08-17 14:11:00,CGRN
4.07,4.07,4.07,4.07,100,2021-08-17 14:13:00,CGRN
4.02,4.02,4.02,4.02,280,2021-08-17 14:20:00,CGRN
4.02,4.02,4.02,4.02,100,2021-08-17 14:21:00,CGRN
4.08,4.08,4.08,4.08,100,2021-08-17 14:22:00,CGRN
4.055,4.055,4.055,4.055,120,2021-08-17 14:23:00,CGRN
4.08,4.08,4.08,4.08,100,2021-08-17 14:27:00,CGRN
4.08,4.09,4.08,4.09,500,2021-08-17 14:29:00,CGRN
4.1,4.1,4.1,4.1,1229,2021-08-17 14:30:00,CGRN
4.1003,4.1003,4.1003,4.1003,1099,2021-08-17 14:31:00,CGRN
4.1,4.14,4.1,4.14,1376,2021-08-17 14:34:00,CGRN
4.135,4.135,4.1,4.1,200,2021-08-17 14:37:00,CGRN
4.1,4.1,4.1,4.1,100,2021-08-17 14:51:00,CGRN
4.09,4.1,4.08,4.1,400,2021-08-17 15:00:00,CGRN
4.08,4.095,4.08,4.095,498,2021-08-17 15:05:00,CGRN
4.095,4.095,4.095,4.095,1000,2021-08-17 15:08:00,CGRN
4.08,4.08,4.07,4.07,364,2021-08-17 15:16:00,CGRN
4.055,4.055,4.055,4.055,900,2021-08-17 15:23:00,CGRN
4.0451,4.055,4.0451,4.055,2100,2021-08-17 15:24:00,CGRN
4.0201,4.0201,4.0201,4.0201,150,2021-08-17 15:27:00,CGRN
4.05,4.06,4.05,4.05,900,2021-08-17 15:36:00,CGRN
4.07,4.07,4.07,4.07,100,2021-08-17 15:37:00,CGRN
4.05,4.08,4.05,4.08,3300,2021-08-17 15:39:00,CGRN
4.07,4.07,4.07,4.07,1000,2021-08-17 15:40:00,CGRN
4.07,4.07,4.07,4.07,100,2021-08-17 15:41:00,CGRN
4.05,4.075,4.05,4.075,700,2021-08-17 15:42:00,CGRN
4.07,4.07,4.07,4.07,100,2021-08-17 15:51:00,CGRN
4.08,4.08,4.08,4.08,361,2021-08-17 16:02:00,CGRN
4.05,4.05,4.02,4.02,1390,2021-08-17 16:05:00,CGRN
4.01,4.01,3.99,3.99,6940,2021-08-17 16:21:00,CGRN
4.0,4.015,4.0,4.015,300,2021-08-17 16:22:00,CGRN
4.01,4.01,4.01,4.01,210,2021-08-17 16:29:00,CGRN
4.015,4.015,3.98,3.98,1247,2021-08-17 16:30:00,CGRN
3.98,3.9922,3.9201,3.9201,10074,2021-08-17 16:32:00,CGRN
3.97,3.99,3.93,3.99,8080,2021-08-17 16:33:00,CGRN
3.9201,3.98,3.9201,3.98,8000,2021-08-17 16:34:00,CGRN
3.9101,3.98,3.9101,3.95,7892,2021-08-17 16:35:00,CGRN
3.9545,3.97,3.9201,3.9201,1700,2021-08-17 16:36:00,CGRN
3.9414,3.95,3.9414,3.95,3100,2021-08-17 16:38:00,CGRN
3.93,3.93,3.92,3.92,500,2021-08-17 16:41:00,CGRN
3.9551,3.9551,3.9181,3.9181,1100,2021-08-17 16:46:00,CGRN
3.95,3.97,3.95,3.97,700,2021-08-17 16:47:00,CGRN
3.92,3.92,3.92,3.92,428,2021-08-17 16:52:00,CGRN
3.91,3.91,3.89,3.89,500,2021-08-17 16:55:00,CGRN
3.89,3.897,3.85,3.85,6854,2021-08-17 16:56:00,CGRN
3.87,3.89,3.87,3.87,700,2021-08-17 16:57:00,CGRN
3.87,3.88,3.8,3.8,14135,2021-08-17 16:58:00,CGRN
3.825,3.825,3.825,3.825,100,2021-08-17 16:59:00,CGRN
3.82,3.835,3.82,3.82,807,2021-08-17 17:00:00,CGRN
3.835,3.85,3.835,3.85,900,2021-08-17 17:01:00,CGRN
3.87,3.87,3.87,3.87,200,2021-08-17 17:02:00,CGRN
3.86,3.86,3.86,3.86,100,2021-08-17 17:03:00,CGRN
3.86,3.86,3.86,3.86,300,2021-08-17 17:04:00,CGRN
3.85,3.85,3.85,3.85,1000,2021-08-17 17:05:00,CGRN
3.8753,3.88,3.86,3.88,500,2021-08-17 17:08:00,CGRN
3.9,3.9,3.8985,3.9,642,2021-08-17 17:09:00,CGRN
3.91,3.91,3.91,3.91,300,2021-08-17 17:10:00,CGRN
3.9278,3.9278,3.9278,3.9278,1000,2021-08-17 17:12:00,CGRN
3.96,3.96,3.96,3.96,600,2021-08-17 17:15:00,CGRN
3.94,3.95,3.94,3.95,200,2021-08-17 17:16:00,CGRN
3.935,3.935,3.935,3.935,294,2021-08-17 17:18:00,CGRN
3.935,3.935,3.935,3.935,100,2021-08-17 17:21:00,CGRN
3.9544,3.9544,3.9544,3.9544,200,2021-08-17 17:22:00,CGRN
3.935,3.935,3.9101,3.9101,390,2021-08-17 17:23:00,CGRN
3.945,3.945,3.93,3.93,200,2021-08-17 17:26:00,CGRN
3.96,3.96,3.947,3.947,800,2021-08-17 17:27:00,CGRN
3.945,3.945,3.945,3.945,100,2021-08-17 17:28:00,CGRN
3.93,3.93,3.93,3.93,200,2021-08-17 17:37:00,CGRN
3.87,3.87,3.87,3.87,150,2021-08-17 17:44:00,CGRN
3.88,3.88,3.88,3.88,100,2021-08-17 17:45:00,CGRN
3.9,3.9067,3.87,3.9067,5548,2021-08-17 17:48:00,CGRN
3.89,3.89,3.89,3.89,300,2021-08-17 17:52:00,CGRN
3.88,3.89,3.88,3.88,473,2021-08-17 17:54:00,CGRN
3.88,3.88,3.87,3.87,1927,2021-08-17 17:55:00,CGRN
3.8764,3.88,3.83,3.83,8200,2021-08-17 17:56:00,CGRN
3.86,3.86,3.86,3.86,100,2021-08-17 17:57:00,CGRN
3.865,3.865,3.865,3.865,200,2021-08-17 18:00:00,CGRN
3.87,3.87,3.87,3.87,100,2021-08-17 18:01:00,CGRN
3.89,3.89,3.88,3.89,2850,2021-08-17 18:02:00,CGRN
3.9,3.9,3.9,3.9,100,2021-08-17 18:03:00,CGRN
3.89,3.915,3.89,3.915,1500,2021-08-17 18:04:00,CGRN
3.94,3.94,3.94,3.94,100,2021-08-17 18:12:00,CGRN
3.94,3.94,3.94,3.94,100,2021-08-17 18:15:00,CGRN
3.9287,3.9287,3.9287,3.9287,1000,2021-08-17 18:20:00,CGRN
3.9,3.9,3.9,3.9,500,2021-08-17 18:21:00,CGRN
3.9,3.94,3.9,3.94,4900,2021-08-17 18:22:00,CGRN
3.89,3.89,3.89,3.89,100,2021-08-17 18:23:00,CGRN
3.86,3.895,3.86,3.895,400,2021-08-17 18:27:00,CGRN
3.86,3.895,3.86,3.895,200,2021-08-17 18:32:00,CGRN
3.8601,3.91,3.86,3.86,10373,2021-08-17 18:33:00,CGRN
3.895,3.895,3.81,3.8657,9486,2021-08-17 18:34:00,CGRN
3.8699,3.8699,3.8699,3.8699,100,2021-08-17 18:38:00,CGRN
3.84,3.84,3.84,3.84,100,2021-08-17 18:42:00,CGRN
3.84,3.86,3.84,3.86,300,2021-08-17 18:43:00,CGRN
3.845,3.87,3.845,3.845,600,2021-08-17 18:45:00,CGRN
3.845,3.9,3.845,3.9,900,2021-08-17 18:46:00,CGRN
3.83,3.88,3.83,3.88,300,2021-08-17 18:47:00,CGRN
3.81,3.81,3.81,3.81,200,2021-08-17 18:51:00,CGRN
3.875,3.875,3.875,3.875,200,2021-08-17 18:52:00,CGRN
3.875,3.875,3.875,3.875,200,2021-08-17 18:54:00,CGRN
3.8895,3.89,3.875,3.875,3664,2021-08-17 18:55:00,CGRN
3.875,3.875,3.8676,3.875,2950,2021-08-17 18:56:00,CGRN
3.85,3.87,3.8,3.85,5000,2021-08-17 18:57:00,CGRN
3.85,3.85,3.85,3.85,5000,2021-08-17 18:58:00,CGRN
3.8899,3.8899,3.8899,3.8899,500,2021-08-17 19:05:00,CGRN
3.89,3.89,3.89,3.89,999,2021-08-17 19:06:00,CGRN
3.855,3.855,3.855,3.855,400,2021-08-17 19:07:00,CGRN
3.855,3.855,3.85,3.85,600,2021-08-17 19:08:00,CGRN
3.88,3.89,3.88,3.89,400,2021-08-17 19:09:00,CGRN
3.87,3.87,3.87,3.87,100,2021-08-17 19:10:00,CGRN
3.875,3.875,3.875,3.875,200,2021-08-17 19:12:00,CGRN
3.86,3.86,3.85,3.85,300,2021-08-17 19:14:00,CGRN
3.84,3.84,3.84,3.84,100,2021-08-17 19:16:00,CGRN
3.885,3.885,3.885,3.885,100,2021-08-17 19:18:00,CGRN
3.84,3.9128,3.84,3.9128,900,2021-08-17 19:19:00,CGRN
3.93,3.93,3.93,3.93,1300,2021-08-17 19:23:00,CGRN
3.9,3.9,3.9,3.9,500,2021-08-17 19:24:00,CGRN
3.865,3.865,3.84,3.84,200,2021-08-17 19:26:00,CGRN
3.865,3.865,3.84,3.855,1900,2021-08-17 19:28:00,CGRN
3.8799,3.8799,3.8799,3.8799,200,2021-08-17 19:31:00,CGRN
3.86,3.86,3.86,3.86,100,2021-08-17 19:39:00,CGRN
3.8799,3.8799,3.86,3.86,1400,2021-08-17 19:40:00,CGRN
3.84,3.8559,3.84,3.8559,1150,2021-08-17 19:41:00,CGRN
3.845,3.86,3.83,3.86,599,2021-08-17 19:42:00,CGRN
3.87,3.88,3.87,3.88,319,2021-08-17 19:45:00,CGRN
3.85,3.86,3.85,3.86,200,2021-08-17 19:46:00,CGRN
3.85,3.85,3.83,3.83,1296,2021-08-17 19:49:00,CGRN
3.82,3.84,3.81,3.83,9542,2021-08-17 19:50:00,CGRN
3.83,3.84,3.8,3.8,8935,2021-08-17 19:51:00,CGRN
3.825,3.825,3.825,3.825,300,2021-08-17 19:52:00,CGRN
3.825,3.825,3.8,3.815,8386,2021-08-17 19:53:00,CGRN
3.82,3.83,3.8001,3.8001,8785,2021-08-17 19:54:00,CGRN
3.815,3.82,3.815,3.82,418,2021-08-17 19:55:00,CGRN
3.8204,3.83,3.81,3.82,1741,2021-08-17 19:57:00,CGRN
3.83,3.83,3.82,3.82,463,2021-08-17 19:58:00,CGRN
3.82,3.825,3.8,3.825,1420,2021-08-17 19:59:00,CGRN
3.81,3.81,3.81,3.81,663,2021-08-17 20:00:00,CGRN
3.95,3.95,3.95,3.95,100,2021-08-18 12:39:00,CGRN
3.85,3.85,3.85,3.85,5111,2021-08-18 13:30:00,CGRN
3.9199,3.92,3.9,3.91,450,2021-08-18 13:31:00,CGRN
3.885,3.885,3.885,3.885,449,2021-08-18 13:32:00,CGRN
3.88,3.96,3.88,3.96,1828,2021-08-18 13:36:00,CGRN
3.98,3.98,3.98,3.98,100,2021-08-18 13:37:00,CGRN
4.0966,4.0966,4.0966,4.0966,750,2021-08-18 13:38:00,CGRN
3.96,3.96,3.96,3.96,200,2021-08-18 13:41:00,CGRN
3.97,3.97,3.96,3.96,700,2021-08-18 13:42:00,CGRN
3.91,3.91,3.91,3.91,2500,2021-08-18 13:45:00,CGRN
3.92,3.92,3.92,3.92,100,2021-08-18 13:46:00,CGRN
3.92,3.92,3.91,3.91,200,2021-08-18 13:47:00,CGRN
3.915,3.915,3.915,3.915,100,2021-08-18 13:48:00,CGRN
4.05,4.05,4.05,4.05,300,2021-08-18 13:49:00,CGRN
3.92,3.92,3.92,3.92,100,2021-08-18 13:51:00,CGRN
3.9705,3.9705,3.9705,3.9705,100,2021-08-18 14:24:00,CGRN
3.94,3.94,3.94,3.94,100,2021-08-18 14:25:00,CGRN
3.9401,3.9401,3.9401,3.9401,100,2021-08-18 14:36:00,CGRN
4.01,4.09,4.01,4.09,4740,2021-08-18 14:39:00,CGRN
4.1,4.1,4.1,4.1,100,2021-08-18 14:41:00,CGRN
4.1,4.1,4.1,4.1,100,2021-08-18 14:42:00,CGRN
4.08,4.1,4.02,4.09,3409,2021-08-18 14:50:00,CGRN
4.1,4.1,4.1,4.1,300,2021-08-18 14:51:00,CGRN
4.07,4.07,4.07,4.07,100,2021-08-18 14:52:00,CGRN
4.0858,4.0858,4.0858,4.0858,1000,2021-08-18 14:58:00,CGRN
4.099,4.099,4.099,4.099,100,2021-08-18 14:59:00,CGRN
4.1,4.1,4.1,4.1,997,2021-08-18 15:02:00,CGRN
4.1616,4.1616,4.16,4.16,700,2021-08-18 15:04:00,CGRN
4.16,4.2,4.16,4.2,1700,2021-08-18 15:09:00,CGRN
4.18,4.18,4.18,4.18,1400,2021-08-18 15:13:00,CGRN
4.19,4.19,4.17,4.17,631,2021-08-18 15:16:00,CGRN
4.16,4.21,4.16,4.21,1100,2021-08-18 15:20:00,CGRN
4.174,4.174,4.174,4.174,465,2021-08-18 15:26:00,CGRN
4.185,4.185,4.07,4.1514,4110,2021-08-18 15:29:00,CGRN
4.09,4.0973,4.09,4.0973,2000,2021-08-18 15:30:00,CGRN
4.2,4.21,4.13,4.13,1200,2021-08-18 15:39:00,CGRN
4.14,4.2,4.14,4.15,300,2021-08-18 15:43:00,CGRN
4.1701,4.18,4.14,4.1704,3200,2021-08-18 15:49:00,CGRN
4.13,4.13,4.0801,4.0801,1119,2021-08-18 15:50:00,CGRN
4.11,4.11,4.11,4.11,100,2021-08-18 15:52:00,CGRN
4.11,4.11,4.11,4.11,100,2021-08-18 15:55:00,CGRN
4.1059,4.18,4.1059,4.18,974,2021-08-18 15:56:00,CGRN
4.18,4.18,4.18,4.18,100,2021-08-18 15:58:00,CGRN
4.155,4.18,4.155,4.18,2238,2021-08-18 16:14:00,CGRN
4.13,4.13,4.12,4.12,200,2021-08-18 16:22:00,CGRN
4.1201,4.17,4.12,4.17,4096,2021-08-18 16:24:00,CGRN
4.11,4.17,4.06,4.17,1790,2021-08-18 16:28:00,CGRN
4.06,4.1518,4.06,4.1518,400,2021-08-18 16:31:00,CGRN
4.14,4.14,4.14,4.14,400,2021-08-18 16:54:00,CGRN
4.1499,4.1499,4.1499,4.1499,6000,2021-08-18 16:59:00,CGRN
4.0844,4.0844,4.0844,4.0844,1000,2021-08-18 17:11:00,CGRN
4.09,4.09,4.0801,4.0801,614,2021-08-18 17:12:00,CGRN
4.14,4.14,4.14,4.14,300,2021-08-18 17:14:00,CGRN
4.15,4.18,4.15,4.18,1124,2021-08-18 17:24:00,CGRN
4.18,4.18,4.18,4.18,406,2021-08-18 17:25:00,CGRN
4.1799,4.18,4.1799,4.18,1443,2021-08-18 17:26:00,CGRN
4.18,4.18,4.18,4.18,476,2021-08-18 17:27:00,CGRN
4.17,4.17,4.17,4.17,403,2021-08-18 17:40:00,CGRN
4.15,4.15,4.15,4.15,100,2021-08-18 17:45:00,CGRN
4.18,4.19,4.16,4.18,6512,2021-08-18 17:54:00,CGRN
4.2,4.2,4.2,4.2,2100,2021-08-18 17:59:00,CGRN
4.18,4.18,4.18,4.18,300,2021-08-18 18:00:00,CGRN
4.1701,4.2,4.1701,4.2,400,2021-08-18 18:02:00,CGRN
4.21,4.21,4.21,4.21,100,2021-08-18 18:06:00,CGRN
4.19,4.19,4.18,4.18,306,2021-08-18 18:13:00,CGRN
4.2099,4.2099,4.2099,4.2099,1000,2021-08-18 18:21:00,CGRN
4.2099,4.2099,4.185,4.185,415,2021-08-18 18:24:00,CGRN
4.23,4.23,4.23,4.23,100,2021-08-18 18:26:00,CGRN
4.25,4.31,4.24,4.3,5647,2021-08-18 18:34:00,CGRN
4.31,4.31,4.31,4.31,100,2021-08-18 18:35:00,CGRN
4.3104,4.3104,4.26,4.2601,5050,2021-08-18 18:36:00,CGRN
4.29,4.29,4.29,4.29,150,2021-08-18 18:39:00,CGRN
4.29,4.29,4.29,4.29,149,2021-08-18 18:47:00,CGRN
4.2635,4.2684,4.2635,4.2684,200,2021-08-18 18:51:00,CGRN
4.2817,4.2817,4.2817,4.2817,100,2021-08-18 19:00:00,CGRN
4.25,4.25,4.25,4.25,200,2021-08-18 19:02:00,CGRN
4.265,4.265,4.265,4.265,100,2021-08-18 19:05:00,CGRN
4.275,4.275,4.275,4.275,300,2021-08-18 19:10:00,CGRN
4.25,4.25,4.25,4.25,100,2021-08-18 19:17:00,CGRN
4.2587,4.2587,4.2587,4.2587,100,2021-08-18 19:25:00,CGRN
4.23,4.23,4.23,4.23,500,2021-08-18 19:26:00,CGRN
4.23,4.23,4.23,4.23,200,2021-08-18 19:28:00,CGRN
4.2,4.2,4.1404,4.1404,2875,2021-08-18 19:32:00,CGRN
4.155,4.155,4.155,4.155,300,2021-08-18 19:33:00,CGRN
4.13,4.14,4.13,4.14,600,2021-08-18 19:37:00,CGRN
4.16,4.16,4.16,4.16,1100,2021-08-18 19:40:00,CGRN
4.16,4.16,4.11,4.11,3446,2021-08-18 19:41:00,CGRN
4.11,4.11,4.095,4.11,500,2021-08-18 19:44:00,CGRN
4.11,4.11,4.095,4.11,300,2021-08-18 19:45:00,CGRN
4.11,4.11,4.11,4.11,100,2021-08-18 19:46:00,CGRN
4.1,4.1,4.1,4.1,100,2021-08-18 19:47:00,CGRN
4.11,4.11,4.1,4.1,500,2021-08-18 19:50:00,CGRN
4.125,4.125,4.125,4.125,100,2021-08-18 19:51:00,CGRN
4.1101,4.1101,4.11,4.11,592,2021-08-18 19:52:00,CGRN
4.1101,4.1101,4.1101,4.1101,200,2021-08-18 19:53:00,CGRN
4.11,4.11,4.1,4.1,551,2021-08-18 19:58:00,CGRN
4.12,4.12,4.12,4.12,400,2021-08-18 19:59:00,CGRN
4.13,4.13,4.13,4.13,4600,2021-08-18 20:00:00,CGRN
4.13,4.13,4.13,4.13,150,2021-08-18 20:30:00,CGRN
4.22,4.25,4.2,4.2,2500,2021-08-18 20:31:00,CGRN
4.2,4.2,4.2,4.2,200,2021-08-18 20:34:00,CGRN
4.1999,4.1999,4.1999,4.1999,500,2021-08-18 20:59:00,CGRN
4.12,4.12,4.12,4.12,200,2021-08-19 12:19:00,CGRN
4.13,4.13,4.09,4.09,1953,2021-08-19 13:30:00,CGRN
4.0513,4.0513,4.0513,4.0513,150,2021-08-19 13:35:00,CGRN
4.085,4.085,4.085,4.085,1500,2021-08-19 13:43:00,CGRN
4.13,4.13,4.09,4.09,860,2021-08-19 13:45:00,CGRN
4.1,4.1,4.1,4.1,100,2021-08-19 13:57:00,CGRN
4.09,4.09,4.09,4.09,100,2021-08-19 13:59:00,CGRN
4.0198,4.0198,4.0198,4.0198,100,2021-08-19 14:00:00,CGRN
4.1099,4.1099,4.1099,4.1099,2000,2021-08-19 14:02:00,CGRN
4.14,4.14,4.14,4.14,100,2021-08-19 14:03:00,CGRN
4.08,4.08,4.08,4.08,100,2021-08-19 14:08:00,CGRN
4.14,4.14,4.14,4.14,200,2021-08-19 14:18:00,CGRN
4.14,4.14,4.14,4.14,1338,2021-08-19 14:20:00,CGRN
4.1,4.1,4.1,4.1,100,2021-08-19 14:21:00,CGRN
4.17,4.19,4.17,4.19,200,2021-08-19 14:50:00,CGRN
4.1543,4.1543,4.1543,4.1543,465,2021-08-19 14:51:00,CGRN
4.11,4.11,4.11,4.11,100,2021-08-19 14:57:00,CGRN
4.11,4.11,4.1,4.1,800,2021-08-19 15:07:00,CGRN
4.1,4.12,4.09,4.12,1459,2021-08-19 15:08:00,CGRN
4.09,4.09,4.04,4.08,1200,2021-08-19 15:19:00,CGRN
4.07,4.07,4.07,4.07,100,2021-08-19 15:22:00,CGRN
4.05,4.06,4.05,4.06,600,2021-08-19 15:27:00,CGRN
4.07,4.07,4.045,4.045,200,2021-08-19 15:28:00,CGRN
4.06,4.06,4.06,4.06,100,2021-08-19 15:29:00,CGRN
4.02,4.02,4.02,4.02,5500,2021-08-19 15:37:00,CGRN
4.02,4.02,4.02,4.02,100,2021-08-19 15:38:00,CGRN
4.02,4.02,4.02,4.02,495,2021-08-19 15:39:00,CGRN
4.04,4.04,4.04,4.04,100,2021-08-19 15:40:00,CGRN
4.01,4.01,4.01,4.01,100,2021-08-19 15:43:00,CGRN
4.07,4.11,4.07,4.1,2600,2021-08-19 15:49:00,CGRN
4.1,4.1,4.065,4.065,200,2021-08-19 15:50:00,CGRN
4.03,4.06,4.03,4.06,400,2021-08-19 16:07:00,CGRN
4.07,4.07,4.07,4.07,100,2021-08-19 16:09:00,CGRN
4.03,4.03,4.03,4.03,175,2021-08-19 16:10:00,CGRN
4.03,4.03,4.01,4.01,1207,2021-08-19 16:16:00,CGRN
4.03,4.06,4.03,4.06,2346,2021-08-19 16:22:00,CGRN
4.09,4.09,4.09,4.09,125,2021-08-19 16:28:00,CGRN
4.05,4.05,4.05,4.05,200,2021-08-19 16:44:00,CGRN
4.08,4.08,4.08,4.08,200,2021-08-19 16:47:00,CGRN
4.05,4.05,4.05,4.05,100,2021-08-19 16:51:00,CGRN
4.05,4.05,4.05,4.05,100,2021-08-19 17:01:00,CGRN
4.05,4.05,4.05,4.05,500,2021-08-19 17:08:00,CGRN
4.07,4.07,4.07,4.07,100,2021-08-19 17:11:00,CGRN
4.0501,4.08,4.0501,4.08,1385,2021-08-19 17:12:00,CGRN
4.05,4.05,4.05,4.05,100,2021-08-19 17:15:00,CGRN
4.08,4.08,4.08,4.08,200,2021-08-19 17:16:00,CGRN
4.064,4.064,4.064,4.064,100,2021-08-19 17:19:00,CGRN
4.05,4.06,4.05,4.06,659,2021-08-19 17:25:00,CGRN
4.05,4.05,4.05,4.05,200,2021-08-19 17:33:00,CGRN
4.06,4.06,4.06,4.06,100,2021-08-19 17:42:00,CGRN
4.0761,4.0761,4.0761,4.0761,400,2021-08-19 17:50:00,CGRN
4.07,4.07,4.07,4.07,400,2021-08-19 17:53:00,CGRN
4.0501,4.0501,4.0501,4.0501,1447,2021-08-19 17:54:00,CGRN
4.11,4.11,4.11,4.11,850,2021-08-19 17:58:00,CGRN
4.08,4.08,4.05,4.08,1298,2021-08-19 18:02:00,CGRN
4.08,4.08,4.0463,4.0463,569,2021-08-19 18:03:00,CGRN
4.05,4.05,4.03,4.03,432,2021-08-19 18:04:00,CGRN
4.03,4.03,4.03,4.03,100,2021-08-19 18:05:00,CGRN
4.03,4.03,4.03,4.03,100,2021-08-19 18:06:00,CGRN
4.02,4.02,4.02,4.02,100,2021-08-19 18:10:00,CGRN
4.0197,4.0197,4.0197,4.0197,100,2021-08-19 18:11:00,CGRN
4.01,4.01,4.01,4.01,100,2021-08-19 18:20:00,CGRN
4.02,4.02,4.02,4.02,130,2021-08-19 18:22:00,CGRN
4.04,4.04,4.04,4.04,100,2021-08-19 18:23:00,CGRN
4.02,4.02,4.02,4.02,100,2021-08-19 18:29:00,CGRN
4.0,4.0,3.99,3.99,2734,2021-08-19 18:31:00,CGRN
4.0,4.0,3.975,3.975,325,2021-08-19 18:34:00,CGRN
4.02,4.02,4.02,4.02,125,2021-08-19 18:35:00,CGRN
3.9867,3.9867,3.9601,3.9601,700,2021-08-19 18:38:00,CGRN
3.96,3.96,3.96,3.96,500,2021-08-19 18:40:00,CGRN
4.0,4.0,4.0,4.0,100,2021-08-19 18:41:00,CGRN
4.02,4.02,4.02,4.02,100,2021-08-19 18:46:00,CGRN
3.975,3.975,3.975,3.975,100,2021-08-19 18:51:00,CGRN
3.97,3.97,3.97,3.97,100,2021-08-19 18:53:00,CGRN
3.97,3.99,3.97,3.97,5411,2021-08-19 18:55:00,CGRN
3.95,3.95,3.95,3.95,100,2021-08-19 18:56:00,CGRN
3.97,3.97,3.97,3.97,200,2021-08-19 19:00:00,CGRN
3.99,3.99,3.99,3.99,200,2021-08-19 19:03:00,CGRN
3.98,3.98,3.98,3.98,100,2021-08-19 19:12:00,CGRN
4.02,4.02,4.02,4.02,100,2021-08-19 19:15:00,CGRN
3.98,3.98,3.98,3.98,100,2021-08-19 19:17:00,CGRN
3.99,3.99,3.99,3.99,200,2021-08-19 19:31:00,CGRN
3.97,3.97,3.97,3.97,500,2021-08-19 19:40:00,CGRN
3.96,3.96,3.96,3.96,200,2021-08-19 19:41:00,CGRN
3.945,3.945,3.945,3.945,100,2021-08-19 19:42:00,CGRN
3.94,3.95,3.94,3.95,500,2021-08-19 19:43:00,CGRN
3.9656,3.9656,3.9656,3.9656,100,2021-08-19 19:46:00,CGRN
3.96,3.96,3.95,3.95,600,2021-08-19 19:47:00,CGRN
3.945,3.96,3.945,3.955,600,2021-08-19 19:50:00,CGRN
3.945,3.945,3.945,3.945,100,2021-08-19 19:56:00,CGRN
3.9362,3.94,3.9362,3.94,300,2021-08-19 19:59:00,CGRN
3.93,3.93,3.93,3.93,958,2021-08-19 20:00:00,CGRN
3.88,3.99,3.88,3.99,1882,2021-08-20 13:30:00,CGRN
3.9401,3.9401,3.9401,3.9401,250,2021-08-20 13:36:00,CGRN
3.99,4.0,3.9865,4.0,482,2021-08-20 13:37:00,CGRN
4.0,4.05,4.0,4.05,1044,2021-08-20 13:48:00,CGRN
4.06,4.06,4.06,4.06,100,2021-08-20 14:01:00,CGRN
4.0496,4.0496,4.0496,4.0496,100,2021-08-20 14:03:00,CGRN
4.0014,4.0014,4.0014,4.0014,100,2021-08-20 14:05:00,CGRN
3.99,3.99,3.98,3.98,1200,2021-08-20 14:07:00,CGRN
4.04,4.04,4.04,4.04,100,2021-08-20 14:08:00,CGRN
4.06,4.06,4.06,4.06,100,2021-08-20 14:14:00,CGRN
4.07,4.07,4.06,4.06,224,2021-08-20 14:17:00,CGRN
4.07,4.07,4.07,4.07,100,2021-08-20 14:20:00,CGRN
4.06,4.06,4.06,4.06,100,2021-08-20 14:21:00,CGRN
4.07,4.07,4.07,4.07,100,2021-08-20 14:28:00,CGRN
4.05,4.05,4.05,4.05,1514,2021-08-20 14:30:00,CGRN
4.02,4.02,4.02,4.02,100,2021-08-20 14:31:00,CGRN
4.03,4.04,4.03,4.04,200,2021-08-20 14:36:00,CGRN
4.0448,4.0448,4.0448,4.0448,200,2021-08-20 14:38:00,CGRN
4.0154,4.0154,4.0154,4.0154,495,2021-08-20 14:44:00,CGRN
4.01,4.01,4.01,4.01,100,2021-08-20 14:45:00,CGRN
4.0361,4.0361,4.0361,4.0361,150,2021-08-20 14:46:00,CGRN
4.04,4.1,4.04,4.055,1661,2021-08-20 14:48:00,CGRN
4.065,4.065,4.065,4.065,200,2021-08-20 14:52:00,CGRN
4.1021,4.1021,4.1021,4.1021,500,2021-08-20 14:55:00,CGRN
4.13,4.13,4.13,4.13,100,2021-08-20 14:58:00,CGRN
4.025,4.025,4.025,4.025,119,2021-08-20 15:00:00,CGRN
4.09,4.09,4.09,4.09,200,2021-08-20 15:04:00,CGRN
4.13,4.13,4.13,4.13,100,2021-08-20 15:05:00,CGRN
4.1311,4.1311,4.1311,4.1311,298,2021-08-20 15:07:00,CGRN
4.0413,4.0413,4.0413,4.0413,100,2021-08-20 15:09:00,CGRN
4.14,4.14,4.14,4.14,100,2021-08-20 15:13:00,CGRN
4.039,4.039,4.039,4.039,225,2021-08-20 15:14:00,CGRN
4.13,4.14,4.09,4.09,407,2021-08-20 15:20:00,CGRN
4.115,4.115,4.115,4.115,495,2021-08-20 15:22:00,CGRN
4.16,4.16,4.16,4.16,200,2021-08-20 15:24:00,CGRN
4.15,4.15,4.15,4.15,100,2021-08-20 15:27:00,CGRN
4.16,4.16,4.15,4.16,300,2021-08-20 15:36:00,CGRN
4.1,4.1,4.08,4.1,1026,2021-08-20 15:37:00,CGRN
4.08,4.08,4.08,4.08,500,2021-08-20 15:39:00,CGRN
4.14,4.14,4.14,4.14,100,2021-08-20 15:45:00,CGRN
4.13,4.13,4.13,4.13,100,2021-08-20 15:47:00,CGRN
4.08,4.08,4.08,4.08,100,2021-08-20 15:49:00,CGRN
4.1,4.1,4.1,4.1,100,2021-08-20 15:54:00,CGRN
4.1,4.1,4.1,4.1,300,2021-08-20 15:59:00,CGRN
4.1,4.1,4.1,4.1,100,2021-08-20 16:03:00,CGRN
4.0981,4.0981,4.0981,4.0981,659,2021-08-20 16:08:00,CGRN
4.1,4.1,4.1,4.1,300,2021-08-20 16:09:00,CGRN
4.135,4.14,4.135,4.14,377,2021-08-20 16:10:00,CGRN
4.13,4.13,4.13,4.13,400,2021-08-20 16:11:00,CGRN
4.1208,4.1208,4.1208,4.1208,2000,2021-08-20 16:13:00,CGRN
4.1032,4.1032,4.1032,4.1032,2000,2021-08-20 16:17:00,CGRN
4.09,4.09,4.09,4.09,188,2021-08-20 16:18:00,CGRN
4.09,4.09,4.09,4.09,6908,2021-08-20 16:20:00,CGRN
4.08,4.14,4.08,4.14,200,2021-08-20 16:28:00,CGRN
4.0959,4.0959,4.0959,4.0959,1000,2021-08-20 16:33:00,CGRN
4.14,4.14,4.14,4.14,100,2021-08-20 16:45:00,CGRN
4.14,4.14,4.08,4.11,1551,2021-08-20 16:52:00,CGRN
4.14,4.18,4.14,4.155,2018,2021-08-20 16:57:00,CGRN
4.17,4.19,4.17,4.19,1248,2021-08-20 17:01:00,CGRN
4.21,4.21,4.21,4.21,100,2021-08-20 17:02:00,CGRN
4.21,4.21,4.21,4.21,230,2021-08-20 17:05:00,CGRN
4.2199,4.2199,4.205,4.205,500,2021-08-20 17:07:00,CGRN
4.191,4.205,4.191,4.205,600,2021-08-20 17:08:00,CGRN
4.19,4.1901,4.18,4.18,11792,2021-08-20 17:09:00,CGRN
4.1459,4.1459,4.1459,4.1459,358,2021-08-20 17:10:00,CGRN
4.16,4.16,4.16,4.16,100,2021-08-20 17:24:00,CGRN
4.16,4.16,4.16,4.16,100,2021-08-20 17:25:00,CGRN
4.16,4.16,4.16,4.16,100,2021-08-20 17:26:00,CGRN
4.13,4.13,4.13,4.13,100,2021-08-20 17:38:00,CGRN
4.13,4.13,4.13,4.13,300,2021-08-20 17:41:00,CGRN
4.1201,4.14,4.1201,4.14,350,2021-08-20 17:48:00,CGRN
4.15,4.16,4.14,4.14,400,2021-08-20 17:50:00,CGRN
4.14,4.14,4.14,4.14,200,2021-08-20 17:52:00,CGRN
4.17,4.17,4.17,4.17,5000,2021-08-20 18:00:00,CGRN
4.145,4.145,4.12,4.12,3953,2021-08-20 18:02:00,CGRN
4.1,4.1,4.09,4.09,300,2021-08-20 18:08:00,CGRN
4.135,4.135,4.135,4.135,100,2021-08-20 18:20:00,CGRN
4.12,4.12,4.12,4.12,100,2021-08-20 18:33:00,CGRN
4.09,4.09,4.09,4.09,1000,2021-08-20 18:34:00,CGRN
4.13,4.13,4.13,4.13,100,2021-08-20 18:45:00,CGRN
4.13,4.13,4.13,4.13,100,2021-08-20 18:46:00,CGRN
4.13,4.14,4.13,4.13,300,2021-08-20 19:08:00,CGRN
4.159,4.159,4.159,4.159,500,2021-08-20 19:14:00,CGRN
4.16,4.17,4.16,4.17,599,2021-08-20 19:16:00,CGRN
4.165,4.165,4.165,4.165,358,2021-08-20 19:20:00,CGRN
4.19,4.19,4.19,4.19,100,2021-08-20 19:26:00,CGRN
4.1501,4.1501,4.1501,4.1501,1257,2021-08-20 19:27:00,CGRN
4.16,4.16,4.16,4.16,100,2021-08-20 19:34:00,CGRN
4.16,4.16,4.16,4.16,900,2021-08-20 19:37:00,CGRN
4.1684,4.1684,4.15,4.15,1100,2021-08-20 19:41:00,CGRN
4.15,4.16,4.15,4.16,1100,2021-08-20 19:42:00,CGRN
4.165,4.165,4.165,4.165,100,2021-08-20 19:43:00,CGRN
4.165,4.165,4.165,4.165,100,2021-08-20 19:45:00,CGRN
4.1599,4.1599,4.1599,4.1599,500,2021-08-20 19:47:00,CGRN
4.14,4.14,4.14,4.14,100,2021-08-20 19:48:00,CGRN
4.14,4.14,4.14,4.14,200,2021-08-20 19:50:00,CGRN
4.14,4.14,4.14,4.14,100,2021-08-20 19:52:00,CGRN
4.14,4.14,4.14,4.14,100,2021-08-20 19:53:00,CGRN
4.14,4.14,4.14,4.14,100,2021-08-20 19:54:00,CGRN
4.13,4.15,4.13,4.14,500,2021-08-20 19:55:00,CGRN
4.15,4.15,4.15,4.15,100,2021-08-20 19:57:00,CGRN
4.13,4.15,4.13,4.15,600,2021-08-20 19:58:00,CGRN
4.13,4.15,4.13,4.15,1984,2021-08-20 19:59:00,CGRN
4.15,4.15,4.15,4.15,1032,2021-08-20 20:00:00,CGRN
4.03,4.03,4.03,4.03,125,2021-08-20 20:39:00,CGRN
