open,high,low,close,volume,datetime,symbol
10.02,10.02,10.02,10.02,100,2021-05-03 11:01:00,AACQ
10.02,10.08,10.02,10.08,12478,2021-05-03 11:21:00,AACQ
10.08,10.08,10.08,10.08,100,2021-05-03 11:25:00,AACQ
10.09,10.09,10.09,10.09,10000,2021-05-03 11:27:00,AACQ
10.09,10.09,10.09,10.09,50200,2021-05-03 11:44:00,AACQ
10.07,10.07,10.07,10.07,5900,2021-05-03 11:57:00,AACQ
10.07,10.07,10.07,10.07,2000,2021-05-03 12:04:00,AACQ
10.07,10.07,10.07,10.07,1892,2021-05-03 12:31:00,AACQ
10.13,10.13,10.13,10.13,21000,2021-05-03 12:32:00,AACQ
10.16,10.16,10.16,10.16,210,2021-05-03 12:33:00,AACQ
10.13,10.13,10.13,10.13,200,2021-05-03 12:40:00,AACQ
10.13,10.13,10.13,10.13,200,2021-05-03 12:47:00,AACQ
10.13,10.13,10.13,10.13,1683,2021-05-03 12:48:00,AACQ
10.13,10.13,10.13,10.13,996,2021-05-03 12:58:00,AACQ
10.11,10.11,10.11,10.11,100,2021-05-03 13:01:00,AACQ
10.14,10.14,10.14,10.14,984,2021-05-03 13:04:00,AACQ
10.14,10.15,10.14,10.15,5016,2021-05-03 13:05:00,AACQ
10.14,10.15,10.14,10.15,600,2021-05-03 13:08:00,AACQ
10.15,10.15,10.15,10.15,300,2021-05-03 13:18:00,AACQ
10.15,10.15,10.15,10.15,1133,2021-05-03 13:20:00,AACQ
10.15,10.15,10.15,10.15,750,2021-05-03 13:21:00,AACQ
10.11,10.11,10.11,10.11,500,2021-05-03 13:22:00,AACQ
10.15,10.15,10.15,10.15,250,2021-05-03 13:23:00,AACQ
10.12,10.1499,10.12,10.1499,1000,2021-05-03 13:25:00,AACQ
10.15,10.15,10.15,10.15,125,2021-05-03 13:28:00,AACQ
10.11,10.14,10.11,10.14,13832,2021-05-03 13:30:00,AACQ
10.11,10.13,10.1,10.12,12499,2021-05-03 13:31:00,AACQ
10.1278,10.13,10.12,10.12,1500,2021-05-03 13:32:00,AACQ
10.13,10.13,10.13,10.13,3600,2021-05-03 13:33:00,AACQ
10.1288,10.15,10.12,10.135,19779,2021-05-03 13:34:00,AACQ
10.139,10.139,10.135,10.135,2671,2021-05-03 13:35:00,AACQ
10.12,10.12,10.12,10.12,58875,2021-05-03 13:36:00,AACQ
10.12,10.13,10.11,10.125,10494,2021-05-03 13:37:00,AACQ
10.121,10.121,10.1,10.1,8691,2021-05-03 13:38:00,AACQ
10.08,10.08,10.07,10.07,7300,2021-05-03 13:39:00,AACQ
10.07,10.07,10.07,10.07,300,2021-05-03 13:40:00,AACQ
10.06,10.065,10.05,10.06,6347,2021-05-03 13:41:00,AACQ
10.06,10.06,10.06,10.06,100,2021-05-03 13:42:00,AACQ
10.06,10.06,10.0581,10.0581,850,2021-05-03 13:43:00,AACQ
10.0583,10.065,10.055,10.0575,9340,2021-05-03 13:44:00,AACQ
10.065,10.065,10.065,10.065,470,2021-05-03 13:45:00,AACQ
10.0675,10.0675,10.0675,10.0675,200,2021-05-03 13:46:00,AACQ
10.065,10.065,10.065,10.065,100,2021-05-03 13:47:00,AACQ
10.06,10.07,10.06,10.0601,6437,2021-05-03 13:48:00,AACQ
10.065,10.069,10.065,10.069,218,2021-05-03 13:51:00,AACQ
10.0689,10.0689,10.0689,10.0689,100,2021-05-03 13:52:00,AACQ
10.065,10.065,10.06,10.0602,3060,2021-05-03 13:53:00,AACQ
10.0601,10.067,10.06,10.067,5660,2021-05-03 13:55:00,AACQ
10.06,10.065,10.055,10.0601,14603,2021-05-03 13:56:00,AACQ
10.0601,10.065,10.06,10.0602,3964,2021-05-03 13:57:00,AACQ
10.06,10.065,10.06,10.065,600,2021-05-03 13:58:00,AACQ
10.065,10.065,10.06,10.0601,11011,2021-05-03 14:00:00,AACQ
10.06,10.0602,10.06,10.06,10504,2021-05-03 14:01:00,AACQ
10.065,10.065,10.06,10.06,1030,2021-05-03 14:02:00,AACQ
10.06,10.065,10.055,10.065,28292,2021-05-03 14:03:00,AACQ
10.06,10.08,10.06,10.08,2200,2021-05-03 14:05:00,AACQ
10.09,10.09,10.08,10.085,400,2021-05-03 14:06:00,AACQ
10.09,10.09,10.08,10.08,600,2021-05-03 14:07:00,AACQ
10.08,10.08,10.07,10.07,1697,2021-05-03 14:08:00,AACQ
10.0799,10.0799,10.07,10.0798,1000,2021-05-03 14:09:00,AACQ
10.0799,10.09,10.07,10.08,3075,2021-05-03 14:10:00,AACQ
10.089,10.09,10.08,10.085,1533,2021-05-03 14:12:00,AACQ
10.08,10.08,10.08,10.08,100,2021-05-03 14:13:00,AACQ
10.09,10.09,10.08,10.08,300,2021-05-03 14:14:00,AACQ
10.09,10.09,10.08,10.08,1900,2021-05-03 14:15:00,AACQ
10.09,10.09,10.08,10.08,400,2021-05-03 14:16:00,AACQ
10.08,10.08,10.08,10.08,1400,2021-05-03 14:17:00,AACQ
10.075,10.08,10.07,10.07,725,2021-05-03 14:18:00,AACQ
10.08,10.09,10.08,10.09,11437,2021-05-03 14:19:00,AACQ
10.08,10.08,10.08,10.08,300,2021-05-03 14:20:00,AACQ
10.08,10.08,10.08,10.08,200,2021-05-03 14:21:00,AACQ
10.085,10.085,10.085,10.085,160,2021-05-03 14:23:00,AACQ
10.085,10.09,10.085,10.09,4125,2021-05-03 14:24:00,AACQ
10.1,10.1,10.09,10.0948,1744,2021-05-03 14:25:00,AACQ
10.1,10.1,10.09,10.09,4100,2021-05-03 14:26:00,AACQ
10.09,10.1,10.09,10.09,700,2021-05-03 14:27:00,AACQ
10.09,10.09,10.09,10.09,300,2021-05-03 14:29:00,AACQ
10.0987,10.0987,10.0987,10.0987,150,2021-05-03 14:30:00,AACQ
10.1,10.1,10.095,10.095,3100,2021-05-03 14:32:00,AACQ
10.09,10.09,10.09,10.09,300,2021-05-03 14:34:00,AACQ
10.09,10.1,10.09,10.09,1900,2021-05-03 14:35:00,AACQ
10.1,10.1,10.08,10.085,8403,2021-05-03 14:36:00,AACQ
10.08,10.08,10.08,10.08,300,2021-05-03 14:37:00,AACQ
10.08,10.08,10.08,10.08,300,2021-05-03 14:38:00,AACQ
10.08,10.08,10.08,10.08,300,2021-05-03 14:39:00,AACQ
10.08,10.08,10.07,10.07,526,2021-05-03 14:40:00,AACQ
10.08,10.08,10.07,10.07,1100,2021-05-03 14:41:00,AACQ
10.07,10.07,10.07,10.07,100,2021-05-03 14:42:00,AACQ
10.07,10.078,10.07,10.0708,2500,2021-05-03 14:43:00,AACQ
10.07,10.07,10.07,10.07,200,2021-05-03 14:44:00,AACQ
10.07,10.07,10.06,10.06,4671,2021-05-03 14:45:00,AACQ
10.0686,10.07,10.06,10.06,3500,2021-05-03 14:46:00,AACQ
10.065,10.065,10.06,10.06,200,2021-05-03 14:47:00,AACQ
10.06,10.06,10.06,10.06,100,2021-05-03 14:49:00,AACQ
10.06,10.06,10.06,10.06,1000,2021-05-03 14:50:00,AACQ
10.06,10.06,10.06,10.06,200,2021-05-03 14:51:00,AACQ
10.06,10.06,10.06,10.06,400,2021-05-03 14:52:00,AACQ
10.06,10.06,10.06,10.06,300,2021-05-03 14:53:00,AACQ
10.06,10.07,10.06,10.07,650,2021-05-03 14:54:00,AACQ
10.06,10.06,10.06,10.06,900,2021-05-03 14:55:00,AACQ
10.06,10.06,10.06,10.06,400,2021-05-03 14:56:00,AACQ
10.0699,10.0699,10.06,10.06,1262,2021-05-03 14:57:00,AACQ
10.06,10.06,10.06,10.06,938,2021-05-03 14:58:00,AACQ
10.06,10.06,10.06,10.06,400,2021-05-03 14:59:00,AACQ
10.06,10.06,10.06,10.06,2935,2021-05-03 15:00:00,AACQ
10.06,10.06,10.06,10.06,1300,2021-05-03 15:01:00,AACQ
10.06,10.0605,10.06,10.06,2250,2021-05-03 15:02:00,AACQ
10.06,10.06,10.06,10.06,400,2021-05-03 15:03:00,AACQ
10.065,10.07,10.06,10.065,1100,2021-05-03 15:04:00,AACQ
10.065,10.065,10.06,10.065,2800,2021-05-03 15:05:00,AACQ
10.065,10.07,10.06,10.06,1200,2021-05-03 15:06:00,AACQ
10.06,10.07,10.06,10.06,1900,2021-05-03 15:07:00,AACQ
10.06,10.06,10.06,10.06,1900,2021-05-03 15:08:00,AACQ
10.06,10.06,10.06,10.06,1300,2021-05-03 15:09:00,AACQ
10.06,10.06,10.06,10.06,300,2021-05-03 15:10:00,AACQ
10.06,10.06,10.05,10.05,5068,2021-05-03 15:11:00,AACQ
10.05,10.05,10.05,10.05,2240,2021-05-03 15:12:00,AACQ
10.04,10.04,10.03,10.035,2570,2021-05-03 15:13:00,AACQ
10.03,10.03,10.03,10.03,100,2021-05-03 15:14:00,AACQ
10.03,10.032,10.03,10.03,1600,2021-05-03 15:15:00,AACQ
10.03,10.035,10.03,10.035,20260,2021-05-03 15:16:00,AACQ
10.03,10.0399,10.03,10.0399,1045,2021-05-03 15:17:00,AACQ
10.035,10.035,10.035,10.035,100,2021-05-03 15:18:00,AACQ
10.03,10.03,10.03,10.03,100,2021-05-03 15:19:00,AACQ
10.035,10.035,10.03,10.03,200,2021-05-03 15:21:00,AACQ
10.03,10.03,10.03,10.03,600,2021-05-03 15:22:00,AACQ
10.032,10.032,10.03,10.03,200,2021-05-03 15:23:00,AACQ
10.03,10.03,10.03,10.03,100,2021-05-03 15:25:00,AACQ
10.03,10.03,10.03,10.03,100,2021-05-03 15:27:00,AACQ
10.035,10.035,10.035,10.035,100,2021-05-03 15:28:00,AACQ
10.03,10.03,10.03,10.03,100,2021-05-03 15:29:00,AACQ
10.03,10.0305,10.03,10.03,300,2021-05-03 15:30:00,AACQ
10.03,10.03,10.03,10.03,200,2021-05-03 15:31:00,AACQ
10.0317,10.04,10.03,10.04,583,2021-05-03 15:32:00,AACQ
10.035,10.035,10.03,10.03,400,2021-05-03 15:33:00,AACQ
10.03,10.03,10.03,10.03,200,2021-05-03 15:34:00,AACQ
10.03,10.03,10.03,10.03,100,2021-05-03 15:36:00,AACQ
10.04,10.04,10.03,10.03,700,2021-05-03 15:38:00,AACQ
10.035,10.035,10.03,10.03,1100,2021-05-03 15:40:00,AACQ
10.0399,10.04,10.03,10.04,1111,2021-05-03 15:42:00,AACQ
10.0315,10.045,10.0315,10.04,7869,2021-05-03 15:43:00,AACQ
10.04,10.04,10.02,10.025,20856,2021-05-03 15:44:00,AACQ
10.03,10.0341,10.03,10.0341,2980,2021-05-03 15:45:00,AACQ
10.03,10.04,10.03,10.04,696,2021-05-03 15:46:00,AACQ
10.03,10.03,10.025,10.025,684,2021-05-03 15:47:00,AACQ
10.025,10.025,10.025,10.025,100,2021-05-03 15:48:00,AACQ
10.03,10.03,10.03,10.03,100,2021-05-03 15:49:00,AACQ
10.025,10.03,10.025,10.03,740,2021-05-03 15:51:00,AACQ
10.02,10.02,10.02,10.02,161,2021-05-03 15:53:00,AACQ
10.0258,10.0258,10.0258,10.0258,200,2021-05-03 15:56:00,AACQ
10.028,10.028,10.028,10.028,1130,2021-05-03 15:57:00,AACQ
10.03,10.03,10.025,10.025,1330,2021-05-03 15:58:00,AACQ
10.03,10.03,10.03,10.03,660,2021-05-03 15:59:00,AACQ
10.03,10.03,10.025,10.03,9965,2021-05-03 16:00:00,AACQ
10.035,10.06,10.03,10.06,12633,2021-05-03 16:01:00,AACQ
10.055,10.055,10.055,10.055,621,2021-05-03 16:03:00,AACQ
10.055,10.055,10.05,10.05,200,2021-05-03 16:07:00,AACQ
10.05,10.05,10.05,10.05,1100,2021-05-03 16:09:00,AACQ
10.05,10.0501,10.05,10.05,582,2021-05-03 16:10:00,AACQ
10.05,10.05,10.05,10.05,100,2021-05-03 16:11:00,AACQ
10.045,10.05,10.0401,10.0401,1500,2021-05-03 16:14:00,AACQ
10.045,10.045,10.0426,10.0426,300,2021-05-03 16:16:00,AACQ
10.05,10.05,10.045,10.05,300,2021-05-03 16:17:00,AACQ
10.045,10.045,10.045,10.045,100,2021-05-03 16:18:00,AACQ
10.045,10.05,10.04,10.045,1500,2021-05-03 16:19:00,AACQ
10.04,10.04,10.03,10.03,3400,2021-05-03 16:20:00,AACQ
10.04,10.04,10.04,10.04,1000,2021-05-03 16:22:00,AACQ
10.0485,10.05,10.04,10.0493,6665,2021-05-03 16:24:00,AACQ
10.05,10.06,10.05,10.06,4946,2021-05-03 16:25:00,AACQ
10.0699,10.07,10.06,10.07,104683,2021-05-03 16:28:00,AACQ
10.0797,10.0797,10.06,10.06,8605,2021-05-03 16:31:00,AACQ
10.0611,10.0611,10.0611,10.0611,100,2021-05-03 16:32:00,AACQ
10.06,10.06,10.06,10.06,2400,2021-05-03 16:34:00,AACQ
10.065,10.065,10.065,10.065,100,2021-05-03 16:35:00,AACQ
10.06,10.06,10.06,10.06,3592,2021-05-03 16:36:00,AACQ
10.06,10.0677,10.06,10.06,650,2021-05-03 16:37:00,AACQ
10.06,10.0673,10.06,10.06,3900,2021-05-03 16:38:00,AACQ
10.06,10.0699,10.06,10.06,5200,2021-05-03 16:39:00,AACQ
10.06,10.06,10.06,10.06,800,2021-05-03 16:40:00,AACQ
10.06,10.06,10.06,10.06,500,2021-05-03 16:41:00,AACQ
10.06,10.06,10.06,10.06,600,2021-05-03 16:42:00,AACQ
10.06,10.07,10.06,10.06,1477,2021-05-03 16:43:00,AACQ
10.06,10.0611,10.06,10.06,700,2021-05-03 16:44:00,AACQ
10.06,10.06,10.06,10.06,400,2021-05-03 16:45:00,AACQ
10.06,10.069,10.06,10.06,2635,2021-05-03 16:46:00,AACQ
10.06,10.06,10.06,10.06,300,2021-05-03 16:47:00,AACQ
10.06,10.06,10.06,10.06,1218,2021-05-03 16:48:00,AACQ
10.06,10.06,10.06,10.06,300,2021-05-03 16:49:00,AACQ
10.06,10.06,10.06,10.06,500,2021-05-03 16:50:00,AACQ
10.06,10.06,10.06,10.06,1322,2021-05-03 16:51:00,AACQ
10.06,10.06,10.06,10.06,1400,2021-05-03 16:52:00,AACQ
10.06,10.06,10.06,10.06,4725,2021-05-03 16:53:00,AACQ
10.06,10.065,10.06,10.065,723,2021-05-03 16:54:00,AACQ
10.06,10.063,10.06,10.06,400,2021-05-03 16:55:00,AACQ
10.06,10.065,10.06,10.06,4678,2021-05-03 16:56:00,AACQ
10.06,10.06,10.06,10.06,700,2021-05-03 16:57:00,AACQ
10.06,10.06,10.06,10.06,300,2021-05-03 16:58:00,AACQ
10.06,10.065,10.06,10.06,9102,2021-05-03 16:59:00,AACQ
10.065,10.07,10.06,10.06,5150,2021-05-03 17:00:00,AACQ
10.06,10.065,10.06,10.06,570,2021-05-03 17:01:00,AACQ
10.06,10.06,10.06,10.06,1000,2021-05-03 17:02:00,AACQ
10.06,10.06,10.06,10.06,539,2021-05-03 17:03:00,AACQ
10.06,10.06,10.06,10.06,500,2021-05-03 17:04:00,AACQ
10.0611,10.0611,10.06,10.06,360,2021-05-03 17:05:00,AACQ
10.06,10.07,10.06,10.06,1855,2021-05-03 17:06:00,AACQ
10.069,10.069,10.06,10.06,1400,2021-05-03 17:07:00,AACQ
10.06,10.065,10.06,10.06,800,2021-05-03 17:08:00,AACQ
10.06,10.06,10.06,10.06,400,2021-05-03 17:09:00,AACQ
10.06,10.06,10.06,10.06,500,2021-05-03 17:10:00,AACQ
10.06,10.06,10.06,10.06,400,2021-05-03 17:11:00,AACQ
10.06,10.0609,10.06,10.06,900,2021-05-03 17:12:00,AACQ
10.06,10.065,10.06,10.06,750,2021-05-03 17:13:00,AACQ
10.06,10.065,10.06,10.06,2309,2021-05-03 17:14:00,AACQ
10.06,10.06,10.06,10.06,500,2021-05-03 17:15:00,AACQ
10.06,10.065,10.06,10.06,2500,2021-05-03 17:16:00,AACQ
10.065,10.065,10.06,10.065,400,2021-05-03 17:17:00,AACQ
10.065,10.065,10.065,10.065,300,2021-05-03 17:18:00,AACQ
10.065,10.065,10.06,10.065,500,2021-05-03 17:19:00,AACQ
10.065,10.065,10.065,10.065,300,2021-05-03 17:20:00,AACQ
10.065,10.065,10.065,10.065,400,2021-05-03 17:21:00,AACQ
10.06,10.06,10.06,10.06,400,2021-05-03 17:22:00,AACQ
10.06,10.06,10.06,10.06,400,2021-05-03 17:23:00,AACQ
10.06,10.065,10.06,10.065,400,2021-05-03 17:24:00,AACQ
10.06,10.06,10.06,10.06,400,2021-05-03 17:25:00,AACQ
10.06,10.06,10.06,10.06,400,2021-05-03 17:26:00,AACQ
10.06,10.0628,10.06,10.06,1000,2021-05-03 17:27:00,AACQ
10.06,10.065,10.06,10.06,1600,2021-05-03 17:28:00,AACQ
10.06,10.06,10.06,10.06,400,2021-05-03 17:29:00,AACQ
10.06,10.06,10.06,10.06,300,2021-05-03 17:30:00,AACQ
10.06,10.06,10.06,10.06,400,2021-05-03 17:31:00,AACQ
10.06,10.06,10.06,10.06,400,2021-05-03 17:32:00,AACQ
10.06,10.065,10.06,10.065,400,2021-05-03 17:33:00,AACQ
10.06,10.06,10.06,10.06,500,2021-05-03 17:34:00,AACQ
10.06,10.06,10.06,10.06,300,2021-05-03 17:35:00,AACQ
10.06,10.06,10.06,10.06,900,2021-05-03 17:36:00,AACQ
10.06,10.06,10.06,10.06,500,2021-05-03 17:37:00,AACQ
10.06,10.06,10.06,10.06,300,2021-05-03 17:38:00,AACQ
10.06,10.06,10.06,10.06,400,2021-05-03 17:39:00,AACQ
10.06,10.06,10.06,10.06,300,2021-05-03 17:40:00,AACQ
10.06,10.06,10.06,10.06,400,2021-05-03 17:41:00,AACQ
10.06,10.0601,10.06,10.06,400,2021-05-03 17:42:00,AACQ
10.06,10.06,10.06,10.06,500,2021-05-03 17:43:00,AACQ
10.06,10.06,10.06,10.06,720,2021-05-03 17:44:00,AACQ
10.06,10.06,10.06,10.06,800,2021-05-03 17:45:00,AACQ
10.06,10.0615,10.06,10.06,650,2021-05-03 17:46:00,AACQ
10.06,10.06,10.06,10.06,500,2021-05-03 17:47:00,AACQ
10.06,10.065,10.06,10.065,3030,2021-05-03 17:48:00,AACQ
10.06,10.06,10.06,10.06,500,2021-05-03 17:49:00,AACQ
10.06,10.062,10.06,10.06,500,2021-05-03 17:50:00,AACQ
10.06,10.06,10.06,10.06,500,2021-05-03 17:51:00,AACQ
10.06,10.06,10.06,10.06,400,2021-05-03 17:52:00,AACQ
10.06,10.06,10.06,10.06,1566,2021-05-03 17:53:00,AACQ
10.06,10.06,10.06,10.06,700,2021-05-03 17:54:00,AACQ
10.06,10.065,10.06,10.06,2030,2021-05-03 17:55:00,AACQ
10.06,10.06,10.06,10.06,400,2021-05-03 17:56:00,AACQ
10.06,10.06,10.06,10.06,2800,2021-05-03 17:57:00,AACQ
10.06,10.06,10.06,10.06,600,2021-05-03 17:58:00,AACQ
10.06,10.065,10.055,10.06,6900,2021-05-03 17:59:00,AACQ
10.06,10.06,10.06,10.06,300,2021-05-03 18:00:00,AACQ
10.06,10.06,10.06,10.06,1800,2021-05-03 18:01:00,AACQ
10.06,10.07,10.06,10.07,1200,2021-05-03 18:02:00,AACQ
10.06,10.06,10.06,10.06,1283,2021-05-03 18:03:00,AACQ
10.06,10.0673,10.06,10.0673,700,2021-05-03 18:04:00,AACQ
10.06,10.06,10.06,10.06,600,2021-05-03 18:05:00,AACQ
10.06,10.065,10.06,10.06,1600,2021-05-03 18:06:00,AACQ
10.06,10.06,10.06,10.06,800,2021-05-03 18:07:00,AACQ
10.06,10.06,10.06,10.06,200,2021-05-03 18:08:00,AACQ
10.06,10.06,10.06,10.06,1500,2021-05-03 18:09:00,AACQ
10.06,10.0601,10.06,10.0601,600,2021-05-03 18:10:00,AACQ
10.06,10.065,10.06,10.06,2200,2021-05-03 18:11:00,AACQ
10.06,10.065,10.06,10.06,2200,2021-05-03 18:12:00,AACQ
10.06,10.06,10.06,10.06,600,2021-05-03 18:13:00,AACQ
10.06,10.06,10.06,10.06,600,2021-05-03 18:14:00,AACQ
10.06,10.06,10.06,10.06,1700,2021-05-03 18:15:00,AACQ
10.06,10.07,10.055,10.06,15819,2021-05-03 18:16:00,AACQ
10.06,10.065,10.06,10.065,6890,2021-05-03 18:17:00,AACQ
10.06,10.06,10.06,10.06,400,2021-05-03 18:18:00,AACQ
10.06,10.06,10.06,10.06,1500,2021-05-03 18:19:00,AACQ
10.06,10.06,10.06,10.06,400,2021-05-03 18:20:00,AACQ
10.06,10.06,10.06,10.06,1750,2021-05-03 18:21:00,AACQ
10.06,10.06,10.06,10.06,200,2021-05-03 18:22:00,AACQ
10.06,10.06,10.06,10.06,500,2021-05-03 18:23:00,AACQ
10.06,10.06,10.06,10.06,1000,2021-05-03 18:24:00,AACQ
10.06,10.065,10.06,10.065,400,2021-05-03 18:25:00,AACQ
10.06,10.065,10.06,10.06,600,2021-05-03 18:26:00,AACQ
10.06,10.065,10.06,10.065,3200,2021-05-03 18:27:00,AACQ
10.06,10.095,10.06,10.095,42979,2021-05-03 18:28:00,AACQ
10.09,10.1,10.085,10.1,11210,2021-05-03 18:29:00,AACQ
10.1,10.1,10.1,10.1,200,2021-05-03 18:30:00,AACQ
10.0999,10.1,10.0999,10.1,200,2021-05-03 18:31:00,AACQ
10.1,10.1,10.1,10.1,200,2021-05-03 18:32:00,AACQ
10.1,10.1,10.1,10.1,100,2021-05-03 18:33:00,AACQ
10.095,10.095,10.095,10.095,300,2021-05-03 18:36:00,AACQ
10.095,10.095,10.092,10.092,416,2021-05-03 18:37:00,AACQ
10.09,10.09,10.09,10.09,300,2021-05-03 18:38:00,AACQ
10.09,10.09,10.09,10.09,1100,2021-05-03 18:39:00,AACQ
10.09,10.09,10.09,10.09,700,2021-05-03 18:40:00,AACQ
10.09,10.095,10.09,10.09,500,2021-05-03 18:41:00,AACQ
10.09,10.095,10.09,10.09,635,2021-05-03 18:42:00,AACQ
10.09,10.09,10.09,10.09,500,2021-05-03 18:43:00,AACQ
10.09,10.09,10.09,10.09,700,2021-05-03 18:44:00,AACQ
10.09,10.09,10.09,10.09,800,2021-05-03 18:45:00,AACQ
10.09,10.09,10.09,10.09,622,2021-05-03 18:46:00,AACQ
10.09,10.09,10.09,10.09,900,2021-05-03 18:47:00,AACQ
10.09,10.1,10.09,10.09,1900,2021-05-03 18:48:00,AACQ
10.095,10.1,10.095,10.1,15937,2021-05-03 18:49:00,AACQ
10.097,10.097,10.097,10.097,100,2021-05-03 18:51:00,AACQ
10.0999,10.0999,10.09,10.09,200,2021-05-03 18:52:00,AACQ
10.09,10.095,10.09,10.09,425,2021-05-03 18:53:00,AACQ
10.09,10.09,10.09,10.09,500,2021-05-03 18:54:00,AACQ
10.09,10.1,10.09,10.1,1250,2021-05-03 18:55:00,AACQ
10.09,10.1,10.09,10.09,1944,2021-05-03 18:56:00,AACQ
10.1,10.1,10.09,10.09,300,2021-05-03 18:57:00,AACQ
10.095,10.095,10.09,10.09,600,2021-05-03 18:58:00,AACQ
10.09,10.09,10.09,10.09,600,2021-05-03 18:59:00,AACQ
10.09,10.09,10.09,10.09,500,2021-05-03 19:00:00,AACQ
10.09,10.095,10.09,10.095,1600,2021-05-03 19:01:00,AACQ
10.09,10.09,10.09,10.09,500,2021-05-03 19:02:00,AACQ
10.09,10.09,10.085,10.085,1705,2021-05-03 19:03:00,AACQ
10.08,10.09,10.08,10.08,927,2021-05-03 19:04:00,AACQ
10.0801,10.0801,10.08,10.08,900,2021-05-03 19:05:00,AACQ
10.09,10.09,10.08,10.08,400,2021-05-03 19:06:00,AACQ
10.09,10.09,10.08,10.08,2073,2021-05-03 19:07:00,AACQ
10.07,10.08,10.07,10.08,3588,2021-05-03 19:08:00,AACQ
10.08,10.08,10.0752,10.08,5940,2021-05-03 19:10:00,AACQ
10.08,10.095,10.08,10.095,4420,2021-05-03 19:11:00,AACQ
10.094,10.095,10.094,10.095,400,2021-05-03 19:12:00,AACQ
10.09,10.1,10.09,10.1,12142,2021-05-03 19:13:00,AACQ
10.1,10.12,10.1,10.12,3719,2021-05-03 19:14:00,AACQ
10.11,10.11,10.1,10.1,1500,2021-05-03 19:15:00,AACQ
10.0983,10.0983,10.0983,10.0983,500,2021-05-03 19:16:00,AACQ
10.1,10.1,10.095,10.095,600,2021-05-03 19:17:00,AACQ
10.09,10.09,10.08,10.08,1000,2021-05-03 19:18:00,AACQ
10.08,10.08,10.08,10.08,500,2021-05-03 19:19:00,AACQ
10.08,10.08,10.075,10.075,400,2021-05-03 19:20:00,AACQ
10.075,10.075,10.07,10.07,600,2021-05-03 19:21:00,AACQ
10.07,10.07,10.06,10.065,400,2021-05-03 19:22:00,AACQ
10.065,10.065,10.065,10.065,400,2021-05-03 19:23:00,AACQ
10.065,10.07,10.06,10.07,700,2021-05-03 19:24:00,AACQ
10.06,10.06,10.06,10.06,800,2021-05-03 19:25:00,AACQ
10.06,10.06,10.06,10.06,1000,2021-05-03 19:26:00,AACQ
10.06,10.07,10.06,10.07,300,2021-05-03 19:27:00,AACQ
10.06,10.06,10.06,10.06,900,2021-05-03 19:28:00,AACQ
10.06,10.06,10.06,10.06,300,2021-05-03 19:29:00,AACQ
10.06,10.06,10.06,10.06,300,2021-05-03 19:30:00,AACQ
10.065,10.07,10.06,10.07,10420,2021-05-03 19:31:00,AACQ
10.063,10.065,10.06,10.065,575,2021-05-03 19:32:00,AACQ
10.064,10.064,10.064,10.064,1000,2021-05-03 19:33:00,AACQ
10.06,10.067,10.06,10.06,500,2021-05-03 19:34:00,AACQ
10.07,10.07,10.07,10.07,4342,2021-05-03 19:35:00,AACQ
10.07,10.08,10.07,10.08,1602,2021-05-03 19:36:00,AACQ
10.08,10.08,10.0737,10.08,1000,2021-05-03 19:37:00,AACQ
10.08,10.08,10.08,10.08,779,2021-05-03 19:38:00,AACQ
10.08,10.09,10.08,10.08,2423,2021-05-03 19:39:00,AACQ
10.08,10.085,10.08,10.085,600,2021-05-03 19:40:00,AACQ
10.085,10.085,10.08,10.085,600,2021-05-03 19:41:00,AACQ
10.085,10.085,10.08,10.08,600,2021-05-03 19:42:00,AACQ
10.08,10.0801,10.07,10.07,3578,2021-05-03 19:43:00,AACQ
10.065,10.065,10.06,10.065,800,2021-05-03 19:44:00,AACQ
10.07,10.07,10.06,10.06,1285,2021-05-03 19:45:00,AACQ
10.07,10.07,10.06,10.07,5539,2021-05-03 19:46:00,AACQ
10.0699,10.0699,10.06,10.06,812,2021-05-03 19:47:00,AACQ
10.065,10.07,10.06,10.06,1222,2021-05-03 19:48:00,AACQ
10.0699,10.07,10.06,10.065,1196,2021-05-03 19:49:00,AACQ
10.07,10.07,10.06,10.06,1803,2021-05-03 19:50:00,AACQ
10.06,10.08,10.06,10.075,15041,2021-05-03 19:51:00,AACQ
10.075,10.08,10.07,10.075,4422,2021-05-03 19:52:00,AACQ
10.075,10.08,10.06,10.06,2508,2021-05-03 19:53:00,AACQ
10.06,10.06,10.06,10.06,1300,2021-05-03 19:54:00,AACQ
10.06,10.065,10.06,10.06,4979,2021-05-03 19:55:00,AACQ
10.06,10.065,10.06,10.06,907,2021-05-03 19:56:00,AACQ
10.06,10.065,10.06,10.06,400,2021-05-03 19:57:00,AACQ
10.06,10.0686,10.06,10.06,1900,2021-05-03 19:58:00,AACQ
10.06,10.08,10.06,10.07,10667,2021-05-03 19:59:00,AACQ
10.07,10.07,10.07,10.07,4654,2021-05-03 20:00:00,AACQ
10.08,10.08,10.08,10.08,120,2021-05-03 20:10:00,AACQ
10.08,10.08,10.08,10.08,200,2021-05-03 20:30:00,AACQ
10.08,10.08,10.08,10.08,669,2021-05-03 20:38:00,AACQ
10.08,10.08,10.08,10.08,100,2021-05-03 20:47:00,AACQ
10.0899,10.0899,10.0899,10.0899,200,2021-05-03 20:51:00,AACQ
10.1,10.1,10.1,10.1,500,2021-05-03 20:55:00,AACQ
10.14,10.14,10.14,10.14,250,2021-05-03 21:30:00,AACQ
10.15,10.15,10.15,10.15,400,2021-05-03 21:35:00,AACQ
10.15,10.15,10.15,10.15,1000,2021-05-03 21:40:00,AACQ
10.14,10.14,10.14,10.14,500,2021-05-03 21:50:00,AACQ
10.15,10.15,10.15,10.15,500,2021-05-03 23:36:00,AACQ
10.15,10.15,10.15,10.15,1000,2021-05-03 23:42:00,AACQ
10.14,10.14,10.14,10.14,100,2021-05-04 08:56:00,AACQ
10.15,10.15,10.15,10.15,500,2021-05-04 10:12:00,AACQ
10.12,10.12,10.12,10.12,100,2021-05-04 11:23:00,AACQ
10.15,10.15,10.15,10.15,200,2021-05-04 11:35:00,AACQ
10.15,10.15,10.15,10.15,500,2021-05-04 11:37:00,AACQ
10.15,10.15,10.15,10.15,932,2021-05-04 12:11:00,AACQ
10.11,10.11,10.11,10.11,500,2021-05-04 12:16:00,AACQ
10.1499,10.1499,10.1499,10.1499,975,2021-05-04 12:42:00,AACQ
10.15,10.15,10.15,10.15,750,2021-05-04 12:45:00,AACQ
10.12,10.12,10.11,10.11,200,2021-05-04 12:46:00,AACQ
10.11,10.11,10.11,10.11,150,2021-05-04 12:48:00,AACQ
10.11,10.11,10.11,10.11,900,2021-05-04 12:57:00,AACQ
10.11,10.14,10.11,10.11,804,2021-05-04 13:00:00,AACQ
10.14,10.14,10.14,10.14,200,2021-05-04 13:03:00,AACQ
10.1,10.1,10.1,10.1,1000,2021-05-04 13:16:00,AACQ
10.11,10.11,10.11,10.11,100,2021-05-04 13:18:00,AACQ
10.11,10.11,10.11,10.11,1250,2021-05-04 13:19:00,AACQ
10.1,10.1,10.1,10.1,100,2021-05-04 13:20:00,AACQ
10.1,10.12,10.1,10.11,2340,2021-05-04 13:28:00,AACQ
10.1,10.1,10.1,10.1,500,2021-05-04 13:29:00,AACQ
10.11,10.12,10.11,10.12,9874,2021-05-04 13:30:00,AACQ
10.13,10.14,10.12,10.14,6870,2021-05-04 13:31:00,AACQ
10.1201,10.13,10.1201,10.125,700,2021-05-04 13:32:00,AACQ
10.13,10.13,10.11,10.115,5575,2021-05-04 13:33:00,AACQ
10.12,10.12,10.12,10.12,14844,2021-05-04 13:34:00,AACQ
10.12,10.12,10.12,10.12,4449,2021-05-04 13:35:00,AACQ
10.12,10.12,10.12,10.12,7699,2021-05-04 13:36:00,AACQ
10.12,10.135,10.12,10.1212,2452,2021-05-04 13:37:00,AACQ
10.1287,10.1287,10.105,10.1101,2961,2021-05-04 13:38:00,AACQ
10.115,10.12,10.09,10.09,6117,2021-05-04 13:39:00,AACQ
10.0998,10.0998,10.06,10.06,6340,2021-05-04 13:40:00,AACQ
10.07,10.07,10.03,10.06,30200,2021-05-04 13:41:00,AACQ
10.06,10.0699,10.06,10.0699,2675,2021-05-04 13:42:00,AACQ
10.065,10.065,10.06,10.06,8275,2021-05-04 13:43:00,AACQ
10.06,10.06,10.06,10.06,400,2021-05-04 13:44:00,AACQ
10.06,10.0611,10.06,10.0611,1545,2021-05-04 13:45:00,AACQ
10.06,10.06,10.055,10.06,20433,2021-05-04 13:46:00,AACQ
10.07,10.09,10.07,10.08,3091,2021-05-04 13:47:00,AACQ
10.0888,10.0888,10.0888,10.0888,992,2021-05-04 13:48:00,AACQ
10.08,10.0801,10.0779,10.0779,800,2021-05-04 13:49:00,AACQ
10.0799,10.0799,10.0799,10.0799,286,2021-05-04 13:50:00,AACQ
10.07,10.08,10.065,10.08,11743,2021-05-04 13:51:00,AACQ
10.08,10.085,10.08,10.085,1450,2021-05-04 13:52:00,AACQ
10.085,10.0919,10.085,10.0919,12704,2021-05-04 13:53:00,AACQ
10.095,10.095,10.095,10.095,500,2021-05-04 13:54:00,AACQ
10.0918,10.0999,10.09,10.09,1554,2021-05-04 13:55:00,AACQ
10.085,10.09,10.085,10.09,200,2021-05-04 13:56:00,AACQ
10.0802,10.0802,10.0802,10.0802,4000,2021-05-04 13:57:00,AACQ
10.08,10.08,10.06,10.061,2150,2021-05-04 13:59:00,AACQ
10.0615,10.065,10.0615,10.065,2500,2021-05-04 14:00:00,AACQ
10.06,10.0624,10.06,10.0624,3878,2021-05-04 14:01:00,AACQ
10.065,10.065,10.065,10.065,100,2021-05-04 14:02:00,AACQ
10.07,10.07,10.07,10.07,200,2021-05-04 14:03:00,AACQ
10.06,10.065,10.06,10.06,700,2021-05-04 14:05:00,AACQ
10.0613,10.065,10.06,10.06,500,2021-05-04 14:06:00,AACQ
10.062,10.062,10.06,10.06,3105,2021-05-04 14:07:00,AACQ
10.0601,10.065,10.0601,10.062,300,2021-05-04 14:08:00,AACQ
10.06,10.065,10.05,10.06,10566,2021-05-04 14:09:00,AACQ
10.0601,10.0601,10.06,10.06,1700,2021-05-04 14:10:00,AACQ
10.065,10.07,10.06,10.0685,775,2021-05-04 14:11:00,AACQ
10.0699,10.0699,10.0699,10.0699,500,2021-05-04 14:12:00,AACQ
10.06,10.065,10.06,10.06,400,2021-05-04 14:13:00,AACQ
10.0601,10.0601,10.06,10.06,1100,2021-05-04 14:14:00,AACQ
10.067,10.067,10.065,10.065,600,2021-05-04 14:16:00,AACQ
10.063,10.063,10.063,10.063,125,2021-05-04 14:17:00,AACQ
10.062,10.062,10.062,10.062,100,2021-05-04 14:19:00,AACQ
10.065,10.0684,10.065,10.0684,1350,2021-05-04 14:20:00,AACQ
10.065,10.0684,10.06,10.065,1050,2021-05-04 14:21:00,AACQ
10.06,10.065,10.06,10.06,104600,2021-05-04 14:22:00,AACQ
10.065,10.065,10.065,10.065,100,2021-05-04 14:23:00,AACQ
10.06,10.07,10.06,10.07,300,2021-05-04 14:24:00,AACQ
10.07,10.07,10.07,10.07,3726,2021-05-04 14:25:00,AACQ
10.065,10.065,10.065,10.065,300,2021-05-04 14:26:00,AACQ
10.07,10.07,10.07,10.07,100,2021-05-04 14:29:00,AACQ
10.07,10.07,10.065,10.065,200,2021-05-04 14:31:00,AACQ
10.07,10.07,10.07,10.07,100,2021-05-04 14:33:00,AACQ
10.07,10.07,10.07,10.07,200,2021-05-04 14:35:00,AACQ
10.07,10.07,10.07,10.07,732,2021-05-04 14:36:00,AACQ
10.0626,10.0626,10.0626,10.0626,220,2021-05-04 14:39:00,AACQ
10.07,10.07,10.07,10.07,100,2021-05-04 14:41:00,AACQ
10.07,10.07,10.06,10.06,200,2021-05-04 14:42:00,AACQ
10.07,10.07,10.07,10.07,100,2021-05-04 14:43:00,AACQ
10.07,10.07,10.07,10.07,700,2021-05-04 14:44:00,AACQ
10.063,10.07,10.063,10.065,1900,2021-05-04 14:45:00,AACQ
10.065,10.065,10.065,10.065,300,2021-05-04 14:46:00,AACQ
10.065,10.065,10.065,10.065,500,2021-05-04 14:47:00,AACQ
10.065,10.065,10.065,10.065,100,2021-05-04 14:48:00,AACQ
10.065,10.065,10.06,10.06,1000,2021-05-04 14:50:00,AACQ
10.065,10.065,10.065,10.065,100,2021-05-04 14:51:00,AACQ
10.065,10.065,10.06,10.06,1200,2021-05-04 14:52:00,AACQ
10.065,10.065,10.065,10.065,100,2021-05-04 14:53:00,AACQ
10.0622,10.0622,10.06,10.06,200,2021-05-04 14:55:00,AACQ
10.06,10.06,10.055,10.055,79954,2021-05-04 14:57:00,AACQ
10.055,10.06,10.055,10.06,22441,2021-05-04 14:58:00,AACQ
10.06,10.06,10.06,10.06,500,2021-05-04 15:00:00,AACQ
10.065,10.065,10.06,10.06,1700,2021-05-04 15:01:00,AACQ
10.065,10.065,10.065,10.065,600,2021-05-04 15:02:00,AACQ
10.06,10.065,10.06,10.065,681,2021-05-04 15:05:00,AACQ
10.0601,10.0601,10.0601,10.0601,100,2021-05-04 15:06:00,AACQ
10.065,10.065,10.065,10.065,100,2021-05-04 15:07:00,AACQ
10.07,10.07,10.07,10.07,7760,2021-05-04 15:09:00,AACQ
10.065,10.065,10.065,10.065,352,2021-05-04 15:10:00,AACQ
10.06,10.06,10.06,10.06,159,2021-05-04 15:11:00,AACQ
10.065,10.065,10.065,10.065,100,2021-05-04 15:12:00,AACQ
10.065,10.065,10.06,10.0609,6000,2021-05-04 15:14:00,AACQ
10.06,10.07,10.06,10.07,3257,2021-05-04 15:15:00,AACQ
10.06,10.065,10.06,10.065,523,2021-05-04 15:16:00,AACQ
10.0618,10.065,10.06,10.065,7433,2021-05-04 15:17:00,AACQ
10.065,10.065,10.065,10.065,700,2021-05-04 15:21:00,AACQ
10.065,10.07,10.06,10.07,4400,2021-05-04 15:22:00,AACQ
10.0601,10.0678,10.0601,10.0678,450,2021-05-04 15:23:00,AACQ
10.07,10.07,10.07,10.07,896,2021-05-04 15:25:00,AACQ
10.07,10.07,10.07,10.07,100,2021-05-04 15:26:00,AACQ
10.062,10.062,10.062,10.062,100,2021-05-04 15:27:00,AACQ
10.065,10.065,10.06,10.0601,1200,2021-05-04 15:28:00,AACQ
10.07,10.07,10.068,10.068,1950,2021-05-04 15:30:00,AACQ
10.0621,10.0621,10.0621,10.0621,200,2021-05-04 15:31:00,AACQ
10.07,10.07,10.07,10.07,100,2021-05-04 15:32:00,AACQ
10.07,10.07,10.06,10.06,1100,2021-05-04 15:33:00,AACQ
10.06,10.065,10.06,10.065,2147,2021-05-04 15:34:00,AACQ
10.065,10.065,10.065,10.065,300,2021-05-04 15:35:00,AACQ
10.07,10.07,10.07,10.07,200,2021-05-04 15:37:00,AACQ
10.062,10.065,10.062,10.065,300,2021-05-04 15:38:00,AACQ
10.065,10.065,10.065,10.065,100,2021-05-04 15:39:00,AACQ
10.065,10.0678,10.065,10.0678,200,2021-05-04 15:41:00,AACQ
10.07,10.07,10.07,10.07,100,2021-05-04 15:42:00,AACQ
10.062,10.0679,10.062,10.0679,300,2021-05-04 15:43:00,AACQ
10.07,10.07,10.07,10.07,100,2021-05-04 15:44:00,AACQ
10.07,10.07,10.07,10.07,100,2021-05-04 15:45:00,AACQ
10.07,10.07,10.07,10.07,100,2021-05-04 15:46:00,AACQ
10.06,10.065,10.06,10.065,1063,2021-05-04 15:47:00,AACQ
10.062,10.07,10.062,10.07,200,2021-05-04 15:48:00,AACQ
10.065,10.065,10.065,10.065,100,2021-05-04 15:49:00,AACQ
10.06,10.06,10.06,10.06,500,2021-05-04 15:50:00,AACQ
10.065,10.07,10.065,10.07,10270,2021-05-04 15:51:00,AACQ
10.0628,10.09,10.0628,10.09,34791,2021-05-04 15:52:00,AACQ
10.095,10.0986,10.09,10.0986,847,2021-05-04 15:55:00,AACQ
10.095,10.095,10.09,10.09,2790,2021-05-04 16:00:00,AACQ
10.095,10.11,10.09,10.1,17569,2021-05-04 16:02:00,AACQ
10.1,10.1,10.1,10.1,882,2021-05-04 16:03:00,AACQ
10.1,10.1,10.1,10.1,100,2021-05-04 16:05:00,AACQ
10.09,10.09,10.09,10.09,200,2021-05-04 16:06:00,AACQ
10.1,10.1,10.1,10.1,100,2021-05-04 16:09:00,AACQ
10.095,10.1,10.08,10.09,58630,2021-05-04 16:12:00,AACQ
10.09,10.097,10.09,10.097,600,2021-05-04 16:13:00,AACQ
10.0943,10.0943,10.0943,10.0943,1000,2021-05-04 16:15:00,AACQ
10.1,10.11,10.1,10.1,10870,2021-05-04 16:17:00,AACQ
10.105,10.105,10.105,10.105,100,2021-05-04 16:18:00,AACQ
10.1,10.1,10.1,10.1,491,2021-05-04 16:19:00,AACQ
10.1,10.1,10.1,10.1,300,2021-05-04 16:20:00,AACQ
10.1099,10.1099,10.095,10.105,9499,2021-05-04 16:21:00,AACQ
10.1099,10.1099,10.105,10.105,5947,2021-05-04 16:22:00,AACQ
10.11,10.11,10.11,10.11,100,2021-05-04 16:24:00,AACQ
10.1083,10.1083,10.1083,10.1083,100,2021-05-04 16:27:00,AACQ
10.1001,10.1023,10.1001,10.1023,1288,2021-05-04 16:30:00,AACQ
10.102,10.105,10.102,10.105,600,2021-05-04 16:34:00,AACQ
10.1016,10.1016,10.1016,10.1016,500,2021-05-04 16:35:00,AACQ
10.105,10.105,10.105,10.105,100,2021-05-04 16:36:00,AACQ
10.105,10.1086,10.105,10.105,1300,2021-05-04 16:37:00,AACQ
10.1,10.1,10.1,10.1,100,2021-05-04 16:39:00,AACQ
10.105,10.105,10.105,10.105,100,2021-05-04 16:40:00,AACQ
10.1,10.1,10.1,10.1,100,2021-05-04 16:41:00,AACQ
10.105,10.11,10.105,10.1097,1000,2021-05-04 16:42:00,AACQ
10.102,10.11,10.102,10.11,450,2021-05-04 16:45:00,AACQ
10.105,10.105,10.105,10.105,333,2021-05-04 16:49:00,AACQ
10.1,10.1001,10.1,10.1001,2600,2021-05-04 16:50:00,AACQ
10.105,10.11,10.1,10.11,4000,2021-05-04 16:51:00,AACQ
10.102,10.102,10.102,10.102,100,2021-05-04 16:55:00,AACQ
10.105,10.105,10.105,10.105,150,2021-05-04 16:56:00,AACQ
10.1,10.1,10.1,10.1,964,2021-05-04 17:00:00,AACQ
10.1089,10.1089,10.1,10.1,2700,2021-05-04 17:02:00,AACQ
10.102,10.102,10.102,10.102,100,2021-05-04 17:05:00,AACQ
10.1019,10.1019,10.1019,10.1019,100,2021-05-04 17:06:00,AACQ
10.11,10.11,10.1,10.1,200,2021-05-04 17:08:00,AACQ
10.105,10.105,10.1,10.1,1589,2021-05-04 17:09:00,AACQ
10.1,10.1,10.1,10.1,100,2021-05-04 17:10:00,AACQ
10.11,10.115,10.11,10.11,11975,2021-05-04 17:13:00,AACQ
10.115,10.115,10.115,10.115,297,2021-05-04 17:14:00,AACQ
10.1117,10.1117,10.1117,10.1117,100,2021-05-04 17:16:00,AACQ
10.1174,10.1174,10.1174,10.1174,200,2021-05-04 17:19:00,AACQ
10.11,10.11,10.09,10.09,19836,2021-05-04 17:21:00,AACQ
10.09,10.09,10.09,10.09,100,2021-05-04 17:23:00,AACQ
10.1,10.1,10.1,10.1,2000,2021-05-04 17:24:00,AACQ
10.092,10.092,10.092,10.092,100,2021-05-04 17:26:00,AACQ
10.0986,10.0986,10.0986,10.0986,400,2021-05-04 17:27:00,AACQ
10.0983,10.0983,10.095,10.095,200,2021-05-04 17:29:00,AACQ
10.1,10.1,10.1,10.1,100,2021-05-04 17:30:00,AACQ
10.1,10.1,10.092,10.092,1212,2021-05-04 17:31:00,AACQ
10.1,10.1,10.1,10.1,300,2021-05-04 17:32:00,AACQ
10.105,10.105,10.105,10.105,100,2021-05-04 17:35:00,AACQ
10.105,10.105,10.105,10.105,100,2021-05-04 17:37:00,AACQ
10.11,10.11,10.1098,10.1098,200,2021-05-04 17:38:00,AACQ
10.102,10.102,10.102,10.102,100,2021-05-04 17:41:00,AACQ
10.1073,10.1073,10.1073,10.1073,100,2021-05-04 17:42:00,AACQ
10.1,10.1,10.1,10.1,100,2021-05-04 17:47:00,AACQ
10.105,10.1078,10.105,10.1078,450,2021-05-04 17:50:00,AACQ
10.1,10.11,10.1,10.105,11893,2021-05-04 17:52:00,AACQ
10.109,10.11,10.108,10.11,8432,2021-05-04 17:54:00,AACQ
10.11,10.11,10.11,10.11,200,2021-05-04 17:55:00,AACQ
10.11,10.11,10.105,10.105,300,2021-05-04 17:58:00,AACQ
10.11,10.11,10.11,10.11,700,2021-05-04 18:01:00,AACQ
10.102,10.102,10.102,10.102,100,2021-05-04 18:02:00,AACQ
10.105,10.105,10.105,10.105,100,2021-05-04 18:04:00,AACQ
10.102,10.102,10.102,10.102,100,2021-05-04 18:07:00,AACQ
10.1099,10.1099,10.102,10.102,1100,2021-05-04 18:12:00,AACQ
10.11,10.11,10.1,10.11,4605,2021-05-04 18:17:00,AACQ
10.11,10.11,10.105,10.11,900,2021-05-04 18:18:00,AACQ
10.115,10.115,10.115,10.115,200,2021-05-04 18:19:00,AACQ
10.12,10.12,10.12,10.12,217,2021-05-04 18:24:00,AACQ
10.12,10.12,10.12,10.12,1425,2021-05-04 18:27:00,AACQ
10.115,10.115,10.1102,10.1102,250,2021-05-04 18:29:00,AACQ
10.115,10.115,10.11,10.11,600,2021-05-04 18:32:00,AACQ
10.11,10.115,10.11,10.115,500,2021-05-04 18:33:00,AACQ
10.11,10.115,10.11,10.115,200,2021-05-04 18:38:00,AACQ
10.12,10.12,10.115,10.12,2100,2021-05-04 18:40:00,AACQ
10.1199,10.1199,10.1199,10.1199,250,2021-05-04 18:42:00,AACQ
10.11,10.11,10.11,10.11,200,2021-05-04 18:43:00,AACQ
10.12,10.12,10.11,10.115,900,2021-05-04 18:46:00,AACQ
10.11,10.11,10.1,10.1,4528,2021-05-04 18:47:00,AACQ
10.092,10.1,10.0901,10.1,300,2021-05-04 18:49:00,AACQ
10.1,10.1,10.1,10.1,100,2021-05-04 18:50:00,AACQ
10.1,10.105,10.1,10.105,550,2021-05-04 18:51:00,AACQ
10.1,10.105,10.1,10.105,510,2021-05-04 18:55:00,AACQ
10.1,10.105,10.1,10.105,630,2021-05-04 18:56:00,AACQ
10.105,10.105,10.105,10.105,100,2021-05-04 19:01:00,AACQ
10.11,10.11,10.11,10.11,100,2021-05-04 19:02:00,AACQ
10.1076,10.1076,10.1076,10.1076,100,2021-05-04 19:03:00,AACQ
10.1,10.11,10.1,10.1,600,2021-05-04 19:04:00,AACQ
10.105,10.105,10.105,10.105,1000,2021-05-04 19:05:00,AACQ
10.1,10.1,10.1,10.1,100,2021-05-04 19:09:00,AACQ
10.105,10.1079,10.105,10.1079,347,2021-05-04 19:11:00,AACQ
10.105,10.105,10.105,10.105,100,2021-05-04 19:14:00,AACQ
10.102,10.1086,10.102,10.1086,300,2021-05-04 19:15:00,AACQ
10.105,10.105,10.1,10.105,572,2021-05-04 19:19:00,AACQ
10.105,10.11,10.1,10.1,2354,2021-05-04 19:20:00,AACQ
10.102,10.102,10.102,10.102,200,2021-05-04 19:21:00,AACQ
10.105,10.105,10.1,10.1,500,2021-05-04 19:24:00,AACQ
10.1,10.1,10.1,10.1,100,2021-05-04 19:25:00,AACQ
10.1,10.105,10.09,10.095,9193,2021-05-04 19:27:00,AACQ
10.0987,10.1,10.0987,10.1,1200,2021-05-04 19:28:00,AACQ
10.0969,10.0969,10.09,10.095,3000,2021-05-04 19:29:00,AACQ
10.1,10.12,10.1,10.12,7647,2021-05-04 19:30:00,AACQ
10.115,10.12,10.11,10.11,11848,2021-05-04 19:31:00,AACQ
10.115,10.12,10.115,10.12,4877,2021-05-04 19:32:00,AACQ
10.12,10.125,10.12,10.125,2954,2021-05-04 19:34:00,AACQ
10.12,10.13,10.12,10.12,1200,2021-05-04 19:35:00,AACQ
10.12,10.13,10.11,10.125,10065,2021-05-04 19:36:00,AACQ
10.13,10.13,10.13,10.13,100,2021-05-04 19:39:00,AACQ
10.125,10.125,10.125,10.125,901,2021-05-04 19:40:00,AACQ
10.1299,10.13,10.1299,10.1299,494,2021-05-04 19:41:00,AACQ
10.13,10.13,10.13,10.13,300,2021-05-04 19:43:00,AACQ
10.1273,10.1273,10.1,10.1,8467,2021-05-04 19:44:00,AACQ
10.1018,10.1018,10.1018,10.1018,600,2021-05-04 19:45:00,AACQ
10.105,10.11,10.1,10.11,7408,2021-05-04 19:46:00,AACQ
10.105,10.105,10.105,10.105,147,2021-05-04 19:47:00,AACQ
10.101,10.101,10.101,10.101,1400,2021-05-04 19:49:00,AACQ
10.1,10.102,10.1,10.102,4090,2021-05-04 19:50:00,AACQ
10.105,10.11,10.1,10.11,12079,2021-05-04 19:51:00,AACQ
10.1089,10.11,10.1,10.11,933,2021-05-04 19:52:00,AACQ
10.11,10.11,10.1,10.1,200,2021-05-04 19:53:00,AACQ
10.105,10.12,10.1,10.105,11319,2021-05-04 19:54:00,AACQ
10.1018,10.1018,10.1018,10.1018,302,2021-05-04 19:55:00,AACQ
10.11,10.11,10.1,10.105,1473,2021-05-04 19:56:00,AACQ
10.1,10.1099,10.1,10.1,2301,2021-05-04 19:57:00,AACQ
10.105,10.11,10.1,10.1082,1330,2021-05-04 19:58:00,AACQ
10.105,10.11,10.1,10.1,3090,2021-05-04 19:59:00,AACQ
10.1,10.1,10.1,10.1,14524,2021-05-04 20:00:00,AACQ
10.1,10.1,10.1,10.1,225,2021-05-04 20:02:00,AACQ
10.12,10.12,10.12,10.12,100,2021-05-04 20:48:00,AACQ
10.12,10.12,10.12,10.12,2000,2021-05-04 22:35:00,AACQ
10.1,10.1,10.1,10.1,1700,2021-05-04 22:39:00,AACQ
10.09,10.09,10.09,10.09,307,2021-05-04 22:40:00,AACQ
10.15,10.15,10.13,10.15,1000,2021-05-05 12:17:00,AACQ
10.15,10.15,10.15,10.15,400,2021-05-05 12:20:00,AACQ
10.14,10.14,10.14,10.14,300,2021-05-05 12:22:00,AACQ
10.15,10.15,10.15,10.15,180,2021-05-05 12:58:00,AACQ
10.12,10.12,10.12,10.12,100,2021-05-05 13:00:00,AACQ
10.12,10.12,10.12,10.12,100,2021-05-05 13:02:00,AACQ
10.1499,10.1499,10.1499,10.1499,300,2021-05-05 13:10:00,AACQ
10.12,10.12,10.12,10.12,100,2021-05-05 13:21:00,AACQ
10.12,10.13,10.12,10.12,8226,2021-05-05 13:30:00,AACQ
10.13,10.13,10.12,10.12,1100,2021-05-05 13:31:00,AACQ
10.12,10.1282,10.11,10.1282,397,2021-05-05 13:33:00,AACQ
10.11,10.1206,10.11,10.11,1876,2021-05-05 13:34:00,AACQ
10.1167,10.1167,10.08,10.08,3772,2021-05-05 13:35:00,AACQ
10.09,10.09,10.081,10.081,200,2021-05-05 13:36:00,AACQ
10.09,10.09,10.09,10.09,100,2021-05-05 13:37:00,AACQ
10.092,10.092,10.092,10.092,100,2021-05-05 13:38:00,AACQ
10.09,10.09,10.09,10.09,200,2021-05-05 13:40:00,AACQ
10.095,10.095,10.08,10.08,2621,2021-05-05 13:41:00,AACQ
10.085,10.085,10.085,10.085,1000,2021-05-05 13:42:00,AACQ
10.09,10.09,10.08,10.08,200,2021-05-05 13:44:00,AACQ
10.08,10.08,10.08,10.08,300,2021-05-05 13:45:00,AACQ
10.0888,10.0888,10.0888,10.0888,100,2021-05-05 13:46:00,AACQ
10.085,10.085,10.08,10.08,2999,2021-05-05 13:48:00,AACQ
10.08,10.08,10.08,10.08,375,2021-05-05 13:49:00,AACQ
10.07,10.07,10.07,10.07,922,2021-05-05 13:51:00,AACQ
10.0737,10.0737,10.0737,10.0737,300,2021-05-05 13:52:00,AACQ
10.08,10.0881,10.08,10.0881,1200,2021-05-05 13:55:00,AACQ
10.085,10.085,10.085,10.085,200,2021-05-05 13:56:00,AACQ
10.0813,10.0813,10.0813,10.0813,100,2021-05-05 13:58:00,AACQ
10.09,10.09,10.09,10.09,100,2021-05-05 14:00:00,AACQ
10.08,10.08,10.08,10.08,850,2021-05-05 14:02:00,AACQ
10.08,10.08,10.08,10.08,2235,2021-05-05 14:10:00,AACQ
10.08,10.09,10.08,10.08,875,2021-05-05 14:13:00,AACQ
10.09,10.09,10.08,10.08,700,2021-05-05 14:15:00,AACQ
10.085,10.085,10.07,10.07,300,2021-05-05 14:19:00,AACQ
10.0786,10.0786,10.07,10.07,320,2021-05-05 14:26:00,AACQ
10.08,10.08,10.08,10.08,405,2021-05-05 14:29:00,AACQ
10.07,10.08,10.07,10.08,5450,2021-05-05 14:30:00,AACQ
10.0799,10.0799,10.0799,10.0799,125,2021-05-05 14:32:00,AACQ
10.08,10.08,10.0799,10.0799,2400,2021-05-05 14:34:00,AACQ
10.08,10.08,10.08,10.08,100,2021-05-05 14:35:00,AACQ
10.075,10.08,10.07,10.08,1900,2021-05-05 14:37:00,AACQ
10.07,10.072,10.07,10.072,707,2021-05-05 14:38:00,AACQ
10.07,10.07,10.07,10.07,100,2021-05-05 14:39:00,AACQ
10.0724,10.0724,10.0724,10.0724,100,2021-05-05 14:42:00,AACQ
10.075,10.079,10.07,10.079,1800,2021-05-05 14:44:00,AACQ
10.0799,10.0799,10.0799,10.0799,400,2021-05-05 14:47:00,AACQ
10.0701,10.0701,10.07,10.07,200,2021-05-05 14:48:00,AACQ
10.08,10.08,10.08,10.08,100,2021-05-05 14:49:00,AACQ
10.07,10.07,10.06,10.07,4599,2021-05-05 14:51:00,AACQ
10.06,10.07,10.06,10.07,300,2021-05-05 14:53:00,AACQ
10.06,10.06,10.06,10.06,14101,2021-05-05 14:56:00,AACQ
10.06,10.065,10.06,10.065,14027,2021-05-05 14:57:00,AACQ
10.065,10.065,10.06,10.06,5800,2021-05-05 14:59:00,AACQ
10.065,10.0668,10.06,10.06,800,2021-05-05 15:00:00,AACQ
10.0612,10.07,10.0612,10.07,5000,2021-05-05 15:01:00,AACQ
10.07,10.07,10.07,10.07,100,2021-05-05 15:02:00,AACQ
10.075,10.075,10.075,10.075,100,2021-05-05 15:03:00,AACQ
10.08,10.08,10.078,10.08,8334,2021-05-05 15:05:00,AACQ
10.08,10.08,10.08,10.08,100,2021-05-05 15:06:00,AACQ
10.0801,10.0801,10.0801,10.0801,150,2021-05-05 15:09:00,AACQ
10.09,10.09,10.09,10.09,2212,2021-05-05 15:10:00,AACQ
10.08,10.09,10.08,10.09,900100,2021-05-05 15:15:00,AACQ
10.09,10.09,10.0897,10.0897,200,2021-05-05 15:17:00,AACQ
10.09,10.09,10.09,10.09,6395,2021-05-05 15:18:00,AACQ
10.095,10.1,10.08,10.09,23281,2021-05-05 15:19:00,AACQ
10.09,10.09,10.09,10.09,100,2021-05-05 15:21:00,AACQ
10.1,10.1,10.1,10.1,3307,2021-05-05 15:24:00,AACQ
10.095,10.1,10.095,10.1,10282,2021-05-05 15:25:00,AACQ
10.1,10.1,10.1,10.1,3000,2021-05-05 15:31:00,AACQ
10.1,10.1,10.093,10.093,200,2021-05-05 15:32:00,AACQ
10.1,10.1,10.09,10.1,3200,2021-05-05 15:33:00,AACQ
10.1,10.1,10.1,10.1,3100,2021-05-05 15:34:00,AACQ
10.1,10.1,10.09,10.09,1200,2021-05-05 15:38:00,AACQ
10.09,10.09,10.09,10.09,100,2021-05-05 15:45:00,AACQ
10.1,10.1,10.1,10.1,200,2021-05-05 15:50:00,AACQ
10.0976,10.0976,10.0976,10.0976,100,2021-05-05 15:54:00,AACQ
10.09,10.09,10.09,10.09,420,2021-05-05 15:55:00,AACQ
10.09,10.09,10.09,10.09,394,2021-05-05 16:01:00,AACQ
10.1,10.1,10.1,10.1,500,2021-05-05 16:02:00,AACQ
10.09,10.09,10.09,10.09,130,2021-05-05 16:03:00,AACQ
10.095,10.1,10.09,10.1,4250,2021-05-05 16:05:00,AACQ
10.1,10.1,10.1,10.1,100,2021-05-05 16:11:00,AACQ
10.0827,10.09,10.0827,10.09,442,2021-05-05 16:13:00,AACQ
10.1,10.1,10.09,10.09,4618,2021-05-05 16:16:00,AACQ
10.083,10.083,10.083,10.083,500,2021-05-05 16:17:00,AACQ
10.095,10.095,10.09,10.09,457,2021-05-05 16:18:00,AACQ
10.08,10.08,10.08,10.08,100,2021-05-05 16:20:00,AACQ
10.09,10.09,10.09,10.09,100,2021-05-05 16:24:00,AACQ
10.095,10.095,10.095,10.095,200,2021-05-05 16:25:00,AACQ
10.09,10.1,10.09,10.1,1167,2021-05-05 16:27:00,AACQ
10.09,10.0907,10.09,10.0907,200,2021-05-05 16:29:00,AACQ
10.09,10.0901,10.09,10.09,904,2021-05-05 16:34:00,AACQ
10.09,10.09,10.09,10.09,424,2021-05-05 16:38:00,AACQ
10.09,10.09,10.09,10.09,100,2021-05-05 16:41:00,AACQ
10.1,10.1,10.09,10.09,3200,2021-05-05 16:42:00,AACQ
10.095,10.095,10.095,10.095,200,2021-05-05 16:43:00,AACQ
10.1,10.1,10.1,10.1,1100,2021-05-05 16:44:00,AACQ
10.095,10.1,10.09,10.1,5350,2021-05-05 16:48:00,AACQ
10.095,10.095,10.095,10.095,100,2021-05-05 16:53:00,AACQ
10.095,10.095,10.095,10.095,100,2021-05-05 16:57:00,AACQ
10.0999,10.1,10.0999,10.1,1630,2021-05-05 16:59:00,AACQ
10.09,10.09,10.09,10.09,100,2021-05-05 17:00:00,AACQ
10.0911,10.0911,10.0911,10.0911,100,2021-05-05 17:03:00,AACQ
10.09,10.1,10.09,10.1,989,2021-05-05 17:15:00,AACQ
10.09,10.09,10.09,10.09,100,2021-05-05 17:23:00,AACQ
10.0999,10.0999,10.08,10.09,1760,2021-05-05 17:25:00,AACQ
10.1,10.1,10.09,10.09,13293,2021-05-05 17:26:00,AACQ
10.095,10.095,10.095,10.095,200,2021-05-05 17:28:00,AACQ
10.0977,10.0977,10.0977,10.0977,500,2021-05-05 17:29:00,AACQ
10.09,10.09,10.09,10.09,200,2021-05-05 17:31:00,AACQ
10.09,10.09,10.09,10.09,310,2021-05-05 17:32:00,AACQ
10.09,10.1,10.09,10.1,7525,2021-05-05 17:34:00,AACQ
10.0934,10.0934,10.0934,10.0934,300,2021-05-05 17:35:00,AACQ
10.09,10.09,10.09,10.09,100,2021-05-05 17:36:00,AACQ
10.09,10.09,10.085,10.085,500,2021-05-05 17:37:00,AACQ
10.085,10.085,10.085,10.085,300,2021-05-05 17:38:00,AACQ
10.082,10.082,10.082,10.082,300,2021-05-05 17:39:00,AACQ
10.085,10.091,10.085,10.09,3147,2021-05-05 17:41:00,AACQ
10.09,10.09,10.09,10.09,100,2021-05-05 17:42:00,AACQ
10.09,10.09,10.08,10.08,350,2021-05-05 17:45:00,AACQ
10.085,10.1,10.085,10.09,2700,2021-05-05 17:52:00,AACQ
10.09,10.09,10.09,10.09,100,2021-05-05 17:53:00,AACQ
10.0889,10.0889,10.0889,10.0889,150,2021-05-05 17:57:00,AACQ
10.085,10.085,10.085,10.085,100,2021-05-05 17:58:00,AACQ
10.085,10.085,10.085,10.085,100,2021-05-05 18:00:00,AACQ
10.09,10.09,10.09,10.09,200,2021-05-05 18:07:00,AACQ
10.0899,10.09,10.085,10.085,1250,2021-05-05 18:09:00,AACQ
10.09,10.09,10.09,10.09,100,2021-05-05 18:10:00,AACQ
10.085,10.085,10.085,10.085,1600,2021-05-05 18:12:00,AACQ
10.085,10.085,10.085,10.085,200,2021-05-05 18:14:00,AACQ
10.082,10.082,10.082,10.082,400,2021-05-05 18:17:00,AACQ
10.09,10.1,10.09,10.09,4600,2021-05-05 18:18:00,AACQ
10.09,10.09,10.09,10.09,100,2021-05-05 18:19:00,AACQ
10.095,10.095,10.09,10.09,200,2021-05-05 18:20:00,AACQ
10.09,10.1,10.085,10.09,39264,2021-05-05 18:21:00,AACQ
10.095,10.1,10.09,10.095,640,2021-05-05 18:22:00,AACQ
10.09,10.1,10.09,10.09,33364,2021-05-05 18:23:00,AACQ
10.09,10.095,10.08,10.095,5168,2021-05-05 18:24:00,AACQ
10.085,10.085,10.085,10.085,300,2021-05-05 18:33:00,AACQ
10.0838,10.09,10.0838,10.09,1000,2021-05-05 18:34:00,AACQ
10.085,10.085,10.085,10.085,100,2021-05-05 18:35:00,AACQ
10.087,10.087,10.087,10.087,100,2021-05-05 18:36:00,AACQ
10.0891,10.09,10.085,10.085,664,2021-05-05 18:38:00,AACQ
10.09,10.1,10.09,10.1,2270,2021-05-05 18:42:00,AACQ
10.09,10.1,10.09,10.1,2350,2021-05-05 18:43:00,AACQ
10.095,10.095,10.095,10.095,100,2021-05-05 18:44:00,AACQ
10.095,10.095,10.095,10.095,100,2021-05-05 18:45:00,AACQ
10.09,10.09,10.09,10.09,300,2021-05-05 18:47:00,AACQ
10.085,10.085,10.085,10.085,100,2021-05-05 18:48:00,AACQ
10.09,10.09,10.09,10.09,100,2021-05-05 18:50:00,AACQ
10.0824,10.09,10.0824,10.085,536,2021-05-05 18:51:00,AACQ
10.09,10.09,10.09,10.09,600,2021-05-05 18:52:00,AACQ
10.0891,10.0891,10.0891,10.0891,500,2021-05-05 18:56:00,AACQ
10.085,10.085,10.085,10.085,100,2021-05-05 18:57:00,AACQ
10.085,10.09,10.08,10.09,31662,2021-05-05 18:59:00,AACQ
10.083,10.083,10.083,10.083,100,2021-05-05 19:01:00,AACQ
10.085,10.085,10.085,10.085,100,2021-05-05 19:03:00,AACQ
10.0812,10.09,10.0812,10.09,1150,2021-05-05 19:04:00,AACQ
10.085,10.085,10.085,10.085,100,2021-05-05 19:05:00,AACQ
10.085,10.085,10.085,10.085,100,2021-05-05 19:08:00,AACQ
10.085,10.0888,10.085,10.0888,300,2021-05-05 19:10:00,AACQ
10.085,10.085,10.085,10.085,100,2021-05-05 19:13:00,AACQ
10.085,10.085,10.085,10.085,100,2021-05-05 19:14:00,AACQ
10.085,10.085,10.082,10.082,200,2021-05-05 19:16:00,AACQ
10.085,10.09,10.085,10.09,2270,2021-05-05 19:17:00,AACQ
10.09,10.09,10.09,10.09,100,2021-05-05 19:18:00,AACQ
10.081,10.09,10.081,10.085,1240,2021-05-05 19:19:00,AACQ
10.085,10.085,10.08,10.08,32085,2021-05-05 19:20:00,AACQ
10.075,10.08,10.0718,10.08,1040,2021-05-05 19:21:00,AACQ
10.075,10.075,10.075,10.075,100,2021-05-05 19:23:00,AACQ
10.075,10.075,10.07,10.07,280,2021-05-05 19:25:00,AACQ
10.075,10.075,10.072,10.075,400,2021-05-05 19:26:00,AACQ
10.0747,10.0747,10.0747,10.0747,500,2021-05-05 19:27:00,AACQ
10.075,10.075,10.075,10.075,100,2021-05-05 19:29:00,AACQ
10.075,10.075,10.075,10.075,310,2021-05-05 19:30:00,AACQ
10.075,10.075,10.075,10.075,100,2021-05-05 19:31:00,AACQ
10.075,10.075,10.075,10.075,100,2021-05-05 19:32:00,AACQ
10.075,10.075,10.075,10.075,100,2021-05-05 19:34:00,AACQ
10.075,10.075,10.075,10.075,400,2021-05-05 19:36:00,AACQ
10.075,10.075,10.075,10.075,100,2021-05-05 19:38:00,AACQ
10.075,10.08,10.07,10.08,7567,2021-05-05 19:39:00,AACQ
10.075,10.08,10.07,10.07,3864,2021-05-05 19:40:00,AACQ
10.07,10.07,10.065,10.065,200,2021-05-05 19:42:00,AACQ
10.065,10.065,10.065,10.065,300,2021-05-05 19:43:00,AACQ
10.065,10.065,10.065,10.065,266,2021-05-05 19:44:00,AACQ
10.064,10.07,10.064,10.07,2300,2021-05-05 19:45:00,AACQ
10.065,10.065,10.065,10.065,500,2021-05-05 19:46:00,AACQ
10.065,10.065,10.065,10.065,100,2021-05-05 19:47:00,AACQ
10.065,10.065,10.0601,10.0601,323,2021-05-05 19:48:00,AACQ
10.06,10.0601,10.06,10.0601,545,2021-05-05 19:50:00,AACQ
10.06,10.07,10.06,10.06,401,2021-05-05 19:51:00,AACQ
10.06,10.06,10.06,10.06,100,2021-05-05 19:52:00,AACQ
10.06,10.06,10.06,10.06,200,2021-05-05 19:53:00,AACQ
10.06,10.065,10.06,10.06,2987,2021-05-05 19:54:00,AACQ
10.06,10.065,10.05,10.05,4698,2021-05-05 19:55:00,AACQ
10.0501,10.06,10.05,10.06,858,2021-05-05 19:56:00,AACQ
10.055,10.055,10.05,10.0502,400,2021-05-05 19:57:00,AACQ
10.05,10.05,10.05,10.05,100,2021-05-05 19:58:00,AACQ
10.05,10.06,10.05,10.05,2251,2021-05-05 19:59:00,AACQ
10.05,10.05,10.05,10.05,4913,2021-05-05 20:00:00,AACQ
10.05,10.05,10.05,10.05,571,2021-05-05 20:01:00,AACQ
10.05,10.05,10.05,10.05,1400,2021-05-05 20:14:00,AACQ
10.031,10.031,10.031,10.031,500,2021-05-05 21:10:00,AACQ
10.04,10.04,10.04,10.04,118,2021-05-05 22:06:00,AACQ
10.04,10.04,10.04,10.04,150,2021-05-05 22:11:00,AACQ
10.03,10.03,10.03,10.03,100,2021-05-06 11:00:00,AACQ
10.05,10.05,10.05,10.05,100,2021-05-06 12:01:00,AACQ
10.05,10.0802,10.05,10.08,8755,2021-05-06 13:30:00,AACQ
10.08,10.08,10.08,10.08,200,2021-05-06 13:31:00,AACQ
10.08,10.0899,10.08,10.08,1346,2021-05-06 13:32:00,AACQ
10.08,10.08,10.08,10.08,187,2021-05-06 13:33:00,AACQ
10.08,10.08,10.08,10.08,1600,2021-05-06 13:34:00,AACQ
10.08,10.081,10.08,10.08,1536,2021-05-06 13:36:00,AACQ
10.08,10.08,10.08,10.08,120,2021-05-06 13:37:00,AACQ
10.08,10.09,10.08,10.09,200,2021-05-06 13:38:00,AACQ
10.08,10.08,10.08,10.08,10300,2021-05-06 13:39:00,AACQ
10.09,10.1,10.09,10.1,3050,2021-05-06 13:41:00,AACQ
10.08,10.08,10.08,10.08,3200,2021-05-06 13:42:00,AACQ
10.08,10.08,10.08,10.08,200,2021-05-06 13:43:00,AACQ
10.08,10.0801,10.08,10.0801,2634,2021-05-06 13:45:00,AACQ
10.08,10.085,10.08,10.085,200,2021-05-06 13:46:00,AACQ
10.085,10.085,10.08,10.08,735,2021-05-06 13:47:00,AACQ
10.085,10.085,10.08,10.08,301,2021-05-06 13:51:00,AACQ
10.08,10.0801,10.08,10.0801,2700,2021-05-06 13:53:00,AACQ
10.08,10.08,10.08,10.08,1556,2021-05-06 13:54:00,AACQ
10.08,10.085,10.08,10.085,6600,2021-05-06 13:55:00,AACQ
10.0886,10.089,10.085,10.089,1350,2021-05-06 13:56:00,AACQ
10.085,10.085,10.08,10.08,3600,2021-05-06 13:57:00,AACQ
10.08,10.08,10.07,10.07,600,2021-05-06 13:58:00,AACQ
10.0601,10.065,10.0601,10.065,900,2021-05-06 13:59:00,AACQ
10.06,10.06,10.04,10.045,6057,2021-05-06 14:03:00,AACQ
10.045,10.05,10.04,10.05,1500,2021-05-06 14:04:00,AACQ
10.04,10.0422,10.04,10.0422,300,2021-05-06 14:05:00,AACQ
10.0401,10.045,10.0401,10.045,625,2021-05-06 14:06:00,AACQ
10.05,10.05,10.05,10.05,160,2021-05-06 14:07:00,AACQ
10.04,10.045,10.02,10.03,11640,2021-05-06 14:08:00,AACQ
10.0237,10.03,10.0101,10.0101,37528,2021-05-06 14:09:00,AACQ
10.01,10.02,10.01,10.011,5002,2021-05-06 14:10:00,AACQ
10.015,10.015,10.015,10.015,100,2021-05-06 14:11:00,AACQ
10.011,10.015,10.011,10.015,600,2021-05-06 14:12:00,AACQ
10.01,10.01,10.01,10.01,5989,2021-05-06 14:13:00,AACQ
10.01,10.01,10.01,10.01,1419,2021-05-06 14:14:00,AACQ
10.015,10.015,10.005,10.005,1200,2021-05-06 14:15:00,AACQ
10.0099,10.0099,10.0002,10.0002,200,2021-05-06 14:16:00,AACQ
10.01,10.01,10.01,10.01,100,2021-05-06 14:17:00,AACQ
10.01,10.01,10.0,10.0,300,2021-05-06 14:18:00,AACQ
10.01,10.01,9.98,10.0,36199,2021-05-06 14:19:00,AACQ
10.0,10.005,10.0,10.005,3425,2021-05-06 14:20:00,AACQ
10.005,10.005,10.0018,10.0018,300,2021-05-06 14:21:00,AACQ
10.008,10.008,10.008,10.008,1000,2021-05-06 14:22:00,AACQ
10.002,10.005,10.002,10.005,700,2021-05-06 14:23:00,AACQ
10.005,10.01,10.0001,10.0001,9016,2021-05-06 14:24:00,AACQ
10.001,10.005,10.001,10.005,200,2021-05-06 14:25:00,AACQ
10.0,10.0022,10.0,10.0022,4284,2021-05-06 14:26:00,AACQ
10.005,10.005,10.005,10.005,100,2021-05-06 14:27:00,AACQ
10.005,10.005,10.005,10.005,200,2021-05-06 14:29:00,AACQ
10.005,10.0074,10.005,10.0074,550,2021-05-06 14:31:00,AACQ
10.0,10.005,10.0,10.005,680,2021-05-06 14:32:00,AACQ
10.0001,10.0001,10.0,10.0,307,2021-05-06 14:33:00,AACQ
10.0,10.005,10.0,10.005,1213,2021-05-06 14:34:00,AACQ
10.005,10.005,10.005,10.005,100,2021-05-06 14:36:00,AACQ
10.001,10.005,10.0,10.0,700,2021-05-06 14:37:00,AACQ
10.0,10.008,10.0,10.008,500,2021-05-06 14:38:00,AACQ
10.005,10.0084,10.0,10.0,1730,2021-05-06 14:40:00,AACQ
10.001,10.005,10.0,10.005,4485,2021-05-06 14:42:00,AACQ
10.005,10.0099,10.005,10.0099,4100,2021-05-06 14:43:00,AACQ
10.005,10.005,10.0,10.0,1225,2021-05-06 14:44:00,AACQ
10.005,10.005,10.005,10.005,100,2021-05-06 14:45:00,AACQ
10.0,10.005,10.0,10.003,2117,2021-05-06 14:46:00,AACQ
10.005,10.0083,10.0,10.0,1800,2021-05-06 14:47:00,AACQ
10.0,10.0099,10.0,10.005,3100,2021-05-06 14:48:00,AACQ
10.005,10.01,10.0,10.0,11025,2021-05-06 14:49:00,AACQ
10.0099,10.0099,10.005,10.005,630,2021-05-06 14:50:00,AACQ
10.0083,10.0099,10.0,10.0099,5600,2021-05-06 14:51:00,AACQ
10.005,10.0083,10.005,10.0083,2400,2021-05-06 14:52:00,AACQ
10.005,10.005,10.0,10.005,1720,2021-05-06 14:53:00,AACQ
10.005,10.0058,10.0001,10.0001,4310,2021-05-06 14:54:00,AACQ
10.0045,10.008,10.0045,10.008,1825,2021-05-06 14:55:00,AACQ
10.0099,10.0099,10.0,10.0,5700,2021-05-06 14:56:00,AACQ
10.005,10.01,10.0,10.005,8540,2021-05-06 14:57:00,AACQ
10.0,10.0,10.0,10.0,900,2021-05-06 14:58:00,AACQ
10.005,10.005,10.005,10.005,100,2021-05-06 14:59:00,AACQ
10.0027,10.005,10.0,10.0,12900,2021-05-06 15:00:00,AACQ
10.005,10.005,10.0,10.0,1125,2021-05-06 15:01:00,AACQ
10.005,10.005,10.0,10.0,400,2021-05-06 15:02:00,AACQ
10.0,10.0074,10.0,10.0074,4730,2021-05-06 15:03:00,AACQ
10.005,10.01,10.005,10.005,10732,2021-05-06 15:04:00,AACQ
10.005,10.01,10.0,10.0076,1550,2021-05-06 15:05:00,AACQ
10.005,10.005,10.005,10.005,100,2021-05-06 15:06:00,AACQ
10.005,10.01,10.005,10.01,600,2021-05-06 15:07:00,AACQ
10.005,10.005,10.005,10.005,100,2021-05-06 15:08:00,AACQ
10.005,10.0061,10.0,10.0061,2151,2021-05-06 15:09:00,AACQ
10.0,10.01,9.995,10.01,44002,2021-05-06 15:10:00,AACQ
10.0,10.008,10.0,10.0008,3052,2021-05-06 15:11:00,AACQ
10.0016,10.005,10.0016,10.005,200,2021-05-06 15:12:00,AACQ
10.0,10.005,9.99,9.9999,19194,2021-05-06 15:13:00,AACQ
9.995,9.995,9.995,9.995,520,2021-05-06 15:14:00,AACQ
9.991,9.9999,9.99,9.99,500,2021-05-06 15:15:00,AACQ
9.98,9.99,9.98,9.985,4346,2021-05-06 15:16:00,AACQ
9.985,9.9891,9.98,9.985,1860,2021-05-06 15:17:00,AACQ
9.9801,9.985,9.98,9.985,2022,2021-05-06 15:18:00,AACQ
9.985,9.99,9.98,9.9801,6100,2021-05-06 15:19:00,AACQ
9.985,9.99,9.985,9.985,2214,2021-05-06 15:20:00,AACQ
9.985,9.985,9.985,9.985,560,2021-05-06 15:21:00,AACQ
9.9801,9.9801,9.9801,9.9801,500,2021-05-06 15:22:00,AACQ
9.985,9.985,9.985,9.985,360,2021-05-06 15:23:00,AACQ
9.99,9.9999,9.99,9.995,3073,2021-05-06 15:24:00,AACQ
9.995,10.0,9.995,10.0,300,2021-05-06 15:25:00,AACQ
9.995,9.995,9.995,9.995,200,2021-05-06 15:27:00,AACQ
9.995,9.995,9.985,9.985,1634,2021-05-06 15:28:00,AACQ
9.985,9.985,9.985,9.985,100,2021-05-06 15:29:00,AACQ
9.985,9.9899,9.98,9.98,400,2021-05-06 15:30:00,AACQ
9.985,9.9869,9.98,9.985,6044,2021-05-06 15:31:00,AACQ
9.985,9.9899,9.98,9.985,1000,2021-05-06 15:32:00,AACQ
9.988,9.99,9.985,9.985,500,2021-05-06 15:33:00,AACQ
9.985,9.9899,9.985,9.985,1310,2021-05-06 15:34:00,AACQ
9.9801,9.9899,9.9801,9.9899,1140,2021-05-06 15:36:00,AACQ
9.982,9.982,9.982,9.982,100,2021-05-06 15:37:00,AACQ
9.985,9.985,9.98,9.98,1040,2021-05-06 15:38:00,AACQ
9.98,9.985,9.98,9.985,3770,2021-05-06 15:39:00,AACQ
9.985,9.985,9.985,9.985,870,2021-05-06 15:40:00,AACQ
9.985,9.985,9.985,9.985,200,2021-05-06 15:42:00,AACQ
9.9801,9.985,9.9801,9.985,1154,2021-05-06 15:43:00,AACQ
9.985,9.985,9.985,9.985,100,2021-05-06 15:44:00,AACQ
9.99,9.99,9.985,9.985,980,2021-05-06 15:46:00,AACQ
9.9884,9.99,9.98,9.98,1172,2021-05-06 15:47:00,AACQ
9.985,9.985,9.985,9.985,100,2021-05-06 15:48:00,AACQ
9.9827,9.9827,9.9827,9.9827,178,2021-05-06 15:49:00,AACQ
9.985,9.985,9.985,9.985,200,2021-05-06 15:50:00,AACQ
9.985,9.985,9.985,9.985,200,2021-05-06 15:51:00,AACQ
9.985,9.985,9.985,9.985,100,2021-05-06 15:52:00,AACQ
9.985,9.985,9.9828,9.9828,200,2021-05-06 15:53:00,AACQ
9.9899,9.99,9.985,9.99,2394,2021-05-06 15:54:00,AACQ
9.985,9.985,9.985,9.985,470,2021-05-06 15:55:00,AACQ
9.985,9.985,9.985,9.985,200,2021-05-06 15:57:00,AACQ
9.985,9.985,9.9819,9.985,1045,2021-05-06 15:59:00,AACQ
9.98,9.985,9.98,9.98,325,2021-05-06 16:01:00,AACQ
9.985,9.985,9.985,9.985,121,2021-05-06 16:02:00,AACQ
9.985,9.985,9.98,9.985,1250,2021-05-06 16:03:00,AACQ
9.985,9.985,9.985,9.985,200,2021-05-06 16:04:00,AACQ
9.99,9.99,9.985,9.985,4900,2021-05-06 16:05:00,AACQ
9.99,9.99,9.98,9.985,5697,2021-05-06 16:06:00,AACQ
9.985,9.99,9.985,9.9899,1700,2021-05-06 16:07:00,AACQ
9.9867,9.9867,9.9867,9.9867,1000,2021-05-06 16:08:00,AACQ
9.985,9.985,9.985,9.985,100,2021-05-06 16:09:00,AACQ
9.99,9.99,9.99,9.99,500,2021-05-06 16:10:00,AACQ
9.985,9.985,9.985,9.985,100,2021-05-06 16:11:00,AACQ
9.9899,9.9899,9.985,9.985,1270,2021-05-06 16:12:00,AACQ
9.985,9.985,9.985,9.985,200,2021-05-06 16:14:00,AACQ
9.9882,9.99,9.98,9.985,1000,2021-05-06 16:15:00,AACQ
9.985,9.985,9.985,9.985,400,2021-05-06 16:16:00,AACQ
9.985,9.99,9.985,9.99,410,2021-05-06 16:18:00,AACQ
9.985,9.985,9.985,9.985,100,2021-05-06 16:19:00,AACQ
9.985,9.985,9.985,9.985,200,2021-05-06 16:20:00,AACQ
9.985,9.985,9.985,9.985,100,2021-05-06 16:22:00,AACQ
9.9801,9.9801,9.9801,9.9801,150,2021-05-06 16:23:00,AACQ
9.985,9.985,9.985,9.985,200,2021-05-06 16:24:00,AACQ
9.9827,9.9827,9.9827,9.9827,150,2021-05-06 16:25:00,AACQ
9.9878,9.99,9.985,9.9899,1680,2021-05-06 16:26:00,AACQ
9.985,9.99,9.985,9.985,4437,2021-05-06 16:27:00,AACQ
9.9801,9.985,9.9801,9.985,2300,2021-05-06 16:28:00,AACQ
9.985,9.985,9.985,9.985,100,2021-05-06 16:29:00,AACQ
9.985,9.985,9.985,9.985,100,2021-05-06 16:30:00,AACQ
9.985,9.985,9.985,9.985,100,2021-05-06 16:32:00,AACQ
9.985,9.988,9.985,9.988,1300,2021-05-06 16:33:00,AACQ
9.985,9.985,9.985,9.985,400,2021-05-06 16:34:00,AACQ
9.9801,9.99,9.98,9.985,1900,2021-05-06 16:36:00,AACQ
9.985,9.985,9.985,9.985,200,2021-05-06 16:38:00,AACQ
9.98,9.99,9.98,9.99,720,2021-05-06 16:39:00,AACQ
9.985,9.985,9.985,9.985,100,2021-05-06 16:40:00,AACQ
9.985,9.985,9.985,9.985,100,2021-05-06 16:42:00,AACQ
9.985,9.985,9.985,9.985,600,2021-05-06 16:44:00,AACQ
9.9827,9.985,9.9827,9.985,200,2021-05-06 16:45:00,AACQ
9.985,9.985,9.985,9.985,200,2021-05-06 16:46:00,AACQ
9.985,9.985,9.985,9.985,1160,2021-05-06 16:48:00,AACQ
9.9801,9.9801,9.9801,9.9801,100,2021-05-06 16:49:00,AACQ
9.985,9.985,9.985,9.985,400,2021-05-06 16:50:00,AACQ
9.98,9.985,9.98,9.985,5810,2021-05-06 16:51:00,AACQ
9.985,9.985,9.9801,9.9801,791,2021-05-06 16:52:00,AACQ
9.985,9.985,9.985,9.985,100,2021-05-06 16:53:00,AACQ
9.9817,9.99,9.9817,9.985,4590,2021-05-06 16:54:00,AACQ
9.985,9.985,9.985,9.985,430,2021-05-06 16:55:00,AACQ
9.985,9.985,9.985,9.985,100,2021-05-06 16:56:00,AACQ
9.985,9.985,9.98,9.98,200,2021-05-06 16:57:00,AACQ
9.98,9.98,9.98,9.98,500,2021-05-06 16:58:00,AACQ
9.985,9.985,9.98,9.985,947,2021-05-06 16:59:00,AACQ
9.98,9.98,9.98,9.98,100,2021-05-06 17:00:00,AACQ
9.985,10.0,9.985,9.99,32489,2021-05-06 17:04:00,AACQ
9.995,9.995,9.9825,9.9825,3453,2021-05-06 17:06:00,AACQ
9.98,9.99,9.98,9.9825,3310,2021-05-06 17:07:00,AACQ
9.985,9.99,9.98,9.99,6551,2021-05-06 17:08:00,AACQ
9.98,9.99,9.98,9.98,1900,2021-05-06 17:09:00,AACQ
9.98,9.98,9.98,9.98,100,2021-05-06 17:10:00,AACQ
9.98,9.98,9.98,9.98,100,2021-05-06 17:14:00,AACQ
9.985,9.985,9.98,9.98,200,2021-05-06 17:15:00,AACQ
9.982,9.99,9.982,9.9886,3490,2021-05-06 17:16:00,AACQ
9.9825,9.99,9.9825,9.99,500,2021-05-06 17:17:00,AACQ
9.99,9.99,9.99,9.99,200,2021-05-06 17:19:00,AACQ
9.98,9.9801,9.98,9.98,1400,2021-05-06 17:20:00,AACQ
9.985,9.985,9.985,9.985,310,2021-05-06 17:21:00,AACQ
9.985,9.99,9.97,9.97,16129,2021-05-06 17:22:00,AACQ
9.97,9.97,9.97,9.97,1206,2021-05-06 17:23:00,AACQ
9.9701,9.98,9.9701,9.98,1936,2021-05-06 17:24:00,AACQ
9.98,9.98,9.975,9.975,300,2021-05-06 17:25:00,AACQ
9.975,9.975,9.97,9.97,3000,2021-05-06 17:26:00,AACQ
9.975,9.975,9.975,9.975,100,2021-05-06 17:27:00,AACQ
9.97,9.97,9.97,9.97,5010,2021-05-06 17:29:00,AACQ
9.975,9.975,9.97,9.97,1300,2021-05-06 17:30:00,AACQ
9.97,9.975,9.97,9.975,5100,2021-05-06 17:31:00,AACQ
9.97,9.97,9.97,9.97,722,2021-05-06 17:32:00,AACQ
9.9799,9.9799,9.9799,9.9799,300,2021-05-06 17:33:00,AACQ
9.975,9.975,9.975,9.975,100,2021-05-06 17:34:00,AACQ
9.975,9.975,9.975,9.975,100,2021-05-06 17:35:00,AACQ
9.97,9.97,9.96,9.96,16318,2021-05-06 17:36:00,AACQ
9.965,9.9673,9.965,9.9673,200,2021-05-06 17:37:00,AACQ
9.96,9.96,9.96,9.96,150,2021-05-06 17:38:00,AACQ
9.97,9.97,9.97,9.97,100,2021-05-06 17:39:00,AACQ
9.97,9.97,9.97,9.97,663,2021-05-06 17:40:00,AACQ
9.97,9.97,9.97,9.97,400,2021-05-06 17:41:00,AACQ
9.96,9.96,9.96,9.96,299,2021-05-06 17:44:00,AACQ
9.9601,9.965,9.9601,9.965,6500,2021-05-06 17:45:00,AACQ
9.96,9.967,9.96,9.967,1100,2021-05-06 17:46:00,AACQ
9.97,9.97,9.96,9.96,300,2021-05-06 17:48:00,AACQ
9.97,9.97,9.96,9.96,3003,2021-05-06 17:49:00,AACQ
9.969,9.97,9.965,9.965,4100,2021-05-06 17:50:00,AACQ
9.97,9.97,9.97,9.97,3700,2021-05-06 17:51:00,AACQ
9.97,9.97,9.97,9.97,100,2021-05-06 17:52:00,AACQ
9.9623,9.97,9.9623,9.97,400,2021-05-06 17:53:00,AACQ
9.97,9.97,9.965,9.965,400,2021-05-06 17:54:00,AACQ
9.97,9.97,9.97,9.97,100,2021-05-06 17:56:00,AACQ
9.97,9.97,9.97,9.97,100,2021-05-06 17:58:00,AACQ
9.97,9.97,9.97,9.97,100,2021-05-06 17:59:00,AACQ
9.97,9.97,9.97,9.97,3177,2021-05-06 18:00:00,AACQ
9.97,9.97,9.97,9.97,900,2021-05-06 18:02:00,AACQ
9.97,9.97,9.97,9.97,200,2021-05-06 18:03:00,AACQ
9.96,9.965,9.96,9.96,2900,2021-05-06 18:04:00,AACQ
9.965,9.97,9.96,9.97,1177,2021-05-06 18:06:00,AACQ
9.97,9.97,9.97,9.97,100,2021-05-06 18:08:00,AACQ
9.97,9.975,9.97,9.975,5200,2021-05-06 18:09:00,AACQ
9.9774,9.9774,9.97,9.97,300,2021-05-06 18:10:00,AACQ
9.98,9.98,9.98,9.98,200,2021-05-06 18:11:00,AACQ
9.97,9.975,9.97,9.975,200,2021-05-06 18:12:00,AACQ
9.975,9.975,9.975,9.975,100,2021-05-06 18:14:00,AACQ
9.9799,9.9799,9.9799,9.9799,100,2021-05-06 18:15:00,AACQ
9.975,9.98,9.975,9.98,2300,2021-05-06 18:16:00,AACQ
9.98,9.99,9.98,9.98,1400,2021-05-06 18:17:00,AACQ
9.9887,9.9887,9.9887,9.9887,500,2021-05-06 18:18:00,AACQ
9.985,9.99,9.985,9.99,200,2021-05-06 18:19:00,AACQ
9.9899,9.9899,9.985,9.985,250,2021-05-06 18:20:00,AACQ
9.985,9.985,9.985,9.985,100,2021-05-06 18:21:00,AACQ
9.9801,9.99,9.98,9.98,10923,2021-05-06 18:22:00,AACQ
9.98,9.98,9.98,9.98,200,2021-05-06 18:24:00,AACQ
9.99,9.99,9.985,9.985,1200,2021-05-06 18:27:00,AACQ
9.985,9.985,9.985,9.985,100,2021-05-06 18:28:00,AACQ
9.98,9.99,9.98,9.9861,1338,2021-05-06 18:30:00,AACQ
9.985,9.985,9.985,9.985,155,2021-05-06 18:33:00,AACQ
9.9883,9.99,9.9883,9.99,500,2021-05-06 18:34:00,AACQ
9.99,9.99,9.99,9.99,100,2021-05-06 18:35:00,AACQ
9.98,9.98,9.98,9.98,4400,2021-05-06 18:36:00,AACQ
9.9724,9.9724,9.9724,9.9724,250,2021-05-06 18:37:00,AACQ
9.9701,9.975,9.9701,9.975,1200,2021-05-06 18:39:00,AACQ
9.975,9.98,9.972,9.98,1800,2021-05-06 18:43:00,AACQ
9.98,9.98,9.98,9.98,1150,2021-05-06 18:44:00,AACQ
9.985,9.985,9.985,9.985,100,2021-05-06 18:47:00,AACQ
9.99,9.99,9.98,9.98,450,2021-05-06 18:48:00,AACQ
9.985,9.985,9.9814,9.985,1200,2021-05-06 18:49:00,AACQ
9.985,9.985,9.98,9.9801,944,2021-05-06 18:51:00,AACQ
9.985,9.985,9.985,9.985,100,2021-05-06 18:52:00,AACQ
9.985,9.99,9.985,9.99,300,2021-05-06 18:53:00,AACQ
9.985,9.985,9.985,9.985,200,2021-05-06 18:54:00,AACQ
9.98,9.985,9.98,9.98,500,2021-05-06 18:55:00,AACQ
9.985,9.985,9.98,9.98,2425,2021-05-06 18:56:00,AACQ
9.98,9.98,9.97,9.97,3606,2021-05-06 18:57:00,AACQ
9.97,9.97,9.97,9.97,634,2021-05-06 18:58:00,AACQ
9.97,9.975,9.97,9.97,800,2021-05-06 18:59:00,AACQ
9.97,9.97,9.97,9.97,300,2021-05-06 19:00:00,AACQ
9.97,9.97,9.97,9.97,400,2021-05-06 19:01:00,AACQ
9.97,9.975,9.97,9.97,600,2021-05-06 19:02:00,AACQ
9.97,9.975,9.97,9.97,907,2021-05-06 19:03:00,AACQ
9.97,9.97,9.97,9.97,500,2021-05-06 19:04:00,AACQ
9.97,9.975,9.97,9.975,400,2021-05-06 19:05:00,AACQ
9.97,9.9705,9.97,9.97,600,2021-05-06 19:06:00,AACQ
9.9714,9.9714,9.97,9.97,405,2021-05-06 19:07:00,AACQ
9.97,9.975,9.97,9.975,600,2021-05-06 19:08:00,AACQ
9.975,9.975,9.97,9.97,372,2021-05-06 19:09:00,AACQ
9.97,9.975,9.97,9.975,500,2021-05-06 19:10:00,AACQ
9.975,9.975,9.97,9.97,200,2021-05-06 19:11:00,AACQ
9.97,9.98,9.97,9.97,400,2021-05-06 19:12:00,AACQ
9.97,9.97,9.97,9.97,400,2021-05-06 19:13:00,AACQ
9.97,9.97,9.97,9.97,100,2021-05-06 19:14:00,AACQ
9.975,9.975,9.97,9.97,600,2021-05-06 19:16:00,AACQ
9.975,9.975,9.975,9.975,200,2021-05-06 19:19:00,AACQ
9.978,9.978,9.978,9.978,505,2021-05-06 19:20:00,AACQ
9.97,9.97,9.97,9.97,2100,2021-05-06 19:21:00,AACQ
9.965,9.965,9.965,9.965,400,2021-05-06 19:22:00,AACQ
9.9601,9.9601,9.9601,9.9601,650,2021-05-06 19:25:00,AACQ
9.965,9.965,9.96,9.965,6343,2021-05-06 19:26:00,AACQ
9.9685,9.9685,9.9685,9.9685,803,2021-05-06 19:29:00,AACQ
9.965,9.965,9.965,9.965,200,2021-05-06 19:30:00,AACQ
9.965,9.965,9.962,9.962,283,2021-05-06 19:31:00,AACQ
9.9601,9.97,9.9601,9.965,4100,2021-05-06 19:32:00,AACQ
9.97,9.97,9.97,9.97,7582,2021-05-06 19:33:00,AACQ
9.975,9.975,9.975,9.975,236,2021-05-06 19:34:00,AACQ
9.975,9.975,9.97,9.97,1300,2021-05-06 19:35:00,AACQ
9.97,9.97,9.97,9.97,500,2021-05-06 19:36:00,AACQ
9.975,9.975,9.97,9.97,800,2021-05-06 19:37:00,AACQ
9.98,9.98,9.97,9.975,22549,2021-05-06 19:38:00,AACQ
9.975,9.975,9.975,9.975,101,2021-05-06 19:39:00,AACQ
9.97,9.97,9.94,9.9484,38223,2021-05-06 19:40:00,AACQ
9.945,9.945,9.94,9.94,200,2021-05-06 19:41:00,AACQ
9.942,9.942,9.88,9.93,103372,2021-05-06 19:42:00,AACQ
9.9312,9.935,9.9312,9.935,635,2021-05-06 19:43:00,AACQ
9.93,9.93,9.92,9.92,18250,2021-05-06 19:44:00,AACQ
9.93,9.935,9.93,9.93,3870,2021-05-06 19:45:00,AACQ
9.9201,9.925,9.9201,9.925,4764,2021-05-06 19:46:00,AACQ
9.925,9.925,9.925,9.925,380,2021-05-06 19:47:00,AACQ
9.93,9.93,9.925,9.93,14893,2021-05-06 19:48:00,AACQ
9.93,9.93,9.9,9.9199,105060,2021-05-06 19:49:00,AACQ
9.92,9.925,9.915,9.925,18122,2021-05-06 19:50:00,AACQ
9.925,9.925,9.92,9.925,763,2021-05-06 19:51:00,AACQ
9.9222,9.9319,9.9222,9.93,6367,2021-05-06 19:52:00,AACQ
9.93,9.935,9.93,9.935,2551,2021-05-06 19:53:00,AACQ
9.93,9.9301,9.93,9.9301,606,2021-05-06 19:54:00,AACQ
9.9301,9.935,9.93,9.935,1206,2021-05-06 19:55:00,AACQ
9.9301,9.9301,9.925,9.93,6843,2021-05-06 19:56:00,AACQ
9.925,9.93,9.9201,9.9201,2495,2021-05-06 19:57:00,AACQ
9.925,9.93,9.92,9.92,7055,2021-05-06 19:58:00,AACQ
9.925,9.93,9.92,9.93,10931,2021-05-06 19:59:00,AACQ
9.92,9.93,9.92,9.93,2127,2021-05-06 20:00:00,AACQ
9.93,9.93,9.93,9.93,759,2021-05-06 20:02:00,AACQ
9.94,9.94,9.94,9.94,405,2021-05-06 20:12:00,AACQ
9.95,9.95,9.95,9.95,285,2021-05-06 20:27:00,AACQ
9.95,9.95,9.95,9.95,300,2021-05-06 20:55:00,AACQ
9.92,9.92,9.92,9.92,100,2021-05-06 21:16:00,AACQ
9.92,9.92,9.92,9.92,200,2021-05-06 21:34:00,AACQ
9.92,9.92,9.92,9.92,500,2021-05-06 21:47:00,AACQ
9.92,9.92,9.92,9.92,250,2021-05-06 21:53:00,AACQ
9.92,9.92,9.92,9.92,200,2021-05-06 22:16:00,AACQ
9.98,9.98,9.98,9.98,150,2021-05-06 22:42:00,AACQ
9.97,9.97,9.97,9.97,100,2021-05-06 22:48:00,AACQ
9.98,9.98,9.98,9.98,705,2021-05-06 23:54:00,AACQ
9.98,9.98,9.98,9.98,1000,2021-05-06 23:58:00,AACQ
9.95,9.95,9.95,9.95,100,2021-05-07 13:14:00,AACQ
9.92,9.93,9.92,9.929,2738,2021-05-07 13:30:00,AACQ
9.93,9.93,9.93,9.93,475,2021-05-07 13:31:00,AACQ
9.929,9.929,9.9216,9.9216,1500,2021-05-07 13:34:00,AACQ
9.93,9.94,9.92,9.94,1200,2021-05-07 13:35:00,AACQ
9.94,9.95,9.94,9.95,2185,2021-05-07 13:36:00,AACQ
9.96,9.96,9.96,9.96,100,2021-05-07 13:37:00,AACQ
9.97,9.97,9.97,9.97,3041,2021-05-07 13:38:00,AACQ
9.96,9.96,9.95,9.95,300,2021-05-07 13:39:00,AACQ
9.95,9.96,9.95,9.96,2317,2021-05-07 13:40:00,AACQ
9.96,9.96,9.95,9.9502,1600,2021-05-07 13:41:00,AACQ
9.95,9.96,9.95,9.96,2107,2021-05-07 13:42:00,AACQ
9.96,9.97,9.96,9.97,1210,2021-05-07 13:43:00,AACQ
9.97,9.97,9.96,9.97,2567,2021-05-07 13:44:00,AACQ
9.96,9.97,9.96,9.97,900,2021-05-07 13:45:00,AACQ
9.97,9.98,9.97,9.98,2751,2021-05-07 13:46:00,AACQ
9.98,9.9916,9.98,9.9916,6114,2021-05-07 13:47:00,AACQ
9.99,9.99,9.99,9.99,500,2021-05-07 13:48:00,AACQ
9.98,9.99,9.98,9.9893,6565,2021-05-07 13:49:00,AACQ
9.99,10.01,9.99,9.99,30700,2021-05-07 13:50:00,AACQ
9.98,9.99,9.97,9.99,14775,2021-05-07 13:51:00,AACQ
9.99,9.99,9.99,9.99,3200,2021-05-07 13:52:00,AACQ
9.99,9.99,9.9895,9.99,4800,2021-05-07 13:53:00,AACQ
9.99,9.995,9.99,9.995,62600,2021-05-07 13:54:00,AACQ
9.995,9.995,9.99,9.995,6400,2021-05-07 13:55:00,AACQ
9.995,10.0,9.995,10.0,3332,2021-05-07 13:56:00,AACQ
10.0,10.0,10.0,10.0,1050,2021-05-07 13:57:00,AACQ
10.0,10.0,9.98,9.99,17895,2021-05-07 13:58:00,AACQ
9.98,9.99,9.98,9.99,1010,2021-05-07 13:59:00,AACQ
9.995,9.995,9.995,9.995,200,2021-05-07 14:00:00,AACQ
9.995,9.995,9.99,9.99,700,2021-05-07 14:01:00,AACQ
9.98,9.99,9.979,9.99,5488,2021-05-07 14:02:00,AACQ
9.99,10.0,9.99,10.0,1825,2021-05-07 14:03:00,AACQ
9.99,9.99,9.99,9.99,100,2021-05-07 14:04:00,AACQ
9.985,9.985,9.985,9.985,100,2021-05-07 14:05:00,AACQ
9.99,9.99,9.9897,9.9897,350,2021-05-07 14:06:00,AACQ
9.9899,9.99,9.98,9.98,654,2021-05-07 14:07:00,AACQ
9.9801,9.99,9.9801,9.99,400,2021-05-07 14:08:00,AACQ
9.98,9.99,9.98,9.99,300,2021-05-07 14:09:00,AACQ
9.9901,9.9901,9.9901,9.9901,100,2021-05-07 14:10:00,AACQ
10.0,10.0,9.9999,9.9999,4100,2021-05-07 14:13:00,AACQ
10.0,10.0,10.0,10.0,100,2021-05-07 14:14:00,AACQ
9.99,10.0,9.99,10.0,2182,2021-05-07 14:15:00,AACQ
10.0,10.0,9.992,9.995,950,2021-05-07 14:16:00,AACQ
9.995,9.995,9.995,9.995,100,2021-05-07 14:17:00,AACQ
10.0,10.0,10.0,10.0,100,2021-05-07 14:19:00,AACQ
10.0,10.0,10.0,10.0,100,2021-05-07 14:20:00,AACQ
9.995,9.995,9.995,9.995,150,2021-05-07 14:21:00,AACQ
9.9984,10.0,9.98,9.98,10542,2021-05-07 14:22:00,AACQ
9.985,9.985,9.985,9.985,100,2021-05-07 14:24:00,AACQ
9.988,9.988,9.988,9.988,450,2021-05-07 14:25:00,AACQ
9.98,9.9825,9.97,9.97,7000,2021-05-07 14:26:00,AACQ
9.975,9.975,9.975,9.975,100,2021-05-07 14:27:00,AACQ
9.975,9.975,9.975,9.975,300,2021-05-07 14:28:00,AACQ
9.975,9.975,9.975,9.975,100,2021-05-07 14:29:00,AACQ
9.975,9.975,9.975,9.975,100,2021-05-07 14:30:00,AACQ
9.9709,9.975,9.9709,9.975,1100,2021-05-07 14:31:00,AACQ
9.9713,9.9713,9.97,9.97,200,2021-05-07 14:32:00,AACQ
9.975,9.975,9.975,9.975,100,2021-05-07 14:33:00,AACQ
9.975,9.975,9.975,9.975,100,2021-05-07 14:34:00,AACQ
9.975,9.975,9.975,9.975,100,2021-05-07 14:35:00,AACQ
9.97,9.97,9.96,9.96,3000,2021-05-07 14:36:00,AACQ
9.965,9.965,9.965,9.965,200,2021-05-07 14:37:00,AACQ
9.965,9.965,9.965,9.965,100,2021-05-07 14:38:00,AACQ
9.965,9.965,9.965,9.965,100,2021-05-07 14:39:00,AACQ
9.965,9.965,9.965,9.965,100,2021-05-07 14:41:00,AACQ
9.965,9.965,9.965,9.965,100,2021-05-07 14:42:00,AACQ
9.962,9.965,9.962,9.965,900,2021-05-07 14:43:00,AACQ
9.9699,9.9699,9.9699,9.9699,400,2021-05-07 14:44:00,AACQ
9.965,9.965,9.965,9.965,700,2021-05-07 14:45:00,AACQ
9.965,9.965,9.965,9.965,1200,2021-05-07 14:46:00,AACQ
9.965,9.965,9.965,9.965,100,2021-05-07 14:47:00,AACQ
9.9683,9.9683,9.9683,9.9683,500,2021-05-07 14:48:00,AACQ
9.96,9.96,9.955,9.955,500,2021-05-07 14:49:00,AACQ
9.95,9.96,9.95,9.96,1900,2021-05-07 14:50:00,AACQ
9.96,9.96,9.95,9.955,3355,2021-05-07 14:51:00,AACQ
9.958,9.96,9.955,9.955,10200,2021-05-07 14:52:00,AACQ
9.95,9.96,9.95,9.96,300,2021-05-07 14:53:00,AACQ
9.955,9.955,9.955,9.955,100,2021-05-07 14:54:00,AACQ
9.955,9.955,9.955,9.955,100,2021-05-07 14:55:00,AACQ
9.955,9.955,9.95,9.95,1400,2021-05-07 14:57:00,AACQ
9.955,9.955,9.95,9.95,1050,2021-05-07 14:58:00,AACQ
9.955,9.955,9.955,9.955,100,2021-05-07 15:01:00,AACQ
9.95,9.95,9.9317,9.94,38058,2021-05-07 15:02:00,AACQ
9.945,9.945,9.945,9.945,200,2021-05-07 15:03:00,AACQ
9.945,9.945,9.945,9.945,100,2021-05-07 15:04:00,AACQ
9.945,9.95,9.945,9.945,400,2021-05-07 15:06:00,AACQ
9.945,9.949,9.945,9.949,2100,2021-05-07 15:07:00,AACQ
9.945,9.945,9.945,9.945,100,2021-05-07 15:08:00,AACQ
9.94,9.94,9.94,9.94,100,2021-05-07 15:09:00,AACQ
9.945,9.945,9.945,9.945,100,2021-05-07 15:11:00,AACQ
9.94,9.94,9.94,9.94,900,2021-05-07 15:12:00,AACQ
9.94,9.94,9.94,9.94,100,2021-05-07 15:13:00,AACQ
9.94,9.94,9.935,9.94,8493,2021-05-07 15:14:00,AACQ
9.9382,9.945,9.9382,9.94,8400,2021-05-07 15:15:00,AACQ
9.94,9.94,9.93,9.94,3232,2021-05-07 15:16:00,AACQ
9.93,9.93,9.93,9.93,100,2021-05-07 15:18:00,AACQ
9.935,9.935,9.935,9.935,1100,2021-05-07 15:19:00,AACQ
9.935,9.935,9.935,9.935,100,2021-05-07 15:20:00,AACQ
9.94,9.94,9.93,9.93,600,2021-05-07 15:21:00,AACQ
9.935,9.935,9.935,9.935,100,2021-05-07 15:22:00,AACQ
9.935,9.935,9.935,9.935,100,2021-05-07 15:23:00,AACQ
9.935,9.94,9.93,9.93,1373,2021-05-07 15:25:00,AACQ
9.93,9.935,9.93,9.935,2342,2021-05-07 15:26:00,AACQ
9.93,9.93,9.93,9.93,1900,2021-05-07 15:27:00,AACQ
9.935,9.935,9.935,9.935,100,2021-05-07 15:28:00,AACQ
9.93,9.93,9.93,9.93,700,2021-05-07 15:29:00,AACQ
9.935,9.935,9.935,9.935,100,2021-05-07 15:30:00,AACQ
9.935,9.935,9.935,9.935,100,2021-05-07 15:32:00,AACQ
9.93,9.935,9.93,9.935,900,2021-05-07 15:33:00,AACQ
9.93,9.93,9.93,9.93,200,2021-05-07 15:34:00,AACQ
9.9378,9.9378,9.935,9.935,200,2021-05-07 15:35:00,AACQ
9.935,9.935,9.935,9.935,300,2021-05-07 15:37:00,AACQ
9.93,9.93,9.93,9.93,200,2021-05-07 15:38:00,AACQ
9.935,9.935,9.935,9.935,100,2021-05-07 15:39:00,AACQ
9.932,9.932,9.93,9.93,200,2021-05-07 15:40:00,AACQ
9.93,9.935,9.93,9.935,200,2021-05-07 15:41:00,AACQ
9.935,9.935,9.93,9.9301,800,2021-05-07 15:43:00,AACQ
9.935,9.935,9.935,9.935,100,2021-05-07 15:45:00,AACQ
9.93,9.935,9.93,9.935,700,2021-05-07 15:47:00,AACQ
9.9351,9.9351,9.9319,9.9319,600,2021-05-07 15:48:00,AACQ
9.935,9.94,9.93,9.935,31512,2021-05-07 15:49:00,AACQ
9.9379,9.9379,9.93,9.935,1900,2021-05-07 15:50:00,AACQ
9.935,9.935,9.935,9.935,100,2021-05-07 15:51:00,AACQ
9.93,9.93,9.93,9.93,1200,2021-05-07 15:52:00,AACQ
9.93,9.935,9.93,9.935,200,2021-05-07 15:53:00,AACQ
9.935,9.935,9.935,9.935,100,2021-05-07 15:55:00,AACQ
9.93,9.93,9.93,9.93,200,2021-05-07 15:57:00,AACQ
9.9306,9.9306,9.9306,9.9306,2000,2021-05-07 15:58:00,AACQ
9.935,9.935,9.92,9.925,6325,2021-05-07 15:59:00,AACQ
9.925,9.925,9.925,9.925,100,2021-05-07 16:01:00,AACQ
9.925,9.925,9.925,9.925,100,2021-05-07 16:02:00,AACQ
9.92,9.925,9.92,9.92,3275,2021-05-07 16:03:00,AACQ
9.9272,9.9272,9.9272,9.9272,100,2021-05-07 16:05:00,AACQ
9.925,9.925,9.925,9.925,100,2021-05-07 16:06:00,AACQ
9.92,9.92,9.92,9.92,2000,2021-05-07 16:07:00,AACQ
9.925,9.925,9.92,9.92,2034,2021-05-07 16:08:00,AACQ
9.925,9.925,9.925,9.925,200,2021-05-07 16:09:00,AACQ
9.92,9.92,9.92,9.92,1400,2021-05-07 16:10:00,AACQ
9.925,9.9277,9.92,9.92,1500,2021-05-07 16:12:00,AACQ
9.925,9.9293,9.925,9.925,11993,2021-05-07 16:13:00,AACQ
9.925,9.925,9.92,9.92,16049,2021-05-07 16:14:00,AACQ
9.92,9.9283,9.92,9.925,500,2021-05-07 16:16:00,AACQ
9.925,9.925,9.925,9.925,100,2021-05-07 16:17:00,AACQ
9.93,9.93,9.93,9.93,107,2021-05-07 16:18:00,AACQ
9.925,9.925,9.92,9.92,200,2021-05-07 16:19:00,AACQ
9.925,9.925,9.92,9.92,200,2021-05-07 16:21:00,AACQ
9.925,9.925,9.925,9.925,100,2021-05-07 16:23:00,AACQ
9.925,9.925,9.92,9.92,200,2021-05-07 16:24:00,AACQ
9.9217,9.925,9.9217,9.925,200,2021-05-07 16:26:00,AACQ
9.92,9.92,9.915,9.92,9333,2021-05-07 16:27:00,AACQ
9.9197,9.92,9.915,9.915,2100,2021-05-07 16:28:00,AACQ
9.91,9.91,9.91,9.91,100,2021-05-07 16:29:00,AACQ
9.915,9.915,9.915,9.915,100,2021-05-07 16:31:00,AACQ
9.9121,9.919,9.91,9.912,2012,2021-05-07 16:32:00,AACQ
9.91,9.9101,9.91,9.91,1000,2021-05-07 16:33:00,AACQ
9.92,9.92,9.91,9.91,26939,2021-05-07 16:34:00,AACQ
9.915,9.915,9.915,9.915,100,2021-05-07 16:35:00,AACQ
9.91,9.91,9.91,9.91,100,2021-05-07 16:36:00,AACQ
9.91,9.92,9.91,9.92,14507,2021-05-07 16:38:00,AACQ
9.92,9.92,9.92,9.92,100,2021-05-07 16:39:00,AACQ
9.92,9.92,9.92,9.92,100,2021-05-07 16:41:00,AACQ
9.92,9.92,9.92,9.92,1437,2021-05-07 16:44:00,AACQ
9.92,9.925,9.92,9.92,2200,2021-05-07 16:46:00,AACQ
9.925,9.925,9.925,9.925,100,2021-05-07 16:48:00,AACQ
9.925,9.925,9.915,9.915,4163,2021-05-07 16:49:00,AACQ
9.915,9.915,9.915,9.915,600,2021-05-07 16:50:00,AACQ
9.91,9.915,9.91,9.915,3170,2021-05-07 16:51:00,AACQ
9.91,9.91,9.91,9.91,2100,2021-05-07 16:52:00,AACQ
9.915,9.915,9.915,9.915,100,2021-05-07 16:54:00,AACQ
9.91,9.915,9.91,9.915,2685,2021-05-07 16:55:00,AACQ
9.9101,9.915,9.91,9.91,1950,2021-05-07 16:57:00,AACQ
9.9122,9.915,9.9122,9.915,3800,2021-05-07 16:58:00,AACQ
9.915,9.915,9.915,9.915,536,2021-05-07 16:59:00,AACQ
9.915,9.915,9.9116,9.915,1098,2021-05-07 17:00:00,AACQ
9.915,9.915,9.915,9.915,450,2021-05-07 17:02:00,AACQ
9.915,9.915,9.915,9.915,300,2021-05-07 17:03:00,AACQ
9.91,9.915,9.91,9.915,4635,2021-05-07 17:04:00,AACQ
9.915,9.915,9.915,9.915,300,2021-05-07 17:05:00,AACQ
9.915,9.915,9.915,9.915,400,2021-05-07 17:06:00,AACQ
9.915,9.915,9.915,9.915,439,2021-05-07 17:07:00,AACQ
9.91,9.915,9.91,9.915,500,2021-05-07 17:08:00,AACQ
9.915,9.915,9.915,9.915,1109,2021-05-07 17:09:00,AACQ
9.915,9.915,9.915,9.915,300,2021-05-07 17:10:00,AACQ
9.915,9.915,9.915,9.915,200,2021-05-07 17:11:00,AACQ
9.915,9.915,9.915,9.915,100,2021-05-07 17:12:00,AACQ
9.915,9.915,9.915,9.915,400,2021-05-07 17:13:00,AACQ
9.915,9.915,9.915,9.915,400,2021-05-07 17:14:00,AACQ
9.915,9.915,9.91,9.91,353,2021-05-07 17:15:00,AACQ
9.915,9.915,9.915,9.915,200,2021-05-07 17:16:00,AACQ
9.915,9.915,9.91,9.915,4915,2021-05-07 17:17:00,AACQ
9.915,9.915,9.915,9.915,300,2021-05-07 17:18:00,AACQ
9.915,9.915,9.9126,9.9126,800,2021-05-07 17:19:00,AACQ
9.915,9.915,9.915,9.915,235,2021-05-07 17:20:00,AACQ
9.915,9.9178,9.915,9.915,300,2021-05-07 17:21:00,AACQ
9.915,9.915,9.915,9.915,200,2021-05-07 17:22:00,AACQ
9.915,9.915,9.915,9.915,100,2021-05-07 17:23:00,AACQ
9.915,9.915,9.915,9.915,200,2021-05-07 17:24:00,AACQ
9.915,9.915,9.915,9.915,443,2021-05-07 17:25:00,AACQ
9.915,9.92,9.91,9.915,8106,2021-05-07 17:26:00,AACQ
9.91,9.915,9.91,9.915,400,2021-05-07 17:27:00,AACQ
9.91,9.915,9.91,9.91,1900,2021-05-07 17:28:00,AACQ
9.915,9.915,9.915,9.915,100,2021-05-07 17:30:00,AACQ
9.915,9.915,9.91,9.91,1000,2021-05-07 17:31:00,AACQ
9.915,9.915,9.915,9.915,100,2021-05-07 17:32:00,AACQ
9.915,9.918,9.915,9.915,300,2021-05-07 17:33:00,AACQ
9.915,9.915,9.915,9.915,200,2021-05-07 17:34:00,AACQ
9.91,9.915,9.91,9.915,700,2021-05-07 17:35:00,AACQ
9.915,9.915,9.915,9.915,100,2021-05-07 17:36:00,AACQ
9.915,9.915,9.915,9.915,200,2021-05-07 17:37:00,AACQ
9.915,9.915,9.915,9.915,100,2021-05-07 17:38:00,AACQ
9.915,9.915,9.915,9.915,800,2021-05-07 17:39:00,AACQ
9.915,9.915,9.91,9.915,600,2021-05-07 17:40:00,AACQ
9.915,9.915,9.915,9.915,300,2021-05-07 17:41:00,AACQ
9.915,9.915,9.915,9.915,100,2021-05-07 17:42:00,AACQ
9.91,9.915,9.91,9.91,600,2021-05-07 17:43:00,AACQ
9.915,9.915,9.91,9.91,1600,2021-05-07 17:44:00,AACQ
9.915,9.915,9.915,9.915,100,2021-05-07 17:45:00,AACQ
9.92,9.92,9.91,9.91,1127,2021-05-07 17:46:00,AACQ
9.915,9.915,9.91,9.915,10354,2021-05-07 17:47:00,AACQ
9.915,9.915,9.91,9.91,774,2021-05-07 17:48:00,AACQ
9.915,9.915,9.915,9.915,200,2021-05-07 17:49:00,AACQ
9.915,9.915,9.915,9.915,200,2021-05-07 17:50:00,AACQ
9.915,9.915,9.91,9.915,15914,2021-05-07 17:51:00,AACQ
9.915,9.915,9.91,9.91,3426,2021-05-07 17:52:00,AACQ
9.915,9.915,9.915,9.915,1100,2021-05-07 17:53:00,AACQ
9.92,9.92,9.92,9.92,300,2021-05-07 17:54:00,AACQ
9.91,9.915,9.91,9.91,40574,2021-05-07 17:55:00,AACQ
9.915,9.915,9.91,9.915,1100,2021-05-07 17:56:00,AACQ
9.915,9.915,9.915,9.915,400,2021-05-07 17:57:00,AACQ
9.915,9.9199,9.915,9.9199,1740,2021-05-07 17:58:00,AACQ
9.915,9.915,9.91,9.915,7000,2021-05-07 17:59:00,AACQ
9.915,9.915,9.915,9.915,240,2021-05-07 18:00:00,AACQ
9.915,9.915,9.915,9.915,300,2021-05-07 18:01:00,AACQ
9.915,9.915,9.915,9.915,100,2021-05-07 18:02:00,AACQ
9.915,9.9199,9.91,9.915,6750,2021-05-07 18:03:00,AACQ
9.915,9.92,9.915,9.92,9784,2021-05-07 18:04:00,AACQ
9.925,9.925,9.925,9.925,100,2021-05-07 18:05:00,AACQ
9.93,9.93,9.93,9.93,500,2021-05-07 18:06:00,AACQ
9.925,9.925,9.925,9.925,100,2021-05-07 18:07:00,AACQ
9.928,9.93,9.92,9.93,10206,2021-05-07 18:08:00,AACQ
9.93,9.94,9.93,9.93,3400,2021-05-07 18:09:00,AACQ
9.935,9.94,9.935,9.94,400,2021-05-07 18:10:00,AACQ
9.94,9.94,9.935,9.94,350,2021-05-07 18:11:00,AACQ
9.94,9.94,9.94,9.94,200,2021-05-07 18:13:00,AACQ
9.94,9.94,9.94,9.94,200,2021-05-07 18:14:00,AACQ
9.9326,9.9326,9.9326,9.9326,200,2021-05-07 18:15:00,AACQ
9.94,9.94,9.94,9.94,100,2021-05-07 18:16:00,AACQ
9.94,9.94,9.94,9.94,200,2021-05-07 18:17:00,AACQ
9.94,9.94,9.94,9.94,100,2021-05-07 18:18:00,AACQ
9.93,9.94,9.93,9.94,1040,2021-05-07 18:19:00,AACQ
9.94,9.94,9.9363,9.94,400,2021-05-07 18:20:00,AACQ
9.935,9.94,9.935,9.94,600,2021-05-07 18:21:00,AACQ
9.9301,9.935,9.9301,9.935,700,2021-05-07 18:23:00,AACQ
9.935,9.935,9.935,9.935,400,2021-05-07 18:24:00,AACQ
9.9301,9.935,9.9301,9.935,254,2021-05-07 18:25:00,AACQ
9.935,9.935,9.935,9.935,200,2021-05-07 18:26:00,AACQ
9.935,9.935,9.935,9.935,200,2021-05-07 18:28:00,AACQ
9.935,9.935,9.935,9.935,300,2021-05-07 18:29:00,AACQ
9.935,9.935,9.935,9.935,100,2021-05-07 18:30:00,AACQ
9.935,9.935,9.935,9.935,300,2021-05-07 18:31:00,AACQ
9.935,9.935,9.93,9.9301,300,2021-05-07 18:32:00,AACQ
9.935,9.935,9.935,9.935,100,2021-05-07 18:33:00,AACQ
9.935,9.935,9.93,9.93,200,2021-05-07 18:34:00,AACQ
9.935,9.935,9.93,9.935,900,2021-05-07 18:35:00,AACQ
9.935,9.935,9.935,9.935,200,2021-05-07 18:36:00,AACQ
9.935,9.935,9.935,9.935,400,2021-05-07 18:37:00,AACQ
9.935,9.935,9.935,9.935,100,2021-05-07 18:38:00,AACQ
9.935,9.935,9.935,9.935,100,2021-05-07 18:39:00,AACQ
9.935,9.935,9.935,9.935,200,2021-05-07 18:40:00,AACQ
9.935,9.9375,9.93,9.93,400,2021-05-07 18:41:00,AACQ
9.935,9.935,9.92,9.92,6851,2021-05-07 18:42:00,AACQ
9.915,9.915,9.905,9.905,17737,2021-05-07 18:43:00,AACQ
9.9,9.91,9.9,9.905,6654,2021-05-07 18:44:00,AACQ
9.9,9.91,9.9,9.91,1100,2021-05-07 18:46:00,AACQ
9.91,9.91,9.91,9.91,100,2021-05-07 18:47:00,AACQ
9.91,9.91,9.91,9.91,1623,2021-05-07 18:49:00,AACQ
9.92,9.92,9.92,9.92,400,2021-05-07 18:50:00,AACQ
9.92,9.92,9.92,9.92,200,2021-05-07 18:51:00,AACQ
9.92,9.92,9.92,9.92,100,2021-05-07 18:53:00,AACQ
9.92,9.92,9.92,9.92,2000,2021-05-07 18:54:00,AACQ
9.93,9.93,9.93,9.93,200,2021-05-07 18:55:00,AACQ
9.92,9.93,9.92,9.93,900,2021-05-07 18:56:00,AACQ
9.92,9.93,9.92,9.93,400,2021-05-07 18:57:00,AACQ
9.93,9.93,9.93,9.93,100,2021-05-07 18:58:00,AACQ
9.93,9.93,9.92,9.9211,1200,2021-05-07 18:59:00,AACQ
9.93,9.93,9.93,9.93,200,2021-05-07 19:00:00,AACQ
9.93,9.93,9.92,9.925,543,2021-05-07 19:01:00,AACQ
9.92,9.925,9.92,9.925,2400,2021-05-07 19:02:00,AACQ
9.92,9.92,9.92,9.92,500,2021-05-07 19:04:00,AACQ
9.9299,9.9299,9.925,9.925,600,2021-05-07 19:05:00,AACQ
9.9202,9.9202,9.92,9.92,400,2021-05-07 19:06:00,AACQ
9.92,9.925,9.92,9.92,19000,2021-05-07 19:07:00,AACQ
9.915,9.915,9.91,9.915,600,2021-05-07 19:08:00,AACQ
9.915,9.915,9.915,9.915,200,2021-05-07 19:09:00,AACQ
9.92,9.92,9.92,9.92,100,2021-05-07 19:12:00,AACQ
9.92,9.92,9.92,9.92,200,2021-05-07 19:13:00,AACQ
9.92,9.92,9.92,9.92,500,2021-05-07 19:14:00,AACQ
9.92,9.92,9.92,9.92,100,2021-05-07 19:15:00,AACQ
9.92,9.92,9.92,9.92,100,2021-05-07 19:17:00,AACQ
9.92,9.92,9.91,9.91,3200,2021-05-07 19:18:00,AACQ
9.92,9.92,9.92,9.92,200,2021-05-07 19:20:00,AACQ
9.92,9.92,9.92,9.92,492,2021-05-07 19:21:00,AACQ
9.92,9.92,9.92,9.92,400,2021-05-07 19:22:00,AACQ
9.915,9.915,9.915,9.915,800,2021-05-07 19:23:00,AACQ
9.92,9.92,9.9153,9.92,400,2021-05-07 19:24:00,AACQ
9.92,9.92,9.92,9.92,300,2021-05-07 19:25:00,AACQ
9.92,9.92,9.92,9.92,100,2021-05-07 19:26:00,AACQ
9.92,9.92,9.92,9.92,500,2021-05-07 19:27:00,AACQ
9.92,9.92,9.92,9.92,200,2021-05-07 19:28:00,AACQ
9.915,9.92,9.915,9.92,986,2021-05-07 19:29:00,AACQ
9.92,9.92,9.92,9.92,100,2021-05-07 19:30:00,AACQ
9.92,9.92,9.92,9.92,300,2021-05-07 19:31:00,AACQ
9.92,9.92,9.9101,9.92,600,2021-05-07 19:32:00,AACQ
9.92,9.92,9.92,9.92,1038,2021-05-07 19:33:00,AACQ
9.92,9.92,9.92,9.92,100,2021-05-07 19:34:00,AACQ
9.915,9.92,9.915,9.92,1270,2021-05-07 19:35:00,AACQ
9.9194,9.92,9.9194,9.92,2100,2021-05-07 19:36:00,AACQ
9.92,9.92,9.9199,9.92,960,2021-05-07 19:37:00,AACQ
9.915,9.915,9.915,9.915,200,2021-05-07 19:38:00,AACQ
9.92,9.92,9.91,9.915,504,2021-05-07 19:39:00,AACQ
9.91,9.92,9.91,9.9123,800,2021-05-07 19:40:00,AACQ
9.9185,9.92,9.9185,9.92,260,2021-05-07 19:41:00,AACQ
9.92,9.92,9.915,9.92,800,2021-05-07 19:42:00,AACQ
9.9185,9.92,9.9185,9.92,1118,2021-05-07 19:43:00,AACQ
9.918,9.92,9.918,9.92,489,2021-05-07 19:44:00,AACQ
9.92,9.92,9.9127,9.9127,403,2021-05-07 19:45:00,AACQ
9.92,9.92,9.92,9.92,500,2021-05-07 19:46:00,AACQ
9.92,9.92,9.92,9.92,100,2021-05-07 19:47:00,AACQ
9.92,9.92,9.92,9.92,900,2021-05-07 19:48:00,AACQ
9.92,9.92,9.915,9.92,839,2021-05-07 19:49:00,AACQ
9.92,9.92,9.92,9.92,732,2021-05-07 19:50:00,AACQ
9.915,9.92,9.912,9.912,6000,2021-05-07 19:51:00,AACQ
9.92,9.92,9.9122,9.9122,675,2021-05-07 19:52:00,AACQ
9.92,9.92,9.9122,9.92,1975,2021-05-07 19:53:00,AACQ
9.92,9.92,9.9199,9.92,3133,2021-05-07 19:54:00,AACQ
9.92,9.93,9.92,9.9201,10147,2021-05-07 19:55:00,AACQ
9.93,9.94,9.92,9.93,19226,2021-05-07 19:56:00,AACQ
9.93,9.93,9.92,9.925,2706,2021-05-07 19:57:00,AACQ
9.92,9.925,9.92,9.92,4851,2021-05-07 19:58:00,AACQ
9.92,9.94,9.91,9.94,22897,2021-05-07 19:59:00,AACQ
9.91,9.91,9.91,9.91,1573,2021-05-07 20:00:00,AACQ
9.91,9.91,9.91,9.91,102,2021-05-07 20:09:00,AACQ
9.95,9.95,9.95,9.95,250,2021-05-07 22:49:00,AACQ
9.95,9.95,9.95,9.95,230,2021-05-07 23:16:00,AACQ
9.93,9.93,9.93,9.93,100,2021-05-07 23:35:00,AACQ
9.9,9.9,9.9,9.9,237,2021-05-07 23:58:00,AACQ
9.96,9.96,9.96,9.96,396,2021-05-10 13:08:00,AACQ
9.96,9.96,9.96,9.96,121,2021-05-10 13:22:00,AACQ
9.97,9.97,9.97,9.97,400,2021-05-10 13:29:00,AACQ
9.99,9.99,9.92,9.9599,17214,2021-05-10 13:30:00,AACQ
9.97,9.97,9.96,9.9665,4523,2021-05-10 13:31:00,AACQ
9.96,9.97,9.95,9.96,5514,2021-05-10 13:32:00,AACQ
9.9599,9.97,9.95,9.9682,2000,2021-05-10 13:33:00,AACQ
9.96,9.9699,9.94,9.94,899,2021-05-10 13:34:00,AACQ
9.945,9.95,9.94,9.94,1401,2021-05-10 13:35:00,AACQ
9.945,9.9499,9.94,9.94,2400,2021-05-10 13:36:00,AACQ
9.948,9.9515,9.945,9.951,1880,2021-05-10 13:37:00,AACQ
9.96,9.96,9.96,9.96,800,2021-05-10 13:38:00,AACQ
9.9649,9.97,9.95,9.97,2859,2021-05-10 13:39:00,AACQ
9.96,9.96,9.9482,9.9482,5219,2021-05-10 13:40:00,AACQ
9.9499,9.95,9.9499,9.9499,496,2021-05-10 13:41:00,AACQ
9.9585,9.97,9.9585,9.9601,900,2021-05-10 13:42:00,AACQ
9.9683,9.98,9.965,9.9799,4342,2021-05-10 13:43:00,AACQ
9.98,9.99,9.98,9.9899,2800,2021-05-10 13:44:00,AACQ
9.9899,9.99,9.98,9.9801,2850,2021-05-10 13:45:00,AACQ
9.98,9.985,9.97,9.98,1888,2021-05-10 13:46:00,AACQ
9.9799,10.0,9.9799,9.99,18036,2021-05-10 13:47:00,AACQ
9.99,10.0,9.98,9.995,5773,2021-05-10 13:48:00,AACQ
9.99,10.0,9.99,9.99,1443,2021-05-10 13:49:00,AACQ
9.995,10.0,9.995,9.9966,1480,2021-05-10 13:50:00,AACQ
9.995,10.0,9.9901,10.0,3892,2021-05-10 13:51:00,AACQ
10.0026,10.01,10.0026,10.01,450,2021-05-10 13:52:00,AACQ
10.01,10.015,9.99,10.0,6177,2021-05-10 13:53:00,AACQ
9.99,9.995,9.99,9.995,350,2021-05-10 13:54:00,AACQ
10.0,10.0,9.99,9.993,2050,2021-05-10 13:55:00,AACQ
9.9912,9.998,9.99,9.9946,1000,2021-05-10 13:56:00,AACQ
9.9999,9.9999,9.9945,9.9985,1797,2021-05-10 13:57:00,AACQ
10.0,10.0,9.99,9.99,825,2021-05-10 13:58:00,AACQ
10.0,10.0,9.98,9.98,13927,2021-05-10 13:59:00,AACQ
9.9712,9.98,9.97,9.97,874,2021-05-10 14:00:00,AACQ
9.975,9.9784,9.975,9.9784,916,2021-05-10 14:01:00,AACQ
9.9799,9.98,9.971,9.971,3750,2021-05-10 14:02:00,AACQ
9.9788,9.9791,9.95,9.95,5950,2021-05-10 14:03:00,AACQ
9.953,9.953,9.953,9.953,250,2021-05-10 14:04:00,AACQ
9.9524,9.9524,9.95,9.95,250,2021-05-10 14:05:00,AACQ
9.955,9.959,9.95,9.95,1290,2021-05-10 14:06:00,AACQ
9.9594,9.98,9.9594,9.98,3000,2021-05-10 14:07:00,AACQ
9.9776,9.9777,9.9701,9.9734,2066,2021-05-10 14:08:00,AACQ
9.9784,9.9792,9.9784,9.9792,3100,2021-05-10 14:09:00,AACQ
9.97,9.975,9.95,9.955,3800,2021-05-10 14:10:00,AACQ
9.96,9.975,9.96,9.975,3800,2021-05-10 14:11:00,AACQ
9.975,9.9799,9.975,9.9799,1200,2021-05-10 14:12:00,AACQ
9.97,9.97,9.96,9.96,600,2021-05-10 14:13:00,AACQ
9.97,9.97,9.96,9.97,1730,2021-05-10 14:14:00,AACQ
9.9646,9.9646,9.9646,9.9646,100,2021-05-10 14:15:00,AACQ
9.96,9.97,9.96,9.97,359,2021-05-10 14:17:00,AACQ
9.9782,9.9782,9.9752,9.9752,1100,2021-05-10 14:18:00,AACQ
9.9785,9.9799,9.97,9.9751,2500,2021-05-10 14:19:00,AACQ
9.9783,9.9783,9.97,9.975,3108,2021-05-10 14:20:00,AACQ
9.98,9.98,9.9788,9.9788,13000,2021-05-10 14:21:00,AACQ
9.9774,9.9789,9.97,9.97,4148,2021-05-10 14:22:00,AACQ
9.979,9.98,9.975,9.975,3588,2021-05-10 14:23:00,AACQ
9.9781,9.98,9.97,9.97,1350,2021-05-10 14:24:00,AACQ
9.97,9.97,9.97,9.97,200,2021-05-10 14:25:00,AACQ
9.9799,9.9799,9.9799,9.9799,100,2021-05-10 14:26:00,AACQ
9.98,9.98,9.965,9.965,4300,2021-05-10 14:28:00,AACQ
9.965,9.9688,9.965,9.9688,4112,2021-05-10 14:29:00,AACQ
9.97,9.97,9.96,9.965,3300,2021-05-10 14:31:00,AACQ
9.965,9.965,9.9615,9.965,2700,2021-05-10 14:32:00,AACQ
9.965,9.965,9.96,9.96,800,2021-05-10 14:33:00,AACQ
9.96,9.965,9.96,9.965,1611,2021-05-10 14:34:00,AACQ
9.965,9.968,9.96,9.965,3250,2021-05-10 14:35:00,AACQ
9.965,9.965,9.965,9.965,100,2021-05-10 14:36:00,AACQ
9.965,9.9657,9.965,9.9657,550,2021-05-10 14:37:00,AACQ
9.9601,9.965,9.9601,9.965,323,2021-05-10 14:38:00,AACQ
9.965,9.97,9.965,9.965,725,2021-05-10 14:39:00,AACQ
9.965,9.97,9.965,9.965,7905,2021-05-10 14:40:00,AACQ
9.96,9.9699,9.96,9.9699,1374,2021-05-10 14:41:00,AACQ
9.965,9.965,9.95,9.9505,8640,2021-05-10 14:42:00,AACQ
9.9515,9.959,9.95,9.95,1750,2021-05-10 14:44:00,AACQ
9.9516,9.9546,9.9516,9.9546,306,2021-05-10 14:45:00,AACQ
9.953,9.953,9.953,9.953,500,2021-05-10 14:46:00,AACQ
9.9599,9.9599,9.95,9.95,4202,2021-05-10 14:47:00,AACQ
9.945,9.945,9.945,9.945,100,2021-05-10 14:48:00,AACQ
9.9409,9.9417,9.9409,9.9417,1102,2021-05-10 14:49:00,AACQ
9.94,9.945,9.94,9.9401,1511,2021-05-10 14:50:00,AACQ
9.94,9.9499,9.94,9.9401,2000,2021-05-10 14:51:00,AACQ
9.9499,9.9499,9.9499,9.9499,100,2021-05-10 14:52:00,AACQ
9.9499,9.9499,9.94,9.945,2400,2021-05-10 14:53:00,AACQ
9.942,9.942,9.942,9.942,100,2021-05-10 14:54:00,AACQ
9.94,9.9401,9.94,9.94,6302,2021-05-10 14:55:00,AACQ
9.95,9.95,9.95,9.95,100,2021-05-10 14:56:00,AACQ
9.945,9.9484,9.9421,9.9484,315,2021-05-10 14:57:00,AACQ
9.945,9.945,9.945,9.945,100,2021-05-10 14:58:00,AACQ
9.94,9.949,9.94,9.94,4200,2021-05-10 14:59:00,AACQ
9.94,9.945,9.94,9.94,350,2021-05-10 15:00:00,AACQ
9.9435,9.9435,9.9435,9.9435,1000,2021-05-10 15:03:00,AACQ
9.94,9.945,9.935,9.945,19958,2021-05-10 15:05:00,AACQ
9.945,9.96,9.945,9.9512,6447,2021-05-10 15:06:00,AACQ
9.9599,9.9599,9.9599,9.9599,500,2021-05-10 15:07:00,AACQ
9.96,9.96,9.9582,9.9582,200,2021-05-10 15:08:00,AACQ
9.96,9.96,9.9558,9.9558,200,2021-05-10 15:09:00,AACQ
9.9582,9.97,9.9582,9.97,6321,2021-05-10 15:10:00,AACQ
9.97,9.97,9.97,9.97,600,2021-05-10 15:12:00,AACQ
9.9601,9.97,9.9601,9.97,250,2021-05-10 15:13:00,AACQ
9.97,9.97,9.97,9.97,200,2021-05-10 15:14:00,AACQ
9.97,9.98,9.97,9.9759,400,2021-05-10 15:15:00,AACQ
9.9714,9.975,9.9714,9.975,400,2021-05-10 15:16:00,AACQ
9.975,9.975,9.975,9.975,250,2021-05-10 15:17:00,AACQ
9.975,9.979,9.975,9.979,1050,2021-05-10 15:18:00,AACQ
9.97,9.97,9.97,9.97,118,2021-05-10 15:19:00,AACQ
9.97,9.98,9.97,9.98,400,2021-05-10 15:20:00,AACQ
9.9701,9.9701,9.9699,9.9699,1693,2021-05-10 15:21:00,AACQ
9.965,9.965,9.965,9.965,300,2021-05-10 15:22:00,AACQ
9.9613,9.9613,9.9612,9.9612,1125,2021-05-10 15:23:00,AACQ
9.97,9.97,9.9682,9.9699,1468,2021-05-10 15:24:00,AACQ
9.98,9.98,9.975,9.975,290,2021-05-10 15:25:00,AACQ
9.97,9.98,9.97,9.98,500,2021-05-10 15:26:00,AACQ
9.98,9.98,9.9799,9.9799,200,2021-05-10 15:27:00,AACQ
9.98,9.98,9.98,9.98,100,2021-05-10 15:28:00,AACQ
9.98,9.98,9.98,9.98,100,2021-05-10 15:29:00,AACQ
9.975,9.98,9.975,9.98,500,2021-05-10 15:30:00,AACQ
9.98,9.98,9.97,9.98,700,2021-05-10 15:31:00,AACQ
9.98,9.98,9.9799,9.98,300,2021-05-10 15:32:00,AACQ
9.98,9.98,9.973,9.98,1651,2021-05-10 15:33:00,AACQ
9.98,9.98,9.9798,9.98,300,2021-05-10 15:34:00,AACQ
9.98,9.98,9.98,9.98,200,2021-05-10 15:35:00,AACQ
9.9797,9.985,9.975,9.975,20600,2021-05-10 15:36:00,AACQ
9.975,9.975,9.975,9.975,250,2021-05-10 15:37:00,AACQ
9.98,9.98,9.98,9.98,100,2021-05-10 15:39:00,AACQ
9.9701,9.9701,9.9701,9.9701,750,2021-05-10 15:40:00,AACQ
9.9701,9.9709,9.9701,9.9709,1000,2021-05-10 15:41:00,AACQ
9.975,9.975,9.9615,9.9699,2587,2021-05-10 15:43:00,AACQ
9.965,9.965,9.965,9.965,500,2021-05-10 15:44:00,AACQ
9.965,9.965,9.965,9.965,200,2021-05-10 15:47:00,AACQ
9.9699,9.97,9.9699,9.97,3026,2021-05-10 15:48:00,AACQ
9.97,9.97,9.96,9.96,2326,2021-05-10 15:51:00,AACQ
9.9686,9.9699,9.96,9.96,800,2021-05-10 15:52:00,AACQ
9.9688,9.9688,9.9688,9.9688,500,2021-05-10 15:53:00,AACQ
9.97,9.97,9.97,9.97,100,2021-05-10 15:54:00,AACQ
9.97,9.97,9.97,9.97,100,2021-05-10 15:55:00,AACQ
9.97,9.97,9.9699,9.9699,400,2021-05-10 15:56:00,AACQ
9.965,9.97,9.965,9.97,200,2021-05-10 15:57:00,AACQ
9.963,9.963,9.963,9.963,100,2021-05-10 15:58:00,AACQ
9.965,9.965,9.965,9.965,100,2021-05-10 16:04:00,AACQ
9.9699,9.9699,9.9699,9.9699,750,2021-05-10 16:05:00,AACQ
9.965,9.966,9.965,9.966,1000,2021-05-10 16:06:00,AACQ
9.965,9.965,9.965,9.965,100,2021-05-10 16:07:00,AACQ
9.96,9.965,9.96,9.965,550,2021-05-10 16:09:00,AACQ
9.97,9.97,9.97,9.97,300,2021-05-10 16:10:00,AACQ
9.96,9.97,9.96,9.97,5914,2021-05-10 16:11:00,AACQ
9.97,9.97,9.97,9.97,1786,2021-05-10 16:12:00,AACQ
9.97,9.97,9.97,9.97,4200,2021-05-10 16:13:00,AACQ
9.97,9.97,9.97,9.97,2200,2021-05-10 16:14:00,AACQ
9.97,9.97,9.97,9.97,500,2021-05-10 16:17:00,AACQ
9.97,9.97,9.9699,9.9699,550,2021-05-10 16:19:00,AACQ
9.9675,9.9675,9.9675,9.9675,400,2021-05-10 16:20:00,AACQ
9.97,9.97,9.9699,9.97,400,2021-05-10 16:22:00,AACQ
9.97,9.97,9.96,9.96,200,2021-05-10 16:23:00,AACQ
9.965,9.965,9.961,9.961,200,2021-05-10 16:24:00,AACQ
9.97,9.97,9.9623,9.965,1527,2021-05-10 16:25:00,AACQ
9.97,9.97,9.9665,9.9665,2987,2021-05-10 16:26:00,AACQ
9.97,9.97,9.96,9.96,500,2021-05-10 16:27:00,AACQ
9.97,9.97,9.97,9.97,100,2021-05-10 16:28:00,AACQ
9.9699,9.9699,9.9699,9.9699,100,2021-05-10 16:29:00,AACQ
9.9657,9.9657,9.9657,9.9657,100,2021-05-10 16:31:00,AACQ
9.965,9.965,9.965,9.965,100,2021-05-10 16:32:00,AACQ
9.96,9.96,9.96,9.96,100,2021-05-10 16:34:00,AACQ
9.965,9.97,9.9601,9.9601,2800,2021-05-10 16:35:00,AACQ
9.97,9.97,9.9601,9.97,300,2021-05-10 16:36:00,AACQ
9.9616,9.97,9.9616,9.964,3650,2021-05-10 16:38:00,AACQ
9.97,9.97,9.97,9.97,900,2021-05-10 16:39:00,AACQ
9.96,9.965,9.96,9.96,7200,2021-05-10 16:40:00,AACQ
9.9699,9.9699,9.9699,9.9699,181,2021-05-10 16:44:00,AACQ
9.96,9.96,9.95,9.95,550,2021-05-10 16:47:00,AACQ
9.9591,9.9591,9.9591,9.9591,200,2021-05-10 16:48:00,AACQ
9.955,9.96,9.955,9.96,205,2021-05-10 16:49:00,AACQ
9.96,9.96,9.96,9.96,200,2021-05-10 16:50:00,AACQ
9.966,9.966,9.9658,9.9658,1000,2021-05-10 16:53:00,AACQ
9.96,9.9602,9.96,9.96,600,2021-05-10 16:54:00,AACQ
9.9681,9.9681,9.96,9.96,500,2021-05-10 16:56:00,AACQ
9.969,9.97,9.969,9.97,1100,2021-05-10 16:58:00,AACQ
9.97,9.97,9.9627,9.9681,600,2021-05-10 16:59:00,AACQ
9.9699,9.97,9.9699,9.97,300,2021-05-10 17:00:00,AACQ
9.9615,9.9615,9.9615,9.9615,100,2021-05-10 17:04:00,AACQ
9.965,9.965,9.965,9.965,100,2021-05-10 17:06:00,AACQ
9.96,9.96,9.95,9.95,8300,2021-05-10 17:08:00,AACQ
9.95,9.95,9.95,9.95,100,2021-05-10 17:09:00,AACQ
9.945,9.945,9.945,9.945,500,2021-05-10 17:10:00,AACQ
9.945,9.945,9.945,9.945,240,2021-05-10 17:11:00,AACQ
9.945,9.95,9.945,9.95,500,2021-05-10 17:12:00,AACQ
9.95,9.95,9.94,9.94,1000,2021-05-10 17:13:00,AACQ
9.95,9.95,9.95,9.95,8650,2021-05-10 17:14:00,AACQ
9.945,9.95,9.94,9.94,35426,2021-05-10 17:17:00,AACQ
9.94,9.94,9.93,9.93,27803,2021-05-10 17:18:00,AACQ
9.929,9.929,9.929,9.929,364,2021-05-10 17:19:00,AACQ
9.9365,9.9365,9.9365,9.9365,793,2021-05-10 17:20:00,AACQ
9.94,9.945,9.935,9.945,2640,2021-05-10 17:21:00,AACQ
9.94,9.94,9.94,9.94,220,2021-05-10 17:22:00,AACQ
9.9411,9.945,9.9411,9.945,200,2021-05-10 17:23:00,AACQ
9.95,9.95,9.95,9.95,100,2021-05-10 17:24:00,AACQ
9.945,9.95,9.945,9.95,200,2021-05-10 17:25:00,AACQ
9.945,9.945,9.94,9.9422,3400,2021-05-10 17:27:00,AACQ
9.95,9.95,9.94,9.9494,1700,2021-05-10 17:28:00,AACQ
9.945,9.95,9.945,9.95,350,2021-05-10 17:29:00,AACQ
9.9441,9.95,9.9441,9.945,700,2021-05-10 17:30:00,AACQ
9.95,9.95,9.95,9.95,100,2021-05-10 17:31:00,AACQ
9.9421,9.95,9.9421,9.95,200,2021-05-10 17:34:00,AACQ
9.945,9.945,9.945,9.945,147,2021-05-10 17:35:00,AACQ
9.95,9.95,9.945,9.945,501,2021-05-10 17:36:00,AACQ
9.9414,9.95,9.9414,9.95,1400,2021-05-10 17:38:00,AACQ
9.95,9.95,9.95,9.95,300,2021-05-10 17:39:00,AACQ
9.95,9.95,9.95,9.95,200,2021-05-10 17:40:00,AACQ
9.95,9.95,9.9475,9.9475,500,2021-05-10 17:41:00,AACQ
9.943,9.9468,9.943,9.9468,600,2021-05-10 17:42:00,AACQ
9.95,9.96,9.95,9.96,2283,2021-05-10 17:44:00,AACQ
9.96,9.96,9.94,9.94,8600,2021-05-10 17:45:00,AACQ
9.94,9.94,9.93,9.94,3440,2021-05-10 17:46:00,AACQ
9.935,9.935,9.935,9.935,250,2021-05-10 17:47:00,AACQ
9.935,9.935,9.935,9.935,100,2021-05-10 17:48:00,AACQ
9.9332,9.9332,9.93,9.93,12300,2021-05-10 17:49:00,AACQ
9.93,9.935,9.93,9.935,3399,2021-05-10 17:50:00,AACQ
9.93,9.93,9.93,9.93,386,2021-05-10 17:51:00,AACQ
9.935,9.938,9.935,9.938,200,2021-05-10 17:52:00,AACQ
9.93,9.93,9.93,9.93,100,2021-05-10 17:54:00,AACQ
9.926,9.926,9.926,9.926,100,2021-05-10 17:55:00,AACQ
9.94,9.94,9.94,9.94,3725,2021-05-10 17:57:00,AACQ
9.935,9.94,9.935,9.94,250,2021-05-10 17:58:00,AACQ
9.94,9.95,9.94,9.95,4942,2021-05-10 18:00:00,AACQ
9.95,9.95,9.95,9.95,300,2021-05-10 18:03:00,AACQ
9.95,9.96,9.9498,9.95,1774,2021-05-10 18:04:00,AACQ
9.9429,9.9429,9.9429,9.9429,500,2021-05-10 18:05:00,AACQ
9.95,9.95,9.95,9.95,100,2021-05-10 18:07:00,AACQ
9.945,9.945,9.945,9.945,200,2021-05-10 18:08:00,AACQ
9.95,9.96,9.95,9.96,1000,2021-05-10 18:10:00,AACQ
9.96,9.96,9.96,9.96,100,2021-05-10 18:11:00,AACQ
9.9598,9.9598,9.9598,9.9598,100,2021-05-10 18:12:00,AACQ
9.9522,9.9533,9.9522,9.9533,430,2021-05-10 18:13:00,AACQ
9.9699,9.9699,9.95,9.95,400,2021-05-10 18:14:00,AACQ
9.9666,9.97,9.9666,9.97,3296,2021-05-10 18:17:00,AACQ
9.9673,9.9673,9.9673,9.9673,1000,2021-05-10 18:18:00,AACQ
9.952,9.96,9.952,9.96,6331,2021-05-10 18:19:00,AACQ
9.9599,9.9599,9.9599,9.9599,486,2021-05-10 18:20:00,AACQ
9.96,9.96,9.95,9.95,202,2021-05-10 18:22:00,AACQ
9.95,9.95,9.95,9.95,2002,2021-05-10 18:23:00,AACQ
9.95,9.95,9.95,9.95,275,2021-05-10 18:25:00,AACQ
9.95,9.95,9.95,9.95,100,2021-05-10 18:26:00,AACQ
9.95,9.95,9.95,9.95,100,2021-05-10 18:27:00,AACQ
9.93,9.93,9.93,9.93,600,2021-05-10 18:29:00,AACQ
9.93,9.93,9.93,9.93,500,2021-05-10 18:30:00,AACQ
9.94,9.94,9.94,9.94,200,2021-05-10 18:34:00,AACQ
9.94,9.95,9.94,9.942,24976,2021-05-10 18:35:00,AACQ
9.95,9.95,9.94,9.94,1100,2021-05-10 18:36:00,AACQ
9.95,9.95,9.95,9.95,1013,2021-05-10 18:37:00,AACQ
9.95,9.95,9.94,9.95,1200,2021-05-10 18:38:00,AACQ
9.95,9.95,9.9411,9.95,800,2021-05-10 18:40:00,AACQ
9.95,9.95,9.95,9.95,100,2021-05-10 18:45:00,AACQ
9.95,9.95,9.942,9.95,997,2021-05-10 18:46:00,AACQ
9.95,9.95,9.95,9.95,100,2021-05-10 18:47:00,AACQ
9.96,9.96,9.9526,9.9526,500,2021-05-10 18:48:00,AACQ
9.942,9.942,9.942,9.942,2000,2021-05-10 18:49:00,AACQ
9.951,9.958,9.951,9.958,600,2021-05-10 18:50:00,AACQ
9.95,9.95,9.9312,9.9499,4975,2021-05-10 18:51:00,AACQ
9.939,9.939,9.939,9.939,1000,2021-05-10 18:52:00,AACQ
9.94,9.94,9.94,9.94,200,2021-05-10 18:58:00,AACQ
9.94,9.94,9.94,9.94,600,2021-05-10 18:59:00,AACQ
9.94,9.94,9.9302,9.9302,4100,2021-05-10 19:04:00,AACQ
9.94,9.94,9.94,9.94,3400,2021-05-10 19:05:00,AACQ
9.9415,9.95,9.94,9.95,8002,2021-05-10 19:06:00,AACQ
9.942,9.942,9.942,9.942,2000,2021-05-10 19:08:00,AACQ
9.94,9.9499,9.94,9.9499,2000,2021-05-10 19:09:00,AACQ
9.94,9.9422,9.94,9.9422,200,2021-05-10 19:11:00,AACQ
9.94,9.941,9.94,9.941,300,2021-05-10 19:12:00,AACQ
9.9479,9.9485,9.9479,9.9485,875,2021-05-10 19:13:00,AACQ
9.948,9.948,9.948,9.948,10000,2021-05-10 19:14:00,AACQ
9.95,9.95,9.95,9.95,200,2021-05-10 19:16:00,AACQ
9.9426,9.9426,9.9426,9.9426,100,2021-05-10 19:17:00,AACQ
9.95,9.95,9.95,9.95,200,2021-05-10 19:19:00,AACQ
9.95,9.95,9.95,9.95,200,2021-05-10 19:21:00,AACQ
9.9498,9.95,9.9498,9.95,400,2021-05-10 19:22:00,AACQ
9.95,9.95,9.92,9.93,14800,2021-05-10 19:23:00,AACQ
9.93,9.9399,9.93,9.93,3418,2021-05-10 19:24:00,AACQ
9.93,9.93,9.91,9.922,21528,2021-05-10 19:25:00,AACQ
9.92,9.9223,9.92,9.9223,1000,2021-05-10 19:26:00,AACQ
9.92,9.92,9.92,9.92,1000,2021-05-10 19:27:00,AACQ
9.92,9.9268,9.92,9.92,1232,2021-05-10 19:28:00,AACQ
9.92,9.92,9.9126,9.9126,494,2021-05-10 19:29:00,AACQ
9.92,9.92,9.92,9.92,1989,2021-05-10 19:30:00,AACQ
9.92,9.92,9.92,9.92,100,2021-05-10 19:32:00,AACQ
9.92,9.92,9.92,9.92,590,2021-05-10 19:33:00,AACQ
9.92,9.92,9.92,9.92,200,2021-05-10 19:34:00,AACQ
9.919,9.919,9.91,9.91,228,2021-05-10 19:35:00,AACQ
9.92,9.92,9.92,9.92,200,2021-05-10 19:36:00,AACQ
9.92,9.92,9.92,9.92,100,2021-05-10 19:37:00,AACQ
9.92,9.92,9.92,9.92,100,2021-05-10 19:38:00,AACQ
9.92,9.92,9.92,9.92,200,2021-05-10 19:39:00,AACQ
9.92,9.92,9.9,9.915,56060,2021-05-10 19:40:00,AACQ
9.91,9.91,9.91,9.91,200,2021-05-10 19:41:00,AACQ
9.9181,9.9181,9.9181,9.9181,270,2021-05-10 19:42:00,AACQ
9.915,9.915,9.915,9.915,200,2021-05-10 19:44:00,AACQ
9.912,9.915,9.912,9.915,400,2021-05-10 19:45:00,AACQ
9.915,9.92,9.91,9.91,1775,2021-05-10 19:46:00,AACQ
9.915,9.92,9.915,9.9199,384,2021-05-10 19:47:00,AACQ
9.915,9.915,9.91,9.915,1900,2021-05-10 19:48:00,AACQ
9.915,9.92,9.905,9.905,32571,2021-05-10 19:49:00,AACQ
9.9099,9.91,9.9,9.91,558,2021-05-10 19:50:00,AACQ
9.9099,9.9099,9.9099,9.9099,170,2021-05-10 19:51:00,AACQ
9.905,9.905,9.905,9.905,200,2021-05-10 19:52:00,AACQ
9.905,9.91,9.905,9.91,30919,2021-05-10 19:53:00,AACQ
9.905,9.91,9.895,9.9,84213,2021-05-10 19:54:00,AACQ
9.905,9.9099,9.905,9.9099,2250,2021-05-10 19:55:00,AACQ
9.9014,9.9014,9.9014,9.9014,946,2021-05-10 19:56:00,AACQ
9.9088,9.91,9.9,9.9,3186,2021-05-10 19:57:00,AACQ
9.905,9.9099,9.9,9.9099,2068,2021-05-10 19:58:00,AACQ
9.905,9.91,9.9,9.9,5746,2021-05-10 19:59:00,AACQ
9.9,9.9,9.9,9.9,3006,2021-05-10 20:00:00,AACQ
9.88,9.88,9.88,9.88,300,2021-05-10 20:06:00,AACQ
9.87,9.87,9.87,9.87,1730,2021-05-10 20:49:00,AACQ
9.9,9.9,9.9,9.9,200,2021-05-10 20:58:00,AACQ
9.91,9.91,9.91,9.91,445,2021-05-10 21:05:00,AACQ
9.92,9.92,9.92,9.92,500,2021-05-10 21:46:00,AACQ
9.91,9.91,9.91,9.91,400,2021-05-10 23:07:00,AACQ
9.86,9.86,9.86,9.86,104,2021-05-11 08:20:00,AACQ
9.86,9.86,9.86,9.86,100,2021-05-11 09:34:00,AACQ
9.86,9.86,9.86,9.86,301,2021-05-11 09:55:00,AACQ
9.87,9.87,9.87,9.87,100,2021-05-11 10:55:00,AACQ
9.86,9.86,9.86,9.86,100,2021-05-11 11:31:00,AACQ
9.76,9.76,9.76,9.76,300,2021-05-11 12:04:00,AACQ
9.77,9.78,9.77,9.78,200,2021-05-11 12:05:00,AACQ
9.8,9.8,9.8,9.8,122,2021-05-11 12:15:00,AACQ
9.87,9.87,9.87,9.87,900,2021-05-11 12:24:00,AACQ
9.85,9.85,9.85,9.85,1200,2021-05-11 12:26:00,AACQ
9.85,9.85,9.85,9.85,100,2021-05-11 12:28:00,AACQ
9.85,9.85,9.85,9.85,170,2021-05-11 12:31:00,AACQ
9.8,9.8,9.8,9.8,11050,2021-05-11 12:33:00,AACQ
9.81,9.81,9.81,9.81,1000,2021-05-11 12:36:00,AACQ
9.81,9.81,9.81,9.81,830,2021-05-11 12:40:00,AACQ
9.81,9.81,9.81,9.81,170,2021-05-11 12:42:00,AACQ
9.8,9.8,9.8,9.8,1500,2021-05-11 12:43:00,AACQ
9.81,9.81,9.8,9.8,1350,2021-05-11 12:45:00,AACQ
9.81,9.81,9.81,9.81,230,2021-05-11 12:49:00,AACQ
9.81,9.81,9.81,9.81,125,2021-05-11 12:50:00,AACQ
9.81,9.81,9.81,9.81,100,2021-05-11 12:58:00,AACQ
9.82,9.82,9.82,9.82,1450,2021-05-11 13:03:00,AACQ
9.82,9.82,9.82,9.82,100,2021-05-11 13:11:00,AACQ
9.82,9.82,9.82,9.82,400,2021-05-11 13:12:00,AACQ
9.82,9.84,9.82,9.84,1204,2021-05-11 13:17:00,AACQ
9.86,9.86,9.86,9.86,199,2021-05-11 13:18:00,AACQ
9.87,9.87,9.87,9.87,120,2021-05-11 13:22:00,AACQ
9.83,9.83,9.8,9.81,7196,2021-05-11 13:28:00,AACQ
9.81,9.81,9.81,9.81,116,2021-05-11 13:29:00,AACQ
9.89,9.9,9.85,9.8912,27369,2021-05-11 13:30:00,AACQ
9.89,9.89,9.87,9.88,8284,2021-05-11 13:31:00,AACQ
9.8848,9.89,9.88,9.8818,2830,2021-05-11 13:32:00,AACQ
9.8829,9.886,9.88,9.886,3900,2021-05-11 13:33:00,AACQ
9.87,9.88,9.86,9.87,11693,2021-05-11 13:34:00,AACQ
9.87,9.87,9.87,9.87,450,2021-05-11 13:35:00,AACQ
9.86,9.8673,9.86,9.86,2562,2021-05-11 13:36:00,AACQ
9.86,9.86,9.85,9.85,6057,2021-05-11 13:37:00,AACQ
9.84,9.86,9.84,9.86,9565,2021-05-11 13:38:00,AACQ
9.85,9.86,9.85,9.86,1682,2021-05-11 13:39:00,AACQ
9.8501,9.87,9.8501,9.87,6626,2021-05-11 13:40:00,AACQ
9.8601,9.865,9.8601,9.865,3287,2021-05-11 13:41:00,AACQ
9.8601,9.8601,9.8601,9.8601,200,2021-05-11 13:42:00,AACQ
9.8692,9.875,9.8692,9.87,22205,2021-05-11 13:43:00,AACQ
9.88,9.88,9.8799,9.88,4100,2021-05-11 13:44:00,AACQ
9.87,9.8732,9.8496,9.85,17306,2021-05-11 13:45:00,AACQ
9.85,9.86,9.85,9.86,3574,2021-05-11 13:46:00,AACQ
9.8622,9.8622,9.86,9.8617,2610,2021-05-11 13:47:00,AACQ
9.8601,9.865,9.86,9.865,610,2021-05-11 13:48:00,AACQ
9.865,9.87,9.865,9.87,300,2021-05-11 13:49:00,AACQ
9.862,9.862,9.86,9.86,1400,2021-05-11 13:50:00,AACQ
9.8622,9.8622,9.86,9.86,7407,2021-05-11 13:51:00,AACQ
9.85,9.86,9.85,9.85,23378,2021-05-11 13:52:00,AACQ
9.855,9.855,9.85,9.85,1100,2021-05-11 13:53:00,AACQ
9.85,9.86,9.85,9.8517,10201,2021-05-11 13:54:00,AACQ
9.85,9.855,9.85,9.855,5400,2021-05-11 13:55:00,AACQ
9.85,9.85,9.85,9.85,200,2021-05-11 13:56:00,AACQ
9.85,9.85,9.85,9.85,1000,2021-05-11 13:57:00,AACQ
9.8501,9.8587,9.8501,9.8587,400,2021-05-11 13:58:00,AACQ
9.86,9.86,9.86,9.86,1000,2021-05-11 13:59:00,AACQ
9.855,9.86,9.85,9.85,10453,2021-05-11 14:00:00,AACQ
9.855,9.855,9.855,9.855,100,2021-05-11 14:02:00,AACQ
9.855,9.86,9.855,9.855,6323,2021-05-11 14:03:00,AACQ
9.859,9.859,9.85,9.855,4145,2021-05-11 14:04:00,AACQ
9.855,9.859,9.855,9.859,600,2021-05-11 14:05:00,AACQ
9.851,9.8586,9.85,9.85,1886,2021-05-11 14:06:00,AACQ
9.8583,9.8583,9.85,9.85,315,2021-05-11 14:07:00,AACQ
9.855,9.8586,9.855,9.855,6116,2021-05-11 14:08:00,AACQ
9.855,9.8587,9.855,9.8587,253,2021-05-11 14:09:00,AACQ
9.852,9.86,9.852,9.86,24682,2021-05-11 14:10:00,AACQ
9.86,9.865,9.85,9.8613,24601,2021-05-11 14:11:00,AACQ
9.86,9.86,9.86,9.86,1578,2021-05-11 14:12:00,AACQ
9.86,9.865,9.86,9.86,2901,2021-05-11 14:13:00,AACQ
9.86,9.8673,9.86,9.86,5713,2021-05-11 14:14:00,AACQ
9.85,9.85,9.85,9.85,2611,2021-05-11 14:15:00,AACQ
9.8501,9.8501,9.85,9.85,3700,2021-05-11 14:16:00,AACQ
9.8501,9.8501,9.85,9.8501,1200,2021-05-11 14:17:00,AACQ
9.8543,9.8543,9.8543,9.8543,400,2021-05-11 14:18:00,AACQ
9.855,9.855,9.855,9.855,100,2021-05-11 14:19:00,AACQ
9.8572,9.86,9.855,9.86,5371,2021-05-11 14:20:00,AACQ
9.865,9.865,9.865,9.865,400,2021-05-11 14:21:00,AACQ
9.865,9.865,9.865,9.865,100,2021-05-11 14:23:00,AACQ
9.865,9.865,9.865,9.865,100,2021-05-11 14:24:00,AACQ
9.87,9.87,9.86,9.86,1190,2021-05-11 14:25:00,AACQ
9.86,9.8673,9.86,9.8673,600,2021-05-11 14:27:00,AACQ
9.86,9.8621,9.86,9.8621,953,2021-05-11 14:28:00,AACQ
9.87,9.87,9.87,9.87,100,2021-05-11 14:29:00,AACQ
9.86,9.86,9.85,9.85,17205,2021-05-11 14:30:00,AACQ
9.85,9.855,9.85,9.855,450,2021-05-11 14:31:00,AACQ
9.85,9.8535,9.85,9.85,2000,2021-05-11 14:32:00,AACQ
9.855,9.86,9.85,9.855,1400,2021-05-11 14:33:00,AACQ
9.855,9.855,9.85,9.855,5900,2021-05-11 14:34:00,AACQ
9.858,9.858,9.85,9.85,77702,2021-05-11 14:35:00,AACQ
9.85,9.855,9.845,9.85,58000,2021-05-11 14:36:00,AACQ
9.86,9.86,9.85,9.855,13344,2021-05-11 14:37:00,AACQ
9.855,9.86,9.85,9.85,3400,2021-05-11 14:38:00,AACQ
9.855,9.855,9.855,9.855,400,2021-05-11 14:39:00,AACQ
9.855,9.86,9.855,9.86,200,2021-05-11 14:40:00,AACQ
9.86,9.86,9.855,9.86,600,2021-05-11 14:41:00,AACQ
9.86,9.86,9.86,9.86,500,2021-05-11 14:42:00,AACQ
9.86,9.86,9.855,9.86,500,2021-05-11 14:43:00,AACQ
9.86,9.86,9.85,9.86,1700,2021-05-11 14:44:00,AACQ
9.855,9.857,9.855,9.855,700,2021-05-11 14:45:00,AACQ
9.855,9.855,9.8546,9.8546,350,2021-05-11 14:46:00,AACQ
9.858,9.858,9.855,9.855,1100,2021-05-11 14:47:00,AACQ
9.85,9.855,9.85,9.855,5200,2021-05-11 14:48:00,AACQ
9.851,9.855,9.85,9.855,400,2021-05-11 14:49:00,AACQ
9.85,9.85,9.85,9.85,700,2021-05-11 14:50:00,AACQ
9.85,9.855,9.85,9.855,300,2021-05-11 14:52:00,AACQ
9.855,9.855,9.855,9.855,300,2021-05-11 14:53:00,AACQ
9.85,9.85,9.85,9.85,2000,2021-05-11 14:55:00,AACQ
9.85,9.85,9.85,9.85,300,2021-05-11 14:56:00,AACQ
9.85,9.865,9.85,9.8602,10782,2021-05-11 14:57:00,AACQ
9.86,9.86,9.86,9.86,10028,2021-05-11 14:58:00,AACQ
9.86,9.87,9.86,9.8675,28782,2021-05-11 14:59:00,AACQ
9.87,9.87,9.86,9.87,5680,2021-05-11 15:00:00,AACQ
9.875,9.88,9.87,9.88,5500,2021-05-11 15:01:00,AACQ
9.8774,9.8774,9.877,9.877,700,2021-05-11 15:02:00,AACQ
9.872,9.872,9.855,9.86,75709,2021-05-11 15:04:00,AACQ
9.8601,9.87,9.8601,9.87,615,2021-05-11 15:05:00,AACQ
9.875,9.875,9.87,9.87,1100,2021-05-11 15:09:00,AACQ
9.87,9.87,9.87,9.87,500,2021-05-11 15:10:00,AACQ
9.875,9.875,9.875,9.875,100,2021-05-11 15:11:00,AACQ
9.875,9.875,9.875,9.875,100,2021-05-11 15:12:00,AACQ
9.875,9.875,9.875,9.875,100,2021-05-11 15:13:00,AACQ
9.87,9.875,9.87,9.87,250600,2021-05-11 15:14:00,AACQ
9.87,9.87,9.87,9.87,400,2021-05-11 15:15:00,AACQ
9.87,9.87,9.87,9.87,447,2021-05-11 15:16:00,AACQ
9.87,9.87,9.87,9.87,100,2021-05-11 15:17:00,AACQ
9.87,9.87,9.87,9.87,400,2021-05-11 15:18:00,AACQ
9.875,9.875,9.875,9.875,300,2021-05-11 15:19:00,AACQ
9.875,9.875,9.875,9.875,300,2021-05-11 15:20:00,AACQ
9.875,9.875,9.875,9.875,100,2021-05-11 15:21:00,AACQ
9.87,9.87,9.87,9.87,400,2021-05-11 15:23:00,AACQ
9.8701,9.875,9.865,9.875,28773,2021-05-11 15:25:00,AACQ
9.87,9.875,9.87,9.875,11900,2021-05-11 15:26:00,AACQ
9.87,9.87,9.87,9.87,100,2021-05-11 15:27:00,AACQ
9.87,9.875,9.87,9.875,450,2021-05-11 15:28:00,AACQ
9.87,9.87,9.87,9.87,400,2021-05-11 15:29:00,AACQ
9.87,9.87,9.87,9.87,300,2021-05-11 15:30:00,AACQ
9.87,9.87,9.87,9.87,100,2021-05-11 15:31:00,AACQ
9.87,9.875,9.87,9.87,1881,2021-05-11 15:32:00,AACQ
9.87,9.88,9.87,9.875,1100,2021-05-11 15:33:00,AACQ
9.87,9.875,9.87,9.87,302,2021-05-11 15:34:00,AACQ
9.87,9.87,9.87,9.87,100,2021-05-11 15:35:00,AACQ
9.87,9.875,9.87,9.874,1202,2021-05-11 15:36:00,AACQ
9.87,9.885,9.87,9.88,22053,2021-05-11 15:37:00,AACQ
9.885,9.8913,9.885,9.89,12100,2021-05-11 15:39:00,AACQ
9.88,9.88,9.88,9.88,100,2021-05-11 15:43:00,AACQ
9.8863,9.8863,9.88,9.8832,2217,2021-05-11 15:44:00,AACQ
9.88,9.88,9.88,9.88,100,2021-05-11 15:45:00,AACQ
9.8812,9.885,9.8801,9.885,1390,2021-05-11 15:46:00,AACQ
9.885,9.885,9.88,9.88,1180,2021-05-11 15:47:00,AACQ
9.88,9.88,9.88,9.88,10100,2021-05-11 15:48:00,AACQ
9.88,9.885,9.88,9.88,8523,2021-05-11 15:49:00,AACQ
9.88,9.885,9.875,9.885,4720,2021-05-11 15:50:00,AACQ
9.885,9.885,9.885,9.885,100,2021-05-11 15:51:00,AACQ
9.88,9.89,9.88,9.88,12909,2021-05-11 15:53:00,AACQ
9.885,9.885,9.87,9.87,38365,2021-05-11 15:56:00,AACQ
9.87,9.89,9.87,9.88,44791,2021-05-11 15:57:00,AACQ
9.88,9.88,9.87,9.87,10500,2021-05-11 15:58:00,AACQ
9.875,9.88,9.875,9.88,1940,2021-05-11 16:00:00,AACQ
9.89,9.89,9.89,9.89,100,2021-05-11 16:01:00,AACQ
9.8812,9.8812,9.88,9.88,201,2021-05-11 16:02:00,AACQ
9.88,9.88,9.88,9.88,300,2021-05-11 16:06:00,AACQ
9.87,9.8781,9.87,9.8781,600,2021-05-11 16:07:00,AACQ
9.875,9.875,9.87,9.875,479,2021-05-11 16:08:00,AACQ
9.875,9.875,9.875,9.875,200,2021-05-11 16:09:00,AACQ
9.875,9.88,9.87,9.87,4610,2021-05-11 16:10:00,AACQ
9.87,9.875,9.87,9.875,3955,2021-05-11 16:11:00,AACQ
9.88,9.91,9.875,9.91,24252,2021-05-11 16:13:00,AACQ
9.91,9.91,9.91,9.91,300,2021-05-11 16:14:00,AACQ
9.91,9.91,9.9,9.9,800,2021-05-11 16:15:00,AACQ
9.9,9.9,9.9,9.9,618,2021-05-11 16:16:00,AACQ
9.895,9.895,9.895,9.895,1100,2021-05-11 16:20:00,AACQ
9.895,9.895,9.895,9.895,100,2021-05-11 16:21:00,AACQ
9.895,9.895,9.895,9.895,100,2021-05-11 16:22:00,AACQ
9.89,9.89,9.89,9.89,300,2021-05-11 16:24:00,AACQ
9.89,9.89,9.89,9.89,100,2021-05-11 16:25:00,AACQ
9.89,9.89,9.89,9.89,200,2021-05-11 16:26:00,AACQ
9.89,9.89,9.88,9.88,6500,2021-05-11 16:27:00,AACQ
9.88,9.885,9.88,9.885,1500,2021-05-11 16:28:00,AACQ
9.885,9.885,9.885,9.885,100,2021-05-11 16:29:00,AACQ
9.88,9.89,9.88,9.88,101500,2021-05-11 16:31:00,AACQ
9.88,9.89,9.88,9.885,24159,2021-05-11 16:32:00,AACQ
9.885,9.89,9.885,9.89,400,2021-05-11 16:33:00,AACQ
9.89,9.89,9.88,9.88,480,2021-05-11 16:34:00,AACQ
9.885,9.887,9.88,9.885,950,2021-05-11 16:36:00,AACQ
9.885,9.885,9.885,9.885,200,2021-05-11 16:37:00,AACQ
9.885,9.885,9.885,9.885,100,2021-05-11 16:38:00,AACQ
9.88,9.89,9.88,9.89,200,2021-05-11 16:40:00,AACQ
9.88,9.88,9.88,9.88,400,2021-05-11 16:41:00,AACQ
9.88,9.88,9.88,9.88,300,2021-05-11 16:42:00,AACQ
9.88,9.88,9.88,9.88,100,2021-05-11 16:43:00,AACQ
9.88,9.88,9.88,9.88,400,2021-05-11 16:44:00,AACQ
9.88,9.88,9.88,9.88,100,2021-05-11 16:45:00,AACQ
9.88,9.88,9.88,9.88,145800,2021-05-11 16:46:00,AACQ
9.88,9.88,9.88,9.88,200,2021-05-11 16:48:00,AACQ
9.88,9.882,9.88,9.882,700,2021-05-11 16:49:00,AACQ
9.88,9.88,9.88,9.88,200,2021-05-11 16:50:00,AACQ
9.885,9.885,9.88,9.88,300,2021-05-11 16:51:00,AACQ
9.8802,9.89,9.88,9.89,12000,2021-05-11 16:52:00,AACQ
9.88,9.88,9.88,9.88,200,2021-05-11 16:53:00,AACQ
9.88,9.88,9.88,9.88,100,2021-05-11 16:54:00,AACQ
9.88,9.88,9.88,9.88,200,2021-05-11 16:55:00,AACQ
9.88,9.88,9.88,9.88,100,2021-05-11 16:56:00,AACQ
9.88,9.88,9.88,9.88,200,2021-05-11 16:57:00,AACQ
9.88,9.88,9.88,9.88,200,2021-05-11 16:58:00,AACQ
9.88,9.88,9.88,9.88,2100,2021-05-11 16:59:00,AACQ
9.88,9.88,9.88,9.88,200,2021-05-11 17:00:00,AACQ
9.88,9.88,9.88,9.88,100,2021-05-11 17:01:00,AACQ
9.88,9.88,9.88,9.88,200,2021-05-11 17:02:00,AACQ
9.88,9.885,9.88,9.885,700,2021-05-11 17:03:00,AACQ
9.885,9.885,9.885,9.885,300,2021-05-11 17:04:00,AACQ
9.885,9.885,9.8827,9.8827,200,2021-05-11 17:05:00,AACQ
9.885,9.888,9.885,9.885,450,2021-05-11 17:06:00,AACQ
9.89,9.9,9.8875,9.8927,6769,2021-05-11 17:07:00,AACQ
9.9,9.9,9.9,9.9,1300,2021-05-11 17:08:00,AACQ
9.9,9.9,9.9,9.9,200,2021-05-11 17:09:00,AACQ
9.9,9.9,9.895,9.895,500,2021-05-11 17:10:00,AACQ
9.895,9.895,9.895,9.895,100,2021-05-11 17:12:00,AACQ
9.8922,9.8922,9.8922,9.8922,100,2021-05-11 17:15:00,AACQ
9.8922,9.8922,9.8922,9.8922,100,2021-05-11 17:16:00,AACQ
9.895,9.895,9.895,9.895,300,2021-05-11 17:17:00,AACQ
9.895,9.895,9.89,9.895,2985,2021-05-11 17:18:00,AACQ
9.895,9.895,9.895,9.895,100,2021-05-11 17:19:00,AACQ
9.895,9.895,9.8927,9.8927,200,2021-05-11 17:20:00,AACQ
9.895,9.895,9.8922,9.8922,300,2021-05-11 17:21:00,AACQ
9.89,9.89,9.89,9.89,100,2021-05-11 17:22:00,AACQ
9.895,9.895,9.895,9.895,100,2021-05-11 17:23:00,AACQ
9.8922,9.9,9.89,9.9,7700,2021-05-11 17:24:00,AACQ
9.89,9.9,9.89,9.9,400,2021-05-11 17:26:00,AACQ
9.89,9.89,9.89,9.89,300,2021-05-11 17:27:00,AACQ
9.89,9.89,9.89,9.89,100,2021-05-11 17:28:00,AACQ
9.895,9.895,9.89,9.89,300,2021-05-11 17:29:00,AACQ
9.89,9.89,9.89,9.89,200,2021-05-11 17:30:00,AACQ
9.89,9.9,9.89,9.895,500,2021-05-11 17:31:00,AACQ
9.89,9.89,9.89,9.89,1008,2021-05-11 17:34:00,AACQ
9.89,9.89,9.89,9.89,100,2021-05-11 17:35:00,AACQ
9.89,9.89,9.89,9.89,300,2021-05-11 17:36:00,AACQ
9.89,9.89,9.89,9.89,100,2021-05-11 17:37:00,AACQ
9.89,9.89,9.89,9.89,600,2021-05-11 17:38:00,AACQ
9.89,9.89,9.89,9.89,200,2021-05-11 17:39:00,AACQ
9.89,9.89,9.89,9.89,200,2021-05-11 17:40:00,AACQ
9.895,9.895,9.89,9.89,5090,2021-05-11 17:41:00,AACQ
9.89,9.89,9.89,9.89,100,2021-05-11 17:42:00,AACQ
9.89,9.89,9.89,9.89,400,2021-05-11 17:43:00,AACQ
9.89,9.89,9.89,9.89,100,2021-05-11 17:44:00,AACQ
9.89,9.89,9.89,9.89,300,2021-05-11 17:45:00,AACQ
9.89,9.89,9.89,9.89,100,2021-05-11 17:46:00,AACQ
9.89,9.89,9.89,9.89,300,2021-05-11 17:47:00,AACQ
9.89,9.89,9.89,9.89,100,2021-05-11 17:48:00,AACQ
9.89,9.89,9.89,9.89,300,2021-05-11 17:49:00,AACQ
9.89,9.89,9.89,9.89,400,2021-05-11 17:50:00,AACQ
9.89,9.89,9.89,9.89,120,2021-05-11 17:51:00,AACQ
9.89,9.89,9.89,9.89,200,2021-05-11 17:52:00,AACQ
9.89,9.89,9.89,9.89,300,2021-05-11 17:53:00,AACQ
9.89,9.893,9.89,9.893,700,2021-05-11 17:54:00,AACQ
9.89,9.9,9.89,9.9,2500,2021-05-11 17:55:00,AACQ
9.89,9.89,9.89,9.89,2658,2021-05-11 17:56:00,AACQ
9.89,9.89,9.89,9.89,400,2021-05-11 17:57:00,AACQ
9.89,9.89,9.885,9.89,22542,2021-05-11 17:58:00,AACQ
9.885,9.89,9.885,9.89,500,2021-05-11 17:59:00,AACQ
9.89,9.89,9.885,9.885,600,2021-05-11 18:00:00,AACQ
9.887,9.887,9.885,9.885,240,2021-05-11 18:01:00,AACQ
9.885,9.885,9.885,9.885,1000,2021-05-11 18:02:00,AACQ
9.89,9.89,9.88,9.88,250,2021-05-11 18:03:00,AACQ
9.88,9.885,9.88,9.88,300,2021-05-11 18:04:00,AACQ
9.88,9.88,9.88,9.88,100,2021-05-11 18:05:00,AACQ
9.88,9.88,9.88,9.88,200,2021-05-11 18:06:00,AACQ
9.88,9.88,9.88,9.88,200,2021-05-11 18:07:00,AACQ
9.88,9.88,9.88,9.88,200,2021-05-11 18:08:00,AACQ
9.88,9.88,9.88,9.88,300,2021-05-11 18:11:00,AACQ
9.88,9.88,9.88,9.88,100,2021-05-11 18:12:00,AACQ
9.88,9.88,9.88,9.88,200,2021-05-11 18:13:00,AACQ
9.88,9.88,9.88,9.88,100,2021-05-11 18:14:00,AACQ
9.88,9.88,9.88,9.88,300,2021-05-11 18:15:00,AACQ
9.88,9.88,9.88,9.88,100,2021-05-11 18:16:00,AACQ
9.88,9.88,9.88,9.88,100,2021-05-11 18:17:00,AACQ
9.88,9.88,9.88,9.88,200,2021-05-11 18:18:00,AACQ
9.88,9.88,9.88,9.88,100,2021-05-11 18:19:00,AACQ
9.88,9.88,9.88,9.88,200,2021-05-11 18:20:00,AACQ
9.88,9.88,9.88,9.88,300,2021-05-11 18:21:00,AACQ
9.88,9.8834,9.88,9.8834,340,2021-05-11 18:22:00,AACQ
9.88,9.89,9.88,9.885,23000,2021-05-11 18:23:00,AACQ
9.89,9.89,9.885,9.8899,1200,2021-05-11 18:24:00,AACQ
9.885,9.885,9.885,9.885,100,2021-05-11 18:25:00,AACQ
9.885,9.885,9.885,9.885,100,2021-05-11 18:26:00,AACQ
9.88,9.88,9.88,9.88,200,2021-05-11 18:27:00,AACQ
9.88,9.88,9.88,9.88,100,2021-05-11 18:28:00,AACQ
9.88,9.88,9.88,9.88,400,2021-05-11 18:29:00,AACQ
9.88,9.88,9.88,9.88,100,2021-05-11 18:30:00,AACQ
9.88,9.88,9.88,9.88,500,2021-05-11 18:31:00,AACQ
9.88,9.88,9.88,9.88,200,2021-05-11 18:32:00,AACQ
9.88,9.88,9.88,9.88,100,2021-05-11 18:33:00,AACQ
9.88,9.885,9.88,9.88,300,2021-05-11 18:34:00,AACQ
9.88,9.88,9.88,9.88,1500,2021-05-11 18:35:00,AACQ
9.88,9.88,9.88,9.88,200,2021-05-11 18:36:00,AACQ
9.88,9.885,9.88,9.88,335,2021-05-11 18:38:00,AACQ
9.88,9.88,9.88,9.88,100,2021-05-11 18:39:00,AACQ
9.88,9.89,9.88,9.89,800,2021-05-11 18:40:00,AACQ
9.88,9.885,9.88,9.8801,600,2021-05-11 18:41:00,AACQ
9.8873,9.8873,9.8873,9.8873,150,2021-05-11 18:42:00,AACQ
9.88,9.88,9.88,9.88,1900,2021-05-11 18:43:00,AACQ
9.88,9.88,9.88,9.88,200,2021-05-11 18:44:00,AACQ
9.88,9.8802,9.88,9.88,600,2021-05-11 18:45:00,AACQ
9.88,9.88,9.88,9.88,5301,2021-05-11 18:46:00,AACQ
9.88,9.88,9.88,9.88,100,2021-05-11 18:47:00,AACQ
9.88,9.88,9.88,9.88,400,2021-05-11 18:48:00,AACQ
9.88,9.88,9.88,9.88,100,2021-05-11 18:49:00,AACQ
9.88,9.88,9.88,9.88,200,2021-05-11 18:50:00,AACQ
9.88,9.88,9.88,9.88,100,2021-05-11 18:51:00,AACQ
9.88,9.88,9.88,9.88,100,2021-05-11 18:52:00,AACQ
9.88,9.88,9.88,9.88,100,2021-05-11 18:53:00,AACQ
9.88,9.885,9.88,9.88,805,2021-05-11 18:54:00,AACQ
9.88,9.8895,9.88,9.88,1300,2021-05-11 18:55:00,AACQ
9.8874,9.8874,9.88,9.88,200,2021-05-11 18:56:00,AACQ
9.88,9.88,9.88,9.88,300,2021-05-11 18:57:00,AACQ
9.88,9.885,9.88,9.885,2325,2021-05-11 18:58:00,AACQ
9.88,9.885,9.88,9.885,1150,2021-05-11 18:59:00,AACQ
9.88,9.88,9.88,9.88,100,2021-05-11 19:00:00,AACQ
9.8855,9.8855,9.88,9.88,300,2021-05-11 19:01:00,AACQ
9.88,9.88,9.88,9.88,100,2021-05-11 19:02:00,AACQ
9.88,9.88,9.88,9.88,100,2021-05-11 19:03:00,AACQ
9.88,9.88,9.88,9.88,300,2021-05-11 19:04:00,AACQ
9.88,9.88,9.88,9.88,300,2021-05-11 19:06:00,AACQ
9.88,9.88,9.88,9.88,100,2021-05-11 19:07:00,AACQ
9.88,9.88,9.88,9.88,200,2021-05-11 19:08:00,AACQ
9.88,9.88,9.88,9.88,100,2021-05-11 19:09:00,AACQ
9.88,9.8818,9.88,9.8818,300,2021-05-11 19:10:00,AACQ
9.88,9.88,9.88,9.88,300,2021-05-11 19:11:00,AACQ
9.88,9.88,9.87,9.87,7003,2021-05-11 19:12:00,AACQ
9.87,9.8784,9.87,9.8784,500,2021-05-11 19:13:00,AACQ
9.87,9.87,9.87,9.87,300,2021-05-11 19:14:00,AACQ
9.87,9.8715,9.87,9.87,1410,2021-05-11 19:15:00,AACQ
9.87,9.87,9.87,9.87,400,2021-05-11 19:16:00,AACQ
9.87,9.87,9.87,9.87,100,2021-05-11 19:17:00,AACQ
9.87,9.88,9.87,9.88,4500,2021-05-11 19:18:00,AACQ
9.875,9.875,9.875,9.875,300,2021-05-11 19:19:00,AACQ
9.8799,9.8799,9.875,9.875,2100,2021-05-11 19:20:00,AACQ
9.875,9.875,9.87,9.87,200,2021-05-11 19:21:00,AACQ
9.87,9.8701,9.87,9.87,700,2021-05-11 19:22:00,AACQ
9.87,9.87,9.87,9.87,100,2021-05-11 19:23:00,AACQ
9.87,9.8736,9.87,9.87,700,2021-05-11 19:24:00,AACQ
9.87,9.87,9.87,9.87,100,2021-05-11 19:25:00,AACQ
9.87,9.87,9.87,9.87,200,2021-05-11 19:26:00,AACQ
9.8799,9.8799,9.87,9.87,1300,2021-05-11 19:27:00,AACQ
9.87,9.87,9.87,9.87,100,2021-05-11 19:28:00,AACQ
9.87,9.87,9.87,9.87,600,2021-05-11 19:29:00,AACQ
9.87,9.87,9.87,9.87,100,2021-05-11 19:30:00,AACQ
9.8773,9.88,9.87,9.87,400,2021-05-11 19:31:00,AACQ
9.87,9.87,9.87,9.87,100,2021-05-11 19:32:00,AACQ
9.87,9.87,9.87,9.87,200,2021-05-11 19:33:00,AACQ
9.87,9.87,9.87,9.87,100,2021-05-11 19:34:00,AACQ
9.87,9.88,9.87,9.88,986,2021-05-11 19:35:00,AACQ
9.87,9.875,9.87,9.87,700,2021-05-11 19:36:00,AACQ
9.8702,9.8717,9.87,9.8717,518,2021-05-11 19:37:00,AACQ
9.87,9.88,9.87,9.87,485,2021-05-11 19:38:00,AACQ
9.87,9.87,9.86,9.87,44898,2021-05-11 19:39:00,AACQ
9.87,9.87,9.8601,9.87,4809,2021-05-11 19:40:00,AACQ
9.87,9.88,9.87,9.88,10321,2021-05-11 19:41:00,AACQ
9.88,9.88,9.88,9.88,500,2021-05-11 19:42:00,AACQ
9.8701,9.875,9.8701,9.875,424,2021-05-11 19:43:00,AACQ
9.88,9.88,9.872,9.872,380,2021-05-11 19:44:00,AACQ
9.88,9.88,9.87,9.8701,5416,2021-05-11 19:45:00,AACQ
9.875,9.88,9.872,9.872,762,2021-05-11 19:46:00,AACQ
9.87,9.87,9.87,9.87,100,2021-05-11 19:47:00,AACQ
9.875,9.875,9.87,9.87,1679,2021-05-11 19:48:00,AACQ
9.87,9.87,9.87,9.87,312,2021-05-11 19:49:00,AACQ
9.87,9.88,9.87,9.87,6911,2021-05-11 19:50:00,AACQ
9.8701,9.8799,9.87,9.8799,3077,2021-05-11 19:51:00,AACQ
9.87,9.875,9.87,9.87,600,2021-05-11 19:52:00,AACQ
9.8713,9.875,9.87,9.875,917,2021-05-11 19:53:00,AACQ
9.875,9.875,9.8701,9.875,3472,2021-05-11 19:54:00,AACQ
9.8701,9.8701,9.87,9.87,425,2021-05-11 19:55:00,AACQ
9.87,9.88,9.87,9.88,5693,2021-05-11 19:56:00,AACQ
9.88,9.89,9.88,9.885,17340,2021-05-11 19:57:00,AACQ
9.88,9.89,9.88,9.89,4956,2021-05-11 19:58:00,AACQ
9.88,9.89,9.87,9.87,13551,2021-05-11 19:59:00,AACQ
9.87,9.87,9.87,9.87,3234,2021-05-11 20:00:00,AACQ
9.84,9.84,9.84,9.84,100,2021-05-12 11:34:00,AACQ
9.83,9.83,9.83,9.83,235,2021-05-12 12:13:00,AACQ
9.84,9.84,9.84,9.84,200,2021-05-12 12:18:00,AACQ
9.88,9.88,9.88,9.88,100,2021-05-12 12:36:00,AACQ
9.84,9.84,9.84,9.84,100,2021-05-12 13:22:00,AACQ
9.83,9.83,9.83,9.83,1214,2021-05-12 13:30:00,AACQ
9.86,9.86,9.86,9.86,100,2021-05-12 13:31:00,AACQ
9.87,9.87,9.87,9.87,180,2021-05-12 13:33:00,AACQ
9.87,9.8735,9.87,9.8735,200,2021-05-12 13:35:00,AACQ
9.87,9.8722,9.87,9.87,400,2021-05-12 13:36:00,AACQ
9.8766,9.8766,9.8766,9.8766,200,2021-05-12 13:37:00,AACQ
9.86,9.86,9.86,9.86,100,2021-05-12 13:39:00,AACQ
9.86,9.86,9.85,9.85,400,2021-05-12 13:40:00,AACQ
9.8549,9.86,9.8549,9.86,800,2021-05-12 13:42:00,AACQ
9.86,9.86,9.86,9.86,1000,2021-05-12 13:43:00,AACQ
9.85,9.85,9.85,9.85,395,2021-05-12 13:44:00,AACQ
9.86,9.86,9.86,9.86,775,2021-05-12 13:46:00,AACQ
9.86,9.86,9.86,9.86,300,2021-05-12 13:47:00,AACQ
9.85,9.85,9.85,9.85,905,2021-05-12 13:53:00,AACQ
9.84,9.85,9.84,9.85,2088,2021-05-12 13:56:00,AACQ
9.84,9.84,9.84,9.84,345,2021-05-12 13:58:00,AACQ
9.845,9.845,9.84,9.84,1002,2021-05-12 13:59:00,AACQ
9.8401,9.8401,9.8401,9.8401,100,2021-05-12 14:01:00,AACQ
9.845,9.845,9.84,9.84,400,2021-05-12 14:02:00,AACQ
9.84,9.8405,9.84,9.84,2100,2021-05-12 14:03:00,AACQ
9.84,9.85,9.84,9.845,12475,2021-05-12 14:05:00,AACQ
9.84,9.85,9.84,9.85,16554,2021-05-12 14:06:00,AACQ
9.8401,9.85,9.8401,9.85,1100,2021-05-12 14:07:00,AACQ
9.8488,9.8488,9.8488,9.8488,1000,2021-05-12 14:09:00,AACQ
9.8424,9.85,9.8424,9.85,200,2021-05-12 14:10:00,AACQ
9.85,9.85,9.84,9.85,1000,2021-05-12 14:12:00,AACQ
9.845,9.845,9.84,9.845,1200,2021-05-12 14:14:00,AACQ
9.845,9.85,9.84,9.84,12938,2021-05-12 14:15:00,AACQ
9.845,9.845,9.845,9.845,300,2021-05-12 14:16:00,AACQ
9.8402,9.8402,9.83,9.84,19181,2021-05-12 14:17:00,AACQ
9.84,9.845,9.84,9.845,400,2021-05-12 14:18:00,AACQ
9.845,9.845,9.84,9.845,1314,2021-05-12 14:21:00,AACQ
9.8499,9.85,9.8499,9.85,550,2021-05-12 14:25:00,AACQ
9.845,9.85,9.84,9.85,1670,2021-05-12 14:26:00,AACQ
9.85,9.85,9.84,9.84,937,2021-05-12 14:27:00,AACQ
9.8436,9.8436,9.8436,9.8436,1000,2021-05-12 14:29:00,AACQ
9.84,9.84,9.84,9.84,200,2021-05-12 14:31:00,AACQ
9.84,9.84,9.84,9.84,100,2021-05-12 14:34:00,AACQ
9.85,9.85,9.84,9.85,2800,2021-05-12 14:35:00,AACQ
9.84,9.84,9.84,9.84,100,2021-05-12 14:37:00,AACQ
9.84,9.84,9.84,9.84,100,2021-05-12 14:43:00,AACQ
9.8401,9.8401,9.8401,9.8401,100,2021-05-12 14:44:00,AACQ
9.84,9.84,9.84,9.84,100,2021-05-12 14:45:00,AACQ
9.845,9.85,9.84,9.84,14304,2021-05-12 14:46:00,AACQ
9.845,9.845,9.84,9.84,400,2021-05-12 14:47:00,AACQ
9.845,9.845,9.84,9.84,1697,2021-05-12 14:50:00,AACQ
9.8483,9.8483,9.84,9.84,5600,2021-05-12 14:53:00,AACQ
9.84,9.84,9.84,9.84,100,2021-05-12 14:54:00,AACQ
9.845,9.85,9.84,9.845,10322,2021-05-12 14:56:00,AACQ
9.8413,9.85,9.8412,9.85,900,2021-05-12 14:57:00,AACQ
9.845,9.845,9.845,9.845,100,2021-05-12 14:58:00,AACQ
9.845,9.845,9.845,9.845,100,2021-05-12 14:59:00,AACQ
9.845,9.845,9.8401,9.8401,790,2021-05-12 15:00:00,AACQ
9.8401,9.8401,9.8401,9.8401,2400,2021-05-12 15:01:00,AACQ
9.85,9.86,9.85,9.85,24295,2021-05-12 15:02:00,AACQ
9.8575,9.8575,9.8575,9.8575,400,2021-05-12 15:03:00,AACQ
9.855,9.86,9.855,9.86,5635,2021-05-12 15:04:00,AACQ
9.865,9.865,9.855,9.865,4331,2021-05-12 15:06:00,AACQ
9.86,9.86,9.85,9.85,9200,2021-05-12 15:07:00,AACQ
9.865,9.865,9.86,9.86,631,2021-05-12 15:08:00,AACQ
9.865,9.865,9.865,9.865,500,2021-05-12 15:09:00,AACQ
9.865,9.865,9.865,9.865,100,2021-05-12 15:10:00,AACQ
9.87,9.87,9.8601,9.865,1750,2021-05-12 15:13:00,AACQ
9.865,9.865,9.8617,9.8617,575,2021-05-12 15:15:00,AACQ
9.865,9.865,9.865,9.865,400,2021-05-12 15:20:00,AACQ
9.87,9.87,9.87,9.87,200,2021-05-12 15:21:00,AACQ
9.86,9.87,9.86,9.87,1822,2021-05-12 15:23:00,AACQ
9.8675,9.8675,9.86,9.86,2000,2021-05-12 15:25:00,AACQ
9.86,9.87,9.86,9.865,765,2021-05-12 15:26:00,AACQ
9.8622,9.87,9.8622,9.87,600,2021-05-12 15:29:00,AACQ
9.865,9.865,9.865,9.865,500,2021-05-12 15:30:00,AACQ
9.861,9.87,9.861,9.87,600,2021-05-12 15:33:00,AACQ
9.8614,9.865,9.8601,9.865,1570,2021-05-12 15:34:00,AACQ
9.87,9.87,9.87,9.87,200,2021-05-12 15:35:00,AACQ
9.865,9.865,9.865,9.865,400,2021-05-12 15:38:00,AACQ
9.8654,9.8661,9.8654,9.8661,400,2021-05-12 15:39:00,AACQ
9.862,9.87,9.862,9.87,1800,2021-05-12 15:40:00,AACQ
9.8675,9.8675,9.86,9.86,2100,2021-05-12 15:42:00,AACQ
9.8609,9.8609,9.8609,9.8609,1500,2021-05-12 15:43:00,AACQ
9.865,9.865,9.865,9.865,100,2021-05-12 15:44:00,AACQ
9.865,9.865,9.865,9.865,200,2021-05-12 15:45:00,AACQ
9.8645,9.8645,9.8645,9.8645,1500,2021-05-12 15:46:00,AACQ
9.865,9.865,9.865,9.865,100,2021-05-12 15:47:00,AACQ
9.865,9.87,9.865,9.87,1000,2021-05-12 15:48:00,AACQ
9.86,9.87,9.86,9.87,2800,2021-05-12 15:49:00,AACQ
9.86,9.86,9.86,9.86,100,2021-05-12 15:50:00,AACQ
9.865,9.87,9.865,9.87,900,2021-05-12 15:51:00,AACQ
9.865,9.865,9.865,9.865,300,2021-05-12 15:52:00,AACQ
9.865,9.87,9.865,9.87,690,2021-05-12 15:55:00,AACQ
9.87,9.87,9.87,9.87,1185,2021-05-12 15:56:00,AACQ
9.865,9.865,9.865,9.865,200,2021-05-12 15:58:00,AACQ
9.8613,9.8613,9.8613,9.8613,100,2021-05-12 15:59:00,AACQ
9.86,9.87,9.86,9.87,200,2021-05-12 16:02:00,AACQ
9.86,9.86,9.86,9.86,200,2021-05-12 16:03:00,AACQ
9.865,9.865,9.86,9.86,800,2021-05-12 16:04:00,AACQ
9.86,9.86,9.86,9.86,600,2021-05-12 16:05:00,AACQ
9.86,9.86,9.86,9.86,100,2021-05-12 16:06:00,AACQ
9.865,9.865,9.865,9.865,200,2021-05-12 16:07:00,AACQ
9.865,9.865,9.8611,9.8611,300,2021-05-12 16:09:00,AACQ
9.86,9.8601,9.86,9.8601,1100,2021-05-12 16:10:00,AACQ
9.865,9.87,9.86,9.8616,2096,2021-05-12 16:11:00,AACQ
9.86,9.86,9.86,9.86,100,2021-05-12 16:13:00,AACQ
9.863,9.87,9.86,9.87,4929,2021-05-12 16:14:00,AACQ
9.86,9.86,9.86,9.86,100,2021-05-12 16:15:00,AACQ
9.86,9.86,9.86,9.86,100,2021-05-12 16:16:00,AACQ
9.865,9.865,9.86,9.86,279,2021-05-12 16:17:00,AACQ
9.86,9.86,9.86,9.86,100,2021-05-12 16:18:00,AACQ
9.86,9.8675,9.86,9.86,1400,2021-05-12 16:19:00,AACQ
9.86,9.86,9.86,9.86,200,2021-05-12 16:20:00,AACQ
9.86,9.87,9.86,9.865,17131,2021-05-12 16:21:00,AACQ
9.86,9.86,9.86,9.86,200,2021-05-12 16:22:00,AACQ
9.86,9.86,9.86,9.86,200,2021-05-12 16:23:00,AACQ
9.86,9.87,9.86,9.87,2728,2021-05-12 16:24:00,AACQ
9.8613,9.87,9.855,9.86,7832,2021-05-12 16:25:00,AACQ
9.87,9.87,9.865,9.865,300,2021-05-12 16:26:00,AACQ
9.865,9.865,9.86,9.865,900,2021-05-12 16:28:00,AACQ
9.86,9.8675,9.86,9.86,421,2021-05-12 16:29:00,AACQ
9.86,9.86,9.86,9.86,100,2021-05-12 16:31:00,AACQ
9.865,9.865,9.865,9.865,100,2021-05-12 16:32:00,AACQ
9.865,9.865,9.86,9.865,400,2021-05-12 16:33:00,AACQ
9.86,9.86,9.86,9.86,100,2021-05-12 16:34:00,AACQ
9.86,9.86,9.86,9.86,100,2021-05-12 16:35:00,AACQ
9.86,9.87,9.86,9.86,647,2021-05-12 16:36:00,AACQ
9.87,9.87,9.86,9.86,2000,2021-05-12 16:37:00,AACQ
9.865,9.865,9.865,9.865,786,2021-05-12 16:39:00,AACQ
9.865,9.87,9.86,9.86,1700,2021-05-12 16:40:00,AACQ
9.86,9.87,9.86,9.87,300,2021-05-12 16:41:00,AACQ
9.865,9.87,9.86,9.86,2665,2021-05-12 16:45:00,AACQ
9.86,9.86,9.86,9.86,350,2021-05-12 16:46:00,AACQ
9.86,9.86,9.86,9.86,340,2021-05-12 16:48:00,AACQ
9.86,9.86,9.86,9.86,100,2021-05-12 16:49:00,AACQ
9.86,9.86,9.86,9.86,100,2021-05-12 16:50:00,AACQ
9.86,9.86,9.86,9.86,100,2021-05-12 16:51:00,AACQ
9.865,9.865,9.865,9.865,200,2021-05-12 16:52:00,AACQ
9.8612,9.8613,9.86,9.86,683,2021-05-12 16:54:00,AACQ
9.865,9.865,9.86,9.86,200,2021-05-12 16:55:00,AACQ
9.86,9.86,9.86,9.86,100,2021-05-12 16:56:00,AACQ
9.865,9.865,9.86,9.86,400,2021-05-12 16:57:00,AACQ
9.86,9.865,9.86,9.865,800,2021-05-12 16:58:00,AACQ
9.86,9.86,9.86,9.86,100,2021-05-12 16:59:00,AACQ
9.86,9.86,9.86,9.86,100,2021-05-12 17:00:00,AACQ
9.86,9.86,9.86,9.86,100,2021-05-12 17:01:00,AACQ
9.865,9.865,9.86,9.86,200,2021-05-12 17:02:00,AACQ
9.86,9.8675,9.86,9.8675,1100,2021-05-12 17:03:00,AACQ
9.8675,9.8699,9.865,9.8699,500,2021-05-12 17:04:00,AACQ
9.8684,9.8684,9.86,9.865,1580,2021-05-12 17:05:00,AACQ
9.8649,9.865,9.8601,9.8601,400,2021-05-12 17:06:00,AACQ
9.86,9.87,9.86,9.87,500,2021-05-12 17:07:00,AACQ
9.86,9.86,9.86,9.86,100,2021-05-12 17:09:00,AACQ
9.86,9.87,9.86,9.87,300,2021-05-12 17:10:00,AACQ
9.865,9.865,9.865,9.865,100,2021-05-12 17:11:00,AACQ
9.86,9.86,9.86,9.86,100,2021-05-12 17:12:00,AACQ
9.86,9.865,9.86,9.86,1400,2021-05-12 17:13:00,AACQ
9.86,9.8682,9.86,9.865,400,2021-05-12 17:14:00,AACQ
9.86,9.86,9.86,9.86,100,2021-05-12 17:15:00,AACQ
9.86,9.86,9.86,9.86,100,2021-05-12 17:16:00,AACQ
9.87,9.87,9.87,9.87,200,2021-05-12 17:17:00,AACQ
9.865,9.87,9.865,9.87,1292,2021-05-12 17:18:00,AACQ
9.865,9.865,9.865,9.865,170,2021-05-12 17:19:00,AACQ
9.865,9.865,9.86,9.86,1100,2021-05-12 17:20:00,AACQ
9.86,9.86,9.86,9.86,200,2021-05-12 17:21:00,AACQ
9.86,9.86,9.86,9.86,200,2021-05-12 17:22:00,AACQ
9.86,9.86,9.86,9.86,1000,2021-05-12 17:24:00,AACQ
9.86,9.87,9.86,9.865,5100,2021-05-12 17:25:00,AACQ
9.865,9.865,9.865,9.865,100,2021-05-12 17:26:00,AACQ
9.865,9.865,9.865,9.865,100,2021-05-12 17:27:00,AACQ
9.86,9.86,9.86,9.86,100,2021-05-12 17:28:00,AACQ
9.86,9.86,9.86,9.86,270,2021-05-12 17:29:00,AACQ
9.86,9.86,9.86,9.86,100,2021-05-12 17:30:00,AACQ
9.8638,9.8638,9.86,9.86,350,2021-05-12 17:31:00,AACQ
9.86,9.8601,9.86,9.8601,1851,2021-05-12 17:32:00,AACQ
9.86,9.86,9.86,9.86,200,2021-05-12 17:36:00,AACQ
9.865,9.865,9.86,9.86,200,2021-05-12 17:38:00,AACQ
9.8613,9.8619,9.8613,9.8619,800,2021-05-12 17:39:00,AACQ
9.86,9.86,9.86,9.86,100,2021-05-12 17:40:00,AACQ
9.86,9.86,9.86,9.86,200,2021-05-12 17:41:00,AACQ
9.86,9.8634,9.86,9.8634,1200,2021-05-12 17:43:00,AACQ
9.86,9.86,9.86,9.86,800,2021-05-12 17:45:00,AACQ
9.86,9.86,9.86,9.86,195,2021-05-12 17:46:00,AACQ
9.86,9.8609,9.86,9.86,550,2021-05-12 17:48:00,AACQ
9.86,9.86,9.86,9.86,100,2021-05-12 17:50:00,AACQ
9.86,9.86,9.86,9.86,200,2021-05-12 17:52:00,AACQ
9.86,9.86,9.86,9.86,100,2021-05-12 17:53:00,AACQ
9.86,9.86,9.86,9.86,300,2021-05-12 17:54:00,AACQ
9.86,9.86,9.86,9.86,100,2021-05-12 17:55:00,AACQ
9.86,9.86,9.86,9.86,400,2021-05-12 17:56:00,AACQ
9.86,9.86,9.86,9.86,300,2021-05-12 17:57:00,AACQ
9.86,9.86,9.86,9.86,300,2021-05-12 17:58:00,AACQ
9.86,9.86,9.86,9.86,300,2021-05-12 18:00:00,AACQ
9.86,9.86,9.86,9.86,5000,2021-05-12 18:01:00,AACQ
9.86,9.86,9.86,9.86,300,2021-05-12 18:02:00,AACQ
9.86,9.86,9.86,9.86,400,2021-05-12 18:03:00,AACQ
9.86,9.86,9.855,9.86,2800,2021-05-12 18:04:00,AACQ
9.86,9.86,9.86,9.86,100,2021-05-12 18:05:00,AACQ
9.86,9.86,9.86,9.86,100,2021-05-12 18:06:00,AACQ
9.86,9.86,9.86,9.86,3100,2021-05-12 18:07:00,AACQ
9.86,9.86,9.86,9.86,100,2021-05-12 18:08:00,AACQ
9.86,9.86,9.86,9.86,100,2021-05-12 18:09:00,AACQ
9.86,9.87,9.86,9.865,5400,2021-05-12 18:10:00,AACQ
9.86,9.86,9.86,9.86,100,2021-05-12 18:11:00,AACQ
9.86,9.86,9.86,9.86,100,2021-05-12 18:13:00,AACQ
9.86,9.86,9.86,9.86,100,2021-05-12 18:14:00,AACQ
9.86,9.86,9.86,9.86,100,2021-05-12 18:15:00,AACQ
9.86,9.86,9.86,9.86,1800,2021-05-12 18:16:00,AACQ
9.86,9.86,9.86,9.86,400,2021-05-12 18:17:00,AACQ
9.86,9.86,9.86,9.86,100,2021-05-12 18:18:00,AACQ
9.86,9.86,9.86,9.86,3000,2021-05-12 18:19:00,AACQ
9.86,9.86,9.86,9.86,100,2021-05-12 18:21:00,AACQ
9.8699,9.8699,9.8699,9.8699,500,2021-05-12 18:23:00,AACQ
9.86,9.86,9.86,9.86,100,2021-05-12 18:24:00,AACQ
9.865,9.865,9.86,9.86,200,2021-05-12 18:25:00,AACQ
9.86,9.86,9.86,9.86,200,2021-05-12 18:26:00,AACQ
9.86,9.8688,9.86,9.8688,800,2021-05-12 18:27:00,AACQ
9.865,9.865,9.86,9.86,1315,2021-05-12 18:28:00,AACQ
9.865,9.865,9.862,9.862,200,2021-05-12 18:29:00,AACQ
9.86,9.8601,9.86,9.86,1200,2021-05-12 18:30:00,AACQ
9.8601,9.8601,9.86,9.86,400,2021-05-12 18:31:00,AACQ
9.8699,9.8699,9.8699,9.8699,1000,2021-05-12 18:33:00,AACQ
9.8618,9.87,9.8618,9.87,700,2021-05-12 18:34:00,AACQ
9.86,9.86,9.86,9.86,100,2021-05-12 18:35:00,AACQ
9.86,9.86,9.86,9.86,100,2021-05-12 18:36:00,AACQ
9.86,9.8601,9.86,9.8601,1735,2021-05-12 18:37:00,AACQ
9.86,9.86,9.86,9.86,100,2021-05-12 18:38:00,AACQ
9.86,9.86,9.86,9.86,100,2021-05-12 18:39:00,AACQ
9.86,9.86,9.86,9.86,100,2021-05-12 18:40:00,AACQ
9.86,9.86,9.85,9.86,5501,2021-05-12 18:41:00,AACQ
9.86,9.86,9.86,9.86,200,2021-05-12 18:42:00,AACQ
9.86,9.86,9.86,9.86,200,2021-05-12 18:43:00,AACQ
9.86,9.86,9.86,9.86,200,2021-05-12 18:44:00,AACQ
9.86,9.8673,9.86,9.8673,300,2021-05-12 18:45:00,AACQ
9.86,9.86,9.86,9.86,800,2021-05-12 18:46:00,AACQ
9.86,9.86,9.86,9.86,3590,2021-05-12 18:47:00,AACQ
9.865,9.865,9.86,9.86,2500,2021-05-12 18:48:00,AACQ
9.8601,9.8601,9.8601,9.8601,115,2021-05-12 18:49:00,AACQ
9.87,9.87,9.86,9.86,5903,2021-05-12 18:51:00,AACQ
9.865,9.865,9.865,9.865,200,2021-05-12 18:52:00,AACQ
9.87,9.87,9.87,9.87,100,2021-05-12 18:53:00,AACQ
9.865,9.865,9.865,9.865,100,2021-05-12 18:54:00,AACQ
9.865,9.865,9.865,9.865,100,2021-05-12 18:55:00,AACQ
9.87,9.88,9.87,9.87,1807,2021-05-12 18:56:00,AACQ
9.88,9.88,9.8705,9.8705,11300,2021-05-12 18:57:00,AACQ
9.875,9.875,9.87,9.87,700,2021-05-12 18:58:00,AACQ
9.87,9.87,9.87,9.87,100,2021-05-12 18:59:00,AACQ
9.87,9.87,9.87,9.87,100,2021-05-12 19:00:00,AACQ
9.87,9.87,9.87,9.87,200,2021-05-12 19:01:00,AACQ
9.87,9.87,9.87,9.87,100,2021-05-12 19:02:00,AACQ
9.87,9.87,9.87,9.87,410,2021-05-12 19:03:00,AACQ
9.87,9.87,9.86,9.86,350,2021-05-12 19:04:00,AACQ
9.86,9.86,9.86,9.86,600,2021-05-12 19:05:00,AACQ
9.86,9.86,9.86,9.86,900,2021-05-12 19:06:00,AACQ
9.86,9.867,9.86,9.86,1100,2021-05-12 19:07:00,AACQ
9.86,9.86,9.86,9.86,100,2021-05-12 19:08:00,AACQ
9.86,9.865,9.86,9.865,400,2021-05-12 19:09:00,AACQ
9.86,9.8642,9.86,9.8642,1436,2021-05-12 19:11:00,AACQ
9.86,9.86,9.86,9.86,100,2021-05-12 19:12:00,AACQ
9.86,9.86,9.86,9.86,100,2021-05-12 19:13:00,AACQ
9.865,9.865,9.865,9.865,100,2021-05-12 19:14:00,AACQ
9.86,9.86,9.86,9.86,200,2021-05-12 19:15:00,AACQ
9.85,9.85,9.85,9.85,2629,2021-05-12 19:17:00,AACQ
9.85,9.855,9.85,9.855,700,2021-05-12 19:18:00,AACQ
9.8599,9.86,9.8599,9.86,2600,2021-05-12 19:19:00,AACQ
9.85,9.855,9.85,9.85,2401,2021-05-12 19:20:00,AACQ
9.85,9.85,9.85,9.85,500,2021-05-12 19:21:00,AACQ
9.85,9.86,9.85,9.85,36713,2021-05-12 19:22:00,AACQ
9.85,9.86,9.84,9.85,58831,2021-05-12 19:23:00,AACQ
9.845,9.85,9.845,9.85,500,2021-05-12 19:24:00,AACQ
9.845,9.845,9.845,9.845,100,2021-05-12 19:25:00,AACQ
9.845,9.85,9.845,9.85,1110,2021-05-12 19:26:00,AACQ
9.845,9.845,9.845,9.845,100,2021-05-12 19:27:00,AACQ
9.845,9.845,9.845,9.845,100,2021-05-12 19:28:00,AACQ
9.845,9.845,9.845,9.845,225,2021-05-12 19:29:00,AACQ
9.8427,9.845,9.8427,9.845,200,2021-05-12 19:30:00,AACQ
9.845,9.845,9.845,9.845,200,2021-05-12 19:31:00,AACQ
9.845,9.845,9.845,9.845,400,2021-05-12 19:32:00,AACQ
9.8429,9.8429,9.8429,9.8429,300,2021-05-12 19:33:00,AACQ
9.845,9.845,9.845,9.845,300,2021-05-12 19:36:00,AACQ
9.85,9.8586,9.85,9.8586,3522,2021-05-12 19:37:00,AACQ
9.85,9.855,9.85,9.855,1664,2021-05-12 19:40:00,AACQ
9.85,9.85,9.85,9.85,500,2021-05-12 19:41:00,AACQ
9.86,9.86,9.86,9.86,100,2021-05-12 19:42:00,AACQ
9.855,9.86,9.855,9.86,200,2021-05-12 19:43:00,AACQ
9.86,9.86,9.855,9.855,200,2021-05-12 19:44:00,AACQ
9.855,9.86,9.85,9.85,1800,2021-05-12 19:45:00,AACQ
9.855,9.86,9.85,9.855,420,2021-05-12 19:46:00,AACQ
9.86,9.86,9.855,9.855,400,2021-05-12 19:47:00,AACQ
9.86,9.86,9.86,9.86,200,2021-05-12 19:48:00,AACQ
9.855,9.86,9.85,9.85,600,2021-05-12 19:49:00,AACQ
9.85,9.86,9.85,9.855,14420,2021-05-12 19:50:00,AACQ
9.855,9.855,9.85,9.855,1200,2021-05-12 19:51:00,AACQ
9.85,9.85,9.845,9.85,10512,2021-05-12 19:52:00,AACQ
9.845,9.85,9.845,9.85,400,2021-05-12 19:53:00,AACQ
9.85,9.85,9.845,9.845,505,2021-05-12 19:54:00,AACQ
9.85,9.85,9.84,9.84,1200,2021-05-12 19:55:00,AACQ
9.845,9.86,9.84,9.85,16737,2021-05-12 19:56:00,AACQ
9.85,9.855,9.85,9.85,16647,2021-05-12 19:57:00,AACQ
9.86,9.86,9.85,9.85,1321,2021-05-12 19:58:00,AACQ
9.85,9.86,9.85,9.86,4298,2021-05-12 19:59:00,AACQ
9.85,9.85,9.85,9.85,2448,2021-05-12 20:00:00,AACQ
9.86,9.86,9.86,9.86,100,2021-05-12 20:08:00,AACQ
9.85,9.85,9.85,9.85,150,2021-05-12 20:36:00,AACQ
9.8462,9.8462,9.8462,9.8462,200,2021-05-12 21:11:00,AACQ
9.8442,9.8442,9.8442,9.8442,300,2021-05-12 21:22:00,AACQ
9.83,9.83,9.83,9.83,100,2021-05-12 23:25:00,AACQ
9.83,9.83,9.83,9.83,300,2021-05-13 08:50:00,AACQ
9.86,9.86,9.86,9.86,100,2021-05-13 12:45:00,AACQ
9.85,9.85,9.85,9.85,500,2021-05-13 12:58:00,AACQ
9.85,9.85,9.85,9.85,100,2021-05-13 13:06:00,AACQ
9.85,9.85,9.85,9.85,120,2021-05-13 13:15:00,AACQ
9.88,9.88,9.85,9.85,2229,2021-05-13 13:30:00,AACQ
9.88,9.88,9.88,9.88,400,2021-05-13 13:35:00,AACQ
9.88,9.88,9.87,9.87,378,2021-05-13 13:36:00,AACQ
9.8719,9.8719,9.8719,9.8719,100,2021-05-13 13:38:00,AACQ
9.87,9.87,9.86,9.86,2366,2021-05-13 13:40:00,AACQ
9.86,9.86,9.85,9.85,1699,2021-05-13 13:41:00,AACQ
9.851,9.8519,9.851,9.8519,320,2021-05-13 13:45:00,AACQ
9.86,9.86,9.86,9.86,600,2021-05-13 13:48:00,AACQ
9.865,9.865,9.865,9.865,1000,2021-05-13 13:51:00,AACQ
9.87,9.87,9.87,9.87,1000,2021-05-13 13:54:00,AACQ
9.8613,9.8613,9.8613,9.8613,300,2021-05-13 13:56:00,AACQ
9.8601,9.8601,9.86,9.86,300,2021-05-13 13:58:00,AACQ
9.852,9.852,9.85,9.85,600,2021-05-13 13:59:00,AACQ
9.86,9.86,9.86,9.86,100,2021-05-13 14:01:00,AACQ
9.86,9.86,9.86,9.86,931,2021-05-13 14:02:00,AACQ
9.86,9.862,9.86,9.862,200,2021-05-13 14:04:00,AACQ
9.8688,9.8688,9.8688,9.8688,150,2021-05-13 14:06:00,AACQ
9.865,9.865,9.865,9.865,360,2021-05-13 14:09:00,AACQ
9.86,9.86,9.86,9.86,200,2021-05-13 14:10:00,AACQ
9.87,9.87,9.865,9.865,433,2021-05-13 14:14:00,AACQ
9.86,9.86,9.86,9.86,300,2021-05-13 14:15:00,AACQ
9.86,9.86,9.85,9.85,9948,2021-05-13 14:16:00,AACQ
9.855,9.86,9.855,9.86,300,2021-05-13 14:19:00,AACQ
9.855,9.855,9.855,9.855,200,2021-05-13 14:20:00,AACQ
9.858,9.858,9.855,9.855,200,2021-05-13 14:21:00,AACQ
9.86,9.86,9.86,9.86,600,2021-05-13 14:22:00,AACQ
9.8591,9.87,9.8591,9.87,1200,2021-05-13 14:23:00,AACQ
9.865,9.87,9.865,9.87,500,2021-05-13 14:24:00,AACQ
9.86,9.86,9.86,9.86,500,2021-05-13 14:25:00,AACQ
9.8632,9.87,9.8632,9.87,600,2021-05-13 14:27:00,AACQ
9.865,9.865,9.865,9.865,100,2021-05-13 14:28:00,AACQ
9.87,9.87,9.87,9.87,300,2021-05-13 14:29:00,AACQ
9.86,9.86,9.86,9.86,700,2021-05-13 14:30:00,AACQ
9.865,9.87,9.865,9.87,500,2021-05-13 14:31:00,AACQ
9.865,9.865,9.865,9.865,250,2021-05-13 14:33:00,AACQ
9.8601,9.87,9.8601,9.87,800,2021-05-13 14:34:00,AACQ
9.865,9.87,9.86,9.86,3363,2021-05-13 14:36:00,AACQ
9.865,9.865,9.865,9.865,100,2021-05-13 14:37:00,AACQ
9.865,9.865,9.863,9.865,598,2021-05-13 14:38:00,AACQ
9.87,9.87,9.87,9.87,300,2021-05-13 14:40:00,AACQ
9.865,9.87,9.86,9.86,2866,2021-05-13 14:41:00,AACQ
9.86,9.86,9.86,9.86,1025,2021-05-13 14:42:00,AACQ
9.86,9.8682,9.86,9.865,580,2021-05-13 14:43:00,AACQ
9.8622,9.865,9.86,9.865,5175,2021-05-13 14:44:00,AACQ
9.8601,9.8601,9.8601,9.8601,176,2021-05-13 14:45:00,AACQ
9.87,9.87,9.86,9.86,900,2021-05-13 14:47:00,AACQ
9.86,9.86,9.86,9.86,100,2021-05-13 14:48:00,AACQ
9.87,9.87,9.87,9.87,400,2021-05-13 14:49:00,AACQ
9.865,9.865,9.865,9.865,174,2021-05-13 14:50:00,AACQ
9.87,9.87,9.87,9.87,300,2021-05-13 14:51:00,AACQ
9.865,9.87,9.86,9.86,800,2021-05-13 14:54:00,AACQ
9.865,9.87,9.865,9.87,400,2021-05-13 14:56:00,AACQ
9.865,9.865,9.865,9.865,100,2021-05-13 14:58:00,AACQ
9.867,9.87,9.867,9.87,300,2021-05-13 14:59:00,AACQ
9.865,9.865,9.865,9.865,100,2021-05-13 15:00:00,AACQ
9.865,9.8687,9.865,9.865,390,2021-05-13 15:01:00,AACQ
9.865,9.865,9.86,9.86,1900,2021-05-13 15:02:00,AACQ
9.865,9.865,9.865,9.865,100,2021-05-13 15:03:00,AACQ
9.865,9.865,9.86,9.86,300,2021-05-13 15:05:00,AACQ
9.8601,9.87,9.8601,9.87,400,2021-05-13 15:06:00,AACQ
9.86,9.86,9.86,9.86,991,2021-05-13 15:07:00,AACQ
9.86,9.86,9.86,9.86,197,2021-05-13 15:08:00,AACQ
9.86,9.8681,9.85,9.86,16770,2021-05-13 15:09:00,AACQ
9.855,9.86,9.855,9.86,722,2021-05-13 15:10:00,AACQ
9.8588,9.86,9.855,9.855,890,2021-05-13 15:11:00,AACQ
9.855,9.855,9.855,9.855,200,2021-05-13 15:12:00,AACQ
9.85,9.86,9.85,9.855,4046,2021-05-13 15:14:00,AACQ
9.855,9.855,9.855,9.855,200,2021-05-13 15:18:00,AACQ
9.855,9.855,9.855,9.855,200,2021-05-13 15:23:00,AACQ
9.855,9.855,9.855,9.855,200,2021-05-13 15:24:00,AACQ
9.86,9.86,9.855,9.855,400,2021-05-13 15:26:00,AACQ
9.86,9.86,9.855,9.855,500,2021-05-13 15:27:00,AACQ
9.855,9.86,9.855,9.86,300,2021-05-13 15:28:00,AACQ
9.854,9.854,9.854,9.854,100,2021-05-13 15:29:00,AACQ
9.855,9.8562,9.855,9.855,500,2021-05-13 15:30:00,AACQ
9.8586,9.8586,9.8586,9.8586,162,2021-05-13 15:31:00,AACQ
9.855,9.855,9.855,9.855,1320,2021-05-13 15:32:00,AACQ
9.85,9.86,9.83,9.86,1377312,2021-05-13 15:33:00,AACQ
9.85,9.86,9.85,9.86,5600,2021-05-13 15:35:00,AACQ
9.8533,9.8533,9.8533,9.8533,500,2021-05-13 15:36:00,AACQ
9.86,9.86,9.86,9.86,200,2021-05-13 15:44:00,AACQ
9.8521,9.86,9.8502,9.86,1450,2021-05-13 15:45:00,AACQ
9.855,9.855,9.855,9.855,400,2021-05-13 15:46:00,AACQ
9.86,9.86,9.86,9.86,300,2021-05-13 15:50:00,AACQ
9.8501,9.855,9.85,9.855,1988,2021-05-13 15:55:00,AACQ
9.855,9.86,9.855,9.86,200,2021-05-13 15:56:00,AACQ
9.851,9.86,9.851,9.86,400,2021-05-13 15:58:00,AACQ
9.855,9.86,9.852,9.852,2300,2021-05-13 15:59:00,AACQ
9.855,9.855,9.855,9.855,200,2021-05-13 16:00:00,AACQ
9.855,9.855,9.855,9.855,100,2021-05-13 16:01:00,AACQ
9.86,9.86,9.86,9.86,300,2021-05-13 16:05:00,AACQ
9.855,9.86,9.855,9.86,2440,2021-05-13 16:06:00,AACQ
9.855,9.855,9.855,9.855,100,2021-05-13 16:08:00,AACQ
9.853,9.853,9.853,9.853,200,2021-05-13 16:11:00,AACQ
9.855,9.855,9.855,9.855,200,2021-05-13 16:12:00,AACQ
9.855,9.86,9.85,9.86,42336,2021-05-13 16:13:00,AACQ
9.86,9.86,9.86,9.86,600,2021-05-13 16:14:00,AACQ
9.855,9.87,9.853,9.87,4012,2021-05-13 16:15:00,AACQ
9.865,9.865,9.86,9.865,5110,2021-05-13 16:16:00,AACQ
9.865,9.865,9.865,9.865,100,2021-05-13 16:20:00,AACQ
9.86,9.86,9.86,9.86,100,2021-05-13 16:22:00,AACQ
9.865,9.865,9.86,9.86,1600,2021-05-13 16:23:00,AACQ
9.8617,9.8617,9.86,9.86,1062,2021-05-13 16:24:00,AACQ
9.8602,9.865,9.86,9.865,7400,2021-05-13 16:25:00,AACQ
9.865,9.865,9.865,9.865,200,2021-05-13 16:26:00,AACQ
9.8601,9.8601,9.8601,9.8601,200,2021-05-13 16:30:00,AACQ
9.865,9.865,9.86,9.86,600,2021-05-13 16:33:00,AACQ
9.8605,9.8605,9.86,9.86,200,2021-05-13 16:34:00,AACQ
9.86,9.86,9.86,9.86,100,2021-05-13 16:37:00,AACQ
9.8605,9.8605,9.86,9.86,200,2021-05-13 16:38:00,AACQ
9.86,9.86,9.86,9.86,358,2021-05-13 16:40:00,AACQ
9.86,9.86,9.86,9.86,600,2021-05-13 16:42:00,AACQ
9.86,9.86,9.86,9.86,1900,2021-05-13 16:44:00,AACQ
9.86,9.86,9.85,9.86,26152,2021-05-13 16:50:00,AACQ
9.855,9.86,9.85,9.85,6956,2021-05-13 16:51:00,AACQ
9.855,9.855,9.855,9.855,2142,2021-05-13 16:53:00,AACQ
9.86,9.86,9.85,9.86,18848,2021-05-13 16:54:00,AACQ
9.855,9.86,9.85,9.86,59773,2021-05-13 16:56:00,AACQ
9.855,9.855,9.855,9.855,1251,2021-05-13 16:57:00,AACQ
9.855,9.86,9.855,9.86,2100,2021-05-13 16:58:00,AACQ
9.855,9.86,9.855,9.86,2603,2021-05-13 17:00:00,AACQ
9.855,9.855,9.855,9.855,249,2021-05-13 17:01:00,AACQ
9.85,9.85,9.85,9.85,700,2021-05-13 17:03:00,AACQ
9.85,9.86,9.85,9.855,600,2021-05-13 17:04:00,AACQ
9.85,9.8501,9.85,9.8501,450,2021-05-13 17:05:00,AACQ
9.86,9.86,9.86,9.86,100,2021-05-13 17:06:00,AACQ
9.86,9.86,9.855,9.86,300,2021-05-13 17:07:00,AACQ
9.855,9.86,9.855,9.86,700,2021-05-13 17:11:00,AACQ
9.8501,9.86,9.8501,9.86,200,2021-05-13 17:13:00,AACQ
9.855,9.855,9.855,9.855,100,2021-05-13 17:15:00,AACQ
9.855,9.855,9.855,9.855,400,2021-05-13 17:17:00,AACQ
9.85,9.88,9.85,9.88,28360,2021-05-13 17:18:00,AACQ
9.875,9.88,9.875,9.88,800,2021-05-13 17:20:00,AACQ
9.88,9.89,9.88,9.88,5854,2021-05-13 17:21:00,AACQ
9.87,9.875,9.87,9.875,829,2021-05-13 17:24:00,AACQ
9.87,9.87,9.87,9.87,100,2021-05-13 17:25:00,AACQ
9.8701,9.8701,9.87,9.87,369,2021-05-13 17:26:00,AACQ
9.87,9.87,9.87,9.87,502,2021-05-13 17:27:00,AACQ
9.87,9.875,9.87,9.875,3678,2021-05-13 17:30:00,AACQ
9.87,9.87,9.87,9.87,500,2021-05-13 17:31:00,AACQ
9.87,9.87,9.87,9.87,502,2021-05-13 17:32:00,AACQ
9.87,9.87,9.87,9.87,800,2021-05-13 17:34:00,AACQ
9.8771,9.88,9.87,9.87,5100,2021-05-13 17:35:00,AACQ
9.87,9.87,9.87,9.87,1889,2021-05-13 17:36:00,AACQ
9.87,9.88,9.87,9.88,600,2021-05-13 17:38:00,AACQ
9.87,9.87,9.87,9.87,200,2021-05-13 17:39:00,AACQ
9.87,9.87,9.865,9.87,6507,2021-05-13 17:40:00,AACQ
9.8601,9.87,9.8601,9.87,700,2021-05-13 17:41:00,AACQ
9.87,9.87,9.87,9.87,200,2021-05-13 17:42:00,AACQ
9.87,9.87,9.87,9.87,225,2021-05-13 17:43:00,AACQ
9.8601,9.8601,9.8601,9.8601,400,2021-05-13 17:45:00,AACQ
9.87,9.87,9.86,9.8698,1500,2021-05-13 17:46:00,AACQ
9.86,9.87,9.86,9.87,500,2021-05-13 17:48:00,AACQ
9.86,9.87,9.855,9.86,15062,2021-05-13 17:49:00,AACQ
9.86,9.865,9.855,9.865,47183,2021-05-13 17:50:00,AACQ
9.86,9.865,9.86,9.8605,5400,2021-05-13 17:51:00,AACQ
9.8605,9.865,9.8605,9.865,500,2021-05-13 17:52:00,AACQ
9.86,9.86,9.86,9.86,100,2021-05-13 17:53:00,AACQ
9.865,9.865,9.865,9.865,200,2021-05-13 17:54:00,AACQ
9.8627,9.865,9.8627,9.865,1240,2021-05-13 17:55:00,AACQ
9.865,9.865,9.865,9.865,100,2021-05-13 17:56:00,AACQ
9.865,9.865,9.86,9.86,900,2021-05-13 17:58:00,AACQ
9.865,9.88,9.865,9.88,6200,2021-05-13 17:59:00,AACQ
9.8758,9.8758,9.875,9.875,200,2021-05-13 18:01:00,AACQ
9.88,9.88,9.875,9.875,600,2021-05-13 18:05:00,AACQ
9.875,9.875,9.87,9.87,1100,2021-05-13 18:07:00,AACQ
9.875,9.875,9.875,9.875,100,2021-05-13 18:11:00,AACQ
9.875,9.875,9.87,9.87,572,2021-05-13 18:14:00,AACQ
9.87,9.872,9.87,9.87,500,2021-05-13 18:15:00,AACQ
9.87,9.88,9.87,9.88,600,2021-05-13 18:22:00,AACQ
9.875,9.875,9.875,9.875,300,2021-05-13 18:24:00,AACQ
9.87,9.87,9.87,9.87,100,2021-05-13 18:25:00,AACQ
9.87,9.8701,9.87,9.8701,200,2021-05-13 18:26:00,AACQ
9.875,9.875,9.875,9.875,100,2021-05-13 18:28:00,AACQ
9.8701,9.88,9.87,9.875,9100,2021-05-13 18:30:00,AACQ
9.875,9.875,9.875,9.875,400,2021-05-13 18:38:00,AACQ
9.875,9.875,9.87,9.87,2199,2021-05-13 18:39:00,AACQ
9.875,9.875,9.875,9.875,200,2021-05-13 18:40:00,AACQ
9.87,9.87,9.87,9.87,100,2021-05-13 18:47:00,AACQ
9.87,9.87,9.87,9.87,106,2021-05-13 18:48:00,AACQ
9.875,9.875,9.87,9.875,1300,2021-05-13 18:49:00,AACQ
9.875,9.875,9.87,9.875,695,2021-05-13 18:50:00,AACQ
9.875,9.875,9.875,9.875,100,2021-05-13 18:51:00,AACQ
9.877,9.877,9.875,9.875,1100,2021-05-13 18:52:00,AACQ
9.88,9.88,9.88,9.88,300,2021-05-13 18:53:00,AACQ
9.875,9.875,9.875,9.875,100,2021-05-13 18:54:00,AACQ
9.875,9.875,9.875,9.875,100,2021-05-13 18:56:00,AACQ
9.8701,9.875,9.8701,9.875,300,2021-05-13 18:58:00,AACQ
9.875,9.875,9.875,9.875,400,2021-05-13 18:59:00,AACQ
9.875,9.875,9.875,9.875,100,2021-05-13 19:02:00,AACQ
9.875,9.875,9.875,9.875,100,2021-05-13 19:04:00,AACQ
9.88,9.88,9.88,9.88,100,2021-05-13 19:07:00,AACQ
9.875,9.875,9.875,9.875,100,2021-05-13 19:08:00,AACQ
9.875,9.875,9.875,9.875,100,2021-05-13 19:09:00,AACQ
9.88,9.88,9.88,9.88,100,2021-05-13 19:10:00,AACQ
9.875,9.875,9.875,9.875,100,2021-05-13 19:11:00,AACQ
9.875,9.875,9.86,9.87,20069,2021-05-13 19:12:00,AACQ
9.87,9.875,9.87,9.87,2021,2021-05-13 19:13:00,AACQ
9.87,9.87,9.865,9.865,1039,2021-05-13 19:14:00,AACQ
9.865,9.865,9.865,9.865,100,2021-05-13 19:15:00,AACQ
9.86,9.86,9.86,9.86,100,2021-05-13 19:16:00,AACQ
9.865,9.865,9.865,9.865,100,2021-05-13 19:19:00,AACQ
9.87,9.87,9.865,9.87,3800,2021-05-13 19:20:00,AACQ
9.8701,9.8701,9.87,9.87,1400,2021-05-13 19:25:00,AACQ
9.8799,9.8799,9.8774,9.8774,200,2021-05-13 19:29:00,AACQ
9.8799,9.8799,9.878,9.878,200,2021-05-13 19:30:00,AACQ
9.87,9.87,9.87,9.87,200,2021-05-13 19:31:00,AACQ
9.87,9.87,9.86,9.86,6200,2021-05-13 19:33:00,AACQ
9.86,9.86,9.86,9.86,900,2021-05-13 19:34:00,AACQ
9.8601,9.8601,9.86,9.86,1697,2021-05-13 19:35:00,AACQ
9.86,9.865,9.86,9.865,5993,2021-05-13 19:36:00,AACQ
9.86,9.86,9.86,9.86,600,2021-05-13 19:37:00,AACQ
9.86,9.865,9.855,9.865,21432,2021-05-13 19:40:00,AACQ
9.86,9.86,9.86,9.86,361,2021-05-13 19:41:00,AACQ
9.86,9.86,9.86,9.86,838,2021-05-13 19:42:00,AACQ
9.86,9.86,9.86,9.86,700,2021-05-13 19:43:00,AACQ
9.86,9.86,9.86,9.86,639,2021-05-13 19:48:00,AACQ
9.86,9.8682,9.855,9.865,58724,2021-05-13 19:49:00,AACQ
9.865,9.865,9.865,9.865,600,2021-05-13 19:50:00,AACQ
9.865,9.8681,9.865,9.865,519,2021-05-13 19:51:00,AACQ
9.865,9.865,9.86,9.865,300,2021-05-13 19:52:00,AACQ
9.8601,9.87,9.86,9.8699,2375,2021-05-13 19:53:00,AACQ
9.865,9.865,9.86,9.865,505,2021-05-13 19:54:00,AACQ
9.8681,9.8681,9.8601,9.8601,765,2021-05-13 19:55:00,AACQ
9.865,9.865,9.86,9.86,948,2021-05-13 19:56:00,AACQ
9.865,9.868,9.86,9.86,797,2021-05-13 19:57:00,AACQ
9.865,9.8678,9.86,9.86,418,2021-05-13 19:58:00,AACQ
9.865,9.87,9.86,9.865,8849,2021-05-13 19:59:00,AACQ
9.86,9.86,9.86,9.86,2629,2021-05-13 20:00:00,AACQ
9.9,9.9,9.9,9.9,250,2021-05-13 21:49:00,AACQ
9.89,9.89,9.89,9.89,400,2021-05-14 13:14:00,AACQ
9.9,9.9,9.9,9.9,1571,2021-05-14 13:18:00,AACQ
9.9,9.9,9.9,9.9,200,2021-05-14 13:19:00,AACQ
9.87,9.87,9.87,9.87,2775,2021-05-14 13:30:00,AACQ
9.89,9.8955,9.89,9.8955,732,2021-05-14 13:31:00,AACQ
9.87,9.87,9.87,9.87,950,2021-05-14 13:32:00,AACQ
9.86,9.8612,9.86,9.8612,300,2021-05-14 13:34:00,AACQ
9.8624,9.8624,9.8624,9.8624,130,2021-05-14 13:36:00,AACQ
9.861,9.861,9.861,9.861,100,2021-05-14 13:37:00,AACQ
9.87,9.88,9.87,9.8799,2722,2021-05-14 13:38:00,AACQ
9.88,9.88,9.88,9.88,2207,2021-05-14 13:40:00,AACQ
9.88,9.88,9.87,9.87,2750,2021-05-14 13:41:00,AACQ
9.879,9.879,9.879,9.879,100,2021-05-14 13:42:00,AACQ
9.875,9.88,9.875,9.88,500,2021-05-14 13:43:00,AACQ
9.8724,9.879,9.8724,9.879,500,2021-05-14 13:44:00,AACQ
9.88,9.88,9.88,9.88,2100,2021-05-14 13:46:00,AACQ
9.875,9.875,9.875,9.875,100,2021-05-14 13:50:00,AACQ
9.8701,9.8701,9.8701,9.8701,200,2021-05-14 13:51:00,AACQ
9.88,9.88,9.87,9.87,240,2021-05-14 13:54:00,AACQ
9.87,9.87,9.87,9.87,100,2021-05-14 13:55:00,AACQ
9.8742,9.8742,9.87,9.87,975,2021-05-14 13:56:00,AACQ
9.88,9.88,9.88,9.88,930,2021-05-14 13:58:00,AACQ
9.88,9.88,9.88,9.88,108,2021-05-14 14:08:00,AACQ
9.8799,9.8799,9.87,9.87,200,2021-05-14 14:11:00,AACQ
9.871,9.8775,9.871,9.8775,225,2021-05-14 14:12:00,AACQ
9.875,9.875,9.875,9.875,270,2021-05-14 14:15:00,AACQ
9.87,9.87,9.87,9.87,200,2021-05-14 14:16:00,AACQ
9.8715,9.8715,9.8715,9.8715,120,2021-05-14 14:23:00,AACQ
9.87,9.8701,9.865,9.8701,1360,2021-05-14 14:24:00,AACQ
9.86,9.86,9.86,9.86,600,2021-05-14 14:27:00,AACQ
9.865,9.865,9.865,9.865,270,2021-05-14 14:32:00,AACQ
9.865,9.865,9.865,9.865,100,2021-05-14 14:34:00,AACQ
9.86,9.8622,9.86,9.86,800,2021-05-14 14:38:00,AACQ
9.8601,9.8699,9.86,9.8699,400,2021-05-14 14:41:00,AACQ
9.86,9.86,9.86,9.86,400,2021-05-14 14:44:00,AACQ
9.865,9.865,9.865,9.865,100,2021-05-14 14:47:00,AACQ
9.865,9.865,9.865,9.865,200,2021-05-14 14:49:00,AACQ
9.865,9.865,9.865,9.865,250,2021-05-14 14:51:00,AACQ
9.865,9.865,9.865,9.865,100,2021-05-14 14:52:00,AACQ
9.86,9.86,9.86,9.86,700,2021-05-14 14:53:00,AACQ
9.87,9.87,9.87,9.87,100,2021-05-14 14:55:00,AACQ
9.86,9.86,9.86,9.86,100,2021-05-14 14:56:00,AACQ
9.86,9.86,9.86,9.86,800,2021-05-14 15:00:00,AACQ
9.86,9.86,9.86,9.86,5098,2021-05-14 15:02:00,AACQ
9.86,9.86,9.86,9.86,1692,2021-05-14 15:03:00,AACQ
9.86,9.86,9.86,9.86,500,2021-05-14 15:05:00,AACQ
9.865,9.865,9.865,9.865,350,2021-05-14 15:06:00,AACQ
9.86,9.86,9.86,9.86,2400,2021-05-14 15:07:00,AACQ
9.86,9.86,9.86,9.86,100,2021-05-14 15:08:00,AACQ
9.86,9.86,9.86,9.86,379,2021-05-14 15:09:00,AACQ
9.86,9.86,9.86,9.86,2500,2021-05-14 15:11:00,AACQ
9.86,9.8602,9.86,9.8602,800,2021-05-14 15:12:00,AACQ
9.86,9.8622,9.86,9.8601,600,2021-05-14 15:13:00,AACQ
9.86,9.86,9.86,9.86,500,2021-05-14 15:16:00,AACQ
9.86,9.87,9.86,9.87,1942,2021-05-14 15:22:00,AACQ
9.86,9.86,9.86,9.86,400,2021-05-14 15:23:00,AACQ
9.86,9.867,9.86,9.867,1200,2021-05-14 15:24:00,AACQ
9.865,9.87,9.86,9.87,723,2021-05-14 15:25:00,AACQ
9.86,9.86,9.86,9.86,300,2021-05-14 15:26:00,AACQ
9.87,9.87,9.865,9.865,200,2021-05-14 15:30:00,AACQ
9.8612,9.8612,9.8612,9.8612,400,2021-05-14 15:31:00,AACQ
9.86,9.86,9.86,9.86,1050,2021-05-14 15:32:00,AACQ
9.86,9.86,9.86,9.86,600,2021-05-14 15:37:00,AACQ
9.86,9.86,9.86,9.86,1611,2021-05-14 15:40:00,AACQ
9.86,9.86,9.86,9.86,400,2021-05-14 15:43:00,AACQ
9.8684,9.8684,9.86,9.86,1100,2021-05-14 15:44:00,AACQ
9.8674,9.8674,9.8674,9.8674,200,2021-05-14 15:45:00,AACQ
9.865,9.865,9.865,9.865,100,2021-05-14 15:46:00,AACQ
9.86,9.86,9.86,9.86,400,2021-05-14 15:47:00,AACQ
9.86,9.86,9.86,9.86,3300,2021-05-14 15:48:00,AACQ
9.86,9.865,9.86,9.865,800,2021-05-14 15:52:00,AACQ
9.86,9.86,9.86,9.86,300,2021-05-14 15:56:00,AACQ
9.86,9.86,9.86,9.86,4049,2021-05-14 16:00:00,AACQ
9.8694,9.8694,9.8694,9.8694,3043,2021-05-14 16:01:00,AACQ
9.86,9.86,9.86,9.86,400,2021-05-14 16:07:00,AACQ
9.86,9.865,9.86,9.865,850,2021-05-14 16:10:00,AACQ
9.8616,9.8616,9.86,9.86,700,2021-05-14 16:12:00,AACQ
9.86,9.86,9.86,9.86,400,2021-05-14 16:15:00,AACQ
9.86,9.86,9.86,9.86,500,2021-05-14 16:19:00,AACQ
9.8684,9.8699,9.8684,9.8699,300,2021-05-14 16:20:00,AACQ
9.86,9.8602,9.86,9.86,1200,2021-05-14 16:22:00,AACQ
9.86,9.86,9.86,9.86,200,2021-05-14 16:23:00,AACQ
9.86,9.8601,9.86,9.86,3768,2021-05-14 16:24:00,AACQ
9.865,9.865,9.86,9.86,600,2021-05-14 16:28:00,AACQ
9.86,9.865,9.85,9.865,4382,2021-05-14 16:31:00,AACQ
9.865,9.865,9.865,9.865,100,2021-05-14 16:33:00,AACQ
9.86,9.86,9.86,9.86,125,2021-05-14 16:34:00,AACQ
9.86,9.8605,9.86,9.8605,575,2021-05-14 16:36:00,AACQ
9.86,9.86,9.86,9.86,200,2021-05-14 16:39:00,AACQ
9.86,9.86,9.86,9.86,400,2021-05-14 16:40:00,AACQ
9.86,9.86,9.86,9.86,1520,2021-05-14 16:41:00,AACQ
9.86,9.86,9.86,9.86,900,2021-05-14 16:42:00,AACQ
9.86,9.86,9.86,9.86,2909,2021-05-14 16:47:00,AACQ
9.86,9.86,9.86,9.86,500,2021-05-14 16:48:00,AACQ
9.8658,9.8658,9.85,9.85,128700,2021-05-14 16:53:00,AACQ
9.86,9.86,9.86,9.86,20000,2021-05-14 16:54:00,AACQ
9.85,9.85,9.85,9.85,5000,2021-05-14 16:55:00,AACQ
9.85,9.85,9.85,9.85,600,2021-05-14 17:00:00,AACQ
9.859,9.86,9.855,9.855,2900,2021-05-14 17:01:00,AACQ
9.85,9.85,9.85,9.85,127,2021-05-14 17:03:00,AACQ
9.8522,9.8522,9.8522,9.8522,100,2021-05-14 17:04:00,AACQ
9.85,9.85,9.85,9.85,600,2021-05-14 17:06:00,AACQ
9.85,9.85,9.85,9.85,100,2021-05-14 17:12:00,AACQ
9.85,9.85,9.85,9.85,600,2021-05-14 17:13:00,AACQ
9.8501,9.8501,9.8501,9.8501,400,2021-05-14 17:14:00,AACQ
9.8521,9.8521,9.8521,9.8521,713,2021-05-14 17:15:00,AACQ
9.8573,9.8573,9.8573,9.8573,100,2021-05-14 17:17:00,AACQ
9.85,9.85,9.85,9.85,187,2021-05-14 17:18:00,AACQ
9.85,9.85,9.85,9.85,600,2021-05-14 17:19:00,AACQ
9.85,9.85,9.85,9.85,600,2021-05-14 17:26:00,AACQ
9.8584,9.8584,9.8537,9.8537,872,2021-05-14 17:28:00,AACQ
9.86,9.86,9.855,9.8575,13175,2021-05-14 17:29:00,AACQ
9.86,9.86,9.86,9.86,1726,2021-05-14 17:30:00,AACQ
9.86,9.86,9.86,9.86,100,2021-05-14 17:37:00,AACQ
9.8615,9.8615,9.8615,9.8615,282,2021-05-14 17:39:00,AACQ
9.8616,9.87,9.8616,9.865,7829,2021-05-14 17:41:00,AACQ
9.8619,9.8619,9.86,9.86,320,2021-05-14 17:44:00,AACQ
9.86,9.8617,9.86,9.86,1100,2021-05-14 17:45:00,AACQ
9.86,9.86,9.86,9.86,4640,2021-05-14 17:46:00,AACQ
9.86,9.86,9.86,9.86,600,2021-05-14 17:47:00,AACQ
9.865,9.865,9.865,9.865,100,2021-05-14 17:52:00,AACQ
9.86,9.86,9.86,9.86,600,2021-05-14 17:53:00,AACQ
9.86,9.86,9.86,9.86,200,2021-05-14 17:54:00,AACQ
9.8699,9.8699,9.8699,9.8699,100,2021-05-14 17:56:00,AACQ
9.86,9.86,9.86,9.86,500,2021-05-14 17:58:00,AACQ
9.8601,9.8601,9.8601,9.8601,465,2021-05-14 17:59:00,AACQ
9.86,9.86,9.86,9.86,400,2021-05-14 18:04:00,AACQ
9.86,9.86,9.86,9.86,200,2021-05-14 18:09:00,AACQ
9.86,9.86,9.86,9.86,600,2021-05-14 18:10:00,AACQ
9.8615,9.8615,9.8615,9.8615,100,2021-05-14 18:11:00,AACQ
9.86,9.86,9.86,9.86,500,2021-05-14 18:15:00,AACQ
9.86,9.86,9.86,9.86,1700,2021-05-14 18:17:00,AACQ
9.865,9.865,9.86,9.86,1200,2021-05-14 18:18:00,AACQ
9.865,9.865,9.865,9.865,600,2021-05-14 18:19:00,AACQ
9.8613,9.865,9.86,9.86,5628,2021-05-14 18:21:00,AACQ
9.86,9.86,9.86,9.86,100,2021-05-14 18:22:00,AACQ
9.86,9.86,9.86,9.86,400,2021-05-14 18:23:00,AACQ
9.86,9.8602,9.86,9.86,1226,2021-05-14 18:25:00,AACQ
9.865,9.865,9.865,9.865,100,2021-05-14 18:26:00,AACQ
9.865,9.865,9.865,9.865,100,2021-05-14 18:27:00,AACQ
9.86,9.86,9.86,9.86,500,2021-05-14 18:28:00,AACQ
9.86,9.86,9.86,9.86,250,2021-05-14 18:32:00,AACQ
9.86,9.86,9.86,9.86,500,2021-05-14 18:34:00,AACQ
9.865,9.865,9.865,9.865,202,2021-05-14 18:35:00,AACQ
9.865,9.865,9.865,9.865,200,2021-05-14 18:36:00,AACQ
9.865,9.865,9.865,9.865,200,2021-05-14 18:38:00,AACQ
9.865,9.865,9.865,9.865,105,2021-05-14 18:40:00,AACQ
9.865,9.865,9.86,9.86,1400,2021-05-14 18:41:00,AACQ
9.865,9.865,9.865,9.865,102,2021-05-14 18:42:00,AACQ
9.865,9.865,9.865,9.865,200,2021-05-14 18:43:00,AACQ
9.865,9.865,9.865,9.865,300,2021-05-14 18:46:00,AACQ
9.865,9.865,9.865,9.865,100,2021-05-14 18:49:00,AACQ
9.865,9.865,9.865,9.865,200,2021-05-14 18:50:00,AACQ
9.865,9.865,9.865,9.865,500,2021-05-14 18:53:00,AACQ
9.8686,9.8686,9.8686,9.8686,1000,2021-05-14 18:55:00,AACQ
9.865,9.865,9.865,9.865,100,2021-05-14 18:56:00,AACQ
9.86,9.87,9.86,9.87,400,2021-05-14 18:57:00,AACQ
9.865,9.865,9.865,9.865,700,2021-05-14 19:02:00,AACQ
9.865,9.865,9.865,9.865,119,2021-05-14 19:03:00,AACQ
9.865,9.865,9.865,9.865,100,2021-05-14 19:04:00,AACQ
9.865,9.87,9.865,9.87,300,2021-05-14 19:05:00,AACQ
9.8601,9.865,9.8601,9.865,220,2021-05-14 19:06:00,AACQ
9.865,9.865,9.865,9.865,312,2021-05-14 19:08:00,AACQ
9.865,9.865,9.8613,9.8613,400,2021-05-14 19:09:00,AACQ
9.864,9.864,9.864,9.864,100,2021-05-14 19:10:00,AACQ
9.865,9.865,9.865,9.865,100,2021-05-14 19:11:00,AACQ
9.865,9.865,9.865,9.865,300,2021-05-14 19:12:00,AACQ
9.865,9.865,9.86,9.865,400,2021-05-14 19:15:00,AACQ
9.87,9.87,9.87,9.87,100,2021-05-14 19:19:00,AACQ
9.86,9.86,9.86,9.86,204,2021-05-14 19:20:00,AACQ
9.86,9.86,9.86,9.86,500,2021-05-14 19:21:00,AACQ
9.865,9.865,9.865,9.865,150,2021-05-14 19:23:00,AACQ
9.87,9.875,9.86,9.875,13768,2021-05-14 19:24:00,AACQ
9.875,9.875,9.875,9.875,100,2021-05-14 19:26:00,AACQ
9.8776,9.8776,9.8776,9.8776,202,2021-05-14 19:28:00,AACQ
9.8712,9.8712,9.8712,9.8712,100,2021-05-14 19:31:00,AACQ
9.872,9.872,9.872,9.872,100,2021-05-14 19:33:00,AACQ
9.87,9.87,9.87,9.87,100,2021-05-14 19:35:00,AACQ
9.87,9.8708,9.87,9.8708,1800,2021-05-14 19:37:00,AACQ
9.875,9.875,9.87,9.87,1913,2021-05-14 19:38:00,AACQ
9.875,9.875,9.875,9.875,1300,2021-05-14 19:39:00,AACQ
9.875,9.875,9.875,9.875,1288,2021-05-14 19:40:00,AACQ
9.875,9.875,9.875,9.875,200,2021-05-14 19:41:00,AACQ
9.87,9.87,9.87,9.87,692,2021-05-14 19:43:00,AACQ
9.8651,9.8651,9.8651,9.8651,250,2021-05-14 19:44:00,AACQ
9.87,9.87,9.86,9.86,150100,2021-05-14 19:46:00,AACQ
9.865,9.865,9.86,9.86,200,2021-05-14 19:47:00,AACQ
9.8601,9.87,9.86,9.86,4762,2021-05-14 19:48:00,AACQ
9.87,9.87,9.86,9.86,30632,2021-05-14 19:49:00,AACQ
9.865,9.865,9.86,9.86,302,2021-05-14 19:50:00,AACQ
9.86,9.8783,9.86,9.87,40768,2021-05-14 19:51:00,AACQ
9.875,9.875,9.8601,9.8601,1352,2021-05-14 19:52:00,AACQ
9.865,9.8699,9.86,9.86,800,2021-05-14 19:53:00,AACQ
9.8673,9.87,9.86,9.86,679,2021-05-14 19:54:00,AACQ
9.86,9.865,9.86,9.865,1607,2021-05-14 19:55:00,AACQ
9.8601,9.8601,9.86,9.86,604,2021-05-14 19:56:00,AACQ
9.86,9.87,9.86,9.8679,152704,2021-05-14 19:57:00,AACQ
9.86,9.86,9.85,9.8599,3642,2021-05-14 19:58:00,AACQ
9.8599,9.86,9.85,9.85,9344,2021-05-14 19:59:00,AACQ
9.85,9.85,9.85,9.85,870,2021-05-14 20:00:00,AACQ
9.85,9.85,9.85,9.85,143,2021-05-14 20:03:00,AACQ
9.85,9.85,9.85,9.85,107,2021-05-14 20:29:00,AACQ
9.85,9.85,9.85,9.85,185,2021-05-14 21:46:00,AACQ
