open,high,low,close,volume,datetime,symbol
6.51,6.55,6.51,6.51,1969,2021-05-03 11:00:00,BNGO
6.5,6.5,6.5,6.5,11693,2021-05-03 11:02:00,BNGO
6.5,6.53,6.5,6.53,300,2021-05-03 11:03:00,BNGO
6.53,6.53,6.51,6.51,991,2021-05-03 11:04:00,BNGO
6.5,6.5,6.5,6.5,235,2021-05-03 11:05:00,BNGO
6.5,6.5,6.5,6.5,100,2021-05-03 11:06:00,BNGO
6.5,6.5,6.48,6.48,5300,2021-05-03 11:07:00,BNGO
6.47,6.47,6.47,6.47,858,2021-05-03 11:08:00,BNGO
6.47,6.47,6.47,6.47,100,2021-05-03 11:11:00,BNGO
6.49,6.49,6.48,6.48,400,2021-05-03 11:15:00,BNGO
6.47,6.47,6.47,6.47,919,2021-05-03 11:16:00,BNGO
6.47,6.47,6.47,6.47,975,2021-05-03 11:18:00,BNGO
6.48,6.48,6.48,6.48,308,2021-05-03 11:20:00,BNGO
6.48,6.48,6.48,6.48,260,2021-05-03 11:21:00,BNGO
6.48,6.48,6.48,6.48,4000,2021-05-03 11:24:00,BNGO
6.49,6.49,6.49,6.49,1380,2021-05-03 11:25:00,BNGO
6.5,6.52,6.5,6.52,1750,2021-05-03 11:27:00,BNGO
6.52,6.53,6.52,6.52,800,2021-05-03 11:29:00,BNGO
6.53,6.53,6.53,6.53,100,2021-05-03 11:30:00,BNGO
6.53,6.53,6.53,6.53,450,2021-05-03 11:31:00,BNGO
6.54,6.54,6.53,6.53,6062,2021-05-03 11:33:00,BNGO
6.53,6.53,6.51,6.51,2024,2021-05-03 11:34:00,BNGO
6.49,6.49,6.49,6.49,100,2021-05-03 11:35:00,BNGO
6.49,6.49,6.49,6.49,1278,2021-05-03 11:36:00,BNGO
6.48,6.48,6.48,6.48,100,2021-05-03 11:37:00,BNGO
6.48,6.48,6.48,6.48,200,2021-05-03 11:38:00,BNGO
6.49,6.49,6.49,6.49,100,2021-05-03 11:39:00,BNGO
6.48,6.48,6.471,6.471,300,2021-05-03 11:40:00,BNGO
6.48,6.48,6.48,6.48,100,2021-05-03 11:41:00,BNGO
6.48,6.48,6.47,6.47,400,2021-05-03 11:42:00,BNGO
6.47,6.47,6.46,6.46,5203,2021-05-03 11:43:00,BNGO
6.45,6.45,6.45,6.45,3113,2021-05-03 11:44:00,BNGO
6.45,6.45,6.45,6.45,425,2021-05-03 11:45:00,BNGO
6.45,6.45,6.45,6.45,500,2021-05-03 11:48:00,BNGO
6.45,6.45,6.45,6.45,1100,2021-05-03 11:49:00,BNGO
6.45,6.45,6.45,6.45,288,2021-05-03 11:51:00,BNGO
6.45,6.45,6.45,6.45,200,2021-05-03 11:52:00,BNGO
6.45,6.45,6.45,6.45,100,2021-05-03 11:53:00,BNGO
6.45,6.45,6.45,6.45,200,2021-05-03 11:54:00,BNGO
6.44,6.44,6.44,6.44,134,2021-05-03 11:57:00,BNGO
6.44,6.44,6.43,6.43,2094,2021-05-03 11:59:00,BNGO
6.44,6.46,6.44,6.46,7100,2021-05-03 12:00:00,BNGO
6.45,6.46,6.45,6.46,240,2021-05-03 12:01:00,BNGO
6.44,6.44,6.43,6.44,5194,2021-05-03 12:02:00,BNGO
6.44,6.44,6.44,6.44,1700,2021-05-03 12:03:00,BNGO
6.44,6.44,6.44,6.44,651,2021-05-03 12:04:00,BNGO
6.44,6.44,6.43,6.43,1100,2021-05-03 12:05:00,BNGO
6.44,6.44,6.44,6.44,2000,2021-05-03 12:06:00,BNGO
6.43,6.44,6.43,6.43,2994,2021-05-03 12:07:00,BNGO
6.44,6.44,6.44,6.44,114,2021-05-03 12:08:00,BNGO
6.43,6.43,6.42,6.43,2607,2021-05-03 12:09:00,BNGO
6.43,6.43,6.42,6.42,7950,2021-05-03 12:11:00,BNGO
6.42,6.43,6.42,6.43,2941,2021-05-03 12:12:00,BNGO
6.41,6.42,6.41,6.42,3300,2021-05-03 12:13:00,BNGO
6.42,6.42,6.42,6.42,500,2021-05-03 12:14:00,BNGO
6.41,6.41,6.4,6.41,2576,2021-05-03 12:15:00,BNGO
6.41,6.41,6.41,6.41,1000,2021-05-03 12:16:00,BNGO
6.41,6.41,6.4,6.4,1884,2021-05-03 12:17:00,BNGO
6.4,6.41,6.4,6.41,3187,2021-05-03 12:18:00,BNGO
6.4,6.41,6.4,6.41,400,2021-05-03 12:19:00,BNGO
6.41,6.41,6.41,6.41,700,2021-05-03 12:20:00,BNGO
6.41,6.41,6.4,6.4099,1862,2021-05-03 12:21:00,BNGO
6.42,6.42,6.42,6.42,100,2021-05-03 12:22:00,BNGO
6.42,6.43,6.42,6.43,3108,2021-05-03 12:24:00,BNGO
6.41,6.43,6.41,6.43,7609,2021-05-03 12:25:00,BNGO
6.44,6.44,6.42,6.42,700,2021-05-03 12:27:00,BNGO
6.42,6.42,6.41,6.42,3774,2021-05-03 12:28:00,BNGO
6.43,6.43,6.43,6.43,4747,2021-05-03 12:29:00,BNGO
6.44,6.44,6.4399,6.44,3000,2021-05-03 12:30:00,BNGO
6.44,6.44,6.44,6.44,750,2021-05-03 12:31:00,BNGO
6.45,6.45,6.45,6.45,700,2021-05-03 12:32:00,BNGO
6.45,6.46,6.45,6.46,2005,2021-05-03 12:33:00,BNGO
6.46,6.46,6.4599,6.46,400,2021-05-03 12:34:00,BNGO
6.46,6.48,6.46,6.48,500,2021-05-03 12:35:00,BNGO
6.48,6.5,6.48,6.5,4075,2021-05-03 12:36:00,BNGO
6.51,6.51,6.5,6.5,3713,2021-05-03 12:37:00,BNGO
6.51,6.51,6.5,6.5099,3203,2021-05-03 12:38:00,BNGO
6.51,6.51,6.51,6.51,5858,2021-05-03 12:39:00,BNGO
6.5199,6.52,6.51,6.52,1524,2021-05-03 12:40:00,BNGO
6.52,6.52,6.5199,6.52,26099,2021-05-03 12:41:00,BNGO
6.51,6.52,6.51,6.52,2010,2021-05-03 12:42:00,BNGO
6.5101,6.5101,6.51,6.51,1807,2021-05-03 12:43:00,BNGO
6.51,6.51,6.51,6.51,750,2021-05-03 12:44:00,BNGO
6.51,6.52,6.51,6.51,2180,2021-05-03 12:45:00,BNGO
6.51,6.51,6.51,6.51,1667,2021-05-03 12:46:00,BNGO
6.5,6.52,6.49,6.49,5348,2021-05-03 12:47:00,BNGO
6.4999,6.4999,6.48,6.48,724,2021-05-03 12:48:00,BNGO
6.49,6.49,6.47,6.47,2100,2021-05-03 12:49:00,BNGO
6.47,6.48,6.47,6.48,422,2021-05-03 12:50:00,BNGO
6.47,6.47,6.47,6.47,1119,2021-05-03 12:51:00,BNGO
6.48,6.48,6.47,6.47,5316,2021-05-03 12:52:00,BNGO
6.47,6.47,6.47,6.47,103,2021-05-03 12:53:00,BNGO
6.48,6.48,6.48,6.48,1700,2021-05-03 12:54:00,BNGO
6.4799,6.48,6.4799,6.48,340,2021-05-03 12:55:00,BNGO
6.47,6.48,6.47,6.48,2170,2021-05-03 12:58:00,BNGO
6.48,6.48,6.48,6.48,100,2021-05-03 12:59:00,BNGO
6.4701,6.4701,6.47,6.47,4005,2021-05-03 13:00:00,BNGO
6.47,6.47,6.46,6.47,3625,2021-05-03 13:01:00,BNGO
6.46,6.47,6.46,6.46,2846,2021-05-03 13:02:00,BNGO
6.46,6.4601,6.46,6.46,8236,2021-05-03 13:03:00,BNGO
6.46,6.46,6.45,6.45,10576,2021-05-03 13:04:00,BNGO
6.46,6.46,6.46,6.46,309,2021-05-03 13:05:00,BNGO
6.45,6.45,6.45,6.45,908,2021-05-03 13:06:00,BNGO
6.44,6.44,6.44,6.44,250,2021-05-03 13:07:00,BNGO
6.43,6.44,6.43,6.43,1110,2021-05-03 13:08:00,BNGO
6.43,6.44,6.43,6.44,4452,2021-05-03 13:09:00,BNGO
6.44,6.44,6.44,6.44,1600,2021-05-03 13:10:00,BNGO
6.44,6.44,6.43,6.44,7505,2021-05-03 13:11:00,BNGO
6.43,6.43,6.43,6.43,317,2021-05-03 13:12:00,BNGO
6.42,6.44,6.42,6.44,842,2021-05-03 13:13:00,BNGO
6.44,6.44,6.44,6.44,755,2021-05-03 13:14:00,BNGO
6.44,6.44,6.44,6.44,115,2021-05-03 13:15:00,BNGO
6.43,6.43,6.43,6.43,1330,2021-05-03 13:16:00,BNGO
6.44,6.44,6.44,6.44,100,2021-05-03 13:17:00,BNGO
6.43,6.44,6.43,6.44,1770,2021-05-03 13:18:00,BNGO
6.44,6.44,6.44,6.44,100,2021-05-03 13:19:00,BNGO
6.44,6.45,6.44,6.45,806,2021-05-03 13:20:00,BNGO
6.4596,6.4596,6.44,6.44,790,2021-05-03 13:21:00,BNGO
6.44,6.44,6.42,6.43,2896,2021-05-03 13:22:00,BNGO
6.43,6.44,6.43,6.44,488,2021-05-03 13:23:00,BNGO
6.44,6.44,6.43,6.43,672,2021-05-03 13:24:00,BNGO
6.43,6.45,6.43,6.45,810,2021-05-03 13:25:00,BNGO
6.45,6.46,6.45,6.46,1040,2021-05-03 13:26:00,BNGO
6.46,6.49,6.46,6.48,1616,2021-05-03 13:27:00,BNGO
6.47,6.47,6.43,6.44,5594,2021-05-03 13:28:00,BNGO
6.44,6.45,6.4,6.43,9337,2021-05-03 13:29:00,BNGO
6.42,6.48,6.4023,6.4499,269304,2021-05-03 13:30:00,BNGO
6.46,6.46,6.38,6.3899,101270,2021-05-03 13:31:00,BNGO
6.385,6.3899,6.34,6.38,101105,2021-05-03 13:32:00,BNGO
6.3701,6.444,6.36,6.4096,79334,2021-05-03 13:33:00,BNGO
6.405,6.45,6.4021,6.4263,41470,2021-05-03 13:34:00,BNGO
6.424,6.4313,6.39,6.416,55220,2021-05-03 13:35:00,BNGO
6.43,6.4436,6.3997,6.41,52028,2021-05-03 13:36:00,BNGO
6.404,6.404,6.34,6.3562,97940,2021-05-03 13:37:00,BNGO
6.35,6.35,6.28,6.3044,133606,2021-05-03 13:38:00,BNGO
6.3,6.3488,6.3,6.32,57743,2021-05-03 13:39:00,BNGO
6.31,6.36,6.3,6.33,105512,2021-05-03 13:40:00,BNGO
6.3316,6.35,6.3135,6.33,65628,2021-05-03 13:41:00,BNGO
6.325,6.33,6.2922,6.2922,17620,2021-05-03 13:42:00,BNGO
6.29,6.3,6.26,6.2683,107071,2021-05-03 13:43:00,BNGO
6.26,6.28,6.23,6.255,83548,2021-05-03 13:44:00,BNGO
6.2699,6.28,6.23,6.23,58479,2021-05-03 13:45:00,BNGO
6.24,6.24,6.18,6.2094,148795,2021-05-03 13:46:00,BNGO
6.2071,6.225,6.17,6.175,90694,2021-05-03 13:47:00,BNGO
6.175,6.25,6.17,6.2405,127351,2021-05-03 13:48:00,BNGO
6.24,6.25,6.19,6.19,73839,2021-05-03 13:49:00,BNGO
6.195,6.2392,6.18,6.2311,109118,2021-05-03 13:50:00,BNGO
6.24,6.24,6.21,6.21,62071,2021-05-03 13:51:00,BNGO
6.22,6.22,6.17,6.1909,34702,2021-05-03 13:52:00,BNGO
6.1906,6.24,6.1906,6.24,44253,2021-05-03 13:53:00,BNGO
6.235,6.28,6.235,6.25,77826,2021-05-03 13:54:00,BNGO
6.255,6.27,6.23,6.2401,46943,2021-05-03 13:55:00,BNGO
6.245,6.28,6.24,6.2799,24742,2021-05-03 13:56:00,BNGO
6.28,6.29,6.23,6.235,79840,2021-05-03 13:57:00,BNGO
6.23,6.2497,6.215,6.2295,28138,2021-05-03 13:58:00,BNGO
6.2209,6.24,6.21,6.23,44690,2021-05-03 13:59:00,BNGO
6.22,6.24,6.2094,6.225,18131,2021-05-03 14:00:00,BNGO
6.22,6.2593,6.2107,6.2446,59252,2021-05-03 14:01:00,BNGO
6.25,6.27,6.24,6.24,43587,2021-05-03 14:02:00,BNGO
6.245,6.28,6.245,6.26,25468,2021-05-03 14:03:00,BNGO
6.265,6.27,6.2346,6.27,45311,2021-05-03 14:04:00,BNGO
6.2609,6.28,6.25,6.255,32376,2021-05-03 14:05:00,BNGO
6.256,6.2846,6.25,6.2704,35938,2021-05-03 14:06:00,BNGO
6.275,6.31,6.2738,6.3053,40397,2021-05-03 14:07:00,BNGO
6.3057,6.32,6.28,6.32,33834,2021-05-03 14:08:00,BNGO
6.32,6.3299,6.3,6.3125,44279,2021-05-03 14:09:00,BNGO
6.32,6.33,6.29,6.295,45772,2021-05-03 14:10:00,BNGO
6.2976,6.307,6.29,6.295,12789,2021-05-03 14:11:00,BNGO
6.295,6.32,6.29,6.315,19280,2021-05-03 14:12:00,BNGO
6.32,6.32,6.29,6.32,36859,2021-05-03 14:13:00,BNGO
6.3108,6.33,6.3002,6.3009,29692,2021-05-03 14:14:00,BNGO
6.3,6.3201,6.3,6.3201,9810,2021-05-03 14:15:00,BNGO
6.32,6.358,6.32,6.355,30106,2021-05-03 14:16:00,BNGO
6.351,6.36,6.32,6.3301,51107,2021-05-03 14:17:00,BNGO
6.3283,6.34,6.32,6.3252,26869,2021-05-03 14:18:00,BNGO
6.32,6.3406,6.3,6.34,78862,2021-05-03 14:19:00,BNGO
6.3495,6.35,6.3,6.3079,29824,2021-05-03 14:20:00,BNGO
6.305,6.31,6.2742,6.2742,38414,2021-05-03 14:21:00,BNGO
6.2704,6.2704,6.24,6.25,96942,2021-05-03 14:22:00,BNGO
6.2434,6.2641,6.23,6.2482,75548,2021-05-03 14:23:00,BNGO
6.25,6.26,6.22,6.22,46811,2021-05-03 14:24:00,BNGO
6.22,6.25,6.21,6.2279,91653,2021-05-03 14:25:00,BNGO
6.2273,6.24,6.1919,6.194,152210,2021-05-03 14:26:00,BNGO
6.195,6.22,6.19,6.21,46380,2021-05-03 14:27:00,BNGO
6.2,6.205,6.16,6.17,121859,2021-05-03 14:28:00,BNGO
6.1708,6.2,6.17,6.2,47259,2021-05-03 14:29:00,BNGO
6.2,6.215,6.19,6.2099,40803,2021-05-03 14:30:00,BNGO
6.2047,6.23,6.191,6.21,39947,2021-05-03 14:31:00,BNGO
6.2004,6.21,6.19,6.21,34709,2021-05-03 14:32:00,BNGO
6.21,6.2172,6.2,6.214,14956,2021-05-03 14:33:00,BNGO
6.21,6.225,6.19,6.1901,33164,2021-05-03 14:34:00,BNGO
6.194,6.2027,6.18,6.1905,33012,2021-05-03 14:35:00,BNGO
6.1931,6.2,6.17,6.175,30440,2021-05-03 14:36:00,BNGO
6.17,6.19,6.16,6.18,130858,2021-05-03 14:37:00,BNGO
6.18,6.18,6.16,6.161,54263,2021-05-03 14:38:00,BNGO
6.17,6.17,6.14,6.145,104925,2021-05-03 14:39:00,BNGO
6.15,6.18,6.14,6.17,112625,2021-05-03 14:40:00,BNGO
6.1722,6.19,6.17,6.172,33532,2021-05-03 14:41:00,BNGO
6.172,6.195,6.17,6.195,39143,2021-05-03 14:42:00,BNGO
6.195,6.205,6.185,6.2,27619,2021-05-03 14:43:00,BNGO
6.198,6.198,6.17,6.18,44210,2021-05-03 14:44:00,BNGO
6.18,6.1998,6.16,6.19,42580,2021-05-03 14:45:00,BNGO
6.19,6.2,6.1859,6.1882,24983,2021-05-03 14:46:00,BNGO
6.185,6.2,6.185,6.1886,19405,2021-05-03 14:47:00,BNGO
6.1891,6.19,6.17,6.188,29889,2021-05-03 14:48:00,BNGO
6.18,6.19,6.16,6.17,49466,2021-05-03 14:49:00,BNGO
6.17,6.18,6.16,6.175,61497,2021-05-03 14:50:00,BNGO
6.17,6.175,6.16,6.17,14035,2021-05-03 14:51:00,BNGO
6.165,6.17,6.13,6.13,78879,2021-05-03 14:52:00,BNGO
6.1312,6.1312,6.09,6.1199,287961,2021-05-03 14:53:00,BNGO
6.1155,6.12,6.08,6.11,123767,2021-05-03 14:54:00,BNGO
6.11,6.13,6.08,6.1139,83768,2021-05-03 14:55:00,BNGO
6.12,6.13,6.1,6.1007,49683,2021-05-03 14:56:00,BNGO
6.1007,6.1275,6.1,6.12,42618,2021-05-03 14:57:00,BNGO
6.13,6.13,6.1,6.1,53680,2021-05-03 14:58:00,BNGO
6.105,6.115,6.09,6.1065,25658,2021-05-03 14:59:00,BNGO
6.11,6.12,6.09,6.1039,72771,2021-05-03 15:00:00,BNGO
6.1097,6.125,6.1018,6.117,34070,2021-05-03 15:01:00,BNGO
6.12,6.14,6.11,6.135,88046,2021-05-03 15:02:00,BNGO
6.13,6.14,6.12,6.1342,28503,2021-05-03 15:03:00,BNGO
6.131,6.135,6.12,6.125,38013,2021-05-03 15:04:00,BNGO
6.12,6.13,6.1146,6.1201,36046,2021-05-03 15:05:00,BNGO
6.12,6.15,6.11,6.145,58851,2021-05-03 15:06:00,BNGO
6.1494,6.16,6.14,6.16,23756,2021-05-03 15:07:00,BNGO
6.15,6.16,6.1473,6.1598,21019,2021-05-03 15:08:00,BNGO
6.155,6.17,6.1501,6.1624,19456,2021-05-03 15:09:00,BNGO
6.17,6.17,6.16,6.165,30643,2021-05-03 15:10:00,BNGO
6.16,6.168,6.12,6.14,35209,2021-05-03 15:11:00,BNGO
6.13,6.14,6.1,6.1124,25130,2021-05-03 15:12:00,BNGO
6.115,6.12,6.09,6.09,52414,2021-05-03 15:13:00,BNGO
6.09,6.1,6.09,6.095,32323,2021-05-03 15:14:00,BNGO
6.095,6.115,6.09,6.1,25449,2021-05-03 15:15:00,BNGO
6.107,6.12,6.09,6.105,69543,2021-05-03 15:16:00,BNGO
6.1046,6.12,6.095,6.12,25785,2021-05-03 15:17:00,BNGO
6.1191,6.12,6.11,6.115,9499,2021-05-03 15:18:00,BNGO
6.1189,6.12,6.11,6.12,4634,2021-05-03 15:19:00,BNGO
6.12,6.12,6.1,6.1029,8448,2021-05-03 15:20:00,BNGO
6.1,6.13,6.1,6.13,29374,2021-05-03 15:21:00,BNGO
6.127,6.14,6.1203,6.135,40913,2021-05-03 15:22:00,BNGO
6.135,6.14,6.1,6.1193,30664,2021-05-03 15:23:00,BNGO
6.115,6.13,6.115,6.122,12249,2021-05-03 15:24:00,BNGO
6.125,6.13,6.07,6.08,117974,2021-05-03 15:25:00,BNGO
6.0748,6.075,6.04,6.0446,126270,2021-05-03 15:26:00,BNGO
6.04,6.06,6.03,6.055,253253,2021-05-03 15:27:00,BNGO
6.06,6.06,6.03,6.0389,60975,2021-05-03 15:28:00,BNGO
6.03,6.04,6.02,6.03,103897,2021-05-03 15:29:00,BNGO
6.03,6.04,6.0,6.01,150066,2021-05-03 15:30:00,BNGO
6.015,6.04,6.01,6.04,54704,2021-05-03 15:31:00,BNGO
6.035,6.065,6.03,6.0586,66955,2021-05-03 15:32:00,BNGO
6.055,6.07,6.04,6.0683,31742,2021-05-03 15:33:00,BNGO
6.07,6.075,6.05,6.05,51931,2021-05-03 15:34:00,BNGO
6.0581,6.07,6.05,6.06,36399,2021-05-03 15:35:00,BNGO
6.06,6.08,6.05,6.0795,46802,2021-05-03 15:36:00,BNGO
6.08,6.09,6.06,6.0698,45285,2021-05-03 15:37:00,BNGO
6.069,6.07,6.0514,6.0524,19454,2021-05-03 15:38:00,BNGO
6.06,6.06,6.05,6.055,21494,2021-05-03 15:39:00,BNGO
6.0568,6.06,6.04,6.045,46448,2021-05-03 15:40:00,BNGO
6.043,6.05,6.0343,6.0382,41372,2021-05-03 15:41:00,BNGO
6.0399,6.06,6.031,6.06,43018,2021-05-03 15:42:00,BNGO
6.051,6.07,6.05,6.065,29946,2021-05-03 15:43:00,BNGO
6.06,6.07,6.06,6.065,27214,2021-05-03 15:44:00,BNGO
6.0664,6.075,6.06,6.0659,59248,2021-05-03 15:45:00,BNGO
6.065,6.065,6.045,6.06,34057,2021-05-03 15:46:00,BNGO
6.0599,6.0599,6.03,6.035,55775,2021-05-03 15:47:00,BNGO
6.035,6.04,6.02,6.025,25153,2021-05-03 15:48:00,BNGO
6.03,6.035,6.02,6.025,39394,2021-05-03 15:49:00,BNGO
6.025,6.03,6.02,6.0208,12498,2021-05-03 15:50:00,BNGO
6.02,6.03,6.005,6.02,48528,2021-05-03 15:51:00,BNGO
6.02,6.02,6.01,6.02,32117,2021-05-03 15:52:00,BNGO
6.02,6.02,6.0,6.02,90599,2021-05-03 15:53:00,BNGO
6.02,6.03,6.003,6.0095,59226,2021-05-03 15:54:00,BNGO
6.01,6.02,6.0,6.0177,23828,2021-05-03 15:55:00,BNGO
6.01,6.03,6.01,6.0201,21046,2021-05-03 15:56:00,BNGO
6.0282,6.04,6.0202,6.035,36576,2021-05-03 15:57:00,BNGO
6.0386,6.04,6.02,6.02,14974,2021-05-03 15:58:00,BNGO
6.03,6.04,6.03,6.035,14300,2021-05-03 15:59:00,BNGO
6.035,6.045,6.0301,6.04,25737,2021-05-03 16:00:00,BNGO
6.04,6.05,6.035,6.045,17454,2021-05-03 16:01:00,BNGO
6.05,6.05,6.03,6.0392,17727,2021-05-03 16:02:00,BNGO
6.04,6.05,6.035,6.035,27547,2021-05-03 16:03:00,BNGO
6.035,6.05,6.0301,6.05,11567,2021-05-03 16:04:00,BNGO
6.045,6.05,6.04,6.0453,13010,2021-05-03 16:05:00,BNGO
6.0476,6.05,6.04,6.05,27676,2021-05-03 16:06:00,BNGO
6.0409,6.05,6.04,6.045,23805,2021-05-03 16:07:00,BNGO
6.0421,6.065,6.0421,6.055,57029,2021-05-03 16:08:00,BNGO
6.055,6.08,6.05,6.075,38737,2021-05-03 16:09:00,BNGO
6.0786,6.08,6.05,6.0509,45913,2021-05-03 16:10:00,BNGO
6.0577,6.0689,6.05,6.0647,22358,2021-05-03 16:11:00,BNGO
6.07,6.08,6.0698,6.0705,16186,2021-05-03 16:12:00,BNGO
6.075,6.08,6.07,6.08,46160,2021-05-03 16:13:00,BNGO
6.0799,6.09,6.07,6.09,33391,2021-05-03 16:14:00,BNGO
6.09,6.105,6.08,6.105,50171,2021-05-03 16:15:00,BNGO
6.1097,6.12,6.1,6.1121,33270,2021-05-03 16:16:00,BNGO
6.12,6.13,6.105,6.105,57047,2021-05-03 16:17:00,BNGO
6.105,6.11,6.1,6.105,25978,2021-05-03 16:18:00,BNGO
6.1076,6.11,6.09,6.09,22049,2021-05-03 16:19:00,BNGO
6.09,6.09,6.07,6.09,42991,2021-05-03 16:20:00,BNGO
6.1,6.11,6.0995,6.105,9667,2021-05-03 16:21:00,BNGO
6.1037,6.11,6.1,6.105,12201,2021-05-03 16:22:00,BNGO
6.1,6.1,6.09,6.1,18716,2021-05-03 16:23:00,BNGO
6.1,6.1,6.09,6.0908,17714,2021-05-03 16:24:00,BNGO
6.0908,6.095,6.07,6.0704,23831,2021-05-03 16:25:00,BNGO
6.08,6.08,6.07,6.0795,27075,2021-05-03 16:26:00,BNGO
6.08,6.09,6.08,6.08,13442,2021-05-03 16:27:00,BNGO
6.09,6.095,6.0801,6.0898,19257,2021-05-03 16:28:00,BNGO
6.0861,6.09,6.08,6.0809,18180,2021-05-03 16:29:00,BNGO
6.0858,6.095,6.08,6.095,13280,2021-05-03 16:30:00,BNGO
6.0956,6.1,6.08,6.08,31670,2021-05-03 16:31:00,BNGO
6.0824,6.09,6.07,6.0747,21755,2021-05-03 16:32:00,BNGO
6.075,6.08,6.07,6.08,9365,2021-05-03 16:33:00,BNGO
6.07,6.0798,6.07,6.0798,4475,2021-05-03 16:34:00,BNGO
6.0783,6.08,6.07,6.07,6556,2021-05-03 16:35:00,BNGO
6.075,6.08,6.06,6.0646,31213,2021-05-03 16:36:00,BNGO
6.07,6.07,6.04,6.0417,23066,2021-05-03 16:37:00,BNGO
6.05,6.06,6.05,6.0562,13738,2021-05-03 16:38:00,BNGO
6.055,6.06,6.05,6.05,15822,2021-05-03 16:39:00,BNGO
6.05,6.0597,6.05,6.055,4711,2021-05-03 16:40:00,BNGO
6.06,6.06,6.05,6.06,19304,2021-05-03 16:41:00,BNGO
6.055,6.07,6.055,6.0697,12445,2021-05-03 16:42:00,BNGO
6.07,6.07,6.0502,6.06,21490,2021-05-03 16:43:00,BNGO
6.055,6.0577,6.04,6.04,17237,2021-05-03 16:44:00,BNGO
6.0402,6.05,6.035,6.04,22615,2021-05-03 16:45:00,BNGO
6.0387,6.05,6.0387,6.042,47817,2021-05-03 16:46:00,BNGO
6.045,6.045,6.04,6.0401,5417,2021-05-03 16:47:00,BNGO
6.04,6.06,6.04,6.055,15745,2021-05-03 16:48:00,BNGO
6.0553,6.06,6.05,6.0502,7768,2021-05-03 16:49:00,BNGO
6.05,6.07,6.05,6.0623,35538,2021-05-03 16:50:00,BNGO
6.07,6.0799,6.06,6.0799,21409,2021-05-03 16:51:00,BNGO
6.0724,6.09,6.07,6.0754,28498,2021-05-03 16:52:00,BNGO
6.08,6.08,6.0623,6.0623,11528,2021-05-03 16:53:00,BNGO
6.07,6.07,6.06,6.06,2371,2021-05-03 16:54:00,BNGO
6.0608,6.08,6.06,6.07,16930,2021-05-03 16:55:00,BNGO
6.065,6.07,6.06,6.0601,3160,2021-05-03 16:56:00,BNGO
6.065,6.0689,6.061,6.065,3554,2021-05-03 16:57:00,BNGO
6.0615,6.07,6.055,6.055,7575,2021-05-03 16:58:00,BNGO
6.055,6.06,6.05,6.0551,7242,2021-05-03 16:59:00,BNGO
6.06,6.0699,6.0564,6.0644,15439,2021-05-03 17:00:00,BNGO
6.06,6.079,6.06,6.07,19774,2021-05-03 17:01:00,BNGO
6.07,6.07,6.06,6.065,10207,2021-05-03 17:02:00,BNGO
6.06,6.06,6.0475,6.05,35707,2021-05-03 17:03:00,BNGO
6.06,6.06,6.05,6.059,6012,2021-05-03 17:04:00,BNGO
6.055,6.07,6.055,6.0699,14715,2021-05-03 17:05:00,BNGO
6.065,6.07,6.06,6.065,4261,2021-05-03 17:06:00,BNGO
6.06,6.07,6.06,6.0612,13040,2021-05-03 17:07:00,BNGO
6.07,6.08,6.0615,6.075,17845,2021-05-03 17:08:00,BNGO
6.08,6.08,6.0604,6.0604,23703,2021-05-03 17:09:00,BNGO
6.06,6.0685,6.05,6.0586,14416,2021-05-03 17:10:00,BNGO
6.06,6.08,6.05,6.075,50073,2021-05-03 17:11:00,BNGO
6.071,6.08,6.07,6.075,3918,2021-05-03 17:12:00,BNGO
6.0799,6.08,6.07,6.08,4833,2021-05-03 17:13:00,BNGO
6.07,6.08,6.07,6.08,5113,2021-05-03 17:14:00,BNGO
6.08,6.0894,6.07,6.0811,12638,2021-05-03 17:15:00,BNGO
6.0811,6.0811,6.07,6.07,17653,2021-05-03 17:16:00,BNGO
6.08,6.0854,6.075,6.085,19883,2021-05-03 17:17:00,BNGO
6.085,6.09,6.08,6.08,14894,2021-05-03 17:18:00,BNGO
6.0708,6.08,6.07,6.075,4787,2021-05-03 17:19:00,BNGO
6.071,6.0799,6.07,6.0713,4264,2021-05-03 17:20:00,BNGO
6.0752,6.08,6.06,6.07,21034,2021-05-03 17:21:00,BNGO
6.069,6.069,6.05,6.05,8714,2021-05-03 17:22:00,BNGO
6.055,6.055,6.04,6.045,14605,2021-05-03 17:23:00,BNGO
6.0433,6.0483,6.03,6.0302,25014,2021-05-03 17:24:00,BNGO
6.0399,6.0399,6.03,6.031,10779,2021-05-03 17:25:00,BNGO
6.035,6.04,6.03,6.035,9271,2021-05-03 17:26:00,BNGO
6.0321,6.04,6.03,6.035,5045,2021-05-03 17:27:00,BNGO
6.03,6.04,6.03,6.035,29447,2021-05-03 17:28:00,BNGO
6.03,6.035,6.02,6.03,16746,2021-05-03 17:29:00,BNGO
6.02,6.0294,6.01,6.015,76560,2021-05-03 17:30:00,BNGO
6.0113,6.02,6.0,6.0,63574,2021-05-03 17:31:00,BNGO
6.0,6.01,5.98,5.995,577504,2021-05-03 17:32:00,BNGO
5.99,6.0099,5.98,6.0099,48019,2021-05-03 17:33:00,BNGO
6.005,6.01,6.0,6.001,39514,2021-05-03 17:34:00,BNGO
6.01,6.01,6.0,6.005,38420,2021-05-03 17:35:00,BNGO
6.009,6.009,5.98,5.9818,33610,2021-05-03 17:36:00,BNGO
5.9821,6.0,5.9803,5.99,48988,2021-05-03 17:37:00,BNGO
5.995,5.995,5.96,5.9753,137816,2021-05-03 17:38:00,BNGO
5.9721,5.98,5.97,5.9703,51324,2021-05-03 17:39:00,BNGO
5.975,6.0,5.9724,5.99,76130,2021-05-03 17:40:00,BNGO
6.0,6.0,5.99,6.0,15617,2021-05-03 17:41:00,BNGO
5.995,6.0,5.9807,5.9994,45923,2021-05-03 17:42:00,BNGO
5.995,6.0,5.9918,5.999,19672,2021-05-03 17:43:00,BNGO
6.0,6.0,5.98,5.98,25122,2021-05-03 17:44:00,BNGO
5.9788,5.98,5.97,5.975,14228,2021-05-03 17:45:00,BNGO
5.975,5.98,5.95,5.955,44765,2021-05-03 17:46:00,BNGO
5.959,5.96,5.93,5.945,147222,2021-05-03 17:47:00,BNGO
5.9377,5.96,5.93,5.9551,76695,2021-05-03 17:48:00,BNGO
5.96,5.96,5.935,5.94,53010,2021-05-03 17:49:00,BNGO
5.94,5.95,5.92,5.9316,57969,2021-05-03 17:50:00,BNGO
5.9399,5.94,5.89,5.8992,264875,2021-05-03 17:51:00,BNGO
5.89,5.91,5.89,5.895,80820,2021-05-03 17:52:00,BNGO
5.9,5.905,5.89,5.9016,78215,2021-05-03 17:53:00,BNGO
5.91,5.93,5.9,5.9252,124092,2021-05-03 17:54:00,BNGO
5.925,5.93,5.92,5.925,32154,2021-05-03 17:55:00,BNGO
5.9252,5.93,5.9,5.91,62106,2021-05-03 17:56:00,BNGO
5.905,5.92,5.9,5.915,18316,2021-05-03 17:57:00,BNGO
5.9191,5.92,5.9,5.91,43636,2021-05-03 17:58:00,BNGO
5.9001,5.92,5.9,5.9192,23191,2021-05-03 17:59:00,BNGO
5.915,5.94,5.91,5.931,84150,2021-05-03 18:00:00,BNGO
5.94,5.94,5.92,5.9299,49032,2021-05-03 18:01:00,BNGO
5.93,5.95,5.925,5.945,54442,2021-05-03 18:02:00,BNGO
5.945,5.96,5.94,5.955,52540,2021-05-03 18:03:00,BNGO
5.955,5.97,5.95,5.97,26526,2021-05-03 18:04:00,BNGO
5.967,5.97,5.95,5.955,72034,2021-05-03 18:05:00,BNGO
5.95,5.955,5.94,5.95,55685,2021-05-03 18:06:00,BNGO
5.955,5.96,5.94,5.9425,33087,2021-05-03 18:07:00,BNGO
5.9403,5.95,5.94,5.9463,15470,2021-05-03 18:08:00,BNGO
5.95,5.95,5.94,5.9464,6296,2021-05-03 18:09:00,BNGO
5.945,5.97,5.945,5.9695,41358,2021-05-03 18:10:00,BNGO
5.97,5.98,5.96,5.96,47880,2021-05-03 18:11:00,BNGO
5.964,5.98,5.9514,5.98,35675,2021-05-03 18:12:00,BNGO
5.971,5.98,5.97,5.97,51271,2021-05-03 18:13:00,BNGO
5.9685,5.9891,5.96,5.98,26964,2021-05-03 18:14:00,BNGO
5.9861,5.99,5.978,5.978,41830,2021-05-03 18:15:00,BNGO
5.97,5.98,5.96,5.9697,56870,2021-05-03 18:16:00,BNGO
5.97,5.99,5.965,5.9845,40695,2021-05-03 18:17:00,BNGO
5.98,5.99,5.9795,5.99,15536,2021-05-03 18:18:00,BNGO
5.9899,5.99,5.9784,5.9786,69882,2021-05-03 18:19:00,BNGO
5.9724,5.98,5.9611,5.965,15853,2021-05-03 18:20:00,BNGO
5.9666,5.97,5.96,5.96,55821,2021-05-03 18:21:00,BNGO
5.97,5.97,5.9517,5.96,14034,2021-05-03 18:22:00,BNGO
5.965,5.97,5.9501,5.96,24615,2021-05-03 18:23:00,BNGO
5.9587,5.96,5.95,5.9572,21237,2021-05-03 18:24:00,BNGO
5.96,5.96,5.9302,5.94,56368,2021-05-03 18:25:00,BNGO
5.9464,5.955,5.93,5.93,60459,2021-05-03 18:26:00,BNGO
5.94,5.94,5.93,5.9395,10753,2021-05-03 18:27:00,BNGO
5.935,5.94,5.93,5.9308,10897,2021-05-03 18:28:00,BNGO
5.9399,5.96,5.9399,5.9552,29695,2021-05-03 18:29:00,BNGO
5.955,5.96,5.94,5.9499,15352,2021-05-03 18:30:00,BNGO
5.945,5.95,5.94,5.945,18668,2021-05-03 18:31:00,BNGO
5.95,5.96,5.9413,5.95,27125,2021-05-03 18:32:00,BNGO
5.9528,5.96,5.9413,5.9512,20018,2021-05-03 18:33:00,BNGO
5.955,5.955,5.94,5.9445,27322,2021-05-03 18:34:00,BNGO
5.95,5.95,5.9401,5.9486,10714,2021-05-03 18:35:00,BNGO
5.95,5.96,5.9424,5.96,12949,2021-05-03 18:36:00,BNGO
5.952,5.96,5.94,5.948,25228,2021-05-03 18:37:00,BNGO
5.95,5.95,5.9301,5.9359,20276,2021-05-03 18:38:00,BNGO
5.94,5.95,5.93,5.9322,24563,2021-05-03 18:39:00,BNGO
5.9397,5.95,5.93,5.9391,25845,2021-05-03 18:40:00,BNGO
5.94,5.95,5.94,5.9409,21322,2021-05-03 18:41:00,BNGO
5.9499,5.9499,5.9324,5.935,10335,2021-05-03 18:42:00,BNGO
5.94,5.95,5.938,5.95,38345,2021-05-03 18:43:00,BNGO
5.95,5.96,5.9418,5.949,87366,2021-05-03 18:44:00,BNGO
5.9463,5.955,5.9413,5.9501,29531,2021-05-03 18:45:00,BNGO
5.955,5.96,5.95,5.9536,18812,2021-05-03 18:46:00,BNGO
5.9532,5.955,5.94,5.9467,14500,2021-05-03 18:47:00,BNGO
5.9447,5.96,5.94,5.96,75954,2021-05-03 18:48:00,BNGO
5.97,5.97,5.96,5.97,38181,2021-05-03 18:49:00,BNGO
5.965,5.97,5.96,5.9677,6537,2021-05-03 18:50:00,BNGO
5.965,5.9784,5.95,5.9545,41234,2021-05-03 18:51:00,BNGO
5.95,5.96,5.95,5.9599,30437,2021-05-03 18:52:00,BNGO
5.9595,5.975,5.9517,5.9726,22352,2021-05-03 18:53:00,BNGO
5.97,5.97,5.95,5.965,30235,2021-05-03 18:54:00,BNGO
5.97,5.9707,5.96,5.97,36014,2021-05-03 18:55:00,BNGO
5.9729,5.9736,5.96,5.97,15691,2021-05-03 18:56:00,BNGO
5.9643,5.9699,5.95,5.96,43692,2021-05-03 18:57:00,BNGO
5.955,5.96,5.94,5.9495,25922,2021-05-03 18:58:00,BNGO
5.95,5.9676,5.95,5.9635,20457,2021-05-03 18:59:00,BNGO
5.9654,5.97,5.96,5.9699,9069,2021-05-03 19:00:00,BNGO
5.9696,5.98,5.9628,5.9742,20592,2021-05-03 19:01:00,BNGO
5.9743,5.98,5.97,5.9746,7080,2021-05-03 19:02:00,BNGO
5.975,5.985,5.97,5.9754,20550,2021-05-03 19:03:00,BNGO
5.971,5.985,5.9701,5.9772,27671,2021-05-03 19:04:00,BNGO
5.9709,5.98,5.96,5.965,43111,2021-05-03 19:05:00,BNGO
5.9697,5.98,5.96,5.98,26882,2021-05-03 19:06:00,BNGO
5.9814,5.99,5.9813,5.9866,19353,2021-05-03 19:07:00,BNGO
5.98,5.985,5.97,5.97,20010,2021-05-03 19:08:00,BNGO
5.9756,5.99,5.975,5.985,10529,2021-05-03 19:09:00,BNGO
5.985,6.0,5.98,5.995,34771,2021-05-03 19:10:00,BNGO
5.995,6.0099,5.99,5.999,58236,2021-05-03 19:11:00,BNGO
6.0,6.0,5.99,6.0,17214,2021-05-03 19:12:00,BNGO
6.0,6.015,5.985,6.0109,60569,2021-05-03 19:13:00,BNGO
6.02,6.03,6.01,6.029,41094,2021-05-03 19:14:00,BNGO
6.0201,6.03,6.01,6.01,28816,2021-05-03 19:15:00,BNGO
6.0179,6.0179,6.0,6.0105,31038,2021-05-03 19:16:00,BNGO
6.0113,6.04,6.0113,6.035,38123,2021-05-03 19:17:00,BNGO
6.035,6.04,6.03,6.0315,7122,2021-05-03 19:18:00,BNGO
6.0375,6.05,6.02,6.02,75531,2021-05-03 19:19:00,BNGO
6.02,6.03,6.01,6.015,23999,2021-05-03 19:20:00,BNGO
6.015,6.019,6.005,6.01,41036,2021-05-03 19:21:00,BNGO
6.008,6.01,6.0,6.01,55012,2021-05-03 19:22:00,BNGO
6.01,6.01,5.97,5.99,207591,2021-05-03 19:23:00,BNGO
5.9986,6.0,5.9901,5.9998,28211,2021-05-03 19:24:00,BNGO
5.995,6.04,5.995,6.025,92962,2021-05-03 19:25:00,BNGO
6.02,6.025,6.01,6.015,18144,2021-05-03 19:26:00,BNGO
6.0157,6.02,6.012,6.015,7633,2021-05-03 19:27:00,BNGO
6.015,6.025,6.0102,6.015,45455,2021-05-03 19:28:00,BNGO
6.015,6.02,6.0,6.005,28408,2021-05-03 19:29:00,BNGO
6.005,6.01,6.0,6.0086,17414,2021-05-03 19:30:00,BNGO
6.005,6.01,6.0,6.005,9333,2021-05-03 19:31:00,BNGO
6.0,6.005,5.985,5.995,97937,2021-05-03 19:32:00,BNGO
5.995,6.005,5.9901,6.005,33051,2021-05-03 19:33:00,BNGO
6.0051,6.01,6.0,6.005,9943,2021-05-03 19:34:00,BNGO
6.005,6.01,6.0,6.0045,28986,2021-05-03 19:35:00,BNGO
6.005,6.0099,5.99,5.995,36422,2021-05-03 19:36:00,BNGO
5.995,5.995,5.98,5.985,56055,2021-05-03 19:37:00,BNGO
5.9801,5.99,5.96,5.972,70974,2021-05-03 19:38:00,BNGO
5.9701,5.9899,5.97,5.98,62318,2021-05-03 19:39:00,BNGO
5.9829,5.99,5.98,5.99,19391,2021-05-03 19:40:00,BNGO
5.985,6.015,5.985,6.005,58839,2021-05-03 19:41:00,BNGO
6.0099,6.01,5.995,6.0,52744,2021-05-03 19:42:00,BNGO
5.995,6.02,5.995,6.02,16679,2021-05-03 19:43:00,BNGO
6.02,6.02,6.0101,6.02,14398,2021-05-03 19:44:00,BNGO
6.02,6.02,6.0113,6.02,42187,2021-05-03 19:45:00,BNGO
6.015,6.015,6.0001,6.0085,41288,2021-05-03 19:46:00,BNGO
6.005,6.02,6.005,6.02,38751,2021-05-03 19:47:00,BNGO
6.02,6.02,6.01,6.0121,7593,2021-05-03 19:48:00,BNGO
6.016,6.02,6.01,6.02,8141,2021-05-03 19:49:00,BNGO
6.02,6.04,6.02,6.0287,159339,2021-05-03 19:50:00,BNGO
6.0205,6.03,6.015,6.0299,43631,2021-05-03 19:51:00,BNGO
6.025,6.03,6.01,6.02,87851,2021-05-03 19:52:00,BNGO
6.0219,6.0219,6.005,6.0179,60145,2021-05-03 19:53:00,BNGO
6.01,6.02,5.99,6.005,109635,2021-05-03 19:54:00,BNGO
6.01,6.01,5.995,6.0,122598,2021-05-03 19:55:00,BNGO
6.0,6.0,5.985,5.9901,114965,2021-05-03 19:56:00,BNGO
5.99,6.0,5.98,5.98,48232,2021-05-03 19:57:00,BNGO
5.985,6.0,5.98,6.0,105552,2021-05-03 19:58:00,BNGO
6.0,6.0,5.98,6.0,209284,2021-05-03 19:59:00,BNGO
5.99,5.99,5.99,5.99,187887,2021-05-03 20:00:00,BNGO
6.0,6.0,5.99,5.99,2312,2021-05-03 20:01:00,BNGO
6.0,6.0,5.99,5.99,300,2021-05-03 20:02:00,BNGO
5.99,6.0,5.99,6.0,550,2021-05-03 20:03:00,BNGO
5.99,5.99,5.99,5.99,245,2021-05-03 20:05:00,BNGO
6.0,6.0,5.99,5.99,760,2021-05-03 20:06:00,BNGO
6.0,6.0,6.0,6.0,200,2021-05-03 20:07:00,BNGO
5.9999,6.0,5.99,5.99,424,2021-05-03 20:08:00,BNGO
6.0,6.0,6.0,6.0,265,2021-05-03 20:09:00,BNGO
6.0,6.0,5.99,5.99,1894,2021-05-03 20:11:00,BNGO
6.0,6.0,6.0,6.0,2850,2021-05-03 20:12:00,BNGO
6.0,6.0,6.0,6.0,100,2021-05-03 20:13:00,BNGO
5.99,5.995,5.99,5.995,8400,2021-05-03 20:14:00,BNGO
6.0,6.0,6.0,6.0,1100,2021-05-03 20:15:00,BNGO
5.99,5.99,5.99,5.99,1530,2021-05-03 20:16:00,BNGO
5.98,5.98,5.98,5.98,2750,2021-05-03 20:17:00,BNGO
5.98,5.98,5.98,5.98,1600,2021-05-03 20:18:00,BNGO
5.97,5.97,5.96,5.96,5665,2021-05-03 20:19:00,BNGO
5.962,5.98,5.962,5.98,570,2021-05-03 20:20:00,BNGO
5.96,5.96,5.9599,5.96,4997,2021-05-03 20:21:00,BNGO
5.96,5.96,5.96,5.96,1100,2021-05-03 20:22:00,BNGO
5.96,5.96,5.95,5.96,2895,2021-05-03 20:23:00,BNGO
5.96,5.97,5.95,5.97,5265,2021-05-03 20:24:00,BNGO
5.98,5.98,5.98,5.98,100,2021-05-03 20:25:00,BNGO
5.9783,5.98,5.95,5.95,752,2021-05-03 20:26:00,BNGO
5.9754,5.98,5.9754,5.98,350,2021-05-03 20:28:00,BNGO
5.9796,5.98,5.9796,5.98,200,2021-05-03 20:30:00,BNGO
5.97,5.97,5.97,5.97,200,2021-05-03 20:31:00,BNGO
5.96,5.96,5.96,5.96,2027,2021-05-03 20:32:00,BNGO
5.96,5.97,5.96,5.97,700,2021-05-03 20:33:00,BNGO
5.96,5.96,5.9599,5.96,2534,2021-05-03 20:34:00,BNGO
5.96,5.96,5.95,5.96,900,2021-05-03 20:35:00,BNGO
5.96,5.96,5.96,5.96,100,2021-05-03 20:36:00,BNGO
5.98,5.98,5.98,5.98,110,2021-05-03 20:37:00,BNGO
5.97,5.97,5.97,5.97,200,2021-05-03 20:38:00,BNGO
5.97,5.97,5.97,5.97,100,2021-05-03 20:39:00,BNGO
5.9699,5.97,5.9699,5.97,1550,2021-05-03 20:40:00,BNGO
5.97,5.97,5.96,5.97,1300,2021-05-03 20:41:00,BNGO
5.97,5.97,5.96,5.96,2195,2021-05-03 20:42:00,BNGO
5.9699,5.9699,5.9699,5.9699,100,2021-05-03 20:43:00,BNGO
5.97,5.97,5.97,5.97,950,2021-05-03 20:44:00,BNGO
5.9699,5.97,5.96,5.97,4242,2021-05-03 20:45:00,BNGO
5.96,5.97,5.96,5.97,250,2021-05-03 20:46:00,BNGO
5.97,5.97,5.97,5.97,1000,2021-05-03 20:48:00,BNGO
5.96,5.96,5.96,5.96,300,2021-05-03 20:49:00,BNGO
5.96,5.96,5.96,5.96,100,2021-05-03 20:50:00,BNGO
5.96,5.96,5.96,5.96,784,2021-05-03 20:51:00,BNGO
5.97,5.97,5.97,5.97,125,2021-05-03 20:52:00,BNGO
5.97,5.97,5.97,5.97,1200,2021-05-03 20:54:00,BNGO
5.97,5.97,5.96,5.97,4580,2021-05-03 20:55:00,BNGO
5.97,5.97,5.96,5.96,408,2021-05-03 20:56:00,BNGO
5.96,5.96,5.96,5.96,500,2021-05-03 20:59:00,BNGO
5.96,5.96,5.96,5.96,300,2021-05-03 21:00:00,BNGO
5.97,5.97,5.9501,5.9501,5100,2021-05-03 21:01:00,BNGO
5.95,5.97,5.95,5.9601,2268,2021-05-03 21:02:00,BNGO
5.9601,5.97,5.9601,5.97,200,2021-05-03 21:03:00,BNGO
5.97,5.97,5.97,5.97,150,2021-05-03 21:05:00,BNGO
5.97,5.97,5.97,5.97,298,2021-05-03 21:06:00,BNGO
5.97,5.97,5.97,5.97,150,2021-05-03 21:07:00,BNGO
5.96,5.96,5.95,5.95,3888,2021-05-03 21:08:00,BNGO
5.95,5.95,5.94,5.94,2113,2021-05-03 21:12:00,BNGO
5.94,5.94,5.93,5.93,2100,2021-05-03 21:13:00,BNGO
5.94,5.96,5.93,5.96,1105,2021-05-03 21:14:00,BNGO
5.94,5.94,5.93,5.93,276,2021-05-03 21:15:00,BNGO
5.96,5.96,5.93,5.94,3522,2021-05-03 21:16:00,BNGO
5.94,5.94,5.94,5.94,2391,2021-05-03 21:17:00,BNGO
5.94,5.94,5.93,5.93,600,2021-05-03 21:18:00,BNGO
5.9399,5.94,5.9399,5.94,1200,2021-05-03 21:19:00,BNGO
5.93,5.93,5.93,5.93,125,2021-05-03 21:20:00,BNGO
5.93,5.93,5.93,5.93,200,2021-05-03 21:21:00,BNGO
5.94,5.94,5.94,5.94,100,2021-05-03 21:22:00,BNGO
5.93,5.93,5.93,5.93,1964,2021-05-03 21:23:00,BNGO
5.93,5.93,5.93,5.93,300,2021-05-03 21:24:00,BNGO
5.93,5.94,5.93,5.94,1697,2021-05-03 21:25:00,BNGO
5.94,5.94,5.94,5.94,550,2021-05-03 21:26:00,BNGO
5.94,5.94,5.94,5.94,1500,2021-05-03 21:27:00,BNGO
5.94,5.94,5.94,5.94,800,2021-05-03 21:28:00,BNGO
5.96,5.96,5.96,5.96,117,2021-05-03 21:29:00,BNGO
5.94,5.94,5.94,5.94,315,2021-05-03 21:31:00,BNGO
5.9501,5.9501,5.95,5.95,900,2021-05-03 21:32:00,BNGO
5.93,5.93,5.93,5.93,1500,2021-05-03 21:33:00,BNGO
5.93,5.93,5.93,5.93,407,2021-05-03 21:34:00,BNGO
5.94,5.99,5.94,5.99,5935,2021-05-03 21:35:00,BNGO
5.94,5.97,5.94,5.97,257,2021-05-03 21:36:00,BNGO
5.95,5.95,5.95,5.95,199,2021-05-03 21:37:00,BNGO
5.95,5.95,5.94,5.94,3600,2021-05-03 21:38:00,BNGO
5.99,5.99,5.99,5.99,227,2021-05-03 21:40:00,BNGO
5.98,5.98,5.98,5.98,100,2021-05-03 21:42:00,BNGO
5.98,5.98,5.96,5.96,480,2021-05-03 21:43:00,BNGO
5.98,5.98,5.98,5.98,521,2021-05-03 21:44:00,BNGO
5.98,5.98,5.98,5.98,700,2021-05-03 21:46:00,BNGO
5.98,5.98,5.98,5.98,200,2021-05-03 21:47:00,BNGO
5.98,5.98,5.98,5.98,100,2021-05-03 21:48:00,BNGO
5.96,5.98,5.96,5.96,10650,2021-05-03 21:50:00,BNGO
5.97,5.97,5.96,5.96,764,2021-05-03 21:51:00,BNGO
5.95,5.95,5.94,5.94,4194,2021-05-03 21:53:00,BNGO
5.94,5.94,5.93,5.93,830,2021-05-03 21:54:00,BNGO
5.93,5.93,5.93,5.93,539,2021-05-03 21:55:00,BNGO
5.93,5.94,5.93,5.94,1292,2021-05-03 21:56:00,BNGO
5.93,5.93,5.93,5.93,1095,2021-05-03 21:57:00,BNGO
5.9399,5.94,5.9399,5.94,650,2021-05-03 21:58:00,BNGO
5.94,5.94,5.94,5.94,100,2021-05-03 21:59:00,BNGO
5.94,5.94,5.94,5.94,200,2021-05-03 22:00:00,BNGO
5.94,5.94,5.94,5.94,300,2021-05-03 22:03:00,BNGO
5.93,5.93,5.93,5.93,1000,2021-05-03 22:04:00,BNGO
5.94,5.94,5.94,5.94,1000,2021-05-03 22:07:00,BNGO
5.94,5.94,5.94,5.94,1273,2021-05-03 22:08:00,BNGO
5.98,5.98,5.98,5.98,960,2021-05-03 22:11:00,BNGO
5.97,5.97,5.97,5.97,128,2021-05-03 22:16:00,BNGO
5.96,5.96,5.96,5.96,500,2021-05-03 22:20:00,BNGO
5.9699,5.9699,5.9699,5.9699,100,2021-05-03 22:21:00,BNGO
5.9599,5.9599,5.9599,5.9599,100,2021-05-03 22:27:00,BNGO
5.95,5.95,5.95,5.95,300,2021-05-03 22:29:00,BNGO
5.955,5.955,5.95,5.95,573,2021-05-03 22:30:00,BNGO
5.96,5.96,5.96,5.96,100,2021-05-03 22:32:00,BNGO
5.94,5.94,5.94,5.94,978,2021-05-03 22:35:00,BNGO
5.95,5.95,5.95,5.95,950,2021-05-03 22:38:00,BNGO
5.95,5.95,5.95,5.95,168,2021-05-03 22:39:00,BNGO
5.95,5.95,5.94,5.94,3602,2021-05-03 22:41:00,BNGO
5.97,5.97,5.97,5.97,328,2021-05-03 22:46:00,BNGO
5.95,5.95,5.95,5.95,4072,2021-05-03 22:47:00,BNGO
5.97,5.97,5.97,5.97,100,2021-05-03 22:48:00,BNGO
5.97,5.97,5.97,5.97,700,2021-05-03 22:51:00,BNGO
5.97,5.97,5.97,5.97,8500,2021-05-03 22:52:00,BNGO
5.95,5.95,5.95,5.95,164,2021-05-03 22:53:00,BNGO
5.95,5.95,5.95,5.95,259,2021-05-03 22:55:00,BNGO
5.97,5.97,5.97,5.97,100,2021-05-03 22:56:00,BNGO
5.96,5.96,5.96,5.96,200,2021-05-03 22:57:00,BNGO
5.95,5.95,5.95,5.95,628,2021-05-03 22:59:00,BNGO
5.96,5.96,5.96,5.96,100,2021-05-03 23:00:00,BNGO
5.97,5.98,5.97,5.97,1867,2021-05-03 23:03:00,BNGO
5.97,5.97,5.97,5.97,1000,2021-05-03 23:05:00,BNGO
5.97,5.97,5.97,5.97,120,2021-05-03 23:07:00,BNGO
5.97,5.97,5.97,5.97,100,2021-05-03 23:08:00,BNGO
5.97,5.97,5.97,5.97,100,2021-05-03 23:09:00,BNGO
5.98,5.98,5.98,5.98,500,2021-05-03 23:10:00,BNGO
5.96,5.98,5.96,5.98,620,2021-05-03 23:18:00,BNGO
5.98,5.98,5.98,5.98,300,2021-05-03 23:19:00,BNGO
5.98,5.98,5.98,5.98,150,2021-05-03 23:20:00,BNGO
5.98,5.98,5.96,5.96,1264,2021-05-03 23:21:00,BNGO
5.98,5.98,5.98,5.98,100,2021-05-03 23:22:00,BNGO
5.96,5.96,5.95,5.95,4902,2021-05-03 23:23:00,BNGO
5.95,5.97,5.95,5.97,298,2021-05-03 23:26:00,BNGO
5.97,5.97,5.97,5.97,500,2021-05-03 23:30:00,BNGO
5.97,5.97,5.97,5.97,1479,2021-05-03 23:31:00,BNGO
5.96,5.96,5.95,5.95,994,2021-05-03 23:32:00,BNGO
5.97,5.97,5.97,5.97,100,2021-05-03 23:33:00,BNGO
5.97,5.97,5.97,5.97,179,2021-05-03 23:34:00,BNGO
5.95,5.95,5.95,5.95,38096,2021-05-03 23:35:00,BNGO
5.98,5.98,5.98,5.98,197,2021-05-03 23:38:00,BNGO
5.97,5.97,5.97,5.97,100,2021-05-03 23:40:00,BNGO
5.97,5.98,5.97,5.98,1100,2021-05-03 23:42:00,BNGO
5.98,5.98,5.98,5.98,3378,2021-05-03 23:43:00,BNGO
5.95,5.95,5.95,5.95,148,2021-05-03 23:46:00,BNGO
5.95,5.97,5.95,5.97,5459,2021-05-03 23:48:00,BNGO
5.95,5.95,5.95,5.95,150,2021-05-03 23:49:00,BNGO
5.95,5.95,5.95,5.95,200,2021-05-03 23:50:00,BNGO
5.95,5.97,5.95,5.97,400,2021-05-03 23:51:00,BNGO
5.97,5.97,5.97,5.97,1322,2021-05-03 23:52:00,BNGO
5.97,5.97,5.95,5.95,19953,2021-05-03 23:54:00,BNGO
5.95,5.95,5.95,5.95,1675,2021-05-03 23:55:00,BNGO
5.95,5.95,5.95,5.95,1600,2021-05-03 23:56:00,BNGO
5.95,5.95,5.94,5.94,3147,2021-05-03 23:57:00,BNGO
5.94,5.94,5.93,5.93,2100,2021-05-03 23:58:00,BNGO
5.94,5.94,5.93,5.93,4088,2021-05-03 23:59:00,BNGO
5.93,5.93,5.92,5.92,210,2021-05-04 08:00:00,BNGO
5.92,5.92,5.9,5.9,473,2021-05-04 08:02:00,BNGO
5.95,5.95,5.95,5.95,270,2021-05-04 08:04:00,BNGO
5.93,5.93,5.93,5.93,300,2021-05-04 08:10:00,BNGO
5.93,5.93,5.93,5.93,107,2021-05-04 08:12:00,BNGO
5.9,5.9,5.9,5.9,629,2021-05-04 08:14:00,BNGO
5.9,5.9,5.89,5.89,1471,2021-05-04 08:15:00,BNGO
5.88,5.88,5.88,5.88,785,2021-05-04 08:16:00,BNGO
5.86,5.86,5.8,5.8,3246,2021-05-04 08:18:00,BNGO
5.81,5.81,5.8,5.81,1959,2021-05-04 08:19:00,BNGO
5.8,5.8,5.76,5.76,3053,2021-05-04 08:20:00,BNGO
5.77,5.8,5.77,5.8,783,2021-05-04 08:21:00,BNGO
5.81,5.86,5.81,5.86,2817,2021-05-04 08:23:00,BNGO
5.83,5.83,5.82,5.82,3400,2021-05-04 08:24:00,BNGO
5.82,5.82,5.82,5.82,100,2021-05-04 08:25:00,BNGO
5.82,5.82,5.82,5.82,100,2021-05-04 08:26:00,BNGO
5.82,5.82,5.82,5.82,500,2021-05-04 08:29:00,BNGO
5.83,5.83,5.83,5.83,204,2021-05-04 08:30:00,BNGO
5.84,5.84,5.84,5.84,3265,2021-05-04 08:31:00,BNGO
5.86,5.86,5.86,5.86,100,2021-05-04 08:32:00,BNGO
5.87,5.87,5.87,5.87,700,2021-05-04 08:34:00,BNGO
5.93,5.93,5.93,5.93,300,2021-05-04 08:40:00,BNGO
5.92,5.92,5.92,5.92,371,2021-05-04 08:46:00,BNGO
5.92,5.92,5.92,5.92,350,2021-05-04 08:53:00,BNGO
5.92,5.92,5.92,5.92,112,2021-05-04 08:57:00,BNGO
5.92,5.92,5.92,5.92,200,2021-05-04 09:05:00,BNGO
5.93,5.93,5.93,5.93,100,2021-05-04 09:07:00,BNGO
5.93,5.93,5.93,5.93,346,2021-05-04 09:08:00,BNGO
5.9,5.9,5.9,5.9,1260,2021-05-04 09:26:00,BNGO
5.87,5.87,5.83,5.83,400,2021-05-04 09:28:00,BNGO
5.82,5.82,5.81,5.81,500,2021-05-04 09:29:00,BNGO
5.83,5.83,5.83,5.83,255,2021-05-04 09:30:00,BNGO
5.83,5.83,5.83,5.83,100,2021-05-04 09:32:00,BNGO
5.85,5.85,5.85,5.85,248,2021-05-04 09:36:00,BNGO
5.87,5.87,5.87,5.87,100,2021-05-04 09:37:00,BNGO
5.89,5.89,5.89,5.89,100,2021-05-04 09:39:00,BNGO
5.89,5.89,5.89,5.89,100,2021-05-04 09:41:00,BNGO
5.84,5.84,5.82,5.82,1986,2021-05-04 09:53:00,BNGO
5.83,5.83,5.81,5.81,571,2021-05-04 09:54:00,BNGO
5.88,5.88,5.88,5.88,112,2021-05-04 10:02:00,BNGO
5.87,5.9,5.87,5.9,387,2021-05-04 10:11:00,BNGO
5.88,5.88,5.88,5.88,998,2021-05-04 10:12:00,BNGO
5.88,5.88,5.88,5.88,116,2021-05-04 10:14:00,BNGO
5.87,5.87,5.87,5.87,100,2021-05-04 10:15:00,BNGO
5.87,5.87,5.87,5.87,100,2021-05-04 10:16:00,BNGO
5.87,5.89,5.87,5.89,489,2021-05-04 10:17:00,BNGO
5.88,5.88,5.88,5.88,200,2021-05-04 10:18:00,BNGO
5.9,5.9,5.9,5.9,373,2021-05-04 10:19:00,BNGO
5.89,5.89,5.89,5.89,100,2021-05-04 10:22:00,BNGO
5.88,5.88,5.88,5.88,101,2021-05-04 10:24:00,BNGO
5.89,5.89,5.89,5.89,249,2021-05-04 10:25:00,BNGO
5.88,5.88,5.88,5.88,299,2021-05-04 10:28:00,BNGO
5.91,5.92,5.91,5.92,343,2021-05-04 10:33:00,BNGO
5.92,5.92,5.92,5.92,121,2021-05-04 10:34:00,BNGO
5.91,5.93,5.91,5.93,495,2021-05-04 10:36:00,BNGO
5.93,5.93,5.93,5.93,100,2021-05-04 10:38:00,BNGO
5.93,5.93,5.93,5.93,157,2021-05-04 10:39:00,BNGO
5.93,5.93,5.93,5.93,643,2021-05-04 10:43:00,BNGO
5.92,5.92,5.87,5.87,1361,2021-05-04 10:44:00,BNGO
5.85,5.85,5.85,5.85,400,2021-05-04 10:52:00,BNGO
5.88,5.88,5.88,5.88,210,2021-05-04 10:54:00,BNGO
5.95,5.95,5.95,5.95,200,2021-05-04 11:03:00,BNGO
5.95,5.95,5.95,5.95,200,2021-05-04 11:05:00,BNGO
5.95,5.95,5.95,5.95,250,2021-05-04 11:14:00,BNGO
5.95,5.95,5.95,5.95,200,2021-05-04 11:15:00,BNGO
5.95,5.95,5.95,5.95,800,2021-05-04 11:18:00,BNGO
5.95,5.95,5.95,5.95,113,2021-05-04 11:20:00,BNGO
5.95,5.95,5.95,5.95,5097,2021-05-04 11:22:00,BNGO
5.94,5.94,5.93,5.93,966,2021-05-04 11:24:00,BNGO
5.94,5.94,5.94,5.94,200,2021-05-04 11:25:00,BNGO
5.93,5.93,5.92,5.92,1392,2021-05-04 11:26:00,BNGO
5.92,5.92,5.92,5.92,100,2021-05-04 11:27:00,BNGO
5.92,5.92,5.92,5.92,200,2021-05-04 11:29:00,BNGO
5.93,5.93,5.93,5.93,100,2021-05-04 11:30:00,BNGO
5.95,5.95,5.95,5.95,342,2021-05-04 11:34:00,BNGO
5.95,5.95,5.95,5.95,300,2021-05-04 11:39:00,BNGO
5.95,5.95,5.95,5.95,1546,2021-05-04 11:41:00,BNGO
5.95,5.97,5.95,5.97,672,2021-05-04 11:42:00,BNGO
5.95,5.95,5.95,5.95,100,2021-05-04 11:43:00,BNGO
5.95,5.95,5.94,5.94,2169,2021-05-04 11:44:00,BNGO
5.93,5.93,5.93,5.93,105,2021-05-04 11:46:00,BNGO
5.91,5.91,5.9,5.91,1327,2021-05-04 11:48:00,BNGO
5.9,5.9,5.9,5.9,100,2021-05-04 11:49:00,BNGO
5.929,5.93,5.92,5.93,4900,2021-05-04 11:50:00,BNGO
5.92,5.92,5.92,5.92,800,2021-05-04 11:52:00,BNGO
5.91,5.91,5.91,5.91,200,2021-05-04 11:53:00,BNGO
5.9,5.9,5.89,5.89,2300,2021-05-04 11:54:00,BNGO
5.89,5.89,5.88,5.88,600,2021-05-04 11:55:00,BNGO
5.88,5.88,5.88,5.88,100,2021-05-04 11:56:00,BNGO
5.89,5.89,5.88,5.88,1701,2021-05-04 11:57:00,BNGO
5.87,5.87,5.87,5.87,900,2021-05-04 11:58:00,BNGO
5.86,5.86,5.86,5.86,1405,2021-05-04 11:59:00,BNGO
5.85,5.85,5.84,5.84,5909,2021-05-04 12:00:00,BNGO
5.84,5.85,5.84,5.84,6813,2021-05-04 12:01:00,BNGO
5.84,5.84,5.84,5.84,447,2021-05-04 12:02:00,BNGO
5.86,5.86,5.84,5.85,8576,2021-05-04 12:03:00,BNGO
5.85,5.85,5.85,5.85,2100,2021-05-04 12:04:00,BNGO
5.8501,5.86,5.85,5.86,6150,2021-05-04 12:05:00,BNGO
5.86,5.92,5.86,5.9,9584,2021-05-04 12:06:00,BNGO
5.92,5.92,5.91,5.91,3500,2021-05-04 12:07:00,BNGO
5.91,5.92,5.91,5.91,2247,2021-05-04 12:08:00,BNGO
5.9,5.9,5.88,5.88,20350,2021-05-04 12:09:00,BNGO
5.87,5.87,5.87,5.87,500,2021-05-04 12:10:00,BNGO
5.85,5.86,5.84,5.86,1771,2021-05-04 12:11:00,BNGO
5.86,5.86,5.84,5.84,1679,2021-05-04 12:12:00,BNGO
5.84,5.84,5.83,5.83,2550,2021-05-04 12:13:00,BNGO
5.83,5.84,5.83,5.84,200,2021-05-04 12:14:00,BNGO
5.8301,5.8301,5.81,5.81,5969,2021-05-04 12:15:00,BNGO
5.8,5.8,5.78,5.78,15494,2021-05-04 12:16:00,BNGO
5.8,5.8,5.8,5.8,500,2021-05-04 12:17:00,BNGO
5.79,5.8,5.78,5.8,523,2021-05-04 12:18:00,BNGO
5.8,5.81,5.8,5.8,2246,2021-05-04 12:19:00,BNGO
5.81,5.83,5.8,5.8,5564,2021-05-04 12:20:00,BNGO
5.8,5.8,5.8,5.8,394,2021-05-04 12:21:00,BNGO
5.79,5.83,5.79,5.82,4224,2021-05-04 12:22:00,BNGO
5.83,5.84,5.83,5.83,3310,2021-05-04 12:23:00,BNGO
5.82,5.83,5.82,5.82,3131,2021-05-04 12:24:00,BNGO
5.81,5.82,5.81,5.81,800,2021-05-04 12:25:00,BNGO
5.82,5.82,5.81,5.82,8959,2021-05-04 12:26:00,BNGO
5.82,5.82,5.8,5.81,17944,2021-05-04 12:27:00,BNGO
5.81,5.82,5.81,5.81,11121,2021-05-04 12:28:00,BNGO
5.81,5.83,5.81,5.82,4151,2021-05-04 12:29:00,BNGO
5.84,5.86,5.82,5.8417,8643,2021-05-04 12:30:00,BNGO
5.84,5.85,5.84,5.85,496,2021-05-04 12:31:00,BNGO
5.85,5.86,5.85,5.86,4985,2021-05-04 12:32:00,BNGO
5.85,5.86,5.85,5.86,1050,2021-05-04 12:33:00,BNGO
5.85,5.89,5.85,5.85,6536,2021-05-04 12:34:00,BNGO
5.85,5.85,5.85,5.85,12699,2021-05-04 12:35:00,BNGO
5.86,5.86,5.86,5.86,300,2021-05-04 12:36:00,BNGO
5.86,5.86,5.85,5.86,2200,2021-05-04 12:37:00,BNGO
5.86,5.86,5.85,5.86,2950,2021-05-04 12:38:00,BNGO
5.86,5.86,5.84,5.85,4168,2021-05-04 12:39:00,BNGO
5.85,5.8501,5.85,5.85,2284,2021-05-04 12:40:00,BNGO
5.85,5.87,5.85,5.85,9327,2021-05-04 12:41:00,BNGO
5.86,5.86,5.84,5.84,1997,2021-05-04 12:42:00,BNGO
5.82,5.8231,5.82,5.8201,5059,2021-05-04 12:44:00,BNGO
5.83,5.83,5.82,5.83,1700,2021-05-04 12:45:00,BNGO
5.81,5.8107,5.81,5.8107,1055,2021-05-04 12:46:00,BNGO
5.82,5.82,5.81,5.81,1024,2021-05-04 12:47:00,BNGO
5.81,5.81,5.81,5.81,610,2021-05-04 12:48:00,BNGO
5.81,5.81,5.8,5.8,300,2021-05-04 12:49:00,BNGO
5.8099,5.81,5.8,5.8,3219,2021-05-04 12:50:00,BNGO
5.79,5.8,5.79,5.79,3394,2021-05-04 12:51:00,BNGO
5.79,5.79,5.7704,5.7704,4298,2021-05-04 12:52:00,BNGO
5.78,5.78,5.76,5.76,14776,2021-05-04 12:53:00,BNGO
5.7699,5.77,5.76,5.7699,6100,2021-05-04 12:54:00,BNGO
5.77,5.77,5.76,5.76,15800,2021-05-04 12:55:00,BNGO
5.76,5.77,5.76,5.77,3433,2021-05-04 12:56:00,BNGO
5.76,5.76,5.76,5.76,220,2021-05-04 12:57:00,BNGO
5.76,5.77,5.76,5.77,7814,2021-05-04 12:58:00,BNGO
5.77,5.77,5.75,5.77,1365,2021-05-04 12:59:00,BNGO
5.77,5.77,5.75,5.75,1901,2021-05-04 13:00:00,BNGO
5.7501,5.7501,5.75,5.75,7760,2021-05-04 13:01:00,BNGO
5.75,5.76,5.75,5.75,1466,2021-05-04 13:02:00,BNGO
5.75,5.76,5.75,5.76,6650,2021-05-04 13:03:00,BNGO
5.75,5.76,5.75,5.75,11287,2021-05-04 13:04:00,BNGO
5.7599,5.76,5.75,5.76,7671,2021-05-04 13:05:00,BNGO
5.7599,5.77,5.75,5.75,9881,2021-05-04 13:06:00,BNGO
5.75,5.75,5.74,5.7401,4624,2021-05-04 13:07:00,BNGO
5.75,5.75,5.74,5.75,3416,2021-05-04 13:08:00,BNGO
5.74,5.75,5.74,5.75,13761,2021-05-04 13:09:00,BNGO
5.75,5.75,5.74,5.75,1500,2021-05-04 13:10:00,BNGO
5.74,5.75,5.74,5.7499,13600,2021-05-04 13:11:00,BNGO
5.75,5.75,5.74,5.74,5665,2021-05-04 13:12:00,BNGO
5.74,5.75,5.74,5.75,10461,2021-05-04 13:13:00,BNGO
5.75,5.75,5.75,5.75,2323,2021-05-04 13:14:00,BNGO
5.75,5.76,5.75,5.76,2123,2021-05-04 13:15:00,BNGO
5.75,5.76,5.75,5.76,2535,2021-05-04 13:16:00,BNGO
5.76,5.77,5.76,5.76,3707,2021-05-04 13:17:00,BNGO
5.7699,5.77,5.76,5.76,8469,2021-05-04 13:18:00,BNGO
5.7599,5.76,5.75,5.76,12598,2021-05-04 13:19:00,BNGO
5.75,5.76,5.75,5.76,9700,2021-05-04 13:20:00,BNGO
5.76,5.76,5.75,5.76,10445,2021-05-04 13:21:00,BNGO
5.75,5.76,5.75,5.76,5348,2021-05-04 13:22:00,BNGO
5.76,5.76,5.76,5.76,2496,2021-05-04 13:23:00,BNGO
5.76,5.77,5.76,5.77,2500,2021-05-04 13:24:00,BNGO
5.77,5.77,5.76,5.77,5215,2021-05-04 13:25:00,BNGO
5.77,5.8,5.77,5.79,1279,2021-05-04 13:26:00,BNGO
5.8,5.8,5.8,5.8,2572,2021-05-04 13:27:00,BNGO
5.8,5.82,5.8,5.82,1315,2021-05-04 13:28:00,BNGO
5.81,5.82,5.8,5.82,309,2021-05-04 13:29:00,BNGO
5.8,5.85,5.75,5.79,368889,2021-05-04 13:30:00,BNGO
5.82,5.91,5.7901,5.895,180294,2021-05-04 13:31:00,BNGO
5.9,5.97,5.85,5.865,102918,2021-05-04 13:32:00,BNGO
5.8518,5.92,5.85,5.86,86892,2021-05-04 13:33:00,BNGO
5.86,5.8989,5.835,5.85,88456,2021-05-04 13:34:00,BNGO
5.855,5.9,5.8333,5.835,74426,2021-05-04 13:35:00,BNGO
5.8355,5.8701,5.8,5.805,104259,2021-05-04 13:36:00,BNGO
5.801,5.82,5.78,5.78,130161,2021-05-04 13:37:00,BNGO
5.7801,5.83,5.78,5.83,79905,2021-05-04 13:38:00,BNGO
5.825,5.83,5.78,5.78,74439,2021-05-04 13:39:00,BNGO
5.79,5.84,5.7803,5.795,92993,2021-05-04 13:40:00,BNGO
5.795,5.8,5.765,5.77,81007,2021-05-04 13:41:00,BNGO
5.77,5.81,5.77,5.79,152348,2021-05-04 13:42:00,BNGO
5.7867,5.83,5.78,5.8007,53867,2021-05-04 13:43:00,BNGO
5.805,5.81,5.78,5.8,40266,2021-05-04 13:44:00,BNGO
5.79,5.8,5.77,5.77,52745,2021-05-04 13:45:00,BNGO
5.76,5.77,5.69,5.7,380308,2021-05-04 13:46:00,BNGO
5.7,5.73,5.68,5.7005,192468,2021-05-04 13:47:00,BNGO
5.7,5.72,5.6695,5.6766,144785,2021-05-04 13:48:00,BNGO
5.675,5.72,5.6731,5.7101,69594,2021-05-04 13:49:00,BNGO
5.7174,5.72,5.68,5.7008,79803,2021-05-04 13:50:00,BNGO
5.7,5.74,5.7,5.72,77574,2021-05-04 13:51:00,BNGO
5.7101,5.72,5.68,5.7019,80730,2021-05-04 13:52:00,BNGO
5.7054,5.7386,5.69,5.7,83086,2021-05-04 13:53:00,BNGO
5.6978,5.7221,5.69,5.705,62486,2021-05-04 13:54:00,BNGO
5.71,5.71,5.68,5.71,55685,2021-05-04 13:55:00,BNGO
5.71,5.72,5.6801,5.69,60262,2021-05-04 13:56:00,BNGO
5.6898,5.6908,5.65,5.6524,131844,2021-05-04 13:57:00,BNGO
5.6538,5.66,5.62,5.63,216208,2021-05-04 13:58:00,BNGO
5.63,5.66,5.63,5.635,74870,2021-05-04 13:59:00,BNGO
5.632,5.66,5.62,5.632,79430,2021-05-04 14:00:00,BNGO
5.64,5.66,5.6109,5.6152,57211,2021-05-04 14:01:00,BNGO
5.6101,5.63,5.6,5.6116,114986,2021-05-04 14:02:00,BNGO
5.62,5.62,5.58,5.58,167079,2021-05-04 14:03:00,BNGO
5.58,5.586,5.56,5.575,198826,2021-05-04 14:04:00,BNGO
5.57,5.5781,5.54,5.541,217006,2021-05-04 14:05:00,BNGO
5.5409,5.59,5.53,5.59,234017,2021-05-04 14:06:00,BNGO
5.5801,5.61,5.57,5.6,160323,2021-05-04 14:07:00,BNGO
5.6,5.65,5.5901,5.6313,169013,2021-05-04 14:08:00,BNGO
5.635,5.64,5.61,5.6201,73920,2021-05-04 14:09:00,BNGO
5.62,5.64,5.6,5.6273,109496,2021-05-04 14:10:00,BNGO
5.6272,5.65,5.6272,5.64,69228,2021-05-04 14:11:00,BNGO
5.645,5.65,5.6101,5.625,89994,2021-05-04 14:12:00,BNGO
5.6256,5.629,5.6,5.615,48201,2021-05-04 14:13:00,BNGO
5.615,5.62,5.59,5.5901,67949,2021-05-04 14:14:00,BNGO
5.59,5.5944,5.5611,5.575,62007,2021-05-04 14:15:00,BNGO
5.575,5.6298,5.57,5.6298,91932,2021-05-04 14:16:00,BNGO
5.63,5.6659,5.62,5.6659,126934,2021-05-04 14:17:00,BNGO
5.67,5.715,5.67,5.709,136561,2021-05-04 14:18:00,BNGO
5.7091,5.7699,5.705,5.7699,127214,2021-05-04 14:19:00,BNGO
5.77,5.77,5.74,5.7452,196930,2021-05-04 14:20:00,BNGO
5.75,5.76,5.73,5.7508,116820,2021-05-04 14:21:00,BNGO
5.75,5.77,5.7296,5.77,102041,2021-05-04 14:22:00,BNGO
5.77,5.79,5.77,5.785,68083,2021-05-04 14:23:00,BNGO
5.785,5.7999,5.7607,5.795,88077,2021-05-04 14:24:00,BNGO
5.795,5.797,5.78,5.785,40595,2021-05-04 14:25:00,BNGO
5.79,5.82,5.79,5.8182,64270,2021-05-04 14:26:00,BNGO
5.815,5.82,5.8,5.8121,73250,2021-05-04 14:27:00,BNGO
5.82,5.825,5.79,5.793,58978,2021-05-04 14:28:00,BNGO
5.79,5.815,5.79,5.81,36664,2021-05-04 14:29:00,BNGO
5.81,5.82,5.7708,5.795,87302,2021-05-04 14:30:00,BNGO
5.8,5.8,5.76,5.76,41804,2021-05-04 14:31:00,BNGO
5.76,5.77,5.75,5.77,43106,2021-05-04 14:32:00,BNGO
5.7616,5.7689,5.735,5.74,49432,2021-05-04 14:33:00,BNGO
5.73,5.765,5.73,5.76,55668,2021-05-04 14:34:00,BNGO
5.76,5.795,5.7521,5.795,67441,2021-05-04 14:35:00,BNGO
5.7946,5.82,5.79,5.82,45937,2021-05-04 14:36:00,BNGO
5.82,5.82,5.77,5.78,90309,2021-05-04 14:37:00,BNGO
5.77,5.79,5.7671,5.78,21095,2021-05-04 14:38:00,BNGO
5.7791,5.8,5.77,5.795,32791,2021-05-04 14:39:00,BNGO
5.7924,5.82,5.7912,5.815,26671,2021-05-04 14:40:00,BNGO
5.81,5.85,5.81,5.85,69174,2021-05-04 14:41:00,BNGO
5.8407,5.87,5.835,5.8501,82867,2021-05-04 14:42:00,BNGO
5.8582,5.88,5.84,5.87,94703,2021-05-04 14:43:00,BNGO
5.8601,5.91,5.84,5.855,177236,2021-05-04 14:44:00,BNGO
5.8599,5.89,5.85,5.87,76580,2021-05-04 14:45:00,BNGO
5.87,5.8889,5.87,5.88,39884,2021-05-04 14:46:00,BNGO
5.87,5.88,5.8512,5.8637,37666,2021-05-04 14:47:00,BNGO
5.86,5.87,5.82,5.82,55515,2021-05-04 14:48:00,BNGO
5.83,5.84,5.83,5.8392,26254,2021-05-04 14:49:00,BNGO
5.83,5.835,5.78,5.785,80898,2021-05-04 14:50:00,BNGO
5.79,5.8,5.775,5.79,38417,2021-05-04 14:51:00,BNGO
5.788,5.79,5.76,5.79,58757,2021-05-04 14:52:00,BNGO
5.7858,5.79,5.76,5.7764,25531,2021-05-04 14:53:00,BNGO
5.78,5.7952,5.77,5.79,24155,2021-05-04 14:54:00,BNGO
5.79,5.81,5.78,5.7804,30954,2021-05-04 14:55:00,BNGO
5.79,5.795,5.7701,5.78,46297,2021-05-04 14:56:00,BNGO
5.79,5.8,5.78,5.795,16161,2021-05-04 14:57:00,BNGO
5.795,5.7997,5.78,5.788,8770,2021-05-04 14:58:00,BNGO
5.78,5.785,5.76,5.77,22109,2021-05-04 14:59:00,BNGO
5.775,5.7798,5.75,5.755,21388,2021-05-04 15:00:00,BNGO
5.75,5.7589,5.73,5.7501,94341,2021-05-04 15:01:00,BNGO
5.7501,5.8,5.75,5.79,54849,2021-05-04 15:02:00,BNGO
5.795,5.795,5.75,5.769,10888,2021-05-04 15:03:00,BNGO
5.7648,5.78,5.7648,5.775,19608,2021-05-04 15:04:00,BNGO
5.7717,5.7717,5.75,5.76,20784,2021-05-04 15:05:00,BNGO
5.76,5.765,5.74,5.74,39581,2021-05-04 15:06:00,BNGO
5.75,5.7799,5.75,5.76,29194,2021-05-04 15:07:00,BNGO
5.7627,5.7627,5.74,5.745,21798,2021-05-04 15:08:00,BNGO
5.75,5.76,5.74,5.75,15125,2021-05-04 15:09:00,BNGO
5.7537,5.755,5.74,5.74,20680,2021-05-04 15:10:00,BNGO
5.74,5.75,5.73,5.75,27933,2021-05-04 15:11:00,BNGO
5.75,5.755,5.73,5.73,13803,2021-05-04 15:12:00,BNGO
5.7356,5.7393,5.72,5.72,11623,2021-05-04 15:13:00,BNGO
5.7291,5.74,5.7291,5.7351,36512,2021-05-04 15:14:00,BNGO
5.73,5.73,5.71,5.7195,19695,2021-05-04 15:15:00,BNGO
5.71,5.73,5.7,5.7238,87951,2021-05-04 15:16:00,BNGO
5.72,5.73,5.7102,5.715,10697,2021-05-04 15:17:00,BNGO
5.71,5.71,5.7,5.7071,18555,2021-05-04 15:18:00,BNGO
5.7078,5.735,5.7078,5.715,29749,2021-05-04 15:19:00,BNGO
5.713,5.715,5.7,5.7071,12419,2021-05-04 15:20:00,BNGO
5.7,5.75,5.7,5.7418,53793,2021-05-04 15:21:00,BNGO
5.745,5.7479,5.73,5.735,28966,2021-05-04 15:22:00,BNGO
5.735,5.735,5.7101,5.73,12909,2021-05-04 15:23:00,BNGO
5.725,5.74,5.71,5.7301,28961,2021-05-04 15:24:00,BNGO
5.73,5.73,5.72,5.721,10187,2021-05-04 15:25:00,BNGO
5.7201,5.755,5.72,5.7413,74255,2021-05-04 15:26:00,BNGO
5.75,5.7885,5.75,5.78,95390,2021-05-04 15:27:00,BNGO
5.77,5.79,5.76,5.7706,22270,2021-05-04 15:28:00,BNGO
5.77,5.785,5.77,5.785,19877,2021-05-04 15:29:00,BNGO
5.7857,5.79,5.78,5.785,13055,2021-05-04 15:30:00,BNGO
5.79,5.8,5.79,5.8,17144,2021-05-04 15:31:00,BNGO
5.7909,5.8,5.77,5.7752,22785,2021-05-04 15:32:00,BNGO
5.77,5.79,5.77,5.785,40323,2021-05-04 15:33:00,BNGO
5.785,5.79,5.78,5.785,5161,2021-05-04 15:34:00,BNGO
5.78,5.79,5.7725,5.7808,23829,2021-05-04 15:35:00,BNGO
5.78,5.795,5.78,5.7886,15614,2021-05-04 15:36:00,BNGO
5.79,5.795,5.78,5.79,14072,2021-05-04 15:37:00,BNGO
5.7804,5.785,5.7701,5.7749,27204,2021-05-04 15:38:00,BNGO
5.775,5.79,5.77,5.785,16922,2021-05-04 15:39:00,BNGO
5.7878,5.79,5.78,5.78,4350,2021-05-04 15:40:00,BNGO
5.785,5.785,5.77,5.77,19284,2021-05-04 15:41:00,BNGO
5.775,5.775,5.74,5.749,24484,2021-05-04 15:42:00,BNGO
5.745,5.767,5.745,5.7518,23989,2021-05-04 15:43:00,BNGO
5.76,5.76,5.7408,5.749,10905,2021-05-04 15:44:00,BNGO
5.7425,5.75,5.74,5.75,15005,2021-05-04 15:45:00,BNGO
5.749,5.765,5.745,5.7505,12886,2021-05-04 15:46:00,BNGO
5.755,5.76,5.75,5.7538,19317,2021-05-04 15:47:00,BNGO
5.7545,5.7581,5.7446,5.7446,5370,2021-05-04 15:48:00,BNGO
5.7435,5.76,5.72,5.7502,47718,2021-05-04 15:49:00,BNGO
5.75,5.75,5.73,5.7399,10427,2021-05-04 15:50:00,BNGO
5.735,5.74,5.7313,5.74,1460,2021-05-04 15:51:00,BNGO
5.73,5.74,5.73,5.74,10887,2021-05-04 15:52:00,BNGO
5.7401,5.745,5.72,5.73,13896,2021-05-04 15:53:00,BNGO
5.7309,5.75,5.72,5.7216,16964,2021-05-04 15:54:00,BNGO
5.725,5.729,5.7123,5.7199,18782,2021-05-04 15:55:00,BNGO
5.715,5.715,5.69,5.6952,34994,2021-05-04 15:56:00,BNGO
5.7,5.705,5.69,5.6936,70832,2021-05-04 15:57:00,BNGO
5.695,5.71,5.69,5.7,15440,2021-05-04 15:58:00,BNGO
5.705,5.71,5.7,5.701,7980,2021-05-04 15:59:00,BNGO
5.7,5.705,5.69,5.7001,21157,2021-05-04 16:00:00,BNGO
5.7,5.725,5.7,5.725,47702,2021-05-04 16:01:00,BNGO
5.7222,5.74,5.72,5.735,30578,2021-05-04 16:02:00,BNGO
5.7387,5.7387,5.7299,5.7299,10846,2021-05-04 16:03:00,BNGO
5.725,5.73,5.72,5.73,44684,2021-05-04 16:04:00,BNGO
5.7201,5.725,5.71,5.71,6516,2021-05-04 16:05:00,BNGO
5.71,5.72,5.71,5.715,10774,2021-05-04 16:06:00,BNGO
5.71,5.715,5.7,5.7104,32999,2021-05-04 16:07:00,BNGO
5.72,5.72,5.71,5.71,6957,2021-05-04 16:08:00,BNGO
5.715,5.725,5.7101,5.72,26959,2021-05-04 16:09:00,BNGO
5.72,5.73,5.72,5.725,8948,2021-05-04 16:10:00,BNGO
5.73,5.73,5.72,5.725,15359,2021-05-04 16:11:00,BNGO
5.7299,5.7299,5.71,5.725,15802,2021-05-04 16:12:00,BNGO
5.73,5.735,5.7201,5.73,20627,2021-05-04 16:13:00,BNGO
5.735,5.74,5.72,5.735,29747,2021-05-04 16:14:00,BNGO
5.7345,5.74,5.71,5.71,20381,2021-05-04 16:15:00,BNGO
5.7108,5.725,5.71,5.725,18292,2021-05-04 16:16:00,BNGO
5.72,5.73,5.72,5.7299,5411,2021-05-04 16:17:00,BNGO
5.72,5.7299,5.715,5.715,20969,2021-05-04 16:18:00,BNGO
5.715,5.7289,5.7123,5.7268,6247,2021-05-04 16:19:00,BNGO
5.7209,5.725,5.7,5.705,84570,2021-05-04 16:20:00,BNGO
5.705,5.7099,5.6913,5.695,16686,2021-05-04 16:21:00,BNGO
5.695,5.705,5.6901,5.705,23965,2021-05-04 16:22:00,BNGO
5.705,5.71,5.7,5.705,20740,2021-05-04 16:23:00,BNGO
5.705,5.71,5.7,5.7099,4918,2021-05-04 16:24:00,BNGO
5.705,5.71,5.69,5.71,32016,2021-05-04 16:25:00,BNGO
5.7037,5.71,5.7,5.7081,11668,2021-05-04 16:26:00,BNGO
5.705,5.72,5.7,5.7,26423,2021-05-04 16:27:00,BNGO
5.705,5.71,5.7001,5.71,7925,2021-05-04 16:28:00,BNGO
5.71,5.72,5.7001,5.72,18117,2021-05-04 16:29:00,BNGO
5.7154,5.72,5.71,5.7101,12237,2021-05-04 16:30:00,BNGO
5.715,5.715,5.7,5.715,31255,2021-05-04 16:31:00,BNGO
5.71,5.715,5.69,5.705,50536,2021-05-04 16:32:00,BNGO
5.702,5.71,5.68,5.685,37553,2021-05-04 16:33:00,BNGO
5.685,5.69,5.68,5.6879,10274,2021-05-04 16:34:00,BNGO
5.685,5.695,5.68,5.685,24704,2021-05-04 16:35:00,BNGO
5.7,5.7,5.6812,5.682,12935,2021-05-04 16:36:00,BNGO
5.683,5.7,5.68,5.689,55757,2021-05-04 16:37:00,BNGO
5.685,5.69,5.68,5.6899,32650,2021-05-04 16:38:00,BNGO
5.6899,5.69,5.675,5.68,36702,2021-05-04 16:39:00,BNGO
5.682,5.685,5.67,5.675,16608,2021-05-04 16:40:00,BNGO
5.675,5.68,5.65,5.665,72900,2021-05-04 16:41:00,BNGO
5.66,5.6699,5.65,5.665,34562,2021-05-04 16:42:00,BNGO
5.665,5.67,5.66,5.67,14275,2021-05-04 16:43:00,BNGO
5.6699,5.67,5.66,5.6699,14259,2021-05-04 16:44:00,BNGO
5.665,5.6686,5.64,5.642,88662,2021-05-04 16:45:00,BNGO
5.65,5.66,5.6418,5.6418,28095,2021-05-04 16:46:00,BNGO
5.645,5.66,5.645,5.6501,16204,2021-05-04 16:47:00,BNGO
5.655,5.69,5.6501,5.69,22629,2021-05-04 16:48:00,BNGO
5.685,5.69,5.675,5.675,32974,2021-05-04 16:49:00,BNGO
5.67,5.6882,5.67,5.6828,32632,2021-05-04 16:50:00,BNGO
5.685,5.69,5.68,5.6883,7941,2021-05-04 16:51:00,BNGO
5.68,5.7,5.68,5.695,66187,2021-05-04 16:52:00,BNGO
5.6936,5.7,5.69,5.695,16181,2021-05-04 16:53:00,BNGO
5.6976,5.7,5.67,5.67,35414,2021-05-04 16:54:00,BNGO
5.6783,5.68,5.665,5.675,45415,2021-05-04 16:55:00,BNGO
5.685,5.69,5.67,5.67,24593,2021-05-04 16:56:00,BNGO
5.6793,5.68,5.67,5.67,17602,2021-05-04 16:57:00,BNGO
5.675,5.675,5.66,5.66,15994,2021-05-04 16:58:00,BNGO
5.668,5.68,5.665,5.67,12089,2021-05-04 16:59:00,BNGO
5.67,5.68,5.67,5.675,13714,2021-05-04 17:00:00,BNGO
5.675,5.69,5.675,5.68,24102,2021-05-04 17:01:00,BNGO
5.685,5.69,5.675,5.6801,33131,2021-05-04 17:02:00,BNGO
5.6892,5.7,5.68,5.6915,8952,2021-05-04 17:03:00,BNGO
5.6914,5.71,5.6914,5.705,43582,2021-05-04 17:04:00,BNGO
5.7,5.705,5.68,5.695,42856,2021-05-04 17:05:00,BNGO
5.695,5.72,5.6923,5.715,55517,2021-05-04 17:06:00,BNGO
5.71,5.72,5.7,5.71,22362,2021-05-04 17:07:00,BNGO
5.7023,5.71,5.69,5.7001,36408,2021-05-04 17:08:00,BNGO
5.705,5.71,5.7001,5.705,8545,2021-05-04 17:09:00,BNGO
5.705,5.71,5.7001,5.706,7342,2021-05-04 17:10:00,BNGO
5.7079,5.7099,5.695,5.695,11290,2021-05-04 17:11:00,BNGO
5.695,5.695,5.68,5.685,50704,2021-05-04 17:12:00,BNGO
5.685,5.69,5.68,5.6861,13828,2021-05-04 17:13:00,BNGO
5.685,5.7,5.685,5.6924,33035,2021-05-04 17:14:00,BNGO
5.695,5.7,5.68,5.685,29533,2021-05-04 17:15:00,BNGO
5.685,5.69,5.68,5.685,5814,2021-05-04 17:16:00,BNGO
5.685,5.7,5.685,5.7,13626,2021-05-04 17:17:00,BNGO
5.7,5.71,5.69,5.71,7347,2021-05-04 17:18:00,BNGO
5.71,5.71,5.7,5.705,12109,2021-05-04 17:19:00,BNGO
5.7095,5.71,5.7,5.7098,7197,2021-05-04 17:20:00,BNGO
5.71,5.72,5.71,5.71,48027,2021-05-04 17:21:00,BNGO
5.72,5.72,5.7,5.7066,12389,2021-05-04 17:22:00,BNGO
5.705,5.72,5.705,5.715,15071,2021-05-04 17:23:00,BNGO
5.715,5.73,5.7101,5.7201,43018,2021-05-04 17:24:00,BNGO
5.73,5.73,5.7123,5.725,28471,2021-05-04 17:25:00,BNGO
5.73,5.74,5.73,5.7352,18599,2021-05-04 17:26:00,BNGO
5.735,5.75,5.73,5.75,25508,2021-05-04 17:27:00,BNGO
5.75,5.75,5.725,5.725,32085,2021-05-04 17:28:00,BNGO
5.73,5.75,5.725,5.74,50350,2021-05-04 17:29:00,BNGO
5.73,5.74,5.72,5.72,8127,2021-05-04 17:30:00,BNGO
5.725,5.73,5.72,5.725,9738,2021-05-04 17:31:00,BNGO
5.725,5.73,5.72,5.725,6600,2021-05-04 17:32:00,BNGO
5.725,5.75,5.725,5.7496,28903,2021-05-04 17:33:00,BNGO
5.745,5.75,5.74,5.74,5455,2021-05-04 17:34:00,BNGO
5.745,5.76,5.745,5.755,18711,2021-05-04 17:35:00,BNGO
5.755,5.76,5.73,5.76,47612,2021-05-04 17:36:00,BNGO
5.76,5.76,5.7406,5.749,12868,2021-05-04 17:37:00,BNGO
5.745,5.75,5.74,5.745,14635,2021-05-04 17:38:00,BNGO
5.745,5.76,5.74,5.7585,10693,2021-05-04 17:39:00,BNGO
5.755,5.76,5.74,5.74,12684,2021-05-04 17:40:00,BNGO
5.75,5.76,5.75,5.7582,10473,2021-05-04 17:41:00,BNGO
5.76,5.765,5.75,5.755,32931,2021-05-04 17:42:00,BNGO
5.755,5.7599,5.7408,5.75,19642,2021-05-04 17:43:00,BNGO
5.74,5.7599,5.73,5.7589,21821,2021-05-04 17:44:00,BNGO
5.7582,5.76,5.75,5.7501,22716,2021-05-04 17:45:00,BNGO
5.75,5.76,5.735,5.738,64412,2021-05-04 17:46:00,BNGO
5.7349,5.75,5.7347,5.745,12518,2021-05-04 17:47:00,BNGO
5.745,5.76,5.74,5.76,7104,2021-05-04 17:48:00,BNGO
5.755,5.76,5.75,5.7584,17047,2021-05-04 17:49:00,BNGO
5.755,5.7599,5.74,5.74,10621,2021-05-04 17:50:00,BNGO
5.745,5.745,5.74,5.745,8557,2021-05-04 17:51:00,BNGO
5.7499,5.75,5.74,5.7401,12303,2021-05-04 17:52:00,BNGO
5.7462,5.75,5.74,5.745,3183,2021-05-04 17:53:00,BNGO
5.745,5.75,5.7441,5.7464,11684,2021-05-04 17:54:00,BNGO
5.745,5.76,5.73,5.76,53257,2021-05-04 17:55:00,BNGO
5.765,5.7699,5.75,5.755,18202,2021-05-04 17:56:00,BNGO
5.755,5.78,5.755,5.7721,20760,2021-05-04 17:57:00,BNGO
5.7799,5.785,5.7601,5.7601,20848,2021-05-04 17:58:00,BNGO
5.76,5.77,5.76,5.7601,3299,2021-05-04 17:59:00,BNGO
5.7676,5.7699,5.75,5.76,7245,2021-05-04 18:00:00,BNGO
5.755,5.755,5.74,5.75,27309,2021-05-04 18:01:00,BNGO
5.755,5.76,5.75,5.7543,5503,2021-05-04 18:02:00,BNGO
5.76,5.76,5.75,5.755,8554,2021-05-04 18:03:00,BNGO
5.755,5.76,5.75,5.755,9972,2021-05-04 18:04:00,BNGO
5.76,5.78,5.75,5.7689,67770,2021-05-04 18:05:00,BNGO
5.7628,5.77,5.76,5.76,977,2021-05-04 18:06:00,BNGO
5.765,5.77,5.76,5.765,6750,2021-05-04 18:07:00,BNGO
5.765,5.765,5.76,5.76,1159,2021-05-04 18:08:00,BNGO
5.765,5.77,5.76,5.765,5745,2021-05-04 18:09:00,BNGO
5.7699,5.77,5.7601,5.765,9873,2021-05-04 18:10:00,BNGO
5.77,5.77,5.762,5.765,8484,2021-05-04 18:11:00,BNGO
5.77,5.79,5.765,5.78,13324,2021-05-04 18:12:00,BNGO
5.79,5.8,5.7817,5.8,55864,2021-05-04 18:13:00,BNGO
5.795,5.82,5.7915,5.8198,54327,2021-05-04 18:14:00,BNGO
5.815,5.815,5.8,5.805,21663,2021-05-04 18:15:00,BNGO
5.8001,5.81,5.8001,5.8058,6807,2021-05-04 18:16:00,BNGO
5.805,5.81,5.8008,5.8057,16551,2021-05-04 18:17:00,BNGO
5.8058,5.81,5.79,5.8009,37011,2021-05-04 18:18:00,BNGO
5.81,5.81,5.8,5.8011,34630,2021-05-04 18:19:00,BNGO
5.805,5.81,5.79,5.7999,34645,2021-05-04 18:20:00,BNGO
5.795,5.7986,5.79,5.7905,5153,2021-05-04 18:21:00,BNGO
5.8,5.8,5.77,5.775,42843,2021-05-04 18:22:00,BNGO
5.7764,5.79,5.775,5.78,17682,2021-05-04 18:23:00,BNGO
5.78,5.79,5.78,5.78,4165,2021-05-04 18:24:00,BNGO
5.785,5.785,5.76,5.765,18452,2021-05-04 18:25:00,BNGO
5.765,5.789,5.7641,5.781,32338,2021-05-04 18:26:00,BNGO
5.79,5.79,5.7801,5.785,3405,2021-05-04 18:27:00,BNGO
5.7809,5.7897,5.775,5.775,19552,2021-05-04 18:28:00,BNGO
5.78,5.78,5.77,5.775,13157,2021-05-04 18:29:00,BNGO
5.77,5.7886,5.77,5.785,21042,2021-05-04 18:30:00,BNGO
5.785,5.8,5.7801,5.7959,13841,2021-05-04 18:31:00,BNGO
5.795,5.81,5.7917,5.805,7344,2021-05-04 18:32:00,BNGO
5.81,5.81,5.79,5.8,18083,2021-05-04 18:33:00,BNGO
5.8,5.805,5.795,5.805,16691,2021-05-04 18:34:00,BNGO
5.805,5.81,5.8017,5.805,3689,2021-05-04 18:35:00,BNGO
5.805,5.81,5.8,5.805,5616,2021-05-04 18:36:00,BNGO
5.81,5.81,5.8,5.8005,7962,2021-05-04 18:37:00,BNGO
5.801,5.81,5.78,5.785,46187,2021-05-04 18:38:00,BNGO
5.785,5.79,5.78,5.7806,12752,2021-05-04 18:39:00,BNGO
5.785,5.7957,5.785,5.79,13406,2021-05-04 18:40:00,BNGO
5.79,5.79,5.77,5.775,28529,2021-05-04 18:41:00,BNGO
5.775,5.7999,5.775,5.7954,38827,2021-05-04 18:42:00,BNGO
5.7989,5.7989,5.79,5.795,3154,2021-05-04 18:43:00,BNGO
5.795,5.82,5.795,5.82,30555,2021-05-04 18:44:00,BNGO
5.82,5.835,5.81,5.83,33035,2021-05-04 18:45:00,BNGO
5.825,5.83,5.8201,5.8299,6352,2021-05-04 18:46:00,BNGO
5.8276,5.835,5.805,5.805,45241,2021-05-04 18:47:00,BNGO
5.81,5.81,5.7901,5.795,18272,2021-05-04 18:48:00,BNGO
5.795,5.8,5.7905,5.7993,17276,2021-05-04 18:49:00,BNGO
5.8,5.81,5.79,5.802,16252,2021-05-04 18:50:00,BNGO
5.8074,5.81,5.8,5.81,5861,2021-05-04 18:51:00,BNGO
5.805,5.82,5.805,5.815,33642,2021-05-04 18:52:00,BNGO
5.8152,5.8199,5.81,5.815,13141,2021-05-04 18:53:00,BNGO
5.81,5.81,5.79,5.79,43213,2021-05-04 18:54:00,BNGO
5.795,5.81,5.795,5.8016,26404,2021-05-04 18:55:00,BNGO
5.805,5.8088,5.8,5.805,6000,2021-05-04 18:56:00,BNGO
5.81,5.81,5.8,5.8,6898,2021-05-04 18:57:00,BNGO
5.81,5.81,5.79,5.79,36838,2021-05-04 18:58:00,BNGO
5.795,5.8,5.79,5.795,15341,2021-05-04 18:59:00,BNGO
5.795,5.795,5.77,5.775,54259,2021-05-04 19:00:00,BNGO
5.775,5.79,5.775,5.7899,26731,2021-05-04 19:01:00,BNGO
5.785,5.785,5.77,5.775,22763,2021-05-04 19:02:00,BNGO
5.775,5.8,5.775,5.79,39233,2021-05-04 19:03:00,BNGO
5.79,5.8,5.7801,5.7801,33255,2021-05-04 19:04:00,BNGO
5.78,5.7899,5.7723,5.775,16281,2021-05-04 19:05:00,BNGO
5.775,5.78,5.77,5.775,6117,2021-05-04 19:06:00,BNGO
5.775,5.78,5.77,5.77,48870,2021-05-04 19:07:00,BNGO
5.775,5.78,5.7724,5.775,6537,2021-05-04 19:08:00,BNGO
5.775,5.8,5.775,5.795,25021,2021-05-04 19:09:00,BNGO
5.795,5.81,5.7901,5.8,58982,2021-05-04 19:10:00,BNGO
5.79,5.8,5.79,5.795,12601,2021-05-04 19:11:00,BNGO
5.8,5.8,5.78,5.785,11488,2021-05-04 19:12:00,BNGO
5.7899,5.79,5.7849,5.7849,3200,2021-05-04 19:13:00,BNGO
5.7825,5.795,5.7825,5.795,11136,2021-05-04 19:14:00,BNGO
5.795,5.81,5.795,5.8021,20005,2021-05-04 19:15:00,BNGO
5.805,5.81,5.805,5.805,4705,2021-05-04 19:16:00,BNGO
5.81,5.81,5.8,5.8061,9838,2021-05-04 19:17:00,BNGO
5.805,5.81,5.8,5.805,12458,2021-05-04 19:18:00,BNGO
5.805,5.81,5.805,5.805,18804,2021-05-04 19:19:00,BNGO
5.805,5.81,5.8,5.805,17567,2021-05-04 19:20:00,BNGO
5.8025,5.815,5.8,5.805,40872,2021-05-04 19:21:00,BNGO
5.81,5.81,5.795,5.8,19526,2021-05-04 19:22:00,BNGO
5.795,5.8,5.79,5.795,17500,2021-05-04 19:23:00,BNGO
5.8,5.8,5.79,5.795,15472,2021-05-04 19:24:00,BNGO
5.795,5.81,5.79,5.805,23514,2021-05-04 19:25:00,BNGO
5.8,5.81,5.8,5.805,7437,2021-05-04 19:26:00,BNGO
5.805,5.805,5.79,5.79,20141,2021-05-04 19:27:00,BNGO
5.795,5.8,5.79,5.795,26457,2021-05-04 19:28:00,BNGO
5.795,5.81,5.795,5.8,75954,2021-05-04 19:29:00,BNGO
5.805,5.81,5.8,5.8,23826,2021-05-04 19:30:00,BNGO
5.8,5.805,5.795,5.795,33306,2021-05-04 19:31:00,BNGO
5.79,5.8,5.79,5.7915,11871,2021-05-04 19:32:00,BNGO
5.798,5.805,5.79,5.8021,30105,2021-05-04 19:33:00,BNGO
5.8,5.81,5.8,5.805,41607,2021-05-04 19:34:00,BNGO
5.805,5.825,5.805,5.82,123448,2021-05-04 19:35:00,BNGO
5.825,5.83,5.8,5.805,48962,2021-05-04 19:36:00,BNGO
5.805,5.81,5.8,5.8005,15594,2021-05-04 19:37:00,BNGO
5.805,5.81,5.8,5.805,37882,2021-05-04 19:38:00,BNGO
5.805,5.8078,5.79,5.79,54079,2021-05-04 19:39:00,BNGO
5.793,5.8,5.785,5.795,59607,2021-05-04 19:40:00,BNGO
5.79,5.8,5.78,5.785,21824,2021-05-04 19:41:00,BNGO
5.785,5.79,5.78,5.785,15244,2021-05-04 19:42:00,BNGO
5.78,5.79,5.755,5.765,113242,2021-05-04 19:43:00,BNGO
5.76,5.775,5.76,5.7624,82315,2021-05-04 19:44:00,BNGO
5.765,5.77,5.75,5.7512,35174,2021-05-04 19:45:00,BNGO
5.76,5.76,5.75,5.755,61526,2021-05-04 19:46:00,BNGO
5.755,5.77,5.75,5.76,51865,2021-05-04 19:47:00,BNGO
5.755,5.76,5.745,5.745,121580,2021-05-04 19:48:00,BNGO
5.745,5.77,5.7412,5.755,98821,2021-05-04 19:49:00,BNGO
5.76,5.78,5.755,5.7615,96934,2021-05-04 19:50:00,BNGO
5.7634,5.77,5.76,5.765,23768,2021-05-04 19:51:00,BNGO
5.7679,5.77,5.76,5.76,52239,2021-05-04 19:52:00,BNGO
5.765,5.785,5.765,5.775,142532,2021-05-04 19:53:00,BNGO
5.77,5.785,5.77,5.775,68106,2021-05-04 19:54:00,BNGO
5.775,5.79,5.77,5.79,96484,2021-05-04 19:55:00,BNGO
5.785,5.8,5.785,5.79,88906,2021-05-04 19:56:00,BNGO
5.79,5.79,5.77,5.77,91924,2021-05-04 19:57:00,BNGO
5.775,5.78,5.765,5.775,239595,2021-05-04 19:58:00,BNGO
5.775,5.7892,5.76,5.7892,190606,2021-05-04 19:59:00,BNGO
5.79,5.8,5.79,5.8,90051,2021-05-04 20:00:00,BNGO
5.8,5.8,5.8,5.8,100,2021-05-04 20:01:00,BNGO
5.8,5.8,5.8,5.8,500,2021-05-04 20:02:00,BNGO
5.82,5.82,5.82,5.82,100,2021-05-04 20:03:00,BNGO
5.81,5.81,5.8,5.8,350,2021-05-04 20:04:00,BNGO
5.8001,5.8001,5.8,5.8,2156,2021-05-04 20:06:00,BNGO
5.79,5.79,5.79,5.79,230,2021-05-04 20:07:00,BNGO
5.79,5.79,5.79,5.79,400,2021-05-04 20:08:00,BNGO
5.7999,5.8,5.78,5.78,1554,2021-05-04 20:09:00,BNGO
5.76,5.76,5.76,5.76,800,2021-05-04 20:11:00,BNGO
5.75,5.75,5.75,5.75,3525,2021-05-04 20:12:00,BNGO
5.78,5.78,5.75,5.78,611,2021-05-04 20:14:00,BNGO
5.81,5.81,5.78,5.81,300,2021-05-04 20:15:00,BNGO
5.81,5.81,5.81,5.81,200,2021-05-04 20:16:00,BNGO
5.8,5.81,5.8,5.81,500,2021-05-04 20:17:00,BNGO
5.81,5.81,5.81,5.81,100,2021-05-04 20:18:00,BNGO
5.81,5.81,5.81,5.81,100,2021-05-04 20:20:00,BNGO
5.8,5.8,5.8,5.8,200,2021-05-04 20:21:00,BNGO
5.8,5.8,5.8,5.8,100,2021-05-04 20:22:00,BNGO
5.7999,5.8,5.7999,5.8,200,2021-05-04 20:23:00,BNGO
5.79,5.79,5.79,5.79,200,2021-05-04 20:24:00,BNGO
5.79,5.7995,5.79,5.7995,350,2021-05-04 20:25:00,BNGO
5.78,5.78,5.75,5.75,2184,2021-05-04 20:26:00,BNGO
5.78,5.78,5.78,5.78,500,2021-05-04 20:27:00,BNGO
5.75,5.75,5.75,5.75,1000,2021-05-04 20:28:00,BNGO
5.77,5.77,5.75,5.75,600,2021-05-04 20:29:00,BNGO
5.75,5.77,5.73,5.73,5206,2021-05-04 20:32:00,BNGO
5.73,5.73,5.72,5.72,2140,2021-05-04 20:34:00,BNGO
5.74,5.74,5.74,5.74,1299,2021-05-04 20:35:00,BNGO
5.73,5.73,5.73,5.73,1635,2021-05-04 20:36:00,BNGO
5.72,5.72,5.71,5.71,1900,2021-05-04 20:37:00,BNGO
5.72,5.72,5.72,5.72,2000,2021-05-04 20:38:00,BNGO
5.71,5.72,5.7,5.7,9680,2021-05-04 20:39:00,BNGO
5.69,5.7,5.69,5.7,816,2021-05-04 20:40:00,BNGO
5.7,5.71,5.7,5.71,1126,2021-05-04 20:41:00,BNGO
5.73,5.73,5.73,5.73,1059,2021-05-04 20:42:00,BNGO
5.7699,5.77,5.7699,5.77,500,2021-05-04 20:44:00,BNGO
5.76,5.77,5.76,5.77,350,2021-05-04 20:45:00,BNGO
5.7699,5.77,5.7699,5.77,521,2021-05-04 20:48:00,BNGO
5.77,5.77,5.77,5.77,325,2021-05-04 20:50:00,BNGO
5.77,5.77,5.77,5.77,1500,2021-05-04 20:51:00,BNGO
5.77,5.77,5.77,5.77,190,2021-05-04 20:52:00,BNGO
5.77,5.77,5.77,5.77,100,2021-05-04 20:53:00,BNGO
5.76,5.76,5.76,5.76,623,2021-05-04 20:55:00,BNGO
5.76,5.76,5.76,5.76,12599,2021-05-04 20:57:00,BNGO
5.77,5.77,5.77,5.77,1245,2021-05-04 20:58:00,BNGO
5.77,5.77,5.77,5.77,6122,2021-05-04 20:59:00,BNGO
5.75,5.76,5.7,5.75,1806,2021-05-04 21:00:00,BNGO
5.73,5.73,5.73,5.73,200,2021-05-04 21:02:00,BNGO
5.73,5.73,5.73,5.73,250,2021-05-04 21:03:00,BNGO
5.71,5.71,5.71,5.71,240,2021-05-04 21:04:00,BNGO
5.73,5.73,5.7101,5.73,2430,2021-05-04 21:05:00,BNGO
5.73,5.73,5.71,5.71,3796,2021-05-04 21:06:00,BNGO
5.7,5.7,5.7,5.7,301,2021-05-04 21:08:00,BNGO
5.73,5.73,5.69,5.69,2843,2021-05-04 21:09:00,BNGO
5.7,5.7,5.7,5.7,350,2021-05-04 21:11:00,BNGO
5.7,5.7,5.7,5.7,980,2021-05-04 21:12:00,BNGO
5.7,5.7,5.69,5.69,3492,2021-05-04 21:13:00,BNGO
5.7,5.7,5.68,5.68,1429,2021-05-04 21:15:00,BNGO
5.68,5.68,5.68,5.68,622,2021-05-04 21:16:00,BNGO
5.73,5.73,5.72,5.73,1145,2021-05-04 21:19:00,BNGO
5.7699,5.77,5.7699,5.77,1100,2021-05-04 21:20:00,BNGO
5.77,5.77,5.77,5.77,100,2021-05-04 21:21:00,BNGO
5.75,5.75,5.73,5.73,1929,2021-05-04 21:22:00,BNGO
5.71,5.77,5.7,5.77,1690,2021-05-04 21:23:00,BNGO
5.77,5.77,5.77,5.77,150,2021-05-04 21:24:00,BNGO
5.75,5.75,5.73,5.73,1100,2021-05-04 21:26:00,BNGO
5.75,5.75,5.73,5.75,2075,2021-05-04 21:27:00,BNGO
5.75,5.75,5.75,5.75,250,2021-05-04 21:28:00,BNGO
5.77,5.77,5.77,5.77,702,2021-05-04 21:29:00,BNGO
5.74,5.74,5.74,5.74,300,2021-05-04 21:30:00,BNGO
5.75,5.75,5.75,5.75,255,2021-05-04 21:31:00,BNGO
5.73,5.75,5.73,5.75,350,2021-05-04 21:32:00,BNGO
5.75,5.75,5.75,5.75,100,2021-05-04 21:34:00,BNGO
5.73,5.73,5.73,5.73,927,2021-05-04 21:38:00,BNGO
5.73,5.73,5.73,5.73,774,2021-05-04 21:39:00,BNGO
5.75,5.75,5.75,5.75,111,2021-05-04 21:40:00,BNGO
5.75,5.75,5.75,5.75,100,2021-05-04 21:42:00,BNGO
5.75,5.75,5.7301,5.75,850,2021-05-04 21:44:00,BNGO
5.77,5.77,5.77,5.77,395,2021-05-04 21:45:00,BNGO
5.76,5.76,5.76,5.76,240,2021-05-04 21:46:00,BNGO
5.76,5.77,5.75,5.77,1476,2021-05-04 21:47:00,BNGO
5.77,5.77,5.77,5.77,250,2021-05-04 21:48:00,BNGO
5.77,5.77,5.77,5.77,2345,2021-05-04 21:49:00,BNGO
5.77,5.77,5.77,5.77,361,2021-05-04 21:53:00,BNGO
5.77,5.77,5.77,5.77,281,2021-05-04 21:54:00,BNGO
5.77,5.77,5.75,5.75,300,2021-05-04 21:55:00,BNGO
5.75,5.75,5.75,5.75,508,2021-05-04 21:56:00,BNGO
5.75,5.75,5.75,5.75,100,2021-05-04 21:57:00,BNGO
5.77,5.77,5.77,5.77,100,2021-05-04 21:58:00,BNGO
5.75,5.75,5.75,5.75,249,2021-05-04 21:59:00,BNGO
5.75,5.75,5.75,5.75,1000,2021-05-04 22:00:00,BNGO
5.77,5.77,5.77,5.77,750,2021-05-04 22:04:00,BNGO
5.73,5.73,5.73,5.73,312,2021-05-04 22:05:00,BNGO
5.75,5.75,5.75,5.75,261,2021-05-04 22:06:00,BNGO
5.74,5.74,5.72,5.72,667,2021-05-04 22:11:00,BNGO
5.75,5.75,5.75,5.75,200,2021-05-04 22:15:00,BNGO
5.77,5.77,5.77,5.77,352,2021-05-04 22:19:00,BNGO
5.75,5.75,5.75,5.75,850,2021-05-04 22:24:00,BNGO
5.79,5.79,5.79,5.79,160,2021-05-04 22:25:00,BNGO
5.79,5.79,5.79,5.79,200,2021-05-04 22:26:00,BNGO
5.79,5.79,5.79,5.79,100,2021-05-04 22:27:00,BNGO
5.78,5.78,5.78,5.78,155,2021-05-04 22:31:00,BNGO
5.75,5.75,5.75,5.75,454,2021-05-04 22:33:00,BNGO
5.7699,5.7699,5.7699,5.7699,1000,2021-05-04 22:34:00,BNGO
5.77,5.77,5.77,5.77,100,2021-05-04 22:36:00,BNGO
5.76,5.76,5.76,5.76,116,2021-05-04 22:42:00,BNGO
5.77,5.77,5.77,5.77,189,2021-05-04 22:43:00,BNGO
5.76,5.76,5.76,5.76,440,2021-05-04 22:48:00,BNGO
5.76,5.76,5.76,5.76,261,2021-05-04 22:49:00,BNGO
5.78,5.78,5.76,5.76,1100,2021-05-04 22:53:00,BNGO
5.79,5.79,5.79,5.79,200,2021-05-04 22:56:00,BNGO
5.79,5.79,5.79,5.79,1608,2021-05-04 22:58:00,BNGO
5.79,5.79,5.79,5.79,311,2021-05-04 22:59:00,BNGO
5.77,5.77,5.76,5.76,1529,2021-05-04 23:01:00,BNGO
5.78,5.78,5.78,5.78,1220,2021-05-04 23:06:00,BNGO
5.78,5.78,5.78,5.78,2280,2021-05-04 23:07:00,BNGO
5.78,5.78,5.78,5.78,1000,2021-05-04 23:08:00,BNGO
5.79,5.79,5.79,5.79,1000,2021-05-04 23:11:00,BNGO
5.79,5.79,5.79,5.79,104,2021-05-04 23:12:00,BNGO
5.79,5.79,5.65,5.65,8313,2021-05-04 23:14:00,BNGO
5.76,5.76,5.76,5.76,200,2021-05-04 23:19:00,BNGO
5.76,5.76,5.68,5.68,4893,2021-05-04 23:20:00,BNGO
5.75,5.75,5.75,5.75,131,2021-05-04 23:22:00,BNGO
5.75,5.75,5.65,5.65,4838,2021-05-04 23:25:00,BNGO
5.78,5.78,5.78,5.78,100,2021-05-04 23:26:00,BNGO
5.75,5.75,5.75,5.75,100,2021-05-04 23:28:00,BNGO
5.68,5.68,5.67,5.67,570,2021-05-04 23:29:00,BNGO
5.68,5.68,5.68,5.68,108,2021-05-04 23:30:00,BNGO
5.69,5.69,5.69,5.69,100,2021-05-04 23:33:00,BNGO
5.77,5.77,5.77,5.77,159,2021-05-04 23:37:00,BNGO
5.77,5.77,5.77,5.77,1000,2021-05-04 23:38:00,BNGO
5.77,5.77,5.77,5.77,173,2021-05-04 23:39:00,BNGO
5.7,5.7,5.68,5.68,4932,2021-05-04 23:40:00,BNGO
5.77,5.77,5.77,5.77,888,2021-05-04 23:42:00,BNGO
5.77,5.77,5.77,5.77,500,2021-05-04 23:44:00,BNGO
5.71,5.71,5.71,5.71,200,2021-05-04 23:45:00,BNGO
5.75,5.75,5.75,5.75,500,2021-05-04 23:48:00,BNGO
5.72,5.72,5.72,5.72,100,2021-05-04 23:50:00,BNGO
5.7101,5.7101,5.71,5.71,377,2021-05-04 23:51:00,BNGO
5.72,5.77,5.71,5.77,1550,2021-05-04 23:52:00,BNGO
5.77,5.77,5.77,5.77,100,2021-05-04 23:55:00,BNGO
5.77,5.77,5.77,5.77,100,2021-05-04 23:56:00,BNGO
5.77,5.77,5.77,5.77,271,2021-05-04 23:57:00,BNGO
5.77,5.77,5.77,5.77,297,2021-05-04 23:58:00,BNGO
5.76,5.78,5.76,5.78,750,2021-05-04 23:59:00,BNGO
5.78,5.78,5.78,5.78,1023,2021-05-05 08:00:00,BNGO
5.78,5.78,5.78,5.78,944,2021-05-05 08:07:00,BNGO
5.76,5.76,5.76,5.76,318,2021-05-05 08:08:00,BNGO
5.75,5.75,5.75,5.75,247,2021-05-05 08:09:00,BNGO
5.74,5.74,5.7,5.7,3811,2021-05-05 08:10:00,BNGO
5.71,5.71,5.7,5.7,2000,2021-05-05 08:15:00,BNGO
5.7,5.7,5.68,5.68,3966,2021-05-05 08:18:00,BNGO
5.68,5.68,5.68,5.68,300,2021-05-05 08:19:00,BNGO
5.72,5.72,5.72,5.72,247,2021-05-05 08:28:00,BNGO
5.7,5.72,5.7,5.72,360,2021-05-05 08:37:00,BNGO
5.72,5.72,5.72,5.72,100,2021-05-05 08:45:00,BNGO
5.73,5.73,5.72,5.72,696,2021-05-05 08:52:00,BNGO
5.72,5.72,5.72,5.72,383,2021-05-05 08:53:00,BNGO
5.72,5.72,5.72,5.72,700,2021-05-05 08:55:00,BNGO
5.72,5.72,5.72,5.72,1500,2021-05-05 08:57:00,BNGO
5.72,5.72,5.72,5.72,100,2021-05-05 08:59:00,BNGO
5.74,5.74,5.74,5.74,300,2021-05-05 09:03:00,BNGO
5.75,5.75,5.75,5.75,279,2021-05-05 09:04:00,BNGO
5.75,5.75,5.75,5.75,202,2021-05-05 09:09:00,BNGO
5.75,5.75,5.75,5.75,412,2021-05-05 09:10:00,BNGO
5.79,5.79,5.79,5.79,216,2021-05-05 09:17:00,BNGO
5.79,5.79,5.79,5.79,316,2021-05-05 09:19:00,BNGO
5.8,5.8,5.8,5.8,100,2021-05-05 09:21:00,BNGO
5.8,5.8,5.8,5.8,334,2021-05-05 09:22:00,BNGO
5.82,5.82,5.82,5.82,200,2021-05-05 09:24:00,BNGO
5.82,5.82,5.82,5.82,200,2021-05-05 09:25:00,BNGO
5.82,5.82,5.8,5.81,2192,2021-05-05 09:26:00,BNGO
5.8,5.8,5.8,5.8,210,2021-05-05 09:28:00,BNGO
5.77,5.77,5.77,5.77,300,2021-05-05 09:29:00,BNGO
5.77,5.79,5.77,5.79,2850,2021-05-05 09:32:00,BNGO
5.8,5.8,5.8,5.8,106,2021-05-05 09:39:00,BNGO
5.83,5.83,5.83,5.83,139,2021-05-05 09:45:00,BNGO
5.86,5.86,5.86,5.86,106,2021-05-05 09:55:00,BNGO
5.92,5.94,5.92,5.94,200,2021-05-05 09:59:00,BNGO
5.95,5.97,5.95,5.95,761,2021-05-05 10:02:00,BNGO
6.0,6.0,6.0,6.0,360,2021-05-05 10:03:00,BNGO
5.95,5.95,5.95,5.95,494,2021-05-05 10:04:00,BNGO
5.93,5.95,5.93,5.95,1011,2021-05-05 10:05:00,BNGO
5.95,5.95,5.95,5.95,464,2021-05-05 10:08:00,BNGO
5.95,5.95,5.95,5.95,173,2021-05-05 10:09:00,BNGO
5.92,5.92,5.92,5.92,200,2021-05-05 10:14:00,BNGO
5.93,5.93,5.93,5.93,270,2021-05-05 10:15:00,BNGO
5.93,5.93,5.93,5.93,200,2021-05-05 10:17:00,BNGO
5.93,5.93,5.93,5.93,471,2021-05-05 10:18:00,BNGO
5.93,5.93,5.93,5.93,400,2021-05-05 10:20:00,BNGO
5.93,5.93,5.93,5.93,350,2021-05-05 10:21:00,BNGO
5.93,5.93,5.93,5.93,197,2021-05-05 10:23:00,BNGO
5.95,5.95,5.95,5.95,490,2021-05-05 10:28:00,BNGO
5.98,5.98,5.98,5.98,210,2021-05-05 10:29:00,BNGO
5.98,5.98,5.98,5.98,545,2021-05-05 10:30:00,BNGO
5.94,5.94,5.94,5.94,1923,2021-05-05 10:32:00,BNGO
5.94,5.94,5.94,5.94,100,2021-05-05 10:33:00,BNGO
5.9,5.9,5.9,5.9,292,2021-05-05 10:38:00,BNGO
5.89,5.89,5.89,5.89,1120,2021-05-05 10:39:00,BNGO
5.89,5.89,5.89,5.89,350,2021-05-05 10:40:00,BNGO
5.87,5.87,5.86,5.86,300,2021-05-05 10:41:00,BNGO
5.87,5.87,5.87,5.87,1653,2021-05-05 10:43:00,BNGO
5.93,5.93,5.93,5.93,491,2021-05-05 10:47:00,BNGO
5.93,5.94,5.93,5.94,200,2021-05-05 10:52:00,BNGO
5.93,5.93,5.93,5.93,100,2021-05-05 10:57:00,BNGO
5.88,5.88,5.87,5.87,400,2021-05-05 11:02:00,BNGO
5.87,5.87,5.87,5.87,400,2021-05-05 11:04:00,BNGO
5.9,5.9,5.9,5.9,270,2021-05-05 11:07:00,BNGO
5.89,5.89,5.87,5.87,400,2021-05-05 11:08:00,BNGO
5.86,5.86,5.85,5.85,3735,2021-05-05 11:09:00,BNGO
5.85,5.87,5.84,5.87,6145,2021-05-05 11:10:00,BNGO
5.89,5.9,5.87,5.87,1444,2021-05-05 11:11:00,BNGO
5.88,5.88,5.88,5.88,100,2021-05-05 11:12:00,BNGO
5.87,5.87,5.85,5.86,917,2021-05-05 11:15:00,BNGO
5.85,5.85,5.85,5.85,300,2021-05-05 11:17:00,BNGO
5.85,5.85,5.85,5.85,418,2021-05-05 11:18:00,BNGO
5.85,5.85,5.85,5.85,868,2021-05-05 11:21:00,BNGO
5.83,5.83,5.83,5.83,478,2021-05-05 11:23:00,BNGO
5.83,5.83,5.83,5.83,1050,2021-05-05 11:26:00,BNGO
5.84,5.84,5.84,5.84,100,2021-05-05 11:38:00,BNGO
5.84,5.84,5.84,5.84,650,2021-05-05 11:41:00,BNGO
5.85,5.85,5.84,5.84,1400,2021-05-05 11:44:00,BNGO
5.84,5.84,5.84,5.84,100,2021-05-05 11:45:00,BNGO
5.84,5.84,5.84,5.84,200,2021-05-05 11:52:00,BNGO
5.84,5.84,5.84,5.84,300,2021-05-05 11:57:00,BNGO
5.83,5.83,5.83,5.83,2309,2021-05-05 11:59:00,BNGO
5.8399,5.8399,5.8399,5.8399,1000,2021-05-05 12:00:00,BNGO
5.84,5.84,5.84,5.84,7443,2021-05-05 12:02:00,BNGO
5.84,5.85,5.84,5.85,3060,2021-05-05 12:03:00,BNGO
5.85,5.85,5.85,5.85,100,2021-05-05 12:04:00,BNGO
5.85,5.85,5.8499,5.85,3050,2021-05-05 12:05:00,BNGO
5.85,5.85,5.8499,5.85,2975,2021-05-05 12:06:00,BNGO
5.85,5.85,5.85,5.85,118,2021-05-05 12:07:00,BNGO
5.8499,5.85,5.8499,5.85,1312,2021-05-05 12:08:00,BNGO
5.85,5.85,5.8499,5.85,5612,2021-05-05 12:09:00,BNGO
5.85,5.85,5.85,5.85,2000,2021-05-05 12:10:00,BNGO
5.8599,5.8599,5.8599,5.8599,100,2021-05-05 12:11:00,BNGO
5.8699,5.87,5.8699,5.87,670,2021-05-05 12:12:00,BNGO
5.86,5.87,5.86,5.87,591,2021-05-05 12:13:00,BNGO
5.87,5.87,5.86,5.86,1100,2021-05-05 12:14:00,BNGO
5.88,5.88,5.88,5.88,1100,2021-05-05 12:15:00,BNGO
5.88,5.88,5.8799,5.8799,2453,2021-05-05 12:16:00,BNGO
5.88,5.88,5.87,5.87,1000,2021-05-05 12:17:00,BNGO
5.8601,5.87,5.86,5.87,1500,2021-05-05 12:18:00,BNGO
5.8601,5.87,5.84,5.85,18731,2021-05-05 12:19:00,BNGO
5.85,5.86,5.85,5.86,500,2021-05-05 12:20:00,BNGO
5.86,5.86,5.86,5.86,695,2021-05-05 12:21:00,BNGO
5.86,5.86,5.86,5.86,600,2021-05-05 12:22:00,BNGO
5.8601,5.87,5.8601,5.87,2683,2021-05-05 12:23:00,BNGO
5.87,5.88,5.87,5.87,539,2021-05-05 12:24:00,BNGO
5.88,5.88,5.88,5.88,400,2021-05-05 12:26:00,BNGO
5.88,5.88,5.8799,5.88,2782,2021-05-05 12:27:00,BNGO
5.8799,5.88,5.87,5.87,2760,2021-05-05 12:29:00,BNGO
5.8799,5.8799,5.8799,5.8799,485,2021-05-05 12:31:00,BNGO
5.87,5.87,5.87,5.87,194,2021-05-05 12:35:00,BNGO
5.88,5.88,5.86,5.86,493,2021-05-05 12:36:00,BNGO
5.87,5.87,5.87,5.87,100,2021-05-05 12:37:00,BNGO
5.87,5.87,5.87,5.87,292,2021-05-05 12:40:00,BNGO
5.86,5.86,5.86,5.86,894,2021-05-05 12:42:00,BNGO
5.87,5.87,5.87,5.87,300,2021-05-05 12:43:00,BNGO
5.87,5.88,5.87,5.88,700,2021-05-05 12:44:00,BNGO
5.87,5.87,5.87,5.87,100,2021-05-05 12:45:00,BNGO
5.87,5.87,5.87,5.87,693,2021-05-05 12:46:00,BNGO
5.87,5.87,5.87,5.87,185,2021-05-05 12:47:00,BNGO
5.86,5.87,5.86,5.86,565,2021-05-05 12:48:00,BNGO
5.86,5.86,5.86,5.86,1668,2021-05-05 12:49:00,BNGO
5.86,5.86,5.85,5.86,1800,2021-05-05 12:50:00,BNGO
5.86,5.86,5.85,5.86,1023,2021-05-05 12:51:00,BNGO
5.86,5.86,5.86,5.86,245,2021-05-05 12:52:00,BNGO
5.86,5.86,5.86,5.86,165,2021-05-05 12:53:00,BNGO
5.86,5.86,5.86,5.86,2243,2021-05-05 12:54:00,BNGO
5.85,5.85,5.85,5.85,300,2021-05-05 12:56:00,BNGO
5.85,5.86,5.85,5.8599,900,2021-05-05 12:58:00,BNGO
5.85,5.85,5.85,5.85,1675,2021-05-05 13:00:00,BNGO
5.86,5.86,5.85,5.85,1870,2021-05-05 13:01:00,BNGO
5.8599,5.86,5.8599,5.86,550,2021-05-05 13:02:00,BNGO
5.86,5.86,5.86,5.86,1150,2021-05-05 13:03:00,BNGO
5.86,5.86,5.85,5.86,7500,2021-05-05 13:04:00,BNGO
5.86,5.86,5.85,5.86,1655,2021-05-05 13:05:00,BNGO
5.86,5.86,5.86,5.86,600,2021-05-05 13:06:00,BNGO
5.86,5.86,5.86,5.86,291,2021-05-05 13:07:00,BNGO
5.86,5.86,5.86,5.86,953,2021-05-05 13:08:00,BNGO
5.86,5.86,5.84,5.86,12108,2021-05-05 13:09:00,BNGO
5.86,5.86,5.86,5.86,400,2021-05-05 13:10:00,BNGO
5.86,5.86,5.85,5.85,1900,2021-05-05 13:11:00,BNGO
5.86,5.86,5.86,5.86,300,2021-05-05 13:12:00,BNGO
5.86,5.86,5.86,5.86,2570,2021-05-05 13:13:00,BNGO
5.86,5.86,5.86,5.86,2854,2021-05-05 13:14:00,BNGO
5.85,5.85,5.85,5.85,1001,2021-05-05 13:15:00,BNGO
5.86,5.86,5.86,5.86,4133,2021-05-05 13:16:00,BNGO
5.86,5.86,5.86,5.86,100,2021-05-05 13:17:00,BNGO
5.86,5.86,5.86,5.86,3312,2021-05-05 13:18:00,BNGO
5.86,5.86,5.85,5.85,873,2021-05-05 13:19:00,BNGO
5.85,5.85,5.85,5.85,653,2021-05-05 13:20:00,BNGO
5.85,5.85,5.85,5.85,100,2021-05-05 13:21:00,BNGO
5.85,5.86,5.85,5.86,284,2021-05-05 13:23:00,BNGO
5.86,5.86,5.8599,5.86,733,2021-05-05 13:24:00,BNGO
5.86,5.86,5.85,5.86,2981,2021-05-05 13:25:00,BNGO
5.86,5.86,5.85,5.85,2314,2021-05-05 13:26:00,BNGO
5.85,5.85,5.8499,5.8499,625,2021-05-05 13:27:00,BNGO
5.84,5.84,5.81,5.81,13841,2021-05-05 13:28:00,BNGO
5.81,5.84,5.81,5.83,819,2021-05-05 13:29:00,BNGO
5.829,5.9,5.82,5.86,232658,2021-05-05 13:30:00,BNGO
5.88,5.89,5.83,5.87,53143,2021-05-05 13:31:00,BNGO
5.87,5.88,5.83,5.88,27734,2021-05-05 13:32:00,BNGO
5.87,5.905,5.84,5.889,105941,2021-05-05 13:33:00,BNGO
5.89,5.92,5.861,5.92,84164,2021-05-05 13:34:00,BNGO
5.91,5.92,5.83,5.83,87619,2021-05-05 13:35:00,BNGO
5.835,5.8699,5.818,5.83,41108,2021-05-05 13:36:00,BNGO
5.8206,5.865,5.82,5.8499,93864,2021-05-05 13:37:00,BNGO
5.8494,5.88,5.8407,5.8592,47626,2021-05-05 13:38:00,BNGO
5.8592,5.86,5.79,5.8,102298,2021-05-05 13:39:00,BNGO
5.805,5.858,5.7911,5.84,91368,2021-05-05 13:40:00,BNGO
5.84,5.845,5.795,5.8108,558672,2021-05-05 13:41:00,BNGO
5.815,5.83,5.8062,5.825,39023,2021-05-05 13:42:00,BNGO
5.8283,5.855,5.82,5.83,66915,2021-05-05 13:43:00,BNGO
5.8382,5.86,5.83,5.86,39274,2021-05-05 13:44:00,BNGO
5.86,5.91,5.86,5.9,47145,2021-05-05 13:45:00,BNGO
5.905,5.9799,5.905,5.9735,133055,2021-05-05 13:46:00,BNGO
5.975,5.975,5.925,5.96,109231,2021-05-05 13:47:00,BNGO
5.9628,5.98,5.9543,5.9719,98002,2021-05-05 13:48:00,BNGO
5.975,5.98,5.91,5.9111,114025,2021-05-05 13:49:00,BNGO
5.915,5.93,5.89,5.9189,74870,2021-05-05 13:50:00,BNGO
5.92,5.94,5.91,5.9299,73277,2021-05-05 13:51:00,BNGO
5.92,5.925,5.88,5.8901,45017,2021-05-05 13:52:00,BNGO
5.8991,5.8997,5.86,5.8997,76909,2021-05-05 13:53:00,BNGO
5.8979,5.9195,5.8796,5.8894,47286,2021-05-05 13:54:00,BNGO
5.88,5.895,5.87,5.88,46014,2021-05-05 13:55:00,BNGO
5.875,5.875,5.86,5.8699,28555,2021-05-05 13:56:00,BNGO
5.8609,5.865,5.84,5.8499,28889,2021-05-05 13:57:00,BNGO
5.8465,5.87,5.84,5.8401,42007,2021-05-05 13:58:00,BNGO
5.8498,5.85,5.83,5.83,32679,2021-05-05 13:59:00,BNGO
5.83,5.84,5.795,5.8,45626,2021-05-05 14:00:00,BNGO
5.795,5.8007,5.76,5.765,94463,2021-05-05 14:01:00,BNGO
5.765,5.78,5.74,5.7696,85377,2021-05-05 14:02:00,BNGO
5.77,5.77,5.74,5.74,47961,2021-05-05 14:03:00,BNGO
5.75,5.75,5.7,5.73,128809,2021-05-05 14:04:00,BNGO
5.7282,5.74,5.71,5.72,71460,2021-05-05 14:05:00,BNGO
5.71,5.73,5.7095,5.73,56030,2021-05-05 14:06:00,BNGO
5.73,5.73,5.68,5.68,97021,2021-05-05 14:07:00,BNGO
5.69,5.72,5.68,5.7167,50162,2021-05-05 14:08:00,BNGO
5.7119,5.74,5.7119,5.735,39335,2021-05-05 14:09:00,BNGO
5.73,5.74,5.7,5.73,44479,2021-05-05 14:10:00,BNGO
5.74,5.75,5.72,5.73,29034,2021-05-05 14:11:00,BNGO
5.72,5.75,5.719,5.73,64244,2021-05-05 14:12:00,BNGO
5.735,5.76,5.73,5.745,34811,2021-05-05 14:13:00,BNGO
5.75,5.76,5.7406,5.7494,38185,2021-05-05 14:14:00,BNGO
5.75,5.76,5.74,5.74,28652,2021-05-05 14:15:00,BNGO
5.7391,5.75,5.71,5.7469,64270,2021-05-05 14:16:00,BNGO
5.75,5.75,5.73,5.731,53089,2021-05-05 14:17:00,BNGO
5.7399,5.75,5.7301,5.75,38552,2021-05-05 14:18:00,BNGO
5.74,5.8,5.74,5.78,90001,2021-05-05 14:19:00,BNGO
5.78,5.78,5.75,5.75,51697,2021-05-05 14:20:00,BNGO
5.7508,5.77,5.74,5.751,31729,2021-05-05 14:21:00,BNGO
5.75,5.751,5.71,5.7345,39029,2021-05-05 14:22:00,BNGO
5.74,5.745,5.71,5.73,63040,2021-05-05 14:23:00,BNGO
5.721,5.73,5.69,5.695,51818,2021-05-05 14:24:00,BNGO
5.7,5.72,5.69,5.6995,24682,2021-05-05 14:25:00,BNGO
5.69,5.72,5.69,5.7,33856,2021-05-05 14:26:00,BNGO
5.7,5.71,5.69,5.6999,31815,2021-05-05 14:27:00,BNGO
5.6981,5.71,5.69,5.7,18883,2021-05-05 14:28:00,BNGO
5.71,5.73,5.7,5.7118,18373,2021-05-05 14:29:00,BNGO
5.715,5.73,5.71,5.7289,28248,2021-05-05 14:30:00,BNGO
5.72,5.72,5.7,5.72,13528,2021-05-05 14:31:00,BNGO
5.7113,5.7199,5.71,5.71,5275,2021-05-05 14:32:00,BNGO
5.71,5.71,5.69,5.6989,29346,2021-05-05 14:33:00,BNGO
5.695,5.7,5.69,5.695,10836,2021-05-05 14:34:00,BNGO
5.6999,5.7,5.68,5.685,25911,2021-05-05 14:35:00,BNGO
5.685,5.71,5.68,5.6801,43676,2021-05-05 14:36:00,BNGO
5.685,5.7,5.68,5.69,13572,2021-05-05 14:37:00,BNGO
5.6909,5.71,5.69,5.7,30196,2021-05-05 14:38:00,BNGO
5.695,5.7,5.69,5.7,10697,2021-05-05 14:39:00,BNGO
5.6985,5.715,5.69,5.715,19175,2021-05-05 14:40:00,BNGO
5.715,5.73,5.71,5.73,25377,2021-05-05 14:41:00,BNGO
5.7237,5.76,5.72,5.76,33495,2021-05-05 14:42:00,BNGO
5.76,5.78,5.76,5.78,66879,2021-05-05 14:43:00,BNGO
5.7799,5.79,5.76,5.77,117627,2021-05-05 14:44:00,BNGO
5.7663,5.7799,5.7663,5.7799,33702,2021-05-05 14:45:00,BNGO
5.7736,5.78,5.76,5.7755,50811,2021-05-05 14:46:00,BNGO
5.78,5.7875,5.77,5.78,31135,2021-05-05 14:47:00,BNGO
5.775,5.82,5.7703,5.8099,96755,2021-05-05 14:48:00,BNGO
5.8,5.8,5.79,5.8,13830,2021-05-05 14:49:00,BNGO
5.799,5.84,5.799,5.8282,36146,2021-05-05 14:50:00,BNGO
5.82,5.825,5.8008,5.8199,50014,2021-05-05 14:51:00,BNGO
5.8198,5.8378,5.81,5.829,24997,2021-05-05 14:52:00,BNGO
5.82,5.83,5.8,5.8022,32105,2021-05-05 14:53:00,BNGO
5.8071,5.819,5.7878,5.7878,55498,2021-05-05 14:54:00,BNGO
5.785,5.795,5.78,5.7899,24114,2021-05-05 14:55:00,BNGO
5.7807,5.7999,5.78,5.791,43949,2021-05-05 14:56:00,BNGO
5.8,5.8,5.79,5.8,8537,2021-05-05 14:57:00,BNGO
5.795,5.81,5.79,5.8,35920,2021-05-05 14:58:00,BNGO
5.805,5.82,5.8,5.81,21988,2021-05-05 14:59:00,BNGO
5.8139,5.82,5.79,5.8,37569,2021-05-05 15:00:00,BNGO
5.795,5.8102,5.795,5.8,23353,2021-05-05 15:01:00,BNGO
5.79,5.81,5.79,5.8,14680,2021-05-05 15:02:00,BNGO
5.805,5.8391,5.805,5.8349,20777,2021-05-05 15:03:00,BNGO
5.835,5.87,5.835,5.8599,84371,2021-05-05 15:04:00,BNGO
5.86,5.86,5.84,5.86,21992,2021-05-05 15:05:00,BNGO
5.855,5.865,5.85,5.86,22169,2021-05-05 15:06:00,BNGO
5.8552,5.86,5.83,5.84,15688,2021-05-05 15:07:00,BNGO
5.84,5.85,5.83,5.84,21693,2021-05-05 15:08:00,BNGO
5.8396,5.84,5.822,5.83,24061,2021-05-05 15:09:00,BNGO
5.835,5.85,5.835,5.84,21101,2021-05-05 15:10:00,BNGO
5.84,5.84,5.8159,5.816,24797,2021-05-05 15:11:00,BNGO
5.812,5.83,5.81,5.8112,37018,2021-05-05 15:12:00,BNGO
5.81,5.821,5.81,5.82,45778,2021-05-05 15:13:00,BNGO
5.82,5.83,5.8197,5.828,16213,2021-05-05 15:14:00,BNGO
5.8243,5.83,5.81,5.82,14086,2021-05-05 15:15:00,BNGO
5.82,5.8282,5.81,5.8282,5343,2021-05-05 15:16:00,BNGO
5.8276,5.83,5.82,5.825,12503,2021-05-05 15:17:00,BNGO
5.825,5.83,5.82,5.8205,9660,2021-05-05 15:18:00,BNGO
5.82,5.82,5.8137,5.8192,18819,2021-05-05 15:19:00,BNGO
5.8118,5.8299,5.81,5.8199,31832,2021-05-05 15:20:00,BNGO
5.81,5.825,5.81,5.82,12808,2021-05-05 15:21:00,BNGO
5.82,5.82,5.8,5.815,22173,2021-05-05 15:22:00,BNGO
5.815,5.82,5.81,5.82,2811,2021-05-05 15:23:00,BNGO
5.81,5.82,5.8,5.815,34178,2021-05-05 15:24:00,BNGO
5.8118,5.82,5.805,5.805,20778,2021-05-05 15:25:00,BNGO
5.8,5.8,5.79,5.79,27289,2021-05-05 15:26:00,BNGO
5.79,5.79,5.78,5.79,19916,2021-05-05 15:27:00,BNGO
5.79,5.805,5.79,5.805,17161,2021-05-05 15:28:00,BNGO
5.805,5.818,5.8,5.818,22093,2021-05-05 15:29:00,BNGO
5.81,5.81,5.8,5.8099,12348,2021-05-05 15:30:00,BNGO
5.81,5.815,5.8,5.815,26920,2021-05-05 15:31:00,BNGO
5.815,5.82,5.8111,5.815,20076,2021-05-05 15:32:00,BNGO
5.82,5.82,5.8148,5.8198,21060,2021-05-05 15:33:00,BNGO
5.815,5.82,5.81,5.815,5094,2021-05-05 15:34:00,BNGO
5.8194,5.8194,5.8,5.815,24861,2021-05-05 15:35:00,BNGO
5.815,5.82,5.81,5.81,12931,2021-05-05 15:36:00,BNGO
5.815,5.8199,5.81,5.8191,4016,2021-05-05 15:37:00,BNGO
5.81,5.81,5.8,5.81,13434,2021-05-05 15:38:00,BNGO
5.81,5.82,5.8,5.815,44019,2021-05-05 15:39:00,BNGO
5.82,5.825,5.81,5.8191,31361,2021-05-05 15:40:00,BNGO
5.82,5.83,5.82,5.83,13086,2021-05-05 15:41:00,BNGO
5.82,5.83,5.81,5.82,24768,2021-05-05 15:42:00,BNGO
5.8115,5.8288,5.8115,5.8286,12444,2021-05-05 15:43:00,BNGO
5.825,5.83,5.82,5.83,10947,2021-05-05 15:44:00,BNGO
5.8215,5.83,5.82,5.825,7045,2021-05-05 15:45:00,BNGO
5.82,5.83,5.81,5.8166,11140,2021-05-05 15:46:00,BNGO
5.82,5.835,5.81,5.81,31574,2021-05-05 15:47:00,BNGO
5.8109,5.825,5.8109,5.82,28709,2021-05-05 15:48:00,BNGO
5.82,5.8226,5.7909,5.8,33928,2021-05-05 15:49:00,BNGO
5.7901,5.805,5.79,5.8001,24223,2021-05-05 15:50:00,BNGO
5.8077,5.8077,5.79,5.79,15293,2021-05-05 15:51:00,BNGO
5.7909,5.795,5.7806,5.7806,7494,2021-05-05 15:52:00,BNGO
5.78,5.8,5.78,5.795,26274,2021-05-05 15:53:00,BNGO
5.795,5.8,5.79,5.79,8830,2021-05-05 15:54:00,BNGO
5.7908,5.7999,5.7818,5.7818,18945,2021-05-05 15:55:00,BNGO
5.7809,5.8,5.78,5.78,32123,2021-05-05 15:56:00,BNGO
5.78,5.79,5.77,5.7823,14659,2021-05-05 15:57:00,BNGO
5.78,5.79,5.78,5.785,12759,2021-05-05 15:58:00,BNGO
5.7874,5.79,5.78,5.7886,9822,2021-05-05 15:59:00,BNGO
5.79,5.79,5.77,5.7705,4109,2021-05-05 16:00:00,BNGO
5.77,5.785,5.77,5.78,14610,2021-05-05 16:01:00,BNGO
5.782,5.79,5.77,5.7709,9766,2021-05-05 16:02:00,BNGO
5.77,5.775,5.77,5.774,3769,2021-05-05 16:03:00,BNGO
5.771,5.7788,5.76,5.76,16787,2021-05-05 16:04:00,BNGO
5.76,5.775,5.76,5.77,23708,2021-05-05 16:05:00,BNGO
5.76,5.78,5.76,5.78,19306,2021-05-05 16:06:00,BNGO
5.775,5.78,5.77,5.7709,14916,2021-05-05 16:07:00,BNGO
5.775,5.78,5.76,5.76,5698,2021-05-05 16:08:00,BNGO
5.77,5.77,5.76,5.7605,10694,2021-05-05 16:09:00,BNGO
5.76,5.765,5.7501,5.76,50717,2021-05-05 16:10:00,BNGO
5.76,5.77,5.76,5.76,15773,2021-05-05 16:11:00,BNGO
5.765,5.77,5.76,5.76,12444,2021-05-05 16:12:00,BNGO
5.754,5.7587,5.74,5.74,47261,2021-05-05 16:13:00,BNGO
5.7405,5.75,5.74,5.745,9911,2021-05-05 16:14:00,BNGO
5.745,5.745,5.72,5.73,32938,2021-05-05 16:15:00,BNGO
5.725,5.74,5.725,5.7305,25041,2021-05-05 16:16:00,BNGO
5.7306,5.74,5.72,5.7218,13857,2021-05-05 16:17:00,BNGO
5.7201,5.742,5.7201,5.7301,25807,2021-05-05 16:18:00,BNGO
5.73,5.74,5.72,5.7218,15238,2021-05-05 16:19:00,BNGO
5.73,5.74,5.72,5.725,24489,2021-05-05 16:20:00,BNGO
5.725,5.74,5.725,5.7391,25569,2021-05-05 16:21:00,BNGO
5.73,5.75,5.73,5.7452,20877,2021-05-05 16:22:00,BNGO
5.74,5.7427,5.7204,5.725,23649,2021-05-05 16:23:00,BNGO
5.72,5.73,5.72,5.73,12002,2021-05-05 16:24:00,BNGO
5.725,5.73,5.72,5.725,2957,2021-05-05 16:25:00,BNGO
5.73,5.73,5.72,5.725,3539,2021-05-05 16:26:00,BNGO
5.7201,5.73,5.72,5.725,10120,2021-05-05 16:27:00,BNGO
5.725,5.73,5.72,5.73,4605,2021-05-05 16:28:00,BNGO
5.73,5.73,5.72,5.725,15719,2021-05-05 16:29:00,BNGO
5.725,5.73,5.72,5.73,15546,2021-05-05 16:30:00,BNGO
5.72,5.7399,5.72,5.7262,38703,2021-05-05 16:31:00,BNGO
5.725,5.74,5.725,5.735,15260,2021-05-05 16:32:00,BNGO
5.7323,5.7399,5.73,5.73,16463,2021-05-05 16:33:00,BNGO
5.72,5.73,5.72,5.722,6727,2021-05-05 16:34:00,BNGO
5.7211,5.73,5.71,5.715,21250,2021-05-05 16:35:00,BNGO
5.7105,5.7105,5.685,5.685,114058,2021-05-05 16:36:00,BNGO
5.69,5.72,5.69,5.72,35331,2021-05-05 16:37:00,BNGO
5.7192,5.7199,5.71,5.71,9390,2021-05-05 16:38:00,BNGO
5.7007,5.71,5.69,5.6902,13174,2021-05-05 16:39:00,BNGO
5.7,5.7,5.67,5.67,42420,2021-05-05 16:40:00,BNGO
5.6701,5.69,5.66,5.68,68756,2021-05-05 16:41:00,BNGO
5.68,5.68,5.67,5.6753,20795,2021-05-05 16:42:00,BNGO
5.675,5.69,5.67,5.6725,54166,2021-05-05 16:43:00,BNGO
5.68,5.695,5.67,5.69,26108,2021-05-05 16:44:00,BNGO
5.695,5.7,5.69,5.695,8946,2021-05-05 16:45:00,BNGO
5.6978,5.71,5.69,5.71,60940,2021-05-05 16:46:00,BNGO
5.705,5.88,5.7,5.82,860202,2021-05-05 16:47:00,BNGO
5.815,5.82,5.79,5.796,74476,2021-05-05 16:48:00,BNGO
5.8,5.83,5.8,5.825,52481,2021-05-05 16:49:00,BNGO
5.825,5.83,5.8,5.8028,57762,2021-05-05 16:50:00,BNGO
5.81,5.81,5.78,5.79,19763,2021-05-05 16:51:00,BNGO
5.795,5.8081,5.79,5.79,27247,2021-05-05 16:52:00,BNGO
5.795,5.795,5.77,5.7898,26169,2021-05-05 16:53:00,BNGO
5.787,5.79,5.775,5.775,11837,2021-05-05 16:54:00,BNGO
5.775,5.78,5.77,5.7722,23745,2021-05-05 16:55:00,BNGO
5.775,5.78,5.7609,5.765,22735,2021-05-05 16:56:00,BNGO
5.7609,5.765,5.74,5.745,15560,2021-05-05 16:57:00,BNGO
5.7401,5.746,5.74,5.745,29585,2021-05-05 16:58:00,BNGO
5.745,5.76,5.745,5.755,24072,2021-05-05 16:59:00,BNGO
5.75,5.76,5.7301,5.739,7479,2021-05-05 17:00:00,BNGO
5.7314,5.75,5.7314,5.7413,11319,2021-05-05 17:01:00,BNGO
5.75,5.76,5.74,5.745,14156,2021-05-05 17:02:00,BNGO
5.7408,5.7449,5.71,5.725,39793,2021-05-05 17:03:00,BNGO
5.725,5.73,5.72,5.725,18589,2021-05-05 17:04:00,BNGO
5.73,5.75,5.73,5.75,17399,2021-05-05 17:05:00,BNGO
5.745,5.745,5.73,5.74,16112,2021-05-05 17:06:00,BNGO
5.7367,5.74,5.73,5.74,3137,2021-05-05 17:07:00,BNGO
5.73,5.75,5.73,5.74,11407,2021-05-05 17:08:00,BNGO
5.7492,5.76,5.745,5.7571,22526,2021-05-05 17:09:00,BNGO
5.76,5.76,5.74,5.745,12619,2021-05-05 17:10:00,BNGO
5.7413,5.75,5.74,5.7482,8402,2021-05-05 17:11:00,BNGO
5.745,5.75,5.7322,5.74,36715,2021-05-05 17:12:00,BNGO
5.7401,5.7489,5.74,5.745,6478,2021-05-05 17:13:00,BNGO
5.7409,5.75,5.74,5.7408,3171,2021-05-05 17:14:00,BNGO
5.741,5.741,5.73,5.73,8085,2021-05-05 17:15:00,BNGO
5.7312,5.74,5.73,5.7309,5657,2021-05-05 17:16:00,BNGO
5.74,5.74,5.72,5.74,22714,2021-05-05 17:17:00,BNGO
5.74,5.75,5.7308,5.741,6679,2021-05-05 17:18:00,BNGO
5.75,5.75,5.72,5.72,21400,2021-05-05 17:19:00,BNGO
5.725,5.73,5.712,5.7292,16476,2021-05-05 17:20:00,BNGO
5.725,5.725,5.71,5.715,11530,2021-05-05 17:21:00,BNGO
5.7168,5.7188,5.7,5.705,17224,2021-05-05 17:22:00,BNGO
5.7008,5.7279,5.7008,5.7199,32310,2021-05-05 17:23:00,BNGO
5.71,5.72,5.71,5.718,3128,2021-05-05 17:24:00,BNGO
5.715,5.7199,5.71,5.71,13053,2021-05-05 17:25:00,BNGO
5.71,5.72,5.71,5.7118,13145,2021-05-05 17:26:00,BNGO
5.7178,5.72,5.71,5.71,4477,2021-05-05 17:27:00,BNGO
5.72,5.7298,5.715,5.725,11186,2021-05-05 17:28:00,BNGO
5.725,5.73,5.72,5.725,10761,2021-05-05 17:29:00,BNGO
5.725,5.73,5.72,5.72,8075,2021-05-05 17:30:00,BNGO
5.7204,5.73,5.72,5.72,4569,2021-05-05 17:31:00,BNGO
5.73,5.73,5.715,5.72,11368,2021-05-05 17:32:00,BNGO
5.715,5.7182,5.71,5.7134,10053,2021-05-05 17:33:00,BNGO
5.71,5.71,5.7,5.7,13553,2021-05-05 17:34:00,BNGO
5.71,5.71,5.7,5.7,1977,2021-05-05 17:35:00,BNGO
5.705,5.72,5.7,5.715,8058,2021-05-05 17:36:00,BNGO
5.7101,5.73,5.7101,5.7252,15887,2021-05-05 17:37:00,BNGO
5.7296,5.7296,5.71,5.7155,14957,2021-05-05 17:38:00,BNGO
5.71,5.7241,5.71,5.7241,15415,2021-05-05 17:39:00,BNGO
5.73,5.73,5.72,5.72,6359,2021-05-05 17:40:00,BNGO
5.72,5.73,5.72,5.725,8908,2021-05-05 17:41:00,BNGO
5.73,5.74,5.725,5.74,10065,2021-05-05 17:42:00,BNGO
5.74,5.74,5.73,5.74,2966,2021-05-05 17:43:00,BNGO
5.73,5.74,5.73,5.7399,4549,2021-05-05 17:44:00,BNGO
5.738,5.745,5.7301,5.735,35410,2021-05-05 17:45:00,BNGO
5.7314,5.74,5.73,5.73,24716,2021-05-05 17:46:00,BNGO
5.735,5.75,5.7301,5.748,16072,2021-05-05 17:47:00,BNGO
5.75,5.75,5.735,5.74,13560,2021-05-05 17:48:00,BNGO
5.7399,5.75,5.735,5.7405,15304,2021-05-05 17:49:00,BNGO
5.745,5.75,5.74,5.75,5608,2021-05-05 17:50:00,BNGO
5.75,5.75,5.7401,5.745,10526,2021-05-05 17:51:00,BNGO
5.7494,5.78,5.7409,5.7799,55510,2021-05-05 17:52:00,BNGO
5.775,5.78,5.7622,5.77,39283,2021-05-05 17:53:00,BNGO
5.7675,5.7799,5.76,5.7752,13307,2021-05-05 17:54:00,BNGO
5.775,5.775,5.75,5.755,33549,2021-05-05 17:55:00,BNGO
5.76,5.7601,5.75,5.75,15452,2021-05-05 17:56:00,BNGO
5.755,5.755,5.74,5.745,9015,2021-05-05 17:57:00,BNGO
5.74,5.75,5.74,5.7412,3539,2021-05-05 17:58:00,BNGO
5.74,5.7579,5.74,5.7579,16580,2021-05-05 17:59:00,BNGO
5.75,5.76,5.745,5.745,12088,2021-05-05 18:00:00,BNGO
5.745,5.75,5.74,5.741,10668,2021-05-05 18:01:00,BNGO
5.745,5.7476,5.73,5.7341,18401,2021-05-05 18:02:00,BNGO
5.7305,5.7305,5.72,5.725,22609,2021-05-05 18:03:00,BNGO
5.7263,5.74,5.725,5.73,25402,2021-05-05 18:04:00,BNGO
5.73,5.73,5.72,5.72,1610,2021-05-05 18:05:00,BNGO
5.72,5.73,5.72,5.7215,15318,2021-05-05 18:06:00,BNGO
5.7211,5.73,5.71,5.7176,14654,2021-05-05 18:07:00,BNGO
5.715,5.715,5.7,5.705,22994,2021-05-05 18:08:00,BNGO
5.7,5.7182,5.7,5.705,27488,2021-05-05 18:09:00,BNGO
5.705,5.71,5.7,5.705,6938,2021-05-05 18:10:00,BNGO
5.7035,5.71,5.7,5.7099,17664,2021-05-05 18:11:00,BNGO
5.71,5.72,5.71,5.72,24813,2021-05-05 18:12:00,BNGO
5.72,5.72,5.7047,5.7047,9814,2021-05-05 18:13:00,BNGO
5.7,5.7275,5.7,5.72,28970,2021-05-05 18:14:00,BNGO
5.7228,5.725,5.71,5.72,11639,2021-05-05 18:15:00,BNGO
5.71,5.7107,5.7,5.7026,9313,2021-05-05 18:16:00,BNGO
5.7,5.71,5.69,5.7017,55163,2021-05-05 18:17:00,BNGO
5.7,5.71,5.7,5.705,9837,2021-05-05 18:18:00,BNGO
5.705,5.71,5.7,5.7,9016,2021-05-05 18:19:00,BNGO
5.7,5.7099,5.7,5.705,6032,2021-05-05 18:20:00,BNGO
5.705,5.71,5.7,5.7029,2791,2021-05-05 18:21:00,BNGO
5.7,5.71,5.6901,5.6901,13538,2021-05-05 18:22:00,BNGO
5.7,5.71,5.695,5.705,29342,2021-05-05 18:23:00,BNGO
5.71,5.72,5.7016,5.71,51821,2021-05-05 18:24:00,BNGO
5.7184,5.72,5.705,5.71,39759,2021-05-05 18:25:00,BNGO
5.705,5.71,5.7,5.7083,3099,2021-05-05 18:26:00,BNGO
5.705,5.72,5.7002,5.7199,14466,2021-05-05 18:27:00,BNGO
5.715,5.72,5.7001,5.71,12553,2021-05-05 18:28:00,BNGO
5.71,5.71,5.7,5.7,7388,2021-05-05 18:29:00,BNGO
5.7035,5.705,5.7,5.7029,4836,2021-05-05 18:30:00,BNGO
5.7,5.705,5.69,5.69,11939,2021-05-05 18:31:00,BNGO
5.69,5.7,5.6875,5.6939,51898,2021-05-05 18:32:00,BNGO
5.6936,5.705,5.69,5.705,23124,2021-05-05 18:33:00,BNGO
5.7098,5.7098,5.7,5.7012,7393,2021-05-05 18:34:00,BNGO
5.71,5.71,5.69,5.69,25226,2021-05-05 18:35:00,BNGO
5.695,5.705,5.69,5.6936,44210,2021-05-05 18:36:00,BNGO
5.69,5.695,5.69,5.6901,1405,2021-05-05 18:37:00,BNGO
5.695,5.7,5.685,5.69,26142,2021-05-05 18:38:00,BNGO
5.695,5.7,5.69,5.6909,7788,2021-05-05 18:39:00,BNGO
5.6944,5.709,5.69,5.7036,24042,2021-05-05 18:40:00,BNGO
5.7012,5.71,5.7,5.7001,4527,2021-05-05 18:41:00,BNGO
5.7,5.7083,5.69,5.69,9815,2021-05-05 18:42:00,BNGO
5.69,5.6998,5.685,5.6976,20856,2021-05-05 18:43:00,BNGO
5.6999,5.6999,5.68,5.69,17458,2021-05-05 18:44:00,BNGO
5.685,5.69,5.68,5.69,26874,2021-05-05 18:45:00,BNGO
5.6999,5.6999,5.685,5.685,5309,2021-05-05 18:46:00,BNGO
5.685,5.69,5.685,5.69,501,2021-05-05 18:47:00,BNGO
5.685,5.69,5.68,5.68,15995,2021-05-05 18:48:00,BNGO
5.69,5.71,5.69,5.7,31698,2021-05-05 18:49:00,BNGO
5.7,5.7,5.69,5.7,33231,2021-05-05 18:50:00,BNGO
5.6999,5.7,5.685,5.685,29199,2021-05-05 18:51:00,BNGO
5.685,5.69,5.68,5.685,8920,2021-05-05 18:52:00,BNGO
5.685,5.685,5.66,5.6722,95768,2021-05-05 18:53:00,BNGO
5.675,5.68,5.67,5.68,45906,2021-05-05 18:54:00,BNGO
5.68,5.68,5.67,5.675,30321,2021-05-05 18:55:00,BNGO
5.675,5.69,5.67,5.6837,29701,2021-05-05 18:56:00,BNGO
5.6844,5.69,5.675,5.675,41900,2021-05-05 18:57:00,BNGO
5.67,5.68,5.67,5.68,21964,2021-05-05 18:58:00,BNGO
5.67,5.67,5.65,5.655,116860,2021-05-05 18:59:00,BNGO
5.655,5.66,5.65,5.6518,25407,2021-05-05 19:00:00,BNGO
5.655,5.66,5.63,5.6379,58651,2021-05-05 19:01:00,BNGO
5.63,5.6379,5.61,5.6133,35200,2021-05-05 19:02:00,BNGO
5.6199,5.6296,5.61,5.625,38189,2021-05-05 19:03:00,BNGO
5.62,5.63,5.62,5.62,16284,2021-05-05 19:04:00,BNGO
5.62,5.66,5.62,5.66,69326,2021-05-05 19:05:00,BNGO
5.66,5.66,5.64,5.6496,43101,2021-05-05 19:06:00,BNGO
5.645,5.65,5.62,5.62,27953,2021-05-05 19:07:00,BNGO
5.63,5.64,5.62,5.62,14389,2021-05-05 19:08:00,BNGO
5.6208,5.625,5.61,5.6101,19029,2021-05-05 19:09:00,BNGO
5.615,5.62,5.6012,5.6075,27246,2021-05-05 19:10:00,BNGO
5.605,5.6251,5.605,5.61,29956,2021-05-05 19:11:00,BNGO
5.61,5.625,5.6015,5.61,39969,2021-05-05 19:12:00,BNGO
5.6099,5.61,5.57,5.605,174691,2021-05-05 19:13:00,BNGO
5.61,5.6108,5.5902,5.5902,27681,2021-05-05 19:14:00,BNGO
5.59,5.6,5.58,5.58,45546,2021-05-05 19:15:00,BNGO
5.58,5.61,5.58,5.605,27480,2021-05-05 19:16:00,BNGO
5.6,5.61,5.58,5.58,24344,2021-05-05 19:17:00,BNGO
5.58,5.59,5.58,5.5876,53038,2021-05-05 19:18:00,BNGO
5.585,5.59,5.57,5.5728,53869,2021-05-05 19:19:00,BNGO
5.5736,5.59,5.57,5.583,83810,2021-05-05 19:20:00,BNGO
5.59,5.61,5.58,5.604,109333,2021-05-05 19:21:00,BNGO
5.61,5.61,5.585,5.585,51790,2021-05-05 19:22:00,BNGO
5.59,5.59,5.5814,5.583,12362,2021-05-05 19:23:00,BNGO
5.5861,5.59,5.58,5.5898,30662,2021-05-05 19:24:00,BNGO
5.5843,5.59,5.56,5.56,31485,2021-05-05 19:25:00,BNGO
5.56,5.59,5.55,5.59,99286,2021-05-05 19:26:00,BNGO
5.58,5.5901,5.575,5.5901,38793,2021-05-05 19:27:00,BNGO
5.595,5.6,5.5899,5.59,48618,2021-05-05 19:28:00,BNGO
5.59,5.6,5.5876,5.595,19728,2021-05-05 19:29:00,BNGO
5.59,5.59,5.58,5.58,16525,2021-05-05 19:30:00,BNGO
5.585,5.6,5.58,5.595,63393,2021-05-05 19:31:00,BNGO
5.6,5.605,5.5848,5.59,88867,2021-05-05 19:32:00,BNGO
5.59,5.6099,5.585,5.6,65112,2021-05-05 19:33:00,BNGO
5.6,5.605,5.591,5.595,45187,2021-05-05 19:34:00,BNGO
5.595,5.6,5.59,5.595,13863,2021-05-05 19:35:00,BNGO
5.6,5.6,5.59,5.5907,17519,2021-05-05 19:36:00,BNGO
5.595,5.6,5.58,5.58,69322,2021-05-05 19:37:00,BNGO
5.585,5.61,5.585,5.61,45620,2021-05-05 19:38:00,BNGO
5.615,5.6178,5.59,5.5931,48615,2021-05-05 19:39:00,BNGO
5.5999,5.6,5.58,5.5955,77944,2021-05-05 19:40:00,BNGO
5.5942,5.61,5.59,5.6,28149,2021-05-05 19:41:00,BNGO
5.605,5.61,5.595,5.5999,19328,2021-05-05 19:42:00,BNGO
5.591,5.6,5.575,5.585,185451,2021-05-05 19:43:00,BNGO
5.58,5.595,5.58,5.585,108211,2021-05-05 19:44:00,BNGO
5.585,5.59,5.565,5.57,131548,2021-05-05 19:45:00,BNGO
5.575,5.58,5.57,5.57,32007,2021-05-05 19:46:00,BNGO
5.57,5.58,5.56,5.566,106460,2021-05-05 19:47:00,BNGO
5.565,5.57,5.52,5.5299,711963,2021-05-05 19:48:00,BNGO
5.525,5.56,5.525,5.53,115107,2021-05-05 19:49:00,BNGO
5.54,5.54,5.46,5.5209,960450,2021-05-05 19:50:00,BNGO
5.523,5.54,5.5,5.5043,177876,2021-05-05 19:51:00,BNGO
5.5,5.54,5.5,5.5359,85357,2021-05-05 19:52:00,BNGO
5.536,5.54,5.53,5.54,29829,2021-05-05 19:53:00,BNGO
5.53,5.55,5.53,5.54,96210,2021-05-05 19:54:00,BNGO
5.54,5.54,5.52,5.525,77621,2021-05-05 19:55:00,BNGO
5.525,5.5299,5.51,5.515,123805,2021-05-05 19:56:00,BNGO
5.515,5.53,5.505,5.51,161229,2021-05-05 19:57:00,BNGO
5.5101,5.53,5.505,5.525,218576,2021-05-05 19:58:00,BNGO
5.525,5.54,5.52,5.54,108393,2021-05-05 19:59:00,BNGO
5.54,5.55,5.54,5.55,129004,2021-05-05 20:00:00,BNGO
5.56,5.85,5.55,5.57,8539,2021-05-05 20:01:00,BNGO
5.57,5.57,5.54,5.54,16408,2021-05-05 20:02:00,BNGO
5.55,5.57,5.5499,5.56,11728,2021-05-05 20:03:00,BNGO
5.55,5.56,5.55,5.55,15223,2021-05-05 20:04:00,BNGO
5.55,5.55,5.54,5.55,1835,2021-05-05 20:05:00,BNGO
5.55,5.55,5.54,5.54,720,2021-05-05 20:06:00,BNGO
5.54,5.55,5.54,5.55,8796,2021-05-05 20:07:00,BNGO
5.55,5.56,5.55,5.56,6677,2021-05-05 20:08:00,BNGO
5.57,5.57,5.55,5.55,12930,2021-05-05 20:09:00,BNGO
5.55,5.55,5.55,5.55,2325,2021-05-05 20:10:00,BNGO
5.57,5.57,5.57,5.57,500,2021-05-05 20:11:00,BNGO
5.56,5.56,5.56,5.56,2912,2021-05-05 20:12:00,BNGO
5.57,5.57,5.56,5.56,6280,2021-05-05 20:13:00,BNGO
5.56,5.56,5.55,5.55,303,2021-05-05 20:14:00,BNGO
5.56,5.56,5.55,5.55,524,2021-05-05 20:15:00,BNGO
5.55,5.56,5.55,5.56,2715,2021-05-05 20:16:00,BNGO
5.55,5.55,5.55,5.55,2030,2021-05-05 20:17:00,BNGO
5.57,5.57,5.55,5.57,11225,2021-05-05 20:18:00,BNGO
5.56,5.56,5.55,5.55,369,2021-05-05 20:19:00,BNGO
5.55,5.55,5.54,5.54,4381,2021-05-05 20:20:00,BNGO
5.55,5.55,5.55,5.55,2722,2021-05-05 20:21:00,BNGO
5.56,5.56,5.55,5.55,2290,2021-05-05 20:22:00,BNGO
5.56,5.56,5.56,5.56,6320,2021-05-05 20:23:00,BNGO
5.55,5.56,5.55,5.56,1550,2021-05-05 20:24:00,BNGO
5.55,5.56,5.55,5.55,41600,2021-05-05 20:25:00,BNGO
5.54,5.54,5.5,5.5,4233,2021-05-05 20:26:00,BNGO
5.5,5.52,5.5,5.5,2502,2021-05-05 20:27:00,BNGO
5.5,5.52,5.5,5.51,3432,2021-05-05 20:28:00,BNGO
5.52,5.54,5.52,5.52,1817,2021-05-05 20:29:00,BNGO
5.52,5.55,5.51,5.51,3343,2021-05-05 20:30:00,BNGO
5.51,5.51,5.5,5.5,715,2021-05-05 20:31:00,BNGO
5.54,5.54,5.5,5.5,300,2021-05-05 20:32:00,BNGO
5.53,5.55,5.53,5.55,500,2021-05-05 20:33:00,BNGO
5.539,5.54,5.53,5.54,1759,2021-05-05 20:34:00,BNGO
5.54,5.54,5.54,5.54,350,2021-05-05 20:35:00,BNGO
5.54,5.54,5.54,5.54,1330,2021-05-05 20:36:00,BNGO
5.5214,5.5214,5.52,5.5212,650,2021-05-05 20:38:00,BNGO
5.5217,5.54,5.52,5.54,2942,2021-05-05 20:39:00,BNGO
5.54,5.54,5.54,5.54,200,2021-05-05 20:40:00,BNGO
5.54,5.54,5.54,5.54,1450,2021-05-05 20:41:00,BNGO
5.54,5.54,5.52,5.52,5298,2021-05-05 20:43:00,BNGO
5.54,5.54,5.5,5.5,496,2021-05-05 20:44:00,BNGO
5.5,5.54,5.5,5.54,1239,2021-05-05 20:45:00,BNGO
5.52,5.52,5.52,5.52,500,2021-05-05 20:46:00,BNGO
5.52,5.52,5.52,5.52,478,2021-05-05 20:47:00,BNGO
5.52,5.54,5.52,5.52,1928,2021-05-05 20:48:00,BNGO
5.53,5.54,5.53,5.53,1280,2021-05-05 20:49:00,BNGO
5.53,5.53,5.52,5.52,1000,2021-05-05 20:50:00,BNGO
5.52,5.52,5.5,5.5,10361,2021-05-05 20:51:00,BNGO
5.5,5.51,5.5,5.51,8145,2021-05-05 20:52:00,BNGO
5.51,5.51,5.5,5.51,2688,2021-05-05 20:53:00,BNGO
5.5195,5.52,5.5,5.52,995,2021-05-05 20:54:00,BNGO
5.5399,5.54,5.5399,5.54,600,2021-05-05 20:55:00,BNGO
5.54,5.54,5.5,5.54,1764,2021-05-05 20:56:00,BNGO
5.5,5.5,5.5,5.5,100,2021-05-05 20:57:00,BNGO
5.51,5.51,5.51,5.51,252,2021-05-05 20:58:00,BNGO
5.5101,5.53,5.5101,5.52,4292,2021-05-05 21:00:00,BNGO
5.53,5.53,5.53,5.53,10180,2021-05-05 21:01:00,BNGO
5.53,5.53,5.52,5.52,350,2021-05-05 21:02:00,BNGO
5.53,5.53,5.53,5.53,100,2021-05-05 21:04:00,BNGO
5.53,5.54,5.53,5.53,2200,2021-05-05 21:06:00,BNGO
5.5399,5.5399,5.5399,5.5399,2645,2021-05-05 21:07:00,BNGO
5.54,5.54,5.54,5.54,100,2021-05-05 21:08:00,BNGO
5.54,5.54,5.53,5.53,1175,2021-05-05 21:09:00,BNGO
5.54,5.54,5.54,5.54,150,2021-05-05 21:10:00,BNGO
5.54,5.54,5.54,5.54,500,2021-05-05 21:11:00,BNGO
5.54,5.54,5.54,5.54,200,2021-05-05 21:12:00,BNGO
5.54,5.55,5.54,5.54,2009,2021-05-05 21:13:00,BNGO
5.55,5.56,5.55,5.56,470,2021-05-05 21:14:00,BNGO
5.56,5.56,5.55,5.55,5919,2021-05-05 21:16:00,BNGO
5.56,5.56,5.56,5.56,721,2021-05-05 21:18:00,BNGO
5.56,5.56,5.56,5.56,1938,2021-05-05 21:19:00,BNGO
5.56,5.56,5.56,5.56,100,2021-05-05 21:20:00,BNGO
5.59,5.59,5.59,5.59,100,2021-05-05 21:21:00,BNGO
5.59,5.59,5.59,5.59,132,2021-05-05 21:23:00,BNGO
5.59,5.59,5.59,5.59,1117,2021-05-05 21:24:00,BNGO
5.58,5.58,5.58,5.58,1150,2021-05-05 21:25:00,BNGO
5.58,5.58,5.58,5.58,2000,2021-05-05 21:26:00,BNGO
5.58,5.59,5.57,5.57,779,2021-05-05 21:27:00,BNGO
5.58,5.6,5.58,5.6,4946,2021-05-05 21:28:00,BNGO
5.6,5.6,5.59,5.59,6050,2021-05-05 21:29:00,BNGO
5.59,5.59,5.58,5.58,664,2021-05-05 21:31:00,BNGO
5.59,5.59,5.59,5.59,428,2021-05-05 21:32:00,BNGO
5.6,5.6,5.6,5.6,337,2021-05-05 21:33:00,BNGO
5.59,5.6,5.59,5.6,3349,2021-05-05 21:34:00,BNGO
5.6,5.6,5.6,5.6,100,2021-05-05 21:35:00,BNGO
5.6,5.6,5.6,5.6,100,2021-05-05 21:36:00,BNGO
5.56,5.6,5.56,5.6,228,2021-05-05 21:37:00,BNGO
5.5606,5.5606,5.56,5.56,494,2021-05-05 21:38:00,BNGO
5.58,5.58,5.58,5.58,1000,2021-05-05 21:40:00,BNGO
5.59,5.59,5.58,5.58,773,2021-05-05 21:41:00,BNGO
5.6,5.6,5.58,5.58,640,2021-05-05 21:43:00,BNGO
5.58,5.58,5.58,5.58,230,2021-05-05 21:44:00,BNGO
5.58,5.58,5.58,5.58,100,2021-05-05 21:45:00,BNGO
5.5701,5.5701,5.57,5.57,2032,2021-05-05 21:46:00,BNGO
5.56,5.56,5.56,5.56,750,2021-05-05 21:47:00,BNGO
5.56,5.56,5.56,5.56,294,2021-05-05 21:48:00,BNGO
5.57,5.57,5.57,5.57,600,2021-05-05 21:49:00,BNGO
5.56,5.56,5.56,5.56,372,2021-05-05 21:50:00,BNGO
5.5601,5.57,5.5601,5.57,550,2021-05-05 21:51:00,BNGO
5.56,5.56,5.56,5.56,1750,2021-05-05 21:52:00,BNGO
5.55,5.55,5.55,5.55,500,2021-05-05 21:54:00,BNGO
5.55,5.55,5.55,5.55,160,2021-05-05 21:55:00,BNGO
5.56,5.56,5.56,5.56,184,2021-05-05 21:56:00,BNGO
5.56,5.56,5.55,5.55,5100,2021-05-05 21:58:00,BNGO
5.56,5.56,5.55,5.55,754,2021-05-05 21:59:00,BNGO
5.56,5.56,5.56,5.56,176,2021-05-05 22:00:00,BNGO
5.55,5.56,5.55,5.56,2330,2021-05-05 22:01:00,BNGO
5.55,5.55,5.55,5.55,187,2021-05-05 22:04:00,BNGO
5.54,5.54,5.54,5.54,922,2021-05-05 22:05:00,BNGO
5.55,5.55,5.55,5.55,100,2021-05-05 22:07:00,BNGO
5.55,5.55,5.55,5.55,250,2021-05-05 22:12:00,BNGO
5.54,5.54,5.54,5.54,100,2021-05-05 22:14:00,BNGO
5.54,5.54,5.54,5.54,939,2021-05-05 22:15:00,BNGO
5.54,5.54,5.54,5.54,1219,2021-05-05 22:16:00,BNGO
5.53,5.53,5.53,5.53,100,2021-05-05 22:17:00,BNGO
5.53,5.53,5.53,5.53,400,2021-05-05 22:19:00,BNGO
5.51,5.51,5.51,5.51,100,2021-05-05 22:22:00,BNGO
5.53,5.53,5.53,5.53,100,2021-05-05 22:25:00,BNGO
5.53,5.53,5.53,5.53,100,2021-05-05 22:26:00,BNGO
5.52,5.52,5.52,5.52,100,2021-05-05 22:27:00,BNGO
5.53,5.53,5.53,5.53,100,2021-05-05 22:28:00,BNGO
5.5299,5.5299,5.5299,5.5299,1180,2021-05-05 22:29:00,BNGO
5.52,5.52,5.52,5.52,3005,2021-05-05 22:31:00,BNGO
5.52,5.53,5.52,5.53,459,2021-05-05 22:32:00,BNGO
5.53,5.53,5.51,5.51,436,2021-05-05 22:35:00,BNGO
5.53,5.53,5.51,5.51,725,2021-05-05 22:38:00,BNGO
5.51,5.51,5.51,5.51,200,2021-05-05 22:41:00,BNGO
5.56,5.56,5.56,5.56,144,2021-05-05 22:42:00,BNGO
5.58,5.58,5.57,5.57,4278,2021-05-05 22:45:00,BNGO
5.51,5.51,5.51,5.51,1000,2021-05-05 22:47:00,BNGO
5.56,5.56,5.52,5.52,300,2021-05-05 22:48:00,BNGO
5.54,5.54,5.54,5.54,290,2021-05-05 22:49:00,BNGO
5.54,5.54,5.54,5.54,200,2021-05-05 22:50:00,BNGO
5.56,5.56,5.56,5.56,631,2021-05-05 22:51:00,BNGO
5.54,5.54,5.54,5.54,280,2021-05-05 22:52:00,BNGO
5.56,5.56,5.52,5.52,1040,2021-05-05 22:53:00,BNGO
5.55,5.55,5.55,5.55,214,2021-05-05 22:54:00,BNGO
5.55,5.55,5.55,5.55,300,2021-05-05 22:58:00,BNGO
5.55,5.55,5.55,5.55,139,2021-05-05 22:59:00,BNGO
5.53,5.53,5.53,5.53,300,2021-05-05 23:06:00,BNGO
5.52,5.52,5.52,5.52,300,2021-05-05 23:07:00,BNGO
5.51,5.51,5.51,5.51,1786,2021-05-05 23:08:00,BNGO
5.5,5.51,5.5,5.51,1495,2021-05-05 23:09:00,BNGO
5.51,5.51,5.5,5.51,1400,2021-05-05 23:10:00,BNGO
5.51,5.51,5.5,5.5,1216,2021-05-05 23:11:00,BNGO
5.5,5.5,5.5,5.5,150,2021-05-05 23:12:00,BNGO
5.5,5.5,5.5,5.5,112,2021-05-05 23:17:00,BNGO
5.51,5.51,5.51,5.51,310,2021-05-05 23:18:00,BNGO
5.51,5.51,5.5,5.5,1001,2021-05-05 23:20:00,BNGO
5.5,5.5,5.5,5.5,100,2021-05-05 23:21:00,BNGO
5.54,5.54,5.5,5.5,220,2021-05-05 23:22:00,BNGO
5.5,5.5,5.5,5.5,2057,2021-05-05 23:23:00,BNGO
5.49,5.49,5.49,5.49,700,2021-05-05 23:24:00,BNGO
5.5,5.5,5.5,5.5,225,2021-05-05 23:26:00,BNGO
5.49,5.49,5.49,5.49,195,2021-05-05 23:28:00,BNGO
5.49,5.49,5.49,5.49,150,2021-05-05 23:29:00,BNGO
5.5,5.5,5.5,5.5,100,2021-05-05 23:31:00,BNGO
5.5,5.5,5.49,5.49,848,2021-05-05 23:32:00,BNGO
5.5,5.5,5.5,5.5,200,2021-05-05 23:35:00,BNGO
5.54,5.5699,5.52,5.5699,1637,2021-05-05 23:38:00,BNGO
5.57,5.57,5.57,5.57,716,2021-05-05 23:40:00,BNGO
5.59,5.59,5.59,5.59,200,2021-05-05 23:42:00,BNGO
5.57,5.57,5.57,5.57,4135,2021-05-05 23:44:00,BNGO
5.51,5.57,5.51,5.57,593,2021-05-05 23:45:00,BNGO
5.55,5.55,5.55,5.55,182,2021-05-05 23:49:00,BNGO
5.53,5.53,5.51,5.51,220,2021-05-05 23:50:00,BNGO
5.51,5.51,5.51,5.51,1000,2021-05-05 23:54:00,BNGO
5.53,5.53,5.53,5.53,247,2021-05-05 23:56:00,BNGO
5.51,5.51,5.51,5.51,1000,2021-05-05 23:57:00,BNGO
5.55,5.55,5.51,5.51,1731,2021-05-05 23:58:00,BNGO
5.51,5.51,5.51,5.51,350,2021-05-05 23:59:00,BNGO
5.54,5.54,5.54,5.54,100,2021-05-06 08:01:00,BNGO
5.56,5.56,5.48,5.48,1100,2021-05-06 08:02:00,BNGO
5.48,5.58,5.47,5.47,800,2021-05-06 08:03:00,BNGO
5.46,5.47,5.45,5.47,1786,2021-05-06 08:04:00,BNGO
5.47,5.47,5.47,5.47,200,2021-05-06 08:05:00,BNGO
5.47,5.47,5.47,5.47,100,2021-05-06 08:06:00,BNGO
5.43,5.43,5.43,5.43,100,2021-05-06 08:07:00,BNGO
5.56,5.56,5.43,5.43,1700,2021-05-06 08:08:00,BNGO
5.43,5.43,5.43,5.43,587,2021-05-06 08:09:00,BNGO
5.43,5.43,5.42,5.42,200,2021-05-06 08:10:00,BNGO
5.42,5.42,5.42,5.42,300,2021-05-06 08:11:00,BNGO
5.42,5.43,5.41,5.41,7034,2021-05-06 08:12:00,BNGO
5.42,5.42,5.41,5.41,936,2021-05-06 08:13:00,BNGO
5.42,5.42,5.42,5.42,500,2021-05-06 08:14:00,BNGO
5.46,5.46,5.46,5.46,557,2021-05-06 08:16:00,BNGO
5.45,5.45,5.45,5.45,100,2021-05-06 08:18:00,BNGO
5.45,5.45,5.44,5.45,610,2021-05-06 08:19:00,BNGO
5.48,5.48,5.48,5.48,241,2021-05-06 08:23:00,BNGO
5.51,5.51,5.51,5.51,1000,2021-05-06 08:29:00,BNGO
5.5,5.5,5.5,5.5,200,2021-05-06 08:33:00,BNGO
5.5,5.5,5.5,5.5,130,2021-05-06 08:34:00,BNGO
5.49,5.49,5.49,5.49,404,2021-05-06 08:35:00,BNGO
5.49,5.49,5.45,5.45,3842,2021-05-06 08:37:00,BNGO
5.45,5.45,5.45,5.45,1294,2021-05-06 08:38:00,BNGO
5.45,5.45,5.45,5.45,437,2021-05-06 08:48:00,BNGO
5.48,5.49,5.48,5.49,2480,2021-05-06 08:51:00,BNGO
5.48,5.48,5.48,5.48,200,2021-05-06 08:52:00,BNGO
5.48,5.48,5.48,5.48,325,2021-05-06 08:53:00,BNGO
5.48,5.48,5.48,5.48,100,2021-05-06 08:55:00,BNGO
5.48,5.48,5.48,5.48,400,2021-05-06 08:56:00,BNGO
5.5,5.5,5.5,5.5,180,2021-05-06 09:01:00,BNGO
5.48,5.49,5.48,5.49,291,2021-05-06 09:07:00,BNGO
5.51,5.51,5.51,5.51,1148,2021-05-06 09:14:00,BNGO
5.5,5.5,5.5,5.5,158,2021-05-06 09:16:00,BNGO
5.5,5.5,5.5,5.5,120,2021-05-06 09:17:00,BNGO
5.55,5.55,5.55,5.55,200,2021-05-06 09:39:00,BNGO
5.55,5.55,5.55,5.55,239,2021-05-06 09:54:00,BNGO
5.54,5.55,5.54,5.54,963,2021-05-06 10:02:00,BNGO
5.55,5.55,5.54,5.55,397,2021-05-06 10:03:00,BNGO
5.51,5.55,5.5,5.51,1165,2021-05-06 10:05:00,BNGO
5.55,5.55,5.55,5.55,1000,2021-05-06 10:18:00,BNGO
5.51,5.55,5.51,5.55,292,2021-05-06 10:20:00,BNGO
5.54,5.55,5.54,5.55,566,2021-05-06 10:23:00,BNGO
5.52,5.52,5.52,5.52,100,2021-05-06 10:29:00,BNGO
5.52,5.52,5.52,5.52,125,2021-05-06 10:31:00,BNGO
5.52,5.52,5.52,5.52,140,2021-05-06 10:34:00,BNGO
5.52,5.52,5.52,5.52,200,2021-05-06 10:38:00,BNGO
5.51,5.51,5.51,5.51,717,2021-05-06 10:55:00,BNGO
5.52,5.52,5.52,5.52,100,2021-05-06 10:59:00,BNGO
5.52,5.52,5.52,5.52,100,2021-05-06 11:00:00,BNGO
5.53,5.53,5.53,5.53,378,2021-05-06 11:03:00,BNGO
5.53,5.53,5.53,5.53,242,2021-05-06 11:05:00,BNGO
5.53,5.53,5.53,5.53,255,2021-05-06 11:07:00,BNGO
5.54,5.54,5.54,5.54,1279,2021-05-06 11:15:00,BNGO
5.54,5.54,5.54,5.54,500,2021-05-06 11:18:00,BNGO
5.54,5.54,5.54,5.54,400,2021-05-06 11:21:00,BNGO
5.53,5.53,5.53,5.53,100,2021-05-06 11:22:00,BNGO
5.52,5.52,5.52,5.52,200,2021-05-06 11:28:00,BNGO
5.53,5.53,5.53,5.53,2940,2021-05-06 11:29:00,BNGO
5.52,5.52,5.5,5.5,2841,2021-05-06 11:32:00,BNGO
5.5,5.5,5.5,5.5,740,2021-05-06 11:33:00,BNGO
5.51,5.51,5.51,5.51,100,2021-05-06 11:35:00,BNGO
5.5,5.5,5.5,5.5,169,2021-05-06 11:36:00,BNGO
5.49,5.49,5.49,5.49,400,2021-05-06 11:40:00,BNGO
5.49,5.49,5.49,5.49,100,2021-05-06 11:41:00,BNGO
5.49,5.49,5.48,5.49,1504,2021-05-06 11:43:00,BNGO
5.49,5.49,5.47,5.47,332,2021-05-06 11:44:00,BNGO
5.47,5.47,5.47,5.47,600,2021-05-06 11:47:00,BNGO
5.47,5.47,5.47,5.47,676,2021-05-06 11:48:00,BNGO
5.46,5.46,5.46,5.46,600,2021-05-06 11:50:00,BNGO
5.47,5.47,5.46,5.46,700,2021-05-06 11:52:00,BNGO
5.46,5.46,5.46,5.46,100,2021-05-06 11:55:00,BNGO
5.46,5.47,5.46,5.46,3400,2021-05-06 11:56:00,BNGO
5.46,5.46,5.45,5.45,1200,2021-05-06 11:57:00,BNGO
5.46,5.46,5.46,5.46,100,2021-05-06 11:59:00,BNGO
5.46,5.46,5.46,5.46,3600,2021-05-06 12:01:00,BNGO
5.4501,5.4501,5.45,5.45,3152,2021-05-06 12:02:00,BNGO
5.46,5.46,5.4599,5.46,4000,2021-05-06 12:03:00,BNGO
5.45,5.4501,5.45,5.45,450,2021-05-06 12:04:00,BNGO
5.46,5.46,5.45,5.46,8800,2021-05-06 12:05:00,BNGO
5.46,5.46,5.46,5.46,100,2021-05-06 12:06:00,BNGO
5.45,5.46,5.45,5.46,550,2021-05-06 12:07:00,BNGO
5.46,5.46,5.45,5.45,800,2021-05-06 12:08:00,BNGO
5.46,5.49,5.46,5.47,4779,2021-05-06 12:09:00,BNGO
5.47,5.49,5.47,5.49,782,2021-05-06 12:10:00,BNGO
5.49,5.49,5.47,5.49,2500,2021-05-06 12:11:00,BNGO
5.48,5.48,5.48,5.48,100,2021-05-06 12:12:00,BNGO
5.48,5.48,5.4701,5.4701,2100,2021-05-06 12:13:00,BNGO
5.47,5.47,5.47,5.47,6198,2021-05-06 12:14:00,BNGO
5.48,5.48,5.47,5.47,2300,2021-05-06 12:15:00,BNGO
5.4699,5.4699,5.4699,5.4699,500,2021-05-06 12:16:00,BNGO
5.47,5.47,5.47,5.47,100,2021-05-06 12:17:00,BNGO
5.47,5.47,5.47,5.47,480,2021-05-06 12:18:00,BNGO
5.46,5.47,5.46,5.47,600,2021-05-06 12:19:00,BNGO
5.46,5.46,5.46,5.46,500,2021-05-06 12:20:00,BNGO
5.47,5.47,5.47,5.47,100,2021-05-06 12:21:00,BNGO
5.46,5.47,5.46,5.46,4500,2021-05-06 12:22:00,BNGO
5.46,5.46,5.45,5.45,870,2021-05-06 12:23:00,BNGO
5.45,5.45,5.45,5.45,9825,2021-05-06 12:24:00,BNGO
5.46,5.46,5.46,5.46,580,2021-05-06 12:27:00,BNGO
5.46,5.47,5.46,5.47,600,2021-05-06 12:28:00,BNGO
5.46,5.47,5.46,5.47,1250,2021-05-06 12:29:00,BNGO
5.47,5.47,5.47,5.47,100,2021-05-06 12:30:00,BNGO
5.47,5.47,5.46,5.4601,983,2021-05-06 12:31:00,BNGO
5.47,5.47,5.46,5.46,350,2021-05-06 12:32:00,BNGO
5.46,5.46,5.46,5.46,200,2021-05-06 12:33:00,BNGO
5.45,5.46,5.45,5.46,4800,2021-05-06 12:34:00,BNGO
5.45,5.45,5.45,5.45,321,2021-05-06 12:35:00,BNGO
5.45,5.46,5.45,5.46,1699,2021-05-06 12:36:00,BNGO
5.45,5.45,5.45,5.45,1191,2021-05-06 12:37:00,BNGO
5.45,5.46,5.45,5.46,2650,2021-05-06 12:38:00,BNGO
5.45,5.45,5.45,5.45,200,2021-05-06 12:39:00,BNGO
5.45,5.45,5.45,5.45,1972,2021-05-06 12:40:00,BNGO
5.45,5.45,5.44,5.44,400,2021-05-06 12:41:00,BNGO
5.44,5.44,5.43,5.43,4700,2021-05-06 12:42:00,BNGO
5.44,5.44,5.44,5.44,1089,2021-05-06 12:43:00,BNGO
5.44,5.44,5.44,5.44,758,2021-05-06 12:45:00,BNGO
5.44,5.44,5.43,5.44,1815,2021-05-06 12:48:00,BNGO
5.44,5.44,5.44,5.44,1000,2021-05-06 12:49:00,BNGO
5.44,5.44,5.4399,5.44,997,2021-05-06 12:51:00,BNGO
5.43,5.43,5.43,5.43,2170,2021-05-06 12:52:00,BNGO
5.43,5.4301,5.43,5.4301,9166,2021-05-06 12:53:00,BNGO
5.43,5.4399,5.43,5.43,2100,2021-05-06 12:54:00,BNGO
5.43,5.44,5.43,5.44,1000,2021-05-06 12:55:00,BNGO
5.44,5.44,5.4399,5.4399,300,2021-05-06 12:56:00,BNGO
5.44,5.44,5.44,5.44,2300,2021-05-06 12:57:00,BNGO
5.44,5.44,5.43,5.44,5815,2021-05-06 12:58:00,BNGO
5.44,5.44,5.43,5.43,1370,2021-05-06 12:59:00,BNGO
5.43,5.43,5.4225,5.4225,600,2021-05-06 13:00:00,BNGO
5.42,5.42,5.41,5.41,9695,2021-05-06 13:01:00,BNGO
5.41,5.42,5.41,5.41,3549,2021-05-06 13:02:00,BNGO
5.4199,5.42,5.4199,5.42,800,2021-05-06 13:03:00,BNGO
5.42,5.42,5.42,5.42,1200,2021-05-06 13:04:00,BNGO
5.4101,5.4101,5.41,5.41,5970,2021-05-06 13:05:00,BNGO
5.41,5.42,5.41,5.42,13182,2021-05-06 13:06:00,BNGO
5.41,5.41,5.41,5.41,2500,2021-05-06 13:07:00,BNGO
5.41,5.41,5.41,5.41,760,2021-05-06 13:08:00,BNGO
5.41,5.41,5.41,5.41,2096,2021-05-06 13:09:00,BNGO
5.41,5.41,5.41,5.41,1285,2021-05-06 13:10:00,BNGO
5.42,5.42,5.41,5.42,648,2021-05-06 13:11:00,BNGO
5.41,5.42,5.41,5.42,5282,2021-05-06 13:12:00,BNGO
5.42,5.43,5.42,5.43,5750,2021-05-06 13:13:00,BNGO
5.4299,5.44,5.4299,5.44,943,2021-05-06 13:15:00,BNGO
5.42,5.43,5.4,5.41,4750,2021-05-06 13:16:00,BNGO
5.41,5.41,5.25,5.3502,33868,2021-05-06 13:17:00,BNGO
5.37,5.37,5.35,5.36,2106,2021-05-06 13:18:00,BNGO
5.36,5.41,5.36,5.41,9238,2021-05-06 13:19:00,BNGO
5.41,5.43,5.41,5.43,3277,2021-05-06 13:20:00,BNGO
5.41,5.43,5.41,5.42,1895,2021-05-06 13:21:00,BNGO
5.42,5.42,5.4,5.4,3102,2021-05-06 13:22:00,BNGO
5.4,5.41,5.4,5.41,1922,2021-05-06 13:23:00,BNGO
5.41,5.41,5.41,5.41,635,2021-05-06 13:24:00,BNGO
5.41,5.41,5.4,5.4,2618,2021-05-06 13:25:00,BNGO
5.39,5.4,5.39,5.39,31962,2021-05-06 13:26:00,BNGO
5.4,5.4,5.4,5.4,5150,2021-05-06 13:27:00,BNGO
5.4,5.42,5.4,5.41,1648,2021-05-06 13:28:00,BNGO
5.42,5.42,5.39,5.4,8732,2021-05-06 13:29:00,BNGO
5.4,5.405,5.32,5.4,307683,2021-05-06 13:30:00,BNGO
5.4,5.4,5.32,5.3317,136613,2021-05-06 13:31:00,BNGO
5.3399,5.37,5.2901,5.3556,265160,2021-05-06 13:32:00,BNGO
5.346,5.375,5.3201,5.3542,149949,2021-05-06 13:33:00,BNGO
5.36,5.37,5.3258,5.35,84316,2021-05-06 13:34:00,BNGO
5.345,5.43,5.3447,5.43,192980,2021-05-06 13:35:00,BNGO
5.425,5.47,5.425,5.45,106604,2021-05-06 13:36:00,BNGO
5.46,5.53,5.4518,5.53,95257,2021-05-06 13:37:00,BNGO
5.5301,5.55,5.485,5.5,182103,2021-05-06 13:38:00,BNGO
5.505,5.515,5.47,5.5,55306,2021-05-06 13:39:00,BNGO
5.49,5.5194,5.48,5.51,50313,2021-05-06 13:40:00,BNGO
5.5002,5.5197,5.47,5.4899,48558,2021-05-06 13:41:00,BNGO
5.485,5.485,5.44,5.455,47274,2021-05-06 13:42:00,BNGO
5.4546,5.465,5.42,5.443,54190,2021-05-06 13:43:00,BNGO
5.45,5.467,5.42,5.4611,53346,2021-05-06 13:44:00,BNGO
5.46,5.46,5.42,5.42,38337,2021-05-06 13:45:00,BNGO
5.425,5.4735,5.425,5.461,37443,2021-05-06 13:46:00,BNGO
5.465,5.475,5.42,5.4399,51383,2021-05-06 13:47:00,BNGO
5.44,5.4438,5.41,5.4392,55967,2021-05-06 13:48:00,BNGO
5.44,5.46,5.4289,5.4334,39378,2021-05-06 13:49:00,BNGO
5.4305,5.455,5.42,5.44,38094,2021-05-06 13:50:00,BNGO
5.44,5.4899,5.44,5.4709,144378,2021-05-06 13:51:00,BNGO
5.475,5.4899,5.475,5.48,33591,2021-05-06 13:52:00,BNGO
5.48,5.4808,5.4401,5.4401,24228,2021-05-06 13:53:00,BNGO
5.44,5.44,5.4156,5.4156,55523,2021-05-06 13:54:00,BNGO
5.415,5.425,5.4,5.4201,74513,2021-05-06 13:55:00,BNGO
5.4201,5.43,5.4,5.4194,28456,2021-05-06 13:56:00,BNGO
5.42,5.4201,5.382,5.3861,60989,2021-05-06 13:57:00,BNGO
5.387,5.387,5.36,5.36,61307,2021-05-06 13:58:00,BNGO
5.37,5.37,5.32,5.32,114592,2021-05-06 13:59:00,BNGO
5.3123,5.36,5.3123,5.34,74797,2021-05-06 14:00:00,BNGO
5.33,5.3399,5.29,5.2901,164092,2021-05-06 14:01:00,BNGO
5.291,5.33,5.291,5.3201,38512,2021-05-06 14:02:00,BNGO
5.325,5.33,5.3,5.301,66689,2021-05-06 14:03:00,BNGO
5.3,5.32,5.2907,5.3196,100948,2021-05-06 14:04:00,BNGO
5.31,5.32,5.26,5.27,129417,2021-05-06 14:05:00,BNGO
5.27,5.28,5.26,5.2665,113935,2021-05-06 14:06:00,BNGO
5.265,5.2883,5.26,5.27,77665,2021-05-06 14:07:00,BNGO
5.275,5.28,5.25,5.265,97492,2021-05-06 14:08:00,BNGO
5.2669,5.28,5.24,5.24,209756,2021-05-06 14:09:00,BNGO
5.24,5.28,5.23,5.25,138289,2021-05-06 14:10:00,BNGO
5.245,5.29,5.2447,5.28,82307,2021-05-06 14:11:00,BNGO
5.2799,5.2881,5.25,5.2881,53885,2021-05-06 14:12:00,BNGO
5.285,5.29,5.27,5.27,36823,2021-05-06 14:13:00,BNGO
5.27,5.28,5.26,5.2659,59842,2021-05-06 14:14:00,BNGO
5.2685,5.28,5.265,5.275,29151,2021-05-06 14:15:00,BNGO
5.27,5.3,5.26,5.26,82142,2021-05-06 14:16:00,BNGO
5.27,5.27,5.25,5.26,47747,2021-05-06 14:17:00,BNGO
5.2536,5.2599,5.21,5.2198,65497,2021-05-06 14:18:00,BNGO
5.22,5.22,5.2,5.215,71425,2021-05-06 14:19:00,BNGO
5.2105,5.22,5.17,5.185,177941,2021-05-06 14:20:00,BNGO
5.1894,5.19,5.16,5.1851,194256,2021-05-06 14:21:00,BNGO
5.1801,5.2,5.18,5.1928,95533,2021-05-06 14:22:00,BNGO
5.1996,5.215,5.1815,5.2,145665,2021-05-06 14:23:00,BNGO
5.209,5.22,5.193,5.2194,55236,2021-05-06 14:24:00,BNGO
5.22,5.22,5.19,5.205,54989,2021-05-06 14:25:00,BNGO
5.21,5.2294,5.21,5.22,54255,2021-05-06 14:26:00,BNGO
5.21,5.22,5.2,5.2014,38527,2021-05-06 14:27:00,BNGO
5.21,5.23,5.2,5.2284,90329,2021-05-06 14:28:00,BNGO
5.23,5.24,5.21,5.22,59377,2021-05-06 14:29:00,BNGO
5.21,5.24,5.21,5.24,35111,2021-05-06 14:30:00,BNGO
5.23,5.23,5.22,5.23,27876,2021-05-06 14:31:00,BNGO
5.225,5.23,5.21,5.2107,51208,2021-05-06 14:32:00,BNGO
5.2107,5.22,5.2,5.21,65530,2021-05-06 14:33:00,BNGO
5.21,5.22,5.2,5.2199,23982,2021-05-06 14:34:00,BNGO
5.215,5.24,5.21,5.2309,56349,2021-05-06 14:35:00,BNGO
5.23,5.26,5.23,5.26,51792,2021-05-06 14:36:00,BNGO
5.2576,5.27,5.25,5.2603,58265,2021-05-06 14:37:00,BNGO
5.265,5.27,5.26,5.265,65677,2021-05-06 14:38:00,BNGO
5.2656,5.28,5.26,5.2749,53761,2021-05-06 14:39:00,BNGO
5.27,5.29,5.27,5.29,31545,2021-05-06 14:40:00,BNGO
5.2895,5.3,5.28,5.2977,68306,2021-05-06 14:41:00,BNGO
5.2977,5.3,5.2801,5.2843,37845,2021-05-06 14:42:00,BNGO
5.2805,5.285,5.26,5.2611,92216,2021-05-06 14:43:00,BNGO
5.2617,5.27,5.25,5.265,47744,2021-05-06 14:44:00,BNGO
5.2621,5.2888,5.2621,5.28,21366,2021-05-06 14:45:00,BNGO
5.27,5.28,5.2695,5.275,15181,2021-05-06 14:46:00,BNGO
5.27,5.27,5.25,5.2541,29038,2021-05-06 14:47:00,BNGO
5.2517,5.2577,5.24,5.25,45737,2021-05-06 14:48:00,BNGO
5.26,5.26,5.22,5.2251,42033,2021-05-06 14:49:00,BNGO
5.2255,5.25,5.22,5.2401,47385,2021-05-06 14:50:00,BNGO
5.25,5.27,5.25,5.265,155500,2021-05-06 14:51:00,BNGO
5.262,5.28,5.2611,5.27,50327,2021-05-06 14:52:00,BNGO
5.27,5.28,5.26,5.275,24489,2021-05-06 14:53:00,BNGO
5.275,5.28,5.27,5.28,7384,2021-05-06 14:54:00,BNGO
5.2795,5.28,5.26,5.27,24724,2021-05-06 14:55:00,BNGO
5.27,5.27,5.25,5.2543,30172,2021-05-06 14:56:00,BNGO
5.2556,5.2599,5.23,5.2301,42496,2021-05-06 14:57:00,BNGO
5.2395,5.25,5.2301,5.2499,22461,2021-05-06 14:58:00,BNGO
5.24,5.259,5.24,5.2524,34557,2021-05-06 14:59:00,BNGO
5.26,5.26,5.24,5.25,26439,2021-05-06 15:00:00,BNGO
5.26,5.26,5.2258,5.2258,47072,2021-05-06 15:01:00,BNGO
5.23,5.23,5.2,5.201,62170,2021-05-06 15:02:00,BNGO
5.21,5.21,5.19,5.205,96246,2021-05-06 15:03:00,BNGO
5.209,5.225,5.2,5.21,54327,2021-05-06 15:04:00,BNGO
5.21,5.21,5.18,5.19,41944,2021-05-06 15:05:00,BNGO
5.1878,5.19,5.17,5.18,63440,2021-05-06 15:06:00,BNGO
5.1723,5.18,5.12,5.145,382408,2021-05-06 15:07:00,BNGO
5.1447,5.15,5.13,5.15,71996,2021-05-06 15:08:00,BNGO
5.14,5.1511,5.13,5.15,148852,2021-05-06 15:09:00,BNGO
5.14,5.175,5.14,5.165,157005,2021-05-06 15:10:00,BNGO
5.16,5.17,5.06,5.09,756552,2021-05-06 15:11:00,BNGO
5.1,5.12,5.09,5.1142,176847,2021-05-06 15:12:00,BNGO
5.11,5.12,5.0998,5.1,110858,2021-05-06 15:13:00,BNGO
5.1096,5.12,5.1,5.12,192786,2021-05-06 15:14:00,BNGO
5.12,5.14,5.12,5.1311,46585,2021-05-06 15:15:00,BNGO
5.1301,5.14,5.12,5.13,38539,2021-05-06 15:16:00,BNGO
5.13,5.15,5.13,5.14,56680,2021-05-06 15:17:00,BNGO
5.145,5.17,5.1423,5.1679,71987,2021-05-06 15:18:00,BNGO
5.17,5.2,5.17,5.195,101306,2021-05-06 15:19:00,BNGO
5.19,5.21,5.18,5.21,36673,2021-05-06 15:20:00,BNGO
5.21,5.235,5.21,5.23,106968,2021-05-06 15:21:00,BNGO
5.23,5.23,5.2107,5.225,27531,2021-05-06 15:22:00,BNGO
5.225,5.25,5.2101,5.25,51534,2021-05-06 15:23:00,BNGO
5.24,5.24,5.2159,5.23,47032,2021-05-06 15:24:00,BNGO
5.23,5.25,5.22,5.2499,24980,2021-05-06 15:25:00,BNGO
5.25,5.26,5.235,5.245,45956,2021-05-06 15:26:00,BNGO
5.2416,5.25,5.22,5.23,41297,2021-05-06 15:27:00,BNGO
5.2264,5.32,5.2264,5.275,474594,2021-05-06 15:28:00,BNGO
5.275,5.28,5.26,5.2759,81260,2021-05-06 15:29:00,BNGO
5.275,5.28,5.2501,5.2744,61072,2021-05-06 15:30:00,BNGO
5.275,5.275,5.25,5.26,25316,2021-05-06 15:31:00,BNGO
5.265,5.266,5.25,5.2584,21898,2021-05-06 15:32:00,BNGO
5.26,5.29,5.26,5.261,57682,2021-05-06 15:33:00,BNGO
5.26,5.28,5.26,5.28,33656,2021-05-06 15:34:00,BNGO
5.275,5.2901,5.27,5.285,59473,2021-05-06 15:35:00,BNGO
5.2847,5.305,5.28,5.3015,103176,2021-05-06 15:36:00,BNGO
5.302,5.31,5.29,5.2956,97028,2021-05-06 15:37:00,BNGO
5.295,5.31,5.2901,5.295,47219,2021-05-06 15:38:00,BNGO
5.2964,5.33,5.29,5.3299,55906,2021-05-06 15:39:00,BNGO
5.3201,5.33,5.315,5.33,71787,2021-05-06 15:40:00,BNGO
5.325,5.34,5.32,5.335,22405,2021-05-06 15:41:00,BNGO
5.339,5.35,5.33,5.33,63174,2021-05-06 15:42:00,BNGO
5.335,5.355,5.3288,5.3401,48738,2021-05-06 15:43:00,BNGO
5.345,5.36,5.34,5.3599,37025,2021-05-06 15:44:00,BNGO
5.3501,5.3517,5.33,5.3301,47366,2021-05-06 15:45:00,BNGO
5.3312,5.34,5.32,5.32,27823,2021-05-06 15:46:00,BNGO
5.325,5.34,5.32,5.335,81523,2021-05-06 15:47:00,BNGO
5.333,5.335,5.31,5.315,44185,2021-05-06 15:48:00,BNGO
5.3101,5.3199,5.29,5.3,126267,2021-05-06 15:49:00,BNGO
5.305,5.32,5.3,5.32,40945,2021-05-06 15:50:00,BNGO
5.32,5.34,5.3197,5.335,46340,2021-05-06 15:51:00,BNGO
5.34,5.34,5.32,5.335,52231,2021-05-06 15:52:00,BNGO
5.335,5.34,5.33,5.34,15113,2021-05-06 15:53:00,BNGO
5.35,5.365,5.34,5.345,38290,2021-05-06 15:54:00,BNGO
5.34,5.3488,5.3349,5.335,13268,2021-05-06 15:55:00,BNGO
5.34,5.35,5.33,5.345,24696,2021-05-06 15:56:00,BNGO
5.34,5.35,5.34,5.3497,18009,2021-05-06 15:57:00,BNGO
5.35,5.355,5.345,5.3497,40762,2021-05-06 15:58:00,BNGO
5.3454,5.35,5.3324,5.3499,25447,2021-05-06 15:59:00,BNGO
5.35,5.35,5.33,5.33,61864,2021-05-06 16:00:00,BNGO
5.33,5.3378,5.32,5.325,38532,2021-05-06 16:01:00,BNGO
5.3213,5.325,5.31,5.3111,25816,2021-05-06 16:02:00,BNGO
5.315,5.315,5.29,5.29,44438,2021-05-06 16:03:00,BNGO
5.29,5.31,5.29,5.3001,39285,2021-05-06 16:04:00,BNGO
5.31,5.32,5.305,5.315,26198,2021-05-06 16:05:00,BNGO
5.32,5.32,5.3,5.3,14189,2021-05-06 16:06:00,BNGO
5.31,5.31,5.28,5.28,20611,2021-05-06 16:07:00,BNGO
5.29,5.29,5.28,5.28,22549,2021-05-06 16:08:00,BNGO
5.285,5.285,5.26,5.265,95946,2021-05-06 16:09:00,BNGO
5.265,5.2662,5.26,5.2601,10465,2021-05-06 16:10:00,BNGO
5.26,5.28,5.26,5.2728,47759,2021-05-06 16:11:00,BNGO
5.27,5.27,5.26,5.2693,31226,2021-05-06 16:12:00,BNGO
5.27,5.27,5.2511,5.2511,28323,2021-05-06 16:13:00,BNGO
5.2531,5.27,5.25,5.2624,38911,2021-05-06 16:14:00,BNGO
5.2621,5.29,5.26,5.2823,68379,2021-05-06 16:15:00,BNGO
5.2853,5.29,5.27,5.28,34503,2021-05-06 16:16:00,BNGO
5.2701,5.2915,5.27,5.2905,25662,2021-05-06 16:17:00,BNGO
5.2978,5.31,5.29,5.3072,68289,2021-05-06 16:18:00,BNGO
5.305,5.31,5.2915,5.3001,30781,2021-05-06 16:19:00,BNGO
5.305,5.31,5.3,5.3042,6953,2021-05-06 16:20:00,BNGO
5.3001,5.318,5.3,5.31,9757,2021-05-06 16:21:00,BNGO
5.31,5.32,5.31,5.32,50566,2021-05-06 16:22:00,BNGO
5.31,5.32,5.31,5.32,6481,2021-05-06 16:23:00,BNGO
5.3101,5.33,5.31,5.328,22672,2021-05-06 16:24:00,BNGO
5.323,5.35,5.322,5.35,31617,2021-05-06 16:25:00,BNGO
5.35,5.355,5.34,5.34,51351,2021-05-06 16:26:00,BNGO
5.3499,5.35,5.33,5.34,24027,2021-05-06 16:27:00,BNGO
5.3301,5.34,5.325,5.325,18860,2021-05-06 16:28:00,BNGO
5.33,5.33,5.32,5.3212,24467,2021-05-06 16:29:00,BNGO
5.3291,5.34,5.3291,5.34,11738,2021-05-06 16:30:00,BNGO
5.34,5.34,5.3208,5.34,87628,2021-05-06 16:31:00,BNGO
5.34,5.36,5.34,5.35,29086,2021-05-06 16:32:00,BNGO
5.35,5.3588,5.33,5.3367,39557,2021-05-06 16:33:00,BNGO
5.335,5.35,5.335,5.34,21900,2021-05-06 16:34:00,BNGO
5.35,5.36,5.325,5.325,40438,2021-05-06 16:35:00,BNGO
5.32,5.33,5.32,5.325,39341,2021-05-06 16:36:00,BNGO
5.32,5.3299,5.32,5.325,27371,2021-05-06 16:37:00,BNGO
5.3286,5.3286,5.31,5.32,49940,2021-05-06 16:38:00,BNGO
5.325,5.33,5.32,5.325,13734,2021-05-06 16:39:00,BNGO
5.327,5.33,5.315,5.32,31415,2021-05-06 16:40:00,BNGO
5.32,5.325,5.3046,5.3046,33399,2021-05-06 16:41:00,BNGO
5.3001,5.32,5.3001,5.31,15777,2021-05-06 16:42:00,BNGO
5.31,5.32,5.3,5.305,8822,2021-05-06 16:43:00,BNGO
5.3,5.3175,5.3,5.31,7802,2021-05-06 16:44:00,BNGO
5.31,5.31,5.3,5.3,13009,2021-05-06 16:45:00,BNGO
5.305,5.31,5.3,5.305,3816,2021-05-06 16:46:00,BNGO
5.3,5.31,5.3,5.302,6976,2021-05-06 16:47:00,BNGO
5.3,5.31,5.3,5.3012,21207,2021-05-06 16:48:00,BNGO
5.305,5.31,5.29,5.31,21219,2021-05-06 16:49:00,BNGO
5.31,5.31,5.3,5.305,12396,2021-05-06 16:50:00,BNGO
5.3,5.31,5.3,5.3098,8027,2021-05-06 16:51:00,BNGO
5.31,5.32,5.31,5.3157,12207,2021-05-06 16:52:00,BNGO
5.32,5.32,5.3072,5.3095,14406,2021-05-06 16:53:00,BNGO
5.304,5.32,5.304,5.315,21038,2021-05-06 16:54:00,BNGO
5.315,5.32,5.31,5.3163,11659,2021-05-06 16:55:00,BNGO
5.315,5.34,5.315,5.325,55092,2021-05-06 16:56:00,BNGO
5.33,5.33,5.32,5.3209,9417,2021-05-06 16:57:00,BNGO
5.325,5.33,5.32,5.3235,5290,2021-05-06 16:58:00,BNGO
5.33,5.33,5.32,5.32,18441,2021-05-06 16:59:00,BNGO
5.32,5.345,5.32,5.3269,41196,2021-05-06 17:00:00,BNGO
5.325,5.335,5.32,5.335,6120,2021-05-06 17:01:00,BNGO
5.335,5.335,5.32,5.3251,13824,2021-05-06 17:02:00,BNGO
5.32,5.33,5.32,5.3273,10791,2021-05-06 17:03:00,BNGO
5.325,5.325,5.31,5.31,30131,2021-05-06 17:04:00,BNGO
5.3134,5.32,5.305,5.305,16363,2021-05-06 17:05:00,BNGO
5.3,5.305,5.29,5.3,55506,2021-05-06 17:06:00,BNGO
5.29,5.31,5.29,5.3054,12888,2021-05-06 17:07:00,BNGO
5.3056,5.315,5.3023,5.31,6394,2021-05-06 17:08:00,BNGO
5.31,5.32,5.31,5.3158,5885,2021-05-06 17:09:00,BNGO
5.3155,5.3155,5.3,5.3008,8858,2021-05-06 17:10:00,BNGO
5.305,5.31,5.3,5.3001,5692,2021-05-06 17:11:00,BNGO
5.3007,5.31,5.29,5.295,62923,2021-05-06 17:12:00,BNGO
5.29,5.3,5.29,5.29,5910,2021-05-06 17:13:00,BNGO
5.2936,5.3,5.285,5.285,18821,2021-05-06 17:14:00,BNGO
5.2826,5.29,5.28,5.285,14534,2021-05-06 17:15:00,BNGO
5.28,5.29,5.2705,5.2725,27713,2021-05-06 17:16:00,BNGO
5.27,5.2799,5.26,5.27,49958,2021-05-06 17:17:00,BNGO
5.27,5.27,5.2601,5.27,11614,2021-05-06 17:18:00,BNGO
5.265,5.2675,5.26,5.2601,8718,2021-05-06 17:19:00,BNGO
5.265,5.2683,5.255,5.2683,31502,2021-05-06 17:20:00,BNGO
5.2699,5.27,5.2614,5.27,17166,2021-05-06 17:21:00,BNGO
5.275,5.29,5.26,5.27,27595,2021-05-06 17:22:00,BNGO
5.265,5.27,5.255,5.27,8062,2021-05-06 17:23:00,BNGO
5.27,5.27,5.25,5.2618,48832,2021-05-06 17:24:00,BNGO
5.265,5.27,5.26,5.26,7476,2021-05-06 17:25:00,BNGO
5.26,5.27,5.26,5.26,23994,2021-05-06 17:26:00,BNGO
5.26,5.26,5.24,5.245,23426,2021-05-06 17:27:00,BNGO
5.241,5.25,5.235,5.24,23334,2021-05-06 17:28:00,BNGO
5.241,5.255,5.24,5.25,191357,2021-05-06 17:29:00,BNGO
5.2509,5.265,5.25,5.265,29320,2021-05-06 17:30:00,BNGO
5.265,5.27,5.26,5.26,7941,2021-05-06 17:31:00,BNGO
5.2656,5.28,5.2656,5.2795,20959,2021-05-06 17:32:00,BNGO
5.28,5.28,5.27,5.28,30341,2021-05-06 17:33:00,BNGO
5.2706,5.28,5.26,5.265,52578,2021-05-06 17:34:00,BNGO
5.26,5.265,5.25,5.26,25819,2021-05-06 17:35:00,BNGO
5.255,5.26,5.2511,5.2582,7349,2021-05-06 17:36:00,BNGO
5.258,5.26,5.25,5.2585,9407,2021-05-06 17:37:00,BNGO
5.2508,5.27,5.2508,5.27,23883,2021-05-06 17:38:00,BNGO
5.26,5.27,5.25,5.2599,15549,2021-05-06 17:39:00,BNGO
5.2599,5.26,5.2401,5.245,12342,2021-05-06 17:40:00,BNGO
5.2401,5.25,5.22,5.22,36683,2021-05-06 17:41:00,BNGO
5.22,5.225,5.21,5.2106,19835,2021-05-06 17:42:00,BNGO
5.2172,5.23,5.21,5.23,54365,2021-05-06 17:43:00,BNGO
5.23,5.24,5.2224,5.23,34696,2021-05-06 17:44:00,BNGO
5.23,5.23,5.2,5.205,63497,2021-05-06 17:45:00,BNGO
5.2065,5.21,5.2,5.21,19784,2021-05-06 17:46:00,BNGO
5.2018,5.21,5.19,5.21,54743,2021-05-06 17:47:00,BNGO
5.2099,5.22,5.2001,5.21,58944,2021-05-06 17:48:00,BNGO
5.2176,5.23,5.21,5.2254,37097,2021-05-06 17:49:00,BNGO
5.22,5.23,5.22,5.2201,10750,2021-05-06 17:50:00,BNGO
5.22,5.225,5.2,5.2,40362,2021-05-06 17:51:00,BNGO
5.2002,5.21,5.2,5.2,20574,2021-05-06 17:52:00,BNGO
5.2017,5.205,5.185,5.1923,52459,2021-05-06 17:53:00,BNGO
5.19,5.21,5.19,5.2037,11530,2021-05-06 17:54:00,BNGO
5.2051,5.21,5.2,5.2039,7397,2021-05-06 17:55:00,BNGO
5.2,5.21,5.19,5.2094,43793,2021-05-06 17:56:00,BNGO
5.205,5.22,5.2004,5.215,116255,2021-05-06 17:57:00,BNGO
5.2101,5.22,5.19,5.2,21593,2021-05-06 17:58:00,BNGO
5.195,5.2053,5.19,5.2034,46174,2021-05-06 17:59:00,BNGO
5.205,5.23,5.205,5.2224,81039,2021-05-06 18:00:00,BNGO
5.225,5.225,5.21,5.21,82865,2021-05-06 18:01:00,BNGO
5.21,5.22,5.2,5.22,32238,2021-05-06 18:02:00,BNGO
5.21,5.22,5.21,5.215,6908,2021-05-06 18:03:00,BNGO
5.21,5.22,5.2,5.2182,65055,2021-05-06 18:04:00,BNGO
5.215,5.23,5.21,5.23,14380,2021-05-06 18:05:00,BNGO
5.2227,5.245,5.22,5.231,45211,2021-05-06 18:06:00,BNGO
5.23,5.24,5.23,5.23,23681,2021-05-06 18:07:00,BNGO
5.235,5.24,5.22,5.229,35721,2021-05-06 18:08:00,BNGO
5.23,5.24,5.22,5.24,25363,2021-05-06 18:09:00,BNGO
5.24,5.24,5.22,5.23,12696,2021-05-06 18:10:00,BNGO
5.23,5.24,5.23,5.24,24158,2021-05-06 18:11:00,BNGO
5.24,5.25,5.19,5.2099,120508,2021-05-06 18:12:00,BNGO
5.205,5.23,5.2,5.23,46574,2021-05-06 18:13:00,BNGO
5.225,5.23,5.22,5.225,3320,2021-05-06 18:14:00,BNGO
5.22,5.23,5.215,5.22,14212,2021-05-06 18:15:00,BNGO
5.225,5.225,5.21,5.2142,19819,2021-05-06 18:16:00,BNGO
5.22,5.23,5.22,5.221,39988,2021-05-06 18:17:00,BNGO
5.225,5.23,5.21,5.21,6117,2021-05-06 18:18:00,BNGO
5.2125,5.22,5.21,5.2107,7392,2021-05-06 18:19:00,BNGO
5.21,5.22,5.19,5.195,34348,2021-05-06 18:20:00,BNGO
5.2,5.21,5.19,5.19,54322,2021-05-06 18:21:00,BNGO
5.19,5.205,5.1877,5.2008,81145,2021-05-06 18:22:00,BNGO
5.2004,5.205,5.19,5.195,18847,2021-05-06 18:23:00,BNGO
5.2,5.2,5.18,5.195,31546,2021-05-06 18:24:00,BNGO
5.1977,5.2,5.18,5.19,42425,2021-05-06 18:25:00,BNGO
5.18,5.19,5.16,5.16,78270,2021-05-06 18:26:00,BNGO
5.16,5.1605,5.14,5.15,145606,2021-05-06 18:27:00,BNGO
5.16,5.16,5.13,5.13,90605,2021-05-06 18:28:00,BNGO
5.125,5.15,5.125,5.14,97361,2021-05-06 18:29:00,BNGO
5.135,5.1499,5.13,5.13,45149,2021-05-06 18:30:00,BNGO
5.135,5.15,5.13,5.15,138058,2021-05-06 18:31:00,BNGO
5.14,5.14,5.11,5.1124,116365,2021-05-06 18:32:00,BNGO
5.11,5.12,5.1,5.11,207634,2021-05-06 18:33:00,BNGO
5.1014,5.135,5.1014,5.135,74496,2021-05-06 18:34:00,BNGO
5.1311,5.135,5.1,5.1,109405,2021-05-06 18:35:00,BNGO
5.1,5.12,5.1,5.11,63021,2021-05-06 18:36:00,BNGO
5.105,5.12,5.1,5.11,40949,2021-05-06 18:37:00,BNGO
5.1107,5.12,5.11,5.115,29736,2021-05-06 18:38:00,BNGO
5.12,5.13,5.11,5.12,73928,2021-05-06 18:39:00,BNGO
5.115,5.125,5.11,5.12,76977,2021-05-06 18:40:00,BNGO
5.1101,5.12,5.11,5.11,41355,2021-05-06 18:41:00,BNGO
5.11,5.12,5.091,5.095,109500,2021-05-06 18:42:00,BNGO
5.095,5.11,5.09,5.1079,65643,2021-05-06 18:43:00,BNGO
5.105,5.1299,5.1,5.1232,62725,2021-05-06 18:44:00,BNGO
5.125,5.14,5.1113,5.12,82921,2021-05-06 18:45:00,BNGO
5.125,5.14,5.1214,5.1376,24691,2021-05-06 18:46:00,BNGO
5.13,5.15,5.13,5.15,20476,2021-05-06 18:47:00,BNGO
5.15,5.16,5.14,5.145,46460,2021-05-06 18:48:00,BNGO
5.15,5.15,5.135,5.14,34600,2021-05-06 18:49:00,BNGO
5.1494,5.15,5.14,5.14,25085,2021-05-06 18:50:00,BNGO
5.1422,5.18,5.1422,5.17,115124,2021-05-06 18:51:00,BNGO
5.17,5.18,5.16,5.1628,104405,2021-05-06 18:52:00,BNGO
5.1634,5.17,5.15,5.161,83906,2021-05-06 18:53:00,BNGO
5.1641,5.17,5.1501,5.155,16205,2021-05-06 18:54:00,BNGO
5.15,5.17,5.15,5.17,18504,2021-05-06 18:55:00,BNGO
5.17,5.17,5.16,5.17,12293,2021-05-06 18:56:00,BNGO
5.1608,5.1608,5.14,5.14,36000,2021-05-06 18:57:00,BNGO
5.15,5.16,5.14,5.16,24138,2021-05-06 18:58:00,BNGO
5.155,5.17,5.15,5.155,47897,2021-05-06 18:59:00,BNGO
5.15,5.16,5.15,5.1582,13683,2021-05-06 19:00:00,BNGO
5.1599,5.16,5.15,5.155,9549,2021-05-06 19:01:00,BNGO
5.15,5.155,5.13,5.135,41189,2021-05-06 19:02:00,BNGO
5.13,5.1464,5.13,5.145,25592,2021-05-06 19:03:00,BNGO
5.15,5.15,5.14,5.145,7924,2021-05-06 19:04:00,BNGO
5.15,5.15,5.12,5.1301,84044,2021-05-06 19:05:00,BNGO
5.135,5.14,5.13,5.14,33646,2021-05-06 19:06:00,BNGO
5.135,5.14,5.13,5.135,17616,2021-05-06 19:07:00,BNGO
5.1346,5.14,5.1219,5.1334,31207,2021-05-06 19:08:00,BNGO
5.14,5.15,5.13,5.15,44496,2021-05-06 19:09:00,BNGO
5.15,5.16,5.145,5.15,30582,2021-05-06 19:10:00,BNGO
5.155,5.16,5.15,5.155,8084,2021-05-06 19:11:00,BNGO
5.1541,5.18,5.15,5.1794,68333,2021-05-06 19:12:00,BNGO
5.18,5.19,5.1764,5.19,30743,2021-05-06 19:13:00,BNGO
5.185,5.19,5.1718,5.18,40471,2021-05-06 19:14:00,BNGO
5.18,5.19,5.18,5.18,40681,2021-05-06 19:15:00,BNGO
5.185,5.19,5.18,5.185,20442,2021-05-06 19:16:00,BNGO
5.19,5.19,5.18,5.1883,21635,2021-05-06 19:17:00,BNGO
5.1884,5.19,5.16,5.1644,38867,2021-05-06 19:18:00,BNGO
5.1661,5.17,5.16,5.17,9363,2021-05-06 19:19:00,BNGO
5.1612,5.17,5.16,5.165,11001,2021-05-06 19:20:00,BNGO
5.165,5.17,5.16,5.165,7649,2021-05-06 19:21:00,BNGO
5.165,5.17,5.15,5.1587,15000,2021-05-06 19:22:00,BNGO
5.1537,5.16,5.15,5.155,9478,2021-05-06 19:23:00,BNGO
5.1521,5.18,5.1521,5.1752,58902,2021-05-06 19:24:00,BNGO
5.18,5.1858,5.17,5.1858,28851,2021-05-06 19:25:00,BNGO
5.19,5.19,5.17,5.1722,46491,2021-05-06 19:26:00,BNGO
5.1716,5.19,5.1707,5.19,34572,2021-05-06 19:27:00,BNGO
5.19,5.205,5.181,5.205,52804,2021-05-06 19:28:00,BNGO
5.205,5.2099,5.19,5.2,17678,2021-05-06 19:29:00,BNGO
5.195,5.2,5.19,5.2,46863,2021-05-06 19:30:00,BNGO
5.1921,5.21,5.1901,5.205,45951,2021-05-06 19:31:00,BNGO
5.205,5.21,5.19,5.2,18328,2021-05-06 19:32:00,BNGO
5.1996,5.2,5.185,5.19,70374,2021-05-06 19:33:00,BNGO
5.1957,5.2,5.185,5.2,30534,2021-05-06 19:34:00,BNGO
5.2,5.21,5.2,5.205,10999,2021-05-06 19:35:00,BNGO
5.205,5.21,5.2,5.205,15523,2021-05-06 19:36:00,BNGO
5.21,5.22,5.2,5.22,38168,2021-05-06 19:37:00,BNGO
5.2189,5.23,5.2113,5.23,56145,2021-05-06 19:38:00,BNGO
5.23,5.25,5.23,5.24,107730,2021-05-06 19:39:00,BNGO
5.237,5.26,5.237,5.26,62812,2021-05-06 19:40:00,BNGO
5.25,5.2599,5.24,5.25,50392,2021-05-06 19:41:00,BNGO
5.2421,5.26,5.24,5.25,16920,2021-05-06 19:42:00,BNGO
5.255,5.26,5.24,5.25,29286,2021-05-06 19:43:00,BNGO
5.25,5.25,5.24,5.25,13180,2021-05-06 19:44:00,BNGO
5.25,5.26,5.24,5.255,25871,2021-05-06 19:45:00,BNGO
5.2517,5.2599,5.24,5.25,21471,2021-05-06 19:46:00,BNGO
5.25,5.25,5.2401,5.25,28955,2021-05-06 19:47:00,BNGO
5.2421,5.26,5.235,5.2358,211103,2021-05-06 19:48:00,BNGO
5.235,5.255,5.2301,5.255,49273,2021-05-06 19:49:00,BNGO
5.26,5.3,5.26,5.295,174668,2021-05-06 19:50:00,BNGO
5.29,5.295,5.27,5.295,90287,2021-05-06 19:51:00,BNGO
5.3,5.3,5.265,5.27,97240,2021-05-06 19:52:00,BNGO
5.27,5.285,5.2666,5.28,63454,2021-05-06 19:53:00,BNGO
5.285,5.29,5.27,5.2741,107816,2021-05-06 19:54:00,BNGO
5.2738,5.28,5.265,5.275,97040,2021-05-06 19:55:00,BNGO
5.275,5.28,5.27,5.275,15500,2021-05-06 19:56:00,BNGO
5.28,5.28,5.27,5.28,145190,2021-05-06 19:57:00,BNGO
5.28,5.29,5.2715,5.285,47106,2021-05-06 19:58:00,BNGO
5.29,5.32,5.27,5.32,351084,2021-05-06 19:59:00,BNGO
5.31,5.33,5.31,5.33,192072,2021-05-06 20:00:00,BNGO
5.3299,5.33,5.3299,5.33,200,2021-05-06 20:01:00,BNGO
5.33,5.33,5.3,5.33,300,2021-05-06 20:02:00,BNGO
5.32,5.32,5.32,5.32,200,2021-05-06 20:03:00,BNGO
5.3,5.3,5.2999,5.2999,1800,2021-05-06 20:06:00,BNGO
5.29,5.29,5.29,5.29,666,2021-05-06 20:08:00,BNGO
5.28,5.28,5.27,5.2796,460,2021-05-06 20:09:00,BNGO
5.25,5.25,5.25,5.25,100,2021-05-06 20:10:00,BNGO
5.2501,5.2501,5.25,5.25,570,2021-05-06 20:11:00,BNGO
5.25,5.26,5.25,5.26,550,2021-05-06 20:12:00,BNGO
5.27,5.29,5.26,5.29,23039,2021-05-06 20:14:00,BNGO
5.26,5.2899,5.26,5.2899,391,2021-05-06 20:15:00,BNGO
5.29,5.29,5.28,5.28,7082,2021-05-06 20:16:00,BNGO
5.29,5.29,5.28,5.29,1887,2021-05-06 20:17:00,BNGO
5.27,5.27,5.27,5.27,100,2021-05-06 20:18:00,BNGO
5.29,5.29,5.27,5.2899,400,2021-05-06 20:19:00,BNGO
5.29,5.29,5.29,5.29,103,2021-05-06 20:21:00,BNGO
5.32,5.32,5.32,5.32,300,2021-05-06 20:22:00,BNGO
5.32,5.32,5.32,5.32,300,2021-05-06 20:23:00,BNGO
5.32,5.32,5.3,5.31,1000,2021-05-06 20:24:00,BNGO
5.31,5.31,5.31,5.31,100,2021-05-06 20:25:00,BNGO
5.3,5.3,5.3,5.3,2054,2021-05-06 20:26:00,BNGO
5.31,5.31,5.3,5.3,1060,2021-05-06 20:27:00,BNGO
5.3,5.3,5.3,5.3,615,2021-05-06 20:28:00,BNGO
5.32,5.32,5.31,5.31,1200,2021-05-06 20:29:00,BNGO
5.3,5.3,5.3,5.3,2228,2021-05-06 20:30:00,BNGO
5.32,5.32,5.32,5.32,2804,2021-05-06 20:31:00,BNGO
5.33,5.33,5.27,5.27,520,2021-05-06 20:32:00,BNGO
5.33,5.33,5.28,5.33,645,2021-05-06 20:33:00,BNGO
5.33,5.33,5.33,5.33,100,2021-05-06 20:34:00,BNGO
5.26,5.26,5.26,5.26,300,2021-05-06 20:35:00,BNGO
5.33,5.33,5.33,5.33,700,2021-05-06 20:37:00,BNGO
5.33,5.34,5.33,5.34,400,2021-05-06 20:38:00,BNGO
5.32,5.32,5.32,5.32,300,2021-05-06 20:39:00,BNGO
5.34,5.34,5.3,5.3,300,2021-05-06 20:40:00,BNGO
5.34,5.34,5.34,5.34,300,2021-05-06 20:41:00,BNGO
5.3,5.32,5.3,5.32,540,2021-05-06 20:43:00,BNGO
5.32,5.32,5.3,5.3,16082,2021-05-06 20:44:00,BNGO
5.3,5.3,5.3,5.3,2462,2021-05-06 20:47:00,BNGO
5.3,5.3,5.3,5.3,2538,2021-05-06 20:48:00,BNGO
5.31,5.31,5.31,5.31,100,2021-05-06 20:49:00,BNGO
5.3,5.3,5.3,5.3,1900,2021-05-06 20:53:00,BNGO
5.28,5.28,5.28,5.28,8351,2021-05-06 20:54:00,BNGO
5.28,5.28,5.25,5.25,3416,2021-05-06 20:55:00,BNGO
5.24,5.24,5.24,5.24,500,2021-05-06 20:56:00,BNGO
5.23,5.24,5.22,5.24,2585,2021-05-06 20:57:00,BNGO
5.21,5.2201,5.21,5.2201,1500,2021-05-06 20:58:00,BNGO
5.22,5.22,5.22,5.22,200,2021-05-06 21:00:00,BNGO
5.22,5.22,5.22,5.22,4000,2021-05-06 21:01:00,BNGO
5.22,5.22,5.21,5.22,1075,2021-05-06 21:02:00,BNGO
5.21,5.21,5.21,5.21,2697,2021-05-06 21:03:00,BNGO
5.22,5.22,5.2101,5.2101,246,2021-05-06 21:04:00,BNGO
5.22,5.22,5.22,5.22,100,2021-05-06 21:05:00,BNGO
5.22,5.22,5.22,5.22,2449,2021-05-06 21:06:00,BNGO
5.22,5.22,5.21,5.22,1020,2021-05-06 21:07:00,BNGO
5.22,5.22,5.2,5.2,2139,2021-05-06 21:08:00,BNGO
5.2199,5.2199,5.2,5.2,976,2021-05-06 21:09:00,BNGO
5.2,5.2,5.2,5.2,2613,2021-05-06 21:10:00,BNGO
5.2399,5.24,5.2399,5.24,400,2021-05-06 21:14:00,BNGO
5.24,5.24,5.24,5.24,124,2021-05-06 21:15:00,BNGO
5.24,5.24,5.24,5.24,1000,2021-05-06 21:17:00,BNGO
5.23,5.23,5.23,5.23,1100,2021-05-06 21:19:00,BNGO
5.24,5.24,5.24,5.24,500,2021-05-06 21:20:00,BNGO
5.24,5.24,5.24,5.24,100,2021-05-06 21:25:00,BNGO
5.22,5.22,5.22,5.22,1159,2021-05-06 21:26:00,BNGO
5.21,5.21,5.2,5.2,1035,2021-05-06 21:30:00,BNGO
5.22,5.22,5.22,5.22,2145,2021-05-06 21:32:00,BNGO
5.22,5.22,5.22,5.22,500,2021-05-06 21:33:00,BNGO
5.2,5.22,5.2,5.22,699,2021-05-06 21:34:00,BNGO
5.22,5.22,5.21,5.21,324,2021-05-06 21:36:00,BNGO
5.21,5.22,5.2,5.2,6096,2021-05-06 21:37:00,BNGO
5.21,5.21,5.2,5.2,400,2021-05-06 21:39:00,BNGO
5.21,5.21,5.21,5.21,820,2021-05-06 21:42:00,BNGO
5.19,5.19,5.17,5.17,215,2021-05-06 21:43:00,BNGO
5.19,5.19,5.19,5.19,350,2021-05-06 21:45:00,BNGO
5.19,5.19,5.19,5.19,139,2021-05-06 21:47:00,BNGO
5.19,5.19,5.19,5.19,114,2021-05-06 21:49:00,BNGO
5.1984,5.1984,5.18,5.18,450,2021-05-06 21:50:00,BNGO
5.2,5.2,5.19,5.19,2450,2021-05-06 21:51:00,BNGO
5.1999,5.1999,5.1999,5.1999,130,2021-05-06 21:53:00,BNGO
5.1999,5.1999,5.1999,5.1999,2500,2021-05-06 21:54:00,BNGO
5.19,5.19,5.19,5.19,300,2021-05-06 21:55:00,BNGO
5.1901,5.1901,5.1901,5.1901,1000,2021-05-06 21:56:00,BNGO
5.2,5.2,5.2,5.2,100,2021-05-06 21:57:00,BNGO
5.21,5.21,5.19,5.19,209,2021-05-06 22:00:00,BNGO
5.19,5.21,5.19,5.21,608,2021-05-06 22:05:00,BNGO
5.21,5.21,5.21,5.21,1166,2021-05-06 22:06:00,BNGO
5.21,5.21,5.19,5.19,342,2021-05-06 22:07:00,BNGO
5.21,5.21,5.21,5.21,100,2021-05-06 22:08:00,BNGO
5.21,5.21,5.21,5.21,230,2021-05-06 22:09:00,BNGO
5.21,5.21,5.21,5.21,125,2021-05-06 22:10:00,BNGO
5.21,5.21,5.21,5.21,100,2021-05-06 22:11:00,BNGO
5.21,5.21,5.21,5.21,400,2021-05-06 22:12:00,BNGO
5.21,5.21,5.21,5.21,600,2021-05-06 22:14:00,BNGO
5.19,5.2099,5.19,5.2099,2000,2021-05-06 22:21:00,BNGO
5.2099,5.2099,5.2099,5.2099,100,2021-05-06 22:23:00,BNGO
5.21,5.21,5.21,5.21,500,2021-05-06 22:25:00,BNGO
5.21,5.21,5.21,5.21,550,2021-05-06 22:27:00,BNGO
5.17,5.17,5.17,5.17,949,2021-05-06 22:33:00,BNGO
5.17,5.17,5.17,5.17,2034,2021-05-06 22:35:00,BNGO
5.21,5.21,5.21,5.21,255,2021-05-06 22:37:00,BNGO
5.21,5.21,5.21,5.21,500,2021-05-06 22:39:00,BNGO
5.21,5.21,5.21,5.21,489,2021-05-06 22:40:00,BNGO
5.21,5.21,5.21,5.21,1502,2021-05-06 22:43:00,BNGO
5.21,5.23,5.21,5.23,1000,2021-05-06 22:44:00,BNGO
5.25,5.25,5.25,5.25,100,2021-05-06 22:45:00,BNGO
5.26,5.26,5.26,5.26,800,2021-05-06 22:46:00,BNGO
5.26,5.26,5.26,5.26,1000,2021-05-06 22:47:00,BNGO
5.26,5.26,5.26,5.26,1000,2021-05-06 22:48:00,BNGO
5.26,5.26,5.26,5.26,2964,2021-05-06 22:49:00,BNGO
5.28,5.28,5.28,5.28,802,2021-05-06 22:53:00,BNGO
5.29,5.29,5.29,5.29,400,2021-05-06 22:54:00,BNGO
5.28,5.28,5.28,5.28,114,2021-05-06 22:57:00,BNGO
5.29,5.29,5.29,5.29,489,2021-05-06 22:59:00,BNGO
5.22,5.22,5.21,5.21,600,2021-05-06 23:00:00,BNGO
5.21,5.21,5.21,5.21,300,2021-05-06 23:02:00,BNGO
5.21,5.21,5.21,5.21,4100,2021-05-06 23:03:00,BNGO
5.21,5.21,5.2,5.2,400,2021-05-06 23:04:00,BNGO
5.2,5.21,5.2,5.21,350,2021-05-06 23:05:00,BNGO
5.21,5.21,5.21,5.21,400,2021-05-06 23:07:00,BNGO
5.25,5.25,5.25,5.25,300,2021-05-06 23:09:00,BNGO
5.28,5.28,5.28,5.28,100,2021-05-06 23:13:00,BNGO
5.25,5.25,5.25,5.25,200,2021-05-06 23:14:00,BNGO
5.25,5.25,5.25,5.25,731,2021-05-06 23:15:00,BNGO
5.25,5.25,5.25,5.25,100,2021-05-06 23:16:00,BNGO
5.25,5.25,5.25,5.25,400,2021-05-06 23:19:00,BNGO
5.25,5.25,5.25,5.25,192,2021-05-06 23:20:00,BNGO
5.25,5.25,5.25,5.25,133,2021-05-06 23:21:00,BNGO
5.26,5.26,5.26,5.26,100,2021-05-06 23:23:00,BNGO
5.25,5.25,5.22,5.22,1444,2021-05-06 23:24:00,BNGO
5.25,5.25,5.25,5.25,176,2021-05-06 23:25:00,BNGO
5.25,5.25,5.25,5.25,2000,2021-05-06 23:26:00,BNGO
5.25,5.25,5.25,5.25,100,2021-05-06 23:31:00,BNGO
5.26,5.26,5.26,5.26,167,2021-05-06 23:33:00,BNGO
5.26,5.26,5.26,5.26,950,2021-05-06 23:34:00,BNGO
5.26,5.26,5.26,5.26,500,2021-05-06 23:40:00,BNGO
5.26,5.26,5.25,5.25,782,2021-05-06 23:41:00,BNGO
5.2501,5.2501,5.2501,5.2501,500,2021-05-06 23:42:00,BNGO
5.29,5.29,5.29,5.29,250,2021-05-06 23:46:00,BNGO
5.28,5.28,5.28,5.28,266,2021-05-06 23:49:00,BNGO
5.28,5.28,5.28,5.28,500,2021-05-06 23:54:00,BNGO
5.25,5.25,5.25,5.25,441,2021-05-06 23:55:00,BNGO
5.28,5.28,5.28,5.28,2100,2021-05-06 23:56:00,BNGO
5.27,5.27,5.27,5.27,500,2021-05-06 23:57:00,BNGO
5.29,5.29,5.27,5.29,2546,2021-05-06 23:58:00,BNGO
5.29,5.29,5.29,5.29,1157,2021-05-06 23:59:00,BNGO
5.31,5.31,5.31,5.31,297,2021-05-07 08:00:00,BNGO
5.29,5.29,5.26,5.26,500,2021-05-07 08:04:00,BNGO
5.25,5.25,5.25,5.25,200,2021-05-07 08:05:00,BNGO
5.25,5.25,5.25,5.25,201,2021-05-07 08:07:00,BNGO
5.23,5.23,5.22,5.22,200,2021-05-07 08:10:00,BNGO
5.26,5.3,5.26,5.3,1161,2021-05-07 08:13:00,BNGO
5.3,5.3,5.3,5.3,602,2021-05-07 08:15:00,BNGO
5.29,5.29,5.29,5.29,500,2021-05-07 08:17:00,BNGO
5.28,5.28,5.24,5.24,1488,2021-05-07 08:20:00,BNGO
5.25,5.25,5.24,5.24,550,2021-05-07 08:21:00,BNGO
5.24,5.24,5.24,5.24,500,2021-05-07 08:22:00,BNGO
5.24,5.24,5.24,5.24,110,2021-05-07 08:28:00,BNGO
5.24,5.24,5.24,5.24,1097,2021-05-07 08:30:00,BNGO
5.3,5.3,5.3,5.3,100,2021-05-07 08:39:00,BNGO
5.29,5.3,5.29,5.29,343,2021-05-07 08:40:00,BNGO
5.32,5.38,5.32,5.38,326,2021-05-07 08:41:00,BNGO
5.3,5.3,5.3,5.3,200,2021-05-07 08:43:00,BNGO
5.31,5.31,5.31,5.31,500,2021-05-07 08:45:00,BNGO
5.27,5.27,5.27,5.27,100,2021-05-07 08:46:00,BNGO
5.37,5.37,5.37,5.37,190,2021-05-07 08:51:00,BNGO
5.35,5.35,5.35,5.35,188,2021-05-07 08:53:00,BNGO
5.37,5.39,5.37,5.39,719,2021-05-07 08:57:00,BNGO
5.39,5.39,5.39,5.39,173,2021-05-07 08:59:00,BNGO
5.35,5.35,5.35,5.35,594,2021-05-07 09:07:00,BNGO
5.35,5.35,5.35,5.35,100,2021-05-07 09:08:00,BNGO
5.33,5.33,5.33,5.33,100,2021-05-07 09:11:00,BNGO
5.39,5.39,5.39,5.39,442,2021-05-07 09:24:00,BNGO
5.39,5.39,5.34,5.34,400,2021-05-07 09:27:00,BNGO
5.37,5.37,5.37,5.37,100,2021-05-07 09:46:00,BNGO
5.38,5.38,5.38,5.38,1536,2021-05-07 09:53:00,BNGO
5.4,5.4,5.4,5.4,141,2021-05-07 09:54:00,BNGO
5.4,5.4,5.4,5.4,187,2021-05-07 09:55:00,BNGO
5.4,5.4,5.4,5.4,434,2021-05-07 09:58:00,BNGO
5.4,5.4,5.4,5.4,164,2021-05-07 09:59:00,BNGO
5.4,5.43,5.4,5.43,1107,2021-05-07 10:04:00,BNGO
5.43,5.43,5.43,5.43,421,2021-05-07 10:06:00,BNGO
5.43,5.43,5.43,5.43,100,2021-05-07 10:07:00,BNGO
5.43,5.43,5.43,5.43,150,2021-05-07 10:08:00,BNGO
5.43,5.47,5.43,5.47,500,2021-05-07 10:09:00,BNGO
5.48,5.49,5.48,5.49,200,2021-05-07 10:12:00,BNGO
5.47,5.47,5.47,5.47,100,2021-05-07 10:13:00,BNGO
5.46,5.46,5.46,5.46,200,2021-05-07 10:14:00,BNGO
5.49,5.5,5.49,5.49,492,2021-05-07 10:20:00,BNGO
5.5,5.5,5.5,5.5,600,2021-05-07 10:21:00,BNGO
5.54,5.55,5.54,5.55,509,2021-05-07 10:22:00,BNGO
5.53,5.53,5.53,5.53,250,2021-05-07 10:24:00,BNGO
5.47,5.47,5.47,5.47,107,2021-05-07 10:27:00,BNGO
5.47,5.47,5.47,5.47,100,2021-05-07 10:31:00,BNGO
5.43,5.43,5.35,5.35,3085,2021-05-07 10:33:00,BNGO
5.33,5.38,5.3,5.3,5984,2021-05-07 10:34:00,BNGO
5.34,5.34,5.31,5.31,475,2021-05-07 10:35:00,BNGO
5.4,5.4,5.4,5.4,448,2021-05-07 10:36:00,BNGO
5.44,5.44,5.44,5.44,100,2021-05-07 10:41:00,BNGO
5.48,5.48,5.48,5.48,366,2021-05-07 10:43:00,BNGO
5.5,5.5,5.5,5.5,497,2021-05-07 10:46:00,BNGO
5.44,5.44,5.38,5.38,1325,2021-05-07 11:00:00,BNGO
5.38,5.38,5.36,5.36,748,2021-05-07 11:01:00,BNGO
5.38,5.4,5.38,5.4,563,2021-05-07 11:03:00,BNGO
5.4,5.4,5.4,5.4,1552,2021-05-07 11:04:00,BNGO
5.39,5.4,5.39,5.4,829,2021-05-07 11:05:00,BNGO
5.41,5.41,5.41,5.41,100,2021-05-07 11:06:00,BNGO
5.4,5.4,5.4,5.4,400,2021-05-07 11:07:00,BNGO
5.41,5.42,5.41,5.42,339,2021-05-07 11:08:00,BNGO
5.42,5.42,5.42,5.42,100,2021-05-07 11:09:00,BNGO
5.43,5.43,5.43,5.43,100,2021-05-07 11:10:00,BNGO
5.44,5.45,5.44,5.45,600,2021-05-07 11:13:00,BNGO
5.46,5.47,5.46,5.47,561,2021-05-07 11:14:00,BNGO
5.46,5.46,5.46,5.46,100,2021-05-07 11:15:00,BNGO
5.45,5.46,5.45,5.46,1100,2021-05-07 11:17:00,BNGO
5.45,5.45,5.45,5.45,300,2021-05-07 11:18:00,BNGO
5.44,5.44,5.44,5.44,1131,2021-05-07 11:19:00,BNGO
5.42,5.42,5.41,5.41,225,2021-05-07 11:22:00,BNGO
5.41,5.42,5.41,5.42,500,2021-05-07 11:24:00,BNGO
5.4,5.4,5.4,5.4,200,2021-05-07 11:26:00,BNGO
5.38,5.38,5.38,5.38,100,2021-05-07 11:30:00,BNGO
5.37,5.37,5.37,5.37,100,2021-05-07 11:44:00,BNGO
5.37,5.37,5.37,5.37,360,2021-05-07 11:56:00,BNGO
5.37,5.37,5.37,5.37,200,2021-05-07 12:01:00,BNGO
5.37,5.37,5.37,5.37,100,2021-05-07 12:02:00,BNGO
5.37,5.37,5.37,5.37,300,2021-05-07 12:03:00,BNGO
5.37,5.37,5.37,5.37,1000,2021-05-07 12:04:00,BNGO
5.36,5.36,5.36,5.36,579,2021-05-07 12:05:00,BNGO
5.36,5.36,5.36,5.36,1828,2021-05-07 12:06:00,BNGO
5.37,5.37,5.36,5.36,2000,2021-05-07 12:07:00,BNGO
5.3601,5.37,5.36,5.36,687,2021-05-07 12:08:00,BNGO
5.36,5.36,5.36,5.36,1987,2021-05-07 12:09:00,BNGO
5.35,5.36,5.34,5.36,10862,2021-05-07 12:10:00,BNGO
5.33,5.33,5.33,5.33,635,2021-05-07 12:12:00,BNGO
5.32,5.32,5.32,5.32,425,2021-05-07 12:13:00,BNGO
5.34,5.36,5.34,5.36,700,2021-05-07 12:17:00,BNGO
5.34,5.34,5.33,5.33,432,2021-05-07 12:18:00,BNGO
5.33,5.33,5.33,5.33,3000,2021-05-07 12:21:00,BNGO
5.3201,5.3201,5.3201,5.3201,100,2021-05-07 12:22:00,BNGO
5.3299,5.33,5.3299,5.33,200,2021-05-07 12:23:00,BNGO
5.33,5.33,5.33,5.33,1584,2021-05-07 12:25:00,BNGO
5.32,5.32,5.32,5.32,402,2021-05-07 12:26:00,BNGO
5.3201,5.3201,5.32,5.32,200,2021-05-07 12:27:00,BNGO
5.33,5.33,5.33,5.33,200,2021-05-07 12:30:00,BNGO
5.33,5.33,5.33,5.33,4800,2021-05-07 12:31:00,BNGO
5.34,5.34,5.34,5.34,200,2021-05-07 12:32:00,BNGO
5.34,5.34,5.33,5.33,2561,2021-05-07 12:33:00,BNGO
5.3201,5.3201,5.32,5.32,200,2021-05-07 12:35:00,BNGO
5.33,5.33,5.33,5.33,415,2021-05-07 12:36:00,BNGO
5.32,5.33,5.32,5.33,1500,2021-05-07 12:37:00,BNGO
5.3299,5.34,5.32,5.34,2399,2021-05-07 12:38:00,BNGO
5.33,5.34,5.33,5.34,335,2021-05-07 12:39:00,BNGO
5.34,5.34,5.34,5.34,988,2021-05-07 12:40:00,BNGO
5.34,5.34,5.3399,5.34,4825,2021-05-07 12:41:00,BNGO
5.35,5.35,5.35,5.35,4690,2021-05-07 12:42:00,BNGO
5.35,5.3599,5.35,5.3599,16621,2021-05-07 12:43:00,BNGO
5.35,5.36,5.35,5.36,5200,2021-05-07 12:44:00,BNGO
5.3501,5.3599,5.35,5.35,2080,2021-05-07 12:45:00,BNGO
5.36,5.36,5.34,5.35,4000,2021-05-07 12:46:00,BNGO
5.36,5.39,5.36,5.39,2200,2021-05-07 12:47:00,BNGO
5.39,5.39,5.39,5.39,2500,2021-05-07 12:48:00,BNGO
5.4,5.4199,5.4,5.4199,4100,2021-05-07 12:49:00,BNGO
5.42,5.44,5.41,5.42,5470,2021-05-07 12:50:00,BNGO
5.42,5.42,5.42,5.42,5200,2021-05-07 12:51:00,BNGO
5.42,5.42,5.4199,5.4199,640,2021-05-07 12:52:00,BNGO
5.41,5.42,5.41,5.41,990,2021-05-07 12:53:00,BNGO
5.4199,5.42,5.4199,5.42,1900,2021-05-07 12:54:00,BNGO
5.41,5.42,5.41,5.41,950,2021-05-07 12:55:00,BNGO
5.42,5.42,5.41,5.41,2000,2021-05-07 12:56:00,BNGO
5.42,5.42,5.41,5.42,2397,2021-05-07 12:57:00,BNGO
5.41,5.4229,5.41,5.41,1446,2021-05-07 12:58:00,BNGO
5.4299,5.43,5.41,5.41,4000,2021-05-07 12:59:00,BNGO
5.4299,5.43,5.42,5.43,540,2021-05-07 13:00:00,BNGO
5.43,5.43,5.43,5.43,200,2021-05-07 13:01:00,BNGO
5.43,5.43,5.42,5.43,5795,2021-05-07 13:02:00,BNGO
5.42,5.42,5.41,5.41,2536,2021-05-07 13:03:00,BNGO
5.41,5.41,5.41,5.41,477,2021-05-07 13:04:00,BNGO
5.41,5.41,5.41,5.41,3730,2021-05-07 13:05:00,BNGO
5.41,5.42,5.41,5.42,1958,2021-05-07 13:06:00,BNGO
5.41,5.42,5.41,5.42,4900,2021-05-07 13:07:00,BNGO
5.41,5.42,5.41,5.42,2690,2021-05-07 13:08:00,BNGO
5.41,5.4199,5.41,5.41,2042,2021-05-07 13:09:00,BNGO
5.41,5.41,5.4,5.41,8346,2021-05-07 13:10:00,BNGO
5.4,5.4099,5.4,5.4,2888,2021-05-07 13:11:00,BNGO
5.4,5.41,5.4,5.4,1661,2021-05-07 13:12:00,BNGO
5.39,5.4,5.39,5.4,485,2021-05-07 13:13:00,BNGO
5.4,5.4,5.39,5.39,1302,2021-05-07 13:14:00,BNGO
5.4,5.4,5.4,5.4,1005,2021-05-07 13:15:00,BNGO
5.39,5.39,5.39,5.39,2700,2021-05-07 13:16:00,BNGO
5.38,5.39,5.38,5.39,505,2021-05-07 13:17:00,BNGO
5.38,5.38,5.375,5.38,3169,2021-05-07 13:18:00,BNGO
5.38,5.38,5.38,5.38,100,2021-05-07 13:19:00,BNGO
5.37,5.37,5.36,5.37,1713,2021-05-07 13:20:00,BNGO
5.37,5.37,5.37,5.37,4426,2021-05-07 13:21:00,BNGO
5.3601,5.37,5.3601,5.37,1400,2021-05-07 13:22:00,BNGO
5.36,5.37,5.36,5.37,1579,2021-05-07 13:23:00,BNGO
5.36,5.36,5.36,5.36,100,2021-05-07 13:24:00,BNGO
5.36,5.36,5.36,5.36,5563,2021-05-07 13:25:00,BNGO
5.3699,5.37,5.36,5.37,2699,2021-05-07 13:26:00,BNGO
5.3699,5.37,5.3699,5.37,6106,2021-05-07 13:27:00,BNGO
5.37,5.41,5.37,5.38,12161,2021-05-07 13:28:00,BNGO
5.4,5.42,5.4,5.42,940,2021-05-07 13:29:00,BNGO
5.42,5.43,5.3899,5.391,217454,2021-05-07 13:30:00,BNGO
5.41,5.4499,5.38,5.4239,127745,2021-05-07 13:31:00,BNGO
5.44,5.46,5.4053,5.41,135508,2021-05-07 13:32:00,BNGO
5.41,5.41,5.37,5.382,69115,2021-05-07 13:33:00,BNGO
5.38,5.3855,5.315,5.33,141662,2021-05-07 13:34:00,BNGO
5.32,5.3846,5.315,5.3846,73522,2021-05-07 13:35:00,BNGO
5.385,5.47,5.37,5.44,143384,2021-05-07 13:36:00,BNGO
5.44,5.48,5.43,5.4799,141475,2021-05-07 13:37:00,BNGO
5.47,5.49,5.4518,5.485,75397,2021-05-07 13:38:00,BNGO
5.485,5.5,5.46,5.48,130969,2021-05-07 13:39:00,BNGO
5.48,5.4809,5.45,5.455,75077,2021-05-07 13:40:00,BNGO
5.4515,5.49,5.45,5.485,75192,2021-05-07 13:41:00,BNGO
5.4893,5.49,5.44,5.4499,94921,2021-05-07 13:42:00,BNGO
5.445,5.47,5.445,5.46,44827,2021-05-07 13:43:00,BNGO
5.455,5.46,5.43,5.455,65564,2021-05-07 13:44:00,BNGO
5.45,5.465,5.41,5.4594,57515,2021-05-07 13:45:00,BNGO
5.46,5.4799,5.4418,5.445,82729,2021-05-07 13:46:00,BNGO
5.4428,5.4793,5.44,5.45,48996,2021-05-07 13:47:00,BNGO
5.4594,5.49,5.4594,5.475,41182,2021-05-07 13:48:00,BNGO
5.48,5.54,5.48,5.5241,130014,2021-05-07 13:49:00,BNGO
5.525,5.54,5.4918,5.495,91181,2021-05-07 13:50:00,BNGO
5.4992,5.501,5.47,5.4995,46908,2021-05-07 13:51:00,BNGO
5.4901,5.5045,5.4801,5.5,53578,2021-05-07 13:52:00,BNGO
5.5,5.5,5.47,5.47,61313,2021-05-07 13:53:00,BNGO
5.465,5.47,5.43,5.4322,61158,2021-05-07 13:54:00,BNGO
5.4319,5.45,5.4,5.4,97273,2021-05-07 13:55:00,BNGO
5.405,5.44,5.4,5.43,49521,2021-05-07 13:56:00,BNGO
5.44,5.44,5.41,5.435,106647,2021-05-07 13:57:00,BNGO
5.44,5.4498,5.4349,5.44,22745,2021-05-07 13:58:00,BNGO
5.4488,5.46,5.425,5.45,37251,2021-05-07 13:59:00,BNGO
5.4515,5.4899,5.4515,5.46,32257,2021-05-07 14:00:00,BNGO
5.47,5.47,5.4523,5.46,38395,2021-05-07 14:01:00,BNGO
5.47,5.485,5.46,5.4699,42628,2021-05-07 14:02:00,BNGO
5.47,5.4899,5.47,5.48,13872,2021-05-07 14:03:00,BNGO
5.4799,5.5,5.475,5.485,45326,2021-05-07 14:04:00,BNGO
5.485,5.505,5.475,5.501,82058,2021-05-07 14:05:00,BNGO
5.5,5.51,5.4918,5.4918,19579,2021-05-07 14:06:00,BNGO
5.4946,5.505,5.485,5.5,36940,2021-05-07 14:07:00,BNGO
5.4992,5.54,5.4918,5.5399,125396,2021-05-07 14:08:00,BNGO
5.5301,5.58,5.525,5.5643,134415,2021-05-07 14:09:00,BNGO
5.565,5.69,5.5607,5.66,447264,2021-05-07 14:10:00,BNGO
5.655,5.67,5.63,5.63,160542,2021-05-07 14:11:00,BNGO
5.64,5.67,5.63,5.67,71097,2021-05-07 14:12:00,BNGO
5.67,5.715,5.6622,5.7105,115803,2021-05-07 14:13:00,BNGO
5.71,5.73,5.7,5.705,96622,2021-05-07 14:14:00,BNGO
5.705,5.719,5.6895,5.705,91975,2021-05-07 14:15:00,BNGO
5.705,5.7089,5.68,5.685,124790,2021-05-07 14:16:00,BNGO
5.68,5.69,5.68,5.6807,34831,2021-05-07 14:17:00,BNGO
5.6879,5.69,5.6701,5.685,39528,2021-05-07 14:18:00,BNGO
5.6801,5.695,5.67,5.675,56731,2021-05-07 14:19:00,BNGO
5.68,5.7,5.6715,5.6987,41074,2021-05-07 14:20:00,BNGO
5.695,5.71,5.68,5.7,60707,2021-05-07 14:21:00,BNGO
5.7,5.72,5.69,5.69,130476,2021-05-07 14:22:00,BNGO
5.69,5.7,5.67,5.68,69274,2021-05-07 14:23:00,BNGO
5.68,5.6986,5.67,5.67,119331,2021-05-07 14:24:00,BNGO
5.68,5.68,5.67,5.673,18522,2021-05-07 14:25:00,BNGO
5.675,5.71,5.66,5.695,96634,2021-05-07 14:26:00,BNGO
5.6901,5.7,5.67,5.68,59945,2021-05-07 14:27:00,BNGO
5.675,5.6799,5.645,5.645,43551,2021-05-07 14:28:00,BNGO
5.645,5.67,5.64,5.6692,35448,2021-05-07 14:29:00,BNGO
5.6642,5.68,5.65,5.65,44770,2021-05-07 14:30:00,BNGO
5.655,5.67,5.65,5.652,22046,2021-05-07 14:31:00,BNGO
5.655,5.66,5.65,5.65,23037,2021-05-07 14:32:00,BNGO
5.659,5.66,5.63,5.6324,40298,2021-05-07 14:33:00,BNGO
5.635,5.65,5.63,5.64,22177,2021-05-07 14:34:00,BNGO
5.645,5.67,5.64,5.67,39672,2021-05-07 14:35:00,BNGO
5.6699,5.6699,5.64,5.6489,31707,2021-05-07 14:36:00,BNGO
5.65,5.65,5.64,5.641,21019,2021-05-07 14:37:00,BNGO
5.64,5.65,5.62,5.625,80286,2021-05-07 14:38:00,BNGO
5.63,5.64,5.62,5.631,26100,2021-05-07 14:39:00,BNGO
5.64,5.66,5.635,5.66,18918,2021-05-07 14:40:00,BNGO
5.6599,5.66,5.65,5.66,16603,2021-05-07 14:41:00,BNGO
5.655,5.69,5.6513,5.69,47207,2021-05-07 14:42:00,BNGO
5.69,5.71,5.68,5.7,57055,2021-05-07 14:43:00,BNGO
5.7073,5.72,5.69,5.695,62258,2021-05-07 14:44:00,BNGO
5.695,5.71,5.6939,5.71,15957,2021-05-07 14:45:00,BNGO
5.705,5.705,5.6697,5.675,54626,2021-05-07 14:46:00,BNGO
5.67,5.68,5.66,5.66,23718,2021-05-07 14:47:00,BNGO
5.66,5.67,5.65,5.65,30117,2021-05-07 14:48:00,BNGO
5.655,5.665,5.65,5.665,22099,2021-05-07 14:49:00,BNGO
5.67,5.7,5.665,5.6954,54021,2021-05-07 14:50:00,BNGO
5.6938,5.7,5.675,5.699,54133,2021-05-07 14:51:00,BNGO
5.69,5.69,5.675,5.69,22966,2021-05-07 14:52:00,BNGO
5.685,5.69,5.68,5.6853,28746,2021-05-07 14:53:00,BNGO
5.685,5.69,5.67,5.68,34977,2021-05-07 14:54:00,BNGO
5.69,5.7,5.6808,5.695,24087,2021-05-07 14:55:00,BNGO
5.6977,5.7,5.68,5.68,13202,2021-05-07 14:56:00,BNGO
5.6808,5.6808,5.6,5.605,392004,2021-05-07 14:57:00,BNGO
5.6,5.64,5.6,5.635,153571,2021-05-07 14:58:00,BNGO
5.63,5.64,5.63,5.6301,23181,2021-05-07 14:59:00,BNGO
5.63,5.64,5.61,5.6106,20533,2021-05-07 15:00:00,BNGO
5.62,5.63,5.61,5.61,18175,2021-05-07 15:01:00,BNGO
5.61,5.6183,5.59,5.598,43045,2021-05-07 15:02:00,BNGO
5.6,5.61,5.59,5.6086,26503,2021-05-07 15:03:00,BNGO
5.6013,5.61,5.6,5.605,11606,2021-05-07 15:04:00,BNGO
5.605,5.61,5.59,5.6,42981,2021-05-07 15:05:00,BNGO
5.6,5.61,5.59,5.59,28447,2021-05-07 15:06:00,BNGO
5.595,5.6,5.58,5.5801,29098,2021-05-07 15:07:00,BNGO
5.585,5.59,5.56,5.5677,29892,2021-05-07 15:08:00,BNGO
5.565,5.57,5.56,5.5617,22274,2021-05-07 15:09:00,BNGO
5.562,5.57,5.55,5.56,48271,2021-05-07 15:10:00,BNGO
5.56,5.57,5.56,5.5601,15303,2021-05-07 15:11:00,BNGO
5.565,5.57,5.5408,5.545,62456,2021-05-07 15:12:00,BNGO
5.5411,5.56,5.525,5.54,75439,2021-05-07 15:13:00,BNGO
5.5374,5.56,5.53,5.56,39985,2021-05-07 15:14:00,BNGO
5.56,5.565,5.55,5.565,11570,2021-05-07 15:15:00,BNGO
5.565,5.565,5.54,5.56,46647,2021-05-07 15:16:00,BNGO
5.56,5.565,5.55,5.555,21358,2021-05-07 15:17:00,BNGO
5.555,5.56,5.55,5.5511,4257,2021-05-07 15:18:00,BNGO
5.555,5.5599,5.525,5.53,96156,2021-05-07 15:19:00,BNGO
5.535,5.54,5.525,5.5399,104259,2021-05-07 15:20:00,BNGO
5.5399,5.55,5.53,5.5305,82969,2021-05-07 15:21:00,BNGO
5.53,5.54,5.52,5.531,171566,2021-05-07 15:22:00,BNGO
5.53,5.5399,5.5,5.505,260810,2021-05-07 15:23:00,BNGO
5.51,5.51,5.48,5.495,95271,2021-05-07 15:24:00,BNGO
5.49,5.4901,5.48,5.4855,24095,2021-05-07 15:25:00,BNGO
5.485,5.4889,5.47,5.47,28027,2021-05-07 15:26:00,BNGO
5.475,5.5,5.47,5.4977,32989,2021-05-07 15:27:00,BNGO
5.5,5.5,5.485,5.485,27303,2021-05-07 15:28:00,BNGO
5.485,5.49,5.48,5.4899,10536,2021-05-07 15:29:00,BNGO
5.49,5.5,5.4801,5.49,11197,2021-05-07 15:30:00,BNGO
5.495,5.5099,5.495,5.4999,47486,2021-05-07 15:31:00,BNGO
5.495,5.51,5.4919,5.51,13498,2021-05-07 15:32:00,BNGO
5.5092,5.51,5.5001,5.5062,7996,2021-05-07 15:33:00,BNGO
5.51,5.51,5.5,5.505,14851,2021-05-07 15:34:00,BNGO
5.5,5.51,5.5,5.51,20645,2021-05-07 15:35:00,BNGO
5.518,5.52,5.5,5.5098,21061,2021-05-07 15:36:00,BNGO
5.5048,5.51,5.49,5.49,27341,2021-05-07 15:37:00,BNGO
5.49,5.4999,5.49,5.4999,3322,2021-05-07 15:38:00,BNGO
5.495,5.51,5.4925,5.5085,8659,2021-05-07 15:39:00,BNGO
5.505,5.51,5.5,5.5059,8559,2021-05-07 15:40:00,BNGO
5.505,5.5081,5.5,5.505,4493,2021-05-07 15:41:00,BNGO
5.5012,5.5076,5.5,5.505,1823,2021-05-07 15:42:00,BNGO
5.505,5.51,5.5,5.5,3719,2021-05-07 15:43:00,BNGO
5.505,5.52,5.5,5.515,30645,2021-05-07 15:44:00,BNGO
5.515,5.525,5.5,5.5177,52013,2021-05-07 15:45:00,BNGO
5.51,5.52,5.51,5.515,15742,2021-05-07 15:46:00,BNGO
5.515,5.54,5.515,5.5314,33925,2021-05-07 15:47:00,BNGO
5.53,5.54,5.52,5.525,34233,2021-05-07 15:48:00,BNGO
5.5297,5.53,5.52,5.528,18901,2021-05-07 15:49:00,BNGO
5.53,5.53,5.52,5.52,11915,2021-05-07 15:50:00,BNGO
5.525,5.53,5.52,5.525,5709,2021-05-07 15:51:00,BNGO
5.525,5.53,5.52,5.525,11153,2021-05-07 15:52:00,BNGO
5.5224,5.53,5.52,5.53,11859,2021-05-07 15:53:00,BNGO
5.53,5.53,5.51,5.515,70390,2021-05-07 15:54:00,BNGO
5.52,5.52,5.5142,5.52,5199,2021-05-07 15:55:00,BNGO
5.5162,5.52,5.5,5.505,23724,2021-05-07 15:56:00,BNGO
5.51,5.51,5.49,5.49,44889,2021-05-07 15:57:00,BNGO
5.485,5.52,5.485,5.52,27424,2021-05-07 15:58:00,BNGO
5.515,5.515,5.5,5.51,11120,2021-05-07 15:59:00,BNGO
5.5088,5.515,5.5,5.5101,53762,2021-05-07 16:00:00,BNGO
5.515,5.515,5.5,5.505,20473,2021-05-07 16:01:00,BNGO
5.5005,5.505,5.49,5.5,60407,2021-05-07 16:02:00,BNGO
5.5,5.51,5.4901,5.51,32053,2021-05-07 16:03:00,BNGO
5.5008,5.52,5.5008,5.5163,23404,2021-05-07 16:04:00,BNGO
5.515,5.515,5.5,5.5,12495,2021-05-07 16:05:00,BNGO
5.5093,5.51,5.5,5.5092,10369,2021-05-07 16:06:00,BNGO
5.51,5.5153,5.5,5.51,31314,2021-05-07 16:07:00,BNGO
5.5071,5.51,5.5,5.505,9151,2021-05-07 16:08:00,BNGO
5.5,5.505,5.49,5.505,31934,2021-05-07 16:09:00,BNGO
5.5001,5.52,5.5,5.505,13370,2021-05-07 16:10:00,BNGO
5.51,5.51,5.5,5.505,5994,2021-05-07 16:11:00,BNGO
5.5,5.5058,5.5,5.505,3210,2021-05-07 16:12:00,BNGO
5.5001,5.51,5.492,5.5,13139,2021-05-07 16:13:00,BNGO
5.4988,5.5,5.49,5.49,8746,2021-05-07 16:14:00,BNGO
5.4965,5.5015,5.49,5.5015,11333,2021-05-07 16:15:00,BNGO
5.505,5.51,5.5,5.5,8180,2021-05-07 16:16:00,BNGO
5.5,5.51,5.5,5.505,7445,2021-05-07 16:17:00,BNGO
5.5073,5.5094,5.5,5.5,5389,2021-05-07 16:18:00,BNGO
5.5058,5.52,5.505,5.515,23355,2021-05-07 16:19:00,BNGO
5.52,5.52,5.51,5.52,8639,2021-05-07 16:20:00,BNGO
5.53,5.54,5.515,5.52,43256,2021-05-07 16:21:00,BNGO
5.515,5.52,5.51,5.5101,13301,2021-05-07 16:22:00,BNGO
5.515,5.52,5.515,5.515,5933,2021-05-07 16:23:00,BNGO
5.5101,5.52,5.51,5.52,3245,2021-05-07 16:24:00,BNGO
5.5101,5.52,5.5,5.5032,59054,2021-05-07 16:25:00,BNGO
5.5011,5.5076,5.5,5.5076,5580,2021-05-07 16:26:00,BNGO
5.505,5.505,5.5,5.5,2868,2021-05-07 16:27:00,BNGO
5.5,5.51,5.49,5.5002,31039,2021-05-07 16:28:00,BNGO
5.5099,5.5099,5.5,5.505,4488,2021-05-07 16:29:00,BNGO
5.5001,5.5057,5.5001,5.505,2611,2021-05-07 16:30:00,BNGO
5.5079,5.5084,5.5,5.5,1510,2021-05-07 16:31:00,BNGO
5.5099,5.51,5.5,5.51,3472,2021-05-07 16:32:00,BNGO
5.5063,5.5099,5.5001,5.5099,2118,2021-05-07 16:33:00,BNGO
5.5079,5.51,5.5,5.5015,2735,2021-05-07 16:34:00,BNGO
5.5079,5.51,5.505,5.5099,1010,2021-05-07 16:35:00,BNGO
5.5058,5.51,5.5,5.505,3450,2021-05-07 16:36:00,BNGO
5.5047,5.5099,5.5,5.505,3310,2021-05-07 16:37:00,BNGO
5.5013,5.51,5.5,5.51,4031,2021-05-07 16:38:00,BNGO
5.505,5.5052,5.49,5.49,14153,2021-05-07 16:39:00,BNGO
5.495,5.5,5.49,5.5,4861,2021-05-07 16:40:00,BNGO
5.5,5.5,5.48,5.4884,37723,2021-05-07 16:41:00,BNGO
5.48,5.49,5.48,5.4805,11260,2021-05-07 16:42:00,BNGO
5.48,5.49,5.48,5.485,28107,2021-05-07 16:43:00,BNGO
5.48,5.49,5.45,5.4509,67827,2021-05-07 16:44:00,BNGO
5.455,5.46,5.45,5.46,11217,2021-05-07 16:45:00,BNGO
5.46,5.48,5.455,5.475,27848,2021-05-07 16:46:00,BNGO
5.475,5.48,5.47,5.4788,19516,2021-05-07 16:47:00,BNGO
5.472,5.48,5.47,5.475,3415,2021-05-07 16:48:00,BNGO
5.475,5.48,5.465,5.478,10707,2021-05-07 16:49:00,BNGO
5.48,5.49,5.48,5.49,7800,2021-05-07 16:50:00,BNGO
5.4814,5.5,5.48,5.49,16710,2021-05-07 16:51:00,BNGO
5.4945,5.5,5.49,5.49,1758,2021-05-07 16:52:00,BNGO
5.5,5.5,5.4913,5.4999,4570,2021-05-07 16:53:00,BNGO
5.5,5.5,5.495,5.495,1681,2021-05-07 16:54:00,BNGO
5.4953,5.5,5.4918,5.495,2911,2021-05-07 16:55:00,BNGO
5.495,5.5,5.495,5.4995,9967,2021-05-07 16:56:00,BNGO
5.498,5.5199,5.498,5.51,35023,2021-05-07 16:57:00,BNGO
5.5151,5.53,5.5114,5.525,5268,2021-05-07 16:58:00,BNGO
5.525,5.53,5.52,5.53,21862,2021-05-07 16:59:00,BNGO
5.525,5.53,5.52,5.53,7844,2021-05-07 17:00:00,BNGO
5.5224,5.53,5.5222,5.5267,5086,2021-05-07 17:01:00,BNGO
5.525,5.53,5.52,5.525,5703,2021-05-07 17:02:00,BNGO
5.53,5.53,5.52,5.5239,2260,2021-05-07 17:03:00,BNGO
5.52,5.525,5.51,5.515,48901,2021-05-07 17:04:00,BNGO
5.515,5.515,5.49,5.4901,28323,2021-05-07 17:05:00,BNGO
5.495,5.5,5.48,5.485,10251,2021-05-07 17:06:00,BNGO
5.485,5.495,5.48,5.4811,27912,2021-05-07 17:07:00,BNGO
5.48,5.49,5.48,5.4805,11711,2021-05-07 17:08:00,BNGO
5.485,5.495,5.48,5.4876,19993,2021-05-07 17:09:00,BNGO
5.48,5.49,5.48,5.4878,1581,2021-05-07 17:10:00,BNGO
5.4815,5.4976,5.4815,5.495,7727,2021-05-07 17:11:00,BNGO
5.4999,5.5,5.49,5.4989,7950,2021-05-07 17:12:00,BNGO
5.495,5.495,5.47,5.4776,8465,2021-05-07 17:13:00,BNGO
5.475,5.4894,5.4712,5.48,47478,2021-05-07 17:14:00,BNGO
5.48,5.485,5.47,5.4799,5853,2021-05-07 17:15:00,BNGO
5.475,5.48,5.47,5.4782,3043,2021-05-07 17:16:00,BNGO
5.475,5.48,5.47,5.4739,23546,2021-05-07 17:17:00,BNGO
5.475,5.48,5.47,5.47,1232,2021-05-07 17:18:00,BNGO
5.47,5.48,5.46,5.465,16761,2021-05-07 17:19:00,BNGO
5.46,5.465,5.45,5.455,18633,2021-05-07 17:20:00,BNGO
5.45,5.47,5.45,5.47,26477,2021-05-07 17:21:00,BNGO
5.469,5.47,5.46,5.465,15811,2021-05-07 17:22:00,BNGO
5.47,5.47,5.4601,5.465,13447,2021-05-07 17:23:00,BNGO
5.47,5.47,5.46,5.465,6161,2021-05-07 17:24:00,BNGO
5.47,5.475,5.455,5.455,33549,2021-05-07 17:25:00,BNGO
5.46,5.4606,5.45,5.455,20647,2021-05-07 17:26:00,BNGO
5.455,5.455,5.45,5.455,19978,2021-05-07 17:27:00,BNGO
5.45,5.455,5.41,5.41,123418,2021-05-07 17:28:00,BNGO
5.415,5.44,5.415,5.44,61237,2021-05-07 17:29:00,BNGO
5.4363,5.465,5.435,5.455,59628,2021-05-07 17:30:00,BNGO
5.46,5.46,5.45,5.46,6943,2021-05-07 17:31:00,BNGO
5.45,5.465,5.45,5.465,14699,2021-05-07 17:32:00,BNGO
5.4618,5.465,5.45,5.4589,21474,2021-05-07 17:33:00,BNGO
5.4589,5.47,5.4589,5.47,24786,2021-05-07 17:34:00,BNGO
5.4672,5.47,5.46,5.465,11875,2021-05-07 17:35:00,BNGO
5.465,5.47,5.46,5.4688,11648,2021-05-07 17:36:00,BNGO
5.4622,5.47,5.46,5.465,22612,2021-05-07 17:37:00,BNGO
5.46,5.47,5.46,5.46,15700,2021-05-07 17:38:00,BNGO
5.46,5.46,5.42,5.42,53992,2021-05-07 17:39:00,BNGO
5.4276,5.45,5.42,5.4399,30870,2021-05-07 17:40:00,BNGO
5.43,5.4499,5.43,5.44,22125,2021-05-07 17:41:00,BNGO
5.43,5.44,5.43,5.43,11277,2021-05-07 17:42:00,BNGO
5.432,5.44,5.432,5.44,3286,2021-05-07 17:43:00,BNGO
5.4391,5.44,5.435,5.435,1000,2021-05-07 17:44:00,BNGO
5.44,5.44,5.435,5.44,2305,2021-05-07 17:45:00,BNGO
5.435,5.44,5.42,5.4217,14376,2021-05-07 17:46:00,BNGO
5.425,5.43,5.42,5.4254,4700,2021-05-07 17:47:00,BNGO
5.425,5.44,5.425,5.4307,64850,2021-05-07 17:48:00,BNGO
5.435,5.44,5.43,5.435,14270,2021-05-07 17:49:00,BNGO
5.43,5.435,5.4224,5.4293,4979,2021-05-07 17:50:00,BNGO
5.425,5.44,5.4201,5.425,30188,2021-05-07 17:51:00,BNGO
5.43,5.44,5.42,5.425,29531,2021-05-07 17:52:00,BNGO
5.4258,5.4299,5.42,5.42,2584,2021-05-07 17:53:00,BNGO
5.4223,5.43,5.41,5.41,21594,2021-05-07 17:54:00,BNGO
5.41,5.41,5.38,5.39,80635,2021-05-07 17:55:00,BNGO
5.395,5.4,5.3701,5.3701,43584,2021-05-07 17:56:00,BNGO
5.375,5.3999,5.37,5.395,54402,2021-05-07 17:57:00,BNGO
5.395,5.405,5.39,5.4,36146,2021-05-07 17:58:00,BNGO
5.405,5.409,5.39,5.4,18189,2021-05-07 17:59:00,BNGO
5.39,5.4,5.38,5.395,84161,2021-05-07 18:00:00,BNGO
5.395,5.3984,5.39,5.3923,13023,2021-05-07 18:01:00,BNGO
5.395,5.42,5.3946,5.41,64702,2021-05-07 18:02:00,BNGO
5.4001,5.42,5.4001,5.415,16877,2021-05-07 18:03:00,BNGO
5.415,5.42,5.41,5.4199,14133,2021-05-07 18:04:00,BNGO
5.41,5.42,5.4,5.4,10311,2021-05-07 18:05:00,BNGO
5.4,5.41,5.4,5.4,8700,2021-05-07 18:06:00,BNGO
5.4,5.4099,5.39,5.39,20725,2021-05-07 18:07:00,BNGO
5.39,5.4,5.39,5.3912,6027,2021-05-07 18:08:00,BNGO
5.3999,5.4,5.39,5.3999,20456,2021-05-07 18:09:00,BNGO
5.4,5.4,5.39,5.395,4474,2021-05-07 18:10:00,BNGO
5.39,5.395,5.38,5.38,35551,2021-05-07 18:11:00,BNGO
5.38,5.3899,5.38,5.385,28148,2021-05-07 18:12:00,BNGO
5.385,5.39,5.38,5.385,4153,2021-05-07 18:13:00,BNGO
5.385,5.3899,5.37,5.375,33544,2021-05-07 18:14:00,BNGO
5.379,5.3879,5.371,5.3801,38664,2021-05-07 18:15:00,BNGO
5.385,5.385,5.38,5.385,23359,2021-05-07 18:16:00,BNGO
5.39,5.39,5.38,5.388,10361,2021-05-07 18:17:00,BNGO
5.39,5.39,5.38,5.3882,7563,2021-05-07 18:18:00,BNGO
5.39,5.39,5.38,5.385,4430,2021-05-07 18:19:00,BNGO
5.38,5.39,5.38,5.3807,3100,2021-05-07 18:20:00,BNGO
5.385,5.39,5.37,5.3799,19967,2021-05-07 18:21:00,BNGO
5.38,5.39,5.38,5.3895,44760,2021-05-07 18:22:00,BNGO
5.38,5.4,5.38,5.4,35752,2021-05-07 18:23:00,BNGO
5.41,5.41,5.4,5.4012,6185,2021-05-07 18:24:00,BNGO
5.405,5.415,5.4,5.415,18455,2021-05-07 18:25:00,BNGO
5.41,5.4158,5.4,5.4099,21747,2021-05-07 18:26:00,BNGO
5.405,5.41,5.4008,5.4099,3929,2021-05-07 18:27:00,BNGO
5.4099,5.4099,5.39,5.39,18509,2021-05-07 18:28:00,BNGO
5.39,5.39,5.38,5.381,17971,2021-05-07 18:29:00,BNGO
5.38,5.39,5.38,5.385,25536,2021-05-07 18:30:00,BNGO
5.385,5.39,5.3808,5.3889,15650,2021-05-07 18:31:00,BNGO
5.39,5.39,5.38,5.39,11397,2021-05-07 18:32:00,BNGO
5.385,5.39,5.38,5.38,4151,2021-05-07 18:33:00,BNGO
5.39,5.39,5.385,5.39,5654,2021-05-07 18:34:00,BNGO
5.385,5.4,5.38,5.395,144812,2021-05-07 18:35:00,BNGO
5.395,5.398,5.385,5.385,19571,2021-05-07 18:36:00,BNGO
5.39,5.4,5.39,5.4,26302,2021-05-07 18:37:00,BNGO
5.4,5.4,5.39,5.395,3130,2021-05-07 18:38:00,BNGO
5.394,5.4,5.394,5.3968,2762,2021-05-07 18:39:00,BNGO
5.3906,5.4,5.3906,5.395,12790,2021-05-07 18:40:00,BNGO
5.395,5.4,5.39,5.39,4732,2021-05-07 18:41:00,BNGO
5.4,5.4,5.3806,5.382,47487,2021-05-07 18:42:00,BNGO
5.385,5.39,5.38,5.385,10370,2021-05-07 18:43:00,BNGO
5.39,5.39,5.3813,5.3813,2050,2021-05-07 18:44:00,BNGO
5.385,5.3898,5.38,5.3805,28481,2021-05-07 18:45:00,BNGO
5.385,5.39,5.3818,5.385,15326,2021-05-07 18:46:00,BNGO
5.39,5.4,5.39,5.395,17948,2021-05-07 18:47:00,BNGO
5.395,5.4,5.3921,5.395,2373,2021-05-07 18:48:00,BNGO
5.396,5.41,5.3913,5.41,22985,2021-05-07 18:49:00,BNGO
5.42,5.43,5.41,5.43,12692,2021-05-07 18:50:00,BNGO
5.425,5.44,5.42,5.44,50364,2021-05-07 18:51:00,BNGO
5.4301,5.44,5.43,5.4386,46199,2021-05-07 18:52:00,BNGO
5.435,5.44,5.41,5.4107,47150,2021-05-07 18:53:00,BNGO
5.41,5.42,5.4,5.4095,37916,2021-05-07 18:54:00,BNGO
5.4,5.42,5.4,5.413,57519,2021-05-07 18:55:00,BNGO
5.42,5.43,5.4182,5.43,8222,2021-05-07 18:56:00,BNGO
5.4202,5.43,5.42,5.43,38743,2021-05-07 18:57:00,BNGO
5.425,5.43,5.405,5.405,42932,2021-05-07 18:58:00,BNGO
5.405,5.42,5.4045,5.41,39538,2021-05-07 18:59:00,BNGO
5.41,5.425,5.41,5.42,23186,2021-05-07 19:00:00,BNGO
5.43,5.43,5.42,5.43,10905,2021-05-07 19:01:00,BNGO
5.4257,5.43,5.415,5.415,20560,2021-05-07 19:02:00,BNGO
5.42,5.42,5.4101,5.416,5415,2021-05-07 19:03:00,BNGO
5.4122,5.42,5.4101,5.4199,6739,2021-05-07 19:04:00,BNGO
5.41,5.425,5.41,5.411,39689,2021-05-07 19:05:00,BNGO
5.4101,5.43,5.4101,5.4186,40308,2021-05-07 19:06:00,BNGO
5.4115,5.42,5.41,5.4185,14289,2021-05-07 19:07:00,BNGO
5.4101,5.4199,5.405,5.405,14261,2021-05-07 19:08:00,BNGO
5.4001,5.41,5.4,5.41,21463,2021-05-07 19:09:00,BNGO
5.41,5.42,5.41,5.4108,9554,2021-05-07 19:10:00,BNGO
5.415,5.42,5.41,5.4185,2037,2021-05-07 19:11:00,BNGO
5.41,5.4176,5.41,5.41,9767,2021-05-07 19:12:00,BNGO
5.405,5.41,5.405,5.41,9303,2021-05-07 19:13:00,BNGO
5.4099,5.4199,5.39,5.39,43006,2021-05-07 19:14:00,BNGO
5.393,5.4,5.37,5.385,244666,2021-05-07 19:15:00,BNGO
5.385,5.4,5.38,5.399,28363,2021-05-07 19:16:00,BNGO
5.3989,5.41,5.3966,5.41,11015,2021-05-07 19:17:00,BNGO
5.405,5.405,5.39,5.395,12721,2021-05-07 19:18:00,BNGO
5.3999,5.41,5.395,5.4068,193203,2021-05-07 19:19:00,BNGO
5.405,5.41,5.4,5.4063,22293,2021-05-07 19:20:00,BNGO
5.41,5.41,5.4,5.4098,24078,2021-05-07 19:21:00,BNGO
5.41,5.425,5.405,5.4071,44397,2021-05-07 19:22:00,BNGO
5.4099,5.41,5.4,5.4,39859,2021-05-07 19:23:00,BNGO
5.41,5.41,5.4,5.41,24585,2021-05-07 19:24:00,BNGO
5.405,5.41,5.4,5.4099,13049,2021-05-07 19:25:00,BNGO
5.405,5.42,5.4,5.4188,99998,2021-05-07 19:26:00,BNGO
5.419,5.419,5.4,5.4077,43498,2021-05-07 19:27:00,BNGO
5.4099,5.41,5.39,5.395,84623,2021-05-07 19:28:00,BNGO
5.4,5.4,5.39,5.3999,92621,2021-05-07 19:29:00,BNGO
5.39,5.41,5.39,5.405,95830,2021-05-07 19:30:00,BNGO
5.4,5.4075,5.4,5.4075,2621,2021-05-07 19:31:00,BNGO
5.405,5.41,5.4024,5.4053,18982,2021-05-07 19:32:00,BNGO
5.4,5.41,5.4,5.41,5320,2021-05-07 19:33:00,BNGO
5.4,5.41,5.4,5.4,6357,2021-05-07 19:34:00,BNGO
5.41,5.41,5.4,5.405,25438,2021-05-07 19:35:00,BNGO
5.405,5.41,5.405,5.409,23797,2021-05-07 19:36:00,BNGO
5.4062,5.41,5.4,5.4057,15374,2021-05-07 19:37:00,BNGO
5.41,5.41,5.39,5.395,32192,2021-05-07 19:38:00,BNGO
5.3933,5.4,5.39,5.3966,12267,2021-05-07 19:39:00,BNGO
5.395,5.4,5.39,5.391,7561,2021-05-07 19:40:00,BNGO
5.395,5.4,5.39,5.395,2260,2021-05-07 19:41:00,BNGO
5.395,5.4,5.39,5.39,17395,2021-05-07 19:42:00,BNGO
5.3909,5.4,5.39,5.395,11571,2021-05-07 19:43:00,BNGO
5.39,5.4,5.39,5.4,21186,2021-05-07 19:44:00,BNGO
5.395,5.4,5.385,5.3965,101404,2021-05-07 19:45:00,BNGO
5.4,5.42,5.395,5.41,122212,2021-05-07 19:46:00,BNGO
5.405,5.41,5.4,5.405,4515,2021-05-07 19:47:00,BNGO
5.405,5.41,5.4,5.4,4729,2021-05-07 19:48:00,BNGO
5.405,5.43,5.4013,5.43,66972,2021-05-07 19:49:00,BNGO
5.43,5.4355,5.4121,5.4157,70666,2021-05-07 19:50:00,BNGO
5.415,5.42,5.41,5.415,12253,2021-05-07 19:51:00,BNGO
5.42,5.43,5.415,5.42,55716,2021-05-07 19:52:00,BNGO
5.425,5.43,5.41,5.415,44906,2021-05-07 19:53:00,BNGO
5.42,5.43,5.41,5.4276,42455,2021-05-07 19:54:00,BNGO
5.425,5.425,5.4,5.405,224151,2021-05-07 19:55:00,BNGO
5.405,5.41,5.4,5.405,66670,2021-05-07 19:56:00,BNGO
5.405,5.41,5.39,5.3964,57011,2021-05-07 19:57:00,BNGO
5.4,5.4,5.38,5.385,66912,2021-05-07 19:58:00,BNGO
5.385,5.41,5.38,5.41,139036,2021-05-07 19:59:00,BNGO
5.41,5.41,5.38,5.38,81058,2021-05-07 20:00:00,BNGO
5.41,5.41,5.41,5.41,225,2021-05-07 20:01:00,BNGO
5.41,5.41,5.41,5.41,400,2021-05-07 20:02:00,BNGO
5.42,5.42,5.42,5.42,258,2021-05-07 20:05:00,BNGO
5.42,5.4399,5.42,5.43,800,2021-05-07 20:06:00,BNGO
5.43,5.44,5.43,5.44,200,2021-05-07 20:07:00,BNGO
5.43,5.44,5.43,5.44,7793,2021-05-07 20:08:00,BNGO
5.43,5.44,5.43,5.4399,5034,2021-05-07 20:09:00,BNGO
5.44,5.44,5.44,5.44,128,2021-05-07 20:10:00,BNGO
5.44,5.44,5.44,5.44,1984,2021-05-07 20:13:00,BNGO
5.43,5.43,5.43,5.43,1550,2021-05-07 20:14:00,BNGO
5.4105,5.43,5.41,5.41,481,2021-05-07 20:17:00,BNGO
5.41,5.43,5.41,5.43,203,2021-05-07 20:18:00,BNGO
5.43,5.43,5.43,5.43,200,2021-05-07 20:23:00,BNGO
5.41,5.41,5.41,5.41,200,2021-05-07 20:24:00,BNGO
5.43,5.43,5.43,5.43,957,2021-05-07 20:25:00,BNGO
5.4109,5.4109,5.41,5.41,245,2021-05-07 20:26:00,BNGO
5.42,5.42,5.42,5.42,300,2021-05-07 20:27:00,BNGO
5.42,5.44,5.42,5.44,1243,2021-05-07 20:29:00,BNGO
5.4343,5.44,5.4343,5.44,200,2021-05-07 20:32:00,BNGO
5.44,5.44,5.44,5.44,100,2021-05-07 20:33:00,BNGO
5.42,5.42,5.4,5.4,15955,2021-05-07 20:34:00,BNGO
5.4,5.4,5.4,5.4,100,2021-05-07 20:36:00,BNGO
5.42,5.43,5.42,5.43,1065,2021-05-07 20:41:00,BNGO
5.43,5.43,5.43,5.43,853,2021-05-07 20:42:00,BNGO
5.43,5.43,5.43,5.43,2614,2021-05-07 20:43:00,BNGO
5.42,5.42,5.42,5.42,480,2021-05-07 20:44:00,BNGO
5.41,5.41,5.4,5.4,877,2021-05-07 20:46:00,BNGO
5.4,5.4,5.4,5.4,200,2021-05-07 20:47:00,BNGO
5.44,5.44,5.44,5.44,185,2021-05-07 20:48:00,BNGO
5.4,5.4,5.4,5.4,250,2021-05-07 20:50:00,BNGO
5.41,5.41,5.41,5.41,300,2021-05-07 20:51:00,BNGO
5.43,5.43,5.42,5.42,1082,2021-05-07 20:52:00,BNGO
5.42,5.42,5.41,5.41,400,2021-05-07 20:54:00,BNGO
5.41,5.41,5.41,5.41,236,2021-05-07 20:55:00,BNGO
5.42,5.42,5.42,5.42,501,2021-05-07 20:57:00,BNGO
5.42,5.42,5.42,5.42,110,2021-05-07 20:59:00,BNGO
5.42,5.42,5.42,5.42,392,2021-05-07 21:00:00,BNGO
5.42,5.42,5.42,5.42,100,2021-05-07 21:02:00,BNGO
5.43,5.43,5.43,5.43,600,2021-05-07 21:03:00,BNGO
5.42,5.44,5.42,5.44,650,2021-05-07 21:05:00,BNGO
5.44,5.44,5.44,5.44,192,2021-05-07 21:06:00,BNGO
5.42,5.42,5.42,5.42,100,2021-05-07 21:09:00,BNGO
5.43,5.43,5.43,5.43,1000,2021-05-07 21:10:00,BNGO
5.43,5.43,5.42,5.42,11155,2021-05-07 21:11:00,BNGO
5.42,5.42,5.42,5.42,240,2021-05-07 21:12:00,BNGO
5.42,5.42,5.42,5.42,200,2021-05-07 21:15:00,BNGO
5.43,5.43,5.42,5.42,799,2021-05-07 21:17:00,BNGO
5.44,5.44,5.44,5.44,300,2021-05-07 21:18:00,BNGO
5.42,5.44,5.42,5.44,1120,2021-05-07 21:20:00,BNGO
5.43,5.44,5.43,5.44,409,2021-05-07 21:21:00,BNGO
5.44,5.44,5.44,5.44,101,2021-05-07 21:22:00,BNGO
5.43,5.43,5.42,5.42,384,2021-05-07 21:26:00,BNGO
5.42,5.42,5.42,5.42,1000,2021-05-07 21:27:00,BNGO
5.43,5.43,5.43,5.43,1000,2021-05-07 21:28:00,BNGO
5.42,5.42,5.42,5.42,100,2021-05-07 21:30:00,BNGO
5.42,5.42,5.42,5.42,1537,2021-05-07 21:31:00,BNGO
5.43,5.43,5.43,5.43,851,2021-05-07 21:32:00,BNGO
5.42,5.42,5.42,5.42,720,2021-05-07 21:33:00,BNGO
5.41,5.41,5.41,5.41,1663,2021-05-07 21:34:00,BNGO
5.42,5.43,5.42,5.43,950,2021-05-07 21:35:00,BNGO
5.43,5.44,5.43,5.44,3589,2021-05-07 21:36:00,BNGO
5.43,5.43,5.43,5.43,168,2021-05-07 21:37:00,BNGO
5.44,5.44,5.44,5.44,200,2021-05-07 21:38:00,BNGO
5.43,5.43,5.43,5.43,500,2021-05-07 21:40:00,BNGO
5.42,5.42,5.42,5.42,100,2021-05-07 21:41:00,BNGO
5.42,5.42,5.42,5.42,460,2021-05-07 21:45:00,BNGO
5.42,5.42,5.42,5.42,100,2021-05-07 21:50:00,BNGO
5.42,5.42,5.42,5.42,220,2021-05-07 21:51:00,BNGO
5.43,5.43,5.43,5.43,500,2021-05-07 21:56:00,BNGO
5.42,5.42,5.42,5.42,400,2021-05-07 21:57:00,BNGO
5.42,5.42,5.42,5.42,1000,2021-05-07 21:58:00,BNGO
5.43,5.43,5.42,5.42,835,2021-05-07 21:59:00,BNGO
5.41,5.41,5.41,5.41,131,2021-05-07 22:01:00,BNGO
5.41,5.41,5.41,5.41,280,2021-05-07 22:03:00,BNGO
5.43,5.43,5.43,5.43,120,2021-05-07 22:08:00,BNGO
5.42,5.42,5.42,5.42,100,2021-05-07 22:09:00,BNGO
5.43,5.43,5.43,5.43,2000,2021-05-07 22:12:00,BNGO
5.42,5.42,5.42,5.42,100,2021-05-07 22:13:00,BNGO
5.43,5.43,5.43,5.43,100,2021-05-07 22:15:00,BNGO
5.43,5.43,5.42,5.42,240,2021-05-07 22:25:00,BNGO
5.41,5.41,5.4,5.4,4926,2021-05-07 22:26:00,BNGO
5.4,5.4,5.4,5.4,4056,2021-05-07 22:27:00,BNGO
5.4,5.4,5.3801,5.4,2754,2021-05-07 22:30:00,BNGO
5.38,5.38,5.38,5.38,1000,2021-05-07 22:33:00,BNGO
5.38,5.38,5.38,5.38,1000,2021-05-07 22:34:00,BNGO
5.38,5.38,5.38,5.38,112,2021-05-07 22:35:00,BNGO
5.4,5.4,5.4,5.4,500,2021-05-07 22:36:00,BNGO
5.38,5.38,5.38,5.38,100,2021-05-07 22:43:00,BNGO
5.38,5.38,5.37,5.37,3442,2021-05-07 22:44:00,BNGO
5.38,5.44,5.37,5.44,12335,2021-05-07 22:45:00,BNGO
5.37,5.37,5.37,5.37,1400,2021-05-07 22:46:00,BNGO
5.38,5.38,5.38,5.38,500,2021-05-07 22:48:00,BNGO
5.38,5.38,5.38,5.38,243,2021-05-07 22:49:00,BNGO
5.38,5.38,5.38,5.38,200,2021-05-07 22:50:00,BNGO
5.38,5.38,5.38,5.38,100,2021-05-07 22:51:00,BNGO
5.4,5.4,5.4,5.4,109,2021-05-07 23:00:00,BNGO
5.4,5.4,5.4,5.4,177,2021-05-07 23:01:00,BNGO
5.4099,5.4099,5.4099,5.4099,150,2021-05-07 23:09:00,BNGO
5.41,5.41,5.41,5.41,300,2021-05-07 23:12:00,BNGO
5.41,5.41,5.41,5.41,387,2021-05-07 23:13:00,BNGO
5.4,5.4,5.4,5.4,565,2021-05-07 23:14:00,BNGO
5.4,5.4,5.4,5.4,100,2021-05-07 23:15:00,BNGO
5.4,5.4,5.4,5.4,100,2021-05-07 23:16:00,BNGO
5.41,5.42,5.41,5.42,2100,2021-05-07 23:20:00,BNGO
5.4,5.4,5.4,5.4,886,2021-05-07 23:25:00,BNGO
5.42,5.43,5.42,5.43,470,2021-05-07 23:27:00,BNGO
5.43,5.43,5.43,5.43,600,2021-05-07 23:28:00,BNGO
5.43,5.44,5.43,5.43,1210,2021-05-07 23:30:00,BNGO
5.43,5.43,5.43,5.43,100,2021-05-07 23:31:00,BNGO
5.43,5.43,5.43,5.43,200,2021-05-07 23:33:00,BNGO
5.41,5.41,5.41,5.41,100,2021-05-07 23:35:00,BNGO
5.44,5.44,5.4199,5.42,700,2021-05-07 23:36:00,BNGO
5.4199,5.4199,5.4199,5.4199,100,2021-05-07 23:37:00,BNGO
5.44,5.44,5.4399,5.4399,300,2021-05-07 23:40:00,BNGO
5.4399,5.45,5.4399,5.44,897,2021-05-07 23:41:00,BNGO
5.44,5.44,5.44,5.44,150,2021-05-07 23:42:00,BNGO
5.41,5.41,5.41,5.41,100,2021-05-07 23:44:00,BNGO
5.43,5.43,5.43,5.43,1200,2021-05-07 23:48:00,BNGO
5.4,5.41,5.4,5.41,700,2021-05-07 23:52:00,BNGO
5.4099,5.4099,5.3999,5.3999,200,2021-05-07 23:53:00,BNGO
5.38,5.44,5.38,5.44,783,2021-05-07 23:54:00,BNGO
5.44,5.44,5.4,5.4,1047,2021-05-07 23:55:00,BNGO
5.4499,5.45,5.4499,5.45,2294,2021-05-07 23:57:00,BNGO
5.45,5.45,5.45,5.45,186,2021-05-07 23:58:00,BNGO
5.45,5.45,5.45,5.45,100,2021-05-07 23:59:00,BNGO
5.45,5.45,5.45,5.45,131,2021-05-10 08:00:00,BNGO
5.54,5.55,5.54,5.55,228,2021-05-10 08:01:00,BNGO
5.57,5.69,5.57,5.62,6236,2021-05-10 08:02:00,BNGO
5.6,5.6,5.6,5.6,100,2021-05-10 08:03:00,BNGO
5.62,5.66,5.62,5.66,1100,2021-05-10 08:04:00,BNGO
5.66,5.66,5.62,5.65,544,2021-05-10 08:05:00,BNGO
5.62,5.63,5.62,5.63,403,2021-05-10 08:06:00,BNGO
5.62,5.62,5.6,5.6,353,2021-05-10 08:07:00,BNGO
5.6,5.6,5.6,5.6,310,2021-05-10 08:08:00,BNGO
5.6,5.6,5.6,5.6,220,2021-05-10 08:10:00,BNGO
5.58,5.58,5.58,5.58,135,2021-05-10 08:11:00,BNGO
5.58,5.58,5.58,5.58,263,2021-05-10 08:12:00,BNGO
5.58,5.58,5.58,5.58,100,2021-05-10 08:14:00,BNGO
5.59,5.59,5.59,5.59,200,2021-05-10 08:15:00,BNGO
5.59,5.59,5.59,5.59,241,2021-05-10 08:16:00,BNGO
5.6,5.61,5.6,5.61,500,2021-05-10 08:18:00,BNGO
5.65,5.65,5.65,5.65,293,2021-05-10 08:21:00,BNGO
5.65,5.65,5.65,5.65,387,2021-05-10 08:22:00,BNGO
5.65,5.65,5.65,5.65,550,2021-05-10 08:23:00,BNGO
5.63,5.65,5.63,5.65,696,2021-05-10 08:26:00,BNGO
5.66,5.66,5.66,5.66,540,2021-05-10 08:28:00,BNGO
5.68,5.68,5.68,5.68,116,2021-05-10 08:30:00,BNGO
5.68,5.68,5.68,5.68,489,2021-05-10 08:31:00,BNGO
5.66,5.66,5.66,5.66,965,2021-05-10 08:34:00,BNGO
5.68,5.68,5.68,5.68,200,2021-05-10 08:37:00,BNGO
5.65,5.65,5.65,5.65,996,2021-05-10 08:39:00,BNGO
5.65,5.65,5.65,5.65,100,2021-05-10 08:50:00,BNGO
5.65,5.65,5.65,5.65,125,2021-05-10 08:51:00,BNGO
5.61,5.61,5.61,5.61,208,2021-05-10 08:53:00,BNGO
5.61,5.61,5.61,5.61,418,2021-05-10 08:55:00,BNGO
5.61,5.62,5.61,5.62,250,2021-05-10 08:57:00,BNGO
5.62,5.62,5.6,5.6,1749,2021-05-10 08:59:00,BNGO
5.57,5.57,5.57,5.57,100,2021-05-10 09:02:00,BNGO
5.57,5.57,5.57,5.57,100,2021-05-10 09:03:00,BNGO
5.57,5.57,5.57,5.57,100,2021-05-10 09:04:00,BNGO
5.57,5.57,5.57,5.57,700,2021-05-10 09:05:00,BNGO
5.55,5.55,5.54,5.54,368,2021-05-10 09:07:00,BNGO
5.54,5.54,5.54,5.54,284,2021-05-10 09:10:00,BNGO
5.52,5.52,5.51,5.51,850,2021-05-10 09:11:00,BNGO
5.51,5.51,5.5,5.5,587,2021-05-10 09:12:00,BNGO
5.54,5.54,5.54,5.54,100,2021-05-10 09:15:00,BNGO
5.55,5.55,5.55,5.55,100,2021-05-10 09:18:00,BNGO
5.55,5.55,5.55,5.55,122,2021-05-10 09:19:00,BNGO
5.53,5.53,5.45,5.46,2232,2021-05-10 09:20:00,BNGO
5.5,5.5,5.5,5.5,182,2021-05-10 09:21:00,BNGO
5.53,5.53,5.53,5.53,134,2021-05-10 09:24:00,BNGO
5.53,5.53,5.53,5.53,200,2021-05-10 09:28:00,BNGO
5.53,5.53,5.53,5.53,700,2021-05-10 09:29:00,BNGO
5.56,5.56,5.56,5.56,1000,2021-05-10 09:32:00,BNGO
5.55,5.55,5.55,5.55,639,2021-05-10 09:44:00,BNGO
5.55,5.55,5.55,5.55,358,2021-05-10 09:46:00,BNGO
5.56,5.56,5.56,5.56,100,2021-05-10 09:48:00,BNGO
5.55,5.55,5.55,5.55,300,2021-05-10 09:49:00,BNGO
5.56,5.56,5.56,5.56,412,2021-05-10 09:55:00,BNGO
5.56,5.56,5.56,5.56,500,2021-05-10 09:56:00,BNGO
5.56,5.56,5.56,5.56,100,2021-05-10 09:57:00,BNGO
5.56,5.56,5.56,5.56,197,2021-05-10 10:04:00,BNGO
5.56,5.56,5.56,5.56,284,2021-05-10 10:06:00,BNGO
5.55,5.55,5.55,5.55,100,2021-05-10 10:11:00,BNGO
5.54,5.55,5.54,5.55,222,2021-05-10 10:13:00,BNGO
5.55,5.55,5.55,5.55,265,2021-05-10 10:16:00,BNGO
5.55,5.55,5.55,5.55,363,2021-05-10 10:35:00,BNGO
5.55,5.55,5.55,5.55,394,2021-05-10 10:37:00,BNGO
5.55,5.55,5.55,5.55,100,2021-05-10 10:38:00,BNGO
5.55,5.55,5.55,5.55,100,2021-05-10 10:41:00,BNGO
5.56,5.56,5.56,5.56,101,2021-05-10 10:42:00,BNGO
5.55,5.55,5.55,5.55,395,2021-05-10 10:43:00,BNGO
5.57,5.57,5.57,5.57,100,2021-05-10 10:44:00,BNGO
5.59,5.66,5.59,5.66,3064,2021-05-10 10:49:00,BNGO
5.66,5.68,5.65,5.68,2147,2021-05-10 10:50:00,BNGO
5.59,5.59,5.59,5.59,200,2021-05-10 10:55:00,BNGO
5.64,5.65,5.64,5.64,531,2021-05-10 10:59:00,BNGO
5.59,5.64,5.55,5.64,7080,2021-05-10 11:00:00,BNGO
5.6,5.64,5.6,5.6,1349,2021-05-10 11:01:00,BNGO
5.61,5.61,5.61,5.61,1476,2021-05-10 11:02:00,BNGO
5.6,5.6,5.6,5.6,650,2021-05-10 11:03:00,BNGO
5.6,5.6,5.6,5.6,670,2021-05-10 11:04:00,BNGO
5.61,5.61,5.61,5.61,100,2021-05-10 11:05:00,BNGO
5.6,5.6,5.6,5.6,950,2021-05-10 11:06:00,BNGO
5.61,5.61,5.61,5.61,416,2021-05-10 11:08:00,BNGO
5.6,5.6,5.59,5.59,1730,2021-05-10 11:09:00,BNGO
5.57,5.57,5.55,5.55,4300,2021-05-10 11:13:00,BNGO
5.56,5.56,5.56,5.56,300,2021-05-10 11:15:00,BNGO
5.57,5.57,5.57,5.57,100,2021-05-10 11:16:00,BNGO
5.56,5.56,5.55,5.55,348,2021-05-10 11:18:00,BNGO
5.54,5.56,5.54,5.56,1100,2021-05-10 11:20:00,BNGO
5.54,5.54,5.54,5.54,994,2021-05-10 11:21:00,BNGO
5.53,5.53,5.53,5.53,400,2021-05-10 11:23:00,BNGO
5.53,5.53,5.53,5.53,304,2021-05-10 11:24:00,BNGO
5.52,5.52,5.48,5.48,7399,2021-05-10 11:25:00,BNGO
5.47,5.5,5.47,5.5,5045,2021-05-10 11:26:00,BNGO
5.51,5.51,5.51,5.51,400,2021-05-10 11:27:00,BNGO
5.5,5.5,5.5,5.5,100,2021-05-10 11:28:00,BNGO
5.54,5.54,5.54,5.54,500,2021-05-10 11:30:00,BNGO
5.57,5.57,5.57,5.57,200,2021-05-10 11:31:00,BNGO
5.6,5.6,5.6,5.6,100,2021-05-10 11:32:00,BNGO
5.62,5.63,5.62,5.63,1307,2021-05-10 11:34:00,BNGO
5.62,5.62,5.6,5.6,1208,2021-05-10 11:37:00,BNGO
5.63,5.64,5.63,5.64,300,2021-05-10 11:38:00,BNGO
5.64,5.64,5.64,5.64,500,2021-05-10 11:39:00,BNGO
5.64,5.64,5.63,5.63,1000,2021-05-10 11:41:00,BNGO
5.64,5.64,5.64,5.64,101,2021-05-10 11:42:00,BNGO
5.63,5.64,5.63,5.63,3534,2021-05-10 11:43:00,BNGO
5.63,5.63,5.63,5.63,1219,2021-05-10 11:44:00,BNGO
5.62,5.63,5.62,5.63,1443,2021-05-10 11:45:00,BNGO
5.65,5.65,5.65,5.65,1417,2021-05-10 11:50:00,BNGO
5.65,5.65,5.65,5.65,8000,2021-05-10 11:51:00,BNGO
5.62,5.62,5.61,5.61,800,2021-05-10 11:52:00,BNGO
5.61,5.61,5.61,5.61,117,2021-05-10 11:54:00,BNGO
5.6,5.6,5.6,5.6,100,2021-05-10 11:56:00,BNGO
5.58,5.59,5.58,5.58,1105,2021-05-10 11:57:00,BNGO
5.58,5.58,5.58,5.58,100,2021-05-10 11:58:00,BNGO
5.6,5.6,5.6,5.6,600,2021-05-10 11:59:00,BNGO
5.6,5.6,5.6,5.6,500,2021-05-10 12:00:00,BNGO
5.6,5.6,5.6,5.6,400,2021-05-10 12:01:00,BNGO
5.6,5.6,5.59,5.59,335,2021-05-10 12:03:00,BNGO
5.58,5.58,5.58,5.58,1000,2021-05-10 12:07:00,BNGO
5.59,5.59,5.58,5.59,1500,2021-05-10 12:08:00,BNGO
5.58,5.58,5.58,5.58,200,2021-05-10 12:09:00,BNGO
5.59,5.59,5.59,5.59,100,2021-05-10 12:10:00,BNGO
5.58,5.58,5.58,5.58,150,2021-05-10 12:14:00,BNGO
5.58,5.59,5.58,5.59,400,2021-05-10 12:17:00,BNGO
5.58,5.58,5.58,5.58,400,2021-05-10 12:19:00,BNGO
5.57,5.57,5.57,5.57,196,2021-05-10 12:23:00,BNGO
5.56,5.56,5.56,5.56,3000,2021-05-10 12:24:00,BNGO
5.58,5.58,5.58,5.58,100,2021-05-10 12:25:00,BNGO
5.58,5.59,5.58,5.59,5590,2021-05-10 12:26:00,BNGO
5.58,5.58,5.58,5.58,1426,2021-05-10 12:28:00,BNGO
5.58,5.58,5.58,5.58,120,2021-05-10 12:30:00,BNGO
5.58,5.58,5.58,5.58,863,2021-05-10 12:32:00,BNGO
5.56,5.56,5.56,5.56,400,2021-05-10 12:33:00,BNGO
5.57,5.579,5.57,5.57,4200,2021-05-10 12:34:00,BNGO
5.56,5.56,5.55,5.56,10481,2021-05-10 12:35:00,BNGO
5.56,5.57,5.56,5.57,700,2021-05-10 12:36:00,BNGO
5.56,5.56,5.56,5.56,100,2021-05-10 12:37:00,BNGO
5.56,5.56,5.56,5.56,400,2021-05-10 12:38:00,BNGO
5.55,5.55,5.55,5.55,3400,2021-05-10 12:42:00,BNGO
5.55,5.55,5.55,5.55,637,2021-05-10 12:43:00,BNGO
5.55,5.55,5.55,5.55,700,2021-05-10 12:44:00,BNGO
5.55,5.55,5.55,5.55,100,2021-05-10 12:45:00,BNGO
5.56,5.56,5.56,5.56,1256,2021-05-10 12:48:00,BNGO
5.58,5.58,5.56,5.58,4278,2021-05-10 12:49:00,BNGO
5.56,5.56,5.55,5.55,4286,2021-05-10 12:50:00,BNGO
5.55,5.56,5.55,5.56,725,2021-05-10 12:52:00,BNGO
5.57,5.57,5.57,5.57,400,2021-05-10 12:53:00,BNGO
5.58,5.58,5.58,5.58,100,2021-05-10 12:54:00,BNGO
5.58,5.58,5.58,5.58,200,2021-05-10 12:55:00,BNGO
5.57,5.57,5.55,5.57,1953,2021-05-10 12:57:00,BNGO
5.57,5.57,5.5501,5.57,5991,2021-05-10 12:58:00,BNGO
5.55,5.55,5.55,5.55,294,2021-05-10 13:00:00,BNGO
5.57,5.57,5.55,5.57,5871,2021-05-10 13:01:00,BNGO
5.56,5.57,5.55,5.57,7400,2021-05-10 13:02:00,BNGO
5.57,5.57,5.55,5.55,660,2021-05-10 13:03:00,BNGO
5.55,5.57,5.55,5.57,1315,2021-05-10 13:04:00,BNGO
5.57,5.57,5.57,5.57,11308,2021-05-10 13:05:00,BNGO
5.56,5.56,5.54,5.54,4417,2021-05-10 13:06:00,BNGO
5.54,5.54,5.54,5.54,400,2021-05-10 13:07:00,BNGO
5.54,5.55,5.54,5.55,900,2021-05-10 13:08:00,BNGO
5.54,5.55,5.54,5.55,603,2021-05-10 13:09:00,BNGO
5.55,5.55,5.54,5.54,1300,2021-05-10 13:10:00,BNGO
5.5499,5.55,5.53,5.55,4650,2021-05-10 13:11:00,BNGO
5.55,5.55,5.54,5.54,1880,2021-05-10 13:12:00,BNGO
5.54,5.54,5.54,5.54,300,2021-05-10 13:13:00,BNGO
5.53,5.54,5.53,5.53,2875,2021-05-10 13:14:00,BNGO
5.53,5.53,5.53,5.53,1200,2021-05-10 13:15:00,BNGO
5.54,5.55,5.54,5.54,440,2021-05-10 13:16:00,BNGO
5.55,5.55,5.54,5.54,8318,2021-05-10 13:17:00,BNGO
5.54,5.54,5.54,5.54,1863,2021-05-10 13:18:00,BNGO
5.54,5.55,5.54,5.5499,1140,2021-05-10 13:19:00,BNGO
5.5499,5.5499,5.5499,5.5499,500,2021-05-10 13:20:00,BNGO
5.54,5.54,5.54,5.54,1199,2021-05-10 13:21:00,BNGO
5.54,5.55,5.54,5.54,1800,2021-05-10 13:22:00,BNGO
5.5301,5.54,5.53,5.53,1200,2021-05-10 13:23:00,BNGO
5.53,5.54,5.52,5.52,2500,2021-05-10 13:24:00,BNGO
5.52,5.53,5.52,5.53,7084,2021-05-10 13:25:00,BNGO
5.5301,5.5301,5.5301,5.5301,225,2021-05-10 13:26:00,BNGO
5.54,5.55,5.53,5.53,2720,2021-05-10 13:27:00,BNGO
5.53,5.53,5.52,5.53,7828,2021-05-10 13:28:00,BNGO
5.52,5.53,5.5,5.52,8649,2021-05-10 13:29:00,BNGO
5.52,5.54,5.46,5.465,337859,2021-05-10 13:30:00,BNGO
5.46,5.48,5.38,5.46,230222,2021-05-10 13:31:00,BNGO
5.46,5.48,5.41,5.435,79753,2021-05-10 13:32:00,BNGO
5.44,5.46,5.4054,5.45,66695,2021-05-10 13:33:00,BNGO
5.45,5.45,5.36,5.3801,128784,2021-05-10 13:34:00,BNGO
5.39,5.41,5.35,5.365,88270,2021-05-10 13:35:00,BNGO
5.37,5.38,5.3399,5.3407,105953,2021-05-10 13:36:00,BNGO
5.341,5.341,5.31,5.3261,71999,2021-05-10 13:37:00,BNGO
5.3206,5.33,5.24,5.2949,365966,2021-05-10 13:38:00,BNGO
5.3,5.31,5.26,5.27,78177,2021-05-10 13:39:00,BNGO
5.265,5.27,5.24,5.24,66355,2021-05-10 13:40:00,BNGO
5.2375,5.29,5.2375,5.2893,110893,2021-05-10 13:41:00,BNGO
5.2863,5.32,5.2808,5.31,141120,2021-05-10 13:42:00,BNGO
5.3,5.33,5.28,5.28,76672,2021-05-10 13:43:00,BNGO
5.28,5.29,5.25,5.2601,57899,2021-05-10 13:44:00,BNGO
5.26,5.28,5.23,5.265,123532,2021-05-10 13:45:00,BNGO
5.2586,5.26,5.22,5.2299,50904,2021-05-10 13:46:00,BNGO
5.2219,5.26,5.22,5.25,69847,2021-05-10 13:47:00,BNGO
5.245,5.29,5.2401,5.275,51000,2021-05-10 13:48:00,BNGO
5.27,5.28,5.23,5.24,100697,2021-05-10 13:49:00,BNGO
5.24,5.24,5.2,5.2001,70929,2021-05-10 13:50:00,BNGO
5.2,5.215,5.2,5.205,116557,2021-05-10 13:51:00,BNGO
5.2087,5.215,5.18,5.1929,109650,2021-05-10 13:52:00,BNGO
5.1942,5.225,5.19,5.1986,85262,2021-05-10 13:53:00,BNGO
5.19,5.195,5.16,5.1723,57531,2021-05-10 13:54:00,BNGO
5.171,5.19,5.15,5.1899,47253,2021-05-10 13:55:00,BNGO
5.19,5.19,5.16,5.18,68420,2021-05-10 13:56:00,BNGO
5.1755,5.2,5.17,5.1801,86969,2021-05-10 13:57:00,BNGO
5.1811,5.23,5.175,5.225,64495,2021-05-10 13:58:00,BNGO
5.22,5.225,5.1967,5.22,50390,2021-05-10 13:59:00,BNGO
5.2292,5.24,5.21,5.21,32520,2021-05-10 14:00:00,BNGO
5.21,5.21,5.16,5.175,65359,2021-05-10 14:01:00,BNGO
5.18,5.195,5.17,5.18,34243,2021-05-10 14:02:00,BNGO
5.17,5.1787,5.13,5.14,173336,2021-05-10 14:03:00,BNGO
5.14,5.17,5.14,5.165,109175,2021-05-10 14:04:00,BNGO
5.16,5.169,5.14,5.155,34079,2021-05-10 14:05:00,BNGO
5.15,5.1799,5.15,5.16,51016,2021-05-10 14:06:00,BNGO
5.16,5.17,5.1466,5.165,59783,2021-05-10 14:07:00,BNGO
5.1657,5.17,5.15,5.1612,35596,2021-05-10 14:08:00,BNGO
5.17,5.2,5.16,5.194,55678,2021-05-10 14:09:00,BNGO
5.19,5.21,5.19,5.2,59675,2021-05-10 14:10:00,BNGO
5.2086,5.25,5.2,5.25,51263,2021-05-10 14:11:00,BNGO
5.2455,5.27,5.2455,5.27,64589,2021-05-10 14:12:00,BNGO
5.265,5.265,5.2309,5.25,66928,2021-05-10 14:13:00,BNGO
5.2493,5.265,5.23,5.24,59421,2021-05-10 14:14:00,BNGO
5.245,5.25,5.22,5.24,46688,2021-05-10 14:15:00,BNGO
5.25,5.26,5.24,5.2425,41982,2021-05-10 14:16:00,BNGO
5.245,5.25,5.22,5.23,36556,2021-05-10 14:17:00,BNGO
5.23,5.25,5.22,5.25,21693,2021-05-10 14:18:00,BNGO
5.2493,5.27,5.2493,5.2685,43549,2021-05-10 14:19:00,BNGO
5.2694,5.275,5.25,5.25,77117,2021-05-10 14:20:00,BNGO
5.2562,5.26,5.24,5.24,45040,2021-05-10 14:21:00,BNGO
5.24,5.2482,5.22,5.22,14484,2021-05-10 14:22:00,BNGO
5.23,5.2397,5.21,5.21,38139,2021-05-10 14:23:00,BNGO
5.219,5.22,5.19,5.19,53095,2021-05-10 14:24:00,BNGO
5.195,5.21,5.18,5.18,65613,2021-05-10 14:25:00,BNGO
5.1811,5.198,5.1701,5.1899,59600,2021-05-10 14:26:00,BNGO
5.1816,5.2,5.175,5.19,28190,2021-05-10 14:27:00,BNGO
5.19,5.215,5.17,5.179,65970,2021-05-10 14:28:00,BNGO
5.175,5.2,5.17,5.185,36677,2021-05-10 14:29:00,BNGO
5.18,5.18,5.16,5.1783,31468,2021-05-10 14:30:00,BNGO
5.17,5.18,5.15,5.1595,38152,2021-05-10 14:31:00,BNGO
5.15,5.19,5.15,5.175,57777,2021-05-10 14:32:00,BNGO
5.18,5.18,5.16,5.17,23750,2021-05-10 14:33:00,BNGO
5.17,5.175,5.155,5.155,31727,2021-05-10 14:34:00,BNGO
5.15,5.1837,5.14,5.17,74305,2021-05-10 14:35:00,BNGO
5.1681,5.18,5.16,5.1794,46240,2021-05-10 14:36:00,BNGO
5.17,5.19,5.17,5.17,48043,2021-05-10 14:37:00,BNGO
5.1636,5.17,5.15,5.165,48287,2021-05-10 14:38:00,BNGO
5.16,5.18,5.15,5.17,44427,2021-05-10 14:39:00,BNGO
5.1701,5.1701,5.14,5.145,57441,2021-05-10 14:40:00,BNGO
5.14,5.16,5.13,5.14,66306,2021-05-10 14:41:00,BNGO
5.145,5.1599,5.13,5.155,44023,2021-05-10 14:42:00,BNGO
5.1593,5.17,5.15,5.15,37791,2021-05-10 14:43:00,BNGO
5.155,5.18,5.14,5.17,64414,2021-05-10 14:44:00,BNGO
5.17,5.17,5.1412,5.16,21455,2021-05-10 14:45:00,BNGO
5.165,5.17,5.14,5.1599,54329,2021-05-10 14:46:00,BNGO
5.15,5.1587,5.14,5.15,23057,2021-05-10 14:47:00,BNGO
5.143,5.15,5.13,5.14,59372,2021-05-10 14:48:00,BNGO
5.1301,5.14,5.11,5.1277,157888,2021-05-10 14:49:00,BNGO
5.1215,5.135,5.12,5.1201,45392,2021-05-10 14:50:00,BNGO
5.125,5.15,5.12,5.15,30704,2021-05-10 14:51:00,BNGO
5.15,5.16,5.13,5.14,38751,2021-05-10 14:52:00,BNGO
5.135,5.145,5.13,5.13,63492,2021-05-10 14:53:00,BNGO
5.135,5.155,5.13,5.1499,77093,2021-05-10 14:54:00,BNGO
5.14,5.1565,5.13,5.1501,77022,2021-05-10 14:55:00,BNGO
5.155,5.17,5.15,5.1622,33684,2021-05-10 14:56:00,BNGO
5.165,5.17,5.16,5.165,35067,2021-05-10 14:57:00,BNGO
5.16,5.16,5.1312,5.149,49502,2021-05-10 14:58:00,BNGO
5.1406,5.16,5.14,5.16,29693,2021-05-10 14:59:00,BNGO
5.1585,5.19,5.1585,5.19,86608,2021-05-10 15:00:00,BNGO
5.185,5.19,5.155,5.1568,43318,2021-05-10 15:01:00,BNGO
5.15,5.1679,5.15,5.1516,32599,2021-05-10 15:02:00,BNGO
5.1511,5.16,5.1401,5.145,18509,2021-05-10 15:03:00,BNGO
5.145,5.15,5.13,5.146,52393,2021-05-10 15:04:00,BNGO
5.1422,5.15,5.14,5.1499,18667,2021-05-10 15:05:00,BNGO
5.1411,5.15,5.14,5.1402,18142,2021-05-10 15:06:00,BNGO
5.15,5.155,5.13,5.155,40727,2021-05-10 15:07:00,BNGO
5.15,5.16,5.15,5.1565,13027,2021-05-10 15:08:00,BNGO
5.16,5.16,5.14,5.15,41763,2021-05-10 15:09:00,BNGO
5.15,5.155,5.14,5.145,21132,2021-05-10 15:10:00,BNGO
5.15,5.15,5.14,5.15,32243,2021-05-10 15:11:00,BNGO
5.145,5.15,5.13,5.1383,32254,2021-05-10 15:12:00,BNGO
5.14,5.1499,5.13,5.145,37359,2021-05-10 15:13:00,BNGO
5.145,5.145,5.12,5.1223,28896,2021-05-10 15:14:00,BNGO
5.1292,5.14,5.12,5.1299,16509,2021-05-10 15:15:00,BNGO
5.12,5.12,5.1,5.105,85803,2021-05-10 15:16:00,BNGO
5.1,5.11,5.08,5.085,155562,2021-05-10 15:17:00,BNGO
5.085,5.11,5.08,5.0924,50282,2021-05-10 15:18:00,BNGO
5.1,5.13,5.09,5.12,56427,2021-05-10 15:19:00,BNGO
5.13,5.1477,5.12,5.1477,31279,2021-05-10 15:20:00,BNGO
5.1495,5.15,5.14,5.1491,21413,2021-05-10 15:21:00,BNGO
5.15,5.16,5.145,5.16,68634,2021-05-10 15:22:00,BNGO
5.155,5.16,5.14,5.1487,84049,2021-05-10 15:23:00,BNGO
5.14,5.17,5.14,5.17,56906,2021-05-10 15:24:00,BNGO
5.1694,5.18,5.16,5.17,66232,2021-05-10 15:25:00,BNGO
5.17,5.1777,5.16,5.165,24194,2021-05-10 15:26:00,BNGO
5.17,5.18,5.17,5.18,15947,2021-05-10 15:27:00,BNGO
5.1766,5.19,5.16,5.17,55831,2021-05-10 15:28:00,BNGO
5.17,5.18,5.1691,5.18,26355,2021-05-10 15:29:00,BNGO
5.18,5.19,5.1797,5.18,15056,2021-05-10 15:30:00,BNGO
5.1701,5.19,5.17,5.1897,27605,2021-05-10 15:31:00,BNGO
5.185,5.19,5.1701,5.175,20164,2021-05-10 15:32:00,BNGO
5.1764,5.18,5.16,5.165,25865,2021-05-10 15:33:00,BNGO
5.1607,5.17,5.16,5.1665,48440,2021-05-10 15:34:00,BNGO
5.16,5.165,5.15,5.159,24446,2021-05-10 15:35:00,BNGO
5.15,5.1539,5.13,5.14,121936,2021-05-10 15:36:00,BNGO
5.1411,5.16,5.1401,5.15,41701,2021-05-10 15:37:00,BNGO
5.16,5.16,5.14,5.14,65609,2021-05-10 15:38:00,BNGO
5.146,5.15,5.13,5.1458,58450,2021-05-10 15:39:00,BNGO
5.1427,5.17,5.14,5.1557,27852,2021-05-10 15:40:00,BNGO
5.155,5.18,5.155,5.18,71398,2021-05-10 15:41:00,BNGO
5.175,5.18,5.17,5.1706,45756,2021-05-10 15:42:00,BNGO
5.175,5.18,5.16,5.18,57029,2021-05-10 15:43:00,BNGO
5.175,5.18,5.16,5.1718,16670,2021-05-10 15:44:00,BNGO
5.1721,5.1999,5.1708,5.1987,61152,2021-05-10 15:45:00,BNGO
5.195,5.1982,5.18,5.185,16661,2021-05-10 15:46:00,BNGO
5.19,5.19,5.18,5.18,21831,2021-05-10 15:47:00,BNGO
5.19,5.2,5.1866,5.1961,18348,2021-05-10 15:48:00,BNGO
5.195,5.21,5.1924,5.209,42398,2021-05-10 15:49:00,BNGO
5.2086,5.2086,5.182,5.197,42301,2021-05-10 15:50:00,BNGO
5.19,5.199,5.1886,5.1889,13457,2021-05-10 15:51:00,BNGO
5.19,5.19,5.18,5.1899,6616,2021-05-10 15:52:00,BNGO
5.1878,5.2,5.17,5.195,63783,2021-05-10 15:53:00,BNGO
5.2,5.2,5.1907,5.1907,2202,2021-05-10 15:54:00,BNGO
5.1905,5.21,5.1905,5.2001,25734,2021-05-10 15:55:00,BNGO
5.2096,5.22,5.2001,5.22,25144,2021-05-10 15:56:00,BNGO
5.22,5.22,5.2,5.2,15909,2021-05-10 15:57:00,BNGO
5.2,5.22,5.2,5.22,12212,2021-05-10 15:58:00,BNGO
5.215,5.2199,5.205,5.2119,39679,2021-05-10 15:59:00,BNGO
5.2185,5.22,5.21,5.2195,23201,2021-05-10 16:00:00,BNGO
5.21,5.22,5.21,5.2183,7909,2021-05-10 16:01:00,BNGO
5.21,5.22,5.2062,5.2063,9336,2021-05-10 16:02:00,BNGO
5.205,5.21,5.2,5.2001,8746,2021-05-10 16:03:00,BNGO
5.21,5.22,5.2002,5.2176,28589,2021-05-10 16:04:00,BNGO
5.215,5.22,5.21,5.2199,7403,2021-05-10 16:05:00,BNGO
5.215,5.215,5.2,5.2075,16050,2021-05-10 16:06:00,BNGO
5.21,5.22,5.21,5.2105,17948,2021-05-10 16:07:00,BNGO
5.2108,5.22,5.21,5.2198,28789,2021-05-10 16:08:00,BNGO
5.21,5.22,5.21,5.22,45254,2021-05-10 16:09:00,BNGO
5.211,5.23,5.211,5.23,482433,2021-05-10 16:10:00,BNGO
5.23,5.23,5.22,5.23,30389,2021-05-10 16:11:00,BNGO
5.23,5.23,5.2223,5.225,23203,2021-05-10 16:12:00,BNGO
5.23,5.24,5.2275,5.24,12940,2021-05-10 16:13:00,BNGO
5.2388,5.2388,5.22,5.2214,18708,2021-05-10 16:14:00,BNGO
5.225,5.2291,5.21,5.2144,25323,2021-05-10 16:15:00,BNGO
5.2141,5.22,5.2,5.2,22656,2021-05-10 16:16:00,BNGO
5.2,5.205,5.2,5.2,9776,2021-05-10 16:17:00,BNGO
5.2073,5.22,5.2,5.211,14214,2021-05-10 16:18:00,BNGO
5.2141,5.2141,5.2015,5.205,6862,2021-05-10 16:19:00,BNGO
5.21,5.22,5.205,5.21,13659,2021-05-10 16:20:00,BNGO
5.2057,5.21,5.2,5.205,4300,2021-05-10 16:21:00,BNGO
5.2,5.21,5.19,5.1901,19442,2021-05-10 16:22:00,BNGO
5.195,5.2,5.18,5.18,61840,2021-05-10 16:23:00,BNGO
5.19,5.2,5.181,5.1924,14801,2021-05-10 16:24:00,BNGO
5.19,5.2,5.19,5.1951,5029,2021-05-10 16:25:00,BNGO
5.1915,5.1915,5.18,5.18,22246,2021-05-10 16:26:00,BNGO
5.18,5.19,5.17,5.175,18223,2021-05-10 16:27:00,BNGO
5.1748,5.1768,5.16,5.169,32905,2021-05-10 16:28:00,BNGO
5.16,5.17,5.16,5.169,5663,2021-05-10 16:29:00,BNGO
5.165,5.17,5.16,5.165,10795,2021-05-10 16:30:00,BNGO
5.17,5.17,5.16,5.1699,6824,2021-05-10 16:31:00,BNGO
5.1671,5.17,5.155,5.155,38874,2021-05-10 16:32:00,BNGO
5.1565,5.16,5.15,5.1514,9656,2021-05-10 16:33:00,BNGO
5.155,5.169,5.15,5.165,24975,2021-05-10 16:34:00,BNGO
5.16,5.165,5.15,5.1586,10322,2021-05-10 16:35:00,BNGO
5.16,5.16,5.1501,5.1521,5756,2021-05-10 16:36:00,BNGO
5.16,5.16,5.152,5.152,4679,2021-05-10 16:37:00,BNGO
5.16,5.16,5.145,5.1469,36478,2021-05-10 16:38:00,BNGO
5.1497,5.16,5.14,5.15,51786,2021-05-10 16:39:00,BNGO
5.1433,5.15,5.14,5.146,7461,2021-05-10 16:40:00,BNGO
5.1483,5.1484,5.12,5.1284,57249,2021-05-10 16:41:00,BNGO
5.1245,5.14,5.1206,5.14,20342,2021-05-10 16:42:00,BNGO
5.13,5.14,5.13,5.13,8409,2021-05-10 16:43:00,BNGO
5.13,5.1399,5.13,5.135,13080,2021-05-10 16:44:00,BNGO
5.1364,5.14,5.13,5.135,15711,2021-05-10 16:45:00,BNGO
5.1383,5.1486,5.13,5.135,33425,2021-05-10 16:46:00,BNGO
5.14,5.14,5.13,5.14,21889,2021-05-10 16:47:00,BNGO
5.14,5.15,5.14,5.14,12729,2021-05-10 16:48:00,BNGO
5.1358,5.14,5.1318,5.1377,1779,2021-05-10 16:49:00,BNGO
5.1309,5.14,5.13,5.135,12039,2021-05-10 16:50:00,BNGO
5.14,5.14,5.1301,5.1395,5002,2021-05-10 16:51:00,BNGO
5.1384,5.14,5.13,5.1317,15300,2021-05-10 16:52:00,BNGO
5.1378,5.1378,5.125,5.125,18568,2021-05-10 16:53:00,BNGO
5.125,5.1299,5.12,5.1206,14545,2021-05-10 16:54:00,BNGO
5.1201,5.14,5.12,5.1391,28150,2021-05-10 16:55:00,BNGO
5.135,5.15,5.13,5.145,6696,2021-05-10 16:56:00,BNGO
5.145,5.15,5.135,5.1486,24579,2021-05-10 16:57:00,BNGO
5.15,5.15,5.1388,5.1388,17449,2021-05-10 16:58:00,BNGO
5.14,5.14,5.13,5.14,16291,2021-05-10 16:59:00,BNGO
5.13,5.1487,5.13,5.145,5708,2021-05-10 17:00:00,BNGO
5.1483,5.15,5.13,5.1307,39626,2021-05-10 17:01:00,BNGO
5.1387,5.139,5.13,5.1381,3775,2021-05-10 17:02:00,BNGO
5.135,5.14,5.1318,5.14,2718,2021-05-10 17:03:00,BNGO
5.14,5.14,5.13,5.135,10690,2021-05-10 17:04:00,BNGO
5.13,5.14,5.13,5.135,7009,2021-05-10 17:05:00,BNGO
5.14,5.14,5.12,5.125,30374,2021-05-10 17:06:00,BNGO
5.125,5.13,5.12,5.13,7493,2021-05-10 17:07:00,BNGO
5.12,5.13,5.12,5.12,28093,2021-05-10 17:08:00,BNGO
5.1182,5.13,5.1113,5.13,22906,2021-05-10 17:09:00,BNGO
5.12,5.13,5.12,5.1282,19305,2021-05-10 17:10:00,BNGO
5.13,5.1399,5.12,5.1397,24640,2021-05-10 17:11:00,BNGO
5.1377,5.14,5.13,5.14,16004,2021-05-10 17:12:00,BNGO
5.135,5.14,5.13,5.1382,13434,2021-05-10 17:13:00,BNGO
5.1377,5.14,5.13,5.138,5100,2021-05-10 17:14:00,BNGO
5.1383,5.14,5.13,5.1383,9481,2021-05-10 17:15:00,BNGO
5.139,5.145,5.13,5.145,16679,2021-05-10 17:16:00,BNGO
5.145,5.15,5.14,5.1411,7508,2021-05-10 17:17:00,BNGO
5.1401,5.15,5.14,5.1433,34234,2021-05-10 17:18:00,BNGO
5.14,5.15,5.13,5.145,42055,2021-05-10 17:19:00,BNGO
5.15,5.1599,5.15,5.1565,29242,2021-05-10 17:20:00,BNGO
5.155,5.16,5.1501,5.157,9565,2021-05-10 17:21:00,BNGO
5.1585,5.16,5.15,5.151,17073,2021-05-10 17:22:00,BNGO
5.16,5.165,5.15,5.165,12635,2021-05-10 17:23:00,BNGO
5.17,5.18,5.165,5.1798,13902,2021-05-10 17:24:00,BNGO
5.1779,5.19,5.17,5.18,45483,2021-05-10 17:25:00,BNGO
5.18,5.19,5.1717,5.1742,15204,2021-05-10 17:26:00,BNGO
5.18,5.18,5.16,5.16,8852,2021-05-10 17:27:00,BNGO
5.16,5.16,5.15,5.1568,7864,2021-05-10 17:28:00,BNGO
5.1552,5.17,5.15,5.1575,17161,2021-05-10 17:29:00,BNGO
5.15,5.16,5.14,5.16,36959,2021-05-10 17:30:00,BNGO
5.155,5.1599,5.14,5.1478,8673,2021-05-10 17:31:00,BNGO
5.1448,5.1491,5.14,5.1422,16199,2021-05-10 17:32:00,BNGO
5.14,5.145,5.1346,5.14,10168,2021-05-10 17:33:00,BNGO
5.1486,5.15,5.14,5.145,4761,2021-05-10 17:34:00,BNGO
5.14,5.14,5.13,5.14,29117,2021-05-10 17:35:00,BNGO
5.1389,5.1399,5.13,5.135,10905,2021-05-10 17:36:00,BNGO
5.13,5.14,5.13,5.13,9027,2021-05-10 17:37:00,BNGO
5.13,5.1397,5.12,5.1252,21744,2021-05-10 17:38:00,BNGO
5.126,5.14,5.12,5.13,21163,2021-05-10 17:39:00,BNGO
5.13,5.135,5.12,5.1206,12836,2021-05-10 17:40:00,BNGO
5.125,5.13,5.12,5.125,6882,2021-05-10 17:41:00,BNGO
5.127,5.13,5.12,5.12,14687,2021-05-10 17:42:00,BNGO
5.1201,5.13,5.11,5.11,22306,2021-05-10 17:43:00,BNGO
5.12,5.12,5.11,5.1197,14156,2021-05-10 17:44:00,BNGO
5.119,5.14,5.11,5.14,27013,2021-05-10 17:45:00,BNGO
5.1301,5.14,5.12,5.1295,15202,2021-05-10 17:46:00,BNGO
5.13,5.13,5.12,5.13,1591,2021-05-10 17:47:00,BNGO
5.13,5.13,5.12,5.13,11400,2021-05-10 17:48:00,BNGO
5.12,5.12,5.11,5.11,19686,2021-05-10 17:49:00,BNGO
5.115,5.13,5.1101,5.13,16186,2021-05-10 17:50:00,BNGO
5.1276,5.13,5.12,5.1238,4844,2021-05-10 17:51:00,BNGO
5.1288,5.13,5.125,5.1299,7305,2021-05-10 17:52:00,BNGO
5.12,5.13,5.12,5.13,11404,2021-05-10 17:53:00,BNGO
5.13,5.13,5.12,5.13,3090,2021-05-10 17:54:00,BNGO
5.125,5.1272,5.1138,5.115,19795,2021-05-10 17:55:00,BNGO
5.112,5.12,5.11,5.11,8976,2021-05-10 17:56:00,BNGO
5.1139,5.12,5.1101,5.12,21974,2021-05-10 17:57:00,BNGO
5.13,5.1487,5.125,5.1487,48495,2021-05-10 17:58:00,BNGO
5.14,5.14,5.13,5.13,9704,2021-05-10 17:59:00,BNGO
5.14,5.14,5.115,5.12,23880,2021-05-10 18:00:00,BNGO
5.1161,5.1205,5.11,5.115,17947,2021-05-10 18:01:00,BNGO
5.12,5.12,5.11,5.1181,7461,2021-05-10 18:02:00,BNGO
5.11,5.12,5.1,5.12,66517,2021-05-10 18:03:00,BNGO
5.117,5.12,5.11,5.115,31568,2021-05-10 18:04:00,BNGO
5.1179,5.125,5.11,5.12,13414,2021-05-10 18:05:00,BNGO
5.13,5.13,5.121,5.125,10432,2021-05-10 18:06:00,BNGO
5.125,5.13,5.12,5.1257,7723,2021-05-10 18:07:00,BNGO
5.125,5.13,5.12,5.13,4429,2021-05-10 18:08:00,BNGO
5.1267,5.13,5.1205,5.1299,15060,2021-05-10 18:09:00,BNGO
5.1298,5.13,5.12,5.1285,8056,2021-05-10 18:10:00,BNGO
5.1256,5.13,5.12,5.1283,11906,2021-05-10 18:11:00,BNGO
5.1277,5.13,5.12,5.125,7460,2021-05-10 18:12:00,BNGO
5.1223,5.13,5.12,5.1295,6761,2021-05-10 18:13:00,BNGO
5.12,5.13,5.11,5.1142,35052,2021-05-10 18:14:00,BNGO
5.1193,5.12,5.09,5.09,61220,2021-05-10 18:15:00,BNGO
5.09,5.1,5.07,5.07,111749,2021-05-10 18:16:00,BNGO
5.075,5.09,5.07,5.085,47778,2021-05-10 18:17:00,BNGO
5.085,5.1,5.08,5.095,53749,2021-05-10 18:18:00,BNGO
5.095,5.0999,5.08,5.0975,46235,2021-05-10 18:19:00,BNGO
5.0901,5.1,5.08,5.0839,17677,2021-05-10 18:20:00,BNGO
5.085,5.09,5.07,5.08,49731,2021-05-10 18:21:00,BNGO
5.07,5.075,5.045,5.0571,195228,2021-05-10 18:22:00,BNGO
5.0583,5.085,5.05,5.085,112565,2021-05-10 18:23:00,BNGO
5.0879,5.0879,5.0701,5.0701,11566,2021-05-10 18:24:00,BNGO
5.075,5.08,5.0646,5.08,37684,2021-05-10 18:25:00,BNGO
5.08,5.085,5.07,5.075,60627,2021-05-10 18:26:00,BNGO
5.075,5.08,5.07,5.07,36560,2021-05-10 18:27:00,BNGO
5.08,5.09,5.07,5.07,34350,2021-05-10 18:28:00,BNGO
5.07,5.07,5.045,5.0577,76143,2021-05-10 18:29:00,BNGO
5.055,5.0599,5.02,5.022,176815,2021-05-10 18:30:00,BNGO
5.0298,5.04,5.029,5.035,53127,2021-05-10 18:31:00,BNGO
5.0399,5.05,5.03,5.05,32149,2021-05-10 18:32:00,BNGO
5.05,5.05,5.04,5.045,49302,2021-05-10 18:33:00,BNGO
5.0447,5.07,5.0447,5.0683,94105,2021-05-10 18:34:00,BNGO
5.07,5.08,5.05,5.055,130035,2021-05-10 18:35:00,BNGO
5.06,5.07,5.0593,5.07,67669,2021-05-10 18:36:00,BNGO
5.06,5.07,5.06,5.065,11423,2021-05-10 18:37:00,BNGO
5.07,5.1,5.0649,5.09,80214,2021-05-10 18:38:00,BNGO
5.095,5.095,5.075,5.0899,40649,2021-05-10 18:39:00,BNGO
5.085,5.09,5.06,5.075,67326,2021-05-10 18:40:00,BNGO
5.0718,5.075,5.06,5.065,52411,2021-05-10 18:41:00,BNGO
5.07,5.08,5.06,5.08,66704,2021-05-10 18:42:00,BNGO
5.0732,5.075,5.05,5.06,34722,2021-05-10 18:43:00,BNGO
5.06,5.06,5.05,5.056,14211,2021-05-10 18:44:00,BNGO
5.0501,5.06,5.04,5.05,113734,2021-05-10 18:45:00,BNGO
5.05,5.05,5.04,5.0484,24954,2021-05-10 18:46:00,BNGO
5.0478,5.0478,5.0301,5.04,27623,2021-05-10 18:47:00,BNGO
5.0367,5.04,5.03,5.035,48458,2021-05-10 18:48:00,BNGO
5.04,5.04,5.03,5.03,13323,2021-05-10 18:49:00,BNGO
5.03,5.04,5.01,5.01,193324,2021-05-10 18:50:00,BNGO
5.01,5.02,4.93,4.99,867679,2021-05-10 18:51:00,BNGO
4.99,5.0,4.9864,4.9901,67672,2021-05-10 18:52:00,BNGO
4.995,5.0,4.9714,4.9988,85304,2021-05-10 18:53:00,BNGO
4.995,5.01,4.99,5.0,69322,2021-05-10 18:54:00,BNGO
5.0,5.0,4.98,4.9883,70690,2021-05-10 18:55:00,BNGO
4.985,4.998,4.98,4.9801,107990,2021-05-10 18:56:00,BNGO
4.9899,4.99,4.97,4.9799,38043,2021-05-10 18:57:00,BNGO
4.9777,4.99,4.975,4.9877,82586,2021-05-10 18:58:00,BNGO
4.99,5.0,4.98,4.9999,44798,2021-05-10 18:59:00,BNGO
4.9948,5.0,4.98,4.9999,53398,2021-05-10 19:00:00,BNGO
5.0,5.01,4.99,4.999,292860,2021-05-10 19:01:00,BNGO
4.999,5.03,4.99,5.024,86918,2021-05-10 19:02:00,BNGO
5.025,5.03,5.02,5.03,45042,2021-05-10 19:03:00,BNGO
5.025,5.05,5.01,5.04,100382,2021-05-10 19:04:00,BNGO
5.0353,5.04,5.02,5.025,43115,2021-05-10 19:05:00,BNGO
5.025,5.03,5.01,5.0102,123179,2021-05-10 19:06:00,BNGO
5.02,5.02,4.99,5.015,77116,2021-05-10 19:07:00,BNGO
5.01,5.0299,5.01,5.015,21441,2021-05-10 19:08:00,BNGO
5.015,5.03,5.0141,5.0299,23804,2021-05-10 19:09:00,BNGO
5.025,5.03,5.0179,5.025,31762,2021-05-10 19:10:00,BNGO
5.025,5.03,5.0201,5.03,23424,2021-05-10 19:11:00,BNGO
5.03,5.04,5.03,5.04,29901,2021-05-10 19:12:00,BNGO
5.04,5.05,5.0301,5.0331,40400,2021-05-10 19:13:00,BNGO
5.04,5.04,5.03,5.031,8648,2021-05-10 19:14:00,BNGO
5.035,5.035,5.02,5.0286,51104,2021-05-10 19:15:00,BNGO
5.03,5.03,5.02,5.02,13354,2021-05-10 19:16:00,BNGO
5.025,5.03,5.02,5.025,15859,2021-05-10 19:17:00,BNGO
5.02,5.03,5.01,5.0286,112191,2021-05-10 19:18:00,BNGO
5.025,5.03,5.02,5.0278,23015,2021-05-10 19:19:00,BNGO
5.0212,5.03,5.0,5.0069,45738,2021-05-10 19:20:00,BNGO
5.0042,5.01,5.0,5.0,21960,2021-05-10 19:21:00,BNGO
5.0014,5.01,4.99,4.995,49643,2021-05-10 19:22:00,BNGO
4.995,5.01,4.99,5.01,46663,2021-05-10 19:23:00,BNGO
5.01,5.02,5.005,5.005,36831,2021-05-10 19:24:00,BNGO
5.005,5.02,5.0022,5.0095,41043,2021-05-10 19:25:00,BNGO
5.01,5.02,5.0001,5.015,29162,2021-05-10 19:26:00,BNGO
5.02,5.02,5.01,5.017,16326,2021-05-10 19:27:00,BNGO
5.015,5.045,5.015,5.0356,108818,2021-05-10 19:28:00,BNGO
5.03,5.05,5.03,5.04,34995,2021-05-10 19:29:00,BNGO
5.04,5.05,5.04,5.0428,45824,2021-05-10 19:30:00,BNGO
5.05,5.05,5.03,5.035,18580,2021-05-10 19:31:00,BNGO
5.04,5.05,5.035,5.0445,23676,2021-05-10 19:32:00,BNGO
5.045,5.06,5.04,5.05,57195,2021-05-10 19:33:00,BNGO
5.055,5.06,5.045,5.055,26778,2021-05-10 19:34:00,BNGO
5.055,5.055,5.04,5.045,61547,2021-05-10 19:35:00,BNGO
5.045,5.05,5.035,5.045,69584,2021-05-10 19:36:00,BNGO
5.0425,5.05,5.03,5.035,33823,2021-05-10 19:37:00,BNGO
5.035,5.04,5.03,5.035,14197,2021-05-10 19:38:00,BNGO
5.04,5.05,5.03,5.05,50999,2021-05-10 19:39:00,BNGO
5.045,5.05,5.03,5.035,118653,2021-05-10 19:40:00,BNGO
5.0317,5.04,5.03,5.04,16745,2021-05-10 19:41:00,BNGO
5.035,5.0384,5.02,5.025,34717,2021-05-10 19:42:00,BNGO
5.025,5.0295,5.01,5.019,34576,2021-05-10 19:43:00,BNGO
5.016,5.03,5.01,5.0187,95777,2021-05-10 19:44:00,BNGO
5.02,5.03,5.01,5.025,47718,2021-05-10 19:45:00,BNGO
5.025,5.0279,5.01,5.01,28732,2021-05-10 19:46:00,BNGO
5.01,5.02,5.01,5.0101,9291,2021-05-10 19:47:00,BNGO
5.02,5.02,5.01,5.0115,14504,2021-05-10 19:48:00,BNGO
5.0199,5.02,5.0,5.01,93146,2021-05-10 19:49:00,BNGO
5.02,5.03,5.01,5.015,170749,2021-05-10 19:50:00,BNGO
5.015,5.02,5.0,5.01,57795,2021-05-10 19:51:00,BNGO
5.01,5.01,5.0,5.0086,36526,2021-05-10 19:52:00,BNGO
5.005,5.029,5.005,5.0212,152465,2021-05-10 19:53:00,BNGO
5.026,5.03,5.0,5.01,156785,2021-05-10 19:54:00,BNGO
5.015,5.03,5.01,5.0206,56325,2021-05-10 19:55:00,BNGO
5.03,5.03,5.015,5.029,116239,2021-05-10 19:56:00,BNGO
5.02,5.03,5.0001,5.015,129845,2021-05-10 19:57:00,BNGO
5.015,5.02,5.0,5.01,89483,2021-05-10 19:58:00,BNGO
5.0099,5.01,4.99,5.0,225498,2021-05-10 19:59:00,BNGO
5.01,5.01,5.01,5.01,125597,2021-05-10 20:00:00,BNGO
5.02,5.05,5.02,5.02,1010,2021-05-10 20:01:00,BNGO
5.02,5.02,5.02,5.02,1997,2021-05-10 20:02:00,BNGO
5.03,5.03,5.03,5.03,1100,2021-05-10 20:03:00,BNGO
5.03,5.03,5.01,5.03,355,2021-05-10 20:04:00,BNGO
5.03,5.03,5.0,5.0,3179,2021-05-10 20:05:00,BNGO
4.99,4.99,4.99,4.99,3228,2021-05-10 20:06:00,BNGO
4.99,5.0,4.99,5.0,600,2021-05-10 20:07:00,BNGO
5.0,5.01,5.0,5.01,275,2021-05-10 20:08:00,BNGO
5.0,5.02,5.0,5.02,10795,2021-05-10 20:09:00,BNGO
5.02,5.02,5.01,5.01,848,2021-05-10 20:10:00,BNGO
5.0,5.0,4.99,4.99,1157,2021-05-10 20:11:00,BNGO
4.98,4.99,4.98,4.98,6007,2021-05-10 20:12:00,BNGO
4.99,4.99,4.98,4.98,8929,2021-05-10 20:13:00,BNGO
4.97,4.98,4.97,4.98,5925,2021-05-10 20:14:00,BNGO
4.98,4.98,4.97,4.97,1192,2021-05-10 20:15:00,BNGO
4.97,4.97,4.97,4.97,12725,2021-05-10 20:16:00,BNGO
4.98,4.98,4.97,4.97,1264,2021-05-10 20:17:00,BNGO
4.97,4.98,4.97,4.97,6346,2021-05-10 20:18:00,BNGO
4.99,4.99,4.99,4.99,279,2021-05-10 20:19:00,BNGO
4.99,4.99,4.99,4.99,100,2021-05-10 20:20:00,BNGO
4.99,4.99,4.99,4.99,100,2021-05-10 20:21:00,BNGO
4.99,4.99,4.98,4.99,2176,2021-05-10 20:22:00,BNGO
4.98,4.99,4.98,4.99,604,2021-05-10 20:23:00,BNGO
4.98,4.98,4.98,4.98,500,2021-05-10 20:24:00,BNGO
4.99,4.99,4.99,4.99,1759,2021-05-10 20:25:00,BNGO
4.99,4.99,4.99,4.99,600,2021-05-10 20:26:00,BNGO
4.99,4.99,4.99,4.99,1487,2021-05-10 20:27:00,BNGO
5.0,5.0,4.99,5.0,1711,2021-05-10 20:28:00,BNGO
5.0,5.0,5.0,5.0,989,2021-05-10 20:29:00,BNGO
5.0,5.0,4.99,4.99,1650,2021-05-10 20:30:00,BNGO
4.99,5.0,4.99,5.0,600,2021-05-10 20:31:00,BNGO
4.99,4.99,4.98,4.99,517,2021-05-10 20:32:00,BNGO
4.99,4.99,4.99,4.99,1247,2021-05-10 20:33:00,BNGO
4.99,5.0,4.99,5.0,425,2021-05-10 20:34:00,BNGO
5.0,5.0,5.0,5.0,700,2021-05-10 20:36:00,BNGO
5.0,5.0,5.0,5.0,200,2021-05-10 20:37:00,BNGO
5.0,5.0,4.98,4.98,2858,2021-05-10 20:38:00,BNGO
4.99,5.01,4.98,5.01,5545,2021-05-10 20:39:00,BNGO
5.03,5.03,5.03,5.03,437,2021-05-10 20:40:00,BNGO
5.01,5.01,5.01,5.01,1124,2021-05-10 20:42:00,BNGO
5.03,5.03,5.03,5.03,2152,2021-05-10 20:43:00,BNGO
5.03,5.03,5.03,5.03,348,2021-05-10 20:44:00,BNGO
5.03,5.03,5.03,5.03,831,2021-05-10 20:45:00,BNGO
5.02,5.03,5.02,5.03,981,2021-05-10 20:46:00,BNGO
5.03,5.03,5.03,5.03,356,2021-05-10 20:47:00,BNGO
5.04,5.05,5.04,5.05,200,2021-05-10 20:48:00,BNGO
5.04,5.05,5.04,5.05,2538,2021-05-10 20:50:00,BNGO
5.04,5.04,5.04,5.04,200,2021-05-10 20:52:00,BNGO
5.03,5.04,5.03,5.03,1920,2021-05-10 20:53:00,BNGO
5.03,5.03,5.03,5.03,350,2021-05-10 20:54:00,BNGO
5.01,5.01,5.01,5.01,100,2021-05-10 20:56:00,BNGO
5.0,5.0,4.97,4.97,1469,2021-05-10 20:57:00,BNGO
4.97,4.98,4.97,4.98,2460,2021-05-10 20:58:00,BNGO
4.97,4.98,4.96,4.96,2466,2021-05-10 20:59:00,BNGO
4.96,4.96,4.95,4.95,2132,2021-05-10 21:00:00,BNGO
4.97,4.97,4.97,4.97,294,2021-05-10 21:01:00,BNGO
4.97,4.97,4.96,4.96,1200,2021-05-10 21:02:00,BNGO
4.96,4.96,4.96,4.96,150,2021-05-10 21:03:00,BNGO
4.96,4.96,4.95,4.96,4274,2021-05-10 21:04:00,BNGO
4.96,4.98,4.95,4.95,24142,2021-05-10 21:05:00,BNGO
4.95,4.95,4.94,4.95,2028,2021-05-10 21:06:00,BNGO
4.95,4.95,4.94,4.94,2546,2021-05-10 21:07:00,BNGO
4.94,4.96,4.94,4.96,550,2021-05-10 21:08:00,BNGO
4.96,4.96,4.96,4.96,1006,2021-05-10 21:09:00,BNGO
5.01,5.01,5.01,5.01,100,2021-05-10 21:10:00,BNGO
4.99,4.99,4.96,4.96,1600,2021-05-10 21:11:00,BNGO
4.9899,4.99,4.9899,4.99,470,2021-05-10 21:12:00,BNGO
4.97,4.99,4.97,4.97,1088,2021-05-10 21:13:00,BNGO
5.01,5.01,5.0,5.01,1860,2021-05-10 21:15:00,BNGO
5.01,5.01,5.01,5.01,1554,2021-05-10 21:17:00,BNGO
5.0,5.02,5.0,5.02,4033,2021-05-10 21:18:00,BNGO
5.02,5.02,5.02,5.02,200,2021-05-10 21:19:00,BNGO
5.02,5.02,5.01,5.01,5203,2021-05-10 21:20:00,BNGO
5.01,5.01,5.01,5.01,800,2021-05-10 21:21:00,BNGO
5.01,5.01,5.01,5.01,200,2021-05-10 21:22:00,BNGO
5.01,5.01,5.01,5.01,300,2021-05-10 21:23:00,BNGO
5.01,5.02,5.01,5.02,718,2021-05-10 21:24:00,BNGO
5.02,5.02,5.01,5.01,550,2021-05-10 21:25:00,BNGO
5.01,5.02,5.01,5.02,852,2021-05-10 21:28:00,BNGO
5.02,5.02,5.02,5.02,1005,2021-05-10 21:29:00,BNGO
5.03,5.03,5.03,5.03,410,2021-05-10 21:32:00,BNGO
5.02,5.03,5.01,5.03,670,2021-05-10 21:33:00,BNGO
5.03,5.03,5.03,5.03,200,2021-05-10 21:35:00,BNGO
5.02,5.02,5.02,5.02,198,2021-05-10 21:36:00,BNGO
5.01,5.01,5.01,5.01,401,2021-05-10 21:37:00,BNGO
5.01,5.01,5.01,5.01,3000,2021-05-10 21:38:00,BNGO
5.01,5.01,5.01,5.01,100,2021-05-10 21:39:00,BNGO
5.01,5.02,5.01,5.02,3090,2021-05-10 21:40:00,BNGO
5.02,5.02,5.02,5.02,500,2021-05-10 21:41:00,BNGO
5.02,5.02,5.02,5.02,165,2021-05-10 21:42:00,BNGO
5.02,5.02,5.02,5.02,500,2021-05-10 21:43:00,BNGO
5.02,5.02,5.02,5.02,300,2021-05-10 21:44:00,BNGO
5.03,5.03,5.02,5.0299,2382,2021-05-10 21:45:00,BNGO
5.02,5.02,5.01,5.01,349,2021-05-10 21:46:00,BNGO
5.02,5.03,5.01,5.01,2586,2021-05-10 21:50:00,BNGO
5.01,5.01,5.01,5.01,170,2021-05-10 21:51:00,BNGO
5.02,5.02,5.02,5.02,767,2021-05-10 21:52:00,BNGO
5.03,5.03,5.03,5.03,3735,2021-05-10 21:53:00,BNGO
5.02,5.03,5.02,5.02,1575,2021-05-10 21:54:00,BNGO
5.03,5.03,5.02,5.02,1007,2021-05-10 21:55:00,BNGO
5.02,5.03,5.02,5.03,7463,2021-05-10 21:58:00,BNGO
5.03,5.03,5.03,5.03,2000,2021-05-10 21:59:00,BNGO
5.03,5.03,5.03,5.03,2295,2021-05-10 22:00:00,BNGO
5.03,5.03,5.03,5.03,4692,2021-05-10 22:01:00,BNGO
5.03,5.04,5.03,5.04,2598,2021-05-10 22:02:00,BNGO
5.04,5.04,5.04,5.04,500,2021-05-10 22:03:00,BNGO
5.03,5.03,5.03,5.03,100,2021-05-10 22:05:00,BNGO
5.03,5.03,5.03,5.03,2200,2021-05-10 22:06:00,BNGO
5.03,5.03,5.03,5.03,668,2021-05-10 22:07:00,BNGO
5.04,5.04,5.04,5.04,170,2021-05-10 22:10:00,BNGO
5.04,5.04,5.04,5.04,520,2021-05-10 22:15:00,BNGO
5.05,5.05,5.04,5.04,350,2021-05-10 22:16:00,BNGO
5.05,5.05,5.05,5.05,200,2021-05-10 22:19:00,BNGO
5.04,5.05,5.04,5.05,918,2021-05-10 22:20:00,BNGO
5.05,5.05,5.05,5.05,400,2021-05-10 22:21:00,BNGO
5.05,5.05,5.05,5.05,251,2021-05-10 22:22:00,BNGO
5.04,5.04,5.04,5.04,2650,2021-05-10 22:24:00,BNGO
5.04,5.05,5.04,5.05,2657,2021-05-10 22:28:00,BNGO
5.04,5.04,5.04,5.04,9453,2021-05-10 22:31:00,BNGO
5.04,5.04,5.04,5.04,100,2021-05-10 22:33:00,BNGO
5.04,5.04,5.04,5.04,250,2021-05-10 22:34:00,BNGO
5.04,5.04,5.04,5.04,879,2021-05-10 22:36:00,BNGO
5.04,5.05,5.04,5.05,1800,2021-05-10 22:37:00,BNGO
5.05,5.05,5.05,5.05,200,2021-05-10 22:38:00,BNGO
5.03,5.03,5.03,5.03,1000,2021-05-10 22:42:00,BNGO
5.05,5.05,5.05,5.05,100,2021-05-10 22:44:00,BNGO
5.03,5.03,5.03,5.03,100,2021-05-10 22:47:00,BNGO
5.03,5.03,5.03,5.03,2827,2021-05-10 22:53:00,BNGO
5.02,5.02,5.02,5.02,800,2021-05-10 22:54:00,BNGO
5.02,5.02,5.02,5.02,107,2021-05-10 22:55:00,BNGO
5.05,5.05,5.05,5.05,1797,2021-05-10 22:56:00,BNGO
5.06,5.06,5.06,5.06,400,2021-05-10 22:57:00,BNGO
5.06,5.07,5.06,5.07,641,2021-05-10 22:59:00,BNGO
5.07,5.07,5.07,5.07,192,2021-05-10 23:00:00,BNGO
5.08,5.09,5.08,5.09,511,2021-05-10 23:01:00,BNGO
5.09,5.09,5.07,5.07,2774,2021-05-10 23:02:00,BNGO
5.07,5.07,5.06,5.06,2137,2021-05-10 23:03:00,BNGO
5.07,5.08,5.06,5.08,583,2021-05-10 23:04:00,BNGO
5.0799,5.0799,5.0799,5.0799,100,2021-05-10 23:05:00,BNGO
5.08,5.08,5.07,5.07,800,2021-05-10 23:06:00,BNGO
5.08,5.08,5.08,5.08,100,2021-05-10 23:07:00,BNGO
5.08,5.08,5.08,5.08,100,2021-05-10 23:08:00,BNGO
5.07,5.07,5.07,5.07,164,2021-05-10 23:09:00,BNGO
5.07,5.07,5.07,5.07,100,2021-05-10 23:11:00,BNGO
5.06,5.06,5.06,5.06,126,2021-05-10 23:12:00,BNGO
5.07,5.07,5.07,5.07,911,2021-05-10 23:13:00,BNGO
5.0799,5.0799,5.0799,5.0799,250,2021-05-10 23:14:00,BNGO
5.08,5.08,5.08,5.08,100,2021-05-10 23:17:00,BNGO
5.08,5.08,5.06,5.06,3194,2021-05-10 23:19:00,BNGO
5.08,5.08,5.08,5.08,200,2021-05-10 23:20:00,BNGO
5.08,5.08,5.08,5.08,110,2021-05-10 23:21:00,BNGO
5.06,5.06,5.06,5.06,300,2021-05-10 23:22:00,BNGO
5.06,5.06,5.06,5.06,100,2021-05-10 23:23:00,BNGO
5.06,5.06,5.06,5.06,629,2021-05-10 23:25:00,BNGO
5.08,5.08,5.08,5.08,2000,2021-05-10 23:26:00,BNGO
5.06,5.08,5.06,5.08,250,2021-05-10 23:27:00,BNGO
5.06,5.06,5.06,5.06,1395,2021-05-10 23:28:00,BNGO
5.06,5.06,5.06,5.06,959,2021-05-10 23:29:00,BNGO
5.05,5.05,5.04,5.04,2000,2021-05-10 23:31:00,BNGO
5.03,5.04,5.03,5.04,333,2021-05-10 23:32:00,BNGO
5.04,5.04,5.02,5.02,2270,2021-05-10 23:35:00,BNGO
5.04,5.04,5.04,5.04,189,2021-05-10 23:37:00,BNGO
5.07,5.07,5.07,5.07,929,2021-05-10 23:39:00,BNGO
5.0799,5.08,5.0799,5.08,3973,2021-05-10 23:43:00,BNGO
5.08,5.08,5.08,5.08,3760,2021-05-10 23:44:00,BNGO
5.08,5.09,5.08,5.09,705,2021-05-10 23:45:00,BNGO
5.08,5.08,5.08,5.08,3918,2021-05-10 23:46:00,BNGO
5.08,5.08,5.08,5.08,730,2021-05-10 23:47:00,BNGO
5.09,5.09,5.08,5.08,1655,2021-05-10 23:48:00,BNGO
5.05,5.05,5.05,5.05,700,2021-05-10 23:49:00,BNGO
5.08,5.08,5.07,5.07,5852,2021-05-10 23:53:00,BNGO
5.06,5.06,5.06,5.06,200,2021-05-10 23:54:00,BNGO
5.07,5.07,5.07,5.07,1600,2021-05-10 23:56:00,BNGO
5.05,5.06,5.05,5.06,1599,2021-05-10 23:57:00,BNGO
5.05,5.05,5.05,5.05,1733,2021-05-10 23:58:00,BNGO
5.04,5.04,5.02,5.02,1377,2021-05-10 23:59:00,BNGO
4.97,4.97,4.97,4.97,397,2021-05-11 08:02:00,BNGO
4.95,4.95,4.93,4.93,1922,2021-05-11 08:03:00,BNGO
4.92,4.92,4.88,4.88,2024,2021-05-11 08:04:00,BNGO
4.85,4.85,4.8,4.8,1068,2021-05-11 08:05:00,BNGO
4.8,4.81,4.8,4.8,1556,2021-05-11 08:06:00,BNGO
4.81,4.81,4.8,4.81,3247,2021-05-11 08:07:00,BNGO
4.81,4.81,4.81,4.81,200,2021-05-11 08:08:00,BNGO
4.81,4.81,4.75,4.75,5356,2021-05-11 08:09:00,BNGO
4.75,4.75,4.73,4.75,2279,2021-05-11 08:10:00,BNGO
4.75,4.8,4.75,4.76,2104,2021-05-11 08:12:00,BNGO
4.75,4.77,4.72,4.74,3040,2021-05-11 08:13:00,BNGO
4.74,4.75,4.74,4.75,250,2021-05-11 08:14:00,BNGO
4.73,4.74,4.73,4.74,408,2021-05-11 08:16:00,BNGO
4.74,4.74,4.74,4.74,500,2021-05-11 08:18:00,BNGO
4.73,4.74,4.73,4.74,500,2021-05-11 08:19:00,BNGO
4.72,4.72,4.71,4.71,1050,2021-05-11 08:21:00,BNGO
4.71,4.71,4.71,4.71,1271,2021-05-11 08:22:00,BNGO
4.74,4.74,4.73,4.74,1090,2021-05-11 08:23:00,BNGO
4.74,4.74,4.71,4.71,400,2021-05-11 08:24:00,BNGO
4.71,4.71,4.71,4.71,459,2021-05-11 08:26:00,BNGO
4.71,4.71,4.63,4.63,2676,2021-05-11 08:27:00,BNGO
4.65,4.65,4.63,4.63,1382,2021-05-11 08:28:00,BNGO
4.63,4.63,4.58,4.58,830,2021-05-11 08:29:00,BNGO
4.6,4.65,4.6,4.6,4622,2021-05-11 08:30:00,BNGO
4.63,4.64,4.63,4.64,1946,2021-05-11 08:32:00,BNGO
4.62,4.64,4.62,4.64,399,2021-05-11 08:34:00,BNGO
4.64,4.64,4.64,4.64,857,2021-05-11 08:37:00,BNGO
4.64,4.64,4.64,4.64,1200,2021-05-11 08:38:00,BNGO
4.67,4.67,4.67,4.67,125,2021-05-11 08:39:00,BNGO
4.67,4.67,4.6,4.6,2353,2021-05-11 08:40:00,BNGO
4.63,4.63,4.63,4.63,341,2021-05-11 08:41:00,BNGO
4.64,4.69,4.64,4.69,716,2021-05-11 08:44:00,BNGO
4.66,4.69,4.65,4.69,625,2021-05-11 08:45:00,BNGO
4.65,4.65,4.64,4.64,877,2021-05-11 08:46:00,BNGO
4.65,4.65,4.64,4.64,2985,2021-05-11 08:47:00,BNGO
4.64,4.64,4.64,4.64,200,2021-05-11 08:48:00,BNGO
4.68,4.69,4.68,4.69,1920,2021-05-11 08:49:00,BNGO
4.7,4.7,4.68,4.7,1027,2021-05-11 08:51:00,BNGO
4.7,4.7,4.7,4.7,100,2021-05-11 08:52:00,BNGO
4.74,4.74,4.73,4.73,200,2021-05-11 08:53:00,BNGO
4.72,4.72,4.72,4.72,1100,2021-05-11 08:55:00,BNGO
4.72,4.72,4.72,4.72,900,2021-05-11 08:56:00,BNGO
4.72,4.73,4.72,4.73,541,2021-05-11 08:57:00,BNGO
4.73,4.73,4.73,4.73,1100,2021-05-11 09:03:00,BNGO
4.73,4.73,4.73,4.73,138,2021-05-11 09:04:00,BNGO
4.7,4.7,4.67,4.67,2931,2021-05-11 09:08:00,BNGO
4.64,4.64,4.58,4.58,3506,2021-05-11 09:09:00,BNGO
4.58,4.6,4.58,4.6,3321,2021-05-11 09:10:00,BNGO
4.6,4.6,4.6,4.6,41234,2021-05-11 09:11:00,BNGO
4.63,4.63,4.63,4.63,342,2021-05-11 09:13:00,BNGO
4.66,4.66,4.64,4.65,488,2021-05-11 09:14:00,BNGO
4.63,4.63,4.63,4.63,172,2021-05-11 09:17:00,BNGO
4.65,4.65,4.64,4.64,2200,2021-05-11 09:18:00,BNGO
4.65,4.65,4.65,4.65,925,2021-05-11 09:20:00,BNGO
4.65,4.65,4.65,4.65,300,2021-05-11 09:22:00,BNGO
4.64,4.64,4.63,4.63,300,2021-05-11 09:23:00,BNGO
4.63,4.64,4.63,4.64,626,2021-05-11 09:24:00,BNGO
4.63,4.63,4.63,4.63,471,2021-05-11 09:25:00,BNGO
4.63,4.63,4.63,4.63,240,2021-05-11 09:29:00,BNGO
4.68,4.69,4.68,4.69,400,2021-05-11 09:31:00,BNGO
4.69,4.69,4.69,4.69,157,2021-05-11 09:35:00,BNGO
4.68,4.68,4.68,4.68,143,2021-05-11 09:36:00,BNGO
4.68,4.68,4.68,4.68,1100,2021-05-11 09:37:00,BNGO
4.67,4.7,4.67,4.7,1667,2021-05-11 09:38:00,BNGO
4.7,4.7,4.7,4.7,700,2021-05-11 09:39:00,BNGO
4.72,4.73,4.72,4.73,1200,2021-05-11 09:42:00,BNGO
4.73,4.73,4.73,4.73,545,2021-05-11 09:43:00,BNGO
4.73,4.73,4.73,4.73,700,2021-05-11 09:44:00,BNGO
4.73,4.73,4.73,4.73,129,2021-05-11 09:45:00,BNGO
4.73,4.73,4.73,4.73,100,2021-05-11 09:47:00,BNGO
4.73,4.73,4.73,4.73,111,2021-05-11 09:48:00,BNGO
4.73,4.73,4.73,4.73,100,2021-05-11 09:49:00,BNGO
4.73,4.73,4.73,4.73,583,2021-05-11 09:51:00,BNGO
4.73,4.73,4.73,4.73,199,2021-05-11 09:53:00,BNGO
4.73,4.73,4.73,4.73,200,2021-05-11 09:57:00,BNGO
4.73,4.73,4.73,4.73,100,2021-05-11 09:58:00,BNGO
4.73,4.73,4.73,4.73,200,2021-05-11 10:00:00,BNGO
4.73,4.73,4.73,4.73,108,2021-05-11 10:05:00,BNGO
4.73,4.74,4.73,4.73,1357,2021-05-11 10:06:00,BNGO
4.74,4.74,4.74,4.74,200,2021-05-11 10:07:00,BNGO
4.71,4.72,4.71,4.72,1274,2021-05-11 10:15:00,BNGO
4.73,4.73,4.73,4.73,395,2021-05-11 10:20:00,BNGO
4.73,4.74,4.73,4.74,1110,2021-05-11 10:23:00,BNGO
4.74,4.74,4.74,4.74,200,2021-05-11 10:24:00,BNGO
4.74,4.74,4.74,4.74,100,2021-05-11 10:26:00,BNGO
4.74,4.74,4.74,4.74,100,2021-05-11 10:27:00,BNGO
4.75,4.75,4.75,4.75,400,2021-05-11 10:28:00,BNGO
4.75,4.75,4.75,4.75,445,2021-05-11 10:33:00,BNGO
4.73,4.73,4.73,4.73,100,2021-05-11 10:34:00,BNGO
4.75,4.75,4.75,4.75,100,2021-05-11 10:39:00,BNGO
4.75,4.75,4.75,4.75,793,2021-05-11 10:40:00,BNGO
4.76,4.76,4.76,4.76,300,2021-05-11 10:43:00,BNGO
4.77,4.77,4.77,4.77,336,2021-05-11 10:44:00,BNGO
4.75,4.75,4.73,4.73,1453,2021-05-11 10:45:00,BNGO
4.75,4.75,4.75,4.75,129,2021-05-11 10:47:00,BNGO
4.78,4.79,4.78,4.79,272,2021-05-11 10:49:00,BNGO
4.8,4.8,4.79,4.79,500,2021-05-11 10:50:00,BNGO
4.79,4.79,4.79,4.79,400,2021-05-11 10:51:00,BNGO
4.75,4.75,4.75,4.75,100,2021-05-11 10:52:00,BNGO
4.75,4.75,4.73,4.73,318,2021-05-11 10:53:00,BNGO
4.74,4.74,4.73,4.73,1752,2021-05-11 10:54:00,BNGO
4.73,4.73,4.73,4.73,100,2021-05-11 10:57:00,BNGO
4.73,4.73,4.73,4.73,813,2021-05-11 10:59:00,BNGO
4.76,4.89,4.73,4.74,41392,2021-05-11 11:00:00,BNGO
4.8,4.8,4.73,4.73,2651,2021-05-11 11:01:00,BNGO
4.72,4.72,4.71,4.72,1320,2021-05-11 11:02:00,BNGO
4.71,4.75,4.7,4.75,2779,2021-05-11 11:03:00,BNGO
4.75,4.75,4.75,4.75,4579,2021-05-11 11:04:00,BNGO
4.73,4.73,4.73,4.73,300,2021-05-11 11:05:00,BNGO
4.74,4.74,4.7,4.7,660,2021-05-11 11:06:00,BNGO
4.7,4.7,4.7,4.7,1480,2021-05-11 11:07:00,BNGO
4.71,4.74,4.71,4.74,960,2021-05-11 11:08:00,BNGO
4.72,4.72,4.72,4.72,100,2021-05-11 11:09:00,BNGO
4.71,4.73,4.7,4.72,9273,2021-05-11 11:10:00,BNGO
4.73,4.73,4.73,4.73,605,2021-05-11 11:11:00,BNGO
4.72,4.73,4.72,4.73,2984,2021-05-11 11:12:00,BNGO
4.74,4.74,4.73,4.74,5904,2021-05-11 11:13:00,BNGO
4.74,4.74,4.73,4.73,1170,2021-05-11 11:15:00,BNGO
4.72,4.72,4.72,4.72,8000,2021-05-11 11:16:00,BNGO
4.72,4.72,4.72,4.72,100,2021-05-11 11:17:00,BNGO
4.71,4.71,4.71,4.71,1000,2021-05-11 11:18:00,BNGO
4.71,4.71,4.7,4.7,2614,2021-05-11 11:19:00,BNGO
4.7,4.71,4.7,4.7,3384,2021-05-11 11:20:00,BNGO
4.7,4.7,4.7,4.7,490,2021-05-11 11:21:00,BNGO
4.71,4.71,4.69,4.69,2719,2021-05-11 11:22:00,BNGO
4.68,4.69,4.68,4.68,1990,2021-05-11 11:23:00,BNGO
4.68,4.68,4.68,4.68,1850,2021-05-11 11:24:00,BNGO
4.69,4.69,4.68,4.68,16230,2021-05-11 11:25:00,BNGO
4.68,4.68,4.68,4.68,2067,2021-05-11 11:26:00,BNGO
4.68,4.68,4.68,4.68,1300,2021-05-11 11:27:00,BNGO
4.68,4.68,4.68,4.68,4200,2021-05-11 11:28:00,BNGO
4.69,4.69,4.69,4.69,2370,2021-05-11 11:29:00,BNGO
4.69,4.69,4.68,4.68,8792,2021-05-11 11:30:00,BNGO
4.68,4.68,4.68,4.68,1159,2021-05-11 11:31:00,BNGO
4.68,4.68,4.68,4.68,100,2021-05-11 11:32:00,BNGO
4.68,4.68,4.68,4.68,2211,2021-05-11 11:33:00,BNGO
4.68,4.68,4.68,4.68,373,2021-05-11 11:34:00,BNGO
4.68,4.68,4.67,4.68,4169,2021-05-11 11:35:00,BNGO
4.66,4.66,4.64,4.64,9639,2021-05-11 11:36:00,BNGO
4.62,4.62,4.6,4.6,3010,2021-05-11 11:39:00,BNGO
4.61,4.61,4.58,4.58,4549,2021-05-11 11:40:00,BNGO
4.56,4.57,4.55,4.55,3189,2021-05-11 11:41:00,BNGO
4.53,4.53,4.53,4.53,693,2021-05-11 11:42:00,BNGO
4.52,4.52,4.5,4.5,4066,2021-05-11 11:43:00,BNGO
4.51,4.55,4.5,4.55,3937,2021-05-11 11:44:00,BNGO
4.56,4.61,4.56,4.59,4581,2021-05-11 11:45:00,BNGO
4.59,4.61,4.59,4.61,1376,2021-05-11 11:46:00,BNGO
4.61,4.62,4.61,4.62,728,2021-05-11 11:47:00,BNGO
4.61,4.61,4.6,4.6,1640,2021-05-11 11:48:00,BNGO
4.62,4.62,4.62,4.62,904,2021-05-11 11:49:00,BNGO
4.6,4.6,4.6,4.6,100,2021-05-11 11:51:00,BNGO
4.62,4.62,4.61,4.61,770,2021-05-11 11:52:00,BNGO
4.61,4.63,4.6,4.63,12539,2021-05-11 11:53:00,BNGO
4.62,4.63,4.62,4.63,3400,2021-05-11 11:54:00,BNGO
4.63,4.63,4.62,4.62,1339,2021-05-11 11:56:00,BNGO
4.62,4.62,4.6,4.6,1217,2021-05-11 11:57:00,BNGO
4.59,4.6,4.58,4.58,1410,2021-05-11 11:58:00,BNGO
4.6,4.6,4.6,4.6,1223,2021-05-11 11:59:00,BNGO
4.6,4.63,4.6,4.61,5300,2021-05-11 12:00:00,BNGO
4.62,4.62,4.56,4.56,21922,2021-05-11 12:01:00,BNGO
4.56,4.56,4.53,4.56,3975,2021-05-11 12:02:00,BNGO
4.55,4.56,4.55,4.56,3900,2021-05-11 12:03:00,BNGO
4.58,4.59,4.58,4.59,8100,2021-05-11 12:04:00,BNGO
4.6,4.6,4.59,4.6,3414,2021-05-11 12:05:00,BNGO
4.6,4.62,4.6,4.62,14663,2021-05-11 12:06:00,BNGO
4.62,4.63,4.62,4.63,18972,2021-05-11 12:07:00,BNGO
4.65,4.65,4.63,4.63,4049,2021-05-11 12:08:00,BNGO
4.65,4.65,4.64,4.65,7126,2021-05-11 12:09:00,BNGO
4.65,4.67,4.65,4.65,13454,2021-05-11 12:10:00,BNGO
4.63,4.65,4.63,4.65,1800,2021-05-11 12:11:00,BNGO
4.65,4.66,4.65,4.66,6127,2021-05-11 12:12:00,BNGO
4.66,4.67,4.66,4.66,1124,2021-05-11 12:13:00,BNGO
4.67,4.67,4.66,4.67,2800,2021-05-11 12:14:00,BNGO
4.67,4.6701,4.67,4.67,1250,2021-05-11 12:15:00,BNGO
4.68,4.6801,4.58,4.58,35347,2021-05-11 12:16:00,BNGO
4.58,4.5801,4.58,4.5801,11150,2021-05-11 12:17:00,BNGO
4.58,4.6,4.53,4.53,12912,2021-05-11 12:18:00,BNGO
4.52,4.53,4.51,4.5101,1992,2021-05-11 12:19:00,BNGO
4.52,4.5301,4.51,4.53,5800,2021-05-11 12:20:00,BNGO
4.5101,4.52,4.5,4.52,12550,2021-05-11 12:21:00,BNGO
4.51,4.51,4.5,4.5,28351,2021-05-11 12:22:00,BNGO
4.51,4.51,4.48,4.48,2970,2021-05-11 12:23:00,BNGO
4.47,4.5,4.46,4.46,9385,2021-05-11 12:24:00,BNGO
4.4801,4.5,4.4801,4.49,1140,2021-05-11 12:25:00,BNGO
4.48,4.49,4.47,4.48,23095,2021-05-11 12:26:00,BNGO
4.49,4.5,4.48,4.5,5361,2021-05-11 12:27:00,BNGO
4.49,4.49,4.49,4.49,1600,2021-05-11 12:28:00,BNGO
4.49,4.5,4.49,4.5,17178,2021-05-11 12:29:00,BNGO
4.5,4.5,4.49,4.49,13003,2021-05-11 12:30:00,BNGO
4.5,4.5,4.49,4.49,16519,2021-05-11 12:31:00,BNGO
4.5,4.5,4.49,4.5,15818,2021-05-11 12:32:00,BNGO
4.5,4.5,4.49,4.49,7449,2021-05-11 12:33:00,BNGO
4.5,4.5,4.5,4.5,1991,2021-05-11 12:34:00,BNGO
4.5,4.5,4.49,4.5,6135,2021-05-11 12:35:00,BNGO
4.49,4.49,4.48,4.48,1020,2021-05-11 12:36:00,BNGO
4.48,4.48,4.44,4.4401,24962,2021-05-11 12:37:00,BNGO
4.44,4.4401,4.42,4.42,7855,2021-05-11 12:38:00,BNGO
4.42,4.42,4.4,4.4,5895,2021-05-11 12:39:00,BNGO
4.381,4.4,4.36,4.3799,5251,2021-05-11 12:40:00,BNGO
4.36,4.379,4.36,4.379,14253,2021-05-11 12:41:00,BNGO
4.38,4.38,4.37,4.38,7202,2021-05-11 12:42:00,BNGO
4.38,4.4,4.37,4.4,8260,2021-05-11 12:43:00,BNGO
4.39,4.4,4.38,4.4,5796,2021-05-11 12:44:00,BNGO
4.4,4.4,4.39,4.39,4831,2021-05-11 12:45:00,BNGO
4.39,4.4,4.38,4.38,3466,2021-05-11 12:46:00,BNGO
4.3899,4.39,4.3899,4.39,1606,2021-05-11 12:47:00,BNGO
4.39,4.39,4.38,4.39,1810,2021-05-11 12:48:00,BNGO
4.39,4.39,4.38,4.39,2350,2021-05-11 12:49:00,BNGO
4.39,4.4,4.38,4.4,23350,2021-05-11 12:50:00,BNGO
4.39,4.4,4.38,4.4,17646,2021-05-11 12:51:00,BNGO
4.41,4.41,4.4,4.41,8124,2021-05-11 12:52:00,BNGO
4.41,4.41,4.39,4.39,3152,2021-05-11 12:53:00,BNGO
4.3901,4.4,4.39,4.3999,6491,2021-05-11 12:54:00,BNGO
4.4,4.4,4.39,4.3901,6131,2021-05-11 12:55:00,BNGO
4.39,4.4,4.39,4.4,3742,2021-05-11 12:56:00,BNGO
4.3999,4.4,4.38,4.4,6803,2021-05-11 12:57:00,BNGO
4.39,4.41,4.38,4.4001,12357,2021-05-11 12:58:00,BNGO
4.41,4.41,4.4,4.4,10028,2021-05-11 12:59:00,BNGO
4.41,4.44,4.41,4.44,5721,2021-05-11 13:00:00,BNGO
4.44,4.44,4.43,4.44,12826,2021-05-11 13:01:00,BNGO
4.43,4.44,4.43,4.44,2954,2021-05-11 13:02:00,BNGO
4.44,4.45,4.4301,4.45,20030,2021-05-11 13:03:00,BNGO
4.45,4.45,4.4499,4.45,7425,2021-05-11 13:04:00,BNGO
4.45,4.46,4.45,4.46,16710,2021-05-11 13:05:00,BNGO
4.46,4.5,4.46,4.5,14336,2021-05-11 13:06:00,BNGO
4.52,4.52,4.46,4.52,30540,2021-05-11 13:07:00,BNGO
4.5101,4.55,4.5101,4.55,5507,2021-05-11 13:08:00,BNGO
4.54,4.54,4.52,4.52,11953,2021-05-11 13:09:00,BNGO
4.53,4.53,4.5,4.5,9206,2021-05-11 13:10:00,BNGO
4.5,4.51,4.49,4.5,6583,2021-05-11 13:11:00,BNGO
4.5,4.51,4.5,4.51,7007,2021-05-11 13:12:00,BNGO
4.51,4.51,4.5,4.51,1998,2021-05-11 13:13:00,BNGO
4.51,4.52,4.51,4.52,6768,2021-05-11 13:14:00,BNGO
4.52,4.56,4.52,4.56,6173,2021-05-11 13:15:00,BNGO
4.56,4.59,4.56,4.59,8964,2021-05-11 13:16:00,BNGO
4.59,4.59,4.58,4.58,1990,2021-05-11 13:17:00,BNGO
4.5899,4.6,4.5899,4.5999,1487,2021-05-11 13:18:00,BNGO
4.5999,4.6,4.55,4.58,14517,2021-05-11 13:19:00,BNGO
4.58,4.59,4.57,4.58,7242,2021-05-11 13:20:00,BNGO
4.58,4.58,4.57,4.58,3561,2021-05-11 13:21:00,BNGO
4.58,4.58,4.5,4.5,10215,2021-05-11 13:22:00,BNGO
4.5,4.5,4.49,4.5,15450,2021-05-11 13:23:00,BNGO
4.5,4.5,4.49,4.5,10857,2021-05-11 13:24:00,BNGO
4.5,4.52,4.5,4.52,3037,2021-05-11 13:25:00,BNGO
4.55,4.55,4.52,4.53,5926,2021-05-11 13:26:00,BNGO
4.53,4.53,4.52,4.52,16897,2021-05-11 13:27:00,BNGO
4.53,4.54,4.52,4.54,5304,2021-05-11 13:28:00,BNGO
4.53,4.54,4.51,4.51,17307,2021-05-11 13:29:00,BNGO
4.51,4.6,4.46,4.599,627745,2021-05-11 13:30:00,BNGO
4.595,4.78,4.5901,4.765,308682,2021-05-11 13:31:00,BNGO
4.765,4.87,4.75,4.85,338227,2021-05-11 13:32:00,BNGO
4.8441,4.87,4.8,4.859,177431,2021-05-11 13:33:00,BNGO
4.85,4.86,4.755,4.7936,162616,2021-05-11 13:34:00,BNGO
4.795,4.8496,4.79,4.83,125677,2021-05-11 13:35:00,BNGO
4.83,4.8895,4.81,4.87,140406,2021-05-11 13:36:00,BNGO
4.86,4.89,4.79,4.8101,88561,2021-05-11 13:37:00,BNGO
4.8101,4.9,4.81,4.8946,124989,2021-05-11 13:38:00,BNGO
4.8988,4.9,4.8427,4.9,219664,2021-05-11 13:39:00,BNGO
4.91,4.95,4.9,4.92,128012,2021-05-11 13:40:00,BNGO
4.93,4.9699,4.91,4.9409,104671,2021-05-11 13:41:00,BNGO
4.945,4.9583,4.93,4.942,95595,2021-05-11 13:42:00,BNGO
4.9492,5.04,4.9492,5.0391,218289,2021-05-11 13:43:00,BNGO
5.0381,5.04,4.94,4.99,151419,2021-05-11 13:44:00,BNGO
4.97,4.9899,4.91,4.9573,85137,2021-05-11 13:45:00,BNGO
4.96,4.985,4.91,4.9709,122622,2021-05-11 13:46:00,BNGO
4.98,5.0,4.94,4.9463,71738,2021-05-11 13:47:00,BNGO
4.9405,5.0499,4.94,5.03,119753,2021-05-11 13:48:00,BNGO
5.025,5.0486,4.94,4.94,172927,2021-05-11 13:49:00,BNGO
4.9403,4.995,4.94,4.9757,48290,2021-05-11 13:50:00,BNGO
4.98,5.02,4.96,5.0199,69514,2021-05-11 13:51:00,BNGO
5.02,5.04,5.0,5.035,63279,2021-05-11 13:52:00,BNGO
5.0377,5.07,5.0377,5.07,111450,2021-05-11 13:53:00,BNGO
5.07,5.1,5.06,5.063,105097,2021-05-11 13:54:00,BNGO
5.0666,5.0692,4.98,4.9962,132702,2021-05-11 13:55:00,BNGO
4.995,5.06,4.995,5.04,87941,2021-05-11 13:56:00,BNGO
5.045,5.06,5.02,5.025,72699,2021-05-11 13:57:00,BNGO
5.029,5.05,5.02,5.05,28841,2021-05-11 13:58:00,BNGO
5.0496,5.09,5.04,5.0899,46757,2021-05-11 13:59:00,BNGO
5.09,5.09,5.0,5.0,68237,2021-05-11 14:00:00,BNGO
5.0001,5.04,5.0,5.003,58555,2021-05-11 14:01:00,BNGO
5.005,5.03,4.95,4.95,80800,2021-05-11 14:02:00,BNGO
4.96,5.01,4.95,4.969,36255,2021-05-11 14:03:00,BNGO
4.9691,5.01,4.95,4.96,73566,2021-05-11 14:04:00,BNGO
4.9642,4.99,4.95,4.955,35516,2021-05-11 14:05:00,BNGO
4.9595,4.975,4.91,4.92,82704,2021-05-11 14:06:00,BNGO
4.92,4.94,4.915,4.94,59833,2021-05-11 14:07:00,BNGO
4.94,4.94,4.9,4.9001,133109,2021-05-11 14:08:00,BNGO
4.9,4.91,4.855,4.855,127720,2021-05-11 14:09:00,BNGO
4.855,4.88,4.85,4.875,145773,2021-05-11 14:10:00,BNGO
4.88,4.91,4.87,4.8731,75332,2021-05-11 14:11:00,BNGO
4.88,4.915,4.87,4.91,74209,2021-05-11 14:12:00,BNGO
4.905,4.92,4.84,4.8499,106316,2021-05-11 14:13:00,BNGO
4.845,4.885,4.84,4.85,73892,2021-05-11 14:14:00,BNGO
4.85,4.87,4.81,4.81,79108,2021-05-11 14:15:00,BNGO
4.8101,4.85,4.7801,4.79,144734,2021-05-11 14:16:00,BNGO
4.8,4.81,4.79,4.8,70028,2021-05-11 14:17:00,BNGO
4.8014,4.835,4.788,4.82,106471,2021-05-11 14:18:00,BNGO
4.825,4.87,4.82,4.85,90755,2021-05-11 14:19:00,BNGO
4.85,4.92,4.85,4.9095,102322,2021-05-11 14:20:00,BNGO
4.905,4.94,4.89,4.9093,67192,2021-05-11 14:21:00,BNGO
4.91,4.91,4.855,4.86,32044,2021-05-11 14:22:00,BNGO
4.863,4.885,4.855,4.87,42972,2021-05-11 14:23:00,BNGO
4.86,4.9,4.83,4.832,44774,2021-05-11 14:24:00,BNGO
4.83,4.84,4.8,4.805,52271,2021-05-11 14:25:00,BNGO
4.805,4.82,4.78,4.81,84447,2021-05-11 14:26:00,BNGO
4.8,4.835,4.795,4.8,80710,2021-05-11 14:27:00,BNGO
4.825,4.825,4.78,4.7899,42970,2021-05-11 14:28:00,BNGO
4.7834,4.79,4.75,4.75,60046,2021-05-11 14:29:00,BNGO
4.75,4.775,4.71,4.76,105362,2021-05-11 14:30:00,BNGO
4.765,4.8,4.75,4.755,102571,2021-05-11 14:31:00,BNGO
4.75,4.77,4.745,4.77,62725,2021-05-11 14:32:00,BNGO
4.77,4.8,4.765,4.799,54065,2021-05-11 14:33:00,BNGO
4.8,4.81,4.78,4.791,78324,2021-05-11 14:34:00,BNGO
4.79,4.8,4.77,4.792,32932,2021-05-11 14:35:00,BNGO
4.79,4.805,4.775,4.785,53516,2021-05-11 14:36:00,BNGO
4.7901,4.7901,4.77,4.77,15181,2021-05-11 14:37:00,BNGO
4.77,4.78,4.751,4.755,35115,2021-05-11 14:38:00,BNGO
4.7505,4.78,4.74,4.771,120960,2021-05-11 14:39:00,BNGO
4.77,4.81,4.755,4.81,35519,2021-05-11 14:40:00,BNGO
4.81,4.82,4.8,4.81,80916,2021-05-11 14:41:00,BNGO
4.8,4.8385,4.79,4.82,61501,2021-05-11 14:42:00,BNGO
4.82,4.83,4.8,4.8,35519,2021-05-11 14:43:00,BNGO
4.8,4.82,4.8,4.82,27778,2021-05-11 14:44:00,BNGO
4.81,4.83,4.8,4.8276,34510,2021-05-11 14:45:00,BNGO
4.82,4.825,4.77,4.78,48897,2021-05-11 14:46:00,BNGO
4.775,4.83,4.77,4.83,48280,2021-05-11 14:47:00,BNGO
4.8399,4.85,4.83,4.85,67921,2021-05-11 14:48:00,BNGO
4.85,4.89,4.845,4.87,43639,2021-05-11 14:49:00,BNGO
4.87,4.89,4.855,4.8897,69450,2021-05-11 14:50:00,BNGO
4.88,4.89,4.8618,4.88,51148,2021-05-11 14:51:00,BNGO
4.88,4.9,4.87,4.9,35028,2021-05-11 14:52:00,BNGO
4.895,4.9,4.88,4.8801,26002,2021-05-11 14:53:00,BNGO
4.8858,4.89,4.86,4.8854,127325,2021-05-11 14:54:00,BNGO
4.88,4.89,4.86,4.8607,56103,2021-05-11 14:55:00,BNGO
4.865,4.9,4.865,4.8979,68376,2021-05-11 14:56:00,BNGO
4.895,4.9,4.88,4.88,37297,2021-05-11 14:57:00,BNGO
4.88,4.8876,4.85,4.8582,22967,2021-05-11 14:58:00,BNGO
4.8581,4.865,4.85,4.86,13094,2021-05-11 14:59:00,BNGO
4.85,4.86,4.8335,4.8344,13528,2021-05-11 15:00:00,BNGO
4.8381,4.84,4.8,4.815,27512,2021-05-11 15:01:00,BNGO
4.8179,4.8299,4.81,4.82,25273,2021-05-11 15:02:00,BNGO
4.815,4.82,4.8024,4.81,18362,2021-05-11 15:03:00,BNGO
4.805,4.82,4.8,4.8005,23096,2021-05-11 15:04:00,BNGO
4.8,4.84,4.8,4.8355,53717,2021-05-11 15:05:00,BNGO
4.8301,4.86,4.8301,4.855,29694,2021-05-11 15:06:00,BNGO
4.86,4.8799,4.8501,4.8601,24593,2021-05-11 15:07:00,BNGO
4.865,4.865,4.83,4.85,22388,2021-05-11 15:08:00,BNGO
4.8477,4.85,4.835,4.84,32377,2021-05-11 15:09:00,BNGO
4.85,4.88,4.84,4.87,38350,2021-05-11 15:10:00,BNGO
4.87,4.91,4.865,4.905,115609,2021-05-11 15:11:00,BNGO
4.9,4.91,4.89,4.91,33873,2021-05-11 15:12:00,BNGO
4.9008,4.9008,4.885,4.8909,22205,2021-05-11 15:13:00,BNGO
4.89,4.91,4.885,4.905,20430,2021-05-11 15:14:00,BNGO
4.9009,4.91,4.89,4.8901,33098,2021-05-11 15:15:00,BNGO
4.895,4.93,4.895,4.93,49580,2021-05-11 15:16:00,BNGO
4.935,4.96,4.935,4.942,44188,2021-05-11 15:17:00,BNGO
4.945,4.97,4.945,4.965,49788,2021-05-11 15:18:00,BNGO
4.97,4.975,4.9515,4.9693,34733,2021-05-11 15:19:00,BNGO
4.97,4.98,4.96,4.97,58298,2021-05-11 15:20:00,BNGO
4.96,4.97,4.9434,4.96,23316,2021-05-11 15:21:00,BNGO
4.9501,4.97,4.95,4.97,18553,2021-05-11 15:22:00,BNGO
4.965,4.98,4.96,4.97,39552,2021-05-11 15:23:00,BNGO
4.97,4.97,4.96,4.965,3451,2021-05-11 15:24:00,BNGO
4.97,4.985,4.965,4.975,61924,2021-05-11 15:25:00,BNGO
4.9799,4.995,4.9701,4.98,37626,2021-05-11 15:26:00,BNGO
4.9811,4.995,4.98,4.9882,36923,2021-05-11 15:27:00,BNGO
4.985,4.99,4.96,4.9654,34216,2021-05-11 15:28:00,BNGO
4.96,4.98,4.96,4.975,17782,2021-05-11 15:29:00,BNGO
4.9719,4.98,4.97,4.9701,12544,2021-05-11 15:30:00,BNGO
4.9701,4.98,4.94,4.95,34417,2021-05-11 15:31:00,BNGO
4.95,4.95,4.94,4.945,10800,2021-05-11 15:32:00,BNGO
4.9468,4.955,4.94,4.955,27846,2021-05-11 15:33:00,BNGO
4.96,4.97,4.94,4.955,51168,2021-05-11 15:34:00,BNGO
4.95,4.965,4.95,4.9537,18823,2021-05-11 15:35:00,BNGO
4.955,4.99,4.95,4.99,27669,2021-05-11 15:36:00,BNGO
4.98,4.98,4.97,4.97,36470,2021-05-11 15:37:00,BNGO
4.97,4.98,4.965,4.97,16832,2021-05-11 15:38:00,BNGO
4.9614,4.98,4.9614,4.98,18050,2021-05-11 15:39:00,BNGO
4.975,4.98,4.95,4.9593,40299,2021-05-11 15:40:00,BNGO
4.9599,4.97,4.95,4.9557,18692,2021-05-11 15:41:00,BNGO
4.955,4.98,4.955,4.9797,11954,2021-05-11 15:42:00,BNGO
4.97,4.97,4.95,4.95,19966,2021-05-11 15:43:00,BNGO
4.945,4.95,4.93,4.935,68712,2021-05-11 15:44:00,BNGO
4.93,4.95,4.93,4.95,15617,2021-05-11 15:45:00,BNGO
4.95,4.98,4.95,4.97,53523,2021-05-11 15:46:00,BNGO
4.975,4.98,4.96,4.96,7003,2021-05-11 15:47:00,BNGO
4.96,4.985,4.96,4.985,31044,2021-05-11 15:48:00,BNGO
4.985,5.0,4.98,4.995,77221,2021-05-11 15:49:00,BNGO
4.995,5.02,4.99,5.01,103582,2021-05-11 15:50:00,BNGO
5.0061,5.02,5.0,5.01,33012,2021-05-11 15:51:00,BNGO
5.02,5.02,4.99,4.995,30651,2021-05-11 15:52:00,BNGO
4.995,5.01,4.99,5.0015,23607,2021-05-11 15:53:00,BNGO
5.01,5.02,5.0,5.015,28875,2021-05-11 15:54:00,BNGO
5.01,5.03,5.01,5.015,26755,2021-05-11 15:55:00,BNGO
5.0155,5.0155,4.99,4.99,20562,2021-05-11 15:56:00,BNGO
4.99,5.005,4.99,5.0,21923,2021-05-11 15:57:00,BNGO
5.0,5.0,4.99,4.99,12761,2021-05-11 15:58:00,BNGO
4.995,5.0,4.98,4.99,44752,2021-05-11 15:59:00,BNGO
4.9882,4.995,4.98,4.9806,23379,2021-05-11 16:00:00,BNGO
4.985,5.02,4.985,5.015,34499,2021-05-11 16:01:00,BNGO
5.015,5.03,5.01,5.0152,17874,2021-05-11 16:02:00,BNGO
5.02,5.03,5.005,5.0113,24047,2021-05-11 16:03:00,BNGO
5.015,5.02,5.0,5.005,17493,2021-05-11 16:04:00,BNGO
5.01,5.01,5.0,5.005,17839,2021-05-11 16:05:00,BNGO
5.005,5.02,5.0017,5.0109,26499,2021-05-11 16:06:00,BNGO
5.015,5.02,5.01,5.02,15268,2021-05-11 16:07:00,BNGO
5.019,5.035,5.019,5.025,70156,2021-05-11 16:08:00,BNGO
5.0257,5.12,5.025,5.08,496623,2021-05-11 16:09:00,BNGO
5.0777,5.08,5.06,5.08,63878,2021-05-11 16:10:00,BNGO
5.075,5.09,5.075,5.082,39723,2021-05-11 16:11:00,BNGO
5.0801,5.1,5.08,5.085,77180,2021-05-11 16:12:00,BNGO
5.085,5.09,5.05,5.06,47475,2021-05-11 16:13:00,BNGO
5.06,5.08,5.058,5.08,28138,2021-05-11 16:14:00,BNGO
5.08,5.1,5.0701,5.075,77964,2021-05-11 16:15:00,BNGO
5.07,5.07,5.055,5.0601,28313,2021-05-11 16:16:00,BNGO
5.06,5.075,5.06,5.065,21151,2021-05-11 16:17:00,BNGO
5.065,5.065,5.05,5.06,41205,2021-05-11 16:18:00,BNGO
5.07,5.07,5.06,5.06,33712,2021-05-11 16:19:00,BNGO
5.06,5.07,5.05,5.065,17748,2021-05-11 16:20:00,BNGO
5.06,5.075,5.06,5.075,14740,2021-05-11 16:21:00,BNGO
5.075,5.08,5.055,5.0656,30529,2021-05-11 16:22:00,BNGO
5.065,5.07,5.06,5.06,22016,2021-05-11 16:23:00,BNGO
5.06,5.06,5.05,5.055,17832,2021-05-11 16:24:00,BNGO
5.058,5.06,5.0501,5.06,9562,2021-05-11 16:25:00,BNGO
5.06,5.06,5.04,5.04,15968,2021-05-11 16:26:00,BNGO
5.04,5.05,5.0201,5.0201,32173,2021-05-11 16:27:00,BNGO
5.0246,5.03,5.02,5.02,15201,2021-05-11 16:28:00,BNGO
5.0201,5.04,5.0201,5.025,21827,2021-05-11 16:29:00,BNGO
5.0201,5.03,5.02,5.03,7155,2021-05-11 16:30:00,BNGO
5.025,5.03,5.02,5.025,6495,2021-05-11 16:31:00,BNGO
5.029,5.04,5.02,5.03,23572,2021-05-11 16:32:00,BNGO
5.035,5.04,5.02,5.02,25701,2021-05-11 16:33:00,BNGO
5.0249,5.035,5.0201,5.03,16674,2021-05-11 16:34:00,BNGO
5.04,5.04,5.02,5.03,23820,2021-05-11 16:35:00,BNGO
5.0307,5.0307,5.02,5.025,18793,2021-05-11 16:36:00,BNGO
5.0299,5.0495,5.02,5.0406,40887,2021-05-11 16:37:00,BNGO
5.0401,5.05,5.0401,5.05,14372,2021-05-11 16:38:00,BNGO
5.05,5.05,5.03,5.035,21671,2021-05-11 16:39:00,BNGO
5.0396,5.04,5.02,5.0293,13085,2021-05-11 16:40:00,BNGO
5.03,5.0387,5.03,5.0335,6891,2021-05-11 16:41:00,BNGO
5.03,5.04,5.02,5.0221,16833,2021-05-11 16:42:00,BNGO
5.0258,5.037,5.02,5.0209,16236,2021-05-11 16:43:00,BNGO
5.0206,5.0206,5.0,5.005,25317,2021-05-11 16:44:00,BNGO
5.01,5.02,5.01,5.015,21195,2021-05-11 16:45:00,BNGO
5.015,5.03,5.015,5.025,9295,2021-05-11 16:46:00,BNGO
5.025,5.03,5.01,5.01,13794,2021-05-11 16:47:00,BNGO
5.013,5.02,5.0101,5.0112,4335,2021-05-11 16:48:00,BNGO
5.01,5.02,5.01,5.015,5510,2021-05-11 16:49:00,BNGO
5.0156,5.02,5.0,5.0001,27494,2021-05-11 16:50:00,BNGO
5.0,5.0,4.98,4.99,42086,2021-05-11 16:51:00,BNGO
4.9876,4.9876,4.97,4.9876,28005,2021-05-11 16:52:00,BNGO
4.9899,4.99,4.98,4.9801,11977,2021-05-11 16:53:00,BNGO
4.98,4.9809,4.97,4.9809,15981,2021-05-11 16:54:00,BNGO
4.985,4.99,4.98,4.9899,10933,2021-05-11 16:55:00,BNGO
4.98,4.985,4.975,4.98,18571,2021-05-11 16:56:00,BNGO
4.9742,4.98,4.97,4.9701,3019,2021-05-11 16:57:00,BNGO
4.975,4.99,4.9701,4.99,27310,2021-05-11 16:58:00,BNGO
4.99,5.0,4.99,4.995,9564,2021-05-11 16:59:00,BNGO
5.0,5.015,5.0,5.0008,62705,2021-05-11 17:00:00,BNGO
5.0018,5.01,5.0,5.0001,11271,2021-05-11 17:01:00,BNGO
5.0048,5.01,4.9992,5.01,30401,2021-05-11 17:02:00,BNGO
5.01,5.04,5.01,5.035,34016,2021-05-11 17:03:00,BNGO
5.04,5.075,5.04,5.075,24931,2021-05-11 17:04:00,BNGO
5.075,5.075,5.0401,5.043,48003,2021-05-11 17:05:00,BNGO
5.045,5.06,5.045,5.06,30651,2021-05-11 17:06:00,BNGO
5.055,5.06,5.045,5.06,6648,2021-05-11 17:07:00,BNGO
5.06,5.06,5.04,5.04,13939,2021-05-11 17:08:00,BNGO
5.05,5.06,5.04,5.055,7919,2021-05-11 17:09:00,BNGO
5.06,5.065,5.04,5.045,26929,2021-05-11 17:10:00,BNGO
5.04,5.055,5.04,5.05,10285,2021-05-11 17:11:00,BNGO
5.05,5.05,5.03,5.035,6447,2021-05-11 17:12:00,BNGO
5.04,5.045,5.02,5.025,31081,2021-05-11 17:13:00,BNGO
5.03,5.04,5.025,5.025,20257,2021-05-11 17:14:00,BNGO
5.03,5.04,5.0297,5.035,4747,2021-05-11 17:15:00,BNGO
5.0301,5.045,5.03,5.045,12810,2021-05-11 17:16:00,BNGO
5.045,5.06,5.04,5.055,16445,2021-05-11 17:17:00,BNGO
5.055,5.08,5.055,5.0691,32972,2021-05-11 17:18:00,BNGO
5.06,5.06,5.045,5.045,16226,2021-05-11 17:19:00,BNGO
5.05,5.06,5.045,5.055,6079,2021-05-11 17:20:00,BNGO
5.055,5.07,5.055,5.065,17491,2021-05-11 17:21:00,BNGO
5.07,5.07,5.04,5.045,52880,2021-05-11 17:22:00,BNGO
5.05,5.06,5.0409,5.05,13692,2021-05-11 17:23:00,BNGO
5.04,5.05,5.04,5.045,11198,2021-05-11 17:24:00,BNGO
5.05,5.055,5.041,5.05,3603,2021-05-11 17:25:00,BNGO
5.0599,5.06,5.0414,5.055,9005,2021-05-11 17:26:00,BNGO
5.0581,5.06,5.05,5.0513,2330,2021-05-11 17:27:00,BNGO
5.0541,5.0655,5.041,5.0655,22926,2021-05-11 17:28:00,BNGO
5.0689,5.07,5.0602,5.07,7451,2021-05-11 17:29:00,BNGO
5.065,5.08,5.0601,5.075,10040,2021-05-11 17:30:00,BNGO
5.0799,5.0799,5.07,5.07,6915,2021-05-11 17:31:00,BNGO
5.08,5.08,5.06,5.065,13363,2021-05-11 17:32:00,BNGO
5.0631,5.07,5.06,5.065,13937,2021-05-11 17:33:00,BNGO
5.0601,5.0693,5.0601,5.0644,1557,2021-05-11 17:34:00,BNGO
5.0685,5.1,5.065,5.09,57198,2021-05-11 17:35:00,BNGO
5.085,5.09,5.08,5.0843,15925,2021-05-11 17:36:00,BNGO
5.08,5.08,5.06,5.0691,39194,2021-05-11 17:37:00,BNGO
5.065,5.07,5.06,5.065,2182,2021-05-11 17:38:00,BNGO
5.07,5.0791,5.065,5.075,17963,2021-05-11 17:39:00,BNGO
5.075,5.08,5.06,5.065,31609,2021-05-11 17:40:00,BNGO
5.061,5.08,5.061,5.075,18492,2021-05-11 17:41:00,BNGO
5.075,5.08,5.07,5.07,3347,2021-05-11 17:42:00,BNGO
5.0711,5.08,5.07,5.08,7952,2021-05-11 17:43:00,BNGO
5.0777,5.08,5.07,5.075,3567,2021-05-11 17:44:00,BNGO
5.075,5.09,5.07,5.09,14913,2021-05-11 17:45:00,BNGO
5.09,5.1,5.0895,5.1,12128,2021-05-11 17:46:00,BNGO
5.095,5.0992,5.0815,5.0889,17845,2021-05-11 17:47:00,BNGO
5.081,5.09,5.07,5.075,11007,2021-05-11 17:48:00,BNGO
5.0764,5.08,5.075,5.075,5848,2021-05-11 17:49:00,BNGO
5.08,5.08,5.07,5.08,13077,2021-05-11 17:50:00,BNGO
5.08,5.09,5.079,5.085,24323,2021-05-11 17:51:00,BNGO
5.0852,5.09,5.075,5.075,16645,2021-05-11 17:52:00,BNGO
5.0799,5.0799,5.0501,5.0501,22340,2021-05-11 17:53:00,BNGO
5.0509,5.06,5.05,5.05,14490,2021-05-11 17:54:00,BNGO
5.055,5.06,5.05,5.055,8923,2021-05-11 17:55:00,BNGO
5.05,5.06,5.05,5.0598,22998,2021-05-11 17:56:00,BNGO
5.06,5.07,5.0523,5.065,9190,2021-05-11 17:57:00,BNGO
5.07,5.07,5.06,5.06,2815,2021-05-11 17:58:00,BNGO
5.06,5.068,5.05,5.068,17950,2021-05-11 17:59:00,BNGO
5.07,5.08,5.06,5.07,14124,2021-05-11 18:00:00,BNGO
5.08,5.09,5.08,5.0844,9888,2021-05-11 18:01:00,BNGO
5.09,5.11,5.0895,5.09,58422,2021-05-11 18:02:00,BNGO
5.095,5.115,5.09,5.115,12506,2021-05-11 18:03:00,BNGO
5.115,5.1199,5.1,5.11,15061,2021-05-11 18:04:00,BNGO
5.11,5.1184,5.09,5.1,20582,2021-05-11 18:05:00,BNGO
5.0948,5.11,5.0908,5.105,8042,2021-05-11 18:06:00,BNGO
5.1,5.105,5.09,5.1,6056,2021-05-11 18:07:00,BNGO
5.095,5.11,5.09,5.095,28370,2021-05-11 18:08:00,BNGO
5.09,5.09,5.0801,5.0876,11823,2021-05-11 18:09:00,BNGO
5.085,5.09,5.08,5.08,4028,2021-05-11 18:10:00,BNGO
5.085,5.0899,5.06,5.065,24742,2021-05-11 18:11:00,BNGO
5.065,5.065,5.06,5.06,11524,2021-05-11 18:12:00,BNGO
5.0699,5.07,5.06,5.07,1351,2021-05-11 18:13:00,BNGO
5.065,5.07,5.06,5.06,5008,2021-05-11 18:14:00,BNGO
5.07,5.07,5.06,5.07,28453,2021-05-11 18:15:00,BNGO
5.07,5.08,5.065,5.08,9623,2021-05-11 18:16:00,BNGO
5.07,5.08,5.07,5.0781,2565,2021-05-11 18:17:00,BNGO
5.07,5.08,5.07,5.075,3400,2021-05-11 18:18:00,BNGO
5.08,5.09,5.075,5.0898,39468,2021-05-11 18:19:00,BNGO
5.0863,5.105,5.0863,5.0954,34414,2021-05-11 18:20:00,BNGO
5.095,5.12,5.095,5.115,33120,2021-05-11 18:21:00,BNGO
5.11,5.12,5.11,5.115,34629,2021-05-11 18:22:00,BNGO
5.1116,5.115,5.1017,5.1017,23373,2021-05-11 18:23:00,BNGO
5.105,5.14,5.1,5.125,59311,2021-05-11 18:24:00,BNGO
5.1291,5.13,5.1101,5.115,18881,2021-05-11 18:25:00,BNGO
5.12,5.1592,5.12,5.1592,113234,2021-05-11 18:26:00,BNGO
5.155,5.18,5.155,5.165,54451,2021-05-11 18:27:00,BNGO
5.165,5.18,5.155,5.175,57051,2021-05-11 18:28:00,BNGO
5.1701,5.19,5.1619,5.165,76402,2021-05-11 18:29:00,BNGO
5.1683,5.17,5.12,5.135,140826,2021-05-11 18:30:00,BNGO
5.13,5.15,5.1201,5.15,29457,2021-05-11 18:31:00,BNGO
5.15,5.16,5.13,5.135,47583,2021-05-11 18:32:00,BNGO
5.1376,5.14,5.13,5.13,10158,2021-05-11 18:33:00,BNGO
5.14,5.1499,5.13,5.13,42101,2021-05-11 18:34:00,BNGO
5.1382,5.14,5.12,5.13,9626,2021-05-11 18:35:00,BNGO
5.129,5.129,5.08,5.0847,56608,2021-05-11 18:36:00,BNGO
5.09,5.11,5.085,5.1,51637,2021-05-11 18:37:00,BNGO
5.1,5.1,5.08,5.08,41958,2021-05-11 18:38:00,BNGO
5.08,5.09,5.08,5.085,2776,2021-05-11 18:39:00,BNGO
5.0881,5.09,5.08,5.085,22661,2021-05-11 18:40:00,BNGO
5.09,5.1132,5.085,5.11,42975,2021-05-11 18:41:00,BNGO
5.1,5.1,5.08,5.085,20180,2021-05-11 18:42:00,BNGO
5.09,5.1,5.0808,5.094,7281,2021-05-11 18:43:00,BNGO
5.1,5.1,5.09,5.1,9140,2021-05-11 18:44:00,BNGO
5.0999,5.105,5.08,5.1,40546,2021-05-11 18:45:00,BNGO
5.1,5.1,5.08,5.0801,20209,2021-05-11 18:46:00,BNGO
5.0893,5.105,5.085,5.1,22937,2021-05-11 18:47:00,BNGO
5.1,5.11,5.091,5.105,45733,2021-05-11 18:48:00,BNGO
5.1069,5.13,5.1069,5.13,62392,2021-05-11 18:49:00,BNGO
5.13,5.13,5.1145,5.12,23038,2021-05-11 18:50:00,BNGO
5.115,5.12,5.1111,5.115,5526,2021-05-11 18:51:00,BNGO
5.11,5.115,5.0918,5.105,39327,2021-05-11 18:52:00,BNGO
5.11,5.13,5.11,5.125,16064,2021-05-11 18:53:00,BNGO
5.12,5.13,5.115,5.1198,5788,2021-05-11 18:54:00,BNGO
5.115,5.13,5.11,5.1201,6409,2021-05-11 18:55:00,BNGO
5.12,5.12,5.1,5.105,23429,2021-05-11 18:56:00,BNGO
5.1,5.11,5.09,5.0931,24986,2021-05-11 18:57:00,BNGO
5.0909,5.095,5.08,5.0856,20274,2021-05-11 18:58:00,BNGO
5.0899,5.1,5.08,5.0964,29205,2021-05-11 18:59:00,BNGO
5.09,5.1099,5.09,5.1,17985,2021-05-11 19:00:00,BNGO
5.095,5.1,5.092,5.092,6974,2021-05-11 19:01:00,BNGO
5.0918,5.11,5.0918,5.1,9644,2021-05-11 19:02:00,BNGO
5.1,5.11,5.1,5.1001,12977,2021-05-11 19:03:00,BNGO
5.105,5.11,5.07,5.0701,26839,2021-05-11 19:04:00,BNGO
5.07,5.0877,5.07,5.08,32692,2021-05-11 19:05:00,BNGO
5.08,5.095,5.08,5.085,7841,2021-05-11 19:06:00,BNGO
5.085,5.09,5.08,5.085,7131,2021-05-11 19:07:00,BNGO
5.08,5.085,5.0625,5.07,21021,2021-05-11 19:08:00,BNGO
5.07,5.08,5.06,5.065,10526,2021-05-11 19:09:00,BNGO
5.06,5.08,5.06,5.07,12845,2021-05-11 19:10:00,BNGO
5.07,5.08,5.0637,5.0637,8026,2021-05-11 19:11:00,BNGO
5.06,5.065,5.06,5.0601,2825,2021-05-11 19:12:00,BNGO
5.06,5.07,5.06,5.065,3444,2021-05-11 19:13:00,BNGO
5.0691,5.0691,5.05,5.055,34682,2021-05-11 19:14:00,BNGO
5.05,5.07,5.05,5.055,48270,2021-05-11 19:15:00,BNGO
5.055,5.07,5.0501,5.0684,13469,2021-05-11 19:16:00,BNGO
5.07,5.101,5.07,5.095,87908,2021-05-11 19:17:00,BNGO
5.095,5.105,5.09,5.0984,36274,2021-05-11 19:18:00,BNGO
5.0901,5.105,5.09,5.1021,16767,2021-05-11 19:19:00,BNGO
5.1086,5.115,5.1,5.1081,38524,2021-05-11 19:20:00,BNGO
5.105,5.105,5.1,5.1039,1768,2021-05-11 19:21:00,BNGO
5.105,5.11,5.1,5.1,11632,2021-05-11 19:22:00,BNGO
5.105,5.11,5.1,5.1,12621,2021-05-11 19:23:00,BNGO
5.1001,5.11,5.1,5.1,24594,2021-05-11 19:24:00,BNGO
5.1,5.12,5.1,5.119,55926,2021-05-11 19:25:00,BNGO
5.115,5.16,5.11,5.1475,187579,2021-05-11 19:26:00,BNGO
5.1442,5.145,5.13,5.14,28931,2021-05-11 19:27:00,BNGO
5.135,5.14,5.12,5.125,29172,2021-05-11 19:28:00,BNGO
5.13,5.13,5.11,5.1133,26680,2021-05-11 19:29:00,BNGO
5.115,5.12,5.1,5.1006,15822,2021-05-11 19:30:00,BNGO
5.11,5.11,5.1,5.1,88870,2021-05-11 19:31:00,BNGO
5.1051,5.1082,5.1,5.105,16706,2021-05-11 19:32:00,BNGO
5.1,5.11,5.1,5.105,14427,2021-05-11 19:33:00,BNGO
5.105,5.11,5.1,5.1,10714,2021-05-11 19:34:00,BNGO
5.1085,5.11,5.09,5.09,56816,2021-05-11 19:35:00,BNGO
5.09,5.1,5.0843,5.0843,21650,2021-05-11 19:36:00,BNGO
5.085,5.115,5.08,5.105,46669,2021-05-11 19:37:00,BNGO
5.1,5.109,5.09,5.095,50011,2021-05-11 19:38:00,BNGO
5.095,5.1,5.09,5.09,7797,2021-05-11 19:39:00,BNGO
5.095,5.1,5.09,5.095,3640,2021-05-11 19:40:00,BNGO
5.1,5.105,5.08,5.0851,40711,2021-05-11 19:41:00,BNGO
5.0885,5.1,5.08,5.092,61039,2021-05-11 19:42:00,BNGO
5.0912,5.095,5.08,5.08,19035,2021-05-11 19:43:00,BNGO
5.09,5.11,5.085,5.09,30077,2021-05-11 19:44:00,BNGO
5.09,5.09,5.08,5.0899,41656,2021-05-11 19:45:00,BNGO
5.09,5.11,5.085,5.09,61778,2021-05-11 19:46:00,BNGO
5.1,5.1,5.09,5.095,70516,2021-05-11 19:47:00,BNGO
5.095,5.1,5.09,5.09,31454,2021-05-11 19:48:00,BNGO
5.095,5.1,5.09,5.091,36420,2021-05-11 19:49:00,BNGO
5.0941,5.1,5.09,5.095,34092,2021-05-11 19:50:00,BNGO
5.095,5.1,5.09,5.095,20556,2021-05-11 19:51:00,BNGO
5.095,5.1,5.09,5.09,5857,2021-05-11 19:52:00,BNGO
5.095,5.1,5.08,5.08,73514,2021-05-11 19:53:00,BNGO
5.085,5.1,5.08,5.095,71540,2021-05-11 19:54:00,BNGO
5.095,5.1099,5.09,5.105,39425,2021-05-11 19:55:00,BNGO
5.105,5.11,5.1,5.1088,24620,2021-05-11 19:56:00,BNGO
5.105,5.11,5.1,5.105,20553,2021-05-11 19:57:00,BNGO
5.1001,5.11,5.095,5.105,96483,2021-05-11 19:58:00,BNGO
5.11,5.12,5.1,5.11,139882,2021-05-11 19:59:00,BNGO
5.12,5.13,5.12,5.13,109048,2021-05-11 20:00:00,BNGO
5.13,5.13,5.13,5.13,2200,2021-05-11 20:01:00,BNGO
5.17,5.18,5.15,5.15,1040,2021-05-11 20:02:00,BNGO
5.13,5.15,5.13,5.15,732,2021-05-11 20:03:00,BNGO
5.13,5.15,5.13,5.13,1401,2021-05-11 20:04:00,BNGO
5.13,5.15,5.13,5.15,2513,2021-05-11 20:05:00,BNGO
5.13,5.13,5.13,5.13,589,2021-05-11 20:07:00,BNGO
5.13,5.14,5.13,5.14,2101,2021-05-11 20:08:00,BNGO
5.13,5.13,5.13,5.13,1100,2021-05-11 20:09:00,BNGO
5.15,5.16,5.15,5.16,590,2021-05-11 20:10:00,BNGO
5.16,5.16,5.13,5.16,1290,2021-05-11 20:11:00,BNGO
5.16,5.17,5.13,5.16,5481,2021-05-11 20:12:00,BNGO
5.16,5.16,5.16,5.16,100,2021-05-11 20:14:00,BNGO
5.17,5.17,5.17,5.17,500,2021-05-11 20:15:00,BNGO
5.16,5.17,5.16,5.17,744,2021-05-11 20:16:00,BNGO
5.17,5.17,5.17,5.17,126,2021-05-11 20:17:00,BNGO
5.17,5.17,5.17,5.17,903,2021-05-11 20:18:00,BNGO
5.16,5.17,5.16,5.17,393,2021-05-11 20:19:00,BNGO
5.16,5.16,5.16,5.16,924,2021-05-11 20:20:00,BNGO
5.16,5.16,5.14,5.14,974,2021-05-11 20:21:00,BNGO
5.14,5.14,5.14,5.14,712,2021-05-11 20:22:00,BNGO
5.14,5.14,5.14,5.14,345,2021-05-11 20:25:00,BNGO
5.14,5.14,5.14,5.14,110,2021-05-11 20:27:00,BNGO
5.15,5.15,5.11,5.11,15720,2021-05-11 20:29:00,BNGO
5.09,5.09,5.05,5.05,9205,2021-05-11 20:30:00,BNGO
5.05,5.07,5.05,5.07,1322,2021-05-11 20:32:00,BNGO
5.09,5.09,5.08,5.08,1162,2021-05-11 20:33:00,BNGO
5.1,5.1,5.1,5.1,250,2021-05-11 20:34:00,BNGO
5.1,5.1,5.1,5.1,100,2021-05-11 20:37:00,BNGO
5.09,5.09,5.09,5.09,100,2021-05-11 20:38:00,BNGO
5.09,5.09,5.09,5.09,250,2021-05-11 20:39:00,BNGO
5.09,5.1,5.09,5.09,1768,2021-05-11 20:40:00,BNGO
5.08,5.08,5.08,5.08,299,2021-05-11 20:41:00,BNGO
5.11,5.11,5.11,5.11,1956,2021-05-11 20:42:00,BNGO
5.11,5.11,5.06,5.06,485,2021-05-11 20:43:00,BNGO
5.06,5.06,5.06,5.06,420,2021-05-11 20:45:00,BNGO
5.06,5.06,5.06,5.06,800,2021-05-11 20:47:00,BNGO
5.06,5.06,5.06,5.06,1150,2021-05-11 20:48:00,BNGO
5.05,5.05,5.05,5.05,1373,2021-05-11 20:50:00,BNGO
5.06,5.06,5.06,5.06,100,2021-05-11 20:51:00,BNGO
5.06,5.06,5.06,5.06,1123,2021-05-11 20:55:00,BNGO
5.05,5.05,5.05,5.05,347,2021-05-11 20:57:00,BNGO
5.07,5.07,5.07,5.07,203,2021-05-11 20:58:00,BNGO
5.08,5.08,5.08,5.08,200,2021-05-11 21:01:00,BNGO
5.08,5.08,5.08,5.08,5000,2021-05-11 21:02:00,BNGO
5.1,5.1,5.08,5.08,700,2021-05-11 21:04:00,BNGO
5.07,5.07,5.07,5.07,276,2021-05-11 21:05:00,BNGO
5.08,5.08,5.06,5.06,2025,2021-05-11 21:06:00,BNGO
5.11,5.11,5.11,5.11,100,2021-05-11 21:07:00,BNGO
5.11,5.11,5.1,5.1,1301,2021-05-11 21:11:00,BNGO
5.1,5.1,5.1,5.1,100,2021-05-11 21:13:00,BNGO
5.06,5.06,5.06,5.06,2900,2021-05-11 21:16:00,BNGO
5.05,5.05,5.05,5.05,1485,2021-05-11 21:17:00,BNGO
5.1,5.1,5.1,5.1,300,2021-05-11 21:20:00,BNGO
5.11,5.11,5.11,5.11,500,2021-05-11 21:21:00,BNGO
5.11,5.11,5.11,5.11,100,2021-05-11 21:22:00,BNGO
5.11,5.11,5.11,5.11,1000,2021-05-11 21:23:00,BNGO
5.1,5.1,5.1,5.1,115,2021-05-11 21:24:00,BNGO
5.1,5.1,5.1,5.1,600,2021-05-11 21:25:00,BNGO
5.1,5.1,5.1,5.1,143,2021-05-11 21:26:00,BNGO
5.1,5.1,5.1,5.1,200,2021-05-11 21:27:00,BNGO
5.1,5.1,5.0901,5.0901,1200,2021-05-11 21:29:00,BNGO
5.1,5.1,5.1,5.1,828,2021-05-11 21:30:00,BNGO
5.11,5.12,5.11,5.11,2189,2021-05-11 21:32:00,BNGO
5.14,5.14,5.14,5.14,200,2021-05-11 21:33:00,BNGO
5.14,5.14,5.14,5.14,100,2021-05-11 21:34:00,BNGO
5.14,5.14,5.13,5.13,620,2021-05-11 21:35:00,BNGO
5.11,5.11,5.1,5.11,820,2021-05-11 21:36:00,BNGO
5.1,5.1,5.1,5.1,285,2021-05-11 21:38:00,BNGO
5.13,5.13,5.1,5.1,350,2021-05-11 21:40:00,BNGO
5.11,5.11,5.11,5.11,600,2021-05-11 21:41:00,BNGO
5.1,5.1,5.1,5.1,150,2021-05-11 21:42:00,BNGO
5.1,5.1,5.1,5.1,498,2021-05-11 21:43:00,BNGO
5.11,5.11,5.11,5.11,250,2021-05-11 21:44:00,BNGO
5.11,5.11,5.11,5.11,100,2021-05-11 21:46:00,BNGO
5.11,5.11,5.11,5.11,2548,2021-05-11 21:47:00,BNGO
5.11,5.11,5.11,5.11,300,2021-05-11 21:49:00,BNGO
5.08,5.08,5.08,5.08,200,2021-05-11 21:52:00,BNGO
5.08,5.08,5.08,5.08,100,2021-05-11 21:53:00,BNGO
5.08,5.08,5.08,5.08,100,2021-05-11 21:55:00,BNGO
5.07,5.07,5.07,5.07,100,2021-05-11 21:57:00,BNGO
5.08,5.08,5.08,5.08,300,2021-05-11 21:58:00,BNGO
5.09,5.09,5.08,5.08,1100,2021-05-11 21:59:00,BNGO
5.06,5.06,5.06,5.06,500,2021-05-11 22:01:00,BNGO
5.06,5.06,5.06,5.06,449,2021-05-11 22:02:00,BNGO
5.06,5.06,5.06,5.06,250,2021-05-11 22:04:00,BNGO
5.05,5.05,5.05,5.05,100,2021-05-11 22:07:00,BNGO
5.06,5.06,5.06,5.06,110,2021-05-11 22:19:00,BNGO
5.06,5.06,5.06,5.06,418,2021-05-11 22:21:00,BNGO
5.06,5.06,5.06,5.06,600,2021-05-11 22:23:00,BNGO
5.06,5.06,5.06,5.06,250,2021-05-11 22:28:00,BNGO
5.06,5.06,5.06,5.06,100,2021-05-11 22:31:00,BNGO
5.06,5.06,5.06,5.06,434,2021-05-11 22:33:00,BNGO
5.06,5.06,5.06,5.06,100,2021-05-11 22:36:00,BNGO
5.06,5.06,5.06,5.06,372,2021-05-11 22:37:00,BNGO
5.09,5.09,5.09,5.09,130,2021-05-11 22:46:00,BNGO
5.05,5.05,5.05,5.05,800,2021-05-11 22:47:00,BNGO
5.05,5.05,5.05,5.05,130,2021-05-11 22:48:00,BNGO
5.07,5.07,5.05,5.05,390,2021-05-11 22:49:00,BNGO
5.09,5.09,5.09,5.09,151,2021-05-11 22:50:00,BNGO
5.06,5.06,5.05,5.05,285,2021-05-11 22:52:00,BNGO
5.06,5.06,5.06,5.06,192,2021-05-11 22:54:00,BNGO
5.1,5.1,5.08,5.08,3200,2021-05-11 22:58:00,BNGO
5.1,5.1,5.1,5.1,250,2021-05-11 23:02:00,BNGO
5.08,5.08,5.08,5.08,150,2021-05-11 23:03:00,BNGO
5.1,5.1,5.1,5.1,100,2021-05-11 23:04:00,BNGO
5.05,5.05,5.05,5.05,799,2021-05-11 23:12:00,BNGO
5.1,5.1,5.1,5.1,1000,2021-05-11 23:16:00,BNGO
5.05,5.05,5.05,5.05,135,2021-05-11 23:17:00,BNGO
5.09,5.09,5.09,5.09,2000,2021-05-11 23:24:00,BNGO
5.08,5.08,5.08,5.08,1000,2021-05-11 23:25:00,BNGO
5.09,5.09,5.09,5.09,500,2021-05-11 23:31:00,BNGO
5.09,5.09,5.09,5.09,500,2021-05-11 23:32:00,BNGO
5.09,5.09,5.09,5.09,229,2021-05-11 23:33:00,BNGO
5.08,5.08,5.08,5.08,2000,2021-05-11 23:37:00,BNGO
5.07,5.07,5.07,5.07,1500,2021-05-11 23:40:00,BNGO
5.06,5.07,5.06,5.07,987,2021-05-11 23:41:00,BNGO
5.07,5.07,5.07,5.07,100,2021-05-11 23:42:00,BNGO
5.06,5.06,5.06,5.06,2743,2021-05-11 23:45:00,BNGO
5.08,5.08,5.08,5.08,300,2021-05-11 23:46:00,BNGO
5.08,5.08,5.08,5.08,700,2021-05-11 23:47:00,BNGO
5.08,5.08,5.08,5.08,800,2021-05-11 23:50:00,BNGO
5.06,5.07,5.06,5.07,300,2021-05-11 23:58:00,BNGO
5.06,5.06,5.06,5.06,7685,2021-05-11 23:59:00,BNGO
5.07,5.07,5.07,5.07,4882,2021-05-12 08:00:00,BNGO
5.07,5.07,5.07,5.07,300,2021-05-12 08:02:00,BNGO
5.07,5.08,5.07,5.07,875,2021-05-12 08:03:00,BNGO
5.07,5.07,5.07,5.07,148,2021-05-12 08:04:00,BNGO
5.09,5.09,5.09,5.09,100,2021-05-12 08:05:00,BNGO
5.06,5.06,5.06,5.06,249,2021-05-12 08:10:00,BNGO
5.0,5.0,5.0,5.0,660,2021-05-12 08:12:00,BNGO
5.0,5.0,5.0,5.0,900,2021-05-12 08:14:00,BNGO
5.04,5.05,5.04,5.05,400,2021-05-12 08:17:00,BNGO
5.08,5.08,5.08,5.08,250,2021-05-12 08:18:00,BNGO
5.03,5.03,5.03,5.03,100,2021-05-12 08:19:00,BNGO
5.04,5.04,4.97,4.97,2046,2021-05-12 08:20:00,BNGO
5.0,5.0,5.0,5.0,300,2021-05-12 08:23:00,BNGO
5.0,5.0,5.0,5.0,250,2021-05-12 08:24:00,BNGO
5.0,5.0,5.0,5.0,590,2021-05-12 08:26:00,BNGO
5.0,5.0,5.0,5.0,250,2021-05-12 08:28:00,BNGO
4.97,4.97,4.97,4.97,596,2021-05-12 08:30:00,BNGO
4.97,4.97,4.97,4.97,274,2021-05-12 08:31:00,BNGO
4.95,4.95,4.95,4.95,143,2021-05-12 08:32:00,BNGO
4.95,4.95,4.95,4.95,2078,2021-05-12 08:33:00,BNGO
4.91,4.91,4.91,4.91,900,2021-05-12 08:34:00,BNGO
4.9,4.9,4.9,4.9,126,2021-05-12 08:35:00,BNGO
4.91,4.91,4.91,4.91,132,2021-05-12 08:37:00,BNGO
4.96,4.97,4.96,4.97,200,2021-05-12 08:38:00,BNGO
4.92,4.97,4.92,4.97,200,2021-05-12 08:40:00,BNGO
4.95,4.95,4.95,4.95,256,2021-05-12 08:41:00,BNGO
4.97,4.97,4.97,4.97,100,2021-05-12 08:43:00,BNGO
4.98,4.99,4.98,4.99,412,2021-05-12 08:51:00,BNGO
4.97,4.99,4.97,4.99,200,2021-05-12 08:56:00,BNGO
4.99,4.99,4.99,4.99,100,2021-05-12 09:00:00,BNGO
4.99,4.99,4.99,4.99,160,2021-05-12 09:02:00,BNGO
5.0,5.01,5.0,5.01,300,2021-05-12 09:04:00,BNGO
5.07,5.07,5.07,5.07,100,2021-05-12 09:06:00,BNGO
5.06,5.07,5.06,5.07,200,2021-05-12 09:10:00,BNGO
5.06,5.06,5.06,5.06,501,2021-05-12 09:12:00,BNGO
5.05,5.05,5.05,5.05,200,2021-05-12 09:16:00,BNGO
5.0,5.0,5.0,5.0,100,2021-05-12 09:20:00,BNGO
5.0,5.0,5.0,5.0,300,2021-05-12 09:24:00,BNGO
5.01,5.01,5.01,5.01,300,2021-05-12 09:27:00,BNGO
5.01,5.01,5.01,5.01,405,2021-05-12 09:29:00,BNGO
5.01,5.01,5.0,5.0,300,2021-05-12 09:32:00,BNGO
5.0,5.01,5.0,5.01,4175,2021-05-12 09:38:00,BNGO
5.0,5.0,5.0,5.0,300,2021-05-12 09:41:00,BNGO
5.0,5.0,5.0,5.0,575,2021-05-12 09:42:00,BNGO
5.0,5.0,5.0,5.0,257,2021-05-12 09:47:00,BNGO
5.01,5.01,5.01,5.01,472,2021-05-12 09:50:00,BNGO
5.01,5.01,5.01,5.01,165,2021-05-12 10:00:00,BNGO
5.01,5.01,5.01,5.01,100,2021-05-12 10:01:00,BNGO
5.01,5.01,5.01,5.01,200,2021-05-12 10:02:00,BNGO
5.0,5.0,5.0,5.0,301,2021-05-12 10:04:00,BNGO
5.01,5.01,5.01,5.01,225,2021-05-12 10:07:00,BNGO
5.01,5.01,5.01,5.01,2154,2021-05-12 10:08:00,BNGO
5.06,5.07,5.06,5.07,1407,2021-05-12 10:14:00,BNGO
5.07,5.07,5.07,5.07,110,2021-05-12 10:27:00,BNGO
5.06,5.07,5.06,5.07,549,2021-05-12 10:39:00,BNGO
5.06,5.06,5.06,5.06,112,2021-05-12 10:58:00,BNGO
5.06,5.06,5.06,5.06,548,2021-05-12 10:59:00,BNGO
5.06,5.06,5.06,5.06,600,2021-05-12 11:00:00,BNGO
5.05,5.05,5.05,5.05,100,2021-05-12 11:03:00,BNGO
5.04,5.04,5.01,5.01,750,2021-05-12 11:04:00,BNGO
5.04,5.04,5.04,5.04,150,2021-05-12 11:05:00,BNGO
5.05,5.06,5.05,5.06,200,2021-05-12 11:10:00,BNGO
5.04,5.04,5.04,5.04,200,2021-05-12 11:11:00,BNGO
5.04,5.04,5.04,5.04,300,2021-05-12 11:12:00,BNGO
5.04,5.04,5.04,5.04,200,2021-05-12 11:14:00,BNGO
5.05,5.05,5.04,5.04,300,2021-05-12 11:16:00,BNGO
5.05,5.05,5.05,5.05,477,2021-05-12 11:24:00,BNGO
5.05,5.06,5.05,5.06,899,2021-05-12 11:27:00,BNGO
5.05,5.05,5.05,5.05,494,2021-05-12 11:29:00,BNGO
5.05,5.05,5.05,5.05,100,2021-05-12 11:30:00,BNGO
5.05,5.05,5.05,5.05,112,2021-05-12 11:31:00,BNGO
5.06,5.06,5.05,5.05,715,2021-05-12 11:33:00,BNGO
5.04,5.04,5.04,5.04,155,2021-05-12 11:35:00,BNGO
5.05,5.06,5.05,5.06,981,2021-05-12 11:41:00,BNGO
5.07,5.08,5.07,5.08,779,2021-05-12 11:46:00,BNGO
5.08,5.08,5.08,5.08,100,2021-05-12 11:49:00,BNGO
5.09,5.09,5.09,5.09,600,2021-05-12 11:50:00,BNGO
5.09,5.09,5.08,5.09,2400,2021-05-12 11:56:00,BNGO
5.09,5.09,5.09,5.09,100,2021-05-12 11:57:00,BNGO
5.09,5.09,5.09,5.09,250,2021-05-12 11:59:00,BNGO
5.08,5.09,5.05,5.09,15958,2021-05-12 12:00:00,BNGO
5.07,5.07,5.06,5.06,900,2021-05-12 12:01:00,BNGO
5.06,5.06,5.04,5.04,968,2021-05-12 12:02:00,BNGO
5.0501,5.0501,5.05,5.05,1781,2021-05-12 12:03:00,BNGO
5.04,5.04,5.04,5.04,1600,2021-05-12 12:04:00,BNGO
5.03,5.03,5.01,5.03,1750,2021-05-12 12:05:00,BNGO
5.03,5.03,5.03,5.03,300,2021-05-12 12:06:00,BNGO
5.04,5.04,5.04,5.04,100,2021-05-12 12:07:00,BNGO
5.05,5.07,5.05,5.07,2150,2021-05-12 12:08:00,BNGO
5.05,5.06,5.04,5.06,2275,2021-05-12 12:09:00,BNGO
5.0701,5.0701,5.07,5.07,1800,2021-05-12 12:11:00,BNGO
5.08,5.08,5.08,5.08,150,2021-05-12 12:13:00,BNGO
5.09,5.1,5.09,5.1,298,2021-05-12 12:17:00,BNGO
5.09,5.09,5.09,5.09,100,2021-05-12 12:22:00,BNGO
5.08,5.08,5.08,5.08,128,2021-05-12 12:23:00,BNGO
5.09,5.09,5.08,5.08,580,2021-05-12 12:24:00,BNGO
5.07,5.09,5.07,5.09,2097,2021-05-12 12:25:00,BNGO
5.0999,5.0999,5.0999,5.0999,190,2021-05-12 12:26:00,BNGO
5.09,5.1,5.09,5.1,200,2021-05-12 12:27:00,BNGO
5.07,5.08,5.07,5.07,3400,2021-05-12 12:31:00,BNGO
5.06,5.06,5.06,5.06,5108,2021-05-12 12:32:00,BNGO
5.05,5.05,5.02,5.02,646,2021-05-12 12:33:00,BNGO
5.02,5.02,4.95,4.97,5044,2021-05-12 12:34:00,BNGO
4.96,4.96,4.95,4.95,3650,2021-05-12 12:35:00,BNGO
4.96,4.96,4.92,4.92,7092,2021-05-12 12:36:00,BNGO
4.93,4.95,4.93,4.95,517,2021-05-12 12:37:00,BNGO
4.94,4.94,4.9,4.9,2156,2021-05-12 12:38:00,BNGO
4.91,4.92,4.89,4.92,10183,2021-05-12 12:39:00,BNGO
4.92,4.92,4.92,4.92,1000,2021-05-12 12:40:00,BNGO
4.92,4.92,4.92,4.92,12781,2021-05-12 12:41:00,BNGO
4.92,4.93,4.92,4.93,1142,2021-05-12 12:42:00,BNGO
4.93,4.95,4.93,4.94,3591,2021-05-12 12:43:00,BNGO
4.95,4.95,4.93,4.9399,1838,2021-05-12 12:44:00,BNGO
4.94,4.94,4.94,4.94,1000,2021-05-12 12:46:00,BNGO
4.93,4.94,4.93,4.93,2959,2021-05-12 12:47:00,BNGO
4.94,4.94,4.93,4.93,3998,2021-05-12 12:48:00,BNGO
4.91,4.93,4.91,4.93,996,2021-05-12 12:50:00,BNGO
4.93,4.93,4.93,4.93,566,2021-05-12 12:51:00,BNGO
4.93,4.93,4.91,4.91,584,2021-05-12 12:52:00,BNGO
4.91,4.92,4.9,4.91,5649,2021-05-12 12:53:00,BNGO
4.91,4.91,4.9,4.91,3625,2021-05-12 12:54:00,BNGO
4.9,4.9,4.9,4.9,3154,2021-05-12 12:55:00,BNGO
4.9,4.9,4.88,4.88,8680,2021-05-12 12:56:00,BNGO
4.88,4.88,4.88,4.88,2929,2021-05-12 12:57:00,BNGO
4.88,4.89,4.875,4.88,4638,2021-05-12 12:58:00,BNGO
4.87,4.88,4.86,4.87,3893,2021-05-12 12:59:00,BNGO
4.87,4.87,4.82,4.82,9410,2021-05-12 13:00:00,BNGO
4.82,4.85,4.82,4.84,15032,2021-05-12 13:01:00,BNGO
4.84,4.84,4.83,4.84,6598,2021-05-12 13:02:00,BNGO
4.83,4.85,4.83,4.85,6361,2021-05-12 13:03:00,BNGO
4.85,4.87,4.84,4.85,9879,2021-05-12 13:04:00,BNGO
4.85,4.85,4.84,4.84,6725,2021-05-12 13:05:00,BNGO
4.85,4.85,4.84,4.84,3814,2021-05-12 13:06:00,BNGO
4.85,4.85,4.85,4.85,2085,2021-05-12 13:07:00,BNGO
4.855,4.87,4.85,4.87,7132,2021-05-12 13:08:00,BNGO
4.87,4.87,4.86,4.86,3547,2021-05-12 13:09:00,BNGO
4.87,4.88,4.87,4.88,4530,2021-05-12 13:10:00,BNGO
4.88,4.9,4.88,4.89,9605,2021-05-12 13:11:00,BNGO
4.89,4.89,4.87,4.88,4537,2021-05-12 13:12:00,BNGO
4.88,4.88,4.87,4.88,1010,2021-05-12 13:13:00,BNGO
4.89,4.89,4.89,4.89,2200,2021-05-12 13:14:00,BNGO
4.89,4.89,4.88,4.89,3947,2021-05-12 13:15:00,BNGO
4.88,4.88,4.88,4.88,1521,2021-05-12 13:16:00,BNGO
4.88,4.89,4.87,4.88,3492,2021-05-12 13:17:00,BNGO
4.88,4.89,4.88,4.89,3040,2021-05-12 13:18:00,BNGO
4.89,4.9,4.8899,4.9,3360,2021-05-12 13:19:00,BNGO
4.9,4.9,4.89,4.9,6718,2021-05-12 13:20:00,BNGO
4.9,4.9,4.89,4.9,6622,2021-05-12 13:21:00,BNGO
4.9,4.91,4.9,4.91,1088,2021-05-12 13:22:00,BNGO
4.91,4.91,4.9,4.91,1037,2021-05-12 13:23:00,BNGO
4.9,4.92,4.9,4.91,3551,2021-05-12 13:24:00,BNGO
4.91,4.92,4.91,4.91,1801,2021-05-12 13:25:00,BNGO
4.91,4.91,4.9,4.9,1962,2021-05-12 13:26:00,BNGO
4.91,4.92,4.91,4.92,10944,2021-05-12 13:27:00,BNGO
4.95,4.95,4.95,4.95,325,2021-05-12 13:28:00,BNGO
4.96,4.99,4.95,4.98,7769,2021-05-12 13:29:00,BNGO
4.98,5.06,4.91,5.06,242568,2021-05-12 13:30:00,BNGO
5.032,5.08,5.01,5.035,89267,2021-05-12 13:31:00,BNGO
5.04,5.04,4.9883,5.01,49873,2021-05-12 13:32:00,BNGO
5.02,5.1,5.019,5.099,63599,2021-05-12 13:33:00,BNGO
5.0943,5.145,5.05,5.14,46796,2021-05-12 13:34:00,BNGO
5.13,5.17,5.1,5.1417,168935,2021-05-12 13:35:00,BNGO
5.1452,5.1461,5.07,5.14,103936,2021-05-12 13:36:00,BNGO
5.149,5.15,5.1095,5.1307,126763,2021-05-12 13:37:00,BNGO
5.14,5.16,5.1,5.105,87729,2021-05-12 13:38:00,BNGO
5.1,5.1,5.05,5.055,103175,2021-05-12 13:39:00,BNGO
5.06,5.07,5.025,5.037,69952,2021-05-12 13:40:00,BNGO
5.04,5.05,4.99,5.0,56649,2021-05-12 13:41:00,BNGO
5.0011,5.06,5.0,5.05,44112,2021-05-12 13:42:00,BNGO
5.045,5.08,5.03,5.03,158179,2021-05-12 13:43:00,BNGO
5.025,5.03,4.9893,5.0064,73204,2021-05-12 13:44:00,BNGO
5.01,5.0692,5.0001,5.06,49902,2021-05-12 13:45:00,BNGO
5.06,5.075,5.05,5.06,37406,2021-05-12 13:46:00,BNGO
5.0687,5.075,5.05,5.05,30457,2021-05-12 13:47:00,BNGO
5.0586,5.06,5.0404,5.06,27126,2021-05-12 13:48:00,BNGO
5.06,5.07,5.03,5.045,27993,2021-05-12 13:49:00,BNGO
5.0427,5.05,4.99,5.02,103830,2021-05-12 13:50:00,BNGO
5.02,5.05,5.005,5.0407,34398,2021-05-12 13:51:00,BNGO
5.0418,5.065,5.035,5.0395,32292,2021-05-12 13:52:00,BNGO
5.03,5.045,5.0,5.04,52814,2021-05-12 13:53:00,BNGO
5.0302,5.05,5.005,5.005,17938,2021-05-12 13:54:00,BNGO
5.003,5.05,5.0,5.04,38293,2021-05-12 13:55:00,BNGO
5.05,5.06,5.03,5.04,29958,2021-05-12 13:56:00,BNGO
5.03,5.05,5.02,5.0401,26484,2021-05-12 13:57:00,BNGO
5.04,5.06,5.035,5.045,22185,2021-05-12 13:58:00,BNGO
5.041,5.041,5.02,5.025,28889,2021-05-12 13:59:00,BNGO
5.02,5.03,4.99,4.995,51282,2021-05-12 14:00:00,BNGO
4.995,5.0118,4.995,5.0118,42088,2021-05-12 14:01:00,BNGO
5.02,5.05,5.01,5.05,50637,2021-05-12 14:02:00,BNGO
5.04,5.045,5.0119,5.0119,14731,2021-05-12 14:03:00,BNGO
5.0109,5.05,5.0109,5.02,36098,2021-05-12 14:04:00,BNGO
5.03,5.095,5.0201,5.08,89300,2021-05-12 14:05:00,BNGO
5.07,5.0783,5.0595,5.07,81232,2021-05-12 14:06:00,BNGO
5.07,5.09,5.06,5.07,40507,2021-05-12 14:07:00,BNGO
5.07,5.09,5.06,5.08,28742,2021-05-12 14:08:00,BNGO
5.0852,5.11,5.0713,5.1018,44109,2021-05-12 14:09:00,BNGO
5.1031,5.105,5.0762,5.0762,24836,2021-05-12 14:10:00,BNGO
5.07,5.075,5.04,5.04,25421,2021-05-12 14:11:00,BNGO
5.04,5.06,5.035,5.04,27918,2021-05-12 14:12:00,BNGO
5.04,5.05,5.03,5.03,30427,2021-05-12 14:13:00,BNGO
5.04,5.06,5.04,5.0565,24521,2021-05-12 14:14:00,BNGO
5.0545,5.055,5.03,5.0362,31653,2021-05-12 14:15:00,BNGO
5.0362,5.0387,5.02,5.03,31150,2021-05-12 14:16:00,BNGO
5.03,5.03,5.0,5.001,23705,2021-05-12 14:17:00,BNGO
5.01,5.03,5.0082,5.029,38999,2021-05-12 14:18:00,BNGO
5.02,5.05,5.02,5.039,29180,2021-05-12 14:19:00,BNGO
5.03,5.05,5.02,5.0401,18188,2021-05-12 14:20:00,BNGO
5.05,5.06,5.03,5.04,9415,2021-05-12 14:21:00,BNGO
5.05,5.05,5.01,5.015,19666,2021-05-12 14:22:00,BNGO
5.015,5.02,5.006,5.0199,12090,2021-05-12 14:23:00,BNGO
5.0101,5.03,4.98,4.99,86916,2021-05-12 14:24:00,BNGO
4.99,5.01,4.98,5.01,24986,2021-05-12 14:25:00,BNGO
5.0,5.0,4.98,4.98,14470,2021-05-12 14:26:00,BNGO
4.98,5.0006,4.97,4.99,60994,2021-05-12 14:27:00,BNGO
4.99,5.005,4.96,4.99,60881,2021-05-12 14:28:00,BNGO
4.985,4.99,4.97,4.9788,87551,2021-05-12 14:29:00,BNGO
4.97,4.985,4.9697,4.975,49068,2021-05-12 14:30:00,BNGO
4.9775,5.0,4.9701,4.998,20051,2021-05-12 14:31:00,BNGO
4.995,4.9999,4.97,4.97,28147,2021-05-12 14:32:00,BNGO
4.98,4.98,4.96,4.9699,22150,2021-05-12 14:33:00,BNGO
4.965,4.98,4.95,4.96,72966,2021-05-12 14:34:00,BNGO
4.9563,4.97,4.95,4.965,58706,2021-05-12 14:35:00,BNGO
4.96,4.965,4.94,4.9551,33396,2021-05-12 14:36:00,BNGO
4.95,4.97,4.95,4.965,28005,2021-05-12 14:37:00,BNGO
4.965,4.98,4.96,4.9601,38471,2021-05-12 14:38:00,BNGO
4.96,4.9789,4.95,4.965,52110,2021-05-12 14:39:00,BNGO
4.9601,4.9799,4.96,4.96,10596,2021-05-12 14:40:00,BNGO
4.965,4.97,4.95,4.955,26525,2021-05-12 14:41:00,BNGO
4.95,4.96,4.945,4.945,31155,2021-05-12 14:42:00,BNGO
4.9406,4.95,4.92,4.9201,54214,2021-05-12 14:43:00,BNGO
4.92,4.9201,4.89,4.915,220397,2021-05-12 14:44:00,BNGO
4.91,4.92,4.9,4.915,50883,2021-05-12 14:45:00,BNGO
4.915,4.93,4.91,4.93,69990,2021-05-12 14:46:00,BNGO
4.925,4.94,4.915,4.935,42032,2021-05-12 14:47:00,BNGO
4.9319,4.94,4.91,4.91,46428,2021-05-12 14:48:00,BNGO
4.915,4.93,4.91,4.9201,32195,2021-05-12 14:49:00,BNGO
4.92,4.93,4.9,4.9089,43858,2021-05-12 14:50:00,BNGO
4.9099,4.91,4.9,4.91,18849,2021-05-12 14:51:00,BNGO
4.9091,4.92,4.9013,4.91,52239,2021-05-12 14:52:00,BNGO
4.9099,4.9099,4.89,4.893,30235,2021-05-12 14:53:00,BNGO
4.891,4.9,4.8801,4.8889,31122,2021-05-12 14:54:00,BNGO
4.89,4.9091,4.885,4.885,65338,2021-05-12 14:55:00,BNGO
4.89,4.9,4.885,4.895,28856,2021-05-12 14:56:00,BNGO
4.898,4.9,4.86,4.8724,72593,2021-05-12 14:57:00,BNGO
4.875,4.89,4.87,4.8801,48212,2021-05-12 14:58:00,BNGO
4.8851,4.91,4.88,4.91,40089,2021-05-12 14:59:00,BNGO
4.91,4.92,4.9,4.9178,23174,2021-05-12 15:00:00,BNGO
4.92,4.9405,4.915,4.935,54867,2021-05-12 15:01:00,BNGO
4.9314,4.94,4.921,4.93,54611,2021-05-12 15:02:00,BNGO
4.928,4.93,4.91,4.92,11381,2021-05-12 15:03:00,BNGO
4.91,4.92,4.9,4.92,36438,2021-05-12 15:04:00,BNGO
4.9158,4.94,4.91,4.915,55711,2021-05-12 15:05:00,BNGO
4.9101,4.93,4.91,4.9209,16842,2021-05-12 15:06:00,BNGO
4.925,4.93,4.9,4.9001,16910,2021-05-12 15:07:00,BNGO
4.9054,4.92,4.89,4.92,36206,2021-05-12 15:08:00,BNGO
4.9184,4.94,4.911,4.94,42849,2021-05-12 15:09:00,BNGO
4.9393,4.95,4.93,4.9411,25682,2021-05-12 15:10:00,BNGO
4.9499,4.95,4.9409,4.95,14396,2021-05-12 15:11:00,BNGO
4.95,4.97,4.945,4.955,42320,2021-05-12 15:12:00,BNGO
4.955,4.9679,4.945,4.952,35733,2021-05-12 15:13:00,BNGO
4.9546,4.96,4.93,4.95,44269,2021-05-12 15:14:00,BNGO
4.9597,4.97,4.95,4.955,14390,2021-05-12 15:15:00,BNGO
4.95,4.956,4.94,4.9455,8724,2021-05-12 15:16:00,BNGO
4.94,4.94,4.93,4.93,15037,2021-05-12 15:17:00,BNGO
4.933,4.96,4.9311,4.935,34105,2021-05-12 15:18:00,BNGO
4.94,4.9477,4.9324,4.935,16981,2021-05-12 15:19:00,BNGO
4.94,4.94,4.92,4.92,35018,2021-05-12 15:20:00,BNGO
4.92,4.92,4.91,4.92,8893,2021-05-12 15:21:00,BNGO
4.915,4.92,4.9,4.92,25247,2021-05-12 15:22:00,BNGO
4.9199,4.93,4.91,4.9211,23638,2021-05-12 15:23:00,BNGO
4.9276,4.93,4.913,4.92,8318,2021-05-12 15:24:00,BNGO
4.9109,4.92,4.9,4.905,21527,2021-05-12 15:25:00,BNGO
4.9047,4.91,4.895,4.895,27424,2021-05-12 15:26:00,BNGO
4.895,4.91,4.8915,4.8942,15060,2021-05-12 15:27:00,BNGO
4.8909,4.9,4.885,4.9,22335,2021-05-12 15:28:00,BNGO
4.9,4.9,4.89,4.9,23014,2021-05-12 15:29:00,BNGO
4.9,4.905,4.875,4.8799,25786,2021-05-12 15:30:00,BNGO
4.87,4.9,4.87,4.89,27099,2021-05-12 15:31:00,BNGO
4.885,4.91,4.881,4.8999,21646,2021-05-12 15:32:00,BNGO
4.8946,4.9,4.88,4.8899,31388,2021-05-12 15:33:00,BNGO
4.8893,4.89,4.88,4.8877,9369,2021-05-12 15:34:00,BNGO
4.89,4.89,4.88,4.88,16894,2021-05-12 15:35:00,BNGO
4.8799,4.88,4.87,4.8708,12097,2021-05-12 15:36:00,BNGO
4.8798,4.8798,4.86,4.864,22392,2021-05-12 15:37:00,BNGO
4.865,4.88,4.86,4.8701,27478,2021-05-12 15:38:00,BNGO
4.875,4.89,4.87,4.89,94112,2021-05-12 15:39:00,BNGO
4.8884,4.89,4.87,4.871,15030,2021-05-12 15:40:00,BNGO
4.87,4.88,4.86,4.88,28327,2021-05-12 15:41:00,BNGO
4.88,4.89,4.87,4.8801,36120,2021-05-12 15:42:00,BNGO
4.88,4.885,4.87,4.8729,39250,2021-05-12 15:43:00,BNGO
4.8768,4.88,4.8709,4.875,8244,2021-05-12 15:44:00,BNGO
4.8755,4.88,4.87,4.87,14000,2021-05-12 15:45:00,BNGO
4.87,4.9,4.87,4.895,63151,2021-05-12 15:46:00,BNGO
4.895,4.92,4.8905,4.9,77636,2021-05-12 15:47:00,BNGO
4.89,4.9,4.89,4.9,17351,2021-05-12 15:48:00,BNGO
4.895,4.8999,4.88,4.88,20751,2021-05-12 15:49:00,BNGO
4.885,4.89,4.87,4.875,29355,2021-05-12 15:50:00,BNGO
4.8701,4.88,4.8601,4.88,42021,2021-05-12 15:51:00,BNGO
4.88,4.89,4.87,4.875,15055,2021-05-12 15:52:00,BNGO
4.875,4.88,4.87,4.875,21134,2021-05-12 15:53:00,BNGO
4.8717,4.875,4.86,4.87,35439,2021-05-12 15:54:00,BNGO
4.87,4.88,4.8601,4.875,31988,2021-05-12 15:55:00,BNGO
4.875,4.89,4.87,4.8721,29127,2021-05-12 15:56:00,BNGO
4.88,4.89,4.8723,4.886,19443,2021-05-12 15:57:00,BNGO
4.89,4.9,4.88,4.9,31224,2021-05-12 15:58:00,BNGO
4.89,4.9,4.88,4.898,21867,2021-05-12 15:59:00,BNGO
4.9,4.91,4.89,4.8909,70766,2021-05-12 16:00:00,BNGO
4.895,4.899,4.88,4.88,35136,2021-05-12 16:01:00,BNGO
4.881,4.91,4.881,4.9009,40616,2021-05-12 16:02:00,BNGO
4.91,4.91,4.88,4.8899,26002,2021-05-12 16:03:00,BNGO
4.8899,4.89,4.8801,4.888,16391,2021-05-12 16:04:00,BNGO
4.8841,4.89,4.88,4.885,12083,2021-05-12 16:05:00,BNGO
4.8801,4.89,4.88,4.8817,10494,2021-05-12 16:06:00,BNGO
4.8844,4.89,4.87,4.8801,45881,2021-05-12 16:07:00,BNGO
4.8857,4.89,4.88,4.885,5464,2021-05-12 16:08:00,BNGO
4.8836,4.8899,4.87,4.8801,49416,2021-05-12 16:09:00,BNGO
4.885,4.89,4.88,4.8859,15137,2021-05-12 16:10:00,BNGO
4.885,4.885,4.8715,4.875,12998,2021-05-12 16:11:00,BNGO
4.88,4.88,4.86,4.87,27878,2021-05-12 16:12:00,BNGO
4.8657,4.87,4.82,4.825,111155,2021-05-12 16:13:00,BNGO
4.825,4.84,4.825,4.83,32679,2021-05-12 16:14:00,BNGO
4.8201,4.84,4.82,4.8249,33365,2021-05-12 16:15:00,BNGO
4.822,4.83,4.82,4.82,36629,2021-05-12 16:16:00,BNGO
4.8238,4.83,4.8,4.81,137065,2021-05-12 16:17:00,BNGO
4.815,4.82,4.81,4.8141,28054,2021-05-12 16:18:00,BNGO
4.82,4.83,4.81,4.8213,38698,2021-05-12 16:19:00,BNGO
4.82,4.83,4.82,4.825,12238,2021-05-12 16:20:00,BNGO
4.83,4.84,4.82,4.835,37266,2021-05-12 16:21:00,BNGO
4.84,4.85,4.835,4.85,36910,2021-05-12 16:22:00,BNGO
4.845,4.86,4.8417,4.8514,25025,2021-05-12 16:23:00,BNGO
4.8519,4.87,4.8316,4.8316,62672,2021-05-12 16:24:00,BNGO
4.835,4.8543,4.835,4.85,14068,2021-05-12 16:25:00,BNGO
4.855,4.86,4.85,4.86,36045,2021-05-12 16:26:00,BNGO
4.855,4.86,4.85,4.86,25952,2021-05-12 16:27:00,BNGO
4.8583,4.86,4.84,4.8401,23728,2021-05-12 16:28:00,BNGO
4.84,4.85,4.84,4.8499,42587,2021-05-12 16:29:00,BNGO
4.845,4.845,4.81,4.8204,50171,2021-05-12 16:30:00,BNGO
4.8276,4.84,4.81,4.836,82656,2021-05-12 16:31:00,BNGO
4.83,4.86,4.83,4.86,41635,2021-05-12 16:32:00,BNGO
4.8584,4.87,4.85,4.8599,30438,2021-05-12 16:33:00,BNGO
4.86,4.86,4.84,4.85,34556,2021-05-12 16:34:00,BNGO
4.8456,4.86,4.84,4.845,17386,2021-05-12 16:35:00,BNGO
4.8413,4.85,4.8301,4.85,45798,2021-05-12 16:36:00,BNGO
4.847,4.86,4.84,4.8534,42756,2021-05-12 16:37:00,BNGO
4.85,4.87,4.85,4.865,97136,2021-05-12 16:38:00,BNGO
4.8601,4.8699,4.84,4.8485,26200,2021-05-12 16:39:00,BNGO
4.84,4.85,4.835,4.8389,15256,2021-05-12 16:40:00,BNGO
4.84,4.84,4.83,4.83,11552,2021-05-12 16:41:00,BNGO
4.8324,4.84,4.83,4.8312,56444,2021-05-12 16:42:00,BNGO
4.84,4.84,4.83,4.8301,9718,2021-05-12 16:43:00,BNGO
4.84,4.8568,4.83,4.85,23924,2021-05-12 16:44:00,BNGO
4.85,4.86,4.8371,4.8371,31231,2021-05-12 16:45:00,BNGO
4.84,4.8509,4.84,4.8509,21216,2021-05-12 16:46:00,BNGO
4.8583,4.86,4.845,4.86,42913,2021-05-12 16:47:00,BNGO
4.86,4.87,4.86,4.8652,33008,2021-05-12 16:48:00,BNGO
4.8601,4.88,4.8601,4.87,27874,2021-05-12 16:49:00,BNGO
4.8636,4.88,4.8636,4.87,33473,2021-05-12 16:50:00,BNGO
4.87,4.88,4.87,4.88,37125,2021-05-12 16:51:00,BNGO
4.885,4.89,4.8601,4.8636,76697,2021-05-12 16:52:00,BNGO
4.8634,4.87,4.85,4.85,21159,2021-05-12 16:53:00,BNGO
4.86,4.87,4.855,4.8558,16826,2021-05-12 16:54:00,BNGO
4.8569,4.875,4.85,4.8613,17980,2021-05-12 16:55:00,BNGO
4.8648,4.87,4.855,4.8562,11534,2021-05-12 16:56:00,BNGO
4.8501,4.86,4.85,4.8559,10180,2021-05-12 16:57:00,BNGO
4.855,4.86,4.85,4.86,18099,2021-05-12 16:58:00,BNGO
4.86,4.87,4.86,4.8667,40955,2021-05-12 16:59:00,BNGO
4.87,4.88,4.863,4.8698,28277,2021-05-12 17:00:00,BNGO
4.8664,4.9,4.8605,4.8913,45345,2021-05-12 17:01:00,BNGO
4.8952,4.8952,4.87,4.88,58853,2021-05-12 17:02:00,BNGO
4.88,4.9,4.875,4.8801,50909,2021-05-12 17:03:00,BNGO
4.8822,4.9,4.8801,4.89,22318,2021-05-12 17:04:00,BNGO
4.89,4.89,4.86,4.86,77360,2021-05-12 17:05:00,BNGO
4.865,4.89,4.861,4.89,31438,2021-05-12 17:06:00,BNGO
4.88,4.8801,4.861,4.861,26320,2021-05-12 17:07:00,BNGO
4.865,4.88,4.865,4.87,18029,2021-05-12 17:08:00,BNGO
4.875,4.88,4.87,4.8792,11900,2021-05-12 17:09:00,BNGO
4.8795,4.88,4.865,4.875,16142,2021-05-12 17:10:00,BNGO
4.88,4.8844,4.8701,4.8701,30187,2021-05-12 17:11:00,BNGO
4.875,4.88,4.87,4.87,14469,2021-05-12 17:12:00,BNGO
4.87,4.88,4.85,4.8547,76240,2021-05-12 17:13:00,BNGO
4.85,4.87,4.85,4.86,19951,2021-05-12 17:14:00,BNGO
4.865,4.87,4.855,4.8624,14653,2021-05-12 17:15:00,BNGO
4.87,4.87,4.86,4.86,5934,2021-05-12 17:16:00,BNGO
4.865,4.87,4.8511,4.8565,27466,2021-05-12 17:17:00,BNGO
4.8563,4.86,4.85,4.855,18135,2021-05-12 17:18:00,BNGO
4.86,4.86,4.85,4.86,3856,2021-05-12 17:19:00,BNGO
4.8551,4.86,4.85,4.86,10519,2021-05-12 17:20:00,BNGO
4.86,4.865,4.85,4.8501,21861,2021-05-12 17:21:00,BNGO
4.85,4.86,4.85,4.855,12857,2021-05-12 17:22:00,BNGO
4.855,4.86,4.855,4.858,1826,2021-05-12 17:23:00,BNGO
4.852,4.8578,4.845,4.845,14090,2021-05-12 17:24:00,BNGO
4.841,4.86,4.8401,4.8501,20914,2021-05-12 17:25:00,BNGO
4.8585,4.86,4.85,4.855,9600,2021-05-12 17:26:00,BNGO
4.8584,4.8584,4.84,4.8441,16599,2021-05-12 17:27:00,BNGO
4.845,4.85,4.84,4.84,14009,2021-05-12 17:28:00,BNGO
4.84,4.845,4.82,4.83,56410,2021-05-12 17:29:00,BNGO
4.83,4.84,4.83,4.8314,15631,2021-05-12 17:30:00,BNGO
4.83,4.85,4.83,4.84,21238,2021-05-12 17:31:00,BNGO
4.8411,4.8411,4.8301,4.8329,15110,2021-05-12 17:32:00,BNGO
4.84,4.84,4.82,4.82,20883,2021-05-12 17:33:00,BNGO
4.825,4.835,4.8221,4.83,19118,2021-05-12 17:34:00,BNGO
4.8336,4.85,4.83,4.845,38584,2021-05-12 17:35:00,BNGO
4.844,4.85,4.84,4.8414,4931,2021-05-12 17:36:00,BNGO
4.84,4.85,4.84,4.8463,6504,2021-05-12 17:37:00,BNGO
4.845,4.86,4.8424,4.855,20274,2021-05-12 17:38:00,BNGO
4.86,4.86,4.8514,4.8571,15077,2021-05-12 17:39:00,BNGO
4.855,4.86,4.84,4.85,48141,2021-05-12 17:40:00,BNGO
4.85,4.85,4.84,4.8408,13827,2021-05-12 17:41:00,BNGO
4.845,4.86,4.845,4.855,19779,2021-05-12 17:42:00,BNGO
4.8501,4.86,4.85,4.855,5366,2021-05-12 17:43:00,BNGO
4.8501,4.86,4.85,4.8548,20541,2021-05-12 17:44:00,BNGO
4.855,4.86,4.845,4.845,14814,2021-05-12 17:45:00,BNGO
4.8499,4.85,4.8339,4.835,10737,2021-05-12 17:46:00,BNGO
4.835,4.84,4.82,4.825,29108,2021-05-12 17:47:00,BNGO
4.825,4.84,4.825,4.835,30567,2021-05-12 17:48:00,BNGO
4.8308,4.8377,4.8201,4.83,8954,2021-05-12 17:49:00,BNGO
4.825,4.83,4.82,4.8201,3308,2021-05-12 17:50:00,BNGO
4.828,4.83,4.8201,4.8279,11400,2021-05-12 17:51:00,BNGO
4.82,4.83,4.81,4.825,39456,2021-05-12 17:52:00,BNGO
4.83,4.83,4.82,4.8209,13432,2021-05-12 17:53:00,BNGO
4.83,4.84,4.825,4.835,17064,2021-05-12 17:54:00,BNGO
4.835,4.84,4.83,4.8301,7999,2021-05-12 17:55:00,BNGO
4.8343,4.84,4.83,4.8308,5800,2021-05-12 17:56:00,BNGO
4.84,4.84,4.83,4.835,7711,2021-05-12 17:57:00,BNGO
4.836,4.84,4.83,4.835,4792,2021-05-12 17:58:00,BNGO
4.835,4.84,4.81,4.815,20470,2021-05-12 17:59:00,BNGO
4.815,4.82,4.81,4.815,22975,2021-05-12 18:00:00,BNGO
4.8112,4.82,4.81,4.82,6649,2021-05-12 18:01:00,BNGO
4.8191,4.82,4.8109,4.815,8869,2021-05-12 18:02:00,BNGO
4.8196,4.82,4.8101,4.8101,27228,2021-05-12 18:03:00,BNGO
4.8199,4.82,4.81,4.8107,8067,2021-05-12 18:04:00,BNGO
4.8107,4.8107,4.8,4.8001,49277,2021-05-12 18:05:00,BNGO
4.805,4.81,4.8,4.81,16184,2021-05-12 18:06:00,BNGO
4.81,4.81,4.801,4.8094,22138,2021-05-12 18:07:00,BNGO
4.81,4.81,4.8,4.8,16090,2021-05-12 18:08:00,BNGO
4.8,4.81,4.8,4.8001,58002,2021-05-12 18:09:00,BNGO
4.8079,4.8079,4.8,4.805,15980,2021-05-12 18:10:00,BNGO
4.8,4.8,4.76,4.7652,113409,2021-05-12 18:11:00,BNGO
4.7685,4.79,4.76,4.785,78052,2021-05-12 18:12:00,BNGO
4.78,4.8,4.77,4.775,63630,2021-05-12 18:13:00,BNGO
4.773,4.78,4.77,4.775,45536,2021-05-12 18:14:00,BNGO
4.77,4.79,4.77,4.79,18338,2021-05-12 18:15:00,BNGO
4.7899,4.79,4.78,4.785,10019,2021-05-12 18:16:00,BNGO
4.78,4.79,4.77,4.7786,21770,2021-05-12 18:17:00,BNGO
4.7757,4.78,4.77,4.7788,8298,2021-05-12 18:18:00,BNGO
4.77,4.7799,4.76,4.765,44743,2021-05-12 18:19:00,BNGO
4.77,4.79,4.76,4.77,244151,2021-05-12 18:20:00,BNGO
4.765,4.77,4.76,4.7615,35533,2021-05-12 18:21:00,BNGO
4.7683,4.77,4.76,4.765,19312,2021-05-12 18:22:00,BNGO
4.7615,4.77,4.75,4.765,66245,2021-05-12 18:23:00,BNGO
4.77,4.78,4.755,4.7588,29942,2021-05-12 18:24:00,BNGO
4.7599,4.77,4.7501,4.7683,31068,2021-05-12 18:25:00,BNGO
4.765,4.77,4.76,4.7699,17829,2021-05-12 18:26:00,BNGO
4.765,4.77,4.76,4.77,8208,2021-05-12 18:27:00,BNGO
4.765,4.77,4.76,4.765,15509,2021-05-12 18:28:00,BNGO
4.76,4.77,4.75,4.7677,243593,2021-05-12 18:29:00,BNGO
4.769,4.77,4.75,4.7514,84463,2021-05-12 18:30:00,BNGO
4.7537,4.76,4.75,4.755,10725,2021-05-12 18:31:00,BNGO
4.76,4.7779,4.755,4.7601,81156,2021-05-12 18:32:00,BNGO
4.765,4.78,4.7601,4.7799,34291,2021-05-12 18:33:00,BNGO
4.7701,4.8,4.77,4.8,67671,2021-05-12 18:34:00,BNGO
4.79,4.795,4.77,4.7752,31846,2021-05-12 18:35:00,BNGO
4.7791,4.8,4.775,4.791,37136,2021-05-12 18:36:00,BNGO
4.79,4.8,4.79,4.795,12278,2021-05-12 18:37:00,BNGO
4.795,4.8,4.78,4.7986,23631,2021-05-12 18:38:00,BNGO
4.79,4.8,4.785,4.8,85564,2021-05-12 18:39:00,BNGO
4.79,4.8,4.7821,4.795,29019,2021-05-12 18:40:00,BNGO
4.8,4.81,4.79,4.805,19017,2021-05-12 18:41:00,BNGO
4.8085,4.81,4.8009,4.805,16499,2021-05-12 18:42:00,BNGO
4.8066,4.82,4.805,4.81,27139,2021-05-12 18:43:00,BNGO
4.81,4.825,4.81,4.81,42589,2021-05-12 18:44:00,BNGO
4.81,4.82,4.8,4.8061,14629,2021-05-12 18:45:00,BNGO
4.81,4.82,4.8,4.8144,25106,2021-05-12 18:46:00,BNGO
4.81,4.82,4.81,4.8166,5731,2021-05-12 18:47:00,BNGO
4.815,4.83,4.81,4.83,22119,2021-05-12 18:48:00,BNGO
4.83,4.8393,4.825,4.835,16829,2021-05-12 18:49:00,BNGO
4.8377,4.86,4.835,4.845,50412,2021-05-12 18:50:00,BNGO
4.845,4.85,4.84,4.845,4911,2021-05-12 18:51:00,BNGO
4.8454,4.8491,4.83,4.84,21305,2021-05-12 18:52:00,BNGO
4.835,4.85,4.82,4.825,33757,2021-05-12 18:53:00,BNGO
4.825,4.83,4.81,4.8101,34650,2021-05-12 18:54:00,BNGO
4.815,4.82,4.805,4.805,35750,2021-05-12 18:55:00,BNGO
4.81,4.8151,4.8,4.8,52616,2021-05-12 18:56:00,BNGO
4.8,4.8083,4.79,4.8,23775,2021-05-12 18:57:00,BNGO
4.79,4.79,4.78,4.78,43165,2021-05-12 18:58:00,BNGO
4.7807,4.7899,4.755,4.7608,39488,2021-05-12 18:59:00,BNGO
4.765,4.77,4.75,4.7575,68115,2021-05-12 19:00:00,BNGO
4.755,4.77,4.75,4.77,33800,2021-05-12 19:01:00,BNGO
4.765,4.775,4.76,4.7691,23917,2021-05-12 19:02:00,BNGO
4.77,4.77,4.76,4.762,34180,2021-05-12 19:03:00,BNGO
4.76,4.77,4.76,4.76,5775,2021-05-12 19:04:00,BNGO
4.765,4.77,4.76,4.7699,14905,2021-05-12 19:05:00,BNGO
4.765,4.775,4.76,4.76,60176,2021-05-12 19:06:00,BNGO
4.76,4.77,4.76,4.76,15261,2021-05-12 19:07:00,BNGO
4.77,4.77,4.76,4.765,33026,2021-05-12 19:08:00,BNGO
4.765,4.7688,4.75,4.75,35019,2021-05-12 19:09:00,BNGO
4.76,4.76,4.75,4.755,15896,2021-05-12 19:10:00,BNGO
4.75,4.76,4.75,4.755,30377,2021-05-12 19:11:00,BNGO
4.7519,4.7599,4.73,4.7399,55464,2021-05-12 19:12:00,BNGO
4.7378,4.74,4.72,4.725,77049,2021-05-12 19:13:00,BNGO
4.7224,4.74,4.72,4.738,61256,2021-05-12 19:14:00,BNGO
4.7388,4.7388,4.72,4.73,11558,2021-05-12 19:15:00,BNGO
4.73,4.75,4.72,4.745,79532,2021-05-12 19:16:00,BNGO
4.745,4.7483,4.73,4.74,30842,2021-05-12 19:17:00,BNGO
4.74,4.74,4.73,4.74,17688,2021-05-12 19:18:00,BNGO
4.73,4.74,4.73,4.7378,26188,2021-05-12 19:19:00,BNGO
4.7356,4.74,4.73,4.735,39799,2021-05-12 19:20:00,BNGO
4.7305,4.74,4.73,4.7378,24376,2021-05-12 19:21:00,BNGO
4.73,4.74,4.73,4.7383,34321,2021-05-12 19:22:00,BNGO
4.74,4.74,4.73,4.73,21930,2021-05-12 19:23:00,BNGO
4.74,4.74,4.73,4.7399,7309,2021-05-12 19:24:00,BNGO
4.73,4.7379,4.72,4.72,25821,2021-05-12 19:25:00,BNGO
4.7232,4.74,4.72,4.7399,45763,2021-05-12 19:26:00,BNGO
4.731,4.7399,4.71,4.7148,78056,2021-05-12 19:27:00,BNGO
4.7199,4.75,4.715,4.73,88807,2021-05-12 19:28:00,BNGO
4.72,4.735,4.72,4.7276,31932,2021-05-12 19:29:00,BNGO
4.725,4.7279,4.71,4.72,37857,2021-05-12 19:30:00,BNGO
4.72,4.73,4.71,4.7115,37403,2021-05-12 19:31:00,BNGO
4.72,4.72,4.71,4.7178,58499,2021-05-12 19:32:00,BNGO
4.72,4.74,4.715,4.7201,101020,2021-05-12 19:33:00,BNGO
4.7239,4.74,4.72,4.7399,23220,2021-05-12 19:34:00,BNGO
4.7363,4.74,4.72,4.7299,22327,2021-05-12 19:35:00,BNGO
4.7289,4.73,4.72,4.725,20246,2021-05-12 19:36:00,BNGO
4.73,4.75,4.725,4.745,60374,2021-05-12 19:37:00,BNGO
4.745,4.75,4.735,4.735,31588,2021-05-12 19:38:00,BNGO
4.735,4.74,4.73,4.74,15260,2021-05-12 19:39:00,BNGO
4.7399,4.74,4.73,4.73,17760,2021-05-12 19:40:00,BNGO
4.73,4.7499,4.73,4.7351,66203,2021-05-12 19:41:00,BNGO
4.7384,4.75,4.73,4.73,78678,2021-05-12 19:42:00,BNGO
4.7357,4.74,4.7323,4.735,20665,2021-05-12 19:43:00,BNGO
4.735,4.74,4.73,4.74,17217,2021-05-12 19:44:00,BNGO
4.74,4.75,4.73,4.745,121966,2021-05-12 19:45:00,BNGO
4.748,4.75,4.74,4.745,34310,2021-05-12 19:46:00,BNGO
4.7416,4.75,4.74,4.7487,13598,2021-05-12 19:47:00,BNGO
4.745,4.75,4.73,4.73,47210,2021-05-12 19:48:00,BNGO
4.74,4.74,4.72,4.7201,141338,2021-05-12 19:49:00,BNGO
4.725,4.7299,4.7,4.7045,159210,2021-05-12 19:50:00,BNGO
4.705,4.72,4.705,4.72,39606,2021-05-12 19:51:00,BNGO
4.7101,4.72,4.71,4.71,32471,2021-05-12 19:52:00,BNGO
4.7138,4.72,4.71,4.715,55938,2021-05-12 19:53:00,BNGO
4.72,4.72,4.71,4.7101,68905,2021-05-12 19:54:00,BNGO
4.71,4.72,4.71,4.7199,123151,2021-05-12 19:55:00,BNGO
4.715,4.72,4.71,4.7101,22806,2021-05-12 19:56:00,BNGO
4.71,4.72,4.71,4.72,86946,2021-05-12 19:57:00,BNGO
4.71,4.72,4.71,4.71,67005,2021-05-12 19:58:00,BNGO
4.7101,4.72,4.71,4.72,103268,2021-05-12 19:59:00,BNGO
4.74,4.74,4.72,4.72,98099,2021-05-12 20:00:00,BNGO
4.72,4.72,4.72,4.72,1300,2021-05-12 20:01:00,BNGO
4.72,4.72,4.71,4.71,1813,2021-05-12 20:02:00,BNGO
4.72,4.72,4.71,4.71,1333,2021-05-12 20:03:00,BNGO
4.72,4.73,4.72,4.73,2823,2021-05-12 20:04:00,BNGO
4.73,4.73,4.73,4.73,3300,2021-05-12 20:06:00,BNGO
4.71,4.72,4.71,4.72,842,2021-05-12 20:07:00,BNGO
4.73,4.73,4.72,4.72,600,2021-05-12 20:08:00,BNGO
4.72,4.73,4.72,4.73,2291,2021-05-12 20:09:00,BNGO
4.72,4.73,4.72,4.72,1808,2021-05-12 20:10:00,BNGO
4.73,4.73,4.73,4.73,251,2021-05-12 20:11:00,BNGO
4.73,4.73,4.725,4.725,851,2021-05-12 20:12:00,BNGO
4.7201,4.73,4.7201,4.73,335,2021-05-12 20:13:00,BNGO
4.72,4.72,4.72,4.72,2148,2021-05-12 20:14:00,BNGO
4.72,4.73,4.72,4.72,2294,2021-05-12 20:15:00,BNGO
4.72,4.72,4.71,4.71,700,2021-05-12 20:16:00,BNGO
4.71,4.73,4.71,4.73,650,2021-05-12 20:17:00,BNGO
4.73,4.73,4.73,4.73,100,2021-05-12 20:18:00,BNGO
4.73,4.73,4.72,4.72,500,2021-05-12 20:19:00,BNGO
4.73,4.73,4.73,4.73,100,2021-05-12 20:20:00,BNGO
4.73,4.73,4.72,4.72,299,2021-05-12 20:21:00,BNGO
4.73,4.73,4.73,4.73,250,2021-05-12 20:22:00,BNGO
4.73,4.73,4.73,4.73,200,2021-05-12 20:23:00,BNGO
4.73,4.73,4.72,4.73,559,2021-05-12 20:24:00,BNGO
4.73,4.73,4.73,4.73,100,2021-05-12 20:25:00,BNGO
4.72,4.72,4.72,4.72,1000,2021-05-12 20:26:00,BNGO
4.72,4.72,4.72,4.72,225,2021-05-12 20:27:00,BNGO
4.72,4.73,4.72,4.73,1200,2021-05-12 20:28:00,BNGO
4.73,4.73,4.73,4.73,1000,2021-05-12 20:29:00,BNGO
4.73,4.74,4.73,4.74,4365,2021-05-12 20:30:00,BNGO
4.73,4.73,4.73,4.73,100,2021-05-12 20:31:00,BNGO
4.74,4.74,4.73,4.73,600,2021-05-12 20:32:00,BNGO
4.74,4.74,4.73,4.73,1270,2021-05-12 20:33:00,BNGO
4.74,4.74,4.74,4.74,300,2021-05-12 20:34:00,BNGO
4.74,4.74,4.74,4.74,700,2021-05-12 20:35:00,BNGO
4.73,4.73,4.73,4.73,1600,2021-05-12 20:36:00,BNGO
4.74,4.74,4.74,4.74,100,2021-05-12 20:37:00,BNGO
4.73,4.75,4.73,4.75,1803,2021-05-12 20:38:00,BNGO
4.74,4.74,4.74,4.74,100,2021-05-12 20:39:00,BNGO
4.74,4.75,4.74,4.75,3321,2021-05-12 20:40:00,BNGO
4.74,4.75,4.74,4.75,996,2021-05-12 20:41:00,BNGO
4.75,4.75,4.75,4.75,1166,2021-05-12 20:42:00,BNGO
4.76,4.76,4.76,4.76,225,2021-05-12 20:44:00,BNGO
4.75,4.77,4.75,4.75,1800,2021-05-12 20:45:00,BNGO
4.75,4.77,4.75,4.76,3082,2021-05-12 20:46:00,BNGO
4.77,4.79,4.77,4.79,4254,2021-05-12 20:47:00,BNGO
4.79,4.79,4.79,4.79,300,2021-05-12 20:48:00,BNGO
4.79,4.79,4.76,4.76,1700,2021-05-12 20:49:00,BNGO
4.77,4.77,4.76,4.76,1297,2021-05-12 20:50:00,BNGO
4.77,4.78,4.76,4.76,1500,2021-05-12 20:51:00,BNGO
4.76,4.78,4.76,4.78,2955,2021-05-12 20:53:00,BNGO
4.79,4.79,4.76,4.79,799,2021-05-12 20:54:00,BNGO
4.78,4.78,4.78,4.78,121,2021-05-12 20:56:00,BNGO
4.78,4.79,4.78,4.78,1451,2021-05-12 20:58:00,BNGO
4.78,4.78,4.76,4.76,5363,2021-05-12 20:59:00,BNGO
4.76,4.76,4.76,4.76,1850,2021-05-12 21:00:00,BNGO
4.79,4.79,4.76,4.76,1374,2021-05-12 21:01:00,BNGO
4.76,4.78,4.76,4.78,1378,2021-05-12 21:02:00,BNGO
4.76,4.76,4.76,4.76,250,2021-05-12 21:03:00,BNGO
4.76,4.76,4.76,4.76,600,2021-05-12 21:04:00,BNGO
4.75,4.75,4.75,4.75,850,2021-05-12 21:05:00,BNGO
4.75,4.75,4.75,4.75,479,2021-05-12 21:06:00,BNGO
4.78,4.79,4.78,4.78,958,2021-05-12 21:07:00,BNGO
4.7501,4.79,4.7501,4.79,600,2021-05-12 21:08:00,BNGO
4.79,4.79,4.79,4.79,100,2021-05-12 21:09:00,BNGO
4.77,4.77,4.77,4.77,100,2021-05-12 21:12:00,BNGO
4.77,4.77,4.75,4.75,1279,2021-05-12 21:14:00,BNGO
4.77,4.77,4.77,4.77,396,2021-05-12 21:15:00,BNGO
4.78,4.78,4.78,4.78,500,2021-05-12 21:16:00,BNGO
4.75,4.75,4.75,4.75,380,2021-05-12 21:17:00,BNGO
4.76,4.76,4.76,4.76,100,2021-05-12 21:18:00,BNGO
4.75,4.75,4.75,4.75,500,2021-05-12 21:19:00,BNGO
4.75,4.76,4.75,4.76,1900,2021-05-12 21:21:00,BNGO
4.76,4.76,4.76,4.76,200,2021-05-12 21:22:00,BNGO
4.75,4.75,4.75,4.75,100,2021-05-12 21:23:00,BNGO
4.76,4.76,4.76,4.76,219,2021-05-12 21:25:00,BNGO
4.76,4.76,4.75,4.75,4852,2021-05-12 21:27:00,BNGO
4.75,4.76,4.75,4.76,325,2021-05-12 21:28:00,BNGO
4.76,4.76,4.76,4.76,400,2021-05-12 21:29:00,BNGO
4.76,4.76,4.76,4.76,200,2021-05-12 21:30:00,BNGO
4.75,4.77,4.75,4.76,1361,2021-05-12 21:31:00,BNGO
4.77,4.77,4.77,4.77,200,2021-05-12 21:33:00,BNGO
4.76,4.76,4.76,4.76,1385,2021-05-12 21:34:00,BNGO
4.75,4.75,4.75,4.75,290,2021-05-12 21:35:00,BNGO
4.75,4.75,4.75,4.75,2041,2021-05-12 21:36:00,BNGO
4.75,4.75,4.75,4.75,200,2021-05-12 21:38:00,BNGO
4.76,4.76,4.76,4.76,105,2021-05-12 21:39:00,BNGO
4.75,4.76,4.75,4.76,200,2021-05-12 21:40:00,BNGO
4.76,4.76,4.76,4.76,350,2021-05-12 21:41:00,BNGO
4.76,4.77,4.76,4.77,2600,2021-05-12 21:42:00,BNGO
4.77,4.77,4.77,4.77,1077,2021-05-12 21:43:00,BNGO
4.77,4.77,4.77,4.77,150,2021-05-12 21:44:00,BNGO
4.79,4.79,4.79,4.79,600,2021-05-12 21:45:00,BNGO
4.8,4.8,4.8,4.8,1300,2021-05-12 21:46:00,BNGO
4.79,4.79,4.79,4.79,300,2021-05-12 21:47:00,BNGO
4.79,4.79,4.79,4.79,100,2021-05-12 21:48:00,BNGO
4.79,4.79,4.79,4.79,456,2021-05-12 21:49:00,BNGO
4.79,4.79,4.78,4.78,480,2021-05-12 21:50:00,BNGO
4.77,4.77,4.77,4.77,318,2021-05-12 21:51:00,BNGO
4.79,4.7999,4.79,4.7999,300,2021-05-12 21:52:00,BNGO
4.8,4.81,4.8,4.81,400,2021-05-12 21:55:00,BNGO
4.79,4.8,4.79,4.8,2099,2021-05-12 21:57:00,BNGO
4.81,4.81,4.8,4.8,920,2021-05-12 21:58:00,BNGO
4.81,4.81,4.81,4.81,300,2021-05-12 21:59:00,BNGO
4.84,4.84,4.84,4.84,283,2021-05-12 22:00:00,BNGO
4.84,4.84,4.84,4.84,110,2021-05-12 22:01:00,BNGO
4.84,4.84,4.84,4.84,100,2021-05-12 22:05:00,BNGO
4.84,4.84,4.84,4.84,500,2021-05-12 22:10:00,BNGO
4.85,4.85,4.85,4.85,100,2021-05-12 22:11:00,BNGO
4.85,4.85,4.85,4.85,1000,2021-05-12 22:14:00,BNGO
4.85,4.85,4.85,4.85,300,2021-05-12 22:17:00,BNGO
4.85,4.85,4.85,4.85,500,2021-05-12 22:18:00,BNGO
4.85,4.85,4.85,4.85,443,2021-05-12 22:19:00,BNGO
4.86,4.86,4.86,4.86,100,2021-05-12 22:20:00,BNGO
4.84,4.84,4.84,4.84,200,2021-05-12 22:21:00,BNGO
4.85,4.85,4.85,4.85,250,2021-05-12 22:24:00,BNGO
4.85,4.85,4.85,4.85,500,2021-05-12 22:26:00,BNGO
4.85,4.85,4.85,4.85,1000,2021-05-12 22:30:00,BNGO
4.84,4.84,4.84,4.84,206,2021-05-12 22:32:00,BNGO
4.86,4.86,4.85,4.85,200,2021-05-12 22:33:00,BNGO
4.86,4.86,4.84,4.84,2386,2021-05-12 22:34:00,BNGO
4.8499,4.85,4.8499,4.85,3250,2021-05-12 22:35:00,BNGO
4.84,4.84,4.84,4.84,1400,2021-05-12 22:36:00,BNGO
4.84,4.84,4.83,4.83,2004,2021-05-12 22:37:00,BNGO
4.83,4.86,4.81,4.86,2126,2021-05-12 22:38:00,BNGO
4.84,4.86,4.78,4.78,3080,2021-05-12 22:41:00,BNGO
4.77,4.77,4.77,4.77,145,2021-05-12 22:42:00,BNGO
4.77,4.78,4.77,4.78,1760,2021-05-12 22:43:00,BNGO
4.86,4.86,4.77,4.77,2600,2021-05-12 22:44:00,BNGO
4.7701,4.7701,4.7701,4.7701,100,2021-05-12 22:46:00,BNGO
4.78,4.78,4.78,4.78,161,2021-05-12 22:48:00,BNGO
4.77,4.77,4.77,4.77,300,2021-05-12 22:49:00,BNGO
4.77,4.77,4.77,4.77,163,2021-05-12 22:52:00,BNGO
4.86,4.86,4.84,4.84,1300,2021-05-12 22:55:00,BNGO
4.84,4.84,4.84,4.84,500,2021-05-12 22:58:00,BNGO
4.83,4.83,4.83,4.83,100,2021-05-12 22:59:00,BNGO
4.83,4.83,4.83,4.83,300,2021-05-12 23:00:00,BNGO
4.83,4.83,4.78,4.78,1299,2021-05-12 23:01:00,BNGO
4.83,4.83,4.83,4.83,483,2021-05-12 23:02:00,BNGO
4.84,4.84,4.84,4.84,600,2021-05-12 23:03:00,BNGO
4.84,4.84,4.78,4.78,28532,2021-05-12 23:04:00,BNGO
4.78,4.78,4.78,4.78,500,2021-05-12 23:06:00,BNGO
4.78,4.78,4.78,4.78,1026,2021-05-12 23:07:00,BNGO
4.83,4.83,4.83,4.83,225,2021-05-12 23:08:00,BNGO
4.83,4.83,4.83,4.83,200,2021-05-12 23:09:00,BNGO
4.85,4.85,4.83,4.83,2699,2021-05-12 23:12:00,BNGO
4.78,4.78,4.78,4.78,100,2021-05-12 23:13:00,BNGO
4.77,4.77,4.77,4.77,428,2021-05-12 23:14:00,BNGO
4.77,4.77,4.77,4.77,159,2021-05-12 23:15:00,BNGO
4.86,4.86,4.77,4.77,1537,2021-05-12 23:16:00,BNGO
4.84,4.84,4.84,4.84,116,2021-05-12 23:24:00,BNGO
4.8,4.8,4.8,4.8,3958,2021-05-12 23:28:00,BNGO
4.8,4.85,4.8,4.85,1180,2021-05-12 23:33:00,BNGO
4.85,4.85,4.85,4.85,143,2021-05-12 23:36:00,BNGO
4.85,4.85,4.85,4.85,124,2021-05-12 23:37:00,BNGO
4.85,4.85,4.85,4.85,2100,2021-05-12 23:39:00,BNGO
4.8,4.8,4.8,4.8,205,2021-05-12 23:41:00,BNGO
4.83,4.83,4.83,4.83,100,2021-05-12 23:42:00,BNGO
4.83,4.83,4.83,4.83,353,2021-05-12 23:44:00,BNGO
4.82,4.82,4.82,4.82,300,2021-05-12 23:45:00,BNGO
4.82,4.82,4.82,4.82,175,2021-05-12 23:46:00,BNGO
4.83,4.85,4.83,4.85,1696,2021-05-12 23:47:00,BNGO
4.85,4.85,4.85,4.85,200,2021-05-12 23:49:00,BNGO
4.85,4.85,4.85,4.85,556,2021-05-12 23:50:00,BNGO
4.85,4.85,4.85,4.85,100,2021-05-12 23:51:00,BNGO
4.83,4.83,4.83,4.83,5673,2021-05-12 23:52:00,BNGO
4.85,4.85,4.85,4.85,1475,2021-05-12 23:53:00,BNGO
4.84,4.84,4.84,4.84,100,2021-05-12 23:54:00,BNGO
4.86,4.86,4.86,4.86,250,2021-05-12 23:55:00,BNGO
4.83,4.85,4.83,4.83,6439,2021-05-12 23:57:00,BNGO
4.83,4.83,4.83,4.83,988,2021-05-12 23:58:00,BNGO
4.83,4.85,4.83,4.85,4790,2021-05-12 23:59:00,BNGO
4.8,4.8,4.8,4.8,100,2021-05-13 08:01:00,BNGO
4.8,4.8,4.8,4.8,175,2021-05-13 08:04:00,BNGO
4.77,4.77,4.77,4.77,100,2021-05-13 08:06:00,BNGO
4.77,4.8,4.76,4.76,900,2021-05-13 08:07:00,BNGO
4.75,4.75,4.75,4.75,100,2021-05-13 08:09:00,BNGO
4.74,4.74,4.74,4.74,100,2021-05-13 08:10:00,BNGO
4.74,4.74,4.74,4.74,100,2021-05-13 08:11:00,BNGO
4.71,4.71,4.71,4.71,500,2021-05-13 08:12:00,BNGO
4.7,4.71,4.7,4.7,400,2021-05-13 08:13:00,BNGO
4.72,4.75,4.68,4.68,1283,2021-05-13 08:15:00,BNGO
4.72,4.72,4.72,4.72,100,2021-05-13 08:19:00,BNGO
4.7,4.7,4.7,4.7,100,2021-05-13 08:32:00,BNGO
4.71,4.71,4.71,4.71,200,2021-05-13 08:33:00,BNGO
4.7,4.7,4.67,4.67,899,2021-05-13 08:34:00,BNGO
4.66,4.66,4.61,4.62,785,2021-05-13 08:41:00,BNGO
4.63,4.63,4.63,4.63,550,2021-05-13 08:42:00,BNGO
4.61,4.61,4.61,4.61,100,2021-05-13 08:43:00,BNGO
4.61,4.61,4.6,4.6,800,2021-05-13 08:44:00,BNGO
4.6,4.6,4.6,4.6,760,2021-05-13 08:46:00,BNGO
4.59,4.6,4.58,4.58,597,2021-05-13 08:48:00,BNGO
4.59,4.59,4.59,4.59,100,2021-05-13 08:51:00,BNGO
4.59,4.59,4.58,4.58,1000,2021-05-13 08:52:00,BNGO
4.58,4.58,4.58,4.58,100,2021-05-13 08:53:00,BNGO
4.55,4.55,4.55,4.55,3700,2021-05-13 08:54:00,BNGO
4.51,4.51,4.5,4.51,3407,2021-05-13 08:56:00,BNGO
4.51,4.51,4.51,4.51,100,2021-05-13 08:57:00,BNGO
4.51,4.51,4.5,4.51,720,2021-05-13 08:58:00,BNGO
4.51,4.51,4.51,4.51,2079,2021-05-13 08:59:00,BNGO
4.54,4.58,4.54,4.58,1100,2021-05-13 09:02:00,BNGO
4.59,4.59,4.59,4.59,105,2021-05-13 09:05:00,BNGO
4.58,4.58,4.58,4.58,100,2021-05-13 09:06:00,BNGO
4.57,4.57,4.57,4.57,100,2021-05-13 09:07:00,BNGO
4.55,4.57,4.54,4.54,700,2021-05-13 09:08:00,BNGO
4.54,4.55,4.54,4.55,2665,2021-05-13 09:09:00,BNGO
4.55,4.55,4.55,4.55,174,2021-05-13 09:12:00,BNGO
4.55,4.55,4.55,4.55,140,2021-05-13 09:16:00,BNGO
4.53,4.53,4.51,4.51,2706,2021-05-13 09:17:00,BNGO
4.56,4.56,4.56,4.56,100,2021-05-13 09:22:00,BNGO
4.61,4.61,4.61,4.61,497,2021-05-13 09:34:00,BNGO
4.58,4.58,4.56,4.57,2250,2021-05-13 09:39:00,BNGO
4.59,4.59,4.59,4.59,100,2021-05-13 09:45:00,BNGO
4.58,4.58,4.58,4.58,100,2021-05-13 09:46:00,BNGO
4.61,4.61,4.61,4.61,180,2021-05-13 09:50:00,BNGO
4.61,4.61,4.61,4.61,200,2021-05-13 09:53:00,BNGO
4.58,4.58,4.58,4.58,364,2021-05-13 09:55:00,BNGO
4.6,4.61,4.6,4.61,429,2021-05-13 09:57:00,BNGO
4.57,4.57,4.57,4.57,287,2021-05-13 10:13:00,BNGO
4.58,4.58,4.58,4.58,190,2021-05-13 10:24:00,BNGO
4.57,4.57,4.57,4.57,400,2021-05-13 10:27:00,BNGO
4.57,4.57,4.57,4.57,200,2021-05-13 10:31:00,BNGO
4.58,4.58,4.58,4.58,100,2021-05-13 10:32:00,BNGO
4.58,4.58,4.58,4.58,500,2021-05-13 10:33:00,BNGO
4.57,4.57,4.57,4.57,180,2021-05-13 10:42:00,BNGO
4.56,4.57,4.56,4.57,300,2021-05-13 10:48:00,BNGO
4.58,4.58,4.58,4.58,200,2021-05-13 10:49:00,BNGO
4.58,4.58,4.58,4.58,271,2021-05-13 10:53:00,BNGO
4.58,4.58,4.58,4.58,669,2021-05-13 10:55:00,BNGO
4.58,4.58,4.58,4.58,600,2021-05-13 10:56:00,BNGO
4.6,4.68,4.6,4.68,7539,2021-05-13 11:00:00,BNGO
4.69,4.7,4.69,4.7,823,2021-05-13 11:01:00,BNGO
4.71,4.71,4.71,4.71,1096,2021-05-13 11:02:00,BNGO
4.7,4.7,4.7,4.7,100,2021-05-13 11:06:00,BNGO
4.71,4.71,4.71,4.71,1857,2021-05-13 11:10:00,BNGO
4.7,4.7,4.7,4.7,100,2021-05-13 11:13:00,BNGO
4.71,4.72,4.71,4.72,997,2021-05-13 11:14:00,BNGO
4.73,4.73,4.73,4.73,100,2021-05-13 11:15:00,BNGO
4.73,4.74,4.73,4.73,2298,2021-05-13 11:16:00,BNGO
4.74,4.74,4.74,4.74,2885,2021-05-13 11:17:00,BNGO
4.72,4.74,4.72,4.72,2980,2021-05-13 11:18:00,BNGO
4.72,4.72,4.72,4.72,100,2021-05-13 11:19:00,BNGO
4.75,4.75,4.74,4.74,1887,2021-05-13 11:21:00,BNGO
4.731,4.731,4.731,4.731,100,2021-05-13 11:23:00,BNGO
4.73,4.73,4.73,4.73,870,2021-05-13 11:24:00,BNGO
4.73,4.75,4.73,4.75,694,2021-05-13 11:26:00,BNGO
4.73,4.73,4.73,4.73,400,2021-05-13 11:28:00,BNGO
4.74,4.74,4.74,4.74,200,2021-05-13 11:30:00,BNGO
4.74,4.74,4.74,4.74,800,2021-05-13 11:31:00,BNGO
4.74,4.76,4.74,4.76,2041,2021-05-13 11:32:00,BNGO
4.76,4.76,4.76,4.76,815,2021-05-13 11:33:00,BNGO
4.77,4.77,4.77,4.77,1199,2021-05-13 11:34:00,BNGO
4.78,4.81,4.78,4.81,1338,2021-05-13 11:35:00,BNGO
4.82,4.82,4.81,4.81,2450,2021-05-13 11:36:00,BNGO
4.79,4.79,4.79,4.79,475,2021-05-13 11:40:00,BNGO
4.78,4.78,4.78,4.78,400,2021-05-13 11:41:00,BNGO
4.79,4.8,4.79,4.8,1300,2021-05-13 11:42:00,BNGO
4.82,4.82,4.82,4.82,100,2021-05-13 11:45:00,BNGO
4.82,4.82,4.82,4.82,820,2021-05-13 11:47:00,BNGO
4.81,4.81,4.81,4.81,200,2021-05-13 11:48:00,BNGO
4.81,4.81,4.81,4.81,500,2021-05-13 11:49:00,BNGO
4.82,4.82,4.8,4.8,1000,2021-05-13 11:50:00,BNGO
4.81,4.81,4.81,4.81,100,2021-05-13 11:52:00,BNGO
4.82,4.83,4.81,4.81,3398,2021-05-13 11:53:00,BNGO
4.82,4.82,4.81,4.81,2800,2021-05-13 11:54:00,BNGO
4.8,4.8,4.8,4.8,245,2021-05-13 11:55:00,BNGO
4.8,4.8,4.8,4.8,1400,2021-05-13 11:56:00,BNGO
4.8,4.8,4.8,4.8,4907,2021-05-13 11:58:00,BNGO
4.8,4.8,4.8,4.8,100,2021-05-13 11:59:00,BNGO
4.81,4.81,4.78,4.78,200,2021-05-13 12:00:00,BNGO
4.8,4.8,4.78,4.79,300,2021-05-13 12:02:00,BNGO
4.8,4.82,4.8,4.82,2200,2021-05-13 12:03:00,BNGO
4.82,4.82,4.82,4.82,400,2021-05-13 12:04:00,BNGO
4.83,4.83,4.83,4.83,399,2021-05-13 12:06:00,BNGO
4.83,4.83,4.83,4.83,300,2021-05-13 12:07:00,BNGO
4.8201,4.83,4.8201,4.83,2250,2021-05-13 12:08:00,BNGO
4.83,4.83,4.83,4.83,2150,2021-05-13 12:09:00,BNGO
4.83,4.83,4.83,4.83,14644,2021-05-13 12:12:00,BNGO
4.8401,4.8401,4.8401,4.8401,200,2021-05-13 12:13:00,BNGO
4.84,4.85,4.84,4.85,500,2021-05-13 12:14:00,BNGO
4.85,4.85,4.84,4.85,2400,2021-05-13 12:15:00,BNGO
4.85,4.85,4.85,4.85,153,2021-05-13 12:16:00,BNGO
4.85,4.86,4.85,4.86,1300,2021-05-13 12:17:00,BNGO
4.86,4.86,4.86,4.86,1180,2021-05-13 12:18:00,BNGO
4.85,4.87,4.85,4.87,535,2021-05-13 12:19:00,BNGO
4.86,4.88,4.86,4.88,1875,2021-05-13 12:20:00,BNGO
4.88,4.88,4.88,4.88,100,2021-05-13 12:21:00,BNGO
4.88,4.88,4.86,4.86,2700,2021-05-13 12:22:00,BNGO
4.85,4.87,4.84,4.87,2171,2021-05-13 12:23:00,BNGO
4.8699,4.87,4.86,4.87,1000,2021-05-13 12:24:00,BNGO
4.87,4.88,4.85,4.88,743,2021-05-13 12:25:00,BNGO
4.876,4.876,4.876,4.876,180,2021-05-13 12:26:00,BNGO
4.88,4.9,4.88,4.9,2520,2021-05-13 12:27:00,BNGO
4.89,4.89,4.89,4.89,100,2021-05-13 12:28:00,BNGO
4.89,4.89,4.88,4.88,857,2021-05-13 12:29:00,BNGO
4.8899,4.89,4.8899,4.89,5000,2021-05-13 12:30:00,BNGO
4.88,4.88,4.88,4.88,2000,2021-05-13 12:31:00,BNGO
4.88,4.88,4.88,4.88,870,2021-05-13 12:32:00,BNGO
4.88,4.89,4.88,4.89,800,2021-05-13 12:33:00,BNGO
4.89,4.89,4.89,4.89,1516,2021-05-13 12:34:00,BNGO
4.9,4.9,4.89,4.9,11524,2021-05-13 12:35:00,BNGO
4.89,4.89,4.87,4.88,2553,2021-05-13 12:36:00,BNGO
4.89,4.89,4.89,4.89,500,2021-05-13 12:37:00,BNGO
4.88,4.88,4.87,4.87,700,2021-05-13 12:38:00,BNGO
4.87,4.87,4.87,4.87,100,2021-05-13 12:39:00,BNGO
4.88,4.88,4.88,4.88,1881,2021-05-13 12:40:00,BNGO
4.87,4.87,4.87,4.87,1144,2021-05-13 12:43:00,BNGO
4.8699,4.8699,4.8699,4.8699,100,2021-05-13 12:45:00,BNGO
4.8699,4.87,4.8699,4.87,405,2021-05-13 12:47:00,BNGO
4.8699,4.87,4.86,4.86,3267,2021-05-13 12:48:00,BNGO
4.8699,4.88,4.86,4.88,2200,2021-05-13 12:50:00,BNGO
4.88,4.88,4.88,4.88,400,2021-05-13 12:52:00,BNGO
4.88,4.88,4.88,4.88,100,2021-05-13 12:53:00,BNGO
4.87,4.88,4.87,4.88,600,2021-05-13 12:55:00,BNGO
4.88,4.88,4.88,4.88,11245,2021-05-13 12:56:00,BNGO
4.88,4.88,4.87,4.87,1402,2021-05-13 12:58:00,BNGO
4.88,4.88,4.8799,4.8799,5135,2021-05-13 12:59:00,BNGO
4.88,4.88,4.87,4.88,4375,2021-05-13 13:00:00,BNGO
4.8799,4.88,4.87,4.88,7304,2021-05-13 13:01:00,BNGO
4.88,4.9257,4.88,4.9,2325,2021-05-13 13:02:00,BNGO
4.9,4.9,4.9,4.9,6670,2021-05-13 13:03:00,BNGO
4.8999,4.91,4.8999,4.91,6239,2021-05-13 13:04:00,BNGO
4.9001,4.91,4.9,4.91,5590,2021-05-13 13:05:00,BNGO
4.91,4.98,4.91,4.94,8691,2021-05-13 13:06:00,BNGO
4.94,4.95,4.9301,4.95,8213,2021-05-13 13:07:00,BNGO
4.95,4.95,4.93,4.93,4811,2021-05-13 13:08:00,BNGO
4.93,4.93,4.92,4.92,4189,2021-05-13 13:09:00,BNGO
4.92,4.92,4.9,4.92,7519,2021-05-13 13:10:00,BNGO
4.92,4.92,4.88,4.88,16154,2021-05-13 13:11:00,BNGO
4.88,4.88,4.88,4.88,600,2021-05-13 13:12:00,BNGO
4.8999,4.9,4.88,4.9,2400,2021-05-13 13:13:00,BNGO
4.89,4.9,4.88,4.88,1068,2021-05-13 13:14:00,BNGO
4.9,4.9,4.9,4.9,100,2021-05-13 13:15:00,BNGO
4.88,4.8801,4.88,4.88,1216,2021-05-13 13:16:00,BNGO
4.9,4.9,4.88,4.88,400,2021-05-13 13:17:00,BNGO
4.89,4.89,4.89,4.89,100,2021-05-13 13:18:00,BNGO
4.89,4.89,4.8899,4.89,481,2021-05-13 13:19:00,BNGO
4.8899,4.89,4.8899,4.89,2180,2021-05-13 13:20:00,BNGO
4.89,4.89,4.88,4.88,1010,2021-05-13 13:21:00,BNGO
4.89,4.89,4.88,4.89,3354,2021-05-13 13:22:00,BNGO
4.8899,4.8899,4.8899,4.8899,1130,2021-05-13 13:23:00,BNGO
4.88,4.88,4.88,4.88,325,2021-05-13 13:24:00,BNGO
4.89,4.89,4.89,4.89,300,2021-05-13 13:26:00,BNGO
4.89,4.9,4.89,4.8901,4262,2021-05-13 13:27:00,BNGO
4.88,4.89,4.85,4.85,10284,2021-05-13 13:28:00,BNGO
4.84,4.84,4.84,4.84,700,2021-05-13 13:29:00,BNGO
4.83,4.89,4.82,4.865,253668,2021-05-13 13:30:00,BNGO
4.86,4.9,4.82,4.899,159674,2021-05-13 13:31:00,BNGO
4.8999,4.91,4.85,4.91,69924,2021-05-13 13:32:00,BNGO
4.91,4.92,4.86,4.8979,105415,2021-05-13 13:33:00,BNGO
4.88,4.9006,4.87,4.8806,66623,2021-05-13 13:34:00,BNGO
4.89,4.93,4.88,4.895,312052,2021-05-13 13:35:00,BNGO
4.89,4.91,4.8707,4.885,60745,2021-05-13 13:36:00,BNGO
4.8882,4.9,4.869,4.89,64245,2021-05-13 13:37:00,BNGO
4.89,4.89,4.84,4.8518,129633,2021-05-13 13:38:00,BNGO
4.855,4.858,4.79,4.8,169240,2021-05-13 13:39:00,BNGO
4.81,4.85,4.79,4.79,72684,2021-05-13 13:40:00,BNGO
4.8011,4.84,4.8,4.8178,166124,2021-05-13 13:41:00,BNGO
4.814,4.83,4.8,4.83,46571,2021-05-13 13:42:00,BNGO
4.84,4.86,4.83,4.84,43780,2021-05-13 13:43:00,BNGO
4.85,4.88,4.831,4.86,89289,2021-05-13 13:44:00,BNGO
4.87,4.89,4.8696,4.8799,75255,2021-05-13 13:45:00,BNGO
4.8745,4.8745,4.81,4.815,105150,2021-05-13 13:46:00,BNGO
4.81,4.8175,4.76,4.7609,107916,2021-05-13 13:47:00,BNGO
4.765,4.785,4.73,4.7449,97967,2021-05-13 13:48:00,BNGO
4.7484,4.75,4.7268,4.739,98330,2021-05-13 13:49:00,BNGO
4.74,4.7882,4.74,4.7599,54114,2021-05-13 13:50:00,BNGO
4.75,4.78,4.75,4.78,46552,2021-05-13 13:51:00,BNGO
4.7835,4.81,4.775,4.795,66741,2021-05-13 13:52:00,BNGO
4.7972,4.81,4.79,4.81,67192,2021-05-13 13:53:00,BNGO
4.81,4.86,4.81,4.8522,59520,2021-05-13 13:54:00,BNGO
4.85,4.8741,4.84,4.8501,56039,2021-05-13 13:55:00,BNGO
4.86,4.86,4.8301,4.8405,57610,2021-05-13 13:56:00,BNGO
4.8491,4.875,4.845,4.87,55196,2021-05-13 13:57:00,BNGO
4.875,4.89,4.85,4.885,40747,2021-05-13 13:58:00,BNGO
4.8805,4.9,4.88,4.9,70419,2021-05-13 13:59:00,BNGO
4.9,4.94,4.9,4.908,98150,2021-05-13 14:00:00,BNGO
4.91,4.94,4.9009,4.931,67427,2021-05-13 14:01:00,BNGO
4.93,4.94,4.9,4.904,71448,2021-05-13 14:02:00,BNGO
4.9,4.92,4.9,4.905,59896,2021-05-13 14:03:00,BNGO
4.91,4.92,4.895,4.9086,31597,2021-05-13 14:04:00,BNGO
4.91,4.92,4.9,4.9109,25858,2021-05-13 14:05:00,BNGO
4.91,4.91,4.87,4.87,67685,2021-05-13 14:06:00,BNGO
4.8724,4.9191,4.87,4.91,56761,2021-05-13 14:07:00,BNGO
4.9003,4.919,4.86,4.87,82509,2021-05-13 14:08:00,BNGO
4.865,4.89,4.8608,4.89,16688,2021-05-13 14:09:00,BNGO
4.89,4.89,4.87,4.885,38941,2021-05-13 14:10:00,BNGO
4.89,4.905,4.87,4.8705,39151,2021-05-13 14:11:00,BNGO
4.88,4.89,4.87,4.8789,36418,2021-05-13 14:12:00,BNGO
4.88,4.8978,4.87,4.8978,12568,2021-05-13 14:13:00,BNGO
4.895,4.895,4.85,4.865,39074,2021-05-13 14:14:00,BNGO
4.87,4.89,4.8622,4.88,69975,2021-05-13 14:15:00,BNGO
4.875,4.875,4.83,4.84,96285,2021-05-13 14:16:00,BNGO
4.835,4.85,4.83,4.85,60404,2021-05-13 14:17:00,BNGO
4.8586,4.8586,4.83,4.83,28499,2021-05-13 14:18:00,BNGO
4.84,4.845,4.82,4.83,45616,2021-05-13 14:19:00,BNGO
4.82,4.85,4.82,4.82,49877,2021-05-13 14:20:00,BNGO
4.82,4.83,4.81,4.8286,34468,2021-05-13 14:21:00,BNGO
4.83,4.84,4.82,4.8288,15694,2021-05-13 14:22:00,BNGO
4.8231,4.8684,4.8231,4.86,129590,2021-05-13 14:23:00,BNGO
4.86,4.87,4.85,4.86,30906,2021-05-13 14:24:00,BNGO
4.86,4.8799,4.86,4.8699,45791,2021-05-13 14:25:00,BNGO
4.86,4.88,4.84,4.86,63525,2021-05-13 14:26:00,BNGO
4.8513,4.87,4.85,4.85,82041,2021-05-13 14:27:00,BNGO
4.84,4.8484,4.82,4.84,26541,2021-05-13 14:28:00,BNGO
4.84,4.86,4.835,4.84,52773,2021-05-13 14:29:00,BNGO
4.84,4.86,4.84,4.8578,51045,2021-05-13 14:30:00,BNGO
4.86,4.86,4.83,4.8399,25995,2021-05-13 14:31:00,BNGO
4.8387,4.85,4.83,4.84,19383,2021-05-13 14:32:00,BNGO
4.84,4.85,4.83,4.845,14646,2021-05-13 14:33:00,BNGO
4.85,4.87,4.8401,4.8631,22096,2021-05-13 14:34:00,BNGO
4.86,4.87,4.82,4.821,34223,2021-05-13 14:35:00,BNGO
4.83,4.83,4.8,4.81,75688,2021-05-13 14:36:00,BNGO
4.81,4.83,4.8,4.8,55927,2021-05-13 14:37:00,BNGO
4.7918,4.8085,4.78,4.8,56149,2021-05-13 14:38:00,BNGO
4.7919,4.82,4.79,4.8,31372,2021-05-13 14:39:00,BNGO
4.805,4.82,4.79,4.795,29851,2021-05-13 14:40:00,BNGO
4.8,4.81,4.78,4.7837,59175,2021-05-13 14:41:00,BNGO
4.7837,4.7837,4.76,4.763,58059,2021-05-13 14:42:00,BNGO
4.7699,4.77,4.76,4.77,85787,2021-05-13 14:43:00,BNGO
4.7663,4.78,4.75,4.75,86346,2021-05-13 14:44:00,BNGO
4.753,4.76,4.735,4.7399,45620,2021-05-13 14:45:00,BNGO
4.735,4.7587,4.73,4.75,75028,2021-05-13 14:46:00,BNGO
4.75,4.76,4.73,4.7353,43306,2021-05-13 14:47:00,BNGO
4.73,4.76,4.73,4.7521,38416,2021-05-13 14:48:00,BNGO
4.755,4.76,4.75,4.7538,22151,2021-05-13 14:49:00,BNGO
4.755,4.7755,4.75,4.76,66305,2021-05-13 14:50:00,BNGO
4.76,4.77,4.75,4.755,29374,2021-05-13 14:51:00,BNGO
4.75,4.77,4.75,4.76,30080,2021-05-13 14:52:00,BNGO
4.77,4.78,4.7617,4.7717,38468,2021-05-13 14:53:00,BNGO
4.77,4.79,4.77,4.79,40760,2021-05-13 14:54:00,BNGO
4.7801,4.8,4.78,4.7999,23655,2021-05-13 14:55:00,BNGO
4.8,4.8,4.77,4.775,69590,2021-05-13 14:56:00,BNGO
4.78,4.78,4.74,4.75,30695,2021-05-13 14:57:00,BNGO
4.745,4.75,4.74,4.74,33315,2021-05-13 14:58:00,BNGO
4.745,4.75,4.725,4.735,51893,2021-05-13 14:59:00,BNGO
4.735,4.745,4.73,4.735,35766,2021-05-13 15:00:00,BNGO
4.73,4.73,4.71,4.7183,19143,2021-05-13 15:01:00,BNGO
4.7199,4.72,4.7,4.7063,36738,2021-05-13 15:02:00,BNGO
4.71,4.73,4.71,4.725,66521,2021-05-13 15:03:00,BNGO
4.73,4.73,4.71,4.7286,39557,2021-05-13 15:04:00,BNGO
4.72,4.7253,4.695,4.71,98042,2021-05-13 15:05:00,BNGO
4.715,4.725,4.68,4.6857,127729,2021-05-13 15:06:00,BNGO
4.69,4.705,4.68,4.695,105966,2021-05-13 15:07:00,BNGO
4.6983,4.7,4.665,4.68,120331,2021-05-13 15:08:00,BNGO
4.685,4.7,4.68,4.6899,50106,2021-05-13 15:09:00,BNGO
4.68,4.68,4.66,4.6724,45676,2021-05-13 15:10:00,BNGO
4.67,4.7,4.67,4.695,43459,2021-05-13 15:11:00,BNGO
4.7,4.7,4.69,4.69,18354,2021-05-13 15:12:00,BNGO
4.6999,4.6999,4.62,4.6514,404207,2021-05-13 15:13:00,BNGO
4.65,4.66,4.6189,4.63,235599,2021-05-13 15:14:00,BNGO
4.63,4.64,4.62,4.635,56457,2021-05-13 15:15:00,BNGO
4.6313,4.655,4.63,4.63,61368,2021-05-13 15:16:00,BNGO
4.629,4.65,4.62,4.6201,55174,2021-05-13 15:17:00,BNGO
4.62,4.63,4.6101,4.6259,36296,2021-05-13 15:18:00,BNGO
4.625,4.63,4.62,4.62,21696,2021-05-13 15:19:00,BNGO
4.62,4.63,4.6,4.6019,92902,2021-05-13 15:20:00,BNGO
4.605,4.63,4.59,4.61,121313,2021-05-13 15:21:00,BNGO
4.615,4.64,4.61,4.64,72082,2021-05-13 15:22:00,BNGO
4.6399,4.645,4.625,4.645,62317,2021-05-13 15:23:00,BNGO
4.645,4.65,4.62,4.6299,35975,2021-05-13 15:24:00,BNGO
4.6244,4.64,4.6116,4.6301,23733,2021-05-13 15:25:00,BNGO
4.6334,4.6376,4.61,4.62,47293,2021-05-13 15:26:00,BNGO
4.6101,4.62,4.5907,4.5907,50013,2021-05-13 15:27:00,BNGO
4.6,4.6,4.59,4.59,45074,2021-05-13 15:28:00,BNGO
4.59,4.61,4.59,4.6,69344,2021-05-13 15:29:00,BNGO
4.6,4.62,4.59,4.615,50061,2021-05-13 15:30:00,BNGO
4.615,4.615,4.585,4.5901,58899,2021-05-13 15:31:00,BNGO
4.59,4.62,4.59,4.615,124550,2021-05-13 15:32:00,BNGO
4.62,4.64,4.6145,4.64,49538,2021-05-13 15:33:00,BNGO
4.64,4.64,4.6201,4.6299,50558,2021-05-13 15:34:00,BNGO
4.6278,4.6278,4.5993,4.6185,68512,2021-05-13 15:35:00,BNGO
4.6192,4.6284,4.61,4.6216,21556,2021-05-13 15:36:00,BNGO
4.63,4.6385,4.62,4.635,35701,2021-05-13 15:37:00,BNGO
4.635,4.635,4.6122,4.622,45287,2021-05-13 15:38:00,BNGO
4.625,4.64,4.625,4.635,32187,2021-05-13 15:39:00,BNGO
4.635,4.635,4.58,4.5899,49494,2021-05-13 15:40:00,BNGO
4.589,4.6,4.585,4.5921,24535,2021-05-13 15:41:00,BNGO
4.5994,4.6,4.5857,4.59,25156,2021-05-13 15:42:00,BNGO
4.5853,4.5898,4.57,4.572,62990,2021-05-13 15:43:00,BNGO
4.58,4.5881,4.56,4.56,56293,2021-05-13 15:44:00,BNGO
4.5615,4.57,4.55,4.565,101922,2021-05-13 15:45:00,BNGO
4.5645,4.58,4.55,4.56,36245,2021-05-13 15:46:00,BNGO
4.56,4.58,4.555,4.57,135922,2021-05-13 15:47:00,BNGO
4.5709,4.585,4.55,4.57,113810,2021-05-13 15:48:00,BNGO
4.57,4.59,4.56,4.585,54473,2021-05-13 15:49:00,BNGO
4.58,4.6,4.5739,4.6,34979,2021-05-13 15:50:00,BNGO
4.59,4.59,4.58,4.5805,6462,2021-05-13 15:51:00,BNGO
4.59,4.59,4.56,4.575,34369,2021-05-13 15:52:00,BNGO
4.575,4.58,4.56,4.56,26531,2021-05-13 15:53:00,BNGO
4.56,4.57,4.52,4.555,215470,2021-05-13 15:54:00,BNGO
4.56,4.5686,4.54,4.5412,41835,2021-05-13 15:55:00,BNGO
4.5498,4.55,4.53,4.545,43894,2021-05-13 15:56:00,BNGO
4.54,4.55,4.53,4.53,35118,2021-05-13 15:57:00,BNGO
4.54,4.57,4.54,4.55,31559,2021-05-13 15:58:00,BNGO
4.55,4.555,4.54,4.55,24078,2021-05-13 15:59:00,BNGO
4.55,4.575,4.55,4.565,63010,2021-05-13 16:00:00,BNGO
4.56,4.595,4.56,4.595,69859,2021-05-13 16:01:00,BNGO
4.59,4.61,4.585,4.595,123277,2021-05-13 16:02:00,BNGO
4.6,4.61,4.58,4.585,57515,2021-05-13 16:03:00,BNGO
4.59,4.59,4.575,4.585,35607,2021-05-13 16:04:00,BNGO
4.5889,4.6,4.5701,4.595,33788,2021-05-13 16:05:00,BNGO
4.595,4.595,4.58,4.58,17698,2021-05-13 16:06:00,BNGO
4.585,4.5891,4.57,4.5701,6329,2021-05-13 16:07:00,BNGO
4.5782,4.58,4.57,4.57,13835,2021-05-13 16:08:00,BNGO
4.57,4.57,4.55,4.565,32824,2021-05-13 16:09:00,BNGO
4.57,4.59,4.5609,4.58,31688,2021-05-13 16:10:00,BNGO
4.59,4.6,4.5801,4.59,12669,2021-05-13 16:11:00,BNGO
4.58,4.5954,4.58,4.59,24183,2021-05-13 16:12:00,BNGO
4.5977,4.5999,4.58,4.585,13868,2021-05-13 16:13:00,BNGO
4.58,4.59,4.575,4.575,24129,2021-05-13 16:14:00,BNGO
4.575,4.5897,4.57,4.5897,16357,2021-05-13 16:15:00,BNGO
4.5848,4.5976,4.58,4.5883,27005,2021-05-13 16:16:00,BNGO
4.5853,4.59,4.555,4.555,20565,2021-05-13 16:17:00,BNGO
4.55,4.56,4.55,4.55,18150,2021-05-13 16:18:00,BNGO
4.555,4.56,4.54,4.5476,36886,2021-05-13 16:19:00,BNGO
4.54,4.55,4.53,4.53,22423,2021-05-13 16:20:00,BNGO
4.535,4.55,4.53,4.54,22180,2021-05-13 16:21:00,BNGO
4.545,4.55,4.51,4.527,78898,2021-05-13 16:22:00,BNGO
4.53,4.53,4.51,4.5218,70682,2021-05-13 16:23:00,BNGO
4.52,4.53,4.51,4.515,165787,2021-05-13 16:24:00,BNGO
4.51,4.53,4.51,4.525,24400,2021-05-13 16:25:00,BNGO
4.525,4.545,4.525,4.5401,121166,2021-05-13 16:26:00,BNGO
4.5391,4.55,4.53,4.545,24913,2021-05-13 16:27:00,BNGO
4.545,4.55,4.54,4.5455,44182,2021-05-13 16:28:00,BNGO
4.544,4.55,4.53,4.54,58288,2021-05-13 16:29:00,BNGO
4.535,4.555,4.5322,4.555,46205,2021-05-13 16:30:00,BNGO
4.551,4.5699,4.55,4.5699,23021,2021-05-13 16:31:00,BNGO
4.566,4.57,4.5543,4.56,22543,2021-05-13 16:32:00,BNGO
4.5512,4.56,4.55,4.555,15131,2021-05-13 16:33:00,BNGO
4.55,4.5699,4.55,4.555,25545,2021-05-13 16:34:00,BNGO
4.55,4.57,4.55,4.555,17436,2021-05-13 16:35:00,BNGO
4.55,4.55,4.53,4.5337,42917,2021-05-13 16:36:00,BNGO
4.535,4.55,4.52,4.525,39630,2021-05-13 16:37:00,BNGO
4.5296,4.53,4.52,4.5219,15734,2021-05-13 16:38:00,BNGO
4.52,4.53,4.515,4.52,27287,2021-05-13 16:39:00,BNGO
4.525,4.53,4.51,4.5101,52649,2021-05-13 16:40:00,BNGO
4.515,4.52,4.51,4.519,66873,2021-05-13 16:41:00,BNGO
4.51,4.53,4.51,4.53,43265,2021-05-13 16:42:00,BNGO
4.52,4.52,4.5,4.505,75898,2021-05-13 16:43:00,BNGO
4.505,4.51,4.49,4.5076,274573,2021-05-13 16:44:00,BNGO
4.503,4.52,4.503,4.511,43508,2021-05-13 16:45:00,BNGO
4.5114,4.525,4.51,4.51,40294,2021-05-13 16:46:00,BNGO
4.51,4.52,4.51,4.5189,19098,2021-05-13 16:47:00,BNGO
4.51,4.515,4.5,4.5085,29264,2021-05-13 16:48:00,BNGO
4.5016,4.5199,4.5,4.5199,39859,2021-05-13 16:49:00,BNGO
4.52,4.5299,4.51,4.5108,43578,2021-05-13 16:50:00,BNGO
4.51,4.51,4.48,4.48,34051,2021-05-13 16:51:00,BNGO
4.485,4.495,4.47,4.47,44763,2021-05-13 16:52:00,BNGO
4.4785,4.485,4.47,4.4701,54915,2021-05-13 16:53:00,BNGO
4.4791,4.48,4.47,4.4702,14804,2021-05-13 16:54:00,BNGO
4.4745,4.4777,4.45,4.45,66820,2021-05-13 16:55:00,BNGO
4.45,4.46,4.42,4.4387,259766,2021-05-13 16:56:00,BNGO
4.43,4.4481,4.43,4.44,72863,2021-05-13 16:57:00,BNGO
4.44,4.45,4.43,4.45,48179,2021-05-13 16:58:00,BNGO
4.445,4.465,4.44,4.45,113232,2021-05-13 16:59:00,BNGO
4.4516,4.46,4.44,4.4583,41433,2021-05-13 17:00:00,BNGO
4.455,4.455,4.42,4.42,53748,2021-05-13 17:01:00,BNGO
4.425,4.48,4.425,4.475,229641,2021-05-13 17:02:00,BNGO
4.471,4.48,4.445,4.445,65168,2021-05-13 17:03:00,BNGO
4.44,4.45,4.43,4.4466,32675,2021-05-13 17:04:00,BNGO
4.4494,4.4494,4.43,4.435,27566,2021-05-13 17:05:00,BNGO
4.44,4.44,4.42,4.435,35988,2021-05-13 17:06:00,BNGO
4.435,4.4551,4.43,4.445,111384,2021-05-13 17:07:00,BNGO
4.45,4.46,4.44,4.45,38610,2021-05-13 17:08:00,BNGO
4.455,4.46,4.45,4.4511,13975,2021-05-13 17:09:00,BNGO
4.45,4.45,4.43,4.43,71855,2021-05-13 17:10:00,BNGO
4.435,4.45,4.43,4.4499,34315,2021-05-13 17:11:00,BNGO
4.4485,4.46,4.4439,4.455,50826,2021-05-13 17:12:00,BNGO
4.4508,4.4508,4.42,4.425,123745,2021-05-13 17:13:00,BNGO
4.4297,4.4395,4.42,4.4317,48894,2021-05-13 17:14:00,BNGO
4.4318,4.47,4.43,4.465,141753,2021-05-13 17:15:00,BNGO
4.465,4.47,4.46,4.465,29057,2021-05-13 17:16:00,BNGO
4.469,4.469,4.44,4.45,100791,2021-05-13 17:17:00,BNGO
4.45,4.45,4.42,4.42,25165,2021-05-13 17:18:00,BNGO
4.426,4.43,4.4,4.4199,272960,2021-05-13 17:19:00,BNGO
4.42,4.425,4.4,4.41,122133,2021-05-13 17:20:00,BNGO
4.405,4.41,4.375,4.3809,214313,2021-05-13 17:21:00,BNGO
4.385,4.3999,4.38,4.395,43490,2021-05-13 17:22:00,BNGO
4.3933,4.4,4.37,4.37,56844,2021-05-13 17:23:00,BNGO
4.37,4.38,4.362,4.37,56674,2021-05-13 17:24:00,BNGO
4.37,4.38,4.36,4.3684,70539,2021-05-13 17:25:00,BNGO
4.365,4.4,4.36,4.3918,94914,2021-05-13 17:26:00,BNGO
4.4,4.42,4.39,4.415,50254,2021-05-13 17:27:00,BNGO
4.41,4.42,4.4,4.415,65257,2021-05-13 17:28:00,BNGO
4.41,4.4177,4.39,4.395,94416,2021-05-13 17:29:00,BNGO
4.3978,4.41,4.3819,4.395,62328,2021-05-13 17:30:00,BNGO
4.39,4.41,4.3811,4.405,102991,2021-05-13 17:31:00,BNGO
4.405,4.41,4.39,4.39,44140,2021-05-13 17:32:00,BNGO
4.395,4.4,4.38,4.385,49936,2021-05-13 17:33:00,BNGO
4.385,4.405,4.38,4.39,49774,2021-05-13 17:34:00,BNGO
4.38,4.41,4.38,4.3899,67367,2021-05-13 17:35:00,BNGO
4.3895,4.3895,4.35,4.3501,95915,2021-05-13 17:36:00,BNGO
4.3579,4.36,4.34,4.3447,82759,2021-05-13 17:37:00,BNGO
4.35,4.35,4.33,4.3376,72568,2021-05-13 17:38:00,BNGO
4.335,4.38,4.3344,4.3699,74987,2021-05-13 17:39:00,BNGO
4.36,4.375,4.35,4.365,81268,2021-05-13 17:40:00,BNGO
4.3699,4.37,4.35,4.35,15507,2021-05-13 17:41:00,BNGO
4.35,4.36,4.34,4.345,39015,2021-05-13 17:42:00,BNGO
4.3477,4.35,4.32,4.3216,76339,2021-05-13 17:43:00,BNGO
4.32,4.3436,4.32,4.3436,60659,2021-05-13 17:44:00,BNGO
4.345,4.3599,4.33,4.34,92831,2021-05-13 17:45:00,BNGO
4.33,4.33,4.3,4.3,106069,2021-05-13 17:46:00,BNGO
4.3,4.3184,4.3,4.3184,49853,2021-05-13 17:47:00,BNGO
4.31,4.33,4.3,4.305,81087,2021-05-13 17:48:00,BNGO
4.31,4.32,4.3,4.31,98038,2021-05-13 17:49:00,BNGO
4.315,4.33,4.31,4.32,88757,2021-05-13 17:50:00,BNGO
4.32,4.3398,4.31,4.3398,31688,2021-05-13 17:51:00,BNGO
4.33,4.3589,4.325,4.355,69730,2021-05-13 17:52:00,BNGO
4.35,4.36,4.335,4.355,91671,2021-05-13 17:53:00,BNGO
4.355,4.37,4.35,4.3699,46677,2021-05-13 17:54:00,BNGO
4.365,4.4,4.365,4.385,120068,2021-05-13 17:55:00,BNGO
4.38,4.4,4.37,4.4,98392,2021-05-13 17:56:00,BNGO
4.4,4.4,4.38,4.395,45683,2021-05-13 17:57:00,BNGO
4.3984,4.3984,4.365,4.375,67609,2021-05-13 17:58:00,BNGO
4.37,4.38,4.36,4.37,34185,2021-05-13 17:59:00,BNGO
4.365,4.41,4.3617,4.39,183885,2021-05-13 18:00:00,BNGO
4.3999,4.4,4.39,4.399,28264,2021-05-13 18:01:00,BNGO
4.3908,4.405,4.39,4.4,54878,2021-05-13 18:02:00,BNGO
4.4099,4.41,4.385,4.4041,75049,2021-05-13 18:03:00,BNGO
4.41,4.41,4.39,4.39,57282,2021-05-13 18:04:00,BNGO
4.395,4.4,4.3801,4.3847,35782,2021-05-13 18:05:00,BNGO
4.39,4.4138,4.37,4.411,67334,2021-05-13 18:06:00,BNGO
4.41,4.43,4.4049,4.43,36378,2021-05-13 18:07:00,BNGO
4.425,4.44,4.42,4.435,78215,2021-05-13 18:08:00,BNGO
4.4323,4.434,4.415,4.42,54521,2021-05-13 18:09:00,BNGO
4.425,4.43,4.4,4.41,50734,2021-05-13 18:10:00,BNGO
4.4001,4.4287,4.4,4.4,39109,2021-05-13 18:11:00,BNGO
4.4002,4.42,4.4002,4.42,16997,2021-05-13 18:12:00,BNGO
4.415,4.44,4.4101,4.4201,34489,2021-05-13 18:13:00,BNGO
4.42,4.43,4.415,4.425,12530,2021-05-13 18:14:00,BNGO
4.42,4.4299,4.39,4.4,47706,2021-05-13 18:15:00,BNGO
4.395,4.41,4.3916,4.3953,25520,2021-05-13 18:16:00,BNGO
4.3922,4.4,4.3801,4.39,28299,2021-05-13 18:17:00,BNGO
4.39,4.39,4.3623,4.37,37428,2021-05-13 18:18:00,BNGO
4.38,4.38,4.35,4.35,23217,2021-05-13 18:19:00,BNGO
4.3547,4.4,4.3515,4.3999,56905,2021-05-13 18:20:00,BNGO
4.3902,4.3902,4.37,4.381,39028,2021-05-13 18:21:00,BNGO
4.3811,4.3892,4.365,4.365,39188,2021-05-13 18:22:00,BNGO
4.3659,4.37,4.35,4.3534,12807,2021-05-13 18:23:00,BNGO
4.36,4.37,4.345,4.35,83597,2021-05-13 18:24:00,BNGO
4.35,4.37,4.345,4.3619,43470,2021-05-13 18:25:00,BNGO
4.36,4.3699,4.3295,4.339,88001,2021-05-13 18:26:00,BNGO
4.335,4.36,4.33,4.36,72951,2021-05-13 18:27:00,BNGO
4.355,4.3699,4.35,4.3515,37653,2021-05-13 18:28:00,BNGO
4.3542,4.37,4.35,4.3622,21311,2021-05-13 18:29:00,BNGO
4.3699,4.3699,4.35,4.355,60305,2021-05-13 18:30:00,BNGO
4.355,4.38,4.35,4.355,70640,2021-05-13 18:31:00,BNGO
4.355,4.37,4.3505,4.3597,19348,2021-05-13 18:32:00,BNGO
4.355,4.3637,4.34,4.36,49171,2021-05-13 18:33:00,BNGO
4.3557,4.38,4.35,4.375,29448,2021-05-13 18:34:00,BNGO
4.375,4.39,4.37,4.377,23326,2021-05-13 18:35:00,BNGO
4.375,4.3931,4.3747,4.39,48902,2021-05-13 18:36:00,BNGO
4.39,4.41,4.39,4.4005,41451,2021-05-13 18:37:00,BNGO
4.4001,4.4199,4.395,4.415,53942,2021-05-13 18:38:00,BNGO
4.42,4.43,4.41,4.41,90540,2021-05-13 18:39:00,BNGO
4.4,4.4177,4.3901,4.405,118200,2021-05-13 18:40:00,BNGO
4.41,4.42,4.405,4.42,5640,2021-05-13 18:41:00,BNGO
4.41,4.42,4.41,4.415,5261,2021-05-13 18:42:00,BNGO
4.4198,4.44,4.415,4.4258,38080,2021-05-13 18:43:00,BNGO
4.425,4.44,4.4249,4.4256,8900,2021-05-13 18:44:00,BNGO
4.43,4.44,4.41,4.41,30070,2021-05-13 18:45:00,BNGO
4.41,4.41,4.4,4.405,25740,2021-05-13 18:46:00,BNGO
4.41,4.43,4.41,4.4204,86221,2021-05-13 18:47:00,BNGO
4.42,4.43,4.415,4.4299,66108,2021-05-13 18:48:00,BNGO
4.425,4.44,4.42,4.44,17651,2021-05-13 18:49:00,BNGO
4.43,4.44,4.4,4.4,44787,2021-05-13 18:50:00,BNGO
4.4099,4.42,4.4099,4.415,57883,2021-05-13 18:51:00,BNGO
4.419,4.43,4.41,4.4112,22698,2021-05-13 18:52:00,BNGO
4.415,4.42,4.41,4.415,15571,2021-05-13 18:53:00,BNGO
4.41,4.42,4.4,4.415,41097,2021-05-13 18:54:00,BNGO
4.4199,4.42,4.4,4.4015,20390,2021-05-13 18:55:00,BNGO
4.41,4.41,4.4,4.4055,24361,2021-05-13 18:56:00,BNGO
4.405,4.42,4.405,4.41,24423,2021-05-13 18:57:00,BNGO
4.42,4.43,4.4,4.4,85779,2021-05-13 18:58:00,BNGO
4.405,4.415,4.4,4.4,22390,2021-05-13 18:59:00,BNGO
4.405,4.43,4.4014,4.42,26694,2021-05-13 19:00:00,BNGO
4.424,4.4599,4.42,4.4499,69656,2021-05-13 19:01:00,BNGO
4.44,4.4529,4.44,4.44,29157,2021-05-13 19:02:00,BNGO
4.4427,4.4427,4.425,4.44,35504,2021-05-13 19:03:00,BNGO
4.44,4.44,4.4215,4.435,25424,2021-05-13 19:04:00,BNGO
4.43,4.45,4.43,4.45,70566,2021-05-13 19:05:00,BNGO
4.44,4.45,4.4317,4.4454,43839,2021-05-13 19:06:00,BNGO
4.445,4.4601,4.44,4.46,54040,2021-05-13 19:07:00,BNGO
4.4501,4.46,4.45,4.46,14993,2021-05-13 19:08:00,BNGO
4.455,4.46,4.45,4.46,8492,2021-05-13 19:09:00,BNGO
4.455,4.46,4.43,4.4493,43823,2021-05-13 19:10:00,BNGO
4.44,4.45,4.4312,4.435,39869,2021-05-13 19:11:00,BNGO
4.435,4.45,4.435,4.44,32206,2021-05-13 19:12:00,BNGO
4.44,4.45,4.42,4.425,25735,2021-05-13 19:13:00,BNGO
4.4217,4.435,4.42,4.43,73316,2021-05-13 19:14:00,BNGO
4.44,4.44,4.43,4.43,10487,2021-05-13 19:15:00,BNGO
4.43,4.45,4.43,4.4488,29183,2021-05-13 19:16:00,BNGO
4.44,4.45,4.43,4.435,45060,2021-05-13 19:17:00,BNGO
4.435,4.445,4.42,4.4346,82623,2021-05-13 19:18:00,BNGO
4.44,4.44,4.42,4.4358,22602,2021-05-13 19:19:00,BNGO
4.435,4.44,4.43,4.4301,10764,2021-05-13 19:20:00,BNGO
4.435,4.44,4.43,4.4301,38513,2021-05-13 19:21:00,BNGO
4.43,4.4307,4.41,4.41,32750,2021-05-13 19:22:00,BNGO
4.415,4.42,4.41,4.41,63597,2021-05-13 19:23:00,BNGO
4.4123,4.42,4.41,4.415,13157,2021-05-13 19:24:00,BNGO
4.415,4.43,4.41,4.42,17648,2021-05-13 19:25:00,BNGO
4.43,4.43,4.42,4.425,6200,2021-05-13 19:26:00,BNGO
4.4241,4.44,4.42,4.43,24052,2021-05-13 19:27:00,BNGO
4.425,4.44,4.42,4.44,16237,2021-05-13 19:28:00,BNGO
4.435,4.44,4.43,4.43,19431,2021-05-13 19:29:00,BNGO
4.435,4.45,4.4301,4.439,105636,2021-05-13 19:30:00,BNGO
4.435,4.445,4.43,4.43,48897,2021-05-13 19:31:00,BNGO
4.43,4.44,4.43,4.432,14230,2021-05-13 19:32:00,BNGO
4.435,4.44,4.43,4.435,17443,2021-05-13 19:33:00,BNGO
4.435,4.45,4.42,4.44,73460,2021-05-13 19:34:00,BNGO
4.44,4.46,4.44,4.455,53501,2021-05-13 19:35:00,BNGO
4.45,4.46,4.44,4.4401,25636,2021-05-13 19:36:00,BNGO
4.445,4.46,4.44,4.46,32034,2021-05-13 19:37:00,BNGO
4.4515,4.46,4.45,4.455,88097,2021-05-13 19:38:00,BNGO
4.46,4.46,4.45,4.45,31669,2021-05-13 19:39:00,BNGO
4.455,4.4586,4.43,4.4301,56911,2021-05-13 19:40:00,BNGO
4.4308,4.44,4.43,4.43,27641,2021-05-13 19:41:00,BNGO
4.44,4.4499,4.43,4.445,83059,2021-05-13 19:42:00,BNGO
4.45,4.45,4.42,4.4344,76690,2021-05-13 19:43:00,BNGO
4.435,4.44,4.43,4.4325,17787,2021-05-13 19:44:00,BNGO
4.435,4.45,4.435,4.445,154041,2021-05-13 19:45:00,BNGO
4.445,4.45,4.44,4.445,93148,2021-05-13 19:46:00,BNGO
4.445,4.45,4.43,4.445,82249,2021-05-13 19:47:00,BNGO
4.44,4.47,4.44,4.4521,122384,2021-05-13 19:48:00,BNGO
4.455,4.46,4.445,4.4599,78761,2021-05-13 19:49:00,BNGO
4.45,4.4593,4.435,4.4593,163972,2021-05-13 19:50:00,BNGO
4.455,4.46,4.43,4.43,108164,2021-05-13 19:51:00,BNGO
4.4344,4.4379,4.42,4.4252,104050,2021-05-13 19:52:00,BNGO
4.425,4.43,4.42,4.425,80880,2021-05-13 19:53:00,BNGO
4.425,4.43,4.39,4.4,464152,2021-05-13 19:54:00,BNGO
4.405,4.405,4.3701,4.381,307086,2021-05-13 19:55:00,BNGO
4.385,4.41,4.375,4.3981,285197,2021-05-13 19:56:00,BNGO
4.395,4.41,4.39,4.41,160393,2021-05-13 19:57:00,BNGO
4.405,4.41,4.39,4.395,160988,2021-05-13 19:58:00,BNGO
4.395,4.43,4.3905,4.4256,341685,2021-05-13 19:59:00,BNGO
4.41,4.41,4.4,4.4,422937,2021-05-13 20:00:00,BNGO
4.4,4.5,4.4,4.5,18253,2021-05-13 20:01:00,BNGO
4.5,4.56,4.48,4.48,37117,2021-05-13 20:02:00,BNGO
4.49,4.52,4.38,4.43,9656,2021-05-13 20:03:00,BNGO
4.45,4.52,4.44,4.46,6323,2021-05-13 20:04:00,BNGO
4.51,4.65,4.5,4.65,33645,2021-05-13 20:05:00,BNGO
4.65,4.87,4.64,4.85,53557,2021-05-13 20:06:00,BNGO
4.85,5.0,4.85,5.0,120851,2021-05-13 20:07:00,BNGO
5.0,5.15,4.96,5.05,187252,2021-05-13 20:08:00,BNGO
5.05,5.1,4.85,4.9,133607,2021-05-13 20:09:00,BNGO
4.9,4.99,4.89,4.96,167292,2021-05-13 20:10:00,BNGO
4.97,5.0,4.88,4.96,275488,2021-05-13 20:11:00,BNGO
4.97,5.0,4.92,4.93,224025,2021-05-13 20:12:00,BNGO
4.93,4.96,4.85,4.87,142669,2021-05-13 20:13:00,BNGO
4.87,4.89,4.8,4.83,101345,2021-05-13 20:14:00,BNGO
4.83,4.88,4.82,4.84,75053,2021-05-13 20:15:00,BNGO
4.84,4.86,4.75,4.76,94887,2021-05-13 20:16:00,BNGO
4.75,4.8,4.75,4.79,62792,2021-05-13 20:17:00,BNGO
4.79,4.85,4.78,4.83,105555,2021-05-13 20:18:00,BNGO
4.83,4.84,4.77,4.82,95418,2021-05-13 20:19:00,BNGO
4.83,4.84,4.76,4.76,56593,2021-05-13 20:20:00,BNGO
4.77,4.77,4.7,4.75,74080,2021-05-13 20:21:00,BNGO
4.75,4.84,4.73,4.81,42575,2021-05-13 20:22:00,BNGO
4.8,4.83,4.78,4.8,22646,2021-05-13 20:23:00,BNGO
4.8,4.8,4.72,4.74,37593,2021-05-13 20:24:00,BNGO
4.74,4.78,4.7,4.7,42526,2021-05-13 20:25:00,BNGO
4.7,4.78,4.7,4.75,34680,2021-05-13 20:26:00,BNGO
4.73,4.79,4.73,4.75,30861,2021-05-13 20:27:00,BNGO
4.75,4.82,4.75,4.82,44083,2021-05-13 20:28:00,BNGO
4.82,4.84,4.79,4.81,29630,2021-05-13 20:29:00,BNGO
4.81,4.82,4.77,4.82,33561,2021-05-13 20:30:00,BNGO
4.82,4.83,4.76,4.76,64274,2021-05-13 20:31:00,BNGO
4.76,4.78,4.7,4.7,34769,2021-05-13 20:32:00,BNGO
4.71,4.71,4.68,4.71,32133,2021-05-13 20:33:00,BNGO
4.71,4.74,4.67,4.68,61843,2021-05-13 20:34:00,BNGO
4.67,4.7,4.63,4.65,14712,2021-05-13 20:35:00,BNGO
4.6401,4.67,4.64,4.65,14489,2021-05-13 20:36:00,BNGO
4.65,4.67,4.65,4.65,14527,2021-05-13 20:37:00,BNGO
4.67,4.67,4.63,4.64,18253,2021-05-13 20:38:00,BNGO
4.64,4.65,4.63,4.64,11311,2021-05-13 20:39:00,BNGO
4.63,4.65,4.62,4.63,9377,2021-05-13 20:40:00,BNGO
4.63,4.64,4.62,4.63,31477,2021-05-13 20:41:00,BNGO
4.64,4.67,4.62,4.67,29444,2021-05-13 20:42:00,BNGO
4.67,4.67,4.63,4.63,16021,2021-05-13 20:43:00,BNGO
4.65,4.65,4.62,4.63,5950,2021-05-13 20:44:00,BNGO
4.64,4.66,4.64,4.66,8978,2021-05-13 20:45:00,BNGO
4.66,4.7,4.66,4.68,5871,2021-05-13 20:46:00,BNGO
4.7,4.73,4.7,4.73,30777,2021-05-13 20:47:00,BNGO
4.73,4.76,4.69,4.73,61783,2021-05-13 20:48:00,BNGO
4.73,4.77,4.73,4.75,13174,2021-05-13 20:49:00,BNGO
4.76,4.76,4.73,4.75,13137,2021-05-13 20:50:00,BNGO
4.74,4.75,4.71,4.71,9644,2021-05-13 20:51:00,BNGO
4.71,4.74,4.71,4.73,1530,2021-05-13 20:52:00,BNGO
4.72,4.74,4.71,4.71,7153,2021-05-13 20:53:00,BNGO
4.71,4.73,4.68,4.7,24567,2021-05-13 20:54:00,BNGO
4.7,4.71,4.7,4.71,1725,2021-05-13 20:55:00,BNGO
4.71,4.75,4.7001,4.74,15984,2021-05-13 20:56:00,BNGO
4.74,4.74,4.72,4.73,6493,2021-05-13 20:57:00,BNGO
4.73,4.74,4.72,4.74,10635,2021-05-13 20:58:00,BNGO
4.74,4.75,4.74,4.75,20607,2021-05-13 20:59:00,BNGO
4.74,4.77,4.74,4.75,22636,2021-05-13 21:00:00,BNGO
4.77,4.77,4.74,4.76,6698,2021-05-13 21:01:00,BNGO
4.75,4.76,4.73,4.73,9655,2021-05-13 21:02:00,BNGO
4.74,4.77,4.74,4.75,35750,2021-05-13 21:03:00,BNGO
4.76,4.77,4.76,4.77,6098,2021-05-13 21:04:00,BNGO
4.77,4.78,4.77,4.78,12279,2021-05-13 21:05:00,BNGO
4.77,4.77,4.74,4.76,10463,2021-05-13 21:06:00,BNGO
4.76,4.76,4.74,4.76,11431,2021-05-13 21:07:00,BNGO
4.75,4.75,4.73,4.74,3454,2021-05-13 21:08:00,BNGO
4.73,4.75,4.73,4.75,11671,2021-05-13 21:09:00,BNGO
4.74,4.76,4.74,4.75,10834,2021-05-13 21:10:00,BNGO
4.75,4.75,4.74,4.74,2068,2021-05-13 21:11:00,BNGO
4.76,4.77,4.76,4.77,9883,2021-05-13 21:12:00,BNGO
4.78,4.78,4.76,4.78,8735,2021-05-13 21:13:00,BNGO
4.78,4.8,4.78,4.8,14748,2021-05-13 21:14:00,BNGO
4.8,4.8,4.77,4.78,18369,2021-05-13 21:15:00,BNGO
4.78,4.79,4.78,4.78,12494,2021-05-13 21:16:00,BNGO
4.78,4.78,4.75,4.75,15468,2021-05-13 21:17:00,BNGO
4.77,4.77,4.74,4.74,6075,2021-05-13 21:18:00,BNGO
4.75,4.77,4.75,4.76,9510,2021-05-13 21:19:00,BNGO
4.76,4.76,4.76,4.76,5590,2021-05-13 21:20:00,BNGO
4.77,4.79,4.77,4.79,7710,2021-05-13 21:21:00,BNGO
4.79,4.79,4.78,4.79,800,2021-05-13 21:22:00,BNGO
4.78,4.8,4.78,4.8,22874,2021-05-13 21:23:00,BNGO
4.81,4.81,4.78,4.81,11926,2021-05-13 21:24:00,BNGO
4.8,4.8,4.78,4.8,5317,2021-05-13 21:25:00,BNGO
4.8,4.81,4.8,4.8,4800,2021-05-13 21:26:00,BNGO
4.81,4.83,4.8,4.83,8606,2021-05-13 21:27:00,BNGO
4.83,4.84,4.82,4.83,11835,2021-05-13 21:28:00,BNGO
4.83,4.84,4.83,4.84,12820,2021-05-13 21:29:00,BNGO
4.84,4.85,4.83,4.84,17605,2021-05-13 21:30:00,BNGO
4.84,4.88,4.84,4.86,14419,2021-05-13 21:31:00,BNGO
4.88,4.88,4.85,4.87,10715,2021-05-13 21:32:00,BNGO
4.87,4.87,4.85,4.86,8512,2021-05-13 21:33:00,BNGO
4.86,4.86,4.84,4.84,5736,2021-05-13 21:34:00,BNGO
4.85,4.86,4.83,4.83,2983,2021-05-13 21:35:00,BNGO
4.83,4.85,4.82,4.85,10835,2021-05-13 21:36:00,BNGO
4.85,4.85,4.85,4.85,4165,2021-05-13 21:37:00,BNGO
4.8499,4.89,4.84,4.84,7972,2021-05-13 21:38:00,BNGO
4.88,4.89,4.88,4.88,2545,2021-05-13 21:39:00,BNGO
4.88,4.88,4.85,4.88,1228,2021-05-13 21:40:00,BNGO
4.87,4.87,4.85,4.85,3643,2021-05-13 21:41:00,BNGO
4.85,4.87,4.85,4.85,2368,2021-05-13 21:42:00,BNGO
4.85,4.88,4.85,4.88,6692,2021-05-13 21:43:00,BNGO
4.89,4.93,4.89,4.9299,29549,2021-05-13 21:44:00,BNGO
4.93,4.94,4.9,4.92,27980,2021-05-13 21:45:00,BNGO
4.92,4.92,4.9,4.92,10517,2021-05-13 21:46:00,BNGO
4.91,4.92,4.9,4.9,9708,2021-05-13 21:47:00,BNGO
4.9,4.91,4.87,4.9,6184,2021-05-13 21:48:00,BNGO
4.9,4.91,4.8,4.9,8219,2021-05-13 21:49:00,BNGO
4.9,4.9,4.87,4.89,6555,2021-05-13 21:50:00,BNGO
4.87,4.9,4.87,4.9,7001,2021-05-13 21:51:00,BNGO
4.89,4.9,4.87,4.87,13332,2021-05-13 21:52:00,BNGO
4.88,4.88,4.87,4.87,10698,2021-05-13 21:53:00,BNGO
4.87,4.89,4.86,4.88,14606,2021-05-13 21:54:00,BNGO
4.88,4.89,4.88,4.89,5000,2021-05-13 21:55:00,BNGO
4.89,4.89,4.87,4.88,7031,2021-05-13 21:56:00,BNGO
4.87,4.89,4.87,4.88,6168,2021-05-13 21:58:00,BNGO
4.88,4.89,4.88,4.88,3603,2021-05-13 21:59:00,BNGO
4.89,4.89,4.88,4.89,5951,2021-05-13 22:00:00,BNGO
4.9,4.9,4.9,4.9,4700,2021-05-13 22:01:00,BNGO
4.89,4.89,4.88,4.89,3988,2021-05-13 22:02:00,BNGO
4.88,4.88,4.88,4.88,200,2021-05-13 22:04:00,BNGO
4.87,4.87,4.86,4.86,3416,2021-05-13 22:05:00,BNGO
4.85,4.85,4.84,4.84,7841,2021-05-13 22:06:00,BNGO
4.84,4.84,4.84,4.84,712,2021-05-13 22:07:00,BNGO
4.86,4.86,4.86,4.86,150,2021-05-13 22:08:00,BNGO
4.85,4.85,4.84,4.84,1814,2021-05-13 22:09:00,BNGO
4.85,4.9,4.84,4.88,20089,2021-05-13 22:10:00,BNGO
4.88,4.88,4.85,4.87,1081,2021-05-13 22:11:00,BNGO
4.87,4.87,4.86,4.86,400,2021-05-13 22:12:00,BNGO
4.87,4.87,4.86,4.87,1350,2021-05-13 22:13:00,BNGO
4.87,4.87,4.86,4.86,1000,2021-05-13 22:14:00,BNGO
4.865,4.89,4.86,4.89,4959,2021-05-13 22:15:00,BNGO
4.9,4.9,4.89,4.89,27692,2021-05-13 22:16:00,BNGO
4.88,4.89,4.88,4.88,3350,2021-05-13 22:17:00,BNGO
4.88,4.88,4.88,4.88,100,2021-05-13 22:18:00,BNGO
4.89,4.89,4.89,4.89,100,2021-05-13 22:19:00,BNGO
4.89,4.89,4.88,4.89,2616,2021-05-13 22:20:00,BNGO
4.88,4.89,4.88,4.89,11136,2021-05-13 22:21:00,BNGO
4.88,4.89,4.88,4.89,5516,2021-05-13 22:22:00,BNGO
4.88,4.9,4.84,4.88,8201,2021-05-13 22:23:00,BNGO
4.84,4.84,4.82,4.82,302,2021-05-13 22:24:00,BNGO
4.86,4.86,4.86,4.86,600,2021-05-13 22:26:00,BNGO
4.86,4.86,4.86,4.86,154,2021-05-13 22:27:00,BNGO
4.83,4.83,4.83,4.83,397,2021-05-13 22:29:00,BNGO
4.85,4.85,4.85,4.85,618,2021-05-13 22:30:00,BNGO
4.84,4.8499,4.82,4.82,1173,2021-05-13 22:31:00,BNGO
4.84,4.84,4.82,4.84,1759,2021-05-13 22:32:00,BNGO
4.82,4.88,4.82,4.88,2764,2021-05-13 22:33:00,BNGO
4.85,4.85,4.85,4.85,200,2021-05-13 22:34:00,BNGO
4.86,4.87,4.85,4.85,6000,2021-05-13 22:35:00,BNGO
4.86,4.87,4.85,4.87,15400,2021-05-13 22:36:00,BNGO
4.87,4.89,4.86,4.89,8515,2021-05-13 22:37:00,BNGO
4.89,4.89,4.86,4.86,11094,2021-05-13 22:38:00,BNGO
4.89,4.89,4.87,4.87,12000,2021-05-13 22:39:00,BNGO
4.89,4.89,4.87,4.87,5973,2021-05-13 22:40:00,BNGO
4.88,4.89,4.88,4.89,9800,2021-05-13 22:42:00,BNGO
4.89,4.89,4.89,4.89,2400,2021-05-13 22:43:00,BNGO
4.89,4.89,4.88,4.88,299,2021-05-13 22:44:00,BNGO
4.87,4.87,4.86,4.86,6205,2021-05-13 22:45:00,BNGO
4.88,4.88,4.88,4.88,409,2021-05-13 22:46:00,BNGO
4.87,4.87,4.86,4.87,1600,2021-05-13 22:47:00,BNGO
4.87,4.87,4.87,4.87,2300,2021-05-13 22:49:00,BNGO
4.88,4.88,4.88,4.88,1000,2021-05-13 22:50:00,BNGO
4.89,4.89,4.87,4.88,8405,2021-05-13 22:51:00,BNGO
4.88,4.88,4.88,4.88,900,2021-05-13 22:53:00,BNGO
4.86,4.87,4.86,4.87,400,2021-05-13 22:54:00,BNGO
4.86,4.86,4.86,4.86,698,2021-05-13 22:55:00,BNGO
4.85,4.85,4.85,4.85,11760,2021-05-13 22:56:00,BNGO
4.84,4.85,4.84,4.85,4265,2021-05-13 22:57:00,BNGO
4.84,4.84,4.84,4.84,6280,2021-05-13 22:59:00,BNGO
4.84,4.84,4.83,4.83,1249,2021-05-13 23:00:00,BNGO
4.8301,4.85,4.83,4.85,1470,2021-05-13 23:01:00,BNGO
4.85,4.85,4.85,4.85,3201,2021-05-13 23:02:00,BNGO
4.85,4.85,4.85,4.85,520,2021-05-13 23:03:00,BNGO
4.85,4.85,4.81,4.85,5162,2021-05-13 23:04:00,BNGO
4.83,4.85,4.83,4.85,1300,2021-05-13 23:05:00,BNGO
4.85,4.85,4.85,4.85,100,2021-05-13 23:06:00,BNGO
4.82,4.82,4.82,4.82,3374,2021-05-13 23:07:00,BNGO
4.82,4.82,4.81,4.81,5864,2021-05-13 23:08:00,BNGO
4.82,4.82,4.8,4.8,7973,2021-05-13 23:09:00,BNGO
4.81,4.82,4.81,4.82,1200,2021-05-13 23:10:00,BNGO
4.82,4.82,4.82,4.82,2499,2021-05-13 23:11:00,BNGO
4.83,4.85,4.82,4.83,1984,2021-05-13 23:12:00,BNGO
4.86,4.86,4.86,4.86,100,2021-05-13 23:13:00,BNGO
4.84,4.84,4.84,4.84,500,2021-05-13 23:14:00,BNGO
4.8,4.8,4.8,4.8,250,2021-05-13 23:16:00,BNGO
4.81,4.81,4.81,4.81,344,2021-05-13 23:17:00,BNGO
4.83,4.83,4.83,4.83,119,2021-05-13 23:19:00,BNGO
4.83,4.83,4.82,4.82,2212,2021-05-13 23:21:00,BNGO
4.82,4.82,4.8,4.8,1606,2021-05-13 23:22:00,BNGO
4.81,4.82,4.8,4.82,2913,2021-05-13 23:23:00,BNGO
4.82,4.84,4.82,4.84,4474,2021-05-13 23:24:00,BNGO
4.83,4.84,4.83,4.83,2222,2021-05-13 23:25:00,BNGO
4.84,4.84,4.81,4.84,1100,2021-05-13 23:26:00,BNGO
4.81,4.81,4.81,4.81,300,2021-05-13 23:27:00,BNGO
4.82,4.82,4.82,4.82,100,2021-05-13 23:28:00,BNGO
4.85,4.85,4.85,4.85,2237,2021-05-13 23:29:00,BNGO
4.85,4.85,4.85,4.85,200,2021-05-13 23:30:00,BNGO
4.83,4.83,4.82,4.82,800,2021-05-13 23:31:00,BNGO
4.8499,4.8499,4.8499,4.8499,400,2021-05-13 23:33:00,BNGO
4.84,4.84,4.84,4.84,100,2021-05-13 23:34:00,BNGO
4.85,4.85,4.85,4.85,2300,2021-05-13 23:35:00,BNGO
4.84,4.84,4.84,4.84,1100,2021-05-13 23:36:00,BNGO
4.84,4.84,4.82,4.83,2358,2021-05-13 23:37:00,BNGO
4.83,4.83,4.83,4.83,200,2021-05-13 23:38:00,BNGO
4.82,4.82,4.82,4.82,2507,2021-05-13 23:39:00,BNGO
4.82,4.82,4.82,4.82,5000,2021-05-13 23:40:00,BNGO
4.83,4.83,4.83,4.83,855,2021-05-13 23:41:00,BNGO
4.83,4.83,4.83,4.83,472,2021-05-13 23:42:00,BNGO
4.84,4.84,4.84,4.84,5292,2021-05-13 23:43:00,BNGO
4.82,4.84,4.82,4.84,2072,2021-05-13 23:44:00,BNGO
4.84,4.84,4.82,4.83,2217,2021-05-13 23:45:00,BNGO
4.82,4.83,4.8,4.83,4295,2021-05-13 23:46:00,BNGO
4.82,4.83,4.82,4.83,21403,2021-05-13 23:47:00,BNGO
4.82,4.85,4.82,4.85,12479,2021-05-13 23:48:00,BNGO
4.86,4.86,4.86,4.86,100,2021-05-13 23:49:00,BNGO
4.84,4.84,4.84,4.84,700,2021-05-13 23:50:00,BNGO
4.85,4.86,4.84,4.84,1401,2021-05-13 23:51:00,BNGO
4.84,4.85,4.84,4.85,4495,2021-05-13 23:52:00,BNGO
4.8499,4.85,4.8499,4.85,2750,2021-05-13 23:53:00,BNGO
4.84,4.85,4.84,4.85,3600,2021-05-13 23:54:00,BNGO
4.85,4.85,4.85,4.85,3763,2021-05-13 23:55:00,BNGO
4.8499,4.85,4.84,4.85,11218,2021-05-13 23:56:00,BNGO
4.84,4.86,4.84,4.86,7681,2021-05-13 23:58:00,BNGO
4.86,4.86,4.83,4.85,6052,2021-05-13 23:59:00,BNGO
4.85,4.9,4.83,4.83,929,2021-05-14 08:00:00,BNGO
4.83,4.83,4.83,4.83,100,2021-05-14 08:01:00,BNGO
4.88,4.88,4.88,4.88,387,2021-05-14 08:02:00,BNGO
4.88,4.88,4.84,4.84,639,2021-05-14 08:03:00,BNGO
4.85,4.85,4.84,4.84,487,2021-05-14 08:04:00,BNGO
4.88,4.88,4.88,4.88,566,2021-05-14 08:05:00,BNGO
4.87,4.87,4.87,4.87,100,2021-05-14 08:06:00,BNGO
4.87,4.88,4.87,4.87,2225,2021-05-14 08:07:00,BNGO
4.87,4.88,4.87,4.87,2342,2021-05-14 08:08:00,BNGO
4.88,4.88,4.84,4.84,2470,2021-05-14 08:09:00,BNGO
4.86,4.86,4.86,4.86,100,2021-05-14 08:10:00,BNGO
4.86,4.86,4.86,4.86,200,2021-05-14 08:11:00,BNGO
4.86,4.88,4.86,4.88,2583,2021-05-14 08:12:00,BNGO
4.88,4.95,4.88,4.95,3657,2021-05-14 08:13:00,BNGO
4.95,5.08,4.95,5.05,9279,2021-05-14 08:14:00,BNGO
5.05,5.06,5.0,5.03,2854,2021-05-14 08:15:00,BNGO
5.02,5.02,4.95,4.95,3239,2021-05-14 08:16:00,BNGO
4.99,5.0,4.95,4.95,2417,2021-05-14 08:17:00,BNGO
4.97,5.03,4.97,5.03,2383,2021-05-14 08:18:00,BNGO
5.01,5.05,4.95,4.99,4883,2021-05-14 08:19:00,BNGO
4.99,5.15,4.99,5.11,28927,2021-05-14 08:20:00,BNGO
5.13,5.22,5.11,5.11,18736,2021-05-14 08:21:00,BNGO
5.13,5.17,5.1,5.14,5371,2021-05-14 08:22:00,BNGO
5.14,5.22,5.14,5.16,13982,2021-05-14 08:23:00,BNGO
5.19,5.19,5.14,5.14,7066,2021-05-14 08:24:00,BNGO
5.14,5.14,5.1,5.12,5351,2021-05-14 08:25:00,BNGO
5.12,5.17,5.11,5.17,7455,2021-05-14 08:26:00,BNGO
5.17,5.25,5.16,5.25,14243,2021-05-14 08:27:00,BNGO
5.23,5.26,5.22,5.22,15923,2021-05-14 08:28:00,BNGO
5.23,5.23,5.2,5.2,7096,2021-05-14 08:29:00,BNGO
5.21,5.25,5.21,5.22,8142,2021-05-14 08:30:00,BNGO
5.23,5.25,5.23,5.24,3264,2021-05-14 08:31:00,BNGO
5.24,5.24,5.19,5.19,5918,2021-05-14 08:32:00,BNGO
5.19,5.2,5.16,5.2,9276,2021-05-14 08:33:00,BNGO
5.19,5.19,5.16,5.19,4758,2021-05-14 08:34:00,BNGO
5.19,5.19,5.18,5.18,3164,2021-05-14 08:35:00,BNGO
5.18,5.18,5.12,5.12,4863,2021-05-14 08:36:00,BNGO
5.13,5.14,5.08,5.08,6919,2021-05-14 08:37:00,BNGO
5.08,5.1,5.07,5.09,4087,2021-05-14 08:38:00,BNGO
5.08,5.11,5.08,5.11,2139,2021-05-14 08:39:00,BNGO
5.1,5.12,5.09,5.12,5579,2021-05-14 08:40:00,BNGO
5.12,5.13,5.12,5.13,1067,2021-05-14 08:41:00,BNGO
5.13,5.15,5.13,5.14,1928,2021-05-14 08:42:00,BNGO
5.14,5.17,5.14,5.16,3338,2021-05-14 08:43:00,BNGO
5.17,5.17,5.16,5.16,2100,2021-05-14 08:44:00,BNGO
5.16,5.18,5.14,5.14,4384,2021-05-14 08:45:00,BNGO
5.14,5.16,5.14,5.16,301,2021-05-14 08:46:00,BNGO
5.17,5.2,5.17,5.19,3112,2021-05-14 08:47:00,BNGO
5.19,5.24,5.19,5.23,25629,2021-05-14 08:48:00,BNGO
5.24,5.24,5.22,5.24,8992,2021-05-14 08:49:00,BNGO
5.25,5.25,5.22,5.23,4746,2021-05-14 08:50:00,BNGO
5.23,5.23,5.21,5.21,1050,2021-05-14 08:51:00,BNGO
5.22,5.22,5.18,5.18,1740,2021-05-14 08:52:00,BNGO
5.18,5.18,5.17,5.18,5181,2021-05-14 08:53:00,BNGO
5.18,5.19,5.18,5.18,2341,2021-05-14 08:54:00,BNGO
5.18,5.25,5.18,5.23,3867,2021-05-14 08:55:00,BNGO
5.23,5.27,5.23,5.27,7188,2021-05-14 08:56:00,BNGO
5.26,5.27,5.21,5.24,6854,2021-05-14 08:57:00,BNGO
5.22,5.22,5.21,5.22,815,2021-05-14 08:58:00,BNGO
5.22,5.24,5.21,5.24,815,2021-05-14 08:59:00,BNGO
5.23,5.26,5.23,5.25,5958,2021-05-14 09:00:00,BNGO
5.25,5.25,5.25,5.25,3037,2021-05-14 09:01:00,BNGO
5.26,5.26,5.25,5.25,3070,2021-05-14 09:02:00,BNGO
5.25,5.25,5.24,5.24,2955,2021-05-14 09:03:00,BNGO
5.23,5.23,5.21,5.21,2205,2021-05-14 09:04:00,BNGO
5.21,5.23,5.21,5.23,1325,2021-05-14 09:05:00,BNGO
5.23,5.23,5.2,5.21,4915,2021-05-14 09:06:00,BNGO
5.2,5.22,5.18,5.18,3785,2021-05-14 09:07:00,BNGO
5.19,5.19,5.16,5.17,4211,2021-05-14 09:08:00,BNGO
5.17,5.19,5.16,5.18,6336,2021-05-14 09:09:00,BNGO
5.19,5.19,5.19,5.19,700,2021-05-14 09:10:00,BNGO
5.18,5.18,5.16,5.16,1905,2021-05-14 09:11:00,BNGO
5.16,5.16,5.14,5.14,1203,2021-05-14 09:12:00,BNGO
5.14,5.16,5.14,5.14,3095,2021-05-14 09:13:00,BNGO
5.15,5.17,5.15,5.17,1061,2021-05-14 09:14:00,BNGO
5.16,5.16,5.15,5.15,1359,2021-05-14 09:15:00,BNGO
5.15,5.15,5.15,5.15,657,2021-05-14 09:16:00,BNGO
5.15,5.15,5.15,5.15,1210,2021-05-14 09:17:00,BNGO
5.16,5.16,5.16,5.16,800,2021-05-14 09:18:00,BNGO
5.15,5.16,5.13,5.16,2084,2021-05-14 09:19:00,BNGO
5.13,5.13,5.11,5.11,1811,2021-05-14 09:20:00,BNGO
5.11,5.12,5.1,5.11,4384,2021-05-14 09:21:00,BNGO
5.11,5.12,5.11,5.12,2622,2021-05-14 09:22:00,BNGO
5.12,5.15,5.12,5.14,2305,2021-05-14 09:23:00,BNGO
5.12,5.14,5.12,5.14,250,2021-05-14 09:24:00,BNGO
5.13,5.13,5.13,5.13,328,2021-05-14 09:25:00,BNGO
5.13,5.15,5.13,5.15,2632,2021-05-14 09:26:00,BNGO
5.15,5.15,5.14,5.14,1211,2021-05-14 09:27:00,BNGO
5.15,5.17,5.15,5.17,3725,2021-05-14 09:28:00,BNGO
5.17,5.18,5.17,5.18,3285,2021-05-14 09:29:00,BNGO
5.17,5.17,5.17,5.17,193,2021-05-14 09:30:00,BNGO
5.16,5.16,5.16,5.16,145,2021-05-14 09:31:00,BNGO
5.17,5.17,5.15,5.15,4156,2021-05-14 09:33:00,BNGO
5.14,5.16,5.14,5.14,2196,2021-05-14 09:34:00,BNGO
5.13,5.13,5.13,5.13,967,2021-05-14 09:35:00,BNGO
5.12,5.12,5.12,5.12,1500,2021-05-14 09:36:00,BNGO
5.13,5.13,5.12,5.12,760,2021-05-14 09:37:00,BNGO
5.12,5.12,5.12,5.12,389,2021-05-14 09:38:00,BNGO
5.12,5.12,5.12,5.12,1559,2021-05-14 09:39:00,BNGO
5.12,5.12,5.11,5.11,1109,2021-05-14 09:40:00,BNGO
5.1,5.11,5.1,5.1,3395,2021-05-14 09:41:00,BNGO
5.1,5.11,5.1,5.1,600,2021-05-14 09:42:00,BNGO
5.11,5.11,5.11,5.11,400,2021-05-14 09:45:00,BNGO
5.11,5.12,5.11,5.12,600,2021-05-14 09:46:00,BNGO
5.11,5.15,5.11,5.14,4098,2021-05-14 09:47:00,BNGO
5.12,5.12,5.12,5.12,200,2021-05-14 09:48:00,BNGO
5.14,5.14,5.14,5.14,1131,2021-05-14 09:49:00,BNGO
5.14,5.14,5.14,5.14,700,2021-05-14 09:50:00,BNGO
5.14,5.14,5.14,5.14,700,2021-05-14 09:51:00,BNGO
5.14,5.14,5.13,5.13,344,2021-05-14 09:52:00,BNGO
5.12,5.12,5.12,5.12,200,2021-05-14 09:55:00,BNGO
5.12,5.13,5.11,5.11,866,2021-05-14 09:56:00,BNGO
5.1,5.11,5.1,5.11,950,2021-05-14 09:57:00,BNGO
5.1,5.12,5.09,5.11,3179,2021-05-14 09:58:00,BNGO
5.11,5.11,5.11,5.11,110,2021-05-14 09:59:00,BNGO
5.11,5.11,5.1,5.1,527,2021-05-14 10:00:00,BNGO
5.1,5.1,5.05,5.05,18909,2021-05-14 10:01:00,BNGO
5.05,5.05,5.03,5.05,4121,2021-05-14 10:02:00,BNGO
5.05,5.05,5.04,5.04,1454,2021-05-14 10:03:00,BNGO
5.03,5.07,5.02,5.05,11021,2021-05-14 10:04:00,BNGO
5.05,5.05,5.03,5.05,1150,2021-05-14 10:05:00,BNGO
5.05,5.05,5.04,5.04,700,2021-05-14 10:06:00,BNGO
5.04,5.04,5.04,5.04,1105,2021-05-14 10:07:00,BNGO
5.04,5.05,5.04,5.05,1179,2021-05-14 10:08:00,BNGO
5.04,5.05,5.04,5.05,4473,2021-05-14 10:09:00,BNGO
5.05,5.05,5.05,5.05,175,2021-05-14 10:10:00,BNGO
5.05,5.05,5.05,5.05,400,2021-05-14 10:11:00,BNGO
5.05,5.05,5.05,5.05,386,2021-05-14 10:12:00,BNGO
5.06,5.06,5.05,5.05,1409,2021-05-14 10:14:00,BNGO
5.05,5.05,5.03,5.03,3096,2021-05-14 10:15:00,BNGO
5.03,5.03,5.02,5.02,1799,2021-05-14 10:16:00,BNGO
5.03,5.03,5.02,5.02,952,2021-05-14 10:17:00,BNGO
5.02,5.03,5.02,5.03,1609,2021-05-14 10:18:00,BNGO
5.03,5.06,5.03,5.06,1482,2021-05-14 10:19:00,BNGO
5.05,5.05,5.05,5.05,120,2021-05-14 10:20:00,BNGO
5.04,5.06,5.03,5.06,1255,2021-05-14 10:21:00,BNGO
5.05,5.05,5.05,5.05,200,2021-05-14 10:22:00,BNGO
5.07,5.08,5.07,5.08,1738,2021-05-14 10:25:00,BNGO
5.07,5.07,5.07,5.07,847,2021-05-14 10:26:00,BNGO
5.05,5.05,5.05,5.05,806,2021-05-14 10:27:00,BNGO
5.05,5.05,5.05,5.05,146,2021-05-14 10:28:00,BNGO
5.05,5.05,5.05,5.05,2588,2021-05-14 10:29:00,BNGO
5.04,5.04,5.03,5.03,300,2021-05-14 10:30:00,BNGO
5.02,5.04,5.02,5.03,800,2021-05-14 10:31:00,BNGO
5.02,5.03,5.02,5.03,738,2021-05-14 10:33:00,BNGO
5.03,5.05,5.03,5.05,1958,2021-05-14 10:34:00,BNGO
5.05,5.08,5.05,5.08,1152,2021-05-14 10:35:00,BNGO
5.07,5.07,5.07,5.07,295,2021-05-14 10:36:00,BNGO
5.07,5.13,5.07,5.12,8821,2021-05-14 10:37:00,BNGO
5.11,5.11,5.05,5.05,13736,2021-05-14 10:38:00,BNGO
5.08,5.1,5.07,5.1,815,2021-05-14 10:39:00,BNGO
5.1,5.12,5.1,5.12,774,2021-05-14 10:40:00,BNGO
5.1,5.1,5.09,5.09,650,2021-05-14 10:41:00,BNGO
5.09,5.09,5.07,5.07,614,2021-05-14 10:42:00,BNGO
5.09,5.09,5.09,5.09,400,2021-05-14 10:43:00,BNGO
5.07,5.07,5.07,5.07,240,2021-05-14 10:45:00,BNGO
5.09,5.09,5.08,5.08,500,2021-05-14 10:47:00,BNGO
5.1,5.1,5.09,5.09,422,2021-05-14 10:48:00,BNGO
5.09,5.1,5.09,5.09,850,2021-05-14 10:49:00,BNGO
5.08,5.08,5.06,5.06,600,2021-05-14 10:50:00,BNGO
5.06,5.06,5.05,5.05,1387,2021-05-14 10:51:00,BNGO
5.06,5.06,5.06,5.06,1100,2021-05-14 10:52:00,BNGO
5.06,5.08,5.06,5.07,1116,2021-05-14 10:53:00,BNGO
5.08,5.08,5.08,5.08,1400,2021-05-14 10:54:00,BNGO
5.08,5.08,5.08,5.08,100,2021-05-14 10:55:00,BNGO
5.08,5.08,5.07,5.08,1268,2021-05-14 10:56:00,BNGO
5.09,5.09,5.08,5.09,844,2021-05-14 10:57:00,BNGO
5.09,5.1,5.08,5.1,2428,2021-05-14 10:58:00,BNGO
5.09,5.1,5.09,5.1,500,2021-05-14 10:59:00,BNGO
5.11,5.12,5.04,5.06,28606,2021-05-14 11:00:00,BNGO
5.06,5.07,5.03,5.03,10519,2021-05-14 11:01:00,BNGO
5.03,5.04,5.02,5.04,2969,2021-05-14 11:02:00,BNGO
5.04,5.06,5.03,5.03,2319,2021-05-14 11:03:00,BNGO
5.03,5.04,5.03,5.03,998,2021-05-14 11:04:00,BNGO
5.03,5.03,5.0,5.01,8138,2021-05-14 11:05:00,BNGO
5.02,5.03,4.98,4.98,11396,2021-05-14 11:06:00,BNGO
4.98,4.98,4.95,4.95,9349,2021-05-14 11:07:00,BNGO
4.97,5.0,4.96,4.96,12332,2021-05-14 11:08:00,BNGO
4.96,4.98,4.96,4.98,1200,2021-05-14 11:09:00,BNGO
4.98,4.98,4.97,4.97,3167,2021-05-14 11:10:00,BNGO
4.97,4.97,4.93,4.93,10852,2021-05-14 11:11:00,BNGO
4.93,4.94,4.91,4.92,15484,2021-05-14 11:12:00,BNGO
4.92,4.92,4.9,4.9,17029,2021-05-14 11:13:00,BNGO
4.89,4.91,4.88,4.91,14872,2021-05-14 11:14:00,BNGO
4.91,4.92,4.91,4.92,16211,2021-05-14 11:15:00,BNGO
4.92,4.94,4.92,4.92,8908,2021-05-14 11:16:00,BNGO
4.92,4.93,4.9,4.91,5888,2021-05-14 11:17:00,BNGO
4.91,4.91,4.9,4.9,5963,2021-05-14 11:18:00,BNGO
4.89,4.9,4.88,4.88,6836,2021-05-14 11:19:00,BNGO
4.89,4.9,4.89,4.9,1270,2021-05-14 11:20:00,BNGO
4.9,4.91,4.88,4.91,8632,2021-05-14 11:21:00,BNGO
4.91,4.94,4.91,4.93,4021,2021-05-14 11:22:00,BNGO
4.93,4.94,4.93,4.94,5133,2021-05-14 11:23:00,BNGO
4.94,4.96,4.94,4.96,6000,2021-05-14 11:24:00,BNGO
4.96,4.98,4.95,4.98,13502,2021-05-14 11:25:00,BNGO
4.97,4.97,4.95,4.96,7468,2021-05-14 11:26:00,BNGO
4.951,4.97,4.95,4.97,1061,2021-05-14 11:27:00,BNGO
4.96,4.96,4.95,4.95,3746,2021-05-14 11:28:00,BNGO
4.95,4.95,4.93,4.93,6700,2021-05-14 11:29:00,BNGO
4.92,4.93,4.91,4.91,7819,2021-05-14 11:30:00,BNGO
4.91,4.92,4.91,4.92,1600,2021-05-14 11:31:00,BNGO
4.94,4.94,4.93,4.94,3811,2021-05-14 11:32:00,BNGO
4.95,4.95,4.94,4.94,1891,2021-05-14 11:33:00,BNGO
4.94,4.94,4.94,4.94,1886,2021-05-14 11:34:00,BNGO
4.95,4.98,4.95,4.96,5819,2021-05-14 11:35:00,BNGO
4.95,4.95,4.94,4.94,1801,2021-05-14 11:36:00,BNGO
4.94,4.95,4.92,4.95,8967,2021-05-14 11:37:00,BNGO
4.95,4.96,4.95,4.96,1832,2021-05-14 11:38:00,BNGO
4.96,4.96,4.96,4.96,217,2021-05-14 11:39:00,BNGO
4.96,4.96,4.96,4.96,2322,2021-05-14 11:40:00,BNGO
4.96,4.96,4.95,4.95,1111,2021-05-14 11:41:00,BNGO
4.96,4.96,4.95,4.95,2769,2021-05-14 11:42:00,BNGO
4.95,4.96,4.95,4.96,2854,2021-05-14 11:43:00,BNGO
4.96,4.96,4.95,4.95,1453,2021-05-14 11:44:00,BNGO
4.95,4.95,4.94,4.95,1647,2021-05-14 11:45:00,BNGO
4.94,4.94,4.94,4.94,502,2021-05-14 11:46:00,BNGO
4.95,4.95,4.95,4.95,810,2021-05-14 11:47:00,BNGO
4.94,4.94,4.92,4.94,6954,2021-05-14 11:48:00,BNGO
4.94,4.94,4.93,4.93,2000,2021-05-14 11:49:00,BNGO
4.93,4.93,4.93,4.93,1200,2021-05-14 11:50:00,BNGO
4.93,4.95,4.93,4.95,11027,2021-05-14 11:51:00,BNGO
4.93,4.95,4.93,4.94,2671,2021-05-14 11:52:00,BNGO
4.94,4.94,4.94,4.94,100,2021-05-14 11:53:00,BNGO
4.95,4.98,4.95,4.98,33983,2021-05-14 11:54:00,BNGO
4.98,4.98,4.97,4.97,1600,2021-05-14 11:55:00,BNGO
4.98,5.01,4.97,4.99,29407,2021-05-14 11:56:00,BNGO
4.98,4.98,4.98,4.98,4610,2021-05-14 11:57:00,BNGO
4.98,4.98,4.96,4.97,5430,2021-05-14 11:58:00,BNGO
4.97,4.97,4.97,4.97,1824,2021-05-14 11:59:00,BNGO
4.98,4.98,4.96,4.96,5510,2021-05-14 12:00:00,BNGO
4.95,4.97,4.95,4.97,7996,2021-05-14 12:01:00,BNGO
4.97,4.98,4.97,4.97,18028,2021-05-14 12:02:00,BNGO
4.97,4.98,4.96,4.97,9424,2021-05-14 12:03:00,BNGO
4.96,4.97,4.96,4.9699,7431,2021-05-14 12:04:00,BNGO
4.97,4.98,4.97,4.98,5040,2021-05-14 12:05:00,BNGO
4.98,4.99,4.97,4.9899,6622,2021-05-14 12:06:00,BNGO
4.99,4.99,4.97,4.97,7400,2021-05-14 12:07:00,BNGO
4.9799,4.98,4.97,4.97,4087,2021-05-14 12:08:00,BNGO
4.9799,4.98,4.97,4.97,800,2021-05-14 12:09:00,BNGO
4.9799,4.98,4.9799,4.98,3400,2021-05-14 12:10:00,BNGO
4.98,4.99,4.9701,4.99,14409,2021-05-14 12:11:00,BNGO
4.99,5.04,4.99,5.04,29582,2021-05-14 12:12:00,BNGO
5.02,5.04,5.01,5.03,16388,2021-05-14 12:13:00,BNGO
5.02,5.03,5.02,5.02,5444,2021-05-14 12:14:00,BNGO
5.02,5.03,5.02,5.02,15051,2021-05-14 12:15:00,BNGO
5.02,5.05,5.01,5.04,31124,2021-05-14 12:16:00,BNGO
5.05,5.07,5.04,5.07,33930,2021-05-14 12:17:00,BNGO
5.07,5.1,5.06,5.09,65045,2021-05-14 12:18:00,BNGO
5.0901,5.1,5.06,5.06,37863,2021-05-14 12:19:00,BNGO
5.06,5.07,5.05,5.0601,17608,2021-05-14 12:20:00,BNGO
5.06,5.09,5.05,5.09,29931,2021-05-14 12:21:00,BNGO
5.09,5.11,5.08,5.09,61075,2021-05-14 12:22:00,BNGO
5.09,5.0901,5.08,5.09,13896,2021-05-14 12:23:00,BNGO
5.0805,5.11,5.08,5.11,24349,2021-05-14 12:24:00,BNGO
5.1099,5.1099,5.09,5.0999,14752,2021-05-14 12:25:00,BNGO
5.09,5.0901,5.08,5.08,20687,2021-05-14 12:26:00,BNGO
5.09,5.1,5.08,5.08,23807,2021-05-14 12:27:00,BNGO
5.09,5.12,5.08,5.12,56886,2021-05-14 12:28:00,BNGO
5.12,5.13,5.11,5.11,20244,2021-05-14 12:29:00,BNGO
5.11,5.11,5.09,5.1,28438,2021-05-14 12:30:00,BNGO
5.1,5.12,5.09,5.09,34190,2021-05-14 12:31:00,BNGO
5.1,5.1,5.07,5.08,31598,2021-05-14 12:32:00,BNGO
5.08,5.11,5.08,5.11,22323,2021-05-14 12:33:00,BNGO
5.11,5.11,5.09,5.09,19332,2021-05-14 12:34:00,BNGO
5.09,5.11,5.09,5.0999,17194,2021-05-14 12:35:00,BNGO
5.09,5.1,5.08,5.08,14483,2021-05-14 12:36:00,BNGO
5.0899,5.09,5.07,5.07,23969,2021-05-14 12:37:00,BNGO
5.0701,5.0701,5.05,5.05,44463,2021-05-14 12:38:00,BNGO
5.05,5.07,5.05,5.06,6536,2021-05-14 12:39:00,BNGO
5.07,5.0999,5.07,5.0799,22029,2021-05-14 12:40:00,BNGO
5.08,5.1,5.07,5.09,8432,2021-05-14 12:41:00,BNGO
5.1,5.11,5.09,5.1,9765,2021-05-14 12:42:00,BNGO
5.1001,5.13,5.1,5.12,24141,2021-05-14 12:43:00,BNGO
5.12,5.13,5.11,5.11,20196,2021-05-14 12:44:00,BNGO
5.11,5.12,5.08,5.0901,19548,2021-05-14 12:45:00,BNGO
5.1,5.1,5.09,5.0999,10407,2021-05-14 12:46:00,BNGO
5.1,5.12,5.09,5.12,20735,2021-05-14 12:47:00,BNGO
5.12,5.13,5.12,5.13,13071,2021-05-14 12:48:00,BNGO
5.13,5.14,5.13,5.14,19396,2021-05-14 12:49:00,BNGO
5.13,5.13,5.12,5.12,9681,2021-05-14 12:50:00,BNGO
5.12,5.13,5.12,5.1201,10572,2021-05-14 12:51:00,BNGO
5.12,5.13,5.12,5.12,8434,2021-05-14 12:52:00,BNGO
5.12,5.19,5.12,5.19,82111,2021-05-14 12:53:00,BNGO
5.18,5.2,5.16,5.17,61153,2021-05-14 12:54:00,BNGO
5.17,5.2,5.17,5.2,41453,2021-05-14 12:55:00,BNGO
5.19,5.23,5.19,5.2,102131,2021-05-14 12:56:00,BNGO
5.2,5.2,5.18,5.2,35046,2021-05-14 12:57:00,BNGO
5.19,5.2,5.19,5.2,36675,2021-05-14 12:58:00,BNGO
5.2,5.22,5.1999,5.22,57238,2021-05-14 12:59:00,BNGO
5.22,5.24,5.21,5.21,100150,2021-05-14 13:00:00,BNGO
5.2101,5.24,5.21,5.24,66218,2021-05-14 13:01:00,BNGO
5.23,5.24,5.22,5.23,56261,2021-05-14 13:02:00,BNGO
5.22,5.22,5.17,5.18,72002,2021-05-14 13:03:00,BNGO
5.17,5.18,5.16,5.17,27572,2021-05-14 13:04:00,BNGO
5.1699,5.18,5.16,5.17,38536,2021-05-14 13:05:00,BNGO
5.17,5.19,5.17,5.19,23811,2021-05-14 13:06:00,BNGO
5.18,5.19,5.16,5.17,16955,2021-05-14 13:07:00,BNGO
5.17,5.18,5.15,5.15,28520,2021-05-14 13:08:00,BNGO
5.15,5.16,5.13,5.14,45699,2021-05-14 13:09:00,BNGO
5.14,5.1699,5.13,5.15,21205,2021-05-14 13:10:00,BNGO
5.14,5.17,5.14,5.17,35067,2021-05-14 13:11:00,BNGO
5.16,5.17,5.16,5.17,15450,2021-05-14 13:12:00,BNGO
5.18,5.18,5.17,5.17,18297,2021-05-14 13:13:00,BNGO
5.17,5.18,5.16,5.18,27333,2021-05-14 13:14:00,BNGO
5.18,5.21,5.16,5.2,25677,2021-05-14 13:15:00,BNGO
5.21,5.22,5.2,5.21,41395,2021-05-14 13:16:00,BNGO
5.215,5.22,5.2,5.22,54418,2021-05-14 13:17:00,BNGO
5.21,5.22,5.18,5.19,58475,2021-05-14 13:18:00,BNGO
5.1801,5.21,5.18,5.18,37457,2021-05-14 13:19:00,BNGO
5.17,5.18,5.16,5.17,11634,2021-05-14 13:20:00,BNGO
5.17,5.17,5.16,5.16,10501,2021-05-14 13:21:00,BNGO
5.16,5.19,5.16,5.18,26998,2021-05-14 13:22:00,BNGO
5.19,5.19,5.17,5.18,22066,2021-05-14 13:23:00,BNGO
5.1899,5.19,5.17,5.18,11834,2021-05-14 13:24:00,BNGO
5.18,5.19,5.1799,5.1899,7622,2021-05-14 13:25:00,BNGO
5.19,5.2,5.18,5.19,34085,2021-05-14 13:26:00,BNGO
5.19,5.19,5.17,5.17,15038,2021-05-14 13:27:00,BNGO
5.16,5.29,5.15,5.24,165698,2021-05-14 13:28:00,BNGO
5.26,5.27,5.24,5.26,38304,2021-05-14 13:29:00,BNGO
5.26,5.4,5.2,5.38,2041942,2021-05-14 13:30:00,BNGO
5.38,5.48,5.32,5.4232,1728829,2021-05-14 13:31:00,BNGO
5.42,5.55,5.36,5.4,1893995,2021-05-14 13:32:00,BNGO
5.4018,5.48,5.33,5.37,1609636,2021-05-14 13:33:00,BNGO
5.375,5.53,5.34,5.4893,1533400,2021-05-14 13:34:00,BNGO
5.485,5.58,5.46,5.525,1865641,2021-05-14 13:35:00,BNGO
5.5292,5.53,5.44,5.44,1144115,2021-05-14 13:36:00,BNGO
5.44,5.47,5.36,5.3809,989873,2021-05-14 13:37:00,BNGO
5.3869,5.49,5.3813,5.435,1127192,2021-05-14 13:38:00,BNGO
5.4236,5.43,5.33,5.3695,994088,2021-05-14 13:39:00,BNGO
5.37,5.41,5.325,5.38,642398,2021-05-14 13:40:00,BNGO
5.37,5.37,5.23,5.24,1030237,2021-05-14 13:41:00,BNGO
5.23,5.28,5.19,5.2206,987560,2021-05-14 13:42:00,BNGO
5.225,5.26,5.13,5.19,1285043,2021-05-14 13:43:00,BNGO
5.1801,5.2,5.12,5.1499,668595,2021-05-14 13:44:00,BNGO
5.14,5.18,5.12,5.18,563610,2021-05-14 13:45:00,BNGO
5.1776,5.18,5.13,5.1466,325478,2021-05-14 13:46:00,BNGO
5.145,5.25,5.14,5.2199,1434174,2021-05-14 13:47:00,BNGO
5.211,5.29,5.19,5.27,820053,2021-05-14 13:48:00,BNGO
5.27,5.27,5.17,5.19,590542,2021-05-14 13:49:00,BNGO
5.195,5.2,5.16,5.2,392500,2021-05-14 13:50:00,BNGO
5.1972,5.2,5.13,5.14,560643,2021-05-14 13:51:00,BNGO
5.14,5.16,5.11,5.1106,666100,2021-05-14 13:52:00,BNGO
5.11,5.16,5.09,5.14,576056,2021-05-14 13:53:00,BNGO
5.135,5.18,5.11,5.115,330332,2021-05-14 13:54:00,BNGO
5.11,5.12,5.08,5.1,597023,2021-05-14 13:55:00,BNGO
5.09,5.13,5.05,5.07,942268,2021-05-14 13:56:00,BNGO
5.07,5.08,5.05,5.08,464060,2021-05-14 13:57:00,BNGO
5.0766,5.09,5.05,5.06,462117,2021-05-14 13:58:00,BNGO
5.065,5.07,5.02,5.045,520644,2021-05-14 13:59:00,BNGO
5.0458,5.06,5.02,5.055,424268,2021-05-14 14:00:00,BNGO
5.0516,5.11,5.045,5.0901,394344,2021-05-14 14:01:00,BNGO
5.0947,5.11,5.07,5.1,418806,2021-05-14 14:02:00,BNGO
5.1,5.12,5.07,5.11,345466,2021-05-14 14:03:00,BNGO
5.11,5.1187,5.05,5.05,372491,2021-05-14 14:04:00,BNGO
5.0542,5.09,5.05,5.0501,228356,2021-05-14 14:05:00,BNGO
5.0511,5.07,5.03,5.0512,215456,2021-05-14 14:06:00,BNGO
5.06,5.085,5.05,5.06,246769,2021-05-14 14:07:00,BNGO
5.06,5.1,5.05,5.0798,332749,2021-05-14 14:08:00,BNGO
5.0769,5.14,5.075,5.1299,622818,2021-05-14 14:09:00,BNGO
5.13,5.16,5.1,5.15,490314,2021-05-14 14:10:00,BNGO
5.14,5.17,5.12,5.1346,468174,2021-05-14 14:11:00,BNGO
5.1301,5.14,5.1,5.1099,326233,2021-05-14 14:12:00,BNGO
5.11,5.14,5.1082,5.14,255713,2021-05-14 14:13:00,BNGO
5.135,5.135,5.07,5.0801,530325,2021-05-14 14:14:00,BNGO
5.085,5.1,5.04,5.045,295152,2021-05-14 14:15:00,BNGO
5.045,5.07,5.04,5.065,170051,2021-05-14 14:16:00,BNGO
5.07,5.08,5.02,5.0452,339084,2021-05-14 14:17:00,BNGO
5.04,5.05,5.01,5.0132,306143,2021-05-14 14:18:00,BNGO
5.0178,5.05,5.01,5.0202,324150,2021-05-14 14:19:00,BNGO
5.03,5.06,5.02,5.0535,325259,2021-05-14 14:20:00,BNGO
5.055,5.06,5.03,5.04,225993,2021-05-14 14:21:00,BNGO
5.05,5.05,4.99,5.011,942485,2021-05-14 14:22:00,BNGO
5.015,5.03,4.99,5.01,515189,2021-05-14 14:23:00,BNGO
5.0001,5.05,5.0,5.05,302398,2021-05-14 14:24:00,BNGO
5.05,5.11,5.045,5.1,364616,2021-05-14 14:25:00,BNGO
5.1,5.14,5.09,5.14,512317,2021-05-14 14:26:00,BNGO
5.14,5.14,5.09,5.1099,393520,2021-05-14 14:27:00,BNGO
5.105,5.15,5.1,5.132,342913,2021-05-14 14:28:00,BNGO
5.13,5.18,5.1206,5.15,618134,2021-05-14 14:29:00,BNGO
5.15,5.21,5.14,5.1718,654091,2021-05-14 14:30:00,BNGO
5.172,5.21,5.17,5.1979,353719,2021-05-14 14:31:00,BNGO
5.1978,5.2,5.16,5.18,292806,2021-05-14 14:32:00,BNGO
5.185,5.2,5.17,5.1876,306073,2021-05-14 14:33:00,BNGO
5.18,5.19,5.15,5.17,389605,2021-05-14 14:34:00,BNGO
5.18,5.18,5.14,5.1449,481020,2021-05-14 14:35:00,BNGO
5.1406,5.18,5.14,5.16,335817,2021-05-14 14:36:00,BNGO
5.16,5.185,5.15,5.1595,243027,2021-05-14 14:37:00,BNGO
5.16,5.18,5.13,5.17,190928,2021-05-14 14:38:00,BNGO
5.175,5.23,5.16,5.2098,641174,2021-05-14 14:39:00,BNGO
5.2055,5.21,5.17,5.2,216860,2021-05-14 14:40:00,BNGO
5.2,5.24,5.19,5.2292,377031,2021-05-14 14:41:00,BNGO
5.225,5.27,5.225,5.2301,602012,2021-05-14 14:42:00,BNGO
5.2387,5.24,5.21,5.2185,315576,2021-05-14 14:43:00,BNGO
5.215,5.22,5.18,5.1908,374696,2021-05-14 14:44:00,BNGO
5.195,5.23,5.18,5.18,974130,2021-05-14 14:45:00,BNGO
5.185,5.2,5.16,5.19,288805,2021-05-14 14:46:00,BNGO
5.1935,5.205,5.17,5.18,280180,2021-05-14 14:47:00,BNGO
5.18,5.2,5.17,5.1801,151992,2021-05-14 14:48:00,BNGO
5.1802,5.27,5.18,5.25,774009,2021-05-14 14:49:00,BNGO
5.25,5.26,5.23,5.235,265525,2021-05-14 14:50:00,BNGO
5.235,5.26,5.23,5.26,247173,2021-05-14 14:51:00,BNGO
5.2599,5.27,5.24,5.25,283755,2021-05-14 14:52:00,BNGO
5.26,5.33,5.25,5.3123,685177,2021-05-14 14:53:00,BNGO
5.32,5.39,5.28,5.365,1173627,2021-05-14 14:54:00,BNGO
5.365,5.42,5.36,5.36,746387,2021-05-14 14:55:00,BNGO
5.3608,5.37,5.3,5.315,883953,2021-05-14 14:56:00,BNGO
5.32,5.33,5.28,5.3201,419949,2021-05-14 14:57:00,BNGO
5.3201,5.36,5.32,5.33,339327,2021-05-14 14:58:00,BNGO
5.33,5.37,5.32,5.33,414956,2021-05-14 14:59:00,BNGO
5.335,5.34,5.28,5.305,532504,2021-05-14 15:00:00,BNGO
5.3,5.33,5.28,5.285,325533,2021-05-14 15:01:00,BNGO
5.28,5.3,5.24,5.28,743985,2021-05-14 15:02:00,BNGO
5.2766,5.29,5.26,5.28,227289,2021-05-14 15:03:00,BNGO
5.28,5.31,5.26,5.26,220285,2021-05-14 15:04:00,BNGO
5.26,5.27,5.24,5.2654,268148,2021-05-14 15:05:00,BNGO
5.2695,5.29,5.265,5.275,231888,2021-05-14 15:06:00,BNGO
5.275,5.3,5.27,5.2999,204992,2021-05-14 15:07:00,BNGO
5.295,5.3,5.24,5.27,391016,2021-05-14 15:08:00,BNGO
5.27,5.3,5.2698,5.275,164919,2021-05-14 15:09:00,BNGO
5.2799,5.33,5.27,5.3277,294371,2021-05-14 15:10:00,BNGO
5.33,5.37,5.32,5.365,304726,2021-05-14 15:11:00,BNGO
5.365,5.39,5.35,5.39,328709,2021-05-14 15:12:00,BNGO
5.385,5.3998,5.36,5.3998,325922,2021-05-14 15:13:00,BNGO
5.392,5.43,5.36,5.3682,575871,2021-05-14 15:14:00,BNGO
5.365,5.365,5.34,5.36,319516,2021-05-14 15:15:00,BNGO
5.355,5.41,5.35,5.38,393701,2021-05-14 15:16:00,BNGO
5.39,5.39,5.35,5.355,242463,2021-05-14 15:17:00,BNGO
5.3516,5.4,5.34,5.395,441977,2021-05-14 15:18:00,BNGO
5.3916,5.4,5.3615,5.3615,105722,2021-05-14 15:19:00,BNGO
5.37,5.37,5.34,5.34,177855,2021-05-14 15:20:00,BNGO
5.3425,5.3546,5.29,5.3003,560478,2021-05-14 15:21:00,BNGO
5.31,5.32,5.28,5.285,333573,2021-05-14 15:22:00,BNGO
5.28,5.3,5.28,5.2896,198302,2021-05-14 15:23:00,BNGO
5.2801,5.3,5.27,5.27,251868,2021-05-14 15:24:00,BNGO
5.2799,5.29,5.26,5.28,240751,2021-05-14 15:25:00,BNGO
5.2799,5.31,5.271,5.2992,254686,2021-05-14 15:26:00,BNGO
5.29,5.3,5.245,5.255,309784,2021-05-14 15:27:00,BNGO
5.255,5.27,5.25,5.27,120072,2021-05-14 15:28:00,BNGO
5.26,5.27,5.24,5.245,128385,2021-05-14 15:29:00,BNGO
5.24,5.25,5.22,5.2399,440222,2021-05-14 15:30:00,BNGO
5.23,5.24,5.22,5.2201,328597,2021-05-14 15:31:00,BNGO
5.215,5.23,5.19,5.21,505305,2021-05-14 15:32:00,BNGO
5.219,5.23,5.19,5.225,333334,2021-05-14 15:33:00,BNGO
5.225,5.24,5.22,5.2391,96365,2021-05-14 15:34:00,BNGO
5.2365,5.27,5.23,5.265,314770,2021-05-14 15:35:00,BNGO
5.265,5.2681,5.24,5.255,221197,2021-05-14 15:36:00,BNGO
5.255,5.27,5.24,5.255,167520,2021-05-14 15:37:00,BNGO
5.255,5.26,5.22,5.26,185837,2021-05-14 15:38:00,BNGO
5.255,5.28,5.255,5.27,190002,2021-05-14 15:39:00,BNGO
5.275,5.29,5.26,5.26,202748,2021-05-14 15:40:00,BNGO
5.26,5.265,5.23,5.235,205041,2021-05-14 15:41:00,BNGO
5.235,5.24,5.18,5.19,449633,2021-05-14 15:42:00,BNGO
5.19,5.2,5.17,5.17,222307,2021-05-14 15:43:00,BNGO
5.1785,5.19,5.17,5.18,157058,2021-05-14 15:44:00,BNGO
5.184,5.2,5.18,5.185,161300,2021-05-14 15:45:00,BNGO
5.19,5.2,5.18,5.1815,88108,2021-05-14 15:46:00,BNGO
5.1812,5.1812,5.14,5.14,313894,2021-05-14 15:47:00,BNGO
5.1444,5.18,5.14,5.1798,253258,2021-05-14 15:48:00,BNGO
5.175,5.21,5.16,5.1965,236401,2021-05-14 15:49:00,BNGO
5.1991,5.2,5.18,5.1899,73474,2021-05-14 15:50:00,BNGO
5.1899,5.19,5.16,5.1899,137512,2021-05-14 15:51:00,BNGO
5.1808,5.19,5.15,5.1599,138566,2021-05-14 15:52:00,BNGO
5.1607,5.185,5.15,5.185,90430,2021-05-14 15:53:00,BNGO
5.18,5.21,5.165,5.21,164025,2021-05-14 15:54:00,BNGO
5.21,5.23,5.21,5.22,160683,2021-05-14 15:55:00,BNGO
5.22,5.23,5.19,5.1901,184591,2021-05-14 15:56:00,BNGO
5.19,5.2,5.17,5.18,152769,2021-05-14 15:57:00,BNGO
5.185,5.19,5.17,5.1798,53590,2021-05-14 15:58:00,BNGO
5.18,5.19,5.16,5.173,73659,2021-05-14 15:59:00,BNGO
5.17,5.18,5.15,5.17,138525,2021-05-14 16:00:00,BNGO
5.165,5.19,5.1629,5.19,48508,2021-05-14 16:01:00,BNGO
5.1881,5.2,5.18,5.19,107061,2021-05-14 16:02:00,BNGO
5.19,5.2,5.18,5.1946,70825,2021-05-14 16:03:00,BNGO
5.195,5.21,5.1701,5.2,106007,2021-05-14 16:04:00,BNGO
5.2,5.24,5.2,5.23,105630,2021-05-14 16:05:00,BNGO
5.2223,5.24,5.22,5.22,51946,2021-05-14 16:06:00,BNGO
5.225,5.2288,5.2,5.2187,103772,2021-05-14 16:07:00,BNGO
5.21,5.23,5.21,5.2107,68990,2021-05-14 16:08:00,BNGO
5.215,5.22,5.19,5.2,69668,2021-05-14 16:09:00,BNGO
5.1992,5.23,5.19,5.23,123281,2021-05-14 16:10:00,BNGO
5.24,5.24,5.22,5.2344,113257,2021-05-14 16:11:00,BNGO
5.235,5.27,5.23,5.255,217242,2021-05-14 16:12:00,BNGO
5.255,5.26,5.24,5.2599,106070,2021-05-14 16:13:00,BNGO
5.251,5.26,5.24,5.25,65504,2021-05-14 16:14:00,BNGO
5.2475,5.26,5.24,5.255,54642,2021-05-14 16:15:00,BNGO
5.2524,5.26,5.215,5.225,116503,2021-05-14 16:16:00,BNGO
5.235,5.24,5.23,5.23,44843,2021-05-14 16:17:00,BNGO
5.235,5.25,5.23,5.24,47656,2021-05-14 16:18:00,BNGO
5.235,5.3,5.225,5.29,366328,2021-05-14 16:19:00,BNGO
5.2996,5.3,5.27,5.2896,279834,2021-05-14 16:20:00,BNGO
5.29,5.3,5.27,5.2753,130981,2021-05-14 16:21:00,BNGO
5.2799,5.28,5.26,5.275,111867,2021-05-14 16:22:00,BNGO
5.27,5.28,5.25,5.2614,126488,2021-05-14 16:23:00,BNGO
5.2667,5.27,5.25,5.25,79897,2021-05-14 16:24:00,BNGO
5.26,5.27,5.23,5.26,176968,2021-05-14 16:25:00,BNGO
5.26,5.27,5.25,5.25,139165,2021-05-14 16:26:00,BNGO
5.25,5.26,5.24,5.24,83075,2021-05-14 16:27:00,BNGO
5.2442,5.29,5.24,5.27,129420,2021-05-14 16:28:00,BNGO
5.27,5.27,5.25,5.2578,65727,2021-05-14 16:29:00,BNGO
5.25,5.26,5.22,5.23,119819,2021-05-14 16:30:00,BNGO
5.235,5.25,5.23,5.2309,58454,2021-05-14 16:31:00,BNGO
5.2351,5.24,5.2,5.2,116008,2021-05-14 16:32:00,BNGO
5.2,5.2041,5.18,5.1877,206224,2021-05-14 16:33:00,BNGO
5.185,5.2,5.17,5.17,74713,2021-05-14 16:34:00,BNGO
5.17,5.19,5.17,5.19,65768,2021-05-14 16:35:00,BNGO
5.1899,5.1899,5.16,5.17,128862,2021-05-14 16:36:00,BNGO
5.1711,5.18,5.16,5.17,37254,2021-05-14 16:37:00,BNGO
5.17,5.18,5.16,5.175,68175,2021-05-14 16:38:00,BNGO
5.17,5.18,5.14,5.16,226739,2021-05-14 16:39:00,BNGO
5.164,5.179,5.16,5.1709,62405,2021-05-14 16:40:00,BNGO
5.175,5.18,5.16,5.16,36276,2021-05-14 16:41:00,BNGO
5.165,5.17,5.16,5.17,21729,2021-05-14 16:42:00,BNGO
5.165,5.165,5.15,5.15,39856,2021-05-14 16:43:00,BNGO
5.15,5.15,5.11,5.1298,390584,2021-05-14 16:44:00,BNGO
5.13,5.14,5.12,5.1395,109139,2021-05-14 16:45:00,BNGO
5.135,5.15,5.135,5.145,43986,2021-05-14 16:46:00,BNGO
5.1452,5.16,5.13,5.1301,83467,2021-05-14 16:47:00,BNGO
5.135,5.14,5.121,5.1315,59517,2021-05-14 16:48:00,BNGO
5.135,5.137,5.11,5.1287,147345,2021-05-14 16:49:00,BNGO
5.13,5.15,5.13,5.15,94646,2021-05-14 16:50:00,BNGO
5.15,5.15,5.13,5.135,83129,2021-05-14 16:51:00,BNGO
5.1301,5.1378,5.11,5.115,61693,2021-05-14 16:52:00,BNGO
5.115,5.1299,5.11,5.1174,42228,2021-05-14 16:53:00,BNGO
5.1175,5.12,5.11,5.1101,92753,2021-05-14 16:54:00,BNGO
5.1107,5.12,5.11,5.11,96773,2021-05-14 16:55:00,BNGO
5.1182,5.12,5.08,5.0972,174144,2021-05-14 16:56:00,BNGO
5.095,5.14,5.09,5.14,195372,2021-05-14 16:57:00,BNGO
5.14,5.15,5.13,5.15,80057,2021-05-14 16:58:00,BNGO
5.145,5.15,5.12,5.135,109387,2021-05-14 16:59:00,BNGO
5.1354,5.15,5.12,5.12,76502,2021-05-14 17:00:00,BNGO
5.125,5.15,5.11,5.1492,58978,2021-05-14 17:01:00,BNGO
5.1439,5.15,5.1,5.11,91242,2021-05-14 17:02:00,BNGO
5.12,5.12,5.09,5.09,73521,2021-05-14 17:03:00,BNGO
5.09,5.13,5.09,5.1239,50965,2021-05-14 17:04:00,BNGO
5.125,5.14,5.12,5.125,41982,2021-05-14 17:05:00,BNGO
5.125,5.15,5.12,5.13,102608,2021-05-14 17:06:00,BNGO
5.135,5.14,5.12,5.1217,52630,2021-05-14 17:07:00,BNGO
5.125,5.13,5.11,5.1176,62859,2021-05-14 17:08:00,BNGO
5.1101,5.14,5.1101,5.1399,44044,2021-05-14 17:09:00,BNGO
5.14,5.14,5.12,5.125,29354,2021-05-14 17:10:00,BNGO
5.13,5.13,5.11,5.1245,88808,2021-05-14 17:11:00,BNGO
5.125,5.13,5.0919,5.11,74344,2021-05-14 17:12:00,BNGO
5.11,5.12,5.09,5.11,65241,2021-05-14 17:13:00,BNGO
5.11,5.13,5.105,5.1119,101031,2021-05-14 17:14:00,BNGO
5.1138,5.12,5.1,5.105,45624,2021-05-14 17:15:00,BNGO
5.1087,5.11,5.1,5.101,33955,2021-05-14 17:16:00,BNGO
5.1,5.13,5.1,5.1243,70391,2021-05-14 17:17:00,BNGO
5.125,5.14,5.1218,5.1389,149401,2021-05-14 17:18:00,BNGO
5.14,5.14,5.12,5.1383,64485,2021-05-14 17:19:00,BNGO
5.1368,5.17,5.121,5.165,142126,2021-05-14 17:20:00,BNGO
5.17,5.17,5.15,5.1679,134540,2021-05-14 17:21:00,BNGO
5.165,5.19,5.16,5.1792,158897,2021-05-14 17:22:00,BNGO
5.1773,5.18,5.17,5.175,75188,2021-05-14 17:23:00,BNGO
5.1799,5.21,5.1701,5.21,177514,2021-05-14 17:24:00,BNGO
5.2135,5.22,5.195,5.21,135204,2021-05-14 17:25:00,BNGO
5.205,5.21,5.2,5.2028,53674,2021-05-14 17:26:00,BNGO
5.2088,5.2099,5.19,5.1967,41373,2021-05-14 17:27:00,BNGO
5.195,5.21,5.1901,5.2,46219,2021-05-14 17:28:00,BNGO
5.21,5.22,5.2023,5.2148,169463,2021-05-14 17:29:00,BNGO
5.21,5.23,5.21,5.21,114289,2021-05-14 17:30:00,BNGO
5.215,5.26,5.21,5.24,411850,2021-05-14 17:31:00,BNGO
5.23,5.2399,5.2,5.205,126224,2021-05-14 17:32:00,BNGO
5.205,5.2064,5.18,5.1801,109701,2021-05-14 17:33:00,BNGO
5.19,5.19,5.17,5.175,81627,2021-05-14 17:34:00,BNGO
5.17,5.1991,5.17,5.195,76546,2021-05-14 17:35:00,BNGO
5.19,5.19,5.18,5.186,39003,2021-05-14 17:36:00,BNGO
5.19,5.2,5.18,5.1958,62884,2021-05-14 17:37:00,BNGO
5.195,5.2,5.16,5.17,142560,2021-05-14 17:38:00,BNGO
5.1762,5.18,5.16,5.1606,34671,2021-05-14 17:39:00,BNGO
5.1601,5.17,5.15,5.1601,74943,2021-05-14 17:40:00,BNGO
5.17,5.17,5.16,5.16,26883,2021-05-14 17:41:00,BNGO
5.161,5.18,5.16,5.165,37469,2021-05-14 17:42:00,BNGO
5.1601,5.17,5.15,5.1582,26996,2021-05-14 17:43:00,BNGO
5.1501,5.16,5.15,5.155,31055,2021-05-14 17:44:00,BNGO
5.16,5.16,5.14,5.14,52514,2021-05-14 17:45:00,BNGO
5.14,5.16,5.14,5.155,33902,2021-05-14 17:46:00,BNGO
5.159,5.1786,5.155,5.175,37274,2021-05-14 17:47:00,BNGO
5.17,5.18,5.1606,5.18,40523,2021-05-14 17:48:00,BNGO
5.175,5.19,5.175,5.1801,44566,2021-05-14 17:49:00,BNGO
5.185,5.2,5.185,5.194,36599,2021-05-14 17:50:00,BNGO
5.2,5.2,5.19,5.1953,32636,2021-05-14 17:51:00,BNGO
5.195,5.2,5.19,5.19,39426,2021-05-14 17:52:00,BNGO
5.195,5.2,5.19,5.19,11203,2021-05-14 17:53:00,BNGO
5.195,5.2,5.19,5.195,15373,2021-05-14 17:54:00,BNGO
5.1951,5.2,5.18,5.185,64742,2021-05-14 17:55:00,BNGO
5.185,5.19,5.17,5.1799,54873,2021-05-14 17:56:00,BNGO
5.175,5.195,5.1711,5.1921,55826,2021-05-14 17:57:00,BNGO
5.195,5.2,5.18,5.181,23837,2021-05-14 17:58:00,BNGO
5.185,5.19,5.18,5.185,35994,2021-05-14 17:59:00,BNGO
5.18,5.1896,5.17,5.1889,26226,2021-05-14 18:00:00,BNGO
5.1839,5.2,5.181,5.1991,58259,2021-05-14 18:01:00,BNGO
5.195,5.2,5.19,5.19,56118,2021-05-14 18:02:00,BNGO
5.19,5.26,5.185,5.26,428868,2021-05-14 18:03:00,BNGO
5.26,5.27,5.23,5.2409,169135,2021-05-14 18:04:00,BNGO
5.24,5.26,5.24,5.2586,95547,2021-05-14 18:05:00,BNGO
5.2599,5.26,5.23,5.235,95770,2021-05-14 18:06:00,BNGO
5.24,5.26,5.235,5.24,113747,2021-05-14 18:07:00,BNGO
5.249,5.255,5.24,5.245,64682,2021-05-14 18:08:00,BNGO
5.245,5.247,5.23,5.2397,58576,2021-05-14 18:09:00,BNGO
5.2399,5.27,5.2321,5.27,118823,2021-05-14 18:10:00,BNGO
5.27,5.2736,5.2401,5.2599,84066,2021-05-14 18:11:00,BNGO
5.2599,5.26,5.25,5.255,51778,2021-05-14 18:12:00,BNGO
5.2569,5.27,5.25,5.2602,70451,2021-05-14 18:13:00,BNGO
5.26,5.29,5.2516,5.2815,236333,2021-05-14 18:14:00,BNGO
5.285,5.29,5.25,5.27,179478,2021-05-14 18:15:00,BNGO
5.265,5.27,5.25,5.265,39073,2021-05-14 18:16:00,BNGO
5.2699,5.27,5.25,5.26,23985,2021-05-14 18:17:00,BNGO
5.26,5.26,5.22,5.23,188479,2021-05-14 18:18:00,BNGO
5.235,5.24,5.22,5.24,91968,2021-05-14 18:19:00,BNGO
5.24,5.2492,5.23,5.245,35422,2021-05-14 18:20:00,BNGO
5.245,5.26,5.24,5.24,35960,2021-05-14 18:21:00,BNGO
5.2408,5.245,5.23,5.2369,39651,2021-05-14 18:22:00,BNGO
5.24,5.24,5.21,5.22,90514,2021-05-14 18:23:00,BNGO
5.2219,5.23,5.22,5.23,17684,2021-05-14 18:24:00,BNGO
5.23,5.235,5.22,5.235,27614,2021-05-14 18:25:00,BNGO
5.235,5.26,5.235,5.245,85046,2021-05-14 18:26:00,BNGO
5.25,5.29,5.25,5.2899,166812,2021-05-14 18:27:00,BNGO
5.285,5.29,5.27,5.27,72850,2021-05-14 18:28:00,BNGO
5.27,5.2786,5.24,5.27,206499,2021-05-14 18:29:00,BNGO
5.2696,5.29,5.26,5.29,82356,2021-05-14 18:30:00,BNGO
5.29,5.33,5.27,5.2801,345324,2021-05-14 18:31:00,BNGO
5.285,5.31,5.28,5.2923,142663,2021-05-14 18:32:00,BNGO
5.3,5.3,5.27,5.29,101041,2021-05-14 18:33:00,BNGO
5.2887,5.29,5.27,5.28,57123,2021-05-14 18:34:00,BNGO
5.2799,5.2799,5.25,5.265,154375,2021-05-14 18:35:00,BNGO
5.27,5.27,5.26,5.261,26036,2021-05-14 18:36:00,BNGO
5.2654,5.27,5.255,5.26,61828,2021-05-14 18:37:00,BNGO
5.2625,5.27,5.24,5.2401,98229,2021-05-14 18:38:00,BNGO
5.24,5.245,5.22,5.2306,150157,2021-05-14 18:39:00,BNGO
5.235,5.2526,5.23,5.25,76399,2021-05-14 18:40:00,BNGO
5.24,5.25,5.24,5.25,51912,2021-05-14 18:41:00,BNGO
5.25,5.25,5.24,5.2492,51791,2021-05-14 18:42:00,BNGO
5.245,5.26,5.2401,5.2565,36793,2021-05-14 18:43:00,BNGO
5.26,5.27,5.25,5.265,90394,2021-05-14 18:44:00,BNGO
5.265,5.28,5.26,5.26,73566,2021-05-14 18:45:00,BNGO
5.26,5.26,5.235,5.24,74536,2021-05-14 18:46:00,BNGO
5.25,5.26,5.23,5.25,48003,2021-05-14 18:47:00,BNGO
5.2506,5.2506,5.24,5.24,33232,2021-05-14 18:48:00,BNGO
5.2408,5.245,5.23,5.235,20182,2021-05-14 18:49:00,BNGO
5.2384,5.26,5.235,5.255,46149,2021-05-14 18:50:00,BNGO
5.25,5.26,5.25,5.255,16008,2021-05-14 18:51:00,BNGO
5.2541,5.26,5.24,5.245,78074,2021-05-14 18:52:00,BNGO
5.2498,5.25,5.24,5.2401,44373,2021-05-14 18:53:00,BNGO
5.245,5.33,5.245,5.3099,556559,2021-05-14 18:54:00,BNGO
5.31,5.31,5.29,5.3,90412,2021-05-14 18:55:00,BNGO
5.295,5.32,5.29,5.305,128308,2021-05-14 18:56:00,BNGO
5.305,5.32,5.3,5.3004,100523,2021-05-14 18:57:00,BNGO
5.3058,5.3083,5.29,5.2916,52591,2021-05-14 18:58:00,BNGO
5.2987,5.32,5.29,5.3189,102812,2021-05-14 18:59:00,BNGO
5.3124,5.32,5.295,5.3001,178126,2021-05-14 19:00:00,BNGO
5.309,5.309,5.27,5.27,126576,2021-05-14 19:01:00,BNGO
5.27,5.2899,5.26,5.26,119906,2021-05-14 19:02:00,BNGO
5.265,5.27,5.21,5.22,330006,2021-05-14 19:03:00,BNGO
5.2214,5.2214,5.19,5.21,289212,2021-05-14 19:04:00,BNGO
5.215,5.22,5.2,5.2,74227,2021-05-14 19:05:00,BNGO
5.209,5.22,5.2,5.2192,63345,2021-05-14 19:06:00,BNGO
5.2191,5.22,5.21,5.21,26921,2021-05-14 19:07:00,BNGO
5.21,5.22,5.18,5.2,138973,2021-05-14 19:08:00,BNGO
5.19,5.2,5.19,5.1945,30252,2021-05-14 19:09:00,BNGO
5.195,5.2,5.19,5.1913,15244,2021-05-14 19:10:00,BNGO
5.2,5.2,5.19,5.195,26884,2021-05-14 19:11:00,BNGO
5.1999,5.2,5.185,5.195,68390,2021-05-14 19:12:00,BNGO
5.192,5.1987,5.18,5.1801,28624,2021-05-14 19:13:00,BNGO
5.18,5.2,5.18,5.1963,82158,2021-05-14 19:14:00,BNGO
5.1968,5.21,5.1916,5.2,52506,2021-05-14 19:15:00,BNGO
5.205,5.23,5.2,5.2198,77107,2021-05-14 19:16:00,BNGO
5.2182,5.22,5.2,5.205,95157,2021-05-14 19:17:00,BNGO
5.2052,5.21,5.2,5.2,39819,2021-05-14 19:18:00,BNGO
5.205,5.2099,5.17,5.17,141108,2021-05-14 19:19:00,BNGO
5.18,5.19,5.1748,5.1801,48849,2021-05-14 19:20:00,BNGO
5.18,5.2092,5.18,5.2008,139741,2021-05-14 19:21:00,BNGO
5.2,5.205,5.17,5.17,104779,2021-05-14 19:22:00,BNGO
5.1749,5.18,5.165,5.17,73874,2021-05-14 19:23:00,BNGO
5.17,5.19,5.17,5.175,63912,2021-05-14 19:24:00,BNGO
5.1736,5.18,5.16,5.16,41630,2021-05-14 19:25:00,BNGO
5.169,5.19,5.16,5.19,146291,2021-05-14 19:26:00,BNGO
5.185,5.19,5.18,5.1801,52020,2021-05-14 19:27:00,BNGO
5.18,5.19,5.17,5.19,102154,2021-05-14 19:28:00,BNGO
5.18,5.2,5.18,5.1999,109542,2021-05-14 19:29:00,BNGO
5.2,5.21,5.1905,5.209,113289,2021-05-14 19:30:00,BNGO
5.205,5.23,5.2012,5.22,90848,2021-05-14 19:31:00,BNGO
5.225,5.23,5.21,5.215,73656,2021-05-14 19:32:00,BNGO
5.21,5.22,5.21,5.215,39715,2021-05-14 19:33:00,BNGO
5.215,5.2299,5.21,5.225,66923,2021-05-14 19:34:00,BNGO
5.22,5.24,5.22,5.2358,89694,2021-05-14 19:35:00,BNGO
5.233,5.25,5.23,5.2331,118166,2021-05-14 19:36:00,BNGO
5.2322,5.24,5.22,5.2279,73923,2021-05-14 19:37:00,BNGO
5.225,5.23,5.21,5.225,69596,2021-05-14 19:38:00,BNGO
5.2299,5.23,5.22,5.22,28386,2021-05-14 19:39:00,BNGO
5.225,5.239,5.21,5.2367,144293,2021-05-14 19:40:00,BNGO
5.235,5.27,5.23,5.265,143415,2021-05-14 19:41:00,BNGO
5.2645,5.27,5.26,5.26,173079,2021-05-14 19:42:00,BNGO
5.265,5.27,5.25,5.265,172155,2021-05-14 19:43:00,BNGO
5.2621,5.27,5.26,5.261,88987,2021-05-14 19:44:00,BNGO
5.261,5.28,5.261,5.28,79609,2021-05-14 19:45:00,BNGO
5.275,5.3,5.27,5.2895,207300,2021-05-14 19:46:00,BNGO
5.29,5.3,5.28,5.29,109729,2021-05-14 19:47:00,BNGO
5.29,5.34,5.28,5.3366,538763,2021-05-14 19:48:00,BNGO
5.3365,5.35,5.32,5.335,393615,2021-05-14 19:49:00,BNGO
5.33,5.36,5.32,5.355,238741,2021-05-14 19:50:00,BNGO
5.36,5.38,5.35,5.37,452637,2021-05-14 19:51:00,BNGO
5.3724,5.38,5.355,5.36,203698,2021-05-14 19:52:00,BNGO
5.365,5.37,5.34,5.3494,298687,2021-05-14 19:53:00,BNGO
5.34,5.37,5.3242,5.3601,283845,2021-05-14 19:54:00,BNGO
5.365,5.37,5.3514,5.3626,217351,2021-05-14 19:55:00,BNGO
5.36,5.38,5.36,5.37,222183,2021-05-14 19:56:00,BNGO
5.371,5.4,5.37,5.3903,386245,2021-05-14 19:57:00,BNGO
5.395,5.42,5.385,5.4101,551207,2021-05-14 19:58:00,BNGO
5.42,5.44,5.39,5.395,725879,2021-05-14 19:59:00,BNGO
5.4,5.44,5.37,5.37,299045,2021-05-14 20:00:00,BNGO
5.38,5.41,5.38,5.39,13306,2021-05-14 20:01:00,BNGO
5.38,5.39,5.35,5.35,16984,2021-05-14 20:02:00,BNGO
5.36,5.36,5.32,5.33,19835,2021-05-14 20:03:00,BNGO
5.34,5.38,5.32,5.38,8070,2021-05-14 20:04:00,BNGO
5.33,5.38,5.33,5.37,4195,2021-05-14 20:05:00,BNGO
5.37,5.37,5.34,5.37,1700,2021-05-14 20:06:00,BNGO
5.35,5.35,5.35,5.35,491,2021-05-14 20:07:00,BNGO
5.36,5.36,5.34,5.35,3550,2021-05-14 20:08:00,BNGO
5.34,5.34,5.33,5.33,1765,2021-05-14 20:09:00,BNGO
5.34,5.34,5.28,5.32,20038,2021-05-14 20:10:00,BNGO
5.32,5.3299,5.3,5.3299,5494,2021-05-14 20:11:00,BNGO
5.33,5.34,5.31,5.32,4874,2021-05-14 20:12:00,BNGO
5.33,5.33,5.31,5.31,2318,2021-05-14 20:13:00,BNGO
5.31,5.34,5.31,5.33,3470,2021-05-14 20:14:00,BNGO
5.3299,5.3299,5.3,5.32,5779,2021-05-14 20:15:00,BNGO
5.33,5.35,5.33,5.35,7305,2021-05-14 20:16:00,BNGO
5.36,5.36,5.35,5.35,14209,2021-05-14 20:17:00,BNGO
5.36,5.36,5.34,5.34,1398,2021-05-14 20:18:00,BNGO
5.35,5.35,5.35,5.35,113,2021-05-14 20:19:00,BNGO
5.34,5.34,5.34,5.34,1218,2021-05-14 20:20:00,BNGO
5.35,5.35,5.34,5.34,2067,2021-05-14 20:21:00,BNGO
5.36,5.38,5.35,5.38,4408,2021-05-14 20:22:00,BNGO
5.39,5.39,5.37,5.37,1350,2021-05-14 20:23:00,BNGO
5.37,5.37,5.31,5.31,3547,2021-05-14 20:24:00,BNGO
5.33,5.33,5.31,5.3101,2192,2021-05-14 20:25:00,BNGO
5.32,5.32,5.32,5.32,480,2021-05-14 20:26:00,BNGO
5.32,5.32,5.29,5.3,8461,2021-05-14 20:27:00,BNGO
5.31,5.31,5.3,5.3,1879,2021-05-14 20:28:00,BNGO
5.31,5.33,5.31,5.31,1000,2021-05-14 20:29:00,BNGO
5.31,5.31,5.31,5.31,668,2021-05-14 20:30:00,BNGO
5.31,5.32,5.31,5.32,600,2021-05-14 20:31:00,BNGO
5.32,5.33,5.32,5.33,491,2021-05-14 20:32:00,BNGO
5.35,5.37,5.35,5.37,1820,2021-05-14 20:33:00,BNGO
5.38,5.38,5.36,5.36,1313,2021-05-14 20:34:00,BNGO
5.36,5.36,5.36,5.36,4829,2021-05-14 20:35:00,BNGO
5.34,5.36,5.34,5.34,1858,2021-05-14 20:36:00,BNGO
5.36,5.36,5.34,5.34,792,2021-05-14 20:37:00,BNGO
5.34,5.36,5.34,5.35,1187,2021-05-14 20:38:00,BNGO
5.35,5.35,5.35,5.35,500,2021-05-14 20:39:00,BNGO
5.34,5.35,5.34,5.35,3129,2021-05-14 20:41:00,BNGO
5.36,5.37,5.36,5.37,1817,2021-05-14 20:42:00,BNGO
5.36,5.36,5.35,5.35,2559,2021-05-14 20:43:00,BNGO
5.36,5.36,5.35,5.35,350,2021-05-14 20:45:00,BNGO
5.36,5.36,5.34,5.35,1296,2021-05-14 20:46:00,BNGO
5.35,5.35,5.35,5.35,100,2021-05-14 20:47:00,BNGO
5.34,5.34,5.34,5.34,400,2021-05-14 20:48:00,BNGO
5.35,5.35,5.35,5.35,893,2021-05-14 20:49:00,BNGO
5.35,5.35,5.34,5.34,400,2021-05-14 20:50:00,BNGO
5.33,5.33,5.3,5.3,14624,2021-05-14 20:51:00,BNGO
5.3,5.33,5.3,5.33,3774,2021-05-14 20:52:00,BNGO
5.32,5.33,5.32,5.33,500,2021-05-14 20:53:00,BNGO
5.32,5.32,5.3,5.31,2755,2021-05-14 20:54:00,BNGO
5.3,5.31,5.28,5.31,6384,2021-05-14 20:55:00,BNGO
5.3099,5.3099,5.28,5.28,4596,2021-05-14 20:56:00,BNGO
5.29,5.29,5.28,5.28,10249,2021-05-14 20:57:00,BNGO
5.28,5.29,5.28,5.29,271,2021-05-14 20:58:00,BNGO
5.28,5.28,5.28,5.28,785,2021-05-14 20:59:00,BNGO
5.28,5.29,5.28,5.28,2174,2021-05-14 21:00:00,BNGO
5.28,5.29,5.28,5.29,1966,2021-05-14 21:01:00,BNGO
5.29,5.3,5.29,5.3,3797,2021-05-14 21:02:00,BNGO
5.3,5.3,5.29,5.3,4457,2021-05-14 21:03:00,BNGO
5.29,5.3,5.29,5.29,2241,2021-05-14 21:04:00,BNGO
5.29,5.3,5.29,5.29,6077,2021-05-14 21:05:00,BNGO
5.29,5.29,5.28,5.29,4806,2021-05-14 21:06:00,BNGO
5.28,5.28,5.28,5.28,5300,2021-05-14 21:08:00,BNGO
5.29,5.29,5.28,5.28,9956,2021-05-14 21:09:00,BNGO
5.28,5.29,5.27,5.27,3800,2021-05-14 21:11:00,BNGO
5.28,5.28,5.28,5.28,3617,2021-05-14 21:12:00,BNGO
5.28,5.28,5.28,5.28,3000,2021-05-14 21:13:00,BNGO
5.28,5.29,5.28,5.29,525,2021-05-14 21:14:00,BNGO
5.28,5.3,5.28,5.29,5420,2021-05-14 21:15:00,BNGO
5.3,5.3,5.29,5.29,1300,2021-05-14 21:16:00,BNGO
5.3,5.3,5.3,5.3,1300,2021-05-14 21:17:00,BNGO
5.31,5.31,5.31,5.31,550,2021-05-14 21:18:00,BNGO
5.31,5.31,5.29,5.29,1920,2021-05-14 21:19:00,BNGO
5.29,5.2999,5.29,5.2999,500,2021-05-14 21:20:00,BNGO
5.305,5.305,5.3,5.3,398,2021-05-14 21:21:00,BNGO
5.3,5.31,5.3,5.31,328,2021-05-14 21:22:00,BNGO
5.31,5.31,5.3,5.3,1100,2021-05-14 21:23:00,BNGO
5.3,5.3,5.3,5.3,890,2021-05-14 21:24:00,BNGO
5.3,5.3,5.3,5.3,1645,2021-05-14 21:25:00,BNGO
5.31,5.31,5.3,5.3,4409,2021-05-14 21:27:00,BNGO
5.31,5.31,5.31,5.31,100,2021-05-14 21:28:00,BNGO
5.31,5.31,5.3,5.3,6515,2021-05-14 21:29:00,BNGO
5.3,5.35,5.3,5.35,5506,2021-05-14 21:30:00,BNGO
5.35,5.35,5.3499,5.35,4400,2021-05-14 21:31:00,BNGO
5.34,5.35,5.34,5.34,3400,2021-05-14 21:32:00,BNGO
5.35,5.35,5.35,5.35,2557,2021-05-14 21:34:00,BNGO
5.35,5.36,5.33,5.33,9930,2021-05-14 21:35:00,BNGO
5.34,5.36,5.32,5.32,12570,2021-05-14 21:36:00,BNGO
5.34,5.34,5.31,5.31,871,2021-05-14 21:37:00,BNGO
5.35,5.35,5.35,5.35,100,2021-05-14 21:38:00,BNGO
5.3,5.3,5.3,5.3,2356,2021-05-14 21:39:00,BNGO
5.3,5.3,5.29,5.29,694,2021-05-14 21:42:00,BNGO
5.3,5.3,5.3,5.3,250,2021-05-14 21:46:00,BNGO
5.3,5.31,5.29,5.29,3946,2021-05-14 21:48:00,BNGO
5.29,5.29,5.29,5.29,200,2021-05-14 21:49:00,BNGO
5.3,5.3,5.29,5.29,2967,2021-05-14 21:51:00,BNGO
5.3,5.32,5.3,5.3,1650,2021-05-14 21:52:00,BNGO
5.31,5.31,5.3,5.3,1009,2021-05-14 21:53:00,BNGO
5.3,5.34,5.3,5.34,1592,2021-05-14 21:54:00,BNGO
5.32,5.32,5.32,5.32,832,2021-05-14 21:55:00,BNGO
5.32,5.32,5.32,5.32,155,2021-05-14 21:56:00,BNGO
5.3,5.33,5.3,5.32,1050,2021-05-14 21:57:00,BNGO
5.32,5.32,5.32,5.32,100,2021-05-14 21:58:00,BNGO
5.31,5.33,5.31,5.33,1321,2021-05-14 21:59:00,BNGO
5.33,5.33,5.33,5.33,200,2021-05-14 22:01:00,BNGO
5.31,5.31,5.31,5.31,200,2021-05-14 22:05:00,BNGO
5.31,5.33,5.31,5.32,1439,2021-05-14 22:06:00,BNGO
5.3,5.3,5.3,5.3,243,2021-05-14 22:08:00,BNGO
5.3,5.32,5.3,5.3,930,2021-05-14 22:09:00,BNGO
5.32,5.32,5.32,5.32,470,2021-05-14 22:10:00,BNGO
5.33,5.33,5.33,5.33,400,2021-05-14 22:11:00,BNGO
5.34,5.34,5.34,5.34,1000,2021-05-14 22:12:00,BNGO
5.34,5.34,5.34,5.34,1000,2021-05-14 22:13:00,BNGO
5.33,5.33,5.33,5.33,672,2021-05-14 22:14:00,BNGO
5.32,5.33,5.32,5.33,610,2021-05-14 22:15:00,BNGO
5.31,5.31,5.3,5.3,4105,2021-05-14 22:16:00,BNGO
5.3,5.3,5.29,5.29,1400,2021-05-14 22:17:00,BNGO
5.29,5.3,5.29,5.3,2000,2021-05-14 22:18:00,BNGO
5.3,5.3,5.3,5.3,575,2021-05-14 22:19:00,BNGO
5.31,5.31,5.31,5.31,165,2021-05-14 22:20:00,BNGO
5.32,5.32,5.32,5.32,700,2021-05-14 22:21:00,BNGO
5.33,5.33,5.33,5.33,3982,2021-05-14 22:22:00,BNGO
5.31,5.32,5.31,5.32,225,2021-05-14 22:23:00,BNGO
5.31,5.31,5.31,5.31,3020,2021-05-14 22:26:00,BNGO
5.3099,5.3099,5.3099,5.3099,300,2021-05-14 22:28:00,BNGO
5.31,5.31,5.31,5.31,496,2021-05-14 22:29:00,BNGO
5.31,5.31,5.31,5.31,100,2021-05-14 22:30:00,BNGO
5.31,5.31,5.31,5.31,100,2021-05-14 22:31:00,BNGO
5.33,5.33,5.33,5.33,100,2021-05-14 22:32:00,BNGO
5.33,5.33,5.33,5.33,100,2021-05-14 22:33:00,BNGO
5.32,5.32,5.32,5.32,200,2021-05-14 22:34:00,BNGO
5.32,5.32,5.32,5.32,100,2021-05-14 22:35:00,BNGO
5.33,5.33,5.33,5.33,2670,2021-05-14 22:36:00,BNGO
5.32,5.32,5.32,5.32,300,2021-05-14 22:37:00,BNGO
5.32,5.32,5.31,5.31,1200,2021-05-14 22:38:00,BNGO
5.3,5.3,5.3,5.3,1291,2021-05-14 22:39:00,BNGO
5.3,5.31,5.3,5.3,1400,2021-05-14 22:40:00,BNGO
5.31,5.31,5.31,5.31,200,2021-05-14 22:42:00,BNGO
5.31,5.31,5.31,5.31,1500,2021-05-14 22:43:00,BNGO
5.31,5.31,5.31,5.31,225,2021-05-14 22:44:00,BNGO
5.31,5.31,5.31,5.31,300,2021-05-14 22:45:00,BNGO
5.31,5.31,5.31,5.31,175,2021-05-14 22:46:00,BNGO
5.3,5.3,5.3,5.3,200,2021-05-14 22:47:00,BNGO
5.3,5.31,5.3,5.31,1786,2021-05-14 22:48:00,BNGO
5.3,5.3,5.3,5.3,985,2021-05-14 22:51:00,BNGO
5.3,5.31,5.3,5.31,1197,2021-05-14 22:53:00,BNGO
5.3,5.3,5.29,5.29,1200,2021-05-14 22:55:00,BNGO
5.29,5.29,5.28,5.28,1378,2021-05-14 22:57:00,BNGO
5.3,5.3,5.3,5.3,200,2021-05-14 22:58:00,BNGO
5.3,5.3,5.2901,5.2901,1527,2021-05-14 22:59:00,BNGO
5.29,5.29,5.29,5.29,275,2021-05-14 23:01:00,BNGO
5.3,5.3,5.2901,5.2901,5764,2021-05-14 23:03:00,BNGO
5.3,5.3,5.3,5.3,350,2021-05-14 23:04:00,BNGO
5.29,5.29,5.29,5.29,341,2021-05-14 23:05:00,BNGO
5.3,5.3,5.3,5.3,500,2021-05-14 23:06:00,BNGO
5.2999,5.2999,5.2999,5.2999,100,2021-05-14 23:07:00,BNGO
5.29,5.3,5.29,5.3,919,2021-05-14 23:11:00,BNGO
5.29,5.3,5.29,5.3,499,2021-05-14 23:12:00,BNGO
5.3,5.3,5.3,5.3,200,2021-05-14 23:13:00,BNGO
5.3,5.3,5.3,5.3,1000,2021-05-14 23:14:00,BNGO
5.3,5.3,5.29,5.29,2929,2021-05-14 23:15:00,BNGO
5.28,5.29,5.28,5.29,1357,2021-05-14 23:16:00,BNGO
5.31,5.31,5.29,5.29,527,2021-05-14 23:20:00,BNGO
5.3,5.3,5.28,5.28,3700,2021-05-14 23:21:00,BNGO
5.28,5.28,5.28,5.28,1020,2021-05-14 23:22:00,BNGO
5.28,5.28,5.28,5.28,1999,2021-05-14 23:23:00,BNGO
5.27,5.27,5.27,5.27,505,2021-05-14 23:24:00,BNGO
5.28,5.28,5.28,5.28,130,2021-05-14 23:25:00,BNGO
5.29,5.29,5.29,5.29,429,2021-05-14 23:26:00,BNGO
5.29,5.3,5.29,5.3,1100,2021-05-14 23:27:00,BNGO
5.29,5.29,5.29,5.29,471,2021-05-14 23:28:00,BNGO
5.28,5.28,5.28,5.28,500,2021-05-14 23:29:00,BNGO
5.29,5.29,5.29,5.29,500,2021-05-14 23:30:00,BNGO
5.29,5.29,5.29,5.29,125,2021-05-14 23:31:00,BNGO
5.3,5.3,5.3,5.3,290,2021-05-14 23:32:00,BNGO
5.3,5.3,5.3,5.3,1042,2021-05-14 23:34:00,BNGO
5.3,5.3,5.3,5.3,2251,2021-05-14 23:35:00,BNGO
5.29,5.3,5.29,5.3,702,2021-05-14 23:36:00,BNGO
5.3,5.3,5.29,5.29,3909,2021-05-14 23:37:00,BNGO
5.29,5.29,5.29,5.29,4000,2021-05-14 23:38:00,BNGO
5.29,5.29,5.29,5.29,392,2021-05-14 23:39:00,BNGO
5.29,5.29,5.29,5.29,400,2021-05-14 23:41:00,BNGO
5.29,5.29,5.29,5.29,1488,2021-05-14 23:42:00,BNGO
5.29,5.3,5.29,5.29,661,2021-05-14 23:44:00,BNGO
5.29,5.3,5.28,5.3,2355,2021-05-14 23:45:00,BNGO
5.3,5.3,5.3,5.3,20497,2021-05-14 23:46:00,BNGO
5.3,5.3,5.3,5.3,300,2021-05-14 23:47:00,BNGO
5.3,5.3,5.3,5.3,910,2021-05-14 23:48:00,BNGO
5.29,5.3,5.29,5.3,1317,2021-05-14 23:49:00,BNGO
5.3,5.3,5.3,5.3,549,2021-05-14 23:50:00,BNGO
5.29,5.29,5.29,5.29,1000,2021-05-14 23:51:00,BNGO
5.29,5.3,5.29,5.3,724,2021-05-14 23:52:00,BNGO
5.3,5.3,5.29,5.29,394,2021-05-14 23:53:00,BNGO
5.29,5.3,5.29,5.3,703,2021-05-14 23:54:00,BNGO
5.3,5.3,5.29,5.29,3669,2021-05-14 23:55:00,BNGO
5.29,5.3,5.29,5.29,1792,2021-05-14 23:56:00,BNGO
5.3,5.3,5.29,5.29,3950,2021-05-14 23:57:00,BNGO
5.2901,5.2901,5.29,5.29,4121,2021-05-14 23:58:00,BNGO
5.3,5.3,5.3,5.3,7100,2021-05-14 23:59:00,BNGO
