open,high,low,close,volume,datetime,symbol
44.2,44.3,44.2,44.3,500,2020-12-01 14:15:00,SKYW
44.26,44.26,44.26,44.26,100,2020-12-01 14:20:00,SKYW
44.06,44.06,43.51,43.51,6732,2020-12-01 14:30:00,SKYW
43.31,43.56,43.13,43.56,9389,2020-12-01 14:35:00,SKYW
43.55,43.7,43.1,43.25,13675,2020-12-01 14:40:00,SKYW
43.369,43.43,43.13,43.15,6870,2020-12-01 14:45:00,SKYW
43.22,43.23,42.93,42.93,5275,2020-12-01 14:50:00,SKYW
43.1,43.61,43.0336,43.58,12996,2020-12-01 14:55:00,SKYW
43.4598,43.5,43.22,43.414,2285,2020-12-01 15:00:00,SKYW
43.41,43.41,43.14,43.19,800,2020-12-01 15:05:00,SKYW
43.3,43.54,43.3,43.43,900,2020-12-01 15:10:00,SKYW
43.54,43.54,43.3,43.3,1433,2020-12-01 15:15:00,SKYW
43.39,43.54,43.37,43.535,1808,2020-12-01 15:20:00,SKYW
43.635,43.635,43.505,43.52,1923,2020-12-01 15:25:00,SKYW
43.52,43.655,43.21,43.21,13600,2020-12-01 15:30:00,SKYW
43.22,43.4,43.0201,43.305,19284,2020-12-01 15:35:00,SKYW
43.2,43.29,43.01,43.2,7985,2020-12-01 15:40:00,SKYW
43.25,43.3,43.18,43.3,1350,2020-12-01 15:45:00,SKYW
43.36,43.36,43.2228,43.2228,500,2020-12-01 15:50:00,SKYW
43.26,43.38,43.195,43.26,6450,2020-12-01 15:55:00,SKYW
43.18,43.28,43.03,43.28,4773,2020-12-01 16:00:00,SKYW
43.29,43.342,43.24,43.342,949,2020-12-01 16:05:00,SKYW
43.28,43.28,43.13,43.23,3300,2020-12-01 16:10:00,SKYW
43.18,43.3157,43.18,43.3,905,2020-12-01 16:15:00,SKYW
43.27,43.3299,43.08,43.14,1279,2020-12-01 16:20:00,SKYW
43.16,43.4,43.1299,43.4,2678,2020-12-01 16:25:00,SKYW
43.32,43.38,43.17,43.37,3822,2020-12-01 16:30:00,SKYW
43.2641,43.37,43.04,43.24,9533,2020-12-01 16:35:00,SKYW
43.23,43.31,43.2,43.2,979,2020-12-01 16:40:00,SKYW
43.27,43.27,43.1705,43.24,2119,2020-12-01 16:45:00,SKYW
43.25,43.28,43.15,43.28,1366,2020-12-01 16:50:00,SKYW
43.235,43.235,43.06,43.14,4100,2020-12-01 16:55:00,SKYW
43.11,43.23,43.1,43.17,4194,2020-12-01 17:00:00,SKYW
43.16,43.25,43.135,43.23,1400,2020-12-01 17:05:00,SKYW
43.14,43.18,43.14,43.16,517,2020-12-01 17:10:00,SKYW
43.15,43.175,43.15,43.175,1100,2020-12-01 17:15:00,SKYW
43.175,43.255,43.12,43.255,2561,2020-12-01 17:20:00,SKYW
43.255,43.38,43.23,43.36,3447,2020-12-01 17:25:00,SKYW
43.375,43.375,43.2,43.2,1561,2020-12-01 17:30:00,SKYW
43.33,43.33,43.21,43.21,600,2020-12-01 17:35:00,SKYW
43.2,43.32,43.18,43.32,2800,2020-12-01 17:40:00,SKYW
43.37,43.39,43.32,43.34,2599,2020-12-01 17:45:00,SKYW
43.42,43.42,43.37,43.37,200,2020-12-01 17:50:00,SKYW
43.43,43.45,43.42,43.42,800,2020-12-01 17:55:00,SKYW
43.35,43.39,43.35,43.39,300,2020-12-01 18:00:00,SKYW
43.37,43.41,43.33,43.36,1300,2020-12-01 18:05:00,SKYW
43.38,43.38,43.28,43.38,1200,2020-12-01 18:10:00,SKYW
43.38,43.38,43.35,43.35,600,2020-12-01 18:15:00,SKYW
43.4307,43.4307,43.4307,43.4307,100,2020-12-01 18:20:00,SKYW
43.46,43.46,43.3315,43.3315,3624,2020-12-01 18:25:00,SKYW
43.35,43.415,43.31,43.4,2303,2020-12-01 18:30:00,SKYW
43.405,43.49,43.38,43.46,1813,2020-12-01 18:35:00,SKYW
43.45,43.54,43.45,43.52,6663,2020-12-01 18:40:00,SKYW
43.52,43.52,43.4105,43.44,1708,2020-12-01 18:45:00,SKYW
43.41,43.42,43.4,43.41,900,2020-12-01 18:50:00,SKYW
43.43,43.46,43.43,43.45,600,2020-12-01 18:55:00,SKYW
43.45,43.495,43.43,43.495,1400,2020-12-01 19:00:00,SKYW
43.53,43.56,43.51,43.51,1562,2020-12-01 19:05:00,SKYW
43.52,43.52,43.42,43.47,1000,2020-12-01 19:10:00,SKYW
43.52,43.52,43.52,43.52,300,2020-12-01 19:15:00,SKYW
43.4624,43.49,43.43,43.43,688,2020-12-01 19:20:00,SKYW
43.51,43.59,43.51,43.53,1764,2020-12-01 19:25:00,SKYW
43.46,43.46,43.46,43.46,100,2020-12-01 19:30:00,SKYW
43.4,43.51,43.4,43.46,900,2020-12-01 19:35:00,SKYW
43.44,43.53,43.425,43.48,1919,2020-12-01 19:40:00,SKYW
43.4006,43.53,43.4006,43.44,2925,2020-12-01 19:45:00,SKYW
43.46,43.46,43.3916,43.42,958,2020-12-01 19:50:00,SKYW
43.35,43.41,43.33,43.37,2954,2020-12-01 19:55:00,SKYW
43.35,43.395,43.32,43.35,7547,2020-12-01 20:00:00,SKYW
43.35,43.38,43.3,43.38,4100,2020-12-01 20:05:00,SKYW
43.45,43.46,43.38,43.398,3873,2020-12-01 20:10:00,SKYW
43.42,43.42,43.36,43.36,1400,2020-12-01 20:15:00,SKYW
43.41,43.435,43.41,43.43,1100,2020-12-01 20:20:00,SKYW
43.43,43.49,43.43,43.49,3086,2020-12-01 20:25:00,SKYW
43.485,43.5,43.44,43.44,1500,2020-12-01 20:30:00,SKYW
43.44,43.44,43.295,43.36,3924,2020-12-01 20:35:00,SKYW
43.34,43.34,43.3,43.32,5617,2020-12-01 20:40:00,SKYW
43.33,43.39,43.3,43.39,6332,2020-12-01 20:45:00,SKYW
43.35,43.41,43.28,43.365,11420,2020-12-01 20:50:00,SKYW
43.35,43.39,43.27,43.31,34912,2020-12-01 20:55:00,SKYW
43.31,43.31,43.3098,43.3098,60487,2020-12-01 21:00:00,SKYW
43.0,43.25,42.41,42.79,13745,2020-12-02 14:30:00,SKYW
42.81,43.21,42.79,43.21,8950,2020-12-02 14:35:00,SKYW
43.24,43.47,43.08,43.08,3566,2020-12-02 14:40:00,SKYW
43.31,43.46,43.3,43.3,425,2020-12-02 14:45:00,SKYW
43.4,43.54,43.4,43.54,275,2020-12-02 14:50:00,SKYW
43.26,43.45,43.12,43.37,4031,2020-12-02 14:55:00,SKYW
43.29,43.4,43.12,43.4,5300,2020-12-02 15:00:00,SKYW
43.47,43.47,43.0,43.08,3100,2020-12-02 15:05:00,SKYW
43.02,43.17,43.0,43.08,8630,2020-12-02 15:10:00,SKYW
43.09,43.305,43.04,43.18,2588,2020-12-02 15:15:00,SKYW
43.1925,43.32,43.1,43.32,800,2020-12-02 15:20:00,SKYW
43.39,43.46,43.36,43.46,300,2020-12-02 15:25:00,SKYW
43.44,43.55,43.395,43.55,1100,2020-12-02 15:30:00,SKYW
43.525,43.69,43.525,43.69,600,2020-12-02 15:35:00,SKYW
43.77,43.77,43.62,43.74,7290,2020-12-02 15:40:00,SKYW
43.74,43.74,43.524,43.524,200,2020-12-02 15:45:00,SKYW
43.47,43.63,43.47,43.63,500,2020-12-02 15:50:00,SKYW
43.76,43.88,43.73,43.8,1350,2020-12-02 15:55:00,SKYW
43.84,43.84,43.7,43.7,2000,2020-12-02 16:00:00,SKYW
43.8,43.85,43.63,43.8,1500,2020-12-02 16:05:00,SKYW
43.71,43.88,43.7,43.83,4090,2020-12-02 16:10:00,SKYW
43.84,43.84,43.84,43.84,200,2020-12-02 16:15:00,SKYW
43.81,43.83,43.69,43.77,1343,2020-12-02 16:20:00,SKYW
43.7,43.83,43.7,43.83,1500,2020-12-02 16:25:00,SKYW
43.8594,43.92,43.8065,43.8065,624,2020-12-02 16:30:00,SKYW
43.84,43.88,43.78,43.815,1553,2020-12-02 16:35:00,SKYW
43.71,43.75,43.65,43.66,1114,2020-12-02 16:40:00,SKYW
43.61,43.7,43.56,43.69,6661,2020-12-02 16:45:00,SKYW
43.69,43.89,43.62,43.89,1588,2020-12-02 16:50:00,SKYW
43.855,43.855,43.73,43.73,447,2020-12-02 16:55:00,SKYW
43.815,43.815,43.59,43.65,7057,2020-12-02 17:00:00,SKYW
43.63,43.63,43.49,43.49,700,2020-12-02 17:05:00,SKYW
43.48,43.48,43.35,43.4239,1300,2020-12-02 17:10:00,SKYW
43.47,43.53,43.415,43.52,2000,2020-12-02 17:15:00,SKYW
43.515,43.615,43.515,43.59,5006,2020-12-02 17:20:00,SKYW
43.69,43.69,43.6124,43.66,700,2020-12-02 17:25:00,SKYW
43.5697,43.61,43.5697,43.61,700,2020-12-02 17:30:00,SKYW
43.64,43.64,43.63,43.63,300,2020-12-02 17:35:00,SKYW
43.66,43.77,43.66,43.74,900,2020-12-02 17:40:00,SKYW
43.75,43.76,43.66,43.71,1307,2020-12-02 17:45:00,SKYW
43.7,43.82,43.65,43.785,1822,2020-12-02 17:50:00,SKYW
43.773,43.773,43.66,43.66,5700,2020-12-02 17:55:00,SKYW
43.71,43.72,43.675,43.695,1400,2020-12-02 18:00:00,SKYW
43.72,43.74,43.65,43.65,600,2020-12-02 18:05:00,SKYW
43.75,43.76,43.72,43.72,1500,2020-12-02 18:10:00,SKYW
43.69,43.8,43.69,43.8,500,2020-12-02 18:15:00,SKYW
43.775,43.82,43.75,43.75,1751,2020-12-02 18:20:00,SKYW
43.72,43.73,43.72,43.73,400,2020-12-02 18:25:00,SKYW
43.8,43.8,43.74,43.76,1400,2020-12-02 18:30:00,SKYW
43.82,43.95,43.82,43.95,5068,2020-12-02 18:35:00,SKYW
43.94,44.0,43.94,43.97,1350,2020-12-02 18:40:00,SKYW
43.97,43.98,43.79,43.79,1723,2020-12-02 18:45:00,SKYW
43.855,43.91,43.855,43.9007,550,2020-12-02 18:50:00,SKYW
43.89,43.94,43.89,43.89,1211,2020-12-02 18:55:00,SKYW
43.86,43.86,43.805,43.84,700,2020-12-02 19:00:00,SKYW
43.8899,43.89,43.82,43.84,970,2020-12-02 19:05:00,SKYW
43.815,43.84,43.69,43.81,6900,2020-12-02 19:10:00,SKYW
43.84,43.95,43.81,43.905,1900,2020-12-02 19:15:00,SKYW
43.95,44.06,43.9455,43.99,9622,2020-12-02 19:20:00,SKYW
44.0,44.075,44.0,44.02,700,2020-12-02 19:25:00,SKYW
44.03,44.15,44.02,44.13,800,2020-12-02 19:30:00,SKYW
44.15,44.27,44.15,44.27,2044,2020-12-02 19:35:00,SKYW
44.265,44.275,44.17,44.275,1422,2020-12-02 19:40:00,SKYW
44.27,44.345,44.27,44.33,1600,2020-12-02 19:45:00,SKYW
44.31,44.33,44.2808,44.31,1300,2020-12-02 19:50:00,SKYW
44.315,44.37,44.23,44.3099,2914,2020-12-02 19:55:00,SKYW
44.24,44.3,44.24,44.29,1700,2020-12-02 20:00:00,SKYW
44.28,44.28,44.16,44.23,2300,2020-12-02 20:05:00,SKYW
44.29,44.29,44.23,44.27,1506,2020-12-02 20:10:00,SKYW
44.3,44.38,44.2725,44.38,3540,2020-12-02 20:15:00,SKYW
44.3625,44.41,44.33,44.3825,2400,2020-12-02 20:20:00,SKYW
44.4,44.47,44.33,44.455,8107,2020-12-02 20:25:00,SKYW
44.42,44.71,44.42,44.67,6231,2020-12-02 20:30:00,SKYW
44.67,44.77,44.63,44.67,9905,2020-12-02 20:35:00,SKYW
44.65,44.75,44.6,44.66,4360,2020-12-02 20:40:00,SKYW
44.64,44.7169,44.62,44.675,6712,2020-12-02 20:45:00,SKYW
44.64,44.64,44.45,44.48,9433,2020-12-02 20:50:00,SKYW
44.45,44.51,44.42,44.47,26598,2020-12-02 20:55:00,SKYW
44.46,44.46,44.46,44.46,45185,2020-12-02 21:00:00,SKYW
44.98,45.0,44.98,45.0,365,2020-12-02 22:35:00,SKYW
44.75,44.75,44.75,44.75,130,2020-12-02 23:15:00,SKYW
44.75,44.75,44.75,44.75,430,2020-12-03 00:00:00,SKYW
44.7,44.7,44.7,44.7,3320,2020-12-03 13:55:00,SKYW
44.99,45.6099,44.8,45.4586,22531,2020-12-03 14:30:00,SKYW
45.2404,45.83,45.2404,45.58,4206,2020-12-03 14:35:00,SKYW
45.86,45.86,45.38,45.6,1200,2020-12-03 14:40:00,SKYW
45.46,45.5199,45.28,45.28,3474,2020-12-03 14:45:00,SKYW
45.14,45.24,45.0493,45.18,4523,2020-12-03 14:50:00,SKYW
45.19,45.245,45.01,45.01,2889,2020-12-03 14:55:00,SKYW
45.01,45.24,45.01,45.215,2859,2020-12-03 15:00:00,SKYW
45.215,45.53,45.215,45.37,4611,2020-12-03 15:05:00,SKYW
45.27,45.63,45.23,45.62,3625,2020-12-03 15:10:00,SKYW
45.62,45.65,45.55,45.63,6395,2020-12-03 15:15:00,SKYW
45.625,45.7,45.55,45.62,3200,2020-12-03 15:20:00,SKYW
45.605,45.805,45.605,45.66,7272,2020-12-03 15:25:00,SKYW
45.66,45.89,45.66,45.88,2859,2020-12-03 15:30:00,SKYW
45.94,46.22,45.94,46.22,3112,2020-12-03 15:35:00,SKYW
46.175,46.2399,46.03,46.03,2350,2020-12-03 15:40:00,SKYW
46.04,46.04,45.86,45.925,2019,2020-12-03 15:45:00,SKYW
46.02,46.2169,45.95,45.95,450,2020-12-03 15:50:00,SKYW
46.17,46.27,46.08,46.27,2162,2020-12-03 15:55:00,SKYW
46.26,46.35,46.26,46.3,5161,2020-12-03 16:00:00,SKYW
46.25,46.2633,46.06,46.07,3453,2020-12-03 16:05:00,SKYW
45.95,45.95,45.74,45.89,4432,2020-12-03 16:10:00,SKYW
45.96,46.06,45.96,46.06,5950,2020-12-03 16:15:00,SKYW
46.06,46.17,46.01,46.0469,1500,2020-12-03 16:20:00,SKYW
46.12,46.26,46.12,46.17,1239,2020-12-03 16:25:00,SKYW
46.14,46.14,45.97,46.0,1050,2020-12-03 16:30:00,SKYW
46.08,46.18,46.08,46.18,1916,2020-12-03 16:35:00,SKYW
46.19,46.37,46.19,46.36,833,2020-12-03 16:40:00,SKYW
46.39,46.47,46.33,46.47,2389,2020-12-03 16:45:00,SKYW
46.48,46.53,46.38,46.47,1909,2020-12-03 16:50:00,SKYW
46.2701,46.4094,46.2582,46.4094,2046,2020-12-03 16:55:00,SKYW
46.3891,46.3891,46.14,46.26,1311,2020-12-03 17:00:00,SKYW
46.1999,46.37,46.07,46.37,4418,2020-12-03 17:05:00,SKYW
46.41,46.43,46.26,46.26,1390,2020-12-03 17:10:00,SKYW
46.36,46.5,46.35,46.43,2100,2020-12-03 17:15:00,SKYW
46.44,46.5709,46.44,46.51,1745,2020-12-03 17:20:00,SKYW
46.48,46.48,46.4,46.4,800,2020-12-03 17:25:00,SKYW
46.4,46.4,46.25,46.26,3129,2020-12-03 17:30:00,SKYW
46.27,46.35,46.205,46.25,8776,2020-12-03 17:35:00,SKYW
46.25,46.49,46.21,46.45,7623,2020-12-03 17:40:00,SKYW
46.49,46.525,46.38,46.48,1907,2020-12-03 17:45:00,SKYW
46.51,46.515,46.48,46.5,949,2020-12-03 17:50:00,SKYW
46.475,46.56,46.45,46.56,2659,2020-12-03 17:55:00,SKYW
46.56,46.64,46.55,46.62,1140,2020-12-03 18:00:00,SKYW
46.57,46.61,46.5258,46.61,2722,2020-12-03 18:05:00,SKYW
46.62,46.8,46.62,46.8,1284,2020-12-03 18:10:00,SKYW
46.71,46.75,46.5834,46.61,1292,2020-12-03 18:15:00,SKYW
46.58,46.6392,46.5387,46.6392,1189,2020-12-03 18:20:00,SKYW
46.66,46.68,46.655,46.68,600,2020-12-03 18:25:00,SKYW
46.63,46.74,46.6,46.68,1606,2020-12-03 18:30:00,SKYW
46.605,46.605,46.3618,46.3618,432,2020-12-03 18:35:00,SKYW
46.31,46.32,46.17,46.26,4600,2020-12-03 18:40:00,SKYW
46.315,46.315,46.26,46.31,771,2020-12-03 18:45:00,SKYW
46.17,46.39,46.143,46.18,1928,2020-12-03 18:50:00,SKYW
46.25,46.25,46.02,46.13,2600,2020-12-03 18:55:00,SKYW
46.1199,46.19,46.01,46.19,1706,2020-12-03 19:00:00,SKYW
46.14,46.2001,46.14,46.2001,800,2020-12-03 19:05:00,SKYW
46.31,46.33,46.26,46.26,1002,2020-12-03 19:10:00,SKYW
46.31,46.31,46.23,46.2331,844,2020-12-03 19:15:00,SKYW
46.23,46.23,46.23,46.23,100,2020-12-03 19:20:00,SKYW
46.13,46.13,46.02,46.05,800,2020-12-03 19:25:00,SKYW
46.12,46.175,46.0247,46.05,1628,2020-12-03 19:30:00,SKYW
46.04,46.05,45.945,45.995,3483,2020-12-03 19:35:00,SKYW
45.96,46.07,45.96,46.0,2968,2020-12-03 19:40:00,SKYW
46.03,46.03,45.95,45.95,1273,2020-12-03 19:45:00,SKYW
45.89,45.91,45.86,45.86,898,2020-12-03 19:50:00,SKYW
45.85,45.85,45.79,45.82,600,2020-12-03 19:55:00,SKYW
45.81,45.9,45.76,45.83,11501,2020-12-03 20:00:00,SKYW
45.8,45.83,45.72,45.7696,3550,2020-12-03 20:05:00,SKYW
45.79,45.94,45.66,45.66,15348,2020-12-03 20:10:00,SKYW
45.66,45.74,45.65,45.705,6255,2020-12-03 20:15:00,SKYW
45.705,45.78,45.65,45.68,6360,2020-12-03 20:20:00,SKYW
45.705,45.835,45.7,45.78,9711,2020-12-03 20:25:00,SKYW
45.7701,45.85,45.75,45.8,12253,2020-12-03 20:30:00,SKYW
45.82,45.83,45.7,45.7,6148,2020-12-03 20:35:00,SKYW
45.54,45.54,44.8501,44.8501,23523,2020-12-03 20:40:00,SKYW
44.88,45.18,44.76,45.055,17390,2020-12-03 20:45:00,SKYW
45.24,45.24,44.97,45.07,7865,2020-12-03 20:50:00,SKYW
45.04,45.11,44.92,45.1,31719,2020-12-03 20:55:00,SKYW
45.09,45.09,45.09,45.09,47209,2020-12-03 21:00:00,SKYW
45.56,45.56,45.56,45.56,300,2020-12-03 22:50:00,SKYW
45.09,45.09,45.09,45.09,100,2020-12-03 23:45:00,SKYW
45.2,45.2,45.2,45.2,4200,2020-12-04 00:35:00,SKYW
45.5,45.5,45.5,45.5,10175,2020-12-04 12:20:00,SKYW
45.0,45.65,45.0,45.65,200,2020-12-04 13:30:00,SKYW
45.5,45.5,45.5,45.5,100,2020-12-04 13:50:00,SKYW
45.25,45.25,45.25,45.25,100,2020-12-04 14:00:00,SKYW
45.33,46.2615,45.33,45.975,19648,2020-12-04 14:30:00,SKYW
45.82,46.02,45.61,45.6748,3922,2020-12-04 14:35:00,SKYW
45.67,45.8,45.32,45.72,13277,2020-12-04 14:40:00,SKYW
45.65,45.74,45.32,45.62,3150,2020-12-04 14:45:00,SKYW
45.49,46.025,45.39,45.85,4100,2020-12-04 14:50:00,SKYW
45.67,45.82,45.44,45.7,5300,2020-12-04 14:55:00,SKYW
45.3,45.355,44.99,45.05,9487,2020-12-04 15:00:00,SKYW
45.0,45.34,45.0,45.27,8766,2020-12-04 15:05:00,SKYW
45.295,45.295,44.77,44.99,15314,2020-12-04 15:10:00,SKYW
45.05,45.05,44.6002,44.785,10154,2020-12-04 15:15:00,SKYW
44.77,45.065,44.715,45.065,4678,2020-12-04 15:20:00,SKYW
45.12,45.245,45.03,45.245,1906,2020-12-04 15:25:00,SKYW
45.12,45.39,45.115,45.34,1950,2020-12-04 15:30:00,SKYW
45.4,45.4,45.0968,45.0968,1325,2020-12-04 15:35:00,SKYW
45.095,45.27,44.93,45.01,5421,2020-12-04 15:40:00,SKYW
45.0,45.04,44.885,45.04,7811,2020-12-04 15:45:00,SKYW
44.98,45.1986,44.98,45.1986,3065,2020-12-04 15:50:00,SKYW
45.127,45.127,44.93,44.97,5084,2020-12-04 15:55:00,SKYW
44.93,44.94,44.86,44.93,700,2020-12-04 16:00:00,SKYW
44.86,45.03,44.8313,45.0233,4884,2020-12-04 16:05:00,SKYW
44.98,44.98,44.69,44.695,4876,2020-12-04 16:10:00,SKYW
44.75,44.87,44.75,44.85,1140,2020-12-04 16:15:00,SKYW
44.88,44.88,44.76,44.84,2287,2020-12-04 16:20:00,SKYW
44.93,44.94,44.88,44.94,1400,2020-12-04 16:25:00,SKYW
44.85,44.93,44.78,44.905,4100,2020-12-04 16:30:00,SKYW
44.8306,44.99,44.76,44.84,2023,2020-12-04 16:35:00,SKYW
44.84,44.92,44.84,44.87,1100,2020-12-04 16:40:00,SKYW
44.9,44.985,44.9,44.92,300,2020-12-04 16:45:00,SKYW
44.99,45.03,44.89,44.995,4563,2020-12-04 16:50:00,SKYW
44.9,44.9,44.76,44.87,7975,2020-12-04 16:55:00,SKYW
44.92,45.045,44.88,45.0,1337,2020-12-04 17:00:00,SKYW
45.04,45.05,44.95,44.96,795,2020-12-04 17:05:00,SKYW
45.01,45.01,44.87,44.875,2002,2020-12-04 17:10:00,SKYW
44.82,44.855,44.81,44.855,700,2020-12-04 17:15:00,SKYW
44.848,44.95,44.84,44.94,2627,2020-12-04 17:20:00,SKYW
44.96,45.015,44.96,45.0007,4298,2020-12-04 17:25:00,SKYW
45.05,45.0525,44.9,44.9,2716,2020-12-04 17:30:00,SKYW
44.9,44.9,44.77,44.7745,1824,2020-12-04 17:35:00,SKYW
44.81,44.89,44.78,44.89,1256,2020-12-04 17:40:00,SKYW
44.75,44.86,44.75,44.86,1100,2020-12-04 17:45:00,SKYW
44.76,44.8,44.71,44.8,1097,2020-12-04 17:50:00,SKYW
44.78,44.82,44.76,44.77,1178,2020-12-04 17:55:00,SKYW
44.8046,44.81,44.77,44.78,2446,2020-12-04 18:00:00,SKYW
44.75,44.83,44.75,44.83,1400,2020-12-04 18:05:00,SKYW
44.74,44.795,44.74,44.795,1900,2020-12-04 18:10:00,SKYW
44.82,44.8457,44.75,44.8,6696,2020-12-04 18:15:00,SKYW
44.84,44.84,44.72,44.77,10407,2020-12-04 18:20:00,SKYW
44.77,44.79,44.735,44.79,900,2020-12-04 18:25:00,SKYW
44.8,44.9,44.73,44.8332,4523,2020-12-04 18:30:00,SKYW
44.885,45.0813,44.885,45.0813,3820,2020-12-04 18:35:00,SKYW
45.095,45.19,44.97,44.98,2111,2020-12-04 18:40:00,SKYW
44.95,44.955,44.78,44.81,3537,2020-12-04 18:45:00,SKYW
44.81,44.81,44.745,44.78,7026,2020-12-04 18:50:00,SKYW
44.8,44.8,44.625,44.625,5425,2020-12-04 18:55:00,SKYW
44.65,44.65,44.5,44.51,7869,2020-12-04 19:00:00,SKYW
44.51,44.65,44.4,44.4,11020,2020-12-04 19:05:00,SKYW
44.39,44.39,44.23,44.34,8633,2020-12-04 19:10:00,SKYW
44.34,44.6433,44.34,44.63,11198,2020-12-04 19:15:00,SKYW
44.72,44.73,44.44,44.48,3515,2020-12-04 19:20:00,SKYW
44.48,44.63,44.43,44.63,8642,2020-12-04 19:25:00,SKYW
44.645,44.735,44.61,44.735,1379,2020-12-04 19:30:00,SKYW
44.69,44.735,44.65,44.65,2479,2020-12-04 19:35:00,SKYW
44.66,44.73,44.63,44.73,6141,2020-12-04 19:40:00,SKYW
44.735,44.75,44.69,44.72,3739,2020-12-04 19:45:00,SKYW
44.725,44.88,44.69,44.8175,5442,2020-12-04 19:50:00,SKYW
44.84,44.86,44.8,44.82,4453,2020-12-04 19:55:00,SKYW
44.84,44.84,44.69,44.69,6209,2020-12-04 20:00:00,SKYW
44.68,44.68,44.61,44.61,2609,2020-12-04 20:05:00,SKYW
44.655,44.7,44.61,44.6635,8087,2020-12-04 20:10:00,SKYW
44.67,44.88,44.65,44.88,6634,2020-12-04 20:15:00,SKYW
44.865,44.88,44.78,44.78,5696,2020-12-04 20:20:00,SKYW
44.85,44.86,44.71,44.8,9356,2020-12-04 20:25:00,SKYW
44.82,44.88,44.755,44.77,10261,2020-12-04 20:30:00,SKYW
44.77,44.83,44.76,44.82,9829,2020-12-04 20:35:00,SKYW
44.81,45.005,44.79,44.98,12786,2020-12-04 20:40:00,SKYW
44.97,45.05,44.92,44.99,11697,2020-12-04 20:45:00,SKYW
44.95,44.99,44.83,44.88,14109,2020-12-04 20:50:00,SKYW
44.875,45.05,44.86,44.98,38172,2020-12-04 20:55:00,SKYW
44.97,44.97,44.97,44.97,40982,2020-12-04 21:00:00,SKYW
44.67,45.145,44.46,44.62,5460,2020-12-07 14:30:00,SKYW
44.575,44.6,44.105,44.105,19765,2020-12-07 14:35:00,SKYW
44.1931,44.345,44.14,44.2655,919,2020-12-07 14:40:00,SKYW
44.185,44.185,44.04,44.04,506,2020-12-07 14:45:00,SKYW
44.09,44.09,43.7201,43.8638,7843,2020-12-07 14:50:00,SKYW
43.77,43.775,43.6,43.6,1408,2020-12-07 14:55:00,SKYW
43.73,43.816,43.69,43.7637,1977,2020-12-07 15:00:00,SKYW
43.8114,44.0,43.77,43.89,1700,2020-12-07 15:05:00,SKYW
43.99,44.0648,43.87,44.02,4864,2020-12-07 15:10:00,SKYW
43.97,43.97,43.78,43.88,3374,2020-12-07 15:15:00,SKYW
43.895,43.93,43.88,43.88,400,2020-12-07 15:20:00,SKYW
43.93,44.17,43.93,44.17,3347,2020-12-07 15:25:00,SKYW
44.17,44.499,44.17,44.46,12803,2020-12-07 15:30:00,SKYW
44.54,44.63,44.35,44.51,8277,2020-12-07 15:35:00,SKYW
44.54,44.62,44.5108,44.62,2050,2020-12-07 15:40:00,SKYW
44.69,44.84,44.61,44.625,5551,2020-12-07 15:45:00,SKYW
44.67,44.9728,44.63,44.87,3350,2020-12-07 15:50:00,SKYW
44.78,44.84,44.6,44.62,5400,2020-12-07 15:55:00,SKYW
44.72,44.72,44.52,44.59,4450,2020-12-07 16:00:00,SKYW
44.59,44.59,44.34,44.34,1850,2020-12-07 16:05:00,SKYW
44.34,44.3896,44.19,44.3896,6165,2020-12-07 16:10:00,SKYW
44.41,44.41,44.2768,44.2768,1426,2020-12-07 16:15:00,SKYW
44.282,44.32,44.23,44.32,1166,2020-12-07 16:20:00,SKYW
44.315,44.37,44.3053,44.315,2650,2020-12-07 16:25:00,SKYW
44.31,44.36,44.21,44.36,1700,2020-12-07 16:30:00,SKYW
44.36,44.3691,44.24,44.31,3150,2020-12-07 16:35:00,SKYW
44.31,44.37,44.31,44.33,870,2020-12-07 16:40:00,SKYW
44.27,44.325,44.23,44.27,1400,2020-12-07 16:45:00,SKYW
44.3,44.32,44.23,44.23,1542,2020-12-07 16:50:00,SKYW
44.1781,44.44,44.1781,44.44,3021,2020-12-07 16:55:00,SKYW
44.405,44.5088,44.34,44.3845,4796,2020-12-07 17:00:00,SKYW
44.47,44.55,44.425,44.48,5399,2020-12-07 17:05:00,SKYW
44.46,44.56,44.46,44.56,950,2020-12-07 17:10:00,SKYW
44.45,44.5,44.37,44.45,1546,2020-12-07 17:15:00,SKYW
44.53,44.53,44.36,44.36,1915,2020-12-07 17:20:00,SKYW
44.41,44.52,44.39,44.49,800,2020-12-07 17:25:00,SKYW
44.45,44.54,44.43,44.54,3406,2020-12-07 17:30:00,SKYW
44.56,44.56,44.45,44.48,3250,2020-12-07 17:35:00,SKYW
44.44,44.47,44.4,44.46,6100,2020-12-07 17:40:00,SKYW
44.51,44.55,44.41,44.445,1471,2020-12-07 17:45:00,SKYW
44.455,44.455,44.45,44.45,220,2020-12-07 17:50:00,SKYW
44.52,44.535,44.44,44.47,2400,2020-12-07 17:55:00,SKYW
44.42,44.43,44.36,44.39,1350,2020-12-07 18:00:00,SKYW
44.36,44.36,44.2466,44.2466,900,2020-12-07 18:05:00,SKYW
44.23,44.24,44.13,44.19,2973,2020-12-07 18:10:00,SKYW
44.22,44.27,44.22,44.22,900,2020-12-07 18:15:00,SKYW
44.2,44.28,44.2,44.28,1000,2020-12-07 18:20:00,SKYW
44.42,44.42,44.28,44.295,900,2020-12-07 18:25:00,SKYW
44.23,44.36,44.23,44.36,1853,2020-12-07 18:30:00,SKYW
44.41,44.47,44.25,44.25,3692,2020-12-07 18:35:00,SKYW
44.25,44.28,44.115,44.15,3204,2020-12-07 18:40:00,SKYW
44.17,44.17,44.06,44.06,1487,2020-12-07 18:45:00,SKYW
44.1075,44.155,44.06,44.135,1070,2020-12-07 18:50:00,SKYW
44.06,44.07,43.89,43.97,2749,2020-12-07 18:55:00,SKYW
43.95,43.95,43.91,43.91,450,2020-12-07 19:00:00,SKYW
44.03,44.03,43.9,43.9,814,2020-12-07 19:05:00,SKYW
43.91,43.91,43.82,43.86,1824,2020-12-07 19:10:00,SKYW
43.91,43.94,43.83,43.87,934,2020-12-07 19:15:00,SKYW
43.95,43.95,43.9413,43.9413,215,2020-12-07 19:20:00,SKYW
43.98,44.0599,43.98,44.0599,3950,2020-12-07 19:25:00,SKYW
44.11,44.11,44.0,44.0,1677,2020-12-07 19:30:00,SKYW
44.0358,44.1,43.98,43.98,1800,2020-12-07 19:35:00,SKYW
44.02,44.02,43.98,43.99,400,2020-12-07 19:40:00,SKYW
44.0,44.05,44.0,44.05,950,2020-12-07 19:45:00,SKYW
44.11,44.125,44.07,44.07,800,2020-12-07 19:50:00,SKYW
44.0,44.0,44.0,44.0,200,2020-12-07 19:55:00,SKYW
43.91,43.99,43.91,43.99,600,2020-12-07 20:00:00,SKYW
43.935,43.935,43.885,43.885,1045,2020-12-07 20:05:00,SKYW
43.88,43.88,43.8,43.84,2927,2020-12-07 20:10:00,SKYW
43.89,43.99,43.89,43.98,1484,2020-12-07 20:15:00,SKYW
43.94,43.94,43.845,43.845,800,2020-12-07 20:20:00,SKYW
43.87,43.97,43.86,43.94,5994,2020-12-07 20:25:00,SKYW
43.9,43.95,43.88,43.91,3700,2020-12-07 20:30:00,SKYW
43.93,43.99,43.93,43.98,2700,2020-12-07 20:35:00,SKYW
43.985,43.985,43.81,43.86,5095,2020-12-07 20:40:00,SKYW
43.84,43.88,43.605,43.63,7630,2020-12-07 20:45:00,SKYW
43.7,43.75,43.59,43.59,15258,2020-12-07 20:50:00,SKYW
43.59,43.7,43.57,43.66,33738,2020-12-07 20:55:00,SKYW
43.65,43.65,43.65,43.65,33545,2020-12-07 21:00:00,SKYW
43.6,43.6,43.6,43.6,200,2020-12-07 21:55:00,SKYW
43.6,44.39,43.57,44.39,620,2020-12-08 00:00:00,SKYW
43.5,43.5,43.5,43.5,500,2020-12-08 12:00:00,SKYW
43.07,43.785,43.07,43.69,7205,2020-12-08 14:30:00,SKYW
43.88,44.23,43.7,44.145,5037,2020-12-08 14:35:00,SKYW
44.045,44.13,43.7374,43.7374,5379,2020-12-08 14:40:00,SKYW
44.0146,44.105,43.81,44.105,2382,2020-12-08 14:45:00,SKYW
44.105,44.18,43.9,44.18,1500,2020-12-08 14:50:00,SKYW
44.07,44.07,43.7214,43.7214,2362,2020-12-08 14:55:00,SKYW
43.88,43.88,43.52,43.52,2476,2020-12-08 15:00:00,SKYW
43.47,43.54,43.3,43.54,2315,2020-12-08 15:05:00,SKYW
43.635,44.0,43.635,43.8301,1316,2020-12-08 15:10:00,SKYW
43.735,43.735,43.56,43.56,1914,2020-12-08 15:15:00,SKYW
43.54,43.62,43.47,43.62,6012,2020-12-08 15:20:00,SKYW
43.69,43.72,43.65,43.65,303,2020-12-08 15:25:00,SKYW
43.55,43.58,43.32,43.32,6202,2020-12-08 15:30:00,SKYW
43.43,43.46,43.4,43.43,1238,2020-12-08 15:35:00,SKYW
43.38,43.41,43.27,43.27,1743,2020-12-08 15:40:00,SKYW
43.37,43.38,43.08,43.2123,2158,2020-12-08 15:45:00,SKYW
43.165,43.23,43.075,43.145,1834,2020-12-08 15:50:00,SKYW
43.15,43.27,43.15,43.26,900,2020-12-08 15:55:00,SKYW
43.26,43.37,43.26,43.29,1906,2020-12-08 16:00:00,SKYW
43.37,43.48,43.34,43.48,3740,2020-12-08 16:05:00,SKYW
43.365,43.49,43.35,43.355,1855,2020-12-08 16:10:00,SKYW
43.37,43.5,43.23,43.2939,5860,2020-12-08 16:15:00,SKYW
43.28,43.42,43.26,43.3,4633,2020-12-08 16:20:00,SKYW
43.42,43.42,43.35,43.35,900,2020-12-08 16:25:00,SKYW
43.35,43.42,43.32,43.34,700,2020-12-08 16:30:00,SKYW
43.39,43.41,43.29,43.41,3487,2020-12-08 16:35:00,SKYW
43.37,43.42,43.36,43.42,800,2020-12-08 16:40:00,SKYW
43.43,43.59,43.43,43.59,2849,2020-12-08 16:45:00,SKYW
43.56,43.62,43.54,43.61,5689,2020-12-08 16:50:00,SKYW
43.59,43.59,43.38,43.42,1982,2020-12-08 16:55:00,SKYW
43.47,43.5,43.32,43.32,2136,2020-12-08 17:00:00,SKYW
43.29,43.36,43.28,43.36,1500,2020-12-08 17:05:00,SKYW
43.39,43.45,43.31,43.39,1527,2020-12-08 17:10:00,SKYW
43.45,43.51,43.45,43.495,600,2020-12-08 17:15:00,SKYW
43.5114,43.55,43.48,43.525,1414,2020-12-08 17:20:00,SKYW
43.63,43.69,43.59,43.68,3687,2020-12-08 17:25:00,SKYW
43.6425,43.655,43.57,43.57,613,2020-12-08 17:30:00,SKYW
43.5,43.6099,43.49,43.6099,829,2020-12-08 17:40:00,SKYW
43.5,43.55,43.49,43.55,950,2020-12-08 17:45:00,SKYW
43.52,43.69,43.52,43.605,5534,2020-12-08 17:50:00,SKYW
43.48,43.48,43.48,43.48,211,2020-12-08 17:55:00,SKYW
43.51,43.51,43.38,43.42,1200,2020-12-08 18:00:00,SKYW
43.38,43.38,43.21,43.26,1757,2020-12-08 18:05:00,SKYW
43.23,43.4,43.23,43.4,1300,2020-12-08 18:10:00,SKYW
43.425,43.53,43.425,43.53,400,2020-12-08 18:15:00,SKYW
43.5,43.56,43.45,43.56,1190,2020-12-08 18:20:00,SKYW
43.5325,43.56,43.48,43.54,2370,2020-12-08 18:25:00,SKYW
43.56,43.78,43.56,43.73,2400,2020-12-08 18:30:00,SKYW
43.765,43.87,43.68,43.78,5348,2020-12-08 18:35:00,SKYW
43.735,43.81,43.735,43.81,4247,2020-12-08 18:40:00,SKYW
43.78,43.84,43.74,43.775,2689,2020-12-08 18:45:00,SKYW
43.775,43.805,43.74,43.76,2655,2020-12-08 18:50:00,SKYW
43.755,43.77,43.69,43.77,1812,2020-12-08 18:55:00,SKYW
43.73,43.76,43.73,43.735,1500,2020-12-08 19:00:00,SKYW
43.72,43.82,43.71,43.75,1821,2020-12-08 19:05:00,SKYW
43.79,43.95,43.79,43.95,1000,2020-12-08 19:10:00,SKYW
43.91,43.94,43.84,43.94,2915,2020-12-08 19:15:00,SKYW
43.97,43.98,43.95,43.98,1083,2020-12-08 19:20:00,SKYW
43.99,43.99,43.81,43.83,3456,2020-12-08 19:25:00,SKYW
43.83,43.83,43.66,43.695,2900,2020-12-08 19:30:00,SKYW
43.695,43.73,43.6775,43.725,4100,2020-12-08 19:35:00,SKYW
43.73,43.73,43.65,43.65,1663,2020-12-08 19:40:00,SKYW
43.66,43.6941,43.62,43.66,2414,2020-12-08 19:45:00,SKYW
43.66,43.66,43.54,43.58,2012,2020-12-08 19:50:00,SKYW
43.55,43.55,43.38,43.47,2500,2020-12-08 19:55:00,SKYW
43.43,43.47,43.42,43.42,2925,2020-12-08 20:00:00,SKYW
43.44,43.44,43.39,43.39,1200,2020-12-08 20:05:00,SKYW
43.36,43.39,43.35,43.36,3462,2020-12-08 20:10:00,SKYW
43.36,43.45,43.34,43.4499,6800,2020-12-08 20:15:00,SKYW
43.42,43.445,43.38,43.425,6987,2020-12-08 20:20:00,SKYW
43.43,43.447,43.39,43.39,4970,2020-12-08 20:25:00,SKYW
43.41,43.49,43.38,43.42,5606,2020-12-08 20:30:00,SKYW
43.45,43.45,43.37,43.41,5257,2020-12-08 20:35:00,SKYW
43.4,43.56,43.4,43.55,6227,2020-12-08 20:40:00,SKYW
43.56,43.675,43.56,43.615,7920,2020-12-08 20:45:00,SKYW
43.6,43.75,43.585,43.675,12895,2020-12-08 20:50:00,SKYW
43.68,43.71,43.53,43.59,22470,2020-12-08 20:55:00,SKYW
43.65,43.65,43.65,43.65,203559,2020-12-08 21:00:00,SKYW
44.09,44.23,44.09,44.23,900,2020-12-08 21:05:00,SKYW
43.0,43.0,43.0,43.0,339,2020-12-08 21:45:00,SKYW
43.65,43.65,43.65,43.65,100,2020-12-08 23:15:00,SKYW
44.45,44.45,44.45,44.45,313,2020-12-09 14:25:00,SKYW
44.44,44.79,44.21,44.5212,19530,2020-12-09 14:30:00,SKYW
44.41,44.54,44.3355,44.54,1500,2020-12-09 14:35:00,SKYW
44.8799,44.8799,44.7563,44.7563,887,2020-12-09 14:40:00,SKYW
44.81,44.86,44.57,44.58,3882,2020-12-09 14:45:00,SKYW
44.61,44.61,44.43,44.595,3719,2020-12-09 14:50:00,SKYW
44.595,44.7,44.57,44.64,2050,2020-12-09 14:55:00,SKYW
44.71,44.82,44.57,44.57,1900,2020-12-09 15:00:00,SKYW
44.48,44.73,44.4754,44.73,714,2020-12-09 15:05:00,SKYW
44.665,44.665,44.37,44.57,1611,2020-12-09 15:10:00,SKYW
44.525,44.74,44.48,44.74,1348,2020-12-09 15:15:00,SKYW
44.7,44.7,44.54,44.54,1455,2020-12-09 15:20:00,SKYW
44.54,44.61,44.54,44.6,1600,2020-12-09 15:25:00,SKYW
44.65,44.795,44.515,44.515,4200,2020-12-09 15:30:00,SKYW
44.525,44.6,44.52,44.585,2816,2020-12-09 15:35:00,SKYW
44.595,44.6,44.52,44.58,2340,2020-12-09 15:40:00,SKYW
44.42,44.4477,44.23,44.27,3767,2020-12-09 15:45:00,SKYW
44.3079,44.37,44.23,44.23,1620,2020-12-09 15:50:00,SKYW
44.24,44.33,43.99,44.08,7861,2020-12-09 15:55:00,SKYW
44.085,44.13,44.05,44.05,300,2020-12-09 16:00:00,SKYW
43.97,44.0,43.86,43.99,2237,2020-12-09 16:05:00,SKYW
43.92,44.0,43.89,43.94,3845,2020-12-09 16:10:00,SKYW
43.89,44.01,43.76,43.76,1500,2020-12-09 16:15:00,SKYW
43.69,43.85,43.69,43.8,1039,2020-12-09 16:20:00,SKYW
43.79,43.79,43.6894,43.69,700,2020-12-09 16:25:00,SKYW
43.69,43.855,43.69,43.83,3900,2020-12-09 16:30:00,SKYW
43.805,43.88,43.805,43.85,500,2020-12-09 16:35:00,SKYW
43.85,43.96,43.84,43.84,2500,2020-12-09 16:40:00,SKYW
43.92,43.9243,43.92,43.9243,550,2020-12-09 16:45:00,SKYW
43.89,43.96,43.86,43.9423,1000,2020-12-09 16:50:00,SKYW
43.935,44.04,43.935,44.04,3701,2020-12-09 16:55:00,SKYW
44.06,44.06,44.06,44.06,600,2020-12-09 17:00:00,SKYW
44.22,44.22,44.22,44.22,100,2020-12-09 17:05:00,SKYW
44.25,44.28,44.2,44.2,800,2020-12-09 17:10:00,SKYW
44.3399,44.355,44.2593,44.34,3235,2020-12-09 17:15:00,SKYW
44.35,44.425,44.35,44.39,600,2020-12-09 17:20:00,SKYW
44.33,44.33,44.24,44.28,900,2020-12-09 17:25:00,SKYW
44.24,44.24,44.15,44.15,413,2020-12-09 17:30:00,SKYW
44.18,44.35,44.14,44.35,2100,2020-12-09 17:35:00,SKYW
44.32,44.32,44.27,44.32,300,2020-12-09 17:40:00,SKYW
44.225,44.225,44.11,44.11,4164,2020-12-09 17:45:00,SKYW
44.0725,44.18,44.0725,44.1,1700,2020-12-09 17:50:00,SKYW
44.25,44.26,44.23,44.23,400,2020-12-09 17:55:00,SKYW
44.22,44.265,44.165,44.165,500,2020-12-09 18:00:00,SKYW
44.2,44.45,44.14,44.45,20130,2020-12-09 18:05:00,SKYW
44.37,44.38,44.2639,44.2639,1000,2020-12-09 18:10:00,SKYW
44.315,44.36,44.29,44.34,1200,2020-12-09 18:15:00,SKYW
44.29,44.35,44.25,44.295,1625,2020-12-09 18:20:00,SKYW
44.25,44.27,44.1,44.1,1595,2020-12-09 18:25:00,SKYW
44.115,44.115,43.8,43.8,3763,2020-12-09 18:30:00,SKYW
43.6097,43.74,43.59,43.59,1411,2020-12-09 18:35:00,SKYW
43.72,43.84,43.6,43.6412,3200,2020-12-09 18:40:00,SKYW
43.64,43.64,43.51,43.61,1170,2020-12-09 18:45:00,SKYW
43.56,43.6302,43.45,43.45,1700,2020-12-09 18:50:00,SKYW
43.33,43.33,43.03,43.03,3691,2020-12-09 18:55:00,SKYW
43.09,43.29,43.09,43.29,1993,2020-12-09 19:00:00,SKYW
43.25,43.39,43.25,43.39,600,2020-12-09 19:05:00,SKYW
43.3662,43.39,43.22,43.31,4000,2020-12-09 19:10:00,SKYW
43.375,43.3865,43.24,43.3865,900,2020-12-09 19:15:00,SKYW
43.4,43.61,43.375,43.61,1400,2020-12-09 19:20:00,SKYW
43.64,43.79,43.64,43.79,820,2020-12-09 19:25:00,SKYW
43.75,43.995,43.74,43.85,2044,2020-12-09 19:30:00,SKYW
43.76,43.8673,43.76,43.8673,500,2020-12-09 19:35:00,SKYW
43.71,43.86,43.67,43.67,661,2020-12-09 19:40:00,SKYW
43.6641,43.85,43.61,43.85,2537,2020-12-09 19:45:00,SKYW
43.7856,43.84,43.72,43.84,1855,2020-12-09 19:50:00,SKYW
43.98,43.98,43.9,43.9,200,2020-12-09 19:55:00,SKYW
43.95,43.96,43.775,43.775,1621,2020-12-09 20:00:00,SKYW
43.83,43.92,43.83,43.85,1799,2020-12-09 20:05:00,SKYW
43.8,43.8,43.61,43.61,1000,2020-12-09 20:10:00,SKYW
43.62,43.73,43.62,43.73,2900,2020-12-09 20:15:00,SKYW
43.76,43.76,43.635,43.635,700,2020-12-09 20:20:00,SKYW
43.63,43.63,43.53,43.63,2100,2020-12-09 20:25:00,SKYW
43.64,43.83,43.585,43.64,2700,2020-12-09 20:30:00,SKYW
43.6336,43.71,43.58,43.58,1900,2020-12-09 20:35:00,SKYW
43.64,43.73,43.62,43.73,2316,2020-12-09 20:40:00,SKYW
43.78,43.99,43.705,43.94,11498,2020-12-09 20:45:00,SKYW
43.88,43.93,43.75,43.8,9810,2020-12-09 20:50:00,SKYW
43.83,43.95,43.74,43.87,15574,2020-12-09 20:55:00,SKYW
43.85,43.85,43.85,43.85,37329,2020-12-09 21:00:00,SKYW
44.95,44.95,44.95,44.95,188,2020-12-09 21:35:00,SKYW
44.0,44.0,44.0,44.0,100,2020-12-09 22:30:00,SKYW
43.11,43.6,43.0814,43.14,5148,2020-12-10 14:30:00,SKYW
43.07,43.76,42.8746,43.71,11646,2020-12-10 14:35:00,SKYW
43.825,44.05,43.44,43.44,1401,2020-12-10 14:40:00,SKYW
43.4639,43.7,43.4639,43.7,964,2020-12-10 14:45:00,SKYW
43.51,43.57,43.26,43.345,13095,2020-12-10 14:50:00,SKYW
43.59,43.59,43.5083,43.51,694,2020-12-10 14:55:00,SKYW
43.65,43.83,43.64,43.7,1209,2020-12-10 15:00:00,SKYW
43.57,43.57,43.475,43.5,448,2020-12-10 15:05:00,SKYW
43.7195,43.9,43.65,43.65,1300,2020-12-10 15:10:00,SKYW
43.52,43.7004,43.52,43.55,400,2020-12-10 15:15:00,SKYW
43.62,43.65,43.62,43.65,200,2020-12-10 15:20:00,SKYW
43.82,43.96,43.73,43.905,1000,2020-12-10 15:25:00,SKYW
43.82,43.83,43.76,43.76,2002,2020-12-10 15:30:00,SKYW
43.72,44.055,43.72,44.05,2465,2020-12-10 15:35:00,SKYW
44.055,44.16,44.045,44.16,1400,2020-12-10 15:40:00,SKYW
44.095,44.23,44.095,44.1,1148,2020-12-10 15:45:00,SKYW
44.09,44.09,44.09,44.09,100,2020-12-10 15:50:00,SKYW
43.9744,44.05,43.9744,44.045,795,2020-12-10 15:55:00,SKYW
44.09,44.17,44.06,44.12,2772,2020-12-10 16:00:00,SKYW
44.12,44.14,44.01,44.01,1400,2020-12-10 16:05:00,SKYW
43.99,44.11,43.99,44.07,400,2020-12-10 16:10:00,SKYW
44.105,44.1333,44.09,44.1333,400,2020-12-10 16:15:00,SKYW
44.2,44.23,44.08,44.13,734,2020-12-10 16:20:00,SKYW
44.23,44.23,44.085,44.085,300,2020-12-10 16:25:00,SKYW
44.14,44.15,44.1,44.1,400,2020-12-10 16:30:00,SKYW
44.06,44.06,43.93,43.93,600,2020-12-10 16:35:00,SKYW
43.94,43.955,43.93,43.955,500,2020-12-10 16:40:00,SKYW
43.93,44.055,43.93,44.025,500,2020-12-10 16:45:00,SKYW
43.98,44.0,43.97,43.97,300,2020-12-10 16:50:00,SKYW
43.99,44.1,43.99,44.02,512,2020-12-10 16:55:00,SKYW
44.0,44.1,44.0,44.04,1312,2020-12-10 17:00:00,SKYW
44.15,44.15,44.06,44.12,1000,2020-12-10 17:05:00,SKYW
44.14,44.14,44.14,44.14,300,2020-12-10 17:10:00,SKYW
44.14,44.195,44.14,44.19,1600,2020-12-10 17:15:00,SKYW
44.21,44.21,44.17,44.17,478,2020-12-10 17:20:00,SKYW
44.2087,44.23,44.2087,44.23,315,2020-12-10 17:25:00,SKYW
44.23,44.31,44.23,44.31,400,2020-12-10 17:30:00,SKYW
44.33,44.33,44.25,44.25,800,2020-12-10 17:35:00,SKYW
44.29,44.29,44.1314,44.1314,417,2020-12-10 17:40:00,SKYW
44.1,44.1,44.1,44.1,100,2020-12-10 17:45:00,SKYW
44.1,44.17,44.1,44.1628,726,2020-12-10 17:50:00,SKYW
44.16,44.16,44.15,44.15,200,2020-12-10 17:55:00,SKYW
44.085,44.085,44.03,44.03,200,2020-12-10 18:00:00,SKYW
44.13,44.21,44.11,44.21,490,2020-12-10 18:05:00,SKYW
44.23,44.34,44.21,44.29,1000,2020-12-10 18:10:00,SKYW
44.32,44.36,44.27,44.36,1501,2020-12-10 18:15:00,SKYW
44.36,44.4,44.32,44.38,700,2020-12-10 18:20:00,SKYW
44.36,44.41,44.34,44.38,1530,2020-12-10 18:25:00,SKYW
44.365,44.365,44.2701,44.3,4550,2020-12-10 18:30:00,SKYW
44.27,44.27,44.22,44.265,500,2020-12-10 18:35:00,SKYW
44.24,44.28,44.21,44.22,964,2020-12-10 18:40:00,SKYW
44.22,44.3,44.22,44.2501,1459,2020-12-10 18:45:00,SKYW
44.3041,44.3041,44.18,44.22,910,2020-12-10 18:55:00,SKYW
44.25,44.25,44.15,44.15,1100,2020-12-10 19:00:00,SKYW
44.16,44.26,44.16,44.26,885,2020-12-10 19:05:00,SKYW
44.18,44.23,44.17,44.23,400,2020-12-10 19:10:00,SKYW
44.15,44.206,44.06,44.12,2372,2020-12-10 19:15:00,SKYW
44.09,44.09,44.09,44.09,100,2020-12-10 19:20:00,SKYW
44.11,44.19,44.0701,44.13,2065,2020-12-10 19:25:00,SKYW
44.14,44.14,44.14,44.14,400,2020-12-10 19:30:00,SKYW
44.24,44.38,44.24,44.38,700,2020-12-10 19:35:00,SKYW
44.39,44.39,44.37,44.37,400,2020-12-10 19:40:00,SKYW
44.32,44.385,44.32,44.38,1556,2020-12-10 19:45:00,SKYW
44.47,44.503,44.47,44.5,2114,2020-12-10 19:50:00,SKYW
44.42,44.42,44.36,44.36,500,2020-12-10 19:55:00,SKYW
44.44,44.45,44.44,44.45,612,2020-12-10 20:00:00,SKYW
44.45,44.54,44.45,44.49,1350,2020-12-10 20:05:00,SKYW
44.51,44.58,44.51,44.535,900,2020-12-10 20:10:00,SKYW
44.54,44.63,44.5,44.57,2300,2020-12-10 20:15:00,SKYW
44.61,44.63,44.61,44.63,400,2020-12-10 20:20:00,SKYW
44.55,44.61,44.5,44.5,1309,2020-12-10 20:25:00,SKYW
44.52,44.56,44.43,44.45,1000,2020-12-10 20:30:00,SKYW
44.44,44.47,44.39,44.45,700,2020-12-10 20:35:00,SKYW
44.46,44.5,44.425,44.44,1645,2020-12-10 20:40:00,SKYW
44.42,44.55,44.42,44.55,1100,2020-12-10 20:45:00,SKYW
44.55,44.69,44.54,44.69,4900,2020-12-10 20:50:00,SKYW
44.69,44.7,44.5,44.57,9680,2020-12-10 20:55:00,SKYW
44.57,44.57,44.57,44.57,21723,2020-12-10 21:00:00,SKYW
44.99,45.0,44.99,45.0,200,2020-12-10 22:55:00,SKYW
45.2,45.2,45.2,45.2,100,2020-12-11 00:20:00,SKYW
44.0,44.0,44.0,44.0,200,2020-12-11 10:35:00,SKYW
43.91,43.91,43.91,43.91,3000,2020-12-11 12:00:00,SKYW
44.25,44.25,44.25,44.25,100,2020-12-11 12:55:00,SKYW
44.25,44.25,44.25,44.25,200,2020-12-11 13:05:00,SKYW
43.53,43.87,43.19,43.245,13620,2020-12-11 14:30:00,SKYW
43.4,43.711,43.13,43.711,2668,2020-12-11 14:35:00,SKYW
43.65,43.65,43.4,43.4,400,2020-12-11 14:40:00,SKYW
43.5603,43.63,43.1,43.17,4999,2020-12-11 14:45:00,SKYW
43.139,43.2999,43.02,43.04,2725,2020-12-11 14:50:00,SKYW
43.15,43.22,42.815,42.92,3979,2020-12-11 14:55:00,SKYW
42.92,43.055,42.92,43.0502,2322,2020-12-11 15:00:00,SKYW
43.015,43.2997,43.01,43.2997,1694,2020-12-11 15:05:00,SKYW
43.25,43.25,43.0,43.15,4149,2020-12-11 15:10:00,SKYW
43.16,43.4699,43.13,43.4699,1000,2020-12-11 15:15:00,SKYW
43.45,43.53,43.43,43.44,1978,2020-12-11 15:20:00,SKYW
43.51,43.63,43.49,43.63,2405,2020-12-11 15:25:00,SKYW
43.54,43.58,43.5,43.52,800,2020-12-11 15:30:00,SKYW
43.51,43.51,43.37,43.46,1800,2020-12-11 15:35:00,SKYW
43.37,43.41,43.3,43.3,750,2020-12-11 15:40:00,SKYW
43.29,43.5,43.28,43.5,3154,2020-12-11 15:45:00,SKYW
43.37,43.37,43.135,43.135,1050,2020-12-11 15:50:00,SKYW
43.04,43.22,43.03,43.18,1525,2020-12-11 15:55:00,SKYW
43.27,43.3202,43.26,43.3202,1767,2020-12-11 16:00:00,SKYW
43.265,43.265,43.14,43.14,600,2020-12-11 16:05:00,SKYW
43.14,43.155,43.085,43.085,514,2020-12-11 16:10:00,SKYW
43.05,43.11,43.05,43.06,786,2020-12-11 16:15:00,SKYW
43.05,43.1,42.93,42.94,1815,2020-12-11 16:20:00,SKYW
42.86,42.89,42.7757,42.7757,2386,2020-12-11 16:25:00,SKYW
42.815,42.87,42.775,42.81,1600,2020-12-11 16:30:00,SKYW
42.81,42.81,42.5301,42.695,8841,2020-12-11 16:35:00,SKYW
42.715,42.7699,42.5,42.5,1500,2020-12-11 16:40:00,SKYW
42.55,42.6799,42.54,42.6799,900,2020-12-11 16:45:00,SKYW
42.66,42.72,42.66,42.72,400,2020-12-11 16:50:00,SKYW
42.86,42.86,42.81,42.81,500,2020-12-11 16:55:00,SKYW
42.87,42.89,42.75,42.75,7422,2020-12-11 17:00:00,SKYW
42.75,42.755,42.62,42.75,6848,2020-12-11 17:05:00,SKYW
42.7331,42.735,42.54,42.54,2050,2020-12-11 17:10:00,SKYW
42.615,42.615,42.33,42.33,9179,2020-12-11 17:15:00,SKYW
42.38,42.455,42.23,42.435,2400,2020-12-11 17:20:00,SKYW
42.37,42.43,42.2801,42.42,1634,2020-12-11 17:25:00,SKYW
42.42,42.42,42.3,42.34,700,2020-12-11 17:30:00,SKYW
42.27,42.27,42.2,42.2,1517,2020-12-11 17:35:00,SKYW
42.18,42.3,42.18,42.22,1700,2020-12-11 17:40:00,SKYW
42.23,42.47,42.23,42.47,2134,2020-12-11 17:45:00,SKYW
42.445,42.5,42.41,42.5,900,2020-12-11 17:50:00,SKYW
42.455,42.55,42.42,42.55,4574,2020-12-11 17:55:00,SKYW
42.545,42.6,42.49,42.595,1499,2020-12-11 18:00:00,SKYW
42.5641,42.61,42.5641,42.61,396,2020-12-11 18:05:00,SKYW
42.615,42.7,42.615,42.7,420,2020-12-11 18:10:00,SKYW
42.67,42.67,42.62,42.625,630,2020-12-11 18:15:00,SKYW
42.58,42.65,42.58,42.65,600,2020-12-11 18:20:00,SKYW
42.68,42.85,42.6632,42.81,1559,2020-12-11 18:25:00,SKYW
42.81,42.82,42.78,42.78,600,2020-12-11 18:30:00,SKYW
42.83,42.83,42.8299,42.83,400,2020-12-11 18:35:00,SKYW
42.785,42.82,42.75,42.75,944,2020-12-11 18:40:00,SKYW
42.7616,42.77,42.73,42.73,1320,2020-12-11 18:45:00,SKYW
42.66,42.74,42.62,42.74,1500,2020-12-11 18:50:00,SKYW
42.74,42.7837,42.74,42.76,320,2020-12-11 18:55:00,SKYW
42.8,42.8,42.8,42.8,200,2020-12-11 19:00:00,SKYW
42.835,42.835,42.8059,42.8059,372,2020-12-11 19:05:00,SKYW
42.84,42.865,42.82,42.82,700,2020-12-11 19:10:00,SKYW
42.8436,42.955,42.8436,42.955,884,2020-12-11 19:15:00,SKYW
42.94,42.94,42.89,42.89,700,2020-12-11 19:20:00,SKYW
42.905,42.905,42.675,42.73,1335,2020-12-11 19:25:00,SKYW
42.7899,42.7899,42.66,42.66,217,2020-12-11 19:30:00,SKYW
42.7,42.72,42.68,42.72,1000,2020-12-11 19:35:00,SKYW
42.699,42.77,42.67,42.768,1506,2020-12-11 19:40:00,SKYW
42.74,42.79,42.69,42.79,2300,2020-12-11 19:45:00,SKYW
42.83,42.835,42.77,42.82,1600,2020-12-11 19:50:00,SKYW
42.81,42.83,42.81,42.83,500,2020-12-11 19:55:00,SKYW
42.83,42.92,42.82,42.86,2850,2020-12-11 20:00:00,SKYW
42.84,42.865,42.82,42.83,3696,2020-12-11 20:05:00,SKYW
42.835,42.88,42.82,42.88,3885,2020-12-11 20:10:00,SKYW
42.88,42.925,42.8301,42.925,8335,2020-12-11 20:15:00,SKYW
42.9,42.94,42.875,42.9,4096,2020-12-11 20:20:00,SKYW
42.9,42.9499,42.84,42.86,2050,2020-12-11 20:25:00,SKYW
42.89,42.89,42.71,42.77,7646,2020-12-11 20:30:00,SKYW
42.72,42.83,42.71,42.71,7226,2020-12-11 20:35:00,SKYW
42.705,42.72,42.63,42.63,9240,2020-12-11 20:40:00,SKYW
42.65,42.68,42.58,42.68,8742,2020-12-11 20:45:00,SKYW
42.69,42.93,42.685,42.82,17735,2020-12-11 20:50:00,SKYW
42.82,43.04,42.79,42.97,105812,2020-12-11 20:55:00,SKYW
42.97,42.97,42.97,42.97,239160,2020-12-11 21:00:00,SKYW
43.94,43.94,43.94,43.94,100,2020-12-14 14:25:00,SKYW
43.95,44.14,43.6201,44.025,9605,2020-12-14 14:30:00,SKYW
44.04,44.04,43.51,43.66,3496,2020-12-14 14:35:00,SKYW
43.77,43.89,43.61,43.8353,5980,2020-12-14 14:40:00,SKYW
43.82,43.82,43.61,43.655,1305,2020-12-14 14:45:00,SKYW
43.5966,43.61,43.14,43.15,6686,2020-12-14 14:50:00,SKYW
43.13,43.15,42.82,42.92,4512,2020-12-14 14:55:00,SKYW
43.03,43.03,42.73,42.765,3057,2020-12-14 15:00:00,SKYW
42.8099,42.94,42.67,42.84,7178,2020-12-14 15:05:00,SKYW
42.79,42.88,42.7,42.7,5258,2020-12-14 15:10:00,SKYW
42.61,42.81,42.61,42.78,2188,2020-12-14 15:15:00,SKYW
42.8799,42.8799,42.48,42.48,12881,2020-12-14 15:20:00,SKYW
42.3401,42.6699,42.3401,42.6,4802,2020-12-14 15:25:00,SKYW
42.65,42.66,42.48,42.535,1509,2020-12-14 15:30:00,SKYW
42.645,42.8099,42.645,42.7301,1832,2020-12-14 15:35:00,SKYW
42.79,42.79,42.74,42.78,2786,2020-12-14 15:40:00,SKYW
42.7301,42.7301,42.3597,42.3597,1340,2020-12-14 15:45:00,SKYW
42.3,42.3,42.035,42.245,3878,2020-12-14 15:50:00,SKYW
42.29,42.3,42.15,42.16,1300,2020-12-14 15:55:00,SKYW
42.07,42.2399,42.07,42.2399,500,2020-12-14 16:00:00,SKYW
42.38,42.44,42.33,42.33,1897,2020-12-14 16:05:00,SKYW
42.39,42.65,42.39,42.595,1221,2020-12-14 16:10:00,SKYW
42.6499,42.65,42.5601,42.615,2032,2020-12-14 16:15:00,SKYW
42.64,42.64,42.56,42.61,3000,2020-12-14 16:20:00,SKYW
42.65,42.67,42.4338,42.48,4082,2020-12-14 16:25:00,SKYW
42.46,42.47,42.3,42.35,820,2020-12-14 16:30:00,SKYW
42.42,42.5433,42.4,42.4,1414,2020-12-14 16:35:00,SKYW
42.43,42.57,42.43,42.57,933,2020-12-14 16:40:00,SKYW
42.44,42.625,42.44,42.62,900,2020-12-14 16:45:00,SKYW
42.625,42.625,42.625,42.625,100,2020-12-14 16:50:00,SKYW
42.55,42.58,42.49,42.58,500,2020-12-14 16:55:00,SKYW
42.52,42.665,42.52,42.665,1200,2020-12-14 17:00:00,SKYW
42.67,42.67,42.67,42.67,100,2020-12-14 17:05:00,SKYW
42.7,42.7,42.625,42.64,1874,2020-12-14 17:10:00,SKYW
42.59,42.63,42.44,42.44,1492,2020-12-14 17:15:00,SKYW
42.415,42.46,42.3589,42.46,425,2020-12-14 17:20:00,SKYW
42.53,42.64,42.53,42.64,800,2020-12-14 17:25:00,SKYW
42.7,42.73,42.48,42.48,1223,2020-12-14 17:30:00,SKYW
42.53,42.65,42.53,42.6236,910,2020-12-14 17:35:00,SKYW
42.58,42.59,42.58,42.59,500,2020-12-14 17:40:00,SKYW
42.54,42.58,42.515,42.56,1900,2020-12-14 17:45:00,SKYW
42.59,42.655,42.59,42.655,645,2020-12-14 17:50:00,SKYW
42.62,42.745,42.62,42.71,700,2020-12-14 17:55:00,SKYW
42.8,42.845,42.8,42.81,800,2020-12-14 18:00:00,SKYW
42.65,42.65,42.54,42.65,400,2020-12-14 18:05:00,SKYW
42.53,42.63,42.53,42.63,865,2020-12-14 18:10:00,SKYW
42.52,42.71,42.52,42.71,300,2020-12-14 18:15:00,SKYW
42.66,42.66,42.58,42.58,4928,2020-12-14 18:20:00,SKYW
42.59,42.68,42.59,42.68,650,2020-12-14 18:25:00,SKYW
42.6301,42.8199,42.6301,42.8199,1882,2020-12-14 18:30:00,SKYW
42.77,42.77,42.71,42.77,1500,2020-12-14 18:35:00,SKYW
42.69,42.8099,42.62,42.62,717,2020-12-14 18:40:00,SKYW
42.585,42.585,42.545,42.545,300,2020-12-14 18:45:00,SKYW
42.58,42.58,42.58,42.58,758,2020-12-14 18:50:00,SKYW
42.61,42.64,42.58,42.64,1035,2020-12-14 18:55:00,SKYW
42.73,42.73,42.61,42.67,1291,2020-12-14 19:00:00,SKYW
42.6836,42.74,42.66,42.72,826,2020-12-14 19:05:00,SKYW
42.695,42.695,42.62,42.625,500,2020-12-14 19:10:00,SKYW
42.65,42.7,42.61,42.66,1306,2020-12-14 19:15:00,SKYW
42.6,42.63,42.5901,42.5901,1190,2020-12-14 19:20:00,SKYW
42.68,42.72,42.61,42.6944,3254,2020-12-14 19:25:00,SKYW
42.66,42.7,42.63,42.66,663,2020-12-14 19:30:00,SKYW
42.62,42.69,42.6,42.69,1100,2020-12-14 19:35:00,SKYW
42.69,42.78,42.69,42.78,1140,2020-12-14 19:40:00,SKYW
42.78,42.87,42.76,42.83,700,2020-12-14 19:45:00,SKYW
42.795,42.96,42.795,42.96,1465,2020-12-14 19:50:00,SKYW
42.8996,43.08,42.8996,43.05,1420,2020-12-14 19:55:00,SKYW
42.99,43.04,42.92,43.04,1418,2020-12-14 20:00:00,SKYW
43.04,43.08,43.005,43.045,2155,2020-12-14 20:05:00,SKYW
43.08,43.11,43.0,43.035,2295,2020-12-14 20:10:00,SKYW
43.03,43.06,43.01,43.04,1143,2020-12-14 20:15:00,SKYW
43.01,43.15,43.01,43.15,3783,2020-12-14 20:20:00,SKYW
43.17,43.2259,43.15,43.185,2335,2020-12-14 20:25:00,SKYW
43.15,43.2,43.01,43.05,6500,2020-12-14 20:30:00,SKYW
43.07,43.145,43.04,43.095,6763,2020-12-14 20:35:00,SKYW
43.05,43.12,43.05,43.11,8492,2020-12-14 20:40:00,SKYW
43.07,43.14,43.005,43.14,9037,2020-12-14 20:45:00,SKYW
43.09,43.145,42.92,43.03,14793,2020-12-14 20:50:00,SKYW
42.99,43.04,42.82,42.93,12452,2020-12-14 20:55:00,SKYW
42.89,42.89,42.89,42.89,64256,2020-12-14 21:00:00,SKYW
43.0,43.0,43.0,43.0,500,2020-12-14 21:25:00,SKYW
43.55,43.55,43.45,43.45,300,2020-12-15 12:00:00,SKYW
42.865,43.6,42.865,43.445,5549,2020-12-15 14:30:00,SKYW
43.14,43.62,43.05,43.05,1116,2020-12-15 14:35:00,SKYW
43.25,43.32,43.25,43.32,1100,2020-12-15 14:40:00,SKYW
42.89,42.9299,42.4601,42.74,2026,2020-12-15 14:45:00,SKYW
42.73,42.89,42.68,42.89,1643,2020-12-15 14:50:00,SKYW
42.6001,42.9499,42.6001,42.74,534,2020-12-15 14:55:00,SKYW
42.735,42.91,42.6335,42.78,804,2020-12-15 15:00:00,SKYW
42.78,43.05,42.78,43.05,1676,2020-12-15 15:05:00,SKYW
42.84,42.9,42.76,42.84,3937,2020-12-15 15:10:00,SKYW
42.76,42.91,42.74,42.91,4841,2020-12-15 15:15:00,SKYW
42.87,42.9,42.75,42.79,4280,2020-12-15 15:20:00,SKYW
42.82,42.89,42.78,42.78,1000,2020-12-15 15:25:00,SKYW
42.8899,42.91,42.755,42.9,2000,2020-12-15 15:30:00,SKYW
42.86,42.89,42.6785,42.6785,2084,2020-12-15 15:35:00,SKYW
42.7,42.7,42.56,42.69,1751,2020-12-15 15:40:00,SKYW
42.8,42.9199,42.755,42.85,1100,2020-12-15 15:45:00,SKYW
42.86,43.035,42.8001,43.035,1720,2020-12-15 15:50:00,SKYW
43.08,43.29,43.0711,43.1601,1233,2020-12-15 15:55:00,SKYW
43.24,43.24,42.98,42.98,831,2020-12-15 16:00:00,SKYW
43.04,43.12,42.97,43.12,800,2020-12-15 16:05:00,SKYW
43.19,43.36,43.18,43.3465,1350,2020-12-15 16:10:00,SKYW
43.29,43.2975,43.16,43.2001,1923,2020-12-15 16:15:00,SKYW
43.305,43.4,43.3,43.38,1019,2020-12-15 16:20:00,SKYW
43.49,43.535,43.32,43.45,2275,2020-12-15 16:25:00,SKYW
43.385,43.48,43.385,43.48,500,2020-12-15 16:30:00,SKYW
43.385,43.385,43.26,43.27,700,2020-12-15 16:35:00,SKYW
43.33,43.43,43.33,43.42,309,2020-12-15 16:40:00,SKYW
43.4,43.41,43.3201,43.41,2252,2020-12-15 16:45:00,SKYW
43.39,43.44,43.39,43.4,550,2020-12-15 16:50:00,SKYW
43.27,43.27,43.1,43.2,1032,2020-12-15 16:55:00,SKYW
43.17,43.17,43.145,43.145,733,2020-12-15 17:00:00,SKYW
43.1236,43.1236,42.99,43.0,803,2020-12-15 17:05:00,SKYW
43.0499,43.0499,42.925,42.99,724,2020-12-15 17:10:00,SKYW
43.035,43.035,43.035,43.035,200,2020-12-15 17:15:00,SKYW
43.04,43.0945,43.04,43.085,1107,2020-12-15 17:20:00,SKYW
43.08,43.14,43.04,43.04,1800,2020-12-15 17:25:00,SKYW
43.05,43.13,43.05,43.1,890,2020-12-15 17:30:00,SKYW
43.07,43.2,43.07,43.2,1502,2020-12-15 17:35:00,SKYW
43.26,43.33,43.26,43.27,1100,2020-12-15 17:40:00,SKYW
43.2401,43.405,43.2401,43.405,521,2020-12-15 17:45:00,SKYW
43.38,43.525,43.38,43.485,1607,2020-12-15 17:50:00,SKYW
43.525,43.6264,43.475,43.6264,884,2020-12-15 17:55:00,SKYW
43.655,43.7,43.655,43.685,500,2020-12-15 18:00:00,SKYW
43.72,43.829,43.71,43.79,1900,2020-12-15 18:05:00,SKYW
43.79,43.875,43.78,43.875,1449,2020-12-15 18:10:00,SKYW
43.925,43.94,43.91,43.91,469,2020-12-15 18:15:00,SKYW
43.875,43.9,43.81,43.85,876,2020-12-15 18:20:00,SKYW
43.885,43.89,43.73,43.845,1600,2020-12-15 18:25:00,SKYW
43.85,43.96,43.85,43.89,4814,2020-12-15 18:30:00,SKYW
43.97,44.0,43.92,43.92,1904,2020-12-15 18:35:00,SKYW
44.0,44.06,43.97,44.06,2000,2020-12-15 18:40:00,SKYW
44.02,44.09,44.009,44.045,1870,2020-12-15 18:45:00,SKYW
44.07,44.12,44.02,44.06,2862,2020-12-15 18:50:00,SKYW
44.03,44.03,43.99,44.025,500,2020-12-15 18:55:00,SKYW
44.05,44.06,43.9212,44.0,1502,2020-12-15 19:00:00,SKYW
43.98,44.0,43.7901,43.8,1046,2020-12-15 19:05:00,SKYW
43.92,43.97,43.875,43.925,1067,2020-12-15 19:10:00,SKYW
43.87,43.88,43.83,43.88,600,2020-12-15 19:15:00,SKYW
43.87,43.98,43.87,43.95,1488,2020-12-15 19:20:00,SKYW
43.98,44.0,43.96,44.0,1700,2020-12-15 19:30:00,SKYW
44.05,44.1,43.9717,43.98,2400,2020-12-15 19:35:00,SKYW
44.01,44.04,43.96,44.025,1769,2020-12-15 19:40:00,SKYW
44.05,44.1,43.8701,43.8701,2208,2020-12-15 19:45:00,SKYW
43.93,43.93,43.83,43.93,3135,2020-12-15 19:50:00,SKYW
43.925,44.02,43.925,44.02,1029,2020-12-15 19:55:00,SKYW
44.065,44.065,44.03,44.05,1058,2020-12-15 20:00:00,SKYW
44.08,44.17,44.08,44.15,1670,2020-12-15 20:05:00,SKYW
44.155,44.22,44.155,44.22,1421,2020-12-15 20:10:00,SKYW
44.295,44.31,44.09,44.125,1211,2020-12-15 20:15:00,SKYW
44.125,44.125,44.03,44.07,2500,2020-12-15 20:20:00,SKYW
44.06,44.08,43.94,43.94,2431,2020-12-15 20:25:00,SKYW
43.89,44.03,43.89,44.01,3866,2020-12-15 20:30:00,SKYW
43.99,44.11,43.99,44.11,2515,2020-12-15 20:35:00,SKYW
44.065,44.18,44.0474,44.16,4440,2020-12-15 20:40:00,SKYW
44.16,44.27,44.13,44.215,4006,2020-12-15 20:45:00,SKYW
44.18,44.21,44.03,44.03,8958,2020-12-15 20:50:00,SKYW
44.11,44.19,43.98,44.16,32467,2020-12-15 20:55:00,SKYW
44.16,44.16,44.16,44.16,34426,2020-12-15 21:00:00,SKYW
44.16,44.16,44.16,44.16,3300,2020-12-15 21:10:00,SKYW
43.85,43.97,43.445,43.82,8074,2020-12-16 14:30:00,SKYW
43.44,43.56,43.25,43.56,32107,2020-12-16 14:35:00,SKYW
43.8,43.89,43.555,43.86,7505,2020-12-16 14:40:00,SKYW
43.94,44.12,43.805,43.82,2910,2020-12-16 14:45:00,SKYW
44.01,44.06,43.92,43.97,2701,2020-12-16 14:50:00,SKYW
43.94,43.94,43.81,43.85,6479,2020-12-16 14:55:00,SKYW
43.85,43.91,43.21,43.22,4557,2020-12-16 15:00:00,SKYW
43.29,43.3,42.81,42.95,7987,2020-12-16 15:05:00,SKYW
42.885,43.25,42.75,43.11,18711,2020-12-16 15:10:00,SKYW
43.11,43.24,42.99,43.11,12263,2020-12-16 15:15:00,SKYW
43.11,43.21,42.83,43.08,10000,2020-12-16 15:20:00,SKYW
43.07,43.18,42.99,43.04,4300,2020-12-16 15:25:00,SKYW
43.08,43.18,43.07,43.18,1900,2020-12-16 15:30:00,SKYW
43.18,43.22,43.04,43.15,8928,2020-12-16 15:35:00,SKYW
43.135,43.15,42.91,43.08,5490,2020-12-16 15:40:00,SKYW
43.075,43.15,42.99,42.99,3231,2020-12-16 15:45:00,SKYW
43.02,43.14,43.015,43.04,1681,2020-12-16 15:50:00,SKYW
43.01,43.2238,43.01,43.2238,4238,2020-12-16 15:55:00,SKYW
43.13,43.16,43.11,43.14,1000,2020-12-16 16:00:00,SKYW
43.19,43.26,43.15,43.26,2300,2020-12-16 16:05:00,SKYW
43.2011,43.27,43.14,43.15,2720,2020-12-16 16:10:00,SKYW
43.205,43.29,43.205,43.29,400,2020-12-16 16:15:00,SKYW
43.3,43.4,43.261,43.4,700,2020-12-16 16:20:00,SKYW
43.35,43.43,43.35,43.41,525,2020-12-16 16:25:00,SKYW
43.46,43.47,43.35,43.35,1200,2020-12-16 16:30:00,SKYW
43.31,43.44,43.31,43.38,1800,2020-12-16 16:35:00,SKYW
43.435,43.58,43.435,43.58,600,2020-12-16 16:40:00,SKYW
43.56,43.61,43.43,43.51,1681,2020-12-16 16:45:00,SKYW
43.51,43.51,43.31,43.44,2300,2020-12-16 16:50:00,SKYW
43.44,43.57,43.44,43.49,2263,2020-12-16 16:55:00,SKYW
43.53,43.575,43.45,43.45,1451,2020-12-16 17:00:00,SKYW
43.48,43.59,43.46,43.59,1500,2020-12-16 17:05:00,SKYW
43.62,43.63,43.55,43.55,700,2020-12-16 17:10:00,SKYW
43.505,43.61,43.46,43.54,1591,2020-12-16 17:15:00,SKYW
43.48,43.48,43.48,43.48,300,2020-12-16 17:20:00,SKYW
43.4575,43.55,43.4575,43.55,1100,2020-12-16 17:25:00,SKYW
43.47,43.49,43.47,43.49,300,2020-12-16 17:30:00,SKYW
43.5147,43.54,43.5147,43.54,305,2020-12-16 17:35:00,SKYW
43.555,43.58,43.45,43.4608,2313,2020-12-16 17:40:00,SKYW
43.48,43.5,43.43,43.48,3374,2020-12-16 17:45:00,SKYW
43.5031,43.5031,43.42,43.48,2428,2020-12-16 17:50:00,SKYW
43.47,43.48,43.47,43.48,500,2020-12-16 17:55:00,SKYW
43.45,43.52,43.45,43.45,600,2020-12-16 18:00:00,SKYW
43.47,43.49,43.45,43.48,1200,2020-12-16 18:05:00,SKYW
43.465,43.48,43.43,43.47,3300,2020-12-16 18:10:00,SKYW
43.47,43.5,43.375,43.395,2860,2020-12-16 18:15:00,SKYW
43.35,43.35,43.2713,43.3,780,2020-12-16 18:20:00,SKYW
43.28,43.3,43.265,43.3,900,2020-12-16 18:25:00,SKYW
43.3104,43.34,43.275,43.275,1260,2020-12-16 18:30:00,SKYW
43.2,43.27,43.2,43.27,400,2020-12-16 18:35:00,SKYW
43.26,43.26,43.22,43.25,400,2020-12-16 18:40:00,SKYW
43.25,43.28,43.24,43.27,3486,2020-12-16 18:45:00,SKYW
43.275,43.29,43.18,43.225,2600,2020-12-16 18:50:00,SKYW
43.2627,43.2627,43.22,43.26,500,2020-12-16 18:55:00,SKYW
43.24,43.28,43.19,43.26,1449,2020-12-16 19:00:00,SKYW
43.2,43.2,43.035,43.035,700,2020-12-16 19:05:00,SKYW
43.1,43.1461,43.01,43.01,3970,2020-12-16 19:10:00,SKYW
43.04,43.04,43.0,43.005,1400,2020-12-16 19:15:00,SKYW
43.015,43.03,42.995,43.005,1100,2020-12-16 19:20:00,SKYW
43.0,43.01,42.93,42.95,1918,2020-12-16 19:25:00,SKYW
42.91,42.95,42.88,42.95,1764,2020-12-16 19:30:00,SKYW
43.02,43.21,43.02,43.21,500,2020-12-16 19:35:00,SKYW
43.295,43.295,43.1463,43.16,2100,2020-12-16 19:40:00,SKYW
43.21,43.235,43.2,43.235,1800,2020-12-16 19:45:00,SKYW
43.21,43.27,43.135,43.21,4061,2020-12-16 19:50:00,SKYW
43.21,43.32,43.21,43.32,1100,2020-12-16 19:55:00,SKYW
43.2878,43.34,43.2878,43.34,1800,2020-12-16 20:00:00,SKYW
43.36,43.37,43.27,43.27,1400,2020-12-16 20:05:00,SKYW
43.265,43.41,43.265,43.41,1808,2020-12-16 20:10:00,SKYW
43.46,43.53,43.43,43.53,3511,2020-12-16 20:15:00,SKYW
43.59,43.65,43.57,43.65,1100,2020-12-16 20:20:00,SKYW
43.66,43.69,43.45,43.5,1833,2020-12-16 20:25:00,SKYW
43.54,43.57,43.54,43.57,1514,2020-12-16 20:30:00,SKYW
43.5662,43.5662,43.34,43.4,1957,2020-12-16 20:35:00,SKYW
43.46,43.46,43.38,43.4,3200,2020-12-16 20:40:00,SKYW
43.36,43.51,43.36,43.51,3819,2020-12-16 20:45:00,SKYW
43.43,43.43,43.27,43.27,4001,2020-12-16 20:50:00,SKYW
43.26,43.34,43.18,43.24,31346,2020-12-16 20:55:00,SKYW
43.245,43.245,43.245,43.245,122778,2020-12-16 21:00:00,SKYW
43.32,43.37,42.7301,42.96,8579,2020-12-17 14:30:00,SKYW
43.13,43.2738,42.78,42.78,2908,2020-12-17 14:35:00,SKYW
42.955,43.08,42.61,42.725,6311,2020-12-17 14:40:00,SKYW
42.7,42.7108,42.56,42.645,3763,2020-12-17 14:45:00,SKYW
42.76,42.788,42.4,42.46,22472,2020-12-17 14:50:00,SKYW
42.425,42.69,42.425,42.56,6448,2020-12-17 14:55:00,SKYW
42.575,42.59,42.43,42.515,3765,2020-12-17 15:00:00,SKYW
42.38,42.54,42.37,42.43,4010,2020-12-17 15:05:00,SKYW
42.37,42.59,42.36,42.54,7350,2020-12-17 15:10:00,SKYW
42.515,42.62,42.28,42.37,3921,2020-12-17 15:15:00,SKYW
42.36,42.45,42.33,42.41,3016,2020-12-17 15:20:00,SKYW
42.38,42.39,42.23,42.28,14495,2020-12-17 15:25:00,SKYW
42.23,42.23,41.68,41.73,8124,2020-12-17 15:30:00,SKYW
41.73,41.9463,41.71,41.77,3444,2020-12-17 15:35:00,SKYW
41.82,41.83,41.6,41.71,7435,2020-12-17 15:40:00,SKYW
41.8,42.02,41.8,42.02,1100,2020-12-17 15:45:00,SKYW
41.995,42.07,41.85,41.99,2600,2020-12-17 15:50:00,SKYW
42.09,42.3,42.09,42.3,900,2020-12-17 15:55:00,SKYW
42.29,42.29,42.16,42.16,1001,2020-12-17 16:00:00,SKYW
42.21,42.21,42.0,42.15,1900,2020-12-17 16:05:00,SKYW
42.19,42.27,42.18,42.27,1200,2020-12-17 16:10:00,SKYW
42.32,42.4,42.28,42.4,700,2020-12-17 16:15:00,SKYW
42.415,42.55,42.415,42.47,1336,2020-12-17 16:20:00,SKYW
42.46,42.46,42.43,42.44,534,2020-12-17 16:25:00,SKYW
42.4,42.52,42.39,42.52,1196,2020-12-17 16:30:00,SKYW
42.48,42.54,42.48,42.54,400,2020-12-17 16:35:00,SKYW
42.46,42.54,42.46,42.49,800,2020-12-17 16:40:00,SKYW
42.37,42.43,42.37,42.43,500,2020-12-17 16:45:00,SKYW
42.4241,42.4241,42.33,42.3301,1430,2020-12-17 16:50:00,SKYW
42.3301,42.52,42.3301,42.52,609,2020-12-17 16:55:00,SKYW
42.5221,42.62,42.52,42.6,2250,2020-12-17 17:00:00,SKYW
42.63,42.63,42.44,42.53,2506,2020-12-17 17:05:00,SKYW
42.5339,42.56,42.5042,42.5042,1075,2020-12-17 17:10:00,SKYW
42.47,42.51,42.47,42.48,600,2020-12-17 17:15:00,SKYW
42.55,42.65,42.55,42.62,5312,2020-12-17 17:20:00,SKYW
42.63,42.66,42.57,42.58,700,2020-12-17 17:25:00,SKYW
42.61,42.61,42.56,42.57,400,2020-12-17 17:30:00,SKYW
42.56,42.56,42.52,42.52,500,2020-12-17 17:35:00,SKYW
42.535,42.56,42.4601,42.4601,1266,2020-12-17 17:40:00,SKYW
42.46,42.56,42.46,42.56,400,2020-12-17 17:45:00,SKYW
42.5,42.5,42.5,42.5,100,2020-12-17 17:50:00,SKYW
42.57,42.59,42.53,42.56,1050,2020-12-17 17:55:00,SKYW
42.59,42.61,42.59,42.61,200,2020-12-17 18:00:00,SKYW
42.61,42.67,42.61,42.655,500,2020-12-17 18:05:00,SKYW
42.675,42.675,42.5766,42.5766,600,2020-12-17 18:10:00,SKYW
42.58,42.62,42.56,42.62,1100,2020-12-17 18:15:00,SKYW
42.7,42.7,42.67,42.67,617,2020-12-17 18:20:00,SKYW
42.73,42.77,42.717,42.717,900,2020-12-17 18:25:00,SKYW
42.73,42.73,42.66,42.66,400,2020-12-17 18:30:00,SKYW
42.7259,42.73,42.7259,42.73,213,2020-12-17 18:35:00,SKYW
42.71,42.71,42.6,42.6,300,2020-12-17 18:40:00,SKYW
42.68,42.68,42.4301,42.58,3504,2020-12-17 18:45:00,SKYW
42.47,42.53,42.47,42.53,200,2020-12-17 18:50:00,SKYW
42.53,42.6,42.53,42.6,635,2020-12-17 18:55:00,SKYW
42.6433,42.6433,42.53,42.53,442,2020-12-17 19:00:00,SKYW
42.59,42.59,42.59,42.59,100,2020-12-17 19:05:00,SKYW
42.57,42.57,42.47,42.52,1000,2020-12-17 19:10:00,SKYW
42.48,42.57,42.48,42.51,578,2020-12-17 19:15:00,SKYW
42.5,42.64,42.5,42.59,900,2020-12-17 19:20:00,SKYW
42.605,42.61,42.59,42.59,1000,2020-12-17 19:25:00,SKYW
42.59,42.59,42.59,42.59,200,2020-12-17 19:30:00,SKYW
42.63,42.65,42.6,42.6,1200,2020-12-17 19:35:00,SKYW
42.62,42.62,42.61,42.61,200,2020-12-17 19:40:00,SKYW
42.65,42.67,42.63,42.63,1000,2020-12-17 19:45:00,SKYW
42.62,42.62,42.6,42.62,800,2020-12-17 19:50:00,SKYW
42.59,42.62,42.54,42.62,800,2020-12-17 19:55:00,SKYW
42.7,42.7,42.64,42.64,934,2020-12-17 20:00:00,SKYW
42.67,42.67,42.67,42.67,100,2020-12-17 20:05:00,SKYW
42.69,42.72,42.66,42.66,2680,2020-12-17 20:10:00,SKYW
42.675,42.73,42.675,42.73,1500,2020-12-17 20:15:00,SKYW
42.74,42.74,42.67,42.72,2195,2020-12-17 20:20:00,SKYW
42.7154,42.75,42.69,42.725,4305,2020-12-17 20:25:00,SKYW
42.7,42.71,42.62,42.62,717,2020-12-17 20:30:00,SKYW
42.64,42.76,42.64,42.73,2334,2020-12-17 20:35:00,SKYW
42.73,42.764,42.71,42.7467,2864,2020-12-17 20:40:00,SKYW
42.72,42.8,42.72,42.72,3805,2020-12-17 20:45:00,SKYW
42.75,42.87,42.75,42.82,5430,2020-12-17 20:50:00,SKYW
42.83,42.92,42.76,42.86,17671,2020-12-17 20:55:00,SKYW
42.85,42.85,42.85,42.85,39479,2020-12-17 21:00:00,SKYW
42.33,42.33,42.33,42.33,140,2020-12-17 21:45:00,SKYW
41.87,41.87,41.87,41.87,101,2020-12-17 21:55:00,SKYW
42.52,42.9,42.39,42.9,117456,2020-12-18 14:30:00,SKYW
42.95,43.0,42.81,43.0,2592,2020-12-18 14:35:00,SKYW
42.85,42.85,42.5,42.5,886,2020-12-18 14:40:00,SKYW
42.85,42.85,42.67,42.67,200,2020-12-18 14:45:00,SKYW
42.67,42.77,42.28,42.35,2387,2020-12-18 14:50:00,SKYW
42.32,42.5,42.32,42.45,2319,2020-12-18 14:55:00,SKYW
42.395,42.395,42.26,42.26,309,2020-12-18 15:00:00,SKYW
42.21,42.45,42.21,42.45,1748,2020-12-18 15:05:00,SKYW
42.4307,42.55,42.4307,42.55,1650,2020-12-18 15:10:00,SKYW
42.415,42.415,42.27,42.27,400,2020-12-18 15:15:00,SKYW
42.25,42.47,42.25,42.3867,432,2020-12-18 15:20:00,SKYW
42.47,42.47,42.36,42.36,200,2020-12-18 15:25:00,SKYW
42.495,42.61,42.48,42.48,2197,2020-12-18 15:30:00,SKYW
42.485,42.63,42.485,42.495,2007,2020-12-18 15:35:00,SKYW
42.57,42.57,42.5567,42.5567,1021,2020-12-18 15:40:00,SKYW
42.63,42.63,42.61,42.61,200,2020-12-18 15:45:00,SKYW
42.6937,42.72,42.645,42.645,1781,2020-12-18 15:50:00,SKYW
42.58,42.72,42.58,42.72,700,2020-12-18 15:55:00,SKYW
42.72,42.72,42.48,42.48,300,2020-12-18 16:00:00,SKYW
42.655,42.655,42.55,42.6,600,2020-12-18 16:05:00,SKYW
42.61,42.61,42.44,42.455,3312,2020-12-18 16:10:00,SKYW
42.55,42.57,42.4801,42.4801,1300,2020-12-18 16:15:00,SKYW
42.5,42.6,42.5,42.515,1498,2020-12-18 16:20:00,SKYW
42.35,42.35,42.35,42.35,100,2020-12-18 16:25:00,SKYW
42.27,42.27,42.13,42.18,2700,2020-12-18 16:30:00,SKYW
42.24,42.24,42.207,42.207,754,2020-12-18 16:35:00,SKYW
42.24,42.24,42.16,42.185,502,2020-12-18 16:40:00,SKYW
42.18,42.18,42.13,42.13,200,2020-12-18 16:50:00,SKYW
42.12,42.19,42.11,42.19,600,2020-12-18 16:55:00,SKYW
42.1308,42.17,42.08,42.17,1454,2020-12-18 17:00:00,SKYW
42.165,42.1666,42.07,42.08,2061,2020-12-18 17:05:00,SKYW
42.05,42.05,42.05,42.05,100,2020-12-18 17:10:00,SKYW
42.14,42.1739,42.11,42.1739,517,2020-12-18 17:15:00,SKYW
42.15,42.15,42.01,42.05,2366,2020-12-18 17:20:00,SKYW
41.992,42.03,41.992,42.03,200,2020-12-18 17:25:00,SKYW
42.03,42.09,42.03,42.06,1100,2020-12-18 17:30:00,SKYW
42.08,42.09,42.08,42.09,406,2020-12-18 17:35:00,SKYW
42.0864,42.2196,42.0864,42.19,2799,2020-12-18 17:40:00,SKYW
42.16,42.1799,42.04,42.04,418,2020-12-18 17:45:00,SKYW
42.04,42.04,42.04,42.04,189,2020-12-18 17:50:00,SKYW
42.03,42.03,42.03,42.03,300,2020-12-18 17:55:00,SKYW
42.0,42.0,42.0,42.0,700,2020-12-18 18:00:00,SKYW
42.01,42.08,42.01,42.05,800,2020-12-18 18:05:00,SKYW
42.08,42.09,42.04,42.075,1900,2020-12-18 18:10:00,SKYW
42.08,42.0947,42.05,42.05,500,2020-12-18 18:15:00,SKYW
42.05,42.05,41.97,41.98,726,2020-12-18 18:20:00,SKYW
42.0,42.01,41.95,42.01,2500,2020-12-18 18:25:00,SKYW
41.95,42.005,41.95,42.005,500,2020-12-18 18:30:00,SKYW
42.03,42.05,42.03,42.05,200,2020-12-18 18:35:00,SKYW
42.07,42.09,42.0693,42.09,808,2020-12-18 18:40:00,SKYW
42.08,42.13,42.055,42.1,1100,2020-12-18 18:45:00,SKYW
42.06,42.0639,42.03,42.0639,420,2020-12-18 18:50:00,SKYW
42.055,42.055,41.98,41.98,700,2020-12-18 18:55:00,SKYW
41.93,41.93,41.84,41.85,550,2020-12-18 19:00:00,SKYW
41.83,41.9347,41.83,41.9347,500,2020-12-18 19:05:00,SKYW
41.9114,41.94,41.87,41.94,1351,2020-12-18 19:10:00,SKYW
41.9,41.9,41.84,41.855,400,2020-12-18 19:15:00,SKYW
41.96,41.96,41.92,41.92,588,2020-12-18 19:20:00,SKYW
41.88,41.88,41.8589,41.8589,200,2020-12-18 19:25:00,SKYW
41.88,41.88,41.81,41.81,1371,2020-12-18 19:30:00,SKYW
41.78,41.822,41.78,41.822,869,2020-12-18 19:35:00,SKYW
41.75,41.7843,41.654,41.654,1570,2020-12-18 19:40:00,SKYW
41.69,41.69,41.64,41.66,700,2020-12-18 19:45:00,SKYW
41.64,41.65,41.61,41.64,1281,2020-12-18 19:50:00,SKYW
41.61,41.62,41.5,41.55,3920,2020-12-18 19:55:00,SKYW
41.52,41.62,41.52,41.61,720,2020-12-18 20:00:00,SKYW
41.6,41.68,41.55,41.68,1200,2020-12-18 20:05:00,SKYW
41.62,41.64,41.53,41.555,1300,2020-12-18 20:10:00,SKYW
41.5836,41.5836,41.55,41.55,530,2020-12-18 20:15:00,SKYW
41.55,41.55,41.38,41.4,1003,2020-12-18 20:20:00,SKYW
41.37,41.4,41.31,41.4,739,2020-12-18 20:25:00,SKYW
41.33,41.41,41.29,41.41,2873,2020-12-18 20:30:00,SKYW
41.41,41.41,41.33,41.34,3900,2020-12-18 20:35:00,SKYW
41.29,41.49,41.29,41.49,2400,2020-12-18 20:40:00,SKYW
41.45,41.62,41.4492,41.57,5000,2020-12-18 20:45:00,SKYW
41.46,41.46,41.1,41.15,29715,2020-12-18 20:50:00,SKYW
41.15,41.43,41.01,41.04,69901,2020-12-18 20:55:00,SKYW
41.03,41.06,41.03,41.03,298572,2020-12-18 21:00:00,SKYW
41.22,41.22,41.22,41.22,550,2020-12-18 21:05:00,SKYW
41.25,41.3,41.25,41.3,608,2020-12-18 21:10:00,SKYW
41.03,41.03,41.03,41.03,9684,2020-12-18 21:15:00,SKYW
40.87,41.03,40.87,41.03,200,2020-12-21 12:00:00,SKYW
40.35,40.35,40.35,40.35,200,2020-12-21 12:05:00,SKYW
39.1,39.1,39.1,39.1,100,2020-12-21 12:30:00,SKYW
39.2,39.2,39.2,39.2,100,2020-12-21 13:00:00,SKYW
39.23,39.23,39.23,39.23,109,2020-12-21 13:10:00,SKYW
39.22,39.22,39.15,39.2,2298,2020-12-21 13:15:00,SKYW
39.2,39.2,39.2,39.2,127,2020-12-21 13:25:00,SKYW
39.2,39.2,39.2,39.2,225,2020-12-21 13:35:00,SKYW
39.2,39.2,39.2,39.2,100,2020-12-21 13:45:00,SKYW
39.2,39.2,39.2,39.2,200,2020-12-21 13:50:00,SKYW
39.02,39.02,39.02,39.02,188,2020-12-21 13:55:00,SKYW
39.14,39.2,39.12,39.2,1454,2020-12-21 14:00:00,SKYW
39.2,39.2,39.2,39.2,2400,2020-12-21 14:10:00,SKYW
39.01,39.01,39.01,39.01,200,2020-12-21 14:15:00,SKYW
39.2,39.2,39.2,39.2,122,2020-12-21 14:20:00,SKYW
39.2,39.2,39.01,39.01,1250,2020-12-21 14:25:00,SKYW
39.1965,39.1965,38.26,39.02,34725,2020-12-21 14:30:00,SKYW
39.2,39.5,38.91,39.5,22272,2020-12-21 14:35:00,SKYW
39.49,39.95,39.4394,39.79,6449,2020-12-21 14:40:00,SKYW
39.82,40.06,39.74,40.06,9526,2020-12-21 14:45:00,SKYW
39.96,40.15,39.75,39.75,5347,2020-12-21 14:50:00,SKYW
39.78,39.78,39.4,39.5,9891,2020-12-21 14:55:00,SKYW
39.4,39.51,39.05,39.05,3765,2020-12-21 15:00:00,SKYW
39.15,39.25,38.8004,38.96,7147,2020-12-21 15:05:00,SKYW
39.06,39.14,39.045,39.045,600,2020-12-21 15:10:00,SKYW
38.98,39.31,38.98,39.14,4959,2020-12-21 15:15:00,SKYW
39.08,39.18,39.01,39.12,2128,2020-12-21 15:20:00,SKYW
39.0,39.01,38.875,38.92,4776,2020-12-21 15:25:00,SKYW
38.91,39.22,38.9,39.22,2949,2020-12-21 15:30:00,SKYW
39.2453,39.4537,39.19,39.34,5800,2020-12-21 15:35:00,SKYW
39.395,39.45,39.28,39.31,3095,2020-12-21 15:40:00,SKYW
39.26,39.44,39.17,39.315,5600,2020-12-21 15:45:00,SKYW
39.32,39.3897,39.26,39.295,2648,2020-12-21 15:50:00,SKYW
39.3142,39.3142,39.11,39.11,2955,2020-12-21 15:55:00,SKYW
39.135,39.27,39.045,39.13,7284,2020-12-21 16:00:00,SKYW
39.1,39.22,39.065,39.21,2695,2020-12-21 16:05:00,SKYW
39.225,39.32,39.18,39.24,5169,2020-12-21 16:10:00,SKYW
39.3,39.3,39.14,39.14,500,2020-12-21 16:15:00,SKYW
39.16,39.18,39.16,39.165,500,2020-12-21 16:20:00,SKYW
39.13,39.1499,39.02,39.11,2813,2020-12-21 16:25:00,SKYW
39.19,39.2,39.1,39.165,3100,2020-12-21 16:30:00,SKYW
39.12,39.22,39.07,39.22,1805,2020-12-21 16:35:00,SKYW
39.265,39.32,39.2645,39.32,650,2020-12-21 16:40:00,SKYW
39.25,39.33,39.17,39.33,1959,2020-12-21 16:45:00,SKYW
39.35,39.46,39.35,39.405,1807,2020-12-21 16:50:00,SKYW
39.36,39.36,39.25,39.26,1105,2020-12-21 16:55:00,SKYW
39.3019,39.32,39.3019,39.32,2300,2020-12-21 17:00:00,SKYW
39.32,39.32,39.19,39.24,2145,2020-12-21 17:05:00,SKYW
39.1907,39.23,39.13,39.13,1500,2020-12-21 17:10:00,SKYW
39.13,39.19,39.1,39.13,2813,2020-12-21 17:15:00,SKYW
39.18,39.27,39.18,39.27,3105,2020-12-21 17:20:00,SKYW
39.28,39.42,39.27,39.42,1500,2020-12-21 17:25:00,SKYW
39.4,39.5,39.4,39.5,700,2020-12-21 17:30:00,SKYW
39.46,39.54,39.46,39.52,500,2020-12-21 17:35:00,SKYW
39.51,39.51,39.42,39.49,3223,2020-12-21 17:40:00,SKYW
39.69,39.77,39.64,39.77,900,2020-12-21 17:45:00,SKYW
39.715,39.78,39.68,39.78,500,2020-12-21 17:50:00,SKYW
39.775,39.835,39.775,39.81,700,2020-12-21 17:55:00,SKYW
39.82,39.94,39.82,39.9322,4873,2020-12-21 18:00:00,SKYW
39.9,39.97,39.81,39.81,1481,2020-12-21 18:05:00,SKYW
39.77,39.84,39.7,39.83,1900,2020-12-21 18:10:00,SKYW
39.78,39.85,39.78,39.8,700,2020-12-21 18:15:00,SKYW
39.78,39.78,39.74,39.77,1201,2020-12-21 18:20:00,SKYW
39.77,39.85,39.73,39.73,1401,2020-12-21 18:25:00,SKYW
39.74,39.85,39.73,39.85,2740,2020-12-21 18:30:00,SKYW
39.925,39.925,39.925,39.925,100,2020-12-21 18:35:00,SKYW
39.9,39.94,39.89,39.89,850,2020-12-21 18:40:00,SKYW
39.87,39.95,39.825,39.84,1880,2020-12-21 18:45:00,SKYW
39.83,39.84,39.79,39.7956,1301,2020-12-21 18:50:00,SKYW
39.84,39.84,39.7,39.71,6302,2020-12-21 18:55:00,SKYW
39.71,39.71,39.63,39.63,805,2020-12-21 19:00:00,SKYW
39.63,39.69,39.53,39.66,800,2020-12-21 19:05:00,SKYW
39.665,39.75,39.665,39.75,500,2020-12-21 19:10:00,SKYW
39.76,39.83,39.74,39.82,4919,2020-12-21 19:15:00,SKYW
39.84,40.0,39.84,39.96,3399,2020-12-21 19:20:00,SKYW
39.97,40.02,39.97,40.0,3017,2020-12-21 19:25:00,SKYW
40.05,40.22,40.05,40.175,5049,2020-12-21 19:30:00,SKYW
40.13,40.19,40.07,40.07,1200,2020-12-21 19:35:00,SKYW
40.1176,40.14,40.09,40.14,925,2020-12-21 19:40:00,SKYW
40.0937,40.0937,39.97,40.015,1020,2020-12-21 19:45:00,SKYW
40.0262,40.04,39.94,39.95,1449,2020-12-21 19:50:00,SKYW
39.93,39.93,39.83,39.83,956,2020-12-21 19:55:00,SKYW
39.84,39.85,39.71,39.79,3222,2020-12-21 20:00:00,SKYW
39.77,39.79,39.75,39.75,600,2020-12-21 20:05:00,SKYW
39.71,39.81,39.665,39.75,2000,2020-12-21 20:10:00,SKYW
39.78,39.86,39.78,39.855,1500,2020-12-21 20:15:00,SKYW
39.9,39.9,39.81,39.84,1100,2020-12-21 20:20:00,SKYW
39.84,39.9,39.8064,39.9,2333,2020-12-21 20:25:00,SKYW
39.8856,39.8856,39.7,39.7,1876,2020-12-21 20:30:00,SKYW
39.72,39.8678,39.72,39.8678,2677,2020-12-21 20:35:00,SKYW
39.82,39.83,39.77,39.7814,625,2020-12-21 20:40:00,SKYW
39.78,39.84,39.74,39.82,1600,2020-12-21 20:45:00,SKYW
39.8,39.9,39.69,39.9,7652,2020-12-21 20:50:00,SKYW
39.9,40.05,39.79,39.87,13948,2020-12-21 20:55:00,SKYW
39.83,39.83,39.83,39.83,86321,2020-12-21 21:00:00,SKYW
39.28,39.28,39.28,39.28,149,2020-12-21 23:10:00,SKYW
40.38,40.38,40.38,40.38,100,2020-12-22 14:15:00,SKYW
40.15,40.15,40.15,40.15,669,2020-12-22 14:25:00,SKYW
40.29,40.29,40.005,40.105,9196,2020-12-22 14:30:00,SKYW
39.83,39.95,39.64,39.85,1342,2020-12-22 14:35:00,SKYW
39.52,39.73,39.19,39.27,3326,2020-12-22 14:40:00,SKYW
39.368,39.499,39.368,39.499,959,2020-12-22 14:45:00,SKYW
39.4826,39.5,39.2665,39.47,915,2020-12-22 14:50:00,SKYW
39.3697,39.5098,39.03,39.435,19254,2020-12-22 14:55:00,SKYW
39.59,39.59,39.485,39.485,300,2020-12-22 15:00:00,SKYW
39.64,39.82,39.525,39.82,1000,2020-12-22 15:05:00,SKYW
39.81,39.81,39.51,39.5327,2700,2020-12-22 15:10:00,SKYW
39.55,39.62,39.55,39.6,1300,2020-12-22 15:15:00,SKYW
39.69,39.74,39.645,39.645,500,2020-12-22 15:20:00,SKYW
39.73,39.82,39.67,39.7757,2300,2020-12-22 15:25:00,SKYW
39.71,39.7811,39.6,39.6775,3627,2020-12-22 15:30:00,SKYW
39.7,39.86,39.7,39.86,1300,2020-12-22 15:35:00,SKYW
39.81,39.81,39.735,39.735,372,2020-12-22 15:45:00,SKYW
39.65,39.77,39.64,39.767,5300,2020-12-22 15:50:00,SKYW
39.77,39.77,39.4401,39.585,3486,2020-12-22 15:55:00,SKYW
39.66,39.66,39.55,39.55,300,2020-12-22 16:00:00,SKYW
39.8,39.8,39.705,39.705,400,2020-12-22 16:05:00,SKYW
39.7,39.724,39.7,39.724,800,2020-12-22 16:10:00,SKYW
39.7,39.715,39.645,39.645,663,2020-12-22 16:15:00,SKYW
39.6,39.66,39.54,39.62,5058,2020-12-22 16:20:00,SKYW
39.54,39.615,39.54,39.59,2500,2020-12-22 16:25:00,SKYW
39.62,39.72,39.56,39.63,8900,2020-12-22 16:30:00,SKYW
39.68,39.71,39.46,39.71,19243,2020-12-22 16:35:00,SKYW
39.71,39.745,39.71,39.745,400,2020-12-22 16:40:00,SKYW
39.8,39.93,39.8,39.93,500,2020-12-22 16:45:00,SKYW
39.83,39.9,39.82,39.85,2612,2020-12-22 16:50:00,SKYW
39.85,39.855,39.84,39.855,500,2020-12-22 16:55:00,SKYW
39.815,39.93,39.74,39.74,5466,2020-12-22 17:00:00,SKYW
39.78,39.9099,39.73,39.9099,5402,2020-12-22 17:05:00,SKYW
39.82,39.85,39.78,39.8,2603,2020-12-22 17:10:00,SKYW
39.77,40.01,39.75,40.01,7000,2020-12-22 17:15:00,SKYW
40.015,40.04,40.015,40.04,261,2020-12-22 17:20:00,SKYW
39.99,40.035,39.9332,39.95,2020,2020-12-22 17:25:00,SKYW
39.97,40.035,39.97,40.035,1099,2020-12-22 17:30:00,SKYW
40.11,40.11,40.03,40.03,550,2020-12-22 17:35:00,SKYW
40.01,40.12,40.01,40.01,1518,2020-12-22 17:40:00,SKYW
40.11,40.16,40.09,40.145,4244,2020-12-22 17:45:00,SKYW
40.21,40.25,40.16,40.24,2228,2020-12-22 17:50:00,SKYW
40.23,40.28,40.185,40.28,1940,2020-12-22 17:55:00,SKYW
40.28,40.36,40.23,40.23,1328,2020-12-22 18:00:00,SKYW
40.1994,40.22,40.18,40.2,500,2020-12-22 18:05:00,SKYW
40.1906,40.1906,40.1906,40.1906,100,2020-12-22 18:10:00,SKYW
40.17,40.18,40.12,40.12,862,2020-12-22 18:15:00,SKYW
40.12,40.12,39.97,40.0,1296,2020-12-22 18:20:00,SKYW
39.98,39.98,39.95,39.95,200,2020-12-22 18:25:00,SKYW
39.91,39.91,39.885,39.885,200,2020-12-22 18:30:00,SKYW
39.89,39.89,39.87,39.87,384,2020-12-22 18:35:00,SKYW
39.87,39.9,39.87,39.9,700,2020-12-22 18:40:00,SKYW
39.92,39.92,39.8862,39.8874,509,2020-12-22 18:45:00,SKYW
39.89,39.93,39.89,39.89,1001,2020-12-22 18:50:00,SKYW
39.905,40.0,39.905,39.93,6553,2020-12-22 18:55:00,SKYW
39.99,40.07,39.99,40.07,500,2020-12-22 19:00:00,SKYW
39.89,40.01,39.89,40.0,3460,2020-12-22 19:10:00,SKYW
40.08,40.08,40.07,40.075,464,2020-12-22 19:15:00,SKYW
40.02,40.02,40.02,40.02,100,2020-12-22 19:20:00,SKYW
40.02,40.11,40.0,40.0,725,2020-12-22 19:25:00,SKYW
40.0262,40.04,40.0262,40.04,364,2020-12-22 19:30:00,SKYW
39.98,40.03,39.95,40.03,802,2020-12-22 19:35:00,SKYW
39.95,39.95,39.93,39.93,200,2020-12-22 19:40:00,SKYW
40.0089,40.1,40.0089,40.01,411,2020-12-22 19:45:00,SKYW
40.0754,40.0754,39.97,39.97,1152,2020-12-22 19:50:00,SKYW
39.97,40.0,39.97,40.0,300,2020-12-22 19:55:00,SKYW
40.05,40.05,39.98,40.03,1364,2020-12-22 20:00:00,SKYW
39.97,39.97,39.96,39.96,400,2020-12-22 20:05:00,SKYW
39.95,39.95,39.93,39.935,1092,2020-12-22 20:10:00,SKYW
39.91,39.91,39.81,39.81,700,2020-12-22 20:15:00,SKYW
39.81,39.89,39.81,39.82,1188,2020-12-22 20:20:00,SKYW
39.78,39.83,39.7,39.7,1328,2020-12-22 20:25:00,SKYW
39.74,39.74,39.68,39.73,976,2020-12-22 20:30:00,SKYW
39.72,39.72,39.635,39.66,1300,2020-12-22 20:35:00,SKYW
39.62,39.63,39.6,39.605,1028,2020-12-22 20:40:00,SKYW
39.57,39.64,39.57,39.64,1500,2020-12-22 20:45:00,SKYW
39.64,39.66,39.61,39.65,2400,2020-12-22 20:50:00,SKYW
39.67,39.715,39.56,39.6,16699,2020-12-22 20:55:00,SKYW
39.6,39.6,39.6,39.6,35851,2020-12-22 21:00:00,SKYW
40.07,40.52,40.07,40.52,2446,2020-12-23 14:30:00,SKYW
40.39,40.66,40.38,40.66,3342,2020-12-23 14:35:00,SKYW
40.6799,40.75,40.66,40.68,1450,2020-12-23 14:40:00,SKYW
40.76,40.76,40.55,40.76,861,2020-12-23 14:45:00,SKYW
40.766,40.775,40.65,40.775,761,2020-12-23 14:50:00,SKYW
40.93,41.0,40.8876,40.8876,925,2020-12-23 14:55:00,SKYW
41.0,41.1306,41.0,41.1306,2067,2020-12-23 15:05:00,SKYW
41.22,41.22,41.02,41.09,2322,2020-12-23 15:10:00,SKYW
41.02,41.06,40.46,40.57,22198,2020-12-23 15:15:00,SKYW
40.71,41.06,40.71,40.935,750,2020-12-23 15:20:00,SKYW
40.9345,41.11,40.9345,40.97,700,2020-12-23 15:25:00,SKYW
41.08,41.08,40.77,40.77,1000,2020-12-23 15:30:00,SKYW
40.8,40.87,40.8,40.87,200,2020-12-23 15:35:00,SKYW
40.97,41.03,40.97,41.03,200,2020-12-23 15:40:00,SKYW
40.965,41.0,40.9091,40.9091,1088,2020-12-23 15:45:00,SKYW
40.99,41.01,40.99,41.01,734,2020-12-23 15:50:00,SKYW
41.14,41.23,41.14,41.23,900,2020-12-23 15:55:00,SKYW
41.265,41.265,40.94,40.94,3951,2020-12-23 16:00:00,SKYW
40.9,40.94,40.89,40.94,500,2020-12-23 16:05:00,SKYW
41.01,41.03,40.96,41.03,900,2020-12-23 16:10:00,SKYW
41.0378,41.1,41.0,41.1,800,2020-12-23 16:15:00,SKYW
41.03,41.06,41.01,41.02,2363,2020-12-23 16:20:00,SKYW
40.98,41.03,40.9694,40.9694,600,2020-12-23 16:25:00,SKYW
41.0,41.0,40.68,40.68,1900,2020-12-23 16:35:00,SKYW
40.8152,40.8152,40.69,40.69,1200,2020-12-23 16:40:00,SKYW
40.69,40.75,40.69,40.745,670,2020-12-23 16:45:00,SKYW
40.75,40.7999,40.735,40.735,471,2020-12-23 16:50:00,SKYW
40.8,40.9,40.79,40.79,1301,2020-12-23 16:55:00,SKYW
40.8,40.8,40.8,40.8,100,2020-12-23 17:00:00,SKYW
40.74,40.74,40.73,40.73,400,2020-12-23 17:05:00,SKYW
40.7,40.7,40.7,40.7,100,2020-12-23 17:10:00,SKYW
40.755,40.89,40.755,40.89,1071,2020-12-23 17:15:00,SKYW
40.8,40.8,40.79,40.8,700,2020-12-23 17:20:00,SKYW
40.825,40.825,40.6541,40.6541,1532,2020-12-23 17:25:00,SKYW
40.56,40.8,40.56,40.8,9911,2020-12-23 17:30:00,SKYW
40.8,40.81,40.8,40.81,500,2020-12-23 17:35:00,SKYW
40.9316,40.9316,40.82,40.89,600,2020-12-23 17:40:00,SKYW
41.07,41.07,41.07,41.07,100,2020-12-23 17:45:00,SKYW
40.97,40.97,40.97,40.97,100,2020-12-23 17:55:00,SKYW
40.93,40.93,40.93,40.93,366,2020-12-23 18:00:00,SKYW
40.97,41.0,40.97,41.0,200,2020-12-23 18:05:00,SKYW
41.04,41.05,41.04,41.05,200,2020-12-23 18:10:00,SKYW
41.05,41.05,40.99,40.99,700,2020-12-23 18:15:00,SKYW
40.97,40.97,40.97,40.97,200,2020-12-23 18:20:00,SKYW
40.965,40.965,40.965,40.965,100,2020-12-23 18:25:00,SKYW
40.9585,40.9585,40.9585,40.9585,100,2020-12-23 18:30:00,SKYW
40.96,40.9735,40.96,40.9735,1208,2020-12-23 18:35:00,SKYW
40.96,41.01,40.91,40.91,7947,2020-12-23 18:40:00,SKYW
40.905,40.905,40.905,40.905,100,2020-12-23 18:45:00,SKYW
40.93,40.93,40.85,40.9199,800,2020-12-23 18:50:00,SKYW
40.9,40.9211,40.9,40.9211,600,2020-12-23 18:55:00,SKYW
40.88,40.89,40.86,40.86,383,2020-12-23 19:10:00,SKYW
40.81,40.84,40.81,40.84,2500,2020-12-23 19:15:00,SKYW
40.8,40.91,40.8,40.91,1000,2020-12-23 19:20:00,SKYW
40.85,40.85,40.85,40.85,200,2020-12-23 19:25:00,SKYW
40.87,40.87,40.85,40.85,500,2020-12-23 19:30:00,SKYW
40.91,40.92,40.86,40.88,2324,2020-12-23 19:35:00,SKYW
40.88,40.88,40.83,40.88,700,2020-12-23 19:45:00,SKYW
40.9,40.9,40.79,40.8,1063,2020-12-23 19:50:00,SKYW
40.85,40.85,40.825,40.84,600,2020-12-23 19:55:00,SKYW
40.84,40.84,40.785,40.785,300,2020-12-23 20:00:00,SKYW
40.76,40.76,40.685,40.69,2163,2020-12-23 20:05:00,SKYW
40.72,40.78,40.69,40.69,700,2020-12-23 20:10:00,SKYW
40.74,40.75,40.71,40.74,600,2020-12-23 20:15:00,SKYW
40.745,40.79,40.745,40.79,400,2020-12-23 20:20:00,SKYW
40.74,40.77,40.74,40.77,200,2020-12-23 20:25:00,SKYW
40.77,40.79,40.59,40.59,4167,2020-12-23 20:30:00,SKYW
40.6,40.715,40.6,40.715,1981,2020-12-23 20:35:00,SKYW
40.72,40.72,40.635,40.685,2700,2020-12-23 20:40:00,SKYW
40.685,40.73,40.64,40.64,2102,2020-12-23 20:45:00,SKYW
40.67,40.71,40.61,40.68,3656,2020-12-23 20:50:00,SKYW
40.69,40.76,40.55,40.61,7383,2020-12-23 20:55:00,SKYW
40.61,40.61,40.61,40.61,29126,2020-12-23 21:00:00,SKYW
41.03,41.21,40.63,40.63,2723,2020-12-24 14:30:00,SKYW
40.41,40.4461,40.2439,40.43,505,2020-12-24 14:35:00,SKYW
40.49,40.51,40.36,40.39,800,2020-12-24 14:40:00,SKYW
40.2701,40.49,40.26,40.49,7315,2020-12-24 14:50:00,SKYW
40.29,40.4,40.18,40.22,1100,2020-12-24 14:55:00,SKYW
40.18,40.23,39.91,39.9602,3220,2020-12-24 15:00:00,SKYW
39.98,40.03,39.9,39.91,1086,2020-12-24 15:05:00,SKYW
39.905,40.1,39.905,40.055,1686,2020-12-24 15:10:00,SKYW
40.01,40.01,39.96,39.975,400,2020-12-24 15:15:00,SKYW
39.94,39.95,39.69,39.69,1889,2020-12-24 15:20:00,SKYW
39.75,39.84,39.7,39.71,7056,2020-12-24 15:25:00,SKYW
39.725,39.76,39.57,39.57,2430,2020-12-24 15:30:00,SKYW
39.57,39.635,39.57,39.635,900,2020-12-24 15:35:00,SKYW
39.78,39.805,39.74,39.75,1061,2020-12-24 15:40:00,SKYW
39.745,39.8862,39.69,39.8862,7079,2020-12-24 15:45:00,SKYW
39.85,39.96,39.84,39.96,1105,2020-12-24 15:50:00,SKYW
39.93,40.14,39.81,40.14,2600,2020-12-24 15:55:00,SKYW
40.0,40.0,40.0,40.0,100,2020-12-24 16:00:00,SKYW
39.98,39.98,39.98,39.98,343,2020-12-24 16:05:00,SKYW
39.945,39.99,39.94,39.95,1100,2020-12-24 16:10:00,SKYW
39.97,39.97,39.93,39.93,850,2020-12-24 16:15:00,SKYW
39.92,39.95,39.87,39.92,1989,2020-12-24 16:20:00,SKYW
39.91,40.05,39.86,40.0,3617,2020-12-24 16:25:00,SKYW
40.05,40.05,40.05,40.05,200,2020-12-24 16:30:00,SKYW
40.06,40.12,39.86,39.86,7785,2020-12-24 16:35:00,SKYW
39.85,40.0,39.85,40.0,700,2020-12-24 16:40:00,SKYW
40.0,40.1,40.0,40.1,924,2020-12-24 16:45:00,SKYW
40.07,40.12,40.06,40.09,1800,2020-12-24 16:50:00,SKYW
40.13,40.24,40.11,40.18,1958,2020-12-24 16:55:00,SKYW
40.19,40.23,40.09,40.09,1634,2020-12-24 17:00:00,SKYW
40.11,40.11,40.1,40.1,300,2020-12-24 17:05:00,SKYW
40.18,40.18,40.15,40.165,800,2020-12-24 17:10:00,SKYW
40.12,40.12,40.12,40.12,200,2020-12-24 17:15:00,SKYW
40.1456,40.27,40.1456,40.1662,1054,2020-12-24 17:20:00,SKYW
40.18,40.22,40.18,40.22,400,2020-12-24 17:25:00,SKYW
40.225,40.24,40.2,40.2,1300,2020-12-24 17:30:00,SKYW
40.22,40.28,40.2,40.28,1396,2020-12-24 17:35:00,SKYW
40.38,40.4699,40.27,40.32,3000,2020-12-24 17:40:00,SKYW
40.33,40.35,40.33,40.35,500,2020-12-24 17:45:00,SKYW
40.32,40.45,40.32,40.45,2747,2020-12-24 17:50:00,SKYW
40.38,40.51,40.31,40.51,2450,2020-12-24 17:55:00,SKYW
40.41,40.41,40.41,40.41,11569,2020-12-24 18:00:00,SKYW
41.0,41.0,41.0,41.0,500,2020-12-28 12:50:00,SKYW
41.41,41.7967,41.09,41.4,7344,2020-12-28 14:30:00,SKYW
41.44,41.555,41.1743,41.1743,20289,2020-12-28 14:35:00,SKYW
41.0176,41.18,41.0176,41.04,2529,2020-12-28 14:40:00,SKYW
41.05,41.55,41.02,41.55,3212,2020-12-28 14:45:00,SKYW
41.41,41.41,41.35,41.35,277,2020-12-28 14:50:00,SKYW
41.22,41.42,41.22,41.4,750,2020-12-28 14:55:00,SKYW
41.045,41.48,41.045,41.47,850,2020-12-28 15:00:00,SKYW
41.3,41.3,41.16,41.16,1105,2020-12-28 15:05:00,SKYW
41.45,41.45,41.4489,41.4489,600,2020-12-28 15:10:00,SKYW
41.43,41.5025,41.33,41.41,648,2020-12-28 15:15:00,SKYW
41.32,41.565,41.32,41.565,604,2020-12-28 15:20:00,SKYW
41.38,41.6257,41.265,41.425,400,2020-12-28 15:25:00,SKYW
41.56,41.61,41.195,41.195,3350,2020-12-28 15:30:00,SKYW
41.24,41.25,41.07,41.11,1814,2020-12-28 15:35:00,SKYW
41.0,41.1413,41.0,41.03,1050,2020-12-28 15:40:00,SKYW
41.03,41.03,40.89,40.89,1570,2020-12-28 15:45:00,SKYW
40.935,41.02,40.86,40.86,1300,2020-12-28 15:50:00,SKYW
40.84,40.84,40.81,40.81,417,2020-12-28 15:55:00,SKYW
40.8,40.8,40.655,40.7589,750,2020-12-28 16:00:00,SKYW
40.7576,40.8494,40.7576,40.8494,586,2020-12-28 16:05:00,SKYW
40.84,40.97,40.8,40.865,800,2020-12-28 16:10:00,SKYW
40.9399,41.037,40.845,40.865,8180,2020-12-28 16:20:00,SKYW
40.94,40.94,40.675,40.685,4535,2020-12-28 16:30:00,SKYW
40.71,40.83,40.71,40.76,2300,2020-12-28 16:35:00,SKYW
40.72,40.885,40.72,40.885,200,2020-12-28 16:40:00,SKYW
40.78,40.92,40.75,40.79,1230,2020-12-28 16:45:00,SKYW
40.845,40.845,40.62,40.75,847,2020-12-28 16:50:00,SKYW
40.65,40.665,40.61,40.64,1152,2020-12-28 17:00:00,SKYW
40.6805,40.6805,40.65,40.65,200,2020-12-28 17:05:00,SKYW
40.61,40.66,40.525,40.66,2158,2020-12-28 17:10:00,SKYW
40.545,40.71,40.545,40.65,308,2020-12-28 17:15:00,SKYW
40.56,40.65,40.56,40.65,250,2020-12-28 17:20:00,SKYW
40.65,40.65,40.535,40.535,200,2020-12-28 17:25:00,SKYW
40.655,40.66,40.655,40.66,500,2020-12-28 17:30:00,SKYW
40.665,40.665,40.57,40.6357,462,2020-12-28 17:35:00,SKYW
40.68,40.755,40.6511,40.685,869,2020-12-28 17:40:00,SKYW
40.685,40.76,40.6204,40.69,770,2020-12-28 17:45:00,SKYW
40.64,40.73,40.63,40.73,1800,2020-12-28 17:50:00,SKYW
40.77,40.77,40.615,40.77,1000,2020-12-28 17:55:00,SKYW
40.79,40.81,40.73,40.73,882,2020-12-28 18:00:00,SKYW
40.77,40.77,40.705,40.75,700,2020-12-28 18:05:00,SKYW
40.75,40.86,40.75,40.86,200,2020-12-28 18:10:00,SKYW
40.87,40.87,40.73,40.847,700,2020-12-28 18:15:00,SKYW
40.85,40.93,40.85,40.93,500,2020-12-28 18:20:00,SKYW
40.97,41.03,40.81,40.81,1900,2020-12-28 18:25:00,SKYW
40.78,40.8,40.78,40.8,413,2020-12-28 18:30:00,SKYW
40.85,40.925,40.85,40.924,1000,2020-12-28 18:35:00,SKYW
40.87,40.87,40.83,40.83,530,2020-12-28 18:40:00,SKYW
40.84,40.85,40.83,40.85,500,2020-12-28 18:45:00,SKYW
40.83,40.85,40.7991,40.85,500,2020-12-28 18:50:00,SKYW
40.84,40.89,40.84,40.89,1321,2020-12-28 18:55:00,SKYW
40.905,40.905,40.905,40.905,100,2020-12-28 19:00:00,SKYW
40.84,40.91,40.84,40.91,206,2020-12-28 19:05:00,SKYW
40.86,40.915,40.84,40.915,400,2020-12-28 19:10:00,SKYW
40.915,41.1,40.87,41.1,1500,2020-12-28 19:15:00,SKYW
41.0,41.05,40.95,41.05,1000,2020-12-28 19:20:00,SKYW
41.05,41.07,40.96,40.96,650,2020-12-28 19:25:00,SKYW
41.02,41.02,41.02,41.02,213,2020-12-28 19:30:00,SKYW
41.02,41.02,40.91,40.95,3254,2020-12-28 19:35:00,SKYW
41.0,41.06,41.0,41.005,800,2020-12-28 19:40:00,SKYW
41.08,41.1,41.02,41.02,1100,2020-12-28 19:45:00,SKYW
40.99,41.01,40.95,40.95,1600,2020-12-28 19:50:00,SKYW
40.93,40.95,40.9,40.95,1200,2020-12-28 19:55:00,SKYW
40.925,40.9286,40.84,40.92,900,2020-12-28 20:00:00,SKYW
40.85,40.88,40.76,40.78,1600,2020-12-28 20:05:00,SKYW
40.74,40.77,40.73,40.77,522,2020-12-28 20:10:00,SKYW
40.7,40.7,40.6,40.6,924,2020-12-28 20:15:00,SKYW
40.66,40.715,40.65,40.68,1000,2020-12-28 20:20:00,SKYW
40.68,40.75,40.625,40.66,2000,2020-12-28 20:25:00,SKYW
40.67,40.67,40.62,40.65,900,2020-12-28 20:30:00,SKYW
40.63,40.725,40.63,40.69,2000,2020-12-28 20:35:00,SKYW
40.665,40.81,40.665,40.75,2924,2020-12-28 20:40:00,SKYW
40.79,40.81,40.635,40.635,2500,2020-12-28 20:45:00,SKYW
40.62,40.74,40.57,40.66,8493,2020-12-28 20:50:00,SKYW
40.6,40.71,40.53,40.59,33245,2020-12-28 20:55:00,SKYW
40.58,40.58,40.58,40.58,48449,2020-12-28 21:00:00,SKYW
40.98,40.98,40.91,40.91,2476,2020-12-29 14:30:00,SKYW
40.655,40.71,40.655,40.71,917,2020-12-29 14:35:00,SKYW
40.58,40.76,40.58,40.76,400,2020-12-29 14:40:00,SKYW
40.77,40.86,40.65,40.76,2823,2020-12-29 14:45:00,SKYW
40.64,40.64,40.395,40.555,800,2020-12-29 14:50:00,SKYW
40.43,40.46,40.31,40.31,900,2020-12-29 14:55:00,SKYW
40.14,40.54,40.14,40.355,1434,2020-12-29 15:00:00,SKYW
40.27,40.35,40.22,40.35,950,2020-12-29 15:05:00,SKYW
40.32,40.35,40.09,40.09,884,2020-12-29 15:10:00,SKYW
40.145,40.24,40.145,40.24,600,2020-12-29 15:15:00,SKYW
40.21,40.31,40.15,40.31,1303,2020-12-29 15:20:00,SKYW
40.24,40.25,40.035,40.08,1495,2020-12-29 15:25:00,SKYW
40.07,40.14,40.07,40.08,350,2020-12-29 15:30:00,SKYW
40.01,40.07,39.9298,40.0,1793,2020-12-29 15:35:00,SKYW
40.05,40.29,40.05,40.29,2700,2020-12-29 15:40:00,SKYW
40.147,40.147,40.05,40.09,675,2020-12-29 15:45:00,SKYW
40.05,40.05,40.04,40.04,383,2020-12-29 15:50:00,SKYW
40.08,40.23,40.08,40.1,1185,2020-12-29 15:55:00,SKYW
40.04,40.04,40.0,40.0,1300,2020-12-29 16:00:00,SKYW
39.95,40.06,39.95,40.06,1210,2020-12-29 16:05:00,SKYW
40.12,40.205,40.12,40.205,743,2020-12-29 16:10:00,SKYW
40.09,40.09,40.02,40.09,500,2020-12-29 16:15:00,SKYW
40.02,40.05,40.02,40.03,794,2020-12-29 16:20:00,SKYW
40.0,40.04,39.9516,40.04,1250,2020-12-29 16:25:00,SKYW
40.0,40.0,39.92,39.92,200,2020-12-29 16:30:00,SKYW
39.9066,40.02,39.9,39.99,2400,2020-12-29 16:35:00,SKYW
39.98,40.06,39.98,40.06,255,2020-12-29 16:40:00,SKYW
40.06,40.06,39.98,39.98,750,2020-12-29 16:45:00,SKYW
40.005,40.096,39.99,40.08,6016,2020-12-29 16:50:00,SKYW
40.09,40.2,40.08,40.09,4099,2020-12-29 16:55:00,SKYW
40.15,40.31,40.15,40.31,900,2020-12-29 17:00:00,SKYW
40.28,40.42,40.28,40.41,1800,2020-12-29 17:05:00,SKYW
40.4,40.44,40.35,40.44,2314,2020-12-29 17:10:00,SKYW
40.48,40.54,40.46,40.5,2078,2020-12-29 17:15:00,SKYW
40.49,40.51,40.37,40.4,3014,2020-12-29 17:20:00,SKYW
40.3963,40.5,40.395,40.5,1347,2020-12-29 17:25:00,SKYW
40.475,40.49,40.43,40.47,1826,2020-12-29 17:30:00,SKYW
40.455,40.46,40.36,40.4,1100,2020-12-29 17:35:00,SKYW
40.365,40.43,40.365,40.4,2003,2020-12-29 17:40:00,SKYW
40.395,40.395,40.29,40.29,500,2020-12-29 17:45:00,SKYW
40.23,40.24,40.2,40.2,1302,2020-12-29 17:50:00,SKYW
40.19,40.19,40.15,40.15,800,2020-12-29 17:55:00,SKYW
40.19,40.2231,40.19,40.2,1444,2020-12-29 18:00:00,SKYW
40.1962,40.22,40.18,40.2,1310,2020-12-29 18:05:00,SKYW
40.2,40.23,40.17,40.23,1176,2020-12-29 18:10:00,SKYW
40.22,40.3247,40.22,40.26,2400,2020-12-29 18:15:00,SKYW
40.2725,40.29,40.26,40.29,800,2020-12-29 18:20:00,SKYW
40.31,40.33,40.26,40.26,500,2020-12-29 18:25:00,SKYW
40.3,40.31,40.3,40.3,1100,2020-12-29 18:30:00,SKYW
40.299,40.32,40.299,40.31,974,2020-12-29 18:35:00,SKYW
40.27,40.27,40.25,40.25,1100,2020-12-29 18:40:00,SKYW
40.27,40.27,40.24,40.24,402,2020-12-29 18:45:00,SKYW
40.26,40.32,40.25,40.25,1539,2020-12-29 18:50:00,SKYW
40.32,40.32,40.21,40.21,700,2020-12-29 18:55:00,SKYW
40.21,40.21,40.1,40.1,1199,2020-12-29 19:00:00,SKYW
40.13,40.13,40.03,40.03,2014,2020-12-29 19:05:00,SKYW
40.04,40.06,40.03,40.03,2800,2020-12-29 19:10:00,SKYW
40.01,40.03,39.93,39.9875,7385,2020-12-29 19:15:00,SKYW
40.05,40.1,40.04,40.1,900,2020-12-29 19:20:00,SKYW
40.05,40.08,39.97,39.97,3200,2020-12-29 19:25:00,SKYW
40.02,40.02,40.02,40.02,200,2020-12-29 19:30:00,SKYW
40.0,40.0,39.94,39.94,200,2020-12-29 19:35:00,SKYW
39.89,39.89,39.85,39.885,3692,2020-12-29 19:40:00,SKYW
39.87,40.03,39.85,40.03,10623,2020-12-29 19:45:00,SKYW
40.025,40.09,39.99,40.08,3450,2020-12-29 19:50:00,SKYW
40.085,40.11,40.0605,40.07,3900,2020-12-29 19:55:00,SKYW
40.07,40.09,40.055,40.055,1100,2020-12-29 20:00:00,SKYW
40.055,40.055,40.045,40.045,300,2020-12-29 20:05:00,SKYW
40.07,40.21,40.07,40.18,9913,2020-12-29 20:10:00,SKYW
40.21,40.28,40.19,40.28,4203,2020-12-29 20:15:00,SKYW
40.25,40.25,40.125,40.21,4558,2020-12-29 20:20:00,SKYW
40.18,40.2,40.13,40.2,1668,2020-12-29 20:25:00,SKYW
40.195,40.21,40.14,40.15,1779,2020-12-29 20:30:00,SKYW
40.13,40.16,40.08,40.12,6540,2020-12-29 20:35:00,SKYW
40.11,40.11,40.02,40.04,3039,2020-12-29 20:40:00,SKYW
40.04,40.1,40.01,40.01,3500,2020-12-29 20:45:00,SKYW
40.0,40.0,39.85,39.91,6499,2020-12-29 20:50:00,SKYW
39.9399,39.96,39.87,39.92,11286,2020-12-29 20:55:00,SKYW
39.92,39.92,39.92,39.92,38512,2020-12-29 21:00:00,SKYW
39.92,40.0,39.8,40.0,2975,2020-12-30 14:30:00,SKYW
39.93,40.18,39.85,40.122,2400,2020-12-30 14:35:00,SKYW
40.14,40.2834,39.99,40.12,1400,2020-12-30 14:40:00,SKYW
40.1924,40.1924,40.01,40.01,826,2020-12-30 14:45:00,SKYW
40.105,40.18,40.105,40.18,200,2020-12-30 14:50:00,SKYW
40.0,40.1,40.0,40.0999,504,2020-12-30 14:55:00,SKYW
40.15,40.26,40.15,40.19,700,2020-12-30 15:00:00,SKYW
40.22,40.22,40.09,40.09,1100,2020-12-30 15:05:00,SKYW
40.03,40.06,39.92,39.92,3700,2020-12-30 15:10:00,SKYW
39.94,40.1,39.94,39.9946,1500,2020-12-30 15:15:00,SKYW
40.0,40.17,40.0,40.17,400,2020-12-30 15:20:00,SKYW
40.18,40.2,40.17,40.2,1327,2020-12-30 15:25:00,SKYW
40.25,40.32,40.25,40.29,400,2020-12-30 15:30:00,SKYW
40.22,40.32,40.22,40.32,1145,2020-12-30 15:35:00,SKYW
40.2477,40.27,40.22,40.22,509,2020-12-30 15:40:00,SKYW
40.3,40.5806,40.3,40.4865,1544,2020-12-30 15:45:00,SKYW
40.5026,40.5026,40.43,40.43,1299,2020-12-30 15:50:00,SKYW
40.47,40.47,40.47,40.47,300,2020-12-30 15:55:00,SKYW
40.56,40.56,40.43,40.4736,700,2020-12-30 16:00:00,SKYW
40.45,40.495,40.45,40.495,5810,2020-12-30 16:05:00,SKYW
40.43,40.475,40.39,40.45,1410,2020-12-30 16:10:00,SKYW
40.4379,40.465,40.38,40.465,3280,2020-12-30 16:15:00,SKYW
40.46,40.73,40.46,40.73,1620,2020-12-30 16:20:00,SKYW
40.6,40.6,40.52,40.52,1800,2020-12-30 16:25:00,SKYW
40.42,40.42,40.37,40.37,200,2020-12-30 16:30:00,SKYW
40.415,40.415,40.33,40.33,300,2020-12-30 16:35:00,SKYW
40.17,40.3203,40.17,40.23,900,2020-12-30 16:40:00,SKYW
40.28,40.28,40.22,40.22,324,2020-12-30 16:45:00,SKYW
40.305,40.305,40.305,40.305,1000,2020-12-30 16:50:00,SKYW
40.22,40.25,40.12,40.12,2657,2020-12-30 16:55:00,SKYW
40.14,40.22,40.13,40.22,500,2020-12-30 17:00:00,SKYW
40.28,40.28,40.21,40.21,400,2020-12-30 17:05:00,SKYW
40.32,40.38,40.25,40.275,1200,2020-12-30 17:10:00,SKYW
40.27,40.28,40.18,40.225,4331,2020-12-30 17:15:00,SKYW
40.21,40.21,40.16,40.17,800,2020-12-30 17:20:00,SKYW
40.23,40.299,40.2,40.299,2300,2020-12-30 17:25:00,SKYW
40.18,40.23,40.15,40.15,500,2020-12-30 17:30:00,SKYW
40.14,40.275,40.14,40.275,818,2020-12-30 17:35:00,SKYW
40.28,40.36,40.28,40.35,301,2020-12-30 17:40:00,SKYW
40.28,40.28,40.19,40.19,600,2020-12-30 17:45:00,SKYW
40.26,40.26,40.22,40.24,1200,2020-12-30 17:50:00,SKYW
40.21,40.265,40.17,40.18,1900,2020-12-30 17:55:00,SKYW
40.155,40.24,40.155,40.2,1406,2020-12-30 18:00:00,SKYW
40.2075,40.25,40.2,40.25,400,2020-12-30 18:05:00,SKYW
40.26,40.26,40.19,40.19,1784,2020-12-30 18:10:00,SKYW
40.18,40.19,40.16,40.19,600,2020-12-30 18:15:00,SKYW
40.24,40.28,40.24,40.24,900,2020-12-30 18:20:00,SKYW
40.2,40.2,40.17,40.17,500,2020-12-30 18:25:00,SKYW
40.14,40.235,40.14,40.235,600,2020-12-30 18:30:00,SKYW
40.2301,40.36,40.2301,40.34,1539,2020-12-30 18:35:00,SKYW
40.305,40.4,40.305,40.4,600,2020-12-30 18:40:00,SKYW
40.41,40.41,40.39,40.41,550,2020-12-30 18:45:00,SKYW
40.41,40.41,40.3601,40.41,550,2020-12-30 18:50:00,SKYW
40.36,40.36,40.31,40.34,600,2020-12-30 18:55:00,SKYW
40.335,40.335,40.31,40.31,500,2020-12-30 19:00:00,SKYW
40.3349,40.34,40.31,40.31,1208,2020-12-30 19:05:00,SKYW
40.3,40.3,40.21,40.23,3513,2020-12-30 19:10:00,SKYW
40.26,40.285,40.22,40.22,1261,2020-12-30 19:15:00,SKYW
40.24,40.24,40.22,40.23,507,2020-12-30 19:20:00,SKYW
40.25,40.25,40.2492,40.25,320,2020-12-30 19:25:00,SKYW
40.23,40.25,40.17,40.17,1400,2020-12-30 19:35:00,SKYW
40.2,40.2,40.2,40.2,200,2020-12-30 19:40:00,SKYW
40.25,40.25,40.14,40.14,800,2020-12-30 19:50:00,SKYW
40.13,40.16,40.11,40.16,500,2020-12-30 19:55:00,SKYW
40.14,40.18,40.14,40.18,400,2020-12-30 20:00:00,SKYW
40.0909,40.175,40.0909,40.175,2100,2020-12-30 20:05:00,SKYW
40.18,40.26,40.18,40.26,300,2020-12-30 20:10:00,SKYW
40.3,40.3,40.25,40.25,1075,2020-12-30 20:15:00,SKYW
40.26,40.26,40.22,40.22,200,2020-12-30 20:20:00,SKYW
40.255,40.33,40.255,40.33,300,2020-12-30 20:25:00,SKYW
40.3,40.345,40.3,40.345,400,2020-12-30 20:30:00,SKYW
40.355,40.4,40.35,40.39,700,2020-12-30 20:35:00,SKYW
40.4,40.4,40.35,40.35,1200,2020-12-30 20:40:00,SKYW
40.34,40.36,40.3,40.36,2200,2020-12-30 20:45:00,SKYW
40.43,40.65,40.385,40.59,4685,2020-12-30 20:50:00,SKYW
40.66,40.67,40.47,40.47,23315,2020-12-30 20:55:00,SKYW
40.51,40.51,40.51,40.51,41503,2020-12-30 21:00:00,SKYW
40.26,40.26,40.26,40.26,100,2020-12-31 14:25:00,SKYW
40.25,40.25,39.64,39.83,3056,2020-12-31 14:30:00,SKYW
39.82,40.0372,39.82,39.95,532,2020-12-31 14:35:00,SKYW
39.85,39.98,39.815,39.98,1400,2020-12-31 14:40:00,SKYW
40.1314,40.1314,39.995,39.995,200,2020-12-31 14:45:00,SKYW
40.0783,40.13,39.95,40.13,473,2020-12-31 14:50:00,SKYW
40.11,40.11,39.94,40.1,2500,2020-12-31 14:55:00,SKYW
40.26,40.26,40.095,40.16,1150,2020-12-31 15:00:00,SKYW
40.295,40.37,40.28,40.325,3001,2020-12-31 15:05:00,SKYW
40.32,40.32,40.315,40.315,400,2020-12-31 15:10:00,SKYW
40.35,40.49,40.35,40.49,812,2020-12-31 15:15:00,SKYW
40.41,40.53,40.305,40.43,1000,2020-12-31 15:20:00,SKYW
40.43,40.53,40.43,40.5,545,2020-12-31 15:30:00,SKYW
40.58,40.6821,40.51,40.63,935,2020-12-31 15:35:00,SKYW
40.635,40.635,40.545,40.545,2431,2020-12-31 15:40:00,SKYW
40.58,40.62,40.55,40.55,700,2020-12-31 15:45:00,SKYW
40.575,40.73,40.575,40.583,324,2020-12-31 16:00:00,SKYW
40.9,40.9,40.75,40.81,1098,2020-12-31 16:05:00,SKYW
40.8,40.84,40.8,40.84,400,2020-12-31 16:10:00,SKYW
40.8212,40.8212,40.8212,40.8212,100,2020-12-31 16:20:00,SKYW
40.735,40.735,40.65,40.65,1000,2020-12-31 16:35:00,SKYW
40.71,40.755,40.645,40.755,600,2020-12-31 16:40:00,SKYW
40.68,40.68,40.6434,40.6434,200,2020-12-31 16:45:00,SKYW
40.7343,40.7343,40.62,40.62,682,2020-12-31 16:50:00,SKYW
40.6123,40.6123,40.6123,40.6123,278,2020-12-31 16:55:00,SKYW
40.63,40.67,40.56,40.67,2555,2020-12-31 17:00:00,SKYW
40.59,40.6615,40.59,40.6615,600,2020-12-31 17:05:00,SKYW
40.54,40.54,40.54,40.54,100,2020-12-31 17:10:00,SKYW
40.51,40.51,40.51,40.51,100,2020-12-31 17:20:00,SKYW
40.6,40.61,40.6,40.605,420,2020-12-31 17:25:00,SKYW
40.62,40.62,40.62,40.62,190,2020-12-31 17:30:00,SKYW
40.57,40.57,40.57,40.57,100,2020-12-31 17:35:00,SKYW
40.62,40.62,40.59,40.59,207,2020-12-31 17:45:00,SKYW
40.58,40.58,40.58,40.58,100,2020-12-31 17:50:00,SKYW
40.48,40.6,40.47,40.6,850,2020-12-31 17:55:00,SKYW
40.625,40.68,40.57,40.68,420,2020-12-31 18:00:00,SKYW
40.71,40.88,40.7,40.8,5655,2020-12-31 18:15:00,SKYW
40.94,40.94,40.78,40.83,600,2020-12-31 18:20:00,SKYW
40.845,40.845,40.68,40.68,300,2020-12-31 18:25:00,SKYW
40.645,40.645,40.6,40.6,500,2020-12-31 18:35:00,SKYW
40.53,40.53,40.5,40.5,401,2020-12-31 18:40:00,SKYW
40.61,40.61,40.61,40.61,100,2020-12-31 18:45:00,SKYW
40.44,40.5,40.44,40.45,1082,2020-12-31 18:55:00,SKYW
40.45,40.4772,40.45,40.4772,400,2020-12-31 19:00:00,SKYW
40.4358,40.5,40.4358,40.5,909,2020-12-31 19:05:00,SKYW
40.6,40.66,40.59,40.66,300,2020-12-31 19:10:00,SKYW
40.81,40.82,40.72,40.72,400,2020-12-31 19:15:00,SKYW
40.76,40.76,40.76,40.76,100,2020-12-31 19:20:00,SKYW
40.76,40.76,40.65,40.65,500,2020-12-31 19:25:00,SKYW
40.77,40.77,40.77,40.77,100,2020-12-31 19:30:00,SKYW
40.71,40.71,40.71,40.71,100,2020-12-31 19:35:00,SKYW
40.72,40.72,40.71,40.71,400,2020-12-31 19:40:00,SKYW
40.75,40.75,40.67,40.67,1337,2020-12-31 19:45:00,SKYW
40.66,40.79,40.66,40.71,1729,2020-12-31 19:50:00,SKYW
40.76,40.79,40.73,40.73,700,2020-12-31 19:55:00,SKYW
40.69,40.69,40.69,40.69,100,2020-12-31 20:00:00,SKYW
40.72,40.72,40.72,40.72,200,2020-12-31 20:05:00,SKYW
40.676,40.72,40.676,40.72,400,2020-12-31 20:10:00,SKYW
40.76,40.82,40.76,40.82,568,2020-12-31 20:15:00,SKYW
40.76,40.8,40.738,40.8,1197,2020-12-31 20:20:00,SKYW
40.77,40.78,40.73,40.78,400,2020-12-31 20:25:00,SKYW
40.7,40.75,40.63,40.63,400,2020-12-31 20:30:00,SKYW
40.71,40.75,40.685,40.75,650,2020-12-31 20:35:00,SKYW
40.67,40.67,40.6,40.63,2735,2020-12-31 20:40:00,SKYW
40.53,40.53,40.46,40.53,2200,2020-12-31 20:45:00,SKYW
40.52,40.52,40.34,40.4,3299,2020-12-31 20:50:00,SKYW
40.32,40.4,40.22,40.31,20142,2020-12-31 20:55:00,SKYW
40.31,40.31,40.31,40.31,43229,2020-12-31 21:00:00,SKYW
40.31,40.31,40.31,40.31,100,2020-12-31 22:55:00,SKYW
