open,high,low,close,volume,datetime,symbol
25.16,25.16,25.16,25.16,100,2020-12-01 14:25:00,TRMK
25.18,25.425,25.18,25.425,2110,2020-12-01 14:30:00,TRMK
25.29,25.42,25.29,25.42,2885,2020-12-01 14:35:00,TRMK
25.53,25.53,25.53,25.53,100,2020-12-01 14:40:00,TRMK
25.56,25.56,25.46,25.46,900,2020-12-01 14:45:00,TRMK
25.39,25.43,25.39,25.43,500,2020-12-01 14:50:00,TRMK
25.39,25.43,25.39,25.43,700,2020-12-01 15:00:00,TRMK
25.43,25.52,25.43,25.44,1048,2020-12-01 15:05:00,TRMK
25.47,25.47,25.47,25.47,100,2020-12-01 15:10:00,TRMK
25.5,25.54,25.5,25.5001,480,2020-12-01 15:15:00,TRMK
25.555,25.74,25.555,25.74,1825,2020-12-01 15:20:00,TRMK
25.655,25.655,25.655,25.655,100,2020-12-01 15:25:00,TRMK
25.66,25.705,25.66,25.705,200,2020-12-01 15:30:00,TRMK
25.68,25.695,25.61,25.69,5014,2020-12-01 15:35:00,TRMK
25.72,25.72,25.58,25.59,400,2020-12-01 15:40:00,TRMK
25.58,25.58,25.5,25.5,827,2020-12-01 15:45:00,TRMK
25.51,25.54,25.43,25.48,6343,2020-12-01 15:50:00,TRMK
25.455,25.49,25.455,25.475,2300,2020-12-01 15:55:00,TRMK
25.43,25.48,25.43,25.48,600,2020-12-01 16:00:00,TRMK
25.441,25.49,25.441,25.48,1618,2020-12-01 16:05:00,TRMK
25.4,25.45,25.4,25.415,851,2020-12-01 16:15:00,TRMK
25.38,25.44,25.38,25.39,2426,2020-12-01 16:20:00,TRMK
25.36,25.36,25.285,25.285,987,2020-12-01 16:25:00,TRMK
25.285,25.285,25.22,25.2757,4017,2020-12-01 16:30:00,TRMK
25.23,25.24,25.22,25.23,600,2020-12-01 16:35:00,TRMK
25.13,25.13,25.13,25.13,100,2020-12-01 16:40:00,TRMK
25.1566,25.16,25.1566,25.16,500,2020-12-01 16:45:00,TRMK
25.13,25.16,25.13,25.14,743,2020-12-01 16:50:00,TRMK
25.13,25.13,25.09,25.09,590,2020-12-01 16:55:00,TRMK
25.11,25.13,25.1,25.13,900,2020-12-01 17:00:00,TRMK
25.115,25.18,25.115,25.18,500,2020-12-01 17:05:00,TRMK
25.18,25.21,25.18,25.21,600,2020-12-01 17:10:00,TRMK
25.18,25.18,25.16,25.16,400,2020-12-01 17:15:00,TRMK
25.2,25.22,25.2,25.22,500,2020-12-01 17:20:00,TRMK
25.215,25.215,25.18,25.18,400,2020-12-01 17:30:00,TRMK
25.16,25.2,25.11,25.16,1503,2020-12-01 17:35:00,TRMK
25.1271,25.2,25.1271,25.2,1716,2020-12-01 17:40:00,TRMK
25.22,25.22,25.21,25.21,500,2020-12-01 17:45:00,TRMK
25.22,25.22,25.17,25.2,750,2020-12-01 17:50:00,TRMK
25.17,25.17,25.17,25.17,100,2020-12-01 17:55:00,TRMK
25.22,25.22,25.2,25.2175,1153,2020-12-01 18:00:00,TRMK
25.16,25.16,25.145,25.15,1303,2020-12-01 18:05:00,TRMK
25.14,25.14,25.13,25.13,200,2020-12-01 18:10:00,TRMK
25.11,25.12,25.11,25.12,200,2020-12-01 18:15:00,TRMK
25.1,25.14,25.09,25.14,700,2020-12-01 18:20:00,TRMK
25.08,25.08,25.08,25.08,100,2020-12-01 18:25:00,TRMK
25.09,25.09,25.09,25.09,100,2020-12-01 18:30:00,TRMK
25.13,25.13,25.13,25.13,1203,2020-12-01 18:35:00,TRMK
25.16,25.16,25.16,25.16,300,2020-12-01 18:40:00,TRMK
25.16,25.16,25.145,25.145,304,2020-12-01 18:45:00,TRMK
25.12,25.12,25.12,25.12,300,2020-12-01 18:50:00,TRMK
25.14,25.25,25.14,25.25,1100,2020-12-01 18:55:00,TRMK
25.25,25.27,25.235,25.24,1354,2020-12-01 19:00:00,TRMK
25.235,25.27,25.235,25.25,1831,2020-12-01 19:05:00,TRMK
25.23,25.23,25.23,25.23,100,2020-12-01 19:10:00,TRMK
25.235,25.29,25.235,25.29,400,2020-12-01 19:15:00,TRMK
25.275,25.28,25.27,25.27,1431,2020-12-01 19:20:00,TRMK
25.285,25.32,25.24,25.32,5138,2020-12-01 19:25:00,TRMK
25.33,25.33,25.32,25.32,500,2020-12-01 19:30:00,TRMK
25.285,25.285,25.26,25.26,500,2020-12-01 19:35:00,TRMK
25.27,25.27,25.27,25.27,200,2020-12-01 19:40:00,TRMK
25.29,25.37,25.27,25.37,1529,2020-12-01 19:45:00,TRMK
25.33,25.34,25.33,25.34,400,2020-12-01 19:50:00,TRMK
25.31,25.31,25.24,25.24,1205,2020-12-01 19:55:00,TRMK
25.2,25.2,25.19,25.195,672,2020-12-01 20:00:00,TRMK
25.2,25.205,25.16,25.16,2000,2020-12-01 20:05:00,TRMK
25.15,25.18,25.15,25.17,905,2020-12-01 20:10:00,TRMK
25.17,25.17,25.15,25.15,836,2020-12-01 20:15:00,TRMK
25.145,25.18,25.13,25.18,1610,2020-12-01 20:20:00,TRMK
25.19,25.19,25.16,25.17,1111,2020-12-01 20:25:00,TRMK
25.16,25.17,25.13,25.15,3657,2020-12-01 20:30:00,TRMK
25.17,25.17,25.12,25.135,2096,2020-12-01 20:35:00,TRMK
25.13,25.15,25.11,25.15,729,2020-12-01 20:40:00,TRMK
25.15,25.26,25.15,25.26,1000,2020-12-01 20:45:00,TRMK
25.225,25.25,25.2,25.25,4074,2020-12-01 20:50:00,TRMK
25.24,25.24,25.17,25.19,10739,2020-12-01 20:55:00,TRMK
25.21,25.21,25.21,25.21,55735,2020-12-01 21:00:00,TRMK
25.08,25.1161,24.9,25.1161,3047,2020-12-02 14:30:00,TRMK
25.17,25.32,25.17,25.31,1142,2020-12-02 14:35:00,TRMK
25.3,25.4335,25.28,25.37,3190,2020-12-02 14:40:00,TRMK
25.48,25.48,25.48,25.48,300,2020-12-02 14:45:00,TRMK
25.41,25.41,25.41,25.41,100,2020-12-02 14:50:00,TRMK
25.4264,25.4264,25.425,25.425,400,2020-12-02 14:55:00,TRMK
25.355,25.355,25.355,25.355,100,2020-12-02 15:05:00,TRMK
25.29,25.29,25.15,25.15,1391,2020-12-02 15:10:00,TRMK
25.22,25.22,25.12,25.12,1091,2020-12-02 15:15:00,TRMK
25.1,25.1,25.06,25.075,400,2020-12-02 15:20:00,TRMK
25.08,25.15,25.08,25.15,600,2020-12-02 15:25:00,TRMK
25.18,25.23,25.18,25.19,1048,2020-12-02 15:30:00,TRMK
25.2,25.23,25.2,25.23,300,2020-12-02 15:35:00,TRMK
25.27,25.27,25.23,25.23,600,2020-12-02 15:40:00,TRMK
25.3,25.3,25.24,25.24,1000,2020-12-02 15:45:00,TRMK
25.23,25.24,25.18,25.18,400,2020-12-02 15:50:00,TRMK
25.19,25.27,25.19,25.27,1100,2020-12-02 15:55:00,TRMK
25.265,25.31,25.265,25.31,400,2020-12-02 16:00:00,TRMK
25.27,25.27,25.27,25.27,100,2020-12-02 16:05:00,TRMK
25.3467,25.3467,25.22,25.22,1208,2020-12-02 16:10:00,TRMK
25.21,25.25,25.21,25.25,500,2020-12-02 16:15:00,TRMK
25.22,25.2852,25.21,25.21,400,2020-12-02 16:25:00,TRMK
25.235,25.31,25.235,25.31,1000,2020-12-02 16:30:00,TRMK
25.27,25.27,25.215,25.215,1000,2020-12-02 16:35:00,TRMK
25.16,25.16,25.08,25.08,517,2020-12-02 16:40:00,TRMK
25.1,25.13,25.1,25.115,1100,2020-12-02 16:45:00,TRMK
25.1,25.1,25.05,25.09,1114,2020-12-02 16:55:00,TRMK
25.095,25.095,25.05,25.05,627,2020-12-02 17:05:00,TRMK
25.07,25.11,25.07,25.11,663,2020-12-02 17:10:00,TRMK
25.13,25.13,25.1,25.11,400,2020-12-02 17:15:00,TRMK
25.1,25.12,25.09,25.1,1522,2020-12-02 17:20:00,TRMK
25.14,25.14,25.12,25.12,600,2020-12-02 17:25:00,TRMK
25.1,25.12,25.1,25.12,208,2020-12-02 17:30:00,TRMK
25.125,25.16,25.125,25.16,1400,2020-12-02 17:35:00,TRMK
25.165,25.165,25.165,25.165,234,2020-12-02 17:40:00,TRMK
25.18,25.18,25.18,25.18,400,2020-12-02 17:45:00,TRMK
25.19,25.22,25.17,25.22,1000,2020-12-02 17:50:00,TRMK
25.23,25.23,25.2,25.2,4110,2020-12-02 17:55:00,TRMK
25.18,25.19,25.16,25.165,1000,2020-12-02 18:00:00,TRMK
25.13,25.17,25.13,25.17,2781,2020-12-02 18:05:00,TRMK
25.11,25.175,25.11,25.15,1397,2020-12-02 18:10:00,TRMK
25.13,25.17,25.13,25.15,500,2020-12-02 18:15:00,TRMK
25.14,25.16,25.14,25.16,300,2020-12-02 18:20:00,TRMK
25.155,25.155,25.155,25.155,243,2020-12-02 18:25:00,TRMK
25.19,25.29,25.19,25.29,700,2020-12-02 18:30:00,TRMK
25.32,25.33,25.32,25.325,400,2020-12-02 18:35:00,TRMK
25.37,25.38,25.37,25.38,200,2020-12-02 18:40:00,TRMK
25.39,25.39,25.26,25.26,1222,2020-12-02 18:45:00,TRMK
25.245,25.245,25.245,25.245,114,2020-12-02 18:50:00,TRMK
25.29,25.32,25.29,25.32,600,2020-12-02 18:55:00,TRMK
25.28,25.3,25.25,25.3,303,2020-12-02 19:00:00,TRMK
25.28,25.28,25.28,25.28,285,2020-12-02 19:05:00,TRMK
25.25,25.25,25.25,25.25,204,2020-12-02 19:10:00,TRMK
25.21,25.27,25.21,25.27,1810,2020-12-02 19:15:00,TRMK
25.33,25.33,25.33,25.33,100,2020-12-02 19:20:00,TRMK
25.32,25.355,25.2983,25.35,1372,2020-12-02 19:25:00,TRMK
25.39,25.42,25.39,25.42,400,2020-12-02 19:30:00,TRMK
25.4,25.42,25.4,25.42,401,2020-12-02 19:35:00,TRMK
25.4102,25.42,25.36,25.42,1854,2020-12-02 19:40:00,TRMK
25.4,25.43,25.395,25.43,1100,2020-12-02 19:45:00,TRMK
25.45,25.48,25.45,25.47,800,2020-12-02 19:50:00,TRMK
25.46,25.46,25.44,25.46,825,2020-12-02 19:55:00,TRMK
25.44,25.47,25.42,25.47,909,2020-12-02 20:00:00,TRMK
25.455,25.47,25.455,25.47,400,2020-12-02 20:05:00,TRMK
25.46,25.48,25.44,25.48,300,2020-12-02 20:10:00,TRMK
25.49,25.57,25.465,25.53,2220,2020-12-02 20:15:00,TRMK
25.53,25.53,25.465,25.465,615,2020-12-02 20:20:00,TRMK
25.51,25.52,25.44,25.44,601,2020-12-02 20:25:00,TRMK
25.475,25.52,25.475,25.5,963,2020-12-02 20:30:00,TRMK
25.52,25.55,25.495,25.535,2749,2020-12-02 20:35:00,TRMK
25.54,25.57,25.52,25.57,1000,2020-12-02 20:40:00,TRMK
25.53,25.53,25.49,25.51,1322,2020-12-02 20:45:00,TRMK
25.52,25.56,25.46,25.5,4426,2020-12-02 20:50:00,TRMK
25.4695,25.49,25.44,25.45,10796,2020-12-02 20:55:00,TRMK
25.45,25.45,25.45,25.45,31220,2020-12-02 21:00:00,TRMK
25.45,25.45,25.13,25.13,1756,2020-12-03 14:30:00,TRMK
25.35,25.35,25.35,25.35,300,2020-12-03 14:40:00,TRMK
25.37,25.37,25.37,25.37,573,2020-12-03 14:45:00,TRMK
25.25,25.25,25.15,25.15,1800,2020-12-03 15:00:00,TRMK
25.15,25.17,25.09,25.09,3371,2020-12-03 15:05:00,TRMK
25.09,25.1128,25.09,25.105,465,2020-12-03 15:10:00,TRMK
25.05,25.121,25.05,25.121,366,2020-12-03 15:15:00,TRMK
25.1325,25.23,25.11,25.19,2685,2020-12-03 15:20:00,TRMK
25.26,25.28,25.26,25.28,400,2020-12-03 15:25:00,TRMK
25.27,25.33,25.27,25.33,300,2020-12-03 15:30:00,TRMK
25.39,25.41,25.39,25.41,600,2020-12-03 15:35:00,TRMK
25.5,25.5,25.44,25.44,200,2020-12-03 15:45:00,TRMK
25.44,25.48,25.44,25.48,500,2020-12-03 15:50:00,TRMK
25.48,25.48,25.4006,25.42,885,2020-12-03 16:00:00,TRMK
25.46,25.54,25.45,25.54,4819,2020-12-03 16:05:00,TRMK
25.515,25.515,25.415,25.415,500,2020-12-03 16:10:00,TRMK
25.48,25.52,25.44,25.52,5937,2020-12-03 16:30:00,TRMK
25.52,25.55,25.52,25.55,700,2020-12-03 16:35:00,TRMK
25.59,25.59,25.52,25.52,1000,2020-12-03 16:40:00,TRMK
25.47,25.51,25.46,25.51,2915,2020-12-03 16:50:00,TRMK
25.5,25.5,25.49,25.5,1800,2020-12-03 16:55:00,TRMK
25.51,25.57,25.51,25.57,500,2020-12-03 17:00:00,TRMK
25.51,25.515,25.51,25.515,425,2020-12-03 17:05:00,TRMK
25.5196,25.5196,25.5,25.515,324,2020-12-03 17:10:00,TRMK
25.54,25.54,25.54,25.54,447,2020-12-03 17:15:00,TRMK
25.57,25.59,25.57,25.59,400,2020-12-03 17:20:00,TRMK
25.55,25.55,25.55,25.55,700,2020-12-03 17:25:00,TRMK
25.55,25.55,25.55,25.55,280,2020-12-03 17:30:00,TRMK
25.5,25.52,25.45,25.5055,1243,2020-12-03 17:40:00,TRMK
25.5,25.5,25.5,25.5,289,2020-12-03 17:45:00,TRMK
25.495,25.495,25.495,25.495,200,2020-12-03 17:50:00,TRMK
25.53,25.54,25.52,25.52,1200,2020-12-03 18:05:00,TRMK
25.48,25.48,25.48,25.48,200,2020-12-03 18:20:00,TRMK
25.46,25.46,25.46,25.46,100,2020-12-03 18:25:00,TRMK
25.49,25.5,25.485,25.5,1100,2020-12-03 18:35:00,TRMK
25.49,25.5,25.485,25.485,900,2020-12-03 18:50:00,TRMK
25.5,25.5,25.485,25.485,500,2020-12-03 18:55:00,TRMK
25.48,25.52,25.48,25.5,1203,2020-12-03 19:00:00,TRMK
25.5,25.51,25.49,25.49,1337,2020-12-03 19:05:00,TRMK
25.51,25.54,25.51,25.54,1300,2020-12-03 19:10:00,TRMK
25.51,25.5622,25.51,25.5622,558,2020-12-03 19:15:00,TRMK
25.52,25.52,25.52,25.52,900,2020-12-03 19:25:00,TRMK
25.54,25.55,25.515,25.55,900,2020-12-03 19:30:00,TRMK
25.54,25.54,25.535,25.535,300,2020-12-03 19:35:00,TRMK
25.55,25.55,25.55,25.55,400,2020-12-03 19:40:00,TRMK
25.56,25.56,25.56,25.56,100,2020-12-03 19:45:00,TRMK
25.56,25.56,25.56,25.56,100,2020-12-03 19:50:00,TRMK
25.525,25.525,25.52,25.52,206,2020-12-03 19:55:00,TRMK
25.52,25.55,25.52,25.55,709,2020-12-03 20:05:00,TRMK
25.56,25.57,25.5432,25.545,1113,2020-12-03 20:10:00,TRMK
25.545,25.58,25.545,25.58,400,2020-12-03 20:15:00,TRMK
25.59,25.59,25.57,25.57,1012,2020-12-03 20:20:00,TRMK
25.54,25.54,25.5,25.51,600,2020-12-03 20:25:00,TRMK
25.55,25.58,25.54,25.555,3143,2020-12-03 20:30:00,TRMK
25.58,25.58,25.49,25.49,2182,2020-12-03 20:35:00,TRMK
25.4825,25.5,25.31,25.42,9198,2020-12-03 20:40:00,TRMK
25.41,25.48,25.38,25.4763,1965,2020-12-03 20:45:00,TRMK
25.47,25.47,25.34,25.36,2573,2020-12-03 20:50:00,TRMK
25.36,25.42,25.33,25.4,17152,2020-12-03 20:55:00,TRMK
25.4,25.4,25.4,25.4,16935,2020-12-03 21:00:00,TRMK
25.4,25.4,25.4,25.4,775,2020-12-03 21:05:00,TRMK
25.71,25.78,25.28,25.78,2707,2020-12-04 14:30:00,TRMK
25.9999,25.9999,25.9999,25.9999,220,2020-12-04 14:35:00,TRMK
25.78,25.78,25.78,25.78,200,2020-12-04 14:40:00,TRMK
25.66,25.68,25.66,25.68,1001,2020-12-04 14:50:00,TRMK
25.625,25.635,25.625,25.635,200,2020-12-04 14:55:00,TRMK
25.57,25.61,25.54,25.61,1317,2020-12-04 15:00:00,TRMK
25.63,25.67,25.62,25.67,500,2020-12-04 15:10:00,TRMK
25.715,25.76,25.71,25.74,900,2020-12-04 15:15:00,TRMK
25.77,25.77,25.77,25.77,700,2020-12-04 15:20:00,TRMK
25.8,25.81,25.74,25.8,615,2020-12-04 15:25:00,TRMK
25.825,25.825,25.78,25.81,1257,2020-12-04 15:30:00,TRMK
25.78,25.79,25.74,25.74,909,2020-12-04 15:35:00,TRMK
25.77,25.8,25.77,25.8,1100,2020-12-04 15:40:00,TRMK
25.84,25.87,25.8,25.84,2314,2020-12-04 15:45:00,TRMK
25.8178,25.96,25.8178,25.945,4368,2020-12-04 15:50:00,TRMK
25.9525,26.02,25.9525,25.97,3146,2020-12-04 15:55:00,TRMK
25.93,25.94,25.91,25.94,1667,2020-12-04 16:00:00,TRMK
25.945,25.95,25.91,25.95,1550,2020-12-04 16:05:00,TRMK
25.9005,25.99,25.9005,25.97,1250,2020-12-04 16:10:00,TRMK
25.98,26.005,25.98,26.005,3132,2020-12-04 16:15:00,TRMK
26.01,26.06,26.01,26.06,1018,2020-12-04 16:20:00,TRMK
26.06,26.06,26.06,26.06,100,2020-12-04 16:25:00,TRMK
26.03,26.09,25.99,26.05,5509,2020-12-04 16:30:00,TRMK
26.08,26.09,26.02,26.0201,2200,2020-12-04 16:35:00,TRMK
26.02,26.04,26.02,26.04,600,2020-12-04 16:40:00,TRMK
26.0,26.02,26.0,26.02,300,2020-12-04 16:45:00,TRMK
26.03,26.04,26.03,26.04,1005,2020-12-04 16:50:00,TRMK
26.09,26.09,26.03,26.03,1171,2020-12-04 16:55:00,TRMK
26.03,26.03,26.03,26.03,498,2020-12-04 17:00:00,TRMK
26.0,26.0,25.968,25.968,218,2020-12-04 17:05:00,TRMK
25.94,25.94,25.9,25.9,1108,2020-12-04 17:10:00,TRMK
25.865,25.9,25.865,25.9,809,2020-12-04 17:15:00,TRMK
25.905,25.95,25.9043,25.95,1206,2020-12-04 17:20:00,TRMK
25.97,26.0,25.97,25.9995,424,2020-12-04 17:25:00,TRMK
25.98,25.99,25.96,25.96,1510,2020-12-04 17:30:00,TRMK
25.9,25.9,25.89,25.89,300,2020-12-04 17:35:00,TRMK
25.9,25.915,25.89,25.89,300,2020-12-04 17:40:00,TRMK
25.94,25.98,25.915,25.98,3363,2020-12-04 17:45:00,TRMK
25.98,25.99,25.92,25.92,1694,2020-12-04 17:50:00,TRMK
25.95,25.96,25.95,25.96,805,2020-12-04 18:00:00,TRMK
25.99,25.99,25.9849,25.9849,1192,2020-12-04 18:05:00,TRMK
25.98,25.98,25.95,25.97,1817,2020-12-04 18:15:00,TRMK
25.99,25.99,25.96,25.98,2107,2020-12-04 18:20:00,TRMK
25.97,25.98,25.945,25.945,1100,2020-12-04 18:30:00,TRMK
25.945,25.99,25.945,25.99,523,2020-12-04 18:35:00,TRMK
25.97,25.97,25.96,25.96,900,2020-12-04 18:40:00,TRMK
25.95,25.99,25.95,25.97,800,2020-12-04 18:45:00,TRMK
25.99,25.99,25.985,25.985,200,2020-12-04 18:50:00,TRMK
25.96,25.96,25.96,25.96,972,2020-12-04 18:55:00,TRMK
25.93,25.93,25.89,25.89,500,2020-12-04 19:00:00,TRMK
25.92,25.92,25.92,25.92,444,2020-12-04 19:05:00,TRMK
25.91,25.91,25.91,25.91,100,2020-12-04 19:10:00,TRMK
25.92,25.92,25.89,25.89,882,2020-12-04 19:15:00,TRMK
25.92,25.92,25.89,25.89,200,2020-12-04 19:20:00,TRMK
25.89,25.89,25.84,25.85,1809,2020-12-04 19:25:00,TRMK
25.87,25.89,25.87,25.89,883,2020-12-04 19:30:00,TRMK
25.92,25.92,25.92,25.92,100,2020-12-04 19:35:00,TRMK
25.95,25.96,25.92,25.96,1221,2020-12-04 19:40:00,TRMK
25.97,25.97,25.93,25.93,200,2020-12-04 19:45:00,TRMK
25.97,25.97,25.94,25.96,2821,2020-12-04 19:50:00,TRMK
25.95,25.98,25.95,25.98,1000,2020-12-04 19:55:00,TRMK
26.01,26.06,26.01,26.06,691,2020-12-04 20:00:00,TRMK
26.01,26.035,26.01,26.03,3139,2020-12-04 20:05:00,TRMK
26.02,26.02,25.99,25.99,1900,2020-12-04 20:10:00,TRMK
26.02,26.1,26.02,26.085,2428,2020-12-04 20:15:00,TRMK
26.085,26.14,26.085,26.12,4787,2020-12-04 20:20:00,TRMK
26.09,26.09,26.01,26.07,2830,2020-12-04 20:25:00,TRMK
26.08,26.09,26.05,26.065,1900,2020-12-04 20:30:00,TRMK
26.08,26.12,26.08,26.09,3320,2020-12-04 20:35:00,TRMK
26.08,26.16,26.08,26.11,3121,2020-12-04 20:40:00,TRMK
26.09,26.13,26.01,26.03,14046,2020-12-04 20:45:00,TRMK
26.07,26.08,26.03,26.06,5711,2020-12-04 20:50:00,TRMK
26.06,26.11,26.05,26.09,12026,2020-12-04 20:55:00,TRMK
26.08,26.08,26.08,26.08,31678,2020-12-04 21:00:00,TRMK
25.81,26.5009,25.78,26.5009,1988,2020-12-07 14:30:00,TRMK
25.383,25.383,25.383,25.383,191,2020-12-07 14:35:00,TRMK
25.48,25.81,25.48,25.725,6700,2020-12-07 14:40:00,TRMK
25.73,25.73,25.62,25.73,648,2020-12-07 14:45:00,TRMK
25.7,25.865,25.64,25.865,7416,2020-12-07 14:50:00,TRMK
25.76,25.905,25.76,25.8,5205,2020-12-07 14:55:00,TRMK
25.8,25.85,25.74,25.78,4416,2020-12-07 15:00:00,TRMK
25.76,25.955,25.76,25.88,3523,2020-12-07 15:05:00,TRMK
25.88,25.92,25.88,25.92,479,2020-12-07 15:10:00,TRMK
25.97,25.97,25.96,25.97,300,2020-12-07 15:15:00,TRMK
25.97,26.0199,25.965,26.01,700,2020-12-07 15:20:00,TRMK
26.0,26.02,25.965,26.02,1021,2020-12-07 15:25:00,TRMK
26.0226,26.05,25.99,26.0,2915,2020-12-07 15:30:00,TRMK
26.01,26.115,26.0,26.1,4108,2020-12-07 15:35:00,TRMK
26.12,26.145,26.12,26.135,1000,2020-12-07 15:45:00,TRMK
26.135,26.135,26.135,26.135,100,2020-12-07 15:50:00,TRMK
26.15,26.15,26.095,26.14,1525,2020-12-07 15:55:00,TRMK
26.08,26.12,26.0205,26.0205,733,2020-12-07 16:05:00,TRMK
26.035,26.035,26.0,26.0,200,2020-12-07 16:10:00,TRMK
26.035,26.08,26.01,26.08,1164,2020-12-07 16:15:00,TRMK
26.03,26.03,25.99,26.03,500,2020-12-07 16:20:00,TRMK
25.98,26.05,25.97,26.045,1309,2020-12-07 16:25:00,TRMK
26.06,26.105,26.06,26.105,800,2020-12-07 16:30:00,TRMK
26.05,26.1,26.05,26.1,700,2020-12-07 16:35:00,TRMK
26.12,26.12,26.09,26.09,500,2020-12-07 16:40:00,TRMK
26.0747,26.115,26.0747,26.115,800,2020-12-07 16:45:00,TRMK
26.105,26.105,26.08,26.08,400,2020-12-07 16:50:00,TRMK
26.085,26.13,26.0825,26.13,1600,2020-12-07 16:55:00,TRMK
26.17,26.18,26.16,26.18,800,2020-12-07 17:00:00,TRMK
26.19,26.21,26.15,26.1949,1951,2020-12-07 17:05:00,TRMK
26.205,26.24,26.205,26.205,400,2020-12-07 17:10:00,TRMK
26.185,26.185,26.185,26.185,100,2020-12-07 17:15:00,TRMK
26.18,26.21,26.18,26.18,2844,2020-12-07 17:20:00,TRMK
26.19,26.19,26.17,26.18,2527,2020-12-07 17:25:00,TRMK
26.175,26.175,26.1362,26.14,1801,2020-12-07 17:30:00,TRMK
26.15,26.17,26.15,26.17,723,2020-12-07 17:35:00,TRMK
26.19,26.2,26.19,26.2,200,2020-12-07 17:40:00,TRMK
26.19,26.2,26.175,26.19,2081,2020-12-07 17:45:00,TRMK
26.17,26.22,26.17,26.19,2144,2020-12-07 17:50:00,TRMK
26.21,26.21,26.21,26.21,200,2020-12-07 17:55:00,TRMK
26.2,26.2,26.18,26.18,600,2020-12-07 18:00:00,TRMK
26.17,26.17,26.14,26.15,1600,2020-12-07 18:05:00,TRMK
26.14,26.19,26.14,26.15,3203,2020-12-07 18:10:00,TRMK
26.16,26.2,26.16,26.2,329,2020-12-07 18:15:00,TRMK
26.21,26.24,26.21,26.24,300,2020-12-07 18:20:00,TRMK
26.22,26.24,26.22,26.24,800,2020-12-07 18:25:00,TRMK
26.23,26.23,26.2,26.21,1909,2020-12-07 18:30:00,TRMK
26.26,26.28,26.26,26.28,300,2020-12-07 18:35:00,TRMK
26.24,26.2525,26.18,26.18,3300,2020-12-07 18:40:00,TRMK
26.2,26.26,26.2,26.25,1400,2020-12-07 18:45:00,TRMK
26.24,26.24,26.22,26.23,1100,2020-12-07 18:50:00,TRMK
26.23,26.25,26.23,26.23,400,2020-12-07 18:55:00,TRMK
26.22,26.22,26.17,26.17,700,2020-12-07 19:00:00,TRMK
26.17,26.22,26.17,26.22,1104,2020-12-07 19:05:00,TRMK
26.22,26.24,26.22,26.22,400,2020-12-07 19:10:00,TRMK
26.22,26.22,26.22,26.22,200,2020-12-07 19:15:00,TRMK
26.22,26.22,26.15,26.155,1501,2020-12-07 19:20:00,TRMK
26.17,26.2,26.17,26.2,1334,2020-12-07 19:25:00,TRMK
26.22,26.255,26.22,26.24,6305,2020-12-07 19:30:00,TRMK
26.24,26.28,26.24,26.28,1339,2020-12-07 19:35:00,TRMK
26.2825,26.285,26.27,26.27,1200,2020-12-07 19:40:00,TRMK
26.26,26.29,26.26,26.28,409,2020-12-07 19:45:00,TRMK
26.28,26.31,26.27,26.27,1900,2020-12-07 19:50:00,TRMK
26.275,26.295,26.275,26.295,401,2020-12-07 19:55:00,TRMK
26.295,26.295,26.25,26.29,3949,2020-12-07 20:00:00,TRMK
26.29,26.29,26.24,26.24,1000,2020-12-07 20:05:00,TRMK
26.225,26.27,26.225,26.24,1295,2020-12-07 20:10:00,TRMK
26.23,26.27,26.22,26.24,9460,2020-12-07 20:15:00,TRMK
26.24,26.255,26.2,26.245,3615,2020-12-07 20:20:00,TRMK
26.25,26.28,26.245,26.245,1201,2020-12-07 20:25:00,TRMK
26.245,26.29,26.245,26.285,1518,2020-12-07 20:30:00,TRMK
26.285,26.305,26.28,26.3,5006,2020-12-07 20:35:00,TRMK
26.29,26.29,26.215,26.24,8361,2020-12-07 20:40:00,TRMK
26.22,26.25,26.145,26.145,3298,2020-12-07 20:45:00,TRMK
26.11,26.22,26.11,26.2,9434,2020-12-07 20:50:00,TRMK
26.17,26.22,26.16,26.22,13238,2020-12-07 20:55:00,TRMK
26.2,26.2,26.2,26.2,36485,2020-12-07 21:00:00,TRMK
25.87,25.87,25.87,25.87,100,2020-12-08 14:25:00,TRMK
25.82,26.37,25.82,26.03,6350,2020-12-08 14:30:00,TRMK
26.19,26.305,26.19,26.305,300,2020-12-08 14:35:00,TRMK
26.13,26.13,26.13,26.13,460,2020-12-08 14:40:00,TRMK
26.28,26.31,26.28,26.31,400,2020-12-08 14:45:00,TRMK
26.31,26.34,26.2605,26.2605,2400,2020-12-08 14:50:00,TRMK
26.295,26.31,26.26,26.26,2155,2020-12-08 14:55:00,TRMK
26.18,26.2,26.18,26.2,200,2020-12-08 15:00:00,TRMK
26.13,26.175,26.13,26.175,823,2020-12-08 15:05:00,TRMK
26.195,26.33,26.17,26.21,8079,2020-12-08 15:10:00,TRMK
26.25,26.25,26.205,26.205,200,2020-12-08 15:15:00,TRMK
26.205,26.205,26.14,26.14,900,2020-12-08 15:20:00,TRMK
26.13,26.13,26.06,26.07,400,2020-12-08 15:25:00,TRMK
26.1,26.1,25.97,25.97,200,2020-12-08 15:30:00,TRMK
26.025,26.025,25.97,25.97,400,2020-12-08 15:35:00,TRMK
26.01,26.02,26.01,26.02,400,2020-12-08 15:40:00,TRMK
26.02,26.04,26.02,26.04,401,2020-12-08 15:45:00,TRMK
26.05,26.05,25.995,25.995,200,2020-12-08 15:50:00,TRMK
25.975,26.04,25.91,25.92,2400,2020-12-08 15:55:00,TRMK
25.98,25.98,25.97,25.975,700,2020-12-08 16:00:00,TRMK
26.01,26.05,25.975,26.05,1300,2020-12-08 16:05:00,TRMK
26.06,26.06,26.05,26.055,2600,2020-12-08 16:10:00,TRMK
26.07,26.07,26.03,26.07,1119,2020-12-08 16:15:00,TRMK
26.065,26.065,26.05,26.05,700,2020-12-08 16:20:00,TRMK
26.03,26.045,25.9601,25.99,520,2020-12-08 16:25:00,TRMK
25.98,26.0,25.98,25.995,900,2020-12-08 16:30:00,TRMK
25.99,25.99,25.955,25.955,1300,2020-12-08 16:35:00,TRMK
25.93,25.96,25.93,25.96,5854,2020-12-08 16:40:00,TRMK
25.99,26.09,25.99,26.04,1100,2020-12-08 16:45:00,TRMK
26.1,26.1,26.1,26.1,400,2020-12-08 16:50:00,TRMK
26.11,26.11,25.955,25.955,4100,2020-12-08 16:55:00,TRMK
25.975,26.01,25.94,25.94,400,2020-12-08 17:00:00,TRMK
25.94,26.02,25.94,26.02,1223,2020-12-08 17:05:00,TRMK
26.0,26.06,26.0,26.05,1154,2020-12-08 17:10:00,TRMK
26.02,26.035,26.01,26.035,1800,2020-12-08 17:15:00,TRMK
26.01,26.03,26.0,26.0,2939,2020-12-08 17:20:00,TRMK
26.035,26.17,26.035,26.17,5589,2020-12-08 17:25:00,TRMK
26.15,26.15,26.13,26.13,400,2020-12-08 17:30:00,TRMK
26.17,26.17,26.09,26.09,900,2020-12-08 17:35:00,TRMK
26.09,26.16,26.09,26.16,1300,2020-12-08 17:40:00,TRMK
26.135,26.1847,26.135,26.1847,1042,2020-12-08 17:45:00,TRMK
26.19,26.23,26.19,26.2025,500,2020-12-08 17:50:00,TRMK
26.21,26.21,26.19,26.2,800,2020-12-08 17:55:00,TRMK
26.22,26.26,26.2,26.22,1801,2020-12-08 18:00:00,TRMK
26.186,26.186,26.15,26.15,800,2020-12-08 18:05:00,TRMK
26.11,26.15,26.11,26.15,400,2020-12-08 18:10:00,TRMK
26.15,26.15,26.13,26.13,1003,2020-12-08 18:15:00,TRMK
26.14,26.21,26.14,26.21,1400,2020-12-08 18:20:00,TRMK
26.18,26.2,26.17,26.2,500,2020-12-08 18:25:00,TRMK
26.2,26.24,26.18,26.24,700,2020-12-08 18:30:00,TRMK
26.27,26.27,26.17,26.17,1100,2020-12-08 18:35:00,TRMK
26.18,26.18,26.14,26.14,600,2020-12-08 18:40:00,TRMK
26.18,26.24,26.18,26.24,416,2020-12-08 18:45:00,TRMK
26.21,26.21,26.19,26.19,400,2020-12-08 18:50:00,TRMK
26.1832,26.225,26.1832,26.1849,2881,2020-12-08 18:55:00,TRMK
26.26,26.28,26.23,26.28,1100,2020-12-08 19:00:00,TRMK
26.26,26.31,26.26,26.31,1882,2020-12-08 19:05:00,TRMK
26.285,26.32,26.285,26.315,1100,2020-12-08 19:10:00,TRMK
26.31,26.31,26.3,26.3,600,2020-12-08 19:15:00,TRMK
26.27,26.28,26.27,26.28,368,2020-12-08 19:20:00,TRMK
26.28,26.28,26.255,26.255,1032,2020-12-08 19:25:00,TRMK
26.27,26.27,26.23,26.23,600,2020-12-08 19:30:00,TRMK
26.2301,26.2436,26.22,26.2301,1800,2020-12-08 19:35:00,TRMK
26.24,26.24,26.21,26.21,300,2020-12-08 19:40:00,TRMK
26.25,26.25,26.225,26.225,300,2020-12-08 19:45:00,TRMK
26.24,26.24,26.23,26.23,300,2020-12-08 19:50:00,TRMK
26.23,26.23,26.23,26.23,100,2020-12-08 19:55:00,TRMK
26.22,26.24,26.22,26.24,904,2020-12-08 20:00:00,TRMK
26.26,26.27,26.26,26.27,600,2020-12-08 20:05:00,TRMK
26.22,26.235,26.19,26.22,1500,2020-12-08 20:10:00,TRMK
26.23,26.28,26.21,26.26,3830,2020-12-08 20:15:00,TRMK
26.2455,26.28,26.24,26.245,1342,2020-12-08 20:20:00,TRMK
26.26,26.29,26.26,26.29,800,2020-12-08 20:25:00,TRMK
26.275,26.315,26.275,26.3,2100,2020-12-08 20:30:00,TRMK
26.29,26.34,26.27,26.31,8620,2020-12-08 20:35:00,TRMK
26.32,26.33,26.31,26.32,1483,2020-12-08 20:40:00,TRMK
26.31,26.32,26.195,26.21,3120,2020-12-08 20:45:00,TRMK
26.29,26.38,26.27,26.38,4200,2020-12-08 20:50:00,TRMK
26.36,26.41,26.35,26.37,16758,2020-12-08 20:55:00,TRMK
26.36,26.36,26.36,26.36,41991,2020-12-08 21:00:00,TRMK
26.36,26.36,26.36,26.36,391,2020-12-08 21:55:00,TRMK
26.66,26.66,26.66,26.66,100,2020-12-09 14:25:00,TRMK
26.75,26.75,26.28,26.515,2390,2020-12-09 14:30:00,TRMK
26.63,26.785,26.63,26.765,800,2020-12-09 14:35:00,TRMK
26.74,26.75,26.74,26.75,300,2020-12-09 14:40:00,TRMK
26.75,26.75,26.74,26.74,200,2020-12-09 14:45:00,TRMK
26.58,26.74,26.58,26.693,1382,2020-12-09 14:50:00,TRMK
26.8,26.87,26.69,26.775,1449,2020-12-09 14:55:00,TRMK
26.86,26.95,26.775,26.875,1843,2020-12-09 15:00:00,TRMK
26.93,26.93,26.87,26.92,800,2020-12-09 15:05:00,TRMK
26.925,27.0,26.86,27.0,6692,2020-12-09 15:10:00,TRMK
26.99,27.1,26.925,27.1,11234,2020-12-09 15:15:00,TRMK
27.11,27.11,27.0,27.05,1400,2020-12-09 15:20:00,TRMK
27.07,27.07,27.03,27.07,300,2020-12-09 15:25:00,TRMK
27.03,27.03,26.99,26.995,5628,2020-12-09 15:30:00,TRMK
26.995,27.01,26.98,26.99,7800,2020-12-09 15:35:00,TRMK
26.99,27.01,26.98,27.0,7366,2020-12-09 15:40:00,TRMK
27.0,27.01,26.7952,26.82,9262,2020-12-09 15:45:00,TRMK
26.82,26.87,26.82,26.87,2237,2020-12-09 15:50:00,TRMK
26.83,26.86,26.76,26.76,653,2020-12-09 15:55:00,TRMK
26.76,26.77,26.76,26.76,902,2020-12-09 16:00:00,TRMK
26.74,26.81,26.74,26.8,2495,2020-12-09 16:05:00,TRMK
26.81,26.81,26.81,26.81,300,2020-12-09 16:10:00,TRMK
26.75,26.755,26.67,26.67,1000,2020-12-09 16:15:00,TRMK
26.67,26.67,26.61,26.63,2200,2020-12-09 16:20:00,TRMK
26.655,26.655,26.62,26.62,200,2020-12-09 16:25:00,TRMK
26.6549,26.66,26.62,26.66,876,2020-12-09 16:30:00,TRMK
26.67,26.67,26.61,26.66,2841,2020-12-09 16:35:00,TRMK
26.75,26.75,26.75,26.75,100,2020-12-09 16:45:00,TRMK
26.68,26.68,26.645,26.645,900,2020-12-09 16:50:00,TRMK
26.65,26.71,26.65,26.705,841,2020-12-09 16:55:00,TRMK
26.7,26.7,26.7,26.7,100,2020-12-09 17:00:00,TRMK
26.75,26.76,26.75,26.76,400,2020-12-09 17:05:00,TRMK
26.75,26.78,26.75,26.78,200,2020-12-09 17:10:00,TRMK
26.755,26.755,26.755,26.755,100,2020-12-09 17:15:00,TRMK
26.77,26.79,26.76,26.76,807,2020-12-09 17:20:00,TRMK
26.73,26.73,26.73,26.73,100,2020-12-09 17:25:00,TRMK
26.675,26.675,26.675,26.675,100,2020-12-09 17:30:00,TRMK
26.69,26.7,26.64,26.64,500,2020-12-09 17:35:00,TRMK
26.64,26.69,26.63,26.69,1603,2020-12-09 17:40:00,TRMK
26.69,26.72,26.69,26.72,589,2020-12-09 17:45:00,TRMK
26.69,26.7,26.67,26.67,1600,2020-12-09 17:50:00,TRMK
26.7,26.7,26.7,26.7,200,2020-12-09 17:55:00,TRMK
26.7,26.7,26.65,26.65,600,2020-12-09 18:00:00,TRMK
26.64,26.64,26.64,26.64,288,2020-12-09 18:05:00,TRMK
26.64,26.64,26.64,26.64,300,2020-12-09 18:10:00,TRMK
26.62,26.67,26.62,26.645,1714,2020-12-09 18:15:00,TRMK
26.68,26.68,26.68,26.68,200,2020-12-09 18:20:00,TRMK
26.7,26.71,26.69,26.71,997,2020-12-09 18:25:00,TRMK
26.68,26.68,26.67,26.67,500,2020-12-09 18:30:00,TRMK
26.65,26.655,26.56,26.6,794,2020-12-09 18:35:00,TRMK
26.63,26.63,26.63,26.63,420,2020-12-09 18:40:00,TRMK
26.64,26.67,26.64,26.67,200,2020-12-09 18:45:00,TRMK
26.67,26.67,26.56,26.56,500,2020-12-09 18:50:00,TRMK
26.535,26.58,26.535,26.58,600,2020-12-09 18:55:00,TRMK
26.65,26.7,26.65,26.7,400,2020-12-09 19:00:00,TRMK
26.68,26.68,26.65,26.68,1000,2020-12-09 19:05:00,TRMK
26.65,26.69,26.65,26.655,1400,2020-12-09 19:10:00,TRMK
26.69,26.69,26.69,26.69,100,2020-12-09 19:15:00,TRMK
26.67,26.69,26.67,26.68,892,2020-12-09 19:20:00,TRMK
26.735,26.735,26.665,26.73,400,2020-12-09 19:25:00,TRMK
26.73,26.73,26.695,26.695,200,2020-12-09 19:30:00,TRMK
26.66,26.685,26.645,26.655,1000,2020-12-09 19:35:00,TRMK
26.64,26.67,26.64,26.65,1071,2020-12-09 19:40:00,TRMK
26.68,26.75,26.68,26.72,900,2020-12-09 19:45:00,TRMK
26.74,26.74,26.715,26.74,300,2020-12-09 19:50:00,TRMK
26.74,26.76,26.73,26.76,2100,2020-12-09 19:55:00,TRMK
26.75,26.75,26.72,26.72,400,2020-12-09 20:00:00,TRMK
26.67,26.74,26.67,26.74,808,2020-12-09 20:05:00,TRMK
26.745,26.745,26.69,26.74,1020,2020-12-09 20:10:00,TRMK
26.705,26.74,26.67,26.735,2395,2020-12-09 20:15:00,TRMK
26.74,26.74,26.685,26.69,1900,2020-12-09 20:20:00,TRMK
26.7,26.7,26.68,26.69,720,2020-12-09 20:25:00,TRMK
26.7,26.8,26.7,26.8,2722,2020-12-09 20:30:00,TRMK
26.79,26.83,26.75,26.77,6337,2020-12-09 20:35:00,TRMK
26.76,26.78,26.73,26.775,2124,2020-12-09 20:40:00,TRMK
26.775,26.84,26.77,26.82,3620,2020-12-09 20:45:00,TRMK
26.8,26.82,26.73,26.74,19172,2020-12-09 20:50:00,TRMK
26.74,26.78,26.73,26.74,13575,2020-12-09 20:55:00,TRMK
26.75,26.75,26.75,26.75,68322,2020-12-09 21:00:00,TRMK
26.53,26.745,26.3884,26.3884,4952,2020-12-10 14:30:00,TRMK
26.7,26.71,26.47,26.47,537,2020-12-10 14:35:00,TRMK
26.61,26.61,26.61,26.61,100,2020-12-10 14:50:00,TRMK
26.42,26.42,26.42,26.42,100,2020-12-10 14:55:00,TRMK
26.56,26.58,26.5492,26.56,837,2020-12-10 15:05:00,TRMK
26.6,26.6,26.52,26.52,1400,2020-12-10 15:10:00,TRMK
26.54,26.56,26.5,26.56,500,2020-12-10 15:15:00,TRMK
26.52,26.52,26.52,26.52,100,2020-12-10 15:20:00,TRMK
26.52,26.57,26.52,26.57,301,2020-12-10 15:25:00,TRMK
26.56,26.56,26.56,26.56,300,2020-12-10 15:35:00,TRMK
26.545,26.545,26.545,26.545,200,2020-12-10 15:40:00,TRMK
26.57,26.585,26.55,26.57,2024,2020-12-10 15:45:00,TRMK
26.62,26.66,26.62,26.66,363,2020-12-10 15:50:00,TRMK
26.6,26.6,26.6,26.6,100,2020-12-10 15:55:00,TRMK
26.61,26.71,26.61,26.665,1498,2020-12-10 16:00:00,TRMK
26.61,26.62,26.61,26.62,200,2020-12-10 16:05:00,TRMK
26.57,26.62,26.56,26.59,500,2020-12-10 16:10:00,TRMK
26.62,26.62,26.62,26.62,256,2020-12-10 16:15:00,TRMK
26.65,26.65,26.65,26.65,213,2020-12-10 16:20:00,TRMK
26.635,26.66,26.61,26.61,433,2020-12-10 16:25:00,TRMK
26.61,26.615,26.56,26.56,1100,2020-12-10 16:30:00,TRMK
26.6,26.6,26.57,26.58,400,2020-12-10 16:35:00,TRMK
26.59,26.59,26.56,26.56,707,2020-12-10 16:40:00,TRMK
26.53,26.55,26.53,26.55,721,2020-12-10 16:45:00,TRMK
26.51,26.51,26.51,26.51,200,2020-12-10 16:55:00,TRMK
26.525,26.54,26.51,26.54,500,2020-12-10 17:00:00,TRMK
26.57,26.57,26.57,26.57,283,2020-12-10 17:05:00,TRMK
26.62,26.65,26.62,26.635,1682,2020-12-10 17:10:00,TRMK
26.64,26.64,26.64,26.64,100,2020-12-10 17:15:00,TRMK
26.69,26.7,26.69,26.7,400,2020-12-10 17:20:00,TRMK
26.72,26.73,26.72,26.72,400,2020-12-10 17:25:00,TRMK
26.75,26.76,26.75,26.76,704,2020-12-10 17:30:00,TRMK
26.79,26.79,26.74,26.74,900,2020-12-10 17:35:00,TRMK
26.77,26.79,26.76,26.76,700,2020-12-10 17:40:00,TRMK
26.74,26.74,26.73,26.73,200,2020-12-10 17:45:00,TRMK
26.71,26.71,26.71,26.71,100,2020-12-10 17:50:00,TRMK
26.73,26.73,26.73,26.73,100,2020-12-10 17:55:00,TRMK
26.7,26.7,26.64,26.64,400,2020-12-10 18:00:00,TRMK
26.61,26.65,26.59,26.65,3408,2020-12-10 18:05:00,TRMK
26.665,26.665,26.665,26.665,100,2020-12-10 18:10:00,TRMK
26.69,26.72,26.69,26.69,900,2020-12-10 18:15:00,TRMK
26.66,26.66,26.64,26.64,388,2020-12-10 18:30:00,TRMK
26.61,26.64,26.595,26.64,400,2020-12-10 18:35:00,TRMK
26.62,26.66,26.62,26.66,300,2020-12-10 18:45:00,TRMK
26.64,26.64,26.62,26.62,300,2020-12-10 18:50:00,TRMK
26.59,26.59,26.56,26.56,200,2020-12-10 18:55:00,TRMK
26.58,26.58,26.51,26.53,600,2020-12-10 19:00:00,TRMK
26.55,26.6,26.55,26.6,547,2020-12-10 19:05:00,TRMK
26.61,26.63,26.61,26.63,300,2020-12-10 19:10:00,TRMK
26.61,26.63,26.6,26.6,1436,2020-12-10 19:15:00,TRMK
26.62,26.64,26.6,26.63,3853,2020-12-10 19:20:00,TRMK
26.63,26.65,26.62,26.62,3350,2020-12-10 19:25:00,TRMK
26.625,26.66,26.625,26.66,1422,2020-12-10 19:30:00,TRMK
26.665,26.75,26.665,26.75,1500,2020-12-10 19:35:00,TRMK
26.77,26.77,26.73,26.73,1200,2020-12-10 19:40:00,TRMK
26.74,26.74,26.71,26.74,500,2020-12-10 19:45:00,TRMK
26.72,26.75,26.72,26.75,302,2020-12-10 19:50:00,TRMK
26.75,26.77,26.735,26.74,1100,2020-12-10 19:55:00,TRMK
26.73,26.77,26.73,26.77,426,2020-12-10 20:00:00,TRMK
26.77,26.78,26.76,26.77,700,2020-12-10 20:05:00,TRMK
26.78,26.86,26.76,26.86,1888,2020-12-10 20:10:00,TRMK
26.835,26.92,26.8191,26.89,2349,2020-12-10 20:15:00,TRMK
26.9,26.93,26.9,26.915,2200,2020-12-10 20:20:00,TRMK
26.93,26.96,26.905,26.905,3300,2020-12-10 20:25:00,TRMK
26.91,26.95,26.91,26.92,4267,2020-12-10 20:30:00,TRMK
26.91,26.91,26.88,26.895,5646,2020-12-10 20:35:00,TRMK
26.89,26.92,26.89,26.9,3133,2020-12-10 20:40:00,TRMK
26.9,26.955,26.885,26.92,11888,2020-12-10 20:45:00,TRMK
26.895,27.0,26.895,27.0,6755,2020-12-10 20:50:00,TRMK
27.0,27.02,26.95,26.97,17015,2020-12-10 20:55:00,TRMK
26.97,26.97,26.97,26.97,42611,2020-12-10 21:00:00,TRMK
26.58,26.58,26.35,26.35,3584,2020-12-11 14:30:00,TRMK
26.89,26.89,26.475,26.72,1321,2020-12-11 14:35:00,TRMK
26.71,26.71,26.71,26.71,100,2020-12-11 14:40:00,TRMK
26.85,26.89,26.78,26.78,800,2020-12-11 14:45:00,TRMK
26.82,26.82,26.82,26.82,100,2020-12-11 14:50:00,TRMK
26.8327,26.8327,26.8327,26.8327,138,2020-12-11 14:55:00,TRMK
26.9,26.9,26.9,26.9,195,2020-12-11 15:00:00,TRMK
26.9,27.01,26.9,26.93,1003,2020-12-11 15:05:00,TRMK
26.88,26.88,26.795,26.86,800,2020-12-11 15:10:00,TRMK
26.89,26.95,26.8201,26.95,772,2020-12-11 15:15:00,TRMK
26.95,27.015,26.91,26.92,900,2020-12-11 15:20:00,TRMK
26.96,26.96,26.9,26.9,300,2020-12-11 15:25:00,TRMK
26.915,27.04,26.915,27.04,200,2020-12-11 15:30:00,TRMK
26.94,27.05,26.94,27.05,300,2020-12-11 15:35:00,TRMK
27.0,27.03,26.985,27.03,2537,2020-12-11 15:40:00,TRMK
27.06,27.14,27.03,27.09,3518,2020-12-11 15:45:00,TRMK
27.06,27.13,27.05,27.055,3093,2020-12-11 15:50:00,TRMK
27.08,27.1,27.0738,27.1,2429,2020-12-11 15:55:00,TRMK
27.095,27.16,27.095,27.14,5113,2020-12-11 16:00:00,TRMK
27.12,27.16,27.12,27.15,987,2020-12-11 16:05:00,TRMK
27.15,27.17,27.13,27.17,800,2020-12-11 16:10:00,TRMK
27.15,27.19,27.15,27.19,3084,2020-12-11 16:15:00,TRMK
27.195,27.195,27.09,27.1,2232,2020-12-11 16:20:00,TRMK
27.12,27.15,27.11,27.13,4498,2020-12-11 16:25:00,TRMK
27.12,27.12,27.1,27.1,800,2020-12-11 16:30:00,TRMK
27.1,27.13,27.09,27.13,9268,2020-12-11 16:35:00,TRMK
27.11,27.13,27.074,27.09,5707,2020-12-11 16:40:00,TRMK
27.09,27.19,27.09,27.17,2203,2020-12-11 16:45:00,TRMK
27.17,27.24,27.17,27.23,6473,2020-12-11 16:50:00,TRMK
27.24,27.24,27.21,27.21,919,2020-12-11 16:55:00,TRMK
27.17,27.17,27.11,27.11,300,2020-12-11 17:00:00,TRMK
27.11,27.175,27.11,27.17,4722,2020-12-11 17:05:00,TRMK
27.17,27.19,27.16,27.17,24535,2020-12-11 17:10:00,TRMK
27.17,27.18,27.09,27.1,23115,2020-12-11 17:15:00,TRMK
27.07,27.19,27.02,27.19,7199,2020-12-11 17:20:00,TRMK
27.2,27.26,27.2,27.2,3387,2020-12-11 17:25:00,TRMK
27.23,27.24,27.22,27.22,1018,2020-12-11 17:30:00,TRMK
27.21,27.21,27.2,27.2,900,2020-12-11 17:35:00,TRMK
27.21,27.26,27.21,27.22,1487,2020-12-11 17:40:00,TRMK
27.225,27.31,27.225,27.31,1273,2020-12-11 17:45:00,TRMK
27.31,27.3234,27.29,27.3234,3999,2020-12-11 17:50:00,TRMK
27.34,27.34,27.33,27.34,700,2020-12-11 17:55:00,TRMK
27.35,27.35,27.31,27.32,2699,2020-12-11 18:00:00,TRMK
27.3,27.31,27.29,27.3,2235,2020-12-11 18:05:00,TRMK
27.2901,27.35,27.29,27.31,3641,2020-12-11 18:10:00,TRMK
27.325,27.325,27.24,27.24,2000,2020-12-11 18:15:00,TRMK
27.21,27.235,27.21,27.22,600,2020-12-11 18:20:00,TRMK
27.22,27.31,27.22,27.3,1666,2020-12-11 18:25:00,TRMK
27.31,27.33,27.25,27.26,3775,2020-12-11 18:30:00,TRMK
27.26,27.29,27.26,27.27,1684,2020-12-11 18:35:00,TRMK
27.26,27.26,27.26,27.26,100,2020-12-11 18:40:00,TRMK
27.26,27.26,27.23,27.23,1200,2020-12-11 18:45:00,TRMK
27.26,27.29,27.26,27.28,1071,2020-12-11 18:50:00,TRMK
27.3,27.3,27.28,27.3,400,2020-12-11 18:55:00,TRMK
27.31,27.31,27.29,27.29,800,2020-12-11 19:00:00,TRMK
27.28,27.28,27.27,27.27,600,2020-12-11 19:05:00,TRMK
27.28,27.29,27.28,27.29,200,2020-12-11 19:10:00,TRMK
27.29,27.305,27.29,27.305,1165,2020-12-11 19:15:00,TRMK
27.3199,27.37,27.3199,27.35,3984,2020-12-11 19:20:00,TRMK
27.34,27.35,27.3,27.32,2300,2020-12-11 19:25:00,TRMK
27.33,27.36,27.3,27.36,2172,2020-12-11 19:30:00,TRMK
27.36,27.36,27.31,27.31,2318,2020-12-11 19:35:00,TRMK
27.32,27.35,27.3,27.34,2218,2020-12-11 19:40:00,TRMK
27.37,27.37,27.32,27.32,720,2020-12-11 19:45:00,TRMK
27.32,27.32,27.29,27.32,1742,2020-12-11 19:50:00,TRMK
27.3001,27.315,27.26,27.26,2383,2020-12-11 19:55:00,TRMK
27.255,27.255,27.255,27.255,100,2020-12-11 20:00:00,TRMK
27.255,27.255,27.255,27.255,281,2020-12-11 20:05:00,TRMK
27.27,27.32,27.26,27.3,3800,2020-12-11 20:10:00,TRMK
27.32,27.34,27.31,27.31,2100,2020-12-11 20:15:00,TRMK
27.33,27.33,27.33,27.33,300,2020-12-11 20:20:00,TRMK
27.32,27.32,27.28,27.29,2700,2020-12-11 20:25:00,TRMK
27.27,27.31,27.27,27.27,4390,2020-12-11 20:30:00,TRMK
27.265,27.31,27.26,27.3,2346,2020-12-11 20:35:00,TRMK
27.3,27.33,27.25,27.25,5000,2020-12-11 20:40:00,TRMK
27.27,27.285,27.22,27.23,5318,2020-12-11 20:45:00,TRMK
27.24,27.265,27.19,27.2,11966,2020-12-11 20:50:00,TRMK
27.205,27.28,27.205,27.26,22395,2020-12-11 20:55:00,TRMK
27.24,27.24,27.24,27.24,37221,2020-12-11 21:00:00,TRMK
27.5,27.5,27.01,27.355,6496,2020-12-14 14:30:00,TRMK
27.26,27.445,27.26,27.36,3521,2020-12-14 14:35:00,TRMK
27.41,27.43,27.28,27.36,3600,2020-12-14 14:40:00,TRMK
27.36,27.38,27.22,27.3,4700,2020-12-14 14:45:00,TRMK
27.36,27.39,27.32,27.37,2336,2020-12-14 14:50:00,TRMK
27.39,27.46,27.34,27.46,2105,2020-12-14 14:55:00,TRMK
27.44,27.48,27.44,27.465,400,2020-12-14 15:00:00,TRMK
27.45,27.5,27.45,27.5,1005,2020-12-14 15:05:00,TRMK
27.53,27.53,27.4301,27.48,2500,2020-12-14 15:10:00,TRMK
27.48,27.5,27.48,27.5,1004,2020-12-14 15:15:00,TRMK
27.47,27.53,27.4658,27.53,2429,2020-12-14 15:20:00,TRMK
27.523,27.55,27.47,27.49,3292,2020-12-14 15:25:00,TRMK
27.545,27.545,27.48,27.52,1000,2020-12-14 15:30:00,TRMK
27.51,27.6,27.51,27.57,4276,2020-12-14 15:35:00,TRMK
27.565,27.565,27.4981,27.505,2921,2020-12-14 15:40:00,TRMK
27.49,27.505,27.37,27.37,1100,2020-12-14 15:45:00,TRMK
27.35,27.37,27.34,27.37,1364,2020-12-14 15:50:00,TRMK
27.355,27.355,27.26,27.26,1100,2020-12-14 15:55:00,TRMK
27.26,27.3,27.26,27.3,1117,2020-12-14 16:00:00,TRMK
27.33,27.33,27.3,27.3,906,2020-12-14 16:05:00,TRMK
27.28,27.28,27.2,27.2,400,2020-12-14 16:10:00,TRMK
27.23,27.25,27.18,27.18,1300,2020-12-14 16:15:00,TRMK
27.23,27.26,27.21,27.21,700,2020-12-14 16:20:00,TRMK
27.19,27.19,27.1,27.11,2009,2020-12-14 16:25:00,TRMK
27.11,27.13,27.1,27.13,579,2020-12-14 16:30:00,TRMK
27.15,27.17,27.14,27.14,1000,2020-12-14 16:35:00,TRMK
27.13,27.13,27.08,27.08,800,2020-12-14 16:40:00,TRMK
27.0832,27.15,27.0832,27.11,3595,2020-12-14 16:45:00,TRMK
27.09,27.1,27.06,27.09,7367,2020-12-14 16:50:00,TRMK
27.05,27.05,27.01,27.01,1571,2020-12-14 16:55:00,TRMK
27.05,27.05,27.03,27.04,700,2020-12-14 17:05:00,TRMK
27.09,27.1,27.08,27.08,2000,2020-12-14 17:10:00,TRMK
27.07,27.07,27.05,27.05,1089,2020-12-14 17:15:00,TRMK
27.05,27.05,27.01,27.01,400,2020-12-14 17:20:00,TRMK
27.03,27.04,27.03,27.04,600,2020-12-14 17:30:00,TRMK
27.03,27.03,26.99,26.99,2100,2020-12-14 17:35:00,TRMK
27.0,27.0,26.94,26.94,1244,2020-12-14 17:40:00,TRMK
26.95,26.955,26.92,26.92,1100,2020-12-14 17:45:00,TRMK
26.91,26.97,26.91,26.96,3841,2020-12-14 17:50:00,TRMK
26.955,26.98,26.94,26.98,700,2020-12-14 17:55:00,TRMK
26.98,26.98,26.98,26.98,100,2020-12-14 18:00:00,TRMK
26.96,27.01,26.95,27.01,2200,2020-12-14 18:05:00,TRMK
26.99,26.99,26.99,26.99,100,2020-12-14 18:10:00,TRMK
27.0,27.0,26.96,26.96,1219,2020-12-14 18:15:00,TRMK
26.96,26.96,26.91,26.91,1000,2020-12-14 18:20:00,TRMK
26.94,26.96,26.93,26.93,1684,2020-12-14 18:25:00,TRMK
26.95,26.99,26.95,26.99,1686,2020-12-14 18:30:00,TRMK
26.98,27.02,26.98,27.02,1612,2020-12-14 18:35:00,TRMK
27.01,27.025,27.0,27.01,2300,2020-12-14 18:40:00,TRMK
27.0,27.0,26.93,26.93,737,2020-12-14 18:45:00,TRMK
26.92,26.975,26.92,26.975,1100,2020-12-14 18:50:00,TRMK
26.96,26.96,26.93,26.93,2485,2020-12-14 18:55:00,TRMK
26.93,26.93,26.87,26.89,2922,2020-12-14 19:00:00,TRMK
26.895,26.895,26.88,26.88,1600,2020-12-14 19:05:00,TRMK
26.87,26.87,26.82,26.84,3764,2020-12-14 19:10:00,TRMK
26.83,26.83,26.79,26.795,1240,2020-12-14 19:15:00,TRMK
26.78,26.795,26.73,26.75,4600,2020-12-14 19:20:00,TRMK
26.76,26.775,26.735,26.735,1400,2020-12-14 19:25:00,TRMK
26.72,26.7436,26.67,26.67,3648,2020-12-14 19:30:00,TRMK
26.7,26.72,26.65,26.7,3544,2020-12-14 19:35:00,TRMK
26.71,26.73,26.67,26.715,3608,2020-12-14 19:40:00,TRMK
26.69,26.69,26.66,26.68,2725,2020-12-14 19:45:00,TRMK
26.68,26.77,26.68,26.77,4710,2020-12-14 19:50:00,TRMK
26.77,26.79,26.74,26.77,11031,2020-12-14 19:55:00,TRMK
26.76,26.81,26.74,26.81,3000,2020-12-14 20:00:00,TRMK
26.83,26.845,26.82,26.83,700,2020-12-14 20:05:00,TRMK
26.87,26.88,26.86,26.86,900,2020-12-14 20:10:00,TRMK
26.85,26.85,26.8,26.8,2306,2020-12-14 20:15:00,TRMK
26.84,26.87,26.84,26.87,1452,2020-12-14 20:20:00,TRMK
26.89,26.91,26.88,26.88,1100,2020-12-14 20:25:00,TRMK
26.88,26.88,26.83,26.84,2080,2020-12-14 20:30:00,TRMK
26.835,26.86,26.83,26.83,1200,2020-12-14 20:35:00,TRMK
26.84,26.87,26.84,26.87,3600,2020-12-14 20:40:00,TRMK
26.89,26.92,26.87,26.92,4372,2020-12-14 20:45:00,TRMK
26.91,26.93,26.88,26.93,8648,2020-12-14 20:50:00,TRMK
26.93,26.93,26.85,26.86,14370,2020-12-14 20:55:00,TRMK
26.865,26.865,26.865,26.865,53301,2020-12-14 21:00:00,TRMK
27.22,27.22,27.22,27.22,100,2020-12-15 14:25:00,TRMK
27.23,27.31,26.542,27.03,6236,2020-12-15 14:30:00,TRMK
27.1064,27.1064,26.95,26.95,600,2020-12-15 14:35:00,TRMK
27.06,27.0976,27.06,27.0976,475,2020-12-15 14:40:00,TRMK
27.17,27.18,27.08,27.12,1400,2020-12-15 14:50:00,TRMK
27.11,27.15,27.1,27.12,3787,2020-12-15 14:55:00,TRMK
27.17,27.2,27.155,27.155,900,2020-12-15 15:00:00,TRMK
27.22,27.26,27.21,27.26,1028,2020-12-15 15:05:00,TRMK
27.19,27.21,27.17,27.19,1099,2020-12-15 15:10:00,TRMK
27.12,27.12,27.12,27.12,200,2020-12-15 15:15:00,TRMK
27.12,27.13,27.0527,27.0527,6260,2020-12-15 15:20:00,TRMK
27.02,27.055,27.02,27.025,835,2020-12-15 15:25:00,TRMK
27.06,27.07,27.06,27.07,500,2020-12-15 15:30:00,TRMK
27.09,27.09,27.0342,27.0342,7462,2020-12-15 15:35:00,TRMK
27.05,27.08,27.017,27.08,7901,2020-12-15 15:40:00,TRMK
27.1,27.13,27.1,27.13,300,2020-12-15 15:45:00,TRMK
27.15,27.15,27.15,27.15,100,2020-12-15 15:50:00,TRMK
27.2,27.25,27.2,27.25,700,2020-12-15 15:55:00,TRMK
27.24,27.24,27.24,27.24,100,2020-12-15 16:00:00,TRMK
27.2333,27.2333,27.2333,27.2333,1739,2020-12-15 16:05:00,TRMK
27.27,27.28,27.27,27.28,1089,2020-12-15 16:10:00,TRMK
27.28,27.28,27.245,27.27,500,2020-12-15 16:15:00,TRMK
27.3,27.32,27.3,27.31,1200,2020-12-15 16:20:00,TRMK
27.26,27.295,27.21,27.26,1015,2020-12-15 16:25:00,TRMK
27.18,27.18,27.18,27.18,300,2020-12-15 16:30:00,TRMK
27.19,27.2,27.19,27.2,1340,2020-12-15 16:35:00,TRMK
27.24,27.3,27.24,27.3,200,2020-12-15 16:40:00,TRMK
27.33,27.33,27.33,27.33,200,2020-12-15 16:45:00,TRMK
27.33,27.35,27.31,27.33,1600,2020-12-15 16:50:00,TRMK
27.36,27.37,27.32,27.32,1034,2020-12-15 17:00:00,TRMK
27.32,27.36,27.29,27.35,4182,2020-12-15 17:05:00,TRMK
27.36,27.38,27.36,27.38,500,2020-12-15 17:10:00,TRMK
27.4,27.43,27.38,27.43,3007,2020-12-15 17:20:00,TRMK
27.41,27.41,27.38,27.38,600,2020-12-15 17:25:00,TRMK
27.41,27.41,27.4,27.4,301,2020-12-15 17:30:00,TRMK
27.46,27.51,27.46,27.51,1700,2020-12-15 17:45:00,TRMK
27.535,27.535,27.535,27.535,100,2020-12-15 17:50:00,TRMK
27.53,27.54,27.47,27.515,3500,2020-12-15 17:55:00,TRMK
27.5,27.5,27.5,27.5,100,2020-12-15 18:00:00,TRMK
27.52,27.54,27.52,27.54,500,2020-12-15 18:05:00,TRMK
27.53,27.56,27.51,27.56,2201,2020-12-15 18:10:00,TRMK
27.55,27.56,27.55,27.56,500,2020-12-15 18:15:00,TRMK
27.54,27.56,27.54,27.56,600,2020-12-15 18:20:00,TRMK
27.565,27.565,27.5199,27.5199,1724,2020-12-15 18:25:00,TRMK
27.48,27.55,27.47,27.55,1000,2020-12-15 18:30:00,TRMK
27.535,27.54,27.535,27.54,511,2020-12-15 18:35:00,TRMK
27.57,27.6,27.57,27.58,4872,2020-12-15 18:40:00,TRMK
27.6,27.6,27.57,27.59,1000,2020-12-15 18:45:00,TRMK
27.58,27.58,27.55,27.57,1300,2020-12-15 18:50:00,TRMK
27.59,27.6,27.56,27.58,12168,2020-12-15 18:55:00,TRMK
27.58,27.6,27.58,27.6,3897,2020-12-15 19:00:00,TRMK
27.59,27.59,27.54,27.58,2629,2020-12-15 19:05:00,TRMK
27.57,27.6,27.57,27.585,3700,2020-12-15 19:10:00,TRMK
27.58,27.58,27.5417,27.5417,1100,2020-12-15 19:15:00,TRMK
27.56,27.57,27.56,27.57,600,2020-12-15 19:20:00,TRMK
27.57,27.6,27.53,27.53,33159,2020-12-15 19:25:00,TRMK
27.54,27.54,27.5,27.52,9163,2020-12-15 19:30:00,TRMK
27.525,27.57,27.525,27.56,1398,2020-12-15 19:35:00,TRMK
27.59,27.665,27.585,27.665,16499,2020-12-15 19:40:00,TRMK
27.66,27.665,27.62,27.665,1400,2020-12-15 19:45:00,TRMK
27.66,27.66,27.62,27.62,1400,2020-12-15 19:50:00,TRMK
27.61,27.67,27.61,27.64,2300,2020-12-15 19:55:00,TRMK
27.66,27.67,27.65,27.67,1100,2020-12-15 20:00:00,TRMK
27.67,27.73,27.66,27.715,2795,2020-12-15 20:05:00,TRMK
27.73,27.78,27.73,27.77,2500,2020-12-15 20:10:00,TRMK
27.76,27.8,27.75,27.76,1100,2020-12-15 20:15:00,TRMK
27.74,27.77,27.74,27.755,901,2020-12-15 20:20:00,TRMK
27.78,27.78,27.68,27.68,3027,2020-12-15 20:25:00,TRMK
27.7,27.73,27.69,27.72,2069,2020-12-15 20:30:00,TRMK
27.69,27.72,27.66,27.69,1213,2020-12-15 20:35:00,TRMK
27.68,27.71,27.66,27.71,4436,2020-12-15 20:40:00,TRMK
27.72,27.76,27.7,27.75,3700,2020-12-15 20:45:00,TRMK
27.72,27.72,27.6,27.615,9705,2020-12-15 20:50:00,TRMK
27.615,27.75,27.615,27.75,25107,2020-12-15 20:55:00,TRMK
27.71,27.71,27.71,27.71,59051,2020-12-15 21:00:00,TRMK
27.8,27.8,27.56,27.72,2888,2020-12-16 14:30:00,TRMK
27.725,27.725,27.685,27.685,200,2020-12-16 14:35:00,TRMK
27.63,27.64,27.63,27.64,300,2020-12-16 14:45:00,TRMK
27.74,27.82,27.74,27.82,2246,2020-12-16 14:55:00,TRMK
27.81,27.81,27.7,27.7,828,2020-12-16 15:00:00,TRMK
27.67,27.75,27.67,27.75,300,2020-12-16 15:05:00,TRMK
27.725,27.725,27.725,27.725,200,2020-12-16 15:10:00,TRMK
27.73,27.78,27.73,27.78,300,2020-12-16 15:15:00,TRMK
27.7838,27.84,27.74,27.83,3973,2020-12-16 15:20:00,TRMK
27.81,27.84,27.79,27.84,500,2020-12-16 15:25:00,TRMK
27.75,27.75,27.71,27.71,300,2020-12-16 15:30:00,TRMK
27.705,27.705,27.68,27.68,711,2020-12-16 15:35:00,TRMK
27.695,27.695,27.66,27.69,424,2020-12-16 15:40:00,TRMK
27.65,27.65,27.65,27.65,100,2020-12-16 15:45:00,TRMK
27.66,27.8,27.66,27.8,3611,2020-12-16 15:50:00,TRMK
27.79,27.79,27.71,27.71,1836,2020-12-16 15:55:00,TRMK
27.73,27.77,27.73,27.77,1200,2020-12-16 16:00:00,TRMK
27.77,27.77,27.77,27.77,100,2020-12-16 16:05:00,TRMK
27.81,27.81,27.73,27.78,1200,2020-12-16 16:10:00,TRMK
27.78,27.81,27.78,27.78,901,2020-12-16 16:15:00,TRMK
27.75,27.78,27.74,27.78,500,2020-12-16 16:20:00,TRMK
27.8,27.8,27.775,27.775,200,2020-12-16 16:25:00,TRMK
27.75,27.75,27.69,27.71,400,2020-12-16 16:30:00,TRMK
27.75,27.78,27.75,27.78,300,2020-12-16 16:35:00,TRMK
27.73,27.73,27.67,27.73,600,2020-12-16 16:40:00,TRMK
27.74,27.77,27.74,27.77,500,2020-12-16 16:45:00,TRMK
27.74,27.74,27.74,27.74,100,2020-12-16 16:50:00,TRMK
27.73,27.73,27.73,27.73,200,2020-12-16 16:55:00,TRMK
27.74,27.74,27.72,27.72,400,2020-12-16 17:00:00,TRMK
27.7,27.72,27.66,27.69,724,2020-12-16 17:05:00,TRMK
27.6949,27.6949,27.6737,27.6737,662,2020-12-16 17:10:00,TRMK
27.655,27.68,27.62,27.65,1900,2020-12-16 17:15:00,TRMK
27.66,27.69,27.655,27.6675,1616,2020-12-16 17:20:00,TRMK
27.675,27.69,27.64,27.69,900,2020-12-16 17:25:00,TRMK
27.67,27.67,27.64,27.64,1541,2020-12-16 17:30:00,TRMK
27.68,27.705,27.68,27.705,1488,2020-12-16 17:35:00,TRMK
27.72,27.72,27.7,27.7,2072,2020-12-16 17:40:00,TRMK
27.71,27.72,27.7045,27.72,601,2020-12-16 17:45:00,TRMK
27.7,27.715,27.7,27.7,1400,2020-12-16 17:50:00,TRMK
27.71,27.74,27.71,27.73,2000,2020-12-16 17:55:00,TRMK
27.735,27.745,27.735,27.745,977,2020-12-16 18:00:00,TRMK
27.73,27.745,27.72,27.735,800,2020-12-16 18:05:00,TRMK
27.7165,27.76,27.7165,27.76,256,2020-12-16 18:10:00,TRMK
27.72,27.72,27.71,27.71,1079,2020-12-16 18:15:00,TRMK
27.71,27.75,27.71,27.75,2404,2020-12-16 18:20:00,TRMK
27.73,27.73,27.71,27.71,1100,2020-12-16 18:25:00,TRMK
27.72,27.74,27.71,27.72,1400,2020-12-16 18:30:00,TRMK
27.685,27.71,27.685,27.71,500,2020-12-16 18:35:00,TRMK
27.71,27.72,27.66,27.66,1000,2020-12-16 18:40:00,TRMK
27.68,27.68,27.68,27.68,100,2020-12-16 18:45:00,TRMK
27.68,27.68,27.68,27.68,400,2020-12-16 18:50:00,TRMK
27.6503,27.67,27.64,27.66,2296,2020-12-16 18:55:00,TRMK
27.7,27.76,27.7,27.76,2217,2020-12-16 19:00:00,TRMK
27.72,27.72,27.69,27.72,900,2020-12-16 19:05:00,TRMK
27.68,27.68,27.67,27.67,400,2020-12-16 19:10:00,TRMK
27.67,27.68,27.6,27.6,2600,2020-12-16 19:15:00,TRMK
27.6,27.65,27.6,27.65,2572,2020-12-16 19:20:00,TRMK
27.65,27.65,27.58,27.58,1600,2020-12-16 19:25:00,TRMK
27.57,27.57,27.57,27.57,100,2020-12-16 19:30:00,TRMK
27.56,27.77,27.56,27.77,3000,2020-12-16 19:35:00,TRMK
27.72,27.72,27.6,27.64,16341,2020-12-16 19:40:00,TRMK
27.65,27.7,27.64,27.7,1400,2020-12-16 19:45:00,TRMK
27.69,27.735,27.67,27.71,2801,2020-12-16 19:50:00,TRMK
27.67,27.72,27.67,27.72,700,2020-12-16 19:55:00,TRMK
27.72,27.735,27.65,27.65,1850,2020-12-16 20:00:00,TRMK
27.65,27.67,27.65,27.65,2415,2020-12-16 20:05:00,TRMK
27.65,27.685,27.643,27.685,1331,2020-12-16 20:10:00,TRMK
27.7,27.71,27.68,27.71,2776,2020-12-16 20:15:00,TRMK
27.72,27.74,27.71,27.73,4209,2020-12-16 20:20:00,TRMK
27.75,27.75,27.68,27.69,3900,2020-12-16 20:25:00,TRMK
27.7,27.75,27.69,27.71,3496,2020-12-16 20:30:00,TRMK
27.7,27.7,27.63,27.68,3064,2020-12-16 20:35:00,TRMK
27.69,27.72,27.64,27.64,5776,2020-12-16 20:40:00,TRMK
27.64,27.68,27.63,27.68,4328,2020-12-16 20:45:00,TRMK
27.64,27.64,27.59,27.61,9204,2020-12-16 20:50:00,TRMK
27.61,27.61,27.53,27.56,24764,2020-12-16 20:55:00,TRMK
27.56,27.56,27.56,27.56,61467,2020-12-16 21:00:00,TRMK
27.64,27.64,27.62,27.62,1508,2020-12-17 14:30:00,TRMK
27.48,27.48,27.32,27.33,700,2020-12-17 14:40:00,TRMK
27.37,27.39,27.37,27.375,750,2020-12-17 14:45:00,TRMK
27.21,27.21,27.21,27.21,100,2020-12-17 14:50:00,TRMK
27.34,27.34,27.275,27.275,200,2020-12-17 14:55:00,TRMK
27.28,27.33,27.28,27.3,2500,2020-12-17 15:00:00,TRMK
27.33,27.41,27.33,27.41,700,2020-12-17 15:05:00,TRMK
27.35,27.36,27.31,27.33,2500,2020-12-17 15:10:00,TRMK
27.37,27.445,27.36,27.36,1500,2020-12-17 15:15:00,TRMK
27.4,27.41,27.36,27.4,1200,2020-12-17 15:20:00,TRMK
27.4,27.47,27.37,27.4,2500,2020-12-17 15:25:00,TRMK
27.38,27.445,27.38,27.42,2076,2020-12-17 15:30:00,TRMK
27.415,27.44,27.39,27.39,6374,2020-12-17 15:35:00,TRMK
27.39,27.39,27.3184,27.3184,1805,2020-12-17 15:40:00,TRMK
27.32,27.39,27.32,27.39,1226,2020-12-17 15:45:00,TRMK
27.4,27.4,27.32,27.34,2389,2020-12-17 15:50:00,TRMK
27.32,27.365,27.31,27.365,3600,2020-12-17 15:55:00,TRMK
27.39,27.39,27.355,27.355,332,2020-12-17 16:00:00,TRMK
27.35,27.38,27.34,27.34,300,2020-12-17 16:05:00,TRMK
27.38,27.47,27.38,27.465,2022,2020-12-17 16:10:00,TRMK
27.465,27.49,27.465,27.475,700,2020-12-17 16:15:00,TRMK
27.5,27.51,27.43,27.5,2800,2020-12-17 16:20:00,TRMK
27.475,27.49,27.455,27.455,1113,2020-12-17 16:25:00,TRMK
27.45,27.5,27.445,27.5,898,2020-12-17 16:30:00,TRMK
27.54,27.545,27.51,27.515,876,2020-12-17 16:35:00,TRMK
27.5,27.56,27.5,27.545,1107,2020-12-17 16:40:00,TRMK
27.58,27.59,27.58,27.59,800,2020-12-17 16:45:00,TRMK
27.61,27.65,27.595,27.595,1830,2020-12-17 16:50:00,TRMK
27.61,27.66,27.6,27.61,1865,2020-12-17 16:55:00,TRMK
27.61,27.61,27.56,27.56,500,2020-12-17 17:00:00,TRMK
27.54,27.57,27.53,27.56,1698,2020-12-17 17:05:00,TRMK
27.56,27.56,27.52,27.52,843,2020-12-17 17:10:00,TRMK
27.52,27.52,27.48,27.48,902,2020-12-17 17:15:00,TRMK
27.48,27.52,27.46,27.52,1400,2020-12-17 17:20:00,TRMK
27.52,27.52,27.49,27.49,700,2020-12-17 17:25:00,TRMK
27.5,27.53,27.49,27.52,1300,2020-12-17 17:30:00,TRMK
27.52,27.57,27.52,27.54,1305,2020-12-17 17:35:00,TRMK
27.53,27.53,27.505,27.505,300,2020-12-17 17:40:00,TRMK
27.5,27.57,27.5,27.57,1200,2020-12-17 17:45:00,TRMK
27.525,27.54,27.47,27.515,1625,2020-12-17 17:50:00,TRMK
27.54,27.55,27.52,27.52,701,2020-12-17 17:55:00,TRMK
27.54,27.54,27.49,27.49,700,2020-12-17 18:00:00,TRMK
27.49,27.49,27.49,27.49,500,2020-12-17 18:05:00,TRMK
27.5,27.505,27.49,27.505,813,2020-12-17 18:10:00,TRMK
27.49,27.55,27.49,27.54,1272,2020-12-17 18:15:00,TRMK
27.53,27.55,27.53,27.55,702,2020-12-17 18:20:00,TRMK
27.56,27.58,27.56,27.58,1578,2020-12-17 18:25:00,TRMK
27.58,27.58,27.5,27.5,1300,2020-12-17 18:30:00,TRMK
27.5,27.52,27.47,27.52,1930,2020-12-17 18:35:00,TRMK
27.52,27.52,27.5,27.5,500,2020-12-17 18:40:00,TRMK
27.5,27.505,27.48,27.49,500,2020-12-17 18:45:00,TRMK
27.495,27.51,27.47,27.49,1899,2020-12-17 18:50:00,TRMK
27.47,27.54,27.47,27.51,700,2020-12-17 18:55:00,TRMK
27.51,27.52,27.47,27.515,1300,2020-12-17 19:00:00,TRMK
27.515,27.53,27.49,27.51,600,2020-12-17 19:05:00,TRMK
27.54,27.54,27.49,27.5,1914,2020-12-17 19:10:00,TRMK
27.52,27.53,27.48,27.48,1100,2020-12-17 19:15:00,TRMK
27.505,27.53,27.49,27.49,1400,2020-12-17 19:20:00,TRMK
27.49,27.54,27.49,27.54,600,2020-12-17 19:25:00,TRMK
27.52,27.525,27.52,27.525,679,2020-12-17 19:30:00,TRMK
27.51,27.54,27.51,27.51,1618,2020-12-17 19:35:00,TRMK
27.5,27.52,27.49,27.49,900,2020-12-17 19:40:00,TRMK
27.5,27.51,27.49,27.49,1408,2020-12-17 19:45:00,TRMK
27.48,27.48,27.44,27.44,1899,2020-12-17 19:50:00,TRMK
27.44,27.44,27.39,27.39,500,2020-12-17 19:55:00,TRMK
27.43,27.43,27.4,27.4,1300,2020-12-17 20:00:00,TRMK
27.4,27.41,27.33,27.4,10727,2020-12-17 20:05:00,TRMK
27.4,27.43,27.4,27.425,1100,2020-12-17 20:10:00,TRMK
27.43,27.47,27.42,27.47,2302,2020-12-17 20:15:00,TRMK
27.49,27.52,27.47,27.52,1902,2020-12-17 20:20:00,TRMK
27.52,27.54,27.52,27.525,900,2020-12-17 20:25:00,TRMK
27.54,27.55,27.5,27.5,1967,2020-12-17 20:30:00,TRMK
27.49,27.54,27.47,27.53,4447,2020-12-17 20:35:00,TRMK
27.52,27.55,27.51,27.53,1715,2020-12-17 20:40:00,TRMK
27.54,27.62,27.54,27.6,8145,2020-12-17 20:45:00,TRMK
27.585,27.665,27.585,27.66,13845,2020-12-17 20:50:00,TRMK
27.66,27.69,27.64,27.66,17796,2020-12-17 20:55:00,TRMK
27.67,27.67,27.67,27.67,51171,2020-12-17 21:00:00,TRMK
27.74,28.13,27.6728,28.13,181155,2020-12-18 14:30:00,TRMK
28.36,28.36,27.85,27.85,1200,2020-12-18 14:35:00,TRMK
27.8,28.02,27.8,27.87,1200,2020-12-18 14:40:00,TRMK
27.82,27.878,27.82,27.878,572,2020-12-18 14:45:00,TRMK
27.89,27.89,27.89,27.89,100,2020-12-18 14:50:00,TRMK
27.895,27.94,27.88,27.91,2940,2020-12-18 14:55:00,TRMK
27.88,27.88,27.87,27.87,500,2020-12-18 15:00:00,TRMK
27.81,27.82,27.77,27.77,900,2020-12-18 15:05:00,TRMK
27.82,27.82,27.72,27.72,600,2020-12-18 15:10:00,TRMK
27.58,27.61,27.58,27.61,700,2020-12-18 15:15:00,TRMK
27.55,27.65,27.55,27.65,900,2020-12-18 15:20:00,TRMK
27.62,27.62,27.62,27.62,100,2020-12-18 15:25:00,TRMK
27.57,27.5852,27.57,27.5852,364,2020-12-18 15:30:00,TRMK
27.59,27.75,27.59,27.75,1000,2020-12-18 15:35:00,TRMK
27.695,27.695,27.695,27.695,100,2020-12-18 15:40:00,TRMK
27.725,27.725,27.68,27.68,900,2020-12-18 15:45:00,TRMK
27.62,27.72,27.62,27.72,400,2020-12-18 15:50:00,TRMK
27.7,27.7,27.67,27.67,500,2020-12-18 15:55:00,TRMK
27.7,27.71,27.64,27.64,700,2020-12-18 16:00:00,TRMK
27.61,27.63,27.605,27.62,1456,2020-12-18 16:05:00,TRMK
27.6,27.6,27.56,27.585,600,2020-12-18 16:10:00,TRMK
27.53,27.56,27.53,27.56,799,2020-12-18 16:15:00,TRMK
27.6022,27.64,27.6022,27.64,545,2020-12-18 16:20:00,TRMK
27.66,27.66,27.63,27.63,400,2020-12-18 16:25:00,TRMK
27.62,27.63,27.61,27.61,900,2020-12-18 16:30:00,TRMK
27.635,27.66,27.635,27.66,900,2020-12-18 16:35:00,TRMK
27.65,27.68,27.62,27.62,1189,2020-12-18 16:40:00,TRMK
27.655,27.69,27.655,27.69,200,2020-12-18 16:45:00,TRMK
27.71,27.8,27.71,27.73,1209,2020-12-18 16:55:00,TRMK
27.75,27.75,27.75,27.75,100,2020-12-18 17:00:00,TRMK
27.76,27.76,27.76,27.76,100,2020-12-18 17:05:00,TRMK
27.765,27.8,27.745,27.765,1200,2020-12-18 17:10:00,TRMK
27.81,27.84,27.81,27.83,500,2020-12-18 17:15:00,TRMK
27.85,27.85,27.83,27.83,500,2020-12-18 17:20:00,TRMK
27.82,27.82,27.75,27.75,1000,2020-12-18 17:25:00,TRMK
27.81,27.83,27.81,27.82,1082,2020-12-18 17:35:00,TRMK
27.87,27.87,27.86,27.86,200,2020-12-18 17:40:00,TRMK
27.87,27.9,27.865,27.9,1300,2020-12-18 17:45:00,TRMK
27.89,27.89,27.83,27.83,1200,2020-12-18 17:50:00,TRMK
27.83,27.83,27.78,27.78,300,2020-12-18 17:55:00,TRMK
27.79,27.79,27.74,27.76,1475,2020-12-18 18:00:00,TRMK
27.76,27.76,27.73,27.76,1155,2020-12-18 18:05:00,TRMK
27.75,27.78,27.75,27.765,400,2020-12-18 18:10:00,TRMK
27.79,27.79,27.78,27.78,600,2020-12-18 18:15:00,TRMK
27.76,27.78,27.695,27.695,4300,2020-12-18 18:20:00,TRMK
27.75,27.78,27.72,27.76,2000,2020-12-18 18:25:00,TRMK
27.74,27.74,27.675,27.675,800,2020-12-18 18:30:00,TRMK
27.67,27.72,27.67,27.72,406,2020-12-18 18:35:00,TRMK
27.685,27.71,27.685,27.6856,450,2020-12-18 18:40:00,TRMK
27.7,27.74,27.7,27.705,1904,2020-12-18 18:45:00,TRMK
27.72,27.72,27.685,27.685,600,2020-12-18 18:50:00,TRMK
27.67,27.67,27.63,27.67,800,2020-12-18 18:55:00,TRMK
27.59,27.59,27.59,27.59,300,2020-12-18 19:00:00,TRMK
27.55,27.64,27.55,27.64,300,2020-12-18 19:05:00,TRMK
27.61,27.61,27.61,27.61,100,2020-12-18 19:10:00,TRMK
27.6,27.61,27.58,27.59,789,2020-12-18 19:15:00,TRMK
27.62,27.64,27.605,27.64,1322,2020-12-18 19:20:00,TRMK
27.605,27.63,27.6,27.62,800,2020-12-18 19:25:00,TRMK
27.65,27.65,27.58,27.6,1100,2020-12-18 19:30:00,TRMK
27.6,27.6,27.57,27.57,352,2020-12-18 19:35:00,TRMK
27.61,27.61,27.54,27.545,600,2020-12-18 19:40:00,TRMK
27.54,27.54,27.51,27.51,200,2020-12-18 19:45:00,TRMK
27.45,27.45,27.45,27.45,100,2020-12-18 19:50:00,TRMK
27.45,27.47,27.41,27.47,1351,2020-12-18 19:55:00,TRMK
27.47,27.47,27.415,27.425,700,2020-12-18 20:00:00,TRMK
27.45,27.46,27.41,27.42,700,2020-12-18 20:05:00,TRMK
27.42,27.42,27.37,27.37,400,2020-12-18 20:10:00,TRMK
27.37,27.38,27.34,27.34,300,2020-12-18 20:15:00,TRMK
27.3,27.315,27.26,27.26,600,2020-12-18 20:20:00,TRMK
27.22,27.23,27.065,27.065,4000,2020-12-18 20:25:00,TRMK
27.09,27.17,27.07,27.155,3017,2020-12-18 20:30:00,TRMK
27.14,27.14,27.08,27.12,2500,2020-12-18 20:35:00,TRMK
27.11,27.13,27.11,27.12,611,2020-12-18 20:40:00,TRMK
27.12,27.17,27.085,27.14,3870,2020-12-18 20:45:00,TRMK
27.16,27.29,27.11,27.17,25189,2020-12-18 20:50:00,TRMK
27.2,27.29,27.15,27.15,21513,2020-12-18 20:55:00,TRMK
27.16,27.16,27.16,27.16,389767,2020-12-18 21:00:00,TRMK
27.16,27.16,27.16,27.16,21991,2020-12-18 21:15:00,TRMK
27.08,27.11,27.08,27.1,3295,2020-12-21 14:30:00,TRMK
27.25,27.4095,27.22,27.3,2577,2020-12-21 14:35:00,TRMK
27.2,27.28,27.18,27.28,1586,2020-12-21 14:40:00,TRMK
27.21,27.23,27.09,27.14,1366,2020-12-21 14:45:00,TRMK
27.24,27.24,27.19,27.19,1177,2020-12-21 14:50:00,TRMK
27.14,27.14,27.14,27.14,200,2020-12-21 14:55:00,TRMK
27.12,27.12,27.01,27.01,799,2020-12-21 15:00:00,TRMK
26.94,27.007,26.8,26.8,1526,2020-12-21 15:05:00,TRMK
26.76,26.76,26.76,26.76,100,2020-12-21 15:10:00,TRMK
26.79,26.79,26.72,26.72,600,2020-12-21 15:15:00,TRMK
26.755,26.83,26.71,26.79,1554,2020-12-21 15:20:00,TRMK
26.85,26.85,26.66,26.66,1950,2020-12-21 15:25:00,TRMK
26.66,26.75,26.64,26.71,3424,2020-12-21 15:30:00,TRMK
26.78,26.78,26.68,26.74,1200,2020-12-21 15:35:00,TRMK
26.69,26.7,26.69,26.7,855,2020-12-21 15:40:00,TRMK
26.74,26.75,26.65,26.7,3018,2020-12-21 15:45:00,TRMK
26.77,26.78,26.745,26.75,800,2020-12-21 15:50:00,TRMK
26.81,26.83,26.79,26.8,1316,2020-12-21 15:55:00,TRMK
26.81,26.81,26.81,26.81,300,2020-12-21 16:00:00,TRMK
26.81,26.84,26.81,26.83,500,2020-12-21 16:05:00,TRMK
26.83,26.84,26.81,26.84,524,2020-12-21 16:10:00,TRMK
26.84,26.85,26.8,26.8,1006,2020-12-21 16:15:00,TRMK
26.745,26.745,26.67,26.705,715,2020-12-21 16:20:00,TRMK
26.66,26.69,26.63,26.63,1787,2020-12-21 16:25:00,TRMK
26.64,26.645,26.56,26.56,900,2020-12-21 16:30:00,TRMK
26.56,26.56,26.52,26.555,500,2020-12-21 16:35:00,TRMK
26.54,26.55,26.5,26.5,910,2020-12-21 16:40:00,TRMK
26.48,26.53,26.48,26.5247,695,2020-12-21 16:45:00,TRMK
26.53,26.55,26.53,26.53,2500,2020-12-21 16:50:00,TRMK
26.47,26.47,26.43,26.47,911,2020-12-21 16:55:00,TRMK
26.49,26.49,26.49,26.49,100,2020-12-21 17:00:00,TRMK
26.49,26.49,26.41,26.44,1958,2020-12-21 17:05:00,TRMK
26.48,26.49,26.44,26.44,600,2020-12-21 17:10:00,TRMK
26.43,26.46,26.405,26.43,1700,2020-12-21 17:15:00,TRMK
26.435,26.46,26.42,26.46,4116,2020-12-21 17:20:00,TRMK
26.42,26.44,26.4,26.44,990,2020-12-21 17:25:00,TRMK
26.47,26.5,26.43,26.43,1718,2020-12-21 17:30:00,TRMK
26.44,26.52,26.43,26.48,1300,2020-12-21 17:35:00,TRMK
26.525,26.55,26.51,26.53,700,2020-12-21 17:40:00,TRMK
26.54,26.61,26.52,26.61,2020,2020-12-21 17:45:00,TRMK
26.64,26.64,26.64,26.64,101,2020-12-21 17:50:00,TRMK
26.62,26.63,26.62,26.63,618,2020-12-21 17:55:00,TRMK
26.625,26.67,26.625,26.67,500,2020-12-21 18:00:00,TRMK
26.64,26.65,26.63,26.63,901,2020-12-21 18:05:00,TRMK
26.64,26.64,26.57,26.57,625,2020-12-21 18:10:00,TRMK
26.57,26.57,26.52,26.52,800,2020-12-21 18:15:00,TRMK
26.525,26.525,26.49,26.49,400,2020-12-21 18:20:00,TRMK
26.4606,26.54,26.4606,26.53,3664,2020-12-21 18:25:00,TRMK
26.56,26.56,26.56,26.56,220,2020-12-21 18:30:00,TRMK
26.59,26.605,26.58,26.58,400,2020-12-21 18:35:00,TRMK
26.58,26.61,26.58,26.61,1100,2020-12-21 18:40:00,TRMK
26.59,26.67,26.59,26.59,3417,2020-12-21 18:45:00,TRMK
26.62,26.62,26.62,26.62,100,2020-12-21 18:50:00,TRMK
26.63,26.63,26.62,26.62,300,2020-12-21 18:55:00,TRMK
26.65,26.65,26.64,26.64,200,2020-12-21 19:00:00,TRMK
26.64,26.64,26.59,26.63,300,2020-12-21 19:05:00,TRMK
26.63,26.7,26.63,26.7,1050,2020-12-21 19:10:00,TRMK
26.71,26.74,26.7,26.74,848,2020-12-21 19:15:00,TRMK
26.78,26.82,26.78,26.82,700,2020-12-21 19:20:00,TRMK
26.8,26.82,26.79,26.82,400,2020-12-21 19:25:00,TRMK
26.82,26.83,26.81,26.82,1051,2020-12-21 19:30:00,TRMK
26.84,26.84,26.78,26.78,1400,2020-12-21 19:35:00,TRMK
26.76,26.76,26.72,26.72,700,2020-12-21 19:40:00,TRMK
26.735,26.735,26.735,26.735,100,2020-12-21 19:45:00,TRMK
26.74,26.74,26.7,26.7,1187,2020-12-21 19:50:00,TRMK
26.67,26.67,26.64,26.64,700,2020-12-21 19:55:00,TRMK
26.62,26.62,26.61,26.62,600,2020-12-21 20:00:00,TRMK
26.61,26.625,26.605,26.61,800,2020-12-21 20:05:00,TRMK
26.59,26.67,26.5899,26.67,2900,2020-12-21 20:10:00,TRMK
26.66,26.67,26.65,26.65,503,2020-12-21 20:15:00,TRMK
26.65,26.68,26.645,26.68,1808,2020-12-21 20:20:00,TRMK
26.67,26.7,26.67,26.7,1699,2020-12-21 20:25:00,TRMK
26.72,26.72,26.64,26.66,2451,2020-12-21 20:30:00,TRMK
26.655,26.7,26.655,26.7,1100,2020-12-21 20:35:00,TRMK
26.7,26.71,26.67,26.68,2189,2020-12-21 20:40:00,TRMK
26.665,26.7,26.665,26.7,800,2020-12-21 20:45:00,TRMK
26.675,26.7,26.66,26.685,3526,2020-12-21 20:50:00,TRMK
26.74,26.81,26.74,26.8,10607,2020-12-21 20:55:00,TRMK
26.78,26.78,26.78,26.78,95225,2020-12-21 21:00:00,TRMK
26.87,26.87,26.4662,26.7,2948,2020-12-22 14:30:00,TRMK
26.71,26.71,26.51,26.56,866,2020-12-22 14:35:00,TRMK
26.6,26.63,26.59,26.63,300,2020-12-22 14:40:00,TRMK
26.58,26.58,26.56,26.56,790,2020-12-22 14:45:00,TRMK
26.52,26.52,26.47,26.47,300,2020-12-22 14:50:00,TRMK
26.54,26.61,26.54,26.61,769,2020-12-22 14:55:00,TRMK
26.65,26.78,26.65,26.78,500,2020-12-22 15:05:00,TRMK
26.73,26.78,26.71,26.78,711,2020-12-22 15:10:00,TRMK
26.71,26.79,26.7,26.775,1302,2020-12-22 15:15:00,TRMK
26.75,26.75,26.7,26.72,600,2020-12-22 15:20:00,TRMK
26.66,26.71,26.65,26.7,800,2020-12-22 15:25:00,TRMK
26.71,26.71,26.61,26.61,800,2020-12-22 15:30:00,TRMK
26.6,26.66,26.56,26.66,1100,2020-12-22 15:35:00,TRMK
26.68,26.71,26.68,26.71,500,2020-12-22 15:40:00,TRMK
26.64,26.64,26.64,26.64,200,2020-12-22 15:45:00,TRMK
26.63,26.63,26.57,26.57,500,2020-12-22 15:50:00,TRMK
26.57,26.58,26.48,26.48,1400,2020-12-22 15:55:00,TRMK
26.56,26.6,26.52,26.6,677,2020-12-22 16:00:00,TRMK
26.58,26.58,26.57,26.57,400,2020-12-22 16:10:00,TRMK
26.55,26.61,26.52,26.5903,1713,2020-12-22 16:15:00,TRMK
26.55,26.55,26.49,26.51,874,2020-12-22 16:20:00,TRMK
26.505,26.505,26.42,26.42,1621,2020-12-22 16:25:00,TRMK
26.48,26.54,26.44,26.54,1212,2020-12-22 16:30:00,TRMK
26.4772,26.4772,26.415,26.465,2700,2020-12-22 16:40:00,TRMK
26.41,26.46,26.41,26.435,300,2020-12-22 16:45:00,TRMK
26.4,26.45,26.36,26.4,1800,2020-12-22 16:50:00,TRMK
26.47,26.47,26.47,26.47,101,2020-12-22 16:55:00,TRMK
26.42,26.425,26.32,26.355,3040,2020-12-22 17:00:00,TRMK
26.39,26.4,26.39,26.4,587,2020-12-22 17:05:00,TRMK
26.36,26.435,26.36,26.435,800,2020-12-22 17:10:00,TRMK
26.435,26.46,26.4,26.4146,1622,2020-12-22 17:15:00,TRMK
26.39,26.42,26.38,26.42,500,2020-12-22 17:20:00,TRMK
26.34,26.34,26.34,26.34,100,2020-12-22 17:25:00,TRMK
26.32,26.34,26.28,26.315,805,2020-12-22 17:30:00,TRMK
26.33,26.38,26.33,26.38,700,2020-12-22 17:35:00,TRMK
26.33,26.33,26.3,26.3,600,2020-12-22 17:40:00,TRMK
26.34,26.37,26.34,26.37,200,2020-12-22 17:45:00,TRMK
26.39,26.39,26.3599,26.3599,1167,2020-12-22 17:50:00,TRMK
26.31,26.34,26.28,26.28,700,2020-12-22 17:55:00,TRMK
26.28,26.29,26.28,26.285,800,2020-12-22 18:00:00,TRMK
26.31,26.36,26.31,26.34,1600,2020-12-22 18:05:00,TRMK
26.38,26.41,26.38,26.41,400,2020-12-22 18:10:00,TRMK
26.41,26.41,26.385,26.385,550,2020-12-22 18:15:00,TRMK
26.35,26.38,26.35,26.355,300,2020-12-22 18:20:00,TRMK
26.355,26.39,26.355,26.39,500,2020-12-22 18:25:00,TRMK
26.36,26.39,26.35,26.365,400,2020-12-22 18:30:00,TRMK
26.365,26.4,26.36,26.36,700,2020-12-22 18:35:00,TRMK
26.36,26.36,26.3,26.34,1100,2020-12-22 18:40:00,TRMK
26.42,26.42,26.36,26.37,300,2020-12-22 18:45:00,TRMK
26.365,26.365,26.365,26.365,100,2020-12-22 18:50:00,TRMK
26.365,26.39,26.365,26.37,700,2020-12-22 18:55:00,TRMK
26.36,26.39,26.36,26.39,400,2020-12-22 19:00:00,TRMK
26.375,26.375,26.34,26.34,1192,2020-12-22 19:05:00,TRMK
26.32,26.32,26.32,26.32,100,2020-12-22 19:10:00,TRMK
26.345,26.38,26.345,26.35,2000,2020-12-22 19:15:00,TRMK
26.34,26.34,26.34,26.34,100,2020-12-22 19:20:00,TRMK
26.345,26.39,26.345,26.35,800,2020-12-22 19:25:00,TRMK
26.36,26.36,26.33,26.335,500,2020-12-22 19:30:00,TRMK
26.35,26.36,26.325,26.325,800,2020-12-22 19:35:00,TRMK
26.305,26.305,26.3,26.3,723,2020-12-22 19:40:00,TRMK
26.285,26.33,26.285,26.31,400,2020-12-22 19:45:00,TRMK
26.34,26.35,26.31,26.31,600,2020-12-22 19:50:00,TRMK
26.335,26.335,26.335,26.335,100,2020-12-22 20:00:00,TRMK
26.32,26.33,26.3,26.3,1231,2020-12-22 20:05:00,TRMK
26.28,26.31,26.28,26.31,1232,2020-12-22 20:10:00,TRMK
26.3,26.3,26.25,26.29,2608,2020-12-22 20:15:00,TRMK
26.3,26.31,26.3,26.3,500,2020-12-22 20:20:00,TRMK
26.31,26.31,26.28,26.28,500,2020-12-22 20:25:00,TRMK
26.275,26.32,26.275,26.32,900,2020-12-22 20:30:00,TRMK
26.31,26.33,26.31,26.315,1400,2020-12-22 20:35:00,TRMK
26.315,26.38,26.3,26.34,3350,2020-12-22 20:40:00,TRMK
26.36,26.39,26.36,26.38,500,2020-12-22 20:45:00,TRMK
26.37,26.38,26.35,26.36,1100,2020-12-22 20:50:00,TRMK
26.36,26.39,26.29,26.31,14720,2020-12-22 20:55:00,TRMK
26.31,26.31,26.31,26.31,51262,2020-12-22 21:00:00,TRMK
26.53,26.58,26.53,26.58,1483,2020-12-23 14:30:00,TRMK
26.59,26.735,26.59,26.725,300,2020-12-23 14:35:00,TRMK
26.84,27.03,26.84,27.03,1400,2020-12-23 14:45:00,TRMK
26.93,26.93,26.92,26.92,900,2020-12-23 14:50:00,TRMK
27.05,27.05,27.0,27.0,200,2020-12-23 14:55:00,TRMK
26.96,26.96,26.96,26.96,100,2020-12-23 15:00:00,TRMK
26.94,27.02,26.94,27.02,600,2020-12-23 15:05:00,TRMK
26.97,26.97,26.91,26.92,790,2020-12-23 15:10:00,TRMK
26.83,26.83,26.76,26.76,706,2020-12-23 15:15:00,TRMK
26.7933,26.81,26.76,26.81,352,2020-12-23 15:20:00,TRMK
26.72,26.77,26.72,26.77,200,2020-12-23 15:25:00,TRMK
26.7,26.7,26.65,26.65,550,2020-12-23 15:30:00,TRMK
26.71,26.73,26.7,26.7,800,2020-12-23 15:35:00,TRMK
26.64,26.72,26.64,26.72,400,2020-12-23 15:45:00,TRMK
26.77,26.83,26.77,26.83,400,2020-12-23 15:50:00,TRMK
26.87,26.87,26.87,26.87,100,2020-12-23 15:55:00,TRMK
26.835,26.835,26.77,26.79,610,2020-12-23 16:00:00,TRMK
26.83,26.89,26.8015,26.86,640,2020-12-23 16:05:00,TRMK
26.8297,26.8297,26.8297,26.8297,100,2020-12-23 16:10:00,TRMK
26.83,26.92,26.83,26.91,1081,2020-12-23 16:20:00,TRMK
26.88,26.92,26.88,26.91,800,2020-12-23 16:25:00,TRMK
26.87,26.885,26.86,26.88,700,2020-12-23 16:35:00,TRMK
26.874,26.874,26.874,26.874,1000,2020-12-23 16:40:00,TRMK
26.88,26.9,26.88,26.89,600,2020-12-23 16:45:00,TRMK
26.92,26.93,26.89,26.89,900,2020-12-23 16:50:00,TRMK
26.95,26.98,26.95,26.98,700,2020-12-23 16:55:00,TRMK
26.955,26.955,26.955,26.955,100,2020-12-23 17:10:00,TRMK
26.93,26.93,26.925,26.925,200,2020-12-23 17:15:00,TRMK
26.92,26.97,26.91,26.97,1299,2020-12-23 17:20:00,TRMK
26.955,26.97,26.94,26.95,1519,2020-12-23 17:25:00,TRMK
26.95,26.98,26.92,26.96,1500,2020-12-23 17:30:00,TRMK
26.975,26.99,26.975,26.99,300,2020-12-23 17:35:00,TRMK
26.99,27.01,26.99,27.01,1823,2020-12-23 17:40:00,TRMK
27.025,27.025,26.99,26.99,600,2020-12-23 17:45:00,TRMK
27.03,27.03,27.01,27.01,700,2020-12-23 17:55:00,TRMK
27.005,27.02,27.005,27.02,200,2020-12-23 18:05:00,TRMK
27.02,27.02,27.011,27.011,652,2020-12-23 18:10:00,TRMK
27.08,27.08,27.08,27.08,100,2020-12-23 18:15:00,TRMK
27.075,27.075,27.07,27.07,442,2020-12-23 18:20:00,TRMK
27.075,27.09,27.075,27.09,441,2020-12-23 18:25:00,TRMK
27.13,27.13,27.13,27.13,200,2020-12-23 18:30:00,TRMK
27.1,27.1,27.1,27.1,141,2020-12-23 18:35:00,TRMK
27.09,27.12,27.09,27.11,759,2020-12-23 18:40:00,TRMK
27.115,27.115,27.105,27.105,218,2020-12-23 18:45:00,TRMK
27.12,27.12,27.12,27.12,300,2020-12-23 18:50:00,TRMK
27.145,27.145,27.12,27.12,300,2020-12-23 18:55:00,TRMK
27.115,27.115,27.09,27.115,2500,2020-12-23 19:05:00,TRMK
27.115,27.14,27.115,27.125,600,2020-12-23 19:10:00,TRMK
27.21,27.21,27.16,27.16,300,2020-12-23 19:15:00,TRMK
27.16,27.175,27.14,27.14,300,2020-12-23 19:20:00,TRMK
27.115,27.115,27.115,27.115,200,2020-12-23 19:25:00,TRMK
27.135,27.135,27.1,27.1,2100,2020-12-23 19:30:00,TRMK
27.1,27.12,27.09,27.12,1546,2020-12-23 19:35:00,TRMK
27.15,27.16,27.14,27.145,400,2020-12-23 19:40:00,TRMK
27.155,27.155,27.125,27.125,700,2020-12-23 19:45:00,TRMK
27.1196,27.1196,27.105,27.105,561,2020-12-23 19:50:00,TRMK
27.11,27.11,27.11,27.11,100,2020-12-23 19:55:00,TRMK
27.11,27.11,27.11,27.11,200,2020-12-23 20:00:00,TRMK
27.14,27.14,27.14,27.14,100,2020-12-23 20:05:00,TRMK
27.14,27.25,27.14,27.25,1965,2020-12-23 20:10:00,TRMK
27.26,27.27,27.26,27.27,252,2020-12-23 20:15:00,TRMK
27.25,27.28,27.22,27.25,2697,2020-12-23 20:20:00,TRMK
27.27,27.31,27.27,27.285,1100,2020-12-23 20:25:00,TRMK
27.23,27.255,27.2,27.2,800,2020-12-23 20:30:00,TRMK
27.215,27.25,27.2,27.24,2613,2020-12-23 20:35:00,TRMK
27.22,27.24,27.18,27.18,2451,2020-12-23 20:40:00,TRMK
27.18,27.2,27.15,27.16,1600,2020-12-23 20:45:00,TRMK
27.12,27.13,27.08,27.13,6277,2020-12-23 20:50:00,TRMK
27.14,27.18,27.115,27.12,13681,2020-12-23 20:55:00,TRMK
27.14,27.14,27.14,27.14,32870,2020-12-23 21:00:00,TRMK
27.14,27.14,27.14,27.14,15683,2020-12-23 22:15:00,TRMK
27.16,27.16,27.16,27.16,770,2020-12-24 14:30:00,TRMK
27.16,27.16,27.1,27.16,450,2020-12-24 14:35:00,TRMK
26.86,26.93,26.86,26.93,429,2020-12-24 14:40:00,TRMK
26.85,26.86,26.85,26.86,800,2020-12-24 14:45:00,TRMK
26.87,26.98,26.87,26.98,1286,2020-12-24 14:55:00,TRMK
26.98,26.98,26.97,26.97,300,2020-12-24 15:00:00,TRMK
26.915,27.01,26.915,27.01,700,2020-12-24 15:05:00,TRMK
27.01,27.07,27.01,27.07,300,2020-12-24 15:10:00,TRMK
27.035,27.06,26.99,27.0,2907,2020-12-24 15:15:00,TRMK
27.025,27.05,26.995,26.995,2638,2020-12-24 15:20:00,TRMK
27.025,27.06,27.0,27.06,3507,2020-12-24 15:30:00,TRMK
27.06,27.06,27.055,27.06,300,2020-12-24 15:35:00,TRMK
27.06,27.07,27.04,27.07,1400,2020-12-24 15:40:00,TRMK
27.01,27.035,27.01,27.035,300,2020-12-24 15:45:00,TRMK
27.035,27.035,27.035,27.035,100,2020-12-24 15:50:00,TRMK
27.035,27.06,27.03,27.06,400,2020-12-24 15:55:00,TRMK
27.11,27.11,27.09,27.09,200,2020-12-24 16:00:00,TRMK
27.08,27.08,27.06,27.06,200,2020-12-24 16:10:00,TRMK
27.055,27.055,27.03,27.03,700,2020-12-24 16:15:00,TRMK
27.035,27.06,27.035,27.06,200,2020-12-24 16:20:00,TRMK
27.04,27.06,27.035,27.06,800,2020-12-24 16:25:00,TRMK
27.04,27.065,26.99,27.01,1124,2020-12-24 16:30:00,TRMK
27.0,27.0,26.97,26.995,300,2020-12-24 16:35:00,TRMK
26.98,27.035,26.98,27.015,900,2020-12-24 16:40:00,TRMK
27.04,27.05,27.015,27.05,500,2020-12-24 16:45:00,TRMK
27.072,27.072,27.064,27.064,400,2020-12-24 16:50:00,TRMK
27.09,27.09,27.06,27.06,300,2020-12-24 16:55:00,TRMK
27.08,27.08,27.05,27.05,700,2020-12-24 17:00:00,TRMK
27.02,27.09,26.99,27.08,2205,2020-12-24 17:05:00,TRMK
27.09,27.12,27.09,27.095,1326,2020-12-24 17:10:00,TRMK
27.11,27.11,27.11,27.11,200,2020-12-24 17:15:00,TRMK
27.125,27.14,27.125,27.14,200,2020-12-24 17:20:00,TRMK
27.155,27.155,27.11,27.11,600,2020-12-24 17:25:00,TRMK
27.14,27.16,27.14,27.16,500,2020-12-24 17:30:00,TRMK
27.16,27.16,27.16,27.16,200,2020-12-24 17:35:00,TRMK
27.16,27.21,27.16,27.21,2700,2020-12-24 17:40:00,TRMK
27.21,27.23,27.2,27.2,900,2020-12-24 17:45:00,TRMK
27.24,27.33,27.24,27.33,4208,2020-12-24 17:50:00,TRMK
27.33,27.38,27.29,27.33,16745,2020-12-24 17:55:00,TRMK
27.34,27.34,27.34,27.34,32383,2020-12-24 18:00:00,TRMK
27.44,27.44,27.34,27.4,2832,2020-12-28 14:30:00,TRMK
27.4507,27.4507,27.4507,27.4507,500,2020-12-28 14:35:00,TRMK
27.5,27.51,27.5,27.51,510,2020-12-28 14:40:00,TRMK
27.44,27.46,27.42,27.46,400,2020-12-28 14:45:00,TRMK
27.47,27.48,27.47,27.48,991,2020-12-28 14:50:00,TRMK
27.44,27.44,27.39,27.39,340,2020-12-28 14:55:00,TRMK
27.435,27.57,27.435,27.57,600,2020-12-28 15:05:00,TRMK
27.71,27.75,27.71,27.75,1101,2020-12-28 15:20:00,TRMK
27.77,27.8,27.72,27.8,725,2020-12-28 15:25:00,TRMK
27.675,27.675,27.58,27.59,400,2020-12-28 15:35:00,TRMK
27.56,27.57,27.56,27.57,200,2020-12-28 15:40:00,TRMK
27.61,27.705,27.545,27.59,2850,2020-12-28 15:50:00,TRMK
27.53,27.55,27.52,27.541,1047,2020-12-28 16:00:00,TRMK
27.52,27.58,27.52,27.57,2300,2020-12-28 16:05:00,TRMK
27.57,27.57,27.57,27.57,100,2020-12-28 16:10:00,TRMK
27.525,27.525,27.525,27.525,100,2020-12-28 16:20:00,TRMK
27.48,27.48,27.44,27.47,1421,2020-12-28 16:25:00,TRMK
27.49,27.49,27.49,27.49,100,2020-12-28 16:30:00,TRMK
27.5,27.53,27.5,27.53,700,2020-12-28 16:40:00,TRMK
27.53,27.56,27.5,27.56,1487,2020-12-28 16:45:00,TRMK
27.54,27.55,27.49,27.545,622,2020-12-28 16:50:00,TRMK
27.4783,27.4783,27.47,27.47,650,2020-12-28 17:00:00,TRMK
27.52,27.52,27.45,27.45,200,2020-12-28 17:05:00,TRMK
27.49,27.55,27.49,27.55,400,2020-12-28 17:10:00,TRMK
27.51,27.51,27.51,27.51,300,2020-12-28 17:15:00,TRMK
27.48,27.55,27.48,27.55,1254,2020-12-28 17:25:00,TRMK
27.4909,27.4909,27.4909,27.4909,400,2020-12-28 17:30:00,TRMK
27.54,27.56,27.52,27.56,500,2020-12-28 17:35:00,TRMK
27.55,27.58,27.55,27.58,300,2020-12-28 17:40:00,TRMK
27.58,27.615,27.53,27.59,1100,2020-12-28 17:45:00,TRMK
27.54,27.56,27.53,27.56,900,2020-12-28 17:55:00,TRMK
27.5,27.5,27.5,27.5,300,2020-12-28 18:00:00,TRMK
27.5,27.5,27.5,27.5,308,2020-12-28 18:05:00,TRMK
27.54,27.54,27.505,27.52,900,2020-12-28 18:10:00,TRMK
27.53,27.54,27.53,27.54,300,2020-12-28 18:15:00,TRMK
27.46,27.46,27.46,27.46,156,2020-12-28 18:30:00,TRMK
27.47,27.48,27.47,27.48,700,2020-12-28 18:35:00,TRMK
27.52,27.54,27.49,27.54,700,2020-12-28 18:45:00,TRMK
27.545,27.545,27.545,27.545,100,2020-12-28 18:50:00,TRMK
27.51,27.56,27.51,27.56,200,2020-12-28 18:55:00,TRMK
27.56,27.56,27.545,27.555,800,2020-12-28 19:00:00,TRMK
27.59,27.59,27.59,27.59,100,2020-12-28 19:05:00,TRMK
27.55,27.6096,27.54,27.605,1900,2020-12-28 19:10:00,TRMK
27.61,27.63,27.605,27.63,300,2020-12-28 19:15:00,TRMK
27.62,27.64,27.59,27.59,600,2020-12-28 19:20:00,TRMK
27.62,27.65,27.61,27.65,1500,2020-12-28 19:30:00,TRMK
27.655,27.655,27.655,27.655,100,2020-12-28 19:35:00,TRMK
27.68,27.69,27.66,27.69,827,2020-12-28 19:40:00,TRMK
27.65,27.66,27.65,27.66,300,2020-12-28 19:50:00,TRMK
27.575,27.59,27.575,27.59,610,2020-12-28 19:55:00,TRMK
27.56,27.56,27.55,27.55,227,2020-12-28 20:00:00,TRMK
27.55,27.55,27.52,27.52,200,2020-12-28 20:05:00,TRMK
27.52,27.57,27.52,27.57,818,2020-12-28 20:10:00,TRMK
27.57,27.6,27.55,27.55,1791,2020-12-28 20:15:00,TRMK
27.56,27.59,27.56,27.56,500,2020-12-28 20:20:00,TRMK
27.56,27.575,27.55,27.575,400,2020-12-28 20:25:00,TRMK
27.54,27.555,27.475,27.475,2031,2020-12-28 20:30:00,TRMK
27.5,27.53,27.48,27.49,3005,2020-12-28 20:35:00,TRMK
27.49,27.52,27.46,27.5,1500,2020-12-28 20:40:00,TRMK
27.53,27.55,27.44,27.47,2100,2020-12-28 20:45:00,TRMK
27.48,27.5,27.43,27.46,4853,2020-12-28 20:50:00,TRMK
27.46,27.51,27.43,27.44,13128,2020-12-28 20:55:00,TRMK
27.45,27.45,27.45,27.45,23580,2020-12-28 21:00:00,TRMK
27.39,27.39,27.25,27.385,3196,2020-12-29 14:30:00,TRMK
27.17,27.17,27.17,27.17,100,2020-12-29 14:35:00,TRMK
27.27,27.3,27.225,27.3,1000,2020-12-29 14:50:00,TRMK
27.31,27.32,27.26,27.28,1846,2020-12-29 14:55:00,TRMK
27.31,27.43,27.31,27.43,400,2020-12-29 15:00:00,TRMK
27.445,27.445,27.3654,27.3654,276,2020-12-29 15:05:00,TRMK
27.38,27.435,27.32,27.32,656,2020-12-29 15:10:00,TRMK
27.31,27.33,27.31,27.325,1100,2020-12-29 15:15:00,TRMK
27.23,27.34,27.23,27.34,200,2020-12-29 15:20:00,TRMK
27.24,27.255,27.12,27.255,5324,2020-12-29 15:25:00,TRMK
27.23,27.23,27.23,27.23,105,2020-12-29 15:30:00,TRMK
27.17,27.25,27.06,27.23,11683,2020-12-29 15:35:00,TRMK
27.24,27.245,27.13,27.175,2465,2020-12-29 15:40:00,TRMK
26.99,27.05,26.99,26.99,300,2020-12-29 15:45:00,TRMK
26.98,26.98,26.92,26.92,600,2020-12-29 15:50:00,TRMK
26.95,27.01,26.93,27.01,400,2020-12-29 15:55:00,TRMK
26.93,26.93,26.92,26.92,300,2020-12-29 16:00:00,TRMK
26.9,26.92,26.9,26.91,1133,2020-12-29 16:05:00,TRMK
26.965,26.965,26.965,26.965,100,2020-12-29 16:10:00,TRMK
26.965,27.0,26.965,27.0,400,2020-12-29 16:15:00,TRMK
26.98,26.98,26.98,26.98,100,2020-12-29 16:20:00,TRMK
27.0,27.0,26.95,26.95,200,2020-12-29 16:25:00,TRMK
26.92,26.92,26.9,26.9,4996,2020-12-29 16:30:00,TRMK
26.93,26.93,26.88,26.88,400,2020-12-29 16:35:00,TRMK
26.88,26.94,26.88,26.9275,600,2020-12-29 16:40:00,TRMK
26.94,27.0,26.94,26.995,1964,2020-12-29 16:45:00,TRMK
27.01,27.01,26.96,26.96,200,2020-12-29 16:50:00,TRMK
26.96,26.9815,26.96,26.9815,390,2020-12-29 16:55:00,TRMK
27.0,27.0,26.99,26.99,300,2020-12-29 17:00:00,TRMK
26.985,27.01,26.98,26.98,400,2020-12-29 17:05:00,TRMK
26.98,26.99,26.9401,26.99,699,2020-12-29 17:10:00,TRMK
26.91,26.91,26.91,26.91,100,2020-12-29 17:15:00,TRMK
26.89,26.89,26.88,26.88,1354,2020-12-29 17:20:00,TRMK
26.84,26.84,26.84,26.84,200,2020-12-29 17:25:00,TRMK
26.845,26.845,26.845,26.845,100,2020-12-29 17:35:00,TRMK
26.845,26.89,26.8,26.86,1364,2020-12-29 17:40:00,TRMK
26.84,26.86,26.83,26.85,2700,2020-12-29 17:45:00,TRMK
26.81,26.81,26.8,26.8,461,2020-12-29 17:55:00,TRMK
26.81,26.83,26.81,26.82,600,2020-12-29 18:00:00,TRMK
26.83,26.83,26.83,26.83,300,2020-12-29 18:05:00,TRMK
26.82,26.85,26.805,26.85,583,2020-12-29 18:10:00,TRMK
26.88,26.88,26.88,26.88,100,2020-12-29 18:15:00,TRMK
26.83,26.88,26.83,26.88,700,2020-12-29 18:20:00,TRMK
26.8501,26.8501,26.8501,26.8501,100,2020-12-29 18:30:00,TRMK
26.88,26.88,26.88,26.88,200,2020-12-29 18:35:00,TRMK
26.85,26.85,26.84,26.84,300,2020-12-29 18:40:00,TRMK
26.81,26.81,26.81,26.81,100,2020-12-29 18:45:00,TRMK
26.84,26.84,26.835,26.835,200,2020-12-29 18:55:00,TRMK
26.86,26.92,26.83,26.86,6701,2020-12-29 19:00:00,TRMK
26.895,26.895,26.87,26.87,500,2020-12-29 19:05:00,TRMK
26.895,26.895,26.82,26.86,5702,2020-12-29 19:10:00,TRMK
26.83,26.83,26.83,26.83,100,2020-12-29 19:15:00,TRMK
26.85,26.85,26.85,26.85,100,2020-12-29 19:20:00,TRMK
26.845,26.845,26.845,26.845,100,2020-12-29 19:25:00,TRMK
26.845,26.845,26.83,26.8399,535,2020-12-29 19:30:00,TRMK
26.83,26.8599,26.82,26.84,940,2020-12-29 19:35:00,TRMK
26.84,26.85,26.83,26.845,915,2020-12-29 19:40:00,TRMK
26.85,26.88,26.845,26.865,1300,2020-12-29 19:45:00,TRMK
26.88,26.89,26.86,26.86,1727,2020-12-29 19:50:00,TRMK
26.84,26.84,26.84,26.84,100,2020-12-29 19:55:00,TRMK
26.85,26.875,26.85,26.875,801,2020-12-29 20:00:00,TRMK
26.86,26.86,26.86,26.86,100,2020-12-29 20:05:00,TRMK
26.88,26.88,26.86,26.87,300,2020-12-29 20:10:00,TRMK
26.89,26.92,26.885,26.885,900,2020-12-29 20:15:00,TRMK
26.9529,26.98,26.945,26.98,685,2020-12-29 20:20:00,TRMK
26.95,26.99,26.95,26.99,400,2020-12-29 20:25:00,TRMK
27.0,27.0,26.97,26.97,400,2020-12-29 20:30:00,TRMK
26.965,26.99,26.965,26.99,1200,2020-12-29 20:35:00,TRMK
27.01,27.01,26.94,26.98,400,2020-12-29 20:40:00,TRMK
26.97,26.98,26.92,26.97,2162,2020-12-29 20:45:00,TRMK
26.97,26.9843,26.925,26.95,6619,2020-12-29 20:50:00,TRMK
26.98,26.99,26.92,26.95,11876,2020-12-29 20:55:00,TRMK
26.97,26.97,26.97,26.97,44067,2020-12-29 21:00:00,TRMK
26.97,26.97,26.97,26.97,615,2020-12-29 21:05:00,TRMK
26.93,26.93,26.93,26.93,179,2020-12-30 14:25:00,TRMK
26.94,27.42,26.82,26.93,3023,2020-12-30 14:30:00,TRMK
27.17,27.17,27.17,27.17,360,2020-12-30 14:35:00,TRMK
27.22,27.44,27.17,27.44,6382,2020-12-30 14:40:00,TRMK
27.33,27.37,27.18,27.225,1200,2020-12-30 14:45:00,TRMK
27.32,27.32,27.22,27.27,2500,2020-12-30 14:50:00,TRMK
27.2,27.2,27.2,27.2,100,2020-12-30 14:55:00,TRMK
27.14,27.14,27.04,27.04,1104,2020-12-30 15:00:00,TRMK
27.18,27.18,27.15,27.15,300,2020-12-30 15:05:00,TRMK
27.14,27.145,27.14,27.145,200,2020-12-30 15:15:00,TRMK
27.155,27.225,27.155,27.17,1345,2020-12-30 15:20:00,TRMK
27.21,27.21,27.21,27.21,200,2020-12-30 15:25:00,TRMK
27.24,27.25,27.21,27.25,800,2020-12-30 15:30:00,TRMK
27.2,27.222,27.18,27.222,6000,2020-12-30 15:40:00,TRMK
27.28,27.28,27.2,27.2,567,2020-12-30 15:45:00,TRMK
27.22,27.22,27.22,27.22,100,2020-12-30 15:50:00,TRMK
27.2,27.25,27.17,27.25,644,2020-12-30 15:55:00,TRMK
27.18,27.23,27.18,27.23,200,2020-12-30 16:00:00,TRMK
27.29,27.3,27.22,27.23,600,2020-12-30 16:05:00,TRMK
27.24,27.24,27.24,27.24,100,2020-12-30 16:10:00,TRMK
27.31,27.32,27.31,27.32,200,2020-12-30 16:20:00,TRMK
27.3,27.3,27.2,27.2,700,2020-12-30 16:25:00,TRMK
27.16,27.16,27.16,27.16,100,2020-12-30 16:30:00,TRMK
27.13,27.18,27.13,27.18,200,2020-12-30 16:35:00,TRMK
27.11,27.11,27.08,27.08,500,2020-12-30 16:40:00,TRMK
27.0701,27.09,27.0,27.0,1357,2020-12-30 16:45:00,TRMK
27.09,27.09,27.065,27.085,1000,2020-12-30 16:50:00,TRMK
27.05,27.09,27.05,27.09,500,2020-12-30 17:00:00,TRMK
27.11,27.125,27.11,27.125,526,2020-12-30 17:05:00,TRMK
27.09,27.09,27.09,27.09,100,2020-12-30 17:10:00,TRMK
27.2,27.255,27.2,27.255,450,2020-12-30 17:15:00,TRMK
27.22,27.22,27.18,27.18,200,2020-12-30 17:20:00,TRMK
27.26,27.28,27.26,27.28,400,2020-12-30 17:25:00,TRMK
27.24,27.24,27.24,27.24,122,2020-12-30 17:30:00,TRMK
27.27,27.27,27.27,27.27,200,2020-12-30 17:35:00,TRMK
27.25,27.3,27.24,27.3,800,2020-12-30 17:40:00,TRMK
27.28,27.28,27.28,27.28,100,2020-12-30 17:45:00,TRMK
27.27,27.27,27.25,27.25,300,2020-12-30 17:50:00,TRMK
27.22,27.265,27.22,27.265,200,2020-12-30 17:55:00,TRMK
27.255,27.255,27.255,27.255,100,2020-12-30 18:00:00,TRMK
27.3,27.305,27.26,27.26,500,2020-12-30 18:10:00,TRMK
27.2556,27.2556,27.2556,27.2556,250,2020-12-30 18:15:00,TRMK
27.25,27.25,27.2,27.2,2323,2020-12-30 18:20:00,TRMK
27.19,27.23,27.16,27.17,3885,2020-12-30 18:25:00,TRMK
27.16,27.17,27.12,27.15,1500,2020-12-30 18:35:00,TRMK
27.1,27.12,27.09,27.09,300,2020-12-30 18:40:00,TRMK
27.14,27.15,27.12,27.15,700,2020-12-30 18:50:00,TRMK
27.175,27.175,27.155,27.155,200,2020-12-30 18:55:00,TRMK
27.15,27.15,27.15,27.15,100,2020-12-30 19:00:00,TRMK
27.1814,27.1814,27.12,27.12,1721,2020-12-30 19:05:00,TRMK
27.145,27.145,27.145,27.145,100,2020-12-30 19:10:00,TRMK
27.16,27.165,27.13,27.13,399,2020-12-30 19:15:00,TRMK
27.18,27.18,27.13,27.13,300,2020-12-30 19:20:00,TRMK
27.19,27.19,27.14,27.14,600,2020-12-30 19:25:00,TRMK
27.14,27.17,27.11,27.15,950,2020-12-30 19:30:00,TRMK
27.21,27.215,27.185,27.185,456,2020-12-30 19:35:00,TRMK
27.15,27.2129,27.15,27.17,892,2020-12-30 19:40:00,TRMK
27.195,27.23,27.17,27.21,1895,2020-12-30 19:45:00,TRMK
27.23,27.23,27.17,27.17,2302,2020-12-30 19:50:00,TRMK
27.16,27.19,27.16,27.18,713,2020-12-30 19:55:00,TRMK
27.18,27.18,27.15,27.15,300,2020-12-30 20:00:00,TRMK
27.14,27.14,27.14,27.14,100,2020-12-30 20:05:00,TRMK
27.14,27.21,27.14,27.205,1000,2020-12-30 20:10:00,TRMK
27.22,27.23,27.22,27.23,300,2020-12-30 20:15:00,TRMK
27.23,27.25,27.23,27.25,200,2020-12-30 20:20:00,TRMK
27.25,27.26,27.25,27.26,1100,2020-12-30 20:25:00,TRMK
27.24,27.26,27.23,27.23,800,2020-12-30 20:30:00,TRMK
27.27,27.27,27.27,27.27,200,2020-12-30 20:35:00,TRMK
27.27,27.315,27.27,27.28,1321,2020-12-30 20:40:00,TRMK
27.275,27.29,27.26,27.285,1784,2020-12-30 20:45:00,TRMK
27.285,27.34,27.285,27.29,3568,2020-12-30 20:50:00,TRMK
27.29,27.33,27.25,27.25,13884,2020-12-30 20:55:00,TRMK
27.25,27.25,27.25,27.25,39990,2020-12-30 21:00:00,TRMK
27.14,27.14,26.97,26.97,1827,2020-12-31 14:30:00,TRMK
27.15,27.163,27.15,27.163,417,2020-12-31 14:50:00,TRMK
27.136,27.136,27.136,27.136,300,2020-12-31 14:55:00,TRMK
27.16,27.24,27.16,27.23,500,2020-12-31 15:00:00,TRMK
27.17,27.17,27.17,27.17,100,2020-12-31 15:05:00,TRMK
27.22,27.22,27.22,27.22,300,2020-12-31 15:15:00,TRMK
27.23,27.26,27.23,27.255,562,2020-12-31 15:20:00,TRMK
27.28,27.3,27.28,27.3,1016,2020-12-31 15:25:00,TRMK
27.3,27.345,27.3,27.345,700,2020-12-31 15:30:00,TRMK
27.38,27.39,27.38,27.3828,722,2020-12-31 15:35:00,TRMK
27.36,27.36,27.29,27.29,600,2020-12-31 15:40:00,TRMK
27.27,27.335,27.27,27.335,200,2020-12-31 15:45:00,TRMK
27.38,27.38,27.38,27.38,756,2020-12-31 15:50:00,TRMK
27.28,27.28,27.27,27.27,200,2020-12-31 15:55:00,TRMK
27.33,27.39,27.33,27.39,900,2020-12-31 16:00:00,TRMK
27.34,27.36,27.34,27.35,1974,2020-12-31 16:10:00,TRMK
27.37,27.37,27.37,27.37,100,2020-12-31 16:20:00,TRMK
27.33,27.33,27.32,27.32,300,2020-12-31 16:25:00,TRMK
27.3287,27.3287,27.3287,27.3287,120,2020-12-31 16:35:00,TRMK
27.35,27.355,27.35,27.355,500,2020-12-31 16:40:00,TRMK
27.355,27.355,27.3,27.33,636,2020-12-31 16:45:00,TRMK
27.36,27.4,27.36,27.4,900,2020-12-31 16:55:00,TRMK
27.42,27.42,27.42,27.42,100,2020-12-31 17:00:00,TRMK
27.41,27.41,27.41,27.41,100,2020-12-31 17:05:00,TRMK
27.43,27.43,27.43,27.43,100,2020-12-31 17:15:00,TRMK
27.38,27.38,27.35,27.35,600,2020-12-31 17:20:00,TRMK
27.36,27.39,27.3538,27.3538,1651,2020-12-31 17:25:00,TRMK
27.35,27.355,27.35,27.355,200,2020-12-31 17:30:00,TRMK
27.33,27.33,27.24,27.275,18635,2020-12-31 17:35:00,TRMK
27.275,27.275,27.275,27.275,511,2020-12-31 17:40:00,TRMK
27.23,27.26,27.23,27.23,700,2020-12-31 17:45:00,TRMK
27.22,27.25,27.22,27.225,1390,2020-12-31 17:50:00,TRMK
27.24,27.24,27.22,27.22,500,2020-12-31 17:55:00,TRMK
27.2,27.2,27.19,27.19,700,2020-12-31 18:00:00,TRMK
27.17,27.21,27.16,27.21,2038,2020-12-31 18:05:00,TRMK
27.23,27.26,27.21,27.26,710,2020-12-31 18:10:00,TRMK
27.27,27.3,27.27,27.3,234,2020-12-31 18:15:00,TRMK
27.24,27.24,27.24,27.24,200,2020-12-31 18:20:00,TRMK
27.245,27.26,27.245,27.245,696,2020-12-31 18:25:00,TRMK
27.26,27.26,27.26,27.26,500,2020-12-31 18:30:00,TRMK
27.25,27.25,27.19,27.19,784,2020-12-31 18:35:00,TRMK
27.19,27.19,27.15,27.16,1255,2020-12-31 18:40:00,TRMK
27.2,27.2,27.16,27.16,400,2020-12-31 18:45:00,TRMK
27.16,27.16,27.16,27.16,100,2020-12-31 18:50:00,TRMK
27.19,27.26,27.19,27.24,1400,2020-12-31 18:55:00,TRMK
27.21,27.21,27.21,27.21,100,2020-12-31 19:00:00,TRMK
27.24,27.26,27.24,27.26,1000,2020-12-31 19:05:00,TRMK
27.3,27.3,27.3,27.3,100,2020-12-31 19:10:00,TRMK
27.3,27.34,27.3,27.335,1100,2020-12-31 19:15:00,TRMK
27.34,27.34,27.3,27.3,200,2020-12-31 19:20:00,TRMK
27.33,27.36,27.33,27.36,400,2020-12-31 19:25:00,TRMK
27.36,27.37,27.35,27.35,1400,2020-12-31 19:30:00,TRMK
27.39,27.39,27.39,27.39,962,2020-12-31 19:35:00,TRMK
27.34,27.34,27.34,27.34,150,2020-12-31 19:40:00,TRMK
27.34,27.34,27.32,27.32,700,2020-12-31 19:45:00,TRMK
27.31,27.31,27.31,27.31,100,2020-12-31 19:50:00,TRMK
27.31,27.31,27.31,27.31,100,2020-12-31 19:55:00,TRMK
27.3,27.3,27.295,27.295,404,2020-12-31 20:00:00,TRMK
27.305,27.34,27.305,27.34,1641,2020-12-31 20:05:00,TRMK
27.35,27.35,27.35,27.35,200,2020-12-31 20:10:00,TRMK
27.36,27.42,27.36,27.41,2295,2020-12-31 20:15:00,TRMK
27.38,27.385,27.36,27.38,700,2020-12-31 20:20:00,TRMK
27.4,27.41,27.4,27.41,400,2020-12-31 20:25:00,TRMK
27.405,27.405,27.39,27.395,600,2020-12-31 20:30:00,TRMK
27.39,27.45,27.39,27.41,1800,2020-12-31 20:35:00,TRMK
27.4,27.4,27.3793,27.39,738,2020-12-31 20:40:00,TRMK
27.395,27.41,27.39,27.39,1200,2020-12-31 20:45:00,TRMK
27.39,27.42,27.3,27.35,7359,2020-12-31 20:50:00,TRMK
27.3,27.35,27.245,27.31,33983,2020-12-31 20:55:00,TRMK
27.31,27.31,27.31,27.31,87881,2020-12-31 21:00:00,TRMK
