open,high,low,close,volume,datetime,symbol
11.53,11.56,11.53,11.53,560,2021-12-01 14:29:00,GSKY
11.54,11.57,11.49,11.56,85513,2021-12-01 14:30:00,GSKY
11.56,11.6,11.51,11.52,20222,2021-12-01 14:31:00,GSKY
11.525,11.525,11.505,11.52,2858,2021-12-01 14:32:00,GSKY
11.5,11.5,11.49,11.5,1533,2021-12-01 14:33:00,GSKY
11.51,11.52,11.495,11.5,5220,2021-12-01 14:34:00,GSKY
11.5,11.53,11.49,11.49,3780,2021-12-01 14:35:00,GSKY
11.51,11.52,11.51,11.52,5268,2021-12-01 14:36:00,GSKY
11.52,11.54,11.51,11.54,4445,2021-12-01 14:37:00,GSKY
11.56,11.565,11.545,11.545,15860,2021-12-01 14:38:00,GSKY
11.55,11.56,11.54,11.54,3682,2021-12-01 14:39:00,GSKY
11.57,11.57,11.55,11.56,2471,2021-12-01 14:40:00,GSKY
11.56,11.56,11.55,11.56,2619,2021-12-01 14:41:00,GSKY
11.57,11.57,11.56,11.56,3820,2021-12-01 14:42:00,GSKY
11.57,11.58,11.57,11.58,1539,2021-12-01 14:43:00,GSKY
11.575,11.58,11.575,11.58,1000,2021-12-01 14:44:00,GSKY
11.59,11.59,11.57,11.575,3137,2021-12-01 14:45:00,GSKY
11.57,11.57,11.53,11.545,2751,2021-12-01 14:46:00,GSKY
11.545,11.545,11.535,11.535,300,2021-12-01 14:47:00,GSKY
11.54,11.54,11.54,11.54,200,2021-12-01 14:48:00,GSKY
11.55,11.55,11.55,11.55,100,2021-12-01 14:49:00,GSKY
11.55,11.55,11.535,11.535,1244,2021-12-01 14:50:00,GSKY
11.53,11.54,11.53,11.53,12083,2021-12-01 14:51:00,GSKY
11.54,11.56,11.535,11.54,5049,2021-12-01 14:52:00,GSKY
11.54,11.54,11.52,11.54,1700,2021-12-01 14:53:00,GSKY
11.55,11.55,11.55,11.55,100,2021-12-01 14:54:00,GSKY
11.5428,11.5454,11.54,11.54,3466,2021-12-01 14:55:00,GSKY
11.54,11.56,11.54,11.56,3517,2021-12-01 14:56:00,GSKY
11.57,11.59,11.57,11.575,3808,2021-12-01 14:57:00,GSKY
11.57,11.57,11.56,11.56,829,2021-12-01 14:58:00,GSKY
11.56,11.58,11.56,11.58,800,2021-12-01 14:59:00,GSKY
11.585,11.59,11.58,11.58,400,2021-12-01 15:00:00,GSKY
11.58,11.61,11.58,11.6,5000,2021-12-01 15:01:00,GSKY
11.615,11.64,11.615,11.625,2960,2021-12-01 15:02:00,GSKY
11.62,11.62,11.61,11.61,1021,2021-12-01 15:03:00,GSKY
11.605,11.605,11.595,11.595,680,2021-12-01 15:04:00,GSKY
11.59,11.6,11.59,11.59,9374,2021-12-01 15:05:00,GSKY
11.595,11.6,11.59,11.59,2438,2021-12-01 15:06:00,GSKY
11.58,11.59,11.57,11.59,7260,2021-12-01 15:07:00,GSKY
11.585,11.61,11.585,11.6,9011,2021-12-01 15:08:00,GSKY
11.6,11.61,11.6,11.605,400,2021-12-01 15:09:00,GSKY
11.61,11.62,11.6,11.6,50300,2021-12-01 15:10:00,GSKY
11.61,11.625,11.605,11.625,9574,2021-12-01 15:11:00,GSKY
11.62,11.62,11.61,11.62,1288,2021-12-01 15:12:00,GSKY
11.61,11.61,11.6,11.6,300,2021-12-01 15:13:00,GSKY
11.61,11.62,11.61,11.62,1800,2021-12-01 15:14:00,GSKY
11.615,11.615,11.615,11.615,200,2021-12-01 15:15:00,GSKY
11.62,11.62,11.62,11.62,100,2021-12-01 15:16:00,GSKY
11.61,11.61,11.6,11.6,2731,2021-12-01 15:19:00,GSKY
11.61,11.61,11.605,11.605,3423,2021-12-01 15:20:00,GSKY
11.6,11.6,11.59,11.59,1977,2021-12-01 15:21:00,GSKY
11.59,11.59,11.58,11.58,4830,2021-12-01 15:22:00,GSKY
11.58,11.61,11.58,11.61,10437,2021-12-01 15:23:00,GSKY
11.61,11.62,11.61,11.62,1400,2021-12-01 15:24:00,GSKY
11.615,11.62,11.6,11.6,1621,2021-12-01 15:25:00,GSKY
11.61,11.61,11.61,11.61,100,2021-12-01 15:27:00,GSKY
11.61,11.62,11.61,11.61,1080,2021-12-01 15:28:00,GSKY
11.62,11.63,11.6,11.6,10332,2021-12-01 15:29:00,GSKY
11.61,11.62,11.61,11.62,2879,2021-12-01 15:30:00,GSKY
11.62,11.63,11.615,11.63,1500,2021-12-01 15:31:00,GSKY
11.63,11.64,11.625,11.64,905,2021-12-01 15:32:00,GSKY
11.63,11.63,11.63,11.63,700,2021-12-01 15:33:00,GSKY
11.62,11.62,11.61,11.61,1000,2021-12-01 15:34:00,GSKY
11.6,11.6,11.6,11.6,100,2021-12-01 15:35:00,GSKY
11.6,11.6,11.6,11.6,748,2021-12-01 15:36:00,GSKY
11.6,11.6,11.6,11.6,100,2021-12-01 15:37:00,GSKY
11.59,11.59,11.58,11.58,1300,2021-12-01 15:38:00,GSKY
11.58,11.58,11.575,11.575,930,2021-12-01 15:39:00,GSKY
11.56,11.57,11.55,11.57,8900,2021-12-01 15:40:00,GSKY
11.56,11.58,11.56,11.58,3356,2021-12-01 15:41:00,GSKY
11.58,11.58,11.58,11.58,955,2021-12-01 15:43:00,GSKY
11.58,11.58,11.58,11.58,700,2021-12-01 15:44:00,GSKY
11.585,11.585,11.585,11.585,100,2021-12-01 15:45:00,GSKY
11.59,11.61,11.59,11.61,2039,2021-12-01 15:46:00,GSKY
11.61,11.61,11.61,11.61,300,2021-12-01 15:47:00,GSKY
11.61,11.61,11.61,11.61,501,2021-12-01 15:48:00,GSKY
11.6199,11.6199,11.6,11.61,1140,2021-12-01 15:49:00,GSKY
11.61,11.61,11.61,11.61,785,2021-12-01 15:50:00,GSKY
11.61,11.61,11.6,11.61,500,2021-12-01 15:51:00,GSKY
11.61,11.61,11.61,11.61,300,2021-12-01 15:52:00,GSKY
11.61,11.61,11.59,11.6,18493,2021-12-01 15:53:00,GSKY
11.595,11.61,11.595,11.61,20706,2021-12-01 15:54:00,GSKY
11.6,11.61,11.59,11.595,16858,2021-12-01 15:55:00,GSKY
11.6,11.6,11.59,11.59,2535,2021-12-01 15:56:00,GSKY
11.6,11.61,11.59,11.6,31476,2021-12-01 15:57:00,GSKY
11.59,11.6,11.59,11.6,5200,2021-12-01 15:58:00,GSKY
11.6,11.6,11.57,11.58,6600,2021-12-01 15:59:00,GSKY
11.575,11.58,11.57,11.57,11977,2021-12-01 16:00:00,GSKY
11.565,11.565,11.565,11.565,169,2021-12-01 16:01:00,GSKY
11.56,11.57,11.545,11.57,16768,2021-12-01 16:02:00,GSKY
11.57,11.575,11.57,11.57,3082,2021-12-01 16:03:00,GSKY
11.56,11.56,11.54,11.56,15950,2021-12-01 16:04:00,GSKY
11.55,11.55,11.55,11.55,100,2021-12-01 16:05:00,GSKY
11.55,11.55,11.55,11.55,700,2021-12-01 16:06:00,GSKY
11.55,11.55,11.54,11.54,200,2021-12-01 16:07:00,GSKY
11.54,11.54,11.54,11.54,100,2021-12-01 16:08:00,GSKY
11.54,11.55,11.54,11.55,300,2021-12-01 16:09:00,GSKY
11.545,11.545,11.545,11.545,100,2021-12-01 16:11:00,GSKY
11.545,11.545,11.54,11.54,200,2021-12-01 16:12:00,GSKY
11.545,11.55,11.54,11.54,1093,2021-12-01 16:13:00,GSKY
11.55,11.55,11.545,11.545,1046,2021-12-01 16:14:00,GSKY
11.545,11.545,11.525,11.53,12284,2021-12-01 16:15:00,GSKY
11.53,11.53,11.525,11.53,6520,2021-12-01 16:16:00,GSKY
11.53,11.56,11.53,11.56,8511,2021-12-01 16:17:00,GSKY
11.56,11.56,11.56,11.56,100,2021-12-01 16:18:00,GSKY
11.56,11.56,11.56,11.56,1100,2021-12-01 16:19:00,GSKY
11.55,11.55,11.545,11.545,400,2021-12-01 16:20:00,GSKY
11.55,11.57,11.541,11.56,15166,2021-12-01 16:21:00,GSKY
11.56,11.57,11.56,11.565,2417,2021-12-01 16:24:00,GSKY
11.565,11.565,11.54,11.55,22196,2021-12-01 16:25:00,GSKY
11.55,11.56,11.54,11.545,11415,2021-12-01 16:26:00,GSKY
11.55,11.55,11.55,11.55,998,2021-12-01 16:27:00,GSKY
11.55,11.55,11.55,11.55,500,2021-12-01 16:28:00,GSKY
11.55,11.56,11.53,11.54,10397,2021-12-01 16:29:00,GSKY
11.55,11.55,11.54,11.54,3103,2021-12-01 16:30:00,GSKY
11.535,11.54,11.53,11.54,3335,2021-12-01 16:31:00,GSKY
11.54,11.55,11.54,11.55,5293,2021-12-01 16:32:00,GSKY
11.55,11.55,11.55,11.55,1200,2021-12-01 16:33:00,GSKY
11.55,11.55,11.54,11.54,1887,2021-12-01 16:34:00,GSKY
11.53,11.54,11.53,11.54,1700,2021-12-01 16:35:00,GSKY
11.54,11.54,11.54,11.54,400,2021-12-01 16:36:00,GSKY
11.535,11.54,11.53,11.53,900,2021-12-01 16:37:00,GSKY
11.53,11.54,11.53,11.53,5679,2021-12-01 16:38:00,GSKY
11.54,11.54,11.53,11.53,706,2021-12-01 16:39:00,GSKY
11.53,11.54,11.53,11.53,749,2021-12-01 16:40:00,GSKY
11.54,11.54,11.54,11.54,100,2021-12-01 16:41:00,GSKY
11.535,11.535,11.535,11.535,100,2021-12-01 16:42:00,GSKY
11.54,11.54,11.53,11.53,545,2021-12-01 16:43:00,GSKY
11.53,11.54,11.53,11.54,2814,2021-12-01 16:44:00,GSKY
11.53,11.53,11.51,11.51,16035,2021-12-01 16:45:00,GSKY
11.51,11.52,11.51,11.52,4079,2021-12-01 16:46:00,GSKY
11.51,11.51,11.48,11.48,1405,2021-12-01 16:47:00,GSKY
11.49,11.49,11.485,11.49,1366,2021-12-01 16:48:00,GSKY
11.49,11.49,11.49,11.49,900,2021-12-01 16:49:00,GSKY
11.48,11.48,11.48,11.48,1735,2021-12-01 16:50:00,GSKY
11.47,11.47,11.455,11.46,5444,2021-12-01 16:51:00,GSKY
11.47,11.47,11.47,11.47,900,2021-12-01 16:52:00,GSKY
11.47,11.47,11.47,11.47,256,2021-12-01 16:53:00,GSKY
11.46,11.46,11.46,11.46,863,2021-12-01 16:54:00,GSKY
11.44,11.44,11.44,11.44,1510,2021-12-01 16:55:00,GSKY
11.45,11.45,11.45,11.45,200,2021-12-01 16:56:00,GSKY
11.44,11.44,11.42,11.42,1920,2021-12-01 16:57:00,GSKY
11.42,11.43,11.41,11.425,7238,2021-12-01 16:58:00,GSKY
11.43,11.45,11.43,11.45,3204,2021-12-01 16:59:00,GSKY
11.45,11.46,11.44,11.44,1241,2021-12-01 17:00:00,GSKY
11.44,11.44,11.43,11.43,400,2021-12-01 17:01:00,GSKY
11.44,11.45,11.44,11.45,700,2021-12-01 17:02:00,GSKY
11.46,11.46,11.46,11.46,699,2021-12-01 17:03:00,GSKY
11.46,11.46,11.45,11.46,734,2021-12-01 17:04:00,GSKY
11.46,11.46,11.46,11.46,400,2021-12-01 17:05:00,GSKY
11.46,11.48,11.46,11.48,1101,2021-12-01 17:06:00,GSKY
11.48,11.48,11.47,11.47,300,2021-12-01 17:07:00,GSKY
11.45,11.45,11.45,11.45,881,2021-12-01 17:08:00,GSKY
11.45,11.46,11.45,11.46,300,2021-12-01 17:09:00,GSKY
11.46,11.46,11.46,11.46,500,2021-12-01 17:10:00,GSKY
11.47,11.48,11.47,11.48,1260,2021-12-01 17:11:00,GSKY
11.48,11.4801,11.47,11.48,6260,2021-12-01 17:12:00,GSKY
11.48,11.5,11.48,11.5,1692,2021-12-01 17:13:00,GSKY
11.5,11.5,11.5,11.5,875,2021-12-01 17:14:00,GSKY
11.505,11.505,11.505,11.505,100,2021-12-01 17:15:00,GSKY
11.51,11.51,11.51,11.51,500,2021-12-01 17:16:00,GSKY
11.52,11.53,11.52,11.52,1612,2021-12-01 17:18:00,GSKY
11.5201,11.5201,11.5201,11.5201,4071,2021-12-01 17:20:00,GSKY
11.52,11.52,11.5,11.5,2372,2021-12-01 17:21:00,GSKY
11.5,11.51,11.5,11.51,1142,2021-12-01 17:22:00,GSKY
11.5,11.5,11.5,11.5,200,2021-12-01 17:23:00,GSKY
11.5,11.5,11.49,11.49,1085,2021-12-01 17:24:00,GSKY
11.485,11.49,11.485,11.49,400,2021-12-01 17:25:00,GSKY
11.49,11.49,11.48,11.48,543,2021-12-01 17:26:00,GSKY
11.485,11.49,11.485,11.49,2742,2021-12-01 17:27:00,GSKY
11.49,11.49,11.49,11.49,217,2021-12-01 17:29:00,GSKY
11.49,11.51,11.49,11.51,1207,2021-12-01 17:30:00,GSKY
11.5,11.505,11.5,11.5,925,2021-12-01 17:32:00,GSKY
11.5,11.5,11.5,11.5,100,2021-12-01 17:33:00,GSKY
11.5,11.5,11.5,11.5,1100,2021-12-01 17:34:00,GSKY
11.49,11.49,11.46,11.47,3215,2021-12-01 17:35:00,GSKY
11.46,11.46,11.455,11.46,1305,2021-12-01 17:36:00,GSKY
11.47,11.47,11.47,11.47,300,2021-12-01 17:37:00,GSKY
11.47,11.47,11.47,11.47,100,2021-12-01 17:38:00,GSKY
11.47,11.47,11.47,11.47,2151,2021-12-01 17:39:00,GSKY
11.48,11.48,11.47,11.47,1162,2021-12-01 17:40:00,GSKY
11.47,11.47,11.47,11.47,800,2021-12-01 17:41:00,GSKY
11.47,11.47,11.47,11.47,400,2021-12-01 17:42:00,GSKY
11.46,11.46,11.46,11.46,968,2021-12-01 17:43:00,GSKY
11.47,11.47,11.47,11.47,108,2021-12-01 17:44:00,GSKY
11.465,11.465,11.46,11.46,612,2021-12-01 17:46:00,GSKY
11.46,11.46,11.46,11.46,1083,2021-12-01 17:47:00,GSKY
11.46,11.46,11.46,11.46,400,2021-12-01 17:48:00,GSKY
11.45,11.45,11.45,11.45,200,2021-12-01 17:49:00,GSKY
11.44,11.44,11.425,11.43,7677,2021-12-01 17:50:00,GSKY
11.43,11.44,11.43,11.44,2378,2021-12-01 17:51:00,GSKY
11.43,11.43,11.42,11.42,882,2021-12-01 17:52:00,GSKY
11.42,11.44,11.42,11.43,1831,2021-12-01 17:53:00,GSKY
11.44,11.44,11.43,11.43,617,2021-12-01 17:54:00,GSKY
11.41,11.41,11.41,11.41,1679,2021-12-01 17:55:00,GSKY
11.42,11.42,11.42,11.42,982,2021-12-01 17:56:00,GSKY
11.42,11.42,11.41,11.41,300,2021-12-01 17:57:00,GSKY
11.41,11.41,11.41,11.41,2525,2021-12-01 17:58:00,GSKY
11.42,11.42,11.41,11.41,1500,2021-12-01 17:59:00,GSKY
11.41,11.44,11.41,11.435,4242,2021-12-01 18:00:00,GSKY
11.4376,11.44,11.4295,11.44,1344,2021-12-01 18:01:00,GSKY
11.43,11.43,11.42,11.4295,1500,2021-12-01 18:02:00,GSKY
11.43,11.44,11.43,11.43,5316,2021-12-01 18:03:00,GSKY
11.43,11.44,11.43,11.44,1074,2021-12-01 18:04:00,GSKY
11.43,11.43,11.43,11.43,100,2021-12-01 18:05:00,GSKY
11.42,11.42,11.41,11.41,1000,2021-12-01 18:06:00,GSKY
11.4,11.41,11.4,11.4,15921,2021-12-01 18:07:00,GSKY
11.4,11.41,11.4,11.4,3268,2021-12-01 18:08:00,GSKY
11.395,11.4,11.39,11.39,1350,2021-12-01 18:09:00,GSKY
11.38,11.38,11.38,11.38,3727,2021-12-01 18:10:00,GSKY
11.3793,11.38,11.36,11.3786,6473,2021-12-01 18:11:00,GSKY
11.37,11.38,11.37,11.37,2000,2021-12-01 18:12:00,GSKY
11.3792,11.3792,11.35,11.35,1415,2021-12-01 18:13:00,GSKY
11.35,11.39,11.35,11.39,3488,2021-12-01 18:14:00,GSKY
11.39,11.39,11.39,11.39,867,2021-12-01 18:16:00,GSKY
11.3895,11.3895,11.37,11.38,1244,2021-12-01 18:17:00,GSKY
11.38,11.39,11.38,11.38,900,2021-12-01 18:18:00,GSKY
11.38,11.38,11.36,11.36,652,2021-12-01 18:19:00,GSKY
11.36,11.37,11.3594,11.37,1424,2021-12-01 18:20:00,GSKY
11.37,11.39,11.37,11.39,1000,2021-12-01 18:22:00,GSKY
11.4,11.41,11.4,11.4,2489,2021-12-01 18:23:00,GSKY
11.41,11.41,11.41,11.41,833,2021-12-01 18:24:00,GSKY
11.41,11.43,11.41,11.41,3028,2021-12-01 18:26:00,GSKY
11.42,11.43,11.42,11.43,611,2021-12-01 18:27:00,GSKY
11.43,11.43,11.42,11.42,700,2021-12-01 18:28:00,GSKY
11.4095,11.4095,11.4095,11.4095,500,2021-12-01 18:29:00,GSKY
11.41,11.42,11.41,11.41,1668,2021-12-01 18:30:00,GSKY
11.41,11.41,11.39,11.39,1100,2021-12-01 18:31:00,GSKY
11.4,11.41,11.4,11.41,1949,2021-12-01 18:32:00,GSKY
11.4,11.41,11.4,11.41,440,2021-12-01 18:33:00,GSKY
11.42,11.42,11.4195,11.4195,600,2021-12-01 18:34:00,GSKY
11.42,11.43,11.42,11.42,584,2021-12-01 18:35:00,GSKY
11.42,11.42,11.42,11.42,205,2021-12-01 18:37:00,GSKY
11.415,11.43,11.415,11.43,1513,2021-12-01 18:38:00,GSKY
11.43,11.43,11.43,11.43,1400,2021-12-01 18:39:00,GSKY
11.425,11.44,11.425,11.43,5128,2021-12-01 18:40:00,GSKY
11.44,11.44,11.44,11.44,205,2021-12-01 18:41:00,GSKY
11.43,11.43,11.41,11.42,27632,2021-12-01 18:42:00,GSKY
11.415,11.42,11.41,11.41,6810,2021-12-01 18:43:00,GSKY
11.41,11.42,11.41,11.42,789,2021-12-01 18:44:00,GSKY
11.41,11.41,11.36,11.37,26158,2021-12-01 18:45:00,GSKY
11.37,11.38,11.37,11.37,5891,2021-12-01 18:46:00,GSKY
11.38,11.38,11.37,11.37,1700,2021-12-01 18:47:00,GSKY
11.35,11.35,11.35,11.35,300,2021-12-01 18:48:00,GSKY
11.34,11.34,11.33,11.33,2899,2021-12-01 18:49:00,GSKY
11.33,11.35,11.33,11.34,2962,2021-12-01 18:50:00,GSKY
11.33,11.36,11.33,11.36,2100,2021-12-01 18:51:00,GSKY
11.36,11.39,11.36,11.38,4903,2021-12-01 18:52:00,GSKY
11.37,11.38,11.37,11.37,3716,2021-12-01 18:53:00,GSKY
11.37,11.37,11.35,11.37,4614,2021-12-01 18:54:00,GSKY
11.37,11.4,11.37,11.4,4534,2021-12-01 18:55:00,GSKY
11.395,11.4,11.39,11.4,1034,2021-12-01 18:56:00,GSKY
11.39,11.39,11.39,11.39,100,2021-12-01 18:57:00,GSKY
11.38,11.38,11.38,11.38,200,2021-12-01 18:58:00,GSKY
11.38,11.38,11.38,11.38,321,2021-12-01 18:59:00,GSKY
11.37,11.39,11.37,11.39,2215,2021-12-01 19:00:00,GSKY
11.4,11.4,11.39,11.4,933,2021-12-01 19:01:00,GSKY
11.39,11.39,11.37,11.39,10834,2021-12-01 19:02:00,GSKY
11.4,11.41,11.39,11.4,4272,2021-12-01 19:03:00,GSKY
11.4,11.4,11.38,11.38,4412,2021-12-01 19:04:00,GSKY
11.38,11.39,11.38,11.38,1440,2021-12-01 19:05:00,GSKY
11.38,11.38,11.37,11.37,1406,2021-12-01 19:06:00,GSKY
11.37,11.4,11.37,11.39,2236,2021-12-01 19:07:00,GSKY
11.38,11.38,11.37,11.37,200,2021-12-01 19:08:00,GSKY
11.37,11.38,11.37,11.37,725,2021-12-01 19:09:00,GSKY
11.36,11.36,11.36,11.36,500,2021-12-01 19:10:00,GSKY
11.35,11.35,11.3491,11.35,12985,2021-12-01 19:11:00,GSKY
11.35,11.35,11.35,11.35,2275,2021-12-01 19:12:00,GSKY
11.341,11.345,11.33,11.34,1000,2021-12-01 19:13:00,GSKY
11.34,11.38,11.34,11.36,7059,2021-12-01 19:14:00,GSKY
11.37,11.37,11.37,11.37,200,2021-12-01 19:15:00,GSKY
11.35,11.35,11.345,11.345,600,2021-12-01 19:16:00,GSKY
11.34,11.34,11.34,11.34,1007,2021-12-01 19:17:00,GSKY
11.35,11.36,11.3495,11.35,3153,2021-12-01 19:18:00,GSKY
11.36,11.36,11.36,11.36,696,2021-12-01 19:20:00,GSKY
11.36,11.37,11.36,11.36,1502,2021-12-01 19:21:00,GSKY
11.37,11.38,11.37,11.38,2613,2021-12-01 19:22:00,GSKY
11.385,11.385,11.38,11.38,300,2021-12-01 19:23:00,GSKY
11.39,11.4,11.39,11.4,1027,2021-12-01 19:24:00,GSKY
11.39,11.4,11.39,11.395,900,2021-12-01 19:25:00,GSKY
11.395,11.395,11.39,11.39,224,2021-12-01 19:26:00,GSKY
11.39,11.41,11.39,11.41,1435,2021-12-01 19:27:00,GSKY
11.405,11.405,11.39,11.39,700,2021-12-01 19:28:00,GSKY
11.4,11.41,11.4,11.41,600,2021-12-01 19:29:00,GSKY
11.4,11.41,11.4,11.41,914,2021-12-01 19:30:00,GSKY
11.44,11.44,11.44,11.44,100,2021-12-01 19:31:00,GSKY
11.43,11.43,11.43,11.43,200,2021-12-01 19:32:00,GSKY
11.43,11.43,11.43,11.43,1267,2021-12-01 19:33:00,GSKY
11.41,11.42,11.39,11.4,6072,2021-12-01 19:36:00,GSKY
11.4,11.4,11.38,11.39,6219,2021-12-01 19:37:00,GSKY
11.39,11.41,11.39,11.39,21134,2021-12-01 19:38:00,GSKY
11.395,11.4,11.375,11.4,17025,2021-12-01 19:39:00,GSKY
11.4,11.405,11.39,11.39,9778,2021-12-01 19:40:00,GSKY
11.39,11.39,11.39,11.39,1400,2021-12-01 19:41:00,GSKY
11.38,11.39,11.3784,11.3784,1541,2021-12-01 19:42:00,GSKY
11.37,11.38,11.37,11.38,4180,2021-12-01 19:43:00,GSKY
11.38,11.39,11.375,11.38,2683,2021-12-01 19:44:00,GSKY
11.38,11.38,11.38,11.38,727,2021-12-01 19:45:00,GSKY
11.38,11.41,11.38,11.4,2134,2021-12-01 19:46:00,GSKY
11.4,11.4,11.4,11.4,565,2021-12-01 19:47:00,GSKY
11.39,11.39,11.39,11.39,500,2021-12-01 19:48:00,GSKY
11.4,11.41,11.4,11.41,2242,2021-12-01 19:50:00,GSKY
11.39,11.4,11.38,11.38,3644,2021-12-01 19:51:00,GSKY
11.385,11.39,11.38,11.39,817,2021-12-01 19:52:00,GSKY
11.38,11.38,11.36,11.36,800,2021-12-01 19:53:00,GSKY
11.36,11.37,11.36,11.37,4291,2021-12-01 19:54:00,GSKY
11.37,11.39,11.37,11.38,3435,2021-12-01 19:55:00,GSKY
11.38,11.39,11.37,11.37,5200,2021-12-01 19:56:00,GSKY
11.37,11.37,11.3585,11.3585,2400,2021-12-01 19:57:00,GSKY
11.3591,11.37,11.3591,11.37,5252,2021-12-01 19:58:00,GSKY
11.36,11.37,11.35,11.355,1305,2021-12-01 19:59:00,GSKY
11.36,11.37,11.36,11.365,3200,2021-12-01 20:00:00,GSKY
11.36,11.37,11.36,11.37,1455,2021-12-01 20:01:00,GSKY
11.36,11.37,11.36,11.36,1450,2021-12-01 20:02:00,GSKY
11.35,11.36,11.335,11.34,8679,2021-12-01 20:03:00,GSKY
11.35,11.35,11.34,11.35,2241,2021-12-01 20:04:00,GSKY
11.34,11.34,11.33,11.33,600,2021-12-01 20:05:00,GSKY
11.33,11.35,11.32,11.34,8196,2021-12-01 20:06:00,GSKY
11.35,11.35,11.35,11.35,2048,2021-12-01 20:07:00,GSKY
11.35,11.35,11.33,11.33,2597,2021-12-01 20:08:00,GSKY
11.34,11.34,11.33,11.34,1600,2021-12-01 20:09:00,GSKY
11.335,11.335,11.33,11.33,505,2021-12-01 20:10:00,GSKY
11.33,11.33,11.32,11.3209,500,2021-12-01 20:11:00,GSKY
11.325,11.33,11.325,11.33,1653,2021-12-01 20:12:00,GSKY
11.34,11.34,11.34,11.34,257,2021-12-01 20:13:00,GSKY
11.335,11.34,11.3,11.3,15400,2021-12-01 20:15:00,GSKY
11.295,11.31,11.295,11.31,16680,2021-12-01 20:16:00,GSKY
11.3,11.31,11.3,11.31,2198,2021-12-01 20:17:00,GSKY
11.305,11.305,11.3,11.3,600,2021-12-01 20:18:00,GSKY
11.3,11.31,11.3,11.3,3245,2021-12-01 20:19:00,GSKY
11.29,11.29,11.285,11.285,1369,2021-12-01 20:21:00,GSKY
11.285,11.29,11.27,11.27,7007,2021-12-01 20:22:00,GSKY
11.28,11.28,11.26,11.28,3102,2021-12-01 20:23:00,GSKY
11.27,11.28,11.27,11.27,816,2021-12-01 20:24:00,GSKY
11.27,11.27,11.26,11.26,1670,2021-12-01 20:25:00,GSKY
11.27,11.27,11.26,11.26,1442,2021-12-01 20:26:00,GSKY
11.27,11.28,11.27,11.28,2919,2021-12-01 20:27:00,GSKY
11.28,11.29,11.28,11.29,5085,2021-12-01 20:28:00,GSKY
11.28,11.29,11.27,11.27,1600,2021-12-01 20:29:00,GSKY
11.27,11.27,11.25,11.26,4349,2021-12-01 20:30:00,GSKY
11.26,11.29,11.26,11.27,4455,2021-12-01 20:31:00,GSKY
11.26,11.26,11.25,11.255,6713,2021-12-01 20:32:00,GSKY
11.255,11.27,11.255,11.27,3020,2021-12-01 20:33:00,GSKY
11.28,11.3,11.28,11.29,15082,2021-12-01 20:34:00,GSKY
11.29,11.31,11.29,11.3,3813,2021-12-01 20:35:00,GSKY
11.3,11.305,11.29,11.295,9302,2021-12-01 20:36:00,GSKY
11.3,11.3,11.285,11.285,11974,2021-12-01 20:37:00,GSKY
11.29,11.3,11.285,11.3,4960,2021-12-01 20:38:00,GSKY
11.31,11.32,11.31,11.32,1400,2021-12-01 20:39:00,GSKY
11.31,11.32,11.31,11.32,6081,2021-12-01 20:40:00,GSKY
11.32,11.32,11.31,11.31,2740,2021-12-01 20:41:00,GSKY
11.32,11.32,11.32,11.32,808,2021-12-01 20:42:00,GSKY
11.32,11.33,11.315,11.33,2112,2021-12-01 20:43:00,GSKY
11.32,11.33,11.32,11.33,1105,2021-12-01 20:44:00,GSKY
11.33,11.34,11.33,11.33,6296,2021-12-01 20:45:00,GSKY
11.32,11.33,11.315,11.315,4280,2021-12-01 20:46:00,GSKY
11.32,11.33,11.3007,11.3018,6582,2021-12-01 20:47:00,GSKY
11.31,11.31,11.3,11.3,1653,2021-12-01 20:48:00,GSKY
11.3,11.305,11.29,11.3,21765,2021-12-01 20:49:00,GSKY
11.29,11.31,11.29,11.29,46723,2021-12-01 20:50:00,GSKY
11.3,11.3,11.275,11.28,36473,2021-12-01 20:51:00,GSKY
11.28,11.3,11.28,11.29,36077,2021-12-01 20:52:00,GSKY
11.29,11.3,11.29,11.29,31416,2021-12-01 20:53:00,GSKY
11.3,11.3,11.29,11.3,18887,2021-12-01 20:54:00,GSKY
11.3,11.3,11.295,11.3,38193,2021-12-01 20:55:00,GSKY
11.295,11.3,11.29,11.3,27718,2021-12-01 20:56:00,GSKY
11.3,11.3,11.27,11.27,84075,2021-12-01 20:57:00,GSKY
11.27,11.27,11.25,11.25,51820,2021-12-01 20:58:00,GSKY
11.25,11.26,11.23,11.24,51180,2021-12-01 20:59:00,GSKY
11.25,11.25,11.23,11.23,144502,2021-12-01 21:00:00,GSKY
12.27,12.27,12.27,12.27,100,2021-12-02 00:31:00,GSKY
11.34,11.34,11.28,11.29,4029,2021-12-02 14:30:00,GSKY
11.28,11.3,11.27,11.3,10628,2021-12-02 14:31:00,GSKY
11.275,11.275,11.23,11.25,4238,2021-12-02 14:32:00,GSKY
11.24,11.28,11.24,11.26,2206,2021-12-02 14:33:00,GSKY
11.26,11.27,11.24,11.24,1382,2021-12-02 14:34:00,GSKY
11.24,11.26,11.24,11.26,3360,2021-12-02 14:35:00,GSKY
11.26,11.3,11.26,11.3,900,2021-12-02 14:36:00,GSKY
11.3,11.35,11.3,11.35,2100,2021-12-02 14:37:00,GSKY
11.345,11.35,11.34,11.35,720,2021-12-02 14:38:00,GSKY
11.35,11.35,11.34,11.34,400,2021-12-02 14:39:00,GSKY
11.34,11.34,11.31,11.31,4332,2021-12-02 14:40:00,GSKY
11.32,11.32,11.31,11.31,1060,2021-12-02 14:41:00,GSKY
11.32,11.35,11.32,11.35,2516,2021-12-02 14:42:00,GSKY
11.35,11.36,11.35,11.36,5209,2021-12-02 14:43:00,GSKY
11.36,11.39,11.36,11.39,2215,2021-12-02 14:44:00,GSKY
11.38,11.39,11.355,11.39,1300,2021-12-02 14:45:00,GSKY
11.4,11.41,11.39,11.39,4300,2021-12-02 14:46:00,GSKY
11.39,11.41,11.39,11.41,1100,2021-12-02 14:47:00,GSKY
11.4,11.41,11.39,11.41,400,2021-12-02 14:48:00,GSKY
11.43,11.43,11.43,11.43,600,2021-12-02 14:49:00,GSKY
11.44,11.46,11.44,11.45,600,2021-12-02 14:50:00,GSKY
11.46,11.48,11.46,11.48,500,2021-12-02 14:51:00,GSKY
11.47,11.47,11.4401,11.45,5006,2021-12-02 14:52:00,GSKY
11.44,11.45,11.44,11.45,4380,2021-12-02 14:53:00,GSKY
11.46,11.465,11.43,11.43,2900,2021-12-02 14:54:00,GSKY
11.43,11.46,11.43,11.46,5500,2021-12-02 14:55:00,GSKY
11.46,11.46,11.44,11.44,2857,2021-12-02 14:56:00,GSKY
11.44,11.45,11.44,11.45,2500,2021-12-02 14:57:00,GSKY
11.45,11.46,11.44,11.44,3890,2021-12-02 14:58:00,GSKY
11.46,11.48,11.45,11.46,6704,2021-12-02 14:59:00,GSKY
11.47,11.48,11.43,11.43,2100,2021-12-02 15:00:00,GSKY
11.42,11.47,11.42,11.46,1358,2021-12-02 15:01:00,GSKY
11.46,11.47,11.46,11.46,600,2021-12-02 15:02:00,GSKY
11.48,11.48,11.455,11.46,2940,2021-12-02 15:03:00,GSKY
11.46,11.46,11.46,11.46,504,2021-12-02 15:04:00,GSKY
11.455,11.47,11.45,11.46,2463,2021-12-02 15:05:00,GSKY
11.45,11.45,11.45,11.45,300,2021-12-02 15:06:00,GSKY
11.47,11.48,11.46,11.46,3540,2021-12-02 15:07:00,GSKY
11.48,11.48,11.44,11.45,35837,2021-12-02 15:08:00,GSKY
11.45,11.45,11.425,11.425,1372,2021-12-02 15:09:00,GSKY
11.425,11.43,11.41,11.41,5639,2021-12-02 15:10:00,GSKY
11.42,11.45,11.415,11.45,4671,2021-12-02 15:11:00,GSKY
11.45,11.48,11.45,11.455,47347,2021-12-02 15:12:00,GSKY
11.45,11.45,11.45,11.45,532,2021-12-02 15:13:00,GSKY
11.44,11.45,11.44,11.45,2495,2021-12-02 15:14:00,GSKY
11.44,11.44,11.44,11.44,417,2021-12-02 15:15:00,GSKY
11.43,11.43,11.43,11.43,500,2021-12-02 15:17:00,GSKY
11.43,11.43,11.42,11.42,400,2021-12-02 15:18:00,GSKY
11.4,11.41,11.39,11.4,1703,2021-12-02 15:19:00,GSKY
11.4,11.4,11.4,11.4,1173,2021-12-02 15:20:00,GSKY
11.4,11.4,11.39,11.39,900,2021-12-02 15:21:00,GSKY
11.39,11.41,11.39,11.41,523,2021-12-02 15:22:00,GSKY
11.41,11.42,11.41,11.42,2499,2021-12-02 15:23:00,GSKY
11.44,11.44,11.43,11.43,2300,2021-12-02 15:24:00,GSKY
11.43,11.43,11.41,11.41,2869,2021-12-02 15:25:00,GSKY
11.42,11.45,11.42,11.45,1182,2021-12-02 15:26:00,GSKY
11.46,11.475,11.445,11.45,21653,2021-12-02 15:27:00,GSKY
11.44,11.44,11.44,11.44,3634,2021-12-02 15:28:00,GSKY
11.45,11.45,11.45,11.45,500,2021-12-02 15:29:00,GSKY
11.46,11.46,11.45,11.45,7700,2021-12-02 15:30:00,GSKY
11.44,11.45,11.44,11.45,1460,2021-12-02 15:31:00,GSKY
11.45,11.45,11.435,11.435,2123,2021-12-02 15:32:00,GSKY
11.45,11.45,11.44,11.44,433,2021-12-02 15:33:00,GSKY
11.43,11.43,11.42,11.42,600,2021-12-02 15:34:00,GSKY
11.41,11.41,11.41,11.41,132,2021-12-02 15:35:00,GSKY
11.4,11.415,11.4,11.415,3871,2021-12-02 15:36:00,GSKY
11.42,11.42,11.42,11.42,1000,2021-12-02 15:37:00,GSKY
11.42,11.42,11.42,11.42,200,2021-12-02 15:38:00,GSKY
11.37,11.38,11.37,11.38,1100,2021-12-02 15:39:00,GSKY
11.39,11.39,11.39,11.39,700,2021-12-02 15:40:00,GSKY
11.39,11.39,11.38,11.38,753,2021-12-02 15:41:00,GSKY
11.37,11.37,11.37,11.37,300,2021-12-02 15:42:00,GSKY
11.36,11.36,11.35,11.36,1300,2021-12-02 15:43:00,GSKY
11.36,11.36,11.3599,11.36,3733,2021-12-02 15:44:00,GSKY
11.34,11.35,11.34,11.345,1989,2021-12-02 15:45:00,GSKY
11.35,11.35,11.34,11.35,3193,2021-12-02 15:46:00,GSKY
11.35,11.37,11.35,11.36,2239,2021-12-02 15:47:00,GSKY
11.39,11.39,11.39,11.39,1922,2021-12-02 15:48:00,GSKY
11.39,11.39,11.39,11.39,3000,2021-12-02 15:49:00,GSKY
11.39,11.43,11.39,11.41,2100,2021-12-02 15:50:00,GSKY
11.41,11.42,11.41,11.42,1100,2021-12-02 15:51:00,GSKY
11.42,11.42,11.42,11.42,900,2021-12-02 15:52:00,GSKY
11.4,11.4,11.4,11.4,500,2021-12-02 15:53:00,GSKY
11.4,11.4,11.4,11.4,487,2021-12-02 15:54:00,GSKY
11.4,11.4,11.4,11.4,100,2021-12-02 15:55:00,GSKY
11.4,11.42,11.4,11.42,8455,2021-12-02 15:56:00,GSKY
11.43,11.44,11.43,11.44,3367,2021-12-02 15:57:00,GSKY
11.45,11.45,11.45,11.45,802,2021-12-02 15:58:00,GSKY
11.45,11.46,11.45,11.46,2200,2021-12-02 15:59:00,GSKY
11.455,11.49,11.44,11.44,98064,2021-12-02 16:00:00,GSKY
11.44,11.46,11.44,11.45,31878,2021-12-02 16:01:00,GSKY
11.44,11.47,11.44,11.47,4925,2021-12-02 16:02:00,GSKY
11.47,11.47,11.4309,11.4309,2191,2021-12-02 16:03:00,GSKY
11.43,11.46,11.43,11.46,1500,2021-12-02 16:06:00,GSKY
11.45,11.4505,11.45,11.4505,2000,2021-12-02 16:07:00,GSKY
11.47,11.47,11.47,11.47,625,2021-12-02 16:08:00,GSKY
11.46,11.46,11.46,11.46,2055,2021-12-02 16:09:00,GSKY
11.47,11.47,11.47,11.47,100,2021-12-02 16:10:00,GSKY
11.47,11.47,11.47,11.47,600,2021-12-02 16:11:00,GSKY
11.46,11.47,11.46,11.47,500,2021-12-02 16:12:00,GSKY
11.46,11.465,11.46,11.46,800,2021-12-02 16:13:00,GSKY
11.47,11.49,11.47,11.48,4587,2021-12-02 16:14:00,GSKY
11.47,11.48,11.47,11.48,815,2021-12-02 16:15:00,GSKY
11.47,11.48,11.47,11.475,400,2021-12-02 16:16:00,GSKY
11.47,11.47,11.46,11.47,968,2021-12-02 16:17:00,GSKY
11.47,11.47,11.46,11.46,710,2021-12-02 16:18:00,GSKY
11.475,11.48,11.475,11.48,400,2021-12-02 16:19:00,GSKY
11.49,11.495,11.49,11.49,300,2021-12-02 16:20:00,GSKY
11.49,11.495,11.49,11.49,2920,2021-12-02 16:21:00,GSKY
11.49,11.5,11.49,11.5,1595,2021-12-02 16:22:00,GSKY
11.5,11.5,11.49,11.49,500,2021-12-02 16:23:00,GSKY
11.49,11.495,11.49,11.495,907,2021-12-02 16:24:00,GSKY
11.5,11.5,11.495,11.5,500,2021-12-02 16:25:00,GSKY
11.5,11.52,11.5,11.5,23968,2021-12-02 16:26:00,GSKY
11.51,11.52,11.51,11.52,3936,2021-12-02 16:27:00,GSKY
11.51,11.515,11.49,11.51,14692,2021-12-02 16:28:00,GSKY
11.51,11.52,11.5,11.5,5426,2021-12-02 16:29:00,GSKY
11.505,11.505,11.49,11.49,4168,2021-12-02 16:30:00,GSKY
11.49,11.5,11.46,11.46,1000,2021-12-02 16:31:00,GSKY
11.46,11.46,11.46,11.46,200,2021-12-02 16:32:00,GSKY
11.45,11.45,11.44,11.44,700,2021-12-02 16:33:00,GSKY
11.45,11.47,11.45,11.47,700,2021-12-02 16:34:00,GSKY
11.46,11.46,11.46,11.46,600,2021-12-02 16:35:00,GSKY
11.47,11.47,11.46,11.46,200,2021-12-02 16:36:00,GSKY
11.47,11.48,11.47,11.48,1100,2021-12-02 16:37:00,GSKY
11.5,11.5,11.49,11.49,2441,2021-12-02 16:38:00,GSKY
11.49,11.49,11.49,11.49,377,2021-12-02 16:39:00,GSKY
11.49,11.49,11.49,11.49,450,2021-12-02 16:40:00,GSKY
11.5,11.51,11.5,11.5,1507,2021-12-02 16:41:00,GSKY
11.49,11.49,11.48,11.48,500,2021-12-02 16:42:00,GSKY
11.48,11.48,11.46,11.46,1292,2021-12-02 16:43:00,GSKY
11.45,11.46,11.44,11.44,700,2021-12-02 16:44:00,GSKY
11.44,11.455,11.44,11.44,2713,2021-12-02 16:45:00,GSKY
11.45,11.465,11.45,11.465,1045,2021-12-02 16:46:00,GSKY
11.46,11.46,11.46,11.46,428,2021-12-02 16:47:00,GSKY
11.455,11.48,11.455,11.48,700,2021-12-02 16:48:00,GSKY
11.49,11.51,11.49,11.5,3020,2021-12-02 16:49:00,GSKY
11.5,11.52,11.5,11.52,2095,2021-12-02 16:50:00,GSKY
11.52,11.52,11.52,11.52,100,2021-12-02 16:51:00,GSKY
11.51,11.51,11.51,11.51,612,2021-12-02 16:52:00,GSKY
11.52,11.52,11.495,11.51,37450,2021-12-02 16:53:00,GSKY
11.51,11.53,11.498,11.505,35134,2021-12-02 16:54:00,GSKY
11.51,11.51,11.5,11.5,7458,2021-12-02 16:55:00,GSKY
11.49,11.5,11.49,11.5,1100,2021-12-02 16:56:00,GSKY
11.49,11.49,11.49,11.49,800,2021-12-02 16:57:00,GSKY
11.49,11.51,11.49,11.505,7098,2021-12-02 16:58:00,GSKY
11.51,11.52,11.5,11.51,17816,2021-12-02 16:59:00,GSKY
11.5,11.51,11.5,11.505,2927,2021-12-02 17:00:00,GSKY
11.51,11.51,11.49,11.49,1531,2021-12-02 17:01:00,GSKY
11.49,11.51,11.49,11.51,2720,2021-12-02 17:02:00,GSKY
11.51,11.52,11.495,11.52,118580,2021-12-02 17:03:00,GSKY
11.52,11.52,11.515,11.52,2447,2021-12-02 17:04:00,GSKY
11.515,11.52,11.51,11.516,860,2021-12-02 17:05:00,GSKY
11.52,11.53,11.52,11.53,1400,2021-12-02 17:06:00,GSKY
11.535,11.54,11.535,11.54,400,2021-12-02 17:07:00,GSKY
11.54,11.55,11.54,11.55,1773,2021-12-02 17:08:00,GSKY
11.55,11.56,11.55,11.56,1400,2021-12-02 17:09:00,GSKY
11.56,11.56,11.56,11.56,800,2021-12-02 17:10:00,GSKY
11.56,11.57,11.56,11.57,1621,2021-12-02 17:11:00,GSKY
11.57,11.57,11.57,11.57,557,2021-12-02 17:12:00,GSKY
11.57,11.57,11.57,11.57,1700,2021-12-02 17:13:00,GSKY
11.58,11.58,11.58,11.58,667,2021-12-02 17:14:00,GSKY
11.58,11.58,11.58,11.58,500,2021-12-02 17:15:00,GSKY
11.58,11.58,11.57,11.575,1572,2021-12-02 17:16:00,GSKY
11.58,11.58,11.58,11.58,500,2021-12-02 17:17:00,GSKY
11.58,11.58,11.57,11.57,625,2021-12-02 17:18:00,GSKY
11.58,11.58,11.58,11.58,488,2021-12-02 17:19:00,GSKY
11.57,11.58,11.57,11.58,633,2021-12-02 17:20:00,GSKY
11.58,11.58,11.58,11.58,2408,2021-12-02 17:21:00,GSKY
11.57,11.57,11.57,11.57,1505,2021-12-02 17:22:00,GSKY
11.57,11.57,11.57,11.57,967,2021-12-02 17:23:00,GSKY
11.57,11.57,11.57,11.57,650,2021-12-02 17:24:00,GSKY
11.57,11.58,11.57,11.58,533,2021-12-02 17:25:00,GSKY
11.58,11.58,11.57,11.57,1151,2021-12-02 17:26:00,GSKY
11.57,11.57,11.57,11.57,529,2021-12-02 17:27:00,GSKY
11.57,11.57,11.57,11.57,400,2021-12-02 17:28:00,GSKY
11.57,11.58,11.57,11.58,700,2021-12-02 17:29:00,GSKY
11.58,11.59,11.58,11.59,700,2021-12-02 17:30:00,GSKY
11.59,11.59,11.58,11.58,991,2021-12-02 17:31:00,GSKY
11.58,11.59,11.58,11.59,531,2021-12-02 17:32:00,GSKY
11.58,11.58,11.58,11.58,628,2021-12-02 17:33:00,GSKY
11.58,11.58,11.58,11.58,800,2021-12-02 17:34:00,GSKY
11.57,11.57,11.56,11.56,4745,2021-12-02 17:35:00,GSKY
11.565,11.57,11.565,11.57,500,2021-12-02 17:36:00,GSKY
11.57,11.59,11.57,11.59,3027,2021-12-02 17:37:00,GSKY
11.6,11.6,11.59,11.59,2952,2021-12-02 17:38:00,GSKY
11.59,11.6,11.59,11.59,24430,2021-12-02 17:39:00,GSKY
11.59,11.61,11.59,11.595,19421,2021-12-02 17:40:00,GSKY
11.59,11.6,11.59,11.6,545,2021-12-02 17:41:00,GSKY
11.59,11.6,11.59,11.595,1400,2021-12-02 17:42:00,GSKY
11.59,11.6,11.59,11.59,2805,2021-12-02 17:43:00,GSKY
11.59,11.595,11.59,11.595,10705,2021-12-02 17:44:00,GSKY
11.6,11.61,11.59,11.595,9344,2021-12-02 17:45:00,GSKY
11.59,11.6,11.59,11.59,9077,2021-12-02 17:46:00,GSKY
11.59,11.6,11.59,11.6,1089,2021-12-02 17:47:00,GSKY
11.6,11.61,11.595,11.595,6500,2021-12-02 17:48:00,GSKY
11.6,11.61,11.6,11.605,618,2021-12-02 17:49:00,GSKY
11.605,11.605,11.6,11.6,1376,2021-12-02 17:50:00,GSKY
11.59,11.595,11.58,11.585,6985,2021-12-02 17:51:00,GSKY
11.58,11.58,11.57,11.57,600,2021-12-02 17:52:00,GSKY
11.57,11.57,11.57,11.57,600,2021-12-02 17:53:00,GSKY
11.58,11.58,11.58,11.58,804,2021-12-02 17:54:00,GSKY
11.58,11.59,11.58,11.585,5688,2021-12-02 17:55:00,GSKY
11.585,11.59,11.58,11.585,31420,2021-12-02 17:56:00,GSKY
11.59,11.6,11.575,11.58,55824,2021-12-02 17:57:00,GSKY
11.57,11.57,11.555,11.57,3185,2021-12-02 17:58:00,GSKY
11.57,11.575,11.56,11.56,5200,2021-12-02 17:59:00,GSKY
11.56,11.565,11.54,11.55,4304,2021-12-02 18:00:00,GSKY
11.55,11.56,11.55,11.56,1688,2021-12-02 18:01:00,GSKY
11.56,11.59,11.56,11.57,1824,2021-12-02 18:02:00,GSKY
11.57,11.57,11.565,11.565,1142,2021-12-02 18:03:00,GSKY
11.56,11.565,11.555,11.56,780,2021-12-02 18:04:00,GSKY
11.57,11.585,11.56,11.56,1500,2021-12-02 18:05:00,GSKY
11.55,11.56,11.55,11.55,11717,2021-12-02 18:06:00,GSKY
11.54,11.55,11.54,11.54,1032,2021-12-02 18:07:00,GSKY
11.53,11.54,11.53,11.54,400,2021-12-02 18:08:00,GSKY
11.55,11.55,11.54,11.54,2466,2021-12-02 18:09:00,GSKY
11.54,11.54,11.54,11.54,389,2021-12-02 18:10:00,GSKY
11.54,11.55,11.54,11.55,558,2021-12-02 18:11:00,GSKY
11.55,11.55,11.55,11.55,500,2021-12-02 18:12:00,GSKY
11.55,11.55,11.55,11.55,3500,2021-12-02 18:13:00,GSKY
11.55,11.56,11.55,11.56,586,2021-12-02 18:14:00,GSKY
11.56,11.56,11.54,11.55,4361,2021-12-02 18:15:00,GSKY
11.55,11.56,11.55,11.56,1115,2021-12-02 18:16:00,GSKY
11.55,11.55,11.55,11.55,1200,2021-12-02 18:17:00,GSKY
11.55,11.55,11.54,11.54,500,2021-12-02 18:18:00,GSKY
11.54,11.54,11.54,11.54,700,2021-12-02 18:19:00,GSKY
11.54,11.55,11.54,11.5401,2315,2021-12-02 18:20:00,GSKY
11.55,11.55,11.53,11.53,799,2021-12-02 18:21:00,GSKY
11.53,11.53,11.53,11.53,433,2021-12-02 18:22:00,GSKY
11.52,11.52,11.51,11.51,1800,2021-12-02 18:23:00,GSKY
11.51,11.53,11.51,11.53,11834,2021-12-02 18:24:00,GSKY
11.53,11.54,11.53,11.54,2100,2021-12-02 18:25:00,GSKY
11.53,11.53,11.53,11.53,447,2021-12-02 18:26:00,GSKY
11.52,11.53,11.52,11.53,608,2021-12-02 18:27:00,GSKY
11.52,11.53,11.52,11.52,1042,2021-12-02 18:28:00,GSKY
11.51,11.51,11.51,11.51,1099,2021-12-02 18:29:00,GSKY
11.51,11.52,11.5,11.5,2408,2021-12-02 18:30:00,GSKY
11.5,11.5,11.5,11.5,1492,2021-12-02 18:31:00,GSKY
11.51,11.52,11.51,11.52,2025,2021-12-02 18:32:00,GSKY
11.52,11.53,11.52,11.53,6527,2021-12-02 18:33:00,GSKY
11.53,11.545,11.52,11.54,6647,2021-12-02 18:34:00,GSKY
11.54,11.54,11.53,11.53,1297,2021-12-02 18:35:00,GSKY
11.53,11.54,11.53,11.54,400,2021-12-02 18:36:00,GSKY
11.54,11.54,11.54,11.54,1500,2021-12-02 18:37:00,GSKY
11.54,11.55,11.54,11.54,14900,2021-12-02 18:38:00,GSKY
11.55,11.555,11.55,11.55,8232,2021-12-02 18:39:00,GSKY
11.55,11.56,11.55,11.55,3766,2021-12-02 18:40:00,GSKY
11.56,11.56,11.54,11.54,1473,2021-12-02 18:41:00,GSKY
11.54,11.555,11.54,11.55,2200,2021-12-02 18:42:00,GSKY
11.55,11.55,11.54,11.54,3890,2021-12-02 18:43:00,GSKY
11.55,11.55,11.55,11.55,500,2021-12-02 18:44:00,GSKY
11.55,11.55,11.53,11.53,6859,2021-12-02 18:45:00,GSKY
11.53,11.53,11.52,11.52,500,2021-12-02 18:46:00,GSKY
11.52,11.52,11.52,11.52,400,2021-12-02 18:47:00,GSKY
11.52,11.53,11.52,11.53,1500,2021-12-02 18:48:00,GSKY
11.53,11.54,11.53,11.54,1695,2021-12-02 18:49:00,GSKY
11.54,11.54,11.53,11.53,340,2021-12-02 18:50:00,GSKY
11.53,11.55,11.53,11.55,2851,2021-12-02 18:51:00,GSKY
11.55,11.55,11.55,11.55,1197,2021-12-02 18:52:00,GSKY
11.55,11.58,11.55,11.58,16878,2021-12-02 18:53:00,GSKY
11.575,11.58,11.55,11.55,24765,2021-12-02 18:54:00,GSKY
11.55,11.56,11.55,11.56,10749,2021-12-02 18:55:00,GSKY
11.56,11.57,11.55,11.57,27341,2021-12-02 18:56:00,GSKY
11.57,11.57,11.5607,11.5607,900,2021-12-02 18:57:00,GSKY
11.565,11.57,11.565,11.57,400,2021-12-02 18:58:00,GSKY
11.565,11.565,11.54,11.55,12095,2021-12-02 18:59:00,GSKY
11.55,11.56,11.55,11.55,17826,2021-12-02 19:00:00,GSKY
11.55,11.56,11.54,11.545,20718,2021-12-02 19:01:00,GSKY
11.54,11.55,11.54,11.55,500,2021-12-02 19:02:00,GSKY
11.54,11.55,11.54,11.55,850,2021-12-02 19:03:00,GSKY
11.55,11.56,11.55,11.55,10157,2021-12-02 19:04:00,GSKY
11.56,11.56,11.54,11.55,2477,2021-12-02 19:05:00,GSKY
11.55,11.57,11.545,11.56,60129,2021-12-02 19:06:00,GSKY
11.57,11.57,11.57,11.57,500,2021-12-02 19:07:00,GSKY
11.57,11.57,11.55,11.55,2671,2021-12-02 19:08:00,GSKY
11.55,11.56,11.55,11.555,997,2021-12-02 19:09:00,GSKY
11.55,11.55,11.55,11.55,1387,2021-12-02 19:10:00,GSKY
11.55,11.55,11.53,11.53,1267,2021-12-02 19:11:00,GSKY
11.53,11.54,11.53,11.54,4300,2021-12-02 19:12:00,GSKY
11.54,11.55,11.54,11.55,500,2021-12-02 19:13:00,GSKY
11.55,11.55,11.55,11.55,358,2021-12-02 19:14:00,GSKY
11.55,11.56,11.53,11.53,1762,2021-12-02 19:15:00,GSKY
11.54,11.55,11.54,11.545,566,2021-12-02 19:16:00,GSKY
11.55,11.56,11.55,11.56,1200,2021-12-02 19:17:00,GSKY
11.56,11.56,11.56,11.56,400,2021-12-02 19:18:00,GSKY
11.55,11.56,11.55,11.56,400,2021-12-02 19:19:00,GSKY
11.56,11.56,11.55,11.55,900,2021-12-02 19:20:00,GSKY
11.56,11.57,11.56,11.56,1597,2021-12-02 19:21:00,GSKY
11.55,11.56,11.55,11.56,700,2021-12-02 19:22:00,GSKY
11.56,11.56,11.56,11.56,400,2021-12-02 19:23:00,GSKY
11.56,11.56,11.56,11.56,1447,2021-12-02 19:24:00,GSKY
11.56,11.56,11.56,11.56,300,2021-12-02 19:25:00,GSKY
11.56,11.56,11.545,11.55,1838,2021-12-02 19:26:00,GSKY
11.55,11.55,11.55,11.55,700,2021-12-02 19:27:00,GSKY
11.56,11.57,11.56,11.57,800,2021-12-02 19:28:00,GSKY
11.57,11.58,11.57,11.58,4318,2021-12-02 19:29:00,GSKY
11.57,11.57,11.56,11.57,1500,2021-12-02 19:30:00,GSKY
11.57,11.57,11.56,11.57,800,2021-12-02 19:31:00,GSKY
11.57,11.57,11.56,11.56,4500,2021-12-02 19:32:00,GSKY
11.57,11.57,11.57,11.57,373,2021-12-02 19:33:00,GSKY
11.57,11.57,11.57,11.57,575,2021-12-02 19:34:00,GSKY
11.58,11.58,11.5708,11.5708,528,2021-12-02 19:35:00,GSKY
11.58,11.58,11.56,11.56,1711,2021-12-02 19:36:00,GSKY
11.56,11.56,11.56,11.56,600,2021-12-02 19:37:00,GSKY
11.57,11.58,11.565,11.58,9002,2021-12-02 19:38:00,GSKY
11.58,11.58,11.58,11.58,2399,2021-12-02 19:39:00,GSKY
11.58,11.585,11.58,11.58,1290,2021-12-02 19:40:00,GSKY
11.58,11.59,11.58,11.58,600,2021-12-02 19:41:00,GSKY
11.58,11.58,11.58,11.58,463,2021-12-02 19:42:00,GSKY
11.58,11.58,11.575,11.58,962,2021-12-02 19:43:00,GSKY
11.59,11.59,11.59,11.59,400,2021-12-02 19:44:00,GSKY
11.59,11.59,11.59,11.59,367,2021-12-02 19:45:00,GSKY
11.59,11.6,11.59,11.6,8619,2021-12-02 19:46:00,GSKY
11.6,11.6,11.59,11.59,1352,2021-12-02 19:47:00,GSKY
11.58,11.58,11.565,11.565,1677,2021-12-02 19:48:00,GSKY
11.56,11.5606,11.56,11.56,633,2021-12-02 19:49:00,GSKY
11.56,11.56,11.56,11.56,449,2021-12-02 19:50:00,GSKY
11.58,11.58,11.57,11.57,1276,2021-12-02 19:51:00,GSKY
11.57,11.57,11.55,11.56,3365,2021-12-02 19:52:00,GSKY
11.57,11.57,11.56,11.56,1100,2021-12-02 19:53:00,GSKY
11.57,11.57,11.565,11.57,967,2021-12-02 19:54:00,GSKY
11.57,11.57,11.57,11.57,444,2021-12-02 19:55:00,GSKY
11.57,11.57,11.56,11.56,567,2021-12-02 19:56:00,GSKY
11.56,11.57,11.56,11.57,400,2021-12-02 19:57:00,GSKY
11.57,11.57,11.57,11.57,1235,2021-12-02 19:58:00,GSKY
11.57,11.57,11.55,11.55,2639,2021-12-02 19:59:00,GSKY
11.55,11.55,11.55,11.55,500,2021-12-02 20:00:00,GSKY
11.57,11.57,11.565,11.57,600,2021-12-02 20:01:00,GSKY
11.56,11.56,11.56,11.56,1678,2021-12-02 20:02:00,GSKY
11.56,11.56,11.55,11.55,1125,2021-12-02 20:03:00,GSKY
11.56,11.56,11.555,11.56,5035,2021-12-02 20:04:00,GSKY
11.56,11.57,11.56,11.56,2256,2021-12-02 20:05:00,GSKY
11.57,11.59,11.57,11.58,2208,2021-12-02 20:06:00,GSKY
11.57,11.57,11.57,11.57,790,2021-12-02 20:07:00,GSKY
11.56,11.56,11.56,11.56,1000,2021-12-02 20:08:00,GSKY
11.55,11.56,11.55,11.56,900,2021-12-02 20:09:00,GSKY
11.55,11.55,11.54,11.54,2371,2021-12-02 20:10:00,GSKY
11.54,11.54,11.53,11.54,692,2021-12-02 20:11:00,GSKY
11.53,11.53,11.52,11.52,1073,2021-12-02 20:12:00,GSKY
11.53,11.545,11.53,11.545,2977,2021-12-02 20:13:00,GSKY
11.55,11.555,11.55,11.55,1381,2021-12-02 20:14:00,GSKY
11.55,11.56,11.55,11.55,1373,2021-12-02 20:15:00,GSKY
11.54,11.55,11.54,11.55,837,2021-12-02 20:16:00,GSKY
11.56,11.565,11.55,11.565,11735,2021-12-02 20:17:00,GSKY
11.57,11.57,11.56,11.56,979,2021-12-02 20:18:00,GSKY
11.56,11.56,11.56,11.56,1494,2021-12-02 20:19:00,GSKY
11.56,11.57,11.56,11.57,2236,2021-12-02 20:20:00,GSKY
11.56,11.57,11.56,11.56,1311,2021-12-02 20:21:00,GSKY
11.57,11.575,11.57,11.57,3820,2021-12-02 20:22:00,GSKY
11.57,11.57,11.56,11.56,1400,2021-12-02 20:23:00,GSKY
11.57,11.57,11.57,11.57,500,2021-12-02 20:24:00,GSKY
11.57,11.57,11.56,11.57,933,2021-12-02 20:25:00,GSKY
11.57,11.58,11.57,11.57,1432,2021-12-02 20:26:00,GSKY
11.58,11.58,11.56,11.565,1091,2021-12-02 20:27:00,GSKY
11.57,11.57,11.56,11.56,800,2021-12-02 20:28:00,GSKY
11.57,11.58,11.57,11.57,3618,2021-12-02 20:29:00,GSKY
11.58,11.58,11.55,11.56,56540,2021-12-02 20:30:00,GSKY
11.555,11.56,11.55,11.56,2817,2021-12-02 20:31:00,GSKY
11.56,11.57,11.55,11.55,28075,2021-12-02 20:32:00,GSKY
11.55,11.55,11.54,11.55,857,2021-12-02 20:33:00,GSKY
11.55,11.55,11.545,11.545,1231,2021-12-02 20:34:00,GSKY
11.54,11.55,11.54,11.54,4786,2021-12-02 20:35:00,GSKY
11.54,11.545,11.54,11.54,900,2021-12-02 20:36:00,GSKY
11.55,11.56,11.55,11.55,2303,2021-12-02 20:37:00,GSKY
11.55,11.55,11.55,11.55,1065,2021-12-02 20:38:00,GSKY
11.55,11.55,11.55,11.55,900,2021-12-02 20:39:00,GSKY
11.55,11.55,11.55,11.55,700,2021-12-02 20:40:00,GSKY
11.54,11.55,11.54,11.55,3201,2021-12-02 20:41:00,GSKY
11.56,11.57,11.55,11.56,54365,2021-12-02 20:42:00,GSKY
11.555,11.56,11.545,11.56,48929,2021-12-02 20:43:00,GSKY
11.55,11.55,11.55,11.55,2628,2021-12-02 20:44:00,GSKY
11.55,11.58,11.55,11.56,71392,2021-12-02 20:45:00,GSKY
11.56,11.56,11.55,11.55,1800,2021-12-02 20:46:00,GSKY
11.56,11.56,11.55,11.555,1112,2021-12-02 20:47:00,GSKY
11.55,11.56,11.55,11.55,2040,2021-12-02 20:48:00,GSKY
11.56,11.57,11.55,11.56,3941,2021-12-02 20:49:00,GSKY
11.55,11.56,11.53,11.53,17900,2021-12-02 20:50:00,GSKY
11.53,11.53,11.53,11.53,3034,2021-12-02 20:51:00,GSKY
11.53,11.54,11.5,11.5,89401,2021-12-02 20:52:00,GSKY
11.51,11.525,11.505,11.525,2900,2021-12-02 20:53:00,GSKY
11.53,11.53,11.515,11.52,3499,2021-12-02 20:54:00,GSKY
11.52,11.53,11.515,11.515,5608,2021-12-02 20:55:00,GSKY
11.52,11.535,11.52,11.535,3901,2021-12-02 20:56:00,GSKY
11.54,11.55,11.54,11.54,4038,2021-12-02 20:57:00,GSKY
11.545,11.55,11.54,11.54,8697,2021-12-02 20:58:00,GSKY
11.54,11.55,11.54,11.54,12580,2021-12-02 20:59:00,GSKY
11.55,11.55,11.55,11.55,69901,2021-12-02 21:00:00,GSKY
11.6,11.6,11.54,11.54,4325,2021-12-03 14:30:00,GSKY
11.55,11.57,11.54,11.57,3576,2021-12-03 14:31:00,GSKY
11.57,11.59,11.57,11.57,8985,2021-12-03 14:32:00,GSKY
11.57,11.57,11.545,11.545,2343,2021-12-03 14:33:00,GSKY
11.54,11.56,11.54,11.56,6588,2021-12-03 14:34:00,GSKY
11.59,11.63,11.59,11.59,6898,2021-12-03 14:35:00,GSKY
11.59,11.6,11.59,11.6,1134,2021-12-03 14:36:00,GSKY
11.59,11.59,11.58,11.58,1618,2021-12-03 14:37:00,GSKY
11.58,11.6,11.58,11.595,4390,2021-12-03 14:38:00,GSKY
11.595,11.595,11.5798,11.5798,1529,2021-12-03 14:39:00,GSKY
11.57,11.59,11.56,11.56,1198,2021-12-03 14:40:00,GSKY
11.57,11.57,11.57,11.57,600,2021-12-03 14:41:00,GSKY
11.56,11.57,11.53,11.57,6578,2021-12-03 14:42:00,GSKY
11.58,11.6,11.58,11.585,3634,2021-12-03 14:43:00,GSKY
11.585,11.585,11.58,11.58,400,2021-12-03 14:44:00,GSKY
11.58,11.61,11.58,11.6,2514,2021-12-03 14:45:00,GSKY
11.58,11.58,11.58,11.58,757,2021-12-03 14:46:00,GSKY
11.59,11.59,11.59,11.59,700,2021-12-03 14:47:00,GSKY
11.59,11.59,11.59,11.59,100,2021-12-03 14:48:00,GSKY
11.58,11.58,11.58,11.58,5400,2021-12-03 14:49:00,GSKY
11.56,11.565,11.53,11.53,2539,2021-12-03 14:50:00,GSKY
11.53,11.54,11.52,11.54,885,2021-12-03 14:51:00,GSKY
11.54,11.54,11.53,11.53,300,2021-12-03 14:52:00,GSKY
11.49,11.49,11.49,11.49,300,2021-12-03 14:53:00,GSKY
11.43,11.43,11.43,11.43,125,2021-12-03 14:54:00,GSKY
11.445,11.45,11.445,11.45,873,2021-12-03 14:55:00,GSKY
11.47,11.48,11.47,11.47,700,2021-12-03 14:56:00,GSKY
11.48,11.5,11.48,11.5,2079,2021-12-03 14:57:00,GSKY
11.5,11.5,11.4651,11.48,1742,2021-12-03 14:58:00,GSKY
11.47,11.47,11.455,11.455,546,2021-12-03 14:59:00,GSKY
11.49,11.52,11.49,11.52,6573,2021-12-03 15:00:00,GSKY
11.5,11.5,11.46,11.46,1816,2021-12-03 15:01:00,GSKY
11.45,11.48,11.4416,11.47,1300,2021-12-03 15:02:00,GSKY
11.48,11.49,11.47,11.47,3234,2021-12-03 15:03:00,GSKY
11.49,11.5,11.49,11.49,2092,2021-12-03 15:04:00,GSKY
11.5,11.51,11.5,11.51,1382,2021-12-03 15:05:00,GSKY
11.52,11.53,11.52,11.53,500,2021-12-03 15:06:00,GSKY
11.51,11.51,11.5,11.5,200,2021-12-03 15:07:00,GSKY
11.5,11.51,11.5,11.5,400,2021-12-03 15:08:00,GSKY
11.46,11.48,11.46,11.47,1403,2021-12-03 15:10:00,GSKY
11.465,11.465,11.45,11.45,1014,2021-12-03 15:11:00,GSKY
11.46,11.49,11.46,11.475,11800,2021-12-03 15:12:00,GSKY
11.48,11.48,11.46,11.46,4800,2021-12-03 15:13:00,GSKY
11.455,11.455,11.45,11.45,1064,2021-12-03 15:14:00,GSKY
11.45,11.485,11.45,11.48,2401,2021-12-03 15:15:00,GSKY
11.48,11.495,11.48,11.49,1592,2021-12-03 15:16:00,GSKY
11.49,11.5,11.49,11.5,630,2021-12-03 15:17:00,GSKY
11.5,11.52,11.5,11.52,300,2021-12-03 15:18:00,GSKY
11.51,11.51,11.5,11.5,526,2021-12-03 15:19:00,GSKY
11.5,11.51,11.495,11.51,600,2021-12-03 15:20:00,GSKY
11.51,11.51,11.485,11.485,1725,2021-12-03 15:21:00,GSKY
11.49,11.51,11.485,11.5,3727,2021-12-03 15:22:00,GSKY
11.5,11.5,11.49,11.49,300,2021-12-03 15:23:00,GSKY
11.51,11.53,11.51,11.51,4222,2021-12-03 15:24:00,GSKY
11.51,11.515,11.48,11.49,3000,2021-12-03 15:25:00,GSKY
11.49,11.495,11.49,11.49,500,2021-12-03 15:26:00,GSKY
11.49,11.49,11.49,11.49,300,2021-12-03 15:27:00,GSKY
11.5,11.52,11.5,11.515,1100,2021-12-03 15:28:00,GSKY
11.51,11.535,11.51,11.535,3459,2021-12-03 15:29:00,GSKY
11.53,11.53,11.49,11.49,1240,2021-12-03 15:30:00,GSKY
11.49,11.5,11.49,11.49,700,2021-12-03 15:31:00,GSKY
11.485,11.485,11.48,11.48,1134,2021-12-03 15:32:00,GSKY
11.48,11.49,11.48,11.485,2000,2021-12-03 15:33:00,GSKY
11.48,11.48,11.45,11.45,1831,2021-12-03 15:34:00,GSKY
11.44,11.44,11.43,11.43,526,2021-12-03 15:35:00,GSKY
11.44,11.45,11.44,11.45,400,2021-12-03 15:36:00,GSKY
11.45,11.45,11.44,11.44,400,2021-12-03 15:37:00,GSKY
11.46,11.46,11.44,11.44,700,2021-12-03 15:38:00,GSKY
11.44,11.44,11.44,11.44,900,2021-12-03 15:39:00,GSKY
11.44,11.44,11.435,11.435,1000,2021-12-03 15:40:00,GSKY
11.43,11.43,11.41,11.41,613,2021-12-03 15:41:00,GSKY
11.4,11.4,11.385,11.39,2600,2021-12-03 15:42:00,GSKY
11.39,11.4,11.385,11.385,2600,2021-12-03 15:43:00,GSKY
11.39,11.4,11.39,11.39,1667,2021-12-03 15:44:00,GSKY
11.39,11.39,11.39,11.39,500,2021-12-03 15:45:00,GSKY
11.4,11.4,11.4,11.4,878,2021-12-03 15:46:00,GSKY
11.39,11.39,11.38,11.38,12387,2021-12-03 15:47:00,GSKY
11.39,11.4,11.38,11.385,4634,2021-12-03 15:48:00,GSKY
11.38,11.38,11.37,11.375,11504,2021-12-03 15:49:00,GSKY
11.375,11.38,11.36,11.36,3864,2021-12-03 15:50:00,GSKY
11.35,11.375,11.35,11.37,1000,2021-12-03 15:51:00,GSKY
11.38,11.4,11.38,11.4,3253,2021-12-03 15:52:00,GSKY
11.4,11.41,11.4,11.4,1100,2021-12-03 15:53:00,GSKY
11.4,11.4,11.39,11.4,771,2021-12-03 15:54:00,GSKY
11.39,11.4,11.38,11.4,3932,2021-12-03 15:55:00,GSKY
11.39,11.39,11.39,11.39,7825,2021-12-03 15:56:00,GSKY
11.39,11.4,11.39,11.39,4300,2021-12-03 15:57:00,GSKY
11.38,11.38,11.37,11.37,800,2021-12-03 15:58:00,GSKY
11.37,11.38,11.36,11.36,1214,2021-12-03 15:59:00,GSKY
11.35,11.36,11.35,11.36,1060,2021-12-03 16:00:00,GSKY
11.36,11.36,11.36,11.36,400,2021-12-03 16:01:00,GSKY
11.35,11.385,11.35,11.37,6676,2021-12-03 16:02:00,GSKY
11.37,11.38,11.37,11.38,6359,2021-12-03 16:03:00,GSKY
11.38,11.39,11.38,11.39,6598,2021-12-03 16:04:00,GSKY
11.38,11.38,11.36,11.36,2347,2021-12-03 16:05:00,GSKY
11.36,11.36,11.35,11.35,900,2021-12-03 16:06:00,GSKY
11.35,11.36,11.35,11.36,1333,2021-12-03 16:07:00,GSKY
11.36,11.36,11.34,11.34,600,2021-12-03 16:08:00,GSKY
11.325,11.34,11.3225,11.34,500,2021-12-03 16:09:00,GSKY
11.35,11.35,11.34,11.34,600,2021-12-03 16:10:00,GSKY
11.33,11.36,11.33,11.36,1200,2021-12-03 16:11:00,GSKY
11.36,11.36,11.36,11.36,100,2021-12-03 16:12:00,GSKY
11.36,11.38,11.36,11.38,2000,2021-12-03 16:13:00,GSKY
11.38,11.38,11.35,11.3521,2325,2021-12-03 16:14:00,GSKY
11.36,11.38,11.36,11.37,4700,2021-12-03 16:15:00,GSKY
11.36,11.37,11.36,11.365,1200,2021-12-03 16:16:00,GSKY
11.37,11.38,11.35,11.35,1423,2021-12-03 16:17:00,GSKY
11.35,11.35,11.335,11.335,200,2021-12-03 16:19:00,GSKY
11.33,11.35,11.33,11.34,2460,2021-12-03 16:20:00,GSKY
11.35,11.35,11.34,11.3417,1164,2021-12-03 16:21:00,GSKY
11.36,11.38,11.36,11.38,801,2021-12-03 16:22:00,GSKY
11.37,11.37,11.36,11.37,1515,2021-12-03 16:24:00,GSKY
11.375,11.38,11.375,11.38,269,2021-12-03 16:25:00,GSKY
11.37,11.37,11.36,11.36,500,2021-12-03 16:26:00,GSKY
11.38,11.38,11.35,11.35,1600,2021-12-03 16:27:00,GSKY
11.37,11.37,11.37,11.37,100,2021-12-03 16:29:00,GSKY
11.37,11.38,11.37,11.38,12702,2021-12-03 16:30:00,GSKY
11.38,11.41,11.38,11.39,3491,2021-12-03 16:31:00,GSKY
11.4,11.4,11.4,11.4,433,2021-12-03 16:32:00,GSKY
11.4,11.41,11.4,11.41,900,2021-12-03 16:33:00,GSKY
11.41,11.41,11.41,11.41,1100,2021-12-03 16:34:00,GSKY
11.41,11.41,11.405,11.41,698,2021-12-03 16:35:00,GSKY
11.41,11.41,11.4,11.4,1100,2021-12-03 16:36:00,GSKY
11.4,11.4,11.39,11.39,1597,2021-12-03 16:37:00,GSKY
11.39,11.415,11.39,11.41,12151,2021-12-03 16:38:00,GSKY
11.42,11.43,11.415,11.42,5351,2021-12-03 16:39:00,GSKY
11.42,11.42,11.405,11.405,5424,2021-12-03 16:40:00,GSKY
11.4,11.4,11.4,11.4,3687,2021-12-03 16:41:00,GSKY
11.4,11.4,11.395,11.4,999,2021-12-03 16:42:00,GSKY
11.39,11.395,11.39,11.395,600,2021-12-03 16:43:00,GSKY
11.39,11.39,11.37,11.37,5915,2021-12-03 16:44:00,GSKY
11.37,11.39,11.37,11.39,5900,2021-12-03 16:45:00,GSKY
11.39,11.39,11.38,11.39,2100,2021-12-03 16:46:00,GSKY
11.4,11.4,11.4,11.4,388,2021-12-03 16:47:00,GSKY
11.4,11.4,11.4,11.4,100,2021-12-03 16:48:00,GSKY
11.4,11.4,11.39,11.39,700,2021-12-03 16:49:00,GSKY
11.38,11.38,11.36,11.36,4238,2021-12-03 16:50:00,GSKY
11.36,11.37,11.36,11.37,1151,2021-12-03 16:51:00,GSKY
11.36,11.36,11.35,11.35,3200,2021-12-03 16:52:00,GSKY
11.35,11.36,11.35,11.35,1300,2021-12-03 16:53:00,GSKY
11.35,11.35,11.345,11.345,540,2021-12-03 16:54:00,GSKY
11.34,11.34,11.33,11.33,400,2021-12-03 16:55:00,GSKY
11.325,11.34,11.325,11.34,920,2021-12-03 16:56:00,GSKY
11.34,11.34,11.34,11.34,3221,2021-12-03 16:57:00,GSKY
11.33,11.33,11.33,11.33,1160,2021-12-03 16:58:00,GSKY
11.325,11.33,11.32,11.3202,700,2021-12-03 16:59:00,GSKY
11.32,11.32,11.31,11.31,2000,2021-12-03 17:00:00,GSKY
11.32,11.32,11.31,11.32,1400,2021-12-03 17:01:00,GSKY
11.32,11.32,11.32,11.32,445,2021-12-03 17:02:00,GSKY
11.33,11.34,11.33,11.34,2451,2021-12-03 17:03:00,GSKY
11.34,11.34,11.34,11.34,1030,2021-12-03 17:04:00,GSKY
11.335,11.34,11.335,11.34,300,2021-12-03 17:05:00,GSKY
11.345,11.35,11.335,11.34,1600,2021-12-03 17:06:00,GSKY
11.35,11.36,11.35,11.36,648,2021-12-03 17:08:00,GSKY
11.36,11.365,11.35,11.35,2000,2021-12-03 17:09:00,GSKY
11.36,11.37,11.36,11.36,692,2021-12-03 17:10:00,GSKY
11.37,11.37,11.36,11.36,400,2021-12-03 17:11:00,GSKY
11.37,11.3767,11.37,11.3767,936,2021-12-03 17:12:00,GSKY
11.37,11.37,11.37,11.37,659,2021-12-03 17:13:00,GSKY
11.36,11.36,11.36,11.36,100,2021-12-03 17:14:00,GSKY
11.37,11.38,11.37,11.38,2253,2021-12-03 17:15:00,GSKY
11.39,11.39,11.39,11.39,428,2021-12-03 17:16:00,GSKY
11.395,11.395,11.395,11.395,100,2021-12-03 17:17:00,GSKY
11.41,11.41,11.4,11.41,1600,2021-12-03 17:18:00,GSKY
11.42,11.42,11.41,11.41,1400,2021-12-03 17:19:00,GSKY
11.4027,11.41,11.4,11.4,701,2021-12-03 17:20:00,GSKY
11.395,11.4,11.395,11.4,940,2021-12-03 17:21:00,GSKY
11.41,11.41,11.41,11.41,100,2021-12-03 17:22:00,GSKY
11.41,11.41,11.41,11.41,220,2021-12-03 17:23:00,GSKY
11.42,11.42,11.42,11.42,519,2021-12-03 17:24:00,GSKY
11.41,11.41,11.41,11.41,200,2021-12-03 17:25:00,GSKY
11.41,11.41,11.41,11.41,454,2021-12-03 17:27:00,GSKY
11.41,11.41,11.41,11.41,329,2021-12-03 17:28:00,GSKY
11.41,11.415,11.405,11.41,915,2021-12-03 17:29:00,GSKY
11.4,11.405,11.4,11.405,600,2021-12-03 17:30:00,GSKY
11.39,11.39,11.385,11.385,600,2021-12-03 17:31:00,GSKY
11.38,11.38,11.38,11.38,301,2021-12-03 17:32:00,GSKY
11.37,11.37,11.37,11.37,655,2021-12-03 17:34:00,GSKY
11.38,11.38,11.375,11.38,1543,2021-12-03 17:35:00,GSKY
11.39,11.41,11.39,11.4,1300,2021-12-03 17:36:00,GSKY
11.4,11.42,11.4,11.42,755,2021-12-03 17:37:00,GSKY
11.43,11.43,11.43,11.43,822,2021-12-03 17:38:00,GSKY
11.445,11.445,11.44,11.44,400,2021-12-03 17:40:00,GSKY
11.43,11.43,11.43,11.43,605,2021-12-03 17:41:00,GSKY
11.44,11.45,11.44,11.44,1015,2021-12-03 17:42:00,GSKY
11.45,11.45,11.43,11.435,2957,2021-12-03 17:43:00,GSKY
11.43,11.43,11.43,11.43,538,2021-12-03 17:44:00,GSKY
11.43,11.43,11.42,11.42,509,2021-12-03 17:45:00,GSKY
11.42,11.42,11.42,11.42,325,2021-12-03 17:46:00,GSKY
11.41,11.41,11.39,11.4,1300,2021-12-03 17:48:00,GSKY
11.41,11.41,11.405,11.41,2200,2021-12-03 17:49:00,GSKY
11.41,11.42,11.41,11.42,1200,2021-12-03 17:50:00,GSKY
11.41,11.41,11.4,11.4,700,2021-12-03 17:51:00,GSKY
11.39,11.4,11.39,11.4,200,2021-12-03 17:52:00,GSKY
11.395,11.395,11.395,11.395,100,2021-12-03 17:53:00,GSKY
11.39,11.39,11.39,11.39,195,2021-12-03 17:54:00,GSKY
11.39,11.395,11.38,11.385,1014,2021-12-03 17:55:00,GSKY
11.39,11.39,11.38,11.38,900,2021-12-03 17:56:00,GSKY
11.375,11.38,11.375,11.38,842,2021-12-03 17:57:00,GSKY
11.3803,11.3803,11.375,11.375,2900,2021-12-03 17:58:00,GSKY
11.37,11.37,11.37,11.37,2894,2021-12-03 17:59:00,GSKY
11.37,11.37,11.36,11.37,1518,2021-12-03 18:00:00,GSKY
11.375,11.38,11.37,11.37,900,2021-12-03 18:01:00,GSKY
11.36,11.37,11.36,11.37,200,2021-12-03 18:02:00,GSKY
11.37,11.37,11.36,11.37,1153,2021-12-03 18:04:00,GSKY
11.37,11.395,11.37,11.39,5966,2021-12-03 18:05:00,GSKY
11.38,11.38,11.375,11.375,300,2021-12-03 18:06:00,GSKY
11.39,11.4,11.39,11.39,1699,2021-12-03 18:07:00,GSKY
11.39,11.39,11.39,11.39,497,2021-12-03 18:08:00,GSKY
11.4,11.4,11.39,11.39,400,2021-12-03 18:09:00,GSKY
11.4,11.41,11.4,11.41,355,2021-12-03 18:12:00,GSKY
11.41,11.415,11.4,11.4,1000,2021-12-03 18:13:00,GSKY
11.39,11.39,11.38,11.39,600,2021-12-03 18:14:00,GSKY
11.39,11.4,11.39,11.4,1261,2021-12-03 18:15:00,GSKY
11.39,11.39,11.39,11.39,500,2021-12-03 18:16:00,GSKY
11.39,11.41,11.39,11.41,6139,2021-12-03 18:17:00,GSKY
11.41,11.41,11.405,11.405,1495,2021-12-03 18:18:00,GSKY
11.41,11.41,11.41,11.41,900,2021-12-03 18:20:00,GSKY
11.41,11.41,11.41,11.41,100,2021-12-03 18:21:00,GSKY
11.41,11.41,11.41,11.41,635,2021-12-03 18:22:00,GSKY
11.42,11.43,11.42,11.43,400,2021-12-03 18:23:00,GSKY
11.42,11.42,11.415,11.415,1299,2021-12-03 18:24:00,GSKY
11.41,11.41,11.4,11.41,2100,2021-12-03 18:25:00,GSKY
11.41,11.41,11.41,11.41,500,2021-12-03 18:26:00,GSKY
11.4,11.4,11.4,11.4,523,2021-12-03 18:27:00,GSKY
11.395,11.4,11.38,11.38,573,2021-12-03 18:28:00,GSKY
11.375,11.38,11.375,11.38,300,2021-12-03 18:29:00,GSKY
11.38,11.38,11.38,11.38,100,2021-12-03 18:30:00,GSKY
11.38,11.38,11.375,11.375,3300,2021-12-03 18:31:00,GSKY
11.37,11.37,11.36,11.36,1728,2021-12-03 18:32:00,GSKY
11.365,11.37,11.365,11.37,300,2021-12-03 18:33:00,GSKY
11.36,11.36,11.36,11.36,1821,2021-12-03 18:34:00,GSKY
11.35,11.35,11.35,11.35,273,2021-12-03 18:35:00,GSKY
11.35,11.355,11.345,11.345,655,2021-12-03 18:36:00,GSKY
11.35,11.35,11.35,11.35,600,2021-12-03 18:37:00,GSKY
11.34,11.345,11.34,11.345,200,2021-12-03 18:38:00,GSKY
11.35,11.36,11.345,11.35,3579,2021-12-03 18:40:00,GSKY
11.35,11.36,11.34,11.34,2063,2021-12-03 18:41:00,GSKY
11.36,11.36,11.36,11.36,100,2021-12-03 18:42:00,GSKY
11.36,11.36,11.36,11.36,900,2021-12-03 18:43:00,GSKY
11.37,11.37,11.36,11.36,200,2021-12-03 18:44:00,GSKY
11.36,11.365,11.36,11.36,700,2021-12-03 18:46:00,GSKY
11.35,11.35,11.33,11.33,900,2021-12-03 18:47:00,GSKY
11.33,11.33,11.3275,11.3275,1740,2021-12-03 18:48:00,GSKY
11.34,11.35,11.34,11.345,750,2021-12-03 18:49:00,GSKY
11.35,11.36,11.35,11.36,300,2021-12-03 18:50:00,GSKY
11.35,11.36,11.35,11.36,1200,2021-12-03 18:51:00,GSKY
11.37,11.37,11.37,11.37,100,2021-12-03 18:52:00,GSKY
11.365,11.365,11.355,11.355,1200,2021-12-03 18:53:00,GSKY
11.37,11.37,11.36,11.36,3970,2021-12-03 18:54:00,GSKY
11.355,11.355,11.34,11.345,900,2021-12-03 18:55:00,GSKY
11.35,11.35,11.345,11.345,200,2021-12-03 18:56:00,GSKY
11.35,11.35,11.345,11.35,300,2021-12-03 18:57:00,GSKY
11.35,11.36,11.34,11.34,6152,2021-12-03 18:58:00,GSKY
11.34,11.34,11.34,11.34,300,2021-12-03 18:59:00,GSKY
11.34,11.34,11.34,11.34,545,2021-12-03 19:00:00,GSKY
11.34,11.34,11.33,11.33,500,2021-12-03 19:01:00,GSKY
11.34,11.35,11.34,11.35,1259,2021-12-03 19:02:00,GSKY
11.35,11.35,11.35,11.35,1064,2021-12-03 19:03:00,GSKY
11.35,11.38,11.35,11.37,2743,2021-12-03 19:04:00,GSKY
11.36,11.37,11.36,11.37,1225,2021-12-03 19:05:00,GSKY
11.35,11.35,11.35,11.35,100,2021-12-03 19:06:00,GSKY
11.345,11.35,11.345,11.35,518,2021-12-03 19:07:00,GSKY
11.35,11.35,11.34,11.34,1000,2021-12-03 19:08:00,GSKY
11.34,11.34,11.33,11.33,1100,2021-12-03 19:09:00,GSKY
11.34,11.34,11.33,11.33,2951,2021-12-03 19:10:00,GSKY
11.33,11.33,11.32,11.33,6154,2021-12-03 19:11:00,GSKY
11.33,11.34,11.33,11.335,667,2021-12-03 19:12:00,GSKY
11.34,11.35,11.34,11.35,2637,2021-12-03 19:13:00,GSKY
11.35,11.35,11.35,11.35,700,2021-12-03 19:14:00,GSKY
11.34,11.345,11.33,11.33,900,2021-12-03 19:15:00,GSKY
11.335,11.335,11.335,11.335,300,2021-12-03 19:16:00,GSKY
11.335,11.35,11.335,11.335,1704,2021-12-03 19:17:00,GSKY
11.33,11.33,11.33,11.33,2192,2021-12-03 19:18:00,GSKY
11.33,11.33,11.325,11.325,706,2021-12-03 19:19:00,GSKY
11.32,11.32,11.295,11.3,1129,2021-12-03 19:20:00,GSKY
11.3,11.3,11.3,11.3,802,2021-12-03 19:21:00,GSKY
11.31,11.32,11.31,11.32,1077,2021-12-03 19:22:00,GSKY
11.32,11.32,11.32,11.32,1363,2021-12-03 19:23:00,GSKY
11.33,11.33,11.33,11.33,600,2021-12-03 19:24:00,GSKY
11.34,11.35,11.335,11.35,658,2021-12-03 19:25:00,GSKY
11.35,11.35,11.33,11.34,1425,2021-12-03 19:27:00,GSKY
11.35,11.35,11.345,11.35,1323,2021-12-03 19:28:00,GSKY
11.35,11.36,11.35,11.36,1269,2021-12-03 19:29:00,GSKY
11.36,11.37,11.35,11.35,1767,2021-12-03 19:30:00,GSKY
11.34,11.34,11.34,11.34,700,2021-12-03 19:31:00,GSKY
11.33,11.335,11.33,11.335,237,2021-12-03 19:32:00,GSKY
11.335,11.34,11.335,11.34,200,2021-12-03 19:33:00,GSKY
11.335,11.335,11.335,11.335,507,2021-12-03 19:34:00,GSKY
11.34,11.34,11.325,11.33,4312,2021-12-03 19:35:00,GSKY
11.33,11.34,11.325,11.33,4383,2021-12-03 19:36:00,GSKY
11.33,11.34,11.33,11.33,1739,2021-12-03 19:37:00,GSKY
11.33,11.33,11.32,11.32,1035,2021-12-03 19:38:00,GSKY
11.315,11.315,11.3,11.3,3539,2021-12-03 19:39:00,GSKY
11.31,11.34,11.31,11.33,3233,2021-12-03 19:40:00,GSKY
11.32,11.32,11.31,11.32,5025,2021-12-03 19:42:00,GSKY
11.33,11.345,11.32,11.345,1728,2021-12-03 19:43:00,GSKY
11.34,11.34,11.34,11.34,800,2021-12-03 19:44:00,GSKY
11.35,11.35,11.33,11.33,720,2021-12-03 19:45:00,GSKY
11.33,11.33,11.33,11.33,100,2021-12-03 19:46:00,GSKY
11.325,11.325,11.325,11.325,200,2021-12-03 19:47:00,GSKY
11.32,11.32,11.305,11.305,2219,2021-12-03 19:49:00,GSKY
11.3,11.31,11.3,11.31,1072,2021-12-03 19:50:00,GSKY
11.305,11.31,11.305,11.305,2100,2021-12-03 19:51:00,GSKY
11.305,11.31,11.305,11.31,552,2021-12-03 19:52:00,GSKY
11.305,11.305,11.3,11.305,700,2021-12-03 19:53:00,GSKY
11.3,11.3,11.295,11.295,1329,2021-12-03 19:54:00,GSKY
11.29,11.31,11.29,11.31,3128,2021-12-03 19:55:00,GSKY
11.31,11.33,11.305,11.325,1383,2021-12-03 19:56:00,GSKY
11.32,11.33,11.32,11.325,1000,2021-12-03 19:57:00,GSKY
11.32,11.32,11.31,11.31,1324,2021-12-03 19:58:00,GSKY
11.31,11.31,11.3,11.3,600,2021-12-03 19:59:00,GSKY
11.3,11.3,11.29,11.29,500,2021-12-03 20:00:00,GSKY
11.285,11.285,11.28,11.285,737,2021-12-03 20:01:00,GSKY
11.285,11.285,11.275,11.275,1478,2021-12-03 20:02:00,GSKY
11.28,11.3,11.275,11.3,34163,2021-12-03 20:03:00,GSKY
11.3,11.305,11.3,11.305,1900,2021-12-03 20:04:00,GSKY
11.3,11.3,11.3,11.3,1314,2021-12-03 20:05:00,GSKY
11.3,11.31,11.3,11.31,2502,2021-12-03 20:06:00,GSKY
11.31,11.32,11.305,11.32,2676,2021-12-03 20:07:00,GSKY
11.31,11.31,11.295,11.295,2116,2021-12-03 20:08:00,GSKY
11.29,11.29,11.275,11.28,1383,2021-12-03 20:09:00,GSKY
11.29,11.29,11.285,11.29,900,2021-12-03 20:10:00,GSKY
11.29,11.29,11.29,11.29,916,2021-12-03 20:11:00,GSKY
11.29,11.3,11.29,11.3,1166,2021-12-03 20:12:00,GSKY
11.3,11.31,11.3,11.31,4294,2021-12-03 20:13:00,GSKY
11.315,11.32,11.315,11.32,400,2021-12-03 20:14:00,GSKY
11.32,11.33,11.32,11.32,2809,2021-12-03 20:15:00,GSKY
11.32,11.32,11.32,11.32,386,2021-12-03 20:16:00,GSKY
11.315,11.315,11.315,11.315,586,2021-12-03 20:17:00,GSKY
11.315,11.315,11.31,11.31,500,2021-12-03 20:18:00,GSKY
11.32,11.32,11.31,11.31,539,2021-12-03 20:19:00,GSKY
11.315,11.33,11.315,11.325,34773,2021-12-03 20:20:00,GSKY
11.33,11.35,11.325,11.34,9154,2021-12-03 20:21:00,GSKY
11.345,11.35,11.345,11.345,1573,2021-12-03 20:22:00,GSKY
11.36,11.36,11.345,11.345,1418,2021-12-03 20:23:00,GSKY
11.345,11.35,11.34,11.35,717,2021-12-03 20:24:00,GSKY
11.35,11.37,11.35,11.36,3662,2021-12-03 20:25:00,GSKY
11.36,11.37,11.36,11.37,1081,2021-12-03 20:26:00,GSKY
11.37,11.37,11.37,11.37,957,2021-12-03 20:27:00,GSKY
11.37,11.37,11.36,11.36,1326,2021-12-03 20:29:00,GSKY
11.36,11.37,11.36,11.37,2479,2021-12-03 20:30:00,GSKY
11.38,11.4,11.38,11.4,2160,2021-12-03 20:31:00,GSKY
11.395,11.395,11.395,11.395,200,2021-12-03 20:32:00,GSKY
11.395,11.395,11.395,11.395,100,2021-12-03 20:33:00,GSKY
11.395,11.395,11.39,11.395,2313,2021-12-03 20:34:00,GSKY
11.4,11.4,11.38,11.38,1760,2021-12-03 20:35:00,GSKY
11.38,11.38,11.365,11.365,3136,2021-12-03 20:36:00,GSKY
11.365,11.365,11.36,11.36,509,2021-12-03 20:37:00,GSKY
11.35,11.36,11.35,11.35,1727,2021-12-03 20:38:00,GSKY
11.34,11.35,11.34,11.35,800,2021-12-03 20:39:00,GSKY
11.345,11.35,11.33,11.33,9030,2021-12-03 20:40:00,GSKY
11.33,11.34,11.315,11.315,3548,2021-12-03 20:41:00,GSKY
11.32,11.32,11.31,11.31,1174,2021-12-03 20:42:00,GSKY
11.31,11.32,11.3,11.32,19179,2021-12-03 20:43:00,GSKY
11.32,11.32,11.31,11.31,7173,2021-12-03 20:44:00,GSKY
11.31,11.31,11.295,11.305,11803,2021-12-03 20:45:00,GSKY
11.31,11.315,11.3,11.3,6772,2021-12-03 20:46:00,GSKY
11.3,11.3,11.285,11.285,5417,2021-12-03 20:47:00,GSKY
11.29,11.3,11.285,11.295,7059,2021-12-03 20:48:00,GSKY
11.3,11.32,11.295,11.31,16300,2021-12-03 20:49:00,GSKY
11.31,11.33,11.3,11.33,38761,2021-12-03 20:50:00,GSKY
11.33,11.35,11.33,11.35,9292,2021-12-03 20:51:00,GSKY
11.345,11.36,11.32,11.36,17946,2021-12-03 20:52:00,GSKY
11.36,11.39,11.36,11.385,6201,2021-12-03 20:53:00,GSKY
11.38,11.39,11.38,11.38,3205,2021-12-03 20:54:00,GSKY
11.385,11.405,11.385,11.4,7715,2021-12-03 20:55:00,GSKY
11.4,11.42,11.4,11.415,3514,2021-12-03 20:56:00,GSKY
11.42,11.42,11.395,11.41,10598,2021-12-03 20:57:00,GSKY
11.41,11.42,11.41,11.415,5563,2021-12-03 20:58:00,GSKY
11.41,11.42,11.4,11.4,6511,2021-12-03 20:59:00,GSKY
11.4,11.4,11.4,11.4,129318,2021-12-03 21:00:00,GSKY
11.5,11.5,11.5,11.5,147,2021-12-06 12:03:00,GSKY
11.5,11.5,11.5,11.5,200,2021-12-06 12:21:00,GSKY
11.54,11.56,11.53,11.53,3630,2021-12-06 14:30:00,GSKY
11.55,11.55,11.49,11.49,8871,2021-12-06 14:31:00,GSKY
11.51,11.52,11.5,11.5,3958,2021-12-06 14:32:00,GSKY
11.495,11.52,11.495,11.51,6175,2021-12-06 14:33:00,GSKY
11.5,11.51,11.4606,11.5,5646,2021-12-06 14:34:00,GSKY
11.47,11.48,11.45,11.45,1153,2021-12-06 14:35:00,GSKY
11.48,11.5,11.48,11.48,4560,2021-12-06 14:36:00,GSKY
11.47,11.492,11.46,11.46,5690,2021-12-06 14:37:00,GSKY
11.45,11.45,11.45,11.45,100,2021-12-06 14:38:00,GSKY
11.47,11.47,11.45,11.45,2114,2021-12-06 14:39:00,GSKY
11.45,11.46,11.45,11.45,1200,2021-12-06 14:40:00,GSKY
11.455,11.47,11.45,11.47,1400,2021-12-06 14:41:00,GSKY
11.47,11.5,11.46,11.5,1048,2021-12-06 14:42:00,GSKY
11.505,11.52,11.505,11.52,4790,2021-12-06 14:43:00,GSKY
11.52,11.53,11.52,11.52,2255,2021-12-06 14:44:00,GSKY
11.52,11.53,11.51,11.53,1200,2021-12-06 14:45:00,GSKY
11.53,11.55,11.52,11.54,3098,2021-12-06 14:46:00,GSKY
11.54,11.54,11.54,11.54,755,2021-12-06 14:47:00,GSKY
11.52,11.52,11.5,11.51,8160,2021-12-06 14:48:00,GSKY
11.51,11.51,11.5,11.5,631,2021-12-06 14:49:00,GSKY
11.5,11.52,11.5,11.52,3385,2021-12-06 14:50:00,GSKY
11.53,11.53,11.52,11.52,1377,2021-12-06 14:51:00,GSKY
11.53,11.53,11.53,11.53,200,2021-12-06 14:52:00,GSKY
11.53,11.53,11.51,11.51,969,2021-12-06 14:53:00,GSKY
11.52,11.52,11.51,11.51,500,2021-12-06 14:54:00,GSKY
11.51,11.51,11.49,11.51,700,2021-12-06 14:55:00,GSKY
11.53,11.53,11.53,11.53,200,2021-12-06 14:56:00,GSKY
11.54,11.545,11.54,11.545,800,2021-12-06 14:57:00,GSKY
11.55,11.555,11.55,11.555,2500,2021-12-06 14:58:00,GSKY
11.555,11.56,11.54,11.56,2566,2021-12-06 14:59:00,GSKY
11.565,11.57,11.555,11.56,4954,2021-12-06 15:00:00,GSKY
11.56,11.57,11.54,11.54,2676,2021-12-06 15:01:00,GSKY
11.54,11.55,11.52,11.525,5093,2021-12-06 15:02:00,GSKY
11.53,11.53,11.53,11.53,353,2021-12-06 15:03:00,GSKY
11.535,11.535,11.53,11.53,645,2021-12-06 15:04:00,GSKY
11.53,11.53,11.52,11.52,300,2021-12-06 15:05:00,GSKY
11.515,11.515,11.515,11.515,101,2021-12-06 15:06:00,GSKY
11.5,11.53,11.49,11.53,1154,2021-12-06 15:07:00,GSKY
11.53,11.53,11.5274,11.53,400,2021-12-06 15:08:00,GSKY
11.53,11.54,11.53,11.54,810,2021-12-06 15:09:00,GSKY
11.55,11.555,11.55,11.555,400,2021-12-06 15:10:00,GSKY
11.555,11.56,11.555,11.56,298,2021-12-06 15:11:00,GSKY
11.56,11.56,11.56,11.56,1000,2021-12-06 15:12:00,GSKY
11.57,11.575,11.57,11.575,1200,2021-12-06 15:13:00,GSKY
11.57,11.57,11.57,11.57,894,2021-12-06 15:14:00,GSKY
11.57,11.58,11.57,11.58,900,2021-12-06 15:15:00,GSKY
11.58,11.58,11.58,11.58,1271,2021-12-06 15:16:00,GSKY
11.58,11.58,11.57,11.57,810,2021-12-06 15:17:00,GSKY
11.57,11.57,11.57,11.57,555,2021-12-06 15:18:00,GSKY
11.57,11.57,11.57,11.57,961,2021-12-06 15:19:00,GSKY
11.58,11.58,11.58,11.58,361,2021-12-06 15:20:00,GSKY
11.57,11.575,11.57,11.57,600,2021-12-06 15:21:00,GSKY
11.57,11.57,11.57,11.57,302,2021-12-06 15:22:00,GSKY
11.56,11.565,11.55,11.56,4873,2021-12-06 15:23:00,GSKY
11.55,11.56,11.55,11.56,600,2021-12-06 15:24:00,GSKY
11.55,11.56,11.55,11.56,1100,2021-12-06 15:25:00,GSKY
11.56,11.57,11.555,11.555,1985,2021-12-06 15:26:00,GSKY
11.56,11.56,11.56,11.56,680,2021-12-06 15:27:00,GSKY
11.55,11.56,11.55,11.56,500,2021-12-06 15:28:00,GSKY
11.56,11.57,11.56,11.57,1000,2021-12-06 15:29:00,GSKY
11.56,11.56,11.55,11.55,648,2021-12-06 15:30:00,GSKY
11.56,11.58,11.56,11.57,2733,2021-12-06 15:31:00,GSKY
11.58,11.58,11.58,11.58,1652,2021-12-06 15:32:00,GSKY
11.58,11.58,11.56,11.58,2823,2021-12-06 15:33:00,GSKY
11.59,11.59,11.59,11.59,600,2021-12-06 15:34:00,GSKY
11.585,11.585,11.55,11.555,18638,2021-12-06 15:35:00,GSKY
11.555,11.575,11.555,11.565,32676,2021-12-06 15:36:00,GSKY
11.57,11.59,11.55,11.56,93233,2021-12-06 15:37:00,GSKY
11.565,11.58,11.54,11.575,91048,2021-12-06 15:38:00,GSKY
11.575,11.58,11.55,11.565,76048,2021-12-06 15:39:00,GSKY
11.565,11.575,11.565,11.575,13626,2021-12-06 15:40:00,GSKY
11.58,11.58,11.55,11.55,28065,2021-12-06 15:41:00,GSKY
11.57,11.58,11.55,11.56,62979,2021-12-06 15:42:00,GSKY
11.565,11.57,11.545,11.555,11467,2021-12-06 15:43:00,GSKY
11.55,11.58,11.55,11.57,36994,2021-12-06 15:44:00,GSKY
11.57,11.575,11.56,11.57,65926,2021-12-06 15:45:00,GSKY
11.57,11.59,11.56,11.58,98150,2021-12-06 15:46:00,GSKY
11.58,11.595,11.57,11.595,24378,2021-12-06 15:47:00,GSKY
11.59,11.595,11.59,11.59,300,2021-12-06 15:48:00,GSKY
11.59,11.6,11.59,11.6,3632,2021-12-06 15:49:00,GSKY
11.6,11.6,11.58,11.58,2814,2021-12-06 15:50:00,GSKY
11.58,11.605,11.58,11.595,82025,2021-12-06 15:51:00,GSKY
11.6,11.6,11.595,11.6,12820,2021-12-06 15:52:00,GSKY
11.595,11.61,11.595,11.6,57947,2021-12-06 15:53:00,GSKY
11.6,11.62,11.595,11.615,169989,2021-12-06 15:54:00,GSKY
11.625,11.625,11.605,11.62,51880,2021-12-06 15:55:00,GSKY
11.63,11.63,11.605,11.62,37241,2021-12-06 15:56:00,GSKY
11.6227,11.64,11.6227,11.635,8695,2021-12-06 15:57:00,GSKY
11.634,11.635,11.63,11.63,1300,2021-12-06 15:58:00,GSKY
11.64,11.665,11.64,11.665,3434,2021-12-06 15:59:00,GSKY
11.66,11.665,11.64,11.64,2101,2021-12-06 16:00:00,GSKY
11.635,11.635,11.635,11.635,300,2021-12-06 16:01:00,GSKY
11.64,11.6476,11.64,11.6476,2279,2021-12-06 16:02:00,GSKY
11.64,11.64,11.625,11.64,9404,2021-12-06 16:03:00,GSKY
11.65,11.6506,11.64,11.64,6208,2021-12-06 16:04:00,GSKY
11.64,11.65,11.635,11.65,923,2021-12-06 16:05:00,GSKY
11.64,11.64,11.63,11.63,200,2021-12-06 16:06:00,GSKY
11.629,11.629,11.61,11.61,2099,2021-12-06 16:07:00,GSKY
11.62,11.62,11.62,11.62,611,2021-12-06 16:09:00,GSKY
11.62,11.62,11.62,11.62,921,2021-12-06 16:10:00,GSKY
11.61,11.61,11.58,11.605,11450,2021-12-06 16:11:00,GSKY
11.61,11.61,11.6,11.6,954,2021-12-06 16:13:00,GSKY
11.6,11.62,11.6,11.6,9892,2021-12-06 16:14:00,GSKY
11.59,11.61,11.59,11.61,892,2021-12-06 16:15:00,GSKY
11.625,11.625,11.625,11.625,190,2021-12-06 16:17:00,GSKY
11.63,11.63,11.63,11.63,500,2021-12-06 16:18:00,GSKY
11.64,11.645,11.64,11.64,800,2021-12-06 16:20:00,GSKY
11.64,11.64,11.63,11.635,742,2021-12-06 16:21:00,GSKY
11.64,11.64,11.63,11.63,1162,2021-12-06 16:22:00,GSKY
11.62,11.62,11.62,11.62,1800,2021-12-06 16:23:00,GSKY
11.63,11.63,11.63,11.63,1000,2021-12-06 16:25:00,GSKY
11.63,11.63,11.63,11.63,100,2021-12-06 16:26:00,GSKY
11.625,11.625,11.625,11.625,200,2021-12-06 16:27:00,GSKY
11.62,11.62,11.62,11.62,200,2021-12-06 16:28:00,GSKY
11.625,11.625,11.625,11.625,122,2021-12-06 16:29:00,GSKY
11.625,11.64,11.625,11.64,1048,2021-12-06 16:30:00,GSKY
11.635,11.635,11.61,11.62,1880,2021-12-06 16:31:00,GSKY
11.62,11.62,11.61,11.61,800,2021-12-06 16:32:00,GSKY
11.61,11.62,11.61,11.62,1600,2021-12-06 16:33:00,GSKY
11.63,11.63,11.62,11.62,1915,2021-12-06 16:34:00,GSKY
11.63,11.63,11.63,11.63,300,2021-12-06 16:37:00,GSKY
11.63,11.63,11.63,11.63,600,2021-12-06 16:38:00,GSKY
11.635,11.635,11.63,11.63,973,2021-12-06 16:39:00,GSKY
11.62,11.62,11.62,11.62,200,2021-12-06 16:41:00,GSKY
11.62,11.62,11.62,11.62,100,2021-12-06 16:42:00,GSKY
11.61,11.62,11.61,11.62,1186,2021-12-06 16:43:00,GSKY
11.625,11.625,11.61,11.61,3404,2021-12-06 16:46:00,GSKY
11.61,11.61,11.6,11.6,200,2021-12-06 16:47:00,GSKY
11.6,11.6,11.58,11.58,2200,2021-12-06 16:49:00,GSKY
11.58,11.585,11.58,11.585,431,2021-12-06 16:50:00,GSKY
11.59,11.59,11.59,11.59,100,2021-12-06 16:51:00,GSKY
11.58,11.585,11.58,11.585,400,2021-12-06 16:52:00,GSKY
11.59,11.59,11.59,11.59,100,2021-12-06 16:54:00,GSKY
11.59,11.59,11.59,11.59,642,2021-12-06 16:55:00,GSKY
11.59,11.59,11.59,11.59,700,2021-12-06 16:56:00,GSKY
11.585,11.585,11.585,11.585,200,2021-12-06 16:57:00,GSKY
11.59,11.61,11.59,11.61,600,2021-12-06 16:58:00,GSKY
11.61,11.61,11.61,11.61,400,2021-12-06 16:59:00,GSKY
11.61,11.61,11.61,11.61,600,2021-12-06 17:00:00,GSKY
11.61,11.61,11.61,11.61,100,2021-12-06 17:01:00,GSKY
11.62,11.62,11.62,11.62,100,2021-12-06 17:02:00,GSKY
11.62,11.62,11.62,11.62,100,2021-12-06 17:05:00,GSKY
11.62,11.62,11.61,11.61,743,2021-12-06 17:06:00,GSKY
11.61,11.61,11.61,11.61,1148,2021-12-06 17:08:00,GSKY
11.62,11.62,11.62,11.62,700,2021-12-06 17:09:00,GSKY
11.62,11.62,11.615,11.615,488,2021-12-06 17:10:00,GSKY
11.62,11.635,11.62,11.635,300,2021-12-06 17:11:00,GSKY
11.64,11.64,11.63,11.63,972,2021-12-06 17:12:00,GSKY
11.63,11.63,11.63,11.63,100,2021-12-06 17:13:00,GSKY
11.62,11.62,11.615,11.615,300,2021-12-06 17:14:00,GSKY
11.6,11.62,11.6,11.62,1000,2021-12-06 17:15:00,GSKY
11.62,11.62,11.62,11.62,400,2021-12-06 17:16:00,GSKY
11.62,11.62,11.62,11.62,500,2021-12-06 17:17:00,GSKY
11.63,11.63,11.63,11.63,133,2021-12-06 17:18:00,GSKY
11.63,11.63,11.63,11.63,323,2021-12-06 17:19:00,GSKY
11.63,11.63,11.63,11.63,805,2021-12-06 17:21:00,GSKY
11.63,11.63,11.63,11.63,300,2021-12-06 17:22:00,GSKY
11.63,11.63,11.63,11.63,100,2021-12-06 17:23:00,GSKY
11.63,11.63,11.63,11.63,100,2021-12-06 17:24:00,GSKY
11.64,11.64,11.64,11.64,300,2021-12-06 17:25:00,GSKY
11.63,11.63,11.63,11.63,400,2021-12-06 17:27:00,GSKY
11.64,11.64,11.64,11.64,546,2021-12-06 17:28:00,GSKY
11.64,11.64,11.63,11.64,4626,2021-12-06 17:30:00,GSKY
11.645,11.645,11.645,11.645,100,2021-12-06 17:33:00,GSKY
11.645,11.645,11.64,11.6402,408,2021-12-06 17:34:00,GSKY
11.64,11.64,11.63,11.63,269,2021-12-06 17:35:00,GSKY
11.63,11.63,11.625,11.63,1000,2021-12-06 17:36:00,GSKY
11.63,11.63,11.63,11.63,600,2021-12-06 17:37:00,GSKY
11.63,11.63,11.63,11.63,200,2021-12-06 17:38:00,GSKY
11.6336,11.6336,11.6336,11.6336,100,2021-12-06 17:39:00,GSKY
11.64,11.64,11.64,11.64,300,2021-12-06 17:41:00,GSKY
11.63,11.63,11.63,11.63,995,2021-12-06 17:43:00,GSKY
11.63,11.64,11.63,11.63,15298,2021-12-06 17:44:00,GSKY
11.63,11.63,11.63,11.63,200,2021-12-06 17:45:00,GSKY
11.635,11.64,11.635,11.64,11003,2021-12-06 17:46:00,GSKY
11.64,11.65,11.64,11.65,10300,2021-12-06 17:47:00,GSKY
11.65,11.66,11.65,11.66,9700,2021-12-06 17:48:00,GSKY
11.66,11.66,11.655,11.66,800,2021-12-06 17:49:00,GSKY
11.65,11.66,11.65,11.655,3100,2021-12-06 17:50:00,GSKY
11.65,11.65,11.64,11.64,1362,2021-12-06 17:51:00,GSKY
11.64,11.645,11.64,11.645,1300,2021-12-06 17:52:00,GSKY
11.64,11.64,11.63,11.64,700,2021-12-06 17:53:00,GSKY
11.64,11.64,11.625,11.63,658,2021-12-06 17:54:00,GSKY
11.64,11.645,11.64,11.645,1000,2021-12-06 17:55:00,GSKY
11.645,11.645,11.645,11.645,136,2021-12-06 17:57:00,GSKY
11.65,11.65,11.65,11.65,100,2021-12-06 17:58:00,GSKY
11.64,11.64,11.64,11.64,100,2021-12-06 18:00:00,GSKY
11.645,11.645,11.645,11.645,149,2021-12-06 18:01:00,GSKY
11.64,11.645,11.635,11.645,500,2021-12-06 18:02:00,GSKY
11.65,11.655,11.65,11.655,300,2021-12-06 18:03:00,GSKY
11.67,11.675,11.67,11.675,1700,2021-12-06 18:06:00,GSKY
11.676,11.68,11.67,11.67,1587,2021-12-06 18:07:00,GSKY
11.68,11.68,11.68,11.68,1154,2021-12-06 18:10:00,GSKY
11.68,11.685,11.67,11.67,3144,2021-12-06 18:12:00,GSKY
11.67,11.67,11.67,11.67,300,2021-12-06 18:13:00,GSKY
11.67,11.67,11.67,11.67,517,2021-12-06 18:14:00,GSKY
11.67,11.68,11.67,11.675,800,2021-12-06 18:15:00,GSKY
11.67,11.675,11.67,11.675,453,2021-12-06 18:21:00,GSKY
11.66,11.67,11.66,11.67,200,2021-12-06 18:23:00,GSKY
11.66,11.66,11.66,11.66,100,2021-12-06 18:24:00,GSKY
11.67,11.69,11.67,11.69,2700,2021-12-06 18:25:00,GSKY
11.685,11.7,11.685,11.7,3209,2021-12-06 18:26:00,GSKY
11.695,11.7,11.695,11.7,220,2021-12-06 18:27:00,GSKY
11.69,11.69,11.69,11.69,746,2021-12-06 18:28:00,GSKY
11.685,11.685,11.685,11.685,100,2021-12-06 18:29:00,GSKY
11.68,11.68,11.68,11.68,1100,2021-12-06 18:30:00,GSKY
11.68,11.68,11.68,11.68,700,2021-12-06 18:31:00,GSKY
11.68,11.68,11.68,11.68,1300,2021-12-06 18:32:00,GSKY
11.68,11.69,11.68,11.69,400,2021-12-06 18:33:00,GSKY
11.68,11.68,11.68,11.68,100,2021-12-06 18:34:00,GSKY
11.69,11.695,11.69,11.69,1400,2021-12-06 18:36:00,GSKY
11.68,11.68,11.68,11.68,100,2021-12-06 18:37:00,GSKY
11.68,11.68,11.68,11.68,100,2021-12-06 18:38:00,GSKY
11.69,11.695,11.69,11.695,300,2021-12-06 18:40:00,GSKY
11.7,11.71,11.7,11.71,10554,2021-12-06 18:41:00,GSKY
11.705,11.705,11.7,11.705,1500,2021-12-06 18:42:00,GSKY
11.7,11.7,11.7,11.7,356,2021-12-06 18:43:00,GSKY
11.7,11.71,11.69,11.71,18340,2021-12-06 18:44:00,GSKY
11.71,11.72,11.71,11.72,4333,2021-12-06 18:45:00,GSKY
11.72,11.72,11.72,11.72,3508,2021-12-06 18:46:00,GSKY
11.72,11.73,11.72,11.73,6611,2021-12-06 18:48:00,GSKY
11.73,11.73,11.73,11.73,12398,2021-12-06 18:49:00,GSKY
11.72,11.72,11.72,11.72,200,2021-12-06 18:50:00,GSKY
11.725,11.725,11.72,11.72,700,2021-12-06 18:51:00,GSKY
11.725,11.725,11.725,11.725,100,2021-12-06 18:52:00,GSKY
11.72,11.72,11.71,11.71,1782,2021-12-06 18:53:00,GSKY
11.72,11.72,11.72,11.72,1400,2021-12-06 18:55:00,GSKY
11.71,11.71,11.71,11.71,100,2021-12-06 18:56:00,GSKY
11.71,11.71,11.71,11.71,500,2021-12-06 18:57:00,GSKY
11.71,11.71,11.7,11.705,2936,2021-12-06 18:58:00,GSKY
11.71,11.71,11.705,11.71,789,2021-12-06 18:59:00,GSKY
11.71,11.715,11.705,11.715,1998,2021-12-06 19:00:00,GSKY
11.72,11.72,11.72,11.72,577,2021-12-06 19:02:00,GSKY
11.73,11.73,11.73,11.73,100,2021-12-06 19:03:00,GSKY
11.72,11.72,11.72,11.72,1301,2021-12-06 19:04:00,GSKY
11.71,11.71,11.69,11.7,3305,2021-12-06 19:05:00,GSKY
11.7,11.7,11.7,11.7,300,2021-12-06 19:06:00,GSKY
11.69,11.69,11.69,11.69,1219,2021-12-06 19:07:00,GSKY
11.69,11.7,11.69,11.695,3729,2021-12-06 19:08:00,GSKY
11.6905,11.6905,11.6905,11.6905,400,2021-12-06 19:09:00,GSKY
11.695,11.695,11.695,11.695,100,2021-12-06 19:10:00,GSKY
11.7,11.7,11.69,11.69,725,2021-12-06 19:11:00,GSKY
11.7,11.7,11.7,11.7,100,2021-12-06 19:15:00,GSKY
11.695,11.695,11.69,11.69,1085,2021-12-06 19:16:00,GSKY
11.695,11.695,11.68,11.685,2479,2021-12-06 19:17:00,GSKY
11.68,11.68,11.67,11.67,300,2021-12-06 19:18:00,GSKY
11.67,11.67,11.67,11.67,500,2021-12-06 19:19:00,GSKY
11.675,11.675,11.675,11.675,107,2021-12-06 19:21:00,GSKY
11.67,11.67,11.67,11.67,100,2021-12-06 19:22:00,GSKY
11.675,11.675,11.675,11.675,100,2021-12-06 19:23:00,GSKY
11.67,11.67,11.67,11.67,420,2021-12-06 19:24:00,GSKY
11.67,11.67,11.67,11.67,100,2021-12-06 19:25:00,GSKY
11.67,11.675,11.67,11.675,617,2021-12-06 19:26:00,GSKY
11.675,11.675,11.675,11.675,100,2021-12-06 19:27:00,GSKY
11.68,11.68,11.67,11.675,396,2021-12-06 19:28:00,GSKY
11.67,11.67,11.67,11.67,451,2021-12-06 19:29:00,GSKY
11.675,11.68,11.67,11.67,5924,2021-12-06 19:30:00,GSKY
11.66,11.66,11.66,11.66,400,2021-12-06 19:31:00,GSKY
11.65,11.65,11.65,11.65,200,2021-12-06 19:32:00,GSKY
11.66,11.66,11.66,11.66,3072,2021-12-06 19:33:00,GSKY
11.665,11.67,11.665,11.67,600,2021-12-06 19:35:00,GSKY
11.67,11.67,11.67,11.67,1915,2021-12-06 19:36:00,GSKY
11.675,11.675,11.67,11.67,3078,2021-12-06 19:37:00,GSKY
11.66,11.67,11.66,11.67,300,2021-12-06 19:40:00,GSKY
11.66,11.66,11.65,11.65,8003,2021-12-06 19:41:00,GSKY
11.645,11.645,11.645,11.645,150,2021-12-06 19:42:00,GSKY
11.65,11.65,11.64,11.64,300,2021-12-06 19:43:00,GSKY
11.6417,11.6417,11.64,11.64,200,2021-12-06 19:44:00,GSKY
11.645,11.65,11.645,11.65,1003,2021-12-06 19:45:00,GSKY
11.64,11.645,11.635,11.635,760,2021-12-06 19:46:00,GSKY
11.63,11.63,11.63,11.63,100,2021-12-06 19:47:00,GSKY
11.63,11.63,11.62,11.62,600,2021-12-06 19:48:00,GSKY
11.63,11.635,11.63,11.635,689,2021-12-06 19:49:00,GSKY
11.63,11.63,11.615,11.615,1215,2021-12-06 19:50:00,GSKY
11.61,11.61,11.61,11.61,100,2021-12-06 19:51:00,GSKY
11.61,11.61,11.61,11.61,100,2021-12-06 19:53:00,GSKY
11.61,11.61,11.61,11.61,300,2021-12-06 19:54:00,GSKY
11.62,11.62,11.615,11.615,200,2021-12-06 19:56:00,GSKY
11.615,11.615,11.615,11.615,100,2021-12-06 19:57:00,GSKY
11.615,11.615,11.61,11.61,1461,2021-12-06 19:58:00,GSKY
11.6,11.61,11.595,11.61,1200,2021-12-06 19:59:00,GSKY
11.61,11.62,11.61,11.62,600,2021-12-06 20:00:00,GSKY
11.615,11.62,11.615,11.62,600,2021-12-06 20:02:00,GSKY
11.62,11.62,11.61,11.61,300,2021-12-06 20:03:00,GSKY
11.615,11.615,11.6,11.6,1108,2021-12-06 20:04:00,GSKY
11.6,11.6,11.6,11.6,601,2021-12-06 20:05:00,GSKY
11.605,11.605,11.605,11.605,100,2021-12-06 20:06:00,GSKY
11.61,11.615,11.61,11.615,400,2021-12-06 20:07:00,GSKY
11.62,11.62,11.62,11.62,500,2021-12-06 20:08:00,GSKY
11.62,11.625,11.62,11.625,200,2021-12-06 20:09:00,GSKY
11.625,11.625,11.615,11.62,1596,2021-12-06 20:10:00,GSKY
11.625,11.625,11.62,11.62,623,2021-12-06 20:11:00,GSKY
11.61,11.61,11.61,11.61,200,2021-12-06 20:12:00,GSKY
11.62,11.62,11.62,11.62,687,2021-12-06 20:14:00,GSKY
11.615,11.62,11.615,11.62,454,2021-12-06 20:15:00,GSKY
11.62,11.625,11.62,11.62,1922,2021-12-06 20:16:00,GSKY
11.619,11.62,11.619,11.62,1190,2021-12-06 20:17:00,GSKY
11.63,11.63,11.63,11.63,100,2021-12-06 20:19:00,GSKY
11.625,11.625,11.625,11.625,100,2021-12-06 20:20:00,GSKY
11.62,11.62,11.62,11.62,573,2021-12-06 20:21:00,GSKY
11.61,11.61,11.61,11.61,100,2021-12-06 20:22:00,GSKY
11.615,11.62,11.615,11.62,7870,2021-12-06 20:23:00,GSKY
11.62,11.62,11.605,11.605,4151,2021-12-06 20:24:00,GSKY
11.6,11.61,11.6,11.61,3152,2021-12-06 20:25:00,GSKY
11.61,11.61,11.6,11.6,10200,2021-12-06 20:26:00,GSKY
11.605,11.605,11.6,11.605,379,2021-12-06 20:27:00,GSKY
11.61,11.615,11.61,11.615,2441,2021-12-06 20:29:00,GSKY
11.62,11.62,11.615,11.615,462,2021-12-06 20:30:00,GSKY
11.61,11.61,11.605,11.605,633,2021-12-06 20:31:00,GSKY
11.6001,11.6001,11.5871,11.5871,5900,2021-12-06 20:32:00,GSKY
11.585,11.6,11.585,11.6,1534,2021-12-06 20:33:00,GSKY
11.6,11.6,11.6,11.6,300,2021-12-06 20:34:00,GSKY
11.595,11.595,11.595,11.595,200,2021-12-06 20:35:00,GSKY
11.6,11.6,11.6,11.6,200,2021-12-06 20:36:00,GSKY
11.59,11.59,11.59,11.59,200,2021-12-06 20:37:00,GSKY
11.595,11.6,11.595,11.6,400,2021-12-06 20:38:00,GSKY
11.6,11.615,11.6,11.615,1537,2021-12-06 20:39:00,GSKY
11.61,11.61,11.6,11.6,2980,2021-12-06 20:40:00,GSKY
11.595,11.595,11.595,11.595,200,2021-12-06 20:41:00,GSKY
11.6,11.6,11.6,11.6,100,2021-12-06 20:42:00,GSKY
11.6,11.6,11.595,11.595,200,2021-12-06 20:43:00,GSKY
11.595,11.605,11.595,11.605,2305,2021-12-06 20:44:00,GSKY
11.605,11.61,11.6,11.6,3222,2021-12-06 20:45:00,GSKY
11.59,11.59,11.59,11.59,200,2021-12-06 20:46:00,GSKY
11.58,11.58,11.58,11.58,100,2021-12-06 20:47:00,GSKY
11.585,11.595,11.585,11.595,2187,2021-12-06 20:48:00,GSKY
11.595,11.6,11.595,11.6,507,2021-12-06 20:49:00,GSKY
11.6,11.61,11.595,11.6,19885,2021-12-06 20:50:00,GSKY
11.59,11.59,11.59,11.59,100,2021-12-06 20:51:00,GSKY
11.59,11.6,11.59,11.595,2057,2021-12-06 20:52:00,GSKY
11.595,11.615,11.595,11.61,3659,2021-12-06 20:53:00,GSKY
11.615,11.64,11.61,11.63,32166,2021-12-06 20:54:00,GSKY
11.63,11.64,11.61,11.61,10547,2021-12-06 20:55:00,GSKY
11.61,11.61,11.61,11.61,3429,2021-12-06 20:56:00,GSKY
11.62,11.62,11.61,11.615,2747,2021-12-06 20:57:00,GSKY
11.61,11.62,11.61,11.615,1975,2021-12-06 20:58:00,GSKY
11.615,11.63,11.61,11.63,23945,2021-12-06 20:59:00,GSKY
11.63,11.64,11.63,11.64,182067,2021-12-06 21:00:00,GSKY
11.64,11.64,11.64,11.64,2733,2021-12-06 21:01:00,GSKY
11.78,11.78,11.75,11.77,2980,2021-12-07 14:30:00,GSKY
11.77,11.81,11.76,11.81,3165,2021-12-07 14:31:00,GSKY
11.88,11.88,11.87,11.88,3061,2021-12-07 14:32:00,GSKY
11.875,11.92,11.87,11.87,3247,2021-12-07 14:33:00,GSKY
11.86,11.88,11.85,11.85,1682,2021-12-07 14:34:00,GSKY
11.88,11.91,11.88,11.91,600,2021-12-07 14:35:00,GSKY
11.89,11.89,11.88,11.88,300,2021-12-07 14:36:00,GSKY
11.895,11.895,11.895,11.895,100,2021-12-07 14:37:00,GSKY
11.93,11.93,11.9,11.9,714,2021-12-07 14:38:00,GSKY
11.9,11.91,11.9,11.91,3140,2021-12-07 14:39:00,GSKY
11.92,11.93,11.9,11.9,2831,2021-12-07 14:40:00,GSKY
11.9,11.9,11.88,11.88,4047,2021-12-07 14:41:00,GSKY
11.89,11.92,11.89,11.91,4541,2021-12-07 14:42:00,GSKY
11.92,11.95,11.92,11.93,4828,2021-12-07 14:43:00,GSKY
11.93,11.93,11.925,11.925,400,2021-12-07 14:44:00,GSKY
11.94,11.94,11.93,11.93,500,2021-12-07 14:45:00,GSKY
11.93,11.93,11.92,11.93,2205,2021-12-07 14:46:00,GSKY
11.93,11.94,11.93,11.93,5247,2021-12-07 14:47:00,GSKY
11.92,11.92,11.915,11.92,1370,2021-12-07 14:48:00,GSKY
11.91,11.92,11.905,11.92,2470,2021-12-07 14:49:00,GSKY
11.92,11.92,11.9,11.9,1782,2021-12-07 14:50:00,GSKY
11.89,11.89,11.87,11.88,2421,2021-12-07 14:51:00,GSKY
11.89,11.91,11.89,11.91,2500,2021-12-07 14:52:00,GSKY
11.9,11.9,11.9,11.9,751,2021-12-07 14:53:00,GSKY
11.9,11.9,11.88,11.88,1600,2021-12-07 14:54:00,GSKY
11.88,11.88,11.88,11.88,2010,2021-12-07 14:55:00,GSKY
11.89,11.9,11.89,11.89,11913,2021-12-07 14:56:00,GSKY
11.89,11.89,11.88,11.89,2977,2021-12-07 14:57:00,GSKY
11.9,11.92,11.9,11.915,2620,2021-12-07 14:58:00,GSKY
11.915,11.93,11.915,11.92,15553,2021-12-07 14:59:00,GSKY
11.93,11.94,11.91,11.91,5713,2021-12-07 15:00:00,GSKY
11.905,11.91,11.89,11.895,900,2021-12-07 15:01:00,GSKY
11.89,11.89,11.88,11.88,300,2021-12-07 15:02:00,GSKY
11.89,11.89,11.88,11.88,2129,2021-12-07 15:03:00,GSKY
11.89,11.89,11.88,11.88,1518,2021-12-07 15:04:00,GSKY
11.89,11.89,11.88,11.88,2301,2021-12-07 15:05:00,GSKY
11.92,11.92,11.92,11.92,300,2021-12-07 15:07:00,GSKY
11.92,11.9208,11.92,11.9208,1046,2021-12-07 15:08:00,GSKY
11.925,11.93,11.92,11.92,966,2021-12-07 15:09:00,GSKY
11.92,11.92,11.91,11.91,664,2021-12-07 15:10:00,GSKY
11.91,11.93,11.91,11.93,2075,2021-12-07 15:11:00,GSKY
11.94,11.94,11.94,11.94,100,2021-12-07 15:12:00,GSKY
11.94,11.94,11.93,11.93,3137,2021-12-07 15:13:00,GSKY
11.95,11.96,11.945,11.96,2388,2021-12-07 15:14:00,GSKY
11.95,11.955,11.95,11.955,2637,2021-12-07 15:15:00,GSKY
11.96,11.96,11.96,11.96,100,2021-12-07 15:16:00,GSKY
11.96,11.97,11.96,11.97,1249,2021-12-07 15:19:00,GSKY
11.97,11.975,11.97,11.97,2163,2021-12-07 15:20:00,GSKY
11.97,11.97,11.95,11.95,7257,2021-12-07 15:21:00,GSKY
11.96,11.97,11.955,11.96,6026,2021-12-07 15:23:00,GSKY
11.97,11.98,11.97,11.97,3590,2021-12-07 15:24:00,GSKY
11.98,11.98,11.98,11.98,373,2021-12-07 15:25:00,GSKY
11.98,11.98,11.98,11.98,300,2021-12-07 15:26:00,GSKY
11.98,11.98,11.95,11.95,2521,2021-12-07 15:27:00,GSKY
11.955,11.96,11.955,11.96,1318,2021-12-07 15:28:00,GSKY
11.96,11.97,11.96,11.97,700,2021-12-07 15:30:00,GSKY
11.965,11.97,11.96,11.96,5098,2021-12-07 15:31:00,GSKY
11.965,11.97,11.965,11.97,300,2021-12-07 15:33:00,GSKY
11.97,11.97,11.97,11.97,400,2021-12-07 15:34:00,GSKY
11.96,11.97,11.96,11.97,800,2021-12-07 15:35:00,GSKY
11.96,11.96,11.95,11.95,3351,2021-12-07 15:37:00,GSKY
11.96,11.96,11.955,11.955,1250,2021-12-07 15:38:00,GSKY
11.96,11.96,11.955,11.955,500,2021-12-07 15:39:00,GSKY
11.96,11.96,11.95,11.96,7793,2021-12-07 15:42:00,GSKY
11.97,11.98,11.96,11.96,3234,2021-12-07 15:43:00,GSKY
11.96,11.96,11.96,11.96,600,2021-12-07 15:44:00,GSKY
11.97,11.97,11.97,11.97,966,2021-12-07 15:45:00,GSKY
11.975,11.975,11.97,11.97,300,2021-12-07 15:46:00,GSKY
11.97,11.979,11.97,11.979,1000,2021-12-07 15:47:00,GSKY
11.975,11.98,11.975,11.98,1100,2021-12-07 15:48:00,GSKY
11.98,11.99,11.98,11.98,1800,2021-12-07 15:49:00,GSKY
11.99,11.99,11.98,11.99,300,2021-12-07 15:50:00,GSKY
11.98,11.985,11.97,11.975,15932,2021-12-07 15:51:00,GSKY
11.97,11.99,11.97,11.985,8251,2021-12-07 15:52:00,GSKY
11.99,12.0,11.98,11.985,4486,2021-12-07 15:53:00,GSKY
11.99,11.99,11.97,11.97,2650,2021-12-07 15:54:00,GSKY
11.975,11.98,11.97,11.98,589,2021-12-07 15:55:00,GSKY
11.98,11.98,11.98,11.98,100,2021-12-07 15:56:00,GSKY
11.97,11.98,11.965,11.98,3020,2021-12-07 15:59:00,GSKY
11.98,11.99,11.98,11.99,1338,2021-12-07 16:00:00,GSKY
11.99,11.99,11.99,11.99,717,2021-12-07 16:01:00,GSKY
11.99,11.99,11.985,11.985,748,2021-12-07 16:02:00,GSKY
11.985,11.99,11.985,11.99,500,2021-12-07 16:03:00,GSKY
11.99,11.99,11.99,11.99,200,2021-12-07 16:05:00,GSKY
11.99,11.99,11.99,11.99,313,2021-12-07 16:06:00,GSKY
11.98,11.99,11.98,11.99,307,2021-12-07 16:07:00,GSKY
11.99,11.99,11.985,11.985,2433,2021-12-07 16:08:00,GSKY
11.99,12.0,11.99,11.99,1175,2021-12-07 16:09:00,GSKY
11.99,11.99,11.98,11.98,2166,2021-12-07 16:10:00,GSKY
11.98,11.98,11.98,11.98,100,2021-12-07 16:12:00,GSKY
11.98,11.99,11.98,11.98,600,2021-12-07 16:13:00,GSKY
11.98,11.98,11.98,11.98,300,2021-12-07 16:14:00,GSKY
11.98,11.98,11.97,11.98,1875,2021-12-07 16:15:00,GSKY
11.975,11.98,11.97,11.98,784,2021-12-07 16:16:00,GSKY
11.97,11.97,11.97,11.97,740,2021-12-07 16:18:00,GSKY
11.97,11.97,11.97,11.97,280,2021-12-07 16:19:00,GSKY
11.96,11.96,11.95,11.95,300,2021-12-07 16:20:00,GSKY
11.955,11.96,11.955,11.96,1122,2021-12-07 16:21:00,GSKY
11.95,11.95,11.95,11.95,200,2021-12-07 16:22:00,GSKY
11.95,11.95,11.95,11.95,100,2021-12-07 16:24:00,GSKY
11.96,11.97,11.96,11.97,1689,2021-12-07 16:25:00,GSKY
11.97,11.97,11.97,11.97,800,2021-12-07 16:26:00,GSKY
11.97,11.97,11.965,11.965,228,2021-12-07 16:27:00,GSKY
11.96,11.96,11.96,11.96,235,2021-12-07 16:28:00,GSKY
11.965,11.965,11.965,11.965,100,2021-12-07 16:29:00,GSKY
11.9699,11.9699,11.94,11.95,5908,2021-12-07 16:30:00,GSKY
11.95,11.95,11.94,11.94,1898,2021-12-07 16:31:00,GSKY
11.95,11.95,11.94,11.94,2000,2021-12-07 16:33:00,GSKY
11.95,11.955,11.94,11.95,2070,2021-12-07 16:34:00,GSKY
11.95,11.96,11.95,11.96,822,2021-12-07 16:35:00,GSKY
11.96,11.96,11.95,11.95,1043,2021-12-07 16:36:00,GSKY
11.95,11.95,11.95,11.95,100,2021-12-07 16:37:00,GSKY
11.96,11.96,11.96,11.96,100,2021-12-07 16:38:00,GSKY
11.95,11.95,11.95,11.95,558,2021-12-07 16:39:00,GSKY
11.95,11.965,11.95,11.96,1921,2021-12-07 16:40:00,GSKY
11.96,11.97,11.96,11.96,300,2021-12-07 16:41:00,GSKY
11.94,11.95,11.94,11.95,500,2021-12-07 16:44:00,GSKY
11.95,11.96,11.95,11.95,1244,2021-12-07 16:45:00,GSKY
11.955,11.955,11.95,11.95,1099,2021-12-07 16:47:00,GSKY
11.95,11.96,11.95,11.96,2022,2021-12-07 16:48:00,GSKY
11.95,11.955,11.95,11.955,300,2021-12-07 16:49:00,GSKY
11.96,11.96,11.95,11.95,200,2021-12-07 16:50:00,GSKY
11.95,11.95,11.94,11.94,1228,2021-12-07 16:51:00,GSKY
11.95,11.96,11.95,11.96,841,2021-12-07 16:53:00,GSKY
11.96,11.97,11.955,11.96,1232,2021-12-07 16:54:00,GSKY
11.96,11.96,11.96,11.96,542,2021-12-07 16:57:00,GSKY
11.965,11.965,11.96,11.96,556,2021-12-07 16:58:00,GSKY
11.96,11.96,11.96,11.96,100,2021-12-07 16:59:00,GSKY
11.96,11.96,11.955,11.96,1609,2021-12-07 17:01:00,GSKY
11.96,11.97,11.96,11.97,748,2021-12-07 17:02:00,GSKY
11.97,11.97,11.95,11.95,1441,2021-12-07 17:04:00,GSKY
11.955,11.955,11.94,11.94,2000,2021-12-07 17:06:00,GSKY
11.95,11.95,11.94,11.94,6484,2021-12-07 17:07:00,GSKY
11.95,11.96,11.95,11.95,2219,2021-12-07 17:08:00,GSKY
11.96,11.96,11.95,11.95,1000,2021-12-07 17:09:00,GSKY
11.9501,11.9501,11.9501,11.9501,100,2021-12-07 17:10:00,GSKY
11.95,11.95,11.95,11.95,100,2021-12-07 17:11:00,GSKY
11.955,11.955,11.955,11.955,100,2021-12-07 17:13:00,GSKY
11.96,11.96,11.955,11.955,740,2021-12-07 17:14:00,GSKY
11.955,11.97,11.955,11.965,937,2021-12-07 17:16:00,GSKY
11.96,11.96,11.96,11.96,1489,2021-12-07 17:17:00,GSKY
11.95,11.95,11.94,11.94,500,2021-12-07 17:18:00,GSKY
11.95,11.95,11.95,11.95,1142,2021-12-07 17:21:00,GSKY
11.96,11.96,11.96,11.96,200,2021-12-07 17:22:00,GSKY
11.96,11.97,11.96,11.96,699,2021-12-07 17:23:00,GSKY
11.96,11.96,11.96,11.96,1500,2021-12-07 17:24:00,GSKY
11.96,11.97,11.96,11.97,761,2021-12-07 17:25:00,GSKY
11.96,11.96,11.96,11.96,1063,2021-12-07 17:26:00,GSKY
11.96,11.96,11.95,11.95,451,2021-12-07 17:27:00,GSKY
11.95,11.95,11.95,11.95,100,2021-12-07 17:29:00,GSKY
11.96,11.96,11.96,11.96,1029,2021-12-07 17:32:00,GSKY
11.96,11.96,11.959,11.96,1618,2021-12-07 17:33:00,GSKY
11.97,11.97,11.97,11.97,450,2021-12-07 17:34:00,GSKY
11.97,11.97,11.96,11.96,683,2021-12-07 17:36:00,GSKY
11.96,11.96,11.96,11.96,400,2021-12-07 17:38:00,GSKY
11.96,11.96,11.96,11.96,210,2021-12-07 17:40:00,GSKY
11.97,11.97,11.96,11.97,700,2021-12-07 17:41:00,GSKY
11.97,11.97,11.96,11.96,776,2021-12-07 17:42:00,GSKY
11.96,11.97,11.96,11.96,1601,2021-12-07 17:43:00,GSKY
11.96,11.96,11.96,11.96,285,2021-12-07 17:44:00,GSKY
11.9549,11.955,11.9549,11.955,500,2021-12-07 17:46:00,GSKY
11.96,11.96,11.96,11.96,497,2021-12-07 17:47:00,GSKY
11.96,11.96,11.96,11.96,994,2021-12-07 17:48:00,GSKY
11.96,11.96,11.96,11.96,2291,2021-12-07 17:49:00,GSKY
11.96,11.96,11.96,11.96,500,2021-12-07 17:50:00,GSKY
11.96,11.96,11.955,11.955,200,2021-12-07 17:57:00,GSKY
11.955,11.96,11.955,11.96,300,2021-12-07 17:58:00,GSKY
11.96,11.98,11.96,11.975,4743,2021-12-07 17:59:00,GSKY
11.97,11.97,11.97,11.97,1243,2021-12-07 18:00:00,GSKY
11.97,11.97,11.97,11.97,375,2021-12-07 18:01:00,GSKY
11.965,11.965,11.965,11.965,100,2021-12-07 18:02:00,GSKY
11.965,11.965,11.95,11.95,3984,2021-12-07 18:03:00,GSKY
11.955,11.96,11.955,11.96,730,2021-12-07 18:04:00,GSKY
11.95,11.95,11.95,11.95,781,2021-12-07 18:05:00,GSKY
11.94,11.94,11.935,11.94,1676,2021-12-07 18:06:00,GSKY
11.94,11.94,11.94,11.94,266,2021-12-07 18:07:00,GSKY
11.93,11.93,11.9199,11.92,1500,2021-12-07 18:08:00,GSKY
11.92,11.92,11.92,11.92,1000,2021-12-07 18:09:00,GSKY
11.925,11.925,11.905,11.905,1339,2021-12-07 18:10:00,GSKY
11.9,11.9,11.9,11.9,1200,2021-12-07 18:12:00,GSKY
11.9,11.9,11.9,11.9,1000,2021-12-07 18:13:00,GSKY
11.905,11.905,11.905,11.905,100,2021-12-07 18:14:00,GSKY
11.91,11.91,11.91,11.91,1247,2021-12-07 18:17:00,GSKY
11.91,11.93,11.91,11.925,31240,2021-12-07 18:18:00,GSKY
11.93,11.93,11.92,11.93,4649,2021-12-07 18:19:00,GSKY
11.925,11.94,11.925,11.9357,2492,2021-12-07 18:20:00,GSKY
11.9327,11.935,11.92,11.925,2280,2021-12-07 18:21:00,GSKY
11.925,11.935,11.925,11.935,587,2021-12-07 18:22:00,GSKY
11.94,11.94,11.92,11.92,2913,2021-12-07 18:23:00,GSKY
11.9253,11.93,11.9253,11.93,313,2021-12-07 18:24:00,GSKY
11.92,11.93,11.9194,11.93,1858,2021-12-07 18:25:00,GSKY
11.9375,11.94,11.935,11.94,462,2021-12-07 18:26:00,GSKY
11.939,11.939,11.939,11.939,113,2021-12-07 18:27:00,GSKY
11.93,11.935,11.92,11.92,1883,2021-12-07 18:28:00,GSKY
11.93,11.94,11.93,11.94,610,2021-12-07 18:29:00,GSKY
11.93,11.94,11.93,11.94,700,2021-12-07 18:30:00,GSKY
11.94,11.96,11.94,11.96,1187,2021-12-07 18:31:00,GSKY
11.95,11.95,11.95,11.95,400,2021-12-07 18:32:00,GSKY
11.955,11.955,11.955,11.955,100,2021-12-07 18:33:00,GSKY
11.96,11.96,11.96,11.96,100,2021-12-07 18:34:00,GSKY
11.95,11.96,11.95,11.955,3554,2021-12-07 18:37:00,GSKY
11.96,11.96,11.95,11.95,2284,2021-12-07 18:38:00,GSKY
11.95,11.95,11.95,11.95,424,2021-12-07 18:39:00,GSKY
11.95,11.955,11.95,11.95,1631,2021-12-07 18:40:00,GSKY
11.95,11.95,11.93,11.94,2100,2021-12-07 18:41:00,GSKY
11.94,11.94,11.93,11.93,700,2021-12-07 18:42:00,GSKY
11.93,11.93,11.93,11.93,620,2021-12-07 18:43:00,GSKY
11.94,11.94,11.935,11.935,400,2021-12-07 18:44:00,GSKY
11.93,11.93,11.93,11.93,100,2021-12-07 18:45:00,GSKY
11.93,11.93,11.91,11.915,6003,2021-12-07 18:49:00,GSKY
11.92,11.93,11.915,11.92,2864,2021-12-07 18:50:00,GSKY
11.93,11.93,11.93,11.93,600,2021-12-07 18:51:00,GSKY
11.93,11.93,11.915,11.915,2823,2021-12-07 18:54:00,GSKY
11.91,11.92,11.91,11.92,1548,2021-12-07 18:55:00,GSKY
11.91,11.91,11.91,11.91,200,2021-12-07 18:56:00,GSKY
11.91,11.91,11.91,11.91,1300,2021-12-07 18:57:00,GSKY
11.91,11.91,11.91,11.91,177,2021-12-07 18:58:00,GSKY
11.91,11.91,11.91,11.91,100,2021-12-07 18:59:00,GSKY
11.91,11.91,11.91,11.91,760,2021-12-07 19:01:00,GSKY
11.92,11.93,11.92,11.93,1323,2021-12-07 19:02:00,GSKY
11.925,11.945,11.925,11.94,3167,2021-12-07 19:04:00,GSKY
11.945,11.95,11.94,11.95,1469,2021-12-07 19:05:00,GSKY
11.945,11.945,11.945,11.945,200,2021-12-07 19:06:00,GSKY
11.95,11.95,11.95,11.95,100,2021-12-07 19:07:00,GSKY
11.95,11.95,11.945,11.945,600,2021-12-07 19:08:00,GSKY
11.95,11.95,11.945,11.95,300,2021-12-07 19:09:00,GSKY
11.95,11.95,11.95,11.95,100,2021-12-07 19:11:00,GSKY
11.95,11.955,11.95,11.95,2150,2021-12-07 19:12:00,GSKY
11.955,11.96,11.955,11.96,500,2021-12-07 19:13:00,GSKY
11.955,11.9588,11.955,11.955,425,2021-12-07 19:15:00,GSKY
11.95,11.955,11.95,11.95,1911,2021-12-07 19:17:00,GSKY
11.96,11.96,11.96,11.96,200,2021-12-07 19:18:00,GSKY
11.9548,11.96,11.9548,11.96,200,2021-12-07 19:19:00,GSKY
11.96,11.97,11.955,11.97,2540,2021-12-07 19:20:00,GSKY
11.96,11.965,11.96,11.96,2941,2021-12-07 19:21:00,GSKY
11.97,11.97,11.97,11.97,1016,2021-12-07 19:22:00,GSKY
11.97,11.97,11.97,11.97,100,2021-12-07 19:24:00,GSKY
11.965,11.965,11.965,11.965,300,2021-12-07 19:25:00,GSKY
11.97,11.975,11.965,11.975,3675,2021-12-07 19:26:00,GSKY
11.97,11.98,11.97,11.97,1700,2021-12-07 19:27:00,GSKY
11.97,11.97,11.97,11.97,200,2021-12-07 19:28:00,GSKY
11.96,11.96,11.96,11.96,200,2021-12-07 19:29:00,GSKY
11.96,11.96,11.96,11.96,2456,2021-12-07 19:30:00,GSKY
11.955,11.96,11.955,11.96,2505,2021-12-07 19:31:00,GSKY
11.97,11.97,11.96,11.96,749,2021-12-07 19:32:00,GSKY
11.96,11.96,11.96,11.96,398,2021-12-07 19:33:00,GSKY
11.96,11.96,11.96,11.96,100,2021-12-07 19:34:00,GSKY
11.97,11.97,11.96,11.96,1060,2021-12-07 19:35:00,GSKY
11.96,11.96,11.95,11.96,1270,2021-12-07 19:36:00,GSKY
11.95,11.95,11.945,11.945,1706,2021-12-07 19:37:00,GSKY
11.95,11.95,11.95,11.95,2008,2021-12-07 19:38:00,GSKY
11.955,11.96,11.955,11.96,800,2021-12-07 19:39:00,GSKY
11.96,11.96,11.96,11.96,100,2021-12-07 19:41:00,GSKY
11.96,11.96,11.955,11.955,200,2021-12-07 19:42:00,GSKY
11.955,11.97,11.955,11.96,2069,2021-12-07 19:43:00,GSKY
11.965,11.97,11.96,11.97,300,2021-12-07 19:44:00,GSKY
11.97,11.97,11.96,11.96,1119,2021-12-07 19:45:00,GSKY
11.96,11.97,11.96,11.965,1100,2021-12-07 19:46:00,GSKY
11.97,11.97,11.965,11.965,200,2021-12-07 19:48:00,GSKY
11.97,11.97,11.97,11.97,100,2021-12-07 19:49:00,GSKY
11.97,11.98,11.965,11.965,2777,2021-12-07 19:51:00,GSKY
11.965,11.98,11.965,11.97,1848,2021-12-07 19:52:00,GSKY
11.97,11.97,11.97,11.97,300,2021-12-07 19:53:00,GSKY
11.97,11.97,11.96,11.97,2164,2021-12-07 19:54:00,GSKY
11.97,11.97,11.97,11.97,400,2021-12-07 19:55:00,GSKY
11.96,11.965,11.96,11.965,300,2021-12-07 19:56:00,GSKY
11.97,11.97,11.96,11.96,1715,2021-12-07 19:57:00,GSKY
11.97,11.97,11.97,11.97,200,2021-12-07 19:59:00,GSKY
11.97,11.97,11.97,11.97,100,2021-12-07 20:00:00,GSKY
11.97,11.97,11.96,11.97,600,2021-12-07 20:01:00,GSKY
11.965,11.965,11.965,11.965,100,2021-12-07 20:02:00,GSKY
11.96,11.96,11.96,11.96,1723,2021-12-07 20:03:00,GSKY
11.97,11.97,11.965,11.965,914,2021-12-07 20:04:00,GSKY
11.97,11.98,11.965,11.98,6451,2021-12-07 20:05:00,GSKY
11.98,11.99,11.97,11.975,14376,2021-12-07 20:06:00,GSKY
11.97,11.98,11.97,11.97,12484,2021-12-07 20:07:00,GSKY
11.975,11.98,11.975,11.98,2432,2021-12-07 20:08:00,GSKY
11.98,11.985,11.975,11.975,4226,2021-12-07 20:09:00,GSKY
11.98,11.98,11.97,11.98,1079,2021-12-07 20:10:00,GSKY
11.97,11.97,11.96,11.96,572,2021-12-07 20:11:00,GSKY
11.96,11.96,11.96,11.96,421,2021-12-07 20:12:00,GSKY
11.96,11.96,11.96,11.96,497,2021-12-07 20:13:00,GSKY
11.96,11.97,11.955,11.955,1805,2021-12-07 20:14:00,GSKY
11.95,11.95,11.95,11.95,617,2021-12-07 20:15:00,GSKY
11.95,11.98,11.95,11.97,33197,2021-12-07 20:17:00,GSKY
11.97,11.99,11.96,11.99,101091,2021-12-07 20:18:00,GSKY
11.98,11.99,11.955,11.96,551449,2021-12-07 20:19:00,GSKY
11.96,11.98,11.955,11.97,212022,2021-12-07 20:20:00,GSKY
11.965,11.98,11.96,11.98,32838,2021-12-07 20:21:00,GSKY
11.98,11.99,11.975,11.98,56628,2021-12-07 20:22:00,GSKY
11.98,11.99,11.98,11.98,3656,2021-12-07 20:23:00,GSKY
11.98,11.985,11.96,11.96,278501,2021-12-07 20:24:00,GSKY
11.96,11.97,11.95,11.96,134668,2021-12-07 20:25:00,GSKY
11.96,11.96,11.95,11.96,43786,2021-12-07 20:26:00,GSKY
11.96,11.96,11.96,11.96,633,2021-12-07 20:27:00,GSKY
11.95,11.95,11.945,11.95,40614,2021-12-07 20:28:00,GSKY
11.95,11.95,11.94,11.94,49814,2021-12-07 20:29:00,GSKY
11.95,11.9516,11.945,11.9516,8189,2021-12-07 20:30:00,GSKY
11.955,11.955,11.935,11.935,11989,2021-12-07 20:31:00,GSKY
11.95,11.95,11.945,11.95,10380,2021-12-07 20:32:00,GSKY
11.95,11.96,11.93,11.93,18028,2021-12-07 20:33:00,GSKY
11.94,11.94,11.94,11.94,4361,2021-12-07 20:34:00,GSKY
11.94,11.94,11.93,11.93,4953,2021-12-07 20:35:00,GSKY
11.94,11.945,11.93,11.93,8871,2021-12-07 20:36:00,GSKY
11.93,11.93,11.9175,11.925,6020,2021-12-07 20:37:00,GSKY
11.925,11.935,11.925,11.935,4289,2021-12-07 20:38:00,GSKY
11.93,11.93,11.925,11.93,7537,2021-12-07 20:39:00,GSKY
11.93,11.93,11.925,11.925,1335,2021-12-07 20:40:00,GSKY
11.93,11.94,11.925,11.94,11207,2021-12-07 20:41:00,GSKY
11.94,11.94,11.935,11.935,1271,2021-12-07 20:42:00,GSKY
11.935,11.94,11.93,11.93,6436,2021-12-07 20:43:00,GSKY
11.94,11.94,11.935,11.935,929,2021-12-07 20:44:00,GSKY
11.94,11.94,11.93,11.93,4346,2021-12-07 20:45:00,GSKY
11.94,11.94,11.93,11.93,1192,2021-12-07 20:46:00,GSKY
11.94,11.94,11.93,11.93,2866,2021-12-07 20:47:00,GSKY
11.93,11.94,11.93,11.9308,1850,2021-12-07 20:48:00,GSKY
11.94,11.94,11.93,11.93,2910,2021-12-07 20:49:00,GSKY
11.935,11.94,11.915,11.92,71755,2021-12-07 20:50:00,GSKY
11.915,11.93,11.915,11.92,13040,2021-12-07 20:51:00,GSKY
11.93,11.93,11.895,11.9,311899,2021-12-07 20:52:00,GSKY
11.9,11.92,11.9,11.91,209600,2021-12-07 20:53:00,GSKY
11.915,11.93,11.9,11.93,61844,2021-12-07 20:54:00,GSKY
11.94,11.96,11.92,11.95,111674,2021-12-07 20:55:00,GSKY
11.95,11.965,11.95,11.955,61711,2021-12-07 20:56:00,GSKY
11.96,11.97,11.96,11.965,24412,2021-12-07 20:57:00,GSKY
11.965,11.98,11.95,11.975,99576,2021-12-07 20:58:00,GSKY
11.98,11.99,11.971,11.985,31858,2021-12-07 20:59:00,GSKY
11.99,11.99,11.99,11.99,153834,2021-12-07 21:00:00,GSKY
11.99,11.99,11.99,11.99,3833,2021-12-07 21:01:00,GSKY
12.0,12.02,11.96,11.96,27654,2021-12-08 14:30:00,GSKY
11.95,11.97,11.95,11.97,1700,2021-12-08 14:31:00,GSKY
12.02,12.02,12.0,12.0,20181,2021-12-08 14:33:00,GSKY
12.0,12.0,11.98,11.99,1676,2021-12-08 14:34:00,GSKY
11.97,11.97,11.96,11.96,500,2021-12-08 14:35:00,GSKY
11.97,11.97,11.96,11.96,200,2021-12-08 14:36:00,GSKY
11.96,11.96,11.96,11.96,100,2021-12-08 14:37:00,GSKY
11.96,11.96,11.95,11.95,300,2021-12-08 14:38:00,GSKY
11.95,11.955,11.95,11.95,605,2021-12-08 14:39:00,GSKY
11.93,11.95,11.93,11.95,400,2021-12-08 14:40:00,GSKY
11.965,11.965,11.95,11.95,900,2021-12-08 14:41:00,GSKY
11.96,11.96,11.95,11.96,5600,2021-12-08 14:42:00,GSKY
11.96,11.96,11.92,11.92,5295,2021-12-08 14:43:00,GSKY
11.92,11.93,11.92,11.93,1700,2021-12-08 14:44:00,GSKY
11.94,11.96,11.93,11.96,900,2021-12-08 14:45:00,GSKY
11.96,11.96,11.95,11.95,2999,2021-12-08 14:46:00,GSKY
11.94,11.95,11.94,11.945,1300,2021-12-08 14:47:00,GSKY
11.94,11.95,11.94,11.95,4134,2021-12-08 14:48:00,GSKY
11.95,11.955,11.92,11.93,8270,2021-12-08 14:49:00,GSKY
11.92,11.95,11.92,11.95,5218,2021-12-08 14:50:00,GSKY
11.96,11.96,11.96,11.96,200,2021-12-08 14:51:00,GSKY
11.97,11.975,11.965,11.97,400,2021-12-08 14:52:00,GSKY
11.99,12.01,11.985,12.01,6700,2021-12-08 14:53:00,GSKY
12.0,12.0025,11.98,11.99,3489,2021-12-08 14:54:00,GSKY
11.985,11.985,11.96,11.96,3967,2021-12-08 14:55:00,GSKY
11.95,11.96,11.95,11.95,500,2021-12-08 14:56:00,GSKY
11.94,11.94,11.94,11.94,924,2021-12-08 14:57:00,GSKY
11.95,11.95,11.94,11.94,200,2021-12-08 14:58:00,GSKY
11.94,11.945,11.93,11.94,600,2021-12-08 14:59:00,GSKY
11.94,11.95,11.94,11.945,1700,2021-12-08 15:00:00,GSKY
11.94,11.945,11.94,11.945,662,2021-12-08 15:01:00,GSKY
11.94,11.95,11.92,11.94,8416,2021-12-08 15:02:00,GSKY
11.945,11.945,11.93,11.94,300,2021-12-08 15:03:00,GSKY
11.93,11.93,11.92,11.92,1289,2021-12-08 15:04:00,GSKY
11.93,11.93,11.92,11.93,500,2021-12-08 15:05:00,GSKY
11.92,11.94,11.92,11.94,638,2021-12-08 15:06:00,GSKY
11.93,11.94,11.93,11.94,6768,2021-12-08 15:07:00,GSKY
11.9457,11.9457,11.93,11.94,2350,2021-12-08 15:08:00,GSKY
11.93,11.94,11.93,11.93,500,2021-12-08 15:09:00,GSKY
11.94,11.94,11.93,11.93,1700,2021-12-08 15:10:00,GSKY
11.93,11.93,11.91,11.91,1725,2021-12-08 15:11:00,GSKY
11.91,11.92,11.91,11.92,1500,2021-12-08 15:12:00,GSKY
11.93,11.93,11.91,11.91,500,2021-12-08 15:13:00,GSKY
11.92,11.92,11.89,11.89,4489,2021-12-08 15:14:00,GSKY
11.89,11.91,11.89,11.9,1300,2021-12-08 15:15:00,GSKY
11.9,11.905,11.9,11.9,400,2021-12-08 15:16:00,GSKY
11.91,11.91,11.9,11.905,500,2021-12-08 15:17:00,GSKY
11.91,11.92,11.91,11.915,865,2021-12-08 15:18:00,GSKY
11.91,11.91,11.91,11.91,503,2021-12-08 15:19:00,GSKY
11.91,11.925,11.91,11.92,400,2021-12-08 15:20:00,GSKY
11.92,11.92,11.92,11.92,300,2021-12-08 15:21:00,GSKY
11.92,11.92,11.91,11.92,2644,2021-12-08 15:22:00,GSKY
11.92,11.92,11.91,11.91,1000,2021-12-08 15:23:00,GSKY
11.92,11.92,11.92,11.92,300,2021-12-08 15:24:00,GSKY
11.92,11.92,11.91,11.91,971,2021-12-08 15:25:00,GSKY
11.91,11.92,11.91,11.92,700,2021-12-08 15:26:00,GSKY
11.92,11.92,11.91,11.91,755,2021-12-08 15:27:00,GSKY
11.91,11.92,11.91,11.92,500,2021-12-08 15:28:00,GSKY
11.91,11.91,11.885,11.89,7900,2021-12-08 15:29:00,GSKY
11.89,11.89,11.89,11.89,800,2021-12-08 15:30:00,GSKY
11.89,11.9,11.89,11.9,778,2021-12-08 15:31:00,GSKY
11.9,11.9,11.89,11.89,800,2021-12-08 15:32:00,GSKY
11.895,11.91,11.89,11.9,1100,2021-12-08 15:33:00,GSKY
11.9,11.9,11.9,11.9,659,2021-12-08 15:34:00,GSKY
11.88,11.885,11.88,11.88,1000,2021-12-08 15:35:00,GSKY
11.88,11.88,11.87,11.88,1922,2021-12-08 15:36:00,GSKY
11.88,11.88,11.88,11.88,300,2021-12-08 15:37:00,GSKY
11.88,11.88,11.87,11.87,1066,2021-12-08 15:38:00,GSKY
11.87,11.88,11.86,11.87,2195,2021-12-08 15:39:00,GSKY
11.87,11.87,11.86,11.86,600,2021-12-08 15:40:00,GSKY
11.86,11.87,11.86,11.865,3000,2021-12-08 15:41:00,GSKY
11.86,11.86,11.85,11.85,2083,2021-12-08 15:42:00,GSKY
11.85,11.855,11.845,11.85,2100,2021-12-08 15:43:00,GSKY
11.85,11.86,11.85,11.86,500,2021-12-08 15:44:00,GSKY
11.86,11.86,11.85,11.86,399,2021-12-08 15:45:00,GSKY
11.86,11.86,11.85,11.85,387,2021-12-08 15:46:00,GSKY
11.84,11.84,11.84,11.84,200,2021-12-08 15:47:00,GSKY
11.84,11.86,11.84,11.86,1200,2021-12-08 15:48:00,GSKY
11.87,11.89,11.87,11.88,800,2021-12-08 15:49:00,GSKY
11.88,11.8826,11.88,11.88,799,2021-12-08 15:50:00,GSKY
11.88,11.88,11.88,11.88,100,2021-12-08 15:51:00,GSKY
11.88,11.88,11.88,11.88,300,2021-12-08 15:52:00,GSKY
11.88,11.88,11.88,11.88,100,2021-12-08 15:53:00,GSKY
11.88,11.89,11.88,11.89,902,2021-12-08 15:54:00,GSKY
11.89,11.895,11.89,11.89,800,2021-12-08 15:55:00,GSKY
11.89,11.89,11.89,11.89,200,2021-12-08 15:56:00,GSKY
11.89,11.89,11.89,11.89,400,2021-12-08 15:57:00,GSKY
11.89,11.89,11.89,11.89,300,2021-12-08 15:58:00,GSKY
11.89,11.89,11.88,11.88,3102,2021-12-08 15:59:00,GSKY
11.88,11.89,11.88,11.89,300,2021-12-08 16:00:00,GSKY
11.89,11.89,11.89,11.89,300,2021-12-08 16:01:00,GSKY
11.89,11.89,11.89,11.89,100,2021-12-08 16:02:00,GSKY
11.89,11.89,11.88,11.89,1453,2021-12-08 16:03:00,GSKY
11.89,11.89,11.89,11.89,300,2021-12-08 16:04:00,GSKY
11.9,11.9,11.9,11.9,512,2021-12-08 16:05:00,GSKY
11.9,11.9,11.9,11.9,200,2021-12-08 16:06:00,GSKY
11.91,11.91,11.9,11.91,900,2021-12-08 16:07:00,GSKY
11.91,11.91,11.91,11.91,500,2021-12-08 16:08:00,GSKY
11.91,11.91,11.91,11.91,200,2021-12-08 16:09:00,GSKY
11.915,11.915,11.91,11.91,400,2021-12-08 16:10:00,GSKY
11.91,11.91,11.91,11.91,200,2021-12-08 16:11:00,GSKY
11.91,11.92,11.91,11.92,330,2021-12-08 16:12:00,GSKY
11.915,11.93,11.91,11.92,2599,2021-12-08 16:13:00,GSKY
11.925,11.925,11.92,11.92,200,2021-12-08 16:14:00,GSKY
11.92,11.925,11.92,11.92,3222,2021-12-08 16:15:00,GSKY
11.91,11.91,11.91,11.91,200,2021-12-08 16:16:00,GSKY
11.91,11.91,11.9,11.91,2522,2021-12-08 16:17:00,GSKY
11.91,11.91,11.9,11.9,599,2021-12-08 16:18:00,GSKY
11.9,11.9,11.89,11.9,1403,2021-12-08 16:19:00,GSKY
11.89,11.9,11.89,11.9,1000,2021-12-08 16:20:00,GSKY
11.91,11.91,11.91,11.91,100,2021-12-08 16:21:00,GSKY
11.91,11.92,11.91,11.92,400,2021-12-08 16:22:00,GSKY
11.93,11.93,11.92,11.92,300,2021-12-08 16:23:00,GSKY
11.92,11.92,11.92,11.92,200,2021-12-08 16:24:00,GSKY
11.92,11.92,11.92,11.92,100,2021-12-08 16:25:00,GSKY
11.92,11.92,11.92,11.92,100,2021-12-08 16:26:00,GSKY
11.92,11.92,11.92,11.92,1303,2021-12-08 16:27:00,GSKY
11.92,11.92,11.92,11.92,400,2021-12-08 16:28:00,GSKY
11.92,11.92,11.92,11.92,300,2021-12-08 16:29:00,GSKY
11.925,11.925,11.91,11.92,59227,2021-12-08 16:30:00,GSKY
11.915,11.925,11.9,11.905,37249,2021-12-08 16:31:00,GSKY
11.9,11.9,11.9,11.9,600,2021-12-08 16:32:00,GSKY
11.91,11.92,11.905,11.91,63053,2021-12-08 16:33:00,GSKY
11.91,11.91,11.905,11.905,12191,2021-12-08 16:34:00,GSKY
11.9,11.92,11.9,11.92,2108,2021-12-08 16:35:00,GSKY
11.915,11.92,11.91,11.92,500,2021-12-08 16:36:00,GSKY
11.91,11.92,11.91,11.92,300,2021-12-08 16:37:00,GSKY
11.92,11.92,11.91,11.91,7600,2021-12-08 16:38:00,GSKY
11.92,11.92,11.91,11.91,300,2021-12-08 16:39:00,GSKY
11.91,11.91,11.91,11.91,300,2021-12-08 16:40:00,GSKY
11.91,11.91,11.91,11.91,1561,2021-12-08 16:42:00,GSKY
11.9,11.915,11.9,11.91,4500,2021-12-08 16:43:00,GSKY
11.92,11.92,11.91,11.91,400,2021-12-08 16:44:00,GSKY
11.92,11.92,11.91,11.91,300,2021-12-08 16:45:00,GSKY
11.91,11.91,11.91,11.91,200,2021-12-08 16:46:00,GSKY
11.91,11.91,11.9,11.9,20569,2021-12-08 16:47:00,GSKY
11.9,11.91,11.89,11.91,57324,2021-12-08 16:48:00,GSKY
11.91,11.91,11.91,11.91,10224,2021-12-08 16:49:00,GSKY
11.91,11.92,11.91,11.915,21035,2021-12-08 16:50:00,GSKY
11.91,11.925,11.91,11.915,37979,2021-12-08 16:51:00,GSKY
11.91,11.91,11.9,11.9,21613,2021-12-08 16:52:00,GSKY
11.9,11.905,11.9,11.9,1400,2021-12-08 16:53:00,GSKY
11.905,11.915,11.905,11.915,6497,2021-12-08 16:54:00,GSKY
11.91,11.91,11.91,11.91,10500,2021-12-08 16:55:00,GSKY
11.91,11.91,11.91,11.91,200,2021-12-08 16:56:00,GSKY
11.91,11.91,11.91,11.91,200,2021-12-08 16:57:00,GSKY
11.91,11.91,11.89,11.9,23834,2021-12-08 16:58:00,GSKY
11.9,11.9,11.9,11.9,1800,2021-12-08 16:59:00,GSKY
11.9,11.9,11.9,11.9,200,2021-12-08 17:00:00,GSKY
11.9,11.9017,11.9,11.9,8294,2021-12-08 17:01:00,GSKY
11.9,11.9,11.9,11.9,806,2021-12-08 17:02:00,GSKY
11.89,11.89,11.89,11.89,200,2021-12-08 17:03:00,GSKY
11.89,11.9,11.89,11.9,3929,2021-12-08 17:04:00,GSKY
11.89,11.89,11.89,11.89,200,2021-12-08 17:05:00,GSKY
11.895,11.9,11.89,11.9,1200,2021-12-08 17:06:00,GSKY
11.91,11.91,11.9,11.9,400,2021-12-08 17:07:00,GSKY
11.9,11.91,11.9,11.9,600,2021-12-08 17:08:00,GSKY
11.91,11.91,11.91,11.91,1000,2021-12-08 17:09:00,GSKY
11.91,11.91,11.91,11.91,200,2021-12-08 17:10:00,GSKY
11.91,11.92,11.91,11.92,2300,2021-12-08 17:11:00,GSKY
11.92,11.93,11.92,11.92,800,2021-12-08 17:12:00,GSKY
11.92,11.92,11.92,11.92,200,2021-12-08 17:13:00,GSKY
11.92,11.92,11.91,11.91,10444,2021-12-08 17:14:00,GSKY
11.91,11.91,11.89,11.89,2146,2021-12-08 17:15:00,GSKY
11.9,11.905,11.895,11.9,56854,2021-12-08 17:16:00,GSKY
11.9,11.9,11.9,11.9,200,2021-12-08 17:17:00,GSKY
11.9,11.9,11.9,11.9,2100,2021-12-08 17:18:00,GSKY
11.9,11.9,11.9,11.9,500,2021-12-08 17:19:00,GSKY
11.9,11.9,11.89,11.89,2087,2021-12-08 17:20:00,GSKY
11.895,11.895,11.89,11.89,200,2021-12-08 17:21:00,GSKY
11.895,11.895,11.89,11.895,400,2021-12-08 17:22:00,GSKY
11.89,11.91,11.89,11.9,1900,2021-12-08 17:23:00,GSKY
11.9,11.915,11.9,11.91,3300,2021-12-08 17:24:00,GSKY
11.91,11.91,11.9,11.9,21088,2021-12-08 17:25:00,GSKY
11.9,11.9,11.9,11.9,900,2021-12-08 17:26:00,GSKY
11.9,11.9,11.89,11.89,2113,2021-12-08 17:27:00,GSKY
11.895,11.9,11.895,11.9,3388,2021-12-08 17:28:00,GSKY
11.9,11.91,11.9,11.905,400,2021-12-08 17:29:00,GSKY
11.9,11.905,11.9,11.905,600,2021-12-08 17:30:00,GSKY
11.9,11.91,11.9,11.9,300,2021-12-08 17:31:00,GSKY
11.9,11.9,11.9,11.9,100,2021-12-08 17:32:00,GSKY
11.9,11.9,11.9,11.9,200,2021-12-08 17:33:00,GSKY
11.9,11.9,11.9,11.9,200,2021-12-08 17:34:00,GSKY
11.9,11.9,11.9,11.9,300,2021-12-08 17:35:00,GSKY
11.9,11.9,11.9,11.9,300,2021-12-08 17:36:00,GSKY
11.9,11.9,11.88,11.89,3654,2021-12-08 17:37:00,GSKY
11.9,11.9,11.89,11.9,2000,2021-12-08 17:38:00,GSKY
11.9,11.9,11.9,11.9,400,2021-12-08 17:39:00,GSKY
11.9,11.9,11.9,11.9,300,2021-12-08 17:40:00,GSKY
11.9,11.9,11.89,11.89,600,2021-12-08 17:41:00,GSKY
11.9,11.91,11.9,11.905,2300,2021-12-08 17:42:00,GSKY
11.9,11.905,11.9,11.905,200,2021-12-08 17:43:00,GSKY
11.9,11.9,11.9,11.9,100,2021-12-08 17:44:00,GSKY
11.9,11.915,11.9,11.91,3010,2021-12-08 17:45:00,GSKY
11.91,11.92,11.91,11.91,927,2021-12-08 17:46:00,GSKY
11.915,11.92,11.91,11.91,2200,2021-12-08 17:47:00,GSKY
11.915,11.915,11.91,11.915,3885,2021-12-08 17:48:00,GSKY
11.915,11.915,11.91,11.915,500,2021-12-08 17:49:00,GSKY
11.915,11.915,11.91,11.91,856,2021-12-08 17:50:00,GSKY
11.91,11.91,11.91,11.91,300,2021-12-08 17:51:00,GSKY
11.91,11.91,11.91,11.91,100,2021-12-08 17:52:00,GSKY
11.92,11.92,11.91,11.91,600,2021-12-08 17:53:00,GSKY
11.91,11.93,11.91,11.92,29033,2021-12-08 17:54:00,GSKY
11.92,11.92,11.92,11.92,200,2021-12-08 17:55:00,GSKY
11.92,11.92,11.91,11.92,27249,2021-12-08 17:56:00,GSKY
11.91,11.92,11.91,11.91,1905,2021-12-08 17:57:00,GSKY
11.915,11.915,11.91,11.91,400,2021-12-08 17:58:00,GSKY
11.915,11.915,11.91,11.91,300,2021-12-08 17:59:00,GSKY
11.91,11.91,11.91,11.91,100,2021-12-08 18:00:00,GSKY
11.91,11.91,11.91,11.91,100,2021-12-08 18:01:00,GSKY
11.91,11.91,11.91,11.91,300,2021-12-08 18:02:00,GSKY
11.91,11.91,11.91,11.91,300,2021-12-08 18:03:00,GSKY
11.91,11.91,11.91,11.91,100,2021-12-08 18:04:00,GSKY
11.915,11.915,11.9,11.9,4701,2021-12-08 18:05:00,GSKY
11.9,11.9,11.9,11.9,200,2021-12-08 18:06:00,GSKY
11.91,11.91,11.9,11.91,2150,2021-12-08 18:07:00,GSKY
11.91,11.91,11.91,11.91,200,2021-12-08 18:08:00,GSKY
11.91,11.91,11.91,11.91,600,2021-12-08 18:09:00,GSKY
11.91,11.91,11.905,11.905,1276,2021-12-08 18:10:00,GSKY
11.9,11.91,11.9,11.91,400,2021-12-08 18:11:00,GSKY
11.9,11.9,11.9,11.9,400,2021-12-08 18:12:00,GSKY
11.9,11.9,11.9,11.9,300,2021-12-08 18:13:00,GSKY
11.9,11.9,11.9,11.9,200,2021-12-08 18:14:00,GSKY
11.91,11.91,11.91,11.91,1800,2021-12-08 18:15:00,GSKY
11.91,11.91,11.91,11.91,300,2021-12-08 18:16:00,GSKY
11.915,11.92,11.91,11.92,500,2021-12-08 18:17:00,GSKY
11.91,11.92,11.91,11.92,1254,2021-12-08 18:18:00,GSKY
11.91,11.91,11.91,11.91,300,2021-12-08 18:19:00,GSKY
11.91,11.91,11.91,11.91,200,2021-12-08 18:20:00,GSKY
11.91,11.91,11.91,11.91,2900,2021-12-08 18:21:00,GSKY
11.91,11.91,11.91,11.91,600,2021-12-08 18:22:00,GSKY
11.91,11.91,11.91,11.91,300,2021-12-08 18:23:00,GSKY
11.91,11.91,11.9,11.9,465,2021-12-08 18:24:00,GSKY
11.91,11.91,11.9,11.905,300,2021-12-08 18:25:00,GSKY
11.905,11.91,11.9,11.9,34606,2021-12-08 18:26:00,GSKY
11.9,11.91,11.9,11.91,8601,2021-12-08 18:27:00,GSKY
11.91,11.91,11.91,11.91,200,2021-12-08 18:28:00,GSKY
11.91,11.91,11.9,11.905,2629,2021-12-08 18:29:00,GSKY
11.9,11.91,11.9,11.91,2500,2021-12-08 18:30:00,GSKY
11.91,11.915,11.9,11.91,47792,2021-12-08 18:32:00,GSKY
11.905,11.91,11.9,11.905,8322,2021-12-08 18:33:00,GSKY
11.905,11.905,11.905,11.905,100,2021-12-08 18:34:00,GSKY
11.91,11.91,11.91,11.91,15572,2021-12-08 18:35:00,GSKY
11.91,11.92,11.91,11.91,1250,2021-12-08 18:36:00,GSKY
11.91,11.91,11.91,11.91,1811,2021-12-08 18:37:00,GSKY
11.91,11.91,11.9,11.9,1200,2021-12-08 18:38:00,GSKY
11.9,11.9,11.9,11.9,200,2021-12-08 18:39:00,GSKY
11.9,11.9,11.9,11.9,300,2021-12-08 18:40:00,GSKY
11.9,11.9041,11.9,11.9,700,2021-12-08 18:41:00,GSKY
11.9,11.905,11.9,11.905,300,2021-12-08 18:42:00,GSKY
11.9,11.9,11.9,11.9,100,2021-12-08 18:43:00,GSKY
11.9,11.905,11.9,11.905,1200,2021-12-08 18:44:00,GSKY
11.9,11.91,11.9,11.91,700,2021-12-08 18:45:00,GSKY
11.9,11.9,11.9,11.9,17408,2021-12-08 18:46:00,GSKY
11.9,11.9,11.9,11.9,200,2021-12-08 18:47:00,GSKY
11.9,11.9,11.9,11.9,400,2021-12-08 18:48:00,GSKY
11.91,11.91,11.9,11.9,16282,2021-12-08 18:49:00,GSKY
11.9,11.9,11.9,11.9,100,2021-12-08 18:50:00,GSKY
11.9,11.9,11.9,11.9,300,2021-12-08 18:51:00,GSKY
11.9,11.9,11.9,11.9,300,2021-12-08 18:52:00,GSKY
11.9,11.905,11.9,11.905,16902,2021-12-08 18:53:00,GSKY
11.9,11.9,11.9,11.9,300,2021-12-08 18:54:00,GSKY
11.9,11.91,11.9,11.905,1099,2021-12-08 18:55:00,GSKY
11.91,11.91,11.905,11.905,1841,2021-12-08 18:56:00,GSKY
11.905,11.905,11.9,11.9,200,2021-12-08 18:57:00,GSKY
11.905,11.91,11.9,11.9,19702,2021-12-08 18:58:00,GSKY
11.905,11.905,11.905,11.905,799,2021-12-08 18:59:00,GSKY
11.9,11.91,11.9,11.905,3833,2021-12-08 19:00:00,GSKY
11.905,11.91,11.895,11.895,87379,2021-12-08 19:01:00,GSKY
11.9,11.91,11.89,11.905,9335,2021-12-08 19:02:00,GSKY
11.9,11.92,11.9,11.91,50690,2021-12-08 19:03:00,GSKY
11.92,11.92,11.915,11.92,18699,2021-12-08 19:04:00,GSKY
11.92,11.925,11.91,11.915,45165,2021-12-08 19:05:00,GSKY
11.92,11.92,11.91,11.91,47798,2021-12-08 19:06:00,GSKY
11.915,11.915,11.9,11.905,30221,2021-12-08 19:07:00,GSKY
11.91,11.91,11.9,11.91,600,2021-12-08 19:08:00,GSKY
11.9,11.91,11.9,11.91,8900,2021-12-08 19:09:00,GSKY
11.905,11.905,11.9,11.9,499,2021-12-08 19:10:00,GSKY
11.9,11.9,11.9,11.9,200,2021-12-08 19:11:00,GSKY
11.9,11.9,11.9,11.9,4098,2021-12-08 19:12:00,GSKY
11.9,11.9,11.9,11.9,200,2021-12-08 19:13:00,GSKY
11.9,11.9,11.9,11.9,300,2021-12-08 19:14:00,GSKY
11.9,11.9,11.89,11.89,11782,2021-12-08 19:15:00,GSKY
11.89,11.89,11.88,11.89,10624,2021-12-08 19:16:00,GSKY
11.89,11.89,11.89,11.89,900,2021-12-08 19:17:00,GSKY
11.89,11.89,11.89,11.89,300,2021-12-08 19:18:00,GSKY
11.895,11.9,11.895,11.9,10834,2021-12-08 19:19:00,GSKY
11.9,11.905,11.9,11.9,600,2021-12-08 19:20:00,GSKY
11.9,11.9,11.9,11.9,100,2021-12-08 19:21:00,GSKY
11.9,11.91,11.9,11.91,21087,2021-12-08 19:22:00,GSKY
11.905,11.91,11.9,11.91,60506,2021-12-08 19:23:00,GSKY
11.91,11.91,11.89,11.9,20983,2021-12-08 19:24:00,GSKY
11.895,11.91,11.895,11.91,25620,2021-12-08 19:25:00,GSKY
11.9,11.91,11.89,11.895,67678,2021-12-08 19:26:00,GSKY
11.895,11.9,11.89,11.89,4298,2021-12-08 19:27:00,GSKY
11.89,11.89,11.89,11.89,300,2021-12-08 19:28:00,GSKY
11.89,11.895,11.89,11.895,2900,2021-12-08 19:29:00,GSKY
11.895,11.895,11.89,11.89,500,2021-12-08 19:30:00,GSKY
11.9,11.91,11.9,11.9,4500,2021-12-08 19:31:00,GSKY
11.91,11.91,11.91,11.91,6350,2021-12-08 19:32:00,GSKY
11.9136,11.9136,11.9136,11.9136,100,2021-12-08 19:33:00,GSKY
11.91,11.92,11.91,11.915,3524,2021-12-08 19:34:00,GSKY
11.915,11.915,11.91,11.915,700,2021-12-08 19:35:00,GSKY
11.915,11.92,11.91,11.92,3599,2021-12-08 19:36:00,GSKY
11.91,11.92,11.91,11.91,500,2021-12-08 19:37:00,GSKY
11.91,11.91,11.91,11.91,200,2021-12-08 19:38:00,GSKY
11.91,11.915,11.91,11.91,300,2021-12-08 19:39:00,GSKY
11.91,11.92,11.91,11.92,666,2021-12-08 19:40:00,GSKY
11.91,11.92,11.91,11.91,300,2021-12-08 19:41:00,GSKY
11.92,11.92,11.91,11.91,200,2021-12-08 19:42:00,GSKY
11.92,11.94,11.92,11.94,7399,2021-12-08 19:43:00,GSKY
11.93,11.94,11.93,11.93,500,2021-12-08 19:44:00,GSKY
11.94,11.94,11.93,11.935,2380,2021-12-08 19:45:00,GSKY
11.94,11.95,11.94,11.94,2020,2021-12-08 19:46:00,GSKY
11.94,11.95,11.94,11.95,1186,2021-12-08 19:47:00,GSKY
11.94,11.945,11.94,11.94,400,2021-12-08 19:48:00,GSKY
11.94,11.94,11.94,11.94,701,2021-12-08 19:49:00,GSKY
11.94,11.94,11.94,11.94,200,2021-12-08 19:50:00,GSKY
11.95,11.95,11.94,11.94,400,2021-12-08 19:51:00,GSKY
11.94,11.95,11.94,11.94,5199,2021-12-08 19:52:00,GSKY
11.94,11.94,11.94,11.94,500,2021-12-08 19:53:00,GSKY
11.94,11.95,11.94,11.945,4086,2021-12-08 19:54:00,GSKY
11.94,11.96,11.94,11.95,4500,2021-12-08 19:55:00,GSKY
11.95,11.96,11.95,11.95,300,2021-12-08 19:56:00,GSKY
11.95,11.95,11.95,11.95,200,2021-12-08 19:57:00,GSKY
11.95,11.95,11.95,11.95,798,2021-12-08 19:58:00,GSKY
11.95,11.95,11.95,11.95,400,2021-12-08 19:59:00,GSKY
11.95,11.95,11.95,11.95,300,2021-12-08 20:00:00,GSKY
11.95,11.95,11.945,11.945,1768,2021-12-08 20:01:00,GSKY
11.94,11.94,11.94,11.94,300,2021-12-08 20:02:00,GSKY
11.95,11.95,11.95,11.95,900,2021-12-08 20:03:00,GSKY
11.95,11.955,11.95,11.955,300,2021-12-08 20:04:00,GSKY
11.95,11.95,11.95,11.95,300,2021-12-08 20:05:00,GSKY
11.95,11.955,11.95,11.95,300,2021-12-08 20:06:00,GSKY
11.96,11.97,11.96,11.96,3826,2021-12-08 20:07:00,GSKY
11.97,11.97,11.96,11.965,789,2021-12-08 20:08:00,GSKY
11.97,11.97,11.96,11.96,400,2021-12-08 20:09:00,GSKY
11.96,11.965,11.96,11.965,871,2021-12-08 20:10:00,GSKY
11.96,11.96,11.96,11.96,300,2021-12-08 20:11:00,GSKY
11.96,11.965,11.96,11.965,1175,2021-12-08 20:12:00,GSKY
11.96,11.96,11.96,11.96,200,2021-12-08 20:13:00,GSKY
11.96,11.96,11.96,11.96,300,2021-12-08 20:14:00,GSKY
11.96,11.96,11.96,11.96,200,2021-12-08 20:15:00,GSKY
11.96,11.96,11.96,11.96,300,2021-12-08 20:16:00,GSKY
11.96,11.96,11.96,11.96,800,2021-12-08 20:17:00,GSKY
11.96,11.96,11.96,11.96,300,2021-12-08 20:18:00,GSKY
11.96,11.96,11.96,11.96,200,2021-12-08 20:19:00,GSKY
11.96,11.96,11.96,11.96,200,2021-12-08 20:20:00,GSKY
11.96,11.96,11.96,11.96,685,2021-12-08 20:21:00,GSKY
11.965,11.965,11.96,11.96,274,2021-12-08 20:22:00,GSKY
11.96,11.965,11.96,11.96,771,2021-12-08 20:23:00,GSKY
11.96,11.965,11.96,11.965,600,2021-12-08 20:24:00,GSKY
11.97,11.97,11.96,11.96,400,2021-12-08 20:25:00,GSKY
11.96,11.96,11.96,11.96,4897,2021-12-08 20:26:00,GSKY
11.96,11.96,11.96,11.96,3397,2021-12-08 20:27:00,GSKY
11.96,11.97,11.96,11.96,6150,2021-12-08 20:28:00,GSKY
11.96,11.96,11.95,11.95,800,2021-12-08 20:29:00,GSKY
11.95,11.95,11.95,11.95,1400,2021-12-08 20:30:00,GSKY
11.94,11.945,11.94,11.945,900,2021-12-08 20:31:00,GSKY
11.94,11.94,11.94,11.94,400,2021-12-08 20:32:00,GSKY
11.945,11.95,11.94,11.94,1698,2021-12-08 20:33:00,GSKY
11.94,11.94,11.94,11.94,200,2021-12-08 20:34:00,GSKY
11.94,11.94,11.94,11.94,4489,2021-12-08 20:35:00,GSKY
11.94,11.94,11.94,11.94,1140,2021-12-08 20:36:00,GSKY
11.94,11.94,11.94,11.94,1391,2021-12-08 20:37:00,GSKY
11.93,11.93,11.92,11.92,1536,2021-12-08 20:38:00,GSKY
11.92,11.92,11.92,11.92,793,2021-12-08 20:39:00,GSKY
11.92,11.92,11.92,11.92,400,2021-12-08 20:40:00,GSKY
11.92,11.935,11.92,11.935,4065,2021-12-08 20:41:00,GSKY
11.93,11.93,11.93,11.93,514,2021-12-08 20:42:00,GSKY
11.93,11.93,11.92,11.925,882,2021-12-08 20:43:00,GSKY
11.92,11.92,11.92,11.92,200,2021-12-08 20:44:00,GSKY
11.92,11.92,11.92,11.92,200,2021-12-08 20:45:00,GSKY
11.92,11.925,11.92,11.925,400,2021-12-08 20:46:00,GSKY
11.93,11.93,11.92,11.92,400,2021-12-08 20:47:00,GSKY
11.92,11.925,11.92,11.92,600,2021-12-08 20:48:00,GSKY
11.92,11.92,11.92,11.92,500,2021-12-08 20:49:00,GSKY
11.92,11.925,11.92,11.92,2127,2021-12-08 20:50:00,GSKY
11.92,11.925,11.92,11.925,400,2021-12-08 20:51:00,GSKY
11.92,11.93,11.92,11.925,1267,2021-12-08 20:52:00,GSKY
11.92,11.93,11.92,11.925,500,2021-12-08 20:53:00,GSKY
11.92,11.93,11.92,11.925,1514,2021-12-08 20:54:00,GSKY
11.925,11.925,11.91,11.91,3779,2021-12-08 20:55:00,GSKY
11.915,11.92,11.91,11.91,6059,2021-12-08 20:56:00,GSKY
11.91,11.915,11.9,11.905,7150,2021-12-08 20:57:00,GSKY
11.9,11.9,11.9,11.9,3100,2021-12-08 20:58:00,GSKY
11.9,11.91,11.89,11.9,21677,2021-12-08 20:59:00,GSKY
11.89,11.89,11.88,11.89,56300,2021-12-08 21:00:00,GSKY
11.89,11.89,11.89,11.89,953,2021-12-08 21:01:00,GSKY
11.82,11.85,11.81,11.84,18685,2021-12-09 14:30:00,GSKY
11.83,11.83,11.77,11.81,20103,2021-12-09 14:31:00,GSKY
11.815,11.86,11.815,11.85,6409,2021-12-09 14:32:00,GSKY
11.85,11.86,11.83,11.86,2500,2021-12-09 14:33:00,GSKY
11.87,11.88,11.865,11.88,1400,2021-12-09 14:34:00,GSKY
11.89,11.93,11.89,11.92,450,2021-12-09 14:35:00,GSKY
11.9,11.92,11.9,11.92,600,2021-12-09 14:37:00,GSKY
11.91,11.91,11.91,11.91,100,2021-12-09 14:38:00,GSKY
11.9,11.9,11.9,11.9,500,2021-12-09 14:39:00,GSKY
11.87,11.88,11.87,11.88,600,2021-12-09 14:40:00,GSKY
11.88,11.885,11.87,11.87,3500,2021-12-09 14:41:00,GSKY
11.87,11.87,11.85,11.85,800,2021-12-09 14:42:00,GSKY
11.87,11.88,11.865,11.87,5360,2021-12-09 14:43:00,GSKY
11.85,11.85,11.85,11.85,700,2021-12-09 14:44:00,GSKY
11.84,11.84,11.83,11.83,500,2021-12-09 14:45:00,GSKY
11.84,11.855,11.84,11.855,500,2021-12-09 14:46:00,GSKY
11.86,11.86,11.85,11.86,4200,2021-12-09 14:47:00,GSKY
11.86,11.86,11.838,11.838,1000,2021-12-09 14:48:00,GSKY
11.82,11.829,11.81,11.81,3700,2021-12-09 14:49:00,GSKY
11.82,11.82,11.82,11.82,200,2021-12-09 14:50:00,GSKY
11.81,11.82,11.81,11.82,300,2021-12-09 14:51:00,GSKY
11.81,11.81,11.799,11.81,2000,2021-12-09 14:52:00,GSKY
11.81,11.819,11.81,11.819,300,2021-12-09 14:53:00,GSKY
11.82,11.82,11.82,11.82,100,2021-12-09 14:55:00,GSKY
11.82,11.83,11.82,11.83,1000,2021-12-09 14:56:00,GSKY
11.83,11.83,11.83,11.83,200,2021-12-09 14:57:00,GSKY
11.849,11.85,11.849,11.85,700,2021-12-09 14:59:00,GSKY
11.8562,11.87,11.8562,11.87,1734,2021-12-09 15:00:00,GSKY
11.88,11.89,11.88,11.89,800,2021-12-09 15:01:00,GSKY
11.89,11.89,11.88,11.88,3036,2021-12-09 15:02:00,GSKY
11.88,11.88,11.88,11.88,100,2021-12-09 15:03:00,GSKY
11.885,11.89,11.885,11.89,900,2021-12-09 15:04:00,GSKY
11.89,11.895,11.89,11.895,500,2021-12-09 15:05:00,GSKY
11.89,11.895,11.89,11.895,555,2021-12-09 15:06:00,GSKY
11.89,11.89,11.89,11.89,1909,2021-12-09 15:07:00,GSKY
11.89,11.89,11.89,11.89,300,2021-12-09 15:08:00,GSKY
11.89,11.89,11.88,11.88,2900,2021-12-09 15:09:00,GSKY
11.88,11.88,11.88,11.88,600,2021-12-09 15:10:00,GSKY
11.88,11.885,11.88,11.885,466,2021-12-09 15:11:00,GSKY
11.885,11.885,11.885,11.885,399,2021-12-09 15:12:00,GSKY
11.88,11.88,11.87,11.87,600,2021-12-09 15:13:00,GSKY
11.87,11.87,11.87,11.87,435,2021-12-09 15:14:00,GSKY
11.87,11.88,11.87,11.88,2000,2021-12-09 15:15:00,GSKY
11.87,11.88,11.87,11.88,1200,2021-12-09 15:16:00,GSKY
11.88,11.88,11.87,11.88,1200,2021-12-09 15:17:00,GSKY
11.88,11.88,11.87,11.87,200,2021-12-09 15:18:00,GSKY
11.87,11.87,11.87,11.87,3100,2021-12-09 15:19:00,GSKY
11.87,11.87,11.87,11.87,300,2021-12-09 15:20:00,GSKY
11.87,11.87,11.85,11.85,1180,2021-12-09 15:21:00,GSKY
11.86,11.86,11.86,11.86,500,2021-12-09 15:22:00,GSKY
11.87,11.87,11.87,11.87,300,2021-12-09 15:23:00,GSKY
11.86,11.865,11.86,11.86,1834,2021-12-09 15:24:00,GSKY
11.85,11.85,11.845,11.845,700,2021-12-09 15:25:00,GSKY
11.84,11.85,11.84,11.85,1700,2021-12-09 15:26:00,GSKY
11.855,11.855,11.855,11.855,100,2021-12-09 15:27:00,GSKY
11.85,11.85,11.85,11.85,200,2021-12-09 15:28:00,GSKY
11.85,11.87,11.84,11.86,125486,2021-12-09 15:29:00,GSKY
11.865,11.875,11.865,11.87,9492,2021-12-09 15:30:00,GSKY
11.87,11.87,11.85,11.85,3446,2021-12-09 15:31:00,GSKY
11.845,11.845,11.84,11.84,700,2021-12-09 15:32:00,GSKY
11.84,11.84,11.83,11.83,1400,2021-12-09 15:34:00,GSKY
11.83,11.83,11.83,11.83,4819,2021-12-09 15:35:00,GSKY
11.83,11.83,11.83,11.83,800,2021-12-09 15:36:00,GSKY
11.83,11.83,11.82,11.82,11966,2021-12-09 15:37:00,GSKY
11.82,11.82,11.815,11.82,8977,2021-12-09 15:38:00,GSKY
11.82,11.82,11.82,11.82,1680,2021-12-09 15:39:00,GSKY
11.825,11.825,11.82,11.82,3127,2021-12-09 15:40:00,GSKY
11.82,11.84,11.82,11.835,2935,2021-12-09 15:41:00,GSKY
11.85,11.86,11.85,11.86,3965,2021-12-09 15:42:00,GSKY
11.84,11.85,11.84,11.85,1000,2021-12-09 15:43:00,GSKY
11.85,11.85,11.85,11.85,319,2021-12-09 15:44:00,GSKY
11.85,11.85,11.85,11.85,200,2021-12-09 15:45:00,GSKY
11.85,11.85,11.84,11.85,1200,2021-12-09 15:47:00,GSKY
11.85,11.86,11.85,11.86,5388,2021-12-09 15:48:00,GSKY
11.86,11.88,11.86,11.88,4666,2021-12-09 15:49:00,GSKY
11.87,11.87,11.87,11.87,1500,2021-12-09 15:50:00,GSKY
11.87,11.87,11.87,11.87,300,2021-12-09 15:51:00,GSKY
11.87,11.87,11.87,11.87,700,2021-12-09 15:52:00,GSKY
11.87,11.87,11.87,11.87,1300,2021-12-09 15:53:00,GSKY
11.87,11.87,11.87,11.87,650,2021-12-09 15:54:00,GSKY
11.86,11.87,11.86,11.87,1400,2021-12-09 15:55:00,GSKY
11.88,11.88,11.875,11.875,400,2021-12-09 15:56:00,GSKY
11.89,11.89,11.89,11.89,300,2021-12-09 15:58:00,GSKY
11.89,11.89,11.89,11.89,400,2021-12-09 15:59:00,GSKY
11.89,11.89,11.89,11.89,2200,2021-12-09 16:00:00,GSKY
11.895,11.895,11.88,11.88,1232,2021-12-09 16:02:00,GSKY
11.88,11.88,11.875,11.875,200,2021-12-09 16:03:00,GSKY
11.88,11.88,11.88,11.88,400,2021-12-09 16:04:00,GSKY
11.88,11.88,11.88,11.88,200,2021-12-09 16:05:00,GSKY
11.89,11.9,11.89,11.9,1600,2021-12-09 16:07:00,GSKY
11.905,11.91,11.905,11.91,800,2021-12-09 16:08:00,GSKY
11.9,11.9,11.9,11.9,450,2021-12-09 16:11:00,GSKY
11.89,11.89,11.88,11.88,700,2021-12-09 16:12:00,GSKY
11.88,11.88,11.88,11.88,200,2021-12-09 16:13:00,GSKY
11.87,11.87,11.87,11.87,200,2021-12-09 16:14:00,GSKY
11.87,11.87,11.865,11.865,686,2021-12-09 16:15:00,GSKY
11.88,11.89,11.88,11.89,3200,2021-12-09 16:18:00,GSKY
11.88,11.88,11.88,11.88,100,2021-12-09 16:19:00,GSKY
11.89,11.9,11.89,11.9,3600,2021-12-09 16:20:00,GSKY
11.89,11.89,11.89,11.89,295,2021-12-09 16:21:00,GSKY
11.89,11.895,11.89,11.895,200,2021-12-09 16:22:00,GSKY
11.89,11.89,11.89,11.89,100,2021-12-09 16:23:00,GSKY
11.895,11.9,11.895,11.9,1578,2021-12-09 16:24:00,GSKY
11.9,11.9,11.9,11.9,200,2021-12-09 16:25:00,GSKY
11.9,11.9,11.9,11.9,999,2021-12-09 16:26:00,GSKY
11.9,11.9,11.895,11.895,1333,2021-12-09 16:27:00,GSKY
11.89,11.89,11.88,11.88,1127,2021-12-09 16:30:00,GSKY
11.885,11.89,11.885,11.89,1100,2021-12-09 16:31:00,GSKY
11.89,11.89,11.89,11.89,100,2021-12-09 16:32:00,GSKY
11.89,11.89,11.89,11.89,100,2021-12-09 16:33:00,GSKY
11.895,11.895,11.89,11.89,1400,2021-12-09 16:35:00,GSKY
11.9,11.9,11.9,11.9,2725,2021-12-09 16:36:00,GSKY
11.9,11.91,11.9,11.91,1589,2021-12-09 16:39:00,GSKY
11.91,11.91,11.91,11.91,100,2021-12-09 16:40:00,GSKY
11.91,11.91,11.91,11.91,757,2021-12-09 16:41:00,GSKY
11.91,11.91,11.91,11.91,100,2021-12-09 16:45:00,GSKY
11.915,11.915,11.91,11.91,600,2021-12-09 16:46:00,GSKY
11.91,11.915,11.91,11.915,200,2021-12-09 16:49:00,GSKY
11.915,11.915,11.9103,11.9103,3700,2021-12-09 16:50:00,GSKY
11.915,11.915,11.915,11.915,100,2021-12-09 16:51:00,GSKY
11.91,11.91,11.91,11.91,300,2021-12-09 16:52:00,GSKY
11.91,11.91,11.91,11.91,1833,2021-12-09 16:53:00,GSKY
11.9,11.9,11.9,11.9,100,2021-12-09 16:54:00,GSKY
11.9,11.9,11.89,11.8999,1218,2021-12-09 16:56:00,GSKY
11.895,11.9,11.895,11.9,1000,2021-12-09 16:57:00,GSKY
11.91,11.91,11.91,11.91,800,2021-12-09 16:58:00,GSKY
11.91,11.91,11.91,11.91,100,2021-12-09 16:59:00,GSKY
11.915,11.915,11.915,11.915,121,2021-12-09 17:00:00,GSKY
11.92,11.92,11.915,11.92,600,2021-12-09 17:01:00,GSKY
11.925,11.925,11.92,11.92,400,2021-12-09 17:03:00,GSKY
11.92,11.92,11.91,11.91,2376,2021-12-09 17:04:00,GSKY
11.91,11.91,11.91,11.91,100,2021-12-09 17:06:00,GSKY
11.91,11.92,11.9,11.91,724,2021-12-09 17:07:00,GSKY
11.905,11.91,11.905,11.91,1845,2021-12-09 17:08:00,GSKY
11.915,11.915,11.915,11.915,100,2021-12-09 17:10:00,GSKY
11.92,11.92,11.915,11.915,400,2021-12-09 17:11:00,GSKY
11.93,11.94,11.925,11.935,5692,2021-12-09 17:12:00,GSKY
11.94,11.94,11.94,11.94,1200,2021-12-09 17:13:00,GSKY
11.93,11.93,11.93,11.93,100,2021-12-09 17:14:00,GSKY
11.935,11.96,11.935,11.96,6490,2021-12-09 17:17:00,GSKY
11.965,11.965,11.96,11.96,600,2021-12-09 17:18:00,GSKY
11.965,11.965,11.965,11.965,400,2021-12-09 17:20:00,GSKY
11.97,11.97,11.965,11.965,300,2021-12-09 17:21:00,GSKY
11.96,11.96,11.95,11.95,73834,2021-12-09 17:25:00,GSKY
11.95,11.955,11.945,11.95,31099,2021-12-09 17:26:00,GSKY
11.95,11.96,11.95,11.96,49811,2021-12-09 17:27:00,GSKY
11.955,11.96,11.945,11.96,40775,2021-12-09 17:28:00,GSKY
11.955,11.965,11.95,11.95,18497,2021-12-09 17:29:00,GSKY
11.95,11.96,11.95,11.95,57033,2021-12-09 17:30:00,GSKY
11.95,11.96,11.95,11.96,41240,2021-12-09 17:31:00,GSKY
11.96,11.97,11.95,11.97,44268,2021-12-09 17:32:00,GSKY
11.975,11.975,11.975,11.975,5711,2021-12-09 17:38:00,GSKY
11.97,11.97,11.97,11.97,100,2021-12-09 17:39:00,GSKY
11.975,11.975,11.975,11.975,100,2021-12-09 17:40:00,GSKY
11.975,11.985,11.975,11.985,6933,2021-12-09 17:41:00,GSKY
11.985,11.985,11.985,11.985,200,2021-12-09 17:42:00,GSKY
11.98,11.98,11.95,11.97,122131,2021-12-09 17:44:00,GSKY
11.96,11.96,11.945,11.955,34954,2021-12-09 17:45:00,GSKY
11.96,11.96,11.96,11.96,5023,2021-12-09 17:46:00,GSKY
11.965,11.97,11.95,11.96,59141,2021-12-09 17:48:00,GSKY
11.96,11.96,11.95,11.95,139764,2021-12-09 17:49:00,GSKY
11.95,11.96,11.95,11.95,57309,2021-12-09 17:50:00,GSKY
11.95,11.965,11.95,11.965,99884,2021-12-09 17:51:00,GSKY
11.96,11.96,11.95,11.96,51371,2021-12-09 17:52:00,GSKY
11.965,11.97,11.965,11.97,3022,2021-12-09 17:53:00,GSKY
11.97,11.97,11.95,11.97,42940,2021-12-09 17:54:00,GSKY
11.97,11.97,11.95,11.965,78399,2021-12-09 17:55:00,GSKY
11.96,11.97,11.95,11.96,71229,2021-12-09 17:56:00,GSKY
11.95,11.95,11.95,11.95,16301,2021-12-09 17:57:00,GSKY
11.95,11.95,11.945,11.945,1766,2021-12-09 17:59:00,GSKY
11.9401,11.9401,11.9401,11.9401,500,2021-12-09 18:01:00,GSKY
11.95,11.97,11.95,11.96,67886,2021-12-09 18:02:00,GSKY
11.96,11.96,11.955,11.955,500,2021-12-09 18:03:00,GSKY
11.96,11.96,11.95,11.95,20527,2021-12-09 18:04:00,GSKY
11.95,11.96,11.95,11.95,18580,2021-12-09 18:05:00,GSKY
11.95,11.95,11.95,11.95,200,2021-12-09 18:07:00,GSKY
11.955,11.955,11.945,11.95,84982,2021-12-09 18:08:00,GSKY
11.95,11.96,11.945,11.95,35594,2021-12-09 18:09:00,GSKY
11.95,11.955,11.95,11.95,1200,2021-12-09 18:10:00,GSKY
11.95,11.95,11.945,11.95,11570,2021-12-09 18:11:00,GSKY
11.94,11.95,11.94,11.95,6866,2021-12-09 18:13:00,GSKY
11.945,11.945,11.945,11.945,200,2021-12-09 18:14:00,GSKY
11.95,11.95,11.95,11.95,200,2021-12-09 18:15:00,GSKY
11.945,11.945,11.945,11.945,100,2021-12-09 18:16:00,GSKY
11.95,11.95,11.95,11.95,9235,2021-12-09 18:17:00,GSKY
11.945,11.955,11.945,11.95,3567,2021-12-09 18:18:00,GSKY
11.95,11.95,11.94,11.94,885,2021-12-09 18:20:00,GSKY
11.94,11.94,11.94,11.94,526,2021-12-09 18:21:00,GSKY
11.94,11.945,11.94,11.945,702,2021-12-09 18:22:00,GSKY
11.94,11.95,11.91,11.935,72012,2021-12-09 18:23:00,GSKY
11.93,11.93,11.93,11.93,100,2021-12-09 18:25:00,GSKY
11.93,11.93,11.93,11.93,200,2021-12-09 18:27:00,GSKY
11.93,11.93,11.91,11.91,3294,2021-12-09 18:29:00,GSKY
11.915,11.92,11.915,11.92,3685,2021-12-09 18:30:00,GSKY
11.92,11.925,11.92,11.925,900,2021-12-09 18:31:00,GSKY
11.92,11.92,11.92,11.92,100,2021-12-09 18:33:00,GSKY
11.93,11.94,11.925,11.94,1700,2021-12-09 18:34:00,GSKY
11.93,11.93,11.93,11.93,100,2021-12-09 18:36:00,GSKY
11.93,11.935,11.93,11.935,200,2021-12-09 18:37:00,GSKY
11.935,11.94,11.935,11.94,200,2021-12-09 18:39:00,GSKY
11.93,11.935,11.93,11.935,200,2021-12-09 18:40:00,GSKY
11.93,11.93,11.92,11.92,2342,2021-12-09 18:43:00,GSKY
11.93,11.94,11.93,11.94,2792,2021-12-09 18:44:00,GSKY
11.93,11.935,11.93,11.93,800,2021-12-09 18:45:00,GSKY
11.93,11.93,11.92,11.925,1599,2021-12-09 18:47:00,GSKY
11.92,11.92,11.92,11.92,100,2021-12-09 18:48:00,GSKY
11.92,11.92,11.92,11.92,260,2021-12-09 18:50:00,GSKY
11.91,11.92,11.91,11.92,5600,2021-12-09 18:51:00,GSKY
11.93,11.93,11.93,11.93,4132,2021-12-09 18:52:00,GSKY
11.925,11.925,11.92,11.92,900,2021-12-09 18:54:00,GSKY
11.92,11.92,11.92,11.92,872,2021-12-09 18:55:00,GSKY
11.92,11.925,11.92,11.925,1072,2021-12-09 18:56:00,GSKY
11.93,11.93,11.93,11.93,3753,2021-12-09 18:58:00,GSKY
11.92,11.92,11.92,11.92,2879,2021-12-09 18:59:00,GSKY
11.925,11.925,11.925,11.925,300,2021-12-09 19:00:00,GSKY
11.93,11.93,11.925,11.925,300,2021-12-09 19:02:00,GSKY
11.93,11.935,11.93,11.935,1684,2021-12-09 19:03:00,GSKY
11.93,11.935,11.93,11.935,1231,2021-12-09 19:05:00,GSKY
11.93,11.93,11.93,11.93,200,2021-12-09 19:06:00,GSKY
11.935,11.94,11.935,11.94,1100,2021-12-09 19:07:00,GSKY
11.93,11.93,11.93,11.93,100,2021-12-09 19:09:00,GSKY
11.93,11.93,11.93,11.93,100,2021-12-09 19:12:00,GSKY
11.93,11.93,11.93,11.93,100,2021-12-09 19:15:00,GSKY
11.94,11.94,11.94,11.94,100,2021-12-09 19:17:00,GSKY
11.935,11.935,11.93,11.93,672,2021-12-09 19:18:00,GSKY
11.93,11.93,11.93,11.93,100,2021-12-09 19:19:00,GSKY
11.93,11.93,11.93,11.93,100,2021-12-09 19:21:00,GSKY
11.93,11.93,11.93,11.93,100,2021-12-09 19:23:00,GSKY
11.9325,11.9325,11.9325,11.9325,100,2021-12-09 19:24:00,GSKY
11.93,11.93,11.93,11.93,100,2021-12-09 19:25:00,GSKY
11.93,11.93,11.915,11.915,2601,2021-12-09 19:26:00,GSKY
11.91,11.91,11.9,11.9,4311,2021-12-09 19:27:00,GSKY
11.905,11.91,11.9,11.91,3143,2021-12-09 19:28:00,GSKY
11.91,11.91,11.9,11.9,1100,2021-12-09 19:29:00,GSKY
11.9,11.905,11.9,11.9,500,2021-12-09 19:30:00,GSKY
11.9,11.9,11.9,11.9,500,2021-12-09 19:31:00,GSKY
11.9,11.9,11.9,11.9,100,2021-12-09 19:33:00,GSKY
11.9,11.9,11.9,11.9,384,2021-12-09 19:34:00,GSKY
11.9,11.9,11.89,11.89,600,2021-12-09 19:35:00,GSKY
11.89,11.89,11.89,11.89,100,2021-12-09 19:36:00,GSKY
11.9,11.9,11.895,11.9,1200,2021-12-09 19:37:00,GSKY
11.89,11.89,11.89,11.89,6223,2021-12-09 19:39:00,GSKY
11.885,11.885,11.885,11.885,100,2021-12-09 19:40:00,GSKY
11.89,11.9,11.89,11.9,3085,2021-12-09 19:41:00,GSKY
11.895,11.895,11.895,11.895,200,2021-12-09 19:43:00,GSKY
11.895,11.9,11.895,11.9,200,2021-12-09 19:44:00,GSKY
11.89,11.89,11.89,11.89,100,2021-12-09 19:45:00,GSKY
11.89,11.89,11.89,11.89,100,2021-12-09 19:46:00,GSKY
11.89,11.895,11.89,11.895,1308,2021-12-09 19:47:00,GSKY
11.9,11.9,11.895,11.895,2141,2021-12-09 19:48:00,GSKY
11.9,11.9,11.895,11.895,1100,2021-12-09 19:49:00,GSKY
11.9,11.9,11.9,11.9,200,2021-12-09 19:50:00,GSKY
11.895,11.895,11.895,11.895,100,2021-12-09 19:53:00,GSKY
11.89,11.89,11.89,11.89,100,2021-12-09 19:55:00,GSKY
11.89,11.89,11.88,11.88,2220,2021-12-09 19:56:00,GSKY
11.885,11.885,11.885,11.885,200,2021-12-09 19:57:00,GSKY
11.885,11.885,11.885,11.885,100,2021-12-09 19:58:00,GSKY
11.88,11.88,11.88,11.88,100,2021-12-09 19:59:00,GSKY
11.88,11.88,11.88,11.88,100,2021-12-09 20:00:00,GSKY
11.89,11.895,11.89,11.895,1900,2021-12-09 20:01:00,GSKY
11.895,11.9,11.89,11.895,3502,2021-12-09 20:02:00,GSKY
11.895,11.895,11.895,11.895,100,2021-12-09 20:03:00,GSKY
11.89,11.89,11.89,11.89,1199,2021-12-09 20:04:00,GSKY
11.88,11.88,11.87,11.87,2507,2021-12-09 20:05:00,GSKY
11.875,11.885,11.875,11.885,2219,2021-12-09 20:06:00,GSKY
11.88,11.88,11.88,11.88,800,2021-12-09 20:07:00,GSKY
11.89,11.89,11.885,11.89,1278,2021-12-09 20:10:00,GSKY
11.88,11.885,11.88,11.885,10755,2021-12-09 20:12:00,GSKY
11.88,11.89,11.88,11.89,900,2021-12-09 20:13:00,GSKY
11.885,11.89,11.885,11.89,700,2021-12-09 20:14:00,GSKY
11.89,11.89,11.89,11.89,100,2021-12-09 20:15:00,GSKY
11.88,11.89,11.88,11.89,1169,2021-12-09 20:16:00,GSKY
11.88,11.89,11.88,11.89,1199,2021-12-09 20:18:00,GSKY
11.88,11.88,11.88,11.88,197,2021-12-09 20:20:00,GSKY
11.885,11.885,11.885,11.885,400,2021-12-09 20:21:00,GSKY
11.885,11.885,11.88,11.885,2500,2021-12-09 20:22:00,GSKY
11.8806,11.885,11.875,11.885,6403,2021-12-09 20:23:00,GSKY
11.88,11.88,11.88,11.88,100,2021-12-09 20:24:00,GSKY
11.89,11.89,11.89,11.89,1600,2021-12-09 20:25:00,GSKY
11.88,11.885,11.88,11.885,300,2021-12-09 20:26:00,GSKY
11.89,11.89,11.885,11.885,2047,2021-12-09 20:28:00,GSKY
11.89,11.89,11.88,11.885,400,2021-12-09 20:30:00,GSKY
11.89,11.9,11.89,11.895,2957,2021-12-09 20:31:00,GSKY
11.89,11.9,11.89,11.9,400,2021-12-09 20:32:00,GSKY
11.9,11.91,11.9,11.91,6660,2021-12-09 20:34:00,GSKY
11.9,11.91,11.9,11.91,2078,2021-12-09 20:35:00,GSKY
11.91,11.91,11.905,11.905,4209,2021-12-09 20:36:00,GSKY
11.91,11.91,11.91,11.91,700,2021-12-09 20:37:00,GSKY
11.91,11.92,11.91,11.92,1200,2021-12-09 20:38:00,GSKY
11.915,11.915,11.915,11.915,300,2021-12-09 20:39:00,GSKY
11.91,11.92,11.91,11.915,2245,2021-12-09 20:40:00,GSKY
11.92,11.92,11.915,11.915,1300,2021-12-09 20:41:00,GSKY
11.915,11.925,11.915,11.925,866,2021-12-09 20:42:00,GSKY
11.925,11.925,11.925,11.925,2200,2021-12-09 20:43:00,GSKY
11.925,11.93,11.92,11.93,857,2021-12-09 20:44:00,GSKY
11.925,11.925,11.925,11.925,2100,2021-12-09 20:45:00,GSKY
11.925,11.925,11.925,11.925,100,2021-12-09 20:46:00,GSKY
11.925,11.925,11.925,11.925,1900,2021-12-09 20:47:00,GSKY
11.925,11.925,11.925,11.925,100,2021-12-09 20:48:00,GSKY
11.925,11.925,11.925,11.925,1100,2021-12-09 20:49:00,GSKY
11.925,11.93,11.92,11.925,4661,2021-12-09 20:50:00,GSKY
11.925,11.93,11.92,11.93,2300,2021-12-09 20:51:00,GSKY
11.93,11.93,11.925,11.93,13862,2021-12-09 20:52:00,GSKY
11.93,11.93,11.925,11.925,2267,2021-12-09 20:53:00,GSKY
11.925,11.93,11.92,11.92,11616,2021-12-09 20:54:00,GSKY
11.92,11.925,11.91,11.915,9702,2021-12-09 20:55:00,GSKY
11.915,11.92,11.91,11.91,9124,2021-12-09 20:56:00,GSKY
11.91,11.92,11.9,11.9,15762,2021-12-09 20:57:00,GSKY
11.91,11.91,11.9,11.905,950,2021-12-09 20:58:00,GSKY
11.905,11.91,11.88,11.885,37114,2021-12-09 20:59:00,GSKY
11.88,11.88,11.88,11.88,47265,2021-12-09 21:00:00,GSKY
11.88,11.88,11.88,11.88,817,2021-12-09 21:01:00,GSKY
11.91,11.95,11.91,11.95,3709,2021-12-10 14:30:00,GSKY
11.93,11.94,11.9,11.9,2277,2021-12-10 14:31:00,GSKY
11.915,11.93,11.9,11.9,15346,2021-12-10 14:33:00,GSKY
11.91,11.91,11.885,11.89,12580,2021-12-10 14:34:00,GSKY
11.875,11.875,11.86,11.87,700,2021-12-10 14:35:00,GSKY
11.89,11.895,11.88,11.88,600,2021-12-10 14:36:00,GSKY
11.895,11.905,11.89,11.89,2192,2021-12-10 14:37:00,GSKY
11.9,11.9,11.9,11.9,600,2021-12-10 14:38:00,GSKY
11.9,11.9,11.895,11.9,1500,2021-12-10 14:39:00,GSKY
11.92,11.93,11.92,11.92,1800,2021-12-10 14:40:00,GSKY
11.93,11.93,11.92,11.92,1007,2021-12-10 14:41:00,GSKY
11.9,11.9,11.9,11.9,200,2021-12-10 14:42:00,GSKY
11.89,11.9,11.88,11.89,1134,2021-12-10 14:43:00,GSKY
11.9,11.9,11.9,11.9,1200,2021-12-10 14:44:00,GSKY
11.895,11.895,11.895,11.895,100,2021-12-10 14:46:00,GSKY
11.86,11.87,11.86,11.87,200,2021-12-10 14:48:00,GSKY
11.86,11.86,11.86,11.86,1000,2021-12-10 14:50:00,GSKY
11.87,11.87,11.87,11.87,400,2021-12-10 14:51:00,GSKY
11.875,11.875,11.875,11.875,100,2021-12-10 14:52:00,GSKY
11.865,11.875,11.86,11.875,3799,2021-12-10 14:53:00,GSKY
11.87,11.87,11.87,11.87,600,2021-12-10 14:54:00,GSKY
11.87,11.87,11.855,11.855,300,2021-12-10 14:55:00,GSKY
11.85,11.85,11.84,11.84,1203,2021-12-10 14:56:00,GSKY
11.82,11.82,11.81,11.81,300,2021-12-10 14:57:00,GSKY
11.81,11.81,11.8,11.8,600,2021-12-10 14:58:00,GSKY
11.8,11.8,11.8,11.8,600,2021-12-10 14:59:00,GSKY
11.8,11.81,11.8,11.81,1582,2021-12-10 15:00:00,GSKY
11.8,11.8,11.785,11.785,1860,2021-12-10 15:01:00,GSKY
11.79,11.79,11.785,11.785,300,2021-12-10 15:02:00,GSKY
11.79,11.79,11.77,11.77,441,2021-12-10 15:03:00,GSKY
11.77,11.77,11.77,11.77,100,2021-12-10 15:04:00,GSKY
11.77,11.78,11.77,11.78,900,2021-12-10 15:05:00,GSKY
11.76,11.76,11.76,11.76,1495,2021-12-10 15:06:00,GSKY
11.77,11.77,11.77,11.77,597,2021-12-10 15:07:00,GSKY
11.765,11.7757,11.765,11.7757,600,2021-12-10 15:08:00,GSKY
11.78,11.78,11.76,11.76,834,2021-12-10 15:09:00,GSKY
11.76,11.76,11.75,11.75,622,2021-12-10 15:10:00,GSKY
11.76,11.76,11.74,11.74,1249,2021-12-10 15:11:00,GSKY
11.75,11.75,11.75,11.75,800,2021-12-10 15:12:00,GSKY
11.74,11.75,11.74,11.74,1500,2021-12-10 15:13:00,GSKY
11.74,11.74,11.7338,11.74,926,2021-12-10 15:15:00,GSKY
11.75,11.76,11.75,11.76,1500,2021-12-10 15:17:00,GSKY
11.76,11.76,11.76,11.76,200,2021-12-10 15:18:00,GSKY
11.76,11.76,11.755,11.755,900,2021-12-10 15:19:00,GSKY
11.73,11.74,11.73,11.74,1365,2021-12-10 15:20:00,GSKY
11.74,11.75,11.74,11.75,300,2021-12-10 15:21:00,GSKY
11.745,11.745,11.74,11.74,3000,2021-12-10 15:23:00,GSKY
11.74,11.75,11.735,11.735,2100,2021-12-10 15:24:00,GSKY
11.73,11.73,11.725,11.7275,2883,2021-12-10 15:26:00,GSKY
11.73,11.73,11.725,11.725,500,2021-12-10 15:28:00,GSKY
11.73,11.73,11.73,11.73,200,2021-12-10 15:29:00,GSKY
11.74,11.74,11.73,11.735,1900,2021-12-10 15:30:00,GSKY
11.73,11.73,11.725,11.725,2200,2021-12-10 15:31:00,GSKY
11.72,11.72,11.72,11.72,2639,2021-12-10 15:32:00,GSKY
11.715,11.715,11.705,11.71,1148,2021-12-10 15:33:00,GSKY
11.71,11.71,11.7,11.705,1285,2021-12-10 15:34:00,GSKY
11.7,11.703,11.7,11.7,3977,2021-12-10 15:35:00,GSKY
11.7,11.71,11.7,11.71,4724,2021-12-10 15:36:00,GSKY
11.71,11.72,11.705,11.72,2879,2021-12-10 15:37:00,GSKY
11.73,11.73,11.73,11.73,161,2021-12-10 15:39:00,GSKY
11.72,11.72,11.71,11.71,3103,2021-12-10 15:40:00,GSKY
11.705,11.71,11.705,11.71,600,2021-12-10 15:41:00,GSKY
11.7,11.7,11.7,11.7,100,2021-12-10 15:42:00,GSKY
11.69,11.69,11.69,11.69,300,2021-12-10 15:43:00,GSKY
11.69,11.7,11.69,11.69,2400,2021-12-10 15:44:00,GSKY
11.69,11.7,11.69,11.7,600,2021-12-10 15:46:00,GSKY
11.7,11.7,11.695,11.695,1741,2021-12-10 15:47:00,GSKY
11.7,11.705,11.7,11.705,400,2021-12-10 15:48:00,GSKY
11.7,11.7,11.7,11.7,1000,2021-12-10 15:49:00,GSKY
11.7,11.7,11.7,11.7,800,2021-12-10 15:50:00,GSKY
11.71,11.71,11.71,11.71,100,2021-12-10 15:53:00,GSKY
11.71,11.71,11.71,11.71,570,2021-12-10 15:54:00,GSKY
11.705,11.705,11.7,11.7,200,2021-12-10 15:55:00,GSKY
11.7,11.71,11.7,11.71,5600,2021-12-10 15:56:00,GSKY
11.71,11.71,11.705,11.705,800,2021-12-10 15:58:00,GSKY
11.7,11.7,11.7,11.7,1200,2021-12-10 15:59:00,GSKY
11.71,11.72,11.71,11.715,1900,2021-12-10 16:00:00,GSKY
11.71,11.71,11.71,11.71,3257,2021-12-10 16:01:00,GSKY
11.705,11.72,11.7,11.715,4728,2021-12-10 16:02:00,GSKY
11.71,11.71,11.71,11.71,713,2021-12-10 16:03:00,GSKY
11.695,11.7,11.695,11.7,3502,2021-12-10 16:04:00,GSKY
11.7,11.7,11.695,11.7,1744,2021-12-10 16:05:00,GSKY
11.685,11.69,11.685,11.69,400,2021-12-10 16:07:00,GSKY
11.68,11.68,11.66,11.66,699,2021-12-10 16:08:00,GSKY
11.66,11.66,11.6528,11.6528,904,2021-12-10 16:09:00,GSKY
11.65,11.68,11.65,11.67,6781,2021-12-10 16:10:00,GSKY
11.67,11.67,11.665,11.665,200,2021-12-10 16:11:00,GSKY
11.66,11.665,11.66,11.665,2359,2021-12-10 16:12:00,GSKY
11.66,11.66,11.66,11.66,305,2021-12-10 16:13:00,GSKY
11.66,11.66,11.66,11.66,1000,2021-12-10 16:14:00,GSKY
11.66,11.66,11.66,11.66,200,2021-12-10 16:16:00,GSKY
11.66,11.675,11.66,11.675,2417,2021-12-10 16:17:00,GSKY
11.675,11.68,11.675,11.68,1533,2021-12-10 16:18:00,GSKY
11.68,11.68,11.68,11.68,400,2021-12-10 16:19:00,GSKY
11.67,11.67,11.67,11.67,100,2021-12-10 16:20:00,GSKY
11.68,11.68,11.68,11.68,1863,2021-12-10 16:22:00,GSKY
11.67,11.67,11.67,11.67,600,2021-12-10 16:25:00,GSKY
11.68,11.68,11.68,11.68,1400,2021-12-10 16:26:00,GSKY
11.69,11.695,11.69,11.69,1980,2021-12-10 16:27:00,GSKY
11.69,11.705,11.69,11.705,6073,2021-12-10 16:28:00,GSKY
11.71,11.71,11.705,11.705,255,2021-12-10 16:29:00,GSKY
11.705,11.705,11.7,11.7,1434,2021-12-10 16:30:00,GSKY
11.7,11.7,11.7,11.7,300,2021-12-10 16:31:00,GSKY
11.71,11.71,11.71,11.71,500,2021-12-10 16:32:00,GSKY
11.7,11.7,11.7,11.7,100,2021-12-10 16:33:00,GSKY
11.7,11.7,11.7,11.7,998,2021-12-10 16:34:00,GSKY
11.705,11.705,11.7,11.7,873,2021-12-10 16:37:00,GSKY
11.7,11.7,11.7,11.7,1194,2021-12-10 16:39:00,GSKY
11.7,11.7,11.7,11.7,600,2021-12-10 16:40:00,GSKY
11.69,11.7,11.69,11.7,800,2021-12-10 16:42:00,GSKY
11.7,11.7,11.7,11.7,600,2021-12-10 16:43:00,GSKY
11.7,11.7,11.7,11.7,600,2021-12-10 16:44:00,GSKY
11.7,11.7,11.7,11.7,100,2021-12-10 16:45:00,GSKY
11.71,11.72,11.71,11.71,1795,2021-12-10 16:46:00,GSKY
11.71,11.71,11.71,11.71,100,2021-12-10 16:47:00,GSKY
11.71,11.71,11.71,11.71,100,2021-12-10 16:48:00,GSKY
11.71,11.72,11.71,11.72,1400,2021-12-10 16:49:00,GSKY
11.715,11.725,11.715,11.725,1546,2021-12-10 16:50:00,GSKY
11.72,11.72,11.71,11.72,660,2021-12-10 16:52:00,GSKY
11.72,11.72,11.72,11.72,2446,2021-12-10 16:54:00,GSKY
11.72,11.72,11.715,11.715,457,2021-12-10 16:55:00,GSKY
11.72,11.725,11.72,11.725,1401,2021-12-10 16:57:00,GSKY
11.72,11.72,11.72,11.72,700,2021-12-10 16:58:00,GSKY
11.715,11.73,11.715,11.73,1464,2021-12-10 16:59:00,GSKY
11.73,11.73,11.73,11.73,200,2021-12-10 17:00:00,GSKY
11.725,11.725,11.725,11.725,100,2021-12-10 17:01:00,GSKY
11.72,11.72,11.7118,11.7118,689,2021-12-10 17:03:00,GSKY
11.71,11.71,11.71,11.71,300,2021-12-10 17:04:00,GSKY
11.71,11.72,11.71,11.72,1733,2021-12-10 17:05:00,GSKY
11.71,11.71,11.71,11.71,200,2021-12-10 17:06:00,GSKY
11.71,11.71,11.71,11.71,100,2021-12-10 17:07:00,GSKY
11.71,11.72,11.705,11.715,5319,2021-12-10 17:08:00,GSKY
11.71,11.71,11.71,11.71,102,2021-12-10 17:09:00,GSKY
11.71,11.71,11.71,11.71,400,2021-12-10 17:10:00,GSKY
11.71,11.71,11.7,11.71,2619,2021-12-10 17:13:00,GSKY
11.705,11.705,11.705,11.705,100,2021-12-10 17:14:00,GSKY
11.7,11.7,11.7,11.7,400,2021-12-10 17:16:00,GSKY
11.7,11.7,11.7,11.7,100,2021-12-10 17:18:00,GSKY
11.69,11.69,11.685,11.69,3578,2021-12-10 17:19:00,GSKY
11.69,11.695,11.69,11.695,500,2021-12-10 17:20:00,GSKY
11.7,11.7,11.7,11.7,300,2021-12-10 17:22:00,GSKY
11.7,11.7,11.7,11.7,1733,2021-12-10 17:23:00,GSKY
11.7,11.7,11.7,11.7,100,2021-12-10 17:24:00,GSKY
11.7,11.7,11.7,11.7,200,2021-12-10 17:26:00,GSKY
11.7,11.705,11.7,11.705,400,2021-12-10 17:27:00,GSKY
11.7,11.7,11.7,11.7,100,2021-12-10 17:28:00,GSKY
11.7,11.705,11.7,11.705,300,2021-12-10 17:29:00,GSKY
11.7,11.7,11.7,11.7,200,2021-12-10 17:30:00,GSKY
11.7,11.7,11.7,11.7,400,2021-12-10 17:31:00,GSKY
11.7,11.7,11.695,11.695,1012,2021-12-10 17:32:00,GSKY
11.7,11.7,11.7,11.7,1754,2021-12-10 17:33:00,GSKY
11.69,11.69,11.69,11.69,800,2021-12-10 17:35:00,GSKY
11.69,11.69,11.69,11.69,426,2021-12-10 17:36:00,GSKY
11.68,11.68,11.675,11.68,2592,2021-12-10 17:37:00,GSKY
11.68,11.68,11.68,11.68,700,2021-12-10 17:39:00,GSKY
11.69,11.69,11.685,11.69,3852,2021-12-10 17:40:00,GSKY
11.69,11.69,11.69,11.69,100,2021-12-10 17:42:00,GSKY
11.69,11.69,11.69,11.69,218,2021-12-10 17:43:00,GSKY
11.695,11.7,11.69,11.69,500,2021-12-10 17:44:00,GSKY
11.69,11.69,11.69,11.69,700,2021-12-10 17:45:00,GSKY
11.695,11.695,11.695,11.695,100,2021-12-10 17:46:00,GSKY
11.69,11.69,11.69,11.69,100,2021-12-10 17:47:00,GSKY
11.695,11.695,11.695,11.695,500,2021-12-10 17:48:00,GSKY
11.69,11.69,11.69,11.69,200,2021-12-10 17:51:00,GSKY
11.695,11.695,11.69,11.69,200,2021-12-10 17:52:00,GSKY
11.695,11.695,11.695,11.695,300,2021-12-10 17:53:00,GSKY
11.7,11.71,11.7,11.705,4178,2021-12-10 17:56:00,GSKY
11.7,11.7,11.7,11.7,100,2021-12-10 17:57:00,GSKY
11.705,11.705,11.705,11.705,100,2021-12-10 17:59:00,GSKY
11.71,11.71,11.71,11.71,100,2021-12-10 18:00:00,GSKY
11.72,11.72,11.72,11.72,884,2021-12-10 18:01:00,GSKY
11.73,11.735,11.725,11.725,5305,2021-12-10 18:03:00,GSKY
11.72,11.72,11.72,11.72,100,2021-12-10 18:04:00,GSKY
11.72,11.72,11.72,11.72,500,2021-12-10 18:05:00,GSKY
11.72,11.72,11.72,11.72,200,2021-12-10 18:06:00,GSKY
11.73,11.73,11.72,11.72,2400,2021-12-10 18:07:00,GSKY
11.72,11.72,11.72,11.72,100,2021-12-10 18:08:00,GSKY
11.71,11.715,11.71,11.715,300,2021-12-10 18:10:00,GSKY
11.7101,11.7101,11.7101,11.7101,100,2021-12-10 18:11:00,GSKY
11.71,11.71,11.71,11.71,100,2021-12-10 18:12:00,GSKY
11.71,11.71,11.71,11.71,100,2021-12-10 18:15:00,GSKY
11.71,11.71,11.71,11.71,200,2021-12-10 18:16:00,GSKY
11.71,11.71,11.71,11.71,100,2021-12-10 18:19:00,GSKY
11.71,11.71,11.71,11.71,100,2021-12-10 18:20:00,GSKY
11.715,11.73,11.715,11.725,12174,2021-12-10 18:21:00,GSKY
11.72,11.72,11.72,11.72,1862,2021-12-10 18:23:00,GSKY
11.71,11.72,11.71,11.72,304,2021-12-10 18:24:00,GSKY
11.715,11.715,11.715,11.715,100,2021-12-10 18:25:00,GSKY
11.715,11.715,11.715,11.715,200,2021-12-10 18:26:00,GSKY
11.71,11.71,11.71,11.71,300,2021-12-10 18:30:00,GSKY
11.71,11.71,11.71,11.71,2534,2021-12-10 18:31:00,GSKY
11.705,11.705,11.7,11.7,1797,2021-12-10 18:32:00,GSKY
11.69,11.69,11.69,11.69,100,2021-12-10 18:34:00,GSKY
11.69,11.695,11.69,11.69,500,2021-12-10 18:35:00,GSKY
11.69,11.69,11.685,11.69,1552,2021-12-10 18:36:00,GSKY
11.69,11.695,11.69,11.69,1700,2021-12-10 18:37:00,GSKY
11.7,11.7,11.69,11.69,300,2021-12-10 18:38:00,GSKY
11.695,11.7,11.695,11.7,400,2021-12-10 18:39:00,GSKY
11.69,11.69,11.69,11.69,200,2021-12-10 18:41:00,GSKY
11.69,11.69,11.69,11.69,100,2021-12-10 18:43:00,GSKY
11.7,11.7,11.7,11.7,100,2021-12-10 18:46:00,GSKY
11.69,11.69,11.69,11.69,300,2021-12-10 18:47:00,GSKY
11.695,11.695,11.695,11.695,407,2021-12-10 18:48:00,GSKY
11.69,11.7,11.69,11.7,400,2021-12-10 18:49:00,GSKY
11.7,11.7,11.695,11.695,898,2021-12-10 18:50:00,GSKY
11.695,11.695,11.695,11.695,200,2021-12-10 18:51:00,GSKY
11.69,11.69,11.69,11.69,100,2021-12-10 18:53:00,GSKY
11.6901,11.695,11.69,11.69,400,2021-12-10 18:54:00,GSKY
11.695,11.71,11.695,11.705,5906,2021-12-10 18:56:00,GSKY
11.705,11.71,11.705,11.705,994,2021-12-10 18:57:00,GSKY
11.705,11.705,11.69,11.7,1791,2021-12-10 18:59:00,GSKY
11.7,11.7,11.7,11.7,948,2021-12-10 19:00:00,GSKY
11.71,11.71,11.71,11.71,200,2021-12-10 19:01:00,GSKY
11.71,11.71,11.71,11.71,342,2021-12-10 19:02:00,GSKY
11.7,11.7,11.7,11.7,1816,2021-12-10 19:04:00,GSKY
11.7,11.7,11.7,11.7,100,2021-12-10 19:05:00,GSKY
11.69,11.69,11.69,11.69,100,2021-12-10 19:06:00,GSKY
11.69,11.69,11.685,11.69,5800,2021-12-10 19:07:00,GSKY
11.7,11.7,11.7,11.7,400,2021-12-10 19:08:00,GSKY
11.7,11.7,11.7,11.7,100,2021-12-10 19:09:00,GSKY
11.7,11.7,11.7,11.7,100,2021-12-10 19:10:00,GSKY
11.71,11.71,11.71,11.71,100,2021-12-10 19:12:00,GSKY
11.71,11.71,11.71,11.71,200,2021-12-10 19:13:00,GSKY
11.71,11.71,11.71,11.71,200,2021-12-10 19:14:00,GSKY
11.71,11.715,11.71,11.715,400,2021-12-10 19:15:00,GSKY
11.715,11.715,11.71,11.71,300,2021-12-10 19:17:00,GSKY
11.71,11.715,11.71,11.715,1173,2021-12-10 19:18:00,GSKY
11.71,11.72,11.71,11.71,1100,2021-12-10 19:20:00,GSKY
11.715,11.72,11.71,11.71,600,2021-12-10 19:21:00,GSKY
11.71,11.71,11.71,11.71,100,2021-12-10 19:22:00,GSKY
11.715,11.72,11.715,11.72,565,2021-12-10 19:24:00,GSKY
11.715,11.715,11.715,11.715,100,2021-12-10 19:26:00,GSKY
11.715,11.715,11.715,11.715,100,2021-12-10 19:28:00,GSKY
11.72,11.72,11.72,11.72,700,2021-12-10 19:29:00,GSKY
11.73,11.73,11.73,11.73,300,2021-12-10 19:30:00,GSKY
11.73,11.73,11.73,11.73,200,2021-12-10 19:31:00,GSKY
11.73,11.735,11.73,11.735,300,2021-12-10 19:32:00,GSKY
11.73,11.73,11.72,11.72,2036,2021-12-10 19:33:00,GSKY
11.72,11.72,11.72,11.72,1000,2021-12-10 19:34:00,GSKY
11.72,11.72,11.72,11.72,1530,2021-12-10 19:35:00,GSKY
11.73,11.73,11.71,11.72,3797,2021-12-10 19:36:00,GSKY
11.71,11.71,11.71,11.71,100,2021-12-10 19:37:00,GSKY
11.71,11.72,11.71,11.71,500,2021-12-10 19:38:00,GSKY
11.72,11.72,11.72,11.72,200,2021-12-10 19:39:00,GSKY
11.71,11.71,11.71,11.71,100,2021-12-10 19:43:00,GSKY
11.71,11.71,11.71,11.71,300,2021-12-10 19:45:00,GSKY
11.7123,11.7123,11.71,11.71,725,2021-12-10 19:46:00,GSKY
11.71,11.71,11.71,11.71,100,2021-12-10 19:47:00,GSKY
11.71,11.715,11.71,11.715,200,2021-12-10 19:48:00,GSKY
11.715,11.715,11.715,11.715,589,2021-12-10 19:49:00,GSKY
11.71,11.71,11.71,11.71,100,2021-12-10 19:50:00,GSKY
11.71,11.71,11.71,11.71,100,2021-12-10 19:51:00,GSKY
11.71,11.71,11.71,11.71,200,2021-12-10 19:52:00,GSKY
11.71,11.71,11.71,11.71,200,2021-12-10 19:53:00,GSKY
11.71,11.71,11.7,11.7,3941,2021-12-10 19:54:00,GSKY
11.7,11.7,11.7,11.7,100,2021-12-10 19:55:00,GSKY
11.7,11.7,11.7,11.7,100,2021-12-10 19:56:00,GSKY
11.7,11.7,11.7,11.7,100,2021-12-10 19:57:00,GSKY
11.7,11.7,11.69,11.69,21830,2021-12-10 19:58:00,GSKY
11.69,11.69,11.67,11.675,33601,2021-12-10 19:59:00,GSKY
11.675,11.68,11.67,11.6775,47200,2021-12-10 20:00:00,GSKY
11.69,11.69,11.68,11.68,300,2021-12-10 20:01:00,GSKY
11.68,11.68,11.67,11.67,29194,2021-12-10 20:02:00,GSKY
11.67,11.68,11.66,11.67,35250,2021-12-10 20:03:00,GSKY
11.675,11.68,11.665,11.67,40224,2021-12-10 20:04:00,GSKY
11.67,11.67,11.665,11.665,11405,2021-12-10 20:05:00,GSKY
11.665,11.68,11.66,11.67,71157,2021-12-10 20:06:00,GSKY
11.67,11.67,11.67,11.67,600,2021-12-10 20:07:00,GSKY
11.67,11.69,11.665,11.685,13096,2021-12-10 20:08:00,GSKY
11.685,11.69,11.685,11.69,1149,2021-12-10 20:09:00,GSKY
11.685,11.695,11.685,11.69,8909,2021-12-10 20:10:00,GSKY
11.69,11.69,11.67,11.685,90329,2021-12-10 20:11:00,GSKY
11.68,11.69,11.67,11.68,71735,2021-12-10 20:12:00,GSKY
11.68,11.68,11.67,11.675,96658,2021-12-10 20:13:00,GSKY
11.675,11.69,11.67,11.685,49684,2021-12-10 20:14:00,GSKY
11.68,11.685,11.68,11.68,800,2021-12-10 20:15:00,GSKY
11.68,11.69,11.68,11.685,798,2021-12-10 20:16:00,GSKY
11.69,11.69,11.67,11.685,57114,2021-12-10 20:17:00,GSKY
11.685,11.69,11.67,11.685,114558,2021-12-10 20:18:00,GSKY
11.685,11.7,11.68,11.69,108512,2021-12-10 20:19:00,GSKY
11.69,11.71,11.68,11.7,139294,2021-12-10 20:20:00,GSKY
11.7,11.7,11.69,11.695,93111,2021-12-10 20:21:00,GSKY
11.695,11.7,11.69,11.69,96246,2021-12-10 20:22:00,GSKY
11.69,11.69,11.69,11.69,23006,2021-12-10 20:23:00,GSKY
11.69,11.6941,11.685,11.685,5529,2021-12-10 20:24:00,GSKY
11.68,11.69,11.67,11.685,47726,2021-12-10 20:25:00,GSKY
11.69,11.69,11.685,11.685,200,2021-12-10 20:26:00,GSKY
11.685,11.685,11.685,11.685,200,2021-12-10 20:27:00,GSKY
11.685,11.685,11.685,11.685,100,2021-12-10 20:28:00,GSKY
11.685,11.69,11.685,11.69,8700,2021-12-10 20:29:00,GSKY
11.69,11.7,11.685,11.7,4212,2021-12-10 20:30:00,GSKY
11.695,11.7,11.68,11.7,52937,2021-12-10 20:31:00,GSKY
11.7,11.7,11.695,11.7,12688,2021-12-10 20:32:00,GSKY
11.695,11.7,11.69,11.69,24035,2021-12-10 20:33:00,GSKY
11.69,11.7,11.69,11.7,18785,2021-12-10 20:34:00,GSKY
11.71,11.71,11.7,11.71,26190,2021-12-10 20:35:00,GSKY
11.705,11.71,11.7,11.71,10700,2021-12-10 20:36:00,GSKY
11.71,11.71,11.7,11.7,3927,2021-12-10 20:37:00,GSKY
11.7,11.7,11.69,11.7,22216,2021-12-10 20:38:00,GSKY
11.7,11.7,11.695,11.7,36323,2021-12-10 20:39:00,GSKY
11.705,11.71,11.7,11.71,26066,2021-12-10 20:40:00,GSKY
11.71,11.71,11.7,11.7,12400,2021-12-10 20:41:00,GSKY
11.71,11.71,11.71,11.71,600,2021-12-10 20:42:00,GSKY
11.7,11.71,11.69,11.7,14667,2021-12-10 20:43:00,GSKY
11.695,11.7,11.695,11.695,2380,2021-12-10 20:44:00,GSKY
11.7,11.7,11.69,11.69,1078,2021-12-10 20:45:00,GSKY
11.69,11.69,11.69,11.69,800,2021-12-10 20:46:00,GSKY
11.69,11.695,11.69,11.69,1176,2021-12-10 20:47:00,GSKY
11.7,11.7,11.68,11.7,44629,2021-12-10 20:48:00,GSKY
11.69,11.7,11.69,11.69,3501,2021-12-10 20:49:00,GSKY
11.69,11.71,11.68,11.7,78085,2021-12-10 20:50:00,GSKY
11.7,11.7,11.7,11.7,700,2021-12-10 20:51:00,GSKY
11.7,11.7,11.69,11.7,22998,2021-12-10 20:52:00,GSKY
11.7,11.7,11.69,11.7,4488,2021-12-10 20:53:00,GSKY
11.69,11.7,11.68,11.7,42234,2021-12-10 20:54:00,GSKY
11.69,11.7,11.685,11.69,57850,2021-12-10 20:55:00,GSKY
11.69,11.7,11.69,11.69,2928,2021-12-10 20:56:00,GSKY
11.69,11.71,11.69,11.71,13248,2021-12-10 20:57:00,GSKY
11.71,11.71,11.7,11.7,2242,2021-12-10 20:58:00,GSKY
11.71,11.72,11.7,11.71,15479,2021-12-10 20:59:00,GSKY
11.7,11.7,11.7,11.7,86439,2021-12-10 21:00:00,GSKY
11.68,11.7,11.68,11.695,13124,2021-12-13 14:30:00,GSKY
11.69,11.69,11.67,11.67,1500,2021-12-13 14:31:00,GSKY
11.69,11.69,11.65,11.67,3053,2021-12-13 14:32:00,GSKY
11.65,11.67,11.64,11.655,11935,2021-12-13 14:33:00,GSKY
11.66,11.66,11.63,11.63,4085,2021-12-13 14:34:00,GSKY
11.62,11.64,11.615,11.63,3320,2021-12-13 14:35:00,GSKY
11.63,11.63,11.625,11.63,700,2021-12-13 14:36:00,GSKY
11.63,11.64,11.61,11.61,1900,2021-12-13 14:37:00,GSKY
11.62,11.63,11.6,11.63,2000,2021-12-13 14:38:00,GSKY
11.6,11.6,11.595,11.6,3280,2021-12-13 14:39:00,GSKY
11.595,11.61,11.595,11.61,3341,2021-12-13 14:40:00,GSKY
11.61,11.64,11.61,11.64,1300,2021-12-13 14:41:00,GSKY
11.64,11.65,11.61,11.61,2939,2021-12-13 14:42:00,GSKY
11.61,11.61,11.605,11.61,700,2021-12-13 14:43:00,GSKY
11.61,11.61,11.57,11.58,5400,2021-12-13 14:44:00,GSKY
11.58,11.58,11.5603,11.58,2057,2021-12-13 14:45:00,GSKY
11.58,11.58,11.56,11.56,2161,2021-12-13 14:46:00,GSKY
11.56,11.57,11.55,11.56,6700,2021-12-13 14:47:00,GSKY
11.57,11.57,11.54,11.55,3511,2021-12-13 14:48:00,GSKY
11.545,11.545,11.53,11.54,4736,2021-12-13 14:49:00,GSKY
11.53,11.56,11.53,11.56,7935,2021-12-13 14:50:00,GSKY
11.56,11.56,11.55,11.56,863,2021-12-13 14:51:00,GSKY
11.55,11.55,11.53,11.53,1518,2021-12-13 14:52:00,GSKY
11.52,11.54,11.52,11.53,2280,2021-12-13 14:53:00,GSKY
11.54,11.56,11.54,11.56,4100,2021-12-13 14:54:00,GSKY
11.56,11.57,11.555,11.565,1100,2021-12-13 14:55:00,GSKY
11.56,11.58,11.56,11.575,1350,2021-12-13 14:56:00,GSKY
11.58,11.58,11.58,11.58,1000,2021-12-13 14:57:00,GSKY
11.57,11.57,11.56,11.56,2176,2021-12-13 14:58:00,GSKY
11.56,11.56,11.55,11.56,1900,2021-12-13 14:59:00,GSKY
11.56,11.56,11.54,11.54,1920,2021-12-13 15:00:00,GSKY
11.545,11.55,11.54,11.55,2000,2021-12-13 15:01:00,GSKY
11.56,11.57,11.56,11.56,1000,2021-12-13 15:02:00,GSKY
11.56,11.56,11.55,11.56,1200,2021-12-13 15:03:00,GSKY
11.55,11.56,11.54,11.56,1808,2021-12-13 15:04:00,GSKY
11.56,11.57,11.56,11.57,1628,2021-12-13 15:05:00,GSKY
11.57,11.58,11.57,11.575,1600,2021-12-13 15:06:00,GSKY
11.57,11.57,11.54,11.55,4320,2021-12-13 15:07:00,GSKY
11.55,11.56,11.55,11.56,1840,2021-12-13 15:08:00,GSKY
11.56,11.56,11.55,11.55,3088,2021-12-13 15:09:00,GSKY
11.55,11.55,11.535,11.55,1400,2021-12-13 15:10:00,GSKY
11.55,11.55,11.54,11.54,1200,2021-12-13 15:11:00,GSKY
11.54,11.54,11.53,11.53,5200,2021-12-13 15:12:00,GSKY
11.53,11.55,11.53,11.55,2500,2021-12-13 15:13:00,GSKY
11.55,11.56,11.55,11.56,1200,2021-12-13 15:14:00,GSKY
11.55,11.56,11.55,11.56,900,2021-12-13 15:15:00,GSKY
11.55,11.55,11.54,11.55,3200,2021-12-13 15:16:00,GSKY
11.55,11.55,11.54,11.545,6569,2021-12-13 15:17:00,GSKY
11.545,11.55,11.5325,11.54,6720,2021-12-13 15:18:00,GSKY
11.54,11.54,11.53,11.53,900,2021-12-13 15:19:00,GSKY
11.535,11.55,11.535,11.54,1100,2021-12-13 15:20:00,GSKY
11.55,11.55,11.525,11.525,1435,2021-12-13 15:21:00,GSKY
11.53,11.54,11.53,11.54,1800,2021-12-13 15:22:00,GSKY
11.54,11.54,11.54,11.54,700,2021-12-13 15:23:00,GSKY
11.54,11.54,11.53,11.53,2700,2021-12-13 15:24:00,GSKY
11.54,11.54,11.53,11.53,1000,2021-12-13 15:25:00,GSKY
11.53,11.54,11.53,11.54,1800,2021-12-13 15:26:00,GSKY
11.53,11.53,11.51,11.515,2600,2021-12-13 15:27:00,GSKY
11.51,11.51,11.5,11.51,2900,2021-12-13 15:28:00,GSKY
11.51,11.52,11.51,11.52,1000,2021-12-13 15:29:00,GSKY
11.51,11.51,11.5,11.51,1200,2021-12-13 15:30:00,GSKY
11.51,11.51,11.5,11.5,1757,2021-12-13 15:31:00,GSKY
11.51,11.51,11.51,11.51,500,2021-12-13 15:32:00,GSKY
11.51,11.52,11.51,11.52,6619,2021-12-13 15:33:00,GSKY
11.52,11.52,11.51,11.51,3178,2021-12-13 15:34:00,GSKY
11.52,11.53,11.52,11.52,2100,2021-12-13 15:35:00,GSKY
11.525,11.53,11.52,11.53,1100,2021-12-13 15:36:00,GSKY
11.53,11.55,11.53,11.55,900,2021-12-13 15:37:00,GSKY
11.55,11.55,11.54,11.55,900,2021-12-13 15:38:00,GSKY
11.555,11.555,11.555,11.555,357,2021-12-13 15:39:00,GSKY
11.55,11.56,11.55,11.55,2565,2021-12-13 15:40:00,GSKY
11.55,11.56,11.55,11.555,1000,2021-12-13 15:41:00,GSKY
11.56,11.57,11.56,11.56,1700,2021-12-13 15:42:00,GSKY
11.56,11.56,11.55,11.55,1790,2021-12-13 15:43:00,GSKY
11.54,11.55,11.54,11.55,1800,2021-12-13 15:44:00,GSKY
11.55,11.56,11.55,11.55,1100,2021-12-13 15:45:00,GSKY
11.56,11.56,11.54,11.545,11286,2021-12-13 15:46:00,GSKY
11.54,11.55,11.54,11.54,1600,2021-12-13 15:47:00,GSKY
11.54,11.54,11.53,11.535,1600,2021-12-13 15:48:00,GSKY
11.535,11.535,11.51,11.52,12345,2021-12-13 15:49:00,GSKY
11.52,11.52,11.51,11.52,28638,2021-12-13 15:50:00,GSKY
11.52,11.525,11.5,11.51,16482,2021-12-13 15:51:00,GSKY
11.52,11.52,11.515,11.515,700,2021-12-13 15:52:00,GSKY
11.515,11.515,11.51,11.51,1992,2021-12-13 15:53:00,GSKY
11.51,11.51,11.49,11.51,2400,2021-12-13 15:54:00,GSKY
11.51,11.51,11.5,11.5,3600,2021-12-13 15:55:00,GSKY
11.5,11.51,11.5,11.51,3300,2021-12-13 15:56:00,GSKY
11.51,11.51,11.4942,11.4942,2088,2021-12-13 15:57:00,GSKY
11.49,11.495,11.48,11.48,32052,2021-12-13 15:58:00,GSKY
11.48,11.5,11.48,11.5,6184,2021-12-13 15:59:00,GSKY
11.5,11.505,11.48,11.505,68095,2021-12-13 16:00:00,GSKY
11.5,11.51,11.49,11.51,23274,2021-12-13 16:01:00,GSKY
11.51,11.51,11.49,11.5,20269,2021-12-13 16:02:00,GSKY
11.5,11.5,11.48,11.485,3514,2021-12-13 16:03:00,GSKY
11.49,11.49,11.485,11.485,400,2021-12-13 16:04:00,GSKY
11.49,11.49,11.465,11.48,43655,2021-12-13 16:05:00,GSKY
11.48,11.49,11.47,11.49,114374,2021-12-13 16:06:00,GSKY
11.48,11.5,11.47,11.5,28430,2021-12-13 16:07:00,GSKY
11.495,11.5,11.495,11.5,800,2021-12-13 16:08:00,GSKY
11.5,11.5,11.49,11.5,12169,2021-12-13 16:09:00,GSKY
11.49,11.5,11.485,11.49,16193,2021-12-13 16:10:00,GSKY
11.485,11.49,11.48,11.485,2522,2021-12-13 16:11:00,GSKY
11.485,11.485,11.48,11.48,20429,2021-12-13 16:12:00,GSKY
11.49,11.5,11.485,11.5,8398,2021-12-13 16:13:00,GSKY
11.5,11.51,11.5,11.51,1400,2021-12-13 16:14:00,GSKY
11.5,11.51,11.5,11.51,800,2021-12-13 16:15:00,GSKY
11.51,11.51,11.51,11.51,600,2021-12-13 16:16:00,GSKY
11.51,11.515,11.51,11.515,400,2021-12-13 16:17:00,GSKY
11.52,11.52,11.5,11.5,1892,2021-12-13 16:18:00,GSKY
11.51,11.51,11.49,11.49,5290,2021-12-13 16:19:00,GSKY
11.495,11.495,11.49,11.495,900,2021-12-13 16:20:00,GSKY
11.495,11.5,11.495,11.5,600,2021-12-13 16:21:00,GSKY
11.5,11.5,11.49,11.5,800,2021-12-13 16:22:00,GSKY
11.49,11.5,11.49,11.5,900,2021-12-13 16:23:00,GSKY
11.5,11.5,11.49,11.49,200,2021-12-13 16:24:00,GSKY
11.49,11.5,11.49,11.5,3989,2021-12-13 16:25:00,GSKY
11.5,11.5,11.49,11.49,1644,2021-12-13 16:26:00,GSKY
11.5,11.5,11.49,11.495,2050,2021-12-13 16:27:00,GSKY
11.49,11.49,11.48,11.485,1500,2021-12-13 16:28:00,GSKY
11.48,11.48,11.475,11.475,2254,2021-12-13 16:29:00,GSKY
11.47,11.48,11.47,11.48,800,2021-12-13 16:30:00,GSKY
11.475,11.48,11.47,11.48,5300,2021-12-13 16:31:00,GSKY
11.47,11.48,11.47,11.48,11558,2021-12-13 16:32:00,GSKY
11.48,11.49,11.48,11.49,1731,2021-12-13 16:33:00,GSKY
11.485,11.49,11.485,11.49,200,2021-12-13 16:34:00,GSKY
11.49,11.5,11.49,11.495,6899,2021-12-13 16:35:00,GSKY
11.49,11.5,11.49,11.495,7121,2021-12-13 16:36:00,GSKY
11.495,11.52,11.495,11.52,7905,2021-12-13 16:37:00,GSKY
11.505,11.51,11.5,11.5,1900,2021-12-13 16:38:00,GSKY
11.51,11.51,11.505,11.505,500,2021-12-13 16:39:00,GSKY
11.505,11.51,11.505,11.51,1000,2021-12-13 16:40:00,GSKY
11.51,11.52,11.51,11.52,3814,2021-12-13 16:41:00,GSKY
11.52,11.52,11.5,11.51,44053,2021-12-13 16:42:00,GSKY
11.51,11.51,11.49,11.5,65405,2021-12-13 16:43:00,GSKY
11.505,11.505,11.5,11.5,5710,2021-12-13 16:44:00,GSKY
11.5,11.51,11.5,11.51,2000,2021-12-13 16:45:00,GSKY
11.505,11.51,11.5,11.51,2300,2021-12-13 16:46:00,GSKY
11.5,11.51,11.5,11.51,900,2021-12-13 16:47:00,GSKY
11.51,11.51,11.5,11.51,800,2021-12-13 16:48:00,GSKY
11.51,11.51,11.5,11.505,800,2021-12-13 16:49:00,GSKY
11.5,11.51,11.49,11.49,1300,2021-12-13 16:50:00,GSKY
11.495,11.5,11.495,11.5,500,2021-12-13 16:51:00,GSKY
11.5,11.5,11.5,11.5,700,2021-12-13 16:52:00,GSKY
11.5,11.5,11.49,11.5,850,2021-12-13 16:53:00,GSKY
11.5,11.51,11.5,11.51,5929,2021-12-13 16:54:00,GSKY
11.51,11.51,11.505,11.51,700,2021-12-13 16:55:00,GSKY
11.51,11.51,11.505,11.51,500,2021-12-13 16:56:00,GSKY
11.51,11.51,11.5,11.5,1000,2021-12-13 16:57:00,GSKY
11.5,11.51,11.5,11.51,900,2021-12-13 16:58:00,GSKY
11.51,11.52,11.51,11.52,2392,2021-12-13 16:59:00,GSKY
11.52,11.52,11.51,11.52,2700,2021-12-13 17:00:00,GSKY
11.51,11.51,11.5,11.51,1963,2021-12-13 17:01:00,GSKY
11.51,11.51,11.51,11.51,1199,2021-12-13 17:03:00,GSKY
11.51,11.51,11.51,11.51,673,2021-12-13 17:04:00,GSKY
11.51,11.51,11.505,11.505,1050,2021-12-13 17:05:00,GSKY
11.51,11.51,11.5,11.505,700,2021-12-13 17:06:00,GSKY
11.505,11.51,11.505,11.51,1634,2021-12-13 17:07:00,GSKY
11.51,11.51,11.51,11.51,700,2021-12-13 17:08:00,GSKY
11.505,11.52,11.505,11.52,2150,2021-12-13 17:09:00,GSKY
11.52,11.52,11.52,11.52,3300,2021-12-13 17:10:00,GSKY
11.52,11.52,11.515,11.515,1200,2021-12-13 17:11:00,GSKY
11.515,11.52,11.515,11.52,1826,2021-12-13 17:12:00,GSKY
11.52,11.52,11.51,11.52,2000,2021-12-13 17:13:00,GSKY
11.515,11.52,11.51,11.52,2300,2021-12-13 17:14:00,GSKY
11.52,11.52,11.515,11.52,600,2021-12-13 17:15:00,GSKY
11.515,11.515,11.49,11.5,34249,2021-12-13 17:16:00,GSKY
11.5,11.5,11.49,11.5,1000,2021-12-13 17:17:00,GSKY
11.5,11.51,11.49,11.51,10380,2021-12-13 17:18:00,GSKY
11.51,11.51,11.51,11.51,3600,2021-12-13 17:19:00,GSKY
11.52,11.52,11.52,11.52,700,2021-12-13 17:20:00,GSKY
11.52,11.52,11.52,11.52,700,2021-12-13 17:21:00,GSKY
11.52,11.52,11.52,11.52,400,2021-12-13 17:22:00,GSKY
11.52,11.52,11.515,11.515,500,2021-12-13 17:23:00,GSKY
11.52,11.52,11.52,11.52,800,2021-12-13 17:24:00,GSKY
11.52,11.52,11.52,11.52,600,2021-12-13 17:25:00,GSKY
11.52,11.52,11.515,11.52,700,2021-12-13 17:26:00,GSKY
11.52,11.52,11.52,11.52,100,2021-12-13 17:27:00,GSKY
11.52,11.52,11.52,11.52,100,2021-12-13 17:29:00,GSKY
11.52,11.52,11.52,11.52,1800,2021-12-13 17:30:00,GSKY
11.51,11.51,11.51,11.51,3876,2021-12-13 17:31:00,GSKY
11.51,11.51,11.505,11.51,3680,2021-12-13 17:32:00,GSKY
11.5,11.51,11.5,11.51,926,2021-12-13 17:33:00,GSKY
11.505,11.51,11.505,11.51,978,2021-12-13 17:34:00,GSKY
11.51,11.515,11.51,11.515,1800,2021-12-13 17:35:00,GSKY
11.52,11.52,11.515,11.515,600,2021-12-13 17:36:00,GSKY
11.52,11.52,11.515,11.515,1300,2021-12-13 17:38:00,GSKY
11.515,11.52,11.515,11.515,600,2021-12-13 17:39:00,GSKY
11.515,11.52,11.515,11.52,700,2021-12-13 17:40:00,GSKY
11.515,11.515,11.505,11.51,7317,2021-12-13 17:41:00,GSKY
11.51,11.51,11.5,11.505,13578,2021-12-13 17:42:00,GSKY
11.505,11.505,11.5,11.505,1404,2021-12-13 17:43:00,GSKY
11.5,11.505,11.5,11.5,700,2021-12-13 17:44:00,GSKY
11.51,11.51,11.505,11.51,800,2021-12-13 17:45:00,GSKY
11.51,11.51,11.51,11.51,800,2021-12-13 17:46:00,GSKY
11.51,11.51,11.5,11.505,2543,2021-12-13 17:47:00,GSKY
11.51,11.51,11.505,11.505,500,2021-12-13 17:48:00,GSKY
11.51,11.51,11.505,11.505,600,2021-12-13 17:49:00,GSKY
11.51,11.51,11.5,11.505,2500,2021-12-13 17:50:00,GSKY
11.51,11.51,11.505,11.51,800,2021-12-13 17:51:00,GSKY
11.51,11.51,11.5,11.51,1000,2021-12-13 17:52:00,GSKY
11.51,11.51,11.5,11.5,586,2021-12-13 17:53:00,GSKY
11.5,11.5,11.5,11.5,4320,2021-12-13 17:55:00,GSKY
11.495,11.5,11.495,11.495,821,2021-12-13 17:56:00,GSKY
11.5,11.5,11.49,11.49,1633,2021-12-13 17:57:00,GSKY
11.495,11.5,11.49,11.5,1000,2021-12-13 17:58:00,GSKY
11.495,11.495,11.485,11.49,5550,2021-12-13 17:59:00,GSKY
11.49,11.49,11.485,11.49,600,2021-12-13 18:00:00,GSKY
11.49,11.49,11.49,11.49,500,2021-12-13 18:01:00,GSKY
11.49,11.5,11.49,11.5,3312,2021-12-13 18:02:00,GSKY
11.5,11.5,11.495,11.495,500,2021-12-13 18:03:00,GSKY
11.49,11.5,11.49,11.49,1370,2021-12-13 18:04:00,GSKY
11.49,11.5,11.49,11.49,1000,2021-12-13 18:05:00,GSKY
11.49,11.495,11.49,11.495,1100,2021-12-13 18:06:00,GSKY
11.495,11.5,11.4925,11.5,1400,2021-12-13 18:07:00,GSKY
11.5,11.5,11.495,11.495,600,2021-12-13 18:08:00,GSKY
11.5,11.5,11.49,11.49,7686,2021-12-13 18:09:00,GSKY
11.5,11.5,11.495,11.495,900,2021-12-13 18:10:00,GSKY
11.5,11.51,11.4925,11.51,13127,2021-12-13 18:11:00,GSKY
11.51,11.51,11.5,11.5,700,2021-12-13 18:12:00,GSKY
11.5,11.51,11.5,11.51,500,2021-12-13 18:13:00,GSKY
11.51,11.51,11.505,11.51,1600,2021-12-13 18:14:00,GSKY
11.51,11.51,11.5,11.51,700,2021-12-13 18:15:00,GSKY
11.51,11.51,11.505,11.51,600,2021-12-13 18:16:00,GSKY
11.51,11.51,11.51,11.51,700,2021-12-13 18:17:00,GSKY
11.505,11.51,11.5,11.505,1474,2021-12-13 18:18:00,GSKY
11.5,11.51,11.5,11.51,1500,2021-12-13 18:19:00,GSKY
11.51,11.51,11.505,11.505,658,2021-12-13 18:20:00,GSKY
11.51,11.51,11.505,11.51,700,2021-12-13 18:21:00,GSKY
11.505,11.51,11.5,11.51,1700,2021-12-13 18:22:00,GSKY
11.51,11.52,11.505,11.515,10387,2021-12-13 18:23:00,GSKY
11.52,11.52,11.52,11.52,500,2021-12-13 18:24:00,GSKY
11.52,11.52,11.515,11.52,1448,2021-12-13 18:25:00,GSKY
11.52,11.52,11.51,11.51,21973,2021-12-13 18:26:00,GSKY
11.51,11.51,11.505,11.505,2200,2021-12-13 18:27:00,GSKY
11.51,11.51,11.5,11.51,62936,2021-12-13 18:28:00,GSKY
11.505,11.505,11.505,11.505,600,2021-12-13 18:29:00,GSKY
11.505,11.51,11.5,11.505,6600,2021-12-13 18:30:00,GSKY
11.51,11.51,11.505,11.51,12769,2021-12-13 18:31:00,GSKY
11.5,11.505,11.5,11.505,1400,2021-12-13 18:32:00,GSKY
11.505,11.51,11.5,11.5,4618,2021-12-13 18:33:00,GSKY
11.5,11.51,11.5,11.51,5600,2021-12-13 18:34:00,GSKY
11.51,11.51,11.5,11.5,1136,2021-12-13 18:35:00,GSKY
11.51,11.51,11.49,11.505,40279,2021-12-13 18:36:00,GSKY
11.505,11.51,11.5,11.51,2900,2021-12-13 18:37:00,GSKY
11.51,11.51,11.505,11.505,600,2021-12-13 18:38:00,GSKY
11.51,11.51,11.5,11.505,800,2021-12-13 18:39:00,GSKY
11.5,11.51,11.5,11.51,3200,2021-12-13 18:40:00,GSKY
11.51,11.52,11.5,11.5,39815,2021-12-13 18:41:00,GSKY
11.51,11.51,11.505,11.51,3980,2021-12-13 18:42:00,GSKY
11.51,11.51,11.51,11.51,600,2021-12-13 18:43:00,GSKY
11.51,11.515,11.5025,11.51,11068,2021-12-13 18:44:00,GSKY
11.515,11.515,11.51,11.51,830,2021-12-13 18:45:00,GSKY
11.52,11.52,11.51,11.52,500,2021-12-13 18:46:00,GSKY
11.52,11.52,11.51,11.51,14673,2021-12-13 18:47:00,GSKY
11.52,11.52,11.51,11.52,2400,2021-12-13 18:48:00,GSKY
11.52,11.53,11.5125,11.525,70915,2021-12-13 18:49:00,GSKY
11.52,11.53,11.51,11.53,13284,2021-12-13 18:50:00,GSKY
11.52,11.525,11.52,11.525,1392,2021-12-13 18:51:00,GSKY
11.525,11.53,11.52,11.53,2300,2021-12-13 18:52:00,GSKY
11.525,11.53,11.52,11.53,800,2021-12-13 18:53:00,GSKY
11.53,11.53,11.52,11.52,15451,2021-12-13 18:54:00,GSKY
11.525,11.53,11.52,11.525,61793,2021-12-13 18:55:00,GSKY
11.52,11.53,11.52,11.53,1400,2021-12-13 18:56:00,GSKY
11.53,11.53,11.5225,11.53,1000,2021-12-13 18:57:00,GSKY
11.53,11.53,11.525,11.53,12611,2021-12-13 18:58:00,GSKY
11.53,11.53,11.53,11.53,500,2021-12-13 18:59:00,GSKY
11.53,11.53,11.515,11.52,128652,2021-12-13 19:00:00,GSKY
11.525,11.525,11.51,11.52,38093,2021-12-13 19:01:00,GSKY
11.52,11.52,11.515,11.515,700,2021-12-13 19:02:00,GSKY
11.52,11.53,11.52,11.53,16350,2021-12-13 19:03:00,GSKY
11.53,11.53,11.53,11.53,30453,2021-12-13 19:04:00,GSKY
11.53,11.54,11.53,11.54,104603,2021-12-13 19:05:00,GSKY
11.54,11.54,11.53,11.53,70021,2021-12-13 19:06:00,GSKY
11.535,11.54,11.53,11.54,900,2021-12-13 19:07:00,GSKY
11.535,11.54,11.53,11.53,97239,2021-12-13 19:08:00,GSKY
11.53,11.53,11.53,11.53,18632,2021-12-13 19:09:00,GSKY
11.53,11.53,11.53,11.53,600,2021-12-13 19:10:00,GSKY
11.53,11.53,11.522,11.522,2100,2021-12-13 19:11:00,GSKY
11.53,11.53,11.52,11.53,22523,2021-12-13 19:12:00,GSKY
11.53,11.53,11.525,11.525,1066,2021-12-13 19:13:00,GSKY
11.53,11.53,11.525,11.525,933,2021-12-13 19:14:00,GSKY
11.53,11.53,11.53,11.53,9276,2021-12-13 19:15:00,GSKY
11.53,11.53,11.525,11.525,2412,2021-12-13 19:16:00,GSKY
11.53,11.53,11.525,11.53,600,2021-12-13 19:17:00,GSKY
11.53,11.53,11.525,11.53,2407,2021-12-13 19:18:00,GSKY
11.525,11.53,11.52,11.53,34193,2021-12-13 19:19:00,GSKY
11.525,11.53,11.525,11.525,12377,2021-12-13 19:20:00,GSKY
11.53,11.53,11.525,11.53,45813,2021-12-13 19:21:00,GSKY
11.53,11.53,11.53,11.53,3800,2021-12-13 19:22:00,GSKY
11.53,11.54,11.52,11.54,58323,2021-12-13 19:23:00,GSKY
11.54,11.54,11.5399,11.54,800,2021-12-13 19:24:00,GSKY
11.54,11.55,11.54,11.55,12087,2021-12-13 19:25:00,GSKY
11.55,11.55,11.545,11.55,1100,2021-12-13 19:26:00,GSKY
11.55,11.55,11.54,11.545,850,2021-12-13 19:27:00,GSKY
11.54,11.55,11.54,11.55,408,2021-12-13 19:28:00,GSKY
11.54,11.545,11.54,11.545,4928,2021-12-13 19:29:00,GSKY
11.54,11.54,11.54,11.54,100,2021-12-13 19:30:00,GSKY
11.545,11.545,11.535,11.535,38880,2021-12-13 19:31:00,GSKY
11.54,11.54,11.54,11.54,700,2021-12-13 19:32:00,GSKY
11.54,11.54,11.54,11.54,600,2021-12-13 19:33:00,GSKY
11.54,11.54,11.54,11.54,700,2021-12-13 19:34:00,GSKY
11.54,11.54,11.535,11.535,400,2021-12-13 19:35:00,GSKY
11.54,11.54,11.535,11.54,6200,2021-12-13 19:36:00,GSKY
11.545,11.545,11.545,11.545,300,2021-12-13 19:37:00,GSKY
11.545,11.545,11.545,11.545,197,2021-12-13 19:38:00,GSKY
11.545,11.55,11.545,11.545,2200,2021-12-13 19:39:00,GSKY
11.55,11.55,11.55,11.55,100,2021-12-13 19:40:00,GSKY
11.55,11.55,11.545,11.55,1100,2021-12-13 19:41:00,GSKY
11.55,11.55,11.55,11.55,600,2021-12-13 19:42:00,GSKY
11.55,11.55,11.5454,11.5454,200,2021-12-13 19:43:00,GSKY
11.55,11.55,11.54,11.55,2660,2021-12-13 19:45:00,GSKY
11.55,11.55,11.55,11.55,100,2021-12-13 19:46:00,GSKY
11.545,11.55,11.545,11.545,960,2021-12-13 19:47:00,GSKY
11.54,11.545,11.535,11.535,11367,2021-12-13 19:48:00,GSKY
11.54,11.54,11.53,11.54,3494,2021-12-13 19:49:00,GSKY
11.53,11.54,11.53,11.54,1600,2021-12-13 19:50:00,GSKY
11.54,11.54,11.54,11.54,800,2021-12-13 19:51:00,GSKY
11.53,11.54,11.53,11.54,500,2021-12-13 19:52:00,GSKY
11.54,11.54,11.54,11.54,600,2021-12-13 19:53:00,GSKY
11.54,11.55,11.53,11.545,4921,2021-12-13 19:54:00,GSKY
11.55,11.55,11.55,11.55,700,2021-12-13 19:55:00,GSKY
11.55,11.55,11.545,11.55,2500,2021-12-13 19:56:00,GSKY
11.545,11.55,11.545,11.55,600,2021-12-13 19:57:00,GSKY
11.55,11.55,11.55,11.55,500,2021-12-13 19:58:00,GSKY
11.55,11.55,11.55,11.55,800,2021-12-13 19:59:00,GSKY
11.55,11.55,11.545,11.55,900,2021-12-13 20:00:00,GSKY
11.55,11.55,11.545,11.545,1281,2021-12-13 20:01:00,GSKY
11.545,11.55,11.545,11.55,1700,2021-12-13 20:02:00,GSKY
11.545,11.55,11.545,11.545,500,2021-12-13 20:03:00,GSKY
11.545,11.56,11.545,11.56,10313,2021-12-13 20:04:00,GSKY
11.56,11.56,11.56,11.56,900,2021-12-13 20:05:00,GSKY
11.56,11.56,11.555,11.56,1989,2021-12-13 20:06:00,GSKY
11.56,11.56,11.555,11.555,600,2021-12-13 20:07:00,GSKY
11.56,11.56,11.555,11.555,600,2021-12-13 20:08:00,GSKY
11.56,11.56,11.555,11.555,457,2021-12-13 20:09:00,GSKY
11.56,11.56,11.56,11.56,997,2021-12-13 20:10:00,GSKY
11.56,11.56,11.555,11.56,1408,2021-12-13 20:11:00,GSKY
11.555,11.56,11.555,11.56,500,2021-12-13 20:12:00,GSKY
11.56,11.56,11.56,11.56,989,2021-12-13 20:13:00,GSKY
11.56,11.56,11.5501,11.56,900,2021-12-13 20:14:00,GSKY
11.56,11.56,11.56,11.56,700,2021-12-13 20:15:00,GSKY
11.56,11.56,11.555,11.56,800,2021-12-13 20:16:00,GSKY
11.56,11.56,11.56,11.56,1700,2021-12-13 20:17:00,GSKY
11.56,11.56,11.555,11.56,1792,2021-12-13 20:18:00,GSKY
11.56,11.56,11.55,11.555,924,2021-12-13 20:19:00,GSKY
11.56,11.56,11.555,11.56,1000,2021-12-13 20:20:00,GSKY
11.555,11.56,11.555,11.56,1400,2021-12-13 20:21:00,GSKY
11.56,11.56,11.55,11.56,3525,2021-12-13 20:22:00,GSKY
11.55,11.56,11.55,11.555,2450,2021-12-13 20:23:00,GSKY
11.56,11.56,11.555,11.56,600,2021-12-13 20:24:00,GSKY
11.56,11.57,11.56,11.57,4086,2021-12-13 20:25:00,GSKY
11.57,11.57,11.56,11.57,836,2021-12-13 20:26:00,GSKY
11.57,11.57,11.56,11.565,1400,2021-12-13 20:27:00,GSKY
11.57,11.57,11.565,11.57,700,2021-12-13 20:28:00,GSKY
11.57,11.57,11.565,11.57,1100,2021-12-13 20:29:00,GSKY
11.56,11.57,11.56,11.57,4651,2021-12-13 20:30:00,GSKY
11.57,11.57,11.57,11.57,500,2021-12-13 20:31:00,GSKY
11.57,11.57,11.565,11.57,2200,2021-12-13 20:32:00,GSKY
11.56,11.57,11.56,11.56,6300,2021-12-13 20:33:00,GSKY
11.56,11.57,11.56,11.565,19112,2021-12-13 20:34:00,GSKY
11.57,11.57,11.56,11.57,1200,2021-12-13 20:35:00,GSKY
11.56,11.57,11.56,11.57,900,2021-12-13 20:36:00,GSKY
11.565,11.565,11.55,11.56,3398,2021-12-13 20:37:00,GSKY
11.56,11.56,11.555,11.56,950,2021-12-13 20:38:00,GSKY
11.56,11.56,11.55,11.555,2200,2021-12-13 20:39:00,GSKY
11.55,11.56,11.55,11.55,1338,2021-12-13 20:40:00,GSKY
11.555,11.56,11.55,11.55,1700,2021-12-13 20:41:00,GSKY
11.55,11.56,11.55,11.56,1617,2021-12-13 20:42:00,GSKY
11.56,11.56,11.55,11.56,1700,2021-12-13 20:43:00,GSKY
11.56,11.56,11.55,11.55,7695,2021-12-13 20:44:00,GSKY
11.55,11.56,11.55,11.555,1600,2021-12-13 20:45:00,GSKY
11.56,11.56,11.55,11.55,3816,2021-12-13 20:46:00,GSKY
11.56,11.56,11.55,11.56,1861,2021-12-13 20:47:00,GSKY
11.555,11.56,11.55,11.55,2500,2021-12-13 20:48:00,GSKY
11.55,11.56,11.55,11.55,2100,2021-12-13 20:49:00,GSKY
11.555,11.555,11.52,11.53,11757,2021-12-13 20:50:00,GSKY
11.525,11.54,11.525,11.535,20805,2021-12-13 20:51:00,GSKY
11.53,11.54,11.53,11.53,2700,2021-12-13 20:52:00,GSKY
11.53,11.53,11.515,11.52,8572,2021-12-13 20:53:00,GSKY
11.515,11.52,11.51,11.51,5414,2021-12-13 20:54:00,GSKY
11.515,11.52,11.51,11.51,9601,2021-12-13 20:55:00,GSKY
11.51,11.52,11.5,11.52,17388,2021-12-13 20:56:00,GSKY
11.51,11.52,11.51,11.515,1200,2021-12-13 20:57:00,GSKY
11.52,11.52,11.51,11.51,2980,2021-12-13 20:58:00,GSKY
11.515,11.52,11.51,11.52,15478,2021-12-13 20:59:00,GSKY
11.51,11.51,11.51,11.51,86868,2021-12-13 21:00:00,GSKY
11.52,11.52,11.52,11.52,200,2021-12-13 21:49:00,GSKY
11.45,11.45,11.45,11.45,853,2021-12-14 12:21:00,GSKY
11.44,11.53,11.44,11.52,3258,2021-12-14 14:30:00,GSKY
11.53,11.535,11.53,11.535,1301,2021-12-14 14:31:00,GSKY
11.53,11.53,11.52,11.52,700,2021-12-14 14:33:00,GSKY
11.505,11.52,11.5,11.52,766,2021-12-14 14:34:00,GSKY
11.52,11.52,11.51,11.51,1303,2021-12-14 14:35:00,GSKY
11.51,11.53,11.51,11.53,6504,2021-12-14 14:36:00,GSKY
11.53,11.55,11.52,11.55,5298,2021-12-14 14:37:00,GSKY
11.56,11.56,11.56,11.56,1550,2021-12-14 14:38:00,GSKY
11.575,11.59,11.575,11.58,400,2021-12-14 14:39:00,GSKY
11.58,11.6,11.57,11.6,1550,2021-12-14 14:40:00,GSKY
11.615,11.63,11.61,11.63,1000,2021-12-14 14:41:00,GSKY
11.63,11.63,11.605,11.605,600,2021-12-14 14:42:00,GSKY
11.61,11.62,11.61,11.61,300,2021-12-14 14:43:00,GSKY
11.61,11.61,11.6,11.61,600,2021-12-14 14:44:00,GSKY
11.61,11.62,11.595,11.62,6264,2021-12-14 14:45:00,GSKY
11.61,11.61,11.59,11.59,1500,2021-12-14 14:46:00,GSKY
11.595,11.61,11.595,11.61,5886,2021-12-14 14:47:00,GSKY
11.61,11.61,11.6,11.6,500,2021-12-14 14:48:00,GSKY
11.6,11.61,11.59,11.61,1500,2021-12-14 14:49:00,GSKY
11.62,11.63,11.61,11.63,5800,2021-12-14 14:50:00,GSKY
11.62,11.63,11.62,11.63,800,2021-12-14 14:51:00,GSKY
11.63,11.64,11.63,11.635,1373,2021-12-14 14:52:00,GSKY
11.65,11.66,11.65,11.655,600,2021-12-14 14:53:00,GSKY
11.66,11.668,11.65,11.65,2253,2021-12-14 14:54:00,GSKY
11.65,11.66,11.65,11.66,400,2021-12-14 14:55:00,GSKY
11.67,11.68,11.655,11.68,2127,2021-12-14 14:56:00,GSKY
11.685,11.69,11.67,11.67,5906,2021-12-14 14:57:00,GSKY
11.665,11.665,11.65,11.65,500,2021-12-14 14:58:00,GSKY
11.64,11.66,11.64,11.66,400,2021-12-14 14:59:00,GSKY
11.66,11.67,11.66,11.67,1424,2021-12-14 15:00:00,GSKY
11.68,11.7,11.68,11.7,1022,2021-12-14 15:01:00,GSKY
11.7,11.7,11.695,11.695,300,2021-12-14 15:02:00,GSKY
11.7,11.7,11.69,11.69,500,2021-12-14 15:03:00,GSKY
11.68,11.68,11.68,11.68,500,2021-12-14 15:04:00,GSKY
11.685,11.69,11.685,11.69,2665,2021-12-14 15:05:00,GSKY
11.69,11.7,11.69,11.7,400,2021-12-14 15:06:00,GSKY
11.7,11.715,11.7,11.715,817,2021-12-14 15:07:00,GSKY
11.71,11.71,11.71,11.71,100,2021-12-14 15:08:00,GSKY
11.71,11.71,11.705,11.705,500,2021-12-14 15:09:00,GSKY
11.7,11.7,11.69,11.69,300,2021-12-14 15:10:00,GSKY
11.69,11.69,11.68,11.69,300,2021-12-14 15:11:00,GSKY
11.68,11.69,11.68,11.69,400,2021-12-14 15:12:00,GSKY
11.69,11.69,11.67,11.69,1787,2021-12-14 15:13:00,GSKY
11.69,11.69,11.69,11.69,500,2021-12-14 15:14:00,GSKY
11.68,11.68,11.67,11.67,800,2021-12-14 15:15:00,GSKY
11.67,11.67,11.66,11.67,2700,2021-12-14 15:16:00,GSKY
11.665,11.67,11.665,11.67,200,2021-12-14 15:17:00,GSKY
11.66,11.67,11.66,11.665,2606,2021-12-14 15:19:00,GSKY
11.67,11.69,11.66,11.69,3996,2021-12-14 15:20:00,GSKY
11.695,11.72,11.695,11.72,5315,2021-12-14 15:21:00,GSKY
11.72,11.72,11.72,11.72,400,2021-12-14 15:22:00,GSKY
11.72,11.72,11.72,11.72,1166,2021-12-14 15:23:00,GSKY
11.73,11.735,11.72,11.735,1125,2021-12-14 15:24:00,GSKY
11.735,11.735,11.735,11.735,300,2021-12-14 15:25:00,GSKY
11.74,11.74,11.74,11.74,1199,2021-12-14 15:26:00,GSKY
11.73,11.73,11.72,11.72,1900,2021-12-14 15:27:00,GSKY
11.72,11.72,11.715,11.715,2200,2021-12-14 15:28:00,GSKY
11.72,11.72,11.71,11.72,8000,2021-12-14 15:29:00,GSKY
11.72,11.74,11.72,11.74,6439,2021-12-14 15:30:00,GSKY
11.74,11.745,11.74,11.745,500,2021-12-14 15:31:00,GSKY
11.74,11.74,11.73,11.73,300,2021-12-14 15:32:00,GSKY
11.72,11.72,11.7,11.71,800,2021-12-14 15:33:00,GSKY
11.71,11.71,11.71,11.71,500,2021-12-14 15:34:00,GSKY
11.7,11.71,11.69,11.7,8336,2021-12-14 15:35:00,GSKY
11.7,11.71,11.69,11.705,1019,2021-12-14 15:36:00,GSKY
11.7,11.7,11.69,11.69,400,2021-12-14 15:37:00,GSKY
11.69,11.69,11.69,11.69,400,2021-12-14 15:38:00,GSKY
11.69,11.69,11.6867,11.6867,600,2021-12-14 15:39:00,GSKY
11.68,11.68,11.67,11.675,700,2021-12-14 15:40:00,GSKY
11.67,11.67,11.66,11.67,500,2021-12-14 15:41:00,GSKY
11.67,11.67,11.67,11.67,100,2021-12-14 15:42:00,GSKY
11.67,11.67,11.67,11.67,545,2021-12-14 15:43:00,GSKY
11.67,11.67,11.67,11.67,300,2021-12-14 15:44:00,GSKY
11.67,11.68,11.67,11.68,500,2021-12-14 15:45:00,GSKY
11.68,11.68,11.67,11.67,392,2021-12-14 15:46:00,GSKY
11.67,11.67,11.66,11.66,1924,2021-12-14 15:47:00,GSKY
11.66,11.66,11.66,11.66,1200,2021-12-14 15:48:00,GSKY
11.65,11.655,11.64,11.64,1096,2021-12-14 15:49:00,GSKY
11.64,11.64,11.64,11.64,400,2021-12-14 15:50:00,GSKY
11.64,11.64,11.635,11.635,200,2021-12-14 15:51:00,GSKY
11.64,11.64,11.64,11.64,200,2021-12-14 15:52:00,GSKY
11.63,11.63,11.62,11.625,1500,2021-12-14 15:53:00,GSKY
11.62,11.62,11.62,11.62,200,2021-12-14 15:54:00,GSKY
11.62,11.62,11.62,11.62,600,2021-12-14 15:55:00,GSKY
11.6,11.61,11.6,11.61,794,2021-12-14 15:56:00,GSKY
11.61,11.61,11.6,11.61,1730,2021-12-14 15:57:00,GSKY
11.61,11.61,11.61,11.61,700,2021-12-14 15:58:00,GSKY
11.61,11.62,11.61,11.62,500,2021-12-14 15:59:00,GSKY
11.61,11.61,11.61,11.61,1000,2021-12-14 16:00:00,GSKY
11.61,11.61,11.61,11.61,400,2021-12-14 16:01:00,GSKY
11.6,11.6,11.6,11.6,1100,2021-12-14 16:02:00,GSKY
11.61,11.62,11.605,11.62,1816,2021-12-14 16:04:00,GSKY
11.63,11.65,11.63,11.65,800,2021-12-14 16:05:00,GSKY
11.64,11.65,11.64,11.65,1300,2021-12-14 16:06:00,GSKY
11.65,11.65,11.65,11.65,500,2021-12-14 16:07:00,GSKY
11.65,11.65,11.65,11.65,300,2021-12-14 16:08:00,GSKY
11.63,11.63,11.63,11.63,500,2021-12-14 16:09:00,GSKY
11.625,11.63,11.625,11.63,1100,2021-12-14 16:11:00,GSKY
11.63,11.63,11.63,11.63,800,2021-12-14 16:12:00,GSKY
11.63,11.63,11.62,11.62,700,2021-12-14 16:14:00,GSKY
11.625,11.64,11.625,11.64,4800,2021-12-14 16:15:00,GSKY
11.62,11.64,11.62,11.64,987,2021-12-14 16:16:00,GSKY
11.635,11.635,11.635,11.635,100,2021-12-14 16:17:00,GSKY
11.64,11.645,11.64,11.645,455,2021-12-14 16:18:00,GSKY
11.64,11.66,11.64,11.66,4399,2021-12-14 16:19:00,GSKY
11.66,11.66,11.65,11.65,1200,2021-12-14 16:20:00,GSKY
11.65,11.65,11.65,11.65,949,2021-12-14 16:21:00,GSKY
11.64,11.64,11.635,11.635,700,2021-12-14 16:22:00,GSKY
11.64,11.64,11.64,11.64,100,2021-12-14 16:23:00,GSKY
11.64,11.655,11.64,11.655,500,2021-12-14 16:24:00,GSKY
11.65,11.65,11.64,11.64,600,2021-12-14 16:25:00,GSKY
11.65,11.65,11.65,11.65,200,2021-12-14 16:26:00,GSKY
11.65,11.65,11.65,11.65,200,2021-12-14 16:27:00,GSKY
11.66,11.66,11.66,11.66,200,2021-12-14 16:28:00,GSKY
11.66,11.66,11.655,11.655,703,2021-12-14 16:29:00,GSKY
11.66,11.66,11.66,11.66,100,2021-12-14 16:30:00,GSKY
11.65,11.65,11.64,11.65,400,2021-12-14 16:31:00,GSKY
11.64,11.64,11.63,11.64,420,2021-12-14 16:32:00,GSKY
11.63,11.64,11.63,11.64,700,2021-12-14 16:33:00,GSKY
11.64,11.64,11.64,11.64,300,2021-12-14 16:34:00,GSKY
11.635,11.64,11.635,11.64,200,2021-12-14 16:35:00,GSKY
11.64,11.64,11.64,11.64,200,2021-12-14 16:36:00,GSKY
11.6399,11.64,11.63,11.64,400,2021-12-14 16:37:00,GSKY
11.64,11.64,11.64,11.64,100,2021-12-14 16:38:00,GSKY
11.64,11.64,11.64,11.64,200,2021-12-14 16:39:00,GSKY
11.64,11.64,11.635,11.64,697,2021-12-14 16:40:00,GSKY
11.65,11.655,11.65,11.655,200,2021-12-14 16:41:00,GSKY
11.66,11.66,11.66,11.66,200,2021-12-14 16:42:00,GSKY
11.65,11.65,11.65,11.65,500,2021-12-14 16:43:00,GSKY
11.65,11.65,11.65,11.65,900,2021-12-14 16:44:00,GSKY
11.65,11.66,11.65,11.66,500,2021-12-14 16:45:00,GSKY
11.67,11.67,11.67,11.67,400,2021-12-14 16:46:00,GSKY
11.66,11.66,11.66,11.66,240,2021-12-14 16:47:00,GSKY
11.66,11.66,11.655,11.66,400,2021-12-14 16:48:00,GSKY
11.66,11.66,11.66,11.66,677,2021-12-14 16:49:00,GSKY
11.66,11.66,11.65,11.65,500,2021-12-14 16:52:00,GSKY
11.65,11.65,11.65,11.65,500,2021-12-14 16:53:00,GSKY
11.66,11.66,11.65,11.65,2626,2021-12-14 16:55:00,GSKY
11.65,11.65,11.645,11.65,300,2021-12-14 16:56:00,GSKY
11.64,11.64,11.64,11.64,8238,2021-12-14 16:57:00,GSKY
11.64,11.64,11.64,11.64,200,2021-12-14 16:58:00,GSKY
11.63,11.63,11.62,11.62,298,2021-12-14 16:59:00,GSKY
11.62,11.62,11.62,11.62,2800,2021-12-14 17:01:00,GSKY
11.62,11.62,11.61,11.62,3739,2021-12-14 17:02:00,GSKY
11.615,11.615,11.615,11.615,200,2021-12-14 17:03:00,GSKY
11.61,11.61,11.61,11.61,300,2021-12-14 17:04:00,GSKY
11.6,11.61,11.6,11.61,846,2021-12-14 17:05:00,GSKY
11.62,11.62,11.61,11.61,1926,2021-12-14 17:07:00,GSKY
11.61,11.61,11.6,11.605,600,2021-12-14 17:08:00,GSKY
11.61,11.61,11.6,11.605,3500,2021-12-14 17:09:00,GSKY
11.605,11.61,11.605,11.61,3500,2021-12-14 17:10:00,GSKY
11.605,11.62,11.605,11.62,2828,2021-12-14 17:11:00,GSKY
11.615,11.62,11.615,11.62,1140,2021-12-14 17:12:00,GSKY
11.62,11.63,11.615,11.62,4800,2021-12-14 17:13:00,GSKY
11.62,11.64,11.62,11.64,6937,2021-12-14 17:14:00,GSKY
11.64,11.64,11.64,11.64,200,2021-12-14 17:15:00,GSKY
11.63,11.63,11.63,11.63,2900,2021-12-14 17:16:00,GSKY
11.63,11.63,11.63,11.63,300,2021-12-14 17:17:00,GSKY
11.62,11.64,11.62,11.635,3164,2021-12-14 17:18:00,GSKY
11.64,11.64,11.63,11.64,515,2021-12-14 17:19:00,GSKY
11.64,11.64,11.63,11.63,500,2021-12-14 17:20:00,GSKY
11.64,11.65,11.64,11.65,915,2021-12-14 17:21:00,GSKY
11.65,11.66,11.645,11.66,1459,2021-12-14 17:22:00,GSKY
11.66,11.66,11.66,11.66,200,2021-12-14 17:23:00,GSKY
11.6588,11.6588,11.6413,11.6413,8118,2021-12-14 17:24:00,GSKY
11.645,11.65,11.64,11.65,1100,2021-12-14 17:25:00,GSKY
11.64,11.64,11.64,11.64,100,2021-12-14 17:26:00,GSKY
11.64,11.64,11.64,11.64,341,2021-12-14 17:27:00,GSKY
11.645,11.67,11.645,11.67,13334,2021-12-14 17:28:00,GSKY
11.66,11.665,11.66,11.665,602,2021-12-14 17:29:00,GSKY
11.66,11.66,11.66,11.66,100,2021-12-14 17:30:00,GSKY
11.66,11.66,11.66,11.66,100,2021-12-14 17:31:00,GSKY
11.65,11.65,11.65,11.65,2191,2021-12-14 17:33:00,GSKY
11.645,11.65,11.645,11.65,3704,2021-12-14 17:34:00,GSKY
11.65,11.65,11.65,11.65,600,2021-12-14 17:36:00,GSKY
11.66,11.66,11.66,11.66,100,2021-12-14 17:38:00,GSKY
11.65,11.65,11.65,11.65,978,2021-12-14 17:39:00,GSKY
11.66,11.66,11.65,11.65,600,2021-12-14 17:40:00,GSKY
11.65,11.66,11.645,11.65,8359,2021-12-14 17:41:00,GSKY
11.65,11.655,11.65,11.655,200,2021-12-14 17:42:00,GSKY
11.65,11.65,11.65,11.65,192,2021-12-14 17:43:00,GSKY
11.65,11.65,11.64,11.64,600,2021-12-14 17:44:00,GSKY
11.6475,11.6475,11.64,11.64,1121,2021-12-14 17:45:00,GSKY
11.64,11.65,11.64,11.65,673,2021-12-14 17:46:00,GSKY
11.645,11.645,11.64,11.64,400,2021-12-14 17:47:00,GSKY
11.64,11.64,11.635,11.635,2065,2021-12-14 17:48:00,GSKY
11.63,11.635,11.63,11.63,1449,2021-12-14 17:49:00,GSKY
11.64,11.64,11.63,11.635,700,2021-12-14 17:50:00,GSKY
11.63,11.63,11.63,11.63,1057,2021-12-14 17:51:00,GSKY
11.63,11.63,11.62,11.63,4039,2021-12-14 17:52:00,GSKY
11.625,11.635,11.625,11.635,2362,2021-12-14 17:53:00,GSKY
11.64,11.64,11.64,11.64,100,2021-12-14 17:54:00,GSKY
11.635,11.635,11.63,11.63,600,2021-12-14 17:55:00,GSKY
11.63,11.63,11.62,11.62,672,2021-12-14 17:56:00,GSKY
11.625,11.625,11.62,11.62,1200,2021-12-14 17:57:00,GSKY
11.62,11.62,11.62,11.62,800,2021-12-14 17:58:00,GSKY
11.62,11.64,11.62,11.63,7556,2021-12-14 17:59:00,GSKY
11.64,11.64,11.64,11.64,249,2021-12-14 18:00:00,GSKY
11.635,11.64,11.635,11.64,3633,2021-12-14 18:01:00,GSKY
11.64,11.64,11.635,11.64,3505,2021-12-14 18:02:00,GSKY
11.65,11.65,11.645,11.645,460,2021-12-14 18:03:00,GSKY
11.645,11.65,11.645,11.65,2640,2021-12-14 18:04:00,GSKY
11.655,11.67,11.655,11.665,3252,2021-12-14 18:06:00,GSKY
11.66,11.66,11.66,11.66,200,2021-12-14 18:07:00,GSKY
11.66,11.66,11.66,11.66,200,2021-12-14 18:08:00,GSKY
11.66,11.66,11.66,11.66,700,2021-12-14 18:10:00,GSKY
11.66,11.66,11.66,11.66,3420,2021-12-14 18:11:00,GSKY
11.665,11.67,11.66,11.66,3800,2021-12-14 18:12:00,GSKY
11.665,11.67,11.66,11.66,1196,2021-12-14 18:13:00,GSKY
11.665,11.67,11.665,11.67,4583,2021-12-14 18:14:00,GSKY
11.67,11.67,11.67,11.67,500,2021-12-14 18:16:00,GSKY
11.67,11.67,11.66,11.66,768,2021-12-14 18:17:00,GSKY
11.66,11.66,11.66,11.66,400,2021-12-14 18:18:00,GSKY
11.67,11.67,11.66,11.66,1100,2021-12-14 18:20:00,GSKY
11.67,11.67,11.665,11.67,2800,2021-12-14 18:21:00,GSKY
11.665,11.67,11.665,11.67,2200,2021-12-14 18:23:00,GSKY
11.67,11.68,11.67,11.675,5624,2021-12-14 18:24:00,GSKY
11.67,11.675,11.67,11.675,200,2021-12-14 18:25:00,GSKY
11.68,11.685,11.675,11.685,4500,2021-12-14 18:26:00,GSKY
11.68,11.68,11.68,11.68,200,2021-12-14 18:30:00,GSKY
11.68,11.68,11.68,11.68,100,2021-12-14 18:31:00,GSKY
11.68,11.68,11.675,11.68,6358,2021-12-14 18:33:00,GSKY
11.68,11.69,11.68,11.68,4232,2021-12-14 18:34:00,GSKY
11.68,11.68,11.68,11.68,200,2021-12-14 18:35:00,GSKY
11.68,11.68,11.68,11.68,1553,2021-12-14 18:36:00,GSKY
11.675,11.675,11.675,11.675,100,2021-12-14 18:37:00,GSKY
11.68,11.685,11.675,11.685,2992,2021-12-14 18:38:00,GSKY
11.68,11.68,11.68,11.68,100,2021-12-14 18:39:00,GSKY
11.68,11.68,11.68,11.68,300,2021-12-14 18:40:00,GSKY
11.68,11.68,11.68,11.68,441,2021-12-14 18:41:00,GSKY
11.68,11.68,11.67,11.67,700,2021-12-14 18:42:00,GSKY
11.67,11.67,11.67,11.67,300,2021-12-14 18:43:00,GSKY
11.67,11.68,11.67,11.67,1130,2021-12-14 18:44:00,GSKY
11.67,11.68,11.67,11.68,11044,2021-12-14 18:45:00,GSKY
11.69,11.69,11.69,11.69,200,2021-12-14 18:46:00,GSKY
11.69,11.69,11.685,11.685,4200,2021-12-14 18:47:00,GSKY
11.69,11.7,11.685,11.695,6003,2021-12-14 18:48:00,GSKY
11.69,11.69,11.69,11.69,100,2021-12-14 18:49:00,GSKY
11.69,11.7,11.685,11.695,12347,2021-12-14 18:51:00,GSKY
11.69,11.69,11.69,11.69,288,2021-12-14 18:52:00,GSKY
11.695,11.695,11.695,11.695,290,2021-12-14 18:54:00,GSKY
11.69,11.69,11.69,11.69,279,2021-12-14 18:55:00,GSKY
11.695,11.7,11.69,11.69,712,2021-12-14 18:56:00,GSKY
11.69,11.69,11.69,11.69,300,2021-12-14 18:57:00,GSKY
11.69,11.69,11.685,11.685,1350,2021-12-14 18:58:00,GSKY
11.685,11.7,11.685,11.695,5865,2021-12-14 18:59:00,GSKY
11.695,11.695,11.695,11.695,600,2021-12-14 19:00:00,GSKY
11.69,11.69,11.685,11.685,953,2021-12-14 19:01:00,GSKY
11.685,11.69,11.685,11.685,7122,2021-12-14 19:02:00,GSKY
11.69,11.7,11.69,11.7,9579,2021-12-14 19:03:00,GSKY
11.695,11.705,11.695,11.705,1276,2021-12-14 19:04:00,GSKY
11.705,11.72,11.705,11.72,20473,2021-12-14 19:05:00,GSKY
11.715,11.73,11.715,11.73,7538,2021-12-14 19:06:00,GSKY
11.725,11.74,11.725,11.73,2735,2021-12-14 19:07:00,GSKY
11.735,11.74,11.735,11.74,3733,2021-12-14 19:08:00,GSKY
11.735,11.76,11.735,11.755,4152,2021-12-14 19:09:00,GSKY
11.75,11.75,11.75,11.75,700,2021-12-14 19:10:00,GSKY
11.755,11.76,11.755,11.755,353,2021-12-14 19:11:00,GSKY
11.76,11.76,11.76,11.76,500,2021-12-14 19:12:00,GSKY
11.76,11.76,11.76,11.76,500,2021-12-14 19:14:00,GSKY
11.76,11.76,11.76,11.76,300,2021-12-14 19:15:00,GSKY
11.7638,11.7638,11.7638,11.7638,600,2021-12-14 19:16:00,GSKY
11.76,11.76,11.755,11.755,725,2021-12-14 19:17:00,GSKY
11.755,11.755,11.75,11.75,300,2021-12-14 19:19:00,GSKY
11.755,11.755,11.75,11.75,900,2021-12-14 19:20:00,GSKY
11.74,11.75,11.74,11.745,3900,2021-12-14 19:22:00,GSKY
11.745,11.745,11.745,11.745,500,2021-12-14 19:23:00,GSKY
11.745,11.75,11.745,11.75,200,2021-12-14 19:24:00,GSKY
11.74,11.74,11.74,11.74,535,2021-12-14 19:26:00,GSKY
11.735,11.735,11.735,11.735,100,2021-12-14 19:27:00,GSKY
11.73,11.73,11.73,11.73,200,2021-12-14 19:28:00,GSKY
11.73,11.73,11.725,11.73,600,2021-12-14 19:29:00,GSKY
11.73,11.73,11.72,11.72,400,2021-12-14 19:30:00,GSKY
11.72,11.72,11.72,11.72,100,2021-12-14 19:31:00,GSKY
11.725,11.73,11.725,11.725,800,2021-12-14 19:32:00,GSKY
11.73,11.73,11.73,11.73,100,2021-12-14 19:33:00,GSKY
11.73,11.73,11.725,11.73,5188,2021-12-14 19:34:00,GSKY
11.73,11.735,11.72,11.72,4628,2021-12-14 19:35:00,GSKY
11.73,11.73,11.73,11.73,200,2021-12-14 19:36:00,GSKY
11.725,11.725,11.725,11.725,100,2021-12-14 19:37:00,GSKY
11.73,11.735,11.725,11.735,3325,2021-12-14 19:38:00,GSKY
11.74,11.74,11.74,11.74,200,2021-12-14 19:40:00,GSKY
11.73,11.73,11.73,11.73,202,2021-12-14 19:41:00,GSKY
11.72,11.72,11.72,11.72,100,2021-12-14 19:43:00,GSKY
11.725,11.74,11.725,11.735,9471,2021-12-14 19:44:00,GSKY
11.73,11.73,11.73,11.73,100,2021-12-14 19:45:00,GSKY
11.73,11.73,11.73,11.73,480,2021-12-14 19:47:00,GSKY
11.73,11.73,11.73,11.73,1282,2021-12-14 19:48:00,GSKY
11.72,11.72,11.715,11.715,1485,2021-12-14 19:49:00,GSKY
11.715,11.715,11.715,11.715,100,2021-12-14 19:50:00,GSKY
11.71,11.71,11.71,11.71,100,2021-12-14 19:51:00,GSKY
11.715,11.715,11.71,11.71,452,2021-12-14 19:52:00,GSKY
11.72,11.72,11.71,11.71,200,2021-12-14 19:53:00,GSKY
11.71,11.71,11.71,11.71,100,2021-12-14 19:54:00,GSKY
11.715,11.72,11.715,11.715,2098,2021-12-14 19:56:00,GSKY
11.715,11.72,11.715,11.72,7410,2021-12-14 19:57:00,GSKY
11.715,11.715,11.715,11.715,100,2021-12-14 19:58:00,GSKY
11.715,11.73,11.715,11.725,8932,2021-12-14 19:59:00,GSKY
11.73,11.74,11.73,11.73,13317,2021-12-14 20:00:00,GSKY
11.725,11.735,11.725,11.735,2927,2021-12-14 20:02:00,GSKY
11.74,11.745,11.74,11.745,3500,2021-12-14 20:03:00,GSKY
11.74,11.74,11.74,11.74,200,2021-12-14 20:05:00,GSKY
11.74,11.74,11.74,11.74,732,2021-12-14 20:08:00,GSKY
11.735,11.75,11.735,11.745,12735,2021-12-14 20:09:00,GSKY
11.75,11.75,11.74,11.74,300,2021-12-14 20:11:00,GSKY
11.74,11.74,11.74,11.74,744,2021-12-14 20:13:00,GSKY
11.735,11.735,11.735,11.735,100,2021-12-14 20:14:00,GSKY
11.74,11.74,11.735,11.74,2900,2021-12-14 20:15:00,GSKY
11.74,11.74,11.74,11.74,300,2021-12-14 20:16:00,GSKY
11.74,11.75,11.74,11.745,7684,2021-12-14 20:17:00,GSKY
11.75,11.75,11.75,11.75,400,2021-12-14 20:18:00,GSKY
11.745,11.745,11.745,11.745,500,2021-12-14 20:19:00,GSKY
11.745,11.745,11.745,11.745,700,2021-12-14 20:20:00,GSKY
11.745,11.745,11.745,11.745,800,2021-12-14 20:21:00,GSKY
11.74,11.745,11.74,11.745,200,2021-12-14 20:22:00,GSKY
11.7477,11.7477,11.7477,11.7477,170,2021-12-14 20:23:00,GSKY
11.74,11.745,11.74,11.745,700,2021-12-14 20:24:00,GSKY
11.74,11.74,11.74,11.74,3900,2021-12-14 20:25:00,GSKY
11.74,11.74,11.73,11.73,10632,2021-12-14 20:26:00,GSKY
11.73,11.73,11.73,11.73,400,2021-12-14 20:27:00,GSKY
11.73,11.74,11.73,11.735,18307,2021-12-14 20:28:00,GSKY
11.735,11.74,11.735,11.735,9808,2021-12-14 20:29:00,GSKY
11.73,11.73,11.725,11.725,35011,2021-12-14 20:30:00,GSKY
11.73,11.73,11.725,11.73,73232,2021-12-14 20:31:00,GSKY
11.73,11.73,11.72,11.725,13669,2021-12-14 20:32:00,GSKY
11.725,11.73,11.725,11.725,15110,2021-12-14 20:33:00,GSKY
11.725,11.73,11.72,11.73,2570,2021-12-14 20:34:00,GSKY
11.73,11.73,11.725,11.73,37304,2021-12-14 20:35:00,GSKY
11.73,11.74,11.725,11.74,53364,2021-12-14 20:36:00,GSKY
11.73,11.73,11.73,11.73,170,2021-12-14 20:37:00,GSKY
11.73,11.735,11.73,11.735,39340,2021-12-14 20:38:00,GSKY
11.74,11.74,11.73,11.73,10324,2021-12-14 20:39:00,GSKY
11.73,11.73,11.72,11.725,9412,2021-12-14 20:40:00,GSKY
11.725,11.725,11.72,11.72,700,2021-12-14 20:41:00,GSKY
11.72,11.72,11.72,11.72,6925,2021-12-14 20:42:00,GSKY
11.725,11.725,11.71,11.71,6261,2021-12-14 20:43:00,GSKY
11.715,11.715,11.71,11.71,3000,2021-12-14 20:44:00,GSKY
11.71,11.71,11.7,11.705,47867,2021-12-14 20:45:00,GSKY
11.71,11.72,11.7,11.715,189078,2021-12-14 20:46:00,GSKY
11.715,11.72,11.71,11.715,6850,2021-12-14 20:47:00,GSKY
11.715,11.715,11.7,11.705,16699,2021-12-14 20:48:00,GSKY
11.705,11.705,11.7,11.7,2300,2021-12-14 20:49:00,GSKY
11.7,11.7,11.63,11.67,1249896,2021-12-14 20:50:00,GSKY
11.665,11.68,11.66,11.67,347254,2021-12-14 20:51:00,GSKY
11.67,11.69,11.67,11.671,203031,2021-12-14 20:52:00,GSKY
11.67,11.675,11.64,11.64,554763,2021-12-14 20:53:00,GSKY
11.64,11.645,11.59,11.61,1238585,2021-12-14 20:54:00,GSKY
11.61,11.63,11.61,11.625,323007,2021-12-14 20:55:00,GSKY
11.625,11.64,11.62,11.635,298719,2021-12-14 20:56:00,GSKY
11.635,11.65,11.63,11.64,181611,2021-12-14 20:57:00,GSKY
11.645,11.65,11.63,11.64,381444,2021-12-14 20:58:00,GSKY
11.64,11.65,11.64,11.65,1057350,2021-12-14 20:59:00,GSKY
11.65,11.7,11.63,11.7,10654866,2021-12-14 21:00:00,GSKY
11.71,11.75,11.63,11.63,125419,2021-12-14 21:01:00,GSKY
11.63,11.63,11.63,11.63,29273,2021-12-14 21:02:00,GSKY
11.63,11.63,11.63,11.63,91935,2021-12-14 21:03:00,GSKY
11.73,11.74,11.71,11.71,1272,2021-12-14 21:04:00,GSKY
11.73,11.73,11.73,11.73,490,2021-12-14 21:05:00,GSKY
11.67,11.67,11.66,11.66,45000,2021-12-14 22:45:00,GSKY
11.64,11.64,11.63,11.63,20000,2021-12-14 22:47:00,GSKY
11.63,11.63,11.63,11.63,500,2021-12-14 22:48:00,GSKY
11.63,11.63,11.63,11.63,110,2021-12-14 22:58:00,GSKY
11.63,11.63,11.63,11.63,15000,2021-12-14 23:07:00,GSKY
11.62,11.62,11.62,11.62,10000,2021-12-14 23:10:00,GSKY
11.57,11.57,11.57,11.57,1000,2021-12-15 13:44:00,GSKY
11.66,11.66,11.59,11.61,127714,2021-12-15 14:30:00,GSKY
11.61,11.62,11.55,11.58,63411,2021-12-15 14:31:00,GSKY
11.55,11.57,11.51,11.52,99539,2021-12-15 14:32:00,GSKY
11.52,11.56,11.5,11.53,71271,2021-12-15 14:33:00,GSKY
11.52,11.56,11.48,11.49,68079,2021-12-15 14:34:00,GSKY
11.49,11.52,11.47,11.5,76262,2021-12-15 14:35:00,GSKY
11.5,11.505,11.47,11.4773,37638,2021-12-15 14:36:00,GSKY
11.47,11.47,11.43,11.45,8265,2021-12-15 14:37:00,GSKY
11.46,11.48,11.46,11.47,33647,2021-12-15 14:38:00,GSKY
11.44,11.455,11.44,11.445,3243,2021-12-15 14:39:00,GSKY
11.44,11.46,11.43,11.45,9319,2021-12-15 14:40:00,GSKY
11.45,11.46,11.405,11.42,89118,2021-12-15 14:41:00,GSKY
11.43,11.45,11.415,11.43,23605,2021-12-15 14:42:00,GSKY
11.42,11.43,11.415,11.425,5034,2021-12-15 14:43:00,GSKY
11.41,11.42,11.4,11.41,74695,2021-12-15 14:44:00,GSKY
11.41,11.41,11.371,11.39,42547,2021-12-15 14:45:00,GSKY
11.39,11.41,11.38,11.405,11382,2021-12-15 14:46:00,GSKY
11.4067,11.4067,11.37,11.395,36444,2021-12-15 14:47:00,GSKY
11.395,11.4,11.37,11.39,72462,2021-12-15 14:48:00,GSKY
11.385,11.4,11.385,11.4,9495,2021-12-15 14:49:00,GSKY
11.4,11.4,11.38,11.38,6467,2021-12-15 14:50:00,GSKY
11.38,11.39,11.38,11.38,6021,2021-12-15 14:51:00,GSKY
11.37,11.37,11.345,11.345,7183,2021-12-15 14:52:00,GSKY
11.345,11.365,11.34,11.36,16656,2021-12-15 14:53:00,GSKY
11.37,11.37,11.37,11.37,200,2021-12-15 14:54:00,GSKY
11.37,11.39,11.37,11.38,9188,2021-12-15 14:55:00,GSKY
11.385,11.385,11.375,11.385,2500,2021-12-15 14:56:00,GSKY
11.385,11.395,11.38,11.395,2700,2021-12-15 14:57:00,GSKY
11.4,11.4,11.375,11.375,23625,2021-12-15 14:58:00,GSKY
11.37,11.38,11.37,11.375,10779,2021-12-15 14:59:00,GSKY
11.37,11.4,11.37,11.385,10983,2021-12-15 15:00:00,GSKY
11.39,11.405,11.38,11.38,10410,2021-12-15 15:01:00,GSKY
11.38,11.38,11.37,11.38,4942,2021-12-15 15:02:00,GSKY
11.38,11.4,11.3795,11.4,15912,2021-12-15 15:03:00,GSKY
11.4,11.405,11.38,11.39,9785,2021-12-15 15:04:00,GSKY
11.39,11.41,11.39,11.4,13263,2021-12-15 15:05:00,GSKY
11.4,11.4,11.39,11.4,9063,2021-12-15 15:06:00,GSKY
11.395,11.395,11.395,11.395,100,2021-12-15 15:07:00,GSKY
11.39,11.4,11.39,11.395,900,2021-12-15 15:08:00,GSKY
11.395,11.3982,11.39,11.398,2500,2021-12-15 15:09:00,GSKY
11.39,11.39,11.37,11.39,13483,2021-12-15 15:10:00,GSKY
11.4,11.41,11.4,11.41,6299,2021-12-15 15:11:00,GSKY
11.41,11.42,11.405,11.41,4667,2021-12-15 15:12:00,GSKY
11.41,11.41,11.38,11.38,6392,2021-12-15 15:14:00,GSKY
11.38,11.38,11.365,11.37,7921,2021-12-15 15:15:00,GSKY
11.385,11.39,11.385,11.385,400,2021-12-15 15:16:00,GSKY
11.39,11.4,11.39,11.4,833,2021-12-15 15:17:00,GSKY
11.39,11.39,11.375,11.38,6398,2021-12-15 15:18:00,GSKY
11.38,11.389,11.38,11.385,6400,2021-12-15 15:19:00,GSKY
11.38,11.38,11.38,11.38,100,2021-12-15 15:20:00,GSKY
11.38,11.41,11.38,11.39,11131,2021-12-15 15:21:00,GSKY
11.39,11.39,11.39,11.39,1700,2021-12-15 15:22:00,GSKY
11.4,11.41,11.4,11.41,1000,2021-12-15 15:23:00,GSKY
11.41,11.425,11.41,11.425,2200,2021-12-15 15:24:00,GSKY
11.425,11.435,11.425,11.43,748,2021-12-15 15:25:00,GSKY
11.415,11.415,11.415,11.415,272,2021-12-15 15:26:00,GSKY
11.42,11.435,11.42,11.43,5975,2021-12-15 15:27:00,GSKY
11.44,11.44,11.44,11.44,541,2021-12-15 15:28:00,GSKY
11.44,11.44,11.43,11.44,300,2021-12-15 15:29:00,GSKY
11.44,11.455,11.43,11.44,11634,2021-12-15 15:30:00,GSKY
11.43,11.43,11.43,11.43,100,2021-12-15 15:31:00,GSKY
11.43,11.43,11.43,11.43,700,2021-12-15 15:32:00,GSKY
11.42,11.43,11.41,11.43,12148,2021-12-15 15:33:00,GSKY
11.43,11.44,11.425,11.44,733,2021-12-15 15:34:00,GSKY
11.435,11.435,11.415,11.42,32922,2021-12-15 15:35:00,GSKY
11.43,11.43,11.43,11.43,8718,2021-12-15 15:36:00,GSKY
11.43,11.44,11.43,11.44,4360,2021-12-15 15:37:00,GSKY
11.4387,11.4387,11.41,11.42,142414,2021-12-15 15:38:00,GSKY
11.42,11.44,11.42,11.44,86601,2021-12-15 15:39:00,GSKY
11.44,11.445,11.42,11.43,46709,2021-12-15 15:40:00,GSKY
11.425,11.43,11.41,11.41,11400,2021-12-15 15:41:00,GSKY
11.41,11.41,11.4,11.4,200,2021-12-15 15:42:00,GSKY
11.4,11.4,11.38,11.38,31825,2021-12-15 15:43:00,GSKY
11.38,11.4,11.38,11.38,79522,2021-12-15 15:44:00,GSKY
11.38,11.38,11.35,11.35,2501,2021-12-15 15:45:00,GSKY
11.34,11.34,11.33,11.33,40597,2021-12-15 15:46:00,GSKY
11.33,11.33,11.31,11.32,15064,2021-12-15 15:47:00,GSKY
11.31,11.34,11.31,11.34,12926,2021-12-15 15:48:00,GSKY
11.35,11.35,11.35,11.35,4130,2021-12-15 15:49:00,GSKY
11.36,11.375,11.355,11.3715,17466,2021-12-15 15:50:00,GSKY
11.38,11.38,11.365,11.37,112685,2021-12-15 15:51:00,GSKY
11.365,11.38,11.36,11.365,65942,2021-12-15 15:52:00,GSKY
11.36,11.37,11.36,11.36,1326,2021-12-15 15:53:00,GSKY
11.37,11.37,11.36,11.36,400,2021-12-15 15:54:00,GSKY
11.361,11.385,11.361,11.385,2950,2021-12-15 15:55:00,GSKY
11.381,11.385,11.37,11.37,2295,2021-12-15 15:56:00,GSKY
11.373,11.375,11.37,11.375,400,2021-12-15 15:57:00,GSKY
11.37,11.37,11.361,11.37,10433,2021-12-15 15:58:00,GSKY
11.38,11.38,11.38,11.38,300,2021-12-15 15:59:00,GSKY
11.38,11.385,11.38,11.38,649,2021-12-15 16:00:00,GSKY
11.38,11.39,11.38,11.39,7205,2021-12-15 16:01:00,GSKY
11.4,11.415,11.4,11.415,3328,2021-12-15 16:02:00,GSKY
11.415,11.415,11.41,11.41,9371,2021-12-15 16:03:00,GSKY
11.41,11.43,11.41,11.42,57100,2021-12-15 16:04:00,GSKY
11.42,11.42,11.41,11.411,5685,2021-12-15 16:05:00,GSKY
11.41,11.415,11.405,11.41,5396,2021-12-15 16:06:00,GSKY
11.41,11.4196,11.41,11.41,5435,2021-12-15 16:07:00,GSKY
11.41,11.41,11.39,11.4,20454,2021-12-15 16:08:00,GSKY
11.4,11.4,11.39,11.39,19608,2021-12-15 16:09:00,GSKY
11.391,11.4,11.391,11.395,600,2021-12-15 16:10:00,GSKY
11.39,11.405,11.38,11.395,53448,2021-12-15 16:11:00,GSKY
11.3999,11.4,11.3999,11.4,4647,2021-12-15 16:12:00,GSKY
11.405,11.405,11.401,11.405,500,2021-12-15 16:13:00,GSKY
11.41,11.41,11.39,11.395,64262,2021-12-15 16:14:00,GSKY
11.39,11.39,11.37,11.38,22801,2021-12-15 16:15:00,GSKY
11.38,11.385,11.37,11.371,2230,2021-12-15 16:16:00,GSKY
11.371,11.39,11.371,11.39,6192,2021-12-15 16:17:00,GSKY
11.385,11.395,11.385,11.395,1000,2021-12-15 16:18:00,GSKY
11.39,11.39,11.37,11.375,17259,2021-12-15 16:19:00,GSKY
11.37,11.38,11.365,11.37,12482,2021-12-15 16:20:00,GSKY
11.37,11.39,11.37,11.385,14767,2021-12-15 16:21:00,GSKY
11.381,11.385,11.381,11.385,300,2021-12-15 16:22:00,GSKY
11.381,11.3899,11.38,11.383,7054,2021-12-15 16:23:00,GSKY
11.38,11.385,11.38,11.38,848,2021-12-15 16:24:00,GSKY
11.381,11.3999,11.381,11.395,4862,2021-12-15 16:25:00,GSKY
11.39,11.39,11.38,11.38,2716,2021-12-15 16:26:00,GSKY
11.38,11.38,11.37,11.37,6606,2021-12-15 16:27:00,GSKY
11.361,11.38,11.361,11.38,3900,2021-12-15 16:28:00,GSKY
11.37,11.3781,11.37,11.37,1300,2021-12-15 16:29:00,GSKY
11.37,11.375,11.37,11.37,4991,2021-12-15 16:30:00,GSKY
11.37,11.37,11.36,11.361,1799,2021-12-15 16:31:00,GSKY
11.361,11.37,11.35,11.35,4049,2021-12-15 16:32:00,GSKY
11.35,11.36,11.35,11.36,4348,2021-12-15 16:33:00,GSKY
11.36,11.365,11.36,11.36,400,2021-12-15 16:34:00,GSKY
11.36,11.36,11.36,11.36,300,2021-12-15 16:35:00,GSKY
11.36,11.36,11.35,11.35,2133,2021-12-15 16:36:00,GSKY
11.35,11.365,11.35,11.365,12485,2021-12-15 16:37:00,GSKY
11.36,11.37,11.36,11.37,14593,2021-12-15 16:38:00,GSKY
11.365,11.365,11.361,11.361,300,2021-12-15 16:39:00,GSKY
11.36,11.365,11.36,11.365,849,2021-12-15 16:40:00,GSKY
11.36,11.365,11.36,11.361,400,2021-12-15 16:41:00,GSKY
11.365,11.365,11.36,11.36,1246,2021-12-15 16:42:00,GSKY
11.37,11.37,11.365,11.37,3173,2021-12-15 16:43:00,GSKY
11.38,11.39,11.375,11.39,3802,2021-12-15 16:44:00,GSKY
11.395,11.395,11.38,11.39,6971,2021-12-15 16:45:00,GSKY
11.39,11.4,11.39,11.39,600,2021-12-15 16:46:00,GSKY
11.39,11.4,11.39,11.4,600,2021-12-15 16:47:00,GSKY
11.4,11.4,11.4,11.4,2010,2021-12-15 16:48:00,GSKY
11.405,11.415,11.405,11.415,2400,2021-12-15 16:49:00,GSKY
11.415,11.42,11.41,11.42,3475,2021-12-15 16:50:00,GSKY
11.41,11.42,11.41,11.42,700,2021-12-15 16:51:00,GSKY
11.415,11.42,11.415,11.42,1509,2021-12-15 16:52:00,GSKY
11.425,11.425,11.42,11.425,800,2021-12-15 16:53:00,GSKY
11.425,11.425,11.425,11.425,1100,2021-12-15 16:54:00,GSKY
11.425,11.425,11.42,11.425,800,2021-12-15 16:55:00,GSKY
11.425,11.425,11.42,11.42,1000,2021-12-15 16:56:00,GSKY
11.425,11.43,11.415,11.425,12748,2021-12-15 16:57:00,GSKY
11.42,11.435,11.42,11.435,6484,2021-12-15 16:58:00,GSKY
11.43,11.435,11.43,11.43,3800,2021-12-15 16:59:00,GSKY
11.44,11.44,11.435,11.44,6100,2021-12-15 17:00:00,GSKY
11.44,11.44,11.43,11.431,9028,2021-12-15 17:01:00,GSKY
11.435,11.435,11.43,11.43,11601,2021-12-15 17:02:00,GSKY
11.43,11.44,11.43,11.435,13310,2021-12-15 17:03:00,GSKY
11.44,11.44,11.44,11.44,1000,2021-12-15 17:04:00,GSKY
11.44,11.44,11.42,11.43,24415,2021-12-15 17:05:00,GSKY
11.43,11.445,11.43,11.44,17419,2021-12-15 17:06:00,GSKY
11.44,11.45,11.44,11.44,22201,2021-12-15 17:07:00,GSKY
11.44,11.44,11.43,11.431,2000,2021-12-15 17:08:00,GSKY
11.43,11.44,11.421,11.421,11907,2021-12-15 17:09:00,GSKY
11.425,11.425,11.411,11.42,7343,2021-12-15 17:10:00,GSKY
11.41,11.415,11.41,11.415,4499,2021-12-15 17:11:00,GSKY
11.41,11.41,11.4,11.4,3992,2021-12-15 17:12:00,GSKY
11.405,11.42,11.405,11.415,11066,2021-12-15 17:13:00,GSKY
11.41,11.41,11.4,11.41,14072,2021-12-15 17:14:00,GSKY
11.41,11.41,11.4,11.4,1300,2021-12-15 17:15:00,GSKY
11.4,11.41,11.4,11.41,43104,2021-12-15 17:16:00,GSKY
11.4,11.41,11.395,11.395,37594,2021-12-15 17:17:00,GSKY
11.391,11.4,11.39,11.395,39049,2021-12-15 17:18:00,GSKY
11.39,11.395,11.39,11.395,732,2021-12-15 17:19:00,GSKY
11.39,11.39,11.39,11.39,5996,2021-12-15 17:20:00,GSKY
11.39,11.395,11.385,11.39,28353,2021-12-15 17:21:00,GSKY
11.39,11.39,11.38,11.38,4868,2021-12-15 17:22:00,GSKY
11.385,11.385,11.38,11.38,7999,2021-12-15 17:23:00,GSKY
11.38,11.381,11.38,11.38,3201,2021-12-15 17:24:00,GSKY
11.38,11.39,11.38,11.38,8220,2021-12-15 17:25:00,GSKY
11.381,11.39,11.381,11.385,10241,2021-12-15 17:26:00,GSKY
11.38,11.395,11.38,11.395,17099,2021-12-15 17:27:00,GSKY
11.39,11.39,11.39,11.39,200,2021-12-15 17:28:00,GSKY
11.4,11.42,11.4,11.41,12251,2021-12-15 17:29:00,GSKY
11.41,11.41,11.41,11.41,6186,2021-12-15 17:30:00,GSKY
11.41,11.415,11.41,11.41,600,2021-12-15 17:31:00,GSKY
11.41,11.425,11.41,11.415,6886,2021-12-15 17:32:00,GSKY
11.42,11.435,11.42,11.435,3795,2021-12-15 17:33:00,GSKY
11.43,11.435,11.43,11.43,700,2021-12-15 17:34:00,GSKY
11.435,11.435,11.42,11.42,7396,2021-12-15 17:35:00,GSKY
11.42,11.43,11.42,11.425,3300,2021-12-15 17:36:00,GSKY
11.425,11.45,11.425,11.445,11744,2021-12-15 17:37:00,GSKY
11.441,11.445,11.44,11.44,500,2021-12-15 17:38:00,GSKY
11.44,11.46,11.44,11.455,6734,2021-12-15 17:39:00,GSKY
11.455,11.46,11.445,11.45,23728,2021-12-15 17:40:00,GSKY
11.45,11.45,11.45,11.45,200,2021-12-15 17:41:00,GSKY
11.45,11.45,11.44,11.445,46539,2021-12-15 17:42:00,GSKY
11.445,11.45,11.441,11.441,4505,2021-12-15 17:43:00,GSKY
11.44,11.44,11.435,11.44,16800,2021-12-15 17:44:00,GSKY
11.435,11.44,11.43,11.43,9794,2021-12-15 17:45:00,GSKY
11.435,11.44,11.42,11.425,73399,2021-12-15 17:46:00,GSKY
11.43,11.431,11.425,11.431,16068,2021-12-15 17:47:00,GSKY
11.43,11.43,11.43,11.43,3800,2021-12-15 17:48:00,GSKY
11.425,11.43,11.42,11.425,34838,2021-12-15 17:49:00,GSKY
11.421,11.435,11.421,11.435,21624,2021-12-15 17:50:00,GSKY
11.44,11.445,11.435,11.445,9979,2021-12-15 17:51:00,GSKY
11.44,11.445,11.44,11.44,1328,2021-12-15 17:52:00,GSKY
11.44,11.445,11.44,11.44,600,2021-12-15 17:53:00,GSKY
11.445,11.445,11.44,11.445,688,2021-12-15 17:54:00,GSKY
11.45,11.45,11.44,11.445,1400,2021-12-15 17:55:00,GSKY
11.445,11.45,11.445,11.445,1779,2021-12-15 17:56:00,GSKY
11.441,11.445,11.44,11.445,1269,2021-12-15 17:57:00,GSKY
11.44,11.46,11.44,11.455,9674,2021-12-15 17:58:00,GSKY
11.45,11.455,11.45,11.45,1139,2021-12-15 17:59:00,GSKY
11.451,11.455,11.45,11.45,2756,2021-12-15 18:00:00,GSKY
11.45,11.45,11.441,11.441,1394,2021-12-15 18:01:00,GSKY
11.441,11.441,11.44,11.441,3700,2021-12-15 18:02:00,GSKY
11.441,11.441,11.44,11.44,1200,2021-12-15 18:03:00,GSKY
11.44,11.44,11.43,11.431,3473,2021-12-15 18:04:00,GSKY
11.43,11.43,11.43,11.43,300,2021-12-15 18:05:00,GSKY
11.43,11.445,11.43,11.445,17296,2021-12-15 18:06:00,GSKY
11.44,11.445,11.44,11.44,1332,2021-12-15 18:07:00,GSKY
11.44,11.44,11.44,11.44,300,2021-12-15 18:08:00,GSKY
11.44,11.45,11.44,11.45,1337,2021-12-15 18:09:00,GSKY
11.441,11.445,11.44,11.44,1834,2021-12-15 18:10:00,GSKY
11.44,11.45,11.43,11.44,73711,2021-12-15 18:11:00,GSKY
11.44,11.44,11.44,11.44,2915,2021-12-15 18:12:00,GSKY
11.44,11.441,11.44,11.44,1000,2021-12-15 18:13:00,GSKY
11.44,11.44,11.43,11.43,16639,2021-12-15 18:14:00,GSKY
11.43,11.43,11.42,11.42,9638,2021-12-15 18:15:00,GSKY
11.42,11.42,11.42,11.42,398,2021-12-15 18:16:00,GSKY
11.42,11.44,11.42,11.44,22717,2021-12-15 18:17:00,GSKY
11.435,11.46,11.435,11.45,13975,2021-12-15 18:18:00,GSKY
11.45,11.45,11.445,11.445,7271,2021-12-15 18:19:00,GSKY
11.445,11.445,11.44,11.44,4100,2021-12-15 18:20:00,GSKY
11.44,11.44,11.42,11.425,13986,2021-12-15 18:21:00,GSKY
11.425,11.43,11.425,11.43,17586,2021-12-15 18:22:00,GSKY
11.43,11.43,11.42,11.43,41329,2021-12-15 18:23:00,GSKY
11.425,11.435,11.425,11.435,22256,2021-12-15 18:24:00,GSKY
11.43,11.435,11.43,11.43,5584,2021-12-15 18:25:00,GSKY
11.43,11.435,11.43,11.435,1500,2021-12-15 18:26:00,GSKY
11.43,11.435,11.43,11.435,571,2021-12-15 18:27:00,GSKY
11.43,11.435,11.43,11.43,888,2021-12-15 18:28:00,GSKY
11.43,11.435,11.43,11.43,600,2021-12-15 18:29:00,GSKY
11.435,11.44,11.43,11.44,11625,2021-12-15 18:30:00,GSKY
11.44,11.445,11.44,11.44,783,2021-12-15 18:31:00,GSKY
11.44,11.45,11.44,11.45,6058,2021-12-15 18:32:00,GSKY
11.445,11.445,11.43,11.43,11790,2021-12-15 18:33:00,GSKY
11.43,11.43,11.415,11.425,95257,2021-12-15 18:34:00,GSKY
11.43,11.43,11.43,11.43,100,2021-12-15 18:35:00,GSKY
11.43,11.43,11.43,11.43,8085,2021-12-15 18:36:00,GSKY
11.43,11.43,11.43,11.43,922,2021-12-15 18:37:00,GSKY
11.43,11.43,11.42,11.42,1877,2021-12-15 18:38:00,GSKY
11.42,11.425,11.41,11.411,39475,2021-12-15 18:39:00,GSKY
11.415,11.415,11.4,11.4,7645,2021-12-15 18:40:00,GSKY
11.401,11.401,11.4,11.4,300,2021-12-15 18:41:00,GSKY
11.4,11.42,11.4,11.42,16078,2021-12-15 18:42:00,GSKY
11.425,11.44,11.425,11.44,2133,2021-12-15 18:43:00,GSKY
11.441,11.45,11.44,11.45,7767,2021-12-15 18:44:00,GSKY
11.45,11.45,11.43,11.44,34418,2021-12-15 18:45:00,GSKY
11.44,11.445,11.43,11.43,40676,2021-12-15 18:46:00,GSKY
11.43,11.435,11.43,11.43,400,2021-12-15 18:47:00,GSKY
11.43,11.43,11.42,11.42,10232,2021-12-15 18:48:00,GSKY
11.42,11.435,11.42,11.431,15625,2021-12-15 18:49:00,GSKY
11.44,11.45,11.44,11.44,8091,2021-12-15 18:50:00,GSKY
11.44,11.445,11.425,11.425,2750,2021-12-15 18:51:00,GSKY
11.42,11.425,11.42,11.42,600,2021-12-15 18:52:00,GSKY
11.42,11.42,11.42,11.42,300,2021-12-15 18:53:00,GSKY
11.42,11.43,11.42,11.43,600,2021-12-15 18:54:00,GSKY
11.421,11.425,11.421,11.425,1255,2021-12-15 18:55:00,GSKY
11.425,11.43,11.425,11.425,1316,2021-12-15 18:56:00,GSKY
11.421,11.425,11.415,11.425,310975,2021-12-15 18:57:00,GSKY
11.421,11.421,11.42,11.42,200,2021-12-15 18:58:00,GSKY
11.42,11.44,11.42,11.44,5653,2021-12-15 18:59:00,GSKY
11.43,11.44,11.41,11.43,22037,2021-12-15 19:00:00,GSKY
11.43,11.44,11.42,11.43,4808,2021-12-15 19:01:00,GSKY
11.42,11.44,11.41,11.43,6200,2021-12-15 19:02:00,GSKY
11.45,11.49,11.45,11.485,11210,2021-12-15 19:03:00,GSKY
11.49,11.5,11.475,11.48,3949,2021-12-15 19:04:00,GSKY
11.49,11.525,11.49,11.51,30286,2021-12-15 19:05:00,GSKY
11.51,11.52,11.51,11.51,5650,2021-12-15 19:06:00,GSKY
11.505,11.51,11.46,11.485,8780,2021-12-15 19:07:00,GSKY
11.49,11.49,11.47,11.47,17369,2021-12-15 19:08:00,GSKY
11.48,11.48,11.45,11.47,26149,2021-12-15 19:09:00,GSKY
11.465,11.48,11.445,11.46,33191,2021-12-15 19:10:00,GSKY
11.46,11.48,11.45,11.48,8811,2021-12-15 19:11:00,GSKY
11.47,11.495,11.47,11.49,38063,2021-12-15 19:12:00,GSKY
11.49,11.49,11.465,11.47,3218,2021-12-15 19:13:00,GSKY
11.465,11.47,11.46,11.465,30438,2021-12-15 19:14:00,GSKY
11.46,11.46,11.44,11.44,16369,2021-12-15 19:15:00,GSKY
11.43,11.445,11.43,11.43,15094,2021-12-15 19:16:00,GSKY
11.44,11.445,11.435,11.435,17297,2021-12-15 19:17:00,GSKY
11.43,11.435,11.43,11.43,1616,2021-12-15 19:18:00,GSKY
11.43,11.435,11.42,11.425,5263,2021-12-15 19:19:00,GSKY
11.425,11.43,11.405,11.405,7144,2021-12-15 19:20:00,GSKY
11.405,11.41,11.39,11.39,3934,2021-12-15 19:21:00,GSKY
11.39,11.4,11.37,11.37,6116,2021-12-15 19:22:00,GSKY
11.375,11.385,11.3741,11.375,13260,2021-12-15 19:23:00,GSKY
11.38,11.4,11.38,11.39,230463,2021-12-15 19:24:00,GSKY
11.38,11.38,11.37,11.375,2696,2021-12-15 19:25:00,GSKY
11.37,11.37,11.36,11.36,7008,2021-12-15 19:26:00,GSKY
11.36,11.37,11.355,11.36,6838,2021-12-15 19:27:00,GSKY
11.35,11.37,11.35,11.37,9772,2021-12-15 19:28:00,GSKY
11.365,11.375,11.365,11.375,5101,2021-12-15 19:29:00,GSKY
11.371,11.375,11.37,11.37,900,2021-12-15 19:30:00,GSKY
11.38,11.4,11.38,11.39,47696,2021-12-15 19:31:00,GSKY
11.391,11.41,11.38,11.39,14434,2021-12-15 19:32:00,GSKY
11.38,11.44,11.38,11.41,294942,2021-12-15 19:33:00,GSKY
11.41,11.41,11.4,11.401,4128,2021-12-15 19:34:00,GSKY
11.405,11.41,11.4,11.405,2000,2021-12-15 19:35:00,GSKY
11.41,11.425,11.405,11.42,12938,2021-12-15 19:36:00,GSKY
11.42,11.43,11.42,11.42,2583,2021-12-15 19:37:00,GSKY
11.425,11.425,11.42,11.425,1831,2021-12-15 19:38:00,GSKY
11.425,11.44,11.42,11.425,14552,2021-12-15 19:39:00,GSKY
11.42,11.44,11.41,11.435,11346,2021-12-15 19:40:00,GSKY
11.435,11.44,11.43,11.43,500,2021-12-15 19:41:00,GSKY
11.435,11.455,11.435,11.455,6732,2021-12-15 19:42:00,GSKY
11.45,11.455,11.425,11.43,3618,2021-12-15 19:43:00,GSKY
11.43,11.43,11.42,11.42,2200,2021-12-15 19:44:00,GSKY
11.42,11.43,11.42,11.43,1180,2021-12-15 19:45:00,GSKY
11.425,11.43,11.425,11.425,5016,2021-12-15 19:46:00,GSKY
11.425,11.425,11.42,11.425,1500,2021-12-15 19:47:00,GSKY
11.425,11.435,11.425,11.43,8026,2021-12-15 19:48:00,GSKY
11.43,11.43,11.41,11.415,10729,2021-12-15 19:49:00,GSKY
11.41,11.415,11.39,11.4,7009,2021-12-15 19:50:00,GSKY
11.4,11.41,11.4,11.4,7788,2021-12-15 19:51:00,GSKY
11.405,11.41,11.4,11.405,1400,2021-12-15 19:52:00,GSKY
11.41,11.43,11.41,11.425,15442,2021-12-15 19:53:00,GSKY
11.42,11.425,11.4,11.42,34242,2021-12-15 19:54:00,GSKY
11.41,11.425,11.39,11.395,3778,2021-12-15 19:55:00,GSKY
11.4,11.41,11.391,11.391,11620,2021-12-15 19:56:00,GSKY
11.39,11.395,11.375,11.38,45987,2021-12-15 19:57:00,GSKY
11.38,11.39,11.37,11.39,38235,2021-12-15 19:58:00,GSKY
11.385,11.395,11.38,11.385,8151,2021-12-15 19:59:00,GSKY
11.39,11.41,11.385,11.405,41391,2021-12-15 20:00:00,GSKY
11.4,11.405,11.385,11.4,13906,2021-12-15 20:01:00,GSKY
11.4,11.41,11.39,11.39,12368,2021-12-15 20:02:00,GSKY
11.39,11.415,11.39,11.415,32682,2021-12-15 20:03:00,GSKY
11.415,11.425,11.41,11.415,3196,2021-12-15 20:04:00,GSKY
11.415,11.44,11.41,11.435,27691,2021-12-15 20:05:00,GSKY
11.43,11.445,11.43,11.445,19198,2021-12-15 20:06:00,GSKY
11.45,11.45,11.441,11.445,7134,2021-12-15 20:07:00,GSKY
11.445,11.47,11.445,11.47,20214,2021-12-15 20:08:00,GSKY
11.46,11.47,11.45,11.46,32528,2021-12-15 20:09:00,GSKY
11.46,11.46,11.45,11.45,1900,2021-12-15 20:10:00,GSKY
11.45,11.455,11.45,11.455,1246,2021-12-15 20:11:00,GSKY
11.451,11.47,11.45,11.47,62070,2021-12-15 20:12:00,GSKY
11.465,11.47,11.455,11.465,5100,2021-12-15 20:13:00,GSKY
11.465,11.48,11.465,11.47,17217,2021-12-15 20:14:00,GSKY
11.47,11.48,11.465,11.475,33810,2021-12-15 20:15:00,GSKY
11.47,11.49,11.47,11.485,11986,2021-12-15 20:16:00,GSKY
11.49,11.505,11.49,11.5,22381,2021-12-15 20:17:00,GSKY
11.505,11.52,11.5,11.515,53034,2021-12-15 20:18:00,GSKY
11.51,11.525,11.51,11.52,9320,2021-12-15 20:19:00,GSKY
11.52,11.525,11.515,11.525,20000,2021-12-15 20:20:00,GSKY
11.52,11.525,11.501,11.515,59132,2021-12-15 20:21:00,GSKY
11.51,11.525,11.51,11.525,9641,2021-12-15 20:22:00,GSKY
11.525,11.53,11.52,11.53,10065,2021-12-15 20:23:00,GSKY
11.53,11.53,11.505,11.51,83822,2021-12-15 20:24:00,GSKY
11.505,11.51,11.491,11.491,26296,2021-12-15 20:25:00,GSKY
11.49,11.505,11.485,11.495,154525,2021-12-15 20:26:00,GSKY
11.5,11.505,11.5,11.5,9416,2021-12-15 20:27:00,GSKY
11.505,11.52,11.5,11.52,32067,2021-12-15 20:28:00,GSKY
11.52,11.525,11.515,11.52,10024,2021-12-15 20:29:00,GSKY
11.52,11.52,11.495,11.51,59834,2021-12-15 20:30:00,GSKY
11.515,11.52,11.51,11.51,13965,2021-12-15 20:31:00,GSKY
11.515,11.53,11.515,11.521,15857,2021-12-15 20:32:00,GSKY
11.52,11.53,11.505,11.52,49934,2021-12-15 20:33:00,GSKY
11.52,11.53,11.51,11.52,25441,2021-12-15 20:34:00,GSKY
11.525,11.54,11.525,11.53,18722,2021-12-15 20:35:00,GSKY
11.53,11.55,11.53,11.54,38749,2021-12-15 20:36:00,GSKY
11.545,11.545,11.54,11.54,1500,2021-12-15 20:37:00,GSKY
11.545,11.545,11.54,11.54,900,2021-12-15 20:38:00,GSKY
11.545,11.55,11.54,11.54,29804,2021-12-15 20:39:00,GSKY
11.54,11.57,11.54,11.56,50233,2021-12-15 20:40:00,GSKY
11.56,11.56,11.535,11.535,8682,2021-12-15 20:41:00,GSKY
11.53,11.53,11.52,11.525,38594,2021-12-15 20:42:00,GSKY
11.52,11.52,11.51,11.51,1846,2021-12-15 20:43:00,GSKY
11.51,11.511,11.495,11.5,31084,2021-12-15 20:44:00,GSKY
11.505,11.52,11.5,11.51,43774,2021-12-15 20:45:00,GSKY
11.51,11.51,11.49,11.49,2521,2021-12-15 20:46:00,GSKY
11.49,11.49,11.48,11.48,7200,2021-12-15 20:47:00,GSKY
11.48,11.49,11.465,11.485,78749,2021-12-15 20:48:00,GSKY
11.48,11.48,11.46,11.46,7776,2021-12-15 20:49:00,GSKY
11.46,11.495,11.46,11.49,112038,2021-12-15 20:50:00,GSKY
11.49,11.51,11.49,11.5,42328,2021-12-15 20:51:00,GSKY
11.5,11.52,11.5,11.51,45284,2021-12-15 20:52:00,GSKY
11.515,11.54,11.515,11.535,80260,2021-12-15 20:53:00,GSKY
11.53,11.53,11.51,11.525,57631,2021-12-15 20:54:00,GSKY
11.521,11.525,11.51,11.52,65416,2021-12-15 20:55:00,GSKY
11.52,11.525,11.51,11.511,53910,2021-12-15 20:56:00,GSKY
11.515,11.53,11.515,11.52,107466,2021-12-15 20:57:00,GSKY
11.52,11.53,11.515,11.52,58592,2021-12-15 20:58:00,GSKY
11.52,11.53,11.51,11.515,54103,2021-12-15 20:59:00,GSKY
11.51,11.51,11.51,11.51,420908,2021-12-15 21:00:00,GSKY
11.7,11.79,11.64,11.72,158961,2021-12-16 14:30:00,GSKY
11.72,11.74,11.69,11.69,84396,2021-12-16 14:31:00,GSKY
11.71,11.72,11.7,11.71,11220,2021-12-16 14:32:00,GSKY
11.71,11.71,11.63,11.64,30991,2021-12-16 14:33:00,GSKY
11.645,11.645,11.64,11.64,500,2021-12-16 14:34:00,GSKY
11.65,11.65,11.64,11.64,5485,2021-12-16 14:35:00,GSKY
11.63,11.63,11.63,11.63,3390,2021-12-16 14:36:00,GSKY
11.63,11.64,11.61,11.61,6762,2021-12-16 14:37:00,GSKY
11.61,11.615,11.61,11.61,5300,2021-12-16 14:38:00,GSKY
11.61,11.63,11.605,11.625,13620,2021-12-16 14:39:00,GSKY
11.63,11.66,11.62,11.66,40039,2021-12-16 14:40:00,GSKY
11.67,11.68,11.65,11.66,16715,2021-12-16 14:41:00,GSKY
11.67,11.675,11.64,11.64,38701,2021-12-16 14:42:00,GSKY
11.64,11.65,11.64,11.645,1499,2021-12-16 14:43:00,GSKY
11.64,11.64,11.625,11.6275,3799,2021-12-16 14:44:00,GSKY
11.63,11.67,11.63,11.65,19565,2021-12-16 14:45:00,GSKY
11.67,11.67,11.645,11.645,5300,2021-12-16 14:46:00,GSKY
11.66,11.66,11.64,11.64,11760,2021-12-16 14:47:00,GSKY
11.64,11.65,11.63,11.645,16505,2021-12-16 14:48:00,GSKY
11.65,11.68,11.65,11.68,11007,2021-12-16 14:49:00,GSKY
11.69,11.69,11.66,11.67,6538,2021-12-16 14:50:00,GSKY
11.66,11.69,11.64,11.67,56362,2021-12-16 14:51:00,GSKY
11.67,11.685,11.66,11.68,56199,2021-12-16 14:52:00,GSKY
11.68,11.69,11.655,11.68,95263,2021-12-16 14:53:00,GSKY
11.68,11.7,11.67,11.7,34799,2021-12-16 14:54:00,GSKY
11.7,11.71,11.67,11.67,32412,2021-12-16 14:55:00,GSKY
11.6667,11.6667,11.64,11.66,15710,2021-12-16 14:56:00,GSKY
11.67,11.67,11.655,11.6648,30177,2021-12-16 14:57:00,GSKY
11.66,11.66,11.65,11.66,7420,2021-12-16 14:58:00,GSKY
11.65,11.66,11.64,11.64,6320,2021-12-16 14:59:00,GSKY
11.65,11.67,11.64,11.65,59619,2021-12-16 15:00:00,GSKY
11.645,11.65,11.64,11.645,13250,2021-12-16 15:01:00,GSKY
11.64,11.64,11.63,11.63,12668,2021-12-16 15:02:00,GSKY
11.64,11.64,11.6399,11.64,5573,2021-12-16 15:03:00,GSKY
11.64,11.66,11.64,11.66,8200,2021-12-16 15:04:00,GSKY
11.65,11.65,11.641,11.65,1400,2021-12-16 15:05:00,GSKY
11.65,11.65,11.64,11.65,5624,2021-12-16 15:06:00,GSKY
11.641,11.65,11.63,11.65,20340,2021-12-16 15:07:00,GSKY
11.6591,11.67,11.6591,11.67,11405,2021-12-16 15:08:00,GSKY
11.67,11.68,11.64,11.65,45499,2021-12-16 15:09:00,GSKY
11.655,11.675,11.655,11.675,21130,2021-12-16 15:10:00,GSKY
11.67,11.69,11.67,11.69,5520,2021-12-16 15:11:00,GSKY
11.69,11.7,11.67,11.68,48927,2021-12-16 15:12:00,GSKY
11.69,11.7,11.69,11.69,54240,2021-12-16 15:13:00,GSKY
11.695,11.7,11.67,11.675,51822,2021-12-16 15:14:00,GSKY
11.68,11.69,11.68,11.69,28005,2021-12-16 15:15:00,GSKY
11.685,11.715,11.685,11.705,19297,2021-12-16 15:16:00,GSKY
11.71,11.72,11.71,11.71,20544,2021-12-16 15:17:00,GSKY
11.705,11.72,11.705,11.71,39869,2021-12-16 15:18:00,GSKY
11.72,11.75,11.72,11.73,17129,2021-12-16 15:19:00,GSKY
11.73,11.745,11.72,11.73,29125,2021-12-16 15:20:00,GSKY
11.73,11.735,11.72,11.73,5800,2021-12-16 15:21:00,GSKY
11.735,11.76,11.735,11.75,34506,2021-12-16 15:22:00,GSKY
11.75,11.76,11.73,11.73,17567,2021-12-16 15:23:00,GSKY
11.74,11.74,11.74,11.74,2075,2021-12-16 15:24:00,GSKY
11.75,11.755,11.73,11.755,3547,2021-12-16 15:25:00,GSKY
11.75,11.765,11.75,11.765,41253,2021-12-16 15:26:00,GSKY
11.77,11.78,11.76,11.76,9867,2021-12-16 15:27:00,GSKY
11.765,11.765,11.75,11.755,3563,2021-12-16 15:28:00,GSKY
11.755,11.76,11.75,11.755,15771,2021-12-16 15:29:00,GSKY
11.75,11.76,11.7493,11.75,9836,2021-12-16 15:30:00,GSKY
11.75,11.75,11.745,11.75,3954,2021-12-16 15:31:00,GSKY
11.755,11.77,11.75,11.765,7499,2021-12-16 15:32:00,GSKY
11.76,11.77,11.74,11.75,26076,2021-12-16 15:33:00,GSKY
11.76,11.77,11.76,11.77,36882,2021-12-16 15:34:00,GSKY
11.76,11.765,11.745,11.745,56696,2021-12-16 15:35:00,GSKY
11.74,11.745,11.74,11.745,17393,2021-12-16 15:36:00,GSKY
11.745,11.75,11.745,11.745,15728,2021-12-16 15:37:00,GSKY
11.74,11.75,11.74,11.745,9495,2021-12-16 15:38:00,GSKY
11.75,11.75,11.74,11.74,3678,2021-12-16 15:39:00,GSKY
11.74,11.75,11.74,11.74,35573,2021-12-16 15:40:00,GSKY
11.74,11.755,11.735,11.755,123205,2021-12-16 15:41:00,GSKY
11.755,11.76,11.755,11.755,4784,2021-12-16 15:42:00,GSKY
11.755,11.76,11.755,11.76,43196,2021-12-16 15:43:00,GSKY
11.755,11.76,11.75,11.75,8981,2021-12-16 15:44:00,GSKY
11.75,11.77,11.75,11.77,29517,2021-12-16 15:45:00,GSKY
11.77,11.775,11.77,11.77,3200,2021-12-16 15:46:00,GSKY
11.77,11.79,11.77,11.79,5936,2021-12-16 15:47:00,GSKY
11.79,11.805,11.78,11.79,34070,2021-12-16 15:48:00,GSKY
11.79,11.81,11.79,11.81,8700,2021-12-16 15:49:00,GSKY
11.82,11.83,11.82,11.82,2871,2021-12-16 15:50:00,GSKY
11.82,11.82,11.812,11.82,8763,2021-12-16 15:51:00,GSKY
11.82,11.82,11.82,11.82,100,2021-12-16 15:52:00,GSKY
11.82,11.82,11.81,11.81,14695,2021-12-16 15:53:00,GSKY
11.81,11.825,11.8,11.82,137401,2021-12-16 15:54:00,GSKY
11.815,11.815,11.81,11.81,500,2021-12-16 15:55:00,GSKY
11.81,11.81,11.805,11.805,6686,2021-12-16 15:56:00,GSKY
11.805,11.805,11.8,11.8,500,2021-12-16 15:57:00,GSKY
11.8,11.805,11.795,11.8,14546,2021-12-16 15:58:00,GSKY
11.8,11.81,11.8,11.805,6427,2021-12-16 15:59:00,GSKY
11.805,11.805,11.79,11.795,6347,2021-12-16 16:00:00,GSKY
11.79,11.8,11.785,11.8,19569,2021-12-16 16:01:00,GSKY
11.8,11.8,11.791,11.795,300,2021-12-16 16:02:00,GSKY
11.79,11.79,11.775,11.79,15695,2021-12-16 16:03:00,GSKY
11.79,11.79,11.785,11.79,4728,2021-12-16 16:04:00,GSKY
11.79,11.81,11.79,11.8,8113,2021-12-16 16:05:00,GSKY
11.79,11.79,11.78,11.78,4059,2021-12-16 16:06:00,GSKY
11.78,11.78,11.775,11.775,500,2021-12-16 16:07:00,GSKY
11.765,11.77,11.76,11.76,24601,2021-12-16 16:08:00,GSKY
11.75,11.77,11.75,11.765,11372,2021-12-16 16:09:00,GSKY
11.77,11.78,11.765,11.77,6854,2021-12-16 16:10:00,GSKY
11.77,11.77,11.77,11.77,600,2021-12-16 16:11:00,GSKY
11.77,11.78,11.765,11.78,8406,2021-12-16 16:12:00,GSKY
11.77,11.77,11.76,11.76,400,2021-12-16 16:13:00,GSKY
11.76,11.76,11.75,11.755,7100,2021-12-16 16:14:00,GSKY
11.755,11.76,11.755,11.76,300,2021-12-16 16:15:00,GSKY
11.76,11.76,11.76,11.76,4958,2021-12-16 16:16:00,GSKY
11.765,11.765,11.765,11.765,100,2021-12-16 16:17:00,GSKY
11.76,11.76,11.76,11.76,792,2021-12-16 16:18:00,GSKY
11.76,11.765,11.755,11.755,2541,2021-12-16 16:19:00,GSKY
11.76,11.77,11.755,11.765,9428,2021-12-16 16:20:00,GSKY
11.76,11.765,11.76,11.76,1317,2021-12-16 16:21:00,GSKY
11.76,11.76,11.76,11.76,200,2021-12-16 16:22:00,GSKY
11.76,11.76,11.76,11.76,300,2021-12-16 16:23:00,GSKY
11.76,11.78,11.76,11.78,6967,2021-12-16 16:24:00,GSKY
11.77,11.775,11.77,11.775,11014,2021-12-16 16:25:00,GSKY
11.78,11.79,11.775,11.785,6264,2021-12-16 16:26:00,GSKY
11.79,11.8,11.79,11.8,6205,2021-12-16 16:27:00,GSKY
11.79,11.8,11.79,11.795,4183,2021-12-16 16:28:00,GSKY
11.79,11.798,11.79,11.79,2248,2021-12-16 16:29:00,GSKY
11.8,11.805,11.8,11.805,8408,2021-12-16 16:30:00,GSKY
11.805,11.805,11.8,11.8,13670,2021-12-16 16:31:00,GSKY
11.8,11.8,11.785,11.785,921,2021-12-16 16:32:00,GSKY
11.785,11.79,11.785,11.79,6876,2021-12-16 16:33:00,GSKY
11.78,11.78,11.77,11.78,13090,2021-12-16 16:34:00,GSKY
11.78,11.8,11.78,11.8,12979,2021-12-16 16:35:00,GSKY
11.79,11.79,11.79,11.79,600,2021-12-16 16:36:00,GSKY
11.79,11.79,11.79,11.79,100,2021-12-16 16:37:00,GSKY
11.79,11.79,11.78,11.78,4180,2021-12-16 16:38:00,GSKY
11.78,11.78,11.775,11.78,10769,2021-12-16 16:39:00,GSKY
11.775,11.8,11.775,11.8,11372,2021-12-16 16:40:00,GSKY
11.79,11.79,11.79,11.79,100,2021-12-16 16:41:00,GSKY
11.7999,11.7999,11.7999,11.7999,5000,2021-12-16 16:42:00,GSKY
11.8,11.805,11.7999,11.8,8715,2021-12-16 16:43:00,GSKY
11.795,11.795,11.795,11.795,200,2021-12-16 16:44:00,GSKY
11.79,11.79,11.78,11.78,11634,2021-12-16 16:45:00,GSKY
11.785,11.79,11.785,11.79,9582,2021-12-16 16:46:00,GSKY
11.795,11.8,11.795,11.8,5993,2021-12-16 16:47:00,GSKY
11.81,11.81,11.805,11.805,9635,2021-12-16 16:48:00,GSKY
11.8,11.8,11.79,11.79,2200,2021-12-16 16:49:00,GSKY
11.79,11.79,11.79,11.79,200,2021-12-16 16:50:00,GSKY
11.79,11.795,11.79,11.795,1100,2021-12-16 16:51:00,GSKY
11.79,11.79,11.785,11.785,2200,2021-12-16 16:52:00,GSKY
11.78,11.7899,11.77,11.78,166314,2021-12-16 16:53:00,GSKY
11.78,11.785,11.775,11.78,17524,2021-12-16 16:54:00,GSKY
11.79,11.79,11.79,11.79,5532,2021-12-16 16:55:00,GSKY
11.8,11.8,11.795,11.795,5400,2021-12-16 16:56:00,GSKY
11.8,11.8,11.79,11.795,1309,2021-12-16 16:57:00,GSKY
11.795,11.8,11.79,11.7999,12628,2021-12-16 16:58:00,GSKY
11.79,11.79,11.78,11.78,2976,2021-12-16 16:59:00,GSKY
11.78,11.78,11.77,11.78,10307,2021-12-16 17:00:00,GSKY
11.78,11.78,11.775,11.775,6793,2021-12-16 17:01:00,GSKY
11.77,11.77,11.77,11.77,8825,2021-12-16 17:03:00,GSKY
11.7799,11.7799,11.77,11.77,10400,2021-12-16 17:04:00,GSKY
11.77,11.775,11.7699,11.77,11100,2021-12-16 17:05:00,GSKY
11.76,11.775,11.76,11.765,12494,2021-12-16 17:06:00,GSKY
11.755,11.755,11.745,11.75,9955,2021-12-16 17:07:00,GSKY
11.7519,11.7519,11.74,11.74,6592,2021-12-16 17:08:00,GSKY
11.75,11.75,11.75,11.75,13600,2021-12-16 17:09:00,GSKY
11.755,11.76,11.755,11.76,6968,2021-12-16 17:10:00,GSKY
11.76,11.76,11.76,11.76,2260,2021-12-16 17:11:00,GSKY
11.7582,11.76,11.7582,11.76,14540,2021-12-16 17:12:00,GSKY
11.76,11.765,11.76,11.765,409,2021-12-16 17:13:00,GSKY
11.76,11.76,11.755,11.755,7582,2021-12-16 17:14:00,GSKY
11.75,11.76,11.7499,11.7499,22732,2021-12-16 17:15:00,GSKY
11.75,11.75,11.75,11.75,12720,2021-12-16 17:16:00,GSKY
11.755,11.76,11.755,11.76,200,2021-12-16 17:17:00,GSKY
11.76,11.76,11.76,11.76,3985,2021-12-16 17:18:00,GSKY
11.76,11.77,11.75,11.77,8088,2021-12-16 17:21:00,GSKY
11.775,11.775,11.765,11.765,2800,2021-12-16 17:22:00,GSKY
11.76,11.765,11.76,11.76,700,2021-12-16 17:23:00,GSKY
11.765,11.77,11.76,11.765,10377,2021-12-16 17:24:00,GSKY
11.761,11.765,11.745,11.75,16756,2021-12-16 17:25:00,GSKY
11.75,11.76,11.75,11.76,3304,2021-12-16 17:26:00,GSKY
11.76,11.761,11.76,11.76,7180,2021-12-16 17:27:00,GSKY
11.755,11.77,11.75,11.77,17723,2021-12-16 17:28:00,GSKY
11.77,11.77,11.77,11.77,300,2021-12-16 17:29:00,GSKY
11.76,11.765,11.76,11.765,1200,2021-12-16 17:30:00,GSKY
11.76,11.765,11.75,11.75,1900,2021-12-16 17:31:00,GSKY
11.75,11.75,11.745,11.75,8553,2021-12-16 17:32:00,GSKY
11.75,11.75,11.74,11.745,3630,2021-12-16 17:33:00,GSKY
11.7435,11.745,11.74,11.745,101791,2021-12-16 17:34:00,GSKY
11.75,11.755,11.7435,11.7435,159752,2021-12-16 17:35:00,GSKY
11.74,11.74,11.74,11.74,300,2021-12-16 17:36:00,GSKY
11.74,11.74,11.73,11.735,3433,2021-12-16 17:37:00,GSKY
11.73,11.73,11.72,11.72,6334,2021-12-16 17:38:00,GSKY
11.72,11.72,11.715,11.7199,4267,2021-12-16 17:39:00,GSKY
11.71,11.715,11.7,11.705,2105,2021-12-16 17:40:00,GSKY
11.705,11.705,11.695,11.695,41805,2021-12-16 17:41:00,GSKY
11.71,11.71,11.705,11.71,7259,2021-12-16 17:42:00,GSKY
11.7,11.7,11.7,11.7,300,2021-12-16 17:43:00,GSKY
11.7,11.7007,11.6899,11.69,11776,2021-12-16 17:44:00,GSKY
11.69,11.71,11.69,11.71,6966,2021-12-16 17:45:00,GSKY
11.7,11.7,11.69,11.69,900,2021-12-16 17:46:00,GSKY
11.68,11.68,11.68,11.68,500,2021-12-16 17:47:00,GSKY
11.68,11.68,11.67,11.68,16657,2021-12-16 17:48:00,GSKY
11.67,11.675,11.67,11.67,1561,2021-12-16 17:50:00,GSKY
11.67,11.69,11.67,11.68,14945,2021-12-16 17:51:00,GSKY
11.68,11.69,11.67,11.69,23151,2021-12-16 17:52:00,GSKY
11.685,11.685,11.68,11.68,167167,2021-12-16 17:53:00,GSKY
11.68,11.68,11.68,11.68,553,2021-12-16 17:54:00,GSKY
11.685,11.685,11.68,11.68,948,2021-12-16 17:55:00,GSKY
11.685,11.685,11.675,11.675,6246,2021-12-16 17:56:00,GSKY
11.67,11.675,11.67,11.675,794,2021-12-16 17:57:00,GSKY
11.68,11.68,11.675,11.675,10457,2021-12-16 17:58:00,GSKY
11.67,11.67,11.655,11.655,15849,2021-12-16 17:59:00,GSKY
11.66,11.68,11.659,11.68,21838,2021-12-16 18:00:00,GSKY
11.68,11.685,11.68,11.68,15306,2021-12-16 18:01:00,GSKY
11.68,11.69,11.67,11.69,16369,2021-12-16 18:02:00,GSKY
11.68,11.68,11.68,11.68,700,2021-12-16 18:04:00,GSKY
11.68,11.68,11.67,11.68,17247,2021-12-16 18:05:00,GSKY
11.67,11.675,11.67,11.675,1300,2021-12-16 18:06:00,GSKY
11.66,11.68,11.66,11.68,11524,2021-12-16 18:07:00,GSKY
11.68,11.69,11.67,11.675,22630,2021-12-16 18:09:00,GSKY
11.67,11.671,11.67,11.671,634,2021-12-16 18:10:00,GSKY
11.68,11.7,11.68,11.7,14163,2021-12-16 18:11:00,GSKY
11.7,11.71,11.695,11.71,4628,2021-12-16 18:13:00,GSKY
11.71,11.71,11.71,11.71,200,2021-12-16 18:14:00,GSKY
11.705,11.71,11.7,11.7,1300,2021-12-16 18:15:00,GSKY
11.7,11.705,11.695,11.7,13045,2021-12-16 18:16:00,GSKY
11.71,11.71,11.71,11.71,100,2021-12-16 18:17:00,GSKY
11.705,11.705,11.705,11.705,200,2021-12-16 18:18:00,GSKY
11.71,11.71,11.71,11.71,100,2021-12-16 18:19:00,GSKY
11.71,11.72,11.705,11.705,38734,2021-12-16 18:20:00,GSKY
11.705,11.705,11.7,11.7,7979,2021-12-16 18:21:00,GSKY
11.695,11.695,11.695,11.695,100,2021-12-16 18:23:00,GSKY
11.695,11.695,11.695,11.695,200,2021-12-16 18:24:00,GSKY
11.7,11.715,11.695,11.71,35678,2021-12-16 18:25:00,GSKY
11.71,11.72,11.705,11.72,2177,2021-12-16 18:26:00,GSKY
11.71,11.715,11.71,11.71,800,2021-12-16 18:27:00,GSKY
11.715,11.715,11.715,11.715,200,2021-12-16 18:28:00,GSKY
11.71,11.72,11.71,11.72,6494,2021-12-16 18:29:00,GSKY
11.715,11.715,11.71,11.71,700,2021-12-16 18:30:00,GSKY
11.72,11.735,11.7195,11.72,14395,2021-12-16 18:31:00,GSKY
11.72,11.725,11.72,11.72,600,2021-12-16 18:32:00,GSKY
11.72,11.73,11.72,11.72,11745,2021-12-16 18:33:00,GSKY
11.72,11.725,11.71,11.715,4000,2021-12-16 18:34:00,GSKY
11.71,11.715,11.71,11.711,1000,2021-12-16 18:35:00,GSKY
11.715,11.73,11.715,11.73,8908,2021-12-16 18:36:00,GSKY
11.725,11.725,11.72,11.725,5793,2021-12-16 18:37:00,GSKY
11.73,11.74,11.73,11.735,3948,2021-12-16 18:38:00,GSKY
11.74,11.75,11.74,11.75,2941,2021-12-16 18:39:00,GSKY
11.75,11.75,11.74,11.75,13624,2021-12-16 18:40:00,GSKY
11.74,11.74,11.74,11.74,300,2021-12-16 18:41:00,GSKY
11.74,11.745,11.735,11.74,7132,2021-12-16 18:42:00,GSKY
11.74,11.745,11.74,11.745,3334,2021-12-16 18:43:00,GSKY
11.75,11.755,11.745,11.75,6197,2021-12-16 18:44:00,GSKY
11.75,11.76,11.75,11.75,5623,2021-12-16 18:45:00,GSKY
11.75,11.75,11.75,11.75,695,2021-12-16 18:46:00,GSKY
11.75,11.76,11.75,11.76,5967,2021-12-16 18:47:00,GSKY
11.765,11.77,11.765,11.765,3400,2021-12-16 18:48:00,GSKY
11.77,11.775,11.77,11.77,7519,2021-12-16 18:49:00,GSKY
11.77,11.77,11.77,11.77,1554,2021-12-16 18:52:00,GSKY
11.78,11.78,11.78,11.78,100,2021-12-16 18:53:00,GSKY
11.77,11.775,11.77,11.77,11994,2021-12-16 18:54:00,GSKY
11.77,11.77,11.77,11.77,900,2021-12-16 18:55:00,GSKY
11.77,11.775,11.755,11.755,2086,2021-12-16 18:56:00,GSKY
11.755,11.755,11.74,11.74,3023,2021-12-16 18:57:00,GSKY
11.75,11.77,11.75,11.76,46695,2021-12-16 18:58:00,GSKY
11.76,11.76,11.741,11.741,800,2021-12-16 18:59:00,GSKY
11.745,11.75,11.735,11.735,3389,2021-12-16 19:00:00,GSKY
11.74,11.74,11.74,11.74,200,2021-12-16 19:01:00,GSKY
11.735,11.74,11.735,11.74,3657,2021-12-16 19:02:00,GSKY
11.7401,11.745,11.73,11.74,20159,2021-12-16 19:03:00,GSKY
11.74,11.75,11.74,11.75,30833,2021-12-16 19:04:00,GSKY
11.75,11.755,11.735,11.74,16758,2021-12-16 19:05:00,GSKY
11.74,11.765,11.74,11.76,50267,2021-12-16 19:06:00,GSKY
11.76,11.76,11.76,11.76,400,2021-12-16 19:07:00,GSKY
11.76,11.76,11.76,11.76,1100,2021-12-16 19:08:00,GSKY
11.76,11.765,11.75,11.75,4171,2021-12-16 19:09:00,GSKY
11.75,11.75,11.74,11.74,6795,2021-12-16 19:10:00,GSKY
11.745,11.75,11.745,11.75,4420,2021-12-16 19:11:00,GSKY
11.755,11.76,11.75,11.76,1600,2021-12-16 19:12:00,GSKY
11.76,11.77,11.76,11.77,1269,2021-12-16 19:13:00,GSKY
11.77,11.77,11.77,11.77,100,2021-12-16 19:14:00,GSKY
11.77,11.77,11.77,11.77,100,2021-12-16 19:15:00,GSKY
11.76,11.765,11.745,11.745,2100,2021-12-16 19:16:00,GSKY
11.75,11.75,11.75,11.75,200,2021-12-16 19:17:00,GSKY
11.75,11.755,11.75,11.755,1700,2021-12-16 19:18:00,GSKY
11.75,11.755,11.75,11.755,900,2021-12-16 19:19:00,GSKY
11.75,11.755,11.74,11.745,2083,2021-12-16 19:20:00,GSKY
11.74,11.745,11.74,11.745,4100,2021-12-16 19:22:00,GSKY
11.745,11.75,11.745,11.75,700,2021-12-16 19:23:00,GSKY
11.745,11.745,11.741,11.741,500,2021-12-16 19:24:00,GSKY
11.74,11.745,11.735,11.735,1860,2021-12-16 19:25:00,GSKY
11.74,11.745,11.74,11.745,3783,2021-12-16 19:26:00,GSKY
11.74,11.745,11.74,11.745,2000,2021-12-16 19:27:00,GSKY
11.75,11.755,11.75,11.75,3578,2021-12-16 19:28:00,GSKY
11.75,11.75,11.74,11.74,870,2021-12-16 19:29:00,GSKY
11.74,11.741,11.74,11.74,700,2021-12-16 19:30:00,GSKY
11.74,11.745,11.74,11.74,1400,2021-12-16 19:31:00,GSKY
11.74,11.745,11.74,11.745,1319,2021-12-16 19:32:00,GSKY
11.74,11.745,11.73,11.73,1716,2021-12-16 19:33:00,GSKY
11.73,11.73,11.73,11.73,800,2021-12-16 19:34:00,GSKY
11.73,11.735,11.72,11.72,2368,2021-12-16 19:35:00,GSKY
11.72,11.73,11.715,11.725,7138,2021-12-16 19:36:00,GSKY
11.725,11.74,11.725,11.74,4272,2021-12-16 19:37:00,GSKY
11.74,11.74,11.74,11.74,1091,2021-12-16 19:38:00,GSKY
11.745,11.75,11.745,11.75,200,2021-12-16 19:39:00,GSKY
11.75,11.75,11.74,11.75,1400,2021-12-16 19:41:00,GSKY
11.74,11.745,11.74,11.745,1000,2021-12-16 19:42:00,GSKY
11.745,11.745,11.73,11.735,2000,2021-12-16 19:43:00,GSKY
11.731,11.731,11.73,11.73,9569,2021-12-16 19:44:00,GSKY
11.725,11.73,11.72,11.72,1417,2021-12-16 19:45:00,GSKY
11.71,11.71,11.705,11.705,2771,2021-12-16 19:46:00,GSKY
11.71,11.71,11.695,11.695,1462,2021-12-16 19:47:00,GSKY
11.69,11.69,11.68,11.68,1200,2021-12-16 19:48:00,GSKY
11.68,11.68,11.665,11.67,3848,2021-12-16 19:49:00,GSKY
11.665,11.67,11.665,11.67,1346,2021-12-16 19:50:00,GSKY
11.66,11.67,11.655,11.67,4824,2021-12-16 19:51:00,GSKY
11.665,11.665,11.665,11.665,100,2021-12-16 19:52:00,GSKY
11.66,11.66,11.645,11.645,9353,2021-12-16 19:54:00,GSKY
11.64,11.65,11.64,11.65,4438,2021-12-16 19:55:00,GSKY
11.645,11.66,11.645,11.66,2993,2021-12-16 19:56:00,GSKY
11.66,11.66,11.65,11.66,943,2021-12-16 19:57:00,GSKY
11.66,11.67,11.66,11.67,3104,2021-12-16 19:59:00,GSKY
11.66,11.66,11.645,11.655,7207,2021-12-16 20:00:00,GSKY
11.651,11.66,11.64,11.64,1954,2021-12-16 20:01:00,GSKY
11.64,11.65,11.63,11.65,4192,2021-12-16 20:02:00,GSKY
11.64,11.64,11.63,11.64,858,2021-12-16 20:03:00,GSKY
11.64,11.65,11.64,11.65,1100,2021-12-16 20:04:00,GSKY
11.65,11.66,11.65,11.66,2220,2021-12-16 20:05:00,GSKY
11.655,11.655,11.651,11.651,220,2021-12-16 20:06:00,GSKY
11.66,11.66,11.635,11.645,27903,2021-12-16 20:07:00,GSKY
11.645,11.66,11.64,11.655,19134,2021-12-16 20:08:00,GSKY
11.655,11.66,11.655,11.66,1964,2021-12-16 20:09:00,GSKY
11.655,11.665,11.64,11.665,5096,2021-12-16 20:10:00,GSKY
11.665,11.665,11.65,11.65,900,2021-12-16 20:11:00,GSKY
11.65,11.66,11.65,11.66,300,2021-12-16 20:12:00,GSKY
11.65,11.67,11.65,11.67,7414,2021-12-16 20:13:00,GSKY
11.67,11.685,11.67,11.685,5000,2021-12-16 20:14:00,GSKY
11.685,11.685,11.67,11.675,1700,2021-12-16 20:15:00,GSKY
11.68,11.695,11.68,11.69,2410,2021-12-16 20:16:00,GSKY
11.695,11.695,11.695,11.695,300,2021-12-16 20:17:00,GSKY
11.7,11.7,11.685,11.685,2350,2021-12-16 20:18:00,GSKY
11.685,11.7,11.685,11.7,3195,2021-12-16 20:19:00,GSKY
11.695,11.715,11.695,11.715,3241,2021-12-16 20:20:00,GSKY
11.71,11.715,11.71,11.71,4566,2021-12-16 20:21:00,GSKY
11.71,11.72,11.71,11.72,4096,2021-12-16 20:23:00,GSKY
11.715,11.72,11.71,11.72,5676,2021-12-16 20:24:00,GSKY
11.72,11.725,11.72,11.72,6308,2021-12-16 20:25:00,GSKY
11.73,11.75,11.73,11.745,5039,2021-12-16 20:26:00,GSKY
11.75,11.755,11.74,11.75,3875,2021-12-16 20:27:00,GSKY
11.75,11.75,11.75,11.75,1450,2021-12-16 20:28:00,GSKY
11.75,11.76,11.75,11.76,5358,2021-12-16 20:29:00,GSKY
11.76,11.77,11.76,11.77,16365,2021-12-16 20:30:00,GSKY
11.77,11.775,11.75,11.75,6516,2021-12-16 20:31:00,GSKY
11.75,11.76,11.75,11.76,5800,2021-12-16 20:32:00,GSKY
11.755,11.77,11.75,11.77,3536,2021-12-16 20:33:00,GSKY
11.77,11.78,11.77,11.78,8964,2021-12-16 20:34:00,GSKY
11.77,11.775,11.77,11.775,2500,2021-12-16 20:35:00,GSKY
11.775,11.78,11.77,11.775,3900,2021-12-16 20:36:00,GSKY
11.77,11.77,11.77,11.77,2575,2021-12-16 20:37:00,GSKY
11.77,11.78,11.765,11.775,5903,2021-12-16 20:38:00,GSKY
11.78,11.79,11.78,11.79,7165,2021-12-16 20:39:00,GSKY
11.785,11.8,11.78,11.8,3170,2021-12-16 20:40:00,GSKY
11.79,11.805,11.79,11.805,9605,2021-12-16 20:41:00,GSKY
11.8,11.81,11.785,11.79,12245,2021-12-16 20:42:00,GSKY
11.79,11.795,11.78,11.781,31091,2021-12-16 20:43:00,GSKY
11.78,11.78,11.77,11.77,4036,2021-12-16 20:44:00,GSKY
11.76,11.77,11.755,11.77,13967,2021-12-16 20:45:00,GSKY
11.76,11.765,11.76,11.765,389,2021-12-16 20:46:00,GSKY
11.76,11.77,11.76,11.765,1422,2021-12-16 20:47:00,GSKY
11.76,11.765,11.76,11.76,3900,2021-12-16 20:48:00,GSKY
11.76,11.765,11.74,11.74,10472,2021-12-16 20:49:00,GSKY
11.745,11.79,11.745,11.79,48523,2021-12-16 20:50:00,GSKY
11.8,11.8,11.79,11.795,6215,2021-12-16 20:51:00,GSKY
11.79,11.79,11.78,11.78,1563,2021-12-16 20:52:00,GSKY
11.785,11.785,11.78,11.781,2450,2021-12-16 20:53:00,GSKY
11.78,11.78,11.77,11.78,21607,2021-12-16 20:54:00,GSKY
11.775,11.78,11.77,11.775,2067,2021-12-16 20:55:00,GSKY
11.77,11.78,11.77,11.775,17236,2021-12-16 20:56:00,GSKY
11.775,11.775,11.76,11.76,16271,2021-12-16 20:57:00,GSKY
11.76,11.77,11.75,11.75,16934,2021-12-16 20:58:00,GSKY
11.75,11.76,11.74,11.76,38926,2021-12-16 20:59:00,GSKY
11.76,11.76,11.76,11.76,132421,2021-12-16 21:00:00,GSKY
11.75,11.75,11.75,11.75,1600,2021-12-16 21:05:00,GSKY
11.69,11.69,11.69,11.69,1345,2021-12-17 14:30:00,GSKY
11.61,11.61,11.57,11.57,6549,2021-12-17 14:31:00,GSKY
11.59,11.61,11.59,11.61,1889,2021-12-17 14:32:00,GSKY
11.57,11.57,11.53,11.53,2759,2021-12-17 14:34:00,GSKY
11.52,11.54,11.515,11.515,3390,2021-12-17 14:35:00,GSKY
11.515,11.52,11.515,11.52,1200,2021-12-17 14:36:00,GSKY
11.5,11.51,11.485,11.485,1400,2021-12-17 14:37:00,GSKY
11.5,11.51,11.49,11.49,1100,2021-12-17 14:38:00,GSKY
11.49,11.49,11.48,11.485,11105,2021-12-17 14:39:00,GSKY
11.48,11.48,11.45,11.46,7950,2021-12-17 14:40:00,GSKY
11.45,11.45,11.42,11.42,700,2021-12-17 14:41:00,GSKY
11.41,11.41,11.41,11.41,669,2021-12-17 14:42:00,GSKY
11.4,11.4,11.385,11.39,1413,2021-12-17 14:43:00,GSKY
11.39,11.39,11.39,11.39,383,2021-12-17 14:44:00,GSKY
11.38,11.4,11.365,11.4,6468,2021-12-17 14:45:00,GSKY
11.4,11.4,11.4,11.4,200,2021-12-17 14:46:00,GSKY
11.38,11.38,11.36,11.375,1900,2021-12-17 14:47:00,GSKY
11.37,11.38,11.37,11.38,1120,2021-12-17 14:48:00,GSKY
11.38,11.38,11.38,11.38,100,2021-12-17 14:49:00,GSKY
11.39,11.39,11.38,11.38,3633,2021-12-17 14:50:00,GSKY
11.37,11.37,11.37,11.37,800,2021-12-17 14:51:00,GSKY
11.36,11.36,11.36,11.36,100,2021-12-17 14:52:00,GSKY
11.36,11.37,11.34,11.34,5189,2021-12-17 14:53:00,GSKY
11.34,11.34,11.32,11.32,398,2021-12-17 14:54:00,GSKY
11.32,11.32,11.32,11.32,904,2021-12-17 14:55:00,GSKY
11.32,11.325,11.3199,11.3199,3684,2021-12-17 14:56:00,GSKY
11.32,11.32,11.31,11.32,500,2021-12-17 14:57:00,GSKY
11.3,11.315,11.3,11.315,3503,2021-12-17 14:58:00,GSKY
11.32,11.34,11.32,11.34,700,2021-12-17 14:59:00,GSKY
11.335,11.34,11.33,11.33,3700,2021-12-17 15:00:00,GSKY
11.34,11.35,11.331,11.331,4760,2021-12-17 15:01:00,GSKY
11.35,11.35,11.33,11.33,2998,2021-12-17 15:02:00,GSKY
11.33,11.35,11.33,11.35,2145,2021-12-17 15:03:00,GSKY
11.345,11.35,11.345,11.35,1691,2021-12-17 15:04:00,GSKY
11.35,11.35,11.35,11.35,800,2021-12-17 15:05:00,GSKY
11.34,11.34,11.34,11.34,400,2021-12-17 15:06:00,GSKY
11.33,11.34,11.33,11.34,2000,2021-12-17 15:07:00,GSKY
11.335,11.335,11.32,11.32,2724,2021-12-17 15:08:00,GSKY
11.32,11.32,11.315,11.315,8521,2021-12-17 15:09:00,GSKY
11.31,11.3117,11.3,11.3,12959,2021-12-17 15:10:00,GSKY
11.3,11.3,11.28,11.28,14458,2021-12-17 15:11:00,GSKY
11.28,11.3,11.275,11.28,20791,2021-12-17 15:12:00,GSKY
11.29,11.29,11.27,11.27,8521,2021-12-17 15:13:00,GSKY
11.27,11.29,11.27,11.285,16714,2021-12-17 15:14:00,GSKY
11.285,11.29,11.275,11.28,3545,2021-12-17 15:15:00,GSKY
11.27,11.27,11.26,11.26,2900,2021-12-17 15:16:00,GSKY
11.265,11.28,11.26,11.28,13452,2021-12-17 15:17:00,GSKY
11.28,11.28,11.27,11.28,2250,2021-12-17 15:18:00,GSKY
11.28,11.285,11.28,11.285,4625,2021-12-17 15:19:00,GSKY
11.29,11.3,11.29,11.3,700,2021-12-17 15:20:00,GSKY
11.3,11.3,11.295,11.3,1949,2021-12-17 15:21:00,GSKY
11.3,11.3,11.29,11.29,1500,2021-12-17 15:22:00,GSKY
11.28,11.29,11.275,11.29,2851,2021-12-17 15:23:00,GSKY
11.285,11.285,11.275,11.28,1000,2021-12-17 15:24:00,GSKY
11.28,11.29,11.275,11.29,18548,2021-12-17 15:26:00,GSKY
11.29,11.29,11.2893,11.29,1033,2021-12-17 15:27:00,GSKY
11.295,11.3,11.285,11.29,12927,2021-12-17 15:28:00,GSKY
11.295,11.32,11.295,11.32,4421,2021-12-17 15:29:00,GSKY
11.31,11.31,11.295,11.305,8590,2021-12-17 15:30:00,GSKY
11.3,11.31,11.3,11.31,1201,2021-12-17 15:31:00,GSKY
11.31,11.3118,11.305,11.31,1766,2021-12-17 15:32:00,GSKY
11.32,11.34,11.31,11.34,10734,2021-12-17 15:33:00,GSKY
11.34,11.34,11.335,11.34,400,2021-12-17 15:34:00,GSKY
11.34,11.36,11.34,11.35,5729,2021-12-17 15:35:00,GSKY
11.345,11.36,11.345,11.36,5453,2021-12-17 15:36:00,GSKY
11.36,11.37,11.355,11.36,6900,2021-12-17 15:37:00,GSKY
11.355,11.37,11.355,11.3643,1650,2021-12-17 15:38:00,GSKY
11.35,11.35,11.345,11.345,500,2021-12-17 15:39:00,GSKY
11.335,11.335,11.33,11.33,1500,2021-12-17 15:40:00,GSKY
11.32,11.325,11.32,11.32,2900,2021-12-17 15:41:00,GSKY
11.311,11.33,11.311,11.32,11970,2021-12-17 15:42:00,GSKY
11.32,11.33,11.31,11.315,18962,2021-12-17 15:43:00,GSKY
11.32,11.33,11.31,11.33,6539,2021-12-17 15:44:00,GSKY
11.325,11.35,11.325,11.35,12363,2021-12-17 15:45:00,GSKY
11.345,11.35,11.34,11.345,600,2021-12-17 15:46:00,GSKY
11.34,11.36,11.34,11.36,10133,2021-12-17 15:47:00,GSKY
11.36,11.36,11.34,11.3401,734,2021-12-17 15:48:00,GSKY
11.34,11.36,11.335,11.36,7622,2021-12-17 15:49:00,GSKY
11.355,11.36,11.345,11.35,2833,2021-12-17 15:50:00,GSKY
11.34,11.35,11.34,11.35,6018,2021-12-17 15:51:00,GSKY
11.36,11.365,11.355,11.355,3377,2021-12-17 15:52:00,GSKY
11.355,11.38,11.355,11.37,3175,2021-12-17 15:53:00,GSKY
11.37,11.3701,11.37,11.3701,2267,2021-12-17 15:54:00,GSKY
11.38,11.38,11.36,11.36,4384,2021-12-17 15:55:00,GSKY
11.35,11.35,11.3299,11.33,7032,2021-12-17 15:56:00,GSKY
11.33,11.34,11.3299,11.33,2627,2021-12-17 15:57:00,GSKY
11.33,11.34,11.325,11.325,10923,2021-12-17 15:58:00,GSKY
11.325,11.325,11.31,11.313,3100,2021-12-17 15:59:00,GSKY
11.31,11.33,11.3099,11.33,16069,2021-12-17 16:00:00,GSKY
11.33,11.33,11.31,11.31,1374,2021-12-17 16:01:00,GSKY
11.31,11.315,11.3099,11.315,12116,2021-12-17 16:02:00,GSKY
11.31,11.32,11.31,11.315,19602,2021-12-17 16:03:00,GSKY
11.311,11.315,11.31,11.315,13878,2021-12-17 16:04:00,GSKY
11.32,11.33,11.31,11.325,23831,2021-12-17 16:05:00,GSKY
11.33,11.33,11.325,11.325,3210,2021-12-17 16:06:00,GSKY
11.33,11.33,11.32,11.32,3000,2021-12-17 16:07:00,GSKY
11.325,11.325,11.32,11.32,400,2021-12-17 16:08:00,GSKY
11.32,11.325,11.32,11.325,1133,2021-12-17 16:10:00,GSKY
11.325,11.33,11.325,11.33,15433,2021-12-17 16:11:00,GSKY
11.335,11.35,11.335,11.345,28497,2021-12-17 16:12:00,GSKY
11.35,11.35,11.34,11.345,59318,2021-12-17 16:13:00,GSKY
11.345,11.345,11.335,11.335,27381,2021-12-17 16:14:00,GSKY
11.345,11.345,11.34,11.34,5622,2021-12-17 16:15:00,GSKY
11.331,11.345,11.33,11.345,17378,2021-12-17 16:16:00,GSKY
11.335,11.36,11.33,11.35,52304,2021-12-17 16:17:00,GSKY
11.35,11.362,11.35,11.362,12403,2021-12-17 16:18:00,GSKY
11.365,11.385,11.365,11.385,15560,2021-12-17 16:19:00,GSKY
11.38,11.381,11.3601,11.3601,5478,2021-12-17 16:20:00,GSKY
11.36,11.36,11.355,11.355,876,2021-12-17 16:21:00,GSKY
11.35,11.355,11.35,11.35,4566,2021-12-17 16:22:00,GSKY
11.345,11.345,11.34,11.34,600,2021-12-17 16:23:00,GSKY
11.34,11.34,11.33,11.33,3211,2021-12-17 16:24:00,GSKY
11.34,11.34,11.335,11.34,9610,2021-12-17 16:25:00,GSKY
11.335,11.355,11.335,11.355,5114,2021-12-17 16:26:00,GSKY
11.36,11.36,11.351,11.351,2051,2021-12-17 16:27:00,GSKY
11.355,11.355,11.355,11.355,700,2021-12-17 16:28:00,GSKY
11.36,11.36,11.355,11.36,18666,2021-12-17 16:29:00,GSKY
11.36,11.36,11.35,11.36,38113,2021-12-17 16:30:00,GSKY
11.36,11.36,11.35,11.35,3414,2021-12-17 16:31:00,GSKY
11.35,11.35,11.335,11.34,2405,2021-12-17 16:32:00,GSKY
11.34,11.34,11.331,11.331,5834,2021-12-17 16:33:00,GSKY
11.33,11.34,11.32,11.32,15254,2021-12-17 16:34:00,GSKY
11.32,11.33,11.3191,11.32,6202,2021-12-17 16:35:00,GSKY
11.32,11.32,11.305,11.305,2629,2021-12-17 16:36:00,GSKY
11.31,11.31,11.305,11.305,300,2021-12-17 16:37:00,GSKY
11.3,11.3,11.2999,11.3,6344,2021-12-17 16:38:00,GSKY
11.295,11.31,11.295,11.31,6561,2021-12-17 16:39:00,GSKY
11.3105,11.311,11.31,11.31,600,2021-12-17 16:40:00,GSKY
11.31,11.31,11.3,11.3,7169,2021-12-17 16:41:00,GSKY
11.3,11.3,11.3,11.3,300,2021-12-17 16:42:00,GSKY
11.29,11.29,11.28,11.28,3898,2021-12-17 16:43:00,GSKY
11.27,11.27,11.26,11.26,2980,2021-12-17 16:45:00,GSKY
11.26,11.26,11.25,11.255,8770,2021-12-17 16:46:00,GSKY
11.26,11.27,11.26,11.265,11207,2021-12-17 16:47:00,GSKY
11.26,11.26,11.26,11.26,1300,2021-12-17 16:48:00,GSKY
11.25,11.26,11.25,11.26,6035,2021-12-17 16:49:00,GSKY
11.26,11.27,11.26,11.27,2600,2021-12-17 16:50:00,GSKY
11.27,11.272,11.27,11.27,1500,2021-12-17 16:51:00,GSKY
11.27,11.27,11.2581,11.26,23003,2021-12-17 16:52:00,GSKY
11.26,11.27,11.25,11.2696,7783,2021-12-17 16:53:00,GSKY
11.26,11.265,11.26,11.26,1600,2021-12-17 16:54:00,GSKY
11.26,11.27,11.2594,11.26,5330,2021-12-17 16:55:00,GSKY
11.26,11.27,11.2599,11.2599,3000,2021-12-17 16:56:00,GSKY
11.26,11.26,11.26,11.26,1200,2021-12-17 16:57:00,GSKY
11.2535,11.26,11.2535,11.26,400,2021-12-17 16:58:00,GSKY
11.27,11.27,11.27,11.27,848,2021-12-17 16:59:00,GSKY
11.26,11.26,11.25,11.25,1601,2021-12-17 17:00:00,GSKY
11.25,11.26,11.245,11.25,13314,2021-12-17 17:01:00,GSKY
11.26,11.26,11.26,11.26,300,2021-12-17 17:02:00,GSKY
11.255,11.275,11.255,11.265,17700,2021-12-17 17:03:00,GSKY
11.27,11.2801,11.27,11.28,2883,2021-12-17 17:04:00,GSKY
11.28,11.29,11.28,11.29,2390,2021-12-17 17:05:00,GSKY
11.29,11.3,11.275,11.2793,15559,2021-12-17 17:06:00,GSKY
11.275,11.2794,11.263,11.263,4973,2021-12-17 17:07:00,GSKY
11.26,11.26,11.26,11.26,1600,2021-12-17 17:08:00,GSKY
11.26,11.26,11.26,11.26,300,2021-12-17 17:09:00,GSKY
11.265,11.28,11.265,11.28,3200,2021-12-17 17:10:00,GSKY
11.28,11.28,11.275,11.28,5447,2021-12-17 17:11:00,GSKY
11.28,11.29,11.275,11.29,5388,2021-12-17 17:12:00,GSKY
11.29,11.295,11.29,11.29,400,2021-12-17 17:13:00,GSKY
11.29,11.3,11.285,11.3,4071,2021-12-17 17:14:00,GSKY
11.29,11.29,11.29,11.29,100,2021-12-17 17:15:00,GSKY
11.3,11.305,11.3,11.3,9641,2021-12-17 17:16:00,GSKY
11.3,11.3,11.3,11.3,108,2021-12-17 17:17:00,GSKY
11.305,11.31,11.3,11.3,2600,2021-12-17 17:18:00,GSKY
11.3,11.3019,11.29,11.295,23643,2021-12-17 17:19:00,GSKY
11.3,11.3,11.3,11.3,700,2021-12-17 17:20:00,GSKY
11.3,11.31,11.3,11.31,300,2021-12-17 17:21:00,GSKY
11.3,11.305,11.3,11.3,1300,2021-12-17 17:22:00,GSKY
11.3,11.3,11.285,11.285,2979,2021-12-17 17:24:00,GSKY
11.28,11.2806,11.28,11.28,2549,2021-12-17 17:25:00,GSKY
11.28,11.28,11.27,11.28,5145,2021-12-17 17:26:00,GSKY
11.28,11.28,11.27,11.2707,1449,2021-12-17 17:27:00,GSKY
11.27,11.275,11.27,11.27,11228,2021-12-17 17:28:00,GSKY
11.28,11.28,11.28,11.28,400,2021-12-17 17:29:00,GSKY
11.27,11.275,11.27,11.275,3170,2021-12-17 17:30:00,GSKY
11.28,11.29,11.28,11.2899,6348,2021-12-17 17:31:00,GSKY
11.2893,11.29,11.2893,11.29,200,2021-12-17 17:32:00,GSKY
11.29,11.29,11.2878,11.2893,1500,2021-12-17 17:33:00,GSKY
11.2899,11.2899,11.2791,11.2791,600,2021-12-17 17:34:00,GSKY
11.28,11.28,11.2792,11.28,2500,2021-12-17 17:35:00,GSKY
11.27,11.27,11.26,11.263,1122,2021-12-17 17:37:00,GSKY
11.26,11.27,11.26,11.27,1000,2021-12-17 17:38:00,GSKY
11.27,11.27,11.27,11.27,5709,2021-12-17 17:39:00,GSKY
11.27,11.27,11.26,11.2699,900,2021-12-17 17:40:00,GSKY
11.27,11.27,11.265,11.265,812,2021-12-17 17:41:00,GSKY
11.27,11.28,11.265,11.275,13985,2021-12-17 17:42:00,GSKY
11.275,11.275,11.263,11.263,700,2021-12-17 17:43:00,GSKY
11.26,11.26,11.26,11.26,200,2021-12-17 17:44:00,GSKY
11.26,11.29,11.26,11.28,18329,2021-12-17 17:46:00,GSKY
11.271,11.271,11.27,11.27,600,2021-12-17 17:48:00,GSKY
11.27,11.28,11.265,11.28,3932,2021-12-17 17:50:00,GSKY
11.28,11.28,11.28,11.28,500,2021-12-17 17:51:00,GSKY
11.27,11.275,11.27,11.271,2950,2021-12-17 17:52:00,GSKY
11.27,11.27,11.255,11.26,19957,2021-12-17 17:53:00,GSKY
11.27,11.27,11.27,11.27,714,2021-12-17 17:54:00,GSKY
11.27,11.27,11.27,11.27,126,2021-12-17 17:55:00,GSKY
11.27,11.28,11.265,11.28,6166,2021-12-17 17:56:00,GSKY
11.27,11.2707,11.27,11.27,1200,2021-12-17 17:57:00,GSKY
11.27,11.27,11.26,11.265,300,2021-12-17 17:58:00,GSKY
11.26,11.27,11.26,11.265,5326,2021-12-17 18:00:00,GSKY
11.26,11.26,11.26,11.26,500,2021-12-17 18:01:00,GSKY
11.26,11.28,11.26,11.28,7743,2021-12-17 18:02:00,GSKY
11.27,11.2701,11.27,11.27,400,2021-12-17 18:04:00,GSKY
11.26,11.26,11.251,11.255,400,2021-12-17 18:05:00,GSKY
11.25,11.26,11.25,11.26,10760,2021-12-17 18:06:00,GSKY
11.25,11.25,11.25,11.25,1400,2021-12-17 18:07:00,GSKY
11.245,11.245,11.23,11.24,24230,2021-12-17 18:09:00,GSKY
11.24,11.25,11.23,11.25,63602,2021-12-17 18:10:00,GSKY
11.25,11.255,11.245,11.25,6625,2021-12-17 18:11:00,GSKY
11.26,11.26,11.25,11.25,700,2021-12-17 18:12:00,GSKY
11.25,11.25,11.2499,11.2499,200,2021-12-17 18:14:00,GSKY
11.24,11.255,11.2399,11.25,16851,2021-12-17 18:15:00,GSKY
11.25,11.25,11.24,11.24,436,2021-12-17 18:16:00,GSKY
11.24,11.24,11.24,11.24,100,2021-12-17 18:17:00,GSKY
11.25,11.25,11.25,11.25,100,2021-12-17 18:19:00,GSKY
11.25,11.26,11.25,11.255,16230,2021-12-17 18:20:00,GSKY
11.255,11.26,11.25,11.25,36221,2021-12-17 18:21:00,GSKY
11.255,11.26,11.255,11.26,500,2021-12-17 18:22:00,GSKY
11.26,11.27,11.25,11.27,40782,2021-12-17 18:23:00,GSKY
11.27,11.27,11.27,11.27,600,2021-12-17 18:24:00,GSKY
11.27,11.275,11.27,11.275,2696,2021-12-17 18:25:00,GSKY
11.28,11.29,11.28,11.2824,5691,2021-12-17 18:26:00,GSKY
11.29,11.29,11.28,11.28,1000,2021-12-17 18:27:00,GSKY
11.28,11.2801,11.28,11.28,1744,2021-12-17 18:30:00,GSKY
11.28,11.29,11.28,11.29,7600,2021-12-17 18:31:00,GSKY
11.29,11.29,11.29,11.29,400,2021-12-17 18:32:00,GSKY
11.29,11.29,11.29,11.29,1200,2021-12-17 18:33:00,GSKY
11.29,11.295,11.29,11.295,4399,2021-12-17 18:34:00,GSKY
11.3,11.305,11.3,11.305,4195,2021-12-17 18:35:00,GSKY
11.305,11.305,11.3,11.305,11310,2021-12-17 18:36:00,GSKY
11.31,11.315,11.3,11.3,3000,2021-12-17 18:37:00,GSKY
11.3,11.31,11.3,11.31,10417,2021-12-17 18:38:00,GSKY
11.301,11.301,11.3,11.3,2479,2021-12-17 18:39:00,GSKY
11.31,11.31,11.29,11.29,2175,2021-12-17 18:40:00,GSKY
11.3,11.305,11.3,11.305,2893,2021-12-17 18:41:00,GSKY
11.31,11.315,11.31,11.311,12177,2021-12-17 18:42:00,GSKY
11.31,11.3113,11.31,11.31,3808,2021-12-17 18:43:00,GSKY
11.31,11.3115,11.31,11.3115,800,2021-12-17 18:44:00,GSKY
11.32,11.325,11.32,11.325,3200,2021-12-17 18:45:00,GSKY
11.33,11.33,11.33,11.33,1014,2021-12-17 18:48:00,GSKY
11.33,11.33,11.33,11.33,1320,2021-12-17 18:49:00,GSKY
11.325,11.325,11.325,11.325,100,2021-12-17 18:50:00,GSKY
11.3203,11.33,11.3203,11.325,1064,2021-12-17 18:51:00,GSKY
11.325,11.33,11.32,11.33,11484,2021-12-17 18:52:00,GSKY
11.33,11.33,11.33,11.33,100,2021-12-17 18:56:00,GSKY
11.32,11.34,11.32,11.34,14755,2021-12-17 18:57:00,GSKY
11.34,11.34,11.3392,11.3392,200,2021-12-17 18:58:00,GSKY
11.34,11.34,11.3392,11.34,300,2021-12-17 18:59:00,GSKY
11.34,11.34,11.34,11.34,100,2021-12-17 19:01:00,GSKY
11.33,11.33,11.33,11.33,800,2021-12-17 19:02:00,GSKY
11.33,11.345,11.33,11.345,16669,2021-12-17 19:03:00,GSKY
11.35,11.35,11.35,11.35,500,2021-12-17 19:04:00,GSKY
11.35,11.35,11.35,11.35,100,2021-12-17 19:05:00,GSKY
11.35,11.37,11.3494,11.37,4673,2021-12-17 19:06:00,GSKY
11.365,11.365,11.365,11.365,1000,2021-12-17 19:07:00,GSKY
11.36,11.365,11.36,11.36,300,2021-12-17 19:08:00,GSKY
11.36,11.365,11.36,11.36,6840,2021-12-17 19:09:00,GSKY
11.36,11.365,11.36,11.3606,1700,2021-12-17 19:10:00,GSKY
11.36,11.37,11.36,11.37,11870,2021-12-17 19:12:00,GSKY
11.37,11.375,11.365,11.37,8247,2021-12-17 19:13:00,GSKY
11.37,11.37,11.36,11.36,1900,2021-12-17 19:14:00,GSKY
11.37,11.37,11.37,11.37,100,2021-12-17 19:16:00,GSKY
11.365,11.365,11.355,11.355,7481,2021-12-17 19:17:00,GSKY
11.35,11.355,11.35,11.3501,2432,2021-12-17 19:19:00,GSKY
11.3508,11.355,11.3508,11.355,700,2021-12-17 19:20:00,GSKY
11.36,11.36,11.34,11.34,23892,2021-12-17 19:21:00,GSKY
11.35,11.35,11.345,11.35,3157,2021-12-17 19:22:00,GSKY
11.35,11.36,11.35,11.355,990,2021-12-17 19:23:00,GSKY
11.35,11.36,11.345,11.355,9095,2021-12-17 19:27:00,GSKY
11.35,11.35,11.35,11.35,600,2021-12-17 19:28:00,GSKY
11.345,11.35,11.345,11.345,1100,2021-12-17 19:29:00,GSKY
11.34,11.345,11.34,11.345,1600,2021-12-17 19:31:00,GSKY
11.34,11.3408,11.34,11.3408,400,2021-12-17 19:32:00,GSKY
11.34,11.3408,11.335,11.34,3212,2021-12-17 19:34:00,GSKY
11.335,11.335,11.335,11.335,1900,2021-12-17 19:35:00,GSKY
11.335,11.34,11.33,11.33,2277,2021-12-17 19:36:00,GSKY
11.3307,11.3307,11.325,11.325,626,2021-12-17 19:38:00,GSKY
11.3242,11.325,11.3242,11.325,326,2021-12-17 19:39:00,GSKY
11.325,11.34,11.32,11.34,20752,2021-12-17 19:40:00,GSKY
11.335,11.335,11.331,11.335,426,2021-12-17 19:41:00,GSKY
11.3347,11.3347,11.332,11.332,226,2021-12-17 19:42:00,GSKY
11.3301,11.3301,11.3301,11.3301,113,2021-12-17 19:43:00,GSKY
11.33,11.34,11.325,11.3389,9292,2021-12-17 19:44:00,GSKY
11.335,11.35,11.335,11.3491,2428,2021-12-17 19:45:00,GSKY
11.345,11.36,11.345,11.355,4354,2021-12-17 19:46:00,GSKY
11.36,11.36,11.36,11.36,200,2021-12-17 19:47:00,GSKY
11.36,11.36,11.36,11.36,900,2021-12-17 19:48:00,GSKY
11.36,11.365,11.36,11.36,3533,2021-12-17 19:49:00,GSKY
11.3401,11.3401,11.34,11.34,500,2021-12-17 19:51:00,GSKY
11.335,11.335,11.335,11.335,400,2021-12-17 19:52:00,GSKY
11.33,11.335,11.33,11.33,2447,2021-12-17 19:53:00,GSKY
11.33,11.33,11.32,11.3207,5850,2021-12-17 19:54:00,GSKY
11.32,11.325,11.315,11.325,18787,2021-12-17 19:55:00,GSKY
11.33,11.33,11.325,11.33,5320,2021-12-17 19:56:00,GSKY
11.33,11.34,11.33,11.335,23998,2021-12-17 19:57:00,GSKY
11.335,11.35,11.33,11.345,26806,2021-12-17 19:58:00,GSKY
11.34,11.345,11.34,11.345,200,2021-12-17 19:59:00,GSKY
11.345,11.35,11.34,11.34,25753,2021-12-17 20:00:00,GSKY
11.35,11.37,11.35,11.37,24846,2021-12-17 20:01:00,GSKY
11.38,11.38,11.3676,11.3676,5300,2021-12-17 20:02:00,GSKY
11.36,11.36,11.36,11.36,500,2021-12-17 20:03:00,GSKY
11.36,11.365,11.3501,11.3501,7571,2021-12-17 20:04:00,GSKY
11.36,11.37,11.3586,11.36,16621,2021-12-17 20:05:00,GSKY
11.36,11.3617,11.358,11.3617,8670,2021-12-17 20:06:00,GSKY
11.365,11.375,11.365,11.375,29252,2021-12-17 20:07:00,GSKY
11.375,11.38,11.37,11.37,3516,2021-12-17 20:08:00,GSKY
11.375,11.385,11.37,11.385,18491,2021-12-17 20:09:00,GSKY
11.38,11.38,11.375,11.375,8190,2021-12-17 20:10:00,GSKY
11.36,11.3601,11.36,11.36,600,2021-12-17 20:11:00,GSKY
11.3621,11.37,11.355,11.355,12540,2021-12-17 20:12:00,GSKY
11.35,11.35,11.35,11.35,200,2021-12-17 20:14:00,GSKY
11.35,11.355,11.35,11.355,700,2021-12-17 20:15:00,GSKY
11.355,11.355,11.35,11.355,600,2021-12-17 20:16:00,GSKY
11.35,11.35,11.34,11.341,17125,2021-12-17 20:17:00,GSKY
11.34,11.35,11.335,11.35,23864,2021-12-17 20:18:00,GSKY
11.355,11.365,11.355,11.365,4407,2021-12-17 20:19:00,GSKY
11.365,11.37,11.365,11.37,1600,2021-12-17 20:21:00,GSKY
11.37,11.37,11.365,11.37,17469,2021-12-17 20:22:00,GSKY
11.37,11.3775,11.37,11.375,3904,2021-12-17 20:23:00,GSKY
11.38,11.38,11.37,11.37,3662,2021-12-17 20:24:00,GSKY
11.37,11.37,11.36,11.36,1290,2021-12-17 20:25:00,GSKY
11.36,11.36,11.35,11.35,3200,2021-12-17 20:26:00,GSKY
11.355,11.36,11.34,11.35,7242,2021-12-17 20:27:00,GSKY
11.35,11.35,11.345,11.35,652,2021-12-17 20:28:00,GSKY
11.35,11.35,11.34,11.35,4158,2021-12-17 20:29:00,GSKY
11.35,11.35,11.34,11.34,7736,2021-12-17 20:30:00,GSKY
11.34,11.34,11.33,11.34,12544,2021-12-17 20:31:00,GSKY
11.34,11.35,11.33,11.35,16280,2021-12-17 20:32:00,GSKY
11.341,11.345,11.34,11.34,11800,2021-12-17 20:33:00,GSKY
11.33,11.34,11.33,11.34,4446,2021-12-17 20:34:00,GSKY
11.335,11.335,11.33,11.33,1092,2021-12-17 20:35:00,GSKY
11.33,11.33,11.33,11.33,100,2021-12-17 20:36:00,GSKY
11.33,11.33,11.33,11.33,200,2021-12-17 20:37:00,GSKY
11.335,11.34,11.335,11.335,3300,2021-12-17 20:38:00,GSKY
11.335,11.335,11.33,11.33,3590,2021-12-17 20:39:00,GSKY
11.335,11.35,11.33,11.345,39872,2021-12-17 20:40:00,GSKY
11.34,11.345,11.34,11.341,2600,2021-12-17 20:41:00,GSKY
11.34,11.35,11.34,11.35,21042,2021-12-17 20:42:00,GSKY
11.35,11.355,11.35,11.35,3292,2021-12-17 20:43:00,GSKY
11.35,11.35,11.35,11.35,2827,2021-12-17 20:44:00,GSKY
11.34,11.35,11.33,11.33,4465,2021-12-17 20:45:00,GSKY
11.33,11.33,11.33,11.33,793,2021-12-17 20:46:00,GSKY
11.33,11.33,11.325,11.33,17229,2021-12-17 20:47:00,GSKY
11.325,11.33,11.31,11.31,2300,2021-12-17 20:48:00,GSKY
11.31,11.315,11.3,11.31,10927,2021-12-17 20:49:00,GSKY
11.3,11.3,11.27,11.3,84245,2021-12-17 20:50:00,GSKY
11.3,11.31,11.295,11.295,31546,2021-12-17 20:51:00,GSKY
11.295,11.295,11.29,11.295,7809,2021-12-17 20:52:00,GSKY
11.26,11.315,11.25,11.315,179412,2021-12-17 20:53:00,GSKY
11.31,11.32,11.21,11.29,378362,2021-12-17 20:54:00,GSKY
11.295,11.3,11.28,11.29,62445,2021-12-17 20:55:00,GSKY
11.29,11.295,11.28,11.28,49562,2021-12-17 20:56:00,GSKY
11.285,11.31,11.285,11.3009,94364,2021-12-17 20:57:00,GSKY
11.3,11.305,11.29,11.295,26886,2021-12-17 20:58:00,GSKY
11.29,11.29,11.26,11.265,53898,2021-12-17 20:59:00,GSKY
11.26,11.26,11.26,11.26,772611,2021-12-17 21:00:00,GSKY
11.12,11.12,10.95,10.98,36264,2021-12-20 14:30:00,GSKY
10.98,10.98,10.95,10.97,17993,2021-12-20 14:31:00,GSKY
10.97,10.98,10.88,10.91,27145,2021-12-20 14:32:00,GSKY
10.92,10.95,10.92,10.95,18901,2021-12-20 14:33:00,GSKY
10.91,10.93,10.91,10.93,6513,2021-12-20 14:34:00,GSKY
10.935,10.955,10.93,10.955,2000,2021-12-20 14:35:00,GSKY
10.97,10.99,10.96,10.985,7934,2021-12-20 14:36:00,GSKY
10.99,11.01,10.95,11.01,19356,2021-12-20 14:37:00,GSKY
11.0,11.0,10.95,10.97,1200,2021-12-20 14:38:00,GSKY
10.97,10.97,10.95,10.95,5066,2021-12-20 14:39:00,GSKY
10.94,10.94,10.88,10.891,12991,2021-12-20 14:40:00,GSKY
10.89,10.915,10.88,10.895,5851,2021-12-20 14:41:00,GSKY
10.89,10.905,10.88,10.905,10457,2021-12-20 14:42:00,GSKY
10.9,10.9,10.885,10.89,5017,2021-12-20 14:43:00,GSKY
10.885,10.8901,10.88,10.8901,7024,2021-12-20 14:44:00,GSKY
10.9,10.91,10.89,10.91,3650,2021-12-20 14:45:00,GSKY
10.92,10.92,10.91,10.915,1100,2021-12-20 14:46:00,GSKY
10.91,10.91,10.9,10.9,4778,2021-12-20 14:47:00,GSKY
10.89,10.89,10.89,10.89,1329,2021-12-20 14:48:00,GSKY
10.88,10.88,10.8599,10.8599,8984,2021-12-20 14:49:00,GSKY
10.86,10.87,10.86,10.87,2018,2021-12-20 14:50:00,GSKY
10.865,10.88,10.865,10.87,4431,2021-12-20 14:51:00,GSKY
10.86,10.8619,10.84,10.85,7863,2021-12-20 14:52:00,GSKY
10.85,10.88,10.8494,10.87,4140,2021-12-20 14:53:00,GSKY
10.87,10.87,10.86,10.87,1200,2021-12-20 14:54:00,GSKY
10.885,10.89,10.88,10.89,3372,2021-12-20 14:55:00,GSKY
10.88,10.88,10.88,10.88,100,2021-12-20 14:56:00,GSKY
10.89,10.9,10.89,10.89,4693,2021-12-20 14:57:00,GSKY
10.875,10.89,10.875,10.89,3000,2021-12-20 14:58:00,GSKY
10.89,10.91,10.89,10.9,2900,2021-12-20 14:59:00,GSKY
10.9,10.9,10.885,10.89,1700,2021-12-20 15:00:00,GSKY
10.895,10.9,10.895,10.9,1000,2021-12-20 15:01:00,GSKY
10.91,10.94,10.91,10.935,3594,2021-12-20 15:02:00,GSKY
10.94,10.94,10.915,10.92,18900,2021-12-20 15:03:00,GSKY
10.92,10.93,10.915,10.93,5600,2021-12-20 15:04:00,GSKY
10.92,10.94,10.92,10.94,5245,2021-12-20 15:05:00,GSKY
10.94,10.95,10.94,10.95,2202,2021-12-20 15:06:00,GSKY
10.94,10.95,10.94,10.945,3700,2021-12-20 15:07:00,GSKY
10.94,10.94,10.92,10.93,2000,2021-12-20 15:08:00,GSKY
10.92,10.93,10.92,10.925,2272,2021-12-20 15:09:00,GSKY
10.93,10.93,10.92,10.92,1000,2021-12-20 15:10:00,GSKY
10.92,10.93,10.92,10.93,6918,2021-12-20 15:11:00,GSKY
10.93,10.93,10.92,10.92,1500,2021-12-20 15:12:00,GSKY
10.92,10.92,10.92,10.92,2050,2021-12-20 15:13:00,GSKY
10.93,10.93,10.93,10.93,3350,2021-12-20 15:14:00,GSKY
10.94,10.94,10.92,10.92,4800,2021-12-20 15:15:00,GSKY
10.93,10.94,10.93,10.94,1400,2021-12-20 15:16:00,GSKY
10.94,10.96,10.94,10.96,8028,2021-12-20 15:17:00,GSKY
10.97,10.995,10.97,10.985,9204,2021-12-20 15:18:00,GSKY
10.98,10.98,10.965,10.97,7358,2021-12-20 15:19:00,GSKY
10.97,10.99,10.96,10.96,8040,2021-12-20 15:20:00,GSKY
10.965,10.965,10.96,10.96,5959,2021-12-20 15:21:00,GSKY
10.94,10.95,10.94,10.94,3950,2021-12-20 15:22:00,GSKY
10.94,10.94,10.94,10.94,302,2021-12-20 15:23:00,GSKY
10.93,10.93,10.92,10.92,1500,2021-12-20 15:24:00,GSKY
10.915,10.915,10.91,10.91,454,2021-12-20 15:25:00,GSKY
10.9,10.9,10.89,10.9,5933,2021-12-20 15:26:00,GSKY
10.91,10.91,10.91,10.91,639,2021-12-20 15:27:00,GSKY
10.91,10.915,10.898,10.905,5649,2021-12-20 15:28:00,GSKY
10.9,10.9,10.89,10.9,2900,2021-12-20 15:29:00,GSKY
10.9,10.9,10.89,10.9,4600,2021-12-20 15:30:00,GSKY
10.9,10.91,10.8999,10.905,3397,2021-12-20 15:31:00,GSKY
10.9,10.905,10.9,10.905,200,2021-12-20 15:32:00,GSKY
10.9,10.9,10.9,10.9,1400,2021-12-20 15:33:00,GSKY
10.9,10.9,10.89,10.89,3010,2021-12-20 15:34:00,GSKY
10.885,10.8993,10.8792,10.8993,8761,2021-12-20 15:35:00,GSKY
10.9,10.9,10.88,10.89,11873,2021-12-20 15:36:00,GSKY
10.89,10.89,10.875,10.8793,3684,2021-12-20 15:37:00,GSKY
10.87,10.87,10.865,10.865,1050,2021-12-20 15:38:00,GSKY
10.87,10.88,10.865,10.87,5109,2021-12-20 15:39:00,GSKY
10.86,10.87,10.86,10.87,14313,2021-12-20 15:40:00,GSKY
10.87,10.87,10.8692,10.8692,900,2021-12-20 15:41:00,GSKY
10.86,10.8615,10.8579,10.86,7156,2021-12-20 15:43:00,GSKY
10.865,10.865,10.865,10.865,300,2021-12-20 15:44:00,GSKY
10.86,10.865,10.855,10.86,7991,2021-12-20 15:45:00,GSKY
10.86,10.87,10.86,10.87,500,2021-12-20 15:46:00,GSKY
10.86,10.86,10.85,10.855,6658,2021-12-20 15:47:00,GSKY
10.84,10.841,10.83,10.83,2484,2021-12-20 15:49:00,GSKY
10.835,10.84,10.825,10.835,3870,2021-12-20 15:50:00,GSKY
10.835,10.84,10.835,10.84,1794,2021-12-20 15:51:00,GSKY
10.845,10.845,10.84,10.84,3300,2021-12-20 15:52:00,GSKY
10.84,10.84,10.825,10.83,8600,2021-12-20 15:53:00,GSKY
10.83,10.8401,10.83,10.84,10757,2021-12-20 15:54:00,GSKY
10.841,10.855,10.84,10.85,3900,2021-12-20 15:55:00,GSKY
10.85,10.85,10.84,10.84,2000,2021-12-20 15:56:00,GSKY
10.845,10.845,10.835,10.835,2200,2021-12-20 15:57:00,GSKY
10.835,10.85,10.835,10.85,7650,2021-12-20 15:58:00,GSKY
10.86,10.8601,10.86,10.8601,1218,2021-12-20 15:59:00,GSKY
10.87,10.87,10.865,10.865,1100,2021-12-20 16:00:00,GSKY
10.86,10.86,10.855,10.86,13434,2021-12-20 16:01:00,GSKY
10.86,10.86,10.86,10.86,100,2021-12-20 16:03:00,GSKY
10.855,10.8621,10.855,10.862,10454,2021-12-20 16:04:00,GSKY
10.87,10.8722,10.87,10.8707,1900,2021-12-20 16:05:00,GSKY
10.87,10.87,10.87,10.87,1498,2021-12-20 16:06:00,GSKY
10.86,10.8701,10.86,10.8701,13478,2021-12-20 16:07:00,GSKY
10.87,10.875,10.87,10.8701,800,2021-12-20 16:08:00,GSKY
10.87,10.8701,10.87,10.87,2500,2021-12-20 16:10:00,GSKY
10.87,10.87,10.86,10.86,1158,2021-12-20 16:11:00,GSKY
10.85,10.87,10.85,10.87,4112,2021-12-20 16:12:00,GSKY
10.8601,10.8601,10.85,10.85,300,2021-12-20 16:13:00,GSKY
10.85,10.85,10.84,10.845,7700,2021-12-20 16:14:00,GSKY
10.84,10.84,10.83,10.83,27648,2021-12-20 16:15:00,GSKY
10.83,10.84,10.83,10.84,5911,2021-12-20 16:16:00,GSKY
10.828,10.8316,10.828,10.8316,4235,2021-12-20 16:17:00,GSKY
10.83,10.84,10.83,10.84,8493,2021-12-20 16:18:00,GSKY
10.84,10.85,10.84,10.85,3050,2021-12-20 16:19:00,GSKY
10.855,10.86,10.85,10.85,7529,2021-12-20 16:20:00,GSKY
10.85,10.85,10.85,10.85,400,2021-12-20 16:21:00,GSKY
10.86,10.87,10.8594,10.86,8100,2021-12-20 16:22:00,GSKY
10.865,10.88,10.865,10.88,3200,2021-12-20 16:23:00,GSKY
10.88,10.88,10.88,10.88,600,2021-12-20 16:24:00,GSKY
10.87,10.87,10.8601,10.8601,2200,2021-12-20 16:25:00,GSKY
10.87,10.8701,10.865,10.87,13171,2021-12-20 16:26:00,GSKY
10.87,10.875,10.87,10.87,2700,2021-12-20 16:27:00,GSKY
10.88,10.88,10.88,10.88,3900,2021-12-20 16:29:00,GSKY
10.88,10.89,10.88,10.89,2873,2021-12-20 16:31:00,GSKY
10.88,10.88,10.87,10.87,12006,2021-12-20 16:32:00,GSKY
10.87,10.871,10.865,10.871,3545,2021-12-20 16:33:00,GSKY
10.88,10.88,10.88,10.88,100,2021-12-20 16:34:00,GSKY
10.875,10.875,10.87,10.8701,2200,2021-12-20 16:35:00,GSKY
10.87,10.87,10.855,10.855,3000,2021-12-20 16:36:00,GSKY
10.855,10.855,10.85,10.85,215,2021-12-20 16:37:00,GSKY
10.8529,10.86,10.8529,10.86,400,2021-12-20 16:38:00,GSKY
10.85,10.855,10.845,10.85,6836,2021-12-20 16:39:00,GSKY
10.855,10.855,10.85,10.85,3500,2021-12-20 16:40:00,GSKY
10.86,10.86,10.86,10.86,500,2021-12-20 16:41:00,GSKY
10.87,10.875,10.86,10.86,9934,2021-12-20 16:42:00,GSKY
10.86,10.875,10.86,10.875,6232,2021-12-20 16:43:00,GSKY
10.87,10.87,10.87,10.87,1600,2021-12-20 16:44:00,GSKY
10.86,10.8601,10.86,10.8601,200,2021-12-20 16:45:00,GSKY
10.85,10.851,10.85,10.85,3898,2021-12-20 16:46:00,GSKY
10.86,10.86,10.85,10.85,12662,2021-12-20 16:47:00,GSKY
10.851,10.86,10.851,10.86,600,2021-12-20 16:48:00,GSKY
10.86,10.865,10.86,10.8608,1688,2021-12-20 16:49:00,GSKY
10.88,10.88,10.87,10.88,2397,2021-12-20 16:51:00,GSKY
10.88,10.88,10.875,10.875,1100,2021-12-20 16:52:00,GSKY
10.87,10.885,10.87,10.87,12004,2021-12-20 16:54:00,GSKY
10.87,10.87,10.86,10.861,5351,2021-12-20 16:55:00,GSKY
10.86,10.861,10.85,10.86,23083,2021-12-20 16:56:00,GSKY
10.86,10.86,10.8599,10.86,5524,2021-12-20 16:57:00,GSKY
10.86,10.86,10.86,10.86,4000,2021-12-20 16:58:00,GSKY
10.87,10.87,10.87,10.87,4132,2021-12-20 16:59:00,GSKY
10.87,10.87,10.86,10.86,4780,2021-12-20 17:00:00,GSKY
10.87,10.87,10.87,10.87,5800,2021-12-20 17:01:00,GSKY
10.87,10.87,10.86,10.87,1600,2021-12-20 17:02:00,GSKY
10.87,10.87,10.87,10.87,300,2021-12-20 17:03:00,GSKY
10.87,10.87,10.86,10.8607,5495,2021-12-20 17:05:00,GSKY
10.86,10.86,10.86,10.86,100,2021-12-20 17:06:00,GSKY
10.86,10.8619,10.86,10.8619,200,2021-12-20 17:07:00,GSKY
10.86,10.86,10.8576,10.86,19278,2021-12-20 17:08:00,GSKY
10.86,10.86,10.8576,10.86,3700,2021-12-20 17:09:00,GSKY
10.86,10.86,10.8592,10.86,4513,2021-12-20 17:10:00,GSKY
10.86,10.86,10.86,10.86,3000,2021-12-20 17:11:00,GSKY
10.86,10.86,10.86,10.86,500,2021-12-20 17:12:00,GSKY
10.86,10.86,10.86,10.86,300,2021-12-20 17:13:00,GSKY
10.87,10.87,10.87,10.87,4000,2021-12-20 17:14:00,GSKY
10.86,10.86,10.86,10.86,100,2021-12-20 17:15:00,GSKY
10.8699,10.87,10.8699,10.87,1425,2021-12-20 17:18:00,GSKY
10.88,10.88,10.8776,10.88,3171,2021-12-20 17:19:00,GSKY
10.877,10.877,10.87,10.87,5387,2021-12-20 17:20:00,GSKY
10.875,10.875,10.87,10.87,200,2021-12-20 17:21:00,GSKY
10.87,10.875,10.865,10.875,14549,2021-12-20 17:23:00,GSKY
10.87,10.87,10.865,10.87,8457,2021-12-20 17:24:00,GSKY
10.87,10.87,10.87,10.87,9481,2021-12-20 17:25:00,GSKY
10.87,10.87,10.865,10.865,669,2021-12-20 17:26:00,GSKY
10.87,10.8781,10.87,10.8777,5250,2021-12-20 17:27:00,GSKY
10.87,10.88,10.87,10.8778,2011,2021-12-20 17:28:00,GSKY
10.879,10.879,10.87,10.87,500,2021-12-20 17:29:00,GSKY
10.87,10.885,10.87,10.88,2698,2021-12-20 17:30:00,GSKY
10.88,10.8817,10.88,10.88,1661,2021-12-20 17:31:00,GSKY
10.875,10.875,10.8694,10.87,5160,2021-12-20 17:32:00,GSKY
10.875,10.875,10.875,10.875,100,2021-12-20 17:33:00,GSKY
10.87,10.87,10.86,10.865,700,2021-12-20 17:34:00,GSKY
10.865,10.865,10.865,10.865,400,2021-12-20 17:35:00,GSKY
10.865,10.865,10.86,10.86,300,2021-12-20 17:36:00,GSKY
10.86,10.88,10.86,10.8787,13536,2021-12-20 17:37:00,GSKY
10.88,10.89,10.8787,10.88,6100,2021-12-20 17:38:00,GSKY
10.88,10.88,10.8799,10.88,2400,2021-12-20 17:39:00,GSKY
10.87,10.8701,10.87,10.8701,200,2021-12-20 17:40:00,GSKY
10.88,10.88,10.88,10.88,300,2021-12-20 17:42:00,GSKY
10.88,10.88,10.868,10.8782,16800,2021-12-20 17:43:00,GSKY
10.88,10.89,10.87,10.88,12166,2021-12-20 17:44:00,GSKY
10.88,10.88,10.87,10.88,10461,2021-12-20 17:45:00,GSKY
10.87,10.88,10.87,10.88,5100,2021-12-20 17:46:00,GSKY
10.87,10.88,10.87,10.875,8659,2021-12-20 17:47:00,GSKY
10.87,10.8722,10.86,10.86,8898,2021-12-20 17:48:00,GSKY
10.86,10.88,10.86,10.875,16330,2021-12-20 17:49:00,GSKY
10.87,10.8808,10.865,10.88,18426,2021-12-20 17:50:00,GSKY
10.87,10.875,10.87,10.8707,2351,2021-12-20 17:51:00,GSKY
10.8707,10.88,10.86,10.88,14793,2021-12-20 17:52:00,GSKY
10.88,10.88,10.87,10.8701,4470,2021-12-20 17:53:00,GSKY
10.875,10.875,10.87,10.87,1800,2021-12-20 17:54:00,GSKY
10.87,10.87,10.86,10.865,10955,2021-12-20 17:55:00,GSKY
10.86,10.865,10.86,10.865,2000,2021-12-20 17:56:00,GSKY
10.86,10.87,10.86,10.865,7500,2021-12-20 17:57:00,GSKY
10.86,10.87,10.855,10.86,18854,2021-12-20 17:58:00,GSKY
10.86,10.87,10.86,10.865,6700,2021-12-20 17:59:00,GSKY
10.86,10.86,10.86,10.86,2728,2021-12-20 18:00:00,GSKY
10.86,10.86,10.85,10.86,12865,2021-12-20 18:01:00,GSKY
10.855,10.86,10.85,10.86,5900,2021-12-20 18:02:00,GSKY
10.85,10.86,10.85,10.855,7797,2021-12-20 18:03:00,GSKY
10.85,10.85,10.845,10.85,13814,2021-12-20 18:04:00,GSKY
10.845,10.845,10.84,10.84,7633,2021-12-20 18:05:00,GSKY
10.845,10.86,10.84,10.8594,26837,2021-12-20 18:06:00,GSKY
10.86,10.8624,10.85,10.86,11383,2021-12-20 18:07:00,GSKY
10.86,10.87,10.86,10.86,9201,2021-12-20 18:08:00,GSKY
10.86,10.865,10.86,10.86,7100,2021-12-20 18:09:00,GSKY
10.865,10.87,10.86,10.87,11371,2021-12-20 18:10:00,GSKY
10.87,10.87,10.86,10.86,5456,2021-12-20 18:11:00,GSKY
10.86,10.865,10.86,10.865,5700,2021-12-20 18:12:00,GSKY
10.86,10.86,10.85,10.85,9567,2021-12-20 18:13:00,GSKY
10.85,10.8658,10.85,10.8658,15229,2021-12-20 18:14:00,GSKY
10.87,10.87,10.85,10.85,12157,2021-12-20 18:15:00,GSKY
10.86,10.86,10.855,10.86,11559,2021-12-20 18:16:00,GSKY
10.86,10.87,10.86,10.865,12233,2021-12-20 18:17:00,GSKY
10.87,10.87,10.86,10.86,4916,2021-12-20 18:18:00,GSKY
10.86,10.86,10.86,10.86,1400,2021-12-20 18:19:00,GSKY
10.86,10.87,10.855,10.86,23352,2021-12-20 18:20:00,GSKY
10.87,10.87,10.87,10.87,12923,2021-12-20 18:21:00,GSKY
10.87,10.8701,10.87,10.87,2000,2021-12-20 18:22:00,GSKY
10.87,10.87,10.86,10.86,6300,2021-12-20 18:23:00,GSKY
10.86,10.86,10.86,10.86,3600,2021-12-20 18:24:00,GSKY
10.8613,10.8613,10.86,10.86,400,2021-12-20 18:25:00,GSKY
10.86,10.86,10.86,10.86,100,2021-12-20 18:26:00,GSKY
10.86,10.865,10.86,10.865,250,2021-12-20 18:28:00,GSKY
10.86,10.87,10.855,10.87,22722,2021-12-20 18:29:00,GSKY
10.87,10.875,10.87,10.875,1200,2021-12-20 18:30:00,GSKY
10.87,10.8701,10.86,10.86,7262,2021-12-20 18:31:00,GSKY
10.85,10.85,10.85,10.85,6180,2021-12-20 18:33:00,GSKY
10.85,10.85,10.85,10.85,700,2021-12-20 18:34:00,GSKY
10.85,10.85,10.85,10.85,1898,2021-12-20 18:35:00,GSKY
10.85,10.855,10.85,10.85,3600,2021-12-20 18:38:00,GSKY
10.85,10.8601,10.85,10.8601,1300,2021-12-20 18:39:00,GSKY
10.8699,10.9,10.8699,10.9,12450,2021-12-20 18:40:00,GSKY
10.89,10.8901,10.89,10.89,1100,2021-12-20 18:41:00,GSKY
10.9,10.9,10.9,10.9,400,2021-12-20 18:42:00,GSKY
10.9,10.9,10.9,10.9,201,2021-12-20 18:43:00,GSKY
10.89,10.89,10.89,10.89,900,2021-12-20 18:44:00,GSKY
10.89,10.8909,10.89,10.8909,500,2021-12-20 18:45:00,GSKY
10.895,10.895,10.89,10.8914,300,2021-12-20 18:46:00,GSKY
10.9,10.9,10.895,10.9,3700,2021-12-20 18:47:00,GSKY
10.9,10.9,10.9,10.9,100,2021-12-20 18:50:00,GSKY
10.89,10.89,10.89,10.89,5640,2021-12-20 18:51:00,GSKY
10.89,10.89,10.89,10.89,800,2021-12-20 18:52:00,GSKY
10.9,10.91,10.9,10.91,6879,2021-12-20 18:53:00,GSKY
10.91,10.91,10.91,10.91,1200,2021-12-20 18:54:00,GSKY
10.92,10.9201,10.91,10.91,8044,2021-12-20 18:55:00,GSKY
10.91,10.91,10.9,10.9007,300,2021-12-20 18:56:00,GSKY
10.9,10.9006,10.9,10.9,1501,2021-12-20 18:57:00,GSKY
10.9,10.9,10.9,10.9,2400,2021-12-20 18:58:00,GSKY
10.9,10.9,10.89,10.89,300,2021-12-20 18:59:00,GSKY
10.9,10.9,10.89,10.89,500,2021-12-20 19:00:00,GSKY
10.89,10.91,10.89,10.91,7396,2021-12-20 19:01:00,GSKY
10.91,10.91,10.91,10.91,390,2021-12-20 19:02:00,GSKY
10.91,10.915,10.91,10.91,800,2021-12-20 19:03:00,GSKY
10.91,10.91,10.91,10.91,200,2021-12-20 19:05:00,GSKY
10.91,10.93,10.91,10.92,8890,2021-12-20 19:06:00,GSKY
10.92,10.93,10.92,10.92,4889,2021-12-20 19:07:00,GSKY
10.92,10.92,10.92,10.92,1500,2021-12-20 19:08:00,GSKY
10.93,10.93,10.93,10.93,697,2021-12-20 19:09:00,GSKY
10.93,10.93,10.93,10.93,700,2021-12-20 19:10:00,GSKY
10.93,10.93,10.93,10.93,1400,2021-12-20 19:11:00,GSKY
10.92,10.92,10.92,10.92,400,2021-12-20 19:12:00,GSKY
10.92,10.92,10.92,10.92,300,2021-12-20 19:13:00,GSKY
10.92,10.92,10.91,10.91,1710,2021-12-20 19:14:00,GSKY
10.915,10.93,10.91,10.925,48930,2021-12-20 19:15:00,GSKY
10.93,10.94,10.93,10.94,1299,2021-12-20 19:16:00,GSKY
10.93,10.935,10.93,10.935,1200,2021-12-20 19:17:00,GSKY
10.93,10.93,10.93,10.93,300,2021-12-20 19:18:00,GSKY
10.93,10.93,10.93,10.93,600,2021-12-20 19:19:00,GSKY
10.931,10.931,10.93,10.9301,4100,2021-12-20 19:20:00,GSKY
10.93,10.931,10.93,10.93,600,2021-12-20 19:21:00,GSKY
10.9301,10.935,10.93,10.93,2586,2021-12-20 19:22:00,GSKY
10.93,10.94,10.92,10.94,10128,2021-12-20 19:23:00,GSKY
10.941,10.941,10.94,10.94,700,2021-12-20 19:24:00,GSKY
10.93,10.931,10.92,10.92,5490,2021-12-20 19:26:00,GSKY
10.92,10.9201,10.92,10.92,5465,2021-12-20 19:27:00,GSKY
10.915,10.915,10.9121,10.9121,600,2021-12-20 19:30:00,GSKY
10.91,10.91,10.91,10.91,1391,2021-12-20 19:31:00,GSKY
10.9,10.9,10.89,10.89,4910,2021-12-20 19:32:00,GSKY
10.89,10.8924,10.89,10.8901,800,2021-12-20 19:33:00,GSKY
10.89,10.895,10.885,10.89,6454,2021-12-20 19:34:00,GSKY
10.89,10.895,10.89,10.895,200,2021-12-20 19:35:00,GSKY
10.89,10.895,10.88,10.89,9675,2021-12-20 19:36:00,GSKY
10.895,10.9,10.895,10.9,600,2021-12-20 19:37:00,GSKY
10.895,10.895,10.89,10.89,200,2021-12-20 19:38:00,GSKY
10.89,10.89,10.89,10.89,700,2021-12-20 19:39:00,GSKY
10.89,10.89,10.89,10.89,200,2021-12-20 19:40:00,GSKY
10.89,10.89,10.89,10.89,1200,2021-12-20 19:41:00,GSKY
10.88,10.9,10.88,10.9,2741,2021-12-20 19:42:00,GSKY
10.895,10.895,10.89,10.89,2200,2021-12-20 19:43:00,GSKY
10.89,10.89,10.89,10.89,100,2021-12-20 19:46:00,GSKY
10.89,10.89,10.88,10.89,1600,2021-12-20 19:47:00,GSKY
10.89,10.89,10.88,10.88,9649,2021-12-20 19:48:00,GSKY
10.88,10.89,10.88,10.885,400,2021-12-20 19:49:00,GSKY
10.885,10.89,10.885,10.89,7243,2021-12-20 19:50:00,GSKY
10.9,10.9,10.9,10.9,1354,2021-12-20 19:53:00,GSKY
10.9,10.9024,10.9,10.9024,883,2021-12-20 19:54:00,GSKY
10.9,10.91,10.9,10.9,900,2021-12-20 19:55:00,GSKY
10.9001,10.9001,10.9,10.9,1560,2021-12-20 19:56:00,GSKY
10.89,10.8901,10.89,10.89,1600,2021-12-20 19:57:00,GSKY
10.89,10.89,10.885,10.885,1200,2021-12-20 19:58:00,GSKY
10.89,10.89,10.89,10.89,3443,2021-12-20 19:59:00,GSKY
10.89,10.905,10.89,10.905,18992,2021-12-20 20:00:00,GSKY
10.91,10.91,10.91,10.91,800,2021-12-20 20:01:00,GSKY
10.905,10.905,10.905,10.905,250,2021-12-20 20:02:00,GSKY
10.905,10.91,10.905,10.91,800,2021-12-20 20:03:00,GSKY
10.9,10.9,10.9,10.9,100,2021-12-20 20:05:00,GSKY
10.91,10.915,10.91,10.91,4435,2021-12-20 20:06:00,GSKY
10.91,10.91,10.9,10.9,16074,2021-12-20 20:07:00,GSKY
10.9,10.9,10.891,10.895,10400,2021-12-20 20:08:00,GSKY
10.895,10.9,10.895,10.9,4892,2021-12-20 20:09:00,GSKY
10.9,10.9,10.895,10.9,2786,2021-12-20 20:10:00,GSKY
10.9,10.9,10.9,10.9,1380,2021-12-20 20:11:00,GSKY
10.91,10.92,10.91,10.915,2900,2021-12-20 20:12:00,GSKY
10.911,10.911,10.911,10.911,200,2021-12-20 20:13:00,GSKY
10.91,10.91,10.91,10.91,1152,2021-12-20 20:14:00,GSKY
10.9,10.9,10.9,10.9,300,2021-12-20 20:15:00,GSKY
10.91,10.92,10.905,10.92,2399,2021-12-20 20:16:00,GSKY
10.91,10.92,10.91,10.92,300,2021-12-20 20:17:00,GSKY
10.92,10.92,10.92,10.92,600,2021-12-20 20:18:00,GSKY
10.92,10.925,10.92,10.925,3897,2021-12-20 20:20:00,GSKY
10.93,10.94,10.925,10.93,1940,2021-12-20 20:21:00,GSKY
10.93,10.93,10.93,10.93,100,2021-12-20 20:22:00,GSKY
10.93,10.93,10.92,10.92,1602,2021-12-20 20:23:00,GSKY
10.92,10.92,10.915,10.92,2100,2021-12-20 20:24:00,GSKY
10.92,10.92,10.92,10.92,500,2021-12-20 20:25:00,GSKY
10.93,10.93,10.925,10.93,1031,2021-12-20 20:27:00,GSKY
10.93,10.93,10.93,10.93,700,2021-12-20 20:28:00,GSKY
10.935,10.935,10.935,10.935,200,2021-12-20 20:29:00,GSKY
10.93,10.93,10.91,10.91,11094,2021-12-20 20:30:00,GSKY
10.92,10.92,10.915,10.92,4233,2021-12-20 20:31:00,GSKY
10.92,10.92,10.91,10.92,15374,2021-12-20 20:32:00,GSKY
10.915,10.92,10.915,10.92,700,2021-12-20 20:33:00,GSKY
10.92,10.925,10.915,10.92,11073,2021-12-20 20:34:00,GSKY
10.92,10.92,10.92,10.92,10862,2021-12-20 20:35:00,GSKY
10.925,10.925,10.925,10.925,300,2021-12-20 20:36:00,GSKY
10.92,10.92,10.92,10.92,300,2021-12-20 20:37:00,GSKY
10.93,10.93,10.93,10.93,100,2021-12-20 20:38:00,GSKY
10.925,10.925,10.925,10.925,1100,2021-12-20 20:39:00,GSKY
10.93,10.94,10.93,10.935,2063,2021-12-20 20:40:00,GSKY
10.935,10.935,10.925,10.925,4302,2021-12-20 20:41:00,GSKY
10.93,10.94,10.925,10.94,2160,2021-12-20 20:42:00,GSKY
10.93,10.93,10.93,10.93,1973,2021-12-20 20:43:00,GSKY
10.93,10.93,10.925,10.93,11859,2021-12-20 20:44:00,GSKY
10.93,10.93,10.92,10.925,2429,2021-12-20 20:45:00,GSKY
10.93,10.94,10.93,10.94,4195,2021-12-20 20:46:00,GSKY
10.94,10.94,10.935,10.94,2516,2021-12-20 20:47:00,GSKY
10.94,10.94,10.94,10.94,450,2021-12-20 20:48:00,GSKY
10.94,10.94,10.94,10.94,4600,2021-12-20 20:49:00,GSKY
10.94,10.96,10.93,10.96,23004,2021-12-20 20:50:00,GSKY
10.97,10.98,10.97,10.975,33192,2021-12-20 20:51:00,GSKY
10.98,10.99,10.975,10.975,11836,2021-12-20 20:52:00,GSKY
10.975,10.975,10.97,10.97,900,2021-12-20 20:53:00,GSKY
10.98,10.99,10.97,10.975,16435,2021-12-20 20:54:00,GSKY
10.975,10.99,10.975,10.99,17071,2021-12-20 20:55:00,GSKY
10.99,10.99,10.98,10.99,4504,2021-12-20 20:56:00,GSKY
10.985,11.0,10.985,10.99,15328,2021-12-20 20:57:00,GSKY
10.99,10.995,10.99,10.995,5048,2021-12-20 20:58:00,GSKY
10.995,11.005,10.98,10.98,43462,2021-12-20 20:59:00,GSKY
10.97,10.97,10.97,10.97,103962,2021-12-20 21:00:00,GSKY
10.98,10.98,10.98,10.98,300,2021-12-20 21:23:00,GSKY
10.98,10.98,10.98,10.98,300,2021-12-20 21:24:00,GSKY
10.97,10.97,10.97,10.97,2231,2021-12-21 12:02:00,GSKY
11.07,11.16,11.07,11.16,11085,2021-12-21 14:30:00,GSKY
11.19,11.19,11.15,11.15,700,2021-12-21 14:31:00,GSKY
11.15,11.17,11.15,11.17,200,2021-12-21 14:32:00,GSKY
11.14,11.14,11.12,11.12,600,2021-12-21 14:33:00,GSKY
11.12,11.12,11.12,11.12,100,2021-12-21 14:34:00,GSKY
11.135,11.15,11.135,11.15,300,2021-12-21 14:35:00,GSKY
11.15,11.15,11.14,11.15,6410,2021-12-21 14:36:00,GSKY
11.15,11.18,11.14,11.17,25949,2021-12-21 14:37:00,GSKY
11.17,11.19,11.17,11.19,5747,2021-12-21 14:38:00,GSKY
11.19,11.19,11.18,11.19,4019,2021-12-21 14:39:00,GSKY
11.18,11.19,11.16,11.17,13080,2021-12-21 14:40:00,GSKY
11.16,11.17,11.14,11.14,11099,2021-12-21 14:41:00,GSKY
11.135,11.135,11.11,11.12,8620,2021-12-21 14:42:00,GSKY
11.11,11.11,11.09,11.1,2290,2021-12-21 14:43:00,GSKY
11.1,11.1,11.09,11.1,3900,2021-12-21 14:44:00,GSKY
11.12,11.12,11.09,11.1,7700,2021-12-21 14:45:00,GSKY
11.095,11.095,11.09,11.09,300,2021-12-21 14:46:00,GSKY
11.1,11.11,11.1,11.11,9997,2021-12-21 14:47:00,GSKY
11.11,11.12,11.105,11.12,9734,2021-12-21 14:48:00,GSKY
11.135,11.14,11.12,11.12,1900,2021-12-21 14:49:00,GSKY
11.11,11.11,11.09,11.09,4400,2021-12-21 14:50:00,GSKY
11.1,11.12,11.09,11.09,4019,2021-12-21 14:51:00,GSKY
11.09,11.095,11.075,11.09,21289,2021-12-21 14:52:00,GSKY
11.09,11.1,11.08,11.1,4799,2021-12-21 14:53:00,GSKY
11.11,11.12,11.11,11.11,900,2021-12-21 14:54:00,GSKY
11.1,11.11,11.1,11.11,14819,2021-12-21 14:55:00,GSKY
11.1,11.12,11.1,11.11,8527,2021-12-21 14:56:00,GSKY
11.11,11.12,11.105,11.12,6103,2021-12-21 14:57:00,GSKY
11.12,11.12,11.12,11.12,3900,2021-12-21 14:58:00,GSKY
11.13,11.13,11.13,11.13,300,2021-12-21 14:59:00,GSKY
11.13,11.155,11.13,11.15,5025,2021-12-21 15:00:00,GSKY
11.155,11.18,11.155,11.16,5755,2021-12-21 15:01:00,GSKY
11.16,11.171,11.16,11.17,1200,2021-12-21 15:02:00,GSKY
11.17,11.17,11.155,11.16,7712,2021-12-21 15:03:00,GSKY
11.15,11.15,11.14,11.14,2726,2021-12-21 15:04:00,GSKY
11.14,11.15,11.1381,11.1381,10597,2021-12-21 15:05:00,GSKY
11.14,11.15,11.14,11.1488,2833,2021-12-21 15:06:00,GSKY
11.15,11.16,11.1488,11.1582,7281,2021-12-21 15:07:00,GSKY
11.16,11.16,11.15,11.15,6753,2021-12-21 15:08:00,GSKY
11.15,11.17,11.15,11.17,8083,2021-12-21 15:09:00,GSKY
11.165,11.18,11.161,11.18,6409,2021-12-21 15:10:00,GSKY
11.19,11.19,11.18,11.185,3699,2021-12-21 15:11:00,GSKY
11.19,11.19,11.185,11.19,900,2021-12-21 15:12:00,GSKY
11.19,11.2,11.185,11.19,10989,2021-12-21 15:13:00,GSKY
11.19,11.19,11.19,11.19,2800,2021-12-21 15:14:00,GSKY
11.19,11.2009,11.19,11.2,8540,2021-12-21 15:15:00,GSKY
11.1882,11.1901,11.1882,11.1901,628,2021-12-21 15:16:00,GSKY
11.2,11.2,11.195,11.2,1000,2021-12-21 15:17:00,GSKY
11.2,11.21,11.1982,11.2,19723,2021-12-21 15:18:00,GSKY
11.21,11.215,11.21,11.215,3600,2021-12-21 15:19:00,GSKY
11.21,11.23,11.21,11.2297,33204,2021-12-21 15:20:00,GSKY
11.23,11.23,11.23,11.23,3500,2021-12-21 15:21:00,GSKY
11.22,11.22,11.22,11.22,3946,2021-12-21 15:22:00,GSKY
11.211,11.211,11.19,11.191,6980,2021-12-21 15:23:00,GSKY
11.2,11.21,11.2,11.2,16200,2021-12-21 15:24:00,GSKY
11.19,11.19,11.18,11.19,22252,2021-12-21 15:25:00,GSKY
11.181,11.181,11.16,11.17,3400,2021-12-21 15:26:00,GSKY
11.15,11.1501,11.15,11.1501,1100,2021-12-21 15:27:00,GSKY
11.14,11.1421,11.14,11.1421,9228,2021-12-21 15:28:00,GSKY
11.15,11.15,11.1381,11.1381,3702,2021-12-21 15:29:00,GSKY
11.135,11.165,11.135,11.165,16868,2021-12-21 15:30:00,GSKY
11.16,11.16,11.16,11.16,200,2021-12-21 15:31:00,GSKY
11.155,11.165,11.15,11.1601,10596,2021-12-21 15:32:00,GSKY
11.16,11.16,11.14,11.15,16590,2021-12-21 15:33:00,GSKY
11.15,11.15,11.15,11.15,6829,2021-12-21 15:34:00,GSKY
11.16,11.16,11.1599,11.1599,200,2021-12-21 15:35:00,GSKY
11.15,11.1506,11.15,11.15,3629,2021-12-21 15:36:00,GSKY
11.155,11.155,11.14,11.15,28052,2021-12-21 15:37:00,GSKY
11.15,11.15,11.14,11.15,13500,2021-12-21 15:38:00,GSKY
11.15,11.16,11.145,11.155,187821,2021-12-21 15:39:00,GSKY
11.15,11.1601,11.1499,11.16,50841,2021-12-21 15:40:00,GSKY
11.16,11.175,11.1599,11.16,44553,2021-12-21 15:41:00,GSKY
11.16,11.17,11.16,11.16,16567,2021-12-21 15:42:00,GSKY
11.16,11.17,11.16,11.17,52813,2021-12-21 15:43:00,GSKY
11.175,11.19,11.175,11.19,10223,2021-12-21 15:44:00,GSKY
11.19,11.191,11.17,11.17,3793,2021-12-21 15:45:00,GSKY
11.165,11.1724,11.165,11.1701,19700,2021-12-21 15:46:00,GSKY
11.18,11.19,11.18,11.185,1600,2021-12-21 15:47:00,GSKY
11.181,11.181,11.18,11.1801,13270,2021-12-21 15:48:00,GSKY
11.18,11.18,11.18,11.18,3000,2021-12-21 15:49:00,GSKY
11.175,11.1801,11.17,11.18,31052,2021-12-21 15:50:00,GSKY
11.17,11.18,11.17,11.18,600,2021-12-21 15:51:00,GSKY
11.17,11.1822,11.17,11.1822,11898,2021-12-21 15:52:00,GSKY
11.18,11.182,11.17,11.18,3200,2021-12-21 15:53:00,GSKY
11.17,11.175,11.17,11.175,700,2021-12-21 15:54:00,GSKY
11.175,11.18,11.17,11.18,4100,2021-12-21 15:55:00,GSKY
11.175,11.175,11.17,11.17,2900,2021-12-21 15:56:00,GSKY
11.165,11.17,11.16,11.16,37803,2021-12-21 15:57:00,GSKY
11.165,11.165,11.15,11.15,1937,2021-12-21 15:58:00,GSKY
11.14,11.15,11.14,11.14,14600,2021-12-21 15:59:00,GSKY
11.13,11.131,11.13,11.131,200,2021-12-21 16:00:00,GSKY
11.135,11.1421,11.135,11.14,22900,2021-12-21 16:01:00,GSKY
11.15,11.16,11.15,11.16,8925,2021-12-21 16:02:00,GSKY
11.15,11.155,11.15,11.155,981,2021-12-21 16:04:00,GSKY
11.16,11.16,11.16,11.16,9295,2021-12-21 16:05:00,GSKY
11.17,11.17,11.17,11.17,6690,2021-12-21 16:06:00,GSKY
11.18,11.18,11.18,11.18,1200,2021-12-21 16:07:00,GSKY
11.17,11.19,11.17,11.18,6100,2021-12-21 16:08:00,GSKY
11.19,11.19,11.19,11.19,600,2021-12-21 16:09:00,GSKY
11.181,11.19,11.18,11.19,11016,2021-12-21 16:10:00,GSKY
11.19,11.19,11.19,11.19,5671,2021-12-21 16:11:00,GSKY
11.19,11.19,11.19,11.19,5100,2021-12-21 16:12:00,GSKY
11.19,11.19,11.19,11.19,5200,2021-12-21 16:13:00,GSKY
11.19,11.195,11.18,11.18,34519,2021-12-21 16:15:00,GSKY
11.19,11.19,11.19,11.19,10800,2021-12-21 16:17:00,GSKY
11.19,11.19,11.19,11.19,1300,2021-12-21 16:18:00,GSKY
11.19,11.2,11.19,11.2,3500,2021-12-21 16:19:00,GSKY
11.2,11.21,11.2,11.21,5765,2021-12-21 16:20:00,GSKY
11.2,11.205,11.2,11.205,600,2021-12-21 16:21:00,GSKY
11.2,11.2,11.2,11.2,1100,2021-12-21 16:22:00,GSKY
11.2,11.22,11.2,11.215,17800,2021-12-21 16:23:00,GSKY
11.22,11.22,11.22,11.22,1100,2021-12-21 16:24:00,GSKY
11.22,11.23,11.22,11.22,15607,2021-12-21 16:25:00,GSKY
11.22,11.22,11.21,11.21,3399,2021-12-21 16:26:00,GSKY
11.21,11.22,11.205,11.21,88402,2021-12-21 16:27:00,GSKY
11.21,11.21,11.2,11.21,11566,2021-12-21 16:28:00,GSKY
11.21,11.21,11.205,11.205,600,2021-12-21 16:29:00,GSKY
11.2,11.2,11.2,11.2,900,2021-12-21 16:30:00,GSKY
11.205,11.21,11.1989,11.21,18201,2021-12-21 16:31:00,GSKY
11.21,11.21,11.201,11.21,2600,2021-12-21 16:32:00,GSKY
11.21,11.21,11.2,11.2,10452,2021-12-21 16:33:00,GSKY
11.201,11.2101,11.2,11.21,35076,2021-12-21 16:35:00,GSKY
11.21,11.215,11.21,11.2101,549,2021-12-21 16:36:00,GSKY
11.215,11.225,11.215,11.22,10314,2021-12-21 16:37:00,GSKY
11.22,11.23,11.22,11.22,614,2021-12-21 16:38:00,GSKY
11.225,11.23,11.225,11.23,19707,2021-12-21 16:40:00,GSKY
11.235,11.25,11.235,11.25,1700,2021-12-21 16:41:00,GSKY
11.24,11.24,11.23,11.24,6600,2021-12-21 16:42:00,GSKY
11.24,11.25,11.24,11.25,1800,2021-12-21 16:43:00,GSKY
11.25,11.25,11.25,11.25,4100,2021-12-21 16:44:00,GSKY
11.26,11.26,11.26,11.26,3900,2021-12-21 16:45:00,GSKY
11.26,11.26,11.26,11.26,100,2021-12-21 16:46:00,GSKY
11.25,11.25,11.24,11.25,6901,2021-12-21 16:47:00,GSKY
11.24,11.24,11.24,11.24,4300,2021-12-21 16:48:00,GSKY
11.235,11.235,11.23,11.23,1100,2021-12-21 16:49:00,GSKY
11.23,11.24,11.23,11.24,5135,2021-12-21 16:50:00,GSKY
11.24,11.24,11.23,11.24,22178,2021-12-21 16:51:00,GSKY
11.23,11.23,11.225,11.23,4297,2021-12-21 16:53:00,GSKY
11.22,11.24,11.22,11.24,22440,2021-12-21 16:55:00,GSKY
11.23,11.23,11.23,11.23,4200,2021-12-21 16:56:00,GSKY
11.22,11.22,11.211,11.211,800,2021-12-21 16:57:00,GSKY
11.21,11.211,11.21,11.211,200,2021-12-21 16:58:00,GSKY
11.2102,11.211,11.21,11.211,4500,2021-12-21 16:59:00,GSKY
11.21,11.22,11.21,11.22,10534,2021-12-21 17:00:00,GSKY
11.22,11.23,11.22,11.23,15198,2021-12-21 17:01:00,GSKY
11.23,11.235,11.23,11.23,8798,2021-12-21 17:02:00,GSKY
11.23,11.23,11.23,11.23,1900,2021-12-21 17:03:00,GSKY
11.23,11.23,11.23,11.23,500,2021-12-21 17:04:00,GSKY
11.23,11.235,11.23,11.235,10900,2021-12-21 17:05:00,GSKY
11.24,11.24,11.24,11.24,6964,2021-12-21 17:06:00,GSKY
11.245,11.26,11.245,11.25,3500,2021-12-21 17:07:00,GSKY
11.25,11.25,11.25,11.25,1100,2021-12-21 17:08:00,GSKY
11.25,11.25,11.245,11.25,4100,2021-12-21 17:09:00,GSKY
11.25,11.25,11.25,11.25,3300,2021-12-21 17:10:00,GSKY
11.25,11.25,11.24,11.25,8725,2021-12-21 17:11:00,GSKY
11.25,11.26,11.25,11.26,7562,2021-12-21 17:12:00,GSKY
11.255,11.255,11.25,11.25,2263,2021-12-21 17:14:00,GSKY
11.25,11.25,11.25,11.25,500,2021-12-21 17:15:00,GSKY
11.25,11.26,11.25,11.25,4800,2021-12-21 17:16:00,GSKY
11.25,11.25,11.24,11.24,4698,2021-12-21 17:17:00,GSKY
11.24,11.24,11.23,11.235,8063,2021-12-21 17:18:00,GSKY
11.235,11.24,11.235,11.24,14000,2021-12-21 17:19:00,GSKY
11.24,11.24,11.23,11.23,700,2021-12-21 17:20:00,GSKY
11.23,11.23,11.23,11.23,200,2021-12-21 17:21:00,GSKY
11.23,11.24,11.23,11.24,5900,2021-12-21 17:22:00,GSKY
11.24,11.24,11.24,11.24,2600,2021-12-21 17:23:00,GSKY
11.245,11.25,11.245,11.25,3500,2021-12-21 17:24:00,GSKY
11.25,11.25,11.24,11.245,1700,2021-12-21 17:25:00,GSKY
11.24,11.2424,11.24,11.24,7142,2021-12-21 17:26:00,GSKY
11.245,11.25,11.245,11.245,2700,2021-12-21 17:27:00,GSKY
11.24,11.25,11.24,11.25,2200,2021-12-21 17:28:00,GSKY
11.25,11.25,11.24,11.25,4000,2021-12-21 17:29:00,GSKY
11.25,11.26,11.245,11.26,10579,2021-12-21 17:30:00,GSKY
11.25,11.2501,11.25,11.2501,1200,2021-12-21 17:31:00,GSKY
11.25,11.2508,11.25,11.2507,3899,2021-12-21 17:32:00,GSKY
11.25,11.27,11.25,11.265,15238,2021-12-21 17:33:00,GSKY
11.26,11.26,11.26,11.26,1900,2021-12-21 17:35:00,GSKY
11.27,11.275,11.265,11.27,9727,2021-12-21 17:36:00,GSKY
11.27,11.27,11.265,11.27,4325,2021-12-21 17:37:00,GSKY
11.27,11.2716,11.27,11.27,6400,2021-12-21 17:38:00,GSKY
11.27,11.27,11.27,11.27,2700,2021-12-21 17:40:00,GSKY
11.27,11.27,11.26,11.27,6200,2021-12-21 17:41:00,GSKY
11.265,11.27,11.265,11.27,1600,2021-12-21 17:43:00,GSKY
11.265,11.27,11.26,11.27,4304,2021-12-21 17:44:00,GSKY
11.265,11.27,11.265,11.27,900,2021-12-21 17:45:00,GSKY
11.26,11.27,11.26,11.27,14917,2021-12-21 17:47:00,GSKY
11.275,11.28,11.275,11.2785,900,2021-12-21 17:48:00,GSKY
11.28,11.29,11.279,11.28,7219,2021-12-21 17:49:00,GSKY
11.285,11.29,11.28,11.2886,2800,2021-12-21 17:50:00,GSKY
11.28,11.29,11.27,11.285,17264,2021-12-21 17:53:00,GSKY
11.29,11.3,11.29,11.3,11223,2021-12-21 17:55:00,GSKY
11.29,11.29,11.29,11.29,211,2021-12-21 17:57:00,GSKY
11.29,11.2901,11.29,11.29,2415,2021-12-21 17:58:00,GSKY
11.28,11.2924,11.28,11.29,8965,2021-12-21 17:59:00,GSKY
11.29,11.29,11.28,11.28,5833,2021-12-21 18:00:00,GSKY
11.28,11.2801,11.28,11.2801,300,2021-12-21 18:01:00,GSKY
11.28,11.2811,11.28,11.2807,5100,2021-12-21 18:02:00,GSKY
11.28,11.28,11.27,11.27,647,2021-12-21 18:03:00,GSKY
11.275,11.275,11.275,11.275,100,2021-12-21 18:04:00,GSKY
11.27,11.28,11.27,11.28,6809,2021-12-21 18:05:00,GSKY
11.28,11.28,11.28,11.28,400,2021-12-21 18:07:00,GSKY
11.271,11.28,11.27,11.27,7100,2021-12-21 18:08:00,GSKY
11.27,11.27,11.26,11.265,14440,2021-12-21 18:09:00,GSKY
11.27,11.28,11.2699,11.275,14365,2021-12-21 18:10:00,GSKY
11.275,11.275,11.275,11.275,600,2021-12-21 18:11:00,GSKY
11.27,11.27,11.27,11.27,200,2021-12-21 18:12:00,GSKY
11.27,11.27,11.27,11.27,1600,2021-12-21 18:13:00,GSKY
11.27,11.285,11.26,11.275,67317,2021-12-21 18:14:00,GSKY
11.28,11.28,11.27,11.27,2300,2021-12-21 18:15:00,GSKY
11.27,11.27,11.27,11.27,100,2021-12-21 18:16:00,GSKY
11.27,11.2706,11.265,11.265,5592,2021-12-21 18:17:00,GSKY
11.27,11.27,11.27,11.27,2264,2021-12-21 18:18:00,GSKY
11.271,11.28,11.271,11.28,400,2021-12-21 18:19:00,GSKY
11.275,11.28,11.27,11.28,5255,2021-12-21 18:20:00,GSKY
11.28,11.28,11.28,11.28,1075,2021-12-21 18:21:00,GSKY
11.27,11.271,11.26,11.27,7622,2021-12-21 18:23:00,GSKY
11.265,11.27,11.265,11.27,200,2021-12-21 18:25:00,GSKY
11.27,11.27,11.26,11.264,4100,2021-12-21 18:26:00,GSKY
11.27,11.27,11.26,11.26,600,2021-12-21 18:27:00,GSKY
11.26,11.26,11.25,11.25,1406,2021-12-21 18:28:00,GSKY
11.24,11.25,11.24,11.24,5200,2021-12-21 18:29:00,GSKY
11.24,11.245,11.24,11.24,1478,2021-12-21 18:30:00,GSKY
11.24,11.24,11.24,11.24,800,2021-12-21 18:31:00,GSKY
11.24,11.24,11.23,11.23,7744,2021-12-21 18:32:00,GSKY
11.24,11.24,11.23,11.23,1200,2021-12-21 18:33:00,GSKY
11.23,11.24,11.23,11.23,1500,2021-12-21 18:34:00,GSKY
11.23,11.24,11.23,11.2399,19495,2021-12-21 18:35:00,GSKY
11.24,11.24,11.24,11.24,1000,2021-12-21 18:36:00,GSKY
11.24,11.24,11.23,11.2301,2460,2021-12-21 18:37:00,GSKY
11.23,11.2324,11.225,11.2306,8600,2021-12-21 18:38:00,GSKY
11.23,11.2301,11.23,11.23,1100,2021-12-21 18:39:00,GSKY
11.23,11.23,11.225,11.23,6612,2021-12-21 18:40:00,GSKY
11.235,11.24,11.235,11.2399,5723,2021-12-21 18:41:00,GSKY
11.25,11.25,11.2488,11.2499,1100,2021-12-21 18:42:00,GSKY
11.24,11.245,11.24,11.245,9529,2021-12-21 18:44:00,GSKY
11.24,11.24,11.24,11.24,200,2021-12-21 18:45:00,GSKY
11.24,11.24,11.24,11.24,200,2021-12-21 18:46:00,GSKY
11.24,11.25,11.2384,11.245,10304,2021-12-21 18:47:00,GSKY
11.24,11.245,11.24,11.24,5800,2021-12-21 18:50:00,GSKY
11.24,11.24,11.23,11.23,2878,2021-12-21 18:51:00,GSKY
11.23,11.235,11.2276,11.2283,4000,2021-12-21 18:52:00,GSKY
11.22,11.225,11.2176,11.22,10700,2021-12-21 18:53:00,GSKY
11.22,11.22,11.22,11.22,1200,2021-12-21 18:54:00,GSKY
11.22,11.225,11.22,11.22,3858,2021-12-21 18:55:00,GSKY
11.22,11.225,11.22,11.225,6019,2021-12-21 18:56:00,GSKY
11.22,11.225,11.22,11.22,1200,2021-12-21 18:57:00,GSKY
11.22,11.225,11.22,11.22,4600,2021-12-21 18:58:00,GSKY
11.22,11.22,11.21,11.21,13341,2021-12-21 18:59:00,GSKY
11.21,11.21,11.21,11.21,1000,2021-12-21 19:00:00,GSKY
11.215,11.225,11.215,11.225,19461,2021-12-21 19:01:00,GSKY
11.23,11.23,11.2299,11.2299,8578,2021-12-21 19:03:00,GSKY
11.235,11.24,11.235,11.24,200,2021-12-21 19:04:00,GSKY
11.23,11.2316,11.23,11.2316,17016,2021-12-21 19:05:00,GSKY
11.23,11.23,11.23,11.23,100,2021-12-21 19:06:00,GSKY
11.23,11.23,11.23,11.23,2000,2021-12-21 19:07:00,GSKY
11.23,11.235,11.2292,11.235,26031,2021-12-21 19:08:00,GSKY
11.235,11.24,11.235,11.24,810,2021-12-21 19:09:00,GSKY
11.235,11.24,11.235,11.24,3395,2021-12-21 19:10:00,GSKY
11.24,11.24,11.23,11.235,19392,2021-12-21 19:11:00,GSKY
11.235,11.24,11.235,11.24,260,2021-12-21 19:12:00,GSKY
11.24,11.25,11.2384,11.245,15084,2021-12-21 19:13:00,GSKY
11.245,11.245,11.24,11.24,13194,2021-12-21 19:14:00,GSKY
11.245,11.25,11.24,11.25,3850,2021-12-21 19:15:00,GSKY
11.245,11.25,11.245,11.25,400,2021-12-21 19:16:00,GSKY
11.25,11.255,11.2488,11.25,20174,2021-12-21 19:17:00,GSKY
11.255,11.255,11.255,11.255,200,2021-12-21 19:18:00,GSKY
11.26,11.26,11.255,11.255,4295,2021-12-21 19:19:00,GSKY
11.25,11.255,11.25,11.25,10900,2021-12-21 19:20:00,GSKY
11.255,11.255,11.25,11.25,530,2021-12-21 19:21:00,GSKY
11.255,11.255,11.25,11.25,400,2021-12-21 19:22:00,GSKY
11.25,11.25,11.245,11.25,16231,2021-12-21 19:23:00,GSKY
11.245,11.25,11.24,11.25,17132,2021-12-21 19:24:00,GSKY
11.25,11.25,11.245,11.25,14486,2021-12-21 19:25:00,GSKY
11.25,11.25,11.2376,11.245,27683,2021-12-21 19:26:00,GSKY
11.25,11.25,11.25,11.25,100,2021-12-21 19:27:00,GSKY
11.25,11.255,11.2499,11.255,11037,2021-12-21 19:28:00,GSKY
11.255,11.265,11.255,11.265,15450,2021-12-21 19:29:00,GSKY
11.27,11.28,11.27,11.28,3583,2021-12-21 19:30:00,GSKY
11.275,11.275,11.27,11.27,600,2021-12-21 19:31:00,GSKY
11.27,11.27,11.26,11.2683,13900,2021-12-21 19:32:00,GSKY
11.265,11.27,11.265,11.27,14188,2021-12-21 19:34:00,GSKY
11.27,11.2723,11.26,11.27,18068,2021-12-21 19:35:00,GSKY
11.275,11.275,11.265,11.265,692,2021-12-21 19:36:00,GSKY
11.26,11.2608,11.26,11.26,17791,2021-12-21 19:38:00,GSKY
11.26,11.26,11.255,11.255,1623,2021-12-21 19:39:00,GSKY
11.25,11.25,11.25,11.25,120,2021-12-21 19:40:00,GSKY
11.26,11.26,11.25,11.26,42261,2021-12-21 19:41:00,GSKY
11.26,11.26,11.26,11.26,100,2021-12-21 19:42:00,GSKY
11.26,11.2608,11.26,11.2608,700,2021-12-21 19:43:00,GSKY
11.26,11.26,11.25,11.255,7009,2021-12-21 19:44:00,GSKY
11.26,11.27,11.25,11.26,17688,2021-12-21 19:45:00,GSKY
11.265,11.265,11.259,11.26,16786,2021-12-21 19:47:00,GSKY
11.265,11.265,11.265,11.265,700,2021-12-21 19:48:00,GSKY
11.261,11.261,11.26,11.261,300,2021-12-21 19:49:00,GSKY
11.26,11.265,11.26,11.26,15734,2021-12-21 19:50:00,GSKY
11.26,11.26,11.26,11.26,100,2021-12-21 19:52:00,GSKY
11.261,11.261,11.25,11.25,16324,2021-12-21 19:53:00,GSKY
11.25,11.25,11.25,11.25,2469,2021-12-21 19:54:00,GSKY
11.25,11.25,11.25,11.25,900,2021-12-21 19:55:00,GSKY
11.25,11.255,11.245,11.25,25656,2021-12-21 19:56:00,GSKY
11.25,11.25,11.25,11.25,4070,2021-12-21 19:57:00,GSKY
11.25,11.25,11.25,11.25,2400,2021-12-21 19:58:00,GSKY
11.25,11.25,11.245,11.25,28886,2021-12-21 19:59:00,GSKY
11.25,11.25,11.25,11.25,3100,2021-12-21 20:00:00,GSKY
11.25,11.255,11.25,11.255,1100,2021-12-21 20:01:00,GSKY
11.25,11.265,11.25,11.26,35398,2021-12-21 20:02:00,GSKY
11.26,11.26,11.26,11.26,1400,2021-12-21 20:04:00,GSKY
11.26,11.26,11.25,11.25,16542,2021-12-21 20:05:00,GSKY
11.25,11.255,11.25,11.255,10191,2021-12-21 20:06:00,GSKY
11.25,11.2501,11.245,11.25,20490,2021-12-21 20:08:00,GSKY
11.255,11.255,11.255,11.255,300,2021-12-21 20:09:00,GSKY
11.26,11.265,11.255,11.265,12620,2021-12-21 20:10:00,GSKY
11.27,11.275,11.27,11.275,12751,2021-12-21 20:11:00,GSKY
11.275,11.275,11.27,11.27,2529,2021-12-21 20:12:00,GSKY
11.27,11.27,11.27,11.27,300,2021-12-21 20:13:00,GSKY
11.27,11.27,11.26,11.27,23187,2021-12-21 20:14:00,GSKY
11.275,11.275,11.275,11.275,100,2021-12-21 20:15:00,GSKY
11.27,11.275,11.27,11.275,200,2021-12-21 20:16:00,GSKY
11.27,11.28,11.27,11.28,15403,2021-12-21 20:17:00,GSKY
11.28,11.28,11.271,11.271,500,2021-12-21 20:18:00,GSKY
11.27,11.28,11.27,11.275,5670,2021-12-21 20:19:00,GSKY
11.27,11.28,11.27,11.28,15558,2021-12-21 20:20:00,GSKY
11.28,11.29,11.275,11.29,16108,2021-12-21 20:21:00,GSKY
11.285,11.29,11.28,11.29,4820,2021-12-21 20:22:00,GSKY
11.28,11.29,11.28,11.28,15517,2021-12-21 20:23:00,GSKY
11.28,11.29,11.28,11.29,4020,2021-12-21 20:24:00,GSKY
11.29,11.29,11.285,11.2891,19733,2021-12-21 20:25:00,GSKY
11.29,11.3,11.2893,11.29,15584,2021-12-21 20:26:00,GSKY
11.29,11.29,11.28,11.28,1600,2021-12-21 20:27:00,GSKY
11.285,11.29,11.285,11.285,849,2021-12-21 20:28:00,GSKY
11.28,11.29,11.2776,11.29,30069,2021-12-21 20:29:00,GSKY
11.28,11.29,11.28,11.285,2600,2021-12-21 20:30:00,GSKY
11.29,11.29,11.28,11.29,2093,2021-12-21 20:31:00,GSKY
11.28,11.285,11.27,11.28,18273,2021-12-21 20:32:00,GSKY
11.28,11.28,11.27,11.28,17483,2021-12-21 20:33:00,GSKY
11.28,11.29,11.28,11.29,32390,2021-12-21 20:35:00,GSKY
11.29,11.29,11.28,11.2801,10379,2021-12-21 20:36:00,GSKY
11.28,11.285,11.28,11.285,300,2021-12-21 20:37:00,GSKY
11.28,11.2818,11.27,11.28,18099,2021-12-21 20:38:00,GSKY
11.28,11.28,11.28,11.28,200,2021-12-21 20:39:00,GSKY
11.28,11.285,11.28,11.28,871,2021-12-21 20:40:00,GSKY
11.27,11.2715,11.25,11.265,35979,2021-12-21 20:41:00,GSKY
11.265,11.27,11.26,11.26,1802,2021-12-21 20:42:00,GSKY
11.26,11.26,11.25,11.25,3026,2021-12-21 20:43:00,GSKY
11.25,11.25,11.24,11.25,20819,2021-12-21 20:44:00,GSKY
11.245,11.245,11.24,11.24,400,2021-12-21 20:45:00,GSKY
11.24,11.245,11.24,11.245,400,2021-12-21 20:46:00,GSKY
11.24,11.24,11.22,11.23,27006,2021-12-21 20:47:00,GSKY
11.225,11.23,11.22,11.23,8579,2021-12-21 20:48:00,GSKY
11.22,11.225,11.22,11.225,6391,2021-12-21 20:49:00,GSKY
11.23,11.25,11.22,11.25,56504,2021-12-21 20:50:00,GSKY
11.245,11.245,11.24,11.245,800,2021-12-21 20:51:00,GSKY
11.245,11.245,11.24,11.24,900,2021-12-21 20:52:00,GSKY
11.24,11.245,11.23,11.24,42451,2021-12-21 20:53:00,GSKY
11.245,11.25,11.23,11.25,50347,2021-12-21 20:54:00,GSKY
11.255,11.255,11.25,11.25,11247,2021-12-21 20:55:00,GSKY
11.25,11.26,11.24,11.26,24791,2021-12-21 20:56:00,GSKY
11.26,11.26,11.25,11.255,34189,2021-12-21 20:57:00,GSKY
11.255,11.26,11.25,11.255,13423,2021-12-21 20:58:00,GSKY
11.255,11.26,11.23,11.25,46413,2021-12-21 20:59:00,GSKY
11.24,11.24,11.24,11.24,521152,2021-12-21 21:00:00,GSKY
11.29,11.29,11.29,11.29,1433,2021-12-21 21:06:00,GSKY
11.25,11.25,11.25,11.25,2657,2021-12-21 21:11:00,GSKY
11.25,11.25,11.24,11.24,1100,2021-12-22 14:29:00,GSKY
11.29,11.29,11.26,11.26,4307,2021-12-22 14:30:00,GSKY
11.26,11.26,11.21,11.22,4700,2021-12-22 14:31:00,GSKY
11.23,11.26,11.21,11.26,2848,2021-12-22 14:32:00,GSKY
11.26,11.27,11.25,11.27,2410,2021-12-22 14:33:00,GSKY
11.27,11.27,11.24,11.24,1760,2021-12-22 14:34:00,GSKY
11.23,11.24,11.22,11.2201,1300,2021-12-22 14:35:00,GSKY
11.23,11.25,11.23,11.23,9000,2021-12-22 14:36:00,GSKY
11.24,11.26,11.24,11.25,10141,2021-12-22 14:37:00,GSKY
11.25,11.26,11.25,11.26,900,2021-12-22 14:38:00,GSKY
11.27,11.28,11.27,11.2799,1100,2021-12-22 14:39:00,GSKY
11.27,11.28,11.25,11.28,21675,2021-12-22 14:40:00,GSKY
11.27,11.285,11.26,11.285,7480,2021-12-22 14:41:00,GSKY
11.29,11.3,11.29,11.3,1045,2021-12-22 14:42:00,GSKY
11.3,11.32,11.3,11.32,2850,2021-12-22 14:43:00,GSKY
11.31,11.32,11.31,11.32,5200,2021-12-22 14:44:00,GSKY
11.31,11.31,11.285,11.285,7270,2021-12-22 14:45:00,GSKY
11.28,11.28,11.28,11.28,1129,2021-12-22 14:46:00,GSKY
11.2856,11.29,11.2856,11.29,850,2021-12-22 14:47:00,GSKY
11.3,11.3,11.28,11.28,1300,2021-12-22 14:48:00,GSKY
11.275,11.28,11.265,11.28,8590,2021-12-22 14:49:00,GSKY
11.28,11.28,11.27,11.27,300,2021-12-22 14:50:00,GSKY
11.28,11.28,11.26,11.26,2470,2021-12-22 14:51:00,GSKY
11.26,11.29,11.26,11.28,5000,2021-12-22 14:52:00,GSKY
11.28,11.28,11.27,11.28,1100,2021-12-22 14:53:00,GSKY
11.29,11.3,11.29,11.3,2553,2021-12-22 14:54:00,GSKY
11.3,11.31,11.3,11.31,300,2021-12-22 14:55:00,GSKY
11.31,11.31,11.3,11.31,5600,2021-12-22 14:56:00,GSKY
11.32,11.32,11.31,11.31,400,2021-12-22 14:57:00,GSKY
11.31,11.32,11.31,11.32,4300,2021-12-22 14:58:00,GSKY
11.32,11.34,11.32,11.34,1200,2021-12-22 14:59:00,GSKY
11.32,11.35,11.32,11.35,4519,2021-12-22 15:00:00,GSKY
11.34,11.35,11.34,11.35,790,2021-12-22 15:03:00,GSKY
11.36,11.36,11.36,11.36,100,2021-12-22 15:04:00,GSKY
11.36,11.36,11.36,11.36,100,2021-12-22 15:05:00,GSKY
11.35,11.35,11.34,11.34,618,2021-12-22 15:06:00,GSKY
11.33,11.33,11.33,11.33,100,2021-12-22 15:07:00,GSKY
11.33,11.34,11.33,11.34,2018,2021-12-22 15:08:00,GSKY
11.33,11.33,11.33,11.33,100,2021-12-22 15:09:00,GSKY
11.33,11.33,11.33,11.33,974,2021-12-22 15:10:00,GSKY
11.34,11.355,11.34,11.355,4782,2021-12-22 15:11:00,GSKY
11.35,11.37,11.34,11.37,8020,2021-12-22 15:12:00,GSKY
11.368,11.37,11.368,11.37,1100,2021-12-22 15:13:00,GSKY
11.37,11.38,11.37,11.37,1000,2021-12-22 15:14:00,GSKY
11.37,11.37,11.37,11.37,7008,2021-12-22 15:15:00,GSKY
11.38,11.38,11.38,11.38,2800,2021-12-22 15:16:00,GSKY
11.38,11.38,11.38,11.38,200,2021-12-22 15:17:00,GSKY
11.38,11.38,11.38,11.38,996,2021-12-22 15:18:00,GSKY
11.37,11.37,11.36,11.36,1497,2021-12-22 15:19:00,GSKY
11.36,11.36,11.35,11.35,2800,2021-12-22 15:20:00,GSKY
11.35,11.35,11.35,11.35,1570,2021-12-22 15:22:00,GSKY
11.35,11.35,11.34,11.34,500,2021-12-22 15:24:00,GSKY
11.35,11.35,11.35,11.35,700,2021-12-22 15:25:00,GSKY
11.35,11.35,11.345,11.345,400,2021-12-22 15:27:00,GSKY
11.35,11.37,11.35,11.37,6800,2021-12-22 15:30:00,GSKY
11.37,11.375,11.37,11.375,2100,2021-12-22 15:31:00,GSKY
11.37,11.37,11.365,11.365,9395,2021-12-22 15:32:00,GSKY
11.37,11.37,11.37,11.37,497,2021-12-22 15:34:00,GSKY
11.365,11.365,11.36,11.36,803,2021-12-22 15:35:00,GSKY
11.36,11.37,11.36,11.37,1674,2021-12-22 15:36:00,GSKY
11.37,11.38,11.37,11.375,1504,2021-12-22 15:37:00,GSKY
11.38,11.38,11.37,11.37,2859,2021-12-22 15:38:00,GSKY
11.37,11.37,11.37,11.37,200,2021-12-22 15:39:00,GSKY
11.37,11.37,11.37,11.37,1000,2021-12-22 15:40:00,GSKY
11.38,11.38,11.36,11.36,500,2021-12-22 15:41:00,GSKY
11.36,11.36,11.35,11.35,900,2021-12-22 15:42:00,GSKY
11.35,11.36,11.35,11.3593,1000,2021-12-22 15:43:00,GSKY
11.36,11.36,11.3592,11.36,1500,2021-12-22 15:45:00,GSKY
11.365,11.365,11.365,11.365,200,2021-12-22 15:46:00,GSKY
11.37,11.37,11.36,11.365,300,2021-12-22 15:47:00,GSKY
11.365,11.365,11.365,11.365,200,2021-12-22 15:48:00,GSKY
11.37,11.37,11.365,11.365,3800,2021-12-22 15:49:00,GSKY
11.37,11.37,11.37,11.37,100,2021-12-22 15:50:00,GSKY
11.37,11.38,11.37,11.38,1900,2021-12-22 15:51:00,GSKY
11.375,11.38,11.375,11.38,625,2021-12-22 15:52:00,GSKY
11.38,11.38,11.37,11.375,800,2021-12-22 15:53:00,GSKY
11.375,11.375,11.375,11.375,200,2021-12-22 15:54:00,GSKY
11.38,11.38,11.375,11.375,400,2021-12-22 15:55:00,GSKY
11.38,11.39,11.38,11.39,900,2021-12-22 15:57:00,GSKY
11.39,11.39,11.3896,11.39,4246,2021-12-22 15:59:00,GSKY
11.39,11.39,11.39,11.39,100,2021-12-22 16:00:00,GSKY
11.385,11.385,11.375,11.375,11590,2021-12-22 16:01:00,GSKY
11.37,11.37,11.355,11.36,2485,2021-12-22 16:02:00,GSKY
11.36,11.36,11.355,11.355,600,2021-12-22 16:03:00,GSKY
11.36,11.36,11.355,11.36,500,2021-12-22 16:05:00,GSKY
11.355,11.355,11.355,11.355,100,2021-12-22 16:06:00,GSKY
11.35,11.35,11.35,11.35,200,2021-12-22 16:07:00,GSKY
11.35,11.35,11.35,11.35,196,2021-12-22 16:12:00,GSKY
11.36,11.36,11.36,11.36,100,2021-12-22 16:14:00,GSKY
11.355,11.355,11.355,11.355,100,2021-12-22 16:15:00,GSKY
11.355,11.355,11.355,11.355,100,2021-12-22 16:17:00,GSKY
11.355,11.355,11.355,11.355,100,2021-12-22 16:18:00,GSKY
11.355,11.355,11.355,11.355,100,2021-12-22 16:19:00,GSKY
11.36,11.36,11.355,11.355,800,2021-12-22 16:21:00,GSKY
11.355,11.355,11.355,11.355,200,2021-12-22 16:22:00,GSKY
11.355,11.36,11.355,11.36,300,2021-12-22 16:23:00,GSKY
11.355,11.355,11.35,11.355,3661,2021-12-22 16:25:00,GSKY
11.35,11.35,11.35,11.35,100,2021-12-22 16:26:00,GSKY
11.355,11.355,11.355,11.355,100,2021-12-22 16:27:00,GSKY
11.355,11.36,11.355,11.36,400,2021-12-22 16:28:00,GSKY
11.36,11.3601,11.355,11.3601,5870,2021-12-22 16:29:00,GSKY
11.365,11.365,11.365,11.365,100,2021-12-22 16:30:00,GSKY
11.365,11.365,11.365,11.365,200,2021-12-22 16:31:00,GSKY
11.365,11.365,11.365,11.365,134,2021-12-22 16:32:00,GSKY
11.37,11.38,11.37,11.38,3700,2021-12-22 16:33:00,GSKY
11.375,11.375,11.375,11.375,200,2021-12-22 16:34:00,GSKY
11.38,11.38,11.38,11.38,1000,2021-12-22 16:35:00,GSKY
11.375,11.38,11.375,11.38,300,2021-12-22 16:36:00,GSKY
11.38,11.38,11.38,11.38,4300,2021-12-22 16:37:00,GSKY
11.39,11.39,11.3877,11.3877,500,2021-12-22 16:38:00,GSKY
11.39,11.39,11.39,11.39,100,2021-12-22 16:39:00,GSKY
11.385,11.385,11.385,11.385,511,2021-12-22 16:40:00,GSKY
11.39,11.39,11.385,11.385,200,2021-12-22 16:42:00,GSKY
11.3807,11.3807,11.38,11.3807,618,2021-12-22 16:43:00,GSKY
11.38,11.38,11.38,11.38,705,2021-12-22 16:44:00,GSKY
11.37,11.37,11.37,11.37,200,2021-12-22 16:45:00,GSKY
11.37,11.37,11.37,11.37,300,2021-12-22 16:46:00,GSKY
11.3662,11.3662,11.3662,11.3662,400,2021-12-22 16:49:00,GSKY
11.37,11.37,11.369,11.37,4600,2021-12-22 16:50:00,GSKY
11.38,11.38,11.38,11.38,1152,2021-12-22 16:52:00,GSKY
11.38,11.38,11.3788,11.3788,700,2021-12-22 16:54:00,GSKY
11.38,11.38,11.375,11.375,200,2021-12-22 16:56:00,GSKY
11.38,11.38,11.38,11.38,100,2021-12-22 16:57:00,GSKY
11.38,11.38,11.38,11.38,3900,2021-12-22 16:58:00,GSKY
11.385,11.39,11.385,11.385,300,2021-12-22 17:02:00,GSKY
11.385,11.385,11.385,11.385,100,2021-12-22 17:05:00,GSKY
11.38,11.385,11.38,11.385,567,2021-12-22 17:08:00,GSKY
11.385,11.385,11.38,11.38,288,2021-12-22 17:09:00,GSKY
11.382,11.382,11.382,11.382,500,2021-12-22 17:10:00,GSKY
11.38,11.38,11.375,11.375,805,2021-12-22 17:11:00,GSKY
11.37,11.375,11.37,11.37,4400,2021-12-22 17:12:00,GSKY
11.365,11.365,11.36,11.36,13531,2021-12-22 17:13:00,GSKY
11.355,11.355,11.345,11.355,14614,2021-12-22 17:14:00,GSKY
11.35,11.35,11.35,11.35,400,2021-12-22 17:15:00,GSKY
11.345,11.35,11.345,11.345,11101,2021-12-22 17:19:00,GSKY
11.345,11.345,11.345,11.345,100,2021-12-22 17:23:00,GSKY
11.35,11.35,11.345,11.3492,3128,2021-12-22 17:26:00,GSKY
11.35,11.35,11.349,11.3499,17990,2021-12-22 17:27:00,GSKY
11.35,11.355,11.35,11.355,3700,2021-12-22 17:28:00,GSKY
11.35,11.35,11.35,11.35,1206,2021-12-22 17:29:00,GSKY
11.36,11.36,11.36,11.36,100,2021-12-22 17:30:00,GSKY
11.36,11.36,11.355,11.36,5036,2021-12-22 17:31:00,GSKY
11.37,11.37,11.37,11.37,100,2021-12-22 17:34:00,GSKY
11.365,11.365,11.3576,11.36,11660,2021-12-22 17:36:00,GSKY
11.36,11.36,11.36,11.36,900,2021-12-22 17:38:00,GSKY
11.365,11.365,11.365,11.365,2000,2021-12-22 17:39:00,GSKY
11.36,11.36,11.36,11.36,600,2021-12-22 17:40:00,GSKY
11.36,11.361,11.3599,11.361,13794,2021-12-22 17:41:00,GSKY
11.36,11.365,11.36,11.3617,51607,2021-12-22 17:42:00,GSKY
11.36,11.36,11.36,11.36,1655,2021-12-22 17:44:00,GSKY
11.36,11.3624,11.36,11.36,3200,2021-12-22 17:50:00,GSKY
11.365,11.365,11.365,11.365,200,2021-12-22 17:54:00,GSKY
11.37,11.37,11.37,11.37,700,2021-12-22 17:56:00,GSKY
11.375,11.38,11.37,11.38,2283,2021-12-22 18:00:00,GSKY
11.37,11.375,11.36,11.36,5762,2021-12-22 18:01:00,GSKY
11.37,11.3701,11.365,11.3701,4500,2021-12-22 18:02:00,GSKY
11.37,11.37,11.37,11.37,626,2021-12-22 18:03:00,GSKY
11.37,11.37,11.37,11.37,100,2021-12-22 18:04:00,GSKY
11.365,11.3724,11.365,11.3724,2100,2021-12-22 18:06:00,GSKY
11.37,11.375,11.37,11.375,2900,2021-12-22 18:07:00,GSKY
11.37,11.375,11.37,11.37,1300,2021-12-22 18:08:00,GSKY
11.365,11.38,11.365,11.38,10042,2021-12-22 18:13:00,GSKY
11.38,11.385,11.38,11.385,2000,2021-12-22 18:16:00,GSKY
11.38,11.385,11.37,11.38,10389,2021-12-22 18:17:00,GSKY
11.38,11.3809,11.37,11.3721,7282,2021-12-22 18:18:00,GSKY
11.375,11.375,11.375,11.375,100,2021-12-22 18:22:00,GSKY
11.375,11.375,11.37,11.3701,400,2021-12-22 18:26:00,GSKY
11.375,11.375,11.375,11.375,250,2021-12-22 18:27:00,GSKY
11.37,11.37,11.37,11.37,100,2021-12-22 18:28:00,GSKY
11.375,11.38,11.375,11.38,600,2021-12-22 18:30:00,GSKY
11.37,11.3709,11.36,11.36,7412,2021-12-22 18:31:00,GSKY
11.36,11.36,11.36,11.36,1000,2021-12-22 18:34:00,GSKY
11.355,11.355,11.355,11.355,257,2021-12-22 18:35:00,GSKY
11.36,11.36,11.35,11.3501,2967,2021-12-22 18:37:00,GSKY
11.3501,11.355,11.3501,11.355,200,2021-12-22 18:38:00,GSKY
11.35,11.35,11.35,11.35,200,2021-12-22 18:39:00,GSKY
11.35,11.35,11.35,11.35,250,2021-12-22 18:40:00,GSKY
11.35,11.355,11.35,11.35,4033,2021-12-22 18:42:00,GSKY
11.355,11.355,11.355,11.355,100,2021-12-22 18:45:00,GSKY
11.35,11.3501,11.35,11.3501,2367,2021-12-22 18:48:00,GSKY
11.355,11.355,11.355,11.355,100,2021-12-22 18:49:00,GSKY
11.355,11.355,11.35,11.35,300,2021-12-22 18:52:00,GSKY
11.36,11.36,11.36,11.36,200,2021-12-22 18:53:00,GSKY
11.36,11.36,11.36,11.36,400,2021-12-22 18:54:00,GSKY
11.355,11.355,11.355,11.355,100,2021-12-22 18:55:00,GSKY
11.355,11.355,11.355,11.355,200,2021-12-22 18:56:00,GSKY
11.355,11.355,11.355,11.355,100,2021-12-22 18:58:00,GSKY
11.355,11.355,11.355,11.355,100,2021-12-22 18:59:00,GSKY
11.35,11.35,11.33,11.33,6893,2021-12-22 19:00:00,GSKY
11.33,11.33,11.33,11.33,300,2021-12-22 19:01:00,GSKY
11.33,11.33,11.33,11.33,800,2021-12-22 19:02:00,GSKY
11.33,11.33,11.325,11.325,1150,2021-12-22 19:04:00,GSKY
11.33,11.33,11.33,11.33,1684,2021-12-22 19:06:00,GSKY
11.325,11.325,11.325,11.325,100,2021-12-22 19:08:00,GSKY
11.33,11.33,11.33,11.33,100,2021-12-22 19:09:00,GSKY
11.33,11.33,11.33,11.33,100,2021-12-22 19:11:00,GSKY
11.33,11.33,11.33,11.33,1000,2021-12-22 19:12:00,GSKY
11.33,11.34,11.33,11.34,700,2021-12-22 19:13:00,GSKY
11.34,11.35,11.34,11.35,900,2021-12-22 19:21:00,GSKY
11.345,11.345,11.345,11.345,300,2021-12-22 19:22:00,GSKY
11.34,11.345,11.33,11.335,9084,2021-12-22 19:25:00,GSKY
11.33,11.33,11.325,11.325,8666,2021-12-22 19:26:00,GSKY
11.32,11.32,11.305,11.31,17585,2021-12-22 19:28:00,GSKY
11.31,11.315,11.31,11.315,300,2021-12-22 19:30:00,GSKY
11.32,11.32,11.32,11.32,400,2021-12-22 19:31:00,GSKY
11.325,11.325,11.325,11.325,400,2021-12-22 19:35:00,GSKY
11.33,11.33,11.33,11.33,100,2021-12-22 19:37:00,GSKY
11.33,11.33,11.33,11.33,100,2021-12-22 19:38:00,GSKY
11.335,11.335,11.33,11.3302,1756,2021-12-22 19:40:00,GSKY
11.33,11.33,11.33,11.33,1600,2021-12-22 19:42:00,GSKY
11.325,11.325,11.325,11.325,600,2021-12-22 19:43:00,GSKY
11.32,11.32,11.32,11.32,1652,2021-12-22 19:45:00,GSKY
11.325,11.325,11.325,11.325,100,2021-12-22 19:46:00,GSKY
11.33,11.33,11.32,11.32,5600,2021-12-22 19:50:00,GSKY
11.325,11.325,11.325,11.325,300,2021-12-22 19:51:00,GSKY
11.33,11.33,11.33,11.33,100,2021-12-22 19:52:00,GSKY
11.325,11.325,11.31,11.315,12826,2021-12-22 19:59:00,GSKY
11.32,11.32,11.32,11.32,2967,2021-12-22 20:00:00,GSKY
11.325,11.325,11.325,11.325,100,2021-12-22 20:01:00,GSKY
11.32,11.32,11.32,11.32,100,2021-12-22 20:03:00,GSKY
11.325,11.325,11.325,11.325,400,2021-12-22 20:04:00,GSKY
11.325,11.325,11.325,11.325,100,2021-12-22 20:08:00,GSKY
11.325,11.325,11.325,11.325,400,2021-12-22 20:09:00,GSKY
11.325,11.325,11.325,11.325,100,2021-12-22 20:10:00,GSKY
11.33,11.33,11.33,11.33,100,2021-12-22 20:13:00,GSKY
11.33,11.33,11.33,11.33,200,2021-12-22 20:14:00,GSKY
11.33,11.33,11.3296,11.33,1233,2021-12-22 20:15:00,GSKY
11.325,11.325,11.325,11.325,400,2021-12-22 20:17:00,GSKY
11.325,11.325,11.325,11.325,300,2021-12-22 20:18:00,GSKY
11.325,11.325,11.32,11.325,700,2021-12-22 20:19:00,GSKY
11.32,11.325,11.32,11.32,2787,2021-12-22 20:20:00,GSKY
11.32,11.32,11.32,11.32,300,2021-12-22 20:21:00,GSKY
11.33,11.33,11.33,11.33,100,2021-12-22 20:28:00,GSKY
11.325,11.325,11.325,11.325,100,2021-12-22 20:29:00,GSKY
11.33,11.33,11.33,11.33,500,2021-12-22 20:30:00,GSKY
11.33,11.33,11.33,11.33,100,2021-12-22 20:31:00,GSKY
11.325,11.325,11.325,11.325,200,2021-12-22 20:33:00,GSKY
11.33,11.33,11.33,11.33,100,2021-12-22 20:36:00,GSKY
11.33,11.33,11.33,11.33,100,2021-12-22 20:37:00,GSKY
11.325,11.325,11.325,11.325,200,2021-12-22 20:38:00,GSKY
11.325,11.325,11.325,11.325,100,2021-12-22 20:41:00,GSKY
11.33,11.33,11.33,11.33,100,2021-12-22 20:42:00,GSKY
11.33,11.33,11.33,11.33,200,2021-12-22 20:43:00,GSKY
11.33,11.33,11.325,11.325,500,2021-12-22 20:44:00,GSKY
11.33,11.33,11.3299,11.33,1966,2021-12-22 20:45:00,GSKY
11.33,11.33,11.33,11.33,400,2021-12-22 20:46:00,GSKY
11.32,11.33,11.32,11.33,400,2021-12-22 20:47:00,GSKY
11.325,11.33,11.325,11.33,200,2021-12-22 20:48:00,GSKY
11.32,11.325,11.315,11.315,6531,2021-12-22 20:49:00,GSKY
11.32,11.33,11.3,11.33,42728,2021-12-22 20:50:00,GSKY
11.345,11.345,11.34,11.34,2431,2021-12-22 20:52:00,GSKY
11.34,11.35,11.34,11.34,5709,2021-12-22 20:53:00,GSKY
11.34,11.34,11.33,11.34,7447,2021-12-22 20:54:00,GSKY
11.34,11.345,11.34,11.34,5699,2021-12-22 20:55:00,GSKY
11.335,11.335,11.335,11.335,488,2021-12-22 20:56:00,GSKY
11.335,11.335,11.335,11.335,300,2021-12-22 20:57:00,GSKY
11.34,11.34,11.33,11.34,2033,2021-12-22 20:58:00,GSKY
11.33,11.34,11.33,11.34,5993,2021-12-22 20:59:00,GSKY
11.32,11.32,11.32,11.32,59608,2021-12-22 21:00:00,GSKY
11.37,11.43,11.365,11.43,4722,2021-12-23 14:30:00,GSKY
11.43,11.43,11.425,11.425,300,2021-12-23 14:31:00,GSKY
11.44,11.47,11.44,11.45,2915,2021-12-23 14:34:00,GSKY
11.47,11.47,11.47,11.47,1300,2021-12-23 14:36:00,GSKY
11.475,11.475,11.475,11.475,100,2021-12-23 14:37:00,GSKY
11.51,11.52,11.505,11.51,3456,2021-12-23 14:38:00,GSKY
11.51,11.51,11.51,11.51,520,2021-12-23 14:39:00,GSKY
11.5,11.5,11.49,11.49,300,2021-12-23 14:40:00,GSKY
11.49,11.49,11.46,11.46,877,2021-12-23 14:41:00,GSKY
11.46,11.475,11.46,11.4702,800,2021-12-23 14:42:00,GSKY
11.47,11.48,11.47,11.48,1500,2021-12-23 14:43:00,GSKY
11.5,11.5,11.495,11.5,2500,2021-12-23 14:44:00,GSKY
11.49,11.5,11.48,11.49,1900,2021-12-23 14:45:00,GSKY
11.49,11.495,11.49,11.495,2000,2021-12-23 14:46:00,GSKY
11.505,11.505,11.505,11.505,100,2021-12-23 14:47:00,GSKY
11.5,11.5,11.49,11.49,3667,2021-12-23 14:48:00,GSKY
11.49,11.49,11.49,11.49,100,2021-12-23 14:49:00,GSKY
11.5,11.501,11.49,11.495,3166,2021-12-23 14:50:00,GSKY
11.485,11.485,11.485,11.485,100,2021-12-23 14:51:00,GSKY
11.49,11.5,11.49,11.5,2600,2021-12-23 14:52:00,GSKY
11.49,11.5,11.49,11.5,400,2021-12-23 14:53:00,GSKY
11.49,11.49,11.48,11.4801,3640,2021-12-23 14:54:00,GSKY
11.49,11.49,11.47,11.47,900,2021-12-23 14:55:00,GSKY
11.46,11.46,11.46,11.46,400,2021-12-23 14:56:00,GSKY
11.46,11.46,11.46,11.46,600,2021-12-23 14:57:00,GSKY
11.46,11.46,11.45,11.45,900,2021-12-23 14:58:00,GSKY
11.44,11.4406,11.44,11.44,5662,2021-12-23 14:59:00,GSKY
11.435,11.435,11.435,11.435,100,2021-12-23 15:00:00,GSKY
11.42,11.43,11.42,11.42,2200,2021-12-23 15:01:00,GSKY
11.42,11.42,11.42,11.42,200,2021-12-23 15:02:00,GSKY
11.43,11.43,11.42,11.43,3294,2021-12-23 15:03:00,GSKY
11.42,11.42,11.41,11.41,200,2021-12-23 15:04:00,GSKY
11.42,11.42,11.42,11.42,1300,2021-12-23 15:05:00,GSKY
11.42,11.43,11.42,11.43,795,2021-12-23 15:06:00,GSKY
11.44,11.45,11.43,11.44,3961,2021-12-23 15:07:00,GSKY
11.45,11.45,11.45,11.45,1800,2021-12-23 15:08:00,GSKY
11.45,11.46,11.45,11.45,1790,2021-12-23 15:09:00,GSKY
11.45,11.46,11.45,11.46,400,2021-12-23 15:10:00,GSKY
11.47,11.47,11.46,11.46,6660,2021-12-23 15:11:00,GSKY
11.46,11.46,11.44,11.45,7558,2021-12-23 15:12:00,GSKY
11.44,11.46,11.435,11.46,3100,2021-12-23 15:13:00,GSKY
11.46,11.46,11.455,11.455,1300,2021-12-23 15:14:00,GSKY
11.46,11.46,11.46,11.46,900,2021-12-23 15:15:00,GSKY
11.46,11.46,11.46,11.46,100,2021-12-23 15:16:00,GSKY
11.445,11.445,11.445,11.445,100,2021-12-23 15:17:00,GSKY
11.44,11.44,11.44,11.44,200,2021-12-23 15:18:00,GSKY
11.43,11.43,11.43,11.43,400,2021-12-23 15:19:00,GSKY
11.425,11.425,11.42,11.42,200,2021-12-23 15:20:00,GSKY
11.42,11.42,11.42,11.42,100,2021-12-23 15:21:00,GSKY
11.425,11.425,11.425,11.425,100,2021-12-23 15:22:00,GSKY
11.43,11.43,11.43,11.43,1300,2021-12-23 15:25:00,GSKY
11.435,11.435,11.435,11.435,200,2021-12-23 15:26:00,GSKY
11.44,11.44,11.44,11.44,100,2021-12-23 15:28:00,GSKY
11.44,11.44,11.44,11.44,100,2021-12-23 15:29:00,GSKY
11.44,11.45,11.44,11.45,600,2021-12-23 15:30:00,GSKY
11.45,11.45,11.45,11.45,100,2021-12-23 15:31:00,GSKY
11.445,11.445,11.445,11.445,100,2021-12-23 15:32:00,GSKY
11.45,11.45,11.445,11.445,1000,2021-12-23 15:33:00,GSKY
11.445,11.45,11.44,11.445,2700,2021-12-23 15:34:00,GSKY
11.445,11.45,11.445,11.45,200,2021-12-23 15:35:00,GSKY
11.445,11.445,11.445,11.445,200,2021-12-23 15:37:00,GSKY
11.45,11.45,11.45,11.45,100,2021-12-23 15:38:00,GSKY
11.45,11.46,11.45,11.45,400,2021-12-23 15:39:00,GSKY
11.46,11.46,11.46,11.46,100,2021-12-23 15:41:00,GSKY
11.46,11.46,11.46,11.46,100,2021-12-23 15:42:00,GSKY
11.45,11.45,11.445,11.445,4355,2021-12-23 15:43:00,GSKY
11.44,11.44,11.435,11.435,400,2021-12-23 15:45:00,GSKY
11.435,11.44,11.435,11.435,700,2021-12-23 15:48:00,GSKY
11.435,11.435,11.435,11.435,100,2021-12-23 15:52:00,GSKY
11.435,11.435,11.435,11.435,100,2021-12-23 15:53:00,GSKY
11.44,11.44,11.415,11.415,4082,2021-12-23 15:56:00,GSKY
11.415,11.415,11.415,11.415,200,2021-12-23 15:58:00,GSKY
11.42,11.42,11.42,11.42,100,2021-12-23 16:01:00,GSKY
11.42,11.42,11.42,11.42,367,2021-12-23 16:03:00,GSKY
11.415,11.425,11.415,11.425,2300,2021-12-23 16:05:00,GSKY
11.425,11.425,11.42,11.42,200,2021-12-23 16:07:00,GSKY
11.43,11.43,11.43,11.43,100,2021-12-23 16:09:00,GSKY
11.43,11.43,11.4291,11.4291,1767,2021-12-23 16:10:00,GSKY
11.43,11.43,11.425,11.43,3035,2021-12-23 16:12:00,GSKY
11.44,11.44,11.435,11.435,3200,2021-12-23 16:13:00,GSKY
11.44,11.45,11.44,11.45,899,2021-12-23 16:15:00,GSKY
11.455,11.455,11.45,11.45,342,2021-12-23 16:16:00,GSKY
11.45,11.45,11.44,11.445,3842,2021-12-23 16:17:00,GSKY
11.44,11.44,11.44,11.44,200,2021-12-23 16:18:00,GSKY
11.45,11.45,11.44,11.44,3900,2021-12-23 16:21:00,GSKY
11.44,11.44,11.435,11.435,1396,2021-12-23 16:22:00,GSKY
11.44,11.44,11.44,11.44,500,2021-12-23 16:23:00,GSKY
11.45,11.45,11.45,11.45,100,2021-12-23 16:24:00,GSKY
11.46,11.46,11.46,11.46,100,2021-12-23 16:26:00,GSKY
11.45,11.455,11.45,11.45,2000,2021-12-23 16:28:00,GSKY
11.45,11.45,11.445,11.445,1400,2021-12-23 16:29:00,GSKY
11.45,11.455,11.45,11.455,200,2021-12-23 16:30:00,GSKY
11.45,11.45,11.445,11.445,3881,2021-12-23 16:32:00,GSKY
11.445,11.45,11.445,11.45,1200,2021-12-23 16:33:00,GSKY
11.455,11.455,11.455,11.455,100,2021-12-23 16:34:00,GSKY
11.455,11.455,11.455,11.455,100,2021-12-23 16:35:00,GSKY
11.45,11.45,11.45,11.45,1597,2021-12-23 16:37:00,GSKY
11.45,11.45,11.45,11.45,100,2021-12-23 16:38:00,GSKY
11.45,11.45,11.45,11.45,100,2021-12-23 16:42:00,GSKY
11.445,11.445,11.445,11.445,100,2021-12-23 16:43:00,GSKY
11.4476,11.4476,11.4476,11.4476,392,2021-12-23 16:44:00,GSKY
11.45,11.45,11.45,11.45,100,2021-12-23 16:46:00,GSKY
11.45,11.45,11.44,11.44,2000,2021-12-23 16:48:00,GSKY
11.445,11.45,11.445,11.45,200,2021-12-23 16:50:00,GSKY
11.45,11.46,11.445,11.45,2100,2021-12-23 16:51:00,GSKY
11.46,11.46,11.46,11.46,100,2021-12-23 16:53:00,GSKY
11.455,11.455,11.455,11.455,100,2021-12-23 16:54:00,GSKY
11.46,11.46,11.46,11.46,100,2021-12-23 16:55:00,GSKY
11.45,11.45,11.45,11.45,100,2021-12-23 16:56:00,GSKY
11.46,11.46,11.46,11.46,100,2021-12-23 16:57:00,GSKY
11.45,11.45,11.44,11.44,8534,2021-12-23 16:59:00,GSKY
11.445,11.445,11.445,11.445,100,2021-12-23 17:00:00,GSKY
11.445,11.445,11.445,11.445,100,2021-12-23 17:02:00,GSKY
11.445,11.45,11.445,11.45,1400,2021-12-23 17:03:00,GSKY
11.44,11.445,11.44,11.445,200,2021-12-23 17:06:00,GSKY
11.45,11.45,11.45,11.45,1000,2021-12-23 17:10:00,GSKY
11.455,11.455,11.455,11.455,100,2021-12-23 17:12:00,GSKY
11.455,11.46,11.455,11.46,200,2021-12-23 17:13:00,GSKY
11.455,11.455,11.455,11.455,100,2021-12-23 17:14:00,GSKY
11.46,11.46,11.46,11.46,100,2021-12-23 17:15:00,GSKY
11.46,11.46,11.46,11.46,100,2021-12-23 17:16:00,GSKY
11.45,11.45,11.45,11.45,7549,2021-12-23 17:17:00,GSKY
11.45,11.45,11.44,11.44,957,2021-12-23 17:18:00,GSKY
11.44,11.44,11.435,11.435,200,2021-12-23 17:19:00,GSKY
11.435,11.44,11.435,11.44,1400,2021-12-23 17:20:00,GSKY
11.45,11.45,11.45,11.45,100,2021-12-23 17:21:00,GSKY
11.4403,11.4403,11.4403,11.4403,3000,2021-12-23 17:24:00,GSKY
11.45,11.45,11.45,11.45,715,2021-12-23 17:25:00,GSKY
11.46,11.46,11.46,11.46,100,2021-12-23 17:29:00,GSKY
11.46,11.46,11.46,11.46,500,2021-12-23 17:30:00,GSKY
11.47,11.47,11.47,11.47,100,2021-12-23 17:31:00,GSKY
11.46,11.46,11.45,11.45,6634,2021-12-23 17:32:00,GSKY
11.455,11.455,11.455,11.455,100,2021-12-23 17:34:00,GSKY
11.455,11.455,11.455,11.455,201,2021-12-23 17:36:00,GSKY
11.455,11.455,11.455,11.455,100,2021-12-23 17:41:00,GSKY
11.455,11.455,11.455,11.455,100,2021-12-23 17:43:00,GSKY
11.46,11.46,11.455,11.455,200,2021-12-23 17:44:00,GSKY
11.46,11.46,11.46,11.46,100,2021-12-23 17:46:00,GSKY
11.46,11.46,11.45,11.45,6248,2021-12-23 17:47:00,GSKY
11.45,11.45,11.445,11.445,200,2021-12-23 17:48:00,GSKY
11.445,11.445,11.445,11.445,100,2021-12-23 17:50:00,GSKY
11.45,11.45,11.445,11.445,200,2021-12-23 17:56:00,GSKY
11.45,11.45,11.445,11.445,200,2021-12-23 17:59:00,GSKY
11.45,11.45,11.45,11.45,1000,2021-12-23 18:00:00,GSKY
11.45,11.45,11.445,11.445,4157,2021-12-23 18:03:00,GSKY
11.44,11.44,11.44,11.44,100,2021-12-23 18:04:00,GSKY
11.44,11.44,11.44,11.44,1300,2021-12-23 18:06:00,GSKY
11.43,11.43,11.43,11.43,300,2021-12-23 18:07:00,GSKY
11.43,11.43,11.43,11.43,800,2021-12-23 18:10:00,GSKY
11.43,11.435,11.425,11.435,700,2021-12-23 18:11:00,GSKY
11.435,11.435,11.43,11.43,332,2021-12-23 18:13:00,GSKY
11.435,11.44,11.435,11.44,1602,2021-12-23 18:15:00,GSKY
11.445,11.445,11.445,11.445,100,2021-12-23 18:16:00,GSKY
11.445,11.445,11.445,11.445,100,2021-12-23 18:18:00,GSKY
11.45,11.45,11.45,11.45,100,2021-12-23 18:22:00,GSKY
11.45,11.45,11.45,11.45,100,2021-12-23 18:23:00,GSKY
11.44,11.44,11.44,11.44,124,2021-12-23 18:24:00,GSKY
11.45,11.455,11.45,11.455,4102,2021-12-23 18:25:00,GSKY
11.46,11.46,11.46,11.46,100,2021-12-23 18:26:00,GSKY
11.46,11.46,11.455,11.455,200,2021-12-23 18:27:00,GSKY
11.46,11.46,11.455,11.46,500,2021-12-23 18:28:00,GSKY
11.465,11.465,11.46,11.465,600,2021-12-23 18:30:00,GSKY
11.465,11.465,11.465,11.465,100,2021-12-23 18:31:00,GSKY
11.47,11.47,11.465,11.465,300,2021-12-23 18:32:00,GSKY
11.465,11.47,11.465,11.47,200,2021-12-23 18:34:00,GSKY
11.465,11.47,11.465,11.47,200,2021-12-23 18:35:00,GSKY
11.47,11.47,11.47,11.47,100,2021-12-23 18:37:00,GSKY
11.47,11.47,11.47,11.47,100,2021-12-23 18:38:00,GSKY
11.465,11.465,11.465,11.465,100,2021-12-23 18:40:00,GSKY
11.47,11.47,11.47,11.47,100,2021-12-23 18:41:00,GSKY
11.46,11.465,11.455,11.46,8265,2021-12-23 18:42:00,GSKY
11.455,11.455,11.455,11.455,100,2021-12-23 18:43:00,GSKY
11.455,11.455,11.455,11.455,100,2021-12-23 18:44:00,GSKY
11.46,11.46,11.46,11.46,100,2021-12-23 18:47:00,GSKY
11.455,11.455,11.455,11.455,100,2021-12-23 18:48:00,GSKY
11.46,11.46,11.46,11.46,1600,2021-12-23 18:51:00,GSKY
11.46,11.46,11.45,11.45,5400,2021-12-23 18:52:00,GSKY
11.46,11.46,11.46,11.46,300,2021-12-23 18:56:00,GSKY
11.46,11.46,11.46,11.46,100,2021-12-23 18:57:00,GSKY
11.46,11.46,11.46,11.46,100,2021-12-23 18:58:00,GSKY
11.46,11.46,11.46,11.46,100,2021-12-23 19:04:00,GSKY
11.46,11.46,11.46,11.46,100,2021-12-23 19:06:00,GSKY
11.46,11.46,11.46,11.46,100,2021-12-23 19:07:00,GSKY
11.46,11.46,11.46,11.46,100,2021-12-23 19:08:00,GSKY
11.46,11.46,11.455,11.455,200,2021-12-23 19:09:00,GSKY
11.46,11.46,11.46,11.46,100,2021-12-23 19:10:00,GSKY
11.46,11.46,11.455,11.46,2689,2021-12-23 19:11:00,GSKY
11.47,11.47,11.47,11.47,100,2021-12-23 19:12:00,GSKY
11.465,11.47,11.46,11.47,900,2021-12-23 19:13:00,GSKY
11.47,11.47,11.47,11.47,100,2021-12-23 19:14:00,GSKY
11.47,11.47,11.47,11.47,100,2021-12-23 19:16:00,GSKY
11.47,11.47,11.47,11.47,300,2021-12-23 19:17:00,GSKY
11.48,11.48,11.48,11.48,100,2021-12-23 19:18:00,GSKY
11.49,11.49,11.485,11.485,200,2021-12-23 19:19:00,GSKY
11.49,11.49,11.4801,11.49,500,2021-12-23 19:20:00,GSKY
11.49,11.49,11.49,11.49,822,2021-12-23 19:21:00,GSKY
11.5,11.5,11.5,11.5,100,2021-12-23 19:23:00,GSKY
11.5,11.5,11.5,11.5,100,2021-12-23 19:27:00,GSKY
11.5,11.5,11.5,11.5,100,2021-12-23 19:28:00,GSKY
11.5,11.5,11.5,11.5,100,2021-12-23 19:29:00,GSKY
11.5,11.5,11.5,11.5,100,2021-12-23 19:30:00,GSKY
11.5,11.5,11.5,11.5,100,2021-12-23 19:32:00,GSKY
11.5,11.5,11.5,11.5,100,2021-12-23 19:34:00,GSKY
11.5,11.5,11.5,11.5,100,2021-12-23 19:35:00,GSKY
11.5,11.5,11.495,11.495,300,2021-12-23 19:37:00,GSKY
11.5,11.5,11.5,11.5,100,2021-12-23 19:38:00,GSKY
11.495,11.495,11.495,11.495,300,2021-12-23 19:39:00,GSKY
11.5,11.5,11.48,11.485,11273,2021-12-23 19:40:00,GSKY
11.485,11.485,11.475,11.48,4915,2021-12-23 19:41:00,GSKY
11.48,11.48,11.475,11.475,2100,2021-12-23 19:43:00,GSKY
11.47,11.47,11.47,11.47,100,2021-12-23 19:45:00,GSKY
11.475,11.475,11.475,11.475,200,2021-12-23 19:46:00,GSKY
11.48,11.48,11.48,11.48,100,2021-12-23 19:51:00,GSKY
11.48,11.48,11.48,11.48,100,2021-12-23 19:52:00,GSKY
11.48,11.48,11.48,11.48,100,2021-12-23 19:53:00,GSKY
11.48,11.48,11.48,11.48,792,2021-12-23 19:54:00,GSKY
11.48,11.48,11.48,11.48,300,2021-12-23 19:55:00,GSKY
11.48,11.48,11.48,11.48,100,2021-12-23 19:57:00,GSKY
11.48,11.48,11.4715,11.4715,991,2021-12-23 19:59:00,GSKY
11.48,11.48,11.48,11.48,100,2021-12-23 20:01:00,GSKY
11.475,11.475,11.47,11.47,300,2021-12-23 20:02:00,GSKY
11.48,11.48,11.475,11.475,794,2021-12-23 20:03:00,GSKY
11.48,11.48,11.48,11.48,100,2021-12-23 20:04:00,GSKY
11.475,11.475,11.4719,11.4719,275,2021-12-23 20:05:00,GSKY
11.48,11.48,11.475,11.475,200,2021-12-23 20:06:00,GSKY
11.48,11.48,11.48,11.48,100,2021-12-23 20:07:00,GSKY
11.48,11.48,11.475,11.475,300,2021-12-23 20:08:00,GSKY
11.48,11.48,11.47,11.475,4616,2021-12-23 20:09:00,GSKY
11.465,11.465,11.46,11.46,400,2021-12-23 20:10:00,GSKY
11.465,11.465,11.465,11.465,200,2021-12-23 20:11:00,GSKY
11.46,11.46,11.455,11.455,2760,2021-12-23 20:12:00,GSKY
11.455,11.455,11.455,11.455,100,2021-12-23 20:14:00,GSKY
11.455,11.455,11.455,11.455,100,2021-12-23 20:15:00,GSKY
11.455,11.455,11.455,11.455,100,2021-12-23 20:17:00,GSKY
11.455,11.456,11.455,11.455,1046,2021-12-23 20:20:00,GSKY
11.46,11.46,11.46,11.46,100,2021-12-23 20:22:00,GSKY
11.46,11.46,11.46,11.46,100,2021-12-23 20:23:00,GSKY
11.46,11.46,11.46,11.46,100,2021-12-23 20:25:00,GSKY
11.46,11.46,11.46,11.46,300,2021-12-23 20:26:00,GSKY
11.46,11.46,11.46,11.46,100,2021-12-23 20:32:00,GSKY
11.46,11.46,11.455,11.455,200,2021-12-23 20:34:00,GSKY
11.46,11.46,11.46,11.46,1750,2021-12-23 20:35:00,GSKY
11.47,11.47,11.47,11.47,1168,2021-12-23 20:36:00,GSKY
11.48,11.48,11.48,11.48,100,2021-12-23 20:37:00,GSKY
11.475,11.475,11.47,11.47,800,2021-12-23 20:38:00,GSKY
11.47,11.4722,11.47,11.4722,5722,2021-12-23 20:41:00,GSKY
11.475,11.475,11.475,11.475,100,2021-12-23 20:42:00,GSKY
11.48,11.48,11.48,11.48,800,2021-12-23 20:44:00,GSKY
11.48,11.48,11.48,11.48,100,2021-12-23 20:45:00,GSKY
11.485,11.485,11.48,11.48,4097,2021-12-23 20:46:00,GSKY
11.48,11.485,11.48,11.485,400,2021-12-23 20:47:00,GSKY
11.48,11.48,11.48,11.48,200,2021-12-23 20:48:00,GSKY
11.48,11.48,11.48,11.48,4603,2021-12-23 20:49:00,GSKY
11.48,11.49,11.47,11.488,12106,2021-12-23 20:50:00,GSKY
11.49,11.49,11.49,11.49,100,2021-12-23 20:53:00,GSKY
11.48,11.48,11.46,11.46,4898,2021-12-23 20:55:00,GSKY
11.465,11.465,11.465,11.465,400,2021-12-23 20:56:00,GSKY
11.46,11.46,11.46,11.46,100,2021-12-23 20:57:00,GSKY
11.465,11.465,11.46,11.465,800,2021-12-23 20:58:00,GSKY
11.465,11.465,11.45,11.46,4418,2021-12-23 20:59:00,GSKY
11.46,11.46,11.46,11.46,68705,2021-12-23 21:00:00,GSKY
11.4,11.4,11.4,11.4,100,2021-12-27 13:21:00,GSKY
11.52,11.53,11.39,11.46,1930,2021-12-27 14:30:00,GSKY
11.49,11.49,11.49,11.49,1100,2021-12-27 14:35:00,GSKY
11.4301,11.4301,11.4301,11.4301,400,2021-12-27 14:36:00,GSKY
11.46,11.46,11.46,11.46,100,2021-12-27 14:39:00,GSKY
11.45,11.5,11.45,11.49,3067,2021-12-27 14:40:00,GSKY
11.5,11.5,11.5,11.5,200,2021-12-27 14:42:00,GSKY
11.5,11.5,11.495,11.5,4012,2021-12-27 14:44:00,GSKY
11.5,11.51,11.5,11.51,5633,2021-12-27 14:45:00,GSKY
11.53,11.53,11.525,11.53,4998,2021-12-27 14:46:00,GSKY
11.52,11.52,11.52,11.52,1725,2021-12-27 14:47:00,GSKY
11.53,11.535,11.53,11.53,3341,2021-12-27 14:48:00,GSKY
11.53,11.5418,11.53,11.5418,600,2021-12-27 14:49:00,GSKY
11.55,11.55,11.55,11.55,100,2021-12-27 14:50:00,GSKY
11.54,11.54,11.53,11.53,1468,2021-12-27 14:51:00,GSKY
11.525,11.525,11.5199,11.5199,2866,2021-12-27 14:52:00,GSKY
11.51,11.51,11.505,11.505,1200,2021-12-27 14:53:00,GSKY
11.49,11.49,11.47,11.4704,5166,2021-12-27 14:55:00,GSKY
11.47,11.48,11.47,11.4795,1866,2021-12-27 14:56:00,GSKY
11.47,11.47,11.45,11.45,1700,2021-12-27 14:57:00,GSKY
11.46,11.46,11.46,11.46,200,2021-12-27 14:59:00,GSKY
11.46,11.46,11.46,11.46,100,2021-12-27 15:00:00,GSKY
11.47,11.475,11.47,11.475,400,2021-12-27 15:04:00,GSKY
11.48,11.48,11.48,11.48,2466,2021-12-27 15:06:00,GSKY
11.46,11.46,11.46,11.46,100,2021-12-27 15:08:00,GSKY
11.47,11.47,11.47,11.47,200,2021-12-27 15:09:00,GSKY
11.485,11.49,11.485,11.49,800,2021-12-27 15:13:00,GSKY
11.4807,11.4807,11.4801,11.4801,1915,2021-12-27 15:15:00,GSKY
11.47,11.47,11.47,11.47,800,2021-12-27 15:18:00,GSKY
11.47,11.48,11.47,11.48,13700,2021-12-27 15:19:00,GSKY
11.48,11.48,11.48,11.48,100,2021-12-27 15:21:00,GSKY
11.48,11.4814,11.48,11.4814,2511,2021-12-27 15:22:00,GSKY
11.49,11.49,11.49,11.49,100,2021-12-27 15:23:00,GSKY
11.49,11.4911,11.49,11.4911,1033,2021-12-27 15:24:00,GSKY
11.49,11.5,11.49,11.5,2988,2021-12-27 15:28:00,GSKY
11.5,11.51,11.5,11.51,513,2021-12-27 15:29:00,GSKY
11.5,11.5,11.5,11.5,100,2021-12-27 15:31:00,GSKY
11.5,11.5,11.5,11.5,1356,2021-12-27 15:35:00,GSKY
11.5,11.5,11.49,11.49,2067,2021-12-27 15:36:00,GSKY
11.5,11.5,11.5,11.5,597,2021-12-27 15:38:00,GSKY
11.49,11.49,11.49,11.49,100,2021-12-27 15:40:00,GSKY
11.49,11.49,11.49,11.49,100,2021-12-27 15:42:00,GSKY
11.5,11.5,11.5,11.5,200,2021-12-27 15:43:00,GSKY
11.5,11.5,11.5,11.5,400,2021-12-27 15:45:00,GSKY
11.515,11.515,11.51,11.51,800,2021-12-27 15:46:00,GSKY
11.51,11.52,11.5,11.52,500,2021-12-27 15:47:00,GSKY
11.52,11.52,11.52,11.52,100,2021-12-27 15:48:00,GSKY
11.54,11.54,11.54,11.54,1300,2021-12-27 15:53:00,GSKY
11.54,11.54,11.535,11.535,1384,2021-12-27 15:56:00,GSKY
11.54,11.54,11.54,11.54,432,2021-12-27 16:00:00,GSKY
11.54,11.54,11.54,11.54,100,2021-12-27 16:01:00,GSKY
11.54,11.54,11.54,11.54,1110,2021-12-27 16:03:00,GSKY
11.53,11.53,11.53,11.53,1200,2021-12-27 16:14:00,GSKY
11.53,11.53,11.53,11.53,300,2021-12-27 16:19:00,GSKY
11.52,11.52,11.52,11.52,100,2021-12-27 16:20:00,GSKY
11.52,11.52,11.52,11.52,100,2021-12-27 16:21:00,GSKY
11.515,11.52,11.5101,11.5101,13292,2021-12-27 16:22:00,GSKY
11.51,11.51,11.51,11.51,300,2021-12-27 16:23:00,GSKY
11.5,11.5,11.5,11.5,200,2021-12-27 16:24:00,GSKY
11.5,11.5,11.5,11.5,293,2021-12-27 16:25:00,GSKY
11.5,11.5,11.5,11.5,2024,2021-12-27 16:26:00,GSKY
11.51,11.51,11.51,11.51,511,2021-12-27 16:29:00,GSKY
11.51,11.51,11.51,11.51,100,2021-12-27 16:30:00,GSKY
11.5,11.5,11.5,11.5,1400,2021-12-27 16:31:00,GSKY
11.49,11.49,11.485,11.485,462,2021-12-27 16:32:00,GSKY
11.48,11.48,11.48,11.48,100,2021-12-27 16:34:00,GSKY
11.48,11.48,11.48,11.48,100,2021-12-27 16:36:00,GSKY
11.49,11.49,11.49,11.49,100,2021-12-27 16:38:00,GSKY
11.5,11.5,11.5,11.5,100,2021-12-27 17:07:00,GSKY
11.5,11.5,11.5,11.5,100,2021-12-27 17:14:00,GSKY
11.5017,11.5017,11.5,11.5,922,2021-12-27 17:19:00,GSKY
11.5008,11.5008,11.5008,11.5008,500,2021-12-27 17:23:00,GSKY
11.5001,11.51,11.5001,11.51,1000,2021-12-27 17:25:00,GSKY
11.5,11.5,11.5,11.5,200,2021-12-27 17:28:00,GSKY
11.505,11.51,11.505,11.51,200,2021-12-27 17:29:00,GSKY
11.5,11.505,11.5,11.505,400,2021-12-27 17:32:00,GSKY
11.5,11.5,11.5,11.5,100,2021-12-27 17:34:00,GSKY
11.505,11.505,11.505,11.505,200,2021-12-27 17:36:00,GSKY
11.5,11.5,11.5,11.5,1317,2021-12-27 17:37:00,GSKY
11.49,11.49,11.49,11.49,198,2021-12-27 17:38:00,GSKY
11.49,11.49,11.49,11.49,200,2021-12-27 17:40:00,GSKY
11.49,11.49,11.49,11.49,200,2021-12-27 17:42:00,GSKY
11.49,11.49,11.49,11.49,200,2021-12-27 17:44:00,GSKY
11.5,11.5,11.49,11.49,500,2021-12-27 17:45:00,GSKY
11.495,11.5,11.495,11.5,400,2021-12-27 17:47:00,GSKY
11.5,11.5,11.49,11.49,400,2021-12-27 17:48:00,GSKY
11.5,11.5,11.49,11.49,400,2021-12-27 17:49:00,GSKY
11.5,11.5,11.5,11.5,200,2021-12-27 17:50:00,GSKY
11.49,11.49,11.49,11.49,100,2021-12-27 17:51:00,GSKY
11.49,11.5,11.49,11.5,400,2021-12-27 17:53:00,GSKY
11.49,11.49,11.49,11.49,200,2021-12-27 17:55:00,GSKY
11.5,11.5,11.5,11.5,200,2021-12-27 17:56:00,GSKY
11.49,11.495,11.49,11.495,400,2021-12-27 17:58:00,GSKY
11.49,11.49,11.49,11.49,200,2021-12-27 17:59:00,GSKY
11.5,11.5,11.5,11.5,199,2021-12-27 18:00:00,GSKY
11.495,11.5,11.49,11.5,400,2021-12-27 18:01:00,GSKY
11.49,11.5,11.49,11.5,400,2021-12-27 18:03:00,GSKY
11.49,11.495,11.49,11.495,200,2021-12-27 18:04:00,GSKY
11.5,11.5,11.5,11.5,200,2021-12-27 18:05:00,GSKY
11.49,11.49,11.49,11.49,200,2021-12-27 18:06:00,GSKY
11.5,11.5,11.5,11.5,200,2021-12-27 18:08:00,GSKY
11.49,11.49,11.49,11.49,200,2021-12-27 18:09:00,GSKY
11.5,11.5,11.49,11.49,400,2021-12-27 18:10:00,GSKY
11.5,11.5,11.5,11.5,200,2021-12-27 18:11:00,GSKY
11.495,11.495,11.495,11.495,200,2021-12-27 18:12:00,GSKY
11.5,11.5,11.49,11.49,350,2021-12-27 18:13:00,GSKY
11.495,11.5,11.49,11.5,500,2021-12-27 18:14:00,GSKY
11.49,11.5,11.49,11.495,500,2021-12-27 18:16:00,GSKY
11.49,11.49,11.49,11.49,200,2021-12-27 18:18:00,GSKY
11.5,11.5,11.5,11.5,200,2021-12-27 18:19:00,GSKY
11.5,11.5,11.49,11.49,300,2021-12-27 18:20:00,GSKY
11.5,11.5,11.49,11.49,400,2021-12-27 18:22:00,GSKY
11.5,11.5,11.5,11.5,200,2021-12-27 18:23:00,GSKY
11.495,11.495,11.495,11.495,200,2021-12-27 18:24:00,GSKY
11.5,11.5,11.5,11.5,200,2021-12-27 18:25:00,GSKY
11.5,11.505,11.5,11.505,1883,2021-12-27 18:26:00,GSKY
11.51,11.51,11.51,11.51,200,2021-12-27 18:28:00,GSKY
11.51,11.51,11.51,11.51,200,2021-12-27 18:29:00,GSKY
11.51,11.51,11.505,11.505,500,2021-12-27 18:30:00,GSKY
11.51,11.51,11.51,11.51,300,2021-12-27 18:32:00,GSKY
11.5,11.5,11.5,11.5,200,2021-12-27 18:33:00,GSKY
11.51,11.51,11.51,11.51,200,2021-12-27 18:34:00,GSKY
11.5,11.5,11.5,11.5,200,2021-12-27 18:35:00,GSKY
11.51,11.51,11.51,11.51,200,2021-12-27 18:36:00,GSKY
11.5,11.5,11.5,11.5,200,2021-12-27 18:37:00,GSKY
11.5001,11.51,11.5001,11.51,300,2021-12-27 18:39:00,GSKY
11.5,11.51,11.5,11.51,400,2021-12-27 18:40:00,GSKY
11.505,11.505,11.5,11.5,200,2021-12-27 18:41:00,GSKY
11.51,11.51,11.505,11.505,400,2021-12-27 18:42:00,GSKY
11.51,11.51,11.505,11.51,500,2021-12-27 18:44:00,GSKY
11.505,11.51,11.505,11.51,400,2021-12-27 18:45:00,GSKY
11.505,11.51,11.505,11.51,1200,2021-12-27 18:47:00,GSKY
11.52,11.52,11.52,11.52,100,2021-12-27 18:48:00,GSKY
11.52,11.52,11.52,11.52,200,2021-12-27 18:49:00,GSKY
11.52,11.52,11.52,11.52,200,2021-12-27 18:50:00,GSKY
11.52,11.52,11.52,11.52,200,2021-12-27 18:52:00,GSKY
11.52,11.52,11.51,11.51,400,2021-12-27 18:54:00,GSKY
11.52,11.53,11.52,11.53,4858,2021-12-27 18:55:00,GSKY
11.53,11.53,11.53,11.53,200,2021-12-27 18:56:00,GSKY
11.525,11.525,11.525,11.525,300,2021-12-27 18:57:00,GSKY
11.53,11.53,11.53,11.53,200,2021-12-27 18:59:00,GSKY
11.53,11.53,11.53,11.53,200,2021-12-27 19:00:00,GSKY
11.525,11.53,11.525,11.53,400,2021-12-27 19:02:00,GSKY
11.52,11.525,11.52,11.525,2067,2021-12-27 19:03:00,GSKY
11.53,11.53,11.525,11.525,400,2021-12-27 19:04:00,GSKY
11.53,11.53,11.53,11.53,200,2021-12-27 19:06:00,GSKY
11.525,11.53,11.525,11.53,500,2021-12-27 19:07:00,GSKY
11.53,11.53,11.53,11.53,200,2021-12-27 19:08:00,GSKY
11.525,11.525,11.525,11.525,200,2021-12-27 19:09:00,GSKY
11.525,11.53,11.525,11.53,1858,2021-12-27 19:11:00,GSKY
11.535,11.54,11.535,11.54,200,2021-12-27 19:12:00,GSKY
11.535,11.535,11.535,11.535,100,2021-12-27 19:13:00,GSKY
11.535,11.54,11.5301,11.5301,700,2021-12-27 19:14:00,GSKY
11.54,11.54,11.54,11.54,200,2021-12-27 19:17:00,GSKY
11.54,11.54,11.54,11.54,100,2021-12-27 19:18:00,GSKY
11.54,11.54,11.54,11.54,300,2021-12-27 19:21:00,GSKY
11.53,11.5301,11.53,11.53,1333,2021-12-27 19:22:00,GSKY
11.53,11.53,11.53,11.53,200,2021-12-27 19:23:00,GSKY
11.54,11.54,11.53,11.53,500,2021-12-27 19:25:00,GSKY
11.54,11.54,11.53,11.54,500,2021-12-27 19:28:00,GSKY
11.54,11.54,11.54,11.54,3255,2021-12-27 19:30:00,GSKY
11.54,11.54,11.53,11.54,1741,2021-12-27 19:31:00,GSKY
11.54,11.54,11.54,11.54,100,2021-12-27 19:32:00,GSKY
11.54,11.54,11.54,11.54,200,2021-12-27 19:34:00,GSKY
11.54,11.54,11.54,11.54,100,2021-12-27 19:35:00,GSKY
11.54,11.54,11.535,11.535,300,2021-12-27 19:37:00,GSKY
11.54,11.54,11.54,11.54,100,2021-12-27 19:38:00,GSKY
11.54,11.54,11.535,11.535,400,2021-12-27 19:40:00,GSKY
11.54,11.54,11.54,11.54,100,2021-12-27 19:42:00,GSKY
11.54,11.54,11.53,11.53,400,2021-12-27 19:43:00,GSKY
11.53,11.53,11.53,11.53,1598,2021-12-27 19:44:00,GSKY
11.525,11.525,11.525,11.525,100,2021-12-27 19:46:00,GSKY
11.52,11.52,11.52,11.52,200,2021-12-27 19:47:00,GSKY
11.52,11.52,11.51,11.51,2235,2021-12-27 19:48:00,GSKY
11.51,11.5155,11.51,11.5155,1926,2021-12-27 19:49:00,GSKY
11.515,11.515,11.51,11.51,400,2021-12-27 19:50:00,GSKY
11.51,11.51,11.51,11.51,100,2021-12-27 19:51:00,GSKY
11.51,11.51,11.51,11.51,200,2021-12-27 19:52:00,GSKY
11.515,11.515,11.515,11.515,177,2021-12-27 19:53:00,GSKY
11.51,11.51,11.51,11.51,200,2021-12-27 19:55:00,GSKY
11.51,11.52,11.51,11.51,2300,2021-12-27 19:56:00,GSKY
11.52,11.52,11.51,11.52,500,2021-12-27 19:58:00,GSKY
11.52,11.52,11.51,11.5133,800,2021-12-27 20:00:00,GSKY
11.51,11.51,11.495,11.495,5055,2021-12-27 20:01:00,GSKY
11.49,11.5,11.49,11.5,634,2021-12-27 20:02:00,GSKY
11.5,11.5,11.5,11.5,300,2021-12-27 20:03:00,GSKY
11.495,11.495,11.495,11.495,200,2021-12-27 20:05:00,GSKY
11.49,11.49,11.49,11.49,100,2021-12-27 20:06:00,GSKY
11.5,11.5,11.5,11.5,200,2021-12-27 20:07:00,GSKY
11.495,11.5,11.495,11.5,600,2021-12-27 20:08:00,GSKY
11.495,11.5,11.495,11.5,300,2021-12-27 20:09:00,GSKY
11.495,11.495,11.495,11.495,200,2021-12-27 20:10:00,GSKY
11.495,11.495,11.49,11.495,300,2021-12-27 20:11:00,GSKY
11.495,11.495,11.495,11.495,200,2021-12-27 20:12:00,GSKY
11.49,11.5,11.49,11.5,500,2021-12-27 20:14:00,GSKY
11.495,11.495,11.49,11.49,500,2021-12-27 20:16:00,GSKY
11.49,11.5,11.49,11.5,272,2021-12-27 20:17:00,GSKY
11.5,11.5,11.5,11.5,200,2021-12-27 20:18:00,GSKY
11.495,11.495,11.495,11.495,100,2021-12-27 20:19:00,GSKY
11.5,11.5,11.5,11.5,200,2021-12-27 20:21:00,GSKY
11.495,11.495,11.49,11.49,294,2021-12-27 20:22:00,GSKY
11.5,11.5,11.5,11.5,200,2021-12-27 20:24:00,GSKY
11.4924,11.4924,11.49,11.49,399,2021-12-27 20:25:00,GSKY
11.5,11.5,11.5,11.5,300,2021-12-27 20:26:00,GSKY
11.495,11.495,11.495,11.495,100,2021-12-27 20:27:00,GSKY
11.5,11.5,11.495,11.495,300,2021-12-27 20:29:00,GSKY
11.5,11.5,11.495,11.495,400,2021-12-27 20:30:00,GSKY
11.5,11.5,11.49,11.49,800,2021-12-27 20:31:00,GSKY
11.4945,11.5,11.4945,11.495,500,2021-12-27 20:32:00,GSKY
11.5,11.5,11.49,11.5,598,2021-12-27 20:33:00,GSKY
11.49,11.5,11.49,11.5,400,2021-12-27 20:34:00,GSKY
11.49,11.49,11.49,11.49,2576,2021-12-27 20:35:00,GSKY
11.495,11.495,11.495,11.495,200,2021-12-27 20:36:00,GSKY
11.49,11.49,11.49,11.49,3800,2021-12-27 20:37:00,GSKY
11.485,11.485,11.485,11.485,317,2021-12-27 20:38:00,GSKY
11.485,11.49,11.485,11.49,400,2021-12-27 20:39:00,GSKY
11.48,11.48,11.48,11.48,200,2021-12-27 20:40:00,GSKY
11.48,11.5,11.48,11.5,4567,2021-12-27 20:41:00,GSKY
11.5,11.51,11.5,11.505,1600,2021-12-27 20:42:00,GSKY
11.505,11.505,11.505,11.505,200,2021-12-27 20:43:00,GSKY
11.51,11.51,11.51,11.51,200,2021-12-27 20:44:00,GSKY
11.51,11.51,11.5,11.5,800,2021-12-27 20:45:00,GSKY
11.51,11.52,11.5,11.52,5870,2021-12-27 20:46:00,GSKY
11.52,11.52,11.515,11.515,400,2021-12-27 20:47:00,GSKY
11.52,11.52,11.51,11.51,900,2021-12-27 20:48:00,GSKY
11.52,11.52,11.51,11.51,1100,2021-12-27 20:49:00,GSKY
11.51,11.52,11.51,11.51,1900,2021-12-27 20:50:00,GSKY
11.52,11.52,11.515,11.515,3100,2021-12-27 20:51:00,GSKY
11.515,11.52,11.51,11.51,2199,2021-12-27 20:52:00,GSKY
11.52,11.52,11.51,11.52,2000,2021-12-27 20:53:00,GSKY
11.52,11.52,11.51,11.52,1941,2021-12-27 20:54:00,GSKY
11.52,11.52,11.51,11.51,3823,2021-12-27 20:55:00,GSKY
11.52,11.52,11.51,11.52,1900,2021-12-27 20:56:00,GSKY
11.51,11.52,11.51,11.52,3783,2021-12-27 20:57:00,GSKY
11.52,11.52,11.5,11.5,15302,2021-12-27 20:58:00,GSKY
11.5,11.51,11.5,11.51,23386,2021-12-27 20:59:00,GSKY
11.51,11.51,11.51,11.51,20170,2021-12-27 21:00:00,GSKY
11.46,11.56,11.46,11.56,4218,2021-12-28 14:30:00,GSKY
11.545,11.55,11.545,11.55,1101,2021-12-28 14:31:00,GSKY
11.54,11.54,11.54,11.54,2200,2021-12-28 14:32:00,GSKY
11.54,11.54,11.54,11.54,1291,2021-12-28 14:33:00,GSKY
11.59,11.61,11.59,11.6,1100,2021-12-28 14:37:00,GSKY
11.57,11.57,11.56,11.56,1767,2021-12-28 14:39:00,GSKY
11.58,11.6,11.58,11.6,300,2021-12-28 14:40:00,GSKY
11.61,11.61,11.6,11.6,1300,2021-12-28 14:41:00,GSKY
11.615,11.615,11.57,11.57,2400,2021-12-28 14:42:00,GSKY
11.58,11.58,11.56,11.57,4725,2021-12-28 14:43:00,GSKY
11.565,11.57,11.565,11.57,200,2021-12-28 14:44:00,GSKY
11.58,11.58,11.565,11.565,3001,2021-12-28 14:45:00,GSKY
11.56,11.565,11.56,11.565,400,2021-12-28 14:46:00,GSKY
11.56,11.56,11.55,11.55,2525,2021-12-28 14:47:00,GSKY
11.54,11.55,11.54,11.55,3332,2021-12-28 14:48:00,GSKY
11.54,11.54,11.53,11.53,500,2021-12-28 14:49:00,GSKY
11.54,11.54,11.5399,11.5399,1867,2021-12-28 14:50:00,GSKY
11.54,11.54,11.54,11.54,100,2021-12-28 14:52:00,GSKY
11.55,11.55,11.55,11.55,100,2021-12-28 14:53:00,GSKY
11.57,11.57,11.57,11.57,630,2021-12-28 14:55:00,GSKY
11.595,11.595,11.595,11.595,200,2021-12-28 14:58:00,GSKY
11.59,11.59,11.59,11.59,2600,2021-12-28 14:59:00,GSKY
11.57,11.58,11.57,11.58,2044,2021-12-28 15:00:00,GSKY
11.59,11.6,11.59,11.6,300,2021-12-28 15:01:00,GSKY
11.6,11.6,11.6,11.6,100,2021-12-28 15:02:00,GSKY
11.6,11.6,11.595,11.595,300,2021-12-28 15:03:00,GSKY
11.61,11.61,11.61,11.61,100,2021-12-28 15:05:00,GSKY
11.6,11.6,11.59,11.59,200,2021-12-28 15:07:00,GSKY
11.5795,11.5795,11.57,11.57,1766,2021-12-28 15:09:00,GSKY
11.57,11.58,11.57,11.58,3216,2021-12-28 15:10:00,GSKY
11.59,11.595,11.59,11.59,800,2021-12-28 15:11:00,GSKY
11.6,11.6,11.6,11.6,200,2021-12-28 15:12:00,GSKY
11.58,11.58,11.58,11.58,100,2021-12-28 15:14:00,GSKY
11.58,11.58,11.58,11.58,300,2021-12-28 15:15:00,GSKY
11.58,11.58,11.58,11.58,200,2021-12-28 15:17:00,GSKY
11.57,11.57,11.57,11.57,801,2021-12-28 15:20:00,GSKY
11.58,11.58,11.57,11.57,3866,2021-12-28 15:21:00,GSKY
11.58,11.58,11.58,11.58,2371,2021-12-28 15:22:00,GSKY
11.57,11.58,11.5699,11.58,2425,2021-12-28 15:28:00,GSKY
11.58,11.58,11.58,11.58,2198,2021-12-28 15:32:00,GSKY
11.58,11.58,11.58,11.58,3300,2021-12-28 15:33:00,GSKY
11.58,11.58,11.55,11.55,3663,2021-12-28 15:36:00,GSKY
11.55,11.56,11.55,11.56,1370,2021-12-28 15:37:00,GSKY
11.55,11.55,11.55,11.55,100,2021-12-28 15:38:00,GSKY
11.545,11.55,11.545,11.55,300,2021-12-28 15:39:00,GSKY
11.54,11.54,11.54,11.54,100,2021-12-28 15:41:00,GSKY
11.54,11.55,11.54,11.55,3326,2021-12-28 15:43:00,GSKY
11.55,11.55,11.55,11.55,10090,2021-12-28 15:44:00,GSKY
11.55,11.55,11.5402,11.5402,4800,2021-12-28 15:45:00,GSKY
11.55,11.55,11.55,11.55,711,2021-12-28 15:46:00,GSKY
11.5401,11.5401,11.54,11.54,2100,2021-12-28 15:49:00,GSKY
11.54,11.54,11.54,11.54,300,2021-12-28 15:50:00,GSKY
11.54,11.54,11.54,11.54,400,2021-12-28 15:52:00,GSKY
11.5302,11.5302,11.5302,11.5302,100,2021-12-28 15:53:00,GSKY
11.53,11.5301,11.53,11.5301,3167,2021-12-28 15:54:00,GSKY
11.5273,11.53,11.5273,11.53,1800,2021-12-28 15:57:00,GSKY
11.52,11.52,11.52,11.52,4341,2021-12-28 16:05:00,GSKY
11.5123,11.52,11.5123,11.5199,5019,2021-12-28 16:06:00,GSKY
11.5125,11.5125,11.5125,11.5125,100,2021-12-28 16:09:00,GSKY
11.52,11.52,11.52,11.52,100,2021-12-28 16:10:00,GSKY
11.51,11.51,11.51,11.51,100,2021-12-28 16:11:00,GSKY
11.52,11.52,11.52,11.52,2700,2021-12-28 16:12:00,GSKY
11.51,11.51,11.51,11.51,700,2021-12-28 16:14:00,GSKY
11.512,11.512,11.5,11.5,4324,2021-12-28 16:15:00,GSKY
11.51,11.51,11.51,11.51,2200,2021-12-28 16:16:00,GSKY
11.5,11.5,11.5,11.5,400,2021-12-28 16:17:00,GSKY
11.4993,11.4993,11.495,11.495,393,2021-12-28 16:19:00,GSKY
11.5,11.5,11.5,11.5,1069,2021-12-28 16:21:00,GSKY
11.5001,11.5001,11.49,11.49,2366,2021-12-28 16:26:00,GSKY
11.49,11.49,11.49,11.49,900,2021-12-28 16:27:00,GSKY
11.5,11.5,11.5,11.5,2000,2021-12-28 16:29:00,GSKY
11.51,11.51,11.51,11.51,400,2021-12-28 16:30:00,GSKY
11.5099,11.51,11.5099,11.51,3370,2021-12-28 16:32:00,GSKY
11.52,11.52,11.52,11.52,100,2021-12-28 16:34:00,GSKY
11.53,11.53,11.53,11.53,200,2021-12-28 16:36:00,GSKY
11.53,11.53,11.53,11.53,2200,2021-12-28 16:41:00,GSKY
11.5302,11.5302,11.53,11.53,200,2021-12-28 16:42:00,GSKY
11.53,11.53,11.53,11.53,1500,2021-12-28 16:44:00,GSKY
11.53,11.53,11.53,11.53,100,2021-12-28 16:45:00,GSKY
11.54,11.54,11.535,11.535,200,2021-12-28 16:50:00,GSKY
11.54,11.5415,11.54,11.5415,3166,2021-12-28 16:51:00,GSKY
11.55,11.55,11.55,11.55,100,2021-12-28 16:53:00,GSKY
11.54,11.54,11.54,11.54,3333,2021-12-28 16:57:00,GSKY
11.5402,11.5402,11.5402,11.5402,100,2021-12-28 17:01:00,GSKY
11.54,11.54,11.54,11.54,300,2021-12-28 17:02:00,GSKY
11.5347,11.5347,11.53,11.53,600,2021-12-28 17:06:00,GSKY
11.53,11.53,11.53,11.53,6200,2021-12-28 17:08:00,GSKY
11.52,11.52,11.52,11.52,300,2021-12-28 17:12:00,GSKY
11.5102,11.5102,11.5102,11.5102,100,2021-12-28 17:13:00,GSKY
11.51,11.51,11.5,11.5,1197,2021-12-28 17:15:00,GSKY
11.5,11.5,11.49,11.49,800,2021-12-28 17:17:00,GSKY
11.5,11.5,11.5,11.5,480,2021-12-28 17:18:00,GSKY
11.5,11.5,11.5,11.5,200,2021-12-28 17:19:00,GSKY
11.5,11.5,11.5,11.5,100,2021-12-28 17:24:00,GSKY
11.49,11.49,11.48,11.48,4827,2021-12-28 17:28:00,GSKY
11.48,11.48,11.48,11.48,6090,2021-12-28 17:29:00,GSKY
11.475,11.475,11.475,11.475,100,2021-12-28 17:31:00,GSKY
11.46,11.4602,11.46,11.4602,200,2021-12-28 17:34:00,GSKY
11.46,11.46,11.46,11.46,100,2021-12-28 17:35:00,GSKY
11.47,11.475,11.47,11.475,2356,2021-12-28 17:39:00,GSKY
11.4702,11.4702,11.47,11.47,4267,2021-12-28 17:40:00,GSKY
11.47,11.47,11.47,11.47,500,2021-12-28 17:41:00,GSKY
11.47,11.47,11.47,11.47,700,2021-12-28 17:44:00,GSKY
11.48,11.48,11.47,11.48,900,2021-12-28 17:45:00,GSKY
11.47,11.47,11.47,11.47,2338,2021-12-28 17:49:00,GSKY
11.48,11.48,11.48,11.48,7164,2021-12-28 17:51:00,GSKY
11.49,11.49,11.49,11.49,200,2021-12-28 17:55:00,GSKY
11.5,11.5,11.5,11.5,300,2021-12-28 18:01:00,GSKY
11.495,11.5,11.49,11.5,1397,2021-12-28 18:04:00,GSKY
11.4904,11.4904,11.4904,11.4904,660,2021-12-28 18:06:00,GSKY
11.49,11.49,11.49,11.49,100,2021-12-28 18:11:00,GSKY
11.5,11.5,11.5,11.5,100,2021-12-28 18:12:00,GSKY
11.49,11.49,11.49,11.49,200,2021-12-28 18:21:00,GSKY
11.4913,11.4913,11.4913,11.4913,3000,2021-12-28 18:33:00,GSKY
11.49,11.49,11.49,11.49,200,2021-12-28 18:36:00,GSKY
11.5,11.5,11.5,11.5,100,2021-12-28 18:40:00,GSKY
11.5,11.5,11.5,11.5,1700,2021-12-28 18:42:00,GSKY
11.51,11.51,11.51,11.51,300,2021-12-28 18:50:00,GSKY
11.52,11.52,11.52,11.52,1300,2021-12-28 18:52:00,GSKY
11.53,11.53,11.53,11.53,100,2021-12-28 18:58:00,GSKY
11.53,11.53,11.525,11.525,2542,2021-12-28 19:00:00,GSKY
11.52,11.53,11.52,11.53,1800,2021-12-28 19:01:00,GSKY
11.521,11.521,11.521,11.521,1398,2021-12-28 19:03:00,GSKY
11.52,11.52,11.51,11.51,1200,2021-12-28 19:04:00,GSKY
11.51,11.51,11.51,11.51,300,2021-12-28 19:05:00,GSKY
11.515,11.515,11.515,11.515,435,2021-12-28 19:08:00,GSKY
11.515,11.515,11.515,11.515,503,2021-12-28 19:13:00,GSKY
11.52,11.52,11.52,11.52,100,2021-12-28 19:15:00,GSKY
11.5195,11.52,11.5195,11.52,1434,2021-12-28 19:17:00,GSKY
11.525,11.525,11.525,11.525,100,2021-12-28 19:18:00,GSKY
11.53,11.53,11.525,11.525,200,2021-12-28 19:19:00,GSKY
11.525,11.53,11.525,11.53,400,2021-12-28 19:21:00,GSKY
11.53,11.5301,11.53,11.5301,1767,2021-12-28 19:23:00,GSKY
11.53,11.53,11.52,11.52,6923,2021-12-28 19:24:00,GSKY
11.53,11.53,11.53,11.53,200,2021-12-28 19:33:00,GSKY
11.525,11.525,11.525,11.525,100,2021-12-28 19:37:00,GSKY
11.53,11.53,11.53,11.53,100,2021-12-28 19:41:00,GSKY
11.52,11.53,11.52,11.53,255,2021-12-28 19:45:00,GSKY
11.53,11.53,11.53,11.53,2066,2021-12-28 19:47:00,GSKY
11.54,11.54,11.54,11.54,200,2021-12-28 19:49:00,GSKY
11.54,11.54,11.54,11.54,200,2021-12-28 19:52:00,GSKY
11.54,11.54,11.54,11.54,100,2021-12-28 19:56:00,GSKY
11.54,11.54,11.54,11.54,100,2021-12-28 19:59:00,GSKY
11.53,11.53,11.53,11.53,100,2021-12-28 20:00:00,GSKY
11.53,11.53,11.53,11.53,554,2021-12-28 20:05:00,GSKY
11.54,11.54,11.54,11.54,100,2021-12-28 20:08:00,GSKY
11.54,11.545,11.54,11.545,200,2021-12-28 20:14:00,GSKY
11.55,11.55,11.55,11.55,100,2021-12-28 20:19:00,GSKY
11.54,11.54,11.54,11.54,400,2021-12-28 20:20:00,GSKY
11.54,11.54,11.54,11.54,105,2021-12-28 20:21:00,GSKY
11.54,11.54,11.54,11.54,500,2021-12-28 20:25:00,GSKY
11.55,11.55,11.54,11.54,400,2021-12-28 20:26:00,GSKY
11.54,11.54,11.54,11.54,501,2021-12-28 20:33:00,GSKY
11.53,11.53,11.53,11.53,500,2021-12-28 20:34:00,GSKY
11.535,11.535,11.53,11.53,959,2021-12-28 20:38:00,GSKY
11.535,11.535,11.535,11.535,100,2021-12-28 20:39:00,GSKY
11.535,11.535,11.53,11.53,685,2021-12-28 20:40:00,GSKY
11.53,11.53,11.53,11.53,600,2021-12-28 20:41:00,GSKY
11.54,11.54,11.53,11.53,6050,2021-12-28 20:42:00,GSKY
11.54,11.54,11.54,11.54,200,2021-12-28 20:43:00,GSKY
11.54,11.54,11.535,11.535,200,2021-12-28 20:44:00,GSKY
11.54,11.54,11.54,11.54,100,2021-12-28 20:45:00,GSKY
11.54,11.55,11.5395,11.55,10606,2021-12-28 20:46:00,GSKY
11.55,11.55,11.54,11.55,2866,2021-12-28 20:47:00,GSKY
11.54,11.54,11.54,11.54,3500,2021-12-28 20:48:00,GSKY
11.54,11.54,11.54,11.54,200,2021-12-28 20:49:00,GSKY
11.54,11.54,11.52,11.52,7557,2021-12-28 20:50:00,GSKY
11.515,11.515,11.51,11.51,2100,2021-12-28 20:51:00,GSKY
11.51,11.51,11.5,11.51,18047,2021-12-28 20:52:00,GSKY
11.51,11.51,11.51,11.51,500,2021-12-28 20:53:00,GSKY
11.515,11.515,11.51,11.51,5920,2021-12-28 20:54:00,GSKY
11.515,11.515,11.51,11.51,2100,2021-12-28 20:55:00,GSKY
11.515,11.515,11.51,11.51,4163,2021-12-28 20:56:00,GSKY
11.51,11.515,11.51,11.51,4966,2021-12-28 20:57:00,GSKY
11.515,11.52,11.51,11.51,1700,2021-12-28 20:58:00,GSKY
11.515,11.52,11.5,11.51,10389,2021-12-28 20:59:00,GSKY
11.51,11.51,11.49,11.49,18506,2021-12-28 21:00:00,GSKY
11.53,11.53,11.53,11.53,1131,2021-12-29 14:30:00,GSKY
11.5,11.5,11.49,11.49,300,2021-12-29 14:31:00,GSKY
11.48,11.49,11.48,11.49,1200,2021-12-29 14:32:00,GSKY
11.49,11.5,11.47,11.49,1900,2021-12-29 14:33:00,GSKY
11.53,11.54,11.53,11.54,200,2021-12-29 14:34:00,GSKY
11.55,11.56,11.55,11.56,1100,2021-12-29 14:35:00,GSKY
11.56,11.56,11.56,11.56,300,2021-12-29 14:36:00,GSKY
11.535,11.535,11.535,11.535,100,2021-12-29 14:37:00,GSKY
11.5,11.51,11.5,11.51,1000,2021-12-29 14:38:00,GSKY
11.53,11.53,11.53,11.53,100,2021-12-29 14:40:00,GSKY
11.55,11.55,11.55,11.55,300,2021-12-29 14:41:00,GSKY
11.54,11.54,11.53,11.53,500,2021-12-29 14:42:00,GSKY
11.52,11.52,11.49,11.49,3147,2021-12-29 14:43:00,GSKY
11.5,11.5,11.5,11.5,1667,2021-12-29 14:44:00,GSKY
11.5,11.5,11.4996,11.5,2767,2021-12-29 14:45:00,GSKY
11.5,11.5,11.48,11.48,2966,2021-12-29 14:47:00,GSKY
11.455,11.455,11.455,11.455,100,2021-12-29 14:48:00,GSKY
11.46,11.46,11.46,11.46,200,2021-12-29 14:49:00,GSKY
11.45,11.46,11.45,11.46,2600,2021-12-29 14:50:00,GSKY
11.46,11.46,11.46,11.46,100,2021-12-29 14:51:00,GSKY
11.475,11.475,11.47,11.47,300,2021-12-29 14:52:00,GSKY
11.49,11.49,11.49,11.49,125,2021-12-29 14:54:00,GSKY
11.46,11.46,11.46,11.46,800,2021-12-29 14:58:00,GSKY
11.47,11.47,11.47,11.47,100,2021-12-29 14:59:00,GSKY
11.46,11.46,11.46,11.46,1300,2021-12-29 15:01:00,GSKY
11.47,11.47,11.46,11.465,1767,2021-12-29 15:02:00,GSKY
11.47,11.47,11.47,11.47,200,2021-12-29 15:03:00,GSKY
11.465,11.47,11.46,11.46,2100,2021-12-29 15:06:00,GSKY
11.455,11.465,11.45,11.455,1100,2021-12-29 15:07:00,GSKY
11.45,11.45,11.445,11.445,300,2021-12-29 15:08:00,GSKY
11.445,11.455,11.445,11.455,635,2021-12-29 15:09:00,GSKY
11.45,11.45,11.45,11.45,200,2021-12-29 15:10:00,GSKY
11.43,11.43,11.43,11.43,400,2021-12-29 15:12:00,GSKY
11.42,11.42,11.41,11.41,700,2021-12-29 15:13:00,GSKY
11.43,11.43,11.4284,11.4284,395,2021-12-29 15:14:00,GSKY
11.425,11.425,11.425,11.425,200,2021-12-29 15:16:00,GSKY
11.43,11.43,11.43,11.43,200,2021-12-29 15:17:00,GSKY
11.44,11.44,11.44,11.44,2274,2021-12-29 15:18:00,GSKY
11.445,11.46,11.445,11.46,216,2021-12-29 15:19:00,GSKY
11.46,11.46,11.46,11.46,300,2021-12-29 15:21:00,GSKY
11.46,11.46,11.45,11.45,2553,2021-12-29 15:22:00,GSKY
11.45,11.45,11.45,11.45,1002,2021-12-29 15:23:00,GSKY
11.46,11.46,11.4599,11.4599,1767,2021-12-29 15:24:00,GSKY
11.455,11.455,11.455,11.455,100,2021-12-29 15:25:00,GSKY
11.45,11.45,11.445,11.445,2046,2021-12-29 15:26:00,GSKY
11.45,11.45,11.45,11.45,400,2021-12-29 15:27:00,GSKY
11.45,11.46,11.45,11.46,300,2021-12-29 15:28:00,GSKY
11.46,11.465,11.45,11.465,3067,2021-12-29 15:29:00,GSKY
11.47,11.47,11.46,11.47,8037,2021-12-29 15:30:00,GSKY
11.48,11.48,11.48,11.48,1300,2021-12-29 15:31:00,GSKY
11.475,11.475,11.475,11.475,200,2021-12-29 15:32:00,GSKY
11.47,11.4701,11.47,11.4701,1766,2021-12-29 15:33:00,GSKY
11.48,11.49,11.48,11.49,1702,2021-12-29 15:34:00,GSKY
11.48,11.48,11.475,11.475,1200,2021-12-29 15:35:00,GSKY
11.47,11.47,11.47,11.47,200,2021-12-29 15:36:00,GSKY
11.47,11.47,11.465,11.465,800,2021-12-29 15:37:00,GSKY
11.47,11.475,11.47,11.47,900,2021-12-29 15:38:00,GSKY
11.47,11.47,11.47,11.47,600,2021-12-29 15:39:00,GSKY
11.46,11.47,11.46,11.47,2500,2021-12-29 15:40:00,GSKY
11.48,11.48,11.48,11.48,100,2021-12-29 15:42:00,GSKY
11.48,11.48,11.48,11.48,300,2021-12-29 15:43:00,GSKY
11.47,11.48,11.47,11.48,410,2021-12-29 15:44:00,GSKY
11.47,11.48,11.47,11.47,700,2021-12-29 15:45:00,GSKY
11.47,11.47,11.47,11.47,1400,2021-12-29 15:46:00,GSKY
11.47,11.47,11.47,11.47,100,2021-12-29 15:47:00,GSKY
11.47,11.47,11.47,11.47,100,2021-12-29 15:50:00,GSKY
11.47,11.47,11.45,11.46,5613,2021-12-29 15:51:00,GSKY
11.46,11.465,11.46,11.465,2353,2021-12-29 15:52:00,GSKY
11.47,11.47,11.45,11.45,22747,2021-12-29 15:55:00,GSKY
11.45,11.465,11.45,11.465,7800,2021-12-29 15:56:00,GSKY
11.47,11.47,11.47,11.47,320,2021-12-29 15:57:00,GSKY
11.47,11.47,11.47,11.47,300,2021-12-29 15:58:00,GSKY
11.485,11.485,11.48,11.48,400,2021-12-29 15:59:00,GSKY
11.4901,11.4901,11.4901,11.4901,137,2021-12-29 16:01:00,GSKY
11.5,11.5,11.5,11.5,1700,2021-12-29 16:02:00,GSKY
11.51,11.51,11.505,11.505,500,2021-12-29 16:08:00,GSKY
11.51,11.51,11.51,11.51,200,2021-12-29 16:09:00,GSKY
11.5,11.5,11.495,11.495,1912,2021-12-29 16:11:00,GSKY
11.495,11.495,11.495,11.495,100,2021-12-29 16:15:00,GSKY
11.495,11.495,11.49,11.49,200,2021-12-29 16:20:00,GSKY
11.49,11.49,11.49,11.49,300,2021-12-29 16:21:00,GSKY
11.5,11.5,11.5,11.5,100,2021-12-29 16:22:00,GSKY
11.495,11.495,11.495,11.495,110,2021-12-29 16:23:00,GSKY
11.5,11.5,11.5,11.5,100,2021-12-29 16:24:00,GSKY
11.49,11.49,11.49,11.49,100,2021-12-29 16:25:00,GSKY
11.5,11.5,11.5,11.5,100,2021-12-29 16:26:00,GSKY
11.495,11.495,11.48,11.48,5709,2021-12-29 16:28:00,GSKY
11.48,11.48,11.47,11.47,1000,2021-12-29 16:29:00,GSKY
11.47,11.47,11.47,11.47,3967,2021-12-29 16:30:00,GSKY
11.46,11.46,11.46,11.46,1800,2021-12-29 16:36:00,GSKY
11.455,11.455,11.455,11.455,300,2021-12-29 16:37:00,GSKY
11.455,11.455,11.455,11.455,100,2021-12-29 16:39:00,GSKY
11.45,11.45,11.45,11.45,1000,2021-12-29 16:41:00,GSKY
11.46,11.4601,11.46,11.4601,7851,2021-12-29 16:42:00,GSKY
11.47,11.47,11.465,11.47,536,2021-12-29 16:44:00,GSKY
11.47,11.475,11.47,11.475,700,2021-12-29 16:45:00,GSKY
11.47,11.47,11.465,11.465,622,2021-12-29 16:46:00,GSKY
11.47,11.4701,11.47,11.47,3949,2021-12-29 16:47:00,GSKY
11.47,11.475,11.47,11.475,500,2021-12-29 16:48:00,GSKY
11.475,11.475,11.475,11.475,100,2021-12-29 16:50:00,GSKY
11.48,11.48,11.48,11.48,200,2021-12-29 16:51:00,GSKY
11.47,11.47,11.47,11.47,200,2021-12-29 16:52:00,GSKY
11.475,11.48,11.475,11.48,400,2021-12-29 16:56:00,GSKY
11.4706,11.4706,11.4706,11.4706,506,2021-12-29 16:59:00,GSKY
11.47,11.47,11.47,11.47,100,2021-12-29 17:00:00,GSKY
11.475,11.48,11.475,11.48,1568,2021-12-29 17:02:00,GSKY
11.48,11.49,11.48,11.485,1600,2021-12-29 17:03:00,GSKY
11.49,11.49,11.49,11.49,100,2021-12-29 17:04:00,GSKY
11.48,11.48,11.48,11.48,100,2021-12-29 17:05:00,GSKY
11.48,11.48,11.48,11.48,300,2021-12-29 17:09:00,GSKY
11.49,11.49,11.49,11.49,200,2021-12-29 17:10:00,GSKY
11.49,11.49,11.49,11.49,200,2021-12-29 17:11:00,GSKY
11.48,11.485,11.48,11.485,300,2021-12-29 17:14:00,GSKY
11.48,11.48,11.475,11.475,300,2021-12-29 17:18:00,GSKY
11.475,11.475,11.475,11.475,100,2021-12-29 17:21:00,GSKY
11.48,11.48,11.48,11.48,300,2021-12-29 17:26:00,GSKY
11.48,11.48,11.47,11.47,2966,2021-12-29 17:28:00,GSKY
11.47,11.47,11.47,11.47,200,2021-12-29 17:29:00,GSKY
11.48,11.48,11.4799,11.4799,1767,2021-12-29 17:30:00,GSKY
11.48,11.48,11.48,11.48,1767,2021-12-29 17:31:00,GSKY
11.48,11.48,11.48,11.48,400,2021-12-29 17:32:00,GSKY
11.48,11.48,11.48,11.48,100,2021-12-29 17:33:00,GSKY
11.48,11.485,11.48,11.485,300,2021-12-29 17:34:00,GSKY
11.48,11.48,11.48,11.48,100,2021-12-29 17:35:00,GSKY
11.49,11.49,11.485,11.485,200,2021-12-29 17:36:00,GSKY
11.49,11.49,11.49,11.49,100,2021-12-29 17:37:00,GSKY
11.49,11.49,11.49,11.49,100,2021-12-29 17:38:00,GSKY
11.49,11.49,11.49,11.49,100,2021-12-29 17:40:00,GSKY
11.485,11.485,11.485,11.485,200,2021-12-29 17:41:00,GSKY
11.487,11.487,11.487,11.487,500,2021-12-29 17:42:00,GSKY
11.49,11.49,11.49,11.49,200,2021-12-29 17:46:00,GSKY
11.49,11.49,11.49,11.49,100,2021-12-29 17:48:00,GSKY
11.49,11.49,11.49,11.49,300,2021-12-29 17:49:00,GSKY
11.495,11.495,11.495,11.495,100,2021-12-29 17:51:00,GSKY
11.5,11.5,11.5,11.5,200,2021-12-29 17:55:00,GSKY
11.5,11.5,11.5,11.5,249,2021-12-29 17:56:00,GSKY
11.5,11.5,11.5,11.5,10367,2021-12-29 17:57:00,GSKY
11.5005,11.5005,11.5,11.5,2567,2021-12-29 17:59:00,GSKY
11.5,11.5,11.5,11.5,100,2021-12-29 18:01:00,GSKY
11.505,11.51,11.505,11.51,400,2021-12-29 18:02:00,GSKY
11.5,11.5,11.5,11.5,100,2021-12-29 18:03:00,GSKY
11.51,11.51,11.51,11.51,100,2021-12-29 18:04:00,GSKY
11.51,11.51,11.505,11.505,282,2021-12-29 18:06:00,GSKY
11.5,11.5,11.5,11.5,200,2021-12-29 18:07:00,GSKY
11.505,11.505,11.505,11.505,200,2021-12-29 18:08:00,GSKY
11.51,11.51,11.51,11.51,100,2021-12-29 18:09:00,GSKY
11.51,11.51,11.5,11.5,436,2021-12-29 18:11:00,GSKY
11.51,11.51,11.51,11.51,100,2021-12-29 18:13:00,GSKY
11.51,11.51,11.51,11.51,100,2021-12-29 18:14:00,GSKY
11.51,11.51,11.51,11.51,100,2021-12-29 18:16:00,GSKY
11.5,11.5,11.5,11.5,167,2021-12-29 18:18:00,GSKY
11.505,11.505,11.5,11.5,200,2021-12-29 18:19:00,GSKY
11.51,11.51,11.51,11.51,100,2021-12-29 18:20:00,GSKY
11.505,11.505,11.505,11.505,500,2021-12-29 18:22:00,GSKY
11.505,11.505,11.5,11.5,4299,2021-12-29 18:24:00,GSKY
11.5,11.5,11.5,11.5,100,2021-12-29 18:25:00,GSKY
11.505,11.51,11.505,11.51,654,2021-12-29 18:26:00,GSKY
11.5,11.5,11.5,11.5,200,2021-12-29 18:27:00,GSKY
11.505,11.505,11.505,11.505,100,2021-12-29 18:28:00,GSKY
11.505,11.505,11.505,11.505,100,2021-12-29 18:29:00,GSKY
11.51,11.51,11.51,11.51,110,2021-12-29 18:30:00,GSKY
11.5,11.505,11.5,11.505,300,2021-12-29 18:32:00,GSKY
11.505,11.505,11.505,11.505,100,2021-12-29 18:33:00,GSKY
11.5,11.5,11.5,11.5,206,2021-12-29 18:36:00,GSKY
11.5,11.5,11.49,11.49,4534,2021-12-29 18:37:00,GSKY
11.49,11.49,11.49,11.49,100,2021-12-29 18:38:00,GSKY
11.49,11.49,11.49,11.49,100,2021-12-29 18:40:00,GSKY
11.495,11.495,11.495,11.495,100,2021-12-29 18:41:00,GSKY
11.495,11.5,11.495,11.5,829,2021-12-29 18:45:00,GSKY
11.5,11.5,11.5,11.5,100,2021-12-29 18:47:00,GSKY
11.5,11.5,11.5,11.5,100,2021-12-29 18:48:00,GSKY
11.49,11.495,11.49,11.495,300,2021-12-29 18:50:00,GSKY
11.495,11.495,11.495,11.495,100,2021-12-29 18:52:00,GSKY
11.495,11.495,11.49,11.495,1248,2021-12-29 18:53:00,GSKY
11.4925,11.4925,11.4925,11.4925,200,2021-12-29 18:54:00,GSKY
11.4939,11.4939,11.4939,11.4939,100,2021-12-29 18:57:00,GSKY
11.49,11.5,11.49,11.5,500,2021-12-29 18:58:00,GSKY
11.5,11.5,11.5,11.5,100,2021-12-29 19:00:00,GSKY
11.5,11.5,11.495,11.5,700,2021-12-29 19:03:00,GSKY
11.495,11.495,11.495,11.495,200,2021-12-29 19:04:00,GSKY
11.5,11.5,11.5,11.5,100,2021-12-29 19:07:00,GSKY
11.5,11.5,11.5,11.5,100,2021-12-29 19:09:00,GSKY
11.5,11.5,11.495,11.5,500,2021-12-29 19:11:00,GSKY
11.495,11.495,11.495,11.495,100,2021-12-29 19:12:00,GSKY
11.495,11.495,11.495,11.495,100,2021-12-29 19:14:00,GSKY
11.5,11.5,11.5,11.5,100,2021-12-29 19:16:00,GSKY
11.49,11.495,11.49,11.495,200,2021-12-29 19:17:00,GSKY
11.49,11.495,11.49,11.495,200,2021-12-29 19:18:00,GSKY
11.495,11.5,11.495,11.5,200,2021-12-29 19:21:00,GSKY
11.495,11.495,11.495,11.495,100,2021-12-29 19:23:00,GSKY
11.5,11.5,11.5,11.5,100,2021-12-29 19:26:00,GSKY
11.5,11.5,11.49,11.49,4400,2021-12-29 19:27:00,GSKY
11.495,11.495,11.495,11.495,200,2021-12-29 19:29:00,GSKY
11.5,11.5,11.5,11.5,600,2021-12-29 19:33:00,GSKY
11.5,11.5,11.5,11.5,100,2021-12-29 19:34:00,GSKY
11.5,11.5,11.495,11.5,400,2021-12-29 19:35:00,GSKY
11.5,11.5,11.5,11.5,100,2021-12-29 19:36:00,GSKY
11.5,11.5,11.5,11.5,200,2021-12-29 19:37:00,GSKY
11.5,11.5,11.5,11.5,100,2021-12-29 19:38:00,GSKY
11.49,11.495,11.49,11.495,300,2021-12-29 19:40:00,GSKY
11.495,11.5,11.495,11.5,200,2021-12-29 19:41:00,GSKY
11.5,11.5,11.5,11.5,100,2021-12-29 19:43:00,GSKY
11.5,11.5,11.5,11.5,100,2021-12-29 19:44:00,GSKY
11.5,11.5,11.495,11.495,200,2021-12-29 19:45:00,GSKY
11.5,11.5,11.5,11.5,100,2021-12-29 19:46:00,GSKY
11.5,11.5,11.5,11.5,100,2021-12-29 19:47:00,GSKY
11.5,11.5,11.5,11.5,100,2021-12-29 19:49:00,GSKY
11.5,11.5,11.5,11.5,200,2021-12-29 19:50:00,GSKY
11.5,11.5,11.5,11.5,100,2021-12-29 19:52:00,GSKY
11.5,11.5,11.5,11.5,100,2021-12-29 19:54:00,GSKY
11.5,11.5,11.495,11.495,200,2021-12-29 19:55:00,GSKY
11.5,11.5,11.5,11.5,100,2021-12-29 19:57:00,GSKY
11.5,11.5,11.5,11.5,100,2021-12-29 19:59:00,GSKY
11.49,11.49,11.49,11.49,100,2021-12-29 20:00:00,GSKY
11.5,11.5,11.5,11.5,100,2021-12-29 20:02:00,GSKY
11.5,11.5,11.495,11.5,5100,2021-12-29 20:03:00,GSKY
11.495,11.495,11.495,11.495,200,2021-12-29 20:04:00,GSKY
11.5,11.5,11.5,11.5,100,2021-12-29 20:05:00,GSKY
11.5,11.5,11.5,11.5,100,2021-12-29 20:07:00,GSKY
11.5,11.51,11.5,11.51,12144,2021-12-29 20:08:00,GSKY
11.51,11.51,11.51,11.51,300,2021-12-29 20:09:00,GSKY
11.51,11.51,11.51,11.51,700,2021-12-29 20:10:00,GSKY
11.52,11.52,11.51,11.5101,3526,2021-12-29 20:11:00,GSKY
11.515,11.515,11.515,11.515,100,2021-12-29 20:12:00,GSKY
11.52,11.52,11.52,11.52,500,2021-12-29 20:13:00,GSKY
11.52,11.52,11.52,11.52,100,2021-12-29 20:14:00,GSKY
11.52,11.52,11.52,11.52,200,2021-12-29 20:15:00,GSKY
11.52,11.52,11.52,11.52,300,2021-12-29 20:16:00,GSKY
11.515,11.52,11.515,11.52,800,2021-12-29 20:17:00,GSKY
11.515,11.515,11.515,11.515,500,2021-12-29 20:21:00,GSKY
11.515,11.515,11.515,11.515,100,2021-12-29 20:24:00,GSKY
11.515,11.52,11.515,11.52,200,2021-12-29 20:26:00,GSKY
11.52,11.52,11.52,11.52,100,2021-12-29 20:27:00,GSKY
11.515,11.515,11.515,11.515,100,2021-12-29 20:28:00,GSKY
11.515,11.515,11.515,11.515,100,2021-12-29 20:30:00,GSKY
11.52,11.52,11.515,11.515,200,2021-12-29 20:32:00,GSKY
11.515,11.515,11.515,11.515,100,2021-12-29 20:34:00,GSKY
11.52,11.52,11.52,11.52,100,2021-12-29 20:35:00,GSKY
11.515,11.52,11.515,11.515,300,2021-12-29 20:36:00,GSKY
11.515,11.515,11.515,11.515,400,2021-12-29 20:38:00,GSKY
11.515,11.52,11.515,11.52,400,2021-12-29 20:40:00,GSKY
11.51,11.51,11.51,11.51,100,2021-12-29 20:42:00,GSKY
11.515,11.515,11.515,11.515,100,2021-12-29 20:43:00,GSKY
11.515,11.52,11.515,11.52,200,2021-12-29 20:44:00,GSKY
11.52,11.52,11.52,11.52,400,2021-12-29 20:46:00,GSKY
11.515,11.515,11.515,11.515,300,2021-12-29 20:47:00,GSKY
11.515,11.52,11.505,11.505,10206,2021-12-29 20:50:00,GSKY
11.505,11.51,11.505,11.51,500,2021-12-29 20:51:00,GSKY
11.51,11.51,11.5001,11.5001,800,2021-12-29 20:52:00,GSKY
11.505,11.505,11.505,11.505,300,2021-12-29 20:53:00,GSKY
11.505,11.505,11.505,11.505,100,2021-12-29 20:54:00,GSKY
11.505,11.505,11.5,11.5,400,2021-12-29 20:55:00,GSKY
11.505,11.505,11.49,11.49,10180,2021-12-29 20:56:00,GSKY
11.5,11.5,11.495,11.495,1727,2021-12-29 20:57:00,GSKY
11.495,11.495,11.49,11.495,400,2021-12-29 20:58:00,GSKY
11.49,11.51,11.49,11.51,7318,2021-12-29 20:59:00,GSKY
11.49,11.49,11.49,11.49,26768,2021-12-29 21:00:00,GSKY
11.54,11.55,11.54,11.55,952,2021-12-30 14:30:00,GSKY
11.55,11.56,11.55,11.56,12400,2021-12-30 14:31:00,GSKY
11.55,11.55,11.54,11.54,1400,2021-12-30 14:32:00,GSKY
11.54,11.54,11.51,11.54,5391,2021-12-30 14:33:00,GSKY
11.54,11.54,11.52,11.54,3324,2021-12-30 14:34:00,GSKY
11.55,11.56,11.55,11.55,305,2021-12-30 14:35:00,GSKY
11.57,11.58,11.57,11.58,3197,2021-12-30 14:37:00,GSKY
11.58,11.58,11.58,11.58,8600,2021-12-30 14:38:00,GSKY
11.56,11.575,11.56,11.57,2154,2021-12-30 14:39:00,GSKY
11.57,11.58,11.555,11.58,3136,2021-12-30 14:40:00,GSKY
11.585,11.585,11.56,11.56,1350,2021-12-30 14:41:00,GSKY
11.57,11.5701,11.56,11.56,3780,2021-12-30 14:42:00,GSKY
11.55,11.55,11.55,11.55,100,2021-12-30 14:44:00,GSKY
11.56,11.57,11.56,11.57,400,2021-12-30 14:45:00,GSKY
11.57,11.57,11.57,11.57,400,2021-12-30 14:46:00,GSKY
11.57,11.57,11.55,11.55,15100,2021-12-30 14:47:00,GSKY
11.56,11.57,11.5596,11.57,4433,2021-12-30 14:49:00,GSKY
11.59,11.6,11.59,11.59,2366,2021-12-30 14:50:00,GSKY
11.59,11.595,11.585,11.59,3667,2021-12-30 14:51:00,GSKY
11.59,11.59,11.59,11.59,200,2021-12-30 14:52:00,GSKY
11.58,11.58,11.58,11.58,1100,2021-12-30 14:53:00,GSKY
11.57,11.58,11.57,11.58,300,2021-12-30 14:54:00,GSKY
11.58,11.58,11.58,11.58,100,2021-12-30 14:55:00,GSKY
11.57,11.57,11.56,11.56,2000,2021-12-30 14:56:00,GSKY
11.57,11.57,11.555,11.56,4547,2021-12-30 14:57:00,GSKY
11.57,11.57,11.56,11.5687,3374,2021-12-30 14:58:00,GSKY
11.57,11.5701,11.56,11.56,2274,2021-12-30 14:59:00,GSKY
11.56,11.57,11.56,11.57,2767,2021-12-30 15:00:00,GSKY
11.56,11.56,11.56,11.56,900,2021-12-30 15:01:00,GSKY
11.55,11.5501,11.55,11.5501,2467,2021-12-30 15:02:00,GSKY
11.55,11.55,11.55,11.55,300,2021-12-30 15:03:00,GSKY
11.54,11.55,11.535,11.535,2500,2021-12-30 15:04:00,GSKY
11.54,11.545,11.53,11.545,2867,2021-12-30 15:05:00,GSKY
11.55,11.555,11.55,11.555,1886,2021-12-30 15:06:00,GSKY
11.56,11.56,11.56,11.56,500,2021-12-30 15:08:00,GSKY
11.56,11.56,11.55,11.55,300,2021-12-30 15:09:00,GSKY
11.54,11.55,11.54,11.55,2067,2021-12-30 15:10:00,GSKY
11.55,11.555,11.55,11.555,300,2021-12-30 15:11:00,GSKY
11.53,11.53,11.525,11.525,1000,2021-12-30 15:20:00,GSKY
11.53,11.53,11.5292,11.5292,1906,2021-12-30 15:21:00,GSKY
11.53,11.53,11.53,11.53,200,2021-12-30 15:22:00,GSKY
11.53,11.535,11.53,11.53,1966,2021-12-30 15:25:00,GSKY
11.52,11.52,11.52,11.52,942,2021-12-30 15:28:00,GSKY
11.51,11.51,11.51,11.51,500,2021-12-30 15:29:00,GSKY
11.52,11.53,11.52,11.52,4532,2021-12-30 15:30:00,GSKY
11.53,11.53,11.53,11.53,700,2021-12-30 15:33:00,GSKY
11.54,11.54,11.54,11.54,300,2021-12-30 15:34:00,GSKY
11.535,11.535,11.535,11.535,100,2021-12-30 15:35:00,GSKY
11.53,11.53,11.53,11.53,200,2021-12-30 15:36:00,GSKY
11.515,11.515,11.515,11.515,100,2021-12-30 15:37:00,GSKY
11.51,11.5111,11.51,11.51,2428,2021-12-30 15:38:00,GSKY
11.525,11.525,11.515,11.52,3500,2021-12-30 15:45:00,GSKY
11.52,11.52,11.52,11.52,300,2021-12-30 15:46:00,GSKY
11.51,11.51,11.51,11.51,100,2021-12-30 15:47:00,GSKY
11.505,11.505,11.505,11.505,100,2021-12-30 15:48:00,GSKY
11.505,11.505,11.505,11.505,100,2021-12-30 15:50:00,GSKY
11.51,11.51,11.51,11.51,300,2021-12-30 15:51:00,GSKY
11.515,11.515,11.5104,11.5104,1000,2021-12-30 15:52:00,GSKY
11.515,11.515,11.5,11.5,1000,2021-12-30 15:53:00,GSKY
11.51,11.51,11.51,11.51,100,2021-12-30 15:59:00,GSKY
11.52,11.52,11.5188,11.5188,2067,2021-12-30 16:01:00,GSKY
11.52,11.525,11.52,11.525,2236,2021-12-30 16:04:00,GSKY
11.52,11.52,11.52,11.52,204,2021-12-30 16:07:00,GSKY
11.51,11.51,11.51,11.51,100,2021-12-30 16:08:00,GSKY
11.51,11.51,11.51,11.51,400,2021-12-30 16:11:00,GSKY
11.5,11.5,11.495,11.495,1235,2021-12-30 16:20:00,GSKY
11.49,11.49,11.4899,11.49,3051,2021-12-30 16:22:00,GSKY
11.49,11.495,11.49,11.495,500,2021-12-30 16:31:00,GSKY
11.4996,11.4996,11.4996,11.4996,1666,2021-12-30 16:37:00,GSKY
11.4999,11.4999,11.4999,11.4999,1167,2021-12-30 16:47:00,GSKY
11.5,11.505,11.5,11.505,950,2021-12-30 16:52:00,GSKY
11.51,11.51,11.51,11.51,100,2021-12-30 16:53:00,GSKY
11.51,11.51,11.5099,11.5099,1867,2021-12-30 16:54:00,GSKY
11.51,11.51,11.51,11.51,100,2021-12-30 16:55:00,GSKY
11.51,11.51,11.5099,11.51,3058,2021-12-30 16:57:00,GSKY
11.515,11.515,11.515,11.515,100,2021-12-30 17:00:00,GSKY
11.52,11.52,11.52,11.52,100,2021-12-30 17:01:00,GSKY
11.51,11.51,11.51,11.51,1766,2021-12-30 17:13:00,GSKY
11.51,11.51,11.505,11.51,1200,2021-12-30 17:14:00,GSKY
11.51,11.51,11.51,11.51,300,2021-12-30 17:16:00,GSKY
11.5,11.5,11.5,11.5,100,2021-12-30 17:19:00,GSKY
11.5,11.5,11.5,11.5,1720,2021-12-30 17:20:00,GSKY
11.5,11.5,11.49,11.49,7467,2021-12-30 17:22:00,GSKY
11.49,11.495,11.49,11.495,800,2021-12-30 17:23:00,GSKY
11.49,11.49,11.49,11.49,900,2021-12-30 17:25:00,GSKY
11.48,11.48,11.48,11.48,200,2021-12-30 17:27:00,GSKY
11.49,11.49,11.49,11.49,100,2021-12-30 17:30:00,GSKY
11.485,11.485,11.485,11.485,100,2021-12-30 17:40:00,GSKY
11.49,11.49,11.49,11.49,100,2021-12-30 17:49:00,GSKY
11.49,11.49,11.485,11.49,13005,2021-12-30 17:52:00,GSKY
11.485,11.485,11.485,11.485,200,2021-12-30 17:54:00,GSKY
11.49,11.49,11.49,11.49,100,2021-12-30 17:58:00,GSKY
11.49,11.495,11.49,11.49,3722,2021-12-30 18:04:00,GSKY
11.5,11.5,11.5,11.5,100,2021-12-30 18:05:00,GSKY
11.5,11.5,11.495,11.5,5800,2021-12-30 18:07:00,GSKY
11.51,11.51,11.51,11.51,100,2021-12-30 18:08:00,GSKY
11.51,11.51,11.51,11.51,100,2021-12-30 18:09:00,GSKY
11.51,11.51,11.51,11.51,100,2021-12-30 18:10:00,GSKY
11.5,11.5005,11.5,11.5005,709,2021-12-30 18:15:00,GSKY
11.505,11.505,11.505,11.505,200,2021-12-30 18:19:00,GSKY
11.51,11.51,11.51,11.51,1100,2021-12-30 18:21:00,GSKY
11.51,11.51,11.51,11.51,100,2021-12-30 18:22:00,GSKY
11.505,11.505,11.505,11.505,100,2021-12-30 18:26:00,GSKY
11.5,11.5,11.49,11.4903,2830,2021-12-30 18:27:00,GSKY
11.49,11.49,11.49,11.49,2963,2021-12-30 18:34:00,GSKY
11.485,11.485,11.48,11.48,1400,2021-12-30 18:35:00,GSKY
11.48,11.48,11.48,11.48,100,2021-12-30 18:40:00,GSKY
11.48,11.48,11.475,11.475,3100,2021-12-30 18:41:00,GSKY
11.47,11.47,11.47,11.47,1000,2021-12-30 18:46:00,GSKY
11.48,11.48,11.48,11.48,100,2021-12-30 18:47:00,GSKY
11.475,11.475,11.475,11.475,100,2021-12-30 18:50:00,GSKY
11.48,11.48,11.475,11.48,2634,2021-12-30 18:53:00,GSKY
11.49,11.49,11.49,11.49,600,2021-12-30 18:54:00,GSKY
11.49,11.49,11.49,11.49,1300,2021-12-30 18:56:00,GSKY
11.49,11.49,11.49,11.49,200,2021-12-30 19:00:00,GSKY
11.49,11.49,11.485,11.485,300,2021-12-30 19:01:00,GSKY
11.49,11.49,11.49,11.49,100,2021-12-30 19:02:00,GSKY
11.485,11.485,11.485,11.485,100,2021-12-30 19:03:00,GSKY
11.48,11.48,11.48,11.48,100,2021-12-30 19:04:00,GSKY
11.48,11.48,11.48,11.48,901,2021-12-30 19:06:00,GSKY
11.485,11.485,11.485,11.485,200,2021-12-30 19:08:00,GSKY
11.485,11.485,11.485,11.485,100,2021-12-30 19:13:00,GSKY
11.49,11.49,11.49,11.49,284,2021-12-30 19:19:00,GSKY
11.4895,11.49,11.4888,11.49,400,2021-12-30 19:21:00,GSKY
11.49,11.49,11.49,11.49,100,2021-12-30 19:22:00,GSKY
11.49,11.49,11.49,11.49,100,2021-12-30 19:24:00,GSKY
11.49,11.5,11.49,11.495,5200,2021-12-30 19:26:00,GSKY
11.495,11.495,11.48,11.485,13670,2021-12-30 19:28:00,GSKY
11.485,11.485,11.485,11.485,200,2021-12-30 19:31:00,GSKY
11.485,11.485,11.485,11.485,100,2021-12-30 19:33:00,GSKY
11.48,11.48,11.48,11.48,2161,2021-12-30 19:34:00,GSKY
11.485,11.485,11.48,11.48,600,2021-12-30 19:37:00,GSKY
11.485,11.485,11.485,11.485,100,2021-12-30 19:41:00,GSKY
11.485,11.485,11.485,11.485,200,2021-12-30 19:43:00,GSKY
11.48,11.48,11.48,11.48,100,2021-12-30 19:45:00,GSKY
11.48,11.48,11.475,11.475,3100,2021-12-30 19:46:00,GSKY
11.47,11.48,11.47,11.48,200,2021-12-30 19:47:00,GSKY
11.475,11.475,11.475,11.475,100,2021-12-30 19:49:00,GSKY
11.475,11.475,11.475,11.475,300,2021-12-30 19:51:00,GSKY
11.475,11.475,11.475,11.475,100,2021-12-30 19:53:00,GSKY
11.475,11.475,11.475,11.475,100,2021-12-30 19:57:00,GSKY
11.47,11.47,11.465,11.47,5199,2021-12-30 20:03:00,GSKY
11.47,11.47,11.47,11.47,200,2021-12-30 20:04:00,GSKY
11.46,11.46,11.46,11.46,1599,2021-12-30 20:08:00,GSKY
11.46,11.46,11.46,11.46,100,2021-12-30 20:10:00,GSKY
11.46,11.46,11.45,11.45,800,2021-12-30 20:11:00,GSKY
11.45,11.45,11.45,11.45,200,2021-12-30 20:13:00,GSKY
11.45,11.45,11.45,11.45,500,2021-12-30 20:14:00,GSKY
11.45,11.45,11.4496,11.45,5017,2021-12-30 20:16:00,GSKY
11.45,11.45,11.45,11.45,200,2021-12-30 20:17:00,GSKY
11.45,11.45,11.45,11.45,900,2021-12-30 20:20:00,GSKY
11.45,11.45,11.435,11.45,22935,2021-12-30 20:24:00,GSKY
11.45,11.45,11.445,11.445,10866,2021-12-30 20:25:00,GSKY
11.45,11.45,11.45,11.45,5244,2021-12-30 20:26:00,GSKY
11.455,11.455,11.455,11.455,100,2021-12-30 20:27:00,GSKY
11.455,11.455,11.455,11.455,300,2021-12-30 20:28:00,GSKY
11.45,11.45,11.45,11.45,200,2021-12-30 20:29:00,GSKY
11.45,11.46,11.45,11.46,3000,2021-12-30 20:30:00,GSKY
11.46,11.46,11.45,11.45,1916,2021-12-30 20:31:00,GSKY
11.46,11.46,11.455,11.46,10287,2021-12-30 20:32:00,GSKY
11.46,11.465,11.455,11.46,5249,2021-12-30 20:33:00,GSKY
11.46,11.46,11.46,11.46,100,2021-12-30 20:34:00,GSKY
11.46,11.46,11.46,11.46,300,2021-12-30 20:35:00,GSKY
11.46,11.46,11.46,11.46,100,2021-12-30 20:36:00,GSKY
11.465,11.465,11.465,11.465,100,2021-12-30 20:37:00,GSKY
11.46,11.46,11.46,11.46,100,2021-12-30 20:39:00,GSKY
11.46,11.46,11.455,11.455,5001,2021-12-30 20:42:00,GSKY
11.455,11.46,11.455,11.46,6206,2021-12-30 20:43:00,GSKY
11.46,11.46,11.46,11.46,100,2021-12-30 20:44:00,GSKY
11.46,11.4601,11.46,11.4601,1767,2021-12-30 20:45:00,GSKY
11.46,11.465,11.46,11.465,700,2021-12-30 20:46:00,GSKY
11.46,11.465,11.46,11.465,205,2021-12-30 20:47:00,GSKY
11.46,11.46,11.455,11.455,3824,2021-12-30 20:48:00,GSKY
11.45,11.45,11.44,11.45,15517,2021-12-30 20:49:00,GSKY
11.44,11.445,11.435,11.44,11980,2021-12-30 20:50:00,GSKY
11.44,11.44,11.44,11.44,200,2021-12-30 20:51:00,GSKY
11.45,11.46,11.445,11.455,4966,2021-12-30 20:53:00,GSKY
11.455,11.455,11.45,11.45,2800,2021-12-30 20:54:00,GSKY
11.455,11.455,11.45,11.45,1980,2021-12-30 20:55:00,GSKY
11.45,11.45,11.44,11.44,1359,2021-12-30 20:56:00,GSKY
11.44,11.4483,11.44,11.44,3516,2021-12-30 20:57:00,GSKY
11.44,11.445,11.44,11.44,1200,2021-12-30 20:58:00,GSKY
11.44,11.46,11.44,11.44,16375,2021-12-30 20:59:00,GSKY
11.43,11.43,11.43,11.43,19550,2021-12-30 21:00:00,GSKY
