open,high,low,close,volume,datetime,symbol
6.53,6.55,6.53,6.55,4525,2021-08-23 13:30:00,ACIU
6.52,6.52,6.52,6.52,1100,2021-08-23 13:31:00,ACIU
6.5,6.54,6.5,6.54,300,2021-08-23 13:32:00,ACIU
6.56,6.65,6.56,6.56,4985,2021-08-23 13:33:00,ACIU
6.55,6.65,6.53,6.59,2700,2021-08-23 13:35:00,ACIU
6.625,6.68,6.625,6.68,800,2021-08-23 13:36:00,ACIU
6.66,6.67,6.64,6.64,2622,2021-08-23 13:37:00,ACIU
6.64,6.71,6.64,6.71,1290,2021-08-23 13:38:00,ACIU
6.75,6.75,6.68,6.68,1200,2021-08-23 13:39:00,ACIU
6.68,6.72,6.68,6.72,1100,2021-08-23 13:40:00,ACIU
6.66,6.75,6.66,6.75,5500,2021-08-23 13:41:00,ACIU
6.75,6.7799,6.75,6.769,4814,2021-08-23 13:42:00,ACIU
6.77,6.81,6.77,6.8094,890,2021-08-23 13:43:00,ACIU
6.83,6.83,6.83,6.83,100,2021-08-23 13:44:00,ACIU
6.79,6.79,6.79,6.79,200,2021-08-23 13:45:00,ACIU
6.84,6.84,6.74,6.74,10200,2021-08-23 13:49:00,ACIU
6.75,6.75,6.75,6.75,500,2021-08-23 13:51:00,ACIU
6.75,6.75,6.75,6.75,100,2021-08-23 13:52:00,ACIU
6.7535,6.7535,6.7535,6.7535,200,2021-08-23 13:53:00,ACIU
6.71,6.71,6.69,6.69,452,2021-08-23 13:54:00,ACIU
6.825,6.83,6.825,6.83,1800,2021-08-23 13:57:00,ACIU
6.7404,6.76,6.71,6.73,11308,2021-08-23 13:59:00,ACIU
6.73,6.76,6.63,6.67,4389,2021-08-23 14:00:00,ACIU
6.63,6.7234,6.62,6.64,3800,2021-08-23 14:01:00,ACIU
6.67,6.67,6.55,6.56,3000,2021-08-23 14:02:00,ACIU
6.58,6.66,6.52,6.58,1600,2021-08-23 14:03:00,ACIU
6.59,6.59,6.59,6.59,100,2021-08-23 14:05:00,ACIU
6.6,6.66,6.58,6.61,1500,2021-08-23 14:06:00,ACIU
6.59,6.73,6.59,6.61,3199,2021-08-23 14:07:00,ACIU
6.62,6.62,6.59,6.59,600,2021-08-23 14:08:00,ACIU
6.59,6.61,6.59,6.59,900,2021-08-23 14:09:00,ACIU
6.61,6.61,6.61,6.61,400,2021-08-23 14:10:00,ACIU
6.61,6.61,6.61,6.61,100,2021-08-23 14:11:00,ACIU
6.6104,6.64,6.61,6.61,5582,2021-08-23 14:12:00,ACIU
6.65,6.65,6.62,6.63,651,2021-08-23 14:14:00,ACIU
6.63,6.65,6.61,6.61,1400,2021-08-23 14:17:00,ACIU
6.62,6.62,6.61,6.61,200,2021-08-23 14:18:00,ACIU
6.59,6.59,6.59,6.59,100,2021-08-23 14:19:00,ACIU
6.59,6.61,6.59,6.59,800,2021-08-23 14:20:00,ACIU
6.61,6.65,6.61,6.65,2100,2021-08-23 14:21:00,ACIU
6.62,6.62,6.62,6.62,100,2021-08-23 14:23:00,ACIU
6.65,6.66,6.63,6.65,3100,2021-08-23 14:25:00,ACIU
6.65,6.66,6.65,6.66,1540,2021-08-23 14:26:00,ACIU
6.63,6.63,6.63,6.63,100,2021-08-23 14:27:00,ACIU
6.63,6.65,6.63,6.63,400,2021-08-23 14:28:00,ACIU
6.6239,6.65,6.6239,6.65,3300,2021-08-23 14:29:00,ACIU
6.655,6.655,6.655,6.655,300,2021-08-23 14:30:00,ACIU
6.68,6.75,6.66,6.66,6099,2021-08-23 14:33:00,ACIU
6.7,6.7,6.7,6.7,100,2021-08-23 14:34:00,ACIU
6.66,6.66,6.66,6.66,100,2021-08-23 14:36:00,ACIU
6.66,6.66,6.66,6.66,100,2021-08-23 14:37:00,ACIU
6.66,6.6601,6.63,6.63,3100,2021-08-23 14:38:00,ACIU
6.61,6.61,6.61,6.61,100,2021-08-23 14:39:00,ACIU
6.6,6.6,6.6,6.6,100,2021-08-23 14:41:00,ACIU
6.63,6.63,6.63,6.63,200,2021-08-23 14:42:00,ACIU
6.66,6.67,6.66,6.67,500,2021-08-23 14:48:00,ACIU
6.74,6.74,6.74,6.74,100,2021-08-23 14:51:00,ACIU
6.7,6.7008,6.7,6.7008,200,2021-08-23 14:55:00,ACIU
6.67,6.67,6.67,6.67,100,2021-08-23 14:58:00,ACIU
6.63,6.63,6.63,6.63,100,2021-08-23 15:02:00,ACIU
6.67,6.67,6.67,6.67,100,2021-08-23 15:05:00,ACIU
6.72,6.72,6.63,6.63,2640,2021-08-23 15:06:00,ACIU
6.6521,6.6521,6.6521,6.6521,110,2021-08-23 15:10:00,ACIU
6.69,6.69,6.69,6.69,100,2021-08-23 15:12:00,ACIU
6.69,6.7,6.69,6.7,400,2021-08-23 15:13:00,ACIU
6.7,6.7,6.7,6.7,122,2021-08-23 15:18:00,ACIU
6.68,6.68,6.68,6.68,100,2021-08-23 15:19:00,ACIU
6.71,6.74,6.71,6.74,300,2021-08-23 15:26:00,ACIU
6.74,6.74,6.74,6.74,268,2021-08-23 15:28:00,ACIU
6.75,6.75,6.74,6.74,800,2021-08-23 15:33:00,ACIU
6.7201,6.7201,6.72,6.72,300,2021-08-23 15:35:00,ACIU
6.72,6.72,6.72,6.72,100,2021-08-23 15:42:00,ACIU
6.72,6.72,6.72,6.72,200,2021-08-23 15:47:00,ACIU
6.6876,6.6876,6.6876,6.6876,200,2021-08-23 15:49:00,ACIU
6.7,6.75,6.68,6.68,2970,2021-08-23 15:57:00,ACIU
6.71,6.71,6.71,6.71,200,2021-08-23 16:00:00,ACIU
6.66,6.66,6.66,6.66,100,2021-08-23 16:02:00,ACIU
6.66,6.66,6.66,6.66,100,2021-08-23 16:05:00,ACIU
6.678,6.678,6.67,6.67,250,2021-08-23 16:07:00,ACIU
6.67,6.67,6.66,6.66,755,2021-08-23 16:08:00,ACIU
6.72,6.72,6.72,6.72,190,2021-08-23 16:30:00,ACIU
6.71,6.71,6.71,6.71,100,2021-08-23 16:38:00,ACIU
6.71,6.71,6.71,6.71,104,2021-08-23 16:41:00,ACIU
6.72,6.72,6.72,6.72,285,2021-08-23 16:42:00,ACIU
6.674,6.674,6.66,6.6705,1885,2021-08-23 16:59:00,ACIU
6.69,6.69,6.69,6.69,100,2021-08-23 17:04:00,ACIU
6.7,6.7,6.7,6.7,209,2021-08-23 17:19:00,ACIU
6.69,6.69,6.67,6.67,1985,2021-08-23 17:20:00,ACIU
6.7,6.7,6.68,6.7,1100,2021-08-23 17:25:00,ACIU
6.71,6.71,6.71,6.71,1000,2021-08-23 17:27:00,ACIU
6.67,6.67,6.67,6.67,100,2021-08-23 17:29:00,ACIU
6.71,6.71,6.71,6.71,300,2021-08-23 17:38:00,ACIU
6.73,6.73,6.73,6.73,200,2021-08-23 17:41:00,ACIU
6.73,6.74,6.73,6.74,738,2021-08-23 17:44:00,ACIU
6.7217,6.7217,6.7217,6.7217,100,2021-08-23 17:49:00,ACIU
6.7249,6.7249,6.7249,6.7249,157,2021-08-23 17:51:00,ACIU
6.71,6.74,6.71,6.74,2979,2021-08-23 18:03:00,ACIU
6.7273,6.7273,6.72,6.72,200,2021-08-23 18:04:00,ACIU
6.69,6.69,6.69,6.69,100,2021-08-23 18:05:00,ACIU
6.7,6.71,6.69,6.71,7000,2021-08-23 18:06:00,ACIU
6.69,6.69,6.69,6.69,100,2021-08-23 18:07:00,ACIU
6.69,6.7046,6.69,6.7046,1000,2021-08-23 18:09:00,ACIU
6.65,6.65,6.65,6.65,300,2021-08-23 18:10:00,ACIU
6.655,6.655,6.655,6.655,100,2021-08-23 18:12:00,ACIU
6.68,6.71,6.68,6.71,1031,2021-08-23 18:14:00,ACIU
6.71,6.71,6.71,6.71,100,2021-08-23 18:16:00,ACIU
6.71,6.71,6.71,6.71,200,2021-08-23 18:17:00,ACIU
6.72,6.72,6.72,6.72,400,2021-08-23 18:22:00,ACIU
6.7197,6.7197,6.6967,6.6967,3100,2021-08-23 18:23:00,ACIU
6.7,6.7,6.7,6.7,100,2021-08-23 18:24:00,ACIU
6.68,6.72,6.68,6.72,200,2021-08-23 18:25:00,ACIU
6.71,6.71,6.71,6.71,100,2021-08-23 18:45:00,ACIU
6.69,6.69,6.69,6.69,300,2021-08-23 18:49:00,ACIU
6.6867,6.71,6.67,6.67,4200,2021-08-23 18:50:00,ACIU
6.7,6.71,6.7,6.71,600,2021-08-23 18:51:00,ACIU
6.7174,6.72,6.7174,6.72,1300,2021-08-23 18:52:00,ACIU
6.73,6.73,6.73,6.73,316,2021-08-23 18:53:00,ACIU
6.74,6.74,6.74,6.74,300,2021-08-23 18:54:00,ACIU
6.7499,6.75,6.7499,6.75,1000,2021-08-23 18:58:00,ACIU
6.72,6.72,6.72,6.72,200,2021-08-23 19:01:00,ACIU
6.72,6.72,6.72,6.72,400,2021-08-23 19:06:00,ACIU
6.71,6.71,6.71,6.71,500,2021-08-23 19:12:00,ACIU
6.68,6.68,6.68,6.68,100,2021-08-23 19:17:00,ACIU
6.72,6.74,6.71,6.74,1352,2021-08-23 19:24:00,ACIU
6.75,6.75,6.75,6.75,600,2021-08-23 19:26:00,ACIU
6.71,6.7245,6.71,6.7245,976,2021-08-23 19:27:00,ACIU
6.71,6.71,6.71,6.71,2000,2021-08-23 19:31:00,ACIU
6.7258,6.7258,6.7258,6.7258,175,2021-08-23 19:32:00,ACIU
6.73,6.73,6.72,6.72,625,2021-08-23 19:37:00,ACIU
6.72,6.72,6.72,6.72,200,2021-08-23 19:44:00,ACIU
6.73,6.73,6.73,6.73,200,2021-08-23 19:45:00,ACIU
6.73,6.73,6.73,6.73,500,2021-08-23 19:46:00,ACIU
6.74,6.74,6.74,6.74,200,2021-08-23 19:47:00,ACIU
6.72,6.72,6.72,6.72,600,2021-08-23 19:49:00,ACIU
6.74,6.74,6.74,6.74,275,2021-08-23 19:50:00,ACIU
6.72,6.72,6.72,6.72,100,2021-08-23 19:53:00,ACIU
6.72,6.72,6.72,6.72,491,2021-08-23 19:54:00,ACIU
6.72,6.72,6.72,6.72,400,2021-08-23 19:55:00,ACIU
6.715,6.715,6.715,6.715,100,2021-08-23 19:56:00,ACIU
6.7,6.7,6.7,6.7,127,2021-08-23 19:57:00,ACIU
6.715,6.715,6.715,6.715,100,2021-08-23 19:58:00,ACIU
6.73,6.75,6.7,6.75,1608,2021-08-23 19:59:00,ACIU
6.72,6.72,6.72,6.72,6295,2021-08-23 20:00:00,ACIU
6.87,6.87,6.87,6.87,1888,2021-08-23 20:31:00,ACIU
6.73,6.82,6.73,6.815,10041,2021-08-24 13:30:00,ACIU
6.81,6.82,6.81,6.82,9591,2021-08-24 13:31:00,ACIU
6.8099,6.8099,6.8099,6.8099,100,2021-08-24 13:33:00,ACIU
6.81,6.81,6.81,6.81,100,2021-08-24 13:35:00,ACIU
6.8,6.82,6.8,6.82,8198,2021-08-24 13:38:00,ACIU
6.81,6.84,6.81,6.84,300,2021-08-24 13:39:00,ACIU
6.81,6.83,6.81,6.83,1049,2021-08-24 13:43:00,ACIU
6.8,6.85,6.795,6.8,1800,2021-08-24 13:51:00,ACIU
6.76,6.76,6.76,6.76,100,2021-08-24 13:53:00,ACIU
6.82,6.82,6.82,6.82,2220,2021-08-24 13:55:00,ACIU
6.83,6.83,6.82,6.82,645,2021-08-24 14:00:00,ACIU
6.815,6.815,6.815,6.815,120,2021-08-24 14:02:00,ACIU
6.83,6.83,6.83,6.83,100,2021-08-24 14:04:00,ACIU
6.8,6.8,6.8,6.8,500,2021-08-24 14:12:00,ACIU
6.8247,6.84,6.8247,6.84,600,2021-08-24 14:15:00,ACIU
6.85,6.87,6.835,6.87,17133,2021-08-24 14:18:00,ACIU
6.845,6.845,6.845,6.845,300,2021-08-24 14:20:00,ACIU
6.88,6.88,6.88,6.88,800,2021-08-24 14:25:00,ACIU
6.88,6.88,6.88,6.88,100,2021-08-24 14:38:00,ACIU
6.88,6.88,6.88,6.88,100,2021-08-24 14:39:00,ACIU
6.94,6.94,6.88,6.9,2299,2021-08-24 14:45:00,ACIU
6.9,6.9,6.88,6.88,3088,2021-08-24 14:48:00,ACIU
6.86,6.8796,6.86,6.8796,1959,2021-08-24 14:51:00,ACIU
6.87,6.9066,6.87,6.9066,4000,2021-08-24 14:52:00,ACIU
6.9,6.94,6.9,6.94,2339,2021-08-24 14:54:00,ACIU
6.9,6.9,6.9,6.9,2000,2021-08-24 14:56:00,ACIU
6.9,6.9,6.84,6.84,7097,2021-08-24 14:57:00,ACIU
6.84,6.87,6.82,6.87,2400,2021-08-24 14:58:00,ACIU
6.87,6.9,6.87,6.87,1858,2021-08-24 15:00:00,ACIU
6.9,6.9,6.9,6.9,2000,2021-08-24 15:01:00,ACIU
6.84,6.84,6.84,6.84,200,2021-08-24 15:06:00,ACIU
6.85,6.85,6.85,6.85,100,2021-08-24 15:11:00,ACIU
6.85,6.85,6.85,6.85,100,2021-08-24 15:12:00,ACIU
6.85,6.85,6.85,6.85,100,2021-08-24 15:19:00,ACIU
6.8501,6.8501,6.8501,6.8501,219,2021-08-24 15:36:00,ACIU
6.9,6.9,6.9,6.9,100,2021-08-24 15:37:00,ACIU
6.8507,6.8507,6.8507,6.8507,100,2021-08-24 15:46:00,ACIU
6.9,6.9,6.9,6.9,400,2021-08-24 15:47:00,ACIU
6.9,6.95,6.89,6.91,10705,2021-08-24 15:50:00,ACIU
6.88,6.88,6.88,6.88,100,2021-08-24 15:51:00,ACIU
6.87,6.89,6.87,6.89,550,2021-08-24 15:55:00,ACIU
6.885,6.885,6.885,6.885,100,2021-08-24 15:56:00,ACIU
6.91,6.91,6.91,6.91,3000,2021-08-24 16:00:00,ACIU
6.85,6.85,6.85,6.85,100,2021-08-24 16:08:00,ACIU
6.86,6.88,6.8371,6.8371,2508,2021-08-24 16:19:00,ACIU
6.85,6.85,6.85,6.85,130,2021-08-24 16:21:00,ACIU
6.865,6.88,6.865,6.88,2342,2021-08-24 16:45:00,ACIU
6.91,6.92,6.88,6.8802,3390,2021-08-24 16:48:00,ACIU
6.87,6.87,6.87,6.87,278,2021-08-24 16:49:00,ACIU
6.875,6.875,6.875,6.875,100,2021-08-24 17:09:00,ACIU
6.8953,6.8953,6.8953,6.8953,1000,2021-08-24 17:19:00,ACIU
6.85,6.85,6.85,6.85,100,2021-08-24 17:29:00,ACIU
6.85,6.89,6.85,6.89,200,2021-08-24 17:39:00,ACIU
6.86,6.86,6.86,6.86,100,2021-08-24 17:40:00,ACIU
6.88,6.88,6.88,6.88,785,2021-08-24 17:41:00,ACIU
6.86,6.86,6.86,6.86,100,2021-08-24 17:42:00,ACIU
6.8601,6.8601,6.8601,6.8601,600,2021-08-24 17:48:00,ACIU
6.86,6.86,6.86,6.86,400,2021-08-24 17:58:00,ACIU
6.88,6.88,6.88,6.88,100,2021-08-24 18:01:00,ACIU
6.86,6.86,6.86,6.86,100,2021-08-24 18:03:00,ACIU
6.9,6.9,6.9,6.9,100,2021-08-24 18:05:00,ACIU
6.8701,6.8701,6.85,6.85,1905,2021-08-24 18:37:00,ACIU
6.86,6.86,6.86,6.86,300,2021-08-24 18:48:00,ACIU
6.87,6.87,6.87,6.87,2000,2021-08-24 18:56:00,ACIU
6.87,6.87,6.87,6.87,100,2021-08-24 18:57:00,ACIU
6.89,6.89,6.89,6.89,200,2021-08-24 19:08:00,ACIU
6.9,6.9,6.9,6.9,217,2021-08-24 19:10:00,ACIU
6.92,6.92,6.92,6.92,100,2021-08-24 19:23:00,ACIU
6.92,6.92,6.92,6.92,200,2021-08-24 19:24:00,ACIU
6.94,6.94,6.94,6.94,100,2021-08-24 19:25:00,ACIU
6.915,6.915,6.915,6.915,100,2021-08-24 19:31:00,ACIU
6.9001,6.9001,6.9001,6.9001,800,2021-08-24 19:37:00,ACIU
6.9238,6.9238,6.9238,6.9238,200,2021-08-24 19:39:00,ACIU
6.915,6.915,6.89,6.89,4835,2021-08-24 19:41:00,ACIU
6.86,6.86,6.86,6.86,200,2021-08-24 19:42:00,ACIU
6.86,6.86,6.86,6.86,300,2021-08-24 19:43:00,ACIU
6.87,6.87,6.87,6.87,200,2021-08-24 19:45:00,ACIU
6.88,6.88,6.82,6.82,2693,2021-08-24 19:47:00,ACIU
6.82,6.835,6.82,6.835,5046,2021-08-24 19:48:00,ACIU
6.84,6.84,6.84,6.84,100,2021-08-24 19:50:00,ACIU
6.851,6.851,6.851,6.851,1000,2021-08-24 19:52:00,ACIU
6.84,6.84,6.84,6.84,100,2021-08-24 19:55:00,ACIU
6.84,6.84,6.83,6.83,467,2021-08-24 19:56:00,ACIU
6.835,6.835,6.83,6.83,356,2021-08-24 19:57:00,ACIU
6.82,6.82,6.82,6.82,269,2021-08-24 19:58:00,ACIU
6.82,6.84,6.82,6.82,1104,2021-08-24 19:59:00,ACIU
6.85,6.85,6.85,6.85,5813,2021-08-24 20:00:00,ACIU
6.75,6.75,6.75,6.75,300,2021-08-24 20:31:00,ACIU
6.85,6.85,6.83,6.83,1959,2021-08-25 13:30:00,ACIU
6.89,6.89,6.89,6.89,100,2021-08-25 13:31:00,ACIU
6.89,6.91,6.89,6.9,2054,2021-08-25 13:41:00,ACIU
6.8792,6.8792,6.8792,6.8792,1022,2021-08-25 13:43:00,ACIU
6.8799,6.94,6.8799,6.94,600,2021-08-25 13:50:00,ACIU
6.87,6.87,6.87,6.87,100,2021-08-25 13:52:00,ACIU
6.9,6.9,6.9,6.9,209,2021-08-25 13:53:00,ACIU
6.92,6.95,6.91,6.95,3955,2021-08-25 13:54:00,ACIU
6.89,6.89,6.89,6.89,100,2021-08-25 14:00:00,ACIU
6.925,6.925,6.925,6.925,100,2021-08-25 14:04:00,ACIU
6.94,6.99,6.94,6.98,26108,2021-08-25 14:05:00,ACIU
6.955,6.955,6.955,6.955,100,2021-08-25 14:06:00,ACIU
6.98,6.98,6.98,6.98,900,2021-08-25 14:07:00,ACIU
6.98,6.98,6.96,6.96,800,2021-08-25 14:08:00,ACIU
6.98,6.98,6.96,6.98,3600,2021-08-25 14:09:00,ACIU
6.99,7.0,6.99,7.0,2517,2021-08-25 14:10:00,ACIU
7.0,7.03,7.0,7.02,2300,2021-08-25 14:11:00,ACIU
7.02,7.03,7.01,7.01,6620,2021-08-25 14:12:00,ACIU
7.03,7.04,7.03,7.04,400,2021-08-25 14:13:00,ACIU
7.05,7.09,7.04,7.09,2779,2021-08-25 14:14:00,ACIU
7.09,7.09,7.06,7.08,1200,2021-08-25 14:15:00,ACIU
7.08,7.09,7.08,7.09,300,2021-08-25 14:16:00,ACIU
7.07,7.09,7.07,7.09,200,2021-08-25 14:17:00,ACIU
7.08,7.09,7.08,7.081,750,2021-08-25 14:18:00,ACIU
7.08,7.09,7.06,7.07,4359,2021-08-25 14:19:00,ACIU
7.08,7.08,7.06,7.08,600,2021-08-25 14:20:00,ACIU
7.08,7.08,7.08,7.08,200,2021-08-25 14:21:00,ACIU
7.075,7.075,7.07,7.07,300,2021-08-25 14:22:00,ACIU
7.08,7.08,7.035,7.04,2900,2021-08-25 14:23:00,ACIU
7.04,7.04,7.03,7.04,2438,2021-08-25 14:24:00,ACIU
7.04,7.05,7.02,7.02,3482,2021-08-25 14:25:00,ACIU
7.0,7.0,6.99,6.99,593,2021-08-25 14:26:00,ACIU
6.95,6.95,6.95,6.95,100,2021-08-25 14:29:00,ACIU
6.94,6.94,6.94,6.94,100,2021-08-25 14:30:00,ACIU
6.94,6.99,6.94,6.99,200,2021-08-25 14:33:00,ACIU
6.99,6.99,6.99,6.99,100,2021-08-25 14:36:00,ACIU
7.0,7.0,7.0,7.0,100,2021-08-25 14:43:00,ACIU
7.0,7.0,6.99,6.99,200,2021-08-25 14:45:00,ACIU
7.0,7.0,6.9999,6.9999,700,2021-08-25 14:47:00,ACIU
6.9807,6.9807,6.96,6.96,300,2021-08-25 14:49:00,ACIU
6.97,6.97,6.97,6.97,100,2021-08-25 14:52:00,ACIU
6.97,6.98,6.97,6.98,400,2021-08-25 14:54:00,ACIU
6.99,6.99,6.99,6.99,300,2021-08-25 14:55:00,ACIU
6.9856,6.9856,6.9856,6.9856,278,2021-08-25 14:56:00,ACIU
6.99,6.99,6.99,6.99,100,2021-08-25 14:59:00,ACIU
7.0,7.03,7.0,7.015,1500,2021-08-25 15:06:00,ACIU
7.03,7.03,7.0075,7.0075,300,2021-08-25 15:10:00,ACIU
7.005,7.005,7.005,7.005,105,2021-08-25 15:11:00,ACIU
7.005,7.005,6.99,6.99,300,2021-08-25 15:15:00,ACIU
6.985,6.985,6.985,6.985,200,2021-08-25 15:22:00,ACIU
7.02,7.03,7.0,7.03,1943,2021-08-25 15:25:00,ACIU
7.06,7.08,7.06,7.07,1849,2021-08-25 15:26:00,ACIU
7.04,7.04,7.04,7.04,100,2021-08-25 15:30:00,ACIU
7.0552,7.09,7.0552,7.09,7800,2021-08-25 15:34:00,ACIU
7.05,7.07,7.05,7.07,205,2021-08-25 15:35:00,ACIU
7.051,7.051,6.96,6.96,8700,2021-08-25 15:41:00,ACIU
6.97,6.97,6.97,6.97,100,2021-08-25 15:42:00,ACIU
6.96,6.96,6.96,6.96,100,2021-08-25 15:43:00,ACIU
6.9999,6.9999,6.97,6.97,1400,2021-08-25 15:44:00,ACIU
6.9899,6.9899,6.9899,6.9899,300,2021-08-25 15:45:00,ACIU
6.96,6.96,6.96,6.96,932,2021-08-25 15:47:00,ACIU
6.94,6.94,6.94,6.94,100,2021-08-25 15:48:00,ACIU
6.94,6.94,6.94,6.94,100,2021-08-25 15:49:00,ACIU
6.9,6.9,6.9,6.9,200,2021-08-25 15:50:00,ACIU
6.94,6.94,6.92,6.92,200,2021-08-25 15:54:00,ACIU
6.95,6.97,6.95,6.97,904,2021-08-25 16:03:00,ACIU
6.9501,6.9501,6.9501,6.9501,200,2021-08-25 16:12:00,ACIU
6.95,6.95,6.95,6.95,100,2021-08-25 16:13:00,ACIU
6.94,6.94,6.94,6.94,413,2021-08-25 16:23:00,ACIU
6.94,6.94,6.94,6.94,843,2021-08-25 16:38:00,ACIU
6.94,6.9699,6.94,6.9699,8600,2021-08-25 16:39:00,ACIU
6.96,6.96,6.96,6.96,105,2021-08-25 16:40:00,ACIU
6.965,6.965,6.965,6.965,105,2021-08-25 16:45:00,ACIU
6.942,6.943,6.88,6.9,4450,2021-08-25 16:58:00,ACIU
6.9,6.9,6.9,6.9,6844,2021-08-25 16:59:00,ACIU
6.88,6.88,6.88,6.88,100,2021-08-25 17:00:00,ACIU
6.88,6.88,6.87,6.87,500,2021-08-25 17:06:00,ACIU
6.86,6.87,6.86,6.87,200,2021-08-25 17:07:00,ACIU
6.87,6.87,6.87,6.87,300,2021-08-25 17:08:00,ACIU
6.88,6.88,6.87,6.88,676,2021-08-25 17:10:00,ACIU
6.88,6.88,6.88,6.88,500,2021-08-25 17:11:00,ACIU
6.88,6.88,6.88,6.88,200,2021-08-25 17:12:00,ACIU
6.86,6.86,6.86,6.86,200,2021-08-25 17:28:00,ACIU
6.84,6.84,6.84,6.84,100,2021-08-25 17:32:00,ACIU
6.865,6.88,6.865,6.88,305,2021-08-25 18:01:00,ACIU
6.87,6.88,6.87,6.88,400,2021-08-25 18:02:00,ACIU
6.9,6.91,6.9,6.9,700,2021-08-25 18:10:00,ACIU
6.91,6.91,6.89,6.89,861,2021-08-25 18:13:00,ACIU
6.89,6.89,6.86,6.86,900,2021-08-25 18:14:00,ACIU
6.86,6.86,6.85,6.85,200,2021-08-25 18:15:00,ACIU
6.83,6.83,6.83,6.83,5000,2021-08-25 18:17:00,ACIU
6.83,6.83,6.83,6.83,100,2021-08-25 18:18:00,ACIU
6.84,6.84,6.84,6.84,100,2021-08-25 18:20:00,ACIU
6.86,6.86,6.86,6.86,100,2021-08-25 18:25:00,ACIU
6.875,6.875,6.875,6.875,100,2021-08-25 18:26:00,ACIU
6.83,6.83,6.83,6.83,5000,2021-08-25 18:28:00,ACIU
6.83,6.83,6.83,6.83,800,2021-08-25 18:30:00,ACIU
6.8,6.8,6.8,6.8,200,2021-08-25 18:34:00,ACIU
6.825,6.825,6.825,6.825,2000,2021-08-25 18:36:00,ACIU
6.81,6.81,6.78,6.78,605,2021-08-25 18:40:00,ACIU
6.76,6.81,6.76,6.81,557,2021-08-25 18:41:00,ACIU
6.81,6.81,6.81,6.81,100,2021-08-25 18:42:00,ACIU
6.805,6.805,6.77,6.77,2100,2021-08-25 18:44:00,ACIU
6.78,6.78,6.74,6.74,2588,2021-08-25 18:48:00,ACIU
6.78,6.78,6.75,6.75,2900,2021-08-25 18:49:00,ACIU
6.75,6.75,6.75,6.75,100,2021-08-25 18:51:00,ACIU
6.7703,6.7703,6.7703,6.7703,101,2021-08-25 18:58:00,ACIU
6.7769,6.7769,6.7769,6.7769,5000,2021-08-25 19:07:00,ACIU
6.76,6.76,6.67,6.73,6921,2021-08-25 19:10:00,ACIU
6.72,6.74,6.7,6.74,1400,2021-08-25 19:11:00,ACIU
6.75,6.76,6.75,6.76,434,2021-08-25 19:12:00,ACIU
6.76,6.77,6.73,6.735,5500,2021-08-25 19:13:00,ACIU
6.72,6.73,6.72,6.73,630,2021-08-25 19:17:00,ACIU
6.7,6.71,6.69,6.69,1100,2021-08-25 19:18:00,ACIU
6.72,6.72,6.71,6.71,200,2021-08-25 19:20:00,ACIU
6.72,6.72,6.7,6.72,1200,2021-08-25 19:21:00,ACIU
6.71,6.76,6.71,6.76,3200,2021-08-25 19:23:00,ACIU
6.76,6.76,6.76,6.76,100,2021-08-25 19:24:00,ACIU
6.76,6.76,6.73,6.73,500,2021-08-25 19:25:00,ACIU
6.755,6.755,6.755,6.755,181,2021-08-25 19:31:00,ACIU
6.76,6.76,6.76,6.76,600,2021-08-25 19:36:00,ACIU
6.75,6.75,6.71,6.71,1000,2021-08-25 19:38:00,ACIU
6.73,6.7409,6.72,6.7409,550,2021-08-25 19:39:00,ACIU
6.735,6.75,6.73,6.75,317,2021-08-25 19:43:00,ACIU
6.75,6.75,6.73,6.73,200,2021-08-25 19:44:00,ACIU
6.74,6.74,6.73,6.73,200,2021-08-25 19:45:00,ACIU
6.74,6.745,6.73,6.73,1200,2021-08-25 19:46:00,ACIU
6.75,6.75,6.75,6.75,200,2021-08-25 19:47:00,ACIU
6.74,6.74,6.74,6.74,100,2021-08-25 19:48:00,ACIU
6.74,6.75,6.74,6.75,300,2021-08-25 19:49:00,ACIU
6.75,6.77,6.75,6.76,600,2021-08-25 19:51:00,ACIU
6.765,6.765,6.765,6.765,497,2021-08-25 19:53:00,ACIU
6.7601,6.78,6.76,6.76,900,2021-08-25 19:54:00,ACIU
6.79,6.79,6.775,6.79,700,2021-08-25 19:55:00,ACIU
6.775,6.78,6.775,6.78,600,2021-08-25 19:56:00,ACIU
6.77,6.78,6.77,6.78,500,2021-08-25 19:57:00,ACIU
6.76,6.78,6.76,6.775,884,2021-08-25 19:58:00,ACIU
6.775,6.78,6.74,6.74,1362,2021-08-25 19:59:00,ACIU
6.78,6.78,6.78,6.78,5845,2021-08-25 20:00:00,ACIU
6.97,6.97,6.97,6.97,1456,2021-08-26 11:04:00,ACIU
6.97,6.98,6.97,6.98,1000,2021-08-26 11:12:00,ACIU
6.97,6.98,6.97,6.98,200,2021-08-26 11:13:00,ACIU
6.98,6.98,6.98,6.98,1342,2021-08-26 11:15:00,ACIU
6.93,6.93,6.93,6.93,100,2021-08-26 11:44:00,ACIU
6.94,6.94,6.94,6.94,100,2021-08-26 11:45:00,ACIU
6.93,6.93,6.93,6.93,450,2021-08-26 12:16:00,ACIU
6.85,6.85,6.85,6.85,100,2021-08-26 13:08:00,ACIU
6.85,6.85,6.85,6.85,100,2021-08-26 13:12:00,ACIU
6.86,6.86,6.82,6.83,3300,2021-08-26 13:28:00,ACIU
6.85,6.85,6.82,6.82,1208,2021-08-26 13:29:00,ACIU
6.75,6.75,6.74,6.75,16765,2021-08-26 13:30:00,ACIU
7.045,7.06,7.045,7.06,3700,2021-08-26 13:31:00,ACIU
6.88,6.88,6.88,6.88,100,2021-08-26 13:32:00,ACIU
6.91,6.91,6.91,6.91,1000,2021-08-26 13:37:00,ACIU
6.87,6.93,6.86,6.93,1100,2021-08-26 13:38:00,ACIU
6.9,6.9,6.9,6.9,100,2021-08-26 13:52:00,ACIU
6.89,6.9,6.89,6.9,1600,2021-08-26 13:53:00,ACIU
6.93,6.93,6.93,6.93,200,2021-08-26 13:55:00,ACIU
6.93,6.93,6.93,6.93,130,2021-08-26 13:59:00,ACIU
6.98,6.98,6.98,6.98,100,2021-08-26 14:01:00,ACIU
6.98,6.98,6.98,6.98,850,2021-08-26 14:08:00,ACIU
6.98,6.98,6.98,6.98,100,2021-08-26 14:12:00,ACIU
6.98,6.99,6.98,6.99,400,2021-08-26 14:15:00,ACIU
6.95,6.95,6.94,6.94,320,2021-08-26 14:24:00,ACIU
6.96,6.96,6.96,6.96,100,2021-08-26 14:26:00,ACIU
6.95,6.97,6.95,6.96,3349,2021-08-26 14:30:00,ACIU
6.96,6.96,6.96,6.96,100,2021-08-26 14:32:00,ACIU
6.96,7.0,6.956,6.956,1400,2021-08-26 14:34:00,ACIU
6.96,6.96,6.96,6.96,100,2021-08-26 14:36:00,ACIU
6.965,6.965,6.965,6.965,150,2021-08-26 14:41:00,ACIU
6.94,6.94,6.9,6.9,4436,2021-08-26 14:42:00,ACIU
6.92,6.92,6.92,6.92,100,2021-08-26 14:48:00,ACIU
6.88,6.88,6.88,6.88,715,2021-08-26 14:50:00,ACIU
6.89,6.89,6.81,6.81,1500,2021-08-26 14:51:00,ACIU
6.86,6.96,6.82,6.96,2600,2021-08-26 14:54:00,ACIU
6.93,6.99,6.9,6.93,2100,2021-08-26 14:59:00,ACIU
6.91,6.92,6.9,6.9,1100,2021-08-26 15:03:00,ACIU
6.9,7.0,6.87,6.9,4155,2021-08-26 15:07:00,ACIU
6.93,7.09,6.93,6.99,7250,2021-08-26 15:08:00,ACIU
6.985,6.985,6.985,6.985,1500,2021-08-26 15:09:00,ACIU
7.0193,7.0193,7.0193,7.0193,100,2021-08-26 15:10:00,ACIU
7.02,7.02,7.02,7.02,100,2021-08-26 15:17:00,ACIU
7.02,7.02,6.99,6.99,400,2021-08-26 15:20:00,ACIU
6.98,6.98,6.98,6.98,100,2021-08-26 15:26:00,ACIU
6.9847,6.9847,6.9847,6.9847,190,2021-08-26 15:27:00,ACIU
6.99,6.99,6.99,6.99,400,2021-08-26 15:29:00,ACIU
6.99,6.99,6.9801,6.9801,700,2021-08-26 15:34:00,ACIU
6.98,6.98,6.98,6.98,100,2021-08-26 15:44:00,ACIU
6.99,7.0,6.98,7.0,1800,2021-08-26 15:45:00,ACIU
7.02,7.02,7.02,7.02,200,2021-08-26 15:47:00,ACIU
7.019,7.02,7.019,7.02,713,2021-08-26 15:50:00,ACIU
7.05,7.06,7.05,7.06,1600,2021-08-26 15:54:00,ACIU
7.09,7.09,7.08,7.09,15380,2021-08-26 15:55:00,ACIU
7.09,7.11,7.09,7.11,2081,2021-08-26 15:56:00,ACIU
7.09,7.12,7.09,7.1,500,2021-08-26 15:58:00,ACIU
7.1,7.1,7.09,7.09,230,2021-08-26 15:59:00,ACIU
7.09,7.105,7.09,7.105,600,2021-08-26 16:01:00,ACIU
7.1033,7.1033,7.1033,7.1033,200,2021-08-26 16:04:00,ACIU
7.08,7.08,7.04,7.04,200,2021-08-26 16:06:00,ACIU
7.0595,7.0595,7.0595,7.0595,200,2021-08-26 16:11:00,ACIU
7.09,7.1,7.09,7.1,900,2021-08-26 16:17:00,ACIU
7.1,7.1,7.1,7.1,100,2021-08-26 16:18:00,ACIU
7.09,7.09,7.09,7.09,100,2021-08-26 16:22:00,ACIU
7.1,7.1,7.1,7.1,300,2021-08-26 16:24:00,ACIU
7.1,7.11,7.1,7.11,300,2021-08-26 16:25:00,ACIU
7.11,7.11,7.11,7.11,200,2021-08-26 16:26:00,ACIU
7.11,7.14,7.11,7.14,900,2021-08-26 16:28:00,ACIU
7.14,7.14,7.14,7.14,156,2021-08-26 16:29:00,ACIU
7.1,7.1,7.1,7.1,100,2021-08-26 16:32:00,ACIU
7.1,7.1,7.1,7.1,125,2021-08-26 16:33:00,ACIU
7.115,7.115,7.115,7.115,500,2021-08-26 16:36:00,ACIU
7.13,7.13,7.13,7.13,100,2021-08-26 16:45:00,ACIU
7.1,7.1,7.04,7.06,3441,2021-08-26 16:54:00,ACIU
7.07,7.07,7.07,7.07,250,2021-08-26 16:59:00,ACIU
7.075,7.075,7.075,7.075,100,2021-08-26 17:01:00,ACIU
7.085,7.085,7.085,7.085,100,2021-08-26 17:04:00,ACIU
7.0701,7.0701,7.07,7.07,500,2021-08-26 17:08:00,ACIU
7.04,7.04,7.04,7.04,200,2021-08-26 17:22:00,ACIU
7.05,7.05,7.05,7.05,100,2021-08-26 17:23:00,ACIU
7.02,7.05,7.02,7.04,600,2021-08-26 17:26:00,ACIU
7.03,7.03,7.0101,7.0101,375,2021-08-26 17:27:00,ACIU
7.03,7.03,7.03,7.03,1000,2021-08-26 17:29:00,ACIU
7.01,7.01,7.01,7.01,500,2021-08-26 17:30:00,ACIU
7.03,7.03,7.03,7.03,600,2021-08-26 17:31:00,ACIU
7.0101,7.0101,7.0101,7.0101,400,2021-08-26 17:33:00,ACIU
7.03,7.03,7.01,7.01,1000,2021-08-26 17:37:00,ACIU
7.02,7.02,7.02,7.02,200,2021-08-26 17:39:00,ACIU
7.07,7.07,7.04,7.04,2681,2021-08-26 17:59:00,ACIU
7.04,7.04,7.04,7.04,164,2021-08-26 18:02:00,ACIU
7.06,7.06,7.06,7.06,100,2021-08-26 18:04:00,ACIU
7.0555,7.0555,7.04,7.04,2400,2021-08-26 18:06:00,ACIU
7.05,7.05,7.05,7.05,400,2021-08-26 18:12:00,ACIU
7.05,7.05,7.05,7.05,700,2021-08-26 18:14:00,ACIU
7.0759,7.0759,7.0759,7.0759,500,2021-08-26 18:16:00,ACIU
7.07,7.07,7.05,7.05,200,2021-08-26 18:20:00,ACIU
7.07,7.07,7.07,7.07,100,2021-08-26 18:21:00,ACIU
7.08,7.08,7.08,7.08,200,2021-08-26 18:34:00,ACIU
7.085,7.11,7.085,7.11,200,2021-08-26 18:35:00,ACIU
7.07,7.07,7.07,7.07,100,2021-08-26 18:37:00,ACIU
7.07,7.07,7.07,7.07,100,2021-08-26 18:38:00,ACIU
7.051,7.09,7.051,7.09,385,2021-08-26 18:44:00,ACIU
7.09,7.09,7.09,7.09,200,2021-08-26 18:47:00,ACIU
7.0999,7.0999,7.0999,7.0999,100,2021-08-26 18:49:00,ACIU
7.07,7.07,7.06,7.06,200,2021-08-26 18:51:00,ACIU
7.05,7.05,7.05,7.05,300,2021-08-26 18:53:00,ACIU
7.066,7.066,7.066,7.066,600,2021-08-26 18:56:00,ACIU
7.08,7.08,7.08,7.08,100,2021-08-26 19:04:00,ACIU
7.09,7.09,7.09,7.09,100,2021-08-26 19:05:00,ACIU
7.08,7.08,7.08,7.08,100,2021-08-26 19:06:00,ACIU
7.04,7.04,7.04,7.04,4000,2021-08-26 19:14:00,ACIU
7.08,7.1,7.05,7.1,3200,2021-08-26 19:17:00,ACIU
7.04,7.08,7.04,7.05,1000,2021-08-26 19:18:00,ACIU
7.075,7.075,7.075,7.075,100,2021-08-26 19:21:00,ACIU
7.08,7.09,7.08,7.09,200,2021-08-26 19:24:00,ACIU
7.09,7.09,7.09,7.09,200,2021-08-26 19:25:00,ACIU
7.0501,7.0501,7.0501,7.0501,500,2021-08-26 19:26:00,ACIU
7.0842,7.0842,7.0842,7.0842,300,2021-08-26 19:27:00,ACIU
7.09,7.09,7.09,7.09,200,2021-08-26 19:28:00,ACIU
7.05,7.09,7.05,7.09,500,2021-08-26 19:30:00,ACIU
7.075,7.075,7.075,7.075,100,2021-08-26 19:35:00,ACIU
7.05,7.06,7.01,7.01,1585,2021-08-26 19:39:00,ACIU
7.05,7.05,7.03,7.04,2654,2021-08-26 19:40:00,ACIU
7.03,7.03,7.03,7.03,1000,2021-08-26 19:41:00,ACIU
7.01,7.01,7.01,7.01,400,2021-08-26 19:42:00,ACIU
7.02,7.025,7.01,7.01,300,2021-08-26 19:47:00,ACIU
7.03,7.03,7.01,7.01,5100,2021-08-26 19:50:00,ACIU
7.02,7.02,7.02,7.02,100,2021-08-26 19:51:00,ACIU
7.0,7.0,7.0,7.0,100,2021-08-26 19:52:00,ACIU
7.0,7.0,7.0,7.0,500,2021-08-26 19:53:00,ACIU
7.01,7.01,7.01,7.01,100,2021-08-26 19:54:00,ACIU
7.01,7.02,7.0,7.0,2200,2021-08-26 19:55:00,ACIU
7.0,7.0,7.0,7.0,200,2021-08-26 19:56:00,ACIU
7.01,7.01,6.98,6.98,928,2021-08-26 19:57:00,ACIU
6.97,7.0,6.97,7.0,300,2021-08-26 19:58:00,ACIU
7.0,7.0,6.98,7.0,1783,2021-08-26 19:59:00,ACIU
7.0,7.0,7.0,7.0,5035,2021-08-26 20:00:00,ACIU
7.05,7.05,7.05,7.05,200,2021-08-27 13:15:00,ACIU
7.04,7.04,7.0,7.03,3358,2021-08-27 13:30:00,ACIU
6.989,6.989,6.989,6.989,100,2021-08-27 13:32:00,ACIU
7.01,7.01,7.01,7.01,100,2021-08-27 13:45:00,ACIU
7.0,7.0,7.0,7.0,100,2021-08-27 13:46:00,ACIU
6.9999,6.9999,6.9999,6.9999,2000,2021-08-27 13:50:00,ACIU
6.99,6.99,6.99,6.99,300,2021-08-27 13:53:00,ACIU
6.9999,6.9999,6.9999,6.9999,3000,2021-08-27 13:54:00,ACIU
6.93,7.03,6.92,7.03,600,2021-08-27 13:56:00,ACIU
7.03,7.09,7.03,7.09,21104,2021-08-27 13:57:00,ACIU
7.065,7.065,7.065,7.065,100,2021-08-27 13:58:00,ACIU
7.05,7.05,7.05,7.05,300,2021-08-27 14:00:00,ACIU
7.03,7.03,7.03,7.03,100,2021-08-27 14:01:00,ACIU
7.03,7.03,7.03,7.03,100,2021-08-27 14:03:00,ACIU
7.03,7.03,6.99,6.99,933,2021-08-27 14:04:00,ACIU
6.99,6.99,6.95,6.95,200,2021-08-27 14:05:00,ACIU
6.97,6.97,6.92,6.92,200,2021-08-27 14:06:00,ACIU
6.99,7.05,6.99,7.03,1600,2021-08-27 14:07:00,ACIU
7.0,7.0,7.0,7.0,100,2021-08-27 14:08:00,ACIU
7.0,7.0,7.0,7.0,400,2021-08-27 14:10:00,ACIU
6.9501,6.9501,6.9501,6.9501,300,2021-08-27 14:11:00,ACIU
6.99,6.99,6.99,6.99,250,2021-08-27 14:12:00,ACIU
6.99,6.99,6.99,6.99,3000,2021-08-27 14:16:00,ACIU
6.97,6.97,6.97,6.97,100,2021-08-27 14:17:00,ACIU
6.95,6.95,6.95,6.95,100,2021-08-27 14:20:00,ACIU
7.03,7.03,7.03,7.03,200,2021-08-27 14:24:00,ACIU
7.01,7.03,7.01,7.03,800,2021-08-27 14:30:00,ACIU
7.03,7.04,7.03,7.04,400,2021-08-27 14:33:00,ACIU
7.05,7.06,7.05,7.05,12624,2021-08-27 14:36:00,ACIU
7.01,7.02,7.01,7.02,200,2021-08-27 14:37:00,ACIU
7.04,7.06,7.04,7.06,1019,2021-08-27 14:47:00,ACIU
7.07,7.07,7.05,7.06,1200,2021-08-27 14:49:00,ACIU
7.0794,7.0794,7.0794,7.0794,285,2021-08-27 14:50:00,ACIU
7.045,7.1,7.045,7.1,3042,2021-08-27 14:53:00,ACIU
7.09,7.09,7.09,7.09,500,2021-08-27 14:54:00,ACIU
7.07,7.07,7.07,7.07,100,2021-08-27 14:59:00,ACIU
7.0636,7.0636,7.0636,7.0636,310,2021-08-27 15:02:00,ACIU
7.06,7.08,7.055,7.08,1629,2021-08-27 15:22:00,ACIU
7.06,7.06,7.06,7.06,100,2021-08-27 15:31:00,ACIU
7.06,7.12,7.06,7.12,200,2021-08-27 15:32:00,ACIU
7.12,7.13,7.12,7.12,500,2021-08-27 15:45:00,ACIU
7.11,7.13,7.1,7.1,306,2021-08-27 15:59:00,ACIU
7.1001,7.1001,7.1001,7.1001,100,2021-08-27 16:04:00,ACIU
7.101,7.101,7.1,7.1,699,2021-08-27 16:05:00,ACIU
7.06,7.06,7.06,7.06,124,2021-08-27 16:19:00,ACIU
7.06,7.06,7.06,7.06,200,2021-08-27 16:20:00,ACIU
7.065,7.065,7.065,7.065,500,2021-08-27 16:21:00,ACIU
7.065,7.1,7.065,7.1,1000,2021-08-27 16:28:00,ACIU
7.05,7.07,7.05,7.07,200,2021-08-27 16:33:00,ACIU
7.065,7.085,7.065,7.085,1800,2021-08-27 16:42:00,ACIU
7.04,7.0487,7.02,7.02,900,2021-08-27 16:47:00,ACIU
7.08,7.08,7.03,7.03,500,2021-08-27 17:02:00,ACIU
7.03,7.03,7.03,7.03,100,2021-08-27 17:03:00,ACIU
7.07,7.07,7.07,7.07,100,2021-08-27 17:19:00,ACIU
7.02,7.06,7.02,7.06,791,2021-08-27 17:23:00,ACIU
7.031,7.031,7.0,7.0,1300,2021-08-27 17:28:00,ACIU
7.0,7.0,6.97,6.97,300,2021-08-27 17:29:00,ACIU
6.96,6.96,6.96,6.96,200,2021-08-27 17:31:00,ACIU
6.96,6.96,6.96,6.96,100,2021-08-27 17:43:00,ACIU
6.99,6.99,6.99,6.99,100,2021-08-27 17:45:00,ACIU
7.0,7.0,7.0,7.0,300,2021-08-27 17:48:00,ACIU
7.0,7.0,7.0,7.0,150,2021-08-27 17:49:00,ACIU
6.982,6.982,6.97,6.97,400,2021-08-27 17:57:00,ACIU
6.97,6.99,6.97,6.99,300,2021-08-27 17:58:00,ACIU
6.99,6.99,6.99,6.99,200,2021-08-27 18:01:00,ACIU
6.97,6.97,6.97,6.97,100,2021-08-27 18:05:00,ACIU
7.04,7.04,7.01,7.01,200,2021-08-27 18:11:00,ACIU
6.98,6.98,6.96,6.98,509,2021-08-27 18:14:00,ACIU
7.0,7.0,7.0,7.0,200,2021-08-27 18:16:00,ACIU
6.96,6.96,6.96,6.96,100,2021-08-27 18:17:00,ACIU
6.99,6.99,6.99,6.99,300,2021-08-27 18:18:00,ACIU
6.98,6.98,6.96,6.96,200,2021-08-27 18:19:00,ACIU
6.99,7.0,6.99,7.0,300,2021-08-27 18:22:00,ACIU
6.98,6.98,6.98,6.98,300,2021-08-27 18:23:00,ACIU
6.99,7.0,6.99,7.0,200,2021-08-27 18:30:00,ACIU
6.95,6.95,6.95,6.95,200,2021-08-27 18:39:00,ACIU
6.99,7.08,6.99,7.07,4894,2021-08-27 18:49:00,ACIU
6.99,6.99,6.99,6.99,100,2021-08-27 18:56:00,ACIU
7.08,7.08,7.08,7.08,200,2021-08-27 19:01:00,ACIU
7.04,7.05,7.04,7.05,300,2021-08-27 19:04:00,ACIU
7.05,7.05,7.04,7.05,1750,2021-08-27 19:05:00,ACIU
7.08,7.08,7.08,7.08,200,2021-08-27 19:11:00,ACIU
7.02,7.02,7.02,7.02,100,2021-08-27 19:13:00,ACIU
7.01,7.01,7.01,7.01,100,2021-08-27 19:23:00,ACIU
7.01,7.01,7.01,7.01,300,2021-08-27 19:26:00,ACIU
7.01,7.01,7.01,7.01,100,2021-08-27 19:27:00,ACIU
7.01,7.017,7.01,7.017,200,2021-08-27 19:29:00,ACIU
6.99,6.99,6.99,6.99,100,2021-08-27 19:30:00,ACIU
6.98,6.99,6.98,6.99,1108,2021-08-27 19:34:00,ACIU
6.985,6.985,6.985,6.985,100,2021-08-27 19:35:00,ACIU
6.985,6.985,6.985,6.985,100,2021-08-27 19:36:00,ACIU
6.97,6.97,6.97,6.97,100,2021-08-27 19:37:00,ACIU
6.96,6.96,6.96,6.96,100,2021-08-27 19:39:00,ACIU
6.94,6.94,6.94,6.94,100,2021-08-27 19:43:00,ACIU
6.94,6.94,6.92,6.92,850,2021-08-27 19:48:00,ACIU
6.95,6.97,6.95,6.96,734,2021-08-27 19:49:00,ACIU
6.955,6.955,6.955,6.955,100,2021-08-27 19:51:00,ACIU
6.955,6.97,6.955,6.97,300,2021-08-27 19:52:00,ACIU
6.97,6.97,6.94,6.94,300,2021-08-27 19:54:00,ACIU
6.94,6.94,6.93,6.93,300,2021-08-27 19:55:00,ACIU
6.93,6.93,6.93,6.93,224,2021-08-27 19:57:00,ACIU
6.93,6.93,6.93,6.93,218,2021-08-27 19:58:00,ACIU
6.93,6.95,6.93,6.95,1101,2021-08-27 19:59:00,ACIU
6.94,6.94,6.94,6.94,2473,2021-08-27 20:00:00,ACIU
6.87,6.88,6.8,6.8,2384,2021-08-30 13:30:00,ACIU
6.9,6.95,6.81,6.92,5371,2021-08-30 13:31:00,ACIU
6.95,6.95,6.95,6.95,700,2021-08-30 13:34:00,ACIU
6.94,6.95,6.94,6.95,5100,2021-08-30 13:37:00,ACIU
6.99,6.99,6.95,6.95,1874,2021-08-30 13:42:00,ACIU
6.925,6.925,6.925,6.925,200,2021-08-30 13:44:00,ACIU
6.9,6.91,6.9,6.91,300,2021-08-30 13:46:00,ACIU
6.88,6.88,6.88,6.88,100,2021-08-30 13:47:00,ACIU
6.9,6.9417,6.9,6.9417,489,2021-08-30 13:49:00,ACIU
6.94,6.95,6.94,6.94,1494,2021-08-30 13:51:00,ACIU
6.94,6.94,6.94,6.94,100,2021-08-30 13:53:00,ACIU
6.94,6.94,6.9395,6.9395,1000,2021-08-30 13:54:00,ACIU
6.95,7.03,6.95,7.01,14165,2021-08-30 13:56:00,ACIU
7.0276,7.0276,7.0276,7.0276,100,2021-08-30 14:11:00,ACIU
6.98,6.98,6.9395,6.9395,1000,2021-08-30 14:29:00,ACIU
6.96,6.97,6.96,6.96,1100,2021-08-30 14:30:00,ACIU
6.9588,6.9588,6.9588,6.9588,1000,2021-08-30 14:34:00,ACIU
7.03,7.07,7.0,7.04,2800,2021-08-30 14:41:00,ACIU
7.0,7.0,7.0,7.0,100,2021-08-30 14:48:00,ACIU
7.04,7.04,7.04,7.04,250,2021-08-30 14:52:00,ACIU
7.06,7.07,7.06,7.07,300,2021-08-30 14:54:00,ACIU
7.07,7.08,7.07,7.08,300,2021-08-30 14:57:00,ACIU
7.055,7.055,7.055,7.055,100,2021-08-30 14:58:00,ACIU
7.07,7.09,7.07,7.09,400,2021-08-30 15:01:00,ACIU
7.09,7.09,7.09,7.09,300,2021-08-30 15:04:00,ACIU
7.07,7.07,7.06,7.07,600,2021-08-30 15:06:00,ACIU
7.08,7.08,7.08,7.08,300,2021-08-30 15:10:00,ACIU
7.09,7.09,7.09,7.09,100,2021-08-30 15:12:00,ACIU
7.09,7.09,7.09,7.09,200,2021-08-30 15:14:00,ACIU
7.11,7.11,7.11,7.11,100,2021-08-30 15:16:00,ACIU
7.13,7.13,7.09,7.09,400,2021-08-30 15:18:00,ACIU
7.095,7.095,7.095,7.095,100,2021-08-30 15:20:00,ACIU
7.095,7.095,7.095,7.095,100,2021-08-30 15:22:00,ACIU
7.095,7.095,7.095,7.095,100,2021-08-30 15:23:00,ACIU
7.11,7.12,7.1,7.12,600,2021-08-30 15:25:00,ACIU
7.1018,7.14,7.1018,7.14,1000,2021-08-30 15:27:00,ACIU
7.13,7.14,7.13,7.14,200,2021-08-30 15:28:00,ACIU
7.14,7.14,7.14,7.14,365,2021-08-30 15:32:00,ACIU
7.12,7.12,7.12,7.12,200,2021-08-30 15:33:00,ACIU
7.1,7.11,7.1,7.1,500,2021-08-30 15:38:00,ACIU
7.12,7.12,7.12,7.12,118,2021-08-30 15:42:00,ACIU
7.12,7.12,7.12,7.12,200,2021-08-30 15:43:00,ACIU
7.12,7.12,7.12,7.12,100,2021-08-30 15:44:00,ACIU
7.11,7.11,7.11,7.11,100,2021-08-30 15:45:00,ACIU
7.1,7.1,7.1,7.1,100,2021-08-30 15:46:00,ACIU
7.12,7.12,7.1,7.1,700,2021-08-30 15:51:00,ACIU
7.1,7.1,7.1,7.1,100,2021-08-30 15:55:00,ACIU
7.115,7.115,7.115,7.115,100,2021-08-30 15:57:00,ACIU
7.115,7.115,7.115,7.115,100,2021-08-30 15:59:00,ACIU
7.1042,7.13,7.1042,7.13,1194,2021-08-30 16:00:00,ACIU
7.13,7.13,7.13,7.13,300,2021-08-30 16:04:00,ACIU
7.13,7.13,7.1,7.1,500,2021-08-30 16:08:00,ACIU
7.13,7.13,7.13,7.13,400,2021-08-30 16:11:00,ACIU
7.1,7.1,7.1,7.1,100,2021-08-30 16:14:00,ACIU
7.13,7.13,7.125,7.125,300,2021-08-30 16:17:00,ACIU
7.12,7.12,7.12,7.12,1000,2021-08-30 16:20:00,ACIU
7.14,7.14,7.12,7.12,200,2021-08-30 16:21:00,ACIU
7.14,7.14,7.14,7.14,300,2021-08-30 16:23:00,ACIU
7.13,7.13,7.12,7.12,300,2021-08-30 16:25:00,ACIU
7.1276,7.1276,7.1276,7.1276,671,2021-08-30 16:26:00,ACIU
7.13,7.13,7.13,7.13,1800,2021-08-30 16:27:00,ACIU
7.13,7.13,7.13,7.13,100,2021-08-30 16:29:00,ACIU
7.14,7.14,7.14,7.14,100,2021-08-30 16:34:00,ACIU
7.15,7.15,7.15,7.15,1000,2021-08-30 16:35:00,ACIU
7.15,7.15,7.15,7.15,300,2021-08-30 16:39:00,ACIU
7.15,7.15,7.15,7.15,100,2021-08-30 16:41:00,ACIU
7.15,7.15,7.1163,7.1163,2300,2021-08-30 16:43:00,ACIU
7.15,7.15,7.15,7.15,300,2021-08-30 16:46:00,ACIU
7.15,7.16,7.15,7.16,4100,2021-08-30 16:50:00,ACIU
7.19,7.19,7.165,7.165,200,2021-08-30 16:53:00,ACIU
7.19,7.19,7.19,7.19,300,2021-08-30 16:55:00,ACIU
7.19,7.19,7.19,7.19,100,2021-08-30 16:56:00,ACIU
7.17,7.17,7.17,7.17,200,2021-08-30 16:57:00,ACIU
7.17,7.1734,7.16,7.1734,800,2021-08-30 16:58:00,ACIU
7.16,7.17,7.16,7.17,2672,2021-08-30 16:59:00,ACIU
7.16,7.16,7.16,7.16,200,2021-08-30 17:00:00,ACIU
7.19,7.2,7.19,7.2,300,2021-08-30 17:05:00,ACIU
7.16,7.17,7.16,7.17,200,2021-08-30 17:08:00,ACIU
7.14,7.14,7.14,7.14,100,2021-08-30 17:10:00,ACIU
7.17,7.17,7.17,7.17,300,2021-08-30 17:14:00,ACIU
7.15,7.15,7.15,7.15,250,2021-08-30 17:15:00,ACIU
7.17,7.17,7.17,7.17,100,2021-08-30 17:17:00,ACIU
7.165,7.165,7.165,7.165,200,2021-08-30 17:18:00,ACIU
7.18,7.18,7.18,7.18,200,2021-08-30 17:19:00,ACIU
7.16,7.16,7.16,7.16,100,2021-08-30 17:20:00,ACIU
7.15,7.15,7.15,7.15,100,2021-08-30 17:21:00,ACIU
7.18,7.18,7.18,7.18,300,2021-08-30 17:25:00,ACIU
7.18,7.18,7.18,7.18,100,2021-08-30 17:28:00,ACIU
7.19,7.19,7.16,7.16,400,2021-08-30 17:30:00,ACIU
7.19,7.19,7.19,7.19,300,2021-08-30 17:35:00,ACIU
7.19,7.19,7.17,7.19,400,2021-08-30 17:39:00,ACIU
7.18,7.18,7.18,7.18,100,2021-08-30 17:40:00,ACIU
7.18,7.18,7.18,7.18,100,2021-08-30 17:42:00,ACIU
7.175,7.175,7.175,7.175,100,2021-08-30 17:44:00,ACIU
7.175,7.175,7.175,7.175,100,2021-08-30 17:45:00,ACIU
7.175,7.175,7.175,7.175,100,2021-08-30 17:46:00,ACIU
7.175,7.2,7.175,7.185,1600,2021-08-30 17:47:00,ACIU
7.185,7.185,7.185,7.185,100,2021-08-30 17:48:00,ACIU
7.18,7.18,7.18,7.18,100,2021-08-30 17:49:00,ACIU
7.185,7.185,7.185,7.185,100,2021-08-30 17:51:00,ACIU
7.185,7.185,7.185,7.185,100,2021-08-30 17:52:00,ACIU
7.185,7.185,7.18,7.18,200,2021-08-30 17:53:00,ACIU
7.2,7.2,7.2,7.2,300,2021-08-30 17:56:00,ACIU
7.185,7.185,7.185,7.185,100,2021-08-30 17:59:00,ACIU
7.185,7.185,7.185,7.185,100,2021-08-30 18:00:00,ACIU
7.2,7.209,7.2,7.209,400,2021-08-30 18:01:00,ACIU
7.185,7.21,7.185,7.21,450,2021-08-30 18:03:00,ACIU
7.21,7.21,7.21,7.21,2850,2021-08-30 18:04:00,ACIU
7.18,7.18,7.15,7.17,2100,2021-08-30 18:07:00,ACIU
7.17,7.17,7.155,7.155,200,2021-08-30 18:09:00,ACIU
7.17,7.18,7.17,7.18,300,2021-08-30 18:14:00,ACIU
7.18,7.18,7.18,7.18,300,2021-08-30 18:18:00,ACIU
7.17,7.19,7.17,7.19,200,2021-08-30 18:21:00,ACIU
7.16,7.16,7.16,7.16,100,2021-08-30 18:23:00,ACIU
7.15,7.15,7.15,7.15,100,2021-08-30 18:24:00,ACIU
7.14,7.14,7.13,7.13,200,2021-08-30 18:25:00,ACIU
7.13,7.13,7.13,7.13,100,2021-08-30 18:26:00,ACIU
7.15,7.15,7.15,7.15,500,2021-08-30 18:27:00,ACIU
7.15,7.15,7.15,7.15,100,2021-08-30 18:30:00,ACIU
7.17,7.17,7.11,7.11,1100,2021-08-30 18:32:00,ACIU
7.125,7.125,7.125,7.125,100,2021-08-30 18:38:00,ACIU
7.125,7.125,7.125,7.125,100,2021-08-30 18:39:00,ACIU
7.14,7.14,7.14,7.14,298,2021-08-30 18:41:00,ACIU
7.14,7.14,7.14,7.14,210,2021-08-30 18:45:00,ACIU
7.14,7.15,7.14,7.15,853,2021-08-30 18:47:00,ACIU
7.17,7.17,7.17,7.17,300,2021-08-30 18:49:00,ACIU
7.17,7.17,7.17,7.17,300,2021-08-30 18:52:00,ACIU
7.15,7.15,7.12,7.14,600,2021-08-30 18:54:00,ACIU
7.15,7.15,7.15,7.15,200,2021-08-30 18:59:00,ACIU
7.16,7.16,7.16,7.16,100,2021-08-30 19:00:00,ACIU
7.17,7.17,7.17,7.17,200,2021-08-30 19:03:00,ACIU
7.18,7.18,7.18,7.18,200,2021-08-30 19:07:00,ACIU
7.18,7.18,7.15,7.15,367,2021-08-30 19:10:00,ACIU
7.15,7.15,7.15,7.15,100,2021-08-30 19:12:00,ACIU
7.14,7.14,7.14,7.14,750,2021-08-30 19:14:00,ACIU
7.16,7.16,7.16,7.16,300,2021-08-30 19:15:00,ACIU
7.13,7.14,7.12,7.13,2395,2021-08-30 19:17:00,ACIU
7.1,7.1,7.1,7.1,100,2021-08-30 19:22:00,ACIU
7.11,7.11,7.1,7.1,300,2021-08-30 19:23:00,ACIU
7.105,7.105,7.105,7.105,100,2021-08-30 19:29:00,ACIU
7.105,7.105,7.105,7.105,100,2021-08-30 19:30:00,ACIU
7.13,7.13,7.105,7.105,600,2021-08-30 19:31:00,ACIU
7.105,7.105,7.105,7.105,100,2021-08-30 19:33:00,ACIU
7.105,7.105,7.105,7.105,100,2021-08-30 19:34:00,ACIU
7.105,7.115,7.09,7.09,600,2021-08-30 19:35:00,ACIU
7.08,7.08,7.08,7.08,100,2021-08-30 19:36:00,ACIU
7.075,7.09,7.075,7.09,200,2021-08-30 19:40:00,ACIU
7.075,7.075,7.075,7.075,100,2021-08-30 19:41:00,ACIU
7.09,7.09,7.09,7.09,300,2021-08-30 19:43:00,ACIU
7.065,7.065,7.065,7.065,100,2021-08-30 19:49:00,ACIU
7.05,7.06,7.01,7.06,1631,2021-08-30 19:50:00,ACIU
7.06,7.06,7.06,7.06,443,2021-08-30 19:51:00,ACIU
7.04,7.04,7.04,7.04,200,2021-08-30 19:53:00,ACIU
7.05,7.06,7.03,7.03,1248,2021-08-30 19:54:00,ACIU
7.02,7.04,7.02,7.0355,1085,2021-08-30 19:55:00,ACIU
7.01,7.07,7.01,7.02,1717,2021-08-30 19:56:00,ACIU
7.02,7.03,7.01,7.01,1285,2021-08-30 19:57:00,ACIU
7.02,7.05,7.01,7.01,1020,2021-08-30 19:58:00,ACIU
7.015,7.03,7.0,7.0,2034,2021-08-30 19:59:00,ACIU
6.99,6.99,6.99,6.99,13052,2021-08-30 20:00:00,ACIU
7.23,9.5,7.23,8.24,37720,2021-08-31 11:30:00,ACIU
8.24,9.77,7.95,9.65,102283,2021-08-31 11:31:00,ACIU
9.55,10.5,9.45,10.38,123867,2021-08-31 11:32:00,ACIU
10.39,11.33,10.0,10.43,131546,2021-08-31 11:33:00,ACIU
10.43,10.75,10.0,10.55,89920,2021-08-31 11:34:00,ACIU
10.55,10.65,10.07,10.59,104853,2021-08-31 11:35:00,ACIU
10.5,10.6,10.1,10.15,56663,2021-08-31 11:36:00,ACIU
10.15,11.8,10.1,11.42,215663,2021-08-31 11:37:00,ACIU
11.34,11.42,10.86,10.94,133624,2021-08-31 11:38:00,ACIU
10.97,11.09,10.74,10.8,100204,2021-08-31 11:39:00,ACIU
10.83,11.15,10.5,11.13,300220,2021-08-31 11:40:00,ACIU
11.17,11.43,11.0,11.24,142378,2021-08-31 11:41:00,ACIU
11.17,11.5,10.85,11.4,196196,2021-08-31 11:42:00,ACIU
11.4,11.75,11.1,11.26,209023,2021-08-31 11:43:00,ACIU
11.25,11.61,11.13,11.33,112985,2021-08-31 11:44:00,ACIU
11.33,11.7,10.9,11.2,140790,2021-08-31 11:45:00,ACIU
11.14,11.33,11.03,11.1,95030,2021-08-31 11:46:00,ACIU
11.12,11.5,10.97,11.25,93322,2021-08-31 11:47:00,ACIU
11.27,11.49,11.05,11.1,84030,2021-08-31 11:48:00,ACIU
11.17,11.6,11.04,11.5,182665,2021-08-31 11:49:00,ACIU
11.5,11.75,11.36,11.59,298519,2021-08-31 11:50:00,ACIU
11.6,11.9,11.59,11.72,262366,2021-08-31 11:51:00,ACIU
11.72,11.84,11.51,11.68,124735,2021-08-31 11:52:00,ACIU
11.68,11.75,11.36,11.37,145861,2021-08-31 11:53:00,ACIU
11.39,11.48,11.22,11.37,139869,2021-08-31 11:54:00,ACIU
11.4,11.46,11.22,11.38,115413,2021-08-31 11:55:00,ACIU
11.38,11.49,11.25,11.34,67377,2021-08-31 11:56:00,ACIU
11.34,11.65,10.8,11.109,262927,2021-08-31 11:57:00,ACIU
11.02,11.19,10.88,11.11,209034,2021-08-31 11:58:00,ACIU
11.11,11.3,11.07,11.3,92745,2021-08-31 11:59:00,ACIU
11.32,11.54,11.22,11.5,149778,2021-08-31 12:00:00,ACIU
11.5,12.18,11.48,11.84,434250,2021-08-31 12:01:00,ACIU
11.841,12.77,11.83,12.42,373238,2021-08-31 12:02:00,ACIU
12.43,12.61,12.0,12.1,264659,2021-08-31 12:03:00,ACIU
12.15,12.57,12.15,12.34,159616,2021-08-31 12:04:00,ACIU
12.38,12.43,12.25,12.34,82373,2021-08-31 12:05:00,ACIU
12.3,12.5,12.0,12.16,244465,2021-08-31 12:06:00,ACIU
12.19,12.39,12.16,12.18,82948,2021-08-31 12:07:00,ACIU
12.17,12.24,11.9,12.07,144449,2021-08-31 12:08:00,ACIU
12.07,12.18,11.94,11.94,77411,2021-08-31 12:09:00,ACIU
11.95,12.32,11.92,12.27,132883,2021-08-31 12:10:00,ACIU
12.27,12.45,12.1,12.2,111866,2021-08-31 12:11:00,ACIU
12.17,12.25,11.75,11.87,121547,2021-08-31 12:12:00,ACIU
11.85,11.97,11.68,11.86,129774,2021-08-31 12:13:00,ACIU
11.86,11.88,11.68,11.75,97330,2021-08-31 12:14:00,ACIU
11.78,11.96,11.67,11.88,107529,2021-08-31 12:15:00,ACIU
11.84,12.22,11.8,12.1,151584,2021-08-31 12:16:00,ACIU
12.08,12.23,11.76,11.855,86603,2021-08-31 12:17:00,ACIU
11.855,11.9,11.72,11.84,74800,2021-08-31 12:18:00,ACIU
11.84,11.88,11.6,11.75,104534,2021-08-31 12:19:00,ACIU
11.75,11.9,11.75,11.85,56213,2021-08-31 12:20:00,ACIU
11.84,12.0,11.8,11.9,139482,2021-08-31 12:21:00,ACIU
11.92,12.0,11.74,12.0,59913,2021-08-31 12:22:00,ACIU
12.0,12.0,11.41,11.64,196529,2021-08-31 12:23:00,ACIU
11.64,11.67,11.43,11.59,122139,2021-08-31 12:24:00,ACIU
11.57,11.6,11.43,11.59,71900,2021-08-31 12:25:00,ACIU
11.59,11.6,11.5,11.54,32747,2021-08-31 12:26:00,ACIU
11.59,11.59,11.32,11.4,125136,2021-08-31 12:27:00,ACIU
11.38,11.44,11.3,11.39,67149,2021-08-31 12:28:00,ACIU
11.4,11.44,11.3,11.33,61002,2021-08-31 12:29:00,ACIU
11.33,11.33,11.2,11.25,121163,2021-08-31 12:30:00,ACIU
11.25,11.49,11.23,11.42,87205,2021-08-31 12:31:00,ACIU
11.45,11.68,11.36,11.67,119566,2021-08-31 12:32:00,ACIU
11.64,11.72,11.49,11.51,143290,2021-08-31 12:33:00,ACIU
11.51,11.59,11.41,11.45,56569,2021-08-31 12:34:00,ACIU
11.49,11.69,11.49,11.6,39277,2021-08-31 12:35:00,ACIU
11.56,11.71,11.46,11.48,93835,2021-08-31 12:36:00,ACIU
11.47,11.48,11.07,11.25,173000,2021-08-31 12:37:00,ACIU
11.26,11.37,11.2,11.28,59554,2021-08-31 12:38:00,ACIU
11.29,11.35,11.26,11.31,29069,2021-08-31 12:39:00,ACIU
11.32,11.38,11.1,11.22,69172,2021-08-31 12:40:00,ACIU
11.22,11.26,11.16,11.2,67995,2021-08-31 12:41:00,ACIU
11.18,11.49,11.18,11.49,57645,2021-08-31 12:42:00,ACIU
11.5,11.85,11.5,11.7,275712,2021-08-31 12:43:00,ACIU
11.72,11.89,11.61,11.74,126713,2021-08-31 12:44:00,ACIU
11.73,11.79,11.34,11.41,197391,2021-08-31 12:45:00,ACIU
11.41,11.59,11.3,11.38,117817,2021-08-31 12:46:00,ACIU
11.39,11.58,11.3,11.57,62729,2021-08-31 12:47:00,ACIU
11.55,11.75,11.5,11.5,105706,2021-08-31 12:48:00,ACIU
11.5,11.61,11.38,11.56,72732,2021-08-31 12:49:00,ACIU
11.55,11.75,11.55,11.68,107843,2021-08-31 12:50:00,ACIU
11.67,11.85,11.66,11.67,147726,2021-08-31 12:51:00,ACIU
11.66,11.85,11.65,11.8,97665,2021-08-31 12:52:00,ACIU
11.8,12.24,11.77,12.07,283672,2021-08-31 12:53:00,ACIU
12.08,12.21,12.0,12.13,183440,2021-08-31 12:54:00,ACIU
12.13,12.15,11.96,12.01,125746,2021-08-31 12:55:00,ACIU
12.03,12.15,11.96,12.0,81944,2021-08-31 12:56:00,ACIU
12.02,12.35,11.85,12.21,326838,2021-08-31 12:57:00,ACIU
12.24,12.29,12.1,12.24,94836,2021-08-31 12:58:00,ACIU
12.24,12.3,12.06,12.25,103800,2021-08-31 12:59:00,ACIU
12.22,12.22,12.0,12.12,176488,2021-08-31 13:00:00,ACIU
12.14,12.67,12.13,12.67,387171,2021-08-31 13:01:00,ACIU
12.65,12.7,12.44,12.55,300651,2021-08-31 13:02:00,ACIU
12.55,12.64,12.28,12.31,237199,2021-08-31 13:03:00,ACIU
12.3,12.47,12.28,12.47,122567,2021-08-31 13:04:00,ACIU
12.48,12.51,12.33,12.39,91393,2021-08-31 13:05:00,ACIU
12.36,12.47,12.26,12.41,118203,2021-08-31 13:06:00,ACIU
12.439,12.56,12.21,12.28,219427,2021-08-31 13:07:00,ACIU
12.28,12.32,12.18,12.25,149344,2021-08-31 13:08:00,ACIU
12.25,12.37,12.19,12.25,99826,2021-08-31 13:09:00,ACIU
12.25,12.25,12.05,12.05,130105,2021-08-31 13:10:00,ACIU
12.05,12.21,12.01,12.11,94228,2021-08-31 13:11:00,ACIU
12.12,12.2,12.05,12.2,51918,2021-08-31 13:12:00,ACIU
12.2,12.21,12.06,12.14,54258,2021-08-31 13:13:00,ACIU
12.11,12.36,12.1,12.36,108479,2021-08-31 13:14:00,ACIU
12.36,12.38,12.22,12.31,74209,2021-08-31 13:15:00,ACIU
12.3,12.31,12.15,12.24,60534,2021-08-31 13:16:00,ACIU
12.24,12.32,12.15,12.24,49639,2021-08-31 13:17:00,ACIU
12.24,12.64,12.24,12.6,193619,2021-08-31 13:18:00,ACIU
12.6,13.1,12.6,12.92,584900,2021-08-31 13:19:00,ACIU
12.88,12.94,12.77,12.81,183884,2021-08-31 13:20:00,ACIU
12.83,12.83,12.5,12.6,201132,2021-08-31 13:21:00,ACIU
12.58,12.66,12.3,12.43,259839,2021-08-31 13:22:00,ACIU
12.42,12.51,12.36,12.43,124489,2021-08-31 13:23:00,ACIU
12.42,12.46,12.24,12.45,159823,2021-08-31 13:24:00,ACIU
12.45,12.45,11.91,12.08,388723,2021-08-31 13:25:00,ACIU
12.12,12.38,12.07,12.3,169117,2021-08-31 13:26:00,ACIU
12.3,12.32,12.05,12.1,146208,2021-08-31 13:27:00,ACIU
12.04,12.1,11.93,12.0,283296,2021-08-31 13:28:00,ACIU
12.0,12.1,11.95,12.01,193014,2021-08-31 13:29:00,ACIU
12.01,12.48,11.75,11.7614,2855482,2021-08-31 13:30:00,ACIU
11.79,12.01,11.75,11.84,794532,2021-08-31 13:31:00,ACIU
11.8417,12.5,11.62,12.0005,1651203,2021-08-31 13:32:00,ACIU
12.0,12.54,11.4,11.62,1778114,2021-08-31 13:33:00,ACIU
11.63,11.85,11.6,11.77,562986,2021-08-31 13:34:00,ACIU
11.78,12.19,11.65,12.1199,1116557,2021-08-31 13:35:00,ACIU
12.13,12.58,11.97,12.11,2478238,2021-08-31 13:36:00,ACIU
12.11,12.25,11.68,12.08,1286849,2021-08-31 13:37:00,ACIU
12.07,12.61,12.0,12.141,1647864,2021-08-31 13:38:00,ACIU
12.1446,12.3,12.0,12.0,848652,2021-08-31 13:39:00,ACIU
12.025,12.31,11.45,11.95,2057217,2021-08-31 13:40:00,ACIU
11.98,12.02,11.77,11.829,797550,2021-08-31 13:41:00,ACIU
11.81,12.0,11.67,11.9201,532719,2021-08-31 13:42:00,ACIU
11.92,12.01,11.8,11.84,466287,2021-08-31 13:43:00,ACIU
11.8113,12.1,11.3,11.69,1340160,2021-08-31 13:44:00,ACIU
11.73,11.9199,11.55,11.83,399105,2021-08-31 13:45:00,ACIU
11.83,11.95,11.63,11.71,390863,2021-08-31 13:46:00,ACIU
11.76,11.8,11.35,11.68,502057,2021-08-31 13:47:00,ACIU
11.73,11.83,11.5,11.53,308196,2021-08-31 13:48:00,ACIU
11.54,11.6799,11.0301,11.215,814045,2021-08-31 13:49:00,ACIU
11.2225,11.4399,11.11,11.14,537733,2021-08-31 13:50:00,ACIU
11.1201,11.18,10.85,11.01,1019801,2021-08-31 13:51:00,ACIU
11.0,11.18,10.86,10.998,432688,2021-08-31 13:52:00,ACIU
10.9821,11.14,10.9,10.9927,366681,2021-08-31 13:53:00,ACIU
10.97,11.14,10.86,11.08,342758,2021-08-31 13:54:00,ACIU
11.11,11.12,10.83,10.8902,337751,2021-08-31 13:55:00,ACIU
10.9099,11.18,10.84,11.07,534181,2021-08-31 13:56:00,ACIU
11.0506,11.29,11.03,11.1899,582418,2021-08-31 13:57:00,ACIU
11.187,11.3,11.1,11.27,445245,2021-08-31 13:58:00,ACIU
11.27,11.28,11.1,11.19,318290,2021-08-31 13:59:00,ACIU
11.1952,11.25,10.87,11.01,549583,2021-08-31 14:00:00,ACIU
11.0115,11.1,10.91,11.03,225363,2021-08-31 14:01:00,ACIU
11.03,11.58,11.0,11.38,899773,2021-08-31 14:02:00,ACIU
11.3839,11.56,11.35,11.39,494086,2021-08-31 14:03:00,ACIU
11.37,11.49,11.29,11.44,349151,2021-08-31 14:04:00,ACIU
11.45,11.5,11.23,11.36,414700,2021-08-31 14:05:00,ACIU
11.35,11.375,11.2,11.28,259917,2021-08-31 14:06:00,ACIU
11.285,11.72,11.23,11.61,837678,2021-08-31 14:07:00,ACIU
11.57,11.74,11.47,11.6115,703628,2021-08-31 14:08:00,ACIU
11.61,11.68,11.4401,11.526,476132,2021-08-31 14:09:00,ACIU
11.53,11.69,11.42,11.56,523183,2021-08-31 14:10:00,ACIU
11.53,11.6,11.42,11.4656,317027,2021-08-31 14:11:00,ACIU
11.48,11.5,11.29,11.4296,390322,2021-08-31 14:12:00,ACIU
11.3901,11.42,11.2,11.22,364838,2021-08-31 14:13:00,ACIU
11.22,11.25,10.7701,11.02,809360,2021-08-31 14:14:00,ACIU
11.02,11.35,10.96,11.0,454211,2021-08-31 14:15:00,ACIU
11.0,11.23,10.96,11.1476,209925,2021-08-31 14:16:00,ACIU
11.14,11.15,11.0,11.05,150647,2021-08-31 14:17:00,ACIU
11.03,11.1,10.98,11.0787,214579,2021-08-31 14:18:00,ACIU
11.0711,11.1799,10.99,11.04,183522,2021-08-31 14:19:00,ACIU
11.02,11.3,10.7301,11.1582,508470,2021-08-31 14:20:00,ACIU
11.18,11.7,11.18,11.6168,966031,2021-08-31 14:21:00,ACIU
11.57,12.0199,11.57,11.81,1361121,2021-08-31 14:22:00,ACIU
11.82,11.84,11.65,11.8325,658676,2021-08-31 14:23:00,ACIU
11.84,11.88,11.64,11.6699,568239,2021-08-31 14:24:00,ACIU
11.66,11.8,11.56,11.7585,722302,2021-08-31 14:25:00,ACIU
11.76,11.8499,11.6,11.65,417379,2021-08-31 14:26:00,ACIU
11.6372,11.75,11.52,11.7,334913,2021-08-31 14:27:00,ACIU
11.699,11.76,11.57,11.65,357104,2021-08-31 14:28:00,ACIU
11.66,11.68,11.54,11.615,227017,2021-08-31 14:29:00,ACIU
11.615,11.7,11.33,11.381,642427,2021-08-31 14:30:00,ACIU
11.39,11.46,11.23,11.31,388742,2021-08-31 14:31:00,ACIU
11.312,11.4,11.29,11.3585,142506,2021-08-31 14:32:00,ACIU
11.33,11.37,11.22,11.23,230570,2021-08-31 14:33:00,ACIU
11.2594,11.42,11.15,11.17,227758,2021-08-31 14:34:00,ACIU
11.16,11.21,10.2,10.4301,1584972,2021-08-31 14:35:00,ACIU
10.4301,10.49,10.29,10.39,565903,2021-08-31 14:36:00,ACIU
10.4,10.4799,10.29,10.3125,283180,2021-08-31 14:37:00,ACIU
10.34,10.4,10.28,10.3584,281277,2021-08-31 14:38:00,ACIU
10.36,10.412,10.26,10.3723,290707,2021-08-31 14:39:00,ACIU
10.3936,10.4,10.22,10.26,233747,2021-08-31 14:40:00,ACIU
10.27,10.29,10.18,10.2103,247571,2021-08-31 14:41:00,ACIU
10.21,10.2347,10.06,10.11,531404,2021-08-31 14:42:00,ACIU
10.115,10.3899,10.05,10.0501,320698,2021-08-31 14:43:00,ACIU
10.079,10.3699,10.03,10.1265,251127,2021-08-31 14:44:00,ACIU
10.13,10.1499,9.93,9.9474,486226,2021-08-31 14:45:00,ACIU
9.9498,10.0,9.83,9.9003,459494,2021-08-31 14:46:00,ACIU
9.9,10.0,9.9,9.991,275101,2021-08-31 14:47:00,ACIU
10.0,10.0,9.91,9.95,182717,2021-08-31 14:48:00,ACIU
9.9257,9.96,9.87,9.9001,168189,2021-08-31 14:49:00,ACIU
9.9,10.0,9.86,9.95,219533,2021-08-31 14:50:00,ACIU
9.95,10.07,9.89,9.95,363397,2021-08-31 14:51:00,ACIU
9.9401,10.08,9.88,9.915,198173,2021-08-31 14:52:00,ACIU
9.92,9.93,9.8,9.8547,239876,2021-08-31 14:53:00,ACIU
9.8547,9.89,9.74,9.86,224653,2021-08-31 14:54:00,ACIU
9.88,9.95,9.86,9.925,156297,2021-08-31 14:55:00,ACIU
9.925,9.95,9.86,9.9,119333,2021-08-31 14:56:00,ACIU
9.91,9.92,9.81,9.815,124816,2021-08-31 14:57:00,ACIU
9.81,9.9,9.72,9.87,234001,2021-08-31 14:58:00,ACIU
9.88,9.91,9.8699,9.8801,130171,2021-08-31 14:59:00,ACIU
9.8834,9.9,9.82,9.8998,83766,2021-08-31 15:00:00,ACIU
9.9,10.0,9.88,9.95,236275,2021-08-31 15:01:00,ACIU
9.95,9.96,9.77,9.81,214647,2021-08-31 15:02:00,ACIU
9.8,9.81,9.75,9.79,141409,2021-08-31 15:03:00,ACIU
9.79,9.8,9.62,9.66,259440,2021-08-31 15:04:00,ACIU
9.68,9.74,9.57,9.6782,382913,2021-08-31 15:05:00,ACIU
9.67,9.7,9.66,9.6679,105907,2021-08-31 15:06:00,ACIU
9.6601,9.6601,9.53,9.57,233733,2021-08-31 15:07:00,ACIU
9.5524,9.6,9.52,9.5297,174815,2021-08-31 15:08:00,ACIU
9.52,9.55,9.43,9.4555,329722,2021-08-31 15:09:00,ACIU
9.44,9.48,9.37,9.4304,319235,2021-08-31 15:10:00,ACIU
9.4358,9.44,9.33,9.3799,212634,2021-08-31 15:11:00,ACIU
9.38,9.4,9.31,9.3323,207434,2021-08-31 15:12:00,ACIU
9.33,9.5499,9.3,9.37,213712,2021-08-31 15:13:00,ACIU
9.36,9.37,9.28,9.3445,172827,2021-08-31 15:14:00,ACIU
9.35,9.49,9.32,9.4896,333511,2021-08-31 15:15:00,ACIU
9.4779,9.5999,9.45,9.49,293149,2021-08-31 15:16:00,ACIU
9.48,9.4999,9.45,9.45,102754,2021-08-31 15:17:00,ACIU
9.46,9.54,9.46,9.54,134535,2021-08-31 15:18:00,ACIU
9.54,9.57,9.46,9.4776,150351,2021-08-31 15:19:00,ACIU
9.474,9.49,9.4,9.46,140131,2021-08-31 15:20:00,ACIU
9.459,9.46,9.41,9.41,56607,2021-08-31 15:21:00,ACIU
9.41,9.4266,9.18,9.23,276668,2021-08-31 15:22:00,ACIU
9.23,9.29,9.2,9.2645,146092,2021-08-31 15:23:00,ACIU
9.29,9.29,9.2106,9.23,46008,2021-08-31 15:24:00,ACIU
9.24,9.4799,9.23,9.271,174460,2021-08-31 15:25:00,ACIU
9.28,9.34,9.28,9.33,49609,2021-08-31 15:26:00,ACIU
9.33,9.33,9.25,9.31,64091,2021-08-31 15:27:00,ACIU
9.3,9.37,9.28,9.37,47338,2021-08-31 15:28:00,ACIU
9.36,9.46,9.36,9.42,95315,2021-08-31 15:29:00,ACIU
9.42,9.46,9.36,9.45,80020,2021-08-31 15:30:00,ACIU
9.45,9.5,9.4315,9.4877,129650,2021-08-31 15:31:00,ACIU
9.49,9.52,9.43,9.44,127055,2021-08-31 15:32:00,ACIU
9.44,9.4402,9.32,9.39,100681,2021-08-31 15:33:00,ACIU
9.3999,9.43,9.3,9.3753,62161,2021-08-31 15:34:00,ACIU
9.3735,9.44,9.34,9.355,71934,2021-08-31 15:35:00,ACIU
9.3547,9.3547,9.23,9.3199,142280,2021-08-31 15:36:00,ACIU
9.3135,9.3135,9.24,9.28,87631,2021-08-31 15:37:00,ACIU
9.289,9.29,9.23,9.2302,47550,2021-08-31 15:38:00,ACIU
9.24,9.24,9.12,9.17,304759,2021-08-31 15:39:00,ACIU
9.15,9.26,9.15,9.23,101414,2021-08-31 15:40:00,ACIU
9.24,9.25,9.18,9.18,85318,2021-08-31 15:41:00,ACIU
9.19,9.25,9.13,9.24,121204,2021-08-31 15:42:00,ACIU
9.23,9.44,9.22,9.33,265304,2021-08-31 15:43:00,ACIU
9.36,9.36,9.26,9.27,82898,2021-08-31 15:44:00,ACIU
9.28,9.3,9.26,9.29,34771,2021-08-31 15:45:00,ACIU
9.2941,9.3,9.21,9.25,84828,2021-08-31 15:46:00,ACIU
9.2304,9.25,9.08,9.1542,155246,2021-08-31 15:47:00,ACIU
9.1514,9.19,9.12,9.125,87724,2021-08-31 15:48:00,ACIU
9.12,9.14,9.02,9.1,219962,2021-08-31 15:49:00,ACIU
9.1,9.12,9.06,9.11,96737,2021-08-31 15:50:00,ACIU
9.11,9.21,9.09,9.21,111364,2021-08-31 15:51:00,ACIU
9.18,9.26,9.17,9.1898,100902,2021-08-31 15:52:00,ACIU
9.18,9.19,9.15,9.171,34418,2021-08-31 15:53:00,ACIU
9.18,9.3,9.18,9.29,126138,2021-08-31 15:54:00,ACIU
9.3,9.3,9.1601,9.2385,80265,2021-08-31 15:55:00,ACIU
9.24,9.255,9.2,9.2231,68000,2021-08-31 15:56:00,ACIU
9.239,9.34,9.235,9.3175,101107,2021-08-31 15:57:00,ACIU
9.325,9.34,9.22,9.32,384569,2021-08-31 15:58:00,ACIU
9.3194,9.32,9.255,9.3198,68903,2021-08-31 15:59:00,ACIU
9.32,9.39,9.3,9.3,137114,2021-08-31 16:00:00,ACIU
9.3,9.33,9.21,9.32,113647,2021-08-31 16:01:00,ACIU
9.325,9.33,9.3,9.305,47611,2021-08-31 16:02:00,ACIU
9.3084,9.3084,9.24,9.27,77241,2021-08-31 16:03:00,ACIU
9.27,9.309,9.25,9.3,35659,2021-08-31 16:04:00,ACIU
9.3,9.33,9.29,9.3,57101,2021-08-31 16:05:00,ACIU
9.31,9.31,9.25,9.2893,31368,2021-08-31 16:06:00,ACIU
9.28,9.34,9.28,9.32,76846,2021-08-31 16:07:00,ACIU
9.32,9.39,9.32,9.3825,117161,2021-08-31 16:08:00,ACIU
9.36,9.6,9.35,9.555,377287,2021-08-31 16:09:00,ACIU
9.541,9.5681,9.47,9.48,200679,2021-08-31 16:10:00,ACIU
9.48,9.6399,9.48,9.5,287431,2021-08-31 16:11:00,ACIU
9.505,9.5699,9.5,9.53,122568,2021-08-31 16:12:00,ACIU
9.549,9.55,9.41,9.445,159778,2021-08-31 16:13:00,ACIU
9.4499,9.45,9.38,9.38,99815,2021-08-31 16:14:00,ACIU
9.38,9.44,9.37,9.3972,54113,2021-08-31 16:15:00,ACIU
9.39,9.42,9.33,9.36,83746,2021-08-31 16:16:00,ACIU
9.3405,9.38,9.34,9.36,63697,2021-08-31 16:17:00,ACIU
9.37,9.4,9.28,9.295,69558,2021-08-31 16:18:00,ACIU
9.29,9.3,9.1,9.18,188100,2021-08-31 16:19:00,ACIU
9.179,9.2,9.12,9.1332,94673,2021-08-31 16:20:00,ACIU
9.1599,9.18,9.05,9.0899,140818,2021-08-31 16:21:00,ACIU
9.05,9.13,9.05,9.1,96443,2021-08-31 16:22:00,ACIU
9.06,9.1,8.94,8.965,259006,2021-08-31 16:23:00,ACIU
8.9699,9.04,8.94,9.02,125919,2021-08-31 16:24:00,ACIU
9.0225,9.0225,8.94,8.94,108347,2021-08-31 16:25:00,ACIU
8.96,8.99,8.94,8.98,74223,2021-08-31 16:26:00,ACIU
8.98,9.04,8.96,8.9886,114031,2021-08-31 16:27:00,ACIU
8.9899,9.05,8.95,9.02,62585,2021-08-31 16:28:00,ACIU
9.0442,9.06,8.95,9.0,63771,2021-08-31 16:29:00,ACIU
8.98,8.99,8.96,8.98,31686,2021-08-31 16:30:00,ACIU
8.975,8.99,8.96,8.99,46719,2021-08-31 16:31:00,ACIU
8.99,9.05,8.98,9.02,70617,2021-08-31 16:32:00,ACIU
9.02,9.04,9.0,9.015,56043,2021-08-31 16:33:00,ACIU
9.01,9.045,9.0098,9.02,41528,2021-08-31 16:34:00,ACIU
9.03,9.03,8.96,8.96,64523,2021-08-31 16:35:00,ACIU
8.975,8.975,8.88,8.8895,156509,2021-08-31 16:36:00,ACIU
8.8959,8.95,8.85,8.86,93651,2021-08-31 16:37:00,ACIU
8.865,8.9,8.82,8.83,91820,2021-08-31 16:38:00,ACIU
8.8376,8.8791,8.76,8.82,123733,2021-08-31 16:39:00,ACIU
8.8,8.82,8.76,8.7799,219865,2021-08-31 16:40:00,ACIU
8.78,8.78,8.7,8.7399,174344,2021-08-31 16:41:00,ACIU
8.735,8.78,8.71,8.761,125105,2021-08-31 16:42:00,ACIU
8.77,8.93,8.75,8.88,252580,2021-08-31 16:43:00,ACIU
8.907,8.907,8.82,8.835,68569,2021-08-31 16:44:00,ACIU
8.85,8.91,8.85,8.8775,41665,2021-08-31 16:45:00,ACIU
8.8796,8.88,8.75,8.7501,65538,2021-08-31 16:46:00,ACIU
8.78,8.81,8.77,8.8,56130,2021-08-31 16:47:00,ACIU
8.8,8.84,8.75,8.8099,56179,2021-08-31 16:48:00,ACIU
8.8,8.805,8.77,8.805,25896,2021-08-31 16:49:00,ACIU
8.8066,8.85,8.8,8.82,32335,2021-08-31 16:50:00,ACIU
8.82,8.84,8.7657,8.7657,50411,2021-08-31 16:51:00,ACIU
8.76,8.8,8.76,8.77,41733,2021-08-31 16:52:00,ACIU
8.785,8.79,8.65,8.6824,118668,2021-08-31 16:53:00,ACIU
8.6801,8.75,8.68,8.72,76528,2021-08-31 16:54:00,ACIU
8.72,8.8,8.71,8.7794,58317,2021-08-31 16:55:00,ACIU
8.78,8.78,8.7232,8.73,33195,2021-08-31 16:56:00,ACIU
8.74,8.77,8.73,8.75,26731,2021-08-31 16:57:00,ACIU
8.7666,8.7877,8.75,8.7814,32639,2021-08-31 16:58:00,ACIU
8.79,8.84,8.77,8.82,69518,2021-08-31 16:59:00,ACIU
8.8181,8.82,8.7,8.735,96275,2021-08-31 17:00:00,ACIU
8.735,8.7479,8.56,8.63,193201,2021-08-31 17:01:00,ACIU
8.64,8.68,8.54,8.68,175715,2021-08-31 17:02:00,ACIU
8.68,8.6865,8.62,8.65,34982,2021-08-31 17:03:00,ACIU
8.65,8.69,8.62,8.67,48976,2021-08-31 17:04:00,ACIU
8.69,8.6995,8.66,8.6645,25419,2021-08-31 17:05:00,ACIU
8.661,8.68,8.6,8.6299,55699,2021-08-31 17:06:00,ACIU
8.62,8.63,8.55,8.595,138152,2021-08-31 17:07:00,ACIU
8.583,8.61,8.54,8.555,131493,2021-08-31 17:08:00,ACIU
8.55,8.59,8.54,8.5799,46356,2021-08-31 17:09:00,ACIU
8.56,8.65,8.56,8.61,78035,2021-08-31 17:10:00,ACIU
8.62,8.67,8.5843,8.665,54067,2021-08-31 17:11:00,ACIU
8.66,8.67,8.58,8.62,38811,2021-08-31 17:12:00,ACIU
8.62,8.63,8.58,8.625,30454,2021-08-31 17:13:00,ACIU
8.63,8.68,8.63,8.6701,89115,2021-08-31 17:14:00,ACIU
8.6714,8.68,8.65,8.65,29239,2021-08-31 17:15:00,ACIU
8.65,8.69,8.64,8.69,29202,2021-08-31 17:16:00,ACIU
8.69,8.69,8.65,8.66,29865,2021-08-31 17:17:00,ACIU
8.65,8.6595,8.59,8.5985,49994,2021-08-31 17:18:00,ACIU
8.6,8.66,8.58,8.6,30889,2021-08-31 17:19:00,ACIU
8.6,8.62,8.55,8.62,40497,2021-08-31 17:20:00,ACIU
8.6,8.65,8.59,8.63,39795,2021-08-31 17:21:00,ACIU
8.6425,8.69,8.62,8.6799,88220,2021-08-31 17:22:00,ACIU
8.6765,8.73,8.64,8.7221,55432,2021-08-31 17:23:00,ACIU
8.73,8.75,8.6805,8.7175,68504,2021-08-31 17:24:00,ACIU
8.718,8.72,8.62,8.6488,94035,2021-08-31 17:25:00,ACIU
8.6501,8.67,8.5911,8.5911,52016,2021-08-31 17:26:00,ACIU
8.59,8.66,8.59,8.655,63870,2021-08-31 17:27:00,ACIU
8.65,8.65,8.63,8.63,14905,2021-08-31 17:28:00,ACIU
8.64,8.64,8.59,8.6299,20933,2021-08-31 17:29:00,ACIU
8.63,8.65,8.61,8.6329,39936,2021-08-31 17:30:00,ACIU
8.63,8.65,8.6,8.65,24666,2021-08-31 17:31:00,ACIU
8.64,8.7,8.6393,8.6698,60928,2021-08-31 17:32:00,ACIU
8.65,8.69,8.65,8.65,20805,2021-08-31 17:33:00,ACIU
8.63,8.67,8.63,8.64,28704,2021-08-31 17:34:00,ACIU
8.67,8.68,8.64,8.66,9539,2021-08-31 17:35:00,ACIU
8.6579,8.7,8.6579,8.69,19769,2021-08-31 17:36:00,ACIU
8.6881,8.692,8.64,8.6799,27624,2021-08-31 17:37:00,ACIU
8.6789,8.69,8.66,8.68,9563,2021-08-31 17:38:00,ACIU
8.66,8.75,8.66,8.74,115498,2021-08-31 17:39:00,ACIU
8.74,8.75,8.71,8.7218,53823,2021-08-31 17:40:00,ACIU
8.725,8.8,8.725,8.7968,144283,2021-08-31 17:41:00,ACIU
8.79,8.79,8.75,8.76,70475,2021-08-31 17:42:00,ACIU
8.7615,8.87,8.7601,8.82,145693,2021-08-31 17:43:00,ACIU
8.8279,8.83,8.78,8.7901,65429,2021-08-31 17:44:00,ACIU
8.7934,8.8,8.68,8.7,81309,2021-08-31 17:45:00,ACIU
8.716,8.74,8.7,8.7,53778,2021-08-31 17:46:00,ACIU
8.71,8.77,8.7,8.77,34046,2021-08-31 17:47:00,ACIU
8.77,8.78,8.7479,8.77,17631,2021-08-31 17:48:00,ACIU
8.7635,8.765,8.71,8.71,39057,2021-08-31 17:49:00,ACIU
8.72,8.73,8.62,8.62,57252,2021-08-31 17:50:00,ACIU
8.62,8.7,8.6,8.61,68269,2021-08-31 17:51:00,ACIU
8.6194,8.66,8.5921,8.62,62428,2021-08-31 17:52:00,ACIU
8.63,8.6399,8.6,8.62,19344,2021-08-31 17:53:00,ACIU
8.62,8.62,8.5,8.5199,197326,2021-08-31 17:54:00,ACIU
8.5132,8.55,8.47,8.5499,119883,2021-08-31 17:55:00,ACIU
8.54,8.58,8.53,8.53,38232,2021-08-31 17:56:00,ACIU
8.54,8.55,8.5192,8.5192,33148,2021-08-31 17:57:00,ACIU
8.51,8.515,8.43,8.4645,187937,2021-08-31 17:58:00,ACIU
8.47,8.5,8.45,8.4719,55384,2021-08-31 17:59:00,ACIU
8.485,8.5,8.45,8.45,47429,2021-08-31 18:00:00,ACIU
8.47,8.49,8.45,8.46,23539,2021-08-31 18:01:00,ACIU
8.4699,8.53,8.46,8.5118,44891,2021-08-31 18:02:00,ACIU
8.5199,8.5396,8.47,8.5143,107890,2021-08-31 18:03:00,ACIU
8.52,8.55,8.5,8.5021,34300,2021-08-31 18:04:00,ACIU
8.515,8.55,8.5,8.5,28271,2021-08-31 18:05:00,ACIU
8.5,8.52,8.48,8.515,25005,2021-08-31 18:06:00,ACIU
8.53,8.53,8.45,8.4504,66165,2021-08-31 18:07:00,ACIU
8.465,8.4986,8.44,8.46,50136,2021-08-31 18:08:00,ACIU
8.45,8.5,8.45,8.48,25499,2021-08-31 18:09:00,ACIU
8.4778,8.53,8.4778,8.51,36151,2021-08-31 18:10:00,ACIU
8.51,8.52,8.5,8.5106,37880,2021-08-31 18:11:00,ACIU
8.5106,8.5199,8.49,8.495,15135,2021-08-31 18:12:00,ACIU
8.495,8.51,8.48,8.48,30158,2021-08-31 18:13:00,ACIU
8.4897,8.4897,8.43,8.454,42327,2021-08-31 18:14:00,ACIU
8.45,8.49,8.44,8.47,44527,2021-08-31 18:15:00,ACIU
8.46,8.47,8.42,8.4533,71228,2021-08-31 18:16:00,ACIU
8.46,8.47,8.45,8.45,7752,2021-08-31 18:17:00,ACIU
8.455,8.4581,8.42,8.4401,41161,2021-08-31 18:18:00,ACIU
8.449,8.46,8.4,8.41,66129,2021-08-31 18:19:00,ACIU
8.4,8.45,8.4,8.41,67847,2021-08-31 18:20:00,ACIU
8.4104,8.45,8.4,8.4268,21276,2021-08-31 18:21:00,ACIU
8.4201,8.4201,8.4,8.4,33000,2021-08-31 18:22:00,ACIU
8.405,8.44,8.4,8.42,30225,2021-08-31 18:23:00,ACIU
8.43,8.45,8.41,8.4301,34024,2021-08-31 18:24:00,ACIU
8.44,8.4481,8.41,8.42,21833,2021-08-31 18:25:00,ACIU
8.41,8.43,8.4,8.42,27988,2021-08-31 18:26:00,ACIU
8.4101,8.43,8.4,8.42,21408,2021-08-31 18:27:00,ACIU
8.418,8.42,8.4,8.41,14870,2021-08-31 18:28:00,ACIU
8.41,8.44,8.4,8.43,31775,2021-08-31 18:29:00,ACIU
8.43,8.4399,8.4,8.41,19869,2021-08-31 18:30:00,ACIU
8.4195,8.4195,8.3,8.32,186126,2021-08-31 18:31:00,ACIU
8.325,8.38,8.32,8.3499,47573,2021-08-31 18:32:00,ACIU
8.33,8.35,8.3,8.34,48250,2021-08-31 18:33:00,ACIU
8.33,8.35,8.3,8.31,21463,2021-08-31 18:34:00,ACIU
8.315,8.33,8.31,8.3179,19759,2021-08-31 18:35:00,ACIU
8.32,8.33,8.21,8.21,113981,2021-08-31 18:36:00,ACIU
8.225,8.27,8.22,8.2601,76562,2021-08-31 18:37:00,ACIU
8.26,8.28,8.24,8.24,39094,2021-08-31 18:38:00,ACIU
8.25,8.2603,8.2301,8.2301,42460,2021-08-31 18:39:00,ACIU
8.254,8.26,8.14,8.2375,131173,2021-08-31 18:40:00,ACIU
8.235,8.235,8.13,8.15,78471,2021-08-31 18:41:00,ACIU
8.13,8.19,8.05,8.16,180627,2021-08-31 18:42:00,ACIU
8.1891,8.1891,8.13,8.1644,69355,2021-08-31 18:43:00,ACIU
8.165,8.24,8.15,8.2099,75755,2021-08-31 18:44:00,ACIU
8.2054,8.2054,8.15,8.1715,31542,2021-08-31 18:45:00,ACIU
8.17,8.1718,8.11,8.15,42010,2021-08-31 18:46:00,ACIU
8.15,8.21,8.15,8.17,38130,2021-08-31 18:47:00,ACIU
8.18,8.25,8.17,8.2,101097,2021-08-31 18:48:00,ACIU
8.2,8.23,8.18,8.181,59250,2021-08-31 18:49:00,ACIU
8.18,8.23,8.14,8.17,49966,2021-08-31 18:50:00,ACIU
8.19,8.22,8.17,8.2,23124,2021-08-31 18:51:00,ACIU
8.2,8.22,8.19,8.22,19077,2021-08-31 18:52:00,ACIU
8.21,8.25,8.2,8.25,80295,2021-08-31 18:53:00,ACIU
8.25,8.3,8.25,8.2995,116895,2021-08-31 18:54:00,ACIU
8.3,8.3,8.22,8.25,49626,2021-08-31 18:55:00,ACIU
8.27,8.29,8.245,8.28,36553,2021-08-31 18:56:00,ACIU
8.2894,8.3,8.25,8.256,25180,2021-08-31 18:57:00,ACIU
8.26,8.2699,8.16,8.22,49728,2021-08-31 18:58:00,ACIU
8.24,8.24,8.2,8.225,25566,2021-08-31 18:59:00,ACIU
8.21,8.24,8.21,8.23,26266,2021-08-31 19:00:00,ACIU
8.24,8.24,8.18,8.2018,32200,2021-08-31 19:01:00,ACIU
8.21,8.24,8.19,8.21,19339,2021-08-31 19:02:00,ACIU
8.22,8.24,8.21,8.22,15854,2021-08-31 19:03:00,ACIU
8.22,8.24,8.2,8.2001,36193,2021-08-31 19:04:00,ACIU
8.2,8.21,7.9501,8.11,101360,2021-08-31 19:05:00,ACIU
8.12,8.129,8.07,8.09,119749,2021-08-31 19:06:00,ACIU
8.0899,8.15,8.08,8.13,56158,2021-08-31 19:07:00,ACIU
8.13,8.14,8.12,8.135,12346,2021-08-31 19:08:00,ACIU
8.135,8.15,8.13,8.139,29078,2021-08-31 19:09:00,ACIU
8.139,8.14,8.1,8.1001,41794,2021-08-31 19:10:00,ACIU
8.1,8.11,8.06,8.1,79418,2021-08-31 19:11:00,ACIU
8.12,8.12,8.1,8.12,12383,2021-08-31 19:12:00,ACIU
8.11,8.12,8.0901,8.1,19701,2021-08-31 19:13:00,ACIU
8.1,8.1,8.07,8.1,30173,2021-08-31 19:14:00,ACIU
8.09,8.15,8.08,8.14,56172,2021-08-31 19:15:00,ACIU
8.14,8.2,8.14,8.17,54726,2021-08-31 19:16:00,ACIU
8.17,8.2,8.17,8.2,23367,2021-08-31 19:17:00,ACIU
8.185,8.2,8.16,8.2,25932,2021-08-31 19:18:00,ACIU
8.2,8.22,8.17,8.21,51170,2021-08-31 19:19:00,ACIU
8.2025,8.21,8.14,8.15,21785,2021-08-31 19:20:00,ACIU
8.15,8.19,8.15,8.19,10540,2021-08-31 19:21:00,ACIU
8.16,8.18,8.1499,8.17,29822,2021-08-31 19:22:00,ACIU
8.16,8.18,8.15,8.1501,13925,2021-08-31 19:23:00,ACIU
8.165,8.18,8.15,8.1762,10875,2021-08-31 19:24:00,ACIU
8.18,8.23,8.17,8.215,88537,2021-08-31 19:25:00,ACIU
8.2101,8.28,8.2101,8.25,85077,2021-08-31 19:26:00,ACIU
8.24,8.28,8.2301,8.255,56311,2021-08-31 19:27:00,ACIU
8.255,8.26,8.17,8.2,49897,2021-08-31 19:28:00,ACIU
8.2,8.24,8.16,8.1999,51033,2021-08-31 19:29:00,ACIU
8.19,8.25,8.18,8.22,39709,2021-08-31 19:30:00,ACIU
8.25,8.33,8.23,8.25,121388,2021-08-31 19:31:00,ACIU
8.27,8.305,8.25,8.305,58117,2021-08-31 19:32:00,ACIU
8.319,8.32,8.29,8.31,52023,2021-08-31 19:33:00,ACIU
8.308,8.31,8.28,8.28,41561,2021-08-31 19:34:00,ACIU
8.27,8.31,8.27,8.3,23317,2021-08-31 19:35:00,ACIU
8.3,8.31,8.27,8.27,36390,2021-08-31 19:36:00,ACIU
8.27,8.28,8.22,8.2299,45778,2021-08-31 19:37:00,ACIU
8.24,8.27,8.2337,8.2699,14898,2021-08-31 19:38:00,ACIU
8.28,8.29,8.275,8.2897,13523,2021-08-31 19:39:00,ACIU
8.29,8.34,8.28,8.34,71360,2021-08-31 19:40:00,ACIU
8.34,8.4,8.33,8.34,99916,2021-08-31 19:41:00,ACIU
8.3312,8.5,8.33,8.43,116038,2021-08-31 19:42:00,ACIU
8.45,8.5,8.27,8.355,172093,2021-08-31 19:43:00,ACIU
8.345,8.4399,8.31,8.39,78484,2021-08-31 19:44:00,ACIU
8.37,8.379,8.3,8.311,45849,2021-08-31 19:45:00,ACIU
8.3,8.39,8.3,8.36,65239,2021-08-31 19:46:00,ACIU
8.37,8.38,8.31,8.35,87368,2021-08-31 19:47:00,ACIU
8.35,8.35,8.32,8.325,47581,2021-08-31 19:48:00,ACIU
8.325,8.33,8.22,8.22,147216,2021-08-31 19:49:00,ACIU
8.24,8.27,8.15,8.15,100866,2021-08-31 19:50:00,ACIU
8.15,8.17,8.06,8.07,115433,2021-08-31 19:51:00,ACIU
8.09,8.15,8.0895,8.1035,104743,2021-08-31 19:52:00,ACIU
8.11,8.14,8.11,8.13,43369,2021-08-31 19:53:00,ACIU
8.13,8.14,8.08,8.11,76956,2021-08-31 19:54:00,ACIU
8.1017,8.11,8.05,8.08,86311,2021-08-31 19:55:00,ACIU
8.08,8.09,8.0,8.0299,133359,2021-08-31 19:56:00,ACIU
8.03,8.04,7.93,8.03,198369,2021-08-31 19:57:00,ACIU
8.0325,8.1,8.0325,8.06,130936,2021-08-31 19:58:00,ACIU
8.065,8.13,8.0,8.0873,199005,2021-08-31 19:59:00,ACIU
8.13,8.13,7.99,8.07,30723,2021-08-31 20:00:00,ACIU
8.07,8.07,8.05,8.05,530,2021-08-31 20:01:00,ACIU
8.05,8.12,8.05,8.1,661,2021-08-31 20:02:00,ACIU
8.05,8.12,8.05,8.12,1200,2021-08-31 20:03:00,ACIU
8.1199,8.12,8.1,8.12,2000,2021-08-31 20:04:00,ACIU
8.1,8.12,8.1,8.12,5550,2021-08-31 20:05:00,ACIU
8.1,8.12,8.07,8.07,2369,2021-08-31 20:06:00,ACIU
8.08,8.08,8.0699,8.07,6098,2021-08-31 20:07:00,ACIU
8.05,8.05,7.95,7.95,7253,2021-08-31 20:08:00,ACIU
7.95,7.98,7.92,7.97,9523,2021-08-31 20:09:00,ACIU
7.96,7.97,7.96,7.965,6155,2021-08-31 20:10:00,ACIU
7.96,7.97,7.91,7.93,8564,2021-08-31 20:11:00,ACIU
7.93,7.97,7.9,7.97,27241,2021-08-31 20:12:00,ACIU
7.95,7.99,7.95,7.99,5824,2021-08-31 20:13:00,ACIU
7.9301,7.99,7.9301,7.9899,3036,2021-08-31 20:14:00,ACIU
7.95,7.98,7.95,7.98,409,2021-08-31 20:15:00,ACIU
7.99,7.99,7.98,7.98,362,2021-08-31 20:16:00,ACIU
7.98,7.98,7.92,7.98,4570,2021-08-31 20:18:00,ACIU
7.98,7.98,7.93,7.98,5898,2021-08-31 20:19:00,ACIU
7.98,8.0,7.94,7.94,6469,2021-08-31 20:20:00,ACIU
7.94,7.98,7.94,7.98,6350,2021-08-31 20:21:00,ACIU
7.95,7.95,7.95,7.95,1023,2021-08-31 20:22:00,ACIU
7.95,7.98,7.95,7.98,914,2021-08-31 20:23:00,ACIU
7.98,8.0,7.98,7.99,8325,2021-08-31 20:24:00,ACIU
8.0,8.0,7.99,8.0,5017,2021-08-31 20:25:00,ACIU
8.05,8.07,8.03,8.04,4745,2021-08-31 20:26:00,ACIU
8.02,8.02,7.98,8.0,4908,2021-08-31 20:27:00,ACIU
7.98,8.03,7.98,8.03,3141,2021-08-31 20:28:00,ACIU
8.02,8.02,8.02,8.02,200,2021-08-31 20:29:00,ACIU
8.0,8.0,8.0,8.0,750,2021-08-31 20:30:00,ACIU
7.99,7.99,7.93,7.93,1300,2021-08-31 20:32:00,ACIU
7.94,7.97,7.94,7.97,2118,2021-08-31 20:33:00,ACIU
7.97,7.97,7.93,7.93,1745,2021-08-31 20:34:00,ACIU
7.93,7.94,7.93,7.93,1956,2021-08-31 20:35:00,ACIU
7.93,7.93,7.93,7.93,528,2021-08-31 20:37:00,ACIU
7.93,7.95,7.92,7.92,7915,2021-08-31 20:38:00,ACIU
7.92,7.92,7.91,7.91,3933,2021-08-31 20:39:00,ACIU
7.92,7.95,7.92,7.95,1411,2021-08-31 20:40:00,ACIU
7.95,7.97,7.93,7.93,600,2021-08-31 20:41:00,ACIU
7.93,7.93,7.93,7.93,172,2021-08-31 20:42:00,ACIU
7.93,7.95,7.93,7.95,300,2021-08-31 20:43:00,ACIU
7.98,7.98,7.93,7.93,705,2021-08-31 20:44:00,ACIU
7.95,7.95,7.94,7.94,245,2021-08-31 20:46:00,ACIU
7.94,7.94,7.92,7.93,1834,2021-08-31 20:47:00,ACIU
7.93,7.93,7.91,7.92,10269,2021-08-31 20:48:00,ACIU
7.93,7.93,7.93,7.93,100,2021-08-31 20:49:00,ACIU
7.93,7.93,7.92,7.92,3365,2021-08-31 20:50:00,ACIU
7.93,7.93,7.93,7.93,1032,2021-08-31 20:51:00,ACIU
7.92,7.92,7.91,7.91,5597,2021-08-31 20:52:00,ACIU
7.92,7.92,7.92,7.92,200,2021-08-31 20:53:00,ACIU
7.96,7.96,7.96,7.96,1000,2021-08-31 20:56:00,ACIU
7.98,7.98,7.92,7.93,1498,2021-08-31 20:57:00,ACIU
7.92,7.93,7.92,7.93,3189,2021-08-31 20:58:00,ACIU
7.93,7.93,7.93,7.93,100,2021-08-31 20:59:00,ACIU
7.95,7.95,7.95,7.95,175,2021-08-31 21:01:00,ACIU
7.95,7.95,7.95,7.95,3344,2021-08-31 21:02:00,ACIU
7.92,7.93,7.92,7.93,1700,2021-08-31 21:03:00,ACIU
7.92,7.93,7.9,7.9,2798,2021-08-31 21:04:00,ACIU
7.9,7.92,7.9,7.92,1737,2021-08-31 21:05:00,ACIU
7.93,7.98,7.93,7.95,7039,2021-08-31 21:06:00,ACIU
7.97,8.05,7.97,8.02,20137,2021-08-31 21:07:00,ACIU
8.02,8.02,7.98,7.98,700,2021-08-31 21:10:00,ACIU
8.13,8.13,8.13,8.13,414744,2021-08-31 21:11:00,ACIU
7.98,8.01,7.98,7.98,5700,2021-08-31 21:12:00,ACIU
8.01,8.04,8.01,8.04,3686,2021-08-31 21:13:00,ACIU
8.01,8.01,8.01,8.01,1340,2021-08-31 21:14:00,ACIU
8.01,8.06,8.0,8.04,8153,2021-08-31 21:15:00,ACIU
8.04,8.04,7.99,7.99,2811,2021-08-31 21:16:00,ACIU
8.04,8.1,8.0,8.1,9560,2021-08-31 21:17:00,ACIU
8.1,8.12,8.09,8.1,1000,2021-08-31 21:18:00,ACIU
8.09,8.09,8.03,8.03,444,2021-08-31 21:19:00,ACIU
8.05,8.1,8.05,8.1,1500,2021-08-31 21:20:00,ACIU
8.11,8.11,8.1,8.1,2835,2021-08-31 21:21:00,ACIU
8.05,8.08,8.0,8.08,1049,2021-08-31 21:22:00,ACIU
8.0,8.08,7.99,8.08,1070,2021-08-31 21:23:00,ACIU
8.06,8.06,7.97,7.97,4732,2021-08-31 21:25:00,ACIU
7.9799,8.0,7.9799,8.0,2300,2021-08-31 21:26:00,ACIU
8.0,8.0,8.0,8.0,304,2021-08-31 21:27:00,ACIU
8.05,8.05,8.05,8.05,150,2021-08-31 21:30:00,ACIU
8.0,8.0,8.0,8.0,200,2021-08-31 21:33:00,ACIU
8.03,8.03,8.03,8.03,500,2021-08-31 21:34:00,ACIU
8.02,8.02,8.02,8.02,500,2021-08-31 21:36:00,ACIU
8.02,8.02,8.02,8.02,2003,2021-08-31 21:41:00,ACIU
8.0399,8.0399,8.03,8.03,1794,2021-08-31 21:49:00,ACIU
8.02,8.02,7.99,7.99,1600,2021-08-31 21:53:00,ACIU
8.0,8.0,8.0,8.0,200,2021-08-31 21:56:00,ACIU
7.99,7.99,7.99,7.99,500,2021-08-31 21:57:00,ACIU
8.0,8.0,7.99,8.0,1581,2021-08-31 21:58:00,ACIU
7.99,8.0,7.99,8.0,1050,2021-08-31 21:59:00,ACIU
8.0,8.0,8.0,8.0,200,2021-08-31 22:00:00,ACIU
8.0,8.0,8.0,8.0,400,2021-08-31 22:01:00,ACIU
8.0,8.0,8.0,8.0,300,2021-08-31 22:03:00,ACIU
8.0,8.0,8.0,8.0,300,2021-08-31 22:06:00,ACIU
8.02,8.02,8.02,8.02,380,2021-08-31 22:13:00,ACIU
8.07,8.1,8.0,8.0,1056,2021-08-31 22:14:00,ACIU
8.01,8.01,8.0,8.0,1158,2021-08-31 22:15:00,ACIU
7.98,7.99,7.98,7.99,1580,2021-08-31 22:16:00,ACIU
7.99,7.99,7.99,7.99,1000,2021-08-31 22:17:00,ACIU
7.99,7.99,7.99,7.99,1100,2021-08-31 22:18:00,ACIU
7.99,7.99,7.99,7.99,399,2021-08-31 22:19:00,ACIU
8.02,8.02,8.02,8.02,1000,2021-08-31 22:21:00,ACIU
8.04,8.04,8.04,8.04,100,2021-08-31 22:23:00,ACIU
8.01,8.01,8.01,8.01,100,2021-08-31 22:27:00,ACIU
8.0,8.0,8.0,8.0,1250,2021-08-31 22:28:00,ACIU
8.02,8.02,8.02,8.02,200,2021-08-31 22:31:00,ACIU
7.99,7.99,7.99,7.99,100,2021-08-31 22:33:00,ACIU
7.99,7.99,7.98,7.98,8479,2021-08-31 22:34:00,ACIU
7.99,7.99,7.99,7.99,100,2021-08-31 22:38:00,ACIU
7.98,7.99,7.98,7.99,890,2021-08-31 22:39:00,ACIU
7.99,7.99,7.99,7.99,103,2021-08-31 22:40:00,ACIU
8.0,8.02,8.0,8.0,800,2021-08-31 22:41:00,ACIU
8.0,8.0,8.0,8.0,200,2021-08-31 22:45:00,ACIU
8.05,8.05,8.05,8.05,100,2021-08-31 22:46:00,ACIU
8.04,8.05,8.0,8.05,2834,2021-08-31 22:47:00,ACIU
8.04,8.04,8.04,8.04,400,2021-08-31 22:50:00,ACIU
8.02,8.02,8.02,8.02,200,2021-08-31 22:51:00,ACIU
8.05,8.05,8.05,8.05,230,2021-08-31 22:55:00,ACIU
8.04,8.05,8.04,8.04,1200,2021-08-31 22:56:00,ACIU
8.03,8.03,8.03,8.03,200,2021-08-31 22:58:00,ACIU
8.02,8.02,8.02,8.02,3700,2021-08-31 23:00:00,ACIU
8.04,8.04,8.04,8.04,100,2021-08-31 23:01:00,ACIU
8.02,8.02,8.02,8.02,138,2021-08-31 23:02:00,ACIU
8.07,8.07,8.07,8.07,150,2021-08-31 23:09:00,ACIU
8.04,8.04,8.04,8.04,300,2021-08-31 23:11:00,ACIU
8.04,8.04,8.04,8.04,100,2021-08-31 23:12:00,ACIU
8.03,8.03,8.03,8.03,500,2021-08-31 23:18:00,ACIU
8.03,8.03,8.03,8.03,200,2021-08-31 23:21:00,ACIU
8.06,8.06,8.06,8.06,500,2021-08-31 23:23:00,ACIU
8.07,8.07,8.07,8.07,494,2021-08-31 23:24:00,ACIU
8.06,8.06,8.06,8.06,1000,2021-08-31 23:28:00,ACIU
8.04,8.04,8.04,8.04,100,2021-08-31 23:36:00,ACIU
8.05,8.05,8.05,8.05,400,2021-08-31 23:37:00,ACIU
8.03,8.05,8.03,8.05,3457,2021-08-31 23:39:00,ACIU
8.05,8.05,8.05,8.05,100,2021-08-31 23:43:00,ACIU
8.05,8.06,8.04,8.06,2836,2021-08-31 23:46:00,ACIU
8.06,8.1,8.06,8.1,1459,2021-08-31 23:48:00,ACIU
8.1,8.1,8.09,8.09,600,2021-08-31 23:49:00,ACIU
8.09,8.09,8.08,8.09,1305,2021-08-31 23:50:00,ACIU
8.09,8.1,8.09,8.1,3100,2021-08-31 23:51:00,ACIU
8.1,8.1,8.09,8.1,1768,2021-08-31 23:52:00,ACIU
8.11,8.13,8.11,8.13,1110,2021-08-31 23:53:00,ACIU
8.13,8.15,8.13,8.15,1239,2021-08-31 23:54:00,ACIU
8.13,8.15,8.13,8.15,2180,2021-08-31 23:55:00,ACIU
8.13,8.13,8.13,8.13,2690,2021-08-31 23:56:00,ACIU
8.13,8.13,8.13,8.13,1262,2021-08-31 23:57:00,ACIU
8.13,8.15,8.13,8.13,5005,2021-08-31 23:58:00,ACIU
8.06,8.06,8.0,8.0,5532,2021-08-31 23:59:00,ACIU
8.13,8.13,8.12,8.12,588,2021-09-01 08:00:00,ACIU
8.14,8.2,8.14,8.2,718,2021-09-01 08:01:00,ACIU
8.2,8.2,8.2,8.2,122,2021-09-01 08:02:00,ACIU
8.22,8.24,8.22,8.24,699,2021-09-01 08:03:00,ACIU
8.29,8.31,8.29,8.3,1009,2021-09-01 08:04:00,ACIU
8.37,8.41,8.35,8.41,2397,2021-09-01 08:06:00,ACIU
8.38,8.38,8.24,8.31,2521,2021-09-01 08:07:00,ACIU
8.29,8.31,8.29,8.31,1931,2021-09-01 08:08:00,ACIU
8.31,8.42,8.31,8.42,1230,2021-09-01 08:09:00,ACIU
8.4,8.6,8.4,8.44,8428,2021-09-01 08:10:00,ACIU
8.4,8.4,8.35,8.35,1382,2021-09-01 08:11:00,ACIU
8.32,8.32,8.32,8.32,383,2021-09-01 08:12:00,ACIU
8.34,8.34,8.32,8.32,619,2021-09-01 08:13:00,ACIU
8.31,8.31,8.25,8.25,1450,2021-09-01 08:14:00,ACIU
8.22,8.22,8.22,8.22,100,2021-09-01 08:15:00,ACIU
8.23,8.23,8.22,8.23,413,2021-09-01 08:16:00,ACIU
8.12,8.12,8.12,8.12,140,2021-09-01 08:17:00,ACIU
8.12,8.12,8.05,8.05,553,2021-09-01 08:18:00,ACIU
8.04,8.04,8.01,8.01,976,2021-09-01 08:19:00,ACIU
8.02,8.02,7.97,7.97,1184,2021-09-01 08:20:00,ACIU
8.0,8.12,8.0,8.12,1619,2021-09-01 08:21:00,ACIU
8.08,8.08,8.08,8.08,265,2021-09-01 08:22:00,ACIU
8.08,8.12,8.08,8.12,840,2021-09-01 08:23:00,ACIU
8.12,8.12,8.12,8.12,200,2021-09-01 08:25:00,ACIU
8.24,8.24,8.24,8.24,200,2021-09-01 08:29:00,ACIU
8.23,8.35,8.23,8.35,917,2021-09-01 08:35:00,ACIU
8.35,8.35,8.35,8.35,260,2021-09-01 08:36:00,ACIU
8.3,8.3,8.3,8.3,930,2021-09-01 08:38:00,ACIU
8.15,8.15,8.1,8.1,1112,2021-09-01 08:52:00,ACIU
8.01,8.01,8.0,8.0,1505,2021-09-01 08:53:00,ACIU
7.99,8.0,7.99,8.0,1517,2021-09-01 08:54:00,ACIU
8.01,8.01,8.01,8.01,123,2021-09-01 09:01:00,ACIU
8.02,8.02,8.02,8.02,149,2021-09-01 09:06:00,ACIU
8.0,8.0,8.0,8.0,371,2021-09-01 09:09:00,ACIU
7.98,8.0,7.98,8.0,721,2021-09-01 09:12:00,ACIU
8.01,8.01,8.01,8.01,100,2021-09-01 09:13:00,ACIU
8.01,8.01,8.01,8.01,100,2021-09-01 09:14:00,ACIU
8.02,8.02,8.02,8.02,101,2021-09-01 09:16:00,ACIU
8.04,8.04,8.04,8.04,134,2021-09-01 09:39:00,ACIU
8.04,8.04,8.04,8.04,200,2021-09-01 09:56:00,ACIU
8.08,8.08,8.04,8.04,748,2021-09-01 10:09:00,ACIU
8.04,8.04,8.04,8.04,297,2021-09-01 10:10:00,ACIU
8.04,8.04,8.04,8.04,167,2021-09-01 10:13:00,ACIU
8.05,8.05,8.05,8.05,100,2021-09-01 10:15:00,ACIU
8.06,8.06,8.06,8.06,200,2021-09-01 10:23:00,ACIU
8.05,8.05,8.05,8.05,364,2021-09-01 10:28:00,ACIU
8.04,8.04,8.04,8.04,102,2021-09-01 10:41:00,ACIU
8.06,8.06,8.06,8.06,100,2021-09-01 10:46:00,ACIU
8.17,8.17,8.05,8.14,1445,2021-09-01 11:00:00,ACIU
8.09,8.09,8.09,8.09,152,2021-09-01 11:01:00,ACIU
8.06,8.06,8.05,8.05,750,2021-09-01 11:02:00,ACIU
8.05,8.05,8.03,8.03,1595,2021-09-01 11:03:00,ACIU
8.03,8.03,7.9,7.949,2972,2021-09-01 11:04:00,ACIU
7.9,7.9,7.9,7.9,658,2021-09-01 11:05:00,ACIU
7.91,7.91,7.9,7.9,500,2021-09-01 11:06:00,ACIU
7.91,7.91,7.9,7.9,700,2021-09-01 11:08:00,ACIU
7.9,7.9,7.87,7.9,635,2021-09-01 11:09:00,ACIU
7.87,7.89,7.87,7.89,620,2021-09-01 11:10:00,ACIU
7.98,8.02,7.98,8.02,1268,2021-09-01 11:13:00,ACIU
7.94,7.95,7.93,7.95,547,2021-09-01 11:21:00,ACIU
7.97,7.97,7.97,7.97,100,2021-09-01 11:24:00,ACIU
7.95,7.95,7.91,7.91,2321,2021-09-01 11:25:00,ACIU
7.91,7.91,7.85,7.85,3161,2021-09-01 11:26:00,ACIU
7.85,7.85,7.85,7.85,200,2021-09-01 11:28:00,ACIU
7.85,7.85,7.85,7.85,293,2021-09-01 11:30:00,ACIU
7.86,7.86,7.86,7.86,1014,2021-09-01 11:31:00,ACIU
7.85,7.85,7.85,7.85,486,2021-09-01 11:32:00,ACIU
7.86,7.86,7.85,7.85,300,2021-09-01 11:35:00,ACIU
7.85,7.85,7.85,7.85,100,2021-09-01 11:36:00,ACIU
7.88,7.88,7.88,7.88,100,2021-09-01 11:42:00,ACIU
7.86,7.86,7.85,7.85,462,2021-09-01 11:46:00,ACIU
7.85,7.85,7.84,7.84,616,2021-09-01 11:47:00,ACIU
7.85,7.85,7.85,7.85,100,2021-09-01 11:48:00,ACIU
7.91,7.91,7.91,7.91,392,2021-09-01 11:50:00,ACIU
7.94,7.94,7.85,7.85,3205,2021-09-01 11:53:00,ACIU
7.84,7.84,7.84,7.84,533,2021-09-01 11:54:00,ACIU
7.85,7.85,7.83,7.83,3076,2021-09-01 11:55:00,ACIU
7.82,7.83,7.82,7.83,497,2021-09-01 11:56:00,ACIU
7.89,7.89,7.89,7.89,1050,2021-09-01 11:57:00,ACIU
7.88,7.88,7.88,7.88,1000,2021-09-01 11:58:00,ACIU
7.89,7.89,7.85,7.85,1110,2021-09-01 11:59:00,ACIU
7.81,7.82,7.8,7.8,3536,2021-09-01 12:01:00,ACIU
7.75,7.75,7.75,7.75,3681,2021-09-01 12:02:00,ACIU
7.78,7.8,7.75,7.8,3686,2021-09-01 12:03:00,ACIU
7.8,7.83,7.8,7.83,1436,2021-09-01 12:04:00,ACIU
7.81,7.81,7.8,7.8,1093,2021-09-01 12:05:00,ACIU
7.85,7.85,7.85,7.85,791,2021-09-01 12:07:00,ACIU
7.85,7.85,7.85,7.85,100,2021-09-01 12:09:00,ACIU
7.85,7.89,7.85,7.89,1713,2021-09-01 12:11:00,ACIU
7.89,7.89,7.89,7.89,300,2021-09-01 12:14:00,ACIU
7.88,7.88,7.88,7.88,100,2021-09-01 12:16:00,ACIU
7.8201,7.8201,7.8201,7.8201,500,2021-09-01 12:17:00,ACIU
7.82,7.82,7.82,7.82,200,2021-09-01 12:18:00,ACIU
7.88,7.88,7.88,7.88,100,2021-09-01 12:19:00,ACIU
7.85,7.85,7.85,7.85,100,2021-09-01 12:20:00,ACIU
7.83,7.83,7.83,7.83,100,2021-09-01 12:21:00,ACIU
7.88,7.88,7.88,7.88,490,2021-09-01 12:22:00,ACIU
7.83,7.83,7.83,7.83,100,2021-09-01 12:24:00,ACIU
7.83,7.83,7.83,7.83,608,2021-09-01 12:26:00,ACIU
7.8699,7.8699,7.8699,7.8699,100,2021-09-01 12:27:00,ACIU
7.87,7.87,7.86,7.86,1000,2021-09-01 12:28:00,ACIU
7.87,7.88,7.85,7.85,4000,2021-09-01 12:29:00,ACIU
7.8601,7.8601,7.8601,7.8601,700,2021-09-01 12:35:00,ACIU
7.87,7.87,7.85,7.85,6450,2021-09-01 12:36:00,ACIU
7.86,7.88,7.85,7.85,2081,2021-09-01 12:37:00,ACIU
7.85,7.85,7.8,7.8,1565,2021-09-01 12:38:00,ACIU
7.8,7.81,7.8,7.81,24051,2021-09-01 12:39:00,ACIU
7.76,7.81,7.76,7.77,1933,2021-09-01 12:40:00,ACIU
7.77,7.77,7.77,7.77,100,2021-09-01 12:41:00,ACIU
7.78,7.78,7.78,7.78,458,2021-09-01 12:43:00,ACIU
7.78,7.78,7.76,7.78,700,2021-09-01 12:45:00,ACIU
7.78,7.8,7.78,7.8,2509,2021-09-01 12:46:00,ACIU
7.8,7.8,7.79,7.79,1174,2021-09-01 12:48:00,ACIU
7.79,7.79,7.77,7.77,294,2021-09-01 12:49:00,ACIU
7.79,7.79,7.79,7.79,100,2021-09-01 12:50:00,ACIU
7.79,7.79,7.79,7.79,200,2021-09-01 12:52:00,ACIU
7.76,7.77,7.76,7.76,1741,2021-09-01 12:53:00,ACIU
7.76,7.76,7.76,7.76,881,2021-09-01 12:54:00,ACIU
7.79,7.79,7.76,7.76,430,2021-09-01 12:55:00,ACIU
7.77,7.77,7.76,7.76,500,2021-09-01 12:56:00,ACIU
7.75,7.79,7.75,7.79,543,2021-09-01 12:58:00,ACIU
7.76,7.76,7.76,7.76,2000,2021-09-01 12:59:00,ACIU
7.78,7.78,7.76,7.78,1371,2021-09-01 13:00:00,ACIU
7.76,7.76,7.76,7.76,400,2021-09-01 13:01:00,ACIU
7.76,7.77,7.76,7.76,2027,2021-09-01 13:02:00,ACIU
7.76,7.76,7.76,7.76,100,2021-09-01 13:03:00,ACIU
7.76,7.8,7.76,7.8,717,2021-09-01 13:04:00,ACIU
7.76,7.76,7.75,7.75,693,2021-09-01 13:05:00,ACIU
7.77,7.77,7.72,7.75,853,2021-09-01 13:06:00,ACIU
7.72,7.74,7.72,7.74,2510,2021-09-01 13:08:00,ACIU
7.76,7.8,7.76,7.8,715,2021-09-01 13:10:00,ACIU
7.75,7.75,7.75,7.75,166,2021-09-01 13:11:00,ACIU
7.76,7.76,7.76,7.76,100,2021-09-01 13:13:00,ACIU
7.76,7.76,7.76,7.76,450,2021-09-01 13:14:00,ACIU
7.77,7.77,7.76,7.76,200,2021-09-01 13:15:00,ACIU
7.78,7.78,7.77,7.77,455,2021-09-01 13:17:00,ACIU
7.78,7.78,7.78,7.78,200,2021-09-01 13:18:00,ACIU
7.78,7.78,7.77,7.77,2490,2021-09-01 13:19:00,ACIU
7.77,7.78,7.77,7.78,890,2021-09-01 13:20:00,ACIU
7.78,7.78,7.78,7.78,300,2021-09-01 13:21:00,ACIU
7.75,7.75,7.75,7.75,523,2021-09-01 13:22:00,ACIU
7.76,7.8,7.76,7.8,2017,2021-09-01 13:23:00,ACIU
7.79,7.8,7.79,7.8,1089,2021-09-01 13:24:00,ACIU
7.81,7.81,7.78,7.78,10458,2021-09-01 13:25:00,ACIU
7.8,7.8,7.8,7.8,650,2021-09-01 13:26:00,ACIU
7.76,7.76,7.76,7.76,300,2021-09-01 13:27:00,ACIU
7.78,7.78,7.78,7.78,200,2021-09-01 13:28:00,ACIU
7.78,7.78,7.75,7.75,1208,2021-09-01 13:29:00,ACIU
7.76,8.0,7.7,7.98,103866,2021-09-01 13:30:00,ACIU
8.01,8.07,7.82,7.8505,41285,2021-09-01 13:31:00,ACIU
7.85,7.88,7.78,7.8,27577,2021-09-01 13:32:00,ACIU
7.81,7.88,7.8,7.8177,25725,2021-09-01 13:33:00,ACIU
7.84,7.9,7.78,7.815,31416,2021-09-01 13:34:00,ACIU
7.8,7.81,7.62,7.67,52488,2021-09-01 13:35:00,ACIU
7.6699,7.88,7.65,7.869,66163,2021-09-01 13:36:00,ACIU
7.7969,7.8449,7.78,7.8274,14226,2021-09-01 13:37:00,ACIU
7.8154,7.82,7.75,7.8,12789,2021-09-01 13:38:00,ACIU
7.79,7.89,7.79,7.8,80935,2021-09-01 13:39:00,ACIU
7.8,7.87,7.7933,7.825,21650,2021-09-01 13:40:00,ACIU
7.8001,7.81,7.71,7.71,30417,2021-09-01 13:41:00,ACIU
7.71,7.8,7.7,7.7667,55411,2021-09-01 13:42:00,ACIU
7.73,7.8,7.7,7.7201,19498,2021-09-01 13:43:00,ACIU
7.76,7.76,7.6,7.6003,51313,2021-09-01 13:44:00,ACIU
7.601,7.74,7.601,7.6847,18512,2021-09-01 13:45:00,ACIU
7.67,7.7,7.64,7.665,6869,2021-09-01 13:46:00,ACIU
7.69,7.69,7.61,7.6499,20347,2021-09-01 13:47:00,ACIU
7.6376,7.6899,7.63,7.6859,8255,2021-09-01 13:48:00,ACIU
7.6572,7.68,7.62,7.645,12162,2021-09-01 13:49:00,ACIU
7.63,7.67,7.61,7.61,30156,2021-09-01 13:50:00,ACIU
7.6,7.64,7.58,7.5873,25578,2021-09-01 13:51:00,ACIU
7.585,7.62,7.48,7.4941,95466,2021-09-01 13:52:00,ACIU
7.5,7.62,7.48,7.589,23474,2021-09-01 13:53:00,ACIU
7.62,7.62,7.55,7.58,14338,2021-09-01 13:54:00,ACIU
7.55,7.56,7.48,7.4801,26467,2021-09-01 13:55:00,ACIU
7.5,7.55,7.45,7.55,25155,2021-09-01 13:56:00,ACIU
7.6,7.6,7.51,7.532,8243,2021-09-01 13:57:00,ACIU
7.58,7.65,7.52,7.65,28189,2021-09-01 13:58:00,ACIU
7.625,7.65,7.6,7.6299,14777,2021-09-01 13:59:00,ACIU
7.59,7.63,7.5503,7.5794,16013,2021-09-01 14:00:00,ACIU
7.59,7.66,7.59,7.6001,17665,2021-09-01 14:01:00,ACIU
7.64,7.64,7.55,7.5576,8126,2021-09-01 14:02:00,ACIU
7.5501,7.5843,7.5,7.51,15971,2021-09-01 14:03:00,ACIU
7.53,7.6,7.53,7.57,16399,2021-09-01 14:04:00,ACIU
7.57,7.59,7.52,7.54,7916,2021-09-01 14:05:00,ACIU
7.5799,7.595,7.54,7.59,8884,2021-09-01 14:06:00,ACIU
7.6,7.6,7.5824,7.59,3561,2021-09-01 14:07:00,ACIU
7.6,7.62,7.57,7.604,11514,2021-09-01 14:08:00,ACIU
7.6,7.6,7.51,7.51,17390,2021-09-01 14:09:00,ACIU
7.5288,7.53,7.47,7.53,13421,2021-09-01 14:10:00,ACIU
7.5,7.5584,7.45,7.535,19094,2021-09-01 14:11:00,ACIU
7.53,7.54,7.51,7.52,6507,2021-09-01 14:12:00,ACIU
7.52,7.55,7.5001,7.51,14839,2021-09-01 14:13:00,ACIU
7.51,7.52,7.47,7.52,34946,2021-09-01 14:14:00,ACIU
7.51,7.6,7.51,7.54,15394,2021-09-01 14:15:00,ACIU
7.54,7.5994,7.51,7.5994,40432,2021-09-01 14:16:00,ACIU
7.6,7.64,7.58,7.64,11162,2021-09-01 14:17:00,ACIU
7.6025,7.64,7.59,7.64,12200,2021-09-01 14:18:00,ACIU
7.61,7.62,7.58,7.5956,6402,2021-09-01 14:19:00,ACIU
7.585,7.6,7.57,7.6,1871,2021-09-01 14:20:00,ACIU
7.5742,7.6,7.57,7.57,6509,2021-09-01 14:21:00,ACIU
7.585,7.6,7.54,7.54,15918,2021-09-01 14:22:00,ACIU
7.55,7.55,7.53,7.54,10860,2021-09-01 14:23:00,ACIU
7.55,7.55,7.53,7.53,6336,2021-09-01 14:24:00,ACIU
7.5219,7.6,7.52,7.5899,18925,2021-09-01 14:25:00,ACIU
7.585,7.62,7.58,7.62,23945,2021-09-01 14:26:00,ACIU
7.59,7.63,7.5776,7.58,19510,2021-09-01 14:27:00,ACIU
7.57,7.59,7.565,7.57,6124,2021-09-01 14:28:00,ACIU
7.5683,7.5764,7.54,7.5605,7000,2021-09-01 14:29:00,ACIU
7.53,7.56,7.53,7.5414,11975,2021-09-01 14:30:00,ACIU
7.545,7.55,7.51,7.53,17523,2021-09-01 14:31:00,ACIU
7.51,7.53,7.5,7.52,12119,2021-09-01 14:32:00,ACIU
7.54,7.5599,7.53,7.5599,11151,2021-09-01 14:33:00,ACIU
7.5407,7.56,7.5407,7.5412,2742,2021-09-01 14:34:00,ACIU
7.541,7.55,7.54,7.55,4062,2021-09-01 14:35:00,ACIU
7.55,7.57,7.55,7.5599,2871,2021-09-01 14:36:00,ACIU
7.555,7.555,7.51,7.52,11054,2021-09-01 14:37:00,ACIU
7.53,7.58,7.51,7.5799,8225,2021-09-01 14:38:00,ACIU
7.58,7.58,7.5246,7.53,4759,2021-09-01 14:39:00,ACIU
7.53,7.5475,7.52,7.535,7328,2021-09-01 14:40:00,ACIU
7.5201,7.55,7.52,7.5411,2881,2021-09-01 14:41:00,ACIU
7.535,7.54,7.51,7.54,9090,2021-09-01 14:42:00,ACIU
7.54,7.58,7.53,7.58,14629,2021-09-01 14:43:00,ACIU
7.58,7.6,7.55,7.57,10698,2021-09-01 14:44:00,ACIU
7.58,7.58,7.55,7.55,10121,2021-09-01 14:45:00,ACIU
7.54,7.5499,7.54,7.54,2271,2021-09-01 14:46:00,ACIU
7.54,7.57,7.52,7.56,3181,2021-09-01 14:47:00,ACIU
7.5598,7.5699,7.48,7.53,31621,2021-09-01 14:48:00,ACIU
7.5136,7.5136,7.4801,7.49,5135,2021-09-01 14:49:00,ACIU
7.4887,7.5199,7.4,7.4,29756,2021-09-01 14:50:00,ACIU
7.4,7.45,7.4,7.45,14676,2021-09-01 14:51:00,ACIU
7.45,7.49,7.4401,7.45,3079,2021-09-01 14:52:00,ACIU
7.45,7.45,7.44,7.44,5680,2021-09-01 14:53:00,ACIU
7.45,7.46,7.4332,7.44,11440,2021-09-01 14:54:00,ACIU
7.45,7.45,7.42,7.4439,7275,2021-09-01 14:55:00,ACIU
7.42,7.44,7.35,7.37,25985,2021-09-01 14:56:00,ACIU
7.39,7.49,7.39,7.415,10973,2021-09-01 14:57:00,ACIU
7.415,7.45,7.415,7.45,5990,2021-09-01 14:58:00,ACIU
7.4306,7.4368,7.37,7.39,18977,2021-09-01 14:59:00,ACIU
7.38,7.42,7.38,7.4199,4415,2021-09-01 15:00:00,ACIU
7.42,7.42,7.41,7.42,4070,2021-09-01 15:01:00,ACIU
7.4,7.41,7.34,7.386,9663,2021-09-01 15:02:00,ACIU
7.406,7.406,7.36,7.3606,3552,2021-09-01 15:03:00,ACIU
7.3988,7.42,7.38,7.3999,4505,2021-09-01 15:04:00,ACIU
7.38,7.39,7.36,7.38,10328,2021-09-01 15:05:00,ACIU
7.36,7.36,7.28,7.2912,63399,2021-09-01 15:06:00,ACIU
7.2999,7.32,7.29,7.32,22759,2021-09-01 15:07:00,ACIU
7.34,7.34,7.27,7.3341,20059,2021-09-01 15:08:00,ACIU
7.319,7.325,7.2301,7.24,54458,2021-09-01 15:09:00,ACIU
7.25,7.2696,7.23,7.2485,43541,2021-09-01 15:10:00,ACIU
7.25,7.3,7.245,7.2997,12174,2021-09-01 15:11:00,ACIU
7.29,7.3,7.2555,7.29,14618,2021-09-01 15:12:00,ACIU
7.2815,7.32,7.27,7.3,11057,2021-09-01 15:13:00,ACIU
7.31,7.3178,7.29,7.3178,4135,2021-09-01 15:14:00,ACIU
7.32,7.34,7.3017,7.3246,12079,2021-09-01 15:15:00,ACIU
7.3255,7.33,7.315,7.33,21096,2021-09-01 15:16:00,ACIU
7.33,7.35,7.32,7.325,33356,2021-09-01 15:17:00,ACIU
7.329,7.35,7.325,7.3497,12865,2021-09-01 15:18:00,ACIU
7.35,7.37,7.35,7.3665,7768,2021-09-01 15:19:00,ACIU
7.36,7.37,7.3501,7.3501,7860,2021-09-01 15:20:00,ACIU
7.351,7.36,7.35,7.36,7502,2021-09-01 15:21:00,ACIU
7.35,7.35,7.34,7.35,6573,2021-09-01 15:22:00,ACIU
7.345,7.35,7.34,7.3414,800,2021-09-01 15:23:00,ACIU
7.345,7.345,7.31,7.32,3535,2021-09-01 15:24:00,ACIU
7.3187,7.34,7.31,7.3231,7560,2021-09-01 15:25:00,ACIU
7.33,7.34,7.31,7.32,4800,2021-09-01 15:26:00,ACIU
7.32,7.33,7.3103,7.32,4937,2021-09-01 15:27:00,ACIU
7.32,7.3264,7.3187,7.32,2171,2021-09-01 15:28:00,ACIU
7.325,7.3299,7.32,7.3299,4386,2021-09-01 15:29:00,ACIU
7.3201,7.325,7.31,7.315,5227,2021-09-01 15:30:00,ACIU
7.32,7.32,7.3,7.3016,4317,2021-09-01 15:31:00,ACIU
7.3,7.3,7.27,7.28,8123,2021-09-01 15:32:00,ACIU
7.2799,7.29,7.27,7.2899,11008,2021-09-01 15:33:00,ACIU
7.2811,7.33,7.28,7.32,12532,2021-09-01 15:34:00,ACIU
7.32,7.33,7.3199,7.3218,6975,2021-09-01 15:35:00,ACIU
7.3299,7.3299,7.325,7.327,3815,2021-09-01 15:36:00,ACIU
7.3291,7.33,7.324,7.324,7551,2021-09-01 15:37:00,ACIU
7.334,7.334,7.325,7.325,990,2021-09-01 15:38:00,ACIU
7.32,7.33,7.31,7.32,7395,2021-09-01 15:39:00,ACIU
7.32,7.32,7.3099,7.3099,440,2021-09-01 15:40:00,ACIU
7.3001,7.31,7.3,7.3,5338,2021-09-01 15:41:00,ACIU
7.3,7.3,7.27,7.2899,9221,2021-09-01 15:42:00,ACIU
7.28,7.2899,7.2701,7.2899,10073,2021-09-01 15:43:00,ACIU
7.28,7.28,7.26,7.28,3221,2021-09-01 15:44:00,ACIU
7.2865,7.29,7.2683,7.2876,6290,2021-09-01 15:45:00,ACIU
7.2701,7.29,7.2701,7.2801,4070,2021-09-01 15:46:00,ACIU
7.29,7.3,7.28,7.3,14293,2021-09-01 15:47:00,ACIU
7.2999,7.2999,7.2999,7.2999,700,2021-09-01 15:48:00,ACIU
7.295,7.32,7.295,7.317,3184,2021-09-01 15:49:00,ACIU
7.3122,7.33,7.3122,7.3272,5400,2021-09-01 15:50:00,ACIU
7.3265,7.33,7.31,7.3271,3550,2021-09-01 15:51:00,ACIU
7.3299,7.33,7.31,7.32,10050,2021-09-01 15:52:00,ACIU
7.315,7.36,7.315,7.3466,8233,2021-09-01 15:53:00,ACIU
7.3569,7.37,7.3569,7.37,13022,2021-09-01 15:54:00,ACIU
7.37,7.37,7.3621,7.3621,2250,2021-09-01 15:55:00,ACIU
7.37,7.37,7.36,7.36,10904,2021-09-01 15:56:00,ACIU
7.365,7.3677,7.36,7.36,9781,2021-09-01 15:57:00,ACIU
7.3623,7.365,7.36,7.365,698,2021-09-01 15:58:00,ACIU
7.3686,7.37,7.365,7.365,300,2021-09-01 15:59:00,ACIU
7.3689,7.4,7.365,7.4,16087,2021-09-01 16:00:00,ACIU
7.4,7.41,7.3842,7.4,13072,2021-09-01 16:01:00,ACIU
7.4,7.41,7.39,7.3912,10279,2021-09-01 16:02:00,ACIU
7.39,7.4,7.39,7.3901,2366,2021-09-01 16:03:00,ACIU
7.3919,7.3919,7.38,7.38,2057,2021-09-01 16:04:00,ACIU
7.3815,7.385,7.37,7.37,5846,2021-09-01 16:05:00,ACIU
7.38,7.39,7.35,7.37,10575,2021-09-01 16:06:00,ACIU
7.36,7.4,7.36,7.4,10370,2021-09-01 16:07:00,ACIU
7.385,7.42,7.37,7.42,13442,2021-09-01 16:08:00,ACIU
7.395,7.435,7.395,7.43,5017,2021-09-01 16:09:00,ACIU
7.4284,7.478,7.37,7.41,19961,2021-09-01 16:10:00,ACIU
7.4046,7.44,7.3927,7.3927,1758,2021-09-01 16:11:00,ACIU
7.41,7.47,7.4,7.4455,12402,2021-09-01 16:12:00,ACIU
7.435,7.435,7.392,7.419,6300,2021-09-01 16:13:00,ACIU
7.4165,7.44,7.4,7.4128,2569,2021-09-01 16:14:00,ACIU
7.43,7.43,7.4,7.4,1700,2021-09-01 16:15:00,ACIU
7.41,7.4198,7.4,7.41,2823,2021-09-01 16:16:00,ACIU
7.42,7.43,7.415,7.43,2312,2021-09-01 16:17:00,ACIU
7.42,7.43,7.42,7.43,1350,2021-09-01 16:18:00,ACIU
7.42,7.44,7.42,7.425,2434,2021-09-01 16:19:00,ACIU
7.42,7.44,7.41,7.4174,2000,2021-09-01 16:20:00,ACIU
7.43,7.431,7.4101,7.4138,2556,2021-09-01 16:21:00,ACIU
7.425,7.425,7.41,7.41,2000,2021-09-01 16:22:00,ACIU
7.415,7.415,7.4,7.4012,4520,2021-09-01 16:23:00,ACIU
7.4006,7.41,7.4006,7.41,1280,2021-09-01 16:24:00,ACIU
7.4,7.4203,7.4,7.41,10166,2021-09-01 16:25:00,ACIU
7.415,7.43,7.4001,7.4001,11500,2021-09-01 16:26:00,ACIU
7.43,7.43,7.43,7.43,100,2021-09-01 16:27:00,ACIU
7.43,7.43,7.415,7.43,1835,2021-09-01 16:28:00,ACIU
7.43,7.43,7.415,7.42,500,2021-09-01 16:29:00,ACIU
7.43,7.43,7.43,7.43,609,2021-09-01 16:30:00,ACIU
7.43,7.4325,7.4212,7.43,1700,2021-09-01 16:31:00,ACIU
7.425,7.425,7.4,7.4029,5193,2021-09-01 16:32:00,ACIU
7.42,7.42,7.39,7.39,10006,2021-09-01 16:33:00,ACIU
7.3912,7.3912,7.3801,7.3801,4957,2021-09-01 16:34:00,ACIU
7.39,7.4,7.3805,7.3805,1300,2021-09-01 16:35:00,ACIU
7.38,7.39,7.38,7.3893,800,2021-09-01 16:36:00,ACIU
7.39,7.4,7.39,7.4,2000,2021-09-01 16:37:00,ACIU
7.39,7.39,7.39,7.39,1000,2021-09-01 16:38:00,ACIU
7.39,7.3973,7.39,7.39,603,2021-09-01 16:39:00,ACIU
7.3867,7.39,7.385,7.385,11299,2021-09-01 16:40:00,ACIU
7.385,7.385,7.385,7.385,300,2021-09-01 16:41:00,ACIU
7.38,7.3889,7.38,7.385,1239,2021-09-01 16:42:00,ACIU
7.38,7.3801,7.38,7.3801,4318,2021-09-01 16:43:00,ACIU
7.3802,7.39,7.38,7.38,3784,2021-09-01 16:44:00,ACIU
7.3859,7.3859,7.381,7.381,800,2021-09-01 16:46:00,ACIU
7.385,7.385,7.38,7.3801,2200,2021-09-01 16:47:00,ACIU
7.3899,7.39,7.385,7.385,3726,2021-09-01 16:48:00,ACIU
7.3899,7.39,7.3899,7.39,300,2021-09-01 16:49:00,ACIU
7.3801,7.39,7.3801,7.385,5900,2021-09-01 16:50:00,ACIU
7.3886,7.39,7.385,7.385,300,2021-09-01 16:51:00,ACIU
7.38,7.39,7.38,7.39,200,2021-09-01 16:52:00,ACIU
7.385,7.4,7.385,7.4,6638,2021-09-01 16:53:00,ACIU
7.4,7.44,7.4,7.43,2300,2021-09-01 16:54:00,ACIU
7.4316,7.4316,7.43,7.43,900,2021-09-01 16:55:00,ACIU
7.435,7.44,7.435,7.4387,1997,2021-09-01 16:56:00,ACIU
7.4312,7.44,7.4312,7.44,5471,2021-09-01 16:57:00,ACIU
7.44,7.44,7.435,7.44,1199,2021-09-01 16:58:00,ACIU
7.435,7.4388,7.43,7.4388,1216,2021-09-01 16:59:00,ACIU
7.435,7.44,7.41,7.43,14237,2021-09-01 17:00:00,ACIU
7.41,7.41,7.41,7.41,145,2021-09-01 17:01:00,ACIU
7.405,7.41,7.405,7.41,400,2021-09-01 17:03:00,ACIU
7.42,7.42,7.42,7.42,135,2021-09-01 17:04:00,ACIU
7.4171,7.4171,7.4171,7.4171,100,2021-09-01 17:05:00,ACIU
7.4,7.4001,7.4,7.4,1200,2021-09-01 17:06:00,ACIU
7.3906,7.3906,7.3906,7.3906,1068,2021-09-01 17:07:00,ACIU
7.3923,7.395,7.3905,7.395,2704,2021-09-01 17:08:00,ACIU
7.395,7.395,7.395,7.395,100,2021-09-01 17:09:00,ACIU
7.395,7.4,7.39,7.39,955,2021-09-01 17:10:00,ACIU
7.395,7.3998,7.395,7.3987,2510,2021-09-01 17:11:00,ACIU
7.39,7.4,7.39,7.3901,3580,2021-09-01 17:12:00,ACIU
7.3911,7.3911,7.3901,7.3901,571,2021-09-01 17:13:00,ACIU
7.4,7.4,7.4,7.4,3000,2021-09-01 17:14:00,ACIU
7.395,7.395,7.395,7.395,200,2021-09-01 17:15:00,ACIU
7.4,7.4,7.39,7.3955,7736,2021-09-01 17:16:00,ACIU
7.39,7.3951,7.39,7.395,1704,2021-09-01 17:17:00,ACIU
7.3901,7.4,7.3901,7.4,1020,2021-09-01 17:18:00,ACIU
7.3999,7.3999,7.3911,7.3911,1108,2021-09-01 17:20:00,ACIU
7.3912,7.395,7.3912,7.395,284,2021-09-01 17:21:00,ACIU
7.395,7.395,7.39,7.39,500,2021-09-01 17:22:00,ACIU
7.3909,7.3988,7.39,7.3988,3469,2021-09-01 17:23:00,ACIU
7.395,7.3986,7.395,7.3986,300,2021-09-01 17:24:00,ACIU
7.3901,7.4,7.39,7.395,1703,2021-09-01 17:26:00,ACIU
7.395,7.395,7.39,7.39,2707,2021-09-01 17:27:00,ACIU
7.395,7.395,7.395,7.395,1000,2021-09-01 17:29:00,ACIU
7.39,7.4,7.39,7.3999,10900,2021-09-01 17:31:00,ACIU
7.395,7.3999,7.385,7.385,8655,2021-09-01 17:32:00,ACIU
7.39,7.39,7.3888,7.3888,700,2021-09-01 17:33:00,ACIU
7.385,7.385,7.385,7.385,400,2021-09-01 17:34:00,ACIU
7.385,7.39,7.385,7.39,500,2021-09-01 17:35:00,ACIU
7.39,7.39,7.385,7.39,847,2021-09-01 17:36:00,ACIU
7.3886,7.3886,7.3814,7.3814,880,2021-09-01 17:37:00,ACIU
7.39,7.39,7.38,7.3801,1519,2021-09-01 17:38:00,ACIU
7.38,7.385,7.38,7.3813,1250,2021-09-01 17:39:00,ACIU
7.38,7.39,7.38,7.39,1500,2021-09-01 17:40:00,ACIU
7.3991,7.4,7.3991,7.4,600,2021-09-01 17:41:00,ACIU
7.4,7.4,7.395,7.395,400,2021-09-01 17:42:00,ACIU
7.395,7.4,7.395,7.4,436,2021-09-01 17:43:00,ACIU
7.4,7.4,7.395,7.395,1600,2021-09-01 17:44:00,ACIU
7.391,7.41,7.391,7.41,11380,2021-09-01 17:45:00,ACIU
7.41,7.41,7.4001,7.4001,1900,2021-09-01 17:46:00,ACIU
7.405,7.405,7.405,7.405,1487,2021-09-01 17:47:00,ACIU
7.4091,7.4091,7.401,7.401,1925,2021-09-01 17:48:00,ACIU
7.41,7.41,7.4,7.4,2775,2021-09-01 17:49:00,ACIU
7.4018,7.405,7.4018,7.405,1400,2021-09-01 17:50:00,ACIU
7.4,7.405,7.4,7.405,875,2021-09-01 17:51:00,ACIU
7.41,7.41,7.41,7.41,135,2021-09-01 17:52:00,ACIU
7.4,7.41,7.4,7.4,1300,2021-09-01 17:53:00,ACIU
7.4,7.4004,7.4,7.4004,600,2021-09-01 17:54:00,ACIU
7.4099,7.4099,7.38,7.39,12843,2021-09-01 17:55:00,ACIU
7.39,7.39,7.385,7.385,200,2021-09-01 17:56:00,ACIU
7.39,7.39,7.38,7.3801,6136,2021-09-01 17:57:00,ACIU
7.3885,7.3885,7.3885,7.3885,100,2021-09-01 17:58:00,ACIU
7.385,7.385,7.385,7.385,400,2021-09-01 18:00:00,ACIU
7.39,7.39,7.38,7.3886,800,2021-09-01 18:01:00,ACIU
7.38,7.38,7.38,7.38,200,2021-09-01 18:02:00,ACIU
7.385,7.385,7.385,7.385,100,2021-09-01 18:03:00,ACIU
7.38,7.38,7.38,7.38,100,2021-09-01 18:04:00,ACIU
7.385,7.385,7.385,7.385,200,2021-09-01 18:05:00,ACIU
7.38,7.38,7.38,7.38,1282,2021-09-01 18:06:00,ACIU
7.38,7.38,7.38,7.38,500,2021-09-01 18:07:00,ACIU
7.38,7.38,7.38,7.38,149,2021-09-01 18:08:00,ACIU
7.3884,7.3884,7.3884,7.3884,200,2021-09-01 18:10:00,ACIU
7.3801,7.3899,7.38,7.38,3566,2021-09-01 18:11:00,ACIU
7.38,7.385,7.38,7.385,700,2021-09-01 18:12:00,ACIU
7.385,7.39,7.38,7.38,3043,2021-09-01 18:13:00,ACIU
7.38,7.39,7.38,7.39,6085,2021-09-01 18:14:00,ACIU
7.385,7.39,7.38,7.3806,2895,2021-09-01 18:15:00,ACIU
7.38,7.3802,7.38,7.38,400,2021-09-01 18:16:00,ACIU
7.38,7.39,7.38,7.39,1500,2021-09-01 18:17:00,ACIU
7.38,7.39,7.38,7.39,500,2021-09-01 18:18:00,ACIU
7.3899,7.3899,7.38,7.38,1550,2021-09-01 18:19:00,ACIU
7.38,7.385,7.38,7.38,1384,2021-09-01 18:20:00,ACIU
7.38,7.39,7.38,7.39,2300,2021-09-01 18:21:00,ACIU
7.38,7.38,7.36,7.36,9586,2021-09-01 18:22:00,ACIU
7.3623,7.37,7.36,7.3688,22322,2021-09-01 18:23:00,ACIU
7.365,7.365,7.35,7.35,2920,2021-09-01 18:24:00,ACIU
7.36,7.36,7.3501,7.355,1600,2021-09-01 18:25:00,ACIU
7.35,7.3501,7.33,7.34,19068,2021-09-01 18:26:00,ACIU
7.34,7.34,7.3304,7.3304,2104,2021-09-01 18:27:00,ACIU
7.335,7.335,7.335,7.335,221,2021-09-01 18:28:00,ACIU
7.335,7.36,7.335,7.36,11100,2021-09-01 18:29:00,ACIU
7.3511,7.36,7.35,7.36,3536,2021-09-01 18:30:00,ACIU
7.37,7.37,7.35,7.355,5734,2021-09-01 18:31:00,ACIU
7.3588,7.36,7.355,7.355,12500,2021-09-01 18:32:00,ACIU
7.3599,7.36,7.355,7.355,451,2021-09-01 18:33:00,ACIU
7.355,7.355,7.354,7.354,421,2021-09-01 18:34:00,ACIU
7.355,7.3586,7.3504,7.355,1799,2021-09-01 18:35:00,ACIU
7.35,7.36,7.35,7.3536,1329,2021-09-01 18:36:00,ACIU
7.355,7.355,7.355,7.355,500,2021-09-01 18:37:00,ACIU
7.355,7.3553,7.3523,7.355,1109,2021-09-01 18:38:00,ACIU
7.36,7.36,7.35,7.355,1825,2021-09-01 18:39:00,ACIU
7.355,7.3599,7.35,7.35,1892,2021-09-01 18:40:00,ACIU
7.3599,7.36,7.355,7.3586,682,2021-09-01 18:41:00,ACIU
7.351,7.36,7.35,7.3599,3543,2021-09-01 18:42:00,ACIU
7.355,7.355,7.355,7.355,100,2021-09-01 18:43:00,ACIU
7.36,7.36,7.35,7.3523,2100,2021-09-01 18:44:00,ACIU
7.36,7.36,7.355,7.355,300,2021-09-01 18:45:00,ACIU
7.355,7.36,7.34,7.36,7916,2021-09-01 18:47:00,ACIU
7.345,7.35,7.34,7.34,3136,2021-09-01 18:48:00,ACIU
7.35,7.35,7.3409,7.3409,2250,2021-09-01 18:49:00,ACIU
7.3495,7.3495,7.3495,7.3495,100,2021-09-01 18:50:00,ACIU
7.35,7.3588,7.3495,7.3588,2700,2021-09-01 18:51:00,ACIU
7.36,7.36,7.3501,7.355,1700,2021-09-01 18:52:00,ACIU
7.355,7.36,7.35,7.3557,3585,2021-09-01 18:53:00,ACIU
7.355,7.355,7.34,7.345,6383,2021-09-01 18:54:00,ACIU
7.345,7.3493,7.34,7.3457,5542,2021-09-01 18:55:00,ACIU
7.34,7.35,7.34,7.345,1896,2021-09-01 18:56:00,ACIU
7.345,7.35,7.34,7.35,11025,2021-09-01 18:57:00,ACIU
7.345,7.35,7.34,7.345,3800,2021-09-01 18:58:00,ACIU
7.3401,7.3401,7.3401,7.3401,380,2021-09-01 18:59:00,ACIU
7.35,7.35,7.345,7.35,1921,2021-09-01 19:00:00,ACIU
7.3403,7.3499,7.3403,7.3499,3975,2021-09-01 19:01:00,ACIU
7.345,7.35,7.34,7.3404,6061,2021-09-01 19:02:00,ACIU
7.345,7.35,7.34,7.34,2100,2021-09-01 19:03:00,ACIU
7.3495,7.3495,7.34,7.34,500,2021-09-01 19:04:00,ACIU
7.345,7.35,7.34,7.35,3800,2021-09-01 19:05:00,ACIU
7.345,7.35,7.34,7.345,2633,2021-09-01 19:06:00,ACIU
7.35,7.35,7.34,7.34,4390,2021-09-01 19:07:00,ACIU
7.345,7.35,7.34,7.35,2530,2021-09-01 19:08:00,ACIU
7.3484,7.35,7.34,7.345,1025,2021-09-01 19:09:00,ACIU
7.345,7.345,7.34,7.34,1900,2021-09-01 19:10:00,ACIU
7.35,7.35,7.34,7.34,9700,2021-09-01 19:11:00,ACIU
7.34,7.36,7.34,7.3484,25896,2021-09-01 19:12:00,ACIU
7.345,7.345,7.345,7.345,100,2021-09-01 19:13:00,ACIU
7.3467,7.35,7.3423,7.35,4462,2021-09-01 19:14:00,ACIU
7.3404,7.35,7.34,7.35,10035,2021-09-01 19:15:00,ACIU
7.345,7.346,7.34,7.346,2422,2021-09-01 19:16:00,ACIU
7.35,7.35,7.335,7.3399,25569,2021-09-01 19:17:00,ACIU
7.335,7.335,7.3325,7.335,1172,2021-09-01 19:18:00,ACIU
7.335,7.34,7.335,7.335,2000,2021-09-01 19:19:00,ACIU
7.335,7.337,7.335,7.335,900,2021-09-01 19:20:00,ACIU
7.335,7.34,7.33,7.335,2641,2021-09-01 19:21:00,ACIU
7.34,7.34,7.3301,7.34,2600,2021-09-01 19:22:00,ACIU
7.335,7.34,7.335,7.335,2562,2021-09-01 19:23:00,ACIU
7.34,7.34,7.335,7.34,2642,2021-09-01 19:24:00,ACIU
7.335,7.3479,7.335,7.3479,2098,2021-09-01 19:25:00,ACIU
7.35,7.37,7.345,7.355,12498,2021-09-01 19:26:00,ACIU
7.36,7.37,7.355,7.36,2648,2021-09-01 19:27:00,ACIU
7.355,7.36,7.355,7.36,2750,2021-09-01 19:28:00,ACIU
7.36,7.36,7.35,7.355,1821,2021-09-01 19:29:00,ACIU
7.355,7.36,7.35,7.35,5027,2021-09-01 19:30:00,ACIU
7.345,7.345,7.34,7.345,2100,2021-09-01 19:31:00,ACIU
7.34,7.34,7.3325,7.34,2254,2021-09-01 19:32:00,ACIU
7.3385,7.3385,7.3,7.32,13593,2021-09-01 19:33:00,ACIU
7.3001,7.3001,7.2801,7.2801,8630,2021-09-01 19:34:00,ACIU
7.2895,7.2895,7.2827,7.2827,2850,2021-09-01 19:35:00,ACIU
7.2825,7.29,7.2825,7.283,1597,2021-09-01 19:36:00,ACIU
7.2801,7.2884,7.26,7.265,10666,2021-09-01 19:37:00,ACIU
7.26,7.2699,7.26,7.26,737,2021-09-01 19:38:00,ACIU
7.26,7.26,7.2409,7.245,13542,2021-09-01 19:39:00,ACIU
7.245,7.25,7.24,7.2406,7332,2021-09-01 19:40:00,ACIU
7.245,7.25,7.24,7.245,7749,2021-09-01 19:41:00,ACIU
7.25,7.25,7.24,7.25,18679,2021-09-01 19:42:00,ACIU
7.24,7.24,7.235,7.235,9110,2021-09-01 19:43:00,ACIU
7.24,7.24,7.235,7.2397,22567,2021-09-01 19:44:00,ACIU
7.249,7.26,7.2401,7.26,8692,2021-09-01 19:45:00,ACIU
7.254,7.27,7.25,7.27,2440,2021-09-01 19:46:00,ACIU
7.2528,7.33,7.2528,7.33,18434,2021-09-01 19:47:00,ACIU
7.33,7.33,7.31,7.325,24675,2021-09-01 19:48:00,ACIU
7.33,7.34,7.325,7.34,5586,2021-09-01 19:49:00,ACIU
7.32,7.33,7.28,7.325,17248,2021-09-01 19:50:00,ACIU
7.33,7.33,7.3201,7.3245,11483,2021-09-01 19:51:00,ACIU
7.325,7.33,7.325,7.3295,4162,2021-09-01 19:52:00,ACIU
7.33,7.37,7.3201,7.3625,27950,2021-09-01 19:53:00,ACIU
7.37,7.37,7.36,7.365,19618,2021-09-01 19:54:00,ACIU
7.365,7.37,7.36,7.37,29166,2021-09-01 19:55:00,ACIU
7.37,7.37,7.36,7.37,53738,2021-09-01 19:56:00,ACIU
7.365,7.37,7.3601,7.37,19443,2021-09-01 19:57:00,ACIU
7.365,7.37,7.36,7.3625,20421,2021-09-01 19:58:00,ACIU
7.365,7.37,7.32,7.32,44057,2021-09-01 19:59:00,ACIU
7.29,7.29,7.29,7.29,109779,2021-09-01 20:00:00,ACIU
7.29,7.29,7.29,7.29,100,2021-09-01 20:01:00,ACIU
7.25,7.25,7.25,7.25,938,2021-09-01 20:02:00,ACIU
7.2301,7.2301,7.2301,7.2301,300,2021-09-01 20:04:00,ACIU
7.23,7.23,7.23,7.23,300,2021-09-01 20:05:00,ACIU
7.21,7.23,7.2,7.23,1343,2021-09-01 20:06:00,ACIU
7.25,7.25,7.25,7.25,1858,2021-09-01 20:09:00,ACIU
7.26,7.26,7.26,7.26,300,2021-09-01 20:12:00,ACIU
7.26,7.26,7.26,7.26,2115,2021-09-01 20:13:00,ACIU
7.26,7.26,7.25,7.25,225,2021-09-01 20:17:00,ACIU
7.3,7.3,7.3,7.3,500,2021-09-01 20:28:00,ACIU
7.3,7.3,7.3,7.3,100,2021-09-01 20:30:00,ACIU
7.3,7.3,7.3,7.3,300,2021-09-01 20:31:00,ACIU
7.3,7.3,7.3,7.3,100,2021-09-01 20:32:00,ACIU
7.3,7.3,7.3,7.3,100,2021-09-01 20:33:00,ACIU
7.3,7.3,7.3,7.3,100,2021-09-01 20:44:00,ACIU
7.3,7.3,7.3,7.3,100,2021-09-01 20:47:00,ACIU
7.26,7.26,7.26,7.26,100,2021-09-01 20:51:00,ACIU
7.25,7.25,7.25,7.25,1325,2021-09-01 20:55:00,ACIU
7.29,7.29,7.29,7.29,150,2021-09-01 21:03:00,ACIU
7.26,7.26,7.26,7.26,200,2021-09-01 21:10:00,ACIU
7.25,7.25,7.25,7.25,195,2021-09-01 21:11:00,ACIU
7.25,7.25,7.25,7.25,100,2021-09-01 21:15:00,ACIU
7.29,7.29,7.29,7.29,415,2021-09-01 21:16:00,ACIU
7.26,7.26,7.26,7.26,150,2021-09-01 21:18:00,ACIU
7.26,7.26,7.26,7.26,200,2021-09-01 21:30:00,ACIU
7.26,7.26,7.26,7.26,609,2021-09-01 21:31:00,ACIU
7.25,7.25,7.25,7.25,294,2021-09-01 21:32:00,ACIU
7.26,7.26,7.26,7.26,145,2021-09-01 21:33:00,ACIU
7.26,7.26,7.26,7.26,1000,2021-09-01 21:35:00,ACIU
7.29,7.29,7.29,7.29,200,2021-09-01 21:37:00,ACIU
7.29,7.29,7.29,7.29,100,2021-09-01 21:39:00,ACIU
7.28,7.29,7.28,7.29,1767,2021-09-01 21:42:00,ACIU
7.26,7.26,7.26,7.26,195,2021-09-01 21:46:00,ACIU
7.25,7.25,7.25,7.25,113,2021-09-01 21:51:00,ACIU
7.25,7.29,7.25,7.29,1000,2021-09-01 21:52:00,ACIU
7.25,7.25,7.25,7.25,100,2021-09-01 21:58:00,ACIU
7.25,7.25,7.25,7.25,396,2021-09-01 21:59:00,ACIU
7.25,7.25,7.25,7.25,205,2021-09-01 22:25:00,ACIU
7.3,7.3,7.3,7.3,145,2021-09-01 22:28:00,ACIU
7.3,7.3,7.3,7.3,300,2021-09-01 22:37:00,ACIU
7.25,7.3,7.25,7.3,400,2021-09-01 22:39:00,ACIU
7.29,7.29,7.29,7.29,500,2021-09-01 22:44:00,ACIU
7.28,7.28,7.28,7.28,100,2021-09-01 23:27:00,ACIU
7.29,7.29,7.29,7.29,350,2021-09-01 23:33:00,ACIU
7.27,7.27,7.27,7.27,3000,2021-09-01 23:45:00,ACIU
7.21,7.21,7.21,7.21,102,2021-09-02 08:04:00,ACIU
7.26,7.4,7.26,7.4,422,2021-09-02 08:05:00,ACIU
7.4,7.4,7.4,7.4,100,2021-09-02 08:09:00,ACIU
7.54,7.55,7.5,7.5,2280,2021-09-02 08:21:00,ACIU
7.54,7.55,7.54,7.55,415,2021-09-02 08:22:00,ACIU
7.5,7.5,7.5,7.5,800,2021-09-02 08:26:00,ACIU
7.5,7.5,7.5,7.5,158,2021-09-02 08:36:00,ACIU
7.48,7.55,7.48,7.55,767,2021-09-02 09:01:00,ACIU
7.54,7.55,7.54,7.55,284,2021-09-02 09:02:00,ACIU
7.57,7.57,7.57,7.57,200,2021-09-02 09:39:00,ACIU
7.58,7.58,7.58,7.58,200,2021-09-02 09:41:00,ACIU
7.58,7.58,7.58,7.58,700,2021-09-02 09:43:00,ACIU
7.58,7.58,7.58,7.58,100,2021-09-02 09:44:00,ACIU
7.58,7.58,7.58,7.58,100,2021-09-02 09:45:00,ACIU
7.58,7.6,7.58,7.6,971,2021-09-02 09:46:00,ACIU
7.58,7.58,7.58,7.58,472,2021-09-02 09:49:00,ACIU
7.54,7.54,7.54,7.54,451,2021-09-02 10:21:00,ACIU
7.44,7.44,7.44,7.44,889,2021-09-02 10:30:00,ACIU
7.54,7.55,7.54,7.55,800,2021-09-02 10:56:00,ACIU
7.31,7.31,7.31,7.31,100,2021-09-02 11:09:00,ACIU
7.38,7.38,7.38,7.38,200,2021-09-02 11:46:00,ACIU
7.3,7.3,7.3,7.3,127,2021-09-02 11:51:00,ACIU
7.35,7.35,7.35,7.35,100,2021-09-02 11:54:00,ACIU
7.35,7.39,7.35,7.39,1000,2021-09-02 11:55:00,ACIU
7.38,7.38,7.38,7.38,100,2021-09-02 11:57:00,ACIU
7.4,7.4,7.4,7.4,100,2021-09-02 12:00:00,ACIU
7.33,7.33,7.33,7.33,200,2021-09-02 12:07:00,ACIU
7.33,7.33,7.33,7.33,1150,2021-09-02 12:08:00,ACIU
7.35,7.35,7.35,7.35,800,2021-09-02 12:13:00,ACIU
7.35,7.36,7.35,7.36,276,2021-09-02 12:15:00,ACIU
7.36,7.36,7.36,7.36,274,2021-09-02 12:16:00,ACIU
7.31,7.31,7.24,7.24,2050,2021-09-02 12:17:00,ACIU
7.34,7.34,7.34,7.34,100,2021-09-02 12:22:00,ACIU
7.25,7.25,7.25,7.25,492,2021-09-02 12:42:00,ACIU
7.25,7.25,7.25,7.25,100,2021-09-02 12:43:00,ACIU
7.24,7.24,7.24,7.24,456,2021-09-02 12:44:00,ACIU
7.25,7.25,7.25,7.25,1300,2021-09-02 12:46:00,ACIU
7.29,7.31,7.29,7.3,690,2021-09-02 12:47:00,ACIU
7.3,7.35,7.3,7.35,1052,2021-09-02 12:49:00,ACIU
7.3599,7.3599,7.3599,7.3599,100,2021-09-02 12:54:00,ACIU
7.31,7.31,7.3,7.3,229,2021-09-02 12:55:00,ACIU
7.31,7.36,7.31,7.36,315,2021-09-02 12:58:00,ACIU
7.35,7.39,7.35,7.39,1643,2021-09-02 13:05:00,ACIU
7.35,7.35,7.35,7.35,281,2021-09-02 13:06:00,ACIU
7.35,7.35,7.35,7.35,150,2021-09-02 13:09:00,ACIU
7.35,7.35,7.35,7.35,150,2021-09-02 13:10:00,ACIU
7.35,7.35,7.35,7.35,182,2021-09-02 13:16:00,ACIU
7.34,7.34,7.34,7.34,1000,2021-09-02 13:17:00,ACIU
7.33,7.33,7.33,7.33,100,2021-09-02 13:18:00,ACIU
7.3,7.3599,7.3,7.3354,15812,2021-09-02 13:30:00,ACIU
7.311,7.35,7.3,7.33,2745,2021-09-02 13:31:00,ACIU
7.33,7.33,7.23,7.26,9153,2021-09-02 13:32:00,ACIU
7.25,7.28,7.23,7.27,5866,2021-09-02 13:33:00,ACIU
7.24,7.24,7.14,7.16,7007,2021-09-02 13:34:00,ACIU
7.2136,7.26,7.21,7.2455,4438,2021-09-02 13:35:00,ACIU
7.2446,7.2446,7.185,7.215,3973,2021-09-02 13:36:00,ACIU
7.23,7.24,7.2,7.2042,19853,2021-09-02 13:37:00,ACIU
7.2,7.2,7.1832,7.1832,610,2021-09-02 13:38:00,ACIU
7.2,7.2,7.1841,7.1841,3098,2021-09-02 13:39:00,ACIU
7.1822,7.19,7.145,7.16,16407,2021-09-02 13:40:00,ACIU
7.1401,7.23,7.1401,7.1886,9081,2021-09-02 13:41:00,ACIU
7.1807,7.19,7.16,7.16,2562,2021-09-02 13:42:00,ACIU
7.1922,7.1922,7.171,7.171,718,2021-09-02 13:43:00,ACIU
7.17,7.1701,7.14,7.14,7543,2021-09-02 13:44:00,ACIU
7.15,7.3,7.14,7.195,145702,2021-09-02 13:45:00,ACIU
7.2,7.2,7.18,7.19,4240,2021-09-02 13:46:00,ACIU
7.17,7.19,7.15,7.1756,6352,2021-09-02 13:47:00,ACIU
7.17,7.19,7.15,7.1501,8641,2021-09-02 13:48:00,ACIU
7.15,7.18,7.15,7.18,7634,2021-09-02 13:49:00,ACIU
7.17,7.17,7.1599,7.1599,1150,2021-09-02 13:50:00,ACIU
7.153,7.16,7.1212,7.1212,16319,2021-09-02 13:51:00,ACIU
7.125,7.15,7.1,7.11,9921,2021-09-02 13:52:00,ACIU
7.1168,7.16,7.1168,7.1391,12259,2021-09-02 13:53:00,ACIU
7.1247,7.14,7.1184,7.1201,5506,2021-09-02 13:54:00,ACIU
7.14,7.1499,7.1265,7.13,3323,2021-09-02 13:55:00,ACIU
7.12,7.1326,7.12,7.13,8925,2021-09-02 13:56:00,ACIU
7.14,7.16,7.1316,7.16,7520,2021-09-02 13:57:00,ACIU
7.18,7.19,7.1492,7.18,8452,2021-09-02 13:58:00,ACIU
7.1601,7.1601,7.1601,7.1601,100,2021-09-02 13:59:00,ACIU
7.1609,7.2,7.1601,7.2,10277,2021-09-02 14:00:00,ACIU
7.2,7.26,7.1901,7.2001,8915,2021-09-02 14:01:00,ACIU
7.2065,7.22,7.18,7.18,3138,2021-09-02 14:02:00,ACIU
7.1701,7.1869,7.14,7.145,11935,2021-09-02 14:03:00,ACIU
7.1414,7.15,7.1414,7.1486,1536,2021-09-02 14:04:00,ACIU
7.14,7.15,7.14,7.15,1900,2021-09-02 14:05:00,ACIU
7.149,7.17,7.1413,7.15,6285,2021-09-02 14:06:00,ACIU
7.1801,7.1888,7.1801,7.1888,700,2021-09-02 14:07:00,ACIU
7.18,7.1873,7.1615,7.1615,3902,2021-09-02 14:08:00,ACIU
7.1727,7.19,7.14,7.15,8476,2021-09-02 14:09:00,ACIU
7.1412,7.15,7.1286,7.1286,21152,2021-09-02 14:10:00,ACIU
7.1299,7.19,7.1299,7.1799,8170,2021-09-02 14:11:00,ACIU
7.1773,7.18,7.17,7.17,1700,2021-09-02 14:12:00,ACIU
7.18,7.18,7.18,7.18,300,2021-09-02 14:13:00,ACIU
7.1559,7.1571,7.15,7.1571,415,2021-09-02 14:14:00,ACIU
7.1799,7.1799,7.15,7.15,1415,2021-09-02 14:15:00,ACIU
7.1572,7.1572,7.14,7.14,1186,2021-09-02 14:16:00,ACIU
7.15,7.15,7.1366,7.1366,440,2021-09-02 14:17:00,ACIU
7.1382,7.1382,7.135,7.135,1465,2021-09-02 14:18:00,ACIU
7.13,7.15,7.11,7.11,7898,2021-09-02 14:19:00,ACIU
7.12,7.1283,7.1178,7.1259,1964,2021-09-02 14:20:00,ACIU
7.1362,7.1443,7.1362,7.1429,900,2021-09-02 14:21:00,ACIU
7.15,7.15,7.14,7.14,642,2021-09-02 14:22:00,ACIU
7.1412,7.1412,7.13,7.13,6921,2021-09-02 14:23:00,ACIU
7.1392,7.1392,7.12,7.1369,3771,2021-09-02 14:24:00,ACIU
7.1286,7.1286,7.11,7.11,2365,2021-09-02 14:25:00,ACIU
7.1144,7.1144,7.1,7.11,3229,2021-09-02 14:26:00,ACIU
7.12,7.16,7.12,7.1205,5903,2021-09-02 14:27:00,ACIU
7.1452,7.155,7.14,7.14,1500,2021-09-02 14:28:00,ACIU
7.14,7.14,7.14,7.14,480,2021-09-02 14:29:00,ACIU
7.14,7.1646,7.14,7.1646,1300,2021-09-02 14:30:00,ACIU
7.1412,7.1647,7.1412,7.1647,3100,2021-09-02 14:31:00,ACIU
7.1647,7.1647,7.06,7.081,10488,2021-09-02 14:32:00,ACIU
7.089,7.1,7.0778,7.1,2651,2021-09-02 14:33:00,ACIU
7.13,7.13,7.09,7.1,1610,2021-09-02 14:34:00,ACIU
7.1,7.12,7.0981,7.12,2086,2021-09-02 14:35:00,ACIU
7.1,7.1,7.1,7.1,100,2021-09-02 14:36:00,ACIU
7.0977,7.12,7.0977,7.11,5386,2021-09-02 14:37:00,ACIU
7.11,7.16,7.11,7.15,7750,2021-09-02 14:38:00,ACIU
7.135,7.19,7.1301,7.165,11613,2021-09-02 14:39:00,ACIU
7.1799,7.1799,7.1601,7.1699,1100,2021-09-02 14:40:00,ACIU
7.1695,7.1849,7.1695,7.1849,941,2021-09-02 14:41:00,ACIU
7.166,7.19,7.166,7.17,3352,2021-09-02 14:42:00,ACIU
7.18,7.21,7.16,7.19,20026,2021-09-02 14:43:00,ACIU
7.215,7.22,7.2,7.2,1200,2021-09-02 14:44:00,ACIU
7.2,7.24,7.2,7.225,5319,2021-09-02 14:45:00,ACIU
7.225,7.26,7.22,7.2345,15102,2021-09-02 14:46:00,ACIU
7.235,7.235,7.21,7.22,2859,2021-09-02 14:47:00,ACIU
7.2101,7.2101,7.2064,7.2067,654,2021-09-02 14:48:00,ACIU
7.2,7.2,7.2,7.2,100,2021-09-02 14:49:00,ACIU
7.19,7.205,7.19,7.205,300,2021-09-02 14:50:00,ACIU
7.1931,7.1931,7.16,7.1801,1100,2021-09-02 14:51:00,ACIU
7.18,7.18,7.17,7.18,1100,2021-09-02 14:52:00,ACIU
7.19,7.2,7.175,7.19,2300,2021-09-02 14:53:00,ACIU
7.19,7.21,7.1751,7.2006,4700,2021-09-02 14:54:00,ACIU
7.19,7.22,7.19,7.22,1016,2021-09-02 14:55:00,ACIU
7.204,7.2099,7.1818,7.2099,1950,2021-09-02 14:57:00,ACIU
7.2043,7.2043,7.1877,7.1877,1320,2021-09-02 14:58:00,ACIU
7.195,7.195,7.195,7.195,100,2021-09-02 15:00:00,ACIU
7.18,7.1801,7.18,7.18,642,2021-09-02 15:01:00,ACIU
7.18,7.18,7.16,7.16,472,2021-09-02 15:03:00,ACIU
7.1737,7.18,7.13,7.13,2634,2021-09-02 15:04:00,ACIU
7.1401,7.1401,7.14,7.14,1000,2021-09-02 15:05:00,ACIU
7.14,7.14,7.1,7.1151,4435,2021-09-02 15:07:00,ACIU
7.11,7.1377,7.11,7.1377,1921,2021-09-02 15:08:00,ACIU
7.13,7.14,7.12,7.12,700,2021-09-02 15:09:00,ACIU
7.1355,7.1355,7.12,7.12,300,2021-09-02 15:10:00,ACIU
7.12,7.12,7.07,7.12,3328,2021-09-02 15:11:00,ACIU
7.1,7.1,7.1,7.1,100,2021-09-02 15:12:00,ACIU
7.1031,7.15,7.08,7.12,6250,2021-09-02 15:13:00,ACIU
7.13,7.15,7.13,7.15,3900,2021-09-02 15:14:00,ACIU
7.15,7.15,7.13,7.13,1100,2021-09-02 15:15:00,ACIU
7.14,7.1501,7.14,7.15,2972,2021-09-02 15:16:00,ACIU
7.15,7.1558,7.15,7.15,5528,2021-09-02 15:17:00,ACIU
7.155,7.155,7.1499,7.1499,1821,2021-09-02 15:20:00,ACIU
7.14,7.14,7.14,7.14,200,2021-09-02 15:21:00,ACIU
7.14,7.16,7.14,7.16,1800,2021-09-02 15:22:00,ACIU
7.17,7.2,7.17,7.1999,1857,2021-09-02 15:23:00,ACIU
7.1946,7.1946,7.1946,7.1946,300,2021-09-02 15:24:00,ACIU
7.17,7.17,7.17,7.17,140,2021-09-02 15:25:00,ACIU
7.17,7.1809,7.159,7.1809,1439,2021-09-02 15:26:00,ACIU
7.15,7.15,7.15,7.15,377,2021-09-02 15:27:00,ACIU
7.17,7.17,7.17,7.17,100,2021-09-02 15:28:00,ACIU
7.184,7.184,7.184,7.184,600,2021-09-02 15:29:00,ACIU
7.1852,7.1852,7.1852,7.1852,1000,2021-09-02 15:30:00,ACIU
7.17,7.17,7.17,7.17,100,2021-09-02 15:31:00,ACIU
7.1744,7.1744,7.1744,7.1744,121,2021-09-02 15:32:00,ACIU
7.15,7.1667,7.15,7.1667,599,2021-09-02 15:33:00,ACIU
7.1673,7.1673,7.16,7.16,610,2021-09-02 15:34:00,ACIU
7.1501,7.21,7.15,7.16,5732,2021-09-02 15:35:00,ACIU
7.1627,7.17,7.16,7.16,300,2021-09-02 15:36:00,ACIU
7.155,7.155,7.15,7.15,300,2021-09-02 15:37:00,ACIU
7.14,7.14,7.13,7.13,330,2021-09-02 15:38:00,ACIU
7.1389,7.1389,7.11,7.1266,900,2021-09-02 15:39:00,ACIU
7.1221,7.149,7.1221,7.149,2800,2021-09-02 15:40:00,ACIU
7.13,7.13,7.13,7.13,100,2021-09-02 15:41:00,ACIU
7.1301,7.1301,7.1301,7.1301,200,2021-09-02 15:44:00,ACIU
7.13,7.1316,7.12,7.1316,520,2021-09-02 15:45:00,ACIU
7.14,7.14,7.135,7.14,1243,2021-09-02 15:46:00,ACIU
7.1399,7.14,7.1318,7.14,1343,2021-09-02 15:47:00,ACIU
7.14,7.145,7.14,7.1401,1600,2021-09-02 15:48:00,ACIU
7.1399,7.1399,7.1399,7.1399,100,2021-09-02 15:49:00,ACIU
7.14,7.14,7.13,7.14,2184,2021-09-02 15:50:00,ACIU
7.14,7.145,7.14,7.14,1455,2021-09-02 15:51:00,ACIU
7.14,7.1401,7.1383,7.1383,986,2021-09-02 15:52:00,ACIU
7.13,7.13,7.13,7.13,700,2021-09-02 15:54:00,ACIU
7.1399,7.1399,7.1399,7.1399,100,2021-09-02 15:55:00,ACIU
7.13,7.1301,7.13,7.13,828,2021-09-02 15:57:00,ACIU
7.12,7.12,7.12,7.12,100,2021-09-02 15:58:00,ACIU
7.1282,7.1282,7.11,7.11,1555,2021-09-02 15:59:00,ACIU
7.1188,7.1353,7.1188,7.1353,3200,2021-09-02 16:00:00,ACIU
7.1226,7.135,7.1226,7.135,1100,2021-09-02 16:01:00,ACIU
7.13,7.13,7.13,7.13,500,2021-09-02 16:02:00,ACIU
7.1399,7.1399,7.13,7.13,300,2021-09-02 16:03:00,ACIU
7.13,7.13,7.1077,7.1099,6107,2021-09-02 16:04:00,ACIU
7.105,7.12,7.105,7.1098,17150,2021-09-02 16:05:00,ACIU
7.12,7.175,7.12,7.175,8338,2021-09-02 16:06:00,ACIU
7.155,7.16,7.13,7.16,400,2021-09-02 16:07:00,ACIU
7.15,7.15,7.13,7.13,500,2021-09-02 16:08:00,ACIU
7.1533,7.1533,7.1533,7.1533,100,2021-09-02 16:10:00,ACIU
7.1529,7.1529,7.14,7.14,400,2021-09-02 16:11:00,ACIU
7.13,7.14,7.1269,7.1269,370,2021-09-02 16:12:00,ACIU
7.13,7.13,7.13,7.13,400,2021-09-02 16:13:00,ACIU
7.1559,7.1559,7.139,7.139,1100,2021-09-02 16:14:00,ACIU
7.13,7.13,7.11,7.11,2000,2021-09-02 16:15:00,ACIU
7.12,7.12,7.12,7.12,500,2021-09-02 16:16:00,ACIU
7.12,7.1299,7.12,7.1299,1110,2021-09-02 16:18:00,ACIU
7.12,7.12,7.1098,7.1098,2250,2021-09-02 16:19:00,ACIU
7.1086,7.12,7.1085,7.11,1313,2021-09-02 16:20:00,ACIU
7.12,7.13,7.12,7.13,1000,2021-09-02 16:21:00,ACIU
7.1245,7.1245,7.1245,7.1245,200,2021-09-02 16:22:00,ACIU
7.12,7.12,7.1001,7.1001,310,2021-09-02 16:23:00,ACIU
7.1,7.1,7.1,7.1,100,2021-09-02 16:24:00,ACIU
7.11,7.1199,7.11,7.11,310,2021-09-02 16:25:00,ACIU
7.11,7.12,7.11,7.12,1400,2021-09-02 16:26:00,ACIU
7.11,7.125,7.11,7.12,667,2021-09-02 16:27:00,ACIU
7.125,7.125,7.115,7.115,511,2021-09-02 16:28:00,ACIU
7.13,7.13,7.13,7.13,200,2021-09-02 16:29:00,ACIU
7.11,7.1577,7.11,7.1501,7794,2021-09-02 16:30:00,ACIU
7.15,7.1516,7.15,7.15,3421,2021-09-02 16:31:00,ACIU
7.15,7.15,7.13,7.1432,637,2021-09-02 16:32:00,ACIU
7.1254,7.1254,7.1254,7.1254,180,2021-09-02 16:33:00,ACIU
7.1247,7.13,7.1247,7.13,960,2021-09-02 16:34:00,ACIU
7.1301,7.1301,7.1301,7.1301,2500,2021-09-02 16:35:00,ACIU
7.13,7.13,7.13,7.13,100,2021-09-02 16:36:00,ACIU
7.12,7.1295,7.11,7.11,1300,2021-09-02 16:38:00,ACIU
7.109,7.11,7.1086,7.1086,1500,2021-09-02 16:39:00,ACIU
7.1088,7.11,7.1088,7.11,877,2021-09-02 16:40:00,ACIU
7.1101,7.1185,7.1101,7.1185,340,2021-09-02 16:41:00,ACIU
7.115,7.12,7.11,7.115,1000,2021-09-02 16:43:00,ACIU
7.1194,7.1194,7.1106,7.1106,2175,2021-09-02 16:44:00,ACIU
7.1199,7.14,7.115,7.14,3757,2021-09-02 16:45:00,ACIU
7.1261,7.16,7.1261,7.145,3500,2021-09-02 16:46:00,ACIU
7.16,7.16,7.16,7.16,2000,2021-09-02 16:47:00,ACIU
7.145,7.145,7.145,7.145,100,2021-09-02 16:48:00,ACIU
7.16,7.16,7.145,7.145,1200,2021-09-02 16:50:00,ACIU
7.145,7.16,7.13,7.13,700,2021-09-02 16:51:00,ACIU
7.13,7.16,7.13,7.14,2610,2021-09-02 16:52:00,ACIU
7.14,7.16,7.14,7.16,1350,2021-09-02 16:53:00,ACIU
7.16,7.16,7.16,7.16,100,2021-09-02 16:54:00,ACIU
7.17,7.17,7.1676,7.1676,699,2021-09-02 16:55:00,ACIU
7.16,7.1699,7.16,7.1699,3410,2021-09-02 16:57:00,ACIU
7.17,7.1899,7.1501,7.18,16200,2021-09-02 16:58:00,ACIU
7.1799,7.1799,7.1556,7.1623,4100,2021-09-02 16:59:00,ACIU
7.165,7.17,7.165,7.17,300,2021-09-02 17:00:00,ACIU
7.165,7.17,7.165,7.17,1000,2021-09-02 17:01:00,ACIU
7.155,7.16,7.15,7.16,6502,2021-09-02 17:02:00,ACIU
7.1601,7.165,7.1601,7.1601,2566,2021-09-02 17:03:00,ACIU
7.1515,7.1515,7.1515,7.1515,163,2021-09-02 17:04:00,ACIU
7.1517,7.1517,7.145,7.15,3872,2021-09-02 17:05:00,ACIU
7.15,7.16,7.1414,7.16,2325,2021-09-02 17:06:00,ACIU
7.1796,7.1796,7.1717,7.1717,1140,2021-09-02 17:07:00,ACIU
7.18,7.18,7.165,7.165,439,2021-09-02 17:08:00,ACIU
7.165,7.165,7.165,7.165,100,2021-09-02 17:09:00,ACIU
7.1547,7.165,7.1547,7.1592,655,2021-09-02 17:10:00,ACIU
7.15,7.15,7.15,7.15,300,2021-09-02 17:11:00,ACIU
7.16,7.16,7.16,7.16,400,2021-09-02 17:12:00,ACIU
7.165,7.165,7.1564,7.1564,200,2021-09-02 17:13:00,ACIU
7.17,7.18,7.17,7.18,800,2021-09-02 17:14:00,ACIU
7.17,7.18,7.16,7.18,400,2021-09-02 17:15:00,ACIU
7.17,7.18,7.17,7.18,500,2021-09-02 17:16:00,ACIU
7.18,7.1898,7.17,7.17,3000,2021-09-02 17:17:00,ACIU
7.16,7.16,7.16,7.16,100,2021-09-02 17:19:00,ACIU
7.15,7.16,7.11,7.12,8397,2021-09-02 17:20:00,ACIU
7.12,7.12,7.11,7.12,2222,2021-09-02 17:21:00,ACIU
7.12,7.15,7.12,7.15,8819,2021-09-02 17:22:00,ACIU
7.13,7.14,7.13,7.1328,10000,2021-09-02 17:24:00,ACIU
7.14,7.14,7.14,7.14,100,2021-09-02 17:25:00,ACIU
7.14,7.145,7.133,7.145,2845,2021-09-02 17:26:00,ACIU
7.13,7.13,7.1286,7.13,1340,2021-09-02 17:27:00,ACIU
7.12,7.13,7.08,7.0816,7360,2021-09-02 17:28:00,ACIU
7.0899,7.09,7.0823,7.0898,2100,2021-09-02 17:29:00,ACIU
7.0999,7.1,7.09,7.1,7328,2021-09-02 17:30:00,ACIU
7.1298,7.1298,7.0897,7.1061,3350,2021-09-02 17:31:00,ACIU
7.095,7.095,7.095,7.095,1000,2021-09-02 17:32:00,ACIU
7.09,7.1,7.09,7.1,1000,2021-09-02 17:33:00,ACIU
7.0838,7.11,7.0801,7.09,2615,2021-09-02 17:34:00,ACIU
7.0916,7.0916,7.0916,7.0916,121,2021-09-02 17:35:00,ACIU
7.1099,7.1099,7.1088,7.1088,500,2021-09-02 17:37:00,ACIU
7.1014,7.1014,7.1,7.1,390,2021-09-02 17:38:00,ACIU
7.1,7.1,7.1,7.1,100,2021-09-02 17:39:00,ACIU
7.1,7.1,7.1,7.1,100,2021-09-02 17:40:00,ACIU
7.1069,7.1073,7.1069,7.1073,622,2021-09-02 17:41:00,ACIU
7.1,7.1001,7.09,7.1,2509,2021-09-02 17:42:00,ACIU
7.08,7.09,7.08,7.09,2691,2021-09-02 17:43:00,ACIU
7.085,7.1,7.085,7.09,3825,2021-09-02 17:44:00,ACIU
7.0901,7.1,7.08,7.1,5000,2021-09-02 17:45:00,ACIU
7.09,7.0985,7.0807,7.0985,1501,2021-09-02 17:46:00,ACIU
7.0986,7.0986,7.0986,7.0986,261,2021-09-02 17:47:00,ACIU
7.1,7.11,7.1,7.1016,1703,2021-09-02 17:48:00,ACIU
7.11,7.11,7.1008,7.1008,382,2021-09-02 17:49:00,ACIU
7.1095,7.1095,7.1095,7.1095,1000,2021-09-02 17:50:00,ACIU
7.105,7.1084,7.1,7.1084,852,2021-09-02 17:51:00,ACIU
7.1081,7.11,7.1,7.11,6286,2021-09-02 17:52:00,ACIU
7.108,7.108,7.09,7.105,1540,2021-09-02 17:53:00,ACIU
7.105,7.105,7.1001,7.1001,2600,2021-09-02 17:54:00,ACIU
7.102,7.102,7.102,7.102,240,2021-09-02 17:55:00,ACIU
7.13,7.13,7.11,7.1101,320,2021-09-02 17:56:00,ACIU
7.1128,7.1128,7.1128,7.1128,240,2021-09-02 17:57:00,ACIU
7.1122,7.115,7.111,7.111,2026,2021-09-02 17:58:00,ACIU
7.1101,7.1101,7.1101,7.1101,100,2021-09-02 17:59:00,ACIU
7.11,7.11,7.1,7.1001,820,2021-09-02 18:01:00,ACIU
7.11,7.11,7.11,7.11,235,2021-09-02 18:02:00,ACIU
7.1,7.1,7.1,7.1,100,2021-09-02 18:03:00,ACIU
7.11,7.11,7.1001,7.1015,737,2021-09-02 18:04:00,ACIU
7.1002,7.1181,7.1002,7.11,705,2021-09-02 18:07:00,ACIU
7.104,7.11,7.104,7.11,2100,2021-09-02 18:08:00,ACIU
7.11,7.12,7.11,7.12,350,2021-09-02 18:09:00,ACIU
7.1199,7.1199,7.1,7.11,602,2021-09-02 18:10:00,ACIU
7.12,7.16,7.11,7.13,4331,2021-09-02 18:11:00,ACIU
7.13,7.13,7.13,7.13,200,2021-09-02 18:13:00,ACIU
7.11,7.11,7.1,7.1001,2766,2021-09-02 18:14:00,ACIU
7.1001,7.1001,7.07,7.07,4596,2021-09-02 18:15:00,ACIU
7.07,7.09,7.07,7.09,4342,2021-09-02 18:16:00,ACIU
7.09,7.09,7.09,7.09,300,2021-09-02 18:18:00,ACIU
7.09,7.0999,7.08,7.09,541,2021-09-02 18:19:00,ACIU
7.09,7.1,7.09,7.09,746,2021-09-02 18:20:00,ACIU
7.0856,7.0856,7.0856,7.0856,155,2021-09-02 18:21:00,ACIU
7.0863,7.0863,7.0863,7.0863,175,2021-09-02 18:22:00,ACIU
7.08,7.11,7.08,7.09,2100,2021-09-02 18:23:00,ACIU
7.1,7.1,7.07,7.077,4727,2021-09-02 18:24:00,ACIU
7.08,7.0849,7.08,7.0849,4586,2021-09-02 18:25:00,ACIU
7.095,7.095,7.095,7.095,200,2021-09-02 18:26:00,ACIU
7.0866,7.11,7.08,7.1,6463,2021-09-02 18:27:00,ACIU
7.095,7.095,7.095,7.095,500,2021-09-02 18:28:00,ACIU
7.095,7.095,7.0945,7.0945,921,2021-09-02 18:29:00,ACIU
7.08,7.08,7.08,7.08,100,2021-09-02 18:31:00,ACIU
7.0824,7.0967,7.0824,7.0967,650,2021-09-02 18:32:00,ACIU
7.08,7.08,7.08,7.08,100,2021-09-02 18:33:00,ACIU
7.0801,7.0801,7.0801,7.0801,100,2021-09-02 18:34:00,ACIU
7.08,7.086,7.08,7.086,311,2021-09-02 18:36:00,ACIU
7.08,7.0985,7.08,7.08,1300,2021-09-02 18:37:00,ACIU
7.09,7.09,7.09,7.09,100,2021-09-02 18:38:00,ACIU
7.085,7.09,7.085,7.085,1895,2021-09-02 18:39:00,ACIU
7.08,7.0801,6.98,7.0,65903,2021-09-02 18:40:00,ACIU
7.0,7.01,6.98,6.99,8952,2021-09-02 18:41:00,ACIU
6.9995,7.0,6.9838,6.99,5100,2021-09-02 18:42:00,ACIU
6.9989,7.0,6.995,7.0,7760,2021-09-02 18:43:00,ACIU
7.0,7.0,6.9958,7.0,1760,2021-09-02 18:44:00,ACIU
6.9999,7.0,6.99,6.9933,1100,2021-09-02 18:45:00,ACIU
6.995,7.0297,6.995,7.0232,7055,2021-09-02 18:46:00,ACIU
7.015,7.03,7.015,7.02,1445,2021-09-02 18:47:00,ACIU
7.031,7.04,7.0271,7.03,4609,2021-09-02 18:48:00,ACIU
7.04,7.04,7.0175,7.02,2474,2021-09-02 18:49:00,ACIU
7.0493,7.0493,7.0301,7.0301,3600,2021-09-02 18:50:00,ACIU
7.04,7.05,7.01,7.0168,1984,2021-09-02 18:51:00,ACIU
7.0,7.03,6.99,7.0209,5239,2021-09-02 18:52:00,ACIU
7.01,7.01,7.0,7.01,8627,2021-09-02 18:53:00,ACIU
7.0001,7.01,6.99,6.99,7470,2021-09-02 18:54:00,ACIU
6.99,6.9957,6.99,6.994,2285,2021-09-02 18:55:00,ACIU
6.995,7.0025,6.995,7.0025,3700,2021-09-02 18:56:00,ACIU
7.01,7.02,7.0001,7.01,5284,2021-09-02 18:57:00,ACIU
7.005,7.0087,7.0,7.0087,1140,2021-09-02 18:58:00,ACIU
7.0087,7.0087,7.0017,7.0017,500,2021-09-02 18:59:00,ACIU
7.0,7.01,7.0,7.01,710,2021-09-02 19:00:00,ACIU
7.005,7.01,6.99,6.99,9756,2021-09-02 19:01:00,ACIU
6.99,7.0,6.99,7.0,1223,2021-09-02 19:02:00,ACIU
6.98,6.9874,6.98,6.9874,1100,2021-09-02 19:03:00,ACIU
7.0,7.0,6.9827,6.9827,376,2021-09-02 19:04:00,ACIU
6.9971,6.9971,6.9801,6.9801,825,2021-09-02 19:05:00,ACIU
6.99,7.0,6.99,7.0,314,2021-09-02 19:06:00,ACIU
6.98,6.9879,6.98,6.98,1096,2021-09-02 19:07:00,ACIU
6.98,6.99,6.97,6.99,4351,2021-09-02 19:08:00,ACIU
6.99,6.9984,6.99,6.99,900,2021-09-02 19:09:00,ACIU
6.995,7.02,6.995,7.02,2100,2021-09-02 19:10:00,ACIU
7.02,7.02,7.01,7.0187,2200,2021-09-02 19:11:00,ACIU
7.006,7.015,7.0001,7.015,900,2021-09-02 19:12:00,ACIU
7.013,7.0186,7.013,7.015,600,2021-09-02 19:13:00,ACIU
7.015,7.07,7.015,7.055,4307,2021-09-02 19:14:00,ACIU
7.0515,7.0798,7.035,7.04,17193,2021-09-02 19:15:00,ACIU
7.0342,7.0342,7.0337,7.0337,1070,2021-09-02 19:16:00,ACIU
7.04,7.04,7.04,7.04,5400,2021-09-02 19:17:00,ACIU
7.045,7.05,7.045,7.045,1325,2021-09-02 19:18:00,ACIU
7.05,7.075,7.0411,7.075,4211,2021-09-02 19:19:00,ACIU
7.075,7.075,7.065,7.0699,2102,2021-09-02 19:20:00,ACIU
7.065,7.065,7.05,7.05,1236,2021-09-02 19:21:00,ACIU
7.0588,7.06,7.055,7.06,1100,2021-09-02 19:22:00,ACIU
7.06,7.06,7.06,7.06,1200,2021-09-02 19:23:00,ACIU
7.055,7.06,7.05,7.05,4690,2021-09-02 19:24:00,ACIU
7.055,7.06,7.0,7.01,5602,2021-09-02 19:25:00,ACIU
7.0,7.0,7.0,7.0,1364,2021-09-02 19:26:00,ACIU
7.0038,7.02,7.0038,7.02,883,2021-09-02 19:27:00,ACIU
7.015,7.015,7.0115,7.0115,800,2021-09-02 19:28:00,ACIU
7.0108,7.0108,7.0,7.0,1200,2021-09-02 19:29:00,ACIU
7.02,7.0327,7.02,7.0327,1714,2021-09-02 19:30:00,ACIU
7.01,7.04,7.01,7.04,1800,2021-09-02 19:31:00,ACIU
7.0364,7.0364,7.0364,7.0364,100,2021-09-02 19:32:00,ACIU
7.02,7.0296,7.02,7.0296,2100,2021-09-02 19:33:00,ACIU
7.03,7.0699,7.03,7.06,9928,2021-09-02 19:34:00,ACIU
7.05,7.0501,7.03,7.03,7665,2021-09-02 19:35:00,ACIU
7.0499,7.0499,7.04,7.04,600,2021-09-02 19:36:00,ACIU
7.045,7.06,7.0401,7.06,1265,2021-09-02 19:37:00,ACIU
7.07,7.075,7.05,7.075,3573,2021-09-02 19:38:00,ACIU
7.075,7.09,7.06,7.09,2280,2021-09-02 19:39:00,ACIU
7.0601,7.0896,7.0601,7.075,2200,2021-09-02 19:40:00,ACIU
7.08,7.08,7.07,7.08,2904,2021-09-02 19:41:00,ACIU
7.09,7.09,7.07,7.07,9067,2021-09-02 19:42:00,ACIU
7.07,7.07,7.0401,7.0401,4358,2021-09-02 19:43:00,ACIU
7.06,7.07,7.0539,7.0539,4647,2021-09-02 19:44:00,ACIU
7.05,7.07,7.045,7.05,5293,2021-09-02 19:45:00,ACIU
7.05,7.055,7.045,7.055,4522,2021-09-02 19:46:00,ACIU
7.0633,7.1,7.055,7.1,5709,2021-09-02 19:47:00,ACIU
7.08,7.1,7.08,7.1,10900,2021-09-02 19:48:00,ACIU
7.1,7.11,7.0909,7.1001,11765,2021-09-02 19:49:00,ACIU
7.1021,7.1021,7.0923,7.0923,3160,2021-09-02 19:50:00,ACIU
7.1,7.11,7.09,7.1,5107,2021-09-02 19:51:00,ACIU
7.1,7.105,7.09,7.1,6389,2021-09-02 19:52:00,ACIU
7.095,7.1,7.0911,7.1,5450,2021-09-02 19:53:00,ACIU
7.11,7.14,7.11,7.137,6379,2021-09-02 19:54:00,ACIU
7.14,7.15,7.13,7.15,6744,2021-09-02 19:55:00,ACIU
7.15,7.15,7.14,7.14,17434,2021-09-02 19:56:00,ACIU
7.15,7.15,7.14,7.14,3230,2021-09-02 19:57:00,ACIU
7.14,7.15,7.14,7.145,6871,2021-09-02 19:58:00,ACIU
7.145,7.15,7.125,7.125,12293,2021-09-02 19:59:00,ACIU
7.13,7.13,7.13,7.13,21046,2021-09-02 20:00:00,ACIU
7.15,7.15,7.15,7.15,150,2021-09-02 20:03:00,ACIU
7.15,7.15,7.15,7.15,420,2021-09-02 20:04:00,ACIU
7.12,7.12,7.12,7.12,194,2021-09-02 20:09:00,ACIU
7.1,7.1,7.1,7.1,1000,2021-09-02 20:14:00,ACIU
7.09,7.09,7.09,7.09,1400,2021-09-02 20:23:00,ACIU
7.09,7.09,7.09,7.09,800,2021-09-02 20:38:00,ACIU
7.13,7.13,7.13,7.13,5679,2021-09-02 20:40:00,ACIU
7.09,7.09,7.06,7.06,200,2021-09-02 20:45:00,ACIU
7.1,7.1,7.1,7.1,1500,2021-09-02 20:52:00,ACIU
7.0,7.0,7.0,7.0,500,2021-09-02 20:54:00,ACIU
7.0,7.0,7.0,7.0,100,2021-09-02 20:55:00,ACIU
7.05,7.05,7.05,7.05,197,2021-09-02 21:01:00,ACIU
7.05,7.05,7.05,7.05,1000,2021-09-02 21:05:00,ACIU
7.05,7.05,7.03,7.03,978,2021-09-02 21:09:00,ACIU
7.01,7.01,7.01,7.01,1000,2021-09-02 21:26:00,ACIU
7.0,7.0,7.0,7.0,1000,2021-09-02 21:27:00,ACIU
7.0,7.01,7.0,7.01,2000,2021-09-02 21:29:00,ACIU
7.0,7.0,7.0,7.0,1200,2021-09-02 21:30:00,ACIU
7.04,7.04,7.0,7.0,941,2021-09-02 21:45:00,ACIU
7.04,7.04,7.04,7.04,200,2021-09-02 21:48:00,ACIU
7.02,7.02,7.0,7.0,2713,2021-09-02 21:51:00,ACIU
7.0,7.0,7.0,7.0,500,2021-09-02 21:52:00,ACIU
7.02,7.02,7.02,7.02,500,2021-09-02 21:56:00,ACIU
7.05,7.07,7.05,7.07,300,2021-09-02 22:03:00,ACIU
7.01,7.01,6.99,6.99,400,2021-09-02 22:11:00,ACIU
6.99,6.99,6.99,6.99,2333,2021-09-02 22:15:00,ACIU
7.01,7.01,7.01,7.01,100,2021-09-02 23:58:00,ACIU
7.19,7.3,7.19,7.3,1049,2021-09-03 08:11:00,ACIU
7.28,7.28,7.28,7.28,494,2021-09-03 08:39:00,ACIU
7.27,7.28,7.25,7.25,1200,2021-09-03 09:03:00,ACIU
7.06,7.06,7.06,7.06,100,2021-09-03 10:07:00,ACIU
7.12,7.12,7.12,7.12,199,2021-09-03 11:18:00,ACIU
7.15,7.15,7.15,7.15,483,2021-09-03 11:19:00,ACIU
7.14,7.15,7.14,7.15,200,2021-09-03 11:25:00,ACIU
7.19,7.19,7.19,7.19,392,2021-09-03 11:28:00,ACIU
7.19,7.19,7.15,7.15,480,2021-09-03 11:32:00,ACIU
7.13,7.13,7.13,7.13,100,2021-09-03 11:35:00,ACIU
7.13,7.2,7.13,7.2,4502,2021-09-03 11:39:00,ACIU
7.2,7.2,7.2,7.2,219,2021-09-03 11:40:00,ACIU
7.08,7.08,7.08,7.08,2000,2021-09-03 12:05:00,ACIU
7.08,7.08,7.08,7.08,100,2021-09-03 12:14:00,ACIU
7.09,7.09,7.09,7.09,129,2021-09-03 12:22:00,ACIU
7.09,7.09,7.08,7.08,720,2021-09-03 12:24:00,ACIU
7.09,7.09,7.08,7.08,500,2021-09-03 12:29:00,ACIU
7.11,7.11,7.11,7.11,100,2021-09-03 12:48:00,ACIU
7.11,7.11,7.11,7.11,200,2021-09-03 13:04:00,ACIU
7.11,7.11,7.11,7.11,991,2021-09-03 13:14:00,ACIU
7.09,7.09,7.09,7.09,101,2021-09-03 13:15:00,ACIU
7.1,7.1,7.1,7.1,420,2021-09-03 13:17:00,ACIU
7.1,7.11,7.1,7.11,1125,2021-09-03 13:20:00,ACIU
7.11,7.11,7.11,7.11,200,2021-09-03 13:21:00,ACIU
7.11,7.11,7.11,7.11,915,2021-09-03 13:23:00,ACIU
7.15,7.15,7.1,7.14,18921,2021-09-03 13:30:00,ACIU
7.11,7.14,7.11,7.1399,2582,2021-09-03 13:31:00,ACIU
7.1,7.25,7.1,7.25,10102,2021-09-03 13:32:00,ACIU
7.22,7.2397,7.1788,7.205,6990,2021-09-03 13:33:00,ACIU
7.18,7.21,7.18,7.21,500,2021-09-03 13:34:00,ACIU
7.2,7.24,7.1716,7.22,4353,2021-09-03 13:35:00,ACIU
7.2,7.23,7.2,7.2,3666,2021-09-03 13:36:00,ACIU
7.1702,7.2299,7.17,7.2,4416,2021-09-03 13:37:00,ACIU
7.1759,7.2,7.1759,7.1795,1700,2021-09-03 13:38:00,ACIU
7.17,7.1999,7.135,7.15,13650,2021-09-03 13:39:00,ACIU
7.15,7.1687,7.12,7.12,6083,2021-09-03 13:40:00,ACIU
7.13,7.13,7.13,7.13,1700,2021-09-03 13:41:00,ACIU
7.1204,7.13,7.1204,7.13,200,2021-09-03 13:42:00,ACIU
7.1644,7.1644,7.1644,7.1644,100,2021-09-03 13:43:00,ACIU
7.16,7.16,7.16,7.16,640,2021-09-03 13:44:00,ACIU
7.145,7.16,7.145,7.16,1439,2021-09-03 13:46:00,ACIU
7.18,7.19,7.14,7.14,2483,2021-09-03 13:47:00,ACIU
7.165,7.165,7.165,7.165,100,2021-09-03 13:48:00,ACIU
7.2,7.2,7.1611,7.1611,324,2021-09-03 13:49:00,ACIU
7.16,7.16,7.16,7.16,100,2021-09-03 13:50:00,ACIU
7.14,7.17,7.1355,7.17,4345,2021-09-03 13:51:00,ACIU
7.1699,7.1699,7.12,7.148,2892,2021-09-03 13:52:00,ACIU
7.14,7.14,7.11,7.1125,3728,2021-09-03 13:54:00,ACIU
7.1008,7.1008,7.04,7.07,7150,2021-09-03 13:55:00,ACIU
7.04,7.094,7.04,7.094,2000,2021-09-03 13:56:00,ACIU
7.09,7.1,7.09,7.1,4300,2021-09-03 13:57:00,ACIU
7.1,7.1682,7.1,7.1094,1872,2021-09-03 13:58:00,ACIU
7.1,7.1315,7.1,7.1176,1426,2021-09-03 13:59:00,ACIU
7.12,7.12,7.12,7.12,361,2021-09-03 14:00:00,ACIU
7.11,7.12,7.05,7.0787,15078,2021-09-03 14:01:00,ACIU
7.07,7.101,7.07,7.1,1700,2021-09-03 14:02:00,ACIU
7.08,7.12,7.0752,7.0752,2563,2021-09-03 14:04:00,ACIU
7.09,7.1,7.09,7.1,525,2021-09-03 14:05:00,ACIU
7.09,7.13,7.09,7.13,1449,2021-09-03 14:06:00,ACIU
7.1,7.1,7.09,7.09,1160,2021-09-03 14:07:00,ACIU
7.0701,7.098,7.0701,7.08,4994,2021-09-03 14:09:00,ACIU
7.085,7.085,7.0682,7.0778,2613,2021-09-03 14:10:00,ACIU
7.1099,7.11,7.085,7.085,1850,2021-09-03 14:11:00,ACIU
7.1077,7.1077,7.1077,7.1077,300,2021-09-03 14:17:00,ACIU
7.11,7.11,7.08,7.08,776,2021-09-03 14:19:00,ACIU
7.11,7.11,7.11,7.11,566,2021-09-03 14:20:00,ACIU
7.0919,7.11,7.08,7.08,1843,2021-09-03 14:21:00,ACIU
7.08,7.1,7.08,7.09,1340,2021-09-03 14:22:00,ACIU
7.0606,7.0606,7.0601,7.0601,1100,2021-09-03 14:23:00,ACIU
7.09,7.09,7.09,7.09,250,2021-09-03 14:24:00,ACIU
7.09,7.09,7.09,7.09,200,2021-09-03 14:25:00,ACIU
7.095,7.11,7.09,7.1,1124,2021-09-03 14:27:00,ACIU
7.11,7.11,7.09,7.1,700,2021-09-03 14:28:00,ACIU
7.0925,7.14,7.0925,7.125,3387,2021-09-03 14:29:00,ACIU
7.12,7.14,7.1154,7.14,983,2021-09-03 14:30:00,ACIU
7.12,7.15,7.12,7.135,1125,2021-09-03 14:31:00,ACIU
7.12,7.2,7.12,7.17,12553,2021-09-03 14:32:00,ACIU
7.18,7.2294,7.1797,7.214,20250,2021-09-03 14:33:00,ACIU
7.21,7.215,7.2,7.2,4648,2021-09-03 14:34:00,ACIU
7.1711,7.19,7.16,7.17,1006,2021-09-03 14:35:00,ACIU
7.185,7.21,7.17,7.19,4120,2021-09-03 14:36:00,ACIU
7.195,7.205,7.18,7.19,11950,2021-09-03 14:37:00,ACIU
7.15,7.19,7.15,7.19,200,2021-09-03 14:38:00,ACIU
7.19,7.19,7.15,7.15,2354,2021-09-03 14:39:00,ACIU
7.1762,7.1762,7.16,7.1714,5950,2021-09-03 14:40:00,ACIU
7.16,7.16,7.16,7.16,1800,2021-09-03 14:42:00,ACIU
7.17,7.19,7.1623,7.19,1790,2021-09-03 14:43:00,ACIU
7.2,7.2,7.16,7.16,4582,2021-09-03 14:44:00,ACIU
7.1948,7.1948,7.19,7.19,1400,2021-09-03 14:45:00,ACIU
7.19,7.22,7.19,7.22,9337,2021-09-03 14:46:00,ACIU
7.22,7.25,7.22,7.24,9226,2021-09-03 14:47:00,ACIU
7.25,7.25,7.23,7.23,3580,2021-09-03 14:48:00,ACIU
7.235,7.2438,7.235,7.2438,300,2021-09-03 14:49:00,ACIU
7.24,7.24,7.211,7.211,2616,2021-09-03 14:50:00,ACIU
7.225,7.225,7.2101,7.2101,1826,2021-09-03 14:51:00,ACIU
7.21,7.21,7.21,7.21,100,2021-09-03 14:52:00,ACIU
7.23,7.23,7.23,7.23,1300,2021-09-03 14:53:00,ACIU
7.1854,7.1854,7.1854,7.1854,1000,2021-09-03 14:54:00,ACIU
7.22,7.23,7.22,7.23,2338,2021-09-03 14:56:00,ACIU
7.23,7.23,7.21,7.23,2335,2021-09-03 14:58:00,ACIU
7.23,7.24,7.224,7.239,900,2021-09-03 14:59:00,ACIU
7.2202,7.2202,7.2202,7.2202,1000,2021-09-03 15:00:00,ACIU
7.25,7.25,7.22,7.22,1205,2021-09-03 15:01:00,ACIU
7.2,7.2399,7.2,7.22,1305,2021-09-03 15:02:00,ACIU
7.19,7.19,7.175,7.18,8760,2021-09-03 15:03:00,ACIU
7.19,7.19,7.19,7.19,200,2021-09-03 15:04:00,ACIU
7.175,7.175,7.175,7.175,100,2021-09-03 15:05:00,ACIU
7.16,7.24,7.15,7.205,4960,2021-09-03 15:06:00,ACIU
7.2,7.2,7.2,7.2,100,2021-09-03 15:09:00,ACIU
7.2121,7.2121,7.2121,7.2121,100,2021-09-03 15:10:00,ACIU
7.2,7.2,7.18,7.195,400,2021-09-03 15:12:00,ACIU
7.195,7.195,7.195,7.195,200,2021-09-03 15:13:00,ACIU
7.19,7.19,7.19,7.19,305,2021-09-03 15:14:00,ACIU
7.2,7.21,7.2,7.21,500,2021-09-03 15:16:00,ACIU
7.2,7.21,7.19,7.19,3785,2021-09-03 15:17:00,ACIU
7.1899,7.1899,7.16,7.1869,1278,2021-09-03 15:18:00,ACIU
7.175,7.175,7.175,7.175,100,2021-09-03 15:19:00,ACIU
7.18,7.18,7.175,7.175,200,2021-09-03 15:20:00,ACIU
7.18,7.22,7.18,7.22,11152,2021-09-03 15:21:00,ACIU
7.22,7.24,7.22,7.24,5698,2021-09-03 15:22:00,ACIU
7.25,7.2762,7.2359,7.27,9069,2021-09-03 15:23:00,ACIU
7.2688,7.2688,7.26,7.26,2007,2021-09-03 15:24:00,ACIU
7.27,7.27,7.25,7.26,1532,2021-09-03 15:25:00,ACIU
7.26,7.26,7.26,7.26,100,2021-09-03 15:26:00,ACIU
7.25,7.25,7.25,7.25,1000,2021-09-03 15:27:00,ACIU
7.2601,7.27,7.2601,7.27,508,2021-09-03 15:28:00,ACIU
7.27,7.3,7.27,7.2925,3969,2021-09-03 15:29:00,ACIU
7.28,7.28,7.25,7.25,9899,2021-09-03 15:30:00,ACIU
7.27,7.2814,7.2582,7.2814,505,2021-09-03 15:31:00,ACIU
7.29,7.33,7.28,7.33,10427,2021-09-03 15:32:00,ACIU
7.32,7.35,7.3,7.33,8655,2021-09-03 15:33:00,ACIU
7.3078,7.4,7.3078,7.3824,15564,2021-09-03 15:34:00,ACIU
7.4,7.41,7.37,7.409,21804,2021-09-03 15:35:00,ACIU
7.42,7.45,7.4,7.45,16385,2021-09-03 15:36:00,ACIU
7.44,7.45,7.401,7.44,21509,2021-09-03 15:37:00,ACIU
7.435,7.45,7.41,7.425,12884,2021-09-03 15:38:00,ACIU
7.44,7.44,7.37,7.37,8590,2021-09-03 15:39:00,ACIU
7.385,7.4,7.381,7.4,4770,2021-09-03 15:40:00,ACIU
7.3945,7.4,7.39,7.3917,32287,2021-09-03 15:41:00,ACIU
7.3901,7.395,7.35,7.37,7048,2021-09-03 15:42:00,ACIU
7.37,7.37,7.37,7.37,1170,2021-09-03 15:43:00,ACIU
7.3717,7.4,7.37,7.3986,12084,2021-09-03 15:44:00,ACIU
7.4,7.41,7.39,7.39,7199,2021-09-03 15:45:00,ACIU
7.39,7.39,7.38,7.38,1892,2021-09-03 15:46:00,ACIU
7.38,7.4,7.38,7.399,8356,2021-09-03 15:47:00,ACIU
7.41,7.41,7.39,7.4,2876,2021-09-03 15:48:00,ACIU
7.395,7.395,7.395,7.395,250,2021-09-03 15:49:00,ACIU
7.39,7.39,7.39,7.39,540,2021-09-03 15:50:00,ACIU
7.39,7.4,7.39,7.39,985,2021-09-03 15:51:00,ACIU
7.4078,7.4078,7.39,7.4,1235,2021-09-03 15:52:00,ACIU
7.4099,7.41,7.38,7.38,6290,2021-09-03 15:53:00,ACIU
7.3964,7.3964,7.3964,7.3964,500,2021-09-03 15:54:00,ACIU
7.3876,7.3876,7.35,7.3773,10912,2021-09-03 15:55:00,ACIU
7.3501,7.3501,7.3501,7.3501,1000,2021-09-03 15:56:00,ACIU
7.3561,7.4,7.3561,7.4,1100,2021-09-03 15:57:00,ACIU
7.351,7.351,7.32,7.34,1508,2021-09-03 15:58:00,ACIU
7.311,7.34,7.311,7.34,1350,2021-09-03 15:59:00,ACIU
7.311,7.311,7.311,7.311,190,2021-09-03 16:02:00,ACIU
7.31,7.3211,7.3,7.3211,1250,2021-09-03 16:03:00,ACIU
7.33,7.33,7.33,7.33,100,2021-09-03 16:04:00,ACIU
7.305,7.305,7.305,7.305,600,2021-09-03 16:05:00,ACIU
7.3295,7.3295,7.3,7.3,13477,2021-09-03 16:07:00,ACIU
7.3042,7.3042,7.3,7.3,200,2021-09-03 16:08:00,ACIU
7.32,7.35,7.32,7.32,2450,2021-09-03 16:09:00,ACIU
7.335,7.335,7.335,7.335,100,2021-09-03 16:12:00,ACIU
7.32,7.32,7.29,7.31,1800,2021-09-03 16:14:00,ACIU
7.31,7.31,7.29,7.295,4675,2021-09-03 16:15:00,ACIU
7.3,7.3,7.2955,7.3,3000,2021-09-03 16:16:00,ACIU
7.2801,7.2801,7.2801,7.2801,1000,2021-09-03 16:17:00,ACIU
7.28,7.28,7.28,7.28,400,2021-09-03 16:18:00,ACIU
7.2806,7.2806,7.2806,7.2806,159,2021-09-03 16:19:00,ACIU
7.3,7.3,7.2824,7.2906,1072,2021-09-03 16:20:00,ACIU
7.3,7.3,7.3,7.3,9263,2021-09-03 16:21:00,ACIU
7.3,7.3,7.28,7.3,1300,2021-09-03 16:23:00,ACIU
7.2801,7.2918,7.28,7.2918,1100,2021-09-03 16:24:00,ACIU
7.266,7.266,7.266,7.266,400,2021-09-03 16:25:00,ACIU
7.299,7.299,7.299,7.299,100,2021-09-03 16:26:00,ACIU
7.3,7.3,7.2922,7.2922,200,2021-09-03 16:27:00,ACIU
7.29,7.3,7.28,7.28,3524,2021-09-03 16:28:00,ACIU
7.285,7.29,7.27,7.29,2000,2021-09-03 16:29:00,ACIU
7.29,7.29,7.29,7.29,200,2021-09-03 16:30:00,ACIU
7.285,7.3,7.285,7.2964,2009,2021-09-03 16:32:00,ACIU
7.2963,7.2963,7.2963,7.2963,100,2021-09-03 16:33:00,ACIU
7.29,7.29,7.29,7.29,125,2021-09-03 16:35:00,ACIU
7.29,7.29,7.29,7.29,100,2021-09-03 16:36:00,ACIU
7.28,7.3,7.28,7.29,2289,2021-09-03 16:37:00,ACIU
7.29,7.3,7.28,7.28,2852,2021-09-03 16:38:00,ACIU
7.28,7.299,7.28,7.299,880,2021-09-03 16:39:00,ACIU
7.285,7.3,7.285,7.3,4500,2021-09-03 16:40:00,ACIU
7.3,7.3,7.3,7.3,100,2021-09-03 16:41:00,ACIU
7.29,7.3,7.29,7.3,590,2021-09-03 16:42:00,ACIU
7.29,7.3,7.2811,7.3,1100,2021-09-03 16:44:00,ACIU
7.28,7.3,7.28,7.3,3681,2021-09-03 16:45:00,ACIU
7.29,7.29,7.29,7.29,1100,2021-09-03 16:46:00,ACIU
7.27,7.2709,7.27,7.2709,800,2021-09-03 16:47:00,ACIU
7.28,7.29,7.27,7.29,1400,2021-09-03 16:48:00,ACIU
7.27,7.28,7.26,7.28,2053,2021-09-03 16:49:00,ACIU
7.2663,7.27,7.25,7.27,1018,2021-09-03 16:51:00,ACIU
7.2697,7.2697,7.2697,7.2697,100,2021-09-03 16:52:00,ACIU
7.25,7.25,7.25,7.25,200,2021-09-03 16:53:00,ACIU
7.25,7.2702,7.24,7.2702,1199,2021-09-03 16:55:00,ACIU
7.25,7.25,7.24,7.25,14265,2021-09-03 16:56:00,ACIU
7.26,7.26,7.24,7.24,6677,2021-09-03 16:57:00,ACIU
7.25,7.25,7.2401,7.25,900,2021-09-03 16:58:00,ACIU
7.25,7.25,7.24,7.24,200,2021-09-03 16:59:00,ACIU
7.24,7.24,7.24,7.24,662,2021-09-03 17:00:00,ACIU
7.25,7.25,7.2467,7.25,1269,2021-09-03 17:01:00,ACIU
7.25,7.25,7.24,7.24,6800,2021-09-03 17:02:00,ACIU
7.22,7.22,7.2,7.2023,7030,2021-09-03 17:03:00,ACIU
7.22,7.22,7.2,7.205,5323,2021-09-03 17:04:00,ACIU
7.21,7.21,7.2,7.2,18750,2021-09-03 17:05:00,ACIU
7.2,7.21,7.2,7.2,350,2021-09-03 17:07:00,ACIU
7.2138,7.2138,7.2138,7.2138,200,2021-09-03 17:10:00,ACIU
7.2146,7.2146,7.2146,7.2146,300,2021-09-03 17:11:00,ACIU
7.2,7.205,7.18,7.18,8545,2021-09-03 17:14:00,ACIU
7.185,7.2,7.18,7.18,900,2021-09-03 17:15:00,ACIU
7.1801,7.1882,7.1801,7.1882,1090,2021-09-03 17:16:00,ACIU
7.2,7.205,7.2,7.205,5400,2021-09-03 17:17:00,ACIU
7.21,7.21,7.2,7.21,700,2021-09-03 17:18:00,ACIU
7.21,7.213,7.2,7.2,1354,2021-09-03 17:19:00,ACIU
7.2042,7.2042,7.2042,7.2042,150,2021-09-03 17:20:00,ACIU
7.205,7.21,7.205,7.21,25320,2021-09-03 17:21:00,ACIU
7.21,7.22,7.21,7.215,800,2021-09-03 17:22:00,ACIU
7.22,7.22,7.215,7.215,4271,2021-09-03 17:23:00,ACIU
7.215,7.215,7.21,7.215,2679,2021-09-03 17:24:00,ACIU
7.215,7.22,7.215,7.22,1000,2021-09-03 17:25:00,ACIU
7.215,7.215,7.2,7.2,2200,2021-09-03 17:26:00,ACIU
7.205,7.22,7.205,7.2195,1327,2021-09-03 17:27:00,ACIU
7.21,7.22,7.21,7.22,973,2021-09-03 17:28:00,ACIU
7.21,7.22,7.21,7.22,1926,2021-09-03 17:29:00,ACIU
7.215,7.22,7.215,7.2188,1300,2021-09-03 17:30:00,ACIU
7.2102,7.215,7.21,7.21,3124,2021-09-03 17:31:00,ACIU
7.21,7.22,7.21,7.215,1368,2021-09-03 17:32:00,ACIU
7.22,7.22,7.21,7.21,1700,2021-09-03 17:33:00,ACIU
7.215,7.22,7.215,7.22,2800,2021-09-03 17:34:00,ACIU
7.215,7.215,7.21,7.21,4800,2021-09-03 17:35:00,ACIU
7.205,7.21,7.2,7.21,948,2021-09-03 17:36:00,ACIU
7.2,7.2,7.2,7.2,1517,2021-09-03 17:37:00,ACIU
7.2,7.21,7.2,7.21,200,2021-09-03 17:38:00,ACIU
7.205,7.205,7.205,7.205,100,2021-09-03 17:39:00,ACIU
7.21,7.22,7.21,7.22,900,2021-09-03 17:40:00,ACIU
7.215,7.22,7.21,7.21,2500,2021-09-03 17:41:00,ACIU
7.21,7.22,7.21,7.22,746,2021-09-03 17:42:00,ACIU
7.215,7.22,7.21,7.215,6781,2021-09-03 17:43:00,ACIU
7.215,7.215,7.215,7.215,900,2021-09-03 17:44:00,ACIU
7.21,7.21,7.18,7.2,5232,2021-09-03 17:45:00,ACIU
7.2,7.2,7.1938,7.2,1055,2021-09-03 17:46:00,ACIU
7.21,7.21,7.2,7.21,1130,2021-09-03 17:47:00,ACIU
7.21,7.21,7.21,7.21,531,2021-09-03 17:48:00,ACIU
7.21,7.22,7.21,7.21,796,2021-09-03 17:49:00,ACIU
7.21,7.22,7.2001,7.22,900,2021-09-03 17:50:00,ACIU
7.21,7.22,7.21,7.22,800,2021-09-03 17:51:00,ACIU
7.21,7.22,7.206,7.206,3445,2021-09-03 17:52:00,ACIU
7.2,7.21,7.19,7.205,7093,2021-09-03 17:53:00,ACIU
7.205,7.205,7.205,7.205,800,2021-09-03 17:54:00,ACIU
7.205,7.21,7.18,7.19,1768,2021-09-03 17:55:00,ACIU
7.1701,7.2,7.1701,7.1859,800,2021-09-03 17:56:00,ACIU
7.2,7.2096,7.19,7.19,9184,2021-09-03 17:57:00,ACIU
7.21,7.21,7.19,7.19,1400,2021-09-03 17:58:00,ACIU
7.19,7.2,7.18,7.18,795,2021-09-03 17:59:00,ACIU
7.2,7.2,7.19,7.19,1429,2021-09-03 18:00:00,ACIU
7.2,7.2,7.19,7.2,1781,2021-09-03 18:01:00,ACIU
7.2,7.2,7.18,7.195,900,2021-09-03 18:02:00,ACIU
7.195,7.2,7.19,7.1908,1322,2021-09-03 18:03:00,ACIU
7.195,7.2,7.17,7.17,5900,2021-09-03 18:04:00,ACIU
7.175,7.18,7.17,7.17,748,2021-09-03 18:05:00,ACIU
7.15,7.15,7.15,7.15,2812,2021-09-03 18:06:00,ACIU
7.15,7.16,7.15,7.155,1412,2021-09-03 18:07:00,ACIU
7.155,7.17,7.15,7.17,1103,2021-09-03 18:08:00,ACIU
7.1849,7.1849,7.1682,7.18,9066,2021-09-03 18:09:00,ACIU
7.18,7.18,7.18,7.18,900,2021-09-03 18:10:00,ACIU
7.19,7.19,7.18,7.18,2525,2021-09-03 18:11:00,ACIU
7.18,7.19,7.16,7.17,1500,2021-09-03 18:12:00,ACIU
7.18,7.18,7.18,7.18,100,2021-09-03 18:13:00,ACIU
7.18,7.1999,7.18,7.18,1300,2021-09-03 18:14:00,ACIU
7.185,7.185,7.18,7.18,900,2021-09-03 18:15:00,ACIU
7.185,7.185,7.18,7.18,700,2021-09-03 18:16:00,ACIU
7.18,7.18,7.18,7.18,537,2021-09-03 18:17:00,ACIU
7.185,7.185,7.15,7.15,1687,2021-09-03 18:18:00,ACIU
7.17,7.17,7.15,7.15,1639,2021-09-03 18:19:00,ACIU
7.17,7.17,7.17,7.17,300,2021-09-03 18:20:00,ACIU
7.17,7.17,7.17,7.17,700,2021-09-03 18:21:00,ACIU
7.17,7.18,7.16,7.16,1300,2021-09-03 18:22:00,ACIU
7.18,7.18,7.18,7.18,600,2021-09-03 18:23:00,ACIU
7.18,7.18,7.16,7.17,2050,2021-09-03 18:24:00,ACIU
7.18,7.18,7.16,7.16,2013,2021-09-03 18:25:00,ACIU
7.17,7.18,7.17,7.18,1200,2021-09-03 18:26:00,ACIU
7.175,7.18,7.17,7.18,1000,2021-09-03 18:27:00,ACIU
7.18,7.18,7.17,7.18,800,2021-09-03 18:28:00,ACIU
7.18,7.18,7.15,7.155,2219,2021-09-03 18:29:00,ACIU
7.15,7.15,7.15,7.15,940,2021-09-03 18:30:00,ACIU
7.15,7.17,7.15,7.17,300,2021-09-03 18:31:00,ACIU
7.15,7.15,7.125,7.125,920,2021-09-03 18:32:00,ACIU
7.13,7.13,7.1201,7.1201,2140,2021-09-03 18:33:00,ACIU
7.1231,7.14,7.1231,7.13,1515,2021-09-03 18:34:00,ACIU
7.13,7.14,7.13,7.14,266,2021-09-03 18:35:00,ACIU
7.1463,7.1463,7.1463,7.1463,100,2021-09-03 18:36:00,ACIU
7.14,7.14,7.14,7.14,200,2021-09-03 18:37:00,ACIU
7.13,7.14,7.13,7.14,400,2021-09-03 18:39:00,ACIU
7.15,7.15,7.1301,7.1301,200,2021-09-03 18:40:00,ACIU
7.13,7.13,7.12,7.13,1046,2021-09-03 18:41:00,ACIU
7.135,7.135,7.135,7.135,600,2021-09-03 18:42:00,ACIU
7.14,7.14,7.13,7.13,300,2021-09-03 18:43:00,ACIU
7.12,7.13,7.12,7.12,400,2021-09-03 18:44:00,ACIU
7.11,7.13,7.08,7.13,15744,2021-09-03 18:46:00,ACIU
7.12,7.13,7.11,7.11,1971,2021-09-03 18:47:00,ACIU
7.11,7.11,7.11,7.11,950,2021-09-03 18:48:00,ACIU
7.12,7.13,7.12,7.13,946,2021-09-03 18:49:00,ACIU
7.13,7.13,7.11,7.12,1200,2021-09-03 18:50:00,ACIU
7.11,7.11,7.11,7.11,1000,2021-09-03 18:51:00,ACIU
7.12,7.12,7.11,7.12,700,2021-09-03 18:52:00,ACIU
7.1032,7.1032,7.1032,7.1032,410,2021-09-03 18:53:00,ACIU
7.12,7.13,7.11,7.11,1400,2021-09-03 18:55:00,ACIU
7.11,7.13,7.11,7.1225,929,2021-09-03 18:58:00,ACIU
7.11,7.14,7.11,7.137,1816,2021-09-03 18:59:00,ACIU
7.13,7.13,7.13,7.13,200,2021-09-03 19:00:00,ACIU
7.14,7.14,7.12,7.135,682,2021-09-03 19:01:00,ACIU
7.13,7.13,7.12,7.12,5897,2021-09-03 19:02:00,ACIU
7.1357,7.1357,7.1357,7.1357,600,2021-09-03 19:03:00,ACIU
7.125,7.125,7.125,7.125,200,2021-09-03 19:04:00,ACIU
7.125,7.125,7.125,7.125,100,2021-09-03 19:05:00,ACIU
7.14,7.15,7.13,7.15,1390,2021-09-03 19:07:00,ACIU
7.14,7.14,7.14,7.14,379,2021-09-03 19:08:00,ACIU
7.157,7.16,7.14,7.16,9725,2021-09-03 19:10:00,ACIU
7.16,7.17,7.15,7.17,9499,2021-09-03 19:11:00,ACIU
7.15,7.15,7.15,7.15,600,2021-09-03 19:12:00,ACIU
7.14,7.1599,7.14,7.14,1600,2021-09-03 19:13:00,ACIU
7.14,7.15,7.14,7.14,1080,2021-09-03 19:14:00,ACIU
7.14,7.14,7.135,7.135,481,2021-09-03 19:15:00,ACIU
7.14,7.14,7.14,7.14,200,2021-09-03 19:16:00,ACIU
7.14,7.16,7.14,7.16,1280,2021-09-03 19:17:00,ACIU
7.15,7.15,7.13,7.13,1570,2021-09-03 19:18:00,ACIU
7.14,7.15,7.14,7.14,2300,2021-09-03 19:21:00,ACIU
7.1499,7.15,7.13,7.13,4376,2021-09-03 19:23:00,ACIU
7.14,7.14,7.14,7.14,200,2021-09-03 19:24:00,ACIU
7.15,7.16,7.145,7.1574,1390,2021-09-03 19:25:00,ACIU
7.15,7.15,7.12,7.13,1580,2021-09-03 19:26:00,ACIU
7.13,7.13,7.13,7.13,1118,2021-09-03 19:27:00,ACIU
7.14,7.14,7.12,7.12,800,2021-09-03 19:28:00,ACIU
7.115,7.12,7.11,7.12,1186,2021-09-03 19:29:00,ACIU
7.11,7.12,7.11,7.12,925,2021-09-03 19:30:00,ACIU
7.11,7.12,7.095,7.095,4921,2021-09-03 19:31:00,ACIU
7.0985,7.1,7.08,7.1,2077,2021-09-03 19:32:00,ACIU
7.08,7.09,7.06,7.08,11218,2021-09-03 19:33:00,ACIU
7.1,7.13,7.095,7.1,4156,2021-09-03 19:34:00,ACIU
7.09,7.1199,7.08,7.08,1718,2021-09-03 19:35:00,ACIU
7.09,7.09,7.09,7.09,300,2021-09-03 19:36:00,ACIU
7.09,7.09,7.09,7.09,300,2021-09-03 19:37:00,ACIU
7.09,7.11,7.085,7.11,3815,2021-09-03 19:38:00,ACIU
7.099,7.1,7.09,7.1,2000,2021-09-03 19:39:00,ACIU
7.0901,7.11,7.07,7.0955,32060,2021-09-03 19:40:00,ACIU
7.0736,7.075,7.07,7.075,1500,2021-09-03 19:42:00,ACIU
7.0799,7.1,7.0799,7.1,1700,2021-09-03 19:43:00,ACIU
7.08,7.11,7.08,7.109,2224,2021-09-03 19:44:00,ACIU
7.1,7.1,7.1,7.1,1825,2021-09-03 19:45:00,ACIU
7.1,7.1,7.1,7.1,100,2021-09-03 19:46:00,ACIU
7.09,7.11,7.08,7.09,3014,2021-09-03 19:47:00,ACIU
7.11,7.11,7.11,7.11,350,2021-09-03 19:48:00,ACIU
7.095,7.0995,7.07,7.0899,6799,2021-09-03 19:49:00,ACIU
7.09,7.135,7.09,7.13,15958,2021-09-03 19:50:00,ACIU
7.12,7.12,7.12,7.12,116,2021-09-03 19:51:00,ACIU
7.125,7.125,7.125,7.125,300,2021-09-03 19:52:00,ACIU
7.1223,7.1287,7.1223,7.125,1700,2021-09-03 19:53:00,ACIU
7.13,7.13,7.1,7.105,4359,2021-09-03 19:54:00,ACIU
7.12,7.12,7.1,7.12,3051,2021-09-03 19:55:00,ACIU
7.11,7.13,7.11,7.1122,730,2021-09-03 19:56:00,ACIU
7.12,7.13,7.11,7.12,3122,2021-09-03 19:57:00,ACIU
7.13,7.14,7.12,7.13,3246,2021-09-03 19:58:00,ACIU
7.1285,7.1285,7.1,7.1027,19141,2021-09-03 19:59:00,ACIU
7.12,7.12,7.12,7.12,16193,2021-09-03 20:00:00,ACIU
7.12,7.12,7.12,7.12,200,2021-09-03 20:08:00,ACIU
7.1,7.1,7.1,7.1,500,2021-09-03 20:19:00,ACIU
7.1,7.1,7.1,7.1,1050,2021-09-03 20:24:00,ACIU
7.1,7.1,7.1,7.1,1290,2021-09-03 20:33:00,ACIU
7.1,7.1,7.1,7.1,950,2021-09-03 20:38:00,ACIU
7.0799,7.0799,7.0799,7.0799,950,2021-09-03 20:44:00,ACIU
7.12,7.12,7.12,7.12,655,2021-09-03 20:47:00,ACIU
7.08,7.08,7.08,7.08,314,2021-09-03 20:48:00,ACIU
7.07,7.07,7.07,7.07,450,2021-09-03 20:49:00,ACIU
7.07,7.07,7.07,7.07,355,2021-09-03 20:52:00,ACIU
7.07,7.07,7.07,7.07,780,2021-09-03 20:53:00,ACIU
7.02,7.02,7.0,7.0,4307,2021-09-03 21:13:00,ACIU
7.07,7.07,7.07,7.07,145,2021-09-03 22:19:00,ACIU
7.07,7.07,7.07,7.07,600,2021-09-03 22:54:00,ACIU
7.1,7.1,7.1,7.1,700,2021-09-03 23:36:00,ACIU
7.07,7.07,7.07,7.07,350,2021-09-03 23:40:00,ACIU
7.15,7.15,7.15,7.15,120,2021-09-07 08:12:00,ACIU
7.19,7.19,7.19,7.19,200,2021-09-07 08:14:00,ACIU
7.2,7.2,7.2,7.2,402,2021-09-07 08:39:00,ACIU
7.28,7.28,7.28,7.28,100,2021-09-07 08:52:00,ACIU
7.29,7.3,7.29,7.3,299,2021-09-07 09:13:00,ACIU
7.32,7.32,7.32,7.32,100,2021-09-07 09:52:00,ACIU
7.32,7.32,7.32,7.32,314,2021-09-07 09:53:00,ACIU
7.32,7.32,7.32,7.32,100,2021-09-07 10:09:00,ACIU
7.32,7.32,7.32,7.32,100,2021-09-07 10:24:00,ACIU
7.32,7.32,7.32,7.32,100,2021-09-07 10:26:00,ACIU
7.32,7.32,7.32,7.32,100,2021-09-07 10:33:00,ACIU
7.32,7.32,7.32,7.32,300,2021-09-07 10:54:00,ACIU
7.32,7.32,7.3,7.3,3519,2021-09-07 11:00:00,ACIU
7.2,7.2,7.2,7.2,999,2021-09-07 11:05:00,ACIU
7.28,7.3,7.28,7.3,920,2021-09-07 11:11:00,ACIU
7.29,7.3,7.29,7.3,2100,2021-09-07 11:16:00,ACIU
7.25,7.25,7.25,7.25,181,2021-09-07 11:48:00,ACIU
7.29,7.3,7.29,7.3,2956,2021-09-07 11:54:00,ACIU
7.29,7.31,7.29,7.31,1056,2021-09-07 12:10:00,ACIU
7.3,7.35,7.3,7.35,1310,2021-09-07 12:14:00,ACIU
7.3,7.3,7.3,7.3,800,2021-09-07 12:26:00,ACIU
7.3,7.3,7.3,7.3,130,2021-09-07 12:27:00,ACIU
7.25,7.25,7.23,7.24,4111,2021-09-07 13:07:00,ACIU
7.23,7.24,7.23,7.24,1000,2021-09-07 13:09:00,ACIU
7.2,7.2,7.2,7.2,100,2021-09-07 13:14:00,ACIU
7.2,7.2,7.2,7.2,999,2021-09-07 13:16:00,ACIU
7.29,7.3,7.29,7.3,1300,2021-09-07 13:19:00,ACIU
7.2,7.2,7.2,7.2,100,2021-09-07 13:28:00,ACIU
7.15,7.25,7.15,7.25,36577,2021-09-07 13:30:00,ACIU
7.196,7.2,7.196,7.2,451,2021-09-07 13:31:00,ACIU
7.21,7.36,7.21,7.31,8390,2021-09-07 13:32:00,ACIU
7.31,7.31,7.26,7.26,4195,2021-09-07 13:33:00,ACIU
7.26,7.3122,7.26,7.2617,5300,2021-09-07 13:34:00,ACIU
7.2611,7.33,7.2611,7.3,3223,2021-09-07 13:35:00,ACIU
7.29,7.37,7.29,7.335,9603,2021-09-07 13:36:00,ACIU
7.3101,7.3699,7.3101,7.3699,6914,2021-09-07 13:37:00,ACIU
7.38,7.395,7.36,7.3694,5383,2021-09-07 13:38:00,ACIU
7.36,7.38,7.36,7.38,910,2021-09-07 13:39:00,ACIU
7.36,7.36,7.3401,7.3401,6400,2021-09-07 13:40:00,ACIU
7.37,7.37,7.3511,7.36,1650,2021-09-07 13:41:00,ACIU
7.35,7.38,7.35,7.38,3277,2021-09-07 13:42:00,ACIU
7.36,7.3799,7.351,7.365,3175,2021-09-07 13:43:00,ACIU
7.36,7.36,7.35,7.35,2904,2021-09-07 13:44:00,ACIU
7.3582,7.3582,7.32,7.32,1946,2021-09-07 13:45:00,ACIU
7.32,7.32,7.32,7.32,886,2021-09-07 13:46:00,ACIU
7.31,7.31,7.28,7.28,1500,2021-09-07 13:48:00,ACIU
7.29,7.31,7.29,7.3,850,2021-09-07 13:49:00,ACIU
7.2955,7.31,7.29,7.31,1402,2021-09-07 13:50:00,ACIU
7.31,7.34,7.31,7.3239,5650,2021-09-07 13:51:00,ACIU
7.35,7.35,7.32,7.32,265,2021-09-07 13:52:00,ACIU
7.33,7.38,7.32,7.34,8151,2021-09-07 13:53:00,ACIU
7.3451,7.3451,7.3451,7.3451,100,2021-09-07 13:54:00,ACIU
7.3201,7.335,7.32,7.32,1955,2021-09-07 13:55:00,ACIU
7.312,7.32,7.29,7.305,7743,2021-09-07 13:56:00,ACIU
7.29,7.29,7.29,7.29,800,2021-09-07 13:57:00,ACIU
7.28,7.3,7.28,7.3,442,2021-09-07 13:59:00,ACIU
7.305,7.32,7.3,7.32,13295,2021-09-07 14:00:00,ACIU
7.3,7.3,7.3,7.3,138,2021-09-07 14:02:00,ACIU
7.3,7.3,7.3,7.3,100,2021-09-07 14:04:00,ACIU
7.3127,7.3127,7.3127,7.3127,200,2021-09-07 14:05:00,ACIU
7.31,7.31,7.3,7.3,1700,2021-09-07 14:06:00,ACIU
7.32,7.33,7.32,7.33,480,2021-09-07 14:07:00,ACIU
7.33,7.33,7.33,7.33,100,2021-09-07 14:08:00,ACIU
7.32,7.32,7.32,7.32,1950,2021-09-07 14:09:00,ACIU
7.3231,7.34,7.3231,7.34,300,2021-09-07 14:10:00,ACIU
7.34,7.37,7.34,7.37,1000,2021-09-07 14:11:00,ACIU
7.37,7.37,7.36,7.37,2600,2021-09-07 14:12:00,ACIU
7.38,7.3822,7.37,7.3822,1233,2021-09-07 14:13:00,ACIU
7.37,7.37,7.36,7.37,2300,2021-09-07 14:14:00,ACIU
7.37,7.37,7.35,7.35,1900,2021-09-07 14:15:00,ACIU
7.36,7.39,7.35,7.38,7402,2021-09-07 14:16:00,ACIU
7.3601,7.3601,7.3601,7.3601,100,2021-09-07 14:17:00,ACIU
7.3784,7.3784,7.365,7.365,200,2021-09-07 14:18:00,ACIU
7.38,7.38,7.38,7.38,350,2021-09-07 14:19:00,ACIU
7.37,7.37,7.35,7.35,3150,2021-09-07 14:20:00,ACIU
7.345,7.345,7.3372,7.3372,210,2021-09-07 14:21:00,ACIU
7.3418,7.3418,7.3418,7.3418,1000,2021-09-07 14:22:00,ACIU
7.35,7.35,7.3301,7.3301,1100,2021-09-07 14:24:00,ACIU
7.33,7.33,7.33,7.33,1236,2021-09-07 14:25:00,ACIU
7.3264,7.3264,7.3264,7.3264,130,2021-09-07 14:26:00,ACIU
7.335,7.335,7.32,7.32,32800,2021-09-07 14:27:00,ACIU
7.335,7.35,7.3,7.32,19723,2021-09-07 14:28:00,ACIU
7.3,7.3,7.3,7.3,100,2021-09-07 14:29:00,ACIU
7.33,7.33,7.33,7.33,200,2021-09-07 14:30:00,ACIU
7.315,7.329,7.3,7.329,2054,2021-09-07 14:31:00,ACIU
7.33,7.33,7.32,7.33,2400,2021-09-07 14:32:00,ACIU
7.34,7.3663,7.34,7.3663,4699,2021-09-07 14:33:00,ACIU
7.3699,7.39,7.34,7.34,76951,2021-09-07 14:34:00,ACIU
7.355,7.37,7.33,7.33,19161,2021-09-07 14:35:00,ACIU
7.345,7.38,7.345,7.38,7950,2021-09-07 14:36:00,ACIU
7.37,7.41,7.37,7.4,22573,2021-09-07 14:37:00,ACIU
7.4,7.4,7.39,7.39,6419,2021-09-07 14:38:00,ACIU
7.395,7.4,7.39,7.39,1300,2021-09-07 14:39:00,ACIU
7.39,7.39,7.38,7.38,900,2021-09-07 14:40:00,ACIU
7.38,7.41,7.38,7.41,12561,2021-09-07 14:41:00,ACIU
7.42,7.42,7.4004,7.42,4279,2021-09-07 14:42:00,ACIU
7.4012,7.42,7.36,7.36,112273,2021-09-07 14:43:00,ACIU
7.36,7.375,7.36,7.375,2500,2021-09-07 14:44:00,ACIU
7.38,7.38,7.38,7.38,135,2021-09-07 14:45:00,ACIU
7.3733,7.3733,7.3733,7.3733,200,2021-09-07 14:46:00,ACIU
7.37,7.37,7.31,7.312,4432,2021-09-07 14:47:00,ACIU
7.31,7.31,7.28,7.28,6048,2021-09-07 14:48:00,ACIU
7.28,7.28,7.25,7.26,5776,2021-09-07 14:49:00,ACIU
7.2674,7.2674,7.2674,7.2674,300,2021-09-07 14:50:00,ACIU
7.26,7.26,7.2501,7.2501,580,2021-09-07 14:51:00,ACIU
7.25,7.25,7.23,7.23,10400,2021-09-07 14:52:00,ACIU
7.24,7.24,7.2201,7.239,900,2021-09-07 14:53:00,ACIU
7.2282,7.24,7.22,7.22,1500,2021-09-07 14:54:00,ACIU
7.23,7.28,7.23,7.28,12009,2021-09-07 14:55:00,ACIU
7.28,7.28,7.28,7.28,425,2021-09-07 14:56:00,ACIU
7.27,7.28,7.27,7.275,4814,2021-09-07 14:57:00,ACIU
7.27,7.28,7.27,7.28,1911,2021-09-07 14:58:00,ACIU
7.28,7.28,7.28,7.28,2503,2021-09-07 15:00:00,ACIU
7.26,7.26,7.26,7.26,700,2021-09-07 15:02:00,ACIU
7.25,7.25,7.25,7.25,500,2021-09-07 15:03:00,ACIU
7.25,7.25,7.25,7.25,100,2021-09-07 15:04:00,ACIU
7.25,7.25,7.24,7.24,1397,2021-09-07 15:06:00,ACIU
7.25,7.31,7.25,7.31,2639,2021-09-07 15:07:00,ACIU
7.2679,7.2679,7.2679,7.2679,206,2021-09-07 15:09:00,ACIU
7.27,7.32,7.25,7.3,4537,2021-09-07 15:10:00,ACIU
7.32,7.33,7.2801,7.3,8953,2021-09-07 15:11:00,ACIU
7.3,7.305,7.3,7.3,1900,2021-09-07 15:12:00,ACIU
7.29,7.29,7.26,7.26,1676,2021-09-07 15:13:00,ACIU
7.2601,7.2899,7.26,7.26,3139,2021-09-07 15:14:00,ACIU
7.2603,7.2682,7.2603,7.2682,1913,2021-09-07 15:15:00,ACIU
7.2839,7.2839,7.2839,7.2839,500,2021-09-07 15:16:00,ACIU
7.25,7.25,7.23,7.23,2471,2021-09-07 15:17:00,ACIU
7.2372,7.2372,7.2372,7.2372,455,2021-09-07 15:18:00,ACIU
7.24,7.245,7.23,7.24,3997,2021-09-07 15:19:00,ACIU
7.25,7.25,7.24,7.24,1200,2021-09-07 15:20:00,ACIU
7.23,7.24,7.215,7.215,7339,2021-09-07 15:22:00,ACIU
7.21,7.24,7.21,7.23,5000,2021-09-07 15:23:00,ACIU
7.22,7.22,7.22,7.22,300,2021-09-07 15:24:00,ACIU
7.22,7.22,7.22,7.22,200,2021-09-07 15:25:00,ACIU
7.24,7.25,7.24,7.25,900,2021-09-07 15:27:00,ACIU
7.249,7.25,7.249,7.25,400,2021-09-07 15:28:00,ACIU
7.25,7.25,7.23,7.23,6400,2021-09-07 15:29:00,ACIU
7.23,7.23,7.23,7.23,300,2021-09-07 15:30:00,ACIU
7.23,7.23,7.23,7.23,900,2021-09-07 15:32:00,ACIU
7.245,7.26,7.24,7.26,2108,2021-09-07 15:34:00,ACIU
7.25,7.27,7.25,7.25,890,2021-09-07 15:35:00,ACIU
7.26,7.27,7.26,7.27,710,2021-09-07 15:36:00,ACIU
7.27,7.27,7.27,7.27,100,2021-09-07 15:37:00,ACIU
7.2663,7.2663,7.2663,7.2663,200,2021-09-07 15:39:00,ACIU
7.25,7.25,7.25,7.25,1300,2021-09-07 15:40:00,ACIU
7.26,7.26,7.26,7.26,300,2021-09-07 15:41:00,ACIU
7.27,7.27,7.27,7.27,200,2021-09-07 15:43:00,ACIU
7.25,7.26,7.24,7.25,1720,2021-09-07 15:45:00,ACIU
7.2615,7.2615,7.2615,7.2615,1620,2021-09-07 15:46:00,ACIU
7.27,7.27,7.2408,7.2629,1050,2021-09-07 15:47:00,ACIU
7.24,7.24,7.24,7.24,1100,2021-09-07 15:48:00,ACIU
7.23,7.23,7.2,7.21,1800,2021-09-07 15:51:00,ACIU
7.23,7.23,7.23,7.23,660,2021-09-07 15:52:00,ACIU
7.24,7.24,7.24,7.24,200,2021-09-07 15:54:00,ACIU
7.22,7.22,7.22,7.22,592,2021-09-07 15:55:00,ACIU
7.22,7.22,7.22,7.22,100,2021-09-07 15:57:00,ACIU
7.22,7.235,7.22,7.235,200,2021-09-07 16:02:00,ACIU
7.25,7.26,7.22,7.22,3012,2021-09-07 16:03:00,ACIU
7.23,7.23,7.23,7.23,200,2021-09-07 16:05:00,ACIU
7.22,7.22,7.2,7.21,2312,2021-09-07 16:07:00,ACIU
7.2,7.2035,7.1945,7.2035,1342,2021-09-07 16:08:00,ACIU
7.2146,7.2146,7.2146,7.2146,200,2021-09-07 16:09:00,ACIU
7.21,7.21,7.21,7.21,100,2021-09-07 16:12:00,ACIU
7.21,7.21,7.2,7.2,514,2021-09-07 16:13:00,ACIU
7.2053,7.2053,7.2053,7.2053,300,2021-09-07 16:14:00,ACIU
7.2001,7.2001,7.2,7.2,3500,2021-09-07 16:16:00,ACIU
7.1919,7.2066,7.19,7.2066,17239,2021-09-07 16:17:00,ACIU
7.195,7.21,7.195,7.2,925,2021-09-07 16:18:00,ACIU
7.205,7.205,7.2006,7.2006,2210,2021-09-07 16:19:00,ACIU
7.19,7.19,7.19,7.19,500,2021-09-07 16:20:00,ACIU
7.2,7.2,7.2,7.2,200,2021-09-07 16:21:00,ACIU
7.2218,7.2218,7.2218,7.2218,138,2021-09-07 16:22:00,ACIU
7.1954,7.1983,7.1954,7.1983,1100,2021-09-07 16:23:00,ACIU
7.23,7.23,7.23,7.23,100,2021-09-07 16:25:00,ACIU
7.215,7.215,7.215,7.215,300,2021-09-07 16:26:00,ACIU
7.225,7.225,7.22,7.22,400,2021-09-07 16:27:00,ACIU
7.22,7.23,7.22,7.22,1240,2021-09-07 16:30:00,ACIU
7.22,7.22,7.22,7.22,1160,2021-09-07 16:32:00,ACIU
7.2225,7.2225,7.2225,7.2225,1200,2021-09-07 16:35:00,ACIU
7.22,7.22,7.22,7.22,5500,2021-09-07 16:36:00,ACIU
7.22,7.25,7.22,7.25,200,2021-09-07 16:37:00,ACIU
7.235,7.235,7.235,7.235,100,2021-09-07 16:39:00,ACIU
7.22,7.23,7.22,7.23,2685,2021-09-07 16:44:00,ACIU
7.22,7.225,7.22,7.225,600,2021-09-07 16:45:00,ACIU
7.211,7.2291,7.2,7.2,3200,2021-09-07 16:47:00,ACIU
7.205,7.205,7.205,7.205,343,2021-09-07 16:48:00,ACIU
7.2,7.2,7.1959,7.1959,300,2021-09-07 16:49:00,ACIU
7.1954,7.1954,7.1954,7.1954,400,2021-09-07 16:50:00,ACIU
7.22,7.22,7.22,7.22,400,2021-09-07 16:51:00,ACIU
7.205,7.205,7.205,7.205,100,2021-09-07 16:52:00,ACIU
7.22,7.22,7.18,7.18,1700,2021-09-07 16:53:00,ACIU
7.18,7.185,7.18,7.185,444,2021-09-07 16:55:00,ACIU
7.18,7.19,7.18,7.18,1268,2021-09-07 16:56:00,ACIU
7.18,7.18,7.1784,7.1784,2003,2021-09-07 16:58:00,ACIU
7.185,7.185,7.185,7.185,900,2021-09-07 17:00:00,ACIU
7.18,7.18,7.18,7.18,900,2021-09-07 17:01:00,ACIU
7.175,7.175,7.175,7.175,200,2021-09-07 17:02:00,ACIU
7.18,7.21,7.17,7.18,2586,2021-09-07 17:03:00,ACIU
7.195,7.195,7.195,7.195,139,2021-09-07 17:05:00,ACIU
7.2,7.2,7.2,7.2,500,2021-09-07 17:07:00,ACIU
7.19,7.19,7.19,7.19,1890,2021-09-07 17:09:00,ACIU
7.185,7.185,7.18,7.18,2200,2021-09-07 17:12:00,ACIU
7.18,7.18,7.18,7.18,100,2021-09-07 17:14:00,ACIU
7.1962,7.199,7.17,7.199,600,2021-09-07 17:17:00,ACIU
7.19,7.19,7.19,7.19,109,2021-09-07 17:19:00,ACIU
7.2,7.2,7.19,7.2,700,2021-09-07 17:20:00,ACIU
7.19,7.19,7.17,7.17,3161,2021-09-07 17:22:00,ACIU
7.18,7.18,7.18,7.18,2000,2021-09-07 17:24:00,ACIU
7.19,7.19,7.1899,7.19,1700,2021-09-07 17:25:00,ACIU
7.19,7.2,7.19,7.2,2100,2021-09-07 17:26:00,ACIU
7.2,7.21,7.2,7.21,600,2021-09-07 17:29:00,ACIU
7.2056,7.21,7.2,7.21,2965,2021-09-07 17:30:00,ACIU
7.21,7.21,7.21,7.21,2100,2021-09-07 17:31:00,ACIU
7.2198,7.2198,7.21,7.21,800,2021-09-07 17:32:00,ACIU
7.22,7.22,7.22,7.22,1000,2021-09-07 17:33:00,ACIU
7.2,7.23,7.2,7.23,200,2021-09-07 17:34:00,ACIU
7.24,7.24,7.24,7.24,200,2021-09-07 17:35:00,ACIU
7.2245,7.2245,7.2245,7.2245,104,2021-09-07 17:37:00,ACIU
7.23,7.24,7.23,7.24,394,2021-09-07 17:38:00,ACIU
7.225,7.23,7.225,7.23,2339,2021-09-07 17:40:00,ACIU
7.23,7.25,7.23,7.25,9200,2021-09-07 17:41:00,ACIU
7.25,7.27,7.25,7.26,2531,2021-09-07 17:42:00,ACIU
7.27,7.27,7.26,7.26,3040,2021-09-07 17:44:00,ACIU
7.2502,7.2502,7.2502,7.2502,239,2021-09-07 17:46:00,ACIU
7.26,7.26,7.26,7.26,165,2021-09-07 17:48:00,ACIU
7.25,7.26,7.25,7.25,1612,2021-09-07 17:49:00,ACIU
7.25,7.25,7.25,7.25,100,2021-09-07 17:50:00,ACIU
7.25,7.26,7.25,7.26,1319,2021-09-07 17:53:00,ACIU
7.26,7.26,7.26,7.26,100,2021-09-07 17:54:00,ACIU
7.2616,7.2616,7.26,7.26,606,2021-09-07 17:55:00,ACIU
7.265,7.265,7.265,7.265,100,2021-09-07 17:56:00,ACIU
7.26,7.2616,7.26,7.2616,1000,2021-09-07 17:57:00,ACIU
7.2662,7.28,7.2662,7.27,8620,2021-09-07 18:00:00,ACIU
7.27,7.28,7.27,7.275,1600,2021-09-07 18:01:00,ACIU
7.28,7.29,7.27,7.27,2123,2021-09-07 18:02:00,ACIU
7.27,7.27,7.27,7.27,100,2021-09-07 18:03:00,ACIU
7.29,7.29,7.29,7.29,100,2021-09-07 18:06:00,ACIU
7.27,7.28,7.23,7.24,13520,2021-09-07 18:07:00,ACIU
7.2525,7.265,7.2525,7.265,768,2021-09-07 18:08:00,ACIU
7.265,7.27,7.26,7.27,800,2021-09-07 18:09:00,ACIU
7.27,7.29,7.265,7.29,11100,2021-09-07 18:10:00,ACIU
7.29,7.29,7.29,7.29,400,2021-09-07 18:11:00,ACIU
7.29,7.31,7.28,7.31,2100,2021-09-07 18:12:00,ACIU
7.3,7.32,7.3,7.3093,2169,2021-09-07 18:13:00,ACIU
7.3,7.31,7.3,7.31,4430,2021-09-07 18:14:00,ACIU
7.304,7.31,7.3,7.3,760,2021-09-07 18:16:00,ACIU
7.29,7.29,7.29,7.29,800,2021-09-07 18:17:00,ACIU
7.29,7.3,7.2736,7.2736,1189,2021-09-07 18:18:00,ACIU
7.29,7.29,7.29,7.29,100,2021-09-07 18:19:00,ACIU
7.29,7.3,7.29,7.29,900,2021-09-07 18:20:00,ACIU
7.2837,7.2837,7.2837,7.2837,684,2021-09-07 18:21:00,ACIU
7.2848,7.3,7.2848,7.3,801,2021-09-07 18:22:00,ACIU
7.3013,7.3077,7.3,7.3077,1322,2021-09-07 18:23:00,ACIU
7.3,7.305,7.3,7.3,500,2021-09-07 18:24:00,ACIU
7.3,7.3,7.3,7.3,100,2021-09-07 18:25:00,ACIU
7.305,7.305,7.305,7.305,200,2021-09-07 18:27:00,ACIU
7.305,7.305,7.3,7.3,1300,2021-09-07 18:28:00,ACIU
7.2901,7.2901,7.2901,7.2901,300,2021-09-07 18:29:00,ACIU
7.3,7.3,7.29,7.29,1530,2021-09-07 18:30:00,ACIU
7.2922,7.2922,7.2922,7.2922,100,2021-09-07 18:31:00,ACIU
7.31,7.31,7.28,7.295,3965,2021-09-07 18:32:00,ACIU
7.3,7.31,7.28,7.29,1701,2021-09-07 18:36:00,ACIU
7.3,7.31,7.29,7.31,500,2021-09-07 18:37:00,ACIU
7.29,7.2901,7.29,7.2901,600,2021-09-07 18:39:00,ACIU
7.29,7.29,7.29,7.29,100,2021-09-07 18:40:00,ACIU
7.31,7.31,7.29,7.29,2100,2021-09-07 18:42:00,ACIU
7.3,7.3,7.29,7.295,2300,2021-09-07 18:43:00,ACIU
7.31,7.32,7.3,7.32,600,2021-09-07 18:44:00,ACIU
7.32,7.32,7.3,7.32,500,2021-09-07 18:45:00,ACIU
7.32,7.32,7.32,7.32,100,2021-09-07 18:46:00,ACIU
7.32,7.32,7.3,7.32,2059,2021-09-07 18:48:00,ACIU
7.31,7.31,7.3,7.305,3033,2021-09-07 18:49:00,ACIU
7.31,7.32,7.31,7.32,509,2021-09-07 18:50:00,ACIU
7.32,7.32,7.3,7.31,1465,2021-09-07 18:51:00,ACIU
7.31,7.31,7.3,7.305,900,2021-09-07 18:52:00,ACIU
7.31,7.31,7.3,7.31,2503,2021-09-07 18:53:00,ACIU
7.32,7.32,7.31,7.32,416,2021-09-07 18:54:00,ACIU
7.32,7.32,7.32,7.32,215,2021-09-07 18:55:00,ACIU
7.32,7.32,7.31,7.315,7473,2021-09-07 18:56:00,ACIU
7.32,7.32,7.31,7.32,2015,2021-09-07 18:57:00,ACIU
7.32,7.32,7.315,7.32,1571,2021-09-07 18:58:00,ACIU
7.32,7.32,7.315,7.32,1005,2021-09-07 18:59:00,ACIU
7.315,7.32,7.315,7.32,233,2021-09-07 19:00:00,ACIU
7.32,7.32,7.305,7.305,3117,2021-09-07 19:01:00,ACIU
7.305,7.315,7.305,7.31,1122,2021-09-07 19:02:00,ACIU
7.315,7.32,7.315,7.32,397,2021-09-07 19:03:00,ACIU
7.32,7.32,7.31,7.315,1090,2021-09-07 19:04:00,ACIU
7.32,7.32,7.32,7.32,100,2021-09-07 19:05:00,ACIU
7.315,7.32,7.315,7.315,400,2021-09-07 19:06:00,ACIU
7.31,7.32,7.31,7.32,2200,2021-09-07 19:07:00,ACIU
7.315,7.315,7.315,7.315,1300,2021-09-07 19:08:00,ACIU
7.3105,7.32,7.31,7.32,3476,2021-09-07 19:09:00,ACIU
7.315,7.315,7.315,7.315,100,2021-09-07 19:11:00,ACIU
7.315,7.315,7.315,7.315,200,2021-09-07 19:12:00,ACIU
7.315,7.315,7.315,7.315,100,2021-09-07 19:14:00,ACIU
7.32,7.325,7.31,7.31,27526,2021-09-07 19:15:00,ACIU
7.31,7.31,7.31,7.31,100,2021-09-07 19:16:00,ACIU
7.31,7.315,7.31,7.31,1800,2021-09-07 19:17:00,ACIU
7.3,7.3,7.29,7.3,2230,2021-09-07 19:18:00,ACIU
7.3,7.3,7.29,7.295,2094,2021-09-07 19:20:00,ACIU
7.29,7.2986,7.29,7.29,6000,2021-09-07 19:21:00,ACIU
7.28,7.29,7.28,7.28,300,2021-09-07 19:22:00,ACIU
7.275,7.275,7.27,7.2701,1000,2021-09-07 19:24:00,ACIU
7.27,7.3,7.27,7.3,3986,2021-09-07 19:25:00,ACIU
7.3,7.32,7.3,7.32,2088,2021-09-07 19:26:00,ACIU
7.32,7.32,7.32,7.32,600,2021-09-07 19:27:00,ACIU
7.32,7.32,7.3165,7.32,750,2021-09-07 19:28:00,ACIU
7.32,7.32,7.32,7.32,526,2021-09-07 19:29:00,ACIU
7.32,7.32,7.29,7.29,2165,2021-09-07 19:30:00,ACIU
7.29,7.3,7.29,7.29,4062,2021-09-07 19:31:00,ACIU
7.31,7.32,7.31,7.32,4410,2021-09-07 19:32:00,ACIU
7.32,7.32,7.31,7.32,429,2021-09-07 19:33:00,ACIU
7.31,7.32,7.31,7.32,821,2021-09-07 19:34:00,ACIU
7.32,7.32,7.31,7.32,3048,2021-09-07 19:35:00,ACIU
7.315,7.315,7.31,7.315,4111,2021-09-07 19:37:00,ACIU
7.32,7.32,7.31,7.31,6350,2021-09-07 19:38:00,ACIU
7.31,7.32,7.31,7.32,300,2021-09-07 19:39:00,ACIU
7.32,7.32,7.3,7.31,1300,2021-09-07 19:40:00,ACIU
7.305,7.305,7.3,7.3,200,2021-09-07 19:41:00,ACIU
7.305,7.32,7.305,7.31,5369,2021-09-07 19:42:00,ACIU
7.3,7.31,7.3,7.3,1800,2021-09-07 19:43:00,ACIU
7.31,7.31,7.2914,7.2914,2383,2021-09-07 19:45:00,ACIU
7.295,7.3,7.295,7.295,900,2021-09-07 19:46:00,ACIU
7.291,7.295,7.26,7.26,7781,2021-09-07 19:47:00,ACIU
7.26,7.26,7.24,7.24,7400,2021-09-07 19:48:00,ACIU
7.27,7.27,7.2,7.2,4174,2021-09-07 19:49:00,ACIU
7.21,7.23,7.21,7.23,5912,2021-09-07 19:50:00,ACIU
7.23,7.23,7.23,7.23,2898,2021-09-07 19:51:00,ACIU
7.23,7.235,7.21,7.21,1862,2021-09-07 19:52:00,ACIU
7.2,7.2,7.19,7.19,1200,2021-09-07 19:53:00,ACIU
7.2,7.2299,7.2,7.2,8942,2021-09-07 19:54:00,ACIU
7.2,7.2,7.17,7.2,13112,2021-09-07 19:55:00,ACIU
7.2087,7.25,7.2087,7.24,14238,2021-09-07 19:56:00,ACIU
7.23,7.24,7.23,7.235,5967,2021-09-07 19:57:00,ACIU
7.24,7.27,7.24,7.251,7452,2021-09-07 19:58:00,ACIU
7.25,7.26,7.23,7.26,6128,2021-09-07 19:59:00,ACIU
7.28,7.28,7.28,7.28,15855,2021-09-07 20:00:00,ACIU
7.33,7.33,7.33,7.33,260,2021-09-07 20:01:00,ACIU
7.26,7.26,7.26,7.26,100,2021-09-07 21:03:00,ACIU
7.28,7.28,7.28,7.28,11980,2021-09-07 21:11:00,ACIU
7.2,7.2,7.2,7.2,1645,2021-09-07 22:19:00,ACIU
7.15,7.15,7.15,7.15,1500,2021-09-07 23:07:00,ACIU
7.27,7.27,7.27,7.27,200,2021-09-07 23:55:00,ACIU
7.32,7.32,7.32,7.32,400,2021-09-08 12:15:00,ACIU
7.29,7.29,7.29,7.29,140,2021-09-08 12:55:00,ACIU
7.29,7.29,7.29,7.29,118,2021-09-08 12:58:00,ACIU
7.24,7.24,7.24,7.24,6053,2021-09-08 13:06:00,ACIU
7.2086,7.2086,7.2086,7.2086,215,2021-09-08 13:13:00,ACIU
7.25,7.25,7.25,7.25,200,2021-09-08 13:14:00,ACIU
7.25,7.25,7.25,7.25,399,2021-09-08 13:15:00,ACIU
7.2,7.2,7.2,7.2,199,2021-09-08 13:17:00,ACIU
7.2,7.2,7.2,7.2,100,2021-09-08 13:25:00,ACIU
7.2,7.23,7.2,7.2146,9269,2021-09-08 13:30:00,ACIU
7.24,7.24,7.24,7.24,300,2021-09-08 13:31:00,ACIU
7.24,7.24,7.24,7.24,1500,2021-09-08 13:32:00,ACIU
7.2058,7.2058,7.2058,7.2058,100,2021-09-08 13:33:00,ACIU
7.21,7.21,7.21,7.21,100,2021-09-08 13:34:00,ACIU
7.24,7.245,7.24,7.245,300,2021-09-08 13:35:00,ACIU
7.24,7.27,7.22,7.22,5825,2021-09-08 13:36:00,ACIU
7.24,7.27,7.22,7.22,5603,2021-09-08 13:37:00,ACIU
7.24,7.255,7.24,7.255,923,2021-09-08 13:41:00,ACIU
7.26,7.3,7.24,7.3,3586,2021-09-08 13:42:00,ACIU
7.2895,7.2895,7.26,7.2842,300,2021-09-08 13:43:00,ACIU
7.2899,7.29,7.26,7.26,2394,2021-09-08 13:44:00,ACIU
7.2601,7.29,7.2601,7.29,1500,2021-09-08 13:45:00,ACIU
7.32,7.32,7.29,7.29,400,2021-09-08 13:47:00,ACIU
7.3,7.3,7.2915,7.2915,1626,2021-09-08 13:49:00,ACIU
7.305,7.305,7.2959,7.2959,700,2021-09-08 13:50:00,ACIU
7.29,7.3,7.29,7.29,802,2021-09-08 13:51:00,ACIU
7.2929,7.35,7.2929,7.336,4074,2021-09-08 13:53:00,ACIU
7.345,7.345,7.32,7.32,2124,2021-09-08 13:54:00,ACIU
7.342,7.342,7.33,7.34,900,2021-09-08 13:55:00,ACIU
7.35,7.35,7.31,7.32,4085,2021-09-08 13:56:00,ACIU
7.34,7.34,7.32,7.32,239,2021-09-08 13:57:00,ACIU
7.32,7.32,7.31,7.31,2090,2021-09-08 13:58:00,ACIU
7.31,7.31,7.3,7.3,900,2021-09-08 14:00:00,ACIU
7.31,7.35,7.31,7.33,900,2021-09-08 14:01:00,ACIU
7.35,7.35,7.34,7.34,2700,2021-09-08 14:02:00,ACIU
7.32,7.32,7.3001,7.3001,2325,2021-09-08 14:03:00,ACIU
7.308,7.308,7.3,7.3,200,2021-09-08 14:05:00,ACIU
7.315,7.315,7.2801,7.2801,1410,2021-09-08 14:06:00,ACIU
7.295,7.295,7.27,7.275,2711,2021-09-08 14:07:00,ACIU
7.29,7.29,7.29,7.29,103,2021-09-08 14:08:00,ACIU
7.285,7.285,7.285,7.285,750,2021-09-08 14:10:00,ACIU
7.2939,7.2939,7.2669,7.2669,600,2021-09-08 14:12:00,ACIU
7.265,7.265,7.2201,7.2541,4835,2021-09-08 14:13:00,ACIU
7.26,7.26,7.26,7.26,309,2021-09-08 14:14:00,ACIU
7.27,7.27,7.2475,7.2475,700,2021-09-08 14:15:00,ACIU
7.26,7.26,7.26,7.26,800,2021-09-08 14:17:00,ACIU
7.2576,7.2576,7.2576,7.2576,100,2021-09-08 14:18:00,ACIU
7.26,7.2603,7.26,7.2603,2198,2021-09-08 14:19:00,ACIU
7.25,7.25,7.23,7.23,4293,2021-09-08 14:20:00,ACIU
7.23,7.24,7.21,7.21,5199,2021-09-08 14:21:00,ACIU
7.24,7.25,7.21,7.21,5179,2021-09-08 14:22:00,ACIU
7.21,7.22,7.21,7.22,802,2021-09-08 14:23:00,ACIU
7.2,7.205,7.2,7.205,2502,2021-09-08 14:25:00,ACIU
7.2088,7.21,7.2,7.21,2151,2021-09-08 14:26:00,ACIU
7.2,7.2,7.2,7.2,1499,2021-09-08 14:28:00,ACIU
7.1801,7.2068,7.1801,7.2068,2100,2021-09-08 14:29:00,ACIU
7.19,7.21,7.19,7.21,773,2021-09-08 14:30:00,ACIU
7.2009,7.2009,7.2009,7.2009,1024,2021-09-08 14:31:00,ACIU
7.21,7.22,7.2,7.2,1128,2021-09-08 14:33:00,ACIU
7.22,7.22,7.22,7.22,163,2021-09-08 14:34:00,ACIU
7.1801,7.1801,7.1801,7.1801,186,2021-09-08 14:36:00,ACIU
7.18,7.18,7.1662,7.175,4568,2021-09-08 14:37:00,ACIU
7.19,7.22,7.18,7.18,3748,2021-09-08 14:38:00,ACIU
7.18,7.18,7.18,7.18,1200,2021-09-08 14:39:00,ACIU
7.17,7.17,7.15,7.1509,1868,2021-09-08 14:40:00,ACIU
7.1637,7.1637,7.15,7.15,300,2021-09-08 14:41:00,ACIU
7.15,7.17,7.15,7.1571,1500,2021-09-08 14:42:00,ACIU
7.1599,7.16,7.14,7.14,2200,2021-09-08 14:43:00,ACIU
7.155,7.16,7.14,7.14,850,2021-09-08 14:44:00,ACIU
7.169,7.169,7.169,7.169,1000,2021-09-08 14:45:00,ACIU
7.17,7.18,7.17,7.17,600,2021-09-08 14:46:00,ACIU
7.1801,7.22,7.1801,7.22,2400,2021-09-08 14:49:00,ACIU
7.18,7.18,7.18,7.18,2555,2021-09-08 14:50:00,ACIU
7.18,7.18,7.18,7.18,900,2021-09-08 14:51:00,ACIU
7.2,7.21,7.13,7.15,8899,2021-09-08 14:53:00,ACIU
7.1307,7.16,7.1307,7.16,3416,2021-09-08 14:54:00,ACIU
7.15,7.155,7.13,7.13,1500,2021-09-08 14:55:00,ACIU
7.15,7.17,7.1498,7.17,1558,2021-09-08 14:56:00,ACIU
7.17,7.19,7.17,7.19,994,2021-09-08 14:57:00,ACIU
7.2,7.2,7.2,7.2,100,2021-09-08 15:00:00,ACIU
7.19,7.19,7.19,7.19,1180,2021-09-08 15:02:00,ACIU
7.18,7.18,7.18,7.18,1626,2021-09-08 15:03:00,ACIU
7.17,7.17,7.17,7.17,100,2021-09-08 15:04:00,ACIU
7.17,7.17,7.17,7.17,200,2021-09-08 15:05:00,ACIU
7.19,7.19,7.16,7.18,2758,2021-09-08 15:08:00,ACIU
7.19,7.19,7.19,7.19,613,2021-09-08 15:09:00,ACIU
7.17,7.21,7.17,7.2,4034,2021-09-08 15:10:00,ACIU
7.1963,7.1963,7.1963,7.1963,1020,2021-09-08 15:11:00,ACIU
7.21,7.21,7.21,7.21,200,2021-09-08 15:12:00,ACIU
7.21,7.22,7.21,7.21,2600,2021-09-08 15:15:00,ACIU
7.22,7.23,7.2,7.2,2801,2021-09-08 15:16:00,ACIU
7.22,7.22,7.1936,7.22,5800,2021-09-08 15:18:00,ACIU
7.23,7.23,7.22,7.22,1000,2021-09-08 15:20:00,ACIU
7.22,7.22,7.22,7.22,2400,2021-09-08 15:24:00,ACIU
7.22,7.22,7.22,7.22,200,2021-09-08 15:25:00,ACIU
7.2092,7.2092,7.2092,7.2092,300,2021-09-08 15:26:00,ACIU
7.2158,7.2158,7.2158,7.2158,100,2021-09-08 15:28:00,ACIU
7.2,7.2,7.2,7.2,393,2021-09-08 15:29:00,ACIU
7.204,7.204,7.19,7.19,940,2021-09-08 15:30:00,ACIU
7.19,7.195,7.19,7.195,782,2021-09-08 15:31:00,ACIU
7.21,7.21,7.21,7.21,500,2021-09-08 15:32:00,ACIU
7.1823,7.1823,7.1823,7.1823,702,2021-09-08 15:33:00,ACIU
7.18,7.18,7.18,7.18,407,2021-09-08 15:34:00,ACIU
7.2,7.2,7.2,7.2,100,2021-09-08 15:35:00,ACIU
7.199,7.199,7.199,7.199,200,2021-09-08 15:38:00,ACIU
7.2,7.2,7.2,7.2,200,2021-09-08 15:39:00,ACIU
7.19,7.2095,7.19,7.2095,200,2021-09-08 15:40:00,ACIU
7.2091,7.2091,7.2091,7.2091,1000,2021-09-08 15:41:00,ACIU
7.19,7.19,7.18,7.18,2538,2021-09-08 15:43:00,ACIU
7.1811,7.1811,7.1811,7.1811,200,2021-09-08 15:45:00,ACIU
7.18,7.18,7.18,7.18,611,2021-09-08 15:47:00,ACIU
7.176,7.179,7.16,7.16,300,2021-09-08 15:48:00,ACIU
7.16,7.17,7.16,7.17,300,2021-09-08 15:49:00,ACIU
7.17,7.18,7.1625,7.1625,714,2021-09-08 15:50:00,ACIU
7.16,7.1685,7.16,7.1685,500,2021-09-08 15:51:00,ACIU
7.17,7.18,7.17,7.18,780,2021-09-08 15:54:00,ACIU
7.16,7.17,7.16,7.1638,711,2021-09-08 15:55:00,ACIU
7.16,7.16,7.15,7.16,3502,2021-09-08 15:57:00,ACIU
7.17,7.17,7.17,7.17,100,2021-09-08 15:58:00,ACIU
7.17,7.17,7.17,7.17,800,2021-09-08 16:00:00,ACIU
7.19,7.19,7.18,7.18,658,2021-09-08 16:01:00,ACIU
7.18,7.18,7.18,7.18,600,2021-09-08 16:02:00,ACIU
7.19,7.19,7.19,7.19,259,2021-09-08 16:03:00,ACIU
7.16,7.2,7.16,7.2,1600,2021-09-08 16:06:00,ACIU
7.18,7.18,7.18,7.18,400,2021-09-08 16:07:00,ACIU
7.18,7.18,7.18,7.18,100,2021-09-08 16:08:00,ACIU
7.2,7.2,7.2,7.2,100,2021-09-08 16:10:00,ACIU
7.1755,7.1755,7.1755,7.1755,250,2021-09-08 16:14:00,ACIU
7.17,7.17,7.17,7.17,1582,2021-09-08 16:16:00,ACIU
7.16,7.175,7.16,7.175,1911,2021-09-08 16:18:00,ACIU
7.19,7.19,7.18,7.18,664,2021-09-08 16:20:00,ACIU
7.2,7.2,7.2,7.2,100,2021-09-08 16:21:00,ACIU
7.18,7.2,7.17,7.2,1615,2021-09-08 16:25:00,ACIU
7.17,7.19,7.17,7.19,200,2021-09-08 16:26:00,ACIU
7.185,7.185,7.185,7.185,100,2021-09-08 16:27:00,ACIU
7.1854,7.1854,7.1854,7.1854,350,2021-09-08 16:28:00,ACIU
7.2,7.2,7.2,7.2,1550,2021-09-08 16:29:00,ACIU
7.18,7.18,7.16,7.16,6448,2021-09-08 16:31:00,ACIU
7.18,7.2,7.18,7.2,200,2021-09-08 16:33:00,ACIU
7.185,7.185,7.185,7.185,200,2021-09-08 16:43:00,ACIU
7.185,7.185,7.185,7.185,100,2021-09-08 16:45:00,ACIU
7.185,7.2,7.185,7.2,1300,2021-09-08 16:49:00,ACIU
7.21,7.21,7.2,7.2,695,2021-09-08 16:52:00,ACIU
7.2,7.205,7.2,7.2,360,2021-09-08 16:53:00,ACIU
7.2,7.2,7.2,7.2,370,2021-09-08 16:54:00,ACIU
7.21,7.21,7.21,7.21,100,2021-09-08 16:55:00,ACIU
7.18,7.195,7.18,7.18,1673,2021-09-08 16:56:00,ACIU
7.18,7.2,7.18,7.2,2031,2021-09-08 16:57:00,ACIU
7.19,7.19,7.19,7.19,100,2021-09-08 16:58:00,ACIU
7.18,7.18,7.18,7.18,100,2021-09-08 16:59:00,ACIU
7.2,7.2,7.18,7.18,1000,2021-09-08 17:02:00,ACIU
7.2,7.2,7.2,7.2,103,2021-09-08 17:04:00,ACIU
7.18,7.18,7.17,7.18,2998,2021-09-08 17:05:00,ACIU
7.2009,7.2009,7.2009,7.2009,350,2021-09-08 17:08:00,ACIU
7.18,7.18,7.18,7.18,100,2021-09-08 17:09:00,ACIU
7.17,7.17,7.17,7.17,500,2021-09-08 17:10:00,ACIU
7.185,7.185,7.185,7.185,300,2021-09-08 17:12:00,ACIU
7.185,7.185,7.185,7.185,300,2021-09-08 17:13:00,ACIU
7.17,7.17,7.17,7.17,400,2021-09-08 17:17:00,ACIU
7.19,7.19,7.19,7.19,607,2021-09-08 17:19:00,ACIU
7.17,7.17,7.17,7.17,500,2021-09-08 17:24:00,ACIU
7.17,7.18,7.16,7.18,2337,2021-09-08 17:25:00,ACIU
7.2,7.2,7.18,7.18,600,2021-09-08 17:26:00,ACIU
7.19,7.2,7.19,7.2,200,2021-09-08 17:27:00,ACIU
7.19,7.19,7.19,7.19,100,2021-09-08 17:28:00,ACIU
7.2,7.2,7.2,7.2,204,2021-09-08 17:29:00,ACIU
7.19,7.19,7.19,7.19,400,2021-09-08 17:31:00,ACIU
7.2,7.2,7.1893,7.1893,300,2021-09-08 17:32:00,ACIU
7.2,7.2,7.2,7.2,700,2021-09-08 17:33:00,ACIU
7.2,7.2,7.2,7.2,1616,2021-09-08 17:35:00,ACIU
7.19,7.19,7.19,7.19,300,2021-09-08 17:37:00,ACIU
7.21,7.21,7.21,7.21,100,2021-09-08 17:42:00,ACIU
7.21,7.21,7.21,7.21,100,2021-09-08 17:44:00,ACIU
7.2001,7.2001,7.2,7.2,2580,2021-09-08 17:45:00,ACIU
7.2,7.21,7.2,7.2,700,2021-09-08 17:48:00,ACIU
7.2,7.21,7.2,7.2,1800,2021-09-08 17:50:00,ACIU
7.19,7.2022,7.19,7.2022,1100,2021-09-08 17:51:00,ACIU
7.22,7.22,7.22,7.22,100,2021-09-08 17:55:00,ACIU
7.22,7.24,7.1901,7.22,7674,2021-09-08 17:56:00,ACIU
7.24,7.24,7.24,7.24,840,2021-09-08 18:02:00,ACIU
7.25,7.25,7.25,7.25,223,2021-09-08 18:03:00,ACIU
7.25,7.25,7.23,7.24,2165,2021-09-08 18:08:00,ACIU
7.24,7.24,7.2385,7.2385,200,2021-09-08 18:10:00,ACIU
7.25,7.25,7.25,7.25,100,2021-09-08 18:11:00,ACIU
7.25,7.25,7.25,7.25,400,2021-09-08 18:15:00,ACIU
7.24,7.24,7.24,7.24,1000,2021-09-08 18:16:00,ACIU
7.25,7.25,7.24,7.24,900,2021-09-08 18:17:00,ACIU
7.25,7.25,7.23,7.23,1296,2021-09-08 18:19:00,ACIU
7.23,7.23,7.2,7.2,681,2021-09-08 18:20:00,ACIU
7.2378,7.2378,7.2378,7.2378,774,2021-09-08 18:21:00,ACIU
7.22,7.23,7.21,7.21,1100,2021-09-08 18:22:00,ACIU
7.22,7.2201,7.22,7.2201,1300,2021-09-08 18:23:00,ACIU
7.235,7.235,7.22,7.23,1400,2021-09-08 18:24:00,ACIU
7.22,7.22,7.22,7.22,700,2021-09-08 18:25:00,ACIU
7.23,7.23,7.23,7.23,700,2021-09-08 18:26:00,ACIU
7.22,7.22,7.22,7.22,100,2021-09-08 18:27:00,ACIU
7.21,7.21,7.21,7.21,769,2021-09-08 18:28:00,ACIU
7.22,7.225,7.21,7.225,1000,2021-09-08 18:29:00,ACIU
7.21,7.225,7.21,7.215,400,2021-09-08 18:30:00,ACIU
7.21,7.21,7.2,7.2,1525,2021-09-08 18:31:00,ACIU
7.2,7.21,7.2,7.2,1676,2021-09-08 18:32:00,ACIU
7.205,7.205,7.205,7.205,100,2021-09-08 18:35:00,ACIU
7.19,7.19,7.19,7.19,100,2021-09-08 18:38:00,ACIU
7.19,7.19,7.19,7.19,200,2021-09-08 18:39:00,ACIU
7.1926,7.2,7.19,7.19,753,2021-09-08 18:40:00,ACIU
7.19,7.2,7.19,7.2,200,2021-09-08 18:41:00,ACIU
7.1908,7.1908,7.18,7.18,934,2021-09-08 18:42:00,ACIU
7.19,7.2,7.19,7.2,484,2021-09-08 18:43:00,ACIU
7.19,7.19,7.19,7.19,200,2021-09-08 18:52:00,ACIU
7.1999,7.225,7.1999,7.225,615,2021-09-08 18:53:00,ACIU
7.2269,7.2269,7.21,7.21,300,2021-09-08 18:54:00,ACIU
7.21,7.21,7.21,7.21,200,2021-09-08 18:55:00,ACIU
7.22,7.23,7.21,7.21,800,2021-09-08 18:57:00,ACIU
7.2,7.215,7.19,7.19,2387,2021-09-08 18:59:00,ACIU
7.21,7.21,7.21,7.21,100,2021-09-08 19:00:00,ACIU
7.19,7.19,7.19,7.19,200,2021-09-08 19:01:00,ACIU
7.2,7.2,7.2,7.2,100,2021-09-08 19:02:00,ACIU
7.1932,7.1932,7.1932,7.1932,100,2021-09-08 19:03:00,ACIU
7.2088,7.2088,7.2088,7.2088,100,2021-09-08 19:04:00,ACIU
7.2,7.21,7.2,7.21,800,2021-09-08 19:05:00,ACIU
7.21,7.21,7.2,7.2,798,2021-09-08 19:07:00,ACIU
7.22,7.22,7.22,7.22,100,2021-09-08 19:10:00,ACIU
7.22,7.23,7.22,7.22,1401,2021-09-08 19:12:00,ACIU
7.22,7.22,7.22,7.22,200,2021-09-08 19:13:00,ACIU
7.22,7.22,7.22,7.22,100,2021-09-08 19:14:00,ACIU
7.21,7.21,7.21,7.21,774,2021-09-08 19:15:00,ACIU
7.22,7.22,7.21,7.22,1100,2021-09-08 19:17:00,ACIU
7.21,7.21,7.16,7.21,16617,2021-09-08 19:18:00,ACIU
7.19,7.22,7.19,7.19,571,2021-09-08 19:20:00,ACIU
7.18,7.18,7.162,7.17,1400,2021-09-08 19:21:00,ACIU
7.17,7.17,7.17,7.17,400,2021-09-08 19:22:00,ACIU
7.17,7.175,7.17,7.17,1498,2021-09-08 19:23:00,ACIU
7.175,7.1781,7.175,7.175,300,2021-09-08 19:24:00,ACIU
7.175,7.19,7.175,7.18,1100,2021-09-08 19:25:00,ACIU
7.19,7.19,7.19,7.19,100,2021-09-08 19:26:00,ACIU
7.18,7.18,7.15,7.1671,5754,2021-09-08 19:27:00,ACIU
7.17,7.19,7.17,7.19,500,2021-09-08 19:28:00,ACIU
7.17,7.18,7.17,7.18,430,2021-09-08 19:29:00,ACIU
7.17,7.17,7.16,7.165,1200,2021-09-08 19:30:00,ACIU
7.16,7.16,7.16,7.16,900,2021-09-08 19:31:00,ACIU
7.15,7.1697,7.15,7.1697,300,2021-09-08 19:32:00,ACIU
7.15,7.15,7.15,7.15,700,2021-09-08 19:36:00,ACIU
7.15,7.16,7.15,7.15,300,2021-09-08 19:37:00,ACIU
7.16,7.16,7.15,7.16,1311,2021-09-08 19:38:00,ACIU
7.16,7.16,7.16,7.16,400,2021-09-08 19:39:00,ACIU
7.15,7.16,7.15,7.15,878,2021-09-08 19:40:00,ACIU
7.16,7.16,7.14,7.16,2300,2021-09-08 19:41:00,ACIU
7.16,7.16,7.15,7.15,1540,2021-09-08 19:42:00,ACIU
7.1401,7.1401,7.1401,7.1401,1822,2021-09-08 19:43:00,ACIU
7.15,7.16,7.14,7.16,2300,2021-09-08 19:44:00,ACIU
7.16,7.16,7.15,7.16,994,2021-09-08 19:45:00,ACIU
7.16,7.16,7.15,7.16,1637,2021-09-08 19:46:00,ACIU
7.155,7.16,7.15,7.15,1800,2021-09-08 19:47:00,ACIU
7.15,7.165,7.15,7.15,2282,2021-09-08 19:48:00,ACIU
7.155,7.16,7.155,7.16,200,2021-09-08 19:49:00,ACIU
7.16,7.16,7.16,7.16,500,2021-09-08 19:50:00,ACIU
7.16,7.165,7.15,7.15,3460,2021-09-08 19:51:00,ACIU
7.145,7.145,7.14,7.145,500,2021-09-08 19:52:00,ACIU
7.15,7.1601,7.15,7.16,2352,2021-09-08 19:53:00,ACIU
7.16,7.16,7.16,7.16,500,2021-09-08 19:54:00,ACIU
7.155,7.16,7.15,7.16,1100,2021-09-08 19:55:00,ACIU
7.16,7.16,7.14,7.1401,4396,2021-09-08 19:56:00,ACIU
7.145,7.16,7.145,7.16,1836,2021-09-08 19:57:00,ACIU
7.16,7.17,7.14,7.15,2903,2021-09-08 19:58:00,ACIU
7.15,7.15,7.13,7.13,4621,2021-09-08 19:59:00,ACIU
7.15,7.15,7.15,7.15,27522,2021-09-08 20:00:00,ACIU
7.15,7.15,7.15,7.15,180,2021-09-08 20:07:00,ACIU
7.15,7.15,7.15,7.15,250,2021-09-08 20:08:00,ACIU
7.123,7.123,7.123,7.123,300,2021-09-08 20:09:00,ACIU
7.1274,7.1274,7.12,7.12,263,2021-09-08 20:26:00,ACIU
7.13,7.13,7.13,7.13,1323,2021-09-08 20:54:00,ACIU
7.13,7.13,7.13,7.13,500,2021-09-08 21:03:00,ACIU
7.13,7.13,7.13,7.13,100,2021-09-08 21:06:00,ACIU
7.12,7.12,7.12,7.12,200,2021-09-08 22:02:00,ACIU
7.12,7.12,7.12,7.12,382,2021-09-08 22:07:00,ACIU
7.1,7.1,7.1,7.1,200,2021-09-08 22:33:00,ACIU
7.11,7.11,7.11,7.11,125,2021-09-08 22:49:00,ACIU
7.1001,7.1001,7.1001,7.1001,1020,2021-09-08 23:08:00,ACIU
7.1,7.1,7.1,7.1,1500,2021-09-08 23:28:00,ACIU
7.08,7.08,7.08,7.08,360,2021-09-08 23:31:00,ACIU
7.01,7.01,7.0,7.0,1034,2021-09-09 08:14:00,ACIU
7.2,7.2,7.2,7.2,100,2021-09-09 09:17:00,ACIU
7.2,7.2,7.2,7.2,200,2021-09-09 10:23:00,ACIU
7.2,7.2,7.2,7.2,954,2021-09-09 11:25:00,ACIU
7.1301,7.1301,7.1301,7.1301,500,2021-09-09 12:21:00,ACIU
7.19,7.19,7.19,7.19,100,2021-09-09 12:49:00,ACIU
7.19,7.19,7.19,7.19,175,2021-09-09 13:11:00,ACIU
7.15,7.15,7.15,7.15,100,2021-09-09 13:21:00,ACIU
7.19,7.2,7.19,7.2,545,2021-09-09 13:25:00,ACIU
7.17,7.17,7.17,7.17,13984,2021-09-09 13:30:00,ACIU
7.21,7.21,7.21,7.21,1000,2021-09-09 13:31:00,ACIU
7.1995,7.1995,7.1995,7.1995,485,2021-09-09 13:33:00,ACIU
7.2,7.2,7.17,7.17,377,2021-09-09 13:34:00,ACIU
7.15,7.165,7.14,7.1542,9458,2021-09-09 13:35:00,ACIU
7.19,7.19,7.19,7.19,200,2021-09-09 13:36:00,ACIU
7.15,7.15,7.14,7.14,493,2021-09-09 13:37:00,ACIU
7.165,7.2,7.165,7.2,480,2021-09-09 13:38:00,ACIU
7.2,7.2,7.2,7.2,500,2021-09-09 13:39:00,ACIU
7.19,7.19,7.19,7.19,100,2021-09-09 13:40:00,ACIU
7.2,7.2,7.16,7.16,400,2021-09-09 13:41:00,ACIU
7.18,7.18,7.18,7.18,1005,2021-09-09 13:42:00,ACIU
7.19,7.19,7.19,7.19,1704,2021-09-09 13:43:00,ACIU
7.1701,7.18,7.16,7.1601,1335,2021-09-09 13:44:00,ACIU
7.16,7.16,7.08,7.08,11398,2021-09-09 13:45:00,ACIU
7.0922,7.0922,7.09,7.09,500,2021-09-09 13:46:00,ACIU
7.1,7.13,7.08,7.09,3953,2021-09-09 13:47:00,ACIU
7.115,7.16,7.11,7.11,2898,2021-09-09 13:48:00,ACIU
7.15,7.15,7.11,7.12,630,2021-09-09 13:49:00,ACIU
7.13,7.13,7.1201,7.1201,200,2021-09-09 13:51:00,ACIU
7.13,7.13,7.12,7.12,350,2021-09-09 13:52:00,ACIU
7.13,7.131,7.13,7.131,1056,2021-09-09 13:53:00,ACIU
7.13,7.13,7.13,7.13,100,2021-09-09 13:54:00,ACIU
7.1428,7.1428,7.1428,7.1428,200,2021-09-09 13:55:00,ACIU
7.15,7.16,7.13,7.13,500,2021-09-09 13:57:00,ACIU
7.17,7.17,7.17,7.17,100,2021-09-09 13:58:00,ACIU
7.19,7.19,7.17,7.175,904,2021-09-09 14:00:00,ACIU
7.16,7.16,7.15,7.15,1899,2021-09-09 14:02:00,ACIU
7.1499,7.1499,7.1499,7.1499,200,2021-09-09 14:03:00,ACIU
7.1201,7.1201,7.1201,7.1201,900,2021-09-09 14:04:00,ACIU
7.12,7.12,7.12,7.12,110,2021-09-09 14:05:00,ACIU
7.15,7.19,7.15,7.17,4568,2021-09-09 14:06:00,ACIU
7.17,7.17,7.17,7.17,100,2021-09-09 14:09:00,ACIU
7.14,7.14,7.14,7.14,1315,2021-09-09 14:12:00,ACIU
7.12,7.12,7.12,7.12,350,2021-09-09 14:15:00,ACIU
7.15,7.18,7.15,7.18,700,2021-09-09 14:17:00,ACIU
7.17,7.17,7.1686,7.1686,3491,2021-09-09 14:18:00,ACIU
7.14,7.17,7.14,7.17,2879,2021-09-09 14:19:00,ACIU
7.1928,7.1928,7.1928,7.1928,209,2021-09-09 14:20:00,ACIU
7.2,7.2,7.2,7.2,100,2021-09-09 14:24:00,ACIU
7.1701,7.1701,7.17,7.17,287,2021-09-09 14:29:00,ACIU
7.1997,7.1997,7.1997,7.1997,5000,2021-09-09 14:31:00,ACIU
7.17,7.17,7.17,7.17,108,2021-09-09 14:34:00,ACIU
7.2,7.21,7.2,7.21,6327,2021-09-09 14:36:00,ACIU
7.21,7.23,7.21,7.224,6503,2021-09-09 14:37:00,ACIU
7.23,7.23,7.2277,7.2277,535,2021-09-09 14:39:00,ACIU
7.22,7.22,7.21,7.22,2290,2021-09-09 14:40:00,ACIU
7.21,7.21,7.21,7.21,1288,2021-09-09 14:42:00,ACIU
7.23,7.23,7.23,7.23,650,2021-09-09 14:43:00,ACIU
7.23,7.25,7.23,7.25,2531,2021-09-09 14:45:00,ACIU
7.24,7.24,7.24,7.24,341,2021-09-09 14:46:00,ACIU
7.2213,7.2213,7.2213,7.2213,600,2021-09-09 14:47:00,ACIU
7.2268,7.23,7.221,7.23,300,2021-09-09 14:49:00,ACIU
7.241,7.241,7.23,7.23,200,2021-09-09 14:53:00,ACIU
7.2356,7.25,7.2356,7.245,700,2021-09-09 14:54:00,ACIU
7.25,7.25,7.25,7.25,200,2021-09-09 14:55:00,ACIU
7.2473,7.2473,7.24,7.24,201,2021-09-09 14:56:00,ACIU
7.26,7.26,7.26,7.26,530,2021-09-09 14:58:00,ACIU
7.27,7.27,7.27,7.27,400,2021-09-09 15:02:00,ACIU
7.27,7.27,7.27,7.27,100,2021-09-09 15:04:00,ACIU
7.2701,7.2701,7.2701,7.2701,300,2021-09-09 15:06:00,ACIU
7.2717,7.2717,7.27,7.27,303,2021-09-09 15:07:00,ACIU
7.28,7.2899,7.28,7.2899,3200,2021-09-09 15:09:00,ACIU
7.28,7.3,7.28,7.3,4912,2021-09-09 15:10:00,ACIU
7.305,7.305,7.29,7.29,3891,2021-09-09 15:11:00,ACIU
7.293,7.293,7.293,7.293,1100,2021-09-09 15:12:00,ACIU
7.293,7.295,7.293,7.295,1800,2021-09-09 15:13:00,ACIU
7.28,7.28,7.2737,7.2737,3550,2021-09-09 15:14:00,ACIU
7.285,7.285,7.2699,7.2699,3100,2021-09-09 15:16:00,ACIU
7.29,7.29,7.29,7.29,100,2021-09-09 15:18:00,ACIU
7.275,7.275,7.275,7.275,100,2021-09-09 15:19:00,ACIU
7.275,7.275,7.275,7.275,100,2021-09-09 15:20:00,ACIU
7.26,7.26,7.2162,7.2162,5750,2021-09-09 15:21:00,ACIU
7.25,7.26,7.25,7.26,1132,2021-09-09 15:22:00,ACIU
7.26,7.26,7.26,7.26,100,2021-09-09 15:24:00,ACIU
7.26,7.26,7.23,7.23,3518,2021-09-09 15:25:00,ACIU
7.2599,7.2599,7.2599,7.2599,3500,2021-09-09 15:26:00,ACIU
7.26,7.27,7.26,7.27,600,2021-09-09 15:27:00,ACIU
7.2899,7.29,7.28,7.29,1710,2021-09-09 15:31:00,ACIU
7.3,7.3,7.3,7.3,500,2021-09-09 15:32:00,ACIU
7.28,7.2897,7.2774,7.2774,3263,2021-09-09 15:33:00,ACIU
7.2838,7.37,7.2838,7.3272,24623,2021-09-09 15:34:00,ACIU
7.33,7.33,7.33,7.33,100,2021-09-09 15:38:00,ACIU
7.32,7.33,7.31,7.32,3331,2021-09-09 15:39:00,ACIU
7.32,7.33,7.32,7.33,1280,2021-09-09 15:43:00,ACIU
7.33,7.33,7.32,7.32,1506,2021-09-09 15:44:00,ACIU
7.32,7.33,7.32,7.33,200,2021-09-09 15:45:00,ACIU
7.33,7.33,7.315,7.315,200,2021-09-09 15:46:00,ACIU
7.3,7.3,7.3,7.3,137,2021-09-09 15:47:00,ACIU
7.3001,7.31,7.3,7.3,1850,2021-09-09 15:48:00,ACIU
7.32,7.32,7.315,7.315,1900,2021-09-09 15:50:00,ACIU
7.33,7.33,7.33,7.33,164,2021-09-09 15:51:00,ACIU
7.315,7.315,7.315,7.315,200,2021-09-09 15:53:00,ACIU
7.315,7.32,7.315,7.32,714,2021-09-09 15:54:00,ACIU
7.33,7.33,7.33,7.33,210,2021-09-09 15:55:00,ACIU
7.3105,7.325,7.3105,7.325,200,2021-09-09 15:58:00,ACIU
7.315,7.325,7.31,7.325,2251,2021-09-09 16:00:00,ACIU
7.32,7.33,7.32,7.33,300,2021-09-09 16:02:00,ACIU
7.3126,7.36,7.3126,7.35,2597,2021-09-09 16:03:00,ACIU
7.36,7.36,7.36,7.36,100,2021-09-09 16:04:00,ACIU
7.34,7.34,7.3232,7.3232,1800,2021-09-09 16:05:00,ACIU
7.33,7.34,7.33,7.34,730,2021-09-09 16:06:00,ACIU
7.3226,7.3226,7.3226,7.3226,130,2021-09-09 16:07:00,ACIU
7.31,7.34,7.3086,7.34,1200,2021-09-09 16:13:00,ACIU
7.34,7.34,7.34,7.34,100,2021-09-09 16:15:00,ACIU
7.31,7.31,7.31,7.31,1682,2021-09-09 16:16:00,ACIU
7.3399,7.3399,7.33,7.33,2983,2021-09-09 16:17:00,ACIU
7.325,7.325,7.325,7.325,165,2021-09-09 16:18:00,ACIU
7.34,7.34,7.34,7.34,100,2021-09-09 16:19:00,ACIU
7.3431,7.3431,7.3431,7.3431,150,2021-09-09 16:23:00,ACIU
7.34,7.34,7.34,7.34,500,2021-09-09 16:26:00,ACIU
7.34,7.35,7.3348,7.3348,3477,2021-09-09 16:27:00,ACIU
7.33,7.35,7.33,7.35,1865,2021-09-09 16:29:00,ACIU
7.34,7.34,7.3399,7.3399,800,2021-09-09 16:32:00,ACIU
7.331,7.331,7.331,7.331,100,2021-09-09 16:33:00,ACIU
7.34,7.34,7.34,7.34,458,2021-09-09 16:34:00,ACIU
7.34,7.34,7.34,7.34,200,2021-09-09 16:35:00,ACIU
7.34,7.35,7.34,7.35,3645,2021-09-09 16:36:00,ACIU
7.36,7.37,7.355,7.37,3359,2021-09-09 16:37:00,ACIU
7.34,7.34,7.34,7.34,1365,2021-09-09 16:40:00,ACIU
7.35,7.35,7.34,7.34,1961,2021-09-09 16:43:00,ACIU
7.34,7.341,7.34,7.341,700,2021-09-09 16:44:00,ACIU
7.36,7.36,7.36,7.36,100,2021-09-09 16:45:00,ACIU
7.345,7.345,7.345,7.345,500,2021-09-09 16:46:00,ACIU
7.3487,7.3487,7.33,7.331,5530,2021-09-09 16:48:00,ACIU
7.34,7.35,7.34,7.35,605,2021-09-09 16:49:00,ACIU
7.36,7.36,7.36,7.36,288,2021-09-09 16:51:00,ACIU
7.36,7.37,7.36,7.37,700,2021-09-09 16:52:00,ACIU
7.37,7.37,7.37,7.37,200,2021-09-09 16:53:00,ACIU
7.35,7.35,7.35,7.35,163,2021-09-09 16:54:00,ACIU
7.37,7.37,7.3501,7.3501,1010,2021-09-09 16:57:00,ACIU
7.35,7.36,7.35,7.36,1813,2021-09-09 16:58:00,ACIU
7.3512,7.3512,7.3512,7.3512,1000,2021-09-09 16:59:00,ACIU
7.35,7.351,7.35,7.351,530,2021-09-09 17:00:00,ACIU
7.36,7.3608,7.36,7.3608,500,2021-09-09 17:01:00,ACIU
7.36,7.3674,7.36,7.3674,1100,2021-09-09 17:02:00,ACIU
7.3416,7.3416,7.3416,7.3416,2000,2021-09-09 17:03:00,ACIU
7.3427,7.3427,7.3427,7.3427,128,2021-09-09 17:05:00,ACIU
7.36,7.36,7.35,7.36,400,2021-09-09 17:06:00,ACIU
7.345,7.35,7.345,7.35,300,2021-09-09 17:07:00,ACIU
7.35,7.35,7.35,7.35,100,2021-09-09 17:11:00,ACIU
7.34,7.34,7.34,7.34,272,2021-09-09 17:15:00,ACIU
7.3401,7.3429,7.3401,7.3429,1325,2021-09-09 17:16:00,ACIU
7.345,7.345,7.345,7.345,200,2021-09-09 17:17:00,ACIU
7.33,7.33,7.32,7.32,1131,2021-09-09 17:20:00,ACIU
7.3,7.31,7.3,7.301,2000,2021-09-09 17:21:00,ACIU
7.3,7.31,7.3,7.31,200,2021-09-09 17:22:00,ACIU
7.301,7.301,7.3,7.3,1972,2021-09-09 17:23:00,ACIU
7.3,7.31,7.28,7.31,1328,2021-09-09 17:24:00,ACIU
7.3197,7.32,7.3197,7.32,1100,2021-09-09 17:27:00,ACIU
7.33,7.33,7.33,7.33,200,2021-09-09 17:30:00,ACIU
7.31,7.31,7.31,7.31,700,2021-09-09 17:31:00,ACIU
7.3071,7.3071,7.3,7.3,719,2021-09-09 17:32:00,ACIU
7.29,7.29,7.29,7.29,700,2021-09-09 17:35:00,ACIU
7.29,7.29,7.28,7.28,505,2021-09-09 17:39:00,ACIU
7.28,7.28,7.28,7.28,400,2021-09-09 17:42:00,ACIU
7.29,7.29,7.2837,7.2837,300,2021-09-09 17:43:00,ACIU
7.29,7.3,7.29,7.3,300,2021-09-09 17:45:00,ACIU
7.2918,7.2918,7.2918,7.2918,600,2021-09-09 17:53:00,ACIU
7.29,7.29,7.29,7.29,860,2021-09-09 17:57:00,ACIU
7.295,7.295,7.28,7.28,1834,2021-09-09 18:03:00,ACIU
7.3,7.3,7.3,7.3,200,2021-09-09 18:04:00,ACIU
7.29,7.29,7.29,7.29,100,2021-09-09 18:05:00,ACIU
7.275,7.275,7.275,7.275,100,2021-09-09 18:06:00,ACIU
7.3,7.3,7.3,7.3,100,2021-09-09 18:07:00,ACIU
7.32,7.35,7.3,7.3,2400,2021-09-09 18:13:00,ACIU
7.29,7.3,7.29,7.3,600,2021-09-09 18:15:00,ACIU
7.28,7.28,7.28,7.28,600,2021-09-09 18:16:00,ACIU
7.28,7.28,7.28,7.28,453,2021-09-09 18:17:00,ACIU
7.2999,7.2999,7.2999,7.2999,2400,2021-09-09 18:18:00,ACIU
7.2701,7.2701,7.2701,7.2701,250,2021-09-09 18:19:00,ACIU
7.26,7.27,7.26,7.27,680,2021-09-09 18:24:00,ACIU
7.27,7.29,7.27,7.29,500,2021-09-09 18:25:00,ACIU
7.29,7.29,7.27,7.27,900,2021-09-09 18:31:00,ACIU
7.26,7.26,7.26,7.26,600,2021-09-09 18:38:00,ACIU
7.28,7.28,7.28,7.28,100,2021-09-09 18:40:00,ACIU
7.27,7.27,7.27,7.27,300,2021-09-09 18:41:00,ACIU
7.265,7.265,7.265,7.265,100,2021-09-09 18:42:00,ACIU
7.28,7.28,7.26,7.26,1300,2021-09-09 18:44:00,ACIU
7.27,7.27,7.27,7.27,1048,2021-09-09 18:45:00,ACIU
7.264,7.264,7.264,7.264,100,2021-09-09 18:46:00,ACIU
7.28,7.28,7.28,7.28,200,2021-09-09 18:47:00,ACIU
7.285,7.285,7.285,7.285,200,2021-09-09 18:49:00,ACIU
7.27,7.27,7.27,7.27,1250,2021-09-09 18:50:00,ACIU
7.28,7.28,7.28,7.28,100,2021-09-09 18:51:00,ACIU
7.27,7.27,7.27,7.27,100,2021-09-09 18:52:00,ACIU
7.28,7.28,7.28,7.28,200,2021-09-09 18:53:00,ACIU
7.27,7.27,7.27,7.27,600,2021-09-09 18:56:00,ACIU
7.275,7.275,7.275,7.275,100,2021-09-09 18:59:00,ACIU
7.28,7.285,7.28,7.28,1006,2021-09-09 19:03:00,ACIU
7.3,7.3,7.29,7.3,2967,2021-09-09 19:05:00,ACIU
7.2906,7.2906,7.2906,7.2906,307,2021-09-09 19:08:00,ACIU
7.3,7.3,7.3,7.3,287,2021-09-09 19:09:00,ACIU
7.3,7.3,7.3,7.3,400,2021-09-09 19:10:00,ACIU
7.29,7.29,7.29,7.29,300,2021-09-09 19:12:00,ACIU
7.28,7.28,7.28,7.28,1300,2021-09-09 19:13:00,ACIU
7.2867,7.2867,7.2867,7.2867,547,2021-09-09 19:14:00,ACIU
7.28,7.28,7.28,7.28,300,2021-09-09 19:15:00,ACIU
7.2828,7.2828,7.2828,7.2828,241,2021-09-09 19:22:00,ACIU
7.28,7.28,7.27,7.27,893,2021-09-09 19:24:00,ACIU
7.28,7.285,7.28,7.285,1100,2021-09-09 19:25:00,ACIU
7.275,7.275,7.27,7.27,1200,2021-09-09 19:27:00,ACIU
7.28,7.28,7.28,7.28,200,2021-09-09 19:28:00,ACIU
7.29,7.29,7.27,7.27,346,2021-09-09 19:30:00,ACIU
7.28,7.28,7.26,7.26,500,2021-09-09 19:31:00,ACIU
7.27,7.27,7.27,7.27,100,2021-09-09 19:32:00,ACIU
7.29,7.29,7.29,7.29,100,2021-09-09 19:33:00,ACIU
7.29,7.29,7.28,7.28,200,2021-09-09 19:35:00,ACIU
7.27,7.27,7.26,7.26,400,2021-09-09 19:36:00,ACIU
7.277,7.28,7.27,7.28,300,2021-09-09 19:37:00,ACIU
7.26,7.28,7.26,7.28,1700,2021-09-09 19:38:00,ACIU
7.27,7.28,7.27,7.28,300,2021-09-09 19:39:00,ACIU
7.28,7.28,7.27,7.28,500,2021-09-09 19:40:00,ACIU
7.27,7.28,7.27,7.28,900,2021-09-09 19:43:00,ACIU
7.27,7.28,7.27,7.28,300,2021-09-09 19:44:00,ACIU
7.27,7.28,7.26,7.28,1096,2021-09-09 19:45:00,ACIU
7.27,7.27,7.27,7.27,100,2021-09-09 19:46:00,ACIU
7.25,7.26,7.24,7.25,1621,2021-09-09 19:47:00,ACIU
7.27,7.27,7.25,7.26,855,2021-09-09 19:49:00,ACIU
7.27,7.29,7.265,7.27,5184,2021-09-09 19:50:00,ACIU
7.26,7.26,7.24,7.24,3140,2021-09-09 19:52:00,ACIU
7.238,7.25,7.238,7.25,1674,2021-09-09 19:53:00,ACIU
7.25,7.25,7.23,7.23,1745,2021-09-09 19:54:00,ACIU
7.23,7.24,7.23,7.24,800,2021-09-09 19:55:00,ACIU
7.23,7.2317,7.22,7.23,2314,2021-09-09 19:56:00,ACIU
7.22,7.22,7.21,7.22,4099,2021-09-09 19:57:00,ACIU
7.21,7.22,7.205,7.205,1316,2021-09-09 19:58:00,ACIU
7.205,7.23,7.2,7.2,2713,2021-09-09 19:59:00,ACIU
7.22,7.22,7.22,7.22,19114,2021-09-09 20:00:00,ACIU
7.28,7.28,7.28,7.28,750,2021-09-09 20:03:00,ACIU
7.23,7.23,7.23,7.23,151,2021-09-09 20:29:00,ACIU
7.23,7.23,7.23,7.23,200,2021-09-09 20:32:00,ACIU
7.23,7.23,7.23,7.23,100,2021-09-09 21:01:00,ACIU
7.22,7.22,7.22,7.22,12728,2021-09-09 21:38:00,ACIU
7.21,7.21,7.21,7.21,200,2021-09-10 08:30:00,ACIU
7.22,7.22,7.22,7.22,100,2021-09-10 09:36:00,ACIU
7.22,7.22,7.22,7.22,500,2021-09-10 09:39:00,ACIU
7.25,7.3,7.25,7.3,800,2021-09-10 09:41:00,ACIU
7.24,7.24,7.24,7.24,2249,2021-09-10 11:58:00,ACIU
7.25,7.25,7.25,7.25,100,2021-09-10 12:07:00,ACIU
7.29,7.34,7.29,7.34,1776,2021-09-10 12:54:00,ACIU
7.26,7.27,7.21,7.25,3033,2021-09-10 13:25:00,ACIU
7.25,7.26,7.25,7.25,26327,2021-09-10 13:30:00,ACIU
7.265,7.265,7.2391,7.2391,200,2021-09-10 13:31:00,ACIU
7.24,7.24,7.2,7.2,2553,2021-09-10 13:32:00,ACIU
7.22,7.26,7.22,7.25,1888,2021-09-10 13:33:00,ACIU
7.25,7.26,7.25,7.26,8273,2021-09-10 13:34:00,ACIU
7.245,7.25,7.21,7.25,465,2021-09-10 13:36:00,ACIU
7.245,7.245,7.21,7.245,2000,2021-09-10 13:38:00,ACIU
7.24,7.24,7.21,7.215,1751,2021-09-10 13:39:00,ACIU
7.19,7.215,7.19,7.21,1589,2021-09-10 13:40:00,ACIU
7.18,7.2,7.18,7.185,300,2021-09-10 13:41:00,ACIU
7.19,7.24,7.19,7.24,4500,2021-09-10 13:42:00,ACIU
7.1933,7.23,7.1933,7.23,2000,2021-09-10 13:45:00,ACIU
7.2237,7.2237,7.2237,7.2237,200,2021-09-10 13:46:00,ACIU
7.24,7.245,7.23,7.23,7466,2021-09-10 13:47:00,ACIU
7.21,7.21,7.17,7.18,2000,2021-09-10 13:48:00,ACIU
7.19,7.19,7.19,7.19,700,2021-09-10 13:49:00,ACIU
7.2039,7.2039,7.2039,7.2039,200,2021-09-10 13:50:00,ACIU
7.1746,7.1746,7.1746,7.1746,100,2021-09-10 13:51:00,ACIU
7.1701,7.1701,7.16,7.16,1509,2021-09-10 13:53:00,ACIU
7.14,7.18,7.13,7.13,5725,2021-09-10 13:54:00,ACIU
7.14,7.14,7.14,7.14,100,2021-09-10 13:55:00,ACIU
7.1486,7.1486,7.1486,7.1486,1000,2021-09-10 13:56:00,ACIU
7.16,7.16,7.15,7.15,3100,2021-09-10 13:57:00,ACIU
7.18,7.18,7.18,7.18,100,2021-09-10 13:59:00,ACIU
7.165,7.165,7.165,7.165,404,2021-09-10 14:00:00,ACIU
7.14,7.15,7.14,7.14,1122,2021-09-10 14:01:00,ACIU
7.13,7.13,7.12,7.12,900,2021-09-10 14:02:00,ACIU
7.14,7.14,7.1256,7.1256,400,2021-09-10 14:03:00,ACIU
7.12,7.16,7.12,7.16,2914,2021-09-10 14:04:00,ACIU
7.1399,7.1399,7.1399,7.1399,100,2021-09-10 14:05:00,ACIU
7.1336,7.1336,7.1336,7.1336,1000,2021-09-10 14:06:00,ACIU
7.16,7.16,7.15,7.15,310,2021-09-10 14:09:00,ACIU
7.165,7.165,7.14,7.14,3175,2021-09-10 14:10:00,ACIU
7.15,7.15,7.15,7.15,869,2021-09-10 14:11:00,ACIU
7.1354,7.1354,7.1354,7.1354,252,2021-09-10 14:12:00,ACIU
7.16,7.18,7.155,7.18,3280,2021-09-10 14:13:00,ACIU
7.18,7.18,7.18,7.18,100,2021-09-10 14:14:00,ACIU
7.1565,7.1565,7.1565,7.1565,300,2021-09-10 14:15:00,ACIU
7.15,7.15,7.13,7.14,2810,2021-09-10 14:17:00,ACIU
7.12,7.1344,7.12,7.1344,2243,2021-09-10 14:18:00,ACIU
7.125,7.125,7.125,7.125,200,2021-09-10 14:19:00,ACIU
7.14,7.18,7.14,7.15,4050,2021-09-10 14:20:00,ACIU
7.15,7.15,7.15,7.15,400,2021-09-10 14:23:00,ACIU
7.17,7.17,7.16,7.17,1254,2021-09-10 14:28:00,ACIU
7.1677,7.17,7.16,7.16,1099,2021-09-10 14:29:00,ACIU
7.15,7.15,7.15,7.15,2050,2021-09-10 14:30:00,ACIU
7.14,7.15,7.14,7.15,1058,2021-09-10 14:31:00,ACIU
7.1265,7.13,7.1265,7.13,213,2021-09-10 14:32:00,ACIU
7.13,7.13,7.13,7.13,100,2021-09-10 14:33:00,ACIU
7.14,7.14,7.14,7.14,200,2021-09-10 14:35:00,ACIU
7.12,7.122,7.12,7.12,705,2021-09-10 14:37:00,ACIU
7.15,7.16,7.15,7.15,1385,2021-09-10 14:39:00,ACIU
7.15,7.15,7.15,7.15,1000,2021-09-10 14:42:00,ACIU
7.15,7.15,7.14,7.14,1200,2021-09-10 14:43:00,ACIU
7.15,7.15,7.14,7.14,3644,2021-09-10 14:44:00,ACIU
7.14,7.14,7.13,7.13,971,2021-09-10 14:45:00,ACIU
7.12,7.12,7.12,7.12,600,2021-09-10 14:46:00,ACIU
7.11,7.11,7.07,7.07,4114,2021-09-10 14:47:00,ACIU
7.06,7.11,7.05,7.08,2725,2021-09-10 14:48:00,ACIU
7.1,7.105,7.0937,7.105,1827,2021-09-10 14:49:00,ACIU
7.11,7.11,7.11,7.11,100,2021-09-10 14:51:00,ACIU
7.12,7.12,7.12,7.12,100,2021-09-10 14:52:00,ACIU
7.14,7.14,7.14,7.14,100,2021-09-10 14:54:00,ACIU
7.12,7.13,7.11,7.11,1221,2021-09-10 14:55:00,ACIU
7.1109,7.1109,7.11,7.11,1100,2021-09-10 14:56:00,ACIU
7.14,7.17,7.14,7.14,4278,2021-09-10 14:59:00,ACIU
7.15,7.15,7.15,7.15,100,2021-09-10 15:00:00,ACIU
7.1329,7.14,7.13,7.13,500,2021-09-10 15:05:00,ACIU
7.13,7.14,7.13,7.14,400,2021-09-10 15:06:00,ACIU
7.13,7.13,7.08,7.13,9249,2021-09-10 15:07:00,ACIU
7.12,7.12,7.115,7.12,500,2021-09-10 15:08:00,ACIU
7.13,7.13,7.13,7.13,250,2021-09-10 15:09:00,ACIU
7.1201,7.1201,7.1201,7.1201,1000,2021-09-10 15:10:00,ACIU
7.15,7.17,7.15,7.15,1491,2021-09-10 15:17:00,ACIU
7.15,7.15,7.15,7.15,100,2021-09-10 15:21:00,ACIU
7.1471,7.1471,7.1471,7.1471,100,2021-09-10 15:23:00,ACIU
7.14,7.14,7.13,7.13,2200,2021-09-10 15:24:00,ACIU
7.1371,7.16,7.1371,7.16,200,2021-09-10 15:25:00,ACIU
7.16,7.16,7.16,7.16,100,2021-09-10 15:28:00,ACIU
7.15,7.15,7.15,7.15,100,2021-09-10 15:30:00,ACIU
7.15,7.16,7.15,7.16,1100,2021-09-10 15:35:00,ACIU
7.1501,7.17,7.1501,7.16,1817,2021-09-10 15:36:00,ACIU
7.18,7.18,7.18,7.18,1300,2021-09-10 15:37:00,ACIU
7.1689,7.19,7.1689,7.19,200,2021-09-10 15:40:00,ACIU
7.19,7.19,7.19,7.19,200,2021-09-10 15:41:00,ACIU
7.19,7.19,7.18,7.18,1200,2021-09-10 15:44:00,ACIU
7.17,7.19,7.17,7.185,720,2021-09-10 15:45:00,ACIU
7.1855,7.19,7.1855,7.19,1220,2021-09-10 15:49:00,ACIU
7.19,7.195,7.19,7.19,500,2021-09-10 15:50:00,ACIU
7.19,7.205,7.19,7.205,660,2021-09-10 15:51:00,ACIU
7.1974,7.1974,7.1974,7.1974,100,2021-09-10 15:54:00,ACIU
7.2,7.2,7.2,7.2,500,2021-09-10 15:55:00,ACIU
7.1927,7.2,7.1927,7.2,680,2021-09-10 15:56:00,ACIU
7.21,7.22,7.21,7.215,1900,2021-09-10 15:57:00,ACIU
7.21,7.21,7.19,7.19,3841,2021-09-10 16:11:00,ACIU
7.185,7.185,7.185,7.185,100,2021-09-10 16:14:00,ACIU
7.19,7.19,7.19,7.19,1532,2021-09-10 16:16:00,ACIU
7.19,7.19,7.19,7.19,100,2021-09-10 16:17:00,ACIU
7.19,7.19,7.18,7.18,300,2021-09-10 16:18:00,ACIU
7.1801,7.1801,7.17,7.175,1200,2021-09-10 16:19:00,ACIU
7.18,7.18,7.18,7.18,660,2021-09-10 16:23:00,ACIU
7.21,7.21,7.21,7.21,200,2021-09-10 16:27:00,ACIU
7.21,7.22,7.21,7.22,200,2021-09-10 16:28:00,ACIU
7.19,7.205,7.19,7.19,1074,2021-09-10 16:29:00,ACIU
7.2,7.2,7.2,7.2,100,2021-09-10 16:30:00,ACIU
7.19,7.19,7.19,7.19,290,2021-09-10 16:37:00,ACIU
7.19,7.19,7.19,7.19,110,2021-09-10 16:38:00,ACIU
7.2,7.2072,7.2,7.2072,500,2021-09-10 16:39:00,ACIU
7.19,7.19,7.19,7.19,800,2021-09-10 16:40:00,ACIU
7.19,7.19,7.19,7.19,685,2021-09-10 16:44:00,ACIU
7.21,7.21,7.19,7.21,3100,2021-09-10 16:49:00,ACIU
7.2,7.2,7.19,7.19,300,2021-09-10 16:50:00,ACIU
7.19,7.19,7.19,7.19,300,2021-09-10 16:52:00,ACIU
7.18,7.18,7.18,7.18,700,2021-09-10 16:54:00,ACIU
7.18,7.18,7.18,7.18,400,2021-09-10 16:56:00,ACIU
7.175,7.18,7.175,7.18,800,2021-09-10 16:58:00,ACIU
7.19,7.19,7.19,7.19,100,2021-09-10 17:04:00,ACIU
7.18,7.18,7.17,7.17,385,2021-09-10 17:05:00,ACIU
7.17,7.175,7.16,7.16,945,2021-09-10 17:09:00,ACIU
7.16,7.16,7.16,7.16,300,2021-09-10 17:15:00,ACIU
7.15,7.15,7.15,7.15,200,2021-09-10 17:21:00,ACIU
7.155,7.1551,7.155,7.1551,550,2021-09-10 17:26:00,ACIU
7.15,7.15,7.14,7.14,493,2021-09-10 17:31:00,ACIU
7.1401,7.1401,7.1401,7.1401,100,2021-09-10 17:33:00,ACIU
7.15,7.155,7.15,7.155,400,2021-09-10 17:36:00,ACIU
7.15,7.15,7.15,7.15,200,2021-09-10 17:37:00,ACIU
7.16,7.16,7.16,7.16,200,2021-09-10 17:40:00,ACIU
7.18,7.18,7.18,7.18,279,2021-09-10 17:43:00,ACIU
7.15,7.15,7.14,7.14,600,2021-09-10 17:44:00,ACIU
7.14,7.14,7.14,7.14,600,2021-09-10 17:47:00,ACIU
7.1478,7.15,7.1478,7.15,603,2021-09-10 17:48:00,ACIU
7.16,7.16,7.16,7.16,100,2021-09-10 17:52:00,ACIU
7.18,7.18,7.18,7.18,300,2021-09-10 17:55:00,ACIU
7.18,7.18,7.18,7.18,100,2021-09-10 17:58:00,ACIU
7.21,7.21,7.21,7.21,300,2021-09-10 18:03:00,ACIU
7.22,7.22,7.21,7.215,1380,2021-09-10 18:04:00,ACIU
7.215,7.215,7.215,7.215,100,2021-09-10 18:05:00,ACIU
7.21,7.21,7.2,7.2,1191,2021-09-10 18:07:00,ACIU
7.2077,7.2077,7.2077,7.2077,300,2021-09-10 18:11:00,ACIU
7.19,7.2,7.19,7.19,873,2021-09-10 18:17:00,ACIU
7.195,7.195,7.19,7.19,700,2021-09-10 18:18:00,ACIU
7.19,7.1917,7.19,7.19,900,2021-09-10 18:22:00,ACIU
7.1937,7.1937,7.1937,7.1937,610,2021-09-10 18:23:00,ACIU
7.2,7.2,7.2,7.2,988,2021-09-10 18:25:00,ACIU
7.21,7.21,7.21,7.21,100,2021-09-10 18:27:00,ACIU
7.2,7.2,7.2,7.2,300,2021-09-10 18:29:00,ACIU
7.2,7.2,7.2,7.2,200,2021-09-10 18:31:00,ACIU
7.19,7.19,7.19,7.19,100,2021-09-10 18:32:00,ACIU
7.1916,7.1916,7.1916,7.1916,116,2021-09-10 18:33:00,ACIU
7.19,7.19,7.18,7.18,1104,2021-09-10 18:34:00,ACIU
7.17,7.18,7.17,7.1795,450,2021-09-10 18:35:00,ACIU
7.18,7.18,7.18,7.18,500,2021-09-10 18:36:00,ACIU
7.2,7.2,7.19,7.19,277,2021-09-10 18:40:00,ACIU
7.2,7.2,7.2,7.2,400,2021-09-10 18:47:00,ACIU
7.21,7.21,7.205,7.205,900,2021-09-10 18:53:00,ACIU
7.22,7.22,7.21,7.21,1697,2021-09-10 18:58:00,ACIU
7.2,7.2,7.2,7.2,100,2021-09-10 19:00:00,ACIU
7.22,7.23,7.21,7.23,8165,2021-09-10 19:06:00,ACIU
7.22,7.22,7.22,7.22,1204,2021-09-10 19:07:00,ACIU
7.22,7.22,7.2137,7.2137,993,2021-09-10 19:08:00,ACIU
7.21,7.21,7.2005,7.2005,823,2021-09-10 19:09:00,ACIU
7.21,7.21,7.21,7.21,803,2021-09-10 19:11:00,ACIU
7.2069,7.2069,7.2069,7.2069,1860,2021-09-10 19:13:00,ACIU
7.2,7.2,7.19,7.192,1702,2021-09-10 19:14:00,ACIU
7.1883,7.19,7.1883,7.19,684,2021-09-10 19:17:00,ACIU
7.185,7.185,7.18,7.18,300,2021-09-10 19:18:00,ACIU
7.18,7.19,7.17,7.18,1033,2021-09-10 19:19:00,ACIU
7.18,7.18,7.18,7.18,300,2021-09-10 19:21:00,ACIU
7.17,7.17,7.16,7.16,750,2021-09-10 19:23:00,ACIU
7.16,7.17,7.16,7.17,500,2021-09-10 19:24:00,ACIU
7.17,7.17,7.15,7.15,1930,2021-09-10 19:28:00,ACIU
7.15,7.15,7.14,7.14,1200,2021-09-10 19:29:00,ACIU
7.1301,7.145,7.1301,7.145,1400,2021-09-10 19:30:00,ACIU
7.1565,7.1565,7.1565,7.1565,154,2021-09-10 19:31:00,ACIU
7.15,7.15,7.15,7.15,300,2021-09-10 19:33:00,ACIU
7.14,7.145,7.14,7.14,990,2021-09-10 19:34:00,ACIU
7.145,7.15,7.135,7.14,1234,2021-09-10 19:36:00,ACIU
7.135,7.14,7.135,7.14,300,2021-09-10 19:37:00,ACIU
7.14,7.14,7.14,7.14,287,2021-09-10 19:40:00,ACIU
7.14,7.15,7.1395,7.14,2094,2021-09-10 19:41:00,ACIU
7.1385,7.14,7.1385,7.14,400,2021-09-10 19:42:00,ACIU
7.14,7.14,7.14,7.14,1010,2021-09-10 19:43:00,ACIU
7.14,7.14,7.14,7.14,200,2021-09-10 19:44:00,ACIU
7.14,7.14,7.14,7.14,800,2021-09-10 19:45:00,ACIU
7.15,7.15,7.13,7.14,7811,2021-09-10 19:46:00,ACIU
7.135,7.14,7.135,7.14,400,2021-09-10 19:47:00,ACIU
7.14,7.15,7.135,7.14,10495,2021-09-10 19:48:00,ACIU
7.15,7.15,7.145,7.145,400,2021-09-10 19:49:00,ACIU
7.14,7.14,7.11,7.11,28569,2021-09-10 19:50:00,ACIU
7.13,7.13,7.12,7.12,599,2021-09-10 19:52:00,ACIU
7.12,7.13,7.12,7.13,430,2021-09-10 19:53:00,ACIU
7.12,7.12,7.111,7.111,2300,2021-09-10 19:54:00,ACIU
7.12,7.14,7.12,7.13,3877,2021-09-10 19:55:00,ACIU
7.14,7.14,7.135,7.135,800,2021-09-10 19:56:00,ACIU
7.13,7.15,7.125,7.15,2741,2021-09-10 19:57:00,ACIU
7.14,7.15,7.14,7.15,3512,2021-09-10 19:58:00,ACIU
7.145,7.15,7.13,7.13,1783,2021-09-10 19:59:00,ACIU
7.13,7.13,7.13,7.13,6055,2021-09-10 20:00:00,ACIU
7.13,7.13,7.13,7.13,481,2021-09-10 21:00:00,ACIU
7.13,7.13,7.13,7.13,500,2021-09-10 21:31:00,ACIU
7.16,7.16,7.16,7.16,144,2021-09-10 23:59:00,ACIU
7.11,7.11,7.1,7.1,900,2021-09-13 11:38:00,ACIU
7.09,7.09,7.09,7.09,106,2021-09-13 11:54:00,ACIU
7.08,7.08,7.08,7.08,100,2021-09-13 11:57:00,ACIU
7.08,7.08,7.08,7.08,100,2021-09-13 12:00:00,ACIU
7.08,7.08,7.08,7.08,249,2021-09-13 12:16:00,ACIU
7.08,7.08,7.08,7.08,255,2021-09-13 12:17:00,ACIU
7.11,7.11,7.11,7.11,100,2021-09-13 13:21:00,ACIU
7.14,7.18,7.1,7.14,53636,2021-09-13 13:30:00,ACIU
7.1,7.1,7.0869,7.0869,1100,2021-09-13 13:31:00,ACIU
7.0807,7.0807,7.06,7.06,2480,2021-09-13 13:32:00,ACIU
7.09,7.09,7.05,7.05,6974,2021-09-13 13:33:00,ACIU
7.02,7.02,6.99,7.02,20031,2021-09-13 13:34:00,ACIU
7.0282,7.0282,7.02,7.02,310,2021-09-13 13:35:00,ACIU
7.0,7.0,6.985,7.0,3660,2021-09-13 13:37:00,ACIU
6.99,7.0,6.97,7.0,4738,2021-09-13 13:38:00,ACIU
7.0,7.0,6.93,6.93,5094,2021-09-13 13:39:00,ACIU
6.9434,6.95,6.94,6.94,5400,2021-09-13 13:40:00,ACIU
6.96,6.9899,6.95,6.96,8131,2021-09-13 13:41:00,ACIU
6.94,6.96,6.94,6.96,1355,2021-09-13 13:42:00,ACIU
6.94,6.94,6.9188,6.9188,1804,2021-09-13 13:43:00,ACIU
6.91,6.91,6.87,6.8833,10795,2021-09-13 13:44:00,ACIU
6.875,6.875,6.83,6.85,2550,2021-09-13 13:45:00,ACIU
6.84,6.86,6.84,6.85,3448,2021-09-13 13:46:00,ACIU
6.87,6.92,6.87,6.87,6136,2021-09-13 13:47:00,ACIU
6.9,6.9,6.9,6.9,100,2021-09-13 13:48:00,ACIU
6.8738,6.8738,6.8738,6.8738,528,2021-09-13 13:49:00,ACIU
6.9,6.92,6.9,6.9,1786,2021-09-13 13:50:00,ACIU
6.88,6.88,6.865,6.865,4151,2021-09-13 13:51:00,ACIU
6.88,6.88,6.88,6.88,900,2021-09-13 13:52:00,ACIU
6.8654,6.8654,6.8654,6.8654,300,2021-09-13 13:54:00,ACIU
6.8897,6.8897,6.82,6.83,3914,2021-09-13 13:55:00,ACIU
6.835,6.85,6.8204,6.85,1090,2021-09-13 13:56:00,ACIU
6.8499,6.8499,6.82,6.8206,1720,2021-09-13 13:57:00,ACIU
6.8173,6.84,6.8173,6.84,2813,2021-09-13 13:58:00,ACIU
6.8583,6.87,6.8583,6.87,2564,2021-09-13 14:00:00,ACIU
6.85,6.85,6.83,6.8367,542,2021-09-13 14:01:00,ACIU
6.83,6.845,6.83,6.845,2044,2021-09-13 14:02:00,ACIU
6.8564,6.86,6.84,6.84,846,2021-09-13 14:03:00,ACIU
6.845,6.86,6.845,6.86,1092,2021-09-13 14:04:00,ACIU
6.87,6.87,6.8,6.8399,10265,2021-09-13 14:05:00,ACIU
6.8124,6.8124,6.8124,6.8124,200,2021-09-13 14:07:00,ACIU
6.81,6.84,6.77,6.84,20744,2021-09-13 14:08:00,ACIU
6.83,6.83,6.83,6.83,100,2021-09-13 14:09:00,ACIU
6.84,6.84,6.84,6.84,4000,2021-09-13 14:10:00,ACIU
6.8145,6.84,6.75,6.77,16954,2021-09-13 14:11:00,ACIU
6.76,6.81,6.74,6.77,9002,2021-09-13 14:12:00,ACIU
6.819,6.819,6.819,6.819,250,2021-09-13 14:14:00,ACIU
6.8229,6.9,6.8229,6.8885,9118,2021-09-13 14:15:00,ACIU
6.88,6.9,6.88,6.88,1660,2021-09-13 14:16:00,ACIU
6.89,6.89,6.867,6.867,950,2021-09-13 14:17:00,ACIU
6.87,6.88,6.87,6.88,1670,2021-09-13 14:18:00,ACIU
6.88,6.88,6.88,6.88,300,2021-09-13 14:19:00,ACIU
6.89,6.91,6.89,6.9,5700,2021-09-13 14:20:00,ACIU
6.8999,6.9,6.89,6.89,500,2021-09-13 14:24:00,ACIU
6.9054,6.9054,6.9054,6.9054,300,2021-09-13 14:25:00,ACIU
6.9054,6.92,6.9054,6.92,1424,2021-09-13 14:26:00,ACIU
6.9099,6.9099,6.9099,6.9099,100,2021-09-13 14:27:00,ACIU
6.89,6.93,6.88,6.93,2415,2021-09-13 14:28:00,ACIU
6.92,6.9398,6.92,6.9398,700,2021-09-13 14:29:00,ACIU
6.94,6.96,6.93,6.94,2670,2021-09-13 14:30:00,ACIU
6.96,6.97,6.931,6.96,3340,2021-09-13 14:31:00,ACIU
6.95,6.95,6.9201,6.9268,2485,2021-09-13 14:32:00,ACIU
6.9287,6.9287,6.9287,6.9287,2000,2021-09-13 14:33:00,ACIU
6.92,6.92,6.92,6.92,300,2021-09-13 14:34:00,ACIU
6.9243,6.9243,6.9,6.9,1412,2021-09-13 14:35:00,ACIU
6.916,6.916,6.916,6.916,900,2021-09-13 14:36:00,ACIU
6.92,6.93,6.92,6.93,800,2021-09-13 14:37:00,ACIU
6.93,6.93,6.93,6.93,100,2021-09-13 14:39:00,ACIU
6.9243,6.9243,6.9,6.9,225,2021-09-13 14:41:00,ACIU
6.93,6.93,6.93,6.93,300,2021-09-13 14:42:00,ACIU
6.9,6.9,6.9,6.9,400,2021-09-13 14:43:00,ACIU
6.91,6.91,6.9,6.9,500,2021-09-13 14:44:00,ACIU
6.91,6.91,6.91,6.91,1000,2021-09-13 14:48:00,ACIU
6.9144,6.9144,6.9144,6.9144,200,2021-09-13 14:49:00,ACIU
6.9245,6.9259,6.9245,6.9259,700,2021-09-13 14:50:00,ACIU
6.9,6.9052,6.86,6.86,4000,2021-09-13 14:51:00,ACIU
6.86,6.87,6.85,6.86,1838,2021-09-13 14:52:00,ACIU
6.87,6.89,6.87,6.89,1272,2021-09-13 14:53:00,ACIU
6.88,6.88,6.88,6.88,500,2021-09-13 14:55:00,ACIU
6.89,6.89,6.89,6.89,100,2021-09-13 14:56:00,ACIU
6.92,6.92,6.92,6.92,2250,2021-09-13 14:57:00,ACIU
6.91,6.9416,6.91,6.9416,1761,2021-09-13 14:58:00,ACIU
6.95,6.95,6.95,6.95,5100,2021-09-13 14:59:00,ACIU
6.95,6.97,6.93,6.97,300,2021-09-13 15:00:00,ACIU
6.97,6.97,6.96,6.96,611,2021-09-13 15:01:00,ACIU
6.95,6.95,6.95,6.95,100,2021-09-13 15:02:00,ACIU
6.97,6.97,6.97,6.97,600,2021-09-13 15:04:00,ACIU
6.985,6.985,6.97,6.976,500,2021-09-13 15:07:00,ACIU
6.97,6.9701,6.95,6.97,2080,2021-09-13 15:08:00,ACIU
6.95,6.951,6.94,6.951,1352,2021-09-13 15:09:00,ACIU
6.94,6.96,6.93,6.96,2550,2021-09-13 15:11:00,ACIU
6.96,6.96,6.96,6.96,100,2021-09-13 15:13:00,ACIU
6.94,6.94,6.94,6.94,100,2021-09-13 15:18:00,ACIU
6.94,6.95,6.94,6.95,349,2021-09-13 15:19:00,ACIU
6.95,6.95,6.95,6.95,200,2021-09-13 15:21:00,ACIU
6.9438,6.9438,6.9438,6.9438,165,2021-09-13 15:22:00,ACIU
6.95,6.98,6.95,6.98,1627,2021-09-13 15:23:00,ACIU
6.98,6.99,6.98,6.99,200,2021-09-13 15:24:00,ACIU
6.9684,6.9684,6.9684,6.9684,100,2021-09-13 15:26:00,ACIU
6.99,6.99,6.99,6.99,300,2021-09-13 15:29:00,ACIU
7.0,7.03,7.0,7.03,2510,2021-09-13 15:31:00,ACIU
7.02,7.03,7.02,7.03,390,2021-09-13 15:32:00,ACIU
7.02,7.02,7.02,7.02,200,2021-09-13 15:33:00,ACIU
7.03,7.03,7.03,7.03,100,2021-09-13 15:35:00,ACIU
7.01,7.01,7.01,7.01,100,2021-09-13 15:37:00,ACIU
7.01,7.01,7.01,7.01,100,2021-09-13 15:39:00,ACIU
7.04,7.04,7.04,7.04,125,2021-09-13 15:42:00,ACIU
7.03,7.04,7.03,7.04,380,2021-09-13 15:45:00,ACIU
7.02,7.02,7.02,7.02,100,2021-09-13 15:47:00,ACIU
7.03,7.0394,7.03,7.03,300,2021-09-13 15:48:00,ACIU
7.04,7.04,7.04,7.04,350,2021-09-13 15:51:00,ACIU
7.03,7.13,7.03,7.12,36967,2021-09-13 15:53:00,ACIU
7.08,7.11,7.07,7.07,2900,2021-09-13 15:54:00,ACIU
7.09,7.14,7.08,7.13,4931,2021-09-13 15:55:00,ACIU
7.12,7.12,7.11,7.12,1800,2021-09-13 15:56:00,ACIU
7.12,7.12,7.1,7.12,1100,2021-09-13 15:57:00,ACIU
7.1,7.1,7.1,7.1,2200,2021-09-13 15:58:00,ACIU
7.095,7.095,7.08,7.09,300,2021-09-13 15:59:00,ACIU
7.09,7.1,7.06,7.06,1440,2021-09-13 16:00:00,ACIU
7.06,7.07,7.06,7.07,200,2021-09-13 16:01:00,ACIU
7.06,7.07,7.06,7.07,200,2021-09-13 16:02:00,ACIU
7.05,7.05,7.05,7.05,2000,2021-09-13 16:03:00,ACIU
7.05,7.06,7.04,7.04,500,2021-09-13 16:04:00,ACIU
7.04,7.09,7.04,7.08,2078,2021-09-13 16:05:00,ACIU
7.07,7.085,7.07,7.07,2300,2021-09-13 16:06:00,ACIU
7.07,7.12,7.07,7.0907,3800,2021-09-13 16:07:00,ACIU
7.09,7.11,7.09,7.1,1800,2021-09-13 16:08:00,ACIU
7.1,7.11,7.08,7.08,1300,2021-09-13 16:09:00,ACIU
7.08,7.08,7.08,7.08,400,2021-09-13 16:10:00,ACIU
7.09,7.1,7.08,7.08,1464,2021-09-13 16:11:00,ACIU
7.08,7.08,7.08,7.08,300,2021-09-13 16:12:00,ACIU
7.09,7.2,7.09,7.17,29170,2021-09-13 16:13:00,ACIU
7.15,7.17,7.15,7.1676,1780,2021-09-13 16:14:00,ACIU
7.16,7.16,7.13,7.13,1400,2021-09-13 16:16:00,ACIU
7.115,7.14,7.115,7.14,1300,2021-09-13 16:17:00,ACIU
7.14,7.15,7.14,7.14,440,2021-09-13 16:18:00,ACIU
7.14,7.16,7.14,7.16,1000,2021-09-13 16:19:00,ACIU
7.1584,7.17,7.15,7.17,939,2021-09-13 16:20:00,ACIU
7.17,7.17,7.17,7.17,900,2021-09-13 16:21:00,ACIU
7.1799,7.1799,7.17,7.17,800,2021-09-13 16:22:00,ACIU
7.18,7.19,7.17,7.18,920,2021-09-13 16:23:00,ACIU
7.18,7.19,7.16,7.16,800,2021-09-13 16:24:00,ACIU
7.165,7.18,7.165,7.18,700,2021-09-13 16:25:00,ACIU
7.18,7.19,7.18,7.18,1300,2021-09-13 16:26:00,ACIU
7.17,7.18,7.163,7.163,521,2021-09-13 16:27:00,ACIU
7.17,7.17,7.17,7.17,100,2021-09-13 16:28:00,ACIU
7.17,7.18,7.17,7.18,1550,2021-09-13 16:29:00,ACIU
7.18,7.19,7.18,7.19,2600,2021-09-13 16:30:00,ACIU
7.17,7.18,7.17,7.18,300,2021-09-13 16:31:00,ACIU
7.1601,7.18,7.1601,7.18,300,2021-09-13 16:32:00,ACIU
7.18,7.19,7.18,7.19,700,2021-09-13 16:33:00,ACIU
7.18,7.19,7.16,7.16,800,2021-09-13 16:34:00,ACIU
7.17,7.19,7.17,7.19,300,2021-09-13 16:35:00,ACIU
7.17,7.2,7.17,7.2,1100,2021-09-13 16:36:00,ACIU
7.18,7.21,7.18,7.21,796,2021-09-13 16:37:00,ACIU
7.2,7.22,7.19,7.22,979,2021-09-13 16:38:00,ACIU
7.19,7.2,7.15,7.15,4059,2021-09-13 16:39:00,ACIU
7.16,7.16,7.15,7.15,9674,2021-09-13 16:40:00,ACIU
7.14,7.14,7.14,7.14,500,2021-09-13 16:42:00,ACIU
7.14,7.14,7.14,7.14,200,2021-09-13 16:44:00,ACIU
7.14,7.14,7.1302,7.1302,900,2021-09-13 16:45:00,ACIU
7.14,7.14,7.14,7.14,749,2021-09-13 16:49:00,ACIU
7.15,7.15,7.15,7.15,100,2021-09-13 16:51:00,ACIU
7.15,7.16,7.15,7.16,2400,2021-09-13 16:53:00,ACIU
7.17,7.18,7.17,7.18,400,2021-09-13 16:54:00,ACIU
7.18,7.18,7.175,7.175,1900,2021-09-13 16:55:00,ACIU
7.19,7.2,7.19,7.2,300,2021-09-13 16:56:00,ACIU
7.2,7.2,7.185,7.185,1608,2021-09-13 16:58:00,ACIU
7.2,7.2,7.2,7.2,100,2021-09-13 16:59:00,ACIU
7.17,7.2,7.17,7.2,1232,2021-09-13 17:00:00,ACIU
7.19,7.19,7.19,7.19,100,2021-09-13 17:01:00,ACIU
7.19,7.2,7.19,7.2,300,2021-09-13 17:03:00,ACIU
7.17,7.19,7.16,7.17,7472,2021-09-13 17:04:00,ACIU
7.16,7.16,7.1,7.1,4064,2021-09-13 17:05:00,ACIU
7.1,7.1,7.1,7.1,344,2021-09-13 17:06:00,ACIU
7.11,7.1101,7.1,7.11,4479,2021-09-13 17:07:00,ACIU
7.1,7.11,7.1,7.11,430,2021-09-13 17:08:00,ACIU
7.13,7.13,7.13,7.13,101,2021-09-13 17:16:00,ACIU
7.1188,7.1188,7.1188,7.1188,1000,2021-09-13 17:17:00,ACIU
7.11,7.11,7.11,7.11,100,2021-09-13 17:22:00,ACIU
7.1,7.11,7.1,7.11,300,2021-09-13 17:26:00,ACIU
7.09,7.09,7.09,7.09,500,2021-09-13 17:27:00,ACIU
7.1,7.1,7.0999,7.1,2461,2021-09-13 17:33:00,ACIU
7.09,7.09,7.09,7.09,600,2021-09-13 17:39:00,ACIU
7.08,7.08,7.07,7.07,1215,2021-09-13 17:43:00,ACIU
7.06,7.06,7.06,7.06,100,2021-09-13 17:46:00,ACIU
7.05,7.05,7.05,7.05,100,2021-09-13 17:48:00,ACIU
7.06,7.06,7.04,7.04,900,2021-09-13 17:50:00,ACIU
7.0202,7.0202,7.0202,7.0202,2000,2021-09-13 17:51:00,ACIU
7.02,7.03,7.0101,7.0202,2500,2021-09-13 17:53:00,ACIU
7.0103,7.04,7.0,7.0,4960,2021-09-13 17:54:00,ACIU
7.0003,7.03,7.0,7.009,5063,2021-09-13 17:55:00,ACIU
7.03,7.03,7.03,7.03,400,2021-09-13 17:56:00,ACIU
7.03,7.04,7.03,7.04,647,2021-09-13 17:59:00,ACIU
7.05,7.05,7.05,7.05,547,2021-09-13 18:02:00,ACIU
7.0457,7.0457,7.0457,7.0457,520,2021-09-13 18:04:00,ACIU
7.04,7.04,7.04,7.04,400,2021-09-13 18:07:00,ACIU
7.03,7.03,7.03,7.03,600,2021-09-13 18:08:00,ACIU
7.02,7.02,7.02,7.02,100,2021-09-13 18:09:00,ACIU
7.025,7.025,7.02,7.02,200,2021-09-13 18:10:00,ACIU
7.0,7.0,7.0,7.0,700,2021-09-13 18:11:00,ACIU
7.0,7.03,6.99,7.01,8614,2021-09-13 18:14:00,ACIU
7.0199,7.0199,6.99,6.99,1296,2021-09-13 18:18:00,ACIU
7.008,7.008,7.008,7.008,335,2021-09-13 18:21:00,ACIU
7.0,7.0,7.0,7.0,100,2021-09-13 18:22:00,ACIU
7.0,7.0,7.0,7.0,533,2021-09-13 18:23:00,ACIU
6.99,6.99,6.99,6.99,100,2021-09-13 18:26:00,ACIU
7.01,7.01,7.01,7.01,538,2021-09-13 18:27:00,ACIU
7.0073,7.01,7.0073,7.009,1100,2021-09-13 18:30:00,ACIU
7.005,7.005,7.005,7.005,100,2021-09-13 18:32:00,ACIU
7.01,7.03,7.0,7.03,1198,2021-09-13 18:34:00,ACIU
7.02,7.02,7.02,7.02,260,2021-09-13 18:39:00,ACIU
7.01,7.02,7.01,7.02,200,2021-09-13 18:40:00,ACIU
7.01,7.01,7.0,7.0,1600,2021-09-13 18:43:00,ACIU
6.99,6.99,6.99,6.99,200,2021-09-13 18:45:00,ACIU
6.985,7.0,6.9801,7.0,1612,2021-09-13 18:46:00,ACIU
6.9999,6.9999,6.995,6.995,650,2021-09-13 18:47:00,ACIU
6.9915,6.9915,6.9915,6.9915,100,2021-09-13 18:48:00,ACIU
6.98,6.98,6.98,6.98,100,2021-09-13 18:50:00,ACIU
6.99,7.005,6.99,7.005,495,2021-09-13 18:56:00,ACIU
7.02,7.02,7.0,7.0,601,2021-09-13 18:57:00,ACIU
6.99,6.99,6.99,6.99,100,2021-09-13 18:59:00,ACIU
6.98,6.98,6.97,6.97,900,2021-09-13 19:01:00,ACIU
6.96,6.96,6.96,6.96,600,2021-09-13 19:03:00,ACIU
6.95,6.95,6.95,6.95,100,2021-09-13 19:06:00,ACIU
6.96,6.96,6.95,6.95,600,2021-09-13 19:07:00,ACIU
6.96,6.98,6.96,6.98,400,2021-09-13 19:08:00,ACIU
6.98,6.98,6.97,6.97,1468,2021-09-13 19:09:00,ACIU
6.98,7.0,6.98,7.0,600,2021-09-13 19:10:00,ACIU
6.985,6.9934,6.97,6.97,400,2021-09-13 19:12:00,ACIU
6.9946,6.9946,6.9946,6.9946,100,2021-09-13 19:14:00,ACIU
6.9807,6.9807,6.9807,6.9807,1229,2021-09-13 19:16:00,ACIU
6.98,6.98,6.97,6.97,600,2021-09-13 19:18:00,ACIU
6.98,6.98,6.98,6.98,400,2021-09-13 19:20:00,ACIU
6.9701,6.9701,6.9701,6.9701,1500,2021-09-13 19:21:00,ACIU
6.97,6.97,6.953,6.953,1615,2021-09-13 19:22:00,ACIU
6.9526,6.9526,6.9526,6.9526,131,2021-09-13 19:25:00,ACIU
6.9582,6.9582,6.9582,6.9582,1000,2021-09-13 19:27:00,ACIU
6.955,6.955,6.94,6.945,2732,2021-09-13 19:28:00,ACIU
6.96,6.9699,6.96,6.9699,643,2021-09-13 19:29:00,ACIU
6.95,6.95,6.94,6.94,800,2021-09-13 19:30:00,ACIU
6.94,6.95,6.94,6.95,654,2021-09-13 19:31:00,ACIU
6.96,6.96,6.96,6.96,100,2021-09-13 19:32:00,ACIU
6.9542,6.9542,6.95,6.95,300,2021-09-13 19:34:00,ACIU
6.95,6.95,6.95,6.95,100,2021-09-13 19:37:00,ACIU
6.95,6.95,6.93,6.93,600,2021-09-13 19:38:00,ACIU
6.94,6.94,6.94,6.94,100,2021-09-13 19:39:00,ACIU
6.93,6.935,6.93,6.93,640,2021-09-13 19:40:00,ACIU
6.93,6.93,6.93,6.93,100,2021-09-13 19:41:00,ACIU
6.93,6.93,6.93,6.93,700,2021-09-13 19:43:00,ACIU
6.927,6.93,6.927,6.93,700,2021-09-13 19:45:00,ACIU
6.927,6.927,6.91,6.91,1628,2021-09-13 19:47:00,ACIU
6.91,6.91,6.9099,6.9099,1700,2021-09-13 19:48:00,ACIU
6.905,6.91,6.905,6.91,200,2021-09-13 19:49:00,ACIU
6.91,6.93,6.91,6.93,1475,2021-09-13 19:50:00,ACIU
6.95,6.95,6.94,6.95,800,2021-09-13 19:51:00,ACIU
6.94,6.94,6.92,6.92,1531,2021-09-13 19:52:00,ACIU
6.92,6.94,6.92,6.94,2043,2021-09-13 19:53:00,ACIU
6.94,6.95,6.94,6.94,2164,2021-09-13 19:54:00,ACIU
6.95,6.955,6.95,6.955,1400,2021-09-13 19:55:00,ACIU
6.95,6.96,6.941,6.96,2491,2021-09-13 19:56:00,ACIU
6.955,6.96,6.945,6.945,2205,2021-09-13 19:57:00,ACIU
6.95,6.96,6.95,6.95,1385,2021-09-13 19:58:00,ACIU
6.95,6.96,6.945,6.95,6238,2021-09-13 19:59:00,ACIU
6.95,6.95,6.95,6.95,22897,2021-09-13 20:00:00,ACIU
7.0,7.0,7.0,7.0,100,2021-09-13 20:10:00,ACIU
6.95,6.95,6.95,6.95,1000,2021-09-13 21:18:00,ACIU
6.99,7.0,6.99,7.0,2395,2021-09-14 12:54:00,ACIU
7.0,7.0,7.0,7.0,100,2021-09-14 13:04:00,ACIU
7.0,7.0,7.0,7.0,3830,2021-09-14 13:27:00,ACIU
7.0,7.0,7.0,7.0,931,2021-09-14 13:28:00,ACIU
6.99,6.99,6.99,6.99,252,2021-09-14 13:29:00,ACIU
6.95,7.0,6.92,6.92,15529,2021-09-14 13:30:00,ACIU
6.9418,6.9418,6.9418,6.9418,150,2021-09-14 13:31:00,ACIU
6.9887,6.9887,6.9887,6.9887,144,2021-09-14 13:34:00,ACIU
6.9469,6.9469,6.9469,6.9469,150,2021-09-14 13:36:00,ACIU
6.9477,6.98,6.9477,6.98,550,2021-09-14 13:38:00,ACIU
6.98,6.99,6.98,6.99,797,2021-09-14 13:42:00,ACIU
6.9401,6.97,6.9401,6.97,3000,2021-09-14 13:46:00,ACIU
6.97,6.97,6.97,6.97,200,2021-09-14 13:52:00,ACIU
6.9552,6.9552,6.95,6.95,600,2021-09-14 13:54:00,ACIU
6.95,6.95,6.91,6.91,2079,2021-09-14 13:55:00,ACIU
6.93,6.93,6.93,6.93,100,2021-09-14 13:56:00,ACIU
6.93,6.93,6.91,6.91,200,2021-09-14 13:58:00,ACIU
6.9,6.9,6.89,6.89,1059,2021-09-14 13:59:00,ACIU
6.9,6.9,6.9,6.9,1000,2021-09-14 14:00:00,ACIU
6.9076,6.9076,6.86,6.86,1850,2021-09-14 14:01:00,ACIU
6.8725,6.89,6.87,6.87,2420,2021-09-14 14:02:00,ACIU
6.91,6.91,6.89,6.89,200,2021-09-14 14:06:00,ACIU
6.89,6.93,6.89,6.93,5892,2021-09-14 14:09:00,ACIU
6.9,6.9,6.9,6.9,100,2021-09-14 14:10:00,ACIU
6.9,6.9,6.89,6.8999,1075,2021-09-14 14:11:00,ACIU
6.88,6.88,6.88,6.88,100,2021-09-14 14:12:00,ACIU
6.8809,6.8809,6.8809,6.8809,222,2021-09-14 14:13:00,ACIU
6.881,6.89,6.881,6.89,400,2021-09-14 14:18:00,ACIU
6.88,6.88,6.88,6.88,500,2021-09-14 14:19:00,ACIU
6.9,6.94,6.9,6.94,6228,2021-09-14 14:20:00,ACIU
6.925,6.93,6.9201,6.93,400,2021-09-14 14:24:00,ACIU
6.89,6.89,6.89,6.89,200,2021-09-14 14:25:00,ACIU
6.89,6.9,6.89,6.9,310,2021-09-14 14:26:00,ACIU
6.89,6.89,6.89,6.89,700,2021-09-14 14:28:00,ACIU
6.89,6.91,6.89,6.91,3100,2021-09-14 14:29:00,ACIU
6.8901,6.8901,6.8901,6.8901,500,2021-09-14 14:30:00,ACIU
6.895,6.93,6.895,6.9101,3147,2021-09-14 14:31:00,ACIU
6.91,6.92,6.91,6.92,2108,2021-09-14 14:32:00,ACIU
6.92,6.93,6.92,6.93,1100,2021-09-14 14:33:00,ACIU
6.92,6.92,6.92,6.92,400,2021-09-14 14:34:00,ACIU
6.922,6.93,6.92,6.92,4280,2021-09-14 14:35:00,ACIU
6.92,6.92,6.92,6.92,500,2021-09-14 14:36:00,ACIU
6.93,6.95,6.93,6.95,2527,2021-09-14 14:38:00,ACIU
6.95,6.96,6.95,6.96,1400,2021-09-14 14:41:00,ACIU
6.96,6.98,6.96,6.97,1337,2021-09-14 14:42:00,ACIU
6.9301,6.9301,6.93,6.93,3329,2021-09-14 14:43:00,ACIU
6.92,6.92,6.92,6.92,574,2021-09-14 14:47:00,ACIU
6.92,6.925,6.92,6.92,500,2021-09-14 14:48:00,ACIU
6.92,6.92,6.92,6.92,300,2021-09-14 14:49:00,ACIU
6.89,6.91,6.89,6.91,2974,2021-09-14 14:53:00,ACIU
6.8999,6.8999,6.8999,6.8999,100,2021-09-14 14:55:00,ACIU
6.89,6.89,6.8702,6.8702,1500,2021-09-14 14:57:00,ACIU
6.87,6.87,6.87,6.87,300,2021-09-14 14:58:00,ACIU
6.87,6.87,6.87,6.87,100,2021-09-14 15:00:00,ACIU
6.88,6.88,6.88,6.88,1000,2021-09-14 15:01:00,ACIU
6.88,6.88,6.86,6.86,300,2021-09-14 15:03:00,ACIU
6.9,6.91,6.89,6.9,1999,2021-09-14 15:04:00,ACIU
6.91,6.92,6.91,6.92,400,2021-09-14 15:08:00,ACIU
6.93,6.93,6.93,6.93,300,2021-09-14 15:11:00,ACIU
6.96,6.96,6.96,6.96,100,2021-09-14 15:15:00,ACIU
6.96,6.99,6.96,6.97,2611,2021-09-14 15:17:00,ACIU
6.98,7.02,6.98,6.995,9845,2021-09-14 15:18:00,ACIU
6.96,6.975,6.96,6.965,785,2021-09-14 15:21:00,ACIU
6.98,6.98,6.98,6.98,2000,2021-09-14 15:24:00,ACIU
6.9831,6.9831,6.9831,6.9831,246,2021-09-14 15:25:00,ACIU
6.98,6.98,6.98,6.98,100,2021-09-14 15:28:00,ACIU
6.98,6.98,6.98,6.98,200,2021-09-14 15:29:00,ACIU
6.96,6.96,6.96,6.96,100,2021-09-14 15:32:00,ACIU
6.9601,6.9601,6.9601,6.9601,213,2021-09-14 15:33:00,ACIU
6.96,6.96,6.96,6.96,700,2021-09-14 15:34:00,ACIU
6.95,6.95,6.95,6.95,400,2021-09-14 15:38:00,ACIU
6.95,6.95,6.95,6.95,500,2021-09-14 15:40:00,ACIU
6.9453,6.9453,6.9453,6.9453,100,2021-09-14 15:44:00,ACIU
6.96,6.96,6.96,6.96,250,2021-09-14 15:45:00,ACIU
6.95,6.95,6.95,6.95,100,2021-09-14 15:46:00,ACIU
6.95,6.95,6.95,6.95,100,2021-09-14 15:48:00,ACIU
6.97,6.97,6.97,6.97,300,2021-09-14 15:50:00,ACIU
6.95,6.95,6.95,6.95,300,2021-09-14 15:52:00,ACIU
6.95,6.95,6.95,6.95,300,2021-09-14 15:53:00,ACIU
6.94,6.94,6.94,6.94,100,2021-09-14 16:02:00,ACIU
6.95,6.95,6.94,6.94,3365,2021-09-14 16:03:00,ACIU
6.95,6.95,6.95,6.95,100,2021-09-14 16:04:00,ACIU
6.93,6.9301,6.93,6.9301,2596,2021-09-14 16:07:00,ACIU
6.93,6.93,6.93,6.93,600,2021-09-14 16:09:00,ACIU
6.92,6.92,6.92,6.92,200,2021-09-14 16:11:00,ACIU
6.93,6.93,6.93,6.93,200,2021-09-14 16:12:00,ACIU
6.92,6.92,6.92,6.92,100,2021-09-14 16:13:00,ACIU
6.91,6.91,6.91,6.91,325,2021-09-14 16:16:00,ACIU
6.91,6.91,6.91,6.91,195,2021-09-14 16:17:00,ACIU
6.93,6.93,6.93,6.93,1935,2021-09-14 16:23:00,ACIU
6.937,6.937,6.935,6.935,292,2021-09-14 16:24:00,ACIU
6.9363,6.9363,6.9363,6.9363,200,2021-09-14 16:26:00,ACIU
6.9497,6.95,6.9497,6.95,200,2021-09-14 16:27:00,ACIU
6.95,6.95,6.95,6.95,100,2021-09-14 16:28:00,ACIU
6.9328,6.9328,6.9328,6.9328,600,2021-09-14 16:29:00,ACIU
6.94,6.94,6.94,6.94,200,2021-09-14 16:30:00,ACIU
6.93,6.931,6.93,6.931,900,2021-09-14 16:31:00,ACIU
6.92,6.92,6.92,6.92,400,2021-09-14 16:35:00,ACIU
6.9115,6.9115,6.9115,6.9115,150,2021-09-14 16:38:00,ACIU
6.91,6.91,6.89,6.9,9991,2021-09-14 16:40:00,ACIU
6.89,6.89,6.86,6.86,3299,2021-09-14 16:41:00,ACIU
6.87,6.87,6.8689,6.87,1713,2021-09-14 16:42:00,ACIU
6.88,6.88,6.8715,6.8715,1540,2021-09-14 16:45:00,ACIU
6.87,6.8702,6.86,6.86,1000,2021-09-14 16:47:00,ACIU
6.87,6.87,6.87,6.87,400,2021-09-14 16:51:00,ACIU
6.8792,6.8792,6.8792,6.8792,291,2021-09-14 16:53:00,ACIU
6.87,6.87,6.87,6.87,200,2021-09-14 16:54:00,ACIU
6.86,6.86,6.86,6.86,150,2021-09-14 17:00:00,ACIU
6.86,6.86,6.84,6.84,3489,2021-09-14 17:03:00,ACIU
6.84,6.84,6.8,6.82,3750,2021-09-14 17:05:00,ACIU
6.8301,6.8301,6.8301,6.8301,446,2021-09-14 17:06:00,ACIU
6.83,6.83,6.83,6.83,200,2021-09-14 17:08:00,ACIU
6.8307,6.8307,6.8307,6.8307,250,2021-09-14 17:11:00,ACIU
6.85,6.85,6.84,6.84,650,2021-09-14 17:12:00,ACIU
6.85,6.85,6.85,6.85,300,2021-09-14 17:14:00,ACIU
6.8576,6.8576,6.8576,6.8576,400,2021-09-14 17:15:00,ACIU
6.8431,6.8431,6.8431,6.8431,100,2021-09-14 17:19:00,ACIU
6.84,6.84,6.84,6.84,200,2021-09-14 17:20:00,ACIU
6.84,6.8404,6.84,6.84,6457,2021-09-14 17:26:00,ACIU
6.8418,6.85,6.8418,6.85,399,2021-09-14 17:28:00,ACIU
6.84,6.84,6.84,6.84,200,2021-09-14 17:30:00,ACIU
6.85,6.85,6.85,6.85,400,2021-09-14 17:32:00,ACIU
6.84,6.84,6.83,6.84,750,2021-09-14 17:36:00,ACIU
6.82,6.82,6.82,6.82,300,2021-09-14 17:37:00,ACIU
6.8201,6.8201,6.8201,6.8201,150,2021-09-14 17:40:00,ACIU
6.82,6.82,6.82,6.82,175,2021-09-14 17:41:00,ACIU
6.84,6.84,6.84,6.84,1600,2021-09-14 17:42:00,ACIU
6.8201,6.8201,6.8201,6.8201,200,2021-09-14 17:43:00,ACIU
6.8201,6.8201,6.82,6.82,480,2021-09-14 17:47:00,ACIU
6.82,6.82,6.82,6.82,580,2021-09-14 17:48:00,ACIU
6.81,6.81,6.81,6.81,400,2021-09-14 17:49:00,ACIU
6.8,6.8,6.8,6.8,1313,2021-09-14 17:50:00,ACIU
6.8,6.8,6.8,6.8,100,2021-09-14 17:51:00,ACIU
6.79,6.7902,6.79,6.7902,255,2021-09-14 17:52:00,ACIU
6.79,6.79,6.79,6.79,1045,2021-09-14 17:56:00,ACIU
6.8076,6.8076,6.8076,6.8076,575,2021-09-14 17:57:00,ACIU
6.79,6.79,6.79,6.79,200,2021-09-14 17:58:00,ACIU
6.8,6.8,6.8,6.8,550,2021-09-14 18:00:00,ACIU
6.81,6.81,6.81,6.81,400,2021-09-14 18:05:00,ACIU
6.82,6.825,6.82,6.82,6152,2021-09-14 18:06:00,ACIU
6.81,6.81,6.81,6.81,100,2021-09-14 18:08:00,ACIU
6.79,6.79,6.79,6.79,1180,2021-09-14 18:09:00,ACIU
6.8,6.8,6.8,6.8,400,2021-09-14 18:10:00,ACIU
6.7929,6.7929,6.7929,6.7929,435,2021-09-14 18:11:00,ACIU
6.791,6.791,6.79,6.79,1148,2021-09-14 18:14:00,ACIU
6.789,6.789,6.789,6.789,120,2021-09-14 18:17:00,ACIU
6.78,6.78,6.78,6.78,500,2021-09-14 18:18:00,ACIU
6.78,6.78,6.77,6.77,400,2021-09-14 18:19:00,ACIU
6.7835,6.7835,6.7835,6.7835,200,2021-09-14 18:25:00,ACIU
6.78,6.78,6.78,6.78,200,2021-09-14 18:26:00,ACIU
6.78,6.78,6.78,6.78,1900,2021-09-14 18:27:00,ACIU
6.78,6.78,6.78,6.78,100,2021-09-14 18:30:00,ACIU
6.78,6.78,6.77,6.7797,1516,2021-09-14 18:31:00,ACIU
6.78,6.78,6.77,6.77,1300,2021-09-14 18:32:00,ACIU
6.775,6.775,6.775,6.775,100,2021-09-14 18:33:00,ACIU
6.77,6.77,6.77,6.77,100,2021-09-14 18:36:00,ACIU
6.77,6.77,6.72,6.74,9249,2021-09-14 18:37:00,ACIU
6.77,6.79,6.76,6.79,3275,2021-09-14 18:40:00,ACIU
6.79,6.79,6.79,6.79,500,2021-09-14 18:41:00,ACIU
6.78,6.78,6.77,6.775,300,2021-09-14 18:45:00,ACIU
6.78,6.7863,6.7716,6.7863,1695,2021-09-14 18:46:00,ACIU
6.77,6.77,6.76,6.76,300,2021-09-14 18:50:00,ACIU
6.75,6.75,6.75,6.75,200,2021-09-14 18:52:00,ACIU
6.75,6.76,6.745,6.76,2460,2021-09-14 18:53:00,ACIU
6.77,6.77,6.76,6.76,1075,2021-09-14 18:55:00,ACIU
6.7705,6.78,6.76,6.76,2182,2021-09-14 18:56:00,ACIU
6.76,6.768,6.75,6.75,4931,2021-09-14 19:00:00,ACIU
6.76,6.76,6.76,6.76,200,2021-09-14 19:01:00,ACIU
6.76,6.76,6.76,6.76,200,2021-09-14 19:02:00,ACIU
6.75,6.75,6.75,6.75,700,2021-09-14 19:03:00,ACIU
6.73,6.73,6.73,6.73,400,2021-09-14 19:04:00,ACIU
6.74,6.74,6.74,6.74,400,2021-09-14 19:05:00,ACIU
6.75,6.75,6.749,6.75,1000,2021-09-14 19:06:00,ACIU
6.74,6.745,6.72,6.72,799,2021-09-14 19:07:00,ACIU
6.75,6.75,6.75,6.75,100,2021-09-14 19:09:00,ACIU
6.745,6.745,6.745,6.745,200,2021-09-14 19:10:00,ACIU
6.75,6.76,6.75,6.75,1518,2021-09-14 19:11:00,ACIU
6.75,6.75,6.74,6.75,800,2021-09-14 19:12:00,ACIU
6.74,6.74,6.74,6.74,1459,2021-09-14 19:13:00,ACIU
6.73,6.73,6.73,6.73,900,2021-09-14 19:15:00,ACIU
6.73,6.73,6.73,6.73,200,2021-09-14 19:17:00,ACIU
6.73,6.73,6.73,6.73,100,2021-09-14 19:18:00,ACIU
6.7399,6.74,6.7399,6.74,1200,2021-09-14 19:19:00,ACIU
6.75,6.75,6.74,6.74,700,2021-09-14 19:20:00,ACIU
6.73,6.73,6.73,6.73,100,2021-09-14 19:21:00,ACIU
6.75,6.76,6.75,6.7527,600,2021-09-14 19:22:00,ACIU
6.76,6.77,6.76,6.76,1850,2021-09-14 19:23:00,ACIU
6.76,6.76,6.76,6.76,500,2021-09-14 19:24:00,ACIU
6.77,6.78,6.77,6.7755,400,2021-09-14 19:25:00,ACIU
6.78,6.78,6.78,6.78,644,2021-09-14 19:27:00,ACIU
6.77,6.77,6.77,6.77,656,2021-09-14 19:30:00,ACIU
6.7501,6.7501,6.7501,6.7501,1000,2021-09-14 19:32:00,ACIU
6.76,6.76,6.76,6.76,100,2021-09-14 19:33:00,ACIU
6.7534,6.76,6.7534,6.76,200,2021-09-14 19:34:00,ACIU
6.76,6.77,6.75,6.77,681,2021-09-14 19:35:00,ACIU
6.765,6.765,6.76,6.76,625,2021-09-14 19:36:00,ACIU
6.76,6.76,6.76,6.76,100,2021-09-14 19:37:00,ACIU
6.76,6.76,6.76,6.76,700,2021-09-14 19:38:00,ACIU
6.75,6.75,6.75,6.75,350,2021-09-14 19:40:00,ACIU
6.77,6.78,6.77,6.77,4122,2021-09-14 19:41:00,ACIU
6.7603,6.77,6.7603,6.77,200,2021-09-14 19:42:00,ACIU
6.77,6.77,6.76,6.76,600,2021-09-14 19:43:00,ACIU
6.78,6.79,6.78,6.79,3408,2021-09-14 19:45:00,ACIU
6.79,6.7916,6.79,6.7916,2481,2021-09-14 19:46:00,ACIU
6.79,6.79,6.79,6.79,100,2021-09-14 19:48:00,ACIU
6.78,6.785,6.78,6.78,1394,2021-09-14 19:49:00,ACIU
6.78,6.78,6.77,6.78,2977,2021-09-14 19:50:00,ACIU
6.78,6.78,6.78,6.78,100,2021-09-14 19:51:00,ACIU
6.78,6.79,6.78,6.785,300,2021-09-14 19:52:00,ACIU
6.7813,6.785,6.78,6.78,2906,2021-09-14 19:53:00,ACIU
6.77,6.78,6.77,6.78,1792,2021-09-14 19:54:00,ACIU
6.78,6.78,6.78,6.78,946,2021-09-14 19:55:00,ACIU
6.79,6.8,6.78,6.8,2704,2021-09-14 19:56:00,ACIU
6.79,6.81,6.78,6.8,4842,2021-09-14 19:57:00,ACIU
6.81,6.81,6.78,6.79,3249,2021-09-14 19:58:00,ACIU
6.79,6.79,6.78,6.78,2582,2021-09-14 19:59:00,ACIU
6.79,6.79,6.79,6.79,12146,2021-09-14 20:00:00,ACIU
6.79,6.79,6.79,6.79,400,2021-09-14 20:26:00,ACIU
6.76,6.76,6.76,6.76,167,2021-09-14 22:53:00,ACIU
6.85,6.85,6.85,6.85,780,2021-09-15 11:00:00,ACIU
6.84,6.84,6.84,6.84,200,2021-09-15 11:06:00,ACIU
6.85,6.85,6.85,6.85,690,2021-09-15 11:37:00,ACIU
6.85,6.85,6.85,6.85,100,2021-09-15 13:08:00,ACIU
6.85,6.85,6.85,6.85,140,2021-09-15 13:21:00,ACIU
6.85,6.85,6.85,6.85,984,2021-09-15 13:28:00,ACIU
6.85,6.85,6.85,6.85,922,2021-09-15 13:29:00,ACIU
6.86,6.88,6.71,6.82,19195,2021-09-15 13:30:00,ACIU
6.78,6.78,6.78,6.78,100,2021-09-15 13:31:00,ACIU
6.71,6.71,6.71,6.71,1500,2021-09-15 13:33:00,ACIU
6.75,6.75,6.69,6.69,4389,2021-09-15 13:34:00,ACIU
6.69,6.694,6.6884,6.69,600,2021-09-15 13:35:00,ACIU
6.7,6.7154,6.7,6.7154,3100,2021-09-15 13:36:00,ACIU
6.73,6.73,6.66,6.68,5033,2021-09-15 13:37:00,ACIU
6.68,6.68,6.6677,6.6677,350,2021-09-15 13:38:00,ACIU
6.66,6.6657,6.66,6.66,615,2021-09-15 13:39:00,ACIU
6.66,6.67,6.6554,6.6554,3300,2021-09-15 13:40:00,ACIU
6.67,6.67,6.6538,6.6694,1941,2021-09-15 13:41:00,ACIU
6.66,6.66,6.66,6.66,100,2021-09-15 13:42:00,ACIU
6.67,6.69,6.67,6.69,2200,2021-09-15 13:43:00,ACIU
6.72,6.72,6.7,6.7,450,2021-09-15 13:44:00,ACIU
6.6801,6.6801,6.6801,6.6801,1000,2021-09-15 13:47:00,ACIU
6.71,6.73,6.69,6.73,10600,2021-09-15 13:48:00,ACIU
6.71,6.71,6.69,6.7,1746,2021-09-15 13:49:00,ACIU
6.72,6.73,6.702,6.73,2630,2021-09-15 13:50:00,ACIU
6.7,6.7,6.7,6.7,200,2021-09-15 13:52:00,ACIU
6.71,6.719,6.71,6.719,300,2021-09-15 13:53:00,ACIU
6.71,6.71,6.69,6.69,2440,2021-09-15 13:57:00,ACIU
6.7,6.81,6.7,6.81,20808,2021-09-15 13:58:00,ACIU
6.7501,6.82,6.7501,6.82,700,2021-09-15 13:59:00,ACIU
6.77,6.77,6.77,6.77,100,2021-09-15 14:01:00,ACIU
6.79,6.82,6.79,6.82,4704,2021-09-15 14:02:00,ACIU
6.835,6.835,6.835,6.835,100,2021-09-15 14:03:00,ACIU
6.8279,6.85,6.8279,6.85,200,2021-09-15 14:04:00,ACIU
6.82,6.82,6.81,6.82,600,2021-09-15 14:06:00,ACIU
6.81,6.81,6.81,6.81,319,2021-09-15 14:07:00,ACIU
6.8023,6.8023,6.8023,6.8023,100,2021-09-15 14:08:00,ACIU
6.8001,6.81,6.8001,6.81,214,2021-09-15 14:11:00,ACIU
6.8,6.8,6.77,6.8,7938,2021-09-15 14:12:00,ACIU
6.76,6.76,6.76,6.76,100,2021-09-15 14:13:00,ACIU
6.76,6.76,6.74,6.75,300,2021-09-15 14:14:00,ACIU
6.77,6.82,6.77,6.8,3900,2021-09-15 14:17:00,ACIU
6.7848,6.7848,6.7848,6.7848,100,2021-09-15 14:20:00,ACIU
6.78,6.8062,6.78,6.7956,600,2021-09-15 14:23:00,ACIU
6.8,6.8,6.8,6.8,163,2021-09-15 14:24:00,ACIU
6.78,6.8,6.78,6.8,2374,2021-09-15 14:25:00,ACIU
6.81,6.82,6.7937,6.7937,1200,2021-09-15 14:26:00,ACIU
6.8099,6.81,6.8,6.81,1952,2021-09-15 14:27:00,ACIU
6.8,6.84,6.8,6.84,4451,2021-09-15 14:28:00,ACIU
6.8499,6.8499,6.8499,6.8499,500,2021-09-15 14:29:00,ACIU
6.84,6.85,6.831,6.831,995,2021-09-15 14:30:00,ACIU
6.82,6.83,6.82,6.83,500,2021-09-15 14:33:00,ACIU
6.85,6.86,6.85,6.86,642,2021-09-15 14:34:00,ACIU
6.85,6.85,6.85,6.85,100,2021-09-15 14:35:00,ACIU
6.84,6.84,6.84,6.84,400,2021-09-15 14:37:00,ACIU
6.84,6.84,6.83,6.8335,836,2021-09-15 14:40:00,ACIU
6.82,6.82,6.81,6.81,900,2021-09-15 14:45:00,ACIU
6.82,6.82,6.82,6.82,100,2021-09-15 14:46:00,ACIU
6.84,6.84,6.84,6.84,225,2021-09-15 14:47:00,ACIU
6.84,6.84,6.84,6.84,1200,2021-09-15 14:50:00,ACIU
6.83,6.84,6.82,6.82,1001,2021-09-15 14:52:00,ACIU
6.8129,6.8129,6.81,6.81,300,2021-09-15 14:53:00,ACIU
6.81,6.81,6.81,6.81,300,2021-09-15 14:58:00,ACIU
6.8199,6.8199,6.8199,6.8199,200,2021-09-15 15:00:00,ACIU
6.8,6.8,6.79,6.79,300,2021-09-15 15:01:00,ACIU
6.8,6.8,6.8,6.8,776,2021-09-15 15:04:00,ACIU
6.79,6.79,6.79,6.79,422,2021-09-15 15:06:00,ACIU
6.78,6.7972,6.78,6.781,400,2021-09-15 15:07:00,ACIU
6.79,6.85,6.79,6.85,6036,2021-09-15 15:08:00,ACIU
6.83,6.837,6.83,6.8301,1188,2021-09-15 15:09:00,ACIU
6.81,6.81,6.81,6.81,100,2021-09-15 15:10:00,ACIU
6.8,6.8,6.8,6.8,100,2021-09-15 15:11:00,ACIU
6.7948,6.8171,6.7948,6.8171,637,2021-09-15 15:12:00,ACIU
6.79,6.8199,6.79,6.8199,2100,2021-09-15 15:17:00,ACIU
6.82,6.83,6.82,6.82,2800,2021-09-15 15:18:00,ACIU
6.835,6.835,6.835,6.835,100,2021-09-15 15:20:00,ACIU
6.83,6.86,6.83,6.86,2982,2021-09-15 15:21:00,ACIU
6.85,6.85,6.85,6.85,100,2021-09-15 15:22:00,ACIU
6.85,6.85,6.85,6.85,606,2021-09-15 15:23:00,ACIU
6.86,6.86,6.85,6.85,300,2021-09-15 15:26:00,ACIU
6.843,6.85,6.843,6.85,300,2021-09-15 15:28:00,ACIU
6.832,6.832,6.832,6.832,200,2021-09-15 15:38:00,ACIU
6.83,6.83,6.83,6.83,300,2021-09-15 15:39:00,ACIU
6.82,6.82,6.82,6.82,200,2021-09-15 15:40:00,ACIU
6.8227,6.8227,6.822,6.822,200,2021-09-15 15:41:00,ACIU
6.83,6.83,6.83,6.83,200,2021-09-15 15:44:00,ACIU
6.83,6.83,6.83,6.83,100,2021-09-15 15:45:00,ACIU
6.8471,6.85,6.8471,6.85,2132,2021-09-15 15:56:00,ACIU
6.835,6.835,6.835,6.835,200,2021-09-15 16:00:00,ACIU
6.85,6.85,6.79,6.79,2504,2021-09-15 16:03:00,ACIU
6.79,6.79,6.79,6.79,100,2021-09-15 16:04:00,ACIU
6.8,6.81,6.8,6.81,221,2021-09-15 16:05:00,ACIU
6.83,6.83,6.83,6.83,100,2021-09-15 16:10:00,ACIU
6.802,6.815,6.801,6.815,1600,2021-09-15 16:17:00,ACIU
6.8023,6.8023,6.8023,6.8023,260,2021-09-15 16:26:00,ACIU
6.81,6.81,6.81,6.81,201,2021-09-15 16:28:00,ACIU
6.8001,6.8001,6.8,6.8,786,2021-09-15 16:29:00,ACIU
6.7901,6.7901,6.7901,6.7901,600,2021-09-15 16:32:00,ACIU
6.79,6.79,6.79,6.79,100,2021-09-15 16:45:00,ACIU
6.78,6.78,6.78,6.78,100,2021-09-15 16:58:00,ACIU
6.8,6.8,6.7989,6.7989,735,2021-09-15 16:59:00,ACIU
6.81,6.81,6.81,6.81,260,2021-09-15 17:03:00,ACIU
6.7902,6.7902,6.7902,6.7902,200,2021-09-15 17:04:00,ACIU
6.81,6.81,6.8,6.8,322,2021-09-15 17:05:00,ACIU
6.8271,6.8271,6.8271,6.8271,100,2021-09-15 17:07:00,ACIU
6.8252,6.829,6.8252,6.829,200,2021-09-15 17:13:00,ACIU
6.83,6.83,6.82,6.82,4482,2021-09-15 17:14:00,ACIU
6.8,6.8,6.8,6.8,676,2021-09-15 17:15:00,ACIU
6.8,6.8,6.8,6.8,100,2021-09-15 17:17:00,ACIU
6.83,6.83,6.83,6.83,100,2021-09-15 17:20:00,ACIU
6.806,6.83,6.806,6.83,1125,2021-09-15 17:22:00,ACIU
6.82,6.8348,6.82,6.8348,15300,2021-09-15 17:23:00,ACIU
6.85,6.85,6.85,6.85,200,2021-09-15 17:24:00,ACIU
6.85,6.85,6.85,6.85,100,2021-09-15 17:26:00,ACIU
6.84,6.84,6.84,6.84,100,2021-09-15 17:28:00,ACIU
6.82,6.8273,6.82,6.8273,450,2021-09-15 17:53:00,ACIU
6.82,6.82,6.82,6.82,200,2021-09-15 17:57:00,ACIU
6.81,6.81,6.8,6.8,1584,2021-09-15 17:58:00,ACIU
6.8,6.801,6.8,6.801,14047,2021-09-15 17:59:00,ACIU
6.82,6.84,6.82,6.83,500,2021-09-15 18:00:00,ACIU
6.81,6.81,6.81,6.81,427,2021-09-15 18:01:00,ACIU
6.81,6.81,6.81,6.81,100,2021-09-15 18:02:00,ACIU
6.8001,6.8001,6.8001,6.8001,100,2021-09-15 18:03:00,ACIU
6.805,6.805,6.805,6.805,100,2021-09-15 18:06:00,ACIU
6.8,6.8,6.8,6.8,400,2021-09-15 18:08:00,ACIU
6.8,6.8,6.8,6.8,200,2021-09-15 18:09:00,ACIU
6.79,6.79,6.79,6.79,200,2021-09-15 18:11:00,ACIU
6.7802,6.79,6.7802,6.79,1066,2021-09-15 18:14:00,ACIU
6.7901,6.7901,6.7901,6.7901,1000,2021-09-15 18:15:00,ACIU
6.78,6.79,6.78,6.785,700,2021-09-15 18:17:00,ACIU
6.8,6.8,6.78,6.78,500,2021-09-15 18:21:00,ACIU
6.78,6.78,6.78,6.78,566,2021-09-15 18:22:00,ACIU
6.76,6.78,6.76,6.78,300,2021-09-15 18:23:00,ACIU
6.7683,6.78,6.7683,6.77,845,2021-09-15 18:25:00,ACIU
6.79,6.79,6.79,6.79,457,2021-09-15 18:30:00,ACIU
6.78,6.785,6.78,6.785,200,2021-09-15 18:31:00,ACIU
6.79,6.81,6.79,6.81,200,2021-09-15 18:34:00,ACIU
6.79,6.79,6.79,6.79,200,2021-09-15 18:39:00,ACIU
6.8,6.8,6.8,6.8,400,2021-09-15 18:41:00,ACIU
6.805,6.805,6.805,6.805,300,2021-09-15 18:42:00,ACIU
6.806,6.806,6.79,6.79,957,2021-09-15 18:43:00,ACIU
6.8,6.8,6.79,6.8,8480,2021-09-15 18:47:00,ACIU
6.7901,6.7901,6.7901,6.7901,498,2021-09-15 18:48:00,ACIU
6.8,6.8,6.8,6.8,1000,2021-09-15 18:49:00,ACIU
6.8,6.8,6.8,6.8,583,2021-09-15 18:51:00,ACIU
6.8,6.8,6.8,6.8,5000,2021-09-15 18:52:00,ACIU
6.8,6.8,6.8,6.8,125,2021-09-15 18:53:00,ACIU
6.7995,6.7995,6.7995,6.7995,100,2021-09-15 18:55:00,ACIU
6.81,6.81,6.81,6.81,200,2021-09-15 18:59:00,ACIU
6.81,6.81,6.81,6.81,783,2021-09-15 19:00:00,ACIU
6.8002,6.8002,6.8002,6.8002,300,2021-09-15 19:01:00,ACIU
6.81,6.81,6.801,6.801,900,2021-09-15 19:02:00,ACIU
6.81,6.81,6.81,6.81,200,2021-09-15 19:03:00,ACIU
6.82,6.82,6.8001,6.8001,750,2021-09-15 19:05:00,ACIU
6.8,6.8,6.8,6.8,730,2021-09-15 19:07:00,ACIU
6.8,6.8,6.8,6.8,100,2021-09-15 19:08:00,ACIU
6.801,6.801,6.801,6.801,1300,2021-09-15 19:10:00,ACIU
6.81,6.81,6.81,6.81,373,2021-09-15 19:11:00,ACIU
6.8002,6.8002,6.8002,6.8002,100,2021-09-15 19:12:00,ACIU
6.79,6.8,6.79,6.8,947,2021-09-15 19:13:00,ACIU
6.81,6.81,6.8,6.8,400,2021-09-15 19:15:00,ACIU
6.81,6.81,6.81,6.81,100,2021-09-15 19:16:00,ACIU
6.805,6.805,6.805,6.805,1000,2021-09-15 19:20:00,ACIU
6.8,6.81,6.8,6.8,1000,2021-09-15 19:22:00,ACIU
6.791,6.791,6.79,6.79,500,2021-09-15 19:23:00,ACIU
6.7967,6.7967,6.7967,6.7967,200,2021-09-15 19:26:00,ACIU
6.78,6.79,6.78,6.79,1000,2021-09-15 19:28:00,ACIU
6.78,6.78,6.77,6.77,1700,2021-09-15 19:31:00,ACIU
6.76,6.76,6.76,6.76,310,2021-09-15 19:32:00,ACIU
6.77,6.7792,6.76,6.7792,1472,2021-09-15 19:37:00,ACIU
6.77,6.771,6.77,6.771,2600,2021-09-15 19:38:00,ACIU
6.775,6.775,6.775,6.775,100,2021-09-15 19:39:00,ACIU
6.77,6.77,6.77,6.77,1287,2021-09-15 19:40:00,ACIU
6.77,6.77,6.77,6.77,400,2021-09-15 19:41:00,ACIU
6.78,6.78,6.76,6.77,965,2021-09-15 19:42:00,ACIU
6.76,6.77,6.76,6.77,200,2021-09-15 19:43:00,ACIU
6.77,6.77,6.77,6.77,2300,2021-09-15 19:44:00,ACIU
6.77,6.78,6.77,6.78,1699,2021-09-15 19:45:00,ACIU
6.77,6.77,6.76,6.76,1800,2021-09-15 19:46:00,ACIU
6.76,6.76,6.76,6.76,2600,2021-09-15 19:48:00,ACIU
6.77,6.77,6.76,6.76,492,2021-09-15 19:49:00,ACIU
6.79,6.79,6.78,6.79,1200,2021-09-15 19:50:00,ACIU
6.79,6.79,6.79,6.79,3656,2021-09-15 19:51:00,ACIU
6.79,6.8,6.781,6.79,1217,2021-09-15 19:54:00,ACIU
6.79,6.8,6.77,6.78,7759,2021-09-15 19:55:00,ACIU
6.78,6.8,6.78,6.8,1918,2021-09-15 19:56:00,ACIU
6.79,6.8,6.781,6.79,6108,2021-09-15 19:57:00,ACIU
6.79,6.8,6.78,6.8,2577,2021-09-15 19:58:00,ACIU
6.8,6.81,6.79,6.81,1956,2021-09-15 19:59:00,ACIU
6.81,6.81,6.81,6.81,27514,2021-09-15 20:00:00,ACIU
6.7206,6.7206,6.7206,6.7206,980,2021-09-15 21:04:00,ACIU
6.73,6.73,6.73,6.73,300,2021-09-15 23:25:00,ACIU
6.81,6.81,6.81,6.81,300,2021-09-15 23:42:00,ACIU
6.91,6.91,6.91,6.91,100,2021-09-16 10:01:00,ACIU
6.91,6.91,6.91,6.91,100,2021-09-16 10:05:00,ACIU
6.91,6.91,6.91,6.91,200,2021-09-16 11:10:00,ACIU
6.91,6.91,6.91,6.91,100,2021-09-16 11:35:00,ACIU
6.91,6.91,6.91,6.91,200,2021-09-16 11:36:00,ACIU
6.92,6.93,6.92,6.93,300,2021-09-16 11:43:00,ACIU
6.93,6.93,6.93,6.93,985,2021-09-16 11:44:00,ACIU
6.92,6.92,6.92,6.92,100,2021-09-16 11:45:00,ACIU
6.92,6.92,6.92,6.92,100,2021-09-16 11:47:00,ACIU
6.92,6.92,6.92,6.92,100,2021-09-16 11:48:00,ACIU
6.92,6.92,6.92,6.92,200,2021-09-16 12:32:00,ACIU
6.91,6.91,6.91,6.91,100,2021-09-16 13:02:00,ACIU
6.9,6.9,6.9,6.9,4800,2021-09-16 13:05:00,ACIU
6.85,6.89,6.85,6.88,1199,2021-09-16 13:25:00,ACIU
6.81,6.81,6.81,6.81,100,2021-09-16 13:27:00,ACIU
6.8,6.8,6.8,6.8,399,2021-09-16 13:29:00,ACIU
6.81,6.81,6.8,6.8,6102,2021-09-16 13:30:00,ACIU
6.8,6.8,6.8,6.8,300,2021-09-16 13:31:00,ACIU
6.8,6.81,6.77,6.77,2040,2021-09-16 13:32:00,ACIU
6.77,6.82,6.77,6.805,2144,2021-09-16 13:34:00,ACIU
6.81,6.81,6.8,6.8,1747,2021-09-16 13:35:00,ACIU
6.81,6.85,6.81,6.82,2947,2021-09-16 13:37:00,ACIU
6.8,6.8,6.79,6.79,590,2021-09-16 13:38:00,ACIU
6.77,6.77,6.69,6.73,38864,2021-09-16 13:39:00,ACIU
6.73,6.73,6.67,6.67,4283,2021-09-16 13:40:00,ACIU
6.69,6.69,6.69,6.69,300,2021-09-16 13:41:00,ACIU
6.705,6.705,6.705,6.705,373,2021-09-16 13:42:00,ACIU
6.7053,6.725,6.7053,6.71,700,2021-09-16 13:45:00,ACIU
6.725,6.725,6.725,6.725,200,2021-09-16 13:46:00,ACIU
6.72,6.73,6.71,6.73,450,2021-09-16 13:47:00,ACIU
6.7,6.7,6.66,6.66,850,2021-09-16 13:48:00,ACIU
6.685,6.71,6.67,6.7,2600,2021-09-16 13:49:00,ACIU
6.71,6.71,6.67,6.6701,1600,2021-09-16 13:50:00,ACIU
6.68,6.68,6.64,6.6694,4000,2021-09-16 13:51:00,ACIU
6.6708,6.6708,6.6708,6.6708,100,2021-09-16 13:52:00,ACIU
6.655,6.655,6.655,6.655,200,2021-09-16 13:54:00,ACIU
6.67,6.6768,6.67,6.6768,700,2021-09-16 13:55:00,ACIU
6.6899,6.69,6.6899,6.69,1200,2021-09-16 13:56:00,ACIU
6.7,6.7,6.7,6.7,100,2021-09-16 13:57:00,ACIU
6.6937,6.6937,6.6937,6.6937,100,2021-09-16 13:58:00,ACIU
6.69,6.7,6.66,6.7,1900,2021-09-16 13:59:00,ACIU
6.68,6.68,6.67,6.67,1000,2021-09-16 14:03:00,ACIU
6.68,6.7,6.68,6.7,800,2021-09-16 14:04:00,ACIU
6.69,6.72,6.68,6.72,1600,2021-09-16 14:05:00,ACIU
6.73,6.73,6.7073,6.71,4600,2021-09-16 14:06:00,ACIU
6.71,6.71,6.71,6.71,800,2021-09-16 14:08:00,ACIU
6.705,6.705,6.7,6.7,300,2021-09-16 14:09:00,ACIU
6.69,6.69,6.69,6.69,300,2021-09-16 14:12:00,ACIU
6.6999,6.6999,6.6999,6.6999,100,2021-09-16 14:13:00,ACIU
6.6966,6.6966,6.6966,6.6966,100,2021-09-16 14:15:00,ACIU
6.7,6.7,6.7,6.7,800,2021-09-16 14:16:00,ACIU
6.6868,6.6868,6.6868,6.6868,130,2021-09-16 14:17:00,ACIU
6.71,6.71,6.71,6.71,100,2021-09-16 14:18:00,ACIU
6.6801,6.6801,6.66,6.67,1700,2021-09-16 14:20:00,ACIU
6.68,6.69,6.68,6.68,3275,2021-09-16 14:21:00,ACIU
6.6871,6.6871,6.68,6.68,200,2021-09-16 14:22:00,ACIU
6.68,6.68,6.67,6.67,1100,2021-09-16 14:23:00,ACIU
6.6749,6.6749,6.6749,6.6749,1000,2021-09-16 14:26:00,ACIU
6.68,6.71,6.68,6.71,2690,2021-09-16 14:27:00,ACIU
6.7399,6.7399,6.7399,6.7399,200,2021-09-16 14:29:00,ACIU
6.74,6.74,6.74,6.74,600,2021-09-16 14:31:00,ACIU
6.75,6.75,6.75,6.75,200,2021-09-16 14:32:00,ACIU
6.76,6.78,6.76,6.78,400,2021-09-16 14:34:00,ACIU
6.7773,6.78,6.77,6.77,400,2021-09-16 14:35:00,ACIU
6.76,6.77,6.76,6.77,500,2021-09-16 14:37:00,ACIU
6.74,6.74,6.74,6.74,100,2021-09-16 14:38:00,ACIU
6.74,6.76,6.74,6.76,1100,2021-09-16 14:39:00,ACIU
6.76,6.76,6.74,6.74,1159,2021-09-16 14:41:00,ACIU
6.76,6.77,6.76,6.77,565,2021-09-16 14:43:00,ACIU
6.77,6.77,6.77,6.77,700,2021-09-16 14:45:00,ACIU
6.766,6.77,6.766,6.77,1214,2021-09-16 14:50:00,ACIU
6.77,6.78,6.77,6.77,2300,2021-09-16 14:51:00,ACIU
6.77,6.77,6.77,6.77,1350,2021-09-16 14:52:00,ACIU
6.77,6.77,6.77,6.77,200,2021-09-16 14:53:00,ACIU
6.75,6.75,6.75,6.75,200,2021-09-16 14:55:00,ACIU
6.741,6.7421,6.74,6.74,1298,2021-09-16 14:59:00,ACIU
6.74,6.74,6.74,6.74,800,2021-09-16 15:00:00,ACIU
6.75,6.76,6.75,6.75,2300,2021-09-16 15:03:00,ACIU
6.76,6.76,6.76,6.76,3012,2021-09-16 15:04:00,ACIU
6.755,6.755,6.755,6.755,286,2021-09-16 15:05:00,ACIU
6.76,6.7731,6.7401,6.7731,990,2021-09-16 15:07:00,ACIU
6.7773,6.78,6.7737,6.7737,550,2021-09-16 15:09:00,ACIU
6.78,6.78,6.78,6.78,200,2021-09-16 15:12:00,ACIU
6.79,6.79,6.79,6.79,200,2021-09-16 15:13:00,ACIU
6.79,6.8,6.79,6.799,4200,2021-09-16 15:16:00,ACIU
6.8,6.8,6.8,6.8,100,2021-09-16 15:17:00,ACIU
6.8,6.8,6.78,6.78,400,2021-09-16 15:20:00,ACIU
6.79,6.81,6.79,6.8,4257,2021-09-16 15:25:00,ACIU
6.81,6.81,6.81,6.81,500,2021-09-16 15:28:00,ACIU
6.8,6.81,6.8,6.8,500,2021-09-16 15:30:00,ACIU
6.81,6.83,6.81,6.83,500,2021-09-16 15:37:00,ACIU
6.83,6.83,6.83,6.83,200,2021-09-16 15:38:00,ACIU
6.85,6.86,6.82,6.85,5780,2021-09-16 15:40:00,ACIU
6.82,6.82,6.82,6.82,600,2021-09-16 15:41:00,ACIU
6.81,6.81,6.8,6.8,1500,2021-09-16 15:42:00,ACIU
6.82,6.82,6.82,6.82,100,2021-09-16 15:46:00,ACIU
6.82,6.83,6.82,6.83,1404,2021-09-16 15:47:00,ACIU
6.83,6.83,6.83,6.83,200,2021-09-16 15:52:00,ACIU
6.81,6.81,6.81,6.81,1459,2021-09-16 15:56:00,ACIU
6.84,6.84,6.84,6.84,800,2021-09-16 15:58:00,ACIU
6.84,6.85,6.84,6.85,1125,2021-09-16 16:06:00,ACIU
6.86,6.86,6.86,6.86,100,2021-09-16 16:12:00,ACIU
6.87,6.87,6.87,6.87,400,2021-09-16 16:13:00,ACIU
6.87,6.88,6.87,6.88,500,2021-09-16 16:14:00,ACIU
6.86,6.86,6.86,6.86,300,2021-09-16 16:15:00,ACIU
6.85,6.85,6.85,6.85,600,2021-09-16 16:17:00,ACIU
6.85,6.85,6.85,6.85,100,2021-09-16 16:21:00,ACIU
6.83,6.83,6.83,6.83,600,2021-09-16 16:22:00,ACIU
6.83,6.83,6.83,6.83,800,2021-09-16 16:24:00,ACIU
6.82,6.82,6.81,6.81,17254,2021-09-16 16:28:00,ACIU
6.81,6.81,6.81,6.81,700,2021-09-16 16:30:00,ACIU
6.82,6.82,6.82,6.82,900,2021-09-16 16:34:00,ACIU
6.82,6.83,6.82,6.83,900,2021-09-16 16:36:00,ACIU
6.84,6.84,6.84,6.84,100,2021-09-16 16:38:00,ACIU
6.84,6.85,6.84,6.85,600,2021-09-16 16:41:00,ACIU
6.835,6.835,6.835,6.835,293,2021-09-16 16:46:00,ACIU
6.8449,6.8449,6.8435,6.8435,410,2021-09-16 16:47:00,ACIU
6.85,6.85,6.85,6.85,100,2021-09-16 16:51:00,ACIU
6.86,6.87,6.86,6.87,1857,2021-09-16 17:09:00,ACIU
6.87,6.87,6.87,6.87,400,2021-09-16 17:12:00,ACIU
6.8618,6.8618,6.8618,6.8618,100,2021-09-16 17:13:00,ACIU
6.87,6.87,6.87,6.87,600,2021-09-16 17:14:00,ACIU
6.87,6.87,6.87,6.87,100,2021-09-16 17:16:00,ACIU
6.86,6.86,6.86,6.86,888,2021-09-16 17:19:00,ACIU
6.86,6.86,6.86,6.86,100,2021-09-16 17:21:00,ACIU
6.8638,6.8638,6.8638,6.8638,500,2021-09-16 17:22:00,ACIU
6.86,6.86,6.86,6.86,200,2021-09-16 17:26:00,ACIU
6.87,6.875,6.87,6.87,2130,2021-09-16 17:27:00,ACIU
6.87,6.88,6.87,6.88,1500,2021-09-16 17:28:00,ACIU
6.88,6.88,6.88,6.88,800,2021-09-16 17:29:00,ACIU
6.88,6.88,6.88,6.88,100,2021-09-16 17:30:00,ACIU
6.87,6.88,6.87,6.87,1866,2021-09-16 17:33:00,ACIU
6.87,6.87,6.87,6.87,700,2021-09-16 17:34:00,ACIU
6.87,6.87,6.87,6.87,805,2021-09-16 17:43:00,ACIU
6.88,6.88,6.88,6.88,1100,2021-09-16 17:47:00,ACIU
6.87,6.87,6.87,6.87,600,2021-09-16 18:00:00,ACIU
6.87,6.93,6.87,6.93,7594,2021-09-16 18:02:00,ACIU
6.92,6.92,6.91,6.91,2260,2021-09-16 18:08:00,ACIU
6.89,6.9,6.89,6.892,1293,2021-09-16 18:09:00,ACIU
6.91,6.91,6.91,6.91,700,2021-09-16 18:10:00,ACIU
6.92,6.92,6.92,6.92,100,2021-09-16 18:16:00,ACIU
6.92,6.92,6.91,6.91,300,2021-09-16 18:18:00,ACIU
6.92,6.92,6.91,6.91,2200,2021-09-16 18:19:00,ACIU
6.92,6.92,6.92,6.92,180,2021-09-16 18:21:00,ACIU
6.915,6.915,6.915,6.915,194,2021-09-16 18:24:00,ACIU
6.91,6.92,6.91,6.92,1603,2021-09-16 18:25:00,ACIU
6.91,6.91,6.91,6.91,300,2021-09-16 18:26:00,ACIU
6.91,6.91,6.91,6.91,100,2021-09-16 18:27:00,ACIU
6.92,6.92,6.92,6.92,1200,2021-09-16 18:30:00,ACIU
6.92,6.93,6.92,6.93,7077,2021-09-16 18:32:00,ACIU
6.945,6.945,6.94,6.94,2052,2021-09-16 18:34:00,ACIU
6.92,6.92,6.92,6.92,600,2021-09-16 18:38:00,ACIU
6.94,6.94,6.94,6.94,1532,2021-09-16 18:40:00,ACIU
6.94,6.94,6.94,6.94,100,2021-09-16 18:41:00,ACIU
6.93,6.93,6.92,6.92,748,2021-09-16 18:42:00,ACIU
6.92,6.93,6.92,6.93,226,2021-09-16 18:46:00,ACIU
6.92,6.92,6.92,6.92,200,2021-09-16 18:48:00,ACIU
6.92,6.94,6.92,6.94,1879,2021-09-16 18:54:00,ACIU
6.93,6.93,6.93,6.93,1198,2021-09-16 18:57:00,ACIU
6.9399,6.9399,6.9399,6.9399,100,2021-09-16 19:00:00,ACIU
6.9398,6.9398,6.9398,6.9398,1000,2021-09-16 19:02:00,ACIU
6.94,6.94,6.94,6.94,300,2021-09-16 19:03:00,ACIU
6.94,6.97,6.94,6.95,11250,2021-09-16 19:04:00,ACIU
6.96,6.96,6.96,6.96,700,2021-09-16 19:06:00,ACIU
6.96,6.96,6.96,6.96,800,2021-09-16 19:07:00,ACIU
6.95,6.97,6.95,6.97,1500,2021-09-16 19:08:00,ACIU
6.96,6.96,6.96,6.96,300,2021-09-16 19:09:00,ACIU
6.95,6.96,6.95,6.96,500,2021-09-16 19:10:00,ACIU
6.94,6.95,6.94,6.95,400,2021-09-16 19:12:00,ACIU
6.9499,6.95,6.9499,6.95,300,2021-09-16 19:15:00,ACIU
6.93,6.93,6.93,6.93,200,2021-09-16 19:17:00,ACIU
6.94,6.94,6.94,6.94,200,2021-09-16 19:19:00,ACIU
6.93,6.93,6.93,6.93,300,2021-09-16 19:21:00,ACIU
6.94,6.95,6.94,6.95,257,2021-09-16 19:22:00,ACIU
6.95,6.95,6.95,6.95,477,2021-09-16 19:23:00,ACIU
6.94,6.94,6.94,6.94,400,2021-09-16 19:26:00,ACIU
6.94,6.94,6.94,6.94,200,2021-09-16 19:27:00,ACIU
6.95,6.95,6.95,6.95,100,2021-09-16 19:28:00,ACIU
6.95,6.95,6.93,6.93,2200,2021-09-16 19:29:00,ACIU
6.9201,6.9201,6.9201,6.9201,500,2021-09-16 19:30:00,ACIU
6.93,6.94,6.93,6.93,1100,2021-09-16 19:31:00,ACIU
6.93,6.9375,6.93,6.93,1637,2021-09-16 19:32:00,ACIU
6.94,6.94,6.94,6.94,100,2021-09-16 19:34:00,ACIU
6.94,6.945,6.94,6.945,300,2021-09-16 19:35:00,ACIU
6.94,6.9401,6.94,6.9401,1406,2021-09-16 19:36:00,ACIU
6.93,6.94,6.93,6.931,1229,2021-09-16 19:38:00,ACIU
6.92,6.92,6.92,6.92,100,2021-09-16 19:39:00,ACIU
6.92,6.92,6.92,6.92,100,2021-09-16 19:40:00,ACIU
6.92,6.92,6.91,6.91,200,2021-09-16 19:41:00,ACIU
6.91,6.91,6.91,6.91,100,2021-09-16 19:42:00,ACIU
6.92,6.92,6.91,6.92,2456,2021-09-16 19:43:00,ACIU
6.91,6.91,6.88,6.88,1700,2021-09-16 19:44:00,ACIU
6.88,6.89,6.87,6.88,3400,2021-09-16 19:45:00,ACIU
6.895,6.9,6.895,6.9,700,2021-09-16 19:46:00,ACIU
6.89,6.89,6.89,6.89,500,2021-09-16 19:47:00,ACIU
6.89,6.89,6.86,6.86,2100,2021-09-16 19:49:00,ACIU
6.87,6.87,6.87,6.87,100,2021-09-16 19:50:00,ACIU
6.86,6.87,6.85,6.86,2321,2021-09-16 19:51:00,ACIU
6.87,6.87,6.865,6.865,200,2021-09-16 19:52:00,ACIU
6.86,6.86,6.85,6.85,3556,2021-09-16 19:53:00,ACIU
6.86,6.86,6.86,6.86,107,2021-09-16 19:54:00,ACIU
6.8667,6.8667,6.86,6.86,300,2021-09-16 19:55:00,ACIU
6.85,6.86,6.83,6.85,6090,2021-09-16 19:56:00,ACIU
6.85,6.86,6.841,6.86,1585,2021-09-16 19:57:00,ACIU
6.86,6.86,6.85,6.86,1690,2021-09-16 19:58:00,ACIU
6.86,6.88,6.86,6.86,5534,2021-09-16 19:59:00,ACIU
6.87,6.87,6.87,6.87,10422,2021-09-16 20:00:00,ACIU
6.84,6.84,6.84,6.84,1000,2021-09-16 21:55:00,ACIU
6.86,6.86,6.86,6.86,100,2021-09-17 11:11:00,ACIU
6.9,6.9,6.9,6.9,100,2021-09-17 13:29:00,ACIU
6.87,6.885,6.83,6.83,9383,2021-09-17 13:30:00,ACIU
6.83,6.83,6.8,6.83,500,2021-09-17 13:31:00,ACIU
6.83,6.83,6.83,6.83,100,2021-09-17 13:32:00,ACIU
6.83,6.85,6.82,6.82,778,2021-09-17 13:34:00,ACIU
6.8,6.8,6.8,6.8,300,2021-09-17 13:37:00,ACIU
6.81,6.88,6.81,6.8398,4630,2021-09-17 13:39:00,ACIU
6.83,6.84,6.83,6.84,300,2021-09-17 13:41:00,ACIU
6.84,6.844,6.83,6.83,3200,2021-09-17 13:42:00,ACIU
6.8,6.8,6.8,6.8,1200,2021-09-17 13:43:00,ACIU
6.84,6.88,6.84,6.84,2084,2021-09-17 13:47:00,ACIU
6.85,6.85,6.85,6.85,1800,2021-09-17 13:48:00,ACIU
6.835,6.835,6.81,6.82,1950,2021-09-17 13:50:00,ACIU
6.85,6.85,6.85,6.85,293,2021-09-17 13:52:00,ACIU
6.86,6.86,6.86,6.86,180,2021-09-17 13:54:00,ACIU
6.85,6.85,6.85,6.85,100,2021-09-17 13:56:00,ACIU
6.835,6.89,6.835,6.89,975,2021-09-17 13:59:00,ACIU
6.8893,6.8893,6.8893,6.8893,1000,2021-09-17 14:04:00,ACIU
6.87,6.8773,6.87,6.8773,400,2021-09-17 14:08:00,ACIU
6.86,6.86,6.86,6.86,600,2021-09-17 14:12:00,ACIU
6.85,6.85,6.85,6.85,998,2021-09-17 14:15:00,ACIU
6.85,6.85,6.85,6.85,680,2021-09-17 14:18:00,ACIU
6.85,6.85,6.85,6.85,100,2021-09-17 14:23:00,ACIU
6.86,6.86,6.85,6.85,2188,2021-09-17 14:27:00,ACIU
6.86,6.86,6.86,6.86,100,2021-09-17 14:28:00,ACIU
6.88,6.88,6.88,6.88,200,2021-09-17 14:29:00,ACIU
6.88,6.8899,6.88,6.8899,2791,2021-09-17 14:30:00,ACIU
6.86,6.8622,6.86,6.8622,800,2021-09-17 14:31:00,ACIU
6.848,6.87,6.848,6.86,2037,2021-09-17 14:32:00,ACIU
6.8657,6.8657,6.85,6.85,600,2021-09-17 14:37:00,ACIU
6.85,6.85,6.85,6.85,116,2021-09-17 14:38:00,ACIU
6.845,6.845,6.845,6.845,120,2021-09-17 14:39:00,ACIU
6.85,6.85,6.85,6.85,100,2021-09-17 14:41:00,ACIU
6.85,6.85,6.85,6.85,400,2021-09-17 14:43:00,ACIU
6.8526,6.9,6.8526,6.89,5746,2021-09-17 14:45:00,ACIU
6.861,6.861,6.86,6.86,200,2021-09-17 14:51:00,ACIU
6.85,6.85,6.85,6.85,100,2021-09-17 15:02:00,ACIU
6.85,6.85,6.84,6.84,485,2021-09-17 15:03:00,ACIU
6.83,6.83,6.83,6.83,120,2021-09-17 15:04:00,ACIU
6.82,6.83,6.82,6.83,700,2021-09-17 15:10:00,ACIU
6.84,6.84,6.81,6.81,300,2021-09-17 15:11:00,ACIU
6.81,6.81,6.8,6.81,795,2021-09-17 15:12:00,ACIU
6.82,6.82,6.82,6.82,100,2021-09-17 15:13:00,ACIU
6.84,6.84,6.84,6.84,100,2021-09-17 15:15:00,ACIU
6.86,6.89,6.86,6.89,5350,2021-09-17 15:19:00,ACIU
6.89,6.89,6.89,6.89,890,2021-09-17 15:21:00,ACIU
6.89,6.89,6.89,6.89,1400,2021-09-17 15:22:00,ACIU
6.88,6.88,6.88,6.88,346,2021-09-17 15:26:00,ACIU
6.8714,6.8714,6.8714,6.8714,100,2021-09-17 15:27:00,ACIU
6.8853,6.8853,6.8853,6.8853,1450,2021-09-17 15:28:00,ACIU
6.87,6.87,6.87,6.87,302,2021-09-17 15:29:00,ACIU
6.87,6.8813,6.87,6.8813,250,2021-09-17 15:31:00,ACIU
6.89,6.89,6.89,6.89,100,2021-09-17 15:33:00,ACIU
6.86,6.86,6.86,6.86,400,2021-09-17 15:37:00,ACIU
6.86,6.88,6.86,6.88,1097,2021-09-17 15:40:00,ACIU
6.89,6.9,6.89,6.9,440,2021-09-17 15:50:00,ACIU
6.9,6.9,6.8801,6.8801,700,2021-09-17 15:51:00,ACIU
6.88,6.88,6.88,6.88,100,2021-09-17 15:52:00,ACIU
6.87,6.87,6.87,6.87,800,2021-09-17 15:55:00,ACIU
6.89,6.89,6.88,6.88,1930,2021-09-17 15:56:00,ACIU
6.88,6.8815,6.88,6.88,3998,2021-09-17 16:03:00,ACIU
6.8845,6.8845,6.8845,6.8845,285,2021-09-17 16:07:00,ACIU
6.89,6.89,6.89,6.89,100,2021-09-17 16:12:00,ACIU
6.89,6.89,6.89,6.89,100,2021-09-17 16:15:00,ACIU
6.88,6.9,6.88,6.9,1300,2021-09-17 16:19:00,ACIU
6.895,6.895,6.895,6.895,500,2021-09-17 16:21:00,ACIU
6.9,6.92,6.9,6.92,1500,2021-09-17 16:22:00,ACIU
6.93,6.93,6.93,6.93,288,2021-09-17 16:23:00,ACIU
6.91,6.9183,6.91,6.915,1982,2021-09-17 16:24:00,ACIU
6.91,6.91,6.91,6.91,1203,2021-09-17 16:26:00,ACIU
6.9177,6.9177,6.9177,6.9177,1000,2021-09-17 16:29:00,ACIU
6.9,6.91,6.87,6.91,11756,2021-09-17 16:30:00,ACIU
6.9079,6.9079,6.9,6.9,300,2021-09-17 16:31:00,ACIU
6.8901,6.8904,6.88,6.88,700,2021-09-17 16:32:00,ACIU
6.87,6.87,6.87,6.87,1000,2021-09-17 16:37:00,ACIU
6.9,6.9,6.9,6.9,1300,2021-09-17 16:38:00,ACIU
6.87,6.87,6.87,6.87,551,2021-09-17 16:43:00,ACIU
6.88,6.9,6.88,6.88,600,2021-09-17 16:45:00,ACIU
6.87,6.87,6.87,6.87,100,2021-09-17 16:48:00,ACIU
6.88,6.88,6.88,6.88,300,2021-09-17 16:52:00,ACIU
6.9,6.9,6.8801,6.8801,1595,2021-09-17 16:55:00,ACIU
6.88,6.88,6.88,6.88,100,2021-09-17 16:56:00,ACIU
6.89,6.89,6.89,6.89,100,2021-09-17 16:59:00,ACIU
6.91,6.91,6.91,6.91,200,2021-09-17 17:00:00,ACIU
6.91,6.92,6.91,6.915,1406,2021-09-17 17:09:00,ACIU
6.92,6.92,6.92,6.92,100,2021-09-17 17:10:00,ACIU
6.92,6.95,6.92,6.95,15824,2021-09-17 17:11:00,ACIU
6.95,6.95,6.94,6.94,580,2021-09-17 17:14:00,ACIU
6.95,6.95,6.95,6.95,200,2021-09-17 17:15:00,ACIU
6.95,6.95,6.95,6.95,100,2021-09-17 17:17:00,ACIU
6.9476,6.9476,6.9476,6.9476,150,2021-09-17 17:19:00,ACIU
6.9448,6.9448,6.9448,6.9448,300,2021-09-17 17:22:00,ACIU
6.9201,6.9201,6.9201,6.9201,1000,2021-09-17 17:24:00,ACIU
6.9201,6.9499,6.9201,6.9499,2700,2021-09-17 17:25:00,ACIU
6.92,6.9259,6.92,6.92,1100,2021-09-17 17:32:00,ACIU
6.91,6.91,6.91,6.91,100,2021-09-17 17:36:00,ACIU
6.9129,6.9129,6.9129,6.9129,100,2021-09-17 17:37:00,ACIU
6.91,6.91,6.91,6.91,325,2021-09-17 17:38:00,ACIU
6.91,6.91,6.9072,6.9072,700,2021-09-17 17:40:00,ACIU
6.91,6.91,6.91,6.91,100,2021-09-17 17:42:00,ACIU
6.91,6.91,6.91,6.91,942,2021-09-17 17:44:00,ACIU
6.9025,6.9025,6.9025,6.9025,300,2021-09-17 17:47:00,ACIU
6.8901,6.905,6.8901,6.905,300,2021-09-17 17:48:00,ACIU
6.9,6.905,6.9,6.905,1100,2021-09-17 17:49:00,ACIU
6.8931,6.9123,6.8931,6.9123,600,2021-09-17 17:52:00,ACIU
6.89,6.89,6.89,6.89,187,2021-09-17 17:53:00,ACIU
6.89,6.89,6.89,6.89,696,2021-09-17 17:54:00,ACIU
6.9,6.9,6.89,6.89,600,2021-09-17 17:55:00,ACIU
6.9,6.9,6.9,6.9,700,2021-09-17 17:56:00,ACIU
6.91,6.91,6.9,6.9,405,2021-09-17 18:05:00,ACIU
6.891,6.891,6.891,6.891,200,2021-09-17 18:06:00,ACIU
6.9,6.91,6.9,6.91,400,2021-09-17 18:09:00,ACIU
6.92,6.92,6.92,6.92,400,2021-09-17 18:11:00,ACIU
6.93,6.93,6.93,6.93,434,2021-09-17 18:13:00,ACIU
6.915,6.915,6.915,6.915,200,2021-09-17 18:14:00,ACIU
6.915,6.915,6.915,6.915,100,2021-09-17 18:16:00,ACIU
6.93,6.935,6.93,6.935,700,2021-09-17 18:21:00,ACIU
6.945,6.945,6.945,6.945,200,2021-09-17 18:22:00,ACIU
6.94,6.9499,6.94,6.9498,1000,2021-09-17 18:24:00,ACIU
6.956,6.956,6.95,6.95,300,2021-09-17 18:27:00,ACIU
6.95,6.95,6.95,6.95,100,2021-09-17 18:28:00,ACIU
6.94,6.94,6.94,6.94,1000,2021-09-17 18:30:00,ACIU
6.95,6.95,6.931,6.931,1958,2021-09-17 18:32:00,ACIU
6.94,6.94,6.93,6.9326,800,2021-09-17 18:35:00,ACIU
6.93,6.9303,6.93,6.93,803,2021-09-17 18:38:00,ACIU
6.93,6.94,6.93,6.94,681,2021-09-17 18:39:00,ACIU
6.93,6.93,6.93,6.93,115,2021-09-17 18:40:00,ACIU
6.94,6.98,6.94,6.955,2602,2021-09-17 18:43:00,ACIU
6.9651,6.9651,6.9651,6.9651,400,2021-09-17 18:44:00,ACIU
6.9679,6.9679,6.9679,6.9679,1200,2021-09-17 18:45:00,ACIU
6.96,6.96,6.96,6.96,100,2021-09-17 18:51:00,ACIU
6.965,6.965,6.965,6.965,100,2021-09-17 18:52:00,ACIU
6.97,6.98,6.96,6.98,2865,2021-09-17 18:53:00,ACIU
6.96,6.96,6.95,6.96,1931,2021-09-17 18:54:00,ACIU
6.95,6.95,6.95,6.95,350,2021-09-17 18:58:00,ACIU
6.97,6.9767,6.969,6.9767,1058,2021-09-17 18:59:00,ACIU
6.97,6.97,6.97,6.97,100,2021-09-17 19:00:00,ACIU
6.96,6.97,6.96,6.97,1270,2021-09-17 19:03:00,ACIU
6.98,6.98,6.976,6.976,1298,2021-09-17 19:05:00,ACIU
6.982,6.982,6.982,6.982,1000,2021-09-17 19:06:00,ACIU
6.99,6.99,6.97,6.97,500,2021-09-17 19:07:00,ACIU
6.97,6.97,6.97,6.97,1233,2021-09-17 19:08:00,ACIU
6.96,6.96,6.96,6.96,300,2021-09-17 19:09:00,ACIU
6.96,6.96,6.96,6.96,300,2021-09-17 19:10:00,ACIU
6.95,6.95,6.95,6.95,605,2021-09-17 19:12:00,ACIU
6.95,6.95,6.95,6.95,400,2021-09-17 19:16:00,ACIU
6.95,6.95,6.95,6.95,729,2021-09-17 19:17:00,ACIU
6.95,6.95,6.95,6.95,928,2021-09-17 19:19:00,ACIU
6.95,6.95,6.95,6.95,394,2021-09-17 19:21:00,ACIU
6.95,6.95,6.95,6.95,1000,2021-09-17 19:22:00,ACIU
6.96,6.97,6.96,6.97,609,2021-09-17 19:23:00,ACIU
6.96,6.96,6.95,6.96,2332,2021-09-17 19:26:00,ACIU
6.951,6.951,6.951,6.951,187,2021-09-17 19:28:00,ACIU
6.95,6.95,6.94,6.94,200,2021-09-17 19:29:00,ACIU
6.93,6.9389,6.93,6.9389,600,2021-09-17 19:30:00,ACIU
6.94,6.95,6.94,6.95,200,2021-09-17 19:31:00,ACIU
6.95,6.95,6.95,6.95,900,2021-09-17 19:32:00,ACIU
6.96,6.97,6.96,6.97,1100,2021-09-17 19:36:00,ACIU
6.9768,6.9768,6.97,6.97,498,2021-09-17 19:38:00,ACIU
6.96,6.962,6.96,6.962,1936,2021-09-17 19:39:00,ACIU
6.97,6.98,6.97,6.98,3237,2021-09-17 19:40:00,ACIU
6.98,6.9802,6.97,6.97,1800,2021-09-17 19:42:00,ACIU
6.98,6.99,6.97,6.9726,2497,2021-09-17 19:44:00,ACIU
6.98,6.98,6.97,6.98,2300,2021-09-17 19:46:00,ACIU
6.97,6.97,6.97,6.97,250,2021-09-17 19:47:00,ACIU
6.99,7.02,6.99,7.0,5639,2021-09-17 19:48:00,ACIU
6.99,6.99,6.985,6.985,595,2021-09-17 19:49:00,ACIU
6.97,6.98,6.97,6.97,1606,2021-09-17 19:50:00,ACIU
6.97,6.97,6.96,6.96,800,2021-09-17 19:51:00,ACIU
6.96,6.97,6.96,6.97,4214,2021-09-17 19:52:00,ACIU
6.99,6.99,6.98,6.98,1497,2021-09-17 19:53:00,ACIU
6.99,7.01,6.97,7.01,4390,2021-09-17 19:54:00,ACIU
7.0,7.0,6.98,6.99,2166,2021-09-17 19:56:00,ACIU
7.0,7.0,6.98,6.98,569,2021-09-17 19:57:00,ACIU
6.98,7.01,6.98,7.0,3107,2021-09-17 19:58:00,ACIU
7.0,7.02,6.99,7.0,3804,2021-09-17 19:59:00,ACIU
6.99,6.99,6.99,6.99,71816,2021-09-17 20:00:00,ACIU
6.99,6.99,6.99,6.99,1824,2021-09-17 20:01:00,ACIU
6.86,6.86,6.86,6.86,200,2021-09-20 12:14:00,ACIU
6.86,6.86,6.86,6.86,375,2021-09-20 12:19:00,ACIU
6.81,6.81,6.81,6.81,1200,2021-09-20 12:22:00,ACIU
6.81,6.81,6.79,6.79,5241,2021-09-20 12:24:00,ACIU
6.79,6.85,6.79,6.85,3758,2021-09-20 12:25:00,ACIU
6.81,6.81,6.81,6.81,200,2021-09-20 12:29:00,ACIU
6.81,6.81,6.81,6.81,100,2021-09-20 12:39:00,ACIU
6.85,6.85,6.85,6.85,125,2021-09-20 13:01:00,ACIU
6.85,6.85,6.85,6.85,100,2021-09-20 13:02:00,ACIU
6.86,6.86,6.86,6.86,1218,2021-09-20 13:03:00,ACIU
6.85,6.85,6.85,6.85,200,2021-09-20 13:09:00,ACIU
6.82,6.82,6.82,6.82,1000,2021-09-20 13:20:00,ACIU
6.84,6.85,6.84,6.85,200,2021-09-20 13:26:00,ACIU
6.83,6.85,6.83,6.85,6613,2021-09-20 13:30:00,ACIU
6.85,6.85,6.85,6.85,200,2021-09-20 13:32:00,ACIU
6.83,6.83,6.8111,6.8282,1228,2021-09-20 13:34:00,ACIU
6.85,6.85,6.85,6.85,1000,2021-09-20 13:35:00,ACIU
6.81,6.81,6.75,6.75,9286,2021-09-20 13:36:00,ACIU
6.775,6.775,6.775,6.775,400,2021-09-20 13:37:00,ACIU
6.754,6.8,6.75,6.76,4250,2021-09-20 13:38:00,ACIU
6.78,6.78,6.7569,6.7569,1500,2021-09-20 13:39:00,ACIU
6.7373,6.82,6.7373,6.8,4580,2021-09-20 13:40:00,ACIU
6.82,6.82,6.8,6.8,200,2021-09-20 13:41:00,ACIU
6.7985,6.82,6.7985,6.8,1100,2021-09-20 13:43:00,ACIU
6.8,6.8,6.8,6.8,130,2021-09-20 13:46:00,ACIU
6.8,6.8,6.8,6.8,250,2021-09-20 13:47:00,ACIU
6.84,6.84,6.84,6.84,100,2021-09-20 13:49:00,ACIU
6.83,6.83,6.83,6.83,100,2021-09-20 13:52:00,ACIU
6.85,6.85,6.817,6.83,885,2021-09-20 13:54:00,ACIU
6.86,6.86,6.85,6.85,400,2021-09-20 13:55:00,ACIU
6.8469,6.865,6.8469,6.865,400,2021-09-20 13:57:00,ACIU
6.85,6.85,6.85,6.85,1500,2021-09-20 13:58:00,ACIU
6.83,6.83,6.83,6.83,300,2021-09-20 14:01:00,ACIU
6.8181,6.8181,6.8181,6.8181,200,2021-09-20 14:02:00,ACIU
6.81,6.81,6.8,6.8,1186,2021-09-20 14:03:00,ACIU
6.78,6.81,6.78,6.8,3200,2021-09-20 14:04:00,ACIU
6.8,6.8,6.75,6.75,4820,2021-09-20 14:05:00,ACIU
6.7694,6.7694,6.76,6.7646,1440,2021-09-20 14:09:00,ACIU
6.76,6.76,6.76,6.76,100,2021-09-20 14:10:00,ACIU
6.78,6.78,6.77,6.78,300,2021-09-20 14:11:00,ACIU
6.78,6.78,6.78,6.78,200,2021-09-20 14:12:00,ACIU
6.77,6.82,6.76,6.78,3265,2021-09-20 14:13:00,ACIU
6.76,6.77,6.76,6.76,6779,2021-09-20 14:15:00,ACIU
6.8063,6.82,6.76,6.82,3400,2021-09-20 14:17:00,ACIU
6.76,6.81,6.76,6.8,5911,2021-09-20 14:20:00,ACIU
6.8,6.85,6.8,6.82,5884,2021-09-20 14:21:00,ACIU
6.82,6.82,6.8,6.8,990,2021-09-20 14:22:00,ACIU
6.84,6.9,6.82,6.9,3266,2021-09-20 14:24:00,ACIU
6.8434,6.8434,6.8434,6.8434,192,2021-09-20 14:25:00,ACIU
6.83,6.83,6.83,6.83,1000,2021-09-20 14:32:00,ACIU
6.845,6.845,6.83,6.8301,1500,2021-09-20 14:34:00,ACIU
6.815,6.815,6.8,6.8,400,2021-09-20 14:37:00,ACIU
6.8,6.8,6.8,6.8,700,2021-09-20 14:40:00,ACIU
6.78,6.78,6.78,6.78,400,2021-09-20 14:41:00,ACIU
6.78,6.78,6.78,6.78,100,2021-09-20 14:42:00,ACIU
6.78,6.79,6.77,6.79,1937,2021-09-20 14:43:00,ACIU
6.79,6.83,6.78,6.78,3065,2021-09-20 14:44:00,ACIU
6.8,6.8,6.78,6.78,1600,2021-09-20 14:46:00,ACIU
6.7601,6.8,6.7601,6.8,1671,2021-09-20 14:48:00,ACIU
6.797,6.797,6.797,6.797,250,2021-09-20 14:49:00,ACIU
6.7971,6.7971,6.7971,6.7971,232,2021-09-20 14:50:00,ACIU
6.7804,6.79,6.78,6.79,1100,2021-09-20 14:52:00,ACIU
6.8,6.8,6.8,6.8,200,2021-09-20 14:53:00,ACIU
6.8,6.81,6.8,6.81,833,2021-09-20 14:54:00,ACIU
6.8064,6.81,6.8064,6.81,287,2021-09-20 14:55:00,ACIU
6.82,6.83,6.82,6.83,200,2021-09-20 14:56:00,ACIU
6.78,6.79,6.78,6.78,1735,2021-09-20 14:58:00,ACIU
6.78,6.78,6.775,6.775,1358,2021-09-20 15:02:00,ACIU
6.785,6.785,6.76,6.761,1637,2021-09-20 15:03:00,ACIU
6.78,6.82,6.77,6.82,1228,2021-09-20 15:04:00,ACIU
6.8,6.83,6.79,6.8,2610,2021-09-20 15:05:00,ACIU
6.82,6.82,6.79,6.79,300,2021-09-20 15:06:00,ACIU
6.78,6.82,6.78,6.79,1700,2021-09-20 15:07:00,ACIU
6.79,6.85,6.79,6.835,6039,2021-09-20 15:08:00,ACIU
6.8315,6.8315,6.8315,6.8315,350,2021-09-20 15:10:00,ACIU
6.83,6.8399,6.83,6.8399,1300,2021-09-20 15:15:00,ACIU
6.84,6.84,6.84,6.84,100,2021-09-20 15:17:00,ACIU
6.83,6.83,6.83,6.83,100,2021-09-20 15:20:00,ACIU
6.84,6.84,6.81,6.81,800,2021-09-20 15:21:00,ACIU
6.81,6.81,6.81,6.81,1995,2021-09-20 15:23:00,ACIU
6.8001,6.8001,6.8001,6.8001,112,2021-09-20 15:26:00,ACIU
6.8001,6.8001,6.8001,6.8001,200,2021-09-20 15:28:00,ACIU
6.84,6.84,6.84,6.84,190,2021-09-20 15:29:00,ACIU
6.82,6.82,6.82,6.82,300,2021-09-20 15:30:00,ACIU
6.83,6.83,6.82,6.82,500,2021-09-20 15:32:00,ACIU
6.815,6.815,6.815,6.815,100,2021-09-20 15:38:00,ACIU
6.8,6.82,6.8,6.82,690,2021-09-20 15:39:00,ACIU
6.82,6.82,6.82,6.82,112,2021-09-20 15:40:00,ACIU
6.82,6.82,6.815,6.82,428,2021-09-20 15:41:00,ACIU
6.82,6.83,6.82,6.83,1300,2021-09-20 15:43:00,ACIU
6.81,6.84,6.81,6.84,280,2021-09-20 15:44:00,ACIU
6.815,6.815,6.815,6.815,300,2021-09-20 15:55:00,ACIU
6.815,6.83,6.815,6.83,600,2021-09-20 15:56:00,ACIU
6.82,6.83,6.82,6.83,1100,2021-09-20 15:57:00,ACIU
6.82,6.83,6.81,6.83,1714,2021-09-20 16:02:00,ACIU
6.83,6.83,6.83,6.83,400,2021-09-20 16:04:00,ACIU
6.81,6.81,6.8,6.8,500,2021-09-20 16:08:00,ACIU
6.8,6.8,6.8,6.8,100,2021-09-20 16:09:00,ACIU
6.82,6.82,6.82,6.82,300,2021-09-20 16:10:00,ACIU
6.79,6.82,6.79,6.82,1334,2021-09-20 16:12:00,ACIU
6.805,6.805,6.805,6.805,300,2021-09-20 16:13:00,ACIU
6.8139,6.816,6.8,6.816,1244,2021-09-20 16:14:00,ACIU
6.805,6.805,6.805,6.805,100,2021-09-20 16:15:00,ACIU
6.7976,6.7976,6.79,6.79,900,2021-09-20 16:16:00,ACIU
6.7961,6.7961,6.7961,6.7961,572,2021-09-20 16:17:00,ACIU
6.8,6.8,6.8,6.8,800,2021-09-20 16:19:00,ACIU
6.79,6.79,6.78,6.79,609,2021-09-20 16:21:00,ACIU
6.79,6.79,6.79,6.79,620,2021-09-20 16:23:00,ACIU
6.79,6.79,6.77,6.785,1780,2021-09-20 16:25:00,ACIU
6.78,6.78,6.78,6.78,200,2021-09-20 16:27:00,ACIU
6.79,6.79,6.78,6.78,300,2021-09-20 16:28:00,ACIU
6.78,6.79,6.77,6.77,724,2021-09-20 16:29:00,ACIU
6.78,6.78,6.77,6.77,200,2021-09-20 16:30:00,ACIU
6.77,6.78,6.76,6.78,1220,2021-09-20 16:31:00,ACIU
6.78,6.78,6.77,6.77,516,2021-09-20 16:32:00,ACIU
6.78,6.79,6.78,6.79,300,2021-09-20 16:33:00,ACIU
6.789,6.789,6.789,6.789,1000,2021-09-20 16:34:00,ACIU
6.7601,6.7601,6.7601,6.7601,242,2021-09-20 16:35:00,ACIU
6.77,6.78,6.76,6.78,800,2021-09-20 16:43:00,ACIU
6.78,6.78,6.78,6.78,250,2021-09-20 16:46:00,ACIU
6.78,6.78,6.7532,6.7532,2890,2021-09-20 16:47:00,ACIU
6.75,6.78,6.75,6.76,9112,2021-09-20 16:48:00,ACIU
6.76,6.76,6.75,6.75,500,2021-09-20 16:51:00,ACIU
6.75,6.76,6.75,6.76,700,2021-09-20 16:52:00,ACIU
6.72,6.72,6.72,6.72,500,2021-09-20 16:53:00,ACIU
6.7317,6.75,6.7317,6.75,1200,2021-09-20 16:54:00,ACIU
6.7301,6.75,6.73,6.75,4400,2021-09-20 16:55:00,ACIU
6.73,6.73,6.73,6.73,134,2021-09-20 16:58:00,ACIU
6.74,6.74,6.74,6.74,100,2021-09-20 17:01:00,ACIU
6.73,6.73,6.73,6.73,800,2021-09-20 17:06:00,ACIU
6.73,6.73,6.7,6.7,900,2021-09-20 17:07:00,ACIU
6.711,6.711,6.711,6.711,100,2021-09-20 17:08:00,ACIU
6.72,6.72,6.71,6.72,300,2021-09-20 17:11:00,ACIU
6.72,6.73,6.715,6.73,1121,2021-09-20 17:16:00,ACIU
6.72,6.72,6.72,6.72,269,2021-09-20 17:18:00,ACIU
6.73,6.73,6.73,6.73,184,2021-09-20 17:19:00,ACIU
6.71,6.71,6.71,6.71,200,2021-09-20 17:23:00,ACIU
6.71,6.72,6.71,6.72,200,2021-09-20 17:25:00,ACIU
6.73,6.73,6.73,6.73,200,2021-09-20 17:27:00,ACIU
6.72,6.74,6.72,6.74,500,2021-09-20 17:30:00,ACIU
6.73,6.7302,6.7201,6.73,4455,2021-09-20 17:32:00,ACIU
6.74,6.75,6.72,6.75,3600,2021-09-20 17:33:00,ACIU
6.7434,6.7434,6.7434,6.7434,200,2021-09-20 17:36:00,ACIU
6.74,6.74,6.72,6.74,900,2021-09-20 17:37:00,ACIU
6.75,6.75,6.75,6.75,172,2021-09-20 17:38:00,ACIU
6.72,6.75,6.72,6.74,7331,2021-09-20 17:45:00,ACIU
6.74,6.74,6.72,6.72,400,2021-09-20 17:46:00,ACIU
6.735,6.735,6.72,6.72,400,2021-09-20 17:47:00,ACIU
6.735,6.735,6.72,6.72,1199,2021-09-20 17:49:00,ACIU
6.72,6.735,6.72,6.72,8700,2021-09-20 17:50:00,ACIU
6.735,6.75,6.72,6.72,2300,2021-09-20 17:51:00,ACIU
6.735,6.735,6.72,6.72,600,2021-09-20 17:52:00,ACIU
6.73,6.73,6.7,6.7,9137,2021-09-20 17:54:00,ACIU
6.71,6.71,6.71,6.71,141,2021-09-20 17:55:00,ACIU
6.71,6.71,6.69,6.71,674,2021-09-20 17:56:00,ACIU
6.71,6.71,6.71,6.71,500,2021-09-20 17:57:00,ACIU
6.71,6.71,6.69,6.69,300,2021-09-20 17:59:00,ACIU
6.72,6.72,6.71,6.71,1200,2021-09-20 18:03:00,ACIU
6.69,6.74,6.69,6.74,1300,2021-09-20 18:04:00,ACIU
6.7399,6.7399,6.7399,6.7399,2370,2021-09-20 18:07:00,ACIU
6.74,6.74,6.74,6.74,2490,2021-09-20 18:18:00,ACIU
6.75,6.77,6.74,6.77,500,2021-09-20 18:19:00,ACIU
6.77,6.77,6.715,6.715,1200,2021-09-20 18:23:00,ACIU
6.73,6.73,6.73,6.73,100,2021-09-20 18:24:00,ACIU
6.71,6.71,6.71,6.71,400,2021-09-20 18:25:00,ACIU
6.71,6.71,6.71,6.71,237,2021-09-20 18:26:00,ACIU
6.7,6.7,6.69,6.69,2500,2021-09-20 18:29:00,ACIU
6.7,6.71,6.7,6.71,600,2021-09-20 18:31:00,ACIU
6.71,6.71,6.71,6.71,435,2021-09-20 18:33:00,ACIU
6.68,6.68,6.66,6.66,1200,2021-09-20 18:39:00,ACIU
6.69,6.7,6.69,6.7,300,2021-09-20 18:40:00,ACIU
6.68,6.68,6.68,6.68,500,2021-09-20 18:41:00,ACIU
6.66,6.66,6.66,6.66,200,2021-09-20 18:44:00,ACIU
6.69,6.69,6.69,6.69,100,2021-09-20 18:45:00,ACIU
6.69,6.69,6.69,6.69,200,2021-09-20 18:46:00,ACIU
6.67,6.67,6.67,6.67,800,2021-09-20 18:47:00,ACIU
6.67,6.68,6.66,6.66,3754,2021-09-20 18:48:00,ACIU
6.66,6.66,6.66,6.66,100,2021-09-20 18:49:00,ACIU
6.68,6.69,6.68,6.69,300,2021-09-20 18:50:00,ACIU
6.66,6.67,6.65,6.6566,3917,2021-09-20 18:51:00,ACIU
6.67,6.67,6.67,6.67,100,2021-09-20 18:53:00,ACIU
6.65,6.66,6.65,6.66,200,2021-09-20 18:54:00,ACIU
6.675,6.675,6.675,6.675,200,2021-09-20 18:55:00,ACIU
6.67,6.675,6.66,6.66,704,2021-09-20 18:56:00,ACIU
6.68,6.7,6.68,6.7,1900,2021-09-20 18:57:00,ACIU
6.71,6.71,6.71,6.71,100,2021-09-20 18:58:00,ACIU
6.68,6.69,6.67,6.68,1500,2021-09-20 18:59:00,ACIU
6.68,6.69,6.68,6.69,483,2021-09-20 19:00:00,ACIU
6.69,6.7,6.69,6.7,574,2021-09-20 19:01:00,ACIU
6.72,6.72,6.72,6.72,100,2021-09-20 19:04:00,ACIU
6.69,6.69,6.69,6.69,400,2021-09-20 19:06:00,ACIU
6.68,6.68,6.67,6.67,600,2021-09-20 19:07:00,ACIU
6.68,6.69,6.675,6.675,1600,2021-09-20 19:08:00,ACIU
6.66,6.66,6.66,6.66,100,2021-09-20 19:09:00,ACIU
6.66,6.675,6.66,6.66,300,2021-09-20 19:10:00,ACIU
6.6601,6.69,6.66,6.66,1300,2021-09-20 19:11:00,ACIU
6.66,6.66,6.66,6.66,200,2021-09-20 19:12:00,ACIU
6.65,6.65,6.65,6.65,100,2021-09-20 19:13:00,ACIU
6.67,6.68,6.67,6.68,400,2021-09-20 19:14:00,ACIU
6.68,6.68,6.65,6.68,869,2021-09-20 19:15:00,ACIU
6.6627,6.67,6.6627,6.67,500,2021-09-20 19:16:00,ACIU
6.65,6.65,6.64,6.64,847,2021-09-20 19:17:00,ACIU
6.63,6.63,6.6,6.6,4632,2021-09-20 19:18:00,ACIU
6.63,6.63,6.62,6.6238,300,2021-09-20 19:19:00,ACIU
6.6299,6.64,6.6299,6.64,1500,2021-09-20 19:20:00,ACIU
6.645,6.645,6.645,6.645,1108,2021-09-20 19:22:00,ACIU
6.645,6.645,6.63,6.63,1100,2021-09-20 19:23:00,ACIU
6.6499,6.6499,6.6499,6.6499,1000,2021-09-20 19:24:00,ACIU
6.66,6.68,6.6301,6.67,7800,2021-09-20 19:25:00,ACIU
6.67,6.68,6.67,6.68,900,2021-09-20 19:26:00,ACIU
6.675,6.675,6.675,6.675,100,2021-09-20 19:27:00,ACIU
6.69,6.7,6.69,6.7,1000,2021-09-20 19:28:00,ACIU
6.71,6.72,6.71,6.72,900,2021-09-20 19:29:00,ACIU
6.69,6.69,6.69,6.69,1100,2021-09-20 19:30:00,ACIU
6.69,6.69,6.69,6.69,184,2021-09-20 19:31:00,ACIU
6.68,6.69,6.67,6.69,1500,2021-09-20 19:33:00,ACIU
6.68,6.68,6.67,6.68,1050,2021-09-20 19:34:00,ACIU
6.7,6.7,6.7,6.7,100,2021-09-20 19:35:00,ACIU
6.71,6.71,6.7,6.71,2141,2021-09-20 19:37:00,ACIU
6.715,6.715,6.7,6.7,900,2021-09-20 19:38:00,ACIU
6.68,6.68,6.68,6.68,100,2021-09-20 19:39:00,ACIU
6.69,6.69,6.69,6.69,500,2021-09-20 19:40:00,ACIU
6.68,6.69,6.68,6.68,500,2021-09-20 19:41:00,ACIU
6.69,6.71,6.69,6.71,1800,2021-09-20 19:42:00,ACIU
6.71,6.71,6.7,6.7,2441,2021-09-20 19:43:00,ACIU
6.69,6.69,6.682,6.682,2024,2021-09-20 19:45:00,ACIU
6.72,6.72,6.71,6.71,200,2021-09-20 19:46:00,ACIU
6.72,6.72,6.7,6.71,2582,2021-09-20 19:47:00,ACIU
6.73,6.73,6.73,6.73,100,2021-09-20 19:48:00,ACIU
6.71,6.73,6.7,6.73,2070,2021-09-20 19:49:00,ACIU
6.73,6.73,6.71,6.72,3600,2021-09-20 19:50:00,ACIU
6.722,6.722,6.69,6.71,4733,2021-09-20 19:51:00,ACIU
6.72,6.73,6.705,6.71,605,2021-09-20 19:52:00,ACIU
6.7,6.7,6.7,6.7,500,2021-09-20 19:53:00,ACIU
6.7,6.7,6.69,6.7,951,2021-09-20 19:54:00,ACIU
6.69,6.71,6.68,6.71,5933,2021-09-20 19:55:00,ACIU
6.71,6.71,6.7,6.7,6648,2021-09-20 19:56:00,ACIU
6.69,6.72,6.69,6.72,7457,2021-09-20 19:57:00,ACIU
6.715,6.73,6.71,6.73,3947,2021-09-20 19:58:00,ACIU
6.725,6.73,6.72,6.73,4322,2021-09-20 19:59:00,ACIU
6.72,6.72,6.72,6.72,5389,2021-09-20 20:00:00,ACIU
6.72,6.72,6.72,6.72,2288,2021-09-20 21:03:00,ACIU
6.79,6.79,6.79,6.79,100,2021-09-21 10:58:00,ACIU
6.84,6.84,6.84,6.84,100,2021-09-21 11:37:00,ACIU
6.89,7.0,6.89,7.0,5500,2021-09-21 11:39:00,ACIU
7.04,7.36,7.04,7.21,4052,2021-09-21 11:40:00,ACIU
7.15,7.15,7.13,7.13,1011,2021-09-21 11:41:00,ACIU
7.05,7.13,7.05,7.13,1416,2021-09-21 11:42:00,ACIU
7.23,7.23,7.04,7.12,1901,2021-09-21 11:43:00,ACIU
7.2,7.3,7.0,7.0,13632,2021-09-21 11:44:00,ACIU
7.09,7.27,7.09,7.21,3556,2021-09-21 11:45:00,ACIU
7.2,7.2,7.14,7.14,1197,2021-09-21 11:46:00,ACIU
7.1,7.19,7.1,7.19,3967,2021-09-21 11:47:00,ACIU
7.15,7.18,7.14,7.18,4400,2021-09-21 11:48:00,ACIU
7.1,7.16,7.1,7.13,1352,2021-09-21 11:49:00,ACIU
7.08,7.08,7.01,7.01,2438,2021-09-21 11:50:00,ACIU
7.1,7.14,7.1,7.14,2595,2021-09-21 11:51:00,ACIU
7.14,7.17,7.14,7.17,978,2021-09-21 11:52:00,ACIU
7.16,7.17,7.13,7.14,3090,2021-09-21 11:53:00,ACIU
7.14,7.14,7.12,7.14,737,2021-09-21 11:54:00,ACIU
7.14,7.14,7.14,7.14,272,2021-09-21 11:56:00,ACIU
7.1,7.1,7.05,7.05,3354,2021-09-21 11:57:00,ACIU
7.06,7.06,7.06,7.06,100,2021-09-21 11:58:00,ACIU
7.06,7.06,7.06,7.06,104,2021-09-21 11:59:00,ACIU
7.04,7.05,6.9,6.9,6139,2021-09-21 12:00:00,ACIU
6.905,6.91,6.905,6.91,600,2021-09-21 12:01:00,ACIU
6.99,6.99,6.92,6.99,672,2021-09-21 12:02:00,ACIU
6.98,7.0,6.98,7.0,600,2021-09-21 12:04:00,ACIU
7.05,7.08,7.05,7.08,1250,2021-09-21 12:07:00,ACIU
7.03,7.04,6.96,6.96,1111,2021-09-21 12:09:00,ACIU
7.01,7.01,7.01,7.01,1000,2021-09-21 12:11:00,ACIU
6.95,6.95,6.9,6.9,400,2021-09-21 12:12:00,ACIU
6.9,6.9,6.82,6.82,1400,2021-09-21 12:13:00,ACIU
6.92,6.92,6.92,6.92,200,2021-09-21 12:14:00,ACIU
7.0,7.01,6.99,7.01,1293,2021-09-21 12:15:00,ACIU
6.9,6.97,6.9,6.97,500,2021-09-21 12:23:00,ACIU
6.97,6.97,6.97,6.97,100,2021-09-21 12:25:00,ACIU
7.01,7.01,7.01,7.01,100,2021-09-21 12:36:00,ACIU
6.8901,6.9,6.88,6.88,696,2021-09-21 12:43:00,ACIU
6.88,6.88,6.88,6.88,1070,2021-09-21 12:44:00,ACIU
6.88,6.88,6.88,6.88,414,2021-09-21 12:45:00,ACIU
6.88,6.88,6.85,6.85,4753,2021-09-21 12:46:00,ACIU
6.88,6.88,6.88,6.88,119,2021-09-21 12:47:00,ACIU
6.9,6.9,6.9,6.9,2000,2021-09-21 12:50:00,ACIU
6.87,6.88,6.87,6.88,1100,2021-09-21 12:51:00,ACIU
6.88,6.98,6.88,6.98,1422,2021-09-21 13:00:00,ACIU
6.89,6.89,6.87,6.87,704,2021-09-21 13:01:00,ACIU
6.89,6.89,6.89,6.89,500,2021-09-21 13:04:00,ACIU
6.9,6.9,6.9,6.9,100,2021-09-21 13:07:00,ACIU
6.9,6.9,6.87,6.87,491,2021-09-21 13:08:00,ACIU
6.97,6.97,6.97,6.97,100,2021-09-21 13:10:00,ACIU
6.95,6.95,6.95,6.95,100,2021-09-21 13:14:00,ACIU
6.88,6.88,6.88,6.88,100,2021-09-21 13:15:00,ACIU
6.96,6.96,6.96,6.96,1000,2021-09-21 13:16:00,ACIU
6.94,6.94,6.87,6.87,1063,2021-09-21 13:17:00,ACIU
6.85,6.85,6.85,6.85,152,2021-09-21 13:18:00,ACIU
6.96,6.96,6.96,6.96,100,2021-09-21 13:19:00,ACIU
6.95,6.95,6.95,6.95,100,2021-09-21 13:21:00,ACIU
6.94,6.95,6.94,6.95,700,2021-09-21 13:22:00,ACIU
6.95,6.96,6.95,6.96,1500,2021-09-21 13:23:00,ACIU
6.96,6.96,6.96,6.96,100,2021-09-21 13:24:00,ACIU
6.93,6.93,6.93,6.93,400,2021-09-21 13:25:00,ACIU
6.93,6.95,6.93,6.95,400,2021-09-21 13:26:00,ACIU
6.95,6.95,6.95,6.95,200,2021-09-21 13:27:00,ACIU
6.94,6.94,6.94,6.94,1400,2021-09-21 13:28:00,ACIU
6.88,6.9499,6.8608,6.9,17302,2021-09-21 13:30:00,ACIU
6.88,6.88,6.8,6.8,2684,2021-09-21 13:31:00,ACIU
6.88,6.88,6.82,6.88,4635,2021-09-21 13:32:00,ACIU
6.81,6.8625,6.81,6.8432,2461,2021-09-21 13:33:00,ACIU
6.85,6.8799,6.81,6.845,2093,2021-09-21 13:34:00,ACIU
6.82,6.8519,6.8,6.8519,1443,2021-09-21 13:35:00,ACIU
6.81,6.81,6.771,6.771,4906,2021-09-21 13:36:00,ACIU
6.78,6.82,6.78,6.8199,700,2021-09-21 13:37:00,ACIU
6.78,6.8,6.78,6.8,4269,2021-09-21 13:38:00,ACIU
6.79,6.79,6.78,6.78,2025,2021-09-21 13:39:00,ACIU
6.78,6.7948,6.76,6.78,2400,2021-09-21 13:40:00,ACIU
6.78,6.8,6.73,6.744,3212,2021-09-21 13:41:00,ACIU
6.74,6.76,6.74,6.755,3701,2021-09-21 13:42:00,ACIU
6.7401,6.77,6.74,6.77,671,2021-09-21 13:43:00,ACIU
6.75,6.75,6.74,6.74,650,2021-09-21 13:45:00,ACIU
6.725,6.7265,6.7,6.72,3740,2021-09-21 13:46:00,ACIU
6.7052,6.7052,6.7052,6.7052,297,2021-09-21 13:47:00,ACIU
6.7,6.74,6.7,6.72,3000,2021-09-21 13:48:00,ACIU
6.7133,6.73,6.7133,6.7299,1791,2021-09-21 13:49:00,ACIU
6.735,6.765,6.735,6.765,3200,2021-09-21 13:50:00,ACIU
6.762,6.762,6.762,6.762,100,2021-09-21 13:51:00,ACIU
6.76,6.8,6.75,6.76,4800,2021-09-21 13:52:00,ACIU
6.79,6.8,6.79,6.8,3790,2021-09-21 13:54:00,ACIU
6.8,6.81,6.7887,6.8064,2725,2021-09-21 13:55:00,ACIU
6.78,6.78,6.78,6.78,200,2021-09-21 13:56:00,ACIU
6.78,6.79,6.76,6.77,3029,2021-09-21 13:57:00,ACIU
6.745,6.76,6.74,6.76,2400,2021-09-21 13:58:00,ACIU
6.77,6.77,6.77,6.77,600,2021-09-21 13:59:00,ACIU
6.77,6.77,6.77,6.77,350,2021-09-21 14:00:00,ACIU
6.7654,6.78,6.765,6.78,1100,2021-09-21 14:01:00,ACIU
6.78,6.85,6.78,6.835,5259,2021-09-21 14:02:00,ACIU
6.855,6.855,6.855,6.855,500,2021-09-21 14:04:00,ACIU
6.8519,6.8519,6.8519,6.8519,146,2021-09-21 14:05:00,ACIU
6.82,6.84,6.8,6.8,941,2021-09-21 14:06:00,ACIU
6.79,6.81,6.79,6.795,4265,2021-09-21 14:07:00,ACIU
6.8,6.8,6.8,6.8,201,2021-09-21 14:08:00,ACIU
6.81,6.81,6.79,6.79,3325,2021-09-21 14:09:00,ACIU
6.8,6.82,6.8,6.82,1500,2021-09-21 14:10:00,ACIU
6.8174,6.82,6.8174,6.82,2940,2021-09-21 14:11:00,ACIU
6.8,6.8,6.8,6.8,100,2021-09-21 14:12:00,ACIU
6.82,6.82,6.82,6.82,400,2021-09-21 14:13:00,ACIU
6.8182,6.8182,6.81,6.81,483,2021-09-21 14:15:00,ACIU
6.8,6.81,6.795,6.81,1735,2021-09-21 14:16:00,ACIU
6.8,6.8,6.79,6.79,700,2021-09-21 14:17:00,ACIU
6.7901,6.7901,6.79,6.79,998,2021-09-21 14:18:00,ACIU
6.79,6.8,6.79,6.8,1295,2021-09-21 14:19:00,ACIU
6.8,6.8,6.8,6.8,377,2021-09-21 14:20:00,ACIU
6.8,6.8,6.795,6.795,300,2021-09-21 14:21:00,ACIU
6.79,6.795,6.7542,6.7542,5466,2021-09-21 14:23:00,ACIU
6.76,6.76,6.75,6.75,400,2021-09-21 14:24:00,ACIU
6.77,6.8,6.77,6.8,1063,2021-09-21 14:25:00,ACIU
6.8,6.8,6.8,6.8,100,2021-09-21 14:26:00,ACIU
6.8099,6.8099,6.8,6.8,903,2021-09-21 14:27:00,ACIU
6.7801,6.7801,6.7801,6.7801,100,2021-09-21 14:28:00,ACIU
6.7801,6.8,6.7801,6.8,1027,2021-09-21 14:29:00,ACIU
6.805,6.825,6.805,6.825,1386,2021-09-21 14:30:00,ACIU
6.83,6.83,6.83,6.83,100,2021-09-21 14:31:00,ACIU
6.84,6.8499,6.84,6.8499,569,2021-09-21 14:32:00,ACIU
6.83,6.83,6.83,6.83,100,2021-09-21 14:33:00,ACIU
6.85,6.86,6.84,6.84,400,2021-09-21 14:34:00,ACIU
6.86,6.86,6.86,6.86,100,2021-09-21 14:35:00,ACIU
6.8699,6.8699,6.8699,6.8699,1800,2021-09-21 14:36:00,ACIU
6.85,6.85,6.85,6.85,100,2021-09-21 14:37:00,ACIU
6.843,6.843,6.843,6.843,500,2021-09-21 14:38:00,ACIU
6.86,6.86,6.84,6.84,535,2021-09-21 14:40:00,ACIU
6.86,6.86,6.86,6.86,600,2021-09-21 14:41:00,ACIU
6.84,6.84,6.84,6.84,100,2021-09-21 14:42:00,ACIU
6.8544,6.8544,6.8544,6.8544,1300,2021-09-21 14:43:00,ACIU
6.83,6.83,6.82,6.82,400,2021-09-21 14:45:00,ACIU
6.825,6.84,6.8101,6.8101,1700,2021-09-21 14:46:00,ACIU
6.8208,6.8208,6.8208,6.8208,150,2021-09-21 14:47:00,ACIU
6.8,6.8,6.8,6.8,528,2021-09-21 14:48:00,ACIU
6.785,6.8,6.77,6.775,4498,2021-09-21 14:49:00,ACIU
6.77,6.77,6.765,6.7652,1858,2021-09-21 14:50:00,ACIU
6.765,6.765,6.765,6.765,672,2021-09-21 14:51:00,ACIU
6.765,6.765,6.75,6.75,400,2021-09-21 14:52:00,ACIU
6.765,6.765,6.765,6.765,100,2021-09-21 14:53:00,ACIU
6.76,6.77,6.74,6.76,1531,2021-09-21 14:54:00,ACIU
6.79,6.79,6.79,6.79,200,2021-09-21 14:55:00,ACIU
6.7799,6.7799,6.7799,6.7799,2000,2021-09-21 14:56:00,ACIU
6.759,6.759,6.759,6.759,500,2021-09-21 14:58:00,ACIU
6.7799,6.7799,6.7799,6.7799,100,2021-09-21 15:00:00,ACIU
6.7699,6.7699,6.765,6.765,217,2021-09-21 15:01:00,ACIU
6.7684,6.7689,6.7684,6.7689,1300,2021-09-21 15:02:00,ACIU
6.76,6.76,6.76,6.76,100,2021-09-21 15:03:00,ACIU
6.77,6.79,6.77,6.785,2050,2021-09-21 15:04:00,ACIU
6.7929,6.7929,6.77,6.77,600,2021-09-21 15:05:00,ACIU
6.7962,6.81,6.7962,6.81,350,2021-09-21 15:06:00,ACIU
6.83,6.83,6.83,6.83,100,2021-09-21 15:08:00,ACIU
6.83,6.83,6.83,6.83,300,2021-09-21 15:09:00,ACIU
6.8,6.8,6.8,6.8,100,2021-09-21 15:10:00,ACIU
6.8,6.8,6.79,6.79,511,2021-09-21 15:11:00,ACIU
6.8064,6.8064,6.8064,6.8064,400,2021-09-21 15:12:00,ACIU
6.81,6.83,6.81,6.81,1500,2021-09-21 15:13:00,ACIU
6.83,6.83,6.83,6.83,500,2021-09-21 15:17:00,ACIU
6.8424,6.8424,6.83,6.83,400,2021-09-21 15:20:00,ACIU
6.84,6.84,6.84,6.84,500,2021-09-21 15:21:00,ACIU
6.85,6.85,6.84,6.84,300,2021-09-21 15:23:00,ACIU
6.83,6.83,6.82,6.82,300,2021-09-21 15:24:00,ACIU
6.8216,6.8216,6.8216,6.8216,300,2021-09-21 15:25:00,ACIU
6.81,6.81,6.81,6.81,100,2021-09-21 15:26:00,ACIU
6.8,6.8,6.8,6.8,100,2021-09-21 15:27:00,ACIU
6.8,6.8,6.8,6.8,500,2021-09-21 15:28:00,ACIU
6.8,6.81,6.8,6.81,797,2021-09-21 15:30:00,ACIU
6.82,6.85,6.82,6.85,2374,2021-09-21 15:31:00,ACIU
6.85,6.89,6.85,6.89,3086,2021-09-21 15:32:00,ACIU
6.88,6.88,6.88,6.88,1120,2021-09-21 15:33:00,ACIU
6.86,6.88,6.86,6.88,300,2021-09-21 15:38:00,ACIU
6.86,6.86,6.86,6.86,200,2021-09-21 15:39:00,ACIU
6.87,6.88,6.87,6.88,2150,2021-09-21 15:40:00,ACIU
6.86,6.86,6.86,6.86,200,2021-09-21 15:43:00,ACIU
6.86,6.8622,6.85,6.85,3000,2021-09-21 15:44:00,ACIU
6.8499,6.8499,6.8499,6.8499,200,2021-09-21 15:46:00,ACIU
6.85,6.87,6.85,6.87,1303,2021-09-21 15:47:00,ACIU
6.8705,6.8705,6.87,6.87,6400,2021-09-21 15:49:00,ACIU
6.85,6.85,6.85,6.85,100,2021-09-21 15:51:00,ACIU
6.855,6.86,6.855,6.86,224,2021-09-21 15:52:00,ACIU
6.85,6.85,6.85,6.85,200,2021-09-21 15:53:00,ACIU
6.84,6.84,6.84,6.84,100,2021-09-21 15:54:00,ACIU
6.855,6.855,6.855,6.855,100,2021-09-21 15:56:00,ACIU
6.85,6.85,6.85,6.85,800,2021-09-21 15:58:00,ACIU
6.85,6.85,6.85,6.85,610,2021-09-21 15:59:00,ACIU
6.86,6.86,6.85,6.86,1100,2021-09-21 16:00:00,ACIU
6.8699,6.8699,6.8699,6.8699,900,2021-09-21 16:01:00,ACIU
6.855,6.855,6.855,6.855,100,2021-09-21 16:02:00,ACIU
6.87,6.87,6.865,6.865,400,2021-09-21 16:04:00,ACIU
6.86,6.8601,6.855,6.8601,1200,2021-09-21 16:05:00,ACIU
6.86,6.8699,6.86,6.86,1500,2021-09-21 16:06:00,ACIU
6.85,6.85,6.85,6.85,100,2021-09-21 16:08:00,ACIU
6.86,6.86,6.86,6.86,700,2021-09-21 16:11:00,ACIU
6.854,6.854,6.854,6.854,100,2021-09-21 16:12:00,ACIU
6.85,6.85,6.85,6.85,200,2021-09-21 16:13:00,ACIU
6.85,6.85,6.841,6.841,2928,2021-09-21 16:14:00,ACIU
6.83,6.845,6.83,6.845,300,2021-09-21 16:15:00,ACIU
6.83,6.83,6.83,6.83,4706,2021-09-21 16:16:00,ACIU
6.815,6.823,6.8,6.815,967,2021-09-21 16:17:00,ACIU
6.81,6.81,6.81,6.81,100,2021-09-21 16:20:00,ACIU
6.81,6.81,6.81,6.81,400,2021-09-21 16:24:00,ACIU
6.805,6.805,6.78,6.79,2984,2021-09-21 16:26:00,ACIU
6.77,6.79,6.77,6.79,500,2021-09-21 16:27:00,ACIU
6.785,6.785,6.77,6.77,450,2021-09-21 16:28:00,ACIU
6.8,6.8,6.785,6.785,200,2021-09-21 16:29:00,ACIU
6.78,6.79,6.78,6.79,300,2021-09-21 16:31:00,ACIU
6.79,6.79,6.79,6.79,100,2021-09-21 16:32:00,ACIU
6.79,6.79,6.79,6.79,100,2021-09-21 16:33:00,ACIU
6.79,6.79,6.78,6.78,600,2021-09-21 16:34:00,ACIU
6.78,6.78,6.78,6.78,100,2021-09-21 16:35:00,ACIU
6.7747,6.7747,6.7747,6.7747,200,2021-09-21 16:36:00,ACIU
6.78,6.78,6.78,6.78,200,2021-09-21 16:37:00,ACIU
6.79,6.79,6.785,6.785,1000,2021-09-21 16:38:00,ACIU
6.79,6.79,6.79,6.79,1000,2021-09-21 16:39:00,ACIU
6.775,6.775,6.775,6.775,150,2021-09-21 16:41:00,ACIU
6.775,6.775,6.775,6.775,300,2021-09-21 16:42:00,ACIU
6.76,6.76,6.76,6.76,100,2021-09-21 16:43:00,ACIU
6.775,6.775,6.775,6.775,300,2021-09-21 16:45:00,ACIU
6.77,6.7716,6.77,6.7716,400,2021-09-21 16:46:00,ACIU
6.77,6.7702,6.77,6.77,1100,2021-09-21 16:49:00,ACIU
6.76,6.76,6.76,6.76,100,2021-09-21 16:50:00,ACIU
6.75,6.76,6.74,6.74,1393,2021-09-21 16:51:00,ACIU
6.74,6.74,6.74,6.74,200,2021-09-21 16:52:00,ACIU
6.73,6.73,6.73,6.73,500,2021-09-21 16:53:00,ACIU
6.74,6.745,6.74,6.745,900,2021-09-21 16:54:00,ACIU
6.745,6.745,6.745,6.745,100,2021-09-21 16:55:00,ACIU
6.745,6.745,6.74,6.74,605,2021-09-21 16:59:00,ACIU
6.74,6.74,6.74,6.74,200,2021-09-21 17:00:00,ACIU
6.74,6.76,6.74,6.76,1500,2021-09-21 17:01:00,ACIU
6.78,6.78,6.75,6.75,400,2021-09-21 17:03:00,ACIU
6.76,6.76,6.76,6.76,200,2021-09-21 17:05:00,ACIU
6.765,6.765,6.765,6.765,600,2021-09-21 17:10:00,ACIU
6.765,6.765,6.765,6.765,100,2021-09-21 17:12:00,ACIU
6.765,6.765,6.765,6.765,100,2021-09-21 17:14:00,ACIU
6.765,6.765,6.765,6.765,500,2021-09-21 17:15:00,ACIU
6.765,6.765,6.765,6.765,100,2021-09-21 17:16:00,ACIU
6.7651,6.7651,6.765,6.765,528,2021-09-21 17:18:00,ACIU
6.76,6.76,6.76,6.76,200,2021-09-21 17:20:00,ACIU
6.76,6.76,6.76,6.76,200,2021-09-21 17:21:00,ACIU
6.75,6.75,6.75,6.75,100,2021-09-21 17:22:00,ACIU
6.76,6.76,6.74,6.74,800,2021-09-21 17:24:00,ACIU
6.74,6.74,6.73,6.73,429,2021-09-21 17:25:00,ACIU
6.74,6.74,6.74,6.74,488,2021-09-21 17:26:00,ACIU
6.7477,6.7477,6.7477,6.7477,100,2021-09-21 17:27:00,ACIU
6.74,6.74,6.74,6.74,100,2021-09-21 17:29:00,ACIU
6.75,6.7575,6.75,6.7575,800,2021-09-21 17:30:00,ACIU
6.76,6.77,6.76,6.77,200,2021-09-21 17:33:00,ACIU
6.75,6.76,6.75,6.76,500,2021-09-21 17:34:00,ACIU
6.75,6.76,6.75,6.76,1111,2021-09-21 17:35:00,ACIU
6.755,6.7626,6.755,6.7626,300,2021-09-21 17:36:00,ACIU
6.7699,6.7699,6.755,6.755,415,2021-09-21 17:37:00,ACIU
6.76,6.76,6.76,6.76,200,2021-09-21 17:39:00,ACIU
6.7412,6.76,6.7412,6.755,500,2021-09-21 17:40:00,ACIU
6.7699,6.7699,6.7699,6.7699,2000,2021-09-21 17:41:00,ACIU
6.76,6.76,6.76,6.76,100,2021-09-21 17:42:00,ACIU
6.755,6.755,6.755,6.755,600,2021-09-21 17:43:00,ACIU
6.75,6.75,6.75,6.75,200,2021-09-21 17:44:00,ACIU
6.76,6.76,6.76,6.76,1200,2021-09-21 17:45:00,ACIU
6.76,6.76,6.76,6.76,100,2021-09-21 17:46:00,ACIU
6.77,6.77,6.77,6.77,1000,2021-09-21 17:49:00,ACIU
6.77,6.77,6.77,6.77,800,2021-09-21 17:50:00,ACIU
6.7757,6.7757,6.7757,6.7757,100,2021-09-21 17:51:00,ACIU
6.77,6.78,6.77,6.78,700,2021-09-21 17:52:00,ACIU
6.78,6.78,6.765,6.765,1700,2021-09-21 17:53:00,ACIU
6.76,6.76,6.76,6.76,305,2021-09-21 17:54:00,ACIU
6.755,6.755,6.755,6.755,200,2021-09-21 17:55:00,ACIU
6.755,6.755,6.746,6.746,400,2021-09-21 17:57:00,ACIU
6.755,6.755,6.755,6.755,100,2021-09-21 17:58:00,ACIU
6.755,6.755,6.755,6.755,100,2021-09-21 17:59:00,ACIU
6.755,6.755,6.755,6.755,100,2021-09-21 18:01:00,ACIU
6.755,6.755,6.755,6.755,100,2021-09-21 18:02:00,ACIU
6.755,6.755,6.755,6.755,100,2021-09-21 18:03:00,ACIU
6.755,6.77,6.75,6.75,1390,2021-09-21 18:06:00,ACIU
6.78,6.78,6.78,6.78,2000,2021-09-21 18:09:00,ACIU
6.76,6.76,6.76,6.76,1300,2021-09-21 18:14:00,ACIU
6.75,6.76,6.75,6.76,4661,2021-09-21 18:15:00,ACIU
6.76,6.76,6.75,6.76,517,2021-09-21 18:16:00,ACIU
6.77,6.77,6.77,6.77,300,2021-09-21 18:17:00,ACIU
6.76,6.76,6.76,6.76,100,2021-09-21 18:19:00,ACIU
6.75,6.75,6.73,6.7304,2927,2021-09-21 18:20:00,ACIU
6.75,6.76,6.73,6.755,2087,2021-09-21 18:21:00,ACIU
6.75,6.75,6.745,6.745,1689,2021-09-21 18:24:00,ACIU
6.745,6.745,6.745,6.745,300,2021-09-21 18:26:00,ACIU
6.76,6.76,6.75,6.75,1172,2021-09-21 18:30:00,ACIU
6.76,6.76,6.76,6.76,100,2021-09-21 18:31:00,ACIU
6.7538,6.7538,6.7538,6.7538,200,2021-09-21 18:32:00,ACIU
6.76,6.76,6.76,6.76,300,2021-09-21 18:33:00,ACIU
6.76,6.76,6.76,6.76,100,2021-09-21 18:34:00,ACIU
6.7699,6.7699,6.76,6.76,321,2021-09-21 18:36:00,ACIU
6.76,6.76,6.76,6.76,100,2021-09-21 18:38:00,ACIU
6.7599,6.7599,6.7599,6.7599,100,2021-09-21 18:39:00,ACIU
6.76,6.78,6.755,6.77,4202,2021-09-21 18:40:00,ACIU
6.785,6.8,6.785,6.8,600,2021-09-21 18:44:00,ACIU
6.785,6.785,6.785,6.785,200,2021-09-21 18:45:00,ACIU
6.8,6.8,6.79,6.79,625,2021-09-21 18:47:00,ACIU
6.8,6.8,6.8,6.8,594,2021-09-21 18:48:00,ACIU
6.8,6.8,6.8,6.8,300,2021-09-21 18:49:00,ACIU
6.81,6.81,6.81,6.81,318,2021-09-21 18:50:00,ACIU
6.82,6.835,6.82,6.835,900,2021-09-21 18:51:00,ACIU
6.82,6.82,6.8199,6.8199,600,2021-09-21 18:52:00,ACIU
6.8001,6.8001,6.79,6.79,1467,2021-09-21 18:53:00,ACIU
6.795,6.795,6.795,6.795,300,2021-09-21 18:54:00,ACIU
6.79,6.79,6.775,6.79,800,2021-09-21 18:56:00,ACIU
6.79,6.79,6.79,6.79,200,2021-09-21 18:57:00,ACIU
6.79,6.79,6.79,6.79,300,2021-09-21 18:58:00,ACIU
6.8,6.82,6.8,6.82,400,2021-09-21 19:00:00,ACIU
6.817,6.817,6.817,6.817,100,2021-09-21 19:02:00,ACIU
6.8,6.8,6.79,6.79,2013,2021-09-21 19:05:00,ACIU
6.79,6.79,6.79,6.79,1000,2021-09-21 19:06:00,ACIU
6.7801,6.7801,6.7801,6.7801,100,2021-09-21 19:07:00,ACIU
6.8,6.8,6.8,6.8,104,2021-09-21 19:08:00,ACIU
6.8,6.8,6.7801,6.7801,1100,2021-09-21 19:10:00,ACIU
6.8,6.8,6.8,6.8,500,2021-09-21 19:13:00,ACIU
6.8,6.8,6.8,6.8,200,2021-09-21 19:14:00,ACIU
6.81,6.82,6.81,6.82,700,2021-09-21 19:15:00,ACIU
6.82,6.82,6.8,6.8,1100,2021-09-21 19:16:00,ACIU
6.79,6.8,6.79,6.8,400,2021-09-21 19:18:00,ACIU
6.785,6.79,6.785,6.79,700,2021-09-21 19:19:00,ACIU
6.79,6.8,6.79,6.8,700,2021-09-21 19:21:00,ACIU
6.805,6.805,6.805,6.805,1000,2021-09-21 19:22:00,ACIU
6.8,6.8,6.8,6.8,528,2021-09-21 19:23:00,ACIU
6.7927,6.8,6.7927,6.8,400,2021-09-21 19:25:00,ACIU
6.8,6.8,6.8,6.8,100,2021-09-21 19:26:00,ACIU
6.8,6.8,6.8,6.8,100,2021-09-21 19:27:00,ACIU
6.8,6.8,6.8,6.8,300,2021-09-21 19:28:00,ACIU
6.81,6.81,6.8,6.8,600,2021-09-21 19:29:00,ACIU
6.8,6.81,6.79,6.795,21483,2021-09-21 19:30:00,ACIU
6.795,6.795,6.795,6.795,300,2021-09-21 19:31:00,ACIU
6.8,6.8,6.8,6.8,100,2021-09-21 19:32:00,ACIU
6.8,6.8,6.79,6.79,400,2021-09-21 19:33:00,ACIU
6.8,6.8,6.795,6.795,1687,2021-09-21 19:34:00,ACIU
6.8,6.82,6.795,6.81,3481,2021-09-21 19:35:00,ACIU
6.8026,6.8026,6.8026,6.8026,200,2021-09-21 19:37:00,ACIU
6.81,6.81,6.81,6.81,100,2021-09-21 19:38:00,ACIU
6.81,6.81,6.81,6.81,100,2021-09-21 19:39:00,ACIU
6.81,6.81,6.81,6.81,222,2021-09-21 19:41:00,ACIU
6.82,6.82,6.82,6.82,100,2021-09-21 19:42:00,ACIU
6.81,6.81,6.8,6.81,1247,2021-09-21 19:43:00,ACIU
6.81,6.81,6.81,6.81,400,2021-09-21 19:44:00,ACIU
6.82,6.82,6.8,6.8,2750,2021-09-21 19:45:00,ACIU
6.8,6.805,6.78,6.79,21486,2021-09-21 19:46:00,ACIU
6.78,6.7977,6.78,6.78,700,2021-09-21 19:47:00,ACIU
6.79,6.8,6.79,6.79,2387,2021-09-21 19:48:00,ACIU
6.78,6.79,6.78,6.79,3289,2021-09-21 19:49:00,ACIU
6.785,6.785,6.78,6.78,2292,2021-09-21 19:50:00,ACIU
6.785,6.785,6.785,6.785,400,2021-09-21 19:51:00,ACIU
6.79,6.79,6.785,6.785,3400,2021-09-21 19:52:00,ACIU
6.7805,6.79,6.78,6.79,750,2021-09-21 19:53:00,ACIU
6.785,6.785,6.785,6.785,1118,2021-09-21 19:54:00,ACIU
6.79,6.79,6.79,6.79,100,2021-09-21 19:55:00,ACIU
6.79,6.8,6.79,6.8,3325,2021-09-21 19:56:00,ACIU
6.8,6.805,6.8,6.805,3481,2021-09-21 19:57:00,ACIU
6.805,6.81,6.8,6.805,2600,2021-09-21 19:58:00,ACIU
6.8,6.81,6.79,6.79,2778,2021-09-21 19:59:00,ACIU
6.795,6.795,6.795,6.795,23262,2021-09-21 20:00:00,ACIU
6.79,6.79,6.79,6.79,189,2021-09-21 20:55:00,ACIU
6.81,6.81,6.81,6.81,100,2021-09-21 21:08:00,ACIU
6.85,6.85,6.85,6.85,400,2021-09-21 21:59:00,ACIU
6.92,6.92,6.92,6.92,300,2021-09-21 22:59:00,ACIU
6.8,6.8,6.8,6.8,150,2021-09-22 11:26:00,ACIU
6.77,6.77,6.73,6.73,576,2021-09-22 12:02:00,ACIU
6.73,6.73,6.73,6.73,100,2021-09-22 12:09:00,ACIU
6.8,6.8,6.8,6.8,5825,2021-09-22 13:30:00,ACIU
6.76,6.78,6.75,6.75,6700,2021-09-22 13:32:00,ACIU
6.7483,6.7483,6.7483,6.7483,700,2021-09-22 13:36:00,ACIU
6.72,6.72,6.71,6.71,600,2021-09-22 13:37:00,ACIU
6.71,6.71,6.71,6.71,200,2021-09-22 13:38:00,ACIU
6.71,6.71,6.71,6.71,3222,2021-09-22 13:40:00,ACIU
6.7,6.7,6.695,6.695,2741,2021-09-22 13:41:00,ACIU
6.69,6.69,6.65,6.65,1925,2021-09-22 13:43:00,ACIU
6.675,6.675,6.675,6.675,100,2021-09-22 13:45:00,ACIU
6.7,6.7,6.7,6.7,201,2021-09-22 13:49:00,ACIU
6.6983,6.7,6.6983,6.7,2345,2021-09-22 13:50:00,ACIU
6.7,6.7,6.69,6.69,754,2021-09-22 13:51:00,ACIU
6.7099,6.7099,6.7099,6.7099,223,2021-09-22 13:56:00,ACIU
6.69,6.69,6.69,6.69,100,2021-09-22 13:59:00,ACIU
6.69,6.69,6.6701,6.6701,900,2021-09-22 14:00:00,ACIU
6.67,6.67,6.67,6.67,1600,2021-09-22 14:01:00,ACIU
6.67,6.69,6.67,6.69,900,2021-09-22 14:02:00,ACIU
6.7,6.73,6.675,6.69,5770,2021-09-22 14:04:00,ACIU
6.73,6.73,6.718,6.718,400,2021-09-22 14:05:00,ACIU
6.7203,6.7203,6.7203,6.7203,150,2021-09-22 14:06:00,ACIU
6.71,6.71,6.71,6.71,200,2021-09-22 14:07:00,ACIU
6.72,6.72,6.72,6.72,300,2021-09-22 14:12:00,ACIU
6.71,6.71,6.71,6.71,500,2021-09-22 14:13:00,ACIU
6.72,6.76,6.72,6.73,5981,2021-09-22 14:14:00,ACIU
6.72,6.72,6.72,6.72,555,2021-09-22 14:17:00,ACIU
6.71,6.71,6.71,6.71,100,2021-09-22 14:22:00,ACIU
6.71,6.71,6.705,6.705,3103,2021-09-22 14:27:00,ACIU
6.705,6.705,6.6906,6.6906,1200,2021-09-22 14:28:00,ACIU
6.72,6.72,6.72,6.72,3980,2021-09-22 14:30:00,ACIU
6.72,6.73,6.72,6.72,16935,2021-09-22 14:31:00,ACIU
6.715,6.73,6.715,6.7225,500,2021-09-22 14:32:00,ACIU
6.715,6.715,6.715,6.715,183,2021-09-22 14:33:00,ACIU
6.73,6.74,6.73,6.74,731,2021-09-22 14:34:00,ACIU
6.75,6.75,6.75,6.75,119,2021-09-22 14:35:00,ACIU
6.72,6.72,6.72,6.72,300,2021-09-22 14:37:00,ACIU
6.735,6.735,6.73,6.73,250,2021-09-22 14:38:00,ACIU
6.73,6.78,6.71,6.77,5214,2021-09-22 14:39:00,ACIU
6.77,6.78,6.75,6.76,3600,2021-09-22 14:40:00,ACIU
6.77,6.77,6.75,6.75,1100,2021-09-22 14:41:00,ACIU
6.77,6.77,6.73,6.73,2881,2021-09-22 14:42:00,ACIU
6.73,6.75,6.73,6.75,2698,2021-09-22 14:43:00,ACIU
6.73,6.73,6.73,6.73,100,2021-09-22 14:49:00,ACIU
6.73,6.7301,6.72,6.73,2252,2021-09-22 14:50:00,ACIU
6.73,6.73,6.73,6.73,247,2021-09-22 14:51:00,ACIU
6.72,6.72,6.72,6.72,300,2021-09-22 14:52:00,ACIU
6.73,6.74,6.73,6.74,3295,2021-09-22 14:53:00,ACIU
6.7408,6.75,6.7408,6.75,200,2021-09-22 14:55:00,ACIU
6.73,6.73,6.73,6.73,500,2021-09-22 14:58:00,ACIU
6.72,6.72,6.72,6.72,100,2021-09-22 15:00:00,ACIU
6.73,6.73,6.73,6.73,400,2021-09-22 15:02:00,ACIU
6.73,6.73,6.73,6.73,300,2021-09-22 15:03:00,ACIU
6.73,6.73,6.72,6.73,5024,2021-09-22 15:04:00,ACIU
6.725,6.725,6.725,6.725,100,2021-09-22 15:14:00,ACIU
6.72,6.72,6.68,6.71,3159,2021-09-22 15:16:00,ACIU
6.71,6.71,6.71,6.71,200,2021-09-22 15:26:00,ACIU
6.72,6.725,6.685,6.685,2111,2021-09-22 15:31:00,ACIU
6.71,6.71,6.6918,6.6918,695,2021-09-22 15:32:00,ACIU
6.695,6.695,6.695,6.695,100,2021-09-22 15:39:00,ACIU
6.7,6.7,6.7,6.7,295,2021-09-22 15:49:00,ACIU
6.7,6.7,6.7,6.7,217,2021-09-22 15:51:00,ACIU
6.69,6.69,6.69,6.69,100,2021-09-22 15:52:00,ACIU
6.6987,6.6987,6.6987,6.6987,100,2021-09-22 15:55:00,ACIU
6.69,6.7,6.69,6.7,1150,2021-09-22 15:59:00,ACIU
6.69,6.69,6.69,6.69,100,2021-09-22 16:02:00,ACIU
6.68,6.68,6.68,6.68,259,2021-09-22 16:03:00,ACIU
6.69,6.7,6.69,6.7,2688,2021-09-22 16:04:00,ACIU
6.6977,6.6977,6.6977,6.6977,1000,2021-09-22 16:15:00,ACIU
6.67,6.67,6.67,6.67,100,2021-09-22 16:23:00,ACIU
6.67,6.68,6.67,6.68,514,2021-09-22 16:24:00,ACIU
6.67,6.67,6.67,6.67,160,2021-09-22 16:30:00,ACIU
6.68,6.68,6.68,6.68,160,2021-09-22 16:31:00,ACIU
6.68,6.68,6.68,6.68,1000,2021-09-22 16:34:00,ACIU
6.67,6.67,6.67,6.67,100,2021-09-22 16:36:00,ACIU
6.69,6.69,6.69,6.69,500,2021-09-22 16:37:00,ACIU
6.68,6.68,6.67,6.67,400,2021-09-22 16:41:00,ACIU
6.6784,6.6784,6.6784,6.6784,300,2021-09-22 16:44:00,ACIU
6.69,6.69,6.69,6.69,200,2021-09-22 16:45:00,ACIU
6.684,6.684,6.68,6.68,200,2021-09-22 16:47:00,ACIU
6.6883,6.6883,6.6883,6.6883,300,2021-09-22 16:48:00,ACIU
6.68,6.68,6.68,6.68,100,2021-09-22 16:50:00,ACIU
6.6708,6.6708,6.6708,6.6708,500,2021-09-22 16:52:00,ACIU
6.67,6.6701,6.65,6.6611,2150,2021-09-22 16:55:00,ACIU
6.67,6.73,6.67,6.72,9744,2021-09-22 16:56:00,ACIU
6.71,6.71,6.71,6.71,100,2021-09-22 16:59:00,ACIU
6.71,6.71,6.71,6.71,100,2021-09-22 17:04:00,ACIU
6.7069,6.7069,6.7069,6.7069,223,2021-09-22 17:06:00,ACIU
6.6904,6.6904,6.6904,6.6904,1000,2021-09-22 17:07:00,ACIU
6.69,6.7,6.68,6.68,700,2021-09-22 17:11:00,ACIU
6.7,6.7,6.7,6.7,100,2021-09-22 17:12:00,ACIU
6.7,6.7,6.7,6.7,249,2021-09-22 17:14:00,ACIU
6.68,6.68,6.68,6.68,1157,2021-09-22 17:20:00,ACIU
6.6836,6.6836,6.6836,6.6836,100,2021-09-22 17:21:00,ACIU
6.675,6.675,6.675,6.675,100,2021-09-22 17:25:00,ACIU
6.67,6.67,6.6677,6.6677,2292,2021-09-22 17:31:00,ACIU
6.67,6.67,6.67,6.67,392,2021-09-22 17:32:00,ACIU
6.6873,6.6873,6.6873,6.6873,200,2021-09-22 17:33:00,ACIU
6.68,6.68,6.68,6.68,750,2021-09-22 17:36:00,ACIU
6.69,6.69,6.69,6.69,846,2021-09-22 17:44:00,ACIU
6.6899,6.69,6.6899,6.69,803,2021-09-22 17:46:00,ACIU
6.69,6.69,6.69,6.69,654,2021-09-22 17:47:00,ACIU
6.697,6.697,6.697,6.697,250,2021-09-22 17:57:00,ACIU
6.68,6.685,6.68,6.685,900,2021-09-22 18:00:00,ACIU
6.7,6.7,6.7,6.7,1487,2021-09-22 18:01:00,ACIU
6.71,6.71,6.705,6.705,258,2021-09-22 18:02:00,ACIU
6.705,6.705,6.705,6.705,100,2021-09-22 18:03:00,ACIU
6.73,6.74,6.73,6.74,21526,2021-09-22 18:04:00,ACIU
6.74,6.74,6.74,6.74,248,2021-09-22 18:05:00,ACIU
6.75,6.75,6.735,6.735,590,2021-09-22 18:06:00,ACIU
6.75,6.76,6.75,6.76,433,2021-09-22 18:13:00,ACIU
6.76,6.77,6.76,6.76,2417,2021-09-22 18:15:00,ACIU
6.77,6.78,6.75,6.78,1600,2021-09-22 18:17:00,ACIU
6.79,6.79,6.765,6.765,300,2021-09-22 18:19:00,ACIU
6.78,6.78,6.78,6.78,300,2021-09-22 18:24:00,ACIU
6.78,6.78,6.78,6.78,228,2021-09-22 18:26:00,ACIU
6.765,6.765,6.765,6.765,100,2021-09-22 18:28:00,ACIU
6.78,6.78,6.78,6.78,200,2021-09-22 18:29:00,ACIU
6.765,6.765,6.765,6.765,100,2021-09-22 18:31:00,ACIU
6.765,6.79,6.765,6.79,1249,2021-09-22 18:34:00,ACIU
6.77,6.78,6.77,6.77,1200,2021-09-22 18:36:00,ACIU
6.78,6.78,6.78,6.78,522,2021-09-22 18:38:00,ACIU
6.7662,6.77,6.75,6.75,1400,2021-09-22 18:40:00,ACIU
6.77,6.775,6.77,6.775,8250,2021-09-22 18:43:00,ACIU
6.76,6.77,6.755,6.755,7500,2021-09-22 18:44:00,ACIU
6.74,6.83,6.74,6.83,32256,2021-09-22 18:45:00,ACIU
6.8099,6.82,6.79,6.82,900,2021-09-22 18:46:00,ACIU
6.8016,6.82,6.78,6.78,12283,2021-09-22 18:47:00,ACIU
6.79,6.8,6.78,6.78,4900,2021-09-22 18:48:00,ACIU
6.78,6.78,6.76,6.77,7326,2021-09-22 18:49:00,ACIU
6.78,6.79,6.76,6.76,2700,2021-09-22 18:50:00,ACIU
6.755,6.755,6.755,6.755,497,2021-09-22 18:52:00,ACIU
6.75,6.78,6.73,6.73,17422,2021-09-22 18:53:00,ACIU
6.75,6.75,6.75,6.75,200,2021-09-22 18:54:00,ACIU
6.74,6.76,6.72,6.72,16897,2021-09-22 18:55:00,ACIU
6.73,6.76,6.72,6.72,9400,2021-09-22 18:56:00,ACIU
6.72,6.74,6.67,6.68,19003,2021-09-22 18:57:00,ACIU
6.67,6.67,6.67,6.67,100,2021-09-22 19:00:00,ACIU
6.68,6.68,6.68,6.68,100,2021-09-22 19:02:00,ACIU
6.7,6.7,6.69,6.69,1000,2021-09-22 19:03:00,ACIU
6.685,6.685,6.685,6.685,115,2021-09-22 19:04:00,ACIU
6.69,6.69,6.69,6.69,100,2021-09-22 19:05:00,ACIU
6.7,6.7,6.68,6.7,700,2021-09-22 19:06:00,ACIU
6.7,6.72,6.69,6.72,2225,2021-09-22 19:07:00,ACIU
6.705,6.71,6.705,6.71,200,2021-09-22 19:11:00,ACIU
6.72,6.72,6.72,6.72,100,2021-09-22 19:15:00,ACIU
6.72,6.72,6.72,6.72,5600,2021-09-22 19:16:00,ACIU
6.72,6.72,6.72,6.72,100,2021-09-22 19:20:00,ACIU
6.69,6.6978,6.69,6.6978,239,2021-09-22 19:21:00,ACIU
6.72,6.72,6.71,6.72,1100,2021-09-22 19:22:00,ACIU
6.704,6.704,6.7,6.7,3100,2021-09-22 19:24:00,ACIU
6.7,6.7,6.69,6.69,200,2021-09-22 19:25:00,ACIU
6.7,6.7,6.7,6.7,834,2021-09-22 19:26:00,ACIU
6.7,6.71,6.7,6.7025,500,2021-09-22 19:27:00,ACIU
6.71,6.71,6.7,6.7,970,2021-09-22 19:28:00,ACIU
6.686,6.686,6.68,6.68,1150,2021-09-22 19:29:00,ACIU
6.68,6.68,6.65,6.65,1900,2021-09-22 19:31:00,ACIU
6.66,6.66,6.65,6.65,63372,2021-09-22 19:32:00,ACIU
6.6499,6.6499,6.6499,6.6499,1000,2021-09-22 19:33:00,ACIU
6.6499,6.6499,6.64,6.64,1100,2021-09-22 19:34:00,ACIU
6.64,6.67,6.64,6.67,2099,2021-09-22 19:35:00,ACIU
6.68,6.68,6.68,6.68,100,2021-09-22 19:36:00,ACIU
6.68,6.69,6.68,6.69,300,2021-09-22 19:37:00,ACIU
6.7,6.7,6.7,6.7,100,2021-09-22 19:38:00,ACIU
6.71,6.71,6.71,6.71,200,2021-09-22 19:39:00,ACIU
6.6901,6.6901,6.6901,6.6901,175,2021-09-22 19:40:00,ACIU
6.71,6.71,6.71,6.71,300,2021-09-22 19:41:00,ACIU
6.7,6.7,6.7,6.7,400,2021-09-22 19:42:00,ACIU
6.7,6.71,6.7,6.71,700,2021-09-22 19:43:00,ACIU
6.71,6.71,6.71,6.71,100,2021-09-22 19:46:00,ACIU
6.72,6.73,6.71,6.73,774,2021-09-22 19:47:00,ACIU
6.71,6.73,6.71,6.73,400,2021-09-22 19:49:00,ACIU
6.71,6.71,6.69,6.69,2230,2021-09-22 19:50:00,ACIU
6.69,6.69,6.69,6.69,500,2021-09-22 19:51:00,ACIU
6.69,6.7,6.68,6.69,1212,2021-09-22 19:52:00,ACIU
6.7,6.7,6.7,6.7,1429,2021-09-22 19:53:00,ACIU
6.71,6.71,6.71,6.71,100,2021-09-22 19:54:00,ACIU
6.7,6.7,6.69,6.69,900,2021-09-22 19:55:00,ACIU
6.7,6.7,6.69,6.7,1179,2021-09-22 19:57:00,ACIU
6.7,6.7,6.69,6.7,803,2021-09-22 19:58:00,ACIU
6.7,6.71,6.69,6.71,1636,2021-09-22 19:59:00,ACIU
6.69,6.69,6.69,6.69,22813,2021-09-22 20:00:00,ACIU
6.77,6.77,6.77,6.77,700,2021-09-22 20:17:00,ACIU
6.69,6.69,6.57,6.57,980,2021-09-22 20:21:00,ACIU
6.57,6.57,6.57,6.57,100,2021-09-22 20:22:00,ACIU
6.6,6.6,6.6,6.6,1000,2021-09-22 22:14:00,ACIU
6.75,6.75,6.75,6.75,4299,2021-09-23 12:36:00,ACIU
6.75,6.75,6.75,6.75,4899,2021-09-23 13:06:00,ACIU
6.7,6.7,6.7,6.7,100,2021-09-23 13:12:00,ACIU
6.72,6.72,6.72,6.72,3126,2021-09-23 13:30:00,ACIU
6.7014,6.72,6.7014,6.72,3500,2021-09-23 13:31:00,ACIU
6.73,6.75,6.73,6.75,21056,2021-09-23 13:32:00,ACIU
6.75,6.88,6.75,6.845,10942,2021-09-23 13:33:00,ACIU
6.815,6.815,6.815,6.815,200,2021-09-23 13:34:00,ACIU
6.8,6.84,6.8,6.84,2400,2021-09-23 13:41:00,ACIU
6.79,6.836,6.79,6.836,200,2021-09-23 13:42:00,ACIU
6.83,6.88,6.83,6.88,9948,2021-09-23 13:43:00,ACIU
6.81,6.85,6.81,6.81,5700,2021-09-23 13:45:00,ACIU
6.81,6.81,6.79,6.79,300,2021-09-23 13:46:00,ACIU
6.7894,6.7894,6.7894,6.7894,163,2021-09-23 13:49:00,ACIU
6.79,6.797,6.79,6.797,2475,2021-09-23 13:50:00,ACIU
6.786,6.786,6.786,6.786,1000,2021-09-23 13:52:00,ACIU
6.805,6.805,6.805,6.805,250,2021-09-23 13:53:00,ACIU
6.83,6.84,6.82,6.82,1308,2021-09-23 13:55:00,ACIU
6.85,6.87,6.84,6.84,1968,2021-09-23 13:56:00,ACIU
6.8401,6.8401,6.8401,6.8401,200,2021-09-23 13:57:00,ACIU
6.8799,6.8799,6.84,6.85,8299,2021-09-23 13:58:00,ACIU
6.8301,6.8301,6.83,6.83,2100,2021-09-23 13:59:00,ACIU
6.81,6.81,6.81,6.81,100,2021-09-23 14:02:00,ACIU
6.8201,6.8201,6.8201,6.8201,2600,2021-09-23 14:03:00,ACIU
6.82,6.82,6.82,6.82,200,2021-09-23 14:04:00,ACIU
6.82,6.82,6.79,6.795,4702,2021-09-23 14:07:00,ACIU
6.79,6.79,6.79,6.79,100,2021-09-23 14:08:00,ACIU
6.8,6.83,6.8,6.83,3230,2021-09-23 14:09:00,ACIU
6.83,6.83,6.83,6.83,100,2021-09-23 14:11:00,ACIU
6.82,6.82,6.82,6.82,2452,2021-09-23 14:13:00,ACIU
6.81,6.83,6.81,6.83,300,2021-09-23 14:14:00,ACIU
6.79,6.79,6.79,6.79,250,2021-09-23 14:15:00,ACIU
6.84,6.84,6.81,6.81,399,2021-09-23 14:16:00,ACIU
6.8101,6.8146,6.8101,6.8146,2995,2021-09-23 14:17:00,ACIU
6.81,6.81,6.8,6.8,600,2021-09-23 14:20:00,ACIU
6.79,6.79,6.79,6.79,100,2021-09-23 14:23:00,ACIU
6.8,6.8,6.8,6.8,470,2021-09-23 14:25:00,ACIU
6.78,6.8,6.77,6.79,900,2021-09-23 14:26:00,ACIU
6.79,6.79,6.79,6.79,200,2021-09-23 14:27:00,ACIU
6.795,6.795,6.795,6.795,100,2021-09-23 14:31:00,ACIU
6.79,6.79,6.78,6.78,300,2021-09-23 14:33:00,ACIU
6.78,6.78,6.77,6.77,325,2021-09-23 14:35:00,ACIU
6.79,6.79,6.79,6.79,100,2021-09-23 14:36:00,ACIU
6.78,6.79,6.78,6.79,300,2021-09-23 14:37:00,ACIU
6.79,6.79,6.79,6.79,600,2021-09-23 14:38:00,ACIU
6.78,6.79,6.77,6.77,2700,2021-09-23 14:41:00,ACIU
6.785,6.785,6.785,6.785,100,2021-09-23 14:44:00,ACIU
6.785,6.785,6.785,6.785,100,2021-09-23 14:49:00,ACIU
6.78,6.79,6.78,6.79,1118,2021-09-23 14:51:00,ACIU
6.785,6.83,6.78,6.79,3368,2021-09-23 14:53:00,ACIU
6.81,6.82,6.81,6.82,300,2021-09-23 14:57:00,ACIU
6.82,6.82,6.82,6.82,108,2021-09-23 15:04:00,ACIU
6.8143,6.8143,6.81,6.81,2200,2021-09-23 15:08:00,ACIU
6.84,6.84,6.84,6.84,700,2021-09-23 15:15:00,ACIU
6.845,6.845,6.845,6.845,100,2021-09-23 15:16:00,ACIU
6.84,6.88,6.84,6.88,10011,2021-09-23 15:19:00,ACIU
6.88,6.88,6.88,6.88,239,2021-09-23 15:20:00,ACIU
6.86,6.87,6.86,6.87,800,2021-09-23 15:22:00,ACIU
6.87,6.87,6.87,6.87,200,2021-09-23 15:23:00,ACIU
6.88,6.88,6.88,6.88,695,2021-09-23 15:24:00,ACIU
6.87,6.87,6.87,6.87,100,2021-09-23 15:25:00,ACIU
6.88,6.92,6.88,6.92,2166,2021-09-23 15:26:00,ACIU
6.9,6.9,6.9,6.9,200,2021-09-23 15:27:00,ACIU
6.9099,6.9099,6.9099,6.9099,100,2021-09-23 15:32:00,ACIU
6.91,6.91,6.9,6.9,250,2021-09-23 15:33:00,ACIU
6.8952,6.9,6.8952,6.9,3229,2021-09-23 15:34:00,ACIU
6.8914,6.8914,6.8914,6.8914,204,2021-09-23 15:36:00,ACIU
6.91,6.92,6.91,6.91,1605,2021-09-23 15:41:00,ACIU
6.91,6.91,6.91,6.91,500,2021-09-23 15:42:00,ACIU
6.91,6.95,6.91,6.93,6319,2021-09-23 15:47:00,ACIU
6.925,6.925,6.925,6.925,100,2021-09-23 15:48:00,ACIU
6.93,6.93,6.925,6.925,200,2021-09-23 15:49:00,ACIU
6.92,6.92,6.92,6.92,200,2021-09-23 15:50:00,ACIU
6.92,6.92,6.92,6.92,375,2021-09-23 15:51:00,ACIU
6.93,6.93,6.93,6.93,200,2021-09-23 15:53:00,ACIU
6.93,6.94,6.93,6.94,500,2021-09-23 15:59:00,ACIU
6.92,6.92,6.89,6.91,9741,2021-09-23 16:04:00,ACIU
6.9,6.9199,6.9,6.9199,300,2021-09-23 16:05:00,ACIU
6.9001,6.92,6.9,6.9,872,2021-09-23 16:09:00,ACIU
6.89,6.89,6.88,6.88,200,2021-09-23 16:10:00,ACIU
6.8972,6.9,6.8972,6.9,480,2021-09-23 16:12:00,ACIU
6.9,6.9,6.9,6.9,100,2021-09-23 16:13:00,ACIU
6.89,6.89,6.89,6.89,100,2021-09-23 16:15:00,ACIU
6.9,6.9,6.9,6.9,100,2021-09-23 16:24:00,ACIU
6.92,6.92,6.915,6.92,800,2021-09-23 16:25:00,ACIU
6.92,6.925,6.92,6.925,200,2021-09-23 16:26:00,ACIU
6.91,6.91,6.91,6.91,200,2021-09-23 16:27:00,ACIU
6.93,6.93,6.93,6.93,200,2021-09-23 16:31:00,ACIU
6.93,6.93,6.93,6.93,144,2021-09-23 16:32:00,ACIU
6.93,6.93,6.93,6.93,100,2021-09-23 16:34:00,ACIU
6.9299,6.9299,6.9299,6.9299,2000,2021-09-23 16:35:00,ACIU
6.93,6.94,6.93,6.94,1785,2021-09-23 16:37:00,ACIU
6.925,6.925,6.925,6.925,500,2021-09-23 16:38:00,ACIU
6.91,6.91,6.91,6.91,100,2021-09-23 16:39:00,ACIU
6.92,6.92,6.92,6.92,100,2021-09-23 16:40:00,ACIU
6.9201,6.9201,6.9201,6.9201,500,2021-09-23 16:41:00,ACIU
6.93,6.93,6.92,6.92,545,2021-09-23 16:42:00,ACIU
6.93,6.93,6.93,6.93,100,2021-09-23 16:47:00,ACIU
6.93,6.94,6.93,6.94,2000,2021-09-23 16:48:00,ACIU
6.94,6.94,6.94,6.94,100,2021-09-23 16:49:00,ACIU
6.95,6.95,6.95,6.95,200,2021-09-23 16:52:00,ACIU
6.95,6.95,6.95,6.95,7978,2021-09-23 17:00:00,ACIU
6.945,6.96,6.945,6.96,1550,2021-09-23 17:02:00,ACIU
6.965,6.97,6.9501,6.9501,9798,2021-09-23 17:04:00,ACIU
6.9566,6.9566,6.9566,6.9566,300,2021-09-23 17:07:00,ACIU
6.95,6.95,6.95,6.95,200,2021-09-23 17:09:00,ACIU
6.95,6.95,6.95,6.95,100,2021-09-23 17:11:00,ACIU
6.9501,6.9501,6.9501,6.9501,400,2021-09-23 17:12:00,ACIU
6.97,6.97,6.97,6.97,400,2021-09-23 17:13:00,ACIU
6.965,6.965,6.965,6.965,195,2021-09-23 17:14:00,ACIU
6.98,6.98,6.98,6.98,243,2021-09-23 17:15:00,ACIU
6.99,6.99,6.99,6.99,2854,2021-09-23 17:16:00,ACIU
6.98,7.0,6.98,6.9973,2474,2021-09-23 17:17:00,ACIU
6.9873,6.9873,6.97,6.97,1752,2021-09-23 17:19:00,ACIU
6.98,6.98,6.97,6.97,400,2021-09-23 17:21:00,ACIU
6.97,6.97,6.955,6.955,5289,2021-09-23 17:23:00,ACIU
6.9516,6.9516,6.9509,6.9509,3000,2021-09-23 17:24:00,ACIU
6.95,6.95,6.95,6.95,100,2021-09-23 17:25:00,ACIU
6.9438,6.9438,6.94,6.941,700,2021-09-23 17:26:00,ACIU
6.93,6.93,6.93,6.93,200,2021-09-23 17:29:00,ACIU
6.9301,6.94,6.93,6.94,2261,2021-09-23 17:31:00,ACIU
6.9413,6.95,6.9413,6.95,900,2021-09-23 17:32:00,ACIU
6.945,6.945,6.945,6.945,100,2021-09-23 17:33:00,ACIU
6.95,6.95,6.94,6.95,800,2021-09-23 17:34:00,ACIU
6.94,6.94,6.94,6.94,100,2021-09-23 17:36:00,ACIU
6.94,6.94,6.94,6.94,500,2021-09-23 17:41:00,ACIU
6.94,6.94,6.935,6.935,1371,2021-09-23 17:45:00,ACIU
6.94,6.94,6.94,6.94,200,2021-09-23 17:49:00,ACIU
6.95,6.95,6.95,6.95,665,2021-09-23 17:57:00,ACIU
6.9533,6.9533,6.9533,6.9533,548,2021-09-23 17:58:00,ACIU
6.95,6.95,6.95,6.95,300,2021-09-23 17:59:00,ACIU
6.9367,6.9367,6.9367,6.9367,200,2021-09-23 18:05:00,ACIU
6.932,6.932,6.92,6.92,2500,2021-09-23 18:06:00,ACIU
6.9101,6.9101,6.9101,6.9101,100,2021-09-23 18:07:00,ACIU
6.92,6.92,6.91,6.91,200,2021-09-23 18:08:00,ACIU
6.92,6.92,6.9,6.9,200,2021-09-23 18:11:00,ACIU
6.9114,6.9114,6.9114,6.9114,200,2021-09-23 18:14:00,ACIU
6.92,6.93,6.92,6.93,1184,2021-09-23 18:16:00,ACIU
6.94,6.94,6.92,6.92,390,2021-09-23 18:17:00,ACIU
6.93,6.93,6.92,6.9235,2225,2021-09-23 18:19:00,ACIU
6.93,6.93,6.93,6.93,100,2021-09-23 18:21:00,ACIU
6.91,6.91,6.91,6.91,411,2021-09-23 18:24:00,ACIU
6.92,6.92,6.91,6.91,500,2021-09-23 18:30:00,ACIU
6.92,6.93,6.92,6.93,1648,2021-09-23 18:31:00,ACIU
6.92,6.92,6.92,6.92,300,2021-09-23 18:34:00,ACIU
6.94,6.94,6.94,6.94,200,2021-09-23 18:35:00,ACIU
6.95,6.95,6.95,6.95,500,2021-09-23 18:36:00,ACIU
6.94,6.94,6.94,6.94,200,2021-09-23 18:37:00,ACIU
6.93,6.93,6.93,6.93,500,2021-09-23 18:39:00,ACIU
6.94,6.94,6.94,6.94,100,2021-09-23 18:40:00,ACIU
6.93,6.93,6.93,6.93,200,2021-09-23 18:43:00,ACIU
6.93,6.93,6.93,6.93,200,2021-09-23 18:44:00,ACIU
6.93,6.93,6.93,6.93,100,2021-09-23 18:45:00,ACIU
6.94,6.94,6.93,6.93,400,2021-09-23 18:46:00,ACIU
6.94,6.94,6.94,6.94,200,2021-09-23 18:47:00,ACIU
6.94,6.94,6.94,6.94,200,2021-09-23 18:48:00,ACIU
6.94,6.94,6.94,6.94,100,2021-09-23 18:49:00,ACIU
6.94,6.94,6.94,6.94,100,2021-09-23 18:50:00,ACIU
6.95,6.95,6.95,6.95,100,2021-09-23 18:54:00,ACIU
6.94,6.94,6.94,6.94,400,2021-09-23 18:56:00,ACIU
6.9323,6.9323,6.9323,6.9323,500,2021-09-23 18:57:00,ACIU
6.93,6.93,6.93,6.93,100,2021-09-23 18:58:00,ACIU
6.94,6.94,6.94,6.94,3000,2021-09-23 18:59:00,ACIU
6.94,6.95,6.94,6.95,2400,2021-09-23 19:00:00,ACIU
6.9573,6.98,6.9573,6.97,7326,2021-09-23 19:01:00,ACIU
6.975,6.975,6.975,6.975,100,2021-09-23 19:02:00,ACIU
6.97,6.97,6.97,6.97,300,2021-09-23 19:03:00,ACIU
6.98,7.0,6.98,6.985,3115,2021-09-23 19:05:00,ACIU
6.98,6.98,6.98,6.98,100,2021-09-23 19:07:00,ACIU
6.9701,6.9701,6.97,6.97,700,2021-09-23 19:08:00,ACIU
6.98,6.98,6.98,6.98,800,2021-09-23 19:09:00,ACIU
6.98,6.98,6.98,6.98,1500,2021-09-23 19:11:00,ACIU
6.97,6.97,6.97,6.97,100,2021-09-23 19:12:00,ACIU
6.98,6.98,6.98,6.98,100,2021-09-23 19:13:00,ACIU
6.9712,6.98,6.9712,6.98,1092,2021-09-23 19:14:00,ACIU
6.98,6.98,6.975,6.975,500,2021-09-23 19:15:00,ACIU
6.96,6.97,6.96,6.97,600,2021-09-23 19:19:00,ACIU
6.96,6.96,6.96,6.96,100,2021-09-23 19:20:00,ACIU
6.96,6.96,6.96,6.96,100,2021-09-23 19:22:00,ACIU
6.97,6.97,6.97,6.97,200,2021-09-23 19:24:00,ACIU
6.97,6.97,6.97,6.97,757,2021-09-23 19:25:00,ACIU
6.97,6.98,6.97,6.98,1000,2021-09-23 19:26:00,ACIU
6.98,6.98,6.98,6.98,100,2021-09-23 19:27:00,ACIU
6.98,6.98,6.975,6.98,2700,2021-09-23 19:28:00,ACIU
6.98,6.98,6.98,6.98,200,2021-09-23 19:29:00,ACIU
6.98,6.98,6.9724,6.9724,800,2021-09-23 19:30:00,ACIU
6.98,6.98,6.98,6.98,400,2021-09-23 19:31:00,ACIU
6.98,6.98,6.98,6.98,100,2021-09-23 19:32:00,ACIU
6.99,6.995,6.99,6.995,3300,2021-09-23 19:33:00,ACIU
7.0,7.01,7.0,7.001,2821,2021-09-23 19:34:00,ACIU
7.0041,7.01,7.0,7.01,1875,2021-09-23 19:35:00,ACIU
7.01,7.01,7.005,7.005,400,2021-09-23 19:36:00,ACIU
7.005,7.02,7.0,7.02,2499,2021-09-23 19:37:00,ACIU
7.02,7.03,7.02,7.02,1070,2021-09-23 19:38:00,ACIU
7.03,7.03,7.02,7.02,2339,2021-09-23 19:39:00,ACIU
7.01,7.015,7.01,7.015,500,2021-09-23 19:40:00,ACIU
6.99,6.9979,6.99,6.9979,1907,2021-09-23 19:42:00,ACIU
6.9801,6.9801,6.9801,6.9801,500,2021-09-23 19:43:00,ACIU
6.985,6.99,6.985,6.99,1179,2021-09-23 19:44:00,ACIU
6.985,6.985,6.98,6.98,200,2021-09-23 19:45:00,ACIU
6.985,6.985,6.985,6.985,100,2021-09-23 19:46:00,ACIU
6.99,6.9901,6.99,6.9901,500,2021-09-23 19:47:00,ACIU
6.9901,6.9901,6.98,6.98,300,2021-09-23 19:48:00,ACIU
6.99,6.99,6.98,6.99,3178,2021-09-23 19:50:00,ACIU
6.9816,6.9816,6.98,6.98,1983,2021-09-23 19:51:00,ACIU
6.98,6.98,6.98,6.98,200,2021-09-23 19:52:00,ACIU
6.98,6.98,6.98,6.98,100,2021-09-23 19:53:00,ACIU
6.98,6.98,6.97,6.97,821,2021-09-23 19:54:00,ACIU
6.97,6.97,6.965,6.97,3500,2021-09-23 19:55:00,ACIU
6.975,6.975,6.975,6.975,300,2021-09-23 19:56:00,ACIU
6.98,6.985,6.98,6.98,4553,2021-09-23 19:57:00,ACIU
6.97,6.99,6.97,6.985,1047,2021-09-23 19:58:00,ACIU
6.99,7.0,6.99,7.0,1661,2021-09-23 19:59:00,ACIU
7.0,7.0,7.0,7.0,22834,2021-09-23 20:00:00,ACIU
6.99,6.99,6.99,6.99,100,2021-09-23 23:51:00,ACIU
6.95,6.95,6.95,6.95,100,2021-09-24 12:19:00,ACIU
7.0,7.0,7.0,7.0,186,2021-09-24 12:55:00,ACIU
7.0001,7.0001,7.0001,7.0001,2000,2021-09-24 12:57:00,ACIU
7.0,7.0,7.0,7.0,450,2021-09-24 13:08:00,ACIU
7.0,7.0,7.0,7.0,1100,2021-09-24 13:23:00,ACIU
7.0,7.0,7.0,7.0,300,2021-09-24 13:24:00,ACIU
7.0,7.0,7.0,7.0,5091,2021-09-24 13:28:00,ACIU
7.03,7.03,6.95,7.0,1139,2021-09-24 13:29:00,ACIU
6.96,7.04,6.96,7.03,29807,2021-09-24 13:30:00,ACIU
7.04,7.1,7.04,7.1,26407,2021-09-24 13:31:00,ACIU
7.105,7.105,7.105,7.105,200,2021-09-24 13:32:00,ACIU
7.1,7.1,7.1,7.1,970,2021-09-24 13:34:00,ACIU
7.0985,7.0985,7.05,7.05,200,2021-09-24 13:35:00,ACIU
7.055,7.055,7.055,7.055,100,2021-09-24 13:36:00,ACIU
7.06,7.06,7.06,7.06,1000,2021-09-24 13:38:00,ACIU
7.0594,7.0594,7.0594,7.0594,900,2021-09-24 13:39:00,ACIU
7.06,7.06,7.011,7.011,456,2021-09-24 13:40:00,ACIU
7.05,7.05,7.05,7.05,350,2021-09-24 13:41:00,ACIU
7.06,7.06,7.06,7.06,800,2021-09-24 13:42:00,ACIU
7.04,7.04,7.04,7.04,100,2021-09-24 13:43:00,ACIU
7.03,7.03,6.98,6.98,200,2021-09-24 13:44:00,ACIU
6.99,7.01,6.95,7.01,4128,2021-09-24 13:45:00,ACIU
7.01,7.03,7.01,7.03,444,2021-09-24 13:46:00,ACIU
7.03,7.05,7.03,7.035,1700,2021-09-24 13:47:00,ACIU
7.03,7.03,7.01,7.03,29511,2021-09-24 13:48:00,ACIU
7.02,7.02,7.02,7.02,200,2021-09-24 13:51:00,ACIU
7.02,7.02,7.02,7.02,500,2021-09-24 13:52:00,ACIU
6.9993,6.9993,6.9993,6.9993,500,2021-09-24 13:53:00,ACIU
7.01,7.01,7.01,7.01,2000,2021-09-24 14:00:00,ACIU
6.995,6.995,6.995,6.995,100,2021-09-24 14:03:00,ACIU
6.9801,6.9801,6.9801,6.9801,2300,2021-09-24 14:08:00,ACIU
6.99,7.0,6.97,6.97,693,2021-09-24 14:09:00,ACIU
6.95,6.95,6.95,6.95,100,2021-09-24 14:10:00,ACIU
6.95,6.98,6.95,6.965,400,2021-09-24 14:12:00,ACIU
6.965,6.965,6.965,6.965,238,2021-09-24 14:13:00,ACIU
6.975,6.975,6.93,6.93,12343,2021-09-24 14:14:00,ACIU
6.95,6.95,6.95,6.95,500,2021-09-24 14:15:00,ACIU
6.9615,6.9615,6.9615,6.9615,100,2021-09-24 14:16:00,ACIU
6.97,6.97,6.97,6.97,229,2021-09-24 14:17:00,ACIU
6.97,6.97,6.93,6.93,1101,2021-09-24 14:18:00,ACIU
6.93,6.99,6.93,6.95,5121,2021-09-24 14:19:00,ACIU
6.96,6.97,6.95,6.97,1500,2021-09-24 14:22:00,ACIU
6.965,6.98,6.95,6.95,3574,2021-09-24 14:23:00,ACIU
6.96,6.96,6.96,6.96,333,2021-09-24 14:24:00,ACIU
6.95,6.95,6.93,6.93,802,2021-09-24 14:25:00,ACIU
6.95,6.95,6.94,6.95,1008,2021-09-24 14:26:00,ACIU
6.96,6.96,6.94,6.95,1100,2021-09-24 14:27:00,ACIU
6.95,6.95,6.94,6.95,500,2021-09-24 14:28:00,ACIU
6.95,7.0,6.94,6.96,4131,2021-09-24 14:30:00,ACIU
6.98,7.005,6.98,7.0,7676,2021-09-24 14:31:00,ACIU
7.0,7.03,7.0,7.02,2677,2021-09-24 14:32:00,ACIU
7.02,7.02,7.02,7.02,1000,2021-09-24 14:33:00,ACIU
7.02,7.02,7.02,7.02,300,2021-09-24 14:34:00,ACIU
7.0,7.0,7.0,7.0,100,2021-09-24 14:36:00,ACIU
7.02,7.02,7.02,7.02,183,2021-09-24 14:38:00,ACIU
7.015,7.015,7.0,7.015,700,2021-09-24 14:43:00,ACIU
7.0,7.0,6.98,6.98,2163,2021-09-24 14:48:00,ACIU
7.01,7.01,7.01,7.01,100,2021-09-24 14:52:00,ACIU
6.9969,6.9969,6.9969,6.9969,360,2021-09-24 14:54:00,ACIU
6.98,6.98,6.98,6.98,100,2021-09-24 14:55:00,ACIU
6.97,6.97,6.97,6.97,100,2021-09-24 14:57:00,ACIU
6.97,6.97,6.97,6.97,100,2021-09-24 14:58:00,ACIU
6.97,6.97,6.97,6.97,100,2021-09-24 15:00:00,ACIU
6.95,6.95,6.95,6.95,200,2021-09-24 15:01:00,ACIU
6.95,6.95,6.95,6.95,100,2021-09-24 15:03:00,ACIU
6.94,6.94,6.94,6.94,100,2021-09-24 15:05:00,ACIU
6.97,6.97,6.97,6.97,100,2021-09-24 15:06:00,ACIU
6.94,6.97,6.94,6.97,400,2021-09-24 15:07:00,ACIU
6.97,6.97,6.95,6.95,300,2021-09-24 15:12:00,ACIU
6.94,6.94,6.94,6.94,300,2021-09-24 15:15:00,ACIU
6.96,6.96,6.92,6.92,1565,2021-09-24 15:17:00,ACIU
6.95,6.95,6.95,6.95,200,2021-09-24 15:19:00,ACIU
6.94,6.94,6.92,6.92,1611,2021-09-24 15:24:00,ACIU
6.935,6.935,6.922,6.922,1143,2021-09-24 15:25:00,ACIU
6.92,6.92,6.92,6.92,250,2021-09-24 15:27:00,ACIU
6.91,6.91,6.88,6.88,4374,2021-09-24 15:29:00,ACIU
6.89,6.92,6.89,6.92,1372,2021-09-24 15:34:00,ACIU
6.92,6.935,6.92,6.935,1500,2021-09-24 15:42:00,ACIU
6.935,6.935,6.935,6.935,100,2021-09-24 15:43:00,ACIU
6.95,6.95,6.93,6.945,1530,2021-09-24 15:53:00,ACIU
6.9454,6.9454,6.9454,6.9454,200,2021-09-24 15:54:00,ACIU
6.94,6.94,6.93,6.93,908,2021-09-24 15:55:00,ACIU
6.92,6.94,6.92,6.94,1100,2021-09-24 16:00:00,ACIU
6.94,6.95,6.9359,6.9359,1400,2021-09-24 16:01:00,ACIU
6.93,6.93,6.93,6.93,100,2021-09-24 16:06:00,ACIU
6.95,6.96,6.94,6.96,900,2021-09-24 16:09:00,ACIU
6.9542,6.9542,6.9542,6.9542,100,2021-09-24 16:10:00,ACIU
6.96,6.96,6.95,6.96,600,2021-09-24 16:13:00,ACIU
6.97,6.97,6.96,6.96,300,2021-09-24 16:16:00,ACIU
6.98,6.98,6.98,6.98,400,2021-09-24 16:24:00,ACIU
6.97,6.99,6.97,6.99,400,2021-09-24 16:29:00,ACIU
6.97,6.97,6.94,6.95,1400,2021-09-24 16:30:00,ACIU
6.955,6.955,6.955,6.955,100,2021-09-24 16:37:00,ACIU
6.94,6.94,6.94,6.94,100,2021-09-24 16:38:00,ACIU
6.94,6.9524,6.94,6.94,695,2021-09-24 16:39:00,ACIU
6.94,6.96,6.94,6.96,3170,2021-09-24 16:40:00,ACIU
6.92,6.92,6.92,6.92,100,2021-09-24 16:41:00,ACIU
6.97,6.97,6.96,6.96,600,2021-09-24 16:44:00,ACIU
6.97,6.97,6.97,6.97,200,2021-09-24 16:45:00,ACIU
6.97,6.97,6.97,6.97,500,2021-09-24 16:50:00,ACIU
6.95,6.96,6.95,6.96,500,2021-09-24 16:57:00,ACIU
6.96,6.96,6.96,6.96,600,2021-09-24 17:03:00,ACIU
6.97,6.97,6.97,6.97,600,2021-09-24 17:06:00,ACIU
6.98,6.99,6.97,6.97,900,2021-09-24 17:15:00,ACIU
6.99,6.99,6.9669,6.9669,1118,2021-09-24 17:25:00,ACIU
6.99,6.99,6.99,6.99,670,2021-09-24 17:27:00,ACIU
6.99,7.0,6.99,7.0,612,2021-09-24 17:28:00,ACIU
6.99,6.99,6.99,6.99,1500,2021-09-24 17:31:00,ACIU
6.99,6.99,6.99,6.99,300,2021-09-24 17:32:00,ACIU
6.98,6.98,6.98,6.98,200,2021-09-24 17:34:00,ACIU
6.98,6.98,6.98,6.98,112,2021-09-24 17:38:00,ACIU
6.97,6.9783,6.97,6.9783,700,2021-09-24 17:39:00,ACIU
6.975,6.975,6.975,6.975,500,2021-09-24 17:42:00,ACIU
6.973,6.99,6.973,6.99,500,2021-09-24 17:43:00,ACIU
6.96,6.96,6.96,6.96,100,2021-09-24 17:44:00,ACIU
6.96,6.96,6.96,6.96,100,2021-09-24 17:47:00,ACIU
6.96,6.96,6.96,6.96,300,2021-09-24 17:54:00,ACIU
6.94,6.94,6.94,6.94,100,2021-09-24 17:56:00,ACIU
6.94,6.97,6.94,6.97,1200,2021-09-24 17:57:00,ACIU
6.95,6.95,6.95,6.95,100,2021-09-24 17:59:00,ACIU
6.96,6.97,6.96,6.97,550,2021-09-24 18:03:00,ACIU
6.97,6.97,6.97,6.97,500,2021-09-24 18:07:00,ACIU
6.94,6.94,6.94,6.94,200,2021-09-24 18:10:00,ACIU
6.97,6.97,6.97,6.97,200,2021-09-24 18:12:00,ACIU
6.94,6.94,6.94,6.94,100,2021-09-24 18:17:00,ACIU
6.94,6.94,6.94,6.94,222,2021-09-24 18:19:00,ACIU
6.95,6.95,6.95,6.95,100,2021-09-24 18:26:00,ACIU
6.94,6.94,6.94,6.94,100,2021-09-24 18:27:00,ACIU
6.9401,6.9401,6.9401,6.9401,100,2021-09-24 18:28:00,ACIU
6.96,6.96,6.96,6.96,1800,2021-09-24 18:29:00,ACIU
6.96,6.96,6.955,6.955,300,2021-09-24 18:30:00,ACIU
6.96,6.96,6.96,6.96,400,2021-09-24 18:36:00,ACIU
6.97,6.97,6.97,6.97,100,2021-09-24 18:38:00,ACIU
6.97,6.97,6.97,6.97,100,2021-09-24 18:39:00,ACIU
6.97,6.97,6.97,6.97,100,2021-09-24 18:40:00,ACIU
6.97,6.98,6.96,6.9701,800,2021-09-24 18:43:00,ACIU
6.98,6.98,6.98,6.98,100,2021-09-24 18:49:00,ACIU
6.99,6.99,6.99,6.99,600,2021-09-24 18:52:00,ACIU
6.99,6.99,6.98,6.98,2600,2021-09-24 18:54:00,ACIU
6.97,6.97,6.96,6.96,2027,2021-09-24 18:55:00,ACIU
6.95,6.95,6.93,6.94,1826,2021-09-24 18:56:00,ACIU
6.92,6.93,6.92,6.93,6205,2021-09-24 19:00:00,ACIU
6.93,6.93,6.88,6.91,21839,2021-09-24 19:01:00,ACIU
6.92,6.92,6.92,6.92,1372,2021-09-24 19:03:00,ACIU
6.91,6.91,6.91,6.91,200,2021-09-24 19:05:00,ACIU
6.9,6.9,6.9,6.9,100,2021-09-24 19:06:00,ACIU
6.91,6.91,6.91,6.91,658,2021-09-24 19:12:00,ACIU
6.9,6.9,6.9,6.9,500,2021-09-24 19:15:00,ACIU
6.9,6.9058,6.9,6.9058,520,2021-09-24 19:17:00,ACIU
6.9178,6.9178,6.9178,6.9178,1000,2021-09-24 19:18:00,ACIU
6.9,6.9,6.9,6.9,100,2021-09-24 19:20:00,ACIU
6.9,6.9,6.9,6.9,100,2021-09-24 19:22:00,ACIU
6.92,6.92,6.92,6.92,900,2021-09-24 19:23:00,ACIU
6.9101,6.9101,6.9101,6.9101,200,2021-09-24 19:25:00,ACIU
6.93,6.93,6.93,6.93,2100,2021-09-24 19:28:00,ACIU
6.9167,6.9167,6.9167,6.9167,951,2021-09-24 19:29:00,ACIU
6.93,6.9427,6.93,6.9427,700,2021-09-24 19:30:00,ACIU
6.92,6.92,6.92,6.92,3000,2021-09-24 19:31:00,ACIU
6.93,6.93,6.93,6.93,100,2021-09-24 19:33:00,ACIU
6.92,6.9201,6.9,6.91,3300,2021-09-24 19:35:00,ACIU
6.91,6.91,6.9,6.9,200,2021-09-24 19:36:00,ACIU
6.91,6.91,6.9,6.9,1013,2021-09-24 19:37:00,ACIU
6.905,6.92,6.905,6.92,841,2021-09-24 19:38:00,ACIU
6.93,6.93,6.93,6.93,500,2021-09-24 19:41:00,ACIU
6.93,6.93,6.91,6.93,1289,2021-09-24 19:42:00,ACIU
6.9274,6.9274,6.9274,6.9274,672,2021-09-24 19:45:00,ACIU
6.93,6.94,6.93,6.94,1300,2021-09-24 19:46:00,ACIU
6.95,6.96,6.95,6.96,1700,2021-09-24 19:47:00,ACIU
6.94,6.94,6.92,6.94,1700,2021-09-24 19:49:00,ACIU
6.9499,6.95,6.9499,6.95,1899,2021-09-24 19:50:00,ACIU
6.9599,6.9599,6.9599,6.9599,300,2021-09-24 19:51:00,ACIU
6.957,6.957,6.94,6.95,1100,2021-09-24 19:52:00,ACIU
6.94,6.945,6.94,6.94,1616,2021-09-24 19:54:00,ACIU
6.9372,6.9372,6.9372,6.9372,100,2021-09-24 19:55:00,ACIU
6.9399,6.94,6.93,6.93,3836,2021-09-24 19:56:00,ACIU
6.9399,6.94,6.93,6.93,700,2021-09-24 19:57:00,ACIU
6.93,6.94,6.92,6.92,2380,2021-09-24 19:58:00,ACIU
6.915,6.92,6.9,6.9,2428,2021-09-24 19:59:00,ACIU
6.91,6.91,6.91,6.91,8034,2021-09-24 20:00:00,ACIU
6.9,6.9,6.9,6.9,150,2021-09-24 20:50:00,ACIU
6.91,6.91,6.91,6.91,354,2021-09-24 20:58:00,ACIU
6.97,6.97,6.97,6.97,150,2021-09-24 23:28:00,ACIU
6.97,6.97,6.97,6.97,400,2021-09-24 23:29:00,ACIU
6.92,6.92,6.92,6.92,426,2021-09-27 13:25:00,ACIU
6.87,6.9,6.87,6.9,5509,2021-09-27 13:30:00,ACIU
6.88,6.88,6.88,6.88,400,2021-09-27 13:31:00,ACIU
6.9,6.9,6.88,6.88,7290,2021-09-27 13:32:00,ACIU
6.85,6.87,6.85,6.87,200,2021-09-27 13:35:00,ACIU
6.85,6.86,6.85,6.86,1200,2021-09-27 13:37:00,ACIU
6.85,6.91,6.85,6.9,2768,2021-09-27 13:38:00,ACIU
6.9,6.9,6.9,6.9,100,2021-09-27 13:39:00,ACIU
6.9,6.91,6.9,6.91,300,2021-09-27 13:40:00,ACIU
6.9,6.9,6.9,6.9,100,2021-09-27 13:41:00,ACIU
6.93,6.93,6.93,6.93,100,2021-09-27 13:43:00,ACIU
6.93,6.93,6.93,6.93,700,2021-09-27 13:44:00,ACIU
6.96,6.96,6.96,6.96,100,2021-09-27 13:45:00,ACIU
6.9888,6.9888,6.95,6.95,200,2021-09-27 13:47:00,ACIU
6.99,6.99,6.99,6.99,400,2021-09-27 13:48:00,ACIU
6.955,6.98,6.955,6.98,200,2021-09-27 13:49:00,ACIU
6.98,6.98,6.96,6.96,300,2021-09-27 13:52:00,ACIU
6.97,6.97,6.97,6.97,100,2021-09-27 13:53:00,ACIU
6.93,6.93,6.93,6.93,100,2021-09-27 13:54:00,ACIU
6.97,6.97,6.97,6.97,100,2021-09-27 13:55:00,ACIU
6.98,6.98,6.98,6.98,100,2021-09-27 13:57:00,ACIU
6.98,6.99,6.98,6.99,735,2021-09-27 13:59:00,ACIU
6.98,6.98,6.96,6.97,500,2021-09-27 14:00:00,ACIU
6.96,6.96,6.92,6.92,600,2021-09-27 14:01:00,ACIU
6.93,6.93,6.93,6.93,100,2021-09-27 14:02:00,ACIU
6.935,6.935,6.935,6.935,100,2021-09-27 14:06:00,ACIU
6.94,6.94,6.94,6.94,100,2021-09-27 14:07:00,ACIU
6.9432,6.9499,6.935,6.935,300,2021-09-27 14:09:00,ACIU
6.9432,6.97,6.9432,6.97,800,2021-09-27 14:10:00,ACIU
6.95,6.98,6.95,6.98,200,2021-09-27 14:11:00,ACIU
6.98,6.98,6.98,6.98,1665,2021-09-27 14:14:00,ACIU
6.9701,6.9701,6.9701,6.9701,200,2021-09-27 14:16:00,ACIU
6.99,6.99,6.99,6.99,700,2021-09-27 14:17:00,ACIU
6.99,7.01,6.99,7.01,950,2021-09-27 14:18:00,ACIU
7.03,7.03,7.01,7.03,14332,2021-09-27 14:19:00,ACIU
7.04,7.04,7.03,7.03,1300,2021-09-27 14:20:00,ACIU
7.0308,7.0308,7.015,7.015,262,2021-09-27 14:21:00,ACIU
6.99,6.99,6.99,6.99,100,2021-09-27 14:23:00,ACIU
7.0,7.02,7.0,7.02,2300,2021-09-27 14:25:00,ACIU
7.005,7.005,7.005,7.005,100,2021-09-27 14:26:00,ACIU
7.005,7.005,7.005,7.005,100,2021-09-27 14:28:00,ACIU
7.0,7.0,7.0,7.0,600,2021-09-27 14:31:00,ACIU
7.02,7.02,6.99,6.99,200,2021-09-27 14:35:00,ACIU
7.0,7.01,7.0,7.01,9220,2021-09-27 14:37:00,ACIU
7.01,7.02,7.01,7.02,765,2021-09-27 14:40:00,ACIU
7.025,7.04,7.02,7.035,5795,2021-09-27 14:41:00,ACIU
7.035,7.035,7.02,7.035,1780,2021-09-27 14:42:00,ACIU
7.035,7.035,7.035,7.035,100,2021-09-27 14:43:00,ACIU
7.035,7.035,7.035,7.035,200,2021-09-27 14:44:00,ACIU
7.021,7.05,7.021,7.05,200,2021-09-27 14:51:00,ACIU
7.05,7.05,7.05,7.05,100,2021-09-27 14:53:00,ACIU
7.04,7.08,7.0332,7.045,17814,2021-09-27 14:56:00,ACIU
7.05,7.05,7.05,7.05,200,2021-09-27 14:57:00,ACIU
7.045,7.051,7.03,7.04,5500,2021-09-27 14:58:00,ACIU
7.035,7.035,7.035,7.035,100,2021-09-27 15:00:00,ACIU
7.03,7.04,7.015,7.025,1000,2021-09-27 15:01:00,ACIU
7.025,7.025,7.025,7.025,100,2021-09-27 15:03:00,ACIU
7.04,7.06,7.02,7.06,1000,2021-09-27 15:06:00,ACIU
7.0599,7.0599,7.04,7.04,800,2021-09-27 15:07:00,ACIU
7.06,7.09,7.04,7.04,2895,2021-09-27 15:08:00,ACIU
7.09,7.0999,7.08,7.0999,1854,2021-09-27 15:09:00,ACIU
7.08,7.08,7.08,7.08,100,2021-09-27 15:10:00,ACIU
7.08,7.08,7.08,7.08,100,2021-09-27 15:11:00,ACIU
7.0933,7.0933,7.06,7.06,400,2021-09-27 15:12:00,ACIU
7.08,7.08,7.08,7.08,400,2021-09-27 15:14:00,ACIU
7.08,7.08,7.08,7.08,600,2021-09-27 15:16:00,ACIU
7.0933,7.0933,7.0933,7.0933,200,2021-09-27 15:18:00,ACIU
7.1,7.11,7.09,7.11,1800,2021-09-27 15:19:00,ACIU
7.115,7.115,7.1,7.1,2150,2021-09-27 15:21:00,ACIU
7.1,7.1,7.0942,7.095,1000,2021-09-27 15:22:00,ACIU
7.0898,7.0898,7.0898,7.0898,100,2021-09-27 15:26:00,ACIU
7.0898,7.1,7.0701,7.0701,300,2021-09-27 15:27:00,ACIU
7.09,7.09,7.09,7.09,1000,2021-09-27 15:31:00,ACIU
7.09,7.1,7.09,7.1,800,2021-09-27 15:32:00,ACIU
7.11,7.11,7.1,7.1,900,2021-09-27 15:33:00,ACIU
7.08,7.08,7.08,7.08,800,2021-09-27 15:39:00,ACIU
7.1,7.1,7.09,7.09,200,2021-09-27 15:40:00,ACIU
7.095,7.095,7.0839,7.0839,650,2021-09-27 15:42:00,ACIU
7.1,7.1,7.1,7.1,400,2021-09-27 15:44:00,ACIU
7.09,7.09,7.09,7.09,100,2021-09-27 15:48:00,ACIU
7.09,7.09,7.09,7.09,100,2021-09-27 15:51:00,ACIU
7.09,7.09,7.09,7.09,100,2021-09-27 15:52:00,ACIU
7.08,7.09,7.08,7.085,1100,2021-09-27 15:54:00,ACIU
7.0887,7.11,7.0887,7.11,650,2021-09-27 15:55:00,ACIU
7.115,7.115,7.11,7.1136,900,2021-09-27 15:56:00,ACIU
7.1,7.1199,7.1,7.1199,2000,2021-09-27 16:00:00,ACIU
7.1199,7.1199,7.1199,7.1199,1000,2021-09-27 16:01:00,ACIU
7.11,7.11,7.11,7.11,300,2021-09-27 16:02:00,ACIU
7.11,7.11,7.11,7.11,100,2021-09-27 16:05:00,ACIU
7.1,7.11,7.1,7.1,2037,2021-09-27 16:06:00,ACIU
7.1,7.1,7.1,7.1,1100,2021-09-27 16:09:00,ACIU
7.102,7.102,7.102,7.102,142,2021-09-27 16:15:00,ACIU
7.1,7.1,7.1,7.1,600,2021-09-27 16:22:00,ACIU
7.1,7.1,7.0923,7.0923,700,2021-09-27 16:27:00,ACIU
7.11,7.11,7.11,7.11,100,2021-09-27 16:28:00,ACIU
7.11,7.11,7.11,7.11,100,2021-09-27 16:29:00,ACIU
7.11,7.11,7.11,7.11,250,2021-09-27 16:31:00,ACIU
7.11,7.11,7.11,7.11,700,2021-09-27 16:33:00,ACIU
7.12,7.12,7.12,7.12,231,2021-09-27 16:37:00,ACIU
7.1199,7.15,7.11,7.15,3550,2021-09-27 16:45:00,ACIU
7.145,7.145,7.145,7.145,400,2021-09-27 16:47:00,ACIU
7.15,7.15,7.15,7.15,100,2021-09-27 16:50:00,ACIU
7.131,7.131,7.131,7.131,100,2021-09-27 16:52:00,ACIU
7.13,7.13,7.13,7.13,500,2021-09-27 16:53:00,ACIU
7.14,7.14,7.14,7.14,400,2021-09-27 16:55:00,ACIU
7.14,7.14,7.14,7.14,559,2021-09-27 16:58:00,ACIU
7.15,7.15,7.15,7.15,100,2021-09-27 17:02:00,ACIU
7.15,7.15,7.15,7.15,100,2021-09-27 17:04:00,ACIU
7.13,7.14,7.13,7.14,5543,2021-09-27 17:06:00,ACIU
7.12,7.12,7.1001,7.1001,5400,2021-09-27 17:07:00,ACIU
7.11,7.125,7.07,7.07,7057,2021-09-27 17:08:00,ACIU
7.095,7.095,7.09,7.09,300,2021-09-27 17:10:00,ACIU
7.11,7.11,7.095,7.095,8800,2021-09-27 17:13:00,ACIU
7.09,7.09,7.09,7.09,200,2021-09-27 17:14:00,ACIU
7.09,7.09,7.09,7.09,500,2021-09-27 17:15:00,ACIU
7.1,7.12,7.1,7.12,1800,2021-09-27 17:16:00,ACIU
7.13,7.14,7.13,7.14,800,2021-09-27 17:18:00,ACIU
7.125,7.125,7.125,7.125,100,2021-09-27 17:21:00,ACIU
7.14,7.14,7.14,7.14,2200,2021-09-27 17:25:00,ACIU
7.125,7.125,7.125,7.125,100,2021-09-27 17:26:00,ACIU
7.125,7.125,7.125,7.125,100,2021-09-27 17:27:00,ACIU
7.14,7.14,7.14,7.14,3400,2021-09-27 17:28:00,ACIU
7.13,7.13,7.13,7.13,200,2021-09-27 17:29:00,ACIU
7.1219,7.14,7.1219,7.14,3500,2021-09-27 17:30:00,ACIU
7.14,7.14,7.1301,7.1301,9300,2021-09-27 17:31:00,ACIU
7.14,7.14,7.14,7.14,200,2021-09-27 17:32:00,ACIU
7.14,7.14,7.14,7.14,200,2021-09-27 17:33:00,ACIU
7.14,7.14,7.14,7.14,100,2021-09-27 17:34:00,ACIU
7.13,7.14,7.12,7.14,1904,2021-09-27 17:35:00,ACIU
7.135,7.14,7.135,7.14,708,2021-09-27 17:36:00,ACIU
7.13,7.13,7.13,7.13,250,2021-09-27 17:38:00,ACIU
7.1249,7.13,7.1249,7.13,1076,2021-09-27 17:39:00,ACIU
7.14,7.14,7.14,7.14,200,2021-09-27 17:40:00,ACIU
7.13,7.13,7.13,7.13,100,2021-09-27 17:44:00,ACIU
7.13,7.13,7.13,7.13,100,2021-09-27 17:45:00,ACIU
7.14,7.15,7.13,7.15,1200,2021-09-27 17:51:00,ACIU
7.15,7.15,7.15,7.15,100,2021-09-27 17:53:00,ACIU
7.142,7.15,7.142,7.15,450,2021-09-27 17:54:00,ACIU
7.14,7.14,7.14,7.14,500,2021-09-27 17:55:00,ACIU
7.15,7.15,7.15,7.15,100,2021-09-27 17:56:00,ACIU
7.14,7.14,7.14,7.14,200,2021-09-27 17:59:00,ACIU
7.15,7.15,7.15,7.15,100,2021-09-27 18:00:00,ACIU
7.15,7.15,7.15,7.15,200,2021-09-27 18:02:00,ACIU
7.16,7.16,7.15,7.15,200,2021-09-27 18:03:00,ACIU
7.15,7.15,7.15,7.15,500,2021-09-27 18:04:00,ACIU
7.15,7.16,7.15,7.15,1500,2021-09-27 18:05:00,ACIU
7.14,7.15,7.14,7.15,300,2021-09-27 18:09:00,ACIU
7.15,7.15,7.15,7.15,300,2021-09-27 18:13:00,ACIU
7.145,7.145,7.145,7.145,100,2021-09-27 18:15:00,ACIU
7.15,7.15,7.15,7.15,100,2021-09-27 18:20:00,ACIU
7.16,7.16,7.16,7.16,100,2021-09-27 18:21:00,ACIU
7.16,7.16,7.16,7.16,100,2021-09-27 18:27:00,ACIU
7.159,7.159,7.159,7.159,190,2021-09-27 18:29:00,ACIU
7.14,7.15,7.14,7.14,700,2021-09-27 18:33:00,ACIU
7.155,7.16,7.155,7.16,600,2021-09-27 18:34:00,ACIU
7.16,7.16,7.16,7.16,250,2021-09-27 18:38:00,ACIU
7.1663,7.17,7.1663,7.17,200,2021-09-27 18:40:00,ACIU
7.1684,7.17,7.165,7.165,700,2021-09-27 18:41:00,ACIU
7.16,7.16,7.16,7.16,200,2021-09-27 18:44:00,ACIU
7.14,7.15,7.14,7.15,500,2021-09-27 18:47:00,ACIU
7.145,7.15,7.145,7.15,4600,2021-09-27 18:48:00,ACIU
7.145,7.145,7.145,7.145,100,2021-09-27 18:49:00,ACIU
7.15,7.16,7.145,7.16,1300,2021-09-27 18:50:00,ACIU
7.16,7.16,7.16,7.16,100,2021-09-27 18:51:00,ACIU
7.16,7.16,7.16,7.16,100,2021-09-27 18:52:00,ACIU
7.17,7.17,7.15,7.17,400,2021-09-27 18:53:00,ACIU
7.17,7.17,7.17,7.17,578,2021-09-27 18:54:00,ACIU
7.17,7.18,7.17,7.18,2122,2021-09-27 18:55:00,ACIU
7.18,7.18,7.18,7.18,126,2021-09-27 18:57:00,ACIU
7.17,7.17,7.17,7.17,100,2021-09-27 18:58:00,ACIU
7.1698,7.1698,7.1698,7.1698,500,2021-09-27 18:59:00,ACIU
7.17,7.17,7.17,7.17,200,2021-09-27 19:00:00,ACIU
7.17,7.18,7.17,7.18,275,2021-09-27 19:01:00,ACIU
7.17,7.17,7.17,7.17,200,2021-09-27 19:02:00,ACIU
7.16,7.16,7.16,7.16,955,2021-09-27 19:03:00,ACIU
7.16,7.16,7.16,7.16,100,2021-09-27 19:04:00,ACIU
7.16,7.16,7.16,7.16,400,2021-09-27 19:05:00,ACIU
7.17,7.17,7.16,7.16,276,2021-09-27 19:07:00,ACIU
7.17,7.17,7.17,7.17,400,2021-09-27 19:10:00,ACIU
7.18,7.18,7.18,7.18,150,2021-09-27 19:12:00,ACIU
7.18,7.18,7.175,7.175,1500,2021-09-27 19:13:00,ACIU
7.18,7.19,7.18,7.19,400,2021-09-27 19:15:00,ACIU
7.18,7.18,7.16,7.17,1100,2021-09-27 19:19:00,ACIU
7.17,7.18,7.17,7.18,400,2021-09-27 19:20:00,ACIU
7.19,7.19,7.1727,7.174,700,2021-09-27 19:23:00,ACIU
7.18,7.18,7.18,7.18,200,2021-09-27 19:24:00,ACIU
7.18,7.18,7.18,7.18,100,2021-09-27 19:27:00,ACIU
7.19,7.19,7.19,7.19,200,2021-09-27 19:29:00,ACIU
7.19,7.19,7.19,7.19,1950,2021-09-27 19:30:00,ACIU
7.1883,7.19,7.18,7.18,3500,2021-09-27 19:31:00,ACIU
7.18,7.18,7.18,7.18,100,2021-09-27 19:32:00,ACIU
7.18,7.18,7.18,7.18,100,2021-09-27 19:33:00,ACIU
7.1873,7.19,7.1725,7.18,2200,2021-09-27 19:34:00,ACIU
7.19,7.19,7.19,7.19,100,2021-09-27 19:35:00,ACIU
7.18,7.18,7.18,7.18,100,2021-09-27 19:37:00,ACIU
7.18,7.18,7.18,7.18,100,2021-09-27 19:39:00,ACIU
7.18,7.18,7.18,7.18,100,2021-09-27 19:40:00,ACIU
7.18,7.19,7.18,7.19,200,2021-09-27 19:41:00,ACIU
7.17,7.18,7.17,7.18,600,2021-09-27 19:42:00,ACIU
7.18,7.18,7.17,7.18,3014,2021-09-27 19:43:00,ACIU
7.18,7.18,7.18,7.18,100,2021-09-27 19:44:00,ACIU
7.18,7.18,7.18,7.18,200,2021-09-27 19:46:00,ACIU
7.18,7.18,7.18,7.18,100,2021-09-27 19:47:00,ACIU
7.18,7.18,7.17,7.17,1350,2021-09-27 19:48:00,ACIU
7.17,7.17,7.16,7.16,604,2021-09-27 19:49:00,ACIU
7.16,7.16,7.15,7.15,7417,2021-09-27 19:50:00,ACIU
7.15,7.15,7.145,7.145,850,2021-09-27 19:51:00,ACIU
7.145,7.145,7.14,7.145,2200,2021-09-27 19:52:00,ACIU
7.1404,7.1473,7.1404,7.145,500,2021-09-27 19:53:00,ACIU
7.15,7.15,7.14,7.14,500,2021-09-27 19:54:00,ACIU
7.145,7.145,7.14,7.145,716,2021-09-27 19:55:00,ACIU
7.14,7.14,7.14,7.14,100,2021-09-27 19:56:00,ACIU
7.145,7.145,7.14,7.14,1000,2021-09-27 19:57:00,ACIU
7.15,7.15,7.12,7.12,8016,2021-09-27 19:58:00,ACIU
7.13,7.17,7.13,7.17,6098,2021-09-27 19:59:00,ACIU
7.14,7.14,7.14,7.14,17507,2021-09-27 20:00:00,ACIU
7.13,7.13,7.13,7.13,100,2021-09-28 12:29:00,ACIU
7.13,7.13,7.13,7.13,1990,2021-09-28 12:49:00,ACIU
7.06,7.06,7.06,7.06,1086,2021-09-28 12:59:00,ACIU
7.18,7.19,7.17,7.17,1450,2021-09-28 13:25:00,ACIU
7.18,7.18,7.11,7.11,22958,2021-09-28 13:30:00,ACIU
7.0844,7.0844,7.0844,7.0844,340,2021-09-28 13:32:00,ACIU
7.0898,7.0898,7.0898,7.0898,500,2021-09-28 13:34:00,ACIU
7.07,7.1,7.07,7.09,1499,2021-09-28 13:37:00,ACIU
7.095,7.16,7.095,7.12,3108,2021-09-28 13:40:00,ACIU
7.07,7.15,7.07,7.09,8387,2021-09-28 13:42:00,ACIU
7.07,7.08,7.04,7.06,1676,2021-09-28 13:43:00,ACIU
7.0354,7.036,7.0305,7.0354,3200,2021-09-28 13:45:00,ACIU
7.0428,7.0506,7.02,7.03,3001,2021-09-28 13:47:00,ACIU
7.03,7.045,7.03,7.035,650,2021-09-28 13:50:00,ACIU
7.03,7.07,7.03,7.07,1500,2021-09-28 13:51:00,ACIU
7.07,7.07,7.03,7.03,700,2021-09-28 13:52:00,ACIU
7.055,7.055,7.03,7.03,500,2021-09-28 13:53:00,ACIU
7.05,7.17,7.05,7.17,20359,2021-09-28 13:57:00,ACIU
7.1483,7.16,7.13,7.13,3604,2021-09-28 13:58:00,ACIU
7.09,7.1,7.08,7.08,700,2021-09-28 14:01:00,ACIU
7.07,7.07,7.0501,7.0501,2499,2021-09-28 14:02:00,ACIU
7.05,7.1,7.02,7.088,11231,2021-09-28 14:03:00,ACIU
7.08,7.1,7.04,7.05,10915,2021-09-28 14:04:00,ACIU
7.05,7.05,7.01,7.02,4401,2021-09-28 14:05:00,ACIU
7.02,7.03,7.01,7.01,5426,2021-09-28 14:06:00,ACIU
7.01,7.01,7.01,7.01,1283,2021-09-28 14:07:00,ACIU
7.0,7.0,6.9501,6.9501,2520,2021-09-28 14:08:00,ACIU
6.95,6.9514,6.95,6.9514,328,2021-09-28 14:09:00,ACIU
6.97,7.02,6.96,6.96,3373,2021-09-28 14:10:00,ACIU
7.03,7.03,7.03,7.03,600,2021-09-28 14:11:00,ACIU
6.98,6.98,6.97,6.97,1400,2021-09-28 14:12:00,ACIU
6.97,6.97,6.97,6.97,100,2021-09-28 14:13:00,ACIU
6.98,6.98,6.98,6.98,1044,2021-09-28 14:14:00,ACIU
6.9801,7.0,6.98,6.98,1300,2021-09-28 14:16:00,ACIU
6.98,6.98,6.98,6.98,1000,2021-09-28 14:17:00,ACIU
6.99,6.99,6.99,6.99,200,2021-09-28 14:18:00,ACIU
6.945,6.945,6.945,6.945,200,2021-09-28 14:21:00,ACIU
6.97,7.04,6.97,7.025,6309,2021-09-28 14:22:00,ACIU
6.99,7.0,6.99,7.0,200,2021-09-28 14:23:00,ACIU
6.99,6.99,6.99,6.99,400,2021-09-28 14:26:00,ACIU
6.9901,6.9901,6.99,6.99,600,2021-09-28 14:28:00,ACIU
6.9739,6.9739,6.9739,6.9739,200,2021-09-28 14:31:00,ACIU
6.97,6.97,6.97,6.97,200,2021-09-28 14:34:00,ACIU
6.97,6.97,6.95,6.95,1998,2021-09-28 14:35:00,ACIU
6.96,6.97,6.96,6.97,300,2021-09-28 14:36:00,ACIU
6.96,6.96,6.95,6.96,486,2021-09-28 14:37:00,ACIU
6.95,6.99,6.95,6.97,1600,2021-09-28 14:38:00,ACIU
6.97,6.97,6.965,6.965,200,2021-09-28 14:40:00,ACIU
6.9739,6.9739,6.9739,6.9739,495,2021-09-28 14:41:00,ACIU
6.97,6.97,6.97,6.97,297,2021-09-28 14:43:00,ACIU
6.95,6.95,6.93,6.93,2399,2021-09-28 14:44:00,ACIU
6.94,6.95,6.94,6.95,1096,2021-09-28 14:45:00,ACIU
6.9895,6.9895,6.9895,6.9895,1000,2021-09-28 14:48:00,ACIU
6.97,7.0,6.97,7.0,4200,2021-09-28 14:51:00,ACIU
7.02,7.02,7.02,7.02,100,2021-09-28 14:53:00,ACIU
7.01,7.01,7.0,7.0,2387,2021-09-28 14:58:00,ACIU
7.01,7.01,7.01,7.01,100,2021-09-28 14:59:00,ACIU
7.03,7.03,7.03,7.03,300,2021-09-28 15:00:00,ACIU
7.03,7.03,7.03,7.03,100,2021-09-28 15:01:00,ACIU
7.01,7.01,7.01,7.01,400,2021-09-28 15:05:00,ACIU
7.0,7.01,7.0,7.01,3579,2021-09-28 15:10:00,ACIU
7.04,7.04,7.04,7.04,927,2021-09-28 15:11:00,ACIU
7.03,7.035,7.03,7.035,322,2021-09-28 15:13:00,ACIU
7.025,7.025,7.02,7.02,806,2021-09-28 15:16:00,ACIU
7.05,7.05,7.05,7.05,100,2021-09-28 15:18:00,ACIU
7.08,7.08,7.08,7.08,200,2021-09-28 15:26:00,ACIU
7.04,7.04,7.01,7.01,2068,2021-09-28 15:31:00,ACIU
7.04,7.05,7.04,7.05,600,2021-09-28 15:32:00,ACIU
7.05,7.05,7.05,7.05,500,2021-09-28 15:33:00,ACIU
7.037,7.037,7.037,7.037,100,2021-09-28 15:34:00,ACIU
7.06,7.06,7.06,7.06,200,2021-09-28 15:35:00,ACIU
7.07,7.07,7.07,7.07,100,2021-09-28 15:40:00,ACIU
7.05,7.06,7.05,7.06,600,2021-09-28 15:43:00,ACIU
7.06,7.06,7.06,7.06,100,2021-09-28 15:49:00,ACIU
7.05,7.05,7.04,7.04,1503,2021-09-28 15:50:00,ACIU
7.06,7.06,7.06,7.06,100,2021-09-28 15:53:00,ACIU
7.06,7.07,7.06,7.06,1200,2021-09-28 15:56:00,ACIU
7.06,7.06,7.06,7.06,200,2021-09-28 15:58:00,ACIU
7.08,7.08,7.075,7.075,1600,2021-09-28 15:59:00,ACIU
7.08,7.08,7.08,7.08,295,2021-09-28 16:02:00,ACIU
7.075,7.09,7.075,7.09,200,2021-09-28 16:07:00,ACIU
7.07,7.07,7.07,7.07,200,2021-09-28 16:12:00,ACIU
7.06,7.09,7.06,7.09,5600,2021-09-28 16:13:00,ACIU
7.09,7.09,7.09,7.09,200,2021-09-28 16:15:00,ACIU
7.08,7.1,7.08,7.1,1179,2021-09-28 16:16:00,ACIU
7.1,7.12,7.1,7.1,24188,2021-09-28 16:17:00,ACIU
7.09,7.09,7.08,7.09,900,2021-09-28 16:18:00,ACIU
7.09,7.09,7.09,7.09,100,2021-09-28 16:20:00,ACIU
7.0969,7.0969,7.0969,7.0969,200,2021-09-28 16:21:00,ACIU
7.0969,7.0969,7.08,7.08,1240,2021-09-28 16:22:00,ACIU
7.08,7.08,7.08,7.08,200,2021-09-28 16:23:00,ACIU
7.1,7.1,7.08,7.08,500,2021-09-28 16:35:00,ACIU
7.08,7.08,7.08,7.08,500,2021-09-28 16:38:00,ACIU
7.09,7.09,7.09,7.09,1000,2021-09-28 16:40:00,ACIU
7.1,7.1,7.1,7.1,100,2021-09-28 16:41:00,ACIU
7.1,7.11,7.1,7.11,1400,2021-09-28 16:43:00,ACIU
7.11,7.11,7.11,7.11,100,2021-09-28 16:50:00,ACIU
7.11,7.11,7.11,7.11,100,2021-09-28 16:52:00,ACIU
7.1,7.1,7.1,7.1,100,2021-09-28 16:55:00,ACIU
7.1094,7.1094,7.1,7.1,983,2021-09-28 17:05:00,ACIU
7.12,7.12,7.12,7.12,100,2021-09-28 17:06:00,ACIU
7.14,7.14,7.14,7.14,500,2021-09-28 17:10:00,ACIU
7.14,7.14,7.14,7.14,328,2021-09-28 17:21:00,ACIU
7.15,7.16,7.15,7.16,1200,2021-09-28 17:25:00,ACIU
7.18,7.18,7.18,7.18,100,2021-09-28 17:27:00,ACIU
7.17,7.17,7.16,7.17,3500,2021-09-28 17:29:00,ACIU
7.1799,7.18,7.17,7.17,1400,2021-09-28 17:30:00,ACIU
7.16,7.16,7.16,7.16,500,2021-09-28 17:31:00,ACIU
7.1676,7.17,7.1676,7.17,600,2021-09-28 17:32:00,ACIU
7.15,7.15,7.15,7.15,400,2021-09-28 17:34:00,ACIU
7.16,7.18,7.16,7.17,2200,2021-09-28 17:36:00,ACIU
7.18,7.18,7.17,7.17,1500,2021-09-28 17:42:00,ACIU
7.18,7.18,7.17,7.17,600,2021-09-28 17:43:00,ACIU
7.1799,7.1799,7.1799,7.1799,1000,2021-09-28 17:44:00,ACIU
7.175,7.175,7.175,7.175,100,2021-09-28 17:51:00,ACIU
7.1677,7.1677,7.1677,7.1677,100,2021-09-28 17:53:00,ACIU
7.17,7.17,7.16,7.16,600,2021-09-28 17:57:00,ACIU
7.16,7.16,7.15,7.15,900,2021-09-28 18:02:00,ACIU
7.15,7.16,7.15,7.16,800,2021-09-28 18:04:00,ACIU
7.155,7.155,7.155,7.155,100,2021-09-28 18:05:00,ACIU
7.16,7.16,7.16,7.16,600,2021-09-28 18:06:00,ACIU
7.16,7.16,7.16,7.16,900,2021-09-28 18:07:00,ACIU
7.16,7.16,7.16,7.16,100,2021-09-28 18:08:00,ACIU
7.14,7.14,7.14,7.14,200,2021-09-28 18:10:00,ACIU
7.13,7.13,7.11,7.1161,1994,2021-09-28 18:14:00,ACIU
7.12,7.12,7.12,7.12,1200,2021-09-28 18:16:00,ACIU
7.15,7.15,7.15,7.15,100,2021-09-28 18:17:00,ACIU
7.15,7.15,7.15,7.15,100,2021-09-28 18:22:00,ACIU
7.15,7.15,7.15,7.15,300,2021-09-28 18:24:00,ACIU
7.14,7.14,7.14,7.14,200,2021-09-28 18:26:00,ACIU
7.13,7.13,7.13,7.13,1300,2021-09-28 18:27:00,ACIU
7.15,7.16,7.15,7.15,2600,2021-09-28 18:28:00,ACIU
7.12,7.12,7.11,7.11,850,2021-09-28 18:35:00,ACIU
7.12,7.13,7.12,7.13,400,2021-09-28 18:36:00,ACIU
7.12,7.13,7.12,7.13,300,2021-09-28 18:40:00,ACIU
7.13,7.13,7.13,7.13,100,2021-09-28 18:45:00,ACIU
7.14,7.14,7.1361,7.1361,800,2021-09-28 18:46:00,ACIU
7.13,7.135,7.13,7.135,800,2021-09-28 18:47:00,ACIU
7.14,7.14,7.14,7.14,100,2021-09-28 18:49:00,ACIU
7.135,7.135,7.135,7.135,350,2021-09-28 18:51:00,ACIU
7.14,7.14,7.13,7.14,700,2021-09-28 18:53:00,ACIU
7.12,7.12,7.12,7.12,1700,2021-09-28 19:02:00,ACIU
7.13,7.14,7.13,7.14,1000,2021-09-28 19:03:00,ACIU
7.13,7.13,7.13,7.13,500,2021-09-28 19:05:00,ACIU
7.135,7.14,7.135,7.14,200,2021-09-28 19:06:00,ACIU
7.14,7.14,7.14,7.14,100,2021-09-28 19:07:00,ACIU
7.15,7.15,7.15,7.15,100,2021-09-28 19:08:00,ACIU
7.14,7.14,7.14,7.14,600,2021-09-28 19:12:00,ACIU
7.13,7.13,7.12,7.12,1900,2021-09-28 19:14:00,ACIU
7.12,7.12,7.09,7.0973,2375,2021-09-28 19:15:00,ACIU
7.1,7.1,7.1,7.1,506,2021-09-28 19:16:00,ACIU
7.1,7.11,7.1,7.11,600,2021-09-28 19:18:00,ACIU
7.09,7.09,7.09,7.09,400,2021-09-28 19:20:00,ACIU
7.09,7.09,7.09,7.09,100,2021-09-28 19:22:00,ACIU
7.08,7.08,7.07,7.08,500,2021-09-28 19:23:00,ACIU
7.08,7.09,7.08,7.09,600,2021-09-28 19:27:00,ACIU
7.07,7.07,7.07,7.07,415,2021-09-28 19:29:00,ACIU
7.07,7.07,7.07,7.07,200,2021-09-28 19:30:00,ACIU
7.06,7.06,7.06,7.06,150,2021-09-28 19:31:00,ACIU
7.07,7.08,7.07,7.07,1523,2021-09-28 19:32:00,ACIU
7.075,7.075,7.075,7.075,100,2021-09-28 19:33:00,ACIU
7.06,7.06,7.05,7.05,4200,2021-09-28 19:34:00,ACIU
7.04,7.05,7.04,7.04,400,2021-09-28 19:35:00,ACIU
7.03,7.03,7.03,7.03,100,2021-09-28 19:37:00,ACIU
7.03,7.03,7.03,7.03,100,2021-09-28 19:38:00,ACIU
7.03,7.04,7.03,7.04,832,2021-09-28 19:40:00,ACIU
7.04,7.06,7.04,7.06,1630,2021-09-28 19:41:00,ACIU
7.06,7.06,7.06,7.06,400,2021-09-28 19:43:00,ACIU
7.05,7.05,7.03,7.03,7934,2021-09-28 19:44:00,ACIU
7.05,7.05,7.025,7.025,1594,2021-09-28 19:45:00,ACIU
7.0361,7.0361,7.01,7.01,1800,2021-09-28 19:47:00,ACIU
7.01,7.01,7.01,7.01,300,2021-09-28 19:49:00,ACIU
7.0,7.01,7.0,7.01,6254,2021-09-28 19:50:00,ACIU
7.01,7.01,7.01,7.01,2000,2021-09-28 19:51:00,ACIU
7.0,7.0,6.98,6.98,1090,2021-09-28 19:52:00,ACIU
6.97,6.98,6.97,6.98,538,2021-09-28 19:53:00,ACIU
6.98,7.0,6.98,6.99,3445,2021-09-28 19:54:00,ACIU
6.98,6.99,6.98,6.99,2300,2021-09-28 19:55:00,ACIU
6.99,6.99,6.98,6.98,4158,2021-09-28 19:56:00,ACIU
6.97,6.98,6.95,6.98,11575,2021-09-28 19:57:00,ACIU
6.98,6.99,6.98,6.99,2842,2021-09-28 19:58:00,ACIU
6.985,7.0,6.98,6.98,3200,2021-09-28 19:59:00,ACIU
6.99,6.99,6.99,6.99,7500,2021-09-28 20:00:00,ACIU
6.95,6.95,6.91,6.91,5936,2021-09-28 20:38:00,ACIU
6.94,6.94,6.94,6.94,100,2021-09-28 20:39:00,ACIU
7.0,7.0,7.0,7.0,300,2021-09-29 11:29:00,ACIU
7.01,7.01,7.0,7.0,2948,2021-09-29 12:01:00,ACIU
7.0,7.0,7.0,7.0,222,2021-09-29 13:11:00,ACIU
7.02,7.07,7.02,7.07,4148,2021-09-29 13:30:00,ACIU
7.02,7.02,7.02,7.02,5000,2021-09-29 13:31:00,ACIU
7.02,7.02,7.02,7.02,4848,2021-09-29 13:34:00,ACIU
7.0,7.01,7.0,7.01,1600,2021-09-29 13:35:00,ACIU
7.01,7.03,7.01,7.03,500,2021-09-29 13:37:00,ACIU
7.06,7.06,7.06,7.06,184,2021-09-29 13:38:00,ACIU
7.06,7.06,7.06,7.06,100,2021-09-29 13:40:00,ACIU
7.03,7.03,7.03,7.03,3992,2021-09-29 13:42:00,ACIU
7.04,7.04,7.04,7.04,100,2021-09-29 13:43:00,ACIU
7.09,7.09,7.06,7.09,2300,2021-09-29 13:54:00,ACIU
7.051,7.051,7.051,7.051,106,2021-09-29 13:57:00,ACIU
7.05,7.06,7.05,7.05,900,2021-09-29 13:58:00,ACIU
7.05,7.05,7.01,7.02,1950,2021-09-29 14:01:00,ACIU
7.02,7.05,7.02,7.05,996,2021-09-29 14:07:00,ACIU
7.02,7.02,7.02,7.02,1100,2021-09-29 14:10:00,ACIU
7.02,7.02,7.02,7.02,200,2021-09-29 14:13:00,ACIU
7.02,7.02,7.02,7.02,200,2021-09-29 14:15:00,ACIU
7.0,7.0,7.0,7.0,100,2021-09-29 14:19:00,ACIU
7.0001,7.0001,7.0001,7.0001,200,2021-09-29 14:24:00,ACIU
7.0,7.0,7.0,7.0,100,2021-09-29 14:27:00,ACIU
6.99,6.99,6.96,6.96,325,2021-09-29 14:29:00,ACIU
6.9436,6.9436,6.9436,6.9436,311,2021-09-29 14:32:00,ACIU
6.95,6.95,6.94,6.94,5597,2021-09-29 14:37:00,ACIU
6.95,6.95,6.95,6.95,100,2021-09-29 14:39:00,ACIU
6.91,6.9254,6.91,6.9254,300,2021-09-29 14:40:00,ACIU
6.9496,6.9496,6.9496,6.9496,600,2021-09-29 14:43:00,ACIU
6.95,6.95,6.95,6.95,250,2021-09-29 14:47:00,ACIU
6.95,6.99,6.95,6.97,3680,2021-09-29 14:48:00,ACIU
6.97,6.9799,6.96,6.96,1200,2021-09-29 14:50:00,ACIU
6.95,6.95,6.95,6.95,100,2021-09-29 14:51:00,ACIU
6.95,6.95,6.95,6.95,300,2021-09-29 14:55:00,ACIU
6.94,6.94,6.94,6.94,100,2021-09-29 14:59:00,ACIU
6.93,6.93,6.93,6.93,900,2021-09-29 15:04:00,ACIU
6.9001,6.9001,6.9001,6.9001,200,2021-09-29 15:08:00,ACIU
6.9,6.9,6.9,6.9,100,2021-09-29 15:12:00,ACIU
6.9048,6.9048,6.9048,6.9048,1000,2021-09-29 15:16:00,ACIU
6.905,6.9231,6.905,6.9231,300,2021-09-29 15:18:00,ACIU
6.905,6.905,6.905,6.905,100,2021-09-29 15:26:00,ACIU
6.89,6.89,6.89,6.89,540,2021-09-29 15:27:00,ACIU
6.89,6.89,6.882,6.882,1100,2021-09-29 15:31:00,ACIU
6.8999,6.94,6.882,6.9,7285,2021-09-29 15:32:00,ACIU
6.9,6.94,6.88,6.94,3567,2021-09-29 15:34:00,ACIU
6.94,6.94,6.91,6.91,4254,2021-09-29 15:35:00,ACIU
6.88,6.9,6.88,6.88,3860,2021-09-29 15:40:00,ACIU
6.93,6.94,6.87,6.8877,4114,2021-09-29 15:41:00,ACIU
6.89,6.89,6.89,6.89,1000,2021-09-29 15:42:00,ACIU
6.88,6.88,6.88,6.88,400,2021-09-29 15:44:00,ACIU
6.89,6.89,6.89,6.89,300,2021-09-29 15:47:00,ACIU
6.88,6.89,6.88,6.89,900,2021-09-29 15:49:00,ACIU
6.89,6.9,6.89,6.9,1000,2021-09-29 15:51:00,ACIU
6.89,6.89,6.89,6.89,100,2021-09-29 15:52:00,ACIU
6.905,6.905,6.905,6.905,211,2021-09-29 15:54:00,ACIU
6.9138,6.9138,6.9138,6.9138,100,2021-09-29 15:56:00,ACIU
6.89,6.89,6.89,6.89,100,2021-09-29 15:57:00,ACIU
6.89,6.89,6.89,6.89,100,2021-09-29 15:58:00,ACIU
6.9,6.9,6.89,6.89,454,2021-09-29 16:00:00,ACIU
6.9,6.9,6.89,6.89,1093,2021-09-29 16:05:00,ACIU
6.88,6.885,6.8711,6.8711,750,2021-09-29 16:09:00,ACIU
6.87,6.87,6.87,6.87,100,2021-09-29 16:10:00,ACIU
6.88,6.88,6.87,6.87,800,2021-09-29 16:12:00,ACIU
6.87,6.87,6.87,6.87,100,2021-09-29 16:14:00,ACIU
6.87,6.88,6.87,6.88,565,2021-09-29 16:15:00,ACIU
6.87,6.87,6.87,6.87,500,2021-09-29 16:23:00,ACIU
6.86,6.86,6.85,6.85,4500,2021-09-29 16:25:00,ACIU
6.86,6.86,6.86,6.86,100,2021-09-29 16:28:00,ACIU
6.86,6.87,6.86,6.87,1300,2021-09-29 16:29:00,ACIU
6.87,6.87,6.87,6.87,368,2021-09-29 16:31:00,ACIU
6.87,6.87,6.86,6.86,1400,2021-09-29 16:32:00,ACIU
6.86,6.86,6.86,6.86,100,2021-09-29 16:35:00,ACIU
6.87,6.87,6.86,6.86,400,2021-09-29 16:39:00,ACIU
6.85,6.85,6.82,6.85,1827,2021-09-29 16:40:00,ACIU
6.835,6.835,6.835,6.835,200,2021-09-29 16:41:00,ACIU
6.835,6.835,6.835,6.835,100,2021-09-29 16:42:00,ACIU
6.84,6.84,6.84,6.84,100,2021-09-29 16:45:00,ACIU
6.85,6.85,6.85,6.85,323,2021-09-29 16:46:00,ACIU
6.835,6.835,6.835,6.835,100,2021-09-29 16:47:00,ACIU
6.82,6.82,6.82,6.82,300,2021-09-29 16:48:00,ACIU
6.83,6.83,6.83,6.83,397,2021-09-29 16:50:00,ACIU
6.82,6.82,6.82,6.82,200,2021-09-29 16:53:00,ACIU
6.83,6.83,6.83,6.83,500,2021-09-29 16:55:00,ACIU
6.8499,6.85,6.83,6.85,3600,2021-09-29 16:58:00,ACIU
6.84,6.84,6.84,6.84,708,2021-09-29 16:59:00,ACIU
6.85,6.87,6.85,6.87,5059,2021-09-29 17:00:00,ACIU
6.855,6.855,6.855,6.855,470,2021-09-29 17:06:00,ACIU
6.84,6.84,6.84,6.84,100,2021-09-29 17:08:00,ACIU
6.85,6.85,6.85,6.85,100,2021-09-29 17:12:00,ACIU
6.86,6.88,6.86,6.88,2200,2021-09-29 17:13:00,ACIU
6.8816,6.8816,6.8816,6.8816,623,2021-09-29 17:15:00,ACIU
6.86,6.8675,6.86,6.8675,945,2021-09-29 17:16:00,ACIU
6.8701,6.8701,6.8701,6.8701,778,2021-09-29 17:19:00,ACIU
6.8716,6.8716,6.8716,6.8716,100,2021-09-29 17:21:00,ACIU
6.89,6.89,6.89,6.89,400,2021-09-29 17:23:00,ACIU
6.88,6.88,6.88,6.88,500,2021-09-29 17:28:00,ACIU
6.8999,6.8999,6.8999,6.8999,500,2021-09-29 17:30:00,ACIU
6.9,6.9,6.89,6.89,721,2021-09-29 17:31:00,ACIU
6.88,6.88,6.88,6.88,2300,2021-09-29 17:33:00,ACIU
6.9055,6.9055,6.9055,6.9055,500,2021-09-29 17:38:00,ACIU
6.88,6.88,6.88,6.88,200,2021-09-29 17:50:00,ACIU
6.9,6.9,6.89,6.89,1200,2021-09-29 17:54:00,ACIU
6.89,6.89,6.89,6.89,300,2021-09-29 17:55:00,ACIU
6.88,6.895,6.88,6.895,1928,2021-09-29 17:57:00,ACIU
6.88,6.88,6.88,6.88,8932,2021-09-29 18:05:00,ACIU
6.88,6.89,6.88,6.89,1427,2021-09-29 18:06:00,ACIU
6.87,6.87,6.87,6.87,100,2021-09-29 18:19:00,ACIU
6.87,6.87,6.87,6.87,100,2021-09-29 18:23:00,ACIU
6.86,6.86,6.86,6.86,100,2021-09-29 18:25:00,ACIU
6.87,6.87,6.86,6.86,300,2021-09-29 18:29:00,ACIU
6.86,6.86,6.86,6.86,200,2021-09-29 18:32:00,ACIU
6.87,6.87,6.87,6.87,500,2021-09-29 18:34:00,ACIU
6.87,6.92,6.87,6.8872,2983,2021-09-29 18:36:00,ACIU
6.87,6.87,6.87,6.87,313,2021-09-29 18:44:00,ACIU
6.87,6.87,6.87,6.87,100,2021-09-29 18:45:00,ACIU
6.895,6.895,6.87,6.87,259,2021-09-29 18:50:00,ACIU
6.895,6.895,6.895,6.895,595,2021-09-29 18:52:00,ACIU
6.92,6.92,6.92,6.92,100,2021-09-29 18:53:00,ACIU
6.895,6.895,6.87,6.87,500,2021-09-29 18:55:00,ACIU
6.895,6.895,6.895,6.895,900,2021-09-29 18:56:00,ACIU
6.87,6.87,6.87,6.87,100,2021-09-29 19:00:00,ACIU
6.87,6.87,6.86,6.865,900,2021-09-29 19:01:00,ACIU
6.86,6.86,6.86,6.86,300,2021-09-29 19:05:00,ACIU
6.85,6.85,6.85,6.85,100,2021-09-29 19:09:00,ACIU
6.85,6.86,6.85,6.86,300,2021-09-29 19:12:00,ACIU
6.86,6.86,6.86,6.86,300,2021-09-29 19:13:00,ACIU
6.87,6.87,6.87,6.87,788,2021-09-29 19:14:00,ACIU
6.87,6.87,6.86,6.86,800,2021-09-29 19:15:00,ACIU
6.87,6.87,6.87,6.87,1000,2021-09-29 19:16:00,ACIU
6.86,6.8673,6.86,6.86,1050,2021-09-29 19:17:00,ACIU
6.86,6.86,6.86,6.86,100,2021-09-29 19:20:00,ACIU
6.85,6.85,6.83,6.83,3149,2021-09-29 19:21:00,ACIU
6.845,6.845,6.845,6.845,400,2021-09-29 19:24:00,ACIU
6.845,6.845,6.845,6.845,700,2021-09-29 19:25:00,ACIU
6.83,6.83,6.83,6.83,600,2021-09-29 19:28:00,ACIU
6.82,6.82,6.82,6.82,100,2021-09-29 19:31:00,ACIU
6.82,6.825,6.82,6.825,2800,2021-09-29 19:34:00,ACIU
6.825,6.83,6.825,6.83,300,2021-09-29 19:35:00,ACIU
6.81,6.81,6.81,6.81,300,2021-09-29 19:37:00,ACIU
6.82,6.82,6.82,6.82,998,2021-09-29 19:38:00,ACIU
6.82,6.82,6.82,6.82,500,2021-09-29 19:39:00,ACIU
6.81,6.82,6.81,6.82,246,2021-09-29 19:40:00,ACIU
6.83,6.83,6.83,6.83,2023,2021-09-29 19:41:00,ACIU
6.82,6.82,6.82,6.82,100,2021-09-29 19:42:00,ACIU
6.81,6.81,6.8,6.805,2763,2021-09-29 19:43:00,ACIU
6.805,6.81,6.8,6.81,5025,2021-09-29 19:44:00,ACIU
6.81,6.815,6.8,6.815,506,2021-09-29 19:45:00,ACIU
6.81,6.81,6.795,6.8,2200,2021-09-29 19:47:00,ACIU
6.8,6.8099,6.8,6.8099,700,2021-09-29 19:48:00,ACIU
6.82,6.82,6.82,6.82,250,2021-09-29 19:49:00,ACIU
6.81,6.81,6.81,6.81,1034,2021-09-29 19:50:00,ACIU
6.81,6.82,6.81,6.82,1600,2021-09-29 19:51:00,ACIU
6.82,6.82,6.81,6.81,1523,2021-09-29 19:54:00,ACIU
6.82,6.82,6.81,6.81,3332,2021-09-29 19:55:00,ACIU
6.81,6.82,6.81,6.82,2400,2021-09-29 19:56:00,ACIU
6.83,6.83,6.83,6.83,1433,2021-09-29 19:57:00,ACIU
6.83,6.84,6.82,6.82,1986,2021-09-29 19:58:00,ACIU
6.84,6.84,6.82,6.83,1425,2021-09-29 19:59:00,ACIU
6.84,6.84,6.84,6.84,5663,2021-09-29 20:00:00,ACIU
6.84,6.85,6.84,6.85,4673,2021-09-30 13:30:00,ACIU
6.9,6.9,6.9,6.9,100,2021-09-30 13:33:00,ACIU
6.89,6.89,6.86,6.86,354,2021-09-30 13:35:00,ACIU
6.88,6.88,6.88,6.88,100,2021-09-30 13:37:00,ACIU
6.88,6.88,6.87,6.87,720,2021-09-30 13:38:00,ACIU
6.87,6.88,6.87,6.88,400,2021-09-30 13:39:00,ACIU
6.86,6.86,6.86,6.86,415,2021-09-30 13:40:00,ACIU
6.8526,6.8526,6.8526,6.8526,100,2021-09-30 13:44:00,ACIU
6.8456,6.8456,6.84,6.84,1146,2021-09-30 13:46:00,ACIU
6.85,6.87,6.85,6.87,400,2021-09-30 13:48:00,ACIU
6.89,6.9,6.89,6.89,3100,2021-09-30 13:54:00,ACIU
6.9,6.9,6.88,6.88,1103,2021-09-30 13:59:00,ACIU
6.88,6.88,6.8501,6.8501,801,2021-09-30 14:06:00,ACIU
6.851,6.851,6.851,6.851,123,2021-09-30 14:07:00,ACIU
6.85,6.85,6.83,6.845,1000,2021-09-30 14:08:00,ACIU
6.86,6.86,6.82,6.8535,2240,2021-09-30 14:10:00,ACIU
6.8361,6.8361,6.82,6.83,2470,2021-09-30 14:11:00,ACIU
6.83,6.83,6.83,6.83,200,2021-09-30 14:16:00,ACIU
6.83,6.84,6.83,6.84,400,2021-09-30 14:20:00,ACIU
6.84,6.84,6.84,6.84,400,2021-09-30 14:21:00,ACIU
6.835,6.835,6.82,6.82,200,2021-09-30 14:23:00,ACIU
6.835,6.835,6.82,6.82,1140,2021-09-30 14:26:00,ACIU
6.8,6.8,6.8,6.8,200,2021-09-30 14:29:00,ACIU
6.81,6.81,6.81,6.81,229,2021-09-30 14:30:00,ACIU
6.79,6.8,6.79,6.8,5800,2021-09-30 14:31:00,ACIU
6.79,6.79,6.77,6.78,1900,2021-09-30 14:32:00,ACIU
6.79,6.8,6.78,6.8,618,2021-09-30 14:33:00,ACIU
6.8,6.8,6.77,6.78,2587,2021-09-30 14:34:00,ACIU
6.7826,6.7826,6.7826,6.7826,100,2021-09-30 14:35:00,ACIU
6.8,6.8,6.8,6.8,150,2021-09-30 14:36:00,ACIU
6.8,6.8,6.79,6.79,266,2021-09-30 14:37:00,ACIU
6.8,6.82,6.79,6.82,2345,2021-09-30 14:38:00,ACIU
6.8234,6.8234,6.8234,6.8234,800,2021-09-30 14:39:00,ACIU
6.82,6.8369,6.82,6.8369,319,2021-09-30 14:40:00,ACIU
6.82,6.82,6.8199,6.8199,1968,2021-09-30 14:43:00,ACIU
6.805,6.82,6.805,6.82,946,2021-09-30 14:44:00,ACIU
6.815,6.835,6.815,6.835,1100,2021-09-30 14:46:00,ACIU
6.82,6.83,6.815,6.83,1200,2021-09-30 14:51:00,ACIU
6.835,6.835,6.835,6.835,100,2021-09-30 14:53:00,ACIU
6.82,6.82,6.82,6.82,300,2021-09-30 14:54:00,ACIU
6.82,6.87,6.82,6.83,5735,2021-09-30 14:59:00,ACIU
6.81,6.81,6.81,6.81,400,2021-09-30 15:00:00,ACIU
6.82,6.82,6.81,6.81,1014,2021-09-30 15:01:00,ACIU
6.81,6.82,6.8,6.82,687,2021-09-30 15:02:00,ACIU
6.82,6.82,6.8,6.82,400,2021-09-30 15:07:00,ACIU
6.825,6.825,6.825,6.825,100,2021-09-30 15:09:00,ACIU
6.825,6.83,6.82,6.83,1800,2021-09-30 15:10:00,ACIU
6.82,6.82,6.82,6.82,200,2021-09-30 15:11:00,ACIU
6.82,6.82,6.82,6.82,100,2021-09-30 15:15:00,ACIU
6.818,6.82,6.818,6.82,600,2021-09-30 15:17:00,ACIU
6.83,6.83,6.83,6.83,500,2021-09-30 15:18:00,ACIU
6.83,6.83,6.83,6.83,200,2021-09-30 15:20:00,ACIU
6.84,6.84,6.84,6.84,896,2021-09-30 15:21:00,ACIU
6.84,6.84,6.81,6.81,7670,2021-09-30 15:22:00,ACIU
6.8275,6.8275,6.81,6.81,800,2021-09-30 15:23:00,ACIU
6.82,6.82,6.81,6.81,500,2021-09-30 15:24:00,ACIU
6.81,6.81,6.81,6.81,200,2021-09-30 15:27:00,ACIU
6.8299,6.8299,6.8299,6.8299,1000,2021-09-30 15:28:00,ACIU
6.82,6.82,6.81,6.82,400,2021-09-30 15:29:00,ACIU
6.82,6.82,6.81,6.81,300,2021-09-30 15:32:00,ACIU
6.8,6.8,6.8,6.8,100,2021-09-30 15:34:00,ACIU
6.81,6.815,6.8,6.815,800,2021-09-30 15:36:00,ACIU
6.8,6.8,6.8,6.8,300,2021-09-30 15:39:00,ACIU
6.8,6.8,6.8,6.8,200,2021-09-30 15:40:00,ACIU
6.78,6.78,6.78,6.78,100,2021-09-30 15:41:00,ACIU
6.78,6.78,6.77,6.775,650,2021-09-30 15:42:00,ACIU
6.775,6.79,6.775,6.79,800,2021-09-30 15:43:00,ACIU
6.785,6.785,6.785,6.785,200,2021-09-30 15:44:00,ACIU
6.77,6.77,6.77,6.77,106,2021-09-30 15:49:00,ACIU
6.775,6.785,6.775,6.785,300,2021-09-30 15:50:00,ACIU
6.78,6.78,6.78,6.78,200,2021-09-30 15:53:00,ACIU
6.78,6.78,6.78,6.78,100,2021-09-30 15:55:00,ACIU
6.78,6.78,6.78,6.78,450,2021-09-30 15:56:00,ACIU
6.79,6.79,6.785,6.785,300,2021-09-30 15:57:00,ACIU
6.8,6.8,6.79,6.79,1000,2021-09-30 15:58:00,ACIU
6.8,6.8,6.8,6.8,300,2021-09-30 16:03:00,ACIU
6.79,6.79,6.79,6.79,100,2021-09-30 16:04:00,ACIU
6.79,6.79,6.79,6.79,547,2021-09-30 16:05:00,ACIU
6.79,6.8,6.79,6.791,1200,2021-09-30 16:06:00,ACIU
6.77,6.77,6.77,6.77,100,2021-09-30 16:09:00,ACIU
6.77,6.77,6.77,6.77,100,2021-09-30 16:12:00,ACIU
6.78,6.78,6.78,6.78,100,2021-09-30 16:14:00,ACIU
6.77,6.77,6.77,6.77,2600,2021-09-30 16:21:00,ACIU
6.78,6.78,6.78,6.78,200,2021-09-30 16:22:00,ACIU
6.78,6.78,6.77,6.77,500,2021-09-30 16:23:00,ACIU
6.77,6.77,6.77,6.77,100,2021-09-30 16:24:00,ACIU
6.78,6.79,6.78,6.79,1145,2021-09-30 16:25:00,ACIU
6.77,6.7701,6.73,6.75,3932,2021-09-30 16:26:00,ACIU
6.75,6.755,6.73,6.755,600,2021-09-30 16:27:00,ACIU
6.75,6.75,6.75,6.75,600,2021-09-30 16:28:00,ACIU
6.74,6.74,6.74,6.74,200,2021-09-30 16:30:00,ACIU
6.74,6.74,6.74,6.74,200,2021-09-30 16:31:00,ACIU
6.73,6.73,6.69,6.7157,4215,2021-09-30 16:32:00,ACIU
6.705,6.705,6.705,6.705,100,2021-09-30 16:33:00,ACIU
6.7,6.72,6.7,6.72,800,2021-09-30 16:34:00,ACIU
6.73,6.73,6.72,6.725,400,2021-09-30 16:35:00,ACIU
6.73,6.73,6.72,6.72,900,2021-09-30 16:36:00,ACIU
6.73,6.73,6.73,6.73,200,2021-09-30 16:37:00,ACIU
6.72,6.73,6.72,6.73,298,2021-09-30 16:38:00,ACIU
6.7351,6.7351,6.7351,6.7351,300,2021-09-30 16:40:00,ACIU
6.71,6.71,6.71,6.71,100,2021-09-30 16:42:00,ACIU
6.7101,6.7101,6.7101,6.7101,300,2021-09-30 16:45:00,ACIU
6.71,6.711,6.7,6.7,9501,2021-09-30 16:47:00,ACIU
6.715,6.715,6.715,6.715,100,2021-09-30 16:48:00,ACIU
6.715,6.715,6.715,6.715,400,2021-09-30 16:49:00,ACIU
6.7,6.715,6.7,6.715,500,2021-09-30 16:50:00,ACIU
6.715,6.73,6.715,6.73,1400,2021-09-30 16:51:00,ACIU
6.74,6.74,6.73,6.73,300,2021-09-30 16:52:00,ACIU
6.74,6.74,6.74,6.74,100,2021-09-30 16:55:00,ACIU
6.75,6.75,6.73,6.73,3546,2021-09-30 16:58:00,ACIU
6.74,6.74,6.74,6.74,100,2021-09-30 16:59:00,ACIU
6.72,6.7471,6.72,6.7471,200,2021-09-30 17:00:00,ACIU
6.7577,6.7577,6.74,6.74,500,2021-09-30 17:02:00,ACIU
6.75,6.75,6.75,6.75,300,2021-09-30 17:03:00,ACIU
6.76,6.77,6.76,6.77,300,2021-09-30 17:04:00,ACIU
6.755,6.77,6.755,6.77,400,2021-09-30 17:05:00,ACIU
6.77,6.77,6.7527,6.7527,303,2021-09-30 17:10:00,ACIU
6.76,6.76,6.75,6.75,200,2021-09-30 17:11:00,ACIU
6.76,6.76,6.76,6.76,100,2021-09-30 17:13:00,ACIU
6.76,6.76,6.76,6.76,100,2021-09-30 17:14:00,ACIU
6.76,6.77,6.76,6.77,1046,2021-09-30 17:15:00,ACIU
6.78,6.785,6.775,6.785,1008,2021-09-30 17:16:00,ACIU
6.78,6.78,6.78,6.78,900,2021-09-30 17:20:00,ACIU
6.77,6.77,6.76,6.76,400,2021-09-30 17:23:00,ACIU
6.75,6.75,6.75,6.75,100,2021-09-30 17:24:00,ACIU
6.74,6.74,6.74,6.74,200,2021-09-30 17:27:00,ACIU
6.73,6.73,6.73,6.73,1308,2021-09-30 17:31:00,ACIU
6.725,6.7335,6.725,6.7335,300,2021-09-30 17:32:00,ACIU
6.71,6.725,6.71,6.725,300,2021-09-30 17:35:00,ACIU
6.74,6.74,6.74,6.74,400,2021-09-30 17:36:00,ACIU
6.73,6.73,6.73,6.73,100,2021-09-30 17:40:00,ACIU
6.75,6.75,6.73,6.73,200,2021-09-30 17:42:00,ACIU
6.75,6.75,6.73,6.73,300,2021-09-30 17:44:00,ACIU
6.733,6.733,6.733,6.733,100,2021-09-30 17:46:00,ACIU
6.75,6.76,6.75,6.75,700,2021-09-30 17:47:00,ACIU
6.75,6.76,6.74,6.74,1426,2021-09-30 17:48:00,ACIU
6.76,6.77,6.76,6.77,700,2021-09-30 17:50:00,ACIU
6.78,6.78,6.78,6.78,200,2021-09-30 17:51:00,ACIU
6.775,6.775,6.775,6.775,2500,2021-09-30 17:58:00,ACIU
6.78,6.8099,6.78,6.8099,4200,2021-09-30 18:00:00,ACIU
6.79,6.79,6.78,6.78,600,2021-09-30 18:01:00,ACIU
6.785,6.785,6.785,6.785,100,2021-09-30 18:02:00,ACIU
6.8,6.82,6.8,6.82,897,2021-09-30 18:08:00,ACIU
6.78,6.79,6.78,6.78,800,2021-09-30 18:15:00,ACIU
6.7999,6.7999,6.7999,6.7999,100,2021-09-30 18:18:00,ACIU
6.79,6.8,6.79,6.8,1000,2021-09-30 18:21:00,ACIU
6.79,6.79,6.79,6.79,100,2021-09-30 18:22:00,ACIU
6.79,6.79,6.79,6.79,200,2021-09-30 18:26:00,ACIU
6.79,6.79,6.79,6.79,100,2021-09-30 18:27:00,ACIU
6.79,6.79,6.79,6.79,100,2021-09-30 18:29:00,ACIU
6.8,6.8,6.78,6.795,800,2021-09-30 18:30:00,ACIU
6.79,6.79,6.77,6.77,1238,2021-09-30 18:33:00,ACIU
6.775,6.775,6.775,6.775,100,2021-09-30 18:35:00,ACIU
6.76,6.76,6.76,6.76,200,2021-09-30 18:36:00,ACIU
6.76,6.76,6.76,6.76,100,2021-09-30 18:37:00,ACIU
6.76,6.76,6.76,6.76,201,2021-09-30 18:39:00,ACIU
6.76,6.76,6.76,6.76,100,2021-09-30 18:40:00,ACIU
6.77,6.77,6.77,6.77,100,2021-09-30 18:41:00,ACIU
6.77,6.78,6.76,6.76,600,2021-09-30 18:42:00,ACIU
6.7728,6.7728,6.7728,6.7728,150,2021-09-30 18:43:00,ACIU
6.79,6.79,6.79,6.79,100,2021-09-30 18:45:00,ACIU
6.79,6.79,6.78,6.79,500,2021-09-30 18:48:00,ACIU
6.79,6.79,6.79,6.79,300,2021-09-30 18:50:00,ACIU
6.7823,6.7823,6.7823,6.7823,200,2021-09-30 18:57:00,ACIU
6.78,6.8,6.78,6.8,426,2021-09-30 19:00:00,ACIU
6.795,6.805,6.795,6.8,900,2021-09-30 19:01:00,ACIU
6.79,6.79,6.78,6.78,831,2021-09-30 19:03:00,ACIU
6.78,6.78,6.78,6.78,162,2021-09-30 19:07:00,ACIU
6.7774,6.79,6.7774,6.79,1317,2021-09-30 19:08:00,ACIU
6.79,6.79,6.79,6.79,300,2021-09-30 19:09:00,ACIU
6.8,6.8,6.8,6.8,139,2021-09-30 19:11:00,ACIU
6.795,6.795,6.795,6.795,1500,2021-09-30 19:14:00,ACIU
6.8,6.8,6.8,6.8,300,2021-09-30 19:15:00,ACIU
6.8,6.8,6.8,6.8,100,2021-09-30 19:17:00,ACIU
6.79,6.79,6.79,6.79,467,2021-09-30 19:19:00,ACIU
6.78,6.78,6.78,6.78,100,2021-09-30 19:20:00,ACIU
6.78,6.78,6.78,6.78,600,2021-09-30 19:21:00,ACIU
6.775,6.78,6.77,6.77,800,2021-09-30 19:22:00,ACIU
6.77,6.77,6.77,6.77,100,2021-09-30 19:23:00,ACIU
6.77,6.77,6.77,6.77,100,2021-09-30 19:24:00,ACIU
6.765,6.765,6.765,6.765,100,2021-09-30 19:26:00,ACIU
6.765,6.765,6.76,6.76,400,2021-09-30 19:27:00,ACIU
6.76,6.76,6.76,6.76,208,2021-09-30 19:28:00,ACIU
6.755,6.755,6.75,6.75,300,2021-09-30 19:29:00,ACIU
6.75,6.75,6.75,6.75,100,2021-09-30 19:30:00,ACIU
6.76,6.76,6.76,6.76,800,2021-09-30 19:31:00,ACIU
6.77,6.77,6.765,6.77,700,2021-09-30 19:35:00,ACIU
6.77,6.77,6.77,6.77,100,2021-09-30 19:36:00,ACIU
6.78,6.78,6.78,6.78,500,2021-09-30 19:37:00,ACIU
6.78,6.78,6.78,6.78,504,2021-09-30 19:38:00,ACIU
6.78,6.78,6.78,6.78,100,2021-09-30 19:39:00,ACIU
6.77,6.77,6.765,6.765,833,2021-09-30 19:41:00,ACIU
6.76,6.76,6.76,6.76,600,2021-09-30 19:42:00,ACIU
6.76,6.76,6.76,6.76,200,2021-09-30 19:43:00,ACIU
6.755,6.76,6.755,6.755,901,2021-09-30 19:44:00,ACIU
6.75,6.77,6.75,6.77,800,2021-09-30 19:45:00,ACIU
6.77,6.77,6.77,6.77,300,2021-09-30 19:46:00,ACIU
6.7607,6.78,6.7607,6.78,1099,2021-09-30 19:47:00,ACIU
6.76,6.78,6.76,6.78,395,2021-09-30 19:48:00,ACIU
6.77,6.78,6.77,6.775,900,2021-09-30 19:49:00,ACIU
6.77,6.77,6.76,6.76,1843,2021-09-30 19:50:00,ACIU
6.75,6.75,6.74,6.75,2709,2021-09-30 19:51:00,ACIU
6.745,6.745,6.745,6.745,300,2021-09-30 19:52:00,ACIU
6.745,6.76,6.745,6.76,6030,2021-09-30 19:53:00,ACIU
6.77,6.77,6.7,6.7,9886,2021-09-30 19:54:00,ACIU
6.7,6.71,6.7,6.7,2461,2021-09-30 19:55:00,ACIU
6.71,6.72,6.71,6.71,1491,2021-09-30 19:56:00,ACIU
6.71,6.73,6.71,6.73,4125,2021-09-30 19:57:00,ACIU
6.73,6.7389,6.72,6.7389,3318,2021-09-30 19:58:00,ACIU
6.72,6.73,6.71,6.71,6540,2021-09-30 19:59:00,ACIU
6.71,6.71,6.71,6.71,53086,2021-09-30 20:00:00,ACIU
6.78,6.78,6.78,6.78,200,2021-10-01 12:55:00,ACIU
6.7,6.7,6.7,6.7,100,2021-10-01 13:14:00,ACIU
6.71,6.71,6.71,6.71,100,2021-10-01 13:29:00,ACIU
6.68,6.7,6.65,6.65,3618,2021-10-01 13:30:00,ACIU
6.66,6.71,6.66,6.71,400,2021-10-01 13:31:00,ACIU
6.7,6.71,6.695,6.695,300,2021-10-01 13:32:00,ACIU
6.68,6.69,6.68,6.69,300,2021-10-01 13:33:00,ACIU
6.68,6.68,6.68,6.68,595,2021-10-01 13:37:00,ACIU
6.68,6.68,6.64,6.64,400,2021-10-01 13:40:00,ACIU
6.617,6.66,6.61,6.63,1016,2021-10-01 13:41:00,ACIU
6.645,6.645,6.6364,6.64,1814,2021-10-01 13:43:00,ACIU
6.64,6.66,6.64,6.66,709,2021-10-01 13:44:00,ACIU
6.6601,6.6601,6.66,6.66,600,2021-10-01 13:46:00,ACIU
6.68,6.68,6.68,6.68,200,2021-10-01 13:47:00,ACIU
6.71,6.71,6.68,6.68,315,2021-10-01 13:49:00,ACIU
6.71,6.71,6.71,6.71,252,2021-10-01 13:51:00,ACIU
6.69,6.69,6.69,6.69,123,2021-10-01 13:52:00,ACIU
6.69,6.69,6.63,6.635,4387,2021-10-01 13:53:00,ACIU
6.645,6.65,6.6425,6.65,553,2021-10-01 13:54:00,ACIU
6.65,6.65,6.65,6.65,100,2021-10-01 13:55:00,ACIU
6.63,6.64,6.63,6.63,655,2021-10-01 13:56:00,ACIU
6.65,6.65,6.65,6.65,200,2021-10-01 13:57:00,ACIU
6.65,6.65,6.63,6.63,900,2021-10-01 13:59:00,ACIU
6.61,6.61,6.61,6.61,100,2021-10-01 14:00:00,ACIU
6.6147,6.6147,6.6147,6.6147,167,2021-10-01 14:02:00,ACIU
6.64,6.64,6.64,6.64,100,2021-10-01 14:08:00,ACIU
6.64,6.65,6.64,6.65,600,2021-10-01 14:09:00,ACIU
6.64,6.64,6.64,6.64,100,2021-10-01 14:10:00,ACIU
6.66,6.66,6.66,6.66,661,2021-10-01 14:12:00,ACIU
6.65,6.65,6.61,6.63,3800,2021-10-01 14:15:00,ACIU
6.625,6.625,6.56,6.56,13450,2021-10-01 14:16:00,ACIU
6.58,6.58,6.58,6.58,100,2021-10-01 14:17:00,ACIU
6.585,6.585,6.57,6.57,700,2021-10-01 14:18:00,ACIU
6.5601,6.6,6.5601,6.6,1606,2021-10-01 14:19:00,ACIU
6.57,6.58,6.57,6.58,3700,2021-10-01 14:22:00,ACIU
6.5791,6.5791,6.56,6.56,6100,2021-10-01 14:23:00,ACIU
6.55,6.57,6.545,6.545,6907,2021-10-01 14:24:00,ACIU
6.56,6.58,6.56,6.565,2346,2021-10-01 14:25:00,ACIU
6.58,6.58,6.58,6.58,100,2021-10-01 14:28:00,ACIU
6.557,6.557,6.557,6.557,100,2021-10-01 14:29:00,ACIU
6.565,6.565,6.565,6.565,200,2021-10-01 14:30:00,ACIU
6.56,6.565,6.55,6.55,3200,2021-10-01 14:31:00,ACIU
6.55,6.55,6.55,6.55,200,2021-10-01 14:32:00,ACIU
6.55,6.55,6.52,6.52,3670,2021-10-01 14:33:00,ACIU
6.53,6.53,6.53,6.53,600,2021-10-01 14:34:00,ACIU
6.53,6.53,6.52,6.52,2250,2021-10-01 14:35:00,ACIU
6.521,6.53,6.521,6.53,200,2021-10-01 14:36:00,ACIU
6.52,6.52,6.48,6.515,39814,2021-10-01 14:37:00,ACIU
6.505,6.505,6.505,6.505,100,2021-10-01 14:38:00,ACIU
6.505,6.52,6.505,6.52,800,2021-10-01 14:39:00,ACIU
6.5,6.51,6.5,6.51,1600,2021-10-01 14:40:00,ACIU
6.505,6.505,6.4931,6.505,1000,2021-10-01 14:41:00,ACIU
6.5,6.5,6.48,6.5,950,2021-10-01 14:42:00,ACIU
6.51,6.52,6.51,6.51,1300,2021-10-01 14:43:00,ACIU
6.52,6.52,6.5,6.5,450,2021-10-01 14:44:00,ACIU
6.505,6.505,6.505,6.505,100,2021-10-01 14:45:00,ACIU
6.5,6.505,6.5,6.505,1100,2021-10-01 14:46:00,ACIU
6.51,6.54,6.51,6.53,1500,2021-10-01 14:47:00,ACIU
6.55,6.56,6.55,6.56,880,2021-10-01 14:49:00,ACIU
6.5518,6.555,6.5518,6.555,650,2021-10-01 14:53:00,ACIU
6.555,6.555,6.549,6.549,300,2021-10-01 14:54:00,ACIU
6.57,6.59,6.57,6.59,629,2021-10-01 14:56:00,ACIU
6.59,6.59,6.59,6.59,100,2021-10-01 14:57:00,ACIU
6.59,6.59,6.59,6.59,200,2021-10-01 14:59:00,ACIU
6.58,6.58,6.58,6.58,100,2021-10-01 15:01:00,ACIU
6.5899,6.5899,6.58,6.58,1600,2021-10-01 15:02:00,ACIU
6.58,6.59,6.58,6.59,200,2021-10-01 15:03:00,ACIU
6.57,6.57,6.57,6.57,455,2021-10-01 15:09:00,ACIU
6.5601,6.5601,6.5601,6.5601,300,2021-10-01 15:10:00,ACIU
6.56,6.56,6.56,6.56,100,2021-10-01 15:11:00,ACIU
6.57,6.57,6.57,6.57,800,2021-10-01 15:12:00,ACIU
6.57,6.59,6.57,6.59,2000,2021-10-01 15:13:00,ACIU
6.61,6.63,6.6,6.63,300,2021-10-01 15:15:00,ACIU
6.61,6.61,6.605,6.6058,600,2021-10-01 15:16:00,ACIU
6.6,6.6,6.6,6.6,600,2021-10-01 15:17:00,ACIU
6.61,6.64,6.61,6.64,500,2021-10-01 15:20:00,ACIU
6.65,6.67,6.65,6.67,800,2021-10-01 15:27:00,ACIU
6.6601,6.67,6.6601,6.67,700,2021-10-01 15:28:00,ACIU
6.665,6.67,6.665,6.67,1000,2021-10-01 15:29:00,ACIU
6.66,6.66,6.66,6.66,500,2021-10-01 15:30:00,ACIU
6.65,6.65,6.64,6.65,961,2021-10-01 15:31:00,ACIU
6.6401,6.67,6.6401,6.67,4650,2021-10-01 15:32:00,ACIU
6.66,6.66,6.6587,6.6587,600,2021-10-01 15:33:00,ACIU
6.64,6.64,6.64,6.64,300,2021-10-01 15:34:00,ACIU
6.64,6.64,6.6399,6.64,1071,2021-10-01 15:35:00,ACIU
6.64,6.64,6.64,6.64,200,2021-10-01 15:36:00,ACIU
6.64,6.64,6.64,6.64,100,2021-10-01 15:42:00,ACIU
6.64,6.64,6.64,6.64,100,2021-10-01 15:44:00,ACIU
6.64,6.64,6.63,6.63,400,2021-10-01 15:45:00,ACIU
6.62,6.62,6.62,6.62,200,2021-10-01 15:46:00,ACIU
6.63,6.64,6.63,6.64,1500,2021-10-01 15:51:00,ACIU
6.65,6.655,6.65,6.655,400,2021-10-01 15:52:00,ACIU
6.6567,6.6567,6.6567,6.6567,180,2021-10-01 15:57:00,ACIU
6.63,6.63,6.63,6.63,100,2021-10-01 15:58:00,ACIU
6.64,6.64,6.63,6.63,1500,2021-10-01 15:59:00,ACIU
6.63,6.63,6.63,6.63,100,2021-10-01 16:00:00,ACIU
6.625,6.625,6.625,6.625,204,2021-10-01 16:01:00,ACIU
6.61,6.61,6.61,6.61,1575,2021-10-01 16:03:00,ACIU
6.62,6.62,6.61,6.61,300,2021-10-01 16:04:00,ACIU
6.62,6.62,6.62,6.62,200,2021-10-01 16:07:00,ACIU
6.62,6.62,6.62,6.62,100,2021-10-01 16:09:00,ACIU
6.63,6.64,6.6272,6.64,3500,2021-10-01 16:10:00,ACIU
6.64,6.64,6.64,6.64,100,2021-10-01 16:12:00,ACIU
6.64,6.64,6.64,6.64,100,2021-10-01 16:16:00,ACIU
6.65,6.65,6.65,6.65,300,2021-10-01 16:17:00,ACIU
6.65,6.65,6.64,6.64,1123,2021-10-01 16:23:00,ACIU
6.65,6.65,6.65,6.65,105,2021-10-01 16:27:00,ACIU
6.66,6.67,6.66,6.67,1333,2021-10-01 16:30:00,ACIU
6.67,6.67,6.67,6.67,100,2021-10-01 16:31:00,ACIU
6.67,6.67,6.67,6.67,100,2021-10-01 16:32:00,ACIU
6.67,6.67,6.67,6.67,100,2021-10-01 16:36:00,ACIU
6.66,6.66,6.65,6.66,1500,2021-10-01 16:40:00,ACIU
6.6401,6.65,6.6401,6.65,389,2021-10-01 16:42:00,ACIU
6.65,6.65,6.65,6.65,100,2021-10-01 16:43:00,ACIU
6.63,6.63,6.63,6.63,100,2021-10-01 16:46:00,ACIU
6.65,6.65,6.65,6.65,100,2021-10-01 16:47:00,ACIU
6.645,6.645,6.63,6.63,200,2021-10-01 16:50:00,ACIU
6.64,6.64,6.64,6.64,500,2021-10-01 16:51:00,ACIU
6.645,6.645,6.645,6.645,200,2021-10-01 16:55:00,ACIU
6.64,6.64,6.64,6.64,100,2021-10-01 16:56:00,ACIU
6.645,6.645,6.645,6.645,100,2021-10-01 16:59:00,ACIU
6.64,6.64,6.63,6.63,300,2021-10-01 17:01:00,ACIU
6.635,6.635,6.635,6.635,176,2021-10-01 17:02:00,ACIU
6.64,6.64,6.64,6.64,1200,2021-10-01 17:03:00,ACIU
6.64,6.64,6.64,6.64,200,2021-10-01 17:05:00,ACIU
6.65,6.65,6.65,6.65,532,2021-10-01 17:07:00,ACIU
6.66,6.66,6.66,6.66,100,2021-10-01 17:09:00,ACIU
6.66,6.66,6.66,6.66,300,2021-10-01 17:15:00,ACIU
6.6699,6.6699,6.6699,6.6699,524,2021-10-01 17:17:00,ACIU
6.65,6.65,6.65,6.65,200,2021-10-01 17:21:00,ACIU
6.66,6.66,6.66,6.66,400,2021-10-01 17:22:00,ACIU
6.661,6.67,6.66,6.67,1001,2021-10-01 17:23:00,ACIU
6.67,6.68,6.67,6.68,1681,2021-10-01 17:24:00,ACIU
6.69,6.69,6.69,6.69,100,2021-10-01 17:25:00,ACIU
6.68,6.685,6.68,6.68,2800,2021-10-01 17:26:00,ACIU
6.67,6.67,6.67,6.67,100,2021-10-01 17:27:00,ACIU
6.67,6.67,6.67,6.67,100,2021-10-01 17:29:00,ACIU
6.67,6.67,6.67,6.67,100,2021-10-01 17:30:00,ACIU
6.67,6.67,6.67,6.67,200,2021-10-01 17:31:00,ACIU
6.68,6.68,6.67,6.68,400,2021-10-01 17:32:00,ACIU
6.685,6.685,6.685,6.685,100,2021-10-01 17:34:00,ACIU
6.6866,6.6866,6.68,6.68,229,2021-10-01 17:38:00,ACIU
6.6899,6.6899,6.6899,6.6899,600,2021-10-01 17:39:00,ACIU
6.67,6.67,6.67,6.67,623,2021-10-01 17:43:00,ACIU
6.67,6.67,6.67,6.67,300,2021-10-01 17:44:00,ACIU
6.67,6.67,6.67,6.67,100,2021-10-01 17:45:00,ACIU
6.67,6.67,6.66,6.67,1932,2021-10-01 17:46:00,ACIU
6.6778,6.6778,6.6778,6.6778,100,2021-10-01 17:47:00,ACIU
6.68,6.68,6.67,6.68,747,2021-10-01 17:48:00,ACIU
6.67,6.671,6.67,6.671,1098,2021-10-01 17:53:00,ACIU
6.675,6.675,6.675,6.675,100,2021-10-01 17:56:00,ACIU
6.67,6.67,6.66,6.66,299,2021-10-01 17:57:00,ACIU
6.67,6.67,6.67,6.67,100,2021-10-01 17:58:00,ACIU
6.675,6.675,6.67,6.67,300,2021-10-01 18:01:00,ACIU
6.67,6.67,6.67,6.67,200,2021-10-01 18:03:00,ACIU
6.665,6.68,6.665,6.68,1800,2021-10-01 18:04:00,ACIU
6.68,6.68,6.675,6.675,200,2021-10-01 18:05:00,ACIU
6.675,6.675,6.675,6.675,200,2021-10-01 18:11:00,ACIU
6.67,6.68,6.67,6.67,500,2021-10-01 18:15:00,ACIU
6.675,6.675,6.67,6.67,300,2021-10-01 18:19:00,ACIU
6.675,6.675,6.675,6.675,256,2021-10-01 18:21:00,ACIU
6.675,6.675,6.675,6.675,200,2021-10-01 18:22:00,ACIU
6.675,6.675,6.675,6.675,100,2021-10-01 18:23:00,ACIU
6.68,6.685,6.675,6.685,1100,2021-10-01 18:25:00,ACIU
6.68,6.68,6.68,6.68,100,2021-10-01 18:34:00,ACIU
6.685,6.7,6.68,6.69,2456,2021-10-01 18:35:00,ACIU
6.7,6.705,6.7,6.705,1900,2021-10-01 18:41:00,ACIU
6.7,6.7,6.7,6.7,300,2021-10-01 18:43:00,ACIU
6.7,6.7065,6.7,6.7065,305,2021-10-01 18:45:00,ACIU
6.7,6.7,6.7,6.7,100,2021-10-01 18:47:00,ACIU
6.71,6.71,6.71,6.71,800,2021-10-01 18:48:00,ACIU
6.7094,6.7094,6.7094,6.7094,788,2021-10-01 18:50:00,ACIU
6.7097,6.7097,6.7097,6.7097,300,2021-10-01 18:51:00,ACIU
6.71,6.71,6.71,6.71,100,2021-10-01 18:55:00,ACIU
6.71,6.71,6.71,6.71,400,2021-10-01 18:56:00,ACIU
6.71,6.71,6.71,6.71,200,2021-10-01 18:58:00,ACIU
6.72,6.72,6.72,6.72,100,2021-10-01 18:59:00,ACIU
6.7,6.7,6.7,6.7,100,2021-10-01 19:00:00,ACIU
6.71,6.71,6.71,6.71,500,2021-10-01 19:01:00,ACIU
6.71,6.72,6.71,6.72,1200,2021-10-01 19:03:00,ACIU
6.71,6.71,6.71,6.71,100,2021-10-01 19:05:00,ACIU
6.72,6.72,6.72,6.72,400,2021-10-01 19:06:00,ACIU
6.73,6.73,6.73,6.73,489,2021-10-01 19:08:00,ACIU
6.72,6.73,6.72,6.73,649,2021-10-01 19:14:00,ACIU
6.72,6.73,6.72,6.72,1161,2021-10-01 19:15:00,ACIU
6.74,6.74,6.735,6.735,200,2021-10-01 19:18:00,ACIU
6.735,6.735,6.73,6.73,200,2021-10-01 19:21:00,ACIU
6.735,6.735,6.735,6.735,100,2021-10-01 19:23:00,ACIU
6.74,6.74,6.735,6.74,900,2021-10-01 19:24:00,ACIU
6.735,6.74,6.735,6.74,300,2021-10-01 19:27:00,ACIU
6.74,6.74,6.74,6.74,100,2021-10-01 19:28:00,ACIU
6.74,6.745,6.74,6.74,400,2021-10-01 19:29:00,ACIU
6.76,6.76,6.75,6.75,300,2021-10-01 19:30:00,ACIU
6.75,6.75,6.75,6.75,600,2021-10-01 19:31:00,ACIU
6.76,6.77,6.76,6.77,400,2021-10-01 19:32:00,ACIU
6.77,6.79,6.77,6.79,200,2021-10-01 19:33:00,ACIU
6.79,6.79,6.79,6.79,100,2021-10-01 19:34:00,ACIU
6.79,6.79,6.79,6.79,200,2021-10-01 19:35:00,ACIU
6.79,6.79,6.76,6.78,300,2021-10-01 19:36:00,ACIU
6.77,6.78,6.77,6.77,400,2021-10-01 19:37:00,ACIU
6.78,6.78,6.77,6.77,600,2021-10-01 19:38:00,ACIU
6.78,6.78,6.77,6.77,200,2021-10-01 19:39:00,ACIU
6.78,6.78,6.77,6.77,1419,2021-10-01 19:40:00,ACIU
6.78,6.78,6.78,6.78,300,2021-10-01 19:41:00,ACIU
6.78,6.8,6.78,6.8,1700,2021-10-01 19:42:00,ACIU
6.79,6.795,6.79,6.795,2757,2021-10-01 19:43:00,ACIU
6.79,6.795,6.79,6.79,1800,2021-10-01 19:44:00,ACIU
6.785,6.79,6.785,6.785,631,2021-10-01 19:45:00,ACIU
6.785,6.785,6.785,6.785,100,2021-10-01 19:46:00,ACIU
6.785,6.785,6.78,6.785,2029,2021-10-01 19:47:00,ACIU
6.785,6.785,6.78,6.785,1625,2021-10-01 19:48:00,ACIU
6.78,6.785,6.77,6.77,4649,2021-10-01 19:49:00,ACIU
6.77,6.78,6.77,6.775,12288,2021-10-01 19:50:00,ACIU
6.775,6.78,6.77,6.775,2223,2021-10-01 19:51:00,ACIU
6.775,6.79,6.775,6.785,6108,2021-10-01 19:52:00,ACIU
6.79,6.79,6.78,6.79,2727,2021-10-01 19:53:00,ACIU
6.79,6.79,6.78,6.79,14796,2021-10-01 19:54:00,ACIU
6.79,6.79,6.79,6.79,2067,2021-10-01 19:55:00,ACIU
6.785,6.785,6.78,6.78,2330,2021-10-01 19:56:00,ACIU
6.78,6.78,6.77,6.77,2106,2021-10-01 19:57:00,ACIU
6.775,6.78,6.76,6.76,1700,2021-10-01 19:58:00,ACIU
6.76,6.76,6.75,6.75,14603,2021-10-01 19:59:00,ACIU
6.77,6.77,6.77,6.77,34677,2021-10-01 20:00:00,ACIU
6.72,6.72,6.72,6.72,300,2021-10-01 22:39:00,ACIU
6.73,6.73,6.73,6.73,100,2021-10-01 23:49:00,ACIU
