open,high,low,close,volume,datetime,symbol
12.0,12.015,12.0,12.0,3157,2021-08-23 13:30:00,HLMN
12.0,12.0,12.0,12.0,100,2021-08-23 13:31:00,HLMN
12.0,12.0,12.0,12.0,300,2021-08-23 13:32:00,HLMN
12.0,12.0,12.0,12.0,600,2021-08-23 13:33:00,HLMN
11.92,11.92,11.92,11.92,100,2021-08-23 13:36:00,HLMN
11.89,11.89,11.85,11.86,1200,2021-08-23 13:38:00,HLMN
11.85,11.91,11.85,11.91,1858,2021-08-23 13:41:00,HLMN
11.85,11.94,11.85,11.9,1400,2021-08-23 13:42:00,HLMN
11.9,11.94,11.9,11.94,200,2021-08-23 13:43:00,HLMN
11.95,11.95,11.89,11.89,1606,2021-08-23 13:46:00,HLMN
11.88,11.9,11.76,11.87,40399,2021-08-23 13:47:00,HLMN
11.87,11.91,11.855,11.9,5311,2021-08-23 13:48:00,HLMN
11.9,11.93,11.9,11.93,1100,2021-08-23 13:49:00,HLMN
11.93,11.93,11.9299,11.93,3047,2021-08-23 13:50:00,HLMN
11.92,11.93,11.92,11.93,800,2021-08-23 13:51:00,HLMN
11.93,11.93,11.93,11.93,300,2021-08-23 13:52:00,HLMN
11.93,12.0,11.89,11.94,1470,2021-08-23 13:53:00,HLMN
11.93,11.93,11.925,11.93,1100,2021-08-23 13:54:00,HLMN
11.93,11.93,11.92,11.92,400,2021-08-23 13:55:00,HLMN
11.92,11.9361,11.915,11.9361,300,2021-08-23 13:56:00,HLMN
11.91,11.91,11.91,11.91,200,2021-08-23 13:57:00,HLMN
11.91,11.91,11.91,11.91,100,2021-08-23 13:58:00,HLMN
11.905,11.905,11.905,11.905,100,2021-08-23 13:59:00,HLMN
11.905,11.905,11.85,11.88,1449,2021-08-23 14:00:00,HLMN
11.865,11.865,11.865,11.865,100,2021-08-23 14:03:00,HLMN
11.86,11.86,11.8,11.8,7864,2021-08-23 14:04:00,HLMN
11.83,11.83,11.8,11.8,400,2021-08-23 14:05:00,HLMN
11.83,11.86,11.83,11.85,76160,2021-08-23 14:06:00,HLMN
11.825,11.825,11.825,11.825,105,2021-08-23 14:08:00,HLMN
11.83,11.84,11.81,11.82,2220,2021-08-23 14:09:00,HLMN
11.84,11.86,11.83,11.86,2109,2021-08-23 14:10:00,HLMN
11.87,11.87,11.86,11.87,1300,2021-08-23 14:13:00,HLMN
11.9,11.92,11.9,11.92,200,2021-08-23 14:15:00,HLMN
11.905,11.95,11.905,11.95,1982,2021-08-23 14:16:00,HLMN
11.91,11.95,11.91,11.91,2153,2021-08-23 14:17:00,HLMN
11.91,11.91,11.91,11.91,400,2021-08-23 14:18:00,HLMN
11.91,11.9399,11.87,11.9399,5281,2021-08-23 14:19:00,HLMN
11.9,11.94,11.88,11.92,10200,2021-08-23 14:20:00,HLMN
11.895,11.93,11.895,11.895,22900,2021-08-23 14:21:00,HLMN
11.895,11.9,11.89,11.89,6900,2021-08-23 14:22:00,HLMN
11.89,11.9,11.89,11.89,2400,2021-08-23 14:23:00,HLMN
11.89,11.89,11.89,11.89,1000,2021-08-23 14:24:00,HLMN
11.89,11.92,11.89,11.91,1300,2021-08-23 14:25:00,HLMN
11.885,11.91,11.885,11.91,200,2021-08-23 14:26:00,HLMN
11.9,11.9,11.9,11.9,1244,2021-08-23 14:27:00,HLMN
11.9,11.9,11.86,11.89,4255,2021-08-23 14:28:00,HLMN
11.9,11.92,11.9,11.92,3401,2021-08-23 14:29:00,HLMN
11.9,11.93,11.9,11.93,3945,2021-08-23 14:30:00,HLMN
11.95,11.97,11.95,11.97,1684,2021-08-23 14:31:00,HLMN
11.965,11.965,11.955,11.955,300,2021-08-23 14:32:00,HLMN
11.96,11.96,11.96,11.96,2498,2021-08-23 14:35:00,HLMN
11.97,11.97,11.97,11.97,300,2021-08-23 14:37:00,HLMN
11.98,11.98,11.98,11.98,200,2021-08-23 14:38:00,HLMN
11.98,11.98,11.98,11.98,100,2021-08-23 14:39:00,HLMN
11.98,11.98,11.98,11.98,500,2021-08-23 14:40:00,HLMN
11.98,11.98,11.98,11.98,800,2021-08-23 14:41:00,HLMN
11.98,11.98,11.98,11.98,100,2021-08-23 14:42:00,HLMN
11.95,11.98,11.95,11.98,400,2021-08-23 14:43:00,HLMN
11.97,11.97,11.96,11.96,600,2021-08-23 14:44:00,HLMN
11.97,11.97,11.97,11.97,100,2021-08-23 14:45:00,HLMN
11.96,11.96,11.93,11.93,1946,2021-08-23 14:46:00,HLMN
11.917,11.917,11.917,11.917,120,2021-08-23 14:48:00,HLMN
11.915,11.915,11.915,11.915,1300,2021-08-23 14:49:00,HLMN
11.91,11.91,11.91,11.91,100,2021-08-23 14:50:00,HLMN
11.905,11.91,11.905,11.905,600,2021-08-23 14:51:00,HLMN
11.905,11.905,11.9,11.905,600,2021-08-23 14:52:00,HLMN
11.905,11.905,11.905,11.905,100,2021-08-23 14:53:00,HLMN
11.905,11.905,11.905,11.905,1100,2021-08-23 14:54:00,HLMN
11.905,11.905,11.905,11.905,700,2021-08-23 14:56:00,HLMN
11.905,11.905,11.905,11.905,200,2021-08-23 14:57:00,HLMN
11.905,11.905,11.905,11.905,100,2021-08-23 14:58:00,HLMN
11.9023,11.905,11.9023,11.905,400,2021-08-23 14:59:00,HLMN
11.905,11.905,11.905,11.905,100,2021-08-23 15:00:00,HLMN
11.905,11.905,11.905,11.905,15600,2021-08-23 15:01:00,HLMN
11.91,11.91,11.9,11.9,3453,2021-08-23 15:02:00,HLMN
11.9,11.905,11.895,11.905,1700,2021-08-23 15:03:00,HLMN
11.905,11.905,11.905,11.905,100,2021-08-23 15:05:00,HLMN
11.91,11.91,11.91,11.91,2030,2021-08-23 15:06:00,HLMN
11.905,11.905,11.905,11.905,400,2021-08-23 15:08:00,HLMN
11.905,11.905,11.905,11.905,100,2021-08-23 15:09:00,HLMN
11.91,11.91,11.905,11.905,600,2021-08-23 15:10:00,HLMN
11.905,11.905,11.86,11.86,5639,2021-08-23 15:11:00,HLMN
11.86,11.86,11.81,11.835,53732,2021-08-23 15:12:00,HLMN
11.85,11.85,11.85,11.85,852,2021-08-23 15:13:00,HLMN
11.84,11.85,11.82,11.82,27360,2021-08-23 15:14:00,HLMN
11.83,11.83,11.81,11.81,1760,2021-08-23 15:15:00,HLMN
11.84,11.84,11.78,11.79,25724,2021-08-23 15:16:00,HLMN
11.805,11.805,11.805,11.805,400,2021-08-23 15:17:00,HLMN
11.805,11.805,11.805,11.805,6900,2021-08-23 15:19:00,HLMN
11.8,11.8,11.8,11.8,300,2021-08-23 15:20:00,HLMN
11.82,11.86,11.82,11.86,3801,2021-08-23 15:22:00,HLMN
11.87,11.87,11.87,11.87,100,2021-08-23 15:25:00,HLMN
11.87,11.87,11.87,11.87,100,2021-08-23 15:26:00,HLMN
11.89,11.89,11.89,11.89,100,2021-08-23 15:27:00,HLMN
11.89,11.89,11.88,11.88,300,2021-08-23 15:28:00,HLMN
11.89,11.89,11.89,11.89,100,2021-08-23 15:30:00,HLMN
11.89,11.89,11.89,11.89,100,2021-08-23 15:31:00,HLMN
11.87,11.91,11.87,11.91,5479,2021-08-23 15:32:00,HLMN
11.91,11.96,11.91,11.94,3936,2021-08-23 15:33:00,HLMN
11.94,11.94,11.94,11.94,100,2021-08-23 15:34:00,HLMN
11.94,11.96,11.94,11.94,500,2021-08-23 15:35:00,HLMN
11.96,11.96,11.96,11.96,100,2021-08-23 15:36:00,HLMN
11.9401,11.9401,11.93,11.94,1464,2021-08-23 15:37:00,HLMN
11.94,11.94,11.94,11.94,100,2021-08-23 15:38:00,HLMN
11.91,11.94,11.91,11.925,10424,2021-08-23 15:46:00,HLMN
11.925,11.95,11.925,11.95,1575,2021-08-23 15:48:00,HLMN
11.95,11.99,11.95,11.99,3033,2021-08-23 15:52:00,HLMN
11.98,11.98,11.98,11.98,200,2021-08-23 15:54:00,HLMN
11.965,11.965,11.965,11.965,417,2021-08-23 15:55:00,HLMN
11.98,11.98,11.95,11.95,16200,2021-08-23 15:56:00,HLMN
11.92,11.92,11.92,11.92,100,2021-08-23 16:00:00,HLMN
11.91,11.91,11.91,11.91,200,2021-08-23 16:01:00,HLMN
11.925,11.925,11.925,11.925,100,2021-08-23 16:02:00,HLMN
11.91,11.91,11.91,11.91,100,2021-08-23 16:03:00,HLMN
11.92,11.92,11.92,11.92,100,2021-08-23 16:06:00,HLMN
11.93,11.93,11.93,11.93,200,2021-08-23 16:07:00,HLMN
11.92,11.92,11.92,11.92,200,2021-08-23 16:08:00,HLMN
11.92,11.92,11.92,11.92,200,2021-08-23 16:09:00,HLMN
11.92,11.92,11.92,11.92,500,2021-08-23 16:10:00,HLMN
11.91,11.91,11.91,11.91,100,2021-08-23 16:11:00,HLMN
11.92,11.92,11.92,11.92,100,2021-08-23 16:12:00,HLMN
11.91,11.91,11.91,11.91,1146,2021-08-23 16:13:00,HLMN
11.88,11.88,11.88,11.88,500,2021-08-23 16:15:00,HLMN
11.88,11.88,11.88,11.88,100,2021-08-23 16:17:00,HLMN
11.88,11.88,11.88,11.88,100,2021-08-23 16:19:00,HLMN
11.89,11.89,11.89,11.89,400,2021-08-23 16:20:00,HLMN
11.89,11.89,11.88,11.88,1919,2021-08-23 16:22:00,HLMN
11.89,11.89,11.89,11.89,366,2021-08-23 16:23:00,HLMN
11.87,11.885,11.87,11.885,469,2021-08-23 16:28:00,HLMN
11.885,11.885,11.885,11.885,100,2021-08-23 16:29:00,HLMN
11.87,11.9,11.87,11.9,492,2021-08-23 16:32:00,HLMN
11.885,11.9,11.885,11.9,500,2021-08-23 16:33:00,HLMN
11.885,11.885,11.885,11.885,300,2021-08-23 16:35:00,HLMN
11.885,11.885,11.87,11.87,1008,2021-08-23 16:36:00,HLMN
11.87,11.87,11.86,11.86,4847,2021-08-23 16:37:00,HLMN
11.86,11.86,11.86,11.86,100,2021-08-23 16:40:00,HLMN
11.86,11.86,11.82,11.84,23918,2021-08-23 16:41:00,HLMN
11.825,11.825,11.825,11.825,100,2021-08-23 16:43:00,HLMN
11.825,11.84,11.825,11.84,2400,2021-08-23 16:44:00,HLMN
11.845,11.845,11.845,11.845,100,2021-08-23 16:47:00,HLMN
11.86,11.87,11.86,11.87,1200,2021-08-23 16:48:00,HLMN
11.86,11.86,11.86,11.86,100,2021-08-23 16:50:00,HLMN
11.86,11.86,11.855,11.86,467,2021-08-23 16:51:00,HLMN
11.88,11.88,11.87,11.87,200,2021-08-23 16:54:00,HLMN
11.875,11.9,11.875,11.9,400,2021-08-23 16:55:00,HLMN
11.9,11.9,11.895,11.895,700,2021-08-23 16:57:00,HLMN
11.895,11.895,11.895,11.895,200,2021-08-23 16:58:00,HLMN
11.9,11.9,11.9,11.9,231,2021-08-23 16:59:00,HLMN
11.9,11.9,11.895,11.895,711,2021-08-23 17:00:00,HLMN
11.895,11.895,11.895,11.895,100,2021-08-23 17:01:00,HLMN
11.89,11.89,11.88,11.88,1358,2021-08-23 17:02:00,HLMN
11.85,11.85,11.85,11.85,100,2021-08-23 17:03:00,HLMN
11.845,11.845,11.845,11.845,981,2021-08-23 17:08:00,HLMN
11.84,11.84,11.84,11.84,200,2021-08-23 17:10:00,HLMN
11.84,11.85,11.84,11.85,33000,2021-08-23 17:11:00,HLMN
11.85,11.85,11.85,11.85,500,2021-08-23 17:12:00,HLMN
11.85,11.85,11.85,11.85,100,2021-08-23 17:13:00,HLMN
11.86,11.86,11.855,11.855,1100,2021-08-23 17:14:00,HLMN
11.85,11.86,11.85,11.86,1000,2021-08-23 17:15:00,HLMN
11.86,11.86,11.86,11.86,300,2021-08-23 17:17:00,HLMN
11.87,11.87,11.86,11.86,200,2021-08-23 17:18:00,HLMN
11.855,11.86,11.855,11.86,283,2021-08-23 17:20:00,HLMN
11.86,11.87,11.86,11.87,400,2021-08-23 17:22:00,HLMN
11.86,11.86,11.86,11.86,100,2021-08-23 17:23:00,HLMN
11.85,11.85,11.85,11.85,1512,2021-08-23 17:25:00,HLMN
11.86,11.86,11.855,11.855,422,2021-08-23 17:26:00,HLMN
11.855,11.855,11.855,11.855,200,2021-08-23 17:29:00,HLMN
11.855,11.855,11.855,11.855,255,2021-08-23 17:30:00,HLMN
11.855,11.855,11.855,11.855,100,2021-08-23 17:31:00,HLMN
11.855,11.855,11.855,11.855,100,2021-08-23 17:32:00,HLMN
11.855,11.855,11.855,11.855,300,2021-08-23 17:33:00,HLMN
11.8514,11.8514,11.8514,11.8514,500,2021-08-23 17:34:00,HLMN
11.85,11.855,11.85,11.85,2300,2021-08-23 17:36:00,HLMN
11.855,11.855,11.855,11.855,454,2021-08-23 17:37:00,HLMN
11.855,11.855,11.855,11.855,400,2021-08-23 17:38:00,HLMN
11.85,11.85,11.83,11.83,2548,2021-08-23 17:40:00,HLMN
11.8375,11.84,11.835,11.835,2427,2021-08-23 17:42:00,HLMN
11.835,11.84,11.835,11.835,11038,2021-08-23 17:43:00,HLMN
11.84,11.84,11.835,11.835,200,2021-08-23 17:44:00,HLMN
11.84,11.86,11.84,11.85,1800,2021-08-23 17:45:00,HLMN
11.86,11.86,11.86,11.86,400,2021-08-23 17:46:00,HLMN
11.86,11.86,11.85,11.85,300,2021-08-23 17:47:00,HLMN
11.86,11.86,11.86,11.86,200,2021-08-23 17:49:00,HLMN
11.855,11.855,11.855,11.855,558,2021-08-23 17:51:00,HLMN
11.87,11.87,11.86,11.86,500,2021-08-23 17:54:00,HLMN
11.86,11.86,11.86,11.86,2000,2021-08-23 17:55:00,HLMN
11.87,11.87,11.87,11.87,300,2021-08-23 17:57:00,HLMN
11.88,11.88,11.88,11.88,798,2021-08-23 17:58:00,HLMN
11.88,11.88,11.88,11.88,100,2021-08-23 17:59:00,HLMN
11.89,11.89,11.89,11.89,100,2021-08-23 18:00:00,HLMN
11.88,11.88,11.88,11.88,100,2021-08-23 18:02:00,HLMN
11.89,11.89,11.89,11.89,100,2021-08-23 18:03:00,HLMN
11.89,11.89,11.89,11.89,100,2021-08-23 18:05:00,HLMN
11.88,11.88,11.88,11.88,100,2021-08-23 18:06:00,HLMN
11.88,11.88,11.88,11.88,200,2021-08-23 18:07:00,HLMN
11.88,11.88,11.88,11.88,400,2021-08-23 18:08:00,HLMN
11.88,11.88,11.88,11.88,100,2021-08-23 18:09:00,HLMN
11.88,11.88,11.88,11.88,400,2021-08-23 18:11:00,HLMN
11.8712,11.8712,11.8712,11.8712,2000,2021-08-23 18:12:00,HLMN
11.88,11.89,11.88,11.89,479,2021-08-23 18:13:00,HLMN
11.88,11.88,11.88,11.88,100,2021-08-23 18:14:00,HLMN
11.88,11.88,11.88,11.88,400,2021-08-23 18:16:00,HLMN
11.88,11.88,11.88,11.88,300,2021-08-23 18:18:00,HLMN
11.87,11.87,11.85,11.85,3028,2021-08-23 18:19:00,HLMN
11.83,11.83,11.83,11.83,100,2021-08-23 18:21:00,HLMN
11.83,11.83,11.83,11.83,100,2021-08-23 18:24:00,HLMN
11.83,11.85,11.83,11.85,368,2021-08-23 18:26:00,HLMN
11.83,11.85,11.83,11.85,900,2021-08-23 18:27:00,HLMN
11.83,11.83,11.83,11.83,100,2021-08-23 18:28:00,HLMN
11.83,11.83,11.83,11.83,100,2021-08-23 18:29:00,HLMN
11.83,11.83,11.81,11.81,9228,2021-08-23 18:30:00,HLMN
11.79,11.79,11.79,11.79,500,2021-08-23 18:31:00,HLMN
11.81,11.81,11.804,11.8073,650,2021-08-23 18:32:00,HLMN
11.78,11.795,11.78,11.795,1250,2021-08-23 18:37:00,HLMN
11.795,11.795,11.795,11.795,100,2021-08-23 18:38:00,HLMN
11.8,11.8,11.8,11.8,9000,2021-08-23 18:39:00,HLMN
11.81,11.83,11.81,11.83,3192,2021-08-23 18:40:00,HLMN
11.85,11.85,11.85,11.85,200,2021-08-23 18:41:00,HLMN
11.84,11.84,11.84,11.84,100,2021-08-23 18:42:00,HLMN
11.85,11.87,11.85,11.87,607,2021-08-23 18:43:00,HLMN
11.87,11.87,11.85,11.85,1701,2021-08-23 18:44:00,HLMN
11.86,11.86,11.85,11.85,200,2021-08-23 18:48:00,HLMN
11.85,11.85,11.85,11.85,100,2021-08-23 18:53:00,HLMN
11.85,11.85,11.85,11.85,253,2021-08-23 18:54:00,HLMN
11.86,11.86,11.86,11.86,100,2021-08-23 18:55:00,HLMN
11.86,11.86,11.86,11.86,300,2021-08-23 18:56:00,HLMN
11.86,11.86,11.86,11.86,142,2021-08-23 18:57:00,HLMN
11.855,11.855,11.845,11.845,1164,2021-08-23 18:59:00,HLMN
11.845,11.845,11.845,11.845,100,2021-08-23 19:00:00,HLMN
11.845,11.845,11.84,11.84,1132,2021-08-23 19:03:00,HLMN
11.83,11.83,11.83,11.83,100,2021-08-23 19:04:00,HLMN
11.83,11.83,11.8,11.805,2116,2021-08-23 19:07:00,HLMN
11.805,11.805,11.805,11.805,100,2021-08-23 19:08:00,HLMN
11.805,11.81,11.8,11.8,3000,2021-08-23 19:09:00,HLMN
11.805,11.805,11.805,11.805,100,2021-08-23 19:10:00,HLMN
11.805,11.805,11.8,11.805,900,2021-08-23 19:11:00,HLMN
11.805,11.805,11.805,11.805,18800,2021-08-23 19:12:00,HLMN
11.805,11.805,11.805,11.805,6100,2021-08-23 19:13:00,HLMN
11.805,11.81,11.805,11.805,300,2021-08-23 19:14:00,HLMN
11.8052,11.83,11.805,11.83,835,2021-08-23 19:15:00,HLMN
11.845,11.845,11.83,11.83,1011,2021-08-23 19:17:00,HLMN
11.83,11.83,11.83,11.83,471,2021-08-23 19:18:00,HLMN
11.81,11.81,11.81,11.81,153,2021-08-23 19:24:00,HLMN
11.82,11.82,11.815,11.815,200,2021-08-23 19:25:00,HLMN
11.815,11.815,11.815,11.815,400,2021-08-23 19:26:00,HLMN
11.815,11.815,11.815,11.815,100,2021-08-23 19:27:00,HLMN
11.815,11.815,11.815,11.815,100,2021-08-23 19:28:00,HLMN
11.815,11.815,11.81,11.81,900,2021-08-23 19:29:00,HLMN
11.815,11.815,11.81,11.815,400,2021-08-23 19:30:00,HLMN
11.815,11.815,11.81,11.815,700,2021-08-23 19:31:00,HLMN
11.815,11.815,11.81,11.81,400,2021-08-23 19:32:00,HLMN
11.815,11.815,11.81,11.815,400,2021-08-23 19:33:00,HLMN
11.815,11.82,11.81,11.815,400,2021-08-23 19:34:00,HLMN
11.81,11.815,11.81,11.815,3000,2021-08-23 19:35:00,HLMN
11.815,11.815,11.81,11.81,500,2021-08-23 19:36:00,HLMN
11.815,11.815,11.81,11.81,200,2021-08-23 19:37:00,HLMN
11.81,11.8107,11.79,11.79,5045,2021-08-23 19:38:00,HLMN
11.795,11.8,11.795,11.8,7100,2021-08-23 19:39:00,HLMN
11.8,11.805,11.8,11.8,1700,2021-08-23 19:40:00,HLMN
11.8,11.8,11.8,11.8,500,2021-08-23 19:41:00,HLMN
11.7901,11.8,11.7901,11.8,243,2021-08-23 19:42:00,HLMN
11.815,11.84,11.815,11.82,5784,2021-08-23 19:43:00,HLMN
11.84,11.84,11.82,11.82,1855,2021-08-23 19:44:00,HLMN
11.83,11.83,11.83,11.83,300,2021-08-23 19:45:00,HLMN
11.83,11.83,11.82,11.82,1204,2021-08-23 19:46:00,HLMN
11.84,11.84,11.835,11.84,1723,2021-08-23 19:47:00,HLMN
11.84,11.85,11.84,11.84,4400,2021-08-23 19:48:00,HLMN
11.85,11.85,11.8336,11.85,1056,2021-08-23 19:49:00,HLMN
11.85,11.85,11.84,11.85,1400,2021-08-23 19:50:00,HLMN
11.84,11.85,11.8301,11.85,29845,2021-08-23 19:51:00,HLMN
11.84,11.85,11.83,11.85,2065,2021-08-23 19:52:00,HLMN
11.845,11.85,11.84,11.85,1256,2021-08-23 19:53:00,HLMN
11.845,11.845,11.83,11.83,2835,2021-08-23 19:54:00,HLMN
11.82,11.82,11.7901,11.8,7859,2021-08-23 19:55:00,HLMN
11.8,11.8,11.7938,11.8,3247,2021-08-23 19:56:00,HLMN
11.8,11.81,11.79,11.8,4442,2021-08-23 19:57:00,HLMN
11.8,11.81,11.79,11.81,5152,2021-08-23 19:58:00,HLMN
11.8,11.83,11.78,11.78,36705,2021-08-23 19:59:00,HLMN
11.78,11.83,11.78,11.83,13534,2021-08-23 20:00:00,HLMN
11.75,11.75,11.524,11.62,8066,2021-08-24 13:30:00,HLMN
11.78,11.78,11.78,11.78,515,2021-08-24 13:32:00,HLMN
11.87,11.9,11.87,11.9,500,2021-08-24 13:36:00,HLMN
11.78,11.9,11.78,11.9,380,2021-08-24 13:38:00,HLMN
11.84,11.84,11.84,11.84,1345,2021-08-24 13:40:00,HLMN
11.85,11.85,11.85,11.85,100,2021-08-24 13:42:00,HLMN
11.835,11.835,11.835,11.835,110,2021-08-24 13:44:00,HLMN
11.84,11.84,11.84,11.84,8296,2021-08-24 13:55:00,HLMN
11.84,11.84,11.84,11.84,8072,2021-08-24 13:57:00,HLMN
11.79,11.9,11.79,11.9,200,2021-08-24 13:58:00,HLMN
11.81,11.825,11.8,11.825,7434,2021-08-24 14:09:00,HLMN
11.815,11.815,11.815,11.815,221,2021-08-24 14:13:00,HLMN
11.81,11.81,11.81,11.81,100,2021-08-24 14:15:00,HLMN
11.805,11.805,11.805,11.805,134,2021-08-24 14:16:00,HLMN
11.82,11.82,11.78,11.78,216,2021-08-24 14:19:00,HLMN
11.805,11.805,11.805,11.805,100,2021-08-24 14:24:00,HLMN
11.815,11.815,11.815,11.815,186,2021-08-24 14:26:00,HLMN
11.815,11.815,11.815,11.815,549,2021-08-24 14:27:00,HLMN
11.815,11.82,11.815,11.82,327,2021-08-24 14:28:00,HLMN
11.82,11.82,11.82,11.82,597,2021-08-24 14:29:00,HLMN
11.8133,11.8133,11.8,11.8,456,2021-08-24 14:30:00,HLMN
11.78,11.79,11.69,11.715,5992,2021-08-24 14:31:00,HLMN
11.69,11.71,11.635,11.695,5700,2021-08-24 14:32:00,HLMN
11.695,11.695,11.695,11.695,159,2021-08-24 14:33:00,HLMN
11.65,11.685,11.63,11.64,1232,2021-08-24 14:34:00,HLMN
11.64,11.68,11.61,11.645,3185,2021-08-24 14:35:00,HLMN
11.61,11.65,11.61,11.65,2231,2021-08-24 14:36:00,HLMN
11.65,11.67,11.63,11.645,1342,2021-08-24 14:37:00,HLMN
11.635,11.65,11.63,11.64,4333,2021-08-24 14:38:00,HLMN
11.65,11.65,11.65,11.65,140,2021-08-24 14:41:00,HLMN
11.65,11.65,11.65,11.65,200,2021-08-24 14:42:00,HLMN
11.65,11.65,11.63,11.65,612,2021-08-24 14:44:00,HLMN
11.65,11.65,11.65,11.65,100,2021-08-24 14:45:00,HLMN
11.67,11.67,11.67,11.67,150,2021-08-24 14:47:00,HLMN
11.67,11.7,11.67,11.685,1745,2021-08-24 14:48:00,HLMN
11.67,11.67,11.67,11.67,100,2021-08-24 14:51:00,HLMN
11.68,11.68,11.68,11.68,146,2021-08-24 14:55:00,HLMN
11.68,11.68,11.68,11.68,100,2021-08-24 14:56:00,HLMN
11.685,11.7,11.685,11.7,652,2021-08-24 14:58:00,HLMN
11.74,11.74,11.7004,11.7004,280,2021-08-24 14:59:00,HLMN
11.715,11.715,11.715,11.715,100,2021-08-24 15:03:00,HLMN
11.74,11.74,11.74,11.74,100,2021-08-24 15:04:00,HLMN
11.74,11.745,11.675,11.675,3240,2021-08-24 15:05:00,HLMN
11.675,11.69,11.675,11.68,1687,2021-08-24 15:06:00,HLMN
11.675,11.71,11.675,11.71,231,2021-08-24 15:07:00,HLMN
11.635,11.635,11.63,11.63,500,2021-08-24 15:08:00,HLMN
11.63,11.71,11.63,11.71,300,2021-08-24 15:09:00,HLMN
11.71,11.71,11.675,11.675,237,2021-08-24 15:10:00,HLMN
11.7,11.71,11.69,11.69,1670,2021-08-24 15:12:00,HLMN
11.72,11.72,11.72,11.72,100,2021-08-24 15:14:00,HLMN
11.7,11.7,11.7,11.7,135,2021-08-24 15:18:00,HLMN
11.73,11.73,11.73,11.73,100,2021-08-24 15:20:00,HLMN
11.7,11.7,11.7,11.7,283,2021-08-24 15:21:00,HLMN
11.7,11.7,11.7,11.7,130,2021-08-24 15:23:00,HLMN
11.7,11.7,11.7,11.7,229,2021-08-24 15:24:00,HLMN
11.7,11.73,11.67,11.7,59397,2021-08-24 15:25:00,HLMN
11.73,11.73,11.67,11.68,2867,2021-08-24 15:26:00,HLMN
11.705,11.705,11.705,11.705,128,2021-08-24 15:27:00,HLMN
11.705,11.75,11.705,11.74,1002,2021-08-24 15:28:00,HLMN
11.72,11.72,11.715,11.715,286,2021-08-24 15:29:00,HLMN
11.69,11.725,11.69,11.69,587,2021-08-24 15:30:00,HLMN
11.73,11.73,11.73,11.73,137,2021-08-24 15:32:00,HLMN
11.73,11.73,11.73,11.73,415,2021-08-24 15:34:00,HLMN
11.73,11.73,11.73,11.73,460,2021-08-24 15:35:00,HLMN
11.73,11.73,11.73,11.73,607,2021-08-24 15:36:00,HLMN
11.73,11.73,11.73,11.73,635,2021-08-24 15:37:00,HLMN
11.735,11.735,11.71,11.735,1287,2021-08-24 15:38:00,HLMN
11.735,11.735,11.735,11.735,626,2021-08-24 15:39:00,HLMN
11.735,11.735,11.735,11.735,155,2021-08-24 15:40:00,HLMN
11.71,11.75,11.71,11.735,346,2021-08-24 15:42:00,HLMN
11.76,11.76,11.76,11.76,100,2021-08-24 15:43:00,HLMN
11.735,11.735,11.735,11.735,935,2021-08-24 15:44:00,HLMN
11.735,11.75,11.71,11.75,444,2021-08-24 15:45:00,HLMN
11.71,11.735,11.71,11.735,338,2021-08-24 15:46:00,HLMN
11.71,11.75,11.71,11.75,300,2021-08-24 15:47:00,HLMN
11.735,11.735,11.735,11.735,138,2021-08-24 15:48:00,HLMN
11.76,11.76,11.76,11.76,100,2021-08-24 15:49:00,HLMN
11.74,11.74,11.74,11.74,302,2021-08-24 15:50:00,HLMN
11.74,11.76,11.73,11.745,656,2021-08-24 15:51:00,HLMN
11.745,11.76,11.745,11.76,251,2021-08-24 15:54:00,HLMN
11.73,11.745,11.73,11.745,290,2021-08-24 15:55:00,HLMN
11.76,11.76,11.76,11.76,100,2021-08-24 15:56:00,HLMN
11.76,11.76,11.76,11.76,100,2021-08-24 15:57:00,HLMN
11.75,11.75,11.745,11.745,391,2021-08-24 15:58:00,HLMN
11.745,11.745,11.745,11.745,500,2021-08-24 15:59:00,HLMN
11.745,11.745,11.745,11.745,140,2021-08-24 16:01:00,HLMN
11.73,11.76,11.73,11.73,400,2021-08-24 16:02:00,HLMN
11.745,11.745,11.745,11.745,133,2021-08-24 16:03:00,HLMN
11.745,11.75,11.745,11.75,242,2021-08-24 16:04:00,HLMN
11.75,11.75,11.75,11.75,141,2021-08-24 16:05:00,HLMN
11.75,11.75,11.75,11.75,252,2021-08-24 16:07:00,HLMN
11.75,11.75,11.75,11.75,406,2021-08-24 16:09:00,HLMN
11.76,11.81,11.76,11.81,729,2021-08-24 16:10:00,HLMN
11.8,11.82,11.8,11.82,769,2021-08-24 16:11:00,HLMN
11.81,11.81,11.81,11.81,236,2021-08-24 16:12:00,HLMN
11.82,11.82,11.81,11.81,602,2021-08-24 16:14:00,HLMN
11.8,11.81,11.8,11.81,453,2021-08-24 16:15:00,HLMN
11.81,11.81,11.81,11.81,144,2021-08-24 16:16:00,HLMN
11.8,11.82,11.8,11.82,400,2021-08-24 16:17:00,HLMN
11.805,11.82,11.805,11.805,411,2021-08-24 16:19:00,HLMN
11.79,11.79,11.79,11.79,300,2021-08-24 16:20:00,HLMN
11.79,11.795,11.78,11.78,1232,2021-08-24 16:21:00,HLMN
11.77,11.78,11.75,11.78,1001,2021-08-24 16:22:00,HLMN
11.775,11.775,11.775,11.775,146,2021-08-24 16:23:00,HLMN
11.76,11.76,11.76,11.76,200,2021-08-24 16:24:00,HLMN
11.78,11.78,11.78,11.78,142,2021-08-24 16:25:00,HLMN
11.7921,11.7921,11.7921,11.7921,170,2021-08-24 16:27:00,HLMN
11.78,11.8,11.78,11.8,347,2021-08-24 16:28:00,HLMN
11.83,11.83,11.83,11.83,157,2021-08-24 16:30:00,HLMN
11.8,11.83,11.8,11.83,844,2021-08-24 16:31:00,HLMN
11.83,11.83,11.83,11.83,153,2021-08-24 16:32:00,HLMN
11.86,11.86,11.86,11.86,100,2021-08-24 16:33:00,HLMN
11.83,11.83,11.83,11.83,135,2021-08-24 16:34:00,HLMN
11.835,11.835,11.835,11.835,156,2021-08-24 16:37:00,HLMN
11.84,11.86,11.84,11.86,250,2021-08-24 16:38:00,HLMN
11.85,11.85,11.85,11.85,303,2021-08-24 16:39:00,HLMN
11.84,11.85,11.84,11.85,431,2021-08-24 16:41:00,HLMN
11.85,11.87,11.84,11.86,800,2021-08-24 16:42:00,HLMN
11.82,11.82,11.81,11.81,300,2021-08-24 16:43:00,HLMN
11.835,11.84,11.81,11.84,378,2021-08-24 16:44:00,HLMN
11.86,11.86,11.86,11.86,100,2021-08-24 16:45:00,HLMN
11.845,11.845,11.845,11.845,152,2021-08-24 16:46:00,HLMN
11.87,11.87,11.87,11.87,100,2021-08-24 16:47:00,HLMN
11.875,11.875,11.875,11.875,142,2021-08-24 16:48:00,HLMN
11.875,11.875,11.87,11.875,398,2021-08-24 16:49:00,HLMN
11.875,11.875,11.875,11.875,131,2021-08-24 16:50:00,HLMN
11.9,11.9,11.875,11.875,241,2021-08-24 16:51:00,HLMN
11.875,11.9,11.875,11.9,494,2021-08-24 16:52:00,HLMN
11.875,11.875,11.875,11.875,136,2021-08-24 16:54:00,HLMN
11.875,11.875,11.85,11.85,249,2021-08-24 16:55:00,HLMN
11.875,11.875,11.875,11.875,135,2021-08-24 16:56:00,HLMN
11.875,11.875,11.875,11.875,156,2021-08-24 16:57:00,HLMN
11.875,11.875,11.875,11.875,100,2021-08-24 16:58:00,HLMN
11.875,11.875,11.85,11.85,528,2021-08-24 16:59:00,HLMN
11.875,11.875,11.875,11.875,294,2021-08-24 17:00:00,HLMN
11.875,11.875,11.85,11.85,228,2021-08-24 17:01:00,HLMN
11.85,11.875,11.85,11.875,231,2021-08-24 17:02:00,HLMN
11.875,11.875,11.875,11.875,437,2021-08-24 17:03:00,HLMN
11.875,11.875,11.875,11.875,155,2021-08-24 17:05:00,HLMN
11.9,11.9,11.8595,11.8595,650,2021-08-24 17:06:00,HLMN
11.85,11.87,11.85,11.85,1193,2021-08-24 17:08:00,HLMN
11.845,11.845,11.845,11.845,128,2021-08-24 17:10:00,HLMN
11.82,11.845,11.82,11.845,346,2021-08-24 17:12:00,HLMN
11.845,11.845,11.845,11.845,102,2021-08-24 17:13:00,HLMN
11.845,11.87,11.845,11.87,236,2021-08-24 17:14:00,HLMN
11.85,11.86,11.85,11.86,569,2021-08-24 17:17:00,HLMN
11.875,11.875,11.875,11.875,100,2021-08-24 17:19:00,HLMN
11.875,11.875,11.875,11.875,149,2021-08-24 17:20:00,HLMN
11.87,11.87,11.87,11.87,150,2021-08-24 17:22:00,HLMN
11.87,11.87,11.87,11.87,142,2021-08-24 17:24:00,HLMN
11.87,11.87,11.87,11.87,142,2021-08-24 17:27:00,HLMN
11.89,11.89,11.89,11.89,100,2021-08-24 17:28:00,HLMN
11.875,11.89,11.875,11.875,807,2021-08-24 17:29:00,HLMN
11.875,11.875,11.875,11.875,133,2021-08-24 17:31:00,HLMN
11.875,11.875,11.875,11.875,148,2021-08-24 17:33:00,HLMN
11.89,11.89,11.875,11.875,252,2021-08-24 17:34:00,HLMN
11.88,11.88,11.88,11.88,147,2021-08-24 17:36:00,HLMN
11.88,11.88,11.88,11.88,133,2021-08-24 17:37:00,HLMN
11.88,11.89,11.88,11.89,368,2021-08-24 17:38:00,HLMN
11.88,11.88,11.88,11.88,937,2021-08-24 17:39:00,HLMN
11.88,11.88,11.87,11.87,330,2021-08-24 17:40:00,HLMN
11.875,11.875,11.875,11.875,133,2021-08-24 17:41:00,HLMN
11.86,11.875,11.86,11.875,327,2021-08-24 17:42:00,HLMN
11.875,11.875,11.875,11.875,407,2021-08-24 17:43:00,HLMN
11.875,11.875,11.875,11.875,152,2021-08-24 17:44:00,HLMN
11.875,11.875,11.875,11.875,143,2021-08-24 17:46:00,HLMN
11.88,11.88,11.88,11.88,314,2021-08-24 17:48:00,HLMN
11.89,11.89,11.89,11.89,100,2021-08-24 17:49:00,HLMN
11.87,11.88,11.87,11.88,256,2021-08-24 17:50:00,HLMN
11.87,11.875,11.86,11.875,871,2021-08-24 17:51:00,HLMN
11.875,11.875,11.875,11.875,152,2021-08-24 17:52:00,HLMN
11.875,11.875,11.875,11.875,109,2021-08-24 17:53:00,HLMN
11.89,11.89,11.875,11.875,230,2021-08-24 17:55:00,HLMN
11.875,11.875,11.875,11.875,200,2021-08-24 17:56:00,HLMN
11.875,11.875,11.875,11.875,130,2021-08-24 17:59:00,HLMN
11.875,11.875,11.875,11.875,200,2021-08-24 18:00:00,HLMN
11.865,11.865,11.865,11.865,148,2021-08-24 18:02:00,HLMN
11.875,11.88,11.875,11.88,236,2021-08-24 18:04:00,HLMN
11.8675,11.8675,11.8675,11.8675,100,2021-08-24 18:07:00,HLMN
11.875,11.875,11.875,11.875,100,2021-08-24 18:08:00,HLMN
11.86,11.86,11.86,11.86,247,2021-08-24 18:10:00,HLMN
11.86,11.86,11.85,11.85,1235,2021-08-24 18:13:00,HLMN
11.86,11.86,11.85,11.85,245,2021-08-24 18:14:00,HLMN
11.84,11.84,11.74,11.785,38750,2021-08-24 18:15:00,HLMN
11.79,11.79,11.77,11.77,547,2021-08-24 18:16:00,HLMN
11.79,11.79,11.75,11.75,1018,2021-08-24 18:17:00,HLMN
11.67,11.75,11.67,11.7,22187,2021-08-24 18:18:00,HLMN
11.705,11.705,11.67,11.67,6250,2021-08-24 18:19:00,HLMN
11.705,11.705,11.66,11.695,475,2021-08-24 18:21:00,HLMN
11.695,11.695,11.67,11.67,200,2021-08-24 18:22:00,HLMN
11.7,11.75,11.7,11.74,26900,2021-08-24 18:23:00,HLMN
11.74,11.76,11.74,11.76,2452,2021-08-24 18:24:00,HLMN
11.76,11.76,11.76,11.76,602,2021-08-24 18:25:00,HLMN
11.74,11.76,11.74,11.76,1300,2021-08-24 18:26:00,HLMN
11.76,11.78,11.76,11.76,1703,2021-08-24 18:27:00,HLMN
11.78,11.78,11.76,11.76,200,2021-08-24 18:28:00,HLMN
11.74,11.76,11.72,11.72,1424,2021-08-24 18:29:00,HLMN
11.745,11.745,11.745,11.745,235,2021-08-24 18:31:00,HLMN
11.74,11.74,11.74,11.74,100,2021-08-24 18:32:00,HLMN
11.77,11.77,11.74,11.745,771,2021-08-24 18:34:00,HLMN
11.745,11.745,11.745,11.745,293,2021-08-24 18:35:00,HLMN
11.76,11.76,11.76,11.76,134,2021-08-24 18:36:00,HLMN
11.76,11.76,11.76,11.76,285,2021-08-24 18:37:00,HLMN
11.8,11.8,11.75,11.75,200,2021-08-24 18:38:00,HLMN
11.755,11.755,11.755,11.755,272,2021-08-24 18:39:00,HLMN
11.75,11.755,11.75,11.755,233,2021-08-24 18:40:00,HLMN
11.77,11.77,11.77,11.77,298,2021-08-24 18:41:00,HLMN
11.785,11.785,11.785,11.785,100,2021-08-24 18:42:00,HLMN
11.785,11.785,11.785,11.785,144,2021-08-24 18:44:00,HLMN
11.815,11.85,11.815,11.85,256,2021-08-24 18:46:00,HLMN
11.84,11.84,11.83,11.83,1551,2021-08-24 18:48:00,HLMN
11.83,11.83,11.83,11.83,157,2021-08-24 18:49:00,HLMN
11.85,11.85,11.85,11.85,100,2021-08-24 18:51:00,HLMN
11.82,11.84,11.8,11.8,1889,2021-08-24 18:52:00,HLMN
11.795,11.83,11.795,11.83,395,2021-08-24 18:53:00,HLMN
11.83,11.83,11.83,11.83,200,2021-08-24 18:54:00,HLMN
11.83,11.85,11.83,11.83,341,2021-08-24 18:55:00,HLMN
11.85,11.86,11.83,11.86,3371,2021-08-24 18:57:00,HLMN
11.81,11.83,11.81,11.82,1151,2021-08-24 18:58:00,HLMN
11.82,11.835,11.82,11.82,559,2021-08-24 18:59:00,HLMN
11.825,11.85,11.825,11.84,1012,2021-08-24 19:01:00,HLMN
11.835,11.835,11.82,11.82,235,2021-08-24 19:02:00,HLMN
11.82,11.82,11.82,11.82,100,2021-08-24 19:03:00,HLMN
11.84,11.84,11.825,11.84,563,2021-08-24 19:06:00,HLMN
11.82,11.83,11.79,11.79,1417,2021-08-24 19:07:00,HLMN
11.795,11.795,11.795,11.795,228,2021-08-24 19:08:00,HLMN
11.82,11.82,11.82,11.82,100,2021-08-24 19:10:00,HLMN
11.815,11.815,11.815,11.815,351,2021-08-24 19:11:00,HLMN
11.835,11.835,11.81,11.81,200,2021-08-24 19:12:00,HLMN
11.82,11.82,11.82,11.82,814,2021-08-24 19:13:00,HLMN
11.83,11.83,11.83,11.83,351,2021-08-24 19:15:00,HLMN
11.83,11.85,11.81,11.83,2313,2021-08-24 19:16:00,HLMN
11.83,11.83,11.825,11.83,845,2021-08-24 19:17:00,HLMN
11.825,11.825,11.82,11.82,338,2021-08-24 19:18:00,HLMN
11.83,11.83,11.77,11.785,43419,2021-08-24 19:19:00,HLMN
11.79,11.8,11.78,11.79,100828,2021-08-24 19:20:00,HLMN
11.8,11.8,11.77,11.77,1436,2021-08-24 19:21:00,HLMN
11.81,11.83,11.79,11.83,76774,2021-08-24 19:22:00,HLMN
11.83,11.86,11.82,11.86,618,2021-08-24 19:23:00,HLMN
11.84,11.84,11.84,11.84,153,2021-08-24 19:24:00,HLMN
11.84,11.86,11.84,11.86,1265,2021-08-24 19:25:00,HLMN
11.84,11.84,11.84,11.84,283,2021-08-24 19:26:00,HLMN
11.84,11.84,11.84,11.84,833,2021-08-24 19:27:00,HLMN
11.84,11.84,11.84,11.84,1944,2021-08-24 19:28:00,HLMN
11.84,11.86,11.84,11.84,412,2021-08-24 19:29:00,HLMN
11.84,11.86,11.84,11.84,596,2021-08-24 19:30:00,HLMN
11.86,11.86,11.82,11.84,1638,2021-08-24 19:31:00,HLMN
11.84,11.84,11.84,11.84,502,2021-08-24 19:32:00,HLMN
11.84,11.86,11.84,11.84,300,2021-08-24 19:33:00,HLMN
11.845,11.845,11.845,11.845,580,2021-08-24 19:34:00,HLMN
11.845,11.845,11.845,11.845,107,2021-08-24 19:35:00,HLMN
11.83,11.845,11.83,11.835,1372,2021-08-24 19:36:00,HLMN
11.835,11.835,11.83,11.83,438,2021-08-24 19:37:00,HLMN
11.8352,11.8352,11.81,11.815,1595,2021-08-24 19:38:00,HLMN
11.815,11.815,11.805,11.805,767,2021-08-24 19:39:00,HLMN
11.805,11.805,11.8,11.8,364,2021-08-24 19:40:00,HLMN
11.805,11.805,11.805,11.805,237,2021-08-24 19:41:00,HLMN
11.8,11.805,11.77,11.78,2275,2021-08-24 19:42:00,HLMN
11.77,11.77,11.74,11.75,1329,2021-08-24 19:43:00,HLMN
11.75,11.75,11.74,11.745,500,2021-08-24 19:44:00,HLMN
11.74,11.75,11.71,11.72,3851,2021-08-24 19:45:00,HLMN
11.71,11.72,11.71,11.71,500,2021-08-24 19:46:00,HLMN
11.71,11.72,11.67,11.67,26382,2021-08-24 19:47:00,HLMN
11.68,11.68,11.655,11.665,2525,2021-08-24 19:48:00,HLMN
11.67,11.705,11.665,11.7,3207,2021-08-24 19:49:00,HLMN
11.7,11.72,11.6,11.69,29826,2021-08-24 19:50:00,HLMN
11.69,11.69,11.66,11.68,31367,2021-08-24 19:51:00,HLMN
11.685,11.705,11.67,11.705,4832,2021-08-24 19:52:00,HLMN
11.705,11.745,11.705,11.74,3000,2021-08-24 19:53:00,HLMN
11.73,11.74,11.72,11.725,1979,2021-08-24 19:54:00,HLMN
11.7217,11.73,11.7217,11.73,1755,2021-08-24 19:55:00,HLMN
11.73,11.74,11.7219,11.74,3143,2021-08-24 19:56:00,HLMN
11.74,11.74,11.72,11.73,4678,2021-08-24 19:57:00,HLMN
11.72,11.74,11.72,11.735,205789,2021-08-24 19:58:00,HLMN
11.74,11.74,11.73,11.73,5640,2021-08-24 19:59:00,HLMN
11.73,11.73,11.73,11.73,7429,2021-08-24 20:00:00,HLMN
11.81,11.81,11.81,11.81,3834,2021-08-25 13:30:00,HLMN
11.83,11.83,11.83,11.83,100,2021-08-25 13:40:00,HLMN
11.83,11.83,11.815,11.815,300,2021-08-25 13:42:00,HLMN
11.88,11.88,11.8,11.8,1425,2021-08-25 13:44:00,HLMN
11.86,11.89,11.83,11.89,803,2021-08-25 13:45:00,HLMN
11.9,11.97,11.9,11.915,5461,2021-08-25 13:46:00,HLMN
11.94,11.94,11.915,11.915,500,2021-08-25 13:47:00,HLMN
11.915,11.915,11.89,11.89,478,2021-08-25 13:48:00,HLMN
11.94,11.94,11.89,11.94,1100,2021-08-25 13:50:00,HLMN
11.94,11.94,11.92,11.92,600,2021-08-25 13:51:00,HLMN
11.99,11.99,11.99,11.99,300,2021-08-25 13:52:00,HLMN
11.98,11.98,11.945,11.945,200,2021-08-25 13:53:00,HLMN
11.98,12.02,11.92,11.99,7490,2021-08-25 13:54:00,HLMN
11.98,11.99,11.97,11.99,1200,2021-08-25 13:55:00,HLMN
12.0,12.0,11.98,12.0,5510,2021-08-25 13:56:00,HLMN
11.99,12.01,11.99,12.01,900,2021-08-25 13:57:00,HLMN
12.005,12.03,12.005,12.005,600,2021-08-25 13:58:00,HLMN
12.005,12.03,11.94,11.94,5243,2021-08-25 13:59:00,HLMN
11.92,11.97,11.9,11.97,1427,2021-08-25 14:00:00,HLMN
12.0,12.0,12.0,12.0,400,2021-08-25 14:02:00,HLMN
12.0,12.0,11.97,12.0,1100,2021-08-25 14:03:00,HLMN
11.99,11.99,11.99,11.99,100,2021-08-25 14:04:00,HLMN
11.99,11.99,11.99,11.99,100,2021-08-25 14:05:00,HLMN
12.0,12.01,12.0,12.01,1400,2021-08-25 14:06:00,HLMN
12.01,12.01,11.99,11.995,1670,2021-08-25 14:07:00,HLMN
12.0,12.0,12.0,12.0,100,2021-08-25 14:08:00,HLMN
12.0,12.02,12.0,12.005,3331,2021-08-25 14:09:00,HLMN
12.005,12.02,11.99,12.0,2620,2021-08-25 14:10:00,HLMN
11.99,11.99,11.99,11.99,800,2021-08-25 14:11:00,HLMN
11.99,12.005,11.99,12.0,697,2021-08-25 14:13:00,HLMN
11.995,12.025,11.995,12.01,3300,2021-08-25 14:14:00,HLMN
12.02,12.02,12.01,12.015,2495,2021-08-25 14:15:00,HLMN
12.015,12.015,12.01,12.01,742,2021-08-25 14:16:00,HLMN
12.015,12.02,12.01,12.015,700,2021-08-25 14:17:00,HLMN
12.015,12.02,12.01,12.015,1000,2021-08-25 14:18:00,HLMN
12.015,12.015,12.01,12.01,1058,2021-08-25 14:19:00,HLMN
12.01,12.015,12.01,12.015,1097,2021-08-25 14:20:00,HLMN
12.015,12.015,12.01,12.01,4400,2021-08-25 14:21:00,HLMN
12.015,12.015,12.015,12.015,300,2021-08-25 14:22:00,HLMN
12.015,12.015,12.01,12.015,600,2021-08-25 14:23:00,HLMN
12.015,12.015,11.98,11.98,1981,2021-08-25 14:24:00,HLMN
11.98,11.99,11.98,11.98,1638,2021-08-25 14:26:00,HLMN
12.0,12.01,11.99,11.99,2297,2021-08-25 14:27:00,HLMN
12.01,12.01,12.0,12.0,300,2021-08-25 14:28:00,HLMN
12.005,12.005,12.0,12.0,400,2021-08-25 14:29:00,HLMN
12.005,12.005,12.0,12.0,400,2021-08-25 14:30:00,HLMN
12.005,12.005,11.99,11.99,2608,2021-08-25 14:31:00,HLMN
12.0,12.0,12.0,12.0,600,2021-08-25 14:32:00,HLMN
12.0,12.0,12.0,12.0,500,2021-08-25 14:33:00,HLMN
12.0,12.0,11.995,11.995,300,2021-08-25 14:34:00,HLMN
11.995,11.995,11.995,11.995,300,2021-08-25 14:35:00,HLMN
12.0,12.0,12.0,12.0,100,2021-08-25 14:36:00,HLMN
12.0,12.01,12.0,12.0,5884,2021-08-25 14:37:00,HLMN
12.0,12.0,11.99,11.995,5500,2021-08-25 14:38:00,HLMN
11.99,12.01,11.99,12.01,4300,2021-08-25 14:39:00,HLMN
12.0,12.01,11.99,12.01,6434,2021-08-25 14:40:00,HLMN
12.01,12.01,12.01,12.01,400,2021-08-25 14:42:00,HLMN
12.01,12.05,12.0,12.04,13365,2021-08-25 14:43:00,HLMN
12.05,12.06,12.04,12.045,18223,2021-08-25 14:44:00,HLMN
12.045,12.045,12.04,12.045,600,2021-08-25 14:45:00,HLMN
12.045,12.045,12.04,12.045,1843,2021-08-25 14:46:00,HLMN
12.045,12.045,12.0443,12.045,600,2021-08-25 14:47:00,HLMN
12.045,12.0471,12.04,12.045,936,2021-08-25 14:48:00,HLMN
12.045,12.045,12.045,12.045,400,2021-08-25 14:49:00,HLMN
12.05,12.05,12.04,12.045,1400,2021-08-25 14:50:00,HLMN
12.04,12.045,12.04,12.045,600,2021-08-25 14:51:00,HLMN
12.05,12.05,12.04,12.045,1200,2021-08-25 14:52:00,HLMN
12.05,12.05,12.04,12.04,902,2021-08-25 14:53:00,HLMN
12.045,12.045,12.045,12.045,400,2021-08-25 14:54:00,HLMN
12.045,12.05,12.04,12.045,735,2021-08-25 14:55:00,HLMN
12.045,12.045,12.04,12.045,520,2021-08-25 14:56:00,HLMN
12.045,12.045,12.03,12.035,1541,2021-08-25 14:57:00,HLMN
12.035,12.035,12.03,12.03,407,2021-08-25 14:58:00,HLMN
12.035,12.035,11.96,11.96,4357,2021-08-25 14:59:00,HLMN
11.98,12.01,11.97,12.0,1963,2021-08-25 15:00:00,HLMN
12.0,12.0,12.0,12.0,200,2021-08-25 15:01:00,HLMN
12.015,12.015,12.0,12.0,200,2021-08-25 15:02:00,HLMN
12.015,12.02,12.015,12.02,300,2021-08-25 15:03:00,HLMN
12.0,12.02,12.0,12.02,600,2021-08-25 15:04:00,HLMN
12.02,12.02,12.02,12.02,400,2021-08-25 15:05:00,HLMN
12.0,12.03,12.0,12.01,12042,2021-08-25 15:06:00,HLMN
12.01,12.01,12.0,12.0,150400,2021-08-25 15:07:00,HLMN
12.01,12.05,12.01,12.045,6499,2021-08-25 15:08:00,HLMN
12.045,12.06,12.04,12.05,4100,2021-08-25 15:09:00,HLMN
12.05,12.05,12.045,12.045,600,2021-08-25 15:10:00,HLMN
12.045,12.05,12.04,12.045,900,2021-08-25 15:11:00,HLMN
12.04,12.07,12.04,12.055,5046,2021-08-25 15:12:00,HLMN
12.055,12.07,12.01,12.015,7589,2021-08-25 15:13:00,HLMN
12.02,12.02,12.02,12.02,300,2021-08-25 15:14:00,HLMN
12.02,12.02,12.02,12.02,100,2021-08-25 15:15:00,HLMN
12.02,12.02,12.02,12.02,300,2021-08-25 15:16:00,HLMN
12.02,12.03,12.02,12.025,2039,2021-08-25 15:17:00,HLMN
12.025,12.025,12.01,12.025,800,2021-08-25 15:18:00,HLMN
12.025,12.025,12.01,12.025,700,2021-08-25 15:19:00,HLMN
12.025,12.03,12.01,12.015,900,2021-08-25 15:20:00,HLMN
12.015,12.015,12.0,12.0,3391,2021-08-25 15:21:00,HLMN
11.99,11.99,11.98,11.98,1700,2021-08-25 15:22:00,HLMN
11.99,12.0,11.99,12.0,1330,2021-08-25 15:23:00,HLMN
11.995,12.005,11.995,12.0,1600,2021-08-25 15:24:00,HLMN
12.0,12.0,12.0,12.0,100,2021-08-25 15:25:00,HLMN
12.005,12.005,12.0,12.005,700,2021-08-25 15:26:00,HLMN
12.0,12.005,12.0,12.005,900,2021-08-25 15:27:00,HLMN
12.005,12.01,11.985,11.99,59410,2021-08-25 15:28:00,HLMN
11.985,12.0,11.985,12.0,2871,2021-08-25 15:29:00,HLMN
12.005,12.005,12.005,12.005,100,2021-08-25 15:30:00,HLMN
12.005,12.01,12.005,12.005,600,2021-08-25 15:31:00,HLMN
12.01,12.01,12.005,12.01,600,2021-08-25 15:32:00,HLMN
12.005,12.01,12.005,12.01,700,2021-08-25 15:33:00,HLMN
12.01,12.01,11.99,12.005,1600,2021-08-25 15:34:00,HLMN
12.01,12.01,12.005,12.005,500,2021-08-25 15:35:00,HLMN
12.005,12.01,12.005,12.005,700,2021-08-25 15:36:00,HLMN
12.01,12.01,12.005,12.005,500,2021-08-25 15:37:00,HLMN
12.01,12.02,12.005,12.005,600,2021-08-25 15:38:00,HLMN
12.02,12.02,12.005,12.015,900,2021-08-25 15:39:00,HLMN
12.01,12.02,12.0,12.0,3197,2021-08-25 15:40:00,HLMN
12.01,12.01,12.005,12.01,900,2021-08-25 15:41:00,HLMN
12.01,12.01,12.005,12.005,500,2021-08-25 15:42:00,HLMN
12.005,12.005,12.005,12.005,600,2021-08-25 15:43:00,HLMN
12.005,12.005,12.005,12.005,600,2021-08-25 15:44:00,HLMN
12.0,12.01,11.995,12.0,2101,2021-08-25 15:45:00,HLMN
12.0,12.0,11.99,11.99,2250,2021-08-25 15:46:00,HLMN
11.99,11.99,11.98,11.985,8200,2021-08-25 15:47:00,HLMN
11.99,11.99,11.95,11.97,4100,2021-08-25 15:48:00,HLMN
11.975,11.975,11.975,11.975,200,2021-08-25 15:50:00,HLMN
11.98,11.98,11.98,11.98,100,2021-08-25 15:53:00,HLMN
11.98,11.98,11.98,11.98,300,2021-08-25 15:54:00,HLMN
11.98,11.98,11.98,11.98,300,2021-08-25 15:55:00,HLMN
11.98,11.98,11.97,11.97,400,2021-08-25 15:56:00,HLMN
11.98,11.98,11.98,11.98,100,2021-08-25 15:57:00,HLMN
11.98,11.98,11.98,11.98,100,2021-08-25 15:59:00,HLMN
11.975,11.98,11.975,11.975,984,2021-08-25 16:00:00,HLMN
11.98,11.98,11.98,11.98,200,2021-08-25 16:01:00,HLMN
11.98,11.98,11.98,11.98,1500,2021-08-25 16:02:00,HLMN
11.98,11.99,11.98,11.98,1689,2021-08-25 16:03:00,HLMN
11.98,11.98,11.98,11.98,100,2021-08-25 16:04:00,HLMN
11.975,11.975,11.975,11.975,700,2021-08-25 16:05:00,HLMN
11.975,11.98,11.975,11.98,400,2021-08-25 16:06:00,HLMN
11.98,11.98,11.98,11.98,1582,2021-08-25 16:07:00,HLMN
11.98,11.98,11.98,11.98,400,2021-08-25 16:08:00,HLMN
11.98,11.98,11.98,11.98,1200,2021-08-25 16:09:00,HLMN
11.98,11.98,11.97,11.97,3453,2021-08-25 16:10:00,HLMN
11.965,11.965,11.95,11.95,1624,2021-08-25 16:11:00,HLMN
11.95,11.9586,11.95,11.955,1076,2021-08-25 16:12:00,HLMN
11.95,11.95,11.93,11.93,2228,2021-08-25 16:13:00,HLMN
11.925,11.93,11.925,11.93,200,2021-08-25 16:15:00,HLMN
11.93,11.93,11.93,11.93,300,2021-08-25 16:16:00,HLMN
11.93,11.93,11.93,11.93,100,2021-08-25 16:17:00,HLMN
11.93,11.93,11.92,11.92,300,2021-08-25 16:18:00,HLMN
11.93,11.93,11.93,11.93,500,2021-08-25 16:19:00,HLMN
11.93,11.93,11.921,11.93,600,2021-08-25 16:20:00,HLMN
11.93,11.94,11.93,11.94,2500,2021-08-25 16:21:00,HLMN
11.935,11.935,11.935,11.935,600,2021-08-25 16:22:00,HLMN
11.935,11.935,11.935,11.935,500,2021-08-25 16:23:00,HLMN
11.9203,11.935,11.92,11.93,2300,2021-08-25 16:24:00,HLMN
11.93,11.94,11.93,11.94,600,2021-08-25 16:25:00,HLMN
11.94,11.94,11.91,11.915,27782,2021-08-25 16:26:00,HLMN
11.91,11.925,11.91,11.925,1000,2021-08-25 16:28:00,HLMN
11.93,11.93,11.93,11.93,200,2021-08-25 16:30:00,HLMN
11.93,11.94,11.925,11.93,700,2021-08-25 16:31:00,HLMN
11.94,11.96,11.94,11.96,400,2021-08-25 16:33:00,HLMN
11.96,11.97,11.955,11.955,600,2021-08-25 16:34:00,HLMN
11.97,11.98,11.965,11.98,1100,2021-08-25 16:35:00,HLMN
11.99,11.99,11.97,11.97,1400,2021-08-25 16:36:00,HLMN
11.963,11.98,11.963,11.98,1000,2021-08-25 16:37:00,HLMN
11.98,11.98,11.975,11.975,1400,2021-08-25 16:38:00,HLMN
11.98,11.98,11.98,11.98,100,2021-08-25 16:39:00,HLMN
11.975,11.975,11.975,11.975,300,2021-08-25 16:43:00,HLMN
11.975,11.98,11.97,11.98,428,2021-08-25 16:44:00,HLMN
11.975,11.98,11.975,11.9799,400,2021-08-25 16:45:00,HLMN
11.98,11.98,11.97,11.97,200,2021-08-25 16:46:00,HLMN
11.97,11.9784,11.97,11.97,1623,2021-08-25 16:47:00,HLMN
11.9661,11.9661,11.9661,11.9661,100,2021-08-25 16:48:00,HLMN
11.97,11.97,11.97,11.97,100,2021-08-25 16:51:00,HLMN
11.97,11.97,11.97,11.97,300,2021-08-25 16:53:00,HLMN
11.96,11.98,11.96,11.98,600,2021-08-25 16:56:00,HLMN
11.97,11.98,11.97,11.98,700,2021-08-25 16:57:00,HLMN
11.98,11.98,11.975,11.975,800,2021-08-25 17:00:00,HLMN
11.975,11.98,11.975,11.98,235,2021-08-25 17:01:00,HLMN
11.98,11.98,11.97,11.97,2176,2021-08-25 17:02:00,HLMN
11.98,11.98,11.98,11.98,100,2021-08-25 17:03:00,HLMN
11.975,11.98,11.975,11.98,232,2021-08-25 17:04:00,HLMN
11.975,11.98,11.975,11.98,500,2021-08-25 17:05:00,HLMN
11.975,11.98,11.975,11.98,200,2021-08-25 17:06:00,HLMN
11.98,11.98,11.98,11.98,100,2021-08-25 17:07:00,HLMN
11.98,11.98,11.98,11.98,100,2021-08-25 17:08:00,HLMN
11.975,11.98,11.975,11.98,400,2021-08-25 17:09:00,HLMN
11.98,11.98,11.98,11.98,100,2021-08-25 17:10:00,HLMN
11.98,11.98,11.97,11.975,2464,2021-08-25 17:11:00,HLMN
11.96,11.96,11.955,11.955,200,2021-08-25 17:12:00,HLMN
11.955,11.955,11.955,11.955,100,2021-08-25 17:14:00,HLMN
11.96,11.965,11.96,11.96,1200,2021-08-25 17:16:00,HLMN
11.96,11.96,11.95,11.95,322,2021-08-25 17:17:00,HLMN
11.94,11.94,11.94,11.94,100,2021-08-25 17:18:00,HLMN
11.94,11.94,11.94,11.94,200,2021-08-25 17:19:00,HLMN
11.945,11.945,11.945,11.945,100,2021-08-25 17:21:00,HLMN
11.95,11.955,11.95,11.95,625,2021-08-25 17:22:00,HLMN
11.95,11.95,11.93,11.93,800,2021-08-25 17:23:00,HLMN
11.92,11.93,11.92,11.93,300,2021-08-25 17:26:00,HLMN
11.93,11.93,11.93,11.93,125,2021-08-25 17:30:00,HLMN
11.93,11.93,11.93,11.93,300,2021-08-25 17:31:00,HLMN
11.94,11.94,11.94,11.94,100,2021-08-25 17:32:00,HLMN
11.94,11.94,11.94,11.94,400,2021-08-25 17:33:00,HLMN
11.945,11.95,11.945,11.9475,34539,2021-08-25 17:34:00,HLMN
11.95,11.96,11.945,11.96,5900,2021-08-25 17:35:00,HLMN
11.96,11.96,11.96,11.96,400,2021-08-25 17:36:00,HLMN
11.97,11.97,11.96,11.96,200,2021-08-25 17:37:00,HLMN
11.955,11.955,11.94,11.94,2436,2021-08-25 17:38:00,HLMN
11.925,11.925,11.925,11.925,100,2021-08-25 17:39:00,HLMN
11.925,11.925,11.925,11.925,100,2021-08-25 17:42:00,HLMN
11.9101,11.915,11.9,11.91,2396,2021-08-25 17:44:00,HLMN
11.9,11.9,11.89,11.89,700,2021-08-25 17:45:00,HLMN
11.885,11.885,11.885,11.885,100,2021-08-25 17:46:00,HLMN
11.885,11.885,11.885,11.885,182,2021-08-25 17:47:00,HLMN
11.87,11.87,11.87,11.87,200,2021-08-25 17:50:00,HLMN
11.87,11.87,11.87,11.87,100,2021-08-25 17:51:00,HLMN
11.87,11.87,11.87,11.87,200,2021-08-25 17:55:00,HLMN
11.86,11.88,11.86,11.86,600,2021-08-25 17:56:00,HLMN
11.88,11.88,11.88,11.88,100,2021-08-25 17:57:00,HLMN
11.88,11.88,11.87,11.875,712,2021-08-25 17:58:00,HLMN
11.88,11.88,11.875,11.88,1288,2021-08-25 17:59:00,HLMN
11.875,11.88,11.875,11.88,239,2021-08-25 18:00:00,HLMN
11.88,11.88,11.875,11.88,719,2021-08-25 18:01:00,HLMN
11.87,11.87,11.87,11.87,170,2021-08-25 18:02:00,HLMN
11.89,11.89,11.88,11.88,300,2021-08-25 18:03:00,HLMN
11.89,11.89,11.88,11.88,332,2021-08-25 18:04:00,HLMN
11.89,11.89,11.88,11.88,1446,2021-08-25 18:05:00,HLMN
11.885,11.885,11.885,11.885,100,2021-08-25 18:07:00,HLMN
11.89,11.89,11.885,11.885,500,2021-08-25 18:09:00,HLMN
11.885,11.885,11.885,11.885,200,2021-08-25 18:12:00,HLMN
11.89,11.89,11.885,11.89,351,2021-08-25 18:15:00,HLMN
11.885,11.885,11.885,11.885,100,2021-08-25 18:16:00,HLMN
11.885,11.89,11.885,11.89,200,2021-08-25 18:17:00,HLMN
11.885,11.89,11.885,11.885,500,2021-08-25 18:18:00,HLMN
11.885,11.885,11.88,11.88,500,2021-08-25 18:19:00,HLMN
11.89,11.89,11.88,11.88,200,2021-08-25 18:20:00,HLMN
11.89,11.89,11.89,11.89,100,2021-08-25 18:21:00,HLMN
11.89,11.89,11.885,11.885,300,2021-08-25 18:22:00,HLMN
11.885,11.885,11.885,11.885,100,2021-08-25 18:23:00,HLMN
11.88,11.89,11.88,11.89,300,2021-08-25 18:24:00,HLMN
11.89,11.89,11.88,11.88,956,2021-08-25 18:25:00,HLMN
11.88,11.88,11.87,11.87,588,2021-08-25 18:26:00,HLMN
11.85,11.85,11.85,11.85,25230,2021-08-25 18:27:00,HLMN
11.86,11.88,11.855,11.87,3713,2021-08-25 18:28:00,HLMN
11.87,11.91,11.87,11.91,15700,2021-08-25 18:29:00,HLMN
11.92,11.92,11.92,11.92,300,2021-08-25 18:31:00,HLMN
11.92,11.94,11.92,11.94,4300,2021-08-25 18:32:00,HLMN
11.95,11.95,11.95,11.95,100,2021-08-25 18:33:00,HLMN
11.95,11.95,11.93,11.935,1802,2021-08-25 18:34:00,HLMN
11.935,11.935,11.935,11.935,158,2021-08-25 18:35:00,HLMN
11.94,11.94,11.94,11.94,200,2021-08-25 18:38:00,HLMN
11.94,11.94,11.93,11.93,429,2021-08-25 18:39:00,HLMN
11.93,11.93,11.93,11.93,919,2021-08-25 18:40:00,HLMN
11.92,11.92,11.92,11.92,100,2021-08-25 18:41:00,HLMN
11.925,11.925,11.925,11.925,600,2021-08-25 18:43:00,HLMN
11.925,11.925,11.925,11.925,100,2021-08-25 18:45:00,HLMN
11.9212,11.9212,11.9212,11.9212,1000,2021-08-25 18:46:00,HLMN
11.93,11.93,11.925,11.93,499,2021-08-25 18:47:00,HLMN
11.925,11.925,11.925,11.925,100,2021-08-25 18:48:00,HLMN
11.925,11.925,11.925,11.925,500,2021-08-25 18:49:00,HLMN
11.925,11.9275,11.92,11.92,1600,2021-08-25 18:50:00,HLMN
11.91,11.91,11.91,11.91,200,2021-08-25 18:52:00,HLMN
11.92,11.92,11.89,11.9,56090,2021-08-25 18:56:00,HLMN
11.895,11.895,11.895,11.895,400,2021-08-25 18:58:00,HLMN
11.895,11.895,11.895,11.895,500,2021-08-25 18:59:00,HLMN
11.895,11.895,11.895,11.895,100,2021-08-25 19:01:00,HLMN
11.895,11.9,11.895,11.8975,10700,2021-08-25 19:02:00,HLMN
11.91,11.91,11.91,11.91,100,2021-08-25 19:03:00,HLMN
11.91,11.91,11.895,11.895,200,2021-08-25 19:05:00,HLMN
11.895,11.91,11.895,11.91,200,2021-08-25 19:06:00,HLMN
11.88,11.91,11.88,11.91,688,2021-08-25 19:07:00,HLMN
11.91,11.91,11.91,11.91,200,2021-08-25 19:08:00,HLMN
11.91,11.92,11.8975,11.92,1000,2021-08-25 19:09:00,HLMN
11.92,11.94,11.91,11.94,1328,2021-08-25 19:10:00,HLMN
11.94,11.94,11.94,11.94,300,2021-08-25 19:11:00,HLMN
11.935,11.95,11.935,11.95,200,2021-08-25 19:12:00,HLMN
11.95,11.95,11.935,11.95,400,2021-08-25 19:14:00,HLMN
11.95,11.95,11.95,11.95,300,2021-08-25 19:15:00,HLMN
11.94,11.94,11.89,11.9,4506,2021-08-25 19:16:00,HLMN
11.9,11.9,11.9,11.9,4800,2021-08-25 19:17:00,HLMN
11.9,11.9,11.9,11.9,100,2021-08-25 19:18:00,HLMN
11.91,11.91,11.91,11.91,655,2021-08-25 19:19:00,HLMN
11.91,11.91,11.91,11.91,100,2021-08-25 19:20:00,HLMN
11.91,11.95,11.91,11.95,40860,2021-08-25 19:21:00,HLMN
11.95,11.955,11.94,11.95,1011,2021-08-25 19:22:00,HLMN
11.955,11.955,11.955,11.955,300,2021-08-25 19:23:00,HLMN
11.955,11.955,11.955,11.955,300,2021-08-25 19:24:00,HLMN
11.955,11.96,11.955,11.96,200,2021-08-25 19:25:00,HLMN
11.96,11.97,11.96,11.965,700,2021-08-25 19:26:00,HLMN
11.965,11.97,11.965,11.97,1000,2021-08-25 19:27:00,HLMN
11.96,11.97,11.96,11.96,2500,2021-08-25 19:28:00,HLMN
11.97,11.97,11.945,11.95,3200,2021-08-25 19:29:00,HLMN
11.95,11.97,11.95,11.97,438,2021-08-25 19:30:00,HLMN
11.96,11.96,11.96,11.96,410,2021-08-25 19:31:00,HLMN
11.96,11.97,11.96,11.96,429,2021-08-25 19:32:00,HLMN
11.97,11.97,11.97,11.97,100,2021-08-25 19:33:00,HLMN
11.97,11.98,11.97,11.98,500,2021-08-25 19:34:00,HLMN
11.98,11.98,11.97,11.97,1805,2021-08-25 19:35:00,HLMN
11.975,11.98,11.97,11.97,7946,2021-08-25 19:36:00,HLMN
11.975,11.99,11.97,11.99,3434,2021-08-25 19:37:00,HLMN
11.99,11.99,11.98,11.985,485,2021-08-25 19:38:00,HLMN
11.985,12.0,11.985,11.99,2275,2021-08-25 19:39:00,HLMN
11.995,12.0,11.94,11.94,116329,2021-08-25 19:40:00,HLMN
11.955,11.97,11.94,11.945,3144,2021-08-25 19:41:00,HLMN
11.94,11.94,11.88,11.88,2621,2021-08-25 19:42:00,HLMN
11.88,11.92,11.86,11.92,8095,2021-08-25 19:43:00,HLMN
11.92,11.93,11.915,11.93,600,2021-08-25 19:44:00,HLMN
11.93,11.93,11.925,11.925,1100,2021-08-25 19:45:00,HLMN
11.925,11.925,11.92,11.925,700,2021-08-25 19:46:00,HLMN
11.925,11.93,11.925,11.925,1037,2021-08-25 19:47:00,HLMN
11.925,11.93,11.92,11.93,1100,2021-08-25 19:48:00,HLMN
11.93,11.94,11.93,11.94,800,2021-08-25 19:49:00,HLMN
11.935,11.94,11.935,11.94,1618,2021-08-25 19:50:00,HLMN
11.95,11.95,11.94,11.94,1014,2021-08-25 19:51:00,HLMN
11.93,11.94,11.89,11.89,6792,2021-08-25 19:52:00,HLMN
11.89,11.9199,11.865,11.87,17515,2021-08-25 19:53:00,HLMN
11.86,11.86,11.83,11.83,7377,2021-08-25 19:54:00,HLMN
11.84,11.845,11.81,11.84,14065,2021-08-25 19:55:00,HLMN
11.81,11.84,11.81,11.81,2214,2021-08-25 19:56:00,HLMN
11.83,11.86,11.81,11.845,30428,2021-08-25 19:57:00,HLMN
11.86,11.86,11.8,11.8,18195,2021-08-25 19:58:00,HLMN
11.82,11.85,11.8,11.81,27123,2021-08-25 19:59:00,HLMN
11.79,11.79,11.79,11.79,6515,2021-08-25 20:00:00,HLMN
11.78,11.78,11.68,11.68,2449,2021-08-26 13:30:00,HLMN
11.76,11.8386,11.76,11.8386,2257,2021-08-26 13:31:00,HLMN
11.7201,11.76,11.7201,11.76,2300,2021-08-26 13:36:00,HLMN
11.738,11.738,11.738,11.738,1000,2021-08-26 13:37:00,HLMN
11.76,11.76,11.705,11.725,30760,2021-08-26 13:41:00,HLMN
11.78,11.78,11.735,11.735,1063,2021-08-26 13:45:00,HLMN
11.77,11.77,11.77,11.77,100,2021-08-26 13:46:00,HLMN
11.765,11.765,11.765,11.765,200,2021-08-26 13:54:00,HLMN
11.765,11.78,11.71,11.7475,7902,2021-08-26 13:55:00,HLMN
11.75,11.75,11.745,11.745,308,2021-08-26 13:56:00,HLMN
11.745,11.745,11.745,11.745,200,2021-08-26 13:57:00,HLMN
11.75,11.76,11.74,11.74,4856,2021-08-26 13:58:00,HLMN
11.76,11.76,11.76,11.76,100,2021-08-26 14:00:00,HLMN
11.76,11.8,11.74,11.79,1682,2021-08-26 14:01:00,HLMN
11.8,11.8,11.8,11.8,600,2021-08-26 14:05:00,HLMN
11.85,11.85,11.85,11.85,800,2021-08-26 14:06:00,HLMN
11.85,11.88,11.84,11.88,943,2021-08-26 14:07:00,HLMN
11.88,11.88,11.817,11.817,1210,2021-08-26 14:09:00,HLMN
11.84,11.84,11.84,11.84,400,2021-08-26 14:13:00,HLMN
11.88,11.88,11.83,11.85,1500,2021-08-26 14:16:00,HLMN
11.83,11.84,11.83,11.83,840,2021-08-26 14:19:00,HLMN
11.83,11.83,11.83,11.83,108,2021-08-26 14:20:00,HLMN
11.82,11.825,11.81,11.81,536,2021-08-26 14:25:00,HLMN
11.82,11.82,11.76,11.79,14199,2021-08-26 14:26:00,HLMN
11.8,11.8,11.79,11.79,800,2021-08-26 14:27:00,HLMN
11.79,11.825,11.79,11.825,1400,2021-08-26 14:28:00,HLMN
11.86,11.86,11.86,11.86,100,2021-08-26 14:29:00,HLMN
11.89,11.89,11.89,11.89,259,2021-08-26 14:30:00,HLMN
11.87,11.87,11.86,11.86,1385,2021-08-26 14:31:00,HLMN
11.87,11.87,11.87,11.87,100,2021-08-26 14:32:00,HLMN
11.87,11.92,11.87,11.92,300,2021-08-26 14:35:00,HLMN
11.93,11.97,11.93,11.97,267,2021-08-26 14:36:00,HLMN
11.91,11.91,11.9,11.9,800,2021-08-26 14:37:00,HLMN
11.87,11.87,11.84,11.85,502,2021-08-26 14:40:00,HLMN
11.85,11.85,11.85,11.85,300,2021-08-26 14:42:00,HLMN
11.85,11.85,11.85,11.85,200,2021-08-26 14:43:00,HLMN
11.85,11.85,11.85,11.85,200,2021-08-26 14:44:00,HLMN
11.85,11.85,11.85,11.85,100,2021-08-26 14:45:00,HLMN
11.85,11.85,11.83,11.83,500,2021-08-26 14:46:00,HLMN
11.845,11.845,11.845,11.845,100,2021-08-26 14:47:00,HLMN
11.845,11.845,11.845,11.845,200,2021-08-26 14:48:00,HLMN
11.845,11.845,11.845,11.845,200,2021-08-26 14:49:00,HLMN
11.83,11.835,11.82,11.82,1037,2021-08-26 14:50:00,HLMN
11.82,11.83,11.76,11.8,972,2021-08-26 14:51:00,HLMN
11.8,11.8,11.785,11.785,200,2021-08-26 14:52:00,HLMN
11.75,11.75,11.75,11.75,100,2021-08-26 14:53:00,HLMN
11.785,11.82,11.75,11.82,6400,2021-08-26 14:54:00,HLMN
11.805,11.805,11.805,11.805,100,2021-08-26 14:55:00,HLMN
11.805,11.805,11.805,11.805,200,2021-08-26 14:57:00,HLMN
11.8,11.81,11.79,11.805,1005,2021-08-26 14:59:00,HLMN
11.79,11.805,11.79,11.805,200,2021-08-26 15:03:00,HLMN
11.79,11.805,11.79,11.805,200,2021-08-26 15:04:00,HLMN
11.805,11.805,11.79,11.79,400,2021-08-26 15:06:00,HLMN
11.82,11.82,11.8199,11.82,1780,2021-08-26 15:07:00,HLMN
11.82,11.84,11.81,11.84,1027,2021-08-26 15:08:00,HLMN
11.825,11.825,11.825,11.825,100,2021-08-26 15:09:00,HLMN
11.84,11.84,11.84,11.84,100,2021-08-26 15:10:00,HLMN
11.86,11.86,11.82,11.84,808,2021-08-26 15:12:00,HLMN
11.84,11.86,11.82,11.86,600,2021-08-26 15:14:00,HLMN
11.86,11.86,11.86,11.86,100,2021-08-26 15:15:00,HLMN
11.86,11.86,11.86,11.86,200,2021-08-26 15:16:00,HLMN
11.87,11.87,11.87,11.87,100,2021-08-26 15:17:00,HLMN
11.875,11.875,11.875,11.875,100,2021-08-26 15:18:00,HLMN
11.86,11.875,11.86,11.875,200,2021-08-26 15:19:00,HLMN
11.87,11.88,11.86,11.88,2300,2021-08-26 15:22:00,HLMN
11.91,11.91,11.895,11.895,200,2021-08-26 15:24:00,HLMN
11.88,11.89,11.88,11.88,701,2021-08-26 15:28:00,HLMN
11.875,11.88,11.875,11.88,200,2021-08-26 15:31:00,HLMN
11.87,11.87,11.87,11.87,200,2021-08-26 15:32:00,HLMN
11.88,11.88,11.88,11.88,300,2021-08-26 15:35:00,HLMN
11.88,11.88,11.88,11.88,108,2021-08-26 15:36:00,HLMN
11.89,11.9,11.89,11.9,851,2021-08-26 15:37:00,HLMN
11.895,11.895,11.895,11.895,100,2021-08-26 15:38:00,HLMN
11.89,11.89,11.885,11.89,600,2021-08-26 15:39:00,HLMN
11.88,11.88,11.88,11.88,547,2021-08-26 15:41:00,HLMN
11.8999,11.8999,11.8999,11.8999,200,2021-08-26 15:44:00,HLMN
11.88,11.88,11.85,11.85,1059,2021-08-26 15:47:00,HLMN
11.83,11.84,11.8,11.8,2966,2021-08-26 15:50:00,HLMN
11.79,11.84,11.79,11.82,26348,2021-08-26 15:51:00,HLMN
11.82,11.82,11.82,11.82,300,2021-08-26 15:54:00,HLMN
11.83,11.83,11.83,11.83,100,2021-08-26 15:56:00,HLMN
11.84,11.84,11.82,11.82,653,2021-08-26 15:57:00,HLMN
11.835,11.835,11.835,11.835,100,2021-08-26 15:59:00,HLMN
11.82,11.82,11.82,11.82,100,2021-08-26 16:01:00,HLMN
11.84,11.84,11.84,11.84,300,2021-08-26 16:05:00,HLMN
11.85,11.85,11.85,11.85,100,2021-08-26 16:06:00,HLMN
11.85,11.85,11.85,11.85,300,2021-08-26 16:08:00,HLMN
11.85,11.85,11.85,11.85,200,2021-08-26 16:09:00,HLMN
11.83,11.845,11.83,11.83,1008,2021-08-26 16:15:00,HLMN
11.82,11.82,11.79,11.79,3509,2021-08-26 16:16:00,HLMN
11.79,11.795,11.76,11.79,1817,2021-08-26 16:18:00,HLMN
11.775,11.775,11.775,11.775,600,2021-08-26 16:19:00,HLMN
11.775,11.775,11.775,11.775,200,2021-08-26 16:20:00,HLMN
11.775,11.775,11.775,11.775,400,2021-08-26 16:21:00,HLMN
11.759,11.775,11.75,11.775,2300,2021-08-26 16:22:00,HLMN
11.75,11.775,11.75,11.775,200,2021-08-26 16:23:00,HLMN
11.765,11.775,11.765,11.775,611,2021-08-26 16:24:00,HLMN
11.775,11.775,11.775,11.775,200,2021-08-26 16:25:00,HLMN
11.775,11.775,11.775,11.775,100,2021-08-26 16:26:00,HLMN
11.775,11.775,11.75,11.75,1088,2021-08-26 16:27:00,HLMN
11.77,11.77,11.75,11.765,2200,2021-08-26 16:28:00,HLMN
11.76,11.76,11.76,11.76,100,2021-08-26 16:33:00,HLMN
11.76,11.76,11.76,11.76,100,2021-08-26 16:34:00,HLMN
11.76,11.76,11.74,11.75,3900,2021-08-26 16:36:00,HLMN
11.75,11.75,11.75,11.75,100,2021-08-26 16:37:00,HLMN
11.76,11.76,11.76,11.76,100,2021-08-26 16:38:00,HLMN
11.755,11.755,11.755,11.755,100,2021-08-26 16:41:00,HLMN
11.755,11.755,11.755,11.755,100,2021-08-26 16:42:00,HLMN
11.75,11.755,11.75,11.755,200,2021-08-26 16:43:00,HLMN
11.75,11.76,11.75,11.75,400,2021-08-26 16:44:00,HLMN
11.7502,11.77,11.745,11.77,6034,2021-08-26 16:46:00,HLMN
11.76,11.76,11.76,11.76,100,2021-08-26 16:48:00,HLMN
11.76,11.76,11.76,11.76,300,2021-08-26 16:51:00,HLMN
11.76,11.76,11.76,11.76,300,2021-08-26 16:52:00,HLMN
11.76,11.76,11.76,11.76,100,2021-08-26 16:54:00,HLMN
11.76,11.76,11.76,11.76,200,2021-08-26 16:55:00,HLMN
11.76,11.76,11.76,11.76,100,2021-08-26 16:57:00,HLMN
11.76,11.76,11.76,11.76,100,2021-08-26 16:58:00,HLMN
11.76,11.76,11.76,11.76,100,2021-08-26 16:59:00,HLMN
11.76,11.76,11.76,11.76,300,2021-08-26 17:00:00,HLMN
11.75,11.77,11.75,11.77,780,2021-08-26 17:01:00,HLMN
11.77,11.77,11.75,11.75,847,2021-08-26 17:03:00,HLMN
11.77,11.77,11.77,11.77,100,2021-08-26 17:04:00,HLMN
11.77,11.77,11.77,11.77,100,2021-08-26 17:05:00,HLMN
11.77,11.77,11.77,11.77,100,2021-08-26 17:06:00,HLMN
11.76,11.76,11.76,11.76,100,2021-08-26 17:11:00,HLMN
11.77,11.77,11.765,11.77,1000,2021-08-26 17:12:00,HLMN
11.77,11.77,11.77,11.77,100,2021-08-26 17:15:00,HLMN
11.76,11.77,11.76,11.77,200,2021-08-26 17:16:00,HLMN
11.765,11.8,11.765,11.8,1805,2021-08-26 17:17:00,HLMN
11.79,11.79,11.78,11.78,1145,2021-08-26 17:18:00,HLMN
11.77,11.78,11.765,11.765,774,2021-08-26 17:23:00,HLMN
11.75,11.75,11.75,11.75,800,2021-08-26 17:26:00,HLMN
11.75,11.75,11.75,11.75,100,2021-08-26 17:27:00,HLMN
11.76,11.76,11.76,11.76,303,2021-08-26 17:29:00,HLMN
11.76,11.76,11.75,11.755,1600,2021-08-26 17:30:00,HLMN
11.75,11.75,11.75,11.75,100,2021-08-26 17:34:00,HLMN
11.76,11.8,11.75,11.79,14831,2021-08-26 17:37:00,HLMN
11.79,11.79,11.79,11.79,200,2021-08-26 17:41:00,HLMN
11.79,11.79,11.79,11.79,200,2021-08-26 17:43:00,HLMN
11.8,11.8,11.795,11.8,614,2021-08-26 17:44:00,HLMN
11.8,11.8,11.8,11.8,100,2021-08-26 17:46:00,HLMN
11.8,11.81,11.8,11.81,300,2021-08-26 17:47:00,HLMN
11.79,11.8,11.79,11.8,981,2021-08-26 17:49:00,HLMN
11.8,11.8,11.8,11.8,100,2021-08-26 17:51:00,HLMN
11.8,11.8,11.8,11.8,100,2021-08-26 17:52:00,HLMN
11.8,11.8,11.8,11.8,100,2021-08-26 17:53:00,HLMN
11.805,11.81,11.805,11.81,700,2021-08-26 17:54:00,HLMN
11.81,11.82,11.81,11.815,3028,2021-08-26 17:55:00,HLMN
11.815,11.815,11.815,11.815,100,2021-08-26 17:56:00,HLMN
11.815,11.815,11.815,11.815,100,2021-08-26 17:57:00,HLMN
11.815,11.815,11.815,11.815,200,2021-08-26 17:58:00,HLMN
11.8152,11.82,11.8152,11.82,2317,2021-08-26 18:01:00,HLMN
11.83,11.83,11.825,11.83,400,2021-08-26 18:02:00,HLMN
11.83,11.83,11.825,11.83,520,2021-08-26 18:03:00,HLMN
11.83,11.83,11.82,11.825,1908,2021-08-26 18:06:00,HLMN
11.8282,11.8282,11.8282,11.8282,200,2021-08-26 18:11:00,HLMN
11.83,11.83,11.83,11.83,100,2021-08-26 18:13:00,HLMN
11.83,11.83,11.83,11.83,100,2021-08-26 18:14:00,HLMN
11.83,11.83,11.825,11.825,300,2021-08-26 18:15:00,HLMN
11.825,11.825,11.825,11.825,200,2021-08-26 18:17:00,HLMN
11.825,11.825,11.825,11.825,100,2021-08-26 18:18:00,HLMN
11.82,11.825,11.805,11.805,1409,2021-08-26 18:19:00,HLMN
11.805,11.805,11.8,11.8,200,2021-08-26 18:20:00,HLMN
11.8,11.8,11.8,11.8,200,2021-08-26 18:21:00,HLMN
11.8,11.8,11.79,11.79,200,2021-08-26 18:24:00,HLMN
11.805,11.805,11.805,11.805,200,2021-08-26 18:25:00,HLMN
11.805,11.805,11.805,11.805,200,2021-08-26 18:26:00,HLMN
11.81,11.81,11.81,11.81,100,2021-08-26 18:27:00,HLMN
11.805,11.805,11.805,11.805,100,2021-08-26 18:28:00,HLMN
11.8,11.805,11.8,11.805,200,2021-08-26 18:30:00,HLMN
11.805,11.805,11.805,11.805,100,2021-08-26 18:31:00,HLMN
11.805,11.805,11.805,11.805,300,2021-08-26 18:32:00,HLMN
11.805,11.81,11.805,11.81,200,2021-08-26 18:33:00,HLMN
11.805,11.805,11.805,11.805,100,2021-08-26 18:34:00,HLMN
11.8,11.805,11.8,11.805,567,2021-08-26 18:35:00,HLMN
11.805,11.805,11.77,11.77,3488,2021-08-26 18:37:00,HLMN
11.78,11.78,11.78,11.78,100,2021-08-26 18:38:00,HLMN
11.765,11.765,11.765,11.765,100,2021-08-26 18:39:00,HLMN
11.78,11.78,11.765,11.765,200,2021-08-26 18:40:00,HLMN
11.765,11.78,11.765,11.78,300,2021-08-26 18:42:00,HLMN
11.76,11.78,11.76,11.78,900,2021-08-26 18:43:00,HLMN
11.77,11.77,11.77,11.77,100,2021-08-26 18:44:00,HLMN
11.77,11.77,11.77,11.77,206,2021-08-26 18:45:00,HLMN
11.77,11.77,11.77,11.77,100,2021-08-26 18:46:00,HLMN
11.78,11.78,11.77,11.77,200,2021-08-26 18:49:00,HLMN
11.77,11.77,11.77,11.77,200,2021-08-26 18:50:00,HLMN
11.77,11.77,11.77,11.77,100,2021-08-26 18:52:00,HLMN
11.78,11.78,11.77,11.77,300,2021-08-26 18:54:00,HLMN
11.77,11.77,11.77,11.77,400,2021-08-26 18:56:00,HLMN
11.77,11.77,11.77,11.77,200,2021-08-26 18:57:00,HLMN
11.7799,11.79,11.77,11.79,2390,2021-08-26 18:58:00,HLMN
11.78,11.78,11.78,11.78,200,2021-08-26 18:59:00,HLMN
11.79,11.79,11.79,11.79,100,2021-08-26 19:00:00,HLMN
11.8,11.8,11.795,11.795,1300,2021-08-26 19:01:00,HLMN
11.79,11.795,11.79,11.795,350,2021-08-26 19:03:00,HLMN
11.795,11.795,11.795,11.795,100,2021-08-26 19:04:00,HLMN
11.8,11.8,11.795,11.795,300,2021-08-26 19:05:00,HLMN
11.795,11.8,11.795,11.8,300,2021-08-26 19:07:00,HLMN
11.8,11.805,11.8,11.8,951,2021-08-26 19:08:00,HLMN
11.81,11.83,11.81,11.815,1326,2021-08-26 19:09:00,HLMN
11.83,11.83,11.815,11.815,600,2021-08-26 19:10:00,HLMN
11.82,11.83,11.82,11.83,500,2021-08-26 19:11:00,HLMN
11.8247,11.8247,11.82,11.82,768,2021-08-26 19:12:00,HLMN
11.8299,11.83,11.8291,11.83,5139,2021-08-26 19:13:00,HLMN
11.84,11.86,11.84,11.86,4881,2021-08-26 19:14:00,HLMN
11.83,11.84,11.83,11.835,3254,2021-08-26 19:15:00,HLMN
11.835,11.85,11.835,11.84,1485,2021-08-26 19:17:00,HLMN
11.84,11.87,11.84,11.86,1223,2021-08-26 19:18:00,HLMN
11.865,11.88,11.865,11.88,300,2021-08-26 19:19:00,HLMN
11.88,11.88,11.875,11.875,756,2021-08-26 19:20:00,HLMN
11.875,11.875,11.875,11.875,300,2021-08-26 19:21:00,HLMN
11.88,11.88,11.88,11.88,671,2021-08-26 19:22:00,HLMN
11.88,11.9,11.88,11.89,15914,2021-08-26 19:23:00,HLMN
11.885,11.92,11.88,11.92,9222,2021-08-26 19:24:00,HLMN
11.93,11.93,11.93,11.93,602,2021-08-26 19:25:00,HLMN
11.94,11.95,11.94,11.95,634,2021-08-26 19:26:00,HLMN
11.95,11.955,11.93,11.935,4980,2021-08-26 19:27:00,HLMN
11.935,11.935,11.935,11.935,300,2021-08-26 19:28:00,HLMN
11.94,11.94,11.94,11.94,100,2021-08-26 19:29:00,HLMN
11.94,11.95,11.94,11.95,1348,2021-08-26 19:30:00,HLMN
11.945,11.945,11.945,11.945,700,2021-08-26 19:31:00,HLMN
11.945,11.95,11.945,11.95,1426,2021-08-26 19:32:00,HLMN
11.955,11.955,11.955,11.955,500,2021-08-26 19:33:00,HLMN
11.96,11.96,11.955,11.955,1214,2021-08-26 19:34:00,HLMN
11.955,11.955,11.955,11.955,200,2021-08-26 19:35:00,HLMN
11.955,11.955,11.955,11.955,300,2021-08-26 19:36:00,HLMN
11.955,11.955,11.955,11.955,300,2021-08-26 19:37:00,HLMN
11.955,11.96,11.955,11.955,886,2021-08-26 19:38:00,HLMN
11.955,11.96,11.955,11.96,1629,2021-08-26 19:39:00,HLMN
11.955,11.955,11.955,11.955,200,2021-08-26 19:40:00,HLMN
11.95,11.95,11.9,11.9,4648,2021-08-26 19:41:00,HLMN
11.9,11.9,11.885,11.885,1948,2021-08-26 19:42:00,HLMN
11.885,11.89,11.885,11.89,857,2021-08-26 19:43:00,HLMN
11.89,11.9,11.885,11.895,2069,2021-08-26 19:44:00,HLMN
11.9,11.9,11.895,11.9,1548,2021-08-26 19:45:00,HLMN
11.895,11.9,11.885,11.885,2489,2021-08-26 19:46:00,HLMN
11.885,11.885,11.885,11.885,300,2021-08-26 19:47:00,HLMN
11.89,11.89,11.885,11.885,353,2021-08-26 19:48:00,HLMN
11.885,11.89,11.885,11.89,1183,2021-08-26 19:49:00,HLMN
11.89,11.89,11.885,11.885,1206,2021-08-26 19:50:00,HLMN
11.9,11.9,11.85,11.86,7109,2021-08-26 19:51:00,HLMN
11.87,11.87,11.865,11.87,1092,2021-08-26 19:52:00,HLMN
11.865,11.91,11.865,11.905,15592,2021-08-26 19:53:00,HLMN
11.91,11.91,11.9,11.905,2441,2021-08-26 19:54:00,HLMN
11.91,11.91,11.905,11.91,1635,2021-08-26 19:55:00,HLMN
11.91,11.94,11.9,11.9,5774,2021-08-26 19:56:00,HLMN
11.91,11.91,11.885,11.885,1256,2021-08-26 19:57:00,HLMN
11.885,11.885,11.87,11.885,1400,2021-08-26 19:58:00,HLMN
11.87,11.9,11.86,11.87,6242,2021-08-26 19:59:00,HLMN
11.87,11.87,11.87,11.87,9394,2021-08-26 20:00:00,HLMN
11.91,11.91,11.91,11.91,1161,2021-08-27 13:30:00,HLMN
11.964,11.964,11.955,11.955,1180,2021-08-27 13:40:00,HLMN
11.955,11.955,11.955,11.955,200,2021-08-27 13:41:00,HLMN
11.95,11.95,11.91,11.91,517,2021-08-27 13:43:00,HLMN
11.91,11.91,11.91,11.91,248,2021-08-27 13:44:00,HLMN
11.85,11.895,11.85,11.895,424,2021-08-27 13:45:00,HLMN
11.95,11.95,11.95,11.95,100,2021-08-27 13:49:00,HLMN
11.945,11.945,11.945,11.945,100,2021-08-27 13:50:00,HLMN
11.95,11.95,11.95,11.95,100,2021-08-27 13:52:00,HLMN
11.92,11.92,11.85,11.89,600,2021-08-27 13:56:00,HLMN
11.865,11.88,11.83,11.855,998,2021-08-27 13:57:00,HLMN
11.86,11.87,11.8,11.83,900,2021-08-27 13:58:00,HLMN
11.83,11.83,11.82,11.82,300,2021-08-27 13:59:00,HLMN
11.83,11.83,11.8,11.8,1251,2021-08-27 14:00:00,HLMN
11.82,11.82,11.78,11.79,500,2021-08-27 14:01:00,HLMN
11.8,11.83,11.77,11.77,300,2021-08-27 14:05:00,HLMN
11.81,11.81,11.81,11.81,100,2021-08-27 14:06:00,HLMN
11.85,11.85,11.85,11.85,200,2021-08-27 14:07:00,HLMN
11.85,11.85,11.85,11.85,100,2021-08-27 14:10:00,HLMN
11.82,11.82,11.74,11.78,14670,2021-08-27 14:11:00,HLMN
11.79,11.8,11.74,11.76,4861,2021-08-27 14:12:00,HLMN
11.8,11.805,11.8,11.805,200,2021-08-27 14:13:00,HLMN
11.805,11.805,11.805,11.805,100,2021-08-27 14:14:00,HLMN
11.81,11.81,11.81,11.81,100,2021-08-27 14:17:00,HLMN
11.81,11.81,11.81,11.81,200,2021-08-27 14:19:00,HLMN
11.8,11.8,11.78,11.78,700,2021-08-27 14:20:00,HLMN
11.7728,11.7728,11.7728,11.7728,1050,2021-08-27 14:22:00,HLMN
11.77,11.78,11.74,11.74,2439,2021-08-27 14:23:00,HLMN
11.75,11.75,11.75,11.75,54043,2021-08-27 14:24:00,HLMN
11.79,11.79,11.75,11.78,5574,2021-08-27 14:26:00,HLMN
11.795,11.795,11.795,11.795,600,2021-08-27 14:27:00,HLMN
11.77,11.8,11.77,11.8,200,2021-08-27 14:28:00,HLMN
11.8,11.8,11.8,11.8,400,2021-08-27 14:29:00,HLMN
11.82,11.82,11.8,11.8,300,2021-08-27 14:30:00,HLMN
11.8,11.8,11.78,11.78,1100,2021-08-27 14:32:00,HLMN
11.78,11.78,11.78,11.78,100,2021-08-27 14:33:00,HLMN
11.78,11.78,11.77,11.77,200,2021-08-27 14:34:00,HLMN
11.78,11.78,11.74,11.75,4346,2021-08-27 14:35:00,HLMN
11.76,11.775,11.75,11.75,1600,2021-08-27 14:36:00,HLMN
11.78,11.78,11.75,11.75,800,2021-08-27 14:37:00,HLMN
11.765,11.765,11.765,11.765,264,2021-08-27 14:38:00,HLMN
11.77,11.77,11.76,11.76,1100,2021-08-27 14:39:00,HLMN
11.77,11.8054,11.77,11.8054,1100,2021-08-27 14:40:00,HLMN
11.79,11.8164,11.79,11.8164,520,2021-08-27 14:41:00,HLMN
11.79,11.805,11.79,11.8,800,2021-08-27 14:42:00,HLMN
11.81,11.81,11.81,11.81,100,2021-08-27 14:43:00,HLMN
11.8,11.81,11.76,11.76,1605,2021-08-27 14:44:00,HLMN
11.76,11.76,11.76,11.76,1500,2021-08-27 14:45:00,HLMN
11.77,11.77,11.77,11.77,100,2021-08-27 14:46:00,HLMN
11.79,11.79,11.79,11.79,300,2021-08-27 14:47:00,HLMN
11.785,11.785,11.77,11.77,380,2021-08-27 14:48:00,HLMN
11.78,11.78,11.76,11.76,300,2021-08-27 14:49:00,HLMN
11.78,11.79,11.78,11.79,300,2021-08-27 14:52:00,HLMN
11.795,11.795,11.79,11.79,200,2021-08-27 14:53:00,HLMN
11.8,11.8,11.8,11.8,100,2021-08-27 14:54:00,HLMN
11.79,11.795,11.79,11.795,200,2021-08-27 14:55:00,HLMN
11.795,11.795,11.795,11.795,100,2021-08-27 14:56:00,HLMN
11.79,11.795,11.75,11.76,3642,2021-08-27 14:57:00,HLMN
11.76,11.76,11.76,11.76,100,2021-08-27 14:59:00,HLMN
11.76,11.76,11.76,11.76,100,2021-08-27 15:00:00,HLMN
11.765,11.77,11.765,11.77,1000,2021-08-27 15:01:00,HLMN
11.77,11.77,11.77,11.77,400,2021-08-27 15:02:00,HLMN
11.775,11.78,11.775,11.78,346,2021-08-27 15:04:00,HLMN
11.79,11.8,11.79,11.8,200,2021-08-27 15:05:00,HLMN
11.795,11.795,11.795,11.795,178,2021-08-27 15:07:00,HLMN
11.79,11.8,11.74,11.74,27640,2021-08-27 15:08:00,HLMN
11.75,11.8,11.75,11.78,4514,2021-08-27 15:09:00,HLMN
11.8,11.8,11.8,11.8,300,2021-08-27 15:10:00,HLMN
11.82,11.825,11.82,11.825,300,2021-08-27 15:11:00,HLMN
11.825,11.825,11.82,11.825,1649,2021-08-27 15:12:00,HLMN
11.82,11.83,11.82,11.83,200,2021-08-27 15:13:00,HLMN
11.83,11.83,11.83,11.83,100,2021-08-27 15:14:00,HLMN
11.83,11.83,11.83,11.83,100,2021-08-27 15:16:00,HLMN
11.82,11.82,11.8,11.8,1770,2021-08-27 15:17:00,HLMN
11.8,11.8,11.8,11.8,100,2021-08-27 15:18:00,HLMN
11.8,11.81,11.8,11.81,200,2021-08-27 15:19:00,HLMN
11.8,11.8,11.8,11.8,100,2021-08-27 15:21:00,HLMN
11.8,11.8,11.8,11.8,100,2021-08-27 15:23:00,HLMN
11.805,11.805,11.805,11.805,100,2021-08-27 15:24:00,HLMN
11.805,11.81,11.8,11.81,16698,2021-08-27 15:25:00,HLMN
11.8,11.84,11.79,11.84,3088,2021-08-27 15:26:00,HLMN
11.82,11.82,11.81,11.81,800,2021-08-27 15:27:00,HLMN
11.82,11.82,11.81,11.81,300,2021-08-27 15:28:00,HLMN
11.81,11.82,11.81,11.82,200,2021-08-27 15:29:00,HLMN
11.82,11.83,11.82,11.82,2000,2021-08-27 15:31:00,HLMN
11.825,11.825,11.825,11.825,400,2021-08-27 15:32:00,HLMN
11.825,11.825,11.82,11.825,300,2021-08-27 15:33:00,HLMN
11.83,11.83,11.83,11.83,100,2021-08-27 15:34:00,HLMN
11.825,11.825,11.825,11.825,100,2021-08-27 15:35:00,HLMN
11.825,11.825,11.825,11.825,200,2021-08-27 15:36:00,HLMN
11.83,11.85,11.825,11.85,700,2021-08-27 15:37:00,HLMN
11.87,11.9,11.87,11.9,717,2021-08-27 15:38:00,HLMN
11.9,11.9,11.87,11.89,2433,2021-08-27 15:39:00,HLMN
11.885,11.885,11.86,11.86,300,2021-08-27 15:40:00,HLMN
11.84,11.84,11.84,11.84,200,2021-08-27 15:41:00,HLMN
11.86,11.86,11.84,11.86,462,2021-08-27 15:42:00,HLMN
11.84,11.84,11.84,11.84,100,2021-08-27 15:43:00,HLMN
11.88,11.88,11.84,11.84,200,2021-08-27 15:44:00,HLMN
11.86,11.86,11.86,11.86,200,2021-08-27 15:45:00,HLMN
11.87,11.87,11.87,11.87,100,2021-08-27 15:46:00,HLMN
11.86,11.87,11.84,11.86,400,2021-08-27 15:47:00,HLMN
11.86,11.87,11.86,11.87,300,2021-08-27 15:48:00,HLMN
11.87,11.87,11.84,11.87,300,2021-08-27 15:49:00,HLMN
11.87,11.87,11.84,11.84,1000,2021-08-27 15:50:00,HLMN
11.85,11.85,11.84,11.85,500,2021-08-27 15:51:00,HLMN
11.86,11.87,11.86,11.87,804,2021-08-27 15:52:00,HLMN
11.87,11.875,11.86,11.875,400,2021-08-27 15:53:00,HLMN
11.875,11.875,11.86,11.86,400,2021-08-27 15:54:00,HLMN
11.86,11.875,11.86,11.875,2315,2021-08-27 15:55:00,HLMN
11.87,11.87,11.87,11.87,100,2021-08-27 15:58:00,HLMN
11.87,11.87,11.86,11.87,300,2021-08-27 16:00:00,HLMN
11.87,11.875,11.87,11.875,500,2021-08-27 16:01:00,HLMN
11.87,11.88,11.86,11.87,3188,2021-08-27 16:02:00,HLMN
11.87,11.87,11.87,11.87,100,2021-08-27 16:03:00,HLMN
11.87,11.92,11.83,11.905,29213,2021-08-27 16:04:00,HLMN
11.92,12.01,11.92,11.96,7145,2021-08-27 16:05:00,HLMN
11.98,12.0,11.97,11.985,8874,2021-08-27 16:06:00,HLMN
12.0,12.0,11.98,12.0,4000,2021-08-27 16:07:00,HLMN
12.0,12.01,12.0,12.0,1500,2021-08-27 16:08:00,HLMN
12.0,12.01,11.99,12.0,11623,2021-08-27 16:09:00,HLMN
12.0,12.005,11.99,12.005,600,2021-08-27 16:10:00,HLMN
11.98,12.0,11.98,12.0,467,2021-08-27 16:11:00,HLMN
11.98,11.98,11.98,11.98,100,2021-08-27 16:12:00,HLMN
12.005,12.005,12.005,12.005,102,2021-08-27 16:13:00,HLMN
12.005,12.005,12.005,12.005,200,2021-08-27 16:14:00,HLMN
12.005,12.005,12.0,12.0,361,2021-08-27 16:15:00,HLMN
11.98,12.005,11.98,12.005,200,2021-08-27 16:16:00,HLMN
12.005,12.005,12.005,12.005,300,2021-08-27 16:17:00,HLMN
12.01,12.01,12.0,12.01,300,2021-08-27 16:18:00,HLMN
11.98,12.005,11.98,11.98,1000,2021-08-27 16:19:00,HLMN
12.0,12.0,11.98,12.0,2011,2021-08-27 16:20:00,HLMN
12.0,12.01,11.98,12.01,2000,2021-08-27 16:21:00,HLMN
12.0,12.027,11.92,11.96,32000,2021-08-27 16:22:00,HLMN
11.965,11.965,11.96,11.96,200,2021-08-27 16:23:00,HLMN
11.985,12.0,11.985,12.0,2100,2021-08-27 16:24:00,HLMN
11.995,12.005,11.99,11.995,5039,2021-08-27 16:25:00,HLMN
11.995,11.995,11.99,11.995,301,2021-08-27 16:26:00,HLMN
11.995,11.995,11.995,11.995,100,2021-08-27 16:27:00,HLMN
11.99,11.995,11.93,11.965,6294,2021-08-27 16:28:00,HLMN
11.94,11.965,11.94,11.94,1900,2021-08-27 16:29:00,HLMN
11.94,11.967,11.94,11.955,4100,2021-08-27 16:30:00,HLMN
11.94,11.955,11.94,11.94,1000,2021-08-27 16:31:00,HLMN
11.94,11.967,11.94,11.967,4930,2021-08-27 16:32:00,HLMN
11.955,11.967,11.955,11.967,600,2021-08-27 16:33:00,HLMN
11.967,11.967,11.94,11.94,2700,2021-08-27 16:34:00,HLMN
11.94,11.967,11.88,11.93,11725,2021-08-27 16:35:00,HLMN
11.88,11.93,11.88,11.88,5400,2021-08-27 16:36:00,HLMN
11.89,11.965,11.89,11.95,15316,2021-08-27 16:37:00,HLMN
11.965,11.965,11.96,11.96,300,2021-08-27 16:38:00,HLMN
11.965,11.965,11.95,11.95,1982,2021-08-27 16:39:00,HLMN
11.968,11.968,11.95,11.95,5326,2021-08-27 16:40:00,HLMN
11.97,11.97,11.95,11.95,1500,2021-08-27 16:41:00,HLMN
11.95,11.97,11.95,11.95,3200,2021-08-27 16:42:00,HLMN
11.95,11.97,11.95,11.95,2601,2021-08-27 16:43:00,HLMN
11.95,11.97,11.95,11.95,1540,2021-08-27 16:44:00,HLMN
11.95,11.97,11.95,11.95,2100,2021-08-27 16:45:00,HLMN
11.95,11.97,11.89,11.89,14148,2021-08-27 16:46:00,HLMN
11.89,11.915,11.89,11.89,1052,2021-08-27 16:47:00,HLMN
11.89,11.915,11.89,11.9,2918,2021-08-27 16:48:00,HLMN
11.9,11.92,11.9,11.915,2060,2021-08-27 16:49:00,HLMN
11.9,11.95,11.9,11.945,9438,2021-08-27 16:51:00,HLMN
11.945,11.95,11.94,11.94,1300,2021-08-27 16:52:00,HLMN
11.95,11.959,11.945,11.955,8921,2021-08-27 16:53:00,HLMN
11.959,11.96,11.95,11.96,1650,2021-08-27 16:54:00,HLMN
11.955,11.96,11.95,11.955,10200,2021-08-27 16:56:00,HLMN
11.955,11.955,11.95,11.95,3200,2021-08-27 16:57:00,HLMN
11.95,11.959,11.92,11.93,7400,2021-08-27 16:58:00,HLMN
11.938,11.938,11.9,11.9,4458,2021-08-27 16:59:00,HLMN
11.9,11.91,11.9,11.91,3682,2021-08-27 17:00:00,HLMN
11.9,11.91,11.9,11.9,3929,2021-08-27 17:01:00,HLMN
11.9,11.91,11.9,11.9,1900,2021-08-27 17:02:00,HLMN
11.9,11.92,11.9,11.915,2800,2021-08-27 17:03:00,HLMN
11.91,11.915,11.91,11.91,900,2021-08-27 17:04:00,HLMN
11.91,11.91,11.91,11.91,1200,2021-08-27 17:05:00,HLMN
11.91,11.915,11.91,11.91,1200,2021-08-27 17:06:00,HLMN
11.91,11.92,11.91,11.919,6600,2021-08-27 17:07:00,HLMN
11.92,11.92,11.915,11.915,200,2021-08-27 17:08:00,HLMN
11.915,11.915,11.91,11.91,200,2021-08-27 17:09:00,HLMN
11.91,11.929,11.91,11.925,8800,2021-08-27 17:10:00,HLMN
11.925,11.925,11.92,11.92,1377,2021-08-27 17:11:00,HLMN
11.92,11.925,11.92,11.92,2428,2021-08-27 17:12:00,HLMN
11.92,11.93,11.92,11.92,1500,2021-08-27 17:13:00,HLMN
11.92,11.93,11.92,11.92,7926,2021-08-27 17:14:00,HLMN
11.925,11.925,11.92,11.92,700,2021-08-27 17:15:00,HLMN
11.92,11.94,11.92,11.93,5094,2021-08-27 17:16:00,HLMN
11.94,11.95,11.92,11.95,13758,2021-08-27 17:17:00,HLMN
11.96,11.97,11.96,11.965,2600,2021-08-27 17:18:00,HLMN
11.97,11.97,11.97,11.97,200,2021-08-27 17:19:00,HLMN
11.965,11.98,11.96,11.96,2619,2021-08-27 17:20:00,HLMN
11.97,12.0,11.97,11.99,5229,2021-08-27 17:21:00,HLMN
11.995,11.995,11.995,11.995,300,2021-08-27 17:22:00,HLMN
11.995,11.995,11.99,11.995,1200,2021-08-27 17:23:00,HLMN
12.0,12.0,12.0,12.0,300,2021-08-27 17:24:00,HLMN
12.0,12.0,11.995,11.995,200,2021-08-27 17:25:00,HLMN
11.995,12.0,11.99,12.0,455,2021-08-27 17:26:00,HLMN
11.99,11.99,11.99,11.99,100,2021-08-27 17:27:00,HLMN
11.995,12.0,11.99,11.995,8524,2021-08-27 17:28:00,HLMN
11.995,11.995,11.995,11.995,900,2021-08-27 17:29:00,HLMN
11.995,12.0,11.99,11.995,1400,2021-08-27 17:30:00,HLMN
12.0,12.01,11.99,12.0,33733,2021-08-27 17:31:00,HLMN
11.995,11.995,11.99,11.995,5141,2021-08-27 17:32:00,HLMN
11.99,11.99,11.98,11.985,3301,2021-08-27 17:33:00,HLMN
11.98,11.98,11.98,11.98,400,2021-08-27 17:34:00,HLMN
11.99,11.99,11.99,11.99,800,2021-08-27 17:36:00,HLMN
11.99,11.99,11.95,11.977,14627,2021-08-27 17:37:00,HLMN
11.977,11.977,11.95,11.977,4300,2021-08-27 17:38:00,HLMN
11.95,11.98,11.95,11.965,4600,2021-08-27 17:39:00,HLMN
11.965,11.965,11.95,11.95,2300,2021-08-27 17:40:00,HLMN
11.965,11.977,11.95,11.95,9045,2021-08-27 17:41:00,HLMN
11.96,11.96,11.95,11.96,1800,2021-08-27 17:42:00,HLMN
11.97,11.97,11.95,11.95,3700,2021-08-27 17:43:00,HLMN
11.95,11.97,11.95,11.96,2900,2021-08-27 17:44:00,HLMN
11.95,11.97,11.95,11.97,1800,2021-08-27 17:45:00,HLMN
11.95,11.97,11.95,11.97,1100,2021-08-27 17:46:00,HLMN
11.95,11.99,11.95,11.989,8905,2021-08-27 17:47:00,HLMN
11.99,12.01,11.985,12.005,28525,2021-08-27 17:48:00,HLMN
12.0,12.005,12.0,12.0,1706,2021-08-27 17:49:00,HLMN
12.005,12.005,12.0,12.0,7665,2021-08-27 17:50:00,HLMN
12.0,12.005,11.96,11.98,15620,2021-08-27 17:51:00,HLMN
11.9988,12.0,11.96,12.0,4800,2021-08-27 17:52:00,HLMN
11.98,11.99,11.98,11.99,400,2021-08-27 17:53:00,HLMN
11.98,11.98,11.98,11.98,1500,2021-08-27 17:54:00,HLMN
11.98,11.99,11.98,11.98,5020,2021-08-27 17:55:00,HLMN
11.98,11.99,11.98,11.99,1100,2021-08-27 17:56:00,HLMN
11.98,12.0,11.98,11.98,1200,2021-08-27 17:57:00,HLMN
11.98,12.0,11.98,12.0,1300,2021-08-27 17:58:00,HLMN
11.98,12.0,11.98,12.0,1700,2021-08-27 17:59:00,HLMN
11.99,12.0,11.98,12.0,2772,2021-08-27 18:00:00,HLMN
11.99,12.0,11.98,11.99,1900,2021-08-27 18:01:00,HLMN
11.98,12.0,11.98,11.99,3900,2021-08-27 18:02:00,HLMN
11.99,12.0,11.98,11.98,1700,2021-08-27 18:03:00,HLMN
11.99,12.0,11.98,11.98,2100,2021-08-27 18:04:00,HLMN
11.99,12.0,11.98,11.98,1600,2021-08-27 18:05:00,HLMN
11.98,12.0,11.98,11.98,9674,2021-08-27 18:06:00,HLMN
11.98,12.0,11.98,12.0,2400,2021-08-27 18:07:00,HLMN
11.98,12.0,11.98,11.98,2000,2021-08-27 18:08:00,HLMN
11.99,12.0,11.98,11.98,3700,2021-08-27 18:09:00,HLMN
12.0,12.0,11.98,11.99,3200,2021-08-27 18:10:00,HLMN
11.98,12.005,11.98,11.995,7163,2021-08-27 18:11:00,HLMN
11.99,12.0,11.99,12.0,500,2021-08-27 18:12:00,HLMN
11.995,12.15,11.995,12.15,29988,2021-08-27 18:13:00,HLMN
12.14,12.14,12.01,12.01,20466,2021-08-27 18:14:00,HLMN
12.01,12.04,12.0,12.025,4367,2021-08-27 18:15:00,HLMN
12.02,12.02,11.99,11.99,197745,2021-08-27 18:16:00,HLMN
12.01,12.01,12.01,12.01,1000,2021-08-27 18:17:00,HLMN
12.01,12.025,12.0,12.02,2400,2021-08-27 18:18:00,HLMN
12.03,12.03,11.98,12.01,291827,2021-08-27 18:19:00,HLMN
12.01,12.01,12.01,12.01,500,2021-08-27 18:20:00,HLMN
12.005,12.005,12.005,12.005,100,2021-08-27 18:21:00,HLMN
12.01,12.01,12.0,12.01,2000,2021-08-27 18:22:00,HLMN
12.0,12.01,12.0,12.01,400,2021-08-27 18:23:00,HLMN
12.01,12.02,12.0,12.0,2437,2021-08-27 18:24:00,HLMN
12.02,12.02,12.01,12.01,3500,2021-08-27 18:25:00,HLMN
12.01,12.02,12.01,12.01,1400,2021-08-27 18:26:00,HLMN
12.01,12.02,12.01,12.015,6093,2021-08-27 18:27:00,HLMN
12.01,12.02,12.01,12.02,2052,2021-08-27 18:28:00,HLMN
12.01,12.015,12.01,12.01,1399,2021-08-27 18:29:00,HLMN
12.01,12.015,12.0,12.0,5949,2021-08-27 18:30:00,HLMN
12.0,12.01,12.0,12.01,2248,2021-08-27 18:31:00,HLMN
12.01,12.015,12.0,12.015,2700,2021-08-27 18:32:00,HLMN
12.01,12.02,12.01,12.015,1006,2021-08-27 18:33:00,HLMN
12.02,12.02,12.0184,12.0184,306,2021-08-27 18:34:00,HLMN
12.015,12.02,12.015,12.015,3620,2021-08-27 18:35:00,HLMN
12.01,12.015,12.01,12.01,1306,2021-08-27 18:36:00,HLMN
12.01,12.015,12.01,12.01,900,2021-08-27 18:37:00,HLMN
12.015,12.02,12.01,12.01,2000,2021-08-27 18:38:00,HLMN
12.01,12.02,12.01,12.01,1300,2021-08-27 18:39:00,HLMN
12.015,12.015,11.98,12.008,3627,2021-08-27 18:40:00,HLMN
12.008,12.01,11.98,11.98,5700,2021-08-27 18:41:00,HLMN
11.98,11.99,11.93,11.935,11033,2021-08-27 18:42:00,HLMN
11.935,11.94,11.93,11.93,4600,2021-08-27 18:43:00,HLMN
11.93,11.94,11.93,11.93,1300,2021-08-27 18:44:00,HLMN
11.93,11.935,11.84,11.87,15759,2021-08-27 18:45:00,HLMN
11.86,11.895,11.84,11.895,6611,2021-08-27 18:46:00,HLMN
11.907,11.907,11.907,11.907,200,2021-08-27 18:47:00,HLMN
11.9,11.9,11.89,11.9,4710,2021-08-27 18:48:00,HLMN
11.908,11.908,11.9,11.9,1600,2021-08-27 18:49:00,HLMN
11.908,11.91,11.89,11.89,3054,2021-08-27 18:50:00,HLMN
11.89,11.89,11.86,11.86,3718,2021-08-27 18:51:00,HLMN
11.86,11.865,11.86,11.86,500,2021-08-27 18:52:00,HLMN
11.87,11.885,11.86,11.885,5331,2021-08-27 18:53:00,HLMN
11.88,11.88,11.85,11.85,6700,2021-08-27 18:54:00,HLMN
11.86,11.86,11.85,11.86,4876,2021-08-27 18:55:00,HLMN
11.869,11.87,11.86,11.865,3754,2021-08-27 18:56:00,HLMN
11.865,11.87,11.86,11.865,10286,2021-08-27 18:57:00,HLMN
11.865,11.87,11.86,11.87,10807,2021-08-27 18:58:00,HLMN
11.865,11.93,11.865,11.92,13636,2021-08-27 18:59:00,HLMN
11.93,11.93,11.9,11.9,4404,2021-08-27 19:00:00,HLMN
11.9,11.915,11.9,11.9,600,2021-08-27 19:01:00,HLMN
11.91,11.92,11.91,11.915,1651,2021-08-27 19:02:00,HLMN
11.92,11.93,11.92,11.93,3227,2021-08-27 19:03:00,HLMN
11.93,11.99,11.925,11.99,2552,2021-08-27 19:04:00,HLMN
11.99,11.99,11.98,11.98,1100,2021-08-27 19:05:00,HLMN
11.98,11.99,11.97,11.975,1881,2021-08-27 19:06:00,HLMN
11.98,11.99,11.975,11.99,1460,2021-08-27 19:07:00,HLMN
11.98,11.99,11.98,11.985,1500,2021-08-27 19:08:00,HLMN
11.98,11.985,11.9725,11.985,4752,2021-08-27 19:09:00,HLMN
11.99,11.99,11.985,11.985,2400,2021-08-27 19:10:00,HLMN
11.99,11.99,11.99,11.99,899,2021-08-27 19:11:00,HLMN
11.99,11.99,11.99,11.99,1433,2021-08-27 19:12:00,HLMN
11.99,12.01,11.99,11.99,7204,2021-08-27 19:13:00,HLMN
11.985,11.985,11.95,11.95,3164,2021-08-27 19:14:00,HLMN
11.94,11.95,11.93,11.93,1200,2021-08-27 19:15:00,HLMN
11.93,11.94,11.93,11.94,2021,2021-08-27 19:16:00,HLMN
11.935,11.935,11.935,11.935,300,2021-08-27 19:17:00,HLMN
11.94,11.94,11.935,11.94,2100,2021-08-27 19:18:00,HLMN
11.94,11.94,11.94,11.94,1387,2021-08-27 19:19:00,HLMN
11.94,11.96,11.935,11.96,2020,2021-08-27 19:20:00,HLMN
11.96,11.97,11.955,11.97,2642,2021-08-27 19:21:00,HLMN
11.97,11.97,11.96,11.97,1610,2021-08-27 19:22:00,HLMN
11.97,12.0,11.97,12.0,2336,2021-08-27 19:23:00,HLMN
12.0,12.0,11.99,12.0,1947,2021-08-27 19:24:00,HLMN
11.995,12.0,11.995,12.0,1800,2021-08-27 19:25:00,HLMN
12.0,12.0,11.995,12.0,1656,2021-08-27 19:26:00,HLMN
11.995,12.0,11.995,12.0,1000,2021-08-27 19:27:00,HLMN
12.0,12.0,11.995,12.0,2177,2021-08-27 19:28:00,HLMN
12.0,12.0,11.98,11.99,6637,2021-08-27 19:29:00,HLMN
11.985,11.99,11.985,11.985,1100,2021-08-27 19:30:00,HLMN
11.985,11.985,11.95,11.96,5956,2021-08-27 19:31:00,HLMN
11.93,11.95,11.93,11.95,3838,2021-08-27 19:32:00,HLMN
11.94,11.945,11.94,11.945,800,2021-08-27 19:33:00,HLMN
11.945,11.945,11.945,11.945,600,2021-08-27 19:34:00,HLMN
11.9425,11.95,11.94,11.95,3375,2021-08-27 19:35:00,HLMN
11.94,11.95,11.94,11.945,14046,2021-08-27 19:36:00,HLMN
11.945,11.95,11.94,11.95,2600,2021-08-27 19:37:00,HLMN
11.95,11.95,11.94,11.95,3809,2021-08-27 19:38:00,HLMN
11.945,11.99,11.945,11.99,4225,2021-08-27 19:39:00,HLMN
11.98,12.0,11.975,11.975,6245,2021-08-27 19:40:00,HLMN
11.98,11.98,11.97,11.97,3927,2021-08-27 19:41:00,HLMN
11.97,11.97,11.9,11.91,8674,2021-08-27 19:42:00,HLMN
11.9,11.915,11.9,11.91,2738,2021-08-27 19:43:00,HLMN
11.91,11.92,11.91,11.915,3600,2021-08-27 19:44:00,HLMN
11.91,11.92,11.91,11.91,800,2021-08-27 19:45:00,HLMN
11.91,11.915,11.905,11.905,6251,2021-08-27 19:46:00,HLMN
11.9,11.91,11.895,11.91,4982,2021-08-27 19:47:00,HLMN
11.905,11.91,11.9,11.905,50519,2021-08-27 19:48:00,HLMN
11.905,11.905,11.9,11.9,2000,2021-08-27 19:49:00,HLMN
11.9,11.905,11.87,11.885,7875,2021-08-27 19:50:00,HLMN
11.885,11.9,11.87,11.88,6795,2021-08-27 19:51:00,HLMN
11.88,11.89,11.88,11.89,1498,2021-08-27 19:52:00,HLMN
11.88,11.9,11.88,11.9,4453,2021-08-27 19:53:00,HLMN
11.89,11.94,11.89,11.925,10394,2021-08-27 19:54:00,HLMN
11.91,11.93,11.89,11.89,3998,2021-08-27 19:55:00,HLMN
11.9,11.9,11.86,11.86,5968,2021-08-27 19:56:00,HLMN
11.86,11.88,11.84,11.88,18328,2021-08-27 19:57:00,HLMN
11.88,11.88,11.85,11.86,4800,2021-08-27 19:58:00,HLMN
11.88,11.88,11.81,11.81,63681,2021-08-27 19:59:00,HLMN
11.84,11.85,11.82,11.85,10883,2021-08-27 20:00:00,HLMN
11.85,12.08,11.85,11.985,15156,2021-08-30 13:30:00,HLMN
11.98,11.98,11.98,11.98,100,2021-08-30 13:31:00,HLMN
11.89,11.92,11.75,11.77,19007,2021-08-30 13:32:00,HLMN
11.76,11.77,11.64,11.685,9666,2021-08-30 13:33:00,HLMN
11.65,11.74,11.65,11.7,2372,2021-08-30 13:34:00,HLMN
11.72,11.76,11.7,11.76,9200,2021-08-30 13:35:00,HLMN
11.755,11.795,11.74,11.75,8684,2021-08-30 13:36:00,HLMN
11.75,11.83,11.75,11.75,2400,2021-08-30 13:37:00,HLMN
11.8,11.84,11.75,11.795,2700,2021-08-30 13:38:00,HLMN
11.76,11.85,11.75,11.825,8761,2021-08-30 13:39:00,HLMN
11.825,11.825,11.825,11.825,100,2021-08-30 13:40:00,HLMN
11.81,11.84,11.81,11.82,2200,2021-08-30 13:41:00,HLMN
11.83,11.83,11.81,11.81,14931,2021-08-30 13:42:00,HLMN
11.81,11.815,11.75,11.75,3886,2021-08-30 13:43:00,HLMN
11.75,11.75,11.71,11.72,10150,2021-08-30 13:44:00,HLMN
11.72,11.81,11.72,11.78,6601,2021-08-30 13:45:00,HLMN
11.75,11.775,11.74,11.75,6806,2021-08-30 13:46:00,HLMN
11.75,11.755,11.73,11.745,6834,2021-08-30 13:47:00,HLMN
11.745,11.745,11.7,11.71,27596,2021-08-30 13:48:00,HLMN
11.7,11.71,11.62,11.63,16667,2021-08-30 13:49:00,HLMN
11.63,11.63,11.59,11.62,3779,2021-08-30 13:50:00,HLMN
11.6,11.7,11.6,11.7,9187,2021-08-30 13:51:00,HLMN
11.67,11.685,11.65,11.685,3798,2021-08-30 13:52:00,HLMN
11.7,11.75,11.7,11.7,13839,2021-08-30 13:53:00,HLMN
11.7,11.715,11.68,11.69,4644,2021-08-30 13:54:00,HLMN
11.69,11.69,11.67,11.675,2236,2021-08-30 13:55:00,HLMN
11.675,11.7,11.66,11.69,3051,2021-08-30 13:56:00,HLMN
11.68,11.75,11.68,11.75,11776,2021-08-30 13:57:00,HLMN
11.73,11.75,11.72,11.75,510,2021-08-30 13:58:00,HLMN
11.73,11.75,11.72,11.75,3200,2021-08-30 13:59:00,HLMN
11.75,11.75,11.73,11.745,8713,2021-08-30 14:00:00,HLMN
11.75,11.75,11.745,11.745,4038,2021-08-30 14:01:00,HLMN
11.75,11.785,11.74,11.7825,8526,2021-08-30 14:02:00,HLMN
11.78,11.79,11.77,11.78,3492,2021-08-30 14:03:00,HLMN
11.78,11.79,11.77,11.785,4600,2021-08-30 14:04:00,HLMN
11.78,11.79,11.78,11.785,5089,2021-08-30 14:05:00,HLMN
11.79,11.8,11.785,11.8,7996,2021-08-30 14:06:00,HLMN
11.8,11.805,11.79,11.805,7857,2021-08-30 14:07:00,HLMN
11.8,11.805,11.75,11.76,12902,2021-08-30 14:08:00,HLMN
11.75,11.76,11.75,11.75,2000,2021-08-30 14:09:00,HLMN
11.74,11.765,11.74,11.765,1901,2021-08-30 14:10:00,HLMN
11.75,11.765,11.75,11.75,1700,2021-08-30 14:11:00,HLMN
11.76,11.8,11.755,11.8,6851,2021-08-30 14:12:00,HLMN
11.78,11.8,11.75,11.755,8280,2021-08-30 14:13:00,HLMN
11.75,11.76,11.72,11.73,5424,2021-08-30 14:14:00,HLMN
11.74,11.76,11.72,11.75,8446,2021-08-30 14:15:00,HLMN
11.75,11.755,11.75,11.75,2000,2021-08-30 14:16:00,HLMN
11.75,11.755,11.75,11.75,2100,2021-08-30 14:17:00,HLMN
11.75,11.76,11.75,11.75,5654,2021-08-30 14:18:00,HLMN
11.75,11.755,11.66,11.675,20821,2021-08-30 14:19:00,HLMN
11.675,11.69,11.65,11.65,4372,2021-08-30 14:20:00,HLMN
11.66,11.69,11.65,11.66,7951,2021-08-30 14:21:00,HLMN
11.66,11.74,11.66,11.69,11445,2021-08-30 14:22:00,HLMN
11.68,11.71,11.68,11.71,400,2021-08-30 14:23:00,HLMN
11.715,11.75,11.6974,11.75,14616,2021-08-30 14:24:00,HLMN
11.75,11.76,11.74,11.75,6488,2021-08-30 14:25:00,HLMN
11.78,11.78,11.78,11.78,200,2021-08-30 14:26:00,HLMN
11.78,11.8,11.78,11.79,10740,2021-08-30 14:27:00,HLMN
11.8,11.8,11.78,11.78,4912,2021-08-30 14:28:00,HLMN
11.8,11.8,11.78,11.78,3158,2021-08-30 14:29:00,HLMN
11.79,11.8,11.78,11.795,2857,2021-08-30 14:30:00,HLMN
11.795,11.8,11.78,11.78,3665,2021-08-30 14:31:00,HLMN
11.79,11.795,11.78,11.79,3747,2021-08-30 14:32:00,HLMN
11.79,11.85,11.74,11.8,353320,2021-08-30 14:33:00,HLMN
11.8,11.8,11.74,11.78,307756,2021-08-30 14:34:00,HLMN
11.75,11.78,11.75,11.775,400,2021-08-30 14:35:00,HLMN
11.775,11.8,11.75,11.77,5434,2021-08-30 14:36:00,HLMN
11.78,11.78,11.76,11.78,2953,2021-08-30 14:37:00,HLMN
11.78,11.83,11.76,11.83,11828,2021-08-30 14:38:00,HLMN
11.83,11.83,11.81,11.82,6123,2021-08-30 14:39:00,HLMN
11.82,11.83,11.73,11.77,11848,2021-08-30 14:40:00,HLMN
11.75,11.77,11.7,11.72,3663,2021-08-30 14:41:00,HLMN
11.72,11.78,11.72,11.77,12300,2021-08-30 14:42:00,HLMN
11.77,11.81,11.77,11.79,3273,2021-08-30 14:43:00,HLMN
11.8,11.825,11.8,11.825,4938,2021-08-30 14:44:00,HLMN
11.82,11.82,11.79,11.79,7581,2021-08-30 14:45:00,HLMN
11.78,11.81,11.71,11.74,6983,2021-08-30 14:46:00,HLMN
11.75,11.77,11.73,11.75,4638,2021-08-30 14:47:00,HLMN
11.75,11.77,11.75,11.75,3469,2021-08-30 14:48:00,HLMN
11.76,11.78,11.76,11.775,2550,2021-08-30 14:49:00,HLMN
11.775,11.775,11.77,11.775,1870,2021-08-30 14:50:00,HLMN
11.775,11.775,11.76,11.77,3600,2021-08-30 14:51:00,HLMN
11.78,11.78,11.75,11.75,5952,2021-08-30 14:52:00,HLMN
11.76,11.8,11.76,11.8,65335,2021-08-30 14:53:00,HLMN
11.8,11.815,11.79,11.81,3069,2021-08-30 14:54:00,HLMN
11.81,11.83,11.8,11.81,4347,2021-08-30 14:55:00,HLMN
11.81,11.81,11.79,11.81,2783,2021-08-30 14:56:00,HLMN
11.81,11.81,11.79,11.81,4721,2021-08-30 14:57:00,HLMN
11.81,11.83,11.81,11.83,7648,2021-08-30 14:58:00,HLMN
11.83,11.84,11.82,11.84,2779,2021-08-30 14:59:00,HLMN
11.85,11.85,11.83,11.85,31436,2021-08-30 15:00:00,HLMN
11.85,11.85,11.84,11.8425,5485,2021-08-30 15:01:00,HLMN
11.84,11.85,11.84,11.84,2165,2021-08-30 15:02:00,HLMN
11.845,11.85,11.84,11.85,11016,2021-08-30 15:03:00,HLMN
11.85,11.85,11.84,11.84,11768,2021-08-30 15:04:00,HLMN
11.845,11.85,11.84,11.845,3368,2021-08-30 15:05:00,HLMN
11.845,11.85,11.84,11.85,6265,2021-08-30 15:06:00,HLMN
11.845,11.85,11.84,11.85,5797,2021-08-30 15:07:00,HLMN
11.85,11.85,11.84,11.845,4637,2021-08-30 15:08:00,HLMN
11.85,11.85,11.84,11.845,13367,2021-08-30 15:09:00,HLMN
11.85,11.85,11.84,11.845,5199,2021-08-30 15:10:00,HLMN
11.85,11.89,11.84,11.88,28608,2021-08-30 15:11:00,HLMN
11.89,11.895,11.88,11.88,5639,2021-08-30 15:12:00,HLMN
11.89,11.89,11.88,11.88,12221,2021-08-30 15:13:00,HLMN
11.88,11.88,11.79,11.79,21357,2021-08-30 15:14:00,HLMN
11.79,11.83,11.79,11.8,6631,2021-08-30 15:15:00,HLMN
11.81,11.84,11.8,11.84,8039,2021-08-30 15:16:00,HLMN
11.84,11.86,11.82,11.84,7037,2021-08-30 15:17:00,HLMN
11.845,11.85,11.845,11.85,200,2021-08-30 15:18:00,HLMN
11.85,11.85,11.845,11.85,5860,2021-08-30 15:19:00,HLMN
11.845,11.845,11.83,11.835,6922,2021-08-30 15:20:00,HLMN
11.84,11.84,11.835,11.835,2813,2021-08-30 15:21:00,HLMN
11.83,11.84,11.83,11.835,4948,2021-08-30 15:22:00,HLMN
11.835,11.85,11.835,11.845,2535,2021-08-30 15:23:00,HLMN
11.845,11.85,11.84,11.84,812,2021-08-30 15:24:00,HLMN
11.84,11.855,11.84,11.845,14266,2021-08-30 15:25:00,HLMN
11.85,11.85,11.84,11.845,3782,2021-08-30 15:26:00,HLMN
11.845,11.845,11.84,11.845,3262,2021-08-30 15:27:00,HLMN
11.845,11.85,11.8,11.8,31840,2021-08-30 15:28:00,HLMN
11.809,11.809,11.79,11.79,7130,2021-08-30 15:29:00,HLMN
11.79,11.8017,11.79,11.79,4329,2021-08-30 15:30:00,HLMN
11.79,11.8,11.75,11.755,8023,2021-08-30 15:31:00,HLMN
11.755,11.76,11.75,11.76,2400,2021-08-30 15:32:00,HLMN
11.76,11.79,11.76,11.79,8177,2021-08-30 15:33:00,HLMN
11.79,11.84,11.78,11.84,8620,2021-08-30 15:34:00,HLMN
11.81,11.825,11.81,11.81,2164,2021-08-30 15:35:00,HLMN
11.81,11.825,11.81,11.825,1453,2021-08-30 15:36:00,HLMN
11.84,11.84,11.795,11.795,16089,2021-08-30 15:37:00,HLMN
11.795,11.795,11.78,11.78,800,2021-08-30 15:38:00,HLMN
11.795,11.795,11.78,11.78,1558,2021-08-30 15:39:00,HLMN
11.795,11.795,11.76,11.78,4519,2021-08-30 15:40:00,HLMN
11.77,11.77,11.75,11.755,3610,2021-08-30 15:41:00,HLMN
11.75,11.78,11.75,11.76,2954,2021-08-30 15:42:00,HLMN
11.77,11.785,11.76,11.77,7268,2021-08-30 15:43:00,HLMN
11.77,11.79,11.77,11.785,8009,2021-08-30 15:44:00,HLMN
11.78,11.79,11.78,11.785,5299,2021-08-30 15:45:00,HLMN
11.785,11.79,11.77,11.77,6034,2021-08-30 15:46:00,HLMN
11.785,11.785,11.78,11.78,2587,2021-08-30 15:47:00,HLMN
11.78,11.79,11.77,11.77,3835,2021-08-30 15:48:00,HLMN
11.79,11.79,11.77,11.785,7032,2021-08-30 15:49:00,HLMN
11.785,11.785,11.78,11.785,2130,2021-08-30 15:50:00,HLMN
11.785,11.79,11.78,11.79,6265,2021-08-30 15:51:00,HLMN
11.79,11.8,11.78,11.8,8605,2021-08-30 15:52:00,HLMN
11.8,11.83,11.8,11.825,4616,2021-08-30 15:53:00,HLMN
11.81,11.84,11.81,11.84,7630,2021-08-30 15:54:00,HLMN
11.84,11.85,11.84,11.85,4950,2021-08-30 15:55:00,HLMN
11.85,11.85,11.845,11.845,5675,2021-08-30 15:56:00,HLMN
11.845,11.85,11.84,11.845,4470,2021-08-30 15:57:00,HLMN
11.845,11.85,11.84,11.845,5997,2021-08-30 15:58:00,HLMN
11.845,11.85,11.84,11.845,5799,2021-08-30 15:59:00,HLMN
11.845,11.85,11.84,11.85,4945,2021-08-30 16:00:00,HLMN
11.85,11.85,11.84,11.845,5652,2021-08-30 16:01:00,HLMN
11.84,11.85,11.84,11.845,5597,2021-08-30 16:02:00,HLMN
11.845,11.85,11.84,11.84,4052,2021-08-30 16:03:00,HLMN
11.845,11.855,11.84,11.85,10348,2021-08-30 16:04:00,HLMN
11.84,11.85,11.84,11.84,2280,2021-08-30 16:05:00,HLMN
11.845,11.85,11.84,11.845,5265,2021-08-30 16:06:00,HLMN
11.845,11.85,11.84,11.845,4460,2021-08-30 16:07:00,HLMN
11.845,11.85,11.84,11.845,3576,2021-08-30 16:08:00,HLMN
11.845,11.85,11.78,11.795,27967,2021-08-30 16:09:00,HLMN
11.795,11.8,11.75,11.75,6509,2021-08-30 16:10:00,HLMN
11.765,11.765,11.75,11.765,6648,2021-08-30 16:11:00,HLMN
11.765,11.78,11.75,11.76,8893,2021-08-30 16:12:00,HLMN
11.77,11.78,11.76,11.775,8802,2021-08-30 16:13:00,HLMN
11.78,11.785,11.77,11.7825,4527,2021-08-30 16:14:00,HLMN
11.785,11.8,11.78,11.795,8080,2021-08-30 16:15:00,HLMN
11.8,11.83,11.8,11.81,5977,2021-08-30 16:16:00,HLMN
11.83,11.83,11.82,11.825,5188,2021-08-30 16:17:00,HLMN
11.82,11.825,11.82,11.825,3368,2021-08-30 16:18:00,HLMN
11.83,11.83,11.79,11.8,18430,2021-08-30 16:19:00,HLMN
11.805,11.81,11.8,11.8,3980,2021-08-30 16:20:00,HLMN
11.81,11.81,11.8,11.805,4250,2021-08-30 16:21:00,HLMN
11.8,11.81,11.8,11.805,3236,2021-08-30 16:22:00,HLMN
11.81,11.82,11.81,11.815,7931,2021-08-30 16:23:00,HLMN
11.815,11.82,11.81,11.81,6226,2021-08-30 16:24:00,HLMN
11.82,11.825,11.82,11.825,5400,2021-08-30 16:25:00,HLMN
11.83,11.83,11.82,11.825,6224,2021-08-30 16:26:00,HLMN
11.825,11.83,11.82,11.83,7990,2021-08-30 16:27:00,HLMN
11.83,11.83,11.82,11.83,3718,2021-08-30 16:28:00,HLMN
11.83,11.84,11.83,11.835,7263,2021-08-30 16:29:00,HLMN
11.83,11.84,11.83,11.835,6981,2021-08-30 16:30:00,HLMN
11.84,11.84,11.83,11.835,4365,2021-08-30 16:31:00,HLMN
11.835,11.84,11.83,11.835,4718,2021-08-30 16:32:00,HLMN
11.84,11.84,11.83,11.84,4709,2021-08-30 16:33:00,HLMN
11.84,11.84,11.83,11.84,5643,2021-08-30 16:34:00,HLMN
11.84,11.84,11.83,11.835,7589,2021-08-30 16:35:00,HLMN
11.83,11.84,11.82,11.82,17700,2021-08-30 16:36:00,HLMN
11.82,11.84,11.82,11.835,5415,2021-08-30 16:37:00,HLMN
11.835,11.85,11.835,11.85,15888,2021-08-30 16:38:00,HLMN
11.85,11.86,11.84,11.85,33560,2021-08-30 16:39:00,HLMN
11.84,11.85,11.84,11.85,8852,2021-08-30 16:40:00,HLMN
11.85,11.855,11.84,11.85,13713,2021-08-30 16:41:00,HLMN
11.85,11.855,11.84,11.85,10381,2021-08-30 16:42:00,HLMN
11.85,11.85,11.84,11.85,18476,2021-08-30 16:43:00,HLMN
11.85,11.86,11.84,11.85,12129,2021-08-30 16:44:00,HLMN
11.845,11.85,11.84,11.85,22472,2021-08-30 16:45:00,HLMN
11.855,11.86,11.85,11.85,5657,2021-08-30 16:46:00,HLMN
11.855,11.86,11.85,11.855,5848,2021-08-30 16:47:00,HLMN
11.85,11.86,11.85,11.85,3426,2021-08-30 16:48:00,HLMN
11.855,11.86,11.85,11.855,4076,2021-08-30 16:49:00,HLMN
11.855,11.86,11.85,11.855,11302,2021-08-30 16:50:00,HLMN
11.86,11.86,11.85,11.85,4163,2021-08-30 16:51:00,HLMN
11.85,11.855,11.85,11.855,7376,2021-08-30 16:52:00,HLMN
11.8599,11.86,11.85,11.85,6820,2021-08-30 16:53:00,HLMN
11.85,11.86,11.85,11.855,4093,2021-08-30 16:54:00,HLMN
11.85,11.855,11.85,11.855,6226,2021-08-30 16:55:00,HLMN
11.855,11.86,11.85,11.855,11265,2021-08-30 16:56:00,HLMN
11.855,11.855,11.85,11.855,10184,2021-08-30 16:57:00,HLMN
11.855,11.855,11.85,11.85,4369,2021-08-30 16:58:00,HLMN
11.86,11.86,11.85,11.85,11187,2021-08-30 16:59:00,HLMN
11.85,11.86,11.85,11.86,4836,2021-08-30 17:00:00,HLMN
11.86,11.86,11.85,11.86,4390,2021-08-30 17:01:00,HLMN
11.86,11.86,11.85,11.86,6633,2021-08-30 17:02:00,HLMN
11.855,11.86,11.85,11.86,34197,2021-08-30 17:03:00,HLMN
11.86,11.86,11.85,11.855,33001,2021-08-30 17:04:00,HLMN
11.855,11.855,11.85,11.855,9325,2021-08-30 17:05:00,HLMN
11.85,11.86,11.85,11.855,6037,2021-08-30 17:06:00,HLMN
11.85,11.855,11.85,11.85,6864,2021-08-30 17:07:00,HLMN
11.85,11.86,11.81,11.82,37955,2021-08-30 17:08:00,HLMN
11.815,11.83,11.81,11.82,7681,2021-08-30 17:09:00,HLMN
11.83,11.83,11.82,11.825,4644,2021-08-30 17:10:00,HLMN
11.83,11.83,11.82,11.825,8108,2021-08-30 17:11:00,HLMN
11.82,11.84,11.81,11.83,10363,2021-08-30 17:12:00,HLMN
11.835,11.85,11.83,11.85,6963,2021-08-30 17:13:00,HLMN
11.85,11.86,11.84,11.85,12587,2021-08-30 17:14:00,HLMN
11.85,11.85,11.83,11.845,3235,2021-08-30 17:15:00,HLMN
11.85,11.85,11.84,11.845,2568,2021-08-30 17:16:00,HLMN
11.845,11.85,11.84,11.84,5812,2021-08-30 17:17:00,HLMN
11.845,11.855,11.845,11.855,5831,2021-08-30 17:18:00,HLMN
11.855,11.86,11.85,11.855,2699,2021-08-30 17:19:00,HLMN
11.855,11.86,11.85,11.85,6484,2021-08-30 17:20:00,HLMN
11.855,11.855,11.85,11.855,4290,2021-08-30 17:21:00,HLMN
11.855,11.855,11.85,11.85,4195,2021-08-30 17:22:00,HLMN
11.85,11.86,11.85,11.85,4792,2021-08-30 17:23:00,HLMN
11.85,11.86,11.85,11.855,6065,2021-08-30 17:24:00,HLMN
11.86,11.86,11.85,11.855,4895,2021-08-30 17:25:00,HLMN
11.855,11.86,11.85,11.85,6838,2021-08-30 17:26:00,HLMN
11.85,11.855,11.85,11.85,5444,2021-08-30 17:27:00,HLMN
11.855,11.86,11.85,11.855,5476,2021-08-30 17:28:00,HLMN
11.855,11.86,11.85,11.855,7465,2021-08-30 17:29:00,HLMN
11.85,11.86,11.85,11.85,3506,2021-08-30 17:30:00,HLMN
11.855,11.86,11.85,11.855,8508,2021-08-30 17:31:00,HLMN
11.85,11.86,11.85,11.86,7176,2021-08-30 17:32:00,HLMN
11.85,11.855,11.85,11.85,2888,2021-08-30 17:33:00,HLMN
11.855,11.855,11.79,11.79,30181,2021-08-30 17:34:00,HLMN
11.795,11.84,11.79,11.82,15603,2021-08-30 17:35:00,HLMN
11.825,11.825,11.81,11.81,4060,2021-08-30 17:36:00,HLMN
11.82,11.82,11.81,11.815,2646,2021-08-30 17:37:00,HLMN
11.815,11.82,11.8,11.8,6461,2021-08-30 17:38:00,HLMN
11.81,11.82,11.8,11.805,4216,2021-08-30 17:39:00,HLMN
11.805,11.815,11.8,11.8,4772,2021-08-30 17:40:00,HLMN
11.81,11.85,11.81,11.83,11244,2021-08-30 17:41:00,HLMN
11.83,11.85,11.82,11.85,6313,2021-08-30 17:42:00,HLMN
11.85,11.85,11.83,11.835,4912,2021-08-30 17:43:00,HLMN
11.84,11.84,11.83,11.84,5243,2021-08-30 17:44:00,HLMN
11.84,11.845,11.83,11.845,3700,2021-08-30 17:45:00,HLMN
11.85,11.85,11.84,11.84,2683,2021-08-30 17:46:00,HLMN
11.845,11.86,11.84,11.85,8379,2021-08-30 17:47:00,HLMN
11.85,11.85,11.84,11.85,3265,2021-08-30 17:48:00,HLMN
11.85,11.85,11.84,11.85,2871,2021-08-30 17:49:00,HLMN
11.84,11.855,11.84,11.845,11751,2021-08-30 17:50:00,HLMN
11.85,11.85,11.84,11.85,2391,2021-08-30 17:51:00,HLMN
11.845,11.85,11.84,11.845,3892,2021-08-30 17:52:00,HLMN
11.845,11.855,11.84,11.845,9630,2021-08-30 17:53:00,HLMN
11.85,11.85,11.84,11.85,2654,2021-08-30 17:54:00,HLMN
11.84,11.85,11.84,11.845,5082,2021-08-30 17:55:00,HLMN
11.845,11.86,11.84,11.855,17210,2021-08-30 17:56:00,HLMN
11.855,11.855,11.85,11.855,2400,2021-08-30 17:57:00,HLMN
11.855,11.855,11.85,11.855,2400,2021-08-30 17:58:00,HLMN
11.855,11.86,11.85,11.86,3802,2021-08-30 17:59:00,HLMN
11.86,11.86,11.85,11.855,5700,2021-08-30 18:00:00,HLMN
11.85,11.855,11.85,11.85,7759,2021-08-30 18:01:00,HLMN
11.85,11.86,11.85,11.855,3536,2021-08-30 18:02:00,HLMN
11.85,11.86,11.85,11.85,5903,2021-08-30 18:03:00,HLMN
11.85,11.855,11.85,11.85,2700,2021-08-30 18:04:00,HLMN
11.855,11.855,11.83,11.83,12833,2021-08-30 18:05:00,HLMN
11.83,11.85,11.77,11.77,11098,2021-08-30 18:06:00,HLMN
11.77,11.81,11.77,11.8,11044,2021-08-30 18:07:00,HLMN
11.815,11.82,11.8,11.8,2781,2021-08-30 18:08:00,HLMN
11.81,11.82,11.8,11.81,3789,2021-08-30 18:09:00,HLMN
11.8,11.82,11.8,11.815,5649,2021-08-30 18:10:00,HLMN
11.815,11.815,11.8,11.8,2311,2021-08-30 18:11:00,HLMN
11.8,11.83,11.8,11.825,8127,2021-08-30 18:12:00,HLMN
11.83,11.83,11.82,11.825,2200,2021-08-30 18:13:00,HLMN
11.82,11.83,11.82,11.83,2746,2021-08-30 18:14:00,HLMN
11.83,11.85,11.83,11.85,8990,2021-08-30 18:15:00,HLMN
11.85,11.9,11.85,11.9,5488,2021-08-30 18:16:00,HLMN
11.9,11.9,11.895,11.9,4300,2021-08-30 18:17:00,HLMN
11.8975,11.9,11.88,11.9,14779,2021-08-30 18:18:00,HLMN
11.895,11.9,11.89,11.89,3553,2021-08-30 18:19:00,HLMN
11.89,11.895,11.89,11.895,2044,2021-08-30 18:20:00,HLMN
11.895,11.9,11.84,11.865,24458,2021-08-30 18:21:00,HLMN
11.87,11.88,11.83,11.84,9048,2021-08-30 18:22:00,HLMN
11.84,11.84,11.82,11.83,6620,2021-08-30 18:23:00,HLMN
11.82,11.845,11.82,11.84,14812,2021-08-30 18:24:00,HLMN
11.835,11.84,11.815,11.825,8906,2021-08-30 18:25:00,HLMN
11.825,11.83,11.82,11.82,3712,2021-08-30 18:26:00,HLMN
11.82,11.84,11.81,11.835,7641,2021-08-30 18:27:00,HLMN
11.84,11.85,11.82,11.84,7115,2021-08-30 18:28:00,HLMN
11.84,11.84,11.82,11.84,3619,2021-08-30 18:29:00,HLMN
11.82,11.835,11.82,11.835,5327,2021-08-30 18:30:00,HLMN
11.835,11.835,11.82,11.83,5261,2021-08-30 18:31:00,HLMN
11.84,11.84,11.83,11.83,2596,2021-08-30 18:32:00,HLMN
11.83,11.83,11.82,11.825,5211,2021-08-30 18:33:00,HLMN
11.825,11.83,11.82,11.82,6150,2021-08-30 18:34:00,HLMN
11.825,11.83,11.82,11.83,2076,2021-08-30 18:35:00,HLMN
11.83,11.83,11.82,11.825,7832,2021-08-30 18:36:00,HLMN
11.83,11.83,11.82,11.83,4270,2021-08-30 18:37:00,HLMN
11.825,11.825,11.82,11.825,6156,2021-08-30 18:38:00,HLMN
11.825,11.83,11.82,11.825,6100,2021-08-30 18:39:00,HLMN
11.83,11.84,11.82,11.83,13690,2021-08-30 18:40:00,HLMN
11.83,11.83,11.82,11.825,2891,2021-08-30 18:41:00,HLMN
11.825,11.83,11.82,11.825,7265,2021-08-30 18:42:00,HLMN
11.825,11.825,11.77,11.775,27824,2021-08-30 18:43:00,HLMN
11.775,11.795,11.77,11.771,9138,2021-08-30 18:44:00,HLMN
11.78,11.81,11.77,11.81,7823,2021-08-30 18:45:00,HLMN
11.8,11.81,11.79,11.79,6690,2021-08-30 18:46:00,HLMN
11.8,11.8,11.77,11.78,11828,2021-08-30 18:47:00,HLMN
11.77,11.81,11.77,11.805,8889,2021-08-30 18:48:00,HLMN
11.81,11.82,11.8,11.805,378495,2021-08-30 18:49:00,HLMN
11.805,11.82,11.78,11.78,386863,2021-08-30 18:50:00,HLMN
11.79,11.81,11.78,11.78,9563,2021-08-30 18:51:00,HLMN
11.8,11.805,11.77,11.785,11997,2021-08-30 18:52:00,HLMN
11.78,11.79,11.77,11.78,4634,2021-08-30 18:53:00,HLMN
11.78,11.79,11.78,11.785,4263,2021-08-30 18:54:00,HLMN
11.79,11.79,11.78,11.785,3272,2021-08-30 18:55:00,HLMN
11.78,11.787,11.78,11.785,7572,2021-08-30 18:56:00,HLMN
11.785,11.79,11.78,11.78,3565,2021-08-30 18:57:00,HLMN
11.785,11.8,11.78,11.8,10352,2021-08-30 18:58:00,HLMN
11.81,11.85,11.8,11.83,8788,2021-08-30 18:59:00,HLMN
11.84,11.84,11.82,11.82,15660,2021-08-30 19:00:00,HLMN
11.82,11.82,11.78,11.79,8628,2021-08-30 19:01:00,HLMN
11.8,11.8,11.79,11.795,2146,2021-08-30 19:02:00,HLMN
11.8,11.8,11.79,11.79,5090,2021-08-30 19:03:00,HLMN
11.8,11.8,11.79,11.795,2659,2021-08-30 19:04:00,HLMN
11.79,11.795,11.78,11.785,6329,2021-08-30 19:05:00,HLMN
11.785,11.79,11.71,11.755,49474,2021-08-30 19:06:00,HLMN
11.755,11.76,11.75,11.755,5260,2021-08-30 19:07:00,HLMN
11.76,11.76,11.75,11.75,5252,2021-08-30 19:08:00,HLMN
11.75,11.79,11.75,11.77,11843,2021-08-30 19:09:00,HLMN
11.77,11.78,11.77,11.78,1900,2021-08-30 19:10:00,HLMN
11.79,11.79,11.77,11.78,1780,2021-08-30 19:11:00,HLMN
11.79,11.79,11.76,11.78,7793,2021-08-30 19:12:00,HLMN
11.78,11.79,11.77,11.79,3919,2021-08-30 19:13:00,HLMN
11.79,11.79,11.78,11.79,1900,2021-08-30 19:14:00,HLMN
11.78,11.83,11.78,11.83,5021,2021-08-30 19:15:00,HLMN
11.84,11.89,11.8,11.8,25266,2021-08-30 19:16:00,HLMN
11.815,11.815,11.79,11.8,3880,2021-08-30 19:17:00,HLMN
11.79,11.81,11.79,11.8,4100,2021-08-30 19:18:00,HLMN
11.82,11.825,11.81,11.82,3000,2021-08-30 19:19:00,HLMN
11.84,11.84,11.81,11.83,4142,2021-08-30 19:20:00,HLMN
11.83,11.83,11.81,11.82,3938,2021-08-30 19:21:00,HLMN
11.82,11.835,11.82,11.835,2770,2021-08-30 19:22:00,HLMN
11.835,11.84,11.83,11.835,3103,2021-08-30 19:23:00,HLMN
11.835,11.84,11.83,11.84,5738,2021-08-30 19:24:00,HLMN
11.84,11.845,11.83,11.83,7552,2021-08-30 19:25:00,HLMN
11.83,11.84,11.83,11.835,2050,2021-08-30 19:26:00,HLMN
11.83,11.84,11.83,11.835,7312,2021-08-30 19:27:00,HLMN
11.835,11.85,11.83,11.84,6114,2021-08-30 19:28:00,HLMN
11.84,11.85,11.84,11.845,3740,2021-08-30 19:29:00,HLMN
11.85,11.875,11.84,11.87,20220,2021-08-30 19:30:00,HLMN
11.87,11.88,11.86,11.87,10418,2021-08-30 19:31:00,HLMN
11.87,11.88,11.86,11.88,3070,2021-08-30 19:32:00,HLMN
11.86,11.88,11.86,11.87,7523,2021-08-30 19:33:00,HLMN
11.88,11.89,11.87,11.89,9327,2021-08-30 19:34:00,HLMN
11.89,11.92,11.89,11.915,4494,2021-08-30 19:35:00,HLMN
11.91,11.93,11.9,11.92,8835,2021-08-30 19:36:00,HLMN
11.94,11.94,11.92,11.93,5966,2021-08-30 19:37:00,HLMN
11.92,11.935,11.92,11.935,6256,2021-08-30 19:38:00,HLMN
11.94,11.94,11.92,11.92,15890,2021-08-30 19:39:00,HLMN
11.93,11.93,11.92,11.93,2482,2021-08-30 19:40:00,HLMN
11.93,11.93,11.92,11.925,3300,2021-08-30 19:41:00,HLMN
11.925,11.93,11.92,11.92,3995,2021-08-30 19:42:00,HLMN
11.92,11.93,11.88,11.885,26087,2021-08-30 19:43:00,HLMN
11.89,11.89,11.81,11.81,10441,2021-08-30 19:44:00,HLMN
11.82,11.85,11.81,11.84,12817,2021-08-30 19:45:00,HLMN
11.84,11.84,11.8,11.805,10375,2021-08-30 19:46:00,HLMN
11.8,11.8,11.76,11.78,4743,2021-08-30 19:47:00,HLMN
11.78,11.83,11.77,11.825,10541,2021-08-30 19:48:00,HLMN
11.82,11.83,11.81,11.82,11783,2021-08-30 19:49:00,HLMN
11.82,11.83,11.81,11.815,14724,2021-08-30 19:50:00,HLMN
11.815,11.815,11.8,11.805,6059,2021-08-30 19:51:00,HLMN
11.8,11.81,11.8,11.805,12972,2021-08-30 19:52:00,HLMN
11.805,11.81,11.8,11.805,6840,2021-08-30 19:53:00,HLMN
11.805,11.81,11.8,11.805,10800,2021-08-30 19:54:00,HLMN
11.805,11.805,11.765,11.77,20018,2021-08-30 19:55:00,HLMN
11.77,11.79,11.77,11.78,16969,2021-08-30 19:56:00,HLMN
11.77,11.77,11.745,11.75,30906,2021-08-30 19:57:00,HLMN
11.76,11.78,11.76,11.77,17627,2021-08-30 19:58:00,HLMN
11.775,11.79,11.75,11.78,30963,2021-08-30 19:59:00,HLMN
11.78,11.78,11.75,11.75,786000,2021-08-30 20:00:00,HLMN
11.8,11.8,11.8,11.8,1585,2021-08-31 13:30:00,HLMN
11.8099,11.81,11.8099,11.81,1100,2021-08-31 13:34:00,HLMN
11.79,11.79,11.79,11.79,100,2021-08-31 13:39:00,HLMN
11.79,11.79,11.79,11.79,100,2021-08-31 13:44:00,HLMN
11.7648,11.7648,11.75,11.75,800,2021-08-31 13:48:00,HLMN
11.76,11.795,11.75,11.795,1362,2021-08-31 13:50:00,HLMN
11.75,11.83,11.75,11.78,2551,2021-08-31 13:51:00,HLMN
11.76,11.785,11.71,11.76,6175,2021-08-31 13:52:00,HLMN
11.76,11.83,11.76,11.83,3700,2021-08-31 13:53:00,HLMN
11.81,11.84,11.81,11.81,1651,2021-08-31 13:57:00,HLMN
11.825,11.825,11.825,11.825,200,2021-08-31 13:58:00,HLMN
11.825,11.825,11.825,11.825,300,2021-08-31 13:59:00,HLMN
11.825,11.86,11.825,11.84,1352,2021-08-31 14:00:00,HLMN
11.85,11.85,11.85,11.85,300,2021-08-31 14:01:00,HLMN
11.85,11.87,11.85,11.87,3880,2021-08-31 14:02:00,HLMN
11.88,11.9,11.88,11.9,700,2021-08-31 14:03:00,HLMN
11.93,11.93,11.925,11.925,200,2021-08-31 14:06:00,HLMN
11.91,11.94,11.91,11.93,1037,2021-08-31 14:07:00,HLMN
11.93,11.93,11.93,11.93,100,2021-08-31 14:08:00,HLMN
11.93,11.93,11.85,11.93,43869,2021-08-31 14:09:00,HLMN
11.9,11.92,11.88,11.92,10882,2021-08-31 14:10:00,HLMN
11.93,11.94,11.9092,11.94,3196,2021-08-31 14:11:00,HLMN
11.94,12.0,11.94,12.0,6138,2021-08-31 14:13:00,HLMN
12.0,12.04,12.0,12.0381,8884,2021-08-31 14:14:00,HLMN
12.04,12.04,12.04,12.04,300,2021-08-31 14:15:00,HLMN
12.04,12.04,12.04,12.04,200,2021-08-31 14:16:00,HLMN
12.04,12.04,12.04,12.04,100,2021-08-31 14:18:00,HLMN
12.04,12.04,12.04,12.04,100,2021-08-31 14:19:00,HLMN
12.02,12.02,12.02,12.02,425,2021-08-31 14:20:00,HLMN
12.04,12.04,12.02,12.02,800,2021-08-31 14:21:00,HLMN
12.025,12.05,12.025,12.05,938,2021-08-31 14:23:00,HLMN
12.07,12.12,12.07,12.12,1400,2021-08-31 14:24:00,HLMN
12.1,12.1,12.07,12.07,1990,2021-08-31 14:25:00,HLMN
12.07,12.07,12.06,12.06,1714,2021-08-31 14:26:00,HLMN
12.055,12.055,12.02,12.045,11768,2021-08-31 14:28:00,HLMN
12.02,12.02,12.02,12.02,100,2021-08-31 14:30:00,HLMN
12.02,12.02,12.02,12.02,228,2021-08-31 14:32:00,HLMN
12.0266,12.03,12.02,12.03,1349,2021-08-31 14:33:00,HLMN
12.04,12.04,12.04,12.04,931,2021-08-31 14:34:00,HLMN
12.04,12.04,12.04,12.04,100,2021-08-31 14:35:00,HLMN
12.04,12.06,12.04,12.055,2201,2021-08-31 14:39:00,HLMN
12.06,12.06,12.01,12.01,2002,2021-08-31 14:40:00,HLMN
12.02,12.02,12.02,12.02,200,2021-08-31 14:41:00,HLMN
12.05,12.05,12.05,12.05,1456,2021-08-31 14:45:00,HLMN
12.05,12.05,12.045,12.045,208,2021-08-31 14:46:00,HLMN
12.06,12.06,12.06,12.06,228,2021-08-31 14:47:00,HLMN
12.06,12.06,12.05,12.06,1600,2021-08-31 14:48:00,HLMN
12.045,12.045,12.02,12.02,7126,2021-08-31 14:50:00,HLMN
12.03,12.03,12.01,12.02,3026,2021-08-31 14:53:00,HLMN
12.04,12.04,12.04,12.04,200,2021-08-31 14:56:00,HLMN
12.01,12.01,12.01,12.01,1600,2021-08-31 14:57:00,HLMN
12.01,12.015,12.0,12.0,1575,2021-08-31 14:58:00,HLMN
12.01,12.02,12.0,12.0,3500,2021-08-31 15:00:00,HLMN
12.01,12.01,12.01,12.01,100,2021-08-31 15:01:00,HLMN
12.02,12.03,12.01,12.03,1500,2021-08-31 15:02:00,HLMN
12.015,12.015,12.015,12.015,375,2021-08-31 15:03:00,HLMN
12.03,12.03,12.03,12.03,100,2021-08-31 15:04:00,HLMN
12.03,12.04,12.02,12.04,1200,2021-08-31 15:05:00,HLMN
12.02,12.03,12.0,12.0,7604,2021-08-31 15:06:00,HLMN
12.03,12.03,12.03,12.03,100,2021-08-31 15:09:00,HLMN
12.03,12.04,12.02,12.04,900,2021-08-31 15:10:00,HLMN
12.04,12.06,12.04,12.04,2047,2021-08-31 15:11:00,HLMN
12.04,12.04,12.04,12.04,1032,2021-08-31 15:12:00,HLMN
12.04,12.04,12.04,12.04,417,2021-08-31 15:13:00,HLMN
12.06,12.06,12.06,12.06,100,2021-08-31 15:14:00,HLMN
12.06,12.06,12.06,12.06,300,2021-08-31 15:15:00,HLMN
12.04,12.06,12.04,12.06,403,2021-08-31 15:16:00,HLMN
12.06,12.06,12.035,12.035,6466,2021-08-31 15:17:00,HLMN
12.035,12.035,12.0,12.015,4059,2021-08-31 15:18:00,HLMN
12.015,12.02,12.01,12.01,1500,2021-08-31 15:19:00,HLMN
12.015,12.02,12.015,12.02,1233,2021-08-31 15:20:00,HLMN
12.015,12.015,12.01,12.01,1445,2021-08-31 15:21:00,HLMN
12.01,12.01,12.01,12.01,204,2021-08-31 15:25:00,HLMN
12.01,12.01,11.94,11.94,6445,2021-08-31 15:26:00,HLMN
11.945,11.945,11.94,11.94,288,2021-08-31 15:27:00,HLMN
11.96,11.96,11.96,11.96,100,2021-08-31 15:31:00,HLMN
11.945,11.945,11.89,11.93,28751,2021-08-31 15:32:00,HLMN
11.94,11.94,11.92,11.92,800,2021-08-31 15:33:00,HLMN
11.94,11.94,11.94,11.94,100,2021-08-31 15:34:00,HLMN
11.95,11.96,11.95,11.96,300,2021-08-31 15:38:00,HLMN
11.94,11.94,11.94,11.94,100,2021-08-31 15:39:00,HLMN
11.96,11.96,11.96,11.96,200,2021-08-31 15:41:00,HLMN
11.96,11.96,11.96,11.96,100,2021-08-31 15:43:00,HLMN
11.96,11.96,11.96,11.96,200,2021-08-31 15:44:00,HLMN
11.98,11.98,11.98,11.98,300,2021-08-31 15:45:00,HLMN
11.979,11.979,11.979,11.979,100,2021-08-31 15:46:00,HLMN
11.98,11.98,11.98,11.98,100,2021-08-31 15:47:00,HLMN
11.98,11.98,11.98,11.98,200,2021-08-31 15:49:00,HLMN
11.98,11.98,11.98,11.98,100,2021-08-31 15:50:00,HLMN
11.965,11.99,11.965,11.99,2821,2021-08-31 15:51:00,HLMN
11.995,12.01,11.995,11.995,1000,2021-08-31 15:53:00,HLMN
12.01,12.02,11.98,11.99,5591,2021-08-31 15:54:00,HLMN
12.0,12.0,11.98,11.98,76241,2021-08-31 15:55:00,HLMN
11.99,11.99,11.99,11.99,400,2021-08-31 15:56:00,HLMN
12.0,12.0,11.98,11.99,26087,2021-08-31 15:57:00,HLMN
12.0,12.0,11.98,11.985,101965,2021-08-31 15:58:00,HLMN
12.0,12.0,12.0,12.0,100,2021-08-31 15:59:00,HLMN
12.0,12.0381,11.99,12.0381,2354,2021-08-31 16:00:00,HLMN
12.05,12.07,12.05,12.07,455,2021-08-31 16:04:00,HLMN
12.07,12.11,12.07,12.11,2196,2021-08-31 16:05:00,HLMN
12.08,12.095,12.08,12.08,1186,2021-08-31 16:06:00,HLMN
12.08,12.095,12.08,12.095,921,2021-08-31 16:07:00,HLMN
12.08,12.095,12.08,12.095,2037,2021-08-31 16:08:00,HLMN
12.095,12.095,12.095,12.095,100,2021-08-31 16:09:00,HLMN
12.11,12.11,12.11,12.11,100,2021-08-31 16:10:00,HLMN
12.095,12.095,12.095,12.095,200,2021-08-31 16:11:00,HLMN
12.095,12.11,12.095,12.1,3229,2021-08-31 16:12:00,HLMN
12.1,12.1,12.1,12.1,100,2021-08-31 16:13:00,HLMN
12.1,12.1,12.1,12.1,100,2021-08-31 16:14:00,HLMN
12.1,12.1,12.1,12.1,100,2021-08-31 16:15:00,HLMN
12.1,12.1,12.1,12.1,100,2021-08-31 16:16:00,HLMN
12.08,12.08,12.08,12.08,100,2021-08-31 16:17:00,HLMN
12.1,12.1,12.09,12.09,2600,2021-08-31 16:18:00,HLMN
12.08,12.09,12.035,12.035,2997,2021-08-31 16:19:00,HLMN
12.03,12.03,12.02,12.03,1331,2021-08-31 16:23:00,HLMN
12.03,12.03,12.03,12.03,100,2021-08-31 16:25:00,HLMN
12.03,12.05,12.02,12.03,1000,2021-08-31 16:26:00,HLMN
12.05,12.05,12.03,12.05,700,2021-08-31 16:27:00,HLMN
12.03,12.03,12.03,12.03,100,2021-08-31 16:29:00,HLMN
12.05,12.05,12.05,12.05,100,2021-08-31 16:32:00,HLMN
12.05,12.07,12.045,12.045,2732,2021-08-31 16:33:00,HLMN
12.07,12.08,12.07,12.07,864,2021-08-31 16:35:00,HLMN
12.085,12.085,12.085,12.085,100,2021-08-31 16:36:00,HLMN
12.085,12.1,12.07,12.085,1636,2021-08-31 16:37:00,HLMN
12.085,12.1,12.07,12.085,800,2021-08-31 16:38:00,HLMN
12.085,12.1,12.07,12.1,700,2021-08-31 16:39:00,HLMN
12.085,12.11,12.085,12.085,300,2021-08-31 16:40:00,HLMN
12.085,12.11,12.085,12.11,200,2021-08-31 16:41:00,HLMN
12.1,12.1,12.06,12.06,5481,2021-08-31 16:42:00,HLMN
12.06,12.08,12.06,12.08,800,2021-08-31 16:43:00,HLMN
12.06,12.08,12.06,12.08,600,2021-08-31 16:44:00,HLMN
12.06,12.1,12.06,12.06,812,2021-08-31 16:45:00,HLMN
12.08,12.08,12.08,12.08,203,2021-08-31 16:46:00,HLMN
12.08,12.08,12.08,12.08,100,2021-08-31 16:47:00,HLMN
12.08,12.085,12.06,12.08,1588,2021-08-31 16:48:00,HLMN
12.08,12.08,12.06,12.08,735,2021-08-31 16:49:00,HLMN
12.09,12.09,12.06,12.08,565,2021-08-31 16:50:00,HLMN
12.09,12.09,12.09,12.09,100,2021-08-31 16:51:00,HLMN
12.08,12.1,12.07,12.1,2254,2021-08-31 16:52:00,HLMN
12.1,12.1,12.1,12.1,100,2021-08-31 16:53:00,HLMN
12.08,12.08,12.08,12.08,400,2021-08-31 16:54:00,HLMN
12.08,12.09,12.08,12.08,505,2021-08-31 16:55:00,HLMN
12.08,12.08,12.07,12.07,934,2021-08-31 16:56:00,HLMN
12.09,12.09,12.08,12.09,1725,2021-08-31 16:57:00,HLMN
12.09,12.09,12.09,12.09,100,2021-08-31 16:58:00,HLMN
12.08,12.09,12.08,12.09,700,2021-08-31 16:59:00,HLMN
12.09,12.1,12.08,12.095,2945,2021-08-31 17:00:00,HLMN
12.095,12.1,12.08,12.08,2963,2021-08-31 17:01:00,HLMN
12.09,12.09,12.09,12.09,100,2021-08-31 17:03:00,HLMN
12.085,12.09,12.085,12.09,200,2021-08-31 17:04:00,HLMN
12.09,12.095,12.09,12.095,1500,2021-08-31 17:05:00,HLMN
12.09,12.095,12.09,12.095,305,2021-08-31 17:06:00,HLMN
12.095,12.095,12.06,12.06,3153,2021-08-31 17:07:00,HLMN
12.06,12.075,12.06,12.075,1520,2021-08-31 17:09:00,HLMN
12.06,12.09,12.06,12.09,304,2021-08-31 17:10:00,HLMN
12.09,12.09,12.09,12.09,100,2021-08-31 17:11:00,HLMN
12.075,12.09,12.075,12.075,600,2021-08-31 17:12:00,HLMN
12.09,12.09,12.09,12.09,100,2021-08-31 17:13:00,HLMN
12.06,12.09,12.06,12.09,4200,2021-08-31 17:14:00,HLMN
12.08,12.08,12.075,12.075,800,2021-08-31 17:15:00,HLMN
12.08,12.08,12.06,12.08,7400,2021-08-31 17:16:00,HLMN
12.08,12.08,12.07,12.08,1000,2021-08-31 17:17:00,HLMN
12.08,12.08,12.08,12.08,100,2021-08-31 17:18:00,HLMN
12.08,12.08,12.08,12.08,100,2021-08-31 17:19:00,HLMN
12.075,12.09,12.075,12.075,500,2021-08-31 17:20:00,HLMN
12.08,12.08,12.08,12.08,100,2021-08-31 17:21:00,HLMN
12.08,12.08,12.08,12.08,200,2021-08-31 17:22:00,HLMN
12.075,12.09,12.075,12.075,400,2021-08-31 17:23:00,HLMN
12.09,12.09,12.08,12.08,600,2021-08-31 17:24:00,HLMN
12.08,12.09,12.07,12.09,705,2021-08-31 17:25:00,HLMN
12.08,12.09,12.0701,12.09,1429,2021-08-31 17:26:00,HLMN
12.09,12.09,12.08,12.08,900,2021-08-31 17:27:00,HLMN
12.08,12.12,12.08,12.115,11665,2021-08-31 17:28:00,HLMN
12.115,12.12,12.1,12.1,1269,2021-08-31 17:29:00,HLMN
12.115,12.13,12.115,12.115,807,2021-08-31 17:30:00,HLMN
12.115,12.115,12.1,12.115,1410,2021-08-31 17:31:00,HLMN
12.115,12.23,12.08,12.23,137387,2021-08-31 17:32:00,HLMN
12.22,12.23,12.21,12.21,300,2021-08-31 17:33:00,HLMN
12.23,12.36,12.23,12.355,11384,2021-08-31 17:34:00,HLMN
12.36,12.39,12.35,12.375,2308,2021-08-31 17:35:00,HLMN
12.375,12.41,12.34,12.385,24505,2021-08-31 17:36:00,HLMN
12.41,12.4393,12.395,12.41,1825,2021-08-31 17:37:00,HLMN
12.41,12.41,12.41,12.41,500,2021-08-31 17:38:00,HLMN
12.415,12.415,12.415,12.415,100,2021-08-31 17:39:00,HLMN
12.43,12.43,12.25,12.35,30897,2021-08-31 17:40:00,HLMN
12.35,12.4,12.35,12.36,4692,2021-08-31 17:41:00,HLMN
12.375,12.375,12.33,12.33,1754,2021-08-31 17:42:00,HLMN
12.34,12.38,12.34,12.38,616,2021-08-31 17:43:00,HLMN
12.34,12.36,12.34,12.35,429,2021-08-31 17:44:00,HLMN
12.34,12.38,12.34,12.36,3171,2021-08-31 17:45:00,HLMN
12.37,12.38,12.37,12.38,200,2021-08-31 17:46:00,HLMN
12.38,12.38,12.35,12.38,400,2021-08-31 17:47:00,HLMN
12.38,12.42,12.37,12.42,300,2021-08-31 17:48:00,HLMN
12.405,12.42,12.4,12.41,3045,2021-08-31 17:49:00,HLMN
12.4,12.415,12.4,12.415,929,2021-08-31 17:50:00,HLMN
12.4,12.4,12.385,12.39,1499,2021-08-31 17:51:00,HLMN
12.38,12.41,12.38,12.39,409,2021-08-31 17:53:00,HLMN
12.38,12.4,12.38,12.4,529,2021-08-31 17:54:00,HLMN
12.42,12.42,12.38,12.4,629,2021-08-31 17:55:00,HLMN
12.4,12.42,12.38,12.42,500,2021-08-31 17:56:00,HLMN
12.39,12.42,12.39,12.4,600,2021-08-31 17:57:00,HLMN
12.42,12.42,12.39,12.4,500,2021-08-31 17:58:00,HLMN
12.4,12.42,12.38,12.4,1400,2021-08-31 17:59:00,HLMN
12.39,12.41,12.39,12.4,300,2021-08-31 18:00:00,HLMN
12.4,12.4,12.38,12.4,602,2021-08-31 18:01:00,HLMN
12.38,12.4,12.38,12.4,400,2021-08-31 18:02:00,HLMN
12.4,12.4,12.4,12.4,441,2021-08-31 18:03:00,HLMN
12.4,12.4,12.38,12.4,500,2021-08-31 18:04:00,HLMN
12.4,12.4,12.38,12.38,600,2021-08-31 18:05:00,HLMN
12.4,12.41,12.38,12.4,3540,2021-08-31 18:06:00,HLMN
12.39,12.39,12.35,12.35,1263,2021-08-31 18:07:00,HLMN
12.35,12.3648,12.27,12.3,7396,2021-08-31 18:08:00,HLMN
12.3,12.3,12.28,12.3,1963,2021-08-31 18:09:00,HLMN
12.3,12.31,12.29,12.29,1755,2021-08-31 18:10:00,HLMN
12.3,12.3,12.3,12.3,100,2021-08-31 18:13:00,HLMN
12.3,12.32,12.25,12.28,55938,2021-08-31 18:14:00,HLMN
12.26,12.27,12.24,12.24,2400,2021-08-31 18:15:00,HLMN
12.23,12.28,12.23,12.24,4005,2021-08-31 18:16:00,HLMN
12.27,12.28,12.255,12.27,7200,2021-08-31 18:19:00,HLMN
12.27,12.29,12.27,12.29,4198,2021-08-31 18:20:00,HLMN
12.29,12.29,12.28,12.29,300,2021-08-31 18:21:00,HLMN
12.31,12.31,12.31,12.31,200,2021-08-31 18:22:00,HLMN
12.31,12.31,12.29,12.31,2600,2021-08-31 18:24:00,HLMN
12.32,12.32,12.32,12.32,100,2021-08-31 18:25:00,HLMN
12.33,12.33,12.33,12.33,200,2021-08-31 18:26:00,HLMN
12.33,12.33,12.33,12.33,400,2021-08-31 18:27:00,HLMN
12.33,12.34,12.33,12.34,1227,2021-08-31 18:28:00,HLMN
12.345,12.35,12.33,12.345,800,2021-08-31 18:29:00,HLMN
12.33,12.33,12.315,12.32,3200,2021-08-31 18:30:00,HLMN
12.32,12.34,12.32,12.34,1440,2021-08-31 18:32:00,HLMN
12.34,12.35,12.33,12.35,500,2021-08-31 18:33:00,HLMN
12.35,12.36,12.34,12.34,2264,2021-08-31 18:34:00,HLMN
12.35,12.35,12.35,12.35,100,2021-08-31 18:36:00,HLMN
12.35,12.35,12.34,12.35,1272,2021-08-31 18:38:00,HLMN
12.36,12.36,12.35,12.35,200,2021-08-31 18:39:00,HLMN
12.35,12.36,12.34,12.35,2109,2021-08-31 18:40:00,HLMN
12.35,12.36,12.34,12.35,1919,2021-08-31 18:41:00,HLMN
12.34,12.35,12.34,12.34,1285,2021-08-31 18:42:00,HLMN
12.34,12.34,12.31,12.32,5601,2021-08-31 18:43:00,HLMN
12.32,12.32,12.32,12.32,1512,2021-08-31 18:44:00,HLMN
12.32,12.32,12.32,12.32,1000,2021-08-31 18:45:00,HLMN
12.32,12.33,12.3101,12.33,6356,2021-08-31 18:47:00,HLMN
12.33,12.34,12.33,12.34,375,2021-08-31 18:48:00,HLMN
12.32,12.38,12.32,12.35,35587,2021-08-31 18:49:00,HLMN
12.35,12.35,12.34,12.35,2335,2021-08-31 18:50:00,HLMN
12.33,12.35,12.33,12.35,300,2021-08-31 18:51:00,HLMN
12.35,12.35,12.35,12.35,100,2021-08-31 18:52:00,HLMN
12.36,12.36,12.345,12.345,400,2021-08-31 18:53:00,HLMN
12.345,12.35,12.345,12.345,800,2021-08-31 18:54:00,HLMN
12.33,12.35,12.33,12.34,1500,2021-08-31 18:55:00,HLMN
12.35,12.35,12.33,12.34,900,2021-08-31 18:56:00,HLMN
12.35,12.35,12.33,12.33,3116,2021-08-31 18:57:00,HLMN
12.335,12.335,12.32,12.32,500,2021-08-31 18:58:00,HLMN
12.335,12.335,12.32,12.32,300,2021-08-31 18:59:00,HLMN
12.335,12.35,12.335,12.35,500,2021-08-31 19:00:00,HLMN
12.32,12.35,12.32,12.35,785,2021-08-31 19:01:00,HLMN
12.335,12.335,12.335,12.335,115,2021-08-31 19:02:00,HLMN
12.32,12.35,12.32,12.35,300,2021-08-31 19:03:00,HLMN
12.35,12.35,12.35,12.35,100,2021-08-31 19:04:00,HLMN
12.32,12.35,12.32,12.35,400,2021-08-31 19:05:00,HLMN
12.335,12.35,12.33,12.35,1200,2021-08-31 19:06:00,HLMN
12.35,12.35,12.34,12.35,4243,2021-08-31 19:07:00,HLMN
12.35,12.36,12.31,12.31,4832,2021-08-31 19:08:00,HLMN
12.32,12.32,12.32,12.32,100,2021-08-31 19:09:00,HLMN
12.3,12.32,12.295,12.3,3715,2021-08-31 19:10:00,HLMN
12.32,12.32,12.28,12.31,1100,2021-08-31 19:11:00,HLMN
12.31,12.31,12.31,12.31,200,2021-08-31 19:12:00,HLMN
12.31,12.31,12.27,12.31,400,2021-08-31 19:13:00,HLMN
12.28,12.28,12.27,12.27,300,2021-08-31 19:14:00,HLMN
12.31,12.31,12.28,12.28,200,2021-08-31 19:15:00,HLMN
12.295,12.295,12.28,12.28,1315,2021-08-31 19:16:00,HLMN
12.295,12.3,12.24,12.255,5474,2021-08-31 19:17:00,HLMN
12.24,12.245,12.23,12.245,2466,2021-08-31 19:18:00,HLMN
12.245,12.245,12.2,12.22,2195,2021-08-31 19:19:00,HLMN
12.21,12.23,12.21,12.21,2629,2021-08-31 19:20:00,HLMN
12.21,12.23,12.2,12.2,5495,2021-08-31 19:21:00,HLMN
12.215,12.22,12.2,12.21,2465,2021-08-31 19:22:00,HLMN
12.21,12.21,12.19,12.195,3469,2021-08-31 19:23:00,HLMN
12.18,12.195,12.18,12.195,200,2021-08-31 19:24:00,HLMN
12.195,12.21,12.18,12.2,4739,2021-08-31 19:25:00,HLMN
12.2,12.23,12.19,12.22,12913,2021-08-31 19:26:00,HLMN
12.22,12.23,12.22,12.23,1200,2021-08-31 19:27:00,HLMN
12.24,12.27,12.23,12.27,1700,2021-08-31 19:28:00,HLMN
12.27,12.28,12.27,12.28,700,2021-08-31 19:29:00,HLMN
12.265,12.32,12.265,12.32,2400,2021-08-31 19:31:00,HLMN
12.305,12.3299,12.295,12.31,2941,2021-08-31 19:32:00,HLMN
12.3099,12.33,12.295,12.33,2273,2021-08-31 19:33:00,HLMN
12.32,12.35,12.32,12.35,5102,2021-08-31 19:34:00,HLMN
12.35,12.38,12.35,12.38,7106,2021-08-31 19:35:00,HLMN
12.35,12.38,12.34,12.38,7832,2021-08-31 19:36:00,HLMN
12.34,12.3599,12.32,12.33,10317,2021-08-31 19:37:00,HLMN
12.33,12.34,12.29,12.3,3469,2021-08-31 19:38:00,HLMN
12.285,12.31,12.28,12.295,1800,2021-08-31 19:39:00,HLMN
12.295,12.33,12.28,12.33,3583,2021-08-31 19:40:00,HLMN
12.33,12.37,12.32,12.36,4500,2021-08-31 19:41:00,HLMN
12.38,12.39,12.36,12.38,2682,2021-08-31 19:42:00,HLMN
12.39,12.39,12.32,12.335,9516,2021-08-31 19:43:00,HLMN
12.335,12.34,12.32,12.34,2522,2021-08-31 19:44:00,HLMN
12.34,12.35,12.33,12.34,5065,2021-08-31 19:45:00,HLMN
12.34,12.35,12.33,12.33,8400,2021-08-31 19:46:00,HLMN
12.34,12.36,12.33,12.345,28561,2021-08-31 19:47:00,HLMN
12.345,12.37,12.33,12.355,11414,2021-08-31 19:48:00,HLMN
12.355,12.37,12.34,12.34,14082,2021-08-31 19:49:00,HLMN
12.33,12.33,12.26,12.28,27017,2021-08-31 19:50:00,HLMN
12.28,12.29,12.21,12.21,15828,2021-08-31 19:51:00,HLMN
12.225,12.23,12.18,12.18,24127,2021-08-31 19:52:00,HLMN
12.19,12.24,12.18,12.2,13692,2021-08-31 19:53:00,HLMN
12.2075,12.27,12.2,12.2,39694,2021-08-31 19:54:00,HLMN
12.225,12.25,12.2,12.24,47196,2021-08-31 19:55:00,HLMN
12.235,12.24,12.23,12.23,12884,2021-08-31 19:56:00,HLMN
12.23,12.26,12.23,12.23,16454,2021-08-31 19:57:00,HLMN
12.245,12.26,12.24,12.25,10101,2021-08-31 19:58:00,HLMN
12.26,12.28,12.25,12.27,14928,2021-08-31 19:59:00,HLMN
12.28,12.28,12.28,12.28,806308,2021-08-31 20:00:00,HLMN
12.28,12.28,12.28,12.28,85000,2021-08-31 21:11:00,HLMN
12.26,12.27,12.26,12.26,477,2021-09-01 13:27:00,HLMN
12.415,12.415,12.33,12.33,257400,2021-09-01 13:30:00,HLMN
12.35,12.35,12.3,12.3,400,2021-09-01 13:31:00,HLMN
12.25,12.25,12.14,12.195,1117,2021-09-01 13:34:00,HLMN
12.25,12.3,12.24,12.3,2741,2021-09-01 13:35:00,HLMN
12.3,12.305,12.275,12.275,1053,2021-09-01 13:36:00,HLMN
12.3,12.3,12.21,12.23,1477,2021-09-01 13:37:00,HLMN
12.18,12.28,12.18,12.28,2584,2021-09-01 13:38:00,HLMN
12.3,12.3,12.245,12.245,422,2021-09-01 13:41:00,HLMN
12.3,12.3,12.27,12.3,1000,2021-09-01 13:44:00,HLMN
12.3,12.32,12.28,12.29,2100,2021-09-01 13:45:00,HLMN
12.28,12.28,12.28,12.28,100,2021-09-01 13:46:00,HLMN
12.29,12.3,12.29,12.3,508,2021-09-01 13:48:00,HLMN
12.29,12.29,12.29,12.29,200,2021-09-01 13:50:00,HLMN
12.29,12.36,12.28,12.36,28266,2021-09-01 13:53:00,HLMN
12.34,12.36,12.34,12.36,700,2021-09-01 13:54:00,HLMN
12.34,12.36,12.32,12.32,700,2021-09-01 13:55:00,HLMN
12.33,12.33,12.33,12.33,200,2021-09-01 13:56:00,HLMN
12.33,12.33,12.29,12.29,1829,2021-09-01 13:57:00,HLMN
12.29,12.29,12.29,12.29,200000,2021-09-01 13:58:00,HLMN
12.295,12.295,12.295,12.295,100,2021-09-01 13:59:00,HLMN
12.32,12.32,12.3,12.3,2100,2021-09-01 14:00:00,HLMN
12.29,12.32,12.29,12.32,900,2021-09-01 14:01:00,HLMN
12.32,12.32,12.32,12.32,797,2021-09-01 14:02:00,HLMN
12.34,12.34,12.325,12.33,1200,2021-09-01 14:03:00,HLMN
12.34,12.34,12.31,12.32,1963,2021-09-01 14:04:00,HLMN
12.325,12.325,12.325,12.325,400,2021-09-01 14:05:00,HLMN
12.31,12.32,12.3,12.305,1100,2021-09-01 14:07:00,HLMN
12.305,12.305,12.305,12.305,100,2021-09-01 14:08:00,HLMN
12.32,12.32,12.32,12.32,200,2021-09-01 14:09:00,HLMN
12.32,12.32,12.32,12.32,100,2021-09-01 14:10:00,HLMN
12.2957,12.32,12.2957,12.305,400,2021-09-01 14:11:00,HLMN
12.32,12.32,12.32,12.32,200,2021-09-01 14:12:00,HLMN
12.33,12.33,12.33,12.33,300,2021-09-01 14:15:00,HLMN
12.33,12.35,12.3,12.35,4198,2021-09-01 14:16:00,HLMN
12.325,12.36,12.325,12.36,700,2021-09-01 14:17:00,HLMN
12.36,12.36,12.35,12.36,1200,2021-09-01 14:18:00,HLMN
12.36,12.36,12.35,12.35,2700,2021-09-01 14:19:00,HLMN
12.35,12.36,12.35,12.36,1300,2021-09-01 14:20:00,HLMN
12.36,12.36,12.35,12.355,1714,2021-09-01 14:21:00,HLMN
12.36,12.42,12.36,12.365,5400,2021-09-01 14:22:00,HLMN
12.37,12.375,12.37,12.375,1142,2021-09-01 14:23:00,HLMN
12.365,12.365,12.365,12.365,100,2021-09-01 14:24:00,HLMN
12.37,12.37,12.37,12.37,600,2021-09-01 14:25:00,HLMN
12.37,12.37,12.37,12.37,100,2021-09-01 14:26:00,HLMN
12.37,12.38,12.3629,12.37,1950,2021-09-01 14:27:00,HLMN
12.39,12.39,12.39,12.39,500,2021-09-01 14:28:00,HLMN
12.4,12.5,12.4,12.5,6684,2021-09-01 14:29:00,HLMN
12.5,12.5,12.45,12.49,3400,2021-09-01 14:30:00,HLMN
12.47,12.47,12.39,12.39,5372,2021-09-01 14:31:00,HLMN
12.42,12.44,12.39,12.44,600,2021-09-01 14:32:00,HLMN
12.42,12.45,12.36,12.36,25262,2021-09-01 14:33:00,HLMN
12.395,12.395,12.37,12.37,1900,2021-09-01 14:34:00,HLMN
12.395,12.395,12.395,12.395,100,2021-09-01 14:35:00,HLMN
12.395,12.395,12.36,12.36,800,2021-09-01 14:37:00,HLMN
12.36,12.39,12.35,12.35,6628,2021-09-01 14:38:00,HLMN
12.35,12.35,12.35,12.35,100,2021-09-01 14:39:00,HLMN
12.36,12.39,12.36,12.39,1300,2021-09-01 14:43:00,HLMN
12.39,12.39,12.36,12.36,500,2021-09-01 14:44:00,HLMN
12.36,12.37,12.36,12.37,500,2021-09-01 14:45:00,HLMN
12.37,12.37,12.37,12.37,300,2021-09-01 14:46:00,HLMN
12.37,12.37,12.37,12.37,689,2021-09-01 14:47:00,HLMN
12.37,12.38,12.37,12.38,1457,2021-09-01 14:48:00,HLMN
12.38,12.38,12.35,12.35,2782,2021-09-01 14:49:00,HLMN
12.37,12.37,12.35,12.35,771,2021-09-01 14:50:00,HLMN
12.35,12.37,12.35,12.37,400,2021-09-01 14:51:00,HLMN
12.35,12.35,12.35,12.35,200,2021-09-01 14:52:00,HLMN
12.35,12.35,12.35,12.35,300,2021-09-01 14:53:00,HLMN
12.35,12.35,12.35,12.35,300,2021-09-01 14:54:00,HLMN
12.37,12.37,12.36,12.36,400,2021-09-01 14:55:00,HLMN
12.38,12.38,12.36,12.37,600,2021-09-01 14:56:00,HLMN
12.375,12.375,12.375,12.375,300,2021-09-01 14:57:00,HLMN
12.375,12.375,12.375,12.375,400,2021-09-01 14:58:00,HLMN
12.375,12.375,12.34,12.355,3985,2021-09-01 14:59:00,HLMN
12.37,12.37,12.37,12.37,100,2021-09-01 15:01:00,HLMN
12.36,12.38,12.36,12.38,500,2021-09-01 15:02:00,HLMN
12.38,12.38,12.36,12.36,900,2021-09-01 15:03:00,HLMN
12.36,12.37,12.35,12.36,4723,2021-09-01 15:04:00,HLMN
12.36,12.36,12.36,12.36,700,2021-09-01 15:05:00,HLMN
12.36,12.38,12.355,12.38,2546,2021-09-01 15:06:00,HLMN
12.38,12.38,12.38,12.38,514,2021-09-01 15:07:00,HLMN
12.38,12.38,12.38,12.38,1003,2021-09-01 15:08:00,HLMN
12.38,12.4,12.36,12.4,400,2021-09-01 15:09:00,HLMN
12.4,12.4,12.38,12.38,300,2021-09-01 15:10:00,HLMN
12.4,12.45,12.4,12.45,900,2021-09-01 15:11:00,HLMN
12.435,12.435,12.42,12.42,1966,2021-09-01 15:12:00,HLMN
12.44,12.44,12.44,12.44,275,2021-09-01 15:13:00,HLMN
12.45,12.45,12.44,12.44,2256,2021-09-01 15:14:00,HLMN
12.44,12.45,12.44,12.45,1000,2021-09-01 15:15:00,HLMN
12.45,12.45,12.44,12.44,800,2021-09-01 15:16:00,HLMN
12.45,12.45,12.44,12.445,1300,2021-09-01 15:17:00,HLMN
12.45,12.48,12.45,12.48,900,2021-09-01 15:18:00,HLMN
12.465,12.48,12.46,12.46,302,2021-09-01 15:19:00,HLMN
12.46,12.47,12.46,12.47,1138,2021-09-01 15:20:00,HLMN
12.46,12.46,12.45,12.45,2222,2021-09-01 15:21:00,HLMN
12.46,12.46,12.46,12.46,700,2021-09-01 15:22:00,HLMN
12.47,12.48,12.47,12.48,900,2021-09-01 15:23:00,HLMN
12.5,12.5,12.48,12.49,600,2021-09-01 15:26:00,HLMN
12.49,12.51,12.49,12.495,6881,2021-09-01 15:27:00,HLMN
12.5,12.52,12.49,12.49,16959,2021-09-01 15:28:00,HLMN
12.495,12.495,12.495,12.495,100,2021-09-01 15:29:00,HLMN
12.495,12.5,12.495,12.495,1000,2021-09-01 15:30:00,HLMN
12.495,12.5025,12.49,12.49,3600,2021-09-01 15:31:00,HLMN
12.49,12.51,12.49,12.5,1100,2021-09-01 15:32:00,HLMN
12.51,12.51,12.495,12.495,900,2021-09-01 15:33:00,HLMN
12.5,12.5,12.495,12.5,700,2021-09-01 15:34:00,HLMN
12.5,12.51,12.495,12.5,800,2021-09-01 15:35:00,HLMN
12.5,12.52,12.49,12.51,6797,2021-09-01 15:36:00,HLMN
12.51,12.51,12.49,12.49,2700,2021-09-01 15:37:00,HLMN
12.49,12.495,12.49,12.495,495,2021-09-01 15:38:00,HLMN
12.49,12.49,12.47,12.47,2022,2021-09-01 15:39:00,HLMN
12.47,12.47,12.42,12.425,9888,2021-09-01 15:40:00,HLMN
12.425,12.425,12.425,12.425,100,2021-09-01 15:42:00,HLMN
12.425,12.425,12.425,12.425,300,2021-09-01 15:43:00,HLMN
12.425,12.465,12.425,12.46,4449,2021-09-01 15:44:00,HLMN
12.495,12.495,12.495,12.495,200,2021-09-01 15:45:00,HLMN
12.52,12.52,12.5,12.51,1090,2021-09-01 15:46:00,HLMN
12.49,12.505,12.49,12.49,1700,2021-09-01 15:47:00,HLMN
12.505,12.505,12.49,12.505,612,2021-09-01 15:48:00,HLMN
12.49,12.505,12.49,12.505,300,2021-09-01 15:49:00,HLMN
12.505,12.505,12.49,12.49,300,2021-09-01 15:50:00,HLMN
12.505,12.505,12.49,12.505,1200,2021-09-01 15:51:00,HLMN
12.505,12.505,12.49,12.49,200,2021-09-01 15:52:00,HLMN
12.505,12.505,12.465,12.465,5000,2021-09-01 15:53:00,HLMN
12.47,12.47,12.46,12.46,300,2021-09-01 15:54:00,HLMN
12.465,12.465,12.465,12.465,200,2021-09-01 15:55:00,HLMN
12.465,12.465,12.46,12.46,500,2021-09-01 15:56:00,HLMN
12.465,12.465,12.46,12.465,300,2021-09-01 15:58:00,HLMN
12.465,12.465,12.46,12.465,300,2021-09-01 15:59:00,HLMN
12.465,12.47,12.46,12.465,1200,2021-09-01 16:00:00,HLMN
12.4625,12.4625,12.4625,12.4625,100,2021-09-01 16:01:00,HLMN
12.46,12.465,12.46,12.465,700,2021-09-01 16:02:00,HLMN
12.465,12.47,12.42,12.42,6185,2021-09-01 16:03:00,HLMN
12.42,12.42,12.42,12.42,200,2021-09-01 16:04:00,HLMN
12.42,12.42,12.4,12.4,800,2021-09-01 16:05:00,HLMN
12.41,12.41,12.41,12.41,100,2021-09-01 16:06:00,HLMN
12.41,12.425,12.4,12.425,1704,2021-09-01 16:08:00,HLMN
12.425,12.4399,12.425,12.4399,500,2021-09-01 16:10:00,HLMN
12.425,12.425,12.425,12.425,100,2021-09-01 16:11:00,HLMN
12.44,12.45,12.43,12.44,10947,2021-09-01 16:12:00,HLMN
12.44,12.44,12.44,12.44,500,2021-09-01 16:13:00,HLMN
12.44,12.45,12.43,12.44,1500,2021-09-01 16:15:00,HLMN
12.44,12.45,12.43,12.44,1800,2021-09-01 16:16:00,HLMN
12.44,12.45,12.43,12.44,2800,2021-09-01 16:17:00,HLMN
12.44,12.45,12.43,12.44,1200,2021-09-01 16:18:00,HLMN
12.44,12.45,12.43,12.43,2300,2021-09-01 16:19:00,HLMN
12.43,12.44,12.43,12.44,1400,2021-09-01 16:20:00,HLMN
12.435,12.435,12.43,12.435,1100,2021-09-01 16:21:00,HLMN
12.44,12.44,12.43,12.43,1400,2021-09-01 16:22:00,HLMN
12.43,12.435,12.43,12.435,1100,2021-09-01 16:23:00,HLMN
12.43,12.43,12.39,12.39,2000,2021-09-01 16:24:00,HLMN
12.39,12.4,12.39,12.39,500,2021-09-01 16:25:00,HLMN
12.39,12.39,12.39,12.39,400,2021-09-01 16:26:00,HLMN
12.39,12.39,12.39,12.39,100,2021-09-01 16:27:00,HLMN
12.39,12.4,12.385,12.39,2300,2021-09-01 16:28:00,HLMN
12.4,12.4,12.3901,12.3901,812,2021-09-01 16:29:00,HLMN
12.405,12.405,12.405,12.405,200,2021-09-01 16:30:00,HLMN
12.42,12.44,12.41,12.44,700,2021-09-01 16:31:00,HLMN
12.43,12.44,12.415,12.43,1732,2021-09-01 16:32:00,HLMN
12.43,12.43,12.42,12.43,500,2021-09-01 16:33:00,HLMN
12.42,12.44,12.42,12.44,300,2021-09-01 16:34:00,HLMN
12.43,12.44,12.43,12.44,300,2021-09-01 16:35:00,HLMN
12.43,12.44,12.43,12.44,300,2021-09-01 16:36:00,HLMN
12.43,12.44,12.43,12.44,600,2021-09-01 16:37:00,HLMN
12.44,12.45,12.44,12.44,300,2021-09-01 16:38:00,HLMN
12.45,12.45,12.43,12.44,798,2021-09-01 16:39:00,HLMN
12.43,12.44,12.43,12.43,800,2021-09-01 16:40:00,HLMN
12.43,12.44,12.42,12.42,2553,2021-09-01 16:41:00,HLMN
12.42,12.42,12.42,12.42,400,2021-09-01 16:42:00,HLMN
12.42,12.43,12.415,12.415,600,2021-09-01 16:43:00,HLMN
12.42,12.42,12.42,12.42,100,2021-09-01 16:44:00,HLMN
12.42,12.42,12.42,12.42,100,2021-09-01 16:45:00,HLMN
12.42,12.43,12.42,12.43,400,2021-09-01 16:46:00,HLMN
12.44,12.445,12.44,12.44,1000,2021-09-01 16:47:00,HLMN
12.44,12.44,12.42,12.42,1400,2021-09-01 16:48:00,HLMN
12.42,12.425,12.42,12.425,300,2021-09-01 16:49:00,HLMN
12.42,12.43,12.42,12.43,1000,2021-09-01 16:50:00,HLMN
12.425,12.43,12.42,12.42,1600,2021-09-01 16:51:00,HLMN
12.42,12.42,12.42,12.42,700,2021-09-01 16:52:00,HLMN
12.42,12.42,12.42,12.42,237,2021-09-01 16:54:00,HLMN
12.42,12.42,12.42,12.42,400,2021-09-01 16:55:00,HLMN
12.425,12.425,12.42,12.425,1588,2021-09-01 16:56:00,HLMN
12.425,12.425,12.42,12.42,600,2021-09-01 16:57:00,HLMN
12.415,12.415,12.415,12.415,100,2021-09-01 16:58:00,HLMN
12.415,12.42,12.415,12.42,400,2021-09-01 16:59:00,HLMN
12.42,12.42,12.42,12.42,300,2021-09-01 17:00:00,HLMN
12.415,12.415,12.415,12.415,100,2021-09-01 17:01:00,HLMN
12.415,12.415,12.415,12.415,200,2021-09-01 17:02:00,HLMN
12.415,12.44,12.415,12.44,1747,2021-09-01 17:04:00,HLMN
12.43,12.43,12.42,12.42,700,2021-09-01 17:05:00,HLMN
12.42,12.43,12.42,12.43,500,2021-09-01 17:06:00,HLMN
12.43,12.43,12.4,12.405,4799,2021-09-01 17:07:00,HLMN
12.39,12.39,12.39,12.39,100,2021-09-01 17:08:00,HLMN
12.405,12.405,12.405,12.405,200,2021-09-01 17:09:00,HLMN
12.39,12.405,12.39,12.405,200,2021-09-01 17:10:00,HLMN
12.405,12.405,12.405,12.405,200,2021-09-01 17:11:00,HLMN
12.405,12.405,12.405,12.405,100,2021-09-01 17:12:00,HLMN
12.405,12.405,12.405,12.405,300,2021-09-01 17:13:00,HLMN
12.405,12.405,12.405,12.405,100,2021-09-01 17:14:00,HLMN
12.405,12.405,12.405,12.405,300,2021-09-01 17:16:00,HLMN
12.405,12.405,12.405,12.405,100,2021-09-01 17:18:00,HLMN
12.42,12.42,12.39,12.4,2304,2021-09-01 17:19:00,HLMN
12.4,12.4,12.4,12.4,400,2021-09-01 17:20:00,HLMN
12.4,12.41,12.4,12.41,200,2021-09-01 17:21:00,HLMN
12.4,12.41,12.4,12.41,900,2021-09-01 17:22:00,HLMN
12.41,12.41,12.39,12.39,3600,2021-09-01 17:23:00,HLMN
12.39,12.39,12.38,12.39,500,2021-09-01 17:24:00,HLMN
12.39,12.395,12.36,12.36,3525,2021-09-01 17:25:00,HLMN
12.36,12.36,12.36,12.36,300,2021-09-01 17:26:00,HLMN
12.36,12.36,12.36,12.36,200,2021-09-01 17:27:00,HLMN
12.35,12.365,12.325,12.325,3800,2021-09-01 17:28:00,HLMN
12.33,12.33,12.325,12.325,200,2021-09-01 17:29:00,HLMN
12.325,12.36,12.325,12.34,1296,2021-09-01 17:30:00,HLMN
12.34,12.34,12.33,12.33,1800,2021-09-01 17:31:00,HLMN
12.345,12.345,12.33,12.33,400,2021-09-01 17:32:00,HLMN
12.345,12.345,12.345,12.345,100,2021-09-01 17:33:00,HLMN
12.345,12.345,12.345,12.345,300,2021-09-01 17:34:00,HLMN
12.345,12.345,12.33,12.33,200,2021-09-01 17:35:00,HLMN
12.345,12.345,12.345,12.345,200,2021-09-01 17:36:00,HLMN
12.34,12.35,12.33,12.35,1194,2021-09-01 17:37:00,HLMN
12.35,12.35,12.35,12.35,800,2021-09-01 17:38:00,HLMN
12.35,12.35,12.35,12.35,100,2021-09-01 17:39:00,HLMN
12.35,12.36,12.35,12.36,412,2021-09-01 17:42:00,HLMN
12.36,12.36,12.36,12.36,500,2021-09-01 17:43:00,HLMN
12.37,12.37,12.36,12.37,914,2021-09-01 17:44:00,HLMN
12.365,12.37,12.36,12.36,3600,2021-09-01 17:45:00,HLMN
12.36,12.36,12.35,12.36,800,2021-09-01 17:46:00,HLMN
12.35,12.37,12.35,12.36,903,2021-09-01 17:47:00,HLMN
12.35,12.35,12.33,12.33,2824,2021-09-01 17:48:00,HLMN
12.34,12.34,12.34,12.34,100,2021-09-01 17:49:00,HLMN
12.34,12.34,12.34,12.34,100,2021-09-01 17:50:00,HLMN
12.34,12.34,12.34,12.34,200,2021-09-01 17:51:00,HLMN
12.34,12.35,12.34,12.35,800,2021-09-01 17:52:00,HLMN
12.36,12.37,12.36,12.36,4197,2021-09-01 17:53:00,HLMN
12.36,12.36,12.36,12.36,200,2021-09-01 17:54:00,HLMN
12.36,12.365,12.36,12.36,3733,2021-09-01 17:55:00,HLMN
12.36,12.36,12.35,12.36,500,2021-09-01 17:56:00,HLMN
12.35,12.36,12.35,12.35,1938,2021-09-01 17:57:00,HLMN
12.34,12.345,12.34,12.345,700,2021-09-01 17:58:00,HLMN
12.345,12.35,12.345,12.345,623,2021-09-01 18:00:00,HLMN
12.345,12.35,12.345,12.35,504,2021-09-01 18:01:00,HLMN
12.345,12.345,12.345,12.345,100,2021-09-01 18:02:00,HLMN
12.345,12.36,12.345,12.36,5146,2021-09-01 18:03:00,HLMN
12.355,12.36,12.35,12.355,1200,2021-09-01 18:04:00,HLMN
12.35,12.35,12.325,12.325,3493,2021-09-01 18:05:00,HLMN
12.325,12.325,12.325,12.325,195,2021-09-01 18:06:00,HLMN
12.313,12.33,12.26,12.285,26104,2021-09-01 18:07:00,HLMN
12.27,12.29,12.27,12.29,600,2021-09-01 18:08:00,HLMN
12.29,12.29,12.28,12.29,500,2021-09-01 18:09:00,HLMN
12.29,12.29,12.27,12.285,3140,2021-09-01 18:10:00,HLMN
12.285,12.285,12.27,12.28,800,2021-09-01 18:11:00,HLMN
12.285,12.285,12.285,12.285,100,2021-09-01 18:12:00,HLMN
12.285,12.29,12.285,12.29,300,2021-09-01 18:13:00,HLMN
12.2968,12.2968,12.29,12.29,400,2021-09-01 18:14:00,HLMN
12.29,12.29,12.29,12.29,1500,2021-09-01 18:15:00,HLMN
12.3,12.305,12.3,12.305,415,2021-09-01 18:17:00,HLMN
12.31,12.33,12.31,12.33,1600,2021-09-01 18:18:00,HLMN
12.315,12.34,12.315,12.34,800,2021-09-01 18:19:00,HLMN
12.34,12.34,12.335,12.335,200,2021-09-01 18:20:00,HLMN
12.335,12.35,12.33,12.35,2311,2021-09-01 18:21:00,HLMN
12.33,12.33,12.33,12.33,1512,2021-09-01 18:22:00,HLMN
12.32,12.33,12.31,12.315,2439,2021-09-01 18:23:00,HLMN
12.32,12.32,12.32,12.32,300,2021-09-01 18:24:00,HLMN
12.31,12.31,12.31,12.31,2410,2021-09-01 18:25:00,HLMN
12.31,12.31,12.31,12.31,700,2021-09-01 18:26:00,HLMN
12.31,12.31,12.31,12.31,500,2021-09-01 18:27:00,HLMN
12.32,12.32,12.31,12.31,500,2021-09-01 18:28:00,HLMN
12.32,12.33,12.32,12.32,1900,2021-09-01 18:29:00,HLMN
12.33,12.33,12.32,12.33,400,2021-09-01 18:30:00,HLMN
12.33,12.35,12.33,12.35,700,2021-09-01 18:32:00,HLMN
12.34,12.34,12.34,12.34,600,2021-09-01 18:33:00,HLMN
12.35,12.35,12.34,12.34,1100,2021-09-01 18:34:00,HLMN
12.33,12.34,12.31,12.31,4556,2021-09-01 18:35:00,HLMN
12.32,12.32,12.32,12.32,200,2021-09-01 18:36:00,HLMN
12.32,12.32,12.32,12.32,400,2021-09-01 18:37:00,HLMN
12.32,12.32,12.32,12.32,231,2021-09-01 18:38:00,HLMN
12.31,12.315,12.31,12.315,2700,2021-09-01 18:39:00,HLMN
12.315,12.315,12.3,12.315,300,2021-09-01 18:40:00,HLMN
12.315,12.315,12.315,12.315,200,2021-09-01 18:41:00,HLMN
12.315,12.33,12.3,12.33,13637,2021-09-01 18:43:00,HLMN
12.33,12.34,12.325,12.325,900,2021-09-01 18:45:00,HLMN
12.34,12.34,12.34,12.34,100,2021-09-01 18:46:00,HLMN
12.33,12.35,12.33,12.34,1000,2021-09-01 18:47:00,HLMN
12.33,12.34,12.33,12.34,4599,2021-09-01 18:48:00,HLMN
12.34,12.34,12.31,12.32,4108,2021-09-01 18:49:00,HLMN
12.3,12.32,12.28,12.28,9743,2021-09-01 18:50:00,HLMN
12.3,12.32,12.29,12.305,11076,2021-09-01 18:51:00,HLMN
12.305,12.31,12.29,12.29,6900,2021-09-01 18:52:00,HLMN
12.3,12.31,12.28,12.28,14625,2021-09-01 18:53:00,HLMN
12.28,12.29,12.28,12.28,8855,2021-09-01 18:54:00,HLMN
12.28,12.29,12.28,12.28,13322,2021-09-01 18:55:00,HLMN
12.28,12.29,12.27,12.27,8000,2021-09-01 18:56:00,HLMN
12.28,12.29,12.27,12.29,13068,2021-09-01 18:57:00,HLMN
12.29,12.3,12.29,12.3,3006,2021-09-01 18:58:00,HLMN
12.29,12.3,12.24,12.25,15662,2021-09-01 18:59:00,HLMN
12.25,12.26,12.225,12.25,20470,2021-09-01 19:00:00,HLMN
12.235,12.25,12.21,12.21,14500,2021-09-01 19:01:00,HLMN
12.23,12.25,12.23,12.24,4333,2021-09-01 19:02:00,HLMN
12.245,12.27,12.24,12.245,13500,2021-09-01 19:03:00,HLMN
12.245,12.245,12.245,12.245,100,2021-09-01 19:04:00,HLMN
12.245,12.27,12.245,12.245,18400,2021-09-01 19:05:00,HLMN
12.27,12.28,12.255,12.28,2509,2021-09-01 19:06:00,HLMN
12.28,12.3,12.26,12.3,11400,2021-09-01 19:07:00,HLMN
12.28,12.3,12.26,12.3,7315,2021-09-01 19:08:00,HLMN
12.3,12.3,12.26,12.285,8593,2021-09-01 19:09:00,HLMN
12.285,12.3,12.28,12.3,6846,2021-09-01 19:10:00,HLMN
12.2875,12.3,12.27,12.285,15087,2021-09-01 19:11:00,HLMN
12.3,12.3,12.28,12.29,7100,2021-09-01 19:12:00,HLMN
12.3,12.3,12.29,12.3,20488,2021-09-01 19:13:00,HLMN
12.3,12.3,12.295,12.295,9600,2021-09-01 19:14:00,HLMN
12.295,12.3,12.29,12.295,10600,2021-09-01 19:15:00,HLMN
12.295,12.295,12.295,12.295,4800,2021-09-01 19:16:00,HLMN
12.295,12.295,12.295,12.295,100,2021-09-01 19:17:00,HLMN
12.295,12.295,12.285,12.29,7203,2021-09-01 19:18:00,HLMN
12.29,12.29,12.28,12.29,31160,2021-09-01 19:19:00,HLMN
12.29,12.29,12.29,12.29,14069,2021-09-01 19:20:00,HLMN
12.3,12.3,12.29,12.29,2700,2021-09-01 19:21:00,HLMN
12.295,12.33,12.29,12.33,8854,2021-09-01 19:22:00,HLMN
12.315,12.37,12.315,12.37,21246,2021-09-01 19:23:00,HLMN
12.355,12.37,12.35,12.37,20898,2021-09-01 19:24:00,HLMN
12.37,12.37,12.35,12.35,8535,2021-09-01 19:25:00,HLMN
12.37,12.37,12.36,12.36,9933,2021-09-01 19:26:00,HLMN
12.36,12.36,12.345,12.345,22058,2021-09-01 19:27:00,HLMN
12.35,12.35,12.345,12.345,724,2021-09-01 19:28:00,HLMN
12.35,12.35,12.34,12.34,1800,2021-09-01 19:29:00,HLMN
12.345,12.35,12.33,12.33,35334,2021-09-01 19:30:00,HLMN
12.33,12.335,12.32,12.32,3611,2021-09-01 19:31:00,HLMN
12.305,12.32,12.305,12.305,17804,2021-09-01 19:32:00,HLMN
12.305,12.33,12.305,12.31,6178,2021-09-01 19:33:00,HLMN
12.33,12.36,12.32,12.345,9289,2021-09-01 19:34:00,HLMN
12.36,12.39,12.35,12.39,17136,2021-09-01 19:35:00,HLMN
12.385,12.39,12.38,12.385,24134,2021-09-01 19:36:00,HLMN
12.385,12.39,12.38,12.39,12196,2021-09-01 19:37:00,HLMN
12.38,12.39,12.38,12.39,900,2021-09-01 19:38:00,HLMN
12.39,12.41,12.39,12.41,6968,2021-09-01 19:39:00,HLMN
12.41,12.44,12.41,12.43,6843,2021-09-01 19:40:00,HLMN
12.43,12.43,12.42,12.43,39374,2021-09-01 19:41:00,HLMN
12.43,12.43,12.42,12.43,2900,2021-09-01 19:42:00,HLMN
12.43,12.43,12.425,12.43,3991,2021-09-01 19:43:00,HLMN
12.44,12.45,12.44,12.45,18060,2021-09-01 19:44:00,HLMN
12.445,12.45,12.44,12.445,34842,2021-09-01 19:45:00,HLMN
12.44,12.45,12.44,12.45,7938,2021-09-01 19:46:00,HLMN
12.45,12.47,12.445,12.465,29104,2021-09-01 19:47:00,HLMN
12.47,12.47,12.46,12.47,25376,2021-09-01 19:48:00,HLMN
12.46,12.47,12.46,12.46,13142,2021-09-01 19:49:00,HLMN
12.46,12.47,12.46,12.465,20063,2021-09-01 19:50:00,HLMN
12.47,12.48,12.46,12.48,32719,2021-09-01 19:51:00,HLMN
12.475,12.5,12.475,12.49,9479,2021-09-01 19:52:00,HLMN
12.495,12.5,12.49,12.495,40176,2021-09-01 19:53:00,HLMN
12.495,12.5,12.49,12.495,19968,2021-09-01 19:54:00,HLMN
12.495,12.498,12.49,12.49,1648,2021-09-01 19:55:00,HLMN
12.5,12.5,12.49,12.5,29815,2021-09-01 19:56:00,HLMN
12.5,12.5,12.49,12.5,50475,2021-09-01 19:57:00,HLMN
12.5,12.5,12.45,12.455,64284,2021-09-01 19:58:00,HLMN
12.45,12.46,12.39,12.42,101608,2021-09-01 19:59:00,HLMN
12.45,12.45,12.45,12.45,277483,2021-09-01 20:00:00,HLMN
12.45,12.45,12.45,12.45,25000,2021-09-01 21:16:00,HLMN
12.5,12.7,12.33,12.33,6088,2021-09-02 13:30:00,HLMN
12.475,12.555,12.33,12.33,4235,2021-09-02 13:32:00,HLMN
12.435,12.435,12.33,12.43,2000,2021-09-02 13:33:00,HLMN
12.43,12.43,12.34,12.36,600,2021-09-02 13:34:00,HLMN
12.43,12.49,12.36,12.44,4900,2021-09-02 13:35:00,HLMN
12.44,12.51,12.44,12.47,1712,2021-09-02 13:36:00,HLMN
12.49,12.51,12.43,12.475,5600,2021-09-02 13:37:00,HLMN
12.475,12.475,12.44,12.47,2100,2021-09-02 13:38:00,HLMN
12.43,12.43,12.35,12.39,4808,2021-09-02 13:39:00,HLMN
12.395,12.49,12.39,12.43,15500,2021-09-02 13:40:00,HLMN
12.455,12.455,12.45,12.455,69300,2021-09-02 13:41:00,HLMN
12.455,12.46,12.42,12.46,4900,2021-09-02 13:42:00,HLMN
12.46,12.465,12.46,12.465,2500,2021-09-02 13:43:00,HLMN
12.465,12.465,12.43,12.445,4523,2021-09-02 13:44:00,HLMN
12.465,12.5,12.44,12.44,14900,2021-09-02 13:45:00,HLMN
12.44,12.465,12.42,12.445,60000,2021-09-02 13:46:00,HLMN
12.445,12.445,12.41,12.43,8545,2021-09-02 13:47:00,HLMN
12.42,12.435,12.42,12.43,4700,2021-09-02 13:48:00,HLMN
12.435,12.45,12.39,12.42,9742,2021-09-02 13:49:00,HLMN
12.4,12.42,12.34,12.375,4052,2021-09-02 13:50:00,HLMN
12.375,12.45,12.35,12.405,7400,2021-09-02 13:51:00,HLMN
12.37,12.44,12.34,12.43,19509,2021-09-02 13:52:00,HLMN
12.4,12.4,12.4,12.4,2700,2021-09-02 13:53:00,HLMN
12.42,12.42,12.36,12.4,5101,2021-09-02 13:54:00,HLMN
12.4,12.45,12.39,12.42,22813,2021-09-02 13:55:00,HLMN
12.42,12.425,12.42,12.425,900,2021-09-02 13:56:00,HLMN
12.4275,12.4275,12.41,12.425,1200,2021-09-02 13:57:00,HLMN
12.425,12.425,12.42,12.425,400,2021-09-02 13:58:00,HLMN
12.42,12.44,12.42,12.44,1400,2021-09-02 13:59:00,HLMN
12.425,12.43,12.41,12.42,6380,2021-09-02 14:00:00,HLMN
12.43,12.44,12.42,12.435,10441,2021-09-02 14:01:00,HLMN
12.43,12.435,12.43,12.435,2005,2021-09-02 14:02:00,HLMN
12.435,12.435,12.41,12.425,14479,2021-09-02 14:03:00,HLMN
12.425,12.45,12.41,12.43,11595,2021-09-02 14:04:00,HLMN
12.43,12.5,12.43,12.455,38583,2021-09-02 14:05:00,HLMN
12.455,12.455,12.37,12.37,33813,2021-09-02 14:06:00,HLMN
12.4,12.4,12.385,12.395,1100,2021-09-02 14:07:00,HLMN
12.41,12.41,12.39,12.39,1303,2021-09-02 14:08:00,HLMN
12.44,12.44,12.38,12.41,2846,2021-09-02 14:09:00,HLMN
12.41,12.44,12.41,12.425,4800,2021-09-02 14:10:00,HLMN
12.46,12.46,12.4,12.42,5100,2021-09-02 14:11:00,HLMN
12.42,12.42,12.38,12.405,8839,2021-09-02 14:12:00,HLMN
12.4,12.405,12.37,12.395,6380,2021-09-02 14:13:00,HLMN
12.395,12.395,12.36,12.36,8393,2021-09-02 14:14:00,HLMN
12.39,12.44,12.39,12.42,34000,2021-09-02 14:15:00,HLMN
12.44,12.46,12.43,12.455,4500,2021-09-02 14:16:00,HLMN
12.46,12.46,12.46,12.46,100,2021-09-02 14:17:00,HLMN
12.46,12.48,12.43,12.43,1700,2021-09-02 14:18:00,HLMN
12.45,12.46,12.45,12.45,300,2021-09-02 14:19:00,HLMN
12.43,12.45,12.43,12.45,200,2021-09-02 14:20:00,HLMN
12.46,12.46,12.43,12.455,10261,2021-09-02 14:21:00,HLMN
12.47,12.47,12.42,12.42,11791,2021-09-02 14:22:00,HLMN
12.435,12.45,12.42,12.44,6900,2021-09-02 14:23:00,HLMN
12.45,12.45,12.41,12.41,4000,2021-09-02 14:24:00,HLMN
12.43,12.435,12.4,12.42,42513,2021-09-02 14:25:00,HLMN
12.42,12.42,12.4,12.4,5610,2021-09-02 14:26:00,HLMN
12.4,12.44,12.38,12.425,59776,2021-09-02 14:27:00,HLMN
12.425,12.435,12.39,12.39,9212,2021-09-02 14:28:00,HLMN
12.39,12.41,12.38,12.395,6833,2021-09-02 14:29:00,HLMN
12.395,12.41,12.38,12.39,6100,2021-09-02 14:30:00,HLMN
12.39,12.39,12.38,12.385,5512,2021-09-02 14:31:00,HLMN
12.38,12.4,12.38,12.385,1900,2021-09-02 14:32:00,HLMN
12.4,12.4,12.35,12.37,6500,2021-09-02 14:33:00,HLMN
12.39,12.4,12.37,12.4,2000,2021-09-02 14:34:00,HLMN
12.405,12.41,12.405,12.405,4500,2021-09-02 14:35:00,HLMN
12.405,12.44,12.37,12.44,9900,2021-09-02 14:36:00,HLMN
12.41,12.41,12.41,12.41,1300,2021-09-02 14:37:00,HLMN
12.41,12.41,12.39,12.41,3600,2021-09-02 14:38:00,HLMN
12.41,12.43,12.39,12.39,13900,2021-09-02 14:39:00,HLMN
12.41,12.43,12.39,12.39,4300,2021-09-02 14:40:00,HLMN
12.39,12.395,12.37,12.38,6100,2021-09-02 14:41:00,HLMN
12.38,12.4,12.38,12.39,7800,2021-09-02 14:42:00,HLMN
12.4,12.435,12.4,12.435,5941,2021-09-02 14:43:00,HLMN
12.435,12.45,12.41,12.42,17083,2021-09-02 14:44:00,HLMN
12.415,12.425,12.41,12.415,3700,2021-09-02 14:45:00,HLMN
12.43,12.44,12.41,12.425,3100,2021-09-02 14:46:00,HLMN
12.425,12.44,12.41,12.43,11634,2021-09-02 14:47:00,HLMN
12.43,12.44,12.41,12.41,14625,2021-09-02 14:48:00,HLMN
12.425,12.43,12.41,12.42,11209,2021-09-02 14:49:00,HLMN
12.425,12.44,12.42,12.42,1100,2021-09-02 14:50:00,HLMN
12.44,12.44,12.41,12.425,15600,2021-09-02 14:51:00,HLMN
12.425,12.44,12.42,12.42,4400,2021-09-02 14:52:00,HLMN
12.425,12.44,12.42,12.44,5800,2021-09-02 14:53:00,HLMN
12.43,12.43,12.4183,12.4183,1041,2021-09-02 14:54:00,HLMN
12.425,12.49,12.42,12.455,44876,2021-09-02 14:55:00,HLMN
12.455,12.48,12.44,12.48,7200,2021-09-02 14:56:00,HLMN
12.48,12.49,12.44,12.45,8764,2021-09-02 14:57:00,HLMN
12.48,12.48,12.45,12.45,4100,2021-09-02 14:58:00,HLMN
12.48,12.48,12.45,12.48,500,2021-09-02 14:59:00,HLMN
12.475,12.475,12.45,12.45,18877,2021-09-02 15:00:00,HLMN
12.46,12.47,12.41,12.435,14222,2021-09-02 15:01:00,HLMN
12.44,12.44,12.4301,12.4301,400,2021-09-02 15:02:00,HLMN
12.43,12.465,12.43,12.45,6500,2021-09-02 15:03:00,HLMN
12.45,12.46,12.44,12.45,3800,2021-09-02 15:04:00,HLMN
12.45,12.46,12.44,12.45,21038,2021-09-02 15:05:00,HLMN
12.45,12.45,12.45,12.45,600,2021-09-02 15:06:00,HLMN
12.45,12.45,12.44,12.45,4891,2021-09-02 15:07:00,HLMN
12.45,12.45,12.44,12.45,1700,2021-09-02 15:08:00,HLMN
12.44,12.455,12.43,12.455,54820,2021-09-02 15:09:00,HLMN
12.455,12.47,12.44,12.455,12827,2021-09-02 15:10:00,HLMN
12.44,12.45,12.44,12.45,200,2021-09-02 15:11:00,HLMN
12.45,12.45,12.42,12.42,3421,2021-09-02 15:12:00,HLMN
12.41,12.45,12.37,12.45,42162,2021-09-02 15:13:00,HLMN
12.44,12.46,12.43,12.455,5548,2021-09-02 15:14:00,HLMN
12.45,12.46,12.43,12.44,13700,2021-09-02 15:15:00,HLMN
12.44,12.44,12.43,12.435,6200,2021-09-02 15:16:00,HLMN
12.43,12.44,12.43,12.44,6004,2021-09-02 15:17:00,HLMN
12.44,12.44,12.43,12.435,5983,2021-09-02 15:18:00,HLMN
12.435,12.435,12.42,12.425,2329,2021-09-02 15:19:00,HLMN
12.425,12.425,12.42,12.425,1200,2021-09-02 15:20:00,HLMN
12.42,12.43,12.41,12.41,15480,2021-09-02 15:21:00,HLMN
12.42,12.42,12.42,12.42,200,2021-09-02 15:22:00,HLMN
12.43,12.45,12.42,12.44,9900,2021-09-02 15:23:00,HLMN
12.45,12.46,12.44,12.45,600,2021-09-02 15:24:00,HLMN
12.46,12.46,12.44,12.44,15500,2021-09-02 15:25:00,HLMN
12.44,12.47,12.43,12.44,14248,2021-09-02 15:26:00,HLMN
12.44,12.44,12.39,12.43,11069,2021-09-02 15:27:00,HLMN
12.42,12.44,12.41,12.435,10300,2021-09-02 15:28:00,HLMN
12.43,12.44,12.42,12.43,17697,2021-09-02 15:29:00,HLMN
12.44,12.445,12.43,12.445,2500,2021-09-02 15:30:00,HLMN
12.44,12.45,12.44,12.44,1700,2021-09-02 15:31:00,HLMN
12.44,12.45,12.44,12.45,6400,2021-09-02 15:32:00,HLMN
12.45,12.46,12.44,12.45,7800,2021-09-02 15:33:00,HLMN
12.45,12.45,12.45,12.45,200,2021-09-02 15:34:00,HLMN
12.45,12.46,12.44,12.46,800,2021-09-02 15:35:00,HLMN
12.455,12.485,12.44,12.485,14389,2021-09-02 15:36:00,HLMN
12.485,12.5,12.47,12.48,21644,2021-09-02 15:37:00,HLMN
12.48,12.49,12.47,12.4728,2358,2021-09-02 15:38:00,HLMN
12.48,12.48,12.47,12.47,200,2021-09-02 15:40:00,HLMN
12.49,12.49,12.47,12.48,3100,2021-09-02 15:41:00,HLMN
12.485,12.5,12.485,12.485,400,2021-09-02 15:42:00,HLMN
12.5,12.5,12.47,12.5,2004,2021-09-02 15:43:00,HLMN
12.485,12.5,12.47,12.485,17942,2021-09-02 15:44:00,HLMN
12.485,12.5,12.47,12.49,15279,2021-09-02 15:45:00,HLMN
12.48,12.48,12.48,12.48,400,2021-09-02 15:46:00,HLMN
12.48,12.48,12.48,12.48,100,2021-09-02 15:47:00,HLMN
12.48,12.49,12.47,12.49,4100,2021-09-02 15:48:00,HLMN
12.49,12.49,12.47,12.47,12801,2021-09-02 15:49:00,HLMN
12.48,12.49,12.47,12.485,15131,2021-09-02 15:50:00,HLMN
12.49,12.52,12.49,12.505,6206,2021-09-02 15:51:00,HLMN
12.505,12.52,12.49,12.49,9306,2021-09-02 15:52:00,HLMN
12.49,12.49,12.47,12.47,5300,2021-09-02 15:53:00,HLMN
12.48,12.48,12.48,12.48,100,2021-09-02 15:54:00,HLMN
12.49,12.5,12.47,12.5,6000,2021-09-02 15:55:00,HLMN
12.49,12.5,12.49,12.5,553,2021-09-02 15:56:00,HLMN
12.5,12.5,12.48,12.49,4000,2021-09-02 15:57:00,HLMN
12.5,12.5,12.48,12.49,11500,2021-09-02 15:58:00,HLMN
12.49,12.5,12.49,12.5,6100,2021-09-02 15:59:00,HLMN
12.51,12.51,12.49,12.49,3350,2021-09-02 16:00:00,HLMN
12.5,12.5,12.5,12.5,572,2021-09-02 16:01:00,HLMN
12.49,12.5,12.49,12.495,6100,2021-09-02 16:02:00,HLMN
12.49,12.495,12.43,12.45,4662,2021-09-02 16:03:00,HLMN
12.45,12.46,12.44,12.44,10713,2021-09-02 16:04:00,HLMN
12.445,12.45,12.44,12.45,19815,2021-09-02 16:05:00,HLMN
12.45,12.45,12.43,12.43,8166,2021-09-02 16:06:00,HLMN
12.43,12.435,12.43,12.43,2900,2021-09-02 16:07:00,HLMN
12.435,12.44,12.43,12.435,1400,2021-09-02 16:08:00,HLMN
12.43,12.47,12.43,12.465,6600,2021-09-02 16:09:00,HLMN
12.47,12.49,12.43,12.45,20184,2021-09-02 16:10:00,HLMN
12.44,12.46,12.44,12.46,1862,2021-09-02 16:11:00,HLMN
12.46,12.47,12.46,12.46,900,2021-09-02 16:12:00,HLMN
12.47,12.47,12.45,12.47,800,2021-09-02 16:13:00,HLMN
12.47,12.47,12.45,12.46,11374,2021-09-02 16:14:00,HLMN
12.46,12.46,12.46,12.46,617,2021-09-02 16:15:00,HLMN
12.46,12.46,12.46,12.46,400,2021-09-02 16:16:00,HLMN
12.46,12.47,12.45,12.46,3900,2021-09-02 16:17:00,HLMN
12.46,12.47,12.45,12.47,3800,2021-09-02 16:18:00,HLMN
12.47,12.485,12.45,12.47,8995,2021-09-02 16:19:00,HLMN
12.47,12.475,12.46,12.47,1400,2021-09-02 16:20:00,HLMN
12.47,12.47,12.45,12.45,2300,2021-09-02 16:21:00,HLMN
12.45,12.455,12.43,12.445,37129,2021-09-02 16:22:00,HLMN
12.45,12.45,12.43,12.44,11359,2021-09-02 16:23:00,HLMN
12.43,12.45,12.43,12.45,12169,2021-09-02 16:24:00,HLMN
12.445,12.45,12.43,12.44,6335,2021-09-02 16:25:00,HLMN
12.45,12.45,12.44,12.445,1200,2021-09-02 16:26:00,HLMN
12.44,12.45,12.44,12.45,2100,2021-09-02 16:27:00,HLMN
12.44,12.45,12.44,12.44,5400,2021-09-02 16:28:00,HLMN
12.44,12.45,12.44,12.44,5800,2021-09-02 16:29:00,HLMN
12.445,12.47,12.44,12.45,12280,2021-09-02 16:30:00,HLMN
12.46,12.47,12.45,12.45,78384,2021-09-02 16:31:00,HLMN
12.45,12.455,12.42,12.43,5044,2021-09-02 16:32:00,HLMN
12.43,12.43,12.43,12.43,100,2021-09-02 16:33:00,HLMN
12.43,12.43,12.43,12.43,200,2021-09-02 16:34:00,HLMN
12.43,12.44,12.43,12.435,10634,2021-09-02 16:35:00,HLMN
12.435,12.44,12.43,12.44,8000,2021-09-02 16:36:00,HLMN
12.44,12.46,12.44,12.45,4890,2021-09-02 16:37:00,HLMN
12.45,12.45,12.45,12.45,1700,2021-09-02 16:38:00,HLMN
12.45,12.45,12.44,12.4434,1700,2021-09-02 16:39:00,HLMN
12.45,12.46,12.44,12.44,24731,2021-09-02 16:40:00,HLMN
12.44,12.45,12.44,12.445,1700,2021-09-02 16:41:00,HLMN
12.445,12.45,12.445,12.45,1100,2021-09-02 16:42:00,HLMN
12.45,12.45,12.44,12.44,1300,2021-09-02 16:43:00,HLMN
12.45,12.45,12.45,12.45,300,2021-09-02 16:44:00,HLMN
12.46,12.46,12.43,12.45,19210,2021-09-02 16:45:00,HLMN
12.45,12.47,12.45,12.47,1401,2021-09-02 16:46:00,HLMN
12.48,12.5,12.46,12.46,17412,2021-09-02 16:47:00,HLMN
12.46,12.47,12.45,12.455,12194,2021-09-02 16:48:00,HLMN
12.45,12.46,12.45,12.46,3752,2021-09-02 16:49:00,HLMN
12.45,12.455,12.45,12.455,4000,2021-09-02 16:50:00,HLMN
12.455,12.47,12.43,12.445,33600,2021-09-02 16:51:00,HLMN
12.445,12.47,12.44,12.455,26583,2021-09-02 16:52:00,HLMN
12.455,12.46,12.44,12.46,1964,2021-09-02 16:53:00,HLMN
12.46,12.47,12.44,12.45,30366,2021-09-02 16:54:00,HLMN
12.45,12.46,12.44,12.45,10749,2021-09-02 16:55:00,HLMN
12.45,12.46,12.44,12.46,1586,2021-09-02 16:56:00,HLMN
12.45,12.46,12.44,12.45,4173,2021-09-02 16:57:00,HLMN
12.45,12.46,12.43,12.435,17334,2021-09-02 16:58:00,HLMN
12.44,12.45,12.44,12.45,300,2021-09-02 16:59:00,HLMN
12.44,12.46,12.43,12.44,19530,2021-09-02 17:00:00,HLMN
12.44,12.45,12.43,12.44,3300,2021-09-02 17:01:00,HLMN
12.45,12.45,12.43,12.45,10749,2021-09-02 17:02:00,HLMN
12.44,12.45,12.44,12.445,4390,2021-09-02 17:03:00,HLMN
12.445,12.45,12.445,12.45,440,2021-09-02 17:04:00,HLMN
12.45,12.46,12.44,12.46,114635,2021-09-02 17:05:00,HLMN
12.46,12.46,12.45,12.46,3000,2021-09-02 17:06:00,HLMN
12.47,12.48,12.46,12.48,3358,2021-09-02 17:07:00,HLMN
12.47,12.475,12.45,12.47,16286,2021-09-02 17:08:00,HLMN
12.4629,12.48,12.45,12.46,77924,2021-09-02 17:09:00,HLMN
12.46,12.46,12.46,12.46,200,2021-09-02 17:10:00,HLMN
12.45,12.47,12.45,12.455,14808,2021-09-02 17:13:00,HLMN
12.455,12.46,12.44,12.44,19566,2021-09-02 17:14:00,HLMN
12.44,12.45,12.44,12.44,5174,2021-09-02 17:15:00,HLMN
12.45,12.45,12.44,12.44,7591,2021-09-02 17:16:00,HLMN
12.4499,12.46,12.4499,12.46,103039,2021-09-02 17:17:00,HLMN
12.46,12.48,12.46,12.47,6600,2021-09-02 17:18:00,HLMN
12.48,12.48,12.45,12.45,9042,2021-09-02 17:19:00,HLMN
12.45,12.45,12.44,12.44,5815,2021-09-02 17:20:00,HLMN
12.44,12.45,12.425,12.43,10858,2021-09-02 17:21:00,HLMN
12.43,12.43,12.43,12.43,100,2021-09-02 17:22:00,HLMN
12.43,12.44,12.43,12.44,2300,2021-09-02 17:23:00,HLMN
12.44,12.45,12.43,12.445,10299,2021-09-02 17:24:00,HLMN
12.445,12.45,12.43,12.44,35708,2021-09-02 17:25:00,HLMN
12.44,12.45,12.43,12.45,7230,2021-09-02 17:26:00,HLMN
12.44,12.45,12.43,12.445,6858,2021-09-02 17:27:00,HLMN
12.45,12.45,12.44,12.445,4700,2021-09-02 17:28:00,HLMN
12.45,12.45,12.44,12.45,9202,2021-09-02 17:29:00,HLMN
12.45,12.45,12.44,12.445,2500,2021-09-02 17:30:00,HLMN
12.45,12.45,12.44,12.44,2800,2021-09-02 17:31:00,HLMN
12.45,12.45,12.44,12.445,1000,2021-09-02 17:32:00,HLMN
12.44,12.445,12.44,12.445,1200,2021-09-02 17:33:00,HLMN
12.44,12.445,12.44,12.445,2400,2021-09-02 17:34:00,HLMN
12.445,12.445,12.42,12.425,14973,2021-09-02 17:35:00,HLMN
12.43,12.45,12.43,12.44,5100,2021-09-02 17:36:00,HLMN
12.45,12.45,12.43,12.44,8312,2021-09-02 17:37:00,HLMN
12.445,12.45,12.44,12.45,2700,2021-09-02 17:38:00,HLMN
12.445,12.45,12.44,12.445,5898,2021-09-02 17:39:00,HLMN
12.445,12.4616,12.44,12.455,19820,2021-09-02 17:40:00,HLMN
12.46,12.46,12.455,12.46,2339,2021-09-02 17:41:00,HLMN
12.465,12.465,12.45,12.46,1700,2021-09-02 17:42:00,HLMN
12.47,12.47,12.45,12.47,2900,2021-09-02 17:43:00,HLMN
12.47,12.47,12.46,12.46,1400,2021-09-02 17:44:00,HLMN
12.47,12.47,12.45,12.46,3800,2021-09-02 17:45:00,HLMN
12.47,12.47,12.45,12.47,3600,2021-09-02 17:46:00,HLMN
12.47,12.47,12.46,12.46,1608,2021-09-02 17:47:00,HLMN
12.46,12.47,12.45,12.46,25115,2021-09-02 17:48:00,HLMN
12.46,12.46,12.455,12.46,1800,2021-09-02 17:49:00,HLMN
12.455,12.46,12.45,12.46,20460,2021-09-02 17:50:00,HLMN
12.47,12.47,12.45,12.46,2704,2021-09-02 17:51:00,HLMN
12.46,12.46,12.44,12.44,12989,2021-09-02 17:52:00,HLMN
12.45,12.45,12.44,12.44,3942,2021-09-02 17:53:00,HLMN
12.44,12.449,12.44,12.44,1906,2021-09-02 17:54:00,HLMN
12.44,12.445,12.44,12.44,1620,2021-09-02 17:55:00,HLMN
12.45,12.45,12.43,12.44,20166,2021-09-02 17:56:00,HLMN
12.44,12.45,12.42,12.42,14969,2021-09-02 17:57:00,HLMN
12.425,12.43,12.42,12.43,2100,2021-09-02 17:58:00,HLMN
12.43,12.45,12.43,12.43,6313,2021-09-02 17:59:00,HLMN
12.435,12.435,12.425,12.425,2163,2021-09-02 18:00:00,HLMN
12.42,12.425,12.42,12.425,3400,2021-09-02 18:01:00,HLMN
12.425,12.425,12.325,12.36,16736,2021-09-02 18:02:00,HLMN
12.355,12.39,12.35,12.37,3395,2021-09-02 18:03:00,HLMN
12.37,12.37,12.32,12.365,7668,2021-09-02 18:04:00,HLMN
12.37,12.39,12.35,12.38,8978,2021-09-02 18:05:00,HLMN
12.38,12.38,12.38,12.38,100,2021-09-02 18:06:00,HLMN
12.39,12.39,12.37,12.375,500,2021-09-02 18:07:00,HLMN
12.37,12.375,12.36,12.37,1100,2021-09-02 18:08:00,HLMN
12.38,12.4,12.37,12.37,3000,2021-09-02 18:09:00,HLMN
12.385,12.39,12.36,12.37,6800,2021-09-02 18:10:00,HLMN
12.36,12.36,12.34,12.34,2476,2021-09-02 18:11:00,HLMN
12.35,12.35,12.31,12.31,3829,2021-09-02 18:13:00,HLMN
12.29,12.3,12.26,12.3,6148,2021-09-02 18:14:00,HLMN
12.305,12.33,12.305,12.315,600,2021-09-02 18:15:00,HLMN
12.31,12.33,12.31,12.33,200,2021-09-02 18:16:00,HLMN
12.3,12.3,12.24,12.255,10270,2021-09-02 18:18:00,HLMN
12.25,12.29,12.23,12.26,4734,2021-09-02 18:19:00,HLMN
12.25,12.3,12.25,12.3,1900,2021-09-02 18:20:00,HLMN
12.3,12.32,12.28,12.3,6400,2021-09-02 18:21:00,HLMN
12.3,12.32,12.28,12.31,17400,2021-09-02 18:22:00,HLMN
12.325,12.34,12.31,12.32,2012,2021-09-02 18:23:00,HLMN
12.325,12.325,12.3,12.305,5800,2021-09-02 18:24:00,HLMN
12.31,12.34,12.31,12.325,1600,2021-09-02 18:25:00,HLMN
12.33,12.34,12.32,12.33,6400,2021-09-02 18:26:00,HLMN
12.34,12.37,12.34,12.355,426,2021-09-02 18:27:00,HLMN
12.36,12.37,12.32,12.32,3700,2021-09-02 18:28:00,HLMN
12.335,12.35,12.335,12.34,1000,2021-09-02 18:29:00,HLMN
12.34,12.34,12.33,12.33,2100,2021-09-02 18:30:00,HLMN
12.34,12.34,12.32,12.33,633,2021-09-02 18:31:00,HLMN
12.32,12.33,12.27,12.27,2500,2021-09-02 18:32:00,HLMN
12.3,12.3,12.28,12.28,1700,2021-09-02 18:33:00,HLMN
12.29,12.29,12.26,12.26,4840,2021-09-02 18:34:00,HLMN
12.27,12.28,12.2,12.235,10400,2021-09-02 18:35:00,HLMN
12.26,12.29,12.24,12.26,2500,2021-09-02 18:36:00,HLMN
12.29,12.29,12.26,12.27,3100,2021-09-02 18:37:00,HLMN
12.27,12.28,12.26,12.28,700,2021-09-02 18:38:00,HLMN
12.28,12.28,12.28,12.28,100,2021-09-02 18:39:00,HLMN
12.26,12.28,12.26,12.27,700,2021-09-02 18:40:00,HLMN
12.28,12.3,12.26,12.3,2600,2021-09-02 18:41:00,HLMN
12.3,12.3,12.27,12.28,2421,2021-09-02 18:42:00,HLMN
12.3,12.3,12.26,12.285,2100,2021-09-02 18:43:00,HLMN
12.3,12.3,12.27,12.285,3900,2021-09-02 18:44:00,HLMN
12.3,12.32,12.27,12.29,17477,2021-09-02 18:45:00,HLMN
12.305,12.31,12.29,12.31,1125,2021-09-02 18:46:00,HLMN
12.305,12.305,12.2201,12.23,10878,2021-09-02 18:47:00,HLMN
12.25,12.28,12.24,12.26,9050,2021-09-02 18:48:00,HLMN
12.25,12.25,12.23,12.23,2237,2021-09-02 18:49:00,HLMN
12.24,12.26,12.23,12.24,800,2021-09-02 18:50:00,HLMN
12.27,12.27,12.24,12.255,500,2021-09-02 18:51:00,HLMN
12.255,12.255,12.24,12.255,4048,2021-09-02 18:52:00,HLMN
12.255,12.27,12.24,12.25,4300,2021-09-02 18:53:00,HLMN
12.26,12.27,12.25,12.27,7959,2021-09-02 18:54:00,HLMN
12.28,12.28,12.28,12.28,200,2021-09-02 18:55:00,HLMN
12.27,12.27,12.27,12.27,200,2021-09-02 18:56:00,HLMN
12.26,12.26,12.25,12.25,1400,2021-09-02 18:57:00,HLMN
12.27,12.27,12.25,12.25,800,2021-09-02 18:58:00,HLMN
12.27,12.27,12.25,12.25,3636,2021-09-02 18:59:00,HLMN
12.26,12.27,12.25,12.27,6100,2021-09-02 19:00:00,HLMN
12.26,12.275,12.24,12.25,7476,2021-09-02 19:01:00,HLMN
12.26,12.26,12.24,12.24,667,2021-09-02 19:02:00,HLMN
12.25,12.25,12.24,12.24,500,2021-09-02 19:03:00,HLMN
12.26,12.26,12.26,12.26,100,2021-09-02 19:04:00,HLMN
12.26,12.27,12.25,12.27,8500,2021-09-02 19:05:00,HLMN
12.26,12.28,12.26,12.28,1425,2021-09-02 19:06:00,HLMN
12.275,12.29,12.26,12.27,8849,2021-09-02 19:07:00,HLMN
12.27,12.29,12.26,12.29,1900,2021-09-02 19:08:00,HLMN
12.29,12.29,12.27,12.29,10800,2021-09-02 19:09:00,HLMN
12.28,12.29,12.27,12.28,2947,2021-09-02 19:10:00,HLMN
12.29,12.29,12.27,12.28,500,2021-09-02 19:11:00,HLMN
12.32,12.35,12.3,12.34,7353,2021-09-02 19:12:00,HLMN
12.35,12.36,12.34,12.34,7200,2021-09-02 19:13:00,HLMN
12.36,12.39,12.35,12.39,2932,2021-09-02 19:14:00,HLMN
12.4,12.42,12.37,12.4,5760,2021-09-02 19:15:00,HLMN
12.4,12.43,12.35,12.35,19196,2021-09-02 19:16:00,HLMN
12.365,12.365,12.365,12.365,100,2021-09-02 19:17:00,HLMN
12.38,12.41,12.38,12.38,1700,2021-09-02 19:18:00,HLMN
12.41,12.42,12.39,12.39,9300,2021-09-02 19:19:00,HLMN
12.41,12.41,12.35,12.37,3510,2021-09-02 19:20:00,HLMN
12.38,12.39,12.36,12.375,1304,2021-09-02 19:21:00,HLMN
12.39,12.39,12.36,12.375,1100,2021-09-02 19:22:00,HLMN
12.375,12.39,12.36,12.39,5402,2021-09-02 19:23:00,HLMN
12.39,12.4,12.39,12.4,1700,2021-09-02 19:24:00,HLMN
12.4,12.42,12.4,12.405,5169,2021-09-02 19:25:00,HLMN
12.42,12.43,12.41,12.42,2813,2021-09-02 19:26:00,HLMN
12.415,12.42,12.4,12.41,3899,2021-09-02 19:27:00,HLMN
12.42,12.42,12.32,12.355,11801,2021-09-02 19:28:00,HLMN
12.36,12.38,12.35,12.36,5250,2021-09-02 19:29:00,HLMN
12.37,12.38,12.36,12.38,4720,2021-09-02 19:30:00,HLMN
12.38,12.39,12.37,12.39,6452,2021-09-02 19:31:00,HLMN
12.39,12.39,12.37,12.375,9490,2021-09-02 19:32:00,HLMN
12.38,12.38,12.32,12.325,6566,2021-09-02 19:33:00,HLMN
12.33,12.34,12.32,12.34,6600,2021-09-02 19:34:00,HLMN
12.33,12.33,12.27,12.27,7065,2021-09-02 19:35:00,HLMN
12.285,12.31,12.28,12.31,3609,2021-09-02 19:36:00,HLMN
12.29,12.32,12.28,12.31,9543,2021-09-02 19:37:00,HLMN
12.315,12.34,12.3,12.34,1000,2021-09-02 19:38:00,HLMN
12.35,12.35,12.32,12.32,24907,2021-09-02 19:39:00,HLMN
12.33,12.33,12.32,12.32,400,2021-09-02 19:40:00,HLMN
12.34,12.36,12.32,12.33,1888,2021-09-02 19:41:00,HLMN
12.35,12.38,12.34,12.355,3003,2021-09-02 19:42:00,HLMN
12.36,12.39,12.33,12.345,21682,2021-09-02 19:43:00,HLMN
12.33,12.355,12.33,12.355,2100,2021-09-02 19:44:00,HLMN
12.355,12.37,12.34,12.36,30016,2021-09-02 19:45:00,HLMN
12.36,12.38,12.36,12.38,2100,2021-09-02 19:46:00,HLMN
12.38,12.41,12.36,12.4,4601,2021-09-02 19:47:00,HLMN
12.395,12.42,12.38,12.41,7680,2021-09-02 19:48:00,HLMN
12.41,12.41,12.4,12.41,16606,2021-09-02 19:49:00,HLMN
12.42,12.44,12.42,12.44,4760,2021-09-02 19:50:00,HLMN
12.43,12.445,12.42,12.44,10484,2021-09-02 19:51:00,HLMN
12.43,12.44,12.42,12.42,13980,2021-09-02 19:52:00,HLMN
12.42,12.43,12.42,12.42,8299,2021-09-02 19:53:00,HLMN
12.42,12.45,12.42,12.45,8398,2021-09-02 19:54:00,HLMN
12.46,12.47,12.44,12.47,7710,2021-09-02 19:55:00,HLMN
12.46,12.47,12.46,12.465,19353,2021-09-02 19:56:00,HLMN
12.465,12.49,12.46,12.49,12644,2021-09-02 19:57:00,HLMN
12.49,12.49,12.45,12.45,27841,2021-09-02 19:58:00,HLMN
12.45,12.47,12.39,12.39,36314,2021-09-02 19:59:00,HLMN
12.43,12.43,12.43,12.43,25766,2021-09-02 20:00:00,HLMN
12.41,12.5,12.41,12.5,2545,2021-09-03 13:30:00,HLMN
12.5,12.5,12.5,12.5,100,2021-09-03 13:31:00,HLMN
12.49,12.52,12.49,12.515,400,2021-09-03 13:32:00,HLMN
12.53,12.53,12.53,12.53,100,2021-09-03 13:34:00,HLMN
12.45,12.45,12.45,12.45,100,2021-09-03 13:36:00,HLMN
12.4404,12.4404,12.42,12.42,2952,2021-09-03 13:39:00,HLMN
12.405,12.405,12.405,12.405,100,2021-09-03 13:40:00,HLMN
12.43,12.43,12.43,12.43,546,2021-09-03 13:41:00,HLMN
12.48,12.48,12.48,12.48,200,2021-09-03 13:43:00,HLMN
12.48,12.48,12.48,12.48,236,2021-09-03 13:44:00,HLMN
12.5,12.5,12.5,12.5,100,2021-09-03 13:45:00,HLMN
12.5,12.55,12.5,12.52,791,2021-09-03 13:46:00,HLMN
12.52,12.52,12.52,12.52,200,2021-09-03 13:47:00,HLMN
12.52,12.52,12.52,12.52,800,2021-09-03 13:48:00,HLMN
12.52,12.56,12.52,12.52,300,2021-09-03 13:49:00,HLMN
12.52,12.52,12.52,12.52,481,2021-09-03 13:50:00,HLMN
12.52,12.52,12.52,12.52,200,2021-09-03 13:51:00,HLMN
12.52,12.52,12.52,12.52,100,2021-09-03 13:53:00,HLMN
12.52,12.52,12.44,12.44,8666,2021-09-03 13:54:00,HLMN
12.455,12.46,12.43,12.45,3671,2021-09-03 13:55:00,HLMN
12.46,12.49,12.46,12.49,3868,2021-09-03 13:56:00,HLMN
12.46,12.475,12.44,12.46,4800,2021-09-03 13:57:00,HLMN
12.46,12.47,12.45,12.47,53340,2021-09-03 13:58:00,HLMN
12.5,12.53,12.47,12.495,36042,2021-09-03 13:59:00,HLMN
12.47,12.52,12.47,12.51,4666,2021-09-03 14:00:00,HLMN
12.51,12.51,12.47,12.47,14269,2021-09-03 14:01:00,HLMN
12.475,12.5,12.47,12.5,26928,2021-09-03 14:02:00,HLMN
12.515,12.515,12.515,12.515,200,2021-09-03 14:03:00,HLMN
12.48,12.515,12.48,12.48,8287,2021-09-03 14:05:00,HLMN
12.515,12.515,12.48,12.485,8262,2021-09-03 14:06:00,HLMN
12.48,12.48,12.48,12.48,300,2021-09-03 14:07:00,HLMN
12.485,12.49,12.47,12.47,8941,2021-09-03 14:08:00,HLMN
12.47,12.47,12.46,12.46,2200,2021-09-03 14:09:00,HLMN
12.46,12.48,12.46,12.46,2397,2021-09-03 14:10:00,HLMN
12.46,12.465,12.44,12.44,2295,2021-09-03 14:11:00,HLMN
12.41,12.44,12.36,12.37,3123,2021-09-03 14:12:00,HLMN
12.37,12.39,12.33,12.33,5268,2021-09-03 14:13:00,HLMN
12.33,12.43,12.33,12.43,11675,2021-09-03 14:14:00,HLMN
12.43,12.43,12.42,12.43,1196,2021-09-03 14:15:00,HLMN
12.4,12.44,12.4,12.44,8079,2021-09-03 14:16:00,HLMN
12.48,12.5,12.46,12.5,2705,2021-09-03 14:17:00,HLMN
12.505,12.52,12.48,12.52,1800,2021-09-03 14:18:00,HLMN
12.5,12.505,12.47,12.47,8118,2021-09-03 14:19:00,HLMN
12.485,12.485,12.45,12.45,10846,2021-09-03 14:21:00,HLMN
12.45,12.465,12.45,12.45,800,2021-09-03 14:22:00,HLMN
12.46,12.46,12.46,12.46,400,2021-09-03 14:23:00,HLMN
12.47,12.475,12.46,12.47,6679,2021-09-03 14:24:00,HLMN
12.47,12.47,12.47,12.47,100,2021-09-03 14:25:00,HLMN
12.47,12.475,12.47,12.475,1100,2021-09-03 14:26:00,HLMN
12.475,12.475,12.475,12.475,500,2021-09-03 14:27:00,HLMN
12.475,12.475,12.46,12.46,3125,2021-09-03 14:28:00,HLMN
12.465,12.475,12.465,12.47,2400,2021-09-03 14:30:00,HLMN
12.47,12.47,12.46,12.47,800,2021-09-03 14:31:00,HLMN
12.47,12.48,12.47,12.48,3328,2021-09-03 14:32:00,HLMN
12.48,12.48,12.48,12.48,100,2021-09-03 14:34:00,HLMN
12.48,12.56,12.48,12.52,34345,2021-09-03 14:35:00,HLMN
12.535,12.55,12.535,12.55,2000,2021-09-03 14:36:00,HLMN
12.55,12.56,12.51,12.51,28399,2021-09-03 14:37:00,HLMN
12.515,12.515,12.515,12.515,100,2021-09-03 14:38:00,HLMN
12.515,12.5167,12.48,12.5167,600,2021-09-03 14:39:00,HLMN
12.48,12.48,12.48,12.48,300,2021-09-03 14:40:00,HLMN
12.48,12.5,12.48,12.5,2900,2021-09-03 14:41:00,HLMN
12.48,12.51,12.48,12.48,8989,2021-09-03 14:42:00,HLMN
12.505,12.505,12.48,12.505,2000,2021-09-03 14:43:00,HLMN
12.5,12.51,12.48,12.51,1600,2021-09-03 14:44:00,HLMN
12.51,12.51,12.49,12.49,900,2021-09-03 14:45:00,HLMN
12.51,12.51,12.51,12.51,200,2021-09-03 14:46:00,HLMN
12.5,12.51,12.49,12.5,1700,2021-09-03 14:47:00,HLMN
12.5,12.51,12.5,12.51,1600,2021-09-03 14:48:00,HLMN
12.5,12.51,12.49,12.51,1968,2021-09-03 14:49:00,HLMN
12.52,12.52,12.51,12.51,1476,2021-09-03 14:50:00,HLMN
12.51,12.51,12.51,12.51,1000,2021-09-03 14:51:00,HLMN
12.51,12.52,12.51,12.52,700,2021-09-03 14:52:00,HLMN
12.52,12.55,12.51,12.53,3200,2021-09-03 14:53:00,HLMN
12.525,12.54,12.525,12.54,400,2021-09-03 14:54:00,HLMN
12.54,12.56,12.5,12.55,33270,2021-09-03 14:55:00,HLMN
12.555,12.56,12.55,12.555,12493,2021-09-03 14:56:00,HLMN
12.555,12.555,12.54,12.545,58921,2021-09-03 14:57:00,HLMN
12.54,12.55,12.54,12.55,32297,2021-09-03 14:58:00,HLMN
12.545,12.55,12.545,12.55,587,2021-09-03 14:59:00,HLMN
12.55,12.555,12.55,12.55,7174,2021-09-03 15:00:00,HLMN
12.55,12.56,12.55,12.555,19787,2021-09-03 15:01:00,HLMN
12.555,12.555,12.55,12.555,7500,2021-09-03 15:02:00,HLMN
12.555,12.555,12.55,12.55,5100,2021-09-03 15:03:00,HLMN
12.55,12.555,12.55,12.55,8451,2021-09-03 15:04:00,HLMN
12.555,12.565,12.54,12.565,34213,2021-09-03 15:05:00,HLMN
12.56,12.56,12.55,12.55,1352,2021-09-03 15:06:00,HLMN
12.555,12.555,12.55,12.55,2720,2021-09-03 15:07:00,HLMN
12.55,12.555,12.55,12.55,1157,2021-09-03 15:08:00,HLMN
12.555,12.555,12.52,12.55,13720,2021-09-03 15:09:00,HLMN
12.52,12.53,12.52,12.52,4400,2021-09-03 15:10:00,HLMN
12.52,12.53,12.515,12.52,2900,2021-09-03 15:11:00,HLMN
12.51,12.52,12.51,12.51,2280,2021-09-03 15:12:00,HLMN
12.51,12.515,12.51,12.515,2654,2021-09-03 15:13:00,HLMN
12.51,12.515,12.51,12.515,1250,2021-09-03 15:14:00,HLMN
12.515,12.515,12.51,12.51,1700,2021-09-03 15:15:00,HLMN
12.51,12.515,12.51,12.51,1757,2021-09-03 15:16:00,HLMN
12.515,12.515,12.51,12.515,3089,2021-09-03 15:17:00,HLMN
12.51,12.51,12.49,12.49,4214,2021-09-03 15:18:00,HLMN
12.49,12.5,12.49,12.5,500,2021-09-03 15:19:00,HLMN
12.49,12.5,12.49,12.49,400,2021-09-03 15:21:00,HLMN
12.495,12.5,12.48,12.5,3089,2021-09-03 15:22:00,HLMN
12.48,12.485,12.48,12.48,1000,2021-09-03 15:23:00,HLMN
12.48,12.495,12.48,12.49,4511,2021-09-03 15:24:00,HLMN
12.49,12.5,12.49,12.5,1815,2021-09-03 15:25:00,HLMN
12.49,12.49,12.49,12.49,100,2021-09-03 15:27:00,HLMN
12.49,12.5,12.48,12.49,1600,2021-09-03 15:28:00,HLMN
12.5,12.5,12.5,12.5,100,2021-09-03 15:29:00,HLMN
12.5,12.52,12.5,12.51,15475,2021-09-03 15:30:00,HLMN
12.51,12.51,12.51,12.51,1200,2021-09-03 15:31:00,HLMN
12.51,12.53,12.5,12.51,20458,2021-09-03 15:32:00,HLMN
12.51,12.51,12.51,12.51,400,2021-09-03 15:33:00,HLMN
12.51,12.52,12.51,12.52,1100,2021-09-03 15:34:00,HLMN
12.52,12.54,12.5,12.525,11314,2021-09-03 15:35:00,HLMN
12.54,12.56,12.525,12.54,5315,2021-09-03 15:36:00,HLMN
12.56,12.6,12.52,12.55,13703,2021-09-03 15:37:00,HLMN
12.57,12.57,12.52,12.53,9785,2021-09-03 15:38:00,HLMN
12.53,12.54,12.505,12.505,7265,2021-09-03 15:39:00,HLMN
12.51,12.51,12.5,12.505,42762,2021-09-03 15:40:00,HLMN
12.5,12.5,12.5,12.5,400,2021-09-03 15:41:00,HLMN
12.5,12.5,12.5,12.5,100,2021-09-03 15:42:00,HLMN
12.49,12.5,12.49,12.49,2275,2021-09-03 15:43:00,HLMN
12.495,12.5,12.49,12.49,3003,2021-09-03 15:44:00,HLMN
12.5,12.5,12.49,12.49,8920,2021-09-03 15:45:00,HLMN
12.49,12.495,12.48,12.49,8762,2021-09-03 15:46:00,HLMN
12.48,12.49,12.48,12.49,3920,2021-09-03 15:47:00,HLMN
12.485,12.49,12.48,12.49,1755,2021-09-03 15:48:00,HLMN
12.48,12.485,12.48,12.485,800,2021-09-03 15:49:00,HLMN
12.48,12.49,12.48,12.48,1410,2021-09-03 15:50:00,HLMN
12.485,12.49,12.48,12.48,3178,2021-09-03 15:51:00,HLMN
12.48,12.55,12.48,12.51,45747,2021-09-03 15:52:00,HLMN
12.51,12.52,12.51,12.515,700,2021-09-03 15:53:00,HLMN
12.515,12.53,12.5,12.5,3600,2021-09-03 15:54:00,HLMN
12.5,12.53,12.5,12.53,34963,2021-09-03 15:55:00,HLMN
12.53,12.54,12.51,12.525,31935,2021-09-03 15:56:00,HLMN
12.51,12.52,12.51,12.51,4738,2021-09-03 15:57:00,HLMN
12.52,12.53,12.52,12.525,65026,2021-09-03 15:58:00,HLMN
12.525,12.53,12.52,12.52,20600,2021-09-03 15:59:00,HLMN
12.525,12.53,12.52,12.52,4553,2021-09-03 16:00:00,HLMN
12.53,12.53,12.52,12.52,3987,2021-09-03 16:01:00,HLMN
12.525,12.53,12.52,12.53,5641,2021-09-03 16:02:00,HLMN
12.52,12.53,12.52,12.525,5959,2021-09-03 16:03:00,HLMN
12.52,12.525,12.52,12.525,5600,2021-09-03 16:04:00,HLMN
12.525,12.53,12.51,12.51,19907,2021-09-03 16:05:00,HLMN
12.51,12.515,12.5,12.5,8932,2021-09-03 16:06:00,HLMN
12.5,12.505,12.5,12.5,2800,2021-09-03 16:07:00,HLMN
12.5,12.505,12.49,12.5,3400,2021-09-03 16:08:00,HLMN
12.495,12.495,12.48,12.48,2737,2021-09-03 16:09:00,HLMN
12.48,12.48,12.45,12.45,3002,2021-09-03 16:10:00,HLMN
12.42,12.435,12.42,12.42,2494,2021-09-03 16:11:00,HLMN
12.44,12.47,12.43,12.47,15034,2021-09-03 16:12:00,HLMN
12.48,12.48,12.47,12.47,2700,2021-09-03 16:13:00,HLMN
12.47,12.47,12.47,12.47,3900,2021-09-03 16:14:00,HLMN
12.48,12.48,12.47,12.47,2100,2021-09-03 16:15:00,HLMN
12.48,12.48,12.46,12.47,3100,2021-09-03 16:16:00,HLMN
12.46,12.48,12.46,12.48,10179,2021-09-03 16:17:00,HLMN
12.48,12.48,12.47,12.48,2602,2021-09-03 16:18:00,HLMN
12.48,12.5,12.46,12.46,24016,2021-09-03 16:19:00,HLMN
12.465,12.47,12.465,12.47,400,2021-09-03 16:20:00,HLMN
12.465,12.465,12.465,12.465,100,2021-09-03 16:21:00,HLMN
12.47,12.5,12.465,12.5,5061,2021-09-03 16:22:00,HLMN
12.485,12.485,12.485,12.485,800,2021-09-03 16:23:00,HLMN
12.5,12.5,12.5,12.5,100,2021-09-03 16:24:00,HLMN
12.5,12.5,12.5,12.5,400,2021-09-03 16:25:00,HLMN
12.5,12.5,12.5,12.5,100,2021-09-03 16:26:00,HLMN
12.5,12.52,12.49,12.515,9816,2021-09-03 16:27:00,HLMN
12.515,12.53,12.5,12.515,2350,2021-09-03 16:28:00,HLMN
12.515,12.53,12.5,12.515,2626,2021-09-03 16:29:00,HLMN
12.515,12.53,12.5,12.53,2000,2021-09-03 16:30:00,HLMN
12.53,12.53,12.515,12.53,400,2021-09-03 16:31:00,HLMN
12.53,12.54,12.515,12.535,900,2021-09-03 16:32:00,HLMN
12.535,12.54,12.535,12.535,800,2021-09-03 16:33:00,HLMN
12.54,12.54,12.535,12.54,1200,2021-09-03 16:34:00,HLMN
12.54,12.54,12.53,12.54,1000,2021-09-03 16:35:00,HLMN
12.535,12.54,12.53,12.54,2502,2021-09-03 16:36:00,HLMN
12.54,12.58,12.535,12.58,8609,2021-09-03 16:37:00,HLMN
12.58,12.61,12.575,12.605,2200,2021-09-03 16:38:00,HLMN
12.61,12.63,12.6,12.61,11026,2021-09-03 16:39:00,HLMN
12.61,12.63,12.61,12.63,2566,2021-09-03 16:40:00,HLMN
12.62,12.64,12.62,12.64,5168,2021-09-03 16:41:00,HLMN
12.635,12.64,12.61,12.62,16834,2021-09-03 16:42:00,HLMN
12.615,12.615,12.6,12.6,2605,2021-09-03 16:43:00,HLMN
12.6,12.6,12.6,12.6,100,2021-09-03 16:44:00,HLMN
12.6,12.605,12.59,12.59,4620,2021-09-03 16:45:00,HLMN
12.59,12.6,12.58,12.58,1200,2021-09-03 16:46:00,HLMN
12.58,12.6,12.58,12.58,1900,2021-09-03 16:47:00,HLMN
12.58,12.59,12.57,12.57,6364,2021-09-03 16:48:00,HLMN
12.57,12.575,12.56,12.57,2836,2021-09-03 16:49:00,HLMN
12.56,12.57,12.53,12.53,3700,2021-09-03 16:50:00,HLMN
12.53,12.53,12.5,12.515,2877,2021-09-03 16:51:00,HLMN
12.51,12.555,12.49,12.555,10665,2021-09-03 16:52:00,HLMN
12.555,12.555,12.54,12.54,900,2021-09-03 16:53:00,HLMN
12.57,12.59,12.55,12.59,2533,2021-09-03 16:54:00,HLMN
12.59,12.62,12.58,12.61,3600,2021-09-03 16:55:00,HLMN
12.61,12.64,12.61,12.64,2800,2021-09-03 16:56:00,HLMN
12.64,12.64,12.59,12.605,46761,2021-09-03 16:57:00,HLMN
12.605,12.605,12.59,12.59,2568,2021-09-03 16:58:00,HLMN
12.61,12.625,12.6,12.62,10670,2021-09-03 16:59:00,HLMN
12.625,12.63,12.62,12.625,10608,2021-09-03 17:00:00,HLMN
12.63,12.66,12.625,12.65,7174,2021-09-03 17:01:00,HLMN
12.65,12.66,12.65,12.66,3900,2021-09-03 17:02:00,HLMN
12.66,12.69,12.66,12.685,5177,2021-09-03 17:03:00,HLMN
12.69,12.695,12.67,12.68,18800,2021-09-03 17:04:00,HLMN
12.69,12.705,12.68,12.69,31973,2021-09-03 17:05:00,HLMN
12.7,12.775,12.7,12.775,9405,2021-09-03 17:06:00,HLMN
12.79,12.79,12.76,12.77,16700,2021-09-03 17:07:00,HLMN
12.77,12.78,12.735,12.735,15162,2021-09-03 17:08:00,HLMN
12.725,12.73,12.725,12.73,700,2021-09-03 17:09:00,HLMN
12.725,12.76,12.71,12.75,14909,2021-09-03 17:10:00,HLMN
12.74,12.7506,12.69,12.69,31583,2021-09-03 17:11:00,HLMN
12.69,12.73,12.68,12.73,7994,2021-09-03 17:12:00,HLMN
12.735,12.78,12.735,12.78,3191,2021-09-03 17:14:00,HLMN
12.78,12.79,12.76,12.79,3567,2021-09-03 17:15:00,HLMN
12.79,12.8,12.775,12.8,2375,2021-09-03 17:16:00,HLMN
12.8,12.805,12.79,12.795,20169,2021-09-03 17:17:00,HLMN
12.795,12.8,12.79,12.795,4600,2021-09-03 17:18:00,HLMN
12.8,12.8,12.76,12.775,35195,2021-09-03 17:19:00,HLMN
12.775,12.82,12.77,12.815,4233,2021-09-03 17:20:00,HLMN
12.815,12.82,12.81,12.815,1600,2021-09-03 17:21:00,HLMN
12.81,12.82,12.81,12.82,7234,2021-09-03 17:22:00,HLMN
12.82,12.82,12.77,12.79,16807,2021-09-03 17:23:00,HLMN
12.77,12.78,12.75,12.75,7430,2021-09-03 17:24:00,HLMN
12.7501,12.755,12.75,12.75,3124,2021-09-03 17:25:00,HLMN
12.75,12.76,12.75,12.76,13496,2021-09-03 17:26:00,HLMN
12.75,12.76,12.75,12.75,24874,2021-09-03 17:27:00,HLMN
12.755,12.775,12.75,12.765,12804,2021-09-03 17:28:00,HLMN
12.76,12.77,12.72,12.75,29769,2021-09-03 17:29:00,HLMN
12.75,12.76,12.74,12.75,4934,2021-09-03 17:30:00,HLMN
12.74,12.75,12.74,12.75,1439,2021-09-03 17:31:00,HLMN
12.75,12.75,12.69,12.7,17814,2021-09-03 17:32:00,HLMN
12.7,12.735,12.695,12.72,4404,2021-09-03 17:33:00,HLMN
12.735,12.74,12.73,12.74,900,2021-09-03 17:34:00,HLMN
12.73,12.735,12.7,12.705,13687,2021-09-03 17:35:00,HLMN
12.705,12.715,12.7,12.715,8698,2021-09-03 17:36:00,HLMN
12.715,12.74,12.7102,12.74,6815,2021-09-03 17:37:00,HLMN
12.74,12.78,12.73,12.78,5500,2021-09-03 17:38:00,HLMN
12.78,12.79,12.76,12.79,1400,2021-09-03 17:39:00,HLMN
12.79,12.79,12.77,12.79,485,2021-09-03 17:40:00,HLMN
12.79,12.79,12.78,12.78,2726,2021-09-03 17:41:00,HLMN
12.79,12.79,12.78,12.79,10802,2021-09-03 17:42:00,HLMN
12.785,12.79,12.785,12.79,2500,2021-09-03 17:43:00,HLMN
12.785,12.8,12.785,12.79,37414,2021-09-03 17:44:00,HLMN
12.79,12.88,12.785,12.88,83111,2021-09-03 17:45:00,HLMN
12.89,12.9,12.885,12.89,31119,2021-09-03 17:46:00,HLMN
12.89,12.895,12.88,12.88,12182,2021-09-03 17:47:00,HLMN
12.89,12.89,12.87,12.87,13798,2021-09-03 17:48:00,HLMN
12.8642,12.87,12.86,12.86,1958,2021-09-03 17:49:00,HLMN
12.86,12.87,12.86,12.86,1586,2021-09-03 17:50:00,HLMN
12.86,12.88,12.86,12.88,2556,2021-09-03 17:51:00,HLMN
12.87,12.9,12.87,12.88,27207,2021-09-03 17:52:00,HLMN
12.88,12.89,12.88,12.89,1768,2021-09-03 17:53:00,HLMN
12.89,12.89,12.88,12.89,7336,2021-09-03 17:54:00,HLMN
12.89,12.9,12.88,12.89,14233,2021-09-03 17:55:00,HLMN
12.9,12.9,12.88,12.88,3669,2021-09-03 17:56:00,HLMN
12.9,12.9,12.85,12.85,17793,2021-09-03 17:57:00,HLMN
12.83,12.84,12.82,12.825,9519,2021-09-03 17:58:00,HLMN
12.83,12.865,12.83,12.865,4725,2021-09-03 17:59:00,HLMN
12.87,12.875,12.86,12.87,1931,2021-09-03 18:00:00,HLMN
12.88,12.92,12.88,12.915,4800,2021-09-03 18:01:00,HLMN
12.915,12.92,12.89,12.9,16155,2021-09-03 18:02:00,HLMN
12.89,12.9,12.88,12.88,5354,2021-09-03 18:03:00,HLMN
12.88,12.88,12.86,12.86,4371,2021-09-03 18:04:00,HLMN
12.86,12.86,12.82,12.82,5391,2021-09-03 18:05:00,HLMN
12.82,12.85,12.82,12.84,9673,2021-09-03 18:06:00,HLMN
12.845,12.85,12.83,12.83,9301,2021-09-03 18:07:00,HLMN
12.835,12.835,12.83,12.83,981,2021-09-03 18:08:00,HLMN
12.835,12.84,12.83,12.83,1639,2021-09-03 18:09:00,HLMN
12.83,12.85,12.83,12.845,12083,2021-09-03 18:10:00,HLMN
12.845,12.85,12.84,12.84,8957,2021-09-03 18:11:00,HLMN
12.845,12.85,12.84,12.84,3606,2021-09-03 18:12:00,HLMN
12.845,12.85,12.84,12.845,2682,2021-09-03 18:13:00,HLMN
12.85,12.87,12.845,12.87,11908,2021-09-03 18:14:00,HLMN
12.87,12.88,12.86,12.88,5441,2021-09-03 18:15:00,HLMN
12.88,12.9,12.84,12.845,27899,2021-09-03 18:16:00,HLMN
12.845,12.849,12.845,12.845,1670,2021-09-03 18:17:00,HLMN
12.845,12.88,12.845,12.86,10187,2021-09-03 18:18:00,HLMN
12.87,12.88,12.87,12.87,3300,2021-09-03 18:19:00,HLMN
12.88,12.88,12.87,12.88,2100,2021-09-03 18:20:00,HLMN
12.88,12.88,12.87,12.87,3343,2021-09-03 18:21:00,HLMN
12.88,12.88,12.85,12.855,16660,2021-09-03 18:22:00,HLMN
12.855,12.9,12.855,12.89,9803,2021-09-03 18:23:00,HLMN
12.89,12.9,12.88,12.88,4907,2021-09-03 18:24:00,HLMN
12.9,12.9,12.88,12.885,9133,2021-09-03 18:25:00,HLMN
12.88,12.885,12.88,12.88,2100,2021-09-03 18:26:00,HLMN
12.88,12.88,12.79,12.79,14017,2021-09-03 18:27:00,HLMN
12.79,12.81,12.77,12.78,11200,2021-09-03 18:28:00,HLMN
12.77,12.83,12.77,12.83,11535,2021-09-03 18:29:00,HLMN
12.815,12.83,12.815,12.825,1800,2021-09-03 18:30:00,HLMN
12.825,12.84,12.81,12.83,2330,2021-09-03 18:31:00,HLMN
12.83,12.83,12.785,12.785,13985,2021-09-03 18:32:00,HLMN
12.785,12.785,12.73,12.73,4881,2021-09-03 18:33:00,HLMN
12.74,12.75,12.73,12.745,10126,2021-09-03 18:34:00,HLMN
12.745,12.77,12.745,12.76,2647,2021-09-03 18:35:00,HLMN
12.76,12.77,12.74,12.77,3877,2021-09-03 18:36:00,HLMN
12.74,12.77,12.74,12.75,7326,2021-09-03 18:37:00,HLMN
12.745,12.75,12.71,12.71,8223,2021-09-03 18:38:00,HLMN
12.71,12.71,12.67,12.705,7746,2021-09-03 18:39:00,HLMN
12.7,12.72,12.7,12.715,3145,2021-09-03 18:40:00,HLMN
12.715,12.73,12.7,12.72,1500,2021-09-03 18:41:00,HLMN
12.74,12.74,12.7,12.74,4436,2021-09-03 18:42:00,HLMN
12.75,12.76,12.74,12.755,5100,2021-09-03 18:43:00,HLMN
12.76,12.76,12.75,12.76,2200,2021-09-03 18:44:00,HLMN
12.76,12.84,12.755,12.81,9825,2021-09-03 18:45:00,HLMN
12.81,12.84,12.8,12.8,11382,2021-09-03 18:46:00,HLMN
12.79,12.8,12.79,12.795,4950,2021-09-03 18:47:00,HLMN
12.79,12.7953,12.74,12.74,7627,2021-09-03 18:48:00,HLMN
12.74,12.75,12.73,12.73,2600,2021-09-03 18:49:00,HLMN
12.73,12.74,12.73,12.735,8556,2021-09-03 18:50:00,HLMN
12.73,12.8,12.73,12.785,22930,2021-09-03 18:51:00,HLMN
12.77,12.8,12.77,12.77,7802,2021-09-03 18:52:00,HLMN
12.77,12.79,12.77,12.77,1381,2021-09-03 18:53:00,HLMN
12.79,12.79,12.74,12.76,11586,2021-09-03 18:54:00,HLMN
12.74,12.755,12.74,12.745,8335,2021-09-03 18:55:00,HLMN
12.745,12.745,12.74,12.74,2705,2021-09-03 18:56:00,HLMN
12.745,12.75,12.74,12.745,3967,2021-09-03 18:57:00,HLMN
12.74,12.75,12.74,12.74,5652,2021-09-03 18:58:00,HLMN
12.745,12.77,12.74,12.77,15155,2021-09-03 18:59:00,HLMN
12.75,12.77,12.75,12.77,19479,2021-09-03 19:00:00,HLMN
12.77,12.79,12.76,12.775,31068,2021-09-03 19:01:00,HLMN
12.79,12.8,12.76,12.785,7162,2021-09-03 19:02:00,HLMN
12.785,12.8,12.78,12.78,9620,2021-09-03 19:03:00,HLMN
12.79,12.79,12.78,12.785,3500,2021-09-03 19:04:00,HLMN
12.79,12.79,12.78,12.785,6017,2021-09-03 19:05:00,HLMN
12.785,12.79,12.78,12.785,6694,2021-09-03 19:06:00,HLMN
12.785,12.79,12.78,12.785,7186,2021-09-03 19:07:00,HLMN
12.78,12.79,12.78,12.78,4730,2021-09-03 19:08:00,HLMN
12.79,12.79,12.78,12.785,2800,2021-09-03 19:09:00,HLMN
12.785,12.83,12.78,12.815,20675,2021-09-03 19:10:00,HLMN
12.82,12.82,12.795,12.795,20507,2021-09-03 19:11:00,HLMN
12.79,12.8,12.78,12.795,2818,2021-09-03 19:12:00,HLMN
12.795,12.8,12.79,12.795,3264,2021-09-03 19:13:00,HLMN
12.795,12.8,12.79,12.79,2100,2021-09-03 19:14:00,HLMN
12.795,12.8,12.79,12.795,3219,2021-09-03 19:15:00,HLMN
12.795,12.8,12.79,12.795,6610,2021-09-03 19:16:00,HLMN
12.795,12.8,12.79,12.79,3200,2021-09-03 19:17:00,HLMN
12.8,12.83,12.79,12.815,45790,2021-09-03 19:18:00,HLMN
12.815,12.83,12.815,12.825,10933,2021-09-03 19:19:00,HLMN
12.83,12.87,12.825,12.855,6329,2021-09-03 19:20:00,HLMN
12.855,12.87,12.855,12.865,10166,2021-09-03 19:21:00,HLMN
12.87,12.88,12.865,12.875,9776,2021-09-03 19:22:00,HLMN
12.875,12.93,12.875,12.93,8919,2021-09-03 19:23:00,HLMN
12.9058,12.93,12.88,12.88,26447,2021-09-03 19:24:00,HLMN
12.88,12.89,12.88,12.885,2459,2021-09-03 19:25:00,HLMN
12.88,12.885,12.83,12.83,13741,2021-09-03 19:26:00,HLMN
12.83,12.84,12.815,12.82,9382,2021-09-03 19:27:00,HLMN
12.82,12.83,12.805,12.815,12197,2021-09-03 19:28:00,HLMN
12.82,12.845,12.81,12.845,15541,2021-09-03 19:29:00,HLMN
12.84,12.85,12.835,12.85,1000,2021-09-03 19:30:00,HLMN
12.86,12.86,12.845,12.85,6510,2021-09-03 19:31:00,HLMN
12.85,12.85,12.845,12.85,3598,2021-09-03 19:32:00,HLMN
12.845,12.85,12.81,12.815,19115,2021-09-03 19:33:00,HLMN
12.82,12.87,12.815,12.87,7202,2021-09-03 19:34:00,HLMN
12.86,12.88,12.86,12.87,1209,2021-09-03 19:35:00,HLMN
12.88,12.88,12.86,12.86,5757,2021-09-03 19:36:00,HLMN
12.86,12.87,12.81,12.81,26788,2021-09-03 19:37:00,HLMN
12.81,12.81,12.8,12.8,3727,2021-09-03 19:38:00,HLMN
12.8,12.8,12.77,12.775,15975,2021-09-03 19:39:00,HLMN
12.775,12.78,12.77,12.775,10196,2021-09-03 19:40:00,HLMN
12.775,12.85,12.775,12.81,56694,2021-09-03 19:41:00,HLMN
12.82,12.83,12.81,12.81,3756,2021-09-03 19:42:00,HLMN
12.81,12.82,12.81,12.81,5969,2021-09-03 19:43:00,HLMN
12.81,12.82,12.81,12.81,8175,2021-09-03 19:44:00,HLMN
12.81,12.82,12.79,12.79,19359,2021-09-03 19:45:00,HLMN
12.79,12.805,12.79,12.805,7475,2021-09-03 19:46:00,HLMN
12.805,12.81,12.8,12.8,13801,2021-09-03 19:47:00,HLMN
12.805,12.81,12.79,12.79,9905,2021-09-03 19:48:00,HLMN
12.795,12.8,12.79,12.795,11336,2021-09-03 19:49:00,HLMN
12.8,12.8,12.79,12.79,19200,2021-09-03 19:50:00,HLMN
12.79,12.8,12.76,12.79,16943,2021-09-03 19:51:00,HLMN
12.785,12.785,12.74,12.75,96211,2021-09-03 19:52:00,HLMN
12.755,12.77,12.745,12.765,41911,2021-09-03 19:53:00,HLMN
12.765,12.78,12.76,12.778,5940,2021-09-03 19:54:00,HLMN
12.775,12.8,12.775,12.79,13016,2021-09-03 19:55:00,HLMN
12.795,12.8,12.74,12.745,36224,2021-09-03 19:56:00,HLMN
12.75,12.75,12.74,12.75,17244,2021-09-03 19:57:00,HLMN
12.75,12.76,12.74,12.75,48729,2021-09-03 19:58:00,HLMN
12.74,12.75,12.69,12.71,106079,2021-09-03 19:59:00,HLMN
12.74,12.74,12.74,12.74,40524,2021-09-03 20:00:00,HLMN
12.74,12.74,12.74,12.74,40000,2021-09-03 20:47:00,HLMN
12.84,12.84,12.84,12.84,1000,2021-09-03 20:52:00,HLMN
13.44,13.49,13.44,13.49,1000,2021-09-07 12:28:00,HLMN
12.82,12.83,12.75,12.79,6714,2021-09-07 13:30:00,HLMN
12.86,12.86,12.75,12.775,4205,2021-09-07 13:32:00,HLMN
12.775,12.775,12.51,12.52,4365,2021-09-07 13:33:00,HLMN
12.545,12.59,12.5,12.5,6648,2021-09-07 13:34:00,HLMN
12.5,12.5,12.365,12.38,3943,2021-09-07 13:35:00,HLMN
12.39,12.42,12.33,12.33,6503,2021-09-07 13:36:00,HLMN
12.29,12.33,12.15,12.17,12202,2021-09-07 13:37:00,HLMN
12.155,12.3067,12.155,12.305,8423,2021-09-07 13:38:00,HLMN
12.3,12.3,12.15,12.15,4350,2021-09-07 13:39:00,HLMN
12.16,12.16,12.07,12.07,4574,2021-09-07 13:40:00,HLMN
12.09,12.15,12.05,12.13,6119,2021-09-07 13:41:00,HLMN
12.15,12.15,12.06,12.09,7226,2021-09-07 13:42:00,HLMN
12.09,12.33,12.09,12.31,7370,2021-09-07 13:43:00,HLMN
12.31,12.32,12.23,12.26,6498,2021-09-07 13:44:00,HLMN
12.26,12.26,12.26,12.26,150,2021-09-07 13:45:00,HLMN
12.26,12.26,12.2,12.225,6261,2021-09-07 13:46:00,HLMN
12.21,12.22,12.13,12.13,2300,2021-09-07 13:47:00,HLMN
12.13,12.13,12.12,12.12,700,2021-09-07 13:48:00,HLMN
12.11,12.11,12.08,12.105,3216,2021-09-07 13:49:00,HLMN
12.11,12.165,12.11,12.11,10475,2021-09-07 13:50:00,HLMN
12.115,12.115,12.02,12.02,11290,2021-09-07 13:51:00,HLMN
12.0359,12.0359,11.88,11.88,14096,2021-09-07 13:52:00,HLMN
11.91,11.91,11.88,11.88,1200,2021-09-07 13:53:00,HLMN
11.899,11.899,11.84,11.84,4192,2021-09-07 13:54:00,HLMN
11.84,11.9,11.79,11.885,8315,2021-09-07 13:55:00,HLMN
11.88,11.93,11.83,11.93,28016,2021-09-07 13:56:00,HLMN
11.93,11.96,11.92,11.94,4807,2021-09-07 13:57:00,HLMN
11.945,11.98,11.91,11.95,12357,2021-09-07 13:58:00,HLMN
11.953,12.07,11.94,12.07,15337,2021-09-07 13:59:00,HLMN
12.05,12.07,12.02,12.02,14608,2021-09-07 14:00:00,HLMN
12.01,12.01,11.97,11.98,10583,2021-09-07 14:01:00,HLMN
11.97,12.05,11.96,12.045,21776,2021-09-07 14:02:00,HLMN
12.045,12.045,11.975,11.975,5964,2021-09-07 14:03:00,HLMN
11.975,11.98,11.795,11.81,19691,2021-09-07 14:04:00,HLMN
11.8,11.88,11.79,11.845,6219,2021-09-07 14:05:00,HLMN
11.85,11.8642,11.83,11.83,5018,2021-09-07 14:06:00,HLMN
11.8,11.84,11.8,11.84,3060,2021-09-07 14:07:00,HLMN
11.84,11.86,11.825,11.86,10284,2021-09-07 14:08:00,HLMN
11.86,11.87,11.84,11.84,2130,2021-09-07 14:09:00,HLMN
11.83,11.87,11.83,11.85,4080,2021-09-07 14:10:00,HLMN
11.87,11.87,11.84,11.845,5840,2021-09-07 14:12:00,HLMN
11.84,11.85,11.84,11.845,1621,2021-09-07 14:13:00,HLMN
11.84,11.9,11.84,11.88,7038,2021-09-07 14:14:00,HLMN
11.9,11.94,11.89,11.91,3600,2021-09-07 14:15:00,HLMN
11.925,11.94,11.925,11.94,585,2021-09-07 14:16:00,HLMN
11.925,11.925,11.85,11.85,10517,2021-09-07 14:17:00,HLMN
11.88,11.88,11.84,11.87,3615,2021-09-07 14:18:00,HLMN
11.87,11.91,11.85,11.91,6008,2021-09-07 14:19:00,HLMN
11.92,11.92,11.91,11.92,335,2021-09-07 14:20:00,HLMN
11.92,11.92,11.9,11.9,1700,2021-09-07 14:21:00,HLMN
11.9,11.99,11.9,11.965,9199,2021-09-07 14:22:00,HLMN
11.98,11.98,11.96,11.96,3480,2021-09-07 14:23:00,HLMN
11.96,11.97,11.95,11.95,4949,2021-09-07 14:24:00,HLMN
11.95,11.97,11.95,11.955,5159,2021-09-07 14:25:00,HLMN
11.95,11.97,11.93,11.96,11733,2021-09-07 14:26:00,HLMN
11.97,11.98,11.97,11.98,200,2021-09-07 14:27:00,HLMN
11.98,12.01,11.97,11.99,7627,2021-09-07 14:28:00,HLMN
12.0,12.02,11.99,12.01,9739,2021-09-07 14:29:00,HLMN
12.02,12.02,11.995,12.0,2408,2021-09-07 14:30:00,HLMN
11.995,12.0,11.98,11.995,3244,2021-09-07 14:31:00,HLMN
11.995,12.0,11.97,11.975,9021,2021-09-07 14:32:00,HLMN
11.98,11.98,11.94,11.94,3170,2021-09-07 14:33:00,HLMN
11.93,11.93,11.88,11.91,27060,2021-09-07 14:34:00,HLMN
11.915,11.915,11.89,11.9,1800,2021-09-07 14:35:00,HLMN
11.9,11.91,11.88,11.89,4439,2021-09-07 14:36:00,HLMN
11.9,11.9,11.87,11.89,3454,2021-09-07 14:37:00,HLMN
11.89,11.9,11.87,11.87,4606,2021-09-07 14:38:00,HLMN
11.88,11.94,11.87,11.93,8064,2021-09-07 14:39:00,HLMN
11.92,11.92,11.87,11.87,5600,2021-09-07 14:40:00,HLMN
11.88,11.92,11.87,11.89,5915,2021-09-07 14:41:00,HLMN
11.9,11.9,11.88,11.88,3120,2021-09-07 14:42:00,HLMN
11.89,11.8986,11.88,11.89,900,2021-09-07 14:43:00,HLMN
11.89,11.9,11.85,11.86,9464,2021-09-07 14:44:00,HLMN
11.87,11.89,11.865,11.88,2983,2021-09-07 14:45:00,HLMN
11.88,11.88,11.8773,11.8773,2881,2021-09-07 14:46:00,HLMN
11.88,11.91,11.88,11.91,1990,2021-09-07 14:47:00,HLMN
11.92,11.92,11.92,11.92,200,2021-09-07 14:48:00,HLMN
11.91,11.915,11.88,11.9,9913,2021-09-07 14:49:00,HLMN
11.9,11.96,11.9,11.95,6030,2021-09-07 14:50:00,HLMN
11.95,11.95,11.925,11.925,2520,2021-09-07 14:51:00,HLMN
11.92,11.925,11.91,11.925,4600,2021-09-07 14:52:00,HLMN
11.92,11.925,11.88,11.88,3158,2021-09-07 14:53:00,HLMN
11.8954,11.9,11.88,11.9,2990,2021-09-07 14:54:00,HLMN
11.9,11.9,11.895,11.9,690,2021-09-07 14:55:00,HLMN
11.895,11.895,11.88,11.88,4249,2021-09-07 14:56:00,HLMN
11.885,11.89,11.83,11.86,6977,2021-09-07 14:57:00,HLMN
11.865,11.865,11.8,11.815,16286,2021-09-07 14:58:00,HLMN
11.815,11.85,11.81,11.845,4563,2021-09-07 14:59:00,HLMN
11.84,11.875,11.84,11.87,6453,2021-09-07 15:00:00,HLMN
11.87,11.88,11.87,11.88,1570,2021-09-07 15:01:00,HLMN
11.88,11.885,11.86,11.865,6611,2021-09-07 15:02:00,HLMN
11.87,11.87,11.87,11.87,200,2021-09-07 15:03:00,HLMN
11.86,11.865,11.81,11.815,7670,2021-09-07 15:04:00,HLMN
11.81,11.815,11.8,11.8,2300,2021-09-07 15:05:00,HLMN
11.8,11.8,11.75,11.75,7179,2021-09-07 15:06:00,HLMN
11.76,11.77,11.76,11.77,1248,2021-09-07 15:07:00,HLMN
11.775,11.775,11.75,11.75,8084,2021-09-07 15:08:00,HLMN
11.755,11.76,11.75,11.75,7477,2021-09-07 15:09:00,HLMN
11.75,11.84,11.74,11.83,13040,2021-09-07 15:10:00,HLMN
11.83,11.83,11.82,11.83,1881,2021-09-07 15:11:00,HLMN
11.82,11.825,11.8,11.8,3610,2021-09-07 15:12:00,HLMN
11.825,11.825,11.78,11.81,11422,2021-09-07 15:13:00,HLMN
11.81,11.83,11.81,11.83,900,2021-09-07 15:14:00,HLMN
11.8399,11.86,11.82,11.86,3373,2021-09-07 15:15:00,HLMN
11.87,11.87,11.865,11.865,641,2021-09-07 15:16:00,HLMN
11.87,11.99,11.86,11.96,26426,2021-09-07 15:17:00,HLMN
11.96,11.96,11.89,11.93,6245,2021-09-07 15:18:00,HLMN
11.93,11.94,11.93,11.93,300,2021-09-07 15:19:00,HLMN
11.93,11.94,11.9,11.92,6093,2021-09-07 15:20:00,HLMN
11.91,11.94,11.91,11.94,3200,2021-09-07 15:21:00,HLMN
11.96,12.03,11.955,11.99,10658,2021-09-07 15:23:00,HLMN
11.99,11.99,11.99,11.99,400,2021-09-07 15:25:00,HLMN
11.98,11.99,11.95,11.96,3288,2021-09-07 15:26:00,HLMN
11.965,11.965,11.96,11.96,4594,2021-09-07 15:27:00,HLMN
11.96,11.985,11.96,11.985,8048,2021-09-07 15:28:00,HLMN
11.985,11.985,11.945,11.96,19532,2021-09-07 15:29:00,HLMN
11.965,11.965,11.95,11.96,8655,2021-09-07 15:30:00,HLMN
11.96,11.97,11.95,11.96,5005,2021-09-07 15:31:00,HLMN
11.97,11.97,11.96,11.965,1880,2021-09-07 15:32:00,HLMN
11.96,11.965,11.96,11.96,3100,2021-09-07 15:33:00,HLMN
11.96,11.97,11.95,11.95,4052,2021-09-07 15:34:00,HLMN
11.95,11.96,11.95,11.96,3654,2021-09-07 15:35:00,HLMN
11.95,11.96,11.925,11.925,2680,2021-09-07 15:36:00,HLMN
11.93,11.96,11.9,11.96,6822,2021-09-07 15:37:00,HLMN
11.955,11.96,11.95,11.96,500,2021-09-07 15:38:00,HLMN
11.95,11.95,11.91,11.95,3197,2021-09-07 15:39:00,HLMN
11.94,11.94,11.89,11.89,4870,2021-09-07 15:40:00,HLMN
11.9,11.91,11.89,11.89,3900,2021-09-07 15:41:00,HLMN
11.9,11.91,11.89,11.905,3228,2021-09-07 15:42:00,HLMN
11.9,11.95,11.9,11.94,14416,2021-09-07 15:43:00,HLMN
11.92,11.94,11.9,11.92,2534,2021-09-07 15:44:00,HLMN
11.91,11.91,11.91,11.91,100,2021-09-07 15:45:00,HLMN
11.9,11.95,11.89,11.93,14489,2021-09-07 15:46:00,HLMN
11.94,11.95,11.93,11.94,2554,2021-09-07 15:47:00,HLMN
11.94,11.94,11.9,11.93,7769,2021-09-07 15:48:00,HLMN
11.925,11.93,11.925,11.925,1020,2021-09-07 15:49:00,HLMN
11.92,11.97,11.92,11.97,6171,2021-09-07 15:50:00,HLMN
11.95,11.96,11.94,11.9566,2441,2021-09-07 15:51:00,HLMN
11.94,11.96,11.94,11.96,1200,2021-09-07 15:52:00,HLMN
11.955,11.96,11.94,11.94,3441,2021-09-07 15:53:00,HLMN
11.945,11.945,11.9,11.91,7612,2021-09-07 15:54:00,HLMN
11.91,11.96,11.91,11.96,3500,2021-09-07 15:55:00,HLMN
11.95,11.96,11.93,11.94,3165,2021-09-07 15:56:00,HLMN
11.95,11.95,11.93,11.93,300,2021-09-07 15:57:00,HLMN
11.93,11.95,11.92,11.93,3029,2021-09-07 15:58:00,HLMN
11.925,11.93,11.92,11.92,1550,2021-09-07 15:59:00,HLMN
11.92,11.93,11.91,11.93,4800,2021-09-07 16:00:00,HLMN
11.92,11.96,11.92,11.96,5210,2021-09-07 16:01:00,HLMN
11.96,12.0,11.96,12.0,3600,2021-09-07 16:02:00,HLMN
12.01,12.01,11.99,11.99,5376,2021-09-07 16:03:00,HLMN
12.01,12.01,11.94,11.96,17129,2021-09-07 16:04:00,HLMN
11.97,11.98,11.94,11.945,1000,2021-09-07 16:05:00,HLMN
11.94,11.945,11.92,11.93,2100,2021-09-07 16:06:00,HLMN
11.935,11.94,11.93,11.93,757,2021-09-07 16:07:00,HLMN
11.935,11.97,11.93,11.97,5926,2021-09-07 16:08:00,HLMN
11.98,11.985,11.94,11.945,3765,2021-09-07 16:09:00,HLMN
11.94,11.95,11.92,11.92,1430,2021-09-07 16:11:00,HLMN
11.92,11.93,11.91,11.91,4475,2021-09-07 16:12:00,HLMN
11.93,11.93,11.91,11.92,1364,2021-09-07 16:13:00,HLMN
11.92,11.94,11.92,11.94,4308,2021-09-07 16:14:00,HLMN
11.95,11.95,11.94,11.945,785,2021-09-07 16:15:00,HLMN
11.95,11.95,11.94,11.94,900,2021-09-07 16:16:00,HLMN
11.94,11.95,11.91,11.93,8716,2021-09-07 16:17:00,HLMN
11.925,11.93,11.92,11.925,956,2021-09-07 16:18:00,HLMN
11.925,11.93,11.91,11.91,3428,2021-09-07 16:19:00,HLMN
11.92,11.95,11.91,11.95,5779,2021-09-07 16:20:00,HLMN
11.95,11.97,11.95,11.97,1876,2021-09-07 16:21:00,HLMN
11.97,11.97,11.96,11.97,1440,2021-09-07 16:22:00,HLMN
11.96,11.965,11.93,11.93,5202,2021-09-07 16:23:00,HLMN
11.94,11.94,11.93,11.93,1400,2021-09-07 16:24:00,HLMN
11.93,11.93,11.91,11.92,4040,2021-09-07 16:25:00,HLMN
11.925,11.925,11.89,11.9,5956,2021-09-07 16:26:00,HLMN
11.9,11.91,11.89,11.91,2200,2021-09-07 16:27:00,HLMN
11.9,11.905,11.9,11.9,1000,2021-09-07 16:28:00,HLMN
11.9,11.905,11.89,11.89,5302,2021-09-07 16:29:00,HLMN
11.89,11.895,11.88,11.89,7986,2021-09-07 16:30:00,HLMN
11.895,11.895,11.89,11.895,2210,2021-09-07 16:31:00,HLMN
11.89,11.92,11.88,11.92,6139,2021-09-07 16:32:00,HLMN
11.93,11.93,11.93,11.93,150,2021-09-07 16:33:00,HLMN
11.93,11.93,11.92,11.925,4351,2021-09-07 16:34:00,HLMN
11.93,11.94,11.93,11.935,2638,2021-09-07 16:35:00,HLMN
11.94,11.94,11.91,11.92,6715,2021-09-07 16:36:00,HLMN
11.92,11.92,11.92,11.92,400,2021-09-07 16:37:00,HLMN
11.92,11.92,11.88,11.88,4161,2021-09-07 16:38:00,HLMN
11.88,11.885,11.87,11.87,2652,2021-09-07 16:39:00,HLMN
11.87,11.88,11.87,11.875,2992,2021-09-07 16:40:00,HLMN
11.87,11.875,11.87,11.87,1753,2021-09-07 16:41:00,HLMN
11.875,11.88,11.87,11.875,663,2021-09-07 16:42:00,HLMN
11.875,11.88,11.87,11.875,2254,2021-09-07 16:43:00,HLMN
11.87,11.88,11.87,11.87,1155,2021-09-07 16:44:00,HLMN
11.87,11.875,11.82,11.83,8105,2021-09-07 16:45:00,HLMN
11.82,11.83,11.82,11.82,1500,2021-09-07 16:46:00,HLMN
11.825,11.8571,11.825,11.8403,6577,2021-09-07 16:47:00,HLMN
11.86,11.86,11.85,11.86,1125,2021-09-07 16:48:00,HLMN
11.86,11.865,11.84,11.86,6301,2021-09-07 16:49:00,HLMN
11.86,11.87,11.85,11.865,3850,2021-09-07 16:50:00,HLMN
11.865,11.87,11.865,11.8657,1622,2021-09-07 16:51:00,HLMN
11.865,11.87,11.865,11.87,1100,2021-09-07 16:52:00,HLMN
11.86,11.87,11.86,11.86,2360,2021-09-07 16:53:00,HLMN
11.865,11.865,11.82,11.825,8863,2021-09-07 16:54:00,HLMN
11.82,11.825,11.82,11.825,1552,2021-09-07 16:55:00,HLMN
11.825,11.86,11.82,11.85,9594,2021-09-07 16:56:00,HLMN
11.86,11.89,11.85,11.87,9112,2021-09-07 16:57:00,HLMN
11.87,11.88,11.86,11.88,4175,2021-09-07 16:58:00,HLMN
11.88,11.88,11.87,11.88,1334,2021-09-07 16:59:00,HLMN
11.875,11.88,11.85,11.85,4632,2021-09-07 17:00:00,HLMN
11.86,11.86,11.85,11.86,2530,2021-09-07 17:01:00,HLMN
11.85,11.88,11.85,11.88,5620,2021-09-07 17:02:00,HLMN
11.89,11.89,11.87,11.89,6879,2021-09-07 17:03:00,HLMN
11.88,11.89,11.85,11.87,9755,2021-09-07 17:04:00,HLMN
11.87,11.89,11.86,11.865,5762,2021-09-07 17:05:00,HLMN
11.865,11.865,11.84,11.86,4401,2021-09-07 17:06:00,HLMN
11.855,11.855,11.84,11.845,1800,2021-09-07 17:07:00,HLMN
11.845,11.845,11.82,11.83,5772,2021-09-07 17:08:00,HLMN
11.825,11.83,11.82,11.82,1350,2021-09-07 17:09:00,HLMN
11.83,11.87,11.82,11.86,9105,2021-09-07 17:10:00,HLMN
11.865,11.89,11.86,11.865,8351,2021-09-07 17:11:00,HLMN
11.865,11.87,11.865,11.8695,2139,2021-09-07 17:12:00,HLMN
11.87,11.87,11.865,11.87,1578,2021-09-07 17:13:00,HLMN
11.87,11.88,11.86,11.88,1250,2021-09-07 17:14:00,HLMN
11.88,11.89,11.855,11.86,9721,2021-09-07 17:15:00,HLMN
11.86,11.865,11.85,11.86,1163,2021-09-07 17:16:00,HLMN
11.86,11.87,11.84,11.84,5013,2021-09-07 17:17:00,HLMN
11.845,11.85,11.845,11.845,700,2021-09-07 17:18:00,HLMN
11.845,11.87,11.84,11.865,8337,2021-09-07 17:19:00,HLMN
11.87,11.89,11.85,11.85,14824,2021-09-07 17:20:00,HLMN
11.86,11.86,11.85,11.855,1825,2021-09-07 17:21:00,HLMN
11.86,11.86,11.85,11.85,1183,2021-09-07 17:22:00,HLMN
11.855,11.895,11.85,11.89,7367,2021-09-07 17:23:00,HLMN
11.89,11.93,11.86,11.88,9450,2021-09-07 17:24:00,HLMN
11.86,11.88,11.86,11.865,1990,2021-09-07 17:25:00,HLMN
11.865,11.865,11.86,11.86,1849,2021-09-07 17:26:00,HLMN
11.86,11.87,11.85,11.85,931,2021-09-07 17:27:00,HLMN
11.85,11.88,11.85,11.88,4413,2021-09-07 17:28:00,HLMN
11.88,11.88,11.87,11.88,1478,2021-09-07 17:29:00,HLMN
11.88,11.9,11.87,11.88,8181,2021-09-07 17:30:00,HLMN
11.88,11.88,11.86,11.86,8557,2021-09-07 17:31:00,HLMN
11.86,11.87,11.84,11.84,14938,2021-09-07 17:32:00,HLMN
11.845,11.85,11.84,11.845,4155,2021-09-07 17:33:00,HLMN
11.84,11.855,11.84,11.855,12294,2021-09-07 17:34:00,HLMN
11.86,11.86,11.855,11.86,7038,2021-09-07 17:35:00,HLMN
11.87,11.87,11.85,11.855,5487,2021-09-07 17:36:00,HLMN
11.855,11.86,11.85,11.855,7516,2021-09-07 17:37:00,HLMN
11.855,11.86,11.85,11.855,4373,2021-09-07 17:38:00,HLMN
11.85,11.86,11.85,11.86,8957,2021-09-07 17:39:00,HLMN
11.86,11.87,11.85,11.87,9558,2021-09-07 17:40:00,HLMN
11.87,11.87,11.86,11.865,7200,2021-09-07 17:41:00,HLMN
11.865,11.87,11.85,11.86,9542,2021-09-07 17:42:00,HLMN
11.86,11.87,11.86,11.865,5119,2021-09-07 17:43:00,HLMN
11.865,11.88,11.865,11.88,9662,2021-09-07 17:44:00,HLMN
11.88,11.915,11.88,11.915,6773,2021-09-07 17:45:00,HLMN
11.92,11.93,11.89,11.895,16157,2021-09-07 17:46:00,HLMN
11.89,11.895,11.89,11.895,1803,2021-09-07 17:47:00,HLMN
11.895,11.895,11.89,11.895,4296,2021-09-07 17:48:00,HLMN
11.895,11.895,11.89,11.895,5083,2021-09-07 17:49:00,HLMN
11.895,11.9,11.89,11.895,4742,2021-09-07 17:50:00,HLMN
11.895,11.895,11.88,11.88,14227,2021-09-07 17:51:00,HLMN
11.88,11.88,11.86,11.865,8272,2021-09-07 17:52:00,HLMN
11.865,11.87,11.79,11.795,11394,2021-09-07 17:53:00,HLMN
11.8,11.8,11.79,11.795,6262,2021-09-07 17:54:00,HLMN
11.795,11.8,11.75,11.755,12223,2021-09-07 17:55:00,HLMN
11.75,11.775,11.75,11.775,15952,2021-09-07 17:56:00,HLMN
11.78,11.815,11.7797,11.79,11004,2021-09-07 17:57:00,HLMN
11.8,11.8,11.76,11.775,4969,2021-09-07 17:58:00,HLMN
11.78,11.79,11.765,11.765,13609,2021-09-07 17:59:00,HLMN
11.765,11.77,11.75,11.76,3960,2021-09-07 18:00:00,HLMN
11.75,11.755,11.75,11.755,6167,2021-09-07 18:01:00,HLMN
11.75,11.77,11.75,11.765,14977,2021-09-07 18:02:00,HLMN
11.77,11.77,11.74,11.745,18120,2021-09-07 18:03:00,HLMN
11.74,11.75,11.74,11.75,15730,2021-09-07 18:04:00,HLMN
11.75,11.76,11.66,11.66,53838,2021-09-07 18:05:00,HLMN
11.66,11.66,11.62,11.62,6684,2021-09-07 18:06:00,HLMN
11.625,11.66,11.62,11.65,14122,2021-09-07 18:07:00,HLMN
11.65,11.69,11.64,11.68,6730,2021-09-07 18:08:00,HLMN
11.68,11.7,11.68,11.68,11183,2021-09-07 18:09:00,HLMN
11.695,11.71,11.695,11.7,11477,2021-09-07 18:10:00,HLMN
11.705,11.71,11.68,11.685,28167,2021-09-07 18:11:00,HLMN
11.685,11.69,11.68,11.69,9477,2021-09-07 18:12:00,HLMN
11.69,11.69,11.68,11.685,3600,2021-09-07 18:13:00,HLMN
11.69,11.76,11.68,11.76,18482,2021-09-07 18:14:00,HLMN
11.76,11.76,11.74,11.745,13420,2021-09-07 18:15:00,HLMN
11.75,11.75,11.7,11.74,12360,2021-09-07 18:16:00,HLMN
11.74,11.8,11.735,11.785,8066,2021-09-07 18:17:00,HLMN
11.785,11.785,11.74,11.755,20831,2021-09-07 18:18:00,HLMN
11.76,11.76,11.74,11.75,4233,2021-09-07 18:19:00,HLMN
11.75,11.765,11.73,11.735,41970,2021-09-07 18:20:00,HLMN
11.735,11.735,11.65,11.65,20167,2021-09-07 18:21:00,HLMN
11.65,11.65,11.6,11.6,4649,2021-09-07 18:22:00,HLMN
11.6,11.6,11.57,11.57,4146,2021-09-07 18:23:00,HLMN
11.57,11.655,11.57,11.65,15459,2021-09-07 18:24:00,HLMN
11.655,11.7,11.64,11.67,8267,2021-09-07 18:25:00,HLMN
11.69,11.7,11.64,11.655,18606,2021-09-07 18:26:00,HLMN
11.66,11.7,11.66,11.68,9939,2021-09-07 18:27:00,HLMN
11.69,11.69,11.64,11.645,5225,2021-09-07 18:28:00,HLMN
11.645,11.645,11.62,11.64,17656,2021-09-07 18:29:00,HLMN
11.635,11.705,11.635,11.6745,16223,2021-09-07 18:30:00,HLMN
11.67,11.68,11.65,11.68,19605,2021-09-07 18:31:00,HLMN
11.675,11.68,11.65,11.66,22272,2021-09-07 18:32:00,HLMN
11.65,11.65,11.64,11.65,20856,2021-09-07 18:33:00,HLMN
11.65,11.71,11.64,11.68,27427,2021-09-07 18:34:00,HLMN
11.675,11.675,11.65,11.655,13137,2021-09-07 18:35:00,HLMN
11.65,11.66,11.64,11.66,8507,2021-09-07 18:36:00,HLMN
11.655,11.66,11.65,11.655,6894,2021-09-07 18:37:00,HLMN
11.66,11.695,11.66,11.69,11980,2021-09-07 18:38:00,HLMN
11.695,11.695,11.66,11.66,6739,2021-09-07 18:39:00,HLMN
11.665,11.665,11.64,11.65,4525,2021-09-07 18:40:00,HLMN
11.65,11.655,11.64,11.655,9157,2021-09-07 18:41:00,HLMN
11.66,11.72,11.66,11.72,8991,2021-09-07 18:42:00,HLMN
11.71,11.71,11.68,11.695,3957,2021-09-07 18:43:00,HLMN
11.7,11.7,11.69,11.695,9705,2021-09-07 18:44:00,HLMN
11.695,11.695,11.66,11.66,12390,2021-09-07 18:45:00,HLMN
11.66,11.665,11.65,11.655,7220,2021-09-07 18:46:00,HLMN
11.65,11.69,11.65,11.69,11648,2021-09-07 18:47:00,HLMN
11.69,11.7,11.68,11.69,5457,2021-09-07 18:48:00,HLMN
11.69,11.75,11.69,11.75,17869,2021-09-07 18:49:00,HLMN
11.74,11.79,11.7225,11.775,16701,2021-09-07 18:50:00,HLMN
11.78,11.78,11.765,11.78,6926,2021-09-07 18:51:00,HLMN
11.785,11.785,11.76,11.77,7075,2021-09-07 18:52:00,HLMN
11.765,11.79,11.765,11.79,8668,2021-09-07 18:53:00,HLMN
11.79,11.79,11.78,11.79,5900,2021-09-07 18:54:00,HLMN
11.785,11.87,11.78,11.87,19482,2021-09-07 18:55:00,HLMN
11.86,11.86,11.8302,11.835,14906,2021-09-07 18:56:00,HLMN
11.835,11.835,11.82,11.825,5066,2021-09-07 18:57:00,HLMN
11.82,11.8225,11.81,11.815,4019,2021-09-07 18:58:00,HLMN
11.81,11.815,11.79,11.79,5478,2021-09-07 18:59:00,HLMN
11.795,11.81,11.79,11.805,10556,2021-09-07 19:00:00,HLMN
11.81,11.84,11.81,11.84,6050,2021-09-07 19:01:00,HLMN
11.84,11.84,11.83,11.83,3880,2021-09-07 19:02:00,HLMN
11.835,11.84,11.83,11.835,5224,2021-09-07 19:03:00,HLMN
11.84,11.9,11.84,11.8625,19954,2021-09-07 19:04:00,HLMN
11.87,11.87,11.84,11.845,4880,2021-09-07 19:05:00,HLMN
11.845,11.87,11.84,11.87,11496,2021-09-07 19:06:00,HLMN
11.87,11.91,11.87,11.9,13063,2021-09-07 19:07:00,HLMN
11.9,11.91,11.9,11.905,5688,2021-09-07 19:08:00,HLMN
11.91,11.91,11.85,11.85,16182,2021-09-07 19:09:00,HLMN
11.85,11.85,11.81,11.81,5192,2021-09-07 19:10:00,HLMN
11.815,11.84,11.81,11.84,9964,2021-09-07 19:11:00,HLMN
11.855,11.86,11.85,11.855,4958,2021-09-07 19:12:00,HLMN
11.855,11.87,11.855,11.855,13509,2021-09-07 19:13:00,HLMN
11.855,11.855,11.82,11.82,15951,2021-09-07 19:14:00,HLMN
11.82,11.825,11.79,11.79,7302,2021-09-07 19:15:00,HLMN
11.79,11.795,11.79,11.79,4758,2021-09-07 19:16:00,HLMN
11.795,11.795,11.78,11.785,12139,2021-09-07 19:17:00,HLMN
11.785,11.83,11.78,11.83,16816,2021-09-07 19:18:00,HLMN
11.83,11.87,11.83,11.87,7360,2021-09-07 19:19:00,HLMN
11.86,11.87,11.86,11.87,5822,2021-09-07 19:20:00,HLMN
11.87,11.89,11.8606,11.88,14030,2021-09-07 19:21:00,HLMN
11.88,11.9,11.88,11.895,8428,2021-09-07 19:22:00,HLMN
11.895,11.94,11.895,11.925,19634,2021-09-07 19:23:00,HLMN
11.92,11.93,11.86,11.86,11579,2021-09-07 19:24:00,HLMN
11.85,11.86,11.85,11.85,5823,2021-09-07 19:25:00,HLMN
11.86,11.86,11.82,11.84,11442,2021-09-07 19:26:00,HLMN
11.83,11.83,11.81,11.81,3940,2021-09-07 19:27:00,HLMN
11.81,11.86,11.81,11.86,15887,2021-09-07 19:28:00,HLMN
11.86,11.89,11.86,11.8825,8525,2021-09-07 19:29:00,HLMN
11.877,11.877,11.82,11.835,11646,2021-09-07 19:30:00,HLMN
11.83,11.835,11.83,11.83,3891,2021-09-07 19:31:00,HLMN
11.83,11.86,11.82,11.85,15365,2021-09-07 19:32:00,HLMN
11.855,11.86,11.85,11.855,5216,2021-09-07 19:33:00,HLMN
11.86,11.87,11.855,11.865,6761,2021-09-07 19:34:00,HLMN
11.865,11.89,11.865,11.87,10575,2021-09-07 19:35:00,HLMN
11.88,11.88,11.87,11.875,14787,2021-09-07 19:36:00,HLMN
11.875,11.94,11.872,11.9302,22241,2021-09-07 19:37:00,HLMN
11.94,11.95,11.89,11.895,12376,2021-09-07 19:38:00,HLMN
11.89,11.895,11.87,11.875,14244,2021-09-07 19:39:00,HLMN
11.875,11.89,11.85,11.855,25452,2021-09-07 19:40:00,HLMN
11.85,11.85,11.78,11.78,6893,2021-09-07 19:41:00,HLMN
11.79,11.83,11.78,11.805,18628,2021-09-07 19:42:00,HLMN
11.81,11.82,11.78,11.78,13196,2021-09-07 19:43:00,HLMN
11.78,11.78,11.74,11.76,13926,2021-09-07 19:44:00,HLMN
11.76,11.8,11.76,11.785,8216,2021-09-07 19:45:00,HLMN
11.785,11.785,11.75,11.75,9329,2021-09-07 19:46:00,HLMN
11.755,11.785,11.75,11.785,15747,2021-09-07 19:47:00,HLMN
11.785,11.79,11.78,11.79,7137,2021-09-07 19:48:00,HLMN
11.79,11.79,11.78,11.785,10590,2021-09-07 19:49:00,HLMN
11.79,11.79,11.78,11.79,6372,2021-09-07 19:50:00,HLMN
11.785,11.83,11.785,11.815,27001,2021-09-07 19:51:00,HLMN
11.815,11.82,11.81,11.815,6578,2021-09-07 19:52:00,HLMN
11.8101,11.85,11.8101,11.845,10693,2021-09-07 19:53:00,HLMN
11.84,11.845,11.77,11.78,17621,2021-09-07 19:54:00,HLMN
11.78,11.79,11.77,11.785,6367,2021-09-07 19:55:00,HLMN
11.78,11.785,11.73,11.745,23301,2021-09-07 19:56:00,HLMN
11.745,11.77,11.74,11.765,24870,2021-09-07 19:57:00,HLMN
11.765,11.77,11.74,11.745,24748,2021-09-07 19:58:00,HLMN
11.745,11.78,11.74,11.75,48775,2021-09-07 19:59:00,HLMN
11.75,11.75,11.75,11.75,31952,2021-09-07 20:00:00,HLMN
11.75,11.75,11.75,11.75,524,2021-09-07 20:01:00,HLMN
11.8,11.8,11.8,11.8,706,2021-09-08 13:27:00,HLMN
11.8,11.8,11.8,11.8,684,2021-09-08 13:29:00,HLMN
11.82,11.84,11.58,11.58,21539,2021-09-08 13:30:00,HLMN
11.61,11.835,11.57,11.74,2924,2021-09-08 13:31:00,HLMN
11.74,11.77,11.74,11.77,1800,2021-09-08 13:32:00,HLMN
11.77,11.77,11.73,11.73,3582,2021-09-08 13:33:00,HLMN
11.73,11.74,11.72,11.72,1800,2021-09-08 13:34:00,HLMN
11.71,11.72,11.7,11.7,800,2021-09-08 13:35:00,HLMN
11.72,11.84,11.72,11.81,7801,2021-09-08 13:36:00,HLMN
11.81,11.81,11.78,11.78,800,2021-09-08 13:37:00,HLMN
11.75,11.79,11.75,11.78,4226,2021-09-08 13:39:00,HLMN
11.8,11.82,11.8,11.82,800,2021-09-08 13:40:00,HLMN
11.82,11.82,11.82,11.82,100,2021-09-08 13:41:00,HLMN
11.78,11.82,11.78,11.82,6041,2021-09-08 13:42:00,HLMN
11.81,11.81,11.81,11.81,100,2021-09-08 13:43:00,HLMN
11.81,11.829,11.785,11.82,2750,2021-09-08 13:44:00,HLMN
11.81,11.8188,11.79,11.79,3960,2021-09-08 13:45:00,HLMN
11.79,11.79,11.79,11.79,420,2021-09-08 13:46:00,HLMN
11.79,11.82,11.79,11.81,1300,2021-09-08 13:47:00,HLMN
11.81,11.81,11.79,11.79,5715,2021-09-08 13:48:00,HLMN
11.79,11.79,11.79,11.79,513,2021-09-08 13:49:00,HLMN
11.795,11.8,11.795,11.8,1300,2021-09-08 13:50:00,HLMN
11.8,11.8,11.79,11.79,6014,2021-09-08 13:51:00,HLMN
11.78,11.79,11.78,11.78,1015,2021-09-08 13:52:00,HLMN
11.78,11.79,11.77,11.79,700,2021-09-08 13:53:00,HLMN
11.79,11.82,11.79,11.82,7428,2021-09-08 13:54:00,HLMN
11.83,11.845,11.83,11.845,300,2021-09-08 13:55:00,HLMN
11.85,11.85,11.85,11.85,200,2021-09-08 13:56:00,HLMN
11.85,11.86,11.83,11.86,4709,2021-09-08 13:57:00,HLMN
11.86,11.86,11.86,11.86,1200,2021-09-08 13:58:00,HLMN
11.86,11.88,11.86,11.88,400,2021-09-08 13:59:00,HLMN
11.88,11.88,11.86,11.87,3308,2021-09-08 14:00:00,HLMN
11.87,11.945,11.86,11.945,3106,2021-09-08 14:01:00,HLMN
11.95,11.97,11.95,11.97,433,2021-09-08 14:02:00,HLMN
11.95,11.96,11.95,11.96,6562,2021-09-08 14:03:00,HLMN
11.95,11.97,11.95,11.97,600,2021-09-08 14:04:00,HLMN
11.95,11.97,11.95,11.96,2451,2021-09-08 14:05:00,HLMN
11.96,11.965,11.95,11.96,5815,2021-09-08 14:06:00,HLMN
11.9501,11.955,11.95,11.955,3485,2021-09-08 14:07:00,HLMN
11.94,11.97,11.94,11.97,3464,2021-09-08 14:08:00,HLMN
11.97,11.99,11.97,11.97,2880,2021-09-08 14:09:00,HLMN
11.97,11.98,11.97,11.98,200,2021-09-08 14:10:00,HLMN
11.98,11.98,11.97,11.97,2815,2021-09-08 14:11:00,HLMN
11.975,11.98,11.96,11.97,6989,2021-09-08 14:12:00,HLMN
11.97,11.975,11.96,11.96,1706,2021-09-08 14:13:00,HLMN
11.96,11.96,11.86,11.86,8373,2021-09-08 14:15:00,HLMN
11.865,11.865,11.84,11.84,2554,2021-09-08 14:16:00,HLMN
11.83,11.83,11.82,11.82,1424,2021-09-08 14:17:00,HLMN
11.81,11.81,11.79,11.79,1611,2021-09-08 14:18:00,HLMN
11.79,11.79,11.76,11.76,3853,2021-09-08 14:19:00,HLMN
11.74,11.79,11.72,11.79,5478,2021-09-08 14:20:00,HLMN
11.77,11.77,11.77,11.77,700,2021-09-08 14:21:00,HLMN
11.77,11.77,11.75,11.75,3400,2021-09-08 14:22:00,HLMN
11.76,11.76,11.74,11.74,700,2021-09-08 14:23:00,HLMN
11.75,11.76,11.75,11.76,3813,2021-09-08 14:24:00,HLMN
11.75,11.85,11.75,11.84,11107,2021-09-08 14:25:00,HLMN
11.835,11.835,11.835,11.835,200,2021-09-08 14:26:00,HLMN
11.83,11.835,11.81,11.825,5650,2021-09-08 14:27:00,HLMN
11.825,11.87,11.825,11.87,6744,2021-09-08 14:28:00,HLMN
11.86,11.87,11.86,11.86,800,2021-09-08 14:29:00,HLMN
11.86,11.91,11.86,11.91,3034,2021-09-08 14:30:00,HLMN
11.89,11.9,11.86,11.86,10115,2021-09-08 14:31:00,HLMN
11.865,11.865,11.865,11.865,100,2021-09-08 14:32:00,HLMN
11.865,11.865,11.83,11.83,4464,2021-09-08 14:33:00,HLMN
11.83,11.84,11.82,11.825,4573,2021-09-08 14:34:00,HLMN
11.83,11.84,11.8274,11.83,2700,2021-09-08 14:35:00,HLMN
11.835,11.835,11.83,11.835,4500,2021-09-08 14:36:00,HLMN
11.835,11.835,11.83,11.83,4805,2021-09-08 14:37:00,HLMN
11.835,11.835,11.83,11.83,825,2021-09-08 14:38:00,HLMN
11.835,11.835,11.83,11.83,1716,2021-09-08 14:39:00,HLMN
11.835,11.89,11.83,11.89,11812,2021-09-08 14:40:00,HLMN
11.91,11.935,11.91,11.935,6714,2021-09-08 14:41:00,HLMN
11.935,11.95,11.93,11.93,4593,2021-09-08 14:42:00,HLMN
11.92,11.94,11.92,11.92,5200,2021-09-08 14:43:00,HLMN
11.925,11.925,11.87,11.87,7842,2021-09-08 14:44:00,HLMN
11.86,11.86,11.86,11.86,414,2021-09-08 14:45:00,HLMN
11.85,11.87,11.85,11.855,10079,2021-09-08 14:46:00,HLMN
11.855,11.87,11.85,11.865,6239,2021-09-08 14:47:00,HLMN
11.865,11.865,11.81,11.81,5832,2021-09-08 14:48:00,HLMN
11.81,11.82,11.8,11.81,6900,2021-09-08 14:49:00,HLMN
11.8,11.8,11.75,11.75,3300,2021-09-08 14:50:00,HLMN
11.75,11.83,11.74,11.81,10560,2021-09-08 14:51:00,HLMN
11.81,11.81,11.76,11.77,6935,2021-09-08 14:52:00,HLMN
11.76,11.77,11.76,11.77,1000,2021-09-08 14:53:00,HLMN
11.76,11.76,11.73,11.73,4215,2021-09-08 14:54:00,HLMN
11.73,11.8,11.73,11.8,9131,2021-09-08 14:55:00,HLMN
11.8,11.81,11.8,11.805,2000,2021-09-08 14:56:00,HLMN
11.805,11.805,11.8,11.8,4600,2021-09-08 14:57:00,HLMN
11.8,11.8,11.77,11.775,7123,2021-09-08 14:58:00,HLMN
11.775,11.775,11.77,11.77,1875,2021-09-08 14:59:00,HLMN
11.77,11.77,11.74,11.74,1400,2021-09-08 15:00:00,HLMN
11.7401,11.86,11.74,11.86,20239,2021-09-08 15:01:00,HLMN
11.85,11.85,11.82,11.82,7145,2021-09-08 15:02:00,HLMN
11.825,11.83,11.82,11.83,2827,2021-09-08 15:03:00,HLMN
11.83,11.89,11.82,11.87,12713,2021-09-08 15:04:00,HLMN
11.87,11.88,11.86,11.865,8747,2021-09-08 15:05:00,HLMN
11.87,11.89,11.87,11.89,1609,2021-09-08 15:06:00,HLMN
11.89,11.9,11.88,11.9,11196,2021-09-08 15:07:00,HLMN
11.9,11.93,11.9,11.93,6218,2021-09-08 15:08:00,HLMN
11.94,11.94,11.91,11.92,8398,2021-09-08 15:09:00,HLMN
11.92,11.925,11.91,11.91,9109,2021-09-08 15:10:00,HLMN
11.91,11.915,11.87,11.87,4031,2021-09-08 15:11:00,HLMN
11.86,11.91,11.86,11.9,8867,2021-09-08 15:12:00,HLMN
11.9,11.9,11.87,11.87,6200,2021-09-08 15:13:00,HLMN
11.875,11.875,11.87,11.875,2538,2021-09-08 15:14:00,HLMN
11.875,11.875,11.87,11.875,2434,2021-09-08 15:15:00,HLMN
11.88,11.91,11.88,11.89,16347,2021-09-08 15:16:00,HLMN
11.89,11.895,11.89,11.895,700,2021-09-08 15:17:00,HLMN
11.9,11.905,11.9,11.9,12472,2021-09-08 15:18:00,HLMN
11.89,11.89,11.87,11.87,12463,2021-09-08 15:19:00,HLMN
11.87,11.87,11.85,11.85,3984,2021-09-08 15:20:00,HLMN
11.85,11.85,11.82,11.82,4358,2021-09-08 15:21:00,HLMN
11.82,11.85,11.82,11.85,10201,2021-09-08 15:22:00,HLMN
11.86,11.86,11.85,11.85,4500,2021-09-08 15:23:00,HLMN
11.85,11.855,11.85,11.85,2596,2021-09-08 15:24:00,HLMN
11.84,11.845,11.84,11.845,3256,2021-09-08 15:25:00,HLMN
11.84,11.85,11.84,11.84,8237,2021-09-08 15:26:00,HLMN
11.85,11.9,11.85,11.88,12864,2021-09-08 15:27:00,HLMN
11.87,11.87,11.87,11.87,2693,2021-09-08 15:28:00,HLMN
11.86,11.87,11.86,11.87,6206,2021-09-08 15:29:00,HLMN
11.89,11.9,11.885,11.9,5313,2021-09-08 15:30:00,HLMN
11.9,11.9,11.88,11.88,5916,2021-09-08 15:31:00,HLMN
11.88,11.88,11.84,11.84,8959,2021-09-08 15:32:00,HLMN
11.83,11.85,11.83,11.85,5639,2021-09-08 15:33:00,HLMN
11.84,11.84,11.83,11.84,2088,2021-09-08 15:34:00,HLMN
11.835,11.84,11.83,11.835,4665,2021-09-08 15:35:00,HLMN
11.83,11.89,11.83,11.89,10780,2021-09-08 15:36:00,HLMN
11.9,11.905,11.85,11.85,7795,2021-09-08 15:37:00,HLMN
11.8514,11.86,11.85,11.86,9041,2021-09-08 15:38:00,HLMN
11.86,11.86,11.86,11.86,3063,2021-09-08 15:39:00,HLMN
11.87,11.88,11.87,11.87,4300,2021-09-08 15:40:00,HLMN
11.86,11.87,11.86,11.86,6385,2021-09-08 15:41:00,HLMN
11.865,11.865,11.86,11.865,1841,2021-09-08 15:42:00,HLMN
11.86,11.869,11.86,11.86,2498,2021-09-08 15:43:00,HLMN
11.87,11.87,11.85,11.85,14602,2021-09-08 15:44:00,HLMN
11.84,11.845,11.81,11.81,3810,2021-09-08 15:45:00,HLMN
11.82,11.82,11.81,11.82,3100,2021-09-08 15:46:00,HLMN
11.81,11.865,11.81,11.86,13682,2021-09-08 15:47:00,HLMN
11.86,11.865,11.85,11.85,4343,2021-09-08 15:48:00,HLMN
11.85,11.86,11.85,11.86,7337,2021-09-08 15:49:00,HLMN
11.87,11.88,11.86,11.88,5120,2021-09-08 15:50:00,HLMN
11.89,11.9,11.89,11.9,2879,2021-09-08 15:51:00,HLMN
11.91,11.91,11.905,11.91,3100,2021-09-08 15:52:00,HLMN
11.92,11.92,11.91,11.92,4800,2021-09-08 15:53:00,HLMN
11.92,11.94,11.92,11.935,8363,2021-09-08 15:54:00,HLMN
11.935,11.935,11.93,11.935,1200,2021-09-08 15:55:00,HLMN
11.94,11.94,11.93,11.935,12116,2021-09-08 15:56:00,HLMN
11.935,11.94,11.93,11.94,3916,2021-09-08 15:57:00,HLMN
11.93,11.93,11.93,11.93,300,2021-09-08 15:58:00,HLMN
11.935,11.94,11.93,11.935,5708,2021-09-08 15:59:00,HLMN
11.93,12.045,11.93,12.0,34799,2021-09-08 16:00:00,HLMN
12.0,12.0,11.96,11.96,3417,2021-09-08 16:01:00,HLMN
11.97,11.98,11.96,11.975,4846,2021-09-08 16:02:00,HLMN
11.975,11.975,11.97,11.975,2484,2021-09-08 16:03:00,HLMN
11.975,12.04,11.975,12.0,18835,2021-09-08 16:04:00,HLMN
12.005,12.01,11.99,12.0,8293,2021-09-08 16:05:00,HLMN
11.99,11.99,11.99,11.99,300,2021-09-08 16:06:00,HLMN
11.99,12.02,11.98,12.01,18776,2021-09-08 16:07:00,HLMN
12.015,12.02,12.0,12.0,18496,2021-09-08 16:08:00,HLMN
12.0,12.0,12.0,12.0,100,2021-09-08 16:09:00,HLMN
12.0,12.0,11.99,11.99,3300,2021-09-08 16:10:00,HLMN
12.0,12.0,11.99,11.995,4216,2021-09-08 16:11:00,HLMN
12.0,12.02,12.0,12.0,105761,2021-09-08 16:12:00,HLMN
12.0,12.0,11.99,11.99,2501,2021-09-08 16:13:00,HLMN
12.0,12.0,11.98,11.99,10639,2021-09-08 16:14:00,HLMN
11.99,11.99,11.98,11.985,2234,2021-09-08 16:15:00,HLMN
11.985,11.985,11.98,11.98,2221,2021-09-08 16:16:00,HLMN
11.99,12.04,11.99,12.035,51917,2021-09-08 16:17:00,HLMN
12.04,12.04,12.03,12.03,3270,2021-09-08 16:19:00,HLMN
12.035,12.065,12.03,12.06,11957,2021-09-08 16:20:00,HLMN
12.06,12.065,12.05,12.05,5400,2021-09-08 16:21:00,HLMN
12.05,12.06,12.05,12.05,3400,2021-09-08 16:22:00,HLMN
12.04,12.055,12.04,12.055,6318,2021-09-08 16:23:00,HLMN
12.05,12.055,12.04,12.04,5289,2021-09-08 16:24:00,HLMN
12.04,12.04,12.03,12.03,3591,2021-09-08 16:25:00,HLMN
12.03,12.035,11.99,11.995,10759,2021-09-08 16:26:00,HLMN
12.0,12.0,11.98,11.98,1711,2021-09-08 16:27:00,HLMN
11.98,11.985,11.98,11.98,1487,2021-09-08 16:28:00,HLMN
11.98,12.03,11.98,12.015,15823,2021-09-08 16:29:00,HLMN
12.015,12.015,12.015,12.015,600,2021-09-08 16:30:00,HLMN
12.015,12.02,12.015,12.02,4900,2021-09-08 16:31:00,HLMN
12.01,12.015,12.01,12.015,500,2021-09-08 16:32:00,HLMN
12.02,12.03,12.01,12.025,10076,2021-09-08 16:33:00,HLMN
12.025,12.03,12.02,12.025,1311,2021-09-08 16:34:00,HLMN
12.02,12.03,12.02,12.03,2900,2021-09-08 16:35:00,HLMN
12.025,12.03,12.02,12.025,5889,2021-09-08 16:36:00,HLMN
12.03,12.03,12.025,12.03,3300,2021-09-08 16:37:00,HLMN
12.02,12.025,12.02,12.025,1794,2021-09-08 16:38:00,HLMN
12.02,12.03,12.02,12.025,5500,2021-09-08 16:39:00,HLMN
12.02,12.025,12.02,12.025,2011,2021-09-08 16:40:00,HLMN
12.025,12.03,12.02,12.025,4033,2021-09-08 16:41:00,HLMN
12.025,12.03,12.02,12.03,5327,2021-09-08 16:42:00,HLMN
12.02,12.03,12.02,12.025,2636,2021-09-08 16:43:00,HLMN
12.025,12.03,12.02,12.025,3055,2021-09-08 16:44:00,HLMN
12.02,12.03,12.02,12.02,7031,2021-09-08 16:45:00,HLMN
12.025,12.03,11.98,12.0,14874,2021-09-08 16:46:00,HLMN
11.98,11.99,11.96,11.96,5041,2021-09-08 16:47:00,HLMN
11.96,11.96,11.92,11.92,7171,2021-09-08 16:48:00,HLMN
11.91,11.96,11.9,11.96,8696,2021-09-08 16:49:00,HLMN
11.95,11.97,11.95,11.97,2913,2021-09-08 16:50:00,HLMN
11.98,11.98,11.97,11.98,5015,2021-09-08 16:51:00,HLMN
11.97,11.97,11.95,11.95,3845,2021-09-08 16:52:00,HLMN
11.95,11.96,11.95,11.95,3294,2021-09-08 16:53:00,HLMN
11.955,11.955,11.95,11.955,4737,2021-09-08 16:54:00,HLMN
11.95,11.955,11.95,11.955,3447,2021-09-08 16:55:00,HLMN
11.955,11.96,11.95,11.95,3953,2021-09-08 16:56:00,HLMN
11.95,11.95,11.93,11.93,6503,2021-09-08 16:57:00,HLMN
11.935,11.9386,11.93,11.935,2620,2021-09-08 16:58:00,HLMN
11.93,11.935,11.93,11.935,3152,2021-09-08 16:59:00,HLMN
11.935,12.01,11.935,12.01,17975,2021-09-08 17:00:00,HLMN
12.01,12.02,12.0,12.005,8275,2021-09-08 17:01:00,HLMN
12.0,12.005,12.0,12.005,500,2021-09-08 17:02:00,HLMN
12.01,12.03,12.01,12.015,7651,2021-09-08 17:03:00,HLMN
12.01,12.01,12.0,12.005,7562,2021-09-08 17:04:00,HLMN
12.0,12.005,11.94,11.96,12953,2021-09-08 17:05:00,HLMN
11.96,12.01,11.95,12.0,11456,2021-09-08 17:06:00,HLMN
12.02,12.02,12.0,12.02,4459,2021-09-08 17:07:00,HLMN
12.02,12.02,12.01,12.015,3060,2021-09-08 17:08:00,HLMN
12.015,12.015,12.01,12.01,5421,2021-09-08 17:09:00,HLMN
12.015,12.015,11.995,12.0,7508,2021-09-08 17:10:00,HLMN
11.99,12.0,11.99,11.99,1784,2021-09-08 17:11:00,HLMN
11.99,12.0,11.985,12.0,7749,2021-09-08 17:12:00,HLMN
12.01,12.03,12.01,12.03,6600,2021-09-08 17:13:00,HLMN
12.04,12.04,12.03,12.035,2241,2021-09-08 17:14:00,HLMN
12.03,12.035,12.03,12.035,3796,2021-09-08 17:15:00,HLMN
12.03,12.04,12.03,12.035,4410,2021-09-08 17:16:00,HLMN
12.035,12.04,12.03,12.04,1785,2021-09-08 17:17:00,HLMN
12.03,12.07,12.03,12.065,16527,2021-09-08 17:18:00,HLMN
12.07,12.07,12.045,12.045,5579,2021-09-08 17:19:00,HLMN
12.04,12.05,12.04,12.045,2800,2021-09-08 17:20:00,HLMN
12.04,12.05,12.04,12.045,6628,2021-09-08 17:21:00,HLMN
12.04,12.045,12.04,12.04,2657,2021-09-08 17:22:00,HLMN
12.04,12.09,12.04,12.09,8566,2021-09-08 17:23:00,HLMN
12.09,12.09,12.06,12.06,8737,2021-09-08 17:24:00,HLMN
12.06,12.06,12.055,12.055,1900,2021-09-08 17:25:00,HLMN
12.06,12.06,12.05,12.05,3100,2021-09-08 17:26:00,HLMN
12.05,12.055,12.04,12.045,6828,2021-09-08 17:27:00,HLMN
12.04,12.045,12.03,12.035,3634,2021-09-08 17:28:00,HLMN
12.035,12.0399,12.03,12.035,3925,2021-09-08 17:29:00,HLMN
12.03,12.04,12.03,12.03,7222,2021-09-08 17:30:00,HLMN
12.035,12.035,12.03,12.035,1832,2021-09-08 17:31:00,HLMN
12.035,12.035,12.03,12.035,3554,2021-09-08 17:32:00,HLMN
12.035,12.09,12.03,12.08,16299,2021-09-08 17:33:00,HLMN
12.09,12.12,12.08,12.08,7913,2021-09-08 17:34:00,HLMN
12.08,12.08,12.07,12.08,1000,2021-09-08 17:35:00,HLMN
12.09,12.12,12.08,12.095,13226,2021-09-08 17:36:00,HLMN
12.1,12.1,12.1,12.1,300,2021-09-08 17:37:00,HLMN
12.1,12.16,12.095,12.13,12457,2021-09-08 17:38:00,HLMN
12.13,12.13,12.11,12.115,1967,2021-09-08 17:39:00,HLMN
12.11,12.115,12.1,12.1,6734,2021-09-08 17:40:00,HLMN
12.1,12.105,12.1,12.105,2495,2021-09-08 17:41:00,HLMN
12.11,12.16,12.1,12.16,14666,2021-09-08 17:42:00,HLMN
12.15,12.17,12.135,12.14,11321,2021-09-08 17:43:00,HLMN
12.14,12.14,12.13,12.13,500,2021-09-08 17:44:00,HLMN
12.13,12.135,12.12,12.12,3461,2021-09-08 17:45:00,HLMN
12.125,12.135,12.125,12.135,8872,2021-09-08 17:46:00,HLMN
12.135,12.14,12.13,12.13,3600,2021-09-08 17:47:00,HLMN
12.135,12.135,12.13,12.13,3542,2021-09-08 17:48:00,HLMN
12.13,12.14,12.13,12.135,6487,2021-09-08 17:49:00,HLMN
12.13,12.17,12.13,12.16,12233,2021-09-08 17:50:00,HLMN
12.155,12.155,12.14,12.145,2700,2021-09-08 17:51:00,HLMN
12.145,12.145,12.13,12.13,7090,2021-09-08 17:52:00,HLMN
12.13,12.135,12.13,12.13,3231,2021-09-08 17:53:00,HLMN
12.135,12.135,12.09,12.09,6947,2021-09-08 17:54:00,HLMN
12.095,12.11,12.095,12.11,9013,2021-09-08 17:55:00,HLMN
12.105,12.105,12.09,12.09,4586,2021-09-08 17:56:00,HLMN
12.09,12.095,12.08,12.095,5523,2021-09-08 17:57:00,HLMN
12.095,12.095,12.08,12.08,5120,2021-09-08 17:58:00,HLMN
12.085,12.09,12.08,12.08,3692,2021-09-08 17:59:00,HLMN
12.085,12.085,12.08,12.08,2623,2021-09-08 18:00:00,HLMN
12.08,12.085,12.08,12.08,4933,2021-09-08 18:01:00,HLMN
12.085,12.085,12.08,12.085,2898,2021-09-08 18:02:00,HLMN
12.08,12.15,12.08,12.15,13460,2021-09-08 18:03:00,HLMN
12.15,12.15,12.11,12.115,7705,2021-09-08 18:04:00,HLMN
12.11,12.12,12.11,12.12,500,2021-09-08 18:05:00,HLMN
12.115,12.15,12.11,12.15,4800,2021-09-08 18:06:00,HLMN
12.15,12.15,12.13,12.135,12699,2021-09-08 18:07:00,HLMN
12.135,12.135,12.13,12.135,2898,2021-09-08 18:08:00,HLMN
12.13,12.16,12.13,12.15,23682,2021-09-08 18:09:00,HLMN
12.15,12.16,12.135,12.135,10121,2021-09-08 18:10:00,HLMN
12.14,12.14,12.13,12.13,4866,2021-09-08 18:11:00,HLMN
12.12,12.12,12.1,12.1,2894,2021-09-08 18:12:00,HLMN
12.105,12.11,12.1,12.11,7802,2021-09-08 18:13:00,HLMN
12.11,12.11,12.1,12.1,2791,2021-09-08 18:14:00,HLMN
12.105,12.105,12.1,12.105,3930,2021-09-08 18:15:00,HLMN
12.1,12.15,12.1,12.15,15474,2021-09-08 18:16:00,HLMN
12.15,12.15,12.14,12.15,5930,2021-09-08 18:17:00,HLMN
12.14,12.145,12.13,12.13,4474,2021-09-08 18:18:00,HLMN
12.115,12.12,12.11,12.115,6192,2021-09-08 18:19:00,HLMN
12.115,12.115,12.11,12.11,2533,2021-09-08 18:20:00,HLMN
12.115,12.115,12.11,12.115,2766,2021-09-08 18:21:00,HLMN
12.115,12.12,12.11,12.115,7656,2021-09-08 18:22:00,HLMN
12.11,12.115,12.11,12.115,2412,2021-09-08 18:23:00,HLMN
12.115,12.115,12.115,12.115,2014,2021-09-08 18:24:00,HLMN
12.115,12.12,12.11,12.115,9578,2021-09-08 18:25:00,HLMN
12.115,12.115,12.11,12.115,1597,2021-09-08 18:26:00,HLMN
12.11,12.12,12.11,12.115,5587,2021-09-08 18:27:00,HLMN
12.1101,12.115,12.09,12.09,11335,2021-09-08 18:28:00,HLMN
12.09,12.095,12.04,12.04,9716,2021-09-08 18:29:00,HLMN
12.04,12.04,12.0,12.005,4402,2021-09-08 18:30:00,HLMN
12.0,12.01,12.0,12.01,14881,2021-09-08 18:31:00,HLMN
12.005,12.005,12.0,12.005,5200,2021-09-08 18:32:00,HLMN
12.005,12.005,12.0,12.005,5300,2021-09-08 18:33:00,HLMN
12.005,12.005,11.93,11.93,15171,2021-09-08 18:34:00,HLMN
11.93,11.96,11.925,11.95,14353,2021-09-08 18:35:00,HLMN
11.95,11.955,11.95,11.95,3626,2021-09-08 18:36:00,HLMN
11.955,11.955,11.95,11.95,7425,2021-09-08 18:37:00,HLMN
11.94,11.94,11.9,11.91,6252,2021-09-08 18:38:00,HLMN
11.915,11.955,11.91,11.955,15465,2021-09-08 18:39:00,HLMN
11.95,11.95,11.94,11.94,7843,2021-09-08 18:40:00,HLMN
11.935,11.94,11.93,11.93,810,2021-09-08 18:41:00,HLMN
11.935,11.94,11.92,11.93,9781,2021-09-08 18:42:00,HLMN
11.935,12.02,11.93,12.005,15299,2021-09-08 18:43:00,HLMN
12.01,12.015,11.995,12.0,4900,2021-09-08 18:44:00,HLMN
12.0,12.0,11.97,11.99,13060,2021-09-08 18:45:00,HLMN
11.985,11.985,11.985,11.985,600,2021-09-08 18:46:00,HLMN
11.98,12.03,11.98,12.005,42010,2021-09-08 18:47:00,HLMN
12.0,12.01,12.0,12.005,2900,2021-09-08 18:48:00,HLMN
12.005,12.005,12.0,12.005,3428,2021-09-08 18:49:00,HLMN
12.0,12.0,12.0,12.0,5019,2021-09-08 18:50:00,HLMN
12.005,12.005,12.0,12.0,4627,2021-09-08 18:51:00,HLMN
12.0,12.005,12.0,12.005,3408,2021-09-08 18:52:00,HLMN
12.0,12.005,12.0,12.005,8027,2021-09-08 18:53:00,HLMN
12.0,12.01,12.0,12.005,19781,2021-09-08 18:54:00,HLMN
12.0,12.005,11.95,11.95,13230,2021-09-08 18:55:00,HLMN
11.94,12.0061,11.94,12.0061,15140,2021-09-08 18:56:00,HLMN
11.99,12.01,11.99,11.99,20333,2021-09-08 18:57:00,HLMN
11.99,11.99,11.97,11.98,2859,2021-09-08 18:58:00,HLMN
11.98,11.99,11.97,11.99,6927,2021-09-08 18:59:00,HLMN
11.99,12.03,11.99,12.025,32974,2021-09-08 19:00:00,HLMN
12.025,12.025,12.0,12.0,7734,2021-09-08 19:01:00,HLMN
12.0,12.005,12.0,12.0,7559,2021-09-08 19:02:00,HLMN
11.995,11.995,11.99,11.99,2375,2021-09-08 19:03:00,HLMN
12.0,12.0,11.99,11.99,4483,2021-09-08 19:04:00,HLMN
12.0,12.01,11.99,12.005,22682,2021-09-08 19:05:00,HLMN
12.0,12.005,12.0,12.005,3765,2021-09-08 19:06:00,HLMN
12.0,12.0,11.96,11.96,14407,2021-09-08 19:07:00,HLMN
11.965,11.965,11.93,11.935,6673,2021-09-08 19:08:00,HLMN
11.935,11.935,11.93,11.93,2708,2021-09-08 19:09:00,HLMN
11.935,12.0,11.93,12.0,11688,2021-09-08 19:10:00,HLMN
12.0,12.0,11.98,11.985,6408,2021-09-08 19:11:00,HLMN
11.985,11.985,11.97,11.975,5961,2021-09-08 19:12:00,HLMN
11.975,11.975,11.95,11.95,10182,2021-09-08 19:13:00,HLMN
11.95,11.955,11.95,11.95,4287,2021-09-08 19:14:00,HLMN
11.94,12.0,11.93,12.0,23616,2021-09-08 19:15:00,HLMN
11.99,11.99,11.98,11.98,3402,2021-09-08 19:16:00,HLMN
11.985,11.99,11.95,11.95,10748,2021-09-08 19:17:00,HLMN
11.955,11.955,11.95,11.95,2139,2021-09-08 19:18:00,HLMN
11.955,12.005,11.95,12.0,14047,2021-09-08 19:19:00,HLMN
12.0,12.0,11.99,11.995,7582,2021-09-08 19:20:00,HLMN
11.995,12.0,11.99,11.99,37114,2021-09-08 19:21:00,HLMN
11.99,11.99,11.98,11.985,8568,2021-09-08 19:22:00,HLMN
11.985,11.985,11.95,11.955,7642,2021-09-08 19:23:00,HLMN
11.955,11.955,11.95,11.955,4330,2021-09-08 19:24:00,HLMN
11.955,11.955,11.94,11.945,3850,2021-09-08 19:25:00,HLMN
11.94,11.96,11.94,11.95,19291,2021-09-08 19:26:00,HLMN
11.94,11.945,11.94,11.94,5208,2021-09-08 19:27:00,HLMN
11.945,11.945,11.94,11.945,8645,2021-09-08 19:28:00,HLMN
11.94,11.945,11.94,11.94,5100,2021-09-08 19:29:00,HLMN
11.945,11.945,11.94,11.94,4743,2021-09-08 19:30:00,HLMN
11.945,11.995,11.94,11.995,14822,2021-09-08 19:31:00,HLMN
12.0,12.0,11.99,11.995,10260,2021-09-08 19:32:00,HLMN
11.995,11.995,11.99,11.99,5276,2021-09-08 19:33:00,HLMN
11.995,11.995,11.99,11.995,6685,2021-09-08 19:34:00,HLMN
11.995,11.995,11.98,11.98,13274,2021-09-08 19:35:00,HLMN
11.985,11.99,11.985,11.99,6497,2021-09-08 19:36:00,HLMN
11.98,11.985,11.98,11.985,2810,2021-09-08 19:37:00,HLMN
11.985,11.99,11.98,11.985,10728,2021-09-08 19:38:00,HLMN
11.985,11.985,11.98,11.98,2308,2021-09-08 19:39:00,HLMN
11.985,11.99,11.98,11.985,7560,2021-09-08 19:40:00,HLMN
11.985,11.99,11.98,11.99,8262,2021-09-08 19:41:00,HLMN
11.99,11.99,11.98,11.98,7150,2021-09-08 19:42:00,HLMN
11.98,11.99,11.98,11.985,4143,2021-09-08 19:43:00,HLMN
11.99,12.0,11.98,12.0,20320,2021-09-08 19:44:00,HLMN
12.0,12.03,11.99,11.99,44143,2021-09-08 19:45:00,HLMN
11.99,12.0,11.99,11.99,4423,2021-09-08 19:46:00,HLMN
12.0,12.0,11.96,11.96,23487,2021-09-08 19:47:00,HLMN
11.965,11.965,11.95,11.95,3212,2021-09-08 19:48:00,HLMN
11.955,11.96,11.95,11.95,6282,2021-09-08 19:49:00,HLMN
11.95,11.955,11.95,11.955,1915,2021-09-08 19:50:00,HLMN
11.95,11.995,11.95,11.995,13730,2021-09-08 19:51:00,HLMN
11.99,12.0,11.99,12.0,4698,2021-09-08 19:52:00,HLMN
11.995,12.0,11.995,12.0,4351,2021-09-08 19:53:00,HLMN
11.995,12.0,11.99,11.99,11763,2021-09-08 19:54:00,HLMN
12.0,12.01,11.995,12.0,32330,2021-09-08 19:55:00,HLMN
11.995,12.0,11.995,12.0,12663,2021-09-08 19:56:00,HLMN
12.0,12.005,11.99,12.0,33561,2021-09-08 19:57:00,HLMN
12.0,12.0,11.995,12.0,11928,2021-09-08 19:58:00,HLMN
12.0,12.0,11.97,11.99,40370,2021-09-08 19:59:00,HLMN
11.99,11.99,11.99,11.99,45856,2021-09-08 20:00:00,HLMN
12.01,12.5,11.92,12.4,12384,2021-09-09 13:30:00,HLMN
12.2,12.2,11.875,11.95,2248,2021-09-09 13:31:00,HLMN
11.95,11.95,11.82,11.92,5976,2021-09-09 13:32:00,HLMN
11.92,11.96,11.9,11.925,6423,2021-09-09 13:33:00,HLMN
11.93,11.93,11.93,11.93,100,2021-09-09 13:34:00,HLMN
11.97,12.0,11.9,11.94,6182,2021-09-09 13:36:00,HLMN
11.97,11.97,11.91,11.91,2133,2021-09-09 13:38:00,HLMN
11.96,11.97,11.91,11.92,5484,2021-09-09 13:39:00,HLMN
11.91,11.915,11.91,11.91,2569,2021-09-09 13:40:00,HLMN
11.925,11.925,11.89,11.89,2710,2021-09-09 13:41:00,HLMN
11.89,12.01,11.89,11.98,7016,2021-09-09 13:42:00,HLMN
11.965,11.965,11.965,11.965,100,2021-09-09 13:43:00,HLMN
11.98,11.98,11.98,11.98,200,2021-09-09 13:44:00,HLMN
11.98,12.05,11.98,12.05,5121,2021-09-09 13:45:00,HLMN
12.0,12.0,11.97,12.0,4636,2021-09-09 13:46:00,HLMN
12.028,12.028,12.028,12.028,100,2021-09-09 13:47:00,HLMN
12.01,12.03,11.99,12.0,4400,2021-09-09 13:48:00,HLMN
12.01,12.03,12.01,12.02,3100,2021-09-09 13:49:00,HLMN
12.02,12.02,11.99,11.99,2525,2021-09-09 13:50:00,HLMN
12.02,12.04,12.02,12.04,8038,2021-09-09 13:51:00,HLMN
12.045,12.045,12.02,12.02,3614,2021-09-09 13:53:00,HLMN
12.02,12.03,12.01,12.02,8334,2021-09-09 13:54:00,HLMN
12.02,12.02,12.01,12.01,1603,2021-09-09 13:55:00,HLMN
12.01,12.01,11.99,11.99,4139,2021-09-09 13:56:00,HLMN
12.0,12.0,11.95,11.96,8940,2021-09-09 13:57:00,HLMN
11.95,11.96,11.95,11.95,4611,2021-09-09 13:58:00,HLMN
11.955,11.955,11.955,11.955,7400,2021-09-09 13:59:00,HLMN
11.96,11.96,11.95,11.95,8221,2021-09-09 14:00:00,HLMN
11.95,11.955,11.94,11.955,5791,2021-09-09 14:02:00,HLMN
11.95,11.95,11.89,11.89,11687,2021-09-09 14:03:00,HLMN
11.89,11.8976,11.86,11.86,1707,2021-09-09 14:04:00,HLMN
11.86,11.86,11.83,11.84,4742,2021-09-09 14:05:00,HLMN
11.85,11.9,11.85,11.87,6933,2021-09-09 14:06:00,HLMN
11.86,11.87,11.86,11.87,200,2021-09-09 14:07:00,HLMN
11.86,11.86,11.85,11.85,2300,2021-09-09 14:08:00,HLMN
11.84,11.85,11.81,11.81,12230,2021-09-09 14:09:00,HLMN
11.81,11.81,11.77,11.77,2365,2021-09-09 14:10:00,HLMN
11.77,11.771,11.77,11.77,462,2021-09-09 14:11:00,HLMN
11.77,11.79,11.76,11.79,8919,2021-09-09 14:12:00,HLMN
11.7986,11.8,11.7986,11.8,720,2021-09-09 14:13:00,HLMN
11.8,11.8,11.8,11.8,1372,2021-09-09 14:14:00,HLMN
11.79,11.79,11.74,11.75,11903,2021-09-09 14:15:00,HLMN
11.76,11.76,11.75,11.75,400,2021-09-09 14:16:00,HLMN
11.75,11.76,11.75,11.75,1600,2021-09-09 14:17:00,HLMN
11.74,11.75,11.74,11.75,2854,2021-09-09 14:18:00,HLMN
11.75,11.81,11.75,11.81,7964,2021-09-09 14:19:00,HLMN
11.82,11.82,11.82,11.82,300,2021-09-09 14:20:00,HLMN
11.79,11.8,11.79,11.8,500,2021-09-09 14:21:00,HLMN
11.8,11.81,11.78,11.78,8937,2021-09-09 14:22:00,HLMN
11.775,11.775,11.75,11.75,1129,2021-09-09 14:23:00,HLMN
11.74,11.78,11.74,11.77,8561,2021-09-09 14:24:00,HLMN
11.79,11.8,11.76,11.77,5401,2021-09-09 14:25:00,HLMN
11.77,11.77,11.74,11.75,2195,2021-09-09 14:26:00,HLMN
11.76,11.8,11.76,11.8,5100,2021-09-09 14:27:00,HLMN
11.8,11.8,11.79,11.79,6900,2021-09-09 14:28:00,HLMN
11.79,11.79,11.79,11.79,300,2021-09-09 14:29:00,HLMN
11.79,11.8,11.78,11.785,4350,2021-09-09 14:30:00,HLMN
11.78,11.79,11.78,11.785,5915,2021-09-09 14:31:00,HLMN
11.785,11.79,11.78,11.79,2893,2021-09-09 14:32:00,HLMN
11.78,11.83,11.78,11.83,5194,2021-09-09 14:33:00,HLMN
11.83,11.83,11.83,11.83,3485,2021-09-09 14:34:00,HLMN
11.835,11.835,11.825,11.825,3097,2021-09-09 14:35:00,HLMN
11.825,11.825,11.825,11.825,100,2021-09-09 14:36:00,HLMN
11.82,11.83,11.82,11.82,7301,2021-09-09 14:37:00,HLMN
11.82,11.82,11.8,11.8,3816,2021-09-09 14:38:00,HLMN
11.8,11.8,11.8,11.8,1300,2021-09-09 14:39:00,HLMN
11.8,11.8,11.79,11.795,12719,2021-09-09 14:40:00,HLMN
11.8,11.83,11.8,11.83,5978,2021-09-09 14:41:00,HLMN
11.83,11.91,11.83,11.91,6515,2021-09-09 14:42:00,HLMN
11.91,11.91,11.86,11.88,7271,2021-09-09 14:43:00,HLMN
11.89,11.89,11.86,11.87,3800,2021-09-09 14:44:00,HLMN
11.87,11.87,11.86,11.865,1300,2021-09-09 14:45:00,HLMN
11.87,11.89,11.87,11.89,6050,2021-09-09 14:46:00,HLMN
11.88,11.89,11.86,11.86,2700,2021-09-09 14:47:00,HLMN
11.87,11.87,11.87,11.87,100,2021-09-09 14:48:00,HLMN
11.865,11.875,11.865,11.87,6400,2021-09-09 14:49:00,HLMN
11.86,11.86,11.85,11.85,2976,2021-09-09 14:50:00,HLMN
11.855,11.855,11.85,11.855,1000,2021-09-09 14:51:00,HLMN
11.85,11.85,11.83,11.835,9160,2021-09-09 14:52:00,HLMN
11.835,11.835,11.79,11.8,2114,2021-09-09 14:53:00,HLMN
11.79,11.81,11.79,11.81,5609,2021-09-09 14:54:00,HLMN
11.815,11.87,11.815,11.87,5648,2021-09-09 14:55:00,HLMN
11.87,11.88,11.85,11.88,5217,2021-09-09 14:56:00,HLMN
11.8793,11.8793,11.8793,11.8793,1500,2021-09-09 14:57:00,HLMN
11.89,11.91,11.88,11.9,7372,2021-09-09 14:58:00,HLMN
11.9,11.91,11.9,11.91,1694,2021-09-09 14:59:00,HLMN
11.92,11.93,11.92,11.93,5339,2021-09-09 15:01:00,HLMN
11.93,11.96,11.93,11.96,3000,2021-09-09 15:02:00,HLMN
11.94,11.95,11.94,11.94,3223,2021-09-09 15:03:00,HLMN
11.95,11.95,11.94,11.94,9385,2021-09-09 15:04:00,HLMN
11.94,11.94,11.94,11.94,200,2021-09-09 15:05:00,HLMN
11.94,11.94,11.94,11.94,300,2021-09-09 15:06:00,HLMN
11.94,11.95,11.94,11.95,7259,2021-09-09 15:07:00,HLMN
11.95,11.95,11.945,11.95,900,2021-09-09 15:08:00,HLMN
11.93,11.95,11.93,11.94,1208,2021-09-09 15:09:00,HLMN
11.93,11.95,11.93,11.94,6028,2021-09-09 15:10:00,HLMN
11.95,11.96,11.95,11.96,800,2021-09-09 15:11:00,HLMN
11.95,11.96,11.94,11.96,1342,2021-09-09 15:12:00,HLMN
11.96,11.99,11.96,11.97,8483,2021-09-09 15:13:00,HLMN
11.975,11.98,11.97,11.97,563,2021-09-09 15:14:00,HLMN
11.96,11.965,11.96,11.965,4000,2021-09-09 15:15:00,HLMN
11.97,11.97,11.96,11.96,8900,2021-09-09 15:16:00,HLMN
11.96,11.96,11.96,11.96,596,2021-09-09 15:17:00,HLMN
11.965,11.965,11.95,11.95,3516,2021-09-09 15:18:00,HLMN
11.95,11.95,11.94,11.95,5073,2021-09-09 15:19:00,HLMN
11.95,11.95,11.95,11.95,1300,2021-09-09 15:20:00,HLMN
11.945,11.945,11.94,11.945,3416,2021-09-09 15:21:00,HLMN
11.945,11.945,11.895,11.9,17376,2021-09-09 15:22:00,HLMN
11.91,11.915,11.91,11.91,2553,2021-09-09 15:23:00,HLMN
11.915,11.915,11.895,11.91,3600,2021-09-09 15:24:00,HLMN
11.91,11.92,11.905,11.92,7413,2021-09-09 15:25:00,HLMN
11.92,11.96,11.92,11.96,3350,2021-09-09 15:26:00,HLMN
11.95,11.95,11.95,11.95,264,2021-09-09 15:27:00,HLMN
11.94,11.95,11.91,11.92,6998,2021-09-09 15:29:00,HLMN
11.91,11.91,11.91,11.91,400,2021-09-09 15:30:00,HLMN
11.91,11.91,11.9,11.905,4434,2021-09-09 15:31:00,HLMN
11.9,11.905,11.9,11.9,7001,2021-09-09 15:32:00,HLMN
11.905,11.93,11.9,11.93,6762,2021-09-09 15:33:00,HLMN
11.93,11.95,11.93,11.95,300,2021-09-09 15:34:00,HLMN
11.96,11.97,11.93,11.97,5995,2021-09-09 15:35:00,HLMN
11.975,11.98,11.975,11.98,900,2021-09-09 15:36:00,HLMN
11.98,11.98,11.98,11.98,21313,2021-09-09 15:37:00,HLMN
11.98,11.99,11.97,11.975,11354,2021-09-09 15:38:00,HLMN
11.975,11.975,11.975,11.975,200,2021-09-09 15:39:00,HLMN
11.975,11.975,11.95,11.95,4429,2021-09-09 15:40:00,HLMN
11.95,11.96,11.93,11.935,8487,2021-09-09 15:41:00,HLMN
11.93,11.93,11.92,11.92,4387,2021-09-09 15:42:00,HLMN
11.93,11.93,11.91,11.91,1531,2021-09-09 15:43:00,HLMN
11.92,11.94,11.92,11.93,4900,2021-09-09 15:44:00,HLMN
11.93,11.93,11.92,11.92,2204,2021-09-09 15:45:00,HLMN
11.92,11.92,11.9,11.9,2491,2021-09-09 15:46:00,HLMN
11.91,11.91,11.9,11.9,5588,2021-09-09 15:47:00,HLMN
11.905,11.91,11.905,11.91,300,2021-09-09 15:48:00,HLMN
11.9,11.905,11.9,11.905,1300,2021-09-09 15:49:00,HLMN
11.91,11.915,11.91,11.91,6944,2021-09-09 15:50:00,HLMN
11.91,11.92,11.91,11.92,600,2021-09-09 15:51:00,HLMN
11.91,11.93,11.905,11.92,6135,2021-09-09 15:53:00,HLMN
11.92,11.93,11.91,11.915,2991,2021-09-09 15:54:00,HLMN
11.92,11.94,11.92,11.94,2900,2021-09-09 15:55:00,HLMN
11.94,11.96,11.94,11.96,6400,2021-09-09 15:56:00,HLMN
11.945,11.95,11.945,11.95,1030,2021-09-09 15:57:00,HLMN
11.94,11.94,11.94,11.94,1435,2021-09-09 15:58:00,HLMN
11.93,11.95,11.93,11.94,6086,2021-09-09 15:59:00,HLMN
11.93,11.935,11.93,11.935,1408,2021-09-09 16:00:00,HLMN
11.94,11.94,11.92,11.92,5962,2021-09-09 16:01:00,HLMN
11.92,11.92,11.9,11.9,8771,2021-09-09 16:02:00,HLMN
11.9,11.905,11.895,11.905,6918,2021-09-09 16:03:00,HLMN
11.9,11.905,11.9,11.9,1506,2021-09-09 16:04:00,HLMN
11.9,11.91,11.9,11.905,7995,2021-09-09 16:05:00,HLMN
11.905,11.905,11.9,11.9,500,2021-09-09 16:06:00,HLMN
11.905,11.905,11.9,11.9,700,2021-09-09 16:07:00,HLMN
11.9,11.91,11.9,11.91,7516,2021-09-09 16:08:00,HLMN
11.9,11.905,11.89,11.9,8084,2021-09-09 16:10:00,HLMN
11.9,11.91,11.9,11.905,6929,2021-09-09 16:11:00,HLMN
11.9,11.9,11.89,11.9,13324,2021-09-09 16:12:00,HLMN
11.9,11.9,11.89,11.89,2009,2021-09-09 16:13:00,HLMN
11.89,11.89,11.86,11.86,11817,2021-09-09 16:14:00,HLMN
11.87,11.88,11.87,11.88,2964,2021-09-09 16:15:00,HLMN
11.87,11.88,11.87,11.88,704,2021-09-09 16:16:00,HLMN
11.875,11.88,11.87,11.88,6019,2021-09-09 16:17:00,HLMN
11.875,11.875,11.87,11.87,782,2021-09-09 16:18:00,HLMN
11.87,11.875,11.86,11.86,1300,2021-09-09 16:19:00,HLMN
11.85,11.86,11.84,11.86,7800,2021-09-09 16:20:00,HLMN
11.86,11.86,11.85,11.85,1103,2021-09-09 16:21:00,HLMN
11.85,11.86,11.85,11.85,715,2021-09-09 16:22:00,HLMN
11.855,11.88,11.84,11.88,8960,2021-09-09 16:23:00,HLMN
11.875,11.875,11.86,11.86,1768,2021-09-09 16:24:00,HLMN
11.87,11.87,11.86,11.86,400,2021-09-09 16:25:00,HLMN
11.865,11.87,11.85,11.87,9635,2021-09-09 16:26:00,HLMN
11.88,11.88,11.88,11.88,279,2021-09-09 16:27:00,HLMN
11.88,11.88,11.87,11.88,300,2021-09-09 16:28:00,HLMN
11.87,11.88,11.86,11.86,6731,2021-09-09 16:29:00,HLMN
11.865,11.865,11.86,11.86,1096,2021-09-09 16:30:00,HLMN
11.865,11.865,11.85,11.85,1403,2021-09-09 16:31:00,HLMN
11.85,11.855,11.85,11.855,1502,2021-09-09 16:32:00,HLMN
11.85,11.86,11.85,11.85,6330,2021-09-09 16:33:00,HLMN
11.855,11.855,11.85,11.85,1000,2021-09-09 16:34:00,HLMN
11.855,11.855,11.85,11.855,1469,2021-09-09 16:35:00,HLMN
11.85,11.85,11.84,11.84,5120,2021-09-09 16:36:00,HLMN
11.845,11.85,11.84,11.84,2224,2021-09-09 16:37:00,HLMN
11.84,11.845,11.84,11.84,1614,2021-09-09 16:38:00,HLMN
11.85,11.89,11.85,11.87,11906,2021-09-09 16:39:00,HLMN
11.87,11.89,11.87,11.885,1266,2021-09-09 16:41:00,HLMN
11.88,11.89,11.87,11.88,5900,2021-09-09 16:42:00,HLMN
11.88,11.885,11.88,11.885,200,2021-09-09 16:43:00,HLMN
11.885,11.885,11.88,11.885,1807,2021-09-09 16:44:00,HLMN
11.885,11.89,11.875,11.875,8010,2021-09-09 16:45:00,HLMN
11.875,11.875,11.86,11.87,1701,2021-09-09 16:46:00,HLMN
11.87,11.875,11.87,11.87,1300,2021-09-09 16:47:00,HLMN
11.87,11.87,11.85,11.855,6200,2021-09-09 16:48:00,HLMN
11.85,11.85,11.84,11.84,2208,2021-09-09 16:49:00,HLMN
11.84,11.845,11.84,11.845,706,2021-09-09 16:50:00,HLMN
11.845,11.86,11.84,11.85,9612,2021-09-09 16:51:00,HLMN
11.86,11.87,11.86,11.86,1700,2021-09-09 16:52:00,HLMN
11.86,11.87,11.86,11.865,4300,2021-09-09 16:54:00,HLMN
11.865,11.865,11.865,11.865,1805,2021-09-09 16:55:00,HLMN
11.87,11.87,11.86,11.865,1005,2021-09-09 16:56:00,HLMN
11.865,11.87,11.86,11.86,5508,2021-09-09 16:57:00,HLMN
11.87,11.895,11.87,11.895,6500,2021-09-09 16:58:00,HLMN
11.895,11.895,11.89,11.895,600,2021-09-09 16:59:00,HLMN
11.89,11.9,11.88,11.89,6566,2021-09-09 17:00:00,HLMN
11.895,11.895,11.89,11.895,1296,2021-09-09 17:01:00,HLMN
11.89,11.895,11.87,11.895,7854,2021-09-09 17:02:00,HLMN
11.89,11.95,11.88,11.918,11253,2021-09-09 17:03:00,HLMN
11.91,11.92,11.91,11.92,1464,2021-09-09 17:04:00,HLMN
11.91,11.91,11.91,11.91,2890,2021-09-09 17:05:00,HLMN
11.91,11.94,11.9,11.93,11796,2021-09-09 17:06:00,HLMN
11.92,11.92,11.92,11.92,1000,2021-09-09 17:07:00,HLMN
11.925,11.925,11.91,11.91,2543,2021-09-09 17:08:00,HLMN
11.91,11.915,11.9,11.91,7176,2021-09-09 17:09:00,HLMN
11.905,11.91,11.9,11.905,7007,2021-09-09 17:10:00,HLMN
11.9,11.91,11.9,11.905,7908,2021-09-09 17:11:00,HLMN
11.905,11.97,11.9,11.95,12424,2021-09-09 17:12:00,HLMN
11.94,11.95,11.92,11.92,2013,2021-09-09 17:13:00,HLMN
11.925,11.925,11.92,11.925,1017,2021-09-09 17:14:00,HLMN
11.925,11.93,11.92,11.92,4800,2021-09-09 17:15:00,HLMN
11.925,11.93,11.92,11.92,1603,2021-09-09 17:16:00,HLMN
11.92,11.925,11.92,11.92,1547,2021-09-09 17:17:00,HLMN
11.92,11.925,11.9,11.905,10624,2021-09-09 17:18:00,HLMN
11.905,11.91,11.9,11.905,9164,2021-09-09 17:19:00,HLMN
11.9,11.91,11.9,11.905,12861,2021-09-09 17:20:00,HLMN
11.91,11.92,11.9,11.905,15314,2021-09-09 17:21:00,HLMN
11.91,11.91,11.9,11.905,10700,2021-09-09 17:22:00,HLMN
11.905,11.91,11.89,11.905,35866,2021-09-09 17:23:00,HLMN
11.905,11.915,11.9,11.915,9341,2021-09-09 17:24:00,HLMN
11.915,11.915,11.91,11.91,334,2021-09-09 17:25:00,HLMN
11.91,11.91,11.905,11.91,6505,2021-09-09 17:26:00,HLMN
11.92,11.95,11.92,11.95,6632,2021-09-09 17:27:00,HLMN
11.955,11.955,11.94,11.94,1168,2021-09-09 17:28:00,HLMN
11.94,12.0,11.94,11.99,30601,2021-09-09 17:29:00,HLMN
11.99,11.99,11.95,11.95,14768,2021-09-09 17:30:00,HLMN
11.95,11.955,11.95,11.95,1100,2021-09-09 17:31:00,HLMN
11.95,11.955,11.95,11.955,2816,2021-09-09 17:32:00,HLMN
11.95,11.955,11.94,11.945,8969,2021-09-09 17:33:00,HLMN
11.95,11.95,11.95,11.95,200,2021-09-09 17:34:00,HLMN
11.94,11.94,11.93,11.93,1401,2021-09-09 17:35:00,HLMN
11.93,11.98,11.92,11.98,29135,2021-09-09 17:36:00,HLMN
12.0,12.01,11.98,11.99,6656,2021-09-09 17:37:00,HLMN
12.0,12.0,11.99,11.99,50100,2021-09-09 17:38:00,HLMN
11.99,12.0,11.99,12.0,26000,2021-09-09 17:39:00,HLMN
11.995,11.995,11.985,11.985,34316,2021-09-09 17:40:00,HLMN
11.98,11.98,11.95,11.95,4945,2021-09-09 17:41:00,HLMN
11.95,11.96,11.945,11.95,3514,2021-09-09 17:42:00,HLMN
11.94,11.99,11.94,11.99,9600,2021-09-09 17:43:00,HLMN
11.97,11.975,11.97,11.975,400,2021-09-09 17:44:00,HLMN
11.97,12.03,11.97,11.99,62134,2021-09-09 17:45:00,HLMN
11.98,11.99,11.98,11.98,7200,2021-09-09 17:46:00,HLMN
11.97,11.975,11.97,11.975,1000,2021-09-09 17:47:00,HLMN
11.97,11.97,11.94,11.95,6007,2021-09-09 17:48:00,HLMN
11.94,11.96,11.94,11.95,5603,2021-09-09 17:49:00,HLMN
11.955,11.98,11.95,11.98,5630,2021-09-09 17:50:00,HLMN
11.985,11.99,11.97,11.99,500,2021-09-09 17:51:00,HLMN
11.97,11.99,11.97,11.99,3300,2021-09-09 17:52:00,HLMN
11.98,11.985,11.97,11.97,1825,2021-09-09 17:53:00,HLMN
11.97,11.98,11.96,11.97,1806,2021-09-09 17:54:00,HLMN
11.98,12.0,11.97,11.995,9647,2021-09-09 17:55:00,HLMN
11.99,11.99,11.99,11.99,1453,2021-09-09 17:56:00,HLMN
11.99,11.99,11.99,11.99,100,2021-09-09 17:57:00,HLMN
11.98,11.995,11.98,11.98,6306,2021-09-09 17:58:00,HLMN
11.98,11.985,11.98,11.98,1505,2021-09-09 17:59:00,HLMN
11.98,11.98,11.96,11.98,6711,2021-09-09 18:00:00,HLMN
11.98,12.03,11.98,12.01,11133,2021-09-09 18:01:00,HLMN
12.015,12.015,12.01,12.01,800,2021-09-09 18:02:00,HLMN
12.01,12.01,12.01,12.01,200,2021-09-09 18:03:00,HLMN
12.005,12.005,11.99,11.99,10875,2021-09-09 18:04:00,HLMN
11.99,12.0,11.99,11.99,1755,2021-09-09 18:05:00,HLMN
11.995,11.995,11.98,11.98,4599,2021-09-09 18:06:00,HLMN
11.98,11.99,11.98,11.99,5558,2021-09-09 18:07:00,HLMN
11.98,12.005,11.98,11.99,30593,2021-09-09 18:08:00,HLMN
12.0,12.0,12.0,12.0,100,2021-09-09 18:09:00,HLMN
11.99,12.09,11.99,12.075,15049,2021-09-09 18:10:00,HLMN
12.0829,12.09,12.04,12.04,12907,2021-09-09 18:11:00,HLMN
12.035,12.045,12.02,12.025,6472,2021-09-09 18:12:00,HLMN
12.0201,12.04,12.02,12.03,75006,2021-09-09 18:13:00,HLMN
12.04,12.04,12.02,12.025,2580,2021-09-09 18:14:00,HLMN
12.025,12.03,12.02,12.025,5600,2021-09-09 18:15:00,HLMN
12.03,12.04,12.025,12.04,45341,2021-09-09 18:16:00,HLMN
12.04,12.04,12.035,12.04,2195,2021-09-09 18:17:00,HLMN
12.035,12.035,12.03,12.03,2451,2021-09-09 18:18:00,HLMN
12.035,12.04,12.03,12.03,13733,2021-09-09 18:19:00,HLMN
12.03,12.03,12.02,12.025,6707,2021-09-09 18:20:00,HLMN
12.025,12.03,12.025,12.025,1287,2021-09-09 18:21:00,HLMN
12.025,12.03,12.02,12.03,5803,2021-09-09 18:22:00,HLMN
12.025,12.03,12.02,12.03,1593,2021-09-09 18:23:00,HLMN
12.0299,12.07,12.02,12.06,27366,2021-09-09 18:24:00,HLMN
12.065,12.065,12.05,12.055,4800,2021-09-09 18:25:00,HLMN
12.06,12.075,12.06,12.065,4227,2021-09-09 18:26:00,HLMN
12.065,12.08,12.065,12.08,3133,2021-09-09 18:27:00,HLMN
12.08,12.1,12.07,12.1,8400,2021-09-09 18:28:00,HLMN
12.1,12.1,12.09,12.09,2375,2021-09-09 18:29:00,HLMN
12.09,12.1,12.09,12.095,3997,2021-09-09 18:30:00,HLMN
12.095,12.1,12.09,12.1,4648,2021-09-09 18:31:00,HLMN
12.09,12.1,12.09,12.1,3604,2021-09-09 18:32:00,HLMN
12.095,12.11,12.08,12.08,44417,2021-09-09 18:33:00,HLMN
12.08,12.08,12.05,12.05,67209,2021-09-09 18:34:00,HLMN
12.05,12.05,12.02,12.03,10318,2021-09-09 18:35:00,HLMN
12.01,12.015,12.0,12.0,500,2021-09-09 18:36:00,HLMN
12.005,12.025,11.99,12.025,10049,2021-09-09 18:37:00,HLMN
12.02,12.02,12.02,12.02,100,2021-09-09 18:38:00,HLMN
12.02,12.02,12.01,12.015,2000,2021-09-09 18:39:00,HLMN
12.01,12.01,12.0,12.0075,13172,2021-09-09 18:40:00,HLMN
12.0,12.0,11.99,11.99,2188,2021-09-09 18:41:00,HLMN
11.98,11.995,11.98,11.99,5003,2021-09-09 18:42:00,HLMN
11.995,12.0,11.985,12.0,7856,2021-09-09 18:43:00,HLMN
12.0,12.02,12.0,12.0105,6393,2021-09-09 18:44:00,HLMN
12.01,12.01,12.01,12.01,100,2021-09-09 18:45:00,HLMN
12.01,12.02,12.01,12.015,3902,2021-09-09 18:46:00,HLMN
12.015,12.065,12.01,12.06,15446,2021-09-09 18:47:00,HLMN
12.055,12.055,12.05,12.055,300,2021-09-09 18:48:00,HLMN
12.05,12.06,12.045,12.045,3062,2021-09-09 18:49:00,HLMN
12.04,12.05,12.04,12.045,8079,2021-09-09 18:50:00,HLMN
12.045,12.05,12.04,12.05,2704,2021-09-09 18:51:00,HLMN
12.05,12.095,12.05,12.09,4517,2021-09-09 18:52:00,HLMN
12.08,12.1,12.08,12.1,10188,2021-09-09 18:53:00,HLMN
12.095,12.1,12.095,12.1,841,2021-09-09 18:54:00,HLMN
12.095,12.1,12.08,12.08,6485,2021-09-09 18:55:00,HLMN
12.08,12.1,12.08,12.09,7948,2021-09-09 18:56:00,HLMN
12.09,12.1,12.08,12.09,900,2021-09-09 18:57:00,HLMN
12.08,12.1,12.05,12.055,19911,2021-09-09 18:58:00,HLMN
12.055,12.055,12.01,12.05,26568,2021-09-09 18:59:00,HLMN
12.049,12.055,12.04,12.05,3435,2021-09-09 19:00:00,HLMN
12.05,12.05,12.03,12.04,2646,2021-09-09 19:01:00,HLMN
12.045,12.05,12.03,12.04,6963,2021-09-09 19:02:00,HLMN
12.04,12.05,12.04,12.045,2002,2021-09-09 19:03:00,HLMN
12.045,12.045,12.04,12.04,1200,2021-09-09 19:04:00,HLMN
12.04,12.05,12.04,12.04,8241,2021-09-09 19:05:00,HLMN
12.045,12.1,12.04,12.1,26359,2021-09-09 19:06:00,HLMN
12.1,12.1,12.07,12.09,10061,2021-09-09 19:07:00,HLMN
12.085,12.09,12.07,12.09,9592,2021-09-09 19:08:00,HLMN
12.09,12.1,12.0898,12.095,8801,2021-09-09 19:09:00,HLMN
12.095,12.095,12.095,12.095,100,2021-09-09 19:10:00,HLMN
12.095,12.115,12.08,12.09,54055,2021-09-09 19:11:00,HLMN
12.085,12.085,12.05,12.06,8400,2021-09-09 19:12:00,HLMN
12.05,12.12,12.05,12.1,63071,2021-09-09 19:13:00,HLMN
12.1,12.1,12.05,12.05,6518,2021-09-09 19:14:00,HLMN
12.06,12.08,12.06,12.075,3342,2021-09-09 19:16:00,HLMN
12.07,12.08,12.07,12.075,7634,2021-09-09 19:17:00,HLMN
12.075,12.08,12.07,12.07,1300,2021-09-09 19:18:00,HLMN
12.08,12.08,12.07,12.075,2404,2021-09-09 19:19:00,HLMN
12.075,12.08,12.07,12.08,7250,2021-09-09 19:20:00,HLMN
12.08,12.12,12.07,12.11,39621,2021-09-09 19:21:00,HLMN
12.105,12.11,12.1,12.1,3048,2021-09-09 19:22:00,HLMN
12.105,12.11,12.07,12.075,26384,2021-09-09 19:23:00,HLMN
12.07,12.08,12.06,12.065,7792,2021-09-09 19:24:00,HLMN
12.06,12.065,12.04,12.05,11591,2021-09-09 19:25:00,HLMN
12.055,12.08,12.05,12.07,20456,2021-09-09 19:26:00,HLMN
12.07,12.07,12.06,12.065,7341,2021-09-09 19:27:00,HLMN
12.065,12.0661,12.06,12.065,3252,2021-09-09 19:28:00,HLMN
12.065,12.0699,12.03,12.045,22137,2021-09-09 19:29:00,HLMN
12.045,12.06,12.04,12.055,6434,2021-09-09 19:30:00,HLMN
12.055,12.07,12.03,12.05,24408,2021-09-09 19:31:00,HLMN
12.06,12.065,12.05,12.06,16117,2021-09-09 19:32:00,HLMN
12.06,12.0666,12.045,12.045,13158,2021-09-09 19:33:00,HLMN
12.045,12.065,12.045,12.06,5676,2021-09-09 19:34:00,HLMN
12.05,12.055,12.04,12.05,10651,2021-09-09 19:35:00,HLMN
12.05,12.06,12.045,12.045,22001,2021-09-09 19:36:00,HLMN
12.045,12.05,12.04,12.045,63236,2021-09-09 19:37:00,HLMN
12.045,12.05,12.04,12.04,67995,2021-09-09 19:38:00,HLMN
12.04,12.05,12.04,12.045,14014,2021-09-09 19:39:00,HLMN
12.045,12.05,12.04,12.045,16194,2021-09-09 19:40:00,HLMN
12.045,12.045,12.03,12.04,35062,2021-09-09 19:41:00,HLMN
12.035,12.04,12.02,12.025,28853,2021-09-09 19:42:00,HLMN
12.025,12.07,12.025,12.05,28583,2021-09-09 19:43:00,HLMN
12.065,12.065,12.05,12.055,12833,2021-09-09 19:44:00,HLMN
12.055,12.06,12.05,12.055,11695,2021-09-09 19:45:00,HLMN
12.055,12.1,12.055,12.075,27584,2021-09-09 19:46:00,HLMN
12.08,12.095,12.08,12.085,47046,2021-09-09 19:47:00,HLMN
12.085,12.09,12.085,12.085,4372,2021-09-09 19:48:00,HLMN
12.08,12.135,12.08,12.105,40779,2021-09-09 19:49:00,HLMN
12.105,12.11,12.1,12.105,4926,2021-09-09 19:50:00,HLMN
12.1,12.105,12.08,12.095,45154,2021-09-09 19:51:00,HLMN
12.095,12.095,12.095,12.095,2934,2021-09-09 19:52:00,HLMN
12.09,12.12,12.09,12.095,49369,2021-09-09 19:53:00,HLMN
12.095,12.11,12.09,12.095,16513,2021-09-09 19:54:00,HLMN
12.1,12.115,12.08,12.095,42244,2021-09-09 19:55:00,HLMN
12.095,12.18,12.095,12.145,41875,2021-09-09 19:56:00,HLMN
12.14,12.15,12.1,12.1,34043,2021-09-09 19:57:00,HLMN
12.09,12.1,12.08,12.085,16965,2021-09-09 19:58:00,HLMN
12.085,12.085,12.01,12.04,139443,2021-09-09 19:59:00,HLMN
12.02,12.02,12.02,12.02,20084,2021-09-09 20:00:00,HLMN
12.05,12.275,12.05,12.05,9067,2021-09-10 13:30:00,HLMN
12.27,12.27,11.91,11.98,23959,2021-09-10 13:31:00,HLMN
12.03,12.115,12.01,12.115,1348,2021-09-10 13:32:00,HLMN
12.105,12.105,12.04,12.08,3398,2021-09-10 13:33:00,HLMN
12.075,12.16,12.075,12.16,3726,2021-09-10 13:34:00,HLMN
12.11,12.15,12.1,12.15,3518,2021-09-10 13:36:00,HLMN
12.17,12.28,12.17,12.22,1611,2021-09-10 13:37:00,HLMN
12.22,12.27,12.22,12.22,528,2021-09-10 13:38:00,HLMN
12.28,12.28,12.23,12.23,4403,2021-09-10 13:39:00,HLMN
12.27,12.27,12.22,12.22,3030,2021-09-10 13:40:00,HLMN
12.2525,12.31,12.2525,12.29,2800,2021-09-10 13:41:00,HLMN
12.28,12.3,12.27,12.29,2700,2021-09-10 13:42:00,HLMN
12.29,12.31,12.28,12.28,1030,2021-09-10 13:43:00,HLMN
12.33,12.35,12.31,12.35,2668,2021-09-10 13:44:00,HLMN
12.32,12.345,12.29,12.32,15219,2021-09-10 13:45:00,HLMN
12.3,12.34,12.3,12.34,2522,2021-09-10 13:46:00,HLMN
12.3301,12.35,12.32,12.32,4936,2021-09-10 13:47:00,HLMN
12.34,12.34,12.27,12.27,6462,2021-09-10 13:48:00,HLMN
12.3,12.3,12.27,12.27,200,2021-09-10 13:49:00,HLMN
12.27,12.285,12.17,12.2,13482,2021-09-10 13:51:00,HLMN
12.2,12.22,12.2,12.2,1466,2021-09-10 13:52:00,HLMN
12.23,12.27,12.21,12.23,3027,2021-09-10 13:53:00,HLMN
12.23,12.24,12.21,12.24,2800,2021-09-10 13:54:00,HLMN
12.23,12.27,12.23,12.27,1400,2021-09-10 13:55:00,HLMN
12.27,12.27,12.22,12.235,41397,2021-09-10 13:56:00,HLMN
12.235,12.27,12.21,12.25,25792,2021-09-10 13:57:00,HLMN
12.255,12.3,12.255,12.29,10036,2021-09-10 13:58:00,HLMN
12.29,12.325,12.29,12.325,700,2021-09-10 13:59:00,HLMN
12.34,12.4,12.34,12.34,9391,2021-09-10 14:00:00,HLMN
12.34,12.355,12.34,12.34,4246,2021-09-10 14:01:00,HLMN
12.35,12.37,12.34,12.35,10218,2021-09-10 14:02:00,HLMN
12.35,12.36,12.34,12.345,6797,2021-09-10 14:03:00,HLMN
12.35,12.35,12.33,12.33,200,2021-09-10 14:04:00,HLMN
12.34,12.405,12.34,12.405,7009,2021-09-10 14:05:00,HLMN
12.405,12.405,12.36,12.36,6447,2021-09-10 14:06:00,HLMN
12.38,12.38,12.38,12.38,100,2021-09-10 14:07:00,HLMN
12.37,12.37,12.37,12.37,100,2021-09-10 14:08:00,HLMN
12.37,12.4,12.36,12.385,18475,2021-09-10 14:09:00,HLMN
12.385,12.385,12.385,12.385,200,2021-09-10 14:11:00,HLMN
12.385,12.385,12.35,12.36,6000,2021-09-10 14:12:00,HLMN
12.365,12.365,12.365,12.365,300,2021-09-10 14:13:00,HLMN
12.37,12.38,12.36,12.38,3234,2021-09-10 14:14:00,HLMN
12.39,12.39,12.38,12.38,2648,2021-09-10 14:15:00,HLMN
12.38,12.39,12.34,12.34,16028,2021-09-10 14:16:00,HLMN
12.34,12.34,12.31,12.31,3077,2021-09-10 14:17:00,HLMN
12.31,12.31,12.31,12.31,300,2021-09-10 14:18:00,HLMN
12.31,12.31,12.27,12.295,7452,2021-09-10 14:19:00,HLMN
12.29,12.29,12.29,12.29,800,2021-09-10 14:20:00,HLMN
12.29,12.29,12.29,12.29,1300,2021-09-10 14:21:00,HLMN
12.3,12.3,12.22,12.23,11759,2021-09-10 14:22:00,HLMN
12.24,12.26,12.24,12.26,3472,2021-09-10 14:23:00,HLMN
12.27,12.29,12.27,12.29,1100,2021-09-10 14:24:00,HLMN
12.285,12.29,12.27,12.29,2300,2021-09-10 14:25:00,HLMN
12.29,12.29,12.27,12.27,454,2021-09-10 14:26:00,HLMN
12.275,12.29,12.27,12.27,1354,2021-09-10 14:27:00,HLMN
12.27,12.27,12.24,12.26,10144,2021-09-10 14:28:00,HLMN
12.27,12.27,12.27,12.27,200,2021-09-10 14:30:00,HLMN
12.26,12.265,12.25,12.25,37757,2021-09-10 14:31:00,HLMN
12.25,12.28,12.24,12.28,8322,2021-09-10 14:32:00,HLMN
12.28,12.29,12.27,12.27,3098,2021-09-10 14:33:00,HLMN
12.27,12.27,12.24,12.26,3859,2021-09-10 14:34:00,HLMN
12.27,12.27,12.265,12.265,300,2021-09-10 14:35:00,HLMN
12.27,12.275,12.27,12.27,4400,2021-09-10 14:36:00,HLMN
12.27,12.27,12.25,12.27,27261,2021-09-10 14:37:00,HLMN
12.27,12.29,12.27,12.28,5592,2021-09-10 14:38:00,HLMN
12.28,12.29,12.27,12.29,27562,2021-09-10 14:40:00,HLMN
12.28,12.28,12.25,12.26,52514,2021-09-10 14:41:00,HLMN
12.26,12.27,12.24,12.25,32007,2021-09-10 14:42:00,HLMN
12.24,12.245,12.23,12.235,34767,2021-09-10 14:43:00,HLMN
12.235,12.26,12.235,12.26,3877,2021-09-10 14:44:00,HLMN
12.26,12.27,12.25,12.26,288389,2021-09-10 14:45:00,HLMN
12.26,12.27,12.26,12.27,4900,2021-09-10 14:46:00,HLMN
12.27,12.27,12.25,12.26,193441,2021-09-10 14:47:00,HLMN
12.26,12.26,12.255,12.26,9440,2021-09-10 14:48:00,HLMN
12.26,12.28,12.26,12.275,17939,2021-09-10 14:49:00,HLMN
12.27,12.27,12.27,12.27,100,2021-09-10 14:50:00,HLMN
12.275,12.35,12.27,12.35,19224,2021-09-10 14:51:00,HLMN
12.34,12.35,12.32,12.34,5154,2021-09-10 14:52:00,HLMN
12.36,12.415,12.36,12.38,7998,2021-09-10 14:53:00,HLMN
12.39,12.39,12.3815,12.3815,577,2021-09-10 14:54:00,HLMN
12.38,12.41,12.36,12.395,21769,2021-09-10 14:55:00,HLMN
12.41,12.46,12.41,12.455,3051,2021-09-10 14:56:00,HLMN
12.45,12.47,12.4,12.41,173309,2021-09-10 14:57:00,HLMN
12.41,12.41,12.34,12.355,8434,2021-09-10 14:58:00,HLMN
12.355,12.36,12.34,12.36,2900,2021-09-10 14:59:00,HLMN
12.38,12.39,12.37,12.375,6106,2021-09-10 15:00:00,HLMN
12.375,12.385,12.375,12.385,3978,2021-09-10 15:01:00,HLMN
12.39,12.405,12.39,12.3915,2223,2021-09-10 15:02:00,HLMN
12.395,12.4,12.395,12.4,651,2021-09-10 15:03:00,HLMN
12.4,12.4,12.33,12.33,12489,2021-09-10 15:04:00,HLMN
12.34,12.34,12.33,12.33,500,2021-09-10 15:05:00,HLMN
12.34,12.36,12.34,12.36,2802,2021-09-10 15:06:00,HLMN
12.35,12.36,12.27,12.27,13149,2021-09-10 15:07:00,HLMN
12.28,12.28,12.28,12.28,200,2021-09-10 15:08:00,HLMN
12.28,12.28,12.27,12.28,700,2021-09-10 15:09:00,HLMN
12.27,12.28,12.25,12.26,6234,2021-09-10 15:10:00,HLMN
12.26,12.305,12.25,12.305,7400,2021-09-10 15:11:00,HLMN
12.305,12.305,12.28,12.29,1726,2021-09-10 15:12:00,HLMN
12.28,12.285,12.26,12.27,3809,2021-09-10 15:13:00,HLMN
12.27,12.27,12.27,12.27,200,2021-09-10 15:14:00,HLMN
12.27,12.32,12.26,12.27,17970,2021-09-10 15:15:00,HLMN
12.26,12.3,12.26,12.29,17453,2021-09-10 15:16:00,HLMN
12.3,12.305,12.3,12.305,2400,2021-09-10 15:18:00,HLMN
12.305,12.305,12.27,12.28,12634,2021-09-10 15:19:00,HLMN
12.28,12.3,12.275,12.29,5103,2021-09-10 15:20:00,HLMN
12.2946,12.32,12.29,12.32,1000,2021-09-10 15:21:00,HLMN
12.315,12.315,12.31,12.315,2266,2021-09-10 15:22:00,HLMN
12.315,12.32,12.31,12.32,1245,2021-09-10 15:23:00,HLMN
12.315,12.315,12.315,12.315,500,2021-09-10 15:24:00,HLMN
12.315,12.32,12.3,12.3,6920,2021-09-10 15:25:00,HLMN
12.31,12.315,12.31,12.315,2636,2021-09-10 15:26:00,HLMN
12.315,12.32,12.315,12.32,400,2021-09-10 15:27:00,HLMN
12.315,12.3184,12.28,12.29,19853,2021-09-10 15:28:00,HLMN
12.28,12.285,12.27,12.27,7645,2021-09-10 15:29:00,HLMN
12.27,12.31,12.27,12.28,9731,2021-09-10 15:30:00,HLMN
12.29,12.3,12.29,12.3,300,2021-09-10 15:31:00,HLMN
12.29,12.32,12.28,12.29,25816,2021-09-10 15:32:00,HLMN
12.3,12.34,12.3,12.34,900,2021-09-10 15:33:00,HLMN
12.3301,12.36,12.3301,12.34,1852,2021-09-10 15:34:00,HLMN
12.34,12.35,12.34,12.35,4567,2021-09-10 15:35:00,HLMN
12.35,12.35,12.345,12.345,853,2021-09-10 15:36:00,HLMN
12.345,12.35,12.345,12.35,500,2021-09-10 15:37:00,HLMN
12.345,12.345,12.33,12.335,14992,2021-09-10 15:38:00,HLMN
12.33,12.34,12.32,12.325,5296,2021-09-10 15:39:00,HLMN
12.32,12.36,12.32,12.35,4700,2021-09-10 15:40:00,HLMN
12.35,12.355,12.34,12.355,3291,2021-09-10 15:41:00,HLMN
12.355,12.355,12.355,12.355,1000,2021-09-10 15:42:00,HLMN
12.355,12.355,12.355,12.355,980,2021-09-10 15:43:00,HLMN
12.355,12.355,12.33,12.335,6284,2021-09-10 15:44:00,HLMN
12.335,12.335,12.33,12.335,1300,2021-09-10 15:45:00,HLMN
12.335,12.335,12.33,12.335,1000,2021-09-10 15:46:00,HLMN
12.34,12.39,12.32,12.37,10924,2021-09-10 15:47:00,HLMN
12.38,12.38,12.38,12.38,400,2021-09-10 15:48:00,HLMN
12.375,12.38,12.37,12.38,500,2021-09-10 15:49:00,HLMN
12.37,12.375,12.35,12.365,10079,2021-09-10 15:50:00,HLMN
12.37,12.37,12.365,12.365,1100,2021-09-10 15:51:00,HLMN
12.365,12.365,12.34,12.36,32189,2021-09-10 15:52:00,HLMN
12.36,12.38,12.355,12.37,8311,2021-09-10 15:53:00,HLMN
12.365,12.37,12.36,12.37,3962,2021-09-10 15:54:00,HLMN
12.365,12.37,12.365,12.365,800,2021-09-10 15:55:00,HLMN
12.365,12.365,12.35,12.35,5587,2021-09-10 15:56:00,HLMN
12.35,12.355,12.35,12.35,1100,2021-09-10 15:57:00,HLMN
12.35,12.355,12.35,12.35,900,2021-09-10 15:58:00,HLMN
12.355,12.355,12.35,12.35,6038,2021-09-10 15:59:00,HLMN
12.355,12.355,12.35,12.355,704,2021-09-10 16:00:00,HLMN
12.35,12.385,12.35,12.385,5221,2021-09-10 16:01:00,HLMN
12.39,12.41,12.39,12.395,6088,2021-09-10 16:02:00,HLMN
12.395,12.425,12.395,12.425,3137,2021-09-10 16:03:00,HLMN
12.43,12.47,12.43,12.46,2395,2021-09-10 16:04:00,HLMN
12.46,12.46,12.455,12.46,9087,2021-09-10 16:05:00,HLMN
12.465,12.495,12.465,12.495,3922,2021-09-10 16:06:00,HLMN
12.495,12.505,12.495,12.505,5526,2021-09-10 16:07:00,HLMN
12.5,12.5,12.46,12.47,15922,2021-09-10 16:08:00,HLMN
12.465,12.465,12.465,12.465,800,2021-09-10 16:09:00,HLMN
12.46,12.46,12.42,12.45,12663,2021-09-10 16:10:00,HLMN
12.45,12.47,12.45,12.47,3259,2021-09-10 16:11:00,HLMN
12.465,12.465,12.465,12.465,100,2021-09-10 16:12:00,HLMN
12.465,12.49,12.43,12.48,21620,2021-09-10 16:13:00,HLMN
12.485,12.485,12.46,12.46,3551,2021-09-10 16:14:00,HLMN
12.455,12.48,12.455,12.48,1401,2021-09-10 16:15:00,HLMN
12.475,12.475,12.46,12.46,1562,2021-09-10 16:16:00,HLMN
12.46,12.46,12.42,12.425,3500,2021-09-10 16:17:00,HLMN
12.425,12.425,12.4,12.405,700,2021-09-10 16:18:00,HLMN
12.405,12.41,12.4,12.41,726,2021-09-10 16:19:00,HLMN
12.41,12.44,12.4,12.425,5023,2021-09-10 16:20:00,HLMN
12.43,12.43,12.425,12.425,200,2021-09-10 16:21:00,HLMN
12.425,12.43,12.425,12.425,700,2021-09-10 16:22:00,HLMN
12.425,12.425,12.41,12.42,5037,2021-09-10 16:23:00,HLMN
12.41,12.42,12.41,12.42,700,2021-09-10 16:24:00,HLMN
12.42,12.44,12.42,12.435,2429,2021-09-10 16:25:00,HLMN
12.435,12.435,12.43,12.435,2300,2021-09-10 16:26:00,HLMN
12.43,12.43,12.43,12.43,100,2021-09-10 16:27:00,HLMN
12.43,12.44,12.43,12.44,300,2021-09-10 16:28:00,HLMN
12.435,12.435,12.42,12.425,5333,2021-09-10 16:29:00,HLMN
12.43,12.43,12.42,12.425,600,2021-09-10 16:30:00,HLMN
12.42,12.44,12.42,12.44,5281,2021-09-10 16:31:00,HLMN
12.44,12.44,12.41,12.415,5108,2021-09-10 16:32:00,HLMN
12.41,12.415,12.39,12.395,3579,2021-09-10 16:33:00,HLMN
12.395,12.395,12.39,12.39,400,2021-09-10 16:34:00,HLMN
12.395,12.4,12.395,12.395,500,2021-09-10 16:35:00,HLMN
12.395,12.395,12.37,12.375,3822,2021-09-10 16:36:00,HLMN
12.37,12.375,12.37,12.37,700,2021-09-10 16:37:00,HLMN
12.375,12.39,12.37,12.375,15208,2021-09-10 16:38:00,HLMN
12.38,12.38,12.36,12.365,6253,2021-09-10 16:39:00,HLMN
12.365,12.365,12.35,12.35,1837,2021-09-10 16:40:00,HLMN
12.36,12.42,12.35,12.42,46771,2021-09-10 16:41:00,HLMN
12.4,12.4,12.35,12.37,139534,2021-09-10 16:42:00,HLMN
12.37,12.37,12.36,12.37,15881,2021-09-10 16:43:00,HLMN
12.37,12.37,12.36,12.36,8412,2021-09-10 16:44:00,HLMN
12.37,12.42,12.37,12.38,13097,2021-09-10 16:45:00,HLMN
12.39,12.39,12.39,12.39,600,2021-09-10 16:46:00,HLMN
12.39,12.39,12.38,12.39,25991,2021-09-10 16:47:00,HLMN
12.39,12.39,12.38,12.39,4723,2021-09-10 16:48:00,HLMN
12.39,12.39,12.38,12.39,2635,2021-09-10 16:49:00,HLMN
12.39,12.39,12.38,12.39,5319,2021-09-10 16:50:00,HLMN
12.385,12.39,12.38,12.39,4231,2021-09-10 16:51:00,HLMN
12.39,12.39,12.38,12.39,2116,2021-09-10 16:52:00,HLMN
12.39,12.43,12.38,12.42,14683,2021-09-10 16:53:00,HLMN
12.415,12.42,12.38,12.4,19951,2021-09-10 16:54:00,HLMN
12.4,12.4,12.39,12.4,1758,2021-09-10 16:55:00,HLMN
12.395,12.4,12.39,12.395,1000,2021-09-10 16:56:00,HLMN
12.395,12.4,12.39,12.395,3000,2021-09-10 16:57:00,HLMN
12.4,12.4,12.39,12.395,1554,2021-09-10 16:58:00,HLMN
12.4,12.41,12.4,12.41,5247,2021-09-10 16:59:00,HLMN
12.41,12.41,12.38,12.4,87170,2021-09-10 17:00:00,HLMN
12.395,12.41,12.395,12.41,2597,2021-09-10 17:01:00,HLMN
12.405,12.41,12.4,12.41,3121,2021-09-10 17:02:00,HLMN
12.41,12.41,12.39,12.4,6472,2021-09-10 17:03:00,HLMN
12.4,12.44,12.4,12.44,4170,2021-09-10 17:04:00,HLMN
12.44,12.44,12.435,12.435,600,2021-09-10 17:05:00,HLMN
12.44,12.49,12.435,12.45,20178,2021-09-10 17:06:00,HLMN
12.45,12.49,12.44,12.49,3934,2021-09-10 17:07:00,HLMN
12.48,12.48,12.46,12.47,1825,2021-09-10 17:08:00,HLMN
12.465,12.47,12.43,12.43,14328,2021-09-10 17:09:00,HLMN
12.44,12.46,12.435,12.455,6246,2021-09-10 17:10:00,HLMN
12.46,12.46,12.42,12.425,8358,2021-09-10 17:11:00,HLMN
12.43,12.43,12.4,12.41,4577,2021-09-10 17:12:00,HLMN
12.43,12.44,12.42,12.425,1000,2021-09-10 17:13:00,HLMN
12.43,12.43,12.425,12.425,400,2021-09-10 17:14:00,HLMN
12.43,12.44,12.43,12.44,5379,2021-09-10 17:15:00,HLMN
12.44,12.44,12.43,12.44,1051,2021-09-10 17:16:00,HLMN
12.43,12.46,12.43,12.46,1151,2021-09-10 17:17:00,HLMN
12.46,12.46,12.44,12.44,4609,2021-09-10 17:18:00,HLMN
12.44,12.455,12.44,12.455,2120,2021-09-10 17:19:00,HLMN
12.46,12.48,12.46,12.475,1065,2021-09-10 17:20:00,HLMN
12.47,12.48,12.45,12.46,6278,2021-09-10 17:21:00,HLMN
12.46,12.465,12.455,12.465,1500,2021-09-10 17:22:00,HLMN
12.465,12.47,12.465,12.47,500,2021-09-10 17:23:00,HLMN
12.465,12.465,12.46,12.465,2400,2021-09-10 17:24:00,HLMN
12.465,12.47,12.465,12.47,700,2021-09-10 17:25:00,HLMN
12.47,12.47,12.46,12.465,1919,2021-09-10 17:26:00,HLMN
12.47,12.47,12.46,12.465,2657,2021-09-10 17:27:00,HLMN
12.465,12.465,12.46,12.46,603,2021-09-10 17:28:00,HLMN
12.47,12.5,12.47,12.495,3705,2021-09-10 17:29:00,HLMN
12.5,12.51,12.49,12.495,10893,2021-09-10 17:30:00,HLMN
12.5,12.5,12.49,12.49,1551,2021-09-10 17:31:00,HLMN
12.5,12.5,12.49,12.5,1754,2021-09-10 17:32:00,HLMN
12.495,12.495,12.475,12.475,3960,2021-09-10 17:33:00,HLMN
12.475,12.48,12.47,12.475,3471,2021-09-10 17:34:00,HLMN
12.48,12.48,12.47,12.475,825,2021-09-10 17:35:00,HLMN
12.47,12.47,12.45,12.45,3481,2021-09-10 17:36:00,HLMN
12.45,12.455,12.43,12.44,2317,2021-09-10 17:37:00,HLMN
12.43,12.47,12.43,12.46,5945,2021-09-10 17:38:00,HLMN
12.48,12.48,12.475,12.475,200,2021-09-10 17:39:00,HLMN
12.47,12.475,12.46,12.475,2523,2021-09-10 17:40:00,HLMN
12.48,12.48,12.48,12.48,100,2021-09-10 17:41:00,HLMN
12.48,12.51,12.48,12.49,3308,2021-09-10 17:42:00,HLMN
12.5,12.51,12.49,12.5,5014,2021-09-10 17:43:00,HLMN
12.5,12.5,12.49,12.5,1800,2021-09-10 17:44:00,HLMN
12.495,12.495,12.495,12.495,100,2021-09-10 17:45:00,HLMN
12.5,12.52,12.49,12.51,7067,2021-09-10 17:46:00,HLMN
12.51,12.515,12.51,12.51,800,2021-09-10 17:47:00,HLMN
12.515,12.515,12.5,12.51,2813,2021-09-10 17:48:00,HLMN
12.5,12.5,12.5,12.5,3737,2021-09-10 17:49:00,HLMN
12.5,12.505,12.5,12.5,3358,2021-09-10 17:50:00,HLMN
12.5,12.5,12.495,12.5,1014,2021-09-10 17:51:00,HLMN
12.49,12.49,12.47,12.47,3446,2021-09-10 17:52:00,HLMN
12.47,12.51,12.47,12.5,4766,2021-09-10 17:53:00,HLMN
12.5,12.52,12.5,12.51,1020,2021-09-10 17:54:00,HLMN
12.51,12.515,12.495,12.495,4843,2021-09-10 17:55:00,HLMN
12.495,12.505,12.495,12.5,2500,2021-09-10 17:56:00,HLMN
12.5062,12.5062,12.5,12.5,850,2021-09-10 17:57:00,HLMN
12.505,12.505,12.49,12.49,2498,2021-09-10 17:58:00,HLMN
12.495,12.495,12.495,12.495,100,2021-09-10 18:00:00,HLMN
12.49,12.495,12.49,12.495,2900,2021-09-10 18:01:00,HLMN
12.49,12.5,12.49,12.495,1350,2021-09-10 18:02:00,HLMN
12.495,12.5,12.49,12.495,1752,2021-09-10 18:03:00,HLMN
12.49,12.495,12.47,12.48,6199,2021-09-10 18:04:00,HLMN
12.49,12.5,12.48,12.48,17602,2021-09-10 18:05:00,HLMN
12.485,12.485,12.47,12.47,5118,2021-09-10 18:07:00,HLMN
12.48,12.48,12.47,12.47,451,2021-09-10 18:08:00,HLMN
12.48,12.5,12.48,12.48,8517,2021-09-10 18:09:00,HLMN
12.495,12.5,12.47,12.475,7449,2021-09-10 18:10:00,HLMN
12.475,12.475,12.475,12.475,100,2021-09-10 18:11:00,HLMN
12.47,12.475,12.47,12.475,300,2021-09-10 18:12:00,HLMN
12.48,12.48,12.45,12.455,6940,2021-09-10 18:13:00,HLMN
12.45,12.45,12.42,12.425,1711,2021-09-10 18:14:00,HLMN
12.42,12.42,12.41,12.415,1574,2021-09-10 18:15:00,HLMN
12.415,12.415,12.39,12.39,1895,2021-09-10 18:16:00,HLMN
12.405,12.405,12.39,12.39,700,2021-09-10 18:17:00,HLMN
12.39,12.405,12.39,12.405,2000,2021-09-10 18:18:00,HLMN
12.41,12.425,12.41,12.425,7476,2021-09-10 18:19:00,HLMN
12.425,12.43,12.42,12.43,8481,2021-09-10 18:20:00,HLMN
12.425,12.425,12.42,12.425,5967,2021-09-10 18:21:00,HLMN
12.425,12.425,12.4,12.4,11723,2021-09-10 18:22:00,HLMN
12.39,12.41,12.39,12.4,700,2021-09-10 18:23:00,HLMN
12.405,12.405,12.405,12.405,100,2021-09-10 18:24:00,HLMN
12.405,12.405,12.39,12.39,5215,2021-09-10 18:25:00,HLMN
12.395,12.395,12.38,12.38,1061,2021-09-10 18:26:00,HLMN
12.385,12.385,12.38,12.38,400,2021-09-10 18:27:00,HLMN
12.38,12.38,12.35,12.355,4237,2021-09-10 18:28:00,HLMN
12.36,12.405,12.36,12.4,6806,2021-09-10 18:29:00,HLMN
12.405,12.405,12.4,12.4,700,2021-09-10 18:30:00,HLMN
12.39,12.395,12.39,12.39,3497,2021-09-10 18:31:00,HLMN
12.395,12.395,12.39,12.39,900,2021-09-10 18:32:00,HLMN
12.395,12.41,12.395,12.4,8491,2021-09-10 18:34:00,HLMN
12.4,12.44,12.4,12.435,6346,2021-09-10 18:35:00,HLMN
12.43,12.43,12.43,12.43,100,2021-09-10 18:36:00,HLMN
12.44,12.47,12.44,12.445,11172,2021-09-10 18:37:00,HLMN
12.445,12.445,12.445,12.445,200,2021-09-10 18:38:00,HLMN
12.445,12.45,12.445,12.445,1257,2021-09-10 18:39:00,HLMN
12.45,12.45,12.41,12.415,16980,2021-09-10 18:40:00,HLMN
12.415,12.415,12.41,12.41,1400,2021-09-10 18:41:00,HLMN
12.415,12.42,12.41,12.415,1500,2021-09-10 18:42:00,HLMN
12.415,12.415,12.4,12.4,2446,2021-09-10 18:43:00,HLMN
12.39,12.39,12.37,12.38,2965,2021-09-10 18:44:00,HLMN
12.39,12.42,12.39,12.415,6082,2021-09-10 18:45:00,HLMN
12.42,12.425,12.4,12.41,1612,2021-09-10 18:46:00,HLMN
12.4,12.405,12.38,12.405,5791,2021-09-10 18:47:00,HLMN
12.405,12.405,12.4,12.405,1300,2021-09-10 18:48:00,HLMN
12.405,12.405,12.405,12.405,200,2021-09-10 18:49:00,HLMN
12.405,12.405,12.39,12.39,2867,2021-09-10 18:50:00,HLMN
12.39,12.435,12.39,12.43,5819,2021-09-10 18:51:00,HLMN
12.43,12.435,12.41,12.41,1837,2021-09-10 18:52:00,HLMN
12.41,12.42,12.41,12.41,3195,2021-09-10 18:53:00,HLMN
12.42,12.425,12.41,12.41,9153,2021-09-10 18:54:00,HLMN
12.415,12.415,12.415,12.415,100,2021-09-10 18:55:00,HLMN
12.41,12.41,12.39,12.4,9928,2021-09-10 18:56:00,HLMN
12.405,12.405,12.39,12.39,1700,2021-09-10 18:57:00,HLMN
12.39,12.39,12.39,12.39,300,2021-09-10 18:58:00,HLMN
12.39,12.39,12.38,12.38,3114,2021-09-10 18:59:00,HLMN
12.385,12.41,12.385,12.39,5498,2021-09-10 19:00:00,HLMN
12.39,12.39,12.385,12.385,900,2021-09-10 19:01:00,HLMN
12.38,12.38,12.37,12.37,2445,2021-09-10 19:02:00,HLMN
12.375,12.375,12.37,12.37,200,2021-09-10 19:03:00,HLMN
12.37,12.375,12.37,12.375,200,2021-09-10 19:04:00,HLMN
12.37,12.375,12.37,12.375,2278,2021-09-10 19:05:00,HLMN
12.37,12.405,12.37,12.4,5647,2021-09-10 19:06:00,HLMN
12.395,12.4,12.395,12.4,3300,2021-09-10 19:07:00,HLMN
12.4,12.405,12.365,12.365,9502,2021-09-10 19:08:00,HLMN
12.365,12.38,12.365,12.375,3100,2021-09-10 19:09:00,HLMN
12.38,12.4,12.38,12.4,8497,2021-09-10 19:10:00,HLMN
12.4,12.4,12.39,12.4,6167,2021-09-10 19:11:00,HLMN
12.4,12.41,12.4,12.41,3356,2021-09-10 19:12:00,HLMN
12.405,12.405,12.39,12.4,14749,2021-09-10 19:13:00,HLMN
12.4,12.4,12.39,12.39,3727,2021-09-10 19:14:00,HLMN
12.39,12.4,12.39,12.395,22892,2021-09-10 19:15:00,HLMN
12.39,12.4,12.39,12.395,44479,2021-09-10 19:16:00,HLMN
12.39,12.4,12.38,12.39,8563,2021-09-10 19:17:00,HLMN
12.39,12.39,12.36,12.365,5856,2021-09-10 19:18:00,HLMN
12.36,12.365,12.35,12.355,26200,2021-09-10 19:19:00,HLMN
12.35,12.355,12.32,12.32,6558,2021-09-10 19:20:00,HLMN
12.325,12.37,12.325,12.365,15871,2021-09-10 19:21:00,HLMN
12.37,12.37,12.33,12.33,129161,2021-09-10 19:22:00,HLMN
12.335,12.38,12.335,12.365,38735,2021-09-10 19:23:00,HLMN
12.37,12.37,12.37,12.37,300,2021-09-10 19:24:00,HLMN
12.37,12.405,12.37,12.4,21887,2021-09-10 19:25:00,HLMN
12.4,12.43,12.39,12.425,47378,2021-09-10 19:26:00,HLMN
12.425,12.425,12.4,12.405,4508,2021-09-10 19:27:00,HLMN
12.405,12.425,12.405,12.425,3551,2021-09-10 19:28:00,HLMN
12.43,12.43,12.42,12.425,5100,2021-09-10 19:29:00,HLMN
12.425,12.425,12.4,12.4,10335,2021-09-10 19:30:00,HLMN
12.4,12.41,12.4,12.405,10389,2021-09-10 19:31:00,HLMN
12.405,12.405,12.39,12.395,11476,2021-09-10 19:32:00,HLMN
12.395,12.395,12.395,12.395,300,2021-09-10 19:33:00,HLMN
12.395,12.395,12.395,12.395,300,2021-09-10 19:34:00,HLMN
12.395,12.41,12.395,12.4,13862,2021-09-10 19:35:00,HLMN
12.41,12.45,12.405,12.45,6956,2021-09-10 19:36:00,HLMN
12.45,12.485,12.45,12.48,4930,2021-09-10 19:37:00,HLMN
12.485,12.49,12.48,12.485,14181,2021-09-10 19:38:00,HLMN
12.485,12.485,12.48,12.485,900,2021-09-10 19:39:00,HLMN
12.485,12.51,12.48,12.49,18175,2021-09-10 19:40:00,HLMN
12.49,12.49,12.475,12.475,4000,2021-09-10 19:41:00,HLMN
12.48,12.48,12.475,12.475,700,2021-09-10 19:42:00,HLMN
12.475,12.49,12.475,12.49,6895,2021-09-10 19:43:00,HLMN
12.49,12.505,12.49,12.49,9456,2021-09-10 19:44:00,HLMN
12.49,12.495,12.49,12.495,1200,2021-09-10 19:45:00,HLMN
12.495,12.515,12.495,12.515,7175,2021-09-10 19:46:00,HLMN
12.51,12.515,12.48,12.485,11089,2021-09-10 19:47:00,HLMN
12.48,12.48,12.46,12.465,5179,2021-09-10 19:48:00,HLMN
12.46,12.465,12.46,12.46,1900,2021-09-10 19:49:00,HLMN
12.465,12.48,12.46,12.48,8584,2021-09-10 19:50:00,HLMN
12.48,12.505,12.48,12.495,11194,2021-09-10 19:51:00,HLMN
12.5,12.5,12.49,12.5,4700,2021-09-10 19:52:00,HLMN
12.495,12.5,12.49,12.495,5800,2021-09-10 19:53:00,HLMN
12.495,12.5,12.49,12.495,8429,2021-09-10 19:54:00,HLMN
12.5,12.5,12.49,12.5,13028,2021-09-10 19:55:00,HLMN
12.4999,12.5,12.48,12.485,23365,2021-09-10 19:56:00,HLMN
12.485,12.485,12.43,12.4375,33561,2021-09-10 19:57:00,HLMN
12.44,12.48,12.435,12.48,36617,2021-09-10 19:58:00,HLMN
12.48,12.51,12.47,12.5,31182,2021-09-10 19:59:00,HLMN
12.47,12.47,12.47,12.47,27605,2021-09-10 20:00:00,HLMN
12.38,12.38,12.38,12.38,100,2021-09-13 13:16:00,HLMN
12.35,12.35,12.35,12.35,100,2021-09-13 13:17:00,HLMN
12.39,12.39,12.39,12.39,100,2021-09-13 13:18:00,HLMN
12.49,12.62,12.47,12.52,11773,2021-09-13 13:30:00,HLMN
12.56,12.56,12.55,12.56,700,2021-09-13 13:31:00,HLMN
12.56,12.56,12.46,12.46,3000,2021-09-13 13:32:00,HLMN
12.46,12.46,12.46,12.46,200,2021-09-13 13:33:00,HLMN
12.5,12.5,12.41,12.44,2392,2021-09-13 13:34:00,HLMN
12.42,12.5199,12.4,12.42,4074,2021-09-13 13:35:00,HLMN
12.41,12.45,12.41,12.41,2200,2021-09-13 13:36:00,HLMN
12.41,12.45,12.41,12.45,1104,2021-09-13 13:37:00,HLMN
12.46,12.46,12.42,12.45,4600,2021-09-13 13:38:00,HLMN
12.455,12.505,12.455,12.47,4148,2021-09-13 13:39:00,HLMN
12.45,12.45,12.445,12.445,1900,2021-09-13 13:40:00,HLMN
12.465,12.465,12.44,12.45,2300,2021-09-13 13:41:00,HLMN
12.465,12.49,12.465,12.48,1200,2021-09-13 13:42:00,HLMN
12.48,12.5,12.48,12.48,400,2021-09-13 13:43:00,HLMN
12.495,12.495,12.46,12.46,2400,2021-09-13 13:44:00,HLMN
12.485,12.5,12.485,12.49,750,2021-09-13 13:45:00,HLMN
12.5,12.5,12.5,12.5,1050,2021-09-13 13:46:00,HLMN
12.505,12.505,12.46,12.46,7469,2021-09-13 13:47:00,HLMN
12.48,12.48,12.45,12.4625,4978,2021-09-13 13:48:00,HLMN
12.47,12.48,12.44,12.47,700,2021-09-13 13:49:00,HLMN
12.45,12.47,12.43,12.455,2800,2021-09-13 13:50:00,HLMN
12.455,12.455,12.455,12.455,200,2021-09-13 13:51:00,HLMN
12.47,12.48,12.455,12.48,3734,2021-09-13 13:52:00,HLMN
12.48,12.52,12.46,12.46,6947,2021-09-13 13:53:00,HLMN
12.475,12.49,12.46,12.49,1776,2021-09-13 13:54:00,HLMN
12.46,12.46,12.46,12.46,400,2021-09-13 13:55:00,HLMN
12.46,12.48,12.45,12.48,9599,2021-09-13 13:56:00,HLMN
12.46,12.48,12.46,12.465,900,2021-09-13 13:57:00,HLMN
12.48,12.49,12.465,12.49,3300,2021-09-13 13:58:00,HLMN
12.49,12.52,12.47,12.52,5221,2021-09-13 13:59:00,HLMN
12.52,12.52,12.52,12.52,100,2021-09-13 14:00:00,HLMN
12.505,12.54,12.46,12.48,12092,2021-09-13 14:01:00,HLMN
12.48,12.48,12.45,12.47,7250,2021-09-13 14:02:00,HLMN
12.47,12.47,12.465,12.47,1513,2021-09-13 14:04:00,HLMN
12.47,12.47,12.41,12.42,9439,2021-09-13 14:05:00,HLMN
12.43,12.43,12.38,12.39,5959,2021-09-13 14:06:00,HLMN
12.38,12.41,12.37,12.41,9597,2021-09-13 14:07:00,HLMN
12.4,12.4,12.3,12.37,5477,2021-09-13 14:08:00,HLMN
12.37,12.38,12.365,12.365,1100,2021-09-13 14:09:00,HLMN
12.38,12.38,12.38,12.38,500,2021-09-13 14:10:00,HLMN
12.38,12.41,12.35,12.38,4600,2021-09-13 14:11:00,HLMN
12.38,12.38,12.36,12.36,600,2021-09-13 14:12:00,HLMN
12.38,12.38,12.36,12.38,900,2021-09-13 14:13:00,HLMN
12.3772,12.3772,12.36,12.37,2920,2021-09-13 14:14:00,HLMN
12.36,12.36,12.29,12.31,9890,2021-09-13 14:15:00,HLMN
12.31,12.31,12.3,12.3,200,2021-09-13 14:16:00,HLMN
12.31,12.31,12.25,12.25,7388,2021-09-13 14:17:00,HLMN
12.2525,12.31,12.25,12.3,10416,2021-09-13 14:18:00,HLMN
12.3,12.31,12.295,12.31,800,2021-09-13 14:19:00,HLMN
12.3,12.4,12.29,12.4,6701,2021-09-13 14:20:00,HLMN
12.395,12.41,12.37,12.37,4758,2021-09-13 14:21:00,HLMN
12.385,12.4,12.385,12.385,1000,2021-09-13 14:22:00,HLMN
12.385,12.4,12.37,12.39,5750,2021-09-13 14:23:00,HLMN
12.39,12.44,12.39,12.44,5108,2021-09-13 14:24:00,HLMN
12.4225,12.44,12.41,12.41,3495,2021-09-13 14:25:00,HLMN
12.425,12.425,12.39,12.4,10836,2021-09-13 14:26:00,HLMN
12.4,12.41,12.4,12.41,1232,2021-09-13 14:27:00,HLMN
12.41,12.43,12.41,12.43,1400,2021-09-13 14:28:00,HLMN
12.42,12.43,12.38,12.3875,9186,2021-09-13 14:29:00,HLMN
12.41,12.41,12.395,12.41,900,2021-09-13 14:30:00,HLMN
12.395,12.45,12.395,12.45,3579,2021-09-13 14:31:00,HLMN
12.45,12.45,12.39,12.39,8855,2021-09-13 14:32:00,HLMN
12.405,12.42,12.39,12.39,1537,2021-09-13 14:33:00,HLMN
12.42,12.43,12.4,12.43,3452,2021-09-13 14:34:00,HLMN
12.42,12.42,12.41,12.42,4400,2021-09-13 14:35:00,HLMN
12.42,12.43,12.42,12.43,600,2021-09-13 14:36:00,HLMN
12.43,12.47,12.43,12.46,2676,2021-09-13 14:37:00,HLMN
12.47,12.47,12.44,12.46,7356,2021-09-13 14:38:00,HLMN
12.45,12.45,12.45,12.45,100,2021-09-13 14:39:00,HLMN
12.46,12.485,12.46,12.485,8895,2021-09-13 14:40:00,HLMN
12.48,12.485,12.45,12.45,6049,2021-09-13 14:41:00,HLMN
12.47,12.47,12.47,12.47,400,2021-09-13 14:42:00,HLMN
12.47,12.48,12.47,12.48,1900,2021-09-13 14:43:00,HLMN
12.47,12.48,12.45,12.45,9754,2021-09-13 14:44:00,HLMN
12.46,12.465,12.46,12.46,3678,2021-09-13 14:46:00,HLMN
12.46,12.52,12.46,12.52,12512,2021-09-13 14:47:00,HLMN
12.51,12.52,12.5,12.505,7712,2021-09-13 14:48:00,HLMN
12.5,12.505,12.5,12.5,2000,2021-09-13 14:49:00,HLMN
12.51,12.51,12.495,12.5,5350,2021-09-13 14:50:00,HLMN
12.5,12.51,12.5,12.51,1000,2021-09-13 14:51:00,HLMN
12.51,12.52,12.51,12.515,2442,2021-09-13 14:52:00,HLMN
12.515,12.515,12.48,12.48,9197,2021-09-13 14:53:00,HLMN
12.48,12.48,12.48,12.48,200,2021-09-13 14:54:00,HLMN
12.48,12.495,12.48,12.495,3927,2021-09-13 14:55:00,HLMN
12.495,12.5,12.49,12.49,3850,2021-09-13 14:56:00,HLMN
12.48,12.485,12.48,12.48,900,2021-09-13 14:57:00,HLMN
12.49,12.52,12.49,12.51,2508,2021-09-13 14:58:00,HLMN
12.5,12.51,12.49,12.49,9100,2021-09-13 14:59:00,HLMN
12.5,12.5,12.5,12.5,1250,2021-09-13 15:00:00,HLMN
12.5,12.5,12.47,12.475,3200,2021-09-13 15:01:00,HLMN
12.4716,12.475,12.44,12.44,4986,2021-09-13 15:02:00,HLMN
12.46,12.46,12.46,12.46,1742,2021-09-13 15:03:00,HLMN
12.465,12.49,12.465,12.485,2703,2021-09-13 15:04:00,HLMN
12.485,12.485,12.47,12.47,3800,2021-09-13 15:05:00,HLMN
12.48,12.49,12.48,12.49,1806,2021-09-13 15:06:00,HLMN
12.49,12.505,12.49,12.505,5509,2021-09-13 15:07:00,HLMN
12.52,12.52,12.5,12.505,3449,2021-09-13 15:08:00,HLMN
12.505,12.505,12.505,12.505,400,2021-09-13 15:09:00,HLMN
12.5,12.505,12.47,12.47,7788,2021-09-13 15:10:00,HLMN
12.475,12.475,12.44,12.44,3191,2021-09-13 15:11:00,HLMN
12.44,12.445,12.44,12.44,1100,2021-09-13 15:12:00,HLMN
12.445,12.445,12.42,12.425,5037,2021-09-13 15:13:00,HLMN
12.42,12.42,12.37,12.37,4946,2021-09-13 15:14:00,HLMN
12.375,12.375,12.36,12.37,2500,2021-09-13 15:15:00,HLMN
12.38,12.395,12.38,12.395,5176,2021-09-13 15:16:00,HLMN
12.39,12.4,12.38,12.4,3797,2021-09-13 15:17:00,HLMN
12.395,12.4,12.395,12.4,500,2021-09-13 15:18:00,HLMN
12.4,12.41,12.4,12.41,1100,2021-09-13 15:19:00,HLMN
12.41,12.43,12.405,12.43,6536,2021-09-13 15:20:00,HLMN
12.42,12.46,12.42,12.46,2900,2021-09-13 15:21:00,HLMN
12.45,12.45,12.45,12.45,600,2021-09-13 15:22:00,HLMN
12.45,12.455,12.44,12.44,2674,2021-09-13 15:23:00,HLMN
12.45,12.45,12.45,12.45,500,2021-09-13 15:24:00,HLMN
12.45,12.46,12.45,12.455,10614,2021-09-13 15:25:00,HLMN
12.455,12.455,12.41,12.42,15769,2021-09-13 15:26:00,HLMN
12.41,12.42,12.41,12.41,1400,2021-09-13 15:27:00,HLMN
12.41,12.42,12.41,12.42,1200,2021-09-13 15:28:00,HLMN
12.41,12.455,12.41,12.455,9305,2021-09-13 15:29:00,HLMN
12.455,12.455,12.42,12.42,3958,2021-09-13 15:30:00,HLMN
12.425,12.43,12.415,12.415,1000,2021-09-13 15:31:00,HLMN
12.4299,12.4299,12.4,12.4,7500,2021-09-13 15:32:00,HLMN
12.395,12.395,12.39,12.39,1300,2021-09-13 15:33:00,HLMN
12.39,12.4,12.39,12.39,600,2021-09-13 15:34:00,HLMN
12.4,12.4,12.39,12.39,29635,2021-09-13 15:35:00,HLMN
12.395,12.395,12.37,12.389,7924,2021-09-13 15:36:00,HLMN
12.38,12.38,12.35,12.355,7300,2021-09-13 15:37:00,HLMN
12.355,12.355,12.34,12.35,5519,2021-09-13 15:38:00,HLMN
12.355,12.39,12.35,12.39,15032,2021-09-13 15:39:00,HLMN
12.39,12.41,12.39,12.41,1890,2021-09-13 15:40:00,HLMN
12.41,12.41,12.39,12.4,7803,2021-09-13 15:41:00,HLMN
12.41,12.41,12.4,12.41,1100,2021-09-13 15:42:00,HLMN
12.41,12.42,12.41,12.42,1700,2021-09-13 15:43:00,HLMN
12.435,12.435,12.36,12.38,7619,2021-09-13 15:44:00,HLMN
12.3782,12.4,12.3782,12.4,6400,2021-09-13 15:45:00,HLMN
12.39,12.41,12.39,12.41,3647,2021-09-13 15:46:00,HLMN
12.4,12.41,12.39,12.4,3028,2021-09-13 15:47:00,HLMN
12.395,12.395,12.39,12.39,2428,2021-09-13 15:48:00,HLMN
12.395,12.4,12.395,12.4,1058,2021-09-13 15:49:00,HLMN
12.395,12.41,12.39,12.41,4653,2021-09-13 15:50:00,HLMN
12.405,12.405,12.39,12.4,2958,2021-09-13 15:51:00,HLMN
12.41,12.44,12.41,12.44,15101,2021-09-13 15:52:00,HLMN
12.44,12.45,12.4,12.415,9616,2021-09-13 15:53:00,HLMN
12.415,12.415,12.415,12.415,200,2021-09-13 15:54:00,HLMN
12.42,12.42,12.42,12.42,1709,2021-09-13 15:55:00,HLMN
12.43,12.45,12.43,12.44,3419,2021-09-13 15:56:00,HLMN
12.44,12.44,12.44,12.44,1200,2021-09-13 15:57:00,HLMN
12.45,12.46,12.45,12.46,1200,2021-09-13 15:58:00,HLMN
12.46,12.465,12.43,12.43,9138,2021-09-13 15:59:00,HLMN
12.42,12.43,12.415,12.42,1010,2021-09-13 16:00:00,HLMN
12.42,12.43,12.42,12.43,1300,2021-09-13 16:01:00,HLMN
12.43,12.43,12.4,12.4,3693,2021-09-13 16:02:00,HLMN
12.4,12.41,12.4,12.41,727,2021-09-13 16:03:00,HLMN
12.4,12.41,12.4,12.41,522,2021-09-13 16:04:00,HLMN
12.4,12.41,12.39,12.41,2900,2021-09-13 16:05:00,HLMN
12.41,12.41,12.41,12.41,2499,2021-09-13 16:06:00,HLMN
12.42,12.42,12.42,12.42,400,2021-09-13 16:07:00,HLMN
12.42,12.43,12.42,12.42,4494,2021-09-13 16:08:00,HLMN
12.425,12.43,12.425,12.43,679,2021-09-13 16:09:00,HLMN
12.43,12.45,12.43,12.45,1500,2021-09-13 16:10:00,HLMN
12.45,12.46,12.42,12.42,6199,2021-09-13 16:11:00,HLMN
12.42,12.43,12.42,12.43,200,2021-09-13 16:12:00,HLMN
12.43,12.43,12.43,12.43,900,2021-09-13 16:13:00,HLMN
12.43,12.43,12.41,12.41,4781,2021-09-13 16:14:00,HLMN
12.43,12.44,12.43,12.44,1496,2021-09-13 16:15:00,HLMN
12.435,12.435,12.43,12.43,2200,2021-09-13 16:16:00,HLMN
12.435,12.435,12.4,12.4,7238,2021-09-13 16:17:00,HLMN
12.395,12.4,12.395,12.4,700,2021-09-13 16:18:00,HLMN
12.395,12.4,12.395,12.4,200,2021-09-13 16:19:00,HLMN
12.4,12.41,12.39,12.41,5162,2021-09-13 16:20:00,HLMN
12.405,12.41,12.4,12.41,469,2021-09-13 16:21:00,HLMN
12.405,12.415,12.405,12.415,1463,2021-09-13 16:22:00,HLMN
12.415,12.42,12.41,12.41,4400,2021-09-13 16:23:00,HLMN
12.42,12.44,12.42,12.44,918,2021-09-13 16:24:00,HLMN
12.435,12.44,12.435,12.44,800,2021-09-13 16:25:00,HLMN
12.44,12.44,12.42,12.425,3050,2021-09-13 16:26:00,HLMN
12.43,12.43,12.43,12.43,900,2021-09-13 16:27:00,HLMN
12.43,12.44,12.43,12.44,892,2021-09-13 16:28:00,HLMN
12.44,12.44,12.43,12.43,2400,2021-09-13 16:29:00,HLMN
12.43,12.44,12.43,12.44,1100,2021-09-13 16:30:00,HLMN
12.44,12.44,12.44,12.44,1729,2021-09-13 16:31:00,HLMN
12.44,12.44,12.42,12.42,3445,2021-09-13 16:32:00,HLMN
12.425,12.43,12.41,12.42,6566,2021-09-13 16:33:00,HLMN
12.41,12.41,12.41,12.41,300,2021-09-13 16:34:00,HLMN
12.41,12.41,12.39,12.39,2000,2021-09-13 16:35:00,HLMN
12.4,12.4,12.39,12.39,900,2021-09-13 16:36:00,HLMN
12.4,12.4,12.39,12.39,1700,2021-09-13 16:37:00,HLMN
12.39,12.4,12.38,12.395,4000,2021-09-13 16:38:00,HLMN
12.395,12.395,12.39,12.395,1400,2021-09-13 16:39:00,HLMN
12.395,12.395,12.395,12.395,1000,2021-09-13 16:40:00,HLMN
12.395,12.43,12.385,12.385,14225,2021-09-13 16:41:00,HLMN
12.38,12.385,12.38,12.385,200,2021-09-13 16:42:00,HLMN
12.39,12.395,12.39,12.395,2221,2021-09-13 16:43:00,HLMN
12.395,12.4,12.38,12.385,3421,2021-09-13 16:44:00,HLMN
12.39,12.39,12.385,12.39,1700,2021-09-13 16:45:00,HLMN
12.4,12.4,12.395,12.4,800,2021-09-13 16:46:00,HLMN
12.4,12.41,12.39,12.395,13290,2021-09-13 16:47:00,HLMN
12.39,12.4,12.39,12.4,3120,2021-09-13 16:49:00,HLMN
12.4,12.405,12.4,12.405,3279,2021-09-13 16:50:00,HLMN
12.41,12.415,12.41,12.41,1501,2021-09-13 16:51:00,HLMN
12.42,12.42,12.42,12.42,300,2021-09-13 16:52:00,HLMN
12.42,12.42,12.41,12.41,2800,2021-09-13 16:53:00,HLMN
12.415,12.42,12.415,12.42,600,2021-09-13 16:54:00,HLMN
12.42,12.42,12.42,12.42,300,2021-09-13 16:55:00,HLMN
12.42,12.42,12.41,12.42,5150,2021-09-13 16:56:00,HLMN
12.42,12.435,12.42,12.435,2838,2021-09-13 16:57:00,HLMN
12.43,12.47,12.43,12.47,1300,2021-09-13 16:58:00,HLMN
12.46,12.47,12.45,12.465,5652,2021-09-13 16:59:00,HLMN
12.465,12.47,12.46,12.47,2488,2021-09-13 17:00:00,HLMN
12.47,12.475,12.46,12.46,5272,2021-09-13 17:01:00,HLMN
12.45,12.455,12.4,12.4,4150,2021-09-13 17:02:00,HLMN
12.41,12.42,12.41,12.415,1200,2021-09-13 17:03:00,HLMN
12.41,12.42,12.41,12.415,810,2021-09-13 17:04:00,HLMN
12.41,12.415,12.39,12.39,6370,2021-09-13 17:05:00,HLMN
12.4,12.4,12.3901,12.3901,5276,2021-09-13 17:06:00,HLMN
12.4,12.405,12.4,12.405,2742,2021-09-13 17:07:00,HLMN
12.41,12.41,12.4,12.4,3298,2021-09-13 17:08:00,HLMN
12.405,12.41,12.4,12.41,1770,2021-09-13 17:09:00,HLMN
12.41,12.4125,12.41,12.41,2500,2021-09-13 17:10:00,HLMN
12.41,12.4125,12.39,12.4,13387,2021-09-13 17:11:00,HLMN
12.4,12.4,12.395,12.4,755,2021-09-13 17:12:00,HLMN
12.395,12.4,12.39,12.39,3878,2021-09-13 17:13:00,HLMN
12.4,12.41,12.39,12.39,4022,2021-09-13 17:14:00,HLMN
12.39,12.4,12.39,12.4,4666,2021-09-13 17:15:00,HLMN
12.41,12.415,12.41,12.415,2472,2021-09-13 17:16:00,HLMN
12.415,12.415,12.38,12.4,6170,2021-09-13 17:17:00,HLMN
12.39,12.4,12.38,12.385,949,2021-09-13 17:18:00,HLMN
12.4,12.4,12.37,12.4,4557,2021-09-13 17:19:00,HLMN
12.4,12.41,12.39,12.405,5032,2021-09-13 17:20:00,HLMN
12.41,12.415,12.41,12.415,1700,2021-09-13 17:21:00,HLMN
12.415,12.415,12.415,12.415,100,2021-09-13 17:22:00,HLMN
12.415,12.415,12.39,12.4,5728,2021-09-13 17:23:00,HLMN
12.405,12.41,12.405,12.41,900,2021-09-13 17:24:00,HLMN
12.415,12.415,12.41,12.415,1925,2021-09-13 17:25:00,HLMN
12.41,12.41,12.38,12.39,8443,2021-09-13 17:26:00,HLMN
12.39,12.41,12.39,12.405,4593,2021-09-13 17:27:00,HLMN
12.405,12.405,12.405,12.405,400,2021-09-13 17:28:00,HLMN
12.41,12.41,12.4,12.4,2685,2021-09-13 17:29:00,HLMN
12.405,12.41,12.405,12.41,200,2021-09-13 17:30:00,HLMN
12.41,12.415,12.41,12.41,2174,2021-09-13 17:31:00,HLMN
12.415,12.42,12.4,12.41,6670,2021-09-13 17:32:00,HLMN
12.41,12.41,12.41,12.41,647,2021-09-13 17:33:00,HLMN
12.41,12.41,12.41,12.41,1200,2021-09-13 17:34:00,HLMN
12.41,12.42,12.4,12.4,4206,2021-09-13 17:35:00,HLMN
12.405,12.405,12.4,12.4,5300,2021-09-13 17:36:00,HLMN
12.41,12.41,12.4,12.4,3037,2021-09-13 17:37:00,HLMN
12.39,12.4,12.37,12.375,9014,2021-09-13 17:38:00,HLMN
12.38,12.4,12.36,12.395,12788,2021-09-13 17:39:00,HLMN
12.3975,12.41,12.3975,12.41,4734,2021-09-13 17:40:00,HLMN
12.41,12.41,12.4,12.4,4100,2021-09-13 17:41:00,HLMN
12.405,12.405,12.405,12.405,700,2021-09-13 17:42:00,HLMN
12.405,12.405,12.405,12.405,400,2021-09-13 17:43:00,HLMN
12.41,12.41,12.4,12.41,4800,2021-09-13 17:44:00,HLMN
12.41,12.41,12.41,12.41,1219,2021-09-13 17:45:00,HLMN
12.405,12.41,12.4,12.405,7954,2021-09-13 17:46:00,HLMN
12.405,12.405,12.39,12.395,53039,2021-09-13 17:47:00,HLMN
12.4,12.4,12.39,12.39,1582,2021-09-13 17:48:00,HLMN
12.39,12.4,12.385,12.39,8071,2021-09-13 17:49:00,HLMN
12.39,12.4,12.33,12.33,15950,2021-09-13 17:50:00,HLMN
12.35,12.37,12.3338,12.37,5115,2021-09-13 17:51:00,HLMN
12.375,12.42,12.375,12.42,11216,2021-09-13 17:52:00,HLMN
12.41,12.42,12.39,12.39,7923,2021-09-13 17:53:00,HLMN
12.4,12.41,12.4,12.41,1307,2021-09-13 17:54:00,HLMN
12.4,12.41,12.4,12.41,882,2021-09-13 17:55:00,HLMN
12.4,12.405,12.39,12.4,10904,2021-09-13 17:56:00,HLMN
12.4,12.4,12.39,12.4,671,2021-09-13 17:57:00,HLMN
12.39,12.44,12.39,12.44,5944,2021-09-13 17:58:00,HLMN
12.45,12.45,12.42,12.43,4150,2021-09-13 17:59:00,HLMN
12.42,12.43,12.42,12.42,671,2021-09-13 18:00:00,HLMN
12.43,12.43,12.43,12.43,400,2021-09-13 18:01:00,HLMN
12.42,12.43,12.41,12.415,2510,2021-09-13 18:02:00,HLMN
12.42,12.42,12.41,12.42,900,2021-09-13 18:03:00,HLMN
12.42,12.42,12.42,12.42,1200,2021-09-13 18:04:00,HLMN
12.43,12.43,12.41,12.41,3364,2021-09-13 18:05:00,HLMN
12.42,12.42,12.42,12.42,300,2021-09-13 18:06:00,HLMN
12.42,12.44,12.42,12.435,4307,2021-09-13 18:07:00,HLMN
12.435,12.44,12.415,12.42,7304,2021-09-13 18:08:00,HLMN
12.42,12.42,12.41,12.415,916,2021-09-13 18:10:00,HLMN
12.42,12.42,12.4,12.405,3529,2021-09-13 18:11:00,HLMN
12.405,12.41,12.405,12.41,700,2021-09-13 18:12:00,HLMN
12.41,12.41,12.39,12.4,2400,2021-09-13 18:13:00,HLMN
12.39,12.41,12.39,12.4,10951,2021-09-13 18:14:00,HLMN
12.4,12.405,12.4,12.405,692,2021-09-13 18:15:00,HLMN
12.41,12.41,12.4,12.4,1500,2021-09-13 18:16:00,HLMN
12.41,12.41,12.39,12.395,14225,2021-09-13 18:17:00,HLMN
12.4,12.41,12.4,12.405,3600,2021-09-13 18:18:00,HLMN
12.41,12.415,12.4,12.415,7328,2021-09-13 18:19:00,HLMN
12.415,12.42,12.4,12.405,3550,2021-09-13 18:20:00,HLMN
12.4,12.41,12.4,12.405,1902,2021-09-13 18:21:00,HLMN
12.4,12.4,12.4,12.4,100,2021-09-13 18:22:00,HLMN
12.41,12.41,12.4,12.4,5436,2021-09-13 18:23:00,HLMN
12.39,12.4,12.39,12.4,4468,2021-09-13 18:24:00,HLMN
12.39,12.4,12.39,12.39,1000,2021-09-13 18:25:00,HLMN
12.4,12.4,12.39,12.395,10425,2021-09-13 18:26:00,HLMN
12.39,12.4,12.39,12.4,2229,2021-09-13 18:27:00,HLMN
12.4,12.4,12.39,12.395,4627,2021-09-13 18:28:00,HLMN
12.4,12.415,12.39,12.4,14975,2021-09-13 18:29:00,HLMN
12.4,12.405,12.4,12.405,3125,2021-09-13 18:30:00,HLMN
12.41,12.41,12.4,12.41,500,2021-09-13 18:31:00,HLMN
12.41,12.41,12.4,12.405,6916,2021-09-13 18:32:00,HLMN
12.405,12.405,12.4,12.405,1514,2021-09-13 18:33:00,HLMN
12.405,12.405,12.405,12.405,200,2021-09-13 18:34:00,HLMN
12.408,12.41,12.39,12.395,5433,2021-09-13 18:35:00,HLMN
12.395,12.41,12.39,12.405,8218,2021-09-13 18:36:00,HLMN
12.405,12.405,12.4,12.4,700,2021-09-13 18:37:00,HLMN
12.4,12.405,12.39,12.395,7050,2021-09-13 18:38:00,HLMN
12.4,12.41,12.4,12.4,1400,2021-09-13 18:39:00,HLMN
12.405,12.405,12.4,12.405,800,2021-09-13 18:40:00,HLMN
12.405,12.41,12.4,12.41,1300,2021-09-13 18:41:00,HLMN
12.4,12.4,12.39,12.39,10401,2021-09-13 18:42:00,HLMN
12.4,12.41,12.4,12.4,3340,2021-09-13 18:43:00,HLMN
12.41,12.41,12.4,12.405,900,2021-09-13 18:44:00,HLMN
12.4,12.41,12.4,12.405,3722,2021-09-13 18:45:00,HLMN
12.405,12.41,12.4,12.405,900,2021-09-13 18:46:00,HLMN
12.41,12.41,12.4,12.41,600,2021-09-13 18:47:00,HLMN
12.405,12.405,12.4,12.405,4700,2021-09-13 18:48:00,HLMN
12.4,12.41,12.4,12.4,800,2021-09-13 18:49:00,HLMN
12.405,12.41,12.4,12.405,1400,2021-09-13 18:50:00,HLMN
12.4,12.4,12.395,12.395,4586,2021-09-13 18:51:00,HLMN
12.395,12.4,12.39,12.39,7417,2021-09-13 18:52:00,HLMN
12.4,12.42,12.39,12.41,9698,2021-09-13 18:53:00,HLMN
12.41,12.41,12.4,12.41,3059,2021-09-13 18:54:00,HLMN
12.41,12.41,12.4,12.405,1400,2021-09-13 18:55:00,HLMN
12.4,12.41,12.4,12.4,1100,2021-09-13 18:56:00,HLMN
12.41,12.41,12.4,12.4,4265,2021-09-13 18:57:00,HLMN
12.4,12.41,12.4,12.4,2083,2021-09-13 18:58:00,HLMN
12.41,12.41,12.4,12.41,1000,2021-09-13 18:59:00,HLMN
12.41,12.41,12.38,12.385,20631,2021-09-13 19:00:00,HLMN
12.385,12.385,12.38,12.38,6170,2021-09-13 19:01:00,HLMN
12.38,12.39,12.38,12.385,800,2021-09-13 19:02:00,HLMN
12.38,12.385,12.365,12.365,6397,2021-09-13 19:03:00,HLMN
12.36,12.37,12.36,12.36,2300,2021-09-13 19:04:00,HLMN
12.37,12.37,12.36,12.365,800,2021-09-13 19:05:00,HLMN
12.36,12.365,12.35,12.355,5155,2021-09-13 19:06:00,HLMN
12.355,12.4,12.355,12.39,16086,2021-09-13 19:07:00,HLMN
12.4,12.41,12.4,12.405,20061,2021-09-13 19:08:00,HLMN
12.4,12.405,12.38,12.38,8780,2021-09-13 19:09:00,HLMN
12.38,12.39,12.38,12.39,700,2021-09-13 19:10:00,HLMN
12.38,12.39,12.38,12.38,1400,2021-09-13 19:11:00,HLMN
12.38,12.385,12.36,12.365,5552,2021-09-13 19:12:00,HLMN
12.36,12.37,12.36,12.365,2400,2021-09-13 19:13:00,HLMN
12.36,12.37,12.36,12.37,2200,2021-09-13 19:14:00,HLMN
12.37,12.37,12.335,12.335,8689,2021-09-13 19:15:00,HLMN
12.335,12.3494,12.33,12.345,7641,2021-09-13 19:16:00,HLMN
12.35,12.35,12.345,12.345,3187,2021-09-13 19:17:00,HLMN
12.34,12.34,12.335,12.34,4226,2021-09-13 19:18:00,HLMN
12.345,12.35,12.345,12.35,800,2021-09-13 19:19:00,HLMN
12.35,12.35,12.345,12.35,1800,2021-09-13 19:20:00,HLMN
12.34,12.35,12.335,12.35,4700,2021-09-13 19:21:00,HLMN
12.345,12.35,12.34,12.345,2700,2021-09-13 19:22:00,HLMN
12.345,12.35,12.34,12.35,1100,2021-09-13 19:23:00,HLMN
12.345,12.35,12.34,12.35,2700,2021-09-13 19:24:00,HLMN
12.35,12.355,12.345,12.35,8981,2021-09-13 19:25:00,HLMN
12.36,12.39,12.36,12.39,5484,2021-09-13 19:26:00,HLMN
12.38,12.385,12.35,12.35,7690,2021-09-13 19:27:00,HLMN
12.35,12.35,12.3492,12.35,2229,2021-09-13 19:28:00,HLMN
12.35,12.4,12.35,12.4,6074,2021-09-13 19:29:00,HLMN
12.39,12.39,12.37,12.37,4089,2021-09-13 19:30:00,HLMN
12.36,12.37,12.36,12.37,2164,2021-09-13 19:31:00,HLMN
12.36,12.37,12.36,12.37,5892,2021-09-13 19:32:00,HLMN
12.37,12.37,12.36,12.365,5418,2021-09-13 19:33:00,HLMN
12.36,12.365,12.36,12.36,1994,2021-09-13 19:34:00,HLMN
12.365,12.365,12.36,12.36,300,2021-09-13 19:35:00,HLMN
12.36,12.37,12.35,12.35,7059,2021-09-13 19:36:00,HLMN
12.35,12.36,12.34,12.34,4420,2021-09-13 19:37:00,HLMN
12.34,12.35,12.325,12.33,11709,2021-09-13 19:38:00,HLMN
12.33,12.335,12.31,12.32,7558,2021-09-13 19:39:00,HLMN
12.315,12.375,12.31,12.375,27291,2021-09-13 19:40:00,HLMN
12.39,12.395,12.385,12.39,5163,2021-09-13 19:41:00,HLMN
12.4,12.41,12.37,12.375,18741,2021-09-13 19:42:00,HLMN
12.36,12.405,12.36,12.4,13512,2021-09-13 19:43:00,HLMN
12.4,12.41,12.4,12.4,6181,2021-09-13 19:44:00,HLMN
12.395,12.4,12.39,12.395,3000,2021-09-13 19:45:00,HLMN
12.4,12.41,12.395,12.405,15076,2021-09-13 19:46:00,HLMN
12.405,12.405,12.38,12.39,23826,2021-09-13 19:47:00,HLMN
12.38,12.41,12.37,12.41,7738,2021-09-13 19:48:00,HLMN
12.41,12.42,12.41,12.42,8207,2021-09-13 19:49:00,HLMN
12.42,12.46,12.42,12.46,6993,2021-09-13 19:50:00,HLMN
12.46,12.46,12.44,12.455,8332,2021-09-13 19:51:00,HLMN
12.46,12.46,12.42,12.42,11703,2021-09-13 19:52:00,HLMN
12.43,12.45,12.43,12.44,7207,2021-09-13 19:53:00,HLMN
12.44,12.44,12.43,12.44,5490,2021-09-13 19:54:00,HLMN
12.44,12.45,12.44,12.44,21684,2021-09-13 19:55:00,HLMN
12.45,12.45,12.44,12.44,10918,2021-09-13 19:56:00,HLMN
12.45,12.455,12.44,12.445,14318,2021-09-13 19:57:00,HLMN
12.45,12.45,12.44,12.45,12611,2021-09-13 19:58:00,HLMN
12.44,12.45,12.43,12.44,35698,2021-09-13 19:59:00,HLMN
12.44,12.44,12.44,12.44,15772,2021-09-13 20:00:00,HLMN
12.44,12.44,12.44,12.44,249,2021-09-13 21:12:00,HLMN
12.44,12.5,12.28,12.28,10202,2021-09-14 13:30:00,HLMN
11.99,11.99,11.95,11.95,825,2021-09-14 13:31:00,HLMN
12.6,12.6,12.29,12.29,200,2021-09-14 13:32:00,HLMN
12.58,12.58,12.58,12.58,200,2021-09-14 13:33:00,HLMN
12.58,12.59,12.5,12.545,3375,2021-09-14 13:34:00,HLMN
12.49,12.53,12.45,12.5,5129,2021-09-14 13:35:00,HLMN
12.47,12.47,12.47,12.47,200,2021-09-14 13:36:00,HLMN
12.5,12.5,12.47,12.5,1400,2021-09-14 13:37:00,HLMN
12.5,12.5,12.47,12.5,2670,2021-09-14 13:38:00,HLMN
12.5,12.54,12.46,12.505,3275,2021-09-14 13:39:00,HLMN
12.505,12.51,12.48,12.48,2632,2021-09-14 13:40:00,HLMN
12.51,12.54,12.49,12.49,12454,2021-09-14 13:41:00,HLMN
12.49,12.51,12.46,12.46,4872,2021-09-14 13:42:00,HLMN
12.46,12.58,12.46,12.56,3484,2021-09-14 13:43:00,HLMN
12.585,12.7,12.585,12.59,2411,2021-09-14 13:47:00,HLMN
12.65,12.68,12.6,12.61,7487,2021-09-14 13:48:00,HLMN
12.635,12.635,12.635,12.635,1000,2021-09-14 13:49:00,HLMN
12.635,12.635,12.6,12.6,200,2021-09-14 13:50:00,HLMN
12.64,12.64,12.6,12.61,10937,2021-09-14 13:52:00,HLMN
12.61,12.61,12.56,12.56,76100,2021-09-14 13:53:00,HLMN
12.58,12.58,12.55,12.565,1300,2021-09-14 13:54:00,HLMN
12.55,12.57,12.52,12.52,6270,2021-09-14 13:55:00,HLMN
12.535,12.535,12.535,12.535,300,2021-09-14 13:56:00,HLMN
12.55,12.57,12.54,12.55,17945,2021-09-14 13:57:00,HLMN
12.54,12.55,12.51,12.54,3132,2021-09-14 13:58:00,HLMN
12.54,12.56,12.45,12.505,15159,2021-09-14 13:59:00,HLMN
12.49,12.505,12.475,12.49,4900,2021-09-14 14:00:00,HLMN
12.48,12.48,12.48,12.48,100,2021-09-14 14:01:00,HLMN
12.5,12.56,12.42,12.46,73799,2021-09-14 14:02:00,HLMN
12.46,12.48,12.46,12.47,2000,2021-09-14 14:03:00,HLMN
12.47,12.475,12.43,12.43,2400,2021-09-14 14:04:00,HLMN
12.435,12.46,12.41,12.41,19478,2021-09-14 14:05:00,HLMN
12.42,12.42,12.41,12.415,1600,2021-09-14 14:06:00,HLMN
12.42,12.42,12.42,12.42,300,2021-09-14 14:07:00,HLMN
12.415,12.42,12.37,12.4,14810,2021-09-14 14:08:00,HLMN
12.4,12.41,12.4,12.41,4288,2021-09-14 14:09:00,HLMN
12.42,12.435,12.42,12.435,4200,2021-09-14 14:10:00,HLMN
12.42,12.44,12.41,12.42,9901,2021-09-14 14:11:00,HLMN
12.43,12.46,12.43,12.46,5830,2021-09-14 14:13:00,HLMN
12.455,12.46,12.45,12.46,2883,2021-09-14 14:14:00,HLMN
12.46,12.5,12.46,12.5,3799,2021-09-14 14:15:00,HLMN
12.49,12.505,12.48,12.5,7819,2021-09-14 14:16:00,HLMN
12.49,12.51,12.49,12.5,7175,2021-09-14 14:17:00,HLMN
12.5,12.5175,12.5,12.51,5800,2021-09-14 14:18:00,HLMN
12.5,12.51,12.495,12.51,3642,2021-09-14 14:19:00,HLMN
12.51,12.51,12.5,12.505,4000,2021-09-14 14:20:00,HLMN
12.505,12.51,12.46,12.46,11025,2021-09-14 14:21:00,HLMN
12.46,12.46,12.45,12.45,300,2021-09-14 14:22:00,HLMN
12.44,12.481,12.44,12.481,4640,2021-09-14 14:23:00,HLMN
12.49,12.49,12.45,12.45,1268,2021-09-14 14:24:00,HLMN
12.47,12.47,12.47,12.47,400,2021-09-14 14:25:00,HLMN
12.47,12.47,12.46,12.465,3100,2021-09-14 14:26:00,HLMN
12.465,12.465,12.46,12.46,2500,2021-09-14 14:27:00,HLMN
12.45,12.46,12.45,12.46,3899,2021-09-14 14:28:00,HLMN
12.46,12.475,12.455,12.455,2400,2021-09-14 14:29:00,HLMN
12.455,12.455,12.455,12.455,1100,2021-09-14 14:30:00,HLMN
12.455,12.46,12.455,12.455,1400,2021-09-14 14:31:00,HLMN
12.45,12.48,12.45,12.47,3936,2021-09-14 14:32:00,HLMN
12.475,12.475,12.46,12.465,2669,2021-09-14 14:33:00,HLMN
12.465,12.465,12.465,12.465,200,2021-09-14 14:35:00,HLMN
12.465,12.51,12.465,12.5,28276,2021-09-14 14:36:00,HLMN
12.5,12.51,12.5,12.5,12299,2021-09-14 14:37:00,HLMN
12.5,12.51,12.5,12.505,7800,2021-09-14 14:38:00,HLMN
12.505,12.51,12.49,12.49,6277,2021-09-14 14:39:00,HLMN
12.485,12.485,12.47,12.48,4637,2021-09-14 14:40:00,HLMN
12.48,12.48,12.4701,12.48,300,2021-09-14 14:41:00,HLMN
12.48,12.48,12.45,12.46,2329,2021-09-14 14:42:00,HLMN
12.46,12.48,12.46,12.48,2308,2021-09-14 14:43:00,HLMN
12.48,12.5,12.48,12.495,1800,2021-09-14 14:44:00,HLMN
12.505,12.51,12.5,12.505,4995,2021-09-14 14:45:00,HLMN
12.5,12.501,12.5,12.5,6800,2021-09-14 14:46:00,HLMN
12.49,12.5,12.45,12.45,37686,2021-09-14 14:48:00,HLMN
12.45,12.45,12.44,12.44,600,2021-09-14 14:49:00,HLMN
12.44,12.44,12.44,12.44,500,2021-09-14 14:50:00,HLMN
12.445,12.445,12.44,12.44,593,2021-09-14 14:51:00,HLMN
12.45,12.47,12.445,12.47,5430,2021-09-14 14:52:00,HLMN
12.475,12.48,12.475,12.48,6226,2021-09-14 14:53:00,HLMN
12.49,12.5,12.49,12.5,2208,2021-09-14 14:54:00,HLMN
12.5,12.5,12.49,12.49,10300,2021-09-14 14:55:00,HLMN
12.495,12.505,12.495,12.5,10865,2021-09-14 14:56:00,HLMN
12.5,12.505,12.5,12.5,2700,2021-09-14 14:57:00,HLMN
12.5,12.5,12.48,12.48,5616,2021-09-14 14:58:00,HLMN
12.485,12.485,12.485,12.485,5116,2021-09-14 14:59:00,HLMN
12.485,12.485,12.47,12.47,3596,2021-09-14 15:01:00,HLMN
12.475,12.475,12.47,12.475,700,2021-09-14 15:02:00,HLMN
12.475,12.475,12.47,12.47,700,2021-09-14 15:03:00,HLMN
12.475,12.495,12.475,12.495,7759,2021-09-14 15:04:00,HLMN
12.495,12.5,12.49,12.495,1273,2021-09-14 15:05:00,HLMN
12.5,12.505,12.495,12.5,6842,2021-09-14 15:06:00,HLMN
12.5,12.505,12.4914,12.4914,6800,2021-09-14 15:07:00,HLMN
12.495,12.5,12.48,12.5,11247,2021-09-14 15:08:00,HLMN
12.5,12.5,12.5,12.5,500,2021-09-14 15:09:00,HLMN
12.5,12.5,12.5,12.5,200,2021-09-14 15:10:00,HLMN
12.495,12.495,12.495,12.495,2595,2021-09-14 15:11:00,HLMN
12.495,12.5,12.49,12.49,5800,2021-09-14 15:12:00,HLMN
12.495,12.495,12.45,12.45,12157,2021-09-14 15:14:00,HLMN
12.45,12.45,12.42,12.42,6193,2021-09-14 15:15:00,HLMN
12.41,12.46,12.41,12.46,4715,2021-09-14 15:16:00,HLMN
12.46,12.46,12.45,12.46,1100,2021-09-14 15:17:00,HLMN
12.46,12.46,12.45,12.46,800,2021-09-14 15:18:00,HLMN
12.4699,12.4699,12.45,12.46,802,2021-09-14 15:19:00,HLMN
12.455,12.4599,12.42,12.43,7941,2021-09-14 15:20:00,HLMN
12.42,12.43,12.42,12.43,500,2021-09-14 15:21:00,HLMN
12.42,12.43,12.42,12.43,200,2021-09-14 15:22:00,HLMN
12.43,12.48,12.43,12.48,6158,2021-09-14 15:23:00,HLMN
12.48,12.48,12.47,12.475,700,2021-09-14 15:24:00,HLMN
12.475,12.475,12.47,12.47,3100,2021-09-14 15:26:00,HLMN
12.47,12.48,12.33,12.33,54202,2021-09-14 15:27:00,HLMN
12.335,12.34,12.27,12.27,27274,2021-09-14 15:28:00,HLMN
12.28,12.37,12.27,12.355,20615,2021-09-14 15:29:00,HLMN
12.355,12.4,12.355,12.39,2409,2021-09-14 15:30:00,HLMN
12.37,12.37,12.36,12.36,1447,2021-09-14 15:31:00,HLMN
12.37,12.4,12.37,12.4,2000,2021-09-14 15:32:00,HLMN
12.4,12.46,12.4,12.41,13278,2021-09-14 15:33:00,HLMN
12.41,12.41,12.39,12.39,700,2021-09-14 15:34:00,HLMN
12.4,12.43,12.4,12.43,1757,2021-09-14 15:35:00,HLMN
12.43,12.43,12.43,12.43,850,2021-09-14 15:36:00,HLMN
12.42,12.42,12.38,12.38,1430,2021-09-14 15:37:00,HLMN
12.38,12.39,12.38,12.39,2116,2021-09-14 15:38:00,HLMN
12.4,12.41,12.4,12.41,1676,2021-09-14 15:39:00,HLMN
12.41,12.435,12.41,12.435,1200,2021-09-14 15:40:00,HLMN
12.435,12.455,12.435,12.455,700,2021-09-14 15:41:00,HLMN
12.455,12.46,12.45,12.45,400,2021-09-14 15:42:00,HLMN
12.45,12.47,12.45,12.47,1500,2021-09-14 15:43:00,HLMN
12.475,12.475,12.45,12.45,1716,2021-09-14 15:44:00,HLMN
12.46,12.46,12.46,12.46,1600,2021-09-14 15:45:00,HLMN
12.465,12.49,12.465,12.49,722,2021-09-14 15:46:00,HLMN
12.48,12.49,12.48,12.485,1664,2021-09-14 15:47:00,HLMN
12.485,12.49,12.485,12.49,800,2021-09-14 15:48:00,HLMN
12.49,12.49,12.46,12.46,11955,2021-09-14 15:49:00,HLMN
12.47,12.47,12.47,12.47,1200,2021-09-14 15:50:00,HLMN
12.49,12.49,12.48,12.48,700,2021-09-14 15:51:00,HLMN
12.49,12.49,12.49,12.49,2100,2021-09-14 15:52:00,HLMN
12.49,12.49,12.49,12.49,1200,2021-09-14 15:53:00,HLMN
12.49,12.505,12.49,12.49,15941,2021-09-14 15:54:00,HLMN
12.49,12.49,12.49,12.49,200,2021-09-14 15:55:00,HLMN
12.49,12.505,12.49,12.5,8770,2021-09-14 15:56:00,HLMN
12.495,12.5,12.475,12.48,29913,2021-09-14 15:57:00,HLMN
12.48,12.48,12.48,12.48,100,2021-09-14 15:58:00,HLMN
12.48,12.485,12.475,12.475,800,2021-09-14 15:59:00,HLMN
12.48,12.48,12.48,12.48,1069,2021-09-14 16:00:00,HLMN
12.49,12.505,12.49,12.5,7108,2021-09-14 16:01:00,HLMN
12.5,12.5,12.5,12.5,100,2021-09-14 16:02:00,HLMN
12.5,12.505,12.5,12.5,8592,2021-09-14 16:03:00,HLMN
12.49,12.49,12.4775,12.4775,6821,2021-09-14 16:04:00,HLMN
12.48,12.48,12.48,12.48,700,2021-09-14 16:05:00,HLMN
12.475,12.48,12.47,12.48,399,2021-09-14 16:07:00,HLMN
12.47,12.48,12.45,12.45,3731,2021-09-14 16:08:00,HLMN
12.46,12.46,12.445,12.46,6526,2021-09-14 16:09:00,HLMN
12.47,12.49,12.46,12.49,2408,2021-09-14 16:10:00,HLMN
12.5,12.51,12.49,12.5,12813,2021-09-14 16:12:00,HLMN
12.495,12.495,12.49,12.495,400,2021-09-14 16:13:00,HLMN
12.495,12.5,12.49,12.5,1400,2021-09-14 16:15:00,HLMN
12.5,12.5,12.5,12.5,100,2021-09-14 16:16:00,HLMN
12.495,12.5,12.49,12.495,1126,2021-09-14 16:17:00,HLMN
12.495,12.5,12.49,12.49,12150,2021-09-14 16:18:00,HLMN
12.495,12.5,12.48,12.48,3753,2021-09-14 16:19:00,HLMN
12.48,12.485,12.47,12.47,3960,2021-09-14 16:20:00,HLMN
12.46,12.46,12.46,12.46,800,2021-09-14 16:21:00,HLMN
12.46,12.47,12.46,12.46,950,2021-09-14 16:22:00,HLMN
12.46,12.465,12.46,12.46,800,2021-09-14 16:23:00,HLMN
12.465,12.5,12.465,12.5,11620,2021-09-14 16:24:00,HLMN
12.5,12.5,12.5,12.5,127,2021-09-14 16:25:00,HLMN
12.5,12.505,12.48,12.48,12936,2021-09-14 16:26:00,HLMN
12.49,12.49,12.49,12.49,2098,2021-09-14 16:27:00,HLMN
12.495,12.495,12.49,12.49,1061,2021-09-14 16:28:00,HLMN
12.49,12.495,12.48,12.48,5122,2021-09-14 16:31:00,HLMN
12.485,12.52,12.48,12.5,43413,2021-09-14 16:32:00,HLMN
12.5,12.51,12.495,12.5,15978,2021-09-14 16:33:00,HLMN
12.5,12.58,12.5,12.52,108820,2021-09-14 16:34:00,HLMN
12.52,12.53,12.49,12.49,118212,2021-09-14 16:35:00,HLMN
12.49,12.49,12.485,12.49,5800,2021-09-14 16:36:00,HLMN
12.49,12.49,12.475,12.475,3052,2021-09-14 16:37:00,HLMN
12.475,12.485,12.475,12.485,1300,2021-09-14 16:38:00,HLMN
12.485,12.49,12.48,12.48,9822,2021-09-14 16:39:00,HLMN
12.475,12.48,12.475,12.48,900,2021-09-14 16:40:00,HLMN
12.47,12.475,12.41,12.45,13473,2021-09-14 16:42:00,HLMN
12.445,12.445,12.445,12.445,600,2021-09-14 16:44:00,HLMN
12.45,12.49,12.45,12.49,6103,2021-09-14 16:45:00,HLMN
12.485,12.485,12.485,12.485,200,2021-09-14 16:46:00,HLMN
12.49,12.49,12.49,12.49,200,2021-09-14 16:48:00,HLMN
12.485,12.49,12.48,12.49,8848,2021-09-14 16:49:00,HLMN
12.49,12.5,12.475,12.49,9958,2021-09-14 16:50:00,HLMN
12.485,12.485,12.485,12.485,200,2021-09-14 16:54:00,HLMN
12.49,12.49,12.48,12.49,2300,2021-09-14 16:55:00,HLMN
12.49,12.49,12.485,12.485,200,2021-09-14 16:56:00,HLMN
12.485,12.5,12.485,12.49,6796,2021-09-14 16:57:00,HLMN
12.51,12.56,12.51,12.56,1403,2021-09-14 16:58:00,HLMN
12.56,12.57,12.54,12.55,10162,2021-09-14 16:59:00,HLMN
12.545,12.56,12.545,12.55,5611,2021-09-14 17:00:00,HLMN
12.55,12.55,12.51,12.53,5415,2021-09-14 17:01:00,HLMN
12.54,12.54,12.54,12.54,595,2021-09-14 17:02:00,HLMN
12.545,12.545,12.5001,12.5001,10009,2021-09-14 17:03:00,HLMN
12.51,12.51,12.5,12.5,1649,2021-09-14 17:04:00,HLMN
12.5,12.5,12.5,12.5,500,2021-09-14 17:05:00,HLMN
12.5,12.5,12.5,12.5,1200,2021-09-14 17:06:00,HLMN
12.495,12.5,12.495,12.5,53000,2021-09-14 17:07:00,HLMN
12.505,12.505,12.505,12.505,3888,2021-09-14 17:08:00,HLMN
12.505,12.505,12.47,12.475,9155,2021-09-14 17:09:00,HLMN
12.475,12.475,12.46,12.4695,1000,2021-09-14 17:10:00,HLMN
12.47,12.48,12.465,12.48,6697,2021-09-14 17:11:00,HLMN
12.48,12.48,12.48,12.48,492,2021-09-14 17:12:00,HLMN
12.485,12.485,12.485,12.485,100,2021-09-14 17:13:00,HLMN
12.485,12.485,12.485,12.485,200,2021-09-14 17:14:00,HLMN
12.49,12.495,12.485,12.49,2811,2021-09-14 17:15:00,HLMN
12.5,12.5,12.49,12.49,300,2021-09-14 17:16:00,HLMN
12.495,12.495,12.48,12.485,7956,2021-09-14 17:17:00,HLMN
12.49,12.49,12.45,12.45,7481,2021-09-14 17:18:00,HLMN
12.46,12.5,12.45,12.46,29710,2021-09-14 17:19:00,HLMN
12.47,12.47,12.465,12.465,1400,2021-09-14 17:20:00,HLMN
12.465,12.465,12.46,12.46,200,2021-09-14 17:22:00,HLMN
12.46,12.46,12.46,12.46,100,2021-09-14 17:23:00,HLMN
12.465,12.48,12.465,12.48,3172,2021-09-14 17:24:00,HLMN
12.475,12.475,12.465,12.465,2286,2021-09-14 17:25:00,HLMN
12.47,12.47,12.46,12.46,2212,2021-09-14 17:28:00,HLMN
12.46,12.46,12.45,12.46,3756,2021-09-14 17:29:00,HLMN
12.46,12.46,12.46,12.46,1300,2021-09-14 17:30:00,HLMN
12.46,12.47,12.46,12.46,5200,2021-09-14 17:31:00,HLMN
12.46,12.46,12.45,12.46,1200,2021-09-14 17:32:00,HLMN
12.45,12.475,12.45,12.47,4400,2021-09-14 17:33:00,HLMN
12.47,12.475,12.47,12.47,1500,2021-09-14 17:34:00,HLMN
12.475,12.475,12.44,12.44,5271,2021-09-14 17:35:00,HLMN
12.445,12.45,12.41,12.43,54289,2021-09-14 17:36:00,HLMN
12.435,12.455,12.435,12.455,33441,2021-09-14 17:37:00,HLMN
12.45,12.455,12.45,12.455,1000,2021-09-14 17:38:00,HLMN
12.455,12.46,12.45,12.45,7886,2021-09-14 17:39:00,HLMN
12.45,12.45,12.45,12.45,1396,2021-09-14 17:40:00,HLMN
12.45,12.46,12.45,12.45,4224,2021-09-14 17:41:00,HLMN
12.46,12.46,12.45,12.46,3934,2021-09-14 17:42:00,HLMN
12.465,12.465,12.465,12.465,800,2021-09-14 17:43:00,HLMN
12.4637,12.465,12.4637,12.465,339,2021-09-14 17:44:00,HLMN
12.47,12.485,12.47,12.485,2180,2021-09-14 17:45:00,HLMN
12.49,12.495,12.48,12.48,9645,2021-09-14 17:46:00,HLMN
12.485,12.49,12.48,12.49,2580,2021-09-14 17:47:00,HLMN
12.49,12.5,12.49,12.495,1892,2021-09-14 17:48:00,HLMN
12.5,12.5,12.5,12.5,280,2021-09-14 17:49:00,HLMN
12.49,12.495,12.48,12.485,4469,2021-09-14 17:50:00,HLMN
12.485,12.485,12.43,12.45,14669,2021-09-14 17:51:00,HLMN
12.46,12.49,12.45,12.46,9045,2021-09-14 17:52:00,HLMN
12.46,12.47,12.46,12.47,700,2021-09-14 17:53:00,HLMN
12.48,12.48,12.47,12.47,2049,2021-09-14 17:54:00,HLMN
12.48,12.49,12.47,12.48,2830,2021-09-14 17:55:00,HLMN
12.49,12.49,12.485,12.485,300,2021-09-14 17:56:00,HLMN
12.485,12.485,12.46,12.47,5483,2021-09-14 17:57:00,HLMN
12.47,12.5,12.47,12.48,4450,2021-09-14 17:58:00,HLMN
12.5,12.5,12.5,12.5,100,2021-09-14 17:59:00,HLMN
12.5,12.5,12.5,12.5,100,2021-09-14 18:00:00,HLMN
12.5,12.5,12.47,12.47,10646,2021-09-14 18:01:00,HLMN
12.47,12.47,12.46,12.47,3386,2021-09-14 18:02:00,HLMN
12.465,12.47,12.46,12.4675,1000,2021-09-14 18:04:00,HLMN
12.47,12.485,12.47,12.47,14089,2021-09-14 18:05:00,HLMN
12.48,12.48,12.47,12.47,14323,2021-09-14 18:06:00,HLMN
12.47,12.47,12.46,12.47,1082,2021-09-14 18:07:00,HLMN
12.48,12.48,12.48,12.48,100,2021-09-14 18:08:00,HLMN
12.475,12.48,12.47,12.475,10853,2021-09-14 18:09:00,HLMN
12.47,12.48,12.47,12.47,4781,2021-09-14 18:10:00,HLMN
12.475,12.485,12.47,12.485,1629,2021-09-14 18:11:00,HLMN
12.49,12.5,12.49,12.495,2050,2021-09-14 18:12:00,HLMN
12.5,12.5,12.49,12.495,2700,2021-09-14 18:13:00,HLMN
12.495,12.495,12.47,12.48,48323,2021-09-14 18:14:00,HLMN
12.475,12.48,12.475,12.48,1576,2021-09-14 18:15:00,HLMN
12.47,12.5,12.47,12.5,4050,2021-09-14 18:16:00,HLMN
12.5,12.5,12.495,12.5,3870,2021-09-14 18:17:00,HLMN
12.5,12.5,12.49,12.495,5821,2021-09-14 18:18:00,HLMN
12.5,12.5,12.485,12.485,3400,2021-09-14 18:19:00,HLMN
12.485,12.485,12.445,12.445,5893,2021-09-14 18:20:00,HLMN
12.45,12.455,12.445,12.455,1740,2021-09-14 18:21:00,HLMN
12.46,12.49,12.46,12.485,2840,2021-09-14 18:22:00,HLMN
12.485,12.485,12.46,12.465,2540,2021-09-14 18:23:00,HLMN
12.47,12.48,12.47,12.48,2140,2021-09-14 18:24:00,HLMN
12.49,12.49,12.485,12.49,1600,2021-09-14 18:25:00,HLMN
12.49,12.49,12.49,12.49,100,2021-09-14 18:26:00,HLMN
12.485,12.49,12.485,12.485,700,2021-09-14 18:27:00,HLMN
12.485,12.485,12.485,12.485,100,2021-09-14 18:28:00,HLMN
12.485,12.5,12.485,12.5,6233,2021-09-14 18:29:00,HLMN
12.495,12.5,12.495,12.5,891,2021-09-14 18:30:00,HLMN
12.495,12.495,12.495,12.495,20656,2021-09-14 18:31:00,HLMN
12.5,12.505,12.49,12.5,27402,2021-09-14 18:32:00,HLMN
12.495,12.53,12.495,12.5,27237,2021-09-14 18:33:00,HLMN
12.5,12.5,12.495,12.5,1600,2021-09-14 18:34:00,HLMN
12.495,12.53,12.495,12.495,115837,2021-09-14 18:35:00,HLMN
12.5,12.5,12.48,12.485,25630,2021-09-14 18:36:00,HLMN
12.485,12.485,12.445,12.445,12991,2021-09-14 18:37:00,HLMN
12.45,12.48,12.45,12.48,3383,2021-09-14 18:38:00,HLMN
12.49,12.49,12.49,12.49,2500,2021-09-14 18:39:00,HLMN
12.49,12.49,12.49,12.49,761,2021-09-14 18:40:00,HLMN
12.49,12.495,12.49,12.495,1017,2021-09-14 18:41:00,HLMN
12.495,12.5,12.495,12.5,7200,2021-09-14 18:42:00,HLMN
12.5,12.5,12.5,12.5,1229,2021-09-14 18:43:00,HLMN
12.5,12.5,12.495,12.495,700,2021-09-14 18:44:00,HLMN
12.5,12.5,12.48,12.485,7841,2021-09-14 18:45:00,HLMN
12.49,12.5,12.485,12.5,6891,2021-09-14 18:46:00,HLMN
12.495,12.5,12.495,12.5,600,2021-09-14 18:47:00,HLMN
12.495,12.5,12.495,12.5,810,2021-09-14 18:48:00,HLMN
12.5,12.505,12.495,12.5,29354,2021-09-14 18:49:00,HLMN
12.5,12.5,12.485,12.485,22800,2021-09-14 18:50:00,HLMN
12.485,12.485,12.485,12.485,100,2021-09-14 18:51:00,HLMN
12.49,12.495,12.46,12.47,25920,2021-09-14 18:52:00,HLMN
12.47,12.47,12.47,12.47,9549,2021-09-14 18:53:00,HLMN
12.47,12.47,12.465,12.47,10500,2021-09-14 18:54:00,HLMN
12.47,12.47,12.465,12.47,9564,2021-09-14 18:55:00,HLMN
12.47,12.49,12.47,12.49,16399,2021-09-14 18:56:00,HLMN
12.495,12.505,12.495,12.495,43454,2021-09-14 18:57:00,HLMN
12.5,12.5,12.495,12.495,3665,2021-09-14 18:58:00,HLMN
12.49,12.495,12.49,12.495,700,2021-09-14 18:59:00,HLMN
12.5,12.5,12.49,12.5,16720,2021-09-14 19:00:00,HLMN
12.5,12.5,12.475,12.48,33439,2021-09-14 19:01:00,HLMN
12.475,12.49,12.475,12.49,4314,2021-09-14 19:02:00,HLMN
12.49,12.5,12.49,12.495,1100,2021-09-14 19:03:00,HLMN
12.4901,12.495,12.4901,12.495,2342,2021-09-14 19:04:00,HLMN
12.495,12.5,12.49,12.49,64516,2021-09-14 19:05:00,HLMN
12.495,12.5,12.495,12.5,11535,2021-09-14 19:06:00,HLMN
12.5,12.5,12.5,12.5,10897,2021-09-14 19:07:00,HLMN
12.5,12.5,12.48,12.49,25040,2021-09-14 19:08:00,HLMN
12.48,12.485,12.48,12.485,1427,2021-09-14 19:09:00,HLMN
12.485,12.485,12.48,12.485,800,2021-09-14 19:10:00,HLMN
12.485,12.49,12.485,12.485,2938,2021-09-14 19:11:00,HLMN
12.49,12.495,12.49,12.49,7676,2021-09-14 19:12:00,HLMN
12.49,12.495,12.48,12.485,9303,2021-09-14 19:13:00,HLMN
12.48,12.48,12.45,12.46,20468,2021-09-14 19:14:00,HLMN
12.465,12.485,12.465,12.485,4032,2021-09-14 19:15:00,HLMN
12.49,12.49,12.485,12.485,1543,2021-09-14 19:16:00,HLMN
12.485,12.49,12.485,12.49,1300,2021-09-14 19:17:00,HLMN
12.485,12.495,12.48,12.485,10863,2021-09-14 19:18:00,HLMN
12.48,12.48,12.46,12.465,11668,2021-09-14 19:19:00,HLMN
12.465,12.465,12.465,12.465,300,2021-09-14 19:20:00,HLMN
12.47,12.495,12.47,12.49,15246,2021-09-14 19:21:00,HLMN
12.485,12.49,12.48,12.49,3333,2021-09-14 19:22:00,HLMN
12.49,12.495,12.485,12.49,9139,2021-09-14 19:23:00,HLMN
12.49,12.49,12.485,12.49,300,2021-09-14 19:24:00,HLMN
12.49,12.49,12.48,12.49,700,2021-09-14 19:25:00,HLMN
12.49,12.495,12.485,12.485,3908,2021-09-14 19:26:00,HLMN
12.49,12.49,12.46,12.46,9371,2021-09-14 19:27:00,HLMN
12.465,12.465,12.46,12.465,3200,2021-09-14 19:28:00,HLMN
12.465,12.475,12.465,12.475,6972,2021-09-14 19:29:00,HLMN
12.48,12.49,12.48,12.49,5557,2021-09-14 19:30:00,HLMN
12.49,12.49,12.49,12.49,500,2021-09-14 19:31:00,HLMN
12.485,12.5,12.485,12.49,12020,2021-09-14 19:32:00,HLMN
12.49,12.49,12.49,12.49,700,2021-09-14 19:33:00,HLMN
12.49,12.495,12.48,12.485,9029,2021-09-14 19:34:00,HLMN
12.485,12.485,12.46,12.465,10739,2021-09-14 19:35:00,HLMN
12.46,12.475,12.45,12.47,64111,2021-09-14 19:36:00,HLMN
12.4609,12.465,12.46,12.465,565,2021-09-14 19:37:00,HLMN
12.465,12.465,12.46,12.46,2476,2021-09-14 19:38:00,HLMN
12.465,12.465,12.4601,12.465,2314,2021-09-14 19:39:00,HLMN
12.465,12.47,12.465,12.465,3500,2021-09-14 19:40:00,HLMN
12.465,12.47,12.43,12.45,125324,2021-09-14 19:41:00,HLMN
12.4475,12.45,12.42,12.425,38970,2021-09-14 19:42:00,HLMN
12.425,12.43,12.41,12.43,31828,2021-09-14 19:43:00,HLMN
12.43,12.445,12.43,12.435,20021,2021-09-14 19:44:00,HLMN
12.435,12.445,12.42,12.43,14499,2021-09-14 19:45:00,HLMN
12.425,12.48,12.425,12.48,37374,2021-09-14 19:46:00,HLMN
12.48,12.495,12.47,12.47,7721,2021-09-14 19:47:00,HLMN
12.475,12.485,12.475,12.48,7594,2021-09-14 19:48:00,HLMN
12.48,12.48,12.475,12.475,31839,2021-09-14 19:49:00,HLMN
12.47,12.49,12.47,12.485,46091,2021-09-14 19:50:00,HLMN
12.49,12.585,12.49,12.585,17244,2021-09-14 19:51:00,HLMN
12.585,12.59,12.53,12.54,18260,2021-09-14 19:52:00,HLMN
12.52,12.53,12.51,12.525,3557,2021-09-14 19:53:00,HLMN
12.525,12.58,12.525,12.575,8174,2021-09-14 19:54:00,HLMN
12.58,12.6,12.56,12.6,22771,2021-09-14 19:55:00,HLMN
12.595,12.625,12.58,12.625,22749,2021-09-14 19:56:00,HLMN
12.625,12.625,12.59,12.59,17816,2021-09-14 19:57:00,HLMN
12.59,12.59,12.57,12.57,8424,2021-09-14 19:58:00,HLMN
12.575,12.58,12.53,12.54,29329,2021-09-14 19:59:00,HLMN
12.54,12.54,12.54,12.54,55866,2021-09-14 20:00:00,HLMN
12.4306,12.49,12.4306,12.49,3275,2021-09-15 13:30:00,HLMN
12.48,12.55,12.385,12.445,8192,2021-09-15 13:34:00,HLMN
12.54,12.54,12.455,12.53,416,2021-09-15 13:35:00,HLMN
12.54,12.54,12.54,12.54,289,2021-09-15 13:36:00,HLMN
12.51,12.51,12.475,12.475,3324,2021-09-15 13:38:00,HLMN
12.475,12.475,12.475,12.475,100,2021-09-15 13:39:00,HLMN
12.475,12.475,12.475,12.475,3300,2021-09-15 13:40:00,HLMN
12.475,12.485,12.47,12.485,1500,2021-09-15 13:41:00,HLMN
12.49,12.4987,12.49,12.4987,600,2021-09-15 13:42:00,HLMN
12.475,12.475,12.475,12.475,100,2021-09-15 13:43:00,HLMN
12.475,12.48,12.475,12.48,992,2021-09-15 13:44:00,HLMN
12.5,12.505,12.5,12.505,801,2021-09-15 13:45:00,HLMN
12.52,12.54,12.52,12.54,600,2021-09-15 13:46:00,HLMN
12.54,12.55,12.53,12.54,5150,2021-09-15 13:48:00,HLMN
12.54,12.55,12.53,12.55,400,2021-09-15 13:49:00,HLMN
12.54,12.55,12.53,12.53,4743,2021-09-15 13:50:00,HLMN
12.535,12.54,12.535,12.535,500,2021-09-15 13:51:00,HLMN
12.54,12.58,12.54,12.58,7076,2021-09-15 13:52:00,HLMN
12.5512,12.555,12.55,12.555,1000,2021-09-15 13:53:00,HLMN
12.555,12.56,12.54,12.56,6422,2021-09-15 13:54:00,HLMN
12.57,12.57,12.55,12.55,2100,2021-09-15 13:55:00,HLMN
12.56,12.57,12.56,12.57,6183,2021-09-15 13:56:00,HLMN
12.55,12.57,12.55,12.57,500,2021-09-15 13:57:00,HLMN
12.57,12.58,12.565,12.57,6113,2021-09-15 13:58:00,HLMN
12.57,12.57,12.56,12.57,5063,2021-09-15 13:59:00,HLMN
12.56,12.57,12.56,12.565,1200,2021-09-15 14:00:00,HLMN
12.57,12.575,12.47,12.51,44686,2021-09-15 14:01:00,HLMN
12.51,12.51,12.495,12.495,2210,2021-09-15 14:02:00,HLMN
12.48,12.49,12.47,12.49,1675,2021-09-15 14:03:00,HLMN
12.47,12.48,12.45,12.475,7441,2021-09-15 14:04:00,HLMN
12.47,12.48,12.46,12.48,6208,2021-09-15 14:05:00,HLMN
12.49,12.49,12.48,12.48,800,2021-09-15 14:06:00,HLMN
12.47,12.49,12.47,12.49,1100,2021-09-15 14:07:00,HLMN
12.49,12.495,12.48,12.495,1572,2021-09-15 14:08:00,HLMN
12.495,12.52,12.495,12.52,1200,2021-09-15 14:09:00,HLMN
12.51,12.56,12.51,12.56,5380,2021-09-15 14:10:00,HLMN
12.56,12.56,12.55,12.555,2367,2021-09-15 14:11:00,HLMN
12.555,12.56,12.52,12.53,2850,2021-09-15 14:12:00,HLMN
12.52,12.55,12.52,12.53,4034,2021-09-15 14:13:00,HLMN
12.55,12.55,12.53,12.54,1100,2021-09-15 14:14:00,HLMN
12.54,12.55,12.5,12.515,9269,2021-09-15 14:15:00,HLMN
12.515,12.52,12.515,12.52,200,2021-09-15 14:16:00,HLMN
12.515,12.52,12.515,12.515,902,2021-09-15 14:17:00,HLMN
12.515,12.53,12.515,12.53,2355,2021-09-15 14:18:00,HLMN
12.53,12.53,12.53,12.53,500,2021-09-15 14:19:00,HLMN
12.52,12.53,12.51,12.515,6715,2021-09-15 14:20:00,HLMN
12.52,12.53,12.515,12.525,3047,2021-09-15 14:21:00,HLMN
12.53,12.53,12.53,12.53,500,2021-09-15 14:22:00,HLMN
12.53,12.535,12.525,12.53,2461,2021-09-15 14:23:00,HLMN
12.535,12.54,12.535,12.54,1500,2021-09-15 14:24:00,HLMN
12.535,12.545,12.53,12.54,2312,2021-09-15 14:25:00,HLMN
12.54,12.565,12.54,12.55,17949,2021-09-15 14:26:00,HLMN
12.55,12.55,12.52,12.53,9571,2021-09-15 14:27:00,HLMN
12.535,12.535,12.53,12.535,1836,2021-09-15 14:28:00,HLMN
12.53,12.535,12.53,12.53,600,2021-09-15 14:29:00,HLMN
12.525,12.54,12.525,12.53,3637,2021-09-15 14:30:00,HLMN
12.52,12.53,12.52,12.525,575,2021-09-15 14:31:00,HLMN
12.525,12.53,12.525,12.53,497,2021-09-15 14:32:00,HLMN
12.525,12.54,12.525,12.54,2480,2021-09-15 14:33:00,HLMN
12.55,12.55,12.55,12.55,300,2021-09-15 14:34:00,HLMN
12.545,12.555,12.545,12.55,6306,2021-09-15 14:35:00,HLMN
12.55,12.55,12.545,12.55,700,2021-09-15 14:36:00,HLMN
12.55,12.55,12.54,12.55,600,2021-09-15 14:37:00,HLMN
12.545,12.55,12.545,12.55,784,2021-09-15 14:38:00,HLMN
12.55,12.555,12.545,12.55,6291,2021-09-15 14:39:00,HLMN
12.56,12.6,12.56,12.6,2676,2021-09-15 14:40:00,HLMN
12.6,12.615,12.59,12.605,5628,2021-09-15 14:41:00,HLMN
12.62,12.62,12.62,12.62,100,2021-09-15 14:42:00,HLMN
12.605,12.63,12.605,12.63,2265,2021-09-15 14:43:00,HLMN
12.615,12.7,12.615,12.69,8957,2021-09-15 14:44:00,HLMN
12.69,12.7,12.63,12.665,18697,2021-09-15 14:45:00,HLMN
12.665,12.665,12.63,12.64,3580,2021-09-15 14:46:00,HLMN
12.65,12.65,12.64,12.64,200,2021-09-15 14:47:00,HLMN
12.65,12.65,12.64,12.65,1000,2021-09-15 14:48:00,HLMN
12.65,12.65,12.64,12.645,4600,2021-09-15 14:49:00,HLMN
12.645,12.645,12.63,12.63,10714,2021-09-15 14:50:00,HLMN
12.625,12.625,12.6,12.6,6799,2021-09-15 14:51:00,HLMN
12.59,12.605,12.59,12.6,2050,2021-09-15 14:52:00,HLMN
12.605,12.605,12.58,12.585,1609,2021-09-15 14:53:00,HLMN
12.6,12.605,12.6,12.605,833,2021-09-15 14:54:00,HLMN
12.61,12.61,12.605,12.605,400,2021-09-15 14:55:00,HLMN
12.605,12.62,12.605,12.62,2047,2021-09-15 14:56:00,HLMN
12.615,12.62,12.615,12.615,700,2021-09-15 14:57:00,HLMN
12.615,12.625,12.615,12.62,2547,2021-09-15 14:58:00,HLMN
12.63,12.63,12.62,12.63,500,2021-09-15 14:59:00,HLMN
12.63,12.65,12.63,12.65,6564,2021-09-15 15:00:00,HLMN
12.65,12.65,12.645,12.645,3000,2021-09-15 15:01:00,HLMN
12.65,12.65,12.645,12.645,2200,2021-09-15 15:02:00,HLMN
12.645,12.645,12.61,12.615,9562,2021-09-15 15:03:00,HLMN
12.62,12.62,12.59,12.59,8101,2021-09-15 15:04:00,HLMN
12.57,12.585,12.57,12.57,6477,2021-09-15 15:05:00,HLMN
12.57,12.575,12.54,12.54,3800,2021-09-15 15:06:00,HLMN
12.54,12.57,12.54,12.57,2230,2021-09-15 15:07:00,HLMN
12.55,12.59,12.55,12.59,6451,2021-09-15 15:08:00,HLMN
12.59,12.61,12.58,12.59,22073,2021-09-15 15:09:00,HLMN
12.59,12.59,12.58,12.58,1000,2021-09-15 15:10:00,HLMN
12.6,12.6,12.57,12.595,30506,2021-09-15 15:11:00,HLMN
12.595,12.6,12.595,12.6,1880,2021-09-15 15:12:00,HLMN
12.6,12.6,12.59,12.6,1200,2021-09-15 15:13:00,HLMN
12.59,12.6,12.59,12.6,800,2021-09-15 15:14:00,HLMN
12.59,12.6,12.59,12.6,2200,2021-09-15 15:15:00,HLMN
12.6,12.605,12.6,12.6,5017,2021-09-15 15:16:00,HLMN
12.6,12.6025,12.6,12.6,2200,2021-09-15 15:17:00,HLMN
12.6,12.605,12.595,12.595,3000,2021-09-15 15:18:00,HLMN
12.59,12.595,12.58,12.595,7324,2021-09-15 15:19:00,HLMN
12.6,12.615,12.6,12.6,7687,2021-09-15 15:21:00,HLMN
12.6,12.6,12.6,12.6,400,2021-09-15 15:22:00,HLMN
12.6,12.61,12.595,12.6,5596,2021-09-15 15:23:00,HLMN
12.6,12.605,12.595,12.595,23062,2021-09-15 15:24:00,HLMN
12.6,12.61,12.6,12.6,19395,2021-09-15 15:25:00,HLMN
12.6,12.6,12.595,12.595,1900,2021-09-15 15:26:00,HLMN
12.6,12.6,12.595,12.595,51400,2021-09-15 15:27:00,HLMN
12.595,12.595,12.52,12.52,15210,2021-09-15 15:28:00,HLMN
12.525,12.56,12.52,12.555,5864,2021-09-15 15:29:00,HLMN
12.55,12.58,12.535,12.575,11278,2021-09-15 15:30:00,HLMN
12.57,12.577,12.54,12.575,16420,2021-09-15 15:31:00,HLMN
12.58,12.58,12.57,12.57,6185,2021-09-15 15:32:00,HLMN
12.56,12.56,12.56,12.56,300,2021-09-15 15:33:00,HLMN
12.57,12.57,12.57,12.57,200,2021-09-15 15:34:00,HLMN
12.57,12.57,12.55,12.57,1900,2021-09-15 15:35:00,HLMN
12.58,12.58,12.57,12.58,1800,2021-09-15 15:36:00,HLMN
12.575,12.58,12.575,12.58,500,2021-09-15 15:37:00,HLMN
12.57,12.58,12.57,12.58,4364,2021-09-15 15:38:00,HLMN
12.58,12.58,12.55,12.55,5628,2021-09-15 15:39:00,HLMN
12.55,12.55,12.53,12.53,2671,2021-09-15 15:40:00,HLMN
12.53,12.54,12.51,12.51,4716,2021-09-15 15:41:00,HLMN
12.51,12.51,12.47,12.47,2133,2021-09-15 15:42:00,HLMN
12.47,12.535,12.45,12.535,6300,2021-09-15 15:43:00,HLMN
12.53,12.54,12.53,12.53,300,2021-09-15 15:44:00,HLMN
12.53,12.535,12.52,12.52,1504,2021-09-15 15:45:00,HLMN
12.52,12.52,12.52,12.52,500,2021-09-15 15:46:00,HLMN
12.515,12.515,12.5,12.5,4133,2021-09-15 15:47:00,HLMN
12.5,12.51,12.5,12.5,700,2021-09-15 15:48:00,HLMN
12.5,12.51,12.5,12.51,3344,2021-09-15 15:49:00,HLMN
12.52,12.52,12.52,12.52,927,2021-09-15 15:50:00,HLMN
12.52,12.52,12.52,12.52,200,2021-09-15 15:51:00,HLMN
12.52,12.52,12.515,12.515,1200,2021-09-15 15:52:00,HLMN
12.52,12.52,12.52,12.52,1284,2021-09-15 15:53:00,HLMN
12.515,12.55,12.515,12.55,6209,2021-09-15 15:54:00,HLMN
12.55,12.56,12.53,12.53,9587,2021-09-15 15:55:00,HLMN
12.53,12.53,12.525,12.53,3200,2021-09-15 15:56:00,HLMN
12.54,12.56,12.54,12.56,1284,2021-09-15 15:57:00,HLMN
12.56,12.56,12.56,12.56,500,2021-09-15 15:58:00,HLMN
12.56,12.57,12.56,12.56,1600,2021-09-15 15:59:00,HLMN
12.57,12.57,12.57,12.57,1200,2021-09-15 16:00:00,HLMN
12.57,12.57,12.53,12.53,10656,2021-09-15 16:01:00,HLMN
12.54,12.54,12.54,12.54,200,2021-09-15 16:02:00,HLMN
12.54,12.54,12.53,12.54,2500,2021-09-15 16:03:00,HLMN
12.54,12.54,12.54,12.54,200,2021-09-15 16:04:00,HLMN
12.54,12.54,12.53,12.54,2100,2021-09-15 16:05:00,HLMN
12.535,12.54,12.53,12.535,1500,2021-09-15 16:06:00,HLMN
12.53,12.535,12.5,12.51,4400,2021-09-15 16:07:00,HLMN
12.49,12.51,12.48,12.51,4887,2021-09-15 16:08:00,HLMN
12.51,12.515,12.505,12.515,9775,2021-09-15 16:10:00,HLMN
12.52,12.55,12.52,12.545,3062,2021-09-15 16:11:00,HLMN
12.55,12.55,12.545,12.545,1500,2021-09-15 16:12:00,HLMN
12.55,12.55,12.53,12.53,5500,2021-09-15 16:13:00,HLMN
12.53,12.53,12.52,12.5298,2400,2021-09-15 16:14:00,HLMN
12.53,12.53,12.53,12.53,2223,2021-09-15 16:15:00,HLMN
12.53,12.54,12.53,12.54,1425,2021-09-15 16:16:00,HLMN
12.55,12.55,12.55,12.55,400,2021-09-15 16:17:00,HLMN
12.55,12.55,12.55,12.55,200,2021-09-15 16:18:00,HLMN
12.55,12.56,12.52,12.52,12551,2021-09-15 16:19:00,HLMN
12.52,12.525,12.5,12.5,6128,2021-09-15 16:20:00,HLMN
12.5,12.5,12.5,12.5,15670,2021-09-15 16:21:00,HLMN
12.5,12.5,12.5,12.5,4266,2021-09-15 16:22:00,HLMN
12.495,12.5,12.495,12.495,4900,2021-09-15 16:23:00,HLMN
12.5,12.505,12.495,12.495,7373,2021-09-15 16:24:00,HLMN
12.495,12.5,12.49,12.495,5844,2021-09-15 16:25:00,HLMN
12.495,12.5,12.49,12.5,800,2021-09-15 16:26:00,HLMN
12.5,12.5,12.5,12.5,3955,2021-09-15 16:27:00,HLMN
12.5,12.5,12.495,12.495,2315,2021-09-15 16:28:00,HLMN
12.5,12.5,12.5,12.5,500,2021-09-15 16:29:00,HLMN
12.5,12.53,12.5,12.53,6576,2021-09-15 16:30:00,HLMN
12.53,12.53,12.53,12.53,1200,2021-09-15 16:31:00,HLMN
12.53,12.54,12.53,12.53,1100,2021-09-15 16:32:00,HLMN
12.53,12.545,12.53,12.54,3941,2021-09-15 16:33:00,HLMN
12.54,12.54,12.54,12.54,300,2021-09-15 16:34:00,HLMN
12.54,12.54,12.54,12.54,400,2021-09-15 16:35:00,HLMN
12.54,12.54,12.54,12.54,500,2021-09-15 16:36:00,HLMN
12.54,12.54,12.54,12.54,1000,2021-09-15 16:37:00,HLMN
12.535,12.545,12.535,12.545,5350,2021-09-15 16:38:00,HLMN
12.545,12.55,12.54,12.54,1900,2021-09-15 16:39:00,HLMN
12.55,12.55,12.54,12.55,2105,2021-09-15 16:40:00,HLMN
12.54,12.55,12.53,12.53,35135,2021-09-15 16:41:00,HLMN
12.53,12.535,12.49,12.495,10411,2021-09-15 16:42:00,HLMN
12.49,12.53,12.49,12.51,8849,2021-09-15 16:43:00,HLMN
12.51,12.51,12.495,12.495,400,2021-09-15 16:44:00,HLMN
12.51,12.51,12.51,12.51,500,2021-09-15 16:45:00,HLMN
12.51,12.51,12.5,12.51,2500,2021-09-15 16:46:00,HLMN
12.51,12.52,12.51,12.52,2778,2021-09-15 16:47:00,HLMN
12.52,12.52,12.515,12.515,1990,2021-09-15 16:48:00,HLMN
12.515,12.515,12.48,12.49,4567,2021-09-15 16:49:00,HLMN
12.49,12.5,12.49,12.5,2090,2021-09-15 16:50:00,HLMN
12.5,12.5,12.5,12.5,500,2021-09-15 16:51:00,HLMN
12.5,12.505,12.5,12.505,800,2021-09-15 16:52:00,HLMN
12.51,12.51,12.5,12.5,400,2021-09-15 16:53:00,HLMN
12.51,12.51,12.49,12.495,3429,2021-09-15 16:54:00,HLMN
12.49,12.495,12.48,12.49,3936,2021-09-15 16:55:00,HLMN
12.49,12.505,12.48,12.505,9225,2021-09-15 16:56:00,HLMN
12.505,12.505,12.49,12.5,20800,2021-09-15 16:57:00,HLMN
12.5,12.5,12.495,12.5,2180,2021-09-15 16:58:00,HLMN
12.5,12.5,12.5,12.5,500,2021-09-15 16:59:00,HLMN
12.495,12.5,12.495,12.5,3083,2021-09-15 17:00:00,HLMN
12.5,12.5,12.5,12.5,800,2021-09-15 17:01:00,HLMN
12.5,12.5,12.5,12.5,800,2021-09-15 17:02:00,HLMN
12.5,12.5,12.495,12.5,2050,2021-09-15 17:03:00,HLMN
12.5,12.5,12.49,12.49,1485,2021-09-15 17:04:00,HLMN
12.49,12.5,12.49,12.5,2086,2021-09-15 17:05:00,HLMN
12.49,12.5,12.48,12.485,17865,2021-09-15 17:06:00,HLMN
12.485,12.5,12.485,12.5,14034,2021-09-15 17:07:00,HLMN
12.5,12.5,12.495,12.5,1000,2021-09-15 17:08:00,HLMN
12.5,12.5,12.495,12.495,1096,2021-09-15 17:09:00,HLMN
12.5,12.5,12.495,12.495,1000,2021-09-15 17:10:00,HLMN
12.5,12.5,12.49,12.5,2200,2021-09-15 17:11:00,HLMN
12.49,12.5,12.49,12.49,2200,2021-09-15 17:12:00,HLMN
12.49,12.5,12.49,12.49,4448,2021-09-15 17:13:00,HLMN
12.49,12.5,12.49,12.495,704,2021-09-15 17:14:00,HLMN
12.49,12.5,12.49,12.49,1100,2021-09-15 17:15:00,HLMN
12.49,12.5,12.48,12.49,11500,2021-09-15 17:16:00,HLMN
12.485,12.485,12.48,12.48,2316,2021-09-15 17:17:00,HLMN
12.485,12.49,12.48,12.48,1400,2021-09-15 17:18:00,HLMN
12.485,12.49,12.48,12.49,1100,2021-09-15 17:19:00,HLMN
12.485,12.49,12.48,12.48,1100,2021-09-15 17:20:00,HLMN
12.485,12.49,12.48,12.49,890,2021-09-15 17:21:00,HLMN
12.485,12.5,12.48,12.495,5420,2021-09-15 17:22:00,HLMN
12.495,12.5,12.495,12.495,5365,2021-09-15 17:23:00,HLMN
12.5,12.5,12.5,12.5,300,2021-09-15 17:24:00,HLMN
12.495,12.505,12.495,12.5,10122,2021-09-15 17:25:00,HLMN
12.5,12.5,12.5,12.5,100,2021-09-15 17:26:00,HLMN
12.5,12.52,12.495,12.52,4563,2021-09-15 17:27:00,HLMN
12.52,12.52,12.52,12.52,300,2021-09-15 17:28:00,HLMN
12.52,12.52,12.515,12.52,700,2021-09-15 17:29:00,HLMN
12.52,12.53,12.52,12.53,1876,2021-09-15 17:30:00,HLMN
12.53,12.54,12.525,12.54,2639,2021-09-15 17:31:00,HLMN
12.54,12.54,12.54,12.54,1000,2021-09-15 17:32:00,HLMN
12.54,12.54,12.535,12.54,1687,2021-09-15 17:33:00,HLMN
12.535,12.545,12.535,12.54,4384,2021-09-15 17:34:00,HLMN
12.535,12.54,12.535,12.54,500,2021-09-15 17:35:00,HLMN
12.535,12.54,12.5306,12.535,1200,2021-09-15 17:36:00,HLMN
12.535,12.54,12.51,12.52,10013,2021-09-15 17:37:00,HLMN
12.51,12.51,12.46,12.48,11572,2021-09-15 17:38:00,HLMN
12.48,12.48,12.48,12.48,2153,2021-09-15 17:39:00,HLMN
12.48,12.49,12.48,12.49,6160,2021-09-15 17:40:00,HLMN
12.49,12.49,12.485,12.49,1800,2021-09-15 17:41:00,HLMN
12.49,12.49,12.485,12.485,886,2021-09-15 17:42:00,HLMN
12.485,12.49,12.485,12.49,600,2021-09-15 17:43:00,HLMN
12.485,12.49,12.485,12.49,900,2021-09-15 17:44:00,HLMN
12.485,12.49,12.48,12.485,3138,2021-09-15 17:45:00,HLMN
12.49,12.55,12.485,12.53,11667,2021-09-15 17:46:00,HLMN
12.525,12.525,12.5,12.5,2252,2021-09-15 17:47:00,HLMN
12.51,12.51,12.51,12.51,100,2021-09-15 17:48:00,HLMN
12.51,12.51,12.51,12.51,1648,2021-09-15 17:49:00,HLMN
12.51,12.51,12.505,12.51,600,2021-09-15 17:50:00,HLMN
12.51,12.51,12.5,12.5,600,2021-09-15 17:51:00,HLMN
12.51,12.51,12.49,12.49,1700,2021-09-15 17:52:00,HLMN
12.49,12.5,12.49,12.49,700,2021-09-15 17:53:00,HLMN
12.5,12.5,12.48,12.485,5535,2021-09-15 17:54:00,HLMN
12.48,12.495,12.475,12.495,11773,2021-09-15 17:55:00,HLMN
12.5,12.5,12.5,12.5,200,2021-09-15 17:56:00,HLMN
12.5,12.51,12.49,12.505,3195,2021-09-15 17:57:00,HLMN
12.5,12.5,12.49,12.49,1193,2021-09-15 17:58:00,HLMN
12.495,12.5,12.495,12.5,812,2021-09-15 17:59:00,HLMN
12.5,12.5,12.5,12.5,400,2021-09-15 18:00:00,HLMN
12.5,12.51,12.5,12.51,3261,2021-09-15 18:01:00,HLMN
12.51,12.51,12.505,12.505,2300,2021-09-15 18:02:00,HLMN
12.51,12.52,12.51,12.515,4517,2021-09-15 18:03:00,HLMN
12.52,12.52,12.52,12.52,100,2021-09-15 18:04:00,HLMN
12.52,12.52,12.52,12.52,100,2021-09-15 18:05:00,HLMN
12.52,12.52,12.52,12.52,600,2021-09-15 18:06:00,HLMN
12.515,12.52,12.515,12.52,300,2021-09-15 18:07:00,HLMN
12.515,12.53,12.515,12.53,4668,2021-09-15 18:08:00,HLMN
12.525,12.53,12.525,12.53,2000,2021-09-15 18:09:00,HLMN
12.53,12.53,12.53,12.53,400,2021-09-15 18:10:00,HLMN
12.53,12.53,12.51,12.51,9194,2021-09-15 18:11:00,HLMN
12.515,12.515,12.51,12.515,11100,2021-09-15 18:12:00,HLMN
12.52,12.52,12.47,12.48,64158,2021-09-15 18:13:00,HLMN
12.485,12.51,12.48,12.495,9823,2021-09-15 18:14:00,HLMN
12.495,12.495,12.495,12.495,1000,2021-09-15 18:15:00,HLMN
12.5,12.52,12.495,12.52,42101,2021-09-15 18:16:00,HLMN
12.52,12.54,12.51,12.53,3502,2021-09-15 18:17:00,HLMN
12.53,12.53,12.5,12.505,6500,2021-09-15 18:18:00,HLMN
12.49,12.5,12.49,12.5,50400,2021-09-15 18:19:00,HLMN
12.5,12.505,12.5,12.5,3201,2021-09-15 18:20:00,HLMN
12.495,12.5,12.49,12.5,83517,2021-09-15 18:21:00,HLMN
12.495,12.5,12.495,12.5,300,2021-09-15 18:22:00,HLMN
12.49,12.4999,12.48,12.495,9641,2021-09-15 18:23:00,HLMN
12.49,12.5,12.49,12.5,400,2021-09-15 18:24:00,HLMN
12.5,12.5,12.48,12.48,3220,2021-09-15 18:25:00,HLMN
12.48,12.49,12.48,12.49,5875,2021-09-15 18:26:00,HLMN
12.49,12.5,12.49,12.49,1100,2021-09-15 18:27:00,HLMN
12.49,12.495,12.49,12.49,1200,2021-09-15 18:28:00,HLMN
12.495,12.495,12.49,12.49,800,2021-09-15 18:29:00,HLMN
12.49,12.5,12.48,12.485,2937,2021-09-15 18:30:00,HLMN
12.48,12.49,12.48,12.485,1400,2021-09-15 18:31:00,HLMN
12.48,12.5,12.48,12.5,7489,2021-09-15 18:32:00,HLMN
12.5,12.51,12.5,12.5025,800,2021-09-15 18:33:00,HLMN
12.505,12.51,12.5,12.51,3200,2021-09-15 18:34:00,HLMN
12.51,12.51,12.5,12.51,1000,2021-09-15 18:35:00,HLMN
12.5025,12.51,12.5,12.505,1900,2021-09-15 18:36:00,HLMN
12.51,12.51,12.5,12.505,800,2021-09-15 18:37:00,HLMN
12.5,12.51,12.5,12.505,1600,2021-09-15 18:38:00,HLMN
12.505,12.505,12.49,12.49,7179,2021-09-15 18:39:00,HLMN
12.49,12.5,12.49,12.495,2500,2021-09-15 18:40:00,HLMN
12.49,12.495,12.49,12.49,1500,2021-09-15 18:41:00,HLMN
12.495,12.505,12.48,12.49,7464,2021-09-15 18:42:00,HLMN
12.48,12.485,12.475,12.485,5742,2021-09-15 18:43:00,HLMN
12.49,12.49,12.48,12.485,3580,2021-09-15 18:44:00,HLMN
12.48,12.49,12.48,12.48,1300,2021-09-15 18:45:00,HLMN
12.48,12.5,12.48,12.49,6129,2021-09-15 18:46:00,HLMN
12.495,12.495,12.495,12.495,400,2021-09-15 18:47:00,HLMN
12.495,12.505,12.495,12.5,3624,2021-09-15 18:48:00,HLMN
12.495,12.495,12.495,12.495,240,2021-09-15 18:49:00,HLMN
12.5,12.5,12.49,12.495,800,2021-09-15 18:50:00,HLMN
12.495,12.5,12.49,12.495,4943,2021-09-15 18:51:00,HLMN
12.5,12.5,12.495,12.495,1118,2021-09-15 18:52:00,HLMN
12.5,12.5,12.49,12.495,1420,2021-09-15 18:53:00,HLMN
12.495,12.5,12.49,12.495,1600,2021-09-15 18:54:00,HLMN
12.5,12.5,12.49,12.49,1740,2021-09-15 18:55:00,HLMN
12.5,12.545,12.495,12.545,10270,2021-09-15 18:56:00,HLMN
12.545,12.545,12.53,12.53,1609,2021-09-15 18:57:00,HLMN
12.535,12.535,12.5,12.52,3591,2021-09-15 18:58:00,HLMN
12.515,12.515,12.515,12.515,800,2021-09-15 18:59:00,HLMN
12.515,12.52,12.51,12.52,1100,2021-09-15 19:00:00,HLMN
12.51,12.515,12.49,12.505,5965,2021-09-15 19:01:00,HLMN
12.5,12.51,12.5,12.51,3251,2021-09-15 19:02:00,HLMN
12.515,12.515,12.51,12.515,630,2021-09-15 19:03:00,HLMN
12.52,12.52,12.51,12.515,1100,2021-09-15 19:04:00,HLMN
12.51,12.515,12.5,12.51,4156,2021-09-15 19:05:00,HLMN
12.51,12.51,12.5,12.505,500,2021-09-15 19:06:00,HLMN
12.51,12.51,12.5,12.505,4870,2021-09-15 19:07:00,HLMN
12.505,12.51,12.5,12.505,2400,2021-09-15 19:08:00,HLMN
12.505,12.515,12.505,12.515,4564,2021-09-15 19:09:00,HLMN
12.52,12.52,12.5,12.52,2943,2021-09-15 19:10:00,HLMN
12.51,12.515,12.51,12.51,1850,2021-09-15 19:11:00,HLMN
12.51,12.515,12.495,12.5,4710,2021-09-15 19:12:00,HLMN
12.5,12.51,12.495,12.5,5850,2021-09-15 19:13:00,HLMN
12.505,12.505,12.5,12.5,5975,2021-09-15 19:14:00,HLMN
12.5,12.515,12.5,12.515,3560,2021-09-15 19:15:00,HLMN
12.51,12.535,12.51,12.53,7022,2021-09-15 19:16:00,HLMN
12.53,12.53,12.52,12.52,3443,2021-09-15 19:17:00,HLMN
12.52,12.525,12.51,12.515,1680,2021-09-15 19:18:00,HLMN
12.51,12.52,12.51,12.51,3400,2021-09-15 19:19:00,HLMN
12.51,12.525,12.51,12.525,6906,2021-09-15 19:20:00,HLMN
12.52,12.53,12.52,12.525,1709,2021-09-15 19:21:00,HLMN
12.525,12.53,12.52,12.525,4610,2021-09-15 19:22:00,HLMN
12.52,12.525,12.51,12.51,39200,2021-09-15 19:23:00,HLMN
12.515,12.53,12.51,12.53,58782,2021-09-15 19:24:00,HLMN
12.52,12.53,12.515,12.515,26200,2021-09-15 19:25:00,HLMN
12.51,12.51,12.5,12.505,1475,2021-09-15 19:26:00,HLMN
12.505,12.515,12.505,12.515,19420,2021-09-15 19:27:00,HLMN
12.51,12.52,12.51,12.51,800,2021-09-15 19:28:00,HLMN
12.51,12.52,12.51,12.51,3000,2021-09-15 19:29:00,HLMN
12.51,12.51,12.48,12.5,47304,2021-09-15 19:30:00,HLMN
12.505,12.51,12.505,12.505,500,2021-09-15 19:31:00,HLMN
12.51,12.51,12.5,12.51,900,2021-09-15 19:32:00,HLMN
12.51,12.52,12.51,12.515,5454,2021-09-15 19:33:00,HLMN
12.515,12.52,12.515,12.52,1000,2021-09-15 19:34:00,HLMN
12.52,12.54,12.515,12.54,6316,2021-09-15 19:35:00,HLMN
12.55,12.57,12.54,12.57,3458,2021-09-15 19:36:00,HLMN
12.57,12.61,12.57,12.605,6254,2021-09-15 19:37:00,HLMN
12.6,12.6,12.58,12.59,3779,2021-09-15 19:38:00,HLMN
12.59,12.6,12.575,12.58,6909,2021-09-15 19:39:00,HLMN
12.58,12.58,12.5701,12.575,4000,2021-09-15 19:40:00,HLMN
12.575,12.59,12.575,12.59,13501,2021-09-15 19:41:00,HLMN
12.59,12.62,12.59,12.62,6412,2021-09-15 19:42:00,HLMN
12.62,12.63,12.62,12.63,4199,2021-09-15 19:43:00,HLMN
12.63,12.69,12.63,12.68,10172,2021-09-15 19:44:00,HLMN
12.68,12.68,12.63,12.64,17183,2021-09-15 19:45:00,HLMN
12.635,12.64,12.63,12.64,1835,2021-09-15 19:46:00,HLMN
12.63,12.64,12.63,12.63,3482,2021-09-15 19:47:00,HLMN
12.64,12.64,12.63,12.635,3000,2021-09-15 19:48:00,HLMN
12.635,12.64,12.63,12.635,3000,2021-09-15 19:49:00,HLMN
12.64,12.655,12.585,12.62,35421,2021-09-15 19:50:00,HLMN
12.62,12.63,12.6,12.61,7422,2021-09-15 19:51:00,HLMN
12.6,12.68,12.6,12.67,10928,2021-09-15 19:52:00,HLMN
12.67,12.675,12.64,12.64,62048,2021-09-15 19:53:00,HLMN
12.64,12.64,12.62,12.62,7282,2021-09-15 19:54:00,HLMN
12.63,12.63,12.59,12.6,38567,2021-09-15 19:55:00,HLMN
12.6,12.6,12.54,12.54,34360,2021-09-15 19:56:00,HLMN
12.54,12.59,12.53,12.59,107965,2021-09-15 19:57:00,HLMN
12.59,12.59,12.54,12.55,30509,2021-09-15 19:58:00,HLMN
12.54,12.6,12.54,12.6,50966,2021-09-15 19:59:00,HLMN
12.57,12.57,12.57,12.57,716111,2021-09-15 20:00:00,HLMN
12.5,12.55,12.04,12.04,9339,2021-09-16 13:30:00,HLMN
12.53,12.54,12.19,12.19,1068,2021-09-16 13:31:00,HLMN
12.5,12.54,12.375,12.45,7818,2021-09-16 13:32:00,HLMN
12.5,12.5,12.5,12.5,729,2021-09-16 13:33:00,HLMN
12.5,12.53,12.5,12.5,2144,2021-09-16 13:34:00,HLMN
12.5,12.505,12.5,12.505,790,2021-09-16 13:35:00,HLMN
12.505,12.505,12.49,12.505,1380,2021-09-16 13:36:00,HLMN
12.48,12.48,12.425,12.44,4798,2021-09-16 13:37:00,HLMN
12.44,12.49,12.44,12.49,1196,2021-09-16 13:38:00,HLMN
12.5,12.54,12.5,12.525,4407,2021-09-16 13:41:00,HLMN
12.525,12.525,12.5,12.52,5850,2021-09-16 13:42:00,HLMN
12.54,12.54,12.54,12.54,700,2021-09-16 13:43:00,HLMN
12.54,12.54,12.54,12.54,200,2021-09-16 13:44:00,HLMN
12.57,12.61,12.57,12.61,1234,2021-09-16 13:45:00,HLMN
12.61,12.63,12.595,12.595,600,2021-09-16 13:46:00,HLMN
12.61,12.65,12.61,12.65,1356,2021-09-16 13:47:00,HLMN
12.66,12.66,12.63,12.64,4427,2021-09-16 13:48:00,HLMN
12.66,12.67,12.66,12.66,800,2021-09-16 13:50:00,HLMN
12.675,12.68,12.665,12.68,400,2021-09-16 13:51:00,HLMN
12.68,12.71,12.68,12.71,3525,2021-09-16 13:52:00,HLMN
12.71,12.72,12.67,12.68,6696,2021-09-16 13:53:00,HLMN
12.69,12.69,12.655,12.655,1273,2021-09-16 13:54:00,HLMN
12.67,12.7,12.67,12.7,2900,2021-09-16 13:55:00,HLMN
12.7,12.71,12.7,12.7,2917,2021-09-16 13:56:00,HLMN
12.71,12.71,12.69,12.7,5310,2021-09-16 13:57:00,HLMN
12.685,12.685,12.66,12.66,600,2021-09-16 13:58:00,HLMN
12.68,12.7,12.665,12.7,2852,2021-09-16 13:59:00,HLMN
12.7,12.72,12.7,12.72,3393,2021-09-16 14:00:00,HLMN
12.72,12.81,12.72,12.81,4573,2021-09-16 14:01:00,HLMN
12.78,12.8,12.78,12.78,2000,2021-09-16 14:02:00,HLMN
12.8,12.8,12.75,12.75,6389,2021-09-16 14:03:00,HLMN
12.76,12.79,12.72,12.72,7013,2021-09-16 14:04:00,HLMN
12.72,12.74,12.72,12.74,1336,2021-09-16 14:05:00,HLMN
12.75,12.76,12.71,12.73,13576,2021-09-16 14:06:00,HLMN
12.73,12.74,12.73,12.735,1320,2021-09-16 14:07:00,HLMN
12.74,12.77,12.74,12.765,10636,2021-09-16 14:08:00,HLMN
12.77,12.77,12.76,12.765,2758,2021-09-16 14:09:00,HLMN
12.765,12.765,12.755,12.76,2307,2021-09-16 14:10:00,HLMN
12.77,12.77,12.755,12.755,1811,2021-09-16 14:11:00,HLMN
12.76,12.76,12.76,12.76,500,2021-09-16 14:12:00,HLMN
12.76,12.77,12.76,12.76,600,2021-09-16 14:13:00,HLMN
12.77,12.77,12.76,12.77,800,2021-09-16 14:14:00,HLMN
12.77,12.77,12.72,12.735,5944,2021-09-16 14:15:00,HLMN
12.72,12.73,12.72,12.72,400,2021-09-16 14:16:00,HLMN
12.73,12.73,12.65,12.65,2278,2021-09-16 14:17:00,HLMN
12.655,12.67,12.64,12.67,3342,2021-09-16 14:18:00,HLMN
12.665,12.665,12.64,12.64,3768,2021-09-16 14:19:00,HLMN
12.65,12.665,12.65,12.665,1617,2021-09-16 14:20:00,HLMN
12.67,12.68,12.66,12.68,2100,2021-09-16 14:21:00,HLMN
12.68,12.7,12.68,12.7,2036,2021-09-16 14:22:00,HLMN
12.69,12.72,12.69,12.72,1552,2021-09-16 14:23:00,HLMN
12.7,12.73,12.7,12.715,6274,2021-09-16 14:24:00,HLMN
12.72,12.73,12.715,12.72,1470,2021-09-16 14:25:00,HLMN
12.73,12.74,12.72,12.74,4934,2021-09-16 14:26:00,HLMN
12.74,12.75,12.74,12.75,711,2021-09-16 14:27:00,HLMN
12.75,12.75,12.74,12.75,1100,2021-09-16 14:28:00,HLMN
12.74,12.75,12.74,12.74,1200,2021-09-16 14:29:00,HLMN
12.75,12.75,12.74,12.75,700,2021-09-16 14:30:00,HLMN
12.75,12.75,12.71,12.735,6037,2021-09-16 14:31:00,HLMN
12.74,12.74,12.735,12.735,400,2021-09-16 14:32:00,HLMN
12.74,12.74,12.71,12.715,5329,2021-09-16 14:33:00,HLMN
12.71,12.715,12.64,12.65,7241,2021-09-16 14:34:00,HLMN
12.65,12.66,12.65,12.66,1200,2021-09-16 14:35:00,HLMN
12.65,12.66,12.64,12.66,3351,2021-09-16 14:36:00,HLMN
12.66,12.66,12.66,12.66,1427,2021-09-16 14:37:00,HLMN
12.66,12.68,12.66,12.68,3498,2021-09-16 14:38:00,HLMN
12.68,12.7,12.67,12.67,5666,2021-09-16 14:39:00,HLMN
12.68,12.69,12.67,12.68,1300,2021-09-16 14:40:00,HLMN
12.69,12.69,12.68,12.68,800,2021-09-16 14:41:00,HLMN
12.68,12.69,12.68,12.69,2900,2021-09-16 14:42:00,HLMN
12.69,12.69,12.67,12.67,5560,2021-09-16 14:44:00,HLMN
12.66,12.66,12.62,12.62,1800,2021-09-16 14:45:00,HLMN
12.62,12.625,12.58,12.58,3059,2021-09-16 14:46:00,HLMN
12.58,12.585,12.57,12.57,1000,2021-09-16 14:47:00,HLMN
12.57,12.61,12.57,12.59,10099,2021-09-16 14:48:00,HLMN
12.6,12.6,12.52,12.53,7929,2021-09-16 14:49:00,HLMN
12.53,12.53,12.48,12.48,5835,2021-09-16 14:50:00,HLMN
12.47,12.49,12.43,12.445,21210,2021-09-16 14:51:00,HLMN
12.44,12.48,12.43,12.445,23255,2021-09-16 14:52:00,HLMN
12.44,12.445,12.32,12.35,90753,2021-09-16 14:53:00,HLMN
12.35,12.39,12.345,12.37,13096,2021-09-16 14:54:00,HLMN
12.37,12.38,12.37,12.37,29500,2021-09-16 14:55:00,HLMN
12.38,12.4,12.38,12.4,4541,2021-09-16 14:56:00,HLMN
12.4,12.4,12.37,12.38,58698,2021-09-16 14:57:00,HLMN
12.39,12.42,12.39,12.42,25780,2021-09-16 14:58:00,HLMN
12.42,12.42,12.36,12.36,3594,2021-09-16 14:59:00,HLMN
12.36,12.4,12.36,12.39,5100,2021-09-16 15:00:00,HLMN
12.38,12.38,12.36,12.38,42814,2021-09-16 15:01:00,HLMN
12.375,12.41,12.375,12.41,62886,2021-09-16 15:02:00,HLMN
12.4025,12.41,12.35,12.395,23437,2021-09-16 15:03:00,HLMN
12.4,12.45,12.4,12.44,13935,2021-09-16 15:04:00,HLMN
12.44,12.44,12.385,12.385,5877,2021-09-16 15:05:00,HLMN
12.4,12.43,12.4,12.425,14041,2021-09-16 15:06:00,HLMN
12.425,12.425,12.42,12.425,56535,2021-09-16 15:07:00,HLMN
12.425,12.45,12.425,12.45,5360,2021-09-16 15:08:00,HLMN
12.45,12.45,12.415,12.415,4278,2021-09-16 15:09:00,HLMN
12.42,12.44,12.42,12.42,9201,2021-09-16 15:10:00,HLMN
12.425,12.43,12.4,12.42,6500,2021-09-16 15:11:00,HLMN
12.42,12.42,12.42,12.42,200,2021-09-16 15:12:00,HLMN
12.42,12.42,12.4,12.41,1000,2021-09-16 15:13:00,HLMN
12.41,12.42,12.355,12.355,5917,2021-09-16 15:14:00,HLMN
12.32,12.38,12.32,12.38,4450,2021-09-16 15:15:00,HLMN
12.38,12.405,12.3797,12.39,3583,2021-09-16 15:16:00,HLMN
12.39,12.4,12.38,12.4,2224,2021-09-16 15:17:00,HLMN
12.4,12.4,12.4,12.4,593,2021-09-16 15:18:00,HLMN
12.4,12.42,12.4,12.415,1200,2021-09-16 15:19:00,HLMN
12.415,12.42,12.405,12.405,7780,2021-09-16 15:20:00,HLMN
12.41,12.415,12.41,12.415,989,2021-09-16 15:21:00,HLMN
12.415,12.42,12.37,12.37,5451,2021-09-16 15:22:00,HLMN
12.37,12.39,12.37,12.38,3958,2021-09-16 15:23:00,HLMN
12.385,12.4,12.385,12.4,3753,2021-09-16 15:24:00,HLMN
12.4,12.4,12.4,12.4,700,2021-09-16 15:25:00,HLMN
12.4,12.415,12.4,12.4,5741,2021-09-16 15:26:00,HLMN
12.4,12.41,12.4,12.4,4650,2021-09-16 15:27:00,HLMN
12.4,12.4,12.385,12.385,1663,2021-09-16 15:28:00,HLMN
12.385,12.4,12.38,12.4,4274,2021-09-16 15:29:00,HLMN
12.4,12.4,12.4,12.4,500,2021-09-16 15:30:00,HLMN
12.4,12.41,12.4,12.4,53679,2021-09-16 15:31:00,HLMN
12.41,12.43,12.41,12.43,2106,2021-09-16 15:32:00,HLMN
12.425,12.435,12.4002,12.4006,8549,2021-09-16 15:33:00,HLMN
12.4,12.41,12.4,12.41,1500,2021-09-16 15:34:00,HLMN
12.42,12.431,12.42,12.431,1496,2021-09-16 15:35:00,HLMN
12.435,12.435,12.4,12.405,1865,2021-09-16 15:36:00,HLMN
12.41,12.42,12.41,12.42,1500,2021-09-16 15:37:00,HLMN
12.42,12.425,12.42,12.425,1000,2021-09-16 15:38:00,HLMN
12.4286,12.44,12.4286,12.435,1400,2021-09-16 15:39:00,HLMN
12.435,12.46,12.435,12.445,10485,2021-09-16 15:40:00,HLMN
12.445,12.45,12.445,12.445,3800,2021-09-16 15:41:00,HLMN
12.44,12.44,12.4,12.41,5792,2021-09-16 15:42:00,HLMN
12.405,12.4299,12.405,12.425,5200,2021-09-16 15:43:00,HLMN
12.425,12.425,12.4102,12.415,2000,2021-09-16 15:44:00,HLMN
12.405,12.405,12.4,12.405,1700,2021-09-16 15:45:00,HLMN
12.405,12.405,12.37,12.38,7173,2021-09-16 15:46:00,HLMN
12.38,12.395,12.38,12.39,1100,2021-09-16 15:47:00,HLMN
12.4,12.41,12.395,12.4,4300,2021-09-16 15:48:00,HLMN
12.4,12.405,12.4,12.405,1400,2021-09-16 15:49:00,HLMN
12.405,12.405,12.38,12.4,8255,2021-09-16 15:50:00,HLMN
12.4,12.4025,12.4,12.4,2500,2021-09-16 15:51:00,HLMN
12.39,12.4,12.39,12.4,2188,2021-09-16 15:52:00,HLMN
12.4,12.4025,12.38,12.38,7808,2021-09-16 15:53:00,HLMN
12.38,12.385,12.35,12.35,9563,2021-09-16 15:54:00,HLMN
12.355,12.375,12.3502,12.375,4800,2021-09-16 15:55:00,HLMN
12.37,12.37,12.365,12.365,1100,2021-09-16 15:56:00,HLMN
12.37,12.4,12.37,12.4,3600,2021-09-16 15:58:00,HLMN
12.41,12.42,12.4,12.42,1937,2021-09-16 15:59:00,HLMN
12.43,12.445,12.37,12.38,15960,2021-09-16 16:00:00,HLMN
12.39,12.39,12.37,12.37,3711,2021-09-16 16:01:00,HLMN
12.37,12.39,12.37,12.39,3333,2021-09-16 16:02:00,HLMN
12.39,12.395,12.38,12.38,3264,2021-09-16 16:03:00,HLMN
12.37,12.39,12.37,12.39,3359,2021-09-16 16:04:00,HLMN
12.385,12.4,12.385,12.4,2901,2021-09-16 16:05:00,HLMN
12.4,12.4,12.4,12.4,1246,2021-09-16 16:06:00,HLMN
12.4,12.4025,12.4,12.4,2411,2021-09-16 16:07:00,HLMN
12.4,12.405,12.4,12.405,1100,2021-09-16 16:08:00,HLMN
12.41,12.43,12.41,12.43,1435,2021-09-16 16:09:00,HLMN
12.43,12.43,12.43,12.43,910,2021-09-16 16:10:00,HLMN
12.435,12.46,12.435,12.45,2882,2021-09-16 16:11:00,HLMN
12.45,12.46,12.445,12.46,1450,2021-09-16 16:12:00,HLMN
12.46,12.47,12.4102,12.415,12206,2021-09-16 16:13:00,HLMN
12.42,12.43,12.42,12.43,1700,2021-09-16 16:14:00,HLMN
12.43,12.435,12.43,12.43,3500,2021-09-16 16:15:00,HLMN
12.43,12.445,12.4202,12.43,5041,2021-09-16 16:16:00,HLMN
12.425,12.425,12.425,12.425,200,2021-09-16 16:17:00,HLMN
12.43,12.45,12.43,12.45,3264,2021-09-16 16:18:00,HLMN
12.45,12.451,12.44,12.451,1300,2021-09-16 16:19:00,HLMN
12.455,12.47,12.455,12.47,400,2021-09-16 16:20:00,HLMN
12.46,12.47,12.4501,12.47,7348,2021-09-16 16:21:00,HLMN
12.47,12.49,12.47,12.49,1000,2021-09-16 16:22:00,HLMN
12.49,12.53,12.49,12.53,3322,2021-09-16 16:23:00,HLMN
12.525,12.54,12.51,12.51,8138,2021-09-16 16:24:00,HLMN
12.49,12.54,12.49,12.535,3393,2021-09-16 16:25:00,HLMN
12.54,12.54,12.53,12.53,2261,2021-09-16 16:26:00,HLMN
12.52,12.52,12.515,12.52,1800,2021-09-16 16:27:00,HLMN
12.52,12.53,12.52,12.53,1100,2021-09-16 16:28:00,HLMN
12.53,12.53,12.5125,12.5125,4858,2021-09-16 16:29:00,HLMN
12.515,12.52,12.515,12.515,500,2021-09-16 16:30:00,HLMN
12.515,12.52,12.51,12.515,1900,2021-09-16 16:31:00,HLMN
12.515,12.515,12.5125,12.5125,440,2021-09-16 16:32:00,HLMN
12.51,12.52,12.5,12.5,3882,2021-09-16 16:33:00,HLMN
12.495,12.505,12.49,12.505,4351,2021-09-16 16:34:00,HLMN
12.505,12.505,12.5,12.5025,600,2021-09-16 16:35:00,HLMN
12.5,12.51,12.5,12.51,4390,2021-09-16 16:36:00,HLMN
12.51,12.51,12.48,12.48,4579,2021-09-16 16:37:00,HLMN
12.485,12.49,12.485,12.49,540,2021-09-16 16:38:00,HLMN
12.5,12.5,12.48,12.48,2300,2021-09-16 16:39:00,HLMN
12.48,12.4825,12.44,12.47,9678,2021-09-16 16:40:00,HLMN
12.47,12.47,12.47,12.47,1974,2021-09-16 16:41:00,HLMN
12.48,12.48,12.47,12.47,5947,2021-09-16 16:42:00,HLMN
12.48,12.48,12.46,12.46,2588,2021-09-16 16:43:00,HLMN
12.465,12.47,12.455,12.465,8916,2021-09-16 16:44:00,HLMN
12.47,12.51,12.47,12.51,3202,2021-09-16 16:45:00,HLMN
12.51,12.52,12.5,12.52,2112,2021-09-16 16:46:00,HLMN
12.52,12.535,12.52,12.525,3653,2021-09-16 16:47:00,HLMN
12.53,12.535,12.52,12.525,3502,2021-09-16 16:48:00,HLMN
12.52,12.525,12.52,12.525,391,2021-09-16 16:49:00,HLMN
12.525,12.53,12.515,12.515,2627,2021-09-16 16:50:00,HLMN
12.515,12.52,12.515,12.52,400,2021-09-16 16:51:00,HLMN
12.515,12.52,12.51,12.52,1300,2021-09-16 16:52:00,HLMN
12.52,12.52,12.515,12.515,400,2021-09-16 16:53:00,HLMN
12.52,12.535,12.52,12.52,6180,2021-09-16 16:54:00,HLMN
12.53,12.53,12.5201,12.5201,2905,2021-09-16 16:55:00,HLMN
12.54,12.545,12.525,12.53,3148,2021-09-16 16:56:00,HLMN
12.54,12.54,12.54,12.54,500,2021-09-16 16:57:00,HLMN
12.54,12.55,12.54,12.55,1816,2021-09-16 16:58:00,HLMN
12.545,12.55,12.535,12.55,2163,2021-09-16 16:59:00,HLMN
12.54,12.58,12.54,12.58,2911,2021-09-16 17:00:00,HLMN
12.575,12.6,12.575,12.6,1098,2021-09-16 17:01:00,HLMN
12.595,12.595,12.59,12.595,3144,2021-09-16 17:02:00,HLMN
12.595,12.6,12.595,12.6,1171,2021-09-16 17:03:00,HLMN
12.6,12.605,12.585,12.585,6260,2021-09-16 17:04:00,HLMN
12.585,12.585,12.57,12.57,1760,2021-09-16 17:05:00,HLMN
12.565,12.595,12.56,12.59,5804,2021-09-16 17:06:00,HLMN
12.585,12.59,12.585,12.59,400,2021-09-16 17:07:00,HLMN
12.59,12.6,12.59,12.6,3145,2021-09-16 17:08:00,HLMN
12.595,12.595,12.57,12.58,4816,2021-09-16 17:09:00,HLMN
12.575,12.58,12.57,12.57,1819,2021-09-16 17:10:00,HLMN
12.575,12.575,12.565,12.565,1623,2021-09-16 17:11:00,HLMN
12.565,12.565,12.52,12.53,7137,2021-09-16 17:12:00,HLMN
12.53,12.54,12.52,12.52,1800,2021-09-16 17:13:00,HLMN
12.52,12.52,12.5,12.5,36492,2021-09-16 17:14:00,HLMN
12.51,12.53,12.51,12.53,3935,2021-09-16 17:15:00,HLMN
12.53,12.53,12.525,12.53,20441,2021-09-16 17:16:00,HLMN
12.535,12.535,12.53,12.535,51608,2021-09-16 17:17:00,HLMN
12.535,12.535,12.48,12.48,11187,2021-09-16 17:18:00,HLMN
12.485,12.505,12.4801,12.5,17476,2021-09-16 17:19:00,HLMN
12.5,12.53,12.5,12.53,7951,2021-09-16 17:20:00,HLMN
12.53,12.535,12.51,12.525,3500,2021-09-16 17:21:00,HLMN
12.5225,12.525,12.5225,12.525,500,2021-09-16 17:22:00,HLMN
12.52,12.53,12.52,12.53,12600,2021-09-16 17:23:00,HLMN
12.54,12.54,12.53,12.53,900,2021-09-16 17:24:00,HLMN
12.53,12.54,12.53,12.535,400,2021-09-16 17:25:00,HLMN
12.54,12.57,12.53,12.57,6242,2021-09-16 17:26:00,HLMN
12.575,12.585,12.555,12.555,6471,2021-09-16 17:27:00,HLMN
12.555,12.565,12.55,12.55,2948,2021-09-16 17:28:00,HLMN
12.54,12.555,12.54,12.555,3300,2021-09-16 17:30:00,HLMN
12.555,12.555,12.55,12.555,2416,2021-09-16 17:31:00,HLMN
12.555,12.555,12.53,12.53,4065,2021-09-16 17:32:00,HLMN
12.54,12.55,12.54,12.55,3025,2021-09-16 17:33:00,HLMN
12.55,12.555,12.52,12.53,8093,2021-09-16 17:34:00,HLMN
12.53,12.55,12.53,12.55,3000,2021-09-16 17:35:00,HLMN
12.54,12.545,12.53,12.535,2600,2021-09-16 17:36:00,HLMN
12.54,12.54,12.53,12.54,1500,2021-09-16 17:37:00,HLMN
12.535,12.54,12.5301,12.54,1200,2021-09-16 17:38:00,HLMN
12.54,12.54,12.52,12.53,6960,2021-09-16 17:39:00,HLMN
12.535,12.545,12.53,12.545,3000,2021-09-16 17:40:00,HLMN
12.545,12.545,12.545,12.545,200,2021-09-16 17:41:00,HLMN
12.55,12.555,12.55,12.55,2124,2021-09-16 17:42:00,HLMN
12.55,12.56,12.55,12.555,4147,2021-09-16 17:43:00,HLMN
12.55,12.55,12.535,12.535,7721,2021-09-16 17:44:00,HLMN
12.535,12.54,12.535,12.54,800,2021-09-16 17:45:00,HLMN
12.54,12.55,12.54,12.55,4337,2021-09-16 17:46:00,HLMN
12.545,12.545,12.54,12.545,4369,2021-09-16 17:47:00,HLMN
12.545,12.545,12.53,12.53,3628,2021-09-16 17:48:00,HLMN
12.52,12.53,12.52,12.53,4343,2021-09-16 17:49:00,HLMN
12.535,12.54,12.52,12.52,8126,2021-09-16 17:50:00,HLMN
12.53,12.53,12.49,12.5,5048,2021-09-16 17:51:00,HLMN
12.495,12.53,12.495,12.525,2575,2021-09-16 17:52:00,HLMN
12.53,12.55,12.53,12.55,2400,2021-09-16 17:53:00,HLMN
12.545,12.545,12.54,12.545,800,2021-09-16 17:54:00,HLMN
12.545,12.55,12.52,12.52,7899,2021-09-16 17:55:00,HLMN
12.52,12.53,12.51,12.53,2270,2021-09-16 17:56:00,HLMN
12.53,12.53,12.525,12.53,700,2021-09-16 17:57:00,HLMN
12.53,12.59,12.53,12.56,10790,2021-09-16 17:58:00,HLMN
12.56,12.58,12.56,12.56,4955,2021-09-16 17:59:00,HLMN
12.54,12.55,12.54,12.55,4111,2021-09-16 18:00:00,HLMN
12.55,12.57,12.55,12.55,3426,2021-09-16 18:01:00,HLMN
12.55,12.55,12.545,12.545,2100,2021-09-16 18:03:00,HLMN
12.55,12.55,12.54,12.54,2530,2021-09-16 18:04:00,HLMN
12.54,12.54,12.53,12.535,700,2021-09-16 18:05:00,HLMN
12.54,12.54,12.53,12.54,1400,2021-09-16 18:06:00,HLMN
12.53,12.545,12.53,12.545,5257,2021-09-16 18:07:00,HLMN
12.5425,12.545,12.54,12.54,1300,2021-09-16 18:08:00,HLMN
12.53,12.53,12.51,12.52,3432,2021-09-16 18:09:00,HLMN
12.53,12.545,12.53,12.5425,2780,2021-09-16 18:10:00,HLMN
12.54,12.54,12.535,12.535,900,2021-09-16 18:11:00,HLMN
12.54,12.54,12.54,12.54,2065,2021-09-16 18:12:00,HLMN
12.53,12.535,12.53,12.53,1396,2021-09-16 18:13:00,HLMN
12.53,12.53,12.53,12.53,600,2021-09-16 18:14:00,HLMN
12.53,12.53,12.51,12.51,6250,2021-09-16 18:15:00,HLMN
12.52,12.52,12.51,12.515,52600,2021-09-16 18:16:00,HLMN
12.515,12.515,12.51,12.515,2600,2021-09-16 18:17:00,HLMN
12.515,12.52,12.46,12.47,19028,2021-09-16 18:18:00,HLMN
12.47,12.5,12.46,12.5,7287,2021-09-16 18:19:00,HLMN
12.5,12.5,12.495,12.495,2000,2021-09-16 18:20:00,HLMN
12.49,12.495,12.49,12.495,500,2021-09-16 18:21:00,HLMN
12.5,12.5,12.49,12.49,600,2021-09-16 18:22:00,HLMN
12.5,12.505,12.495,12.5,13011,2021-09-16 18:23:00,HLMN
12.495,12.505,12.495,12.5,8412,2021-09-16 18:24:00,HLMN
12.5,12.5,12.48,12.485,3479,2021-09-16 18:25:00,HLMN
12.48,12.485,12.45,12.45,4191,2021-09-16 18:26:00,HLMN
12.455,12.46,12.4497,12.45,4911,2021-09-16 18:27:00,HLMN
12.46,12.465,12.46,12.465,3182,2021-09-16 18:28:00,HLMN
12.46,12.46,12.46,12.46,586,2021-09-16 18:29:00,HLMN
12.455,12.47,12.455,12.47,3018,2021-09-16 18:30:00,HLMN
12.48,12.48,12.47,12.47,1100,2021-09-16 18:31:00,HLMN
12.48,12.49,12.47,12.49,3027,2021-09-16 18:32:00,HLMN
12.495,12.495,12.49,12.495,900,2021-09-16 18:33:00,HLMN
12.495,12.5,12.495,12.5,600,2021-09-16 18:34:00,HLMN
12.495,12.51,12.495,12.495,4851,2021-09-16 18:35:00,HLMN
12.495,12.495,12.485,12.485,2417,2021-09-16 18:36:00,HLMN
12.485,12.485,12.48,12.48,1600,2021-09-16 18:37:00,HLMN
12.48,12.48,12.46,12.47,2644,2021-09-16 18:38:00,HLMN
12.47,12.47,12.46,12.46,800,2021-09-16 18:39:00,HLMN
12.46,12.47,12.45,12.45,2458,2021-09-16 18:40:00,HLMN
12.45,12.47,12.45,12.47,5396,2021-09-16 18:41:00,HLMN
12.47,12.47,12.465,12.465,600,2021-09-16 18:42:00,HLMN
12.47,12.47,12.465,12.465,1200,2021-09-16 18:43:00,HLMN
12.47,12.47,12.465,12.47,1800,2021-09-16 18:44:00,HLMN
12.47,12.48,12.47,12.475,3314,2021-09-16 18:45:00,HLMN
12.48,12.48,12.475,12.48,1792,2021-09-16 18:46:00,HLMN
12.475,12.48,12.475,12.475,1300,2021-09-16 18:47:00,HLMN
12.475,12.475,12.45,12.45,4205,2021-09-16 18:48:00,HLMN
12.45,12.455,12.42,12.425,3121,2021-09-16 18:49:00,HLMN
12.425,12.44,12.4,12.44,13564,2021-09-16 18:50:00,HLMN
12.45,12.45,12.45,12.45,1100,2021-09-16 18:51:00,HLMN
12.45,12.46,12.45,12.46,500,2021-09-16 18:52:00,HLMN
12.45,12.46,12.45,12.46,1205,2021-09-16 18:53:00,HLMN
12.44,12.46,12.44,12.45,1500,2021-09-16 18:54:00,HLMN
12.45,12.46,12.44,12.44,600,2021-09-16 18:55:00,HLMN
12.46,12.46,12.44,12.45,2000,2021-09-16 18:56:00,HLMN
12.45,12.47,12.45,12.47,4319,2021-09-16 18:57:00,HLMN
12.47,12.48,12.46,12.475,5892,2021-09-16 18:58:00,HLMN
12.47,12.47,12.44,12.4425,4703,2021-09-16 18:59:00,HLMN
12.445,12.45,12.445,12.445,500,2021-09-16 19:00:00,HLMN
12.45,12.45,12.44,12.44,1500,2021-09-16 19:01:00,HLMN
12.45,12.45,12.44,12.44,3836,2021-09-16 19:02:00,HLMN
12.44,12.45,12.44,12.44,1500,2021-09-16 19:03:00,HLMN
12.445,12.445,12.43,12.43,3627,2021-09-16 19:04:00,HLMN
12.425,12.435,12.425,12.435,7148,2021-09-16 19:05:00,HLMN
12.435,12.44,12.435,12.435,2600,2021-09-16 19:06:00,HLMN
12.435,12.455,12.435,12.455,7189,2021-09-16 19:07:00,HLMN
12.455,12.455,12.455,12.455,2100,2021-09-16 19:08:00,HLMN
12.455,12.455,12.42,12.42,5877,2021-09-16 19:09:00,HLMN
12.425,12.44,12.425,12.425,3932,2021-09-16 19:10:00,HLMN
12.425,12.43,12.41,12.41,4076,2021-09-16 19:11:00,HLMN
12.41,12.45,12.41,12.445,6641,2021-09-16 19:12:00,HLMN
12.45,12.49,12.45,12.485,4711,2021-09-16 19:13:00,HLMN
12.485,12.49,12.485,12.49,2366,2021-09-16 19:14:00,HLMN
12.48,12.56,12.48,12.56,87373,2021-09-16 19:15:00,HLMN
12.56,12.56,12.5,12.51,7590,2021-09-16 19:16:00,HLMN
12.51,12.52,12.48,12.49,108890,2021-09-16 19:17:00,HLMN
12.495,12.5,12.49,12.49,12574,2021-09-16 19:18:00,HLMN
12.49,12.5,12.475,12.475,3640,2021-09-16 19:19:00,HLMN
12.475,12.49,12.45,12.475,44240,2021-09-16 19:20:00,HLMN
12.48,12.515,12.48,12.49,113351,2021-09-16 19:21:00,HLMN
12.48,12.4999,12.47,12.485,339799,2021-09-16 19:22:00,HLMN
12.47,12.4899,12.47,12.48,11620,2021-09-16 19:23:00,HLMN
12.48,12.48,12.47,12.48,4100,2021-09-16 19:24:00,HLMN
12.475,12.475,12.45,12.45,7432,2021-09-16 19:25:00,HLMN
12.445,12.47,12.44,12.465,7496,2021-09-16 19:26:00,HLMN
12.47,12.5,12.47,12.5,5692,2021-09-16 19:27:00,HLMN
12.495,12.495,12.48,12.48,3955,2021-09-16 19:28:00,HLMN
12.485,12.485,12.465,12.465,3788,2021-09-16 19:29:00,HLMN
12.465,12.47,12.46,12.47,1900,2021-09-16 19:30:00,HLMN
12.465,12.465,12.4425,12.4425,5448,2021-09-16 19:31:00,HLMN
12.445,12.445,12.44,12.445,2900,2021-09-16 19:32:00,HLMN
12.445,12.45,12.44,12.44,2100,2021-09-16 19:33:00,HLMN
12.44,12.46,12.44,12.455,8650,2021-09-16 19:34:00,HLMN
12.445,12.46,12.445,12.455,4897,2021-09-16 19:35:00,HLMN
12.455,12.46,12.45,12.45,3861,2021-09-16 19:36:00,HLMN
12.45,12.46,12.45,12.45,8899,2021-09-16 19:37:00,HLMN
12.45,12.455,12.44,12.44,4937,2021-09-16 19:38:00,HLMN
12.44,12.45,12.44,12.44,5849,2021-09-16 19:39:00,HLMN
12.44,12.45,12.44,12.445,3295,2021-09-16 19:40:00,HLMN
12.445,12.45,12.44,12.44,3400,2021-09-16 19:41:00,HLMN
12.445,12.47,12.44,12.47,30834,2021-09-16 19:42:00,HLMN
12.47,12.48,12.465,12.48,4966,2021-09-16 19:43:00,HLMN
12.47,12.48,12.47,12.48,4603,2021-09-16 19:44:00,HLMN
12.48,12.495,12.48,12.49,8106,2021-09-16 19:45:00,HLMN
12.5,12.52,12.495,12.52,7277,2021-09-16 19:46:00,HLMN
12.52,12.53,12.52,12.53,4113,2021-09-16 19:47:00,HLMN
12.53,12.53,12.51,12.52,11373,2021-09-16 19:48:00,HLMN
12.515,12.52,12.515,12.52,2400,2021-09-16 19:49:00,HLMN
12.52,12.52,12.455,12.46,17911,2021-09-16 19:50:00,HLMN
12.46,12.49,12.45,12.485,17661,2021-09-16 19:51:00,HLMN
12.49,12.52,12.485,12.515,8085,2021-09-16 19:52:00,HLMN
12.52,12.53,12.515,12.52,4873,2021-09-16 19:53:00,HLMN
12.52,12.525,12.48,12.485,21459,2021-09-16 19:54:00,HLMN
12.48,12.48,12.415,12.415,31482,2021-09-16 19:55:00,HLMN
12.41,12.45,12.41,12.42,25116,2021-09-16 19:56:00,HLMN
12.425,12.45,12.41,12.42,25050,2021-09-16 19:57:00,HLMN
12.42,12.42,12.41,12.415,21969,2021-09-16 19:58:00,HLMN
12.42,12.42,12.39,12.4,51398,2021-09-16 19:59:00,HLMN
12.4,12.4,12.39,12.39,696709,2021-09-16 20:00:00,HLMN
12.44,12.44,12.36,12.36,12008,2021-09-17 13:30:00,HLMN
12.375,12.41,12.37,12.4,1600,2021-09-17 13:31:00,HLMN
12.4,12.4,12.4,12.4,500,2021-09-17 13:32:00,HLMN
12.4,12.4,12.4,12.4,300,2021-09-17 13:33:00,HLMN
12.39,12.41,12.39,12.41,1985,2021-09-17 13:34:00,HLMN
12.4,12.41,12.4,12.41,1100,2021-09-17 13:35:00,HLMN
12.405,12.405,12.37,12.37,1020,2021-09-17 13:36:00,HLMN
12.37,12.4,12.36,12.4,3150,2021-09-17 13:37:00,HLMN
12.4,12.4025,12.4,12.4,900,2021-09-17 13:38:00,HLMN
12.415,12.415,12.415,12.415,200,2021-09-17 13:39:00,HLMN
12.42,12.42,12.39,12.39,1600,2021-09-17 13:40:00,HLMN
12.405,12.405,12.405,12.405,100,2021-09-17 13:41:00,HLMN
12.41,12.43,12.4,12.4,2409,2021-09-17 13:42:00,HLMN
12.405,12.43,12.405,12.41,2309,2021-09-17 13:43:00,HLMN
12.41,12.41,12.375,12.375,2300,2021-09-17 13:44:00,HLMN
12.39,12.39,12.39,12.39,100,2021-09-17 13:45:00,HLMN
12.4,12.4,12.395,12.395,1118,2021-09-17 13:47:00,HLMN
12.3876,12.405,12.37,12.37,4609,2021-09-17 13:48:00,HLMN
12.385,12.385,12.37,12.37,374,2021-09-17 13:49:00,HLMN
12.38,12.39,12.38,12.39,200,2021-09-17 13:50:00,HLMN
12.39,12.39,12.37,12.38,1511,2021-09-17 13:51:00,HLMN
12.38,12.385,12.38,12.38,1700,2021-09-17 13:52:00,HLMN
12.39,12.39,12.37,12.39,900,2021-09-17 13:53:00,HLMN
12.39,12.4,12.39,12.4,1884,2021-09-17 13:54:00,HLMN
12.4,12.4,12.38,12.38,9091,2021-09-17 13:55:00,HLMN
12.38,12.38,12.38,12.38,100,2021-09-17 13:56:00,HLMN
12.37,12.375,12.28,12.28,12862,2021-09-17 13:57:00,HLMN
12.28,12.34,12.28,12.3,11589,2021-09-17 13:58:00,HLMN
12.29,12.3,12.25,12.26,3100,2021-09-17 13:59:00,HLMN
12.255,12.265,12.21,12.23,10350,2021-09-17 14:00:00,HLMN
12.26,12.29,12.26,12.29,900,2021-09-17 14:01:00,HLMN
12.29,12.32,12.29,12.31,4000,2021-09-17 14:02:00,HLMN
12.31,12.32,12.31,12.315,3100,2021-09-17 14:03:00,HLMN
12.315,12.32,12.3,12.305,3300,2021-09-17 14:04:00,HLMN
12.31,12.31,12.31,12.31,900,2021-09-17 14:05:00,HLMN
12.31,12.31,12.31,12.31,600,2021-09-17 14:06:00,HLMN
12.31,12.3125,12.295,12.3,5499,2021-09-17 14:07:00,HLMN
12.31,12.31,12.29,12.29,10099,2021-09-17 14:08:00,HLMN
12.2975,12.3,12.29,12.29,6282,2021-09-17 14:09:00,HLMN
12.29,12.29,12.28,12.285,3109,2021-09-17 14:10:00,HLMN
12.28,12.28,12.275,12.28,1096,2021-09-17 14:11:00,HLMN
12.27,12.29,12.26,12.285,8337,2021-09-17 14:12:00,HLMN
12.28,12.285,12.26,12.27,700,2021-09-17 14:13:00,HLMN
12.26,12.27,12.255,12.27,2800,2021-09-17 14:14:00,HLMN
12.265,12.265,12.265,12.265,500,2021-09-17 14:15:00,HLMN
12.27,12.27,12.245,12.245,1413,2021-09-17 14:16:00,HLMN
12.25,12.26,12.25,12.25,3300,2021-09-17 14:17:00,HLMN
12.24,12.245,12.23,12.235,2097,2021-09-17 14:18:00,HLMN
12.24,12.245,12.23,12.24,1900,2021-09-17 14:19:00,HLMN
12.24,12.245,12.24,12.245,900,2021-09-17 14:20:00,HLMN
12.25,12.25,12.245,12.25,1000,2021-09-17 14:21:00,HLMN
12.24,12.245,12.2,12.22,5735,2021-09-17 14:22:00,HLMN
12.22,12.22,12.205,12.21,4405,2021-09-17 14:23:00,HLMN
12.21,12.21,12.18,12.185,2600,2021-09-17 14:24:00,HLMN
12.185,12.19,12.185,12.185,1100,2021-09-17 14:25:00,HLMN
12.18,12.19,12.15,12.15,7980,2021-09-17 14:26:00,HLMN
12.13,12.14,12.12,12.125,24303,2021-09-17 14:27:00,HLMN
12.125,12.125,12.11,12.11,1400,2021-09-17 14:28:00,HLMN
12.1,12.1,12.04,12.07,6820,2021-09-17 14:29:00,HLMN
12.07,12.13,12.07,12.13,4047,2021-09-17 14:30:00,HLMN
12.135,12.14,12.09,12.1,6648,2021-09-17 14:31:00,HLMN
12.1,12.105,12.09,12.1,3073,2021-09-17 14:32:00,HLMN
12.08,12.1,12.08,12.1,1391,2021-09-17 14:33:00,HLMN
12.11,12.14,12.11,12.14,1900,2021-09-17 14:34:00,HLMN
12.14,12.165,12.14,12.16,4300,2021-09-17 14:35:00,HLMN
12.145,12.15,12.14,12.14,2300,2021-09-17 14:36:00,HLMN
12.145,12.15,12.115,12.115,3673,2021-09-17 14:37:00,HLMN
12.11,12.1225,12.11,12.12,11087,2021-09-17 14:38:00,HLMN
12.13,12.14,12.13,12.13,4844,2021-09-17 14:39:00,HLMN
12.13,12.14,12.13,12.13,3600,2021-09-17 14:40:00,HLMN
12.13,12.16,12.13,12.16,1658,2021-09-17 14:41:00,HLMN
12.15,12.16,12.15,12.16,800,2021-09-17 14:42:00,HLMN
12.15,12.16,12.15,12.16,1500,2021-09-17 14:43:00,HLMN
12.16,12.16,12.16,12.16,2300,2021-09-17 14:44:00,HLMN
12.17,12.17,12.14,12.15,3985,2021-09-17 14:45:00,HLMN
12.15,12.155,12.14,12.155,900,2021-09-17 14:46:00,HLMN
12.16,12.17,12.15,12.17,1400,2021-09-17 14:47:00,HLMN
12.17,12.17,12.16,12.17,700,2021-09-17 14:48:00,HLMN
12.17,12.18,12.16,12.17,3500,2021-09-17 14:49:00,HLMN
12.17,12.185,12.17,12.17,3700,2021-09-17 14:50:00,HLMN
12.17,12.17,12.15,12.16,2847,2021-09-17 14:51:00,HLMN
12.16,12.17,12.16,12.17,1180,2021-09-17 14:52:00,HLMN
12.17,12.18,12.17,12.18,1600,2021-09-17 14:53:00,HLMN
12.185,12.185,12.18,12.18,2453,2021-09-17 14:54:00,HLMN
12.185,12.185,12.18,12.185,400,2021-09-17 14:55:00,HLMN
12.18,12.19,12.17,12.18,2100,2021-09-17 14:56:00,HLMN
12.17,12.17,12.17,12.17,400,2021-09-17 14:57:00,HLMN
12.17,12.17,12.165,12.17,2000,2021-09-17 14:58:00,HLMN
12.17,12.18,12.17,12.18,1418,2021-09-17 14:59:00,HLMN
12.17,12.18,12.17,12.18,700,2021-09-17 15:00:00,HLMN
12.18,12.18,12.16,12.17,1990,2021-09-17 15:01:00,HLMN
12.16,12.165,12.155,12.155,1600,2021-09-17 15:02:00,HLMN
12.16,12.16,12.15,12.15,1200,2021-09-17 15:03:00,HLMN
12.16,12.18,12.16,12.18,4540,2021-09-17 15:04:00,HLMN
12.18,12.18,12.175,12.18,700,2021-09-17 15:05:00,HLMN
12.17,12.18,12.17,12.18,2400,2021-09-17 15:06:00,HLMN
12.18,12.19,12.18,12.19,1600,2021-09-17 15:07:00,HLMN
12.18,12.19,12.18,12.19,1800,2021-09-17 15:08:00,HLMN
12.19,12.215,12.19,12.19,7875,2021-09-17 15:09:00,HLMN
12.185,12.19,12.185,12.19,1243,2021-09-17 15:10:00,HLMN
12.19,12.2,12.18,12.19,1600,2021-09-17 15:11:00,HLMN
12.2,12.205,12.185,12.185,4063,2021-09-17 15:12:00,HLMN
12.19,12.2,12.19,12.2,1881,2021-09-17 15:13:00,HLMN
12.2,12.21,12.2,12.2,3646,2021-09-17 15:14:00,HLMN
12.2,12.205,12.18,12.18,4600,2021-09-17 15:15:00,HLMN
12.185,12.195,12.185,12.195,2427,2021-09-17 15:16:00,HLMN
12.195,12.2,12.195,12.2,737,2021-09-17 15:17:00,HLMN
12.2,12.2,12.2,12.2,200,2021-09-17 15:18:00,HLMN
12.2,12.205,12.19,12.195,2100,2021-09-17 15:19:00,HLMN
12.19,12.195,12.19,12.195,3710,2021-09-17 15:20:00,HLMN
12.2,12.2,12.19,12.195,1200,2021-09-17 15:21:00,HLMN
12.2,12.205,12.1985,12.1985,1938,2021-09-17 15:22:00,HLMN
12.2,12.2,12.19,12.195,600,2021-09-17 15:23:00,HLMN
12.2,12.2,12.19,12.195,1700,2021-09-17 15:24:00,HLMN
12.195,12.2,12.19,12.19,2200,2021-09-17 15:25:00,HLMN
12.18,12.19,12.18,12.19,1100,2021-09-17 15:26:00,HLMN
12.185,12.2,12.185,12.2,3366,2021-09-17 15:27:00,HLMN
12.2,12.2,12.18,12.1825,1000,2021-09-17 15:28:00,HLMN
12.19,12.19,12.17,12.18,3000,2021-09-17 15:29:00,HLMN
12.18,12.1825,12.18,12.18,2200,2021-09-17 15:30:00,HLMN
12.18,12.18,12.14,12.14,6000,2021-09-17 15:31:00,HLMN
12.14,12.14,12.13,12.14,1600,2021-09-17 15:32:00,HLMN
12.13,12.14,12.125,12.14,1400,2021-09-17 15:33:00,HLMN
12.14,12.17,12.14,12.17,3300,2021-09-17 15:34:00,HLMN
12.16,12.165,12.16,12.16,700,2021-09-17 15:35:00,HLMN
12.16,12.17,12.16,12.17,900,2021-09-17 15:36:00,HLMN
12.165,12.175,12.15,12.175,5342,2021-09-17 15:37:00,HLMN
12.175,12.175,12.17,12.17,900,2021-09-17 15:38:00,HLMN
12.17,12.17,12.17,12.17,800,2021-09-17 15:39:00,HLMN
12.17,12.18,12.17,12.17,1500,2021-09-17 15:40:00,HLMN
12.18,12.18,12.18,12.18,100,2021-09-17 15:41:00,HLMN
12.18,12.18,12.18,12.18,300,2021-09-17 15:42:00,HLMN
12.17,12.17,12.15,12.155,3900,2021-09-17 15:43:00,HLMN
12.1502,12.155,12.135,12.1393,10300,2021-09-17 15:44:00,HLMN
12.135,12.14,12.13,12.13,9355,2021-09-17 15:45:00,HLMN
12.13,12.155,12.13,12.155,4854,2021-09-17 15:46:00,HLMN
12.155,12.155,12.12,12.13,10356,2021-09-17 15:47:00,HLMN
12.14,12.16,12.14,12.16,7596,2021-09-17 15:48:00,HLMN
12.16,12.16,12.16,12.16,400,2021-09-17 15:49:00,HLMN
12.15,12.155,12.14,12.14,1217,2021-09-17 15:50:00,HLMN
12.135,12.14,12.135,12.14,700,2021-09-17 15:51:00,HLMN
12.135,12.14,12.135,12.14,2066,2021-09-17 15:52:00,HLMN
12.14,12.145,12.13,12.135,3100,2021-09-17 15:53:00,HLMN
12.13,12.14,12.1275,12.14,2600,2021-09-17 15:54:00,HLMN
12.14,12.145,12.13,12.145,3400,2021-09-17 15:55:00,HLMN
12.14,12.14,12.14,12.14,200,2021-09-17 15:56:00,HLMN
12.14,12.15,12.14,12.14,3584,2021-09-17 15:57:00,HLMN
12.135,12.14,12.135,12.14,1488,2021-09-17 15:58:00,HLMN
12.145,12.15,12.14,12.14,1500,2021-09-17 15:59:00,HLMN
12.135,12.14,12.135,12.14,400,2021-09-17 16:00:00,HLMN
12.135,12.135,12.13,12.135,600,2021-09-17 16:01:00,HLMN
12.135,12.135,12.08,12.08,3500,2021-09-17 16:02:00,HLMN
12.085,12.085,12.085,12.085,407,2021-09-17 16:03:00,HLMN
12.08,12.08,12.05,12.05,4716,2021-09-17 16:04:00,HLMN
12.05,12.06,12.05,12.06,1400,2021-09-17 16:05:00,HLMN
12.07,12.095,12.07,12.095,4500,2021-09-17 16:06:00,HLMN
12.09,12.09,12.05,12.06,2336,2021-09-17 16:07:00,HLMN
12.07,12.09,12.07,12.09,1974,2021-09-17 16:08:00,HLMN
12.09,12.09,12.0875,12.09,2000,2021-09-17 16:09:00,HLMN
12.1,12.1,12.095,12.095,1100,2021-09-17 16:10:00,HLMN
12.095,12.1,12.09,12.09,3200,2021-09-17 16:11:00,HLMN
12.1,12.1,12.09,12.095,1300,2021-09-17 16:12:00,HLMN
12.095,12.1,12.095,12.1,600,2021-09-17 16:13:00,HLMN
12.09,12.1,12.08,12.08,3071,2021-09-17 16:14:00,HLMN
12.095,12.1,12.09,12.09,900,2021-09-17 16:15:00,HLMN
12.09,12.09,12.075,12.075,2000,2021-09-17 16:16:00,HLMN
12.07,12.08,12.07,12.08,4043,2021-09-17 16:17:00,HLMN
12.09,12.1,12.09,12.1,1941,2021-09-17 16:18:00,HLMN
12.1,12.11,12.1,12.11,3514,2021-09-17 16:19:00,HLMN
12.11,12.11,12.1097,12.11,1100,2021-09-17 16:20:00,HLMN
12.11,12.11,12.1,12.11,2990,2021-09-17 16:21:00,HLMN
12.115,12.12,12.11,12.115,1800,2021-09-17 16:22:00,HLMN
12.12,12.13,12.12,12.13,4390,2021-09-17 16:23:00,HLMN
12.14,12.15,12.135,12.15,1000,2021-09-17 16:24:00,HLMN
12.15,12.15,12.14,12.14,3530,2021-09-17 16:25:00,HLMN
12.145,12.15,12.14,12.145,1500,2021-09-17 16:26:00,HLMN
12.145,12.145,12.135,12.145,2486,2021-09-17 16:27:00,HLMN
12.145,12.15,12.145,12.15,2956,2021-09-17 16:28:00,HLMN
12.15,12.16,12.13,12.13,1856,2021-09-17 16:29:00,HLMN
12.14,12.15,12.14,12.15,1953,2021-09-17 16:30:00,HLMN
12.145,12.145,12.13,12.135,900,2021-09-17 16:31:00,HLMN
12.14,12.15,12.14,12.15,1577,2021-09-17 16:32:00,HLMN
12.15,12.15,12.14,12.14,2545,2021-09-17 16:33:00,HLMN
12.15,12.155,12.15,12.155,1547,2021-09-17 16:34:00,HLMN
12.16,12.17,12.16,12.17,4023,2021-09-17 16:35:00,HLMN
12.175,12.175,12.16,12.17,4199,2021-09-17 16:36:00,HLMN
12.16,12.17,12.16,12.17,935,2021-09-17 16:37:00,HLMN
12.17,12.175,12.17,12.175,1480,2021-09-17 16:38:00,HLMN
12.18,12.185,12.18,12.185,1400,2021-09-17 16:39:00,HLMN
12.19,12.2,12.19,12.19,3680,2021-09-17 16:40:00,HLMN
12.19,12.2,12.19,12.2,1400,2021-09-17 16:41:00,HLMN
12.195,12.2,12.19,12.2,5419,2021-09-17 16:42:00,HLMN
12.2,12.2,12.19,12.2,1000,2021-09-17 16:43:00,HLMN
12.195,12.2,12.19,12.2,1400,2021-09-17 16:44:00,HLMN
12.2,12.21,12.2,12.2,4530,2021-09-17 16:45:00,HLMN
12.2,12.205,12.19,12.2,4695,2021-09-17 16:46:00,HLMN
12.195,12.195,12.18,12.18,1500,2021-09-17 16:47:00,HLMN
12.18,12.19,12.18,12.185,2400,2021-09-17 16:48:00,HLMN
12.185,12.19,12.185,12.19,300,2021-09-17 16:49:00,HLMN
12.19,12.2,12.19,12.2,2198,2021-09-17 16:50:00,HLMN
12.2,12.2,12.2,12.2,1018,2021-09-17 16:51:00,HLMN
12.2,12.205,12.2,12.2,3170,2021-09-17 16:52:00,HLMN
12.2,12.205,12.19,12.2,3273,2021-09-17 16:53:00,HLMN
12.195,12.195,12.19,12.195,1905,2021-09-17 16:54:00,HLMN
12.185,12.19,12.18,12.19,2233,2021-09-17 16:55:00,HLMN
12.185,12.2,12.185,12.185,3649,2021-09-17 16:56:00,HLMN
12.185,12.185,12.18,12.185,3019,2021-09-17 16:57:00,HLMN
12.185,12.185,12.185,12.185,1400,2021-09-17 16:58:00,HLMN
12.185,12.185,12.14,12.145,7357,2021-09-17 16:59:00,HLMN
12.145,12.15,12.14,12.15,4743,2021-09-17 17:00:00,HLMN
12.15,12.19,12.15,12.19,3969,2021-09-17 17:01:00,HLMN
12.2,12.2,12.19,12.2,1313,2021-09-17 17:02:00,HLMN
12.2,12.2,12.195,12.2,1300,2021-09-17 17:03:00,HLMN
12.2,12.205,12.2,12.2,5396,2021-09-17 17:04:00,HLMN
12.2,12.2,12.2,12.2,1369,2021-09-17 17:05:00,HLMN
12.2,12.205,12.19,12.19,5001,2021-09-17 17:06:00,HLMN
12.2,12.2,12.19,12.19,2626,2021-09-17 17:07:00,HLMN
12.2,12.2,12.195,12.2,1799,2021-09-17 17:08:00,HLMN
12.2,12.2,12.19,12.195,4969,2021-09-17 17:09:00,HLMN
12.2,12.2,12.191,12.2,1831,2021-09-17 17:10:00,HLMN
12.2,12.21,12.2,12.2,7013,2021-09-17 17:11:00,HLMN
12.2,12.2,12.2,12.2,200,2021-09-17 17:12:00,HLMN
12.2,12.205,12.195,12.2,8421,2021-09-17 17:13:00,HLMN
12.2,12.21,12.2,12.205,696,2021-09-17 17:14:00,HLMN
12.205,12.21,12.205,12.21,1700,2021-09-17 17:15:00,HLMN
12.22,12.23,12.215,12.23,3741,2021-09-17 17:16:00,HLMN
12.22,12.23,12.215,12.23,1715,2021-09-17 17:17:00,HLMN
12.23,12.24,12.225,12.24,8092,2021-09-17 17:18:00,HLMN
12.24,12.24,12.23,12.24,1582,2021-09-17 17:19:00,HLMN
12.24,12.245,12.23,12.24,5944,2021-09-17 17:20:00,HLMN
12.245,12.25,12.245,12.25,2115,2021-09-17 17:21:00,HLMN
12.245,12.26,12.245,12.26,1904,2021-09-17 17:22:00,HLMN
12.26,12.29,12.26,12.26,2937,2021-09-17 17:23:00,HLMN
12.26,12.27,12.25,12.27,3846,2021-09-17 17:24:00,HLMN
12.26,12.27,12.25,12.255,2109,2021-09-17 17:25:00,HLMN
12.26,12.27,12.26,12.27,6592,2021-09-17 17:26:00,HLMN
12.275,12.275,12.265,12.2699,5900,2021-09-17 17:27:00,HLMN
12.27,12.28,12.27,12.28,2843,2021-09-17 17:28:00,HLMN
12.275,12.28,12.275,12.28,1014,2021-09-17 17:29:00,HLMN
12.28,12.29,12.26,12.27,5668,2021-09-17 17:30:00,HLMN
12.265,12.285,12.265,12.285,3462,2021-09-17 17:31:00,HLMN
12.29,12.29,12.285,12.29,1000,2021-09-17 17:32:00,HLMN
12.29,12.3,12.27,12.27,23310,2021-09-17 17:33:00,HLMN
12.27,12.285,12.27,12.285,2670,2021-09-17 17:34:00,HLMN
12.285,12.29,12.27,12.27,71000,2021-09-17 17:35:00,HLMN
12.275,12.275,12.26,12.265,25580,2021-09-17 17:36:00,HLMN
12.26,12.285,12.26,12.285,7257,2021-09-17 17:37:00,HLMN
12.285,12.29,12.285,12.285,1800,2021-09-17 17:38:00,HLMN
12.29,12.29,12.29,12.29,500,2021-09-17 17:39:00,HLMN
12.29,12.29,12.285,12.29,700,2021-09-17 17:40:00,HLMN
12.285,12.295,12.28,12.285,7129,2021-09-17 17:41:00,HLMN
12.29,12.29,12.28,12.29,2511,2021-09-17 17:42:00,HLMN
12.29,12.3,12.29,12.3,3372,2021-09-17 17:43:00,HLMN
12.295,12.295,12.26,12.27,3529,2021-09-17 17:44:00,HLMN
12.27,12.3,12.27,12.3,4285,2021-09-17 17:45:00,HLMN
12.3,12.3,12.29,12.295,1063,2021-09-17 17:46:00,HLMN
12.295,12.3,12.29,12.29,900,2021-09-17 17:47:00,HLMN
12.3,12.34,12.295,12.33,4950,2021-09-17 17:48:00,HLMN
12.34,12.34,12.32,12.33,4490,2021-09-17 17:49:00,HLMN
12.33,12.35,12.33,12.35,3296,2021-09-17 17:50:00,HLMN
12.35,12.39,12.35,12.39,3870,2021-09-17 17:51:00,HLMN
12.37,12.37,12.35,12.35,4061,2021-09-17 17:52:00,HLMN
12.345,12.37,12.345,12.37,1800,2021-09-17 17:53:00,HLMN
12.38,12.38,12.3,12.315,345910,2021-09-17 17:54:00,HLMN
12.31,12.35,12.31,12.34,4010,2021-09-17 17:55:00,HLMN
12.35,12.36,12.35,12.36,1200,2021-09-17 17:56:00,HLMN
12.36,12.405,12.36,12.405,3838,2021-09-17 17:57:00,HLMN
12.405,12.42,12.4,12.42,1325,2021-09-17 17:58:00,HLMN
12.42,12.45,12.42,12.45,2092,2021-09-17 17:59:00,HLMN
12.45,12.45,12.445,12.45,1001,2021-09-17 18:00:00,HLMN
12.46,12.46,12.45,12.45,8189,2021-09-17 18:01:00,HLMN
12.44,12.46,12.44,12.46,2627,2021-09-17 18:02:00,HLMN
12.46,12.49,12.46,12.49,4426,2021-09-17 18:04:00,HLMN
12.49,12.5,12.48,12.48,2923,2021-09-17 18:05:00,HLMN
12.48,12.49,12.47,12.47,1400,2021-09-17 18:06:00,HLMN
12.465,12.49,12.46,12.49,4116,2021-09-17 18:07:00,HLMN
12.49,12.5,12.49,12.5,1016,2021-09-17 18:08:00,HLMN
12.51,12.52,12.5,12.52,1500,2021-09-17 18:09:00,HLMN
12.52,12.53,12.505,12.52,4866,2021-09-17 18:10:00,HLMN
12.525,12.53,12.52,12.525,3250,2021-09-17 18:11:00,HLMN
12.525,12.525,12.51,12.52,1744,2021-09-17 18:12:00,HLMN
12.525,12.53,12.51,12.51,18308,2021-09-17 18:13:00,HLMN
12.505,12.51,12.46,12.505,27201,2021-09-17 18:14:00,HLMN
12.51,12.53,12.5,12.5026,94253,2021-09-17 18:15:00,HLMN
12.51,12.515,12.51,12.515,2636,2021-09-17 18:16:00,HLMN
12.515,12.53,12.515,12.525,3500,2021-09-17 18:17:00,HLMN
12.525,12.545,12.51,12.52,5829,2021-09-17 18:18:00,HLMN
12.52,12.53,12.51,12.53,1352,2021-09-17 18:19:00,HLMN
12.53,12.55,12.525,12.55,1922,2021-09-17 18:20:00,HLMN
12.55,12.565,12.51,12.53,6434,2021-09-17 18:21:00,HLMN
12.53,12.53,12.525,12.53,1200,2021-09-17 18:22:00,HLMN
12.53,12.54,12.53,12.53,1074,2021-09-17 18:23:00,HLMN
12.54,12.54,12.52,12.54,1525,2021-09-17 18:24:00,HLMN
12.54,12.54,12.53,12.53,1600,2021-09-17 18:25:00,HLMN
12.52,12.54,12.52,12.53,3721,2021-09-17 18:26:00,HLMN
12.525,12.53,12.465,12.465,3200,2021-09-17 18:27:00,HLMN
12.47,12.5,12.47,12.49,6429,2021-09-17 18:28:00,HLMN
12.49,12.5,12.49,12.5,1000,2021-09-17 18:29:00,HLMN
12.49,12.49,12.48,12.49,1300,2021-09-17 18:30:00,HLMN
12.49,12.5,12.49,12.5,1100,2021-09-17 18:31:00,HLMN
12.5,12.5,12.48,12.48,2342,2021-09-17 18:32:00,HLMN
12.49,12.5,12.49,12.5,2900,2021-09-17 18:33:00,HLMN
12.49,12.5,12.475,12.475,2717,2021-09-17 18:34:00,HLMN
12.47,12.485,12.46,12.485,7851,2021-09-17 18:35:00,HLMN
12.49,12.505,12.49,12.5,4014,2021-09-17 18:36:00,HLMN
12.5,12.5,12.5,12.5,3721,2021-09-17 18:37:00,HLMN
12.495,12.495,12.49,12.49,2500,2021-09-17 18:38:00,HLMN
12.49,12.51,12.49,12.51,3960,2021-09-17 18:39:00,HLMN
12.5,12.52,12.5,12.5,15190,2021-09-17 18:40:00,HLMN
12.49,12.51,12.49,12.5,17408,2021-09-17 18:41:00,HLMN
12.5,12.51,12.485,12.5,9725,2021-09-17 18:42:00,HLMN
12.51,12.51,12.49,12.5,9761,2021-09-17 18:43:00,HLMN
12.5,12.505,12.5,12.505,3456,2021-09-17 18:44:00,HLMN
12.505,12.505,12.505,12.505,530,2021-09-17 18:45:00,HLMN
12.51,12.51,12.5,12.5,3000,2021-09-17 18:46:00,HLMN
12.5,12.505,12.495,12.5,7137,2021-09-17 18:47:00,HLMN
12.51,12.51,12.51,12.51,500,2021-09-17 18:48:00,HLMN
12.51,12.51,12.49,12.5,2395,2021-09-17 18:49:00,HLMN
12.495,12.495,12.48,12.49,5862,2021-09-17 18:50:00,HLMN
12.49,12.49,12.49,12.49,300,2021-09-17 18:51:00,HLMN
12.48,12.49,12.47,12.48,3199,2021-09-17 18:52:00,HLMN
12.49,12.49,12.48,12.48,400,2021-09-17 18:53:00,HLMN
12.49,12.5,12.485,12.5,3139,2021-09-17 18:54:00,HLMN
12.5,12.51,12.49,12.505,10109,2021-09-17 18:55:00,HLMN
12.505,12.52,12.5,12.5,2644,2021-09-17 18:56:00,HLMN
12.5,12.52,12.5,12.5,8040,2021-09-17 18:57:00,HLMN
12.49,12.52,12.49,12.5,3600,2021-09-17 18:58:00,HLMN
12.51,12.52,12.5,12.51,1100,2021-09-17 18:59:00,HLMN
12.51,12.52,12.51,12.52,1051,2021-09-17 19:00:00,HLMN
12.51,12.53,12.51,12.53,3220,2021-09-17 19:01:00,HLMN
12.53,12.54,12.5,12.525,9208,2021-09-17 19:02:00,HLMN
12.525,12.54,12.52,12.53,3175,2021-09-17 19:03:00,HLMN
12.52,12.52,12.49,12.505,5785,2021-09-17 19:04:00,HLMN
12.51,12.51,12.5,12.505,4721,2021-09-17 19:05:00,HLMN
12.5,12.505,12.5,12.5,1500,2021-09-17 19:06:00,HLMN
12.5,12.51,12.5,12.5,4565,2021-09-17 19:07:00,HLMN
12.505,12.51,12.485,12.505,28789,2021-09-17 19:08:00,HLMN
12.5069,12.5069,12.5,12.505,7312,2021-09-17 19:09:00,HLMN
12.505,12.505,12.5,12.5,2100,2021-09-17 19:10:00,HLMN
12.5,12.505,12.49,12.5,20453,2021-09-17 19:11:00,HLMN
12.5,12.505,12.46,12.47,17298,2021-09-17 19:12:00,HLMN
12.465,12.4799,12.46,12.47,8352,2021-09-17 19:13:00,HLMN
12.47,12.48,12.45,12.45,9894,2021-09-17 19:14:00,HLMN
12.45,12.45,12.4,12.4,25243,2021-09-17 19:15:00,HLMN
12.4,12.43,12.4,12.42,22935,2021-09-17 19:16:00,HLMN
12.42,12.42,12.42,12.42,300,2021-09-17 19:17:00,HLMN
12.42,12.46,12.42,12.46,6402,2021-09-17 19:18:00,HLMN
12.465,12.47,12.44,12.44,5984,2021-09-17 19:19:00,HLMN
12.45,12.46,12.43,12.43,16728,2021-09-17 19:20:00,HLMN
12.44,12.45,12.435,12.45,4470,2021-09-17 19:21:00,HLMN
12.45,12.46,12.44,12.46,7335,2021-09-17 19:22:00,HLMN
12.46,12.47,12.45,12.47,12408,2021-09-17 19:23:00,HLMN
12.47,12.555,12.47,12.55,11176,2021-09-17 19:24:00,HLMN
12.53,12.54,12.5,12.52,6894,2021-09-17 19:25:00,HLMN
12.525,12.535,12.5,12.5,10400,2021-09-17 19:26:00,HLMN
12.5,12.5,12.44,12.45,23481,2021-09-17 19:27:00,HLMN
12.45,12.46,12.43,12.43,15343,2021-09-17 19:28:00,HLMN
12.43,12.49,12.43,12.45,71190,2021-09-17 19:29:00,HLMN
12.45,12.47,12.44,12.45,45640,2021-09-17 19:30:00,HLMN
12.45,12.455,12.44,12.45,8053,2021-09-17 19:31:00,HLMN
12.45,12.46,12.4,12.42,18328,2021-09-17 19:32:00,HLMN
12.43,12.44,12.42,12.43,10161,2021-09-17 19:33:00,HLMN
12.43,12.43,12.39,12.4,26121,2021-09-17 19:34:00,HLMN
12.41,12.41,12.39,12.39,24665,2021-09-17 19:35:00,HLMN
12.4,12.41,12.39,12.4,13942,2021-09-17 19:36:00,HLMN
12.4,12.41,12.38,12.4,15770,2021-09-17 19:37:00,HLMN
12.41,12.44,12.41,12.43,7074,2021-09-17 19:38:00,HLMN
12.44,12.44,12.38,12.385,18841,2021-09-17 19:39:00,HLMN
12.385,12.41,12.385,12.4,22664,2021-09-17 19:40:00,HLMN
12.4099,12.4099,12.375,12.385,8713,2021-09-17 19:41:00,HLMN
12.39,12.43,12.38,12.43,9867,2021-09-17 19:42:00,HLMN
12.43,12.44,12.43,12.43,2200,2021-09-17 19:43:00,HLMN
12.435,12.44,12.435,12.435,3200,2021-09-17 19:44:00,HLMN
12.44,12.45,12.43,12.435,26253,2021-09-17 19:45:00,HLMN
12.435,12.44,12.435,12.435,5783,2021-09-17 19:46:00,HLMN
12.44,12.445,12.43,12.44,15371,2021-09-17 19:47:00,HLMN
12.44,12.44,12.4,12.43,13443,2021-09-17 19:48:00,HLMN
12.425,12.44,12.42,12.44,9783,2021-09-17 19:49:00,HLMN
12.44,12.44,12.3,12.36,93770,2021-09-17 19:50:00,HLMN
12.35,12.38,12.34,12.35,32542,2021-09-17 19:51:00,HLMN
12.345,12.345,12.24,12.26,34233,2021-09-17 19:52:00,HLMN
12.25,12.34,12.25,12.3133,34095,2021-09-17 19:53:00,HLMN
12.31,12.31,12.28,12.28,28330,2021-09-17 19:54:00,HLMN
12.29,12.29,12.2,12.24,36996,2021-09-17 19:55:00,HLMN
12.24,12.25,12.21,12.21,33250,2021-09-17 19:56:00,HLMN
12.21,12.25,12.2,12.24,31996,2021-09-17 19:57:00,HLMN
12.25,12.25,12.24,12.245,39470,2021-09-17 19:58:00,HLMN
12.25,12.25,12.21,12.21,107676,2021-09-17 19:59:00,HLMN
12.25,12.25,12.25,12.25,4586648,2021-09-17 20:00:00,HLMN
12.09,12.09,11.67,11.67,200,2021-09-20 12:19:00,HLMN
12.05,12.05,11.92,11.92,6300,2021-09-20 13:30:00,HLMN
12.07,12.07,12.07,12.07,100,2021-09-20 13:31:00,HLMN
11.98,12.05,11.965,11.965,2786,2021-09-20 13:32:00,HLMN
11.98,12.01,11.98,12.01,1100,2021-09-20 13:33:00,HLMN
12.03,12.13,12.03,12.11,2200,2021-09-20 13:34:00,HLMN
12.11,12.12,12.11,12.12,200,2021-09-20 13:35:00,HLMN
12.11,12.12,12.03,12.03,2700,2021-09-20 13:36:00,HLMN
12.03,12.03,12.03,12.03,595,2021-09-20 13:37:00,HLMN
12.05,12.08,12.05,12.08,2306,2021-09-20 13:38:00,HLMN
12.08,12.12,12.07,12.1,16408,2021-09-20 13:39:00,HLMN
12.11,12.13,12.1,12.13,2970,2021-09-20 13:40:00,HLMN
12.12,12.18,12.12,12.17,2327,2021-09-20 13:41:00,HLMN
12.19,12.19,12.17,12.17,2941,2021-09-20 13:42:00,HLMN
12.16,12.22,12.1,12.22,6733,2021-09-20 13:43:00,HLMN
12.19,12.2,12.18,12.185,1600,2021-09-20 13:44:00,HLMN
12.18,12.2,12.18,12.2,558,2021-09-20 13:45:00,HLMN
12.18,12.2,12.18,12.2,3016,2021-09-20 13:46:00,HLMN
12.2,12.2,12.2,12.2,1561,2021-09-20 13:48:00,HLMN
12.2,12.2,12.18,12.19,3208,2021-09-20 13:49:00,HLMN
12.195,12.2,12.18,12.18,5125,2021-09-20 13:52:00,HLMN
12.19,12.19,12.19,12.19,1792,2021-09-20 13:53:00,HLMN
12.2,12.2,12.19,12.19,3048,2021-09-20 13:54:00,HLMN
12.19,12.19,12.17,12.19,1837,2021-09-20 13:55:00,HLMN
12.19,12.19,12.19,12.19,400,2021-09-20 13:56:00,HLMN
12.175,12.19,12.175,12.19,400,2021-09-20 13:57:00,HLMN
12.19,12.19,12.18,12.19,5111,2021-09-20 13:58:00,HLMN
12.19,12.195,12.19,12.195,1990,2021-09-20 14:00:00,HLMN
12.19,12.19,12.12,12.12,5300,2021-09-20 14:01:00,HLMN
12.12,12.14,12.1,12.13,7082,2021-09-20 14:02:00,HLMN
12.13,12.13,12.12,12.13,1500,2021-09-20 14:03:00,HLMN
12.13,12.13,12.12,12.13,2958,2021-09-20 14:04:00,HLMN
12.13,12.15,12.13,12.14,2800,2021-09-20 14:05:00,HLMN
12.16,12.165,12.15,12.165,1203,2021-09-20 14:06:00,HLMN
12.15,12.15,12.11,12.125,7203,2021-09-20 14:07:00,HLMN
12.125,12.125,12.09,12.09,10879,2021-09-20 14:08:00,HLMN
12.09,12.09,12.06,12.06,3000,2021-09-20 14:09:00,HLMN
12.075,12.075,12.06,12.075,1100,2021-09-20 14:10:00,HLMN
12.07,12.075,12.05,12.055,6332,2021-09-20 14:11:00,HLMN
12.055,12.055,12.0,12.01,3394,2021-09-20 14:12:00,HLMN
12.015,12.04,12.015,12.03,5260,2021-09-20 14:13:00,HLMN
12.02,12.02,12.01,12.01,2508,2021-09-20 14:14:00,HLMN
12.01,12.02,12.0,12.01,3279,2021-09-20 14:15:00,HLMN
12.015,12.03,12.01,12.02,8889,2021-09-20 14:16:00,HLMN
12.02,12.02,12.015,12.015,3645,2021-09-20 14:17:00,HLMN
12.015,12.025,12.015,12.025,2256,2021-09-20 14:18:00,HLMN
12.03,12.05,12.02,12.05,12783,2021-09-20 14:19:00,HLMN
12.04,12.04,11.99,12.0,11906,2021-09-20 14:20:00,HLMN
12.0,12.0,11.99,12.0,1756,2021-09-20 14:21:00,HLMN
12.01,12.01,11.99,11.995,5345,2021-09-20 14:22:00,HLMN
11.995,11.995,11.99,11.99,920,2021-09-20 14:23:00,HLMN
11.98,12.0,11.98,11.99,7079,2021-09-20 14:24:00,HLMN
12.0,12.0,11.96,11.97,3829,2021-09-20 14:25:00,HLMN
11.965,11.965,11.95,11.95,700,2021-09-20 14:26:00,HLMN
11.96,11.99,11.96,11.98,3595,2021-09-20 14:27:00,HLMN
12.01,12.01,11.98,11.99,1290,2021-09-20 14:28:00,HLMN
11.995,12.01,11.98,11.98,4500,2021-09-20 14:29:00,HLMN
12.01,12.01,11.98,12.0,5400,2021-09-20 14:30:00,HLMN
12.01,12.02,12.0,12.01,8505,2021-09-20 14:31:00,HLMN
12.0,12.0,11.98,11.99,1300,2021-09-20 14:32:00,HLMN
11.98,11.98,11.98,11.98,1100,2021-09-20 14:33:00,HLMN
11.99,12.0,11.98,11.98,3035,2021-09-20 14:34:00,HLMN
11.99,11.99,11.98,11.98,800,2021-09-20 14:35:00,HLMN
12.0,12.0,11.98,11.98,1398,2021-09-20 14:36:00,HLMN
12.0,12.0,11.98,11.98,800,2021-09-20 14:37:00,HLMN
12.0,12.01,11.99,11.99,4944,2021-09-20 14:38:00,HLMN
12.0,12.005,11.99,11.99,700,2021-09-20 14:39:00,HLMN
12.01,12.02,12.0,12.01,1200,2021-09-20 14:40:00,HLMN
12.01,12.015,12.01,12.015,2700,2021-09-20 14:41:00,HLMN
12.01,12.01,12.01,12.01,700,2021-09-20 14:42:00,HLMN
12.015,12.04,12.015,12.035,5442,2021-09-20 14:43:00,HLMN
12.035,12.035,12.02,12.02,10067,2021-09-20 14:44:00,HLMN
12.01,12.01,11.98,11.99,2599,2021-09-20 14:45:00,HLMN
11.985,12.02,11.985,12.0,4500,2021-09-20 14:46:00,HLMN
12.02,12.02,12.01,12.01,2262,2021-09-20 14:47:00,HLMN
12.02,12.03,12.01,12.02,1568,2021-09-20 14:48:00,HLMN
12.03,12.03,12.02,12.02,3074,2021-09-20 14:49:00,HLMN
12.02,12.0201,12.0,12.0,16349,2021-09-20 14:50:00,HLMN
12.02,12.02,12.0,12.0,1900,2021-09-20 14:51:00,HLMN
12.01,12.02,12.0,12.0,900,2021-09-20 14:52:00,HLMN
12.02,12.02,12.01,12.01,1000,2021-09-20 14:53:00,HLMN
12.02,12.04,12.02,12.03,4900,2021-09-20 14:54:00,HLMN
12.035,12.04,12.03,12.03,1502,2021-09-20 14:55:00,HLMN
12.03,12.035,12.02,12.03,6300,2021-09-20 14:56:00,HLMN
12.035,12.035,12.03,12.03,2000,2021-09-20 14:57:00,HLMN
12.035,12.035,12.03,12.03,800,2021-09-20 14:58:00,HLMN
12.035,12.035,12.03,12.03,2593,2021-09-20 14:59:00,HLMN
12.03,12.03,12.02,12.02,1100,2021-09-20 15:00:00,HLMN
12.02,12.02,12.02,12.02,706,2021-09-20 15:01:00,HLMN
12.02,12.025,12.02,12.025,1194,2021-09-20 15:02:00,HLMN
12.03,12.035,12.025,12.035,3808,2021-09-20 15:03:00,HLMN
12.035,12.04,12.03,12.03,5060,2021-09-20 15:04:00,HLMN
12.04,12.04,12.03,12.03,1000,2021-09-20 15:05:00,HLMN
12.03,12.03,12.03,12.03,500,2021-09-20 15:06:00,HLMN
12.05,12.05,12.03,12.04,900,2021-09-20 15:07:00,HLMN
12.05,12.09,12.05,12.07,11530,2021-09-20 15:08:00,HLMN
12.07,12.08,12.07,12.075,1499,2021-09-20 15:09:00,HLMN
12.075,12.08,12.07,12.075,3679,2021-09-20 15:10:00,HLMN
12.07,12.07,12.07,12.07,700,2021-09-20 15:11:00,HLMN
12.075,12.075,11.99,11.99,23278,2021-09-20 15:12:00,HLMN
11.99,11.99,11.98,11.98,1100,2021-09-20 15:13:00,HLMN
11.99,11.99,11.98,11.99,2600,2021-09-20 15:14:00,HLMN
11.985,11.99,11.98,11.98,1800,2021-09-20 15:15:00,HLMN
11.99,11.99,11.98,11.99,794,2021-09-20 15:16:00,HLMN
12.0,12.0,11.98,11.98,2200,2021-09-20 15:17:00,HLMN
11.99,12.03,11.99,12.02,8310,2021-09-20 15:18:00,HLMN
12.02,12.02,12.01,12.015,1600,2021-09-20 15:19:00,HLMN
12.01,12.02,12.01,12.01,1400,2021-09-20 15:20:00,HLMN
12.015,12.025,12.01,12.015,3150,2021-09-20 15:21:00,HLMN
12.015,12.015,12.015,12.015,700,2021-09-20 15:22:00,HLMN
12.02,12.02,12.01,12.01,1200,2021-09-20 15:23:00,HLMN
12.02,12.025,12.01,12.015,11497,2021-09-20 15:24:00,HLMN
12.015,12.025,12.01,12.02,27987,2021-09-20 15:25:00,HLMN
12.025,12.025,12.02,12.02,800,2021-09-20 15:26:00,HLMN
12.02,12.025,12.02,12.02,1400,2021-09-20 15:27:00,HLMN
12.025,12.025,12.02,12.02,1000,2021-09-20 15:28:00,HLMN
12.02,12.02,12.02,12.02,893,2021-09-20 15:29:00,HLMN
12.02,12.035,12.015,12.02,15331,2021-09-20 15:30:00,HLMN
12.02,12.02,12.02,12.02,600,2021-09-20 15:31:00,HLMN
12.025,12.035,12.02,12.02,5556,2021-09-20 15:32:00,HLMN
12.02,12.02,12.02,12.02,1000,2021-09-20 15:33:00,HLMN
12.03,12.03,12.02,12.02,9376,2021-09-20 15:34:00,HLMN
12.025,12.025,12.02,12.025,1500,2021-09-20 15:35:00,HLMN
12.025,12.035,12.025,12.03,13538,2021-09-20 15:36:00,HLMN
12.03,12.035,12.03,12.03,1500,2021-09-20 15:37:00,HLMN
12.035,12.035,12.03,12.03,1001,2021-09-20 15:38:00,HLMN
12.03,12.035,12.03,12.03,7451,2021-09-20 15:39:00,HLMN
12.03,12.035,11.99,12.0,12467,2021-09-20 15:40:00,HLMN
12.0,12.025,12.0,12.01,13361,2021-09-20 15:41:00,HLMN
12.01,12.01,12.0,12.0,800,2021-09-20 15:42:00,HLMN
12.01,12.01,12.0,12.0,800,2021-09-20 15:43:00,HLMN
12.015,12.015,12.01,12.01,1600,2021-09-20 15:44:00,HLMN
12.015,12.015,12.01,12.01,700,2021-09-20 15:45:00,HLMN
12.01,12.01,12.01,12.01,2200,2021-09-20 15:46:00,HLMN
12.015,12.015,12.01,12.01,900,2021-09-20 15:47:00,HLMN
12.01,12.01,12.01,12.01,700,2021-09-20 15:48:00,HLMN
12.01,12.02,12.01,12.015,2200,2021-09-20 15:49:00,HLMN
12.015,12.015,12.01,12.01,4391,2021-09-20 15:50:00,HLMN
12.01,12.01,12.01,12.01,900,2021-09-20 15:51:00,HLMN
12.015,12.015,11.98,11.985,7384,2021-09-20 15:52:00,HLMN
11.985,11.995,11.985,11.99,3140,2021-09-20 15:53:00,HLMN
11.985,11.985,11.98,11.985,2099,2021-09-20 15:54:00,HLMN
11.985,11.985,11.98,11.98,899,2021-09-20 15:55:00,HLMN
11.985,11.985,11.98,11.985,2002,2021-09-20 15:56:00,HLMN
11.985,11.985,11.98,11.98,1500,2021-09-20 15:57:00,HLMN
11.985,12.0,11.985,12.0,3899,2021-09-20 15:58:00,HLMN
12.005,12.02,12.005,12.01,6778,2021-09-20 15:59:00,HLMN
12.01,12.02,12.01,12.01,1300,2021-09-20 16:00:00,HLMN
12.0,12.0,12.0,12.0,696,2021-09-20 16:01:00,HLMN
12.0,12.0,11.99,11.99,5516,2021-09-20 16:02:00,HLMN
12.0,12.0,11.98,11.98,7021,2021-09-20 16:03:00,HLMN
11.98,11.985,11.955,11.955,2137,2021-09-20 16:04:00,HLMN
11.955,11.955,11.94,11.94,1254,2021-09-20 16:05:00,HLMN
11.94,11.94,11.925,11.93,1200,2021-09-20 16:06:00,HLMN
11.925,11.925,11.91,11.91,2200,2021-09-20 16:07:00,HLMN
11.91,11.93,11.91,11.92,3349,2021-09-20 16:08:00,HLMN
11.925,11.925,11.91,11.91,697,2021-09-20 16:09:00,HLMN
11.92,11.92,11.91,11.92,799,2021-09-20 16:10:00,HLMN
11.93,11.93,11.91,11.92,1100,2021-09-20 16:11:00,HLMN
11.92,11.93,11.91,11.92,998,2021-09-20 16:12:00,HLMN
11.92,11.94,11.92,11.93,6070,2021-09-20 16:13:00,HLMN
11.94,11.94,11.93,11.93,800,2021-09-20 16:14:00,HLMN
11.94,11.945,11.94,11.94,2858,2021-09-20 16:15:00,HLMN
11.945,11.945,11.94,11.945,800,2021-09-20 16:16:00,HLMN
11.95,11.955,11.95,11.95,2300,2021-09-20 16:17:00,HLMN
11.955,11.96,11.95,11.955,1114,2021-09-20 16:18:00,HLMN
11.96,11.965,11.95,11.955,2700,2021-09-20 16:19:00,HLMN
11.96,11.96,11.95,11.95,2206,2021-09-20 16:20:00,HLMN
11.95,11.95,11.945,11.945,5777,2021-09-20 16:21:00,HLMN
11.945,11.945,11.94,11.94,900,2021-09-20 16:22:00,HLMN
11.94,11.94,11.93,11.93,999,2021-09-20 16:23:00,HLMN
11.94,11.94,11.93,11.94,799,2021-09-20 16:24:00,HLMN
11.94,11.955,11.94,11.94,8207,2021-09-20 16:25:00,HLMN
11.94,11.945,11.93,11.935,2104,2021-09-20 16:26:00,HLMN
11.93,11.94,11.93,11.93,2318,2021-09-20 16:27:00,HLMN
11.935,11.94,11.93,11.935,1322,2021-09-20 16:28:00,HLMN
11.94,11.945,11.93,11.94,2120,2021-09-20 16:29:00,HLMN
11.935,11.935,11.93,11.93,700,2021-09-20 16:30:00,HLMN
11.935,11.94,11.93,11.935,1000,2021-09-20 16:31:00,HLMN
11.94,11.945,11.94,11.945,1900,2021-09-20 16:32:00,HLMN
11.945,11.95,11.94,11.95,900,2021-09-20 16:33:00,HLMN
11.945,11.95,11.94,11.95,3900,2021-09-20 16:34:00,HLMN
11.95,11.96,11.94,11.95,6000,2021-09-20 16:35:00,HLMN
11.96,11.96,11.95,11.95,5100,2021-09-20 16:36:00,HLMN
11.955,11.96,11.95,11.95,4138,2021-09-20 16:37:00,HLMN
11.95,11.96,11.945,11.95,2851,2021-09-20 16:38:00,HLMN
11.955,11.955,11.95,11.95,2496,2021-09-20 16:39:00,HLMN
11.945,11.945,11.94,11.94,596,2021-09-20 16:40:00,HLMN
11.945,11.945,11.94,11.94,854,2021-09-20 16:41:00,HLMN
11.945,11.95,11.94,11.95,1000,2021-09-20 16:42:00,HLMN
11.94,11.945,11.915,11.915,5187,2021-09-20 16:43:00,HLMN
11.915,11.92,11.915,11.92,4750,2021-09-20 16:44:00,HLMN
11.92,11.92,11.91,11.91,700,2021-09-20 16:45:00,HLMN
11.92,11.92,11.91,11.91,1199,2021-09-20 16:46:00,HLMN
11.915,11.915,11.91,11.915,800,2021-09-20 16:47:00,HLMN
11.92,11.93,11.915,11.92,5700,2021-09-20 16:48:00,HLMN
11.925,11.925,11.92,11.92,900,2021-09-20 16:49:00,HLMN
11.925,11.925,11.92,11.925,700,2021-09-20 16:50:00,HLMN
11.92,11.92,11.91,11.91,4968,2021-09-20 16:51:00,HLMN
11.915,11.915,11.91,11.91,900,2021-09-20 16:52:00,HLMN
11.915,11.915,11.91,11.91,700,2021-09-20 16:53:00,HLMN
11.915,11.93,11.915,11.9225,3700,2021-09-20 16:54:00,HLMN
11.925,11.93,11.92,11.92,1700,2021-09-20 16:55:00,HLMN
11.925,11.925,11.92,11.92,1400,2021-09-20 16:56:00,HLMN
11.925,11.935,11.92,11.92,7382,2021-09-20 16:57:00,HLMN
11.925,11.93,11.92,11.93,1200,2021-09-20 16:58:00,HLMN
11.925,11.925,11.92,11.92,700,2021-09-20 16:59:00,HLMN
11.925,11.925,11.92,11.92,5500,2021-09-20 17:00:00,HLMN
11.92,11.92,11.87,11.87,49978,2021-09-20 17:01:00,HLMN
11.87,11.88,11.87,11.87,2762,2021-09-20 17:02:00,HLMN
11.875,11.875,11.87,11.875,1100,2021-09-20 17:03:00,HLMN
11.875,11.875,11.87,11.87,1200,2021-09-20 17:04:00,HLMN
11.875,11.875,11.87,11.875,2600,2021-09-20 17:05:00,HLMN
11.875,11.875,11.87,11.875,1400,2021-09-20 17:06:00,HLMN
11.875,11.88,11.87,11.87,1928,2021-09-20 17:07:00,HLMN
11.875,11.88,11.87,11.87,1500,2021-09-20 17:08:00,HLMN
11.875,11.88,11.87,11.88,3509,2021-09-20 17:09:00,HLMN
11.885,11.885,11.88,11.885,900,2021-09-20 17:10:00,HLMN
11.885,11.885,11.88,11.885,1000,2021-09-20 17:11:00,HLMN
11.885,11.885,11.88,11.88,1000,2021-09-20 17:12:00,HLMN
11.885,11.885,11.88,11.885,1400,2021-09-20 17:13:00,HLMN
11.885,11.89,11.88,11.885,6992,2021-09-20 17:14:00,HLMN
11.885,11.89,11.875,11.88,9313,2021-09-20 17:15:00,HLMN
11.87,11.875,11.86,11.87,6468,2021-09-20 17:16:00,HLMN
11.87,11.88,11.87,11.87,4904,2021-09-20 17:17:00,HLMN
11.875,11.875,11.87,11.87,700,2021-09-20 17:18:00,HLMN
11.875,11.875,11.87,11.87,601,2021-09-20 17:19:00,HLMN
11.87,11.875,11.87,11.87,1421,2021-09-20 17:20:00,HLMN
11.88,11.885,11.88,11.885,5146,2021-09-20 17:21:00,HLMN
11.885,11.9,11.88,11.89,4597,2021-09-20 17:22:00,HLMN
11.9,11.9,11.89,11.89,1596,2021-09-20 17:23:00,HLMN
11.9,11.9,11.89,11.89,2500,2021-09-20 17:24:00,HLMN
11.9,11.9,11.89,11.89,2598,2021-09-20 17:25:00,HLMN
11.895,11.895,11.89,11.89,700,2021-09-20 17:26:00,HLMN
11.9,11.9,11.89,11.89,800,2021-09-20 17:27:00,HLMN
11.9,11.905,11.89,11.905,6100,2021-09-20 17:28:00,HLMN
11.91,11.925,11.91,11.925,4851,2021-09-20 17:29:00,HLMN
11.92,11.925,11.9,11.9,6972,2021-09-20 17:30:00,HLMN
11.905,11.905,11.9,11.9,1052,2021-09-20 17:31:00,HLMN
11.9,11.905,11.89,11.89,3170,2021-09-20 17:32:00,HLMN
11.9,11.9,11.89,11.89,917,2021-09-20 17:33:00,HLMN
11.895,11.895,11.89,11.89,717,2021-09-20 17:34:00,HLMN
11.895,11.905,11.89,11.9,3400,2021-09-20 17:35:00,HLMN
11.9,11.9,11.89,11.9,3500,2021-09-20 17:36:00,HLMN
11.895,11.9,11.88,11.88,2473,2021-09-20 17:37:00,HLMN
11.88,11.89,11.88,11.88,700,2021-09-20 17:38:00,HLMN
11.89,11.89,11.88,11.88,1699,2021-09-20 17:39:00,HLMN
11.88,11.8855,11.88,11.88,2680,2021-09-20 17:40:00,HLMN
11.88,11.885,11.88,11.885,1800,2021-09-20 17:41:00,HLMN
11.88,11.885,11.88,11.88,3093,2021-09-20 17:42:00,HLMN
11.885,11.885,11.88,11.88,600,2021-09-20 17:43:00,HLMN
11.88,11.88,11.83,11.83,33356,2021-09-20 17:44:00,HLMN
11.83,11.83,11.8,11.81,10132,2021-09-20 17:45:00,HLMN
11.81,11.81,11.8,11.8,1027,2021-09-20 17:46:00,HLMN
11.805,11.81,11.8,11.805,2000,2021-09-20 17:47:00,HLMN
11.81,11.83,11.81,11.83,5208,2021-09-20 17:48:00,HLMN
11.825,11.835,11.82,11.82,1600,2021-09-20 17:49:00,HLMN
11.825,11.83,11.82,11.825,1900,2021-09-20 17:50:00,HLMN
11.83,11.83,11.82,11.82,800,2021-09-20 17:51:00,HLMN
11.825,11.84,11.82,11.84,9700,2021-09-20 17:52:00,HLMN
11.85,11.87,11.84,11.87,3007,2021-09-20 17:53:00,HLMN
11.87,12.0128,11.87,11.89,88373,2021-09-20 17:54:00,HLMN
11.885,11.89,11.87,11.88,6991,2021-09-20 17:55:00,HLMN
11.875,11.875,11.87,11.87,600,2021-09-20 17:56:00,HLMN
11.86,11.86,11.85,11.85,1900,2021-09-20 17:57:00,HLMN
11.855,11.855,11.85,11.85,900,2021-09-20 17:58:00,HLMN
11.855,11.865,11.855,11.86,3457,2021-09-20 17:59:00,HLMN
11.865,11.865,11.86,11.865,1600,2021-09-20 18:00:00,HLMN
11.87,11.875,11.87,11.875,3300,2021-09-20 18:01:00,HLMN
11.875,11.885,11.87,11.875,2296,2021-09-20 18:02:00,HLMN
11.88,11.88,11.87,11.88,1700,2021-09-20 18:03:00,HLMN
11.88,11.88,11.87,11.87,1300,2021-09-20 18:04:00,HLMN
11.88,11.89,11.87,11.88,2198,2021-09-20 18:05:00,HLMN
11.88,11.88,11.87,11.8708,1950,2021-09-20 18:06:00,HLMN
11.875,11.875,11.87,11.87,5446,2021-09-20 18:07:00,HLMN
11.87,11.87,11.81,11.81,9180,2021-09-20 18:08:00,HLMN
11.82,11.82,11.8,11.81,2921,2021-09-20 18:09:00,HLMN
11.805,11.805,11.8,11.8,901,2021-09-20 18:10:00,HLMN
11.8,11.805,11.8,11.8,1901,2021-09-20 18:11:00,HLMN
11.8,11.82,11.8,11.81,4200,2021-09-20 18:12:00,HLMN
11.815,11.82,11.81,11.81,2803,2021-09-20 18:13:00,HLMN
11.82,11.82,11.81,11.81,700,2021-09-20 18:14:00,HLMN
11.82,11.82,11.79,11.79,7852,2021-09-20 18:15:00,HLMN
11.8,11.8,11.78,11.79,2500,2021-09-20 18:16:00,HLMN
11.785,11.79,11.78,11.78,1700,2021-09-20 18:17:00,HLMN
11.79,11.795,11.79,11.79,1545,2021-09-20 18:18:00,HLMN
11.795,11.795,11.79,11.795,2083,2021-09-20 18:19:00,HLMN
11.79,11.795,11.785,11.79,5218,2021-09-20 18:20:00,HLMN
11.79,11.8,11.78,11.79,3400,2021-09-20 18:21:00,HLMN
11.79,11.8,11.78,11.8,1400,2021-09-20 18:22:00,HLMN
11.79,11.79,11.78,11.79,1104,2021-09-20 18:23:00,HLMN
11.79,11.79,11.78,11.79,2700,2021-09-20 18:24:00,HLMN
11.79,11.8,11.79,11.79,1700,2021-09-20 18:25:00,HLMN
11.795,11.8,11.79,11.79,1896,2021-09-20 18:26:00,HLMN
11.79,11.79,11.75,11.75,9234,2021-09-20 18:27:00,HLMN
11.76,11.77,11.75,11.76,3407,2021-09-20 18:28:00,HLMN
11.755,11.755,11.75,11.75,688,2021-09-20 18:29:00,HLMN
11.755,11.755,11.74,11.74,3700,2021-09-20 18:30:00,HLMN
11.745,11.745,11.74,11.74,2255,2021-09-20 18:31:00,HLMN
11.74,11.75,11.74,11.74,4615,2021-09-20 18:32:00,HLMN
11.74,11.745,11.74,11.745,1900,2021-09-20 18:33:00,HLMN
11.745,11.79,11.745,11.78,7540,2021-09-20 18:34:00,HLMN
11.775,11.775,11.76,11.76,4744,2021-09-20 18:35:00,HLMN
11.765,11.765,11.74,11.745,3670,2021-09-20 18:36:00,HLMN
11.75,11.76,11.74,11.75,2275,2021-09-20 18:37:00,HLMN
11.755,11.76,11.75,11.75,1618,2021-09-20 18:38:00,HLMN
11.755,11.755,11.745,11.75,4981,2021-09-20 18:39:00,HLMN
11.76,11.81,11.76,11.81,3775,2021-09-20 18:40:00,HLMN
11.8,11.8,11.795,11.795,3780,2021-09-20 18:41:00,HLMN
11.795,11.815,11.795,11.8,2933,2021-09-20 18:42:00,HLMN
11.81,11.81,11.8,11.805,4669,2021-09-20 18:43:00,HLMN
11.805,11.83,11.8,11.82,7053,2021-09-20 18:44:00,HLMN
11.825,11.825,11.825,11.825,1099,2021-09-20 18:45:00,HLMN
11.83,11.84,11.83,11.84,3002,2021-09-20 18:46:00,HLMN
11.845,11.855,11.84,11.845,2802,2021-09-20 18:47:00,HLMN
11.845,11.845,11.84,11.845,2496,2021-09-20 18:48:00,HLMN
11.845,11.845,11.84,11.84,1403,2021-09-20 18:49:00,HLMN
11.845,11.845,11.84,11.84,3176,2021-09-20 18:50:00,HLMN
11.845,11.845,11.83,11.83,10026,2021-09-20 18:51:00,HLMN
11.835,11.835,11.82,11.825,1812,2021-09-20 18:52:00,HLMN
11.825,11.825,11.82,11.82,1600,2021-09-20 18:53:00,HLMN
11.825,11.825,11.82,11.82,2430,2021-09-20 18:54:00,HLMN
11.82,11.83,11.82,11.825,5198,2021-09-20 18:55:00,HLMN
11.825,11.825,11.82,11.825,1500,2021-09-20 18:56:00,HLMN
11.825,11.835,11.825,11.83,4948,2021-09-20 18:57:00,HLMN
11.84,11.855,11.84,11.855,8788,2021-09-20 18:58:00,HLMN
11.855,11.89,11.85,11.875,11870,2021-09-20 18:59:00,HLMN
11.875,11.875,11.85,11.86,3675,2021-09-20 19:00:00,HLMN
11.855,11.855,11.85,11.855,1000,2021-09-20 19:01:00,HLMN
11.855,11.86,11.85,11.855,4901,2021-09-20 19:02:00,HLMN
11.86,11.875,11.8599,11.87,3679,2021-09-20 19:03:00,HLMN
11.88,11.88,11.87,11.87,6201,2021-09-20 19:04:00,HLMN
11.875,11.875,11.87,11.875,1435,2021-09-20 19:05:00,HLMN
11.875,11.875,11.86,11.87,5183,2021-09-20 19:06:00,HLMN
11.865,11.88,11.86,11.86,7700,2021-09-20 19:07:00,HLMN
11.855,11.86,11.85,11.855,1899,2021-09-20 19:08:00,HLMN
11.855,11.86,11.85,11.85,5810,2021-09-20 19:09:00,HLMN
11.845,11.85,11.84,11.85,1794,2021-09-20 19:10:00,HLMN
11.845,11.85,11.83,11.83,8875,2021-09-20 19:11:00,HLMN
11.84,11.84,11.82,11.825,1400,2021-09-20 19:12:00,HLMN
11.825,11.85,11.825,11.84,5017,2021-09-20 19:13:00,HLMN
11.85,11.85,11.84,11.85,4463,2021-09-20 19:14:00,HLMN
11.845,11.855,11.84,11.85,5161,2021-09-20 19:15:00,HLMN
11.85,11.85,11.84,11.85,1075,2021-09-20 19:16:00,HLMN
11.85,11.86,11.85,11.855,3800,2021-09-20 19:17:00,HLMN
11.855,11.855,11.84,11.85,10114,2021-09-20 19:18:00,HLMN
11.85,11.91,11.85,11.87,22555,2021-09-20 19:19:00,HLMN
11.87,11.92,11.87,11.895,10456,2021-09-20 19:20:00,HLMN
11.9,11.945,11.89,11.935,11363,2021-09-20 19:21:00,HLMN
11.935,11.96,11.925,11.94,11672,2021-09-20 19:22:00,HLMN
11.94,11.975,11.94,11.96,10734,2021-09-20 19:23:00,HLMN
11.96,11.98,11.95,11.96,14480,2021-09-20 19:24:00,HLMN
11.97,11.99,11.97,11.98,6546,2021-09-20 19:25:00,HLMN
11.985,11.985,11.97,11.975,8441,2021-09-20 19:26:00,HLMN
11.975,11.98,11.97,11.98,1499,2021-09-20 19:27:00,HLMN
11.975,11.99,11.975,11.99,6479,2021-09-20 19:28:00,HLMN
11.995,11.995,11.98,11.985,9923,2021-09-20 19:29:00,HLMN
11.985,11.99,11.98,11.985,3052,2021-09-20 19:30:00,HLMN
11.985,11.985,11.97,11.97,6727,2021-09-20 19:31:00,HLMN
11.975,11.98,11.97,11.975,3600,2021-09-20 19:32:00,HLMN
11.97,11.975,11.94,11.945,7198,2021-09-20 19:33:00,HLMN
11.945,11.945,11.94,11.94,1800,2021-09-20 19:34:00,HLMN
11.945,11.945,11.94,11.945,2200,2021-09-20 19:35:00,HLMN
11.945,11.97,11.94,11.97,15930,2021-09-20 19:36:00,HLMN
11.97,11.975,11.96,11.975,3863,2021-09-20 19:37:00,HLMN
11.97,11.975,11.96,11.96,8489,2021-09-20 19:38:00,HLMN
11.965,11.965,11.93,11.93,13490,2021-09-20 19:39:00,HLMN
11.935,11.935,11.93,11.93,1797,2021-09-20 19:40:00,HLMN
11.94,11.94,11.93,11.935,2395,2021-09-20 19:41:00,HLMN
11.935,11.94,11.93,11.935,4500,2021-09-20 19:42:00,HLMN
11.94,11.94,11.93,11.93,4127,2021-09-20 19:43:00,HLMN
11.93,11.95,11.91,11.915,29357,2021-09-20 19:44:00,HLMN
11.91,11.915,11.9,11.905,4845,2021-09-20 19:45:00,HLMN
11.905,11.905,11.9,11.905,1800,2021-09-20 19:46:00,HLMN
11.905,11.92,11.9,11.91,10142,2021-09-20 19:47:00,HLMN
11.915,11.92,11.9,11.905,10834,2021-09-20 19:48:00,HLMN
11.905,11.905,11.86,11.87,9783,2021-09-20 19:49:00,HLMN
11.87,11.9,11.865,11.895,10346,2021-09-20 19:50:00,HLMN
11.895,11.9,11.89,11.895,1700,2021-09-20 19:51:00,HLMN
11.895,11.9,11.84,11.845,20754,2021-09-20 19:52:00,HLMN
11.85,11.89,11.845,11.89,22229,2021-09-20 19:53:00,HLMN
11.89,11.91,11.885,11.9,14243,2021-09-20 19:54:00,HLMN
11.89,11.9,11.88,11.885,7563,2021-09-20 19:55:00,HLMN
11.885,11.8858,11.88,11.88,11227,2021-09-20 19:56:00,HLMN
11.88,11.89,11.88,11.88,17923,2021-09-20 19:57:00,HLMN
11.88,11.89,11.85,11.85,39977,2021-09-20 19:58:00,HLMN
11.855,11.86,11.83,11.84,50742,2021-09-20 19:59:00,HLMN
11.84,11.84,11.84,11.84,679751,2021-09-20 20:00:00,HLMN
11.84,11.84,11.84,11.84,249,2021-09-20 21:02:00,HLMN
12.105,12.105,11.87,12.0,8147,2021-09-21 13:30:00,HLMN
12.13,12.13,12.13,12.13,100,2021-09-21 13:32:00,HLMN
12.0,12.03,11.965,12.02,2000,2021-09-21 13:33:00,HLMN
12.02,12.03,11.94,11.94,1300,2021-09-21 13:34:00,HLMN
11.95,11.995,11.95,11.96,624,2021-09-21 13:35:00,HLMN
12.03,12.03,11.985,12.02,700,2021-09-21 13:36:00,HLMN
11.99,12.02,11.975,11.99,2600,2021-09-21 13:37:00,HLMN
11.99,12.0,11.99,12.0,950,2021-09-21 13:38:00,HLMN
12.0,12.01,11.99,11.99,2900,2021-09-21 13:39:00,HLMN
11.99,12.0,11.99,12.0,400,2021-09-21 13:40:00,HLMN
12.0,12.0,12.0,12.0,100,2021-09-21 13:41:00,HLMN
11.99,11.99,11.97,11.99,1300,2021-09-21 13:42:00,HLMN
12.01,12.01,12.0,12.005,1495,2021-09-21 13:44:00,HLMN
12.01,12.03,12.01,12.03,3775,2021-09-21 13:45:00,HLMN
12.04,12.1,12.04,12.1,1709,2021-09-21 13:46:00,HLMN
12.1,12.13,12.07,12.13,2748,2021-09-21 13:47:00,HLMN
12.115,12.2,12.115,12.2,7853,2021-09-21 13:48:00,HLMN
12.195,12.23,12.14,12.17,2749,2021-09-21 13:49:00,HLMN
12.175,12.18,12.175,12.175,1036,2021-09-21 13:50:00,HLMN
12.15,12.2,12.145,12.17,2928,2021-09-21 13:51:00,HLMN
12.17,12.17,12.15,12.15,400,2021-09-21 13:52:00,HLMN
12.17,12.18,12.155,12.18,500,2021-09-21 13:53:00,HLMN
12.155,12.17,12.15,12.17,1755,2021-09-21 13:54:00,HLMN
12.17,12.18,12.155,12.16,2000,2021-09-21 13:55:00,HLMN
12.165,12.18,12.15,12.17,795,2021-09-21 13:56:00,HLMN
12.19,12.19,12.15,12.19,574,2021-09-21 13:57:00,HLMN
12.18,12.18,12.155,12.17,3300,2021-09-21 13:58:00,HLMN
12.17,12.18,12.15,12.155,4442,2021-09-21 13:59:00,HLMN
12.15,12.16,12.15,12.16,1100,2021-09-21 14:00:00,HLMN
12.14,12.16,12.14,12.14,3243,2021-09-21 14:01:00,HLMN
12.15,12.18,12.14,12.14,8048,2021-09-21 14:02:00,HLMN
12.17,12.19,12.165,12.17,7906,2021-09-21 14:03:00,HLMN
12.175,12.23,12.175,12.21,2900,2021-09-21 14:04:00,HLMN
12.23,12.23,12.22,12.225,4188,2021-09-21 14:05:00,HLMN
12.23,12.25,12.215,12.22,13762,2021-09-21 14:06:00,HLMN
12.22,12.22,12.2,12.2,1157,2021-09-21 14:07:00,HLMN
12.2,12.2,12.18,12.18,1100,2021-09-21 14:08:00,HLMN
12.18,12.18,12.17,12.17,1457,2021-09-21 14:09:00,HLMN
12.17,12.18,12.17,12.17,3860,2021-09-21 14:10:00,HLMN
12.175,12.175,12.16,12.16,1200,2021-09-21 14:11:00,HLMN
12.19,12.19,12.165,12.165,4988,2021-09-21 14:12:00,HLMN
12.165,12.165,12.16,12.16,1416,2021-09-21 14:13:00,HLMN
12.165,12.17,12.16,12.16,2760,2021-09-21 14:14:00,HLMN
12.18,12.18,12.17,12.18,3800,2021-09-21 14:15:00,HLMN
12.18,12.185,12.17,12.17,4603,2021-09-21 14:16:00,HLMN
12.18,12.185,12.18,12.18,1639,2021-09-21 14:17:00,HLMN
12.19,12.195,12.185,12.19,6157,2021-09-21 14:18:00,HLMN
12.195,12.215,12.19,12.19,5316,2021-09-21 14:19:00,HLMN
12.21,12.22,12.2,12.205,2503,2021-09-21 14:20:00,HLMN
12.2,12.22,12.2,12.22,2761,2021-09-21 14:21:00,HLMN
12.21,12.22,12.21,12.21,1826,2021-09-21 14:22:00,HLMN
12.22,12.23,12.22,12.225,2000,2021-09-21 14:23:00,HLMN
12.229,12.235,12.225,12.23,4269,2021-09-21 14:24:00,HLMN
12.24,12.32,12.24,12.285,6200,2021-09-21 14:25:00,HLMN
12.29,12.29,12.26,12.27,33331,2021-09-21 14:26:00,HLMN
12.26,12.26,12.25,12.25,900,2021-09-21 14:27:00,HLMN
12.25,12.29,12.25,12.25,13171,2021-09-21 14:28:00,HLMN
12.26,12.27,12.25,12.26,20631,2021-09-21 14:29:00,HLMN
12.28,12.28,12.27,12.27,2298,2021-09-21 14:30:00,HLMN
12.28,12.285,12.275,12.28,4771,2021-09-21 14:31:00,HLMN
12.28,12.285,12.28,12.28,5000,2021-09-21 14:32:00,HLMN
12.28,12.285,12.28,12.285,22374,2021-09-21 14:33:00,HLMN
12.28,12.28,12.28,12.28,800,2021-09-21 14:34:00,HLMN
12.29,12.29,12.28,12.28,6342,2021-09-21 14:35:00,HLMN
12.29,12.3,12.29,12.295,7231,2021-09-21 14:36:00,HLMN
12.29,12.3,12.28,12.28,2502,2021-09-21 14:37:00,HLMN
12.28,12.28,12.23,12.245,5157,2021-09-21 14:38:00,HLMN
12.24,12.24,12.24,12.24,698,2021-09-21 14:39:00,HLMN
12.25,12.25,12.25,12.25,16180,2021-09-21 14:40:00,HLMN
12.25,12.26,12.25,12.25,3233,2021-09-21 14:41:00,HLMN
12.255,12.26,12.25,12.25,6529,2021-09-21 14:42:00,HLMN
12.25,12.27,12.25,12.25,2142,2021-09-21 14:43:00,HLMN
12.27,12.27,12.26,12.265,4338,2021-09-21 14:44:00,HLMN
12.26,12.26,12.24,12.24,10144,2021-09-21 14:45:00,HLMN
12.24,12.24,12.22,12.225,1412,2021-09-21 14:46:00,HLMN
12.22,12.22,12.18,12.18,2800,2021-09-21 14:47:00,HLMN
12.19,12.19,12.17,12.17,1800,2021-09-21 14:48:00,HLMN
12.18,12.19,12.17,12.18,11429,2021-09-21 14:49:00,HLMN
12.18,12.185,12.17,12.17,6930,2021-09-21 14:50:00,HLMN
12.17,12.17,12.11,12.11,36733,2021-09-21 14:51:00,HLMN
12.125,12.125,12.11,12.11,1698,2021-09-21 14:52:00,HLMN
12.125,12.13,12.12,12.12,1400,2021-09-21 14:53:00,HLMN
12.13,12.15,12.12,12.14,7488,2021-09-21 14:54:00,HLMN
12.14,12.165,12.13,12.16,8328,2021-09-21 14:55:00,HLMN
12.16,12.16,12.15,12.15,2945,2021-09-21 14:56:00,HLMN
12.155,12.155,12.12,12.12,3695,2021-09-21 14:57:00,HLMN
12.13,12.16,12.13,12.15,7281,2021-09-21 14:58:00,HLMN
12.135,12.14,12.13,12.14,1300,2021-09-21 14:59:00,HLMN
12.14,12.14,12.13,12.13,1200,2021-09-21 15:00:00,HLMN
12.13,12.14,12.12,12.14,3311,2021-09-21 15:01:00,HLMN
12.14,12.19,12.14,12.18,3594,2021-09-21 15:02:00,HLMN
12.18,12.19,12.17,12.17,8630,2021-09-21 15:03:00,HLMN
12.175,12.175,12.14,12.15,8447,2021-09-21 15:04:00,HLMN
12.15,12.15,12.14,12.14,1800,2021-09-21 15:05:00,HLMN
12.15,12.185,12.15,12.185,8820,2021-09-21 15:06:00,HLMN
12.17,12.18,12.17,12.18,1000,2021-09-21 15:07:00,HLMN
12.18,12.19,12.175,12.19,4436,2021-09-21 15:08:00,HLMN
12.19,12.23,12.19,12.2,14770,2021-09-21 15:09:00,HLMN
12.19,12.19,12.185,12.19,3744,2021-09-21 15:10:00,HLMN
12.2,12.2,12.19,12.195,2197,2021-09-21 15:11:00,HLMN
12.19,12.22,12.19,12.21,9732,2021-09-21 15:12:00,HLMN
12.2,12.22,12.2,12.2,3000,2021-09-21 15:13:00,HLMN
12.2,12.215,12.195,12.21,9855,2021-09-21 15:14:00,HLMN
12.22,12.22,12.21,12.21,1600,2021-09-21 15:15:00,HLMN
12.22,12.25,12.22,12.25,3400,2021-09-21 15:16:00,HLMN
12.25,12.25,12.23,12.25,1500,2021-09-21 15:17:00,HLMN
12.25,12.28,12.24,12.255,2045,2021-09-21 15:18:00,HLMN
12.27,12.27,12.24,12.255,2200,2021-09-21 15:19:00,HLMN
12.255,12.255,12.21,12.21,11713,2021-09-21 15:20:00,HLMN
12.215,12.23,12.21,12.22,5975,2021-09-21 15:21:00,HLMN
12.22,12.22,12.21,12.22,3998,2021-09-21 15:22:00,HLMN
12.215,12.22,12.2,12.205,4345,2021-09-21 15:23:00,HLMN
12.205,12.21,12.19,12.19,8104,2021-09-21 15:24:00,HLMN
12.195,12.2,12.18,12.18,6084,2021-09-21 15:25:00,HLMN
12.17,12.18,12.16,12.16,3637,2021-09-21 15:26:00,HLMN
12.165,12.19,12.16,12.16,8715,2021-09-21 15:27:00,HLMN
12.17,12.185,12.17,12.17,2000,2021-09-21 15:28:00,HLMN
12.175,12.18,12.17,12.17,3200,2021-09-21 15:29:00,HLMN
12.19,12.19,12.17,12.19,3000,2021-09-21 15:30:00,HLMN
12.19,12.2,12.19,12.2,4190,2021-09-21 15:31:00,HLMN
12.2,12.2,12.18,12.18,8516,2021-09-21 15:32:00,HLMN
12.19,12.19,12.17,12.17,4157,2021-09-21 15:33:00,HLMN
12.17,12.22,12.17,12.21,4514,2021-09-21 15:34:00,HLMN
12.22,12.22,12.2,12.2,1100,2021-09-21 15:35:00,HLMN
12.21,12.22,12.21,12.22,1400,2021-09-21 15:36:00,HLMN
12.22,12.23,12.21,12.21,3802,2021-09-21 15:37:00,HLMN
12.23,12.23,12.21,12.21,2446,2021-09-21 15:38:00,HLMN
12.22,12.22,12.21,12.22,2400,2021-09-21 15:39:00,HLMN
12.22,12.22,12.21,12.21,900,2021-09-21 15:40:00,HLMN
12.22,12.22,12.21,12.21,1600,2021-09-21 15:41:00,HLMN
12.215,12.22,12.21,12.215,5200,2021-09-21 15:42:00,HLMN
12.215,12.23,12.215,12.225,8273,2021-09-21 15:43:00,HLMN
12.23,12.28,12.225,12.26,4836,2021-09-21 15:44:00,HLMN
12.265,12.265,12.23,12.24,12197,2021-09-21 15:45:00,HLMN
12.24,12.24,12.23,12.23,800,2021-09-21 15:46:00,HLMN
12.24,12.25,12.23,12.25,1480,2021-09-21 15:47:00,HLMN
12.23,12.25,12.23,12.24,2700,2021-09-21 15:48:00,HLMN
12.245,12.26,12.23,12.24,9294,2021-09-21 15:49:00,HLMN
12.25,12.25,12.245,12.245,1000,2021-09-21 15:50:00,HLMN
12.245,12.245,12.24,12.24,1298,2021-09-21 15:51:00,HLMN
12.24,12.245,12.24,12.245,1400,2021-09-21 15:52:00,HLMN
12.25,12.25,12.24,12.24,1957,2021-09-21 15:53:00,HLMN
12.26,12.26,12.25,12.25,2470,2021-09-21 15:54:00,HLMN
12.26,12.3,12.26,12.27,9802,2021-09-21 15:55:00,HLMN
12.29,12.29,12.27,12.27,1200,2021-09-21 15:56:00,HLMN
12.28,12.3,12.28,12.28,4184,2021-09-21 15:57:00,HLMN
12.3,12.3,12.28,12.28,1599,2021-09-21 15:58:00,HLMN
12.28,12.285,12.28,12.28,3000,2021-09-21 15:59:00,HLMN
12.29,12.29,12.28,12.28,3000,2021-09-21 16:00:00,HLMN
12.29,12.29,12.28,12.28,1300,2021-09-21 16:01:00,HLMN
12.29,12.2916,12.28,12.28,8305,2021-09-21 16:02:00,HLMN
12.285,12.295,12.28,12.28,6300,2021-09-21 16:03:00,HLMN
12.285,12.29,12.28,12.285,1619,2021-09-21 16:04:00,HLMN
12.285,12.29,12.27,12.28,15657,2021-09-21 16:05:00,HLMN
12.27,12.27,12.23,12.24,3700,2021-09-21 16:06:00,HLMN
12.24,12.25,12.23,12.245,3900,2021-09-21 16:07:00,HLMN
12.25,12.255,12.25,12.25,2500,2021-09-21 16:08:00,HLMN
12.255,12.255,12.25,12.25,4400,2021-09-21 16:09:00,HLMN
12.255,12.26,12.25,12.25,2612,2021-09-21 16:10:00,HLMN
12.255,12.26,12.25,12.26,4455,2021-09-21 16:11:00,HLMN
12.265,12.265,12.26,12.26,1200,2021-09-21 16:12:00,HLMN
12.265,12.265,12.26,12.26,2055,2021-09-21 16:13:00,HLMN
12.26,12.26,12.26,12.26,716,2021-09-21 16:14:00,HLMN
12.265,12.265,12.26,12.265,1986,2021-09-21 16:15:00,HLMN
12.27,12.27,12.26,12.26,3545,2021-09-21 16:16:00,HLMN
12.26,12.26,12.26,12.26,1106,2021-09-21 16:17:00,HLMN
12.26,12.27,12.26,12.26,5826,2021-09-21 16:18:00,HLMN
12.25,12.25,12.22,12.22,3012,2021-09-21 16:19:00,HLMN
12.225,12.23,12.22,12.22,3973,2021-09-21 16:20:00,HLMN
12.23,12.235,12.23,12.23,1900,2021-09-21 16:21:00,HLMN
12.235,12.235,12.235,12.235,1100,2021-09-21 16:22:00,HLMN
12.235,12.26,12.235,12.26,5813,2021-09-21 16:23:00,HLMN
12.25,12.26,12.25,12.25,7564,2021-09-21 16:24:00,HLMN
12.255,12.27,12.25,12.27,3110,2021-09-21 16:25:00,HLMN
12.27,12.27,12.26,12.26,3600,2021-09-21 16:26:00,HLMN
12.27,12.27,12.26,12.26,1100,2021-09-21 16:27:00,HLMN
12.26,12.265,12.26,12.26,6610,2021-09-21 16:28:00,HLMN
12.265,12.265,12.26,12.26,1552,2021-09-21 16:29:00,HLMN
12.265,12.265,12.26,12.265,800,2021-09-21 16:30:00,HLMN
12.265,12.265,12.26,12.26,4698,2021-09-21 16:31:00,HLMN
12.26,12.26,12.25,12.25,1700,2021-09-21 16:32:00,HLMN
12.245,12.245,12.235,12.235,2500,2021-09-21 16:33:00,HLMN
12.235,12.26,12.235,12.255,32631,2021-09-21 16:34:00,HLMN
12.265,12.265,12.26,12.26,1200,2021-09-21 16:35:00,HLMN
12.265,12.265,12.26,12.26,7400,2021-09-21 16:36:00,HLMN
12.27,12.27,12.26,12.265,3200,2021-09-21 16:37:00,HLMN
12.27,12.27,12.26,12.265,2920,2021-09-21 16:38:00,HLMN
12.265,12.27,12.26,12.265,2205,2021-09-21 16:39:00,HLMN
12.265,12.275,12.265,12.27,5295,2021-09-21 16:40:00,HLMN
12.28,12.28,12.27,12.27,9812,2021-09-21 16:41:00,HLMN
12.27,12.275,12.27,12.27,4000,2021-09-21 16:42:00,HLMN
12.275,12.275,12.27,12.27,900,2021-09-21 16:43:00,HLMN
12.28,12.28,12.27,12.275,2000,2021-09-21 16:44:00,HLMN
12.28,12.29,12.275,12.285,8129,2021-09-21 16:45:00,HLMN
12.29,12.29,12.27,12.27,7620,2021-09-21 16:46:00,HLMN
12.275,12.275,12.27,12.27,2200,2021-09-21 16:47:00,HLMN
12.275,12.275,12.27,12.27,900,2021-09-21 16:48:00,HLMN
12.2713,12.275,12.27,12.275,2575,2021-09-21 16:49:00,HLMN
12.275,12.275,12.24,12.24,12448,2021-09-21 16:50:00,HLMN
12.24,12.26,12.23,12.26,29798,2021-09-21 16:51:00,HLMN
12.26,12.26,12.25,12.255,1100,2021-09-21 16:52:00,HLMN
12.25,12.255,12.25,12.255,1000,2021-09-21 16:53:00,HLMN
12.25,12.25,12.25,12.25,700,2021-09-21 16:54:00,HLMN
12.25,12.255,12.25,12.255,900,2021-09-21 16:55:00,HLMN
12.255,12.255,12.25,12.255,794,2021-09-21 16:56:00,HLMN
12.26,12.275,12.26,12.27,7711,2021-09-21 16:57:00,HLMN
12.27,12.28,12.27,12.27,1972,2021-09-21 16:58:00,HLMN
12.275,12.28,12.27,12.27,1800,2021-09-21 16:59:00,HLMN
12.28,12.28,12.27,12.27,2300,2021-09-21 17:00:00,HLMN
12.275,12.28,12.27,12.28,1400,2021-09-21 17:01:00,HLMN
12.28,12.28,12.27,12.275,1600,2021-09-21 17:02:00,HLMN
12.28,12.28,12.27,12.28,3131,2021-09-21 17:03:00,HLMN
12.28,12.28,12.27,12.275,3145,2021-09-21 17:04:00,HLMN
12.28,12.28,12.27,12.275,1700,2021-09-21 17:05:00,HLMN
12.28,12.29,12.27,12.28,17574,2021-09-21 17:06:00,HLMN
12.28,12.28,12.265,12.265,6447,2021-09-21 17:07:00,HLMN
12.265,12.265,12.26,12.265,800,2021-09-21 17:08:00,HLMN
12.26,12.265,12.26,12.26,800,2021-09-21 17:09:00,HLMN
12.265,12.265,12.25,12.25,5039,2021-09-21 17:10:00,HLMN
12.255,12.255,12.25,12.25,850,2021-09-21 17:11:00,HLMN
12.255,12.255,12.25,12.255,1750,2021-09-21 17:12:00,HLMN
12.255,12.26,12.25,12.255,2400,2021-09-21 17:13:00,HLMN
12.255,12.27,12.255,12.265,7096,2021-09-21 17:14:00,HLMN
12.27,12.27,12.26,12.27,1200,2021-09-21 17:15:00,HLMN
12.27,12.275,12.265,12.27,2707,2021-09-21 17:16:00,HLMN
12.275,12.31,12.275,12.28,48654,2021-09-21 17:17:00,HLMN
12.29,12.3,12.28,12.285,60319,2021-09-21 17:18:00,HLMN
12.28,12.31,12.27,12.29,12585,2021-09-21 17:19:00,HLMN
12.295,12.295,12.29,12.29,4200,2021-09-21 17:20:00,HLMN
12.295,12.3014,12.29,12.29,25211,2021-09-21 17:21:00,HLMN
12.3,12.32,12.3,12.31,32525,2021-09-21 17:22:00,HLMN
12.315,12.315,12.28,12.28,10365,2021-09-21 17:23:00,HLMN
12.285,12.3,12.27,12.27,31462,2021-09-21 17:24:00,HLMN
12.28,12.285,12.28,12.28,2000,2021-09-21 17:25:00,HLMN
12.28,12.315,12.28,12.29,13433,2021-09-21 17:26:00,HLMN
12.29,12.3,12.29,12.29,3340,2021-09-21 17:27:00,HLMN
12.29,12.32,12.29,12.3,5212,2021-09-21 17:28:00,HLMN
12.3,12.3,12.29,12.29,2900,2021-09-21 17:29:00,HLMN
12.295,12.3,12.29,12.29,900,2021-09-21 17:30:00,HLMN
12.3,12.3,12.29,12.3,3200,2021-09-21 17:31:00,HLMN
12.29,12.305,12.29,12.295,9674,2021-09-21 17:32:00,HLMN
12.3,12.3,12.29,12.29,2511,2021-09-21 17:33:00,HLMN
12.3,12.3,12.29,12.295,3900,2021-09-21 17:34:00,HLMN
12.295,12.295,12.27,12.27,14049,2021-09-21 17:35:00,HLMN
12.275,12.275,12.25,12.25,6607,2021-09-21 17:36:00,HLMN
12.255,12.255,12.2301,12.245,6706,2021-09-21 17:37:00,HLMN
12.25,12.26,12.25,12.25,2982,2021-09-21 17:38:00,HLMN
12.255,12.265,12.25,12.26,5090,2021-09-21 17:39:00,HLMN
12.27,12.28,12.265,12.28,2100,2021-09-21 17:40:00,HLMN
12.28,12.29,12.28,12.29,2600,2021-09-21 17:41:00,HLMN
12.29,12.29,12.27,12.27,12488,2021-09-21 17:42:00,HLMN
12.27,12.27,12.26,12.26,1200,2021-09-21 17:43:00,HLMN
12.27,12.27,12.26,12.26,900,2021-09-21 17:44:00,HLMN
12.27,12.27,12.27,12.27,1900,2021-09-21 17:45:00,HLMN
12.28,12.28,12.27,12.27,1500,2021-09-21 17:46:00,HLMN
12.28,12.29,12.28,12.28,7200,2021-09-21 17:47:00,HLMN
12.285,12.2869,12.28,12.28,1815,2021-09-21 17:48:00,HLMN
12.28,12.29,12.28,12.28,11900,2021-09-21 17:49:00,HLMN
12.27,12.3,12.25,12.26,63752,2021-09-21 17:50:00,HLMN
12.27,12.285,12.27,12.27,1481,2021-09-21 17:51:00,HLMN
12.27,12.29,12.27,12.28,2100,2021-09-21 17:52:00,HLMN
12.28,12.29,12.28,12.28,2499,2021-09-21 17:53:00,HLMN
12.28,12.28,12.27,12.27,1900,2021-09-21 17:54:00,HLMN
12.28,12.29,12.28,12.29,2300,2021-09-21 17:55:00,HLMN
12.29,12.29,12.28,12.29,1700,2021-09-21 17:56:00,HLMN
12.29,12.29,12.27,12.27,18924,2021-09-21 17:57:00,HLMN
12.265,12.27,12.26,12.26,6545,2021-09-21 17:58:00,HLMN
12.27,12.27,12.26,12.27,1856,2021-09-21 17:59:00,HLMN
12.28,12.28,12.27,12.27,1877,2021-09-21 18:00:00,HLMN
12.285,12.285,12.28,12.28,500,2021-09-21 18:01:00,HLMN
12.28,12.29,12.27,12.27,1700,2021-09-21 18:02:00,HLMN
12.275,12.275,12.27,12.27,700,2021-09-21 18:03:00,HLMN
12.28,12.28,12.23,12.23,13600,2021-09-21 18:04:00,HLMN
12.24,12.25,12.23,12.25,3700,2021-09-21 18:05:00,HLMN
12.25,12.265,12.25,12.25,2000,2021-09-21 18:06:00,HLMN
12.26,12.265,12.255,12.26,1122,2021-09-21 18:07:00,HLMN
12.26,12.26,12.25,12.26,5700,2021-09-21 18:08:00,HLMN
12.27,12.27,12.26,12.26,7195,2021-09-21 18:09:00,HLMN
12.26,12.265,12.26,12.26,2300,2021-09-21 18:10:00,HLMN
12.265,12.265,12.26,12.26,700,2021-09-21 18:11:00,HLMN
12.265,12.27,12.26,12.265,5500,2021-09-21 18:12:00,HLMN
12.265,12.265,12.24,12.245,12439,2021-09-21 18:13:00,HLMN
12.245,12.245,12.24,12.245,2000,2021-09-21 18:14:00,HLMN
12.245,12.245,12.24,12.245,1198,2021-09-21 18:15:00,HLMN
12.245,12.245,12.24,12.245,1600,2021-09-21 18:16:00,HLMN
12.245,12.25,12.23,12.245,10611,2021-09-21 18:17:00,HLMN
12.245,12.25,12.24,12.25,2811,2021-09-21 18:18:00,HLMN
12.25,12.27,12.25,12.25,5948,2021-09-21 18:19:00,HLMN
12.26,12.27,12.25,12.25,2200,2021-09-21 18:20:00,HLMN
12.26,12.26,12.25,12.25,1200,2021-09-21 18:21:00,HLMN
12.26,12.27,12.255,12.26,3903,2021-09-21 18:22:00,HLMN
12.26,12.27,12.255,12.26,4019,2021-09-21 18:23:00,HLMN
12.265,12.265,12.24,12.25,2596,2021-09-21 18:24:00,HLMN
12.245,12.25,12.24,12.245,2960,2021-09-21 18:25:00,HLMN
12.245,12.245,12.24,12.24,8084,2021-09-21 18:26:00,HLMN
12.23,12.245,12.225,12.23,4460,2021-09-21 18:27:00,HLMN
12.227,12.227,12.22,12.22,1500,2021-09-21 18:28:00,HLMN
12.23,12.23,12.22,12.22,900,2021-09-21 18:29:00,HLMN
12.23,12.235,12.23,12.23,3616,2021-09-21 18:30:00,HLMN
12.24,12.25,12.23,12.245,5700,2021-09-21 18:31:00,HLMN
12.25,12.26,12.25,12.26,2000,2021-09-21 18:32:00,HLMN
12.255,12.26,12.25,12.26,1400,2021-09-21 18:33:00,HLMN
12.26,12.29,12.26,12.29,8183,2021-09-21 18:34:00,HLMN
12.28,12.29,12.275,12.29,2975,2021-09-21 18:35:00,HLMN
12.29,12.29,12.28,12.29,3126,2021-09-21 18:36:00,HLMN
12.29,12.3,12.28,12.28,3900,2021-09-21 18:37:00,HLMN
12.2793,12.28,12.27,12.27,1877,2021-09-21 18:38:00,HLMN
12.29,12.29,12.28,12.285,1700,2021-09-21 18:39:00,HLMN
12.285,12.3,12.285,12.3,2800,2021-09-21 18:40:00,HLMN
12.3,12.31,12.295,12.305,5000,2021-09-21 18:41:00,HLMN
12.305,12.305,12.28,12.285,2965,2021-09-21 18:42:00,HLMN
12.285,12.29,12.28,12.28,3109,2021-09-21 18:43:00,HLMN
12.29,12.29,12.28,12.28,1509,2021-09-21 18:44:00,HLMN
12.29,12.29,12.28,12.28,6579,2021-09-21 18:45:00,HLMN
12.28,12.295,12.28,12.28,3429,2021-09-21 18:46:00,HLMN
12.29,12.29,12.28,12.29,1100,2021-09-21 18:47:00,HLMN
12.29,12.29,12.28,12.285,3168,2021-09-21 18:48:00,HLMN
12.285,12.29,12.27,12.275,5990,2021-09-21 18:49:00,HLMN
12.28,12.305,12.28,12.29,16458,2021-09-21 18:50:00,HLMN
12.29,12.295,12.28,12.29,4217,2021-09-21 18:51:00,HLMN
12.29,12.29,12.27,12.27,7600,2021-09-21 18:52:00,HLMN
12.275,12.275,12.26,12.26,3500,2021-09-21 18:53:00,HLMN
12.27,12.27,12.26,12.27,51900,2021-09-21 18:54:00,HLMN
12.28,12.28,12.27,12.275,1000,2021-09-21 18:55:00,HLMN
12.28,12.28,12.26,12.26,11300,2021-09-21 18:56:00,HLMN
12.255,12.255,12.24,12.245,3667,2021-09-21 18:57:00,HLMN
12.24,12.24,12.22,12.22,2750,2021-09-21 18:58:00,HLMN
12.23,12.23,12.22,12.225,5500,2021-09-21 18:59:00,HLMN
12.225,12.23,12.22,12.22,6033,2021-09-21 19:00:00,HLMN
12.23,12.23,12.22,12.225,3796,2021-09-21 19:01:00,HLMN
12.225,12.23,12.22,12.225,9038,2021-09-21 19:02:00,HLMN
12.225,12.225,12.16,12.16,8882,2021-09-21 19:03:00,HLMN
12.17,12.17,12.155,12.165,10966,2021-09-21 19:04:00,HLMN
12.165,12.17,12.14,12.14,6923,2021-09-21 19:05:00,HLMN
12.145,12.165,12.145,12.165,4940,2021-09-21 19:06:00,HLMN
12.165,12.17,12.155,12.16,4705,2021-09-21 19:07:00,HLMN
12.16,12.17,12.16,12.165,3060,2021-09-21 19:08:00,HLMN
12.165,12.195,12.165,12.195,2850,2021-09-21 19:09:00,HLMN
12.195,12.205,12.19,12.195,7992,2021-09-21 19:10:00,HLMN
12.19,12.2,12.185,12.19,6832,2021-09-21 19:11:00,HLMN
12.18,12.185,12.15,12.16,6498,2021-09-21 19:12:00,HLMN
12.16,12.165,12.155,12.16,4236,2021-09-21 19:13:00,HLMN
12.165,12.19,12.165,12.185,3482,2021-09-21 19:14:00,HLMN
12.19,12.195,12.18,12.195,3000,2021-09-21 19:15:00,HLMN
12.195,12.2,12.19,12.2,5370,2021-09-21 19:16:00,HLMN
12.19,12.2,12.19,12.19,2799,2021-09-21 19:17:00,HLMN
12.195,12.2,12.19,12.2,1330,2021-09-21 19:18:00,HLMN
12.2,12.2,12.145,12.145,20697,2021-09-21 19:19:00,HLMN
12.145,12.2,12.145,12.19,9697,2021-09-21 19:20:00,HLMN
12.2,12.2,12.17,12.17,11043,2021-09-21 19:21:00,HLMN
12.18,12.18,12.17,12.17,1000,2021-09-21 19:22:00,HLMN
12.175,12.185,12.17,12.18,3700,2021-09-21 19:23:00,HLMN
12.185,12.19,12.175,12.18,7198,2021-09-21 19:24:00,HLMN
12.175,12.175,12.16,12.16,2275,2021-09-21 19:25:00,HLMN
12.16,12.175,12.155,12.175,7287,2021-09-21 19:26:00,HLMN
12.175,12.18,12.17,12.18,3638,2021-09-21 19:27:00,HLMN
12.17,12.175,12.15,12.155,12232,2021-09-21 19:28:00,HLMN
12.155,12.175,12.155,12.175,3395,2021-09-21 19:29:00,HLMN
12.17,12.175,12.17,12.175,3000,2021-09-21 19:30:00,HLMN
12.175,12.175,12.17,12.175,1800,2021-09-21 19:31:00,HLMN
12.17,12.175,12.17,12.175,6715,2021-09-21 19:32:00,HLMN
12.17,12.175,12.155,12.155,15559,2021-09-21 19:33:00,HLMN
12.155,12.16,12.15,12.155,5794,2021-09-21 19:34:00,HLMN
12.155,12.185,12.15,12.185,16410,2021-09-21 19:35:00,HLMN
12.185,12.185,12.18,12.18,6046,2021-09-21 19:36:00,HLMN
12.185,12.185,12.18,12.185,5431,2021-09-21 19:37:00,HLMN
12.185,12.185,12.17,12.18,11460,2021-09-21 19:38:00,HLMN
12.175,12.175,12.17,12.17,3008,2021-09-21 19:39:00,HLMN
12.17,12.17,12.15,12.155,16883,2021-09-21 19:40:00,HLMN
12.155,12.155,12.15,12.155,2700,2021-09-21 19:41:00,HLMN
12.155,12.16,12.15,12.15,5083,2021-09-21 19:42:00,HLMN
12.155,12.155,12.15,12.155,8504,2021-09-21 19:43:00,HLMN
12.15,12.15,12.11,12.12,24239,2021-09-21 19:44:00,HLMN
12.125,12.125,12.12,12.12,3308,2021-09-21 19:45:00,HLMN
12.12,12.125,12.12,12.125,4002,2021-09-21 19:46:00,HLMN
12.12,12.125,12.12,12.125,6400,2021-09-21 19:47:00,HLMN
12.125,12.13,12.12,12.12,3500,2021-09-21 19:48:00,HLMN
12.12,12.125,12.12,12.12,3552,2021-09-21 19:49:00,HLMN
12.11,12.125,12.04,12.045,32055,2021-09-21 19:50:00,HLMN
12.045,12.065,12.0423,12.065,19940,2021-09-21 19:51:00,HLMN
12.06,12.06,12.05,12.05,7953,2021-09-21 19:52:00,HLMN
12.06,12.06,12.02,12.04,23555,2021-09-21 19:53:00,HLMN
12.045,12.045,12.015,12.02,19269,2021-09-21 19:54:00,HLMN
12.025,12.03,12.02,12.02,11000,2021-09-21 19:55:00,HLMN
12.02,12.03,12.02,12.02,14241,2021-09-21 19:56:00,HLMN
12.025,12.03,12.02,12.025,24103,2021-09-21 19:57:00,HLMN
12.02,12.04,12.02,12.04,37998,2021-09-21 19:58:00,HLMN
12.04,12.08,12.04,12.08,57358,2021-09-21 19:59:00,HLMN
12.07,12.07,12.07,12.07,852465,2021-09-21 20:00:00,HLMN
12.07,12.07,12.07,12.07,2646,2021-09-22 13:30:00,HLMN
12.11,12.13,12.11,12.13,200,2021-09-22 13:31:00,HLMN
12.16,12.18,12.16,12.18,300,2021-09-22 13:32:00,HLMN
12.18,12.18,12.125,12.125,200,2021-09-22 13:33:00,HLMN
12.19,12.19,12.175,12.175,200,2021-09-22 13:34:00,HLMN
12.19,12.19,12.16,12.19,400,2021-09-22 13:35:00,HLMN
12.2,12.2,12.155,12.19,700,2021-09-22 13:36:00,HLMN
12.19,12.19,12.18,12.19,300,2021-09-22 13:37:00,HLMN
12.19,12.19,12.16,12.19,400,2021-09-22 13:38:00,HLMN
12.19,12.19,12.16,12.16,410,2021-09-22 13:39:00,HLMN
12.18,12.18,12.1675,12.1675,200,2021-09-22 13:40:00,HLMN
12.1675,12.18,12.1386,12.155,750,2021-09-22 13:41:00,HLMN
12.16,12.16,12.15,12.15,200,2021-09-22 13:42:00,HLMN
12.15,12.15,12.13,12.13,1000,2021-09-22 13:43:00,HLMN
12.12,12.12,12.12,12.12,100,2021-09-22 13:44:00,HLMN
12.15,12.155,12.15,12.155,290,2021-09-22 13:46:00,HLMN
12.155,12.16,12.145,12.16,1432,2021-09-22 13:47:00,HLMN
12.15,12.17,12.15,12.155,500,2021-09-22 13:48:00,HLMN
12.16,12.16,12.15,12.15,400,2021-09-22 13:49:00,HLMN
12.15,12.155,12.15,12.155,200,2021-09-22 13:50:00,HLMN
12.17,12.17,12.15,12.17,700,2021-09-22 13:51:00,HLMN
12.15,12.155,12.15,12.155,300,2021-09-22 13:52:00,HLMN
12.18,12.18,12.16,12.18,639,2021-09-22 13:53:00,HLMN
12.16,12.165,12.16,12.165,900,2021-09-22 13:54:00,HLMN
12.165,12.165,12.1,12.12,3632,2021-09-22 13:55:00,HLMN
12.12,12.15,12.12,12.15,300,2021-09-22 13:56:00,HLMN
12.15,12.15,12.15,12.15,1300,2021-09-22 13:57:00,HLMN
12.15,12.15,12.15,12.15,100,2021-09-22 13:58:00,HLMN
12.15,12.15,12.11,12.12,1628,2021-09-22 13:59:00,HLMN
12.1,12.12,12.08,12.115,1200,2021-09-22 14:00:00,HLMN
12.12,12.12,12.04,12.04,5314,2021-09-22 14:01:00,HLMN
12.065,12.065,12.05,12.05,1296,2021-09-22 14:02:00,HLMN
12.065,12.07,12.06,12.06,3778,2021-09-22 14:03:00,HLMN
12.065,12.07,12.06,12.06,1000,2021-09-22 14:04:00,HLMN
12.07,12.09,12.07,12.07,2700,2021-09-22 14:05:00,HLMN
12.08,12.08,12.07,12.08,3004,2021-09-22 14:06:00,HLMN
12.08,12.08,12.065,12.065,1800,2021-09-22 14:07:00,HLMN
12.09,12.09,12.06,12.06,5889,2021-09-22 14:08:00,HLMN
12.06,12.1,12.06,12.08,2813,2021-09-22 14:09:00,HLMN
12.09,12.11,12.09,12.105,2276,2021-09-22 14:10:00,HLMN
12.105,12.105,12.09,12.105,1400,2021-09-22 14:11:00,HLMN
12.105,12.105,12.09,12.105,1900,2021-09-22 14:12:00,HLMN
12.1,12.11,12.08,12.08,4691,2021-09-22 14:13:00,HLMN
12.09,12.11,12.09,12.1,3600,2021-09-22 14:14:00,HLMN
12.1,12.11,12.1,12.11,1600,2021-09-22 14:15:00,HLMN
12.115,12.12,12.11,12.115,3499,2021-09-22 14:16:00,HLMN
12.12,12.125,12.12,12.125,2600,2021-09-22 14:17:00,HLMN
12.12,12.16,12.12,12.15,5968,2021-09-22 14:18:00,HLMN
12.16,12.18,12.15,12.18,4097,2021-09-22 14:19:00,HLMN
12.17,12.18,12.16,12.17,4509,2021-09-22 14:20:00,HLMN
12.17,12.17,12.14,12.15,1800,2021-09-22 14:21:00,HLMN
12.15,12.15,12.12,12.13,7951,2021-09-22 14:22:00,HLMN
12.13,12.13,12.12,12.13,4275,2021-09-22 14:23:00,HLMN
12.135,12.14,12.12,12.13,1600,2021-09-22 14:24:00,HLMN
12.14,12.14,12.13,12.135,1700,2021-09-22 14:25:00,HLMN
12.14,12.15,12.13,12.145,2200,2021-09-22 14:26:00,HLMN
12.15,12.15,12.13,12.13,2800,2021-09-22 14:27:00,HLMN
12.15,12.15,12.13,12.15,1698,2021-09-22 14:28:00,HLMN
12.145,12.16,12.14,12.15,3909,2021-09-22 14:29:00,HLMN
12.15,12.165,12.15,12.16,2674,2021-09-22 14:30:00,HLMN
12.17,12.17,12.15,12.15,4616,2021-09-22 14:31:00,HLMN
12.15,12.16,12.1,12.1,6681,2021-09-22 14:32:00,HLMN
12.115,12.125,12.11,12.115,3100,2021-09-22 14:33:00,HLMN
12.12,12.12,12.11,12.12,1200,2021-09-22 14:34:00,HLMN
12.125,12.13,12.12,12.125,1998,2021-09-22 14:35:00,HLMN
12.13,12.13,12.11,12.12,2700,2021-09-22 14:36:00,HLMN
12.12,12.13,12.11,12.12,3699,2021-09-22 14:37:00,HLMN
12.12,12.12,12.11,12.115,2600,2021-09-22 14:38:00,HLMN
12.115,12.125,12.11,12.125,3530,2021-09-22 14:39:00,HLMN
12.12,12.13,12.12,12.12,2400,2021-09-22 14:40:00,HLMN
12.12,12.13,12.12,12.12,1800,2021-09-22 14:41:00,HLMN
12.13,12.13,12.12,12.125,3300,2021-09-22 14:42:00,HLMN
12.13,12.135,12.12,12.12,3651,2021-09-22 14:43:00,HLMN
12.12,12.125,12.12,12.12,1262,2021-09-22 14:44:00,HLMN
12.13,12.13,12.12,12.125,2596,2021-09-22 14:45:00,HLMN
12.13,12.135,12.125,12.135,3000,2021-09-22 14:46:00,HLMN
12.14,12.14,12.13,12.135,1829,2021-09-22 14:47:00,HLMN
12.14,12.145,12.14,12.145,4000,2021-09-22 14:48:00,HLMN
12.15,12.15,12.14,12.145,1500,2021-09-22 14:49:00,HLMN
12.14,12.155,12.14,12.15,3582,2021-09-22 14:50:00,HLMN
12.16,12.185,12.155,12.175,3900,2021-09-22 14:51:00,HLMN
12.175,12.175,12.14,12.145,3400,2021-09-22 14:52:00,HLMN
12.145,12.145,12.14,12.145,1201,2021-09-22 14:53:00,HLMN
12.145,12.15,12.14,12.14,3176,2021-09-22 14:54:00,HLMN
12.15,12.15,12.12,12.135,2200,2021-09-22 14:55:00,HLMN
12.135,12.135,12.12,12.135,1900,2021-09-22 14:56:00,HLMN
12.135,12.14,12.12,12.14,2900,2021-09-22 14:57:00,HLMN
12.14,12.15,12.13,12.145,2532,2021-09-22 14:58:00,HLMN
12.145,12.16,12.13,12.145,3800,2021-09-22 14:59:00,HLMN
12.13,12.16,12.13,12.14,1800,2021-09-22 15:00:00,HLMN
12.16,12.16,12.15,12.16,4657,2021-09-22 15:01:00,HLMN
12.17,12.17,12.16,12.17,1200,2021-09-22 15:02:00,HLMN
12.165,12.17,12.16,12.165,4327,2021-09-22 15:03:00,HLMN
12.17,12.17,12.16,12.165,1200,2021-09-22 15:04:00,HLMN
12.17,12.17,12.16,12.165,1400,2021-09-22 15:05:00,HLMN
12.17,12.23,12.17,12.215,9520,2021-09-22 15:06:00,HLMN
12.22,12.23,12.21,12.215,2550,2021-09-22 15:07:00,HLMN
12.22,12.22,12.2,12.205,6173,2021-09-22 15:08:00,HLMN
12.205,12.21,12.185,12.185,4947,2021-09-22 15:09:00,HLMN
12.165,12.165,12.15,12.165,1500,2021-09-22 15:10:00,HLMN
12.165,12.18,12.15,12.165,1500,2021-09-22 15:11:00,HLMN
12.16,12.18,12.16,12.17,5111,2021-09-22 15:12:00,HLMN
12.18,12.2,12.17,12.2,4940,2021-09-22 15:13:00,HLMN
12.2,12.21,12.19,12.2,3300,2021-09-22 15:14:00,HLMN
12.2,12.21,12.19,12.19,2000,2021-09-22 15:15:00,HLMN
12.2,12.21,12.19,12.195,2201,2021-09-22 15:16:00,HLMN
12.2,12.2,12.19,12.195,1710,2021-09-22 15:17:00,HLMN
12.2,12.2,12.19,12.195,1800,2021-09-22 15:18:00,HLMN
12.2,12.2,12.19,12.195,2200,2021-09-22 15:19:00,HLMN
12.2,12.205,12.2,12.2,8100,2021-09-22 15:20:00,HLMN
12.2,12.205,12.18,12.18,4580,2021-09-22 15:21:00,HLMN
12.16,12.185,12.16,12.16,1233,2021-09-22 15:22:00,HLMN
12.18,12.19,12.17,12.17,4000,2021-09-22 15:23:00,HLMN
12.18,12.18,12.17,12.18,3100,2021-09-22 15:24:00,HLMN
12.18,12.19,12.17,12.18,2600,2021-09-22 15:25:00,HLMN
12.19,12.19,12.17,12.175,2400,2021-09-22 15:26:00,HLMN
12.18,12.185,12.17,12.18,3320,2021-09-22 15:27:00,HLMN
12.18,12.19,12.17,12.18,5351,2021-09-22 15:28:00,HLMN
12.18,12.2,12.18,12.195,6466,2021-09-22 15:29:00,HLMN
12.2,12.21,12.19,12.2,4400,2021-09-22 15:30:00,HLMN
12.2,12.21,12.2,12.205,2713,2021-09-22 15:31:00,HLMN
12.205,12.205,12.2,12.205,1400,2021-09-22 15:32:00,HLMN
12.21,12.215,12.2,12.21,3307,2021-09-22 15:33:00,HLMN
12.22,12.22,12.2,12.21,6907,2021-09-22 15:34:00,HLMN
12.215,12.22,12.19,12.195,8729,2021-09-22 15:35:00,HLMN
12.2,12.2,12.19,12.195,1000,2021-09-22 15:36:00,HLMN
12.195,12.2,12.18,12.19,1600,2021-09-22 15:37:00,HLMN
12.19,12.195,12.18,12.18,2321,2021-09-22 15:38:00,HLMN
12.18,12.195,12.18,12.195,2600,2021-09-22 15:39:00,HLMN
12.195,12.195,12.185,12.195,2200,2021-09-22 15:40:00,HLMN
12.195,12.2,12.19,12.195,2034,2021-09-22 15:41:00,HLMN
12.195,12.2,12.19,12.195,1400,2021-09-22 15:42:00,HLMN
12.19,12.2,12.19,12.195,1500,2021-09-22 15:43:00,HLMN
12.19,12.195,12.17,12.17,7927,2021-09-22 15:44:00,HLMN
12.175,12.175,12.15,12.165,1500,2021-09-22 15:45:00,HLMN
12.18,12.18,12.15,12.155,1700,2021-09-22 15:46:00,HLMN
12.155,12.155,12.13,12.13,7055,2021-09-22 15:47:00,HLMN
12.13,12.14,12.12,12.13,2240,2021-09-22 15:48:00,HLMN
12.135,12.15,12.135,12.145,8055,2021-09-22 15:49:00,HLMN
12.145,12.155,12.145,12.155,2645,2021-09-22 15:50:00,HLMN
12.16,12.16,12.15,12.155,1559,2021-09-22 15:51:00,HLMN
12.16,12.165,12.145,12.155,4198,2021-09-22 15:52:00,HLMN
12.155,12.17,12.155,12.17,1900,2021-09-22 15:53:00,HLMN
12.17,12.17,12.16,12.16,4000,2021-09-22 15:54:00,HLMN
12.17,12.17,12.15,12.155,2090,2021-09-22 15:55:00,HLMN
12.16,12.175,12.16,12.17,4000,2021-09-22 15:56:00,HLMN
12.17,12.18,12.17,12.175,2600,2021-09-22 15:57:00,HLMN
12.175,12.18,12.17,12.175,1959,2021-09-22 15:58:00,HLMN
12.18,12.19,12.18,12.185,3349,2021-09-22 15:59:00,HLMN
12.185,12.19,12.18,12.185,3300,2021-09-22 16:00:00,HLMN
12.185,12.19,12.18,12.185,1655,2021-09-22 16:01:00,HLMN
12.185,12.185,12.175,12.175,2001,2021-09-22 16:02:00,HLMN
12.18,12.19,12.18,12.185,1700,2021-09-22 16:03:00,HLMN
12.19,12.2,12.18,12.195,4145,2021-09-22 16:04:00,HLMN
12.195,12.195,12.19,12.195,1000,2021-09-22 16:05:00,HLMN
12.195,12.21,12.18,12.185,5775,2021-09-22 16:06:00,HLMN
12.18,12.185,12.18,12.185,1400,2021-09-22 16:07:00,HLMN
12.18,12.185,12.17,12.175,1821,2021-09-22 16:08:00,HLMN
12.175,12.175,12.17,12.175,1028,2021-09-22 16:09:00,HLMN
12.175,12.185,12.175,12.185,2731,2021-09-22 16:10:00,HLMN
12.185,12.19,12.18,12.185,2687,2021-09-22 16:11:00,HLMN
12.185,12.19,12.18,12.18,2500,2021-09-22 16:12:00,HLMN
12.18,12.19,12.18,12.18,3100,2021-09-22 16:13:00,HLMN
12.18,12.185,12.16,12.165,11513,2021-09-22 16:14:00,HLMN
12.17,12.175,12.17,12.17,2300,2021-09-22 16:15:00,HLMN
12.18,12.185,12.17,12.17,2700,2021-09-22 16:16:00,HLMN
12.175,12.175,12.17,12.175,1000,2021-09-22 16:17:00,HLMN
12.1701,12.19,12.1701,12.185,4000,2021-09-22 16:18:00,HLMN
12.185,12.185,12.18,12.185,1700,2021-09-22 16:19:00,HLMN
12.185,12.1899,12.18,12.185,2424,2021-09-22 16:20:00,HLMN
12.19,12.19,12.18,12.185,2234,2021-09-22 16:21:00,HLMN
12.18,12.19,12.18,12.185,2100,2021-09-22 16:22:00,HLMN
12.19,12.19,12.18,12.185,1400,2021-09-22 16:23:00,HLMN
12.18,12.185,12.175,12.175,2227,2021-09-22 16:24:00,HLMN
12.17,12.18,12.17,12.175,2000,2021-09-22 16:25:00,HLMN
12.18,12.185,12.175,12.175,2500,2021-09-22 16:26:00,HLMN
12.18,12.19,12.18,12.18,3200,2021-09-22 16:27:00,HLMN
12.18,12.19,12.175,12.18,1813,2021-09-22 16:28:00,HLMN
12.17,12.18,12.16,12.165,2100,2021-09-22 16:29:00,HLMN
12.16,12.17,12.16,12.165,2700,2021-09-22 16:30:00,HLMN
12.17,12.175,12.16,12.165,3015,2021-09-22 16:31:00,HLMN
12.17,12.175,12.17,12.175,4638,2021-09-22 16:32:00,HLMN
12.17,12.17,12.16,12.165,1100,2021-09-22 16:33:00,HLMN
12.17,12.175,12.16,12.165,2535,2021-09-22 16:34:00,HLMN
12.175,12.175,12.17,12.175,3100,2021-09-22 16:35:00,HLMN
12.175,12.175,12.165,12.1685,2925,2021-09-22 16:36:00,HLMN
12.165,12.165,12.16,12.16,1400,2021-09-22 16:37:00,HLMN
12.17,12.17,12.16,12.165,1846,2021-09-22 16:38:00,HLMN
12.165,12.17,12.15,12.15,2883,2021-09-22 16:39:00,HLMN
12.155,12.155,12.14,12.145,2143,2021-09-22 16:40:00,HLMN
12.14,12.15,12.14,12.14,2300,2021-09-22 16:41:00,HLMN
12.145,12.155,12.14,12.145,4389,2021-09-22 16:42:00,HLMN
12.14,12.15,12.14,12.145,1602,2021-09-22 16:43:00,HLMN
12.145,12.16,12.145,12.155,2610,2021-09-22 16:44:00,HLMN
12.155,12.16,12.15,12.155,2590,2021-09-22 16:45:00,HLMN
12.155,12.16,12.14,12.14,4500,2021-09-22 16:46:00,HLMN
12.14,12.145,12.14,12.145,2500,2021-09-22 16:47:00,HLMN
12.14,12.155,12.14,12.155,3200,2021-09-22 16:48:00,HLMN
12.155,12.155,12.14,12.14,3468,2021-09-22 16:49:00,HLMN
12.145,12.15,12.14,12.145,2525,2021-09-22 16:50:00,HLMN
12.14,12.15,12.11,12.11,3795,2021-09-22 16:51:00,HLMN
12.1,12.1,12.06,12.06,4359,2021-09-22 16:52:00,HLMN
12.06,12.1,12.06,12.07,5012,2021-09-22 16:53:00,HLMN
12.085,12.105,12.07,12.08,5276,2021-09-22 16:54:00,HLMN
12.085,12.085,12.08,12.08,900,2021-09-22 16:55:00,HLMN
12.09,12.1,12.085,12.1,4629,2021-09-22 16:56:00,HLMN
12.11,12.11,12.1,12.105,2000,2021-09-22 16:57:00,HLMN
12.105,12.11,12.1,12.11,2000,2021-09-22 16:58:00,HLMN
12.11,12.11,12.1,12.11,2600,2021-09-22 16:59:00,HLMN
12.11,12.12,12.1,12.11,3600,2021-09-22 17:00:00,HLMN
12.12,12.12,12.09,12.09,6683,2021-09-22 17:01:00,HLMN
12.09,12.1,12.08,12.095,2347,2021-09-22 17:02:00,HLMN
12.1,12.1,12.08,12.08,3900,2021-09-22 17:03:00,HLMN
12.09,12.095,12.08,12.08,1800,2021-09-22 17:04:00,HLMN
12.08,12.095,12.08,12.095,2000,2021-09-22 17:05:00,HLMN
12.095,12.095,12.09,12.09,3726,2021-09-22 17:06:00,HLMN
12.09,12.1,12.09,12.095,1400,2021-09-22 17:07:00,HLMN
12.1,12.1,12.09,12.09,5399,2021-09-22 17:08:00,HLMN
12.09,12.1,12.09,12.09,6685,2021-09-22 17:09:00,HLMN
12.09,12.09,12.07,12.08,1600,2021-09-22 17:10:00,HLMN
12.075,12.075,12.05,12.05,3699,2021-09-22 17:11:00,HLMN
12.05,12.05,12.04,12.045,2000,2021-09-22 17:12:00,HLMN
12.04,12.045,12.04,12.045,1802,2021-09-22 17:13:00,HLMN
12.05,12.05,12.04,12.045,2000,2021-09-22 17:14:00,HLMN
12.04,12.06,12.04,12.055,4540,2021-09-22 17:15:00,HLMN
12.06,12.07,12.055,12.07,3490,2021-09-22 17:16:00,HLMN
12.07,12.085,12.07,12.085,5329,2021-09-22 17:17:00,HLMN
12.085,12.085,12.07,12.07,7098,2021-09-22 17:18:00,HLMN
12.07,12.08,12.05,12.05,3891,2021-09-22 17:19:00,HLMN
12.06,12.06,12.05,12.055,2639,2021-09-22 17:20:00,HLMN
12.06,12.07,12.055,12.065,3060,2021-09-22 17:21:00,HLMN
12.065,12.07,12.06,12.07,1700,2021-09-22 17:22:00,HLMN
12.07,12.07,12.06,12.065,1800,2021-09-22 17:23:00,HLMN
12.07,12.075,12.06,12.06,4980,2021-09-22 17:24:00,HLMN
12.065,12.065,12.06,12.06,2900,2021-09-22 17:25:00,HLMN
12.06,12.07,12.06,12.06,1400,2021-09-22 17:26:00,HLMN
12.065,12.07,12.06,12.06,2192,2021-09-22 17:27:00,HLMN
12.06,12.065,12.06,12.06,1601,2021-09-22 17:28:00,HLMN
12.06,12.07,12.06,12.06,3231,2021-09-22 17:29:00,HLMN
12.065,12.07,12.06,12.065,2329,2021-09-22 17:30:00,HLMN
12.065,12.075,12.065,12.075,3170,2021-09-22 17:31:00,HLMN
12.08,12.08,12.07,12.08,1500,2021-09-22 17:32:00,HLMN
12.075,12.085,12.075,12.085,3147,2021-09-22 17:33:00,HLMN
12.09,12.1,12.08,12.085,3100,2021-09-22 17:34:00,HLMN
12.08,12.09,12.07,12.08,2800,2021-09-22 17:35:00,HLMN
12.09,12.09,12.07,12.075,3130,2021-09-22 17:36:00,HLMN
12.075,12.08,12.07,12.07,1900,2021-09-22 17:37:00,HLMN
12.075,12.08,12.07,12.075,2474,2021-09-22 17:38:00,HLMN
12.08,12.08,12.07,12.075,3260,2021-09-22 17:39:00,HLMN
12.075,12.075,12.07,12.075,2503,2021-09-22 17:40:00,HLMN
12.07,12.08,12.07,12.075,2900,2021-09-22 17:41:00,HLMN
12.07,12.08,12.065,12.065,3617,2021-09-22 17:42:00,HLMN
12.06,12.075,12.06,12.065,4434,2021-09-22 17:43:00,HLMN
12.08,12.08,12.07,12.08,2713,2021-09-22 17:44:00,HLMN
12.08,12.09,12.075,12.075,3820,2021-09-22 17:45:00,HLMN
12.075,12.08,12.07,12.075,1100,2021-09-22 17:46:00,HLMN
12.08,12.08,12.07,12.075,1800,2021-09-22 17:47:00,HLMN
12.08,12.085,12.075,12.085,3811,2021-09-22 17:48:00,HLMN
12.085,12.09,12.08,12.085,2800,2021-09-22 17:49:00,HLMN
12.09,12.09,12.08,12.08,2600,2021-09-22 17:50:00,HLMN
12.085,12.085,12.065,12.065,3857,2021-09-22 17:51:00,HLMN
12.065,12.07,12.06,12.065,2559,2021-09-22 17:52:00,HLMN
12.065,12.07,12.06,12.065,1600,2021-09-22 17:53:00,HLMN
12.065,12.07,12.05,12.05,5733,2021-09-22 17:54:00,HLMN
12.05,12.05,12.02,12.02,4358,2021-09-22 17:55:00,HLMN
12.03,12.03,12.02,12.025,2200,2021-09-22 17:56:00,HLMN
12.02,12.03,12.01,12.015,2936,2021-09-22 17:57:00,HLMN
12.015,12.015,12.01,12.015,1700,2021-09-22 17:58:00,HLMN
12.015,12.03,12.01,12.025,4791,2021-09-22 17:59:00,HLMN
12.03,12.04,12.03,12.04,3597,2021-09-22 18:00:00,HLMN
12.04,12.045,12.04,12.04,3600,2021-09-22 18:01:00,HLMN
12.04,12.04,12.03,12.04,1500,2021-09-22 18:02:00,HLMN
12.04,12.05,12.04,12.045,1900,2021-09-22 18:03:00,HLMN
12.05,12.115,12.05,12.115,4512,2021-09-22 18:04:00,HLMN
12.12,12.13,12.1,12.1,9813,2021-09-22 18:05:00,HLMN
12.085,12.085,12.07,12.08,828,2021-09-22 18:06:00,HLMN
12.09,12.095,12.08,12.095,2823,2021-09-22 18:07:00,HLMN
12.095,12.095,12.09,12.095,1655,2021-09-22 18:08:00,HLMN
12.095,12.1,12.09,12.1,1400,2021-09-22 18:09:00,HLMN
12.1,12.1,12.09,12.095,2300,2021-09-22 18:10:00,HLMN
12.1,12.105,12.09,12.095,3807,2021-09-22 18:11:00,HLMN
12.09,12.115,12.09,12.105,2400,2021-09-22 18:12:00,HLMN
12.105,12.115,12.1,12.105,4900,2021-09-22 18:13:00,HLMN
12.11,12.11,12.1,12.105,2100,2021-09-22 18:14:00,HLMN
12.11,12.13,12.105,12.125,4622,2021-09-22 18:15:00,HLMN
12.14,12.145,12.13,12.14,3870,2021-09-22 18:16:00,HLMN
12.14,12.15,12.11,12.13,6804,2021-09-22 18:17:00,HLMN
12.11,12.12,12.1,12.105,1400,2021-09-22 18:18:00,HLMN
12.105,12.11,12.1,12.1,2799,2021-09-22 18:19:00,HLMN
12.11,12.11,12.09,12.105,2875,2021-09-22 18:20:00,HLMN
12.1,12.115,12.1,12.105,4100,2021-09-22 18:21:00,HLMN
12.1,12.1,12.08,12.1,4533,2021-09-22 18:22:00,HLMN
12.08,12.085,12.08,12.085,1600,2021-09-22 18:23:00,HLMN
12.09,12.1,12.09,12.095,2201,2021-09-22 18:24:00,HLMN
12.1,12.105,12.09,12.105,2500,2021-09-22 18:25:00,HLMN
12.1,12.11,12.1,12.105,2100,2021-09-22 18:26:00,HLMN
12.105,12.11,12.1,12.11,5262,2021-09-22 18:27:00,HLMN
12.11,12.11,12.08,12.085,1552,2021-09-22 18:28:00,HLMN
12.085,12.09,12.08,12.08,2328,2021-09-22 18:29:00,HLMN
12.08,12.09,12.07,12.08,2200,2021-09-22 18:30:00,HLMN
12.07,12.075,12.05,12.05,4200,2021-09-22 18:31:00,HLMN
12.04,12.08,12.04,12.08,6200,2021-09-22 18:32:00,HLMN
12.08,12.095,12.07,12.08,4229,2021-09-22 18:33:00,HLMN
12.08,12.085,12.065,12.065,2623,2021-09-22 18:34:00,HLMN
12.06,12.07,12.06,12.07,1600,2021-09-22 18:35:00,HLMN
12.065,12.07,12.06,12.065,1700,2021-09-22 18:36:00,HLMN
12.06,12.06,12.03,12.04,5545,2021-09-22 18:37:00,HLMN
12.04,12.05,12.03,12.035,1828,2021-09-22 18:38:00,HLMN
12.03,12.03,12.01,12.02,1500,2021-09-22 18:39:00,HLMN
12.03,12.03,12.0,12.0,5080,2021-09-22 18:40:00,HLMN
12.0,12.005,11.97,11.97,11446,2021-09-22 18:41:00,HLMN
11.98,12.025,11.98,12.025,6857,2021-09-22 18:42:00,HLMN
12.025,12.025,11.99,12.0,3920,2021-09-22 18:43:00,HLMN
12.0,12.0,11.99,11.995,2993,2021-09-22 18:44:00,HLMN
11.99,11.99,11.97,11.98,2900,2021-09-22 18:45:00,HLMN
11.98,11.98,11.95,11.95,1900,2021-09-22 18:46:00,HLMN
11.98,11.98,11.95,11.96,2628,2021-09-22 18:47:00,HLMN
11.95,11.95,11.93,11.945,4938,2021-09-22 18:48:00,HLMN
11.935,11.935,11.93,11.93,3403,2021-09-22 18:49:00,HLMN
11.925,11.93,11.92,11.92,1100,2021-09-22 18:50:00,HLMN
11.925,11.93,11.92,11.92,1998,2021-09-22 18:51:00,HLMN
11.925,11.93,11.92,11.93,2000,2021-09-22 18:52:00,HLMN
11.93,11.97,11.93,11.97,5888,2021-09-22 18:53:00,HLMN
11.97,11.98,11.96,11.97,3358,2021-09-22 18:54:00,HLMN
11.97,11.98,11.96,11.96,5458,2021-09-22 18:55:00,HLMN
11.95,11.96,11.94,11.945,4204,2021-09-22 18:56:00,HLMN
11.96,11.96,11.94,11.95,2400,2021-09-22 18:57:00,HLMN
11.95,11.96,11.95,11.955,1900,2021-09-22 18:58:00,HLMN
11.96,11.96,11.95,11.95,2701,2021-09-22 18:59:00,HLMN
11.95,11.955,11.92,11.93,10724,2021-09-22 19:00:00,HLMN
11.92,11.92,11.86,11.86,3329,2021-09-22 19:01:00,HLMN
11.86,11.9,11.86,11.8988,7955,2021-09-22 19:02:00,HLMN
11.9,11.9,11.87,11.87,1100,2021-09-22 19:03:00,HLMN
11.89,11.905,11.87,11.905,10172,2021-09-22 19:04:00,HLMN
11.91,11.91,11.9,11.91,3024,2021-09-22 19:05:00,HLMN
11.9,11.91,11.89,11.9,1800,2021-09-22 19:06:00,HLMN
11.91,11.93,11.9,11.915,3700,2021-09-22 19:07:00,HLMN
11.915,11.93,11.91,11.92,2231,2021-09-22 19:08:00,HLMN
11.92,11.95,11.92,11.95,6510,2021-09-22 19:09:00,HLMN
11.955,11.97,11.955,11.97,7100,2021-09-22 19:10:00,HLMN
11.97,11.97,11.93,11.93,7533,2021-09-22 19:11:00,HLMN
11.93,11.93,11.92,11.93,1100,2021-09-22 19:12:00,HLMN
11.94,11.94,11.92,11.93,2000,2021-09-22 19:13:00,HLMN
11.925,11.93,11.92,11.925,3197,2021-09-22 19:14:00,HLMN
11.93,11.94,11.92,11.94,6420,2021-09-22 19:15:00,HLMN
11.935,11.94,11.93,11.94,2853,2021-09-22 19:16:00,HLMN
11.935,11.94,11.93,11.93,1666,2021-09-22 19:17:00,HLMN
11.93,11.955,11.93,11.955,6769,2021-09-22 19:18:00,HLMN
11.95,11.96,11.94,11.945,4421,2021-09-22 19:19:00,HLMN
11.945,11.945,11.93,11.935,2753,2021-09-22 19:20:00,HLMN
11.94,11.945,11.94,11.945,3655,2021-09-22 19:21:00,HLMN
11.95,11.97,11.95,11.965,3655,2021-09-22 19:22:00,HLMN
11.96,11.975,11.96,11.965,4979,2021-09-22 19:23:00,HLMN
11.965,11.98,11.96,11.96,7066,2021-09-22 19:24:00,HLMN
11.965,11.975,11.94,11.94,5693,2021-09-22 19:25:00,HLMN
11.94,11.94,11.91,11.925,2900,2021-09-22 19:26:00,HLMN
11.91,11.92,11.9,11.905,1859,2021-09-22 19:27:00,HLMN
11.88,11.925,11.88,11.915,7442,2021-09-22 19:28:00,HLMN
11.92,11.92,11.91,11.91,3031,2021-09-22 19:29:00,HLMN
11.905,11.915,11.9,11.91,3644,2021-09-22 19:30:00,HLMN
11.92,11.92,11.9,11.9,4369,2021-09-22 19:31:00,HLMN
11.895,11.895,11.86,11.87,5440,2021-09-22 19:32:00,HLMN
11.87,11.88,11.86,11.86,3389,2021-09-22 19:33:00,HLMN
11.85,11.855,11.83,11.84,6914,2021-09-22 19:34:00,HLMN
11.85,11.93,11.85,11.915,12228,2021-09-22 19:35:00,HLMN
11.915,11.915,11.875,11.88,3373,2021-09-22 19:36:00,HLMN
11.9,11.9,11.88,11.88,2177,2021-09-22 19:37:00,HLMN
11.89,11.91,11.89,11.905,4846,2021-09-22 19:38:00,HLMN
11.905,11.94,11.905,11.935,3729,2021-09-22 19:39:00,HLMN
11.935,11.94,11.92,11.925,5132,2021-09-22 19:40:00,HLMN
11.93,11.93,11.92,11.92,5521,2021-09-22 19:41:00,HLMN
11.925,11.93,11.9,11.905,4005,2021-09-22 19:42:00,HLMN
11.905,11.925,11.9,11.91,7055,2021-09-22 19:43:00,HLMN
11.92,11.945,11.92,11.945,5818,2021-09-22 19:44:00,HLMN
11.935,11.945,11.93,11.935,4928,2021-09-22 19:45:00,HLMN
11.935,11.94,11.93,11.93,4222,2021-09-22 19:46:00,HLMN
11.925,11.93,11.92,11.92,2580,2021-09-22 19:47:00,HLMN
11.93,11.93,11.91,11.915,7600,2021-09-22 19:48:00,HLMN
11.92,11.92,11.88,11.89,5081,2021-09-22 19:49:00,HLMN
11.89,11.92,11.89,11.92,9865,2021-09-22 19:50:00,HLMN
11.915,11.92,11.905,11.91,9744,2021-09-22 19:51:00,HLMN
11.92,11.94,11.91,11.935,6925,2021-09-22 19:52:00,HLMN
11.93,11.935,11.92,11.92,5821,2021-09-22 19:53:00,HLMN
11.925,11.93,11.91,11.91,6987,2021-09-22 19:54:00,HLMN
11.92,11.92,11.905,11.92,13302,2021-09-22 19:55:00,HLMN
11.92,11.92,11.905,11.905,9774,2021-09-22 19:56:00,HLMN
11.9,11.92,11.9,11.92,17108,2021-09-22 19:57:00,HLMN
11.92,11.94,11.91,11.93,23525,2021-09-22 19:58:00,HLMN
11.925,11.94,11.91,11.94,33103,2021-09-22 19:59:00,HLMN
11.94,11.94,11.91,11.91,75542,2021-09-22 20:00:00,HLMN
11.9,11.99,11.9,11.99,5561,2021-09-23 13:30:00,HLMN
11.9579,11.9579,11.935,11.935,1200,2021-09-23 13:31:00,HLMN
12.0,12.02,12.0,12.02,300,2021-09-23 13:32:00,HLMN
12.02,12.02,12.02,12.02,200,2021-09-23 13:33:00,HLMN
12.02,12.05,12.0,12.0,300,2021-09-23 13:34:00,HLMN
12.05,12.05,12.05,12.05,200,2021-09-23 13:35:00,HLMN
12.0,12.05,12.0,12.05,700,2021-09-23 13:36:00,HLMN
12.05,12.05,12.01,12.02,400,2021-09-23 13:37:00,HLMN
12.06,12.06,12.02,12.02,2800,2021-09-23 13:38:00,HLMN
12.06,12.07,12.01,12.01,300,2021-09-23 13:40:00,HLMN
12.07,12.07,12.035,12.06,600,2021-09-23 13:41:00,HLMN
12.05,12.05,12.05,12.05,200,2021-09-23 13:42:00,HLMN
12.03,12.05,12.0,12.01,400,2021-09-23 13:43:00,HLMN
12.03,12.06,12.01,12.035,500,2021-09-23 13:44:00,HLMN
12.06,12.06,12.03,12.06,700,2021-09-23 13:45:00,HLMN
12.06,12.06,12.02,12.03,700,2021-09-23 13:46:00,HLMN
12.03,12.03,12.03,12.03,200,2021-09-23 13:47:00,HLMN
12.0,12.03,12.0,12.03,600,2021-09-23 13:48:00,HLMN
12.03,12.03,12.01,12.03,446,2021-09-23 13:49:00,HLMN
12.03,12.03,11.96,11.96,1834,2021-09-23 13:50:00,HLMN
11.95,11.95,11.95,11.95,300,2021-09-23 13:51:00,HLMN
11.98,12.03,11.98,12.025,1375,2021-09-23 13:52:00,HLMN
12.025,12.025,11.96,12.0,2485,2021-09-23 13:53:00,HLMN
12.03,12.03,12.0,12.0,400,2021-09-23 13:54:00,HLMN
12.06,12.07,12.04,12.07,600,2021-09-23 13:55:00,HLMN
12.055,12.1,12.05,12.055,1900,2021-09-23 13:56:00,HLMN
12.055,12.07,12.04,12.07,5473,2021-09-23 13:57:00,HLMN
12.08,12.09,12.07,12.07,3355,2021-09-23 13:59:00,HLMN
12.08,12.09,12.08,12.085,700,2021-09-23 14:00:00,HLMN
12.09,12.1,12.09,12.1,900,2021-09-23 14:01:00,HLMN
12.1,12.11,12.09,12.11,800,2021-09-23 14:02:00,HLMN
12.11,12.12,12.09,12.09,3300,2021-09-23 14:03:00,HLMN
12.08,12.08,12.07,12.08,1200,2021-09-23 14:04:00,HLMN
12.08,12.09,12.0703,12.09,4600,2021-09-23 14:05:00,HLMN
12.09,12.09,12.09,12.09,700,2021-09-23 14:06:00,HLMN
12.1,12.1,12.09,12.09,4700,2021-09-23 14:07:00,HLMN
12.085,12.085,12.05,12.05,4928,2021-09-23 14:08:00,HLMN
12.05,12.05,12.01,12.01,6500,2021-09-23 14:09:00,HLMN
12.01,12.01,11.99,12.01,1800,2021-09-23 14:10:00,HLMN
12.0,12.01,12.0,12.0,2426,2021-09-23 14:11:00,HLMN
12.01,12.01,12.0,12.01,1300,2021-09-23 14:12:00,HLMN
11.995,12.01,11.995,12.01,400,2021-09-23 14:13:00,HLMN
12.0,12.0,12.0,12.0,100,2021-09-23 14:14:00,HLMN
12.0,12.01,12.0,12.0,2200,2021-09-23 14:15:00,HLMN
12.0,12.0,12.0,12.0,1100,2021-09-23 14:16:00,HLMN
12.0,12.0,12.0,12.0,600,2021-09-23 14:17:00,HLMN
11.99,11.99,11.93,11.96,2286,2021-09-23 14:18:00,HLMN
11.97,11.98,11.97,11.97,1400,2021-09-23 14:19:00,HLMN
11.98,11.98,11.98,11.98,300,2021-09-23 14:20:00,HLMN
11.98,12.015,11.98,12.005,4026,2021-09-23 14:21:00,HLMN
12.005,12.005,12.005,12.005,1300,2021-09-23 14:22:00,HLMN
12.005,12.005,12.005,12.005,1300,2021-09-23 14:23:00,HLMN
12.005,12.005,12.005,12.005,400,2021-09-23 14:24:00,HLMN
12.005,12.02,12.005,12.005,700,2021-09-23 14:25:00,HLMN
12.0,12.02,12.0,12.015,2500,2021-09-23 14:26:00,HLMN
12.015,12.03,12.0,12.01,2936,2021-09-23 14:27:00,HLMN
12.01,12.02,11.97,11.98,3178,2021-09-23 14:28:00,HLMN
11.97,12.0,11.97,11.99,1250,2021-09-23 14:29:00,HLMN
11.98,12.0,11.98,11.995,1600,2021-09-23 14:30:00,HLMN
11.99,12.01,11.99,12.01,4012,2021-09-23 14:31:00,HLMN
12.01,12.01,12.005,12.005,600,2021-09-23 14:32:00,HLMN
12.01,12.04,12.01,12.04,800,2021-09-23 14:33:00,HLMN
12.025,12.03,12.025,12.03,601,2021-09-23 14:34:00,HLMN
12.04,12.04,12.04,12.04,500,2021-09-23 14:35:00,HLMN
12.04,12.04,12.02,12.02,3951,2021-09-23 14:36:00,HLMN
12.02,12.02,12.0,12.0,1100,2021-09-23 14:37:00,HLMN
11.995,12.0,11.995,12.0,200,2021-09-23 14:38:00,HLMN
11.985,12.02,11.985,12.02,1400,2021-09-23 14:39:00,HLMN
12.0,12.02,12.0,12.02,600,2021-09-23 14:40:00,HLMN
12.02,12.02,12.0,12.0,2200,2021-09-23 14:41:00,HLMN
12.0,12.02,12.0,12.02,3274,2021-09-23 14:42:00,HLMN
12.02,12.02,12.015,12.015,643,2021-09-23 14:43:00,HLMN
12.015,12.025,12.015,12.02,1361,2021-09-23 14:44:00,HLMN
12.015,12.02,12.015,12.02,596,2021-09-23 14:45:00,HLMN
12.02,12.025,12.015,12.02,3054,2021-09-23 14:46:00,HLMN
12.02,12.03,11.98,11.985,5101,2021-09-23 14:47:00,HLMN
12.0,12.0,11.985,11.99,2424,2021-09-23 14:48:00,HLMN
11.98,12.0,11.95,11.98,2200,2021-09-23 14:49:00,HLMN
11.965,11.98,11.94,11.98,5141,2021-09-23 14:50:00,HLMN
11.98,12.02,11.98,12.02,1253,2021-09-23 14:51:00,HLMN
12.02,12.025,12.02,12.025,700,2021-09-23 14:52:00,HLMN
12.02,12.04,12.02,12.04,500,2021-09-23 14:53:00,HLMN
12.04,12.04,12.02,12.02,600,2021-09-23 14:54:00,HLMN
12.04,12.04,12.035,12.04,1200,2021-09-23 14:55:00,HLMN
12.04,12.05,12.04,12.05,600,2021-09-23 14:56:00,HLMN
12.05,12.05,12.045,12.05,500,2021-09-23 14:57:00,HLMN
12.05,12.06,12.05,12.06,900,2021-09-23 14:58:00,HLMN
12.055,12.065,12.03,12.03,2601,2021-09-23 14:59:00,HLMN
12.03,12.05,12.02,12.045,3938,2021-09-23 15:00:00,HLMN
12.05,12.05,12.045,12.05,600,2021-09-23 15:01:00,HLMN
12.05,12.05,12.045,12.045,200,2021-09-23 15:02:00,HLMN
12.05,12.07,12.05,12.06,1800,2021-09-23 15:03:00,HLMN
12.05,12.07,12.045,12.07,13182,2021-09-23 15:04:00,HLMN
12.08,12.09,12.08,12.09,800,2021-09-23 15:05:00,HLMN
12.09,12.09,12.08,12.09,1600,2021-09-23 15:06:00,HLMN
12.09,12.095,12.07,12.07,3380,2021-09-23 15:07:00,HLMN
12.08,12.08,12.07,12.07,1157,2021-09-23 15:08:00,HLMN
12.08,12.09,12.08,12.085,1465,2021-09-23 15:09:00,HLMN
12.1,12.1,12.085,12.1,1636,2021-09-23 15:10:00,HLMN
12.1,12.12,12.1,12.115,2100,2021-09-23 15:11:00,HLMN
12.12,12.13,12.12,12.12,800,2021-09-23 15:12:00,HLMN
12.12,12.12,12.1,12.1,2255,2021-09-23 15:13:00,HLMN
12.105,12.11,12.105,12.11,300,2021-09-23 15:14:00,HLMN
12.11,12.11,12.105,12.11,1000,2021-09-23 15:15:00,HLMN
12.11,12.11,12.11,12.11,900,2021-09-23 15:16:00,HLMN
12.115,12.12,12.11,12.12,1100,2021-09-23 15:17:00,HLMN
12.115,12.12,12.11,12.11,2372,2021-09-23 15:19:00,HLMN
12.105,12.105,12.1,12.1,1115,2021-09-23 15:20:00,HLMN
12.1,12.11,12.1,12.1,1300,2021-09-23 15:21:00,HLMN
12.11,12.11,12.1,12.11,500,2021-09-23 15:22:00,HLMN
12.1,12.11,12.1,12.1,900,2021-09-23 15:23:00,HLMN
12.1,12.1,12.09,12.1,1300,2021-09-23 15:24:00,HLMN
12.095,12.1,12.095,12.1,1300,2021-09-23 15:25:00,HLMN
12.1,12.11,12.095,12.105,3845,2021-09-23 15:26:00,HLMN
12.105,12.12,12.1,12.12,4000,2021-09-23 15:27:00,HLMN
12.115,12.125,12.115,12.12,1800,2021-09-23 15:28:00,HLMN
12.13,12.135,12.13,12.135,800,2021-09-23 15:29:00,HLMN
12.13,12.13,12.13,12.13,300,2021-09-23 15:30:00,HLMN
12.14,12.14,12.14,12.14,1200,2021-09-23 15:31:00,HLMN
12.16,12.16,12.145,12.16,1800,2021-09-23 15:32:00,HLMN
12.16,12.16,12.15,12.15,700,2021-09-23 15:33:00,HLMN
12.16,12.16,12.16,12.16,400,2021-09-23 15:34:00,HLMN
12.16,12.16,12.15,12.15,400,2021-09-23 15:35:00,HLMN
12.16,12.17,12.135,12.135,1931,2021-09-23 15:36:00,HLMN
12.15,12.15,12.15,12.15,100,2021-09-23 15:37:00,HLMN
12.15,12.16,12.145,12.16,1100,2021-09-23 15:38:00,HLMN
12.16,12.16,12.16,12.16,100,2021-09-23 15:39:00,HLMN
12.16,12.16,12.15,12.15,333,2021-09-23 15:40:00,HLMN
12.16,12.17,12.16,12.17,700,2021-09-23 15:41:00,HLMN
12.16,12.16,12.15,12.15,1193,2021-09-23 15:42:00,HLMN
12.16,12.16,12.145,12.145,1292,2021-09-23 15:43:00,HLMN
12.15,12.15,12.15,12.15,100,2021-09-23 15:44:00,HLMN
12.15,12.15,12.15,12.15,900,2021-09-23 15:45:00,HLMN
12.15,12.16,12.15,12.15,1000,2021-09-23 15:46:00,HLMN
12.15,12.16,12.15,12.16,500,2021-09-23 15:47:00,HLMN
12.145,12.15,12.145,12.145,623,2021-09-23 15:48:00,HLMN
12.15,12.15,12.145,12.145,1008,2021-09-23 15:49:00,HLMN
12.15,12.15,12.15,12.15,300,2021-09-23 15:50:00,HLMN
12.16,12.16,12.15,12.155,1494,2021-09-23 15:51:00,HLMN
12.15,12.155,12.14,12.145,1863,2021-09-23 15:52:00,HLMN
12.145,12.15,12.14,12.145,1400,2021-09-23 15:53:00,HLMN
12.15,12.15,12.14,12.15,1000,2021-09-23 15:54:00,HLMN
12.15,12.15,12.145,12.145,1440,2021-09-23 15:55:00,HLMN
12.15,12.15,12.145,12.145,527,2021-09-23 15:56:00,HLMN
12.15,12.16,12.145,12.16,1146,2021-09-23 15:57:00,HLMN
12.15,12.155,12.15,12.15,1001,2021-09-23 15:58:00,HLMN
12.15,12.155,12.15,12.155,500,2021-09-23 15:59:00,HLMN
12.16,12.16,12.155,12.155,800,2021-09-23 16:00:00,HLMN
12.155,12.16,12.15,12.16,704,2021-09-23 16:01:00,HLMN
12.155,12.155,12.14,12.145,2700,2021-09-23 16:02:00,HLMN
12.145,12.16,12.145,12.16,4000,2021-09-23 16:03:00,HLMN
12.15,12.16,12.15,12.16,300,2021-09-23 16:04:00,HLMN
12.155,12.16,12.15,12.16,700,2021-09-23 16:05:00,HLMN
12.145,12.15,12.145,12.15,1797,2021-09-23 16:06:00,HLMN
12.16,12.16,12.155,12.155,1200,2021-09-23 16:07:00,HLMN
12.16,12.16,12.155,12.16,869,2021-09-23 16:08:00,HLMN
12.15,12.16,12.15,12.155,500,2021-09-23 16:09:00,HLMN
12.15,12.155,12.145,12.15,1000,2021-09-23 16:10:00,HLMN
12.145,12.15,12.145,12.145,1200,2021-09-23 16:11:00,HLMN
12.145,12.1588,12.145,12.155,1229,2021-09-23 16:12:00,HLMN
12.15,12.16,12.145,12.15,2600,2021-09-23 16:13:00,HLMN
12.15,12.15,12.145,12.145,600,2021-09-23 16:14:00,HLMN
12.145,12.15,12.145,12.15,1300,2021-09-23 16:15:00,HLMN
12.15,12.16,12.15,12.155,1000,2021-09-23 16:16:00,HLMN
12.16,12.16,12.155,12.155,700,2021-09-23 16:17:00,HLMN
12.15,12.16,12.15,12.155,1141,2021-09-23 16:18:00,HLMN
12.15,12.16,12.15,12.155,1200,2021-09-23 16:19:00,HLMN
12.15,12.155,12.15,12.15,1000,2021-09-23 16:20:00,HLMN
12.15,12.16,12.15,12.155,1306,2021-09-23 16:21:00,HLMN
12.155,12.155,12.155,12.155,400,2021-09-23 16:22:00,HLMN
12.155,12.155,12.14,12.14,2600,2021-09-23 16:23:00,HLMN
12.14,12.145,12.12,12.12,2700,2021-09-23 16:24:00,HLMN
12.13,12.13,12.12,12.13,1300,2021-09-23 16:25:00,HLMN
12.13,12.13,12.09,12.1,3200,2021-09-23 16:26:00,HLMN
12.1,12.11,12.09,12.09,7316,2021-09-23 16:27:00,HLMN
12.095,12.095,12.08,12.095,2000,2021-09-23 16:28:00,HLMN
12.095,12.095,12.08,12.095,900,2021-09-23 16:29:00,HLMN
12.095,12.095,12.09,12.095,1500,2021-09-23 16:30:00,HLMN
12.08,12.12,12.08,12.095,5796,2021-09-23 16:31:00,HLMN
12.095,12.115,12.095,12.115,1683,2021-09-23 16:32:00,HLMN
12.11,12.11,12.11,12.11,1300,2021-09-23 16:33:00,HLMN
12.105,12.105,12.1,12.105,1000,2021-09-23 16:34:00,HLMN
12.105,12.105,12.105,12.105,700,2021-09-23 16:35:00,HLMN
12.105,12.105,12.105,12.105,700,2021-09-23 16:36:00,HLMN
12.11,12.11,12.105,12.105,900,2021-09-23 16:37:00,HLMN
12.105,12.105,12.1,12.105,700,2021-09-23 16:38:00,HLMN
12.105,12.105,12.105,12.105,700,2021-09-23 16:39:00,HLMN
12.11,12.11,12.06,12.06,2483,2021-09-23 16:40:00,HLMN
12.06,12.08,12.06,12.07,2600,2021-09-23 16:41:00,HLMN
12.075,12.1,12.075,12.1,5500,2021-09-23 16:42:00,HLMN
12.1,12.1,12.08,12.095,2200,2021-09-23 16:43:00,HLMN
12.095,12.095,12.095,12.095,400,2021-09-23 16:44:00,HLMN
12.095,12.095,12.095,12.095,1000,2021-09-23 16:45:00,HLMN
12.095,12.11,12.095,12.1,4579,2021-09-23 16:46:00,HLMN
12.1,12.1,12.1,12.1,700,2021-09-23 16:47:00,HLMN
12.1,12.1,12.1,12.1,700,2021-09-23 16:48:00,HLMN
12.1,12.1,12.1,12.1,600,2021-09-23 16:49:00,HLMN
12.105,12.105,12.08,12.08,1600,2021-09-23 16:50:00,HLMN
12.09,12.09,12.04,12.05,1300,2021-09-23 16:51:00,HLMN
12.05,12.07,12.03,12.07,2500,2021-09-23 16:52:00,HLMN
12.065,12.065,12.05,12.06,1500,2021-09-23 16:53:00,HLMN
12.05,12.06,12.05,12.06,200,2021-09-23 16:54:00,HLMN
12.05,12.06,12.05,12.055,1300,2021-09-23 16:55:00,HLMN
12.05,12.055,12.05,12.05,600,2021-09-23 16:56:00,HLMN
12.055,12.055,12.055,12.055,400,2021-09-23 16:57:00,HLMN
12.055,12.055,12.055,12.055,600,2021-09-23 16:58:00,HLMN
12.055,12.055,12.05,12.05,900,2021-09-23 16:59:00,HLMN
12.05,12.055,12.05,12.055,1900,2021-09-23 17:00:00,HLMN
12.055,12.055,12.055,12.055,600,2021-09-23 17:01:00,HLMN
12.05,12.055,12.05,12.055,1500,2021-09-23 17:02:00,HLMN
12.05,12.06,12.05,12.05,3100,2021-09-23 17:03:00,HLMN
12.055,12.06,12.05,12.055,2528,2021-09-23 17:04:00,HLMN
12.06,12.06,12.055,12.055,700,2021-09-23 17:05:00,HLMN
12.06,12.07,12.06,12.07,2136,2021-09-23 17:06:00,HLMN
12.07,12.07,12.065,12.07,900,2021-09-23 17:07:00,HLMN
12.07,12.08,12.07,12.08,1100,2021-09-23 17:08:00,HLMN
12.075,12.0886,12.075,12.08,1973,2021-09-23 17:09:00,HLMN
12.085,12.09,12.08,12.085,1000,2021-09-23 17:10:00,HLMN
12.085,12.085,12.08,12.08,500,2021-09-23 17:11:00,HLMN
12.075,12.075,12.075,12.075,800,2021-09-23 17:12:00,HLMN
12.08,12.08,12.08,12.08,400,2021-09-23 17:13:00,HLMN
12.08,12.085,12.075,12.085,1243,2021-09-23 17:14:00,HLMN
12.09,12.095,12.08,12.09,2504,2021-09-23 17:15:00,HLMN
12.09,12.1,12.08,12.09,2928,2021-09-23 17:16:00,HLMN
12.09,12.09,12.09,12.09,200,2021-09-23 17:17:00,HLMN
12.09,12.095,12.085,12.095,1008,2021-09-23 17:18:00,HLMN
12.1,12.1,12.1,12.1,600,2021-09-23 17:19:00,HLMN
12.1,12.11,12.1,12.11,1600,2021-09-23 17:20:00,HLMN
12.11,12.115,12.11,12.115,900,2021-09-23 17:21:00,HLMN
12.11,12.12,12.11,12.11,800,2021-09-23 17:22:00,HLMN
12.12,12.13,12.12,12.13,600,2021-09-23 17:24:00,HLMN
12.13,12.13,12.12,12.13,742,2021-09-23 17:25:00,HLMN
12.12,12.13,12.12,12.12,531,2021-09-23 17:26:00,HLMN
12.13,12.13,12.12,12.12,500,2021-09-23 17:27:00,HLMN
12.13,12.13,12.12,12.12,400,2021-09-23 17:28:00,HLMN
12.12,12.13,12.12,12.12,1200,2021-09-23 17:29:00,HLMN
12.12,12.13,12.12,12.12,1000,2021-09-23 17:30:00,HLMN
12.13,12.13,12.1227,12.13,2150,2021-09-23 17:31:00,HLMN
12.13,12.13,12.125,12.13,1100,2021-09-23 17:32:00,HLMN
12.125,12.125,12.125,12.125,900,2021-09-23 17:33:00,HLMN
12.125,12.13,12.12,12.125,1800,2021-09-23 17:34:00,HLMN
12.13,12.14,12.13,12.135,1978,2021-09-23 17:35:00,HLMN
12.14,12.14,12.13,12.13,1442,2021-09-23 17:36:00,HLMN
12.135,12.14,12.135,12.135,600,2021-09-23 17:37:00,HLMN
12.14,12.14,12.135,12.135,300,2021-09-23 17:38:00,HLMN
12.14,12.15,12.14,12.15,1700,2021-09-23 17:39:00,HLMN
12.145,12.15,12.145,12.145,300,2021-09-23 17:40:00,HLMN
12.15,12.155,12.145,12.155,700,2021-09-23 17:41:00,HLMN
12.155,12.16,12.15,12.15,1300,2021-09-23 17:42:00,HLMN
12.15,12.155,12.15,12.15,1404,2021-09-23 17:43:00,HLMN
12.15,12.15,12.12,12.125,4038,2021-09-23 17:44:00,HLMN
12.12,12.125,12.12,12.125,1000,2021-09-23 17:45:00,HLMN
12.125,12.13,12.125,12.13,800,2021-09-23 17:46:00,HLMN
12.13,12.14,12.125,12.13,3628,2021-09-23 17:47:00,HLMN
12.14,12.145,12.13,12.135,1378,2021-09-23 17:48:00,HLMN
12.135,12.15,12.135,12.145,3100,2021-09-23 17:49:00,HLMN
12.15,12.155,12.15,12.155,700,2021-09-23 17:50:00,HLMN
12.16,12.16,12.155,12.155,907,2021-09-23 17:51:00,HLMN
12.155,12.16,12.15,12.15,1100,2021-09-23 17:52:00,HLMN
12.15,12.155,12.13,12.145,4736,2021-09-23 17:53:00,HLMN
12.13,12.14,12.12,12.135,2078,2021-09-23 17:54:00,HLMN
12.12,12.15,12.12,12.135,1316,2021-09-23 17:55:00,HLMN
12.12,12.14,12.12,12.13,2294,2021-09-23 17:56:00,HLMN
12.125,12.125,12.125,12.125,200,2021-09-23 17:57:00,HLMN
12.13,12.14,12.13,12.135,2697,2021-09-23 17:58:00,HLMN
12.135,12.135,12.1337,12.135,590,2021-09-23 17:59:00,HLMN
12.135,12.14,12.13,12.135,1200,2021-09-23 18:00:00,HLMN
12.13,12.14,12.13,12.13,11314,2021-09-23 18:01:00,HLMN
12.135,12.135,12.125,12.125,700,2021-09-23 18:02:00,HLMN
12.125,12.125,12.125,12.125,800,2021-09-23 18:03:00,HLMN
12.125,12.125,12.12,12.125,400,2021-09-23 18:04:00,HLMN
12.12,12.125,12.08,12.08,3000,2021-09-23 18:05:00,HLMN
12.08,12.09,12.08,12.085,3367,2021-09-23 18:06:00,HLMN
12.085,12.09,12.08,12.085,2786,2021-09-23 18:07:00,HLMN
12.08,12.085,12.06,12.06,1785,2021-09-23 18:08:00,HLMN
12.05,12.07,12.05,12.06,900,2021-09-23 18:09:00,HLMN
12.06,12.07,12.05,12.05,1900,2021-09-23 18:10:00,HLMN
12.05,12.07,12.05,12.07,2500,2021-09-23 18:11:00,HLMN
12.08,12.08,12.075,12.08,1450,2021-09-23 18:12:00,HLMN
12.085,12.09,12.08,12.085,1200,2021-09-23 18:13:00,HLMN
12.09,12.09,12.08,12.085,1000,2021-09-23 18:14:00,HLMN
12.09,12.09,12.08,12.085,1100,2021-09-23 18:15:00,HLMN
12.085,12.095,12.07,12.07,7000,2021-09-23 18:16:00,HLMN
12.06,12.06,12.02,12.055,12952,2021-09-23 18:17:00,HLMN
12.055,12.06,12.05,12.05,4814,2021-09-23 18:18:00,HLMN
12.04,12.06,12.04,12.055,4247,2021-09-23 18:19:00,HLMN
12.05,12.065,12.05,12.065,2700,2021-09-23 18:20:00,HLMN
12.065,12.07,12.05,12.06,16855,2021-09-23 18:21:00,HLMN
12.06,12.07,12.05,12.06,2100,2021-09-23 18:22:00,HLMN
12.06,12.08,12.06,12.08,3520,2021-09-23 18:23:00,HLMN
12.075,12.075,12.075,12.075,1000,2021-09-23 18:24:00,HLMN
12.08,12.08,12.075,12.075,1100,2021-09-23 18:25:00,HLMN
12.075,12.08,12.06,12.06,2900,2021-09-23 18:26:00,HLMN
12.05,12.075,12.05,12.075,4147,2021-09-23 18:27:00,HLMN
12.075,12.08,12.07,12.07,2700,2021-09-23 18:28:00,HLMN
12.07,12.07,12.03,12.04,7145,2021-09-23 18:29:00,HLMN
12.04,12.09,12.04,12.09,5743,2021-09-23 18:30:00,HLMN
12.09,12.1,12.06,12.07,5977,2021-09-23 18:31:00,HLMN
12.065,12.07,12.065,12.07,400,2021-09-23 18:32:00,HLMN
12.07,12.08,12.065,12.08,2600,2021-09-23 18:33:00,HLMN
12.08,12.08,12.075,12.075,700,2021-09-23 18:34:00,HLMN
12.08,12.08,12.075,12.075,700,2021-09-23 18:35:00,HLMN
12.08,12.08,12.075,12.075,500,2021-09-23 18:36:00,HLMN
12.075,12.075,12.075,12.075,400,2021-09-23 18:37:00,HLMN
12.075,12.075,12.07,12.075,1489,2021-09-23 18:38:00,HLMN
12.075,12.08,12.05,12.06,3809,2021-09-23 18:39:00,HLMN
12.05,12.06,12.05,12.06,700,2021-09-23 18:40:00,HLMN
12.06,12.075,12.05,12.055,2800,2021-09-23 18:41:00,HLMN
12.05,12.06,12.04,12.06,2000,2021-09-23 18:42:00,HLMN
12.04,12.06,12.04,12.05,9060,2021-09-23 18:43:00,HLMN
12.03,12.05,12.01,12.04,1103,2021-09-23 18:44:00,HLMN
12.01,12.05,12.01,12.05,2313,2021-09-23 18:45:00,HLMN
12.045,12.05,12.04,12.05,1507,2021-09-23 18:46:00,HLMN
12.04,12.04,12.035,12.035,800,2021-09-23 18:47:00,HLMN
12.03,12.04,12.03,12.035,1300,2021-09-23 18:48:00,HLMN
12.04,12.04,12.03,12.03,1100,2021-09-23 18:49:00,HLMN
12.04,12.04,12.033,12.04,1600,2021-09-23 18:50:00,HLMN
12.05,12.055,12.05,12.05,3024,2021-09-23 18:51:00,HLMN
12.045,12.05,12.045,12.045,2100,2021-09-23 18:52:00,HLMN
12.05,12.05,12.045,12.045,900,2021-09-23 18:53:00,HLMN
12.05,12.05,12.05,12.05,100,2021-09-23 18:54:00,HLMN
12.05,12.05,12.045,12.045,900,2021-09-23 18:55:00,HLMN
12.05,12.05,12.045,12.05,1600,2021-09-23 18:56:00,HLMN
12.045,12.05,12.045,12.045,1600,2021-09-23 18:57:00,HLMN
12.05,12.06,12.05,12.05,800,2021-09-23 18:58:00,HLMN
12.05,12.06,12.04,12.04,2200,2021-09-23 18:59:00,HLMN
12.04,12.05,12.03,12.04,3626,2021-09-23 19:00:00,HLMN
12.04,12.06,12.04,12.055,2900,2021-09-23 19:01:00,HLMN
12.06,12.065,12.06,12.065,2627,2021-09-23 19:02:00,HLMN
12.065,12.065,12.06,12.06,2100,2021-09-23 19:03:00,HLMN
12.07,12.07,12.06,12.06,300,2021-09-23 19:04:00,HLMN
12.07,12.07,12.065,12.065,1200,2021-09-23 19:05:00,HLMN
12.065,12.065,12.06,12.065,1700,2021-09-23 19:06:00,HLMN
12.06,12.06,12.02,12.02,1900,2021-09-23 19:07:00,HLMN
12.02,12.03,12.02,12.02,1000,2021-09-23 19:08:00,HLMN
12.02,12.03,12.02,12.025,1800,2021-09-23 19:09:00,HLMN
12.025,12.025,12.02,12.02,1200,2021-09-23 19:10:00,HLMN
12.025,12.03,12.0,12.0,2600,2021-09-23 19:11:00,HLMN
12.0,12.01,12.0,12.01,3717,2021-09-23 19:12:00,HLMN
12.02,12.04,12.01,12.02,3770,2021-09-23 19:13:00,HLMN
12.02,12.02,12.02,12.02,1400,2021-09-23 19:14:00,HLMN
12.02,12.02,12.02,12.02,600,2021-09-23 19:15:00,HLMN
12.02,12.03,12.02,12.02,1600,2021-09-23 19:16:00,HLMN
12.03,12.03,12.01,12.02,2600,2021-09-23 19:17:00,HLMN
12.025,12.03,12.02,12.025,1100,2021-09-23 19:18:00,HLMN
12.03,12.03,12.025,12.03,1000,2021-09-23 19:19:00,HLMN
12.03,12.04,12.03,12.04,1400,2021-09-23 19:20:00,HLMN
12.035,12.055,12.035,12.055,2537,2021-09-23 19:21:00,HLMN
12.05,12.055,12.04,12.045,2814,2021-09-23 19:22:00,HLMN
12.04,12.055,12.04,12.055,2579,2021-09-23 19:23:00,HLMN
12.055,12.075,12.05,12.075,3540,2021-09-23 19:24:00,HLMN
12.07,12.085,12.07,12.08,900,2021-09-23 19:25:00,HLMN
12.09,12.09,12.09,12.09,1700,2021-09-23 19:26:00,HLMN
12.08,12.09,12.08,12.085,500,2021-09-23 19:27:00,HLMN
12.085,12.09,12.085,12.09,400,2021-09-23 19:28:00,HLMN
12.085,12.09,12.08,12.085,1600,2021-09-23 19:29:00,HLMN
12.09,12.09,12.04,12.045,4284,2021-09-23 19:30:00,HLMN
12.04,12.06,12.02,12.02,2000,2021-09-23 19:31:00,HLMN
12.0,12.01,11.99,12.0,3702,2021-09-23 19:32:00,HLMN
11.99,12.015,11.99,12.005,3431,2021-09-23 19:33:00,HLMN
12.005,12.02,12.0,12.02,2000,2021-09-23 19:34:00,HLMN
12.02,12.02,12.02,12.02,600,2021-09-23 19:35:00,HLMN
12.015,12.02,12.015,12.02,3562,2021-09-23 19:36:00,HLMN
12.015,12.015,12.015,12.015,2000,2021-09-23 19:37:00,HLMN
12.02,12.025,12.015,12.02,2660,2021-09-23 19:38:00,HLMN
12.025,12.03,12.025,12.03,1000,2021-09-23 19:39:00,HLMN
12.03,12.03,12.02,12.03,2456,2021-09-23 19:40:00,HLMN
12.02,12.035,12.02,12.035,3600,2021-09-23 19:41:00,HLMN
12.03,12.035,12.02,12.025,2579,2021-09-23 19:42:00,HLMN
12.025,12.03,12.02,12.02,2800,2021-09-23 19:43:00,HLMN
12.025,12.03,12.02,12.03,3800,2021-09-23 19:44:00,HLMN
12.025,12.03,12.02,12.025,5415,2021-09-23 19:45:00,HLMN
12.02,12.03,12.02,12.03,3037,2021-09-23 19:46:00,HLMN
12.025,12.03,12.02,12.02,3200,2021-09-23 19:47:00,HLMN
12.025,12.03,12.02,12.025,4785,2021-09-23 19:48:00,HLMN
12.025,12.03,12.02,12.025,3400,2021-09-23 19:49:00,HLMN
12.03,12.04,12.02,12.035,9528,2021-09-23 19:50:00,HLMN
12.035,12.05,12.035,12.045,4910,2021-09-23 19:51:00,HLMN
12.05,12.06,12.045,12.05,4259,2021-09-23 19:52:00,HLMN
12.05,12.05,12.045,12.045,4204,2021-09-23 19:53:00,HLMN
12.05,12.06,12.045,12.055,2831,2021-09-23 19:54:00,HLMN
12.06,12.07,12.055,12.055,6011,2021-09-23 19:55:00,HLMN
12.05,12.06,12.045,12.06,5342,2021-09-23 19:56:00,HLMN
12.055,12.065,12.055,12.055,4810,2021-09-23 19:57:00,HLMN
12.05,12.06,12.03,12.035,9061,2021-09-23 19:58:00,HLMN
12.04,12.05,12.01,12.03,22386,2021-09-23 19:59:00,HLMN
12.04,12.04,12.04,12.04,38403,2021-09-23 20:00:00,HLMN
11.98,11.98,11.98,11.98,1234,2021-09-24 13:30:00,HLMN
11.97,11.97,11.97,11.97,200,2021-09-24 13:31:00,HLMN
11.965,12.01,11.965,12.01,200,2021-09-24 13:32:00,HLMN
11.97,12.055,11.97,11.97,963,2021-09-24 13:33:00,HLMN
12.03,12.03,12.03,12.03,100,2021-09-24 13:34:00,HLMN
12.04,12.04,12.04,12.04,100,2021-09-24 13:35:00,HLMN
12.045,12.045,12.045,12.045,100,2021-09-24 13:36:00,HLMN
12.08,12.08,12.08,12.08,100,2021-09-24 13:38:00,HLMN
12.06,12.06,12.06,12.06,100,2021-09-24 13:39:00,HLMN
12.06,12.06,12.01,12.01,1000,2021-09-24 13:40:00,HLMN
11.99,12.01,11.97,11.97,1148,2021-09-24 13:43:00,HLMN
11.94,11.96,11.94,11.96,400,2021-09-24 13:44:00,HLMN
11.96,11.96,11.96,11.96,200,2021-09-24 13:48:00,HLMN
11.96,11.96,11.96,11.96,100,2021-09-24 13:49:00,HLMN
12.0,12.0,12.0,12.0,100,2021-09-24 13:52:00,HLMN
12.0,12.0,12.0,12.0,300,2021-09-24 13:53:00,HLMN
12.02,12.02,12.02,12.02,100,2021-09-24 13:54:00,HLMN
12.02,12.02,11.99,11.99,800,2021-09-24 13:55:00,HLMN
11.99,11.99,11.99,11.99,400,2021-09-24 13:56:00,HLMN
11.99,12.0,11.99,12.0,1500,2021-09-24 13:58:00,HLMN
12.0,12.045,11.98,11.98,7451,2021-09-24 13:59:00,HLMN
11.995,11.995,11.95,11.95,2400,2021-09-24 14:00:00,HLMN
11.965,11.965,11.965,11.965,100,2021-09-24 14:01:00,HLMN
11.965,11.965,11.965,11.965,100,2021-09-24 14:02:00,HLMN
11.965,11.98,11.965,11.97,1400,2021-09-24 14:08:00,HLMN
11.97,11.97,11.9,11.9,4778,2021-09-24 14:09:00,HLMN
11.915,11.93,11.915,11.93,301,2021-09-24 14:10:00,HLMN
11.915,11.915,11.915,11.915,100,2021-09-24 14:11:00,HLMN
11.92,11.92,11.86,11.88,5285,2021-09-24 14:13:00,HLMN
11.88,11.89,11.88,11.89,296,2021-09-24 14:14:00,HLMN
11.89,11.89,11.89,11.89,1038,2021-09-24 14:15:00,HLMN
11.91,11.91,11.89,11.9,600,2021-09-24 14:16:00,HLMN
11.91,11.91,11.91,11.91,200,2021-09-24 14:17:00,HLMN
11.91,11.91,11.91,11.91,100,2021-09-24 14:18:00,HLMN
11.91,11.91,11.91,11.91,100,2021-09-24 14:19:00,HLMN
11.9,11.9,11.9,11.9,200,2021-09-24 14:20:00,HLMN
11.93,11.93,11.93,11.93,200,2021-09-24 14:21:00,HLMN
11.93,11.94,11.93,11.935,900,2021-09-24 14:22:00,HLMN
11.94,11.94,11.94,11.94,100,2021-09-24 14:23:00,HLMN
11.94,11.94,11.94,11.94,300,2021-09-24 14:25:00,HLMN
11.96,11.96,11.94,11.94,1900,2021-09-24 14:26:00,HLMN
11.94,11.94,11.935,11.935,400,2021-09-24 14:27:00,HLMN
11.94,11.94,11.94,11.94,200,2021-09-24 14:28:00,HLMN
11.94,11.94,11.94,11.94,300,2021-09-24 14:29:00,HLMN
11.95,11.96,11.95,11.96,300,2021-09-24 14:30:00,HLMN
11.97,11.97,11.97,11.97,100,2021-09-24 14:31:00,HLMN
11.97,11.97,11.97,11.97,200,2021-09-24 14:32:00,HLMN
11.97,11.97,11.97,11.97,100,2021-09-24 14:33:00,HLMN
11.97,11.97,11.97,11.97,400,2021-09-24 14:34:00,HLMN
11.97,11.975,11.97,11.975,400,2021-09-24 14:35:00,HLMN
11.97,11.97,11.97,11.97,100,2021-09-24 14:36:00,HLMN
11.965,11.965,11.95,11.955,2100,2021-09-24 14:37:00,HLMN
11.96,11.96,11.96,11.96,100,2021-09-24 14:38:00,HLMN
11.96,11.96,11.95,11.95,700,2021-09-24 14:39:00,HLMN
11.945,11.96,11.945,11.96,1490,2021-09-24 14:40:00,HLMN
11.96,11.99,11.96,11.99,300,2021-09-24 14:41:00,HLMN
11.99,11.99,11.975,11.975,300,2021-09-24 14:42:00,HLMN
11.99,11.99,11.99,11.99,300,2021-09-24 14:43:00,HLMN
11.99,12.01,11.99,12.01,1735,2021-09-24 14:44:00,HLMN
12.0039,12.0039,11.98,11.99,2506,2021-09-24 14:45:00,HLMN
11.99,12.01,11.99,11.99,2900,2021-09-24 14:46:00,HLMN
11.99,11.99,11.99,11.99,600,2021-09-24 14:47:00,HLMN
11.99,11.99,11.98,11.98,1128,2021-09-24 14:48:00,HLMN
11.97,11.975,11.97,11.975,200,2021-09-24 14:49:00,HLMN
11.98,11.98,11.97,11.98,500,2021-09-24 14:50:00,HLMN
11.98,11.98,11.97,11.97,500,2021-09-24 14:51:00,HLMN
11.98,11.98,11.98,11.98,100,2021-09-24 14:52:00,HLMN
11.98,11.98,11.97,11.98,400,2021-09-24 14:53:00,HLMN
11.98,11.99,11.98,11.99,200,2021-09-24 14:54:00,HLMN
11.99,11.99,11.99,11.99,200,2021-09-24 14:55:00,HLMN
11.99,11.99,11.98,11.98,400,2021-09-24 14:56:00,HLMN
11.99,11.99,11.99,11.99,100,2021-09-24 14:57:00,HLMN
11.99,11.99,11.98,11.98,500,2021-09-24 14:58:00,HLMN
11.99,11.99,11.99,11.99,300,2021-09-24 14:59:00,HLMN
11.99,11.99,11.99,11.99,400,2021-09-24 15:00:00,HLMN
11.99,11.99,11.99,11.99,200,2021-09-24 15:01:00,HLMN
11.99,11.99,11.98,11.99,1469,2021-09-24 15:02:00,HLMN
12.0,12.0,12.0,12.0,100,2021-09-24 15:03:00,HLMN
12.0,12.0,12.0,12.0,200,2021-09-24 15:04:00,HLMN
12.0,12.0,11.99,11.995,2200,2021-09-24 15:05:00,HLMN
12.0,12.0,12.0,12.0,800,2021-09-24 15:06:00,HLMN
12.0,12.0,12.0,12.0,500,2021-09-24 15:07:00,HLMN
12.0,12.0,12.0,12.0,300,2021-09-24 15:08:00,HLMN
12.0,12.0,12.0,12.0,200,2021-09-24 15:09:00,HLMN
11.99,12.005,11.99,12.005,1500,2021-09-24 15:10:00,HLMN
12.0,12.01,12.0,12.01,1100,2021-09-24 15:11:00,HLMN
12.01,12.03,12.01,12.03,300,2021-09-24 15:12:00,HLMN
12.02,12.03,12.01,12.015,900,2021-09-24 15:13:00,HLMN
12.015,12.015,11.99,11.99,1825,2021-09-24 15:14:00,HLMN
11.99,11.99,11.99,11.99,200,2021-09-24 15:15:00,HLMN
11.99,11.99,11.99,11.99,200,2021-09-24 15:16:00,HLMN
11.99,11.99,11.99,11.99,200,2021-09-24 15:17:00,HLMN
11.99,11.99,11.99,11.99,300,2021-09-24 15:18:00,HLMN
11.98,11.99,11.98,11.99,1324,2021-09-24 15:19:00,HLMN
12.0,12.0,12.0,12.0,100,2021-09-24 15:20:00,HLMN
12.0,12.0,12.0,12.0,200,2021-09-24 15:21:00,HLMN
12.0,12.0,12.0,12.0,100,2021-09-24 15:23:00,HLMN
12.0,12.0,12.0,12.0,300,2021-09-24 15:24:00,HLMN
11.99,11.99,11.985,11.985,800,2021-09-24 15:25:00,HLMN
11.99,12.0,11.99,11.99,677,2021-09-24 15:26:00,HLMN
12.0,12.0,11.98,11.985,500,2021-09-24 15:27:00,HLMN
11.985,11.99,11.985,11.985,600,2021-09-24 15:28:00,HLMN
11.99,12.02,11.99,12.01,5042,2021-09-24 15:29:00,HLMN
12.01,12.01,12.01,12.01,700,2021-09-24 15:30:00,HLMN
12.01,12.01,12.01,12.01,300,2021-09-24 15:31:00,HLMN
12.01,12.01,12.01,12.01,800,2021-09-24 15:32:00,HLMN
12.015,12.015,12.01,12.01,200,2021-09-24 15:33:00,HLMN
12.01,12.015,12.01,12.015,200,2021-09-24 15:34:00,HLMN
12.015,12.015,12.01,12.01,300,2021-09-24 15:35:00,HLMN
12.01,12.01,12.01,12.01,300,2021-09-24 15:36:00,HLMN
12.01,12.01,12.01,12.01,1100,2021-09-24 15:37:00,HLMN
12.005,12.01,12.0,12.01,3400,2021-09-24 15:39:00,HLMN
12.005,12.01,12.005,12.005,700,2021-09-24 15:40:00,HLMN
12.005,12.005,11.99,11.99,700,2021-09-24 15:41:00,HLMN
12.0,12.01,12.0,12.01,500,2021-09-24 15:42:00,HLMN
12.01,12.01,12.0,12.0,1000,2021-09-24 15:43:00,HLMN
12.01,12.01,12.0,12.005,600,2021-09-24 15:44:00,HLMN
12.01,12.01,12.0,12.005,1100,2021-09-24 15:45:00,HLMN
12.01,12.01,12.005,12.005,200,2021-09-24 15:46:00,HLMN
12.005,12.005,12.005,12.005,100,2021-09-24 15:47:00,HLMN
12.01,12.01,12.005,12.01,500,2021-09-24 15:48:00,HLMN
12.02,12.02,12.015,12.02,724,2021-09-24 15:49:00,HLMN
12.02,12.02,12.02,12.02,100,2021-09-24 15:50:00,HLMN
12.03,12.03,12.02,12.02,300,2021-09-24 15:51:00,HLMN
12.015,12.02,12.01,12.02,500,2021-09-24 15:52:00,HLMN
12.01,12.02,12.01,12.015,600,2021-09-24 15:53:00,HLMN
12.02,12.02,12.02,12.02,200,2021-09-24 15:54:00,HLMN
12.02,12.03,12.02,12.03,300,2021-09-24 15:55:00,HLMN
12.025,12.03,12.025,12.03,500,2021-09-24 15:56:00,HLMN
12.03,12.03,12.02,12.03,700,2021-09-24 15:57:00,HLMN
12.025,12.025,12.0,12.0,606,2021-09-24 15:58:00,HLMN
12.0,12.0,11.99,11.995,1113,2021-09-24 15:59:00,HLMN
12.0,12.0,12.0,12.0,200,2021-09-24 16:00:00,HLMN
11.995,11.995,11.995,11.995,100,2021-09-24 16:01:00,HLMN
12.0,12.0,12.0,12.0,100,2021-09-24 16:02:00,HLMN
11.99,12.0,11.99,12.0,200,2021-09-24 16:03:00,HLMN
12.0,12.0,11.99,11.99,300,2021-09-24 16:04:00,HLMN
11.995,11.995,11.91,11.91,4317,2021-09-24 16:05:00,HLMN
11.9,11.94,11.87,11.915,8360,2021-09-24 16:06:00,HLMN
11.9,11.93,11.87,11.93,2829,2021-09-24 16:07:00,HLMN
11.93,11.94,11.93,11.94,400,2021-09-24 16:08:00,HLMN
11.94,11.94,11.94,11.94,399,2021-09-24 16:09:00,HLMN
11.97,11.97,11.97,11.97,200,2021-09-24 16:10:00,HLMN
11.97,11.97,11.97,11.97,300,2021-09-24 16:11:00,HLMN
11.97,11.97,11.97,11.97,219,2021-09-24 16:14:00,HLMN
11.97,11.98,11.97,11.98,300,2021-09-24 16:15:00,HLMN
11.97,11.97,11.97,11.97,137,2021-09-24 16:17:00,HLMN
11.97,11.97,11.965,11.97,800,2021-09-24 16:18:00,HLMN
11.98,11.98,11.975,11.975,200,2021-09-24 16:19:00,HLMN
11.975,11.975,11.975,11.975,100,2021-09-24 16:20:00,HLMN
11.975,11.98,11.97,11.98,1132,2021-09-24 16:21:00,HLMN
11.98,11.98,11.97,11.975,1168,2021-09-24 16:22:00,HLMN
11.97,11.98,11.97,11.98,400,2021-09-24 16:23:00,HLMN
11.97,11.98,11.97,11.98,300,2021-09-24 16:24:00,HLMN
11.97,11.98,11.96,11.98,800,2021-09-24 16:25:00,HLMN
11.97,11.97,11.96,11.96,500,2021-09-24 16:26:00,HLMN
11.965,11.98,11.96,11.98,900,2021-09-24 16:27:00,HLMN
11.98,11.98,11.97,11.98,400,2021-09-24 16:28:00,HLMN
11.97,11.98,11.97,11.98,200,2021-09-24 16:29:00,HLMN
11.97,11.97,11.965,11.965,200,2021-09-24 16:30:00,HLMN
11.97,11.98,11.97,11.98,300,2021-09-24 16:31:00,HLMN
11.975,11.98,11.975,11.98,200,2021-09-24 16:32:00,HLMN
11.975,11.975,11.975,11.975,200,2021-09-24 16:33:00,HLMN
11.98,11.98,11.98,11.98,100,2021-09-24 16:34:00,HLMN
11.98,11.98,11.98,11.98,411,2021-09-24 16:35:00,HLMN
11.98,11.98,11.98,11.98,100,2021-09-24 16:36:00,HLMN
11.97,11.98,11.97,11.979,511,2021-09-24 16:37:00,HLMN
11.98,11.98,11.975,11.98,300,2021-09-24 16:38:00,HLMN
11.97,11.98,11.97,11.98,504,2021-09-24 16:39:00,HLMN
11.98,11.98,11.98,11.98,100,2021-09-24 16:40:00,HLMN
11.975,11.985,11.975,11.98,1648,2021-09-24 16:41:00,HLMN
11.99,11.99,11.99,11.99,200,2021-09-24 16:42:00,HLMN
11.99,11.995,11.98,11.995,900,2021-09-24 16:44:00,HLMN
12.0,12.005,11.99,11.99,900,2021-09-24 16:45:00,HLMN
11.985,12.01,11.98,11.98,2000,2021-09-24 16:46:00,HLMN
11.99,11.99,11.99,11.99,200,2021-09-24 16:47:00,HLMN
11.99,12.02,11.99,12.02,1739,2021-09-24 16:48:00,HLMN
12.015,12.03,12.015,12.015,800,2021-09-24 16:49:00,HLMN
12.015,12.015,12.015,12.015,200,2021-09-24 16:50:00,HLMN
12.015,12.015,12.015,12.015,300,2021-09-24 16:51:00,HLMN
12.015,12.015,12.015,12.015,200,2021-09-24 16:52:00,HLMN
12.015,12.015,12.015,12.015,200,2021-09-24 16:53:00,HLMN
12.015,12.03,12.015,12.03,200,2021-09-24 16:54:00,HLMN
12.015,12.015,12.015,12.015,400,2021-09-24 16:55:00,HLMN
12.015,12.015,12.015,12.015,200,2021-09-24 16:56:00,HLMN
12.01,12.01,11.97,11.98,1300,2021-09-24 16:57:00,HLMN
11.97,11.98,11.95,11.95,500,2021-09-24 16:58:00,HLMN
11.96,11.96,11.955,11.96,700,2021-09-24 16:59:00,HLMN
11.97,11.97,11.97,11.97,705,2021-09-24 17:00:00,HLMN
11.97,11.97,11.97,11.97,300,2021-09-24 17:01:00,HLMN
11.97,11.97,11.97,11.97,100,2021-09-24 17:02:00,HLMN
11.97,11.98,11.97,11.98,400,2021-09-24 17:03:00,HLMN
11.97,11.98,11.97,11.98,1079,2021-09-24 17:04:00,HLMN
11.985,11.99,11.98,11.98,1604,2021-09-24 17:05:00,HLMN
11.97,11.97,11.97,11.97,135,2021-09-24 17:06:00,HLMN
11.98,11.99,11.98,11.99,300,2021-09-24 17:07:00,HLMN
11.98,11.98,11.962,11.962,1623,2021-09-24 17:08:00,HLMN
11.97,11.97,11.97,11.97,705,2021-09-24 17:09:00,HLMN
11.98,11.98,11.975,11.975,300,2021-09-24 17:10:00,HLMN
11.975,11.975,11.975,11.975,300,2021-09-24 17:11:00,HLMN
11.98,11.98,11.97,11.975,615,2021-09-24 17:12:00,HLMN
11.98,11.98,11.98,11.98,200,2021-09-24 17:13:00,HLMN
11.975,11.98,11.97,11.97,1000,2021-09-24 17:14:00,HLMN
11.98,11.98,11.98,11.98,100,2021-09-24 17:15:00,HLMN
11.98,11.98,11.98,11.98,100,2021-09-24 17:16:00,HLMN
11.98,11.98,11.98,11.98,100,2021-09-24 17:17:00,HLMN
11.975,11.975,11.975,11.975,300,2021-09-24 17:18:00,HLMN
11.97,11.98,11.97,11.98,200,2021-09-24 17:19:00,HLMN
11.98,11.98,11.975,11.975,200,2021-09-24 17:22:00,HLMN
11.98,11.98,11.98,11.98,100,2021-09-24 17:23:00,HLMN
11.975,11.975,11.97,11.975,804,2021-09-24 17:24:00,HLMN
11.97,11.97,11.97,11.97,100,2021-09-24 17:25:00,HLMN
11.965,11.97,11.96,11.97,500,2021-09-24 17:27:00,HLMN
11.965,11.97,11.965,11.97,300,2021-09-24 17:28:00,HLMN
11.97,11.97,11.96,11.965,605,2021-09-24 17:29:00,HLMN
11.965,11.97,11.965,11.965,400,2021-09-24 17:30:00,HLMN
11.97,11.97,11.965,11.965,200,2021-09-24 17:31:00,HLMN
11.97,11.97,11.965,11.965,300,2021-09-24 17:32:00,HLMN
11.97,11.97,11.93,11.93,3380,2021-09-24 17:33:00,HLMN
11.93,11.94,11.925,11.925,500,2021-09-24 17:34:00,HLMN
11.92,11.94,11.92,11.93,1800,2021-09-24 17:35:00,HLMN
11.94,11.95,11.94,11.945,1725,2021-09-24 17:36:00,HLMN
11.94,11.94,11.94,11.94,100,2021-09-24 17:37:00,HLMN
11.94,11.94,11.94,11.94,100,2021-09-24 17:38:00,HLMN
11.95,11.95,11.94,11.94,200,2021-09-24 17:39:00,HLMN
11.95,11.95,11.94,11.95,300,2021-09-24 17:40:00,HLMN
11.95,11.95,11.95,11.95,200,2021-09-24 17:41:00,HLMN
11.95,11.95,11.95,11.95,200,2021-09-24 17:42:00,HLMN
11.95,11.95,11.945,11.95,500,2021-09-24 17:43:00,HLMN
11.945,11.945,11.945,11.945,428,2021-09-24 17:44:00,HLMN
11.945,11.95,11.93,11.94,1000,2021-09-24 17:45:00,HLMN
11.94,11.94,11.93,11.94,400,2021-09-24 17:46:00,HLMN
11.92,11.94,11.92,11.935,600,2021-09-24 17:47:00,HLMN
11.935,11.935,11.9,11.905,6075,2021-09-24 17:48:00,HLMN
11.91,11.92,11.91,11.92,537,2021-09-24 17:49:00,HLMN
11.92,11.92,11.92,11.92,300,2021-09-24 17:50:00,HLMN
11.93,11.93,11.93,11.93,100,2021-09-24 17:51:00,HLMN
11.93,11.93,11.92,11.92,586,2021-09-24 17:52:00,HLMN
11.92,11.93,11.92,11.9233,2370,2021-09-24 17:53:00,HLMN
11.93,11.94,11.93,11.94,900,2021-09-24 17:54:00,HLMN
11.94,11.94,11.94,11.94,200,2021-09-24 17:55:00,HLMN
11.94,11.94,11.94,11.94,200,2021-09-24 17:56:00,HLMN
11.94,11.94,11.93,11.93,300,2021-09-24 17:57:00,HLMN
11.94,11.94,11.94,11.94,100,2021-09-24 17:58:00,HLMN
11.94,11.94,11.94,11.94,200,2021-09-24 17:59:00,HLMN
11.93,11.93,11.93,11.93,400,2021-09-24 18:00:00,HLMN
11.93,11.93,11.92,11.925,2677,2021-09-24 18:01:00,HLMN
11.9,11.9,11.9,11.9,100,2021-09-24 18:02:00,HLMN
11.91,11.91,11.91,11.91,200,2021-09-24 18:03:00,HLMN
11.91,11.91,11.91,11.91,100,2021-09-24 18:04:00,HLMN
11.91,11.92,11.91,11.92,1008,2021-09-24 18:05:00,HLMN
11.915,11.92,11.915,11.92,300,2021-09-24 18:06:00,HLMN
11.91,11.92,11.91,11.92,3137,2021-09-24 18:07:00,HLMN
11.915,11.915,11.91,11.91,200,2021-09-24 18:08:00,HLMN
11.92,11.92,11.92,11.92,100,2021-09-24 18:09:00,HLMN
11.92,11.93,11.92,11.93,2721,2021-09-24 18:11:00,HLMN
11.93,11.93,11.93,11.93,300,2021-09-24 18:12:00,HLMN
11.92,11.93,11.92,11.93,300,2021-09-24 18:13:00,HLMN
11.93,11.94,11.93,11.94,1998,2021-09-24 18:14:00,HLMN
11.94,11.94,11.94,11.94,500,2021-09-24 18:15:00,HLMN
11.94,11.95,11.94,11.94,700,2021-09-24 18:16:00,HLMN
11.94,11.945,11.94,11.945,300,2021-09-24 18:17:00,HLMN
11.95,11.95,11.945,11.945,1170,2021-09-24 18:18:00,HLMN
11.95,11.95,11.935,11.95,1300,2021-09-24 18:19:00,HLMN
11.95,11.96,11.95,11.96,300,2021-09-24 18:20:00,HLMN
11.98,11.98,11.97,11.98,328,2021-09-24 18:21:00,HLMN
11.99,11.99,11.99,11.99,100,2021-09-24 18:22:00,HLMN
11.98,11.99,11.98,11.99,400,2021-09-24 18:23:00,HLMN
11.97,11.99,11.96,11.97,950,2021-09-24 18:24:00,HLMN
11.97,11.97,11.97,11.97,100,2021-09-24 18:25:00,HLMN
11.97,11.98,11.97,11.97,300,2021-09-24 18:26:00,HLMN
11.97,11.97,11.97,11.97,300,2021-09-24 18:27:00,HLMN
11.98,11.98,11.98,11.98,100,2021-09-24 18:28:00,HLMN
11.97,11.98,11.97,11.98,200,2021-09-24 18:29:00,HLMN
11.98,11.98,11.97,11.97,400,2021-09-24 18:30:00,HLMN
11.98,11.98,11.98,11.98,100,2021-09-24 18:31:00,HLMN
11.98,11.98,11.98,11.98,100,2021-09-24 18:32:00,HLMN
11.975,11.975,11.97,11.97,1100,2021-09-24 18:33:00,HLMN
11.98,11.98,11.97,11.97,312,2021-09-24 18:34:00,HLMN
11.975,11.98,11.975,11.98,700,2021-09-24 18:35:00,HLMN
11.97,11.97,11.97,11.97,100,2021-09-24 18:36:00,HLMN
11.98,11.98,11.98,11.98,100,2021-09-24 18:37:00,HLMN
11.98,11.98,11.98,11.98,200,2021-09-24 18:38:00,HLMN
11.98,11.98,11.97,11.98,300,2021-09-24 18:39:00,HLMN
11.98,11.9876,11.97,11.98,2720,2021-09-24 18:40:00,HLMN
11.98,11.98,11.98,11.98,100,2021-09-24 18:41:00,HLMN
11.98,11.98,11.98,11.98,300,2021-09-24 18:42:00,HLMN
11.98,11.98,11.98,11.98,200,2021-09-24 18:43:00,HLMN
11.98,11.98,11.975,11.975,300,2021-09-24 18:44:00,HLMN
11.98,11.98,11.98,11.98,700,2021-09-24 18:45:00,HLMN
11.97,11.98,11.97,11.98,1700,2021-09-24 18:46:00,HLMN
11.9784,11.9784,11.96,11.96,2113,2021-09-24 18:47:00,HLMN
11.96,11.965,11.92,11.92,1768,2021-09-24 18:48:00,HLMN
11.93,11.93,11.93,11.93,100,2021-09-24 18:49:00,HLMN
11.94,11.94,11.92,11.935,500,2021-09-24 18:50:00,HLMN
11.94,11.94,11.93,11.9319,2361,2021-09-24 18:51:00,HLMN
11.94,11.97,11.94,11.97,3698,2021-09-24 18:52:00,HLMN
11.97,11.97,11.96,11.965,1200,2021-09-24 18:53:00,HLMN
11.97,11.97,11.97,11.97,500,2021-09-24 18:54:00,HLMN
11.97,11.97,11.97,11.97,300,2021-09-24 18:55:00,HLMN
11.97,11.97,11.97,11.97,200,2021-09-24 18:56:00,HLMN
11.97,11.97,11.97,11.97,100,2021-09-24 18:57:00,HLMN
11.96,11.97,11.96,11.965,2898,2021-09-24 18:58:00,HLMN
11.97,11.97,11.965,11.965,200,2021-09-24 18:59:00,HLMN
11.96,11.97,11.96,11.97,800,2021-09-24 19:00:00,HLMN
11.96,11.965,11.96,11.96,1600,2021-09-24 19:01:00,HLMN
11.96,11.96,11.955,11.955,638,2021-09-24 19:02:00,HLMN
11.955,11.96,11.955,11.96,300,2021-09-24 19:03:00,HLMN
11.95,11.955,11.94,11.95,2939,2021-09-24 19:04:00,HLMN
11.95,11.95,11.94,11.945,1000,2021-09-24 19:05:00,HLMN
11.945,11.95,11.945,11.95,300,2021-09-24 19:06:00,HLMN
11.95,11.95,11.95,11.95,100,2021-09-24 19:07:00,HLMN
11.95,11.95,11.94,11.945,600,2021-09-24 19:08:00,HLMN
11.94,11.95,11.94,11.95,200,2021-09-24 19:09:00,HLMN
11.945,11.95,11.945,11.95,300,2021-09-24 19:10:00,HLMN
11.95,11.95,11.945,11.945,400,2021-09-24 19:11:00,HLMN
11.95,11.99,11.95,11.99,4656,2021-09-24 19:12:00,HLMN
11.98,11.985,11.975,11.975,1664,2021-09-24 19:13:00,HLMN
11.975,11.975,11.96,11.96,3361,2021-09-24 19:14:00,HLMN
11.97,11.97,11.965,11.965,570,2021-09-24 19:15:00,HLMN
11.97,11.97,11.96,11.965,1000,2021-09-24 19:16:00,HLMN
11.96,11.97,11.96,11.965,500,2021-09-24 19:17:00,HLMN
11.97,11.97,11.965,11.97,1000,2021-09-24 19:18:00,HLMN
11.97,11.97,11.97,11.97,300,2021-09-24 19:19:00,HLMN
11.97,11.97,11.965,11.965,500,2021-09-24 19:20:00,HLMN
11.97,11.97,11.965,11.97,1414,2021-09-24 19:21:00,HLMN
11.965,11.975,11.965,11.97,3615,2021-09-24 19:22:00,HLMN
11.98,11.98,11.98,11.98,300,2021-09-24 19:23:00,HLMN
11.98,12.0,11.98,11.995,2145,2021-09-24 19:24:00,HLMN
12.0,12.0,11.995,12.0,1872,2021-09-24 19:25:00,HLMN
12.005,12.005,11.995,11.995,2321,2021-09-24 19:26:00,HLMN
11.99,11.995,11.98,11.985,2215,2021-09-24 19:27:00,HLMN
11.985,11.985,11.98,11.98,300,2021-09-24 19:28:00,HLMN
11.985,11.99,11.985,11.985,500,2021-09-24 19:29:00,HLMN
11.99,11.99,11.99,11.99,100,2021-09-24 19:30:00,HLMN
11.985,11.99,11.975,11.975,1945,2021-09-24 19:31:00,HLMN
11.98,11.98,11.9725,11.9725,200,2021-09-24 19:32:00,HLMN
11.975,11.975,11.97,11.97,1342,2021-09-24 19:33:00,HLMN
11.98,11.98,11.965,11.965,1756,2021-09-24 19:34:00,HLMN
11.96,11.97,11.96,11.96,400,2021-09-24 19:35:00,HLMN
11.97,11.97,11.96,11.96,800,2021-09-24 19:36:00,HLMN
11.965,11.97,11.955,11.965,2683,2021-09-24 19:37:00,HLMN
11.97,11.99,11.965,11.99,5787,2021-09-24 19:38:00,HLMN
11.99,12.0,11.99,12.0,1050,2021-09-24 19:39:00,HLMN
11.995,12.0,11.99,12.0,800,2021-09-24 19:40:00,HLMN
12.0,12.01,12.0,12.005,3127,2021-09-24 19:41:00,HLMN
12.005,12.01,12.005,12.01,300,2021-09-24 19:42:00,HLMN
12.0,12.005,11.995,12.0,2415,2021-09-24 19:43:00,HLMN
11.995,12.0,11.995,12.0,1179,2021-09-24 19:44:00,HLMN
12.0,12.015,12.0,12.0,3700,2021-09-24 19:45:00,HLMN
12.005,12.01,12.0,12.005,1000,2021-09-24 19:46:00,HLMN
12.01,12.01,12.0,12.01,600,2021-09-24 19:47:00,HLMN
12.0,12.005,12.0,12.0,4718,2021-09-24 19:48:00,HLMN
12.0,12.01,11.97,11.97,7637,2021-09-24 19:49:00,HLMN
11.975,12.0,11.975,12.0,7512,2021-09-24 19:50:00,HLMN
12.0,12.015,12.0,12.01,3576,2021-09-24 19:51:00,HLMN
12.005,12.01,12.005,12.01,800,2021-09-24 19:52:00,HLMN
12.01,12.01,12.0,12.005,1300,2021-09-24 19:53:00,HLMN
12.0,12.01,11.995,12.0,7103,2021-09-24 19:54:00,HLMN
12.0,12.0,11.99,12.0,3524,2021-09-24 19:55:00,HLMN
11.99,12.0,11.99,12.0,3861,2021-09-24 19:56:00,HLMN
11.995,12.0,11.98,11.99,5140,2021-09-24 19:57:00,HLMN
11.99,12.01,11.99,12.01,7246,2021-09-24 19:58:00,HLMN
12.01,12.01,11.99,11.99,13030,2021-09-24 19:59:00,HLMN
12.0,12.0,12.0,12.0,27456,2021-09-24 20:00:00,HLMN
11.97,11.97,11.97,11.97,1174,2021-09-27 13:30:00,HLMN
12.04,12.04,12.03,12.03,200,2021-09-27 13:34:00,HLMN
12.02,12.05,11.93,11.93,4754,2021-09-27 13:37:00,HLMN
11.95,11.99,11.82,11.945,13962,2021-09-27 13:38:00,HLMN
11.95,11.95,11.92,11.935,2600,2021-09-27 13:39:00,HLMN
11.94,11.94,11.91,11.91,1042,2021-09-27 13:40:00,HLMN
11.91,11.99,11.91,11.93,1292,2021-09-27 13:41:00,HLMN
11.93,11.93,11.93,11.93,175,2021-09-27 13:42:00,HLMN
11.97,11.97,11.97,11.97,100,2021-09-27 13:43:00,HLMN
12.03,12.06,12.015,12.055,1559,2021-09-27 13:47:00,HLMN
12.08,12.08,12.08,12.08,300,2021-09-27 13:49:00,HLMN
12.09,12.09,12.09,12.09,200,2021-09-27 13:52:00,HLMN
12.09,12.09,12.07,12.07,400,2021-09-27 13:55:00,HLMN
12.11,12.11,12.11,12.11,100,2021-09-27 13:56:00,HLMN
12.0897,12.0897,12.0897,12.0897,500,2021-09-27 13:57:00,HLMN
12.09,12.115,12.09,12.09,765,2021-09-27 14:02:00,HLMN
12.09,12.1,12.09,12.1,1280,2021-09-27 14:04:00,HLMN
12.1,12.13,12.1,12.13,983,2021-09-27 14:06:00,HLMN
12.13,12.13,12.1002,12.115,4132,2021-09-27 14:07:00,HLMN
12.13,12.13,12.12,12.12,494,2021-09-27 14:08:00,HLMN
12.13,12.13,12.12,12.13,301,2021-09-27 14:09:00,HLMN
12.12,12.13,12.12,12.13,500,2021-09-27 14:10:00,HLMN
12.12,12.13,12.12,12.12,928,2021-09-27 14:11:00,HLMN
12.13,12.13,12.105,12.105,2200,2021-09-27 14:12:00,HLMN
12.11,12.12,12.11,12.12,200,2021-09-27 14:13:00,HLMN
12.12,12.12,12.11,12.11,300,2021-09-27 14:14:00,HLMN
12.12,12.12,12.11,12.12,500,2021-09-27 14:15:00,HLMN
12.11,12.12,12.11,12.12,500,2021-09-27 14:16:00,HLMN
12.12,12.12,12.11,12.12,300,2021-09-27 14:17:00,HLMN
12.12,12.12,12.11,12.11,300,2021-09-27 14:18:00,HLMN
12.12,12.12,12.12,12.12,200,2021-09-27 14:19:00,HLMN
12.11,12.125,12.1,12.1,19031,2021-09-27 14:20:00,HLMN
12.1,12.11,12.1,12.105,1400,2021-09-27 14:21:00,HLMN
12.12,12.13,12.12,12.13,1000,2021-09-27 14:22:00,HLMN
12.14,12.16,12.14,12.16,400,2021-09-27 14:23:00,HLMN
12.17,12.17,12.15,12.155,500,2021-09-27 14:24:00,HLMN
12.17,12.17,12.17,12.17,200,2021-09-27 14:25:00,HLMN
12.15,12.17,12.15,12.15,900,2021-09-27 14:26:00,HLMN
12.18,12.18,12.14,12.14,2000,2021-09-27 14:27:00,HLMN
12.15,12.15,12.11,12.11,900,2021-09-27 14:28:00,HLMN
12.12,12.15,12.12,12.15,900,2021-09-27 14:29:00,HLMN
12.15,12.16,12.14,12.145,710,2021-09-27 14:30:00,HLMN
12.15,12.17,12.15,12.16,1279,2021-09-27 14:31:00,HLMN
12.16,12.16,12.16,12.16,200,2021-09-27 14:32:00,HLMN
12.16,12.16,12.16,12.16,100,2021-09-27 14:33:00,HLMN
12.16,12.16,12.14,12.15,400,2021-09-27 14:34:00,HLMN
12.16,12.16,12.15,12.15,200,2021-09-27 14:35:00,HLMN
12.16,12.16,12.15,12.16,700,2021-09-27 14:36:00,HLMN
12.16,12.16,12.15,12.15,900,2021-09-27 14:37:00,HLMN
12.17,12.17,12.15,12.155,500,2021-09-27 14:38:00,HLMN
12.16,12.17,12.15,12.17,300,2021-09-27 14:39:00,HLMN
12.15,12.16,12.14,12.145,1500,2021-09-27 14:40:00,HLMN
12.145,12.17,12.145,12.17,1120,2021-09-27 14:41:00,HLMN
12.17,12.17,12.17,12.17,100,2021-09-27 14:42:00,HLMN
12.17,12.17,12.155,12.155,1558,2021-09-27 14:43:00,HLMN
12.16,12.16,12.16,12.16,200,2021-09-27 14:45:00,HLMN
12.15,12.16,12.1425,12.16,400,2021-09-27 14:46:00,HLMN
12.16,12.16,12.16,12.16,300,2021-09-27 14:47:00,HLMN
12.16,12.16,12.16,12.16,200,2021-09-27 14:48:00,HLMN
12.15,12.17,12.15,12.17,2260,2021-09-27 14:49:00,HLMN
12.155,12.17,12.15,12.15,4420,2021-09-27 14:50:00,HLMN
12.15,12.15,12.145,12.145,629,2021-09-27 14:51:00,HLMN
12.145,12.15,12.135,12.14,980,2021-09-27 14:52:00,HLMN
12.15,12.15,12.145,12.145,1900,2021-09-27 14:53:00,HLMN
12.15,12.17,12.15,12.15,1400,2021-09-27 14:54:00,HLMN
12.18,12.18,12.15,12.15,2479,2021-09-27 14:55:00,HLMN
12.17,12.17,12.16,12.16,200,2021-09-27 14:56:00,HLMN
12.16,12.17,12.15,12.15,1900,2021-09-27 14:57:00,HLMN
12.17,12.18,12.15,12.15,2500,2021-09-27 14:58:00,HLMN
12.15,12.17,12.15,12.17,300,2021-09-27 14:59:00,HLMN
12.17,12.17,12.15,12.155,1000,2021-09-27 15:00:00,HLMN
12.17,12.17,12.17,12.17,200,2021-09-27 15:01:00,HLMN
12.17,12.17,12.14,12.145,2600,2021-09-27 15:02:00,HLMN
12.15,12.155,12.15,12.15,1447,2021-09-27 15:04:00,HLMN
12.16,12.16,12.16,12.16,100,2021-09-27 15:05:00,HLMN
12.16,12.16,12.14,12.15,800,2021-09-27 15:06:00,HLMN
12.16,12.16,12.15,12.16,1100,2021-09-27 15:07:00,HLMN
12.17,12.17,12.15,12.15,600,2021-09-27 15:08:00,HLMN
12.16,12.16,12.145,12.16,834,2021-09-27 15:09:00,HLMN
12.16,12.17,12.06,12.07,11461,2021-09-27 15:10:00,HLMN
12.09,12.11,12.08,12.085,2337,2021-09-27 15:11:00,HLMN
12.08,12.12,12.08,12.09,2847,2021-09-27 15:12:00,HLMN
12.11,12.12,12.11,12.12,400,2021-09-27 15:13:00,HLMN
12.105,12.13,12.105,12.13,600,2021-09-27 15:14:00,HLMN
12.13,12.13,12.11,12.13,600,2021-09-27 15:15:00,HLMN
12.13,12.13,12.11,12.115,400,2021-09-27 15:16:00,HLMN
12.13,12.13,12.13,12.13,100,2021-09-27 15:17:00,HLMN
12.11,12.13,12.11,12.13,800,2021-09-27 15:18:00,HLMN
12.13,12.13,12.13,12.13,100,2021-09-27 15:19:00,HLMN
12.11,12.12,12.11,12.12,628,2021-09-27 15:20:00,HLMN
12.12,12.12,12.12,12.12,100,2021-09-27 15:21:00,HLMN
12.12,12.12,12.12,12.12,300,2021-09-27 15:22:00,HLMN
12.13,12.13,12.12,12.12,200,2021-09-27 15:23:00,HLMN
12.13,12.13,12.115,12.12,925,2021-09-27 15:24:00,HLMN
12.13,12.13,12.13,12.13,100,2021-09-27 15:25:00,HLMN
12.13,12.13,12.115,12.12,1000,2021-09-27 15:26:00,HLMN
12.1,12.13,12.1,12.1238,2158,2021-09-27 15:27:00,HLMN
12.13,12.13,12.13,12.13,500,2021-09-27 15:28:00,HLMN
12.13,12.13,12.13,12.13,300,2021-09-27 15:29:00,HLMN
12.14,12.14,12.135,12.135,800,2021-09-27 15:30:00,HLMN
12.135,12.135,12.135,12.135,400,2021-09-27 15:31:00,HLMN
12.14,12.14,12.14,12.14,100,2021-09-27 15:32:00,HLMN
12.14,12.15,12.135,12.15,1520,2021-09-27 15:33:00,HLMN
12.15,12.15,12.15,12.15,100,2021-09-27 15:34:00,HLMN
12.15,12.15,12.14,12.15,900,2021-09-27 15:35:00,HLMN
12.15,12.16,12.145,12.16,300,2021-09-27 15:36:00,HLMN
12.16,12.16,12.15,12.16,300,2021-09-27 15:37:00,HLMN
12.14,12.15,12.115,12.14,56300,2021-09-27 15:38:00,HLMN
12.13,12.14,12.13,12.13,1900,2021-09-27 15:39:00,HLMN
12.13,12.13,12.1222,12.125,600,2021-09-27 15:40:00,HLMN
12.14,12.14,12.1125,12.1125,200,2021-09-27 15:41:00,HLMN
12.12,12.12,12.12,12.12,300,2021-09-27 15:42:00,HLMN
12.12,12.12,12.115,12.12,400,2021-09-27 15:43:00,HLMN
12.12,12.13,12.12,12.13,300,2021-09-27 15:44:00,HLMN
12.12,12.12,12.12,12.12,100,2021-09-27 15:45:00,HLMN
12.12,12.12,12.12,12.12,300,2021-09-27 15:46:00,HLMN
12.12,12.12,12.12,12.12,400,2021-09-27 15:47:00,HLMN
12.12,12.12,12.12,12.12,100,2021-09-27 15:48:00,HLMN
12.12,12.12,12.115,12.115,200,2021-09-27 15:49:00,HLMN
12.12,12.12,12.11,12.11,1508,2021-09-27 15:50:00,HLMN
12.11,12.11,12.11,12.11,100,2021-09-27 15:51:00,HLMN
12.11,12.11,12.105,12.11,1007,2021-09-27 15:52:00,HLMN
12.105,12.12,12.105,12.11,2300,2021-09-27 15:53:00,HLMN
12.12,12.12,12.11,12.12,300,2021-09-27 15:54:00,HLMN
12.11,12.12,12.11,12.11,1900,2021-09-27 15:55:00,HLMN
12.11,12.12,12.11,12.11,582,2021-09-27 15:56:00,HLMN
12.11,12.12,12.11,12.11,627,2021-09-27 15:57:00,HLMN
12.1,12.12,12.1,12.115,600,2021-09-27 15:58:00,HLMN
12.12,12.12,12.115,12.12,700,2021-09-27 15:59:00,HLMN
12.11,12.12,12.1,12.11,3441,2021-09-27 16:00:00,HLMN
12.1,12.1,12.08,12.09,31871,2021-09-27 16:01:00,HLMN
12.08,12.13,12.08,12.115,11464,2021-09-27 16:02:00,HLMN
12.13,12.13,12.125,12.125,300,2021-09-27 16:03:00,HLMN
12.12,12.125,12.12,12.12,2574,2021-09-27 16:04:00,HLMN
12.13,12.13,12.13,12.13,100,2021-09-27 16:05:00,HLMN
12.12,12.12,12.12,12.12,1816,2021-09-27 16:06:00,HLMN
12.12,12.12,12.12,12.12,200,2021-09-27 16:07:00,HLMN
12.12,12.12,12.11,12.11,917,2021-09-27 16:08:00,HLMN
12.11,12.11,12.11,12.11,899,2021-09-27 16:09:00,HLMN
12.12,12.12,12.12,12.12,100,2021-09-27 16:10:00,HLMN
12.12,12.12,12.11,12.12,300,2021-09-27 16:11:00,HLMN
12.11,12.11,12.11,12.11,200,2021-09-27 16:12:00,HLMN
12.11,12.11,12.1,12.1,439,2021-09-27 16:13:00,HLMN
12.11,12.11,12.11,12.11,100,2021-09-27 16:14:00,HLMN
12.1,12.11,12.1,12.11,200,2021-09-27 16:15:00,HLMN
12.1,12.11,12.1,12.11,2300,2021-09-27 16:17:00,HLMN
12.115,12.13,12.115,12.125,1542,2021-09-27 16:18:00,HLMN
12.12,12.13,12.12,12.1225,2100,2021-09-27 16:20:00,HLMN
12.1225,12.1225,12.1225,12.1225,100,2021-09-27 16:21:00,HLMN
12.125,12.125,12.125,12.125,200,2021-09-27 16:22:00,HLMN
12.125,12.125,12.115,12.115,1200,2021-09-27 16:23:00,HLMN
12.115,12.115,12.1106,12.1106,400,2021-09-27 16:24:00,HLMN
12.11,12.12,12.11,12.12,200,2021-09-27 16:25:00,HLMN
12.12,12.12,12.1125,12.1125,300,2021-09-27 16:26:00,HLMN
12.11,12.11,12.1,12.1,600,2021-09-27 16:27:00,HLMN
12.1,12.11,12.1,12.11,500,2021-09-27 16:28:00,HLMN
12.11,12.1125,12.11,12.11,3503,2021-09-27 16:29:00,HLMN
12.11,12.11,12.11,12.11,3200,2021-09-27 16:30:00,HLMN
12.11,12.11,12.11,12.11,100,2021-09-27 16:31:00,HLMN
12.11,12.11,12.1028,12.11,1836,2021-09-27 16:32:00,HLMN
12.12,12.12,12.115,12.115,300,2021-09-27 16:33:00,HLMN
12.115,12.12,12.115,12.115,600,2021-09-27 16:34:00,HLMN
12.12,12.12,12.12,12.12,200,2021-09-27 16:35:00,HLMN
12.12,12.12,12.11,12.12,2500,2021-09-27 16:36:00,HLMN
12.11,12.12,12.11,12.12,200,2021-09-27 16:37:00,HLMN
12.11,12.115,12.105,12.105,8886,2021-09-27 16:38:00,HLMN
12.11,12.11,12.1,12.11,1000,2021-09-27 16:39:00,HLMN
12.12,12.12,12.11,12.11,700,2021-09-27 16:40:00,HLMN
12.12,12.125,12.115,12.12,2689,2021-09-27 16:41:00,HLMN
12.12,12.125,12.115,12.115,1037,2021-09-27 16:42:00,HLMN
12.12,12.12,12.12,12.12,100,2021-09-27 16:43:00,HLMN
12.12,12.12,12.12,12.12,100,2021-09-27 16:44:00,HLMN
12.13,12.13,12.13,12.13,100,2021-09-27 16:45:00,HLMN
12.12,12.12,12.12,12.12,200,2021-09-27 16:46:00,HLMN
12.12,12.14,12.115,12.13,1826,2021-09-27 16:48:00,HLMN
12.15,12.15,12.105,12.11,2500,2021-09-27 16:49:00,HLMN
12.11,12.11,12.1,12.1,471,2021-09-27 16:50:00,HLMN
12.11,12.11,12.1,12.11,800,2021-09-27 16:51:00,HLMN
12.11,12.11,12.11,12.11,100,2021-09-27 16:52:00,HLMN
12.11,12.11,12.11,12.11,192,2021-09-27 16:53:00,HLMN
12.12,12.12,12.11,12.12,1100,2021-09-27 16:55:00,HLMN
12.115,12.12,12.115,12.115,612,2021-09-27 16:58:00,HLMN
12.115,12.115,12.115,12.115,200,2021-09-27 16:59:00,HLMN
12.115,12.12,12.115,12.12,900,2021-09-27 17:00:00,HLMN
12.12,12.13,12.12,12.12,1400,2021-09-27 17:01:00,HLMN
12.125,12.13,12.12,12.13,601,2021-09-27 17:02:00,HLMN
12.13,12.13,12.13,12.13,100,2021-09-27 17:03:00,HLMN
12.13,12.13,12.13,12.13,200,2021-09-27 17:04:00,HLMN
12.13,12.13,12.13,12.13,300,2021-09-27 17:05:00,HLMN
12.13,12.13,12.13,12.13,200,2021-09-27 17:06:00,HLMN
12.13,12.13,12.13,12.13,200,2021-09-27 17:07:00,HLMN
12.12,12.13,12.12,12.12,700,2021-09-27 17:08:00,HLMN
12.1225,12.1225,12.1225,12.1225,300,2021-09-27 17:09:00,HLMN
12.1225,12.1225,12.12,12.1225,400,2021-09-27 17:10:00,HLMN
12.12,12.125,12.12,12.1225,600,2021-09-27 17:11:00,HLMN
12.1225,12.125,12.1225,12.125,200,2021-09-27 17:12:00,HLMN
12.12,12.125,12.115,12.115,1241,2021-09-27 17:13:00,HLMN
12.11,12.12,12.11,12.12,666,2021-09-27 17:14:00,HLMN
12.125,12.125,12.12,12.12,1900,2021-09-27 17:15:00,HLMN
12.1225,12.125,12.1225,12.125,300,2021-09-27 17:16:00,HLMN
12.1225,12.125,12.12,12.125,600,2021-09-27 17:17:00,HLMN
12.1225,12.125,12.1225,12.1225,300,2021-09-27 17:18:00,HLMN
12.1225,12.1225,12.1225,12.1225,200,2021-09-27 17:19:00,HLMN
12.1225,12.125,12.1225,12.1225,400,2021-09-27 17:20:00,HLMN
12.1225,12.125,12.1225,12.125,203,2021-09-27 17:21:00,HLMN
12.1225,12.1225,12.1225,12.1225,300,2021-09-27 17:22:00,HLMN
12.1225,12.1225,12.1225,12.1225,200,2021-09-27 17:23:00,HLMN
12.1225,12.1225,12.12,12.12,200,2021-09-27 17:24:00,HLMN
12.12,12.12,12.1,12.1,2442,2021-09-27 17:25:00,HLMN
12.12,12.12,12.1,12.115,1738,2021-09-27 17:26:00,HLMN
12.13,12.13,12.11,12.11,700,2021-09-27 17:27:00,HLMN
12.1,12.11,12.1,12.11,1508,2021-09-27 17:28:00,HLMN
12.1,12.115,12.1,12.115,1200,2021-09-27 17:29:00,HLMN
12.1,12.11,12.08,12.1,2950,2021-09-27 17:30:00,HLMN
12.09,12.09,12.02,12.03,4041,2021-09-27 17:31:00,HLMN
12.02,12.05,12.02,12.03,400,2021-09-27 17:32:00,HLMN
12.04,12.05,12.04,12.05,200,2021-09-27 17:33:00,HLMN
12.04,12.05,12.03,12.04,3222,2021-09-27 17:34:00,HLMN
12.05,12.05,12.05,12.05,299,2021-09-27 17:35:00,HLMN
12.05,12.05,12.05,12.05,400,2021-09-27 17:36:00,HLMN
12.05,12.05,12.05,12.05,766,2021-09-27 17:37:00,HLMN
12.06,12.06,12.05,12.05,700,2021-09-27 17:38:00,HLMN
12.05,12.055,12.05,12.055,236,2021-09-27 17:39:00,HLMN
12.05,12.05,12.05,12.05,198,2021-09-27 17:40:00,HLMN
12.06,12.06,12.045,12.045,400,2021-09-27 17:41:00,HLMN
12.045,12.05,12.045,12.05,200,2021-09-27 17:42:00,HLMN
12.06,12.06,12.06,12.06,100,2021-09-27 17:43:00,HLMN
12.06,12.06,12.06,12.06,200,2021-09-27 17:44:00,HLMN
12.06,12.06,12.04,12.04,1800,2021-09-27 17:45:00,HLMN
12.05,12.05,12.04,12.04,200,2021-09-27 17:46:00,HLMN
12.04,12.05,12.02,12.02,3657,2021-09-27 17:47:00,HLMN
12.02,12.02,12.01,12.015,1752,2021-09-27 17:48:00,HLMN
12.02,12.03,12.02,12.03,600,2021-09-27 17:49:00,HLMN
12.03,12.03,12.03,12.03,200,2021-09-27 17:50:00,HLMN
12.03,12.03,12.03,12.03,100,2021-09-27 17:51:00,HLMN
12.025,12.025,12.025,12.025,1500,2021-09-27 17:52:00,HLMN
12.03,12.04,12.03,12.035,2400,2021-09-27 17:54:00,HLMN
12.035,12.035,12.035,12.035,200,2021-09-27 17:55:00,HLMN
12.035,12.035,12.03,12.035,375,2021-09-27 17:56:00,HLMN
12.04,12.04,12.04,12.04,100,2021-09-27 17:57:00,HLMN
12.03,12.03,11.9801,12.0,21500,2021-09-27 17:58:00,HLMN
11.992,12.02,11.992,12.02,5541,2021-09-27 17:59:00,HLMN
12.03,12.03,12.03,12.03,200,2021-09-27 18:01:00,HLMN
12.03,12.03,12.025,12.025,600,2021-09-27 18:02:00,HLMN
12.04,12.04,12.03,12.035,571,2021-09-27 18:03:00,HLMN
12.03,12.04,12.025,12.04,1900,2021-09-27 18:04:00,HLMN
12.05,12.06,12.04,12.06,1955,2021-09-27 18:05:00,HLMN
12.06,12.06,12.045,12.045,445,2021-09-27 18:06:00,HLMN
12.06,12.06,12.05,12.05,700,2021-09-27 18:07:00,HLMN
12.06,12.06,12.04,12.05,667,2021-09-27 18:08:00,HLMN
12.06,12.06,12.06,12.06,300,2021-09-27 18:09:00,HLMN
12.06,12.07,12.05,12.055,600,2021-09-27 18:10:00,HLMN
12.05,12.07,12.05,12.051,700,2021-09-27 18:11:00,HLMN
12.06,12.06,12.06,12.06,200,2021-09-27 18:12:00,HLMN
12.07,12.07,12.07,12.07,200,2021-09-27 18:13:00,HLMN
12.07,12.07,12.07,12.07,400,2021-09-27 18:14:00,HLMN
12.0699,12.07,12.05,12.05,1279,2021-09-27 18:15:00,HLMN
12.05,12.055,12.05,12.055,1800,2021-09-27 18:16:00,HLMN
12.06,12.06,12.055,12.06,1600,2021-09-27 18:17:00,HLMN
12.07,12.07,12.065,12.065,500,2021-09-27 18:18:00,HLMN
12.07,12.07,12.062,12.07,400,2021-09-27 18:19:00,HLMN
12.07,12.07,12.07,12.07,1402,2021-09-27 18:20:00,HLMN
12.08,12.09,12.065,12.065,5047,2021-09-27 18:21:00,HLMN
12.065,12.065,12.04,12.04,2394,2021-09-27 18:22:00,HLMN
12.03,12.04,12.03,12.04,3078,2021-09-27 18:23:00,HLMN
12.04,12.04,12.04,12.04,100,2021-09-27 18:24:00,HLMN
12.03,12.04,12.03,12.04,2515,2021-09-27 18:25:00,HLMN
12.035,12.05,12.035,12.05,7388,2021-09-27 18:26:00,HLMN
12.05,12.06,12.04,12.06,700,2021-09-27 18:27:00,HLMN
12.06,12.06,12.05,12.05,1600,2021-09-27 18:28:00,HLMN
12.06,12.06,12.05,12.06,300,2021-09-27 18:29:00,HLMN
12.06,12.06,12.06,12.06,200,2021-09-27 18:30:00,HLMN
12.06,12.06,12.04,12.04,700,2021-09-27 18:32:00,HLMN
12.05,12.05,12.05,12.05,100,2021-09-27 18:33:00,HLMN
12.05,12.05,12.04,12.04,200,2021-09-27 18:34:00,HLMN
12.04,12.05,12.02,12.04,400,2021-09-27 18:35:00,HLMN
12.04,12.04,12.02,12.02,300,2021-09-27 18:36:00,HLMN
12.02,12.03,12.01,12.01,1801,2021-09-27 18:37:00,HLMN
12.01,12.02,12.01,12.015,900,2021-09-27 18:38:00,HLMN
12.02,12.03,12.02,12.03,1573,2021-09-27 18:39:00,HLMN
12.03,12.03,12.025,12.025,200,2021-09-27 18:40:00,HLMN
12.03,12.03,12.03,12.03,700,2021-09-27 18:41:00,HLMN
12.03,12.03,12.03,12.03,100,2021-09-27 18:42:00,HLMN
12.03,12.035,12.03,12.03,800,2021-09-27 18:43:00,HLMN
12.04,12.04,12.03,12.04,500,2021-09-27 18:44:00,HLMN
12.03,12.03,12.03,12.03,200,2021-09-27 18:46:00,HLMN
12.03,12.03,12.03,12.03,200,2021-09-27 18:47:00,HLMN
12.03,12.03,12.03,12.03,100,2021-09-27 18:48:00,HLMN
12.03,12.03,12.025,12.03,300,2021-09-27 18:49:00,HLMN
12.03,12.03,12.015,12.015,2249,2021-09-27 18:50:00,HLMN
12.02,12.02,12.0,12.0,783,2021-09-27 18:51:00,HLMN
12.0,12.01,12.0,12.005,1554,2021-09-27 18:52:00,HLMN
12.0,12.01,12.0,12.0,2400,2021-09-27 18:53:00,HLMN
12.0,12.01,12.0,12.005,400,2021-09-27 18:54:00,HLMN
12.0,12.005,11.99,11.995,2368,2021-09-27 18:55:00,HLMN
12.0,12.0,11.98,12.0,1328,2021-09-27 18:56:00,HLMN
12.0,12.01,12.0,12.01,700,2021-09-27 18:57:00,HLMN
12.0,12.01,11.99,12.0,1000,2021-09-27 18:58:00,HLMN
12.005,12.01,12.0,12.01,1300,2021-09-27 18:59:00,HLMN
12.01,12.01,12.005,12.005,200,2021-09-27 19:00:00,HLMN
12.0,12.01,12.0,12.01,2092,2021-09-27 19:01:00,HLMN
12.01,12.01,12.01,12.01,100,2021-09-27 19:02:00,HLMN
12.01,12.015,12.01,12.015,2298,2021-09-27 19:03:00,HLMN
12.01,12.02,12.01,12.02,900,2021-09-27 19:04:00,HLMN
12.01,12.01,12.01,12.01,200,2021-09-27 19:05:00,HLMN
12.01,12.01,12.01,12.01,300,2021-09-27 19:06:00,HLMN
12.01,12.015,12.01,12.015,2300,2021-09-27 19:07:00,HLMN
12.02,12.03,12.02,12.03,1194,2021-09-27 19:08:00,HLMN
12.03,12.03,12.03,12.03,300,2021-09-27 19:09:00,HLMN
12.03,12.03,12.025,12.03,502,2021-09-27 19:10:00,HLMN
12.03,12.04,12.025,12.035,2255,2021-09-27 19:11:00,HLMN
12.04,12.04,12.035,12.04,400,2021-09-27 19:12:00,HLMN
12.04,12.04,12.035,12.035,400,2021-09-27 19:13:00,HLMN
12.04,12.04,12.035,12.035,400,2021-09-27 19:14:00,HLMN
12.04,12.04,12.015,12.015,2068,2021-09-27 19:15:00,HLMN
12.02,12.02,12.01,12.01,1500,2021-09-27 19:17:00,HLMN
12.02,12.02,12.01,12.01,400,2021-09-27 19:18:00,HLMN
12.01,12.02,12.01,12.01,800,2021-09-27 19:19:00,HLMN
12.02,12.02,12.02,12.02,200,2021-09-27 19:20:00,HLMN
12.015,12.02,12.01,12.02,1846,2021-09-27 19:21:00,HLMN
12.015,12.02,12.015,12.02,533,2021-09-27 19:22:00,HLMN
12.015,12.02,12.01,12.02,2908,2021-09-27 19:23:00,HLMN
12.02,12.02,12.01,12.02,1437,2021-09-27 19:24:00,HLMN
12.02,12.02,12.02,12.02,900,2021-09-27 19:25:00,HLMN
12.02,12.02,12.015,12.015,200,2021-09-27 19:26:00,HLMN
12.02,12.02,12.02,12.02,2122,2021-09-27 19:27:00,HLMN
12.02,12.02,12.02,12.02,300,2021-09-27 19:28:00,HLMN
12.02,12.02,12.01,12.01,1886,2021-09-27 19:29:00,HLMN
12.0,12.0,11.99,11.99,1300,2021-09-27 19:30:00,HLMN
12.0,12.01,12.0,12.01,3263,2021-09-27 19:31:00,HLMN
12.005,12.005,12.005,12.005,100,2021-09-27 19:32:00,HLMN
12.005,12.01,12.005,12.01,200,2021-09-27 19:33:00,HLMN
12.005,12.01,12.0,12.005,2756,2021-09-27 19:34:00,HLMN
11.99,12.0,11.99,11.99,900,2021-09-27 19:36:00,HLMN
12.0,12.0,11.99,11.998,622,2021-09-27 19:37:00,HLMN
11.99,11.99,11.98,11.98,1826,2021-09-27 19:38:00,HLMN
11.985,11.99,11.975,11.99,9309,2021-09-27 19:39:00,HLMN
11.98,11.99,11.98,11.99,1400,2021-09-27 19:40:00,HLMN
11.98,11.99,11.98,11.99,1700,2021-09-27 19:41:00,HLMN
11.98,11.99,11.98,11.985,2157,2021-09-27 19:42:00,HLMN
11.985,11.99,11.98,11.98,1000,2021-09-27 19:43:00,HLMN
11.99,12.01,11.99,12.01,6126,2021-09-27 19:44:00,HLMN
12.01,12.01,12.005,12.01,1200,2021-09-27 19:45:00,HLMN
12.01,12.01,12.005,12.005,1100,2021-09-27 19:46:00,HLMN
12.01,12.01,12.01,12.01,200,2021-09-27 19:47:00,HLMN
12.0,12.005,11.99,11.99,4938,2021-09-27 19:48:00,HLMN
12.0,12.005,11.995,12.005,16108,2021-09-27 19:49:00,HLMN
12.01,12.01,12.0,12.005,3800,2021-09-27 19:50:00,HLMN
12.0,12.01,12.0,12.005,4035,2021-09-27 19:51:00,HLMN
12.0,12.01,12.0,12.01,3015,2021-09-27 19:52:00,HLMN
12.01,12.02,12.0,12.02,9014,2021-09-27 19:53:00,HLMN
12.02,12.04,12.015,12.035,3448,2021-09-27 19:54:00,HLMN
12.04,12.05,12.03,12.05,4626,2021-09-27 19:55:00,HLMN
12.05,12.05,12.01,12.02,14500,2021-09-27 19:56:00,HLMN
12.02,12.02,12.01,12.01,5896,2021-09-27 19:57:00,HLMN
12.02,12.02,12.01,12.015,5765,2021-09-27 19:58:00,HLMN
12.02,12.02,12.0,12.02,10301,2021-09-27 19:59:00,HLMN
12.02,12.02,12.02,12.02,17764,2021-09-27 20:00:00,HLMN
11.99,11.99,11.99,11.99,1523,2021-09-28 13:30:00,HLMN
12.13,12.13,11.94,11.95,2969,2021-09-28 13:39:00,HLMN
11.92,11.92,11.84,11.9,5428,2021-09-28 13:40:00,HLMN
11.9,11.9,11.9,11.9,152,2021-09-28 13:41:00,HLMN
11.9328,11.9328,11.9328,11.9328,1000,2021-09-28 13:42:00,HLMN
11.94,11.94,11.92,11.92,500,2021-09-28 13:43:00,HLMN
11.97,11.97,11.93,11.93,1414,2021-09-28 13:44:00,HLMN
11.91,11.91,11.86,11.895,8814,2021-09-28 13:45:00,HLMN
11.88,11.9,11.85,11.885,13884,2021-09-28 13:46:00,HLMN
11.91,11.91,11.9,11.9,600,2021-09-28 13:47:00,HLMN
11.87,11.9,11.87,11.9,1128,2021-09-28 13:48:00,HLMN
11.9,11.9,11.89,11.895,4762,2021-09-28 13:49:00,HLMN
11.9,11.915,11.9,11.9,900,2021-09-28 13:50:00,HLMN
11.89,11.9,11.89,11.9,355,2021-09-28 13:53:00,HLMN
11.9,11.925,11.89,11.925,2180,2021-09-28 13:54:00,HLMN
11.91,11.91,11.91,11.91,337,2021-09-28 13:57:00,HLMN
11.91,11.91,11.91,11.91,298,2021-09-28 13:58:00,HLMN
11.91,11.91,11.91,11.91,100,2021-09-28 13:59:00,HLMN
11.91,11.91,11.91,11.91,478,2021-09-28 14:00:00,HLMN
11.9,11.9,11.89,11.8908,2810,2021-09-28 14:01:00,HLMN
11.89,11.91,11.89,11.91,5452,2021-09-28 14:02:00,HLMN
11.9,11.9,11.89,11.89,600,2021-09-28 14:05:00,HLMN
11.89,11.89,11.89,11.89,246,2021-09-28 14:06:00,HLMN
11.89,11.89,11.89,11.89,140,2021-09-28 14:07:00,HLMN
11.89,11.89,11.8,11.81,7400,2021-09-28 14:08:00,HLMN
11.84,11.85,11.82,11.82,4849,2021-09-28 14:09:00,HLMN
11.84,11.87,11.83,11.83,6978,2021-09-28 14:10:00,HLMN
11.8,11.8,11.8,11.8,200,2021-09-28 14:11:00,HLMN
11.82,11.82,11.805,11.81,1500,2021-09-28 14:12:00,HLMN
11.8,11.8,11.8,11.8,1065,2021-09-28 14:13:00,HLMN
11.7559,11.7559,11.68,11.73,6991,2021-09-28 14:14:00,HLMN
11.68,11.69,11.68,11.68,700,2021-09-28 14:15:00,HLMN
11.7,11.7,11.7,11.7,238,2021-09-28 14:16:00,HLMN
11.7,11.7,11.7,11.7,200,2021-09-28 14:18:00,HLMN
11.7,11.7,11.66,11.66,1800,2021-09-28 14:20:00,HLMN
11.66,11.67,11.655,11.67,740,2021-09-28 14:22:00,HLMN
11.67,11.67,11.66,11.66,800,2021-09-28 14:23:00,HLMN
11.66,11.66,11.65,11.65,675,2021-09-28 14:26:00,HLMN
11.63,11.63,11.63,11.63,100,2021-09-28 14:27:00,HLMN
11.61,11.65,11.6,11.65,10939,2021-09-28 14:28:00,HLMN
11.66,11.68,11.66,11.66,1153,2021-09-28 14:29:00,HLMN
11.67,11.6777,11.67,11.6777,1015,2021-09-28 14:30:00,HLMN
11.68,11.68,11.67,11.68,1012,2021-09-28 14:34:00,HLMN
11.68,11.68,11.68,11.68,615,2021-09-28 14:35:00,HLMN
11.67,11.675,11.67,11.67,701,2021-09-28 14:36:00,HLMN
11.67,11.675,11.67,11.675,600,2021-09-28 14:37:00,HLMN
11.67,11.67,11.63,11.63,11900,2021-09-28 14:38:00,HLMN
11.63,11.655,11.61,11.64,11687,2021-09-28 14:39:00,HLMN
11.64,11.67,11.63,11.67,6201,2021-09-28 14:40:00,HLMN
11.6852,11.6852,11.68,11.68,1330,2021-09-28 14:41:00,HLMN
11.68,11.69,11.68,11.69,300,2021-09-28 14:42:00,HLMN
11.69,11.69,11.69,11.69,500,2021-09-28 14:43:00,HLMN
11.69,11.69,11.68,11.68,800,2021-09-28 14:44:00,HLMN
11.69,11.69,11.685,11.685,300,2021-09-28 14:45:00,HLMN
11.69,11.69,11.69,11.69,200,2021-09-28 14:46:00,HLMN
11.68,11.685,11.64,11.65,14429,2021-09-28 14:47:00,HLMN
11.64,11.67,11.64,11.66,1400,2021-09-28 14:48:00,HLMN
11.65,11.65,11.64,11.645,1800,2021-09-28 14:49:00,HLMN
11.64,11.65,11.64,11.64,400,2021-09-28 14:50:00,HLMN
11.645,11.67,11.645,11.665,3721,2021-09-28 14:51:00,HLMN
11.68,11.68,11.68,11.68,100,2021-09-28 14:52:00,HLMN
11.68,11.71,11.68,11.71,913,2021-09-28 14:53:00,HLMN
11.71,11.71,11.7,11.7,200,2021-09-28 14:54:00,HLMN
11.7,11.71,11.7,11.71,300,2021-09-28 14:55:00,HLMN
11.71,11.71,11.71,11.71,300,2021-09-28 14:56:00,HLMN
11.71,11.71,11.7,11.71,600,2021-09-28 14:57:00,HLMN
11.71,11.71,11.71,11.71,300,2021-09-28 14:58:00,HLMN
11.7,11.71,11.7,11.7,600,2021-09-28 14:59:00,HLMN
11.7,11.71,11.7,11.7,400,2021-09-28 15:00:00,HLMN
11.69,11.7,11.67,11.67,2899,2021-09-28 15:01:00,HLMN
11.65,11.65,11.63,11.635,1800,2021-09-28 15:02:00,HLMN
11.64,11.67,11.64,11.65,3874,2021-09-28 15:03:00,HLMN
11.66,11.66,11.66,11.66,500,2021-09-28 15:04:00,HLMN
11.66,11.67,11.65,11.65,2100,2021-09-28 15:05:00,HLMN
11.67,11.69,11.66,11.68,3070,2021-09-28 15:06:00,HLMN
11.69,11.73,11.69,11.73,2100,2021-09-28 15:07:00,HLMN
11.73,11.77,11.73,11.77,2508,2021-09-28 15:08:00,HLMN
11.75,11.75,11.71,11.71,2086,2021-09-28 15:09:00,HLMN
11.73,11.73,11.66,11.7,900,2021-09-28 15:10:00,HLMN
11.7,11.72,11.7,11.72,2200,2021-09-28 15:11:00,HLMN
11.72,11.77,11.72,11.77,4708,2021-09-28 15:12:00,HLMN
11.77,11.77,11.76,11.77,500,2021-09-28 15:13:00,HLMN
11.77,11.78,11.77,11.78,900,2021-09-28 15:14:00,HLMN
11.78,11.78,11.76,11.76,600,2021-09-28 15:15:00,HLMN
11.76,11.76,11.76,11.76,100,2021-09-28 15:16:00,HLMN
11.76,11.76,11.75,11.75,3010,2021-09-28 15:17:00,HLMN
11.745,11.76,11.74,11.755,3200,2021-09-28 15:18:00,HLMN
11.76,11.79,11.76,11.79,2600,2021-09-28 15:19:00,HLMN
11.79,11.79,11.78,11.79,971,2021-09-28 15:20:00,HLMN
11.79,11.79,11.78,11.78,200,2021-09-28 15:21:00,HLMN
11.79,11.79,11.79,11.79,400,2021-09-28 15:22:00,HLMN
11.79,11.79,11.77,11.79,500,2021-09-28 15:23:00,HLMN
11.79,11.8,11.73,11.73,20900,2021-09-28 15:24:00,HLMN
11.75,11.75,11.74,11.74,200,2021-09-28 15:25:00,HLMN
11.74,11.75,11.73,11.73,7340,2021-09-28 15:26:00,HLMN
11.74,11.74,11.74,11.74,1589,2021-09-28 15:27:00,HLMN
11.73,11.74,11.73,11.74,700,2021-09-28 15:28:00,HLMN
11.73,11.75,11.73,11.73,7400,2021-09-28 15:29:00,HLMN
11.73,11.75,11.73,11.73,2700,2021-09-28 15:30:00,HLMN
11.74,11.74,11.73,11.74,1500,2021-09-28 15:31:00,HLMN
11.74,11.755,11.74,11.75,12384,2021-09-28 15:32:00,HLMN
11.735,11.735,11.735,11.735,100,2021-09-28 15:33:00,HLMN
11.74,11.74,11.71,11.71,5900,2021-09-28 15:34:00,HLMN
11.73,11.73,11.72,11.72,200,2021-09-28 15:35:00,HLMN
11.73,11.73,11.73,11.73,200,2021-09-28 15:36:00,HLMN
11.73,11.73,11.73,11.73,200,2021-09-28 15:37:00,HLMN
11.73,11.73,11.73,11.73,300,2021-09-28 15:38:00,HLMN
11.73,11.73,11.71,11.71,600,2021-09-28 15:39:00,HLMN
11.73,11.73,11.71,11.71,1600,2021-09-28 15:40:00,HLMN
11.72,11.73,11.71,11.71,926,2021-09-28 15:41:00,HLMN
11.72,11.72,11.71,11.71,1102,2021-09-28 15:42:00,HLMN
11.72,11.72,11.71,11.72,1317,2021-09-28 15:43:00,HLMN
11.73,11.73,11.71,11.72,2200,2021-09-28 15:44:00,HLMN
11.71,11.72,11.64,11.655,2503,2021-09-28 15:45:00,HLMN
11.655,11.655,11.64,11.64,400,2021-09-28 15:46:00,HLMN
11.65,11.67,11.65,11.67,2415,2021-09-28 15:47:00,HLMN
11.68,11.69,11.68,11.69,1400,2021-09-28 15:48:00,HLMN
11.7,11.7,11.7,11.7,300,2021-09-28 15:49:00,HLMN
11.7,11.7,11.69,11.69,200,2021-09-28 15:50:00,HLMN
11.7,11.7,11.68,11.69,750,2021-09-28 15:51:00,HLMN
11.69,11.69,11.69,11.69,200,2021-09-28 15:52:00,HLMN
11.69,11.69,11.69,11.69,200,2021-09-28 15:53:00,HLMN
11.69,11.69,11.68,11.69,500,2021-09-28 15:54:00,HLMN
11.69,11.7,11.69,11.7,900,2021-09-28 15:55:00,HLMN
11.7,11.7,11.695,11.695,800,2021-09-28 15:56:00,HLMN
11.7,11.7,11.69,11.7,890,2021-09-28 15:57:00,HLMN
11.7,11.7,11.7,11.7,1000,2021-09-28 15:58:00,HLMN
11.71,11.75,11.71,11.75,1949,2021-09-28 15:59:00,HLMN
11.75,11.75,11.71,11.71,2000,2021-09-28 16:00:00,HLMN
11.71,11.72,11.71,11.72,700,2021-09-28 16:01:00,HLMN
11.72,11.72,11.72,11.72,200,2021-09-28 16:02:00,HLMN
11.72,11.72,11.72,11.72,200,2021-09-28 16:03:00,HLMN
11.72,11.72,11.72,11.72,500,2021-09-28 16:04:00,HLMN
11.72,11.72,11.72,11.72,400,2021-09-28 16:05:00,HLMN
11.72,11.72,11.72,11.72,1000,2021-09-28 16:06:00,HLMN
11.72,11.72,11.71,11.72,1200,2021-09-28 16:07:00,HLMN
11.73,11.73,11.73,11.73,100,2021-09-28 16:10:00,HLMN
11.7225,11.73,11.7225,11.73,871,2021-09-28 16:11:00,HLMN
11.73,11.73,11.73,11.73,200,2021-09-28 16:12:00,HLMN
11.73,11.73,11.725,11.73,300,2021-09-28 16:13:00,HLMN
11.73,11.73,11.73,11.73,100,2021-09-28 16:15:00,HLMN
11.73,11.74,11.73,11.74,200,2021-09-28 16:16:00,HLMN
11.74,11.74,11.74,11.74,100,2021-09-28 16:18:00,HLMN
11.735,11.74,11.73,11.74,1600,2021-09-28 16:19:00,HLMN
11.74,11.74,11.73,11.73,295,2021-09-28 16:20:00,HLMN
11.7399,11.7399,11.73,11.73,269,2021-09-28 16:21:00,HLMN
11.74,11.74,11.74,11.74,200,2021-09-28 16:22:00,HLMN
11.74,11.74,11.74,11.74,100,2021-09-28 16:23:00,HLMN
11.74,11.74,11.74,11.74,817,2021-09-28 16:24:00,HLMN
11.75,11.76,11.745,11.745,700,2021-09-28 16:25:00,HLMN
11.75,11.76,11.75,11.75,600,2021-09-28 16:26:00,HLMN
11.765,11.77,11.74,11.75,2646,2021-09-28 16:27:00,HLMN
11.75,11.75,11.75,11.75,100,2021-09-28 16:28:00,HLMN
11.75,11.75,11.75,11.75,100,2021-09-28 16:29:00,HLMN
11.75,11.75,11.74,11.75,300,2021-09-28 16:30:00,HLMN
11.75,11.75,11.745,11.745,200,2021-09-28 16:31:00,HLMN
11.75,11.75,11.75,11.75,400,2021-09-28 16:32:00,HLMN
11.75,11.76,11.74,11.75,2574,2021-09-28 16:33:00,HLMN
11.75,11.76,11.75,11.75,300,2021-09-28 16:34:00,HLMN
11.75,11.76,11.73,11.74,1500,2021-09-28 16:35:00,HLMN
11.725,11.725,11.71,11.71,200,2021-09-28 16:36:00,HLMN
11.72,11.72,11.72,11.72,100,2021-09-28 16:37:00,HLMN
11.73,11.73,11.725,11.725,400,2021-09-28 16:38:00,HLMN
11.725,11.725,11.725,11.725,200,2021-09-28 16:39:00,HLMN
11.725,11.73,11.725,11.73,600,2021-09-28 16:40:00,HLMN
11.73,11.73,11.725,11.73,800,2021-09-28 16:41:00,HLMN
11.725,11.73,11.725,11.73,500,2021-09-28 16:42:00,HLMN
11.73,11.73,11.725,11.73,400,2021-09-28 16:43:00,HLMN
11.73,11.73,11.72,11.725,1000,2021-09-28 16:44:00,HLMN
11.73,11.73,11.71,11.715,1628,2021-09-28 16:45:00,HLMN
11.72,11.72,11.715,11.715,400,2021-09-28 16:46:00,HLMN
11.72,11.72,11.715,11.715,200,2021-09-28 16:47:00,HLMN
11.72,11.73,11.71,11.72,3651,2021-09-28 16:48:00,HLMN
11.715,11.72,11.715,11.72,200,2021-09-28 16:49:00,HLMN
11.715,11.72,11.71,11.715,1575,2021-09-28 16:50:00,HLMN
11.72,11.72,11.71,11.715,400,2021-09-28 16:51:00,HLMN
11.72,11.72,11.72,11.72,200,2021-09-28 16:52:00,HLMN
11.72,11.72,11.715,11.72,400,2021-09-28 16:53:00,HLMN
11.715,11.715,11.71,11.71,625,2021-09-28 16:54:00,HLMN
11.715,11.72,11.71,11.715,1200,2021-09-28 16:55:00,HLMN
11.715,11.72,11.715,11.72,1200,2021-09-28 16:56:00,HLMN
11.725,11.73,11.725,11.725,500,2021-09-28 16:57:00,HLMN
11.725,11.725,11.725,11.725,400,2021-09-28 16:58:00,HLMN
11.725,11.73,11.725,11.725,700,2021-09-28 16:59:00,HLMN
11.725,11.73,11.725,11.73,400,2021-09-28 17:00:00,HLMN
11.725,11.73,11.725,11.725,700,2021-09-28 17:01:00,HLMN
11.725,11.73,11.725,11.73,700,2021-09-28 17:02:00,HLMN
11.725,11.73,11.72,11.73,500,2021-09-28 17:03:00,HLMN
11.725,11.73,11.72,11.72,1991,2021-09-28 17:04:00,HLMN
11.73,11.73,11.71,11.72,5914,2021-09-28 17:05:00,HLMN
11.7,11.72,11.7,11.72,2200,2021-09-28 17:06:00,HLMN
11.73,11.73,11.725,11.73,400,2021-09-28 17:07:00,HLMN
11.73,11.73,11.72,11.725,6253,2021-09-28 17:08:00,HLMN
11.73,11.74,11.72,11.74,3032,2021-09-28 17:09:00,HLMN
11.735,11.75,11.735,11.745,2676,2021-09-28 17:10:00,HLMN
11.75,11.75,11.74,11.75,4337,2021-09-28 17:11:00,HLMN
11.745,11.75,11.74,11.75,5823,2021-09-28 17:12:00,HLMN
11.75,11.76,11.75,11.76,5419,2021-09-28 17:13:00,HLMN
11.76,11.76,11.75,11.76,1487,2021-09-28 17:14:00,HLMN
11.76,11.76,11.75,11.76,1000,2021-09-28 17:15:00,HLMN
11.765,11.77,11.76,11.76,2200,2021-09-28 17:16:00,HLMN
11.76,11.765,11.76,11.765,3269,2021-09-28 17:17:00,HLMN
11.76,11.77,11.76,11.76,2200,2021-09-28 17:18:00,HLMN
11.77,11.77,11.76,11.76,400,2021-09-28 17:19:00,HLMN
11.77,11.79,11.76,11.79,3111,2021-09-28 17:20:00,HLMN
11.8,11.94,11.78,11.79,83180,2021-09-28 17:21:00,HLMN
11.8,11.81,11.795,11.805,4478,2021-09-28 17:22:00,HLMN
11.81,11.81,11.8,11.81,500,2021-09-28 17:23:00,HLMN
11.8,11.81,11.8,11.81,1600,2021-09-28 17:24:00,HLMN
11.8,11.82,11.8,11.81,7080,2021-09-28 17:25:00,HLMN
11.82,11.82,11.81,11.815,1537,2021-09-28 17:26:00,HLMN
11.82,11.82,11.81,11.82,1100,2021-09-28 17:27:00,HLMN
11.815,11.82,11.81,11.82,2100,2021-09-28 17:28:00,HLMN
11.82,11.82,11.81,11.82,400,2021-09-28 17:29:00,HLMN
11.82,11.82,11.76,11.775,11533,2021-09-28 17:30:00,HLMN
11.77,11.78,11.77,11.78,900,2021-09-28 17:31:00,HLMN
11.78,11.78,11.775,11.78,1594,2021-09-28 17:32:00,HLMN
11.79,11.79,11.785,11.79,900,2021-09-28 17:33:00,HLMN
11.785,11.805,11.785,11.805,7800,2021-09-28 17:34:00,HLMN
11.81,11.81,11.805,11.805,599,2021-09-28 17:35:00,HLMN
11.805,11.81,11.8,11.8,6690,2021-09-28 17:36:00,HLMN
11.805,11.805,11.805,11.805,1058,2021-09-28 17:37:00,HLMN
11.805,11.805,11.75,11.8,24602,2021-09-28 17:38:00,HLMN
11.8,11.8,11.8,11.8,100,2021-09-28 17:39:00,HLMN
11.81,11.81,11.81,11.81,200,2021-09-28 17:40:00,HLMN
11.81,11.81,11.81,11.81,100,2021-09-28 17:41:00,HLMN
11.81,11.81,11.8,11.81,500,2021-09-28 17:42:00,HLMN
11.8,11.8,11.79,11.8,300,2021-09-28 17:43:00,HLMN
11.81,11.81,11.81,11.81,100,2021-09-28 17:44:00,HLMN
11.79,11.8,11.79,11.8,690,2021-09-28 17:45:00,HLMN
11.8,11.8,11.77,11.77,47714,2021-09-28 17:46:00,HLMN
11.78,11.78,11.76,11.76,3965,2021-09-28 17:47:00,HLMN
11.76,11.76,11.74,11.76,3976,2021-09-28 17:48:00,HLMN
11.75,11.755,11.75,11.755,400,2021-09-28 17:49:00,HLMN
11.76,11.76,11.75,11.75,3671,2021-09-28 17:50:00,HLMN
11.75,11.76,11.75,11.76,400,2021-09-28 17:51:00,HLMN
11.75,11.76,11.75,11.755,700,2021-09-28 17:52:00,HLMN
11.755,11.76,11.755,11.76,300,2021-09-28 17:53:00,HLMN
11.75,11.77,11.745,11.75,7428,2021-09-28 17:54:00,HLMN
11.75,11.76,11.74,11.75,3198,2021-09-28 17:55:00,HLMN
11.755,11.755,11.75,11.755,800,2021-09-28 17:56:00,HLMN
11.76,11.76,11.75,11.755,700,2021-09-28 17:57:00,HLMN
11.755,11.76,11.75,11.75,1500,2021-09-28 17:58:00,HLMN
11.755,11.755,11.755,11.755,200,2021-09-28 17:59:00,HLMN
11.755,11.755,11.755,11.755,200,2021-09-28 18:00:00,HLMN
11.76,11.76,11.71,11.71,2704,2021-09-28 18:01:00,HLMN
11.71,11.72,11.71,11.72,700,2021-09-28 18:02:00,HLMN
11.715,11.72,11.71,11.715,600,2021-09-28 18:03:00,HLMN
11.715,11.72,11.71,11.72,400,2021-09-28 18:04:00,HLMN
11.715,11.72,11.71,11.715,1200,2021-09-28 18:05:00,HLMN
11.71,11.72,11.71,11.72,1600,2021-09-28 18:06:00,HLMN
11.715,11.72,11.715,11.715,600,2021-09-28 18:07:00,HLMN
11.72,11.72,11.71,11.71,1100,2021-09-28 18:08:00,HLMN
11.715,11.72,11.71,11.71,3127,2021-09-28 18:09:00,HLMN
11.72,11.72,11.71,11.72,1800,2021-09-28 18:10:00,HLMN
11.72,11.72,11.71,11.72,600,2021-09-28 18:11:00,HLMN
11.72,11.72,11.71,11.72,2100,2021-09-28 18:12:00,HLMN
11.72,11.72,11.68,11.68,4194,2021-09-28 18:13:00,HLMN
11.69,11.69,11.68,11.68,1300,2021-09-28 18:14:00,HLMN
11.69,11.69,11.67,11.68,1100,2021-09-28 18:15:00,HLMN
11.685,11.72,11.685,11.72,5646,2021-09-28 18:16:00,HLMN
11.71,11.72,11.71,11.72,500,2021-09-28 18:17:00,HLMN
11.71,11.72,11.71,11.72,1578,2021-09-28 18:18:00,HLMN
11.73,11.735,11.725,11.735,900,2021-09-28 18:19:00,HLMN
11.735,11.74,11.735,11.74,1218,2021-09-28 18:20:00,HLMN
11.74,11.74,11.735,11.735,200,2021-09-28 18:21:00,HLMN
11.74,11.75,11.74,11.75,1221,2021-09-28 18:22:00,HLMN
11.745,11.75,11.745,11.75,300,2021-09-28 18:23:00,HLMN
11.75,11.75,11.74,11.74,500,2021-09-28 18:24:00,HLMN
11.75,11.75,11.74,11.75,3596,2021-09-28 18:25:00,HLMN
11.74,11.745,11.72,11.74,5008,2021-09-28 18:26:00,HLMN
11.74,11.74,11.72,11.72,300,2021-09-28 18:28:00,HLMN
11.74,11.74,11.72,11.72,600,2021-09-28 18:29:00,HLMN
11.72,11.73,11.72,11.73,900,2021-09-28 18:30:00,HLMN
11.73,11.73,11.72,11.73,582,2021-09-28 18:31:00,HLMN
11.73,11.73,11.73,11.73,200,2021-09-28 18:32:00,HLMN
11.73,11.74,11.73,11.73,1993,2021-09-28 18:33:00,HLMN
11.74,11.74,11.735,11.735,300,2021-09-28 18:34:00,HLMN
11.74,11.74,11.72,11.73,4833,2021-09-28 18:35:00,HLMN
11.725,11.73,11.725,11.73,200,2021-09-28 18:36:00,HLMN
11.725,11.73,11.725,11.73,1928,2021-09-28 18:37:00,HLMN
11.74,11.74,11.735,11.74,600,2021-09-28 18:38:00,HLMN
11.735,11.74,11.735,11.735,400,2021-09-28 18:39:00,HLMN
11.735,11.74,11.73,11.73,2659,2021-09-28 18:40:00,HLMN
11.74,11.74,11.74,11.74,200,2021-09-28 18:41:00,HLMN
11.74,11.74,11.72,11.72,3100,2021-09-28 18:42:00,HLMN
11.74,11.74,11.72,11.73,1700,2021-09-28 18:43:00,HLMN
11.73,11.73,11.72,11.72,3800,2021-09-28 18:44:00,HLMN
11.73,11.74,11.73,11.74,1695,2021-09-28 18:45:00,HLMN
11.74,11.755,11.74,11.755,3585,2021-09-28 18:46:00,HLMN
11.76,11.76,11.74,11.75,600,2021-09-28 18:47:00,HLMN
11.76,11.76,11.75,11.755,2414,2021-09-28 18:48:00,HLMN
11.76,11.76,11.75,11.76,2274,2021-09-28 18:49:00,HLMN
11.755,11.76,11.75,11.75,1200,2021-09-28 18:50:00,HLMN
11.76,11.76,11.73,11.73,3064,2021-09-28 18:51:00,HLMN
11.72,11.74,11.72,11.74,1500,2021-09-28 18:52:00,HLMN
11.73,11.74,11.71,11.71,1812,2021-09-28 18:53:00,HLMN
11.725,11.73,11.725,11.73,700,2021-09-28 18:54:00,HLMN
11.725,11.73,11.725,11.73,500,2021-09-28 18:55:00,HLMN
11.72,11.73,11.72,11.73,2300,2021-09-28 18:56:00,HLMN
11.725,11.73,11.725,11.725,900,2021-09-28 18:57:00,HLMN
11.72,11.725,11.67,11.695,5061,2021-09-28 18:58:00,HLMN
11.69,11.71,11.69,11.69,2500,2021-09-28 18:59:00,HLMN
11.71,11.72,11.69,11.715,7640,2021-09-28 19:00:00,HLMN
11.72,11.72,11.715,11.72,800,2021-09-28 19:01:00,HLMN
11.715,11.72,11.71,11.71,4600,2021-09-28 19:02:00,HLMN
11.71,11.72,11.71,11.72,400,2021-09-28 19:03:00,HLMN
11.715,11.72,11.71,11.715,1557,2021-09-28 19:04:00,HLMN
11.715,11.715,11.715,11.715,600,2021-09-28 19:05:00,HLMN
11.71,11.72,11.71,11.71,3050,2021-09-28 19:06:00,HLMN
11.71,11.735,11.71,11.735,7587,2021-09-28 19:07:00,HLMN
11.74,11.755,11.73,11.75,7282,2021-09-28 19:08:00,HLMN
11.73,11.755,11.73,11.745,4604,2021-09-28 19:09:00,HLMN
11.75,11.75,11.73,11.745,6577,2021-09-28 19:10:00,HLMN
11.74,11.755,11.74,11.745,9800,2021-09-28 19:11:00,HLMN
11.75,11.755,11.74,11.745,7397,2021-09-28 19:12:00,HLMN
11.745,11.75,11.74,11.745,5280,2021-09-28 19:13:00,HLMN
11.75,11.75,11.73,11.735,6400,2021-09-28 19:14:00,HLMN
11.735,11.7525,11.73,11.74,6886,2021-09-28 19:15:00,HLMN
11.75,11.77,11.75,11.77,8600,2021-09-28 19:16:00,HLMN
11.77,11.82,11.77,11.82,4000,2021-09-28 19:17:00,HLMN
11.82,11.83,11.79,11.82,6931,2021-09-28 19:18:00,HLMN
11.82,11.82,11.79,11.805,5891,2021-09-28 19:19:00,HLMN
11.81,11.81,11.805,11.81,1400,2021-09-28 19:20:00,HLMN
11.82,11.83,11.815,11.825,2300,2021-09-28 19:21:00,HLMN
11.82,11.825,11.81,11.815,3379,2021-09-28 19:22:00,HLMN
11.815,11.82,11.8,11.805,2032,2021-09-28 19:23:00,HLMN
11.8,11.82,11.78,11.81,10596,2021-09-28 19:24:00,HLMN
11.82,11.82,11.8,11.81,5800,2021-09-28 19:25:00,HLMN
11.8,11.805,11.8,11.805,800,2021-09-28 19:26:00,HLMN
11.805,11.805,11.8,11.805,525,2021-09-28 19:27:00,HLMN
11.805,11.81,11.8,11.8,1086,2021-09-28 19:28:00,HLMN
11.8,11.81,11.77,11.805,15015,2021-09-28 19:29:00,HLMN
11.805,11.815,11.805,11.815,2280,2021-09-28 19:30:00,HLMN
11.815,11.82,11.81,11.81,1500,2021-09-28 19:31:00,HLMN
11.805,11.805,11.805,11.805,200,2021-09-28 19:32:00,HLMN
11.805,11.815,11.805,11.815,600,2021-09-28 19:33:00,HLMN
11.81,11.82,11.81,11.815,500,2021-09-28 19:34:00,HLMN
11.81,11.82,11.81,11.82,300,2021-09-28 19:35:00,HLMN
11.81,11.815,11.81,11.81,1202,2021-09-28 19:36:00,HLMN
11.805,11.805,11.8,11.805,5540,2021-09-28 19:37:00,HLMN
11.8,11.805,11.8,11.805,800,2021-09-28 19:38:00,HLMN
11.8,11.815,11.79,11.81,13363,2021-09-28 19:39:00,HLMN
11.81,11.81,11.805,11.805,1120,2021-09-28 19:40:00,HLMN
11.81,11.81,11.805,11.81,300,2021-09-28 19:41:00,HLMN
11.81,11.82,11.805,11.815,2171,2021-09-28 19:42:00,HLMN
11.815,11.82,11.815,11.82,700,2021-09-28 19:43:00,HLMN
11.815,11.82,11.81,11.81,2050,2021-09-28 19:44:00,HLMN
11.815,11.82,11.81,11.815,2000,2021-09-28 19:45:00,HLMN
11.82,11.82,11.805,11.805,7134,2021-09-28 19:46:00,HLMN
11.8,11.805,11.8,11.805,7175,2021-09-28 19:47:00,HLMN
11.805,11.805,11.8,11.8,1024,2021-09-28 19:48:00,HLMN
11.8,11.81,11.78,11.785,7327,2021-09-28 19:49:00,HLMN
11.79,11.79,11.78,11.79,9516,2021-09-28 19:50:00,HLMN
11.79,11.86,11.79,11.86,18552,2021-09-28 19:51:00,HLMN
11.855,11.855,11.805,11.82,15634,2021-09-28 19:52:00,HLMN
11.81,11.835,11.81,11.835,11059,2021-09-28 19:53:00,HLMN
11.835,11.86,11.83,11.83,10668,2021-09-28 19:54:00,HLMN
11.83,11.84,11.805,11.84,12064,2021-09-28 19:55:00,HLMN
11.84,11.85,11.82,11.85,21452,2021-09-28 19:56:00,HLMN
11.85,11.88,11.84,11.88,27303,2021-09-28 19:57:00,HLMN
11.87,11.88,11.85,11.86,27805,2021-09-28 19:58:00,HLMN
11.865,11.88,11.85,11.87,26636,2021-09-28 19:59:00,HLMN
11.86,11.86,11.86,11.86,15779,2021-09-28 20:00:00,HLMN
11.9,11.9,11.9,11.9,400,2021-09-29 13:28:00,HLMN
11.85,11.99,11.85,11.99,4110,2021-09-29 13:30:00,HLMN
11.92,11.94,11.89,11.895,5534,2021-09-29 13:31:00,HLMN
11.89,11.89,11.89,11.89,100,2021-09-29 13:33:00,HLMN
11.89,11.89,11.89,11.89,100,2021-09-29 13:35:00,HLMN
11.89,11.91,11.888,11.89,900,2021-09-29 13:37:00,HLMN
11.885,11.885,11.885,11.885,200,2021-09-29 13:42:00,HLMN
11.88,11.88,11.88,11.88,400,2021-09-29 13:47:00,HLMN
11.885,11.885,11.885,11.885,300,2021-09-29 13:50:00,HLMN
11.885,11.885,11.885,11.885,100,2021-09-29 13:51:00,HLMN
11.88,11.9,11.88,11.9,1000,2021-09-29 13:55:00,HLMN
11.89,11.89,11.89,11.89,1900,2021-09-29 13:58:00,HLMN
11.89,11.925,11.89,11.925,893,2021-09-29 14:00:00,HLMN
11.93,11.93,11.91,11.925,884,2021-09-29 14:02:00,HLMN
11.91,11.91,11.91,11.91,700,2021-09-29 14:03:00,HLMN
11.92,11.92,11.92,11.92,100,2021-09-29 14:07:00,HLMN
11.92,11.92,11.9,11.9,200,2021-09-29 14:09:00,HLMN
11.94,11.94,11.94,11.94,200,2021-09-29 14:10:00,HLMN
11.94,11.94,11.92,11.93,913,2021-09-29 14:12:00,HLMN
11.93,11.94,11.93,11.935,300,2021-09-29 14:13:00,HLMN
11.94,11.94,11.94,11.94,100,2021-09-29 14:14:00,HLMN
11.94,11.94,11.94,11.94,500,2021-09-29 14:16:00,HLMN
11.95,11.95,11.95,11.95,200,2021-09-29 14:17:00,HLMN
11.95,11.95,11.95,11.95,100,2021-09-29 14:18:00,HLMN
11.95,11.95,11.95,11.95,366,2021-09-29 14:19:00,HLMN
11.96,12.0,11.96,12.0,537,2021-09-29 14:20:00,HLMN
12.0,12.0,12.0,12.0,200,2021-09-29 14:21:00,HLMN
12.0,12.01,12.0,12.01,200,2021-09-29 14:22:00,HLMN
12.01,12.02,11.99,12.005,1563,2021-09-29 14:23:00,HLMN
12.005,12.02,11.99,12.0,1655,2021-09-29 14:24:00,HLMN
12.01,12.01,12.01,12.01,300,2021-09-29 14:26:00,HLMN
12.0,12.01,12.0,12.01,300,2021-09-29 14:27:00,HLMN
12.01,12.01,12.01,12.01,100,2021-09-29 14:28:00,HLMN
12.01,12.03,11.99,12.03,9010,2021-09-29 14:29:00,HLMN
12.03,12.035,11.97,11.97,4181,2021-09-29 14:30:00,HLMN
11.97,11.98,11.965,11.965,1350,2021-09-29 14:31:00,HLMN
11.965,11.98,11.965,11.965,800,2021-09-29 14:32:00,HLMN
11.965,11.98,11.96,11.965,1349,2021-09-29 14:33:00,HLMN
11.96,11.96,11.94,11.955,10513,2021-09-29 14:34:00,HLMN
11.96,11.96,11.95,11.955,3528,2021-09-29 14:35:00,HLMN
11.955,11.96,11.955,11.96,250,2021-09-29 14:36:00,HLMN
11.96,11.97,11.96,11.97,2529,2021-09-29 14:37:00,HLMN
11.97,11.98,11.97,11.97,2770,2021-09-29 14:38:00,HLMN
11.97,11.98,11.96,11.97,1567,2021-09-29 14:39:00,HLMN
11.97,11.98,11.97,11.98,600,2021-09-29 14:40:00,HLMN
11.98,11.98,11.98,11.98,800,2021-09-29 14:41:00,HLMN
11.985,11.99,11.985,11.99,302,2021-09-29 14:42:00,HLMN
11.99,11.99,11.99,11.99,700,2021-09-29 14:43:00,HLMN
12.0,12.01,12.0,12.01,706,2021-09-29 14:44:00,HLMN
11.995,11.995,11.995,11.995,100,2021-09-29 14:45:00,HLMN
12.0,12.01,12.0,12.01,400,2021-09-29 14:46:00,HLMN
12.01,12.01,12.0,12.01,710,2021-09-29 14:47:00,HLMN
12.01,12.01,12.0,12.0,400,2021-09-29 14:48:00,HLMN
12.01,12.05,12.01,12.035,1100,2021-09-29 14:49:00,HLMN
12.035,12.035,12.035,12.035,200,2021-09-29 14:50:00,HLMN
12.05,12.05,12.02,12.02,2500,2021-09-29 14:51:00,HLMN
12.03,12.03,11.99,12.0,5200,2021-09-29 14:52:00,HLMN
11.97,11.97,11.97,11.97,200,2021-09-29 14:53:00,HLMN
11.97,11.97,11.93,11.93,1200,2021-09-29 14:54:00,HLMN
11.95,11.95,11.95,11.95,300,2021-09-29 14:55:00,HLMN
11.95,11.98,11.95,11.98,2131,2021-09-29 14:56:00,HLMN
11.98,11.98,11.96,11.965,700,2021-09-29 14:57:00,HLMN
11.965,11.965,11.965,11.965,100,2021-09-29 14:58:00,HLMN
11.98,11.98,11.965,11.965,400,2021-09-29 14:59:00,HLMN
11.9512,11.99,11.9512,11.98,5175,2021-09-29 15:00:00,HLMN
11.98,11.98,11.98,11.98,300,2021-09-29 15:01:00,HLMN
11.98,11.98,11.97,11.97,500,2021-09-29 15:02:00,HLMN
11.98,11.98,11.98,11.98,100,2021-09-29 15:03:00,HLMN
11.975,11.975,11.97,11.97,501,2021-09-29 15:04:00,HLMN
11.98,11.98,11.98,11.98,700,2021-09-29 15:05:00,HLMN
11.99,11.99,11.985,11.99,900,2021-09-29 15:06:00,HLMN
11.985,11.99,11.98,11.98,753,2021-09-29 15:07:00,HLMN
11.98,11.98,11.98,11.98,300,2021-09-29 15:08:00,HLMN
11.98,11.98,11.97,11.97,600,2021-09-29 15:09:00,HLMN
11.97,11.97,11.965,11.965,400,2021-09-29 15:10:00,HLMN
11.97,11.97,11.965,11.965,500,2021-09-29 15:11:00,HLMN
11.97,11.97,11.97,11.97,100,2021-09-29 15:12:00,HLMN
11.97,11.98,11.97,11.975,700,2021-09-29 15:13:00,HLMN
11.975,11.975,11.975,11.975,100,2021-09-29 15:14:00,HLMN
11.98,11.98,11.97,11.98,400,2021-09-29 15:15:00,HLMN
11.965,11.9687,11.965,11.9687,1100,2021-09-29 15:16:00,HLMN
11.97,11.97,11.965,11.97,300,2021-09-29 15:17:00,HLMN
11.965,11.965,11.965,11.965,100,2021-09-29 15:18:00,HLMN
11.96,11.96,11.95,11.95,3000,2021-09-29 15:19:00,HLMN
11.95,11.96,11.95,11.96,1111,2021-09-29 15:20:00,HLMN
11.96,11.96,11.96,11.96,300,2021-09-29 15:21:00,HLMN
11.96,11.96,11.96,11.96,413,2021-09-29 15:22:00,HLMN
11.96,11.97,11.96,11.97,1000,2021-09-29 15:23:00,HLMN
11.98,11.98,11.98,11.98,200,2021-09-29 15:25:00,HLMN
11.98,11.98,11.975,11.975,533,2021-09-29 15:26:00,HLMN
11.97,11.98,11.97,11.98,799,2021-09-29 15:27:00,HLMN
11.98,11.98,11.98,11.98,200,2021-09-29 15:28:00,HLMN
11.98,11.98,11.965,11.965,900,2021-09-29 15:29:00,HLMN
11.965,11.965,11.96,11.96,800,2021-09-29 15:30:00,HLMN
11.97,11.97,11.97,11.97,100,2021-09-29 15:31:00,HLMN
11.97,11.97,11.97,11.97,200,2021-09-29 15:32:00,HLMN
11.97,11.98,11.97,11.98,2004,2021-09-29 15:33:00,HLMN
11.97,11.98,11.97,11.97,300,2021-09-29 15:34:00,HLMN
11.99,11.99,11.99,11.99,100,2021-09-29 15:35:00,HLMN
11.975,11.99,11.97,11.97,900,2021-09-29 15:36:00,HLMN
11.97,11.97,11.97,11.97,400,2021-09-29 15:37:00,HLMN
11.96,11.97,11.94,11.94,5025,2021-09-29 15:38:00,HLMN
11.95,11.95,11.95,11.95,368,2021-09-29 15:39:00,HLMN
11.95,11.96,11.95,11.96,1900,2021-09-29 15:40:00,HLMN
11.96,11.96,11.96,11.96,100,2021-09-29 15:41:00,HLMN
11.955,11.955,11.94,11.94,2552,2021-09-29 15:42:00,HLMN
11.94,11.96,11.94,11.96,3817,2021-09-29 15:43:00,HLMN
11.955,11.955,11.95,11.95,800,2021-09-29 15:44:00,HLMN
11.95,11.955,11.94,11.94,1500,2021-09-29 15:45:00,HLMN
11.94,11.94,11.94,11.94,200,2021-09-29 15:46:00,HLMN
11.94,11.94,11.94,11.94,200,2021-09-29 15:47:00,HLMN
11.94,11.94,11.94,11.94,406,2021-09-29 15:48:00,HLMN
11.94,11.94,11.94,11.94,100,2021-09-29 15:49:00,HLMN
11.94,11.94,11.94,11.94,200,2021-09-29 15:50:00,HLMN
11.92,11.93,11.92,11.93,400,2021-09-29 15:51:00,HLMN
11.935,11.935,11.935,11.935,300,2021-09-29 15:52:00,HLMN
11.94,11.94,11.94,11.94,200,2021-09-29 15:53:00,HLMN
11.94,11.95,11.94,11.95,3510,2021-09-29 15:54:00,HLMN
11.95,11.95,11.95,11.95,200,2021-09-29 15:55:00,HLMN
11.95,11.95,11.95,11.95,400,2021-09-29 15:56:00,HLMN
11.95,11.95,11.95,11.95,534,2021-09-29 15:57:00,HLMN
11.95,11.95,11.945,11.95,1100,2021-09-29 15:58:00,HLMN
11.95,11.96,11.95,11.96,1854,2021-09-29 15:59:00,HLMN
11.955,11.96,11.955,11.96,200,2021-09-29 16:00:00,HLMN
11.955,11.96,11.955,11.96,401,2021-09-29 16:01:00,HLMN
11.96,11.96,11.955,11.96,1542,2021-09-29 16:02:00,HLMN
11.97,11.97,11.97,11.97,200,2021-09-29 16:04:00,HLMN
11.97,11.97,11.97,11.97,200,2021-09-29 16:05:00,HLMN
11.97,11.97,11.965,11.965,200,2021-09-29 16:06:00,HLMN
11.97,11.97,11.95,11.95,1919,2021-09-29 16:07:00,HLMN
11.955,11.955,11.92,11.94,1802,2021-09-29 16:08:00,HLMN
11.94,11.94,11.94,11.94,409,2021-09-29 16:09:00,HLMN
11.945,11.95,11.94,11.95,422,2021-09-29 16:10:00,HLMN
11.95,11.95,11.945,11.945,200,2021-09-29 16:11:00,HLMN
11.95,11.95,11.95,11.95,100,2021-09-29 16:12:00,HLMN
11.95,11.95,11.95,11.95,200,2021-09-29 16:13:00,HLMN
11.95,11.95,11.945,11.945,300,2021-09-29 16:14:00,HLMN
11.945,11.945,11.935,11.935,1290,2021-09-29 16:15:00,HLMN
11.935,11.935,11.93,11.93,300,2021-09-29 16:16:00,HLMN
11.935,11.935,11.935,11.935,200,2021-09-29 16:17:00,HLMN
11.935,11.935,11.89,11.92,7694,2021-09-29 16:18:00,HLMN
11.92,11.92,11.92,11.92,100,2021-09-29 16:19:00,HLMN
11.9,11.92,11.88,11.92,7489,2021-09-29 16:20:00,HLMN
11.89,11.905,11.87,11.87,1859,2021-09-29 16:21:00,HLMN
11.86,11.875,11.86,11.875,300,2021-09-29 16:22:00,HLMN
11.86,11.88,11.85,11.88,891,2021-09-29 16:23:00,HLMN
11.85,11.87,11.85,11.87,300,2021-09-29 16:24:00,HLMN
11.85,11.86,11.83,11.83,6231,2021-09-29 16:25:00,HLMN
11.85,11.88,11.849,11.88,4342,2021-09-29 16:26:00,HLMN
11.88,11.89,11.88,11.89,400,2021-09-29 16:27:00,HLMN
11.89,11.9,11.87,11.87,3626,2021-09-29 16:28:00,HLMN
11.885,11.885,11.885,11.885,100,2021-09-29 16:29:00,HLMN
11.9,11.91,11.895,11.895,700,2021-09-29 16:30:00,HLMN
11.895,11.895,11.895,11.895,100,2021-09-29 16:31:00,HLMN
11.895,11.895,11.895,11.895,200,2021-09-29 16:32:00,HLMN
11.895,11.895,11.895,11.895,200,2021-09-29 16:33:00,HLMN
11.9,11.9,11.88,11.89,502,2021-09-29 16:34:00,HLMN
11.89,11.9,11.89,11.9,400,2021-09-29 16:35:00,HLMN
11.89,11.89,11.885,11.885,433,2021-09-29 16:36:00,HLMN
11.89,11.89,11.89,11.89,100,2021-09-29 16:37:00,HLMN
11.89,11.89,11.88,11.88,500,2021-09-29 16:38:00,HLMN
11.88,11.885,11.88,11.88,300,2021-09-29 16:39:00,HLMN
11.89,11.89,11.89,11.89,200,2021-09-29 16:40:00,HLMN
11.89,11.89,11.87,11.88,300,2021-09-29 16:41:00,HLMN
11.88,11.89,11.88,11.88,499,2021-09-29 16:42:00,HLMN
11.88,11.89,11.86,11.88,1200,2021-09-29 16:43:00,HLMN
11.86,11.87,11.86,11.87,300,2021-09-29 16:44:00,HLMN
11.865,11.865,11.865,11.865,100,2021-09-29 16:45:00,HLMN
11.87,11.87,11.86,11.86,500,2021-09-29 16:46:00,HLMN
11.86,11.865,11.86,11.865,700,2021-09-29 16:47:00,HLMN
11.865,11.865,11.865,11.865,400,2021-09-29 16:48:00,HLMN
11.865,11.87,11.865,11.865,300,2021-09-29 16:50:00,HLMN
11.86,11.865,11.86,11.865,300,2021-09-29 16:51:00,HLMN
11.86,11.865,11.86,11.86,600,2021-09-29 16:52:00,HLMN
11.86,11.86,11.85,11.85,400,2021-09-29 16:53:00,HLMN
11.85,11.855,11.84,11.845,2966,2021-09-29 16:54:00,HLMN
11.84,11.86,11.84,11.86,3961,2021-09-29 16:55:00,HLMN
11.86,11.86,11.85,11.85,700,2021-09-29 16:56:00,HLMN
11.86,11.86,11.86,11.86,3281,2021-09-29 16:57:00,HLMN
11.87,11.87,11.86,11.87,300,2021-09-29 16:58:00,HLMN
11.87,11.87,11.87,11.87,100,2021-09-29 16:59:00,HLMN
11.865,11.865,11.86,11.86,400,2021-09-29 17:00:00,HLMN
11.865,11.865,11.865,11.865,100,2021-09-29 17:01:00,HLMN
11.87,11.87,11.87,11.87,100,2021-09-29 17:02:00,HLMN
11.87,11.87,11.86,11.86,1068,2021-09-29 17:04:00,HLMN
11.865,11.87,11.865,11.865,400,2021-09-29 17:05:00,HLMN
11.865,11.865,11.865,11.865,200,2021-09-29 17:06:00,HLMN
11.87,11.87,11.86,11.87,400,2021-09-29 17:07:00,HLMN
11.86,11.865,11.855,11.86,672,2021-09-29 17:08:00,HLMN
11.86,11.86,11.86,11.86,200,2021-09-29 17:09:00,HLMN
11.86,11.86,11.855,11.855,200,2021-09-29 17:10:00,HLMN
11.86,11.86,11.855,11.855,300,2021-09-29 17:11:00,HLMN
11.86,11.86,11.855,11.855,400,2021-09-29 17:12:00,HLMN
11.86,11.86,11.86,11.86,200,2021-09-29 17:13:00,HLMN
11.855,11.855,11.85,11.855,2153,2021-09-29 17:14:00,HLMN
11.85,11.85,11.85,11.85,200,2021-09-29 17:15:00,HLMN
11.86,11.86,11.85,11.855,400,2021-09-29 17:16:00,HLMN
11.855,11.86,11.85,11.85,5965,2021-09-29 17:17:00,HLMN
11.85,11.855,11.85,11.85,1235,2021-09-29 17:18:00,HLMN
11.85,11.87,11.85,11.87,1800,2021-09-29 17:19:00,HLMN
11.865,11.865,11.865,11.865,100,2021-09-29 17:20:00,HLMN
11.865,11.87,11.865,11.87,300,2021-09-29 17:21:00,HLMN
11.87,11.87,11.86,11.865,500,2021-09-29 17:22:00,HLMN
11.865,11.865,11.865,11.865,200,2021-09-29 17:23:00,HLMN
11.86,11.87,11.86,11.87,1466,2021-09-29 17:24:00,HLMN
11.865,11.87,11.86,11.865,900,2021-09-29 17:25:00,HLMN
11.86,11.86,11.86,11.86,300,2021-09-29 17:26:00,HLMN
11.86,11.865,11.86,11.865,890,2021-09-29 17:27:00,HLMN
11.865,11.865,11.86,11.86,813,2021-09-29 17:28:00,HLMN
11.85,11.855,11.79,11.79,13045,2021-09-29 17:29:00,HLMN
11.79,11.825,11.79,11.82,7492,2021-09-29 17:30:00,HLMN
11.82,11.83,11.82,11.82,1600,2021-09-29 17:31:00,HLMN
11.83,11.83,11.83,11.83,700,2021-09-29 17:32:00,HLMN
11.83,11.84,11.83,11.84,2207,2021-09-29 17:33:00,HLMN
11.85,11.86,11.85,11.86,2410,2021-09-29 17:34:00,HLMN
11.85,11.855,11.83,11.84,5123,2021-09-29 17:35:00,HLMN
11.83,11.84,11.83,11.84,300,2021-09-29 17:36:00,HLMN
11.84,11.84,11.84,11.84,300,2021-09-29 17:37:00,HLMN
11.83,11.83,11.83,11.83,200,2021-09-29 17:38:00,HLMN
11.84,11.84,11.83,11.83,400,2021-09-29 17:39:00,HLMN
11.82,11.83,11.82,11.82,400,2021-09-29 17:40:00,HLMN
11.83,11.83,11.83,11.83,200,2021-09-29 17:41:00,HLMN
11.82,11.83,11.82,11.82,1222,2021-09-29 17:42:00,HLMN
11.82,11.83,11.82,11.82,400,2021-09-29 17:43:00,HLMN
11.825,11.85,11.825,11.84,4325,2021-09-29 17:44:00,HLMN
11.85,11.85,11.83,11.83,1106,2021-09-29 17:45:00,HLMN
11.83,11.83,11.83,11.83,400,2021-09-29 17:46:00,HLMN
11.83,11.83,11.83,11.83,100,2021-09-29 17:47:00,HLMN
11.83,11.83,11.83,11.83,400,2021-09-29 17:48:00,HLMN
11.825,11.83,11.825,11.83,400,2021-09-29 17:49:00,HLMN
11.83,11.83,11.83,11.83,200,2021-09-29 17:50:00,HLMN
11.825,11.83,11.825,11.83,300,2021-09-29 17:51:00,HLMN
11.83,11.83,11.83,11.83,200,2021-09-29 17:52:00,HLMN
11.83,11.83,11.81,11.81,5106,2021-09-29 17:53:00,HLMN
11.81,11.82,11.81,11.81,700,2021-09-29 17:54:00,HLMN
11.82,11.82,11.815,11.82,300,2021-09-29 17:55:00,HLMN
11.815,11.815,11.815,11.815,200,2021-09-29 17:56:00,HLMN
11.815,11.82,11.81,11.82,574,2021-09-29 17:57:00,HLMN
11.82,11.825,11.815,11.825,1772,2021-09-29 17:58:00,HLMN
11.83,11.83,11.823,11.823,700,2021-09-29 17:59:00,HLMN
11.82,11.83,11.82,11.83,400,2021-09-29 18:00:00,HLMN
11.82,11.825,11.82,11.82,600,2021-09-29 18:01:00,HLMN
11.82,11.82,11.81,11.81,900,2021-09-29 18:02:00,HLMN
11.81,11.82,11.8,11.8,1259,2021-09-29 18:03:00,HLMN
11.8,11.81,11.8,11.81,1669,2021-09-29 18:04:00,HLMN
11.81,11.825,11.81,11.825,3049,2021-09-29 18:05:00,HLMN
11.83,11.83,11.82,11.83,700,2021-09-29 18:06:00,HLMN
11.83,11.84,11.83,11.84,900,2021-09-29 18:07:00,HLMN
11.84,11.84,11.84,11.84,100,2021-09-29 18:08:00,HLMN
11.84,11.85,11.84,11.85,1590,2021-09-29 18:09:00,HLMN
11.85,11.86,11.85,11.86,300,2021-09-29 18:10:00,HLMN
11.86,11.86,11.86,11.86,400,2021-09-29 18:11:00,HLMN
11.86,11.86,11.86,11.86,200,2021-09-29 18:12:00,HLMN
11.86,11.86,11.86,11.86,500,2021-09-29 18:13:00,HLMN
11.85,11.86,11.85,11.86,200,2021-09-29 18:14:00,HLMN
11.86,11.86,11.86,11.86,200,2021-09-29 18:15:00,HLMN
11.86,11.86,11.86,11.86,1900,2021-09-29 18:16:00,HLMN
11.855,11.86,11.855,11.86,400,2021-09-29 18:17:00,HLMN
11.86,11.87,11.86,11.87,1200,2021-09-29 18:18:00,HLMN
11.87,11.89,11.87,11.89,600,2021-09-29 18:19:00,HLMN
11.89,11.89,11.89,11.89,600,2021-09-29 18:20:00,HLMN
11.89,11.89,11.88,11.885,6334,2021-09-29 18:21:00,HLMN
11.89,11.89,11.89,11.89,100,2021-09-29 18:22:00,HLMN
11.89,11.89,11.89,11.89,200,2021-09-29 18:23:00,HLMN
11.89,11.89,11.89,11.89,200,2021-09-29 18:24:00,HLMN
11.89,11.89,11.885,11.885,300,2021-09-29 18:26:00,HLMN
11.88,11.88,11.86,11.86,958,2021-09-29 18:27:00,HLMN
11.85,11.86,11.85,11.86,1829,2021-09-29 18:28:00,HLMN
11.85,11.875,11.85,11.87,2413,2021-09-29 18:29:00,HLMN
11.88,11.88,11.88,11.88,200,2021-09-29 18:30:00,HLMN
11.88,11.88,11.88,11.88,300,2021-09-29 18:31:00,HLMN
11.88,11.89,11.88,11.89,900,2021-09-29 18:32:00,HLMN
11.89,11.89,11.89,11.89,300,2021-09-29 18:33:00,HLMN
11.89,11.89,11.89,11.89,200,2021-09-29 18:34:00,HLMN
11.9,11.91,11.9,11.91,2681,2021-09-29 18:35:00,HLMN
11.91,11.91,11.91,11.91,300,2021-09-29 18:36:00,HLMN
11.9,11.91,11.9,11.91,400,2021-09-29 18:37:00,HLMN
11.9,11.91,11.9,11.91,400,2021-09-29 18:38:00,HLMN
11.905,11.91,11.905,11.91,200,2021-09-29 18:39:00,HLMN
11.9,11.91,11.9,11.91,5873,2021-09-29 18:40:00,HLMN
11.91,11.91,11.91,11.91,200,2021-09-29 18:41:00,HLMN
11.9,11.91,11.9,11.9,900,2021-09-29 18:42:00,HLMN
11.9,11.91,11.9,11.91,2519,2021-09-29 18:43:00,HLMN
11.92,11.93,11.92,11.93,400,2021-09-29 18:44:00,HLMN
11.925,11.925,11.925,11.925,200,2021-09-29 18:45:00,HLMN
11.925,11.925,11.9,11.9,2701,2021-09-29 18:46:00,HLMN
11.905,11.905,11.9,11.9,27900,2021-09-29 18:47:00,HLMN
11.9,11.905,11.9,11.9,10501,2021-09-29 18:48:00,HLMN
11.9,11.91,11.9,11.9,400,2021-09-29 18:49:00,HLMN
11.9,11.92,11.9,11.92,6911,2021-09-29 18:50:00,HLMN
11.92,11.92,11.9,11.91,600,2021-09-29 18:51:00,HLMN
11.92,11.92,11.92,11.92,100,2021-09-29 18:52:00,HLMN
11.92,11.92,11.9,11.92,600,2021-09-29 18:53:00,HLMN
11.91,11.91,11.9,11.91,400,2021-09-29 18:54:00,HLMN
11.9,11.92,11.9,11.91,5716,2021-09-29 18:55:00,HLMN
11.915,11.92,11.91,11.91,1000,2021-09-29 18:56:00,HLMN
11.91,11.92,11.91,11.91,1200,2021-09-29 18:57:00,HLMN
11.91,11.92,11.91,11.91,1000,2021-09-29 18:58:00,HLMN
11.92,11.92,11.91,11.915,700,2021-09-29 18:59:00,HLMN
11.915,11.92,11.91,11.92,900,2021-09-29 19:00:00,HLMN
11.92,11.92,11.915,11.92,300,2021-09-29 19:01:00,HLMN
11.915,11.915,11.89,11.9,17008,2021-09-29 19:02:00,HLMN
11.9,11.91,11.9,11.9,16695,2021-09-29 19:03:00,HLMN
11.91,11.91,11.89,11.9,2246,2021-09-29 19:04:00,HLMN
11.91,11.92,11.9,11.92,5622,2021-09-29 19:05:00,HLMN
11.92,11.92,11.91,11.91,911,2021-09-29 19:06:00,HLMN
11.915,11.915,11.915,11.915,300,2021-09-29 19:07:00,HLMN
11.915,11.92,11.9,11.9,17890,2021-09-29 19:08:00,HLMN
11.9,11.91,11.9,11.9,700,2021-09-29 19:09:00,HLMN
11.9,11.91,11.9,11.91,1200,2021-09-29 19:10:00,HLMN
11.91,11.91,11.89,11.895,34735,2021-09-29 19:11:00,HLMN
11.89,11.9,11.89,11.895,3947,2021-09-29 19:12:00,HLMN
11.895,11.9,11.89,11.9,12000,2021-09-29 19:13:00,HLMN
11.89,11.9,11.89,11.89,2791,2021-09-29 19:14:00,HLMN
11.89,11.9,11.89,11.8975,1500,2021-09-29 19:15:00,HLMN
11.9,11.925,11.895,11.925,7294,2021-09-29 19:16:00,HLMN
11.93,11.95,11.93,11.94,882,2021-09-29 19:17:00,HLMN
11.95,11.95,11.945,11.95,10600,2021-09-29 19:18:00,HLMN
11.95,11.95,11.95,11.95,200,2021-09-29 19:19:00,HLMN
11.95,11.95,11.94,11.94,500,2021-09-29 19:20:00,HLMN
11.945,11.95,11.94,11.95,1200,2021-09-29 19:21:00,HLMN
11.945,11.95,11.94,11.945,5106,2021-09-29 19:22:00,HLMN
11.945,11.95,11.94,11.95,2500,2021-09-29 19:23:00,HLMN
11.945,11.96,11.94,11.96,4943,2021-09-29 19:24:00,HLMN
11.96,11.965,11.96,11.965,1400,2021-09-29 19:25:00,HLMN
11.97,11.97,11.96,11.97,11281,2021-09-29 19:26:00,HLMN
11.96,11.96,11.95,11.96,1980,2021-09-29 19:27:00,HLMN
11.96,11.96,11.96,11.96,500,2021-09-29 19:28:00,HLMN
11.95,11.96,11.92,11.92,24493,2021-09-29 19:29:00,HLMN
11.92,11.94,11.92,11.935,10265,2021-09-29 19:30:00,HLMN
11.935,11.955,11.93,11.95,9542,2021-09-29 19:31:00,HLMN
11.955,11.955,11.95,11.955,700,2021-09-29 19:32:00,HLMN
11.955,11.955,11.95,11.955,1200,2021-09-29 19:33:00,HLMN
11.96,11.96,11.96,11.96,100,2021-09-29 19:34:00,HLMN
11.96,11.96,11.94,11.945,6649,2021-09-29 19:35:00,HLMN
11.95,11.96,11.94,11.95,5092,2021-09-29 19:36:00,HLMN
11.95,11.96,11.945,11.955,1917,2021-09-29 19:37:00,HLMN
11.955,11.96,11.95,11.96,1600,2021-09-29 19:38:00,HLMN
11.96,11.96,11.95,11.955,2400,2021-09-29 19:39:00,HLMN
11.955,11.96,11.95,11.955,3644,2021-09-29 19:40:00,HLMN
11.955,11.96,11.94,11.94,14334,2021-09-29 19:41:00,HLMN
11.95,11.96,11.94,11.94,5529,2021-09-29 19:42:00,HLMN
11.95,11.96,11.94,11.955,5062,2021-09-29 19:43:00,HLMN
11.96,11.96,11.95,11.95,3000,2021-09-29 19:44:00,HLMN
11.955,11.96,11.95,11.95,4000,2021-09-29 19:45:00,HLMN
11.96,11.96,11.94,11.94,8793,2021-09-29 19:46:00,HLMN
11.94,11.95,11.94,11.95,9673,2021-09-29 19:47:00,HLMN
11.94,11.96,11.94,11.945,14158,2021-09-29 19:48:00,HLMN
11.945,11.95,11.94,11.94,3600,2021-09-29 19:49:00,HLMN
11.95,11.95,11.94,11.945,3886,2021-09-29 19:50:00,HLMN
11.94,11.945,11.93,11.93,11321,2021-09-29 19:51:00,HLMN
11.93,11.935,11.9,11.9,12143,2021-09-29 19:52:00,HLMN
11.9,11.91,11.9,11.905,15400,2021-09-29 19:53:00,HLMN
11.9,11.91,11.9,11.9,6860,2021-09-29 19:54:00,HLMN
11.91,11.91,11.9,11.91,14038,2021-09-29 19:55:00,HLMN
11.905,11.94,11.905,11.94,22587,2021-09-29 19:56:00,HLMN
11.94,11.96,11.935,11.955,20130,2021-09-29 19:57:00,HLMN
11.95,11.96,11.95,11.95,18435,2021-09-29 19:58:00,HLMN
11.95,11.96,11.95,11.95,19023,2021-09-29 19:59:00,HLMN
11.96,11.96,11.96,11.96,24886,2021-09-29 20:00:00,HLMN
12.02,12.02,12.02,12.02,2259,2021-09-30 13:30:00,HLMN
12.0,12.0,11.78,11.78,11312,2021-09-30 13:31:00,HLMN
11.9,11.97,11.9,11.95,2365,2021-09-30 13:32:00,HLMN
11.965,11.98,11.95,11.95,6206,2021-09-30 13:33:00,HLMN
11.95,11.97,11.95,11.96,3200,2021-09-30 13:34:00,HLMN
11.95,11.95,11.95,11.95,200,2021-09-30 13:35:00,HLMN
11.96,11.96,11.96,11.96,200,2021-09-30 13:38:00,HLMN
11.96,11.96,11.96,11.96,2200,2021-09-30 13:40:00,HLMN
11.96,11.97,11.96,11.96,1400,2021-09-30 13:41:00,HLMN
11.96,11.98,11.95,11.965,4074,2021-09-30 13:42:00,HLMN
11.97,11.97,11.97,11.97,100,2021-09-30 13:46:00,HLMN
11.965,11.965,11.965,11.965,100,2021-09-30 13:47:00,HLMN
11.97,11.97,11.97,11.97,100,2021-09-30 13:48:00,HLMN
11.96,11.97,11.95,11.97,4500,2021-09-30 13:49:00,HLMN
11.97,11.98,11.97,11.98,600,2021-09-30 13:50:00,HLMN
11.97,12.0,11.965,12.0,2795,2021-09-30 13:56:00,HLMN
11.99,11.99,11.99,11.99,200,2021-09-30 13:57:00,HLMN
11.99,12.0,11.99,11.99,404,2021-09-30 13:58:00,HLMN
12.0,12.0,11.98,11.98,200,2021-09-30 13:59:00,HLMN
11.99,11.99,11.99,11.99,100,2021-09-30 14:00:00,HLMN
11.98,11.98,11.98,11.98,300,2021-09-30 14:01:00,HLMN
11.98,11.98,11.98,11.98,200,2021-09-30 14:02:00,HLMN
11.98,12.0,11.975,12.0,1535,2021-09-30 14:03:00,HLMN
12.0,12.0,11.99,11.99,300,2021-09-30 14:04:00,HLMN
11.98,11.98,11.98,11.98,100,2021-09-30 14:05:00,HLMN
11.97,11.98,11.95,11.96,1337,2021-09-30 14:06:00,HLMN
11.96,11.97,11.96,11.97,3136,2021-09-30 14:07:00,HLMN
11.96,11.97,11.96,11.97,602,2021-09-30 14:08:00,HLMN
11.96,11.98,11.96,11.97,2000,2021-09-30 14:09:00,HLMN
11.97,11.98,11.97,11.97,554,2021-09-30 14:10:00,HLMN
11.98,11.98,11.97,11.97,400,2021-09-30 14:11:00,HLMN
11.98,11.98,11.97,11.98,500,2021-09-30 14:12:00,HLMN
11.98,11.98,11.97,11.98,1200,2021-09-30 14:13:00,HLMN
11.97,11.99,11.97,11.99,954,2021-09-30 14:14:00,HLMN
11.99,11.99,11.99,11.99,300,2021-09-30 14:15:00,HLMN
12.0,12.0,12.0,12.0,200,2021-09-30 14:17:00,HLMN
11.98,11.98,11.98,11.98,500,2021-09-30 14:18:00,HLMN
12.0,12.005,11.995,12.005,500,2021-09-30 14:19:00,HLMN
12.005,12.005,12.005,12.005,100,2021-09-30 14:20:00,HLMN
12.005,12.005,12.005,12.005,100,2021-09-30 14:21:00,HLMN
11.99,12.0,11.99,12.0,2700,2021-09-30 14:22:00,HLMN
11.99,11.99,11.97,11.98,1762,2021-09-30 14:23:00,HLMN
11.98,11.98,11.98,11.98,500,2021-09-30 14:24:00,HLMN
11.97,11.99,11.97,11.985,1330,2021-09-30 14:25:00,HLMN
11.98,12.0,11.98,12.0,2211,2021-09-30 14:26:00,HLMN
11.995,12.0,11.995,11.995,700,2021-09-30 14:27:00,HLMN
12.0,12.0,12.0,12.0,200,2021-09-30 14:28:00,HLMN
12.0,12.0,12.0,12.0,100,2021-09-30 14:29:00,HLMN
12.0,12.0,12.0,12.0,100,2021-09-30 14:30:00,HLMN
12.01,12.01,12.005,12.005,200,2021-09-30 14:32:00,HLMN
12.005,12.015,12.005,12.015,1900,2021-09-30 14:33:00,HLMN
12.01,12.01,12.0,12.0,1200,2021-09-30 14:35:00,HLMN
12.0,12.0,12.0,12.0,100,2021-09-30 14:36:00,HLMN
12.0,12.0,12.0,12.0,500,2021-09-30 14:38:00,HLMN
12.01,12.01,12.005,12.005,200,2021-09-30 14:39:00,HLMN
12.005,12.005,11.99,11.995,1400,2021-09-30 14:40:00,HLMN
11.99,12.0,11.99,12.0,600,2021-09-30 14:41:00,HLMN
11.99,12.0,11.99,11.99,1980,2021-09-30 14:42:00,HLMN
11.98,11.98,11.97,11.98,1048,2021-09-30 14:43:00,HLMN
11.98,11.985,11.97,11.985,2432,2021-09-30 14:44:00,HLMN
11.985,11.99,11.98,11.99,800,2021-09-30 14:45:00,HLMN
11.99,11.99,11.98,11.985,1651,2021-09-30 14:46:00,HLMN
11.99,12.0,11.99,12.0,700,2021-09-30 14:47:00,HLMN
12.0,12.0,11.99,12.0,1321,2021-09-30 14:48:00,HLMN
12.0,12.0,11.995,12.0,999,2021-09-30 14:49:00,HLMN
11.995,12.0,11.995,12.0,1000,2021-09-30 14:50:00,HLMN
11.995,12.0,11.995,11.995,678,2021-09-30 14:51:00,HLMN
11.995,12.015,11.995,12.015,1700,2021-09-30 14:52:00,HLMN
12.02,12.02,12.01,12.02,650,2021-09-30 14:53:00,HLMN
12.01,12.01,12.01,12.01,100,2021-09-30 14:54:00,HLMN
12.005,12.005,12.005,12.005,300,2021-09-30 14:55:00,HLMN
12.01,12.02,12.005,12.02,1399,2021-09-30 14:56:00,HLMN
12.015,12.02,12.014,12.02,478,2021-09-30 14:58:00,HLMN
12.015,12.02,12.005,12.005,1400,2021-09-30 14:59:00,HLMN
12.01,12.01,12.01,12.01,100,2021-09-30 15:00:00,HLMN
12.005,12.01,12.0,12.005,400,2021-09-30 15:01:00,HLMN
12.0,12.005,12.0,12.005,900,2021-09-30 15:02:00,HLMN
12.0,12.005,12.0,12.0,400,2021-09-30 15:03:00,HLMN
11.98,11.99,11.98,11.985,500,2021-09-30 15:04:00,HLMN
11.98,11.98,11.97,11.97,764,2021-09-30 15:05:00,HLMN
11.97,11.98,11.97,11.98,300,2021-09-30 15:06:00,HLMN
11.97,11.975,11.965,11.965,1847,2021-09-30 15:07:00,HLMN
11.965,11.965,11.965,11.965,200,2021-09-30 15:08:00,HLMN
11.965,11.965,11.95,11.95,1100,2021-09-30 15:09:00,HLMN
11.955,11.96,11.955,11.96,2997,2021-09-30 15:10:00,HLMN
11.965,11.965,11.96,11.96,300,2021-09-30 15:12:00,HLMN
11.96,11.96,11.955,11.955,1100,2021-09-30 15:13:00,HLMN
11.96,11.96,11.96,11.96,300,2021-09-30 15:15:00,HLMN
11.965,11.965,11.965,11.965,100,2021-09-30 15:16:00,HLMN
11.96,11.97,11.96,11.96,2385,2021-09-30 15:17:00,HLMN
11.96,11.97,11.96,11.97,380,2021-09-30 15:19:00,HLMN
11.98,11.98,11.97,11.97,200,2021-09-30 15:20:00,HLMN
11.97,11.97,11.965,11.965,377,2021-09-30 15:21:00,HLMN
11.965,11.97,11.96,11.96,1198,2021-09-30 15:22:00,HLMN
11.975,11.975,11.975,11.975,400,2021-09-30 15:23:00,HLMN
11.97,11.97,11.97,11.97,800,2021-09-30 15:24:00,HLMN
11.96,11.96,11.96,11.96,500,2021-09-30 15:25:00,HLMN
11.95,11.96,11.95,11.96,500,2021-09-30 15:26:00,HLMN
11.94,11.9499,11.94,11.9499,2600,2021-09-30 15:27:00,HLMN
11.95,11.95,11.94,11.94,200,2021-09-30 15:28:00,HLMN
11.94,11.945,11.94,11.94,500,2021-09-30 15:29:00,HLMN
11.94,11.945,11.94,11.945,200,2021-09-30 15:30:00,HLMN
11.94,11.94,11.94,11.94,100,2021-09-30 15:31:00,HLMN
11.945,11.945,11.93,11.93,1880,2021-09-30 15:32:00,HLMN
11.93,11.93,11.88,11.89,4538,2021-09-30 15:33:00,HLMN
11.9,11.9,11.88,11.89,704,2021-09-30 15:34:00,HLMN
11.88,11.9,11.88,11.89,1904,2021-09-30 15:35:00,HLMN
11.89,11.9,11.89,11.895,300,2021-09-30 15:36:00,HLMN
11.9,11.9,11.895,11.895,200,2021-09-30 15:38:00,HLMN
11.895,11.9,11.895,11.895,500,2021-09-30 15:39:00,HLMN
11.895,11.895,11.855,11.855,3577,2021-09-30 15:40:00,HLMN
11.86,11.88,11.85,11.875,4231,2021-09-30 15:41:00,HLMN
11.87,11.87,11.87,11.87,426,2021-09-30 15:42:00,HLMN
11.875,11.88,11.875,11.875,3800,2021-09-30 15:43:00,HLMN
11.87,11.87,11.87,11.87,100,2021-09-30 15:44:00,HLMN
11.87,11.87,11.87,11.87,100,2021-09-30 15:45:00,HLMN
11.875,11.875,11.875,11.875,300,2021-09-30 15:46:00,HLMN
11.875,11.875,11.87,11.87,300,2021-09-30 15:47:00,HLMN
11.87,11.88,11.87,11.875,16846,2021-09-30 15:48:00,HLMN
11.87,11.88,11.87,11.875,3346,2021-09-30 15:49:00,HLMN
11.875,11.9,11.875,11.895,3816,2021-09-30 15:50:00,HLMN
11.895,11.895,11.895,11.895,100,2021-09-30 15:51:00,HLMN
11.895,11.8999,11.895,11.895,2700,2021-09-30 15:52:00,HLMN
11.895,11.895,11.89,11.89,600,2021-09-30 15:53:00,HLMN
11.89,11.9,11.89,11.9,9169,2021-09-30 15:54:00,HLMN
11.91,11.91,11.91,11.91,100,2021-09-30 15:57:00,HLMN
11.91,11.91,11.91,11.91,100,2021-09-30 15:58:00,HLMN
11.905,11.905,11.9,11.9,400,2021-09-30 15:59:00,HLMN
11.9,11.905,11.9,11.905,200,2021-09-30 16:00:00,HLMN
11.905,11.905,11.9,11.9,1400,2021-09-30 16:02:00,HLMN
11.91,11.91,11.9,11.9,200,2021-09-30 16:03:00,HLMN
11.905,11.91,11.9,11.91,500,2021-09-30 16:04:00,HLMN
11.9,11.905,11.9,11.9,500,2021-09-30 16:07:00,HLMN
11.9,11.905,11.89,11.9,17335,2021-09-30 16:08:00,HLMN
11.89,11.9,11.89,11.9,8046,2021-09-30 16:09:00,HLMN
11.895,11.895,11.89,11.89,1900,2021-09-30 16:10:00,HLMN
11.89,11.895,11.86,11.86,11862,2021-09-30 16:11:00,HLMN
11.85,11.8599,11.85,11.855,4200,2021-09-30 16:12:00,HLMN
11.85,11.855,11.84,11.84,800,2021-09-30 16:13:00,HLMN
11.84,11.845,11.84,11.845,1200,2021-09-30 16:14:00,HLMN
11.82,11.82,11.8,11.8,800,2021-09-30 16:15:00,HLMN
11.8,11.8,11.775,11.775,300,2021-09-30 16:16:00,HLMN
11.78,11.79,11.77,11.77,1700,2021-09-30 16:17:00,HLMN
11.77,11.8,11.77,11.79,7073,2021-09-30 16:18:00,HLMN
11.805,11.805,11.805,11.805,300,2021-09-30 16:19:00,HLMN
11.805,11.82,11.805,11.81,1291,2021-09-30 16:20:00,HLMN
11.815,11.815,11.81,11.81,500,2021-09-30 16:24:00,HLMN
11.815,11.82,11.81,11.82,3977,2021-09-30 16:25:00,HLMN
11.825,11.825,11.82,11.82,500,2021-09-30 16:26:00,HLMN
11.825,11.825,11.825,11.825,200,2021-09-30 16:28:00,HLMN
11.825,11.825,11.82,11.82,400,2021-09-30 16:29:00,HLMN
11.825,11.825,11.805,11.805,1575,2021-09-30 16:30:00,HLMN
11.805,11.805,11.8,11.8,400,2021-09-30 16:31:00,HLMN
11.805,11.805,11.805,11.805,100,2021-09-30 16:32:00,HLMN
11.8,11.8,11.79,11.79,700,2021-09-30 16:33:00,HLMN
11.785,11.79,11.785,11.785,3691,2021-09-30 16:34:00,HLMN
11.79,11.815,11.785,11.813,5180,2021-09-30 16:35:00,HLMN
11.815,11.815,11.81,11.81,500,2021-09-30 16:36:00,HLMN
11.82,11.82,11.81,11.82,2587,2021-09-30 16:37:00,HLMN
11.82,11.82,11.815,11.815,613,2021-09-30 16:38:00,HLMN
11.815,11.815,11.815,11.815,499,2021-09-30 16:39:00,HLMN
11.815,11.83,11.815,11.825,1899,2021-09-30 16:40:00,HLMN
11.825,11.825,11.825,11.825,100,2021-09-30 16:41:00,HLMN
11.82,11.825,11.82,11.82,861,2021-09-30 16:42:00,HLMN
11.82,11.82,11.815,11.82,1581,2021-09-30 16:43:00,HLMN
11.825,11.825,11.825,11.825,200,2021-09-30 16:44:00,HLMN
11.83,11.83,11.825,11.825,200,2021-09-30 16:45:00,HLMN
11.83,11.83,11.83,11.83,100,2021-09-30 16:46:00,HLMN
11.82,11.83,11.82,11.83,4356,2021-09-30 16:47:00,HLMN
11.82,11.85,11.82,11.85,5229,2021-09-30 16:48:00,HLMN
11.85,11.85,11.845,11.85,944,2021-09-30 16:49:00,HLMN
11.855,11.87,11.855,11.87,2500,2021-09-30 16:50:00,HLMN
11.865,11.87,11.865,11.865,6600,2021-09-30 16:51:00,HLMN
11.865,11.875,11.865,11.87,3506,2021-09-30 16:52:00,HLMN
11.87,11.87,11.87,11.87,100,2021-09-30 16:53:00,HLMN
11.88,11.88,11.88,11.88,200,2021-09-30 16:54:00,HLMN
11.88,11.88,11.88,11.88,100,2021-09-30 16:55:00,HLMN
11.875,11.875,11.865,11.87,2346,2021-09-30 16:56:00,HLMN
11.865,11.87,11.865,11.87,1917,2021-09-30 16:57:00,HLMN
11.865,11.88,11.86,11.87,2278,2021-09-30 16:58:00,HLMN
11.88,11.88,11.88,11.88,200,2021-09-30 16:59:00,HLMN
11.875,11.875,11.875,11.875,300,2021-09-30 17:00:00,HLMN
11.88,11.88,11.875,11.88,300,2021-09-30 17:02:00,HLMN
11.875,11.88,11.87,11.875,600,2021-09-30 17:03:00,HLMN
11.875,11.88,11.87,11.875,1287,2021-09-30 17:04:00,HLMN
11.875,11.875,11.87,11.87,996,2021-09-30 17:05:00,HLMN
11.87,11.875,11.87,11.87,700,2021-09-30 17:06:00,HLMN
11.87,11.875,11.86,11.87,5793,2021-09-30 17:07:00,HLMN
11.875,11.88,11.875,11.875,3115,2021-09-30 17:08:00,HLMN
11.875,11.89,11.875,11.89,1885,2021-09-30 17:09:00,HLMN
11.885,11.885,11.885,11.885,370,2021-09-30 17:10:00,HLMN
11.885,11.9,11.885,11.9,1560,2021-09-30 17:11:00,HLMN
11.89,11.89,11.89,11.89,114,2021-09-30 17:13:00,HLMN
11.89,11.895,11.84,11.855,9088,2021-09-30 17:15:00,HLMN
11.87,11.875,11.87,11.87,1986,2021-09-30 17:16:00,HLMN
11.86,11.88,11.85,11.87,3183,2021-09-30 17:17:00,HLMN
11.875,11.88,11.87,11.88,600,2021-09-30 17:18:00,HLMN
11.875,11.875,11.875,11.875,100,2021-09-30 17:19:00,HLMN
11.88,11.89,11.875,11.885,2137,2021-09-30 17:20:00,HLMN
11.89,11.89,11.89,11.89,100,2021-09-30 17:21:00,HLMN
11.89,11.89,11.87,11.875,2152,2021-09-30 17:24:00,HLMN
11.875,11.875,11.87,11.87,200,2021-09-30 17:26:00,HLMN
11.875,11.875,11.87,11.87,200,2021-09-30 17:27:00,HLMN
11.87,11.87,11.87,11.87,300,2021-09-30 17:28:00,HLMN
11.87,11.875,11.87,11.87,500,2021-09-30 17:29:00,HLMN
11.87,11.875,11.85,11.86,5548,2021-09-30 17:30:00,HLMN
11.865,11.875,11.865,11.875,5802,2021-09-30 17:31:00,HLMN
11.875,11.875,11.8701,11.875,2387,2021-09-30 17:33:00,HLMN
11.875,11.88,11.875,11.875,732,2021-09-30 17:34:00,HLMN
11.875,11.88,11.875,11.88,300,2021-09-30 17:35:00,HLMN
11.87,11.87,11.87,11.87,200,2021-09-30 17:36:00,HLMN
11.87,11.875,11.87,11.875,336,2021-09-30 17:37:00,HLMN
11.875,11.89,11.875,11.885,8592,2021-09-30 17:38:00,HLMN
11.8873,11.8873,11.88,11.885,741,2021-09-30 17:39:00,HLMN
11.885,11.885,11.885,11.885,303,2021-09-30 17:40:00,HLMN
11.885,11.885,11.88,11.885,500,2021-09-30 17:41:00,HLMN
11.885,11.885,11.885,11.885,100,2021-09-30 17:43:00,HLMN
11.885,11.885,11.885,11.885,242,2021-09-30 17:44:00,HLMN
11.885,11.885,11.885,11.885,100,2021-09-30 17:45:00,HLMN
11.885,11.895,11.885,11.895,3857,2021-09-30 17:46:00,HLMN
11.895,11.9,11.895,11.895,900,2021-09-30 17:47:00,HLMN
11.895,11.9,11.895,11.9,900,2021-09-30 17:48:00,HLMN
11.9,11.9,11.9,11.9,100,2021-09-30 17:49:00,HLMN
11.9,11.91,11.895,11.91,2099,2021-09-30 17:50:00,HLMN
11.905,11.905,11.9,11.9,500,2021-09-30 17:51:00,HLMN
11.905,11.905,11.905,11.905,846,2021-09-30 17:52:00,HLMN
11.91,11.91,11.905,11.905,1703,2021-09-30 17:53:00,HLMN
11.905,11.92,11.905,11.92,2118,2021-09-30 17:54:00,HLMN
11.92,11.92,11.91,11.915,400,2021-09-30 17:55:00,HLMN
11.92,11.92,11.91,11.91,800,2021-09-30 17:56:00,HLMN
11.92,11.92,11.92,11.92,100,2021-09-30 17:57:00,HLMN
11.915,11.92,11.915,11.915,1010,2021-09-30 17:58:00,HLMN
11.915,11.915,11.915,11.915,566,2021-09-30 17:59:00,HLMN
11.915,11.93,11.915,11.93,1934,2021-09-30 18:00:00,HLMN
11.925,11.925,11.925,11.925,100,2021-09-30 18:01:00,HLMN
11.925,11.93,11.925,11.925,500,2021-09-30 18:02:00,HLMN
11.93,11.94,11.93,11.935,1915,2021-09-30 18:03:00,HLMN
11.94,11.94,11.935,11.94,300,2021-09-30 18:04:00,HLMN
11.935,11.94,11.935,11.935,400,2021-09-30 18:05:00,HLMN
11.94,11.94,11.94,11.94,1147,2021-09-30 18:06:00,HLMN
11.94,11.94,11.94,11.94,300,2021-09-30 18:07:00,HLMN
11.935,11.96,11.935,11.95,2374,2021-09-30 18:08:00,HLMN
11.95,11.955,11.93,11.935,3200,2021-09-30 18:09:00,HLMN
11.935,11.945,11.935,11.945,2900,2021-09-30 18:10:00,HLMN
11.945,11.945,11.945,11.945,300,2021-09-30 18:11:00,HLMN
11.95,11.95,11.945,11.945,500,2021-09-30 18:12:00,HLMN
11.95,11.955,11.945,11.945,900,2021-09-30 18:13:00,HLMN
11.95,11.96,11.95,11.955,3450,2021-09-30 18:14:00,HLMN
11.955,11.955,11.95,11.95,1500,2021-09-30 18:15:00,HLMN
11.95,11.95,11.945,11.945,1000,2021-09-30 18:16:00,HLMN
11.945,11.95,11.945,11.95,606,2021-09-30 18:17:00,HLMN
11.95,11.95,11.945,11.945,632,2021-09-30 18:18:00,HLMN
11.95,11.955,11.945,11.945,753,2021-09-30 18:19:00,HLMN
11.95,11.95,11.945,11.95,600,2021-09-30 18:20:00,HLMN
11.95,11.95,11.95,11.95,300,2021-09-30 18:21:00,HLMN
11.945,11.945,11.925,11.925,2100,2021-09-30 18:22:00,HLMN
11.925,11.95,11.925,11.95,4479,2021-09-30 18:23:00,HLMN
11.95,11.95,11.95,11.95,200,2021-09-30 18:24:00,HLMN
11.95,11.955,11.945,11.95,1028,2021-09-30 18:25:00,HLMN
11.945,11.95,11.945,11.945,300,2021-09-30 18:26:00,HLMN
11.95,11.95,11.945,11.945,293,2021-09-30 18:27:00,HLMN
11.945,11.95,11.94,11.95,400,2021-09-30 18:28:00,HLMN
11.945,11.95,11.94,11.94,516,2021-09-30 18:29:00,HLMN
11.95,11.955,11.95,11.955,1346,2021-09-30 18:30:00,HLMN
11.955,11.96,11.955,11.96,300,2021-09-30 18:32:00,HLMN
11.955,11.96,11.955,11.96,500,2021-09-30 18:33:00,HLMN
11.96,11.97,11.96,11.97,1618,2021-09-30 18:34:00,HLMN
11.965,11.97,11.965,11.965,800,2021-09-30 18:35:00,HLMN
11.96,11.965,11.955,11.955,2002,2021-09-30 18:36:00,HLMN
11.955,11.955,11.955,11.955,200,2021-09-30 18:37:00,HLMN
11.9524,11.96,11.9524,11.96,240,2021-09-30 18:38:00,HLMN
11.96,11.96,11.95,11.955,400,2021-09-30 18:39:00,HLMN
11.96,11.96,11.95,11.96,300,2021-09-30 18:40:00,HLMN
11.955,11.96,11.955,11.96,600,2021-09-30 18:41:00,HLMN
11.96,11.97,11.96,11.96,2613,2021-09-30 18:42:00,HLMN
11.965,11.97,11.95,11.95,1620,2021-09-30 18:43:00,HLMN
11.95,11.955,11.95,11.95,400,2021-09-30 18:44:00,HLMN
11.95,11.96,11.95,11.95,300,2021-09-30 18:45:00,HLMN
11.95,11.96,11.95,11.96,400,2021-09-30 18:46:00,HLMN
11.955,11.96,11.935,11.94,3933,2021-09-30 18:47:00,HLMN
11.94,11.96,11.94,11.96,2137,2021-09-30 18:48:00,HLMN
11.97,11.97,11.97,11.97,200,2021-09-30 18:49:00,HLMN
11.97,11.98,11.97,11.975,2800,2021-09-30 18:50:00,HLMN
11.975,11.975,11.975,11.975,481,2021-09-30 18:51:00,HLMN
11.98,11.98,11.98,11.98,100,2021-09-30 18:52:00,HLMN
11.98,11.98,11.98,11.98,300,2021-09-30 18:53:00,HLMN
11.98,11.98,11.98,11.98,1300,2021-09-30 18:54:00,HLMN
11.975,11.975,11.975,11.975,100,2021-09-30 18:55:00,HLMN
11.98,11.98,11.97,11.97,200,2021-09-30 18:56:00,HLMN
11.98,11.98,11.975,11.975,600,2021-09-30 18:57:00,HLMN
11.975,11.98,11.975,11.98,200,2021-09-30 18:58:00,HLMN
11.975,11.98,11.975,11.975,700,2021-09-30 18:59:00,HLMN
11.97,11.97,11.95,11.95,3756,2021-09-30 19:00:00,HLMN
11.95,11.95,11.945,11.95,4160,2021-09-30 19:01:00,HLMN
11.95,11.95,11.945,11.95,1200,2021-09-30 19:02:00,HLMN
11.95,11.98,11.94,11.98,13339,2021-09-30 19:03:00,HLMN
11.98,11.98,11.975,11.98,1400,2021-09-30 19:04:00,HLMN
11.98,11.99,11.98,11.99,2372,2021-09-30 19:05:00,HLMN
11.99,12.0,11.99,12.0,1300,2021-09-30 19:06:00,HLMN
12.0,12.0,12.0,12.0,100,2021-09-30 19:07:00,HLMN
12.0,12.0,11.995,12.0,973,2021-09-30 19:08:00,HLMN
12.0,12.01,11.995,11.995,34085,2021-09-30 19:09:00,HLMN
11.995,12.005,11.995,12.005,1928,2021-09-30 19:10:00,HLMN
12.005,12.01,12.005,12.01,537,2021-09-30 19:11:00,HLMN
12.0,12.01,12.0,12.01,700,2021-09-30 19:12:00,HLMN
12.01,12.01,11.995,12.0,3283,2021-09-30 19:13:00,HLMN
11.995,12.0,11.995,12.0,800,2021-09-30 19:14:00,HLMN
12.0,12.02,12.0,12.019,3500,2021-09-30 19:15:00,HLMN
12.02,12.02,12.015,12.02,900,2021-09-30 19:16:00,HLMN
12.02,12.02,12.015,12.02,400,2021-09-30 19:17:00,HLMN
12.02,12.025,12.015,12.025,3690,2021-09-30 19:18:00,HLMN
12.025,12.025,12.025,12.025,100,2021-09-30 19:19:00,HLMN
12.025,12.025,12.02,12.025,1000,2021-09-30 19:20:00,HLMN
12.025,12.03,12.02,12.025,600,2021-09-30 19:21:00,HLMN
12.0225,12.03,12.0225,12.025,700,2021-09-30 19:22:00,HLMN
12.03,12.03,12.02,12.025,1900,2021-09-30 19:23:00,HLMN
12.025,12.025,12.02,12.025,700,2021-09-30 19:24:00,HLMN
12.02,12.025,11.97,11.975,43796,2021-09-30 19:25:00,HLMN
11.975,11.975,11.95,11.955,4175,2021-09-30 19:26:00,HLMN
11.95,11.96,11.95,11.955,1000,2021-09-30 19:27:00,HLMN
11.95,11.955,11.95,11.95,1721,2021-09-30 19:28:00,HLMN
11.95,11.955,11.94,11.945,1981,2021-09-30 19:29:00,HLMN
11.94,11.95,11.94,11.95,900,2021-09-30 19:30:00,HLMN
11.94,11.955,11.94,11.955,2200,2021-09-30 19:31:00,HLMN
11.955,11.96,11.955,11.955,500,2021-09-30 19:32:00,HLMN
11.955,11.955,11.95,11.95,200,2021-09-30 19:33:00,HLMN
11.955,11.955,11.95,11.95,1089,2021-09-30 19:34:00,HLMN
11.955,11.955,11.95,11.955,1400,2021-09-30 19:35:00,HLMN
11.955,11.955,11.95,11.955,1700,2021-09-30 19:36:00,HLMN
11.955,11.955,11.955,11.955,1623,2021-09-30 19:37:00,HLMN
11.955,11.955,11.905,11.905,4481,2021-09-30 19:38:00,HLMN
11.9,11.91,11.9,11.9,2519,2021-09-30 19:39:00,HLMN
11.9,11.93,11.89,11.92,8352,2021-09-30 19:40:00,HLMN
11.91,11.91,11.905,11.91,1400,2021-09-30 19:41:00,HLMN
11.905,11.91,11.905,11.91,1680,2021-09-30 19:42:00,HLMN
11.905,11.91,11.901,11.901,1900,2021-09-30 19:43:00,HLMN
11.905,11.915,11.905,11.915,3383,2021-09-30 19:44:00,HLMN
11.905,11.92,11.905,11.92,6572,2021-09-30 19:45:00,HLMN
11.92,11.94,11.915,11.935,5301,2021-09-30 19:46:00,HLMN
11.93,11.935,11.93,11.93,2349,2021-09-30 19:47:00,HLMN
11.93,11.94,11.925,11.94,3574,2021-09-30 19:48:00,HLMN
11.93,11.95,11.93,11.94,3728,2021-09-30 19:49:00,HLMN
11.94,11.94,11.92,11.92,3791,2021-09-30 19:50:00,HLMN
11.925,11.93,11.92,11.925,3561,2021-09-30 19:51:00,HLMN
11.925,11.925,11.89,11.9,11317,2021-09-30 19:52:00,HLMN
11.89,11.91,11.87,11.905,8293,2021-09-30 19:53:00,HLMN
11.91,11.92,11.9,11.91,10964,2021-09-30 19:54:00,HLMN
11.91,11.91,11.9,11.91,2955,2021-09-30 19:55:00,HLMN
11.91,11.91,11.9,11.905,5296,2021-09-30 19:56:00,HLMN
11.9,11.92,11.9,11.915,14000,2021-09-30 19:57:00,HLMN
11.92,11.93,11.92,11.92,10186,2021-09-30 19:58:00,HLMN
11.925,11.93,11.91,11.93,19247,2021-09-30 19:59:00,HLMN
11.93,11.93,11.93,11.93,89338,2021-09-30 20:00:00,HLMN
11.93,11.93,11.93,11.93,3165,2021-10-01 13:30:00,HLMN
11.93,11.93,11.93,11.93,254,2021-10-01 13:32:00,HLMN
11.93,11.93,11.895,11.895,800,2021-10-01 13:37:00,HLMN
11.93,11.93,11.93,11.93,400,2021-10-01 13:38:00,HLMN
11.9,11.93,11.9,11.93,1700,2021-10-01 13:39:00,HLMN
11.93,11.96,11.93,11.96,2147,2021-10-01 13:40:00,HLMN
11.95,11.95,11.93,11.93,1300,2021-10-01 13:41:00,HLMN
11.92,11.93,11.91,11.93,2800,2021-10-01 13:44:00,HLMN
11.94,12.0,11.94,12.0,22297,2021-10-01 13:46:00,HLMN
12.0,12.01,12.0,12.01,1100,2021-10-01 13:47:00,HLMN
12.02,12.03,11.99,11.99,6200,2021-10-01 13:48:00,HLMN
11.97,11.98,11.97,11.97,900,2021-10-01 13:49:00,HLMN
11.96,11.96,11.96,11.96,100,2021-10-01 13:50:00,HLMN
11.97,11.97,11.93,11.94,400,2021-10-01 13:51:00,HLMN
11.93,11.93,11.93,11.93,100,2021-10-01 13:53:00,HLMN
11.93,11.94,11.93,11.94,3645,2021-10-01 13:54:00,HLMN
11.93,11.93,11.89,11.9,13458,2021-10-01 13:55:00,HLMN
11.875,11.875,11.875,11.875,400,2021-10-01 13:57:00,HLMN
11.86,11.86,11.78,11.79,13279,2021-10-01 13:58:00,HLMN
11.8,11.8,11.8,11.8,300,2021-10-01 13:59:00,HLMN
11.79,11.88,11.735,11.735,21653,2021-10-01 14:00:00,HLMN
11.71,11.83,11.71,11.77,7749,2021-10-01 14:01:00,HLMN
11.785,11.785,11.785,11.785,300,2021-10-01 14:02:00,HLMN
11.785,11.785,11.77,11.78,1875,2021-10-01 14:03:00,HLMN
11.78,11.78,11.73,11.75,3237,2021-10-01 14:04:00,HLMN
11.735,11.735,11.7,11.72,1260,2021-10-01 14:05:00,HLMN
11.72,11.78,11.72,11.76,2338,2021-10-01 14:06:00,HLMN
11.7799,11.78,11.75,11.75,4677,2021-10-01 14:07:00,HLMN
11.74,11.75,11.74,11.7499,2815,2021-10-01 14:08:00,HLMN
11.75,11.75,11.75,11.75,1000,2021-10-01 14:09:00,HLMN
11.75,11.76,11.74,11.76,1136,2021-10-01 14:10:00,HLMN
11.75,11.75,11.75,11.75,100,2021-10-01 14:12:00,HLMN
11.76,11.78,11.759,11.78,1500,2021-10-01 14:13:00,HLMN
11.77,11.77,11.72,11.75,27480,2021-10-01 14:14:00,HLMN
11.735,11.75,11.67,11.67,8101,2021-10-01 14:15:00,HLMN
11.67,11.7,11.65,11.7,10261,2021-10-01 14:16:00,HLMN
11.69,11.7,11.69,11.7,3548,2021-10-01 14:17:00,HLMN
11.7,11.7,11.69,11.69,1300,2021-10-01 14:18:00,HLMN
11.7,11.7,11.69,11.69,1128,2021-10-01 14:19:00,HLMN
11.69,11.71,11.69,11.71,4680,2021-10-01 14:20:00,HLMN
11.715,11.72,11.71,11.72,4272,2021-10-01 14:21:00,HLMN
11.715,11.715,11.715,11.715,100,2021-10-01 14:22:00,HLMN
11.715,11.715,11.695,11.695,8545,2021-10-01 14:23:00,HLMN
11.695,11.6976,11.68,11.6976,1100,2021-10-01 14:24:00,HLMN
11.7,11.7,11.6976,11.7,3000,2021-10-01 14:25:00,HLMN
11.71,11.72,11.71,11.72,1200,2021-10-01 14:26:00,HLMN
11.73,11.79,11.73,11.79,1700,2021-10-01 14:27:00,HLMN
11.775,11.79,11.775,11.775,1000,2021-10-01 14:28:00,HLMN
11.775,11.79,11.775,11.79,700,2021-10-01 14:29:00,HLMN
11.775,11.79,11.775,11.785,1100,2021-10-01 14:30:00,HLMN
11.79,11.79,11.78,11.79,600,2021-10-01 14:31:00,HLMN
11.79,11.81,11.78,11.81,12112,2021-10-01 14:32:00,HLMN
11.81,11.83,11.81,11.83,900,2021-10-01 14:33:00,HLMN
11.82,11.82,11.77,11.77,8596,2021-10-01 14:34:00,HLMN
11.78,11.78,11.78,11.78,500,2021-10-01 14:35:00,HLMN
11.77,11.78,11.765,11.78,1979,2021-10-01 14:37:00,HLMN
11.77,11.79,11.77,11.785,7059,2021-10-01 14:38:00,HLMN
11.785,11.79,11.78,11.78,2182,2021-10-01 14:39:00,HLMN
11.77,11.81,11.77,11.81,14000,2021-10-01 14:40:00,HLMN
11.8,11.82,11.79,11.82,5700,2021-10-01 14:41:00,HLMN
11.82,11.82,11.805,11.805,300,2021-10-01 14:42:00,HLMN
11.8,11.82,11.79,11.8,22794,2021-10-01 14:43:00,HLMN
11.8,11.8,11.79,11.795,5500,2021-10-01 14:44:00,HLMN
11.795,11.8,11.795,11.8,2600,2021-10-01 14:45:00,HLMN
11.795,11.81,11.77,11.77,6249,2021-10-01 14:46:00,HLMN
11.77,11.77,11.76,11.76,1175,2021-10-01 14:47:00,HLMN
11.7759,11.78,11.76,11.76,1133,2021-10-01 14:48:00,HLMN
11.77,11.78,11.77,11.78,300,2021-10-01 14:49:00,HLMN
11.78,11.78,11.77,11.78,500,2021-10-01 14:50:00,HLMN
11.78,11.78,11.775,11.78,400,2021-10-01 14:51:00,HLMN
11.78,11.78,11.78,11.78,200,2021-10-01 14:52:00,HLMN
11.78,11.8,11.78,11.795,6053,2021-10-01 14:53:00,HLMN
11.8,11.8,11.79,11.8,10275,2021-10-01 14:55:00,HLMN
11.79,11.8,11.79,11.79,5180,2021-10-01 14:56:00,HLMN
11.795,11.795,11.795,11.795,100,2021-10-01 14:58:00,HLMN
11.8,11.8,11.8,11.8,400,2021-10-01 14:59:00,HLMN
11.795,11.805,11.79,11.79,3882,2021-10-01 15:00:00,HLMN
11.79,11.8,11.77,11.79,15806,2021-10-01 15:01:00,HLMN
11.79,11.8,11.79,11.8,300,2021-10-01 15:02:00,HLMN
11.8,11.8,11.8,11.8,300,2021-10-01 15:03:00,HLMN
11.8025,11.805,11.8,11.805,1700,2021-10-01 15:04:00,HLMN
11.809,11.809,11.809,11.809,106,2021-10-01 15:06:00,HLMN
11.81,11.815,11.79,11.79,13624,2021-10-01 15:07:00,HLMN
11.79,11.79,11.79,11.79,100,2021-10-01 15:08:00,HLMN
11.79,11.795,11.76,11.76,2801,2021-10-01 15:09:00,HLMN
11.76,11.79,11.76,11.79,3353,2021-10-01 15:10:00,HLMN
11.79,11.8,11.77,11.79,2157,2021-10-01 15:11:00,HLMN
11.78,11.78,11.77,11.77,1800,2021-10-01 15:12:00,HLMN
11.77,11.775,11.77,11.77,3409,2021-10-01 15:13:00,HLMN
11.775,11.8,11.775,11.8,4267,2021-10-01 15:14:00,HLMN
11.8,11.8,11.8,11.8,991,2021-10-01 15:15:00,HLMN
11.8,11.83,11.8,11.83,2999,2021-10-01 15:16:00,HLMN
11.82,11.83,11.82,11.83,442,2021-10-01 15:18:00,HLMN
11.83,11.83,11.825,11.825,200,2021-10-01 15:20:00,HLMN
11.825,11.84,11.825,11.84,2000,2021-10-01 15:21:00,HLMN
11.84,11.85,11.84,11.85,1099,2021-10-01 15:22:00,HLMN
11.845,11.845,11.845,11.845,200,2021-10-01 15:23:00,HLMN
11.85,11.85,11.85,11.85,100,2021-10-01 15:25:00,HLMN
11.845,11.85,11.84,11.845,1926,2021-10-01 15:26:00,HLMN
11.845,11.85,11.845,11.845,400,2021-10-01 15:27:00,HLMN
11.845,11.86,11.81,11.81,20044,2021-10-01 15:28:00,HLMN
11.815,11.815,11.815,11.815,100,2021-10-01 15:29:00,HLMN
11.82,11.82,11.82,11.82,100,2021-10-01 15:30:00,HLMN
11.82,11.82,11.81,11.81,400,2021-10-01 15:31:00,HLMN
11.815,11.815,11.815,11.815,200,2021-10-01 15:32:00,HLMN
11.82,11.825,11.815,11.815,3491,2021-10-01 15:33:00,HLMN
11.81,11.815,11.81,11.815,700,2021-10-01 15:34:00,HLMN
11.815,11.82,11.815,11.82,300,2021-10-01 15:36:00,HLMN
11.815,11.815,11.815,11.815,100,2021-10-01 15:37:00,HLMN
11.815,11.815,11.815,11.815,200,2021-10-01 15:38:00,HLMN
11.815,11.82,11.815,11.82,300,2021-10-01 15:39:00,HLMN
11.81,11.82,11.81,11.815,300,2021-10-01 15:41:00,HLMN
11.82,11.82,11.82,11.82,2181,2021-10-01 15:42:00,HLMN
11.82,11.82,11.82,11.82,300,2021-10-01 15:43:00,HLMN
11.82,11.83,11.82,11.83,1164,2021-10-01 15:44:00,HLMN
11.83,11.83,11.83,11.83,200,2021-10-01 15:45:00,HLMN
11.83,11.83,11.825,11.825,300,2021-10-01 15:46:00,HLMN
11.825,11.83,11.825,11.83,300,2021-10-01 15:47:00,HLMN
11.83,11.83,11.83,11.83,200,2021-10-01 15:48:00,HLMN
11.82,11.82,11.81,11.815,2868,2021-10-01 15:49:00,HLMN
11.81,11.81,11.81,11.81,200,2021-10-01 15:50:00,HLMN
11.81,11.815,11.81,11.815,200,2021-10-01 15:51:00,HLMN
11.815,11.82,11.81,11.82,1200,2021-10-01 15:52:00,HLMN
11.815,11.82,11.815,11.82,400,2021-10-01 15:53:00,HLMN
11.815,11.82,11.81,11.82,300,2021-10-01 15:54:00,HLMN
11.82,11.82,11.815,11.82,300,2021-10-01 15:55:00,HLMN
11.815,11.815,11.815,11.815,200,2021-10-01 15:56:00,HLMN
11.82,11.82,11.805,11.82,9307,2021-10-01 15:57:00,HLMN
11.82,11.82,11.81,11.81,1800,2021-10-01 15:58:00,HLMN
11.81,11.82,11.81,11.82,300,2021-10-01 15:59:00,HLMN
11.82,11.84,11.81,11.83,4086,2021-10-01 16:00:00,HLMN
11.82,11.825,11.82,11.825,700,2021-10-01 16:01:00,HLMN
11.83,11.83,11.83,11.83,100,2021-10-01 16:02:00,HLMN
11.83,11.83,11.81,11.81,1700,2021-10-01 16:03:00,HLMN
11.815,11.815,11.815,11.815,300,2021-10-01 16:04:00,HLMN
11.815,11.82,11.815,11.82,200,2021-10-01 16:06:00,HLMN
11.82,11.82,11.81,11.81,900,2021-10-01 16:07:00,HLMN
11.82,11.82,11.815,11.815,300,2021-10-01 16:08:00,HLMN
11.815,11.815,11.815,11.815,200,2021-10-01 16:09:00,HLMN
11.81,11.815,11.805,11.805,4053,2021-10-01 16:10:00,HLMN
11.8,11.81,11.8,11.805,847,2021-10-01 16:11:00,HLMN
11.8,11.81,11.8,11.81,200,2021-10-01 16:12:00,HLMN
11.805,11.81,11.805,11.81,2380,2021-10-01 16:13:00,HLMN
11.805,11.805,11.805,11.805,100,2021-10-01 16:14:00,HLMN
11.8048,11.81,11.8,11.81,6310,2021-10-01 16:15:00,HLMN
11.8,11.805,11.8,11.805,300,2021-10-01 16:17:00,HLMN
11.8,11.8,11.77,11.77,2332,2021-10-01 16:18:00,HLMN
11.77,11.78,11.77,11.78,400,2021-10-01 16:19:00,HLMN
11.775,11.775,11.77,11.77,700,2021-10-01 16:20:00,HLMN
11.78,11.78,11.775,11.78,2216,2021-10-01 16:21:00,HLMN
11.78,11.79,11.78,11.79,2253,2021-10-01 16:22:00,HLMN
11.79,11.81,11.79,11.81,6853,2021-10-01 16:23:00,HLMN
11.81,11.84,11.81,11.81,5092,2021-10-01 16:24:00,HLMN
11.81,11.815,11.81,11.815,500,2021-10-01 16:25:00,HLMN
11.82,11.82,11.82,11.82,100,2021-10-01 16:26:00,HLMN
11.815,11.86,11.81,11.81,17025,2021-10-01 16:29:00,HLMN
11.83,11.83,11.81,11.83,899,2021-10-01 16:30:00,HLMN
11.83,11.83,11.83,11.83,100,2021-10-01 16:32:00,HLMN
11.825,11.83,11.8,11.81,8663,2021-10-01 16:33:00,HLMN
11.805,11.81,11.785,11.785,2824,2021-10-01 16:34:00,HLMN
11.79,11.79,11.79,11.79,100,2021-10-01 16:35:00,HLMN
11.79,11.795,11.775,11.78,3609,2021-10-01 16:36:00,HLMN
11.785,11.8,11.77,11.78,16825,2021-10-01 16:37:00,HLMN
11.78,11.785,11.78,11.785,200,2021-10-01 16:39:00,HLMN
11.79,11.79,11.785,11.79,700,2021-10-01 16:40:00,HLMN
11.79,11.79,11.785,11.785,400,2021-10-01 16:41:00,HLMN
11.79,11.81,11.79,11.8,11700,2021-10-01 16:42:00,HLMN
11.805,11.805,11.805,11.805,100,2021-10-01 16:43:00,HLMN
11.8,11.805,11.78,11.78,5786,2021-10-01 16:44:00,HLMN
11.77,11.79,11.77,11.79,1300,2021-10-01 16:45:00,HLMN
11.785,11.79,11.785,11.79,318,2021-10-01 16:46:00,HLMN
11.785,11.785,11.785,11.785,100,2021-10-01 16:47:00,HLMN
11.785,11.785,11.77,11.77,601,2021-10-01 16:48:00,HLMN
11.77,11.77,11.77,11.77,200,2021-10-01 16:49:00,HLMN
11.78,11.78,11.78,11.78,100,2021-10-01 16:51:00,HLMN
11.78,11.78,11.77,11.77,1100,2021-10-01 16:52:00,HLMN
11.77,11.77,11.77,11.77,200,2021-10-01 16:53:00,HLMN
11.78,11.785,11.78,11.78,1900,2021-10-01 16:54:00,HLMN
11.78,11.8,11.78,11.8,3892,2021-10-01 16:56:00,HLMN
11.8,11.8,11.79,11.79,700,2021-10-01 16:58:00,HLMN
11.79,11.79,11.79,11.79,528,2021-10-01 16:59:00,HLMN
11.79,11.8,11.79,11.8,1480,2021-10-01 17:00:00,HLMN
11.795,11.795,11.795,11.795,300,2021-10-01 17:01:00,HLMN
11.8,11.8,11.8,11.8,100,2021-10-01 17:02:00,HLMN
11.795,11.8,11.79,11.8,400,2021-10-01 17:03:00,HLMN
11.79,11.8,11.79,11.795,347,2021-10-01 17:04:00,HLMN
11.795,11.8,11.79,11.795,966,2021-10-01 17:05:00,HLMN
11.8,11.8,11.79,11.79,1100,2021-10-01 17:06:00,HLMN
11.795,11.795,11.79,11.79,500,2021-10-01 17:07:00,HLMN
11.795,11.795,11.79,11.79,400,2021-10-01 17:08:00,HLMN
11.795,11.8,11.795,11.8,400,2021-10-01 17:09:00,HLMN
11.8,11.81,11.79,11.8,7881,2021-10-01 17:10:00,HLMN
11.8,11.8,11.8,11.8,100,2021-10-01 17:11:00,HLMN
11.79,11.8,11.79,11.8,400,2021-10-01 17:12:00,HLMN
11.795,11.805,11.79,11.8,11022,2021-10-01 17:13:00,HLMN
11.7999,11.8,11.7999,11.8,950,2021-10-01 17:14:00,HLMN
11.8,11.8,11.78,11.78,11122,2021-10-01 17:15:00,HLMN
11.8,11.8,11.78,11.79,600,2021-10-01 17:16:00,HLMN
11.79,11.8,11.79,11.8,2847,2021-10-01 17:18:00,HLMN
11.79,11.8,11.79,11.8,500,2021-10-01 17:19:00,HLMN
11.79,11.8,11.79,11.7961,597,2021-10-01 17:20:00,HLMN
11.8,11.8,11.795,11.8,600,2021-10-01 17:21:00,HLMN
11.795,11.795,11.79,11.795,600,2021-10-01 17:22:00,HLMN
11.8,11.8,11.795,11.795,400,2021-10-01 17:23:00,HLMN
11.79,11.8,11.79,11.79,400,2021-10-01 17:24:00,HLMN
11.79,11.805,11.79,11.8,10500,2021-10-01 17:25:00,HLMN
11.81,11.81,11.8,11.8,2700,2021-10-01 17:26:00,HLMN
11.805,11.805,11.8,11.805,300,2021-10-01 17:27:00,HLMN
11.805,11.805,11.79,11.8,9677,2021-10-01 17:28:00,HLMN
11.805,11.81,11.805,11.81,400,2021-10-01 17:30:00,HLMN
11.8,11.81,11.8,11.81,400,2021-10-01 17:31:00,HLMN
11.805,11.82,11.805,11.815,4089,2021-10-01 17:32:00,HLMN
11.82,11.83,11.82,11.83,2300,2021-10-01 17:34:00,HLMN
11.83,11.83,11.82,11.83,700,2021-10-01 17:35:00,HLMN
11.83,11.83,11.83,11.83,100,2021-10-01 17:36:00,HLMN
11.83,11.83,11.83,11.83,200,2021-10-01 17:37:00,HLMN
11.825,11.83,11.825,11.83,300,2021-10-01 17:38:00,HLMN
11.825,11.83,11.825,11.83,400,2021-10-01 17:39:00,HLMN
11.83,11.84,11.83,11.835,2603,2021-10-01 17:40:00,HLMN
11.835,11.84,11.835,11.84,500,2021-10-01 17:41:00,HLMN
11.83,11.835,11.82,11.825,1400,2021-10-01 17:42:00,HLMN
11.82,11.82,11.82,11.82,100,2021-10-01 17:43:00,HLMN
11.82,11.825,11.82,11.82,500,2021-10-01 17:44:00,HLMN
11.825,11.825,11.825,11.825,100,2021-10-01 17:45:00,HLMN
11.83,11.84,11.83,11.835,2900,2021-10-01 17:46:00,HLMN
11.83,11.84,11.83,11.84,400,2021-10-01 17:47:00,HLMN
11.84,11.85,11.84,11.845,2975,2021-10-01 17:48:00,HLMN
11.85,11.85,11.85,11.85,200,2021-10-01 17:49:00,HLMN
11.845,11.85,11.845,11.85,300,2021-10-01 17:50:00,HLMN
11.85,11.85,11.8431,11.85,747,2021-10-01 17:51:00,HLMN
11.85,11.85,11.84,11.85,600,2021-10-01 17:52:00,HLMN
11.845,11.85,11.845,11.85,600,2021-10-01 17:53:00,HLMN
11.845,11.85,11.845,11.85,392,2021-10-01 17:54:00,HLMN
11.845,11.85,11.845,11.85,200,2021-10-01 17:55:00,HLMN
11.84,11.845,11.83,11.835,1737,2021-10-01 17:56:00,HLMN
11.83,11.84,11.83,11.84,2898,2021-10-01 17:57:00,HLMN
11.835,11.835,11.83,11.835,1400,2021-10-01 17:58:00,HLMN
11.84,11.84,11.83,11.83,918,2021-10-01 17:59:00,HLMN
11.83,11.835,11.83,11.835,700,2021-10-01 18:00:00,HLMN
11.83,11.835,11.83,11.835,400,2021-10-01 18:01:00,HLMN
11.83,11.835,11.83,11.835,400,2021-10-01 18:02:00,HLMN
11.83,11.835,11.83,11.83,600,2021-10-01 18:03:00,HLMN
11.835,11.835,11.83,11.83,1000,2021-10-01 18:04:00,HLMN
11.83,11.835,11.83,11.835,200,2021-10-01 18:05:00,HLMN
11.835,11.835,11.83,11.83,300,2021-10-01 18:06:00,HLMN
11.835,11.84,11.83,11.83,800,2021-10-01 18:07:00,HLMN
11.835,11.835,11.83,11.835,600,2021-10-01 18:08:00,HLMN
11.835,11.84,11.83,11.83,2100,2021-10-01 18:09:00,HLMN
11.83,11.84,11.83,11.84,300,2021-10-01 18:10:00,HLMN
11.835,11.84,11.835,11.835,300,2021-10-01 18:11:00,HLMN
11.84,11.84,11.83,11.835,1000,2021-10-01 18:12:00,HLMN
11.83,11.835,11.83,11.83,3259,2021-10-01 18:13:00,HLMN
11.835,11.84,11.8,11.84,21796,2021-10-01 18:14:00,HLMN
11.835,11.85,11.835,11.85,3723,2021-10-01 18:15:00,HLMN
11.85,11.85,11.845,11.85,800,2021-10-01 18:16:00,HLMN
11.85,11.85,11.85,11.85,600,2021-10-01 18:17:00,HLMN
11.85,11.885,11.85,11.87,15104,2021-10-01 18:18:00,HLMN
11.86,11.87,11.82,11.86,10042,2021-10-01 18:19:00,HLMN
11.88,11.88,11.87,11.88,900,2021-10-01 18:21:00,HLMN
11.88,11.89,11.87,11.885,3532,2021-10-01 18:22:00,HLMN
11.87,11.89,11.87,11.89,633,2021-10-01 18:23:00,HLMN
11.88,11.89,11.87,11.89,13849,2021-10-01 18:24:00,HLMN
11.885,11.885,11.87,11.875,3600,2021-10-01 18:25:00,HLMN
11.875,11.88,11.875,11.88,200,2021-10-01 18:26:00,HLMN
11.875,11.875,11.875,11.875,100,2021-10-01 18:27:00,HLMN
11.87,11.875,11.86,11.86,1246,2021-10-01 18:28:00,HLMN
11.86,11.86,11.86,11.86,200,2021-10-01 18:29:00,HLMN
11.86,11.865,11.86,11.86,1100,2021-10-01 18:30:00,HLMN
11.86,11.86,11.85,11.85,2617,2021-10-01 18:31:00,HLMN
11.85,11.855,11.85,11.855,603,2021-10-01 18:32:00,HLMN
11.85,11.855,11.85,11.85,700,2021-10-01 18:33:00,HLMN
11.85,11.855,11.85,11.85,800,2021-10-01 18:34:00,HLMN
11.85,11.85,11.84,11.84,700,2021-10-01 18:35:00,HLMN
11.85,11.85,11.84,11.85,900,2021-10-01 18:36:00,HLMN
11.85,11.85,11.84,11.84,1300,2021-10-01 18:37:00,HLMN
11.85,11.85,11.84,11.84,900,2021-10-01 18:38:00,HLMN
11.84,11.845,11.84,11.84,400,2021-10-01 18:39:00,HLMN
11.845,11.845,11.82,11.82,2445,2021-10-01 18:40:00,HLMN
11.81,11.82,11.79,11.79,1200,2021-10-01 18:41:00,HLMN
11.79,11.8,11.78,11.78,848,2021-10-01 18:42:00,HLMN
11.78,11.79,11.78,11.78,600,2021-10-01 18:43:00,HLMN
11.78,11.78,11.77,11.77,1500,2021-10-01 18:44:00,HLMN
11.77,11.77,11.76,11.765,500,2021-10-01 18:45:00,HLMN
11.76,11.78,11.76,11.78,2352,2021-10-01 18:46:00,HLMN
11.76,11.78,11.76,11.77,1100,2021-10-01 18:47:00,HLMN
11.76,11.78,11.76,11.775,3553,2021-10-01 18:48:00,HLMN
11.78,11.78,11.775,11.775,750,2021-10-01 18:49:00,HLMN
11.775,11.78,11.775,11.78,300,2021-10-01 18:50:00,HLMN
11.78,11.78,11.775,11.775,300,2021-10-01 18:51:00,HLMN
11.775,11.78,11.775,11.78,554,2021-10-01 18:52:00,HLMN
11.775,11.78,11.775,11.78,400,2021-10-01 18:53:00,HLMN
11.78,11.78,11.775,11.78,532,2021-10-01 18:54:00,HLMN
11.78,11.78,11.78,11.78,1400,2021-10-01 18:55:00,HLMN
11.785,11.79,11.785,11.785,700,2021-10-01 18:56:00,HLMN
11.785,11.785,11.785,11.785,200,2021-10-01 18:58:00,HLMN
11.785,11.79,11.78,11.785,400,2021-10-01 18:59:00,HLMN
11.785,11.79,11.78,11.79,400,2021-10-01 19:00:00,HLMN
11.785,11.785,11.78,11.78,900,2021-10-01 19:01:00,HLMN
11.785,11.785,11.77,11.77,800,2021-10-01 19:02:00,HLMN
11.77,11.77,11.77,11.77,100,2021-10-01 19:03:00,HLMN
11.775,11.78,11.77,11.775,1300,2021-10-01 19:04:00,HLMN
11.775,11.775,11.775,11.775,700,2021-10-01 19:05:00,HLMN
11.77,11.775,11.77,11.775,400,2021-10-01 19:06:00,HLMN
11.775,11.78,11.775,11.775,620,2021-10-01 19:07:00,HLMN
11.775,11.78,11.775,11.775,1800,2021-10-01 19:08:00,HLMN
11.775,11.78,11.775,11.775,300,2021-10-01 19:09:00,HLMN
11.775,11.78,11.77,11.77,1000,2021-10-01 19:10:00,HLMN
11.78,11.78,11.77,11.77,1300,2021-10-01 19:11:00,HLMN
11.775,11.775,11.77,11.775,500,2021-10-01 19:12:00,HLMN
11.775,11.775,11.77,11.77,1200,2021-10-01 19:13:00,HLMN
11.775,11.775,11.77,11.775,1400,2021-10-01 19:14:00,HLMN
11.775,11.8,11.77,11.785,5945,2021-10-01 19:15:00,HLMN
11.79,11.79,11.78,11.78,1200,2021-10-01 19:16:00,HLMN
11.79,11.79,11.78,11.78,3011,2021-10-01 19:17:00,HLMN
11.78,11.785,11.77,11.775,2789,2021-10-01 19:18:00,HLMN
11.775,11.78,11.77,11.775,1200,2021-10-01 19:19:00,HLMN
11.775,11.775,11.77,11.775,1400,2021-10-01 19:20:00,HLMN
11.77,11.775,11.77,11.77,800,2021-10-01 19:21:00,HLMN
11.775,11.775,11.77,11.77,1500,2021-10-01 19:22:00,HLMN
11.775,11.78,11.775,11.775,1700,2021-10-01 19:23:00,HLMN
11.78,11.78,11.78,11.78,100,2021-10-01 19:24:00,HLMN
11.775,11.78,11.77,11.77,2200,2021-10-01 19:25:00,HLMN
11.775,11.775,11.74,11.75,6138,2021-10-01 19:26:00,HLMN
11.74,11.75,11.74,11.75,1000,2021-10-01 19:27:00,HLMN
11.74,11.75,11.74,11.74,400,2021-10-01 19:28:00,HLMN
11.76,11.76,11.75,11.75,500,2021-10-01 19:29:00,HLMN
11.75,11.75,11.74,11.74,3000,2021-10-01 19:30:00,HLMN
11.75,11.75,11.74,11.75,2100,2021-10-01 19:31:00,HLMN
11.75,11.78,11.745,11.78,14401,2021-10-01 19:32:00,HLMN
11.775,11.78,11.77,11.775,4217,2021-10-01 19:33:00,HLMN
11.775,11.8,11.775,11.8,5070,2021-10-01 19:34:00,HLMN
11.795,11.8,11.79,11.8,1300,2021-10-01 19:35:00,HLMN
11.8,11.8,11.79,11.79,1100,2021-10-01 19:36:00,HLMN
11.795,11.8,11.79,11.79,1900,2021-10-01 19:37:00,HLMN
11.795,11.8,11.79,11.795,1102,2021-10-01 19:38:00,HLMN
11.79,11.795,11.78,11.78,6850,2021-10-01 19:39:00,HLMN
11.785,11.785,11.75,11.75,14446,2021-10-01 19:40:00,HLMN
11.755,11.755,11.74,11.74,5490,2021-10-01 19:41:00,HLMN
11.75,11.75,11.74,11.745,7138,2021-10-01 19:42:00,HLMN
11.75,11.75,11.745,11.75,2000,2021-10-01 19:43:00,HLMN
11.75,11.75,11.745,11.745,1300,2021-10-01 19:44:00,HLMN
11.745,11.75,11.745,11.745,2000,2021-10-01 19:45:00,HLMN
11.745,11.75,11.74,11.75,5439,2021-10-01 19:46:00,HLMN
11.745,11.75,11.735,11.74,5068,2021-10-01 19:47:00,HLMN
11.74,11.74,11.725,11.725,4413,2021-10-01 19:48:00,HLMN
11.72,11.73,11.72,11.72,3383,2021-10-01 19:49:00,HLMN
11.725,11.73,11.72,11.73,8627,2021-10-01 19:50:00,HLMN
11.725,11.73,11.72,11.72,2990,2021-10-01 19:51:00,HLMN
11.73,11.73,11.7,11.71,9361,2021-10-01 19:52:00,HLMN
11.7,11.72,11.7,11.71,4600,2021-10-01 19:53:00,HLMN
11.7,11.72,11.7,11.71,4934,2021-10-01 19:54:00,HLMN
11.72,11.72,11.7,11.705,5873,2021-10-01 19:55:00,HLMN
11.71,11.71,11.7,11.71,6226,2021-10-01 19:56:00,HLMN
11.7,11.71,11.7,11.705,8606,2021-10-01 19:57:00,HLMN
11.7,11.71,11.69,11.7,10799,2021-10-01 19:58:00,HLMN
11.7,11.71,11.69,11.69,22228,2021-10-01 19:59:00,HLMN
11.69,11.69,11.69,11.69,37531,2021-10-01 20:00:00,HLMN
