open,high,low,close,volume,datetime,symbol
4.17,4.17,4.17,4.17,746,2021-08-23 13:30:00,MOVE
4.19,4.19,4.19,4.19,100,2021-08-23 13:40:00,MOVE
4.3,4.3,4.3,4.3,300,2021-08-23 14:07:00,MOVE
4.19,4.19,4.19,4.19,530,2021-08-23 14:11:00,MOVE
4.23,4.25,4.23,4.25,2985,2021-08-23 15:52:00,MOVE
4.165,4.165,4.165,4.165,500,2021-08-23 16:07:00,MOVE
4.165,4.165,4.0801,4.09,1500,2021-08-23 16:30:00,MOVE
4.165,4.165,4.165,4.165,1500,2021-08-23 18:09:00,MOVE
4.2499,4.2499,4.2499,4.2499,1500,2021-08-23 18:15:00,MOVE
4.1539,4.1539,4.1539,4.1539,150,2021-08-23 18:16:00,MOVE
4.165,4.165,4.15,4.15,715,2021-08-23 18:40:00,MOVE
4.225,4.225,4.225,4.225,331,2021-08-23 18:42:00,MOVE
4.225,4.225,4.225,4.225,800,2021-08-23 19:27:00,MOVE
4.225,4.225,4.225,4.225,200,2021-08-23 19:32:00,MOVE
4.225,4.225,4.225,4.225,600,2021-08-23 19:38:00,MOVE
4.225,4.225,4.225,4.225,900,2021-08-23 19:43:00,MOVE
4.225,4.225,4.225,4.225,400,2021-08-23 19:45:00,MOVE
4.225,4.225,4.225,4.225,200,2021-08-23 19:50:00,MOVE
4.22,4.25,4.22,4.2499,3686,2021-08-23 19:56:00,MOVE
4.17,4.17,4.17,4.17,305,2021-08-24 13:30:00,MOVE
4.115,4.115,4.115,4.115,100,2021-08-24 13:43:00,MOVE
4.1111,4.1111,4.1111,4.1111,1000,2021-08-24 13:45:00,MOVE
4.2357,4.2357,4.2357,4.2357,236,2021-08-24 13:50:00,MOVE
4.11,4.12,4.11,4.12,1186,2021-08-24 14:41:00,MOVE
4.115,4.133,4.1,4.133,3000,2021-08-24 15:10:00,MOVE
4.11,4.11,4.11,4.11,100,2021-08-24 15:26:00,MOVE
4.1,4.1,4.1,4.1,1000,2021-08-24 15:37:00,MOVE
4.1,4.1,4.1,4.1,809,2021-08-24 15:54:00,MOVE
4.1,4.1,4.1,4.1,967,2021-08-24 15:56:00,MOVE
4.12,4.12,4.12,4.12,100,2021-08-24 16:26:00,MOVE
4.12,4.12,4.12,4.12,184,2021-08-24 16:53:00,MOVE
4.1103,4.1103,4.1,4.1,2859,2021-08-24 16:59:00,MOVE
4.1,4.1,4.01,4.01,600,2021-08-24 17:11:00,MOVE
4.06,4.06,4.06,4.06,200,2021-08-24 17:56:00,MOVE
4.1033,4.1033,4.1033,4.1033,100,2021-08-24 17:57:00,MOVE
4.0193,4.0193,4.0193,4.0193,110,2021-08-24 18:00:00,MOVE
4.1089,4.1089,4.1089,4.1089,494,2021-08-24 18:09:00,MOVE
4.11,4.13,4.09,4.12,1705,2021-08-24 18:14:00,MOVE
4.16,4.16,4.16,4.16,500,2021-08-24 18:20:00,MOVE
4.06,4.06,4.06,4.06,127,2021-08-24 19:59:00,MOVE
4.71,4.71,4.71,4.71,995,2021-08-25 11:43:00,MOVE
4.3,4.4665,4.3,4.4665,729,2021-08-25 13:30:00,MOVE
4.2727,4.2727,4.2727,4.2727,500,2021-08-25 13:44:00,MOVE
4.2591,4.2591,4.2591,4.2591,1000,2021-08-25 13:57:00,MOVE
4.35,4.35,4.35,4.35,900,2021-08-25 14:27:00,MOVE
4.28,4.28,4.26,4.26,400,2021-08-25 15:09:00,MOVE
4.3616,4.3616,4.3616,4.3616,220,2021-08-25 15:30:00,MOVE
4.3103,4.355,4.3103,4.355,400,2021-08-25 16:12:00,MOVE
4.32,4.32,4.31,4.32,939,2021-08-25 16:13:00,MOVE
4.31,4.31,4.31,4.31,100,2021-08-25 16:26:00,MOVE
4.32,4.32,4.32,4.32,159,2021-08-25 16:30:00,MOVE
4.3738,4.3738,4.3738,4.3738,100,2021-08-25 16:55:00,MOVE
4.36,4.36,4.36,4.36,250,2021-08-25 17:28:00,MOVE
4.38,4.38,4.38,4.38,100,2021-08-25 18:41:00,MOVE
4.38,4.38,4.38,4.38,200,2021-08-25 18:54:00,MOVE
4.355,4.355,4.355,4.355,200,2021-08-25 19:17:00,MOVE
4.34,4.34,4.34,4.34,100,2021-08-25 19:56:00,MOVE
4.37,4.4,4.37,4.4,588,2021-08-25 19:57:00,MOVE
4.4,4.4,4.4,4.4,200,2021-08-25 19:59:00,MOVE
4.3,4.3,4.3,4.3,413,2021-08-25 20:00:00,MOVE
4.2,4.2,4.2,4.2,1623,2021-08-26 13:30:00,MOVE
4.15,4.15,4.15,4.15,432,2021-08-26 13:36:00,MOVE
4.1,4.1,4.1,4.1,2473,2021-08-26 13:37:00,MOVE
4.2,4.2,4.1103,4.1103,3869,2021-08-26 15:04:00,MOVE
4.11,4.146,4.11,4.146,2000,2021-08-26 15:16:00,MOVE
4.17,4.17,4.11,4.11,1000,2021-08-26 15:28:00,MOVE
4.2177,4.2177,4.2177,4.2177,171,2021-08-26 15:46:00,MOVE
4.1101,4.1101,4.1101,4.1101,100,2021-08-26 17:21:00,MOVE
4.12,4.146,4.11,4.11,3341,2021-08-26 17:43:00,MOVE
4.1,4.11,3.99,4.11,10735,2021-08-26 18:01:00,MOVE
4.1,4.1,4.1,4.1,300,2021-08-26 18:10:00,MOVE
4.229,4.229,4.12,4.12,1600,2021-08-26 18:31:00,MOVE
4.175,4.175,4.175,4.175,241,2021-08-26 19:17:00,MOVE
4.19,4.19,4.19,4.19,100,2021-08-26 19:49:00,MOVE
4.2158,4.2158,4.2158,4.2158,900,2021-08-26 19:56:00,MOVE
4.15,4.15,4.15,4.15,214,2021-08-26 19:59:00,MOVE
4.22,4.22,4.22,4.22,198,2021-08-26 20:00:00,MOVE
4.23,4.23,4.23,4.23,100,2021-08-27 13:30:00,MOVE
4.201,4.201,4.2,4.2,1451,2021-08-27 13:32:00,MOVE
4.2,4.275,4.15,4.225,3000,2021-08-27 13:35:00,MOVE
4.1501,4.1501,4.12,4.12,2100,2021-08-27 13:37:00,MOVE
4.1501,4.225,4.12,4.12,2492,2021-08-27 13:45:00,MOVE
4.15,4.15,4.12,4.12,3200,2021-08-27 14:12:00,MOVE
4.15,4.15,4.12,4.12,2480,2021-08-27 14:59:00,MOVE
4.26,4.26,4.26,4.26,200,2021-08-27 15:32:00,MOVE
4.34,4.34,4.34,4.34,100,2021-08-27 16:44:00,MOVE
4.12,4.15,4.12,4.15,1080,2021-08-27 17:51:00,MOVE
4.131,4.131,4.12,4.12,4274,2021-08-27 17:52:00,MOVE
4.22,4.22,4.22,4.22,204,2021-08-27 18:00:00,MOVE
4.12,4.12,4.12,4.12,106,2021-08-27 19:59:00,MOVE
4.12,4.12,4.12,4.12,1001,2021-08-27 20:00:00,MOVE
4.13,4.13,4.13,4.13,105,2021-08-30 13:30:00,MOVE
4.14,4.14,4.1,4.1,2000,2021-08-30 14:32:00,MOVE
4.1,4.1,4.1,4.1,100,2021-08-30 14:42:00,MOVE
4.1,4.1001,4.1,4.1001,520,2021-08-30 14:49:00,MOVE
4.15,4.15,4.12,4.12,569,2021-08-30 15:52:00,MOVE
4.3968,4.3968,4.3968,4.3968,789,2021-08-30 16:20:00,MOVE
4.3266,4.3266,4.3266,4.3266,100,2021-08-30 18:38:00,MOVE
4.35,4.35,4.35,4.35,100,2021-08-30 18:40:00,MOVE
4.2,4.2,4.2,4.2,100,2021-08-30 19:30:00,MOVE
4.15,4.2011,4.15,4.2011,200,2021-08-30 19:31:00,MOVE
4.1067,4.1067,4.1067,4.1067,100,2021-08-30 19:40:00,MOVE
4.08,4.08,3.99,4.01,2929,2021-08-30 19:50:00,MOVE
4.1316,4.1316,4.03,4.03,1327,2021-08-30 19:56:00,MOVE
4.15,4.15,4.15,4.15,233,2021-08-30 19:57:00,MOVE
4.08,4.08,4.08,4.08,107,2021-08-31 13:30:00,MOVE
4.07,4.074,4.0,4.0,2200,2021-08-31 13:33:00,MOVE
4.0,4.0,4.0,4.0,100,2021-08-31 13:43:00,MOVE
4.01,4.01,3.99,3.99,970,2021-08-31 13:54:00,MOVE
4.13,4.13,4.13,4.13,100,2021-08-31 14:02:00,MOVE
4.0,4.0,3.99,3.99,3822,2021-08-31 14:47:00,MOVE
4.0157,4.0157,4.0157,4.0157,100,2021-08-31 15:25:00,MOVE
4.0307,4.0307,4.0307,4.0307,900,2021-08-31 15:51:00,MOVE
4.02,4.02,4.01,4.01,1514,2021-08-31 17:48:00,MOVE
4.01,4.04,4.01,4.04,2205,2021-08-31 17:52:00,MOVE
4.02,4.04,4.02,4.04,3097,2021-08-31 18:19:00,MOVE
4.01,4.01,4.01,4.01,2786,2021-08-31 18:23:00,MOVE
4.04,4.04,4.04,4.04,100,2021-08-31 18:24:00,MOVE
3.99,3.99,3.99,3.99,3258,2021-08-31 18:52:00,MOVE
4.02,4.02,4.02,4.02,396,2021-08-31 19:18:00,MOVE
4.0,4.0,3.92,3.985,2312,2021-08-31 19:41:00,MOVE
3.9,3.9,3.9,3.9,445,2021-08-31 20:00:00,MOVE
3.97,4.01,3.97,4.01,347,2021-09-01 13:45:00,MOVE
3.97,3.97,3.97,3.97,2500,2021-09-01 13:48:00,MOVE
3.96,3.96,3.96,3.96,450,2021-09-01 13:51:00,MOVE
3.93,3.93,3.93,3.93,205,2021-09-01 13:53:00,MOVE
3.96,3.96,3.96,3.96,1000,2021-09-01 13:57:00,MOVE
3.935,3.935,3.935,3.935,600,2021-09-01 14:00:00,MOVE
3.91,3.93,3.91,3.93,1350,2021-09-01 14:10:00,MOVE
3.9536,3.9536,3.9536,3.9536,152,2021-09-01 14:26:00,MOVE
3.9526,3.9526,3.94,3.94,200,2021-09-01 14:28:00,MOVE
3.91,3.91,3.9,3.9,2938,2021-09-01 14:37:00,MOVE
3.9517,3.9517,3.9517,3.9517,145,2021-09-01 14:41:00,MOVE
3.9637,3.9637,3.9637,3.9637,363,2021-09-01 16:15:00,MOVE
3.9001,3.9001,3.9001,3.9001,100,2021-09-01 16:49:00,MOVE
3.91,3.91,3.85,3.85,10850,2021-09-01 17:01:00,MOVE
3.87,3.87,3.87,3.87,100,2021-09-01 17:06:00,MOVE
3.83,3.83,3.83,3.83,200,2021-09-01 17:20:00,MOVE
3.835,3.835,3.835,3.835,400,2021-09-01 17:54:00,MOVE
3.8321,3.8321,3.8321,3.8321,200,2021-09-01 17:58:00,MOVE
3.83,3.83,3.83,3.83,100,2021-09-01 18:06:00,MOVE
3.84,3.84,3.84,3.84,201,2021-09-01 18:12:00,MOVE
3.83,3.83,3.83,3.83,391,2021-09-01 18:16:00,MOVE
3.83,3.83,3.83,3.83,369,2021-09-01 18:45:00,MOVE
3.835,3.835,3.835,3.835,300,2021-09-01 18:48:00,MOVE
3.8391,3.8391,3.8391,3.8391,520,2021-09-01 18:51:00,MOVE
3.83,3.83,3.83,3.83,601,2021-09-01 18:52:00,MOVE
3.84,3.84,3.84,3.84,300,2021-09-01 19:06:00,MOVE
3.83,3.84,3.83,3.84,4131,2021-09-01 19:36:00,MOVE
3.83,3.83,3.83,3.83,100,2021-09-01 19:38:00,MOVE
3.815,3.815,3.815,3.815,100,2021-09-01 19:40:00,MOVE
3.824,3.824,3.824,3.824,100,2021-09-01 19:41:00,MOVE
3.8289,3.8289,3.8289,3.8289,100,2021-09-01 19:42:00,MOVE
3.83,3.83,3.83,3.83,532,2021-09-01 19:50:00,MOVE
3.8,3.8,3.8,3.8,190,2021-09-01 19:53:00,MOVE
3.8273,3.83,3.824,3.83,1000,2021-09-01 19:54:00,MOVE
3.81,3.81,3.81,3.81,100,2021-09-01 19:59:00,MOVE
3.8,3.8,3.8,3.8,103,2021-09-01 20:00:00,MOVE
3.7205,3.8812,3.7205,3.8812,351,2021-09-02 13:30:00,MOVE
3.99,3.99,3.99,3.99,300,2021-09-02 13:31:00,MOVE
4.0646,4.0646,4.0646,4.0646,252,2021-09-02 13:35:00,MOVE
3.93,3.93,3.93,3.93,2431,2021-09-02 13:36:00,MOVE
3.9146,3.9146,3.9146,3.9146,100,2021-09-02 13:42:00,MOVE
3.81,3.81,3.81,3.81,100,2021-09-02 13:46:00,MOVE
3.846,3.846,3.846,3.846,205,2021-09-02 14:04:00,MOVE
3.81,3.81,3.81,3.81,100,2021-09-02 15:15:00,MOVE
3.83,3.83,3.83,3.83,100,2021-09-02 15:20:00,MOVE
3.8548,3.8548,3.8548,3.8548,234,2021-09-02 15:44:00,MOVE
3.8548,3.8548,3.8548,3.8548,261,2021-09-02 17:02:00,MOVE
3.85,3.85,3.85,3.85,600,2021-09-02 17:10:00,MOVE
3.835,3.835,3.835,3.835,160,2021-09-02 17:16:00,MOVE
3.84,3.84,3.84,3.84,100,2021-09-02 17:24:00,MOVE
3.86,3.86,3.86,3.86,259,2021-09-02 17:25:00,MOVE
3.835,3.835,3.835,3.835,100,2021-09-02 17:37:00,MOVE
3.835,3.835,3.835,3.835,100,2021-09-02 18:01:00,MOVE
3.835,3.835,3.835,3.835,100,2021-09-02 18:17:00,MOVE
3.8571,3.8571,3.8571,3.8571,105,2021-09-02 18:39:00,MOVE
3.835,3.8599,3.835,3.8599,200,2021-09-02 18:51:00,MOVE
3.85,3.85,3.85,3.85,100,2021-09-02 18:53:00,MOVE
3.8568,3.8568,3.8568,3.8568,200,2021-09-02 19:22:00,MOVE
3.86,3.86,3.86,3.86,100,2021-09-02 19:34:00,MOVE
3.8462,3.8462,3.8462,3.8462,554,2021-09-03 14:15:00,MOVE
3.84,3.84,3.84,3.84,280,2021-09-03 14:28:00,MOVE
3.86,3.86,3.86,3.86,100,2021-09-03 14:37:00,MOVE
3.8,3.8,3.8,3.8,449,2021-09-03 14:44:00,MOVE
3.8,3.8,3.8,3.8,1199,2021-09-03 14:45:00,MOVE
3.83,3.83,3.83,3.83,200,2021-09-03 15:06:00,MOVE
3.83,3.98,3.83,3.96,2841,2021-09-03 15:22:00,MOVE
3.97,3.98,3.97,3.98,238,2021-09-03 15:23:00,MOVE
3.809,3.809,3.8,3.8,778,2021-09-03 15:24:00,MOVE
4.07,4.07,4.07,4.07,100,2021-09-03 15:29:00,MOVE
4.074,4.074,4.074,4.074,253,2021-09-03 16:17:00,MOVE
3.955,3.955,3.955,3.955,100,2021-09-03 16:38:00,MOVE
4.0,4.0,4.0,4.0,110,2021-09-03 17:50:00,MOVE
4.01,4.01,4.0,4.0,3825,2021-09-03 18:13:00,MOVE
3.975,3.975,3.975,3.975,100,2021-09-03 18:42:00,MOVE
4.02,4.02,4.02,4.02,100,2021-09-03 19:46:00,MOVE
3.975,3.975,3.975,3.975,100,2021-09-03 19:50:00,MOVE
4.05,4.05,4.05,4.05,898,2021-09-03 19:57:00,MOVE
4.0,4.0,4.0,4.0,110,2021-09-07 13:44:00,MOVE
4.0,4.0,4.0,4.0,100,2021-09-07 14:24:00,MOVE
3.8715,3.8715,3.8715,3.8715,333,2021-09-07 14:33:00,MOVE
3.885,3.885,3.885,3.885,100,2021-09-07 14:47:00,MOVE
3.9,3.96,3.85,3.96,1199,2021-09-07 15:05:00,MOVE
3.86,3.86,3.85,3.85,400,2021-09-07 16:32:00,MOVE
3.85,3.85,3.85,3.85,100,2021-09-07 16:52:00,MOVE
3.84,3.84,3.84,3.84,100,2021-09-07 17:27:00,MOVE
3.84,3.84,3.84,3.84,200,2021-09-07 17:32:00,MOVE
3.835,3.835,3.835,3.835,165,2021-09-07 18:20:00,MOVE
3.82,3.82,3.82,3.82,100,2021-09-07 19:54:00,MOVE
3.82,3.82,3.82,3.82,343,2021-09-07 19:59:00,MOVE
3.81,3.81,3.8,3.8,2500,2021-09-08 13:49:00,MOVE
3.8,3.8,3.8,3.8,100,2021-09-08 13:59:00,MOVE
3.9,3.9,3.9,3.9,600,2021-09-08 14:04:00,MOVE
4.0,4.0,4.0,4.0,100,2021-09-08 14:15:00,MOVE
3.81,3.92,3.8,3.92,2040,2021-09-08 14:31:00,MOVE
3.88,3.95,3.88,3.95,973,2021-09-08 14:50:00,MOVE
3.82,3.82,3.8,3.8,2000,2021-09-08 15:31:00,MOVE
3.9782,3.9782,3.9782,3.9782,737,2021-09-08 15:38:00,MOVE
3.85,3.85,3.85,3.85,600,2021-09-08 15:46:00,MOVE
3.82,3.82,3.72,3.785,300,2021-09-08 15:50:00,MOVE
3.79,3.85,3.79,3.85,1000,2021-09-08 15:51:00,MOVE
3.82,3.82,3.82,3.82,100,2021-09-08 15:52:00,MOVE
3.77,3.77,3.77,3.77,300,2021-09-08 16:24:00,MOVE
3.76,3.7601,3.76,3.7601,200,2021-09-08 16:25:00,MOVE
3.8584,3.8584,3.8584,3.8584,100,2021-09-08 16:59:00,MOVE
3.77,3.77,3.7,3.7,9997,2021-09-08 17:40:00,MOVE
3.74,3.815,3.74,3.815,200,2021-09-08 17:41:00,MOVE
3.825,3.825,3.825,3.825,100,2021-09-08 17:43:00,MOVE
3.7903,3.7903,3.7903,3.7903,147,2021-09-08 18:28:00,MOVE
3.8,3.8,3.8,3.8,233,2021-09-08 19:08:00,MOVE
3.7876,3.7876,3.7876,3.7876,100,2021-09-08 19:16:00,MOVE
3.7916,3.7916,3.7916,3.7916,400,2021-09-08 19:22:00,MOVE
3.72,3.72,3.69,3.69,573,2021-09-08 19:59:00,MOVE
3.71,3.71,3.71,3.71,539,2021-09-08 20:00:00,MOVE
3.9,3.9,3.9,3.9,300,2021-09-09 13:54:00,MOVE
3.7,3.7,3.7,3.7,700,2021-09-09 14:07:00,MOVE
3.71,3.71,3.69,3.69,1600,2021-09-09 14:39:00,MOVE
3.69,3.69,3.69,3.69,200,2021-09-09 14:40:00,MOVE
3.85,3.85,3.795,3.795,300,2021-09-09 14:43:00,MOVE
3.77,3.77,3.69,3.69,3992,2021-09-09 14:54:00,MOVE
3.85,3.85,3.85,3.85,242,2021-09-09 15:00:00,MOVE
3.842,3.849,3.69,3.69,5100,2021-09-09 15:25:00,MOVE
3.69,3.69,3.69,3.69,131,2021-09-09 15:29:00,MOVE
3.8064,3.8064,3.8064,3.8064,500,2021-09-09 15:47:00,MOVE
3.755,3.8197,3.755,3.8197,1359,2021-09-09 16:06:00,MOVE
3.82,3.83,3.82,3.8298,1317,2021-09-09 16:07:00,MOVE
3.775,3.85,3.775,3.85,3000,2021-09-09 16:08:00,MOVE
3.83,3.85,3.83,3.849,2978,2021-09-09 16:10:00,MOVE
3.76,3.76,3.7,3.7,3000,2021-09-09 16:58:00,MOVE
3.71,3.71,3.695,3.6954,2300,2021-09-09 16:59:00,MOVE
3.7,3.7,3.7,3.7,100,2021-09-09 17:00:00,MOVE
3.75,3.75,3.695,3.7413,4740,2021-09-09 17:01:00,MOVE
3.7,3.7,3.69,3.7,1980,2021-09-09 17:02:00,MOVE
3.74,3.74,3.74,3.74,1000,2021-09-09 17:03:00,MOVE
3.73,3.74,3.69,3.74,1529,2021-09-09 17:04:00,MOVE
3.77,3.77,3.73,3.735,800,2021-09-09 17:05:00,MOVE
3.73,3.7505,3.72,3.7505,1680,2021-09-09 17:06:00,MOVE
3.795,3.795,3.74,3.74,1800,2021-09-09 17:07:00,MOVE
3.73,3.73,3.7,3.7,1100,2021-09-09 17:08:00,MOVE
3.7394,3.7394,3.7394,3.7394,132,2021-09-09 17:09:00,MOVE
3.75,3.75,3.75,3.75,100,2021-09-09 17:13:00,MOVE
3.785,3.785,3.785,3.785,100,2021-09-09 17:19:00,MOVE
3.72,3.72,3.72,3.72,1061,2021-09-09 19:22:00,MOVE
3.7663,3.7663,3.7663,3.7663,143,2021-09-09 19:49:00,MOVE
3.72,3.72,3.69,3.69,1046,2021-09-09 19:50:00,MOVE
3.69,3.69,3.69,3.69,200,2021-09-09 19:54:00,MOVE
3.6987,3.6987,3.6987,3.6987,342,2021-09-09 19:55:00,MOVE
3.69,3.7,3.685,3.685,400,2021-09-09 19:59:00,MOVE
3.71,3.71,3.71,3.71,100,2021-09-10 13:30:00,MOVE
3.71,3.71,3.71,3.71,150,2021-09-10 13:47:00,MOVE
3.7,3.7,3.7,3.7,283,2021-09-10 13:55:00,MOVE
3.69,3.69,3.69,3.69,100,2021-09-10 14:28:00,MOVE
3.69,3.69,3.69,3.69,200,2021-09-10 14:30:00,MOVE
3.6426,3.6426,3.6071,3.6197,950,2021-09-10 14:45:00,MOVE
3.62,3.62,3.615,3.615,1900,2021-09-10 14:46:00,MOVE
3.66,3.67,3.65,3.67,1200,2021-09-10 14:49:00,MOVE
3.6622,3.665,3.6622,3.665,1200,2021-09-10 14:50:00,MOVE
3.66,3.66,3.61,3.61,915,2021-09-10 14:52:00,MOVE
3.6551,3.6551,3.6551,3.6551,100,2021-09-10 14:59:00,MOVE
3.63,3.63,3.63,3.63,100,2021-09-10 15:14:00,MOVE
3.6403,3.6403,3.6403,3.6403,400,2021-09-10 15:16:00,MOVE
3.65,3.67,3.65,3.67,300,2021-09-10 15:27:00,MOVE
3.65,3.65,3.63,3.63,200,2021-09-10 15:29:00,MOVE
3.65,3.65,3.65,3.65,100,2021-09-10 15:31:00,MOVE
3.62,3.62,3.62,3.62,100,2021-09-10 16:42:00,MOVE
3.62,3.62,3.62,3.62,599,2021-09-10 18:12:00,MOVE
3.62,3.62,3.62,3.62,109,2021-09-10 18:17:00,MOVE
3.61,3.61,3.6,3.6,944,2021-09-10 18:32:00,MOVE
3.61,3.61,3.61,3.61,111,2021-09-10 19:22:00,MOVE
3.6,3.6,3.6,3.6,4431,2021-09-10 19:26:00,MOVE
3.5899,3.5899,3.5899,3.5899,111,2021-09-10 19:28:00,MOVE
3.5748,3.5748,3.5748,3.5748,1000,2021-09-10 19:36:00,MOVE
3.52,3.52,3.52,3.52,100,2021-09-10 19:50:00,MOVE
3.52,3.53,3.5,3.5,5673,2021-09-10 19:55:00,MOVE
3.5,3.5,3.5,3.5,641,2021-09-10 19:59:00,MOVE
3.45,3.5,3.45,3.47,5000,2021-09-13 14:39:00,MOVE
3.5,3.549,3.499,3.5,6600,2021-09-13 15:25:00,MOVE
3.5,3.5,3.5,3.5,1100,2021-09-13 15:26:00,MOVE
3.5,3.5,3.5,3.5,300,2021-09-13 15:34:00,MOVE
3.5995,3.5995,3.5995,3.5995,190,2021-09-13 16:00:00,MOVE
3.51,3.51,3.5,3.5,888,2021-09-13 17:26:00,MOVE
3.6,3.6,3.6,3.6,380,2021-09-13 17:48:00,MOVE
3.575,3.575,3.575,3.575,100,2021-09-13 19:21:00,MOVE
3.55,3.55,3.55,3.55,2926,2021-09-13 19:26:00,MOVE
3.54,3.55,3.54,3.55,1200,2021-09-13 19:32:00,MOVE
3.55,3.55,3.55,3.55,400,2021-09-13 19:33:00,MOVE
3.5,3.5,3.5,3.5,261,2021-09-14 13:30:00,MOVE
3.65,3.65,3.65,3.65,146,2021-09-14 15:35:00,MOVE
3.6,3.6,3.6,3.6,100,2021-09-14 16:50:00,MOVE
3.6,3.6,3.6,3.6,100,2021-09-14 16:56:00,MOVE
3.59,3.6338,3.59,3.6338,200,2021-09-14 17:26:00,MOVE
3.54,3.54,3.54,3.54,100,2021-09-14 18:22:00,MOVE
3.58,3.58,3.58,3.58,200,2021-09-14 18:24:00,MOVE
3.53,3.53,3.53,3.53,104,2021-09-14 19:45:00,MOVE
3.535,3.535,3.535,3.535,100,2021-09-14 19:46:00,MOVE
3.5,3.5,3.5,3.5,500,2021-09-14 19:59:00,MOVE
3.57,3.57,3.57,3.57,2070,2021-09-14 20:00:00,MOVE
3.54,3.54,3.51,3.51,1100,2021-09-15 16:14:00,MOVE
3.51,3.5432,3.5,3.5432,722,2021-09-15 16:53:00,MOVE
3.52,3.541,3.52,3.52,400,2021-09-15 16:58:00,MOVE
3.53,3.533,3.53,3.533,200,2021-09-15 16:59:00,MOVE
3.56,3.56,3.56,3.56,500,2021-09-15 18:16:00,MOVE
3.5519,3.5519,3.5519,3.5519,250,2021-09-15 18:21:00,MOVE
3.56,3.56,3.56,3.56,100,2021-09-15 18:23:00,MOVE
3.595,3.75,3.595,3.75,3622,2021-09-15 18:27:00,MOVE
3.78,3.78,3.78,3.78,100,2021-09-15 18:28:00,MOVE
3.7408,3.75,3.71,3.738,4000,2021-09-15 19:21:00,MOVE
3.884,3.884,3.884,3.884,500,2021-09-15 19:24:00,MOVE
3.8994,3.8994,3.8994,3.8994,2000,2021-09-15 19:25:00,MOVE
3.8899,3.8899,3.8899,3.8899,500,2021-09-15 19:26:00,MOVE
3.7727,3.805,3.71,3.805,1200,2021-09-15 19:28:00,MOVE
3.73,3.83,3.68,3.7037,2772,2021-09-15 19:29:00,MOVE
3.745,3.745,3.745,3.745,100,2021-09-15 19:45:00,MOVE
3.83,3.83,3.7697,3.7697,1486,2021-09-15 19:54:00,MOVE
3.5,3.5,3.5,3.5,4000,2021-09-16 13:32:00,MOVE
3.645,3.645,3.5911,3.5911,300,2021-09-16 13:52:00,MOVE
3.7,3.7,3.7,3.7,1000,2021-09-16 14:02:00,MOVE
3.6846,3.6846,3.6846,3.6846,100,2021-09-16 14:38:00,MOVE
3.7,3.7,3.7,3.7,300,2021-09-16 16:36:00,MOVE
3.6869,3.6869,3.6869,3.6869,125,2021-09-16 16:43:00,MOVE
3.7,3.7,3.7,3.7,10000,2021-09-16 18:43:00,MOVE
3.61,3.61,3.6,3.6,200,2021-09-16 19:05:00,MOVE
3.7,3.7,3.7,3.7,100,2021-09-16 19:46:00,MOVE
3.7,3.7,3.7,3.7,100,2021-09-16 19:47:00,MOVE
3.65,3.65,3.65,3.65,100,2021-09-16 19:59:00,MOVE
3.69,3.69,3.69,3.69,200,2021-09-17 13:31:00,MOVE
3.75,3.75,3.7,3.7,300,2021-09-17 14:29:00,MOVE
3.65,3.7,3.65,3.7,8688,2021-09-17 14:33:00,MOVE
3.65,3.65,3.65,3.65,2512,2021-09-17 14:36:00,MOVE
3.575,3.575,3.575,3.575,100,2021-09-17 14:37:00,MOVE
3.503,3.503,3.5,3.5,600,2021-09-17 14:41:00,MOVE
3.52,3.52,3.52,3.52,200,2021-09-17 14:42:00,MOVE
3.64,3.64,3.64,3.64,100,2021-09-17 14:56:00,MOVE
3.505,3.505,3.505,3.505,100,2021-09-17 15:09:00,MOVE
3.575,3.575,3.575,3.575,100,2021-09-17 15:23:00,MOVE
3.65,3.65,3.65,3.65,1000,2021-09-17 15:35:00,MOVE
3.65,3.65,3.65,3.65,100,2021-09-17 15:37:00,MOVE
3.65,3.65,3.65,3.65,100,2021-09-17 15:51:00,MOVE
3.65,3.65,3.65,3.65,100,2021-09-17 16:05:00,MOVE
3.6,3.6,3.6,3.6,2628,2021-09-17 16:08:00,MOVE
3.6,3.6,3.6,3.6,372,2021-09-17 16:09:00,MOVE
3.63,3.63,3.63,3.63,100,2021-09-17 16:18:00,MOVE
3.505,3.505,3.505,3.505,100,2021-09-17 16:28:00,MOVE
3.575,3.575,3.575,3.575,100,2021-09-17 16:32:00,MOVE
3.6399,3.6399,3.6399,3.6399,260,2021-09-17 17:26:00,MOVE
3.54,3.54,3.54,3.54,100,2021-09-17 17:52:00,MOVE
3.565,3.565,3.565,3.565,100,2021-09-17 18:42:00,MOVE
3.57,3.57,3.57,3.57,100,2021-09-17 19:37:00,MOVE
3.575,3.575,3.575,3.575,100,2021-09-17 19:51:00,MOVE
3.64,3.64,3.64,3.64,100,2021-09-17 19:54:00,MOVE
3.65,3.65,3.65,3.65,163,2021-09-17 19:55:00,MOVE
3.64,3.64,3.64,3.64,100,2021-09-17 19:59:00,MOVE
3.75,3.75,3.75,3.75,1985,2021-09-17 20:00:00,MOVE
3.63,3.63,3.63,3.63,210,2021-09-20 13:30:00,MOVE
3.5212,3.5212,3.5212,3.5212,100,2021-09-20 14:13:00,MOVE
3.63,3.63,3.63,3.63,250,2021-09-20 14:22:00,MOVE
3.63,3.63,3.63,3.63,250,2021-09-20 14:27:00,MOVE
3.51,3.5539,3.51,3.5539,400,2021-09-20 15:00:00,MOVE
3.51,3.51,3.51,3.51,1099,2021-09-20 15:21:00,MOVE
3.71,3.725,3.51,3.725,3600,2021-09-20 17:02:00,MOVE
3.695,3.695,3.695,3.695,100,2021-09-20 17:06:00,MOVE
3.7,3.7,3.7,3.7,847,2021-09-20 18:38:00,MOVE
4.03,4.03,4.03,4.03,100,2021-09-20 18:54:00,MOVE
3.7,3.855,3.651,3.855,5100,2021-09-20 19:03:00,MOVE
4.02,4.02,4.02,4.02,100,2021-09-20 19:04:00,MOVE
4.02,4.02,4.02,4.02,100,2021-09-20 19:05:00,MOVE
3.815,3.815,3.815,3.815,100,2021-09-20 19:45:00,MOVE
3.99,4.02,3.99,4.02,400,2021-09-20 19:50:00,MOVE
3.64,3.64,3.64,3.64,100,2021-09-20 19:58:00,MOVE
3.6,3.63,3.6,3.61,1792,2021-09-21 15:11:00,MOVE
3.51,3.6,3.51,3.6,1589,2021-09-21 15:12:00,MOVE
3.5193,3.5193,3.5193,3.5193,100,2021-09-21 15:35:00,MOVE
3.5,3.5,3.5,3.5,999,2021-09-21 15:37:00,MOVE
3.5,3.51,3.5,3.5,1200,2021-09-21 15:38:00,MOVE
3.521,3.521,3.5,3.5,200,2021-09-21 15:40:00,MOVE
3.5,3.51,3.5,3.51,2280,2021-09-21 15:41:00,MOVE
3.5026,3.5026,3.5026,3.5026,100,2021-09-21 15:42:00,MOVE
3.5,3.51,3.5,3.51,3404,2021-09-21 15:43:00,MOVE
3.5,3.5,3.5,3.5,100,2021-09-21 15:44:00,MOVE
3.5,3.52,3.5,3.52,200,2021-09-21 15:45:00,MOVE
3.5023,3.5023,3.5023,3.5023,200,2021-09-21 15:46:00,MOVE
3.5023,3.52,3.5023,3.52,400,2021-09-21 15:47:00,MOVE
3.5023,3.5056,3.5023,3.5056,400,2021-09-21 15:48:00,MOVE
3.5,3.5,3.5,3.5,400,2021-09-21 15:49:00,MOVE
3.52,3.52,3.5,3.51,469,2021-09-21 15:50:00,MOVE
3.514,3.514,3.5,3.5,700,2021-09-21 15:51:00,MOVE
3.5,3.5056,3.5,3.5056,500,2021-09-21 15:52:00,MOVE
3.5,3.505,3.5,3.505,3758,2021-09-21 15:53:00,MOVE
3.5,3.507,3.5,3.505,6219,2021-09-21 15:54:00,MOVE
3.5,3.5,3.5,3.5,500,2021-09-21 15:56:00,MOVE
3.5,3.5,3.5,3.5,2077,2021-09-21 15:57:00,MOVE
3.5,3.5,3.5,3.5,1000,2021-09-21 16:06:00,MOVE
3.505,3.51,3.5012,3.5012,3255,2021-09-21 16:07:00,MOVE
3.505,3.51,3.505,3.51,1000,2021-09-21 16:08:00,MOVE
3.505,3.51,3.5,3.51,3124,2021-09-21 16:16:00,MOVE
3.505,3.505,3.5,3.5,1885,2021-09-21 16:17:00,MOVE
3.46,3.46,3.42,3.43,426,2021-09-21 16:24:00,MOVE
3.445,3.445,3.445,3.445,100,2021-09-21 16:25:00,MOVE
3.42,3.42,3.4196,3.4196,580,2021-09-21 16:27:00,MOVE
3.42,3.42,3.42,3.42,100,2021-09-21 16:37:00,MOVE
3.43,3.43,3.43,3.43,995,2021-09-21 17:03:00,MOVE
3.4485,3.45,3.4485,3.45,927,2021-09-21 17:05:00,MOVE
3.435,3.44,3.43,3.44,890,2021-09-21 17:15:00,MOVE
3.43,3.43,3.43,3.43,1000,2021-09-21 17:41:00,MOVE
3.43,3.43,3.43,3.43,250,2021-09-21 17:48:00,MOVE
3.43,3.435,3.43,3.435,500,2021-09-21 17:49:00,MOVE
3.43,3.43,3.43,3.43,1815,2021-09-21 17:50:00,MOVE
3.4,3.4,3.4,3.4,245,2021-09-21 17:51:00,MOVE
3.4011,3.4011,3.4,3.4,500,2021-09-21 17:52:00,MOVE
3.4,3.4,3.4,3.4,250,2021-09-21 17:53:00,MOVE
3.41,3.41,3.4,3.41,2327,2021-09-21 17:54:00,MOVE
3.4,3.4,3.4,3.4,500,2021-09-21 17:55:00,MOVE
3.4,3.4001,3.4,3.4,437,2021-09-21 17:56:00,MOVE
3.4,3.4,3.4,3.4,3392,2021-09-21 17:57:00,MOVE
3.405,3.405,3.4004,3.4004,272,2021-09-21 17:58:00,MOVE
3.4,3.4,3.4,3.4,500,2021-09-21 17:59:00,MOVE
3.4,3.4,3.4,3.4,250,2021-09-21 18:02:00,MOVE
3.4044,3.4044,3.4,3.4,490,2021-09-21 18:03:00,MOVE
3.4044,3.4044,3.4044,3.4044,244,2021-09-21 18:04:00,MOVE
3.4,3.4,3.4,3.4,200,2021-09-21 18:05:00,MOVE
3.4,3.4,3.4,3.4,250,2021-09-21 18:08:00,MOVE
3.37,3.37,3.37,3.37,243,2021-09-21 18:12:00,MOVE
3.36,3.36,3.36,3.36,100,2021-09-21 18:44:00,MOVE
3.36,3.36,3.36,3.36,857,2021-09-21 18:53:00,MOVE
3.37,3.38,3.36,3.36,1158,2021-09-21 18:54:00,MOVE
3.3546,3.3546,3.3546,3.3546,190,2021-09-21 18:55:00,MOVE
3.36,3.36,3.3507,3.3507,1000,2021-09-21 18:58:00,MOVE
3.35,3.35,3.35,3.35,1100,2021-09-21 18:59:00,MOVE
3.36,3.36,3.32,3.32,3000,2021-09-21 19:00:00,MOVE
3.35,3.35,3.35,3.35,2476,2021-09-21 19:01:00,MOVE
3.33,3.3301,3.31,3.31,1000,2021-09-21 19:03:00,MOVE
3.3,3.3,3.3,3.3,216,2021-09-21 19:05:00,MOVE
3.3,3.3,3.3,3.3,2500,2021-09-21 19:19:00,MOVE
3.31,3.31,3.3,3.3,2200,2021-09-21 19:21:00,MOVE
3.3,3.3083,3.3,3.3083,1000,2021-09-21 19:22:00,MOVE
3.3,3.3,3.3,3.3,3019,2021-09-21 19:23:00,MOVE
3.305,3.305,3.29,3.29,1681,2021-09-21 19:24:00,MOVE
3.3,3.3,3.29,3.29,2000,2021-09-21 19:26:00,MOVE
3.29,3.29,3.29,3.29,1000,2021-09-21 19:27:00,MOVE
3.29,3.29,3.29,3.29,2414,2021-09-21 19:28:00,MOVE
3.2707,3.2707,3.2707,3.2707,1000,2021-09-21 19:29:00,MOVE
3.26,3.265,3.24,3.24,1596,2021-09-21 19:30:00,MOVE
3.2,3.2,3.2,3.2,780,2021-09-21 19:32:00,MOVE
3.2,3.2,3.2,3.2,990,2021-09-21 19:33:00,MOVE
3.2,3.2001,3.2,3.2001,1000,2021-09-21 19:35:00,MOVE
3.2,3.2,3.2,3.2,1903,2021-09-21 19:36:00,MOVE
3.2,3.2,3.2,3.2,766,2021-09-21 19:37:00,MOVE
3.18,3.18,3.18,3.18,100,2021-09-21 19:41:00,MOVE
3.1707,3.1707,3.1707,3.1707,100,2021-09-21 19:42:00,MOVE
3.12,3.12,3.1,3.1,4888,2021-09-21 19:43:00,MOVE
3.11,3.12,3.1099,3.1099,1459,2021-09-21 19:46:00,MOVE
3.1749,3.18,3.1598,3.1598,9890,2021-09-21 19:47:00,MOVE
3.15,3.2065,3.1489,3.2,1040,2021-09-21 19:48:00,MOVE
3.1749,3.1749,3.1749,3.1749,100,2021-09-21 19:51:00,MOVE
3.1749,3.22,3.1749,3.22,455,2021-09-21 19:53:00,MOVE
3.22,3.22,3.22,3.22,100,2021-09-21 19:59:00,MOVE
3.22,3.35,3.22,3.35,538,2021-09-21 20:00:00,MOVE
3.25,3.25,3.25,3.25,570,2021-09-21 20:10:00,MOVE
3.37,3.37,3.37,3.37,1863,2021-09-22 13:30:00,MOVE
3.2535,3.27,3.2535,3.26,800,2021-09-22 13:38:00,MOVE
3.3949,3.3949,3.3949,3.3949,310,2021-09-22 13:46:00,MOVE
3.3,3.3,3.3,3.3,1000,2021-09-22 14:08:00,MOVE
3.29,3.38,3.29,3.38,7565,2021-09-22 14:23:00,MOVE
3.3961,3.3961,3.3961,3.3961,100,2021-09-22 14:48:00,MOVE
3.4099,3.4099,3.4099,3.4099,400,2021-09-22 15:07:00,MOVE
3.41,3.41,3.41,3.41,500,2021-09-22 15:12:00,MOVE
3.4,3.4,3.4,3.4,1199,2021-09-22 16:28:00,MOVE
3.4727,3.4727,3.4727,3.4727,300,2021-09-22 17:40:00,MOVE
3.49,3.49,3.49,3.49,697,2021-09-22 17:51:00,MOVE
3.4962,3.4962,3.4962,3.4962,100,2021-09-22 17:52:00,MOVE
3.5,3.5,3.5,3.5,892,2021-09-22 18:14:00,MOVE
3.59,3.59,3.59,3.59,100,2021-09-22 18:16:00,MOVE
3.65,3.65,3.65,3.65,200,2021-09-22 18:24:00,MOVE
3.89,3.89,3.89,3.89,1231,2021-09-22 18:55:00,MOVE
3.8633,3.8633,3.8633,3.8633,100,2021-09-22 18:56:00,MOVE
3.755,3.85,3.755,3.85,1331,2021-09-22 18:58:00,MOVE
3.755,3.755,3.755,3.755,100,2021-09-22 19:07:00,MOVE
3.755,3.84,3.755,3.84,200,2021-09-22 19:10:00,MOVE
3.755,3.755,3.755,3.755,100,2021-09-22 19:11:00,MOVE
3.76,3.76,3.76,3.76,100,2021-09-22 19:16:00,MOVE
3.6777,3.6777,3.6777,3.6777,200,2021-09-22 19:21:00,MOVE
3.68,3.68,3.66,3.66,1134,2021-09-22 19:23:00,MOVE
3.6501,3.6501,3.6501,3.6501,100,2021-09-22 19:26:00,MOVE
3.67,3.67,3.67,3.67,100,2021-09-22 19:41:00,MOVE
3.77,3.77,3.77,3.77,420,2021-09-22 19:44:00,MOVE
3.77,3.77,3.77,3.77,210,2021-09-23 13:30:00,MOVE
3.805,3.805,3.805,3.805,100,2021-09-23 13:37:00,MOVE
3.8452,3.8452,3.8452,3.8452,300,2021-09-23 13:56:00,MOVE
3.85,3.85,3.8412,3.8412,300,2021-09-23 14:01:00,MOVE
3.825,3.825,3.825,3.825,100,2021-09-23 14:41:00,MOVE
3.8,3.8,3.8,3.8,500,2021-09-23 15:20:00,MOVE
3.8,3.8,3.8,3.8,997,2021-09-23 15:44:00,MOVE
3.8,3.8,3.8,3.8,174,2021-09-23 17:15:00,MOVE
3.8364,3.8364,3.8364,3.8364,711,2021-09-23 18:19:00,MOVE
3.8143,3.8143,3.8143,3.8143,110,2021-09-23 19:46:00,MOVE
3.825,3.85,3.825,3.85,3500,2021-09-24 14:21:00,MOVE
3.85,3.86,3.8,3.836,3000,2021-09-24 14:35:00,MOVE
3.8428,3.8428,3.8428,3.8428,113,2021-09-24 19:10:00,MOVE
3.83,3.83,3.83,3.83,100,2021-09-24 19:21:00,MOVE
3.88,3.88,3.88,3.88,300,2021-09-24 19:51:00,MOVE
3.87,3.87,3.87,3.87,2848,2021-09-24 20:00:00,MOVE
3.95,3.95,3.95,3.95,100,2021-09-27 16:37:00,MOVE
3.85,3.85,3.85,3.85,100,2021-09-27 17:20:00,MOVE
3.9253,3.9253,3.9253,3.9253,130,2021-09-27 18:41:00,MOVE
3.9,3.9,3.9,3.9,154,2021-09-27 18:43:00,MOVE
3.9,3.905,3.87,3.87,1900,2021-09-27 19:29:00,MOVE
3.87,3.88,3.87,3.87,361,2021-09-27 19:53:00,MOVE
3.87,3.87,3.87,3.87,128,2021-09-27 20:00:00,MOVE
3.9069,3.9069,3.9069,3.9069,300,2021-09-28 15:04:00,MOVE
3.87,3.87,3.85,3.85,1441,2021-09-28 15:16:00,MOVE
3.84,3.84,3.76,3.76,1822,2021-09-28 15:23:00,MOVE
3.7727,3.7727,3.7727,3.7727,200,2021-09-28 15:45:00,MOVE
3.73,3.73,3.73,3.73,100,2021-09-28 18:16:00,MOVE
3.67,3.67,3.62,3.62,1700,2021-09-28 18:23:00,MOVE
3.62,3.62,3.62,3.62,135,2021-09-28 19:50:00,MOVE
3.58,3.58,3.58,3.58,816,2021-09-28 20:00:00,MOVE
3.58,3.58,3.58,3.58,1502,2021-09-28 20:07:00,MOVE
3.595,3.595,3.595,3.595,100,2021-09-29 14:19:00,MOVE
3.51,3.51,3.51,3.51,500,2021-09-29 15:14:00,MOVE
3.7099,3.7099,3.7099,3.7099,300,2021-09-29 16:18:00,MOVE
3.5,3.5,3.5,3.5,200,2021-09-29 17:25:00,MOVE
3.52,3.52,3.52,3.52,100,2021-09-29 19:45:00,MOVE
3.505,3.505,3.505,3.505,100,2021-09-29 19:55:00,MOVE
3.5,3.5,3.5,3.5,100,2021-09-29 19:56:00,MOVE
3.51,3.51,3.51,3.51,176,2021-09-29 20:00:00,MOVE
3.555,3.555,3.4,3.4,7950,2021-09-30 13:46:00,MOVE
3.5,3.5,3.5,3.5,100,2021-09-30 13:49:00,MOVE
3.4,3.63,3.4,3.63,4128,2021-09-30 14:36:00,MOVE
3.53,3.53,3.53,3.53,100,2021-09-30 14:45:00,MOVE
3.53,3.53,3.53,3.53,103,2021-09-30 14:58:00,MOVE
3.4101,3.4101,3.41,3.41,3036,2021-09-30 15:12:00,MOVE
3.525,3.525,3.4101,3.479,2500,2021-09-30 15:13:00,MOVE
3.44,3.485,3.42,3.485,1900,2021-09-30 15:15:00,MOVE
3.46,3.46,3.46,3.46,199,2021-09-30 15:18:00,MOVE
3.535,3.535,3.535,3.535,100,2021-09-30 15:53:00,MOVE
3.5,3.56,3.41,3.41,2371,2021-09-30 17:05:00,MOVE
3.53,3.53,3.53,3.53,100,2021-09-30 17:35:00,MOVE
3.575,3.575,3.575,3.575,1000,2021-09-30 19:53:00,MOVE
3.64,3.65,3.64,3.65,899,2021-09-30 19:54:00,MOVE
3.64,3.66,3.64,3.66,1000,2021-09-30 19:55:00,MOVE
3.52,3.52,3.52,3.52,100,2021-09-30 19:58:00,MOVE
3.45,3.45,3.45,3.45,100,2021-09-30 19:59:00,MOVE
3.65,3.65,3.65,3.65,1209,2021-10-01 13:30:00,MOVE
3.755,3.755,3.755,3.755,1200,2021-10-01 13:50:00,MOVE
3.4954,3.4954,3.4954,3.4954,100,2021-10-01 14:45:00,MOVE
3.5,3.5,3.45,3.45,2500,2021-10-01 15:58:00,MOVE
3.475,3.475,3.475,3.475,300,2021-10-01 16:23:00,MOVE
3.5,3.5,3.5,3.5,100,2021-10-01 16:31:00,MOVE
3.46,3.46,3.4,3.4,5622,2021-10-01 17:06:00,MOVE
3.35,3.35,3.35,3.35,200,2021-10-01 17:39:00,MOVE
3.3876,3.3876,3.3876,3.3876,200,2021-10-01 17:42:00,MOVE
3.3917,3.4,3.3917,3.4,2000,2021-10-01 18:34:00,MOVE
3.4,3.4,3.4,3.4,100,2021-10-01 18:44:00,MOVE
3.3168,3.3168,3.3168,3.3168,100,2021-10-01 18:56:00,MOVE
3.345,3.345,3.345,3.345,100,2021-10-01 18:58:00,MOVE
3.3635,3.3635,3.3635,3.3635,152,2021-10-01 19:32:00,MOVE
3.39,3.39,3.39,3.39,229,2021-10-01 19:56:00,MOVE
3.382,3.382,3.382,3.382,200,2021-10-01 19:57:00,MOVE
3.35,3.35,3.35,3.35,315,2021-10-01 20:00:00,MOVE
