open,high,low,close,volume,datetime,symbol
12.34,12.34,12.34,12.34,9772,2021-08-23 13:30:00,NDLS
12.41,12.41,12.41,12.41,300,2021-08-23 13:31:00,NDLS
12.36,12.36,12.36,12.36,100,2021-08-23 13:32:00,NDLS
12.425,12.425,12.425,12.425,300,2021-08-23 13:34:00,NDLS
12.44,12.5,12.44,12.45,1250,2021-08-23 13:35:00,NDLS
12.4795,12.48,12.4795,12.48,250,2021-08-23 13:42:00,NDLS
12.54,12.55,12.52,12.52,700,2021-08-23 13:44:00,NDLS
12.51,12.53,12.51,12.53,840,2021-08-23 13:46:00,NDLS
12.55,12.55,12.55,12.55,1000,2021-08-23 13:50:00,NDLS
12.51,12.51,12.47,12.47,300,2021-08-23 13:53:00,NDLS
12.465,12.48,12.465,12.48,800,2021-08-23 13:56:00,NDLS
12.5,12.52,12.5,12.52,522,2021-08-23 13:59:00,NDLS
12.55,12.55,12.53,12.53,519,2021-08-23 14:03:00,NDLS
12.52,12.52,12.52,12.52,100,2021-08-23 14:04:00,NDLS
12.5,12.5,12.5,12.5,255,2021-08-23 14:06:00,NDLS
12.5,12.51,12.5,12.51,394,2021-08-23 14:07:00,NDLS
12.4698,12.4698,12.39,12.39,500,2021-08-23 14:08:00,NDLS
12.43,12.43,12.43,12.43,100,2021-08-23 14:09:00,NDLS
12.43,12.43,12.43,12.43,200,2021-08-23 14:10:00,NDLS
12.435,12.435,12.405,12.405,700,2021-08-23 14:11:00,NDLS
12.41,12.44,12.38,12.38,781,2021-08-23 14:20:00,NDLS
12.395,12.395,12.395,12.395,200,2021-08-23 14:22:00,NDLS
12.385,12.46,12.385,12.46,1000,2021-08-23 14:23:00,NDLS
12.425,12.425,12.425,12.425,140,2021-08-23 14:26:00,NDLS
12.4235,12.4235,12.4235,12.4235,233,2021-08-23 14:27:00,NDLS
12.39,12.425,12.39,12.42,1200,2021-08-23 14:29:00,NDLS
12.34,12.39,12.33,12.39,600,2021-08-23 14:34:00,NDLS
12.325,12.325,12.325,12.325,100,2021-08-23 14:44:00,NDLS
12.325,12.35,12.325,12.35,300,2021-08-23 14:47:00,NDLS
12.35,12.36,12.35,12.35,1600,2021-08-23 14:50:00,NDLS
12.34,12.35,12.34,12.35,400,2021-08-23 14:51:00,NDLS
12.33,12.35,12.28,12.34,1100,2021-08-23 14:52:00,NDLS
12.31,12.31,12.285,12.31,300,2021-08-23 14:53:00,NDLS
12.27,12.3,12.27,12.3,200,2021-08-23 15:00:00,NDLS
12.26,12.27,12.26,12.27,333,2021-08-23 15:01:00,NDLS
12.27,12.27,12.27,12.27,200,2021-08-23 15:05:00,NDLS
12.25,12.27,12.25,12.27,300,2021-08-23 15:08:00,NDLS
12.2699,12.27,12.255,12.255,350,2021-08-23 15:10:00,NDLS
12.24,12.26,12.23,12.26,300,2021-08-23 15:12:00,NDLS
12.22,12.22,12.2,12.22,1720,2021-08-23 15:14:00,NDLS
12.2,12.2,12.2,12.2,100,2021-08-23 15:16:00,NDLS
12.22,12.3,12.22,12.3,1784,2021-08-23 15:18:00,NDLS
12.275,12.3,12.275,12.3,500,2021-08-23 15:19:00,NDLS
12.275,12.275,12.275,12.275,107,2021-08-23 15:21:00,NDLS
12.27,12.29,12.26,12.29,800,2021-08-23 15:25:00,NDLS
12.26,12.26,12.26,12.26,100,2021-08-23 15:28:00,NDLS
12.26,12.27,12.23,12.25,3074,2021-08-23 15:42:00,NDLS
12.255,12.255,12.255,12.255,100,2021-08-23 15:43:00,NDLS
12.24,12.25,12.24,12.25,300,2021-08-23 15:45:00,NDLS
12.27,12.27,12.25,12.25,1115,2021-08-23 15:49:00,NDLS
12.25,12.25,12.25,12.25,100,2021-08-23 15:50:00,NDLS
12.23,12.23,12.225,12.225,200,2021-08-23 15:52:00,NDLS
12.2499,12.2499,12.2499,12.2499,100,2021-08-23 15:53:00,NDLS
12.2,12.2,12.2,12.2,100,2021-08-23 15:54:00,NDLS
12.22,12.22,12.22,12.22,100,2021-08-23 15:58:00,NDLS
12.235,12.235,12.235,12.235,100,2021-08-23 16:02:00,NDLS
12.22,12.24,12.21,12.24,1300,2021-08-23 16:03:00,NDLS
12.25,12.28,12.25,12.28,1547,2021-08-23 16:07:00,NDLS
12.26,12.26,12.26,12.26,200,2021-08-23 16:09:00,NDLS
12.24,12.24,12.24,12.24,100,2021-08-23 16:12:00,NDLS
12.28,12.28,12.25,12.25,300,2021-08-23 16:21:00,NDLS
12.26,12.27,12.255,12.255,700,2021-08-23 16:23:00,NDLS
12.2569,12.27,12.25,12.255,2109,2021-08-23 16:30:00,NDLS
12.255,12.3,12.255,12.275,4911,2021-08-23 16:32:00,NDLS
12.3,12.3,12.28,12.29,2698,2021-08-23 16:36:00,NDLS
12.3,12.3,12.3,12.3,400,2021-08-23 16:38:00,NDLS
12.28,12.29,12.28,12.29,900,2021-08-23 16:40:00,NDLS
12.28,12.28,12.28,12.28,5651,2021-08-23 16:41:00,NDLS
12.28,12.28,12.28,12.28,100,2021-08-23 16:42:00,NDLS
12.27,12.27,12.26,12.26,1093,2021-08-23 16:44:00,NDLS
12.24,12.24,12.24,12.24,300,2021-08-23 16:49:00,NDLS
12.23,12.23,12.23,12.23,100,2021-08-23 16:51:00,NDLS
12.23,12.23,12.23,12.23,100,2021-08-23 16:52:00,NDLS
12.25,12.255,12.25,12.255,300,2021-08-23 16:53:00,NDLS
12.25,12.25,12.25,12.25,940,2021-08-23 16:54:00,NDLS
12.26,12.26,12.26,12.26,200,2021-08-23 16:59:00,NDLS
12.27,12.27,12.27,12.27,300,2021-08-23 17:06:00,NDLS
12.285,12.285,12.285,12.285,500,2021-08-23 17:16:00,NDLS
12.29,12.29,12.29,12.29,100,2021-08-23 17:18:00,NDLS
12.3,12.3,12.3,12.3,100,2021-08-23 17:20:00,NDLS
12.3,12.3,12.295,12.295,600,2021-08-23 17:22:00,NDLS
12.3,12.32,12.3,12.32,3100,2021-08-23 17:24:00,NDLS
12.31,12.31,12.31,12.31,200,2021-08-23 17:27:00,NDLS
12.31,12.32,12.31,12.32,300,2021-08-23 17:31:00,NDLS
12.32,12.35,12.32,12.335,2880,2021-08-23 17:32:00,NDLS
12.36,12.38,12.36,12.38,3381,2021-08-23 17:33:00,NDLS
12.38,12.38,12.38,12.38,200,2021-08-23 17:37:00,NDLS
12.4,12.4,12.4,12.4,100,2021-08-23 17:42:00,NDLS
12.38,12.38,12.38,12.38,100,2021-08-23 17:46:00,NDLS
12.4,12.4,12.4,12.4,380,2021-08-23 17:51:00,NDLS
12.4,12.4,12.4,12.4,799,2021-08-23 17:57:00,NDLS
12.4,12.4,12.4,12.4,2000,2021-08-23 17:59:00,NDLS
12.4,12.4,12.4,12.4,2000,2021-08-23 18:00:00,NDLS
12.4198,12.4198,12.4198,12.4198,184,2021-08-23 18:03:00,NDLS
12.405,12.405,12.39,12.39,800,2021-08-23 18:04:00,NDLS
12.4,12.4,12.38,12.38,300,2021-08-23 18:07:00,NDLS
12.4,12.4,12.4,12.4,100,2021-08-23 18:09:00,NDLS
12.4,12.4,12.4,12.4,300,2021-08-23 18:10:00,NDLS
12.4,12.4,12.4,12.4,200,2021-08-23 18:12:00,NDLS
12.39,12.39,12.38,12.39,620,2021-08-23 18:15:00,NDLS
12.37,12.37,12.37,12.37,100,2021-08-23 18:16:00,NDLS
12.38,12.38,12.38,12.38,100,2021-08-23 18:20:00,NDLS
12.38,12.38,12.38,12.38,100,2021-08-23 18:32:00,NDLS
12.38,12.39,12.38,12.39,400,2021-08-23 18:34:00,NDLS
12.4,12.4,12.4,12.4,701,2021-08-23 18:39:00,NDLS
12.41,12.41,12.41,12.41,100,2021-08-23 18:44:00,NDLS
12.4,12.4,12.4,12.4,100,2021-08-23 18:47:00,NDLS
12.4,12.4,12.4,12.4,100,2021-08-23 18:49:00,NDLS
12.41,12.41,12.41,12.41,100,2021-08-23 18:53:00,NDLS
12.41,12.41,12.41,12.41,200,2021-08-23 18:56:00,NDLS
12.42,12.42,12.42,12.42,400,2021-08-23 18:57:00,NDLS
12.42,12.43,12.42,12.43,1701,2021-08-23 18:58:00,NDLS
12.4217,12.4217,12.4,12.4001,2449,2021-08-23 18:59:00,NDLS
12.41,12.41,12.41,12.41,200,2021-08-23 19:00:00,NDLS
12.4026,12.4026,12.4,12.4,1100,2021-08-23 19:03:00,NDLS
12.43,12.43,12.41,12.41,200,2021-08-23 19:04:00,NDLS
12.4,12.4,12.4,12.4,405,2021-08-23 19:06:00,NDLS
12.4,12.4,12.38,12.38,717,2021-08-23 19:09:00,NDLS
12.37,12.37,12.37,12.37,667,2021-08-23 19:15:00,NDLS
12.36,12.36,12.36,12.36,300,2021-08-23 19:16:00,NDLS
12.36,12.36,12.36,12.36,700,2021-08-23 19:17:00,NDLS
12.39,12.4,12.39,12.4,408,2021-08-23 19:21:00,NDLS
12.39,12.39,12.38,12.38,600,2021-08-23 19:23:00,NDLS
12.38,12.38,12.38,12.38,200,2021-08-23 19:26:00,NDLS
12.38,12.38,12.38,12.38,100,2021-08-23 19:28:00,NDLS
12.38,12.38,12.38,12.38,100,2021-08-23 19:30:00,NDLS
12.4,12.42,12.4,12.4,1800,2021-08-23 19:35:00,NDLS
12.4,12.4,12.4,12.4,100,2021-08-23 19:36:00,NDLS
12.4,12.4,12.4,12.4,100,2021-08-23 19:37:00,NDLS
12.41,12.42,12.41,12.42,300,2021-08-23 19:39:00,NDLS
12.41,12.41,12.4,12.4,500,2021-08-23 19:40:00,NDLS
12.39,12.4,12.39,12.4,300,2021-08-23 19:41:00,NDLS
12.4,12.4,12.4,12.4,100,2021-08-23 19:42:00,NDLS
12.39,12.39,12.39,12.39,200,2021-08-23 19:43:00,NDLS
12.4,12.4,12.39,12.39,200,2021-08-23 19:45:00,NDLS
12.4,12.41,12.39,12.39,400,2021-08-23 19:46:00,NDLS
12.395,12.395,12.395,12.395,100,2021-08-23 19:48:00,NDLS
12.4,12.4,12.39,12.39,1901,2021-08-23 19:50:00,NDLS
12.385,12.385,12.38,12.38,1200,2021-08-23 19:51:00,NDLS
12.39,12.39,12.37,12.37,1743,2021-08-23 19:53:00,NDLS
12.37,12.37,12.36,12.36,300,2021-08-23 19:54:00,NDLS
12.35,12.35,12.35,12.35,200,2021-08-23 19:55:00,NDLS
12.35,12.355,12.34,12.34,1233,2021-08-23 19:56:00,NDLS
12.34,12.34,12.34,12.34,382,2021-08-23 19:57:00,NDLS
12.35,12.35,12.35,12.35,1422,2021-08-23 19:58:00,NDLS
12.36,12.37,12.3,12.34,3906,2021-08-23 19:59:00,NDLS
12.33,12.33,12.33,12.33,17008,2021-08-23 20:00:00,NDLS
12.35,12.43,12.35,12.43,3656,2021-08-24 13:30:00,NDLS
12.39,12.39,12.39,12.39,100,2021-08-24 13:31:00,NDLS
12.28,12.28,12.2506,12.2506,200,2021-08-24 13:32:00,NDLS
12.46,12.46,12.46,12.46,100,2021-08-24 13:38:00,NDLS
12.5,12.5,12.5,12.5,100,2021-08-24 13:39:00,NDLS
12.5,12.5,12.5,12.5,1392,2021-08-24 13:40:00,NDLS
12.5205,12.5205,12.41,12.41,2000,2021-08-24 13:44:00,NDLS
12.46,12.46,12.46,12.46,100,2021-08-24 13:48:00,NDLS
12.46,12.46,12.46,12.46,100,2021-08-24 13:50:00,NDLS
12.42,12.42,12.41,12.41,255,2021-08-24 14:00:00,NDLS
12.3697,12.3697,12.3697,12.3697,144,2021-08-24 14:16:00,NDLS
12.31,12.31,12.3,12.31,400,2021-08-24 14:21:00,NDLS
12.3,12.31,12.3,12.31,1200,2021-08-24 14:23:00,NDLS
12.335,12.335,12.335,12.335,100,2021-08-24 14:26:00,NDLS
12.33,12.33,12.33,12.33,100,2021-08-24 14:31:00,NDLS
12.32,12.32,12.32,12.32,100,2021-08-24 14:39:00,NDLS
12.3391,12.3391,12.3391,12.3391,100,2021-08-24 14:47:00,NDLS
12.34,12.35,12.34,12.35,210,2021-08-24 14:50:00,NDLS
12.35,12.39,12.35,12.39,2748,2021-08-24 14:58:00,NDLS
12.39,12.39,12.39,12.39,105,2021-08-24 14:59:00,NDLS
12.45,12.45,12.45,12.45,100,2021-08-24 15:01:00,NDLS
12.46,12.46,12.46,12.46,100,2021-08-24 15:04:00,NDLS
12.42,12.42,12.42,12.42,400,2021-08-24 15:07:00,NDLS
12.39,12.39,12.39,12.39,100,2021-08-24 15:09:00,NDLS
12.41,12.41,12.41,12.41,300,2021-08-24 15:25:00,NDLS
12.41,12.41,12.41,12.41,100,2021-08-24 15:28:00,NDLS
12.42,12.42,12.4,12.41,300,2021-08-24 15:40:00,NDLS
12.405,12.43,12.405,12.43,300,2021-08-24 15:45:00,NDLS
12.41,12.41,12.41,12.41,100,2021-08-24 15:50:00,NDLS
12.38,12.3819,12.38,12.3803,945,2021-08-24 16:02:00,NDLS
12.43,12.43,12.41,12.41,200,2021-08-24 16:03:00,NDLS
12.43,12.44,12.43,12.44,400,2021-08-24 16:10:00,NDLS
12.5,12.5,12.5,12.5,100,2021-08-24 16:13:00,NDLS
12.48,12.48,12.48,12.48,100,2021-08-24 16:14:00,NDLS
12.49,12.5,12.49,12.5,763,2021-08-24 16:26:00,NDLS
12.503,12.503,12.503,12.503,600,2021-08-24 16:31:00,NDLS
12.53,12.55,12.53,12.55,1746,2021-08-24 16:39:00,NDLS
12.54,12.55,12.54,12.55,300,2021-08-24 16:40:00,NDLS
12.5589,12.5589,12.5589,12.5589,253,2021-08-24 16:43:00,NDLS
12.565,12.565,12.565,12.565,100,2021-08-24 16:46:00,NDLS
12.56,12.56,12.53,12.53,445,2021-08-24 16:50:00,NDLS
12.5202,12.5202,12.5202,12.5202,120,2021-08-24 16:56:00,NDLS
12.52,12.52,12.52,12.52,100,2021-08-24 17:00:00,NDLS
12.51,12.51,12.48,12.48,700,2021-08-24 17:21:00,NDLS
12.5101,12.5101,12.5101,12.5101,111,2021-08-24 17:38:00,NDLS
12.51,12.51,12.51,12.51,200,2021-08-24 17:43:00,NDLS
12.53,12.53,12.53,12.53,100,2021-08-24 17:46:00,NDLS
12.53,12.53,12.53,12.53,508,2021-08-24 17:50:00,NDLS
12.5201,12.5201,12.5201,12.5201,100,2021-08-24 17:51:00,NDLS
12.535,12.535,12.535,12.535,100,2021-08-24 18:02:00,NDLS
12.52,12.52,12.52,12.52,730,2021-08-24 18:07:00,NDLS
12.5,12.5,12.49,12.49,300,2021-08-24 18:08:00,NDLS
12.48,12.48,12.48,12.48,100,2021-08-24 18:11:00,NDLS
12.44,12.44,12.41,12.41,1107,2021-08-24 18:22:00,NDLS
12.43,12.44,12.43,12.44,823,2021-08-24 18:23:00,NDLS
12.4101,12.4101,12.4101,12.4101,500,2021-08-24 18:26:00,NDLS
12.4101,12.4101,12.4031,12.4031,1100,2021-08-24 18:27:00,NDLS
12.4101,12.4101,12.4101,12.4101,490,2021-08-24 18:29:00,NDLS
12.4001,12.4001,12.4,12.4,600,2021-08-24 18:30:00,NDLS
12.4,12.4,12.4,12.4,100,2021-08-24 18:35:00,NDLS
12.39,12.39,12.39,12.39,100,2021-08-24 18:36:00,NDLS
12.39,12.39,12.38,12.38,200,2021-08-24 18:42:00,NDLS
12.385,12.385,12.385,12.385,100,2021-08-24 18:49:00,NDLS
12.4,12.41,12.4,12.41,862,2021-08-24 18:50:00,NDLS
12.41,12.41,12.41,12.41,100,2021-08-24 18:52:00,NDLS
12.4,12.4,12.4,12.4,200,2021-08-24 18:56:00,NDLS
12.4,12.4,12.4,12.4,400,2021-08-24 18:58:00,NDLS
12.38,12.38,12.38,12.38,100,2021-08-24 19:06:00,NDLS
12.39,12.39,12.39,12.39,100,2021-08-24 19:07:00,NDLS
12.38,12.38,12.38,12.38,213,2021-08-24 19:21:00,NDLS
12.34,12.35,12.34,12.35,200,2021-08-24 19:24:00,NDLS
12.36,12.36,12.35,12.35,300,2021-08-24 19:30:00,NDLS
12.35,12.35,12.35,12.35,200,2021-08-24 19:33:00,NDLS
12.35,12.355,12.34,12.34,1245,2021-08-24 19:34:00,NDLS
12.3404,12.3404,12.3404,12.3404,400,2021-08-24 19:35:00,NDLS
12.34,12.34,12.34,12.34,200,2021-08-24 19:36:00,NDLS
12.34,12.34,12.34,12.34,200,2021-08-24 19:38:00,NDLS
12.3206,12.3206,12.3,12.3,633,2021-08-24 19:39:00,NDLS
12.3,12.3,12.2404,12.25,3135,2021-08-24 19:40:00,NDLS
12.2404,12.275,12.24,12.24,2847,2021-08-24 19:41:00,NDLS
12.27,12.27,12.27,12.27,100,2021-08-24 19:43:00,NDLS
12.28,12.32,12.27,12.31,3446,2021-08-24 19:45:00,NDLS
12.32,12.32,12.3,12.3,200,2021-08-24 19:46:00,NDLS
12.31,12.315,12.31,12.315,400,2021-08-24 19:48:00,NDLS
12.3,12.32,12.3,12.32,1513,2021-08-24 19:50:00,NDLS
12.33,12.33,12.33,12.33,179,2021-08-24 19:51:00,NDLS
12.33,12.33,12.32,12.32,1117,2021-08-24 19:52:00,NDLS
12.3,12.3,12.3,12.3,100,2021-08-24 19:53:00,NDLS
12.3,12.3,12.3,12.3,100,2021-08-24 19:54:00,NDLS
12.33,12.33,12.33,12.33,200,2021-08-24 19:55:00,NDLS
12.33,12.33,12.33,12.33,200,2021-08-24 19:56:00,NDLS
12.32,12.33,12.32,12.32,843,2021-08-24 19:57:00,NDLS
12.32,12.32,12.3,12.32,1341,2021-08-24 19:58:00,NDLS
12.31,12.38,12.31,12.38,7743,2021-08-24 19:59:00,NDLS
12.38,12.38,12.38,12.38,10258,2021-08-24 20:00:00,NDLS
12.38,12.39,12.38,12.39,646,2021-08-25 13:30:00,NDLS
12.42,12.42,12.42,12.42,400,2021-08-25 13:39:00,NDLS
12.55,12.55,12.55,12.55,1000,2021-08-25 13:45:00,NDLS
12.43,12.43,12.43,12.43,100,2021-08-25 13:49:00,NDLS
12.5,12.5,12.49,12.49,2052,2021-08-25 13:55:00,NDLS
12.51,12.51,12.51,12.51,335,2021-08-25 13:56:00,NDLS
12.55,12.55,12.55,12.55,300,2021-08-25 14:03:00,NDLS
12.51,12.51,12.51,12.51,500,2021-08-25 14:06:00,NDLS
12.54,12.54,12.54,12.54,200,2021-08-25 14:07:00,NDLS
12.5034,12.5034,12.5034,12.5034,250,2021-08-25 14:12:00,NDLS
12.46,12.46,12.46,12.46,100,2021-08-25 14:21:00,NDLS
12.53,12.53,12.53,12.53,200,2021-08-25 14:24:00,NDLS
12.599,12.599,12.599,12.599,100,2021-08-25 14:35:00,NDLS
12.565,12.565,12.565,12.565,100,2021-08-25 14:37:00,NDLS
12.6,12.6,12.6,12.6,699,2021-08-25 14:42:00,NDLS
12.6391,12.64,12.6391,12.64,265,2021-08-25 14:43:00,NDLS
12.6101,12.67,12.6101,12.67,2037,2021-08-25 14:44:00,NDLS
12.62,12.67,12.62,12.64,929,2021-08-25 14:49:00,NDLS
12.62,12.62,12.62,12.62,100,2021-08-25 14:51:00,NDLS
12.62,12.62,12.62,12.62,100,2021-08-25 14:52:00,NDLS
12.64,12.64,12.64,12.64,100,2021-08-25 14:56:00,NDLS
12.64,12.64,12.64,12.64,100,2021-08-25 14:57:00,NDLS
12.6458,12.66,12.62,12.62,307,2021-08-25 15:00:00,NDLS
12.645,12.645,12.645,12.645,200,2021-08-25 15:02:00,NDLS
12.62,12.62,12.62,12.62,100,2021-08-25 15:09:00,NDLS
12.62,12.62,12.62,12.62,320,2021-08-25 15:10:00,NDLS
12.62,12.62,12.62,12.62,200,2021-08-25 15:11:00,NDLS
12.624,12.624,12.624,12.624,500,2021-08-25 15:12:00,NDLS
12.6495,12.6495,12.58,12.58,1766,2021-08-25 15:17:00,NDLS
12.58,12.58,12.58,12.58,300,2021-08-25 15:28:00,NDLS
12.58,12.58,12.58,12.58,100,2021-08-25 15:29:00,NDLS
12.585,12.585,12.585,12.585,100,2021-08-25 15:31:00,NDLS
12.585,12.59,12.585,12.585,300,2021-08-25 15:32:00,NDLS
12.58,12.59,12.58,12.58,1000,2021-08-25 15:33:00,NDLS
12.58,12.58,12.55,12.555,1900,2021-08-25 15:34:00,NDLS
12.58,12.58,12.58,12.58,200,2021-08-25 15:35:00,NDLS
12.57,12.6,12.57,12.6,300,2021-08-25 15:36:00,NDLS
12.585,12.585,12.585,12.585,200,2021-08-25 15:37:00,NDLS
12.585,12.585,12.56,12.56,200,2021-08-25 15:39:00,NDLS
12.6,12.61,12.6,12.6,500,2021-08-25 15:43:00,NDLS
12.61,12.61,12.61,12.61,100,2021-08-25 15:53:00,NDLS
12.605,12.605,12.605,12.605,100,2021-08-25 15:55:00,NDLS
12.62,12.62,12.62,12.62,100,2021-08-25 15:58:00,NDLS
12.65,12.65,12.65,12.65,128,2021-08-25 16:07:00,NDLS
12.68,12.68,12.68,12.68,115,2021-08-25 16:12:00,NDLS
12.67,12.67,12.63,12.63,409,2021-08-25 16:15:00,NDLS
12.64,12.64,12.62,12.62,200,2021-08-25 16:16:00,NDLS
12.64,12.64,12.64,12.64,100,2021-08-25 16:18:00,NDLS
12.65,12.65,12.65,12.65,100,2021-08-25 16:20:00,NDLS
12.65,12.65,12.65,12.65,200,2021-08-25 16:26:00,NDLS
12.62,12.62,12.62,12.62,100,2021-08-25 16:33:00,NDLS
12.635,12.635,12.635,12.635,200,2021-08-25 16:34:00,NDLS
12.65,12.65,12.65,12.65,100,2021-08-25 16:38:00,NDLS
12.66,12.66,12.66,12.66,100,2021-08-25 16:46:00,NDLS
12.64,12.64,12.64,12.64,113,2021-08-25 16:47:00,NDLS
12.659,12.659,12.659,12.659,100,2021-08-25 16:49:00,NDLS
12.64,12.64,12.64,12.64,100,2021-08-25 16:56:00,NDLS
12.62,12.62,12.62,12.62,100,2021-08-25 16:59:00,NDLS
12.62,12.62,12.62,12.62,619,2021-08-25 17:00:00,NDLS
12.59,12.59,12.59,12.59,100,2021-08-25 17:02:00,NDLS
12.5979,12.5979,12.5979,12.5979,200,2021-08-25 17:09:00,NDLS
12.6,12.6,12.6,12.6,200,2021-08-25 17:30:00,NDLS
12.6,12.6,12.58,12.58,839,2021-08-25 17:32:00,NDLS
12.59,12.59,12.59,12.59,100,2021-08-25 17:34:00,NDLS
12.56,12.56,12.56,12.56,157,2021-08-25 17:39:00,NDLS
12.58,12.58,12.58,12.58,300,2021-08-25 17:44:00,NDLS
12.58,12.58,12.58,12.58,100,2021-08-25 17:45:00,NDLS
12.56,12.56,12.56,12.56,300,2021-08-25 17:49:00,NDLS
12.49,12.49,12.43,12.489,4411,2021-08-25 17:53:00,NDLS
12.49,12.51,12.49,12.51,800,2021-08-25 17:59:00,NDLS
12.48,12.48,12.48,12.48,100,2021-08-25 18:07:00,NDLS
12.52,12.52,12.52,12.52,100,2021-08-25 18:14:00,NDLS
12.52,12.52,12.51,12.51,300,2021-08-25 18:16:00,NDLS
12.495,12.495,12.495,12.495,100,2021-08-25 18:21:00,NDLS
12.51,12.51,12.51,12.51,100,2021-08-25 18:26:00,NDLS
12.5,12.5,12.5,12.5,400,2021-08-25 18:29:00,NDLS
12.51,12.51,12.51,12.51,200,2021-08-25 18:33:00,NDLS
12.51,12.51,12.51,12.51,200,2021-08-25 18:41:00,NDLS
12.525,12.525,12.525,12.525,100,2021-08-25 18:42:00,NDLS
12.51,12.51,12.5,12.5,504,2021-08-25 18:43:00,NDLS
12.53,12.54,12.525,12.525,1500,2021-08-25 18:57:00,NDLS
12.54,12.54,12.54,12.54,367,2021-08-25 19:02:00,NDLS
12.565,12.565,12.55,12.55,442,2021-08-25 19:04:00,NDLS
12.54,12.54,12.54,12.54,100,2021-08-25 19:07:00,NDLS
12.54,12.54,12.54,12.54,100,2021-08-25 19:10:00,NDLS
12.5522,12.5522,12.5522,12.5522,100,2021-08-25 19:12:00,NDLS
12.51,12.51,12.51,12.51,600,2021-08-25 19:22:00,NDLS
12.52,12.52,12.52,12.52,100,2021-08-25 19:29:00,NDLS
12.525,12.525,12.525,12.525,100,2021-08-25 19:36:00,NDLS
12.51,12.51,12.51,12.51,120,2021-08-25 19:37:00,NDLS
12.49,12.49,12.46,12.46,620,2021-08-25 19:41:00,NDLS
12.49,12.49,12.49,12.49,100,2021-08-25 19:43:00,NDLS
12.46,12.46,12.46,12.46,100,2021-08-25 19:44:00,NDLS
12.46,12.46,12.46,12.46,100,2021-08-25 19:45:00,NDLS
12.45,12.47,12.45,12.469,1400,2021-08-25 19:46:00,NDLS
12.47,12.48,12.47,12.48,1400,2021-08-25 19:48:00,NDLS
12.46,12.46,12.46,12.46,100,2021-08-25 19:50:00,NDLS
12.455,12.455,12.455,12.455,100,2021-08-25 19:52:00,NDLS
12.46,12.49,12.46,12.49,1136,2021-08-25 19:53:00,NDLS
12.505,12.51,12.505,12.51,200,2021-08-25 19:54:00,NDLS
12.51,12.51,12.51,12.51,300,2021-08-25 19:55:00,NDLS
12.52,12.53,12.52,12.525,1754,2021-08-25 19:56:00,NDLS
12.51,12.525,12.51,12.525,200,2021-08-25 19:57:00,NDLS
12.51,12.54,12.5,12.525,3161,2021-08-25 19:58:00,NDLS
12.51,12.56,12.51,12.55,3700,2021-08-25 19:59:00,NDLS
12.51,12.51,12.51,12.51,24543,2021-08-25 20:00:00,NDLS
12.51,12.51,12.51,12.51,256,2021-08-25 20:01:00,NDLS
12.42,12.455,12.42,12.455,1829,2021-08-26 13:30:00,NDLS
12.43,12.43,12.43,12.43,100,2021-08-26 13:34:00,NDLS
12.42,12.42,12.42,12.42,100,2021-08-26 13:36:00,NDLS
12.34,12.35,12.34,12.35,200,2021-08-26 13:39:00,NDLS
12.345,12.345,12.345,12.345,100,2021-08-26 13:44:00,NDLS
12.36,12.36,12.36,12.36,200,2021-08-26 13:45:00,NDLS
12.33,12.33,12.33,12.33,100,2021-08-26 13:46:00,NDLS
12.42,12.42,12.38,12.38,200,2021-08-26 13:48:00,NDLS
12.3975,12.3975,12.34,12.34,1200,2021-08-26 13:49:00,NDLS
12.3971,12.3971,12.3971,12.3971,125,2021-08-26 13:52:00,NDLS
12.371,12.371,12.371,12.371,100,2021-08-26 13:55:00,NDLS
12.46,12.46,12.43,12.43,300,2021-08-26 14:01:00,NDLS
12.455,12.455,12.455,12.455,100,2021-08-26 14:06:00,NDLS
12.4775,12.4775,12.4775,12.4775,100,2021-08-26 14:11:00,NDLS
12.465,12.49,12.465,12.49,201,2021-08-26 14:12:00,NDLS
12.525,12.525,12.525,12.525,100,2021-08-26 14:13:00,NDLS
12.46,12.46,12.46,12.46,764,2021-08-26 14:14:00,NDLS
12.5,12.5,12.5,12.5,100,2021-08-26 14:22:00,NDLS
12.48,12.48,12.46,12.46,1458,2021-08-26 14:25:00,NDLS
12.46,12.46,12.46,12.46,200,2021-08-26 14:30:00,NDLS
12.44,12.44,12.44,12.44,100,2021-08-26 14:33:00,NDLS
12.42,12.42,12.42,12.42,997,2021-08-26 14:34:00,NDLS
12.39,12.39,12.39,12.39,300,2021-08-26 14:42:00,NDLS
12.35,12.35,12.35,12.35,300,2021-08-26 14:48:00,NDLS
12.34,12.34,12.34,12.34,100,2021-08-26 14:50:00,NDLS
12.34,12.34,12.3,12.3,3533,2021-08-26 14:52:00,NDLS
12.3,12.3,12.3,12.3,1300,2021-08-26 15:02:00,NDLS
12.28,12.3,12.28,12.3,560,2021-08-26 15:07:00,NDLS
12.3,12.3,12.28,12.28,600,2021-08-26 15:08:00,NDLS
12.32,12.325,12.32,12.32,1315,2021-08-26 15:12:00,NDLS
12.2801,12.2801,12.2801,12.2801,200,2021-08-26 15:14:00,NDLS
12.29,12.29,12.29,12.29,100,2021-08-26 15:17:00,NDLS
12.3,12.3,12.3,12.3,200,2021-08-26 15:22:00,NDLS
12.29,12.29,12.26,12.26,1700,2021-08-26 15:24:00,NDLS
12.24,12.26,12.24,12.26,957,2021-08-26 15:25:00,NDLS
12.255,12.255,12.255,12.255,100,2021-08-26 15:30:00,NDLS
12.27,12.27,12.25,12.25,300,2021-08-26 15:36:00,NDLS
12.27,12.27,12.26,12.26,420,2021-08-26 15:37:00,NDLS
12.255,12.29,12.255,12.29,200,2021-08-26 15:40:00,NDLS
12.26,12.26,12.23,12.23,600,2021-08-26 15:42:00,NDLS
12.21,12.21,12.2,12.2,200,2021-08-26 15:51:00,NDLS
12.21,12.21,12.18,12.18,1400,2021-08-26 15:53:00,NDLS
12.165,12.19,12.165,12.19,300,2021-08-26 15:57:00,NDLS
12.19,12.19,12.19,12.19,100,2021-08-26 15:58:00,NDLS
12.2,12.2,12.2,12.2,200,2021-08-26 15:59:00,NDLS
12.2,12.2,12.2,12.2,100,2021-08-26 16:02:00,NDLS
12.24,12.24,12.24,12.24,2000,2021-08-26 16:07:00,NDLS
12.215,12.215,12.215,12.215,500,2021-08-26 16:08:00,NDLS
12.21,12.21,12.2,12.2,960,2021-08-26 16:10:00,NDLS
12.18,12.18,12.12,12.13,1900,2021-08-26 16:13:00,NDLS
12.16,12.16,12.16,12.16,100,2021-08-26 16:14:00,NDLS
12.17,12.17,12.17,12.17,200,2021-08-26 16:18:00,NDLS
12.16,12.16,12.16,12.16,100,2021-08-26 16:20:00,NDLS
12.15,12.16,12.14,12.16,1700,2021-08-26 16:23:00,NDLS
12.14,12.14,12.14,12.14,100,2021-08-26 16:28:00,NDLS
12.14,12.14,12.14,12.14,400,2021-08-26 16:37:00,NDLS
12.14,12.14,12.14,12.14,400,2021-08-26 16:45:00,NDLS
12.14,12.14,12.14,12.14,120,2021-08-26 16:46:00,NDLS
12.13,12.13,12.12,12.12,360,2021-08-26 16:50:00,NDLS
12.135,12.135,12.135,12.135,100,2021-08-26 16:53:00,NDLS
12.1342,12.1342,12.1342,12.1342,145,2021-08-26 17:05:00,NDLS
12.13,12.13,12.13,12.13,500,2021-08-26 17:12:00,NDLS
12.135,12.135,12.135,12.135,200,2021-08-26 17:15:00,NDLS
12.13,12.13,12.13,12.13,100,2021-08-26 17:16:00,NDLS
12.12,12.12,12.12,12.12,100,2021-08-26 17:17:00,NDLS
12.135,12.15,12.135,12.15,1524,2021-08-26 17:21:00,NDLS
12.12,12.12,12.12,12.12,4999,2021-08-26 17:22:00,NDLS
12.105,12.105,12.105,12.105,122,2021-08-26 17:23:00,NDLS
12.13,12.13,12.13,12.13,1000,2021-08-26 17:25:00,NDLS
12.105,12.105,12.105,12.105,100,2021-08-26 17:26:00,NDLS
12.1,12.12,12.1,12.1,1789,2021-08-26 17:27:00,NDLS
12.115,12.115,12.115,12.115,100,2021-08-26 17:28:00,NDLS
12.115,12.115,12.115,12.115,100,2021-08-26 17:31:00,NDLS
12.1199,12.1199,12.1199,12.1199,100,2021-08-26 17:36:00,NDLS
12.11,12.11,12.11,12.11,200,2021-08-26 17:37:00,NDLS
12.11,12.11,12.11,12.11,500,2021-08-26 17:47:00,NDLS
12.0932,12.0932,12.0932,12.0932,300,2021-08-26 17:48:00,NDLS
12.11,12.11,12.11,12.11,100,2021-08-26 17:55:00,NDLS
12.1,12.1,12.09,12.09,1200,2021-08-26 18:02:00,NDLS
12.07,12.07,12.07,12.07,100,2021-08-26 18:04:00,NDLS
12.07,12.07,12.07,12.07,100,2021-08-26 18:05:00,NDLS
12.04,12.04,12.03,12.03,1298,2021-08-26 18:19:00,NDLS
12.05,12.05,12.05,12.05,319,2021-08-26 18:20:00,NDLS
12.06,12.06,12.06,12.06,100,2021-08-26 18:29:00,NDLS
12.06,12.06,12.06,12.06,893,2021-08-26 18:33:00,NDLS
12.04,12.04,12.04,12.04,100,2021-08-26 18:34:00,NDLS
12.035,12.035,12.035,12.035,100,2021-08-26 18:43:00,NDLS
12.02,12.03,12.02,12.02,1800,2021-08-26 18:44:00,NDLS
12.03,12.03,12.03,12.03,100,2021-08-26 18:45:00,NDLS
12.05,12.05,12.05,12.05,100,2021-08-26 18:46:00,NDLS
12.05,12.05,12.05,12.05,200,2021-08-26 18:48:00,NDLS
12.03,12.03,12.03,12.03,100,2021-08-26 18:52:00,NDLS
12.04,12.04,12.03,12.03,3264,2021-08-26 18:55:00,NDLS
12.03,12.03,12.03,12.03,400,2021-08-26 18:58:00,NDLS
12.02,12.02,12.01,12.01,500,2021-08-26 19:07:00,NDLS
12.01,12.01,12.01,12.01,100,2021-08-26 19:09:00,NDLS
12.02,12.02,12.02,12.02,100,2021-08-26 19:14:00,NDLS
12.04,12.04,12.04,12.04,100,2021-08-26 19:17:00,NDLS
12.075,12.075,12.075,12.075,100,2021-08-26 19:20:00,NDLS
12.06,12.06,12.06,12.06,200,2021-08-26 19:21:00,NDLS
12.05,12.05,12.05,12.05,110,2021-08-26 19:35:00,NDLS
12.05,12.05,12.05,12.05,100,2021-08-26 19:36:00,NDLS
12.05,12.055,12.045,12.045,534,2021-08-26 19:38:00,NDLS
12.04,12.04,12.04,12.04,200,2021-08-26 19:39:00,NDLS
12.04,12.05,12.04,12.05,3143,2021-08-26 19:40:00,NDLS
12.07,12.07,12.07,12.07,100,2021-08-26 19:46:00,NDLS
12.06,12.065,12.06,12.065,500,2021-08-26 19:47:00,NDLS
12.085,12.085,12.085,12.085,100,2021-08-26 19:50:00,NDLS
12.08,12.08,12.08,12.08,300,2021-08-26 19:51:00,NDLS
12.075,12.075,12.075,12.075,800,2021-08-26 19:52:00,NDLS
12.08,12.09,12.08,12.09,200,2021-08-26 19:53:00,NDLS
12.08,12.12,12.08,12.12,900,2021-08-26 19:54:00,NDLS
12.13,12.13,12.12,12.12,623,2021-08-26 19:55:00,NDLS
12.125,12.125,12.125,12.125,100,2021-08-26 19:57:00,NDLS
12.12,12.13,12.12,12.13,2205,2021-08-26 19:58:00,NDLS
12.13,12.15,12.1,12.13,3606,2021-08-26 19:59:00,NDLS
12.15,12.15,12.15,12.15,20496,2021-08-26 20:00:00,NDLS
12.15,12.15,12.15,12.15,1245,2021-08-26 20:01:00,NDLS
12.11,12.11,12.11,12.11,2470,2021-08-27 13:30:00,NDLS
12.23,12.26,12.23,12.26,1330,2021-08-27 13:35:00,NDLS
12.34,12.34,12.34,12.34,200,2021-08-27 13:38:00,NDLS
12.34,12.34,12.34,12.34,100,2021-08-27 13:45:00,NDLS
12.34,12.34,12.34,12.34,100,2021-08-27 13:48:00,NDLS
12.25,12.25,12.25,12.25,200,2021-08-27 13:52:00,NDLS
12.22,12.22,12.22,12.22,400,2021-08-27 13:55:00,NDLS
12.26,12.28,12.26,12.28,300,2021-08-27 14:02:00,NDLS
12.285,12.285,12.285,12.285,108,2021-08-27 14:03:00,NDLS
12.29,12.29,12.29,12.29,100,2021-08-27 14:05:00,NDLS
12.29,12.295,12.29,12.295,200,2021-08-27 14:07:00,NDLS
12.3,12.3,12.3,12.3,100,2021-08-27 14:16:00,NDLS
12.33,12.33,12.305,12.305,700,2021-08-27 14:21:00,NDLS
12.3,12.3,12.3,12.3,400,2021-08-27 14:28:00,NDLS
12.315,12.315,12.315,12.315,100,2021-08-27 14:33:00,NDLS
12.33,12.33,12.315,12.315,400,2021-08-27 14:34:00,NDLS
12.31,12.31,12.31,12.31,300,2021-08-27 14:35:00,NDLS
12.28,12.28,12.26,12.26,356,2021-08-27 14:39:00,NDLS
12.28,12.29,12.265,12.265,950,2021-08-27 14:47:00,NDLS
12.305,12.305,12.305,12.305,100,2021-08-27 14:49:00,NDLS
12.31,12.31,12.31,12.31,100,2021-08-27 14:51:00,NDLS
12.3,12.31,12.3,12.31,300,2021-08-27 14:54:00,NDLS
12.32,12.33,12.305,12.32,500,2021-08-27 14:56:00,NDLS
12.34,12.34,12.34,12.34,1773,2021-08-27 14:58:00,NDLS
12.36,12.36,12.36,12.36,100,2021-08-27 15:02:00,NDLS
12.36,12.36,12.35,12.35,700,2021-08-27 15:05:00,NDLS
12.35,12.35,12.35,12.35,100,2021-08-27 15:09:00,NDLS
12.39,12.4,12.375,12.375,600,2021-08-27 15:10:00,NDLS
12.36,12.39,12.36,12.39,1021,2021-08-27 15:15:00,NDLS
12.36,12.36,12.345,12.35,1290,2021-08-27 15:19:00,NDLS
12.3899,12.3899,12.3899,12.3899,187,2021-08-27 15:20:00,NDLS
12.35,12.43,12.34,12.43,8575,2021-08-27 15:29:00,NDLS
12.43,12.432,12.43,12.432,1000,2021-08-27 15:30:00,NDLS
12.43,12.43,12.4103,12.4103,700,2021-08-27 15:31:00,NDLS
12.43,12.45,12.4157,12.441,900,2021-08-27 15:33:00,NDLS
12.45,12.45,12.4212,12.4212,1700,2021-08-27 15:34:00,NDLS
12.435,12.435,12.435,12.435,100,2021-08-27 15:35:00,NDLS
12.45,12.45,12.45,12.45,172,2021-08-27 15:37:00,NDLS
12.44,12.45,12.44,12.44,2500,2021-08-27 15:39:00,NDLS
12.44,12.44,12.44,12.44,100,2021-08-27 15:40:00,NDLS
12.45,12.45,12.44,12.44,1600,2021-08-27 15:42:00,NDLS
12.45,12.45,12.44,12.45,1300,2021-08-27 15:43:00,NDLS
12.45,12.45,12.45,12.45,100,2021-08-27 15:44:00,NDLS
12.43,12.43,12.43,12.43,501,2021-08-27 15:49:00,NDLS
12.44,12.44,12.43,12.43,600,2021-08-27 15:54:00,NDLS
12.44,12.44,12.435,12.4398,300,2021-08-27 15:57:00,NDLS
12.435,12.455,12.435,12.4498,1141,2021-08-27 15:59:00,NDLS
12.45,12.5,12.45,12.5,1000,2021-08-27 16:00:00,NDLS
12.5,12.5,12.5,12.5,100,2021-08-27 16:02:00,NDLS
12.5,12.54,12.5,12.54,1200,2021-08-27 16:03:00,NDLS
12.5594,12.5594,12.5594,12.5594,100,2021-08-27 16:04:00,NDLS
12.56,12.56,12.56,12.56,200,2021-08-27 16:11:00,NDLS
12.555,12.555,12.555,12.555,3000,2021-08-27 16:12:00,NDLS
12.56,12.56,12.555,12.555,300,2021-08-27 16:13:00,NDLS
12.605,12.605,12.605,12.605,100,2021-08-27 16:17:00,NDLS
12.63,12.63,12.63,12.63,100,2021-08-27 16:18:00,NDLS
12.58,12.58,12.54,12.54,1000,2021-08-27 16:19:00,NDLS
12.58,12.59,12.56,12.59,9475,2021-08-27 16:32:00,NDLS
12.59,12.59,12.59,12.59,200,2021-08-27 16:33:00,NDLS
12.59,12.59,12.59,12.59,100,2021-08-27 16:39:00,NDLS
12.6096,12.61,12.605,12.605,600,2021-08-27 16:40:00,NDLS
12.59,12.59,12.59,12.59,100,2021-08-27 16:43:00,NDLS
12.605,12.61,12.605,12.61,1368,2021-08-27 16:45:00,NDLS
12.67,12.67,12.67,12.67,100,2021-08-27 16:47:00,NDLS
12.64,12.64,12.64,12.64,200,2021-08-27 16:51:00,NDLS
12.62,12.62,12.62,12.62,100,2021-08-27 16:53:00,NDLS
12.635,12.635,12.635,12.635,100,2021-08-27 16:54:00,NDLS
12.62,12.62,12.62,12.62,100,2021-08-27 16:55:00,NDLS
12.61,12.61,12.6,12.6,400,2021-08-27 17:00:00,NDLS
12.58,12.58,12.58,12.58,200,2021-08-27 17:05:00,NDLS
12.58,12.58,12.58,12.58,100,2021-08-27 17:09:00,NDLS
12.59,12.59,12.59,12.59,200,2021-08-27 17:15:00,NDLS
12.6,12.63,12.6,12.63,824,2021-08-27 17:18:00,NDLS
12.63,12.63,12.63,12.63,320,2021-08-27 17:23:00,NDLS
12.64,12.65,12.64,12.64,1400,2021-08-27 17:27:00,NDLS
12.7,12.7,12.7,12.7,100,2021-08-27 17:28:00,NDLS
12.7,12.7,12.68,12.68,200,2021-08-27 17:33:00,NDLS
12.7,12.7,12.7,12.7,100,2021-08-27 17:36:00,NDLS
12.69,12.69,12.67,12.67,200,2021-08-27 17:38:00,NDLS
12.67,12.67,12.67,12.67,100,2021-08-27 17:39:00,NDLS
12.67,12.67,12.67,12.67,200,2021-08-27 17:40:00,NDLS
12.66,12.66,12.66,12.66,100,2021-08-27 17:42:00,NDLS
12.68,12.68,12.68,12.68,100,2021-08-27 17:44:00,NDLS
12.665,12.665,12.665,12.665,100,2021-08-27 17:50:00,NDLS
12.65,12.65,12.64,12.64,400,2021-08-27 17:51:00,NDLS
12.63,12.63,12.63,12.63,200,2021-08-27 17:54:00,NDLS
12.64,12.64,12.64,12.64,920,2021-08-27 18:01:00,NDLS
12.64,12.64,12.64,12.64,200,2021-08-27 18:04:00,NDLS
12.65,12.65,12.65,12.65,142,2021-08-27 18:16:00,NDLS
12.64,12.64,12.63,12.64,500,2021-08-27 18:21:00,NDLS
12.64,12.64,12.64,12.64,500,2021-08-27 18:27:00,NDLS
12.66,12.66,12.66,12.66,100,2021-08-27 18:28:00,NDLS
12.69,12.69,12.69,12.69,100,2021-08-27 18:32:00,NDLS
12.66,12.66,12.66,12.66,100,2021-08-27 18:33:00,NDLS
12.65,12.655,12.65,12.655,300,2021-08-27 18:36:00,NDLS
12.63,12.63,12.63,12.63,205,2021-08-27 18:37:00,NDLS
12.65,12.65,12.65,12.65,200,2021-08-27 18:40:00,NDLS
12.64,12.64,12.64,12.64,100,2021-08-27 18:42:00,NDLS
12.65,12.65,12.65,12.65,100,2021-08-27 18:51:00,NDLS
12.65,12.65,12.65,12.65,100,2021-08-27 18:57:00,NDLS
12.66,12.66,12.66,12.66,100,2021-08-27 18:58:00,NDLS
12.67,12.69,12.67,12.69,220,2021-08-27 18:59:00,NDLS
12.675,12.675,12.675,12.675,400,2021-08-27 19:00:00,NDLS
12.68,12.69,12.68,12.68,400,2021-08-27 19:05:00,NDLS
12.6952,12.699,12.68,12.68,800,2021-08-27 19:07:00,NDLS
12.69,12.7,12.69,12.7,897,2021-08-27 19:10:00,NDLS
12.73,12.73,12.69,12.7,800,2021-08-27 19:12:00,NDLS
12.67,12.67,12.67,12.67,302,2021-08-27 19:14:00,NDLS
12.67,12.67,12.67,12.67,800,2021-08-27 19:15:00,NDLS
12.68,12.68,12.68,12.68,100,2021-08-27 19:17:00,NDLS
12.68,12.68,12.67,12.68,700,2021-08-27 19:18:00,NDLS
12.665,12.665,12.665,12.665,100,2021-08-27 19:19:00,NDLS
12.69,12.69,12.68,12.68,303,2021-08-27 19:23:00,NDLS
12.675,12.675,12.675,12.675,100,2021-08-27 19:28:00,NDLS
12.68,12.68,12.65,12.65,400,2021-08-27 19:32:00,NDLS
12.66,12.66,12.66,12.66,100,2021-08-27 19:33:00,NDLS
12.6565,12.6565,12.6501,12.655,360,2021-08-27 19:35:00,NDLS
12.66,12.675,12.66,12.675,500,2021-08-27 19:36:00,NDLS
12.66,12.66,12.66,12.66,500,2021-08-27 19:38:00,NDLS
12.64,12.64,12.64,12.64,200,2021-08-27 19:42:00,NDLS
12.635,12.635,12.63,12.63,316,2021-08-27 19:43:00,NDLS
12.64,12.66,12.63,12.66,1000,2021-08-27 19:46:00,NDLS
12.67,12.7,12.65,12.7,1800,2021-08-27 19:49:00,NDLS
12.7,12.7,12.685,12.7,1200,2021-08-27 19:50:00,NDLS
12.71,12.71,12.71,12.71,200,2021-08-27 19:51:00,NDLS
12.695,12.7,12.695,12.7,200,2021-08-27 19:52:00,NDLS
12.685,12.7,12.68,12.68,1300,2021-08-27 19:53:00,NDLS
12.7,12.71,12.68,12.69,2197,2021-08-27 19:54:00,NDLS
12.69,12.7,12.68,12.685,1600,2021-08-27 19:55:00,NDLS
12.67,12.71,12.67,12.695,2715,2021-08-27 19:56:00,NDLS
12.695,12.7,12.68,12.695,2500,2021-08-27 19:57:00,NDLS
12.695,12.71,12.695,12.695,2850,2021-08-27 19:58:00,NDLS
12.695,12.73,12.695,12.715,4800,2021-08-27 19:59:00,NDLS
12.73,12.73,12.73,12.73,26778,2021-08-27 20:00:00,NDLS
12.75,12.75,12.6997,12.6997,802,2021-08-30 13:30:00,NDLS
12.75,12.75,12.75,12.75,100,2021-08-30 13:33:00,NDLS
12.59,12.59,12.59,12.59,100,2021-08-30 13:40:00,NDLS
12.59,12.59,12.59,12.59,100,2021-08-30 13:45:00,NDLS
12.58,12.58,12.57,12.57,200,2021-08-30 13:46:00,NDLS
12.59,12.59,12.59,12.59,100,2021-08-30 13:48:00,NDLS
12.59,12.59,12.59,12.59,200,2021-08-30 13:49:00,NDLS
12.59,12.59,12.59,12.59,177,2021-08-30 13:50:00,NDLS
12.59,12.59,12.59,12.59,300,2021-08-30 13:51:00,NDLS
12.73,12.73,12.73,12.73,200,2021-08-30 13:57:00,NDLS
12.71,12.73,12.71,12.73,200,2021-08-30 13:58:00,NDLS
12.7,12.7,12.7,12.7,100,2021-08-30 13:59:00,NDLS
12.66,12.66,12.66,12.66,100,2021-08-30 14:02:00,NDLS
12.65,12.65,12.65,12.65,107,2021-08-30 14:03:00,NDLS
12.65,12.65,12.61,12.61,512,2021-08-30 14:04:00,NDLS
12.61,12.61,12.61,12.61,200,2021-08-30 14:07:00,NDLS
12.51,12.535,12.51,12.535,200,2021-08-30 14:09:00,NDLS
12.5,12.5,12.5,12.5,380,2021-08-30 14:13:00,NDLS
12.52,12.52,12.501,12.501,1600,2021-08-30 14:19:00,NDLS
12.52,12.52,12.51,12.51,200,2021-08-30 14:21:00,NDLS
12.5,12.5,12.49,12.49,200,2021-08-30 14:26:00,NDLS
12.5,12.5,12.5,12.5,204,2021-08-30 14:33:00,NDLS
12.525,12.525,12.525,12.525,200,2021-08-30 14:36:00,NDLS
12.53,12.53,12.53,12.53,100,2021-08-30 14:37:00,NDLS
12.53,12.53,12.52,12.52,224,2021-08-30 14:38:00,NDLS
12.5,12.51,12.5,12.5,300,2021-08-30 14:45:00,NDLS
12.54,12.54,12.515,12.535,3096,2021-08-30 14:49:00,NDLS
12.53,12.53,12.53,12.53,200,2021-08-30 14:51:00,NDLS
12.52,12.52,12.485,12.5,1612,2021-08-30 14:57:00,NDLS
12.47,12.47,12.47,12.47,100,2021-08-30 14:59:00,NDLS
12.44,12.465,12.44,12.465,200,2021-08-30 15:03:00,NDLS
12.41,12.41,12.41,12.41,200,2021-08-30 15:05:00,NDLS
12.4,12.4,12.39,12.39,300,2021-08-30 15:15:00,NDLS
12.39,12.39,12.39,12.39,400,2021-08-30 15:17:00,NDLS
12.39,12.39,12.39,12.39,100,2021-08-30 15:18:00,NDLS
12.39,12.39,12.39,12.39,100,2021-08-30 15:19:00,NDLS
12.405,12.405,12.405,12.405,200,2021-08-30 15:23:00,NDLS
12.39,12.39,12.38,12.385,1262,2021-08-30 15:28:00,NDLS
12.39,12.39,12.38,12.38,300,2021-08-30 15:37:00,NDLS
12.365,12.365,12.365,12.365,100,2021-08-30 15:38:00,NDLS
12.34,12.36,12.34,12.36,1250,2021-08-30 15:41:00,NDLS
12.37,12.37,12.37,12.37,400,2021-08-30 15:42:00,NDLS
12.39,12.39,12.39,12.39,200,2021-08-30 15:45:00,NDLS
12.39,12.39,12.39,12.39,200,2021-08-30 15:46:00,NDLS
12.39,12.39,12.39,12.39,100,2021-08-30 15:51:00,NDLS
12.395,12.395,12.395,12.395,200,2021-08-30 15:54:00,NDLS
12.42,12.45,12.405,12.405,300,2021-08-30 15:56:00,NDLS
12.42,12.42,12.42,12.42,120,2021-08-30 15:58:00,NDLS
12.425,12.425,12.425,12.425,200,2021-08-30 16:02:00,NDLS
12.45,12.45,12.45,12.45,200,2021-08-30 16:05:00,NDLS
12.445,12.445,12.445,12.445,200,2021-08-30 16:07:00,NDLS
12.43,12.43,12.42,12.42,301,2021-08-30 16:08:00,NDLS
12.42,12.42,12.42,12.42,300,2021-08-30 16:09:00,NDLS
12.41,12.415,12.41,12.415,300,2021-08-30 16:17:00,NDLS
12.415,12.415,12.415,12.415,138,2021-08-30 16:18:00,NDLS
12.43,12.43,12.42,12.42,226,2021-08-30 16:19:00,NDLS
12.425,12.425,12.425,12.425,200,2021-08-30 16:25:00,NDLS
12.44,12.44,12.44,12.44,100,2021-08-30 16:29:00,NDLS
12.43,12.43,12.43,12.43,200,2021-08-30 16:33:00,NDLS
12.42,12.42,12.42,12.42,100,2021-08-30 16:36:00,NDLS
12.41,12.41,12.4,12.405,300,2021-08-30 16:37:00,NDLS
12.4,12.4,12.4,12.4,400,2021-08-30 16:42:00,NDLS
12.39,12.39,12.39,12.39,200,2021-08-30 16:43:00,NDLS
12.39,12.39,12.38,12.38,300,2021-08-30 16:45:00,NDLS
12.37,12.37,12.37,12.37,100,2021-08-30 16:46:00,NDLS
12.385,12.385,12.37,12.37,301,2021-08-30 16:47:00,NDLS
12.37,12.37,12.37,12.37,200,2021-08-30 16:48:00,NDLS
12.37,12.37,12.37,12.37,100,2021-08-30 16:49:00,NDLS
12.35,12.35,12.345,12.345,1100,2021-08-30 16:51:00,NDLS
12.35,12.35,12.35,12.35,100,2021-08-30 16:52:00,NDLS
12.33,12.33,12.33,12.33,100,2021-08-30 16:56:00,NDLS
12.345,12.345,12.345,12.345,170,2021-08-30 16:57:00,NDLS
12.34,12.34,12.34,12.34,100,2021-08-30 16:58:00,NDLS
12.35,12.35,12.35,12.35,200,2021-08-30 17:00:00,NDLS
12.34,12.35,12.34,12.35,200,2021-08-30 17:08:00,NDLS
12.35,12.36,12.35,12.36,708,2021-08-30 17:09:00,NDLS
12.36,12.36,12.36,12.36,100,2021-08-30 17:10:00,NDLS
12.32,12.32,12.32,12.32,100,2021-08-30 17:15:00,NDLS
12.335,12.335,12.335,12.335,100,2021-08-30 17:16:00,NDLS
12.345,12.36,12.345,12.35,600,2021-08-30 17:24:00,NDLS
12.34,12.34,12.34,12.34,100,2021-08-30 17:26:00,NDLS
12.345,12.36,12.345,12.36,200,2021-08-30 17:31:00,NDLS
12.38,12.38,12.38,12.38,100,2021-08-30 17:34:00,NDLS
12.36,12.36,12.36,12.36,100,2021-08-30 17:35:00,NDLS
12.34,12.34,12.34,12.34,100,2021-08-30 17:36:00,NDLS
12.35,12.35,12.35,12.35,100,2021-08-30 17:37:00,NDLS
12.365,12.38,12.35,12.35,300,2021-08-30 17:43:00,NDLS
12.35,12.35,12.35,12.35,100,2021-08-30 17:45:00,NDLS
12.35,12.35,12.35,12.35,100,2021-08-30 17:46:00,NDLS
12.38,12.38,12.38,12.38,200,2021-08-30 17:51:00,NDLS
12.36,12.38,12.36,12.38,200,2021-08-30 17:59:00,NDLS
12.35,12.35,12.35,12.35,100,2021-08-30 18:01:00,NDLS
12.37,12.37,12.37,12.37,100,2021-08-30 18:06:00,NDLS
12.35,12.35,12.35,12.35,100,2021-08-30 18:07:00,NDLS
12.37,12.37,12.355,12.355,200,2021-08-30 18:14:00,NDLS
12.35,12.35,12.35,12.35,100,2021-08-30 18:17:00,NDLS
12.34,12.36,12.34,12.36,200,2021-08-30 18:22:00,NDLS
12.34,12.34,12.32,12.32,1095,2021-08-30 18:24:00,NDLS
12.34,12.34,12.33,12.33,200,2021-08-30 18:30:00,NDLS
12.34,12.34,12.34,12.34,200,2021-08-30 18:38:00,NDLS
12.31,12.31,12.31,12.31,100,2021-08-30 18:41:00,NDLS
12.33,12.34,12.33,12.34,200,2021-08-30 18:45:00,NDLS
12.34,12.34,12.34,12.34,100,2021-08-30 18:46:00,NDLS
12.36,12.375,12.36,12.375,200,2021-08-30 18:47:00,NDLS
12.355,12.37,12.355,12.37,200,2021-08-30 18:53:00,NDLS
12.37,12.37,12.37,12.37,400,2021-08-30 18:55:00,NDLS
12.38,12.38,12.38,12.38,320,2021-08-30 18:56:00,NDLS
12.38,12.38,12.37,12.37,200,2021-08-30 18:57:00,NDLS
12.38,12.38,12.38,12.38,200,2021-08-30 18:58:00,NDLS
12.37,12.37,12.37,12.37,100,2021-08-30 18:59:00,NDLS
12.37,12.385,12.37,12.385,200,2021-08-30 19:00:00,NDLS
12.36,12.38,12.36,12.38,200,2021-08-30 19:01:00,NDLS
12.36,12.36,12.36,12.36,100,2021-08-30 19:02:00,NDLS
12.365,12.365,12.365,12.365,100,2021-08-30 19:04:00,NDLS
12.35,12.35,12.35,12.35,100,2021-08-30 19:05:00,NDLS
12.37,12.37,12.37,12.37,187,2021-08-30 19:09:00,NDLS
12.36,12.36,12.345,12.36,1019,2021-08-30 19:17:00,NDLS
12.355,12.355,12.355,12.355,100,2021-08-30 19:21:00,NDLS
12.325,12.34,12.325,12.34,200,2021-08-30 19:24:00,NDLS
12.33,12.33,12.33,12.33,100,2021-08-30 19:25:00,NDLS
12.33,12.33,12.33,12.33,300,2021-08-30 19:26:00,NDLS
12.34,12.34,12.34,12.34,300,2021-08-30 19:27:00,NDLS
12.345,12.345,12.345,12.345,100,2021-08-30 19:29:00,NDLS
12.34,12.34,12.34,12.34,100,2021-08-30 19:30:00,NDLS
12.35,12.35,12.35,12.35,200,2021-08-30 19:32:00,NDLS
12.335,12.335,12.335,12.335,100,2021-08-30 19:33:00,NDLS
12.33,12.33,12.33,12.33,100,2021-08-30 19:36:00,NDLS
12.34,12.34,12.33,12.33,346,2021-08-30 19:37:00,NDLS
12.33,12.34,12.32,12.34,400,2021-08-30 19:40:00,NDLS
12.32,12.32,12.32,12.32,100,2021-08-30 19:43:00,NDLS
12.315,12.32,12.315,12.32,500,2021-08-30 19:45:00,NDLS
12.33,12.33,12.33,12.33,100,2021-08-30 19:47:00,NDLS
12.32,12.33,12.32,12.33,300,2021-08-30 19:48:00,NDLS
12.33,12.33,12.325,12.325,200,2021-08-30 19:49:00,NDLS
12.32,12.33,12.31,12.315,1219,2021-08-30 19:50:00,NDLS
12.315,12.315,12.31,12.31,200,2021-08-30 19:51:00,NDLS
12.32,12.32,12.32,12.32,769,2021-08-30 19:52:00,NDLS
12.32,12.33,12.32,12.33,400,2021-08-30 19:53:00,NDLS
12.32,12.32,12.32,12.32,100,2021-08-30 19:54:00,NDLS
12.33,12.33,12.325,12.325,300,2021-08-30 19:55:00,NDLS
12.325,12.325,12.325,12.325,100,2021-08-30 19:56:00,NDLS
12.32,12.33,12.32,12.33,400,2021-08-30 19:57:00,NDLS
12.33,12.33,12.33,12.33,247,2021-08-30 19:58:00,NDLS
12.31,12.35,12.31,12.34,4481,2021-08-30 19:59:00,NDLS
12.32,12.32,12.32,12.32,20780,2021-08-30 20:00:00,NDLS
12.32,12.32,12.32,12.32,832,2021-08-30 20:01:00,NDLS
12.35,12.35,12.35,12.35,267,2021-08-31 13:30:00,NDLS
12.36,12.36,12.3,12.3,969,2021-08-31 13:45:00,NDLS
12.17,12.17,12.13,12.13,300,2021-08-31 13:52:00,NDLS
12.18,12.205,12.18,12.205,500,2021-08-31 13:56:00,NDLS
12.23,12.23,12.22,12.22,200,2021-08-31 13:57:00,NDLS
12.26,12.26,12.26,12.26,498,2021-08-31 13:59:00,NDLS
12.285,12.285,12.285,12.285,100,2021-08-31 14:00:00,NDLS
12.27,12.28,12.26,12.28,1000,2021-08-31 14:05:00,NDLS
12.2811,12.2811,12.2811,12.2811,147,2021-08-31 14:06:00,NDLS
12.269,12.269,12.269,12.269,100,2021-08-31 14:14:00,NDLS
12.235,12.235,12.235,12.235,100,2021-08-31 14:15:00,NDLS
12.27,12.27,12.27,12.27,300,2021-08-31 14:16:00,NDLS
12.28,12.32,12.28,12.32,300,2021-08-31 14:21:00,NDLS
12.27,12.27,12.27,12.27,100,2021-08-31 14:25:00,NDLS
12.26,12.26,12.26,12.26,200,2021-08-31 14:32:00,NDLS
12.25,12.27,12.25,12.27,200,2021-08-31 14:35:00,NDLS
12.26,12.26,12.26,12.26,100,2021-08-31 14:36:00,NDLS
12.27,12.27,12.27,12.27,100,2021-08-31 14:37:00,NDLS
12.275,12.275,12.275,12.275,100,2021-08-31 14:41:00,NDLS
12.3,12.3,12.29,12.3,400,2021-08-31 14:42:00,NDLS
12.35,12.35,12.35,12.35,100,2021-08-31 14:45:00,NDLS
12.4,12.4,12.4,12.4,140,2021-08-31 14:46:00,NDLS
12.37,12.37,12.37,12.37,100,2021-08-31 14:48:00,NDLS
12.35,12.35,12.34,12.34,303,2021-08-31 14:55:00,NDLS
12.35,12.35,12.35,12.35,100,2021-08-31 14:56:00,NDLS
12.33,12.33,12.33,12.33,100,2021-08-31 15:12:00,NDLS
12.33,12.335,12.33,12.335,200,2021-08-31 15:24:00,NDLS
12.35,12.37,12.35,12.37,300,2021-08-31 15:25:00,NDLS
12.39,12.39,12.39,12.39,100,2021-08-31 15:32:00,NDLS
12.39,12.39,12.39,12.39,200,2021-08-31 15:33:00,NDLS
12.39,12.415,12.39,12.415,549,2021-08-31 15:39:00,NDLS
12.415,12.415,12.415,12.415,200,2021-08-31 15:40:00,NDLS
12.46,12.46,12.43,12.43,600,2021-08-31 15:47:00,NDLS
12.418,12.418,12.418,12.418,293,2021-08-31 15:58:00,NDLS
12.42,12.42,12.42,12.42,100,2021-08-31 16:00:00,NDLS
12.425,12.425,12.425,12.425,300,2021-08-31 16:06:00,NDLS
12.425,12.425,12.425,12.425,100,2021-08-31 16:07:00,NDLS
12.45,12.45,12.45,12.45,100,2021-08-31 16:09:00,NDLS
12.425,12.425,12.425,12.425,100,2021-08-31 16:16:00,NDLS
12.44,12.44,12.44,12.44,100,2021-08-31 16:22:00,NDLS
12.44,12.44,12.44,12.44,200,2021-08-31 16:24:00,NDLS
12.41,12.46,12.41,12.46,447,2021-08-31 16:32:00,NDLS
12.46,12.46,12.46,12.46,754,2021-08-31 16:39:00,NDLS
12.51,12.51,12.51,12.51,100,2021-08-31 16:42:00,NDLS
12.54,12.54,12.54,12.54,100,2021-08-31 16:45:00,NDLS
12.54,12.56,12.5,12.56,500,2021-08-31 16:48:00,NDLS
12.525,12.525,12.525,12.525,100,2021-08-31 16:52:00,NDLS
12.4901,12.549,12.4901,12.549,5177,2021-08-31 16:55:00,NDLS
12.55,12.57,12.55,12.57,404,2021-08-31 16:56:00,NDLS
12.54,12.54,12.53,12.54,800,2021-08-31 16:58:00,NDLS
12.54,12.54,12.54,12.54,100,2021-08-31 17:00:00,NDLS
12.52,12.52,12.52,12.52,100,2021-08-31 17:03:00,NDLS
12.51,12.51,12.51,12.51,300,2021-08-31 17:12:00,NDLS
12.485,12.485,12.485,12.485,100,2021-08-31 17:16:00,NDLS
12.47,12.47,12.47,12.47,100,2021-08-31 17:18:00,NDLS
12.49,12.49,12.49,12.49,100,2021-08-31 17:24:00,NDLS
12.5,12.5,12.5,12.5,100,2021-08-31 17:29:00,NDLS
12.49,12.5,12.49,12.5,600,2021-08-31 17:32:00,NDLS
12.505,12.505,12.505,12.505,100,2021-08-31 17:38:00,NDLS
12.51,12.51,12.51,12.51,100,2021-08-31 17:51:00,NDLS
12.49,12.49,12.49,12.49,100,2021-08-31 17:55:00,NDLS
12.52,12.52,12.52,12.52,100,2021-08-31 17:56:00,NDLS
12.53,12.53,12.53,12.53,100,2021-08-31 17:58:00,NDLS
12.51,12.51,12.51,12.51,100,2021-08-31 18:03:00,NDLS
12.52,12.52,12.52,12.52,100,2021-08-31 18:07:00,NDLS
12.52,12.52,12.52,12.52,291,2021-08-31 18:08:00,NDLS
12.52,12.52,12.52,12.52,100,2021-08-31 18:10:00,NDLS
12.52,12.55,12.5,12.55,500,2021-08-31 18:25:00,NDLS
12.55,12.59,12.55,12.58,3098,2021-08-31 18:28:00,NDLS
12.59,12.6,12.59,12.6,400,2021-08-31 18:29:00,NDLS
12.65,12.69,12.64,12.69,1669,2021-08-31 18:30:00,NDLS
12.68,12.68,12.68,12.68,100,2021-08-31 18:32:00,NDLS
12.68,12.69,12.68,12.685,300,2021-08-31 18:34:00,NDLS
12.7,12.71,12.69,12.69,1033,2021-08-31 18:35:00,NDLS
12.7,12.7,12.7,12.7,100,2021-08-31 18:36:00,NDLS
12.71,12.71,12.68,12.68,2100,2021-08-31 18:40:00,NDLS
12.7,12.72,12.7,12.72,1193,2021-08-31 18:41:00,NDLS
12.74,12.8,12.74,12.77,13571,2021-08-31 18:43:00,NDLS
12.76,12.77,12.73,12.74,4002,2021-08-31 18:44:00,NDLS
12.74,12.74,12.69,12.69,728,2021-08-31 18:45:00,NDLS
12.705,12.705,12.64,12.64,500,2021-08-31 18:46:00,NDLS
12.675,12.675,12.675,12.675,100,2021-08-31 18:47:00,NDLS
12.66,12.66,12.66,12.66,300,2021-08-31 18:49:00,NDLS
12.68,12.68,12.68,12.68,200,2021-08-31 18:51:00,NDLS
12.6872,12.6872,12.6872,12.6872,100,2021-08-31 18:52:00,NDLS
12.685,12.7,12.685,12.7,400,2021-08-31 18:53:00,NDLS
12.72,12.72,12.7,12.7,254,2021-08-31 18:55:00,NDLS
12.72,12.72,12.72,12.72,100,2021-08-31 18:58:00,NDLS
12.705,12.705,12.705,12.705,100,2021-08-31 18:59:00,NDLS
12.705,12.705,12.705,12.705,300,2021-08-31 19:01:00,NDLS
12.69,12.69,12.69,12.69,120,2021-08-31 19:04:00,NDLS
12.695,12.695,12.695,12.695,100,2021-08-31 19:05:00,NDLS
12.67,12.67,12.67,12.67,100,2021-08-31 19:10:00,NDLS
12.67,12.67,12.67,12.67,400,2021-08-31 19:11:00,NDLS
12.66,12.66,12.66,12.66,100,2021-08-31 19:12:00,NDLS
12.66,12.66,12.66,12.66,300,2021-08-31 19:14:00,NDLS
12.66,12.675,12.66,12.675,340,2021-08-31 19:16:00,NDLS
12.675,12.675,12.675,12.675,300,2021-08-31 19:17:00,NDLS
12.675,12.675,12.675,12.675,100,2021-08-31 19:19:00,NDLS
12.675,12.675,12.675,12.675,100,2021-08-31 19:21:00,NDLS
12.66,12.66,12.66,12.66,400,2021-08-31 19:22:00,NDLS
12.64,12.64,12.64,12.64,200,2021-08-31 19:30:00,NDLS
12.61,12.625,12.61,12.625,300,2021-08-31 19:31:00,NDLS
12.64,12.64,12.64,12.64,100,2021-08-31 19:32:00,NDLS
12.63,12.63,12.63,12.63,100,2021-08-31 19:33:00,NDLS
12.64,12.64,12.64,12.64,500,2021-08-31 19:34:00,NDLS
12.66,12.67,12.66,12.67,200,2021-08-31 19:35:00,NDLS
12.67,12.67,12.64,12.65,600,2021-08-31 19:36:00,NDLS
12.65,12.65,12.65,12.65,300,2021-08-31 19:37:00,NDLS
12.66,12.66,12.66,12.66,300,2021-08-31 19:38:00,NDLS
12.66,12.66,12.645,12.66,400,2021-08-31 19:39:00,NDLS
12.63,12.63,12.625,12.625,300,2021-08-31 19:40:00,NDLS
12.62,12.62,12.62,12.62,100,2021-08-31 19:41:00,NDLS
12.62,12.62,12.61,12.61,301,2021-08-31 19:43:00,NDLS
12.615,12.615,12.615,12.615,100,2021-08-31 19:46:00,NDLS
12.615,12.615,12.615,12.615,100,2021-08-31 19:47:00,NDLS
12.62,12.62,12.62,12.62,100,2021-08-31 19:49:00,NDLS
12.615,12.615,12.595,12.595,820,2021-08-31 19:50:00,NDLS
12.595,12.595,12.595,12.595,200,2021-08-31 19:51:00,NDLS
12.59,12.59,12.59,12.59,200,2021-08-31 19:52:00,NDLS
12.59,12.59,12.59,12.59,100,2021-08-31 19:53:00,NDLS
12.59,12.6,12.59,12.59,1137,2021-08-31 19:54:00,NDLS
12.6,12.6,12.595,12.595,200,2021-08-31 19:55:00,NDLS
12.61,12.64,12.61,12.64,785,2021-08-31 19:56:00,NDLS
12.64,12.64,12.61,12.625,700,2021-08-31 19:57:00,NDLS
12.64,12.64,12.63,12.63,400,2021-08-31 19:58:00,NDLS
12.63,12.64,12.59,12.6,1919,2021-08-31 19:59:00,NDLS
12.59,12.59,12.59,12.59,18662,2021-08-31 20:00:00,NDLS
12.64,12.64,12.63,12.63,2074,2021-09-01 13:30:00,NDLS
12.685,12.685,12.685,12.685,100,2021-09-01 13:32:00,NDLS
12.6235,12.64,12.6235,12.64,200,2021-09-01 13:35:00,NDLS
12.6,12.6,12.6,12.6,100,2021-09-01 13:42:00,NDLS
12.57,12.57,12.56,12.56,200,2021-09-01 13:47:00,NDLS
12.59,12.6,12.59,12.6,200,2021-09-01 13:48:00,NDLS
12.6,12.6,12.6,12.6,1000,2021-09-01 14:03:00,NDLS
12.57,12.57,12.57,12.57,200,2021-09-01 14:12:00,NDLS
12.64,12.64,12.635,12.635,200,2021-09-01 14:15:00,NDLS
12.57,12.57,12.57,12.57,100,2021-09-01 14:22:00,NDLS
12.6,12.6,12.6,12.6,900,2021-09-01 14:31:00,NDLS
12.61,12.64,12.61,12.64,400,2021-09-01 14:38:00,NDLS
12.64,12.64,12.64,12.64,100,2021-09-01 14:39:00,NDLS
12.66,12.66,12.66,12.66,100,2021-09-01 14:42:00,NDLS
12.67,12.67,12.63,12.63,700,2021-09-01 14:43:00,NDLS
12.64,12.64,12.57,12.57,200,2021-09-01 14:51:00,NDLS
12.64,12.64,12.64,12.64,200,2021-09-01 14:59:00,NDLS
12.59,12.59,12.59,12.59,100,2021-09-01 15:02:00,NDLS
12.59,12.59,12.59,12.59,100,2021-09-01 15:04:00,NDLS
12.595,12.595,12.57,12.57,1328,2021-09-01 15:06:00,NDLS
12.6,12.62,12.6,12.62,308,2021-09-01 15:10:00,NDLS
12.58,12.58,12.58,12.58,500,2021-09-01 15:13:00,NDLS
12.62,12.62,12.62,12.62,100,2021-09-01 15:30:00,NDLS
12.59,12.6,12.59,12.6,473,2021-09-01 15:34:00,NDLS
12.58,12.58,12.58,12.58,100,2021-09-01 15:35:00,NDLS
12.56,12.56,12.56,12.56,100,2021-09-01 15:40:00,NDLS
12.575,12.575,12.575,12.575,2500,2021-09-01 15:46:00,NDLS
12.575,12.575,12.575,12.575,112,2021-09-01 15:48:00,NDLS
12.59,12.59,12.56,12.56,1000,2021-09-01 15:49:00,NDLS
12.56,12.58,12.56,12.58,300,2021-09-01 15:57:00,NDLS
12.58,12.58,12.58,12.58,100,2021-09-01 15:59:00,NDLS
12.56,12.56,12.56,12.56,100,2021-09-01 16:00:00,NDLS
12.58,12.58,12.58,12.58,500,2021-09-01 16:03:00,NDLS
12.605,12.605,12.605,12.605,100,2021-09-01 16:04:00,NDLS
12.59,12.59,12.59,12.59,100,2021-09-01 16:24:00,NDLS
12.63,12.63,12.63,12.63,100,2021-09-01 16:32:00,NDLS
12.63,12.63,12.62,12.62,500,2021-09-01 16:34:00,NDLS
12.66,12.67,12.66,12.67,300,2021-09-01 16:37:00,NDLS
12.7,12.71,12.7,12.71,998,2021-09-01 16:38:00,NDLS
12.69,12.7,12.69,12.7,800,2021-09-01 16:39:00,NDLS
12.7,12.7,12.7,12.7,195,2021-09-01 16:40:00,NDLS
12.69,12.69,12.69,12.69,200,2021-09-01 16:47:00,NDLS
12.685,12.685,12.685,12.685,124,2021-09-01 16:49:00,NDLS
12.6895,12.6895,12.6895,12.6895,100,2021-09-01 16:55:00,NDLS
12.72,12.72,12.72,12.72,100,2021-09-01 17:01:00,NDLS
12.705,12.705,12.705,12.705,1000,2021-09-01 17:05:00,NDLS
12.69,12.69,12.69,12.69,312,2021-09-01 17:06:00,NDLS
12.72,12.72,12.72,12.72,100,2021-09-01 17:07:00,NDLS
12.68,12.68,12.68,12.68,100,2021-09-01 17:10:00,NDLS
12.69,12.69,12.69,12.69,100,2021-09-01 17:15:00,NDLS
12.69,12.69,12.69,12.69,200,2021-09-01 17:18:00,NDLS
12.68,12.68,12.68,12.68,100,2021-09-01 17:21:00,NDLS
12.66,12.66,12.66,12.66,100,2021-09-01 17:23:00,NDLS
12.68,12.68,12.68,12.68,400,2021-09-01 17:29:00,NDLS
12.69,12.69,12.68,12.68,300,2021-09-01 17:33:00,NDLS
12.685,12.69,12.685,12.69,200,2021-09-01 17:42:00,NDLS
12.73,12.73,12.73,12.73,100,2021-09-01 17:44:00,NDLS
12.72,12.72,12.72,12.72,100,2021-09-01 17:49:00,NDLS
12.72,12.72,12.72,12.72,100,2021-09-01 17:58:00,NDLS
12.72,12.72,12.72,12.72,100,2021-09-01 17:59:00,NDLS
12.7,12.71,12.7,12.71,200,2021-09-01 18:01:00,NDLS
12.72,12.72,12.72,12.72,500,2021-09-01 18:08:00,NDLS
12.72,12.72,12.72,12.72,300,2021-09-01 18:13:00,NDLS
12.73,12.73,12.73,12.73,185,2021-09-01 18:15:00,NDLS
12.7,12.7,12.64,12.68,5192,2021-09-01 18:19:00,NDLS
12.69,12.69,12.69,12.69,530,2021-09-01 18:26:00,NDLS
12.72,12.72,12.72,12.72,100,2021-09-01 18:29:00,NDLS
12.71,12.71,12.71,12.71,100,2021-09-01 18:30:00,NDLS
12.68,12.68,12.68,12.68,600,2021-09-01 18:33:00,NDLS
12.65,12.65,12.64,12.645,300,2021-09-01 18:35:00,NDLS
12.64,12.64,12.64,12.64,100,2021-09-01 18:40:00,NDLS
12.64,12.64,12.64,12.64,100,2021-09-01 18:48:00,NDLS
12.64,12.64,12.64,12.64,800,2021-09-01 18:50:00,NDLS
12.64,12.64,12.64,12.64,408,2021-09-01 18:55:00,NDLS
12.655,12.655,12.655,12.655,100,2021-09-01 18:58:00,NDLS
12.66,12.66,12.66,12.66,100,2021-09-01 19:00:00,NDLS
12.64,12.64,12.64,12.64,100,2021-09-01 19:02:00,NDLS
12.63,12.63,12.63,12.63,784,2021-09-01 19:03:00,NDLS
12.62,12.62,12.62,12.62,237,2021-09-01 19:04:00,NDLS
12.595,12.595,12.595,12.595,100,2021-09-01 19:08:00,NDLS
12.6099,12.6099,12.6099,12.6099,800,2021-09-01 19:09:00,NDLS
12.61,12.61,12.61,12.61,200,2021-09-01 19:10:00,NDLS
12.66,12.69,12.65,12.68,900,2021-09-01 19:12:00,NDLS
12.69,12.7,12.69,12.7,700,2021-09-01 19:13:00,NDLS
12.77,12.795,12.755,12.78,1300,2021-09-01 19:14:00,NDLS
12.78,12.8,12.77,12.8,1500,2021-09-01 19:15:00,NDLS
12.77,12.77,12.77,12.77,944,2021-09-01 19:17:00,NDLS
12.75,12.75,12.74,12.74,502,2021-09-01 19:18:00,NDLS
12.77,12.77,12.77,12.77,100,2021-09-01 19:22:00,NDLS
12.7941,12.7941,12.7941,12.7941,7324,2021-09-01 19:23:00,NDLS
12.8,12.84,12.8,12.8,1900,2021-09-01 19:24:00,NDLS
12.81,12.81,12.8,12.8,700,2021-09-01 19:25:00,NDLS
12.79,12.81,12.78,12.81,600,2021-09-01 19:26:00,NDLS
12.8,12.8,12.8,12.8,200,2021-09-01 19:29:00,NDLS
12.8,12.8,12.8,12.8,200,2021-09-01 19:30:00,NDLS
12.78,12.78,12.78,12.78,100,2021-09-01 19:31:00,NDLS
12.8099,12.8099,12.8099,12.8099,400,2021-09-01 19:32:00,NDLS
12.76,12.78,12.76,12.78,200,2021-09-01 19:34:00,NDLS
12.78,12.78,12.78,12.78,100,2021-09-01 19:35:00,NDLS
12.77,12.77,12.77,12.77,600,2021-09-01 19:36:00,NDLS
12.79,12.79,12.79,12.79,700,2021-09-01 19:37:00,NDLS
12.77,12.775,12.77,12.775,500,2021-09-01 19:38:00,NDLS
12.785,12.785,12.785,12.785,431,2021-09-01 19:39:00,NDLS
12.77,12.785,12.77,12.77,583,2021-09-01 19:40:00,NDLS
12.76,12.76,12.76,12.76,187,2021-09-01 19:41:00,NDLS
12.77,12.77,12.77,12.77,200,2021-09-01 19:43:00,NDLS
12.78,12.78,12.78,12.78,100,2021-09-01 19:48:00,NDLS
12.78,12.78,12.78,12.78,200,2021-09-01 19:49:00,NDLS
12.78,12.79,12.77,12.775,800,2021-09-01 19:50:00,NDLS
12.78,12.78,12.78,12.78,604,2021-09-01 19:51:00,NDLS
12.785,12.795,12.785,12.795,457,2021-09-01 19:52:00,NDLS
12.79,12.79,12.785,12.79,704,2021-09-01 19:53:00,NDLS
12.79,12.79,12.79,12.79,300,2021-09-01 19:54:00,NDLS
12.79,12.79,12.79,12.79,1074,2021-09-01 19:55:00,NDLS
12.78,12.78,12.78,12.78,272,2021-09-01 19:56:00,NDLS
12.79,12.79,12.79,12.79,100,2021-09-01 19:57:00,NDLS
12.8,12.8,12.8,12.8,100,2021-09-01 19:58:00,NDLS
12.78,12.83,12.78,12.8,2306,2021-09-01 19:59:00,NDLS
12.81,12.81,12.81,12.81,15014,2021-09-01 20:00:00,NDLS
12.81,12.81,12.81,12.81,162,2021-09-01 20:01:00,NDLS
12.82,12.82,12.785,12.785,646,2021-09-02 13:30:00,NDLS
12.91,12.95,12.91,12.95,400,2021-09-02 13:31:00,NDLS
12.825,12.825,12.825,12.825,200,2021-09-02 13:40:00,NDLS
12.75,12.75,12.75,12.75,200,2021-09-02 13:49:00,NDLS
12.72,12.73,12.72,12.73,2091,2021-09-02 13:53:00,NDLS
12.72,12.79,12.72,12.79,423,2021-09-02 13:54:00,NDLS
12.775,12.775,12.775,12.775,100,2021-09-02 14:09:00,NDLS
12.78,12.78,12.78,12.78,923,2021-09-02 14:19:00,NDLS
12.76,12.76,12.74,12.74,500,2021-09-02 14:25:00,NDLS
12.7099,12.7099,12.7099,12.7099,100,2021-09-02 14:38:00,NDLS
12.71,12.7493,12.71,12.7493,200,2021-09-02 14:40:00,NDLS
12.73,12.73,12.73,12.73,300,2021-09-02 14:55:00,NDLS
12.75,12.75,12.75,12.75,100,2021-09-02 14:56:00,NDLS
12.74,12.74,12.74,12.74,220,2021-09-02 14:57:00,NDLS
12.75,12.76,12.75,12.75,1235,2021-09-02 15:03:00,NDLS
12.72,12.72,12.72,12.72,124,2021-09-02 15:04:00,NDLS
12.72,12.72,12.7,12.7,1225,2021-09-02 15:05:00,NDLS
12.71,12.71,12.71,12.71,109,2021-09-02 15:11:00,NDLS
12.72,12.72,12.72,12.72,308,2021-09-02 15:12:00,NDLS
12.72,12.72,12.72,12.72,104,2021-09-02 15:13:00,NDLS
12.68,12.68,12.68,12.68,416,2021-09-02 15:25:00,NDLS
12.68,12.68,12.68,12.68,100,2021-09-02 15:28:00,NDLS
12.67,12.67,12.67,12.67,100,2021-09-02 15:32:00,NDLS
12.67,12.67,12.67,12.67,200,2021-09-02 15:33:00,NDLS
12.64,12.64,12.63,12.63,200,2021-09-02 15:35:00,NDLS
12.62,12.6409,12.62,12.6409,200,2021-09-02 15:36:00,NDLS
12.6,12.61,12.6,12.6,354,2021-09-02 15:37:00,NDLS
12.6,12.6,12.6,12.6,100,2021-09-02 15:38:00,NDLS
12.63,12.63,12.6,12.6,385,2021-09-02 15:41:00,NDLS
12.6,12.6,12.6,12.6,100,2021-09-02 15:42:00,NDLS
12.61,12.61,12.61,12.61,100,2021-09-02 15:43:00,NDLS
12.62,12.62,12.61,12.61,300,2021-09-02 15:44:00,NDLS
12.61,12.61,12.61,12.61,100,2021-09-02 15:45:00,NDLS
12.6,12.6,12.6,12.6,800,2021-09-02 15:49:00,NDLS
12.6,12.6,12.6,12.6,200,2021-09-02 15:50:00,NDLS
12.6,12.61,12.6,12.6,400,2021-09-02 15:52:00,NDLS
12.6,12.6,12.6,12.6,100,2021-09-02 15:55:00,NDLS
12.62,12.62,12.62,12.62,200,2021-09-02 15:56:00,NDLS
12.62,12.62,12.62,12.62,120,2021-09-02 16:05:00,NDLS
12.64,12.64,12.64,12.64,320,2021-09-02 16:09:00,NDLS
12.65,12.65,12.65,12.65,100,2021-09-02 16:11:00,NDLS
12.645,12.645,12.645,12.645,100,2021-09-02 16:20:00,NDLS
12.645,12.645,12.645,12.645,305,2021-09-02 16:21:00,NDLS
12.64,12.65,12.64,12.65,200,2021-09-02 16:31:00,NDLS
12.645,12.645,12.645,12.645,100,2021-09-02 16:33:00,NDLS
12.645,12.645,12.645,12.645,100,2021-09-02 16:35:00,NDLS
12.66,12.66,12.655,12.655,300,2021-09-02 16:42:00,NDLS
12.655,12.655,12.655,12.655,100,2021-09-02 16:46:00,NDLS
12.655,12.655,12.655,12.655,100,2021-09-02 16:51:00,NDLS
12.655,12.655,12.655,12.655,100,2021-09-02 16:53:00,NDLS
12.655,12.655,12.655,12.655,100,2021-09-02 16:57:00,NDLS
12.65,12.65,12.645,12.645,803,2021-09-02 16:58:00,NDLS
12.6301,12.635,12.62,12.63,1200,2021-09-02 17:19:00,NDLS
12.6,12.6,12.6,12.6,487,2021-09-02 17:20:00,NDLS
12.5901,12.5901,12.5901,12.5901,1200,2021-09-02 17:24:00,NDLS
12.57,12.59,12.57,12.59,1000,2021-09-02 17:30:00,NDLS
12.59,12.59,12.59,12.59,100,2021-09-02 17:35:00,NDLS
12.58,12.58,12.58,12.58,300,2021-09-02 17:44:00,NDLS
12.55,12.55,12.55,12.55,100,2021-09-02 17:49:00,NDLS
12.53,12.53,12.53,12.53,100,2021-09-02 17:53:00,NDLS
12.55,12.555,12.545,12.555,800,2021-09-02 17:55:00,NDLS
12.555,12.56,12.555,12.555,704,2021-09-02 17:56:00,NDLS
12.555,12.555,12.555,12.555,300,2021-09-02 17:57:00,NDLS
12.54,12.54,12.54,12.54,100,2021-09-02 18:01:00,NDLS
12.53,12.53,12.5,12.5,728,2021-09-02 18:04:00,NDLS
12.5,12.5,12.5,12.5,100,2021-09-02 18:07:00,NDLS
12.5,12.5,12.5,12.5,300,2021-09-02 18:10:00,NDLS
12.48,12.48,12.48,12.48,576,2021-09-02 18:11:00,NDLS
12.48,12.48,12.48,12.48,719,2021-09-02 18:12:00,NDLS
12.47,12.48,12.47,12.48,1200,2021-09-02 18:14:00,NDLS
12.48,12.48,12.47,12.47,700,2021-09-02 18:15:00,NDLS
12.45,12.45,12.45,12.45,100,2021-09-02 18:16:00,NDLS
12.46,12.46,12.46,12.46,100,2021-09-02 18:19:00,NDLS
12.464,12.47,12.464,12.47,600,2021-09-02 18:21:00,NDLS
12.465,12.465,12.465,12.465,100,2021-09-02 18:23:00,NDLS
12.48,12.48,12.465,12.465,202,2021-09-02 18:26:00,NDLS
12.47,12.49,12.47,12.49,504,2021-09-02 18:31:00,NDLS
12.51,12.51,12.51,12.51,500,2021-09-02 18:36:00,NDLS
12.52,12.52,12.52,12.52,100,2021-09-02 18:39:00,NDLS
12.54,12.54,12.54,12.54,100,2021-09-02 18:40:00,NDLS
12.54,12.54,12.54,12.54,100,2021-09-02 18:45:00,NDLS
12.53,12.53,12.53,12.53,200,2021-09-02 18:47:00,NDLS
12.47,12.5,12.47,12.5,300,2021-09-02 19:13:00,NDLS
12.5,12.5,12.5,12.5,200,2021-09-02 19:14:00,NDLS
12.495,12.495,12.495,12.495,121,2021-09-02 19:15:00,NDLS
12.5,12.5,12.5,12.5,100,2021-09-02 19:16:00,NDLS
12.5,12.5,12.5,12.5,700,2021-09-02 19:20:00,NDLS
12.48,12.48,12.47,12.47,1430,2021-09-02 19:24:00,NDLS
12.48,12.48,12.48,12.48,100,2021-09-02 19:25:00,NDLS
12.47,12.47,12.47,12.47,100,2021-09-02 19:27:00,NDLS
12.49,12.49,12.49,12.49,120,2021-09-02 19:32:00,NDLS
12.49,12.49,12.49,12.49,100,2021-09-02 19:33:00,NDLS
12.48,12.48,12.48,12.48,100,2021-09-02 19:34:00,NDLS
12.49,12.49,12.49,12.49,100,2021-09-02 19:36:00,NDLS
12.495,12.495,12.495,12.495,100,2021-09-02 19:39:00,NDLS
12.49,12.495,12.49,12.49,404,2021-09-02 19:41:00,NDLS
12.48,12.48,12.48,12.48,100,2021-09-02 19:43:00,NDLS
12.485,12.485,12.485,12.485,300,2021-09-02 19:45:00,NDLS
12.48,12.48,12.46,12.46,200,2021-09-02 19:47:00,NDLS
12.45,12.45,12.45,12.45,800,2021-09-02 19:49:00,NDLS
12.45,12.45,12.45,12.45,300,2021-09-02 19:50:00,NDLS
12.45,12.45,12.45,12.45,200,2021-09-02 19:51:00,NDLS
12.45,12.46,12.45,12.46,1600,2021-09-02 19:52:00,NDLS
12.44,12.44,12.44,12.44,500,2021-09-02 19:53:00,NDLS
12.44,12.45,12.44,12.45,300,2021-09-02 19:54:00,NDLS
12.44,12.44,12.44,12.44,487,2021-09-02 19:55:00,NDLS
12.45,12.45,12.45,12.45,800,2021-09-02 19:56:00,NDLS
12.44,12.44,12.44,12.44,420,2021-09-02 19:57:00,NDLS
12.45,12.46,12.44,12.46,495,2021-09-02 19:58:00,NDLS
12.44,12.44,12.4,12.41,3355,2021-09-02 19:59:00,NDLS
12.45,12.45,12.45,12.45,18210,2021-09-02 20:00:00,NDLS
12.47,12.47,12.47,12.47,550,2021-09-03 13:30:00,NDLS
12.43,12.43,12.34,12.34,400,2021-09-03 13:34:00,NDLS
12.37,12.37,12.37,12.37,100,2021-09-03 13:56:00,NDLS
12.36,12.36,12.36,12.36,200,2021-09-03 13:57:00,NDLS
12.35,12.35,12.35,12.35,100,2021-09-03 14:00:00,NDLS
12.34,12.34,12.31,12.31,700,2021-09-03 14:06:00,NDLS
12.37,12.37,12.37,12.37,100,2021-09-03 14:07:00,NDLS
12.33,12.33,12.33,12.33,100,2021-09-03 14:08:00,NDLS
12.39,12.39,12.39,12.39,100,2021-09-03 14:12:00,NDLS
12.4,12.4,12.4,12.4,100,2021-09-03 14:25:00,NDLS
12.41,12.42,12.41,12.42,200,2021-09-03 14:26:00,NDLS
12.37,12.37,12.37,12.37,100,2021-09-03 14:36:00,NDLS
12.34,12.34,12.34,12.34,100,2021-09-03 14:44:00,NDLS
12.3315,12.3315,12.31,12.31,300,2021-09-03 14:48:00,NDLS
12.3,12.3,12.3,12.3,869,2021-09-03 14:50:00,NDLS
12.29,12.29,12.29,12.29,100,2021-09-03 14:51:00,NDLS
12.3,12.3,12.3,12.3,700,2021-09-03 14:53:00,NDLS
12.28,12.28,12.27,12.27,200,2021-09-03 14:57:00,NDLS
12.3,12.3,12.3,12.3,933,2021-09-03 14:58:00,NDLS
12.33,12.33,12.32,12.32,200,2021-09-03 14:59:00,NDLS
12.32,12.32,12.32,12.32,100,2021-09-03 15:03:00,NDLS
12.32,12.32,12.32,12.32,100,2021-09-03 15:13:00,NDLS
12.29,12.29,12.29,12.29,325,2021-09-03 15:21:00,NDLS
12.28,12.28,12.28,12.28,100,2021-09-03 15:30:00,NDLS
12.288,12.288,12.288,12.288,109,2021-09-03 15:33:00,NDLS
12.31,12.31,12.31,12.31,220,2021-09-03 15:38:00,NDLS
12.3,12.32,12.3,12.32,500,2021-09-03 15:40:00,NDLS
12.32,12.33,12.32,12.33,320,2021-09-03 15:43:00,NDLS
12.359,12.359,12.332,12.332,2725,2021-09-03 15:50:00,NDLS
12.33,12.33,12.33,12.33,620,2021-09-03 15:58:00,NDLS
12.29,12.29,12.29,12.29,100,2021-09-03 16:01:00,NDLS
12.28,12.28,12.28,12.28,400,2021-09-03 16:07:00,NDLS
12.27,12.27,12.27,12.27,100,2021-09-03 16:11:00,NDLS
12.28,12.28,12.28,12.28,300,2021-09-03 16:14:00,NDLS
12.29,12.29,12.29,12.29,286,2021-09-03 16:42:00,NDLS
12.3,12.3,12.3,12.3,200,2021-09-03 16:58:00,NDLS
12.319,12.32,12.319,12.32,320,2021-09-03 17:10:00,NDLS
12.365,12.365,12.35,12.35,761,2021-09-03 17:22:00,NDLS
12.36,12.36,12.36,12.36,100,2021-09-03 17:23:00,NDLS
12.35,12.35,12.35,12.35,1000,2021-09-03 17:39:00,NDLS
12.37,12.37,12.37,12.37,100,2021-09-03 17:41:00,NDLS
12.39,12.39,12.39,12.39,100,2021-09-03 17:45:00,NDLS
12.4,12.4,12.38,12.38,214,2021-09-03 17:55:00,NDLS
12.35,12.35,12.3496,12.3496,300,2021-09-03 18:26:00,NDLS
12.35,12.35,12.3398,12.3398,500,2021-09-03 18:27:00,NDLS
12.32,12.32,12.32,12.32,300,2021-09-03 18:30:00,NDLS
12.31,12.31,12.31,12.31,220,2021-09-03 18:41:00,NDLS
12.3,12.3,12.3,12.3,300,2021-09-03 18:44:00,NDLS
12.32,12.32,12.32,12.32,1144,2021-09-03 18:56:00,NDLS
12.36,12.36,12.36,12.36,200,2021-09-03 19:08:00,NDLS
12.365,12.365,12.35,12.35,400,2021-09-03 19:09:00,NDLS
12.34,12.35,12.34,12.35,200,2021-09-03 19:14:00,NDLS
12.33,12.33,12.32,12.32,700,2021-09-03 19:26:00,NDLS
12.31,12.31,12.31,12.31,100,2021-09-03 19:31:00,NDLS
12.3,12.3,12.3,12.3,213,2021-09-03 19:35:00,NDLS
12.3,12.3,12.3,12.3,160,2021-09-03 19:40:00,NDLS
12.3,12.3,12.3,12.3,218,2021-09-03 19:49:00,NDLS
12.32,12.32,12.32,12.32,100,2021-09-03 19:50:00,NDLS
12.31,12.31,12.31,12.31,207,2021-09-03 19:54:00,NDLS
12.31,12.31,12.31,12.31,100,2021-09-03 19:55:00,NDLS
12.3,12.31,12.3,12.31,700,2021-09-03 19:57:00,NDLS
12.325,12.34,12.31,12.34,895,2021-09-03 19:59:00,NDLS
12.32,12.32,12.32,12.32,8276,2021-09-03 20:00:00,NDLS
12.34,12.34,12.34,12.34,317,2021-09-07 13:30:00,NDLS
12.27,12.27,12.27,12.27,100,2021-09-07 13:36:00,NDLS
12.31,12.31,12.31,12.31,100,2021-09-07 13:42:00,NDLS
12.35,12.37,12.35,12.37,400,2021-09-07 13:47:00,NDLS
12.4,12.4,12.4,12.4,100,2021-09-07 13:53:00,NDLS
12.38,12.38,12.38,12.38,500,2021-09-07 13:58:00,NDLS
12.38,12.38,12.38,12.38,100,2021-09-07 14:01:00,NDLS
12.405,12.405,12.405,12.405,200,2021-09-07 14:07:00,NDLS
12.38,12.38,12.38,12.38,100,2021-09-07 14:09:00,NDLS
12.36,12.36,12.36,12.36,100,2021-09-07 14:13:00,NDLS
12.39,12.39,12.375,12.375,600,2021-09-07 14:15:00,NDLS
12.37,12.39,12.37,12.375,300,2021-09-07 14:20:00,NDLS
12.4,12.4,12.39,12.39,300,2021-09-07 14:21:00,NDLS
12.39,12.39,12.385,12.385,400,2021-09-07 14:22:00,NDLS
12.41,12.41,12.41,12.41,100,2021-09-07 14:26:00,NDLS
12.37,12.37,12.37,12.37,100,2021-09-07 14:27:00,NDLS
12.385,12.385,12.385,12.385,100,2021-09-07 14:29:00,NDLS
12.36,12.36,12.36,12.36,100,2021-09-07 14:34:00,NDLS
12.34,12.34,12.34,12.34,100,2021-09-07 14:36:00,NDLS
12.28,12.33,12.28,12.33,200,2021-09-07 14:43:00,NDLS
12.34,12.34,12.34,12.34,300,2021-09-07 14:45:00,NDLS
12.34,12.34,12.34,12.34,3000,2021-09-07 14:56:00,NDLS
12.33,12.35,12.33,12.35,200,2021-09-07 15:01:00,NDLS
12.33,12.33,12.33,12.33,100,2021-09-07 15:02:00,NDLS
12.33,12.34,12.315,12.34,500,2021-09-07 15:04:00,NDLS
12.32,12.32,12.32,12.32,100,2021-09-07 15:08:00,NDLS
12.36,12.37,12.345,12.345,500,2021-09-07 15:12:00,NDLS
12.34,12.34,12.33,12.33,311,2021-09-07 15:21:00,NDLS
12.335,12.335,12.335,12.335,100,2021-09-07 15:26:00,NDLS
12.335,12.335,12.32,12.335,300,2021-09-07 15:27:00,NDLS
12.35,12.36,12.35,12.36,420,2021-09-07 15:30:00,NDLS
12.35,12.35,12.35,12.35,300,2021-09-07 15:31:00,NDLS
12.34,12.34,12.33,12.33,319,2021-09-07 15:38:00,NDLS
12.32,12.32,12.32,12.32,100,2021-09-07 15:40:00,NDLS
12.3,12.3,12.3,12.3,100,2021-09-07 15:43:00,NDLS
12.3296,12.3296,12.3296,12.3296,108,2021-09-07 15:47:00,NDLS
12.32,12.32,12.32,12.32,300,2021-09-07 15:54:00,NDLS
12.31,12.32,12.31,12.32,200,2021-09-07 15:55:00,NDLS
12.3122,12.3122,12.31,12.3101,471,2021-09-07 16:04:00,NDLS
12.315,12.34,12.315,12.34,400,2021-09-07 16:08:00,NDLS
12.34,12.34,12.33,12.33,400,2021-09-07 16:09:00,NDLS
12.32,12.32,12.32,12.32,100,2021-09-07 16:15:00,NDLS
12.3,12.3,12.3,12.3,100,2021-09-07 16:21:00,NDLS
12.315,12.315,12.315,12.315,100,2021-09-07 16:26:00,NDLS
12.3,12.3,12.3,12.3,100,2021-09-07 16:27:00,NDLS
12.31,12.31,12.3,12.3,200,2021-09-07 16:32:00,NDLS
12.31,12.32,12.31,12.31,700,2021-09-07 16:41:00,NDLS
12.31,12.31,12.31,12.31,100,2021-09-07 16:42:00,NDLS
12.31,12.31,12.31,12.31,100,2021-09-07 16:46:00,NDLS
12.299,12.299,12.299,12.299,100,2021-09-07 16:50:00,NDLS
12.315,12.315,12.315,12.315,108,2021-09-07 16:56:00,NDLS
12.31,12.31,12.29,12.29,600,2021-09-07 17:01:00,NDLS
12.3,12.3,12.3,12.3,100,2021-09-07 17:15:00,NDLS
12.31,12.31,12.31,12.31,111,2021-09-07 17:24:00,NDLS
12.3,12.3,12.3,12.3,100,2021-09-07 17:40:00,NDLS
12.315,12.315,12.315,12.315,100,2021-09-07 17:46:00,NDLS
12.3,12.3,12.3,12.3,300,2021-09-07 17:52:00,NDLS
12.31,12.31,12.31,12.31,220,2021-09-07 17:55:00,NDLS
12.31,12.31,12.31,12.31,100,2021-09-07 17:56:00,NDLS
12.3,12.3,12.3,12.3,100,2021-09-07 18:00:00,NDLS
12.29,12.29,12.28,12.28,403,2021-09-07 18:09:00,NDLS
12.27,12.27,12.16,12.18,3441,2021-09-07 18:20:00,NDLS
12.17,12.23,12.17,12.23,1531,2021-09-07 18:21:00,NDLS
12.235,12.235,12.235,12.235,100,2021-09-07 18:23:00,NDLS
12.23,12.23,12.23,12.23,700,2021-09-07 18:24:00,NDLS
12.25,12.25,12.25,12.25,100,2021-09-07 18:26:00,NDLS
12.22,12.22,12.22,12.22,100,2021-09-07 18:29:00,NDLS
12.21,12.21,12.21,12.21,100,2021-09-07 18:31:00,NDLS
12.25,12.25,12.21,12.21,200,2021-09-07 18:36:00,NDLS
12.2,12.22,12.2,12.22,300,2021-09-07 18:40:00,NDLS
12.21,12.21,12.21,12.21,200,2021-09-07 18:44:00,NDLS
12.21,12.21,12.21,12.21,100,2021-09-07 19:01:00,NDLS
12.22,12.22,12.22,12.22,108,2021-09-07 19:08:00,NDLS
12.21,12.21,12.2,12.2,210,2021-09-07 19:14:00,NDLS
12.205,12.205,12.205,12.205,100,2021-09-07 19:20:00,NDLS
12.205,12.2162,12.205,12.2162,509,2021-09-07 19:23:00,NDLS
12.22,12.22,12.21,12.21,800,2021-09-07 19:35:00,NDLS
12.22,12.22,12.22,12.22,100,2021-09-07 19:40:00,NDLS
12.23,12.23,12.21,12.21,300,2021-09-07 19:42:00,NDLS
12.21,12.21,12.21,12.21,400,2021-09-07 19:46:00,NDLS
12.23,12.28,12.23,12.26,2567,2021-09-07 19:50:00,NDLS
12.24,12.24,12.23,12.23,420,2021-09-07 19:51:00,NDLS
12.22,12.24,12.22,12.24,216,2021-09-07 19:52:00,NDLS
12.22,12.24,12.22,12.24,732,2021-09-07 19:56:00,NDLS
12.25,12.25,12.25,12.25,100,2021-09-07 19:57:00,NDLS
12.25,12.27,12.25,12.27,803,2021-09-07 19:58:00,NDLS
12.27,12.28,12.27,12.28,491,2021-09-07 19:59:00,NDLS
12.26,12.26,12.26,12.26,26989,2021-09-07 20:00:00,NDLS
12.19,12.19,12.19,12.19,613,2021-09-08 13:30:00,NDLS
12.31,12.34,12.29,12.29,450,2021-09-08 13:47:00,NDLS
12.4,12.4,12.32,12.32,200,2021-09-08 13:53:00,NDLS
12.33,12.33,12.32,12.32,400,2021-09-08 14:03:00,NDLS
12.31,12.31,12.31,12.31,100,2021-09-08 14:11:00,NDLS
12.315,12.315,12.29,12.29,250,2021-09-08 14:16:00,NDLS
12.28,12.28,12.28,12.28,110,2021-09-08 14:23:00,NDLS
12.33,12.35,12.3,12.35,800,2021-09-08 14:24:00,NDLS
12.31,12.31,12.31,12.31,100,2021-09-08 14:25:00,NDLS
12.26,12.26,12.24,12.26,300,2021-09-08 14:35:00,NDLS
12.22,12.22,12.22,12.22,200,2021-09-08 14:43:00,NDLS
12.225,12.225,12.2,12.2,200,2021-09-08 14:44:00,NDLS
12.19,12.19,12.19,12.19,100,2021-09-08 14:46:00,NDLS
12.23,12.23,12.23,12.23,300,2021-09-08 14:47:00,NDLS
12.22,12.22,12.22,12.22,100,2021-09-08 14:53:00,NDLS
12.21,12.21,12.2,12.2,200,2021-09-08 14:54:00,NDLS
12.18,12.18,12.17,12.17,200,2021-09-08 14:55:00,NDLS
12.22,12.23,12.22,12.23,300,2021-09-08 14:57:00,NDLS
12.18,12.18,12.18,12.18,100,2021-09-08 14:59:00,NDLS
12.22,12.22,12.22,12.22,300,2021-09-08 15:00:00,NDLS
12.22,12.22,12.22,12.22,100,2021-09-08 15:01:00,NDLS
12.23,12.24,12.205,12.24,1125,2021-09-08 15:05:00,NDLS
12.275,12.275,12.25,12.25,300,2021-09-08 15:12:00,NDLS
12.27,12.27,12.27,12.27,100,2021-09-08 15:15:00,NDLS
12.24,12.24,12.24,12.24,200,2021-09-08 15:17:00,NDLS
12.24,12.24,12.24,12.24,200,2021-09-08 15:18:00,NDLS
12.24,12.24,12.24,12.24,100,2021-09-08 15:22:00,NDLS
12.23,12.23,12.23,12.23,200,2021-09-08 15:29:00,NDLS
12.235,12.235,12.235,12.235,1668,2021-09-08 15:32:00,NDLS
12.23,12.23,12.23,12.23,100,2021-09-08 15:40:00,NDLS
12.2,12.2,12.19,12.19,300,2021-09-08 15:47:00,NDLS
12.17,12.17,12.17,12.17,100,2021-09-08 15:52:00,NDLS
12.17,12.17,12.17,12.17,220,2021-09-08 15:56:00,NDLS
12.17,12.17,12.17,12.17,200,2021-09-08 15:57:00,NDLS
12.15,12.15,12.135,12.135,1600,2021-09-08 15:58:00,NDLS
12.16,12.2,12.14,12.2,420,2021-09-08 16:01:00,NDLS
12.195,12.195,12.195,12.195,100,2021-09-08 16:03:00,NDLS
12.19,12.19,12.19,12.19,100,2021-09-08 16:06:00,NDLS
12.22,12.22,12.22,12.22,100,2021-09-08 16:11:00,NDLS
12.23,12.23,12.23,12.23,200,2021-09-08 16:19:00,NDLS
12.23,12.24,12.21,12.21,500,2021-09-08 16:22:00,NDLS
12.22,12.22,12.22,12.22,220,2021-09-08 16:25:00,NDLS
12.22,12.22,12.22,12.22,100,2021-09-08 16:29:00,NDLS
12.23,12.23,12.23,12.23,100,2021-09-08 16:30:00,NDLS
12.23,12.24,12.23,12.24,200,2021-09-08 16:33:00,NDLS
12.24,12.24,12.24,12.24,200,2021-09-08 16:35:00,NDLS
12.22,12.22,12.22,12.22,100,2021-09-08 16:36:00,NDLS
12.23,12.23,12.23,12.23,100,2021-09-08 16:38:00,NDLS
12.24,12.24,12.24,12.24,100,2021-09-08 16:42:00,NDLS
12.24,12.24,12.24,12.24,500,2021-09-08 16:43:00,NDLS
12.23,12.23,12.23,12.23,100,2021-09-08 16:49:00,NDLS
12.22,12.22,12.22,12.22,106,2021-09-08 16:55:00,NDLS
12.2,12.2,12.2,12.2,100,2021-09-08 16:58:00,NDLS
12.19,12.19,12.19,12.19,100,2021-09-08 16:59:00,NDLS
12.2,12.2,12.17,12.17,1606,2021-09-08 17:00:00,NDLS
12.16,12.16,12.16,12.16,500,2021-09-08 17:02:00,NDLS
12.155,12.155,12.155,12.155,200,2021-09-08 17:03:00,NDLS
12.15,12.17,12.15,12.17,1212,2021-09-08 17:06:00,NDLS
12.17,12.17,12.17,12.17,100,2021-09-08 17:07:00,NDLS
12.17,12.17,12.17,12.17,100,2021-09-08 17:08:00,NDLS
12.17,12.17,12.16,12.17,400,2021-09-08 17:09:00,NDLS
12.15,12.15,12.15,12.15,100,2021-09-08 17:10:00,NDLS
12.15,12.15,12.15,12.15,200,2021-09-08 17:13:00,NDLS
12.16,12.16,12.16,12.16,100,2021-09-08 17:15:00,NDLS
12.19,12.19,12.19,12.19,100,2021-09-08 17:19:00,NDLS
12.18,12.18,12.18,12.18,120,2021-09-08 17:21:00,NDLS
12.175,12.175,12.175,12.175,107,2021-09-08 17:32:00,NDLS
12.16,12.17,12.16,12.17,300,2021-09-08 17:34:00,NDLS
12.155,12.155,12.15,12.15,200,2021-09-08 17:38:00,NDLS
12.145,12.145,12.14,12.14,200,2021-09-08 17:41:00,NDLS
12.14,12.14,12.14,12.14,800,2021-09-08 17:44:00,NDLS
12.15,12.15,12.15,12.15,200,2021-09-08 17:51:00,NDLS
12.15,12.15,12.15,12.15,320,2021-09-08 17:52:00,NDLS
12.12,12.12,12.12,12.12,100,2021-09-08 17:53:00,NDLS
12.13,12.13,12.13,12.13,100,2021-09-08 17:54:00,NDLS
12.12,12.145,12.11,12.11,1829,2021-09-08 17:56:00,NDLS
12.19,12.19,12.19,12.19,100,2021-09-08 18:02:00,NDLS
12.165,12.165,12.165,12.165,100,2021-09-08 18:14:00,NDLS
12.16,12.16,12.15,12.15,200,2021-09-08 18:16:00,NDLS
12.15,12.15,12.14,12.14,200,2021-09-08 18:17:00,NDLS
12.125,12.125,12.125,12.125,100,2021-09-08 18:18:00,NDLS
12.13,12.14,12.13,12.14,500,2021-09-08 18:19:00,NDLS
12.125,12.125,12.125,12.125,100,2021-09-08 18:25:00,NDLS
12.12,12.12,12.1,12.1,300,2021-09-08 18:27:00,NDLS
12.12,12.12,12.12,12.12,100,2021-09-08 18:28:00,NDLS
12.13,12.13,12.13,12.13,200,2021-09-08 18:29:00,NDLS
12.13,12.13,12.13,12.13,100,2021-09-08 18:34:00,NDLS
12.14,12.14,12.14,12.14,100,2021-09-08 18:40:00,NDLS
12.14,12.14,12.14,12.14,100,2021-09-08 18:41:00,NDLS
12.16,12.16,12.16,12.16,100,2021-09-08 18:43:00,NDLS
12.16,12.16,12.16,12.16,100,2021-09-08 18:44:00,NDLS
12.15,12.15,12.15,12.15,200,2021-09-08 18:46:00,NDLS
12.15,12.15,12.15,12.15,100,2021-09-08 18:47:00,NDLS
12.15,12.16,12.15,12.16,500,2021-09-08 18:53:00,NDLS
12.17,12.17,12.16,12.17,400,2021-09-08 18:55:00,NDLS
12.18,12.18,12.18,12.18,100,2021-09-08 18:58:00,NDLS
12.17,12.17,12.17,12.17,100,2021-09-08 18:59:00,NDLS
12.17,12.17,12.17,12.17,200,2021-09-08 19:01:00,NDLS
12.18,12.185,12.18,12.185,300,2021-09-08 19:02:00,NDLS
12.2,12.2,12.2,12.2,200,2021-09-08 19:05:00,NDLS
12.22,12.22,12.19,12.19,200,2021-09-08 19:06:00,NDLS
12.22,12.22,12.22,12.22,100,2021-09-08 19:11:00,NDLS
12.24,12.2479,12.23,12.23,2398,2021-09-08 19:16:00,NDLS
12.26,12.275,12.26,12.275,500,2021-09-08 19:17:00,NDLS
12.28,12.28,12.28,12.28,200,2021-09-08 19:19:00,NDLS
12.27,12.27,12.27,12.27,100,2021-09-08 19:20:00,NDLS
12.28,12.28,12.28,12.28,600,2021-09-08 19:26:00,NDLS
12.2702,12.2702,12.2702,12.2702,143,2021-09-08 19:27:00,NDLS
12.27,12.27,12.27,12.27,100,2021-09-08 19:28:00,NDLS
12.28,12.28,12.28,12.28,300,2021-09-08 19:29:00,NDLS
12.25,12.26,12.25,12.25,700,2021-09-08 19:30:00,NDLS
12.26,12.27,12.26,12.27,520,2021-09-08 19:35:00,NDLS
12.28,12.28,12.28,12.28,120,2021-09-08 19:38:00,NDLS
12.2796,12.2796,12.2796,12.2796,107,2021-09-08 19:40:00,NDLS
12.285,12.285,12.28,12.28,700,2021-09-08 19:42:00,NDLS
12.27,12.27,12.27,12.27,200,2021-09-08 19:43:00,NDLS
12.27,12.27,12.27,12.27,200,2021-09-08 19:45:00,NDLS
12.27,12.27,12.27,12.27,300,2021-09-08 19:46:00,NDLS
12.27,12.275,12.27,12.275,200,2021-09-08 19:49:00,NDLS
12.27,12.28,12.27,12.27,408,2021-09-08 19:50:00,NDLS
12.265,12.265,12.265,12.265,100,2021-09-08 19:51:00,NDLS
12.26,12.26,12.24,12.26,300,2021-09-08 19:54:00,NDLS
12.255,12.255,12.22,12.22,2524,2021-09-08 19:55:00,NDLS
12.22,12.22,12.21,12.21,2576,2021-09-08 19:56:00,NDLS
12.2,12.2,12.17,12.19,2106,2021-09-08 19:57:00,NDLS
12.18,12.2,12.18,12.2,300,2021-09-08 19:58:00,NDLS
12.21,12.21,12.18,12.2,2283,2021-09-08 19:59:00,NDLS
12.2,12.2,12.2,12.2,16945,2021-09-08 20:00:00,NDLS
12.18,12.18,12.18,12.18,597,2021-09-09 13:30:00,NDLS
12.62,12.71,12.62,12.71,375,2021-09-09 13:31:00,NDLS
12.2,12.2,12.14,12.15,300,2021-09-09 13:32:00,NDLS
12.2213,12.2213,12.18,12.18,300,2021-09-09 13:33:00,NDLS
12.25,12.25,12.12,12.12,700,2021-09-09 13:36:00,NDLS
12.18,12.18,12.18,12.18,200,2021-09-09 13:37:00,NDLS
12.21,12.21,12.15,12.15,200,2021-09-09 13:38:00,NDLS
12.26,12.3,12.215,12.255,740,2021-09-09 13:39:00,NDLS
12.2,12.2,12.2,12.2,104,2021-09-09 13:42:00,NDLS
12.11,12.11,12.11,12.11,120,2021-09-09 13:46:00,NDLS
12.145,12.145,12.145,12.145,100,2021-09-09 13:50:00,NDLS
12.16,12.16,12.16,12.16,120,2021-09-09 13:53:00,NDLS
12.17,12.18,12.15,12.18,518,2021-09-09 13:55:00,NDLS
12.2934,12.2934,12.2934,12.2934,300,2021-09-09 14:12:00,NDLS
12.3,12.3,12.3,12.3,200,2021-09-09 14:14:00,NDLS
12.3199,12.3199,12.3199,12.3199,301,2021-09-09 14:17:00,NDLS
12.3,12.3,12.26,12.26,720,2021-09-09 14:18:00,NDLS
12.26,12.26,12.26,12.26,100,2021-09-09 14:19:00,NDLS
12.31,12.31,12.31,12.31,100,2021-09-09 14:20:00,NDLS
12.27,12.27,12.26,12.26,200,2021-09-09 14:26:00,NDLS
12.24,12.26,12.24,12.26,200,2021-09-09 14:27:00,NDLS
12.23,12.23,12.23,12.23,202,2021-09-09 14:28:00,NDLS
12.23,12.23,12.23,12.23,100,2021-09-09 14:29:00,NDLS
12.255,12.255,12.255,12.255,100,2021-09-09 14:33:00,NDLS
12.23,12.23,12.23,12.23,100,2021-09-09 14:34:00,NDLS
12.22,12.22,12.22,12.22,100,2021-09-09 14:35:00,NDLS
12.27,12.27,12.25,12.25,387,2021-09-09 14:38:00,NDLS
12.25,12.25,12.25,12.25,100,2021-09-09 14:40:00,NDLS
12.235,12.235,12.235,12.235,100,2021-09-09 14:42:00,NDLS
12.23,12.23,12.2,12.2,600,2021-09-09 14:44:00,NDLS
12.23,12.23,12.23,12.23,100,2021-09-09 14:45:00,NDLS
12.23,12.23,12.23,12.23,100,2021-09-09 14:46:00,NDLS
12.23,12.23,12.2,12.2,200,2021-09-09 14:47:00,NDLS
12.21,12.21,12.15,12.165,500,2021-09-09 14:48:00,NDLS
12.18,12.19,12.175,12.19,820,2021-09-09 14:49:00,NDLS
12.2,12.2,12.2,12.2,100,2021-09-09 14:50:00,NDLS
12.23,12.23,12.23,12.23,100,2021-09-09 14:51:00,NDLS
12.23,12.23,12.23,12.23,200,2021-09-09 14:52:00,NDLS
12.23,12.27,12.23,12.25,4500,2021-09-09 14:53:00,NDLS
12.28,12.285,12.245,12.245,2850,2021-09-09 14:54:00,NDLS
12.26,12.305,12.26,12.305,2554,2021-09-09 14:55:00,NDLS
12.25,12.27,12.25,12.25,720,2021-09-09 14:56:00,NDLS
12.25,12.27,12.25,12.25,1000,2021-09-09 14:57:00,NDLS
12.25,12.28,12.25,12.25,900,2021-09-09 14:58:00,NDLS
12.25,12.265,12.25,12.25,500,2021-09-09 14:59:00,NDLS
12.25,12.265,12.25,12.265,200,2021-09-09 15:00:00,NDLS
12.25,12.25,12.25,12.25,200,2021-09-09 15:01:00,NDLS
12.28,12.28,12.25,12.275,500,2021-09-09 15:02:00,NDLS
12.25,12.3,12.24,12.24,3104,2021-09-09 15:03:00,NDLS
12.28,12.31,12.26,12.3,5690,2021-09-09 15:04:00,NDLS
12.305,12.305,12.26,12.27,5798,2021-09-09 15:05:00,NDLS
12.29,12.29,12.25,12.25,2550,2021-09-09 15:06:00,NDLS
12.29,12.29,12.28,12.28,700,2021-09-09 15:07:00,NDLS
12.27,12.315,12.27,12.29,2198,2021-09-09 15:08:00,NDLS
12.29,12.35,12.29,12.34,2675,2021-09-09 15:09:00,NDLS
12.34,12.34,12.31,12.31,872,2021-09-09 15:10:00,NDLS
12.28,12.28,12.27,12.27,340,2021-09-09 15:11:00,NDLS
12.27,12.27,12.27,12.27,200,2021-09-09 15:12:00,NDLS
12.27,12.27,12.27,12.27,100,2021-09-09 15:13:00,NDLS
12.31,12.32,12.29,12.32,900,2021-09-09 15:15:00,NDLS
12.25,12.29,12.25,12.29,525,2021-09-09 15:17:00,NDLS
12.295,12.31,12.295,12.31,200,2021-09-09 15:20:00,NDLS
12.31,12.31,12.31,12.31,100,2021-09-09 15:21:00,NDLS
12.33,12.33,12.33,12.33,475,2021-09-09 15:22:00,NDLS
12.34,12.34,12.34,12.34,100,2021-09-09 15:25:00,NDLS
12.3,12.3,12.3,12.3,120,2021-09-09 15:29:00,NDLS
12.3,12.33,12.3,12.33,300,2021-09-09 15:36:00,NDLS
12.29,12.3,12.29,12.3,200,2021-09-09 15:48:00,NDLS
12.285,12.33,12.285,12.325,700,2021-09-09 15:57:00,NDLS
12.34,12.34,12.34,12.34,409,2021-09-09 16:12:00,NDLS
12.34,12.34,12.34,12.34,169,2021-09-09 16:14:00,NDLS
12.325,12.325,12.325,12.325,100,2021-09-09 16:16:00,NDLS
12.32,12.32,12.32,12.32,100,2021-09-09 16:18:00,NDLS
12.34,12.34,12.34,12.34,450,2021-09-09 16:21:00,NDLS
12.32,12.32,12.32,12.32,175,2021-09-09 16:26:00,NDLS
12.345,12.345,12.345,12.345,1000,2021-09-09 16:27:00,NDLS
12.31,12.35,12.31,12.35,200,2021-09-09 16:28:00,NDLS
12.36,12.39,12.36,12.39,320,2021-09-09 16:29:00,NDLS
12.38,12.38,12.38,12.38,220,2021-09-09 16:32:00,NDLS
12.36,12.36,12.35,12.35,400,2021-09-09 16:47:00,NDLS
12.35,12.35,12.35,12.35,200,2021-09-09 16:48:00,NDLS
12.33,12.33,12.33,12.33,100,2021-09-09 16:50:00,NDLS
12.31,12.31,12.31,12.31,267,2021-09-09 16:52:00,NDLS
12.31,12.31,12.31,12.31,200,2021-09-09 16:53:00,NDLS
12.29,12.31,12.29,12.31,400,2021-09-09 16:57:00,NDLS
12.3,12.3,12.3,12.3,100,2021-09-09 16:58:00,NDLS
12.3,12.3,12.3,12.3,100,2021-09-09 17:06:00,NDLS
12.32,12.32,12.32,12.32,500,2021-09-09 17:12:00,NDLS
12.32,12.32,12.32,12.32,200,2021-09-09 17:13:00,NDLS
12.34,12.34,12.34,12.34,120,2021-09-09 17:14:00,NDLS
12.31,12.32,12.31,12.32,200,2021-09-09 17:16:00,NDLS
12.29,12.29,12.29,12.29,100,2021-09-09 17:20:00,NDLS
12.25,12.25,12.25,12.25,100,2021-09-09 17:21:00,NDLS
12.28,12.28,12.24,12.24,400,2021-09-09 17:22:00,NDLS
12.27,12.3,12.24,12.25,400,2021-09-09 17:23:00,NDLS
12.27,12.27,12.27,12.27,100,2021-09-09 17:24:00,NDLS
12.27,12.27,12.27,12.27,100,2021-09-09 17:26:00,NDLS
12.27,12.27,12.27,12.27,100,2021-09-09 17:27:00,NDLS
12.27,12.27,12.27,12.27,100,2021-09-09 17:28:00,NDLS
12.26,12.26,12.26,12.26,100,2021-09-09 17:34:00,NDLS
12.24,12.24,12.24,12.24,100,2021-09-09 17:36:00,NDLS
12.26,12.26,12.26,12.26,100,2021-09-09 17:37:00,NDLS
12.22,12.22,12.19,12.19,200,2021-09-09 17:38:00,NDLS
12.24,12.24,12.24,12.24,100,2021-09-09 17:41:00,NDLS
12.21,12.21,12.21,12.21,400,2021-09-09 17:56:00,NDLS
12.21,12.21,12.21,12.21,100,2021-09-09 17:57:00,NDLS
12.21,12.21,12.21,12.21,219,2021-09-09 18:02:00,NDLS
12.2,12.2,12.2,12.2,420,2021-09-09 18:03:00,NDLS
12.17,12.17,12.17,12.17,400,2021-09-09 18:04:00,NDLS
12.21,12.21,12.21,12.21,220,2021-09-09 18:07:00,NDLS
12.21,12.21,12.21,12.21,100,2021-09-09 18:09:00,NDLS
12.22,12.22,12.22,12.22,100,2021-09-09 18:21:00,NDLS
12.22,12.22,12.22,12.22,316,2021-09-09 18:24:00,NDLS
12.19,12.19,12.19,12.19,219,2021-09-09 18:38:00,NDLS
12.19,12.19,12.19,12.19,100,2021-09-09 18:43:00,NDLS
12.2,12.2,12.2,12.2,117,2021-09-09 18:48:00,NDLS
12.194,12.194,12.19,12.19,620,2021-09-09 18:50:00,NDLS
12.14,12.14,12.14,12.14,100,2021-09-09 18:51:00,NDLS
12.15,12.16,12.15,12.16,580,2021-09-09 18:59:00,NDLS
12.19,12.19,12.19,12.19,2531,2021-09-09 19:06:00,NDLS
12.18,12.19,12.18,12.19,1100,2021-09-09 19:08:00,NDLS
12.19,12.19,12.1704,12.1704,400,2021-09-09 19:10:00,NDLS
12.19,12.19,12.19,12.19,100,2021-09-09 19:11:00,NDLS
12.16,12.16,12.16,12.16,220,2021-09-09 19:14:00,NDLS
12.13,12.135,12.13,12.135,200,2021-09-09 19:15:00,NDLS
12.12,12.12,12.1102,12.1102,420,2021-09-09 19:21:00,NDLS
12.12,12.13,12.12,12.13,496,2021-09-09 19:26:00,NDLS
12.139,12.139,12.13,12.13,200,2021-09-09 19:27:00,NDLS
12.13,12.13,12.13,12.13,100,2021-09-09 19:30:00,NDLS
12.13,12.13,12.13,12.13,220,2021-09-09 19:32:00,NDLS
12.177,12.177,12.177,12.177,411,2021-09-09 19:39:00,NDLS
12.18,12.18,12.18,12.18,200,2021-09-09 19:43:00,NDLS
12.17,12.17,12.16,12.17,400,2021-09-09 19:48:00,NDLS
12.17,12.17,12.17,12.17,200,2021-09-09 19:49:00,NDLS
12.16,12.18,12.15,12.18,1293,2021-09-09 19:50:00,NDLS
12.18,12.23,12.17,12.2,10720,2021-09-09 19:51:00,NDLS
12.23,12.23,12.19,12.23,500,2021-09-09 19:52:00,NDLS
12.2,12.23,12.19,12.205,1958,2021-09-09 19:53:00,NDLS
12.19,12.22,12.17,12.17,4583,2021-09-09 19:54:00,NDLS
12.2,12.23,12.18,12.195,3819,2021-09-09 19:55:00,NDLS
12.19,12.23,12.19,12.23,800,2021-09-09 19:56:00,NDLS
12.22,12.22,12.19,12.22,510,2021-09-09 19:57:00,NDLS
12.22,12.23,12.19,12.23,1022,2021-09-09 19:58:00,NDLS
12.22,12.24,12.17,12.17,4117,2021-09-09 19:59:00,NDLS
12.17,12.17,12.17,12.17,39986,2021-09-09 20:00:00,NDLS
12.17,12.17,12.17,12.17,161,2021-09-09 20:01:00,NDLS
12.35,12.57,12.35,12.57,4464,2021-09-10 13:30:00,NDLS
12.46,12.46,12.46,12.46,100,2021-09-10 13:31:00,NDLS
12.2947,12.46,12.2947,12.46,511,2021-09-10 13:32:00,NDLS
12.45,12.45,12.45,12.45,100,2021-09-10 13:38:00,NDLS
12.38,12.44,12.32,12.44,750,2021-09-10 13:39:00,NDLS
12.3426,12.35,12.29,12.35,2750,2021-09-10 13:43:00,NDLS
12.31,12.31,12.31,12.31,200,2021-09-10 13:44:00,NDLS
12.29,12.305,12.29,12.305,200,2021-09-10 13:45:00,NDLS
12.34,12.34,12.34,12.34,100,2021-09-10 13:47:00,NDLS
12.33,12.33,12.32,12.32,200,2021-09-10 13:48:00,NDLS
12.34,12.34,12.34,12.34,300,2021-09-10 13:49:00,NDLS
12.34,12.345,12.33,12.345,300,2021-09-10 13:50:00,NDLS
12.35,12.36,12.32,12.33,621,2021-09-10 13:51:00,NDLS
12.32,12.32,12.27,12.27,300,2021-09-10 13:52:00,NDLS
12.27,12.27,12.27,12.27,100,2021-09-10 13:53:00,NDLS
12.27,12.3077,12.27,12.3077,400,2021-09-10 13:54:00,NDLS
12.295,12.295,12.295,12.295,100,2021-09-10 13:55:00,NDLS
12.3,12.3,12.3,12.3,100,2021-09-10 13:56:00,NDLS
12.28,12.28,12.27,12.27,300,2021-09-10 13:58:00,NDLS
12.25,12.265,12.25,12.265,200,2021-09-10 13:59:00,NDLS
12.23,12.26,12.21,12.26,400,2021-09-10 14:07:00,NDLS
12.23,12.23,12.21,12.21,200,2021-09-10 14:08:00,NDLS
12.21,12.21,12.205,12.205,200,2021-09-10 14:09:00,NDLS
12.18,12.22,12.18,12.22,400,2021-09-10 14:10:00,NDLS
12.195,12.22,12.195,12.22,200,2021-09-10 14:12:00,NDLS
12.22,12.22,12.21,12.21,200,2021-09-10 14:14:00,NDLS
12.2,12.2,12.2,12.2,200,2021-09-10 14:16:00,NDLS
12.17,12.17,12.17,12.17,144,2021-09-10 14:19:00,NDLS
12.17,12.18,12.17,12.18,400,2021-09-10 14:23:00,NDLS
12.14,12.14,12.14,12.14,400,2021-09-10 14:24:00,NDLS
12.14,12.14,12.14,12.14,500,2021-09-10 14:30:00,NDLS
12.125,12.125,12.125,12.125,100,2021-09-10 14:31:00,NDLS
12.125,12.15,12.125,12.15,400,2021-09-10 14:32:00,NDLS
12.135,12.135,12.135,12.135,100,2021-09-10 14:34:00,NDLS
12.14,12.14,12.14,12.14,100,2021-09-10 14:35:00,NDLS
12.17,12.17,12.17,12.17,100,2021-09-10 14:36:00,NDLS
12.155,12.155,12.155,12.155,100,2021-09-10 14:41:00,NDLS
12.18,12.19,12.18,12.19,600,2021-09-10 14:42:00,NDLS
12.18,12.18,12.18,12.18,100,2021-09-10 14:43:00,NDLS
12.15,12.15,12.15,12.15,100,2021-09-10 14:45:00,NDLS
12.12,12.12,12.12,12.12,100,2021-09-10 14:46:00,NDLS
12.15,12.15,12.15,12.15,400,2021-09-10 14:47:00,NDLS
12.15,12.15,12.15,12.15,300,2021-09-10 14:48:00,NDLS
12.145,12.145,12.145,12.145,200,2021-09-10 14:49:00,NDLS
12.15,12.25,12.12,12.25,2981,2021-09-10 14:51:00,NDLS
12.26,12.29,12.26,12.29,600,2021-09-10 14:52:00,NDLS
12.24,12.27,12.21,12.245,1900,2021-09-10 14:55:00,NDLS
12.27,12.27,12.25,12.25,400,2021-09-10 14:56:00,NDLS
12.29,12.29,12.29,12.29,278,2021-09-10 14:58:00,NDLS
12.29,12.29,12.29,12.29,100,2021-09-10 15:00:00,NDLS
12.3,12.3,12.3,12.3,550,2021-09-10 15:02:00,NDLS
12.31,12.31,12.31,12.31,100,2021-09-10 15:04:00,NDLS
12.29,12.33,12.285,12.33,1100,2021-09-10 15:08:00,NDLS
12.35,12.35,12.35,12.35,100,2021-09-10 15:09:00,NDLS
12.355,12.39,12.355,12.39,300,2021-09-10 15:10:00,NDLS
12.37,12.37,12.37,12.37,100,2021-09-10 15:11:00,NDLS
12.38,12.38,12.38,12.38,100,2021-09-10 15:12:00,NDLS
12.395,12.395,12.395,12.395,149,2021-09-10 15:13:00,NDLS
12.375,12.375,12.375,12.375,300,2021-09-10 15:17:00,NDLS
12.325,12.325,12.325,12.325,100,2021-09-10 15:21:00,NDLS
12.325,12.325,12.325,12.325,200,2021-09-10 15:22:00,NDLS
12.325,12.325,12.325,12.325,200,2021-09-10 15:23:00,NDLS
12.33,12.36,12.33,12.36,200,2021-09-10 15:26:00,NDLS
12.36,12.38,12.36,12.38,500,2021-09-10 15:27:00,NDLS
12.34,12.39,12.34,12.39,200,2021-09-10 15:29:00,NDLS
12.39,12.39,12.34,12.34,300,2021-09-10 15:30:00,NDLS
12.34,12.39,12.34,12.39,300,2021-09-10 15:31:00,NDLS
12.34,12.34,12.34,12.34,100,2021-09-10 15:32:00,NDLS
12.36,12.38,12.36,12.38,200,2021-09-10 15:33:00,NDLS
12.38,12.38,12.36,12.36,296,2021-09-10 15:34:00,NDLS
12.39,12.39,12.39,12.39,100,2021-09-10 15:36:00,NDLS
12.32,12.32,12.32,12.32,100,2021-09-10 15:37:00,NDLS
12.31,12.34,12.31,12.34,246,2021-09-10 15:38:00,NDLS
12.31,12.31,12.31,12.31,100,2021-09-10 15:39:00,NDLS
12.3,12.3,12.3,12.3,100,2021-09-10 15:40:00,NDLS
12.36,12.36,12.32,12.36,300,2021-09-10 15:41:00,NDLS
12.36,12.36,12.34,12.34,500,2021-09-10 15:43:00,NDLS
12.32,12.36,12.32,12.32,900,2021-09-10 15:45:00,NDLS
12.29,12.29,12.29,12.29,300,2021-09-10 15:50:00,NDLS
12.32,12.34,12.32,12.34,300,2021-09-10 15:52:00,NDLS
12.38,12.38,12.38,12.38,200,2021-09-10 15:53:00,NDLS
12.39,12.39,12.39,12.39,100,2021-09-10 15:55:00,NDLS
12.4,12.4,12.4,12.4,300,2021-09-10 16:02:00,NDLS
12.4,12.4,12.39,12.39,200,2021-09-10 16:05:00,NDLS
12.45,12.45,12.45,12.45,100,2021-09-10 16:08:00,NDLS
12.45,12.45,12.45,12.45,144,2021-09-10 16:10:00,NDLS
12.47,12.48,12.47,12.48,200,2021-09-10 16:15:00,NDLS
12.465,12.465,12.465,12.465,181,2021-09-10 16:16:00,NDLS
12.48,12.48,12.48,12.48,718,2021-09-10 16:17:00,NDLS
12.51,12.51,12.49,12.49,900,2021-09-10 16:19:00,NDLS
12.48,12.48,12.48,12.48,300,2021-09-10 16:26:00,NDLS
12.48,12.48,12.48,12.48,199,2021-09-10 16:27:00,NDLS
12.48,12.48,12.48,12.48,100,2021-09-10 16:28:00,NDLS
12.47,12.47,12.47,12.47,100,2021-09-10 16:29:00,NDLS
12.44,12.44,12.44,12.44,100,2021-09-10 16:35:00,NDLS
12.48,12.48,12.48,12.48,100,2021-09-10 16:36:00,NDLS
12.46,12.46,12.46,12.46,350,2021-09-10 16:37:00,NDLS
12.45,12.45,12.45,12.45,200,2021-09-10 16:38:00,NDLS
12.47,12.47,12.47,12.47,500,2021-09-10 16:39:00,NDLS
12.46,12.47,12.46,12.47,800,2021-09-10 16:40:00,NDLS
12.46,12.46,12.46,12.46,100,2021-09-10 16:41:00,NDLS
12.465,12.465,12.465,12.465,100,2021-09-10 16:42:00,NDLS
12.43,12.47,12.43,12.43,300,2021-09-10 16:43:00,NDLS
12.46,12.46,12.46,12.46,100,2021-09-10 16:50:00,NDLS
12.44,12.44,12.44,12.44,100,2021-09-10 16:53:00,NDLS
12.44,12.44,12.44,12.44,100,2021-09-10 16:54:00,NDLS
12.47,12.47,12.47,12.47,700,2021-09-10 16:58:00,NDLS
12.46,12.51,12.46,12.49,400,2021-09-10 16:59:00,NDLS
12.5,12.5,12.5,12.5,100,2021-09-10 17:00:00,NDLS
12.5,12.5,12.5,12.5,200,2021-09-10 17:01:00,NDLS
12.505,12.51,12.47,12.47,600,2021-09-10 17:02:00,NDLS
12.45,12.45,12.45,12.45,150,2021-09-10 17:03:00,NDLS
12.49,12.49,12.49,12.49,100,2021-09-10 17:10:00,NDLS
12.49,12.49,12.49,12.49,100,2021-09-10 17:11:00,NDLS
12.51,12.51,12.51,12.51,100,2021-09-10 17:15:00,NDLS
12.54,12.54,12.54,12.54,100,2021-09-10 17:22:00,NDLS
12.49,12.49,12.49,12.49,100,2021-09-10 17:24:00,NDLS
12.49,12.49,12.48,12.48,300,2021-09-10 17:25:00,NDLS
12.47,12.47,12.47,12.47,100,2021-09-10 17:26:00,NDLS
12.47,12.48,12.47,12.48,300,2021-09-10 17:27:00,NDLS
12.48,12.48,12.48,12.48,300,2021-09-10 17:28:00,NDLS
12.48,12.48,12.47,12.47,260,2021-09-10 17:29:00,NDLS
12.47,12.47,12.47,12.47,200,2021-09-10 17:30:00,NDLS
12.46,12.46,12.46,12.46,175,2021-09-10 17:31:00,NDLS
12.45,12.465,12.45,12.465,200,2021-09-10 17:32:00,NDLS
12.465,12.465,12.465,12.465,100,2021-09-10 17:34:00,NDLS
12.48,12.49,12.48,12.49,600,2021-09-10 17:39:00,NDLS
12.47,12.47,12.46,12.46,300,2021-09-10 17:40:00,NDLS
12.45,12.45,12.45,12.45,100,2021-09-10 17:41:00,NDLS
12.44,12.46,12.44,12.46,200,2021-09-10 17:47:00,NDLS
12.4627,12.4627,12.4627,12.4627,500,2021-09-10 17:51:00,NDLS
12.43,12.43,12.43,12.43,200,2021-09-10 17:52:00,NDLS
12.46,12.46,12.46,12.46,400,2021-09-10 17:54:00,NDLS
12.46,12.46,12.46,12.46,200,2021-09-10 17:55:00,NDLS
12.45,12.45,12.45,12.45,100,2021-09-10 17:56:00,NDLS
12.43,12.43,12.43,12.43,100,2021-09-10 17:58:00,NDLS
12.47,12.47,12.45,12.45,600,2021-09-10 18:00:00,NDLS
12.48,12.48,12.48,12.48,101,2021-09-10 18:01:00,NDLS
12.46,12.49,12.46,12.49,200,2021-09-10 18:05:00,NDLS
12.45,12.49,12.45,12.46,357,2021-09-10 18:07:00,NDLS
12.46,12.46,12.46,12.46,182,2021-09-10 18:08:00,NDLS
12.46,12.46,12.46,12.46,275,2021-09-10 18:09:00,NDLS
12.46,12.46,12.46,12.46,100,2021-09-10 18:10:00,NDLS
12.45,12.45,12.45,12.45,157,2021-09-10 18:11:00,NDLS
12.44,12.44,12.44,12.44,100,2021-09-10 18:12:00,NDLS
12.45,12.45,12.45,12.45,500,2021-09-10 18:13:00,NDLS
12.48,12.48,12.46,12.46,300,2021-09-10 18:14:00,NDLS
12.46,12.465,12.45,12.465,500,2021-09-10 18:15:00,NDLS
12.48,12.48,12.46,12.46,400,2021-09-10 18:16:00,NDLS
12.46,12.46,12.46,12.46,500,2021-09-10 18:17:00,NDLS
12.45,12.45,12.43,12.43,380,2021-09-10 18:19:00,NDLS
12.41,12.41,12.41,12.41,100,2021-09-10 18:20:00,NDLS
12.41,12.435,12.41,12.435,300,2021-09-10 18:21:00,NDLS
12.43,12.43,12.425,12.43,2015,2021-09-10 18:23:00,NDLS
12.38,12.38,12.38,12.38,200,2021-09-10 18:25:00,NDLS
12.38,12.405,12.38,12.405,500,2021-09-10 18:26:00,NDLS
12.405,12.405,12.38,12.38,500,2021-09-10 18:27:00,NDLS
12.405,12.405,12.405,12.405,131,2021-09-10 18:28:00,NDLS
12.405,12.405,12.38,12.38,369,2021-09-10 18:29:00,NDLS
12.39,12.39,12.37,12.37,1300,2021-09-10 18:30:00,NDLS
12.38,12.41,12.38,12.41,700,2021-09-10 18:31:00,NDLS
12.39,12.42,12.36,12.39,400,2021-09-10 18:32:00,NDLS
12.35,12.38,12.35,12.38,290,2021-09-10 18:34:00,NDLS
12.39,12.4,12.35,12.38,600,2021-09-10 18:35:00,NDLS
12.39,12.39,12.39,12.39,200,2021-09-10 18:36:00,NDLS
12.39,12.4,12.37,12.38,715,2021-09-10 18:37:00,NDLS
12.42,12.42,12.39,12.39,300,2021-09-10 18:38:00,NDLS
12.4,12.4,12.39,12.39,300,2021-09-10 18:39:00,NDLS
12.37,12.4,12.37,12.4,200,2021-09-10 18:40:00,NDLS
12.37,12.37,12.36,12.36,400,2021-09-10 18:41:00,NDLS
12.39,12.39,12.39,12.39,200,2021-09-10 18:43:00,NDLS
12.38,12.38,12.38,12.38,100,2021-09-10 18:44:00,NDLS
12.4,12.4,12.4,12.4,100,2021-09-10 18:46:00,NDLS
12.35,12.36,12.35,12.36,1600,2021-09-10 18:50:00,NDLS
12.39,12.39,12.39,12.39,100,2021-09-10 18:51:00,NDLS
12.41,12.41,12.38,12.38,400,2021-09-10 18:52:00,NDLS
12.38,12.38,12.34,12.35,350,2021-09-10 18:53:00,NDLS
12.37,12.37,12.37,12.37,100,2021-09-10 18:57:00,NDLS
12.37,12.37,12.37,12.37,100,2021-09-10 18:58:00,NDLS
12.34,12.34,12.34,12.34,100,2021-09-10 18:59:00,NDLS
12.33,12.33,12.33,12.33,100,2021-09-10 19:00:00,NDLS
12.36,12.36,12.36,12.36,100,2021-09-10 19:01:00,NDLS
12.31,12.31,12.3,12.3,200,2021-09-10 19:02:00,NDLS
12.33,12.33,12.29,12.29,200,2021-09-10 19:03:00,NDLS
12.28,12.28,12.28,12.28,200,2021-09-10 19:05:00,NDLS
12.31,12.32,12.21,12.285,1974,2021-09-10 19:06:00,NDLS
12.3,12.3,12.28,12.28,416,2021-09-10 19:07:00,NDLS
12.28,12.3,12.26,12.26,504,2021-09-10 19:08:00,NDLS
12.29,12.29,12.29,12.29,100,2021-09-10 19:09:00,NDLS
12.29,12.29,12.29,12.29,100,2021-09-10 19:10:00,NDLS
12.29,12.29,12.25,12.25,400,2021-09-10 19:11:00,NDLS
12.26,12.28,12.255,12.255,600,2021-09-10 19:12:00,NDLS
12.255,12.255,12.255,12.255,200,2021-09-10 19:13:00,NDLS
12.24,12.27,12.24,12.24,400,2021-09-10 19:14:00,NDLS
12.24,12.255,12.24,12.24,700,2021-09-10 19:15:00,NDLS
12.28,12.28,12.28,12.28,200,2021-09-10 19:16:00,NDLS
12.22,12.22,12.22,12.22,100,2021-09-10 19:18:00,NDLS
12.25,12.25,12.25,12.25,100,2021-09-10 19:21:00,NDLS
12.25,12.25,12.25,12.25,300,2021-09-10 19:22:00,NDLS
12.24,12.24,12.24,12.24,325,2021-09-10 19:24:00,NDLS
12.24,12.24,12.24,12.24,400,2021-09-10 19:25:00,NDLS
12.27,12.27,12.27,12.27,200,2021-09-10 19:26:00,NDLS
12.22,12.22,12.22,12.22,299,2021-09-10 19:32:00,NDLS
12.24,12.24,12.23,12.23,300,2021-09-10 19:34:00,NDLS
12.22,12.22,12.22,12.22,100,2021-09-10 19:36:00,NDLS
12.22,12.23,12.22,12.23,400,2021-09-10 19:43:00,NDLS
12.22,12.24,12.22,12.23,1074,2021-09-10 19:44:00,NDLS
12.23,12.23,12.21,12.21,2409,2021-09-10 19:49:00,NDLS
12.21,12.21,12.19,12.19,5795,2021-09-10 19:50:00,NDLS
12.19,12.19,12.185,12.19,1495,2021-09-10 19:51:00,NDLS
12.195,12.2,12.195,12.2,200,2021-09-10 19:53:00,NDLS
12.19,12.19,12.19,12.19,100,2021-09-10 19:54:00,NDLS
12.18,12.18,12.18,12.18,591,2021-09-10 19:56:00,NDLS
12.18,12.19,12.18,12.18,400,2021-09-10 19:57:00,NDLS
12.2,12.2,12.18,12.2,1000,2021-09-10 19:58:00,NDLS
12.18,12.21,12.18,12.21,4475,2021-09-10 19:59:00,NDLS
12.19,12.19,12.19,12.19,17833,2021-09-10 20:00:00,NDLS
12.33,12.33,12.33,12.33,471,2021-09-13 13:30:00,NDLS
12.19,12.19,12.18,12.18,200,2021-09-13 13:36:00,NDLS
12.1,12.1,12.015,12.015,6300,2021-09-13 13:44:00,NDLS
12.09,12.09,12.055,12.055,400,2021-09-13 13:47:00,NDLS
12.1,12.11,12.1,12.11,200,2021-09-13 13:51:00,NDLS
12.11,12.11,12.11,12.11,100,2021-09-13 13:56:00,NDLS
12.1,12.11,12.1,12.11,802,2021-09-13 14:04:00,NDLS
12.04,12.04,12.04,12.04,100,2021-09-13 14:12:00,NDLS
12.035,12.035,12.0,12.025,447,2021-09-13 14:17:00,NDLS
12.05,12.07,12.05,12.05,500,2021-09-13 14:20:00,NDLS
12.07,12.07,12.07,12.07,200,2021-09-13 14:28:00,NDLS
12.03,12.0936,12.03,12.0936,266,2021-09-13 14:29:00,NDLS
12.09,12.09,12.09,12.09,100,2021-09-13 14:34:00,NDLS
12.13,12.13,12.13,12.13,100,2021-09-13 14:38:00,NDLS
12.15,12.15,12.15,12.15,100,2021-09-13 14:52:00,NDLS
12.15,12.15,12.145,12.145,500,2021-09-13 14:53:00,NDLS
12.09,12.09,12.09,12.09,100,2021-09-13 15:01:00,NDLS
12.08,12.08,12.08,12.08,300,2021-09-13 15:07:00,NDLS
12.08,12.1,12.08,12.1,300,2021-09-13 15:10:00,NDLS
12.06,12.06,12.06,12.06,100,2021-09-13 15:14:00,NDLS
12.09,12.09,12.09,12.09,100,2021-09-13 15:19:00,NDLS
12.09,12.09,12.09,12.09,200,2021-09-13 15:23:00,NDLS
12.06,12.06,12.06,12.06,300,2021-09-13 15:39:00,NDLS
12.05,12.05,12.05,12.05,200,2021-09-13 15:41:00,NDLS
12.03,12.03,12.03,12.03,200,2021-09-13 15:44:00,NDLS
12.03,12.03,12.03,12.03,100,2021-09-13 15:48:00,NDLS
12.04,12.04,12.04,12.04,200,2021-09-13 15:49:00,NDLS
12.06,12.06,12.06,12.06,100,2021-09-13 16:07:00,NDLS
12.09,12.09,12.09,12.09,100,2021-09-13 16:10:00,NDLS
12.08,12.1,12.08,12.1,500,2021-09-13 16:12:00,NDLS
12.1,12.1,12.1,12.1,100,2021-09-13 16:16:00,NDLS
12.095,12.095,12.095,12.095,100,2021-09-13 16:20:00,NDLS
12.13,12.13,12.13,12.13,100,2021-09-13 16:30:00,NDLS
12.1273,12.129,12.12,12.129,300,2021-09-13 16:35:00,NDLS
12.12,12.125,12.12,12.12,1100,2021-09-13 16:38:00,NDLS
12.12,12.12,12.12,12.12,100,2021-09-13 16:40:00,NDLS
12.12,12.12,12.09,12.09,300,2021-09-13 16:41:00,NDLS
12.11,12.11,12.11,12.11,300,2021-09-13 16:43:00,NDLS
12.11,12.11,12.11,12.11,200,2021-09-13 16:47:00,NDLS
12.17,12.17,12.17,12.17,100,2021-09-13 16:56:00,NDLS
12.14,12.14,12.14,12.14,100,2021-09-13 17:14:00,NDLS
12.14,12.14,12.14,12.14,100,2021-09-13 17:15:00,NDLS
12.19,12.19,12.19,12.19,100,2021-09-13 17:16:00,NDLS
12.19,12.2,12.19,12.2,841,2021-09-13 17:17:00,NDLS
12.19,12.19,12.15,12.15,300,2021-09-13 17:18:00,NDLS
12.12,12.12,12.12,12.12,100,2021-09-13 17:30:00,NDLS
12.095,12.12,12.095,12.12,200,2021-09-13 17:40:00,NDLS
12.125,12.125,12.125,12.125,100,2021-09-13 17:55:00,NDLS
12.12,12.12,12.12,12.12,100,2021-09-13 17:58:00,NDLS
12.13,12.13,12.13,12.13,100,2021-09-13 18:04:00,NDLS
12.16,12.16,12.16,12.16,100,2021-09-13 18:06:00,NDLS
12.15,12.15,12.15,12.15,100,2021-09-13 18:16:00,NDLS
12.16,12.16,12.16,12.16,100,2021-09-13 18:18:00,NDLS
12.15,12.15,12.15,12.15,120,2021-09-13 18:25:00,NDLS
12.15,12.15,12.14,12.14,200,2021-09-13 18:26:00,NDLS
12.11,12.11,12.11,12.11,106,2021-09-13 18:28:00,NDLS
12.15,12.15,12.15,12.15,100,2021-09-13 18:41:00,NDLS
12.19,12.19,12.19,12.19,100,2021-09-13 18:44:00,NDLS
12.18,12.18,12.18,12.18,200,2021-09-13 18:45:00,NDLS
12.205,12.205,12.19,12.19,200,2021-09-13 18:48:00,NDLS
12.22,12.22,12.22,12.22,100,2021-09-13 18:52:00,NDLS
12.24,12.24,12.24,12.24,100,2021-09-13 18:59:00,NDLS
12.22,12.22,12.21,12.21,207,2021-09-13 19:00:00,NDLS
12.2,12.2,12.2,12.2,414,2021-09-13 19:06:00,NDLS
12.19,12.19,12.175,12.175,300,2021-09-13 19:08:00,NDLS
12.2,12.2,12.2,12.2,100,2021-09-13 19:10:00,NDLS
12.2,12.2,12.16,12.16,332,2021-09-13 19:11:00,NDLS
12.16,12.16,12.16,12.16,200,2021-09-13 19:19:00,NDLS
12.18,12.18,12.18,12.18,100,2021-09-13 19:20:00,NDLS
12.16,12.16,12.16,12.16,100,2021-09-13 19:21:00,NDLS
12.165,12.165,12.16,12.16,200,2021-09-13 19:23:00,NDLS
12.19,12.19,12.19,12.19,200,2021-09-13 19:33:00,NDLS
12.18,12.18,12.18,12.18,100,2021-09-13 19:34:00,NDLS
12.185,12.185,12.185,12.185,100,2021-09-13 19:38:00,NDLS
12.17,12.17,12.17,12.17,110,2021-09-13 19:40:00,NDLS
12.14,12.145,12.14,12.14,300,2021-09-13 19:44:00,NDLS
12.1481,12.1481,12.1481,12.1481,108,2021-09-13 19:46:00,NDLS
12.14,12.14,12.14,12.14,200,2021-09-13 19:50:00,NDLS
12.15,12.16,12.13,12.16,1076,2021-09-13 19:51:00,NDLS
12.135,12.135,12.135,12.135,100,2021-09-13 19:54:00,NDLS
12.145,12.145,12.13,12.13,400,2021-09-13 19:56:00,NDLS
12.135,12.1499,12.135,12.1499,222,2021-09-13 19:57:00,NDLS
12.15,12.15,12.135,12.135,300,2021-09-13 19:58:00,NDLS
12.15,12.16,12.15,12.16,1594,2021-09-13 19:59:00,NDLS
12.15,12.15,12.15,12.15,15654,2021-09-13 20:00:00,NDLS
12.25,12.25,12.25,12.25,830,2021-09-14 13:30:00,NDLS
12.135,12.25,12.135,12.25,950,2021-09-14 13:36:00,NDLS
12.185,12.2,12.185,12.2,200,2021-09-14 13:38:00,NDLS
12.21,12.21,12.21,12.21,300,2021-09-14 13:39:00,NDLS
12.21,12.23,12.1,12.1,1066,2021-09-14 13:40:00,NDLS
12.12,12.12,12.12,12.12,200,2021-09-14 13:50:00,NDLS
12.1,12.1,12.1,12.1,600,2021-09-14 13:53:00,NDLS
12.065,12.065,12.065,12.065,100,2021-09-14 13:55:00,NDLS
12.0,12.04,12.0,12.0,2994,2021-09-14 14:03:00,NDLS
12.01,12.01,12.01,12.01,100,2021-09-14 14:05:00,NDLS
12.06,12.06,12.04,12.04,200,2021-09-14 14:07:00,NDLS
12.04,12.07,12.01,12.01,1002,2021-09-14 14:11:00,NDLS
12.03,12.03,12.03,12.03,100,2021-09-14 14:14:00,NDLS
12.0427,12.0427,12.0,12.0,433,2021-09-14 14:15:00,NDLS
12.05,12.05,12.05,12.05,1380,2021-09-14 14:23:00,NDLS
12.0634,12.07,12.0634,12.07,200,2021-09-14 14:24:00,NDLS
12.03,12.03,11.98,11.98,1549,2021-09-14 14:27:00,NDLS
11.95,11.96,11.94,11.95,1208,2021-09-14 14:35:00,NDLS
11.915,11.94,11.915,11.94,200,2021-09-14 14:49:00,NDLS
11.9,11.9,11.871,11.9,1000,2021-09-14 14:54:00,NDLS
11.9,11.97,11.9,11.97,920,2021-09-14 15:00:00,NDLS
11.96,11.96,11.93,11.93,300,2021-09-14 15:01:00,NDLS
11.931,11.94,11.93,11.93,1946,2021-09-14 15:02:00,NDLS
11.99,11.99,11.99,11.99,200,2021-09-14 15:11:00,NDLS
11.9401,11.9401,11.94,11.94,204,2021-09-14 15:13:00,NDLS
11.94,11.94,11.86,11.86,6062,2021-09-14 15:20:00,NDLS
11.93,11.93,11.93,11.93,100,2021-09-14 15:24:00,NDLS
11.94,11.94,11.925,11.925,200,2021-09-14 15:40:00,NDLS
11.925,11.925,11.925,11.925,100,2021-09-14 15:45:00,NDLS
11.91,11.915,11.91,11.915,700,2021-09-14 15:47:00,NDLS
11.9,11.9,11.9,11.9,100,2021-09-14 15:48:00,NDLS
11.915,11.915,11.915,11.915,100,2021-09-14 15:50:00,NDLS
11.92,11.92,11.92,11.92,809,2021-09-14 15:55:00,NDLS
11.93,11.94,11.93,11.9301,542,2021-09-14 16:00:00,NDLS
11.955,11.955,11.955,11.955,100,2021-09-14 16:07:00,NDLS
11.955,11.955,11.945,11.945,200,2021-09-14 16:13:00,NDLS
11.93,11.93,11.92,11.92,681,2021-09-14 16:21:00,NDLS
11.9101,11.9101,11.9101,11.9101,121,2021-09-14 16:27:00,NDLS
11.935,11.935,11.935,11.935,100,2021-09-14 16:28:00,NDLS
11.91,11.91,11.89,11.9,1344,2021-09-14 16:31:00,NDLS
11.87,11.8704,11.87,11.8704,400,2021-09-14 16:40:00,NDLS
11.87,11.87,11.87,11.87,100,2021-09-14 16:44:00,NDLS
11.87,11.87,11.85,11.85,5284,2021-09-14 16:45:00,NDLS
11.83,11.83,11.83,11.83,100,2021-09-14 16:47:00,NDLS
11.8304,11.85,11.8304,11.84,858,2021-09-14 16:48:00,NDLS
11.85,11.85,11.85,11.85,200,2021-09-14 16:49:00,NDLS
11.85,11.85,11.85,11.85,100,2021-09-14 16:51:00,NDLS
11.86,11.86,11.86,11.86,200,2021-09-14 17:01:00,NDLS
11.84,11.84,11.82,11.82,814,2021-09-14 17:05:00,NDLS
11.8,11.8,11.8,11.8,300,2021-09-14 17:06:00,NDLS
11.8,11.8,11.7902,11.7902,400,2021-09-14 17:07:00,NDLS
11.7802,11.79,11.78,11.785,400,2021-09-14 17:08:00,NDLS
11.78,11.78,11.78,11.78,200,2021-09-14 17:12:00,NDLS
11.8,11.83,11.8,11.825,600,2021-09-14 17:14:00,NDLS
11.87,11.87,11.87,11.87,100,2021-09-14 17:15:00,NDLS
11.85,11.85,11.85,11.85,100,2021-09-14 17:23:00,NDLS
11.84,11.84,11.84,11.84,100,2021-09-14 17:33:00,NDLS
11.845,11.845,11.845,11.845,100,2021-09-14 17:34:00,NDLS
11.85,11.85,11.85,11.85,100,2021-09-14 17:35:00,NDLS
11.855,11.855,11.855,11.855,100,2021-09-14 17:42:00,NDLS
11.84,11.84,11.83,11.83,500,2021-09-14 17:47:00,NDLS
11.82,11.82,11.82,11.82,100,2021-09-14 17:56:00,NDLS
11.82,11.82,11.82,11.82,200,2021-09-14 17:58:00,NDLS
11.805,11.805,11.805,11.805,110,2021-09-14 18:00:00,NDLS
11.805,11.805,11.805,11.805,100,2021-09-14 18:03:00,NDLS
11.79,11.79,11.79,11.79,300,2021-09-14 18:08:00,NDLS
11.8,11.8,11.8,11.8,400,2021-09-14 18:10:00,NDLS
11.79,11.79,11.79,11.79,400,2021-09-14 18:16:00,NDLS
11.78,11.78,11.78,11.78,100,2021-09-14 18:19:00,NDLS
11.77,11.77,11.77,11.77,100,2021-09-14 18:20:00,NDLS
11.75,11.75,11.75,11.75,100,2021-09-14 18:22:00,NDLS
11.75,11.75,11.75,11.75,100,2021-09-14 18:29:00,NDLS
11.7594,11.7594,11.75,11.75,633,2021-09-14 18:30:00,NDLS
11.73,11.75,11.725,11.75,1343,2021-09-14 18:31:00,NDLS
11.76,11.77,11.76,11.77,200,2021-09-14 18:36:00,NDLS
11.76,11.76,11.76,11.76,100,2021-09-14 18:42:00,NDLS
11.76,11.76,11.76,11.76,100,2021-09-14 18:43:00,NDLS
11.75,11.75,11.7,11.73,219539,2021-09-14 18:44:00,NDLS
11.71,11.725,11.7,11.725,1500,2021-09-14 18:46:00,NDLS
11.725,11.725,11.725,11.725,200,2021-09-14 18:47:00,NDLS
11.7269,11.735,11.7269,11.735,300,2021-09-14 18:48:00,NDLS
11.725,11.725,11.725,11.725,100,2021-09-14 18:49:00,NDLS
11.725,11.725,11.725,11.725,100,2021-09-14 18:50:00,NDLS
11.74,11.77,11.74,11.77,200,2021-09-14 19:02:00,NDLS
11.76,11.76,11.7595,11.7595,381,2021-09-14 19:04:00,NDLS
11.74,11.74,11.74,11.74,100,2021-09-14 19:05:00,NDLS
11.74,11.74,11.74,11.74,100,2021-09-14 19:06:00,NDLS
11.75,11.75,11.73,11.73,200,2021-09-14 19:09:00,NDLS
11.73,11.73,11.73,11.73,400,2021-09-14 19:11:00,NDLS
11.74,11.745,11.74,11.745,200,2021-09-14 19:13:00,NDLS
11.735,11.735,11.735,11.735,100,2021-09-14 19:14:00,NDLS
11.72,11.72,11.72,11.72,1000,2021-09-14 19:15:00,NDLS
11.7,11.7,11.69,11.69,200,2021-09-14 19:20:00,NDLS
11.6888,11.6888,11.6888,11.6888,100,2021-09-14 19:21:00,NDLS
11.68,11.68,11.67,11.67,370,2021-09-14 19:25:00,NDLS
11.67,11.69,11.67,11.69,626,2021-09-14 19:27:00,NDLS
11.69,11.69,11.69,11.69,200,2021-09-14 19:29:00,NDLS
11.68,11.68,11.67,11.67,200,2021-09-14 19:30:00,NDLS
11.68,11.68,11.68,11.68,100,2021-09-14 19:33:00,NDLS
11.65,11.65,11.65,11.65,500,2021-09-14 19:36:00,NDLS
11.65,11.65,11.65,11.65,300,2021-09-14 19:37:00,NDLS
11.67,11.675,11.67,11.675,200,2021-09-14 19:38:00,NDLS
11.68,11.68,11.68,11.68,200,2021-09-14 19:40:00,NDLS
11.69,11.705,11.69,11.705,398,2021-09-14 19:43:00,NDLS
11.705,11.7187,11.705,11.715,950,2021-09-14 19:44:00,NDLS
11.72,11.74,11.72,11.74,400,2021-09-14 19:45:00,NDLS
11.73,11.73,11.73,11.73,100,2021-09-14 19:46:00,NDLS
11.72,11.77,11.72,11.77,2230,2021-09-14 19:47:00,NDLS
11.78,11.78,11.77,11.77,400,2021-09-14 19:48:00,NDLS
11.7899,11.8,11.7895,11.8,2373,2021-09-14 19:49:00,NDLS
11.8,11.8,11.8,11.8,600,2021-09-14 19:50:00,NDLS
11.79,11.79,11.78,11.79,1051,2021-09-14 19:51:00,NDLS
11.8,11.8,11.795,11.795,300,2021-09-14 19:52:00,NDLS
11.795,11.795,11.795,11.795,100,2021-09-14 19:53:00,NDLS
11.795,11.81,11.795,11.8,1500,2021-09-14 19:54:00,NDLS
11.8,11.8,11.8,11.8,100,2021-09-14 19:55:00,NDLS
11.8,11.8,11.8,11.8,100,2021-09-14 19:56:00,NDLS
11.8,11.8,11.8,11.8,100,2021-09-14 19:57:00,NDLS
11.79,11.8,11.79,11.8,759,2021-09-14 19:58:00,NDLS
11.79,11.82,11.78,11.79,8531,2021-09-14 19:59:00,NDLS
11.77,11.77,11.77,11.77,18476,2021-09-14 20:00:00,NDLS
11.77,11.77,11.77,11.77,511,2021-09-14 20:01:00,NDLS
11.84,11.84,11.84,11.84,1489,2021-09-15 13:30:00,NDLS
11.805,11.87,11.7413,11.7413,2300,2021-09-15 13:33:00,NDLS
11.8,11.8,11.67,11.67,1762,2021-09-15 13:34:00,NDLS
11.62,11.6442,11.57,11.57,6310,2021-09-15 13:36:00,NDLS
11.53,11.53,11.37,11.37,7082,2021-09-15 13:39:00,NDLS
11.37,11.4,11.365,11.4,1116,2021-09-15 13:40:00,NDLS
11.48,11.48,11.48,11.48,200,2021-09-15 13:46:00,NDLS
11.55,11.55,11.55,11.55,600,2021-09-15 13:59:00,NDLS
11.59,11.59,11.59,11.59,100,2021-09-15 14:03:00,NDLS
11.61,11.61,11.61,11.61,100,2021-09-15 14:04:00,NDLS
11.58,11.58,11.58,11.58,600,2021-09-15 14:12:00,NDLS
11.56,11.56,11.56,11.56,100,2021-09-15 14:13:00,NDLS
11.57,11.57,11.57,11.57,100,2021-09-15 14:25:00,NDLS
11.6,11.65,11.6,11.65,1414,2021-09-15 14:35:00,NDLS
11.619,11.619,11.619,11.619,2000,2021-09-15 14:37:00,NDLS
11.57,11.57,11.57,11.57,100,2021-09-15 14:39:00,NDLS
11.56,11.57,11.56,11.57,200,2021-09-15 14:41:00,NDLS
11.57,11.57,11.556,11.556,600,2021-09-15 14:42:00,NDLS
11.57,11.57,11.57,11.57,400,2021-09-15 14:43:00,NDLS
11.54,11.54,11.54,11.54,100,2021-09-15 14:45:00,NDLS
11.62,11.65,11.62,11.65,400,2021-09-15 14:50:00,NDLS
11.59,11.6,11.58,11.58,5400,2021-09-15 14:51:00,NDLS
11.587,11.59,11.587,11.59,1627,2021-09-15 14:54:00,NDLS
11.63,11.63,11.62,11.62,300,2021-09-15 14:56:00,NDLS
11.65,11.65,11.65,11.65,350,2021-09-15 14:58:00,NDLS
11.6861,11.6861,11.6861,11.6861,5000,2021-09-15 14:59:00,NDLS
11.685,11.7,11.685,11.7,600,2021-09-15 15:00:00,NDLS
11.7,11.7,11.69,11.69,3279,2021-09-15 15:01:00,NDLS
11.69,11.7,11.69,11.7,400,2021-09-15 15:02:00,NDLS
11.7575,11.7575,11.7575,11.7575,100,2021-09-15 15:03:00,NDLS
11.757,11.77,11.755,11.77,5387,2021-09-15 15:04:00,NDLS
11.8,11.81,11.795,11.8,3045,2021-09-15 15:08:00,NDLS
11.82,11.82,11.8005,11.8005,5098,2021-09-15 15:09:00,NDLS
11.81,11.81,11.81,11.81,100,2021-09-15 15:10:00,NDLS
11.85,11.85,11.825,11.825,300,2021-09-15 15:11:00,NDLS
11.79,11.85,11.79,11.85,2510,2021-09-15 15:15:00,NDLS
11.89,11.93,11.89,11.93,1100,2021-09-15 15:19:00,NDLS
11.91,11.92,11.89,11.9,400,2021-09-15 15:20:00,NDLS
11.92,11.92,11.92,11.92,808,2021-09-15 15:22:00,NDLS
11.9,11.9,11.9,11.9,270,2021-09-15 15:23:00,NDLS
11.95,11.95,11.95,11.95,561,2021-09-15 15:26:00,NDLS
11.92,11.92,11.89,11.89,699,2021-09-15 15:27:00,NDLS
11.92,11.92,11.92,11.92,200,2021-09-15 15:30:00,NDLS
11.895,11.91,11.895,11.91,200,2021-09-15 15:40:00,NDLS
11.91,11.91,11.89,11.89,600,2021-09-15 15:41:00,NDLS
11.88,11.89,11.88,11.89,1000,2021-09-15 15:42:00,NDLS
11.895,11.91,11.88,11.88,1100,2021-09-15 15:43:00,NDLS
11.8867,11.93,11.88,11.88,1876,2021-09-15 15:44:00,NDLS
11.86,11.86,11.86,11.86,100,2021-09-15 15:45:00,NDLS
11.86,11.86,11.86,11.86,100,2021-09-15 15:46:00,NDLS
11.84,11.84,11.84,11.84,700,2021-09-15 15:49:00,NDLS
11.86,11.86,11.855,11.855,200,2021-09-15 15:51:00,NDLS
11.88,11.88,11.88,11.88,100,2021-09-15 15:52:00,NDLS
11.88,11.9,11.87,11.87,1200,2021-09-15 15:53:00,NDLS
11.83,11.83,11.83,11.83,100,2021-09-15 16:08:00,NDLS
11.8399,11.8399,11.8399,11.8399,400,2021-09-15 16:10:00,NDLS
11.83,11.83,11.83,11.83,700,2021-09-15 16:14:00,NDLS
11.83,11.83,11.83,11.83,500,2021-09-15 16:15:00,NDLS
11.83,11.845,11.83,11.845,200,2021-09-15 16:21:00,NDLS
11.83,11.83,11.83,11.83,100,2021-09-15 16:31:00,NDLS
11.83,11.83,11.83,11.83,100,2021-09-15 16:32:00,NDLS
11.83,11.83,11.83,11.83,196,2021-09-15 16:35:00,NDLS
11.83,11.83,11.83,11.83,100,2021-09-15 16:36:00,NDLS
11.82,11.82,11.82,11.82,698,2021-09-15 16:38:00,NDLS
11.84,11.84,11.84,11.84,100,2021-09-15 16:42:00,NDLS
11.83,11.83,11.83,11.83,100,2021-09-15 16:45:00,NDLS
11.81,11.81,11.81,11.81,100,2021-09-15 16:54:00,NDLS
11.83,11.83,11.83,11.83,200,2021-09-15 16:59:00,NDLS
11.81,11.81,11.8,11.8,300,2021-09-15 17:04:00,NDLS
11.8,11.8,11.8,11.8,100,2021-09-15 17:09:00,NDLS
11.82,11.82,11.82,11.82,377,2021-09-15 17:19:00,NDLS
11.84,11.84,11.84,11.84,100,2021-09-15 17:21:00,NDLS
11.85,11.85,11.85,11.85,100,2021-09-15 17:22:00,NDLS
11.85,11.85,11.85,11.85,100,2021-09-15 17:28:00,NDLS
11.85,11.85,11.85,11.85,100,2021-09-15 17:29:00,NDLS
11.87,11.87,11.86,11.87,600,2021-09-15 17:33:00,NDLS
11.86,11.87,11.86,11.87,200,2021-09-15 17:34:00,NDLS
11.85,11.85,11.85,11.85,200,2021-09-15 17:37:00,NDLS
11.85,11.87,11.85,11.87,200,2021-09-15 17:38:00,NDLS
11.88,11.88,11.88,11.88,400,2021-09-15 17:46:00,NDLS
11.9,11.91,11.9,11.91,1098,2021-09-15 17:48:00,NDLS
11.91,11.91,11.9,11.9,200,2021-09-15 17:55:00,NDLS
11.8701,11.8701,11.8701,11.8701,280,2021-09-15 18:08:00,NDLS
11.88,11.88,11.88,11.88,300,2021-09-15 18:09:00,NDLS
11.8983,11.93,11.8983,11.91,800,2021-09-15 18:10:00,NDLS
11.91,11.91,11.91,11.91,150,2021-09-15 18:17:00,NDLS
11.92,11.92,11.92,11.92,100,2021-09-15 18:19:00,NDLS
11.93,11.93,11.93,11.93,300,2021-09-15 18:20:00,NDLS
11.93,11.93,11.93,11.93,100,2021-09-15 18:26:00,NDLS
11.94,11.94,11.94,11.94,100,2021-09-15 18:28:00,NDLS
11.96,11.96,11.95,11.95,300,2021-09-15 18:31:00,NDLS
11.95,11.95,11.95,11.95,100,2021-09-15 18:33:00,NDLS
11.97,11.97,11.97,11.97,1558,2021-09-15 18:35:00,NDLS
11.98,11.98,11.98,11.98,100,2021-09-15 18:38:00,NDLS
11.96,11.96,11.95,11.95,500,2021-09-15 18:39:00,NDLS
11.95,11.95,11.95,11.95,100,2021-09-15 18:45:00,NDLS
11.96,11.96,11.96,11.96,400,2021-09-15 18:46:00,NDLS
11.96,11.98,11.96,11.975,1800,2021-09-15 18:55:00,NDLS
11.97,11.97,11.97,11.97,100,2021-09-15 18:57:00,NDLS
11.975,11.975,11.975,11.975,100,2021-09-15 18:58:00,NDLS
11.975,11.975,11.975,11.975,100,2021-09-15 18:59:00,NDLS
11.97,11.97,11.97,11.97,100,2021-09-15 19:03:00,NDLS
11.99,11.99,11.99,11.99,256,2021-09-15 19:04:00,NDLS
11.99,12.05,11.99,12.05,1300,2021-09-15 19:05:00,NDLS
12.055,12.055,12.04,12.04,500,2021-09-15 19:06:00,NDLS
12.03,12.03,12.02,12.02,200,2021-09-15 19:07:00,NDLS
12.025,12.04,12.025,12.04,200,2021-09-15 19:08:00,NDLS
12.03,12.03,12.03,12.03,220,2021-09-15 19:11:00,NDLS
12.03,12.04,12.03,12.04,200,2021-09-15 19:12:00,NDLS
12.06,12.07,12.06,12.07,300,2021-09-15 19:15:00,NDLS
12.1,12.1,12.08,12.08,346,2021-09-15 19:17:00,NDLS
12.06,12.06,12.06,12.06,200,2021-09-15 19:18:00,NDLS
12.05,12.05,12.05,12.05,100,2021-09-15 19:19:00,NDLS
12.07,12.07,12.07,12.07,300,2021-09-15 19:21:00,NDLS
12.08,12.08,12.07,12.07,608,2021-09-15 19:22:00,NDLS
12.041,12.041,12.03,12.03,437,2021-09-15 19:26:00,NDLS
12.02,12.02,12.02,12.02,200,2021-09-15 19:29:00,NDLS
12.04,12.04,12.04,12.04,567,2021-09-15 19:30:00,NDLS
12.07,12.07,12.07,12.07,200,2021-09-15 19:33:00,NDLS
12.085,12.085,12.08,12.08,700,2021-09-15 19:34:00,NDLS
12.07,12.07,12.07,12.07,100,2021-09-15 19:35:00,NDLS
12.1,12.1,12.1,12.1,200,2021-09-15 19:38:00,NDLS
12.1079,12.1079,12.1,12.1,345,2021-09-15 19:39:00,NDLS
12.11,12.11,12.097,12.097,300,2021-09-15 19:40:00,NDLS
12.1,12.1076,12.1,12.1076,287,2021-09-15 19:41:00,NDLS
12.1,12.1199,12.09,12.1199,2205,2021-09-15 19:42:00,NDLS
12.12,12.12,12.12,12.12,300,2021-09-15 19:43:00,NDLS
12.13,12.1399,12.13,12.1399,259,2021-09-15 19:44:00,NDLS
12.14,12.16,12.14,12.1551,691,2021-09-15 19:45:00,NDLS
12.14,12.14,12.14,12.14,100,2021-09-15 19:46:00,NDLS
12.16,12.1651,12.11,12.11,1549,2021-09-15 19:47:00,NDLS
12.118,12.13,12.118,12.13,614,2021-09-15 19:48:00,NDLS
12.14,12.14,12.11,12.1229,615,2021-09-15 19:49:00,NDLS
12.13,12.13,12.11,12.11,500,2021-09-15 19:50:00,NDLS
12.1248,12.1248,12.115,12.115,364,2021-09-15 19:51:00,NDLS
12.1,12.1002,12.1,12.1,345,2021-09-15 19:52:00,NDLS
12.09,12.09,12.08,12.08,200,2021-09-15 19:53:00,NDLS
12.07,12.08,12.07,12.07,300,2021-09-15 19:55:00,NDLS
12.07,12.08,12.07,12.08,600,2021-09-15 19:56:00,NDLS
12.08,12.09,12.08,12.09,1110,2021-09-15 19:57:00,NDLS
12.12,12.12,12.115,12.12,600,2021-09-15 19:58:00,NDLS
12.11,12.14,12.08,12.14,3023,2021-09-15 19:59:00,NDLS
12.13,12.13,12.13,12.13,21263,2021-09-15 20:00:00,NDLS
12.13,12.13,12.13,12.13,1493,2021-09-15 20:01:00,NDLS
12.11,12.13,12.11,12.13,2017,2021-09-16 13:30:00,NDLS
12.06,12.06,12.06,12.06,100,2021-09-16 13:35:00,NDLS
12.14,12.14,12.14,12.14,300,2021-09-16 13:54:00,NDLS
12.07,12.1,12.07,12.07,1098,2021-09-16 13:56:00,NDLS
12.06,12.06,12.06,12.06,100,2021-09-16 13:57:00,NDLS
12.07,12.07,12.07,12.07,100,2021-09-16 13:58:00,NDLS
12.08,12.08,12.08,12.08,100,2021-09-16 14:01:00,NDLS
12.07,12.07,12.07,12.07,200,2021-09-16 14:04:00,NDLS
12.07,12.07,12.07,12.07,356,2021-09-16 14:07:00,NDLS
12.0582,12.0582,12.0582,12.0582,1000,2021-09-16 14:14:00,NDLS
12.04,12.04,12.04,12.04,100,2021-09-16 14:18:00,NDLS
12.09,12.13,12.09,12.13,900,2021-09-16 14:21:00,NDLS
12.15,12.15,12.15,12.15,998,2021-09-16 14:22:00,NDLS
12.15,12.19,12.15,12.19,900,2021-09-16 14:23:00,NDLS
12.1943,12.2,12.1943,12.2,1300,2021-09-16 14:27:00,NDLS
12.235,12.25,12.235,12.25,1138,2021-09-16 14:34:00,NDLS
12.275,12.275,12.275,12.275,200,2021-09-16 14:39:00,NDLS
12.25,12.26,12.25,12.26,300,2021-09-16 14:42:00,NDLS
12.24,12.24,12.24,12.24,500,2021-09-16 14:46:00,NDLS
12.24,12.26,12.24,12.26,1100,2021-09-16 14:50:00,NDLS
12.23,12.25,12.23,12.25,480,2021-09-16 14:54:00,NDLS
12.24,12.24,12.24,12.24,100,2021-09-16 14:55:00,NDLS
12.3,12.32,12.29,12.29,900,2021-09-16 15:01:00,NDLS
12.31,12.325,12.31,12.325,200,2021-09-16 15:02:00,NDLS
12.29,12.29,12.29,12.29,255,2021-09-16 15:04:00,NDLS
12.2601,12.2601,12.2601,12.2601,150,2021-09-16 15:12:00,NDLS
12.285,12.31,12.26,12.285,822,2021-09-16 15:18:00,NDLS
12.3,12.33,12.3,12.33,1440,2021-09-16 15:25:00,NDLS
12.35,12.39,12.35,12.39,2378,2021-09-16 15:28:00,NDLS
12.3714,12.3714,12.3714,12.3714,100,2021-09-16 15:30:00,NDLS
12.44,12.44,12.405,12.405,200,2021-09-16 15:37:00,NDLS
12.4,12.4,12.4,12.4,300,2021-09-16 15:40:00,NDLS
12.382,12.39,12.365,12.37,4043,2021-09-16 15:41:00,NDLS
12.31,12.31,12.2782,12.2782,1165,2021-09-16 15:46:00,NDLS
12.36,12.37,12.36,12.37,400,2021-09-16 16:03:00,NDLS
12.37,12.37,12.37,12.37,100,2021-09-16 16:07:00,NDLS
12.385,12.385,12.385,12.385,100,2021-09-16 16:08:00,NDLS
12.4,12.4,12.39,12.39,1800,2021-09-16 16:09:00,NDLS
12.3902,12.3902,12.39,12.39,1000,2021-09-16 16:10:00,NDLS
12.39,12.39,12.37,12.3748,1900,2021-09-16 16:11:00,NDLS
12.395,12.41,12.395,12.41,200,2021-09-16 16:19:00,NDLS
12.405,12.405,12.405,12.405,100,2021-09-16 16:24:00,NDLS
12.405,12.405,12.405,12.405,100,2021-09-16 16:25:00,NDLS
12.42,12.42,12.42,12.42,200,2021-09-16 16:35:00,NDLS
12.46,12.46,12.46,12.46,100,2021-09-16 16:39:00,NDLS
12.46,12.46,12.46,12.46,300,2021-09-16 16:44:00,NDLS
12.45,12.45,12.44,12.44,507,2021-09-16 16:45:00,NDLS
12.4,12.4,12.4,12.4,500,2021-09-16 16:52:00,NDLS
12.39,12.39,12.38,12.3867,1400,2021-09-16 16:54:00,NDLS
12.38,12.38,12.37,12.37,500,2021-09-16 17:06:00,NDLS
12.37,12.37,12.37,12.37,100,2021-09-16 17:07:00,NDLS
12.37,12.37,12.37,12.37,100,2021-09-16 17:12:00,NDLS
12.375,12.375,12.375,12.375,100,2021-09-16 17:20:00,NDLS
12.38,12.38,12.38,12.38,200,2021-09-16 17:25:00,NDLS
12.375,12.38,12.36,12.36,2793,2021-09-16 17:32:00,NDLS
12.36,12.36,12.33,12.33,2336,2021-09-16 17:33:00,NDLS
12.3301,12.3301,12.29,12.29,1500,2021-09-16 17:40:00,NDLS
12.31,12.31,12.31,12.31,100,2021-09-16 17:49:00,NDLS
12.32,12.325,12.32,12.32,800,2021-09-16 17:51:00,NDLS
12.31,12.31,12.31,12.31,136,2021-09-16 17:52:00,NDLS
12.32,12.35,12.32,12.35,1458,2021-09-16 17:53:00,NDLS
12.35,12.35,12.35,12.35,200,2021-09-16 17:57:00,NDLS
12.38,12.44,12.36,12.36,8057,2021-09-16 18:04:00,NDLS
12.4,12.4,12.4,12.4,100,2021-09-16 18:07:00,NDLS
12.385,12.4,12.385,12.4,500,2021-09-16 18:10:00,NDLS
12.41,12.41,12.41,12.41,300,2021-09-16 18:12:00,NDLS
12.43,12.43,12.43,12.43,100,2021-09-16 18:16:00,NDLS
12.425,12.425,12.425,12.425,100,2021-09-16 18:18:00,NDLS
12.45,12.45,12.45,12.45,100,2021-09-16 18:19:00,NDLS
12.45,12.45,12.45,12.45,100,2021-09-16 18:24:00,NDLS
12.45,12.45,12.45,12.45,100,2021-09-16 18:25:00,NDLS
12.42,12.42,12.42,12.42,100,2021-09-16 18:28:00,NDLS
12.43,12.43,12.43,12.43,100,2021-09-16 18:40:00,NDLS
12.43,12.43,12.41,12.41,220,2021-09-16 18:47:00,NDLS
12.43,12.43,12.43,12.43,100,2021-09-16 19:01:00,NDLS
12.45,12.46,12.45,12.46,200,2021-09-16 19:05:00,NDLS
12.47,12.47,12.47,12.47,200,2021-09-16 19:09:00,NDLS
12.49,12.495,12.48,12.48,1665,2021-09-16 19:10:00,NDLS
12.49,12.49,12.49,12.49,100,2021-09-16 19:11:00,NDLS
12.49,12.49,12.435,12.435,1791,2021-09-16 19:15:00,NDLS
12.43,12.43,12.43,12.43,207,2021-09-16 19:17:00,NDLS
12.465,12.4972,12.465,12.48,700,2021-09-16 19:22:00,NDLS
12.49,12.49,12.49,12.49,100,2021-09-16 19:24:00,NDLS
12.47,12.47,12.47,12.47,100,2021-09-16 19:25:00,NDLS
12.47,12.47,12.45,12.45,598,2021-09-16 19:29:00,NDLS
12.45,12.46,12.45,12.46,300,2021-09-16 19:30:00,NDLS
12.48,12.5,12.48,12.5,800,2021-09-16 19:32:00,NDLS
12.52,12.52,12.52,12.52,100,2021-09-16 19:33:00,NDLS
12.515,12.515,12.51,12.515,300,2021-09-16 19:35:00,NDLS
12.51,12.51,12.51,12.51,957,2021-09-16 19:36:00,NDLS
12.49,12.49,12.49,12.49,100,2021-09-16 19:37:00,NDLS
12.48,12.48,12.48,12.48,400,2021-09-16 19:39:00,NDLS
12.49,12.49,12.49,12.49,200,2021-09-16 19:40:00,NDLS
12.49,12.49,12.49,12.49,110,2021-09-16 19:41:00,NDLS
12.5,12.5,12.5,12.5,100,2021-09-16 19:43:00,NDLS
12.49,12.49,12.49,12.49,100,2021-09-16 19:45:00,NDLS
12.49,12.49,12.48,12.48,600,2021-09-16 19:46:00,NDLS
12.47,12.47,12.47,12.47,100,2021-09-16 19:48:00,NDLS
12.48,12.49,12.46,12.475,1300,2021-09-16 19:50:00,NDLS
12.46,12.46,12.44,12.44,2200,2021-09-16 19:51:00,NDLS
12.45,12.45,12.41,12.41,1540,2021-09-16 19:52:00,NDLS
12.41,12.42,12.41,12.42,232,2021-09-16 19:53:00,NDLS
12.41,12.41,12.41,12.41,168,2021-09-16 19:54:00,NDLS
12.41,12.41,12.41,12.41,401,2021-09-16 19:55:00,NDLS
12.4,12.42,12.4,12.4,800,2021-09-16 19:56:00,NDLS
12.42,12.43,12.41,12.42,734,2021-09-16 19:57:00,NDLS
12.42,12.44,12.42,12.44,1613,2021-09-16 19:58:00,NDLS
12.44,12.44,12.4,12.4,2164,2021-09-16 19:59:00,NDLS
12.43,12.43,12.43,12.43,20795,2021-09-16 20:00:00,NDLS
12.39,12.42,12.39,12.42,1500,2021-09-17 13:29:00,NDLS
12.48,12.48,12.48,12.48,45882,2021-09-17 13:30:00,NDLS
12.43,12.43,12.43,12.43,100,2021-09-17 13:31:00,NDLS
12.57,12.57,12.57,12.57,165,2021-09-17 13:32:00,NDLS
12.57,12.59,12.56,12.56,750,2021-09-17 13:33:00,NDLS
12.46,12.46,12.46,12.46,1000,2021-09-17 13:37:00,NDLS
12.4812,12.4812,12.4812,12.4812,1500,2021-09-17 13:48:00,NDLS
12.45,12.45,12.41,12.41,600,2021-09-17 13:50:00,NDLS
12.44,12.44,12.44,12.44,100,2021-09-17 13:51:00,NDLS
12.43,12.43,12.43,12.43,100,2021-09-17 13:53:00,NDLS
12.43,12.43,12.43,12.43,100,2021-09-17 13:56:00,NDLS
12.43,12.43,12.43,12.43,100,2021-09-17 14:05:00,NDLS
12.46,12.47,12.46,12.47,200,2021-09-17 14:07:00,NDLS
12.45,12.45,12.45,12.45,100,2021-09-17 14:09:00,NDLS
12.435,12.435,12.435,12.435,100,2021-09-17 14:15:00,NDLS
12.41,12.41,12.41,12.41,300,2021-09-17 14:27:00,NDLS
12.42,12.47,12.42,12.47,1100,2021-09-17 14:30:00,NDLS
12.46,12.46,12.46,12.46,100,2021-09-17 14:31:00,NDLS
12.48,12.51,12.48,12.51,1646,2021-09-17 14:36:00,NDLS
12.47,12.47,12.45,12.45,320,2021-09-17 14:38:00,NDLS
12.465,12.49,12.465,12.47,1653,2021-09-17 14:40:00,NDLS
12.52,12.52,12.52,12.52,200,2021-09-17 14:59:00,NDLS
12.48,12.48,12.46,12.46,520,2021-09-17 15:02:00,NDLS
12.42,12.42,12.42,12.42,120,2021-09-17 15:11:00,NDLS
12.43,12.44,12.43,12.44,220,2021-09-17 15:14:00,NDLS
12.45,12.46,12.45,12.46,300,2021-09-17 15:16:00,NDLS
12.48,12.48,12.48,12.48,399,2021-09-17 15:20:00,NDLS
12.48,12.48,12.48,12.48,200,2021-09-17 15:26:00,NDLS
12.43,12.43,12.43,12.43,100,2021-09-17 15:38:00,NDLS
12.425,12.425,12.425,12.425,100,2021-09-17 15:41:00,NDLS
12.41,12.41,12.41,12.41,100,2021-09-17 16:04:00,NDLS
12.395,12.395,12.395,12.395,200,2021-09-17 16:20:00,NDLS
12.4076,12.4076,12.4076,12.4076,100,2021-09-17 16:34:00,NDLS
12.43,12.44,12.43,12.44,200,2021-09-17 16:36:00,NDLS
12.43,12.43,12.43,12.43,100,2021-09-17 16:37:00,NDLS
12.425,12.44,12.425,12.44,300,2021-09-17 16:38:00,NDLS
12.45,12.45,12.45,12.45,100,2021-09-17 16:40:00,NDLS
12.47,12.48,12.47,12.47,900,2021-09-17 16:55:00,NDLS
12.43,12.43,12.42,12.42,525,2021-09-17 16:56:00,NDLS
12.43,12.43,12.43,12.43,100,2021-09-17 16:58:00,NDLS
12.41,12.41,12.41,12.41,252,2021-09-17 17:02:00,NDLS
12.405,12.405,12.405,12.405,100,2021-09-17 17:06:00,NDLS
12.39,12.39,12.39,12.39,115,2021-09-17 17:14:00,NDLS
12.38,12.38,12.38,12.38,100,2021-09-17 17:24:00,NDLS
12.38,12.38,12.38,12.38,100,2021-09-17 17:31:00,NDLS
12.39,12.39,12.35,12.35,200,2021-09-17 17:37:00,NDLS
12.37,12.37,12.37,12.37,100,2021-09-17 17:40:00,NDLS
12.35,12.35,12.35,12.35,100,2021-09-17 17:46:00,NDLS
12.28,12.28,12.25,12.25,4009,2021-09-17 17:53:00,NDLS
12.25,12.25,12.24,12.24,200,2021-09-17 17:54:00,NDLS
12.265,12.29,12.265,12.29,400,2021-09-17 18:02:00,NDLS
12.25,12.25,12.25,12.25,864,2021-09-17 18:04:00,NDLS
12.25,12.25,12.25,12.25,100,2021-09-17 18:06:00,NDLS
12.27,12.27,12.25,12.25,300,2021-09-17 18:07:00,NDLS
12.25,12.25,12.25,12.25,100,2021-09-17 18:32:00,NDLS
12.22,12.22,12.19,12.21,1869,2021-09-17 18:36:00,NDLS
12.22,12.22,12.22,12.22,220,2021-09-17 18:37:00,NDLS
12.23,12.23,12.21,12.21,1021,2021-09-17 18:41:00,NDLS
12.25,12.25,12.25,12.25,100,2021-09-17 18:42:00,NDLS
12.28,12.28,12.28,12.28,100,2021-09-17 18:56:00,NDLS
12.27,12.27,12.27,12.27,100,2021-09-17 19:00:00,NDLS
12.279,12.279,12.279,12.279,289,2021-09-17 19:02:00,NDLS
12.25,12.26,12.25,12.26,220,2021-09-17 19:12:00,NDLS
12.26,12.265,12.26,12.265,400,2021-09-17 19:16:00,NDLS
12.27,12.28,12.27,12.28,200,2021-09-17 19:17:00,NDLS
12.28,12.28,12.28,12.28,100,2021-09-17 19:20:00,NDLS
12.29,12.29,12.29,12.29,100,2021-09-17 19:24:00,NDLS
12.3,12.3,12.3,12.3,100,2021-09-17 19:29:00,NDLS
12.32,12.32,12.315,12.315,200,2021-09-17 19:40:00,NDLS
12.32,12.32,12.32,12.32,100,2021-09-17 19:41:00,NDLS
12.33,12.34,12.33,12.34,200,2021-09-17 19:42:00,NDLS
12.345,12.345,12.345,12.345,200,2021-09-17 19:43:00,NDLS
12.345,12.345,12.345,12.345,100,2021-09-17 19:44:00,NDLS
12.36,12.36,12.36,12.36,400,2021-09-17 19:45:00,NDLS
12.33,12.34,12.33,12.34,532,2021-09-17 19:46:00,NDLS
12.35,12.36,12.345,12.345,411,2021-09-17 19:47:00,NDLS
12.345,12.36,12.345,12.36,700,2021-09-17 19:48:00,NDLS
12.36,12.37,12.36,12.37,500,2021-09-17 19:49:00,NDLS
12.35,12.36,12.31,12.34,2081,2021-09-17 19:50:00,NDLS
12.34,12.37,12.34,12.35,1175,2021-09-17 19:51:00,NDLS
12.355,12.355,12.35,12.35,200,2021-09-17 19:52:00,NDLS
12.36,12.41,12.36,12.41,1660,2021-09-17 19:53:00,NDLS
12.41,12.45,12.34,12.39,3904,2021-09-17 19:54:00,NDLS
12.42,12.42,12.3966,12.3966,678,2021-09-17 19:55:00,NDLS
12.4,12.42,12.4,12.41,437,2021-09-17 19:56:00,NDLS
12.41,12.41,12.41,12.41,134,2021-09-17 19:57:00,NDLS
12.41,12.42,12.38,12.38,2252,2021-09-17 19:58:00,NDLS
12.4,12.41,12.38,12.39,2635,2021-09-17 19:59:00,NDLS
12.39,12.39,12.39,12.39,85528,2021-09-17 20:00:00,NDLS
12.39,12.39,12.39,12.39,3291,2021-09-17 20:01:00,NDLS
12.39,12.39,12.39,12.39,175,2021-09-17 20:02:00,NDLS
12.39,12.39,12.39,12.39,1093,2021-09-17 20:03:00,NDLS
12.07,12.07,12.07,12.07,1564,2021-09-20 13:30:00,NDLS
12.06,12.06,12.06,12.06,100,2021-09-20 13:32:00,NDLS
12.07,12.07,12.0,12.0,1280,2021-09-20 13:34:00,NDLS
12.075,12.075,12.075,12.075,100,2021-09-20 13:36:00,NDLS
12.045,12.045,12.045,12.045,100,2021-09-20 13:43:00,NDLS
12.2,12.2,12.2,12.2,100,2021-09-20 13:49:00,NDLS
12.14,12.14,12.14,12.14,200,2021-09-20 13:51:00,NDLS
12.12,12.12,12.12,12.12,100,2021-09-20 13:53:00,NDLS
12.0501,12.055,12.0501,12.055,1100,2021-09-20 14:02:00,NDLS
12.07,12.07,12.07,12.07,200,2021-09-20 14:05:00,NDLS
12.11,12.13,12.11,12.13,500,2021-09-20 14:06:00,NDLS
12.13,12.13,12.13,12.13,100,2021-09-20 14:08:00,NDLS
12.095,12.095,12.095,12.095,125,2021-09-20 14:13:00,NDLS
12.02,12.02,12.02,12.02,100,2021-09-20 14:15:00,NDLS
12.0,12.01,12.0,12.0,300,2021-09-20 14:30:00,NDLS
12.0,12.0,12.0,12.0,300,2021-09-20 14:31:00,NDLS
11.98,11.98,11.98,11.98,100,2021-09-20 14:32:00,NDLS
12.03,12.03,12.03,12.03,100,2021-09-20 14:34:00,NDLS
12.06,12.1,12.06,12.1,200,2021-09-20 14:43:00,NDLS
12.02,12.02,12.02,12.02,249,2021-09-20 14:46:00,NDLS
12.02,12.06,12.02,12.06,700,2021-09-20 14:48:00,NDLS
12.06,12.06,12.06,12.06,200,2021-09-20 14:50:00,NDLS
12.08,12.08,12.08,12.08,400,2021-09-20 14:53:00,NDLS
12.05,12.05,12.05,12.05,600,2021-09-20 15:03:00,NDLS
12.06,12.12,12.06,12.12,300,2021-09-20 15:04:00,NDLS
12.12,12.19,12.12,12.19,400,2021-09-20 15:07:00,NDLS
12.19,12.19,12.19,12.19,100,2021-09-20 15:08:00,NDLS
12.12,12.12,12.12,12.12,300,2021-09-20 15:15:00,NDLS
12.13,12.14,12.13,12.13,300,2021-09-20 15:18:00,NDLS
12.12,12.12,12.12,12.12,500,2021-09-20 15:26:00,NDLS
12.14,12.14,12.14,12.14,200,2021-09-20 15:29:00,NDLS
12.135,12.135,12.135,12.135,100,2021-09-20 15:30:00,NDLS
12.08,12.08,12.07,12.07,200,2021-09-20 15:31:00,NDLS
12.09,12.09,12.08,12.08,200,2021-09-20 15:40:00,NDLS
12.08,12.08,12.08,12.08,100,2021-09-20 15:41:00,NDLS
12.05,12.05,12.05,12.05,100,2021-09-20 15:50:00,NDLS
12.05,12.05,12.03,12.03,400,2021-09-20 15:52:00,NDLS
12.02,12.02,12.02,12.02,200,2021-09-20 15:59:00,NDLS
12.01,12.01,12.01,12.01,100,2021-09-20 16:09:00,NDLS
12.0144,12.0144,12.0144,12.0144,400,2021-09-20 16:12:00,NDLS
12.01,12.01,12.01,12.01,100,2021-09-20 16:19:00,NDLS
12.01,12.01,12.01,12.01,100,2021-09-20 16:31:00,NDLS
12.01,12.01,12.01,12.01,287,2021-09-20 16:32:00,NDLS
12.02,12.02,11.99,11.99,210,2021-09-20 16:39:00,NDLS
12.005,12.005,12.005,12.005,100,2021-09-20 16:42:00,NDLS
12.0,12.0,12.0,12.0,738,2021-09-20 16:57:00,NDLS
11.99,11.99,11.99,11.99,100,2021-09-20 16:59:00,NDLS
12.0,12.0,12.0,12.0,200,2021-09-20 17:00:00,NDLS
11.98,11.98,11.98,11.98,120,2021-09-20 17:09:00,NDLS
12.01,12.01,11.995,11.995,300,2021-09-20 17:11:00,NDLS
11.96,11.96,11.96,11.96,100,2021-09-20 17:15:00,NDLS
12.01,12.01,12.01,12.01,300,2021-09-20 17:20:00,NDLS
11.9916,11.9916,11.9916,11.9916,500,2021-09-20 17:21:00,NDLS
12.01,12.01,12.01,12.01,100,2021-09-20 17:23:00,NDLS
11.99,11.99,11.99,11.99,100,2021-09-20 17:28:00,NDLS
12.02,12.02,12.02,12.02,620,2021-09-20 17:29:00,NDLS
12.05,12.05,12.05,12.05,100,2021-09-20 17:36:00,NDLS
12.11,12.11,12.11,12.11,100,2021-09-20 17:55:00,NDLS
12.11,12.17,12.11,12.17,550,2021-09-20 17:57:00,NDLS
12.19,12.19,12.19,12.19,200,2021-09-20 18:06:00,NDLS
12.16,12.16,12.1,12.12,1413,2021-09-20 18:07:00,NDLS
12.12,12.12,12.095,12.095,200,2021-09-20 18:10:00,NDLS
12.12,12.12,12.12,12.12,200,2021-09-20 18:11:00,NDLS
12.1,12.1,12.1,12.1,100,2021-09-20 18:21:00,NDLS
12.09,12.09,12.09,12.09,100,2021-09-20 18:22:00,NDLS
12.05,12.05,12.05,12.05,450,2021-09-20 18:28:00,NDLS
12.05,12.05,12.05,12.05,681,2021-09-20 18:32:00,NDLS
11.98,11.98,11.98,11.98,100,2021-09-20 18:36:00,NDLS
12.0,12.0,12.0,12.0,100,2021-09-20 18:38:00,NDLS
12.02,12.02,11.98,11.98,200,2021-09-20 18:39:00,NDLS
12.02,12.04,12.02,12.04,900,2021-09-20 18:40:00,NDLS
12.065,12.065,12.065,12.065,400,2021-09-20 18:52:00,NDLS
12.06,12.06,12.06,12.06,100,2021-09-20 18:55:00,NDLS
12.13,12.13,12.13,12.13,100,2021-09-20 19:00:00,NDLS
12.12,12.12,12.12,12.12,140,2021-09-20 19:08:00,NDLS
12.0681,12.0681,12.0681,12.0681,750,2021-09-20 19:13:00,NDLS
12.07,12.07,12.07,12.07,100,2021-09-20 19:15:00,NDLS
12.045,12.045,12.045,12.045,100,2021-09-20 19:20:00,NDLS
12.06,12.075,12.06,12.075,620,2021-09-20 19:21:00,NDLS
12.06,12.06,12.06,12.06,200,2021-09-20 19:22:00,NDLS
12.045,12.045,12.045,12.045,100,2021-09-20 19:24:00,NDLS
12.06,12.06,12.06,12.06,400,2021-09-20 19:28:00,NDLS
12.07,12.07,12.07,12.07,100,2021-09-20 19:30:00,NDLS
12.09,12.09,12.09,12.09,100,2021-09-20 19:32:00,NDLS
12.1,12.1,12.1,12.1,100,2021-09-20 19:33:00,NDLS
12.105,12.105,12.105,12.105,100,2021-09-20 19:34:00,NDLS
12.11,12.11,12.11,12.11,100,2021-09-20 19:36:00,NDLS
12.13,12.14,12.12,12.12,600,2021-09-20 19:37:00,NDLS
12.11,12.11,12.11,12.11,290,2021-09-20 19:39:00,NDLS
12.1,12.1,12.09,12.09,300,2021-09-20 19:41:00,NDLS
12.1,12.1,12.1,12.1,100,2021-09-20 19:42:00,NDLS
12.11,12.15,12.11,12.15,1700,2021-09-20 19:45:00,NDLS
12.14,12.14,12.12,12.12,200,2021-09-20 19:46:00,NDLS
12.12,12.15,12.12,12.15,1372,2021-09-20 19:47:00,NDLS
12.12,12.15,12.12,12.15,633,2021-09-20 19:50:00,NDLS
12.14,12.15,12.14,12.15,531,2021-09-20 19:52:00,NDLS
12.14,12.15,12.14,12.15,500,2021-09-20 19:53:00,NDLS
12.15,12.16,12.14,12.15,2391,2021-09-20 19:54:00,NDLS
12.14,12.155,12.14,12.155,300,2021-09-20 19:55:00,NDLS
12.14,12.14,12.14,12.14,100,2021-09-20 19:56:00,NDLS
12.14,12.14,12.14,12.14,100,2021-09-20 19:57:00,NDLS
12.155,12.17,12.14,12.165,1348,2021-09-20 19:58:00,NDLS
12.16,12.16,12.14,12.14,1100,2021-09-20 19:59:00,NDLS
12.15,12.15,12.15,12.15,25737,2021-09-20 20:00:00,NDLS
12.24,12.24,12.24,12.24,177,2021-09-21 13:30:00,NDLS
12.265,12.265,12.265,12.265,125,2021-09-21 13:34:00,NDLS
12.315,12.315,12.315,12.315,100,2021-09-21 13:35:00,NDLS
12.23,12.23,12.23,12.23,800,2021-09-21 13:41:00,NDLS
12.23,12.23,12.23,12.23,177,2021-09-21 13:43:00,NDLS
12.22,12.22,12.17,12.17,800,2021-09-21 13:47:00,NDLS
12.22,12.22,12.2,12.22,500,2021-09-21 13:48:00,NDLS
12.16,12.16,12.16,12.16,100,2021-09-21 13:51:00,NDLS
12.14,12.14,12.14,12.14,100,2021-09-21 13:54:00,NDLS
12.14,12.14,12.14,12.14,177,2021-09-21 13:55:00,NDLS
12.12,12.12,12.12,12.12,100,2021-09-21 14:07:00,NDLS
12.05,12.05,12.05,12.05,100,2021-09-21 14:12:00,NDLS
12.02,12.02,11.99,12.01,1800,2021-09-21 14:18:00,NDLS
11.98,11.98,11.98,11.98,1100,2021-09-21 14:23:00,NDLS
11.99,11.99,11.99,11.99,100,2021-09-21 14:24:00,NDLS
11.94,11.9432,11.9,11.9432,3816,2021-09-21 14:28:00,NDLS
11.915,11.94,11.91,11.91,1600,2021-09-21 14:29:00,NDLS
11.9217,11.93,11.88,11.88,865,2021-09-21 14:38:00,NDLS
11.9,11.9,11.9,11.9,228,2021-09-21 14:42:00,NDLS
11.83,11.83,11.83,11.83,100,2021-09-21 14:48:00,NDLS
11.7847,11.7847,11.7847,11.7847,1254,2021-09-21 14:54:00,NDLS
11.8,11.8,11.8,11.8,598,2021-09-21 14:55:00,NDLS
11.8,11.8,11.8,11.8,326,2021-09-21 14:58:00,NDLS
11.785,11.785,11.785,11.785,100,2021-09-21 15:02:00,NDLS
11.8,11.8,11.7999,11.8,2900,2021-09-21 15:04:00,NDLS
11.84,11.84,11.84,11.84,200,2021-09-21 15:05:00,NDLS
11.915,11.915,11.8905,11.8905,230,2021-09-21 15:12:00,NDLS
11.89,11.89,11.88,11.88,400,2021-09-21 15:17:00,NDLS
11.91,11.91,11.91,11.91,100,2021-09-21 15:19:00,NDLS
11.9,11.9,11.9,11.9,100,2021-09-21 15:21:00,NDLS
11.895,11.895,11.895,11.895,100,2021-09-21 15:23:00,NDLS
11.88,11.88,11.87,11.87,805,2021-09-21 15:29:00,NDLS
11.89,11.89,11.89,11.89,100,2021-09-21 15:58:00,NDLS
11.9,11.9,11.9,11.9,200,2021-09-21 16:01:00,NDLS
11.91,11.91,11.91,11.91,100,2021-09-21 16:04:00,NDLS
11.91,11.92,11.91,11.92,300,2021-09-21 16:15:00,NDLS
11.89,11.89,11.89,11.89,101,2021-09-21 16:36:00,NDLS
11.89,11.89,11.89,11.89,100,2021-09-21 16:40:00,NDLS
11.87,11.87,11.83,11.85,1705,2021-09-21 16:51:00,NDLS
11.85,11.85,11.84,11.85,1755,2021-09-21 16:57:00,NDLS
11.87,11.87,11.87,11.87,100,2021-09-21 17:10:00,NDLS
11.84,11.84,11.84,11.84,600,2021-09-21 17:21:00,NDLS
11.82,11.82,11.82,11.82,100,2021-09-21 17:24:00,NDLS
11.81,11.81,11.81,11.81,200,2021-09-21 17:25:00,NDLS
11.83,11.83,11.83,11.83,163,2021-09-21 17:28:00,NDLS
11.825,11.84,11.81,11.81,923,2021-09-21 17:36:00,NDLS
11.84,11.84,11.84,11.84,200,2021-09-21 17:51:00,NDLS
11.84,11.84,11.84,11.84,700,2021-09-21 17:52:00,NDLS
11.81,11.81,11.81,11.81,100,2021-09-21 17:54:00,NDLS
11.83,11.83,11.83,11.83,100,2021-09-21 17:57:00,NDLS
11.83,11.83,11.81,11.82,400,2021-09-21 18:11:00,NDLS
11.78,11.78,11.75,11.76,2623,2021-09-21 18:23:00,NDLS
11.77,11.77,11.77,11.77,100,2021-09-21 18:24:00,NDLS
11.75,11.75,11.75,11.75,1371,2021-09-21 18:29:00,NDLS
11.76,11.76,11.76,11.76,100,2021-09-21 18:30:00,NDLS
11.78,11.78,11.78,11.78,100,2021-09-21 18:31:00,NDLS
11.8,11.8,11.8,11.8,296,2021-09-21 18:43:00,NDLS
11.8,11.8,11.8,11.8,100,2021-09-21 18:44:00,NDLS
11.8,11.8,11.8,11.8,1598,2021-09-21 18:46:00,NDLS
11.79,11.79,11.79,11.79,100,2021-09-21 18:47:00,NDLS
11.8,11.835,11.8,11.835,233,2021-09-21 18:50:00,NDLS
11.86,11.86,11.8456,11.8456,787,2021-09-21 18:55:00,NDLS
11.89,11.89,11.89,11.89,200,2021-09-21 19:01:00,NDLS
11.9,11.91,11.9,11.91,200,2021-09-21 19:02:00,NDLS
11.92,11.92,11.92,11.92,100,2021-09-21 19:03:00,NDLS
11.93,11.93,11.93,11.93,200,2021-09-21 19:04:00,NDLS
11.95,11.98,11.95,11.98,300,2021-09-21 19:05:00,NDLS
11.98,11.98,11.98,11.98,200,2021-09-21 19:06:00,NDLS
11.9799,11.9799,11.96,11.9796,1495,2021-09-21 19:07:00,NDLS
11.99,11.99,11.99,11.99,100,2021-09-21 19:08:00,NDLS
12.01,12.03,12.01,12.03,200,2021-09-21 19:09:00,NDLS
12.03,12.03,12.03,12.03,100,2021-09-21 19:10:00,NDLS
12.04,12.04,11.97,11.97,1600,2021-09-21 19:11:00,NDLS
11.965,11.965,11.965,11.965,300,2021-09-21 19:12:00,NDLS
11.95,11.95,11.95,11.95,100,2021-09-21 19:13:00,NDLS
11.965,11.99,11.965,11.97,2200,2021-09-21 19:14:00,NDLS
12.0,12.0,12.0,12.0,300,2021-09-21 19:15:00,NDLS
12.0,12.0,12.0,12.0,300,2021-09-21 19:16:00,NDLS
12.0,12.0,11.97,12.0,4014,2021-09-21 19:17:00,NDLS
11.985,11.9999,11.985,11.985,1658,2021-09-21 19:18:00,NDLS
12.0,12.0,11.97,11.97,400,2021-09-21 19:19:00,NDLS
11.96,12.01,11.96,11.975,5128,2021-09-21 19:20:00,NDLS
12.0,12.01,11.98,12.01,400,2021-09-21 19:21:00,NDLS
12.03,12.06,12.025,12.025,400,2021-09-21 19:22:00,NDLS
12.03,12.04,12.03,12.03,300,2021-09-21 19:23:00,NDLS
12.03,12.03,11.99,11.99,2450,2021-09-21 19:24:00,NDLS
12.0,12.0,12.0,12.0,200,2021-09-21 19:25:00,NDLS
12.0,12.0,11.99,11.99,500,2021-09-21 19:26:00,NDLS
12.0,12.0,12.0,12.0,200,2021-09-21 19:27:00,NDLS
12.0,12.0,11.99,12.0,500,2021-09-21 19:28:00,NDLS
12.0,12.0,11.97,12.0,1000,2021-09-21 19:29:00,NDLS
12.0,12.0,11.985,11.985,300,2021-09-21 19:30:00,NDLS
11.99,11.99,11.97,11.99,500,2021-09-21 19:31:00,NDLS
12.0,12.0,12.0,12.0,300,2021-09-21 19:32:00,NDLS
12.0,12.02,11.973,12.02,861,2021-09-21 19:33:00,NDLS
12.03,12.04,12.02,12.04,600,2021-09-21 19:34:00,NDLS
12.02,12.03,11.98,12.0,1100,2021-09-21 19:35:00,NDLS
12.0,12.0,11.99,11.99,200,2021-09-21 19:36:00,NDLS
12.01,12.03,12.01,12.03,300,2021-09-21 19:37:00,NDLS
12.02,12.03,11.98,11.99,1000,2021-09-21 19:38:00,NDLS
11.965,12.01,11.965,12.01,800,2021-09-21 19:39:00,NDLS
11.97,11.99,11.965,11.965,800,2021-09-21 19:40:00,NDLS
11.965,11.99,11.965,11.99,1000,2021-09-21 19:41:00,NDLS
11.975,11.99,11.975,11.9895,652,2021-09-21 19:42:00,NDLS
11.99,12.01,11.96,11.97,1200,2021-09-21 19:43:00,NDLS
11.99,11.99,11.975,11.975,400,2021-09-21 19:44:00,NDLS
11.975,11.99,11.975,11.975,600,2021-09-21 19:45:00,NDLS
12.0,12.0,11.96,11.97,1300,2021-09-21 19:46:00,NDLS
11.965,11.98,11.95,11.96,1000,2021-09-21 19:47:00,NDLS
11.96,11.99,11.96,11.99,500,2021-09-21 19:48:00,NDLS
11.975,11.99,11.943,11.97,1400,2021-09-21 19:49:00,NDLS
11.94,11.95,11.903,11.92,1500,2021-09-21 19:50:00,NDLS
11.94,11.96,11.935,11.96,900,2021-09-21 19:51:00,NDLS
11.95,11.95,11.92,11.925,700,2021-09-21 19:52:00,NDLS
11.93,11.95,11.93,11.95,600,2021-09-21 19:53:00,NDLS
11.95,12.0,11.95,11.97,1312,2021-09-21 19:54:00,NDLS
11.97,12.005,11.96,12.0,2276,2021-09-21 19:55:00,NDLS
12.0,12.04,11.97,12.03,2800,2021-09-21 19:56:00,NDLS
12.0,12.03,11.97,12.005,3227,2021-09-21 19:57:00,NDLS
12.02,12.04,12.0,12.04,2922,2021-09-21 19:58:00,NDLS
12.03,12.03,11.97,12.01,3789,2021-09-21 19:59:00,NDLS
11.98,11.98,11.98,11.98,30631,2021-09-21 20:00:00,NDLS
12.06,12.06,12.06,12.06,1032,2021-09-22 13:30:00,NDLS
12.1,12.1,12.07,12.1,2100,2021-09-22 13:40:00,NDLS
12.06,12.06,12.06,12.06,100,2021-09-22 13:43:00,NDLS
12.1,12.11,12.1,12.1,1359,2021-09-22 13:50:00,NDLS
12.1,12.1,12.1,12.1,1308,2021-09-22 13:51:00,NDLS
12.1434,12.1434,12.1434,12.1434,103,2021-09-22 13:58:00,NDLS
12.175,12.175,12.175,12.175,100,2021-09-22 14:10:00,NDLS
12.175,12.18,12.14,12.18,500,2021-09-22 14:13:00,NDLS
12.2,12.2,12.2,12.2,491,2021-09-22 14:19:00,NDLS
12.175,12.175,12.175,12.175,100,2021-09-22 14:22:00,NDLS
12.16,12.16,12.16,12.16,100,2021-09-22 14:23:00,NDLS
12.1845,12.1845,12.1845,12.1845,250,2021-09-22 14:30:00,NDLS
12.2,12.2,12.2,12.2,100,2021-09-22 14:37:00,NDLS
12.2,12.2,12.2,12.2,1452,2021-09-22 14:43:00,NDLS
12.2,12.2,12.2,12.2,100,2021-09-22 14:46:00,NDLS
12.23,12.23,12.23,12.23,200,2021-09-22 14:47:00,NDLS
12.24,12.25,12.22,12.22,1620,2021-09-22 15:15:00,NDLS
12.23,12.23,12.23,12.23,100,2021-09-22 15:20:00,NDLS
12.25,12.25,12.23,12.23,300,2021-09-22 15:32:00,NDLS
12.22,12.22,12.205,12.205,500,2021-09-22 15:40:00,NDLS
12.23,12.23,12.23,12.23,100,2021-09-22 15:41:00,NDLS
12.25,12.25,12.25,12.25,120,2021-09-22 15:46:00,NDLS
12.23,12.23,12.23,12.23,300,2021-09-22 15:48:00,NDLS
12.22,12.22,12.22,12.22,100,2021-09-22 16:04:00,NDLS
12.22,12.22,12.22,12.22,100,2021-09-22 16:05:00,NDLS
12.22,12.22,12.2,12.2,413,2021-09-22 16:08:00,NDLS
12.21,12.21,12.21,12.21,100,2021-09-22 16:09:00,NDLS
12.2465,12.2465,12.2465,12.2465,189,2021-09-22 16:41:00,NDLS
12.23,12.23,12.23,12.23,100,2021-09-22 16:43:00,NDLS
12.24,12.24,12.22,12.22,300,2021-09-22 16:45:00,NDLS
12.23,12.23,12.23,12.23,300,2021-09-22 16:47:00,NDLS
12.24,12.24,12.24,12.24,100,2021-09-22 16:48:00,NDLS
12.22,12.22,12.215,12.215,500,2021-09-22 16:58:00,NDLS
12.24,12.24,12.24,12.24,100,2021-09-22 17:12:00,NDLS
12.25,12.26,12.25,12.26,200,2021-09-22 17:31:00,NDLS
12.26,12.26,12.255,12.255,200,2021-09-22 17:36:00,NDLS
12.255,12.255,12.24,12.24,520,2021-09-22 17:37:00,NDLS
12.25,12.25,12.24,12.24,400,2021-09-22 17:44:00,NDLS
12.245,12.245,12.245,12.245,100,2021-09-22 17:45:00,NDLS
12.25,12.25,12.25,12.25,100,2021-09-22 17:46:00,NDLS
12.255,12.255,12.247,12.247,600,2021-09-22 17:48:00,NDLS
12.247,12.247,12.2193,12.2193,2000,2021-09-22 17:49:00,NDLS
12.1929,12.1929,12.1929,12.1929,500,2021-09-22 17:50:00,NDLS
12.19,12.19,12.19,12.19,500,2021-09-22 17:51:00,NDLS
12.145,12.145,12.145,12.145,200,2021-09-22 17:55:00,NDLS
12.17,12.17,12.17,12.17,280,2021-09-22 17:58:00,NDLS
12.18,12.19,12.18,12.19,200,2021-09-22 18:03:00,NDLS
12.25,12.25,12.25,12.25,1434,2021-09-22 18:14:00,NDLS
12.23,12.25,12.225,12.225,1466,2021-09-22 18:20:00,NDLS
12.25,12.25,12.25,12.25,300,2021-09-22 18:21:00,NDLS
12.245,12.245,12.245,12.245,215,2021-09-22 18:25:00,NDLS
12.26,12.28,12.25,12.26,1200,2021-09-22 18:28:00,NDLS
12.29,12.29,12.29,12.29,787,2021-09-22 18:37:00,NDLS
12.28,12.28,12.28,12.28,100,2021-09-22 18:38:00,NDLS
12.29,12.29,12.265,12.28,2145,2021-09-22 18:40:00,NDLS
12.285,12.285,12.285,12.285,100,2021-09-22 18:47:00,NDLS
12.31,12.31,12.31,12.31,100,2021-09-22 18:48:00,NDLS
12.29,12.29,12.26,12.27,2348,2021-09-22 18:50:00,NDLS
12.29,12.29,12.2555,12.29,600,2021-09-22 18:51:00,NDLS
12.3,12.32,12.3,12.32,620,2021-09-22 18:52:00,NDLS
12.32,12.32,12.31,12.3196,826,2021-09-22 18:54:00,NDLS
12.3,12.3,12.29,12.29,400,2021-09-22 18:55:00,NDLS
12.26,12.2709,12.26,12.2709,424,2021-09-22 18:56:00,NDLS
12.265,12.265,12.265,12.265,100,2021-09-22 19:02:00,NDLS
12.24,12.24,12.24,12.24,300,2021-09-22 19:06:00,NDLS
12.25,12.25,12.25,12.25,400,2021-09-22 19:07:00,NDLS
12.255,12.255,12.255,12.255,100,2021-09-22 19:08:00,NDLS
12.27,12.27,12.26,12.27,300,2021-09-22 19:10:00,NDLS
12.32,12.32,12.2975,12.2975,288,2021-09-22 19:12:00,NDLS
12.32,12.32,12.32,12.32,100,2021-09-22 19:13:00,NDLS
12.31,12.31,12.28,12.295,956,2021-09-22 19:14:00,NDLS
12.3,12.3,12.3,12.3,100,2021-09-22 19:16:00,NDLS
12.3,12.3,12.29,12.29,300,2021-09-22 19:17:00,NDLS
12.29,12.29,12.29,12.29,100,2021-09-22 19:18:00,NDLS
12.3,12.3,12.3,12.3,100,2021-09-22 19:19:00,NDLS
12.3,12.3,12.285,12.285,400,2021-09-22 19:21:00,NDLS
12.31,12.31,12.31,12.31,200,2021-09-22 19:22:00,NDLS
12.325,12.325,12.32,12.32,200,2021-09-22 19:23:00,NDLS
12.31,12.31,12.31,12.31,500,2021-09-22 19:24:00,NDLS
12.29,12.29,12.275,12.275,500,2021-09-22 19:25:00,NDLS
12.29,12.29,12.29,12.29,172,2021-09-22 19:26:00,NDLS
12.3,12.3,12.3,12.3,116,2021-09-22 19:27:00,NDLS
12.3,12.3,12.3,12.3,300,2021-09-22 19:32:00,NDLS
12.3,12.3,12.3,12.3,500,2021-09-22 19:33:00,NDLS
12.3,12.3,12.3,12.3,200,2021-09-22 19:34:00,NDLS
12.3,12.3,12.3,12.3,300,2021-09-22 19:35:00,NDLS
12.32,12.325,12.32,12.325,200,2021-09-22 19:36:00,NDLS
12.33,12.34,12.33,12.34,300,2021-09-22 19:37:00,NDLS
12.345,12.345,12.345,12.345,200,2021-09-22 19:38:00,NDLS
12.34,12.34,12.34,12.34,200,2021-09-22 19:39:00,NDLS
12.35,12.35,12.35,12.35,200,2021-09-22 19:40:00,NDLS
12.345,12.345,12.335,12.335,600,2021-09-22 19:41:00,NDLS
12.32,12.32,12.31,12.31,400,2021-09-22 19:42:00,NDLS
12.31,12.31,12.3,12.31,700,2021-09-22 19:43:00,NDLS
12.31,12.31,12.31,12.31,200,2021-09-22 19:44:00,NDLS
12.32,12.32,12.32,12.32,300,2021-09-22 19:45:00,NDLS
12.322,12.322,12.32,12.32,336,2021-09-22 19:46:00,NDLS
12.32,12.32,12.32,12.32,318,2021-09-22 19:47:00,NDLS
12.3,12.32,12.3,12.32,300,2021-09-22 19:48:00,NDLS
12.3036,12.32,12.3036,12.32,450,2021-09-22 19:49:00,NDLS
12.32,12.32,12.29,12.32,3064,2021-09-22 19:50:00,NDLS
12.31,12.31,12.31,12.31,205,2021-09-22 19:51:00,NDLS
12.32,12.33,12.32,12.33,572,2021-09-22 19:52:00,NDLS
12.31,12.32,12.31,12.32,511,2021-09-22 19:53:00,NDLS
12.31,12.33,12.31,12.325,2800,2021-09-22 19:54:00,NDLS
12.31,12.32,12.31,12.32,200,2021-09-22 19:55:00,NDLS
12.29,12.32,12.29,12.31,700,2021-09-22 19:56:00,NDLS
12.315,12.32,12.3,12.32,942,2021-09-22 19:57:00,NDLS
12.32,12.32,12.29,12.3,1024,2021-09-22 19:58:00,NDLS
12.32,12.34,12.3,12.3,3563,2021-09-22 19:59:00,NDLS
12.32,12.32,12.32,12.32,15069,2021-09-22 20:00:00,NDLS
12.42,12.42,12.42,12.42,401,2021-09-23 13:30:00,NDLS
12.35,12.35,12.35,12.35,100,2021-09-23 13:36:00,NDLS
12.35,12.36,12.35,12.36,200,2021-09-23 13:37:00,NDLS
12.36,12.36,12.36,12.36,200,2021-09-23 13:38:00,NDLS
12.36,12.36,12.36,12.36,200,2021-09-23 13:39:00,NDLS
12.36,12.36,12.36,12.36,100,2021-09-23 13:40:00,NDLS
12.33,12.34,12.29,12.325,500,2021-09-23 13:41:00,NDLS
12.28,12.28,12.28,12.28,100,2021-09-23 13:42:00,NDLS
12.28,12.34,12.28,12.32,1200,2021-09-23 13:43:00,NDLS
12.355,12.355,12.32,12.32,200,2021-09-23 13:44:00,NDLS
12.32,12.32,12.32,12.32,100,2021-09-23 13:45:00,NDLS
12.32,12.32,12.32,12.32,200,2021-09-23 13:46:00,NDLS
12.31,12.31,12.31,12.31,100,2021-09-23 13:48:00,NDLS
12.3236,12.36,12.3236,12.36,1100,2021-09-23 13:50:00,NDLS
12.355,12.375,12.33,12.34,600,2021-09-23 13:51:00,NDLS
12.37,12.37,12.37,12.37,100,2021-09-23 13:52:00,NDLS
12.42,12.43,12.36,12.36,600,2021-09-23 13:53:00,NDLS
12.36,12.36,12.36,12.36,100,2021-09-23 13:54:00,NDLS
12.38,12.38,12.36,12.36,200,2021-09-23 13:55:00,NDLS
12.37,12.37,12.36,12.36,200,2021-09-23 13:56:00,NDLS
12.38,12.38,12.38,12.38,100,2021-09-23 13:57:00,NDLS
12.36,12.36,12.36,12.36,100,2021-09-23 13:58:00,NDLS
12.395,12.4,12.36,12.38,500,2021-09-23 13:59:00,NDLS
12.38,12.38,12.38,12.38,100,2021-09-23 14:00:00,NDLS
12.43,12.43,12.36,12.36,600,2021-09-23 14:01:00,NDLS
12.33,12.33,12.32,12.32,542,2021-09-23 14:03:00,NDLS
12.38,12.38,12.31,12.31,300,2021-09-23 14:04:00,NDLS
12.305,12.43,12.305,12.43,3600,2021-09-23 14:05:00,NDLS
12.44,12.45,12.44,12.45,1048,2021-09-23 14:06:00,NDLS
12.42,12.42,12.42,12.42,400,2021-09-23 14:07:00,NDLS
12.4,12.4,12.4,12.4,200,2021-09-23 14:08:00,NDLS
12.41,12.41,12.36,12.36,400,2021-09-23 14:09:00,NDLS
12.36,12.36,12.36,12.36,100,2021-09-23 14:10:00,NDLS
12.42,12.43,12.39,12.42,1700,2021-09-23 14:11:00,NDLS
12.39,12.39,12.39,12.39,100,2021-09-23 14:12:00,NDLS
12.37,12.37,12.37,12.37,100,2021-09-23 14:13:00,NDLS
12.39,12.39,12.39,12.39,100,2021-09-23 14:14:00,NDLS
12.4,12.4,12.39,12.39,200,2021-09-23 14:15:00,NDLS
12.38,12.38,12.37,12.37,300,2021-09-23 14:16:00,NDLS
12.4,12.4,12.4,12.4,100,2021-09-23 14:19:00,NDLS
12.37,12.37,12.35,12.35,400,2021-09-23 14:22:00,NDLS
12.34,12.34,12.34,12.34,300,2021-09-23 14:23:00,NDLS
12.33,12.335,12.33,12.335,300,2021-09-23 14:24:00,NDLS
12.36,12.36,12.36,12.36,100,2021-09-23 14:25:00,NDLS
12.36,12.37,12.355,12.37,500,2021-09-23 14:27:00,NDLS
12.35,12.35,12.32,12.32,400,2021-09-23 14:29:00,NDLS
12.34,12.39,12.3,12.37,500,2021-09-23 14:31:00,NDLS
12.36,12.36,12.36,12.36,200,2021-09-23 14:32:00,NDLS
12.35,12.385,12.35,12.385,400,2021-09-23 14:34:00,NDLS
12.37,12.37,12.37,12.37,100,2021-09-23 14:35:00,NDLS
12.43,12.43,12.43,12.43,100,2021-09-23 14:37:00,NDLS
12.4499,12.4499,12.4499,12.4499,300,2021-09-23 14:38:00,NDLS
12.49,12.5,12.48,12.49,2375,2021-09-23 14:44:00,NDLS
12.555,12.555,12.54,12.54,200,2021-09-23 14:54:00,NDLS
12.53,12.53,12.53,12.53,500,2021-09-23 14:55:00,NDLS
12.48,12.48,12.48,12.48,200,2021-09-23 14:58:00,NDLS
12.56,12.56,12.5,12.52,1000,2021-09-23 15:03:00,NDLS
12.5134,12.5134,12.5134,12.5134,200,2021-09-23 15:06:00,NDLS
12.48,12.48,12.48,12.48,300,2021-09-23 15:08:00,NDLS
12.4983,12.4983,12.4983,12.4983,400,2021-09-23 15:10:00,NDLS
12.52,12.52,12.52,12.52,400,2021-09-23 15:13:00,NDLS
12.52,12.565,12.52,12.565,700,2021-09-23 15:14:00,NDLS
12.53,12.53,12.53,12.53,100,2021-09-23 15:15:00,NDLS
12.5,12.5,12.5,12.5,100,2021-09-23 15:16:00,NDLS
12.5,12.5,12.5,12.5,100,2021-09-23 15:17:00,NDLS
12.53,12.53,12.52,12.52,300,2021-09-23 15:19:00,NDLS
12.52,12.52,12.52,12.52,100,2021-09-23 15:21:00,NDLS
12.59,12.59,12.51,12.51,500,2021-09-23 15:22:00,NDLS
12.535,12.535,12.535,12.535,3422,2021-09-23 15:23:00,NDLS
12.53,12.53,12.53,12.53,100,2021-09-23 15:30:00,NDLS
12.51,12.51,12.51,12.51,100,2021-09-23 15:31:00,NDLS
12.55,12.59,12.55,12.59,700,2021-09-23 15:32:00,NDLS
12.61,12.61,12.56,12.585,500,2021-09-23 15:33:00,NDLS
12.54,12.54,12.54,12.54,200,2021-09-23 15:34:00,NDLS
12.52,12.6,12.52,12.57,2800,2021-09-23 15:35:00,NDLS
12.6,12.6,12.6,12.6,100,2021-09-23 15:36:00,NDLS
12.6,12.6,12.6,12.6,100,2021-09-23 15:37:00,NDLS
12.57,12.6299,12.57,12.59,1000,2021-09-23 15:38:00,NDLS
12.57,12.57,12.57,12.57,300,2021-09-23 15:39:00,NDLS
12.585,12.6,12.55,12.55,900,2021-09-23 15:40:00,NDLS
12.54,12.54,12.54,12.54,100,2021-09-23 15:41:00,NDLS
12.54,12.54,12.54,12.54,300,2021-09-23 15:42:00,NDLS
12.57,12.57,12.57,12.57,100,2021-09-23 15:43:00,NDLS
12.63,12.63,12.605,12.605,2770,2021-09-23 15:44:00,NDLS
12.595,12.595,12.595,12.595,100,2021-09-23 15:45:00,NDLS
12.62,12.62,12.62,12.62,1100,2021-09-23 15:53:00,NDLS
12.65,12.65,12.65,12.65,100,2021-09-23 15:55:00,NDLS
12.65,12.65,12.64,12.64,500,2021-09-23 15:56:00,NDLS
12.62,12.62,12.62,12.62,500,2021-09-23 15:59:00,NDLS
12.655,12.66,12.65,12.66,1080,2021-09-23 16:05:00,NDLS
12.66,12.66,12.66,12.66,200,2021-09-23 16:13:00,NDLS
12.69,12.69,12.66,12.66,316,2021-09-23 16:18:00,NDLS
12.66,12.68,12.66,12.68,200,2021-09-23 16:19:00,NDLS
12.65,12.65,12.65,12.65,100,2021-09-23 16:20:00,NDLS
12.65,12.65,12.65,12.65,100,2021-09-23 16:21:00,NDLS
12.63,12.63,12.63,12.63,100,2021-09-23 16:22:00,NDLS
12.66,12.66,12.66,12.66,200,2021-09-23 16:24:00,NDLS
12.625,12.625,12.625,12.625,104,2021-09-23 16:31:00,NDLS
12.64,12.64,12.64,12.64,100,2021-09-23 16:33:00,NDLS
12.625,12.625,12.625,12.625,100,2021-09-23 16:40:00,NDLS
12.63,12.635,12.63,12.635,200,2021-09-23 16:43:00,NDLS
12.645,12.645,12.645,12.645,100,2021-09-23 16:44:00,NDLS
12.63,12.63,12.63,12.63,100,2021-09-23 16:45:00,NDLS
12.635,12.635,12.635,12.635,100,2021-09-23 16:49:00,NDLS
12.63,12.63,12.63,12.63,100,2021-09-23 16:52:00,NDLS
12.62,12.62,12.62,12.62,100,2021-09-23 17:00:00,NDLS
12.64,12.64,12.64,12.64,224,2021-09-23 17:01:00,NDLS
12.62,12.625,12.62,12.625,300,2021-09-23 17:02:00,NDLS
12.64,12.64,12.63,12.63,1014,2021-09-23 17:05:00,NDLS
12.63,12.63,12.62,12.62,200,2021-09-23 17:07:00,NDLS
12.62,12.62,12.62,12.62,100,2021-09-23 17:08:00,NDLS
12.63,12.63,12.62,12.62,200,2021-09-23 17:09:00,NDLS
12.62,12.62,12.62,12.62,100,2021-09-23 17:10:00,NDLS
12.62,12.62,12.62,12.62,200,2021-09-23 17:13:00,NDLS
12.63,12.63,12.62,12.62,200,2021-09-23 17:14:00,NDLS
12.62,12.62,12.62,12.62,300,2021-09-23 17:15:00,NDLS
12.66,12.67,12.66,12.67,520,2021-09-23 17:24:00,NDLS
12.63,12.63,12.63,12.63,100,2021-09-23 17:26:00,NDLS
12.63,12.63,12.63,12.63,100,2021-09-23 17:27:00,NDLS
12.62,12.62,12.62,12.62,100,2021-09-23 17:28:00,NDLS
12.66,12.66,12.66,12.66,451,2021-09-23 17:30:00,NDLS
12.66,12.66,12.66,12.66,100,2021-09-23 17:31:00,NDLS
12.63,12.63,12.63,12.63,100,2021-09-23 17:32:00,NDLS
12.63,12.63,12.62,12.62,200,2021-09-23 17:33:00,NDLS
12.63,12.63,12.63,12.63,100,2021-09-23 17:39:00,NDLS
12.64,12.64,12.63,12.63,200,2021-09-23 17:41:00,NDLS
12.645,12.645,12.645,12.645,130,2021-09-23 17:45:00,NDLS
12.67,12.67,12.67,12.67,100,2021-09-23 17:49:00,NDLS
12.63,12.645,12.63,12.645,200,2021-09-23 17:50:00,NDLS
12.62,12.62,12.62,12.62,100,2021-09-23 17:52:00,NDLS
12.63,12.63,12.63,12.63,100,2021-09-23 17:54:00,NDLS
12.635,12.635,12.6247,12.635,637,2021-09-23 17:58:00,NDLS
12.65,12.65,12.65,12.65,420,2021-09-23 18:01:00,NDLS
12.62,12.62,12.62,12.62,100,2021-09-23 18:02:00,NDLS
12.615,12.615,12.615,12.615,100,2021-09-23 18:05:00,NDLS
12.615,12.615,12.615,12.615,230,2021-09-23 18:10:00,NDLS
12.62,12.62,12.62,12.62,130,2021-09-23 18:11:00,NDLS
12.64,12.64,12.635,12.635,1600,2021-09-23 18:12:00,NDLS
12.65,12.665,12.65,12.665,1051,2021-09-23 18:15:00,NDLS
12.665,12.665,12.665,12.665,100,2021-09-23 18:16:00,NDLS
12.665,12.665,12.665,12.665,100,2021-09-23 18:18:00,NDLS
12.67,12.67,12.66,12.67,26900,2021-09-23 18:20:00,NDLS
12.67,12.67,12.67,12.67,100,2021-09-23 18:21:00,NDLS
12.69,12.7,12.69,12.69,1265,2021-09-23 18:27:00,NDLS
12.7062,12.7062,12.7062,12.7062,590,2021-09-23 18:28:00,NDLS
12.71,12.71,12.71,12.71,200,2021-09-23 18:37:00,NDLS
12.74,12.77,12.73,12.77,2251,2021-09-23 18:57:00,NDLS
12.77,12.79,12.77,12.79,349,2021-09-23 19:00:00,NDLS
12.81,12.81,12.81,12.81,125,2021-09-23 19:02:00,NDLS
12.81,12.81,12.79,12.79,200,2021-09-23 19:03:00,NDLS
12.78,12.78,12.78,12.78,100,2021-09-23 19:07:00,NDLS
12.77,12.77,12.77,12.77,100,2021-09-23 19:08:00,NDLS
12.7701,12.79,12.71,12.71,10515,2021-09-23 19:15:00,NDLS
12.69,12.7,12.69,12.7,300,2021-09-23 19:18:00,NDLS
12.7,12.7,12.7,12.7,100,2021-09-23 19:23:00,NDLS
12.71,12.71,12.71,12.71,100,2021-09-23 19:26:00,NDLS
12.6901,12.6901,12.6901,12.6901,100,2021-09-23 19:27:00,NDLS
12.72,12.72,12.72,12.72,300,2021-09-23 19:29:00,NDLS
12.72,12.73,12.72,12.73,898,2021-09-23 19:35:00,NDLS
12.71,12.71,12.69,12.69,515,2021-09-23 19:36:00,NDLS
12.69,12.7,12.69,12.7,300,2021-09-23 19:37:00,NDLS
12.7,12.71,12.7,12.71,1058,2021-09-23 19:41:00,NDLS
12.72,12.72,12.72,12.72,100,2021-09-23 19:42:00,NDLS
12.7,12.7,12.7,12.7,100,2021-09-23 19:43:00,NDLS
12.67,12.67,12.67,12.67,300,2021-09-23 19:45:00,NDLS
12.66,12.68,12.66,12.68,500,2021-09-23 19:46:00,NDLS
12.68,12.7,12.68,12.7,2099,2021-09-23 19:50:00,NDLS
12.67,12.71,12.67,12.71,600,2021-09-23 19:51:00,NDLS
12.69,12.7,12.69,12.7,200,2021-09-23 19:53:00,NDLS
12.71,12.71,12.68,12.68,200,2021-09-23 19:55:00,NDLS
12.66,12.69,12.66,12.69,1200,2021-09-23 19:56:00,NDLS
12.71,12.71,12.7,12.7,600,2021-09-23 19:57:00,NDLS
12.68,12.69,12.68,12.69,400,2021-09-23 19:58:00,NDLS
12.7,12.72,12.68,12.68,2967,2021-09-23 19:59:00,NDLS
12.69,12.69,12.69,12.69,12796,2021-09-23 20:00:00,NDLS
12.69,12.69,12.69,12.69,895,2021-09-23 20:01:00,NDLS
12.57,12.57,12.57,12.57,1221,2021-09-24 13:30:00,NDLS
12.59,12.855,12.59,12.855,1901,2021-09-24 13:38:00,NDLS
12.79,12.79,12.79,12.79,100,2021-09-24 13:39:00,NDLS
12.76,12.76,12.76,12.76,100,2021-09-24 13:40:00,NDLS
12.7564,12.7564,12.7564,12.7564,100,2021-09-24 13:42:00,NDLS
12.66,12.66,12.65,12.65,1100,2021-09-24 13:47:00,NDLS
12.68,12.72,12.68,12.72,300,2021-09-24 13:48:00,NDLS
12.73,12.73,12.73,12.73,100,2021-09-24 13:52:00,NDLS
12.75,12.75,12.75,12.75,172,2021-09-24 13:53:00,NDLS
12.73,12.73,12.73,12.73,100,2021-09-24 13:54:00,NDLS
12.74,12.75,12.74,12.75,900,2021-09-24 13:55:00,NDLS
12.79,12.8,12.79,12.8,2550,2021-09-24 14:02:00,NDLS
12.76,12.76,12.76,12.76,100,2021-09-24 14:05:00,NDLS
12.7271,12.78,12.7271,12.78,775,2021-09-24 14:07:00,NDLS
12.78,12.78,12.78,12.78,100,2021-09-24 14:09:00,NDLS
12.74,12.74,12.68,12.68,400,2021-09-24 14:14:00,NDLS
12.7199,12.7199,12.7199,12.7199,294,2021-09-24 14:20:00,NDLS
12.75,12.75,12.75,12.75,800,2021-09-24 14:23:00,NDLS
12.75,12.75,12.75,12.75,111,2021-09-24 14:24:00,NDLS
12.73,12.73,12.7,12.7,600,2021-09-24 14:34:00,NDLS
12.68,12.68,12.68,12.68,100,2021-09-24 14:44:00,NDLS
12.68,12.68,12.68,12.68,550,2021-09-24 14:45:00,NDLS
12.71,12.71,12.71,12.71,200,2021-09-24 14:46:00,NDLS
12.67,12.67,12.67,12.67,100,2021-09-24 15:02:00,NDLS
12.7,12.7,12.7,12.7,427,2021-09-24 15:09:00,NDLS
12.6976,12.6976,12.6976,12.6976,200,2021-09-24 15:12:00,NDLS
12.665,12.665,12.665,12.665,100,2021-09-24 15:22:00,NDLS
12.64,12.64,12.64,12.64,500,2021-09-24 15:39:00,NDLS
12.65,12.65,12.65,12.65,100,2021-09-24 15:43:00,NDLS
12.65,12.65,12.645,12.65,2441,2021-09-24 16:04:00,NDLS
12.64,12.69,12.64,12.69,300,2021-09-24 16:07:00,NDLS
12.69,12.74,12.69,12.74,3275,2021-09-24 16:16:00,NDLS
12.74,12.76,12.74,12.76,1462,2021-09-24 16:19:00,NDLS
12.8,12.8,12.8,12.8,100,2021-09-24 16:22:00,NDLS
12.8,12.8,12.775,12.775,2775,2021-09-24 16:25:00,NDLS
12.8,12.8,12.8,12.8,200,2021-09-24 16:26:00,NDLS
12.8,12.8,12.8,12.8,100,2021-09-24 16:30:00,NDLS
12.8,12.8,12.79,12.79,1000,2021-09-24 16:31:00,NDLS
12.77,12.77,12.77,12.77,201,2021-09-24 16:38:00,NDLS
12.72,12.74,12.72,12.74,600,2021-09-24 16:43:00,NDLS
12.71,12.71,12.71,12.71,100,2021-09-24 16:45:00,NDLS
12.71,12.71,12.71,12.71,100,2021-09-24 16:59:00,NDLS
12.71,12.71,12.71,12.71,112,2021-09-24 17:41:00,NDLS
12.68,12.7404,12.68,12.7404,5306,2021-09-24 17:54:00,NDLS
12.69,12.7,12.68,12.6887,800,2021-09-24 17:55:00,NDLS
12.7,12.7,12.695,12.695,1693,2021-09-24 17:56:00,NDLS
12.67,12.67,12.67,12.67,100,2021-09-24 17:57:00,NDLS
12.67,12.67,12.67,12.67,100,2021-09-24 17:58:00,NDLS
12.67,12.67,12.67,12.67,200,2021-09-24 17:59:00,NDLS
12.66,12.66,12.66,12.66,200,2021-09-24 18:00:00,NDLS
12.69,12.7,12.69,12.7,400,2021-09-24 18:01:00,NDLS
12.73,12.79,12.73,12.77,4402,2021-09-24 18:03:00,NDLS
12.77,12.77,12.77,12.77,100,2021-09-24 18:06:00,NDLS
12.8,12.8,12.7999,12.7999,1603,2021-09-24 18:09:00,NDLS
12.795,12.795,12.795,12.795,109,2021-09-24 18:11:00,NDLS
12.77,12.77,12.77,12.77,300,2021-09-24 18:12:00,NDLS
12.7904,12.82,12.7904,12.82,330,2021-09-24 18:15:00,NDLS
12.83,12.83,12.83,12.83,500,2021-09-24 18:16:00,NDLS
12.83,12.83,12.83,12.83,100,2021-09-24 18:19:00,NDLS
12.845,12.845,12.845,12.845,100,2021-09-24 18:22:00,NDLS
12.845,12.845,12.845,12.845,100,2021-09-24 18:28:00,NDLS
12.855,12.855,12.855,12.855,100,2021-09-24 18:37:00,NDLS
12.855,12.855,12.855,12.855,100,2021-09-24 18:39:00,NDLS
12.84,12.84,12.84,12.84,100,2021-09-24 18:47:00,NDLS
12.84,12.84,12.84,12.84,100,2021-09-24 18:56:00,NDLS
12.84,12.84,12.84,12.84,100,2021-09-24 19:00:00,NDLS
12.84,12.84,12.84,12.84,100,2021-09-24 19:02:00,NDLS
12.855,12.855,12.855,12.855,100,2021-09-24 19:03:00,NDLS
12.84,12.84,12.84,12.84,100,2021-09-24 19:05:00,NDLS
12.84,12.84,12.84,12.84,200,2021-09-24 19:06:00,NDLS
12.84,12.85,12.84,12.85,300,2021-09-24 19:13:00,NDLS
12.86,12.9,12.85,12.9,2166,2021-09-24 19:16:00,NDLS
12.915,12.915,12.915,12.915,100,2021-09-24 19:18:00,NDLS
12.93,12.93,12.93,12.93,400,2021-09-24 19:21:00,NDLS
12.94,13.0,12.94,12.98,10691,2021-09-24 19:22:00,NDLS
12.99,12.99,12.9808,12.9808,1092,2021-09-24 19:24:00,NDLS
12.98,12.98,12.96,12.97,807,2021-09-24 19:26:00,NDLS
12.95,12.95,12.95,12.95,200,2021-09-24 19:27:00,NDLS
12.96,12.96,12.96,12.96,100,2021-09-24 19:30:00,NDLS
12.95,12.95,12.95,12.95,100,2021-09-24 19:33:00,NDLS
12.955,12.96,12.95,12.95,1000,2021-09-24 19:35:00,NDLS
12.95,12.95,12.92,12.92,744,2021-09-24 19:36:00,NDLS
12.92,12.92,12.92,12.92,300,2021-09-24 19:40:00,NDLS
12.92,12.92,12.92,12.92,200,2021-09-24 19:41:00,NDLS
12.93,12.95,12.93,12.95,1000,2021-09-24 19:42:00,NDLS
12.955,12.955,12.955,12.955,100,2021-09-24 19:43:00,NDLS
12.95,12.97,12.95,12.965,517,2021-09-24 19:44:00,NDLS
12.965,12.97,12.965,12.97,700,2021-09-24 19:45:00,NDLS
12.97,12.97,12.97,12.97,1000,2021-09-24 19:46:00,NDLS
12.98,12.98,12.96,12.96,1040,2021-09-24 19:47:00,NDLS
12.96,12.96,12.96,12.96,100,2021-09-24 19:48:00,NDLS
12.96,12.98,12.96,12.96,500,2021-09-24 19:49:00,NDLS
12.96,12.96,12.93,12.93,1200,2021-09-24 19:50:00,NDLS
12.94,12.94,12.92,12.92,500,2021-09-24 19:51:00,NDLS
12.92,12.96,12.92,12.96,800,2021-09-24 19:52:00,NDLS
12.93,12.93,12.86,12.87,3233,2021-09-24 19:54:00,NDLS
12.88,12.89,12.88,12.89,200,2021-09-24 19:55:00,NDLS
12.88,12.94,12.88,12.925,900,2021-09-24 19:56:00,NDLS
12.9,12.93,12.89,12.93,1593,2021-09-24 19:57:00,NDLS
12.94,12.94,12.88,12.88,52100,2021-09-24 19:58:00,NDLS
12.88,12.89,12.87,12.87,3111,2021-09-24 19:59:00,NDLS
12.86,12.88,12.86,12.88,26919,2021-09-24 20:00:00,NDLS
12.89,12.89,12.89,12.89,200,2021-09-24 20:05:00,NDLS
12.88,12.88,12.88,12.88,540,2021-09-27 13:30:00,NDLS
12.9,12.9,12.9,12.9,100,2021-09-27 13:37:00,NDLS
12.9,12.905,12.88,12.89,1802,2021-09-27 13:38:00,NDLS
12.9092,12.9092,12.9,12.9,400,2021-09-27 13:39:00,NDLS
12.87,12.87,12.87,12.87,400,2021-09-27 13:40:00,NDLS
12.87,12.87,12.87,12.87,100,2021-09-27 13:42:00,NDLS
12.85,12.85,12.85,12.85,100,2021-09-27 13:43:00,NDLS
12.8861,12.8861,12.8861,12.8861,100,2021-09-27 13:46:00,NDLS
12.91,12.99,12.91,12.97,4969,2021-09-27 13:48:00,NDLS
12.965,12.965,12.965,12.965,125,2021-09-27 13:49:00,NDLS
13.03,13.03,13.0,13.01,600,2021-09-27 13:52:00,NDLS
13.01,13.015,13.01,13.015,500,2021-09-27 13:53:00,NDLS
13.015,13.015,13.0,13.0,267,2021-09-27 13:54:00,NDLS
13.0,13.065,13.0,13.065,1000,2021-09-27 13:55:00,NDLS
13.06,13.06,13.06,13.06,100,2021-09-27 13:56:00,NDLS
13.05,13.06,13.05,13.06,400,2021-09-27 13:59:00,NDLS
13.0,13.0,12.99,12.99,700,2021-09-27 14:06:00,NDLS
13.0,13.0,13.0,13.0,100,2021-09-27 14:07:00,NDLS
12.97,12.97,12.97,12.97,575,2021-09-27 14:08:00,NDLS
12.98,13.025,12.98,13.025,300,2021-09-27 14:10:00,NDLS
12.98,12.98,12.98,12.98,200,2021-09-27 14:11:00,NDLS
12.97,12.97,12.94,12.94,400,2021-09-27 14:12:00,NDLS
12.93,12.93,12.93,12.93,100,2021-09-27 14:13:00,NDLS
12.935,12.935,12.935,12.935,600,2021-09-27 14:14:00,NDLS
12.9,12.9,12.9,12.9,135,2021-09-27 14:15:00,NDLS
12.87,12.87,12.87,12.87,100,2021-09-27 14:16:00,NDLS
12.83,12.86,12.82,12.86,2460,2021-09-27 14:17:00,NDLS
12.87,12.88,12.87,12.87,400,2021-09-27 14:18:00,NDLS
12.85,12.85,12.85,12.85,100,2021-09-27 14:19:00,NDLS
12.855,12.855,12.855,12.855,100,2021-09-27 14:20:00,NDLS
12.82,12.82,12.82,12.82,200,2021-09-27 14:21:00,NDLS
12.78,12.78,12.7027,12.7027,708,2021-09-27 14:25:00,NDLS
12.745,12.77,12.745,12.77,400,2021-09-27 14:29:00,NDLS
12.76,12.76,12.76,12.76,100,2021-09-27 14:37:00,NDLS
12.75,12.75,12.7383,12.7383,400,2021-09-27 14:38:00,NDLS
12.76,12.76,12.76,12.76,100,2021-09-27 14:40:00,NDLS
12.76,12.76,12.76,12.76,100,2021-09-27 14:41:00,NDLS
12.7,12.71,12.68,12.68,1326,2021-09-27 14:47:00,NDLS
12.68,12.68,12.68,12.68,300,2021-09-27 14:48:00,NDLS
12.71,12.71,12.68,12.68,2100,2021-09-27 14:50:00,NDLS
12.68,12.68,12.68,12.68,100,2021-09-27 14:52:00,NDLS
12.65,12.6691,12.65,12.6691,200,2021-09-27 14:53:00,NDLS
12.645,12.645,12.645,12.645,400,2021-09-27 14:55:00,NDLS
12.67,12.68,12.67,12.68,800,2021-09-27 14:56:00,NDLS
12.7,12.7,12.7,12.7,600,2021-09-27 14:58:00,NDLS
12.74,12.74,12.72,12.72,200,2021-09-27 15:02:00,NDLS
12.7,12.72,12.63,12.72,3533,2021-09-27 15:04:00,NDLS
12.7,12.7,12.7,12.7,100,2021-09-27 15:06:00,NDLS
12.7,12.7,12.7,12.7,100,2021-09-27 15:07:00,NDLS
12.705,12.705,12.705,12.705,100,2021-09-27 15:10:00,NDLS
12.72,12.72,12.71,12.71,500,2021-09-27 15:11:00,NDLS
12.71,12.71,12.69,12.69,500,2021-09-27 15:12:00,NDLS
12.67,12.6804,12.67,12.6804,974,2021-09-27 15:14:00,NDLS
12.7,12.7,12.7,12.7,100,2021-09-27 15:20:00,NDLS
12.69,12.69,12.69,12.69,100,2021-09-27 15:21:00,NDLS
12.685,12.685,12.685,12.685,100,2021-09-27 15:22:00,NDLS
12.71,12.74,12.71,12.74,1061,2021-09-27 15:24:00,NDLS
12.73,12.73,12.73,12.73,100,2021-09-27 15:26:00,NDLS
12.735,12.76,12.735,12.76,1493,2021-09-27 15:29:00,NDLS
12.7944,12.7944,12.751,12.751,600,2021-09-27 15:32:00,NDLS
12.8,12.8,12.78,12.785,3000,2021-09-27 15:33:00,NDLS
12.785,12.785,12.785,12.785,100,2021-09-27 15:35:00,NDLS
12.77,12.77,12.77,12.77,300,2021-09-27 15:37:00,NDLS
12.78,12.78,12.78,12.78,100,2021-09-27 15:39:00,NDLS
12.78,12.78,12.7704,12.7704,200,2021-09-27 15:42:00,NDLS
12.76,12.76,12.76,12.76,100,2021-09-27 15:45:00,NDLS
12.75,12.75,12.75,12.75,100,2021-09-27 15:46:00,NDLS
12.76,12.76,12.76,12.76,204,2021-09-27 15:47:00,NDLS
12.8,12.8,12.8,12.8,100,2021-09-27 15:48:00,NDLS
12.785,12.785,12.785,12.785,100,2021-09-27 15:54:00,NDLS
12.77,12.77,12.77,12.77,200,2021-09-27 15:55:00,NDLS
12.8,12.81,12.785,12.8,600,2021-09-27 15:58:00,NDLS
12.7925,12.7925,12.75,12.78,2500,2021-09-27 16:00:00,NDLS
12.79,12.79,12.79,12.79,500,2021-09-27 16:01:00,NDLS
12.8,12.89,12.775,12.86,3700,2021-09-27 16:04:00,NDLS
12.905,12.905,12.905,12.905,100,2021-09-27 16:10:00,NDLS
12.91,12.91,12.91,12.91,100,2021-09-27 16:11:00,NDLS
12.87,12.87,12.87,12.87,610,2021-09-27 16:20:00,NDLS
12.88,12.88,12.88,12.88,100,2021-09-27 16:22:00,NDLS
12.87,12.87,12.87,12.87,200,2021-09-27 16:30:00,NDLS
12.89,12.9,12.88,12.9,779,2021-09-27 16:35:00,NDLS
12.9,12.9,12.9,12.9,2200,2021-09-27 16:41:00,NDLS
12.9,12.92,12.83,12.83,6324,2021-09-27 16:45:00,NDLS
12.865,12.865,12.865,12.865,100,2021-09-27 16:49:00,NDLS
12.81,12.81,12.81,12.81,100,2021-09-27 17:05:00,NDLS
12.8,12.8,12.8,12.8,154,2021-09-27 17:06:00,NDLS
12.8,12.8,12.8,12.8,425,2021-09-27 17:07:00,NDLS
12.8283,12.8283,12.8283,12.8283,177,2021-09-27 17:11:00,NDLS
12.841,12.841,12.841,12.841,100,2021-09-27 17:15:00,NDLS
12.84,12.84,12.84,12.84,100,2021-09-27 17:16:00,NDLS
12.82,12.82,12.82,12.82,100,2021-09-27 17:23:00,NDLS
12.81,12.82,12.81,12.82,200,2021-09-27 17:29:00,NDLS
12.81,12.81,12.81,12.81,100,2021-09-27 17:37:00,NDLS
12.8,12.8,12.8,12.8,109,2021-09-27 17:38:00,NDLS
12.8,12.8,12.8,12.8,800,2021-09-27 17:48:00,NDLS
12.83,12.85,12.83,12.85,400,2021-09-27 17:52:00,NDLS
12.84,12.84,12.84,12.84,102,2021-09-27 17:59:00,NDLS
12.85,12.85,12.85,12.85,100,2021-09-27 18:06:00,NDLS
12.85,12.85,12.85,12.85,367,2021-09-27 18:07:00,NDLS
12.84,12.84,12.84,12.84,300,2021-09-27 18:10:00,NDLS
12.89,12.89,12.88,12.88,219,2021-09-27 18:20:00,NDLS
12.885,12.885,12.885,12.885,100,2021-09-27 18:24:00,NDLS
12.91,12.92,12.91,12.92,546,2021-09-27 18:25:00,NDLS
12.89,12.89,12.89,12.89,100,2021-09-27 18:39:00,NDLS
12.885,12.885,12.885,12.885,100,2021-09-27 18:42:00,NDLS
12.88,12.88,12.86,12.86,300,2021-09-27 18:54:00,NDLS
12.85,12.87,12.85,12.87,627,2021-09-27 19:06:00,NDLS
12.88,12.89,12.88,12.88,800,2021-09-27 19:10:00,NDLS
12.88,12.88,12.85,12.85,900,2021-09-27 19:20:00,NDLS
12.86,12.86,12.86,12.86,200,2021-09-27 19:23:00,NDLS
12.83,12.83,12.82,12.82,200,2021-09-27 19:31:00,NDLS
12.83,12.83,12.83,12.83,100,2021-09-27 19:32:00,NDLS
12.83,12.83,12.83,12.83,100,2021-09-27 19:38:00,NDLS
12.83,12.83,12.83,12.83,600,2021-09-27 19:39:00,NDLS
12.83,12.83,12.83,12.83,100,2021-09-27 19:40:00,NDLS
12.84,12.84,12.84,12.84,100,2021-09-27 19:41:00,NDLS
12.82,12.82,12.8,12.8,200,2021-09-27 19:42:00,NDLS
12.8,12.83,12.8,12.83,600,2021-09-27 19:43:00,NDLS
12.83,12.83,12.83,12.83,100,2021-09-27 19:44:00,NDLS
12.83,12.83,12.83,12.83,100,2021-09-27 19:46:00,NDLS
12.83,12.83,12.83,12.83,200,2021-09-27 19:47:00,NDLS
12.83,12.83,12.83,12.83,200,2021-09-27 19:48:00,NDLS
12.81,12.83,12.8,12.83,510,2021-09-27 19:49:00,NDLS
12.8,12.83,12.8,12.83,7187,2021-09-27 19:50:00,NDLS
12.84,12.84,12.83,12.835,891,2021-09-27 19:51:00,NDLS
12.82,12.82,12.82,12.82,700,2021-09-27 19:52:00,NDLS
12.825,12.825,12.825,12.825,100,2021-09-27 19:53:00,NDLS
12.83,12.85,12.811,12.85,1392,2021-09-27 19:54:00,NDLS
12.86,12.869,12.86,12.869,220,2021-09-27 19:55:00,NDLS
12.87,12.87,12.87,12.87,100,2021-09-27 19:56:00,NDLS
12.84,12.865,12.84,12.85,1069,2021-09-27 19:57:00,NDLS
12.85,12.85,12.845,12.845,300,2021-09-27 19:58:00,NDLS
12.83,12.85,12.83,12.85,2427,2021-09-27 19:59:00,NDLS
12.81,12.81,12.81,12.81,19152,2021-09-27 20:00:00,NDLS
12.81,12.81,12.81,12.81,2798,2021-09-27 20:01:00,NDLS
12.77,12.77,12.77,12.77,852,2021-09-28 13:30:00,NDLS
12.68,12.68,12.62,12.62,5100,2021-09-28 13:32:00,NDLS
12.728,12.728,12.728,12.728,100,2021-09-28 13:39:00,NDLS
12.66,12.72,12.66,12.675,1594,2021-09-28 13:40:00,NDLS
12.66,12.66,12.66,12.66,100,2021-09-28 13:41:00,NDLS
12.66,12.66,12.66,12.66,100,2021-09-28 13:42:00,NDLS
12.7,12.7,12.7,12.7,100,2021-09-28 13:45:00,NDLS
12.61,12.62,12.57,12.57,600,2021-09-28 13:47:00,NDLS
12.54,12.54,12.54,12.54,300,2021-09-28 13:49:00,NDLS
12.51,12.52,12.51,12.52,400,2021-09-28 13:50:00,NDLS
12.51,12.525,12.42,12.42,900,2021-09-28 13:53:00,NDLS
12.48,12.53,12.455,12.53,1839,2021-09-28 13:54:00,NDLS
12.48,12.48,12.47,12.47,200,2021-09-28 13:55:00,NDLS
12.37,12.37,12.34,12.34,700,2021-09-28 14:03:00,NDLS
12.33,12.33,12.33,12.33,100,2021-09-28 14:04:00,NDLS
12.3,12.3,12.3,12.3,100,2021-09-28 14:05:00,NDLS
12.32,12.34,12.32,12.34,300,2021-09-28 14:06:00,NDLS
12.35,12.35,12.35,12.35,300,2021-09-28 14:08:00,NDLS
12.27,12.27,12.27,12.27,100,2021-09-28 14:10:00,NDLS
12.3,12.34,12.3,12.34,1000,2021-09-28 14:11:00,NDLS
12.34,12.37,12.34,12.37,600,2021-09-28 14:13:00,NDLS
12.41,12.41,12.41,12.41,100,2021-09-28 14:16:00,NDLS
12.3,12.3,12.3,12.3,100,2021-09-28 14:18:00,NDLS
12.355,12.355,12.355,12.355,500,2021-09-28 14:19:00,NDLS
12.335,12.335,12.335,12.335,143,2021-09-28 14:22:00,NDLS
12.3,12.3,12.3,12.3,414,2021-09-28 14:27:00,NDLS
12.33,12.33,12.33,12.33,400,2021-09-28 14:28:00,NDLS
12.33,12.37,12.33,12.37,673,2021-09-28 14:36:00,NDLS
12.39,12.4,12.39,12.4,300,2021-09-28 14:37:00,NDLS
12.39,12.39,12.39,12.39,1000,2021-09-28 14:41:00,NDLS
12.41,12.44,12.41,12.44,750,2021-09-28 14:42:00,NDLS
12.44,12.44,12.44,12.44,100,2021-09-28 15:00:00,NDLS
12.38,12.38,12.38,12.38,100,2021-09-28 15:06:00,NDLS
12.395,12.395,12.395,12.395,107,2021-09-28 15:14:00,NDLS
12.42,12.42,12.42,12.42,200,2021-09-28 15:18:00,NDLS
12.45,12.45,12.45,12.45,400,2021-09-28 15:19:00,NDLS
12.425,12.425,12.425,12.425,100,2021-09-28 15:25:00,NDLS
12.44,12.44,12.41,12.41,500,2021-09-28 15:26:00,NDLS
12.42,12.42,12.42,12.42,154,2021-09-28 15:29:00,NDLS
12.4,12.4,12.4,12.4,200,2021-09-28 15:34:00,NDLS
12.4,12.4,12.4,12.4,100,2021-09-28 15:38:00,NDLS
12.425,12.425,12.425,12.425,100,2021-09-28 15:41:00,NDLS
12.395,12.41,12.395,12.41,300,2021-09-28 15:44:00,NDLS
12.4,12.4,12.4,12.4,100,2021-09-28 15:45:00,NDLS
12.4,12.4,12.4,12.4,220,2021-09-28 15:46:00,NDLS
12.39,12.415,12.39,12.415,500,2021-09-28 15:48:00,NDLS
12.39,12.39,12.39,12.39,100,2021-09-28 15:51:00,NDLS
12.4,12.42,12.4,12.42,400,2021-09-28 15:54:00,NDLS
12.425,12.425,12.425,12.425,100,2021-09-28 15:59:00,NDLS
12.425,12.425,12.425,12.425,200,2021-09-28 16:00:00,NDLS
12.38,12.38,12.38,12.38,100,2021-09-28 16:06:00,NDLS
12.4,12.43,12.4,12.41,400,2021-09-28 16:11:00,NDLS
12.42,12.42,12.42,12.42,100,2021-09-28 16:12:00,NDLS
12.43,12.43,12.43,12.43,100,2021-09-28 16:13:00,NDLS
12.42,12.43,12.32,12.34,9134,2021-09-28 16:15:00,NDLS
12.32,12.32,12.32,12.32,400,2021-09-28 16:16:00,NDLS
12.335,12.35,12.32,12.32,700,2021-09-28 16:17:00,NDLS
12.315,12.35,12.315,12.35,600,2021-09-28 16:18:00,NDLS
12.32,12.32,12.27,12.305,2466,2021-09-28 16:21:00,NDLS
12.305,12.305,12.305,12.305,100,2021-09-28 16:22:00,NDLS
12.28,12.28,12.28,12.28,100,2021-09-28 16:23:00,NDLS
12.31,12.31,12.31,12.31,200,2021-09-28 16:25:00,NDLS
12.31,12.31,12.31,12.31,108,2021-09-28 16:33:00,NDLS
12.29,12.29,12.25,12.25,2100,2021-09-28 16:34:00,NDLS
12.265,12.265,12.2408,12.2408,200,2021-09-28 16:35:00,NDLS
12.24,12.24,12.24,12.24,100,2021-09-28 16:36:00,NDLS
12.245,12.245,12.245,12.245,200,2021-09-28 16:37:00,NDLS
12.245,12.27,12.245,12.27,1600,2021-09-28 16:38:00,NDLS
12.23,12.23,12.23,12.23,100,2021-09-28 16:40:00,NDLS
12.245,12.245,12.245,12.245,300,2021-09-28 16:43:00,NDLS
12.25,12.25,12.2106,12.2106,400,2021-09-28 16:45:00,NDLS
12.225,12.225,12.225,12.225,100,2021-09-28 16:46:00,NDLS
12.24,12.26,12.24,12.26,3133,2021-09-28 16:47:00,NDLS
12.255,12.255,12.255,12.255,200,2021-09-28 16:48:00,NDLS
12.27,12.27,12.25,12.25,200,2021-09-28 16:50:00,NDLS
12.24,12.24,12.24,12.24,100,2021-09-28 16:53:00,NDLS
12.2319,12.2319,12.2319,12.2319,200,2021-09-28 16:54:00,NDLS
12.26,12.26,12.26,12.26,200,2021-09-28 16:56:00,NDLS
12.24,12.24,12.24,12.24,550,2021-09-28 16:57:00,NDLS
12.23,12.25,12.23,12.25,2820,2021-09-28 16:58:00,NDLS
12.26,12.28,12.25,12.28,3400,2021-09-28 16:59:00,NDLS
12.27,12.275,12.27,12.275,300,2021-09-28 17:00:00,NDLS
12.265,12.29,12.265,12.29,2400,2021-09-28 17:02:00,NDLS
12.29,12.29,12.27,12.27,1468,2021-09-28 17:03:00,NDLS
12.29,12.29,12.29,12.29,1700,2021-09-28 17:04:00,NDLS
12.295,12.295,12.295,12.295,600,2021-09-28 17:05:00,NDLS
12.26,12.33,12.26,12.285,9642,2021-09-28 17:06:00,NDLS
12.305,12.305,12.305,12.305,200,2021-09-28 17:09:00,NDLS
12.31,12.31,12.31,12.31,200,2021-09-28 17:11:00,NDLS
12.34,12.34,12.34,12.34,200,2021-09-28 17:14:00,NDLS
12.35,12.38,12.35,12.38,400,2021-09-28 17:17:00,NDLS
12.355,12.355,12.34,12.34,500,2021-09-28 17:18:00,NDLS
12.37,12.37,12.37,12.37,100,2021-09-28 17:22:00,NDLS
12.38,12.38,12.36,12.37,500,2021-09-28 17:25:00,NDLS
12.405,12.405,12.4,12.4,300,2021-09-28 17:26:00,NDLS
12.38,12.38,12.38,12.38,800,2021-09-28 17:34:00,NDLS
12.39,12.39,12.39,12.39,200,2021-09-28 17:42:00,NDLS
12.32,12.32,12.32,12.32,100,2021-09-28 17:48:00,NDLS
12.32,12.32,12.3,12.3,500,2021-09-28 17:49:00,NDLS
12.29,12.315,12.29,12.315,1500,2021-09-28 17:51:00,NDLS
12.2801,12.2801,12.2801,12.2801,200,2021-09-28 17:58:00,NDLS
12.3,12.3,12.3,12.3,600,2021-09-28 18:01:00,NDLS
12.2801,12.2801,12.2801,12.2801,500,2021-09-28 18:04:00,NDLS
12.28,12.28,12.28,12.28,100,2021-09-28 18:05:00,NDLS
12.3,12.38,12.3,12.38,4722,2021-09-28 18:09:00,NDLS
12.365,12.365,12.365,12.365,100,2021-09-28 18:15:00,NDLS
12.4,12.4,12.4,12.4,100,2021-09-28 18:22:00,NDLS
12.41,12.43,12.41,12.43,200,2021-09-28 18:24:00,NDLS
12.43,12.43,12.405,12.405,200,2021-09-28 18:26:00,NDLS
12.405,12.405,12.405,12.405,100,2021-09-28 18:28:00,NDLS
12.42,12.43,12.42,12.43,300,2021-09-28 18:29:00,NDLS
12.42,12.42,12.4147,12.4147,371,2021-09-28 18:35:00,NDLS
12.41,12.41,12.4,12.4,300,2021-09-28 18:36:00,NDLS
12.42,12.43,12.42,12.43,700,2021-09-28 18:37:00,NDLS
12.45,12.45,12.45,12.45,100,2021-09-28 18:38:00,NDLS
12.47,12.485,12.47,12.485,319,2021-09-28 18:42:00,NDLS
12.5,12.5,12.46,12.46,300,2021-09-28 18:46:00,NDLS
12.46,12.46,12.46,12.46,100,2021-09-28 18:48:00,NDLS
12.5,12.5,12.49,12.49,200,2021-09-28 18:51:00,NDLS
12.48,12.48,12.48,12.48,100,2021-09-28 18:52:00,NDLS
12.48,12.495,12.48,12.495,200,2021-09-28 18:56:00,NDLS
12.49,12.49,12.49,12.49,200,2021-09-28 19:01:00,NDLS
12.47,12.48,12.47,12.48,200,2021-09-28 19:02:00,NDLS
12.465,12.465,12.465,12.465,246,2021-09-28 19:05:00,NDLS
12.48,12.495,12.48,12.495,404,2021-09-28 19:07:00,NDLS
12.49,12.49,12.49,12.49,200,2021-09-28 19:09:00,NDLS
12.45,12.45,12.45,12.45,200,2021-09-28 19:14:00,NDLS
12.425,12.44,12.425,12.43,1200,2021-09-28 19:17:00,NDLS
12.44,12.44,12.44,12.44,200,2021-09-28 19:20:00,NDLS
12.405,12.405,12.35,12.35,1200,2021-09-28 19:23:00,NDLS
12.335,12.335,12.3,12.3,1560,2021-09-28 19:33:00,NDLS
12.29,12.29,12.29,12.29,100,2021-09-28 19:34:00,NDLS
12.285,12.285,12.285,12.285,100,2021-09-28 19:35:00,NDLS
12.3,12.3,12.29,12.291,691,2021-09-28 19:36:00,NDLS
12.29,12.29,12.27,12.27,400,2021-09-28 19:37:00,NDLS
12.29,12.31,12.29,12.3,2274,2021-09-28 19:38:00,NDLS
12.285,12.285,12.285,12.285,100,2021-09-28 19:39:00,NDLS
12.3,12.31,12.295,12.295,472,2021-09-28 19:40:00,NDLS
12.31,12.31,12.31,12.31,100,2021-09-28 19:41:00,NDLS
12.32,12.32,12.315,12.32,600,2021-09-28 19:42:00,NDLS
12.31,12.31,12.29,12.29,900,2021-09-28 19:43:00,NDLS
12.29,12.31,12.29,12.295,306,2021-09-28 19:45:00,NDLS
12.27,12.27,12.26,12.26,500,2021-09-28 19:47:00,NDLS
12.27,12.29,12.27,12.29,400,2021-09-28 19:48:00,NDLS
12.28,12.28,12.26,12.26,579,2021-09-28 19:49:00,NDLS
12.27,12.27,12.26,12.26,800,2021-09-28 19:50:00,NDLS
12.26,12.26,12.26,12.26,200,2021-09-28 19:51:00,NDLS
12.25,12.25,12.25,12.25,100,2021-09-28 19:52:00,NDLS
12.27,12.27,12.27,12.27,100,2021-09-28 19:53:00,NDLS
12.27,12.27,12.25,12.26,400,2021-09-28 19:54:00,NDLS
12.26,12.26,12.25,12.25,375,2021-09-28 19:55:00,NDLS
12.26,12.27,12.26,12.27,690,2021-09-28 19:56:00,NDLS
12.29,12.3,12.288,12.3,2100,2021-09-28 19:57:00,NDLS
12.28,12.28,12.27,12.27,300,2021-09-28 19:58:00,NDLS
12.27,12.29,12.26,12.275,1837,2021-09-28 19:59:00,NDLS
12.26,12.26,12.26,12.26,19036,2021-09-28 20:00:00,NDLS
12.34,12.34,12.34,12.34,213,2021-09-29 13:30:00,NDLS
12.33,12.33,12.21,12.21,1694,2021-09-29 13:36:00,NDLS
12.21,12.21,12.14,12.14,1256,2021-09-29 13:37:00,NDLS
12.18,12.18,12.18,12.18,100,2021-09-29 13:38:00,NDLS
12.11,12.11,12.0663,12.0663,700,2021-09-29 13:39:00,NDLS
12.11,12.11,12.11,12.11,100,2021-09-29 13:40:00,NDLS
12.12,12.12,12.12,12.12,200,2021-09-29 13:41:00,NDLS
12.12,12.12,12.12,12.12,200,2021-09-29 13:42:00,NDLS
12.135,12.185,12.135,12.185,3479,2021-09-29 13:43:00,NDLS
12.1,12.1457,12.1,12.1457,516,2021-09-29 13:46:00,NDLS
12.151,12.151,12.1491,12.1491,500,2021-09-29 13:47:00,NDLS
12.17,12.17,12.17,12.17,100,2021-09-29 13:49:00,NDLS
12.2096,12.2096,12.2096,12.2096,145,2021-09-29 13:50:00,NDLS
12.18,12.18,12.18,12.18,100,2021-09-29 13:52:00,NDLS
12.222,12.222,12.18,12.18,3000,2021-09-29 13:53:00,NDLS
12.22,12.22,12.15,12.1755,2129,2021-09-29 13:54:00,NDLS
12.15,12.15,12.15,12.15,100,2021-09-29 13:55:00,NDLS
12.185,12.185,12.185,12.185,100,2021-09-29 13:56:00,NDLS
12.15,12.16,12.15,12.16,4013,2021-09-29 13:58:00,NDLS
12.135,12.135,12.135,12.135,171,2021-09-29 13:59:00,NDLS
12.135,12.17,12.135,12.16,1600,2021-09-29 14:00:00,NDLS
12.195,12.195,12.195,12.195,100,2021-09-29 14:01:00,NDLS
12.16,12.16,12.16,12.16,200,2021-09-29 14:02:00,NDLS
12.145,12.145,12.145,12.145,122,2021-09-29 14:03:00,NDLS
12.14,12.14,12.14,12.14,100,2021-09-29 14:05:00,NDLS
12.11,12.145,12.11,12.145,200,2021-09-29 14:08:00,NDLS
12.145,12.145,12.145,12.145,100,2021-09-29 14:09:00,NDLS
12.18,12.18,12.145,12.145,400,2021-09-29 14:11:00,NDLS
12.145,12.2,12.145,12.18,1700,2021-09-29 14:12:00,NDLS
12.21,12.21,12.21,12.21,100,2021-09-29 14:13:00,NDLS
12.2,12.23,12.18,12.18,2329,2021-09-29 14:18:00,NDLS
12.25,12.25,12.25,12.25,100,2021-09-29 14:20:00,NDLS
12.22,12.24,12.185,12.185,1623,2021-09-29 14:29:00,NDLS
12.185,12.185,12.1659,12.1659,400,2021-09-29 14:30:00,NDLS
12.175,12.175,12.175,12.175,122,2021-09-29 14:31:00,NDLS
12.2443,12.2443,12.2443,12.2443,300,2021-09-29 14:32:00,NDLS
12.22,12.22,12.22,12.22,100,2021-09-29 14:35:00,NDLS
12.22,12.25,12.21,12.21,3300,2021-09-29 14:37:00,NDLS
12.21,12.24,12.21,12.2375,400,2021-09-29 14:38:00,NDLS
12.225,12.225,12.225,12.225,100,2021-09-29 14:39:00,NDLS
12.25,12.25,12.225,12.235,1150,2021-09-29 14:40:00,NDLS
12.2475,12.27,12.235,12.27,800,2021-09-29 14:43:00,NDLS
12.28,12.28,12.28,12.28,100,2021-09-29 14:49:00,NDLS
12.33,12.34,12.33,12.34,300,2021-09-29 14:56:00,NDLS
12.37,12.42,12.37,12.37,800,2021-09-29 14:57:00,NDLS
12.4042,12.4042,12.4042,12.4042,300,2021-09-29 15:01:00,NDLS
12.385,12.385,12.385,12.385,100,2021-09-29 15:02:00,NDLS
12.4,12.41,12.385,12.385,775,2021-09-29 15:05:00,NDLS
12.39,12.41,12.36,12.36,2000,2021-09-29 15:06:00,NDLS
12.36,12.36,12.36,12.36,400,2021-09-29 15:14:00,NDLS
12.38,12.38,12.365,12.365,600,2021-09-29 15:19:00,NDLS
12.38,12.38,12.37,12.37,500,2021-09-29 15:21:00,NDLS
12.375,12.375,12.375,12.375,100,2021-09-29 15:23:00,NDLS
12.38,12.39,12.38,12.39,900,2021-09-29 15:24:00,NDLS
12.39,12.39,12.36,12.36,620,2021-09-29 15:26:00,NDLS
12.35,12.35,12.35,12.35,636,2021-09-29 15:28:00,NDLS
12.33,12.33,12.33,12.33,300,2021-09-29 15:35:00,NDLS
12.3,12.3,12.3,12.3,100,2021-09-29 15:36:00,NDLS
12.27,12.27,12.27,12.27,100,2021-09-29 15:47:00,NDLS
12.25,12.28,12.25,12.28,1200,2021-09-29 15:49:00,NDLS
12.275,12.275,12.275,12.275,100,2021-09-29 15:51:00,NDLS
12.25,12.25,12.25,12.25,100,2021-09-29 15:53:00,NDLS
12.27,12.27,12.27,12.27,200,2021-09-29 15:54:00,NDLS
12.24,12.24,12.24,12.24,200,2021-09-29 15:55:00,NDLS
12.24,12.24,12.24,12.24,200,2021-09-29 15:58:00,NDLS
12.24,12.24,12.24,12.24,100,2021-09-29 15:59:00,NDLS
12.24,12.27,12.24,12.27,200,2021-09-29 16:00:00,NDLS
12.24,12.24,12.24,12.24,200,2021-09-29 16:01:00,NDLS
12.27,12.27,12.24,12.24,200,2021-09-29 16:02:00,NDLS
12.24,12.24,12.24,12.24,200,2021-09-29 16:03:00,NDLS
12.24,12.24,12.24,12.24,100,2021-09-29 16:04:00,NDLS
12.24,12.27,12.24,12.27,200,2021-09-29 16:05:00,NDLS
12.24,12.24,12.24,12.24,200,2021-09-29 16:06:00,NDLS
12.27,12.27,12.24,12.24,200,2021-09-29 16:07:00,NDLS
12.24,12.27,12.24,12.27,200,2021-09-29 16:08:00,NDLS
12.24,12.29,12.24,12.29,300,2021-09-29 16:09:00,NDLS
12.27,12.27,12.24,12.24,200,2021-09-29 16:10:00,NDLS
12.27,12.27,12.27,12.27,100,2021-09-29 16:11:00,NDLS
12.24,12.24,12.24,12.24,200,2021-09-29 16:12:00,NDLS
12.2457,12.27,12.2457,12.27,350,2021-09-29 16:13:00,NDLS
12.27,12.27,12.24,12.24,200,2021-09-29 16:14:00,NDLS
12.24,12.24,12.24,12.24,100,2021-09-29 16:16:00,NDLS
12.26,12.26,12.24,12.24,200,2021-09-29 16:17:00,NDLS
12.24,12.24,12.21,12.21,1000,2021-09-29 16:18:00,NDLS
12.21,12.21,12.21,12.21,300,2021-09-29 16:19:00,NDLS
12.21,12.21,12.205,12.205,500,2021-09-29 16:20:00,NDLS
12.165,12.165,12.165,12.165,100,2021-09-29 16:22:00,NDLS
12.17,12.17,12.17,12.17,100,2021-09-29 16:23:00,NDLS
12.14,12.14,12.14,12.14,200,2021-09-29 16:28:00,NDLS
12.165,12.165,12.14,12.14,400,2021-09-29 16:29:00,NDLS
12.167,12.167,12.15,12.15,200,2021-09-29 16:30:00,NDLS
12.14,12.14,12.14,12.14,200,2021-09-29 16:31:00,NDLS
12.19,12.19,12.165,12.165,200,2021-09-29 16:32:00,NDLS
12.14,12.14,12.14,12.14,200,2021-09-29 16:33:00,NDLS
12.14,12.165,12.14,12.165,300,2021-09-29 16:34:00,NDLS
12.165,12.165,12.165,12.165,100,2021-09-29 16:35:00,NDLS
12.14,12.14,12.14,12.14,100,2021-09-29 16:37:00,NDLS
12.165,12.165,12.165,12.165,100,2021-09-29 16:38:00,NDLS
12.14,12.14,12.14,12.14,300,2021-09-29 16:39:00,NDLS
12.14,12.16,12.14,12.16,400,2021-09-29 16:40:00,NDLS
12.16,12.16,12.15,12.16,808,2021-09-29 16:41:00,NDLS
12.16,12.16,12.16,12.16,100,2021-09-29 16:42:00,NDLS
12.16,12.16,12.16,12.16,100,2021-09-29 16:43:00,NDLS
12.16,12.16,12.16,12.16,200,2021-09-29 16:44:00,NDLS
12.14,12.15,12.14,12.15,400,2021-09-29 16:45:00,NDLS
12.15,12.16,12.15,12.15,1420,2021-09-29 16:46:00,NDLS
12.15,12.15,12.1,12.1,1000,2021-09-29 16:48:00,NDLS
12.1,12.1,12.1,12.1,200,2021-09-29 16:49:00,NDLS
12.11,12.11,12.1,12.1,200,2021-09-29 16:50:00,NDLS
12.12,12.14,12.12,12.13,1100,2021-09-29 16:51:00,NDLS
12.15,12.15,12.12,12.12,300,2021-09-29 16:54:00,NDLS
12.12,12.12,12.12,12.12,100,2021-09-29 16:55:00,NDLS
12.12,12.145,12.12,12.12,500,2021-09-29 16:56:00,NDLS
12.12,12.12,12.12,12.12,200,2021-09-29 16:58:00,NDLS
12.12,12.12,12.12,12.12,200,2021-09-29 16:59:00,NDLS
12.145,12.145,12.145,12.145,100,2021-09-29 17:00:00,NDLS
12.12,12.145,12.12,12.145,200,2021-09-29 17:01:00,NDLS
12.13,12.13,12.13,12.13,100,2021-09-29 17:02:00,NDLS
12.15,12.16,12.15,12.155,700,2021-09-29 17:03:00,NDLS
12.165,12.165,12.165,12.165,100,2021-09-29 17:05:00,NDLS
12.16,12.16,12.155,12.16,1400,2021-09-29 17:07:00,NDLS
12.185,12.185,12.185,12.185,300,2021-09-29 17:08:00,NDLS
12.23,12.23,12.18,12.18,300,2021-09-29 17:10:00,NDLS
12.18,12.18,12.18,12.18,100,2021-09-29 17:12:00,NDLS
12.18,12.18,12.18,12.18,100,2021-09-29 17:13:00,NDLS
12.18,12.23,12.18,12.215,400,2021-09-29 17:16:00,NDLS
12.2,12.2,12.2,12.2,200,2021-09-29 17:17:00,NDLS
12.2054,12.215,12.2054,12.215,5100,2021-09-29 17:18:00,NDLS
12.215,12.215,12.215,12.215,100,2021-09-29 17:19:00,NDLS
12.215,12.215,12.15,12.15,5704,2021-09-29 17:20:00,NDLS
12.185,12.185,12.185,12.185,100,2021-09-29 17:21:00,NDLS
12.16,12.185,12.16,12.16,300,2021-09-29 17:22:00,NDLS
12.18,12.18,12.18,12.18,200,2021-09-29 17:30:00,NDLS
12.16,12.1825,12.16,12.1825,400,2021-09-29 17:33:00,NDLS
12.175,12.175,12.175,12.175,100,2021-09-29 17:34:00,NDLS
12.1601,12.1667,12.15,12.15,2500,2021-09-29 17:35:00,NDLS
12.15,12.15,12.1,12.1,700,2021-09-29 17:36:00,NDLS
12.12,12.12,12.1,12.1,400,2021-09-29 17:37:00,NDLS
12.125,12.125,12.125,12.125,100,2021-09-29 17:38:00,NDLS
12.13,12.14,12.115,12.14,1100,2021-09-29 17:39:00,NDLS
12.13,12.13,12.12,12.12,400,2021-09-29 17:40:00,NDLS
12.13,12.15,12.12,12.15,800,2021-09-29 17:41:00,NDLS
12.15,12.15,12.14,12.14,200,2021-09-29 17:42:00,NDLS
12.16,12.16,12.135,12.14,1695,2021-09-29 17:43:00,NDLS
12.165,12.165,12.165,12.165,200,2021-09-29 17:44:00,NDLS
12.165,12.165,12.165,12.165,200,2021-09-29 17:45:00,NDLS
12.175,12.175,12.15,12.15,300,2021-09-29 17:51:00,NDLS
12.165,12.165,12.165,12.165,100,2021-09-29 17:53:00,NDLS
12.18,12.18,12.16,12.16,1100,2021-09-29 17:54:00,NDLS
12.16,12.16,12.16,12.16,100,2021-09-29 17:55:00,NDLS
12.16,12.16,12.15,12.16,800,2021-09-29 17:56:00,NDLS
12.155,12.17,12.155,12.16,900,2021-09-29 17:57:00,NDLS
12.17,12.185,12.17,12.185,500,2021-09-29 17:58:00,NDLS
12.17,12.17,12.17,12.17,100,2021-09-29 18:01:00,NDLS
12.17,12.17,12.17,12.17,100,2021-09-29 18:02:00,NDLS
12.17,12.17,12.17,12.17,100,2021-09-29 18:04:00,NDLS
12.19,12.19,12.17,12.175,900,2021-09-29 18:06:00,NDLS
12.18,12.18,12.18,12.18,100,2021-09-29 18:07:00,NDLS
12.18,12.19,12.17,12.17,881,2021-09-29 18:08:00,NDLS
12.18,12.215,12.18,12.215,3160,2021-09-29 18:10:00,NDLS
12.2,12.2,12.2,12.2,100,2021-09-29 18:11:00,NDLS
12.24,12.24,12.2,12.2,300,2021-09-29 18:16:00,NDLS
12.215,12.215,12.215,12.215,200,2021-09-29 18:18:00,NDLS
12.215,12.215,12.215,12.215,100,2021-09-29 18:19:00,NDLS
12.2,12.2,12.2,12.2,1100,2021-09-29 18:22:00,NDLS
12.19,12.19,12.18,12.18,400,2021-09-29 18:26:00,NDLS
12.15,12.15,12.15,12.15,100,2021-09-29 18:27:00,NDLS
12.15,12.15,12.15,12.15,100,2021-09-29 18:29:00,NDLS
12.15,12.15,12.15,12.15,100,2021-09-29 18:30:00,NDLS
12.13,12.13,12.13,12.13,100,2021-09-29 18:31:00,NDLS
12.155,12.155,12.155,12.155,1000,2021-09-29 18:35:00,NDLS
12.13,12.13,12.12,12.12,400,2021-09-29 18:36:00,NDLS
12.115,12.115,12.1,12.1,300,2021-09-29 18:37:00,NDLS
12.115,12.115,12.1,12.1,300,2021-09-29 18:38:00,NDLS
12.1,12.1,12.1,12.1,200,2021-09-29 18:39:00,NDLS
12.12,12.135,12.11,12.135,1250,2021-09-29 18:40:00,NDLS
12.135,12.135,12.12,12.12,200,2021-09-29 18:41:00,NDLS
12.135,12.135,12.135,12.135,100,2021-09-29 18:42:00,NDLS
12.135,12.15,12.135,12.15,1816,2021-09-29 18:44:00,NDLS
12.13,12.13,12.11,12.11,400,2021-09-29 18:45:00,NDLS
12.1,12.1,12.08,12.08,300,2021-09-29 18:47:00,NDLS
12.08,12.1,12.075,12.08,1758,2021-09-29 18:48:00,NDLS
12.075,12.075,12.075,12.075,100,2021-09-29 18:49:00,NDLS
12.075,12.075,12.075,12.075,100,2021-09-29 18:50:00,NDLS
12.1,12.1,12.09,12.095,558,2021-09-29 18:51:00,NDLS
12.1,12.115,12.1,12.115,500,2021-09-29 18:52:00,NDLS
12.12,12.12,12.1,12.1,2200,2021-09-29 18:54:00,NDLS
12.1,12.1,12.07,12.07,600,2021-09-29 18:55:00,NDLS
12.06,12.065,12.06,12.065,400,2021-09-29 18:56:00,NDLS
12.08,12.09,12.08,12.08,696,2021-09-29 18:57:00,NDLS
12.095,12.095,12.095,12.095,100,2021-09-29 18:58:00,NDLS
12.11,12.11,12.09,12.1,1000,2021-09-29 19:00:00,NDLS
12.09,12.11,12.09,12.11,200,2021-09-29 19:02:00,NDLS
12.09,12.09,12.09,12.09,100,2021-09-29 19:03:00,NDLS
12.09,12.09,12.09,12.09,100,2021-09-29 19:04:00,NDLS
12.08,12.08,12.06,12.06,306,2021-09-29 19:06:00,NDLS
12.06,12.06,12.06,12.06,100,2021-09-29 19:07:00,NDLS
12.075,12.075,12.06,12.06,500,2021-09-29 19:08:00,NDLS
12.07,12.075,12.06,12.06,1500,2021-09-29 19:09:00,NDLS
12.06,12.075,12.055,12.055,700,2021-09-29 19:10:00,NDLS
12.07,12.07,12.07,12.07,200,2021-09-29 19:11:00,NDLS
12.06,12.06,12.06,12.06,300,2021-09-29 19:12:00,NDLS
12.06,12.06,12.06,12.06,100,2021-09-29 19:13:00,NDLS
12.055,12.07,12.05,12.065,1530,2021-09-29 19:14:00,NDLS
12.07,12.07,12.07,12.07,200,2021-09-29 19:16:00,NDLS
12.04,12.04,12.01,12.01,500,2021-09-29 19:17:00,NDLS
12.01,12.01,12.0,12.0,200,2021-09-29 19:18:00,NDLS
12.02,12.025,12.015,12.025,400,2021-09-29 19:19:00,NDLS
12.025,12.025,12.025,12.025,262,2021-09-29 19:20:00,NDLS
12.025,12.025,12.025,12.025,100,2021-09-29 19:21:00,NDLS
12.0,12.0,12.0,12.0,1336,2021-09-29 19:23:00,NDLS
12.01,12.02,12.0,12.02,1910,2021-09-29 19:25:00,NDLS
12.015,12.015,12.015,12.015,109,2021-09-29 19:26:00,NDLS
12.01,12.01,12.01,12.01,100,2021-09-29 19:28:00,NDLS
12.02,12.02,12.0,12.0,500,2021-09-29 19:30:00,NDLS
12.0,12.0003,11.95,11.98,4749,2021-09-29 19:31:00,NDLS
11.94,11.94,11.94,11.94,5000,2021-09-29 19:32:00,NDLS
11.98,11.99,11.96,11.99,500,2021-09-29 19:33:00,NDLS
11.956,12.0,11.956,12.0,517,2021-09-29 19:34:00,NDLS
11.99,12.005,11.98,11.99,703,2021-09-29 19:35:00,NDLS
12.005,12.005,11.98,11.98,2309,2021-09-29 19:36:00,NDLS
11.98,11.98,11.94,11.94,1000,2021-09-29 19:37:00,NDLS
11.94,11.97,11.94,11.96,700,2021-09-29 19:38:00,NDLS
11.965,11.965,11.965,11.965,100,2021-09-29 19:39:00,NDLS
11.97,11.97,11.97,11.97,400,2021-09-29 19:40:00,NDLS
11.965,11.965,11.965,11.965,400,2021-09-29 19:41:00,NDLS
11.975,11.975,11.97,11.97,200,2021-09-29 19:42:00,NDLS
11.97,11.97,11.97,11.97,100,2021-09-29 19:43:00,NDLS
11.95,11.955,11.95,11.955,300,2021-09-29 19:45:00,NDLS
11.95,11.95,11.94,11.94,338,2021-09-29 19:46:00,NDLS
11.95,11.95,11.94,11.95,400,2021-09-29 19:47:00,NDLS
11.94,11.95,11.93,11.93,600,2021-09-29 19:48:00,NDLS
11.95,11.965,11.95,11.95,494,2021-09-29 19:49:00,NDLS
11.965,11.965,11.93,11.93,1071,2021-09-29 19:50:00,NDLS
11.92,11.92,11.91,11.91,890,2021-09-29 19:51:00,NDLS
11.925,11.925,11.9,11.9,756,2021-09-29 19:52:00,NDLS
11.895,11.915,11.88,11.915,2729,2021-09-29 19:53:00,NDLS
11.9,11.9,11.88,11.89,1268,2021-09-29 19:54:00,NDLS
11.87,11.89,11.84,11.86,3837,2021-09-29 19:55:00,NDLS
11.88,11.89,11.85,11.85,3670,2021-09-29 19:56:00,NDLS
11.86,11.91,11.85,11.89,2757,2021-09-29 19:57:00,NDLS
11.87,11.875,11.84,11.855,3304,2021-09-29 19:58:00,NDLS
11.86,11.94,11.855,11.93,6341,2021-09-29 19:59:00,NDLS
11.93,11.93,11.93,11.93,15703,2021-09-29 20:00:00,NDLS
12.05,12.05,12.05,12.05,1421,2021-09-30 13:30:00,NDLS
12.155,12.155,12.155,12.155,100,2021-09-30 13:35:00,NDLS
11.98,12.04,11.98,11.98,2200,2021-09-30 13:41:00,NDLS
11.95,11.95,11.95,11.95,600,2021-09-30 13:48:00,NDLS
11.97,11.97,11.94,11.94,1420,2021-09-30 13:50:00,NDLS
11.9504,11.9504,11.9504,11.9504,100,2021-09-30 13:52:00,NDLS
11.95,11.96,11.95,11.95,600,2021-09-30 13:54:00,NDLS
11.985,11.985,11.975,11.975,260,2021-09-30 13:55:00,NDLS
11.971,11.971,11.971,11.971,404,2021-09-30 13:56:00,NDLS
11.975,11.975,11.975,11.975,100,2021-09-30 13:57:00,NDLS
11.94,11.94,11.94,11.94,100,2021-09-30 13:58:00,NDLS
11.91,11.91,11.9,11.9,327,2021-09-30 13:59:00,NDLS
11.935,11.935,11.935,11.935,100,2021-09-30 14:07:00,NDLS
11.87,11.87,11.87,11.87,3000,2021-09-30 14:09:00,NDLS
11.85,11.85,11.85,11.85,1400,2021-09-30 14:10:00,NDLS
11.84,11.84,11.84,11.84,200,2021-09-30 14:12:00,NDLS
11.83,11.83,11.82,11.82,200,2021-09-30 14:13:00,NDLS
11.85,11.85,11.85,11.85,100,2021-09-30 14:16:00,NDLS
11.84,11.86,11.84,11.86,300,2021-09-30 14:20:00,NDLS
11.849,11.849,11.849,11.849,5000,2021-09-30 14:21:00,NDLS
11.825,11.825,11.825,11.825,230,2021-09-30 14:25:00,NDLS
11.85,11.85,11.85,11.85,200,2021-09-30 14:26:00,NDLS
11.87,11.87,11.835,11.835,700,2021-09-30 14:29:00,NDLS
11.835,11.835,11.835,11.835,100,2021-09-30 14:33:00,NDLS
11.86,11.86,11.86,11.86,100,2021-09-30 14:34:00,NDLS
11.82,11.82,11.78,11.8,3931,2021-09-30 14:36:00,NDLS
11.82,11.82,11.82,11.82,100,2021-09-30 14:37:00,NDLS
11.87,11.87,11.87,11.87,400,2021-09-30 14:38:00,NDLS
11.87,11.87,11.87,11.87,2000,2021-09-30 14:40:00,NDLS
11.825,11.87,11.825,11.87,800,2021-09-30 14:41:00,NDLS
11.825,11.825,11.825,11.825,100,2021-09-30 14:43:00,NDLS
11.88,11.89,11.88,11.89,1300,2021-09-30 14:49:00,NDLS
11.9,11.9,11.9,11.9,200,2021-09-30 14:50:00,NDLS
11.9,11.915,11.9,11.915,800,2021-09-30 14:51:00,NDLS
11.95,11.95,11.92,11.92,300,2021-09-30 14:52:00,NDLS
11.92,11.92,11.92,11.92,100,2021-09-30 14:54:00,NDLS
11.92,11.92,11.92,11.92,100,2021-09-30 14:55:00,NDLS
11.925,11.925,11.925,11.925,100,2021-09-30 14:57:00,NDLS
11.93,11.93,11.85,11.85,4700,2021-09-30 15:01:00,NDLS
11.88,11.95,11.85,11.88,15897,2021-09-30 15:02:00,NDLS
11.94,11.94,11.94,11.94,2000,2021-09-30 15:06:00,NDLS
11.93,11.93,11.93,11.93,567,2021-09-30 15:07:00,NDLS
11.98,11.98,11.975,11.975,303,2021-09-30 15:09:00,NDLS
11.94,11.94,11.94,11.94,941,2021-09-30 15:10:00,NDLS
11.97,11.97,11.96,11.97,500,2021-09-30 15:13:00,NDLS
11.965,11.965,11.965,11.965,200,2021-09-30 15:14:00,NDLS
11.95,11.96,11.95,11.96,1100,2021-09-30 15:15:00,NDLS
11.96,11.97,11.96,11.97,200,2021-09-30 15:16:00,NDLS
11.95,11.95,11.95,11.95,321,2021-09-30 15:17:00,NDLS
12.01,12.01,11.99,12.01,600,2021-09-30 15:21:00,NDLS
12.02,12.02,12.02,12.02,100,2021-09-30 15:22:00,NDLS
12.02,12.02,12.02,12.02,300,2021-09-30 15:24:00,NDLS
12.04,12.08,12.04,12.05,1881,2021-09-30 15:27:00,NDLS
12.09,12.1,12.06,12.06,1900,2021-09-30 15:30:00,NDLS
12.07,12.07,12.07,12.07,100,2021-09-30 15:31:00,NDLS
12.07,12.07,12.07,12.07,100,2021-09-30 15:33:00,NDLS
12.05,12.05,12.05,12.05,400,2021-09-30 15:34:00,NDLS
12.02,12.02,11.94,11.94,1344,2021-09-30 15:38:00,NDLS
11.94,11.94,11.915,11.915,541,2021-09-30 15:51:00,NDLS
11.94,11.94,11.925,11.925,400,2021-09-30 15:53:00,NDLS
11.93,11.93,11.93,11.93,511,2021-09-30 16:05:00,NDLS
11.9,11.9,11.89,11.89,200,2021-09-30 16:07:00,NDLS
11.86,11.86,11.845,11.845,500,2021-09-30 16:15:00,NDLS
11.865,11.865,11.865,11.865,100,2021-09-30 16:16:00,NDLS
11.86,11.86,11.86,11.86,200,2021-09-30 16:20:00,NDLS
11.855,11.855,11.855,11.855,649,2021-09-30 16:23:00,NDLS
11.855,11.855,11.855,11.855,500,2021-09-30 16:24:00,NDLS
11.85,11.85,11.835,11.85,670,2021-09-30 16:25:00,NDLS
11.855,11.855,11.855,11.855,100,2021-09-30 16:26:00,NDLS
11.85,11.85,11.85,11.85,3700,2021-09-30 16:27:00,NDLS
11.83,11.83,11.81,11.81,320,2021-09-30 16:30:00,NDLS
11.81,11.81,11.81,11.81,100,2021-09-30 16:31:00,NDLS
11.805,11.805,11.805,11.805,100,2021-09-30 16:32:00,NDLS
11.8,11.81,11.8,11.8,496,2021-09-30 16:33:00,NDLS
11.82,11.83,11.805,11.83,1100,2021-09-30 16:35:00,NDLS
11.83,11.83,11.83,11.83,100,2021-09-30 16:36:00,NDLS
11.87,11.87,11.85,11.85,1500,2021-09-30 16:43:00,NDLS
11.84,11.84,11.84,11.84,100,2021-09-30 16:45:00,NDLS
11.825,11.825,11.825,11.825,100,2021-09-30 16:46:00,NDLS
11.86,11.86,11.84,11.855,1070,2021-09-30 16:49:00,NDLS
11.87,11.875,11.87,11.875,200,2021-09-30 16:51:00,NDLS
11.88,11.88,11.88,11.88,100,2021-09-30 16:52:00,NDLS
11.86,11.86,11.86,11.86,100,2021-09-30 17:01:00,NDLS
11.885,11.885,11.885,11.885,100,2021-09-30 17:05:00,NDLS
11.875,11.875,11.875,11.875,200,2021-09-30 17:08:00,NDLS
11.89,11.89,11.875,11.88,620,2021-09-30 17:09:00,NDLS
11.9,11.9,11.9,11.9,300,2021-09-30 17:14:00,NDLS
11.89,11.89,11.89,11.89,900,2021-09-30 17:22:00,NDLS
11.89,11.89,11.89,11.89,900,2021-09-30 17:23:00,NDLS
11.87,11.87,11.87,11.87,200,2021-09-30 17:24:00,NDLS
11.86,11.86,11.86,11.86,100,2021-09-30 17:28:00,NDLS
11.84,11.84,11.84,11.84,100,2021-09-30 17:31:00,NDLS
11.83,11.83,11.81,11.81,300,2021-09-30 17:33:00,NDLS
11.81,11.81,11.81,11.81,100,2021-09-30 17:37:00,NDLS
11.815,11.815,11.815,11.815,100,2021-09-30 17:40:00,NDLS
11.8,11.8,11.8,11.8,100,2021-09-30 17:43:00,NDLS
11.815,11.84,11.815,11.84,200,2021-09-30 17:44:00,NDLS
11.855,11.855,11.855,11.855,100,2021-09-30 17:48:00,NDLS
11.875,11.875,11.875,11.875,100,2021-09-30 17:52:00,NDLS
11.9,11.9,11.875,11.875,600,2021-09-30 17:53:00,NDLS
11.875,11.875,11.875,11.875,100,2021-09-30 17:57:00,NDLS
11.85,11.85,11.85,11.85,100,2021-09-30 17:59:00,NDLS
11.9,11.9,11.89,11.89,300,2021-09-30 18:01:00,NDLS
11.89,11.89,11.89,11.89,100,2021-09-30 18:07:00,NDLS
11.9,11.9,11.9,11.9,300,2021-09-30 18:10:00,NDLS
11.905,11.905,11.905,11.905,100,2021-09-30 18:14:00,NDLS
11.89,11.89,11.89,11.89,100,2021-09-30 18:16:00,NDLS
11.88,11.88,11.88,11.88,200,2021-09-30 18:17:00,NDLS
11.9,11.9,11.9,11.9,1500,2021-09-30 18:18:00,NDLS
11.88,11.88,11.88,11.88,200,2021-09-30 18:21:00,NDLS
11.87,11.87,11.87,11.87,200,2021-09-30 18:25:00,NDLS
11.895,11.895,11.895,11.895,100,2021-09-30 18:27:00,NDLS
11.895,11.895,11.895,11.895,200,2021-09-30 18:28:00,NDLS
11.88,11.885,11.87,11.885,400,2021-09-30 18:29:00,NDLS
11.89,11.89,11.89,11.89,200,2021-09-30 18:30:00,NDLS
11.88,11.88,11.88,11.88,100,2021-09-30 18:31:00,NDLS
11.87,11.87,11.87,11.87,100,2021-09-30 18:32:00,NDLS
11.87,11.87,11.86,11.86,200,2021-09-30 18:33:00,NDLS
11.84,11.86,11.84,11.86,1300,2021-09-30 18:35:00,NDLS
11.87,11.87,11.86,11.86,400,2021-09-30 18:36:00,NDLS
11.875,11.875,11.875,11.875,100,2021-09-30 18:37:00,NDLS
11.86,11.88,11.86,11.87,1400,2021-09-30 18:39:00,NDLS
11.88,11.88,11.88,11.88,100,2021-09-30 18:42:00,NDLS
11.88,11.88,11.88,11.88,100,2021-09-30 18:44:00,NDLS
11.92,11.92,11.9,11.9,600,2021-09-30 18:47:00,NDLS
11.92,11.92,11.91,11.91,600,2021-09-30 18:48:00,NDLS
11.94,11.94,11.94,11.94,200,2021-09-30 18:51:00,NDLS
11.93,11.93,11.93,11.93,200,2021-09-30 18:52:00,NDLS
11.9318,11.9318,11.9318,11.9318,100,2021-09-30 18:55:00,NDLS
11.93,11.93,11.93,11.93,200,2021-09-30 18:57:00,NDLS
11.92,11.92,11.92,11.92,300,2021-09-30 18:58:00,NDLS
11.91,11.91,11.91,11.91,500,2021-09-30 19:00:00,NDLS
11.9,11.9,11.9,11.9,400,2021-09-30 19:03:00,NDLS
11.895,11.895,11.895,11.895,100,2021-09-30 19:08:00,NDLS
11.91,11.92,11.9,11.92,400,2021-09-30 19:09:00,NDLS
11.94,11.94,11.94,11.94,400,2021-09-30 19:12:00,NDLS
11.945,11.95,11.945,11.95,200,2021-09-30 19:14:00,NDLS
11.955,11.97,11.955,11.97,400,2021-09-30 19:15:00,NDLS
11.98,11.98,11.965,11.98,1000,2021-09-30 19:17:00,NDLS
11.965,11.965,11.965,11.965,100,2021-09-30 19:19:00,NDLS
11.95,11.95,11.95,11.95,730,2021-09-30 19:20:00,NDLS
11.93,11.93,11.93,11.93,400,2021-09-30 19:21:00,NDLS
11.925,11.925,11.925,11.925,600,2021-09-30 19:22:00,NDLS
11.94,11.94,11.94,11.94,100,2021-09-30 19:23:00,NDLS
11.91,11.91,11.91,11.91,100,2021-09-30 19:24:00,NDLS
11.91,11.91,11.91,11.91,100,2021-09-30 19:25:00,NDLS
11.91,11.91,11.91,11.91,284,2021-09-30 19:26:00,NDLS
11.92,11.92,11.92,11.92,100,2021-09-30 19:29:00,NDLS
11.92,11.92,11.92,11.92,200,2021-09-30 19:30:00,NDLS
11.92,11.92,11.92,11.92,300,2021-09-30 19:31:00,NDLS
11.92,11.93,11.92,11.92,930,2021-09-30 19:32:00,NDLS
11.89,11.89,11.875,11.875,400,2021-09-30 19:33:00,NDLS
11.8627,11.866,11.862,11.862,1000,2021-09-30 19:34:00,NDLS
11.89,11.89,11.88,11.885,1100,2021-09-30 19:36:00,NDLS
11.88,11.88,11.86,11.86,300,2021-09-30 19:38:00,NDLS
11.855,11.855,11.855,11.855,200,2021-09-30 19:39:00,NDLS
11.86,11.86,11.84,11.85,1100,2021-09-30 19:42:00,NDLS
11.83,11.83,11.83,11.83,300,2021-09-30 19:43:00,NDLS
11.82,11.82,11.82,11.82,200,2021-09-30 19:44:00,NDLS
11.824,11.824,11.81,11.81,1132,2021-09-30 19:45:00,NDLS
11.805,11.805,11.805,11.805,200,2021-09-30 19:46:00,NDLS
11.81,11.81,11.81,11.81,100,2021-09-30 19:47:00,NDLS
11.81,11.81,11.81,11.81,200,2021-09-30 19:48:00,NDLS
11.81,11.81,11.79,11.79,800,2021-09-30 19:49:00,NDLS
11.79,11.79,11.76,11.76,1100,2021-09-30 19:50:00,NDLS
11.75,11.75,11.74,11.74,400,2021-09-30 19:51:00,NDLS
11.74,11.77,11.74,11.76,2528,2021-09-30 19:52:00,NDLS
11.75,11.78,11.75,11.76,1997,2021-09-30 19:53:00,NDLS
11.785,11.79,11.78,11.78,1335,2021-09-30 19:54:00,NDLS
11.775,11.775,11.76,11.77,800,2021-09-30 19:55:00,NDLS
11.77,11.78,11.77,11.78,1100,2021-09-30 19:56:00,NDLS
11.78,11.83,11.76,11.83,5881,2021-09-30 19:57:00,NDLS
11.815,11.845,11.815,11.83,3050,2021-09-30 19:58:00,NDLS
11.83,11.84,11.81,11.81,3047,2021-09-30 19:59:00,NDLS
11.8,11.8,11.8,11.8,33198,2021-09-30 20:00:00,NDLS
11.94,11.94,11.94,11.94,2309,2021-10-01 13:30:00,NDLS
12.015,12.015,12.015,12.015,100,2021-10-01 13:31:00,NDLS
12.055,12.055,12.055,12.055,100,2021-10-01 13:37:00,NDLS
12.005,12.005,12.005,12.005,500,2021-10-01 13:41:00,NDLS
11.93,11.93,11.93,11.93,100,2021-10-01 13:45:00,NDLS
11.92,11.92,11.92,11.92,100,2021-10-01 13:46:00,NDLS
11.93,11.93,11.93,11.93,100,2021-10-01 13:48:00,NDLS
11.8901,11.96,11.89,11.93,1900,2021-10-01 13:51:00,NDLS
11.93,11.93,11.9,11.93,1300,2021-10-01 13:52:00,NDLS
11.945,11.945,11.945,11.945,100,2021-10-01 13:53:00,NDLS
11.92,11.92,11.85,11.86,600,2021-10-01 13:55:00,NDLS
11.86,11.89,11.86,11.86,2905,2021-10-01 13:56:00,NDLS
11.86,11.86,11.86,11.86,200,2021-10-01 13:57:00,NDLS
11.86,11.86,11.86,11.86,100,2021-10-01 13:58:00,NDLS
11.85,11.85,11.85,11.85,100,2021-10-01 13:59:00,NDLS
11.85,11.91,11.85,11.91,2605,2021-10-01 14:00:00,NDLS
11.975,11.975,11.975,11.975,190,2021-10-01 14:06:00,NDLS
11.995,11.995,11.995,11.995,200,2021-10-01 14:07:00,NDLS
12.005,12.005,12.005,12.005,143,2021-10-01 14:08:00,NDLS
11.975,11.975,11.975,11.975,404,2021-10-01 14:13:00,NDLS
11.95,11.95,11.9,11.9,300,2021-10-01 14:15:00,NDLS
11.88,11.88,11.83,11.83,500,2021-10-01 14:18:00,NDLS
11.85,11.88,11.85,11.85,700,2021-10-01 14:19:00,NDLS
11.8301,11.8301,11.8301,11.8301,180,2021-10-01 14:20:00,NDLS
11.89,11.89,11.89,11.89,200,2021-10-01 14:23:00,NDLS
11.865,11.865,11.865,11.865,100,2021-10-01 14:26:00,NDLS
11.87,11.875,11.87,11.875,364,2021-10-01 14:28:00,NDLS
11.8936,11.8936,11.8936,11.8936,250,2021-10-01 14:31:00,NDLS
11.89,11.91,11.89,11.895,580,2021-10-01 14:32:00,NDLS
11.9,11.9,11.9,11.9,119,2021-10-01 14:35:00,NDLS
11.925,11.925,11.925,11.925,100,2021-10-01 14:38:00,NDLS
11.89,11.89,11.89,11.89,200,2021-10-01 14:39:00,NDLS
11.905,11.905,11.905,11.905,500,2021-10-01 14:48:00,NDLS
11.905,11.93,11.88,11.9,2360,2021-10-01 14:49:00,NDLS
11.88,11.88,11.875,11.875,500,2021-10-01 14:52:00,NDLS
11.885,11.885,11.885,11.885,100,2021-10-01 14:54:00,NDLS
11.885,11.89,11.885,11.89,556,2021-10-01 14:55:00,NDLS
11.89,11.905,11.89,11.9,1711,2021-10-01 14:56:00,NDLS
11.895,11.895,11.895,11.895,219,2021-10-01 14:57:00,NDLS
11.895,11.895,11.895,11.895,200,2021-10-01 14:58:00,NDLS
11.895,11.895,11.895,11.895,100,2021-10-01 15:00:00,NDLS
11.895,11.895,11.895,11.895,200,2021-10-01 15:01:00,NDLS
11.895,11.915,11.86,11.87,2455,2021-10-01 15:02:00,NDLS
11.86,11.86,11.86,11.86,100,2021-10-01 15:05:00,NDLS
11.845,11.845,11.845,11.845,100,2021-10-01 15:06:00,NDLS
11.845,11.845,11.845,11.845,100,2021-10-01 15:07:00,NDLS
11.822,11.822,11.822,11.822,100,2021-10-01 15:08:00,NDLS
11.835,11.855,11.835,11.845,1500,2021-10-01 15:13:00,NDLS
11.865,11.865,11.865,11.865,300,2021-10-01 15:14:00,NDLS
11.865,11.865,11.865,11.865,100,2021-10-01 15:15:00,NDLS
11.85,11.85,11.84,11.85,500,2021-10-01 15:17:00,NDLS
11.87,11.88,11.865,11.875,400,2021-10-01 15:19:00,NDLS
11.87,11.87,11.87,11.87,300,2021-10-01 15:20:00,NDLS
11.86,11.86,11.855,11.855,400,2021-10-01 15:21:00,NDLS
11.875,11.905,11.875,11.905,3260,2021-10-01 15:24:00,NDLS
11.905,11.905,11.905,11.905,100,2021-10-01 15:25:00,NDLS
11.905,11.915,11.905,11.915,200,2021-10-01 15:26:00,NDLS
11.91,11.91,11.91,11.91,100,2021-10-01 15:29:00,NDLS
11.91,11.91,11.89,11.9,2134,2021-10-01 15:30:00,NDLS
11.895,11.9,11.895,11.9,300,2021-10-01 15:31:00,NDLS
11.905,11.905,11.905,11.905,100,2021-10-01 15:32:00,NDLS
11.905,11.905,11.905,11.905,200,2021-10-01 15:36:00,NDLS
11.905,11.905,11.905,11.905,800,2021-10-01 15:38:00,NDLS
11.905,11.905,11.905,11.905,100,2021-10-01 15:39:00,NDLS
11.905,11.905,11.905,11.905,100,2021-10-01 15:41:00,NDLS
11.905,11.905,11.9,11.905,1567,2021-10-01 15:42:00,NDLS
11.905,11.905,11.905,11.905,100,2021-10-01 15:43:00,NDLS
11.915,11.915,11.91,11.91,700,2021-10-01 15:46:00,NDLS
11.9,11.9,11.9,11.9,100,2021-10-01 15:47:00,NDLS
11.89,11.89,11.89,11.89,131,2021-10-01 15:48:00,NDLS
11.89,11.89,11.89,11.89,100,2021-10-01 15:49:00,NDLS
11.895,11.895,11.895,11.895,200,2021-10-01 15:52:00,NDLS
11.895,11.91,11.895,11.91,300,2021-10-01 15:56:00,NDLS
11.895,11.9,11.895,11.9,967,2021-10-01 15:59:00,NDLS
11.9,11.9,11.89,11.895,300,2021-10-01 16:00:00,NDLS
11.88,11.88,11.88,11.88,700,2021-10-01 16:04:00,NDLS
11.885,11.885,11.885,11.885,100,2021-10-01 16:06:00,NDLS
11.89,11.89,11.89,11.89,1232,2021-10-01 16:08:00,NDLS
11.88,11.88,11.88,11.88,200,2021-10-01 16:10:00,NDLS
11.88,11.88,11.88,11.88,100,2021-10-01 16:15:00,NDLS
11.9,11.9,11.9,11.9,100,2021-10-01 16:17:00,NDLS
11.9,11.9,11.89,11.89,200,2021-10-01 16:19:00,NDLS
11.895,11.9,11.895,11.895,1696,2021-10-01 16:20:00,NDLS
11.895,11.9,11.895,11.9,448,2021-10-01 16:21:00,NDLS
11.91,11.91,11.91,11.91,100,2021-10-01 16:22:00,NDLS
11.935,11.935,11.935,11.935,1000,2021-10-01 16:24:00,NDLS
11.94,11.94,11.94,11.94,200,2021-10-01 16:38:00,NDLS
11.94,11.94,11.94,11.94,400,2021-10-01 16:42:00,NDLS
11.94,11.94,11.94,11.94,300,2021-10-01 16:45:00,NDLS
11.93,11.93,11.93,11.93,100,2021-10-01 16:46:00,NDLS
11.94,11.94,11.94,11.94,500,2021-10-01 16:50:00,NDLS
11.92,11.92,11.915,11.915,2000,2021-10-01 16:52:00,NDLS
11.91,11.91,11.87,11.905,1845,2021-10-01 16:53:00,NDLS
11.88,11.88,11.88,11.88,400,2021-10-01 17:00:00,NDLS
11.9,11.9125,11.89,11.9125,1539,2021-10-01 17:02:00,NDLS
11.9,11.9,11.9,11.9,100,2021-10-01 17:05:00,NDLS
11.9,11.9,11.9,11.9,100,2021-10-01 17:06:00,NDLS
11.9075,11.92,11.9075,11.92,200,2021-10-01 17:07:00,NDLS
11.975,11.975,11.975,11.975,100,2021-10-01 17:11:00,NDLS
11.98,11.98,11.98,11.98,114,2021-10-01 17:13:00,NDLS
12.02,12.02,12.02,12.02,100,2021-10-01 17:15:00,NDLS
12.025,12.025,12.025,12.025,100,2021-10-01 17:18:00,NDLS
12.0327,12.0327,12.03,12.03,415,2021-10-01 17:20:00,NDLS
12.03,12.03,12.03,12.03,100,2021-10-01 17:21:00,NDLS
12.035,12.035,12.035,12.035,100,2021-10-01 17:23:00,NDLS
12.035,12.035,12.035,12.035,100,2021-10-01 17:26:00,NDLS
12.0,12.0,11.99,11.99,200,2021-10-01 17:27:00,NDLS
12.035,12.035,12.035,12.035,100,2021-10-01 17:29:00,NDLS
12.05,12.05,12.05,12.05,100,2021-10-01 17:31:00,NDLS
12.055,12.055,12.055,12.055,100,2021-10-01 17:32:00,NDLS
12.065,12.08,12.065,12.075,1100,2021-10-01 17:34:00,NDLS
12.075,12.075,12.075,12.075,100,2021-10-01 17:38:00,NDLS
12.075,12.0875,12.075,12.075,500,2021-10-01 17:39:00,NDLS
12.05,12.075,12.05,12.075,54300,2021-10-01 17:40:00,NDLS
12.05,12.075,12.05,12.075,5100,2021-10-01 17:41:00,NDLS
12.05,12.05,12.05,12.05,100,2021-10-01 17:44:00,NDLS
12.05,12.05,12.05,12.05,100,2021-10-01 17:46:00,NDLS
12.1,12.12,12.075,12.115,16848,2021-10-01 17:47:00,NDLS
12.135,12.135,12.11,12.11,400,2021-10-01 17:48:00,NDLS
12.14,12.14,12.11,12.11,400,2021-10-01 17:49:00,NDLS
12.14,12.14,12.14,12.14,100,2021-10-01 17:50:00,NDLS
12.14,12.14,12.11,12.12,1700,2021-10-01 17:51:00,NDLS
12.14,12.14,12.115,12.125,1000,2021-10-01 17:53:00,NDLS
12.15,12.15,12.125,12.14,1000,2021-10-01 17:54:00,NDLS
12.14,12.14,12.14,12.14,100,2021-10-01 17:55:00,NDLS
12.14,12.14,12.12,12.13,2808,2021-10-01 17:56:00,NDLS
12.135,12.135,12.12,12.12,1300,2021-10-01 17:57:00,NDLS
12.12,12.12,12.12,12.12,200,2021-10-01 17:58:00,NDLS
12.12,12.12,12.12,12.12,100,2021-10-01 17:59:00,NDLS
12.155,12.155,12.155,12.155,100,2021-10-01 18:04:00,NDLS
12.16,12.16,12.16,12.16,100,2021-10-01 18:05:00,NDLS
12.16,12.16,12.15,12.15,700,2021-10-01 18:06:00,NDLS
12.14,12.14,12.14,12.14,900,2021-10-01 18:07:00,NDLS
12.12,12.12,12.12,12.12,100,2021-10-01 18:10:00,NDLS
12.11,12.11,12.11,12.11,100,2021-10-01 18:12:00,NDLS
12.11,12.1375,12.11,12.1375,400,2021-10-01 18:13:00,NDLS
12.11,12.14,12.1,12.1,1200,2021-10-01 18:14:00,NDLS
12.08,12.1,12.08,12.08,1007,2021-10-01 18:16:00,NDLS
12.1,12.11,12.1,12.1,500,2021-10-01 18:19:00,NDLS
12.1,12.13,12.1,12.1,1100,2021-10-01 18:20:00,NDLS
12.11,12.11,12.07,12.09,600,2021-10-01 18:21:00,NDLS
12.1,12.1,12.08,12.08,200,2021-10-01 18:23:00,NDLS
12.125,12.125,12.125,12.125,100,2021-10-01 18:24:00,NDLS
12.1,12.13,12.1,12.13,800,2021-10-01 18:26:00,NDLS
12.1,12.13,12.1,12.1,400,2021-10-01 18:27:00,NDLS
12.1,12.11,12.1,12.11,5700,2021-10-01 18:28:00,NDLS
12.09,12.1,12.09,12.1,200,2021-10-01 18:29:00,NDLS
12.13,12.13,12.09,12.09,300,2021-10-01 18:30:00,NDLS
12.13,12.13,12.09,12.13,500,2021-10-01 18:31:00,NDLS
12.13,12.13,12.13,12.13,200,2021-10-01 18:32:00,NDLS
12.125,12.125,12.125,12.125,200,2021-10-01 18:33:00,NDLS
12.125,12.13,12.1,12.13,400,2021-10-01 18:34:00,NDLS
12.13,12.13,12.09,12.1,400,2021-10-01 18:35:00,NDLS
12.125,12.13,12.125,12.13,300,2021-10-01 18:36:00,NDLS
12.13,12.13,12.09,12.115,1100,2021-10-01 18:37:00,NDLS
12.09,12.09,12.09,12.09,320,2021-10-01 18:38:00,NDLS
12.1,12.1,12.09,12.1,900,2021-10-01 18:40:00,NDLS
12.1,12.13,12.1,12.125,500,2021-10-01 18:41:00,NDLS
12.125,12.15,12.12,12.14,420,2021-10-01 18:43:00,NDLS
12.15,12.15,12.13,12.13,753,2021-10-01 18:44:00,NDLS
12.13,12.13,12.1,12.12,861,2021-10-01 18:46:00,NDLS
12.14,12.15,12.11,12.135,1500,2021-10-01 18:47:00,NDLS
12.135,12.135,12.135,12.135,100,2021-10-01 18:48:00,NDLS
12.12,12.12,12.11,12.11,601,2021-10-01 18:49:00,NDLS
12.1125,12.1125,12.105,12.105,507,2021-10-01 18:50:00,NDLS
12.09,12.09,12.09,12.09,800,2021-10-01 18:52:00,NDLS
12.09,12.09,12.09,12.09,200,2021-10-01 18:53:00,NDLS
12.09,12.09,12.09,12.09,100,2021-10-01 18:54:00,NDLS
12.1,12.11,12.095,12.1,2649,2021-10-01 18:55:00,NDLS
12.09,12.09,12.08,12.08,1272,2021-10-01 18:56:00,NDLS
12.08,12.08,12.06,12.06,200,2021-10-01 18:57:00,NDLS
12.08,12.08,12.065,12.075,1000,2021-10-01 18:59:00,NDLS
12.08,12.08,12.08,12.08,100,2021-10-01 19:00:00,NDLS
12.1,12.1,12.1,12.1,100,2021-10-01 19:02:00,NDLS
12.08,12.08,12.07,12.07,500,2021-10-01 19:03:00,NDLS
12.085,12.085,12.085,12.085,100,2021-10-01 19:04:00,NDLS
12.085,12.1,12.06,12.1,1100,2021-10-01 19:05:00,NDLS
12.095,12.11,12.08,12.11,700,2021-10-01 19:08:00,NDLS
12.08,12.11,12.08,12.095,600,2021-10-01 19:09:00,NDLS
12.1,12.1,12.1,12.1,200,2021-10-01 19:10:00,NDLS
12.08,12.11,12.08,12.1,1280,2021-10-01 19:12:00,NDLS
12.12,12.12,12.065,12.065,2220,2021-10-01 19:13:00,NDLS
12.09,12.09,12.07,12.07,1200,2021-10-01 19:15:00,NDLS
12.085,12.085,12.085,12.085,100,2021-10-01 19:16:00,NDLS
12.085,12.085,12.05,12.05,600,2021-10-01 19:18:00,NDLS
12.05,12.05,12.05,12.05,100,2021-10-01 19:19:00,NDLS
12.05,12.05,12.05,12.05,200,2021-10-01 19:20:00,NDLS
12.05,12.05,12.03,12.03,500,2021-10-01 19:21:00,NDLS
12.03,12.05,12.03,12.04,1800,2021-10-01 19:22:00,NDLS
12.03,12.035,12.03,12.035,300,2021-10-01 19:23:00,NDLS
12.035,12.035,12.035,12.035,300,2021-10-01 19:24:00,NDLS
12.02,12.035,12.02,12.02,1300,2021-10-01 19:25:00,NDLS
12.02,12.02,12.02,12.02,100,2021-10-01 19:26:00,NDLS
12.02,12.035,12.01,12.01,885,2021-10-01 19:28:00,NDLS
12.03,12.03,12.01,12.01,800,2021-10-01 19:29:00,NDLS
12.0,12.0,12.0,12.0,600,2021-10-01 19:30:00,NDLS
12.015,12.015,11.98,11.98,1035,2021-10-01 19:31:00,NDLS
11.995,12.0,11.96,11.96,700,2021-10-01 19:32:00,NDLS
12.0,12.0,11.98,12.0,520,2021-10-01 19:33:00,NDLS
11.97,11.995,11.97,11.99,700,2021-10-01 19:34:00,NDLS
11.99,12.005,11.99,12.005,527,2021-10-01 19:35:00,NDLS
11.99,11.99,11.97,11.97,900,2021-10-01 19:36:00,NDLS
11.99,11.99,11.97,11.97,200,2021-10-01 19:37:00,NDLS
11.99,12.03,11.99,12.01,3300,2021-10-01 19:38:00,NDLS
12.01,12.01,12.01,12.01,674,2021-10-01 19:39:00,NDLS
12.02,12.02,12.02,12.02,100,2021-10-01 19:40:00,NDLS
12.01,12.01,11.99,12.005,1000,2021-10-01 19:41:00,NDLS
12.005,12.005,11.99,11.99,2000,2021-10-01 19:42:00,NDLS
12.005,12.005,11.99,12.005,304,2021-10-01 19:43:00,NDLS
12.005,12.005,11.99,11.99,317,2021-10-01 19:44:00,NDLS
11.99,12.005,11.99,12.005,1300,2021-10-01 19:45:00,NDLS
12.005,12.005,11.99,12.0,3075,2021-10-01 19:46:00,NDLS
12.0,12.005,11.99,12.005,1710,2021-10-01 19:47:00,NDLS
12.0025,12.0088,12.0025,12.0088,600,2021-10-01 19:48:00,NDLS
11.99,12.0,11.99,12.0,1400,2021-10-01 19:49:00,NDLS
11.995,12.0092,11.97,11.98,2300,2021-10-01 19:50:00,NDLS
11.975,11.9894,11.97,11.975,2144,2021-10-01 19:51:00,NDLS
11.975,11.975,11.96,11.975,2517,2021-10-01 19:52:00,NDLS
11.97,11.97,11.97,11.97,228,2021-10-01 19:53:00,NDLS
11.97,11.97,11.94,11.94,1948,2021-10-01 19:54:00,NDLS
11.95,11.96,11.9,11.935,1933,2021-10-01 19:55:00,NDLS
11.935,11.96,11.9,11.925,7932,2021-10-01 19:56:00,NDLS
11.93,11.93,11.87,11.9,4013,2021-10-01 19:57:00,NDLS
11.895,11.94,11.89,11.93,3129,2021-10-01 19:58:00,NDLS
11.93,11.97,11.93,11.965,3298,2021-10-01 19:59:00,NDLS
11.97,11.97,11.97,11.97,31854,2021-10-01 20:00:00,NDLS
11.95,11.95,11.95,11.95,300,2021-10-01 20:18:00,NDLS
