open,high,low,close,volume,datetime,symbol
8.38,8.38,8.38,8.38,100,2021-08-23 11:00:00,SRNE
8.39,8.39,8.39,8.39,200,2021-08-23 11:07:00,SRNE
8.41,8.41,8.41,8.41,100,2021-08-23 11:21:00,SRNE
8.4,8.4,8.4,8.4,300,2021-08-23 11:22:00,SRNE
8.4,8.4,8.4,8.4,415,2021-08-23 12:02:00,SRNE
8.4,8.4,8.4,8.4,4937,2021-08-23 12:04:00,SRNE
8.38,8.38,8.38,8.38,200,2021-08-23 12:05:00,SRNE
8.38,8.38,8.3501,8.3501,10363,2021-08-23 12:06:00,SRNE
8.3501,8.3501,8.3501,8.3501,100,2021-08-23 12:08:00,SRNE
8.39,8.39,8.39,8.39,200,2021-08-23 12:10:00,SRNE
8.38,8.38,8.38,8.38,3000,2021-08-23 12:16:00,SRNE
8.4,8.4,8.39,8.39,500,2021-08-23 12:31:00,SRNE
8.41,8.41,8.4,8.4,337,2021-08-23 12:37:00,SRNE
8.4,8.4,8.4,8.4,2500,2021-08-23 12:38:00,SRNE
8.4,8.4,8.39,8.39,500,2021-08-23 12:39:00,SRNE
8.38,8.38,8.38,8.38,200,2021-08-23 12:46:00,SRNE
8.37,8.37,8.37,8.37,215,2021-08-23 12:48:00,SRNE
8.37,8.37,8.37,8.37,500,2021-08-23 12:52:00,SRNE
8.38,8.38,8.38,8.38,1000,2021-08-23 12:55:00,SRNE
8.38,8.38,8.38,8.38,200,2021-08-23 12:56:00,SRNE
8.38,8.38,8.38,8.38,700,2021-08-23 12:59:00,SRNE
8.38,8.38,8.38,8.38,912,2021-08-23 13:03:00,SRNE
8.41,8.41,8.41,8.41,1000,2021-08-23 13:04:00,SRNE
8.43,8.75,8.43,8.47,5193,2021-08-23 13:06:00,SRNE
8.47,8.47,8.47,8.47,500,2021-08-23 13:07:00,SRNE
8.46,8.46,8.45,8.45,494,2021-08-23 13:08:00,SRNE
8.46,8.46,8.46,8.46,150,2021-08-23 13:14:00,SRNE
8.4,8.4,8.4,8.4,184,2021-08-23 13:16:00,SRNE
8.43,8.43,8.43,8.43,150,2021-08-23 13:17:00,SRNE
8.43,8.43,8.43,8.43,600,2021-08-23 13:24:00,SRNE
8.39,8.39,8.35,8.35,2636,2021-08-23 13:25:00,SRNE
8.36,8.4199,8.32,8.36,72709,2021-08-23 13:30:00,SRNE
8.36,8.36,8.34,8.35,2862,2021-08-23 13:31:00,SRNE
8.35,8.35,8.29,8.35,17376,2021-08-23 13:32:00,SRNE
8.36,8.3761,8.351,8.3761,7479,2021-08-23 13:33:00,SRNE
8.361,8.45,8.36,8.45,7280,2021-08-23 13:34:00,SRNE
8.44,8.46,8.42,8.44,22211,2021-08-23 13:35:00,SRNE
8.4324,8.44,8.4,8.4201,24970,2021-08-23 13:36:00,SRNE
8.43,8.47,8.405,8.46,27712,2021-08-23 13:37:00,SRNE
8.46,8.46,8.44,8.44,2452,2021-08-23 13:38:00,SRNE
8.4231,8.43,8.42,8.43,9607,2021-08-23 13:39:00,SRNE
8.43,8.5,8.43,8.49,15445,2021-08-23 13:40:00,SRNE
8.49,8.51,8.4738,8.495,36472,2021-08-23 13:41:00,SRNE
8.49,8.49,8.465,8.47,10314,2021-08-23 13:42:00,SRNE
8.48,8.5,8.48,8.495,16886,2021-08-23 13:43:00,SRNE
8.5,8.52,8.495,8.52,17441,2021-08-23 13:44:00,SRNE
8.52,8.54,8.51,8.529,18189,2021-08-23 13:45:00,SRNE
8.53,8.54,8.5213,8.5349,33306,2021-08-23 13:46:00,SRNE
8.54,8.55,8.53,8.55,40075,2021-08-23 13:47:00,SRNE
8.545,8.58,8.545,8.575,16204,2021-08-23 13:48:00,SRNE
8.57,8.61,8.57,8.61,17306,2021-08-23 13:49:00,SRNE
8.6,8.65,8.595,8.65,26910,2021-08-23 13:50:00,SRNE
8.65,8.66,8.62,8.66,27406,2021-08-23 13:51:00,SRNE
8.655,8.67,8.645,8.6636,38626,2021-08-23 13:52:00,SRNE
8.6676,8.6676,8.63,8.63,54861,2021-08-23 13:53:00,SRNE
8.62,8.67,8.62,8.6625,17091,2021-08-23 13:54:00,SRNE
8.6614,8.6614,8.6212,8.645,13928,2021-08-23 13:55:00,SRNE
8.645,8.66,8.6221,8.655,14788,2021-08-23 13:56:00,SRNE
8.651,8.651,8.61,8.63,26492,2021-08-23 13:57:00,SRNE
8.63,8.656,8.63,8.65,19382,2021-08-23 13:58:00,SRNE
8.65,8.65,8.635,8.65,13921,2021-08-23 13:59:00,SRNE
8.655,8.665,8.65,8.66,14450,2021-08-23 14:00:00,SRNE
8.655,8.66,8.6,8.62,75104,2021-08-23 14:01:00,SRNE
8.6212,8.6372,8.61,8.61,56645,2021-08-23 14:02:00,SRNE
8.6108,8.645,8.61,8.64,17819,2021-08-23 14:03:00,SRNE
8.6401,8.65,8.64,8.6401,7638,2021-08-23 14:04:00,SRNE
8.64,8.655,8.63,8.65,18115,2021-08-23 14:05:00,SRNE
8.6582,8.6911,8.65,8.685,49129,2021-08-23 14:06:00,SRNE
8.69,8.69,8.67,8.68,19119,2021-08-23 14:07:00,SRNE
8.68,8.685,8.67,8.6718,6480,2021-08-23 14:08:00,SRNE
8.67,8.715,8.66,8.7001,42731,2021-08-23 14:09:00,SRNE
8.71,8.7112,8.69,8.7001,12083,2021-08-23 14:10:00,SRNE
8.7014,8.74,8.7,8.74,36971,2021-08-23 14:11:00,SRNE
8.74,8.75,8.735,8.7401,15127,2021-08-23 14:12:00,SRNE
8.74,8.75,8.73,8.74,41188,2021-08-23 14:13:00,SRNE
8.741,8.75,8.74,8.745,2998,2021-08-23 14:14:00,SRNE
8.74,8.7417,8.72,8.7417,24250,2021-08-23 14:15:00,SRNE
8.745,8.7891,8.74,8.775,39739,2021-08-23 14:16:00,SRNE
8.77,8.775,8.7501,8.765,13030,2021-08-23 14:17:00,SRNE
8.77,8.77,8.75,8.76,10768,2021-08-23 14:18:00,SRNE
8.755,8.7599,8.733,8.733,8674,2021-08-23 14:19:00,SRNE
8.735,8.745,8.71,8.715,21200,2021-08-23 14:20:00,SRNE
8.7114,8.72,8.695,8.71,50077,2021-08-23 14:21:00,SRNE
8.71,8.7408,8.7,8.7401,22019,2021-08-23 14:22:00,SRNE
8.74,8.76,8.74,8.75,8558,2021-08-23 14:23:00,SRNE
8.755,8.77,8.755,8.7623,18780,2021-08-23 14:24:00,SRNE
8.765,8.7811,8.76,8.7811,26342,2021-08-23 14:25:00,SRNE
8.785,8.8,8.785,8.8,27719,2021-08-23 14:26:00,SRNE
8.7901,8.8,8.79,8.795,7620,2021-08-23 14:27:00,SRNE
8.8,8.84,8.795,8.82,111298,2021-08-23 14:28:00,SRNE
8.82,8.82,8.79,8.81,59980,2021-08-23 14:29:00,SRNE
8.82,8.83,8.8,8.8078,34137,2021-08-23 14:30:00,SRNE
8.805,8.805,8.79,8.7907,8000,2021-08-23 14:31:00,SRNE
8.7914,8.7914,8.76,8.7799,16056,2021-08-23 14:32:00,SRNE
8.7754,8.78,8.76,8.76,21591,2021-08-23 14:33:00,SRNE
8.7606,8.785,8.755,8.77,30201,2021-08-23 14:34:00,SRNE
8.77,8.78,8.76,8.775,8003,2021-08-23 14:35:00,SRNE
8.79,8.805,8.785,8.795,33353,2021-08-23 14:36:00,SRNE
8.795,8.8,8.785,8.7932,11004,2021-08-23 14:37:00,SRNE
8.8,8.805,8.79,8.795,5991,2021-08-23 14:38:00,SRNE
8.795,8.8,8.77,8.78,14021,2021-08-23 14:39:00,SRNE
8.785,8.815,8.785,8.81,8476,2021-08-23 14:40:00,SRNE
8.815,8.83,8.8014,8.8201,9492,2021-08-23 14:41:00,SRNE
8.825,8.84,8.82,8.84,29700,2021-08-23 14:42:00,SRNE
8.835,8.85,8.835,8.845,57729,2021-08-23 14:43:00,SRNE
8.84,8.85,8.83,8.835,22966,2021-08-23 14:44:00,SRNE
8.835,8.8481,8.82,8.82,21694,2021-08-23 14:45:00,SRNE
8.815,8.82,8.81,8.82,7543,2021-08-23 14:46:00,SRNE
8.83,8.83,8.815,8.8207,15095,2021-08-23 14:47:00,SRNE
8.83,8.84,8.8232,8.84,30003,2021-08-23 14:48:00,SRNE
8.8401,8.85,8.84,8.84,21773,2021-08-23 14:49:00,SRNE
8.85,8.86,8.85,8.85,13953,2021-08-23 14:50:00,SRNE
8.86,8.8699,8.855,8.86,14821,2021-08-23 14:51:00,SRNE
8.8694,8.8694,8.84,8.857,20103,2021-08-23 14:52:00,SRNE
8.85,8.86,8.83,8.8401,36504,2021-08-23 14:53:00,SRNE
8.84,8.84,8.825,8.83,8772,2021-08-23 14:54:00,SRNE
8.831,8.833,8.83,8.833,9348,2021-08-23 14:55:00,SRNE
8.83,8.83,8.81,8.82,8946,2021-08-23 14:56:00,SRNE
8.8128,8.82,8.8,8.81,18669,2021-08-23 14:57:00,SRNE
8.8,8.81,8.78,8.81,31354,2021-08-23 14:58:00,SRNE
8.8031,8.82,8.8001,8.82,1980,2021-08-23 14:59:00,SRNE
8.82,8.82,8.81,8.81,19335,2021-08-23 15:00:00,SRNE
8.8,8.81,8.7985,8.81,6163,2021-08-23 15:01:00,SRNE
8.815,8.815,8.81,8.81,1998,2021-08-23 15:02:00,SRNE
8.8142,8.83,8.8142,8.83,7950,2021-08-23 15:03:00,SRNE
8.8201,8.83,8.8201,8.825,3601,2021-08-23 15:04:00,SRNE
8.82,8.83,8.8123,8.8215,7455,2021-08-23 15:05:00,SRNE
8.82,8.8229,8.82,8.8229,400,2021-08-23 15:06:00,SRNE
8.8292,8.8299,8.81,8.82,12578,2021-08-23 15:07:00,SRNE
8.815,8.815,8.78,8.7815,13140,2021-08-23 15:08:00,SRNE
8.7801,8.79,8.78,8.79,5783,2021-08-23 15:09:00,SRNE
8.79,8.8027,8.78,8.8,32759,2021-08-23 15:10:00,SRNE
8.8,8.8,8.7901,8.795,550,2021-08-23 15:11:00,SRNE
8.7999,8.8,8.795,8.795,1300,2021-08-23 15:12:00,SRNE
8.8,8.81,8.7997,8.81,12100,2021-08-23 15:13:00,SRNE
8.8016,8.81,8.78,8.785,28626,2021-08-23 15:14:00,SRNE
8.79,8.795,8.78,8.7819,6847,2021-08-23 15:15:00,SRNE
8.78,8.78,8.76,8.78,18348,2021-08-23 15:16:00,SRNE
8.79,8.79,8.775,8.78,1250,2021-08-23 15:17:00,SRNE
8.78,8.7874,8.78,8.7874,2914,2021-08-23 15:18:00,SRNE
8.7861,8.8,8.78,8.8,3105,2021-08-23 15:19:00,SRNE
8.7972,8.8,8.78,8.785,2631,2021-08-23 15:20:00,SRNE
8.785,8.7922,8.78,8.7922,10434,2021-08-23 15:21:00,SRNE
8.7913,8.795,8.7828,8.789,4025,2021-08-23 15:22:00,SRNE
8.785,8.785,8.7713,8.775,10325,2021-08-23 15:23:00,SRNE
8.775,8.78,8.775,8.775,5218,2021-08-23 15:24:00,SRNE
8.78,8.78,8.77,8.7799,4800,2021-08-23 15:25:00,SRNE
8.775,8.79,8.76,8.79,9528,2021-08-23 15:26:00,SRNE
8.79,8.79,8.78,8.78,2328,2021-08-23 15:27:00,SRNE
8.775,8.775,8.7631,8.7631,2609,2021-08-23 15:28:00,SRNE
8.7628,8.77,8.75,8.7516,23504,2021-08-23 15:29:00,SRNE
8.75,8.755,8.7113,8.735,35402,2021-08-23 15:30:00,SRNE
8.73,8.735,8.73,8.735,4381,2021-08-23 15:31:00,SRNE
8.7313,8.735,8.73,8.73,2000,2021-08-23 15:32:00,SRNE
8.735,8.74,8.73,8.7301,13209,2021-08-23 15:33:00,SRNE
8.735,8.75,8.735,8.75,7319,2021-08-23 15:34:00,SRNE
8.74,8.7478,8.73,8.73,9600,2021-08-23 15:35:00,SRNE
8.745,8.75,8.74,8.74,2062,2021-08-23 15:36:00,SRNE
8.735,8.735,8.725,8.7301,8747,2021-08-23 15:37:00,SRNE
8.73,8.7399,8.72,8.7399,14197,2021-08-23 15:38:00,SRNE
8.735,8.7399,8.73,8.7301,4891,2021-08-23 15:39:00,SRNE
8.74,8.74,8.7373,8.7373,400,2021-08-23 15:40:00,SRNE
8.74,8.745,8.73,8.745,13274,2021-08-23 15:41:00,SRNE
8.745,8.7574,8.74,8.7574,30194,2021-08-23 15:42:00,SRNE
8.76,8.76,8.76,8.76,1685,2021-08-23 15:43:00,SRNE
8.76,8.77,8.75,8.75,42227,2021-08-23 15:44:00,SRNE
8.745,8.7494,8.74,8.745,14331,2021-08-23 15:45:00,SRNE
8.745,8.745,8.74,8.745,1760,2021-08-23 15:46:00,SRNE
8.75,8.76,8.745,8.755,13068,2021-08-23 15:47:00,SRNE
8.76,8.775,8.75,8.77,4987,2021-08-23 15:48:00,SRNE
8.775,8.8,8.775,8.8,8185,2021-08-23 15:49:00,SRNE
8.8,8.8,8.79,8.8,2272,2021-08-23 15:50:00,SRNE
8.795,8.8,8.795,8.8,5120,2021-08-23 15:51:00,SRNE
8.795,8.8,8.79,8.8,500,2021-08-23 15:52:00,SRNE
8.8,8.8,8.79,8.795,1700,2021-08-23 15:53:00,SRNE
8.7909,8.8,8.78,8.78,4450,2021-08-23 15:54:00,SRNE
8.785,8.79,8.7829,8.79,3036,2021-08-23 15:55:00,SRNE
8.8,8.83,8.79,8.82,58740,2021-08-23 15:56:00,SRNE
8.8204,8.83,8.82,8.8201,16579,2021-08-23 15:57:00,SRNE
8.83,8.84,8.82,8.835,13558,2021-08-23 15:58:00,SRNE
8.835,8.84,8.82,8.82,12516,2021-08-23 15:59:00,SRNE
8.82,8.8384,8.82,8.83,7888,2021-08-23 16:00:00,SRNE
8.8273,8.835,8.82,8.835,3641,2021-08-23 16:01:00,SRNE
8.8301,8.835,8.8301,8.8307,3450,2021-08-23 16:02:00,SRNE
8.833,8.84,8.83,8.83,710,2021-08-23 16:03:00,SRNE
8.84,8.84,8.83,8.8301,10164,2021-08-23 16:04:00,SRNE
8.83,8.83,8.82,8.8286,9762,2021-08-23 16:05:00,SRNE
8.82,8.83,8.82,8.83,8184,2021-08-23 16:06:00,SRNE
8.835,8.84,8.8301,8.84,2421,2021-08-23 16:07:00,SRNE
8.83,8.835,8.82,8.825,21248,2021-08-23 16:08:00,SRNE
8.82,8.8273,8.82,8.8273,550,2021-08-23 16:09:00,SRNE
8.8201,8.83,8.8201,8.83,3110,2021-08-23 16:10:00,SRNE
8.82,8.828,8.82,8.828,5800,2021-08-23 16:11:00,SRNE
8.8232,8.83,8.81,8.81,8648,2021-08-23 16:12:00,SRNE
8.81,8.812,8.81,8.81,3300,2021-08-23 16:13:00,SRNE
8.8185,8.835,8.8101,8.83,24083,2021-08-23 16:14:00,SRNE
8.83,8.84,8.83,8.835,2140,2021-08-23 16:15:00,SRNE
8.8315,8.84,8.83,8.83,3000,2021-08-23 16:16:00,SRNE
8.84,8.84,8.83,8.835,1826,2021-08-23 16:17:00,SRNE
8.84,8.84,8.82,8.82,8037,2021-08-23 16:18:00,SRNE
8.825,8.826,8.825,8.825,1412,2021-08-23 16:19:00,SRNE
8.825,8.8354,8.82,8.8322,9205,2021-08-23 16:20:00,SRNE
8.835,8.84,8.83,8.83,1500,2021-08-23 16:21:00,SRNE
8.84,8.845,8.83,8.84,16497,2021-08-23 16:22:00,SRNE
8.84,8.84,8.8307,8.8307,10774,2021-08-23 16:23:00,SRNE
8.8382,8.845,8.83,8.83,6300,2021-08-23 16:24:00,SRNE
8.83,8.83,8.8,8.81,37973,2021-08-23 16:25:00,SRNE
8.8045,8.8045,8.79,8.79,20696,2021-08-23 16:26:00,SRNE
8.79,8.7901,8.79,8.79,1300,2021-08-23 16:27:00,SRNE
8.795,8.8,8.79,8.79,9280,2021-08-23 16:28:00,SRNE
8.7901,8.8,8.79,8.79,7997,2021-08-23 16:29:00,SRNE
8.795,8.825,8.79,8.825,10738,2021-08-23 16:30:00,SRNE
8.8201,8.83,8.82,8.83,4799,2021-08-23 16:31:00,SRNE
8.84,8.85,8.83,8.85,11850,2021-08-23 16:32:00,SRNE
8.845,8.86,8.84,8.84,35381,2021-08-23 16:33:00,SRNE
8.85,8.86,8.84,8.86,7228,2021-08-23 16:34:00,SRNE
8.865,8.87,8.84,8.84,17029,2021-08-23 16:35:00,SRNE
8.84,8.84,8.83,8.835,3598,2021-08-23 16:36:00,SRNE
8.8301,8.85,8.83,8.841,7353,2021-08-23 16:37:00,SRNE
8.845,8.85,8.83,8.83,9050,2021-08-23 16:38:00,SRNE
8.8307,8.8307,8.82,8.82,1300,2021-08-23 16:39:00,SRNE
8.83,8.83,8.82,8.825,300,2021-08-23 16:40:00,SRNE
8.8205,8.825,8.81,8.82,6990,2021-08-23 16:41:00,SRNE
8.82,8.8401,8.82,8.84,19188,2021-08-23 16:42:00,SRNE
8.83,8.845,8.83,8.8427,1605,2021-08-23 16:43:00,SRNE
8.85,8.85,8.83,8.83,9608,2021-08-23 16:44:00,SRNE
8.83,8.835,8.83,8.835,2000,2021-08-23 16:45:00,SRNE
8.83,8.8377,8.83,8.8377,1240,2021-08-23 16:46:00,SRNE
8.84,8.84,8.8399,8.8399,1675,2021-08-23 16:47:00,SRNE
8.83,8.8375,8.83,8.8375,700,2021-08-23 16:48:00,SRNE
8.83,8.84,8.83,8.84,1000,2021-08-23 16:50:00,SRNE
8.84,8.845,8.84,8.84,10076,2021-08-23 16:51:00,SRNE
8.85,8.8675,8.845,8.86,39206,2021-08-23 16:52:00,SRNE
8.8525,8.87,8.8501,8.86,2255,2021-08-23 16:53:00,SRNE
8.865,8.87,8.86,8.87,9508,2021-08-23 16:54:00,SRNE
8.87,8.88,8.87,8.88,8522,2021-08-23 16:55:00,SRNE
8.87,8.9,8.87,8.89,83888,2021-08-23 16:56:00,SRNE
8.895,8.9,8.8718,8.8718,10951,2021-08-23 16:57:00,SRNE
8.872,8.875,8.87,8.8708,4600,2021-08-23 16:58:00,SRNE
8.87,8.87,8.86,8.8612,13824,2021-08-23 16:59:00,SRNE
8.865,8.89,8.86,8.88,10135,2021-08-23 17:00:00,SRNE
8.8891,8.89,8.885,8.89,11300,2021-08-23 17:01:00,SRNE
8.8877,8.89,8.875,8.8791,21970,2021-08-23 17:02:00,SRNE
8.8701,8.8701,8.86,8.86,11900,2021-08-23 17:03:00,SRNE
8.865,8.875,8.86,8.875,12937,2021-08-23 17:04:00,SRNE
8.87,8.89,8.87,8.89,4300,2021-08-23 17:05:00,SRNE
8.88,8.89,8.86,8.86,7588,2021-08-23 17:06:00,SRNE
8.861,8.865,8.86,8.865,915,2021-08-23 17:07:00,SRNE
8.865,8.87,8.86,8.86,3172,2021-08-23 17:08:00,SRNE
8.87,8.87,8.86,8.8602,3001,2021-08-23 17:09:00,SRNE
8.87,8.88,8.86,8.88,9936,2021-08-23 17:10:00,SRNE
8.88,8.89,8.88,8.89,2838,2021-08-23 17:11:00,SRNE
8.88,8.89,8.88,8.89,3480,2021-08-23 17:12:00,SRNE
8.885,8.89,8.88,8.89,3611,2021-08-23 17:13:00,SRNE
8.89,8.89,8.885,8.885,6176,2021-08-23 17:14:00,SRNE
8.8831,8.8881,8.88,8.8824,2278,2021-08-23 17:15:00,SRNE
8.885,8.9,8.885,8.9,3741,2021-08-23 17:16:00,SRNE
8.9,8.9,8.89,8.9,3400,2021-08-23 17:17:00,SRNE
8.9,8.91,8.89,8.895,26191,2021-08-23 17:18:00,SRNE
8.9,8.9,8.89,8.89,17282,2021-08-23 17:19:00,SRNE
8.9,8.9,8.89,8.9,4717,2021-08-23 17:20:00,SRNE
8.9,8.92,8.9,8.9155,10975,2021-08-23 17:21:00,SRNE
8.9101,8.925,8.91,8.92,27092,2021-08-23 17:22:00,SRNE
8.925,8.93,8.9227,8.93,7495,2021-08-23 17:23:00,SRNE
8.925,8.94,8.925,8.94,14318,2021-08-23 17:24:00,SRNE
8.94,8.95,8.935,8.95,13303,2021-08-23 17:25:00,SRNE
8.94,8.94,8.9301,8.9301,9650,2021-08-23 17:26:00,SRNE
8.94,8.94,8.935,8.935,2200,2021-08-23 17:27:00,SRNE
8.935,8.94,8.93,8.94,7486,2021-08-23 17:28:00,SRNE
8.95,8.96,8.94,8.96,24243,2021-08-23 17:29:00,SRNE
8.955,8.97,8.9501,8.97,64261,2021-08-23 17:30:00,SRNE
8.97,8.97,8.96,8.9601,3704,2021-08-23 17:31:00,SRNE
8.97,8.995,8.97,8.995,68452,2021-08-23 17:32:00,SRNE
8.9901,9.0,8.97,8.98,15196,2021-08-23 17:33:00,SRNE
8.97,8.9773,8.97,8.9701,2000,2021-08-23 17:34:00,SRNE
8.972,8.98,8.97,8.9727,2500,2021-08-23 17:35:00,SRNE
8.98,8.99,8.9701,8.99,6898,2021-08-23 17:36:00,SRNE
8.98,8.9885,8.96,8.9753,24679,2021-08-23 17:37:00,SRNE
8.975,8.98,8.97,8.973,6850,2021-08-23 17:38:00,SRNE
8.97,8.9701,8.95,8.96,19959,2021-08-23 17:39:00,SRNE
8.95,8.95,8.93,8.9422,14114,2021-08-23 17:40:00,SRNE
8.9301,8.96,8.93,8.95,13356,2021-08-23 17:41:00,SRNE
8.955,8.955,8.94,8.94,15326,2021-08-23 17:42:00,SRNE
8.955,8.9596,8.95,8.95,2900,2021-08-23 17:43:00,SRNE
8.955,8.97,8.955,8.97,3736,2021-08-23 17:44:00,SRNE
8.965,8.965,8.95,8.955,7959,2021-08-23 17:45:00,SRNE
8.96,8.965,8.95,8.96,7969,2021-08-23 17:46:00,SRNE
8.965,8.98,8.9601,8.97,5990,2021-08-23 17:47:00,SRNE
8.97,8.97,8.96,8.965,2632,2021-08-23 17:48:00,SRNE
8.9601,8.965,8.96,8.96,519,2021-08-23 17:49:00,SRNE
8.9626,8.97,8.96,8.965,2336,2021-08-23 17:50:00,SRNE
8.965,8.98,8.96,8.965,19124,2021-08-23 17:51:00,SRNE
8.965,8.9692,8.96,8.965,1041,2021-08-23 17:52:00,SRNE
8.9606,8.961,8.94,8.9501,18307,2021-08-23 17:53:00,SRNE
8.9501,8.955,8.94,8.94,9713,2021-08-23 17:54:00,SRNE
8.9412,8.945,8.94,8.94,3104,2021-08-23 17:55:00,SRNE
8.9401,8.945,8.93,8.93,6665,2021-08-23 17:56:00,SRNE
8.93,8.945,8.93,8.942,23904,2021-08-23 17:57:00,SRNE
8.9401,8.9489,8.94,8.9489,4450,2021-08-23 17:58:00,SRNE
8.95,8.95,8.93,8.93,9766,2021-08-23 17:59:00,SRNE
8.94,8.96,8.93,8.955,22148,2021-08-23 18:00:00,SRNE
8.95,8.96,8.95,8.955,1274,2021-08-23 18:01:00,SRNE
8.96,8.97,8.95,8.9679,13064,2021-08-23 18:02:00,SRNE
8.97,8.97,8.965,8.97,800,2021-08-23 18:03:00,SRNE
8.97,8.98,8.96,8.975,19303,2021-08-23 18:04:00,SRNE
8.98,8.995,8.975,8.99,27058,2021-08-23 18:05:00,SRNE
8.99,8.99,8.9801,8.99,2500,2021-08-23 18:06:00,SRNE
8.985,8.985,8.97,8.9704,17420,2021-08-23 18:07:00,SRNE
8.973,8.975,8.97,8.975,2661,2021-08-23 18:08:00,SRNE
8.97,8.971,8.96,8.96,12194,2021-08-23 18:09:00,SRNE
8.95,8.955,8.95,8.95,809,2021-08-23 18:10:00,SRNE
8.95,8.955,8.95,8.95,1900,2021-08-23 18:11:00,SRNE
8.955,8.955,8.945,8.945,9093,2021-08-23 18:12:00,SRNE
8.94,8.955,8.94,8.955,16825,2021-08-23 18:13:00,SRNE
8.96,8.96,8.95,8.95,19122,2021-08-23 18:14:00,SRNE
8.945,8.9455,8.9416,8.945,3139,2021-08-23 18:15:00,SRNE
8.9422,8.945,8.94,8.94,400,2021-08-23 18:16:00,SRNE
8.9416,8.96,8.94,8.9599,30331,2021-08-23 18:17:00,SRNE
8.955,8.965,8.95,8.95,19442,2021-08-23 18:18:00,SRNE
8.955,8.955,8.94,8.9411,7282,2021-08-23 18:19:00,SRNE
8.95,8.95,8.95,8.95,6900,2021-08-23 18:20:00,SRNE
8.96,8.97,8.95,8.96,4604,2021-08-23 18:21:00,SRNE
8.96,8.97,8.96,8.965,3717,2021-08-23 18:22:00,SRNE
8.965,8.99,8.96,8.985,31177,2021-08-23 18:23:00,SRNE
8.99,9.0,8.98,8.993,7500,2021-08-23 18:24:00,SRNE
8.995,9.0,8.99,9.0,10054,2021-08-23 18:25:00,SRNE
8.9999,9.0,8.99,8.995,7533,2021-08-23 18:26:00,SRNE
9.0,9.0,8.99,8.995,1716,2021-08-23 18:27:00,SRNE
8.99,8.99,8.98,8.9818,9704,2021-08-23 18:28:00,SRNE
8.9873,8.99,8.98,8.98,9328,2021-08-23 18:29:00,SRNE
8.985,8.99,8.98,8.9881,8295,2021-08-23 18:30:00,SRNE
8.985,8.985,8.98,8.9824,1081,2021-08-23 18:31:00,SRNE
8.98,8.99,8.95,8.955,39431,2021-08-23 18:32:00,SRNE
8.96,8.965,8.96,8.96,900,2021-08-23 18:33:00,SRNE
8.96,8.965,8.955,8.955,3600,2021-08-23 18:34:00,SRNE
8.96,8.96,8.95,8.9522,4930,2021-08-23 18:35:00,SRNE
8.95,8.9594,8.95,8.9502,14962,2021-08-23 18:36:00,SRNE
8.95,8.9598,8.95,8.95,1110,2021-08-23 18:37:00,SRNE
8.955,8.955,8.95,8.95,7021,2021-08-23 18:38:00,SRNE
8.95,8.955,8.93,8.93,33371,2021-08-23 18:39:00,SRNE
8.93,8.9354,8.93,8.93,4197,2021-08-23 18:40:00,SRNE
8.93,8.9315,8.91,8.91,30718,2021-08-23 18:41:00,SRNE
8.9199,8.94,8.91,8.94,13991,2021-08-23 18:42:00,SRNE
8.9382,8.9382,8.92,8.92,7852,2021-08-23 18:43:00,SRNE
8.92,8.93,8.9,8.92,29305,2021-08-23 18:44:00,SRNE
8.92,8.93,8.91,8.9117,17829,2021-08-23 18:45:00,SRNE
8.91,8.92,8.91,8.9122,1495,2021-08-23 18:46:00,SRNE
8.915,8.915,8.9,8.9,13438,2021-08-23 18:47:00,SRNE
8.91,8.92,8.91,8.91,4236,2021-08-23 18:48:00,SRNE
8.915,8.92,8.901,8.905,12724,2021-08-23 18:49:00,SRNE
8.905,8.91,8.89,8.89,14424,2021-08-23 18:50:00,SRNE
8.895,8.895,8.88,8.8919,11841,2021-08-23 18:51:00,SRNE
8.8904,8.8904,8.88,8.885,14725,2021-08-23 18:52:00,SRNE
8.8873,8.89,8.88,8.88,3212,2021-08-23 18:53:00,SRNE
8.88,8.9,8.87,8.87,18770,2021-08-23 18:54:00,SRNE
8.87,8.875,8.87,8.8714,4079,2021-08-23 18:55:00,SRNE
8.88,8.88,8.87,8.87,1500,2021-08-23 18:56:00,SRNE
8.87,8.895,8.87,8.89,17559,2021-08-23 18:57:00,SRNE
8.8901,8.9,8.89,8.89,4486,2021-08-23 18:58:00,SRNE
8.895,8.9,8.89,8.89,9050,2021-08-23 18:59:00,SRNE
8.9,8.9,8.89,8.895,19687,2021-08-23 19:00:00,SRNE
8.895,8.915,8.89,8.9103,16197,2021-08-23 19:01:00,SRNE
8.9172,8.92,8.91,8.91,3938,2021-08-23 19:02:00,SRNE
8.92,8.92,8.91,8.915,2825,2021-08-23 19:03:00,SRNE
8.9199,8.92,8.91,8.91,28674,2021-08-23 19:04:00,SRNE
8.91,8.92,8.91,8.91,4301,2021-08-23 19:05:00,SRNE
8.9,8.9,8.87,8.8731,30847,2021-08-23 19:06:00,SRNE
8.8749,8.875,8.86,8.86,9911,2021-08-23 19:07:00,SRNE
8.86,8.865,8.85,8.85,9544,2021-08-23 19:08:00,SRNE
8.85,8.86,8.85,8.8599,4745,2021-08-23 19:09:00,SRNE
8.86,8.86,8.85,8.855,2350,2021-08-23 19:10:00,SRNE
8.85,8.865,8.84,8.8407,24528,2021-08-23 19:11:00,SRNE
8.84,8.8484,8.83,8.8405,15280,2021-08-23 19:12:00,SRNE
8.842,8.85,8.83,8.8308,15242,2021-08-23 19:13:00,SRNE
8.83,8.835,8.82,8.825,8806,2021-08-23 19:14:00,SRNE
8.825,8.83,8.815,8.8199,23071,2021-08-23 19:15:00,SRNE
8.81,8.82,8.81,8.82,28702,2021-08-23 19:16:00,SRNE
8.825,8.8399,8.8227,8.83,2600,2021-08-23 19:17:00,SRNE
8.835,8.84,8.83,8.84,8624,2021-08-23 19:18:00,SRNE
8.83,8.84,8.83,8.835,5481,2021-08-23 19:19:00,SRNE
8.83,8.835,8.8201,8.8201,4437,2021-08-23 19:20:00,SRNE
8.825,8.825,8.81,8.82,6803,2021-08-23 19:21:00,SRNE
8.825,8.825,8.8,8.8,35787,2021-08-23 19:22:00,SRNE
8.8008,8.81,8.8,8.8,22570,2021-08-23 19:23:00,SRNE
8.795,8.845,8.795,8.835,32785,2021-08-23 19:24:00,SRNE
8.835,8.84,8.83,8.84,10299,2021-08-23 19:25:00,SRNE
8.84,8.85,8.82,8.82,14598,2021-08-23 19:26:00,SRNE
8.825,8.845,8.82,8.845,9228,2021-08-23 19:27:00,SRNE
8.845,8.855,8.84,8.855,4647,2021-08-23 19:28:00,SRNE
8.855,8.86,8.85,8.85,2600,2021-08-23 19:29:00,SRNE
8.855,8.86,8.85,8.86,3228,2021-08-23 19:30:00,SRNE
8.85,8.875,8.85,8.875,8993,2021-08-23 19:31:00,SRNE
8.879,8.89,8.874,8.885,8382,2021-08-23 19:32:00,SRNE
8.885,8.89,8.88,8.885,9822,2021-08-23 19:33:00,SRNE
8.89,8.89,8.885,8.885,4523,2021-08-23 19:34:00,SRNE
8.885,8.885,8.875,8.875,8950,2021-08-23 19:35:00,SRNE
8.875,8.88,8.87,8.875,31300,2021-08-23 19:36:00,SRNE
8.875,8.88,8.8725,8.875,2239,2021-08-23 19:37:00,SRNE
8.88,8.8984,8.88,8.8913,14064,2021-08-23 19:38:00,SRNE
8.895,8.9,8.89,8.89,4521,2021-08-23 19:39:00,SRNE
8.89,8.89,8.8825,8.8825,6538,2021-08-23 19:40:00,SRNE
8.885,8.885,8.87,8.875,13315,2021-08-23 19:41:00,SRNE
8.87,8.871,8.855,8.8601,37153,2021-08-23 19:42:00,SRNE
8.8636,8.87,8.86,8.86,4368,2021-08-23 19:43:00,SRNE
8.865,8.87,8.86,8.865,1918,2021-08-23 19:44:00,SRNE
8.865,8.87,8.86,8.87,8639,2021-08-23 19:45:00,SRNE
8.86,8.89,8.86,8.89,21051,2021-08-23 19:46:00,SRNE
8.8801,8.895,8.88,8.89,9026,2021-08-23 19:47:00,SRNE
8.89,8.9,8.88,8.8984,16775,2021-08-23 19:48:00,SRNE
8.9,8.9,8.88,8.885,15986,2021-08-23 19:49:00,SRNE
8.89,8.9,8.88,8.89,31095,2021-08-23 19:50:00,SRNE
8.885,8.9,8.885,8.89,16197,2021-08-23 19:51:00,SRNE
8.8904,9.0,8.89,8.925,468843,2021-08-23 19:52:00,SRNE
8.92,9.04,8.91,8.991,533742,2021-08-23 19:53:00,SRNE
9.0,9.0,8.95,8.965,119678,2021-08-23 19:54:00,SRNE
8.9626,9.0,8.935,8.935,213548,2021-08-23 19:55:00,SRNE
8.935,8.94,8.92,8.9299,103682,2021-08-23 19:56:00,SRNE
8.9276,8.94,8.9101,8.925,116251,2021-08-23 19:57:00,SRNE
8.925,8.93,8.9,8.925,112577,2021-08-23 19:58:00,SRNE
8.93,8.935,8.91,8.9197,204926,2021-08-23 19:59:00,SRNE
8.93,8.93,8.91,8.9101,283050,2021-08-23 20:00:00,SRNE
8.95,8.95,8.9489,8.9489,600,2021-08-23 20:01:00,SRNE
8.92,8.92,8.88,8.88,4100,2021-08-23 20:02:00,SRNE
8.86,8.89,8.8,8.8,4970,2021-08-23 20:03:00,SRNE
8.81,8.81,8.81,8.81,750,2021-08-23 20:04:00,SRNE
8.84,8.85,8.82,8.82,696,2021-08-23 20:05:00,SRNE
8.82,8.85,8.8,8.85,4662,2021-08-23 20:06:00,SRNE
8.83,8.89,8.83,8.89,1549,2021-08-23 20:07:00,SRNE
8.85,8.91,8.85,8.9099,1600,2021-08-23 20:08:00,SRNE
8.86,8.88,8.85,8.88,1129,2021-08-23 20:09:00,SRNE
8.87,8.87,8.87,8.87,100,2021-08-23 20:10:00,SRNE
8.85,8.85,8.85,8.85,100,2021-08-23 20:11:00,SRNE
8.86,8.89,8.86,8.89,1279,2021-08-23 20:12:00,SRNE
8.88,8.89,8.88,8.88,1400,2021-08-23 20:13:00,SRNE
8.86,8.86,8.86,8.86,850,2021-08-23 20:14:00,SRNE
8.86,8.86,8.85,8.86,352,2021-08-23 20:15:00,SRNE
8.87,8.87,8.86,8.8601,1550,2021-08-23 20:17:00,SRNE
8.8601,8.8601,8.86,8.86,3000,2021-08-23 20:21:00,SRNE
8.85,8.85,8.82,8.82,1318,2021-08-23 20:22:00,SRNE
8.82,8.82,8.82,8.82,185,2021-08-23 20:24:00,SRNE
8.82,8.85,8.82,8.85,2000,2021-08-23 20:25:00,SRNE
8.8499,8.8499,8.8499,8.8499,500,2021-08-23 20:26:00,SRNE
8.83,8.83,8.6,8.6,8837,2021-08-23 20:27:00,SRNE
8.65,8.8,8.65,8.8,819,2021-08-23 20:28:00,SRNE
8.76,8.76,8.76,8.76,300,2021-08-23 20:30:00,SRNE
8.8,8.84,8.79,8.84,1146,2021-08-23 20:31:00,SRNE
8.8,8.8,8.8,8.8,1500,2021-08-23 20:32:00,SRNE
8.8,8.8,8.74,8.74,1446,2021-08-23 20:34:00,SRNE
8.79,8.8,8.79,8.79,2400,2021-08-23 20:35:00,SRNE
8.85,8.85,8.84,8.84,313,2021-08-23 20:47:00,SRNE
8.84,8.84,8.84,8.84,950,2021-08-23 20:48:00,SRNE
8.81,8.81,8.81,8.81,100,2021-08-23 20:49:00,SRNE
8.8,8.8,8.8,8.8,2003,2021-08-23 20:51:00,SRNE
8.82,8.83,8.82,8.82,321,2021-08-23 20:54:00,SRNE
8.84,8.84,8.84,8.84,100,2021-08-23 20:57:00,SRNE
8.8,8.8,8.8,8.8,450,2021-08-23 21:08:00,SRNE
8.78,8.78,8.78,8.78,360,2021-08-23 21:09:00,SRNE
8.8,8.8,8.78,8.78,1960,2021-08-23 21:10:00,SRNE
8.8,8.8,8.8,8.8,3000,2021-08-23 21:25:00,SRNE
8.8,8.8,8.8,8.8,100,2021-08-23 21:28:00,SRNE
8.83,8.83,8.83,8.83,134,2021-08-23 21:29:00,SRNE
8.83,8.83,8.83,8.83,816,2021-08-23 21:30:00,SRNE
8.82,8.82,8.82,8.82,500,2021-08-23 21:38:00,SRNE
8.83,8.83,8.83,8.83,366,2021-08-23 21:45:00,SRNE
8.8,8.8,8.8,8.8,675,2021-08-23 21:46:00,SRNE
8.83,8.83,8.83,8.83,298,2021-08-23 21:47:00,SRNE
8.85,8.85,8.85,8.85,100,2021-08-23 21:58:00,SRNE
8.85,8.85,8.85,8.85,200,2021-08-23 22:02:00,SRNE
8.85,8.85,8.85,8.85,100,2021-08-23 22:04:00,SRNE
8.84,8.84,8.84,8.84,481,2021-08-23 22:09:00,SRNE
8.85,8.85,8.85,8.85,196,2021-08-23 22:10:00,SRNE
8.86,8.86,8.86,8.86,500,2021-08-23 22:11:00,SRNE
8.9,8.9,8.9,8.9,1100,2021-08-23 22:15:00,SRNE
8.9,8.9,8.9,8.9,3400,2021-08-23 22:16:00,SRNE
8.9,8.9,8.9,8.9,300,2021-08-23 22:20:00,SRNE
8.9,8.9,8.9,8.9,172,2021-08-23 22:21:00,SRNE
8.9,8.9,8.9,8.9,100,2021-08-23 22:22:00,SRNE
8.9,8.9,8.9,8.9,500,2021-08-23 22:23:00,SRNE
8.9,8.9,8.9,8.9,195,2021-08-23 22:24:00,SRNE
8.84,8.84,8.84,8.84,500,2021-08-23 22:28:00,SRNE
8.85,8.85,8.85,8.85,300,2021-08-23 22:30:00,SRNE
8.85,8.85,8.85,8.85,200,2021-08-23 22:31:00,SRNE
8.85,8.85,8.85,8.85,170,2021-08-23 22:32:00,SRNE
8.85,8.85,8.85,8.85,100,2021-08-23 22:35:00,SRNE
8.9,8.9,8.9,8.9,1250,2021-08-23 22:45:00,SRNE
8.9,8.9,8.9,8.9,1500,2021-08-23 22:46:00,SRNE
8.9,8.9,8.9,8.9,1500,2021-08-23 22:47:00,SRNE
8.9,8.9,8.9,8.9,500,2021-08-23 22:48:00,SRNE
8.9,8.9,8.9,8.9,1000,2021-08-23 22:52:00,SRNE
8.9,8.9,8.9,8.9,460,2021-08-23 22:53:00,SRNE
8.89,8.89,8.89,8.89,300,2021-08-23 22:59:00,SRNE
8.89,8.89,8.89,8.89,200,2021-08-23 23:00:00,SRNE
8.89,8.89,8.89,8.89,300,2021-08-23 23:02:00,SRNE
8.89,8.89,8.89,8.89,200,2021-08-23 23:03:00,SRNE
8.88,8.88,8.88,8.88,190,2021-08-23 23:09:00,SRNE
8.88,8.88,8.88,8.88,308,2021-08-23 23:10:00,SRNE
8.88,8.88,8.88,8.88,2000,2021-08-23 23:16:00,SRNE
8.88,8.88,8.88,8.88,792,2021-08-23 23:17:00,SRNE
8.88,8.88,8.88,8.88,226,2021-08-23 23:21:00,SRNE
8.86,8.86,8.86,8.86,100,2021-08-23 23:24:00,SRNE
8.86,8.86,8.86,8.86,100,2021-08-23 23:25:00,SRNE
8.84,8.84,8.84,8.84,1000,2021-08-23 23:32:00,SRNE
8.8301,8.8301,8.8301,8.8301,1000,2021-08-23 23:36:00,SRNE
8.85,8.85,8.85,8.85,2281,2021-08-23 23:51:00,SRNE
8.86,8.86,8.85,8.86,1900,2021-08-23 23:52:00,SRNE
8.86,8.86,8.86,8.86,1317,2021-08-23 23:53:00,SRNE
8.85,8.85,8.85,8.85,350,2021-08-23 23:54:00,SRNE
8.83,8.83,8.83,8.83,660,2021-08-23 23:58:00,SRNE
8.82,8.82,8.8,8.8,1863,2021-08-23 23:59:00,SRNE
9.0,9.0,8.9,8.9,1400,2021-08-24 11:00:00,SRNE
8.89,8.89,8.89,8.89,300,2021-08-24 11:30:00,SRNE
8.9,8.9,8.9,8.9,100,2021-08-24 11:40:00,SRNE
8.92,8.92,8.92,8.92,200,2021-08-24 11:42:00,SRNE
8.93,8.93,8.93,8.93,100,2021-08-24 11:45:00,SRNE
8.96,8.96,8.93,8.93,1100,2021-08-24 11:52:00,SRNE
8.94,8.94,8.91,8.91,800,2021-08-24 11:53:00,SRNE
8.9299,8.9299,8.9299,8.9299,2500,2021-08-24 11:59:00,SRNE
8.9,8.9,8.9,8.9,300,2021-08-24 12:06:00,SRNE
8.9001,8.9001,8.9,8.9,5178,2021-08-24 12:07:00,SRNE
8.9,8.9,8.9,8.9,100,2021-08-24 12:09:00,SRNE
8.9001,8.9001,8.9001,8.9001,2000,2021-08-24 12:12:00,SRNE
8.9001,8.9001,8.9001,8.9001,900,2021-08-24 12:15:00,SRNE
8.92,8.92,8.92,8.92,300,2021-08-24 12:26:00,SRNE
8.91,8.91,8.91,8.91,220,2021-08-24 12:41:00,SRNE
8.91,8.91,8.91,8.91,220,2021-08-24 12:42:00,SRNE
8.91,8.91,8.88,8.88,850,2021-08-24 12:46:00,SRNE
8.9,8.9,8.9,8.9,250,2021-08-24 12:53:00,SRNE
8.9001,8.9001,8.9,8.9,2990,2021-08-24 12:54:00,SRNE
8.9001,8.9001,8.9001,8.9001,2702,2021-08-24 12:55:00,SRNE
8.9001,8.9001,8.9,8.9,2822,2021-08-24 12:57:00,SRNE
8.9001,8.9001,8.9001,8.9001,2602,2021-08-24 12:58:00,SRNE
8.9001,8.9001,8.9001,8.9001,1683,2021-08-24 13:00:00,SRNE
8.9,8.9,8.9,8.9,3202,2021-08-24 13:01:00,SRNE
8.9001,8.9001,8.9,8.9,300,2021-08-24 13:03:00,SRNE
8.88,8.88,8.88,8.88,1000,2021-08-24 13:05:00,SRNE
8.88,8.9,8.88,8.88,21600,2021-08-24 13:07:00,SRNE
8.86,8.86,8.85,8.85,5030,2021-08-24 13:08:00,SRNE
8.83,8.83,8.83,8.83,100,2021-08-24 13:13:00,SRNE
8.83,8.83,8.83,8.83,700,2021-08-24 13:16:00,SRNE
8.85,8.85,8.85,8.85,200,2021-08-24 13:20:00,SRNE
8.8301,8.8301,8.8301,8.8301,600,2021-08-24 13:22:00,SRNE
8.84,8.84,8.84,8.84,119,2021-08-24 13:25:00,SRNE
8.9,8.9,8.9,8.9,140,2021-08-24 13:27:00,SRNE
8.86,8.86,8.85,8.85,200,2021-08-24 13:29:00,SRNE
8.84,8.85,8.78,8.8,102730,2021-08-24 13:30:00,SRNE
8.79,8.84,8.77,8.7755,25051,2021-08-24 13:31:00,SRNE
8.77,8.77,8.702,8.73,62615,2021-08-24 13:32:00,SRNE
8.72,8.7663,8.68,8.7401,38543,2021-08-24 13:33:00,SRNE
8.74,8.77,8.72,8.74,7989,2021-08-24 13:34:00,SRNE
8.73,8.765,8.7,8.765,34625,2021-08-24 13:35:00,SRNE
8.76,8.8106,8.75,8.805,25171,2021-08-24 13:36:00,SRNE
8.8,8.8,8.76,8.77,14271,2021-08-24 13:37:00,SRNE
8.7775,8.7911,8.7695,8.7695,15532,2021-08-24 13:38:00,SRNE
8.77,8.77,8.75,8.755,10272,2021-08-24 13:39:00,SRNE
8.75,8.78,8.75,8.77,14567,2021-08-24 13:40:00,SRNE
8.76,8.77,8.7499,8.75,13021,2021-08-24 13:41:00,SRNE
8.76,8.77,8.74,8.76,26535,2021-08-24 13:42:00,SRNE
8.77,8.78,8.75,8.76,12995,2021-08-24 13:43:00,SRNE
8.755,8.76,8.7444,8.76,9740,2021-08-24 13:44:00,SRNE
8.76,8.7779,8.75,8.755,8339,2021-08-24 13:45:00,SRNE
8.76,8.78,8.76,8.78,9262,2021-08-24 13:46:00,SRNE
8.78,8.81,8.78,8.795,7656,2021-08-24 13:47:00,SRNE
8.799,8.83,8.7977,8.83,19768,2021-08-24 13:48:00,SRNE
8.83,8.84,8.8291,8.83,9029,2021-08-24 13:49:00,SRNE
8.825,8.825,8.815,8.825,4030,2021-08-24 13:50:00,SRNE
8.82,8.82,8.805,8.805,2200,2021-08-24 13:51:00,SRNE
8.81,8.815,8.8,8.805,5050,2021-08-24 13:52:00,SRNE
8.805,8.825,8.8,8.82,12233,2021-08-24 13:53:00,SRNE
8.8192,8.84,8.819,8.8399,9173,2021-08-24 13:54:00,SRNE
8.8329,8.84,8.81,8.815,8044,2021-08-24 13:55:00,SRNE
8.815,8.84,8.8115,8.8309,2600,2021-08-24 13:56:00,SRNE
8.84,8.86,8.8399,8.86,13182,2021-08-24 13:57:00,SRNE
8.86,8.86,8.85,8.853,8265,2021-08-24 13:58:00,SRNE
8.855,8.86,8.83,8.84,3931,2021-08-24 13:59:00,SRNE
8.84,8.845,8.8201,8.8201,3784,2021-08-24 14:00:00,SRNE
8.82,8.82,8.78,8.78,6871,2021-08-24 14:01:00,SRNE
8.7805,8.79,8.77,8.79,17489,2021-08-24 14:02:00,SRNE
8.79,8.81,8.79,8.79,6668,2021-08-24 14:03:00,SRNE
8.78,8.78,8.7599,8.76,13597,2021-08-24 14:04:00,SRNE
8.76,8.76,8.75,8.76,13376,2021-08-24 14:05:00,SRNE
8.7699,8.775,8.76,8.76,13708,2021-08-24 14:06:00,SRNE
8.765,8.7662,8.74,8.755,21384,2021-08-24 14:07:00,SRNE
8.7501,8.81,8.75,8.81,18586,2021-08-24 14:08:00,SRNE
8.82,8.8381,8.8199,8.8303,13562,2021-08-24 14:09:00,SRNE
8.8374,8.8374,8.82,8.8301,7500,2021-08-24 14:10:00,SRNE
8.83,8.8461,8.81,8.8461,7550,2021-08-24 14:11:00,SRNE
8.85,8.85,8.8209,8.8209,7439,2021-08-24 14:12:00,SRNE
8.83,8.84,8.83,8.8307,6672,2021-08-24 14:13:00,SRNE
8.8301,8.86,8.82,8.855,16933,2021-08-24 14:14:00,SRNE
8.85,8.86,8.84,8.85,4900,2021-08-24 14:15:00,SRNE
8.8504,8.855,8.84,8.8401,6172,2021-08-24 14:16:00,SRNE
8.84,8.84,8.835,8.835,1190,2021-08-24 14:17:00,SRNE
8.8374,8.88,8.8301,8.8717,35011,2021-08-24 14:18:00,SRNE
8.8701,8.88,8.8697,8.8799,9427,2021-08-24 14:19:00,SRNE
8.87,8.87,8.86,8.86,4000,2021-08-24 14:20:00,SRNE
8.8692,8.87,8.84,8.87,10889,2021-08-24 14:21:00,SRNE
8.8701,8.885,8.8701,8.8731,12475,2021-08-24 14:22:00,SRNE
8.89,8.895,8.89,8.8901,1612,2021-08-24 14:23:00,SRNE
8.8908,8.895,8.88,8.89,5723,2021-08-24 14:24:00,SRNE
8.895,8.8999,8.89,8.8999,1524,2021-08-24 14:25:00,SRNE
8.89,8.905,8.89,8.9,49295,2021-08-24 14:26:00,SRNE
8.905,8.9079,8.8992,8.9,6857,2021-08-24 14:27:00,SRNE
8.905,8.9068,8.89,8.9037,10245,2021-08-24 14:28:00,SRNE
8.905,8.9069,8.89,8.89,9656,2021-08-24 14:29:00,SRNE
8.895,8.91,8.8901,8.8901,7216,2021-08-24 14:30:00,SRNE
8.9,8.9,8.89,8.89,6549,2021-08-24 14:31:00,SRNE
8.895,8.8995,8.8901,8.895,2624,2021-08-24 14:32:00,SRNE
8.9,8.91,8.9,8.91,6350,2021-08-24 14:33:00,SRNE
8.91,8.91,8.9,8.91,15244,2021-08-24 14:34:00,SRNE
8.9086,8.92,8.9001,8.915,15135,2021-08-24 14:35:00,SRNE
8.9176,8.92,8.9,8.9199,17474,2021-08-24 14:36:00,SRNE
8.9173,8.9173,8.88,8.885,7797,2021-08-24 14:37:00,SRNE
8.885,8.895,8.885,8.895,2000,2021-08-24 14:38:00,SRNE
8.89,8.895,8.8811,8.8811,4666,2021-08-24 14:39:00,SRNE
8.88,8.889,8.88,8.885,3657,2021-08-24 14:40:00,SRNE
8.88,8.88,8.87,8.87,4349,2021-08-24 14:41:00,SRNE
8.86,8.89,8.86,8.89,11284,2021-08-24 14:42:00,SRNE
8.9,8.9119,8.9,8.9119,4200,2021-08-24 14:43:00,SRNE
8.9101,9.05,8.91,9.03,147050,2021-08-24 14:44:00,SRNE
9.02,9.02,8.975,8.9988,181907,2021-08-24 14:45:00,SRNE
9.0,9.04,8.99,9.04,74983,2021-08-24 14:46:00,SRNE
9.03,9.05,8.99,9.0363,73759,2021-08-24 14:47:00,SRNE
9.04,9.05,9.0,9.0217,93785,2021-08-24 14:48:00,SRNE
9.025,9.0401,9.0013,9.0401,25634,2021-08-24 14:49:00,SRNE
9.04,9.045,9.0101,9.03,58953,2021-08-24 14:50:00,SRNE
9.03,9.04,8.96,8.979,96761,2021-08-24 14:51:00,SRNE
8.9701,8.98,8.96,8.9742,21098,2021-08-24 14:52:00,SRNE
8.97,8.971,8.94,8.971,21032,2021-08-24 14:53:00,SRNE
8.975,9.0,8.9601,9.0,32127,2021-08-24 14:54:00,SRNE
9.0014,9.0014,8.98,8.98,6988,2021-08-24 14:55:00,SRNE
8.97,8.98,8.96,8.9762,24304,2021-08-24 14:56:00,SRNE
8.97,8.98,8.95,8.955,28600,2021-08-24 14:57:00,SRNE
8.9513,8.9599,8.9401,8.9401,9437,2021-08-24 14:58:00,SRNE
8.943,8.96,8.94,8.9533,21300,2021-08-24 14:59:00,SRNE
8.9501,8.96,8.94,8.94,7023,2021-08-24 15:00:00,SRNE
8.94,8.945,8.9318,8.935,5727,2021-08-24 15:01:00,SRNE
8.93,8.93,8.89,8.901,13248,2021-08-24 15:02:00,SRNE
8.9094,8.91,8.89,8.89,6858,2021-08-24 15:03:00,SRNE
8.895,8.9175,8.895,8.915,16966,2021-08-24 15:04:00,SRNE
8.915,8.915,8.9068,8.9072,1809,2021-08-24 15:05:00,SRNE
8.905,8.91,8.9,8.905,7875,2021-08-24 15:06:00,SRNE
8.905,8.91,8.9,8.9,6699,2021-08-24 15:07:00,SRNE
8.895,8.895,8.88,8.89,6465,2021-08-24 15:08:00,SRNE
8.8903,8.8969,8.8847,8.8847,8030,2021-08-24 15:09:00,SRNE
8.89,8.92,8.89,8.92,12273,2021-08-24 15:10:00,SRNE
8.9201,8.9299,8.9201,8.9285,5086,2021-08-24 15:11:00,SRNE
8.929,8.929,8.925,8.925,611,2021-08-24 15:12:00,SRNE
8.9286,8.94,8.928,8.935,4328,2021-08-24 15:13:00,SRNE
8.94,8.94,8.92,8.93,7377,2021-08-24 15:14:00,SRNE
8.93,8.93,8.92,8.93,7750,2021-08-24 15:15:00,SRNE
8.93,8.93,8.9201,8.925,5279,2021-08-24 15:16:00,SRNE
8.93,8.945,8.93,8.94,5883,2021-08-24 15:17:00,SRNE
8.95,8.96,8.94,8.955,9657,2021-08-24 15:18:00,SRNE
8.955,8.96,8.9409,8.95,6892,2021-08-24 15:19:00,SRNE
8.94,8.94,8.93,8.935,3387,2021-08-24 15:20:00,SRNE
8.9301,8.9493,8.9301,8.9493,12722,2021-08-24 15:21:00,SRNE
8.96,8.97,8.96,8.965,6520,2021-08-24 15:22:00,SRNE
8.965,8.9699,8.965,8.9699,1250,2021-08-24 15:23:00,SRNE
8.96,9.0,8.96,8.995,32110,2021-08-24 15:24:00,SRNE
8.9976,9.0,8.9821,9.0,16490,2021-08-24 15:25:00,SRNE
9.0,9.01,9.0,9.01,13898,2021-08-24 15:26:00,SRNE
9.0,9.03,9.0,9.0199,12553,2021-08-24 15:27:00,SRNE
9.01,9.02,8.99,9.005,7594,2021-08-24 15:28:00,SRNE
9.0083,9.02,8.991,9.01,16936,2021-08-24 15:29:00,SRNE
9.013,9.013,9.0,9.0001,3047,2021-08-24 15:30:00,SRNE
9.003,9.02,9.0,9.0169,6341,2021-08-24 15:31:00,SRNE
9.012,9.0183,9.0,9.0183,5758,2021-08-24 15:32:00,SRNE
9.015,9.025,9.015,9.02,7229,2021-08-24 15:33:00,SRNE
9.01,9.01,9.0001,9.0001,2100,2021-08-24 15:34:00,SRNE
9.0,9.005,8.99,8.995,12109,2021-08-24 15:35:00,SRNE
8.995,9.0,8.995,9.0,5161,2021-08-24 15:36:00,SRNE
9.0008,9.005,8.9925,8.9925,2023,2021-08-24 15:37:00,SRNE
8.9909,8.9909,8.9589,8.97,16059,2021-08-24 15:38:00,SRNE
8.965,8.975,8.96,8.96,12975,2021-08-24 15:39:00,SRNE
8.96,8.96,8.95,8.95,4797,2021-08-24 15:40:00,SRNE
8.95,8.955,8.94,8.94,9076,2021-08-24 15:41:00,SRNE
8.95,8.95,8.93,8.93,7741,2021-08-24 15:42:00,SRNE
8.93,8.95,8.93,8.9499,17043,2021-08-24 15:43:00,SRNE
8.94,8.97,8.935,8.9671,11801,2021-08-24 15:44:00,SRNE
8.96,8.96,8.94,8.94,4766,2021-08-24 15:45:00,SRNE
8.945,8.945,8.915,8.915,6249,2021-08-24 15:46:00,SRNE
8.91,8.92,8.9,8.915,8814,2021-08-24 15:47:00,SRNE
8.91,8.92,8.91,8.92,3676,2021-08-24 15:48:00,SRNE
8.91,8.91,8.9016,8.9027,2415,2021-08-24 15:49:00,SRNE
8.905,8.91,8.88,8.88,21878,2021-08-24 15:50:00,SRNE
8.88,8.895,8.87,8.89,15041,2021-08-24 15:51:00,SRNE
8.89,8.89,8.875,8.885,13161,2021-08-24 15:52:00,SRNE
8.885,8.9,8.885,8.885,2345,2021-08-24 15:53:00,SRNE
8.88,8.88,8.87,8.8718,3585,2021-08-24 15:54:00,SRNE
8.87,8.88,8.865,8.87,15368,2021-08-24 15:55:00,SRNE
8.87,8.88,8.86,8.86,6064,2021-08-24 15:56:00,SRNE
8.865,8.88,8.865,8.88,4358,2021-08-24 15:57:00,SRNE
8.87,8.875,8.87,8.87,1200,2021-08-24 15:58:00,SRNE
8.87,8.875,8.87,8.875,5946,2021-08-24 15:59:00,SRNE
8.875,8.9,8.865,8.89,13962,2021-08-24 16:00:00,SRNE
8.89,8.9,8.89,8.9,5035,2021-08-24 16:01:00,SRNE
8.905,8.91,8.905,8.91,1400,2021-08-24 16:02:00,SRNE
8.915,8.92,8.915,8.915,2697,2021-08-24 16:03:00,SRNE
8.9165,8.9199,8.9165,8.9199,2100,2021-08-24 16:04:00,SRNE
8.91,8.91,8.88,8.885,9538,2021-08-24 16:05:00,SRNE
8.88,8.885,8.88,8.88,3160,2021-08-24 16:06:00,SRNE
8.8895,8.8895,8.88,8.885,2050,2021-08-24 16:07:00,SRNE
8.88,8.8872,8.88,8.885,4924,2021-08-24 16:08:00,SRNE
8.8885,8.905,8.8885,8.9,16105,2021-08-24 16:09:00,SRNE
8.895,8.91,8.895,8.9077,4370,2021-08-24 16:10:00,SRNE
8.905,8.91,8.9,8.9,10638,2021-08-24 16:11:00,SRNE
8.895,8.895,8.895,8.895,300,2021-08-24 16:12:00,SRNE
8.8999,8.9087,8.8999,8.9087,3050,2021-08-24 16:13:00,SRNE
8.91,8.93,8.91,8.9201,4174,2021-08-24 16:14:00,SRNE
8.925,8.9255,8.925,8.9255,2200,2021-08-24 16:15:00,SRNE
8.9287,8.9299,8.92,8.9253,5889,2021-08-24 16:16:00,SRNE
8.92,8.925,8.92,8.92,3965,2021-08-24 16:17:00,SRNE
8.9129,8.9199,8.91,8.91,3717,2021-08-24 16:18:00,SRNE
8.9,8.9099,8.9,8.9,2740,2021-08-24 16:19:00,SRNE
8.905,8.907,8.9,8.905,1600,2021-08-24 16:20:00,SRNE
8.9068,8.91,8.9,8.905,1200,2021-08-24 16:21:00,SRNE
8.9099,8.9099,8.895,8.895,4650,2021-08-24 16:22:00,SRNE
8.895,8.9121,8.895,8.91,7460,2021-08-24 16:23:00,SRNE
8.91,8.9174,8.905,8.91,6867,2021-08-24 16:24:00,SRNE
8.92,8.92,8.915,8.92,2525,2021-08-24 16:25:00,SRNE
8.915,8.915,8.91,8.91,1865,2021-08-24 16:26:00,SRNE
8.905,8.92,8.902,8.92,3105,2021-08-24 16:28:00,SRNE
8.918,8.93,8.9115,8.93,10525,2021-08-24 16:29:00,SRNE
8.93,8.935,8.9201,8.9229,3407,2021-08-24 16:30:00,SRNE
8.93,8.93,8.925,8.925,2100,2021-08-24 16:31:00,SRNE
8.925,8.925,8.925,8.925,300,2021-08-24 16:32:00,SRNE
8.925,8.925,8.921,8.921,2300,2021-08-24 16:33:00,SRNE
8.925,8.925,8.92,8.925,400,2021-08-24 16:34:00,SRNE
8.925,8.936,8.925,8.93,4100,2021-08-24 16:35:00,SRNE
8.935,8.935,8.93,8.93,1362,2021-08-24 16:36:00,SRNE
8.935,8.935,8.93,8.93,3090,2021-08-24 16:37:00,SRNE
8.925,8.925,8.925,8.925,400,2021-08-24 16:38:00,SRNE
8.9201,8.9201,8.9201,8.9201,1000,2021-08-24 16:39:00,SRNE
8.93,8.94,8.93,8.93,2300,2021-08-24 16:40:00,SRNE
8.935,8.939,8.93,8.937,5800,2021-08-24 16:41:00,SRNE
8.94,8.96,8.94,8.96,7100,2021-08-24 16:42:00,SRNE
8.96,8.97,8.96,8.965,5911,2021-08-24 16:43:00,SRNE
8.965,8.97,8.96,8.96,2805,2021-08-24 16:44:00,SRNE
8.965,8.97,8.9601,8.9601,5806,2021-08-24 16:45:00,SRNE
8.965,8.9691,8.9601,8.965,3075,2021-08-24 16:46:00,SRNE
8.965,8.965,8.95,8.955,3865,2021-08-24 16:47:00,SRNE
8.9599,8.96,8.95,8.96,1575,2021-08-24 16:48:00,SRNE
8.95,8.95,8.95,8.95,320,2021-08-24 16:49:00,SRNE
8.955,8.9599,8.95,8.955,1406,2021-08-24 16:50:00,SRNE
8.9577,8.9577,8.955,8.955,1200,2021-08-24 16:51:00,SRNE
8.95,8.98,8.95,8.975,15338,2021-08-24 16:52:00,SRNE
8.975,8.98,8.97,8.975,2408,2021-08-24 16:53:00,SRNE
8.97,8.9792,8.965,8.9792,11143,2021-08-24 16:54:00,SRNE
8.975,8.9773,8.9701,8.975,6939,2021-08-24 16:55:00,SRNE
8.97,8.99,8.97,8.985,9657,2021-08-24 16:56:00,SRNE
8.99,8.99,8.983,8.985,6540,2021-08-24 16:57:00,SRNE
8.9817,8.985,8.9817,8.985,5100,2021-08-24 16:58:00,SRNE
8.985,8.985,8.98,8.98,2951,2021-08-24 16:59:00,SRNE
8.9899,8.9899,8.97,8.98,13125,2021-08-24 17:00:00,SRNE
8.985,8.985,8.98,8.98,3507,2021-08-24 17:01:00,SRNE
8.9785,8.9785,8.97,8.97,1800,2021-08-24 17:02:00,SRNE
8.98,8.98,8.97,8.98,2304,2021-08-24 17:03:00,SRNE
8.975,8.99,8.97,8.99,17544,2021-08-24 17:04:00,SRNE
8.995,9.0,8.99,8.99,11134,2021-08-24 17:05:00,SRNE
8.995,9.0,8.99,8.99,22552,2021-08-24 17:06:00,SRNE
8.985,8.995,8.9806,8.995,11900,2021-08-24 17:07:00,SRNE
8.995,9.01,8.98,8.9801,46101,2021-08-24 17:08:00,SRNE
8.99,8.99,8.9817,8.985,6000,2021-08-24 17:09:00,SRNE
8.98,8.985,8.965,8.965,5110,2021-08-24 17:10:00,SRNE
8.96,8.965,8.96,8.96,2579,2021-08-24 17:11:00,SRNE
8.9647,8.965,8.96,8.96,1400,2021-08-24 17:12:00,SRNE
8.96,8.96,8.95,8.96,6651,2021-08-24 17:13:00,SRNE
8.9501,8.9599,8.95,8.9521,2800,2021-08-24 17:14:00,SRNE
8.95,8.96,8.95,8.955,1290,2021-08-24 17:15:00,SRNE
8.955,8.9568,8.9525,8.955,1400,2021-08-24 17:16:00,SRNE
8.96,8.965,8.95,8.96,3656,2021-08-24 17:17:00,SRNE
8.955,8.965,8.955,8.965,2542,2021-08-24 17:18:00,SRNE
8.9625,8.965,8.96,8.96,1694,2021-08-24 17:19:00,SRNE
8.965,8.965,8.96,8.96,6086,2021-08-24 17:20:00,SRNE
8.965,8.9668,8.95,8.9501,4187,2021-08-24 17:21:00,SRNE
8.9584,8.9584,8.95,8.955,1850,2021-08-24 17:22:00,SRNE
8.9574,8.9657,8.95,8.9657,10188,2021-08-24 17:23:00,SRNE
8.965,8.97,8.955,8.955,8100,2021-08-24 17:24:00,SRNE
8.955,8.965,8.955,8.965,1909,2021-08-24 17:25:00,SRNE
8.97,8.97,8.965,8.965,2010,2021-08-24 17:26:00,SRNE
8.9627,8.97,8.9601,8.965,1052,2021-08-24 17:27:00,SRNE
8.965,8.9674,8.96,8.96,3550,2021-08-24 17:28:00,SRNE
8.96,8.965,8.96,8.96,4957,2021-08-24 17:29:00,SRNE
8.9625,8.965,8.95,8.955,3867,2021-08-24 17:30:00,SRNE
8.9599,8.9599,8.95,8.955,2800,2021-08-24 17:31:00,SRNE
8.95,8.955,8.95,8.951,1193,2021-08-24 17:32:00,SRNE
8.95,8.9594,8.95,8.955,1700,2021-08-24 17:33:00,SRNE
8.955,8.959,8.95,8.95,2000,2021-08-24 17:34:00,SRNE
8.955,8.96,8.95,8.955,9797,2021-08-24 17:35:00,SRNE
8.95,8.9586,8.95,8.95,2322,2021-08-24 17:36:00,SRNE
8.95,8.9575,8.95,8.95,2044,2021-08-24 17:37:00,SRNE
8.95,8.97,8.95,8.965,5753,2021-08-24 17:38:00,SRNE
8.965,8.9676,8.965,8.965,1960,2021-08-24 17:39:00,SRNE
8.965,8.9699,8.96,8.96,1100,2021-08-24 17:40:00,SRNE
8.965,8.965,8.96,8.965,1817,2021-08-24 17:41:00,SRNE
8.965,8.9683,8.96,8.965,1600,2021-08-24 17:42:00,SRNE
8.965,8.9778,8.965,8.9778,6315,2021-08-24 17:43:00,SRNE
8.975,8.98,8.975,8.9799,700,2021-08-24 17:44:00,SRNE
8.975,8.98,8.97,8.98,629,2021-08-24 17:45:00,SRNE
8.975,8.99,8.975,8.9881,12560,2021-08-24 17:46:00,SRNE
8.985,8.985,8.98,8.985,4346,2021-08-24 17:47:00,SRNE
8.9727,8.98,8.97,8.97,675,2021-08-24 17:48:00,SRNE
8.97,8.97,8.96,8.96,5930,2021-08-24 17:49:00,SRNE
8.96,8.965,8.96,8.965,3223,2021-08-24 17:50:00,SRNE
8.96,8.9612,8.96,8.96,3325,2021-08-24 17:51:00,SRNE
8.96,8.99,8.96,8.99,9935,2021-08-24 17:52:00,SRNE
8.98,8.991,8.98,8.99,9121,2021-08-24 17:53:00,SRNE
8.985,8.99,8.985,8.985,3700,2021-08-24 17:54:00,SRNE
8.99,8.995,8.97,8.97,33703,2021-08-24 17:55:00,SRNE
8.975,8.975,8.975,8.975,100,2021-08-24 17:56:00,SRNE
8.97,8.99,8.97,8.99,9249,2021-08-24 17:57:00,SRNE
8.98,8.98,8.98,8.98,1600,2021-08-24 17:59:00,SRNE
8.985,8.99,8.98,8.98,15326,2021-08-24 18:00:00,SRNE
8.985,8.987,8.985,8.985,300,2021-08-24 18:01:00,SRNE
8.982,8.9981,8.982,8.995,4561,2021-08-24 18:02:00,SRNE
8.99,8.99,8.98,8.99,30913,2021-08-24 18:03:00,SRNE
8.99,8.99,8.985,8.99,2396,2021-08-24 18:04:00,SRNE
8.9877,8.9877,8.985,8.985,400,2021-08-24 18:05:00,SRNE
8.985,8.99,8.98,8.99,2600,2021-08-24 18:06:00,SRNE
8.985,8.9977,8.985,8.9977,7095,2021-08-24 18:07:00,SRNE
8.995,9.0,8.99,8.995,2700,2021-08-24 18:08:00,SRNE
8.995,9.0075,8.995,9.0025,12739,2021-08-24 18:09:00,SRNE
9.005,9.02,9.005,9.015,12050,2021-08-24 18:10:00,SRNE
9.0101,9.02,9.0101,9.02,8800,2021-08-24 18:11:00,SRNE
9.015,9.0199,9.01,9.016,2920,2021-08-24 18:12:00,SRNE
9.015,9.02,9.01,9.015,4100,2021-08-24 18:13:00,SRNE
9.01,9.0199,9.01,9.015,7539,2021-08-24 18:14:00,SRNE
9.01,9.035,9.01,9.03,14545,2021-08-24 18:15:00,SRNE
9.03,9.0453,9.03,9.0453,22986,2021-08-24 18:16:00,SRNE
9.04,9.04,9.03,9.035,11031,2021-08-24 18:17:00,SRNE
9.0377,9.045,9.035,9.0401,3931,2021-08-24 18:18:00,SRNE
9.04,9.045,9.04,9.04,8888,2021-08-24 18:19:00,SRNE
9.04,9.045,9.03,9.035,6010,2021-08-24 18:20:00,SRNE
9.03,9.04,9.03,9.04,3200,2021-08-24 18:21:00,SRNE
9.04,9.06,9.035,9.06,17235,2021-08-24 18:22:00,SRNE
9.05,9.06,9.045,9.045,11230,2021-08-24 18:23:00,SRNE
9.04,9.05,9.04,9.05,9805,2021-08-24 18:24:00,SRNE
9.04,9.0475,9.03,9.03,12456,2021-08-24 18:25:00,SRNE
9.03,9.04,9.03,9.03,3590,2021-08-24 18:26:00,SRNE
9.0317,9.037,9.027,9.03,17084,2021-08-24 18:27:00,SRNE
9.03,9.0381,9.02,9.02,6494,2021-08-24 18:28:00,SRNE
9.02,9.0201,9.01,9.015,11171,2021-08-24 18:29:00,SRNE
9.015,9.02,9.01,9.01,4240,2021-08-24 18:30:00,SRNE
9.015,9.02,9.01,9.015,3100,2021-08-24 18:31:00,SRNE
9.01,9.015,9.01,9.01,800,2021-08-24 18:32:00,SRNE
9.015,9.0199,9.01,9.015,6775,2021-08-24 18:33:00,SRNE
9.02,9.0287,9.015,9.0287,7100,2021-08-24 18:34:00,SRNE
9.02,9.0283,9.015,9.02,4800,2021-08-24 18:35:00,SRNE
9.02,9.025,9.015,9.015,8779,2021-08-24 18:36:00,SRNE
9.015,9.015,9.0118,9.0118,700,2021-08-24 18:37:00,SRNE
9.01,9.01,8.98,9.0,52327,2021-08-24 18:38:00,SRNE
9.005,9.005,8.99,8.99,3851,2021-08-24 18:39:00,SRNE
8.9958,8.9958,8.99,8.99,2647,2021-08-24 18:40:00,SRNE
8.995,8.9999,8.99,8.99,3969,2021-08-24 18:41:00,SRNE
8.995,9.0,8.98,9.0,4440,2021-08-24 18:42:00,SRNE
8.995,8.995,8.98,8.98,3103,2021-08-24 18:43:00,SRNE
8.98,8.9801,8.97,8.98,17924,2021-08-24 18:44:00,SRNE
8.97,8.9922,8.97,8.9922,4046,2021-08-24 18:45:00,SRNE
8.9999,9.01,8.995,9.0028,15178,2021-08-24 18:46:00,SRNE
9.005,9.005,9.0001,9.0001,4724,2021-08-24 18:47:00,SRNE
9.01,9.03,9.0,9.025,10355,2021-08-24 18:48:00,SRNE
9.03,9.065,9.03,9.065,14284,2021-08-24 18:49:00,SRNE
9.06,9.07,9.06,9.065,2586,2021-08-24 18:50:00,SRNE
9.06,9.08,9.06,9.0777,12117,2021-08-24 18:51:00,SRNE
9.07,9.075,9.065,9.0731,8408,2021-08-24 18:52:00,SRNE
9.0701,9.08,9.07,9.08,7100,2021-08-24 18:53:00,SRNE
9.08,9.085,9.075,9.085,16239,2021-08-24 18:54:00,SRNE
9.087,9.087,9.07,9.0706,16065,2021-08-24 18:55:00,SRNE
9.075,9.08,9.0709,9.08,6390,2021-08-24 18:56:00,SRNE
9.08,9.1,9.075,9.095,11416,2021-08-24 18:57:00,SRNE
9.09,9.1,9.09,9.095,2082,2021-08-24 18:58:00,SRNE
9.0987,9.1,9.08,9.1,17739,2021-08-24 18:59:00,SRNE
9.0913,9.0974,9.09,9.095,1550,2021-08-24 19:00:00,SRNE
9.09,9.097,9.08,9.08,11743,2021-08-24 19:01:00,SRNE
9.0822,9.0883,9.08,9.0883,7700,2021-08-24 19:02:00,SRNE
9.085,9.085,9.0801,9.081,700,2021-08-24 19:03:00,SRNE
9.085,9.09,9.0808,9.085,3875,2021-08-24 19:04:00,SRNE
9.08,9.085,9.07,9.07,3627,2021-08-24 19:05:00,SRNE
9.0721,9.085,9.07,9.0827,17137,2021-08-24 19:06:00,SRNE
9.08,9.09,9.08,9.09,6327,2021-08-24 19:07:00,SRNE
9.0924,9.1,9.09,9.09,38760,2021-08-24 19:08:00,SRNE
9.1,9.1,9.08,9.08,2801,2021-08-24 19:09:00,SRNE
9.08,9.085,9.07,9.0822,6545,2021-08-24 19:10:00,SRNE
9.0801,9.095,9.08,9.095,5776,2021-08-24 19:11:00,SRNE
9.095,9.1,9.0923,9.1,770,2021-08-24 19:12:00,SRNE
9.095,9.0999,9.08,9.0999,7825,2021-08-24 19:13:00,SRNE
9.095,9.11,9.095,9.11,19609,2021-08-24 19:14:00,SRNE
9.105,9.105,9.1,9.1006,9399,2021-08-24 19:15:00,SRNE
9.1,9.11,9.1,9.1,2888,2021-08-24 19:16:00,SRNE
9.1023,9.1081,9.1,9.105,1130,2021-08-24 19:17:00,SRNE
9.1,9.1,9.09,9.0901,12656,2021-08-24 19:18:00,SRNE
9.1,9.11,9.1,9.1015,10246,2021-08-24 19:19:00,SRNE
9.11,9.11,9.1,9.105,4900,2021-08-24 19:20:00,SRNE
9.105,9.11,9.1,9.105,1250,2021-08-24 19:21:00,SRNE
9.105,9.105,9.09,9.09,7489,2021-08-24 19:22:00,SRNE
9.09,9.1,9.08,9.095,7083,2021-08-24 19:23:00,SRNE
9.095,9.1,9.09,9.09,2500,2021-08-24 19:24:00,SRNE
9.09,9.105,9.09,9.101,11927,2021-08-24 19:25:00,SRNE
9.105,9.115,9.1,9.105,12450,2021-08-24 19:26:00,SRNE
9.105,9.11,9.1001,9.11,2665,2021-08-24 19:27:00,SRNE
9.11,9.11,9.1,9.1,7309,2021-08-24 19:28:00,SRNE
9.105,9.11,9.1,9.1,9967,2021-08-24 19:29:00,SRNE
9.11,9.11,9.095,9.1,8320,2021-08-24 19:30:00,SRNE
9.095,9.105,9.09,9.105,4500,2021-08-24 19:31:00,SRNE
9.1058,9.11,9.1,9.1,10887,2021-08-24 19:32:00,SRNE
9.11,9.11,9.1,9.11,16595,2021-08-24 19:33:00,SRNE
9.11,9.115,9.1,9.105,7681,2021-08-24 19:34:00,SRNE
9.105,9.11,9.09,9.1,14307,2021-08-24 19:35:00,SRNE
9.11,9.115,9.1,9.1,9694,2021-08-24 19:36:00,SRNE
9.1001,9.115,9.1,9.1,38907,2021-08-24 19:37:00,SRNE
9.105,9.11,9.1,9.105,3285,2021-08-24 19:38:00,SRNE
9.105,9.125,9.1,9.12,15864,2021-08-24 19:39:00,SRNE
9.12,9.13,9.11,9.12,24970,2021-08-24 19:40:00,SRNE
9.1294,9.14,9.125,9.135,10243,2021-08-24 19:41:00,SRNE
9.134,9.14,9.13,9.135,7171,2021-08-24 19:42:00,SRNE
9.1325,9.14,9.13,9.135,6420,2021-08-24 19:43:00,SRNE
9.1316,9.15,9.13,9.1401,15877,2021-08-24 19:44:00,SRNE
9.145,9.15,9.135,9.14,28982,2021-08-24 19:45:00,SRNE
9.145,9.15,9.1401,9.15,3300,2021-08-24 19:46:00,SRNE
9.14,9.15,9.14,9.14,4213,2021-08-24 19:47:00,SRNE
9.1401,9.145,9.1307,9.135,15236,2021-08-24 19:48:00,SRNE
9.13,9.1399,9.13,9.135,10153,2021-08-24 19:49:00,SRNE
9.13,9.135,9.12,9.135,23726,2021-08-24 19:50:00,SRNE
9.135,9.145,9.1301,9.1301,20048,2021-08-24 19:51:00,SRNE
9.14,9.15,9.134,9.15,15104,2021-08-24 19:52:00,SRNE
9.14,9.14,9.13,9.135,27025,2021-08-24 19:53:00,SRNE
9.135,9.14,9.13,9.1372,4656,2021-08-24 19:54:00,SRNE
9.135,9.14,9.13,9.1301,25575,2021-08-24 19:55:00,SRNE
9.13,9.14,9.12,9.12,26022,2021-08-24 19:56:00,SRNE
9.1201,9.125,9.11,9.1193,34671,2021-08-24 19:57:00,SRNE
9.11,9.119,9.1,9.119,25993,2021-08-24 19:58:00,SRNE
9.115,9.12,9.1,9.11,52745,2021-08-24 19:59:00,SRNE
9.1,9.1,9.1,9.1,136688,2021-08-24 20:00:00,SRNE
9.1,9.1,9.1,9.1,4023,2021-08-24 20:01:00,SRNE
9.12,9.12,9.12,9.12,1000,2021-08-24 20:02:00,SRNE
9.14,9.14,9.14,9.14,300,2021-08-24 20:03:00,SRNE
9.14,9.15,9.14,9.15,1300,2021-08-24 20:05:00,SRNE
9.13,9.13,9.13,9.13,200,2021-08-24 20:12:00,SRNE
9.12,9.12,9.12,9.12,100,2021-08-24 20:15:00,SRNE
9.12,9.12,9.12,9.12,4123,2021-08-24 20:16:00,SRNE
9.13,9.13,9.13,9.13,100,2021-08-24 20:21:00,SRNE
9.1,9.1,9.1,9.1,100,2021-08-24 20:23:00,SRNE
9.1,9.1,9.1,9.1,141,2021-08-24 20:26:00,SRNE
9.12,9.12,9.1,9.1,1100,2021-08-24 20:33:00,SRNE
9.1,9.1,9.1,9.1,698,2021-08-24 20:41:00,SRNE
9.11,9.11,9.11,9.11,500,2021-08-24 20:44:00,SRNE
9.11,9.11,9.11,9.11,200,2021-08-24 20:48:00,SRNE
9.1,9.1,9.1,9.1,200,2021-08-24 20:50:00,SRNE
9.11,9.11,9.11,9.11,1870,2021-08-24 20:51:00,SRNE
9.1,9.1,9.1,9.1,1600,2021-08-24 20:52:00,SRNE
9.09,9.09,9.09,9.09,1000,2021-08-24 20:55:00,SRNE
9.1,9.1,9.1,9.1,250,2021-08-24 20:58:00,SRNE
9.09,9.09,9.09,9.09,3450,2021-08-24 20:59:00,SRNE
9.09,9.09,9.08,9.08,8550,2021-08-24 21:00:00,SRNE
9.1,9.1,9.1,9.1,1000,2021-08-24 21:05:00,SRNE
9.1,9.1,9.1,9.1,1000,2021-08-24 21:12:00,SRNE
9.1,9.1,9.1,9.1,199,2021-08-24 21:18:00,SRNE
9.0999,9.1,9.0999,9.1,200,2021-08-24 21:22:00,SRNE
9.08,9.08,9.07,9.07,698,2021-08-24 21:24:00,SRNE
9.07,9.07,9.07,9.07,100,2021-08-24 21:33:00,SRNE
9.1,9.1,9.1,9.1,5000,2021-08-24 21:52:00,SRNE
9.06,9.06,9.06,9.06,306,2021-08-24 21:54:00,SRNE
9.09,9.09,9.09,9.09,300,2021-08-24 22:03:00,SRNE
9.09,9.09,9.09,9.09,400,2021-08-24 22:04:00,SRNE
9.09,9.09,9.09,9.09,500,2021-08-24 22:08:00,SRNE
9.09,9.09,9.09,9.09,124,2021-08-24 22:16:00,SRNE
9.09,9.1,9.09,9.1,200,2021-08-24 22:32:00,SRNE
9.1,9.1,9.1,9.1,5599,2021-08-24 22:48:00,SRNE
9.12,9.12,9.12,9.12,400,2021-08-24 22:51:00,SRNE
9.14,9.14,9.14,9.14,664,2021-08-24 22:54:00,SRNE
9.14,9.14,9.14,9.14,120,2021-08-24 22:56:00,SRNE
9.14,9.15,9.14,9.15,250,2021-08-24 22:59:00,SRNE
9.14,9.14,9.14,9.14,1000,2021-08-24 23:01:00,SRNE
9.15,9.15,9.14,9.14,1231,2021-08-24 23:03:00,SRNE
9.1,9.1,9.1,9.1,100,2021-08-24 23:04:00,SRNE
9.11,9.11,9.1,9.1,899,2021-08-24 23:05:00,SRNE
9.1,9.1,9.1,9.1,101,2021-08-24 23:06:00,SRNE
9.14,9.14,9.14,9.14,150,2021-08-24 23:09:00,SRNE
9.12,9.12,9.12,9.12,2000,2021-08-24 23:14:00,SRNE
9.1199,9.1199,9.1199,9.1199,800,2021-08-24 23:30:00,SRNE
9.11,9.11,9.11,9.11,1000,2021-08-24 23:42:00,SRNE
9.11,9.11,9.11,9.11,400,2021-08-24 23:43:00,SRNE
9.1,9.1,9.1,9.1,100,2021-08-24 23:54:00,SRNE
9.1,9.1,9.1,9.1,2000,2021-08-24 23:56:00,SRNE
9.12,9.15,9.12,9.12,1784,2021-08-24 23:59:00,SRNE
9.17,9.17,9.17,9.17,300,2021-08-25 08:07:00,SRNE
9.15,9.15,9.15,9.15,150,2021-08-25 10:40:00,SRNE
9.15,9.15,9.15,9.15,2323,2021-08-25 10:52:00,SRNE
9.15,9.15,9.15,9.15,100,2021-08-25 11:00:00,SRNE
9.07,9.07,9.07,9.07,100,2021-08-25 11:35:00,SRNE
9.07,9.07,9.07,9.07,300,2021-08-25 12:07:00,SRNE
9.07,9.07,9.07,9.07,100,2021-08-25 12:14:00,SRNE
9.07,9.07,9.07,9.07,100,2021-08-25 12:15:00,SRNE
9.05,9.05,9.05,9.05,1000,2021-08-25 12:20:00,SRNE
9.05,9.05,9.05,9.05,200,2021-08-25 12:22:00,SRNE
9.03,9.03,9.03,9.03,1000,2021-08-25 12:23:00,SRNE
9.03,9.03,9.03,9.03,1100,2021-08-25 12:27:00,SRNE
9.0001,9.0001,9.0001,9.0001,1000,2021-08-25 12:29:00,SRNE
9.0001,9.0001,9.0001,9.0001,1000,2021-08-25 12:31:00,SRNE
9.03,9.03,9.02,9.02,600,2021-08-25 12:44:00,SRNE
9.02,9.02,9.02,9.02,250,2021-08-25 12:45:00,SRNE
9.02,9.02,9.02,9.02,100,2021-08-25 12:46:00,SRNE
9.0,9.0,9.0,9.0,2000,2021-08-25 12:57:00,SRNE
9.01,9.01,9.0,9.0001,2450,2021-08-25 12:58:00,SRNE
9.01,9.01,9.01,9.01,100,2021-08-25 13:00:00,SRNE
9.02,9.02,9.02,9.02,4100,2021-08-25 13:02:00,SRNE
9.0,9.0,9.0,9.0,150,2021-08-25 13:04:00,SRNE
9.0,9.02,9.0,9.02,1150,2021-08-25 13:06:00,SRNE
9.02,9.02,9.02,9.02,200,2021-08-25 13:09:00,SRNE
9.0199,9.0199,9.0199,9.0199,500,2021-08-25 13:11:00,SRNE
9.0,9.0,9.0,9.0,100,2021-08-25 13:13:00,SRNE
9.0199,9.0199,9.0199,9.0199,500,2021-08-25 13:15:00,SRNE
9.1027,9.1027,9.1027,9.1027,2677,2021-08-25 13:16:00,SRNE
9.0,9.0,9.0,9.0,240,2021-08-25 13:18:00,SRNE
9.0004,9.0004,9.0004,9.0004,134,2021-08-25 13:22:00,SRNE
9.0,9.0,9.0,9.0,100,2021-08-25 13:23:00,SRNE
9.05,9.05,9.05,9.05,150,2021-08-25 13:25:00,SRNE
9.05,9.05,9.05,9.05,181,2021-08-25 13:26:00,SRNE
9.05,9.09,9.05,9.09,2482,2021-08-25 13:27:00,SRNE
9.0398,9.07,8.97,8.98,38215,2021-08-25 13:30:00,SRNE
8.99,9.02,8.9642,8.9642,18870,2021-08-25 13:31:00,SRNE
8.975,9.0287,8.97,8.99,12729,2021-08-25 13:32:00,SRNE
8.99,9.07,8.97,9.07,20804,2021-08-25 13:33:00,SRNE
9.065,9.1,9.06,9.1,11890,2021-08-25 13:34:00,SRNE
9.07,9.14,9.06,9.1285,26648,2021-08-25 13:35:00,SRNE
9.1217,9.14,9.105,9.13,22469,2021-08-25 13:36:00,SRNE
9.14,9.14,9.095,9.095,5701,2021-08-25 13:37:00,SRNE
9.09,9.0999,9.089,9.095,3074,2021-08-25 13:38:00,SRNE
9.09,9.1158,9.08,9.1158,5252,2021-08-25 13:39:00,SRNE
9.11,9.145,9.11,9.145,12454,2021-08-25 13:40:00,SRNE
9.15,9.2,9.15,9.177,85791,2021-08-25 13:41:00,SRNE
9.1784,9.19,9.17,9.18,8200,2021-08-25 13:42:00,SRNE
9.1899,9.19,9.17,9.19,33684,2021-08-25 13:43:00,SRNE
9.19,9.21,9.18,9.1975,39114,2021-08-25 13:44:00,SRNE
9.19,9.21,9.19,9.2099,16395,2021-08-25 13:45:00,SRNE
9.2001,9.21,9.179,9.18,35787,2021-08-25 13:46:00,SRNE
9.18,9.2,9.15,9.16,39634,2021-08-25 13:47:00,SRNE
9.1685,9.18,9.155,9.165,36144,2021-08-25 13:48:00,SRNE
9.164,9.18,9.164,9.175,17424,2021-08-25 13:49:00,SRNE
9.18,9.2,9.175,9.185,7997,2021-08-25 13:50:00,SRNE
9.18,9.18,9.15,9.165,27317,2021-08-25 13:51:00,SRNE
9.16,9.21,9.155,9.2001,13546,2021-08-25 13:52:00,SRNE
9.21,9.24,9.21,9.24,22609,2021-08-25 13:53:00,SRNE
9.24,9.25,9.22,9.25,84879,2021-08-25 13:54:00,SRNE
9.25,9.25,9.225,9.23,11850,2021-08-25 13:55:00,SRNE
9.225,9.25,9.225,9.247,22146,2021-08-25 13:56:00,SRNE
9.25,9.25,9.21,9.22,66129,2021-08-25 13:57:00,SRNE
9.22,9.22,9.21,9.21,7424,2021-08-25 13:58:00,SRNE
9.21,9.24,9.21,9.24,9117,2021-08-25 13:59:00,SRNE
9.24,9.25,9.23,9.235,26607,2021-08-25 14:00:00,SRNE
9.24,9.25,9.24,9.25,15230,2021-08-25 14:01:00,SRNE
9.2499,9.26,9.2482,9.26,28564,2021-08-25 14:02:00,SRNE
9.2622,9.3,9.2622,9.28,33131,2021-08-25 14:03:00,SRNE
9.2801,9.295,9.28,9.2917,35704,2021-08-25 14:04:00,SRNE
9.2973,9.2973,9.24,9.265,32872,2021-08-25 14:05:00,SRNE
9.265,9.2699,9.2401,9.25,15784,2021-08-25 14:06:00,SRNE
9.24,9.28,9.24,9.275,14734,2021-08-25 14:07:00,SRNE
9.28,9.28,9.26,9.2701,13874,2021-08-25 14:08:00,SRNE
9.27,9.29,9.27,9.29,8974,2021-08-25 14:09:00,SRNE
9.2901,9.31,9.2873,9.3017,52740,2021-08-25 14:10:00,SRNE
9.31,9.32,9.305,9.315,40200,2021-08-25 14:11:00,SRNE
9.3199,9.42,9.3199,9.415,136865,2021-08-25 14:12:00,SRNE
9.413,9.4199,9.38,9.4,81290,2021-08-25 14:13:00,SRNE
9.4,9.42,9.4,9.4199,12582,2021-08-25 14:14:00,SRNE
9.41,9.4377,9.41,9.43,20117,2021-08-25 14:15:00,SRNE
9.435,9.44,9.4203,9.43,37738,2021-08-25 14:16:00,SRNE
9.425,9.45,9.42,9.45,11664,2021-08-25 14:17:00,SRNE
9.4401,9.46,9.4401,9.45,42714,2021-08-25 14:18:00,SRNE
9.455,9.46,9.45,9.455,7490,2021-08-25 14:19:00,SRNE
9.455,9.455,9.4,9.42,25047,2021-08-25 14:20:00,SRNE
9.411,9.435,9.41,9.425,10169,2021-08-25 14:21:00,SRNE
9.4298,9.43,9.42,9.43,11784,2021-08-25 14:22:00,SRNE
9.43,9.44,9.43,9.44,18295,2021-08-25 14:23:00,SRNE
9.435,9.46,9.43,9.45,33623,2021-08-25 14:24:00,SRNE
9.45,9.455,9.415,9.415,31551,2021-08-25 14:25:00,SRNE
9.4128,9.42,9.385,9.385,37586,2021-08-25 14:26:00,SRNE
9.385,9.4,9.37,9.39,57534,2021-08-25 14:27:00,SRNE
9.385,9.42,9.385,9.4176,13322,2021-08-25 14:28:00,SRNE
9.415,9.43,9.4,9.4128,33631,2021-08-25 14:29:00,SRNE
9.415,9.47,9.415,9.465,27367,2021-08-25 14:30:00,SRNE
9.465,9.47,9.445,9.46,21879,2021-08-25 14:31:00,SRNE
9.45,9.46,9.43,9.46,28160,2021-08-25 14:32:00,SRNE
9.4599,9.48,9.4501,9.47,13649,2021-08-25 14:33:00,SRNE
9.4785,9.49,9.46,9.46,22107,2021-08-25 14:34:00,SRNE
9.47,9.4777,9.44,9.4755,25335,2021-08-25 14:35:00,SRNE
9.475,9.49,9.475,9.49,6546,2021-08-25 14:36:00,SRNE
9.49,9.49,9.47,9.48,31219,2021-08-25 14:37:00,SRNE
9.48,9.48,9.466,9.4701,13714,2021-08-25 14:38:00,SRNE
9.4727,9.48,9.461,9.4701,23647,2021-08-25 14:39:00,SRNE
9.4701,9.48,9.463,9.47,20267,2021-08-25 14:40:00,SRNE
9.46,9.485,9.455,9.47,39788,2021-08-25 14:41:00,SRNE
9.47,9.47,9.4592,9.465,21296,2021-08-25 14:42:00,SRNE
9.46,9.48,9.46,9.475,10203,2021-08-25 14:43:00,SRNE
9.475,9.49,9.47,9.485,10701,2021-08-25 14:44:00,SRNE
9.4801,9.485,9.47,9.475,7544,2021-08-25 14:45:00,SRNE
9.471,9.475,9.455,9.4701,15511,2021-08-25 14:46:00,SRNE
9.475,9.486,9.475,9.485,14021,2021-08-25 14:47:00,SRNE
9.485,9.485,9.44,9.4699,32557,2021-08-25 14:48:00,SRNE
9.47,9.477,9.465,9.47,7163,2021-08-25 14:49:00,SRNE
9.48,9.48,9.47,9.47,9164,2021-08-25 14:50:00,SRNE
9.475,9.48,9.47,9.475,8850,2021-08-25 14:51:00,SRNE
9.48,9.4875,9.475,9.479,16524,2021-08-25 14:52:00,SRNE
9.475,9.48,9.4732,9.4732,4996,2021-08-25 14:53:00,SRNE
9.471,9.48,9.4701,9.4701,3032,2021-08-25 14:54:00,SRNE
9.475,9.48,9.45,9.4592,13531,2021-08-25 14:55:00,SRNE
9.4523,9.46,9.45,9.455,10893,2021-08-25 14:56:00,SRNE
9.4595,9.465,9.4595,9.4601,5134,2021-08-25 14:57:00,SRNE
9.4616,9.467,9.461,9.461,2300,2021-08-25 14:58:00,SRNE
9.47,9.48,9.47,9.4779,5802,2021-08-25 14:59:00,SRNE
9.473,9.48,9.461,9.461,7729,2021-08-25 15:00:00,SRNE
9.469,9.47,9.46,9.47,11865,2021-08-25 15:01:00,SRNE
9.4666,9.4666,9.4513,9.4513,8128,2021-08-25 15:02:00,SRNE
9.45,9.475,9.45,9.47,10925,2021-08-25 15:03:00,SRNE
9.475,9.4799,9.4701,9.4713,4899,2021-08-25 15:04:00,SRNE
9.47,9.475,9.46,9.475,23250,2021-08-25 15:05:00,SRNE
9.4721,9.475,9.45,9.4528,19685,2021-08-25 15:06:00,SRNE
9.4524,9.4524,9.43,9.433,13481,2021-08-25 15:07:00,SRNE
9.44,9.445,9.43,9.43,14422,2021-08-25 15:08:00,SRNE
9.43,9.44,9.43,9.43,6476,2021-08-25 15:09:00,SRNE
9.431,9.431,9.4,9.405,29607,2021-08-25 15:10:00,SRNE
9.405,9.42,9.4,9.41,8931,2021-08-25 15:11:00,SRNE
9.405,9.41,9.38,9.4071,20078,2021-08-25 15:12:00,SRNE
9.41,9.435,9.41,9.43,9681,2021-08-25 15:13:00,SRNE
9.43,9.44,9.43,9.4373,3542,2021-08-25 15:14:00,SRNE
9.43,9.435,9.41,9.41,15479,2021-08-25 15:15:00,SRNE
9.41,9.42,9.41,9.41,2894,2021-08-25 15:16:00,SRNE
9.4126,9.42,9.4,9.405,32622,2021-08-25 15:17:00,SRNE
9.405,9.42,9.405,9.4167,6461,2021-08-25 15:18:00,SRNE
9.415,9.42,9.4118,9.4182,6334,2021-08-25 15:19:00,SRNE
9.4139,9.415,9.4116,9.4116,1950,2021-08-25 15:20:00,SRNE
9.415,9.415,9.391,9.395,32935,2021-08-25 15:21:00,SRNE
9.3999,9.41,9.3828,9.3899,30003,2021-08-25 15:22:00,SRNE
9.3822,9.3957,9.3807,9.3907,8880,2021-08-25 15:23:00,SRNE
9.399,9.41,9.395,9.4002,5594,2021-08-25 15:24:00,SRNE
9.4083,9.41,9.4,9.41,7215,2021-08-25 15:25:00,SRNE
9.4012,9.41,9.4,9.41,5500,2021-08-25 15:26:00,SRNE
9.4,9.409,9.4,9.4,3331,2021-08-25 15:27:00,SRNE
9.395,9.4,9.395,9.395,6798,2021-08-25 15:28:00,SRNE
9.395,9.41,9.395,9.405,2826,2021-08-25 15:29:00,SRNE
9.4,9.415,9.4,9.4,70460,2021-08-25 15:30:00,SRNE
9.405,9.445,9.4,9.445,12001,2021-08-25 15:31:00,SRNE
9.45,9.4701,9.445,9.4701,24363,2021-08-25 15:32:00,SRNE
9.47,9.48,9.47,9.475,10391,2021-08-25 15:33:00,SRNE
9.4745,9.475,9.47,9.4725,3905,2021-08-25 15:34:00,SRNE
9.4728,9.48,9.47,9.47,5800,2021-08-25 15:35:00,SRNE
9.48,9.48,9.47,9.475,3890,2021-08-25 15:36:00,SRNE
9.48,9.49,9.4701,9.49,18240,2021-08-25 15:37:00,SRNE
9.4899,9.49,9.48,9.4832,21441,2021-08-25 15:38:00,SRNE
9.4891,9.4891,9.4616,9.475,21629,2021-08-25 15:39:00,SRNE
9.48,9.485,9.47,9.47,9686,2021-08-25 15:40:00,SRNE
9.4701,9.48,9.47,9.48,5054,2021-08-25 15:41:00,SRNE
9.4801,9.499,9.4801,9.4899,14038,2021-08-25 15:42:00,SRNE
9.49,9.5,9.49,9.495,13440,2021-08-25 15:43:00,SRNE
9.4973,9.525,9.49,9.51,134443,2021-08-25 15:44:00,SRNE
9.5187,9.545,9.51,9.525,53151,2021-08-25 15:45:00,SRNE
9.5229,9.549,9.5201,9.5414,12889,2021-08-25 15:46:00,SRNE
9.545,9.55,9.54,9.54,15050,2021-08-25 15:47:00,SRNE
9.54,9.55,9.535,9.54,8884,2021-08-25 15:48:00,SRNE
9.535,9.55,9.535,9.545,22190,2021-08-25 15:49:00,SRNE
9.543,9.55,9.54,9.545,11448,2021-08-25 15:50:00,SRNE
9.54,9.55,9.54,9.545,2650,2021-08-25 15:51:00,SRNE
9.54,9.5476,9.54,9.545,8770,2021-08-25 15:52:00,SRNE
9.54,9.55,9.54,9.55,14085,2021-08-25 15:53:00,SRNE
9.55,9.55,9.54,9.5423,15385,2021-08-25 15:54:00,SRNE
9.5423,9.5499,9.53,9.5401,13376,2021-08-25 15:55:00,SRNE
9.5475,9.57,9.545,9.56,41246,2021-08-25 15:56:00,SRNE
9.565,9.59,9.56,9.59,43513,2021-08-25 15:57:00,SRNE
9.58,9.6,9.58,9.5972,31962,2021-08-25 15:58:00,SRNE
9.6,9.61,9.59,9.6078,30259,2021-08-25 15:59:00,SRNE
9.6009,9.61,9.59,9.595,20252,2021-08-25 16:00:00,SRNE
9.6,9.61,9.59,9.6051,38723,2021-08-25 16:01:00,SRNE
9.605,9.61,9.58,9.58,13109,2021-08-25 16:02:00,SRNE
9.5899,9.59,9.575,9.58,15164,2021-08-25 16:03:00,SRNE
9.58,9.6199,9.58,9.6199,33020,2021-08-25 16:04:00,SRNE
9.62,9.63,9.6199,9.63,24576,2021-08-25 16:05:00,SRNE
9.625,9.63,9.62,9.63,37587,2021-08-25 16:06:00,SRNE
9.6299,9.63,9.5901,9.5985,50731,2021-08-25 16:07:00,SRNE
9.595,9.6,9.57,9.59,53161,2021-08-25 16:08:00,SRNE
9.59,9.5915,9.57,9.5807,13096,2021-08-25 16:09:00,SRNE
9.5801,9.585,9.56,9.57,18705,2021-08-25 16:10:00,SRNE
9.5799,9.58,9.57,9.57,5016,2021-08-25 16:11:00,SRNE
9.57,9.5899,9.57,9.575,7143,2021-08-25 16:12:00,SRNE
9.575,9.575,9.53,9.535,10274,2021-08-25 16:13:00,SRNE
9.54,9.54,9.53,9.53,9880,2021-08-25 16:14:00,SRNE
9.54,9.54,9.51,9.5117,16580,2021-08-25 16:15:00,SRNE
9.5107,9.515,9.49,9.5,23702,2021-08-25 16:16:00,SRNE
9.505,9.55,9.505,9.54,14722,2021-08-25 16:17:00,SRNE
9.54,9.5422,9.535,9.535,1000,2021-08-25 16:18:00,SRNE
9.5399,9.55,9.525,9.535,19269,2021-08-25 16:19:00,SRNE
9.53,9.545,9.53,9.545,5200,2021-08-25 16:20:00,SRNE
9.55,9.55,9.5401,9.545,1507,2021-08-25 16:21:00,SRNE
9.55,9.56,9.5487,9.555,8159,2021-08-25 16:22:00,SRNE
9.5575,9.56,9.525,9.5322,19979,2021-08-25 16:23:00,SRNE
9.535,9.5473,9.535,9.5428,1704,2021-08-25 16:24:00,SRNE
9.545,9.56,9.5431,9.555,1723,2021-08-25 16:25:00,SRNE
9.55,9.55,9.545,9.545,1693,2021-08-25 16:26:00,SRNE
9.55,9.555,9.54,9.54,7583,2021-08-25 16:27:00,SRNE
9.5421,9.5421,9.525,9.525,8283,2021-08-25 16:28:00,SRNE
9.525,9.525,9.52,9.525,2183,2021-08-25 16:29:00,SRNE
9.5201,9.525,9.52,9.525,1200,2021-08-25 16:30:00,SRNE
9.52,9.52,9.52,9.52,4661,2021-08-25 16:31:00,SRNE
9.5201,9.53,9.51,9.51,23849,2021-08-25 16:32:00,SRNE
9.51,9.51,9.487,9.487,16075,2021-08-25 16:33:00,SRNE
9.485,9.49,9.48,9.485,5825,2021-08-25 16:34:00,SRNE
9.48,9.48,9.47,9.47,13606,2021-08-25 16:35:00,SRNE
9.47,9.475,9.46,9.475,3008,2021-08-25 16:36:00,SRNE
9.4711,9.5,9.4711,9.5,13673,2021-08-25 16:37:00,SRNE
9.5,9.5,9.4912,9.4929,11207,2021-08-25 16:38:00,SRNE
9.4901,9.505,9.49,9.49,10598,2021-08-25 16:39:00,SRNE
9.5,9.5083,9.5,9.5,10400,2021-08-25 16:40:00,SRNE
9.51,9.53,9.5008,9.52,26820,2021-08-25 16:41:00,SRNE
9.5124,9.5199,9.51,9.515,1950,2021-08-25 16:42:00,SRNE
9.516,9.52,9.514,9.518,3925,2021-08-25 16:43:00,SRNE
9.51,9.52,9.51,9.51,10816,2021-08-25 16:44:00,SRNE
9.515,9.535,9.51,9.515,9511,2021-08-25 16:45:00,SRNE
9.5132,9.5199,9.51,9.5199,1920,2021-08-25 16:46:00,SRNE
9.515,9.515,9.515,9.515,1300,2021-08-25 16:47:00,SRNE
9.515,9.515,9.5,9.5023,11884,2021-08-25 16:48:00,SRNE
9.505,9.515,9.5,9.51,10828,2021-08-25 16:49:00,SRNE
9.515,9.515,9.5118,9.515,700,2021-08-25 16:50:00,SRNE
9.515,9.515,9.5101,9.5101,1140,2021-08-25 16:51:00,SRNE
9.51,9.51,9.495,9.5,8032,2021-08-25 16:52:00,SRNE
9.5,9.5,9.48,9.48,6887,2021-08-25 16:53:00,SRNE
9.485,9.485,9.48,9.485,600,2021-08-25 16:54:00,SRNE
9.49,9.5,9.49,9.5,4710,2021-08-25 16:55:00,SRNE
9.5,9.51,9.49,9.49,56364,2021-08-25 16:56:00,SRNE
9.49,9.5,9.475,9.5,21827,2021-08-25 16:57:00,SRNE
9.5,9.505,9.49,9.4984,18452,2021-08-25 16:58:00,SRNE
9.5,9.505,9.5,9.505,2172,2021-08-25 16:59:00,SRNE
9.51,9.515,9.5,9.5117,6503,2021-08-25 17:00:00,SRNE
9.5199,9.52,9.51,9.5101,7779,2021-08-25 17:01:00,SRNE
9.51,9.51,9.5,9.51,4825,2021-08-25 17:02:00,SRNE
9.5134,9.515,9.5114,9.515,2010,2021-08-25 17:03:00,SRNE
9.515,9.52,9.5,9.505,3347,2021-08-25 17:04:00,SRNE
9.51,9.51,9.48,9.4887,24413,2021-08-25 17:05:00,SRNE
9.485,9.4973,9.485,9.4921,700,2021-08-25 17:06:00,SRNE
9.4965,9.505,9.4901,9.4901,7804,2021-08-25 17:07:00,SRNE
9.5,9.505,9.5,9.5017,2400,2021-08-25 17:08:00,SRNE
9.505,9.508,9.5,9.508,1352,2021-08-25 17:09:00,SRNE
9.5099,9.51,9.5,9.5,25021,2021-08-25 17:10:00,SRNE
9.49,9.49,9.47,9.475,17334,2021-08-25 17:11:00,SRNE
9.48,9.48,9.4701,9.4701,1464,2021-08-25 17:12:00,SRNE
9.48,9.48,9.475,9.475,665,2021-08-25 17:13:00,SRNE
9.471,9.48,9.465,9.465,4308,2021-08-25 17:14:00,SRNE
9.4678,9.47,9.41,9.46,62875,2021-08-25 17:15:00,SRNE
9.46,9.4611,9.45,9.45,5014,2021-08-25 17:16:00,SRNE
9.44,9.44,9.41,9.42,16726,2021-08-25 17:17:00,SRNE
9.42,9.438,9.42,9.43,14157,2021-08-25 17:18:00,SRNE
9.43,9.46,9.43,9.46,5406,2021-08-25 17:19:00,SRNE
9.455,9.48,9.455,9.48,13960,2021-08-25 17:20:00,SRNE
9.49,9.49,9.48,9.49,5497,2021-08-25 17:21:00,SRNE
9.48,9.48,9.48,9.48,300,2021-08-25 17:22:00,SRNE
9.4859,9.49,9.48,9.49,4965,2021-08-25 17:23:00,SRNE
9.4811,9.5,9.4811,9.495,9035,2021-08-25 17:24:00,SRNE
9.49,9.5,9.49,9.4936,12677,2021-08-25 17:26:00,SRNE
9.4914,9.495,9.4899,9.4899,16194,2021-08-25 17:27:00,SRNE
9.485,9.485,9.4808,9.485,5224,2021-08-25 17:28:00,SRNE
9.4808,9.5,9.48,9.5,18280,2021-08-25 17:29:00,SRNE
9.495,9.495,9.4909,9.495,3202,2021-08-25 17:30:00,SRNE
9.4984,9.4984,9.4925,9.4925,1017,2021-08-25 17:31:00,SRNE
9.49,9.5,9.49,9.5,10987,2021-08-25 17:32:00,SRNE
9.495,9.495,9.49,9.495,359,2021-08-25 17:33:00,SRNE
9.495,9.495,9.4601,9.479,18033,2021-08-25 17:34:00,SRNE
9.4723,9.4761,9.44,9.44,23328,2021-08-25 17:35:00,SRNE
9.45,9.4799,9.44,9.47,14358,2021-08-25 17:36:00,SRNE
9.4701,9.4901,9.47,9.4901,5621,2021-08-25 17:37:00,SRNE
9.5,9.509,9.4901,9.5,32776,2021-08-25 17:38:00,SRNE
9.5069,9.51,9.5,9.505,12886,2021-08-25 17:39:00,SRNE
9.505,9.505,9.5,9.5,5023,2021-08-25 17:40:00,SRNE
9.495,9.5,9.4901,9.4908,4486,2021-08-25 17:41:00,SRNE
9.4982,9.5,9.47,9.475,27744,2021-08-25 17:42:00,SRNE
9.4707,9.48,9.43,9.47,53051,2021-08-25 17:43:00,SRNE
9.475,9.485,9.47,9.4812,5710,2021-08-25 17:44:00,SRNE
9.4818,9.49,9.48,9.48,1700,2021-08-25 17:45:00,SRNE
9.48,9.4873,9.475,9.4801,5698,2021-08-25 17:46:00,SRNE
9.48,9.5,9.48,9.485,9055,2021-08-25 17:47:00,SRNE
9.485,9.5,9.485,9.495,3750,2021-08-25 17:48:00,SRNE
9.491,9.495,9.4875,9.4875,3600,2021-08-25 17:49:00,SRNE
9.485,9.485,9.48,9.48,2360,2021-08-25 17:50:00,SRNE
9.48,9.48,9.4629,9.4629,5016,2021-08-25 17:51:00,SRNE
9.47,9.4819,9.47,9.4819,5466,2021-08-25 17:52:00,SRNE
9.488,9.49,9.48,9.48,1300,2021-08-25 17:53:00,SRNE
9.485,9.485,9.48,9.48,6958,2021-08-25 17:54:00,SRNE
9.485,9.485,9.48,9.4801,2660,2021-08-25 17:55:00,SRNE
9.48,9.49,9.48,9.4801,8799,2021-08-25 17:56:00,SRNE
9.4809,9.4809,9.48,9.48,5300,2021-08-25 17:57:00,SRNE
9.48,9.485,9.4701,9.485,14624,2021-08-25 17:58:00,SRNE
9.4801,9.49,9.48,9.4871,11700,2021-08-25 17:59:00,SRNE
9.48,9.49,9.48,9.485,504,2021-08-25 18:00:00,SRNE
9.49,9.49,9.49,9.49,5271,2021-08-25 18:01:00,SRNE
9.5,9.5,9.49,9.4906,5340,2021-08-25 18:02:00,SRNE
9.49,9.49,9.4884,9.4884,4555,2021-08-25 18:03:00,SRNE
9.49,9.4973,9.49,9.49,3460,2021-08-25 18:04:00,SRNE
9.4922,9.4922,9.4922,9.4922,500,2021-08-25 18:05:00,SRNE
9.4999,9.4999,9.49,9.49,4425,2021-08-25 18:06:00,SRNE
9.4917,9.495,9.49,9.49,2200,2021-08-25 18:07:00,SRNE
9.495,9.505,9.495,9.5,32271,2021-08-25 18:08:00,SRNE
9.5,9.5082,9.5,9.5012,1600,2021-08-25 18:09:00,SRNE
9.5,9.505,9.5,9.5,3443,2021-08-25 18:10:00,SRNE
9.505,9.5083,9.5,9.505,4160,2021-08-25 18:11:00,SRNE
9.505,9.5087,9.4929,9.5,13254,2021-08-25 18:12:00,SRNE
9.5,9.5,9.5,9.5,400,2021-08-25 18:13:00,SRNE
9.5019,9.5089,9.5,9.505,6298,2021-08-25 18:14:00,SRNE
9.505,9.505,9.5,9.505,2036,2021-08-25 18:15:00,SRNE
9.505,9.515,9.49,9.49,28907,2021-08-25 18:16:00,SRNE
9.49,9.49,9.48,9.48,7230,2021-08-25 18:17:00,SRNE
9.4808,9.485,9.48,9.48,660,2021-08-25 18:18:00,SRNE
9.4875,9.49,9.48,9.485,3600,2021-08-25 18:19:00,SRNE
9.485,9.49,9.47,9.47,15747,2021-08-25 18:20:00,SRNE
9.4713,9.4725,9.47,9.4701,2012,2021-08-25 18:21:00,SRNE
9.475,9.475,9.45,9.4577,14487,2021-08-25 18:22:00,SRNE
9.455,9.465,9.455,9.4629,9453,2021-08-25 18:23:00,SRNE
9.46,9.4617,9.45,9.45,21772,2021-08-25 18:24:00,SRNE
9.452,9.455,9.45,9.455,1945,2021-08-25 18:25:00,SRNE
9.45,9.4599,9.45,9.4514,5600,2021-08-25 18:26:00,SRNE
9.455,9.455,9.455,9.455,200,2021-08-25 18:27:00,SRNE
9.455,9.47,9.455,9.465,12357,2021-08-25 18:28:00,SRNE
9.4608,9.47,9.455,9.465,11185,2021-08-25 18:29:00,SRNE
9.4604,9.4699,9.45,9.45,10765,2021-08-25 18:30:00,SRNE
9.455,9.455,9.45,9.455,1054,2021-08-25 18:31:00,SRNE
9.455,9.465,9.455,9.46,8343,2021-08-25 18:32:00,SRNE
9.465,9.465,9.455,9.455,4790,2021-08-25 18:33:00,SRNE
9.455,9.46,9.45,9.4575,24524,2021-08-25 18:34:00,SRNE
9.46,9.465,9.45,9.465,5054,2021-08-25 18:35:00,SRNE
9.465,9.465,9.45,9.45,6839,2021-08-25 18:36:00,SRNE
9.46,9.46,9.455,9.455,1068,2021-08-25 18:37:00,SRNE
9.4599,9.46,9.45,9.45,14026,2021-08-25 18:38:00,SRNE
9.44,9.445,9.43,9.44,10020,2021-08-25 18:39:00,SRNE
9.435,9.44,9.435,9.436,3108,2021-08-25 18:40:00,SRNE
9.435,9.445,9.43,9.44,4692,2021-08-25 18:41:00,SRNE
9.445,9.45,9.44,9.44,1900,2021-08-25 18:42:00,SRNE
9.4427,9.4473,9.4427,9.4473,3400,2021-08-25 18:43:00,SRNE
9.445,9.445,9.4312,9.4312,15177,2021-08-25 18:44:00,SRNE
9.435,9.4399,9.4314,9.435,6200,2021-08-25 18:45:00,SRNE
9.43,9.4372,9.43,9.435,1207,2021-08-25 18:46:00,SRNE
9.435,9.4399,9.43,9.43,9900,2021-08-25 18:47:00,SRNE
9.435,9.44,9.43,9.4306,8800,2021-08-25 18:48:00,SRNE
9.43,9.43,9.42,9.425,14798,2021-08-25 18:49:00,SRNE
9.42,9.43,9.38,9.385,72727,2021-08-25 18:50:00,SRNE
9.39,9.39,9.38,9.3802,7319,2021-08-25 18:51:00,SRNE
9.38,9.38,9.37,9.37,18629,2021-08-25 18:52:00,SRNE
9.375,9.375,9.37,9.37,3399,2021-08-25 18:53:00,SRNE
9.37,9.38,9.36,9.36,12595,2021-08-25 18:54:00,SRNE
9.35,9.3501,9.33,9.3375,33159,2021-08-25 18:55:00,SRNE
9.34,9.36,9.33,9.35,30116,2021-08-25 18:56:00,SRNE
9.35,9.36,9.35,9.35,2752,2021-08-25 18:57:00,SRNE
9.355,9.36,9.34,9.3499,7569,2021-08-25 18:58:00,SRNE
9.34,9.3473,9.34,9.34,3300,2021-08-25 18:59:00,SRNE
9.345,9.35,9.33,9.34,43240,2021-08-25 19:00:00,SRNE
9.335,9.34,9.33,9.335,24346,2021-08-25 19:01:00,SRNE
9.3353,9.345,9.325,9.33,46466,2021-08-25 19:02:00,SRNE
9.33,9.335,9.3246,9.325,19905,2021-08-25 19:03:00,SRNE
9.325,9.33,9.32,9.3209,7590,2021-08-25 19:04:00,SRNE
9.33,9.33,9.31,9.32,16565,2021-08-25 19:05:00,SRNE
9.315,9.325,9.3111,9.325,9872,2021-08-25 19:06:00,SRNE
9.325,9.33,9.32,9.3299,3740,2021-08-25 19:07:00,SRNE
9.33,9.335,9.325,9.33,6731,2021-08-25 19:08:00,SRNE
9.34,9.355,9.33,9.35,20908,2021-08-25 19:09:00,SRNE
9.3478,9.3478,9.335,9.335,2656,2021-08-25 19:10:00,SRNE
9.335,9.335,9.335,9.335,200,2021-08-25 19:11:00,SRNE
9.335,9.335,9.32,9.321,8839,2021-08-25 19:12:00,SRNE
9.32,9.325,9.32,9.325,1086,2021-08-25 19:13:00,SRNE
9.32,9.3299,9.305,9.305,18228,2021-08-25 19:14:00,SRNE
9.3,9.3,9.27,9.27,12298,2021-08-25 19:15:00,SRNE
9.27,9.285,9.27,9.27,16762,2021-08-25 19:16:00,SRNE
9.275,9.286,9.27,9.286,11746,2021-08-25 19:17:00,SRNE
9.28,9.28,9.25,9.255,39851,2021-08-25 19:18:00,SRNE
9.255,9.27,9.25,9.25,8109,2021-08-25 19:19:00,SRNE
9.255,9.265,9.25,9.25,30769,2021-08-25 19:20:00,SRNE
9.26,9.2692,9.25,9.265,12387,2021-08-25 19:21:00,SRNE
9.265,9.28,9.2601,9.28,9979,2021-08-25 19:22:00,SRNE
9.29,9.3,9.29,9.295,2300,2021-08-25 19:23:00,SRNE
9.295,9.3183,9.295,9.315,18169,2021-08-25 19:24:00,SRNE
9.31,9.31,9.3,9.31,7137,2021-08-25 19:25:00,SRNE
9.305,9.3299,9.305,9.3263,12302,2021-08-25 19:26:00,SRNE
9.32,9.32,9.31,9.315,4271,2021-08-25 19:27:00,SRNE
9.31,9.31,9.3001,9.31,6409,2021-08-25 19:28:00,SRNE
9.3099,9.31,9.3,9.31,3879,2021-08-25 19:29:00,SRNE
9.305,9.31,9.29,9.295,13589,2021-08-25 19:30:00,SRNE
9.295,9.295,9.2928,9.2928,3524,2021-08-25 19:31:00,SRNE
9.3,9.3,9.2901,9.295,700,2021-08-25 19:32:00,SRNE
9.2901,9.2902,9.28,9.2801,9866,2021-08-25 19:33:00,SRNE
9.2801,9.29,9.2801,9.285,16317,2021-08-25 19:34:00,SRNE
9.2801,9.29,9.2801,9.285,5564,2021-08-25 19:35:00,SRNE
9.285,9.288,9.285,9.285,3870,2021-08-25 19:36:00,SRNE
9.285,9.29,9.285,9.285,6649,2021-08-25 19:37:00,SRNE
9.29,9.29,9.27,9.275,13675,2021-08-25 19:38:00,SRNE
9.27,9.275,9.27,9.2723,1175,2021-08-25 19:39:00,SRNE
9.2795,9.29,9.27,9.2899,39430,2021-08-25 19:40:00,SRNE
9.285,9.285,9.28,9.285,4904,2021-08-25 19:41:00,SRNE
9.2899,9.29,9.281,9.285,10936,2021-08-25 19:42:00,SRNE
9.285,9.31,9.285,9.305,14437,2021-08-25 19:43:00,SRNE
9.305,9.31,9.305,9.305,1473,2021-08-25 19:44:00,SRNE
9.305,9.31,9.305,9.305,9828,2021-08-25 19:45:00,SRNE
9.31,9.31,9.3019,9.305,5400,2021-08-25 19:46:00,SRNE
9.305,9.31,9.305,9.308,1700,2021-08-25 19:47:00,SRNE
9.305,9.3082,9.3,9.305,3936,2021-08-25 19:48:00,SRNE
9.3,9.305,9.29,9.295,19658,2021-08-25 19:49:00,SRNE
9.295,9.33,9.295,9.325,27461,2021-08-25 19:50:00,SRNE
9.325,9.33,9.32,9.32,5073,2021-08-25 19:51:00,SRNE
9.3208,9.325,9.3,9.305,19367,2021-08-25 19:52:00,SRNE
9.305,9.31,9.295,9.305,20112,2021-08-25 19:53:00,SRNE
9.305,9.32,9.3,9.315,18163,2021-08-25 19:54:00,SRNE
9.31,9.31,9.29,9.295,17661,2021-08-25 19:55:00,SRNE
9.295,9.315,9.295,9.305,28180,2021-08-25 19:56:00,SRNE
9.305,9.31,9.3,9.3099,28803,2021-08-25 19:57:00,SRNE
9.305,9.31,9.29,9.295,46105,2021-08-25 19:58:00,SRNE
9.295,9.33,9.29,9.31,85701,2021-08-25 19:59:00,SRNE
9.32,9.32,9.32,9.32,211888,2021-08-25 20:00:00,SRNE
9.36,9.36,9.36,9.36,100,2021-08-25 20:03:00,SRNE
9.32,9.32,9.32,9.32,1060,2021-08-25 20:20:00,SRNE
9.32,9.35,9.32,9.35,600,2021-08-25 20:21:00,SRNE
9.32,9.32,9.32,9.32,2250,2021-08-25 20:24:00,SRNE
9.334,9.334,9.334,9.334,500,2021-08-25 20:31:00,SRNE
9.33,9.33,9.33,9.33,1500,2021-08-25 21:00:00,SRNE
9.33,9.33,9.33,9.33,100,2021-08-25 21:04:00,SRNE
9.35,9.35,9.35,9.35,500,2021-08-25 21:05:00,SRNE
9.336,9.35,9.336,9.35,600,2021-08-25 21:06:00,SRNE
9.35,9.35,9.35,9.35,167,2021-08-25 21:08:00,SRNE
9.35,9.36,9.35,9.36,1100,2021-08-25 21:13:00,SRNE
9.36,9.36,9.35,9.35,400,2021-08-25 21:15:00,SRNE
9.39,9.4,9.39,9.4,775,2021-08-25 21:20:00,SRNE
9.35,9.35,9.35,9.35,100,2021-08-25 21:42:00,SRNE
9.33,9.33,9.33,9.33,180,2021-08-25 21:52:00,SRNE
9.33,9.33,9.33,9.33,310,2021-08-25 21:58:00,SRNE
9.35,9.35,9.35,9.35,680,2021-08-25 22:05:00,SRNE
9.36,9.36,9.36,9.36,200,2021-08-25 22:07:00,SRNE
9.36,9.36,9.36,9.36,300,2021-08-25 22:13:00,SRNE
9.35,9.35,9.33,9.33,346,2021-08-25 22:14:00,SRNE
9.4,9.4,9.4,9.4,100,2021-08-25 22:18:00,SRNE
9.38,9.38,9.38,9.38,700,2021-08-25 22:46:00,SRNE
9.34,9.34,9.34,9.34,500,2021-08-25 22:57:00,SRNE
9.33,9.33,9.33,9.33,195,2021-08-25 22:58:00,SRNE
9.36,9.36,9.36,9.36,200,2021-08-25 23:05:00,SRNE
9.36,9.36,9.36,9.36,1000,2021-08-25 23:09:00,SRNE
9.37,9.37,9.37,9.37,124,2021-08-25 23:12:00,SRNE
9.37,9.37,9.37,9.37,550,2021-08-25 23:20:00,SRNE
9.37,9.37,9.37,9.37,200,2021-08-25 23:21:00,SRNE
9.38,9.38,9.38,9.38,1000,2021-08-25 23:26:00,SRNE
9.4,9.4,9.4,9.4,500,2021-08-25 23:27:00,SRNE
9.42,9.42,9.42,9.42,100,2021-08-25 23:41:00,SRNE
9.42,9.42,9.42,9.42,214,2021-08-25 23:42:00,SRNE
9.41,9.41,9.41,9.41,174,2021-08-25 23:43:00,SRNE
9.42,9.42,9.42,9.42,200,2021-08-25 23:48:00,SRNE
9.43,9.43,9.43,9.43,1000,2021-08-25 23:56:00,SRNE
9.38,9.38,9.38,9.38,1000,2021-08-25 23:58:00,SRNE
9.39,9.4,9.39,9.4,299,2021-08-26 11:00:00,SRNE
9.34,9.34,9.34,9.34,100,2021-08-26 11:19:00,SRNE
9.34,9.34,9.34,9.34,100,2021-08-26 11:27:00,SRNE
9.35,9.35,9.35,9.35,1000,2021-08-26 11:31:00,SRNE
9.35,9.35,9.35,9.35,100,2021-08-26 11:35:00,SRNE
9.34,9.34,9.34,9.34,200,2021-08-26 12:09:00,SRNE
9.3101,9.3101,9.3101,9.3101,100,2021-08-26 12:10:00,SRNE
9.31,9.31,9.31,9.31,100,2021-08-26 12:13:00,SRNE
9.32,9.32,9.32,9.32,1000,2021-08-26 12:19:00,SRNE
9.35,9.35,9.35,9.35,100,2021-08-26 12:32:00,SRNE
9.32,9.32,9.3,9.3,450,2021-08-26 12:44:00,SRNE
9.33,9.33,9.3,9.3,5600,2021-08-26 12:58:00,SRNE
9.3,9.3,9.23,9.24,1350,2021-08-26 13:02:00,SRNE
9.26,9.26,9.26,9.26,100,2021-08-26 13:03:00,SRNE
9.28,9.28,9.28,9.28,200,2021-08-26 13:15:00,SRNE
9.28,9.28,9.27,9.27,500,2021-08-26 13:16:00,SRNE
9.27,9.31,9.27,9.31,461,2021-08-26 13:17:00,SRNE
9.2901,9.2901,9.2901,9.2901,500,2021-08-26 13:24:00,SRNE
9.31,9.31,9.31,9.31,100,2021-08-26 13:25:00,SRNE
9.34,9.43,9.34,9.4,853,2021-08-26 13:26:00,SRNE
9.4499,9.4499,9.37,9.37,900,2021-08-26 13:27:00,SRNE
9.32,9.35,9.3132,9.32,37969,2021-08-26 13:30:00,SRNE
9.34,9.4251,9.34,9.38,16433,2021-08-26 13:31:00,SRNE
9.38,9.41,9.37,9.37,5345,2021-08-26 13:32:00,SRNE
9.3797,9.39,9.3113,9.38,15563,2021-08-26 13:33:00,SRNE
9.4,9.45,9.4,9.41,17368,2021-08-26 13:34:00,SRNE
9.43,9.48,9.42,9.4768,19748,2021-08-26 13:35:00,SRNE
9.46,9.46,9.42,9.42,5803,2021-08-26 13:36:00,SRNE
9.435,9.463,9.435,9.455,7086,2021-08-26 13:37:00,SRNE
9.46,9.47,9.44,9.44,15643,2021-08-26 13:38:00,SRNE
9.4423,9.47,9.43,9.441,23440,2021-08-26 13:39:00,SRNE
9.45,9.465,9.44,9.44,11499,2021-08-26 13:40:00,SRNE
9.4473,9.4871,9.4473,9.485,44501,2021-08-26 13:41:00,SRNE
9.47,9.48,9.468,9.4682,10393,2021-08-26 13:42:00,SRNE
9.4611,9.475,9.43,9.435,31596,2021-08-26 13:43:00,SRNE
9.44,9.45,9.4101,9.43,12621,2021-08-26 13:44:00,SRNE
9.43,9.44,9.41,9.425,12496,2021-08-26 13:45:00,SRNE
9.42,9.45,9.41,9.43,48478,2021-08-26 13:46:00,SRNE
9.43,9.49,9.43,9.49,20431,2021-08-26 13:47:00,SRNE
9.49,9.5,9.44,9.45,78494,2021-08-26 13:48:00,SRNE
9.445,9.47,9.445,9.4601,3786,2021-08-26 13:49:00,SRNE
9.465,9.48,9.445,9.47,13044,2021-08-26 13:50:00,SRNE
9.48,9.49,9.47,9.475,13702,2021-08-26 13:51:00,SRNE
9.475,9.51,9.47,9.4969,21331,2021-08-26 13:52:00,SRNE
9.49,9.53,9.485,9.53,18161,2021-08-26 13:53:00,SRNE
9.5217,9.54,9.52,9.539,16877,2021-08-26 13:54:00,SRNE
9.535,9.54,9.52,9.52,18823,2021-08-26 13:55:00,SRNE
9.51,9.5413,9.5,9.54,15790,2021-08-26 13:56:00,SRNE
9.5344,9.535,9.51,9.525,18886,2021-08-26 13:57:00,SRNE
9.52,9.55,9.52,9.55,14500,2021-08-26 13:58:00,SRNE
9.548,9.55,9.5225,9.54,27023,2021-08-26 13:59:00,SRNE
9.55,9.5593,9.5409,9.545,9011,2021-08-26 14:00:00,SRNE
9.545,9.545,9.505,9.51,23325,2021-08-26 14:01:00,SRNE
9.515,9.565,9.515,9.56,12792,2021-08-26 14:02:00,SRNE
9.56,9.58,9.56,9.57,46090,2021-08-26 14:03:00,SRNE
9.57,9.575,9.54,9.54,18095,2021-08-26 14:04:00,SRNE
9.545,9.55,9.515,9.5264,17760,2021-08-26 14:05:00,SRNE
9.53,9.54,9.5258,9.53,11131,2021-08-26 14:06:00,SRNE
9.52,9.54,9.52,9.54,18412,2021-08-26 14:07:00,SRNE
9.53,9.55,9.525,9.55,6136,2021-08-26 14:08:00,SRNE
9.55,9.55,9.53,9.5301,11195,2021-08-26 14:09:00,SRNE
9.53,9.545,9.52,9.535,5674,2021-08-26 14:10:00,SRNE
9.5332,9.58,9.5332,9.58,16238,2021-08-26 14:11:00,SRNE
9.5701,9.59,9.5701,9.58,9500,2021-08-26 14:12:00,SRNE
9.5716,9.5716,9.5487,9.55,28001,2021-08-26 14:13:00,SRNE
9.5507,9.57,9.5507,9.5668,2380,2021-08-26 14:14:00,SRNE
9.56,9.565,9.55,9.56,8734,2021-08-26 14:15:00,SRNE
9.55,9.57,9.54,9.57,16080,2021-08-26 14:16:00,SRNE
9.575,9.59,9.575,9.59,14056,2021-08-26 14:17:00,SRNE
9.58,9.5869,9.58,9.58,11050,2021-08-26 14:18:00,SRNE
9.575,9.59,9.56,9.56,25701,2021-08-26 14:19:00,SRNE
9.56,9.565,9.54,9.54,13421,2021-08-26 14:20:00,SRNE
9.5499,9.5499,9.5317,9.5317,10325,2021-08-26 14:21:00,SRNE
9.535,9.54,9.51,9.5204,17229,2021-08-26 14:22:00,SRNE
9.51,9.5199,9.51,9.5131,7475,2021-08-26 14:23:00,SRNE
9.52,9.545,9.52,9.53,22520,2021-08-26 14:24:00,SRNE
9.54,9.54,9.49,9.5,24553,2021-08-26 14:25:00,SRNE
9.49,9.49,9.47,9.475,81581,2021-08-26 14:26:00,SRNE
9.48,9.48,9.47,9.473,11358,2021-08-26 14:27:00,SRNE
9.48,9.48,9.4719,9.4768,11432,2021-08-26 14:28:00,SRNE
9.4716,9.48,9.4716,9.48,10050,2021-08-26 14:29:00,SRNE
9.4726,9.49,9.47,9.49,22040,2021-08-26 14:30:00,SRNE
9.49,9.5,9.4899,9.4913,12471,2021-08-26 14:31:00,SRNE
9.495,9.495,9.495,9.495,224,2021-08-26 14:32:00,SRNE
9.4901,9.495,9.46,9.46,14635,2021-08-26 14:33:00,SRNE
9.4601,9.48,9.4601,9.48,23711,2021-08-26 14:34:00,SRNE
9.4799,9.49,9.4715,9.48,8687,2021-08-26 14:35:00,SRNE
9.4734,9.4734,9.46,9.465,4710,2021-08-26 14:36:00,SRNE
9.4601,9.4601,9.4401,9.45,14459,2021-08-26 14:37:00,SRNE
9.445,9.45,9.43,9.45,12381,2021-08-26 14:38:00,SRNE
9.4557,9.46,9.45,9.45,6546,2021-08-26 14:39:00,SRNE
9.45,9.4507,9.4301,9.4472,19462,2021-08-26 14:40:00,SRNE
9.44,9.44,9.425,9.43,21116,2021-08-26 14:41:00,SRNE
9.43,9.4384,9.425,9.425,2603,2021-08-26 14:42:00,SRNE
9.42,9.4326,9.41,9.42,14324,2021-08-26 14:43:00,SRNE
9.415,9.425,9.4128,9.42,5686,2021-08-26 14:44:00,SRNE
9.42,9.42,9.41,9.4122,8988,2021-08-26 14:45:00,SRNE
9.415,9.4168,9.395,9.395,13847,2021-08-26 14:46:00,SRNE
9.39,9.395,9.3627,9.365,10806,2021-08-26 14:47:00,SRNE
9.36,9.3601,9.32,9.34,41153,2021-08-26 14:48:00,SRNE
9.33,9.34,9.321,9.33,5810,2021-08-26 14:49:00,SRNE
9.34,9.345,9.29,9.2987,26968,2021-08-26 14:50:00,SRNE
9.3,9.325,9.295,9.322,11503,2021-08-26 14:51:00,SRNE
9.32,9.325,9.3019,9.31,34287,2021-08-26 14:52:00,SRNE
9.32,9.32,9.295,9.3,13648,2021-08-26 14:53:00,SRNE
9.295,9.2974,9.2801,9.285,88514,2021-08-26 14:54:00,SRNE
9.285,9.2986,9.28,9.2985,11185,2021-08-26 14:55:00,SRNE
9.285,9.29,9.26,9.26,31477,2021-08-26 14:56:00,SRNE
9.26,9.2601,9.24,9.26,21839,2021-08-26 14:57:00,SRNE
9.266,9.27,9.2517,9.26,5519,2021-08-26 14:58:00,SRNE
9.26,9.265,9.251,9.26,4900,2021-08-26 14:59:00,SRNE
9.26,9.26,9.21,9.215,11721,2021-08-26 15:00:00,SRNE
9.2123,9.22,9.18,9.1815,29684,2021-08-26 15:01:00,SRNE
9.1898,9.19,9.175,9.1801,16676,2021-08-26 15:02:00,SRNE
9.1823,9.1898,9.17,9.175,13633,2021-08-26 15:03:00,SRNE
9.18,9.2,9.175,9.1884,20083,2021-08-26 15:04:00,SRNE
9.18,9.18,9.17,9.1734,4679,2021-08-26 15:05:00,SRNE
9.17,9.185,9.162,9.185,43933,2021-08-26 15:06:00,SRNE
9.1883,9.1883,9.165,9.165,11789,2021-08-26 15:07:00,SRNE
9.168,9.17,9.16,9.17,2920,2021-08-26 15:08:00,SRNE
9.18,9.189,9.18,9.185,10160,2021-08-26 15:09:00,SRNE
9.185,9.2,9.16,9.165,33950,2021-08-26 15:10:00,SRNE
9.1699,9.17,9.16,9.17,6460,2021-08-26 15:11:00,SRNE
9.1799,9.18,9.17,9.1749,17800,2021-08-26 15:12:00,SRNE
9.177,9.199,9.1701,9.19,12530,2021-08-26 15:13:00,SRNE
9.19,9.19,9.184,9.1867,13449,2021-08-26 15:14:00,SRNE
9.1857,9.19,9.1779,9.1779,6140,2021-08-26 15:15:00,SRNE
9.175,9.19,9.17,9.19,4358,2021-08-26 15:16:00,SRNE
9.1951,9.227,9.1951,9.205,15782,2021-08-26 15:17:00,SRNE
9.2099,9.21,9.2,9.209,5066,2021-08-26 15:18:00,SRNE
9.2072,9.21,9.205,9.205,7541,2021-08-26 15:19:00,SRNE
9.205,9.2186,9.2012,9.2029,6209,2021-08-26 15:20:00,SRNE
9.21,9.235,9.209,9.233,8089,2021-08-26 15:21:00,SRNE
9.239,9.24,9.2318,9.238,10227,2021-08-26 15:22:00,SRNE
9.235,9.24,9.235,9.235,3900,2021-08-26 15:23:00,SRNE
9.2326,9.2389,9.225,9.225,12464,2021-08-26 15:24:00,SRNE
9.225,9.24,9.225,9.23,4936,2021-08-26 15:25:00,SRNE
9.24,9.2469,9.22,9.22,11178,2021-08-26 15:26:00,SRNE
9.215,9.2187,9.2104,9.2187,5637,2021-08-26 15:27:00,SRNE
9.215,9.2216,9.21,9.21,5090,2021-08-26 15:28:00,SRNE
9.2191,9.22,9.2124,9.22,2600,2021-08-26 15:29:00,SRNE
9.215,9.215,9.19,9.199,7603,2021-08-26 15:30:00,SRNE
9.2,9.205,9.2,9.205,1437,2021-08-26 15:31:00,SRNE
9.21,9.21,9.21,9.21,1100,2021-08-26 15:32:00,SRNE
9.215,9.215,9.2,9.2,3622,2021-08-26 15:33:00,SRNE
9.195,9.21,9.195,9.2015,2141,2021-08-26 15:34:00,SRNE
9.205,9.21,9.205,9.21,1100,2021-08-26 15:35:00,SRNE
9.21,9.215,9.21,9.215,1190,2021-08-26 15:36:00,SRNE
9.22,9.23,9.2199,9.23,10300,2021-08-26 15:37:00,SRNE
9.23,9.24,9.22,9.24,3020,2021-08-26 15:38:00,SRNE
9.24,9.2578,9.2325,9.2399,25259,2021-08-26 15:39:00,SRNE
9.245,9.25,9.244,9.25,3690,2021-08-26 15:40:00,SRNE
9.25,9.26,9.25,9.25,1850,2021-08-26 15:41:00,SRNE
9.24,9.24,9.225,9.225,8870,2021-08-26 15:42:00,SRNE
9.2223,9.23,9.2201,9.2282,1850,2021-08-26 15:43:00,SRNE
9.2299,9.2299,9.2206,9.2283,1885,2021-08-26 15:44:00,SRNE
9.2218,9.228,9.2218,9.225,2420,2021-08-26 15:45:00,SRNE
9.22,9.23,9.215,9.23,4807,2021-08-26 15:46:00,SRNE
9.2399,9.27,9.2399,9.27,14366,2021-08-26 15:47:00,SRNE
9.26,9.26,9.245,9.245,5629,2021-08-26 15:48:00,SRNE
9.25,9.27,9.25,9.265,3714,2021-08-26 15:49:00,SRNE
9.2602,9.27,9.26,9.2617,4700,2021-08-26 15:50:00,SRNE
9.265,9.275,9.26,9.27,10923,2021-08-26 15:51:00,SRNE
9.2701,9.2701,9.265,9.27,12565,2021-08-26 15:52:00,SRNE
9.27,9.27,9.27,9.27,100,2021-08-26 15:53:00,SRNE
9.26,9.2626,9.26,9.2626,365,2021-08-26 15:54:00,SRNE
9.269,9.269,9.2616,9.265,4800,2021-08-26 15:55:00,SRNE
9.27,9.29,9.27,9.29,11216,2021-08-26 15:56:00,SRNE
9.29,9.295,9.29,9.295,4400,2021-08-26 15:57:00,SRNE
9.2999,9.3,9.2928,9.2928,5790,2021-08-26 15:58:00,SRNE
9.3,9.31,9.3,9.31,23317,2021-08-26 15:59:00,SRNE
9.31,9.3154,9.305,9.305,6319,2021-08-26 16:00:00,SRNE
9.31,9.315,9.31,9.315,1800,2021-08-26 16:01:00,SRNE
9.3125,9.3186,9.3101,9.315,2671,2021-08-26 16:02:00,SRNE
9.32,9.32,9.32,9.32,950,2021-08-26 16:03:00,SRNE
9.315,9.32,9.3127,9.315,7700,2021-08-26 16:04:00,SRNE
9.3193,9.3193,9.31,9.31,7629,2021-08-26 16:05:00,SRNE
9.309,9.3099,9.305,9.3099,440,2021-08-26 16:06:00,SRNE
9.3092,9.3092,9.3027,9.309,5750,2021-08-26 16:07:00,SRNE
9.3,9.3198,9.3,9.3198,6864,2021-08-26 16:08:00,SRNE
9.315,9.3282,9.315,9.325,3593,2021-08-26 16:09:00,SRNE
9.3299,9.34,9.3099,9.3189,8481,2021-08-26 16:10:00,SRNE
9.32,9.3289,9.32,9.3289,2400,2021-08-26 16:11:00,SRNE
9.325,9.33,9.32,9.3288,1580,2021-08-26 16:12:00,SRNE
9.3284,9.3296,9.32,9.3201,5365,2021-08-26 16:13:00,SRNE
9.3299,9.33,9.328,9.33,3610,2021-08-26 16:14:00,SRNE
9.335,9.34,9.325,9.325,3566,2021-08-26 16:15:00,SRNE
9.3228,9.33,9.3228,9.33,1200,2021-08-26 16:16:00,SRNE
9.32,9.3299,9.32,9.3299,6700,2021-08-26 16:17:00,SRNE
9.325,9.35,9.325,9.35,14708,2021-08-26 16:18:00,SRNE
9.345,9.3482,9.34,9.34,1583,2021-08-26 16:19:00,SRNE
9.3402,9.36,9.34,9.345,140629,2021-08-26 16:20:00,SRNE
9.3499,9.3499,9.348,9.348,1200,2021-08-26 16:21:00,SRNE
9.345,9.345,9.3311,9.3399,16463,2021-08-26 16:22:00,SRNE
9.34,9.34,9.335,9.335,271,2021-08-26 16:23:00,SRNE
9.335,9.34,9.32,9.32,9583,2021-08-26 16:24:00,SRNE
9.33,9.33,9.3201,9.325,6711,2021-08-26 16:25:00,SRNE
9.33,9.34,9.33,9.34,7141,2021-08-26 16:26:00,SRNE
9.335,9.335,9.33,9.3317,1593,2021-08-26 16:27:00,SRNE
9.339,9.5,9.33,9.45,544144,2021-08-26 16:28:00,SRNE
9.45,9.51,9.43,9.49,414834,2021-08-26 16:29:00,SRNE
9.4983,9.4983,9.3301,9.37,224477,2021-08-26 16:30:00,SRNE
9.37,9.37,9.22,9.265,228724,2021-08-26 16:31:00,SRNE
9.2617,9.29,9.18,9.2,143756,2021-08-26 16:32:00,SRNE
9.2086,9.23,9.18,9.215,84907,2021-08-26 16:33:00,SRNE
9.2175,9.22,9.2,9.21,46909,2021-08-26 16:34:00,SRNE
9.2107,9.27,9.205,9.225,79906,2021-08-26 16:35:00,SRNE
9.2299,9.23,9.18,9.18,48447,2021-08-26 16:36:00,SRNE
9.185,9.2099,9.12,9.2087,84949,2021-08-26 16:37:00,SRNE
9.205,9.2276,9.205,9.215,9980,2021-08-26 16:38:00,SRNE
9.22,9.22,9.2,9.205,11841,2021-08-26 16:39:00,SRNE
9.2099,9.21,9.2,9.209,6900,2021-08-26 16:40:00,SRNE
9.209,9.2299,9.195,9.2101,23506,2021-08-26 16:41:00,SRNE
9.21,9.21,9.185,9.185,18341,2021-08-26 16:42:00,SRNE
9.1889,9.2044,9.185,9.2,11239,2021-08-26 16:43:00,SRNE
9.195,9.1999,9.1731,9.1897,15887,2021-08-26 16:44:00,SRNE
9.18,9.1899,9.18,9.18,6398,2021-08-26 16:45:00,SRNE
9.1819,9.2,9.1819,9.195,3554,2021-08-26 16:46:00,SRNE
9.195,9.2099,9.19,9.2099,18694,2021-08-26 16:47:00,SRNE
9.205,9.23,9.2031,9.23,21651,2021-08-26 16:48:00,SRNE
9.2211,9.257,9.22,9.257,27455,2021-08-26 16:49:00,SRNE
9.2573,9.2573,9.23,9.24,22517,2021-08-26 16:50:00,SRNE
9.235,9.2477,9.235,9.2477,15778,2021-08-26 16:51:00,SRNE
9.245,9.245,9.23,9.237,6982,2021-08-26 16:52:00,SRNE
9.2354,9.2354,9.21,9.231,8841,2021-08-26 16:53:00,SRNE
9.23,9.23,9.22,9.222,3407,2021-08-26 16:54:00,SRNE
9.225,9.23,9.22,9.23,4509,2021-08-26 16:55:00,SRNE
9.23,9.23,9.212,9.212,5624,2021-08-26 16:56:00,SRNE
9.215,9.2199,9.2,9.2171,15694,2021-08-26 16:57:00,SRNE
9.21,9.2199,9.21,9.215,2300,2021-08-26 16:58:00,SRNE
9.215,9.22,9.215,9.215,5650,2021-08-26 16:59:00,SRNE
9.21,9.215,9.21,9.215,1259,2021-08-26 17:00:00,SRNE
9.2179,9.22,9.21,9.22,12222,2021-08-26 17:01:00,SRNE
9.21,9.21,9.2,9.2001,3844,2021-08-26 17:02:00,SRNE
9.2029,9.21,9.2,9.205,5018,2021-08-26 17:03:00,SRNE
9.202,9.205,9.2,9.2,550,2021-08-26 17:04:00,SRNE
9.205,9.205,9.175,9.18,18532,2021-08-26 17:05:00,SRNE
9.185,9.19,9.181,9.19,3975,2021-08-26 17:06:00,SRNE
9.185,9.197,9.185,9.197,2896,2021-08-26 17:07:00,SRNE
9.195,9.199,9.1901,9.1982,1029,2021-08-26 17:08:00,SRNE
9.195,9.1988,9.19,9.192,3025,2021-08-26 17:09:00,SRNE
9.1937,9.1999,9.1937,9.195,1421,2021-08-26 17:10:00,SRNE
9.198,9.2,9.19,9.19,6647,2021-08-26 17:11:00,SRNE
9.19,9.2,9.19,9.2,4650,2021-08-26 17:12:00,SRNE
9.2,9.2,9.1929,9.195,1400,2021-08-26 17:13:00,SRNE
9.1901,9.2,9.1901,9.1976,1600,2021-08-26 17:14:00,SRNE
9.19,9.2,9.19,9.2,2030,2021-08-26 17:15:00,SRNE
9.198,9.198,9.185,9.185,4297,2021-08-26 17:16:00,SRNE
9.185,9.19,9.185,9.185,5298,2021-08-26 17:17:00,SRNE
9.185,9.1899,9.18,9.185,2923,2021-08-26 17:18:00,SRNE
9.1801,9.1899,9.1801,9.1873,1100,2021-08-26 17:19:00,SRNE
9.185,9.2,9.185,9.185,38131,2021-08-26 17:20:00,SRNE
9.1899,9.1899,9.15,9.16,23845,2021-08-26 17:21:00,SRNE
9.16,9.16,9.14,9.1412,19916,2021-08-26 17:22:00,SRNE
9.1496,9.1499,9.125,9.135,30249,2021-08-26 17:23:00,SRNE
9.13,9.13,9.09,9.115,36501,2021-08-26 17:24:00,SRNE
9.1185,9.1198,9.1101,9.1198,2063,2021-08-26 17:25:00,SRNE
9.115,9.1199,9.115,9.115,7382,2021-08-26 17:26:00,SRNE
9.12,9.135,9.115,9.135,9198,2021-08-26 17:27:00,SRNE
9.1301,9.135,9.13,9.1348,7129,2021-08-26 17:28:00,SRNE
9.14,9.18,9.14,9.18,9833,2021-08-26 17:29:00,SRNE
9.18,9.1899,9.175,9.185,17755,2021-08-26 17:30:00,SRNE
9.1883,9.19,9.1801,9.19,3491,2021-08-26 17:31:00,SRNE
9.18,9.19,9.18,9.19,1123,2021-08-26 17:32:00,SRNE
9.19,9.19,9.1808,9.1808,1173,2021-08-26 17:33:00,SRNE
9.185,9.19,9.181,9.19,5500,2021-08-26 17:34:00,SRNE
9.1899,9.19,9.1618,9.1618,9586,2021-08-26 17:35:00,SRNE
9.1699,9.1699,9.16,9.165,3531,2021-08-26 17:36:00,SRNE
9.165,9.1753,9.165,9.175,5399,2021-08-26 17:37:00,SRNE
9.17,9.1703,9.145,9.145,7136,2021-08-26 17:38:00,SRNE
9.15,9.15,9.143,9.145,3591,2021-08-26 17:39:00,SRNE
9.145,9.145,9.141,9.145,1750,2021-08-26 17:40:00,SRNE
9.145,9.165,9.145,9.165,6301,2021-08-26 17:41:00,SRNE
9.1699,9.1699,9.1604,9.1604,1950,2021-08-26 17:42:00,SRNE
9.16,9.1699,9.16,9.165,3600,2021-08-26 17:43:00,SRNE
9.17,9.1701,9.16,9.16,12458,2021-08-26 17:44:00,SRNE
9.17,9.17,9.165,9.17,1300,2021-08-26 17:45:00,SRNE
9.16,9.1623,9.155,9.16,8111,2021-08-26 17:46:00,SRNE
9.1555,9.16,9.155,9.1599,2450,2021-08-26 17:47:00,SRNE
9.155,9.1599,9.14,9.14,4278,2021-08-26 17:48:00,SRNE
9.14,9.1499,9.14,9.14,2230,2021-08-26 17:49:00,SRNE
9.145,9.1587,9.145,9.1587,1639,2021-08-26 17:50:00,SRNE
9.1599,9.165,9.1599,9.165,3031,2021-08-26 17:51:00,SRNE
9.1699,9.17,9.165,9.165,6478,2021-08-26 17:52:00,SRNE
9.16,9.1615,9.16,9.1615,1201,2021-08-26 17:53:00,SRNE
9.1668,9.17,9.15,9.1598,4847,2021-08-26 17:54:00,SRNE
9.16,9.165,9.16,9.1629,4200,2021-08-26 17:55:00,SRNE
9.1603,9.17,9.155,9.1568,4810,2021-08-26 17:56:00,SRNE
9.1576,9.1599,9.155,9.1599,800,2021-08-26 17:57:00,SRNE
9.1525,9.155,9.1525,9.155,1740,2021-08-26 17:58:00,SRNE
9.16,9.1699,9.16,9.1699,3650,2021-08-26 17:59:00,SRNE
9.1601,9.19,9.1601,9.19,6363,2021-08-26 18:00:00,SRNE
9.189,9.2,9.17,9.1781,27274,2021-08-26 18:01:00,SRNE
9.17,9.17,9.145,9.1475,3109,2021-08-26 18:02:00,SRNE
9.1487,9.1487,9.14,9.14,900,2021-08-26 18:03:00,SRNE
9.15,9.15,9.13,9.14,3715,2021-08-26 18:04:00,SRNE
9.14,9.15,9.14,9.1433,1001,2021-08-26 18:05:00,SRNE
9.15,9.15,9.14,9.14,2200,2021-08-26 18:06:00,SRNE
9.145,9.15,9.1426,9.1489,2185,2021-08-26 18:07:00,SRNE
9.15,9.15,9.15,9.15,200,2021-08-26 18:08:00,SRNE
9.145,9.145,9.13,9.13,2725,2021-08-26 18:09:00,SRNE
9.13,9.14,9.13,9.14,7982,2021-08-26 18:10:00,SRNE
9.15,9.15,9.1496,9.1496,200,2021-08-26 18:11:00,SRNE
9.15,9.1513,9.15,9.1513,1428,2021-08-26 18:12:00,SRNE
9.15,9.15,9.145,9.145,2200,2021-08-26 18:13:00,SRNE
9.145,9.145,9.14,9.14,3248,2021-08-26 18:14:00,SRNE
9.14,9.1499,9.14,9.14,2230,2021-08-26 18:15:00,SRNE
9.1485,9.1485,9.1485,9.1485,400,2021-08-26 18:16:00,SRNE
9.1432,9.1432,9.14,9.14,400,2021-08-26 18:17:00,SRNE
9.15,9.15,9.135,9.14,7033,2021-08-26 18:18:00,SRNE
9.14,9.1499,9.14,9.1484,1797,2021-08-26 18:19:00,SRNE
9.14,9.1499,9.14,9.1486,2598,2021-08-26 18:20:00,SRNE
9.15,9.16,9.15,9.16,1150,2021-08-26 18:21:00,SRNE
9.16,9.16,9.159,9.16,4416,2021-08-26 18:22:00,SRNE
9.155,9.1574,9.155,9.1574,4413,2021-08-26 18:23:00,SRNE
9.15,9.16,9.15,9.16,633,2021-08-26 18:24:00,SRNE
9.1566,9.16,9.1522,9.16,1540,2021-08-26 18:25:00,SRNE
9.155,9.155,9.15,9.15,2018,2021-08-26 18:26:00,SRNE
9.155,9.18,9.155,9.1773,46742,2021-08-26 18:27:00,SRNE
9.175,9.18,9.1748,9.18,3200,2021-08-26 18:28:00,SRNE
9.1875,9.1899,9.185,9.1899,2200,2021-08-26 18:29:00,SRNE
9.185,9.21,9.185,9.21,21443,2021-08-26 18:30:00,SRNE
9.2,9.2,9.195,9.195,4544,2021-08-26 18:31:00,SRNE
9.1927,9.21,9.1927,9.21,10241,2021-08-26 18:32:00,SRNE
9.2,9.215,9.2,9.2084,9214,2021-08-26 18:33:00,SRNE
9.21,9.21,9.2044,9.21,3204,2021-08-26 18:34:00,SRNE
9.21,9.21,9.195,9.2,12181,2021-08-26 18:35:00,SRNE
9.1992,9.2,9.1992,9.2,1735,2021-08-26 18:36:00,SRNE
9.2,9.22,9.195,9.22,25764,2021-08-26 18:37:00,SRNE
9.22,9.22,9.215,9.22,1220,2021-08-26 18:38:00,SRNE
9.2199,9.2199,9.215,9.215,6000,2021-08-26 18:39:00,SRNE
9.22,9.22,9.205,9.205,16378,2021-08-26 18:40:00,SRNE
9.2,9.2,9.17,9.1725,9389,2021-08-26 18:41:00,SRNE
9.17,9.175,9.17,9.1701,12371,2021-08-26 18:42:00,SRNE
9.18,9.18,9.17,9.17,2597,2021-08-26 18:43:00,SRNE
9.165,9.1788,9.165,9.169,6837,2021-08-26 18:44:00,SRNE
9.16,9.17,9.16,9.1699,3900,2021-08-26 18:45:00,SRNE
9.165,9.1673,9.16,9.165,7312,2021-08-26 18:46:00,SRNE
9.1601,9.1601,9.16,9.16,2883,2021-08-26 18:47:00,SRNE
9.1599,9.175,9.15,9.15,12390,2021-08-26 18:48:00,SRNE
9.1498,9.1498,9.1401,9.145,4752,2021-08-26 18:49:00,SRNE
9.145,9.1499,9.14,9.1499,2968,2021-08-26 18:50:00,SRNE
9.14,9.14,9.12,9.12,11440,2021-08-26 18:51:00,SRNE
9.12,9.125,9.11,9.111,8675,2021-08-26 18:52:00,SRNE
9.11,9.11,9.1097,9.11,7438,2021-08-26 18:53:00,SRNE
9.1107,9.119,9.11,9.114,14580,2021-08-26 18:54:00,SRNE
9.11,9.115,9.1,9.105,3573,2021-08-26 18:55:00,SRNE
9.1001,9.1001,9.09,9.1,17578,2021-08-26 18:56:00,SRNE
9.095,9.1,9.09,9.095,1875,2021-08-26 18:57:00,SRNE
9.0999,9.1,9.09,9.09,45984,2021-08-26 18:58:00,SRNE
9.0999,9.0999,9.07,9.075,23571,2021-08-26 18:59:00,SRNE
9.0714,9.0799,9.07,9.07,6100,2021-08-26 19:00:00,SRNE
9.07,9.07,9.0617,9.065,3850,2021-08-26 19:01:00,SRNE
9.07,9.075,9.06,9.062,4419,2021-08-26 19:02:00,SRNE
9.07,9.07,9.02,9.0324,50360,2021-08-26 19:03:00,SRNE
9.04,9.04,9.0222,9.0399,18575,2021-08-26 19:04:00,SRNE
9.035,9.0399,9.03,9.03,6834,2021-08-26 19:05:00,SRNE
9.035,9.0399,9.025,9.025,8550,2021-08-26 19:06:00,SRNE
9.025,9.0299,9.02,9.029,3855,2021-08-26 19:07:00,SRNE
9.0299,9.045,9.0299,9.035,9694,2021-08-26 19:08:00,SRNE
9.03,9.04,9.03,9.04,4242,2021-08-26 19:09:00,SRNE
9.04,9.04,9.033,9.033,4552,2021-08-26 19:10:00,SRNE
9.035,9.05,9.035,9.0443,8963,2021-08-26 19:11:00,SRNE
9.045,9.055,9.035,9.0379,30879,2021-08-26 19:12:00,SRNE
9.04,9.04,9.0327,9.035,1309,2021-08-26 19:13:00,SRNE
9.0323,9.06,9.0323,9.05,8469,2021-08-26 19:14:00,SRNE
9.055,9.055,9.03,9.04,14838,2021-08-26 19:15:00,SRNE
9.0499,9.055,9.04,9.0501,1474,2021-08-26 19:16:00,SRNE
9.055,9.07,9.055,9.065,2900,2021-08-26 19:17:00,SRNE
9.07,9.09,9.0698,9.09,8207,2021-08-26 19:18:00,SRNE
9.08,9.09,9.08,9.085,8066,2021-08-26 19:19:00,SRNE
9.085,9.0887,9.08,9.0814,2420,2021-08-26 19:20:00,SRNE
9.09,9.09,9.08,9.0829,3276,2021-08-26 19:21:00,SRNE
9.087,9.09,9.07,9.08,16758,2021-08-26 19:22:00,SRNE
9.088,9.09,9.08,9.08,1235,2021-08-26 19:23:00,SRNE
9.08,9.105,9.08,9.105,16026,2021-08-26 19:24:00,SRNE
9.105,9.11,9.09,9.09,8101,2021-08-26 19:25:00,SRNE
9.095,9.1,9.095,9.099,2981,2021-08-26 19:26:00,SRNE
9.1,9.11,9.095,9.1,4702,2021-08-26 19:27:00,SRNE
9.1,9.1,9.09,9.0946,6200,2021-08-26 19:28:00,SRNE
9.09,9.1,9.0801,9.0801,1295,2021-08-26 19:29:00,SRNE
9.08,9.0899,9.08,9.0831,2770,2021-08-26 19:30:00,SRNE
9.09,9.09,9.0832,9.0832,200,2021-08-26 19:31:00,SRNE
9.08,9.089,9.08,9.089,700,2021-08-26 19:32:00,SRNE
9.085,9.09,9.07,9.07,18429,2021-08-26 19:33:00,SRNE
9.075,9.075,9.07,9.075,1632,2021-08-26 19:34:00,SRNE
9.079,9.085,9.0722,9.085,2200,2021-08-26 19:35:00,SRNE
9.09,9.1,9.0897,9.0967,13492,2021-08-26 19:36:00,SRNE
9.09,9.095,9.07,9.08,13476,2021-08-26 19:37:00,SRNE
9.07,9.075,9.06,9.065,11730,2021-08-26 19:38:00,SRNE
9.0608,9.07,9.06,9.0601,10217,2021-08-26 19:39:00,SRNE
9.0699,9.085,9.06,9.085,19837,2021-08-26 19:40:00,SRNE
9.0899,9.095,9.085,9.095,4187,2021-08-26 19:41:00,SRNE
9.1,9.16,9.1,9.135,190560,2021-08-26 19:42:00,SRNE
9.135,9.14,9.13,9.135,16467,2021-08-26 19:43:00,SRNE
9.13,9.13,9.1,9.1095,35438,2021-08-26 19:44:00,SRNE
9.1,9.11,9.09,9.11,7222,2021-08-26 19:45:00,SRNE
9.1,9.1,9.07,9.0701,60040,2021-08-26 19:46:00,SRNE
9.07,9.09,9.06,9.085,20521,2021-08-26 19:47:00,SRNE
9.0816,9.09,9.0781,9.085,19779,2021-08-26 19:48:00,SRNE
9.0899,9.09,9.0818,9.0818,21811,2021-08-26 19:49:00,SRNE
9.09,9.1,9.09,9.0974,7707,2021-08-26 19:50:00,SRNE
9.095,9.1,9.095,9.095,2433,2021-08-26 19:51:00,SRNE
9.099,9.1,9.0716,9.095,39239,2021-08-26 19:52:00,SRNE
9.09,9.09,9.0801,9.0825,4101,2021-08-26 19:53:00,SRNE
9.083,9.095,9.08,9.085,9224,2021-08-26 19:54:00,SRNE
9.08,9.0899,9.0725,9.0775,16154,2021-08-26 19:55:00,SRNE
9.08,9.08,9.0701,9.076,17603,2021-08-26 19:56:00,SRNE
9.07,9.07,9.06,9.0699,36302,2021-08-26 19:57:00,SRNE
9.0679,9.07,9.06,9.065,9642,2021-08-26 19:58:00,SRNE
9.07,9.08,9.035,9.0451,105698,2021-08-26 19:59:00,SRNE
9.04,9.04,9.04,9.04,216374,2021-08-26 20:00:00,SRNE
9.04,9.04,9.04,9.04,10346,2021-08-26 20:01:00,SRNE
9.1,9.1,9.1,9.1,150,2021-08-26 20:04:00,SRNE
9.08,9.08,9.08,9.08,700,2021-08-26 20:07:00,SRNE
9.05,9.0501,9.05,9.05,959,2021-08-26 20:11:00,SRNE
9.05,9.05,9.05,9.05,1000,2021-08-26 20:14:00,SRNE
9.0501,9.0501,9.0501,9.0501,300,2021-08-26 20:20:00,SRNE
9.08,9.09,9.08,9.09,768,2021-08-26 20:25:00,SRNE
9.09,9.09,9.09,9.09,100,2021-08-26 20:27:00,SRNE
9.09,9.09,9.09,9.09,200,2021-08-26 20:29:00,SRNE
9.09,9.09,9.09,9.09,350,2021-08-26 20:31:00,SRNE
9.09,9.09,9.09,9.09,565,2021-08-26 20:32:00,SRNE
9.11,9.11,9.11,9.11,712,2021-08-26 20:33:00,SRNE
9.13,9.13,9.13,9.13,100,2021-08-26 20:34:00,SRNE
9.11,9.11,9.11,9.11,1500,2021-08-26 20:41:00,SRNE
9.1,9.1,9.1,9.1,100,2021-08-26 20:46:00,SRNE
9.15,9.15,9.15,9.15,260,2021-08-26 20:48:00,SRNE
9.16,9.16,9.16,9.16,2012,2021-08-26 20:49:00,SRNE
9.16,9.16,9.16,9.16,1163,2021-08-26 20:51:00,SRNE
9.18,9.18,9.18,9.18,100,2021-08-26 20:52:00,SRNE
9.17,9.18,9.17,9.18,452,2021-08-26 20:59:00,SRNE
9.11,9.11,9.11,9.11,300,2021-08-26 21:05:00,SRNE
9.18,9.18,9.18,9.18,1000,2021-08-26 21:08:00,SRNE
9.16,9.16,9.16,9.16,890,2021-08-26 21:10:00,SRNE
9.16,9.16,9.16,9.16,1000,2021-08-26 21:13:00,SRNE
9.16,9.16,9.16,9.16,1500,2021-08-26 21:14:00,SRNE
9.16,9.16,9.16,9.16,980,2021-08-26 21:20:00,SRNE
9.1,9.1,9.1,9.1,480,2021-08-26 21:39:00,SRNE
9.11,9.11,9.11,9.11,135,2021-08-26 22:08:00,SRNE
9.1,9.1,9.1,9.1,700,2021-08-26 22:14:00,SRNE
9.1,9.1,9.1,9.1,400,2021-08-26 22:48:00,SRNE
9.1,9.1,9.1,9.1,200,2021-08-26 22:51:00,SRNE
9.11,9.11,9.1,9.1,1100,2021-08-26 22:57:00,SRNE
9.12,9.12,9.12,9.12,245,2021-08-26 22:58:00,SRNE
9.14,9.14,9.14,9.14,125,2021-08-26 23:02:00,SRNE
9.13,9.13,9.13,9.13,180,2021-08-26 23:07:00,SRNE
9.13,9.13,9.13,9.13,2635,2021-08-26 23:08:00,SRNE
9.135,9.14,9.135,9.14,732,2021-08-26 23:21:00,SRNE
9.14,9.14,9.14,9.14,225,2021-08-26 23:30:00,SRNE
9.1799,9.1799,9.1799,9.1799,500,2021-08-26 23:41:00,SRNE
9.14,9.14,9.14,9.14,600,2021-08-26 23:42:00,SRNE
9.14,9.14,9.14,9.14,5917,2021-08-26 23:48:00,SRNE
9.13,9.13,9.13,9.13,140,2021-08-26 23:54:00,SRNE
9.13,9.13,9.13,9.13,300,2021-08-26 23:55:00,SRNE
9.14,9.14,9.14,9.14,557,2021-08-26 23:58:00,SRNE
9.16,9.16,9.16,9.16,1000,2021-08-26 23:59:00,SRNE
9.16,9.16,9.16,9.16,200,2021-08-27 10:17:00,SRNE
9.07,9.07,9.07,9.07,100,2021-08-27 10:28:00,SRNE
9.21,9.21,9.21,9.21,328,2021-08-27 11:07:00,SRNE
9.13,9.13,9.13,9.13,100,2021-08-27 11:28:00,SRNE
9.12,9.13,9.12,9.13,300,2021-08-27 11:43:00,SRNE
9.14,9.14,9.14,9.14,100,2021-08-27 11:44:00,SRNE
9.15,9.15,9.15,9.15,658,2021-08-27 11:45:00,SRNE
9.18,9.2,9.18,9.2,2000,2021-08-27 11:47:00,SRNE
9.23,9.23,9.23,9.23,100,2021-08-27 11:48:00,SRNE
9.23,9.24,9.23,9.24,800,2021-08-27 11:49:00,SRNE
9.24,9.24,9.24,9.24,458,2021-08-27 11:57:00,SRNE
9.24,9.24,9.24,9.24,180,2021-08-27 11:59:00,SRNE
9.24,9.24,9.24,9.24,100,2021-08-27 12:00:00,SRNE
9.25,9.25,9.25,9.25,200,2021-08-27 12:01:00,SRNE
9.24,9.24,9.24,9.24,100,2021-08-27 12:03:00,SRNE
9.24,9.24,9.24,9.24,500,2021-08-27 12:04:00,SRNE
9.2,9.2,9.2,9.2,1000,2021-08-27 12:06:00,SRNE
9.25,9.26,9.25,9.26,566,2021-08-27 12:09:00,SRNE
9.21,9.21,9.21,9.21,1000,2021-08-27 12:12:00,SRNE
9.21,9.21,9.21,9.21,100,2021-08-27 12:22:00,SRNE
9.21,9.21,9.21,9.21,500,2021-08-27 12:23:00,SRNE
9.21,9.21,9.21,9.21,560,2021-08-27 12:24:00,SRNE
9.21,9.21,9.21,9.21,1000,2021-08-27 12:33:00,SRNE
9.21,9.21,9.21,9.21,100,2021-08-27 12:37:00,SRNE
9.2297,9.2297,9.21,9.21,920,2021-08-27 12:38:00,SRNE
9.22,9.22,9.22,9.22,1063,2021-08-27 12:39:00,SRNE
9.21,9.21,9.21,9.21,910,2021-08-27 12:46:00,SRNE
9.23,9.23,9.23,9.23,1000,2021-08-27 12:47:00,SRNE
9.19,9.19,9.19,9.19,300,2021-08-27 12:48:00,SRNE
9.19,9.19,9.19,9.19,1000,2021-08-27 12:50:00,SRNE
9.19,9.19,9.19,9.19,100,2021-08-27 12:52:00,SRNE
9.19,9.19,9.19,9.19,300,2021-08-27 12:53:00,SRNE
9.17,9.17,9.17,9.17,200,2021-08-27 12:54:00,SRNE
9.16,9.16,9.16,9.16,200,2021-08-27 12:55:00,SRNE
9.16,9.17,9.16,9.17,720,2021-08-27 12:56:00,SRNE
9.17,9.17,9.17,9.17,3997,2021-08-27 12:57:00,SRNE
9.1701,9.1701,9.1701,9.1701,1000,2021-08-27 13:01:00,SRNE
9.18,9.18,9.18,9.18,200,2021-08-27 13:02:00,SRNE
9.18,9.18,9.18,9.18,860,2021-08-27 13:04:00,SRNE
9.2,9.2,9.2,9.2,120,2021-08-27 13:08:00,SRNE
9.18,9.2,9.18,9.2,483,2021-08-27 13:13:00,SRNE
9.2,9.2,9.2,9.2,380,2021-08-27 13:15:00,SRNE
9.21,9.21,9.21,9.21,400,2021-08-27 13:16:00,SRNE
9.2,9.2,9.2,9.2,100,2021-08-27 13:18:00,SRNE
9.2,9.2299,9.2,9.2299,1200,2021-08-27 13:19:00,SRNE
9.22,9.22,9.2,9.22,1650,2021-08-27 13:20:00,SRNE
9.21,9.21,9.21,9.21,110,2021-08-27 13:21:00,SRNE
9.21,9.21,9.2,9.2,2650,2021-08-27 13:22:00,SRNE
9.2,9.2,9.2,9.2,508,2021-08-27 13:23:00,SRNE
9.19,9.22,9.19,9.22,1328,2021-08-27 13:25:00,SRNE
9.22,9.23,9.19,9.23,531,2021-08-27 13:27:00,SRNE
9.16,9.19,9.15,9.15,1100,2021-08-27 13:28:00,SRNE
9.07,9.12,9.06,9.06,1942,2021-08-27 13:29:00,SRNE
9.06,9.11,9.01,9.015,97041,2021-08-27 13:30:00,SRNE
9.015,9.04,8.97,9.0351,67110,2021-08-27 13:31:00,SRNE
9.04,9.04,8.92,8.96,34784,2021-08-27 13:32:00,SRNE
8.96,8.98,8.9,8.92,50686,2021-08-27 13:33:00,SRNE
8.918,8.95,8.91,8.92,22465,2021-08-27 13:34:00,SRNE
8.913,8.97,8.9,8.9593,13822,2021-08-27 13:35:00,SRNE
8.95,8.95,8.91,8.925,13553,2021-08-27 13:36:00,SRNE
8.92,8.97,8.92,8.955,12726,2021-08-27 13:37:00,SRNE
8.95,8.95,8.92,8.945,9843,2021-08-27 13:38:00,SRNE
8.95,8.9699,8.95,8.9601,20300,2021-08-27 13:39:00,SRNE
8.97,9.0282,8.97,9.02,30503,2021-08-27 13:40:00,SRNE
9.02,9.03,8.99,9.0086,17007,2021-08-27 13:41:00,SRNE
9.01,9.05,9.005,9.039,11076,2021-08-27 13:42:00,SRNE
9.035,9.0404,9.0253,9.04,9116,2021-08-27 13:43:00,SRNE
9.03,9.035,9.025,9.025,2194,2021-08-27 13:44:00,SRNE
9.025,9.04,9.015,9.0384,16847,2021-08-27 13:45:00,SRNE
9.035,9.04,9.01,9.01,11802,2021-08-27 13:46:00,SRNE
9.0,9.0288,9.0,9.01,4479,2021-08-27 13:47:00,SRNE
9.0,9.03,9.0,9.03,6874,2021-08-27 13:48:00,SRNE
9.03,9.04,9.01,9.01,3686,2021-08-27 13:49:00,SRNE
9.01,9.015,9.01,9.011,4332,2021-08-27 13:50:00,SRNE
9.01,9.01,8.98,8.98,13628,2021-08-27 13:51:00,SRNE
8.965,8.965,8.94,8.945,4819,2021-08-27 13:52:00,SRNE
8.945,8.9522,8.94,8.945,4462,2021-08-27 13:53:00,SRNE
8.9485,8.9775,8.945,8.96,10951,2021-08-27 13:54:00,SRNE
8.96,8.96,8.95,8.9579,1100,2021-08-27 13:55:00,SRNE
8.97,8.98,8.97,8.97,13900,2021-08-27 13:56:00,SRNE
8.98,9.01,8.98,9.01,3025,2021-08-27 13:57:00,SRNE
9.005,9.01,8.995,9.01,34872,2021-08-27 13:58:00,SRNE
9.0,9.0089,8.98,8.9999,20909,2021-08-27 13:59:00,SRNE
8.99,9.0191,8.985,9.0191,1839,2021-08-27 14:00:00,SRNE
9.0,9.01,8.9995,9.0,5580,2021-08-27 14:01:00,SRNE
9.0,9.01,8.995,9.0,8899,2021-08-27 14:02:00,SRNE
9.01,9.02,9.0,9.01,25311,2021-08-27 14:03:00,SRNE
9.0,9.0,8.97,8.97,8527,2021-08-27 14:04:00,SRNE
8.98,8.99,8.96,8.9708,12050,2021-08-27 14:05:00,SRNE
8.97,8.97,8.95,8.955,16340,2021-08-27 14:06:00,SRNE
8.96,8.97,8.95,8.96,12876,2021-08-27 14:07:00,SRNE
8.96,8.9693,8.955,8.965,6720,2021-08-27 14:08:00,SRNE
8.9601,8.97,8.94,8.9421,13903,2021-08-27 14:09:00,SRNE
8.94,8.94,8.91,8.925,13634,2021-08-27 14:10:00,SRNE
8.9299,8.95,8.925,8.9442,10843,2021-08-27 14:11:00,SRNE
8.935,8.945,8.931,8.945,1900,2021-08-27 14:12:00,SRNE
8.9498,8.95,8.93,8.95,8911,2021-08-27 14:13:00,SRNE
8.95,8.95,8.93,8.94,5535,2021-08-27 14:14:00,SRNE
8.935,8.94,8.92,8.935,10584,2021-08-27 14:15:00,SRNE
8.935,8.94,8.92,8.925,10332,2021-08-27 14:16:00,SRNE
8.93,8.94,8.92,8.94,6934,2021-08-27 14:17:00,SRNE
8.95,8.955,8.9385,8.955,15088,2021-08-27 14:18:00,SRNE
8.9574,8.96,8.9507,8.96,4350,2021-08-27 14:19:00,SRNE
8.965,8.97,8.96,8.9681,2414,2021-08-27 14:20:00,SRNE
8.96,8.97,8.935,8.935,14874,2021-08-27 14:21:00,SRNE
8.935,8.955,8.935,8.9506,7676,2021-08-27 14:22:00,SRNE
8.95,8.96,8.9391,8.96,6031,2021-08-27 14:23:00,SRNE
8.96,8.98,8.96,8.98,16936,2021-08-27 14:24:00,SRNE
8.975,8.989,8.96,8.989,6811,2021-08-27 14:25:00,SRNE
8.9827,9.01,8.975,8.9942,18874,2021-08-27 14:26:00,SRNE
9.0,9.01,8.995,9.0,23155,2021-08-27 14:27:00,SRNE
8.995,9.0,8.995,8.995,500,2021-08-27 14:28:00,SRNE
8.99,9.01,8.99,9.01,4340,2021-08-27 14:29:00,SRNE
9.01,9.0784,9.01,9.07,20350,2021-08-27 14:30:00,SRNE
9.07,9.08,9.0691,9.07,24629,2021-08-27 14:31:00,SRNE
9.07,9.09,9.07,9.09,14633,2021-08-27 14:32:00,SRNE
9.09,9.1,9.0711,9.09,10497,2021-08-27 14:33:00,SRNE
9.0901,9.1,9.08,9.1,7126,2021-08-27 14:34:00,SRNE
9.095,9.0973,9.084,9.09,4139,2021-08-27 14:35:00,SRNE
9.085,9.09,9.08,9.085,7250,2021-08-27 14:36:00,SRNE
9.08,9.08,9.06,9.08,16580,2021-08-27 14:37:00,SRNE
9.0822,9.1,9.0822,9.1,14797,2021-08-27 14:38:00,SRNE
9.105,9.12,9.105,9.12,10800,2021-08-27 14:39:00,SRNE
9.1184,9.12,9.1,9.105,7278,2021-08-27 14:40:00,SRNE
9.105,9.125,9.095,9.12,8630,2021-08-27 14:41:00,SRNE
9.12,9.1313,9.12,9.1201,26186,2021-08-27 14:42:00,SRNE
9.125,9.125,9.12,9.12,2700,2021-08-27 14:43:00,SRNE
9.115,9.12,9.1001,9.12,4820,2021-08-27 14:44:00,SRNE
9.12,9.125,9.12,9.125,5200,2021-08-27 14:45:00,SRNE
9.121,9.135,9.121,9.13,6983,2021-08-27 14:46:00,SRNE
9.13,9.13,9.11,9.12,9600,2021-08-27 14:47:00,SRNE
9.12,9.125,9.11,9.12,16174,2021-08-27 14:48:00,SRNE
9.13,9.13,9.125,9.125,1120,2021-08-27 14:49:00,SRNE
9.1239,9.16,9.1239,9.16,32924,2021-08-27 14:50:00,SRNE
9.16,9.16,9.1328,9.1328,11999,2021-08-27 14:51:00,SRNE
9.1375,9.15,9.13,9.1401,8982,2021-08-27 14:52:00,SRNE
9.14,9.14,9.1375,9.14,8254,2021-08-27 14:53:00,SRNE
9.145,9.145,9.145,9.145,100,2021-08-27 14:54:00,SRNE
9.15,9.16,9.1401,9.155,4949,2021-08-27 14:55:00,SRNE
9.1598,9.17,9.15,9.15,35199,2021-08-27 14:56:00,SRNE
9.16,9.16,9.12,9.13,29726,2021-08-27 14:57:00,SRNE
9.13,9.13,9.12,9.125,3725,2021-08-27 14:58:00,SRNE
9.125,9.13,9.12,9.125,4900,2021-08-27 14:59:00,SRNE
9.125,9.13,9.12,9.125,11349,2021-08-27 15:00:00,SRNE
9.125,9.137,9.125,9.135,7137,2021-08-27 15:01:00,SRNE
9.135,9.137,9.12,9.12,7709,2021-08-27 15:02:00,SRNE
9.125,9.13,9.12,9.125,5306,2021-08-27 15:03:00,SRNE
9.125,9.125,9.12,9.12,4280,2021-08-27 15:04:00,SRNE
9.125,9.125,9.12,9.12,2750,2021-08-27 15:05:00,SRNE
9.127,9.127,9.12,9.125,4888,2021-08-27 15:06:00,SRNE
9.125,9.14,9.125,9.13,9891,2021-08-27 15:07:00,SRNE
9.125,9.13,9.12,9.125,7595,2021-08-27 15:08:00,SRNE
9.125,9.125,9.12,9.125,1300,2021-08-27 15:09:00,SRNE
9.125,9.13,9.125,9.125,800,2021-08-27 15:10:00,SRNE
9.1231,9.125,9.12,9.125,6583,2021-08-27 15:11:00,SRNE
9.13,9.14,9.125,9.125,9906,2021-08-27 15:12:00,SRNE
9.125,9.125,9.111,9.12,5375,2021-08-27 15:13:00,SRNE
9.115,9.12,9.11,9.11,2400,2021-08-27 15:14:00,SRNE
9.115,9.115,9.08,9.08,9411,2021-08-27 15:15:00,SRNE
9.0818,9.1,9.08,9.09,11715,2021-08-27 15:16:00,SRNE
9.0914,9.105,9.0914,9.105,4896,2021-08-27 15:17:00,SRNE
9.11,9.115,9.1,9.1,11386,2021-08-27 15:18:00,SRNE
9.1,9.11,9.1,9.105,1225,2021-08-27 15:19:00,SRNE
9.105,9.11,9.1,9.1038,12068,2021-08-27 15:20:00,SRNE
9.101,9.101,9.09,9.09,5950,2021-08-27 15:21:00,SRNE
9.095,9.1,9.09,9.0967,6990,2021-08-27 15:22:00,SRNE
9.095,9.095,9.085,9.085,1870,2021-08-27 15:23:00,SRNE
9.08,9.09,9.07,9.0701,9275,2021-08-27 15:24:00,SRNE
9.07,9.08,9.07,9.0776,11198,2021-08-27 15:25:00,SRNE
9.075,9.075,9.05,9.05,12250,2021-08-27 15:26:00,SRNE
9.05,9.06,9.05,9.0573,4490,2021-08-27 15:27:00,SRNE
9.055,9.055,9.04,9.047,11392,2021-08-27 15:28:00,SRNE
9.04,9.05,9.035,9.05,18739,2021-08-27 15:29:00,SRNE
9.0499,9.05,9.045,9.05,7200,2021-08-27 15:30:00,SRNE
9.06,9.07,9.06,9.07,5723,2021-08-27 15:31:00,SRNE
9.0663,9.09,9.065,9.085,4723,2021-08-27 15:32:00,SRNE
9.09,9.12,9.09,9.12,4646,2021-08-27 15:33:00,SRNE
9.12,9.13,9.109,9.13,12327,2021-08-27 15:34:00,SRNE
9.125,9.13,9.12,9.1207,6370,2021-08-27 15:35:00,SRNE
9.125,9.125,9.12,9.12,1780,2021-08-27 15:36:00,SRNE
9.1193,9.135,9.1193,9.135,3400,2021-08-27 15:37:00,SRNE
9.1301,9.135,9.12,9.1325,10194,2021-08-27 15:38:00,SRNE
9.135,9.14,9.13,9.13,3751,2021-08-27 15:39:00,SRNE
9.13,9.1364,9.13,9.135,4050,2021-08-27 15:40:00,SRNE
9.13,9.1599,9.13,9.1599,13835,2021-08-27 15:41:00,SRNE
9.16,9.175,9.16,9.165,22600,2021-08-27 15:42:00,SRNE
9.165,9.17,9.16,9.165,4700,2021-08-27 15:43:00,SRNE
9.1674,9.175,9.1621,9.175,10709,2021-08-27 15:44:00,SRNE
9.1701,9.18,9.165,9.165,4302,2021-08-27 15:45:00,SRNE
9.17,9.18,9.17,9.175,8485,2021-08-27 15:46:00,SRNE
9.1727,9.19,9.1727,9.1827,22528,2021-08-27 15:47:00,SRNE
9.19,9.19,9.18,9.185,4305,2021-08-27 15:48:00,SRNE
9.19,9.205,9.18,9.19,43350,2021-08-27 15:49:00,SRNE
9.2,9.22,9.19,9.21,28182,2021-08-27 15:50:00,SRNE
9.22,9.23,9.22,9.23,9347,2021-08-27 15:51:00,SRNE
9.222,9.23,9.22,9.22,18500,2021-08-27 15:52:00,SRNE
9.225,9.23,9.2201,9.23,4000,2021-08-27 15:53:00,SRNE
9.225,9.23,9.21,9.215,12193,2021-08-27 15:54:00,SRNE
9.215,9.215,9.2,9.2001,8700,2021-08-27 15:55:00,SRNE
9.204,9.21,9.204,9.21,1700,2021-08-27 15:56:00,SRNE
9.2,9.2017,9.18,9.189,7600,2021-08-27 15:57:00,SRNE
9.19,9.195,9.1826,9.1826,2832,2021-08-27 15:58:00,SRNE
9.1801,9.19,9.18,9.185,15372,2021-08-27 15:59:00,SRNE
9.1801,9.19,9.18,9.18,12708,2021-08-27 16:00:00,SRNE
9.18,9.195,9.18,9.195,13189,2021-08-27 16:01:00,SRNE
9.1999,9.21,9.195,9.21,17931,2021-08-27 16:02:00,SRNE
9.205,9.21,9.2025,9.21,5850,2021-08-27 16:03:00,SRNE
9.21,9.23,9.21,9.23,5555,2021-08-27 16:04:00,SRNE
9.23,9.24,9.22,9.235,21536,2021-08-27 16:05:00,SRNE
9.2301,9.24,9.2229,9.2229,9472,2021-08-27 16:06:00,SRNE
9.226,9.23,9.215,9.22,8400,2021-08-27 16:07:00,SRNE
9.22,9.2208,9.22,9.22,3398,2021-08-27 16:08:00,SRNE
9.215,9.22,9.215,9.22,6188,2021-08-27 16:09:00,SRNE
9.2208,9.24,9.2208,9.24,17158,2021-08-27 16:10:00,SRNE
9.23,9.24,9.2201,9.2247,5603,2021-08-27 16:11:00,SRNE
9.23,9.23,9.2249,9.23,750,2021-08-27 16:12:00,SRNE
9.22,9.23,9.22,9.23,2800,2021-08-27 16:13:00,SRNE
9.23,9.24,9.23,9.24,3568,2021-08-27 16:14:00,SRNE
9.235,9.24,9.23,9.24,11463,2021-08-27 16:15:00,SRNE
9.24,9.24,9.224,9.23,6992,2021-08-27 16:16:00,SRNE
9.22,9.23,9.22,9.225,905,2021-08-27 16:17:00,SRNE
9.23,9.26,9.23,9.255,34280,2021-08-27 16:18:00,SRNE
9.255,9.255,9.24,9.245,4026,2021-08-27 16:19:00,SRNE
9.25,9.25,9.2461,9.2461,600,2021-08-27 16:20:00,SRNE
9.245,9.245,9.24,9.245,4604,2021-08-27 16:21:00,SRNE
9.245,9.26,9.215,9.215,17171,2021-08-27 16:22:00,SRNE
9.215,9.215,9.195,9.195,16859,2021-08-27 16:23:00,SRNE
9.1917,9.195,9.17,9.17,31858,2021-08-27 16:24:00,SRNE
9.173,9.18,9.1701,9.18,2807,2021-08-27 16:25:00,SRNE
9.1782,9.185,9.17,9.1721,7481,2021-08-27 16:26:00,SRNE
9.175,9.175,9.175,9.175,500,2021-08-27 16:27:00,SRNE
9.1727,9.18,9.16,9.165,8120,2021-08-27 16:28:00,SRNE
9.17,9.17,9.15,9.155,7652,2021-08-27 16:29:00,SRNE
9.1579,9.1579,9.1579,9.1579,150,2021-08-27 16:30:00,SRNE
9.16,9.17,9.16,9.1638,3200,2021-08-27 16:31:00,SRNE
9.165,9.165,9.1585,9.1585,13000,2021-08-27 16:32:00,SRNE
9.16,9.165,9.15,9.15,9879,2021-08-27 16:33:00,SRNE
9.145,9.1599,9.145,9.155,1200,2021-08-27 16:34:00,SRNE
9.155,9.17,9.1501,9.16,2107,2021-08-27 16:35:00,SRNE
9.16,9.16,9.1507,9.1573,2813,2021-08-27 16:36:00,SRNE
9.155,9.155,9.1501,9.155,1100,2021-08-27 16:37:00,SRNE
9.15,9.15,9.12,9.12,8777,2021-08-27 16:38:00,SRNE
9.14,9.1584,9.1397,9.155,14692,2021-08-27 16:39:00,SRNE
9.1581,9.17,9.155,9.155,7903,2021-08-27 16:40:00,SRNE
9.155,9.165,9.15,9.165,5575,2021-08-27 16:41:00,SRNE
9.16,9.165,9.145,9.145,3291,2021-08-27 16:42:00,SRNE
9.1499,9.15,9.135,9.135,6881,2021-08-27 16:43:00,SRNE
9.135,9.1399,9.125,9.125,14873,2021-08-27 16:44:00,SRNE
9.13,9.14,9.125,9.14,3254,2021-08-27 16:45:00,SRNE
9.1319,9.135,9.121,9.125,6326,2021-08-27 16:46:00,SRNE
9.1209,9.1271,9.1105,9.115,7694,2021-08-27 16:47:00,SRNE
9.11,9.13,9.11,9.12,31656,2021-08-27 16:48:00,SRNE
9.125,9.125,9.125,9.125,800,2021-08-27 16:49:00,SRNE
9.125,9.125,9.125,9.125,300,2021-08-27 16:50:00,SRNE
9.13,9.13,9.1231,9.125,300,2021-08-27 16:51:00,SRNE
9.12,9.13,9.12,9.12,409,2021-08-27 16:52:00,SRNE
9.12,9.13,9.12,9.13,1700,2021-08-27 16:53:00,SRNE
9.12,9.125,9.12,9.12,800,2021-08-27 16:54:00,SRNE
9.1218,9.13,9.12,9.13,1126,2021-08-27 16:55:00,SRNE
9.1247,9.13,9.1247,9.125,2004,2021-08-27 16:56:00,SRNE
9.12,9.13,9.12,9.13,2296,2021-08-27 16:57:00,SRNE
9.12,9.125,9.12,9.125,7107,2021-08-27 16:58:00,SRNE
9.13,9.135,9.13,9.135,5991,2021-08-27 16:59:00,SRNE
9.125,9.1281,9.125,9.1281,400,2021-08-27 17:00:00,SRNE
9.13,9.13,9.125,9.13,3826,2021-08-27 17:01:00,SRNE
9.13,9.13,9.13,9.13,100,2021-08-27 17:02:00,SRNE
9.13,9.13,9.13,9.13,100,2021-08-27 17:03:00,SRNE
9.12,9.13,9.11,9.115,7692,2021-08-27 17:04:00,SRNE
9.11,9.125,9.11,9.125,3706,2021-08-27 17:05:00,SRNE
9.12,9.14,9.12,9.14,6849,2021-08-27 17:06:00,SRNE
9.14,9.14,9.1328,9.1328,853,2021-08-27 17:07:00,SRNE
9.135,9.135,9.105,9.105,14785,2021-08-27 17:08:00,SRNE
9.105,9.11,9.1,9.105,5599,2021-08-27 17:09:00,SRNE
9.1,9.1087,9.1,9.1087,9454,2021-08-27 17:10:00,SRNE
9.105,9.11,9.1022,9.1022,4200,2021-08-27 17:11:00,SRNE
9.105,9.105,9.095,9.1,7100,2021-08-27 17:12:00,SRNE
9.095,9.1,9.0917,9.095,10910,2021-08-27 17:13:00,SRNE
9.1091,9.11,9.1,9.11,4787,2021-08-27 17:14:00,SRNE
9.11,9.115,9.11,9.115,500,2021-08-27 17:15:00,SRNE
9.11,9.12,9.11,9.12,200,2021-08-27 17:16:00,SRNE
9.12,9.1216,9.11,9.115,5683,2021-08-27 17:17:00,SRNE
9.12,9.12,9.115,9.12,8650,2021-08-27 17:18:00,SRNE
9.125,9.129,9.125,9.129,760,2021-08-27 17:19:00,SRNE
9.13,9.13,9.13,9.13,1600,2021-08-27 17:20:00,SRNE
9.13,9.14,9.13,9.14,1700,2021-08-27 17:21:00,SRNE
9.145,9.145,9.135,9.145,3682,2021-08-27 17:22:00,SRNE
9.145,9.145,9.145,9.145,100,2021-08-27 17:23:00,SRNE
9.1499,9.1499,9.1499,9.1499,100,2021-08-27 17:24:00,SRNE
9.15,9.155,9.1419,9.155,2828,2021-08-27 17:25:00,SRNE
9.15,9.16,9.14,9.15,8170,2021-08-27 17:26:00,SRNE
9.15,9.155,9.15,9.155,3072,2021-08-27 17:27:00,SRNE
9.1575,9.1575,9.1575,9.1575,1000,2021-08-27 17:28:00,SRNE
9.16,9.17,9.159,9.17,6768,2021-08-27 17:29:00,SRNE
9.17,9.1733,9.1699,9.1699,4720,2021-08-27 17:30:00,SRNE
9.165,9.17,9.165,9.1699,2893,2021-08-27 17:31:00,SRNE
9.165,9.175,9.165,9.175,2408,2021-08-27 17:32:00,SRNE
9.175,9.175,9.175,9.175,1678,2021-08-27 17:33:00,SRNE
9.1778,9.18,9.1725,9.18,1005,2021-08-27 17:34:00,SRNE
9.175,9.18,9.175,9.18,3413,2021-08-27 17:35:00,SRNE
9.18,9.189,9.17,9.175,12300,2021-08-27 17:36:00,SRNE
9.175,9.175,9.17,9.17,5191,2021-08-27 17:37:00,SRNE
9.175,9.18,9.17,9.175,6646,2021-08-27 17:38:00,SRNE
9.175,9.18,9.175,9.18,2615,2021-08-27 17:39:00,SRNE
9.185,9.1899,9.18,9.185,3600,2021-08-27 17:40:00,SRNE
9.19,9.195,9.185,9.185,8511,2021-08-27 17:41:00,SRNE
9.185,9.199,9.185,9.199,9445,2021-08-27 17:42:00,SRNE
9.195,9.195,9.19,9.19,6100,2021-08-27 17:43:00,SRNE
9.195,9.1999,9.19,9.195,10211,2021-08-27 17:44:00,SRNE
9.1908,9.195,9.18,9.185,29375,2021-08-27 17:45:00,SRNE
9.189,9.19,9.18,9.18,7600,2021-08-27 17:46:00,SRNE
9.18,9.1881,9.17,9.1769,14051,2021-08-27 17:47:00,SRNE
9.1772,9.19,9.1772,9.19,5392,2021-08-27 17:48:00,SRNE
9.195,9.195,9.1901,9.1901,3600,2021-08-27 17:49:00,SRNE
9.195,9.195,9.1916,9.195,2200,2021-08-27 17:50:00,SRNE
9.195,9.195,9.19,9.1901,1800,2021-08-27 17:51:00,SRNE
9.195,9.195,9.1901,9.1901,1900,2021-08-27 17:52:00,SRNE
9.192,9.192,9.1901,9.1901,4050,2021-08-27 17:53:00,SRNE
9.1901,9.195,9.17,9.175,27897,2021-08-27 17:54:00,SRNE
9.171,9.175,9.17,9.17,5949,2021-08-27 17:55:00,SRNE
9.17,9.1785,9.17,9.172,16521,2021-08-27 17:56:00,SRNE
9.175,9.175,9.17,9.175,3728,2021-08-27 17:57:00,SRNE
9.1605,9.165,9.16,9.16,2448,2021-08-27 17:58:00,SRNE
9.165,9.17,9.165,9.165,10386,2021-08-27 17:59:00,SRNE
9.16,9.175,9.16,9.175,11874,2021-08-27 18:00:00,SRNE
9.17,9.185,9.17,9.1819,4318,2021-08-27 18:01:00,SRNE
9.185,9.185,9.18,9.185,5320,2021-08-27 18:02:00,SRNE
9.17,9.17,9.17,9.17,100,2021-08-27 18:03:00,SRNE
9.1763,9.178,9.1701,9.1701,1000,2021-08-27 18:04:00,SRNE
9.1779,9.1779,9.17,9.175,4500,2021-08-27 18:05:00,SRNE
9.175,9.175,9.17,9.172,2354,2021-08-27 18:06:00,SRNE
9.175,9.175,9.16,9.1663,12724,2021-08-27 18:07:00,SRNE
9.1621,9.165,9.16,9.165,1000,2021-08-27 18:08:00,SRNE
9.17,9.17,9.17,9.17,100,2021-08-27 18:09:00,SRNE
9.165,9.18,9.165,9.18,4816,2021-08-27 18:10:00,SRNE
9.175,9.18,9.175,9.18,300,2021-08-27 18:11:00,SRNE
9.1724,9.175,9.1721,9.1721,750,2021-08-27 18:12:00,SRNE
9.175,9.175,9.17,9.17,1500,2021-08-27 18:13:00,SRNE
9.18,9.18,9.1799,9.1799,341,2021-08-27 18:14:00,SRNE
9.17,9.179,9.17,9.17,2299,2021-08-27 18:15:00,SRNE
9.18,9.18,9.175,9.175,3000,2021-08-27 18:16:00,SRNE
9.175,9.18,9.17,9.17,12900,2021-08-27 18:17:00,SRNE
9.175,9.18,9.17,9.18,1800,2021-08-27 18:18:00,SRNE
9.175,9.1773,9.16,9.16,13235,2021-08-27 18:19:00,SRNE
9.16,9.1667,9.16,9.1667,200,2021-08-27 18:21:00,SRNE
9.165,9.18,9.16,9.175,10009,2021-08-27 18:22:00,SRNE
9.175,9.18,9.17,9.1721,3595,2021-08-27 18:23:00,SRNE
9.175,9.175,9.1701,9.1701,1020,2021-08-27 18:24:00,SRNE
9.1715,9.18,9.17,9.175,2500,2021-08-27 18:25:00,SRNE
9.175,9.18,9.17,9.1701,700,2021-08-27 18:26:00,SRNE
9.17,9.18,9.17,9.17,600,2021-08-27 18:27:00,SRNE
9.1701,9.18,9.17,9.17,5476,2021-08-27 18:28:00,SRNE
9.175,9.18,9.17,9.18,10717,2021-08-27 18:29:00,SRNE
9.18,9.19,9.18,9.18,9628,2021-08-27 18:30:00,SRNE
9.1824,9.19,9.18,9.19,2100,2021-08-27 18:31:00,SRNE
9.18,9.185,9.17,9.18,18964,2021-08-27 18:32:00,SRNE
9.19,9.19,9.18,9.19,9919,2021-08-27 18:33:00,SRNE
9.19,9.195,9.19,9.195,1967,2021-08-27 18:34:00,SRNE
9.19,9.2,9.19,9.19,6668,2021-08-27 18:35:00,SRNE
9.195,9.1999,9.1901,9.1999,1300,2021-08-27 18:36:00,SRNE
9.1997,9.1997,9.19,9.19,3100,2021-08-27 18:37:00,SRNE
9.1926,9.1926,9.1926,9.1926,100,2021-08-27 18:38:00,SRNE
9.19,9.195,9.19,9.19,2864,2021-08-27 18:39:00,SRNE
9.19,9.195,9.18,9.185,12016,2021-08-27 18:40:00,SRNE
9.18,9.1825,9.18,9.18,1500,2021-08-27 18:41:00,SRNE
9.185,9.195,9.18,9.19,11565,2021-08-27 18:42:00,SRNE
9.19,9.195,9.18,9.1817,15716,2021-08-27 18:43:00,SRNE
9.18,9.1876,9.17,9.17,3379,2021-08-27 18:44:00,SRNE
9.18,9.19,9.17,9.19,6376,2021-08-27 18:45:00,SRNE
9.195,9.195,9.195,9.195,447,2021-08-27 18:46:00,SRNE
9.1901,9.1999,9.1901,9.1926,1150,2021-08-27 18:47:00,SRNE
9.195,9.1983,9.195,9.1983,1300,2021-08-27 18:48:00,SRNE
9.193,9.2,9.18,9.185,4475,2021-08-27 18:49:00,SRNE
9.185,9.19,9.18,9.18,2100,2021-08-27 18:50:00,SRNE
9.1899,9.1899,9.18,9.18,2300,2021-08-27 18:51:00,SRNE
9.19,9.19,9.185,9.185,2600,2021-08-27 18:52:00,SRNE
9.195,9.205,9.195,9.2021,6805,2021-08-27 18:53:00,SRNE
9.205,9.2099,9.19,9.2,20057,2021-08-27 18:54:00,SRNE
9.21,9.2167,9.2026,9.215,3050,2021-08-27 18:55:00,SRNE
9.215,9.22,9.21,9.22,21351,2021-08-27 18:56:00,SRNE
9.21,9.22,9.21,9.2132,1900,2021-08-27 18:57:00,SRNE
9.215,9.2263,9.215,9.2263,2545,2021-08-27 18:58:00,SRNE
9.2231,9.24,9.19,9.19,35140,2021-08-27 18:59:00,SRNE
9.19,9.2,9.185,9.195,9757,2021-08-27 19:00:00,SRNE
9.195,9.2,9.19,9.193,12945,2021-08-27 19:01:00,SRNE
9.19,9.19,9.185,9.185,1961,2021-08-27 19:02:00,SRNE
9.19,9.19,9.1801,9.185,2044,2021-08-27 19:03:00,SRNE
9.185,9.185,9.185,9.185,400,2021-08-27 19:04:00,SRNE
9.185,9.19,9.18,9.185,4652,2021-08-27 19:05:00,SRNE
9.185,9.2,9.185,9.19,10817,2021-08-27 19:06:00,SRNE
9.185,9.185,9.185,9.185,150,2021-08-27 19:07:00,SRNE
9.185,9.185,9.1712,9.1712,2350,2021-08-27 19:08:00,SRNE
9.1793,9.1793,9.165,9.175,10250,2021-08-27 19:09:00,SRNE
9.17,9.18,9.17,9.175,6600,2021-08-27 19:10:00,SRNE
9.175,9.175,9.17,9.17,8109,2021-08-27 19:11:00,SRNE
9.18,9.1814,9.175,9.1814,2566,2021-08-27 19:12:00,SRNE
9.181,9.185,9.175,9.176,2800,2021-08-27 19:13:00,SRNE
9.175,9.175,9.175,9.175,400,2021-08-27 19:14:00,SRNE
9.17,9.1709,9.165,9.17,16915,2021-08-27 19:15:00,SRNE
9.17,9.17,9.16,9.16,945,2021-08-27 19:16:00,SRNE
9.1671,9.1671,9.1671,9.1671,100,2021-08-27 19:17:00,SRNE
9.165,9.1699,9.1608,9.165,1000,2021-08-27 19:18:00,SRNE
9.165,9.165,9.16,9.165,903,2021-08-27 19:19:00,SRNE
9.1672,9.17,9.16,9.17,3645,2021-08-27 19:20:00,SRNE
9.165,9.1682,9.163,9.165,3701,2021-08-27 19:21:00,SRNE
9.165,9.17,9.165,9.165,1400,2021-08-27 19:22:00,SRNE
9.17,9.17,9.165,9.165,4799,2021-08-27 19:23:00,SRNE
9.165,9.17,9.165,9.17,300,2021-08-27 19:24:00,SRNE
9.165,9.18,9.16,9.165,16364,2021-08-27 19:25:00,SRNE
9.165,9.1676,9.16,9.165,1646,2021-08-27 19:26:00,SRNE
9.165,9.165,9.165,9.165,1050,2021-08-27 19:27:00,SRNE
9.17,9.17,9.165,9.165,1276,2021-08-27 19:28:00,SRNE
9.1677,9.1677,9.16,9.16,11652,2021-08-27 19:29:00,SRNE
9.165,9.1673,9.16,9.161,1550,2021-08-27 19:30:00,SRNE
9.165,9.17,9.15,9.15,12887,2021-08-27 19:31:00,SRNE
9.15,9.15,9.125,9.125,18539,2021-08-27 19:32:00,SRNE
9.12,9.12,9.105,9.115,17557,2021-08-27 19:33:00,SRNE
9.115,9.12,9.11,9.1199,21800,2021-08-27 19:34:00,SRNE
9.12,9.125,9.115,9.12,4153,2021-08-27 19:35:00,SRNE
9.1281,9.135,9.125,9.13,10261,2021-08-27 19:36:00,SRNE
9.135,9.135,9.13,9.13,1516,2021-08-27 19:37:00,SRNE
9.13,9.13,9.12,9.127,6092,2021-08-27 19:38:00,SRNE
9.125,9.13,9.12,9.13,4510,2021-08-27 19:39:00,SRNE
9.1231,9.125,9.12,9.125,8694,2021-08-27 19:40:00,SRNE
9.125,9.129,9.12,9.1201,808,2021-08-27 19:41:00,SRNE
9.1276,9.13,9.12,9.12,1300,2021-08-27 19:42:00,SRNE
9.13,9.13,9.1,9.1001,18426,2021-08-27 19:43:00,SRNE
9.1081,9.1084,9.1,9.1,3701,2021-08-27 19:44:00,SRNE
9.105,9.11,9.1,9.105,12080,2021-08-27 19:45:00,SRNE
9.11,9.12,9.1021,9.115,15104,2021-08-27 19:46:00,SRNE
9.1118,9.115,9.105,9.11,19997,2021-08-27 19:47:00,SRNE
9.11,9.12,9.105,9.12,5529,2021-08-27 19:48:00,SRNE
9.1199,9.12,9.111,9.112,1457,2021-08-27 19:49:00,SRNE
9.12,9.135,9.11,9.1124,50137,2021-08-27 19:50:00,SRNE
9.115,9.1495,9.111,9.14,26355,2021-08-27 19:51:00,SRNE
9.145,9.15,9.14,9.1489,12545,2021-08-27 19:52:00,SRNE
9.145,9.16,9.1421,9.155,23069,2021-08-27 19:53:00,SRNE
9.155,9.165,9.15,9.16,16170,2021-08-27 19:54:00,SRNE
9.16,9.16,9.15,9.155,10370,2021-08-27 19:55:00,SRNE
9.151,9.155,9.14,9.155,28154,2021-08-27 19:56:00,SRNE
9.16,9.16,9.1301,9.1399,26267,2021-08-27 19:57:00,SRNE
9.14,9.14,9.13,9.13,12719,2021-08-27 19:58:00,SRNE
9.14,9.15,9.1307,9.15,70698,2021-08-27 19:59:00,SRNE
9.15,9.15,9.15,9.15,385370,2021-08-27 20:00:00,SRNE
9.14,9.14,9.14,9.14,1000,2021-08-27 20:05:00,SRNE
9.14,9.14,9.14,9.14,1100,2021-08-27 20:10:00,SRNE
9.14,9.14,9.12,9.12,200,2021-08-27 20:12:00,SRNE
9.11,9.11,9.11,9.11,105,2021-08-27 20:20:00,SRNE
9.15,9.15,9.15,9.15,1100,2021-08-27 20:24:00,SRNE
9.15,9.15,9.15,9.15,105,2021-08-27 20:25:00,SRNE
9.1599,9.1599,9.1599,9.1599,1000,2021-08-27 20:27:00,SRNE
9.16,9.16,9.16,9.16,200,2021-08-27 20:33:00,SRNE
9.16,9.16,9.16,9.16,109,2021-08-27 20:41:00,SRNE
9.15,9.15,9.15,9.15,200,2021-08-27 20:44:00,SRNE
9.15,9.1501,9.15,9.1501,2200,2021-08-27 20:45:00,SRNE
9.1201,9.1201,9.1201,9.1201,1600,2021-08-27 20:54:00,SRNE
9.122,9.122,9.12,9.12,4010,2021-08-27 20:57:00,SRNE
9.14,9.14,9.14,9.14,2000,2021-08-27 21:36:00,SRNE
9.13,9.13,9.13,9.13,100,2021-08-27 21:40:00,SRNE
9.1397,9.14,9.1397,9.14,1000,2021-08-27 21:41:00,SRNE
9.1385,9.14,9.1385,9.14,200,2021-08-27 21:42:00,SRNE
9.13,9.13,9.13,9.13,400,2021-08-27 21:45:00,SRNE
9.12,9.12,9.12,9.12,712,2021-08-27 21:53:00,SRNE
9.12,9.12,9.12,9.12,588,2021-08-27 21:56:00,SRNE
9.12,9.12,9.11,9.11,1912,2021-08-27 21:57:00,SRNE
9.15,9.15,9.15,9.15,1000,2021-08-27 22:55:00,SRNE
9.12,9.12,9.12,9.12,100,2021-08-27 22:56:00,SRNE
9.12,9.12,9.12,9.12,200,2021-08-27 22:57:00,SRNE
9.15,9.15,9.15,9.15,150,2021-08-27 22:58:00,SRNE
9.15,9.15,9.15,9.15,2000,2021-08-27 23:02:00,SRNE
9.13,9.13,9.13,9.13,290,2021-08-27 23:09:00,SRNE
9.12,9.12,9.12,9.12,244,2021-08-27 23:11:00,SRNE
9.15,9.15,9.15,9.15,300,2021-08-27 23:21:00,SRNE
9.13,9.13,9.13,9.13,100,2021-08-27 23:43:00,SRNE
9.13,9.13,9.13,9.13,100,2021-08-27 23:49:00,SRNE
9.14,9.14,9.14,9.14,2992,2021-08-27 23:55:00,SRNE
9.16,9.16,9.16,9.16,1149,2021-08-27 23:56:00,SRNE
9.05,9.05,9.05,9.05,200,2021-08-30 08:29:00,SRNE
9.2,9.2,9.18,9.18,300,2021-08-30 11:00:00,SRNE
9.17,9.17,9.17,9.17,125,2021-08-30 11:02:00,SRNE
9.16,9.16,9.16,9.16,200,2021-08-30 11:04:00,SRNE
9.16,9.16,9.16,9.16,211,2021-08-30 11:09:00,SRNE
9.15,9.15,9.15,9.15,500,2021-08-30 11:24:00,SRNE
9.13,9.13,9.13,9.13,159,2021-08-30 12:21:00,SRNE
9.1699,9.17,9.1699,9.17,1995,2021-08-30 12:23:00,SRNE
9.15,9.15,9.15,9.15,3000,2021-08-30 12:33:00,SRNE
9.1699,9.1699,9.1699,9.1699,100,2021-08-30 12:38:00,SRNE
9.1501,9.1501,9.1501,9.1501,500,2021-08-30 12:50:00,SRNE
9.15,9.15,9.15,9.15,100,2021-08-30 12:51:00,SRNE
9.13,9.14,9.1,9.1,1929,2021-08-30 12:52:00,SRNE
9.0811,9.1,9.08,9.1,1249,2021-08-30 12:58:00,SRNE
9.081,9.1,9.08,9.1,400,2021-08-30 12:59:00,SRNE
9.1,9.1,9.09,9.09,1200,2021-08-30 13:02:00,SRNE
9.08,9.08,9.08,9.08,300,2021-08-30 13:03:00,SRNE
9.09,9.09,9.09,9.09,660,2021-08-30 13:04:00,SRNE
9.09,9.09,9.09,9.09,100,2021-08-30 13:09:00,SRNE
9.12,9.12,9.12,9.12,100,2021-08-30 13:12:00,SRNE
9.12,9.12,9.12,9.12,100,2021-08-30 13:15:00,SRNE
9.12,9.12,9.12,9.12,200,2021-08-30 13:18:00,SRNE
9.17,9.17,9.17,9.17,200,2021-08-30 13:26:00,SRNE
9.12,9.12,9.12,9.12,1040,2021-08-30 13:27:00,SRNE
9.16,9.16,9.16,9.16,400,2021-08-30 13:28:00,SRNE
9.19,9.2,9.16,9.16,70261,2021-08-30 13:30:00,SRNE
9.16,9.22,9.151,9.215,5744,2021-08-30 13:31:00,SRNE
9.215,9.24,9.2,9.22,11426,2021-08-30 13:32:00,SRNE
9.2301,9.27,9.23,9.27,19092,2021-08-30 13:33:00,SRNE
9.27,9.27,9.23,9.24,17444,2021-08-30 13:34:00,SRNE
9.25,9.255,9.2216,9.23,8323,2021-08-30 13:35:00,SRNE
9.23,9.235,9.2,9.22,27254,2021-08-30 13:36:00,SRNE
9.225,9.23,9.2,9.2124,16209,2021-08-30 13:37:00,SRNE
9.2199,9.2199,9.16,9.17,20002,2021-08-30 13:38:00,SRNE
9.1783,9.1883,9.13,9.13,26292,2021-08-30 13:39:00,SRNE
9.13,9.1379,9.065,9.065,36207,2021-08-30 13:40:00,SRNE
9.06,9.065,9.04,9.04,16067,2021-08-30 13:41:00,SRNE
9.05,9.06,9.04,9.055,30702,2021-08-30 13:42:00,SRNE
9.055,9.055,9.03,9.038,15638,2021-08-30 13:43:00,SRNE
9.035,9.035,9.0,9.02,39028,2021-08-30 13:44:00,SRNE
9.025,9.025,8.97,8.98,56758,2021-08-30 13:45:00,SRNE
8.97,8.97,8.92,8.95,64937,2021-08-30 13:46:00,SRNE
8.955,8.97,8.94,8.9523,33980,2021-08-30 13:47:00,SRNE
8.9509,8.955,8.935,8.94,23999,2021-08-30 13:48:00,SRNE
8.95,8.975,8.94,8.955,30438,2021-08-30 13:49:00,SRNE
8.9593,8.97,8.945,8.9688,17458,2021-08-30 13:50:00,SRNE
8.97,8.99,8.955,8.9799,27188,2021-08-30 13:51:00,SRNE
8.9775,9.0,8.9775,9.0,13150,2021-08-30 13:52:00,SRNE
8.99,8.99,8.925,8.9497,57256,2021-08-30 13:53:00,SRNE
8.945,8.959,8.93,8.959,13440,2021-08-30 13:54:00,SRNE
8.95,8.97,8.945,8.955,15115,2021-08-30 13:55:00,SRNE
8.9598,8.9893,8.9528,8.9893,10553,2021-08-30 13:56:00,SRNE
8.99,9.02,8.99,9.0099,11566,2021-08-30 13:57:00,SRNE
9.005,9.03,8.99,9.0285,21187,2021-08-30 13:58:00,SRNE
9.023,9.08,9.023,9.07,43083,2021-08-30 13:59:00,SRNE
9.07,9.089,9.06,9.065,20530,2021-08-30 14:00:00,SRNE
9.07,9.09,9.07,9.07,5722,2021-08-30 14:01:00,SRNE
9.06,9.06,9.03,9.04,36127,2021-08-30 14:02:00,SRNE
9.0358,9.0594,9.0358,9.04,5610,2021-08-30 14:03:00,SRNE
9.04,9.0509,9.005,9.01,7003,2021-08-30 14:04:00,SRNE
9.0075,9.02,9.0075,9.02,10342,2021-08-30 14:05:00,SRNE
9.01,9.02,9.01,9.02,5106,2021-08-30 14:06:00,SRNE
9.0128,9.0299,9.01,9.02,4320,2021-08-30 14:07:00,SRNE
9.025,9.04,9.025,9.035,4721,2021-08-30 14:08:00,SRNE
9.04,9.05,9.04,9.0422,2759,2021-08-30 14:09:00,SRNE
9.04,9.05,9.0381,9.045,3958,2021-08-30 14:10:00,SRNE
9.045,9.05,9.04,9.04,750,2021-08-30 14:11:00,SRNE
9.0408,9.06,9.0408,9.059,13519,2021-08-30 14:12:00,SRNE
9.06,9.07,9.04,9.04,9747,2021-08-30 14:13:00,SRNE
9.035,9.035,9.02,9.0299,5998,2021-08-30 14:14:00,SRNE
9.025,9.04,9.0136,9.0136,5300,2021-08-30 14:15:00,SRNE
9.015,9.015,8.98,8.9995,12345,2021-08-30 14:16:00,SRNE
9.0,9.0,8.97,8.9845,24815,2021-08-30 14:17:00,SRNE
8.9868,8.99,8.98,8.9899,10039,2021-08-30 14:18:00,SRNE
8.9808,9.0185,8.9808,9.0185,10620,2021-08-30 14:19:00,SRNE
9.015,9.04,9.015,9.035,7189,2021-08-30 14:20:00,SRNE
9.0301,9.04,9.025,9.025,18392,2021-08-30 14:21:00,SRNE
9.02,9.02,9.003,9.01,4700,2021-08-30 14:22:00,SRNE
9.01,9.0199,9.01,9.0199,1258,2021-08-30 14:23:00,SRNE
9.02,9.03,8.9801,8.995,13877,2021-08-30 14:24:00,SRNE
8.995,9.0,8.9901,8.995,1943,2021-08-30 14:25:00,SRNE
8.995,8.995,8.9915,8.9915,2300,2021-08-30 14:26:00,SRNE
8.9961,9.0,8.97,8.97,7106,2021-08-30 14:27:00,SRNE
8.975,8.9772,8.94,8.9401,22387,2021-08-30 14:28:00,SRNE
8.94,8.94,8.925,8.932,18880,2021-08-30 14:29:00,SRNE
8.93,8.9491,8.93,8.945,8070,2021-08-30 14:30:00,SRNE
8.95,8.955,8.949,8.949,3811,2021-08-30 14:31:00,SRNE
8.9401,8.98,8.9401,8.98,10258,2021-08-30 14:32:00,SRNE
8.98,8.99,8.97,8.99,7690,2021-08-30 14:33:00,SRNE
8.995,9.0,8.99,8.9903,3600,2021-08-30 14:34:00,SRNE
9.0,9.0,8.995,9.0,900,2021-08-30 14:35:00,SRNE
9.0,9.04,8.999,9.0225,31147,2021-08-30 14:36:00,SRNE
9.03,9.035,9.03,9.03,10433,2021-08-30 14:37:00,SRNE
9.025,9.03,9.0201,9.025,1700,2021-08-30 14:38:00,SRNE
9.02,9.0308,9.01,9.03,12295,2021-08-30 14:39:00,SRNE
9.02,9.03,9.02,9.03,1200,2021-08-30 14:40:00,SRNE
9.025,9.03,9.02,9.02,6827,2021-08-30 14:41:00,SRNE
9.0112,9.0133,9.01,9.0101,3233,2021-08-30 14:42:00,SRNE
9.02,9.02,9.02,9.02,500,2021-08-30 14:43:00,SRNE
9.0182,9.02,9.0111,9.018,3400,2021-08-30 14:44:00,SRNE
9.02,9.02,9.0004,9.01,7440,2021-08-30 14:45:00,SRNE
9.005,9.01,9.0,9.005,2978,2021-08-30 14:46:00,SRNE
9.01,9.02,9.01,9.018,2851,2021-08-30 14:47:00,SRNE
9.015,9.04,9.0125,9.04,6931,2021-08-30 14:48:00,SRNE
9.0408,9.05,9.0408,9.045,2100,2021-08-30 14:49:00,SRNE
9.0424,9.05,9.0401,9.05,1036,2021-08-30 14:50:00,SRNE
9.04,9.04,9.0307,9.0307,6300,2021-08-30 14:51:00,SRNE
9.035,9.05,9.035,9.05,6060,2021-08-30 14:52:00,SRNE
9.05,9.05,9.0396,9.0396,2800,2021-08-30 14:53:00,SRNE
9.0378,9.04,9.0301,9.0301,1100,2021-08-30 14:54:00,SRNE
9.035,9.035,9.03,9.03,3325,2021-08-30 14:55:00,SRNE
9.025,9.03,9.02,9.02,5324,2021-08-30 14:56:00,SRNE
9.03,9.05,9.03,9.045,6722,2021-08-30 14:57:00,SRNE
9.045,9.055,9.04,9.045,13339,2021-08-30 14:58:00,SRNE
9.0408,9.05,9.04,9.0471,14159,2021-08-30 14:59:00,SRNE
9.05,9.05,9.045,9.045,200,2021-08-30 15:00:00,SRNE
9.045,9.065,9.045,9.06,13845,2021-08-30 15:01:00,SRNE
9.07,9.08,9.065,9.07,7835,2021-08-30 15:02:00,SRNE
9.0705,9.075,9.0705,9.075,700,2021-08-30 15:03:00,SRNE
9.0701,9.0701,9.06,9.06,4500,2021-08-30 15:04:00,SRNE
9.055,9.06,9.0505,9.0505,3104,2021-08-30 15:05:00,SRNE
9.0587,9.0587,9.0501,9.0501,1800,2021-08-30 15:06:00,SRNE
9.06,9.06,9.0512,9.0512,3930,2021-08-30 15:07:00,SRNE
9.05,9.05,9.0401,9.045,1819,2021-08-30 15:08:00,SRNE
9.04,9.04,9.005,9.015,9242,2021-08-30 15:09:00,SRNE
9.0104,9.0215,9.0104,9.0215,2413,2021-08-30 15:10:00,SRNE
9.025,9.03,9.0229,9.0229,840,2021-08-30 15:11:00,SRNE
9.02,9.02,9.0111,9.0111,1930,2021-08-30 15:12:00,SRNE
9.02,9.03,9.02,9.03,4440,2021-08-30 15:13:00,SRNE
9.02,9.0396,9.02,9.0396,2145,2021-08-30 15:14:00,SRNE
9.04,9.04,9.02,9.025,3630,2021-08-30 15:15:00,SRNE
9.02,9.02,9.0,9.01,22777,2021-08-30 15:16:00,SRNE
9.005,9.02,9.005,9.01,5403,2021-08-30 15:17:00,SRNE
9.0,9.0,8.99,9.0,17842,2021-08-30 15:18:00,SRNE
9.0,9.0,8.995,8.995,1622,2021-08-30 15:19:00,SRNE
8.9986,9.0077,8.9986,9.0001,7418,2021-08-30 15:20:00,SRNE
9.005,9.0077,9.0001,9.0077,700,2021-08-30 15:21:00,SRNE
9.005,9.005,9.0,9.005,2611,2021-08-30 15:22:00,SRNE
9.01,9.01,9.0032,9.005,431,2021-08-30 15:23:00,SRNE
9.005,9.03,9.005,9.0231,2672,2021-08-30 15:24:00,SRNE
9.03,9.05,9.03,9.0468,3980,2021-08-30 15:25:00,SRNE
9.05,9.055,9.05,9.0523,1340,2021-08-30 15:26:00,SRNE
9.055,9.055,9.0522,9.053,365,2021-08-30 15:27:00,SRNE
9.055,9.06,9.055,9.06,984,2021-08-30 15:28:00,SRNE
9.05,9.06,9.05,9.06,5100,2021-08-30 15:29:00,SRNE
9.06,9.07,9.06,9.07,5605,2021-08-30 15:30:00,SRNE
9.0618,9.07,9.05,9.07,7711,2021-08-30 15:31:00,SRNE
9.0621,9.065,9.0621,9.065,700,2021-08-30 15:32:00,SRNE
9.06,9.065,9.055,9.0604,5262,2021-08-30 15:33:00,SRNE
9.065,9.07,9.06,9.06,600,2021-08-30 15:34:00,SRNE
9.06,9.06,9.055,9.0588,2000,2021-08-30 15:35:00,SRNE
9.06,9.07,9.055,9.07,2011,2021-08-30 15:36:00,SRNE
9.07,9.075,9.07,9.075,2139,2021-08-30 15:37:00,SRNE
9.08,9.08,9.07,9.07,5887,2021-08-30 15:38:00,SRNE
9.065,9.07,9.0631,9.0631,529,2021-08-30 15:39:00,SRNE
9.065,9.067,9.065,9.067,952,2021-08-30 15:40:00,SRNE
9.065,9.07,9.065,9.0699,2900,2021-08-30 15:41:00,SRNE
9.0683,9.0683,9.0601,9.0639,2656,2021-08-30 15:42:00,SRNE
9.065,9.0787,9.065,9.075,1909,2021-08-30 15:43:00,SRNE
9.073,9.075,9.07,9.075,300,2021-08-30 15:44:00,SRNE
9.08,9.08,9.063,9.07,2328,2021-08-30 15:45:00,SRNE
9.07,9.0701,9.06,9.0701,5881,2021-08-30 15:46:00,SRNE
9.07,9.07,9.0611,9.0611,1649,2021-08-30 15:47:00,SRNE
9.06,9.07,9.06,9.07,300,2021-08-30 15:48:00,SRNE
9.07,9.075,9.07,9.075,800,2021-08-30 15:49:00,SRNE
9.0799,9.0799,9.0717,9.0717,1500,2021-08-30 15:50:00,SRNE
9.075,9.075,9.075,9.075,200,2021-08-30 15:51:00,SRNE
9.07,9.0799,9.07,9.0784,3790,2021-08-30 15:52:00,SRNE
9.0715,9.075,9.0715,9.075,1200,2021-08-30 15:53:00,SRNE
9.07,9.07,9.065,9.065,1400,2021-08-30 15:54:00,SRNE
9.0699,9.0717,9.0699,9.0708,7169,2021-08-30 15:56:00,SRNE
9.07,9.07,9.06,9.06,1600,2021-08-30 15:58:00,SRNE
9.065,9.07,9.065,9.07,200,2021-08-30 15:59:00,SRNE
9.065,9.069,9.065,9.065,1200,2021-08-30 16:00:00,SRNE
9.0663,9.0663,9.0663,9.0663,100,2021-08-30 16:01:00,SRNE
9.0615,9.065,9.0601,9.0601,1742,2021-08-30 16:02:00,SRNE
9.061,9.062,9.06,9.06,5400,2021-08-30 16:03:00,SRNE
9.07,9.08,9.065,9.075,900,2021-08-30 16:04:00,SRNE
9.075,9.075,9.07,9.075,1400,2021-08-30 16:05:00,SRNE
9.07,9.07,9.06,9.06,4130,2021-08-30 16:06:00,SRNE
9.065,9.07,9.06,9.0683,9306,2021-08-30 16:07:00,SRNE
9.0619,9.0619,9.0619,9.0619,2000,2021-08-30 16:08:00,SRNE
9.06,9.065,9.06,9.065,300,2021-08-30 16:09:00,SRNE
9.0699,9.0699,9.06,9.06,2230,2021-08-30 16:10:00,SRNE
9.0623,9.0623,9.06,9.06,400,2021-08-30 16:11:00,SRNE
9.06,9.06,9.05,9.05,16298,2021-08-30 16:12:00,SRNE
9.0584,9.0584,9.0501,9.0501,1700,2021-08-30 16:13:00,SRNE
9.055,9.06,9.0521,9.06,2500,2021-08-30 16:14:00,SRNE
9.065,9.07,9.065,9.07,230,2021-08-30 16:15:00,SRNE
9.075,9.075,9.072,9.075,500,2021-08-30 16:16:00,SRNE
9.075,9.08,9.0701,9.0718,6470,2021-08-30 16:17:00,SRNE
9.07,9.07,9.07,9.07,100,2021-08-30 16:18:00,SRNE
9.0784,9.0784,9.07,9.07,820,2021-08-30 16:19:00,SRNE
9.075,9.0799,9.07,9.0799,550,2021-08-30 16:20:00,SRNE
9.07,9.07,9.06,9.07,2750,2021-08-30 16:21:00,SRNE
9.069,9.07,9.0608,9.0608,400,2021-08-30 16:22:00,SRNE
9.0625,9.0625,9.0612,9.0612,3848,2021-08-30 16:23:00,SRNE
9.069,9.069,9.06,9.06,600,2021-08-30 16:24:00,SRNE
9.065,9.065,9.065,9.065,100,2021-08-30 16:25:00,SRNE
9.06,9.06,9.031,9.035,17421,2021-08-30 16:26:00,SRNE
9.04,9.05,9.035,9.05,2905,2021-08-30 16:27:00,SRNE
9.05,9.05,9.04,9.04,2200,2021-08-30 16:28:00,SRNE
9.04,9.0407,9.04,9.0407,3017,2021-08-30 16:29:00,SRNE
9.045,9.045,9.04,9.04,200,2021-08-30 16:30:00,SRNE
9.0436,9.0436,9.04,9.04,1890,2021-08-30 16:31:00,SRNE
9.035,9.037,9.035,9.037,2811,2021-08-30 16:33:00,SRNE
9.0399,9.0399,9.0399,9.0399,1000,2021-08-30 16:34:00,SRNE
9.035,9.035,9.03,9.03,5208,2021-08-30 16:35:00,SRNE
9.02,9.02,9.01,9.015,4868,2021-08-30 16:39:00,SRNE
9.015,9.015,9.005,9.0079,11465,2021-08-30 16:40:00,SRNE
9.005,9.0072,9.0016,9.005,2861,2021-08-30 16:41:00,SRNE
9.0,9.015,9.0,9.015,7107,2021-08-30 16:42:00,SRNE
9.015,9.015,8.9877,8.99,80503,2021-08-30 16:43:00,SRNE
8.98,8.9817,8.97,8.97,7878,2021-08-30 16:44:00,SRNE
8.9702,8.98,8.97,8.98,7596,2021-08-30 16:45:00,SRNE
8.975,8.98,8.97,8.98,3973,2021-08-30 16:46:00,SRNE
8.98,8.98,8.975,8.9784,700,2021-08-30 16:47:00,SRNE
8.97,8.975,8.97,8.975,500,2021-08-30 16:48:00,SRNE
8.975,8.975,8.97,8.97,300,2021-08-30 16:49:00,SRNE
8.98,8.98,8.97,8.9724,11223,2021-08-30 16:50:00,SRNE
8.97,8.975,8.96,8.965,17463,2021-08-30 16:51:00,SRNE
8.965,8.97,8.965,8.9676,400,2021-08-30 16:52:00,SRNE
8.965,8.97,8.962,8.962,8170,2021-08-30 16:53:00,SRNE
8.96,8.97,8.955,8.97,12092,2021-08-30 16:54:00,SRNE
8.965,8.97,8.9627,8.965,1500,2021-08-30 16:55:00,SRNE
8.9699,8.97,8.9624,8.97,4215,2021-08-30 16:57:00,SRNE
8.9687,8.9687,8.9625,8.965,630,2021-08-30 16:58:00,SRNE
8.965,8.97,8.9632,8.97,1953,2021-08-30 16:59:00,SRNE
8.975,8.98,8.97,8.9772,6245,2021-08-30 17:00:00,SRNE
8.98,9.02,8.98,8.9991,47062,2021-08-30 17:01:00,SRNE
9.0,9.0,8.99,8.99,1228,2021-08-30 17:02:00,SRNE
8.995,8.9999,8.99,8.99,900,2021-08-30 17:03:00,SRNE
8.9887,9.0,8.9887,8.995,5816,2021-08-30 17:04:00,SRNE
8.995,9.0,8.995,8.995,1050,2021-08-30 17:05:00,SRNE
8.99,8.999,8.99,8.995,3406,2021-08-30 17:06:00,SRNE
8.99,8.9999,8.99,8.995,625,2021-08-30 17:07:00,SRNE
8.9999,8.9999,8.995,8.995,200,2021-08-30 17:08:00,SRNE
8.9994,8.9994,8.99,8.99,400,2021-08-30 17:09:00,SRNE
8.995,8.995,8.9878,8.9878,2766,2021-08-30 17:10:00,SRNE
8.9801,8.985,8.9801,8.985,450,2021-08-30 17:11:00,SRNE
8.985,8.99,8.9801,8.9876,4072,2021-08-30 17:12:00,SRNE
8.98,8.985,8.97,8.9751,7014,2021-08-30 17:13:00,SRNE
8.9701,8.98,8.97,8.98,3659,2021-08-30 17:14:00,SRNE
8.975,8.985,8.975,8.975,20295,2021-08-30 17:15:00,SRNE
8.9748,8.975,8.97,8.975,6723,2021-08-30 17:16:00,SRNE
8.97,8.979,8.97,8.979,511,2021-08-30 17:17:00,SRNE
8.9728,8.9801,8.9723,8.9801,2412,2021-08-30 17:18:00,SRNE
8.98,8.98,8.98,8.98,2600,2021-08-30 17:19:00,SRNE
8.975,8.98,8.9713,8.98,2602,2021-08-30 17:20:00,SRNE
8.98,8.985,8.98,8.98,9603,2021-08-30 17:21:00,SRNE
8.975,8.975,8.975,8.975,300,2021-08-30 17:22:00,SRNE
8.9784,8.98,8.97,8.97,3345,2021-08-30 17:23:00,SRNE
8.97,8.98,8.97,8.98,4020,2021-08-30 17:24:00,SRNE
8.97,8.975,8.9631,8.97,4325,2021-08-30 17:25:00,SRNE
8.97,8.97,8.97,8.97,100,2021-08-30 17:26:00,SRNE
8.97,8.98,8.97,8.975,500,2021-08-30 17:27:00,SRNE
8.977,8.9773,8.9701,8.9701,1300,2021-08-30 17:28:00,SRNE
8.97,8.97,8.962,8.962,4000,2021-08-30 17:29:00,SRNE
8.965,8.97,8.962,8.965,3900,2021-08-30 17:30:00,SRNE
8.97,8.97,8.965,8.97,700,2021-08-30 17:31:00,SRNE
8.96,8.965,8.94,8.95,33020,2021-08-30 17:32:00,SRNE
8.945,8.95,8.94,8.95,8482,2021-08-30 17:33:00,SRNE
8.9427,8.9499,8.94,8.9499,1616,2021-08-30 17:34:00,SRNE
8.945,8.95,8.944,8.945,3858,2021-08-30 17:35:00,SRNE
8.941,8.95,8.941,8.945,1468,2021-08-30 17:36:00,SRNE
8.945,8.95,8.9422,8.9422,1941,2021-08-30 17:37:00,SRNE
8.94,8.94,8.93,8.94,10211,2021-08-30 17:38:00,SRNE
8.935,8.95,8.935,8.945,3452,2021-08-30 17:39:00,SRNE
8.9499,8.95,8.945,8.95,900,2021-08-30 17:40:00,SRNE
8.94,8.95,8.94,8.9417,950,2021-08-30 17:41:00,SRNE
8.95,8.95,8.9442,8.9442,900,2021-08-30 17:42:00,SRNE
8.941,8.95,8.94,8.945,1356,2021-08-30 17:43:00,SRNE
8.94,8.95,8.94,8.94,800,2021-08-30 17:44:00,SRNE
8.945,8.95,8.94,8.945,1600,2021-08-30 17:45:00,SRNE
8.945,8.95,8.94,8.94,1041,2021-08-30 17:46:00,SRNE
8.94,8.94,8.932,8.935,5715,2021-08-30 17:47:00,SRNE
8.9318,8.94,8.9318,8.935,652,2021-08-30 17:48:00,SRNE
8.935,8.94,8.92,8.92,38652,2021-08-30 17:49:00,SRNE
8.915,8.92,8.915,8.9182,2000,2021-08-30 17:50:00,SRNE
8.9179,8.92,8.917,8.918,2100,2021-08-30 17:51:00,SRNE
8.915,8.915,8.9,8.905,6863,2021-08-30 17:52:00,SRNE
8.9,8.91,8.895,8.895,62525,2021-08-30 17:53:00,SRNE
8.8999,8.9,8.895,8.895,3278,2021-08-30 17:54:00,SRNE
8.895,8.905,8.895,8.905,2550,2021-08-30 17:55:00,SRNE
8.9099,8.9099,8.9099,8.9099,3000,2021-08-30 17:56:00,SRNE
8.9007,8.904,8.9,8.9,3000,2021-08-30 17:57:00,SRNE
8.908,8.908,8.9068,8.908,1600,2021-08-30 17:58:00,SRNE
8.91,8.91,8.9,8.91,4600,2021-08-30 17:59:00,SRNE
8.92,8.92,8.91,8.91,6127,2021-08-30 18:00:00,SRNE
8.9199,8.9199,8.905,8.905,9169,2021-08-30 18:01:00,SRNE
8.9055,8.9055,8.9,8.9,5614,2021-08-30 18:02:00,SRNE
8.9005,8.9093,8.9,8.9005,9138,2021-08-30 18:03:00,SRNE
8.9001,8.9001,8.8901,8.8901,8123,2021-08-30 18:04:00,SRNE
8.89,8.891,8.88,8.8801,29379,2021-08-30 18:05:00,SRNE
8.885,8.905,8.88,8.905,82531,2021-08-30 18:06:00,SRNE
8.9,8.91,8.89,8.89,5719,2021-08-30 18:07:00,SRNE
8.88,8.885,8.88,8.885,1700,2021-08-30 18:08:00,SRNE
8.885,8.885,8.88,8.885,1200,2021-08-30 18:09:00,SRNE
8.8899,8.89,8.885,8.89,8230,2021-08-30 18:10:00,SRNE
8.895,8.9,8.883,8.89,9000,2021-08-30 18:11:00,SRNE
8.89,8.89,8.89,8.89,738,2021-08-30 18:12:00,SRNE
8.89,8.9,8.8831,8.9,14357,2021-08-30 18:13:00,SRNE
8.895,8.91,8.885,8.885,21196,2021-08-30 18:14:00,SRNE
8.885,8.8869,8.88,8.8801,1571,2021-08-30 18:15:00,SRNE
8.88,8.89,8.88,8.885,1573,2021-08-30 18:16:00,SRNE
8.88,8.8899,8.88,8.885,372,2021-08-30 18:17:00,SRNE
8.8878,8.8878,8.875,8.88,18893,2021-08-30 18:18:00,SRNE
8.885,8.89,8.88,8.885,2397,2021-08-30 18:19:00,SRNE
8.89,8.89,8.88,8.885,6067,2021-08-30 18:20:00,SRNE
8.8868,8.8868,8.88,8.88,7022,2021-08-30 18:21:00,SRNE
8.88,8.88,8.872,8.875,15244,2021-08-30 18:22:00,SRNE
8.875,8.8779,8.865,8.865,16409,2021-08-30 18:23:00,SRNE
8.86,8.86,8.82,8.835,40806,2021-08-30 18:24:00,SRNE
8.835,8.84,8.83,8.835,8539,2021-08-30 18:25:00,SRNE
8.83,8.85,8.83,8.8487,11525,2021-08-30 18:26:00,SRNE
8.85,8.85,8.845,8.845,1240,2021-08-30 18:27:00,SRNE
8.84,8.85,8.8,8.825,111123,2021-08-30 18:28:00,SRNE
8.8299,8.83,8.82,8.8201,19627,2021-08-30 18:29:00,SRNE
8.82,8.8275,8.82,8.82,1901,2021-08-30 18:30:00,SRNE
8.825,8.825,8.79,8.795,123527,2021-08-30 18:31:00,SRNE
8.795,8.8,8.785,8.7999,43489,2021-08-30 18:32:00,SRNE
8.8,8.87,8.8,8.865,33762,2021-08-30 18:33:00,SRNE
8.86,8.87,8.86,8.87,10607,2021-08-30 18:34:00,SRNE
8.86,8.865,8.855,8.855,4845,2021-08-30 18:35:00,SRNE
8.85,8.86,8.85,8.855,1988,2021-08-30 18:36:00,SRNE
8.855,8.86,8.85,8.855,1400,2021-08-30 18:37:00,SRNE
8.855,8.8587,8.855,8.855,1027,2021-08-30 18:38:00,SRNE
8.85,8.86,8.845,8.855,8675,2021-08-30 18:39:00,SRNE
8.855,8.86,8.851,8.86,3895,2021-08-30 18:40:00,SRNE
8.855,8.86,8.855,8.86,4735,2021-08-30 18:41:00,SRNE
8.86,8.86,8.85,8.855,1600,2021-08-30 18:42:00,SRNE
8.855,8.86,8.85,8.86,3458,2021-08-30 18:43:00,SRNE
8.86,8.86,8.85,8.86,4600,2021-08-30 18:44:00,SRNE
8.86,8.89,8.8599,8.89,12722,2021-08-30 18:45:00,SRNE
8.89,8.9,8.883,8.883,12211,2021-08-30 18:46:00,SRNE
8.8883,8.89,8.88,8.89,2001,2021-08-30 18:47:00,SRNE
8.8882,8.8882,8.8829,8.8829,200,2021-08-30 18:48:00,SRNE
8.885,8.897,8.885,8.897,2460,2021-08-30 18:49:00,SRNE
8.9,8.9,8.88,8.88,12582,2021-08-30 18:50:00,SRNE
8.875,8.89,8.875,8.89,5007,2021-08-30 18:51:00,SRNE
8.885,8.9,8.885,8.895,9964,2021-08-30 18:52:00,SRNE
8.9,8.9,8.8901,8.897,3125,2021-08-30 18:53:00,SRNE
8.895,8.9,8.8904,8.8904,3826,2021-08-30 18:54:00,SRNE
8.899,8.899,8.885,8.89,9203,2021-08-30 18:55:00,SRNE
8.8889,8.8889,8.885,8.8886,422,2021-08-30 18:56:00,SRNE
8.885,8.9,8.885,8.8979,8022,2021-08-30 18:57:00,SRNE
8.8929,8.897,8.8923,8.897,1307,2021-08-30 18:58:00,SRNE
8.895,8.8974,8.8901,8.8901,2700,2021-08-30 18:59:00,SRNE
8.9,8.91,8.9,8.91,5188,2021-08-30 19:00:00,SRNE
8.905,8.905,8.9,8.9,4243,2021-08-30 19:01:00,SRNE
8.895,8.9007,8.895,8.9007,7169,2021-08-30 19:02:00,SRNE
8.91,8.91,8.9,8.91,2610,2021-08-30 19:03:00,SRNE
8.905,8.91,8.9035,8.9035,5536,2021-08-30 19:04:00,SRNE
8.9014,8.905,8.9,8.9,10053,2021-08-30 19:05:00,SRNE
8.895,8.8972,8.8901,8.8972,1046,2021-08-30 19:06:00,SRNE
8.89,8.9,8.885,8.8918,15403,2021-08-30 19:07:00,SRNE
8.8983,8.8983,8.8805,8.895,4605,2021-08-30 19:08:00,SRNE
8.89,8.89,8.89,8.89,5050,2021-08-30 19:09:00,SRNE
8.8832,8.8832,8.8832,8.8832,100,2021-08-30 19:10:00,SRNE
8.889,8.89,8.88,8.8801,15630,2021-08-30 19:11:00,SRNE
8.89,8.89,8.885,8.885,400,2021-08-30 19:12:00,SRNE
8.89,8.89,8.885,8.885,900,2021-08-30 19:13:00,SRNE
8.8897,8.89,8.885,8.89,3440,2021-08-30 19:14:00,SRNE
8.8927,8.9,8.89,8.89,4665,2021-08-30 19:16:00,SRNE
8.895,8.91,8.895,8.91,4610,2021-08-30 19:17:00,SRNE
8.91,8.92,8.91,8.9103,8748,2021-08-30 19:18:00,SRNE
8.91,8.91,8.9,8.9,5582,2021-08-30 19:19:00,SRNE
8.89,8.895,8.89,8.895,1714,2021-08-30 19:20:00,SRNE
8.8915,8.9,8.8915,8.895,752,2021-08-30 19:21:00,SRNE
8.8917,8.8917,8.8722,8.8777,3895,2021-08-30 19:22:00,SRNE
8.872,8.875,8.865,8.865,3808,2021-08-30 19:23:00,SRNE
8.865,8.865,8.8537,8.8575,3158,2021-08-30 19:24:00,SRNE
8.855,8.86,8.85,8.855,6180,2021-08-30 19:25:00,SRNE
8.858,8.858,8.855,8.855,800,2021-08-30 19:26:00,SRNE
8.855,8.855,8.8427,8.85,12191,2021-08-30 19:27:00,SRNE
8.85,8.85,8.8401,8.845,2543,2021-08-30 19:28:00,SRNE
8.85,8.86,8.845,8.855,8707,2021-08-30 19:29:00,SRNE
8.855,8.855,8.84,8.85,4515,2021-08-30 19:30:00,SRNE
8.845,8.8495,8.8403,8.8495,3100,2021-08-30 19:31:00,SRNE
8.85,8.86,8.85,8.855,14313,2021-08-30 19:32:00,SRNE
8.855,8.855,8.855,8.855,2700,2021-08-30 19:33:00,SRNE
8.8525,8.86,8.8506,8.855,18868,2021-08-30 19:34:00,SRNE
8.855,8.855,8.845,8.845,9379,2021-08-30 19:35:00,SRNE
8.845,8.8499,8.831,8.84,10030,2021-08-30 19:36:00,SRNE
8.835,8.837,8.825,8.83,11419,2021-08-30 19:37:00,SRNE
8.835,8.835,8.821,8.825,6137,2021-08-30 19:38:00,SRNE
8.825,8.83,8.825,8.8292,2400,2021-08-30 19:39:00,SRNE
8.8212,8.825,8.8212,8.8227,3500,2021-08-30 19:40:00,SRNE
8.825,8.825,8.81,8.82,11398,2021-08-30 19:41:00,SRNE
8.815,8.825,8.76,8.795,94209,2021-08-30 19:42:00,SRNE
8.795,8.815,8.7901,8.805,9047,2021-08-30 19:43:00,SRNE
8.8078,8.81,8.8023,8.805,5874,2021-08-30 19:44:00,SRNE
8.805,8.815,8.805,8.8125,4815,2021-08-30 19:45:00,SRNE
8.82,8.83,8.82,8.83,16122,2021-08-30 19:46:00,SRNE
8.825,8.83,8.82,8.83,3335,2021-08-30 19:47:00,SRNE
8.83,8.83,8.825,8.83,4861,2021-08-30 19:48:00,SRNE
8.82,8.83,8.82,8.8277,5051,2021-08-30 19:49:00,SRNE
8.82,8.825,8.8,8.815,20614,2021-08-30 19:50:00,SRNE
8.817,8.827,8.8101,8.8101,8662,2021-08-30 19:51:00,SRNE
8.82,8.83,8.8133,8.825,5748,2021-08-30 19:52:00,SRNE
8.825,8.83,8.8201,8.83,21117,2021-08-30 19:53:00,SRNE
8.8275,8.85,8.825,8.835,20281,2021-08-30 19:54:00,SRNE
8.84,8.85,8.84,8.8401,14016,2021-08-30 19:55:00,SRNE
8.85,8.865,8.845,8.865,71175,2021-08-30 19:56:00,SRNE
8.865,8.87,8.85,8.865,24522,2021-08-30 19:57:00,SRNE
8.86,8.87,8.86,8.87,16426,2021-08-30 19:58:00,SRNE
8.87,8.88,8.86,8.87,82786,2021-08-30 19:59:00,SRNE
8.86,8.86,8.86,8.86,191324,2021-08-30 20:00:00,SRNE
8.83,8.83,8.83,8.83,100,2021-08-30 20:10:00,SRNE
8.83,8.83,8.83,8.83,109,2021-08-30 20:14:00,SRNE
8.86,8.86,8.86,8.86,200,2021-08-30 20:25:00,SRNE
8.86,8.87,8.86,8.87,620,2021-08-30 20:26:00,SRNE
8.87,8.87,8.87,8.87,300,2021-08-30 20:30:00,SRNE
8.87,8.87,8.87,8.87,550,2021-08-30 20:31:00,SRNE
8.86,8.86,8.86,8.86,350,2021-08-30 20:35:00,SRNE
8.87,8.87,8.87,8.87,100,2021-08-30 20:43:00,SRNE
8.86,8.86,8.86,8.86,375,2021-08-30 20:50:00,SRNE
8.87,8.88,8.87,8.88,1004,2021-08-30 21:19:00,SRNE
8.89,8.89,8.89,8.89,200,2021-08-30 21:23:00,SRNE
8.88,8.88,8.88,8.88,1600,2021-08-30 21:27:00,SRNE
8.88,8.88,8.88,8.88,300,2021-08-30 21:46:00,SRNE
8.86,8.86,8.86,8.86,177,2021-08-30 21:47:00,SRNE
8.86,8.86,8.86,8.86,393,2021-08-30 21:52:00,SRNE
8.88,8.89,8.88,8.89,4000,2021-08-30 22:40:00,SRNE
8.89,8.89,8.89,8.89,3000,2021-08-30 22:56:00,SRNE
8.9,8.9,8.89,8.89,400,2021-08-30 22:57:00,SRNE
8.89,8.89,8.89,8.89,200,2021-08-30 23:13:00,SRNE
8.89,8.89,8.89,8.89,100,2021-08-30 23:14:00,SRNE
8.88,8.88,8.88,8.88,2000,2021-08-30 23:29:00,SRNE
8.86,8.86,8.86,8.86,2900,2021-08-30 23:30:00,SRNE
8.86,8.86,8.86,8.86,357,2021-08-30 23:36:00,SRNE
8.84,8.84,8.84,8.84,2800,2021-08-30 23:58:00,SRNE
8.85,8.86,8.85,8.86,5966,2021-08-30 23:59:00,SRNE
8.99,8.99,8.99,8.99,200,2021-08-31 08:03:00,SRNE
8.99,8.99,8.99,8.99,130,2021-08-31 08:14:00,SRNE
8.98,8.98,8.98,8.98,100,2021-08-31 11:10:00,SRNE
8.97,8.97,8.97,8.97,100,2021-08-31 11:17:00,SRNE
8.96,8.96,8.96,8.96,100,2021-08-31 11:18:00,SRNE
8.95,8.95,8.95,8.95,800,2021-08-31 11:33:00,SRNE
8.96,8.96,8.96,8.96,500,2021-08-31 12:05:00,SRNE
8.95,8.95,8.95,8.95,120,2021-08-31 12:06:00,SRNE
8.93,8.93,8.93,8.93,100,2021-08-31 12:07:00,SRNE
8.93,8.93,8.93,8.93,100,2021-08-31 12:16:00,SRNE
8.92,8.92,8.92,8.92,100,2021-08-31 12:17:00,SRNE
8.9299,8.9299,8.9299,8.9299,100,2021-08-31 12:20:00,SRNE
8.92,8.92,8.92,8.92,100,2021-08-31 12:21:00,SRNE
8.93,8.93,8.93,8.93,350,2021-08-31 12:28:00,SRNE
8.9199,8.9199,8.9199,8.9199,100,2021-08-31 12:37:00,SRNE
8.9,8.9,8.9,8.9,500,2021-08-31 12:40:00,SRNE
8.9,8.9,8.9,8.9,938,2021-08-31 12:47:00,SRNE
8.9,8.9,8.9,8.9,7066,2021-08-31 12:48:00,SRNE
8.92,8.92,8.92,8.92,200,2021-08-31 12:55:00,SRNE
8.92,8.93,8.92,8.93,900,2021-08-31 12:57:00,SRNE
8.95,8.95,8.95,8.95,600,2021-08-31 13:01:00,SRNE
8.93,8.93,8.93,8.93,800,2021-08-31 13:02:00,SRNE
8.92,8.92,8.91,8.91,699,2021-08-31 13:03:00,SRNE
8.91,8.91,8.91,8.91,300,2021-08-31 13:06:00,SRNE
8.92,8.92,8.92,8.92,220,2021-08-31 13:08:00,SRNE
8.92,8.92,8.92,8.92,200,2021-08-31 13:17:00,SRNE
8.91,8.91,8.91,8.91,300,2021-08-31 13:20:00,SRNE
8.92,8.92,8.92,8.92,272,2021-08-31 13:25:00,SRNE
8.94,8.97,8.92,8.97,44701,2021-08-31 13:30:00,SRNE
8.95,9.05,8.9385,9.05,18358,2021-08-31 13:31:00,SRNE
9.035,9.04,8.97,9.005,23732,2021-08-31 13:32:00,SRNE
9.01,9.07,9.01,9.07,38773,2021-08-31 13:33:00,SRNE
9.07,9.1,9.05,9.075,37715,2021-08-31 13:34:00,SRNE
9.0714,9.0901,9.06,9.0605,19713,2021-08-31 13:35:00,SRNE
9.07,9.1197,9.07,9.1,25228,2021-08-31 13:36:00,SRNE
9.1001,9.11,9.085,9.09,21074,2021-08-31 13:37:00,SRNE
9.09,9.0933,9.06,9.0783,17395,2021-08-31 13:38:00,SRNE
9.0701,9.1101,9.07,9.0801,30178,2021-08-31 13:39:00,SRNE
9.09,9.145,9.09,9.145,23064,2021-08-31 13:40:00,SRNE
9.145,9.15,9.1301,9.14,20053,2021-08-31 13:41:00,SRNE
9.145,9.175,9.14,9.1601,24136,2021-08-31 13:42:00,SRNE
9.165,9.17,9.11,9.12,14413,2021-08-31 13:43:00,SRNE
9.12,9.1286,9.06,9.07,32244,2021-08-31 13:44:00,SRNE
9.07,9.08,9.06,9.08,8589,2021-08-31 13:45:00,SRNE
9.09,9.095,9.08,9.08,11189,2021-08-31 13:46:00,SRNE
9.08,9.11,9.07,9.11,18790,2021-08-31 13:47:00,SRNE
9.12,9.13,9.103,9.11,15625,2021-08-31 13:48:00,SRNE
9.1113,9.1527,9.1,9.1527,9236,2021-08-31 13:49:00,SRNE
9.1589,9.16,9.1422,9.155,6900,2021-08-31 13:50:00,SRNE
9.155,9.155,9.13,9.1401,10700,2021-08-31 13:51:00,SRNE
9.145,9.15,9.1,9.1,9953,2021-08-31 13:52:00,SRNE
9.1002,9.105,9.1,9.1,750,2021-08-31 13:53:00,SRNE
9.1014,9.105,9.05,9.07,20652,2021-08-31 13:54:00,SRNE
9.0715,9.0715,9.0414,9.062,17343,2021-08-31 13:55:00,SRNE
9.06,9.0973,9.05,9.075,22617,2021-08-31 13:56:00,SRNE
9.08,9.09,9.07,9.075,8915,2021-08-31 13:57:00,SRNE
9.08,9.0907,9.08,9.0907,1361,2021-08-31 13:58:00,SRNE
9.1,9.12,9.1,9.115,21440,2021-08-31 13:59:00,SRNE
9.115,9.125,9.1099,9.12,13205,2021-08-31 14:00:00,SRNE
9.12,9.16,9.12,9.14,26811,2021-08-31 14:01:00,SRNE
9.1417,9.16,9.1,9.1,31784,2021-08-31 14:02:00,SRNE
9.09,9.11,9.09,9.1,24545,2021-08-31 14:03:00,SRNE
9.1,9.11,9.1,9.1,12546,2021-08-31 14:04:00,SRNE
9.09,9.09,9.0622,9.065,4389,2021-08-31 14:05:00,SRNE
9.0699,9.079,9.0699,9.075,8180,2021-08-31 14:06:00,SRNE
9.071,9.09,9.071,9.0814,9550,2021-08-31 14:07:00,SRNE
9.08,9.0813,9.075,9.0813,3425,2021-08-31 14:08:00,SRNE
9.08,9.0801,9.06,9.0602,14384,2021-08-31 14:09:00,SRNE
9.0601,9.067,9.05,9.05,8675,2021-08-31 14:10:00,SRNE
9.05,9.0601,9.05,9.055,4900,2021-08-31 14:11:00,SRNE
9.055,9.06,9.055,9.06,1300,2021-08-31 14:12:00,SRNE
9.0528,9.06,9.0524,9.06,4371,2021-08-31 14:13:00,SRNE
9.065,9.07,9.06,9.07,12975,2021-08-31 14:14:00,SRNE
9.08,9.08,9.0791,9.08,1400,2021-08-31 14:15:00,SRNE
9.0701,9.08,9.0701,9.08,4551,2021-08-31 14:16:00,SRNE
9.0701,9.08,9.07,9.07,3871,2021-08-31 14:17:00,SRNE
9.0628,9.085,9.0601,9.08,6825,2021-08-31 14:18:00,SRNE
9.08,9.09,9.0725,9.0725,9023,2021-08-31 14:19:00,SRNE
9.08,9.08,9.07,9.08,965,2021-08-31 14:20:00,SRNE
9.09,9.12,9.09,9.12,9200,2021-08-31 14:21:00,SRNE
9.13,9.13,9.11,9.11,19924,2021-08-31 14:22:00,SRNE
9.11,9.11,9.075,9.085,3200,2021-08-31 14:23:00,SRNE
9.08,9.09,9.0701,9.0774,12308,2021-08-31 14:24:00,SRNE
9.0797,9.085,9.07,9.085,8402,2021-08-31 14:25:00,SRNE
9.08,9.08,9.065,9.065,9267,2021-08-31 14:26:00,SRNE
9.065,9.065,9.06,9.065,6567,2021-08-31 14:27:00,SRNE
9.065,9.065,9.045,9.06,15461,2021-08-31 14:28:00,SRNE
9.065,9.07,9.06,9.07,700,2021-08-31 14:29:00,SRNE
9.06,9.065,9.055,9.065,3400,2021-08-31 14:30:00,SRNE
9.06,9.07,9.06,9.065,6504,2021-08-31 14:31:00,SRNE
9.061,9.09,9.061,9.09,11402,2021-08-31 14:32:00,SRNE
9.085,9.1,9.085,9.095,4629,2021-08-31 14:33:00,SRNE
9.0901,9.1046,9.0901,9.1,2929,2021-08-31 14:34:00,SRNE
9.095,9.105,9.0768,9.08,6420,2021-08-31 14:35:00,SRNE
9.075,9.08,9.07,9.07,1535,2021-08-31 14:36:00,SRNE
9.075,9.075,9.07,9.07,200,2021-08-31 14:37:00,SRNE
9.075,9.08,9.065,9.08,7741,2021-08-31 14:38:00,SRNE
9.08,9.09,9.08,9.09,1800,2021-08-31 14:39:00,SRNE
9.095,9.1,9.09,9.1,1600,2021-08-31 14:40:00,SRNE
9.105,9.11,9.0709,9.075,5185,2021-08-31 14:41:00,SRNE
9.08,9.085,9.075,9.08,2700,2021-08-31 14:42:00,SRNE
9.075,9.079,9.05,9.05,8710,2021-08-31 14:43:00,SRNE
9.05,9.06,9.05,9.06,4832,2021-08-31 14:44:00,SRNE
9.05,9.05,9.0496,9.0496,1208,2021-08-31 14:45:00,SRNE
9.045,9.045,9.04,9.04,3510,2021-08-31 14:46:00,SRNE
9.035,9.035,9.0001,9.0108,9967,2021-08-31 14:47:00,SRNE
9.015,9.02,9.01,9.015,8300,2021-08-31 14:48:00,SRNE
9.015,9.015,9.012,9.012,200,2021-08-31 14:49:00,SRNE
9.015,9.0279,9.005,9.0279,12864,2021-08-31 14:50:00,SRNE
9.03,9.04,9.03,9.04,10971,2021-08-31 14:51:00,SRNE
9.04,9.0475,9.0301,9.0475,7276,2021-08-31 14:52:00,SRNE
9.0497,9.05,9.03,9.03,4588,2021-08-31 14:53:00,SRNE
9.03,9.0399,9.03,9.035,4211,2021-08-31 14:54:00,SRNE
9.0381,9.04,9.025,9.027,4500,2021-08-31 14:55:00,SRNE
9.03,9.03,9.015,9.02,17609,2021-08-31 14:56:00,SRNE
9.025,9.025,9.01,9.02,1050,2021-08-31 14:57:00,SRNE
9.02,9.02,9.0185,9.0185,1100,2021-08-31 14:58:00,SRNE
9.015,9.025,9.015,9.025,4914,2021-08-31 14:59:00,SRNE
9.025,9.03,9.0201,9.0228,4700,2021-08-31 15:00:00,SRNE
9.03,9.03,9.0201,9.0201,2902,2021-08-31 15:01:00,SRNE
9.025,9.025,9.01,9.0186,6345,2021-08-31 15:02:00,SRNE
9.015,9.0184,8.98,8.99,30740,2021-08-31 15:03:00,SRNE
8.99,8.99,8.98,8.985,15517,2021-08-31 15:04:00,SRNE
8.985,9.005,8.975,9.005,9477,2021-08-31 15:05:00,SRNE
9.0028,9.0099,9.0007,9.007,3520,2021-08-31 15:06:00,SRNE
9.01,9.015,9.01,9.01,4900,2021-08-31 15:07:00,SRNE
9.005,9.005,9.0,9.005,492,2021-08-31 15:08:00,SRNE
9.0,9.0,8.99,9.0,5612,2021-08-31 15:09:00,SRNE
9.01,9.01,8.99,8.99,4500,2021-08-31 15:10:00,SRNE
8.99,9.0093,8.99,9.005,3163,2021-08-31 15:11:00,SRNE
9.005,9.0099,9.005,9.0099,1511,2021-08-31 15:12:00,SRNE
9.0093,9.01,9.005,9.005,2100,2021-08-31 15:13:00,SRNE
9.01,9.015,9.01,9.015,2089,2021-08-31 15:14:00,SRNE
9.015,9.02,9.01,9.01,6401,2021-08-31 15:15:00,SRNE
9.01,9.02,9.005,9.02,9401,2021-08-31 15:16:00,SRNE
9.015,9.02,9.015,9.02,498,2021-08-31 15:17:00,SRNE
9.015,9.015,9.005,9.01,3700,2021-08-31 15:18:00,SRNE
9.005,9.0199,9.005,9.0199,2400,2021-08-31 15:19:00,SRNE
9.015,9.015,9.015,9.015,1800,2021-08-31 15:20:00,SRNE
9.0199,9.0199,9.0024,9.0024,3735,2021-08-31 15:21:00,SRNE
9.0,9.0,8.995,8.9985,2640,2021-08-31 15:22:00,SRNE
8.9982,9.0,8.9982,9.0,801,2021-08-31 15:23:00,SRNE
8.9996,9.005,8.995,9.005,6580,2021-08-31 15:24:00,SRNE
9.0,9.01,9.0,9.01,600,2021-08-31 15:25:00,SRNE
9.0,9.01,8.99,9.01,8076,2021-08-31 15:26:00,SRNE
9.005,9.005,9.0,9.005,502,2021-08-31 15:27:00,SRNE
9.005,9.005,9.002,9.005,1900,2021-08-31 15:28:00,SRNE
9.0071,9.01,9.0,9.005,1910,2021-08-31 15:29:00,SRNE
9.0099,9.01,8.98,8.9822,9796,2021-08-31 15:30:00,SRNE
8.98,8.98,8.9717,8.9717,1000,2021-08-31 15:31:00,SRNE
8.975,8.98,8.91,8.945,69999,2021-08-31 15:32:00,SRNE
8.945,8.97,8.945,8.97,15765,2021-08-31 15:33:00,SRNE
8.97,8.9799,8.965,8.97,6801,2021-08-31 15:34:00,SRNE
8.9746,8.98,8.9746,8.98,3800,2021-08-31 15:35:00,SRNE
8.97,8.975,8.97,8.975,1030,2021-08-31 15:36:00,SRNE
8.97,8.98,8.97,8.98,900,2021-08-31 15:37:00,SRNE
8.9734,8.99,8.9734,8.99,4283,2021-08-31 15:38:00,SRNE
8.99,8.99,8.99,8.99,3700,2021-08-31 15:39:00,SRNE
8.9873,8.99,8.9829,8.99,300,2021-08-31 15:40:00,SRNE
8.98,8.99,8.98,8.99,723,2021-08-31 15:41:00,SRNE
8.99,9.0,8.99,9.0,3500,2021-08-31 15:42:00,SRNE
9.0,9.005,8.995,9.0,4233,2021-08-31 15:43:00,SRNE
9.0,9.0,8.99,9.0,13328,2021-08-31 15:44:00,SRNE
8.995,9.0,8.995,9.0,800,2021-08-31 15:45:00,SRNE
8.9993,8.9993,8.99,8.99,700,2021-08-31 15:46:00,SRNE
8.995,9.0,8.995,8.9987,1069,2021-08-31 15:47:00,SRNE
8.99,8.9929,8.99,8.9929,430,2021-08-31 15:48:00,SRNE
9.0,9.0,8.99,8.99,700,2021-08-31 15:49:00,SRNE
8.995,9.0,8.98,8.985,4750,2021-08-31 15:50:00,SRNE
8.985,8.99,8.983,8.99,2602,2021-08-31 15:51:00,SRNE
8.99,9.0,8.985,8.99,2050,2021-08-31 15:52:00,SRNE
9.0,9.0,8.99,8.9977,650,2021-08-31 15:53:00,SRNE
9.0,9.0,8.995,8.995,700,2021-08-31 15:54:00,SRNE
8.99,9.0,8.965,8.965,6293,2021-08-31 15:55:00,SRNE
8.96,8.97,8.96,8.965,6560,2021-08-31 15:56:00,SRNE
8.97,8.97,8.96,8.965,4544,2021-08-31 15:57:00,SRNE
8.97,8.97,8.97,8.97,173,2021-08-31 15:58:00,SRNE
8.965,8.97,8.965,8.9676,1000,2021-08-31 15:59:00,SRNE
8.9623,8.97,8.96,8.96,3175,2021-08-31 16:00:00,SRNE
8.965,8.97,8.96,8.97,5148,2021-08-31 16:01:00,SRNE
8.97,8.97,8.97,8.97,5600,2021-08-31 16:02:00,SRNE
8.97,8.9701,8.9629,8.97,2731,2021-08-31 16:03:00,SRNE
8.97,8.9899,8.97,8.9899,4077,2021-08-31 16:04:00,SRNE
8.9819,8.9819,8.975,8.98,6700,2021-08-31 16:05:00,SRNE
8.98,8.98,8.98,8.98,300,2021-08-31 16:06:00,SRNE
8.98,8.99,8.97,8.99,5050,2021-08-31 16:07:00,SRNE
8.985,8.985,8.975,8.975,800,2021-08-31 16:08:00,SRNE
8.9799,8.985,8.975,8.985,3375,2021-08-31 16:09:00,SRNE
8.985,8.985,8.97,8.97,3100,2021-08-31 16:10:00,SRNE
8.975,8.975,8.97,8.9707,1185,2021-08-31 16:11:00,SRNE
8.975,8.975,8.9729,8.9729,300,2021-08-31 16:12:00,SRNE
8.98,8.98,8.97,8.9768,869,2021-08-31 16:13:00,SRNE
8.9724,8.98,8.97,8.975,4850,2021-08-31 16:14:00,SRNE
8.98,8.985,8.98,8.985,3300,2021-08-31 16:15:00,SRNE
8.9801,8.9801,8.98,8.98,2850,2021-08-31 16:16:00,SRNE
8.987,8.99,8.98,8.99,5295,2021-08-31 16:17:00,SRNE
8.9969,9.0,8.9932,9.0,1422,2021-08-31 16:18:00,SRNE
8.995,9.0,8.995,9.0,700,2021-08-31 16:19:00,SRNE
8.995,9.0,8.995,9.0,700,2021-08-31 16:20:00,SRNE
8.995,9.01,8.99,9.01,4254,2021-08-31 16:21:00,SRNE
9.01,9.01,9.0,9.005,1100,2021-08-31 16:22:00,SRNE
9.0,9.01,9.0,9.0,21800,2021-08-31 16:23:00,SRNE
9.005,9.01,9.005,9.0088,2550,2021-08-31 16:24:00,SRNE
9.005,9.005,8.98,8.98,10661,2021-08-31 16:25:00,SRNE
8.985,8.99,8.975,8.99,7693,2021-08-31 16:26:00,SRNE
8.99,9.0,8.99,9.0,1750,2021-08-31 16:27:00,SRNE
9.0,9.0,8.9998,9.0,1400,2021-08-31 16:28:00,SRNE
9.01,9.01,9.01,9.01,100,2021-08-31 16:29:00,SRNE
9.01,9.01,9.0,9.01,2918,2021-08-31 16:30:00,SRNE
9.0096,9.02,9.0096,9.02,3005,2021-08-31 16:31:00,SRNE
9.02,9.02,9.014,9.015,1986,2021-08-31 16:32:00,SRNE
9.01,9.02,9.01,9.015,1400,2021-08-31 16:33:00,SRNE
9.02,9.02,9.01,9.015,3500,2021-08-31 16:34:00,SRNE
9.02,9.02,9.02,9.02,100,2021-08-31 16:35:00,SRNE
9.02,9.04,9.02,9.04,6081,2021-08-31 16:36:00,SRNE
9.04,9.04,9.0399,9.0399,2800,2021-08-31 16:37:00,SRNE
9.04,9.06,9.04,9.05,10259,2021-08-31 16:38:00,SRNE
9.05,9.06,9.04,9.04,5233,2021-08-31 16:39:00,SRNE
9.04,9.045,9.0385,9.04,2200,2021-08-31 16:40:00,SRNE
9.0328,9.04,9.0308,9.04,6300,2021-08-31 16:41:00,SRNE
9.04,9.05,9.035,9.04,1800,2021-08-31 16:42:00,SRNE
9.04,9.04,9.04,9.04,200,2021-08-31 16:43:00,SRNE
9.045,9.045,9.03,9.035,12717,2021-08-31 16:44:00,SRNE
9.0301,9.0312,9.03,9.03,2008,2021-08-31 16:45:00,SRNE
9.04,9.04,9.0312,9.0312,1544,2021-08-31 16:46:00,SRNE
9.03,9.0329,9.03,9.0329,3799,2021-08-31 16:47:00,SRNE
9.03,9.03,9.03,9.03,2900,2021-08-31 16:48:00,SRNE
9.03,9.0301,9.02,9.03,1807,2021-08-31 16:49:00,SRNE
9.0225,9.035,9.0225,9.0301,7116,2021-08-31 16:50:00,SRNE
9.03,9.04,9.025,9.04,10482,2021-08-31 16:51:00,SRNE
9.04,9.04,9.0398,9.0399,1510,2021-08-31 16:52:00,SRNE
9.04,9.04,9.04,9.04,774,2021-08-31 16:54:00,SRNE
9.04,9.07,9.04,9.07,27543,2021-08-31 16:55:00,SRNE
9.0612,9.0799,9.0612,9.0799,9781,2021-08-31 16:56:00,SRNE
9.071,9.075,9.065,9.07,11377,2021-08-31 16:57:00,SRNE
9.07,9.08,9.07,9.08,500,2021-08-31 16:58:00,SRNE
9.07,9.0705,9.0605,9.065,2350,2021-08-31 16:59:00,SRNE
9.065,9.0712,9.065,9.0712,4889,2021-08-31 17:00:00,SRNE
9.07,9.0702,9.06,9.06,11597,2021-08-31 17:01:00,SRNE
9.06,9.06,9.055,9.055,3877,2021-08-31 17:02:00,SRNE
9.055,9.055,9.0501,9.055,1750,2021-08-31 17:03:00,SRNE
9.0506,9.057,9.04,9.055,6267,2021-08-31 17:04:00,SRNE
9.055,9.0714,9.055,9.07,8199,2021-08-31 17:06:00,SRNE
9.07,9.0742,9.0628,9.0742,2500,2021-08-31 17:07:00,SRNE
9.075,9.08,9.075,9.08,402,2021-08-31 17:09:00,SRNE
9.07,9.08,9.07,9.08,500,2021-08-31 17:10:00,SRNE
9.071,9.08,9.071,9.0732,1400,2021-08-31 17:11:00,SRNE
9.075,9.0799,9.0717,9.0717,1100,2021-08-31 17:12:00,SRNE
9.07,9.08,9.07,9.08,669,2021-08-31 17:13:00,SRNE
9.075,9.08,9.07,9.0701,1600,2021-08-31 17:14:00,SRNE
9.08,9.08,9.07,9.07,900,2021-08-31 17:15:00,SRNE
9.0725,9.08,9.06,9.065,5100,2021-08-31 17:16:00,SRNE
9.06,9.0601,9.05,9.05,9357,2021-08-31 17:17:00,SRNE
9.055,9.075,9.055,9.07,10614,2021-08-31 17:18:00,SRNE
9.0701,9.0772,9.07,9.07,1521,2021-08-31 17:20:00,SRNE
9.08,9.08,9.075,9.08,5950,2021-08-31 17:22:00,SRNE
9.082,9.085,9.082,9.085,300,2021-08-31 17:23:00,SRNE
9.0825,9.085,9.07,9.07,7014,2021-08-31 17:24:00,SRNE
9.075,9.075,9.0701,9.075,2200,2021-08-31 17:26:00,SRNE
9.07,9.08,9.07,9.08,3555,2021-08-31 17:27:00,SRNE
9.08,9.08,9.08,9.08,400,2021-08-31 17:28:00,SRNE
9.08,9.085,9.075,9.075,4543,2021-08-31 17:29:00,SRNE
9.0783,9.0783,9.0783,9.0783,1000,2021-08-31 17:30:00,SRNE
9.08,9.085,9.08,9.085,1700,2021-08-31 17:31:00,SRNE
9.09,9.095,9.08,9.085,8514,2021-08-31 17:32:00,SRNE
9.085,9.085,9.0726,9.0726,2153,2021-08-31 17:33:00,SRNE
9.07,9.07,9.065,9.07,2500,2021-08-31 17:34:00,SRNE
9.0714,9.075,9.07,9.075,5400,2021-08-31 17:35:00,SRNE
9.08,9.08,9.07,9.075,646,2021-08-31 17:36:00,SRNE
9.07,9.075,9.07,9.07,4860,2021-08-31 17:37:00,SRNE
9.08,9.0889,9.08,9.08,7629,2021-08-31 17:38:00,SRNE
9.08,9.08,9.07,9.07,2529,2021-08-31 17:39:00,SRNE
9.075,9.075,9.075,9.075,2300,2021-08-31 17:40:00,SRNE
9.07,9.07,9.07,9.07,200,2021-08-31 17:41:00,SRNE
9.075,9.08,9.07,9.08,4531,2021-08-31 17:42:00,SRNE
9.08,9.09,9.08,9.085,2700,2021-08-31 17:43:00,SRNE
9.085,9.09,9.085,9.085,925,2021-08-31 17:44:00,SRNE
9.0823,9.09,9.0823,9.09,400,2021-08-31 17:45:00,SRNE
9.08,9.08,9.07,9.076,4200,2021-08-31 17:46:00,SRNE
9.0731,9.075,9.0722,9.0722,343,2021-08-31 17:48:00,SRNE
9.075,9.08,9.075,9.075,600,2021-08-31 17:49:00,SRNE
9.08,9.08,9.0618,9.068,8178,2021-08-31 17:50:00,SRNE
9.06,9.065,9.0516,9.0516,4410,2021-08-31 17:51:00,SRNE
9.06,9.06,9.05,9.0518,1820,2021-08-31 17:52:00,SRNE
9.0519,9.06,9.05,9.06,1980,2021-08-31 17:53:00,SRNE
9.055,9.06,9.05,9.05,5482,2021-08-31 17:54:00,SRNE
9.0501,9.053,9.04,9.04,17884,2021-08-31 17:55:00,SRNE
9.045,9.055,9.04,9.055,12509,2021-08-31 17:56:00,SRNE
9.06,9.07,9.06,9.07,4200,2021-08-31 17:57:00,SRNE
9.06,9.06,9.06,9.06,500,2021-08-31 17:58:00,SRNE
9.065,9.07,9.0601,9.07,2767,2021-08-31 17:59:00,SRNE
9.07,9.0714,9.0601,9.07,4300,2021-08-31 18:00:00,SRNE
9.07,9.07,9.07,9.07,800,2021-08-31 18:01:00,SRNE
9.075,9.075,9.07,9.07,3800,2021-08-31 18:02:00,SRNE
9.07,9.0711,9.065,9.07,2708,2021-08-31 18:03:00,SRNE
9.07,9.07,9.065,9.07,2545,2021-08-31 18:04:00,SRNE
9.07,9.075,9.04,9.045,31161,2021-08-31 18:05:00,SRNE
9.04,9.05,9.04,9.04,8000,2021-08-31 18:06:00,SRNE
9.045,9.045,9.03,9.03,2100,2021-08-31 18:07:00,SRNE
9.04,9.04,9.0321,9.035,3724,2021-08-31 18:08:00,SRNE
9.036,9.04,9.03,9.04,4676,2021-08-31 18:09:00,SRNE
9.0475,9.0475,9.03,9.03,2200,2021-08-31 18:10:00,SRNE
9.031,9.045,9.02,9.045,13134,2021-08-31 18:11:00,SRNE
9.0499,9.0499,9.045,9.045,200,2021-08-31 18:12:00,SRNE
9.0401,9.0401,9.0401,9.0401,100,2021-08-31 18:15:00,SRNE
9.045,9.05,9.045,9.05,875,2021-08-31 18:16:00,SRNE
9.045,9.045,9.045,9.045,486,2021-08-31 18:17:00,SRNE
9.045,9.045,9.04,9.045,1153,2021-08-31 18:18:00,SRNE
9.0401,9.0407,9.0401,9.0401,1050,2021-08-31 18:19:00,SRNE
9.045,9.045,9.045,9.045,400,2021-08-31 18:20:00,SRNE
9.048,9.05,9.04,9.042,4523,2021-08-31 18:21:00,SRNE
9.0499,9.0499,9.02,9.025,24800,2021-08-31 18:22:00,SRNE
9.025,9.04,9.02,9.04,17235,2021-08-31 18:23:00,SRNE
9.045,9.045,9.04,9.04,648,2021-08-31 18:24:00,SRNE
9.04,9.04,9.04,9.04,1307,2021-08-31 18:25:00,SRNE
9.0483,9.0483,9.0427,9.045,2206,2021-08-31 18:26:00,SRNE
9.05,9.05,9.04,9.045,1200,2021-08-31 18:27:00,SRNE
9.04,9.04,9.035,9.035,7200,2021-08-31 18:28:00,SRNE
9.035,9.035,9.03,9.03,400,2021-08-31 18:29:00,SRNE
9.035,9.04,9.03,9.03,3880,2021-08-31 18:30:00,SRNE
9.035,9.04,9.0315,9.035,1824,2021-08-31 18:31:00,SRNE
9.035,9.035,9.035,9.035,500,2021-08-31 18:32:00,SRNE
9.035,9.035,9.025,9.025,3872,2021-08-31 18:33:00,SRNE
9.025,9.026,9.025,9.026,1826,2021-08-31 18:34:00,SRNE
9.025,9.035,9.025,9.0319,9790,2021-08-31 18:35:00,SRNE
9.0373,9.0373,9.025,9.0283,9056,2021-08-31 18:36:00,SRNE
9.025,9.025,9.015,9.015,9144,2021-08-31 18:37:00,SRNE
9.015,9.015,9.0129,9.015,3245,2021-08-31 18:38:00,SRNE
9.015,9.02,9.01,9.01,1435,2021-08-31 18:39:00,SRNE
9.015,9.015,9.01,9.015,526,2021-08-31 18:40:00,SRNE
9.015,9.015,9.01,9.015,1003,2021-08-31 18:41:00,SRNE
9.0199,9.0199,9.0199,9.0199,500,2021-08-31 18:42:00,SRNE
9.01,9.02,9.01,9.015,684,2021-08-31 18:43:00,SRNE
9.015,9.02,9.01,9.0101,2200,2021-08-31 18:44:00,SRNE
9.015,9.015,9.005,9.005,3362,2021-08-31 18:45:00,SRNE
9.005,9.01,9.0,9.0,2949,2021-08-31 18:46:00,SRNE
9.005,9.005,9.0,9.0,830,2021-08-31 18:47:00,SRNE
9.0,9.005,9.0,9.005,2409,2021-08-31 18:48:00,SRNE
9.0027,9.005,9.0,9.005,300,2021-08-31 18:49:00,SRNE
9.0,9.01,9.0,9.005,2602,2021-08-31 18:50:00,SRNE
9.005,9.02,9.0,9.02,10322,2021-08-31 18:51:00,SRNE
9.02,9.04,9.02,9.034,25513,2021-08-31 18:52:00,SRNE
9.035,9.04,9.035,9.04,2652,2021-08-31 18:53:00,SRNE
9.0394,9.045,9.0394,9.04,3813,2021-08-31 18:54:00,SRNE
9.045,9.05,9.045,9.05,1252,2021-08-31 18:55:00,SRNE
9.05,9.05,9.045,9.045,3145,2021-08-31 18:56:00,SRNE
9.0481,9.0481,9.04,9.045,1500,2021-08-31 18:57:00,SRNE
9.04,9.045,9.04,9.045,2702,2021-08-31 18:58:00,SRNE
9.04,9.05,9.04,9.05,2300,2021-08-31 18:59:00,SRNE
9.05,9.05,9.0401,9.05,3510,2021-08-31 19:00:00,SRNE
9.045,9.045,9.045,9.045,1817,2021-08-31 19:01:00,SRNE
9.05,9.05,9.035,9.045,14591,2021-08-31 19:02:00,SRNE
9.045,9.045,9.045,9.045,850,2021-08-31 19:03:00,SRNE
9.045,9.045,9.0406,9.045,705,2021-08-31 19:04:00,SRNE
9.045,9.045,9.04,9.04,300,2021-08-31 19:05:00,SRNE
9.0499,9.05,9.045,9.045,3620,2021-08-31 19:06:00,SRNE
9.05,9.05,9.04,9.045,4208,2021-08-31 19:07:00,SRNE
9.05,9.05,9.045,9.045,1159,2021-08-31 19:08:00,SRNE
9.05,9.05,9.05,9.05,200,2021-08-31 19:09:00,SRNE
9.045,9.045,9.02,9.02,14132,2021-08-31 19:10:00,SRNE
9.02,9.025,9.02,9.02,1600,2021-08-31 19:11:00,SRNE
9.025,9.03,9.0214,9.025,823,2021-08-31 19:12:00,SRNE
9.02,9.021,9.01,9.01,7046,2021-08-31 19:13:00,SRNE
9.015,9.02,9.01,9.02,13810,2021-08-31 19:14:00,SRNE
9.01,9.02,9.01,9.015,3100,2021-08-31 19:15:00,SRNE
9.015,9.02,9.0008,9.005,11381,2021-08-31 19:16:00,SRNE
9.005,9.01,9.0001,9.01,4343,2021-08-31 19:17:00,SRNE
9.01,9.01,9.0,9.005,11572,2021-08-31 19:18:00,SRNE
9.005,9.005,8.99,8.9925,16829,2021-08-31 19:19:00,SRNE
8.995,8.995,8.98,8.99,8725,2021-08-31 19:20:00,SRNE
8.99,9.0,8.97,8.975,13047,2021-08-31 19:21:00,SRNE
8.975,8.9799,8.975,8.975,564,2021-08-31 19:22:00,SRNE
8.9787,8.9799,8.97,8.975,2271,2021-08-31 19:23:00,SRNE
8.973,8.98,8.973,8.98,1664,2021-08-31 19:24:00,SRNE
8.98,8.98,8.97,8.975,2137,2021-08-31 19:25:00,SRNE
8.9799,8.98,8.97,8.98,3849,2021-08-31 19:26:00,SRNE
8.97,8.98,8.97,8.975,990,2021-08-31 19:27:00,SRNE
8.975,8.98,8.97,8.975,2741,2021-08-31 19:28:00,SRNE
8.98,8.98,8.97,8.97,2089,2021-08-31 19:29:00,SRNE
8.97,8.98,8.97,8.98,1100,2021-08-31 19:30:00,SRNE
8.97,8.9799,8.97,8.975,4045,2021-08-31 19:31:00,SRNE
8.975,8.975,8.97,8.975,1125,2021-08-31 19:32:00,SRNE
8.975,8.975,8.961,8.965,25149,2021-08-31 19:33:00,SRNE
8.965,8.97,8.96,8.965,6390,2021-08-31 19:34:00,SRNE
8.96,8.965,8.925,8.9299,25897,2021-08-31 19:35:00,SRNE
8.93,8.94,8.92,8.925,7742,2021-08-31 19:36:00,SRNE
8.925,8.93,8.92,8.925,6091,2021-08-31 19:37:00,SRNE
8.928,8.9399,8.925,8.9301,8649,2021-08-31 19:38:00,SRNE
8.935,8.935,8.93,8.93,1610,2021-08-31 19:39:00,SRNE
8.93,8.935,8.92,8.93,6236,2021-08-31 19:40:00,SRNE
8.925,8.93,8.9201,8.925,1985,2021-08-31 19:41:00,SRNE
8.925,8.94,8.92,8.9399,15476,2021-08-31 19:42:00,SRNE
8.9395,8.9399,8.93,8.9399,8982,2021-08-31 19:43:00,SRNE
8.94,8.94,8.93,8.9378,8821,2021-08-31 19:44:00,SRNE
8.935,8.95,8.935,8.95,14374,2021-08-31 19:45:00,SRNE
8.96,8.96,8.9567,8.96,3000,2021-08-31 19:46:00,SRNE
8.9536,8.96,8.9519,8.955,2418,2021-08-31 19:47:00,SRNE
8.96,8.968,8.9539,8.955,11605,2021-08-31 19:48:00,SRNE
8.96,8.97,8.96,8.9601,7060,2021-08-31 19:49:00,SRNE
8.97,8.99,8.97,8.985,27834,2021-08-31 19:50:00,SRNE
8.9846,8.99,8.975,8.975,12393,2021-08-31 19:51:00,SRNE
8.9701,8.98,8.9701,8.98,17681,2021-08-31 19:52:00,SRNE
8.975,8.9899,8.975,8.98,12578,2021-08-31 19:53:00,SRNE
8.98,8.985,8.97,8.98,30392,2021-08-31 19:54:00,SRNE
8.98,8.99,8.98,8.9873,13860,2021-08-31 19:55:00,SRNE
8.9819,9.0,8.9819,9.0,28293,2021-08-31 19:56:00,SRNE
9.0,9.0,8.99,8.99,15750,2021-08-31 19:57:00,SRNE
8.99,9.01,8.99,9.0,29619,2021-08-31 19:58:00,SRNE
9.01,9.03,9.0,9.0,92418,2021-08-31 19:59:00,SRNE
9.0,9.0,9.0,9.0,234417,2021-08-31 20:00:00,SRNE
9.0,9.0,9.0,9.0,112,2021-08-31 20:02:00,SRNE
9.01,9.01,9.01,9.01,200,2021-08-31 20:18:00,SRNE
8.9901,8.9901,8.99,8.99,424,2021-08-31 20:21:00,SRNE
8.96,8.99,8.96,8.97,538,2021-08-31 20:22:00,SRNE
8.96,8.96,8.96,8.96,100,2021-08-31 20:23:00,SRNE
8.94,8.94,8.94,8.94,1373,2021-08-31 20:24:00,SRNE
8.95,8.95,8.95,8.95,465,2021-08-31 20:30:00,SRNE
9.0,9.0,9.0,9.0,1059,2021-08-31 21:02:00,SRNE
9.01,9.01,9.01,9.01,200,2021-08-31 21:18:00,SRNE
9.0,9.0,9.0,9.0,2000,2021-08-31 22:18:00,SRNE
9.02,9.02,9.02,9.02,2500,2021-08-31 23:28:00,SRNE
9.02,9.02,9.02,9.02,471,2021-08-31 23:41:00,SRNE
9.02,9.02,9.02,9.02,750,2021-08-31 23:57:00,SRNE
9.02,9.02,9.02,9.02,471,2021-08-31 23:58:00,SRNE
9.02,9.02,9.02,9.02,200,2021-09-01 11:00:00,SRNE
9.03,9.03,9.03,9.03,1100,2021-09-01 11:04:00,SRNE
9.03,9.03,9.03,9.03,200,2021-09-01 11:09:00,SRNE
9.03,9.03,9.03,9.03,200,2021-09-01 11:32:00,SRNE
9.04,9.04,9.04,9.04,100,2021-09-01 11:48:00,SRNE
9.04,9.04,9.04,9.04,1000,2021-09-01 12:03:00,SRNE
9.0399,9.0399,9.0399,9.0399,750,2021-09-01 12:04:00,SRNE
9.06,9.06,9.06,9.06,200,2021-09-01 12:09:00,SRNE
9.03,9.03,9.03,9.03,400,2021-09-01 12:10:00,SRNE
9.06,9.06,9.06,9.06,1215,2021-09-01 12:11:00,SRNE
9.05,9.05,9.05,9.05,100,2021-09-01 12:12:00,SRNE
9.06,9.06,9.06,9.06,250,2021-09-01 12:24:00,SRNE
9.06,9.06,9.06,9.06,100,2021-09-01 12:27:00,SRNE
9.06,9.06,9.06,9.06,100,2021-09-01 12:28:00,SRNE
9.05,9.05,9.05,9.05,107,2021-09-01 12:36:00,SRNE
9.05,9.05,9.05,9.05,200,2021-09-01 12:37:00,SRNE
9.05,9.05,9.05,9.05,100,2021-09-01 12:41:00,SRNE
9.04,9.04,9.04,9.04,100,2021-09-01 12:42:00,SRNE
9.03,9.04,9.03,9.04,300,2021-09-01 12:43:00,SRNE
9.03,9.03,9.03,9.03,100,2021-09-01 12:44:00,SRNE
9.03,9.03,9.03,9.03,487,2021-09-01 12:45:00,SRNE
9.02,9.02,9.0,9.0,1098,2021-09-01 12:47:00,SRNE
9.01,9.01,9.01,9.01,200,2021-09-01 12:49:00,SRNE
9.0199,9.0199,9.0199,9.0199,200,2021-09-01 12:50:00,SRNE
9.0,9.0,9.0,9.0,100,2021-09-01 12:51:00,SRNE
9.0,9.0,9.0,9.0,5100,2021-09-01 13:00:00,SRNE
9.0027,9.0027,9.0027,9.0027,3034,2021-09-01 13:02:00,SRNE
9.0,9.0,9.0,9.0,131,2021-09-01 13:10:00,SRNE
9.01,9.01,9.01,9.01,200,2021-09-01 13:16:00,SRNE
9.01,9.01,9.01,9.01,200,2021-09-01 13:19:00,SRNE
9.01,9.01,9.01,9.01,500,2021-09-01 13:20:00,SRNE
9.0,9.0,9.0,9.0,200,2021-09-01 13:21:00,SRNE
9.01,9.01,9.01,9.01,250,2021-09-01 13:25:00,SRNE
9.03,9.05,9.03,9.04,2121,2021-09-01 13:27:00,SRNE
9.02,9.03,9.02,9.03,748,2021-09-01 13:29:00,SRNE
9.02,9.06,9.01,9.06,66666,2021-09-01 13:30:00,SRNE
9.06,9.0801,9.06,9.075,15048,2021-09-01 13:31:00,SRNE
9.06,9.06,9.02,9.03,6342,2021-09-01 13:32:00,SRNE
9.03,9.04,9.01,9.02,15706,2021-09-01 13:33:00,SRNE
9.02,9.045,9.01,9.03,6069,2021-09-01 13:34:00,SRNE
9.04,9.045,9.0216,9.04,4175,2021-09-01 13:35:00,SRNE
9.04,9.08,9.03,9.08,11538,2021-09-01 13:36:00,SRNE
9.09,9.11,9.06,9.065,10020,2021-09-01 13:37:00,SRNE
9.0686,9.0686,9.02,9.02,23054,2021-09-01 13:38:00,SRNE
9.03,9.04,9.02,9.035,13627,2021-09-01 13:39:00,SRNE
9.04,9.055,9.0298,9.04,10717,2021-09-01 13:40:00,SRNE
9.05,9.06,9.04,9.06,12469,2021-09-01 13:41:00,SRNE
9.06,9.0799,9.05,9.0799,24415,2021-09-01 13:42:00,SRNE
9.0899,9.095,9.07,9.071,4718,2021-09-01 13:43:00,SRNE
9.0791,9.0791,9.052,9.052,4743,2021-09-01 13:44:00,SRNE
9.06,9.06,9.01,9.0106,6906,2021-09-01 13:45:00,SRNE
9.01,9.01,8.97,8.97,26689,2021-09-01 13:46:00,SRNE
8.965,8.98,8.955,8.955,9172,2021-09-01 13:47:00,SRNE
8.95,8.985,8.95,8.9788,13824,2021-09-01 13:48:00,SRNE
8.975,8.975,8.96,8.96,2045,2021-09-01 13:49:00,SRNE
8.96,8.98,8.96,8.97,12855,2021-09-01 13:50:00,SRNE
8.9799,8.99,8.9601,8.99,5676,2021-09-01 13:51:00,SRNE
8.98,8.985,8.955,8.955,3200,2021-09-01 13:52:00,SRNE
8.955,8.97,8.955,8.96,8120,2021-09-01 13:53:00,SRNE
8.9582,8.97,8.9582,8.97,6052,2021-09-01 13:54:00,SRNE
8.9677,8.9677,8.9501,8.96,5338,2021-09-01 13:55:00,SRNE
8.97,8.975,8.955,8.97,7241,2021-09-01 13:56:00,SRNE
8.97,8.97,8.955,8.955,7269,2021-09-01 13:57:00,SRNE
8.96,8.965,8.925,8.9287,30674,2021-09-01 13:58:00,SRNE
8.93,8.93,8.9219,8.93,13310,2021-09-01 13:59:00,SRNE
8.93,8.94,8.925,8.94,10372,2021-09-01 14:00:00,SRNE
8.95,8.96,8.939,8.9599,7706,2021-09-01 14:01:00,SRNE
8.96,8.98,8.9517,8.97,6772,2021-09-01 14:02:00,SRNE
8.975,8.99,8.975,8.99,2500,2021-09-01 14:03:00,SRNE
8.98,8.99,8.98,8.99,700,2021-09-01 14:04:00,SRNE
8.985,8.985,8.97,8.97,3472,2021-09-01 14:05:00,SRNE
8.97,8.97,8.9682,8.97,900,2021-09-01 14:06:00,SRNE
8.96,8.97,8.95,8.97,11571,2021-09-01 14:07:00,SRNE
8.97,8.99,8.97,8.99,2338,2021-09-01 14:08:00,SRNE
8.99,9.0,8.985,8.995,6152,2021-09-01 14:09:00,SRNE
8.99,9.0,8.975,8.975,16765,2021-09-01 14:10:00,SRNE
8.97,8.97,8.96,8.96,10582,2021-09-01 14:11:00,SRNE
8.96,8.96,8.94,8.9401,49063,2021-09-01 14:12:00,SRNE
8.94,8.945,8.935,8.935,2300,2021-09-01 14:13:00,SRNE
8.935,8.94,8.93,8.935,4621,2021-09-01 14:14:00,SRNE
8.935,8.945,8.935,8.945,4197,2021-09-01 14:15:00,SRNE
8.9482,8.95,8.9319,8.95,5865,2021-09-01 14:16:00,SRNE
8.9473,8.95,8.935,8.94,1825,2021-09-01 14:17:00,SRNE
8.94,8.96,8.93,8.96,11480,2021-09-01 14:18:00,SRNE
8.96,8.97,8.96,8.96,2914,2021-09-01 14:19:00,SRNE
8.9609,8.975,8.9609,8.97,4605,2021-09-01 14:20:00,SRNE
8.97,8.985,8.97,8.98,4458,2021-09-01 14:21:00,SRNE
8.98,8.99,8.9782,8.99,4883,2021-09-01 14:22:00,SRNE
8.99,9.0,8.975,8.9901,21896,2021-09-01 14:23:00,SRNE
8.99,8.995,8.98,8.995,7560,2021-09-01 14:24:00,SRNE
8.99,8.995,8.985,8.99,6231,2021-09-01 14:25:00,SRNE
8.985,8.99,8.985,8.99,2600,2021-09-01 14:26:00,SRNE
8.985,8.985,8.97,8.97,5750,2021-09-01 14:27:00,SRNE
8.98,8.995,8.98,8.9914,4171,2021-09-01 14:28:00,SRNE
8.99,8.9985,8.9801,8.9985,4023,2021-09-01 14:29:00,SRNE
8.9901,9.025,8.9901,9.025,21227,2021-09-01 14:30:00,SRNE
9.03,9.039,9.03,9.03,1477,2021-09-01 14:31:00,SRNE
9.03,9.03,9.025,9.025,3200,2021-09-01 14:32:00,SRNE
9.025,9.025,8.99,8.99,3400,2021-09-01 14:33:00,SRNE
8.9989,9.0,8.995,9.0,4585,2021-09-01 14:34:00,SRNE
9.01,9.01,9.005,9.01,550,2021-09-01 14:35:00,SRNE
9.005,9.03,9.0,9.015,5871,2021-09-01 14:36:00,SRNE
9.01,9.02,9.01,9.01,11576,2021-09-01 14:37:00,SRNE
9.02,9.02,9.02,9.02,200,2021-09-01 14:38:00,SRNE
9.01,9.01,9.0,9.005,4150,2021-09-01 14:39:00,SRNE
9.0011,9.02,9.0011,9.02,3054,2021-09-01 14:40:00,SRNE
9.01,9.02,9.01,9.01,2901,2021-09-01 14:41:00,SRNE
9.02,9.04,9.02,9.04,5613,2021-09-01 14:42:00,SRNE
9.035,9.04,9.03,9.03,4032,2021-09-01 14:43:00,SRNE
9.0301,9.04,9.03,9.04,6753,2021-09-01 14:44:00,SRNE
9.04,9.05,9.03,9.035,6560,2021-09-01 14:45:00,SRNE
9.0315,9.0315,9.01,9.03,6001,2021-09-01 14:46:00,SRNE
9.03,9.03,9.015,9.015,2676,2021-09-01 14:47:00,SRNE
9.015,9.02,9.0101,9.02,1250,2021-09-01 14:48:00,SRNE
9.01,9.015,9.0088,9.015,3015,2021-09-01 14:49:00,SRNE
9.01,9.0101,9.01,9.01,4861,2021-09-01 14:50:00,SRNE
9.01,9.015,9.005,9.015,1300,2021-09-01 14:51:00,SRNE
9.015,9.015,9.01,9.01,2741,2021-09-01 14:52:00,SRNE
9.0106,9.02,9.0106,9.02,8700,2021-09-01 14:53:00,SRNE
9.0131,9.02,9.01,9.01,3300,2021-09-01 14:54:00,SRNE
9.01,9.025,9.01,9.025,12881,2021-09-01 14:55:00,SRNE
9.025,9.03,9.0123,9.0123,4525,2021-09-01 14:56:00,SRNE
9.02,9.02,9.01,9.01,900,2021-09-01 14:57:00,SRNE
9.02,9.03,9.015,9.015,2780,2021-09-01 14:58:00,SRNE
9.02,9.02,9.005,9.005,13030,2021-09-01 14:59:00,SRNE
9.0,9.005,8.98,8.98,6311,2021-09-01 15:00:00,SRNE
8.98,8.99,8.9701,8.9783,7300,2021-09-01 15:01:00,SRNE
8.9732,8.98,8.9601,8.9601,14700,2021-09-01 15:02:00,SRNE
8.97,8.9711,8.965,8.97,3700,2021-09-01 15:03:00,SRNE
8.9701,8.98,8.97,8.97,3630,2021-09-01 15:04:00,SRNE
8.975,8.9773,8.975,8.975,2072,2021-09-01 15:05:00,SRNE
8.98,8.98,8.9728,8.975,6200,2021-09-01 15:06:00,SRNE
8.975,8.975,8.97,8.97,1700,2021-09-01 15:07:00,SRNE
8.975,8.975,8.96,8.96,22944,2021-09-01 15:08:00,SRNE
8.96,8.965,8.955,8.955,2346,2021-09-01 15:09:00,SRNE
8.9519,8.955,8.945,8.9463,4810,2021-09-01 15:10:00,SRNE
8.95,8.9582,8.95,8.9582,4937,2021-09-01 15:11:00,SRNE
8.9599,8.96,8.955,8.9599,1000,2021-09-01 15:12:00,SRNE
8.95,8.9525,8.95,8.9525,400,2021-09-01 15:13:00,SRNE
8.955,8.97,8.955,8.96,14651,2021-09-01 15:14:00,SRNE
8.965,8.9877,8.965,8.985,19672,2021-09-01 15:15:00,SRNE
8.9888,9.01,8.9888,9.01,13176,2021-09-01 15:17:00,SRNE
9.0146,9.04,9.0146,9.03,5903,2021-09-01 15:18:00,SRNE
9.03,9.045,9.03,9.03,15220,2021-09-01 15:19:00,SRNE
9.035,9.0479,9.035,9.045,10900,2021-09-01 15:20:00,SRNE
9.04,9.065,9.035,9.06,48248,2021-09-01 15:21:00,SRNE
9.0611,9.065,9.05,9.06,8694,2021-09-01 15:22:00,SRNE
9.055,9.055,9.045,9.05,3080,2021-09-01 15:23:00,SRNE
9.06,9.065,9.04,9.05,12430,2021-09-01 15:24:00,SRNE
9.0504,9.06,9.05,9.055,2200,2021-09-01 15:25:00,SRNE
9.05,9.0682,9.05,9.06,1600,2021-09-01 15:26:00,SRNE
9.0601,9.0673,9.06,9.06,3800,2021-09-01 15:27:00,SRNE
9.065,9.065,9.05,9.06,8386,2021-09-01 15:28:00,SRNE
9.06,9.07,9.05,9.055,8700,2021-09-01 15:29:00,SRNE
9.055,9.055,9.055,9.055,100,2021-09-01 15:30:00,SRNE
9.05,9.051,9.04,9.051,5893,2021-09-01 15:31:00,SRNE
9.05,9.06,9.05,9.0575,1972,2021-09-01 15:32:00,SRNE
9.05,9.065,9.05,9.06,15492,2021-09-01 15:33:00,SRNE
9.0599,9.07,9.0599,9.07,8600,2021-09-01 15:34:00,SRNE
9.07,9.075,9.065,9.075,4700,2021-09-01 15:35:00,SRNE
9.08,9.085,9.065,9.065,4872,2021-09-01 15:36:00,SRNE
9.07,9.08,9.07,9.08,12800,2021-09-01 15:37:00,SRNE
9.085,9.1001,9.0801,9.1001,23551,2021-09-01 15:38:00,SRNE
9.105,9.12,9.1,9.115,53022,2021-09-01 15:39:00,SRNE
9.1,9.12,9.1,9.12,7444,2021-09-01 15:40:00,SRNE
9.1191,9.1191,9.11,9.11,1204,2021-09-01 15:41:00,SRNE
9.115,9.12,9.1,9.115,9058,2021-09-01 15:42:00,SRNE
9.11,9.12,9.11,9.12,1850,2021-09-01 15:43:00,SRNE
9.12,9.135,9.12,9.13,26699,2021-09-01 15:44:00,SRNE
9.14,9.14,9.13,9.1319,7857,2021-09-01 15:45:00,SRNE
9.135,9.14,9.12,9.125,8285,2021-09-01 15:46:00,SRNE
9.1277,9.13,9.1,9.11,12497,2021-09-01 15:47:00,SRNE
9.105,9.105,9.095,9.1,7700,2021-09-01 15:48:00,SRNE
9.09,9.1,9.09,9.1,2720,2021-09-01 15:49:00,SRNE
9.1,9.1077,9.09,9.095,6455,2021-09-01 15:50:00,SRNE
9.095,9.1099,9.095,9.1,7205,2021-09-01 15:51:00,SRNE
9.11,9.11,9.1,9.105,1000,2021-09-01 15:52:00,SRNE
9.105,9.115,9.1,9.115,5180,2021-09-01 15:53:00,SRNE
9.115,9.12,9.115,9.12,920,2021-09-01 15:54:00,SRNE
9.115,9.118,9.1,9.11,6296,2021-09-01 15:55:00,SRNE
9.115,9.115,9.105,9.11,12091,2021-09-01 15:56:00,SRNE
9.115,9.12,9.115,9.115,7559,2021-09-01 15:57:00,SRNE
9.12,9.14,9.12,9.1399,13465,2021-09-01 15:58:00,SRNE
9.135,9.15,9.13,9.15,26745,2021-09-01 15:59:00,SRNE
9.155,9.16,9.135,9.135,7857,2021-09-01 16:00:00,SRNE
9.137,9.15,9.137,9.1401,10090,2021-09-01 16:01:00,SRNE
9.1401,9.15,9.1401,9.145,2700,2021-09-01 16:02:00,SRNE
9.1432,9.15,9.1401,9.145,1506,2021-09-01 16:03:00,SRNE
9.1427,9.1427,9.12,9.12,11318,2021-09-01 16:04:00,SRNE
9.13,9.1323,9.1201,9.1212,11100,2021-09-01 16:05:00,SRNE
9.12,9.1201,9.11,9.11,12491,2021-09-01 16:06:00,SRNE
9.11,9.122,9.11,9.1201,15544,2021-09-01 16:07:00,SRNE
9.125,9.125,9.12,9.125,7700,2021-09-01 16:08:00,SRNE
9.12,9.1201,9.1,9.11,8192,2021-09-01 16:09:00,SRNE
9.11,9.11,9.09,9.1,16436,2021-09-01 16:10:00,SRNE
9.105,9.105,9.09,9.0917,14879,2021-09-01 16:11:00,SRNE
9.09,9.1,9.09,9.095,1600,2021-09-01 16:12:00,SRNE
9.095,9.1,9.09,9.095,2399,2021-09-01 16:13:00,SRNE
9.09,9.09,9.085,9.09,28681,2021-09-01 16:14:00,SRNE
9.0901,9.1,9.09,9.095,3419,2021-09-01 16:15:00,SRNE
9.09,9.09,9.09,9.09,600,2021-09-01 16:16:00,SRNE
9.0901,9.105,9.0901,9.105,4050,2021-09-01 16:17:00,SRNE
9.105,9.11,9.1,9.104,8694,2021-09-01 16:18:00,SRNE
9.11,9.13,9.11,9.1201,6789,2021-09-01 16:19:00,SRNE
9.13,9.13,9.115,9.1225,6714,2021-09-01 16:20:00,SRNE
9.1201,9.125,9.1201,9.125,1350,2021-09-01 16:21:00,SRNE
9.125,9.125,9.125,9.125,400,2021-09-01 16:22:00,SRNE
9.1216,9.1399,9.1216,9.135,5101,2021-09-01 16:23:00,SRNE
9.135,9.135,9.125,9.13,6190,2021-09-01 16:24:00,SRNE
9.13,9.14,9.13,9.135,2645,2021-09-01 16:25:00,SRNE
9.1377,9.1377,9.135,9.135,1100,2021-09-01 16:26:00,SRNE
9.135,9.1401,9.135,9.1401,2620,2021-09-01 16:27:00,SRNE
9.15,9.165,9.14,9.1623,56062,2021-09-01 16:28:00,SRNE
9.16,9.18,9.16,9.18,10964,2021-09-01 16:29:00,SRNE
9.17,9.175,9.15,9.15,6199,2021-09-01 16:30:00,SRNE
9.155,9.168,9.1508,9.1612,4620,2021-09-01 16:31:00,SRNE
9.165,9.169,9.1613,9.169,300,2021-09-01 16:32:00,SRNE
9.1631,9.17,9.1601,9.17,2359,2021-09-01 16:33:00,SRNE
9.1623,9.17,9.15,9.16,7968,2021-09-01 16:34:00,SRNE
9.165,9.185,9.1623,9.185,11601,2021-09-01 16:35:00,SRNE
9.185,9.195,9.18,9.188,18532,2021-09-01 16:36:00,SRNE
9.19,9.19,9.185,9.185,6900,2021-09-01 16:37:00,SRNE
9.185,9.2,9.1809,9.195,17891,2021-09-01 16:38:00,SRNE
9.19,9.19,9.19,9.19,2300,2021-09-01 16:39:00,SRNE
9.19,9.2,9.19,9.195,5273,2021-09-01 16:40:00,SRNE
9.195,9.1989,9.19,9.1989,12433,2021-09-01 16:41:00,SRNE
9.1916,9.2,9.18,9.19,3495,2021-09-01 16:42:00,SRNE
9.185,9.195,9.185,9.195,2550,2021-09-01 16:43:00,SRNE
9.19,9.195,9.185,9.195,11289,2021-09-01 16:44:00,SRNE
9.195,9.2,9.19,9.19,13270,2021-09-01 16:45:00,SRNE
9.195,9.195,9.19,9.195,6087,2021-09-01 16:46:00,SRNE
9.195,9.2,9.19,9.1999,4140,2021-09-01 16:47:00,SRNE
9.2,9.2,9.19,9.195,6541,2021-09-01 16:48:00,SRNE
9.195,9.2,9.193,9.195,4286,2021-09-01 16:49:00,SRNE
9.19,9.195,9.19,9.195,11627,2021-09-01 16:50:00,SRNE
9.1925,9.2,9.185,9.195,11682,2021-09-01 16:51:00,SRNE
9.195,9.195,9.192,9.195,1300,2021-09-01 16:52:00,SRNE
9.195,9.195,9.1932,9.195,6680,2021-09-01 16:53:00,SRNE
9.195,9.197,9.16,9.17,17061,2021-09-01 16:54:00,SRNE
9.175,9.1777,9.1728,9.1777,3050,2021-09-01 16:55:00,SRNE
9.18,9.1899,9.18,9.1899,2006,2021-09-01 16:56:00,SRNE
9.18,9.19,9.18,9.19,5506,2021-09-01 16:57:00,SRNE
9.185,9.2,9.1827,9.1922,36312,2021-09-01 16:58:00,SRNE
9.1983,9.2,9.19,9.2,5700,2021-09-01 16:59:00,SRNE
9.2,9.21,9.19,9.19,40501,2021-09-01 17:00:00,SRNE
9.19,9.19,9.18,9.1801,18430,2021-09-01 17:01:00,SRNE
9.185,9.19,9.18,9.185,8095,2021-09-01 17:02:00,SRNE
9.1818,9.185,9.1818,9.185,1100,2021-09-01 17:03:00,SRNE
9.19,9.19,9.185,9.185,1000,2021-09-01 17:04:00,SRNE
9.185,9.185,9.1608,9.17,10037,2021-09-01 17:05:00,SRNE
9.17,9.18,9.15,9.165,13871,2021-09-01 17:06:00,SRNE
9.161,9.1622,9.1529,9.155,7300,2021-09-01 17:07:00,SRNE
9.16,9.16,9.153,9.155,4460,2021-09-01 17:08:00,SRNE
9.16,9.16,9.15,9.16,3500,2021-09-01 17:09:00,SRNE
9.16,9.1695,9.16,9.1667,5582,2021-09-01 17:10:00,SRNE
9.165,9.17,9.165,9.165,1030,2021-09-01 17:11:00,SRNE
9.1678,9.17,9.165,9.165,550,2021-09-01 17:12:00,SRNE
9.165,9.17,9.16,9.16,2955,2021-09-01 17:13:00,SRNE
9.155,9.16,9.155,9.16,1550,2021-09-01 17:14:00,SRNE
9.1598,9.17,9.1598,9.17,4180,2021-09-01 17:15:00,SRNE
9.17,9.17,9.16,9.16,930,2021-09-01 17:16:00,SRNE
9.16,9.16,9.14,9.14,8594,2021-09-01 17:17:00,SRNE
9.1429,9.15,9.14,9.15,2049,2021-09-01 17:18:00,SRNE
9.1432,9.145,9.1432,9.145,210,2021-09-01 17:19:00,SRNE
9.145,9.15,9.1411,9.1411,4403,2021-09-01 17:20:00,SRNE
9.1499,9.1499,9.14,9.145,11720,2021-09-01 17:21:00,SRNE
9.1499,9.16,9.149,9.16,8578,2021-09-01 17:22:00,SRNE
9.1583,9.16,9.155,9.155,1400,2021-09-01 17:23:00,SRNE
9.15,9.16,9.15,9.16,3350,2021-09-01 17:24:00,SRNE
9.155,9.155,9.155,9.155,1000,2021-09-01 17:25:00,SRNE
9.16,9.16,9.152,9.1527,800,2021-09-01 17:26:00,SRNE
9.16,9.17,9.16,9.17,2672,2021-09-01 17:27:00,SRNE
9.165,9.17,9.165,9.17,1300,2021-09-01 17:28:00,SRNE
9.165,9.17,9.16,9.165,1295,2021-09-01 17:29:00,SRNE
9.17,9.17,9.165,9.17,600,2021-09-01 17:30:00,SRNE
9.17,9.17,9.16,9.17,900,2021-09-01 17:31:00,SRNE
9.165,9.17,9.15,9.15,5526,2021-09-01 17:32:00,SRNE
9.15,9.155,9.14,9.155,8089,2021-09-01 17:33:00,SRNE
9.1599,9.16,9.13,9.145,27743,2021-09-01 17:34:00,SRNE
9.1423,9.145,9.14,9.14,550,2021-09-01 17:35:00,SRNE
9.14,9.145,9.14,9.145,9042,2021-09-01 17:36:00,SRNE
9.1499,9.1499,9.1401,9.1401,5700,2021-09-01 17:37:00,SRNE
9.14,9.147,9.14,9.14,1840,2021-09-01 17:38:00,SRNE
9.14,9.1451,9.14,9.1451,1200,2021-09-01 17:39:00,SRNE
9.145,9.15,9.145,9.15,5371,2021-09-01 17:40:00,SRNE
9.155,9.16,9.155,9.159,400,2021-09-01 17:41:00,SRNE
9.16,9.18,9.16,9.18,25182,2021-09-01 17:42:00,SRNE
9.18,9.18,9.1787,9.1787,1300,2021-09-01 17:43:00,SRNE
9.17,9.175,9.17,9.17,9381,2021-09-01 17:44:00,SRNE
9.17,9.18,9.17,9.17,700,2021-09-01 17:45:00,SRNE
9.1622,9.17,9.1622,9.1627,2877,2021-09-01 17:46:00,SRNE
9.17,9.17,9.165,9.165,2275,2021-09-01 17:47:00,SRNE
9.17,9.1701,9.1699,9.1699,2039,2021-09-01 17:48:00,SRNE
9.17,9.175,9.1629,9.17,3956,2021-09-01 17:49:00,SRNE
9.18,9.18,9.17,9.17,9639,2021-09-01 17:50:00,SRNE
9.1601,9.17,9.1601,9.17,3355,2021-09-01 17:51:00,SRNE
9.165,9.165,9.16,9.16,10037,2021-09-01 17:52:00,SRNE
9.165,9.175,9.165,9.175,3882,2021-09-01 17:53:00,SRNE
9.18,9.18,9.165,9.165,1600,2021-09-01 17:54:00,SRNE
9.165,9.165,9.1517,9.1517,7111,2021-09-01 17:55:00,SRNE
9.155,9.155,9.15,9.15,2125,2021-09-01 17:56:00,SRNE
9.15,9.15,9.145,9.145,1609,2021-09-01 17:57:00,SRNE
9.146,9.155,9.145,9.155,9562,2021-09-01 17:58:00,SRNE
9.15,9.16,9.15,9.16,767,2021-09-01 17:59:00,SRNE
9.16,9.17,9.16,9.17,2554,2021-09-01 18:01:00,SRNE
9.1721,9.175,9.17,9.17,400,2021-09-01 18:02:00,SRNE
9.17,9.175,9.17,9.175,324,2021-09-01 18:03:00,SRNE
9.1765,9.18,9.1707,9.1707,14332,2021-09-01 18:04:00,SRNE
9.1762,9.18,9.175,9.18,2100,2021-09-01 18:05:00,SRNE
9.18,9.18,9.17,9.1702,6521,2021-09-01 18:06:00,SRNE
9.175,9.175,9.1527,9.1527,4532,2021-09-01 18:07:00,SRNE
9.15,9.15,9.135,9.145,3759,2021-09-01 18:08:00,SRNE
9.14,9.145,9.135,9.135,2440,2021-09-01 18:09:00,SRNE
9.135,9.14,9.133,9.135,1521,2021-09-01 18:10:00,SRNE
9.13,9.14,9.13,9.14,2360,2021-09-01 18:11:00,SRNE
9.14,9.15,9.1387,9.1399,3362,2021-09-01 18:12:00,SRNE
9.14,9.14,9.13,9.13,1900,2021-09-01 18:13:00,SRNE
9.131,9.1317,9.13,9.1317,592,2021-09-01 18:14:00,SRNE
9.135,9.14,9.13,9.13,2910,2021-09-01 18:15:00,SRNE
9.135,9.14,9.13,9.13,300,2021-09-01 18:17:00,SRNE
9.13,9.13,9.12,9.12,7702,2021-09-01 18:18:00,SRNE
9.1277,9.1277,9.09,9.11,28906,2021-09-01 18:19:00,SRNE
9.105,9.11,9.103,9.1055,5990,2021-09-01 18:20:00,SRNE
9.11,9.11,9.105,9.106,1800,2021-09-01 18:21:00,SRNE
9.105,9.105,9.105,9.105,1300,2021-09-01 18:22:00,SRNE
9.105,9.11,9.1001,9.1001,6864,2021-09-01 18:23:00,SRNE
9.1,9.105,9.1,9.105,4679,2021-09-01 18:24:00,SRNE
9.11,9.11,9.1,9.11,7079,2021-09-01 18:25:00,SRNE
9.1,9.1112,9.1,9.1,6958,2021-09-01 18:26:00,SRNE
9.1,9.11,9.1,9.1,2900,2021-09-01 18:27:00,SRNE
9.1,9.1,9.09,9.1,4812,2021-09-01 18:28:00,SRNE
9.095,9.095,9.09,9.09,4100,2021-09-01 18:29:00,SRNE
9.09,9.095,9.085,9.09,2948,2021-09-01 18:30:00,SRNE
9.085,9.088,9.07,9.07,5938,2021-09-01 18:31:00,SRNE
9.075,9.08,9.075,9.075,1300,2021-09-01 18:32:00,SRNE
9.078,9.078,9.06,9.0609,4763,2021-09-01 18:33:00,SRNE
9.06,9.065,9.045,9.045,10220,2021-09-01 18:34:00,SRNE
9.0497,9.05,9.03,9.03,5656,2021-09-01 18:35:00,SRNE
9.025,9.0484,9.0216,9.044,9688,2021-09-01 18:36:00,SRNE
9.0408,9.05,9.04,9.045,1770,2021-09-01 18:37:00,SRNE
9.04,9.05,9.04,9.05,2429,2021-09-01 18:38:00,SRNE
9.045,9.05,9.0399,9.0399,7839,2021-09-01 18:39:00,SRNE
9.04,9.06,9.04,9.055,7212,2021-09-01 18:40:00,SRNE
9.0599,9.0599,9.055,9.055,4000,2021-09-01 18:41:00,SRNE
9.06,9.07,9.06,9.07,2524,2021-09-01 18:42:00,SRNE
9.06,9.07,9.06,9.07,1100,2021-09-01 18:43:00,SRNE
9.0687,9.07,9.06,9.07,10500,2021-09-01 18:44:00,SRNE
9.0695,9.0695,9.06,9.06,907,2021-09-01 18:45:00,SRNE
9.065,9.065,9.05,9.0516,13219,2021-09-01 18:46:00,SRNE
9.0597,9.06,9.05,9.055,5961,2021-09-01 18:47:00,SRNE
9.055,9.07,9.055,9.07,9922,2021-09-01 18:48:00,SRNE
9.07,9.07,9.065,9.065,1100,2021-09-01 18:49:00,SRNE
9.07,9.07,9.06,9.06,4696,2021-09-01 18:50:00,SRNE
9.06,9.06,9.055,9.06,2800,2021-09-01 18:51:00,SRNE
9.0599,9.06,9.0507,9.06,1200,2021-09-01 18:52:00,SRNE
9.055,9.06,9.055,9.06,800,2021-09-01 18:53:00,SRNE
9.06,9.065,9.06,9.065,805,2021-09-01 18:54:00,SRNE
9.065,9.07,9.06,9.07,2886,2021-09-01 18:55:00,SRNE
9.0608,9.07,9.06,9.06,706,2021-09-01 18:56:00,SRNE
9.063,9.08,9.063,9.08,3908,2021-09-01 18:57:00,SRNE
9.08,9.08,9.07,9.08,1501,2021-09-01 18:58:00,SRNE
9.0799,9.08,9.0701,9.08,4000,2021-09-01 18:59:00,SRNE
9.08,9.08,9.065,9.0676,3210,2021-09-01 19:00:00,SRNE
9.065,9.07,9.065,9.07,1900,2021-09-01 19:01:00,SRNE
9.07,9.07,9.065,9.065,633,2021-09-01 19:02:00,SRNE
9.065,9.075,9.065,9.07,1511,2021-09-01 19:03:00,SRNE
9.07,9.07,9.0601,9.0601,1700,2021-09-01 19:04:00,SRNE
9.07,9.0799,9.07,9.07,1400,2021-09-01 19:05:00,SRNE
9.065,9.065,9.06,9.06,600,2021-09-01 19:06:00,SRNE
9.06,9.06,9.055,9.06,6212,2021-09-01 19:07:00,SRNE
9.05,9.05,9.045,9.05,18634,2021-09-01 19:08:00,SRNE
9.05,9.05,9.05,9.05,3399,2021-09-01 19:09:00,SRNE
9.05,9.0501,9.05,9.0501,2100,2021-09-01 19:10:00,SRNE
9.055,9.06,9.055,9.055,3946,2021-09-01 19:11:00,SRNE
9.055,9.07,9.055,9.0611,5846,2021-09-01 19:12:00,SRNE
9.07,9.075,9.06,9.075,5022,2021-09-01 19:13:00,SRNE
9.08,9.08,9.0701,9.08,700,2021-09-01 19:14:00,SRNE
9.0774,9.095,9.0774,9.09,5509,2021-09-01 19:15:00,SRNE
9.085,9.1,9.085,9.1,24819,2021-09-01 19:16:00,SRNE
9.1,9.1,9.1,9.1,100,2021-09-01 19:17:00,SRNE
9.093,9.1,9.09,9.095,600,2021-09-01 19:18:00,SRNE
9.1,9.1,9.09,9.095,2996,2021-09-01 19:19:00,SRNE
9.0963,9.105,9.08,9.105,11096,2021-09-01 19:20:00,SRNE
9.1,9.1,9.095,9.095,3556,2021-09-01 19:21:00,SRNE
9.09,9.1,9.09,9.1,3284,2021-09-01 19:22:00,SRNE
9.1,9.1015,9.1,9.1,756,2021-09-01 19:23:00,SRNE
9.1,9.11,9.1,9.105,1700,2021-09-01 19:24:00,SRNE
9.11,9.12,9.11,9.1169,3964,2021-09-01 19:25:00,SRNE
9.11,9.11,9.105,9.105,2070,2021-09-01 19:26:00,SRNE
9.1099,9.1099,9.095,9.095,7490,2021-09-01 19:27:00,SRNE
9.1,9.1,9.1,9.1,3706,2021-09-01 19:28:00,SRNE
9.09,9.095,9.09,9.095,6656,2021-09-01 19:29:00,SRNE
9.09,9.095,9.08,9.0918,6739,2021-09-01 19:30:00,SRNE
9.095,9.095,9.08,9.09,15025,2021-09-01 19:31:00,SRNE
9.095,9.1,9.09,9.1,20433,2021-09-01 19:32:00,SRNE
9.11,9.11,9.11,9.11,1718,2021-09-01 19:33:00,SRNE
9.1,9.105,9.095,9.1,2602,2021-09-01 19:34:00,SRNE
9.1,9.1,9.1,9.1,543,2021-09-01 19:35:00,SRNE
9.095,9.095,9.095,9.095,742,2021-09-01 19:36:00,SRNE
9.095,9.095,9.09,9.09,5800,2021-09-01 19:37:00,SRNE
9.085,9.09,9.08,9.09,4222,2021-09-01 19:38:00,SRNE
9.085,9.085,9.08,9.085,1590,2021-09-01 19:39:00,SRNE
9.09,9.09,9.07,9.07,27716,2021-09-01 19:40:00,SRNE
9.07,9.075,9.07,9.075,6169,2021-09-01 19:41:00,SRNE
9.075,9.075,9.055,9.055,20636,2021-09-01 19:42:00,SRNE
9.055,9.065,9.055,9.06,11974,2021-09-01 19:43:00,SRNE
9.065,9.065,9.06,9.065,1090,2021-09-01 19:44:00,SRNE
9.065,9.08,9.065,9.07,3144,2021-09-01 19:45:00,SRNE
9.0798,9.08,9.07,9.075,1439,2021-09-01 19:46:00,SRNE
9.075,9.09,9.07,9.0801,7026,2021-09-01 19:47:00,SRNE
9.085,9.085,9.08,9.085,3575,2021-09-01 19:48:00,SRNE
9.085,9.09,9.08,9.09,1784,2021-09-01 19:49:00,SRNE
9.09,9.12,9.09,9.12,25400,2021-09-01 19:50:00,SRNE
9.115,9.129,9.115,9.125,10185,2021-09-01 19:51:00,SRNE
9.1227,9.14,9.12,9.125,33631,2021-09-01 19:52:00,SRNE
9.14,9.14,9.1321,9.135,3324,2021-09-01 19:53:00,SRNE
9.14,9.15,9.135,9.145,32238,2021-09-01 19:54:00,SRNE
9.145,9.155,9.14,9.145,17556,2021-09-01 19:55:00,SRNE
9.14,9.145,9.135,9.1374,14958,2021-09-01 19:56:00,SRNE
9.14,9.15,9.14,9.145,22348,2021-09-01 19:57:00,SRNE
9.145,9.15,9.14,9.145,7256,2021-09-01 19:58:00,SRNE
9.145,9.16,9.14,9.15,79427,2021-09-01 19:59:00,SRNE
9.16,9.16,9.16,9.16,148887,2021-09-01 20:00:00,SRNE
9.16,9.16,9.15,9.15,1288,2021-09-01 20:01:00,SRNE
9.14,9.14,9.14,9.14,100,2021-09-01 20:04:00,SRNE
9.14,9.14,9.14,9.14,100,2021-09-01 20:05:00,SRNE
9.16,9.16,9.16,9.16,109,2021-09-01 20:10:00,SRNE
9.16,9.16,9.16,9.16,500,2021-09-01 20:11:00,SRNE
9.12,9.12,9.12,9.12,300,2021-09-01 20:29:00,SRNE
9.13,9.13,9.13,9.13,100,2021-09-01 20:31:00,SRNE
9.1399,9.1399,9.13,9.13,833,2021-09-01 20:47:00,SRNE
9.13,9.13,9.13,9.13,100,2021-09-01 20:48:00,SRNE
9.13,9.13,9.13,9.13,100,2021-09-01 20:56:00,SRNE
9.11,9.11,9.11,9.11,100,2021-09-01 21:27:00,SRNE
9.11,9.11,9.11,9.11,200,2021-09-01 21:40:00,SRNE
9.11,9.11,9.11,9.11,100,2021-09-01 21:48:00,SRNE
9.1,9.1,9.1,9.1,470,2021-09-01 21:50:00,SRNE
9.12,9.12,9.12,9.12,150,2021-09-01 21:52:00,SRNE
9.12,9.12,9.12,9.12,200,2021-09-01 22:11:00,SRNE
9.11,9.11,9.11,9.11,200,2021-09-01 22:20:00,SRNE
9.11,9.11,9.11,9.11,200,2021-09-01 22:35:00,SRNE
9.11,9.11,9.11,9.11,800,2021-09-01 22:56:00,SRNE
9.11,9.1101,9.11,9.1101,585,2021-09-01 23:27:00,SRNE
9.11,9.11,9.11,9.11,500,2021-09-01 23:31:00,SRNE
9.12,9.12,9.12,9.12,1411,2021-09-01 23:42:00,SRNE
9.13,9.13,9.13,9.13,830,2021-09-01 23:45:00,SRNE
9.11,9.11,9.11,9.11,115,2021-09-01 23:48:00,SRNE
9.13,9.13,9.13,9.13,2000,2021-09-01 23:52:00,SRNE
9.13,9.13,9.13,9.13,100,2021-09-01 23:53:00,SRNE
9.13,9.13,9.13,9.13,3000,2021-09-01 23:57:00,SRNE
9.13,9.13,9.13,9.13,500,2021-09-01 23:58:00,SRNE
9.14,9.14,9.14,9.14,100,2021-09-02 11:29:00,SRNE
9.14,9.14,9.14,9.14,200,2021-09-02 12:04:00,SRNE
9.15,9.15,9.15,9.15,200,2021-09-02 12:06:00,SRNE
9.1401,9.1401,9.1401,9.1401,500,2021-09-02 12:07:00,SRNE
9.14,9.14,9.14,9.14,583,2021-09-02 12:13:00,SRNE
9.15,9.15,9.15,9.15,200,2021-09-02 12:59:00,SRNE
9.1501,9.1501,9.1501,9.1501,500,2021-09-02 13:02:00,SRNE
9.15,9.15,9.15,9.15,239,2021-09-02 13:06:00,SRNE
9.16,9.16,9.16,9.16,100,2021-09-02 13:07:00,SRNE
9.15,9.15,9.15,9.15,300,2021-09-02 13:12:00,SRNE
9.16,9.16,9.16,9.16,100,2021-09-02 13:14:00,SRNE
9.16,9.16,9.16,9.16,218,2021-09-02 13:22:00,SRNE
9.18,9.2299,9.17,9.18,94803,2021-09-02 13:30:00,SRNE
9.1801,9.1801,9.13,9.13,27037,2021-09-02 13:31:00,SRNE
9.13,9.15,9.12,9.1301,18867,2021-09-02 13:32:00,SRNE
9.1495,9.2,9.145,9.18,3000,2021-09-02 13:33:00,SRNE
9.21,9.2211,9.21,9.2211,5521,2021-09-02 13:34:00,SRNE
9.22,9.22,9.18,9.1905,7199,2021-09-02 13:35:00,SRNE
9.19,9.2,9.1899,9.195,3300,2021-09-02 13:36:00,SRNE
9.19,9.19,9.1816,9.19,5544,2021-09-02 13:37:00,SRNE
9.195,9.1962,9.165,9.1785,5516,2021-09-02 13:38:00,SRNE
9.175,9.175,9.1401,9.1401,21909,2021-09-02 13:39:00,SRNE
9.1401,9.15,9.13,9.145,12452,2021-09-02 13:40:00,SRNE
9.1496,9.1981,9.1496,9.1981,3031,2021-09-02 13:41:00,SRNE
9.195,9.21,9.195,9.2,7837,2021-09-02 13:42:00,SRNE
9.1997,9.2199,9.195,9.195,13675,2021-09-02 13:43:00,SRNE
9.19,9.215,9.19,9.2017,10510,2021-09-02 13:44:00,SRNE
9.205,9.22,9.205,9.22,13233,2021-09-02 13:45:00,SRNE
9.22,9.2288,9.22,9.22,11486,2021-09-02 13:46:00,SRNE
9.225,9.23,9.21,9.215,32695,2021-09-02 13:47:00,SRNE
9.215,9.23,9.21,9.21,26163,2021-09-02 13:48:00,SRNE
9.21,9.22,9.19,9.19,6085,2021-09-02 13:49:00,SRNE
9.185,9.185,9.165,9.165,9016,2021-09-02 13:50:00,SRNE
9.1601,9.1687,9.16,9.16,3200,2021-09-02 13:51:00,SRNE
9.17,9.17,9.1623,9.17,4553,2021-09-02 13:52:00,SRNE
9.19,9.2,9.185,9.2,4100,2021-09-02 13:53:00,SRNE
9.195,9.24,9.195,9.24,28689,2021-09-02 13:54:00,SRNE
9.2446,9.26,9.24,9.245,63218,2021-09-02 13:55:00,SRNE
9.2486,9.275,9.245,9.2672,25423,2021-09-02 13:56:00,SRNE
9.2601,9.267,9.24,9.2411,8765,2021-09-02 13:57:00,SRNE
9.245,9.255,9.245,9.25,11013,2021-09-02 13:58:00,SRNE
9.26,9.26,9.25,9.26,2300,2021-09-02 13:59:00,SRNE
9.26,9.3,9.26,9.2999,23241,2021-09-02 14:00:00,SRNE
9.295,9.305,9.285,9.295,54366,2021-09-02 14:01:00,SRNE
9.2979,9.2983,9.28,9.29,11883,2021-09-02 14:02:00,SRNE
9.295,9.295,9.28,9.29,14398,2021-09-02 14:03:00,SRNE
9.29,9.297,9.285,9.297,8207,2021-09-02 14:04:00,SRNE
9.295,9.295,9.285,9.2901,14299,2021-09-02 14:05:00,SRNE
9.2901,9.3001,9.29,9.29,11216,2021-09-02 14:06:00,SRNE
9.305,9.3099,9.26,9.26,7549,2021-09-02 14:07:00,SRNE
9.2699,9.27,9.24,9.2501,12215,2021-09-02 14:08:00,SRNE
9.2501,9.2595,9.2301,9.2301,9494,2021-09-02 14:09:00,SRNE
9.24,9.2499,9.23,9.23,8532,2021-09-02 14:10:00,SRNE
9.2218,9.25,9.2218,9.2301,3389,2021-09-02 14:11:00,SRNE
9.2388,9.25,9.22,9.225,6276,2021-09-02 14:12:00,SRNE
9.225,9.23,9.22,9.2218,4935,2021-09-02 14:13:00,SRNE
9.22,9.22,9.2,9.21,8878,2021-09-02 14:14:00,SRNE
9.21,9.21,9.195,9.195,7258,2021-09-02 14:15:00,SRNE
9.195,9.1999,9.19,9.195,7200,2021-09-02 14:16:00,SRNE
9.195,9.2099,9.19,9.2099,4184,2021-09-02 14:17:00,SRNE
9.21,9.21,9.2092,9.21,1512,2021-09-02 14:18:00,SRNE
9.22,9.22,9.195,9.2,32391,2021-09-02 14:19:00,SRNE
9.2014,9.21,9.2,9.2,2200,2021-09-02 14:20:00,SRNE
9.195,9.195,9.165,9.18,20227,2021-09-02 14:21:00,SRNE
9.1767,9.18,9.1701,9.18,13966,2021-09-02 14:22:00,SRNE
9.18,9.18,9.1701,9.1701,3936,2021-09-02 14:23:00,SRNE
9.17,9.17,9.1506,9.1599,7800,2021-09-02 14:24:00,SRNE
9.16,9.165,9.1523,9.1577,23221,2021-09-02 14:25:00,SRNE
9.16,9.16,9.14,9.14,10766,2021-09-02 14:26:00,SRNE
9.14,9.14,9.13,9.1398,3970,2021-09-02 14:27:00,SRNE
9.135,9.14,9.101,9.1099,27679,2021-09-02 14:28:00,SRNE
9.1058,9.12,9.1058,9.112,7330,2021-09-02 14:29:00,SRNE
9.115,9.13,9.115,9.13,24100,2021-09-02 14:30:00,SRNE
9.125,9.13,9.12,9.1299,9200,2021-09-02 14:31:00,SRNE
9.125,9.1267,9.1037,9.1177,7308,2021-09-02 14:32:00,SRNE
9.1101,9.1275,9.1101,9.1201,6904,2021-09-02 14:33:00,SRNE
9.1277,9.1277,9.1114,9.12,4470,2021-09-02 14:34:00,SRNE
9.115,9.12,9.09,9.0988,7143,2021-09-02 14:35:00,SRNE
9.0999,9.13,9.0999,9.12,19857,2021-09-02 14:36:00,SRNE
9.1181,9.12,9.1118,9.1118,15258,2021-09-02 14:37:00,SRNE
9.115,9.14,9.111,9.14,18111,2021-09-02 14:38:00,SRNE
9.139,9.17,9.1301,9.1501,35385,2021-09-02 14:39:00,SRNE
9.16,9.1659,9.1599,9.16,4788,2021-09-02 14:40:00,SRNE
9.16,9.16,9.15,9.1597,1900,2021-09-02 14:41:00,SRNE
9.1589,9.16,9.15,9.16,2500,2021-09-02 14:42:00,SRNE
9.1619,9.17,9.13,9.13,8460,2021-09-02 14:43:00,SRNE
9.14,9.14,9.13,9.13,2200,2021-09-02 14:44:00,SRNE
9.13,9.135,9.125,9.135,3150,2021-09-02 14:45:00,SRNE
9.1306,9.1306,9.125,9.125,4616,2021-09-02 14:46:00,SRNE
9.125,9.125,9.125,9.125,200,2021-09-02 14:47:00,SRNE
9.13,9.13,9.12,9.1201,400,2021-09-02 14:48:00,SRNE
9.13,9.14,9.125,9.1331,4150,2021-09-02 14:49:00,SRNE
9.14,9.147,9.135,9.14,3200,2021-09-02 14:50:00,SRNE
9.13,9.13,9.115,9.115,2200,2021-09-02 14:51:00,SRNE
9.1184,9.12,9.105,9.105,15045,2021-09-02 14:52:00,SRNE
9.1,9.1,9.0901,9.1,8594,2021-09-02 14:53:00,SRNE
9.105,9.1058,9.1,9.1001,2200,2021-09-02 14:54:00,SRNE
9.1,9.11,9.1,9.11,400,2021-09-02 14:55:00,SRNE
9.105,9.11,9.1,9.1035,3163,2021-09-02 14:56:00,SRNE
9.1072,9.1072,9.0924,9.1,3089,2021-09-02 14:57:00,SRNE
9.105,9.11,9.105,9.11,700,2021-09-02 14:58:00,SRNE
9.1,9.1,9.09,9.095,4106,2021-09-02 14:59:00,SRNE
9.092,9.12,9.092,9.12,3400,2021-09-02 15:00:00,SRNE
9.1184,9.1299,9.1117,9.1299,5009,2021-09-02 15:01:00,SRNE
9.1283,9.13,9.12,9.125,710,2021-09-02 15:03:00,SRNE
9.1265,9.13,9.125,9.13,1226,2021-09-02 15:04:00,SRNE
9.125,9.13,9.125,9.125,2060,2021-09-02 15:05:00,SRNE
9.13,9.13,9.13,9.13,1000,2021-09-02 15:06:00,SRNE
9.12,9.13,9.12,9.12,1600,2021-09-02 15:07:00,SRNE
9.11,9.112,9.11,9.111,651,2021-09-02 15:08:00,SRNE
9.11,9.1199,9.105,9.1199,3100,2021-09-02 15:09:00,SRNE
9.1107,9.12,9.1107,9.113,400,2021-09-02 15:10:00,SRNE
9.11,9.12,9.11,9.115,3025,2021-09-02 15:11:00,SRNE
9.12,9.13,9.119,9.13,1307,2021-09-02 15:12:00,SRNE
9.13,9.13,9.1201,9.13,1412,2021-09-02 15:13:00,SRNE
9.13,9.14,9.1222,9.13,23134,2021-09-02 15:14:00,SRNE
9.13,9.13,9.12,9.13,400,2021-09-02 15:15:00,SRNE
9.125,9.125,9.125,9.125,300,2021-09-02 15:16:00,SRNE
9.12,9.14,9.12,9.14,9191,2021-09-02 15:17:00,SRNE
9.14,9.15,9.14,9.143,850,2021-09-02 15:18:00,SRNE
9.1417,9.15,9.1417,9.15,420,2021-09-02 15:19:00,SRNE
9.1472,9.18,9.1472,9.18,20245,2021-09-02 15:20:00,SRNE
9.1709,9.1794,9.17,9.175,15909,2021-09-02 15:21:00,SRNE
9.17,9.175,9.17,9.17,6200,2021-09-02 15:22:00,SRNE
9.175,9.18,9.17,9.18,10800,2021-09-02 15:23:00,SRNE
9.1776,9.1794,9.1721,9.1794,809,2021-09-02 15:24:00,SRNE
9.175,9.1799,9.1728,9.1788,4276,2021-09-02 15:25:00,SRNE
9.18,9.2,9.18,9.19,21153,2021-09-02 15:26:00,SRNE
9.18,9.19,9.18,9.1893,5611,2021-09-02 15:27:00,SRNE
9.1888,9.19,9.18,9.19,5707,2021-09-02 15:28:00,SRNE
9.189,9.19,9.185,9.19,5113,2021-09-02 15:29:00,SRNE
9.18,9.19,9.17,9.185,10153,2021-09-02 15:30:00,SRNE
9.18,9.19,9.18,9.185,1800,2021-09-02 15:31:00,SRNE
9.185,9.19,9.185,9.1899,2815,2021-09-02 15:32:00,SRNE
9.19,9.2,9.19,9.2,13202,2021-09-02 15:33:00,SRNE
9.1999,9.3,9.19,9.2599,235032,2021-09-02 15:34:00,SRNE
9.255,9.3,9.25,9.281,55690,2021-09-02 15:35:00,SRNE
9.28,9.28,9.25,9.27,45583,2021-09-02 15:36:00,SRNE
9.26,9.27,9.195,9.2,41507,2021-09-02 15:37:00,SRNE
9.21,9.21,9.19,9.2077,11085,2021-09-02 15:38:00,SRNE
9.209,9.22,9.2,9.21,6389,2021-09-02 15:39:00,SRNE
9.21,9.225,9.2,9.205,12549,2021-09-02 15:40:00,SRNE
9.2,9.21,9.2,9.2078,1600,2021-09-02 15:41:00,SRNE
9.2,9.2106,9.2,9.2,20310,2021-09-02 15:42:00,SRNE
9.2,9.2,9.18,9.18,20611,2021-09-02 15:43:00,SRNE
9.185,9.19,9.18,9.18,9563,2021-09-02 15:44:00,SRNE
9.185,9.185,9.17,9.1788,17773,2021-09-02 15:45:00,SRNE
9.17,9.1701,9.17,9.17,706,2021-09-02 15:46:00,SRNE
9.1786,9.1786,9.1786,9.1786,1000,2021-09-02 15:47:00,SRNE
9.175,9.19,9.175,9.19,4456,2021-09-02 15:48:00,SRNE
9.19,9.1999,9.19,9.195,3907,2021-09-02 15:49:00,SRNE
9.19,9.1999,9.1726,9.1726,3745,2021-09-02 15:50:00,SRNE
9.17,9.171,9.1523,9.155,9917,2021-09-02 15:51:00,SRNE
9.155,9.16,9.151,9.151,3700,2021-09-02 15:52:00,SRNE
9.1582,9.1583,9.153,9.155,4300,2021-09-02 15:53:00,SRNE
9.1527,9.1578,9.12,9.12,16588,2021-09-02 15:54:00,SRNE
9.1201,9.13,9.12,9.12,14548,2021-09-02 15:55:00,SRNE
9.13,9.1499,9.125,9.1499,14935,2021-09-02 15:56:00,SRNE
9.14,9.16,9.14,9.1507,11603,2021-09-02 15:57:00,SRNE
9.152,9.152,9.152,9.152,100,2021-09-02 15:59:00,SRNE
9.16,9.16,9.15,9.15,2200,2021-09-02 16:00:00,SRNE
9.16,9.16,9.15,9.15,3974,2021-09-02 16:01:00,SRNE
9.1425,9.143,9.1425,9.143,308,2021-09-02 16:02:00,SRNE
9.145,9.145,9.13,9.13,3319,2021-09-02 16:03:00,SRNE
9.1399,9.1399,9.1223,9.125,1588,2021-09-02 16:04:00,SRNE
9.13,9.1399,9.12,9.135,18251,2021-09-02 16:05:00,SRNE
9.135,9.15,9.135,9.1483,5067,2021-09-02 16:06:00,SRNE
9.147,9.147,9.13,9.1304,2570,2021-09-02 16:07:00,SRNE
9.1301,9.1372,9.13,9.1371,1000,2021-09-02 16:08:00,SRNE
9.135,9.135,9.13,9.13,510,2021-09-02 16:09:00,SRNE
9.1399,9.14,9.133,9.1394,3927,2021-09-02 16:10:00,SRNE
9.1333,9.1359,9.12,9.125,5999,2021-09-02 16:11:00,SRNE
9.125,9.13,9.121,9.13,3425,2021-09-02 16:12:00,SRNE
9.1232,9.1292,9.12,9.1292,2860,2021-09-02 16:13:00,SRNE
9.123,9.125,9.123,9.125,300,2021-09-02 16:14:00,SRNE
9.13,9.13,9.125,9.125,300,2021-09-02 16:15:00,SRNE
9.1293,9.13,9.1293,9.13,1601,2021-09-02 16:16:00,SRNE
9.13,9.13,9.12,9.13,10905,2021-09-02 16:17:00,SRNE
9.125,9.13,9.125,9.13,2100,2021-09-02 16:18:00,SRNE
9.12,9.1201,9.12,9.1201,600,2021-09-02 16:19:00,SRNE
9.13,9.13,9.11,9.1299,42679,2021-09-02 16:20:00,SRNE
9.12,9.1284,9.12,9.1284,4700,2021-09-02 16:21:00,SRNE
9.1223,9.1223,9.1223,9.1223,1000,2021-09-02 16:22:00,SRNE
9.1208,9.126,9.1208,9.125,3218,2021-09-02 16:23:00,SRNE
9.1215,9.1268,9.12,9.12,1120,2021-09-02 16:24:00,SRNE
9.125,9.13,9.125,9.13,1200,2021-09-02 16:25:00,SRNE
9.125,9.14,9.12,9.1386,11025,2021-09-02 16:26:00,SRNE
9.1381,9.1381,9.12,9.12,3543,2021-09-02 16:27:00,SRNE
9.12,9.12,9.1129,9.1129,3955,2021-09-02 16:28:00,SRNE
9.11,9.11,9.1,9.107,5543,2021-09-02 16:29:00,SRNE
9.11,9.11,9.1,9.1018,4282,2021-09-02 16:30:00,SRNE
9.1075,9.11,9.0934,9.0934,14197,2021-09-02 16:31:00,SRNE
9.092,9.095,9.092,9.0922,2400,2021-09-02 16:32:00,SRNE
9.1,9.11,9.095,9.11,3482,2021-09-02 16:33:00,SRNE
9.11,9.1199,9.105,9.115,2924,2021-09-02 16:34:00,SRNE
9.1176,9.1176,9.1176,9.1176,500,2021-09-02 16:35:00,SRNE
9.115,9.115,9.1115,9.1115,400,2021-09-02 16:36:00,SRNE
9.115,9.12,9.1101,9.12,1500,2021-09-02 16:37:00,SRNE
9.12,9.12,9.11,9.11,2880,2021-09-02 16:38:00,SRNE
9.1189,9.119,9.11,9.119,7565,2021-09-02 16:39:00,SRNE
9.1182,9.1182,9.11,9.11,7800,2021-09-02 16:40:00,SRNE
9.1199,9.1199,9.1183,9.1183,1000,2021-09-02 16:41:00,SRNE
9.1155,9.1155,9.113,9.113,2299,2021-09-02 16:42:00,SRNE
9.1183,9.1304,9.1183,9.1304,4200,2021-09-02 16:43:00,SRNE
9.1309,9.1309,9.115,9.115,2555,2021-09-02 16:44:00,SRNE
9.113,9.12,9.11,9.12,11883,2021-09-02 16:45:00,SRNE
9.115,9.1185,9.115,9.115,4478,2021-09-02 16:46:00,SRNE
9.11,9.1131,9.11,9.1131,638,2021-09-02 16:47:00,SRNE
9.115,9.115,9.115,9.115,100,2021-09-02 16:48:00,SRNE
9.1168,9.1168,9.1168,9.1168,110,2021-09-02 16:49:00,SRNE
9.115,9.1168,9.105,9.11,15663,2021-09-02 16:50:00,SRNE
9.105,9.115,9.105,9.115,6249,2021-09-02 16:51:00,SRNE
9.1199,9.125,9.1199,9.1205,5727,2021-09-02 16:52:00,SRNE
9.1201,9.1201,9.1201,9.1201,100,2021-09-02 16:53:00,SRNE
9.1207,9.125,9.12,9.12,4791,2021-09-02 16:54:00,SRNE
9.1171,9.1171,9.1171,9.1171,200,2021-09-02 16:55:00,SRNE
9.11,9.11,9.11,9.11,300,2021-09-02 16:57:00,SRNE
9.11,9.115,9.11,9.115,1200,2021-09-02 16:58:00,SRNE
9.1118,9.1118,9.11,9.11,200,2021-09-02 17:00:00,SRNE
9.115,9.1279,9.115,9.1279,7835,2021-09-02 17:01:00,SRNE
9.125,9.125,9.12,9.125,1700,2021-09-02 17:02:00,SRNE
9.125,9.125,9.1201,9.1201,3200,2021-09-02 17:03:00,SRNE
9.1223,9.1223,9.1223,9.1223,500,2021-09-02 17:04:00,SRNE
9.1299,9.1299,9.125,9.125,1425,2021-09-02 17:05:00,SRNE
9.12,9.1282,9.12,9.121,2950,2021-09-02 17:06:00,SRNE
9.125,9.14,9.12,9.135,7885,2021-09-02 17:07:00,SRNE
9.133,9.133,9.133,9.133,500,2021-09-02 17:08:00,SRNE
9.13,9.1377,9.13,9.1377,1609,2021-09-02 17:09:00,SRNE
9.14,9.14,9.13,9.13,10164,2021-09-02 17:10:00,SRNE
9.13,9.1473,9.12,9.1473,10800,2021-09-02 17:11:00,SRNE
9.145,9.15,9.145,9.1482,1637,2021-09-02 17:12:00,SRNE
9.145,9.15,9.1412,9.15,1900,2021-09-02 17:13:00,SRNE
9.14,9.145,9.14,9.14,1100,2021-09-02 17:14:00,SRNE
9.1404,9.1486,9.1404,9.1409,3800,2021-09-02 17:15:00,SRNE
9.145,9.15,9.1401,9.1401,2387,2021-09-02 17:16:00,SRNE
9.15,9.15,9.14,9.145,907,2021-09-02 17:17:00,SRNE
9.147,9.147,9.14,9.145,1000,2021-09-02 17:18:00,SRNE
9.14,9.145,9.13,9.1313,14745,2021-09-02 17:19:00,SRNE
9.135,9.14,9.13,9.1326,900,2021-09-02 17:20:00,SRNE
9.14,9.15,9.14,9.15,23119,2021-09-02 17:21:00,SRNE
9.14,9.15,9.14,9.145,1840,2021-09-02 17:22:00,SRNE
9.145,9.1477,9.14,9.1448,1386,2021-09-02 17:23:00,SRNE
9.14,9.1425,9.125,9.125,3180,2021-09-02 17:24:00,SRNE
9.1225,9.13,9.115,9.125,10464,2021-09-02 17:25:00,SRNE
9.121,9.125,9.12,9.12,2300,2021-09-02 17:26:00,SRNE
9.13,9.13,9.125,9.125,553,2021-09-02 17:27:00,SRNE
9.12,9.125,9.11,9.115,3238,2021-09-02 17:28:00,SRNE
9.11,9.12,9.11,9.115,3612,2021-09-02 17:29:00,SRNE
9.12,9.13,9.12,9.1288,4709,2021-09-02 17:30:00,SRNE
9.13,9.13,9.125,9.125,300,2021-09-02 17:31:00,SRNE
9.12,9.12,9.12,9.12,1720,2021-09-02 17:32:00,SRNE
9.115,9.115,9.115,9.115,200,2021-09-02 17:33:00,SRNE
9.115,9.12,9.115,9.12,1682,2021-09-02 17:34:00,SRNE
9.12,9.12,9.11,9.115,1309,2021-09-02 17:35:00,SRNE
9.1108,9.12,9.1108,9.115,3617,2021-09-02 17:37:00,SRNE
9.115,9.115,9.115,9.115,4000,2021-09-02 17:38:00,SRNE
9.115,9.14,9.115,9.13,6347,2021-09-02 17:40:00,SRNE
9.135,9.1399,9.135,9.1399,1609,2021-09-02 17:41:00,SRNE
9.14,9.14,9.135,9.1385,1600,2021-09-02 17:42:00,SRNE
9.14,9.14,9.135,9.14,900,2021-09-02 17:43:00,SRNE
9.1324,9.14,9.1304,9.14,3606,2021-09-02 17:44:00,SRNE
9.14,9.14,9.1301,9.1301,1000,2021-09-02 17:45:00,SRNE
9.135,9.14,9.135,9.135,1012,2021-09-02 17:46:00,SRNE
9.14,9.14,9.1304,9.135,2200,2021-09-02 17:47:00,SRNE
9.14,9.14,9.135,9.14,400,2021-09-02 17:48:00,SRNE
9.14,9.14,9.1301,9.135,1608,2021-09-02 17:49:00,SRNE
9.1368,9.14,9.13,9.14,2415,2021-09-02 17:50:00,SRNE
9.13,9.135,9.12,9.125,7900,2021-09-02 17:51:00,SRNE
9.12,9.12,9.1113,9.115,2300,2021-09-02 17:52:00,SRNE
9.115,9.12,9.115,9.12,2604,2021-09-02 17:54:00,SRNE
9.1101,9.1168,9.1101,9.1168,1333,2021-09-02 17:55:00,SRNE
9.1167,9.13,9.1167,9.13,2778,2021-09-02 17:56:00,SRNE
9.125,9.125,9.115,9.12,2635,2021-09-02 17:57:00,SRNE
9.12,9.12,9.1105,9.12,2775,2021-09-02 17:58:00,SRNE
9.115,9.115,9.115,9.115,100,2021-09-02 17:59:00,SRNE
9.12,9.145,9.12,9.145,12494,2021-09-02 18:00:00,SRNE
9.145,9.15,9.135,9.135,9389,2021-09-02 18:01:00,SRNE
9.14,9.14,9.1389,9.14,1040,2021-09-02 18:02:00,SRNE
9.135,9.1383,9.13,9.135,2126,2021-09-02 18:03:00,SRNE
9.13,9.13,9.1201,9.125,4175,2021-09-02 18:04:00,SRNE
9.129,9.13,9.125,9.13,2230,2021-09-02 18:05:00,SRNE
9.13,9.13,9.1218,9.13,2100,2021-09-02 18:06:00,SRNE
9.13,9.13,9.13,9.13,200,2021-09-02 18:07:00,SRNE
9.12,9.13,9.12,9.125,4628,2021-09-02 18:08:00,SRNE
9.13,9.14,9.125,9.14,1928,2021-09-02 18:09:00,SRNE
9.14,9.14,9.13,9.13,3481,2021-09-02 18:10:00,SRNE
9.125,9.125,9.115,9.115,4160,2021-09-02 18:11:00,SRNE
9.117,9.117,9.105,9.105,2410,2021-09-02 18:12:00,SRNE
9.1036,9.1082,9.1011,9.1082,3101,2021-09-02 18:13:00,SRNE
9.11,9.125,9.11,9.123,14439,2021-09-02 18:14:00,SRNE
9.12,9.125,9.115,9.115,4046,2021-09-02 18:15:00,SRNE
9.1115,9.115,9.1115,9.115,1600,2021-09-02 18:16:00,SRNE
9.115,9.12,9.115,9.12,2600,2021-09-02 18:18:00,SRNE
9.12,9.1299,9.12,9.12,2456,2021-09-02 18:19:00,SRNE
9.1276,9.1276,9.1276,9.1276,547,2021-09-02 18:20:00,SRNE
9.1201,9.125,9.12,9.12,1468,2021-09-02 18:21:00,SRNE
9.125,9.125,9.12,9.125,5290,2021-09-02 18:22:00,SRNE
9.13,9.13,9.115,9.12,6551,2021-09-02 18:23:00,SRNE
9.12,9.13,9.12,9.125,1344,2021-09-02 18:24:00,SRNE
9.13,9.15,9.13,9.145,15585,2021-09-02 18:25:00,SRNE
9.14,9.1568,9.14,9.1568,11685,2021-09-02 18:26:00,SRNE
9.159,9.16,9.15,9.15,13830,2021-09-02 18:27:00,SRNE
9.155,9.155,9.15,9.1501,1900,2021-09-02 18:28:00,SRNE
9.155,9.205,9.155,9.195,112510,2021-09-02 18:29:00,SRNE
9.195,9.2,9.18,9.1878,9274,2021-09-02 18:30:00,SRNE
9.1802,9.19,9.1802,9.19,2150,2021-09-02 18:31:00,SRNE
9.19,9.195,9.18,9.185,5649,2021-09-02 18:32:00,SRNE
9.185,9.19,9.18,9.18,1308,2021-09-02 18:33:00,SRNE
9.185,9.185,9.1801,9.1801,600,2021-09-02 18:34:00,SRNE
9.19,9.2,9.19,9.19,12025,2021-09-02 18:35:00,SRNE
9.18,9.185,9.18,9.185,517,2021-09-02 18:36:00,SRNE
9.18,9.185,9.175,9.18,8657,2021-09-02 18:37:00,SRNE
9.1712,9.18,9.16,9.16,17280,2021-09-02 18:38:00,SRNE
9.165,9.175,9.165,9.175,9656,2021-09-02 18:39:00,SRNE
9.17,9.2,9.17,9.195,25319,2021-09-02 18:40:00,SRNE
9.195,9.2,9.1901,9.2,1900,2021-09-02 18:41:00,SRNE
9.195,9.2,9.19,9.1997,3900,2021-09-02 18:42:00,SRNE
9.1925,9.1925,9.1925,9.1925,376,2021-09-02 18:43:00,SRNE
9.195,9.195,9.19,9.195,4479,2021-09-02 18:44:00,SRNE
9.2,9.2,9.1901,9.1901,916,2021-09-02 18:45:00,SRNE
9.1932,9.2,9.1914,9.195,3528,2021-09-02 18:46:00,SRNE
9.195,9.195,9.195,9.195,623,2021-09-02 18:47:00,SRNE
9.19,9.2,9.18,9.185,15141,2021-09-02 18:48:00,SRNE
9.19,9.19,9.175,9.175,6742,2021-09-02 18:49:00,SRNE
9.18,9.195,9.18,9.195,15713,2021-09-02 18:50:00,SRNE
9.19,9.21,9.19,9.2079,12341,2021-09-02 18:51:00,SRNE
9.205,9.205,9.2028,9.2028,1700,2021-09-02 18:52:00,SRNE
9.21,9.21,9.2001,9.205,4170,2021-09-02 18:53:00,SRNE
9.205,9.21,9.2,9.2,2100,2021-09-02 18:54:00,SRNE
9.205,9.215,9.205,9.215,1771,2021-09-02 18:55:00,SRNE
9.2103,9.2173,9.21,9.21,9017,2021-09-02 18:56:00,SRNE
9.215,9.22,9.215,9.2199,2150,2021-09-02 18:57:00,SRNE
9.21,9.22,9.21,9.22,4107,2021-09-02 18:58:00,SRNE
9.2186,9.22,9.211,9.211,7295,2021-09-02 18:59:00,SRNE
9.2112,9.235,9.2112,9.235,18620,2021-09-02 19:00:00,SRNE
9.235,9.24,9.23,9.24,5357,2021-09-02 19:01:00,SRNE
9.235,9.24,9.2301,9.235,5194,2021-09-02 19:02:00,SRNE
9.24,9.24,9.235,9.235,1600,2021-09-02 19:03:00,SRNE
9.23,9.24,9.23,9.24,8675,2021-09-02 19:04:00,SRNE
9.2301,9.2301,9.2301,9.2301,7262,2021-09-02 19:05:00,SRNE
9.235,9.24,9.21,9.215,43552,2021-09-02 19:06:00,SRNE
9.21,9.2199,9.205,9.2092,11302,2021-09-02 19:07:00,SRNE
9.2001,9.205,9.19,9.19,13448,2021-09-02 19:08:00,SRNE
9.19,9.2,9.18,9.1965,25440,2021-09-02 19:09:00,SRNE
9.195,9.195,9.195,9.195,300,2021-09-02 19:10:00,SRNE
9.195,9.195,9.189,9.19,14226,2021-09-02 19:12:00,SRNE
9.19,9.2,9.19,9.19,600,2021-09-02 19:13:00,SRNE
9.1913,9.205,9.1913,9.2,10382,2021-09-02 19:14:00,SRNE
9.2,9.2,9.19,9.19,9089,2021-09-02 19:15:00,SRNE
9.2,9.205,9.2,9.205,2738,2021-09-02 19:16:00,SRNE
9.205,9.21,9.2,9.21,618,2021-09-02 19:17:00,SRNE
9.2,9.205,9.2,9.205,1900,2021-09-02 19:18:00,SRNE
9.2001,9.205,9.2,9.2,1226,2021-09-02 19:19:00,SRNE
9.21,9.21,9.195,9.195,6933,2021-09-02 19:20:00,SRNE
9.1931,9.21,9.19,9.2,28534,2021-09-02 19:21:00,SRNE
9.195,9.195,9.183,9.183,1891,2021-09-02 19:22:00,SRNE
9.185,9.185,9.185,9.185,998,2021-09-02 19:23:00,SRNE
9.1823,9.185,9.17,9.17,9450,2021-09-02 19:24:00,SRNE
9.17,9.18,9.17,9.175,6799,2021-09-02 19:25:00,SRNE
9.18,9.19,9.18,9.189,12879,2021-09-02 19:26:00,SRNE
9.185,9.19,9.185,9.1899,3550,2021-09-02 19:27:00,SRNE
9.185,9.1882,9.18,9.1818,1809,2021-09-02 19:28:00,SRNE
9.185,9.185,9.18,9.18,1200,2021-09-02 19:29:00,SRNE
9.185,9.1899,9.185,9.185,4100,2021-09-02 19:30:00,SRNE
9.181,9.19,9.181,9.185,4929,2021-09-02 19:31:00,SRNE
9.19,9.19,9.1882,9.1882,600,2021-09-02 19:32:00,SRNE
9.185,9.185,9.1801,9.185,8820,2021-09-02 19:33:00,SRNE
9.19,9.19,9.18,9.1899,10131,2021-09-02 19:34:00,SRNE
9.185,9.19,9.18,9.185,6836,2021-09-02 19:35:00,SRNE
9.185,9.19,9.18,9.185,6700,2021-09-02 19:36:00,SRNE
9.185,9.185,9.18,9.185,2300,2021-09-02 19:37:00,SRNE
9.1801,9.19,9.18,9.19,19031,2021-09-02 19:38:00,SRNE
9.185,9.2,9.185,9.198,5966,2021-09-02 19:39:00,SRNE
9.19,9.195,9.19,9.1901,918,2021-09-02 19:40:00,SRNE
9.2,9.2,9.185,9.19,14383,2021-09-02 19:41:00,SRNE
9.195,9.195,9.19,9.1924,420,2021-09-02 19:42:00,SRNE
9.2,9.2,9.19,9.195,22068,2021-09-02 19:43:00,SRNE
9.19,9.195,9.19,9.195,900,2021-09-02 19:44:00,SRNE
9.19,9.2,9.19,9.195,37204,2021-09-02 19:45:00,SRNE
9.19,9.2,9.19,9.195,1700,2021-09-02 19:46:00,SRNE
9.2,9.2,9.19,9.2,7550,2021-09-02 19:47:00,SRNE
9.2,9.2,9.19,9.195,5164,2021-09-02 19:48:00,SRNE
9.195,9.2,9.1927,9.195,7534,2021-09-02 19:49:00,SRNE
9.2,9.24,9.2,9.24,81676,2021-09-02 19:50:00,SRNE
9.24,9.24,9.23,9.235,9659,2021-09-02 19:51:00,SRNE
9.24,9.24,9.225,9.23,61027,2021-09-02 19:52:00,SRNE
9.23,9.2399,9.21,9.21,52629,2021-09-02 19:53:00,SRNE
9.21,9.215,9.2,9.205,10284,2021-09-02 19:54:00,SRNE
9.2,9.205,9.18,9.2,36289,2021-09-02 19:55:00,SRNE
9.2,9.2,9.19,9.2,8869,2021-09-02 19:56:00,SRNE
9.195,9.2,9.1901,9.2,7671,2021-09-02 19:57:00,SRNE
9.2,9.2,9.18,9.18,63043,2021-09-02 19:58:00,SRNE
9.17,9.18,9.16,9.16,108526,2021-09-02 19:59:00,SRNE
9.17,9.17,9.17,9.17,143658,2021-09-02 20:00:00,SRNE
9.17,9.17,9.17,9.17,3159,2021-09-02 20:01:00,SRNE
9.15,9.15,9.15,9.15,482,2021-09-02 20:42:00,SRNE
9.18,9.18,9.18,9.18,495,2021-09-02 20:54:00,SRNE
9.15,9.15,9.15,9.15,200,2021-09-02 21:00:00,SRNE
9.15,9.15,9.15,9.15,3000,2021-09-02 21:04:00,SRNE
9.19,9.19,9.19,9.19,112,2021-09-02 21:05:00,SRNE
9.15,9.15,9.15,9.15,134,2021-09-02 21:06:00,SRNE
9.1501,9.1501,9.1501,9.1501,400,2021-09-02 21:08:00,SRNE
9.15,9.15,9.15,9.15,115,2021-09-02 21:14:00,SRNE
9.1501,9.1501,9.1501,9.1501,100,2021-09-02 21:26:00,SRNE
9.15,9.15,9.15,9.15,450,2021-09-02 21:29:00,SRNE
9.1501,9.1501,9.1501,9.1501,200,2021-09-02 21:41:00,SRNE
9.15,9.15,9.15,9.15,100,2021-09-02 21:49:00,SRNE
9.15,9.15,9.15,9.15,200,2021-09-02 22:05:00,SRNE
9.19,9.2,9.19,9.2,1996,2021-09-02 22:09:00,SRNE
9.2,9.2,9.2,9.2,100,2021-09-02 22:16:00,SRNE
9.16,9.16,9.16,9.16,500,2021-09-02 22:37:00,SRNE
9.19,9.19,9.19,9.19,300,2021-09-02 22:44:00,SRNE
9.2,9.2,9.2,9.2,1000,2021-09-02 22:50:00,SRNE
9.19,9.19,9.19,9.19,272,2021-09-02 22:52:00,SRNE
9.2,9.2,9.2,9.2,500,2021-09-02 23:01:00,SRNE
9.2,9.2,9.2,9.2,500,2021-09-02 23:02:00,SRNE
9.2,9.2,9.2,9.2,300,2021-09-02 23:05:00,SRNE
9.23,9.23,9.23,9.23,200,2021-09-02 23:14:00,SRNE
9.2,9.2,9.2,9.2,300,2021-09-02 23:32:00,SRNE
9.23,9.23,9.23,9.23,200,2021-09-03 11:00:00,SRNE
9.23,9.23,9.23,9.23,100,2021-09-03 11:15:00,SRNE
9.2,9.2,9.2,9.2,500,2021-09-03 11:17:00,SRNE
9.15,9.15,9.15,9.15,100,2021-09-03 12:07:00,SRNE
9.1501,9.1501,9.1501,9.1501,192,2021-09-03 12:25:00,SRNE
9.16,9.16,9.16,9.16,200,2021-09-03 12:28:00,SRNE
9.15,9.15,9.14,9.14,264,2021-09-03 12:49:00,SRNE
9.13,9.13,9.13,9.13,350,2021-09-03 12:53:00,SRNE
9.15,9.15,9.15,9.15,262,2021-09-03 12:55:00,SRNE
9.1401,9.15,9.1401,9.15,1800,2021-09-03 12:59:00,SRNE
9.1499,9.15,9.1499,9.15,500,2021-09-03 13:00:00,SRNE
9.14,9.14,9.14,9.14,502,2021-09-03 13:05:00,SRNE
9.1401,9.1401,9.1401,9.1401,1000,2021-09-03 13:13:00,SRNE
9.15,9.15,9.15,9.15,200,2021-09-03 13:19:00,SRNE
9.18,9.18,9.13,9.13,46356,2021-09-03 13:30:00,SRNE
9.13,9.13,9.09,9.09,18400,2021-09-03 13:31:00,SRNE
9.08,9.1,9.05,9.09,21270,2021-09-03 13:32:00,SRNE
9.1098,9.1098,9.06,9.0725,37390,2021-09-03 13:33:00,SRNE
9.07,9.07,9.01,9.07,25990,2021-09-03 13:34:00,SRNE
9.06,9.06,9.01,9.0199,40713,2021-09-03 13:35:00,SRNE
9.015,9.03,8.99,9.005,55014,2021-09-03 13:36:00,SRNE
9.005,9.015,8.99,8.9919,25424,2021-09-03 13:37:00,SRNE
8.99,8.9999,8.9722,8.9999,36314,2021-09-03 13:38:00,SRNE
8.9999,9.01,8.96,8.97,56370,2021-09-03 13:39:00,SRNE
8.98,8.9994,8.9742,8.9788,20855,2021-09-03 13:40:00,SRNE
8.975,8.99,8.9306,8.945,73206,2021-09-03 13:41:00,SRNE
8.945,8.99,8.94,8.985,17445,2021-09-03 13:42:00,SRNE
9.0,9.01,8.98,8.9818,13357,2021-09-03 13:43:00,SRNE
8.98,8.98,8.958,8.9688,11563,2021-09-03 13:44:00,SRNE
8.97,8.98,8.955,8.97,14625,2021-09-03 13:45:00,SRNE
8.96,8.9675,8.95,8.96,21666,2021-09-03 13:46:00,SRNE
8.96,8.98,8.96,8.97,20222,2021-09-03 13:47:00,SRNE
8.97,8.975,8.96,8.97,7134,2021-09-03 13:48:00,SRNE
8.97,8.97,8.94,8.95,67004,2021-09-03 13:49:00,SRNE
8.95,8.95,8.91,8.92,33943,2021-09-03 13:50:00,SRNE
8.915,8.9359,8.915,8.915,23988,2021-09-03 13:51:00,SRNE
8.9101,8.94,8.905,8.9099,26385,2021-09-03 13:52:00,SRNE
8.92,8.94,8.9199,8.92,12120,2021-09-03 13:53:00,SRNE
8.925,8.93,8.9,8.9,32016,2021-09-03 13:54:00,SRNE
8.905,8.9099,8.86,8.885,79859,2021-09-03 13:55:00,SRNE
8.89,8.8958,8.865,8.87,18891,2021-09-03 13:56:00,SRNE
8.8701,8.89,8.8699,8.8877,37513,2021-09-03 13:57:00,SRNE
8.8881,8.89,8.86,8.89,37045,2021-09-03 13:58:00,SRNE
8.89,8.91,8.8899,8.89,6892,2021-09-03 13:59:00,SRNE
8.8992,8.9199,8.89,8.91,17448,2021-09-03 14:00:00,SRNE
8.91,8.91,8.895,8.8999,6111,2021-09-03 14:01:00,SRNE
8.89,8.899,8.86,8.89,24988,2021-09-03 14:02:00,SRNE
8.8878,8.95,8.88,8.95,22737,2021-09-03 14:03:00,SRNE
8.94,8.94,8.88,8.9,17446,2021-09-03 14:04:00,SRNE
8.9,8.91,8.88,8.895,34686,2021-09-03 14:05:00,SRNE
8.9,8.9,8.87,8.88,6331,2021-09-03 14:06:00,SRNE
8.875,8.9,8.87,8.9,9495,2021-09-03 14:07:00,SRNE
8.9,8.91,8.8891,8.9,7540,2021-09-03 14:08:00,SRNE
8.91,8.91,8.89,8.89,16198,2021-09-03 14:09:00,SRNE
8.895,8.93,8.895,8.92,8350,2021-09-03 14:10:00,SRNE
8.93,8.94,8.92,8.9388,5800,2021-09-03 14:11:00,SRNE
8.935,8.9377,8.905,8.905,8398,2021-09-03 14:12:00,SRNE
8.9,8.9,8.87,8.8796,23286,2021-09-03 14:13:00,SRNE
8.8755,8.88,8.8518,8.86,29676,2021-09-03 14:14:00,SRNE
8.87,8.9,8.87,8.9,10408,2021-09-03 14:15:00,SRNE
8.895,8.92,8.895,8.92,10755,2021-09-03 14:16:00,SRNE
8.92,8.95,8.9101,8.945,15455,2021-09-03 14:17:00,SRNE
8.945,8.95,8.92,8.93,19884,2021-09-03 14:18:00,SRNE
8.9201,8.935,8.9201,8.935,4961,2021-09-03 14:19:00,SRNE
8.935,8.935,8.9219,8.925,1620,2021-09-03 14:20:00,SRNE
8.925,8.94,8.91,8.91,20131,2021-09-03 14:21:00,SRNE
8.9099,8.915,8.9012,8.915,5297,2021-09-03 14:22:00,SRNE
8.9101,8.9101,8.88,8.8923,9804,2021-09-03 14:23:00,SRNE
8.8984,8.9024,8.89,8.9,5199,2021-09-03 14:24:00,SRNE
8.91,8.91,8.88,8.8842,20946,2021-09-03 14:25:00,SRNE
8.88,8.89,8.88,8.89,10590,2021-09-03 14:26:00,SRNE
8.89,8.9,8.89,8.89,11821,2021-09-03 14:27:00,SRNE
8.8872,8.89,8.885,8.888,4630,2021-09-03 14:28:00,SRNE
8.8899,8.89,8.885,8.8887,2794,2021-09-03 14:29:00,SRNE
8.88,8.89,8.875,8.88,20865,2021-09-03 14:30:00,SRNE
8.88,8.89,8.87,8.89,5746,2021-09-03 14:31:00,SRNE
8.88,8.91,8.88,8.91,5980,2021-09-03 14:32:00,SRNE
8.9099,8.91,8.9,8.905,12360,2021-09-03 14:33:00,SRNE
8.905,8.91,8.89,8.89,19960,2021-09-03 14:34:00,SRNE
8.8999,8.8999,8.88,8.885,2600,2021-09-03 14:35:00,SRNE
8.89,8.89,8.87,8.87,20570,2021-09-03 14:36:00,SRNE
8.875,8.88,8.865,8.865,2160,2021-09-03 14:37:00,SRNE
8.865,8.868,8.8501,8.86,12323,2021-09-03 14:38:00,SRNE
8.855,8.86,8.842,8.85,44635,2021-09-03 14:39:00,SRNE
8.8559,8.87,8.855,8.86,3725,2021-09-03 14:40:00,SRNE
8.86,8.865,8.845,8.85,20745,2021-09-03 14:41:00,SRNE
8.8521,8.86,8.85,8.855,15635,2021-09-03 14:42:00,SRNE
8.86,8.86,8.8409,8.8409,21399,2021-09-03 14:43:00,SRNE
8.85,8.86,8.8449,8.86,8641,2021-09-03 14:44:00,SRNE
8.855,8.87,8.855,8.865,7600,2021-09-03 14:45:00,SRNE
8.865,8.873,8.865,8.87,2674,2021-09-03 14:46:00,SRNE
8.865,8.8688,8.855,8.855,6296,2021-09-03 14:47:00,SRNE
8.855,8.855,8.84,8.85,29312,2021-09-03 14:48:00,SRNE
8.845,8.847,8.84,8.84,2064,2021-09-03 14:49:00,SRNE
8.85,8.87,8.845,8.87,16709,2021-09-03 14:50:00,SRNE
8.87,8.87,8.8665,8.8665,1638,2021-09-03 14:51:00,SRNE
8.86,8.86,8.845,8.845,15918,2021-09-03 14:52:00,SRNE
8.845,8.85,8.84,8.845,2950,2021-09-03 14:53:00,SRNE
8.85,8.85,8.84,8.8426,3827,2021-09-03 14:54:00,SRNE
8.845,8.8582,8.84,8.8499,7900,2021-09-03 14:55:00,SRNE
8.845,8.85,8.83,8.835,9803,2021-09-03 14:56:00,SRNE
8.83,8.845,8.83,8.83,9932,2021-09-03 14:57:00,SRNE
8.835,8.845,8.835,8.845,4753,2021-09-03 14:58:00,SRNE
8.84,8.85,8.84,8.85,8710,2021-09-03 14:59:00,SRNE
8.845,8.86,8.84,8.845,18885,2021-09-03 15:00:00,SRNE
8.845,8.855,8.83,8.84,24247,2021-09-03 15:01:00,SRNE
8.85,8.85,8.83,8.83,3899,2021-09-03 15:02:00,SRNE
8.8399,8.84,8.83,8.83,5373,2021-09-03 15:03:00,SRNE
8.83,8.835,8.82,8.8219,14760,2021-09-03 15:04:00,SRNE
8.83,8.83,8.815,8.815,11374,2021-09-03 15:05:00,SRNE
8.8126,8.82,8.81,8.8101,3656,2021-09-03 15:06:00,SRNE
8.815,8.82,8.7833,8.795,109815,2021-09-03 15:07:00,SRNE
8.795,8.81,8.79,8.81,12312,2021-09-03 15:08:00,SRNE
8.81,8.81,8.795,8.8,25169,2021-09-03 15:09:00,SRNE
8.7999,8.8,8.79,8.7984,7452,2021-09-03 15:10:00,SRNE
8.8,8.8,8.78,8.79,18120,2021-09-03 15:11:00,SRNE
8.785,8.79,8.78,8.785,25000,2021-09-03 15:12:00,SRNE
8.7899,8.7999,8.785,8.785,20797,2021-09-03 15:13:00,SRNE
8.785,8.785,8.77,8.7752,11292,2021-09-03 15:14:00,SRNE
8.78,8.7854,8.77,8.775,14286,2021-09-03 15:15:00,SRNE
8.7799,8.7799,8.77,8.775,12871,2021-09-03 15:16:00,SRNE
8.77,8.79,8.76,8.78,24251,2021-09-03 15:17:00,SRNE
8.78,8.79,8.77,8.77,10731,2021-09-03 15:18:00,SRNE
8.775,8.78,8.77,8.7709,18952,2021-09-03 15:19:00,SRNE
8.77,8.775,8.7622,8.765,3153,2021-09-03 15:20:00,SRNE
8.77,8.7792,8.76,8.7692,17236,2021-09-03 15:21:00,SRNE
8.77,8.77,8.75,8.7501,8586,2021-09-03 15:22:00,SRNE
8.7599,8.76,8.75,8.7571,7552,2021-09-03 15:23:00,SRNE
8.76,8.76,8.731,8.749,45055,2021-09-03 15:24:00,SRNE
8.745,8.76,8.71,8.755,58351,2021-09-03 15:25:00,SRNE
8.755,8.77,8.75,8.761,6076,2021-09-03 15:26:00,SRNE
8.76,8.76,8.75,8.7584,13162,2021-09-03 15:27:00,SRNE
8.76,8.76,8.75,8.75,4100,2021-09-03 15:28:00,SRNE
8.7561,8.76,8.75,8.7589,6325,2021-09-03 15:29:00,SRNE
8.75,8.76,8.75,8.75,14824,2021-09-03 15:30:00,SRNE
8.75,8.76,8.75,8.7571,4341,2021-09-03 15:31:00,SRNE
8.75,8.76,8.745,8.75,21653,2021-09-03 15:32:00,SRNE
8.76,8.76,8.75,8.7568,11919,2021-09-03 15:33:00,SRNE
8.75,8.775,8.75,8.76,37043,2021-09-03 15:34:00,SRNE
8.76,8.76,8.7575,8.76,1000,2021-09-03 15:35:00,SRNE
8.7599,8.7599,8.7501,8.755,500,2021-09-03 15:36:00,SRNE
8.755,8.7697,8.755,8.7599,7220,2021-09-03 15:37:00,SRNE
8.7588,8.77,8.7501,8.77,8090,2021-09-03 15:38:00,SRNE
8.7774,8.78,8.76,8.777,13165,2021-09-03 15:39:00,SRNE
8.77,8.7899,8.7632,8.77,13289,2021-09-03 15:40:00,SRNE
8.7685,8.775,8.76,8.765,21853,2021-09-03 15:41:00,SRNE
8.76,8.77,8.76,8.77,4634,2021-09-03 15:42:00,SRNE
8.769,8.77,8.76,8.77,3276,2021-09-03 15:43:00,SRNE
8.779,8.79,8.775,8.785,4327,2021-09-03 15:44:00,SRNE
8.7856,8.79,8.785,8.785,1035,2021-09-03 15:45:00,SRNE
8.7868,8.81,8.785,8.81,9713,2021-09-03 15:46:00,SRNE
8.81,8.81,8.8001,8.81,1800,2021-09-03 15:47:00,SRNE
8.805,8.81,8.8,8.8,5563,2021-09-03 15:48:00,SRNE
8.795,8.8,8.79,8.795,2608,2021-09-03 15:49:00,SRNE
8.79,8.795,8.79,8.795,1200,2021-09-03 15:50:00,SRNE
8.79,8.8,8.79,8.795,5100,2021-09-03 15:51:00,SRNE
8.795,8.8,8.79,8.8,5700,2021-09-03 15:52:00,SRNE
8.795,8.82,8.795,8.82,9600,2021-09-03 15:53:00,SRNE
8.815,8.822,8.815,8.822,6708,2021-09-03 15:54:00,SRNE
8.8219,8.825,8.82,8.82,4900,2021-09-03 15:55:00,SRNE
8.825,8.83,8.81,8.81,30785,2021-09-03 15:56:00,SRNE
8.8108,8.815,8.7901,8.7901,11038,2021-09-03 15:57:00,SRNE
8.795,8.795,8.78,8.78,1600,2021-09-03 15:58:00,SRNE
8.78,8.79,8.78,8.78,3900,2021-09-03 15:59:00,SRNE
8.79,8.79,8.78,8.785,2375,2021-09-03 16:00:00,SRNE
8.78,8.785,8.78,8.785,703,2021-09-03 16:01:00,SRNE
8.785,8.79,8.773,8.779,5622,2021-09-03 16:02:00,SRNE
8.775,8.78,8.765,8.765,7953,2021-09-03 16:03:00,SRNE
8.765,8.77,8.76,8.77,700,2021-09-03 16:04:00,SRNE
8.76,8.77,8.76,8.7607,3500,2021-09-03 16:05:00,SRNE
8.7674,8.7674,8.76,8.765,400,2021-09-03 16:06:00,SRNE
8.77,8.77,8.76,8.76,1839,2021-09-03 16:07:00,SRNE
8.76,8.78,8.76,8.78,21687,2021-09-03 16:08:00,SRNE
8.77,8.78,8.77,8.7799,3364,2021-09-03 16:09:00,SRNE
8.77,8.78,8.76,8.765,6022,2021-09-03 16:10:00,SRNE
8.765,8.7699,8.75,8.75,4131,2021-09-03 16:11:00,SRNE
8.755,8.76,8.75,8.755,3386,2021-09-03 16:12:00,SRNE
8.7582,8.7582,8.75,8.7568,1250,2021-09-03 16:13:00,SRNE
8.755,8.76,8.75,8.76,1048,2021-09-03 16:14:00,SRNE
8.755,8.7599,8.75,8.755,1757,2021-09-03 16:15:00,SRNE
8.75,8.78,8.75,8.765,12543,2021-09-03 16:16:00,SRNE
8.76,8.76,8.755,8.755,1210,2021-09-03 16:17:00,SRNE
8.75,8.76,8.75,8.75,3609,2021-09-03 16:18:00,SRNE
8.75,8.77,8.75,8.7658,9904,2021-09-03 16:19:00,SRNE
8.77,8.77,8.76,8.7665,4600,2021-09-03 16:20:00,SRNE
8.765,8.77,8.7592,8.7592,17527,2021-09-03 16:21:00,SRNE
8.75,8.76,8.75,8.76,5380,2021-09-03 16:22:00,SRNE
8.75,8.76,8.75,8.755,1923,2021-09-03 16:23:00,SRNE
8.76,8.76,8.75,8.7586,1064,2021-09-03 16:24:00,SRNE
8.7527,8.76,8.75,8.7581,8307,2021-09-03 16:25:00,SRNE
8.75,8.76,8.75,8.76,950,2021-09-03 16:26:00,SRNE
8.75,8.77,8.75,8.7548,23178,2021-09-03 16:27:00,SRNE
8.76,8.76,8.74,8.753,56215,2021-09-03 16:28:00,SRNE
8.76,8.76,8.7521,8.76,900,2021-09-03 16:29:00,SRNE
8.7598,8.77,8.7598,8.765,8190,2021-09-03 16:30:00,SRNE
8.76,8.76,8.745,8.745,7054,2021-09-03 16:31:00,SRNE
8.745,8.75,8.745,8.75,2700,2021-09-03 16:32:00,SRNE
8.745,8.77,8.745,8.76,13261,2021-09-03 16:33:00,SRNE
8.77,8.78,8.76,8.77,2760,2021-09-03 16:34:00,SRNE
8.775,8.7899,8.775,8.78,3895,2021-09-03 16:35:00,SRNE
8.7814,8.79,8.775,8.78,10162,2021-09-03 16:36:00,SRNE
8.79,8.79,8.7882,8.7882,500,2021-09-03 16:37:00,SRNE
8.79,8.79,8.775,8.775,3600,2021-09-03 16:38:00,SRNE
8.7721,8.79,8.77,8.79,15479,2021-09-03 16:39:00,SRNE
8.78,8.78,8.775,8.78,5700,2021-09-03 16:40:00,SRNE
8.78,8.79,8.78,8.785,10400,2021-09-03 16:41:00,SRNE
8.79,8.79,8.78,8.78,2300,2021-09-03 16:42:00,SRNE
8.785,8.7878,8.78,8.785,514,2021-09-03 16:43:00,SRNE
8.785,8.79,8.781,8.79,1697,2021-09-03 16:44:00,SRNE
8.78,8.7889,8.77,8.775,5602,2021-09-03 16:45:00,SRNE
8.77,8.78,8.77,8.77,700,2021-09-03 16:46:00,SRNE
8.775,8.78,8.7716,8.775,2279,2021-09-03 16:47:00,SRNE
8.77,8.7788,8.77,8.77,1100,2021-09-03 16:48:00,SRNE
8.775,8.78,8.77,8.78,1900,2021-09-03 16:49:00,SRNE
8.775,8.775,8.775,8.775,300,2021-09-03 16:50:00,SRNE
8.77,8.77,8.7524,8.7577,25535,2021-09-03 16:51:00,SRNE
8.75,8.76,8.75,8.7576,3670,2021-09-03 16:52:00,SRNE
8.75,8.755,8.75,8.755,400,2021-09-03 16:53:00,SRNE
8.75,8.76,8.75,8.75,1500,2021-09-03 16:54:00,SRNE
8.76,8.76,8.75,8.76,20282,2021-09-03 16:55:00,SRNE
8.75,8.76,8.75,8.76,4316,2021-09-03 16:56:00,SRNE
8.75,8.76,8.75,8.755,2525,2021-09-03 16:57:00,SRNE
8.75,8.76,8.75,8.75,1550,2021-09-03 16:58:00,SRNE
8.755,8.7569,8.75,8.7569,5022,2021-09-03 16:59:00,SRNE
8.75,8.76,8.75,8.755,16866,2021-09-03 17:00:00,SRNE
8.75,8.76,8.75,8.76,1900,2021-09-03 17:01:00,SRNE
8.75,8.76,8.75,8.755,3000,2021-09-03 17:02:00,SRNE
8.75,8.76,8.75,8.755,1271,2021-09-03 17:03:00,SRNE
8.75,8.775,8.75,8.77,21268,2021-09-03 17:04:00,SRNE
8.7727,8.78,8.77,8.7778,2344,2021-09-03 17:05:00,SRNE
8.78,8.78,8.77,8.78,2615,2021-09-03 17:06:00,SRNE
8.77,8.775,8.76,8.76,4681,2021-09-03 17:07:00,SRNE
8.76,8.765,8.7514,8.755,7616,2021-09-03 17:08:00,SRNE
8.7579,8.76,8.755,8.76,4040,2021-09-03 17:09:00,SRNE
8.755,8.755,8.75,8.75,620,2021-09-03 17:10:00,SRNE
8.755,8.7599,8.75,8.7599,1900,2021-09-03 17:11:00,SRNE
8.7519,8.7584,8.74,8.74,16739,2021-09-03 17:12:00,SRNE
8.74,8.75,8.74,8.745,2350,2021-09-03 17:13:00,SRNE
8.745,8.77,8.745,8.77,9293,2021-09-03 17:14:00,SRNE
8.77,8.77,8.74,8.745,16438,2021-09-03 17:15:00,SRNE
8.745,8.745,8.71,8.72,50055,2021-09-03 17:16:00,SRNE
8.715,8.72,8.7,8.71,30420,2021-09-03 17:17:00,SRNE
8.705,8.71,8.7,8.7092,27757,2021-09-03 17:18:00,SRNE
8.71,8.72,8.705,8.71,5355,2021-09-03 17:19:00,SRNE
8.715,8.72,8.715,8.72,16774,2021-09-03 17:20:00,SRNE
8.73,8.73,8.72,8.725,4527,2021-09-03 17:21:00,SRNE
8.7268,8.7287,8.7128,8.718,6262,2021-09-03 17:22:00,SRNE
8.7118,8.73,8.71,8.7283,8372,2021-09-03 17:23:00,SRNE
8.72,8.725,8.715,8.7199,2794,2021-09-03 17:24:00,SRNE
8.7199,8.72,8.71,8.71,3725,2021-09-03 17:25:00,SRNE
8.715,8.7182,8.71,8.715,5225,2021-09-03 17:26:00,SRNE
8.71,8.719,8.7,8.715,12901,2021-09-03 17:27:00,SRNE
8.7175,8.72,8.71,8.72,5096,2021-09-03 17:28:00,SRNE
8.71,8.715,8.705,8.708,8554,2021-09-03 17:29:00,SRNE
8.7076,8.71,8.7,8.7036,5030,2021-09-03 17:30:00,SRNE
8.7,8.7099,8.7,8.7099,12100,2021-09-03 17:31:00,SRNE
8.705,8.71,8.7,8.705,4041,2021-09-03 17:32:00,SRNE
8.705,8.7082,8.7,8.7,2100,2021-09-03 17:33:00,SRNE
8.7,8.72,8.7,8.715,6170,2021-09-03 17:34:00,SRNE
8.715,8.715,8.7,8.7,1874,2021-09-03 17:35:00,SRNE
8.7,8.71,8.7,8.7085,8090,2021-09-03 17:36:00,SRNE
8.71,8.7173,8.7081,8.71,20417,2021-09-03 17:37:00,SRNE
8.705,8.715,8.7001,8.715,15546,2021-09-03 17:38:00,SRNE
8.71,8.71,8.7,8.7,1071,2021-09-03 17:39:00,SRNE
8.709,8.709,8.7,8.7,2753,2021-09-03 17:40:00,SRNE
8.705,8.71,8.7,8.71,3055,2021-09-03 17:41:00,SRNE
8.707,8.7075,8.69,8.69,53224,2021-09-03 17:42:00,SRNE
8.695,8.6999,8.68,8.6895,13211,2021-09-03 17:43:00,SRNE
8.685,8.687,8.68,8.685,3948,2021-09-03 17:44:00,SRNE
8.685,8.69,8.68,8.69,3982,2021-09-03 17:45:00,SRNE
8.685,8.7,8.68,8.695,12547,2021-09-03 17:46:00,SRNE
8.69,8.7,8.69,8.69,10441,2021-09-03 17:47:00,SRNE
8.6999,8.7,8.69,8.695,2034,2021-09-03 17:48:00,SRNE
8.69,8.7,8.69,8.7,2954,2021-09-03 17:49:00,SRNE
8.6971,8.7,8.695,8.6982,6700,2021-09-03 17:50:00,SRNE
8.7,8.71,8.7,8.7078,4516,2021-09-03 17:51:00,SRNE
8.705,8.71,8.7,8.71,4889,2021-09-03 17:52:00,SRNE
8.7,8.705,8.69,8.69,8148,2021-09-03 17:53:00,SRNE
8.7,8.705,8.69,8.69,13256,2021-09-03 17:54:00,SRNE
8.695,8.71,8.693,8.6998,13283,2021-09-03 17:55:00,SRNE
8.7,8.71,8.7,8.71,4201,2021-09-03 17:56:00,SRNE
8.705,8.71,8.69,8.69,5250,2021-09-03 17:57:00,SRNE
8.699,8.699,8.6927,8.6927,674,2021-09-03 17:58:00,SRNE
8.69,8.69,8.685,8.687,9314,2021-09-03 17:59:00,SRNE
8.685,8.69,8.685,8.685,400,2021-09-03 18:00:00,SRNE
8.68,8.68,8.655,8.66,42597,2021-09-03 18:01:00,SRNE
8.66,8.66,8.655,8.655,7715,2021-09-03 18:02:00,SRNE
8.655,8.655,8.64,8.645,42156,2021-09-03 18:03:00,SRNE
8.64,8.655,8.64,8.65,16876,2021-09-03 18:04:00,SRNE
8.64,8.66,8.64,8.66,8082,2021-09-03 18:05:00,SRNE
8.65,8.67,8.65,8.67,9062,2021-09-03 18:06:00,SRNE
8.6678,8.67,8.66,8.6698,5240,2021-09-03 18:07:00,SRNE
8.6609,8.67,8.66,8.6679,9600,2021-09-03 18:08:00,SRNE
8.6684,8.67,8.66,8.665,1600,2021-09-03 18:09:00,SRNE
8.67,8.675,8.665,8.6689,19945,2021-09-03 18:10:00,SRNE
8.67,8.68,8.67,8.6799,18228,2021-09-03 18:11:00,SRNE
8.6801,8.7,8.6801,8.7,9326,2021-09-03 18:12:00,SRNE
8.69,8.695,8.68,8.685,8758,2021-09-03 18:13:00,SRNE
8.69,8.69,8.683,8.69,3500,2021-09-03 18:14:00,SRNE
8.6897,8.7,8.68,8.7,4636,2021-09-03 18:15:00,SRNE
8.7,8.7,8.695,8.6998,1032,2021-09-03 18:16:00,SRNE
8.695,8.7,8.69,8.69,2550,2021-09-03 18:17:00,SRNE
8.69,8.7,8.69,8.695,3570,2021-09-03 18:18:00,SRNE
8.69,8.695,8.69,8.695,1214,2021-09-03 18:19:00,SRNE
8.695,8.7,8.69,8.695,1600,2021-09-03 18:20:00,SRNE
8.69,8.71,8.69,8.7,15992,2021-09-03 18:21:00,SRNE
8.71,8.71,8.7001,8.705,1800,2021-09-03 18:22:00,SRNE
8.705,8.715,8.695,8.7,31355,2021-09-03 18:23:00,SRNE
8.7,8.7,8.685,8.69,4668,2021-09-03 18:24:00,SRNE
8.68,8.685,8.67,8.68,7850,2021-09-03 18:25:00,SRNE
8.675,8.68,8.67,8.68,3954,2021-09-03 18:26:00,SRNE
8.675,8.69,8.67,8.68,15665,2021-09-03 18:27:00,SRNE
8.68,8.685,8.67,8.67,13456,2021-09-03 18:28:00,SRNE
8.66,8.6676,8.66,8.66,4565,2021-09-03 18:29:00,SRNE
8.6554,8.66,8.65,8.66,7963,2021-09-03 18:30:00,SRNE
8.665,8.665,8.665,8.665,918,2021-09-03 18:31:00,SRNE
8.665,8.67,8.65,8.655,6822,2021-09-03 18:32:00,SRNE
8.655,8.655,8.63,8.63,48922,2021-09-03 18:33:00,SRNE
8.6399,8.6474,8.635,8.645,10980,2021-09-03 18:34:00,SRNE
8.64,8.6599,8.64,8.655,18068,2021-09-03 18:35:00,SRNE
8.655,8.6571,8.65,8.6571,2921,2021-09-03 18:36:00,SRNE
8.6573,8.67,8.655,8.665,11262,2021-09-03 18:37:00,SRNE
8.665,8.6678,8.655,8.655,7907,2021-09-03 18:38:00,SRNE
8.655,8.6691,8.655,8.6691,5288,2021-09-03 18:39:00,SRNE
8.665,8.665,8.6501,8.655,2531,2021-09-03 18:40:00,SRNE
8.655,8.66,8.65,8.66,2415,2021-09-03 18:41:00,SRNE
8.66,8.67,8.655,8.655,6741,2021-09-03 18:42:00,SRNE
8.655,8.66,8.6498,8.6498,5575,2021-09-03 18:43:00,SRNE
8.65,8.66,8.64,8.66,11867,2021-09-03 18:44:00,SRNE
8.655,8.66,8.65,8.65,1906,2021-09-03 18:45:00,SRNE
8.655,8.66,8.655,8.655,2276,2021-09-03 18:46:00,SRNE
8.66,8.67,8.66,8.66,5389,2021-09-03 18:47:00,SRNE
8.6699,8.67,8.66,8.665,8037,2021-09-03 18:48:00,SRNE
8.665,8.67,8.6616,8.665,2700,2021-09-03 18:49:00,SRNE
8.665,8.67,8.66,8.67,9989,2021-09-03 18:50:00,SRNE
8.66,8.67,8.66,8.665,5700,2021-09-03 18:51:00,SRNE
8.67,8.67,8.66,8.6678,6500,2021-09-03 18:52:00,SRNE
8.66,8.67,8.66,8.66,9950,2021-09-03 18:53:00,SRNE
8.6686,8.67,8.6615,8.665,5300,2021-09-03 18:54:00,SRNE
8.669,8.68,8.665,8.67,29487,2021-09-03 18:55:00,SRNE
8.665,8.68,8.665,8.67,6791,2021-09-03 18:56:00,SRNE
8.675,8.675,8.66,8.665,4515,2021-09-03 18:57:00,SRNE
8.67,8.67,8.67,8.67,200,2021-09-03 18:58:00,SRNE
8.66,8.69,8.66,8.68,22957,2021-09-03 18:59:00,SRNE
8.685,8.69,8.675,8.675,16213,2021-09-03 19:00:00,SRNE
8.6725,8.68,8.67,8.675,2525,2021-09-03 19:01:00,SRNE
8.675,8.6776,8.66,8.665,10338,2021-09-03 19:02:00,SRNE
8.665,8.67,8.66,8.665,3206,2021-09-03 19:03:00,SRNE
8.665,8.67,8.66,8.67,3750,2021-09-03 19:04:00,SRNE
8.67,8.68,8.665,8.665,14745,2021-09-03 19:05:00,SRNE
8.67,8.69,8.6683,8.69,8085,2021-09-03 19:06:00,SRNE
8.68,8.7,8.68,8.695,6811,2021-09-03 19:07:00,SRNE
8.695,8.695,8.68,8.69,8826,2021-09-03 19:08:00,SRNE
8.69,8.7,8.69,8.695,3606,2021-09-03 19:09:00,SRNE
8.695,8.705,8.69,8.695,8737,2021-09-03 19:10:00,SRNE
8.7,8.7,8.69,8.69,711,2021-09-03 19:11:00,SRNE
8.7,8.7,8.695,8.695,2346,2021-09-03 19:12:00,SRNE
8.695,8.695,8.69,8.695,1900,2021-09-03 19:13:00,SRNE
8.695,8.695,8.69,8.695,1100,2021-09-03 19:14:00,SRNE
8.69,8.695,8.68,8.685,8083,2021-09-03 19:15:00,SRNE
8.68,8.7,8.68,8.699,12219,2021-09-03 19:16:00,SRNE
8.695,8.7,8.69,8.695,1815,2021-09-03 19:17:00,SRNE
8.693,8.695,8.69,8.695,3900,2021-09-03 19:18:00,SRNE
8.695,8.7,8.695,8.695,4582,2021-09-03 19:19:00,SRNE
8.7,8.7,8.69,8.695,1850,2021-09-03 19:20:00,SRNE
8.69,8.71,8.69,8.71,8641,2021-09-03 19:21:00,SRNE
8.71,8.72,8.7,8.72,6685,2021-09-03 19:22:00,SRNE
8.7185,8.72,8.715,8.72,2570,2021-09-03 19:23:00,SRNE
8.72,8.73,8.72,8.7215,5759,2021-09-03 19:24:00,SRNE
8.73,8.74,8.719,8.72,28025,2021-09-03 19:25:00,SRNE
8.72,8.73,8.71,8.7255,13540,2021-09-03 19:26:00,SRNE
8.725,8.74,8.72,8.7319,12302,2021-09-03 19:27:00,SRNE
8.74,8.74,8.73,8.74,5735,2021-09-03 19:28:00,SRNE
8.74,8.74,8.73,8.74,7441,2021-09-03 19:29:00,SRNE
8.745,8.75,8.74,8.75,8484,2021-09-03 19:30:00,SRNE
8.75,8.76,8.7401,8.7401,42947,2021-09-03 19:31:00,SRNE
8.745,8.75,8.745,8.745,3000,2021-09-03 19:32:00,SRNE
8.7452,8.76,8.74,8.76,31715,2021-09-03 19:33:00,SRNE
8.755,8.77,8.755,8.7699,12288,2021-09-03 19:34:00,SRNE
8.7627,8.77,8.75,8.755,41252,2021-09-03 19:35:00,SRNE
8.755,8.76,8.75,8.75,4856,2021-09-03 19:36:00,SRNE
8.755,8.76,8.755,8.755,700,2021-09-03 19:37:00,SRNE
8.7599,8.76,8.7521,8.755,5105,2021-09-03 19:38:00,SRNE
8.755,8.76,8.7416,8.75,15051,2021-09-03 19:39:00,SRNE
8.7468,8.75,8.74,8.745,12733,2021-09-03 19:40:00,SRNE
8.745,8.75,8.74,8.74,6676,2021-09-03 19:41:00,SRNE
8.745,8.76,8.74,8.76,11390,2021-09-03 19:42:00,SRNE
8.755,8.76,8.75,8.755,3254,2021-09-03 19:43:00,SRNE
8.76,8.76,8.75,8.7524,9376,2021-09-03 19:44:00,SRNE
8.755,8.76,8.75,8.755,1900,2021-09-03 19:45:00,SRNE
8.755,8.7565,8.75,8.755,5087,2021-09-03 19:46:00,SRNE
8.75,8.7599,8.75,8.75,12834,2021-09-03 19:47:00,SRNE
8.745,8.75,8.74,8.745,8700,2021-09-03 19:48:00,SRNE
8.745,8.75,8.74,8.75,17738,2021-09-03 19:49:00,SRNE
8.75,8.76,8.745,8.7501,12599,2021-09-03 19:50:00,SRNE
8.755,8.7599,8.75,8.755,25564,2021-09-03 19:51:00,SRNE
8.755,8.76,8.75,8.75,4293,2021-09-03 19:52:00,SRNE
8.755,8.775,8.755,8.77,39983,2021-09-03 19:53:00,SRNE
8.775,8.78,8.75,8.755,37471,2021-09-03 19:54:00,SRNE
8.755,8.76,8.75,8.7501,14370,2021-09-03 19:55:00,SRNE
8.755,8.76,8.75,8.755,18969,2021-09-03 19:56:00,SRNE
8.75,8.76,8.75,8.755,21723,2021-09-03 19:57:00,SRNE
8.75,8.76,8.75,8.75,17277,2021-09-03 19:58:00,SRNE
8.75,8.7596,8.75,8.75,33661,2021-09-03 19:59:00,SRNE
8.76,8.76,8.76,8.76,255754,2021-09-03 20:00:00,SRNE
8.76,8.76,8.76,8.76,76081,2021-09-03 20:01:00,SRNE
8.74,8.74,8.74,8.74,1000,2021-09-03 20:07:00,SRNE
8.76,8.76,8.76,8.76,100,2021-09-03 20:11:00,SRNE
8.76,8.76,8.76,8.76,1000,2021-09-03 20:12:00,SRNE
8.71,8.71,8.71,8.71,1215,2021-09-03 20:18:00,SRNE
8.7554,8.76,8.7554,8.76,300,2021-09-03 20:27:00,SRNE
8.76,8.76,8.76,8.76,150,2021-09-03 20:32:00,SRNE
8.8,8.8,8.8,8.8,100,2021-09-03 20:34:00,SRNE
8.72,8.72,8.72,8.72,100,2021-09-03 20:44:00,SRNE
8.77,8.77,8.77,8.77,125,2021-09-03 20:52:00,SRNE
8.77,8.77,8.77,8.77,459,2021-09-03 20:53:00,SRNE
8.77,8.77,8.77,8.77,100,2021-09-03 21:31:00,SRNE
8.76,8.76,8.76,8.76,500,2021-09-03 21:33:00,SRNE
8.78,8.78,8.78,8.78,100,2021-09-03 21:37:00,SRNE
8.75,8.75,8.74,8.74,224,2021-09-03 21:46:00,SRNE
8.79,8.79,8.79,8.79,130,2021-09-03 22:02:00,SRNE
8.76,8.76,8.76,8.76,100,2021-09-03 22:15:00,SRNE
8.78,8.78,8.78,8.78,300,2021-09-03 22:24:00,SRNE
8.78,8.78,8.78,8.78,2195,2021-09-03 22:33:00,SRNE
8.79,8.79,8.79,8.79,130,2021-09-03 22:34:00,SRNE
8.8,8.8,8.8,8.8,150,2021-09-03 22:43:00,SRNE
8.7901,8.7901,8.7901,8.7901,181,2021-09-03 22:47:00,SRNE
8.8,8.8,8.8,8.8,280,2021-09-03 22:49:00,SRNE
8.79,8.79,8.79,8.79,280,2021-09-03 22:54:00,SRNE
8.78,8.78,8.78,8.78,350,2021-09-03 22:58:00,SRNE
8.7999,8.7999,8.7999,8.7999,100,2021-09-03 23:10:00,SRNE
8.7999,8.7999,8.7999,8.7999,300,2021-09-03 23:12:00,SRNE
8.8,8.8,8.8,8.8,1131,2021-09-03 23:18:00,SRNE
8.79,8.79,8.79,8.79,5000,2021-09-03 23:22:00,SRNE
8.82,8.82,8.82,8.82,1000,2021-09-03 23:24:00,SRNE
8.79,8.79,8.79,8.79,471,2021-09-03 23:37:00,SRNE
8.82,8.85,8.82,8.85,2329,2021-09-03 23:39:00,SRNE
8.86,8.86,8.86,8.86,3567,2021-09-03 23:40:00,SRNE
8.85,8.85,8.85,8.85,100,2021-09-03 23:41:00,SRNE
8.78,8.78,8.78,8.78,456,2021-09-03 23:48:00,SRNE
8.85,8.85,8.85,8.85,1000,2021-09-03 23:53:00,SRNE
8.81,8.81,8.81,8.81,100,2021-09-07 11:00:00,SRNE
8.76,8.76,8.76,8.76,100,2021-09-07 11:18:00,SRNE
8.77,8.77,8.77,8.77,500,2021-09-07 11:43:00,SRNE
8.7801,8.7801,8.78,8.78,300,2021-09-07 12:02:00,SRNE
8.8,8.8,8.8,8.8,4000,2021-09-07 12:04:00,SRNE
8.7801,8.7801,8.7801,8.7801,100,2021-09-07 12:09:00,SRNE
8.78,8.78,8.78,8.78,200,2021-09-07 12:17:00,SRNE
8.77,8.77,8.77,8.77,159,2021-09-07 12:22:00,SRNE
8.7701,8.7701,8.7701,8.7701,245,2021-09-07 12:30:00,SRNE
8.75,8.7501,8.75,8.75,2067,2021-09-07 12:36:00,SRNE
8.75,8.75,8.75,8.75,100,2021-09-07 12:37:00,SRNE
8.7501,8.7501,8.7501,8.7501,1350,2021-09-07 12:43:00,SRNE
8.75,8.75,8.75,8.75,500,2021-09-07 12:45:00,SRNE
8.75,8.75,8.75,8.75,1200,2021-09-07 12:51:00,SRNE
8.75,8.75,8.75,8.75,100,2021-09-07 12:55:00,SRNE
8.78,8.78,8.78,8.78,282,2021-09-07 12:58:00,SRNE
8.76,8.76,8.76,8.76,227,2021-09-07 13:00:00,SRNE
8.7501,8.7501,8.7501,8.7501,1500,2021-09-07 13:01:00,SRNE
8.75,8.75,8.75,8.75,650,2021-09-07 13:07:00,SRNE
8.75,8.75,8.75,8.75,2000,2021-09-07 13:08:00,SRNE
8.75,8.75,8.75,8.75,100,2021-09-07 13:11:00,SRNE
8.75,8.75,8.75,8.75,100,2021-09-07 13:13:00,SRNE
8.76,8.76,8.76,8.76,1200,2021-09-07 13:14:00,SRNE
8.78,8.78,8.78,8.78,200,2021-09-07 13:19:00,SRNE
8.76,8.77,8.76,8.76,1100,2021-09-07 13:23:00,SRNE
8.7799,8.7799,8.7799,8.7799,250,2021-09-07 13:24:00,SRNE
8.8,8.8,8.77,8.77,498,2021-09-07 13:25:00,SRNE
8.77,8.79,8.73,8.743,44886,2021-09-07 13:30:00,SRNE
8.75,8.772,8.71,8.772,13323,2021-09-07 13:31:00,SRNE
8.78,8.79,8.75,8.79,9013,2021-09-07 13:32:00,SRNE
8.78,8.78,8.74,8.74,9266,2021-09-07 13:33:00,SRNE
8.72,8.72,8.68,8.68,19635,2021-09-07 13:34:00,SRNE
8.67,8.68,8.65,8.68,29612,2021-09-07 13:35:00,SRNE
8.69,8.72,8.68,8.71,88338,2021-09-07 13:36:00,SRNE
8.71,8.76,8.695,8.76,43973,2021-09-07 13:37:00,SRNE
8.76,8.795,8.76,8.795,26673,2021-09-07 13:38:00,SRNE
8.795,8.8,8.77,8.7801,22604,2021-09-07 13:39:00,SRNE
8.789,8.79,8.76,8.7716,14173,2021-09-07 13:40:00,SRNE
8.78,8.83,8.78,8.8017,34703,2021-09-07 13:41:00,SRNE
8.8067,8.82,8.8,8.815,8060,2021-09-07 13:42:00,SRNE
8.82,8.85,8.81,8.85,20291,2021-09-07 13:43:00,SRNE
8.86,8.8677,8.825,8.835,25159,2021-09-07 13:44:00,SRNE
8.835,8.84,8.82,8.837,12531,2021-09-07 13:45:00,SRNE
8.83,8.835,8.815,8.835,18232,2021-09-07 13:46:00,SRNE
8.835,8.85,8.835,8.85,5602,2021-09-07 13:47:00,SRNE
8.85,8.86,8.845,8.85,16813,2021-09-07 13:48:00,SRNE
8.845,8.85,8.82,8.835,23827,2021-09-07 13:49:00,SRNE
8.835,8.865,8.835,8.865,24186,2021-09-07 13:50:00,SRNE
8.865,8.88,8.8614,8.875,13479,2021-09-07 13:51:00,SRNE
8.87,8.875,8.85,8.85,16494,2021-09-07 13:52:00,SRNE
8.85,8.855,8.82,8.82,8756,2021-09-07 13:53:00,SRNE
8.82,8.825,8.78,8.79,32465,2021-09-07 13:54:00,SRNE
8.7913,8.7981,8.77,8.795,23487,2021-09-07 13:55:00,SRNE
8.795,8.795,8.75,8.75,14829,2021-09-07 13:56:00,SRNE
8.74,8.76,8.721,8.721,14652,2021-09-07 13:57:00,SRNE
8.73,8.73,8.715,8.715,15703,2021-09-07 13:58:00,SRNE
8.719,8.72,8.7,8.7,8788,2021-09-07 13:59:00,SRNE
8.71,8.76,8.71,8.755,29950,2021-09-07 14:00:00,SRNE
8.75,8.76,8.74,8.7501,14847,2021-09-07 14:01:00,SRNE
8.76,8.77,8.74,8.74,6112,2021-09-07 14:02:00,SRNE
8.74,8.76,8.74,8.755,6704,2021-09-07 14:03:00,SRNE
8.75,8.7576,8.74,8.74,7071,2021-09-07 14:04:00,SRNE
8.73,8.75,8.73,8.73,7155,2021-09-07 14:05:00,SRNE
8.729,8.75,8.72,8.75,9649,2021-09-07 14:06:00,SRNE
8.7501,8.785,8.7501,8.785,5653,2021-09-07 14:07:00,SRNE
8.785,8.785,8.77,8.77,3370,2021-09-07 14:08:00,SRNE
8.765,8.78,8.755,8.78,8347,2021-09-07 14:09:00,SRNE
8.77,8.775,8.74,8.74,29344,2021-09-07 14:10:00,SRNE
8.76,8.77,8.75,8.75,14800,2021-09-07 14:11:00,SRNE
8.75,8.76,8.74,8.7401,18247,2021-09-07 14:12:00,SRNE
8.735,8.76,8.735,8.7498,26916,2021-09-07 14:13:00,SRNE
8.7499,8.76,8.745,8.755,9897,2021-09-07 14:14:00,SRNE
8.75,8.75,8.73,8.73,21005,2021-09-07 14:15:00,SRNE
8.72,8.7283,8.72,8.72,9685,2021-09-07 14:16:00,SRNE
8.715,8.7199,8.715,8.715,700,2021-09-07 14:17:00,SRNE
8.715,8.715,8.705,8.715,10604,2021-09-07 14:18:00,SRNE
8.71,8.725,8.7,8.72,11357,2021-09-07 14:19:00,SRNE
8.72,8.72,8.7,8.715,9525,2021-09-07 14:20:00,SRNE
8.72,8.72,8.7,8.707,5476,2021-09-07 14:21:00,SRNE
8.7015,8.72,8.7,8.7099,17036,2021-09-07 14:22:00,SRNE
8.7,8.715,8.7,8.715,21012,2021-09-07 14:23:00,SRNE
8.715,8.715,8.69,8.69,14977,2021-09-07 14:24:00,SRNE
8.685,8.6888,8.68,8.685,6400,2021-09-07 14:25:00,SRNE
8.68,8.69,8.67,8.675,25006,2021-09-07 14:26:00,SRNE
8.6788,8.6788,8.65,8.655,20712,2021-09-07 14:27:00,SRNE
8.654,8.66,8.63,8.63,36682,2021-09-07 14:28:00,SRNE
8.63,8.635,8.62,8.62,6318,2021-09-07 14:29:00,SRNE
8.62,8.6499,8.62,8.6499,15575,2021-09-07 14:30:00,SRNE
8.645,8.6499,8.63,8.635,17588,2021-09-07 14:31:00,SRNE
8.63,8.64,8.6209,8.635,9220,2021-09-07 14:32:00,SRNE
8.635,8.65,8.635,8.6448,27804,2021-09-07 14:33:00,SRNE
8.645,8.65,8.64,8.6401,5275,2021-09-07 14:34:00,SRNE
8.645,8.645,8.62,8.62,11354,2021-09-07 14:35:00,SRNE
8.6276,8.6281,8.61,8.615,12282,2021-09-07 14:36:00,SRNE
8.6179,8.64,8.615,8.625,14506,2021-09-07 14:37:00,SRNE
8.621,8.63,8.62,8.625,6495,2021-09-07 14:38:00,SRNE
8.625,8.625,8.61,8.625,11432,2021-09-07 14:39:00,SRNE
8.625,8.625,8.621,8.625,2171,2021-09-07 14:40:00,SRNE
8.621,8.64,8.62,8.6338,10020,2021-09-07 14:41:00,SRNE
8.635,8.635,8.62,8.62,14438,2021-09-07 14:42:00,SRNE
8.625,8.63,8.615,8.615,7356,2021-09-07 14:43:00,SRNE
8.6199,8.625,8.615,8.625,10504,2021-09-07 14:44:00,SRNE
8.625,8.63,8.62,8.62,7577,2021-09-07 14:45:00,SRNE
8.61,8.6199,8.61,8.615,2100,2021-09-07 14:46:00,SRNE
8.615,8.615,8.6,8.605,18742,2021-09-07 14:47:00,SRNE
8.61,8.61,8.6,8.6,11527,2021-09-07 14:48:00,SRNE
8.6065,8.6099,8.58,8.585,75636,2021-09-07 14:49:00,SRNE
8.59,8.59,8.57,8.578,15991,2021-09-07 14:50:00,SRNE
8.575,8.59,8.575,8.585,18464,2021-09-07 14:51:00,SRNE
8.585,8.61,8.57,8.605,28760,2021-09-07 14:52:00,SRNE
8.6,8.6,8.585,8.585,1500,2021-09-07 14:53:00,SRNE
8.5881,8.59,8.58,8.5893,3940,2021-09-07 14:54:00,SRNE
8.58,8.59,8.58,8.585,5020,2021-09-07 14:55:00,SRNE
8.5888,8.61,8.5888,8.6024,17410,2021-09-07 14:56:00,SRNE
8.6099,8.62,8.605,8.615,12853,2021-09-07 14:57:00,SRNE
8.615,8.615,8.5814,8.5814,13072,2021-09-07 14:58:00,SRNE
8.58,8.585,8.58,8.585,900,2021-09-07 14:59:00,SRNE
8.58,8.585,8.57,8.58,12012,2021-09-07 15:00:00,SRNE
8.57,8.5799,8.57,8.5701,3085,2021-09-07 15:01:00,SRNE
8.57,8.585,8.57,8.5794,7800,2021-09-07 15:02:00,SRNE
8.58,8.585,8.58,8.58,4100,2021-09-07 15:03:00,SRNE
8.575,8.58,8.5725,8.575,900,2021-09-07 15:04:00,SRNE
8.58,8.59,8.57,8.575,16066,2021-09-07 15:05:00,SRNE
8.575,8.575,8.56,8.563,28182,2021-09-07 15:06:00,SRNE
8.56,8.57,8.56,8.56,40295,2021-09-07 15:07:00,SRNE
8.57,8.57,8.56,8.5699,8770,2021-09-07 15:08:00,SRNE
8.5601,8.5601,8.535,8.535,29207,2021-09-07 15:09:00,SRNE
8.535,8.5417,8.52,8.5401,19265,2021-09-07 15:10:00,SRNE
8.54,8.55,8.54,8.5499,12758,2021-09-07 15:11:00,SRNE
8.54,8.5499,8.521,8.53,14353,2021-09-07 15:12:00,SRNE
8.521,8.5243,8.5,8.5,21704,2021-09-07 15:13:00,SRNE
8.51,8.52,8.51,8.515,13045,2021-09-07 15:14:00,SRNE
8.5199,8.52,8.51,8.515,5210,2021-09-07 15:15:00,SRNE
8.519,8.5199,8.485,8.5079,70973,2021-09-07 15:16:00,SRNE
8.505,8.5099,8.5,8.5099,8612,2021-09-07 15:17:00,SRNE
8.505,8.505,8.48,8.4881,23116,2021-09-07 15:18:00,SRNE
8.49,8.509,8.49,8.5017,13682,2021-09-07 15:19:00,SRNE
8.501,8.501,8.47,8.48,40518,2021-09-07 15:20:00,SRNE
8.482,8.49,8.45,8.465,35055,2021-09-07 15:21:00,SRNE
8.4694,8.4694,8.45,8.45,20694,2021-09-07 15:22:00,SRNE
8.45,8.46,8.44,8.455,29787,2021-09-07 15:23:00,SRNE
8.45,8.4599,8.44,8.44,61084,2021-09-07 15:24:00,SRNE
8.4499,8.45,8.43,8.445,31179,2021-09-07 15:25:00,SRNE
8.445,8.4577,8.435,8.4577,12404,2021-09-07 15:26:00,SRNE
8.4577,8.4599,8.45,8.455,2918,2021-09-07 15:27:00,SRNE
8.45,8.47,8.45,8.465,12517,2021-09-07 15:28:00,SRNE
8.465,8.47,8.45,8.455,62933,2021-09-07 15:29:00,SRNE
8.455,8.5,8.455,8.4994,80473,2021-09-07 15:30:00,SRNE
8.4985,8.5109,8.485,8.485,30215,2021-09-07 15:31:00,SRNE
8.485,8.49,8.475,8.48,11924,2021-09-07 15:32:00,SRNE
8.47,8.473,8.47,8.473,300,2021-09-07 15:33:00,SRNE
8.47,8.48,8.47,8.48,9599,2021-09-07 15:34:00,SRNE
8.48,8.49,8.48,8.4882,6462,2021-09-07 15:35:00,SRNE
8.49,8.5,8.49,8.4999,4038,2021-09-07 15:36:00,SRNE
8.495,8.5,8.49,8.4999,1803,2021-09-07 15:37:00,SRNE
8.495,8.4993,8.495,8.495,1550,2021-09-07 15:38:00,SRNE
8.495,8.52,8.49,8.51,11558,2021-09-07 15:39:00,SRNE
8.515,8.5268,8.51,8.5268,6169,2021-09-07 15:40:00,SRNE
8.5294,8.53,8.52,8.525,10025,2021-09-07 15:41:00,SRNE
8.528,8.53,8.51,8.515,10686,2021-09-07 15:42:00,SRNE
8.5169,8.52,8.51,8.51,3126,2021-09-07 15:43:00,SRNE
8.515,8.52,8.51,8.5123,4081,2021-09-07 15:44:00,SRNE
8.515,8.525,8.51,8.525,6695,2021-09-07 15:45:00,SRNE
8.52,8.52,8.4901,8.495,8631,2021-09-07 15:46:00,SRNE
8.4983,8.4983,8.495,8.495,670,2021-09-07 15:47:00,SRNE
8.495,8.5,8.495,8.495,8141,2021-09-07 15:48:00,SRNE
8.495,8.509,8.495,8.5,9405,2021-09-07 15:49:00,SRNE
8.4983,8.4986,8.4906,8.4986,945,2021-09-07 15:50:00,SRNE
8.495,8.495,8.49,8.495,1300,2021-09-07 15:51:00,SRNE
8.495,8.495,8.495,8.495,600,2021-09-07 15:52:00,SRNE
8.4977,8.4977,8.49,8.495,2561,2021-09-07 15:53:00,SRNE
8.495,8.4978,8.49,8.4916,1300,2021-09-07 15:54:00,SRNE
8.49,8.52,8.49,8.52,11307,2021-09-07 15:55:00,SRNE
8.51,8.52,8.51,8.515,6116,2021-09-07 15:56:00,SRNE
8.515,8.52,8.515,8.515,1703,2021-09-07 15:57:00,SRNE
8.515,8.515,8.51,8.515,1400,2021-09-07 15:58:00,SRNE
8.515,8.5199,8.5,8.5097,6094,2021-09-07 15:59:00,SRNE
8.505,8.51,8.5,8.51,1900,2021-09-07 16:00:00,SRNE
8.51,8.525,8.51,8.525,9396,2021-09-07 16:01:00,SRNE
8.525,8.53,8.52,8.5223,6516,2021-09-07 16:02:00,SRNE
8.53,8.53,8.52,8.525,3850,2021-09-07 16:03:00,SRNE
8.5299,8.5299,8.505,8.509,6711,2021-09-07 16:04:00,SRNE
8.5099,8.515,8.504,8.51,9997,2021-09-07 16:05:00,SRNE
8.51,8.51,8.5,8.505,12050,2021-09-07 16:06:00,SRNE
8.505,8.51,8.5,8.505,5474,2021-09-07 16:07:00,SRNE
8.5,8.5,8.495,8.4993,5483,2021-09-07 16:08:00,SRNE
8.5,8.5093,8.495,8.5,11805,2021-09-07 16:09:00,SRNE
8.4993,8.5,8.485,8.5,29102,2021-09-07 16:10:00,SRNE
8.4995,8.51,8.4995,8.505,13642,2021-09-07 16:11:00,SRNE
8.51,8.51,8.5,8.5,12059,2021-09-07 16:12:00,SRNE
8.4977,8.5,8.49,8.495,1699,2021-09-07 16:13:00,SRNE
8.4962,8.497,8.4921,8.495,2059,2021-09-07 16:14:00,SRNE
8.4973,8.4973,8.48,8.4822,9336,2021-09-07 16:15:00,SRNE
8.4863,8.4863,8.4824,8.4824,700,2021-09-07 16:16:00,SRNE
8.4868,8.4868,8.48,8.48,200,2021-09-07 16:17:00,SRNE
8.48,8.49,8.48,8.485,2780,2021-09-07 16:18:00,SRNE
8.48,8.485,8.47,8.475,9816,2021-09-07 16:19:00,SRNE
8.4701,8.48,8.4701,8.48,4992,2021-09-07 16:20:00,SRNE
8.4784,8.48,8.47,8.472,10600,2021-09-07 16:21:00,SRNE
8.475,8.4894,8.475,8.4894,9360,2021-09-07 16:22:00,SRNE
8.485,8.49,8.4801,8.485,4553,2021-09-07 16:23:00,SRNE
8.485,8.49,8.4814,8.485,1940,2021-09-07 16:24:00,SRNE
8.485,8.485,8.485,8.485,500,2021-09-07 16:25:00,SRNE
8.4899,8.49,8.485,8.49,2310,2021-09-07 16:26:00,SRNE
8.4801,8.5,8.48,8.498,12973,2021-09-07 16:27:00,SRNE
8.5,8.5,8.495,8.5,2050,2021-09-07 16:28:00,SRNE
8.5,8.51,8.495,8.505,25907,2021-09-07 16:29:00,SRNE
8.505,8.51,8.505,8.51,6700,2021-09-07 16:30:00,SRNE
8.5,8.51,8.5,8.505,16979,2021-09-07 16:31:00,SRNE
8.505,8.505,8.495,8.495,4910,2021-09-07 16:32:00,SRNE
8.495,8.5,8.49,8.495,768,2021-09-07 16:33:00,SRNE
8.4947,8.51,8.4947,8.51,10665,2021-09-07 16:34:00,SRNE
8.5032,8.5084,8.5,8.5054,6300,2021-09-07 16:35:00,SRNE
8.505,8.505,8.5,8.5001,3822,2021-09-07 16:36:00,SRNE
8.5072,8.5072,8.5,8.5,4126,2021-09-07 16:37:00,SRNE
8.5,8.505,8.495,8.505,8161,2021-09-07 16:38:00,SRNE
8.5051,8.52,8.5013,8.5116,16599,2021-09-07 16:39:00,SRNE
8.5199,8.5199,8.511,8.515,3306,2021-09-07 16:40:00,SRNE
8.515,8.52,8.51,8.52,14991,2021-09-07 16:41:00,SRNE
8.5116,8.5176,8.51,8.51,5100,2021-09-07 16:42:00,SRNE
8.515,8.52,8.51,8.5101,8159,2021-09-07 16:43:00,SRNE
8.51,8.515,8.51,8.51,2900,2021-09-07 16:44:00,SRNE
8.5,8.5,8.49,8.4968,4103,2021-09-07 16:45:00,SRNE
8.495,8.495,8.495,8.495,5400,2021-09-07 16:46:00,SRNE
8.495,8.495,8.495,8.495,300,2021-09-07 16:47:00,SRNE
8.495,8.4999,8.4929,8.4984,972,2021-09-07 16:48:00,SRNE
8.49,8.5,8.49,8.49,7600,2021-09-07 16:49:00,SRNE
8.495,8.5,8.49,8.5,2132,2021-09-07 16:50:00,SRNE
8.499,8.5,8.495,8.5,1200,2021-09-07 16:51:00,SRNE
8.49,8.4999,8.49,8.49,1425,2021-09-07 16:52:00,SRNE
8.495,8.4962,8.495,8.495,800,2021-09-07 16:53:00,SRNE
8.5,8.5,8.49,8.4901,773,2021-09-07 16:54:00,SRNE
8.495,8.5,8.4901,8.4901,1850,2021-09-07 16:55:00,SRNE
8.499,8.5,8.495,8.495,3053,2021-09-07 16:56:00,SRNE
8.4937,8.5,8.4937,8.495,2904,2021-09-07 16:57:00,SRNE
8.495,8.5,8.495,8.5,1500,2021-09-07 16:58:00,SRNE
8.5,8.515,8.499,8.51,19068,2021-09-07 16:59:00,SRNE
8.505,8.515,8.5,8.505,11211,2021-09-07 17:00:00,SRNE
8.505,8.505,8.485,8.49,23721,2021-09-07 17:01:00,SRNE
8.4868,8.49,8.4868,8.49,200,2021-09-07 17:02:00,SRNE
8.485,8.495,8.485,8.49,8956,2021-09-07 17:03:00,SRNE
8.485,8.49,8.485,8.485,1500,2021-09-07 17:04:00,SRNE
8.4873,8.49,8.48,8.485,1300,2021-09-07 17:05:00,SRNE
8.485,8.485,8.4801,8.485,1740,2021-09-07 17:06:00,SRNE
8.485,8.4899,8.485,8.485,3189,2021-09-07 17:07:00,SRNE
8.485,8.49,8.485,8.49,1100,2021-09-07 17:08:00,SRNE
8.48,8.485,8.4546,8.46,44718,2021-09-07 17:09:00,SRNE
8.46,8.465,8.4527,8.46,14378,2021-09-07 17:10:00,SRNE
8.45,8.465,8.45,8.46,19847,2021-09-07 17:11:00,SRNE
8.46,8.46,8.45,8.45,2200,2021-09-07 17:12:00,SRNE
8.45,8.4662,8.45,8.465,7661,2021-09-07 17:13:00,SRNE
8.4672,8.4672,8.45,8.46,54992,2021-09-07 17:14:00,SRNE
8.46,8.4678,8.455,8.4572,6718,2021-09-07 17:15:00,SRNE
8.4587,8.4699,8.455,8.46,9996,2021-09-07 17:16:00,SRNE
8.4599,8.46,8.459,8.4599,1700,2021-09-07 17:17:00,SRNE
8.455,8.4794,8.455,8.4794,15209,2021-09-07 17:18:00,SRNE
8.475,8.4799,8.465,8.465,2802,2021-09-07 17:19:00,SRNE
8.465,8.4699,8.46,8.461,5271,2021-09-07 17:20:00,SRNE
8.46,8.46,8.45,8.455,7198,2021-09-07 17:21:00,SRNE
8.455,8.455,8.44,8.445,38800,2021-09-07 17:22:00,SRNE
8.45,8.45,8.43,8.4391,15253,2021-09-07 17:23:00,SRNE
8.4399,8.4399,8.43,8.435,15745,2021-09-07 17:24:00,SRNE
8.43,8.44,8.43,8.43,6950,2021-09-07 17:25:00,SRNE
8.435,8.435,8.43,8.4318,1750,2021-09-07 17:26:00,SRNE
8.435,8.44,8.43,8.435,5024,2021-09-07 17:27:00,SRNE
8.44,8.45,8.44,8.4445,9961,2021-09-07 17:28:00,SRNE
8.44,8.45,8.44,8.45,4965,2021-09-07 17:29:00,SRNE
8.4498,8.4498,8.43,8.4308,19016,2021-09-07 17:30:00,SRNE
8.435,8.44,8.435,8.44,600,2021-09-07 17:31:00,SRNE
8.44,8.445,8.44,8.445,2406,2021-09-07 17:32:00,SRNE
8.445,8.45,8.445,8.4492,4581,2021-09-07 17:33:00,SRNE
8.45,8.45,8.4401,8.445,1900,2021-09-07 17:34:00,SRNE
8.4482,8.46,8.4482,8.46,5411,2021-09-07 17:35:00,SRNE
8.4599,8.46,8.45,8.46,7301,2021-09-07 17:36:00,SRNE
8.46,8.46,8.455,8.46,1000,2021-09-07 17:37:00,SRNE
8.46,8.47,8.46,8.463,5834,2021-09-07 17:38:00,SRNE
8.465,8.475,8.4601,8.475,9009,2021-09-07 17:39:00,SRNE
8.48,8.48,8.475,8.48,1850,2021-09-07 17:40:00,SRNE
8.475,8.48,8.47,8.48,2890,2021-09-07 17:41:00,SRNE
8.48,8.48,8.4779,8.48,2700,2021-09-07 17:42:00,SRNE
8.48,8.4899,8.48,8.485,4000,2021-09-07 17:43:00,SRNE
8.49,8.49,8.485,8.4877,1100,2021-09-07 17:44:00,SRNE
8.49,8.495,8.48,8.495,7459,2021-09-07 17:45:00,SRNE
8.49,8.495,8.48,8.485,8270,2021-09-07 17:46:00,SRNE
8.485,8.49,8.485,8.49,2500,2021-09-07 17:47:00,SRNE
8.485,8.49,8.485,8.49,200,2021-09-07 17:48:00,SRNE
8.49,8.4999,8.4801,8.4999,9396,2021-09-07 17:49:00,SRNE
8.495,8.5,8.49,8.5,4728,2021-09-07 17:50:00,SRNE
8.495,8.495,8.49,8.495,5750,2021-09-07 17:51:00,SRNE
8.4901,8.495,8.485,8.485,3224,2021-09-07 17:52:00,SRNE
8.48,8.48,8.47,8.48,4269,2021-09-07 17:53:00,SRNE
8.4791,8.49,8.475,8.485,2800,2021-09-07 17:54:00,SRNE
8.49,8.49,8.48,8.49,4050,2021-09-07 17:55:00,SRNE
8.485,8.49,8.485,8.485,400,2021-09-07 17:56:00,SRNE
8.49,8.49,8.48,8.49,2100,2021-09-07 17:57:00,SRNE
8.485,8.49,8.48,8.48,528,2021-09-07 17:58:00,SRNE
8.49,8.49,8.475,8.48,5766,2021-09-07 17:59:00,SRNE
8.48,8.485,8.475,8.475,5764,2021-09-07 18:00:00,SRNE
8.47,8.47,8.46,8.467,9095,2021-09-07 18:01:00,SRNE
8.46,8.465,8.46,8.461,2200,2021-09-07 18:02:00,SRNE
8.47,8.48,8.47,8.48,2706,2021-09-07 18:03:00,SRNE
8.48,8.4801,8.475,8.475,2762,2021-09-07 18:04:00,SRNE
8.48,8.48,8.47,8.48,5492,2021-09-07 18:05:00,SRNE
8.48,8.485,8.48,8.48,3246,2021-09-07 18:06:00,SRNE
8.48,8.4871,8.44,8.44,12404,2021-09-07 18:07:00,SRNE
8.445,8.45,8.42,8.43,32663,2021-09-07 18:08:00,SRNE
8.4399,8.4399,8.4308,8.435,1975,2021-09-07 18:09:00,SRNE
8.435,8.438,8.43,8.435,1550,2021-09-07 18:10:00,SRNE
8.435,8.45,8.435,8.445,6345,2021-09-07 18:11:00,SRNE
8.4469,8.4469,8.435,8.435,6753,2021-09-07 18:12:00,SRNE
8.43,8.435,8.42,8.42,29096,2021-09-07 18:13:00,SRNE
8.425,8.435,8.425,8.435,11750,2021-09-07 18:14:00,SRNE
8.43,8.4376,8.43,8.435,4523,2021-09-07 18:15:00,SRNE
8.435,8.44,8.4325,8.439,3547,2021-09-07 18:16:00,SRNE
8.44,8.44,8.435,8.44,300,2021-09-07 18:17:00,SRNE
8.44,8.46,8.4385,8.46,9014,2021-09-07 18:18:00,SRNE
8.46,8.4672,8.445,8.449,23566,2021-09-07 18:19:00,SRNE
8.44,8.45,8.44,8.45,2349,2021-09-07 18:20:00,SRNE
8.455,8.47,8.4501,8.465,6706,2021-09-07 18:21:00,SRNE
8.465,8.47,8.46,8.4676,5572,2021-09-07 18:22:00,SRNE
8.465,8.4679,8.465,8.465,680,2021-09-07 18:23:00,SRNE
8.47,8.47,8.4687,8.47,1540,2021-09-07 18:24:00,SRNE
8.4626,8.47,8.4626,8.4698,1150,2021-09-07 18:25:00,SRNE
8.47,8.48,8.465,8.4701,2561,2021-09-07 18:26:00,SRNE
8.475,8.48,8.4701,8.48,1802,2021-09-07 18:27:00,SRNE
8.48,8.48,8.475,8.475,800,2021-09-07 18:28:00,SRNE
8.48,8.485,8.475,8.48,5798,2021-09-07 18:29:00,SRNE
8.475,8.475,8.4661,8.4674,8411,2021-09-07 18:30:00,SRNE
8.465,8.47,8.465,8.47,1753,2021-09-07 18:31:00,SRNE
8.47,8.47,8.46,8.465,1200,2021-09-07 18:32:00,SRNE
8.465,8.4738,8.465,8.4738,4208,2021-09-07 18:33:00,SRNE
8.48,8.49,8.47,8.4825,9463,2021-09-07 18:34:00,SRNE
8.485,8.485,8.47,8.475,9900,2021-09-07 18:35:00,SRNE
8.475,8.48,8.47,8.4701,5254,2021-09-07 18:36:00,SRNE
8.475,8.48,8.47,8.47,1844,2021-09-07 18:37:00,SRNE
8.47,8.48,8.47,8.475,1600,2021-09-07 18:38:00,SRNE
8.47,8.475,8.4619,8.475,9312,2021-09-07 18:39:00,SRNE
8.47,8.4793,8.47,8.47,2500,2021-09-07 18:40:00,SRNE
8.48,8.48,8.4631,8.4631,5744,2021-09-07 18:41:00,SRNE
8.465,8.47,8.46,8.4639,5222,2021-09-07 18:42:00,SRNE
8.4624,8.47,8.45,8.465,35271,2021-09-07 18:43:00,SRNE
8.465,8.4677,8.46,8.465,2334,2021-09-07 18:44:00,SRNE
8.465,8.48,8.465,8.475,8991,2021-09-07 18:45:00,SRNE
8.475,8.48,8.47,8.475,2889,2021-09-07 18:46:00,SRNE
8.47,8.485,8.47,8.475,28746,2021-09-07 18:47:00,SRNE
8.475,8.48,8.47,8.47,2702,2021-09-07 18:48:00,SRNE
8.48,8.48,8.47,8.48,14402,2021-09-07 18:49:00,SRNE
8.48,8.48,8.465,8.465,9556,2021-09-07 18:50:00,SRNE
8.465,8.465,8.465,8.465,300,2021-09-07 18:51:00,SRNE
8.46,8.47,8.46,8.465,2908,2021-09-07 18:52:00,SRNE
8.461,8.465,8.46,8.461,5554,2021-09-07 18:53:00,SRNE
8.47,8.47,8.465,8.47,1100,2021-09-07 18:54:00,SRNE
8.465,8.465,8.449,8.455,16862,2021-09-07 18:55:00,SRNE
8.4501,8.455,8.4401,8.4401,9478,2021-09-07 18:56:00,SRNE
8.445,8.4468,8.44,8.44,2661,2021-09-07 18:57:00,SRNE
8.4459,8.45,8.441,8.45,15731,2021-09-07 18:58:00,SRNE
8.445,8.45,8.445,8.445,1400,2021-09-07 18:59:00,SRNE
8.445,8.45,8.445,8.45,2314,2021-09-07 19:00:00,SRNE
8.445,8.455,8.44,8.445,23365,2021-09-07 19:01:00,SRNE
8.4401,8.445,8.43,8.445,39820,2021-09-07 19:02:00,SRNE
8.45,8.45,8.43,8.445,42207,2021-09-07 19:03:00,SRNE
8.4401,8.445,8.44,8.44,8362,2021-09-07 19:04:00,SRNE
8.4499,8.4499,8.435,8.445,10630,2021-09-07 19:05:00,SRNE
8.445,8.445,8.44,8.44,2362,2021-09-07 19:06:00,SRNE
8.445,8.46,8.445,8.455,9611,2021-09-07 19:07:00,SRNE
8.4576,8.46,8.45,8.45,9274,2021-09-07 19:08:00,SRNE
8.46,8.46,8.4514,8.455,1100,2021-09-07 19:09:00,SRNE
8.455,8.47,8.454,8.47,9803,2021-09-07 19:10:00,SRNE
8.47,8.47,8.4612,8.4612,7039,2021-09-07 19:11:00,SRNE
8.46,8.465,8.46,8.46,2366,2021-09-07 19:12:00,SRNE
8.465,8.47,8.46,8.46,4500,2021-09-07 19:13:00,SRNE
8.465,8.47,8.465,8.47,7276,2021-09-07 19:14:00,SRNE
8.47,8.47,8.4614,8.465,6700,2021-09-07 19:15:00,SRNE
8.465,8.465,8.45,8.45,7000,2021-09-07 19:16:00,SRNE
8.455,8.455,8.44,8.445,8115,2021-09-07 19:17:00,SRNE
8.4499,8.4499,8.435,8.44,9435,2021-09-07 19:18:00,SRNE
8.44,8.445,8.435,8.435,12245,2021-09-07 19:19:00,SRNE
8.4348,8.437,8.425,8.425,14456,2021-09-07 19:20:00,SRNE
8.4269,8.43,8.42,8.43,8337,2021-09-07 19:21:00,SRNE
8.425,8.44,8.425,8.4362,13593,2021-09-07 19:22:00,SRNE
8.44,8.44,8.4301,8.4301,1928,2021-09-07 19:23:00,SRNE
8.435,8.44,8.4327,8.44,2700,2021-09-07 19:24:00,SRNE
8.435,8.455,8.43,8.445,28589,2021-09-07 19:25:00,SRNE
8.434,8.45,8.434,8.45,9052,2021-09-07 19:26:00,SRNE
8.44,8.455,8.44,8.455,3419,2021-09-07 19:27:00,SRNE
8.45,8.459,8.4486,8.45,9214,2021-09-07 19:28:00,SRNE
8.4401,8.45,8.44,8.445,4146,2021-09-07 19:29:00,SRNE
8.445,8.445,8.435,8.435,8769,2021-09-07 19:30:00,SRNE
8.435,8.435,8.435,8.435,1590,2021-09-07 19:31:00,SRNE
8.435,8.44,8.43,8.435,5328,2021-09-07 19:32:00,SRNE
8.435,8.44,8.43,8.4373,6017,2021-09-07 19:33:00,SRNE
8.44,8.44,8.43,8.44,5538,2021-09-07 19:34:00,SRNE
8.435,8.44,8.4227,8.425,16046,2021-09-07 19:35:00,SRNE
8.425,8.4375,8.425,8.435,17635,2021-09-07 19:36:00,SRNE
8.43,8.44,8.43,8.44,5235,2021-09-07 19:37:00,SRNE
8.43,8.44,8.43,8.435,9809,2021-09-07 19:38:00,SRNE
8.43,8.45,8.43,8.45,23151,2021-09-07 19:39:00,SRNE
8.445,8.46,8.445,8.455,12475,2021-09-07 19:40:00,SRNE
8.455,8.46,8.4501,8.46,8519,2021-09-07 19:41:00,SRNE
8.46,8.46,8.45,8.46,17147,2021-09-07 19:42:00,SRNE
8.455,8.46,8.45,8.455,11412,2021-09-07 19:43:00,SRNE
8.4593,8.46,8.45,8.46,24832,2021-09-07 19:44:00,SRNE
8.4579,8.46,8.45,8.455,8078,2021-09-07 19:45:00,SRNE
8.455,8.46,8.45,8.45,32161,2021-09-07 19:46:00,SRNE
8.455,8.4584,8.45,8.4573,8790,2021-09-07 19:47:00,SRNE
8.455,8.455,8.44,8.441,21282,2021-09-07 19:48:00,SRNE
8.44,8.45,8.44,8.441,4929,2021-09-07 19:49:00,SRNE
8.45,8.45,8.42,8.4273,22671,2021-09-07 19:50:00,SRNE
8.43,8.43,8.4,8.405,47359,2021-09-07 19:51:00,SRNE
8.4,8.43,8.4,8.43,26671,2021-09-07 19:52:00,SRNE
8.4201,8.43,8.42,8.4281,14902,2021-09-07 19:53:00,SRNE
8.425,8.425,8.395,8.405,129796,2021-09-07 19:54:00,SRNE
8.41,8.41,8.405,8.41,11999,2021-09-07 19:55:00,SRNE
8.405,8.41,8.4,8.405,27935,2021-09-07 19:56:00,SRNE
8.4,8.41,8.39,8.405,77918,2021-09-07 19:57:00,SRNE
8.405,8.42,8.405,8.41,17836,2021-09-07 19:58:00,SRNE
8.41,8.4192,8.38,8.385,116479,2021-09-07 19:59:00,SRNE
8.38,8.39,8.38,8.39,181333,2021-09-07 20:00:00,SRNE
8.3901,8.3901,8.3901,8.3901,100,2021-09-07 20:06:00,SRNE
8.44,8.44,8.44,8.44,250,2021-09-07 20:10:00,SRNE
8.44,8.44,8.44,8.44,150,2021-09-07 20:11:00,SRNE
8.41,8.43,8.41,8.43,1500,2021-09-07 20:17:00,SRNE
8.43,8.43,8.43,8.43,450,2021-09-07 20:36:00,SRNE
8.43,8.43,8.43,8.43,100,2021-09-07 20:39:00,SRNE
8.43,8.43,8.43,8.43,200,2021-09-07 20:40:00,SRNE
8.43,8.43,8.43,8.43,500,2021-09-07 20:43:00,SRNE
8.43,8.43,8.43,8.43,944,2021-09-07 20:44:00,SRNE
8.42,8.42,8.42,8.42,341,2021-09-07 20:56:00,SRNE
8.461,8.47,8.461,8.47,5400,2021-09-07 21:12:00,SRNE
8.47,8.47,8.47,8.47,100,2021-09-07 21:13:00,SRNE
8.4403,8.4403,8.4403,8.4403,1000,2021-09-07 21:25:00,SRNE
8.44,8.44,8.44,8.44,1000,2021-09-07 21:32:00,SRNE
8.44,8.44,8.44,8.44,1170,2021-09-07 21:36:00,SRNE
8.47,8.47,8.47,8.47,107,2021-09-07 21:44:00,SRNE
8.45,8.45,8.45,8.45,222,2021-09-07 21:45:00,SRNE
8.44,8.44,8.44,8.44,773,2021-09-07 21:47:00,SRNE
8.44,8.44,8.44,8.44,326,2021-09-07 22:19:00,SRNE
8.43,8.43,8.43,8.43,200,2021-09-07 22:23:00,SRNE
8.44,8.44,8.44,8.44,150,2021-09-07 22:33:00,SRNE
8.44,8.45,8.44,8.45,473,2021-09-07 22:51:00,SRNE
8.44,8.44,8.44,8.44,100,2021-09-07 22:56:00,SRNE
8.49,8.49,8.49,8.49,525,2021-09-07 23:00:00,SRNE
8.49,8.49,8.49,8.49,650,2021-09-07 23:02:00,SRNE
8.46,8.46,8.46,8.46,500,2021-09-07 23:05:00,SRNE
8.4999,8.4999,8.4999,8.4999,250,2021-09-07 23:07:00,SRNE
8.46,8.46,8.46,8.46,1000,2021-09-07 23:12:00,SRNE
8.46,8.46,8.44,8.44,1086,2021-09-07 23:16:00,SRNE
8.44,8.44,8.44,8.44,499,2021-09-07 23:24:00,SRNE
8.47,8.48,8.47,8.48,600,2021-09-07 23:49:00,SRNE
8.44,8.44,8.44,8.44,362,2021-09-07 23:54:00,SRNE
8.46,8.46,8.46,8.46,100,2021-09-07 23:56:00,SRNE
8.4,8.4,8.39,8.39,1400,2021-09-08 11:07:00,SRNE
8.43,8.43,8.43,8.43,100,2021-09-08 11:56:00,SRNE
8.46,8.46,8.46,8.46,125,2021-09-08 12:01:00,SRNE
8.46,8.46,8.46,8.46,100,2021-09-08 12:02:00,SRNE
8.46,8.46,8.46,8.46,119,2021-09-08 12:10:00,SRNE
8.46,8.46,8.46,8.46,300,2021-09-08 12:11:00,SRNE
8.45,8.45,8.45,8.45,1000,2021-09-08 12:17:00,SRNE
8.45,8.45,8.45,8.45,500,2021-09-08 12:18:00,SRNE
8.45,8.45,8.45,8.45,500,2021-09-08 12:19:00,SRNE
8.4678,8.4678,8.4678,8.4678,500,2021-09-08 12:20:00,SRNE
8.45,8.45,8.45,8.45,800,2021-09-08 12:21:00,SRNE
8.46,8.46,8.46,8.46,2000,2021-09-08 12:27:00,SRNE
8.46,8.46,8.46,8.46,100,2021-09-08 12:31:00,SRNE
8.46,8.46,8.46,8.46,300,2021-09-08 12:37:00,SRNE
8.4599,8.4599,8.4599,8.4599,249,2021-09-08 12:38:00,SRNE
8.4599,8.4599,8.4599,8.4599,100,2021-09-08 12:39:00,SRNE
8.4599,8.4599,8.4599,8.4599,300,2021-09-08 12:43:00,SRNE
8.45,8.45,8.45,8.45,100,2021-09-08 13:00:00,SRNE
8.45,8.45,8.45,8.45,1420,2021-09-08 13:06:00,SRNE
8.45,8.45,8.45,8.45,1000,2021-09-08 13:08:00,SRNE
8.44,8.44,8.44,8.44,158,2021-09-08 13:10:00,SRNE
8.44,8.44,8.44,8.44,1000,2021-09-08 13:11:00,SRNE
8.44,8.44,8.44,8.44,300,2021-09-08 13:12:00,SRNE
8.44,8.44,8.44,8.44,200,2021-09-08 13:15:00,SRNE
8.3822,8.3822,8.3822,8.3822,2986,2021-09-08 13:18:00,SRNE
8.45,8.45,8.45,8.45,400,2021-09-08 13:21:00,SRNE
8.43,8.43,8.43,8.43,1910,2021-09-08 13:25:00,SRNE
8.43,8.43,8.43,8.43,274,2021-09-08 13:27:00,SRNE
8.42,8.42,8.31,8.34,88057,2021-09-08 13:30:00,SRNE
8.35,8.3677,8.35,8.3593,6946,2021-09-08 13:31:00,SRNE
8.3594,8.37,8.35,8.36,10341,2021-09-08 13:32:00,SRNE
8.37,8.38,8.35,8.36,27344,2021-09-08 13:33:00,SRNE
8.36,8.36,8.3,8.3016,53540,2021-09-08 13:34:00,SRNE
8.3,8.32,8.274,8.295,61149,2021-09-08 13:35:00,SRNE
8.295,8.295,8.22,8.26,147041,2021-09-08 13:36:00,SRNE
8.265,8.289,8.262,8.2742,30865,2021-09-08 13:37:00,SRNE
8.2758,8.2758,8.245,8.26,43779,2021-09-08 13:38:00,SRNE
8.25,8.27,8.25,8.255,14037,2021-09-08 13:39:00,SRNE
8.2599,8.27,8.2495,8.2581,46340,2021-09-08 13:40:00,SRNE
8.25,8.27,8.2421,8.2485,50935,2021-09-08 13:41:00,SRNE
8.25,8.29,8.2465,8.2789,18823,2021-09-08 13:42:00,SRNE
8.275,8.29,8.275,8.285,16621,2021-09-08 13:43:00,SRNE
8.28,8.28,8.23,8.235,48123,2021-09-08 13:44:00,SRNE
8.23,8.23,8.2,8.215,62877,2021-09-08 13:45:00,SRNE
8.21,8.214,8.18,8.1894,64945,2021-09-08 13:46:00,SRNE
8.185,8.21,8.185,8.19,35038,2021-09-08 13:47:00,SRNE
8.19,8.195,8.17,8.18,68578,2021-09-08 13:48:00,SRNE
8.18,8.2,8.16,8.2,61622,2021-09-08 13:49:00,SRNE
8.21,8.269,8.21,8.25,63861,2021-09-08 13:50:00,SRNE
8.24,8.24,8.2287,8.23,22269,2021-09-08 13:51:00,SRNE
8.225,8.225,8.215,8.215,18060,2021-09-08 13:52:00,SRNE
8.2108,8.23,8.2108,8.225,4733,2021-09-08 13:53:00,SRNE
8.2285,8.23,8.2191,8.2299,24540,2021-09-08 13:54:00,SRNE
8.23,8.2401,8.22,8.23,20514,2021-09-08 13:55:00,SRNE
8.227,8.23,8.19,8.19,50942,2021-09-08 13:56:00,SRNE
8.1836,8.19,8.1701,8.175,6536,2021-09-08 13:57:00,SRNE
8.17,8.175,8.15,8.175,47267,2021-09-08 13:58:00,SRNE
8.17,8.175,8.1612,8.175,11376,2021-09-08 13:59:00,SRNE
8.175,8.1799,8.15,8.1599,19793,2021-09-08 14:00:00,SRNE
8.155,8.1899,8.14,8.1813,72774,2021-09-08 14:01:00,SRNE
8.1899,8.21,8.1899,8.21,16542,2021-09-08 14:02:00,SRNE
8.205,8.21,8.165,8.1688,36836,2021-09-08 14:03:00,SRNE
8.1623,8.175,8.16,8.165,12065,2021-09-08 14:04:00,SRNE
8.1629,8.17,8.15,8.15,2882,2021-09-08 14:05:00,SRNE
8.1589,8.16,8.12,8.13,60885,2021-09-08 14:06:00,SRNE
8.1301,8.1301,8.12,8.125,17792,2021-09-08 14:07:00,SRNE
8.1201,8.155,8.1201,8.1499,37047,2021-09-08 14:08:00,SRNE
8.14,8.15,8.13,8.14,19091,2021-09-08 14:09:00,SRNE
8.1399,8.14,8.13,8.13,9768,2021-09-08 14:10:00,SRNE
8.125,8.1399,8.125,8.135,3115,2021-09-08 14:11:00,SRNE
8.135,8.15,8.132,8.1485,6523,2021-09-08 14:12:00,SRNE
8.15,8.16,8.13,8.1415,13576,2021-09-08 14:13:00,SRNE
8.14,8.158,8.14,8.1569,3691,2021-09-08 14:14:00,SRNE
8.1572,8.17,8.15,8.16,13388,2021-09-08 14:15:00,SRNE
8.155,8.17,8.1528,8.1699,6419,2021-09-08 14:16:00,SRNE
8.165,8.18,8.16,8.16,11455,2021-09-08 14:17:00,SRNE
8.16,8.17,8.15,8.15,10183,2021-09-08 14:18:00,SRNE
8.145,8.1482,8.13,8.135,4872,2021-09-08 14:19:00,SRNE
8.1399,8.14,8.12,8.1211,26479,2021-09-08 14:20:00,SRNE
8.1266,8.13,8.11,8.115,43886,2021-09-08 14:21:00,SRNE
8.115,8.1199,8.11,8.115,6940,2021-09-08 14:22:00,SRNE
8.12,8.12,8.11,8.12,21132,2021-09-08 14:23:00,SRNE
8.11,8.12,8.1,8.1055,7784,2021-09-08 14:24:00,SRNE
8.105,8.1193,8.09,8.105,73558,2021-09-08 14:25:00,SRNE
8.1018,8.1018,8.08,8.085,24592,2021-09-08 14:26:00,SRNE
8.085,8.095,8.0701,8.08,34129,2021-09-08 14:27:00,SRNE
8.075,8.1,8.07,8.08,27317,2021-09-08 14:28:00,SRNE
8.08,8.0899,8.075,8.0894,7436,2021-09-08 14:29:00,SRNE
8.0899,8.0899,8.07,8.07,23633,2021-09-08 14:30:00,SRNE
8.075,8.09,8.07,8.085,21001,2021-09-08 14:31:00,SRNE
8.0801,8.0801,8.05,8.07,67675,2021-09-08 14:32:00,SRNE
8.06,8.0699,8.05,8.0599,34051,2021-09-08 14:33:00,SRNE
8.055,8.06,8.04,8.045,33775,2021-09-08 14:34:00,SRNE
8.04,8.065,8.04,8.0599,25206,2021-09-08 14:35:00,SRNE
8.06,8.06,8.04,8.05,21903,2021-09-08 14:36:00,SRNE
8.04,8.05,8.04,8.0494,3815,2021-09-08 14:37:00,SRNE
8.045,8.05,8.03,8.035,17895,2021-09-08 14:38:00,SRNE
8.035,8.05,8.03,8.03,18554,2021-09-08 14:39:00,SRNE
8.0369,8.0378,8.02,8.0297,49224,2021-09-08 14:40:00,SRNE
8.03,8.04,8.025,8.0382,20423,2021-09-08 14:41:00,SRNE
8.0301,8.0399,8.03,8.0376,7325,2021-09-08 14:42:00,SRNE
8.035,8.035,8.01,8.0176,24284,2021-09-08 14:43:00,SRNE
8.015,8.02,8.01,8.015,29703,2021-09-08 14:44:00,SRNE
8.015,8.03,8.01,8.0199,33888,2021-09-08 14:45:00,SRNE
8.0191,8.04,8.01,8.03,60159,2021-09-08 14:46:00,SRNE
8.0312,8.06,8.03,8.06,51966,2021-09-08 14:47:00,SRNE
8.0699,8.0701,8.065,8.0683,6946,2021-09-08 14:48:00,SRNE
8.0699,8.08,8.063,8.0772,19734,2021-09-08 14:49:00,SRNE
8.0712,8.09,8.05,8.05,15534,2021-09-08 14:50:00,SRNE
8.045,8.045,8.021,8.021,6295,2021-09-08 14:51:00,SRNE
8.02,8.0299,8.02,8.025,6661,2021-09-08 14:52:00,SRNE
8.0273,8.0275,8.01,8.015,8401,2021-09-08 14:53:00,SRNE
8.01,8.01,7.98,7.99,264736,2021-09-08 14:54:00,SRNE
7.985,7.99,7.97,7.975,57766,2021-09-08 14:55:00,SRNE
7.9708,7.9899,7.97,7.98,56489,2021-09-08 14:56:00,SRNE
7.9801,8.02,7.98,8.015,56706,2021-09-08 14:57:00,SRNE
8.02,8.02,7.99,7.9984,10455,2021-09-08 14:58:00,SRNE
8.0,8.01,7.98,7.995,26807,2021-09-08 14:59:00,SRNE
7.99,8.0,7.9876,7.9998,10372,2021-09-08 15:00:00,SRNE
7.9994,8.0,7.98,7.99,22017,2021-09-08 15:01:00,SRNE
7.989,7.99,7.9797,7.9797,10070,2021-09-08 15:02:00,SRNE
7.98,8.0,7.9799,7.9848,14050,2021-09-08 15:03:00,SRNE
7.985,7.99,7.98,7.9877,7248,2021-09-08 15:04:00,SRNE
7.985,7.99,7.98,7.9886,10001,2021-09-08 15:05:00,SRNE
7.9876,8.0,7.9812,7.989,13178,2021-09-08 15:06:00,SRNE
7.99,8.01,7.985,8.0058,18938,2021-09-08 15:07:00,SRNE
8.01,8.0373,8.009,8.0267,19235,2021-09-08 15:08:00,SRNE
8.025,8.025,8.005,8.0097,7779,2021-09-08 15:09:00,SRNE
8.01,8.02,8.0,8.02,9552,2021-09-08 15:10:00,SRNE
8.02,8.03,8.015,8.03,4715,2021-09-08 15:11:00,SRNE
8.03,8.05,8.03,8.05,6758,2021-09-08 15:12:00,SRNE
8.0494,8.06,8.04,8.05,17348,2021-09-08 15:13:00,SRNE
8.0599,8.0668,8.05,8.0668,3101,2021-09-08 15:14:00,SRNE
8.06,8.08,8.05,8.07,18071,2021-09-08 15:15:00,SRNE
8.0616,8.07,8.055,8.0599,2491,2021-09-08 15:16:00,SRNE
8.06,8.08,8.06,8.07,9239,2021-09-08 15:17:00,SRNE
8.075,8.08,8.06,8.065,12798,2021-09-08 15:18:00,SRNE
8.0684,8.07,8.06,8.06,4673,2021-09-08 15:19:00,SRNE
8.07,8.07,8.05,8.06,3188,2021-09-08 15:20:00,SRNE
8.05,8.07,8.05,8.0681,8489,2021-09-08 15:21:00,SRNE
8.07,8.08,8.065,8.07,11436,2021-09-08 15:22:00,SRNE
8.075,8.0852,8.0717,8.08,12530,2021-09-08 15:23:00,SRNE
8.0735,8.08,8.07,8.0776,5136,2021-09-08 15:24:00,SRNE
8.07,8.08,8.065,8.07,8392,2021-09-08 15:25:00,SRNE
8.069,8.0699,8.047,8.047,17460,2021-09-08 15:26:00,SRNE
8.0408,8.0408,8.02,8.02,32005,2021-09-08 15:27:00,SRNE
8.0296,8.03,8.02,8.02,13283,2021-09-08 15:28:00,SRNE
8.0292,8.0299,8.02,8.02,10153,2021-09-08 15:29:00,SRNE
8.0288,8.0288,8.02,8.02,6100,2021-09-08 15:30:00,SRNE
8.025,8.045,8.025,8.04,9862,2021-09-08 15:31:00,SRNE
8.04,8.04,8.03,8.0301,6970,2021-09-08 15:32:00,SRNE
8.0301,8.04,8.0301,8.0377,22856,2021-09-08 15:33:00,SRNE
8.04,8.06,8.035,8.055,15662,2021-09-08 15:34:00,SRNE
8.055,8.055,8.05,8.05,2468,2021-09-08 15:35:00,SRNE
8.055,8.06,8.05,8.0501,2600,2021-09-08 15:36:00,SRNE
8.05,8.065,8.05,8.055,11654,2021-09-08 15:37:00,SRNE
8.05,8.058,8.045,8.045,4900,2021-09-08 15:38:00,SRNE
8.04,8.06,8.04,8.06,7391,2021-09-08 15:39:00,SRNE
8.055,8.055,8.05,8.05,1000,2021-09-08 15:40:00,SRNE
8.048,8.0593,8.045,8.0593,19912,2021-09-08 15:41:00,SRNE
8.059,8.0699,8.05,8.0699,6464,2021-09-08 15:42:00,SRNE
8.06,8.06,8.05,8.05,2405,2021-09-08 15:43:00,SRNE
8.0599,8.0599,8.055,8.0599,3300,2021-09-08 15:44:00,SRNE
8.05,8.0598,8.05,8.0598,6386,2021-09-08 15:45:00,SRNE
8.05,8.06,8.05,8.06,653,2021-09-08 15:46:00,SRNE
8.055,8.0599,8.04,8.04,15101,2021-09-08 15:47:00,SRNE
8.0417,8.0499,8.04,8.045,1850,2021-09-08 15:48:00,SRNE
8.045,8.045,8.035,8.04,22684,2021-09-08 15:49:00,SRNE
8.045,8.07,8.045,8.0498,33574,2021-09-08 15:50:00,SRNE
8.0499,8.05,8.03,8.04,21200,2021-09-08 15:51:00,SRNE
8.04,8.0421,8.04,8.04,1392,2021-09-08 15:52:00,SRNE
8.03,8.0399,8.02,8.02,17473,2021-09-08 15:53:00,SRNE
8.0201,8.0266,8.02,8.025,2380,2021-09-08 15:54:00,SRNE
8.02,8.02,8.01,8.01,5388,2021-09-08 15:55:00,SRNE
8.015,8.02,8.01,8.02,8729,2021-09-08 15:56:00,SRNE
8.0126,8.015,8.0126,8.015,800,2021-09-08 15:57:00,SRNE
8.01,8.025,8.01,8.02,10817,2021-09-08 15:58:00,SRNE
8.0163,8.0289,8.0163,8.0289,6048,2021-09-08 15:59:00,SRNE
8.025,8.05,8.0192,8.0192,29835,2021-09-08 16:00:00,SRNE
8.02,8.05,8.01,8.0199,8077,2021-09-08 16:01:00,SRNE
8.015,8.015,8.0,8.01,29578,2021-09-08 16:02:00,SRNE
8.02,8.02,8.01,8.015,1300,2021-09-08 16:03:00,SRNE
8.02,8.0279,8.0182,8.0279,9040,2021-09-08 16:04:00,SRNE
8.03,8.03,8.02,8.02,1213,2021-09-08 16:05:00,SRNE
8.0201,8.03,8.02,8.02,2700,2021-09-08 16:06:00,SRNE
8.02,8.03,8.02,8.025,3100,2021-09-08 16:08:00,SRNE
8.025,8.035,8.0221,8.03,10195,2021-09-08 16:09:00,SRNE
8.035,8.04,8.03,8.0399,1459,2021-09-08 16:12:00,SRNE
8.04,8.04,8.0318,8.0391,1998,2021-09-08 16:13:00,SRNE
8.04,8.04,8.03,8.03,16761,2021-09-08 16:14:00,SRNE
8.0301,8.035,8.0301,8.0321,1506,2021-09-08 16:15:00,SRNE
8.039,8.04,8.039,8.04,600,2021-09-08 16:16:00,SRNE
8.04,8.04,8.0314,8.038,19234,2021-09-08 16:17:00,SRNE
8.038,8.04,8.03,8.04,11928,2021-09-08 16:18:00,SRNE
8.045,8.06,8.045,8.06,8351,2021-09-08 16:19:00,SRNE
8.055,8.061,8.053,8.053,20650,2021-09-08 16:20:00,SRNE
8.05,8.08,8.05,8.08,12256,2021-09-08 16:21:00,SRNE
8.0701,8.09,8.0701,8.089,19594,2021-09-08 16:22:00,SRNE
8.0801,8.09,8.0801,8.085,2200,2021-09-08 16:23:00,SRNE
8.0803,8.09,8.075,8.075,4614,2021-09-08 16:24:00,SRNE
8.08,8.085,8.0701,8.085,3823,2021-09-08 16:25:00,SRNE
8.08,8.09,8.08,8.0888,6600,2021-09-08 16:26:00,SRNE
8.08,8.09,8.075,8.08,18412,2021-09-08 16:27:00,SRNE
8.08,8.08,8.0701,8.0701,8145,2021-09-08 16:28:00,SRNE
8.0729,8.075,8.0729,8.075,5850,2021-09-08 16:29:00,SRNE
8.07,8.08,8.07,8.08,200,2021-09-08 16:30:00,SRNE
8.075,8.0773,8.07,8.07,1523,2021-09-08 16:31:00,SRNE
8.075,8.1,8.075,8.0929,18430,2021-09-08 16:32:00,SRNE
8.0989,8.0992,8.0923,8.0992,1168,2021-09-08 16:33:00,SRNE
8.1,8.1,8.085,8.085,3712,2021-09-08 16:34:00,SRNE
8.0882,8.11,8.085,8.1092,6496,2021-09-08 16:35:00,SRNE
8.1081,8.1081,8.095,8.0982,4341,2021-09-08 16:36:00,SRNE
8.0988,8.11,8.0988,8.11,7460,2021-09-08 16:37:00,SRNE
8.11,8.11,8.105,8.105,6439,2021-09-08 16:38:00,SRNE
8.1001,8.1001,8.1001,8.1001,100,2021-09-08 16:39:00,SRNE
8.1,8.11,8.1,8.11,430,2021-09-08 16:40:00,SRNE
8.1,8.11,8.1,8.11,1600,2021-09-08 16:41:00,SRNE
8.1081,8.11,8.1,8.1,7456,2021-09-08 16:42:00,SRNE
8.1,8.11,8.1,8.11,2832,2021-09-08 16:43:00,SRNE
8.1085,8.1085,8.0992,8.0992,3039,2021-09-08 16:44:00,SRNE
8.0955,8.0955,8.09,8.09,5500,2021-09-08 16:46:00,SRNE
8.085,8.085,8.0809,8.085,2200,2021-09-08 16:47:00,SRNE
8.085,8.09,8.085,8.09,699,2021-09-08 16:48:00,SRNE
8.09,8.1,8.09,8.0997,2342,2021-09-08 16:49:00,SRNE
8.09,8.1,8.0801,8.0875,3450,2021-09-08 16:50:00,SRNE
8.08,8.0887,8.07,8.075,27987,2021-09-08 16:51:00,SRNE
8.07,8.0772,8.07,8.075,500,2021-09-08 16:52:00,SRNE
8.0701,8.08,8.06,8.0695,41639,2021-09-08 16:53:00,SRNE
8.0699,8.07,8.0601,8.0608,5768,2021-09-08 16:54:00,SRNE
8.07,8.07,8.05,8.06,24933,2021-09-08 16:55:00,SRNE
8.059,8.065,8.0533,8.055,16261,2021-09-08 16:56:00,SRNE
8.0594,8.0594,8.0594,8.0594,1000,2021-09-08 16:57:00,SRNE
8.0593,8.08,8.0593,8.073,14697,2021-09-08 16:58:00,SRNE
8.07,8.07,8.061,8.065,1900,2021-09-08 16:59:00,SRNE
8.07,8.075,8.07,8.075,1373,2021-09-08 17:00:00,SRNE
8.075,8.08,8.075,8.0798,3900,2021-09-08 17:01:00,SRNE
8.08,8.08,8.0744,8.075,2365,2021-09-08 17:03:00,SRNE
8.075,8.09,8.075,8.0801,10100,2021-09-08 17:04:00,SRNE
8.085,8.085,8.08,8.08,778,2021-09-08 17:05:00,SRNE
8.085,8.09,8.085,8.09,5201,2021-09-08 17:06:00,SRNE
8.0808,8.085,8.08,8.08,8767,2021-09-08 17:07:00,SRNE
8.08,8.08,8.07,8.075,730,2021-09-08 17:08:00,SRNE
8.076,8.0876,8.076,8.085,6310,2021-09-08 17:09:00,SRNE
8.09,8.09,8.09,8.09,200,2021-09-08 17:10:00,SRNE
8.08,8.09,8.08,8.09,3355,2021-09-08 17:11:00,SRNE
8.092,8.1,8.092,8.1,1988,2021-09-08 17:13:00,SRNE
8.09,8.0983,8.09,8.095,2901,2021-09-08 17:14:00,SRNE
8.09,8.09,8.087,8.09,1316,2021-09-08 17:15:00,SRNE
8.09,8.09,8.085,8.085,10135,2021-09-08 17:16:00,SRNE
8.0889,8.0889,8.0801,8.0801,1600,2021-09-08 17:17:00,SRNE
8.0827,8.09,8.08,8.085,21000,2021-09-08 17:18:00,SRNE
8.0807,8.1,8.0807,8.1,11939,2021-09-08 17:20:00,SRNE
8.1,8.1,8.09,8.09,2679,2021-09-08 17:21:00,SRNE
8.09,8.09,8.085,8.0893,16159,2021-09-08 17:22:00,SRNE
8.09,8.09,8.08,8.08,6052,2021-09-08 17:23:00,SRNE
8.0805,8.085,8.0805,8.085,1500,2021-09-08 17:24:00,SRNE
8.08,8.08,8.065,8.065,11551,2021-09-08 17:25:00,SRNE
8.065,8.065,8.0611,8.0611,1300,2021-09-08 17:26:00,SRNE
8.0601,8.065,8.0601,8.065,400,2021-09-08 17:27:00,SRNE
8.07,8.07,8.0625,8.065,5534,2021-09-08 17:28:00,SRNE
8.065,8.065,8.06,8.065,6500,2021-09-08 17:29:00,SRNE
8.06,8.06,8.055,8.06,6875,2021-09-08 17:30:00,SRNE
8.055,8.06,8.05,8.05,1892,2021-09-08 17:31:00,SRNE
8.06,8.06,8.0599,8.0599,645,2021-09-08 17:32:00,SRNE
8.0586,8.06,8.05,8.0599,915,2021-09-08 17:33:00,SRNE
8.06,8.06,8.0599,8.06,1914,2021-09-08 17:34:00,SRNE
8.07,8.08,8.07,8.075,1322,2021-09-08 17:35:00,SRNE
8.07,8.07,8.0629,8.0684,1334,2021-09-08 17:36:00,SRNE
8.065,8.0668,8.0601,8.0665,1600,2021-09-08 17:37:00,SRNE
8.062,8.0699,8.062,8.065,1938,2021-09-08 17:38:00,SRNE
8.0601,8.07,8.0601,8.07,3700,2021-09-08 17:39:00,SRNE
8.07,8.07,8.07,8.07,2543,2021-09-08 17:40:00,SRNE
8.065,8.065,8.065,8.065,100,2021-09-08 17:41:00,SRNE
8.066,8.075,8.065,8.065,13290,2021-09-08 17:42:00,SRNE
8.065,8.07,8.06,8.06,1250,2021-09-08 17:43:00,SRNE
8.065,8.065,8.065,8.065,100,2021-09-08 17:44:00,SRNE
8.0686,8.07,8.06,8.06,10716,2021-09-08 17:45:00,SRNE
8.06,8.07,8.06,8.07,1132,2021-09-08 17:46:00,SRNE
8.065,8.065,8.065,8.065,2114,2021-09-08 17:47:00,SRNE
8.0645,8.0678,8.04,8.04,12260,2021-09-08 17:48:00,SRNE
8.045,8.05,8.045,8.05,7300,2021-09-08 17:49:00,SRNE
8.05,8.06,8.05,8.055,13989,2021-09-08 17:50:00,SRNE
8.05,8.05,8.045,8.045,1005,2021-09-08 17:51:00,SRNE
8.05,8.055,8.045,8.055,2037,2021-09-08 17:52:00,SRNE
8.05,8.05,8.05,8.05,6457,2021-09-08 17:53:00,SRNE
8.05,8.059,8.045,8.059,11876,2021-09-08 17:54:00,SRNE
8.055,8.055,8.045,8.047,10633,2021-09-08 17:55:00,SRNE
8.045,8.05,8.045,8.05,200,2021-09-08 17:56:00,SRNE
8.04,8.045,8.04,8.045,5700,2021-09-08 17:57:00,SRNE
8.045,8.0599,8.04,8.0599,4440,2021-09-08 17:58:00,SRNE
8.05,8.05,8.05,8.05,700,2021-09-08 17:59:00,SRNE
8.05,8.06,8.05,8.06,1706,2021-09-08 18:00:00,SRNE
8.07,8.07,8.065,8.07,4700,2021-09-08 18:01:00,SRNE
8.07,8.09,8.07,8.0852,9431,2021-09-08 18:02:00,SRNE
8.08,8.08,8.07,8.08,23613,2021-09-08 18:03:00,SRNE
8.0868,8.0868,8.085,8.085,1575,2021-09-08 18:04:00,SRNE
8.085,8.085,8.085,8.085,500,2021-09-08 18:05:00,SRNE
8.085,8.0899,8.085,8.085,6486,2021-09-08 18:06:00,SRNE
8.085,8.085,8.08,8.08,16605,2021-09-08 18:07:00,SRNE
8.0806,8.085,8.08,8.08,2350,2021-09-08 18:08:00,SRNE
8.08,8.09,8.0799,8.085,9813,2021-09-08 18:09:00,SRNE
8.08,8.0886,8.08,8.0875,2650,2021-09-08 18:10:00,SRNE
8.0893,8.0899,8.08,8.0899,14105,2021-09-08 18:11:00,SRNE
8.08,8.0899,8.08,8.0899,300,2021-09-08 18:12:00,SRNE
8.085,8.0872,8.085,8.085,1450,2021-09-08 18:13:00,SRNE
8.09,8.13,8.09,8.125,13758,2021-09-08 18:14:00,SRNE
8.125,8.13,8.105,8.105,5200,2021-09-08 18:15:00,SRNE
8.1,8.105,8.1,8.105,400,2021-09-08 18:16:00,SRNE
8.1099,8.1099,8.1,8.105,920,2021-09-08 18:17:00,SRNE
8.105,8.105,8.1,8.1,822,2021-09-08 18:18:00,SRNE
8.1,8.1,8.095,8.0999,3940,2021-09-08 18:19:00,SRNE
8.09,8.095,8.085,8.09,3545,2021-09-08 18:20:00,SRNE
8.09,8.095,8.09,8.09,4333,2021-09-08 18:21:00,SRNE
8.09,8.1,8.09,8.095,10666,2021-09-08 18:22:00,SRNE
8.1,8.1,8.0901,8.1,12825,2021-09-08 18:23:00,SRNE
8.095,8.095,8.095,8.095,400,2021-09-08 18:24:00,SRNE
8.095,8.1,8.09,8.098,3400,2021-09-08 18:25:00,SRNE
8.0999,8.0999,8.0925,8.095,1500,2021-09-08 18:26:00,SRNE
8.095,8.099,8.0901,8.095,2000,2021-09-08 18:27:00,SRNE
8.095,8.1,8.0808,8.085,12779,2021-09-08 18:28:00,SRNE
8.09,8.09,8.0802,8.09,800,2021-09-08 18:29:00,SRNE
8.09,8.09,8.085,8.085,900,2021-09-08 18:30:00,SRNE
8.09,8.095,8.08,8.09,25080,2021-09-08 18:31:00,SRNE
8.085,8.0881,8.085,8.085,1144,2021-09-08 18:32:00,SRNE
8.08,8.08,8.07,8.078,4750,2021-09-08 18:33:00,SRNE
8.0701,8.0768,8.0701,8.0709,3816,2021-09-08 18:34:00,SRNE
8.071,8.08,8.071,8.075,3500,2021-09-08 18:35:00,SRNE
8.0799,8.08,8.075,8.075,8400,2021-09-08 18:36:00,SRNE
8.0743,8.09,8.0743,8.09,5480,2021-09-08 18:37:00,SRNE
8.09,8.09,8.09,8.09,500,2021-09-08 18:38:00,SRNE
8.085,8.09,8.081,8.085,1852,2021-09-08 18:39:00,SRNE
8.08,8.089,8.075,8.075,4730,2021-09-08 18:40:00,SRNE
8.071,8.075,8.06,8.07,6267,2021-09-08 18:41:00,SRNE
8.07,8.07,8.06,8.0699,2026,2021-09-08 18:42:00,SRNE
8.06,8.068,8.06,8.06,2324,2021-09-08 18:43:00,SRNE
8.065,8.08,8.0622,8.08,7968,2021-09-08 18:44:00,SRNE
8.08,8.08,8.07,8.07,6000,2021-09-08 18:45:00,SRNE
8.065,8.07,8.065,8.065,500,2021-09-08 18:46:00,SRNE
8.065,8.07,8.065,8.0676,450,2021-09-08 18:47:00,SRNE
8.06,8.07,8.06,8.07,341,2021-09-08 18:48:00,SRNE
8.065,8.065,8.065,8.065,100,2021-09-08 18:49:00,SRNE
8.065,8.07,8.06,8.065,1444,2021-09-08 18:50:00,SRNE
8.065,8.07,8.06,8.065,1800,2021-09-08 18:51:00,SRNE
8.0601,8.07,8.0601,8.0679,3215,2021-09-08 18:52:00,SRNE
8.065,8.08,8.065,8.075,4948,2021-09-08 18:53:00,SRNE
8.07,8.07,8.0679,8.07,1652,2021-09-08 18:54:00,SRNE
8.065,8.0657,8.065,8.065,2600,2021-09-08 18:55:00,SRNE
8.07,8.07,8.07,8.07,100,2021-09-08 18:56:00,SRNE
8.0634,8.07,8.0634,8.065,3166,2021-09-08 18:57:00,SRNE
8.07,8.08,8.07,8.08,5360,2021-09-08 18:58:00,SRNE
8.075,8.075,8.05,8.06,9305,2021-09-08 18:59:00,SRNE
8.055,8.055,8.055,8.055,200,2021-09-08 19:00:00,SRNE
8.0528,8.057,8.0521,8.057,1124,2021-09-08 19:01:00,SRNE
8.0511,8.06,8.05,8.0599,5900,2021-09-08 19:02:00,SRNE
8.0503,8.06,8.0503,8.055,7544,2021-09-08 19:03:00,SRNE
8.06,8.07,8.06,8.07,5464,2021-09-08 19:04:00,SRNE
8.07,8.07,8.065,8.065,2000,2021-09-08 19:05:00,SRNE
8.065,8.065,8.06,8.06,1000,2021-09-08 19:06:00,SRNE
8.06,8.06,8.05,8.06,5452,2021-09-08 19:07:00,SRNE
8.0598,8.06,8.053,8.055,6000,2021-09-08 19:08:00,SRNE
8.0599,8.06,8.0577,8.06,2000,2021-09-08 19:09:00,SRNE
8.0579,8.07,8.0579,8.065,8870,2021-09-08 19:10:00,SRNE
8.07,8.07,8.06,8.06,1324,2021-09-08 19:11:00,SRNE
8.07,8.07,8.0676,8.07,5939,2021-09-08 19:12:00,SRNE
8.07,8.07,8.065,8.065,623,2021-09-08 19:13:00,SRNE
8.0638,8.065,8.0616,8.065,1600,2021-09-08 19:14:00,SRNE
8.065,8.065,8.05,8.055,15075,2021-09-08 19:15:00,SRNE
8.055,8.06,8.0524,8.06,1731,2021-09-08 19:16:00,SRNE
8.06,8.06,8.055,8.06,1113,2021-09-08 19:17:00,SRNE
8.0517,8.06,8.05,8.055,7919,2021-09-08 19:18:00,SRNE
8.0571,8.06,8.0527,8.0527,524,2021-09-08 19:19:00,SRNE
8.05,8.055,8.04,8.05,24919,2021-09-08 19:20:00,SRNE
8.045,8.05,8.045,8.05,600,2021-09-08 19:21:00,SRNE
8.05,8.05,8.0416,8.05,1412,2021-09-08 19:22:00,SRNE
8.0499,8.05,8.04,8.05,4948,2021-09-08 19:23:00,SRNE
8.05,8.06,8.05,8.06,4001,2021-09-08 19:24:00,SRNE
8.0599,8.06,8.045,8.049,21667,2021-09-08 19:25:00,SRNE
8.05,8.055,8.05,8.055,2598,2021-09-08 19:26:00,SRNE
8.05,8.06,8.05,8.055,2978,2021-09-08 19:27:00,SRNE
8.06,8.06,8.04,8.05,22059,2021-09-08 19:28:00,SRNE
8.05,8.07,8.0401,8.0699,23241,2021-09-08 19:29:00,SRNE
8.065,8.07,8.0518,8.0518,5834,2021-09-08 19:30:00,SRNE
8.055,8.055,8.0425,8.0425,2225,2021-09-08 19:31:00,SRNE
8.05,8.05,8.04,8.045,14193,2021-09-08 19:32:00,SRNE
8.045,8.05,8.04,8.0479,3840,2021-09-08 19:33:00,SRNE
8.045,8.05,8.0401,8.045,12072,2021-09-08 19:34:00,SRNE
8.05,8.05,8.04,8.045,3497,2021-09-08 19:35:00,SRNE
8.04,8.0477,8.03,8.035,19658,2021-09-08 19:36:00,SRNE
8.0312,8.0378,8.03,8.035,14310,2021-09-08 19:37:00,SRNE
8.03,8.0399,8.03,8.0353,3385,2021-09-08 19:38:00,SRNE
8.039,8.0399,8.03,8.035,2616,2021-09-08 19:39:00,SRNE
8.03,8.0395,8.02,8.025,21601,2021-09-08 19:40:00,SRNE
8.0298,8.0298,8.01,8.01,36550,2021-09-08 19:41:00,SRNE
8.015,8.02,8.01,8.015,11611,2021-09-08 19:42:00,SRNE
8.02,8.025,8.01,8.025,24681,2021-09-08 19:43:00,SRNE
8.03,8.03,8.0201,8.025,5820,2021-09-08 19:44:00,SRNE
8.025,8.0299,8.01,8.02,71403,2021-09-08 19:45:00,SRNE
8.015,8.02,8.0125,8.02,13133,2021-09-08 19:46:00,SRNE
8.02,8.029,8.015,8.025,17071,2021-09-08 19:47:00,SRNE
8.025,8.04,8.025,8.035,36657,2021-09-08 19:48:00,SRNE
8.03,8.04,8.03,8.03,1902,2021-09-08 19:49:00,SRNE
8.03,8.04,8.025,8.03,9628,2021-09-08 19:50:00,SRNE
8.0307,8.0399,8.03,8.035,14020,2021-09-08 19:51:00,SRNE
8.03,8.04,8.03,8.0399,9167,2021-09-08 19:52:00,SRNE
8.035,8.04,8.03,8.03,18388,2021-09-08 19:53:00,SRNE
8.03,8.06,8.03,8.05,44331,2021-09-08 19:54:00,SRNE
8.05,8.1,8.0499,8.095,117807,2021-09-08 19:55:00,SRNE
8.095,8.12,8.08,8.115,58127,2021-09-08 19:56:00,SRNE
8.115,8.12,8.07,8.075,58574,2021-09-08 19:57:00,SRNE
8.075,8.1,8.075,8.09,56902,2021-09-08 19:58:00,SRNE
8.09,8.095,8.08,8.09,44478,2021-09-08 19:59:00,SRNE
8.08,8.08,8.08,8.08,226338,2021-09-08 20:00:00,SRNE
8.0801,8.16,8.08,8.16,636,2021-09-08 20:01:00,SRNE
8.16,8.16,8.16,8.16,100,2021-09-08 20:03:00,SRNE
8.15,8.15,8.15,8.15,100,2021-09-08 20:04:00,SRNE
8.1,8.1,8.1,8.1,100,2021-09-08 20:17:00,SRNE
8.1,8.1,8.1,8.1,100,2021-09-08 20:21:00,SRNE
8.1,8.1,8.1,8.1,1200,2021-09-08 20:22:00,SRNE
8.1,8.1,8.1,8.1,300,2021-09-08 20:23:00,SRNE
8.08,8.08,8.08,8.08,200,2021-09-08 20:33:00,SRNE
8.08,8.08,8.08,8.08,120,2021-09-08 20:34:00,SRNE
8.08,8.08,8.08,8.08,1340,2021-09-08 20:35:00,SRNE
8.08,8.08,8.08,8.08,100,2021-09-08 20:38:00,SRNE
8.08,8.08,8.08,8.08,100,2021-09-08 20:46:00,SRNE
8.08,8.08,8.08,8.08,1000,2021-09-08 21:04:00,SRNE
8.0899,8.0899,8.0899,8.0899,315,2021-09-08 21:09:00,SRNE
8.09,8.09,8.09,8.09,400,2021-09-08 21:13:00,SRNE
8.09,8.09,8.09,8.09,1000,2021-09-08 21:39:00,SRNE
8.05,8.05,8.05,8.05,1100,2021-09-08 21:44:00,SRNE
8.05,8.05,8.05,8.05,500,2021-09-08 21:46:00,SRNE
8.0799,8.08,8.0799,8.08,200,2021-09-08 21:50:00,SRNE
8.05,8.05,8.05,8.05,500,2021-09-08 21:57:00,SRNE
8.0799,8.08,8.0799,8.08,600,2021-09-08 21:58:00,SRNE
8.08,8.08,8.08,8.08,125,2021-09-08 22:07:00,SRNE
8.08,8.08,8.08,8.08,650,2021-09-08 22:14:00,SRNE
8.08,8.08,8.08,8.08,2000,2021-09-08 22:23:00,SRNE
8.08,8.08,8.08,8.08,177,2021-09-08 22:30:00,SRNE
8.08,8.08,8.08,8.08,450,2021-09-08 23:08:00,SRNE
8.1,8.1,8.1,8.1,700,2021-09-08 23:25:00,SRNE
8.1,8.11,8.1,8.11,1346,2021-09-08 23:26:00,SRNE
8.08,8.08,8.08,8.08,150,2021-09-08 23:37:00,SRNE
8.0999,8.0999,8.0999,8.0999,100,2021-09-08 23:51:00,SRNE
8.09,8.09,8.09,8.09,127,2021-09-08 23:55:00,SRNE
8.31,8.31,8.31,8.31,200,2021-09-09 08:27:00,SRNE
8.3,8.3,8.3,8.3,600,2021-09-09 08:31:00,SRNE
8.1,8.1,8.1,8.1,300,2021-09-09 11:15:00,SRNE
8.08,8.08,8.08,8.08,100,2021-09-09 11:16:00,SRNE
8.07,8.07,8.07,8.07,200,2021-09-09 11:36:00,SRNE
8.07,8.07,8.07,8.07,627,2021-09-09 11:59:00,SRNE
8.0799,8.08,8.0799,8.08,400,2021-09-09 12:08:00,SRNE
8.08,8.08,8.08,8.08,100,2021-09-09 12:15:00,SRNE
8.0701,8.0701,8.0701,8.0701,300,2021-09-09 12:16:00,SRNE
8.08,8.08,8.08,8.08,300,2021-09-09 12:21:00,SRNE
8.07,8.07,8.07,8.07,250,2021-09-09 12:22:00,SRNE
8.07,8.07,8.07,8.07,110,2021-09-09 12:23:00,SRNE
8.07,8.07,8.07,8.07,177,2021-09-09 12:30:00,SRNE
8.0799,8.08,8.0799,8.08,400,2021-09-09 12:39:00,SRNE
8.07,8.07,8.07,8.07,500,2021-09-09 13:04:00,SRNE
8.07,8.07,8.07,8.07,1000,2021-09-09 13:06:00,SRNE
8.07,8.07,8.07,8.07,4000,2021-09-09 13:07:00,SRNE
8.08,8.08,8.08,8.08,300,2021-09-09 13:11:00,SRNE
8.07,8.07,8.07,8.07,700,2021-09-09 13:18:00,SRNE
8.07,8.07,8.07,8.07,3000,2021-09-09 13:19:00,SRNE
8.07,8.07,8.07,8.07,1150,2021-09-09 13:21:00,SRNE
8.07,8.07,8.07,8.07,605,2021-09-09 13:22:00,SRNE
8.08,8.08,8.08,8.08,150,2021-09-09 13:24:00,SRNE
8.08,8.1199,8.07,8.1199,1317,2021-09-09 13:25:00,SRNE
8.08,8.09,8.03,8.03,56852,2021-09-09 13:30:00,SRNE
8.04,8.08,8.04,8.07,5850,2021-09-09 13:31:00,SRNE
8.075,8.11,8.075,8.11,14493,2021-09-09 13:32:00,SRNE
8.1,8.11,8.09,8.095,19198,2021-09-09 13:33:00,SRNE
8.1,8.11,8.085,8.09,5986,2021-09-09 13:34:00,SRNE
8.1,8.14,8.1,8.13,11655,2021-09-09 13:35:00,SRNE
8.13,8.13,8.1087,8.1087,6950,2021-09-09 13:36:00,SRNE
8.105,8.11,8.0884,8.11,8223,2021-09-09 13:37:00,SRNE
8.1003,8.12,8.09,8.1189,25699,2021-09-09 13:38:00,SRNE
8.12,8.125,8.105,8.11,8700,2021-09-09 13:39:00,SRNE
8.11,8.11,8.07,8.07,12398,2021-09-09 13:40:00,SRNE
8.07,8.1,8.06,8.1,14670,2021-09-09 13:41:00,SRNE
8.09,8.125,8.09,8.12,7259,2021-09-09 13:42:00,SRNE
8.12,8.12,8.11,8.115,3296,2021-09-09 13:43:00,SRNE
8.12,8.1291,8.12,8.125,8300,2021-09-09 13:44:00,SRNE
8.12,8.12,8.1,8.1,8864,2021-09-09 13:45:00,SRNE
8.09,8.09,8.075,8.08,12800,2021-09-09 13:46:00,SRNE
8.09,8.09,8.07,8.07,6696,2021-09-09 13:47:00,SRNE
8.07,8.08,8.07,8.08,1800,2021-09-09 13:48:00,SRNE
8.08,8.085,8.08,8.08,1800,2021-09-09 13:49:00,SRNE
8.08,8.105,8.08,8.105,3500,2021-09-09 13:50:00,SRNE
8.107,8.12,8.107,8.1199,2499,2021-09-09 13:51:00,SRNE
8.11,8.13,8.1,8.1,22459,2021-09-09 13:52:00,SRNE
8.1,8.1,8.08,8.08,11212,2021-09-09 13:53:00,SRNE
8.0874,8.09,8.08,8.081,8378,2021-09-09 13:54:00,SRNE
8.0899,8.1,8.085,8.1,7837,2021-09-09 13:55:00,SRNE
8.11,8.15,8.11,8.1423,8382,2021-09-09 13:56:00,SRNE
8.1492,8.16,8.145,8.15,11568,2021-09-09 13:57:00,SRNE
8.1509,8.152,8.14,8.14,19522,2021-09-09 13:58:00,SRNE
8.13,8.1399,8.125,8.129,11098,2021-09-09 13:59:00,SRNE
8.1296,8.16,8.1296,8.157,13428,2021-09-09 14:00:00,SRNE
8.15,8.1599,8.1429,8.1483,4010,2021-09-09 14:01:00,SRNE
8.14,8.16,8.09,8.1,37552,2021-09-09 14:02:00,SRNE
8.1,8.1,8.075,8.075,32991,2021-09-09 14:03:00,SRNE
8.0787,8.09,8.065,8.09,11629,2021-09-09 14:04:00,SRNE
8.1,8.115,8.09,8.09,13882,2021-09-09 14:05:00,SRNE
8.1,8.1,8.09,8.095,21623,2021-09-09 14:06:00,SRNE
8.095,8.0954,8.0723,8.08,13473,2021-09-09 14:07:00,SRNE
8.0784,8.08,8.0699,8.0699,9901,2021-09-09 14:08:00,SRNE
8.065,8.08,8.065,8.07,6696,2021-09-09 14:09:00,SRNE
8.0701,8.1031,8.0701,8.08,45330,2021-09-09 14:10:00,SRNE
8.08,8.08,8.0779,8.0779,2147,2021-09-09 14:11:00,SRNE
8.0792,8.08,8.06,8.08,10669,2021-09-09 14:12:00,SRNE
8.08,8.08,8.06,8.06,4619,2021-09-09 14:13:00,SRNE
8.06,8.07,8.04,8.05,19097,2021-09-09 14:14:00,SRNE
8.05,8.0517,8.04,8.0499,11887,2021-09-09 14:15:00,SRNE
8.0413,8.0413,8.01,8.03,33417,2021-09-09 14:16:00,SRNE
8.03,8.07,8.03,8.07,12871,2021-09-09 14:17:00,SRNE
8.08,8.085,8.07,8.085,6960,2021-09-09 14:18:00,SRNE
8.0899,8.11,8.085,8.11,9324,2021-09-09 14:19:00,SRNE
8.11,8.11,8.0901,8.0901,3223,2021-09-09 14:20:00,SRNE
8.095,8.1,8.09,8.09,7944,2021-09-09 14:21:00,SRNE
8.082,8.09,8.075,8.09,7240,2021-09-09 14:22:00,SRNE
8.095,8.1,8.09,8.09,1800,2021-09-09 14:23:00,SRNE
8.0901,8.095,8.08,8.0871,6157,2021-09-09 14:24:00,SRNE
8.0899,8.09,8.0899,8.09,2600,2021-09-09 14:25:00,SRNE
8.1,8.1,8.085,8.09,4817,2021-09-09 14:27:00,SRNE
8.1,8.1178,8.1,8.11,8600,2021-09-09 14:28:00,SRNE
8.11,8.115,8.1,8.11,6232,2021-09-09 14:29:00,SRNE
8.115,8.12,8.115,8.12,6300,2021-09-09 14:30:00,SRNE
8.11,8.11,8.095,8.105,2877,2021-09-09 14:31:00,SRNE
8.105,8.115,8.0901,8.105,15103,2021-09-09 14:32:00,SRNE
8.1,8.11,8.1,8.11,2787,2021-09-09 14:33:00,SRNE
8.1112,8.12,8.11,8.11,5738,2021-09-09 14:34:00,SRNE
8.1108,8.1312,8.1108,8.13,9732,2021-09-09 14:35:00,SRNE
8.1214,8.15,8.1214,8.1423,15659,2021-09-09 14:36:00,SRNE
8.1401,8.1409,8.12,8.12,15970,2021-09-09 14:37:00,SRNE
8.125,8.15,8.125,8.1379,24198,2021-09-09 14:38:00,SRNE
8.135,8.14,8.13,8.14,2348,2021-09-09 14:39:00,SRNE
8.14,8.14,8.1201,8.1201,20418,2021-09-09 14:40:00,SRNE
8.1299,8.1299,8.12,8.12,6559,2021-09-09 14:41:00,SRNE
8.1121,8.115,8.11,8.11,1700,2021-09-09 14:42:00,SRNE
8.11,8.1196,8.11,8.11,1650,2021-09-09 14:44:00,SRNE
8.12,8.145,8.115,8.1389,10397,2021-09-09 14:45:00,SRNE
8.138,8.138,8.13,8.131,1250,2021-09-09 14:46:00,SRNE
8.135,8.14,8.135,8.135,1500,2021-09-09 14:47:00,SRNE
8.135,8.135,8.135,8.135,500,2021-09-09 14:48:00,SRNE
8.13,8.16,8.13,8.16,25896,2021-09-09 14:49:00,SRNE
8.1684,8.1684,8.15,8.15,10687,2021-09-09 14:50:00,SRNE
8.1408,8.159,8.1408,8.155,15393,2021-09-09 14:51:00,SRNE
8.15,8.15,8.145,8.1482,900,2021-09-09 14:52:00,SRNE
8.149,8.15,8.145,8.15,3459,2021-09-09 14:53:00,SRNE
8.15,8.15,8.141,8.15,3067,2021-09-09 14:54:00,SRNE
8.15,8.15,8.14,8.1417,1614,2021-09-09 14:55:00,SRNE
8.1454,8.1454,8.1454,8.1454,3000,2021-09-09 14:56:00,SRNE
8.15,8.1506,8.14,8.15,8300,2021-09-09 14:57:00,SRNE
8.14,8.15,8.14,8.15,4800,2021-09-09 14:58:00,SRNE
8.15,8.1501,8.1418,8.1497,10632,2021-09-09 14:59:00,SRNE
8.15,8.155,8.145,8.145,8894,2021-09-09 15:00:00,SRNE
8.15,8.16,8.145,8.1599,11200,2021-09-09 15:01:00,SRNE
8.15,8.175,8.15,8.17,8030,2021-09-09 15:02:00,SRNE
8.18,8.18,8.1713,8.175,6503,2021-09-09 15:03:00,SRNE
8.18,8.18,8.18,8.18,4621,2021-09-09 15:04:00,SRNE
8.175,8.18,8.1501,8.165,10797,2021-09-09 15:05:00,SRNE
8.16,8.17,8.16,8.17,4090,2021-09-09 15:06:00,SRNE
8.175,8.18,8.17,8.17,6800,2021-09-09 15:07:00,SRNE
8.1653,8.1653,8.16,8.16,3100,2021-09-09 15:08:00,SRNE
8.165,8.165,8.16,8.16,1050,2021-09-09 15:09:00,SRNE
8.1609,8.1609,8.14,8.145,7530,2021-09-09 15:10:00,SRNE
8.15,8.16,8.15,8.155,3485,2021-09-09 15:11:00,SRNE
8.155,8.155,8.14,8.1414,2200,2021-09-09 15:12:00,SRNE
8.145,8.15,8.145,8.145,1316,2021-09-09 15:13:00,SRNE
8.15,8.15,8.14,8.14,10708,2021-09-09 15:14:00,SRNE
8.1401,8.16,8.1401,8.15,4850,2021-09-09 15:15:00,SRNE
8.15,8.16,8.15,8.155,10688,2021-09-09 15:16:00,SRNE
8.16,8.16,8.154,8.154,535,2021-09-09 15:17:00,SRNE
8.155,8.16,8.155,8.155,4905,2021-09-09 15:18:00,SRNE
8.16,8.16,8.145,8.145,7555,2021-09-09 15:19:00,SRNE
8.1401,8.15,8.13,8.13,8979,2021-09-09 15:20:00,SRNE
8.13,8.13,8.12,8.12,2450,2021-09-09 15:21:00,SRNE
8.12,8.12,8.11,8.11,4770,2021-09-09 15:22:00,SRNE
8.11,8.12,8.11,8.11,1106,2021-09-09 15:23:00,SRNE
8.1,8.11,8.1,8.1,5500,2021-09-09 15:24:00,SRNE
8.11,8.11,8.1,8.1013,7296,2021-09-09 15:25:00,SRNE
8.1,8.105,8.1,8.1,600,2021-09-09 15:26:00,SRNE
8.1,8.105,8.1,8.105,300,2021-09-09 15:27:00,SRNE
8.1,8.1074,8.1,8.105,2571,2021-09-09 15:28:00,SRNE
8.1,8.1099,8.1,8.1,3991,2021-09-09 15:29:00,SRNE
8.1015,8.1015,8.1,8.1,930,2021-09-09 15:30:00,SRNE
8.1,8.105,8.08,8.08,20748,2021-09-09 15:31:00,SRNE
8.08,8.085,8.07,8.07,12039,2021-09-09 15:32:00,SRNE
8.07,8.07,8.06,8.06,4813,2021-09-09 15:33:00,SRNE
8.0699,8.07,8.055,8.065,15625,2021-09-09 15:34:00,SRNE
8.06,8.07,8.06,8.06,2000,2021-09-09 15:35:00,SRNE
8.06,8.0693,8.06,8.068,724,2021-09-09 15:36:00,SRNE
8.06,8.08,8.06,8.08,7727,2021-09-09 15:37:00,SRNE
8.075,8.09,8.075,8.0899,13157,2021-09-09 15:38:00,SRNE
8.08,8.09,8.08,8.08,6327,2021-09-09 15:39:00,SRNE
8.0899,8.09,8.08,8.09,7272,2021-09-09 15:40:00,SRNE
8.09,8.095,8.0875,8.0899,6003,2021-09-09 15:41:00,SRNE
8.0882,8.09,8.07,8.0701,11880,2021-09-09 15:42:00,SRNE
8.07,8.08,8.07,8.075,6150,2021-09-09 15:43:00,SRNE
8.07,8.08,8.07,8.075,2800,2021-09-09 15:44:00,SRNE
8.07,8.08,8.07,8.07,1643,2021-09-09 15:45:00,SRNE
8.07,8.0711,8.07,8.07,855,2021-09-09 15:46:00,SRNE
8.08,8.08,8.06,8.06,2630,2021-09-09 15:47:00,SRNE
8.06,8.06,8.04,8.04,32794,2021-09-09 15:48:00,SRNE
8.035,8.04,8.035,8.035,6640,2021-09-09 15:49:00,SRNE
8.04,8.04,8.035,8.035,5829,2021-09-09 15:50:00,SRNE
8.035,8.04,8.03,8.0393,14200,2021-09-09 15:51:00,SRNE
8.0389,8.051,8.035,8.05,29837,2021-09-09 15:52:00,SRNE
8.06,8.0699,8.06,8.065,2400,2021-09-09 15:53:00,SRNE
8.0621,8.0621,8.05,8.051,10450,2021-09-09 15:54:00,SRNE
8.055,8.075,8.05,8.07,19476,2021-09-09 15:55:00,SRNE
8.07,8.08,8.07,8.075,9478,2021-09-09 15:56:00,SRNE
8.075,8.0799,8.0724,8.075,4800,2021-09-09 15:57:00,SRNE
8.075,8.08,8.06,8.06,14595,2021-09-09 15:58:00,SRNE
8.06,8.065,8.06,8.06,8960,2021-09-09 15:59:00,SRNE
8.06,8.0785,8.06,8.0701,8583,2021-09-09 16:00:00,SRNE
8.0767,8.0785,8.0743,8.0743,1400,2021-09-09 16:01:00,SRNE
8.0771,8.0771,8.07,8.07,3238,2021-09-09 16:02:00,SRNE
8.06,8.06,8.05,8.055,20333,2021-09-09 16:03:00,SRNE
8.055,8.07,8.05,8.0631,5653,2021-09-09 16:04:00,SRNE
8.065,8.065,8.05,8.05,2098,2021-09-09 16:05:00,SRNE
8.0511,8.0511,8.042,8.045,5311,2021-09-09 16:06:00,SRNE
8.04,8.045,8.04,8.045,900,2021-09-09 16:07:00,SRNE
8.05,8.05,8.045,8.045,1800,2021-09-09 16:08:00,SRNE
8.045,8.0483,8.043,8.0483,500,2021-09-09 16:09:00,SRNE
8.045,8.05,8.04,8.05,1974,2021-09-09 16:10:00,SRNE
8.05,8.05,8.04,8.0499,805,2021-09-09 16:11:00,SRNE
8.045,8.05,8.045,8.0499,900,2021-09-09 16:12:00,SRNE
8.045,8.045,8.03,8.035,11054,2021-09-09 16:13:00,SRNE
8.035,8.039,8.03,8.03,2461,2021-09-09 16:14:00,SRNE
8.03,8.04,8.03,8.0382,14083,2021-09-09 16:15:00,SRNE
8.03,8.03,8.025,8.025,3317,2021-09-09 16:16:00,SRNE
8.02,8.025,8.01,8.015,17640,2021-09-09 16:17:00,SRNE
8.02,8.02,8.015,8.02,5342,2021-09-09 16:18:00,SRNE
8.015,8.02,8.0115,8.02,9958,2021-09-09 16:19:00,SRNE
8.0189,8.0189,8.01,8.01,6962,2021-09-09 16:20:00,SRNE
8.015,8.0199,8.01,8.0189,10200,2021-09-09 16:21:00,SRNE
8.015,8.03,8.015,8.025,13312,2021-09-09 16:22:00,SRNE
8.025,8.03,8.02,8.02,6654,2021-09-09 16:23:00,SRNE
8.025,8.04,8.025,8.03,6886,2021-09-09 16:24:00,SRNE
8.0399,8.0399,8.03,8.035,2259,2021-09-09 16:25:00,SRNE
8.03,8.0387,8.03,8.03,24609,2021-09-09 16:26:00,SRNE
8.04,8.0516,8.03,8.05,13164,2021-09-09 16:27:00,SRNE
8.0485,8.0485,8.04,8.045,1140,2021-09-09 16:28:00,SRNE
8.04,8.04,8.0307,8.0307,9335,2021-09-09 16:29:00,SRNE
8.035,8.04,8.033,8.04,1433,2021-09-09 16:30:00,SRNE
8.035,8.045,8.03,8.03,7858,2021-09-09 16:31:00,SRNE
8.035,8.05,8.035,8.045,3803,2021-09-09 16:32:00,SRNE
8.045,8.047,8.0419,8.047,1420,2021-09-09 16:33:00,SRNE
8.04,8.0484,8.04,8.0484,1469,2021-09-09 16:34:00,SRNE
8.05,8.05,8.04,8.05,4709,2021-09-09 16:35:00,SRNE
8.06,8.07,8.055,8.065,16793,2021-09-09 16:36:00,SRNE
8.06,8.065,8.06,8.06,21844,2021-09-09 16:37:00,SRNE
8.06,8.0681,8.06,8.06,3800,2021-09-09 16:38:00,SRNE
8.065,8.0671,8.0623,8.065,2722,2021-09-09 16:39:00,SRNE
8.065,8.0699,8.065,8.067,2897,2021-09-09 16:40:00,SRNE
8.065,8.08,8.065,8.075,6780,2021-09-09 16:41:00,SRNE
8.07,8.071,8.06,8.07,7335,2021-09-09 16:42:00,SRNE
8.0687,8.0687,8.06,8.065,3800,2021-09-09 16:43:00,SRNE
8.062,8.065,8.06,8.0611,1700,2021-09-09 16:44:00,SRNE
8.06,8.06,8.06,8.06,3033,2021-09-09 16:45:00,SRNE
8.0581,8.0581,8.055,8.055,2600,2021-09-09 16:46:00,SRNE
8.055,8.055,8.05,8.05,10521,2021-09-09 16:47:00,SRNE
8.05,8.05,8.04,8.04,5307,2021-09-09 16:48:00,SRNE
8.04,8.045,8.04,8.045,2698,2021-09-09 16:49:00,SRNE
8.0429,8.06,8.0429,8.059,10774,2021-09-09 16:50:00,SRNE
8.055,8.06,8.0527,8.055,4353,2021-09-09 16:51:00,SRNE
8.06,8.07,8.052,8.0625,6154,2021-09-09 16:52:00,SRNE
8.07,8.07,8.07,8.07,200,2021-09-09 16:53:00,SRNE
8.066,8.0693,8.0622,8.065,10800,2021-09-09 16:54:00,SRNE
8.06,8.0713,8.06,8.07,8805,2021-09-09 16:55:00,SRNE
8.07,8.07,8.07,8.07,700,2021-09-09 16:56:00,SRNE
8.08,8.08,8.065,8.07,3691,2021-09-09 16:57:00,SRNE
8.065,8.0683,8.0601,8.0609,10100,2021-09-09 16:58:00,SRNE
8.065,8.065,8.065,8.065,620,2021-09-09 16:59:00,SRNE
8.065,8.065,8.065,8.065,450,2021-09-09 17:00:00,SRNE
8.06,8.065,8.06,8.065,7240,2021-09-09 17:01:00,SRNE
8.065,8.0673,8.065,8.0673,400,2021-09-09 17:02:00,SRNE
8.065,8.0673,8.065,8.0673,300,2021-09-09 17:03:00,SRNE
8.06,8.065,8.06,8.065,1030,2021-09-09 17:04:00,SRNE
8.065,8.065,8.0649,8.0649,300,2021-09-09 17:05:00,SRNE
8.065,8.065,8.065,8.065,560,2021-09-09 17:06:00,SRNE
8.065,8.065,8.065,8.065,100,2021-09-09 17:07:00,SRNE
8.065,8.07,8.065,8.07,3960,2021-09-09 17:08:00,SRNE
8.075,8.0797,8.075,8.0797,400,2021-09-09 17:09:00,SRNE
8.075,8.085,8.07,8.08,22173,2021-09-09 17:10:00,SRNE
8.09,8.09,8.085,8.0889,918,2021-09-09 17:11:00,SRNE
8.0884,8.0884,8.08,8.085,2419,2021-09-09 17:12:00,SRNE
8.085,8.0899,8.085,8.085,4523,2021-09-09 17:13:00,SRNE
8.0885,8.09,8.085,8.09,3521,2021-09-09 17:14:00,SRNE
8.0901,8.095,8.09,8.09,3610,2021-09-09 17:15:00,SRNE
8.0867,8.09,8.085,8.09,4623,2021-09-09 17:16:00,SRNE
8.09,8.09,8.08,8.0814,8877,2021-09-09 17:17:00,SRNE
8.08,8.0802,8.07,8.07,5879,2021-09-09 17:18:00,SRNE
8.07,8.07,8.06,8.065,2356,2021-09-09 17:19:00,SRNE
8.065,8.07,8.045,8.05,23691,2021-09-09 17:20:00,SRNE
8.045,8.05,8.035,8.04,16650,2021-09-09 17:21:00,SRNE
8.0301,8.04,8.03,8.03,31902,2021-09-09 17:22:00,SRNE
8.03,8.03,8.0291,8.0291,1100,2021-09-09 17:23:00,SRNE
8.03,8.03,8.02,8.025,8042,2021-09-09 17:24:00,SRNE
8.02,8.025,8.02,8.02,6400,2021-09-09 17:25:00,SRNE
8.025,8.0288,8.015,8.015,5873,2021-09-09 17:26:00,SRNE
8.02,8.02,8.015,8.015,4199,2021-09-09 17:27:00,SRNE
8.015,8.02,8.0101,8.015,12385,2021-09-09 17:28:00,SRNE
8.015,8.02,8.0101,8.015,13685,2021-09-09 17:29:00,SRNE
8.02,8.02,8.011,8.015,2803,2021-09-09 17:30:00,SRNE
8.01,8.01,8.005,8.005,19275,2021-09-09 17:31:00,SRNE
8.0099,8.02,8.005,8.0186,12095,2021-09-09 17:32:00,SRNE
8.0198,8.025,8.015,8.02,13695,2021-09-09 17:33:00,SRNE
8.0224,8.03,8.0201,8.0201,871,2021-09-09 17:34:00,SRNE
8.0258,8.0258,8.005,8.015,18389,2021-09-09 17:35:00,SRNE
8.015,8.016,8.015,8.016,1500,2021-09-09 17:36:00,SRNE
8.015,8.0177,8.015,8.015,3245,2021-09-09 17:37:00,SRNE
8.0101,8.02,8.01,8.01,1900,2021-09-09 17:38:00,SRNE
8.0188,8.0188,8.015,8.015,1160,2021-09-09 17:39:00,SRNE
8.015,8.0199,8.01,8.01,2855,2021-09-09 17:40:00,SRNE
8.015,8.02,8.015,8.02,800,2021-09-09 17:41:00,SRNE
8.015,8.02,8.015,8.015,1890,2021-09-09 17:42:00,SRNE
8.01,8.0182,8.01,8.015,1700,2021-09-09 17:43:00,SRNE
8.0115,8.015,8.0115,8.015,1309,2021-09-09 17:44:00,SRNE
8.02,8.03,8.015,8.0299,4910,2021-09-09 17:45:00,SRNE
8.02,8.0267,8.02,8.0267,4245,2021-09-09 17:46:00,SRNE
8.025,8.03,8.025,8.03,12330,2021-09-09 17:47:00,SRNE
8.0276,8.0276,8.025,8.025,600,2021-09-09 17:48:00,SRNE
8.025,8.029,8.02,8.0277,14025,2021-09-09 17:49:00,SRNE
8.02,8.0299,8.02,8.0299,2750,2021-09-09 17:50:00,SRNE
8.0201,8.03,8.02,8.03,4200,2021-09-09 17:51:00,SRNE
8.025,8.025,8.02,8.02,2124,2021-09-09 17:52:00,SRNE
8.02,8.02,8.0178,8.0199,3150,2021-09-09 17:53:00,SRNE
8.0199,8.0199,8.01,8.0183,2160,2021-09-09 17:54:00,SRNE
8.015,8.0199,8.01,8.015,1395,2021-09-09 17:55:00,SRNE
8.015,8.015,8.015,8.015,600,2021-09-09 17:56:00,SRNE
8.015,8.0193,8.01,8.0164,4717,2021-09-09 17:57:00,SRNE
8.015,8.0199,8.015,8.015,900,2021-09-09 17:58:00,SRNE
8.0178,8.0178,8.0121,8.0121,895,2021-09-09 17:59:00,SRNE
8.015,8.0199,8.01,8.0116,2215,2021-09-09 18:00:00,SRNE
8.015,8.06,8.01,8.06,52205,2021-09-09 18:01:00,SRNE
8.055,8.06,8.03,8.03,25362,2021-09-09 18:02:00,SRNE
8.03,8.03,8.02,8.025,1785,2021-09-09 18:03:00,SRNE
8.02,8.025,8.013,8.015,7456,2021-09-09 18:04:00,SRNE
8.0198,8.0198,8.0198,8.0198,300,2021-09-09 18:05:00,SRNE
8.019,8.02,8.015,8.02,8421,2021-09-09 18:06:00,SRNE
8.03,8.035,8.025,8.03,7318,2021-09-09 18:07:00,SRNE
8.0201,8.025,8.0201,8.025,4093,2021-09-09 18:08:00,SRNE
8.025,8.025,8.025,8.025,100,2021-09-09 18:09:00,SRNE
8.025,8.04,8.025,8.03,5802,2021-09-09 18:10:00,SRNE
8.025,8.025,8.025,8.025,100,2021-09-09 18:11:00,SRNE
8.0291,8.035,8.025,8.035,5313,2021-09-09 18:12:00,SRNE
8.035,8.035,8.035,8.035,100,2021-09-09 18:13:00,SRNE
8.03,8.04,8.03,8.0395,4715,2021-09-09 18:14:00,SRNE
8.0381,8.04,8.035,8.04,1400,2021-09-09 18:15:00,SRNE
8.04,8.04,8.0311,8.035,3598,2021-09-09 18:16:00,SRNE
8.03,8.0379,8.03,8.0379,2920,2021-09-09 18:17:00,SRNE
8.035,8.035,8.035,8.035,300,2021-09-09 18:18:00,SRNE
8.035,8.04,8.0316,8.0316,3673,2021-09-09 18:19:00,SRNE
8.03,8.035,8.0299,8.0299,14066,2021-09-09 18:20:00,SRNE
8.03,8.03,8.025,8.025,13810,2021-09-09 18:21:00,SRNE
8.0299,8.04,8.025,8.04,48477,2021-09-09 18:22:00,SRNE
8.03,8.04,8.03,8.04,1777,2021-09-09 18:23:00,SRNE
8.03,8.035,8.0258,8.03,2487,2021-09-09 18:24:00,SRNE
8.024,8.024,8.024,8.024,1000,2021-09-09 18:25:00,SRNE
8.025,8.035,8.02,8.035,4620,2021-09-09 18:26:00,SRNE
8.0308,8.04,8.03,8.03,13050,2021-09-09 18:27:00,SRNE
8.0399,8.0399,8.03,8.03,11195,2021-09-09 18:28:00,SRNE
8.03,8.0399,8.03,8.0399,925,2021-09-09 18:29:00,SRNE
8.03,8.035,8.03,8.035,1400,2021-09-09 18:30:00,SRNE
8.03,8.03,8.025,8.03,4307,2021-09-09 18:31:00,SRNE
8.0242,8.03,8.0242,8.03,1750,2021-09-09 18:32:00,SRNE
8.025,8.025,8.025,8.025,255,2021-09-09 18:34:00,SRNE
8.03,8.03,8.025,8.0299,2042,2021-09-09 18:35:00,SRNE
8.03,8.03,8.0219,8.03,1848,2021-09-09 18:36:00,SRNE
8.025,8.03,8.02,8.03,7082,2021-09-09 18:37:00,SRNE
8.025,8.03,8.02,8.03,1323,2021-09-09 18:38:00,SRNE
8.02,8.025,8.02,8.021,400,2021-09-09 18:39:00,SRNE
8.021,8.03,8.01,8.015,13686,2021-09-09 18:40:00,SRNE
8.015,8.015,8.01,8.01,510,2021-09-09 18:41:00,SRNE
8.01,8.0199,8.01,8.01,3200,2021-09-09 18:42:00,SRNE
8.01,8.0173,8.01,8.01,954,2021-09-09 18:43:00,SRNE
8.015,8.015,8.01,8.01,1119,2021-09-09 18:44:00,SRNE
8.01,8.02,8.01,8.015,588,2021-09-09 18:45:00,SRNE
8.01,8.03,8.01,8.03,12211,2021-09-09 18:46:00,SRNE
8.03,8.03,8.02,8.0216,1402,2021-09-09 18:47:00,SRNE
8.025,8.025,8.02,8.025,700,2021-09-09 18:48:00,SRNE
8.02,8.029,8.02,8.029,1565,2021-09-09 18:49:00,SRNE
8.028,8.028,8.02,8.02,1750,2021-09-09 18:50:00,SRNE
8.025,8.03,8.02,8.025,2015,2021-09-09 18:51:00,SRNE
8.02,8.03,8.02,8.02,9324,2021-09-09 18:52:00,SRNE
8.02,8.03,8.02,8.0282,2721,2021-09-09 18:53:00,SRNE
8.025,8.03,8.02,8.025,7525,2021-09-09 18:54:00,SRNE
8.02,8.03,8.02,8.02,1301,2021-09-09 18:55:00,SRNE
8.02,8.025,8.02,8.02,1397,2021-09-09 18:56:00,SRNE
8.03,8.03,8.025,8.025,1426,2021-09-09 18:57:00,SRNE
8.0295,8.03,8.025,8.03,2600,2021-09-09 18:58:00,SRNE
8.025,8.035,8.025,8.03,18516,2021-09-09 18:59:00,SRNE
8.02,8.0398,8.02,8.0283,11477,2021-09-09 19:00:00,SRNE
8.02,8.04,8.02,8.04,15797,2021-09-09 19:01:00,SRNE
8.0397,8.06,8.035,8.0573,10028,2021-09-09 19:02:00,SRNE
8.055,8.06,8.05,8.05,13949,2021-09-09 19:03:00,SRNE
8.0514,8.0565,8.05,8.055,5234,2021-09-09 19:04:00,SRNE
8.05,8.055,8.05,8.0512,4600,2021-09-09 19:05:00,SRNE
8.055,8.065,8.055,8.063,4761,2021-09-09 19:06:00,SRNE
8.066,8.066,8.0601,8.0601,1800,2021-09-09 19:07:00,SRNE
8.06,8.065,8.06,8.0605,3300,2021-09-09 19:08:00,SRNE
8.0627,8.07,8.05,8.05,6603,2021-09-09 19:09:00,SRNE
8.05,8.06,8.05,8.06,3071,2021-09-09 19:10:00,SRNE
8.0569,8.06,8.05,8.055,1835,2021-09-09 19:11:00,SRNE
8.055,8.06,8.04,8.05,18987,2021-09-09 19:12:00,SRNE
8.04,8.05,8.04,8.04,10310,2021-09-09 19:13:00,SRNE
8.05,8.05,8.04,8.04,26102,2021-09-09 19:14:00,SRNE
8.04,8.05,8.04,8.0499,2901,2021-09-09 19:15:00,SRNE
8.04,8.0483,8.04,8.045,6508,2021-09-09 19:16:00,SRNE
8.04,8.04,8.03,8.03,9869,2021-09-09 19:17:00,SRNE
8.035,8.04,8.03,8.03,1241,2021-09-09 19:18:00,SRNE
8.03,8.04,8.02,8.03,3406,2021-09-09 19:19:00,SRNE
8.025,8.03,8.02,8.03,1200,2021-09-09 19:20:00,SRNE
8.03,8.035,8.02,8.02,18551,2021-09-09 19:21:00,SRNE
8.0245,8.025,8.02,8.0219,3400,2021-09-09 19:22:00,SRNE
8.02,8.029,8.02,8.02,1075,2021-09-09 19:23:00,SRNE
8.0281,8.03,8.02,8.03,2878,2021-09-09 19:24:00,SRNE
8.03,8.035,8.025,8.03,8948,2021-09-09 19:25:00,SRNE
8.035,8.0399,8.03,8.03,9378,2021-09-09 19:26:00,SRNE
8.04,8.045,8.035,8.04,15935,2021-09-09 19:27:00,SRNE
8.05,8.05,8.04,8.04,1100,2021-09-09 19:28:00,SRNE
8.045,8.045,8.04,8.04,5650,2021-09-09 19:29:00,SRNE
8.04,8.05,8.04,8.045,1250,2021-09-09 19:30:00,SRNE
8.04,8.05,8.04,8.045,2400,2021-09-09 19:31:00,SRNE
8.04,8.05,8.04,8.04,7630,2021-09-09 19:32:00,SRNE
8.05,8.05,8.04,8.04,12300,2021-09-09 19:33:00,SRNE
8.05,8.06,8.04,8.06,13820,2021-09-09 19:34:00,SRNE
8.0599,8.06,8.05,8.06,7229,2021-09-09 19:35:00,SRNE
8.055,8.07,8.055,8.065,12117,2021-09-09 19:36:00,SRNE
8.065,8.07,8.0601,8.07,898,2021-09-09 19:37:00,SRNE
8.0601,8.075,8.0601,8.07,13550,2021-09-09 19:38:00,SRNE
8.07,8.09,8.06,8.09,24273,2021-09-09 19:39:00,SRNE
8.0801,8.1,8.0801,8.0901,8170,2021-09-09 19:40:00,SRNE
8.1,8.1,8.09,8.1,9303,2021-09-09 19:41:00,SRNE
8.095,8.1,8.09,8.095,6200,2021-09-09 19:42:00,SRNE
8.09,8.0977,8.08,8.08,12201,2021-09-09 19:43:00,SRNE
8.08,8.085,8.08,8.08,17103,2021-09-09 19:44:00,SRNE
8.08,8.09,8.08,8.08,5574,2021-09-09 19:45:00,SRNE
8.08,8.09,8.08,8.08,2901,2021-09-09 19:46:00,SRNE
8.08,8.0891,8.08,8.08,3449,2021-09-09 19:47:00,SRNE
8.08,8.09,8.08,8.08,7100,2021-09-09 19:48:00,SRNE
8.085,8.09,8.08,8.08,10099,2021-09-09 19:49:00,SRNE
8.09,8.1,8.085,8.09,30884,2021-09-09 19:50:00,SRNE
8.09,8.095,8.08,8.08,13129,2021-09-09 19:51:00,SRNE
8.08,8.09,8.08,8.08,4700,2021-09-09 19:52:00,SRNE
8.08,8.085,8.08,8.08,4807,2021-09-09 19:53:00,SRNE
8.085,8.09,8.03,8.035,47466,2021-09-09 19:54:00,SRNE
8.035,8.05,8.03,8.045,34278,2021-09-09 19:55:00,SRNE
8.04,8.045,8.03,8.035,11616,2021-09-09 19:56:00,SRNE
8.035,8.04,8.03,8.03,11398,2021-09-09 19:57:00,SRNE
8.03,8.04,8.03,8.0302,23066,2021-09-09 19:58:00,SRNE
8.03,8.03,8.01,8.02,130826,2021-09-09 19:59:00,SRNE
8.02,8.02,8.02,8.02,263732,2021-09-09 20:00:00,SRNE
8.02,8.02,8.02,8.02,38206,2021-09-09 20:01:00,SRNE
8.05,8.05,8.05,8.05,1200,2021-09-09 20:13:00,SRNE
8.03,8.03,8.03,8.03,485,2021-09-09 20:19:00,SRNE
8.03,8.03,8.03,8.03,121,2021-09-09 20:21:00,SRNE
8.03,8.03,8.03,8.03,300,2021-09-09 20:31:00,SRNE
8.05,8.05,8.05,8.05,400,2021-09-09 20:43:00,SRNE
8.05,8.05,8.05,8.05,3050,2021-09-09 20:45:00,SRNE
8.03,8.03,8.03,8.03,205,2021-09-09 21:12:00,SRNE
8.03,8.03,8.03,8.03,205,2021-09-09 21:14:00,SRNE
8.03,8.05,8.03,8.05,653,2021-09-09 21:17:00,SRNE
8.06,8.06,8.06,8.06,100,2021-09-09 21:21:00,SRNE
8.03,8.03,8.03,8.03,100,2021-09-09 21:22:00,SRNE
8.06,8.06,8.06,8.06,729,2021-09-09 21:26:00,SRNE
8.07,8.07,8.07,8.07,200,2021-09-09 21:33:00,SRNE
8.05,8.05,8.05,8.05,500,2021-09-09 21:37:00,SRNE
8.0799,8.0799,8.06,8.06,2600,2021-09-09 21:54:00,SRNE
8.06,8.06,8.06,8.06,100,2021-09-09 21:58:00,SRNE
8.06,8.06,8.06,8.06,172,2021-09-09 22:02:00,SRNE
8.05,8.05,8.05,8.05,500,2021-09-09 22:35:00,SRNE
8.05,8.05,8.05,8.05,498,2021-09-09 22:37:00,SRNE
8.05,8.05,8.05,8.05,499,2021-09-09 22:43:00,SRNE
8.06,8.06,8.06,8.06,100,2021-09-09 22:45:00,SRNE
8.05,8.05,8.05,8.05,150,2021-09-09 23:16:00,SRNE
8.05,8.05,8.05,8.05,200,2021-09-09 23:19:00,SRNE
8.07,8.07,8.05,8.05,1121,2021-09-09 23:22:00,SRNE
8.0699,8.0699,8.0699,8.0699,1000,2021-09-09 23:43:00,SRNE
8.07,8.07,8.07,8.07,190,2021-09-09 23:49:00,SRNE
8.05,8.05,8.05,8.05,179,2021-09-09 23:50:00,SRNE
8.07,8.07,8.07,8.07,215,2021-09-09 23:51:00,SRNE
8.07,8.07,8.07,8.07,100,2021-09-10 11:14:00,SRNE
8.07,8.07,8.07,8.07,100,2021-09-10 11:15:00,SRNE
8.09,8.09,8.09,8.09,100,2021-09-10 11:58:00,SRNE
8.08,8.08,8.08,8.08,1000,2021-09-10 12:00:00,SRNE
8.1,8.1,8.09,8.09,550,2021-09-10 12:02:00,SRNE
8.08,8.08,8.08,8.08,1000,2021-09-10 12:09:00,SRNE
8.0999,8.0999,8.0999,8.0999,5000,2021-09-10 12:17:00,SRNE
8.09,8.09,8.09,8.09,200,2021-09-10 12:23:00,SRNE
8.0801,8.0801,8.08,8.08,2000,2021-09-10 12:25:00,SRNE
8.08,8.08,8.08,8.08,1500,2021-09-10 12:26:00,SRNE
8.0701,8.0701,8.0701,8.0701,497,2021-09-10 12:34:00,SRNE
8.0701,8.0701,8.07,8.07,1100,2021-09-10 12:37:00,SRNE
8.08,8.08,8.08,8.08,500,2021-09-10 12:40:00,SRNE
8.08,8.09,8.08,8.09,233,2021-09-10 12:42:00,SRNE
8.09,8.09,8.09,8.09,500,2021-09-10 12:48:00,SRNE
8.09,8.09,8.09,8.09,1500,2021-09-10 12:52:00,SRNE
8.08,8.08,8.08,8.08,200,2021-09-10 12:54:00,SRNE
8.0801,8.0801,8.0801,8.0801,385,2021-09-10 12:56:00,SRNE
8.09,8.09,8.09,8.09,2340,2021-09-10 13:03:00,SRNE
8.1,8.1,8.1,8.1,1700,2021-09-10 13:04:00,SRNE
8.1,8.11,8.09,8.11,2223,2021-09-10 13:05:00,SRNE
8.11,8.11,8.11,8.11,500,2021-09-10 13:06:00,SRNE
8.12,8.13,8.12,8.13,2290,2021-09-10 13:08:00,SRNE
8.13,8.14,8.13,8.14,2355,2021-09-10 13:09:00,SRNE
8.14,8.15,8.14,8.14,4800,2021-09-10 13:11:00,SRNE
8.14,8.14,8.14,8.14,1300,2021-09-10 13:12:00,SRNE
8.12,8.13,8.12,8.13,500,2021-09-10 13:13:00,SRNE
8.11,8.11,8.11,8.11,500,2021-09-10 13:16:00,SRNE
8.11,8.11,8.11,8.11,500,2021-09-10 13:19:00,SRNE
8.13,8.13,8.13,8.13,100,2021-09-10 13:20:00,SRNE
8.09,8.09,8.06,8.06,1660,2021-09-10 13:26:00,SRNE
8.05,8.05,8.02,8.02,4779,2021-09-10 13:27:00,SRNE
8.02,8.02,8.02,8.02,1100,2021-09-10 13:29:00,SRNE
8.02,8.05,8.0,8.02,68788,2021-09-10 13:30:00,SRNE
8.02,8.07,7.9999,8.04,69239,2021-09-10 13:31:00,SRNE
8.03,8.04,8.01,8.035,26272,2021-09-10 13:32:00,SRNE
8.03,8.05,8.025,8.05,5222,2021-09-10 13:33:00,SRNE
8.065,8.09,8.065,8.0697,14362,2021-09-10 13:34:00,SRNE
8.065,8.07,8.05,8.06,7762,2021-09-10 13:35:00,SRNE
8.055,8.055,8.0301,8.05,14786,2021-09-10 13:36:00,SRNE
8.05,8.06,8.035,8.05,3706,2021-09-10 13:37:00,SRNE
8.045,8.048,8.035,8.04,12713,2021-09-10 13:38:00,SRNE
8.0399,8.0399,8.025,8.025,8885,2021-09-10 13:39:00,SRNE
8.03,8.03,8.01,8.01,20594,2021-09-10 13:40:00,SRNE
8.015,8.03,8.015,8.02,6957,2021-09-10 13:41:00,SRNE
8.03,8.04,8.03,8.03,9259,2021-09-10 13:42:00,SRNE
8.03,8.03,8.0227,8.0227,3225,2021-09-10 13:43:00,SRNE
8.02,8.03,8.01,8.03,12344,2021-09-10 13:44:00,SRNE
8.0282,8.105,8.0282,8.09,25576,2021-09-10 13:45:00,SRNE
8.09,8.09,8.07,8.087,8903,2021-09-10 13:46:00,SRNE
8.09,8.1,8.09,8.099,5647,2021-09-10 13:47:00,SRNE
8.1,8.1,8.07,8.0721,4442,2021-09-10 13:48:00,SRNE
8.0727,8.0727,8.0525,8.0525,1921,2021-09-10 13:49:00,SRNE
8.05,8.08,8.05,8.0723,5800,2021-09-10 13:50:00,SRNE
8.075,8.09,8.07,8.0805,3014,2021-09-10 13:51:00,SRNE
8.089,8.089,8.077,8.077,4974,2021-09-10 13:52:00,SRNE
8.0776,8.0776,8.0429,8.045,9719,2021-09-10 13:53:00,SRNE
8.04,8.04,8.03,8.0367,2875,2021-09-10 13:54:00,SRNE
8.038,8.04,8.03,8.039,4621,2021-09-10 13:55:00,SRNE
8.03,8.03,8.019,8.019,7394,2021-09-10 13:56:00,SRNE
8.02,8.04,8.02,8.035,10599,2021-09-10 13:57:00,SRNE
8.03,8.04,8.02,8.02,15363,2021-09-10 13:58:00,SRNE
8.025,8.03,8.02,8.03,2520,2021-09-10 13:59:00,SRNE
8.03,8.04,8.03,8.03,8837,2021-09-10 14:00:00,SRNE
8.0309,8.0309,8.02,8.02,6050,2021-09-10 14:01:00,SRNE
8.02,8.0378,8.0193,8.03,10608,2021-09-10 14:02:00,SRNE
8.03,8.03,8.0001,8.0099,15734,2021-09-10 14:03:00,SRNE
8.0,8.01,8.0,8.0,8100,2021-09-10 14:04:00,SRNE
8.005,8.01,7.99,8.0,41101,2021-09-10 14:05:00,SRNE
7.9999,8.0,7.99,7.99,20261,2021-09-10 14:06:00,SRNE
8.0,8.01,8.0,8.0086,9626,2021-09-10 14:07:00,SRNE
8.01,8.01,8.0,8.005,8121,2021-09-10 14:08:00,SRNE
8.0,8.01,8.0,8.01,3400,2021-09-10 14:09:00,SRNE
8.005,8.01,7.99,7.99,8998,2021-09-10 14:10:00,SRNE
7.9999,8.0,7.99,7.995,16294,2021-09-10 14:11:00,SRNE
7.99,8.0,7.985,7.995,29772,2021-09-10 14:12:00,SRNE
8.0,8.01,7.995,8.01,37139,2021-09-10 14:13:00,SRNE
8.0,8.0,7.99,7.995,4947,2021-09-10 14:14:00,SRNE
7.995,8.0,7.99,7.9905,3925,2021-09-10 14:15:00,SRNE
7.995,7.995,7.98,7.99,4055,2021-09-10 14:16:00,SRNE
7.98,7.99,7.975,7.98,44246,2021-09-10 14:17:00,SRNE
7.98,7.99,7.9799,7.98,3943,2021-09-10 14:18:00,SRNE
7.9777,7.985,7.97,7.985,9661,2021-09-10 14:19:00,SRNE
7.985,7.99,7.98,7.985,9154,2021-09-10 14:20:00,SRNE
7.9829,7.985,7.9829,7.985,1300,2021-09-10 14:21:00,SRNE
7.985,8.01,7.98,7.995,25145,2021-09-10 14:22:00,SRNE
7.9973,8.0,7.99,8.0,2902,2021-09-10 14:23:00,SRNE
7.995,8.0,7.99,7.995,2864,2021-09-10 14:24:00,SRNE
7.995,8.0,7.99,8.0,8607,2021-09-10 14:25:00,SRNE
7.9911,8.0,7.99,7.9901,9677,2021-09-10 14:26:00,SRNE
8.0,8.03,7.995,8.025,15149,2021-09-10 14:27:00,SRNE
8.0279,8.03,8.02,8.03,12183,2021-09-10 14:28:00,SRNE
8.03,8.03,8.02,8.02,9719,2021-09-10 14:29:00,SRNE
8.02,8.02,7.995,7.995,4927,2021-09-10 14:30:00,SRNE
7.9999,8.005,7.995,8.005,9242,2021-09-10 14:31:00,SRNE
8.0016,8.0016,7.99,7.9999,10742,2021-09-10 14:32:00,SRNE
7.9999,8.0,7.99,7.99,28153,2021-09-10 14:33:00,SRNE
7.9978,8.0,7.99,7.995,2492,2021-09-10 14:34:00,SRNE
7.9926,7.995,7.98,7.99,2626,2021-09-10 14:35:00,SRNE
7.99,7.99,7.98,7.985,1152,2021-09-10 14:36:00,SRNE
7.9827,7.9897,7.982,7.9872,11400,2021-09-10 14:37:00,SRNE
7.98,7.995,7.975,7.99,24935,2021-09-10 14:38:00,SRNE
8.0,8.0269,8.0,8.0269,15349,2021-09-10 14:39:00,SRNE
8.02,8.03,8.0,8.005,11616,2021-09-10 14:40:00,SRNE
8.01,8.01,8.01,8.01,1400,2021-09-10 14:41:00,SRNE
8.01,8.01,8.0014,8.0014,7645,2021-09-10 14:42:00,SRNE
8.0099,8.0099,8.0099,8.0099,200,2021-09-10 14:43:00,SRNE
8.0,8.0,8.0,8.0,100,2021-09-10 14:44:00,SRNE
8.005,8.005,7.99,7.995,13318,2021-09-10 14:45:00,SRNE
7.99,8.0,7.99,7.995,2777,2021-09-10 14:46:00,SRNE
8.0,8.0084,8.0,8.0084,6838,2021-09-10 14:47:00,SRNE
8.0012,8.0018,7.995,7.995,5072,2021-09-10 14:48:00,SRNE
8.0,8.0,7.99,7.995,550,2021-09-10 14:49:00,SRNE
7.9994,8.0,7.99,7.995,8000,2021-09-10 14:50:00,SRNE
7.995,8.03,7.995,8.03,28816,2021-09-10 14:51:00,SRNE
8.02,8.02,8.015,8.0187,1096,2021-09-10 14:52:00,SRNE
8.015,8.02,8.0121,8.02,950,2021-09-10 14:53:00,SRNE
8.01,8.025,8.01,8.02,12545,2021-09-10 14:54:00,SRNE
8.005,8.01,8.0,8.005,6291,2021-09-10 14:55:00,SRNE
8.01,8.04,8.01,8.02,16943,2021-09-10 14:56:00,SRNE
8.02,8.02,8.01,8.0116,5300,2021-09-10 14:58:00,SRNE
8.0165,8.0165,8.0,8.0,5193,2021-09-10 14:59:00,SRNE
8.005,8.005,8.0,8.005,725,2021-09-10 15:00:00,SRNE
8.01,8.01,8.0,8.005,610,2021-09-10 15:01:00,SRNE
8.0035,8.01,8.0035,8.01,200,2021-09-10 15:02:00,SRNE
8.005,8.01,7.99,7.99,9824,2021-09-10 15:03:00,SRNE
7.99,7.99,7.99,7.99,300,2021-09-10 15:04:00,SRNE
7.995,8.0,7.99,7.9919,4932,2021-09-10 15:05:00,SRNE
7.99,8.0,7.99,7.99,818,2021-09-10 15:06:00,SRNE
7.9998,8.0,7.9901,8.0,7100,2021-09-10 15:07:00,SRNE
7.99,7.995,7.98,7.995,15841,2021-09-10 15:08:00,SRNE
7.99,8.0,7.9888,7.9888,1688,2021-09-10 15:09:00,SRNE
7.985,7.9899,7.9819,7.985,3543,2021-09-10 15:10:00,SRNE
7.99,8.0,7.99,7.99,7557,2021-09-10 15:11:00,SRNE
7.9888,8.0,7.9888,8.0,4414,2021-09-10 15:12:00,SRNE
7.9905,8.0,7.99,7.995,5460,2021-09-10 15:13:00,SRNE
7.99,8.0,7.99,8.0,2950,2021-09-10 15:14:00,SRNE
7.995,8.0,7.99,7.9993,3800,2021-09-10 15:15:00,SRNE
7.99,8.0,7.99,7.995,2820,2021-09-10 15:16:00,SRNE
7.995,8.01,7.99,7.99,18451,2021-09-10 15:17:00,SRNE
8.0,8.0,7.99,8.0,5805,2021-09-10 15:18:00,SRNE
8.0,8.01,7.99,8.01,14852,2021-09-10 15:19:00,SRNE
8.01,8.02,8.0015,8.02,9642,2021-09-10 15:20:00,SRNE
8.015,8.02,8.015,8.02,3090,2021-09-10 15:21:00,SRNE
8.025,8.03,8.0216,8.03,1705,2021-09-10 15:22:00,SRNE
8.025,8.035,8.0201,8.035,6000,2021-09-10 15:23:00,SRNE
8.0311,8.035,8.03,8.035,2500,2021-09-10 15:24:00,SRNE
8.035,8.04,8.025,8.025,4344,2021-09-10 15:25:00,SRNE
8.025,8.03,8.015,8.02,3633,2021-09-10 15:26:00,SRNE
8.0101,8.015,8.01,8.0123,4000,2021-09-10 15:27:00,SRNE
8.02,8.02,8.01,8.01,3353,2021-09-10 15:28:00,SRNE
8.01,8.01,8.0001,8.01,2300,2021-09-10 15:29:00,SRNE
8.0,8.025,8.0,8.025,24104,2021-09-10 15:30:00,SRNE
8.025,8.03,8.025,8.03,750,2021-09-10 15:31:00,SRNE
8.02,8.0274,8.02,8.0235,1051,2021-09-10 15:32:00,SRNE
8.03,8.03,8.03,8.03,200,2021-09-10 15:33:00,SRNE
8.02,8.025,8.02,8.025,200,2021-09-10 15:34:00,SRNE
8.0284,8.03,8.02,8.025,1000,2021-09-10 15:35:00,SRNE
8.026,8.026,8.02,8.025,4022,2021-09-10 15:36:00,SRNE
8.025,8.05,8.02,8.035,22461,2021-09-10 15:37:00,SRNE
8.03,8.04,8.0284,8.03,2775,2021-09-10 15:38:00,SRNE
8.021,8.04,8.021,8.04,5959,2021-09-10 15:39:00,SRNE
8.0418,8.0485,8.035,8.04,7191,2021-09-10 15:40:00,SRNE
8.0385,8.055,8.0385,8.055,15881,2021-09-10 15:41:00,SRNE
8.058,8.058,8.05,8.05,5150,2021-09-10 15:42:00,SRNE
8.05,8.05,8.04,8.0491,4861,2021-09-10 15:43:00,SRNE
8.04,8.05,8.04,8.0408,699,2021-09-10 15:44:00,SRNE
8.04,8.04,8.03,8.03,1854,2021-09-10 15:45:00,SRNE
8.03,8.03,8.03,8.03,200,2021-09-10 15:46:00,SRNE
8.0369,8.04,8.035,8.035,300,2021-09-10 15:47:00,SRNE
8.03,8.03,8.02,8.025,6622,2021-09-10 15:48:00,SRNE
8.025,8.025,8.0169,8.0169,1333,2021-09-10 15:49:00,SRNE
8.01,8.02,8.01,8.01,500,2021-09-10 15:50:00,SRNE
8.01,8.019,8.01,8.01,2378,2021-09-10 15:51:00,SRNE
8.02,8.02,8.02,8.02,500,2021-09-10 15:52:00,SRNE
8.015,8.02,8.01,8.02,2732,2021-09-10 15:53:00,SRNE
8.015,8.025,8.015,8.02,9174,2021-09-10 15:54:00,SRNE
8.018,8.018,8.0101,8.015,3165,2021-09-10 15:55:00,SRNE
8.02,8.02,8.02,8.02,600,2021-09-10 15:56:00,SRNE
8.02,8.02,8.0132,8.0132,200,2021-09-10 15:57:00,SRNE
8.01,8.0119,8.01,8.0119,1302,2021-09-10 15:58:00,SRNE
8.015,8.0199,8.005,8.005,4356,2021-09-10 15:59:00,SRNE
8.0001,8.0001,8.0,8.0,666,2021-09-10 16:00:00,SRNE
8.0,8.01,8.0,8.01,1000,2021-09-10 16:01:00,SRNE
8.01,8.01,8.005,8.005,200,2021-09-10 16:02:00,SRNE
8.005,8.01,8.0,8.0,300,2021-09-10 16:03:00,SRNE
8.005,8.0069,8.0,8.005,525,2021-09-10 16:04:00,SRNE
8.005,8.01,8.0,8.008,1800,2021-09-10 16:05:00,SRNE
8.0092,8.01,8.0,8.0074,11290,2021-09-10 16:06:00,SRNE
8.0072,8.01,8.0,8.01,400,2021-09-10 16:07:00,SRNE
8.0079,8.01,8.0,8.005,2340,2021-09-10 16:08:00,SRNE
8.0,8.0071,8.0,8.005,5300,2021-09-10 16:09:00,SRNE
8.0,8.005,8.0,8.005,400,2021-09-10 16:10:00,SRNE
8.005,8.01,8.005,8.01,700,2021-09-10 16:11:00,SRNE
8.01,8.015,8.01,8.01,4507,2021-09-10 16:12:00,SRNE
8.015,8.0172,8.015,8.0172,300,2021-09-10 16:13:00,SRNE
8.01,8.01,8.01,8.01,100,2021-09-10 16:14:00,SRNE
8.015,8.02,8.015,8.02,900,2021-09-10 16:15:00,SRNE
8.01,8.02,8.0068,8.0068,6518,2021-09-10 16:16:00,SRNE
8.0,8.005,8.0,8.0017,1800,2021-09-10 16:17:00,SRNE
8.0092,8.01,8.0075,8.01,650,2021-09-10 16:18:00,SRNE
8.005,8.005,8.0,8.0,44812,2021-09-10 16:19:00,SRNE
8.005,8.01,8.0,8.0,21775,2021-09-10 16:20:00,SRNE
8.0,8.0,7.9901,7.995,17072,2021-09-10 16:21:00,SRNE
7.995,7.995,7.99,7.99,2400,2021-09-10 16:22:00,SRNE
7.9974,8.0,7.995,7.995,800,2021-09-10 16:23:00,SRNE
7.9901,7.9972,7.9901,7.9932,3175,2021-09-10 16:24:00,SRNE
7.9926,7.9954,7.99,7.995,3596,2021-09-10 16:25:00,SRNE
7.9971,7.9983,7.99,7.99,1500,2021-09-10 16:26:00,SRNE
7.995,8.0,7.995,8.0,1407,2021-09-10 16:27:00,SRNE
7.9962,7.9962,7.99,7.99,1000,2021-09-10 16:28:00,SRNE
7.99,7.995,7.97,7.9781,52603,2021-09-10 16:29:00,SRNE
7.98,7.985,7.98,7.98,3184,2021-09-10 16:30:00,SRNE
7.98,7.98,7.975,7.975,3800,2021-09-10 16:31:00,SRNE
7.975,7.98,7.97,7.98,6597,2021-09-10 16:32:00,SRNE
7.9752,7.9752,7.975,7.975,537,2021-09-10 16:33:00,SRNE
7.975,7.98,7.975,7.975,5600,2021-09-10 16:34:00,SRNE
7.9717,7.98,7.9717,7.975,1200,2021-09-10 16:35:00,SRNE
7.975,7.98,7.97,7.9768,1228,2021-09-10 16:36:00,SRNE
7.97,7.97,7.97,7.97,100,2021-09-10 16:37:00,SRNE
7.98,7.98,7.98,7.98,200,2021-09-10 16:38:00,SRNE
7.975,7.985,7.9726,7.98,6215,2021-09-10 16:39:00,SRNE
7.9799,7.98,7.97,7.975,12940,2021-09-10 16:40:00,SRNE
7.98,7.99,7.98,7.9899,11650,2021-09-10 16:41:00,SRNE
7.985,7.985,7.985,7.985,3000,2021-09-10 16:42:00,SRNE
7.98,7.98,7.975,7.98,4074,2021-09-10 16:43:00,SRNE
7.9799,7.98,7.975,7.98,6399,2021-09-10 16:44:00,SRNE
7.9731,7.99,7.9731,7.99,13618,2021-09-10 16:45:00,SRNE
7.99,7.99,7.98,7.98,1029,2021-09-10 16:46:00,SRNE
7.98,7.98,7.97,7.97,2877,2021-09-10 16:47:00,SRNE
7.975,7.9799,7.97,7.97,3222,2021-09-10 16:48:00,SRNE
7.97,7.98,7.97,7.98,5413,2021-09-10 16:49:00,SRNE
7.975,7.9775,7.97,7.975,3638,2021-09-10 16:50:00,SRNE
7.97,7.98,7.97,7.9793,12463,2021-09-10 16:51:00,SRNE
7.9728,7.98,7.9728,7.9781,1300,2021-09-10 16:52:00,SRNE
7.9782,7.9782,7.9711,7.975,2800,2021-09-10 16:53:00,SRNE
7.975,7.9799,7.97,7.97,3100,2021-09-10 16:54:00,SRNE
7.98,7.98,7.975,7.975,500,2021-09-10 16:55:00,SRNE
7.975,7.975,7.9699,7.9699,5928,2021-09-10 16:56:00,SRNE
7.97,7.97,7.9623,7.9623,5124,2021-09-10 16:57:00,SRNE
7.9699,7.97,7.96,7.97,3768,2021-09-10 16:58:00,SRNE
7.965,7.97,7.965,7.97,500,2021-09-10 16:59:00,SRNE
7.9601,7.97,7.96,7.965,13150,2021-09-10 17:00:00,SRNE
7.965,7.965,7.965,7.965,200,2021-09-10 17:01:00,SRNE
7.97,7.975,7.97,7.975,4418,2021-09-10 17:02:00,SRNE
7.97,7.98,7.962,7.97,5891,2021-09-10 17:03:00,SRNE
7.965,7.97,7.965,7.965,11662,2021-09-10 17:04:00,SRNE
7.96,7.9669,7.96,7.965,5001,2021-09-10 17:05:00,SRNE
7.97,7.97,7.9693,7.9693,200,2021-09-10 17:06:00,SRNE
7.965,7.97,7.965,7.97,6970,2021-09-10 17:07:00,SRNE
7.961,7.965,7.961,7.965,350,2021-09-10 17:08:00,SRNE
7.965,7.97,7.96,7.97,11464,2021-09-10 17:09:00,SRNE
7.9675,7.97,7.965,7.965,3361,2021-09-10 17:10:00,SRNE
7.97,7.98,7.97,7.975,21423,2021-09-10 17:11:00,SRNE
7.975,7.9799,7.97,7.975,6312,2021-09-10 17:12:00,SRNE
7.975,7.975,7.97,7.975,300,2021-09-10 17:13:00,SRNE
7.98,7.98,7.9728,7.975,1005,2021-09-10 17:14:00,SRNE
7.9725,7.98,7.97,7.97,4225,2021-09-10 17:15:00,SRNE
7.9698,7.9698,7.9601,7.965,4000,2021-09-10 17:16:00,SRNE
7.97,7.97,7.9626,7.97,3235,2021-09-10 17:17:00,SRNE
7.9627,7.9627,7.9623,7.9623,400,2021-09-10 17:18:00,SRNE
7.965,7.9699,7.965,7.9682,1900,2021-09-10 17:19:00,SRNE
7.9621,7.97,7.9621,7.965,750,2021-09-10 17:20:00,SRNE
7.97,7.975,7.97,7.975,8135,2021-09-10 17:21:00,SRNE
7.975,7.98,7.97,7.975,6473,2021-09-10 17:22:00,SRNE
7.975,7.99,7.97,7.99,7484,2021-09-10 17:23:00,SRNE
7.985,7.985,7.985,7.985,600,2021-09-10 17:24:00,SRNE
7.99,7.99,7.9801,7.99,5357,2021-09-10 17:25:00,SRNE
7.9889,7.99,7.98,7.985,6473,2021-09-10 17:26:00,SRNE
7.985,7.99,7.9801,7.9801,400,2021-09-10 17:27:00,SRNE
7.9801,7.985,7.98,7.98,3929,2021-09-10 17:28:00,SRNE
7.985,7.9899,7.985,7.9899,1100,2021-09-10 17:29:00,SRNE
7.99,7.99,7.983,7.985,2800,2021-09-10 17:30:00,SRNE
7.988,7.988,7.9873,7.9873,200,2021-09-10 17:31:00,SRNE
7.9827,7.99,7.98,7.98,813,2021-09-10 17:32:00,SRNE
7.985,7.985,7.98,7.98,300,2021-09-10 17:33:00,SRNE
7.9899,7.99,7.9801,7.985,800,2021-09-10 17:34:00,SRNE
7.98,7.99,7.98,7.99,900,2021-09-10 17:35:00,SRNE
7.99,7.99,7.98,7.985,19843,2021-09-10 17:36:00,SRNE
7.985,7.985,7.985,7.985,300,2021-09-10 17:37:00,SRNE
7.98,7.99,7.98,7.985,3050,2021-09-10 17:38:00,SRNE
7.985,7.99,7.9801,7.9831,1995,2021-09-10 17:39:00,SRNE
7.985,7.9899,7.98,7.985,6469,2021-09-10 17:40:00,SRNE
7.99,8.0,7.98,7.995,6622,2021-09-10 17:41:00,SRNE
8.0,8.0,7.99,7.995,7138,2021-09-10 17:42:00,SRNE
7.995,8.0,7.99,7.99,3122,2021-09-10 17:43:00,SRNE
8.0,8.0,7.985,7.985,4553,2021-09-10 17:44:00,SRNE
7.9861,7.9899,7.9861,7.9899,2250,2021-09-10 17:45:00,SRNE
7.99,8.0,7.99,7.99,7408,2021-09-10 17:46:00,SRNE
8.0,8.0,7.99,8.0,23164,2021-09-10 17:47:00,SRNE
8.0,8.0,8.0,8.0,1099,2021-09-10 17:48:00,SRNE
8.0,8.02,7.993,8.015,43998,2021-09-10 17:49:00,SRNE
8.015,8.02,8.0,8.015,22858,2021-09-10 17:50:00,SRNE
8.01,8.01,8.0,8.01,11191,2021-09-10 17:51:00,SRNE
8.01,8.015,8.0027,8.015,4461,2021-09-10 17:52:00,SRNE
8.01,8.02,8.01,8.01,4759,2021-09-10 17:53:00,SRNE
8.02,8.02,8.01,8.015,4561,2021-09-10 17:54:00,SRNE
8.01,8.02,8.01,8.02,1300,2021-09-10 17:55:00,SRNE
8.02,8.02,8.01,8.0119,5760,2021-09-10 17:56:00,SRNE
8.01,8.015,8.01,8.01,6511,2021-09-10 17:57:00,SRNE
8.015,8.015,8.015,8.015,500,2021-09-10 17:58:00,SRNE
8.015,8.015,8.01,8.015,400,2021-09-10 17:59:00,SRNE
8.01,8.02,8.01,8.01,8828,2021-09-10 18:00:00,SRNE
8.01,8.01,8.0,8.0,770,2021-09-10 18:01:00,SRNE
8.0046,8.01,8.0046,8.01,2900,2021-09-10 18:03:00,SRNE
8.0,8.01,7.985,7.99,19719,2021-09-10 18:04:00,SRNE
7.99,7.99,7.983,7.9899,600,2021-09-10 18:05:00,SRNE
7.9869,8.01,7.9869,8.0001,19262,2021-09-10 18:06:00,SRNE
8.005,8.01,7.9921,7.9921,6667,2021-09-10 18:07:00,SRNE
8.0,8.0,7.99,7.99,600,2021-09-10 18:08:00,SRNE
7.999,8.005,7.999,8.005,4659,2021-09-10 18:09:00,SRNE
8.0,8.01,7.995,7.998,3849,2021-09-10 18:10:00,SRNE
7.9984,7.9985,7.991,7.991,2650,2021-09-10 18:11:00,SRNE
7.99,7.995,7.99,7.995,2390,2021-09-10 18:12:00,SRNE
7.999,7.9999,7.99,7.995,5640,2021-09-10 18:13:00,SRNE
7.9999,8.01,7.9999,8.0099,6260,2021-09-10 18:14:00,SRNE
8.0,8.015,8.0,8.015,7973,2021-09-10 18:15:00,SRNE
8.015,8.015,8.01,8.01,5299,2021-09-10 18:16:00,SRNE
8.0111,8.0138,8.005,8.005,1947,2021-09-10 18:17:00,SRNE
8.01,8.01,8.005,8.01,1691,2021-09-10 18:18:00,SRNE
8.0,8.0,8.0,8.0,3200,2021-09-10 18:19:00,SRNE
8.0,8.01,8.0,8.005,5153,2021-09-10 18:20:00,SRNE
8.0099,8.0099,8.0,8.0,2400,2021-09-10 18:21:00,SRNE
8.0,8.01,7.995,8.0,8306,2021-09-10 18:22:00,SRNE
7.999,8.0,7.99,8.0,18691,2021-09-10 18:23:00,SRNE
7.995,8.0,7.9885,7.9885,10554,2021-09-10 18:24:00,SRNE
7.99,7.99,7.98,7.98,745,2021-09-10 18:25:00,SRNE
7.99,7.99,7.9825,7.99,5118,2021-09-10 18:26:00,SRNE
8.0,8.0,7.99,7.995,6930,2021-09-10 18:27:00,SRNE
7.995,7.995,7.985,7.985,4780,2021-09-10 18:28:00,SRNE
7.985,7.99,7.985,7.9878,1111,2021-09-10 18:29:00,SRNE
7.985,7.985,7.985,7.985,200,2021-09-10 18:30:00,SRNE
7.98,7.985,7.98,7.985,9691,2021-09-10 18:31:00,SRNE
7.981,7.985,7.97,7.975,8568,2021-09-10 18:32:00,SRNE
7.975,7.975,7.97,7.975,620,2021-09-10 18:33:00,SRNE
7.975,7.975,7.97,7.9717,300,2021-09-10 18:34:00,SRNE
7.97,7.975,7.96,7.965,24020,2021-09-10 18:35:00,SRNE
7.9615,7.9615,7.9615,7.9615,1545,2021-09-10 18:36:00,SRNE
7.964,7.97,7.9623,7.965,5200,2021-09-10 18:38:00,SRNE
7.9688,7.97,7.9688,7.97,2176,2021-09-10 18:39:00,SRNE
7.97,7.97,7.965,7.965,1800,2021-09-10 18:40:00,SRNE
7.965,7.9799,7.965,7.9799,1300,2021-09-10 18:41:00,SRNE
7.9701,7.9701,7.961,7.97,3895,2021-09-10 18:42:00,SRNE
7.97,7.97,7.9618,7.9675,6163,2021-09-10 18:43:00,SRNE
7.975,7.98,7.97,7.975,3614,2021-09-10 18:44:00,SRNE
7.975,7.9795,7.97,7.9795,1650,2021-09-10 18:45:00,SRNE
7.98,7.98,7.97,7.97,2100,2021-09-10 18:46:00,SRNE
7.97,7.975,7.97,7.975,523,2021-09-10 18:47:00,SRNE
7.9779,7.98,7.97,7.975,10890,2021-09-10 18:48:00,SRNE
7.975,7.975,7.97,7.97,4472,2021-09-10 18:49:00,SRNE
7.97,7.975,7.97,7.97,5560,2021-09-10 18:50:00,SRNE
7.9699,7.97,7.9689,7.97,5000,2021-09-10 18:51:00,SRNE
7.97,7.975,7.965,7.975,7850,2021-09-10 18:52:00,SRNE
7.98,7.98,7.97,7.975,5801,2021-09-10 18:53:00,SRNE
7.9716,7.98,7.9622,7.9622,5471,2021-09-10 18:54:00,SRNE
7.96,7.97,7.96,7.9699,900,2021-09-10 18:55:00,SRNE
7.97,7.97,7.96,7.96,2539,2021-09-10 18:56:00,SRNE
7.97,7.97,7.965,7.965,11000,2021-09-10 18:57:00,SRNE
7.965,7.975,7.965,7.975,6064,2021-09-10 18:58:00,SRNE
7.97,7.975,7.97,7.975,400,2021-09-10 18:59:00,SRNE
7.9784,7.9784,7.965,7.9679,14116,2021-09-10 19:00:00,SRNE
7.97,7.97,7.965,7.965,1679,2021-09-10 19:01:00,SRNE
7.9677,7.9677,7.96,7.96,300,2021-09-10 19:02:00,SRNE
7.9678,7.98,7.9678,7.98,13815,2021-09-10 19:03:00,SRNE
7.97,7.98,7.97,7.975,4854,2021-09-10 19:04:00,SRNE
7.975,7.98,7.9709,7.98,6450,2021-09-10 19:05:00,SRNE
7.98,7.9899,7.98,7.9899,6220,2021-09-10 19:06:00,SRNE
7.985,7.99,7.985,7.985,600,2021-09-10 19:07:00,SRNE
7.98,7.985,7.98,7.98,6430,2021-09-10 19:08:00,SRNE
7.97,7.975,7.9626,7.9658,7309,2021-09-10 19:09:00,SRNE
7.96,7.965,7.95,7.965,45323,2021-09-10 19:10:00,SRNE
7.965,7.965,7.95,7.955,21559,2021-09-10 19:11:00,SRNE
7.96,7.96,7.96,7.96,100,2021-09-10 19:12:00,SRNE
7.96,7.96,7.955,7.96,627,2021-09-10 19:13:00,SRNE
7.95,7.955,7.945,7.952,64654,2021-09-10 19:14:00,SRNE
7.95,7.9575,7.9414,7.9414,9096,2021-09-10 19:15:00,SRNE
7.95,7.95,7.9474,7.9474,300,2021-09-10 19:16:00,SRNE
7.95,7.955,7.945,7.9469,5946,2021-09-10 19:17:00,SRNE
7.95,7.95,7.9437,7.9437,2300,2021-09-10 19:18:00,SRNE
7.95,7.95,7.93,7.932,42571,2021-09-10 19:19:00,SRNE
7.935,7.94,7.93,7.94,16287,2021-09-10 19:20:00,SRNE
7.935,7.9399,7.9301,7.935,3850,2021-09-10 19:21:00,SRNE
7.9316,7.935,7.93,7.93,1040,2021-09-10 19:22:00,SRNE
7.935,7.939,7.92,7.93,23401,2021-09-10 19:23:00,SRNE
7.93,7.93,7.92,7.925,1960,2021-09-10 19:24:00,SRNE
7.9299,7.93,7.925,7.9272,449,2021-09-10 19:25:00,SRNE
7.93,7.93,7.9299,7.9299,2121,2021-09-10 19:26:00,SRNE
7.925,7.93,7.9226,7.9276,3363,2021-09-10 19:27:00,SRNE
7.925,7.925,7.91,7.915,34895,2021-09-10 19:28:00,SRNE
7.9129,7.915,7.91,7.915,2033,2021-09-10 19:29:00,SRNE
7.915,7.92,7.91,7.92,5900,2021-09-10 19:30:00,SRNE
7.915,7.925,7.91,7.91,13049,2021-09-10 19:31:00,SRNE
7.915,7.92,7.914,7.92,9950,2021-09-10 19:32:00,SRNE
7.9192,7.93,7.9174,7.93,16387,2021-09-10 19:33:00,SRNE
7.92,7.92,7.91,7.915,5497,2021-09-10 19:34:00,SRNE
7.9173,7.9173,7.91,7.912,1400,2021-09-10 19:35:00,SRNE
7.915,7.9173,7.9,7.9,69544,2021-09-10 19:36:00,SRNE
7.9,7.905,7.9,7.9,1570,2021-09-10 19:37:00,SRNE
7.905,7.91,7.88,7.89,113227,2021-09-10 19:38:00,SRNE
7.885,7.89,7.88,7.885,3192,2021-09-10 19:39:00,SRNE
7.885,7.89,7.88,7.885,11523,2021-09-10 19:40:00,SRNE
7.885,7.89,7.88,7.8819,2700,2021-09-10 19:41:00,SRNE
7.885,7.89,7.88,7.885,43649,2021-09-10 19:42:00,SRNE
7.8821,7.9,7.8821,7.895,28946,2021-09-10 19:43:00,SRNE
7.895,7.9,7.8901,7.9,8322,2021-09-10 19:44:00,SRNE
7.898,7.9,7.89,7.89,4180,2021-09-10 19:45:00,SRNE
7.8999,7.91,7.8901,7.91,19394,2021-09-10 19:46:00,SRNE
7.905,7.92,7.9,7.915,40997,2021-09-10 19:47:00,SRNE
7.92,7.92,7.91,7.915,5000,2021-09-10 19:48:00,SRNE
7.92,7.94,7.916,7.9391,45162,2021-09-10 19:49:00,SRNE
7.94,7.96,7.94,7.945,86460,2021-09-10 19:50:00,SRNE
7.945,7.96,7.94,7.9428,31182,2021-09-10 19:51:00,SRNE
7.94,7.945,7.92,7.92,40793,2021-09-10 19:52:00,SRNE
7.925,7.93,7.92,7.926,16619,2021-09-10 19:53:00,SRNE
7.93,7.94,7.92,7.925,54676,2021-09-10 19:54:00,SRNE
7.925,7.93,7.92,7.925,17188,2021-09-10 19:55:00,SRNE
7.925,7.94,7.92,7.9399,34410,2021-09-10 19:56:00,SRNE
7.93,7.935,7.92,7.92,29668,2021-09-10 19:57:00,SRNE
7.92,7.93,7.92,7.9278,27988,2021-09-10 19:58:00,SRNE
7.92,7.93,7.91,7.916,50963,2021-09-10 19:59:00,SRNE
7.92,7.92,7.92,7.92,195896,2021-09-10 20:00:00,SRNE
7.92,7.92,7.92,7.92,33088,2021-09-10 20:01:00,SRNE
7.92,7.92,7.92,7.92,126,2021-09-10 20:05:00,SRNE
7.92,7.93,7.92,7.93,373,2021-09-10 20:09:00,SRNE
7.91,7.91,7.91,7.91,491,2021-09-10 20:13:00,SRNE
7.95,7.99,7.95,7.99,500,2021-09-10 20:17:00,SRNE
7.98,7.98,7.98,7.98,130,2021-09-10 20:19:00,SRNE
7.91,7.91,7.91,7.91,918,2021-09-10 20:22:00,SRNE
7.95,7.95,7.95,7.95,100,2021-09-10 20:27:00,SRNE
7.92,7.92,7.92,7.92,200,2021-09-10 20:32:00,SRNE
7.92,7.92,7.92,7.92,100,2021-09-10 20:33:00,SRNE
7.9399,7.94,7.9399,7.94,285,2021-09-10 20:34:00,SRNE
7.94,7.94,7.94,7.94,100,2021-09-10 20:35:00,SRNE
7.94,7.94,7.94,7.94,100,2021-09-10 20:36:00,SRNE
7.92,7.92,7.92,7.92,396,2021-09-10 20:41:00,SRNE
7.95,7.95,7.95,7.95,100,2021-09-10 20:44:00,SRNE
7.92,7.92,7.92,7.92,100,2021-09-10 20:55:00,SRNE
7.95,7.95,7.95,7.95,5000,2021-09-10 20:59:00,SRNE
7.94,7.94,7.94,7.94,1010,2021-09-10 21:21:00,SRNE
7.95,7.95,7.95,7.95,264,2021-09-10 21:38:00,SRNE
7.92,7.92,7.92,7.92,150,2021-09-10 21:43:00,SRNE
7.94,7.94,7.94,7.94,300,2021-09-10 21:44:00,SRNE
7.95,7.95,7.95,7.95,440,2021-09-10 21:50:00,SRNE
7.94,7.94,7.94,7.94,126,2021-09-10 21:54:00,SRNE
7.94,7.94,7.94,7.94,500,2021-09-10 21:58:00,SRNE
7.95,7.95,7.95,7.95,500,2021-09-10 22:07:00,SRNE
7.95,7.95,7.95,7.95,100,2021-09-10 22:29:00,SRNE
7.93,7.93,7.93,7.93,300,2021-09-10 22:30:00,SRNE
7.95,7.95,7.95,7.95,100,2021-09-10 22:31:00,SRNE
7.9899,7.9899,7.9899,7.9899,200,2021-09-10 22:35:00,SRNE
7.93,7.93,7.93,7.93,200,2021-09-10 22:52:00,SRNE
7.93,7.93,7.93,7.93,907,2021-09-10 23:03:00,SRNE
7.92,7.92,7.92,7.92,1000,2021-09-10 23:04:00,SRNE
7.95,7.95,7.95,7.95,100,2021-09-10 23:26:00,SRNE
7.93,7.93,7.93,7.93,125,2021-09-10 23:29:00,SRNE
7.9499,7.9499,7.9499,7.9499,629,2021-09-10 23:37:00,SRNE
7.93,7.93,7.93,7.93,300,2021-09-10 23:41:00,SRNE
7.94,7.94,7.94,7.94,100,2021-09-10 23:52:00,SRNE
7.92,7.92,7.9,7.9,946,2021-09-13 08:24:00,SRNE
7.93,7.93,7.92,7.92,1985,2021-09-13 10:55:00,SRNE
7.94,7.94,7.94,7.94,100,2021-09-13 11:00:00,SRNE
7.95,7.95,7.95,7.95,961,2021-09-13 11:07:00,SRNE
7.98,7.98,7.98,7.98,1177,2021-09-13 11:35:00,SRNE
7.97,7.97,7.97,7.97,800,2021-09-13 12:01:00,SRNE
7.9799,7.98,7.9799,7.98,200,2021-09-13 12:03:00,SRNE
7.9799,7.98,7.9799,7.98,5000,2021-09-13 12:07:00,SRNE
7.97,7.97,7.97,7.97,1500,2021-09-13 12:10:00,SRNE
7.97,7.97,7.97,7.97,1000,2021-09-13 12:13:00,SRNE
7.98,7.98,7.98,7.98,100,2021-09-13 12:15:00,SRNE
7.98,7.98,7.98,7.98,500,2021-09-13 12:24:00,SRNE
7.98,7.98,7.98,7.98,200,2021-09-13 12:43:00,SRNE
7.98,7.98,7.98,7.98,2000,2021-09-13 12:46:00,SRNE
7.97,7.97,7.97,7.97,1000,2021-09-13 12:47:00,SRNE
7.97,7.97,7.97,7.97,1283,2021-09-13 12:50:00,SRNE
7.9799,7.98,7.9799,7.98,1200,2021-09-13 12:53:00,SRNE
7.98,7.98,7.98,7.98,1100,2021-09-13 13:00:00,SRNE
7.95,7.95,7.95,7.95,100,2021-09-13 13:02:00,SRNE
7.95,7.95,7.95,7.95,3000,2021-09-13 13:05:00,SRNE
7.96,7.97,7.96,7.97,977,2021-09-13 13:06:00,SRNE
7.96,7.96,7.96,7.96,4323,2021-09-13 13:08:00,SRNE
7.96,7.96,7.96,7.96,1956,2021-09-13 13:13:00,SRNE
7.96,7.96,7.96,7.96,5000,2021-09-13 13:15:00,SRNE
7.97,7.97,7.97,7.97,100,2021-09-13 13:18:00,SRNE
7.97,7.97,7.97,7.97,900,2021-09-13 13:19:00,SRNE
7.97,7.97,7.97,7.97,500,2021-09-13 13:21:00,SRNE
7.97,7.97,7.97,7.97,1000,2021-09-13 13:22:00,SRNE
7.97,7.97,7.97,7.97,5000,2021-09-13 13:23:00,SRNE
7.98,7.98,7.98,7.98,100,2021-09-13 13:24:00,SRNE
7.96,7.96,7.94,7.94,248,2021-09-13 13:29:00,SRNE
7.95,7.96,7.82,7.86,95465,2021-09-13 13:30:00,SRNE
7.8513,7.855,7.821,7.85,13718,2021-09-13 13:31:00,SRNE
7.84,7.88,7.83,7.87,16689,2021-09-13 13:32:00,SRNE
7.87,7.89,7.8547,7.8867,12904,2021-09-13 13:33:00,SRNE
7.87,7.88,7.87,7.87,4425,2021-09-13 13:34:00,SRNE
7.865,7.9,7.865,7.876,23637,2021-09-13 13:35:00,SRNE
7.88,7.89,7.85,7.88,34148,2021-09-13 13:36:00,SRNE
7.88,7.91,7.88,7.8906,24254,2021-09-13 13:37:00,SRNE
7.89,7.9038,7.87,7.87,10146,2021-09-13 13:38:00,SRNE
7.87,7.87,7.845,7.845,13315,2021-09-13 13:39:00,SRNE
7.84,7.85,7.83,7.84,7180,2021-09-13 13:40:00,SRNE
7.84,7.89,7.84,7.885,13621,2021-09-13 13:41:00,SRNE
7.8899,7.91,7.8801,7.898,19218,2021-09-13 13:42:00,SRNE
7.895,7.8977,7.86,7.86,17264,2021-09-13 13:43:00,SRNE
7.86,7.865,7.8306,7.84,33654,2021-09-13 13:44:00,SRNE
7.85,7.855,7.8301,7.84,10830,2021-09-13 13:45:00,SRNE
7.8377,7.85,7.8377,7.8484,4146,2021-09-13 13:46:00,SRNE
7.845,7.85,7.8299,7.84,22075,2021-09-13 13:47:00,SRNE
7.845,7.845,7.8301,7.8384,3830,2021-09-13 13:48:00,SRNE
7.831,7.84,7.83,7.84,13765,2021-09-13 13:49:00,SRNE
7.84,7.89,7.8377,7.89,14040,2021-09-13 13:50:00,SRNE
7.88,7.89,7.87,7.89,11699,2021-09-13 13:51:00,SRNE
7.875,7.88,7.87,7.88,2316,2021-09-13 13:52:00,SRNE
7.8702,7.91,7.8702,7.91,6530,2021-09-13 13:53:00,SRNE
7.9,7.91,7.875,7.89,7408,2021-09-13 13:54:00,SRNE
7.88,7.89,7.8614,7.87,8890,2021-09-13 13:55:00,SRNE
7.88,7.9,7.865,7.88,34460,2021-09-13 13:56:00,SRNE
7.88,7.8986,7.88,7.88,2335,2021-09-13 13:57:00,SRNE
7.88,7.895,7.875,7.88,4134,2021-09-13 13:58:00,SRNE
7.885,7.9001,7.885,7.9,6602,2021-09-13 13:59:00,SRNE
7.89,7.93,7.88,7.93,13195,2021-09-13 14:00:00,SRNE
7.94,7.95,7.91,7.95,18535,2021-09-13 14:01:00,SRNE
7.949,7.9899,7.94,7.969,15743,2021-09-13 14:02:00,SRNE
7.965,7.965,7.94,7.94,12734,2021-09-13 14:03:00,SRNE
7.95,7.97,7.95,7.97,12248,2021-09-13 14:04:00,SRNE
7.97,7.97,7.96,7.965,4868,2021-09-13 14:05:00,SRNE
7.96,7.96,7.945,7.945,17027,2021-09-13 14:06:00,SRNE
7.945,7.945,7.93,7.9333,15926,2021-09-13 14:07:00,SRNE
7.93,7.93,7.8943,7.9,16679,2021-09-13 14:08:00,SRNE
7.9035,7.9035,7.86,7.865,4572,2021-09-13 14:09:00,SRNE
7.865,7.876,7.86,7.865,5548,2021-09-13 14:10:00,SRNE
7.8601,7.8786,7.86,7.8701,12568,2021-09-13 14:11:00,SRNE
7.8621,7.875,7.86,7.87,8945,2021-09-13 14:12:00,SRNE
7.87,7.88,7.87,7.87,5850,2021-09-13 14:13:00,SRNE
7.865,7.88,7.865,7.8791,9697,2021-09-13 14:14:00,SRNE
7.88,7.9213,7.88,7.9213,7584,2021-09-13 14:15:00,SRNE
7.93,7.94,7.92,7.93,9448,2021-09-13 14:16:00,SRNE
7.93,7.94,7.93,7.9301,3892,2021-09-13 14:17:00,SRNE
7.9312,7.9514,7.9312,7.94,8636,2021-09-13 14:18:00,SRNE
7.94,7.945,7.93,7.94,2764,2021-09-13 14:19:00,SRNE
7.95,7.97,7.95,7.965,4992,2021-09-13 14:20:00,SRNE
7.97,7.9835,7.97,7.9835,4733,2021-09-13 14:21:00,SRNE
7.98,7.9882,7.97,7.98,2634,2021-09-13 14:22:00,SRNE
7.985,8.0,7.985,7.9967,15024,2021-09-13 14:23:00,SRNE
7.9999,7.9999,7.98,7.9911,9725,2021-09-13 14:24:00,SRNE
7.995,8.0,7.99,7.991,5334,2021-09-13 14:25:00,SRNE
7.9999,7.9999,7.99,7.9927,8525,2021-09-13 14:26:00,SRNE
7.99,7.995,7.99,7.99,3001,2021-09-13 14:27:00,SRNE
8.0,8.005,7.9801,7.9801,16152,2021-09-13 14:28:00,SRNE
7.985,8.02,7.985,8.0178,17863,2021-09-13 14:29:00,SRNE
8.015,8.0154,7.985,8.0154,10045,2021-09-13 14:30:00,SRNE
8.02,8.03,8.02,8.0206,5625,2021-09-13 14:31:00,SRNE
8.03,8.0333,8.025,8.03,4997,2021-09-13 14:32:00,SRNE
8.02,8.035,8.02,8.0308,6850,2021-09-13 14:33:00,SRNE
8.04,8.04,8.0205,8.0205,12405,2021-09-13 14:34:00,SRNE
8.0282,8.0332,8.0184,8.0332,9426,2021-09-13 14:35:00,SRNE
8.0353,8.04,8.03,8.035,18734,2021-09-13 14:36:00,SRNE
8.031,8.05,8.031,8.045,13420,2021-09-13 14:37:00,SRNE
8.04,8.0471,8.035,8.035,8877,2021-09-13 14:38:00,SRNE
8.0301,8.045,8.0301,8.045,3731,2021-09-13 14:39:00,SRNE
8.0499,8.055,8.04,8.0482,10491,2021-09-13 14:40:00,SRNE
8.0473,8.0473,8.04,8.0411,8607,2021-09-13 14:41:00,SRNE
8.045,8.045,8.025,8.025,5700,2021-09-13 14:42:00,SRNE
8.025,8.03,8.01,8.01,13205,2021-09-13 14:43:00,SRNE
8.01,8.015,8.01,8.015,2700,2021-09-13 14:44:00,SRNE
8.01,8.0387,8.01,8.0387,6137,2021-09-13 14:45:00,SRNE
8.0305,8.0479,8.0301,8.043,6700,2021-09-13 14:46:00,SRNE
8.045,8.0492,8.04,8.049,3665,2021-09-13 14:47:00,SRNE
8.045,8.05,8.045,8.045,1200,2021-09-13 14:48:00,SRNE
8.0401,8.05,8.04,8.045,1700,2021-09-13 14:49:00,SRNE
8.0418,8.05,8.0301,8.0301,3400,2021-09-13 14:50:00,SRNE
8.03,8.03,8.02,8.02,5700,2021-09-13 14:51:00,SRNE
8.02,8.02,8.01,8.0101,8200,2021-09-13 14:52:00,SRNE
8.0168,8.0168,8.0168,8.0168,5000,2021-09-13 14:53:00,SRNE
8.01,8.015,8.0,8.0,6292,2021-09-13 14:54:00,SRNE
8.005,8.03,8.005,8.02,8380,2021-09-13 14:55:00,SRNE
8.02,8.025,8.02,8.02,1601,2021-09-13 14:56:00,SRNE
8.015,8.03,8.01,8.03,3977,2021-09-13 14:57:00,SRNE
8.02,8.025,8.02,8.025,4118,2021-09-13 14:58:00,SRNE
8.02,8.03,8.01,8.03,3605,2021-09-13 14:59:00,SRNE
8.03,8.04,8.03,8.04,3409,2021-09-13 15:00:00,SRNE
8.035,8.035,8.03,8.03,1900,2021-09-13 15:01:00,SRNE
8.0299,8.035,8.02,8.035,8644,2021-09-13 15:02:00,SRNE
8.04,8.04,8.035,8.035,1245,2021-09-13 15:03:00,SRNE
8.04,8.04,8.0323,8.04,2634,2021-09-13 15:04:00,SRNE
8.035,8.04,8.03,8.0334,1900,2021-09-13 15:05:00,SRNE
8.031,8.06,8.031,8.055,36965,2021-09-13 15:06:00,SRNE
8.0599,8.06,8.0507,8.055,2630,2021-09-13 15:07:00,SRNE
8.06,8.06,8.05,8.0503,5700,2021-09-13 15:08:00,SRNE
8.055,8.06,8.04,8.0425,5173,2021-09-13 15:09:00,SRNE
8.04,8.04,8.0,8.01,4313,2021-09-13 15:10:00,SRNE
8.01,8.02,8.0078,8.015,22418,2021-09-13 15:11:00,SRNE
8.019,8.03,8.019,8.03,20956,2021-09-13 15:12:00,SRNE
8.02,8.02,8.01,8.01,5172,2021-09-13 15:13:00,SRNE
8.01,8.01,7.995,8.0013,6325,2021-09-13 15:14:00,SRNE
8.0,8.0,7.98,8.0,7786,2021-09-13 15:15:00,SRNE
8.0,8.0,7.99,7.99,4500,2021-09-13 15:16:00,SRNE
7.99,8.008,7.99,8.0,3505,2021-09-13 15:17:00,SRNE
8.01,8.025,8.0014,8.0207,5113,2021-09-13 15:18:00,SRNE
8.0286,8.03,8.02,8.021,11150,2021-09-13 15:19:00,SRNE
8.02,8.03,8.02,8.0212,6009,2021-09-13 15:20:00,SRNE
8.025,8.025,8.025,8.025,101,2021-09-13 15:21:00,SRNE
8.03,8.035,8.03,8.035,2312,2021-09-13 15:22:00,SRNE
8.03,8.03,8.0201,8.03,5168,2021-09-13 15:23:00,SRNE
8.035,8.04,8.03,8.035,1695,2021-09-13 15:24:00,SRNE
8.03,8.03,8.03,8.03,1966,2021-09-13 15:25:00,SRNE
8.035,8.04,8.035,8.04,200,2021-09-13 15:26:00,SRNE
8.04,8.05,8.0376,8.0376,29801,2021-09-13 15:27:00,SRNE
8.04,8.04,8.03,8.04,9523,2021-09-13 15:28:00,SRNE
8.0492,8.06,8.04,8.055,27587,2021-09-13 15:29:00,SRNE
8.0576,8.06,8.05,8.06,36887,2021-09-13 15:30:00,SRNE
8.0575,8.08,8.0575,8.08,27317,2021-09-13 15:31:00,SRNE
8.08,8.08,8.07,8.075,20173,2021-09-13 15:32:00,SRNE
8.075,8.08,8.07,8.07,16800,2021-09-13 15:33:00,SRNE
8.07,8.075,8.06,8.07,11796,2021-09-13 15:34:00,SRNE
8.08,8.085,8.06,8.06,34050,2021-09-13 15:35:00,SRNE
8.0612,8.0612,8.05,8.05,25596,2021-09-13 15:36:00,SRNE
8.0599,8.0599,8.04,8.045,7950,2021-09-13 15:37:00,SRNE
8.05,8.07,8.05,8.07,14807,2021-09-13 15:38:00,SRNE
8.08,8.09,8.08,8.09,27039,2021-09-13 15:39:00,SRNE
8.09,8.09,8.08,8.08,5892,2021-09-13 15:40:00,SRNE
8.08,8.08,8.0701,8.075,1150,2021-09-13 15:41:00,SRNE
8.075,8.075,8.075,8.075,150,2021-09-13 15:42:00,SRNE
8.079,8.08,8.0719,8.08,2600,2021-09-13 15:43:00,SRNE
8.075,8.1,8.07,8.1,54470,2021-09-13 15:44:00,SRNE
8.09,8.1101,8.09,8.1101,10788,2021-09-13 15:45:00,SRNE
8.115,8.115,8.1,8.1009,16385,2021-09-13 15:46:00,SRNE
8.105,8.105,8.1,8.105,3200,2021-09-13 15:47:00,SRNE
8.1,8.11,8.1,8.1001,2489,2021-09-13 15:48:00,SRNE
8.11,8.11,8.1,8.11,1338,2021-09-13 15:49:00,SRNE
8.1059,8.11,8.1026,8.1026,960,2021-09-13 15:50:00,SRNE
8.11,8.13,8.105,8.1299,37360,2021-09-13 15:51:00,SRNE
8.13,8.13,8.12,8.12,2100,2021-09-13 15:52:00,SRNE
8.12,8.12,8.11,8.12,9264,2021-09-13 15:53:00,SRNE
8.125,8.139,8.125,8.139,9214,2021-09-13 15:54:00,SRNE
8.135,8.14,8.132,8.135,4280,2021-09-13 15:55:00,SRNE
8.13,8.15,8.13,8.145,20545,2021-09-13 15:56:00,SRNE
8.1401,8.145,8.14,8.145,4963,2021-09-13 15:57:00,SRNE
8.145,8.147,8.14,8.145,6263,2021-09-13 15:58:00,SRNE
8.145,8.15,8.14,8.15,900,2021-09-13 15:59:00,SRNE
8.15,8.16,8.145,8.15,36037,2021-09-13 16:00:00,SRNE
8.145,8.15,8.14,8.15,2280,2021-09-13 16:01:00,SRNE
8.15,8.15,8.14,8.145,2907,2021-09-13 16:02:00,SRNE
8.15,8.15,8.142,8.15,1120,2021-09-13 16:03:00,SRNE
8.1431,8.16,8.1431,8.155,3350,2021-09-13 16:04:00,SRNE
8.16,8.17,8.16,8.1699,13001,2021-09-13 16:05:00,SRNE
8.1699,8.17,8.16,8.165,3100,2021-09-13 16:06:00,SRNE
8.1601,8.17,8.16,8.17,10545,2021-09-13 16:07:00,SRNE
8.1669,8.18,8.1669,8.18,16193,2021-09-13 16:08:00,SRNE
8.1775,8.18,8.16,8.16,17629,2021-09-13 16:09:00,SRNE
8.165,8.18,8.165,8.1782,6371,2021-09-13 16:10:00,SRNE
8.1794,8.19,8.1794,8.19,20588,2021-09-13 16:11:00,SRNE
8.19,8.2,8.1846,8.189,16538,2021-09-13 16:12:00,SRNE
8.19,8.2,8.19,8.1927,13131,2021-09-13 16:13:00,SRNE
8.1999,8.21,8.195,8.202,9711,2021-09-13 16:14:00,SRNE
8.2078,8.21,8.2,8.21,10165,2021-09-13 16:15:00,SRNE
8.21,8.22,8.205,8.215,15161,2021-09-13 16:16:00,SRNE
8.215,8.22,8.215,8.22,1662,2021-09-13 16:17:00,SRNE
8.215,8.22,8.2,8.2,20467,2021-09-13 16:18:00,SRNE
8.2,8.21,8.2,8.21,5547,2021-09-13 16:19:00,SRNE
8.2,8.2,8.19,8.1902,3450,2021-09-13 16:20:00,SRNE
8.19,8.2,8.19,8.1921,11711,2021-09-13 16:21:00,SRNE
8.1999,8.2,8.1901,8.2,745,2021-09-13 16:22:00,SRNE
8.2,8.21,8.2,8.21,4045,2021-09-13 16:23:00,SRNE
8.21,8.21,8.2,8.2069,13216,2021-09-13 16:24:00,SRNE
8.202,8.207,8.2001,8.2022,1281,2021-09-13 16:25:00,SRNE
8.21,8.21,8.2,8.205,2449,2021-09-13 16:26:00,SRNE
8.21,8.21,8.2001,8.2001,17122,2021-09-13 16:27:00,SRNE
8.205,8.205,8.1937,8.195,3391,2021-09-13 16:28:00,SRNE
8.1921,8.21,8.1921,8.2001,20759,2021-09-13 16:29:00,SRNE
8.21,8.23,8.21,8.23,10171,2021-09-13 16:30:00,SRNE
8.2221,8.225,8.2221,8.225,800,2021-09-13 16:31:00,SRNE
8.225,8.23,8.22,8.23,25961,2021-09-13 16:32:00,SRNE
8.22,8.225,8.19,8.1917,65755,2021-09-13 16:33:00,SRNE
8.19,8.19,8.18,8.1802,8275,2021-09-13 16:34:00,SRNE
8.1879,8.1879,8.162,8.1717,43663,2021-09-13 16:35:00,SRNE
8.175,8.175,8.175,8.175,200,2021-09-13 16:36:00,SRNE
8.1792,8.1792,8.1792,8.1792,195,2021-09-13 16:37:00,SRNE
8.175,8.175,8.17,8.1731,10544,2021-09-13 16:38:00,SRNE
8.18,8.185,8.18,8.1815,2892,2021-09-13 16:39:00,SRNE
8.185,8.19,8.1801,8.1829,3130,2021-09-13 16:40:00,SRNE
8.183,8.1899,8.18,8.185,1150,2021-09-13 16:41:00,SRNE
8.18,8.18,8.16,8.175,8552,2021-09-13 16:42:00,SRNE
8.18,8.185,8.18,8.18,7500,2021-09-13 16:43:00,SRNE
8.18,8.1832,8.171,8.1832,3820,2021-09-13 16:44:00,SRNE
8.18,8.18,8.18,8.18,600,2021-09-13 16:45:00,SRNE
8.18,8.18,8.18,8.18,400,2021-09-13 16:46:00,SRNE
8.185,8.185,8.185,8.185,500,2021-09-13 16:47:00,SRNE
8.19,8.192,8.19,8.192,11000,2021-09-13 16:48:00,SRNE
8.19,8.19,8.1824,8.19,4253,2021-09-13 16:49:00,SRNE
8.19,8.2,8.19,8.1901,6500,2021-09-13 16:50:00,SRNE
8.19,8.1975,8.18,8.18,4528,2021-09-13 16:51:00,SRNE
8.1824,8.185,8.1824,8.185,328,2021-09-13 16:52:00,SRNE
8.1802,8.1868,8.18,8.185,3704,2021-09-13 16:53:00,SRNE
8.185,8.1899,8.17,8.17,4866,2021-09-13 16:54:00,SRNE
8.171,8.185,8.1701,8.18,15933,2021-09-13 16:55:00,SRNE
8.18,8.18,8.17,8.17,12707,2021-09-13 16:56:00,SRNE
8.17,8.18,8.17,8.175,1696,2021-09-13 16:57:00,SRNE
8.18,8.19,8.175,8.18,15394,2021-09-13 16:58:00,SRNE
8.1825,8.19,8.18,8.18,4628,2021-09-13 16:59:00,SRNE
8.185,8.185,8.185,8.185,300,2021-09-13 17:00:00,SRNE
8.18,8.185,8.18,8.18,400,2021-09-13 17:01:00,SRNE
8.1812,8.19,8.175,8.175,6637,2021-09-13 17:02:00,SRNE
8.18,8.185,8.17,8.17,5000,2021-09-13 17:03:00,SRNE
8.17,8.17,8.17,8.17,100,2021-09-13 17:04:00,SRNE
8.175,8.175,8.17,8.17,3193,2021-09-13 17:05:00,SRNE
8.17,8.17,8.17,8.17,3350,2021-09-13 17:06:00,SRNE
8.17,8.17,8.17,8.17,400,2021-09-13 17:07:00,SRNE
8.165,8.1659,8.1622,8.165,2300,2021-09-13 17:08:00,SRNE
8.17,8.17,8.165,8.165,300,2021-09-13 17:09:00,SRNE
8.16,8.165,8.13,8.145,51110,2021-09-13 17:10:00,SRNE
8.14,8.145,8.14,8.1417,4663,2021-09-13 17:11:00,SRNE
8.14,8.145,8.14,8.145,1350,2021-09-13 17:12:00,SRNE
8.145,8.15,8.14,8.1405,1187,2021-09-13 17:13:00,SRNE
8.14,8.145,8.14,8.1412,2621,2021-09-13 17:14:00,SRNE
8.14,8.15,8.135,8.15,12336,2021-09-13 17:15:00,SRNE
8.15,8.15,8.1468,8.1468,700,2021-09-13 17:16:00,SRNE
8.14,8.15,8.14,8.15,1000,2021-09-13 17:17:00,SRNE
8.145,8.145,8.13,8.135,3624,2021-09-13 17:18:00,SRNE
8.135,8.15,8.13,8.131,28888,2021-09-13 17:19:00,SRNE
8.14,8.14,8.135,8.137,1200,2021-09-13 17:20:00,SRNE
8.14,8.14,8.13,8.13,1300,2021-09-13 17:21:00,SRNE
8.13,8.1302,8.12,8.121,5927,2021-09-13 17:22:00,SRNE
8.125,8.125,8.12,8.1201,2660,2021-09-13 17:23:00,SRNE
8.12,8.12,8.12,8.12,782,2021-09-13 17:24:00,SRNE
8.125,8.125,8.12,8.12,2800,2021-09-13 17:25:00,SRNE
8.12,8.12,8.115,8.12,1400,2021-09-13 17:26:00,SRNE
8.115,8.12,8.1,8.1192,23293,2021-09-13 17:27:00,SRNE
8.1178,8.12,8.11,8.11,3753,2021-09-13 17:28:00,SRNE
8.11,8.11,8.09,8.1,16522,2021-09-13 17:29:00,SRNE
8.1,8.1054,8.1,8.1054,2850,2021-09-13 17:30:00,SRNE
8.105,8.109,8.105,8.109,4200,2021-09-13 17:31:00,SRNE
8.1,8.11,8.09,8.09,15795,2021-09-13 17:32:00,SRNE
8.09,8.0986,8.085,8.0986,2800,2021-09-13 17:33:00,SRNE
8.09,8.0976,8.09,8.09,800,2021-09-13 17:34:00,SRNE
8.095,8.095,8.08,8.0801,8575,2021-09-13 17:35:00,SRNE
8.08,8.09,8.08,8.0802,6931,2021-09-13 17:36:00,SRNE
8.08,8.095,8.08,8.095,23974,2021-09-13 17:37:00,SRNE
8.09,8.095,8.09,8.095,1650,2021-09-13 17:38:00,SRNE
8.095,8.0999,8.09,8.0999,5757,2021-09-13 17:39:00,SRNE
8.09,8.09,8.0701,8.08,6459,2021-09-13 17:40:00,SRNE
8.085,8.085,8.085,8.085,1200,2021-09-13 17:41:00,SRNE
8.08,8.085,8.08,8.085,200,2021-09-13 17:42:00,SRNE
8.08,8.085,8.07,8.0779,4479,2021-09-13 17:43:00,SRNE
8.08,8.09,8.08,8.09,2400,2021-09-13 17:44:00,SRNE
8.08,8.0899,8.08,8.08,2000,2021-09-13 17:45:00,SRNE
8.08,8.0899,8.08,8.0899,4376,2021-09-13 17:46:00,SRNE
8.085,8.095,8.085,8.09,7550,2021-09-13 17:47:00,SRNE
8.09,8.115,8.09,8.11,28635,2021-09-13 17:48:00,SRNE
8.115,8.1191,8.11,8.11,6000,2021-09-13 17:49:00,SRNE
8.11,8.115,8.1,8.1,4341,2021-09-13 17:50:00,SRNE
8.1,8.105,8.09,8.105,3904,2021-09-13 17:51:00,SRNE
8.1,8.11,8.1,8.105,1297,2021-09-13 17:52:00,SRNE
8.105,8.105,8.1023,8.105,560,2021-09-13 17:53:00,SRNE
8.105,8.105,8.105,8.105,100,2021-09-13 17:54:00,SRNE
8.1,8.1055,8.1,8.105,2500,2021-09-13 17:55:00,SRNE
8.11,8.11,8.11,8.11,103,2021-09-13 17:56:00,SRNE
8.103,8.1277,8.103,8.1208,6600,2021-09-13 17:57:00,SRNE
8.125,8.14,8.125,8.14,4000,2021-09-13 17:58:00,SRNE
8.135,8.14,8.13,8.1362,2046,2021-09-13 17:59:00,SRNE
8.13,8.13,8.11,8.11,6736,2021-09-13 18:00:00,SRNE
8.11,8.12,8.11,8.12,7277,2021-09-13 18:01:00,SRNE
8.12,8.125,8.1184,8.125,810,2021-09-13 18:02:00,SRNE
8.12,8.12,8.11,8.11,6000,2021-09-13 18:03:00,SRNE
8.1124,8.125,8.1124,8.12,8070,2021-09-13 18:04:00,SRNE
8.12,8.125,8.12,8.12,1150,2021-09-13 18:05:00,SRNE
8.12,8.12,8.1,8.1,6690,2021-09-13 18:06:00,SRNE
8.1,8.1,8.1,8.1,228,2021-09-13 18:07:00,SRNE
8.11,8.11,8.1,8.105,301,2021-09-13 18:08:00,SRNE
8.11,8.11,8.11,8.11,100,2021-09-13 18:09:00,SRNE
8.1,8.1,8.0899,8.0899,7148,2021-09-13 18:10:00,SRNE
8.08,8.08,8.06,8.07,7410,2021-09-13 18:11:00,SRNE
8.07,8.08,8.07,8.072,4736,2021-09-13 18:12:00,SRNE
8.075,8.075,8.06,8.065,15171,2021-09-13 18:13:00,SRNE
8.065,8.065,8.065,8.065,100,2021-09-13 18:14:00,SRNE
8.065,8.065,8.065,8.065,100,2021-09-13 18:15:00,SRNE
8.06,8.0602,8.0526,8.0526,6750,2021-09-13 18:16:00,SRNE
8.0589,8.0589,8.0589,8.0589,1000,2021-09-13 18:17:00,SRNE
8.06,8.069,8.06,8.06,6896,2021-09-13 18:18:00,SRNE
8.065,8.065,8.05,8.05,2065,2021-09-13 18:19:00,SRNE
8.055,8.055,8.055,8.055,100,2021-09-13 18:20:00,SRNE
8.055,8.055,8.04,8.04,6324,2021-09-13 18:21:00,SRNE
8.0401,8.05,8.0401,8.05,6675,2021-09-13 18:22:00,SRNE
8.045,8.0499,8.04,8.04,5800,2021-09-13 18:23:00,SRNE
8.041,8.045,8.0403,8.045,765,2021-09-13 18:24:00,SRNE
8.045,8.05,8.045,8.05,389,2021-09-13 18:25:00,SRNE
8.045,8.05,8.04,8.05,3677,2021-09-13 18:26:00,SRNE
8.05,8.05,8.04,8.045,7870,2021-09-13 18:27:00,SRNE
8.04,8.05,8.04,8.05,1000,2021-09-13 18:28:00,SRNE
8.05,8.05,8.045,8.05,5600,2021-09-13 18:29:00,SRNE
8.05,8.05,8.04,8.04,4604,2021-09-13 18:30:00,SRNE
8.04,8.043,8.04,8.0427,820,2021-09-13 18:31:00,SRNE
8.04,8.05,8.04,8.05,697,2021-09-13 18:32:00,SRNE
8.0419,8.05,8.0419,8.05,5115,2021-09-13 18:33:00,SRNE
8.05,8.06,8.05,8.06,600,2021-09-13 18:34:00,SRNE
8.0577,8.06,8.05,8.0587,9259,2021-09-13 18:35:00,SRNE
8.055,8.06,8.05,8.055,19888,2021-09-13 18:36:00,SRNE
8.055,8.06,8.04,8.045,13532,2021-09-13 18:37:00,SRNE
8.0469,8.0487,8.0469,8.0487,979,2021-09-13 18:38:00,SRNE
8.045,8.045,8.045,8.045,400,2021-09-13 18:39:00,SRNE
8.045,8.05,8.045,8.05,6578,2021-09-13 18:40:00,SRNE
8.06,8.07,8.06,8.07,1569,2021-09-13 18:41:00,SRNE
8.065,8.07,8.0631,8.07,2600,2021-09-13 18:42:00,SRNE
8.07,8.08,8.06,8.0611,14004,2021-09-13 18:43:00,SRNE
8.065,8.065,8.06,8.065,7154,2021-09-13 18:44:00,SRNE
8.06,8.06,8.04,8.05,6400,2021-09-13 18:45:00,SRNE
8.0449,8.065,8.04,8.065,4400,2021-09-13 18:46:00,SRNE
8.06,8.0617,8.06,8.06,1500,2021-09-13 18:47:00,SRNE
8.065,8.0694,8.06,8.06,1300,2021-09-13 18:48:00,SRNE
8.06,8.07,8.06,8.07,630,2021-09-13 18:49:00,SRNE
8.06,8.07,8.06,8.07,3700,2021-09-13 18:50:00,SRNE
8.06,8.07,8.06,8.07,500,2021-09-13 18:51:00,SRNE
8.065,8.07,8.06,8.06,1600,2021-09-13 18:52:00,SRNE
8.06,8.07,8.06,8.065,6387,2021-09-13 18:53:00,SRNE
8.065,8.065,8.045,8.05,18779,2021-09-13 18:54:00,SRNE
8.045,8.05,8.045,8.05,2947,2021-09-13 18:55:00,SRNE
8.06,8.0799,8.06,8.07,17735,2021-09-13 18:56:00,SRNE
8.075,8.0799,8.0737,8.0799,1318,2021-09-13 18:57:00,SRNE
8.075,8.075,8.075,8.075,229,2021-09-13 18:58:00,SRNE
8.08,8.08,8.075,8.075,200,2021-09-13 18:59:00,SRNE
8.07,8.075,8.06,8.06,4261,2021-09-13 19:00:00,SRNE
8.06,8.06,8.03,8.03,14513,2021-09-13 19:01:00,SRNE
8.03,8.03,8.025,8.025,600,2021-09-13 19:02:00,SRNE
8.025,8.025,8.015,8.015,3575,2021-09-13 19:03:00,SRNE
8.015,8.015,8.01,8.0134,11693,2021-09-13 19:04:00,SRNE
8.0118,8.0118,8.01,8.01,630,2021-09-13 19:05:00,SRNE
8.02,8.02,8.01,8.02,8703,2021-09-13 19:06:00,SRNE
8.02,8.0299,8.015,8.0299,5876,2021-09-13 19:07:00,SRNE
8.025,8.025,8.02,8.02,300,2021-09-13 19:09:00,SRNE
8.03,8.04,8.025,8.04,8696,2021-09-13 19:10:00,SRNE
8.045,8.045,8.035,8.035,6028,2021-09-13 19:11:00,SRNE
8.0318,8.035,8.03,8.035,10962,2021-09-13 19:13:00,SRNE
8.035,8.035,8.035,8.035,5000,2021-09-13 19:14:00,SRNE
8.0354,8.04,8.03,8.03,9138,2021-09-13 19:15:00,SRNE
8.025,8.04,8.025,8.04,6257,2021-09-13 19:16:00,SRNE
8.04,8.04,8.0301,8.035,10397,2021-09-13 19:17:00,SRNE
8.035,8.035,8.035,8.035,200,2021-09-13 19:18:00,SRNE
8.03,8.03,8.01,8.019,19466,2021-09-13 19:19:00,SRNE
8.015,8.0186,8.01,8.0186,5722,2021-09-13 19:20:00,SRNE
8.015,8.02,8.01,8.01,7555,2021-09-13 19:21:00,SRNE
8.0194,8.0194,8.0,8.015,30799,2021-09-13 19:22:00,SRNE
8.015,8.049,8.01,8.045,18131,2021-09-13 19:23:00,SRNE
8.04,8.045,8.04,8.04,12396,2021-09-13 19:24:00,SRNE
8.045,8.045,8.02,8.02,20630,2021-09-13 19:25:00,SRNE
8.025,8.025,8.025,8.025,1300,2021-09-13 19:26:00,SRNE
8.03,8.03,8.02,8.02,1500,2021-09-13 19:27:00,SRNE
8.023,8.03,8.02,8.03,18852,2021-09-13 19:28:00,SRNE
8.04,8.04,8.0301,8.035,3239,2021-09-13 19:29:00,SRNE
8.035,8.04,8.03,8.03,12763,2021-09-13 19:30:00,SRNE
8.03,8.04,8.03,8.039,24600,2021-09-13 19:31:00,SRNE
8.039,8.04,8.02,8.0252,18934,2021-09-13 19:32:00,SRNE
8.02,8.03,8.02,8.02,7829,2021-09-13 19:33:00,SRNE
8.025,8.0274,8.015,8.015,8960,2021-09-13 19:34:00,SRNE
8.01,8.02,8.01,8.015,1255,2021-09-13 19:35:00,SRNE
8.02,8.0246,8.0148,8.0202,13349,2021-09-13 19:36:00,SRNE
8.0274,8.0299,8.015,8.015,9354,2021-09-13 19:37:00,SRNE
8.02,8.02,8.015,8.02,6877,2021-09-13 19:38:00,SRNE
8.015,8.02,8.015,8.015,1300,2021-09-13 19:39:00,SRNE
8.01,8.02,8.0,8.0,8721,2021-09-13 19:40:00,SRNE
8.005,8.01,8.0,8.0099,2961,2021-09-13 19:41:00,SRNE
8.01,8.01,7.99,7.995,28300,2021-09-13 19:42:00,SRNE
7.99,8.0,7.9844,7.99,26356,2021-09-13 19:43:00,SRNE
7.99,8.01,7.99,8.0004,21894,2021-09-13 19:44:00,SRNE
8.005,8.0099,8.0,8.0,1219,2021-09-13 19:45:00,SRNE
8.01,8.01,8.0,8.005,4479,2021-09-13 19:46:00,SRNE
8.0099,8.01,8.0,8.005,11527,2021-09-13 19:47:00,SRNE
8.005,8.01,8.0025,8.01,14138,2021-09-13 19:48:00,SRNE
8.01,8.02,8.005,8.015,8518,2021-09-13 19:49:00,SRNE
8.02,8.03,8.02,8.025,14528,2021-09-13 19:50:00,SRNE
8.025,8.05,8.025,8.044,38837,2021-09-13 19:51:00,SRNE
8.045,8.05,8.03,8.03,24117,2021-09-13 19:52:00,SRNE
8.032,8.0395,8.03,8.03,4539,2021-09-13 19:53:00,SRNE
8.035,8.0399,8.025,8.03,17115,2021-09-13 19:54:00,SRNE
8.035,8.04,8.0301,8.04,5828,2021-09-13 19:55:00,SRNE
8.035,8.04,8.03,8.035,17346,2021-09-13 19:56:00,SRNE
8.04,8.04,8.03,8.035,17100,2021-09-13 19:57:00,SRNE
8.035,8.04,8.03,8.04,14699,2021-09-13 19:58:00,SRNE
8.03,8.04,8.03,8.03,41308,2021-09-13 19:59:00,SRNE
8.04,8.04,8.04,8.04,278089,2021-09-13 20:00:00,SRNE
8.05,8.05,8.01,8.05,13628,2021-09-13 20:01:00,SRNE
8.08,8.08,8.08,8.08,200,2021-09-13 20:12:00,SRNE
8.05,8.05,8.05,8.05,100,2021-09-13 20:19:00,SRNE
8.08,8.08,8.08,8.08,200,2021-09-13 20:45:00,SRNE
8.05,8.05,8.05,8.05,400,2021-09-13 20:56:00,SRNE
8.05,8.05,8.05,8.05,347,2021-09-13 20:58:00,SRNE
8.08,8.08,8.08,8.08,100,2021-09-13 21:08:00,SRNE
8.05,8.05,8.05,8.05,318,2021-09-13 21:14:00,SRNE
8.05,8.05,8.05,8.05,200,2021-09-13 21:19:00,SRNE
8.08,8.08,8.08,8.08,899,2021-09-13 21:24:00,SRNE
8.09,8.09,8.09,8.09,198,2021-09-13 21:30:00,SRNE
8.1,8.1,8.1,8.1,251,2021-09-13 21:31:00,SRNE
8.09,8.09,8.09,8.09,100,2021-09-13 22:05:00,SRNE
8.09,8.09,8.09,8.09,100,2021-09-13 22:36:00,SRNE
8.05,8.05,8.05,8.05,500,2021-09-13 22:38:00,SRNE
8.09,8.09,8.09,8.09,173,2021-09-13 23:23:00,SRNE
8.06,8.06,8.06,8.06,100,2021-09-13 23:55:00,SRNE
8.1,8.1,8.1,8.1,300,2021-09-14 08:03:00,SRNE
8.04,8.04,8.04,8.04,272,2021-09-14 08:07:00,SRNE
8.04,8.04,8.04,8.04,326,2021-09-14 08:37:00,SRNE
8.03,8.03,8.03,8.03,100,2021-09-14 10:30:00,SRNE
8.02,8.02,8.02,8.02,300,2021-09-14 11:04:00,SRNE
8.03,8.03,8.03,8.03,411,2021-09-14 11:12:00,SRNE
8.04,8.04,8.04,8.04,100,2021-09-14 11:22:00,SRNE
8.04,8.04,8.04,8.04,300,2021-09-14 11:33:00,SRNE
8.03,8.03,8.03,8.03,789,2021-09-14 11:44:00,SRNE
8.02,8.02,8.02,8.02,208,2021-09-14 11:59:00,SRNE
8.03,8.03,8.0299,8.0299,650,2021-09-14 12:05:00,SRNE
8.03,8.03,8.03,8.03,100,2021-09-14 12:07:00,SRNE
8.0299,8.04,8.0299,8.04,2906,2021-09-14 12:09:00,SRNE
8.05,8.06,8.04,8.06,892,2021-09-14 12:10:00,SRNE
8.0799,8.0799,8.0799,8.0799,123,2021-09-14 12:19:00,SRNE
8.05,8.05,8.05,8.05,600,2021-09-14 12:30:00,SRNE
8.04,8.04,8.04,8.04,600,2021-09-14 12:31:00,SRNE
8.05,8.05,8.05,8.05,150,2021-09-14 12:35:00,SRNE
8.06,8.06,8.06,8.06,150,2021-09-14 12:39:00,SRNE
8.0599,8.06,8.0599,8.06,850,2021-09-14 12:43:00,SRNE
8.05,8.05,8.05,8.05,800,2021-09-14 12:44:00,SRNE
8.045,8.045,8.04,8.04,5000,2021-09-14 12:45:00,SRNE
8.0499,8.0499,8.0499,8.0499,200,2021-09-14 12:46:00,SRNE
8.05,8.05,8.05,8.05,198,2021-09-14 12:49:00,SRNE
8.06,8.06,8.06,8.06,1500,2021-09-14 12:51:00,SRNE
8.0601,8.0601,8.0601,8.0601,200,2021-09-14 12:52:00,SRNE
8.06,8.06,8.06,8.06,500,2021-09-14 12:53:00,SRNE
8.06,8.06,8.06,8.06,3000,2021-09-14 12:54:00,SRNE
8.06,8.06,8.05,8.05,497,2021-09-14 12:55:00,SRNE
8.0599,8.0599,8.0599,8.0599,1223,2021-09-14 12:56:00,SRNE
8.05,8.05,8.05,8.05,181,2021-09-14 13:07:00,SRNE
8.05,8.05,8.05,8.05,124,2021-09-14 13:10:00,SRNE
8.05,8.06,8.05,8.06,1275,2021-09-14 13:12:00,SRNE
8.05,8.05,8.05,8.05,200,2021-09-14 13:17:00,SRNE
8.05,8.05,8.05,8.05,200,2021-09-14 13:22:00,SRNE
8.04,8.0499,8.04,8.0499,1099,2021-09-14 13:25:00,SRNE
8.02,8.03,8.02,8.03,2140,2021-09-14 13:27:00,SRNE
8.03,8.03,8.03,8.03,1000,2021-09-14 13:28:00,SRNE
8.02,8.02,8.01,8.01,246,2021-09-14 13:29:00,SRNE
8.02,8.0356,7.96,7.98,91161,2021-09-14 13:30:00,SRNE
7.979,8.02,7.97,8.02,7272,2021-09-14 13:31:00,SRNE
8.02,8.02,8.0,8.0,5222,2021-09-14 13:32:00,SRNE
8.0,8.0,7.9785,7.9973,11050,2021-09-14 13:33:00,SRNE
7.99,7.99,7.9601,7.98,10688,2021-09-14 13:34:00,SRNE
7.98,8.01,7.98,8.005,11191,2021-09-14 13:35:00,SRNE
8.0,8.0,7.9738,7.98,6261,2021-09-14 13:36:00,SRNE
7.98,7.995,7.975,7.99,4680,2021-09-14 13:37:00,SRNE
7.98,8.01,7.98,8.0,6350,2021-09-14 13:38:00,SRNE
8.01,8.01,7.99,7.9999,9033,2021-09-14 13:39:00,SRNE
7.99,8.015,7.99,8.0121,14088,2021-09-14 13:40:00,SRNE
8.01,8.015,7.9801,7.99,7769,2021-09-14 13:41:00,SRNE
7.9901,7.9915,7.98,7.99,5721,2021-09-14 13:42:00,SRNE
7.99,7.99,7.9825,7.985,1650,2021-09-14 13:43:00,SRNE
7.99,8.0,7.985,7.99,11719,2021-09-14 13:44:00,SRNE
7.985,8.02,7.985,8.015,20566,2021-09-14 13:45:00,SRNE
8.015,8.02,8.0,8.0185,14100,2021-09-14 13:46:00,SRNE
8.01,8.02,8.0,8.0,6112,2021-09-14 13:47:00,SRNE
8.0,8.03,8.0,8.0291,30009,2021-09-14 13:48:00,SRNE
8.03,8.08,8.025,8.055,52515,2021-09-14 13:49:00,SRNE
8.06,8.07,8.05,8.06,33103,2021-09-14 13:50:00,SRNE
8.07,8.09,8.07,8.085,34555,2021-09-14 13:51:00,SRNE
8.085,8.0898,8.06,8.08,17370,2021-09-14 13:52:00,SRNE
8.085,8.09,8.0727,8.0862,12594,2021-09-14 13:53:00,SRNE
8.085,8.0891,8.075,8.0772,7250,2021-09-14 13:54:00,SRNE
8.0731,8.0899,8.06,8.08,11576,2021-09-14 13:55:00,SRNE
8.09,8.09,8.08,8.0814,2363,2021-09-14 13:56:00,SRNE
8.08,8.08,8.0608,8.064,7000,2021-09-14 13:57:00,SRNE
8.065,8.065,8.0278,8.0278,20583,2021-09-14 13:58:00,SRNE
8.02,8.02,7.98,8.01,40444,2021-09-14 13:59:00,SRNE
8.0,8.0077,7.94,7.9401,54543,2021-09-14 14:00:00,SRNE
7.94,7.9709,7.94,7.97,8301,2021-09-14 14:01:00,SRNE
7.97,7.98,7.96,7.96,13888,2021-09-14 14:02:00,SRNE
7.97,7.97,7.9699,7.97,1730,2021-09-14 14:03:00,SRNE
7.97,7.9799,7.96,7.9799,4497,2021-09-14 14:04:00,SRNE
7.98,7.985,7.98,7.98,600,2021-09-14 14:05:00,SRNE
7.9893,8.01,7.9893,8.01,18568,2021-09-14 14:06:00,SRNE
8.01,8.03,8.01,8.02,14251,2021-09-14 14:07:00,SRNE
8.035,8.035,8.024,8.0258,1996,2021-09-14 14:08:00,SRNE
8.03,8.03,8.02,8.02,2007,2021-09-14 14:09:00,SRNE
8.03,8.03,8.0,8.0,2900,2021-09-14 14:10:00,SRNE
8.01,8.015,8.0,8.01,7290,2021-09-14 14:11:00,SRNE
8.02,8.02,8.01,8.02,1474,2021-09-14 14:12:00,SRNE
8.02,8.02,8.02,8.02,400,2021-09-14 14:13:00,SRNE
8.02,8.02,8.0,8.0,4272,2021-09-14 14:14:00,SRNE
7.9999,8.0087,7.995,7.995,4054,2021-09-14 14:15:00,SRNE
7.99,7.9902,7.98,7.9836,4986,2021-09-14 14:16:00,SRNE
7.98,7.99,7.97,7.99,3672,2021-09-14 14:17:00,SRNE
8.0,8.02,8.0,8.02,6199,2021-09-14 14:18:00,SRNE
8.027,8.027,8.0142,8.025,7850,2021-09-14 14:19:00,SRNE
8.0201,8.0278,8.02,8.02,2700,2021-09-14 14:20:00,SRNE
8.01,8.02,8.01,8.0199,5602,2021-09-14 14:21:00,SRNE
8.02,8.03,8.01,8.03,5075,2021-09-14 14:22:00,SRNE
8.0276,8.03,8.02,8.02,1850,2021-09-14 14:23:00,SRNE
8.025,8.03,8.01,8.0172,3981,2021-09-14 14:24:00,SRNE
8.01,8.02,8.0,8.0,3250,2021-09-14 14:25:00,SRNE
7.99,8.0,7.98,8.0,10573,2021-09-14 14:26:00,SRNE
7.995,7.995,7.96,7.97,9060,2021-09-14 14:27:00,SRNE
7.965,7.97,7.955,7.97,14027,2021-09-14 14:28:00,SRNE
7.96,7.97,7.96,7.97,7905,2021-09-14 14:29:00,SRNE
7.9777,7.98,7.97,7.97,6710,2021-09-14 14:30:00,SRNE
7.975,7.98,7.96,7.98,6600,2021-09-14 14:31:00,SRNE
7.98,7.99,7.98,7.985,575,2021-09-14 14:32:00,SRNE
7.9808,7.985,7.98,7.985,4500,2021-09-14 14:33:00,SRNE
7.985,7.9899,7.98,7.985,8125,2021-09-14 14:34:00,SRNE
7.99,7.99,7.98,7.98,4217,2021-09-14 14:35:00,SRNE
7.99,8.0,7.9869,7.9869,3663,2021-09-14 14:36:00,SRNE
7.98,7.98,7.96,7.96,4796,2021-09-14 14:37:00,SRNE
7.96,7.9699,7.96,7.96,3151,2021-09-14 14:38:00,SRNE
7.96,7.9699,7.95,7.9591,10501,2021-09-14 14:39:00,SRNE
7.96,7.963,7.9579,7.963,3739,2021-09-14 14:40:00,SRNE
7.96,7.96,7.96,7.96,628,2021-09-14 14:41:00,SRNE
7.96,7.9676,7.96,7.9671,4850,2021-09-14 14:42:00,SRNE
7.965,7.965,7.9571,7.96,17912,2021-09-14 14:43:00,SRNE
7.96,7.96,7.9595,7.96,10050,2021-09-14 14:44:00,SRNE
7.9596,7.96,7.95,7.96,14770,2021-09-14 14:45:00,SRNE
7.9584,7.9601,7.955,7.9601,3300,2021-09-14 14:46:00,SRNE
7.9686,7.9686,7.96,7.9613,5800,2021-09-14 14:47:00,SRNE
7.96,7.96,7.95,7.96,5500,2021-09-14 14:48:00,SRNE
7.9587,7.96,7.955,7.96,8662,2021-09-14 14:49:00,SRNE
7.965,7.965,7.96,7.96,6800,2021-09-14 14:50:00,SRNE
7.955,7.96,7.955,7.955,1023,2021-09-14 14:51:00,SRNE
7.96,7.96,7.96,7.96,3675,2021-09-14 14:52:00,SRNE
7.9581,7.9581,7.9581,7.9581,100,2021-09-14 14:53:00,SRNE
7.9518,7.96,7.9518,7.958,800,2021-09-14 14:54:00,SRNE
7.96,7.969,7.96,7.969,1250,2021-09-14 14:55:00,SRNE
7.965,7.965,7.9604,7.965,1501,2021-09-14 14:56:00,SRNE
7.96,7.965,7.96,7.96,4000,2021-09-14 14:57:00,SRNE
7.96,7.96,7.95,7.9581,3938,2021-09-14 14:58:00,SRNE
7.95,7.96,7.95,7.9501,8264,2021-09-14 14:59:00,SRNE
7.96,7.96,7.96,7.96,400,2021-09-14 15:00:00,SRNE
7.9599,7.9691,7.95,7.9691,8044,2021-09-14 15:01:00,SRNE
7.9601,7.97,7.96,7.965,8981,2021-09-14 15:02:00,SRNE
7.96,7.98,7.96,7.98,7575,2021-09-14 15:03:00,SRNE
7.985,7.9899,7.985,7.985,2400,2021-09-14 15:04:00,SRNE
7.99,7.99,7.98,7.98,7200,2021-09-14 15:05:00,SRNE
7.97,7.98,7.97,7.98,4149,2021-09-14 15:06:00,SRNE
7.9701,7.973,7.9701,7.973,900,2021-09-14 15:07:00,SRNE
7.9719,7.975,7.97,7.975,1540,2021-09-14 15:08:00,SRNE
7.9718,7.98,7.9718,7.9778,1500,2021-09-14 15:09:00,SRNE
7.98,8.0,7.98,7.995,16307,2021-09-14 15:10:00,SRNE
7.9999,8.01,7.9999,8.01,10385,2021-09-14 15:11:00,SRNE
8.005,8.005,7.99,7.99,10786,2021-09-14 15:12:00,SRNE
8.0,8.01,8.0,8.01,7900,2021-09-14 15:13:00,SRNE
8.0,8.01,8.0,8.005,3200,2021-09-14 15:15:00,SRNE
8.005,8.005,7.99,8.0,4676,2021-09-14 15:16:00,SRNE
7.9988,7.9993,7.995,7.9993,3669,2021-09-14 15:17:00,SRNE
7.99,8.0,7.99,8.0,4463,2021-09-14 15:18:00,SRNE
8.0,8.0,7.995,7.996,1419,2021-09-14 15:19:00,SRNE
8.0,8.0,7.98,7.985,10729,2021-09-14 15:20:00,SRNE
7.98,7.98,7.96,7.9601,11449,2021-09-14 15:21:00,SRNE
7.9682,7.9682,7.96,7.96,6139,2021-09-14 15:22:00,SRNE
7.965,7.97,7.96,7.9601,1640,2021-09-14 15:23:00,SRNE
7.965,7.98,7.965,7.97,8472,2021-09-14 15:24:00,SRNE
7.975,7.98,7.975,7.975,703,2021-09-14 15:25:00,SRNE
7.975,7.985,7.975,7.985,2251,2021-09-14 15:26:00,SRNE
7.985,7.99,7.985,7.99,300,2021-09-14 15:27:00,SRNE
7.985,7.99,7.9807,7.99,4850,2021-09-14 15:28:00,SRNE
7.99,7.99,7.98,7.98,3950,2021-09-14 15:29:00,SRNE
7.98,7.98,7.9793,7.98,2050,2021-09-14 15:30:00,SRNE
7.98,7.98,7.9782,7.9782,500,2021-09-14 15:31:00,SRNE
7.98,7.98,7.9701,7.9701,1266,2021-09-14 15:32:00,SRNE
7.98,7.9883,7.98,7.9883,8400,2021-09-14 15:33:00,SRNE
7.99,7.99,7.99,7.99,686,2021-09-14 15:34:00,SRNE
7.99,7.99,7.99,7.99,800,2021-09-14 15:35:00,SRNE
7.98,7.985,7.97,7.97,8126,2021-09-14 15:36:00,SRNE
7.9673,7.97,7.9616,7.97,800,2021-09-14 15:37:00,SRNE
7.97,7.97,7.97,7.97,1800,2021-09-14 15:38:00,SRNE
7.975,7.975,7.97,7.97,1000,2021-09-14 15:39:00,SRNE
7.97,7.97,7.965,7.967,5772,2021-09-14 15:40:00,SRNE
7.96,7.961,7.96,7.961,700,2021-09-14 15:41:00,SRNE
7.9699,7.9699,7.9513,7.955,5067,2021-09-14 15:42:00,SRNE
7.9589,7.9595,7.9527,7.9583,1457,2021-09-14 15:43:00,SRNE
7.96,7.96,7.95,7.95,5283,2021-09-14 15:44:00,SRNE
7.955,7.97,7.955,7.97,5102,2021-09-14 15:45:00,SRNE
7.97,7.975,7.96,7.965,14358,2021-09-14 15:46:00,SRNE
7.96,7.97,7.96,7.97,682,2021-09-14 15:47:00,SRNE
7.97,7.9783,7.9682,7.9783,4183,2021-09-14 15:48:00,SRNE
7.975,7.975,7.975,7.975,400,2021-09-14 15:49:00,SRNE
7.98,7.99,7.98,7.99,6418,2021-09-14 15:50:00,SRNE
7.995,7.9987,7.99,7.99,6600,2021-09-14 15:51:00,SRNE
7.99,7.99,7.98,7.98,3253,2021-09-14 15:52:00,SRNE
7.9889,7.9889,7.985,7.985,5250,2021-09-14 15:53:00,SRNE
7.985,7.985,7.975,7.975,2625,2021-09-14 15:54:00,SRNE
7.9789,7.9789,7.975,7.9784,800,2021-09-14 15:55:00,SRNE
7.97,7.98,7.97,7.98,5200,2021-09-14 15:56:00,SRNE
7.9783,7.9783,7.975,7.975,1200,2021-09-14 15:57:00,SRNE
7.975,7.975,7.9748,7.9748,5100,2021-09-14 15:58:00,SRNE
7.98,7.98,7.975,7.975,2301,2021-09-14 15:59:00,SRNE
7.977,7.977,7.977,7.977,200,2021-09-14 16:00:00,SRNE
7.975,7.98,7.975,7.98,500,2021-09-14 16:01:00,SRNE
7.979,7.979,7.979,7.979,100,2021-09-14 16:02:00,SRNE
7.98,7.98,7.975,7.978,400,2021-09-14 16:03:00,SRNE
7.98,7.99,7.975,7.985,3672,2021-09-14 16:04:00,SRNE
7.985,7.99,7.98,7.99,800,2021-09-14 16:05:00,SRNE
7.985,7.99,7.985,7.985,700,2021-09-14 16:06:00,SRNE
7.99,7.99,7.97,7.98,8082,2021-09-14 16:07:00,SRNE
7.975,7.975,7.97,7.97,2612,2021-09-14 16:08:00,SRNE
7.965,7.97,7.96,7.9601,1025,2021-09-14 16:10:00,SRNE
7.96,7.97,7.96,7.97,200,2021-09-14 16:11:00,SRNE
7.965,7.97,7.965,7.965,2302,2021-09-14 16:12:00,SRNE
7.9699,7.97,7.96,7.965,5203,2021-09-14 16:13:00,SRNE
7.97,7.97,7.96,7.97,1780,2021-09-14 16:14:00,SRNE
7.965,7.9671,7.965,7.9671,200,2021-09-14 16:15:00,SRNE
7.965,7.9673,7.965,7.9673,230,2021-09-14 16:16:00,SRNE
7.965,7.965,7.965,7.965,100,2021-09-14 16:17:00,SRNE
7.965,7.97,7.9627,7.9627,350,2021-09-14 16:18:00,SRNE
7.965,7.965,7.955,7.955,16897,2021-09-14 16:19:00,SRNE
7.96,7.96,7.955,7.955,699,2021-09-14 16:20:00,SRNE
7.96,7.96,7.95,7.955,3600,2021-09-14 16:21:00,SRNE
7.96,7.96,7.9501,7.9501,2100,2021-09-14 16:22:00,SRNE
7.96,7.96,7.9526,7.9526,6237,2021-09-14 16:23:00,SRNE
7.955,7.96,7.955,7.96,1629,2021-09-14 16:24:00,SRNE
7.96,7.965,7.96,7.965,6312,2021-09-14 16:25:00,SRNE
7.96,7.96,7.95,7.95,4378,2021-09-14 16:26:00,SRNE
7.9524,7.96,7.9524,7.955,2000,2021-09-14 16:27:00,SRNE
7.9588,7.96,7.955,7.96,12197,2021-09-14 16:28:00,SRNE
7.965,7.965,7.95,7.95,10000,2021-09-14 16:29:00,SRNE
7.95,7.95,7.94,7.94,43529,2021-09-14 16:30:00,SRNE
7.945,7.95,7.945,7.945,5041,2021-09-14 16:31:00,SRNE
7.9434,7.9487,7.94,7.9487,2839,2021-09-14 16:32:00,SRNE
7.945,7.95,7.945,7.9481,560,2021-09-14 16:33:00,SRNE
7.94,7.9401,7.935,7.94,10802,2021-09-14 16:34:00,SRNE
7.935,7.94,7.935,7.935,2100,2021-09-14 16:35:00,SRNE
7.939,7.95,7.935,7.945,27984,2021-09-14 16:36:00,SRNE
7.95,7.95,7.93,7.93,7992,2021-09-14 16:37:00,SRNE
7.935,7.95,7.935,7.945,25389,2021-09-14 16:38:00,SRNE
7.94,7.94,7.935,7.94,950,2021-09-14 16:39:00,SRNE
7.9379,7.9379,7.93,7.93,1490,2021-09-14 16:40:00,SRNE
7.93,7.94,7.92,7.92,39390,2021-09-14 16:41:00,SRNE
7.9111,7.92,7.9108,7.92,6600,2021-09-14 16:42:00,SRNE
7.92,7.93,7.92,7.9212,7635,2021-09-14 16:43:00,SRNE
7.9208,7.93,7.92,7.93,700,2021-09-14 16:44:00,SRNE
7.922,7.9278,7.92,7.925,2780,2021-09-14 16:45:00,SRNE
7.9299,7.9299,7.922,7.922,432,2021-09-14 16:46:00,SRNE
7.93,7.93,7.92,7.93,500,2021-09-14 16:47:00,SRNE
7.9299,7.9299,7.925,7.9282,3138,2021-09-14 16:48:00,SRNE
7.9288,7.9288,7.923,7.9271,1900,2021-09-14 16:49:00,SRNE
7.9281,7.93,7.92,7.92,2602,2021-09-14 16:50:00,SRNE
7.9218,7.925,7.9218,7.925,1000,2021-09-14 16:51:00,SRNE
7.93,7.93,7.92,7.93,3550,2021-09-14 16:52:00,SRNE
7.925,7.93,7.92,7.925,5200,2021-09-14 16:53:00,SRNE
7.9205,7.925,7.9205,7.925,1700,2021-09-14 16:55:00,SRNE
7.92,7.925,7.92,7.925,300,2021-09-14 16:56:00,SRNE
7.925,7.925,7.9206,7.925,1000,2021-09-14 16:57:00,SRNE
7.9284,7.93,7.9227,7.9227,2057,2021-09-14 16:58:00,SRNE
7.9223,7.93,7.9223,7.93,464,2021-09-14 16:59:00,SRNE
7.9228,7.93,7.92,7.925,15500,2021-09-14 17:00:00,SRNE
7.921,7.921,7.9,7.9,27827,2021-09-14 17:01:00,SRNE
7.905,7.905,7.9,7.9014,2799,2021-09-14 17:02:00,SRNE
7.9043,7.9043,7.8819,7.885,21953,2021-09-14 17:03:00,SRNE
7.881,7.885,7.875,7.875,22839,2021-09-14 17:04:00,SRNE
7.88,7.89,7.87,7.8773,6084,2021-09-14 17:05:00,SRNE
7.87,7.88,7.86,7.86,30143,2021-09-14 17:06:00,SRNE
7.8699,7.87,7.86,7.865,10599,2021-09-14 17:07:00,SRNE
7.8699,7.87,7.8699,7.87,923,2021-09-14 17:08:00,SRNE
7.8713,7.8713,7.868,7.87,2269,2021-09-14 17:09:00,SRNE
7.87,7.875,7.87,7.875,500,2021-09-14 17:10:00,SRNE
7.875,7.88,7.875,7.879,3100,2021-09-14 17:11:00,SRNE
7.88,7.89,7.88,7.89,6601,2021-09-14 17:12:00,SRNE
7.88,7.8882,7.88,7.885,2400,2021-09-14 17:13:00,SRNE
7.89,7.9,7.89,7.895,3200,2021-09-14 17:14:00,SRNE
7.895,7.895,7.895,7.895,300,2021-09-14 17:15:00,SRNE
7.9,7.905,7.9,7.9,5355,2021-09-14 17:16:00,SRNE
7.8986,7.8986,7.8986,7.8986,1000,2021-09-14 17:17:00,SRNE
7.9,7.9,7.895,7.895,1700,2021-09-14 17:18:00,SRNE
7.9,7.91,7.899,7.91,7419,2021-09-14 17:19:00,SRNE
7.905,7.9085,7.905,7.905,3200,2021-09-14 17:20:00,SRNE
7.905,7.91,7.905,7.91,500,2021-09-14 17:21:00,SRNE
7.9069,7.9069,7.905,7.905,621,2021-09-14 17:22:00,SRNE
7.9096,7.91,7.903,7.905,1420,2021-09-14 17:23:00,SRNE
7.908,7.908,7.9,7.905,6200,2021-09-14 17:24:00,SRNE
7.905,7.92,7.905,7.92,3153,2021-09-14 17:25:00,SRNE
7.915,7.92,7.915,7.92,1500,2021-09-14 17:26:00,SRNE
7.9101,7.925,7.9101,7.92,8689,2021-09-14 17:27:00,SRNE
7.915,7.92,7.91,7.92,21754,2021-09-14 17:28:00,SRNE
7.92,7.93,7.92,7.925,26555,2021-09-14 17:29:00,SRNE
7.925,7.925,7.925,7.925,400,2021-09-14 17:30:00,SRNE
7.925,7.93,7.925,7.93,500,2021-09-14 17:31:00,SRNE
7.925,7.93,7.92,7.9201,23301,2021-09-14 17:32:00,SRNE
7.93,7.93,7.9201,7.93,5700,2021-09-14 17:33:00,SRNE
7.925,7.93,7.9,7.91,14541,2021-09-14 17:34:00,SRNE
7.905,7.905,7.895,7.895,6994,2021-09-14 17:36:00,SRNE
7.895,7.91,7.895,7.9,2884,2021-09-14 17:37:00,SRNE
7.905,7.905,7.905,7.905,100,2021-09-14 17:38:00,SRNE
7.905,7.91,7.905,7.91,500,2021-09-14 17:39:00,SRNE
7.905,7.91,7.905,7.905,1000,2021-09-14 17:40:00,SRNE
7.905,7.9094,7.9,7.905,3380,2021-09-14 17:41:00,SRNE
7.8948,7.8948,7.89,7.89,5300,2021-09-14 17:42:00,SRNE
7.895,7.895,7.89,7.89,6271,2021-09-14 17:43:00,SRNE
7.895,7.895,7.8945,7.8945,3600,2021-09-14 17:44:00,SRNE
7.895,7.8978,7.895,7.8978,228,2021-09-14 17:45:00,SRNE
7.895,7.895,7.895,7.895,913,2021-09-14 17:47:00,SRNE
7.895,7.9,7.8929,7.9,1277,2021-09-14 17:48:00,SRNE
7.895,7.9,7.893,7.895,1172,2021-09-14 17:49:00,SRNE
7.895,7.8978,7.8801,7.885,24456,2021-09-14 17:50:00,SRNE
7.8869,7.895,7.885,7.892,7483,2021-09-14 17:51:00,SRNE
7.895,7.905,7.8932,7.905,8390,2021-09-14 17:52:00,SRNE
7.905,7.91,7.9,7.905,580,2021-09-14 17:53:00,SRNE
7.91,7.91,7.902,7.91,1200,2021-09-14 17:54:00,SRNE
7.91,7.91,7.9,7.9,2118,2021-09-14 17:55:00,SRNE
7.9,7.91,7.9,7.91,900,2021-09-14 17:56:00,SRNE
7.91,7.91,7.905,7.9081,9605,2021-09-14 17:57:00,SRNE
7.905,7.91,7.9,7.91,6900,2021-09-14 17:58:00,SRNE
7.91,7.91,7.905,7.91,1900,2021-09-14 17:59:00,SRNE
7.9097,7.91,7.89,7.895,13365,2021-09-14 18:00:00,SRNE
7.895,7.895,7.89,7.89,400,2021-09-14 18:01:00,SRNE
7.895,7.895,7.895,7.895,800,2021-09-14 18:02:00,SRNE
7.894,7.9,7.894,7.9,3900,2021-09-14 18:03:00,SRNE
7.8983,7.9,7.895,7.9,500,2021-09-14 18:04:00,SRNE
7.8991,7.8991,7.891,7.891,1200,2021-09-14 18:05:00,SRNE
7.9,7.92,7.9,7.915,11680,2021-09-14 18:06:00,SRNE
7.91,7.91,7.91,7.91,100,2021-09-14 18:07:00,SRNE
7.9001,7.9078,7.9,7.905,3514,2021-09-14 18:08:00,SRNE
7.9001,7.9001,7.89,7.8977,1550,2021-09-14 18:09:00,SRNE
7.89,7.89,7.88,7.885,16058,2021-09-14 18:10:00,SRNE
7.88,7.885,7.88,7.885,631,2021-09-14 18:11:00,SRNE
7.88,7.89,7.88,7.89,1107,2021-09-14 18:12:00,SRNE
7.885,7.885,7.87,7.87,5789,2021-09-14 18:13:00,SRNE
7.8699,7.87,7.8621,7.87,2500,2021-09-14 18:14:00,SRNE
7.865,7.87,7.86,7.8658,22233,2021-09-14 18:15:00,SRNE
7.86,7.87,7.86,7.8699,4030,2021-09-14 18:16:00,SRNE
7.8601,7.87,7.8601,7.87,2751,2021-09-14 18:17:00,SRNE
7.86,7.868,7.86,7.86,3092,2021-09-14 18:18:00,SRNE
7.864,7.87,7.85,7.859,40313,2021-09-14 18:19:00,SRNE
7.855,7.86,7.855,7.8599,5100,2021-09-14 18:20:00,SRNE
7.86,7.86,7.8592,7.8592,352,2021-09-14 18:22:00,SRNE
7.86,7.86,7.85,7.86,1325,2021-09-14 18:23:00,SRNE
7.8575,7.86,7.8575,7.8597,504,2021-09-14 18:24:00,SRNE
7.86,7.87,7.86,7.86,7086,2021-09-14 18:25:00,SRNE
7.8559,7.86,7.8559,7.8582,676,2021-09-14 18:26:00,SRNE
7.8501,7.855,7.85,7.85,1888,2021-09-14 18:27:00,SRNE
7.855,7.8599,7.855,7.855,3300,2021-09-14 18:28:00,SRNE
7.855,7.86,7.85,7.8567,2000,2021-09-14 18:29:00,SRNE
7.85,7.85,7.84,7.84,17010,2021-09-14 18:30:00,SRNE
7.845,7.8499,7.84,7.845,1630,2021-09-14 18:31:00,SRNE
7.84,7.84,7.82,7.84,54749,2021-09-14 18:32:00,SRNE
7.84,7.84,7.83,7.83,2277,2021-09-14 18:33:00,SRNE
7.835,7.85,7.83,7.84,28790,2021-09-14 18:34:00,SRNE
7.835,7.84,7.83,7.83,3053,2021-09-14 18:35:00,SRNE
7.82,7.82,7.815,7.815,6582,2021-09-14 18:36:00,SRNE
7.813,7.82,7.8,7.8167,58929,2021-09-14 18:37:00,SRNE
7.8177,7.82,7.81,7.8183,4150,2021-09-14 18:38:00,SRNE
7.82,7.82,7.81,7.81,6816,2021-09-14 18:39:00,SRNE
7.8119,7.815,7.8119,7.815,1300,2021-09-14 18:40:00,SRNE
7.81,7.83,7.81,7.83,5687,2021-09-14 18:41:00,SRNE
7.828,7.83,7.825,7.825,1027,2021-09-14 18:42:00,SRNE
7.825,7.8292,7.82,7.825,2227,2021-09-14 18:43:00,SRNE
7.82,7.82,7.82,7.82,1100,2021-09-14 18:44:00,SRNE
7.81,7.82,7.8,7.81,16954,2021-09-14 18:45:00,SRNE
7.8089,7.81,7.8,7.805,8742,2021-09-14 18:46:00,SRNE
7.815,7.815,7.8,7.805,3013,2021-09-14 18:47:00,SRNE
7.8099,7.81,7.8016,7.81,6306,2021-09-14 18:48:00,SRNE
7.81,7.8172,7.79,7.8024,97676,2021-09-14 18:49:00,SRNE
7.805,7.805,7.8,7.8,1637,2021-09-14 18:50:00,SRNE
7.8,7.81,7.8,7.8096,7177,2021-09-14 18:51:00,SRNE
7.8,7.8099,7.8,7.805,5780,2021-09-14 18:52:00,SRNE
7.8,7.8067,7.8,7.805,7248,2021-09-14 18:53:00,SRNE
7.805,7.81,7.8,7.81,7316,2021-09-14 18:54:00,SRNE
7.805,7.81,7.8,7.81,3600,2021-09-14 18:55:00,SRNE
7.8081,7.81,7.8,7.81,2600,2021-09-14 18:56:00,SRNE
7.81,7.83,7.81,7.82,17459,2021-09-14 18:57:00,SRNE
7.82,7.82,7.81,7.8194,16250,2021-09-14 18:58:00,SRNE
7.82,7.82,7.8,7.8,8227,2021-09-14 18:59:00,SRNE
7.8099,7.8099,7.804,7.804,6310,2021-09-14 19:00:00,SRNE
7.8003,7.805,7.8,7.805,10745,2021-09-14 19:01:00,SRNE
7.809,7.809,7.79,7.79,9072,2021-09-14 19:02:00,SRNE
7.795,7.795,7.77,7.775,69474,2021-09-14 19:03:00,SRNE
7.775,7.79,7.7713,7.79,36921,2021-09-14 19:04:00,SRNE
7.785,7.79,7.785,7.7899,3146,2021-09-14 19:05:00,SRNE
7.785,7.81,7.785,7.809,6335,2021-09-14 19:06:00,SRNE
7.8101,7.82,7.81,7.813,26616,2021-09-14 19:07:00,SRNE
7.82,7.8419,7.82,7.83,42563,2021-09-14 19:08:00,SRNE
7.8399,7.8399,7.83,7.835,16003,2021-09-14 19:09:00,SRNE
7.835,7.835,7.82,7.82,6842,2021-09-14 19:10:00,SRNE
7.82,7.82,7.81,7.81,1126,2021-09-14 19:11:00,SRNE
7.81,7.82,7.81,7.815,503,2021-09-14 19:12:00,SRNE
7.81,7.816,7.8,7.8,4876,2021-09-14 19:13:00,SRNE
7.805,7.81,7.7923,7.7923,35854,2021-09-14 19:14:00,SRNE
7.7999,7.8,7.7915,7.8,5499,2021-09-14 19:15:00,SRNE
7.805,7.805,7.79,7.79,4195,2021-09-14 19:16:00,SRNE
7.79,7.8,7.79,7.795,4446,2021-09-14 19:17:00,SRNE
7.795,7.795,7.785,7.785,8610,2021-09-14 19:18:00,SRNE
7.785,7.795,7.7801,7.795,3339,2021-09-14 19:19:00,SRNE
7.79,7.795,7.785,7.785,2241,2021-09-14 19:20:00,SRNE
7.79,7.81,7.79,7.8068,17060,2021-09-14 19:21:00,SRNE
7.8091,7.819,7.809,7.815,3200,2021-09-14 19:22:00,SRNE
7.81,7.83,7.81,7.81,28392,2021-09-14 19:23:00,SRNE
7.815,7.8186,7.81,7.815,3475,2021-09-14 19:24:00,SRNE
7.815,7.82,7.8,7.8199,10940,2021-09-14 19:25:00,SRNE
7.8101,7.815,7.8101,7.815,8740,2021-09-14 19:26:00,SRNE
7.82,7.845,7.8182,7.835,8241,2021-09-14 19:27:00,SRNE
7.8398,7.84,7.8387,7.8387,3130,2021-09-14 19:28:00,SRNE
7.8329,7.835,7.825,7.825,6093,2021-09-14 19:29:00,SRNE
7.825,7.825,7.81,7.81,11123,2021-09-14 19:30:00,SRNE
7.805,7.81,7.8,7.809,17493,2021-09-14 19:31:00,SRNE
7.805,7.81,7.8029,7.81,1459,2021-09-14 19:32:00,SRNE
7.8169,7.8169,7.8169,7.8169,100,2021-09-14 19:33:00,SRNE
7.8101,7.8101,7.78,7.7948,133015,2021-09-14 19:34:00,SRNE
7.795,7.805,7.795,7.8,8439,2021-09-14 19:35:00,SRNE
7.81,7.811,7.8,7.8,6963,2021-09-14 19:36:00,SRNE
7.8009,7.81,7.8009,7.805,1753,2021-09-14 19:37:00,SRNE
7.8,7.81,7.8,7.81,7415,2021-09-14 19:38:00,SRNE
7.805,7.81,7.8,7.8072,17919,2021-09-14 19:39:00,SRNE
7.8074,7.835,7.805,7.835,11159,2021-09-14 19:40:00,SRNE
7.83,7.845,7.825,7.84,34794,2021-09-14 19:41:00,SRNE
7.84,7.85,7.84,7.8485,8447,2021-09-14 19:42:00,SRNE
7.845,7.85,7.84,7.84,6837,2021-09-14 19:43:00,SRNE
7.845,7.865,7.8418,7.8584,26370,2021-09-14 19:44:00,SRNE
7.855,7.865,7.8519,7.865,8680,2021-09-14 19:45:00,SRNE
7.865,7.87,7.8511,7.8566,11014,2021-09-14 19:46:00,SRNE
7.86,7.8688,7.855,7.855,8923,2021-09-14 19:47:00,SRNE
7.855,7.8599,7.85,7.855,1508,2021-09-14 19:48:00,SRNE
7.855,7.86,7.841,7.855,14737,2021-09-14 19:49:00,SRNE
7.85,7.85,7.83,7.835,10951,2021-09-14 19:50:00,SRNE
7.835,7.845,7.8322,7.84,10831,2021-09-14 19:51:00,SRNE
7.845,7.848,7.83,7.845,8694,2021-09-14 19:52:00,SRNE
7.845,7.86,7.84,7.857,35329,2021-09-14 19:53:00,SRNE
7.855,7.86,7.825,7.835,33892,2021-09-14 19:54:00,SRNE
7.84,7.8478,7.84,7.845,13043,2021-09-14 19:55:00,SRNE
7.845,7.8479,7.84,7.8479,7450,2021-09-14 19:56:00,SRNE
7.845,7.86,7.8422,7.855,30031,2021-09-14 19:57:00,SRNE
7.855,7.86,7.84,7.845,22041,2021-09-14 19:58:00,SRNE
7.845,7.85,7.82,7.845,40261,2021-09-14 19:59:00,SRNE
7.84,7.84,7.84,7.84,175157,2021-09-14 20:00:00,SRNE
7.84,7.84,7.84,7.84,3426,2021-09-14 20:01:00,SRNE
7.84,7.84,7.84,7.84,1500,2021-09-14 20:02:00,SRNE
7.85,7.85,7.85,7.85,169,2021-09-14 20:05:00,SRNE
7.91,7.91,7.91,7.91,219,2021-09-14 20:17:00,SRNE
7.89,7.89,7.89,7.89,200,2021-09-14 20:20:00,SRNE
7.85,7.85,7.85,7.85,1000,2021-09-14 20:38:00,SRNE
7.8501,7.8501,7.8501,7.8501,343,2021-09-14 20:42:00,SRNE
7.88,7.88,7.88,7.88,100,2021-09-14 20:46:00,SRNE
7.88,7.88,7.88,7.88,400,2021-09-14 20:49:00,SRNE
7.85,7.85,7.85,7.85,1262,2021-09-14 21:01:00,SRNE
7.89,7.89,7.89,7.89,1000,2021-09-14 21:03:00,SRNE
7.85,7.85,7.85,7.85,5414,2021-09-14 21:11:00,SRNE
7.85,7.85,7.85,7.85,349,2021-09-14 21:13:00,SRNE
7.85,7.85,7.85,7.85,200,2021-09-14 21:25:00,SRNE
7.85,7.85,7.85,7.85,550,2021-09-14 21:26:00,SRNE
7.85,7.85,7.85,7.85,1000,2021-09-14 21:28:00,SRNE
7.85,7.89,7.85,7.89,950,2021-09-14 21:36:00,SRNE
7.89,7.89,7.89,7.89,1599,2021-09-14 21:50:00,SRNE
7.85,7.85,7.85,7.85,200,2021-09-14 22:53:00,SRNE
7.88,7.88,7.88,7.88,500,2021-09-15 09:36:00,SRNE
7.87,7.87,7.87,7.87,100,2021-09-15 09:50:00,SRNE
7.86,7.86,7.86,7.86,1000,2021-09-15 11:17:00,SRNE
7.87,7.87,7.87,7.87,100,2021-09-15 11:59:00,SRNE
7.86,7.86,7.86,7.86,200,2021-09-15 12:03:00,SRNE
7.86,7.86,7.85,7.85,2998,2021-09-15 12:19:00,SRNE
7.86,7.86,7.86,7.86,100,2021-09-15 12:37:00,SRNE
7.88,7.88,7.88,7.88,15000,2021-09-15 12:53:00,SRNE
7.85,7.85,7.85,7.85,100,2021-09-15 12:54:00,SRNE
7.8418,7.8418,7.8418,7.8418,1720,2021-09-15 12:57:00,SRNE
7.88,7.88,7.88,7.88,300,2021-09-15 12:59:00,SRNE
7.8601,7.8601,7.86,7.86,5992,2021-09-15 13:03:00,SRNE
7.86,7.86,7.86,7.86,450,2021-09-15 13:06:00,SRNE
7.85,7.85,7.85,7.85,248,2021-09-15 13:16:00,SRNE
7.85,7.85,7.83,7.83,2060,2021-09-15 13:20:00,SRNE
7.81,7.82,7.8,7.81,6641,2021-09-15 13:25:00,SRNE
7.8899,7.8899,7.8899,7.8899,100,2021-09-15 13:27:00,SRNE
7.83,7.83,7.83,7.83,100,2021-09-15 13:28:00,SRNE
7.78,7.81,7.78,7.7985,44652,2021-09-15 13:30:00,SRNE
7.8,7.81,7.77,7.785,42987,2021-09-15 13:31:00,SRNE
7.78,7.81,7.77,7.81,14241,2021-09-15 13:32:00,SRNE
7.815,7.84,7.815,7.83,2173,2021-09-15 13:33:00,SRNE
7.85,7.85,7.825,7.85,9095,2021-09-15 13:34:00,SRNE
7.86,7.89,7.86,7.8862,21737,2021-09-15 13:35:00,SRNE
7.88,7.92,7.88,7.915,23318,2021-09-15 13:36:00,SRNE
7.92,7.92,7.895,7.917,26409,2021-09-15 13:37:00,SRNE
7.9118,7.915,7.865,7.88,21559,2021-09-15 13:38:00,SRNE
7.885,7.9,7.88,7.88,5443,2021-09-15 13:39:00,SRNE
7.88,7.9,7.88,7.8818,29809,2021-09-15 13:40:00,SRNE
7.87,7.88,7.86,7.8645,9676,2021-09-15 13:41:00,SRNE
7.86,7.87,7.86,7.87,10391,2021-09-15 13:42:00,SRNE
7.867,7.87,7.85,7.85,16869,2021-09-15 13:43:00,SRNE
7.85,7.865,7.85,7.865,7923,2021-09-15 13:44:00,SRNE
7.87,7.88,7.865,7.88,3334,2021-09-15 13:45:00,SRNE
7.8727,7.9099,7.8727,7.9099,31115,2021-09-15 13:46:00,SRNE
7.9,7.93,7.9,7.93,23705,2021-09-15 13:47:00,SRNE
7.93,7.95,7.93,7.945,27474,2021-09-15 13:48:00,SRNE
7.9413,7.955,7.92,7.955,23320,2021-09-15 13:49:00,SRNE
7.955,7.96,7.95,7.95,8458,2021-09-15 13:50:00,SRNE
7.96,7.97,7.95,7.9522,23895,2021-09-15 13:51:00,SRNE
7.94,7.94,7.93,7.93,6068,2021-09-15 13:52:00,SRNE
7.93,7.945,7.93,7.94,3354,2021-09-15 13:53:00,SRNE
7.93,7.93,7.9,7.915,7968,2021-09-15 13:54:00,SRNE
7.92,7.935,7.91,7.91,4354,2021-09-15 13:55:00,SRNE
7.9,7.9,7.89,7.89,12558,2021-09-15 13:56:00,SRNE
7.89,7.89,7.88,7.89,4553,2021-09-15 13:57:00,SRNE
7.89,7.9,7.87,7.9,16337,2021-09-15 13:58:00,SRNE
7.905,7.93,7.9,7.915,4913,2021-09-15 13:59:00,SRNE
7.9199,7.92,7.9199,7.92,800,2021-09-15 14:00:00,SRNE
7.91,7.9201,7.91,7.9201,4469,2021-09-15 14:01:00,SRNE
7.93,7.96,7.93,7.96,24409,2021-09-15 14:02:00,SRNE
7.96,7.97,7.96,7.965,11478,2021-09-15 14:03:00,SRNE
7.965,7.985,7.955,7.955,29906,2021-09-15 14:04:00,SRNE
7.96,7.96,7.935,7.9373,9259,2021-09-15 14:05:00,SRNE
7.93,7.94,7.92,7.94,7000,2021-09-15 14:06:00,SRNE
7.94,7.95,7.94,7.9408,3667,2021-09-15 14:07:00,SRNE
7.9499,7.9699,7.9499,7.9525,2008,2021-09-15 14:08:00,SRNE
7.95,7.95,7.9314,7.9314,3300,2021-09-15 14:09:00,SRNE
7.935,7.94,7.9301,7.94,5465,2021-09-15 14:10:00,SRNE
7.9392,7.94,7.935,7.935,1800,2021-09-15 14:11:00,SRNE
7.935,7.94,7.905,7.905,7580,2021-09-15 14:12:00,SRNE
7.9,7.9099,7.89,7.9,4070,2021-09-15 14:13:00,SRNE
7.9,7.9,7.89,7.9,11915,2021-09-15 14:14:00,SRNE
7.91,7.915,7.9,7.9012,11483,2021-09-15 14:15:00,SRNE
7.9,7.915,7.9,7.915,2200,2021-09-15 14:16:00,SRNE
7.925,7.93,7.92,7.93,500,2021-09-15 14:17:00,SRNE
7.94,7.94,7.934,7.935,2300,2021-09-15 14:18:00,SRNE
7.9329,7.95,7.9329,7.95,11800,2021-09-15 14:19:00,SRNE
7.945,7.945,7.94,7.9409,12300,2021-09-15 14:20:00,SRNE
7.945,7.945,7.945,7.945,722,2021-09-15 14:21:00,SRNE
7.945,7.947,7.9413,7.947,2876,2021-09-15 14:22:00,SRNE
7.945,7.945,7.9408,7.945,8902,2021-09-15 14:23:00,SRNE
7.945,7.96,7.945,7.95,27050,2021-09-15 14:24:00,SRNE
7.95,7.95,7.94,7.945,2500,2021-09-15 14:25:00,SRNE
7.95,7.96,7.95,7.95,4829,2021-09-15 14:26:00,SRNE
7.955,7.965,7.95,7.965,4742,2021-09-15 14:27:00,SRNE
7.965,8.01,7.965,8.01,46047,2021-09-15 14:28:00,SRNE
8.01,8.01,8.0026,8.01,1406,2021-09-15 14:29:00,SRNE
8.0001,8.01,8.0001,8.01,9549,2021-09-15 14:30:00,SRNE
8.01,8.02,8.0,8.005,22305,2021-09-15 14:31:00,SRNE
8.0,8.02,8.0,8.01,17055,2021-09-15 14:32:00,SRNE
8.0101,8.03,8.0101,8.03,19628,2021-09-15 14:33:00,SRNE
8.03,8.04,8.03,8.03,21908,2021-09-15 14:34:00,SRNE
8.0292,8.03,8.0,8.005,32314,2021-09-15 14:35:00,SRNE
8.01,8.01,8.005,8.01,3295,2021-09-15 14:36:00,SRNE
8.01,8.015,7.9907,8.01,11306,2021-09-15 14:37:00,SRNE
8.015,8.015,8.0,8.0,2500,2021-09-15 14:38:00,SRNE
7.995,8.0099,7.99,8.0099,2246,2021-09-15 14:39:00,SRNE
8.0,8.0,7.99,8.0,4281,2021-09-15 14:40:00,SRNE
7.995,7.995,7.9728,7.9806,12934,2021-09-15 14:41:00,SRNE
7.9801,7.9801,7.975,7.975,7070,2021-09-15 14:42:00,SRNE
7.975,7.975,7.97,7.975,5064,2021-09-15 14:43:00,SRNE
7.9707,7.975,7.96,7.965,19091,2021-09-15 14:44:00,SRNE
7.97,7.975,7.96,7.965,14963,2021-09-15 14:45:00,SRNE
7.97,8.0,7.9619,8.0,11704,2021-09-15 14:46:00,SRNE
8.005,8.01,8.0,8.005,4031,2021-09-15 14:47:00,SRNE
8.01,8.01,8.0,8.01,3500,2021-09-15 14:48:00,SRNE
8.01,8.02,8.01,8.0197,9209,2021-09-15 14:49:00,SRNE
8.015,8.02,8.01,8.02,5399,2021-09-15 14:50:00,SRNE
8.0113,8.03,8.0113,8.025,5750,2021-09-15 14:51:00,SRNE
8.02,8.0202,7.99,7.99,25688,2021-09-15 14:52:00,SRNE
7.9831,7.99,7.9831,7.985,2134,2021-09-15 14:53:00,SRNE
7.99,7.99,7.9815,7.985,2870,2021-09-15 14:54:00,SRNE
7.985,7.995,7.985,7.988,1406,2021-09-15 14:55:00,SRNE
7.99,8.0,7.99,7.99,4475,2021-09-15 14:56:00,SRNE
7.9901,8.0,7.9901,8.0,6738,2021-09-15 14:57:00,SRNE
8.0,8.005,7.985,7.99,14406,2021-09-15 14:58:00,SRNE
7.9934,8.0,7.9934,7.995,1025,2021-09-15 14:59:00,SRNE
7.995,8.005,7.985,7.985,16654,2021-09-15 15:00:00,SRNE
7.9822,7.9822,7.975,7.977,3365,2021-09-15 15:01:00,SRNE
7.97,7.97,7.9625,7.965,5710,2021-09-15 15:02:00,SRNE
7.965,7.98,7.965,7.9799,11415,2021-09-15 15:03:00,SRNE
7.975,7.98,7.97,7.98,5391,2021-09-15 15:04:00,SRNE
7.975,7.99,7.9722,7.99,5167,2021-09-15 15:05:00,SRNE
7.98,7.985,7.9669,7.9669,5759,2021-09-15 15:06:00,SRNE
7.96,7.965,7.96,7.965,2395,2021-09-15 15:07:00,SRNE
7.963,7.97,7.963,7.97,1499,2021-09-15 15:08:00,SRNE
7.97,7.975,7.97,7.97,600,2021-09-15 15:09:00,SRNE
7.975,7.9799,7.975,7.9799,2400,2021-09-15 15:10:00,SRNE
7.975,7.975,7.96,7.9681,10676,2021-09-15 15:11:00,SRNE
7.97,7.975,7.97,7.97,1700,2021-09-15 15:12:00,SRNE
7.97,7.97,7.96,7.96,2157,2021-09-15 15:13:00,SRNE
7.965,7.965,7.9601,7.9601,830,2021-09-15 15:14:00,SRNE
7.965,7.97,7.9604,7.965,2300,2021-09-15 15:15:00,SRNE
7.965,7.965,7.965,7.965,200,2021-09-15 15:16:00,SRNE
7.965,7.965,7.9591,7.9591,8418,2021-09-15 15:17:00,SRNE
7.955,7.955,7.94,7.94,6310,2021-09-15 15:18:00,SRNE
7.945,7.945,7.93,7.93,7114,2021-09-15 15:19:00,SRNE
7.9399,7.9689,7.935,7.9689,13285,2021-09-15 15:20:00,SRNE
7.96,7.98,7.96,7.9708,1515,2021-09-15 15:21:00,SRNE
7.98,7.99,7.98,7.99,1518,2021-09-15 15:22:00,SRNE
7.995,7.9976,7.99,7.99,3715,2021-09-15 15:23:00,SRNE
7.985,7.985,7.985,7.985,500,2021-09-15 15:24:00,SRNE
7.9807,7.982,7.9807,7.982,728,2021-09-15 15:25:00,SRNE
7.98,7.98,7.98,7.98,3110,2021-09-15 15:26:00,SRNE
7.98,7.98,7.98,7.98,1200,2021-09-15 15:27:00,SRNE
7.99,7.99,7.985,7.985,851,2021-09-15 15:28:00,SRNE
7.985,7.99,7.965,7.965,15074,2021-09-15 15:29:00,SRNE
7.97,7.975,7.97,7.97,2900,2021-09-15 15:30:00,SRNE
7.9614,7.9614,7.95,7.95,7789,2021-09-15 15:31:00,SRNE
7.945,7.95,7.945,7.9478,1906,2021-09-15 15:32:00,SRNE
7.95,7.96,7.95,7.955,14040,2021-09-15 15:33:00,SRNE
7.955,7.955,7.95,7.95,2474,2021-09-15 15:34:00,SRNE
7.955,7.955,7.95,7.95,609,2021-09-15 15:35:00,SRNE
7.96,7.96,7.955,7.955,600,2021-09-15 15:36:00,SRNE
7.955,7.97,7.955,7.965,11429,2021-09-15 15:37:00,SRNE
7.96,7.96,7.95,7.95,4500,2021-09-15 15:38:00,SRNE
7.94,7.941,7.94,7.94,3300,2021-09-15 15:39:00,SRNE
7.945,7.95,7.945,7.95,800,2021-09-15 15:40:00,SRNE
7.945,7.95,7.9409,7.945,3453,2021-09-15 15:41:00,SRNE
7.9401,7.95,7.94,7.945,2425,2021-09-15 15:42:00,SRNE
7.945,7.945,7.9409,7.945,2100,2021-09-15 15:43:00,SRNE
7.945,7.95,7.9409,7.95,2307,2021-09-15 15:44:00,SRNE
7.9479,7.9479,7.945,7.945,200,2021-09-15 15:45:00,SRNE
7.95,7.95,7.95,7.95,1000,2021-09-15 15:47:00,SRNE
7.95,7.95,7.945,7.9484,684,2021-09-15 15:48:00,SRNE
7.9447,7.955,7.9447,7.95,3530,2021-09-15 15:49:00,SRNE
7.95,7.95,7.94,7.9401,3299,2021-09-15 15:50:00,SRNE
7.95,7.955,7.9488,7.955,1832,2021-09-15 15:51:00,SRNE
7.9501,7.9586,7.95,7.955,3030,2021-09-15 15:52:00,SRNE
7.955,7.96,7.955,7.96,600,2021-09-15 15:53:00,SRNE
7.955,7.955,7.94,7.94,5576,2021-09-15 15:54:00,SRNE
7.93,7.935,7.93,7.935,300,2021-09-15 15:55:00,SRNE
7.935,7.935,7.9314,7.9314,1100,2021-09-15 15:56:00,SRNE
7.935,7.935,7.935,7.935,100,2021-09-15 15:57:00,SRNE
7.935,7.94,7.93,7.94,3099,2021-09-15 15:58:00,SRNE
7.94,7.94,7.93,7.94,793,2021-09-15 15:59:00,SRNE
7.9354,7.94,7.93,7.93,4390,2021-09-15 16:00:00,SRNE
7.94,7.94,7.93,7.93,1900,2021-09-15 16:01:00,SRNE
7.92,7.92,7.9,7.91,2433,2021-09-15 16:02:00,SRNE
7.91,7.92,7.91,7.92,3400,2021-09-15 16:03:00,SRNE
7.9114,7.92,7.9114,7.9128,2965,2021-09-15 16:04:00,SRNE
7.92,7.92,7.91,7.915,1100,2021-09-15 16:05:00,SRNE
7.92,7.92,7.9192,7.9192,3200,2021-09-15 16:06:00,SRNE
7.92,7.925,7.92,7.925,1369,2021-09-15 16:07:00,SRNE
7.93,7.93,7.9238,7.93,1500,2021-09-15 16:08:00,SRNE
7.925,7.925,7.91,7.91,4303,2021-09-15 16:09:00,SRNE
7.915,7.915,7.9,7.9,3317,2021-09-15 16:10:00,SRNE
7.9,7.9099,7.9,7.9099,700,2021-09-15 16:11:00,SRNE
7.9086,7.9086,7.905,7.905,4100,2021-09-15 16:12:00,SRNE
7.9069,7.925,7.905,7.9201,5515,2021-09-15 16:13:00,SRNE
7.93,7.94,7.93,7.935,6406,2021-09-15 16:14:00,SRNE
7.9399,7.95,7.9399,7.94,9647,2021-09-15 16:15:00,SRNE
7.935,7.935,7.935,7.935,200,2021-09-15 16:16:00,SRNE
7.94,7.94,7.92,7.9213,9877,2021-09-15 16:17:00,SRNE
7.925,7.925,7.925,7.925,258,2021-09-15 16:18:00,SRNE
7.925,7.93,7.9224,7.9224,870,2021-09-15 16:19:00,SRNE
7.925,7.94,7.925,7.935,3265,2021-09-15 16:20:00,SRNE
7.935,7.945,7.935,7.945,2290,2021-09-15 16:21:00,SRNE
7.945,7.945,7.945,7.945,2200,2021-09-15 16:22:00,SRNE
7.945,7.95,7.945,7.95,2100,2021-09-15 16:23:00,SRNE
7.95,7.95,7.945,7.95,7100,2021-09-15 16:24:00,SRNE
7.95,7.95,7.935,7.94,5850,2021-09-15 16:25:00,SRNE
7.94,7.94,7.935,7.935,500,2021-09-15 16:26:00,SRNE
7.93,7.935,7.93,7.935,12600,2021-09-15 16:27:00,SRNE
7.9398,7.9398,7.935,7.935,500,2021-09-15 16:28:00,SRNE
7.94,7.94,7.9171,7.92,8704,2021-09-15 16:29:00,SRNE
7.9101,7.92,7.9101,7.92,13450,2021-09-15 16:30:00,SRNE
7.92,7.92,7.905,7.905,7993,2021-09-15 16:31:00,SRNE
7.91,7.915,7.91,7.915,2400,2021-09-15 16:32:00,SRNE
7.9182,7.925,7.9182,7.925,2300,2021-09-15 16:33:00,SRNE
7.93,7.93,7.925,7.93,1426,2021-09-15 16:34:00,SRNE
7.93,7.93,7.925,7.93,2374,2021-09-15 16:35:00,SRNE
7.93,7.93,7.915,7.915,5000,2021-09-15 16:36:00,SRNE
7.91,7.915,7.895,7.895,3605,2021-09-15 16:37:00,SRNE
7.9,7.91,7.9,7.91,7300,2021-09-15 16:38:00,SRNE
7.91,7.9192,7.91,7.9192,3100,2021-09-15 16:39:00,SRNE
7.92,7.92,7.92,7.92,300,2021-09-15 16:40:00,SRNE
7.92,7.9286,7.92,7.925,2100,2021-09-15 16:41:00,SRNE
7.92,7.92,7.92,7.92,2700,2021-09-15 16:42:00,SRNE
7.92,7.925,7.9101,7.925,1025,2021-09-15 16:43:00,SRNE
7.925,7.925,7.915,7.915,4651,2021-09-15 16:44:00,SRNE
7.92,7.92,7.915,7.915,1037,2021-09-15 16:45:00,SRNE
7.92,7.93,7.91,7.915,22690,2021-09-15 16:46:00,SRNE
7.915,7.92,7.915,7.92,1100,2021-09-15 16:47:00,SRNE
7.92,7.92,7.915,7.915,500,2021-09-15 16:48:00,SRNE
7.92,7.92,7.92,7.92,900,2021-09-15 16:49:00,SRNE
7.915,7.925,7.915,7.925,2058,2021-09-15 16:50:00,SRNE
7.925,7.925,7.92,7.925,3779,2021-09-15 16:51:00,SRNE
7.915,7.92,7.915,7.92,200,2021-09-15 16:52:00,SRNE
7.915,7.92,7.915,7.92,376,2021-09-15 16:53:00,SRNE
7.915,7.92,7.914,7.914,2979,2021-09-15 16:54:00,SRNE
7.92,7.9287,7.9199,7.925,4700,2021-09-15 16:55:00,SRNE
7.9299,7.9299,7.925,7.925,700,2021-09-15 16:56:00,SRNE
7.92,7.92,7.91,7.915,4860,2021-09-15 16:57:00,SRNE
7.915,7.915,7.915,7.915,600,2021-09-15 16:58:00,SRNE
7.92,7.92,7.915,7.915,620,2021-09-15 16:59:00,SRNE
7.915,7.925,7.915,7.925,5700,2021-09-15 17:00:00,SRNE
7.92,7.93,7.92,7.93,1998,2021-09-15 17:01:00,SRNE
7.925,7.93,7.9227,7.925,3120,2021-09-15 17:02:00,SRNE
7.925,7.94,7.925,7.94,4841,2021-09-15 17:03:00,SRNE
7.94,7.94,7.9398,7.94,1400,2021-09-15 17:04:00,SRNE
7.94,7.94,7.932,7.932,200,2021-09-15 17:05:00,SRNE
7.939,7.939,7.935,7.935,200,2021-09-15 17:06:00,SRNE
7.935,7.94,7.92,7.92,5200,2021-09-15 17:07:00,SRNE
7.925,7.94,7.925,7.94,29638,2021-09-15 17:08:00,SRNE
7.945,7.945,7.9378,7.94,2500,2021-09-15 17:09:00,SRNE
7.94,7.94,7.94,7.94,600,2021-09-15 17:10:00,SRNE
7.94,7.94,7.94,7.94,300,2021-09-15 17:11:00,SRNE
7.94,7.94,7.94,7.94,1200,2021-09-15 17:12:00,SRNE
7.94,7.94,7.94,7.94,400,2021-09-15 17:13:00,SRNE
7.94,7.94,7.94,7.94,100,2021-09-15 17:14:00,SRNE
7.935,7.945,7.935,7.945,819,2021-09-15 17:15:00,SRNE
7.945,7.9499,7.94,7.94,5520,2021-09-15 17:16:00,SRNE
7.9398,7.9398,7.9321,7.9321,1023,2021-09-15 17:17:00,SRNE
7.935,7.935,7.935,7.935,300,2021-09-15 17:18:00,SRNE
7.9344,7.945,7.93,7.93,4048,2021-09-15 17:19:00,SRNE
7.9399,7.94,7.93,7.94,21972,2021-09-15 17:20:00,SRNE
7.9378,7.94,7.9378,7.94,1300,2021-09-15 17:21:00,SRNE
7.94,7.94,7.9301,7.9301,7200,2021-09-15 17:22:00,SRNE
7.935,7.94,7.935,7.94,700,2021-09-15 17:23:00,SRNE
7.935,7.935,7.93,7.93,820,2021-09-15 17:24:00,SRNE
7.94,7.94,7.9391,7.94,3150,2021-09-15 17:25:00,SRNE
7.9379,7.9379,7.9379,7.9379,200,2021-09-15 17:26:00,SRNE
7.94,7.94,7.915,7.92,11689,2021-09-15 17:27:00,SRNE
7.92,7.92,7.92,7.92,700,2021-09-15 17:29:00,SRNE
7.915,7.92,7.9126,7.9126,750,2021-09-15 17:31:00,SRNE
7.92,7.92,7.92,7.92,100,2021-09-15 17:32:00,SRNE
7.915,7.919,7.915,7.915,5014,2021-09-15 17:33:00,SRNE
7.9199,7.92,7.9199,7.92,1000,2021-09-15 17:34:00,SRNE
7.915,7.915,7.91,7.915,500,2021-09-15 17:35:00,SRNE
7.92,7.92,7.895,7.895,26035,2021-09-15 17:36:00,SRNE
7.8901,7.8999,7.8901,7.895,3010,2021-09-15 17:37:00,SRNE
7.8928,7.8981,7.88,7.885,4025,2021-09-15 17:38:00,SRNE
7.88,7.8899,7.88,7.8899,1400,2021-09-15 17:39:00,SRNE
7.885,7.8899,7.885,7.889,1023,2021-09-15 17:40:00,SRNE
7.885,7.8871,7.885,7.885,525,2021-09-15 17:41:00,SRNE
7.885,7.885,7.8801,7.8818,1700,2021-09-15 17:42:00,SRNE
7.8814,7.885,7.8814,7.885,500,2021-09-15 17:43:00,SRNE
7.885,7.885,7.87,7.875,6335,2021-09-15 17:44:00,SRNE
7.88,7.88,7.88,7.88,500,2021-09-15 17:45:00,SRNE
7.875,7.88,7.87,7.88,5838,2021-09-15 17:46:00,SRNE
7.87,7.875,7.87,7.875,1552,2021-09-15 17:47:00,SRNE
7.88,7.89,7.88,7.89,8100,2021-09-15 17:48:00,SRNE
7.89,7.91,7.8896,7.91,22110,2021-09-15 17:49:00,SRNE
7.91,7.91,7.91,7.91,1500,2021-09-15 17:50:00,SRNE
7.905,7.91,7.9,7.9041,2700,2021-09-15 17:51:00,SRNE
7.91,7.91,7.91,7.91,300,2021-09-15 17:52:00,SRNE
7.91,7.91,7.9,7.91,600,2021-09-15 17:53:00,SRNE
7.91,7.92,7.9099,7.9177,18290,2021-09-15 17:54:00,SRNE
7.92,7.925,7.9101,7.915,7606,2021-09-15 17:55:00,SRNE
7.915,7.92,7.9,7.9022,7198,2021-09-15 17:56:00,SRNE
7.905,7.91,7.9,7.905,4691,2021-09-15 17:57:00,SRNE
7.905,7.9077,7.905,7.9077,700,2021-09-15 17:58:00,SRNE
7.9,7.905,7.895,7.895,4400,2021-09-15 17:59:00,SRNE
7.89,7.89,7.89,7.89,100,2021-09-15 18:00:00,SRNE
7.895,7.895,7.89,7.89,800,2021-09-15 18:01:00,SRNE
7.89,7.9,7.89,7.9,503,2021-09-15 18:02:00,SRNE
7.9,7.9,7.895,7.895,1100,2021-09-15 18:03:00,SRNE
7.895,7.895,7.89,7.8915,907,2021-09-15 18:04:00,SRNE
7.891,7.8992,7.891,7.895,2700,2021-09-15 18:05:00,SRNE
7.895,7.895,7.89,7.89,800,2021-09-15 18:07:00,SRNE
7.895,7.895,7.895,7.895,100,2021-09-15 18:08:00,SRNE
7.895,7.905,7.89,7.89,9997,2021-09-15 18:09:00,SRNE
7.895,7.895,7.89,7.8901,3450,2021-09-15 18:10:00,SRNE
7.895,7.9,7.895,7.895,7000,2021-09-15 18:11:00,SRNE
7.895,7.8974,7.8949,7.895,450,2021-09-15 18:12:00,SRNE
7.895,7.895,7.89,7.895,2708,2021-09-15 18:13:00,SRNE
7.9,7.9,7.895,7.895,1730,2021-09-15 18:14:00,SRNE
7.8901,7.9,7.8901,7.8932,1740,2021-09-15 18:15:00,SRNE
7.895,7.9,7.895,7.9,703,2021-09-15 18:16:00,SRNE
7.8973,7.9,7.895,7.9,1850,2021-09-15 18:17:00,SRNE
7.895,7.9,7.895,7.8996,1200,2021-09-15 18:18:00,SRNE
7.895,7.8978,7.87,7.87,16385,2021-09-15 18:19:00,SRNE
7.875,7.875,7.87,7.87,300,2021-09-15 18:20:00,SRNE
7.88,7.88,7.87,7.88,4321,2021-09-15 18:21:00,SRNE
7.88,7.88,7.873,7.875,800,2021-09-15 18:22:00,SRNE
7.875,7.875,7.86,7.865,24081,2021-09-15 18:23:00,SRNE
7.87,7.885,7.865,7.885,7021,2021-09-15 18:24:00,SRNE
7.89,7.89,7.88,7.89,700,2021-09-15 18:25:00,SRNE
7.885,7.9,7.885,7.895,6836,2021-09-15 18:26:00,SRNE
7.9,7.9,7.9,7.9,1500,2021-09-15 18:27:00,SRNE
7.9,7.9,7.9,7.9,300,2021-09-15 18:28:00,SRNE
7.895,7.9,7.895,7.8985,700,2021-09-15 18:29:00,SRNE
7.9,7.92,7.9,7.92,6197,2021-09-15 18:30:00,SRNE
7.915,7.92,7.915,7.92,3100,2021-09-15 18:31:00,SRNE
7.92,7.92,7.91,7.915,4300,2021-09-15 18:32:00,SRNE
7.915,7.935,7.9108,7.93,11977,2021-09-15 18:33:00,SRNE
7.93,7.935,7.925,7.93,5690,2021-09-15 18:34:00,SRNE
7.935,7.94,7.935,7.94,7087,2021-09-15 18:35:00,SRNE
7.9336,7.945,7.9301,7.9388,14350,2021-09-15 18:37:00,SRNE
7.94,7.94,7.935,7.935,7578,2021-09-15 18:38:00,SRNE
7.9352,7.94,7.9301,7.935,10400,2021-09-15 18:39:00,SRNE
7.94,7.945,7.94,7.945,2919,2021-09-15 18:40:00,SRNE
7.945,7.945,7.9402,7.945,2600,2021-09-15 18:41:00,SRNE
7.945,7.945,7.945,7.945,3530,2021-09-15 18:42:00,SRNE
7.95,7.95,7.945,7.945,239,2021-09-15 18:43:00,SRNE
7.95,7.95,7.9422,7.9422,2991,2021-09-15 18:44:00,SRNE
7.945,7.955,7.942,7.95,10641,2021-09-15 18:45:00,SRNE
7.95,7.95,7.94,7.94,900,2021-09-15 18:46:00,SRNE
7.95,7.955,7.95,7.955,2377,2021-09-15 18:47:00,SRNE
7.955,7.96,7.9522,7.955,1995,2021-09-15 18:48:00,SRNE
7.96,7.96,7.95,7.955,1150,2021-09-15 18:49:00,SRNE
7.9563,7.9563,7.9563,7.9563,160,2021-09-15 18:50:00,SRNE
7.96,7.96,7.9585,7.96,3556,2021-09-15 18:51:00,SRNE
7.955,7.9599,7.95,7.955,2244,2021-09-15 18:52:00,SRNE
7.9524,7.9524,7.9501,7.9501,600,2021-09-15 18:53:00,SRNE
7.9501,7.97,7.9501,7.97,5553,2021-09-15 18:54:00,SRNE
7.97,7.97,7.965,7.97,53520,2021-09-15 18:55:00,SRNE
7.96,7.967,7.96,7.9637,4950,2021-09-15 18:56:00,SRNE
7.965,7.97,7.955,7.959,7328,2021-09-15 18:57:00,SRNE
7.9519,7.9676,7.9519,7.96,4484,2021-09-15 18:58:00,SRNE
7.965,7.965,7.96,7.965,2300,2021-09-15 18:59:00,SRNE
7.97,7.975,7.9622,7.969,9009,2021-09-15 19:00:00,SRNE
7.965,7.965,7.96,7.96,3400,2021-09-15 19:01:00,SRNE
7.955,7.955,7.955,7.955,200,2021-09-15 19:02:00,SRNE
7.955,7.955,7.955,7.955,200,2021-09-15 19:03:00,SRNE
7.96,7.96,7.9584,7.9584,2197,2021-09-15 19:05:00,SRNE
7.96,7.96,7.96,7.96,100,2021-09-15 19:06:00,SRNE
7.96,7.96,7.96,7.96,856,2021-09-15 19:07:00,SRNE
7.955,7.96,7.955,7.96,664,2021-09-15 19:08:00,SRNE
7.9515,7.96,7.9515,7.96,3445,2021-09-15 19:09:00,SRNE
7.9508,7.955,7.9508,7.955,6850,2021-09-15 19:10:00,SRNE
7.9545,7.955,7.95,7.955,2026,2021-09-15 19:11:00,SRNE
7.955,7.955,7.93,7.9375,14350,2021-09-15 19:12:00,SRNE
7.93,7.93,7.92,7.925,7445,2021-09-15 19:13:00,SRNE
7.93,7.93,7.92,7.925,3380,2021-09-15 19:14:00,SRNE
7.9248,7.95,7.9248,7.945,18181,2021-09-15 19:15:00,SRNE
7.945,7.9499,7.94,7.945,1666,2021-09-15 19:16:00,SRNE
7.945,7.9499,7.94,7.94,2825,2021-09-15 19:17:00,SRNE
7.945,7.945,7.945,7.945,200,2021-09-15 19:18:00,SRNE
7.95,7.96,7.949,7.96,10921,2021-09-15 19:19:00,SRNE
7.96,7.97,7.96,7.97,2570,2021-09-15 19:20:00,SRNE
7.968,7.97,7.965,7.97,1800,2021-09-15 19:21:00,SRNE
7.965,7.965,7.96,7.965,1000,2021-09-15 19:22:00,SRNE
7.965,7.965,7.95,7.955,13592,2021-09-15 19:23:00,SRNE
7.95,7.95,7.95,7.95,200,2021-09-15 19:24:00,SRNE
7.955,7.96,7.95,7.955,7669,2021-09-15 19:25:00,SRNE
7.955,7.9599,7.94,7.9499,11554,2021-09-15 19:26:00,SRNE
7.942,7.9499,7.935,7.935,10288,2021-09-15 19:27:00,SRNE
7.935,7.94,7.93,7.935,14999,2021-09-15 19:28:00,SRNE
7.935,7.9384,7.93,7.93,6760,2021-09-15 19:29:00,SRNE
7.935,7.94,7.93,7.935,1800,2021-09-15 19:30:00,SRNE
7.935,7.9382,7.93,7.935,2100,2021-09-15 19:31:00,SRNE
7.935,7.935,7.89,7.89,25728,2021-09-15 19:32:00,SRNE
7.89,7.9,7.89,7.9,8387,2021-09-15 19:33:00,SRNE
7.9,7.9099,7.9,7.9099,6261,2021-09-15 19:34:00,SRNE
7.9048,7.91,7.9,7.91,5580,2021-09-15 19:35:00,SRNE
7.91,7.925,7.91,7.92,14177,2021-09-15 19:36:00,SRNE
7.925,7.937,7.92,7.937,13898,2021-09-15 19:37:00,SRNE
7.935,7.935,7.92,7.92,3311,2021-09-15 19:38:00,SRNE
7.925,7.93,7.925,7.9283,1060,2021-09-15 19:39:00,SRNE
7.925,7.925,7.92,7.925,1800,2021-09-15 19:40:00,SRNE
7.92,7.925,7.92,7.92,2611,2021-09-15 19:41:00,SRNE
7.925,7.925,7.88,7.885,13957,2021-09-15 19:42:00,SRNE
7.885,7.91,7.885,7.902,21968,2021-09-15 19:43:00,SRNE
7.91,7.91,7.9,7.905,2272,2021-09-15 19:44:00,SRNE
7.91,7.91,7.9,7.91,2608,2021-09-15 19:45:00,SRNE
7.91,7.91,7.9,7.91,1617,2021-09-15 19:46:00,SRNE
7.91,7.91,7.9028,7.905,1225,2021-09-15 19:47:00,SRNE
7.9,7.905,7.89,7.89,13651,2021-09-15 19:48:00,SRNE
7.8904,7.9,7.88,7.88,42229,2021-09-15 19:49:00,SRNE
7.89,7.93,7.89,7.93,25620,2021-09-15 19:50:00,SRNE
7.93,7.94,7.925,7.93,17988,2021-09-15 19:51:00,SRNE
7.935,7.935,7.9219,7.93,10025,2021-09-15 19:52:00,SRNE
7.925,7.9299,7.92,7.9293,4627,2021-09-15 19:53:00,SRNE
7.925,7.93,7.9201,7.923,22701,2021-09-15 19:54:00,SRNE
7.925,7.9273,7.92,7.925,8980,2021-09-15 19:55:00,SRNE
7.93,7.93,7.92,7.925,19138,2021-09-15 19:56:00,SRNE
7.92,7.925,7.91,7.91,32116,2021-09-15 19:57:00,SRNE
7.915,7.93,7.915,7.93,38686,2021-09-15 19:58:00,SRNE
7.93,7.94,7.92,7.935,71329,2021-09-15 19:59:00,SRNE
7.94,7.94,7.94,7.94,237223,2021-09-15 20:00:00,SRNE
7.94,7.94,7.94,7.94,10008,2021-09-15 20:01:00,SRNE
7.92,7.92,7.92,7.92,200,2021-09-15 20:07:00,SRNE
7.89,7.89,7.89,7.89,580,2021-09-15 20:17:00,SRNE
7.98,7.98,7.98,7.98,503,2021-09-15 20:27:00,SRNE
7.95,7.95,7.95,7.95,120,2021-09-15 20:32:00,SRNE
7.95,7.95,7.95,7.95,180,2021-09-15 20:39:00,SRNE
7.95,7.95,7.95,7.95,500,2021-09-15 20:40:00,SRNE
7.97,7.97,7.97,7.97,932,2021-09-15 20:42:00,SRNE
7.97,7.97,7.97,7.97,100,2021-09-15 20:47:00,SRNE
7.98,7.98,7.95,7.95,900,2021-09-15 20:52:00,SRNE
7.95,7.95,7.95,7.95,200,2021-09-15 20:55:00,SRNE
7.94,7.94,7.94,7.94,2000,2021-09-15 21:01:00,SRNE
7.97,7.97,7.97,7.97,1000,2021-09-15 21:11:00,SRNE
7.97,7.98,7.97,7.98,500,2021-09-15 21:12:00,SRNE
7.98,7.98,7.98,7.98,2000,2021-09-15 21:15:00,SRNE
7.99,7.99,7.99,7.99,200,2021-09-15 21:19:00,SRNE
7.99,7.99,7.99,7.99,2682,2021-09-15 21:21:00,SRNE
8.0,8.0,8.0,8.0,1653,2021-09-15 21:22:00,SRNE
8.0,8.0,8.0,8.0,150,2021-09-15 21:25:00,SRNE
8.0,8.0,8.0,8.0,200,2021-09-15 21:30:00,SRNE
8.0,8.0,8.0,8.0,100,2021-09-15 21:32:00,SRNE
8.0,8.0,8.0,8.0,500,2021-09-15 21:34:00,SRNE
8.0,8.0,8.0,8.0,300,2021-09-15 21:35:00,SRNE
8.0,8.0,8.0,8.0,100,2021-09-15 21:39:00,SRNE
8.0,8.0,8.0,8.0,150,2021-09-15 21:41:00,SRNE
8.0,8.0,8.0,8.0,250,2021-09-15 21:43:00,SRNE
8.0,8.0,8.0,8.0,1000,2021-09-15 21:48:00,SRNE
8.0,8.01,8.0,8.01,1428,2021-09-15 22:02:00,SRNE
8.02,8.02,8.02,8.02,100,2021-09-15 22:09:00,SRNE
8.05,8.05,8.05,8.05,200,2021-09-15 22:29:00,SRNE
8.04,8.04,8.04,8.04,220,2021-09-15 22:40:00,SRNE
8.03,8.03,8.03,8.03,215,2021-09-15 22:48:00,SRNE
8.0,8.0,8.0,8.0,417,2021-09-15 22:49:00,SRNE
8.0,8.0,8.0,8.0,100,2021-09-15 22:52:00,SRNE
8.02,8.02,8.02,8.02,475,2021-09-15 22:58:00,SRNE
8.03,8.03,8.03,8.03,200,2021-09-15 23:00:00,SRNE
8.0,8.02,8.0,8.02,564,2021-09-15 23:05:00,SRNE
8.03,8.03,8.03,8.03,350,2021-09-15 23:12:00,SRNE
8.01,8.01,8.01,8.01,150,2021-09-15 23:24:00,SRNE
8.0,8.0,8.0,8.0,283,2021-09-15 23:26:00,SRNE
8.03,8.03,8.03,8.03,100,2021-09-15 23:28:00,SRNE
8.02,8.02,8.02,8.02,200,2021-09-15 23:30:00,SRNE
8.01,8.01,8.01,8.01,148,2021-09-15 23:32:00,SRNE
8.03,8.03,8.03,8.03,222,2021-09-15 23:38:00,SRNE
8.02,8.02,8.02,8.02,100,2021-09-15 23:41:00,SRNE
8.02,8.02,8.02,8.02,200,2021-09-15 23:46:00,SRNE
8.02,8.02,8.01,8.01,293,2021-09-15 23:47:00,SRNE
8.0,8.0,8.0,8.0,222,2021-09-15 23:48:00,SRNE
8.0299,8.0299,8.0299,8.0299,500,2021-09-15 23:54:00,SRNE
8.03,8.03,8.03,8.03,187,2021-09-15 23:55:00,SRNE
8.0,8.0,8.0,8.0,100,2021-09-16 08:22:00,SRNE
8.07,8.07,8.07,8.07,100,2021-09-16 10:02:00,SRNE
8.07,8.07,8.07,8.07,2000,2021-09-16 10:03:00,SRNE
8.04,8.05,8.02,8.02,8805,2021-09-16 11:00:00,SRNE
7.95,7.95,7.85,7.85,19434,2021-09-16 11:01:00,SRNE
7.9,7.9,7.9,7.9,187,2021-09-16 11:03:00,SRNE
7.97,7.98,7.97,7.98,683,2021-09-16 11:58:00,SRNE
8.0,8.02,8.0,8.02,3520,2021-09-16 12:00:00,SRNE
8.02,8.02,8.02,8.02,200,2021-09-16 12:03:00,SRNE
8.02,8.02,7.98,7.98,1538,2021-09-16 12:04:00,SRNE
8.0,8.0,8.0,8.0,1000,2021-09-16 12:06:00,SRNE
8.0,8.0,8.0,8.0,343,2021-09-16 12:14:00,SRNE
7.9999,7.9999,7.9999,7.9999,625,2021-09-16 12:15:00,SRNE
8.0,8.0,7.99,7.99,400,2021-09-16 12:17:00,SRNE
8.0,8.0,8.0,8.0,100,2021-09-16 12:23:00,SRNE
7.98,7.98,7.98,7.98,3429,2021-09-16 12:26:00,SRNE
7.97,7.97,7.95,7.95,1100,2021-09-16 12:35:00,SRNE
7.95,7.95,7.95,7.95,1100,2021-09-16 12:37:00,SRNE
7.94,7.94,7.94,7.94,500,2021-09-16 12:38:00,SRNE
7.93,7.93,7.93,7.93,1200,2021-09-16 12:42:00,SRNE
7.93,7.93,7.93,7.93,1000,2021-09-16 12:50:00,SRNE
7.93,7.93,7.93,7.93,4060,2021-09-16 12:51:00,SRNE
7.93,7.93,7.93,7.93,200,2021-09-16 12:52:00,SRNE
7.93,7.93,7.93,7.93,200,2021-09-16 12:54:00,SRNE
7.93,7.93,7.93,7.93,100,2021-09-16 12:58:00,SRNE
7.93,7.93,7.93,7.93,1705,2021-09-16 13:04:00,SRNE
7.93,7.93,7.93,7.93,895,2021-09-16 13:07:00,SRNE
7.93,7.94,7.93,7.94,800,2021-09-16 13:10:00,SRNE
7.93,7.93,7.93,7.93,1131,2021-09-16 13:13:00,SRNE
7.93,7.94,7.93,7.94,899,2021-09-16 13:17:00,SRNE
7.95,7.96,7.95,7.96,810,2021-09-16 13:25:00,SRNE
7.96,7.96,7.96,7.96,100,2021-09-16 13:29:00,SRNE
7.9349,7.97,7.9349,7.97,45379,2021-09-16 13:30:00,SRNE
7.98,7.99,7.9616,7.975,7770,2021-09-16 13:31:00,SRNE
7.97,7.9826,7.96,7.97,7384,2021-09-16 13:32:00,SRNE
7.98,8.05,7.98,8.0367,12031,2021-09-16 13:33:00,SRNE
8.04,8.05,8.03,8.05,13842,2021-09-16 13:34:00,SRNE
8.05,8.07,8.015,8.0286,23350,2021-09-16 13:35:00,SRNE
8.0259,8.0428,8.0222,8.0428,9023,2021-09-16 13:36:00,SRNE
8.04,8.0499,8.02,8.02,6094,2021-09-16 13:37:00,SRNE
8.02,8.02,7.99,8.0,12405,2021-09-16 13:38:00,SRNE
8.0,8.0,7.99,7.9929,5264,2021-09-16 13:39:00,SRNE
7.99,8.0,7.98,7.99,19361,2021-09-16 13:40:00,SRNE
7.995,8.0096,7.99,8.0039,3158,2021-09-16 13:41:00,SRNE
8.01,8.01,7.99,7.9989,6853,2021-09-16 13:42:00,SRNE
7.99,7.99,7.98,7.99,6994,2021-09-16 13:43:00,SRNE
8.0,8.01,8.0,8.01,1907,2021-09-16 13:44:00,SRNE
8.02,8.02,8.0075,8.009,14400,2021-09-16 13:45:00,SRNE
8.0,8.0,7.98,7.99,4950,2021-09-16 13:46:00,SRNE
7.9991,8.01,7.9991,8.0,4500,2021-09-16 13:47:00,SRNE
7.995,8.005,7.9919,8.0,573,2021-09-16 13:48:00,SRNE
8.0088,8.05,8.0088,8.04,16928,2021-09-16 13:49:00,SRNE
8.04,8.04,8.0304,8.038,4796,2021-09-16 13:50:00,SRNE
8.03,8.03,7.9996,8.0014,10204,2021-09-16 13:51:00,SRNE
8.005,8.0098,7.99,7.99,5400,2021-09-16 13:52:00,SRNE
7.995,7.995,7.9876,7.9899,3161,2021-09-16 13:53:00,SRNE
7.9894,7.995,7.9885,7.995,3168,2021-09-16 13:54:00,SRNE
8.0,8.0,7.99,8.0,5784,2021-09-16 13:55:00,SRNE
8.0084,8.0094,8.001,8.0094,2863,2021-09-16 13:56:00,SRNE
8.01,8.02,8.0,8.009,4584,2021-09-16 13:57:00,SRNE
8.005,8.0099,8.0,8.0099,590,2021-09-16 13:58:00,SRNE
8.0081,8.0081,7.975,7.9959,8511,2021-09-16 13:59:00,SRNE
7.995,8.0,7.995,8.0,2100,2021-09-16 14:00:00,SRNE
8.005,8.01,8.0,8.01,6971,2021-09-16 14:01:00,SRNE
8.01,8.01,8.0027,8.0027,1630,2021-09-16 14:02:00,SRNE
8.005,8.0085,7.98,7.98,3600,2021-09-16 14:03:00,SRNE
7.9841,8.005,7.9841,8.0,6007,2021-09-16 14:04:00,SRNE
8.01,8.0313,8.01,8.0301,9771,2021-09-16 14:05:00,SRNE
8.035,8.04,8.0,8.0,15626,2021-09-16 14:06:00,SRNE
8.01,8.01,8.0,8.0,773,2021-09-16 14:07:00,SRNE
8.0,8.01,7.995,7.995,2600,2021-09-16 14:08:00,SRNE
8.0,8.015,8.0,8.01,12440,2021-09-16 14:09:00,SRNE
8.0131,8.0183,8.0029,8.0099,2925,2021-09-16 14:10:00,SRNE
8.005,8.01,8.0,8.0099,7900,2021-09-16 14:11:00,SRNE
8.003,8.005,7.99,7.99,14618,2021-09-16 14:12:00,SRNE
7.9891,7.995,7.9891,7.9927,1435,2021-09-16 14:13:00,SRNE
7.995,7.995,7.995,7.995,660,2021-09-16 14:14:00,SRNE
7.99,8.01,7.99,8.01,6065,2021-09-16 14:15:00,SRNE
8.01,8.03,8.01,8.03,22319,2021-09-16 14:16:00,SRNE
8.03,8.0306,8.0217,8.0217,22200,2021-09-16 14:17:00,SRNE
8.025,8.025,8.02,8.02,2500,2021-09-16 14:18:00,SRNE
8.0175,8.0175,8.01,8.015,905,2021-09-16 14:19:00,SRNE
8.01,8.01,7.99,8.0,16832,2021-09-16 14:20:00,SRNE
8.005,8.0092,8.0,8.0,2200,2021-09-16 14:21:00,SRNE
7.9922,8.01,7.9922,8.01,9939,2021-09-16 14:22:00,SRNE
8.014,8.015,8.0099,8.01,5245,2021-09-16 14:23:00,SRNE
8.0047,8.02,8.0047,8.0199,2436,2021-09-16 14:24:00,SRNE
8.01,8.0179,8.01,8.015,500,2021-09-16 14:25:00,SRNE
8.015,8.015,8.01,8.0108,400,2021-09-16 14:26:00,SRNE
8.01,8.0271,8.01,8.025,5841,2021-09-16 14:27:00,SRNE
8.0254,8.03,8.0239,8.0252,8548,2021-09-16 14:28:00,SRNE
8.03,8.04,8.02,8.02,13177,2021-09-16 14:29:00,SRNE
8.025,8.025,8.015,8.015,4668,2021-09-16 14:30:00,SRNE
8.02,8.02,8.01,8.015,4700,2021-09-16 14:32:00,SRNE
8.01,8.02,8.01,8.015,6937,2021-09-16 14:33:00,SRNE
8.015,8.02,8.01,8.01,6464,2021-09-16 14:34:00,SRNE
8.0174,8.0174,8.0,8.007,5538,2021-09-16 14:35:00,SRNE
8.01,8.0116,7.995,7.995,24095,2021-09-16 14:36:00,SRNE
8.0,8.03,8.0,8.03,7245,2021-09-16 14:37:00,SRNE
8.03,8.03,8.02,8.02,11248,2021-09-16 14:38:00,SRNE
8.02,8.025,8.02,8.02,3144,2021-09-16 14:39:00,SRNE
8.02,8.03,8.02,8.02,5500,2021-09-16 14:40:00,SRNE
8.02,8.02,8.015,8.015,4050,2021-09-16 14:41:00,SRNE
8.01,8.02,7.997,8.02,10145,2021-09-16 14:42:00,SRNE
8.025,8.025,8.0212,8.025,3042,2021-09-16 14:43:00,SRNE
8.025,8.025,8.02,8.02,300,2021-09-16 14:44:00,SRNE
8.025,8.025,8.025,8.025,125,2021-09-16 14:45:00,SRNE
8.02,8.025,8.02,8.025,1137,2021-09-16 14:46:00,SRNE
8.03,8.0354,8.03,8.0354,11272,2021-09-16 14:47:00,SRNE
8.03,8.035,8.0241,8.025,10311,2021-09-16 14:48:00,SRNE
8.02,8.03,8.015,8.03,13524,2021-09-16 14:49:00,SRNE
8.02,8.02,8.01,8.01,6957,2021-09-16 14:50:00,SRNE
8.01,8.02,8.005,8.02,7095,2021-09-16 14:51:00,SRNE
8.01,8.01,8.01,8.01,300,2021-09-16 14:52:00,SRNE
8.0199,8.0199,8.01,8.01,13069,2021-09-16 14:53:00,SRNE
8.01,8.01,8.0,8.0,22971,2021-09-16 14:54:00,SRNE
8.005,8.005,8.0001,8.005,5452,2021-09-16 14:55:00,SRNE
8.0032,8.0032,8.0,8.0,3028,2021-09-16 14:56:00,SRNE
8.0099,8.0099,8.0,8.0,2900,2021-09-16 14:57:00,SRNE
7.9999,7.9999,7.99,7.99,5781,2021-09-16 14:58:00,SRNE
7.9805,7.9899,7.98,7.98,2800,2021-09-16 14:59:00,SRNE
7.99,7.99,7.99,7.99,3658,2021-09-16 15:00:00,SRNE
7.98,7.99,7.98,7.98,1731,2021-09-16 15:01:00,SRNE
7.985,7.9875,7.9803,7.9803,1300,2021-09-16 15:02:00,SRNE
7.98,7.98,7.955,7.9586,6036,2021-09-16 15:03:00,SRNE
7.9591,7.9591,7.9591,7.9591,4000,2021-09-16 15:04:00,SRNE
7.9585,7.9585,7.9581,7.9581,670,2021-09-16 15:05:00,SRNE
7.96,7.96,7.955,7.955,472,2021-09-16 15:06:00,SRNE
7.96,7.96,7.9537,7.955,1300,2021-09-16 15:07:00,SRNE
7.9537,7.9599,7.9537,7.9599,8748,2021-09-16 15:08:00,SRNE
7.9576,7.96,7.955,7.96,1300,2021-09-16 15:09:00,SRNE
7.9582,7.97,7.955,7.97,8923,2021-09-16 15:10:00,SRNE
7.97,7.9955,7.97,7.995,12971,2021-09-16 15:11:00,SRNE
7.9901,7.9901,7.99,7.99,6465,2021-09-16 15:12:00,SRNE
7.993,7.993,7.993,7.993,100,2021-09-16 15:13:00,SRNE
7.9909,7.9999,7.9909,7.9919,5200,2021-09-16 15:14:00,SRNE
7.9999,8.015,7.995,8.01,20136,2021-09-16 15:15:00,SRNE
8.015,8.015,7.99,7.99,15623,2021-09-16 15:16:00,SRNE
7.99,7.9976,7.99,7.99,8552,2021-09-16 15:17:00,SRNE
7.995,7.9978,7.995,7.9978,600,2021-09-16 15:18:00,SRNE
7.99,7.99,7.99,7.99,100,2021-09-16 15:19:00,SRNE
7.995,8.0,7.995,8.0,450,2021-09-16 15:20:00,SRNE
7.99,7.99,7.98,7.98,10108,2021-09-16 15:21:00,SRNE
7.97,7.9798,7.97,7.975,800,2021-09-16 15:23:00,SRNE
7.9782,7.9782,7.975,7.975,1300,2021-09-16 15:24:00,SRNE
7.98,7.995,7.98,7.9914,13626,2021-09-16 15:25:00,SRNE
7.995,7.995,7.995,7.995,1500,2021-09-16 15:27:00,SRNE
7.995,8.0,7.995,8.0,3960,2021-09-16 15:28:00,SRNE
7.99,7.99,7.9801,7.9801,3799,2021-09-16 15:29:00,SRNE
7.99,7.9929,7.9829,7.9929,3207,2021-09-16 15:30:00,SRNE
7.9999,8.0,7.993,7.993,850,2021-09-16 15:31:00,SRNE
7.995,7.995,7.995,7.995,108,2021-09-16 15:32:00,SRNE
8.0,8.0,8.0,8.0,6035,2021-09-16 15:33:00,SRNE
7.9993,8.0,7.9943,8.0,1386,2021-09-16 15:34:00,SRNE
8.0,8.0,8.0,8.0,386,2021-09-16 15:35:00,SRNE
7.995,7.995,7.99,7.995,3015,2021-09-16 15:36:00,SRNE
8.0,8.0,7.994,7.994,1293,2021-09-16 15:37:00,SRNE
7.995,8.005,7.995,8.005,8607,2021-09-16 15:38:00,SRNE
8.0,8.005,8.0,8.005,400,2021-09-16 15:39:00,SRNE
8.0022,8.01,8.0022,8.01,750,2021-09-16 15:40:00,SRNE
8.0,8.0,7.99,7.995,17249,2021-09-16 15:41:00,SRNE
7.99,7.9902,7.99,7.9901,11918,2021-09-16 15:42:00,SRNE
7.985,7.985,7.985,7.985,1025,2021-09-16 15:43:00,SRNE
7.985,7.9874,7.9825,7.985,3353,2021-09-16 15:44:00,SRNE
7.98,7.9899,7.98,7.9899,1015,2021-09-16 15:45:00,SRNE
7.98,7.98,7.975,7.975,4258,2021-09-16 15:46:00,SRNE
7.975,7.9799,7.975,7.9799,500,2021-09-16 15:47:00,SRNE
7.97,7.98,7.97,7.97,1400,2021-09-16 15:48:00,SRNE
7.97,7.9787,7.97,7.975,6191,2021-09-16 15:49:00,SRNE
7.9718,7.98,7.9718,7.98,1100,2021-09-16 15:50:00,SRNE
7.9791,7.9799,7.97,7.975,3200,2021-09-16 15:51:00,SRNE
7.975,7.9773,7.9717,7.9717,1400,2021-09-16 15:52:00,SRNE
7.975,7.975,7.975,7.975,275,2021-09-16 15:53:00,SRNE
7.978,7.98,7.978,7.98,850,2021-09-16 15:54:00,SRNE
7.975,8.0,7.9748,8.0,8024,2021-09-16 15:55:00,SRNE
8.0,8.002,8.0,8.0001,2700,2021-09-16 15:56:00,SRNE
8.01,8.01,8.0,8.008,4990,2021-09-16 15:57:00,SRNE
8.0,8.02,8.0,8.02,14619,2021-09-16 15:58:00,SRNE
8.02,8.02,8.01,8.01,12375,2021-09-16 15:59:00,SRNE
8.01,8.01,8.005,8.005,5062,2021-09-16 16:00:00,SRNE
8.005,8.01,8.0,8.005,700,2021-09-16 16:02:00,SRNE
8.01,8.02,8.01,8.02,2588,2021-09-16 16:03:00,SRNE
8.015,8.015,8.015,8.015,300,2021-09-16 16:04:00,SRNE
8.017,8.0192,8.01,8.01,1825,2021-09-16 16:05:00,SRNE
8.01,8.0199,8.01,8.0199,700,2021-09-16 16:06:00,SRNE
8.01,8.0101,8.01,8.01,800,2021-09-16 16:07:00,SRNE
8.0112,8.015,8.0056,8.0056,5626,2021-09-16 16:08:00,SRNE
8.01,8.01,8.0,8.0,10238,2021-09-16 16:09:00,SRNE
8.0084,8.0097,8.0025,8.0097,1449,2021-09-16 16:10:00,SRNE
8.005,8.005,8.005,8.005,200,2021-09-16 16:11:00,SRNE
8.005,8.005,8.005,8.005,100,2021-09-16 16:12:00,SRNE
8.005,8.005,8.0,8.005,614,2021-09-16 16:13:00,SRNE
8.005,8.005,8.0,8.0,1000,2021-09-16 16:14:00,SRNE
8.0,8.0,7.985,7.985,4242,2021-09-16 16:15:00,SRNE
7.985,7.99,7.98,7.989,5500,2021-09-16 16:16:00,SRNE
7.985,7.985,7.9848,7.9848,5100,2021-09-16 16:17:00,SRNE
7.9803,7.9803,7.98,7.98,1300,2021-09-16 16:18:00,SRNE
7.975,7.975,7.975,7.975,100,2021-09-16 16:19:00,SRNE
7.98,7.98,7.97,7.9715,3000,2021-09-16 16:20:00,SRNE
7.975,7.975,7.96,7.96,5260,2021-09-16 16:21:00,SRNE
7.96,7.96,7.955,7.9571,8853,2021-09-16 16:22:00,SRNE
7.96,7.96,7.955,7.9562,3570,2021-09-16 16:23:00,SRNE
7.955,7.955,7.9501,7.9501,2600,2021-09-16 16:24:00,SRNE
7.96,7.96,7.96,7.96,400,2021-09-16 16:25:00,SRNE
7.955,7.9599,7.955,7.9599,1200,2021-09-16 16:26:00,SRNE
7.96,7.97,7.96,7.969,4875,2021-09-16 16:27:00,SRNE
7.965,7.9668,7.965,7.9668,1713,2021-09-16 16:28:00,SRNE
7.9699,7.9699,7.9673,7.9673,350,2021-09-16 16:29:00,SRNE
7.97,7.975,7.97,7.975,2747,2021-09-16 16:30:00,SRNE
7.975,7.9775,7.975,7.9775,476,2021-09-16 16:31:00,SRNE
7.97,7.9731,7.97,7.9731,300,2021-09-16 16:32:00,SRNE
7.98,7.98,7.96,7.96,5728,2021-09-16 16:33:00,SRNE
7.97,7.97,7.9668,7.9668,312,2021-09-16 16:34:00,SRNE
7.9669,7.9669,7.9669,7.9669,500,2021-09-16 16:35:00,SRNE
7.965,7.975,7.965,7.975,2549,2021-09-16 16:36:00,SRNE
7.975,7.975,7.97,7.975,400,2021-09-16 16:37:00,SRNE
7.9799,7.9799,7.975,7.975,200,2021-09-16 16:38:00,SRNE
7.975,7.975,7.975,7.975,100,2021-09-16 16:39:00,SRNE
7.9708,7.98,7.965,7.98,8700,2021-09-16 16:40:00,SRNE
7.99,7.99,7.98,7.981,2853,2021-09-16 16:41:00,SRNE
7.985,7.988,7.985,7.988,1451,2021-09-16 16:42:00,SRNE
7.98,7.981,7.9707,7.9747,8451,2021-09-16 16:43:00,SRNE
7.98,7.98,7.98,7.98,882,2021-09-16 16:44:00,SRNE
7.9801,7.9801,7.9801,7.9801,100,2021-09-16 16:45:00,SRNE
7.98,7.98,7.975,7.975,899,2021-09-16 16:46:00,SRNE
7.97,7.97,7.9669,7.9669,2625,2021-09-16 16:48:00,SRNE
7.97,7.97,7.965,7.97,3950,2021-09-16 16:50:00,SRNE
7.975,7.975,7.97,7.97,300,2021-09-16 16:51:00,SRNE
7.97,7.97,7.965,7.965,1400,2021-09-16 16:52:00,SRNE
7.9681,7.9681,7.9601,7.965,4000,2021-09-16 16:53:00,SRNE
7.967,7.967,7.96,7.96,200,2021-09-16 16:54:00,SRNE
7.96,7.965,7.96,7.9623,11683,2021-09-16 16:55:00,SRNE
7.97,7.97,7.965,7.97,600,2021-09-16 16:56:00,SRNE
7.97,7.97,7.965,7.965,800,2021-09-16 16:58:00,SRNE
7.97,7.98,7.9687,7.9687,10702,2021-09-16 16:59:00,SRNE
7.97,7.98,7.97,7.98,10589,2021-09-16 17:00:00,SRNE
7.9798,7.98,7.9798,7.98,2711,2021-09-16 17:01:00,SRNE
7.98,7.98,7.975,7.98,2885,2021-09-16 17:02:00,SRNE
7.975,7.99,7.975,7.985,5429,2021-09-16 17:03:00,SRNE
7.985,7.985,7.985,7.985,100,2021-09-16 17:04:00,SRNE
7.9832,7.9832,7.9801,7.9801,1100,2021-09-16 17:05:00,SRNE
7.98,7.98,7.98,7.98,4188,2021-09-16 17:06:00,SRNE
7.97,7.97,7.96,7.96,2400,2021-09-16 17:07:00,SRNE
7.97,7.9911,7.97,7.99,10344,2021-09-16 17:08:00,SRNE
7.99,7.99,7.98,7.987,2239,2021-09-16 17:09:00,SRNE
7.985,7.9875,7.985,7.9875,1626,2021-09-16 17:10:00,SRNE
7.98,7.98,7.977,7.977,1700,2021-09-16 17:11:00,SRNE
7.9799,7.9799,7.972,7.972,5001,2021-09-16 17:12:00,SRNE
7.975,7.975,7.975,7.975,200,2021-09-16 17:13:00,SRNE
7.975,7.975,7.97,7.97,500,2021-09-16 17:14:00,SRNE
7.976,7.976,7.975,7.975,1100,2021-09-16 17:15:00,SRNE
7.9725,7.98,7.9725,7.9731,1700,2021-09-16 17:16:00,SRNE
7.975,7.975,7.975,7.975,700,2021-09-16 17:17:00,SRNE
7.975,7.9779,7.9718,7.9718,1477,2021-09-16 17:18:00,SRNE
7.979,7.985,7.975,7.985,3900,2021-09-16 17:19:00,SRNE
7.98,7.98,7.98,7.98,3005,2021-09-16 17:20:00,SRNE
7.97,7.9769,7.97,7.9769,332,2021-09-16 17:21:00,SRNE
7.975,7.975,7.97,7.97,2645,2021-09-16 17:22:00,SRNE
7.97,7.97,7.97,7.97,238,2021-09-16 17:23:00,SRNE
7.975,7.975,7.97,7.97,400,2021-09-16 17:24:00,SRNE
7.975,7.975,7.975,7.975,200,2021-09-16 17:25:00,SRNE
7.975,7.98,7.975,7.98,500,2021-09-16 17:26:00,SRNE
7.98,7.98,7.98,7.98,100,2021-09-16 17:27:00,SRNE
7.98,7.98,7.9733,7.9733,700,2021-09-16 17:28:00,SRNE
7.98,7.985,7.975,7.985,4727,2021-09-16 17:29:00,SRNE
7.9891,7.99,7.9891,7.99,2300,2021-09-16 17:30:00,SRNE
7.99,7.99,7.99,7.99,200,2021-09-16 17:31:00,SRNE
7.99,7.995,7.99,7.99,3400,2021-09-16 17:32:00,SRNE
7.99,7.99,7.99,7.99,1900,2021-09-16 17:33:00,SRNE
7.9888,7.9888,7.9888,7.9888,510,2021-09-16 17:34:00,SRNE
7.984,7.984,7.984,7.984,1000,2021-09-16 17:35:00,SRNE
7.985,7.985,7.98,7.98,2019,2021-09-16 17:36:00,SRNE
7.9867,7.9867,7.98,7.98,400,2021-09-16 17:37:00,SRNE
7.98,7.98,7.97,7.975,2112,2021-09-16 17:38:00,SRNE
7.975,7.975,7.975,7.975,300,2021-09-16 17:39:00,SRNE
7.975,7.99,7.97,7.99,4027,2021-09-16 17:40:00,SRNE
7.99,7.99,7.989,7.99,500,2021-09-16 17:41:00,SRNE
7.99,8.0,7.99,8.0,3200,2021-09-16 17:42:00,SRNE
7.995,7.995,7.9924,7.9924,503,2021-09-16 17:43:00,SRNE
7.995,7.995,7.99,7.99,300,2021-09-16 17:45:00,SRNE
8.0,8.0,8.0,8.0,100,2021-09-16 17:46:00,SRNE
7.9901,7.995,7.99,7.99,7080,2021-09-16 17:47:00,SRNE
7.99,7.99,7.99,7.99,3307,2021-09-16 17:48:00,SRNE
7.9999,7.9999,7.9999,7.9999,250,2021-09-16 17:49:00,SRNE
7.992,7.995,7.991,7.995,2700,2021-09-16 17:51:00,SRNE
7.9923,7.995,7.9923,7.995,600,2021-09-16 17:52:00,SRNE
7.995,8.0,7.9921,7.9921,1550,2021-09-16 17:53:00,SRNE
8.0,8.0,7.9905,7.9905,2070,2021-09-16 17:54:00,SRNE
7.9954,8.0,7.995,7.995,600,2021-09-16 17:55:00,SRNE
8.0,8.0,7.9901,7.995,350,2021-09-16 17:56:00,SRNE
7.995,8.0,7.995,8.0,2044,2021-09-16 17:57:00,SRNE
8.0,8.0,7.99,7.99,1969,2021-09-16 17:58:00,SRNE
7.9928,7.9928,7.9928,7.9928,100,2021-09-16 17:59:00,SRNE
7.995,7.995,7.99,7.995,714,2021-09-16 18:00:00,SRNE
7.99,7.99,7.975,7.99,15114,2021-09-16 18:01:00,SRNE
7.995,8.0,7.995,7.995,3080,2021-09-16 18:03:00,SRNE
7.995,7.9972,7.9919,7.9919,700,2021-09-16 18:04:00,SRNE
7.995,7.995,7.985,7.985,4003,2021-09-16 18:05:00,SRNE
7.99,7.9973,7.99,7.9973,2100,2021-09-16 18:06:00,SRNE
7.995,7.995,7.995,7.995,200,2021-09-16 18:07:00,SRNE
7.9907,7.9907,7.99,7.99,2706,2021-09-16 18:08:00,SRNE
7.99,7.99,7.99,7.99,3048,2021-09-16 18:09:00,SRNE
8.0,8.015,8.0,8.0,36286,2021-09-16 18:10:00,SRNE
8.005,8.01,8.0,8.0,800,2021-09-16 18:11:00,SRNE
8.0,8.005,8.0,8.005,6706,2021-09-16 18:12:00,SRNE
8.005,8.0099,8.005,8.005,400,2021-09-16 18:13:00,SRNE
8.0017,8.005,8.0,8.005,7041,2021-09-16 18:14:00,SRNE
8.01,8.015,8.01,8.01,9395,2021-09-16 18:15:00,SRNE
8.0108,8.015,8.01,8.015,12200,2021-09-16 18:16:00,SRNE
8.01,8.01,8.0,8.0001,27771,2021-09-16 18:17:00,SRNE
8.0,8.0021,8.0,8.0021,700,2021-09-16 18:19:00,SRNE
8.01,8.01,8.0,8.005,3110,2021-09-16 18:20:00,SRNE
8.005,8.005,8.002,8.005,500,2021-09-16 18:21:00,SRNE
8.0,8.005,7.995,8.005,9705,2021-09-16 18:22:00,SRNE
8.01,8.01,8.01,8.01,100,2021-09-16 18:23:00,SRNE
8.01,8.0128,8.01,8.01,9067,2021-09-16 18:24:00,SRNE
8.0185,8.0201,8.015,8.02,10405,2021-09-16 18:25:00,SRNE
8.02,8.02,8.01,8.0102,5400,2021-09-16 18:26:00,SRNE
8.01,8.01,8.01,8.01,100,2021-09-16 18:27:00,SRNE
8.015,8.015,8.01,8.01,678,2021-09-16 18:28:00,SRNE
8.01,8.03,8.01,8.03,3151,2021-09-16 18:29:00,SRNE
8.03,8.03,8.02,8.02,15981,2021-09-16 18:30:00,SRNE
8.01,8.0174,8.01,8.01,3325,2021-09-16 18:32:00,SRNE
8.013,8.013,8.013,8.013,284,2021-09-16 18:33:00,SRNE
8.01,8.015,8.01,8.015,2280,2021-09-16 18:34:00,SRNE
8.015,8.015,8.015,8.015,2000,2021-09-16 18:35:00,SRNE
8.02,8.0202,8.02,8.02,13192,2021-09-16 18:36:00,SRNE
8.02,8.025,8.02,8.0205,8297,2021-09-16 18:37:00,SRNE
8.02,8.0202,8.0191,8.02,2200,2021-09-16 18:38:00,SRNE
8.02,8.0201,8.015,8.02,9989,2021-09-16 18:39:00,SRNE
8.0224,8.029,8.02,8.029,4650,2021-09-16 18:40:00,SRNE
8.02,8.024,8.02,8.024,1200,2021-09-16 18:41:00,SRNE
8.02,8.025,8.02,8.025,1392,2021-09-16 18:42:00,SRNE
8.027,8.027,8.02,8.02,1000,2021-09-16 18:43:00,SRNE
8.022,8.025,8.022,8.025,200,2021-09-16 18:44:00,SRNE
8.02,8.025,8.02,8.025,5300,2021-09-16 18:45:00,SRNE
8.0222,8.0224,8.0215,8.0224,2115,2021-09-16 18:46:00,SRNE
8.022,8.022,8.0209,8.0209,400,2021-09-16 18:47:00,SRNE
8.025,8.025,8.02,8.02,1900,2021-09-16 18:48:00,SRNE
8.0299,8.0299,8.0202,8.025,5200,2021-09-16 18:49:00,SRNE
8.03,8.03,8.01,8.01,4244,2021-09-16 18:50:00,SRNE
8.0165,8.0165,8.005,8.01,2743,2021-09-16 18:51:00,SRNE
8.0011,8.015,8.0011,8.015,6701,2021-09-16 18:52:00,SRNE
8.0199,8.02,8.0199,8.02,3850,2021-09-16 18:53:00,SRNE
8.02,8.0301,8.02,8.03,8477,2021-09-16 18:54:00,SRNE
8.03,8.035,8.03,8.035,599,2021-09-16 18:55:00,SRNE
8.035,8.0387,8.03,8.0301,2810,2021-09-16 18:56:00,SRNE
8.0318,8.035,8.03,8.035,1150,2021-09-16 18:57:00,SRNE
8.0301,8.04,8.0301,8.0365,4325,2021-09-16 18:58:00,SRNE
8.035,8.035,8.035,8.035,300,2021-09-16 18:59:00,SRNE
8.0356,8.0356,8.03,8.03,11399,2021-09-16 19:00:00,SRNE
8.035,8.0369,8.0307,8.035,10500,2021-09-16 19:01:00,SRNE
8.035,8.035,8.035,8.035,200,2021-09-16 19:02:00,SRNE
8.035,8.035,8.02,8.021,18680,2021-09-16 19:03:00,SRNE
8.025,8.04,8.025,8.04,7473,2021-09-16 19:04:00,SRNE
8.035,8.04,8.035,8.04,720,2021-09-16 19:05:00,SRNE
8.0395,8.05,8.0395,8.0401,23533,2021-09-16 19:06:00,SRNE
8.049,8.05,8.0405,8.0405,4742,2021-09-16 19:07:00,SRNE
8.05,8.065,8.05,8.065,12112,2021-09-16 19:08:00,SRNE
8.065,8.065,8.0529,8.0529,9158,2021-09-16 19:09:00,SRNE
8.0501,8.06,8.05,8.05,3775,2021-09-16 19:10:00,SRNE
8.055,8.057,8.05,8.057,1150,2021-09-16 19:11:00,SRNE
8.0516,8.06,8.0516,8.0529,6988,2021-09-16 19:12:00,SRNE
8.0599,8.0599,8.05,8.0507,2412,2021-09-16 19:13:00,SRNE
8.05,8.055,8.05,8.05,900,2021-09-16 19:14:00,SRNE
8.055,8.055,8.0311,8.035,10877,2021-09-16 19:15:00,SRNE
8.03,8.04,8.025,8.04,14178,2021-09-16 19:16:00,SRNE
8.04,8.04,8.035,8.04,3048,2021-09-16 19:17:00,SRNE
8.04,8.04,8.03,8.035,1189,2021-09-16 19:18:00,SRNE
8.04,8.045,8.035,8.045,2700,2021-09-16 19:19:00,SRNE
8.045,8.045,8.04,8.045,2176,2021-09-16 19:20:00,SRNE
8.045,8.0489,8.0418,8.045,5707,2021-09-16 19:21:00,SRNE
8.045,8.05,8.045,8.05,7405,2021-09-16 19:22:00,SRNE
8.05,8.055,8.05,8.055,600,2021-09-16 19:23:00,SRNE
8.05,8.055,8.05,8.0501,800,2021-09-16 19:24:00,SRNE
8.055,8.06,8.05,8.055,1100,2021-09-16 19:25:00,SRNE
8.06,8.06,8.0532,8.0532,300,2021-09-16 19:26:00,SRNE
8.055,8.055,8.055,8.055,100,2021-09-16 19:27:00,SRNE
8.06,8.06,8.05,8.05,1390,2021-09-16 19:28:00,SRNE
8.05,8.055,8.04,8.05,10428,2021-09-16 19:29:00,SRNE
8.055,8.055,8.05,8.055,3350,2021-09-16 19:30:00,SRNE
8.0576,8.07,8.05,8.07,16150,2021-09-16 19:31:00,SRNE
8.07,8.08,8.0621,8.07,7571,2021-09-16 19:32:00,SRNE
8.075,8.0785,8.06,8.06,24608,2021-09-16 19:33:00,SRNE
8.0682,8.0682,8.06,8.0601,1539,2021-09-16 19:34:00,SRNE
8.06,8.06,8.05,8.0599,14233,2021-09-16 19:35:00,SRNE
8.0594,8.0599,8.04,8.0401,9988,2021-09-16 19:36:00,SRNE
8.04,8.05,8.04,8.045,1509,2021-09-16 19:37:00,SRNE
8.045,8.045,8.03,8.03,12401,2021-09-16 19:38:00,SRNE
8.035,8.035,8.02,8.03,20128,2021-09-16 19:39:00,SRNE
8.0374,8.04,8.03,8.04,14888,2021-09-16 19:40:00,SRNE
8.04,8.05,8.0301,8.05,2763,2021-09-16 19:41:00,SRNE
8.05,8.05,8.04,8.045,1210,2021-09-16 19:42:00,SRNE
8.045,8.055,8.04,8.05,10994,2021-09-16 19:43:00,SRNE
8.05,8.06,8.05,8.05,6411,2021-09-16 19:44:00,SRNE
8.06,8.06,8.0501,8.055,990,2021-09-16 19:45:00,SRNE
8.06,8.07,8.06,8.065,5129,2021-09-16 19:46:00,SRNE
8.061,8.061,8.052,8.055,7473,2021-09-16 19:47:00,SRNE
8.0501,8.06,8.05,8.0501,2662,2021-09-16 19:48:00,SRNE
8.0523,8.06,8.0504,8.055,5279,2021-09-16 19:49:00,SRNE
8.06,8.08,8.06,8.08,17946,2021-09-16 19:50:00,SRNE
8.08,8.08,8.065,8.0716,34758,2021-09-16 19:51:00,SRNE
8.08,8.08,8.0716,8.075,4844,2021-09-16 19:52:00,SRNE
8.075,8.075,8.07,8.075,6898,2021-09-16 19:53:00,SRNE
8.08,8.08,8.07,8.07,5559,2021-09-16 19:54:00,SRNE
8.08,8.08,8.06,8.07,18021,2021-09-16 19:55:00,SRNE
8.06,8.07,8.06,8.07,5999,2021-09-16 19:56:00,SRNE
8.07,8.07,8.06,8.07,12650,2021-09-16 19:57:00,SRNE
8.065,8.07,8.06,8.06,26006,2021-09-16 19:58:00,SRNE
8.07,8.08,8.06,8.08,80715,2021-09-16 19:59:00,SRNE
8.08,8.08,8.08,8.08,208419,2021-09-16 20:00:00,SRNE
8.08,8.08,8.08,8.08,1516,2021-09-16 20:01:00,SRNE
8.08,8.08,8.08,8.08,300,2021-09-16 20:06:00,SRNE
8.04,8.04,8.04,8.04,456,2021-09-16 20:32:00,SRNE
8.04,8.04,8.04,8.04,1000,2021-09-16 20:42:00,SRNE
8.06,8.06,8.04,8.04,1244,2021-09-16 20:52:00,SRNE
8.03,8.03,8.03,8.03,100,2021-09-16 20:54:00,SRNE
8.06,8.06,8.06,8.06,1000,2021-09-16 20:55:00,SRNE
8.03,8.03,8.03,8.03,100,2021-09-16 20:57:00,SRNE
8.03,8.03,8.03,8.03,1000,2021-09-16 20:58:00,SRNE
8.03,8.03,8.03,8.03,596,2021-09-16 21:03:00,SRNE
8.01,8.01,8.01,8.01,2019,2021-09-16 21:04:00,SRNE
8.03,8.03,8.02,8.02,1100,2021-09-16 21:06:00,SRNE
8.02,8.02,8.02,8.02,1000,2021-09-16 21:09:00,SRNE
8.01,8.01,8.01,8.01,1000,2021-09-16 21:14:00,SRNE
8.01,8.01,8.01,8.01,1000,2021-09-16 21:20:00,SRNE
8.03,8.03,8.0,8.01,3468,2021-09-16 22:48:00,SRNE
8.01,8.01,8.01,8.01,125,2021-09-16 22:53:00,SRNE
8.05,8.05,8.05,8.05,1000,2021-09-16 23:19:00,SRNE
8.03,8.05,8.03,8.05,600,2021-09-16 23:23:00,SRNE
8.03,8.03,8.03,8.03,2979,2021-09-16 23:49:00,SRNE
8.02,8.02,8.02,8.02,225,2021-09-16 23:57:00,SRNE
8.04,8.04,8.04,8.04,100,2021-09-17 12:05:00,SRNE
8.03,8.03,8.03,8.03,360,2021-09-17 12:13:00,SRNE
8.0301,8.0301,8.0301,8.0301,750,2021-09-17 12:22:00,SRNE
8.05,8.05,8.05,8.05,500,2021-09-17 12:24:00,SRNE
8.04,8.04,8.04,8.04,183,2021-09-17 12:29:00,SRNE
8.04,8.04,8.04,8.04,200,2021-09-17 12:36:00,SRNE
8.05,8.05,8.05,8.05,500,2021-09-17 12:51:00,SRNE
8.05,8.05,8.05,8.05,100,2021-09-17 12:52:00,SRNE
8.06,8.07,8.06,8.07,600,2021-09-17 12:56:00,SRNE
8.0701,8.0701,8.07,8.07,500,2021-09-17 12:59:00,SRNE
8.06,8.06,8.06,8.06,500,2021-09-17 13:01:00,SRNE
8.06,8.06,8.05,8.05,3300,2021-09-17 13:03:00,SRNE
8.07,8.07,8.07,8.07,300,2021-09-17 13:15:00,SRNE
8.04,8.04,8.04,8.04,500,2021-09-17 13:19:00,SRNE
8.06,8.06,8.0599,8.0599,600,2021-09-17 13:20:00,SRNE
8.01,8.03,8.01,8.02,872,2021-09-17 13:25:00,SRNE
8.06,8.06,8.06,8.06,100,2021-09-17 13:26:00,SRNE
8.06,8.09,8.04,8.09,11417,2021-09-17 13:27:00,SRNE
8.09,8.09,8.09,8.09,2000,2021-09-17 13:28:00,SRNE
8.09,8.1,8.09,8.1,1885,2021-09-17 13:29:00,SRNE
8.1,8.12,8.1,8.11,327449,2021-09-17 13:30:00,SRNE
8.13,8.15,8.11,8.1322,22639,2021-09-17 13:31:00,SRNE
8.13,8.14,8.1,8.11,12886,2021-09-17 13:32:00,SRNE
8.1,8.1,8.06,8.0699,7898,2021-09-17 13:33:00,SRNE
8.0626,8.07,8.05,8.058,4728,2021-09-17 13:34:00,SRNE
8.06,8.09,8.01,8.09,11189,2021-09-17 13:35:00,SRNE
8.08,8.08,8.051,8.08,4100,2021-09-17 13:36:00,SRNE
8.08,8.081,8.07,8.07,1600,2021-09-17 13:37:00,SRNE
8.06,8.075,8.0307,8.075,19386,2021-09-17 13:38:00,SRNE
8.07,8.081,8.07,8.07,13067,2021-09-17 13:39:00,SRNE
8.07,8.07,8.06,8.07,11754,2021-09-17 13:40:00,SRNE
8.07,8.07,8.04,8.04,13700,2021-09-17 13:41:00,SRNE
8.0301,8.0301,8.012,8.03,9024,2021-09-17 13:42:00,SRNE
8.04,8.0536,8.035,8.0399,10670,2021-09-17 13:43:00,SRNE
8.04,8.05,8.0399,8.049,33801,2021-09-17 13:44:00,SRNE
8.0446,8.0506,8.04,8.05,10721,2021-09-17 13:45:00,SRNE
8.0501,8.0501,8.0332,8.035,5000,2021-09-17 13:46:00,SRNE
8.035,8.04,8.035,8.04,530,2021-09-17 13:47:00,SRNE
8.035,8.08,8.035,8.055,40098,2021-09-17 13:48:00,SRNE
8.05,8.07,8.045,8.05,24025,2021-09-17 13:49:00,SRNE
8.05,8.069,8.045,8.06,6992,2021-09-17 13:50:00,SRNE
8.06,8.08,8.06,8.07,20215,2021-09-17 13:51:00,SRNE
8.07,8.08,8.06,8.0722,18344,2021-09-17 13:52:00,SRNE
8.07,8.07,8.0442,8.0442,5154,2021-09-17 13:53:00,SRNE
8.045,8.06,8.045,8.0501,4300,2021-09-17 13:54:00,SRNE
8.06,8.061,8.04,8.0601,8336,2021-09-17 13:55:00,SRNE
8.06,8.06,8.06,8.06,1601,2021-09-17 13:56:00,SRNE
8.06,8.06,8.02,8.02,9980,2021-09-17 13:57:00,SRNE
8.01,8.015,8.008,8.008,5890,2021-09-17 13:58:00,SRNE
8.0088,8.01,7.98,7.985,29391,2021-09-17 13:59:00,SRNE
7.9857,8.01,7.985,7.99,6014,2021-09-17 14:00:00,SRNE
7.99,8.02,7.99,8.0101,11877,2021-09-17 14:01:00,SRNE
8.01,8.05,8.01,8.05,6401,2021-09-17 14:02:00,SRNE
8.04,8.04,8.03,8.03,4517,2021-09-17 14:03:00,SRNE
8.03,8.03,8.02,8.02,1625,2021-09-17 14:04:00,SRNE
8.015,8.04,8.015,8.03,5521,2021-09-17 14:05:00,SRNE
8.03,8.04,8.03,8.04,4893,2021-09-17 14:06:00,SRNE
8.035,8.04,8.02,8.0302,19407,2021-09-17 14:07:00,SRNE
8.04,8.0474,8.04,8.04,4975,2021-09-17 14:08:00,SRNE
8.045,8.045,8.03,8.035,6718,2021-09-17 14:09:00,SRNE
8.03,8.04,8.025,8.04,10310,2021-09-17 14:10:00,SRNE
8.05,8.05,8.0403,8.0429,1620,2021-09-17 14:11:00,SRNE
8.045,8.045,8.03,8.03,2543,2021-09-17 14:12:00,SRNE
8.03,8.035,8.025,8.03,7000,2021-09-17 14:13:00,SRNE
8.0306,8.0308,8.03,8.0308,1450,2021-09-17 14:14:00,SRNE
8.03,8.03,8.02,8.02,15655,2021-09-17 14:15:00,SRNE
8.03,8.04,8.03,8.035,600,2021-09-17 14:16:00,SRNE
8.03,8.03,8.014,8.025,6720,2021-09-17 14:17:00,SRNE
8.03,8.03,8.0244,8.0244,900,2021-09-17 14:18:00,SRNE
8.03,8.04,8.03,8.0301,3010,2021-09-17 14:19:00,SRNE
8.0314,8.0399,8.03,8.035,1839,2021-09-17 14:20:00,SRNE
8.03,8.04,8.03,8.0381,2771,2021-09-17 14:21:00,SRNE
8.0301,8.0399,8.03,8.03,5700,2021-09-17 14:22:00,SRNE
8.0301,8.035,8.025,8.025,5100,2021-09-17 14:23:00,SRNE
8.02,8.025,8.02,8.025,400,2021-09-17 14:24:00,SRNE
8.0299,8.0299,8.025,8.025,200,2021-09-17 14:25:00,SRNE
8.025,8.026,8.0201,8.025,2706,2021-09-17 14:26:00,SRNE
8.025,8.0289,8.025,8.0289,6100,2021-09-17 14:27:00,SRNE
8.0201,8.04,8.0201,8.04,2900,2021-09-17 14:28:00,SRNE
8.0385,8.04,8.035,8.035,600,2021-09-17 14:29:00,SRNE
8.03,8.035,8.0,8.005,31774,2021-09-17 14:30:00,SRNE
8.0,8.005,7.9945,7.9945,1448,2021-09-17 14:31:00,SRNE
8.0,8.0,7.9811,7.9811,8533,2021-09-17 14:32:00,SRNE
7.99,7.995,7.99,7.995,609,2021-09-17 14:34:00,SRNE
7.99,8.01,7.99,8.01,4250,2021-09-17 14:35:00,SRNE
8.0,8.005,7.99,7.99,3300,2021-09-17 14:36:00,SRNE
7.99,7.99,7.98,7.98,3950,2021-09-17 14:37:00,SRNE
7.985,7.99,7.985,7.99,600,2021-09-17 14:38:00,SRNE
7.9801,7.99,7.9801,7.99,1800,2021-09-17 14:39:00,SRNE
7.98,8.0,7.98,7.99,6033,2021-09-17 14:40:00,SRNE
7.99,7.99,7.97,7.9726,26487,2021-09-17 14:41:00,SRNE
7.98,7.9905,7.98,7.9905,3653,2021-09-17 14:42:00,SRNE
7.99,7.99,7.981,7.9873,2350,2021-09-17 14:43:00,SRNE
7.99,7.99,7.985,7.99,2028,2021-09-17 14:44:00,SRNE
7.99,8.01,7.99,8.01,13032,2021-09-17 14:45:00,SRNE
8.01,8.01,8.002,8.01,3000,2021-09-17 14:46:00,SRNE
8.0,8.01,8.0,8.01,2745,2021-09-17 14:47:00,SRNE
8.0199,8.025,8.0199,8.025,13200,2021-09-17 14:48:00,SRNE
8.0259,8.0259,8.0259,8.0259,1000,2021-09-17 14:49:00,SRNE
8.025,8.025,8.02,8.02,1936,2021-09-17 14:50:00,SRNE
8.015,8.02,8.01,8.02,13570,2021-09-17 14:51:00,SRNE
8.015,8.015,8.005,8.005,4300,2021-09-17 14:52:00,SRNE
8.005,8.005,8.005,8.005,1300,2021-09-17 14:53:00,SRNE
8.01,8.01,8.0,8.0,2011,2021-09-17 14:54:00,SRNE
8.005,8.01,8.005,8.01,2300,2021-09-17 14:55:00,SRNE
8.015,8.015,8.015,8.015,100,2021-09-17 14:56:00,SRNE
8.02,8.02,8.012,8.012,1200,2021-09-17 14:57:00,SRNE
8.015,8.0199,8.015,8.015,604,2021-09-17 14:58:00,SRNE
8.0103,8.0103,8.0101,8.0101,635,2021-09-17 14:59:00,SRNE
8.0101,8.0101,8.005,8.005,4079,2021-09-17 15:00:00,SRNE
8.01,8.01,8.005,8.005,958,2021-09-17 15:01:00,SRNE
8.005,8.0099,8.0,8.0099,5886,2021-09-17 15:02:00,SRNE
8.002,8.002,8.002,8.002,385,2021-09-17 15:03:00,SRNE
8.005,8.01,8.0,8.005,1650,2021-09-17 15:04:00,SRNE
8.005,8.005,7.98,7.98,38695,2021-09-17 15:05:00,SRNE
7.9899,7.99,7.985,7.99,1600,2021-09-17 15:06:00,SRNE
7.99,7.99,7.99,7.99,2798,2021-09-17 15:07:00,SRNE
8.0,8.0,7.995,7.995,11350,2021-09-17 15:08:00,SRNE
8.0,8.0,7.99,7.99,1729,2021-09-17 15:09:00,SRNE
7.99,7.99,7.9801,7.9873,6676,2021-09-17 15:10:00,SRNE
7.9869,7.9869,7.9869,7.9869,135,2021-09-17 15:11:00,SRNE
7.9801,7.985,7.98,7.98,18164,2021-09-17 15:12:00,SRNE
7.98,7.99,7.98,7.985,3800,2021-09-17 15:13:00,SRNE
7.99,8.0,7.99,7.9996,11669,2021-09-17 15:14:00,SRNE
8.0,8.01,8.0,8.01,11712,2021-09-17 15:15:00,SRNE
8.015,8.015,8.0103,8.0103,2400,2021-09-17 15:16:00,SRNE
8.02,8.02,8.02,8.02,100,2021-09-17 15:17:00,SRNE
8.0128,8.0128,8.0128,8.0128,300,2021-09-17 15:18:00,SRNE
8.02,8.03,8.02,8.03,8073,2021-09-17 15:19:00,SRNE
8.03,8.04,8.03,8.035,10498,2021-09-17 15:20:00,SRNE
8.04,8.05,8.035,8.035,14949,2021-09-17 15:21:00,SRNE
8.0319,8.0399,8.0315,8.0377,5800,2021-09-17 15:22:00,SRNE
8.035,8.035,8.035,8.035,100,2021-09-17 15:23:00,SRNE
8.0316,8.04,8.0316,8.04,2250,2021-09-17 15:24:00,SRNE
8.04,8.04,8.0327,8.04,1410,2021-09-17 15:25:00,SRNE
8.04,8.04,8.0309,8.04,2333,2021-09-17 15:26:00,SRNE
8.04,8.04,8.02,8.025,20370,2021-09-17 15:27:00,SRNE
8.02,8.03,8.02,8.03,4573,2021-09-17 15:28:00,SRNE
8.03,8.04,8.03,8.04,3747,2021-09-17 15:29:00,SRNE
8.04,8.045,8.035,8.04,10906,2021-09-17 15:30:00,SRNE
8.03,8.03,8.02,8.02,3880,2021-09-17 15:31:00,SRNE
8.0208,8.024,8.0208,8.024,5000,2021-09-17 15:32:00,SRNE
8.02,8.02,8.0126,8.0126,1655,2021-09-17 15:33:00,SRNE
8.02,8.02,8.02,8.02,300,2021-09-17 15:34:00,SRNE
8.018,8.018,8.005,8.0092,13309,2021-09-17 15:35:00,SRNE
8.01,8.01,8.0,8.0022,2140,2021-09-17 15:36:00,SRNE
8.01,8.02,8.005,8.0199,8714,2021-09-17 15:37:00,SRNE
8.015,8.03,8.015,8.03,5267,2021-09-17 15:38:00,SRNE
8.03,8.03,8.02,8.025,500,2021-09-17 15:39:00,SRNE
8.0286,8.03,8.02,8.03,1365,2021-09-17 15:40:00,SRNE
8.0281,8.0281,8.0281,8.0281,100,2021-09-17 15:41:00,SRNE
8.03,8.03,8.03,8.03,400,2021-09-17 15:42:00,SRNE
8.03,8.04,8.03,8.0363,5200,2021-09-17 15:43:00,SRNE
8.04,8.05,8.0389,8.045,3481,2021-09-17 15:44:00,SRNE
8.05,8.05,8.04,8.045,5600,2021-09-17 15:45:00,SRNE
8.05,8.05,8.03,8.04,7854,2021-09-17 15:46:00,SRNE
8.0399,8.04,8.03,8.03,1600,2021-09-17 15:47:00,SRNE
8.035,8.035,8.035,8.035,100,2021-09-17 15:48:00,SRNE
8.04,8.04,8.04,8.04,100,2021-09-17 15:49:00,SRNE
8.04,8.045,8.03,8.03,16492,2021-09-17 15:50:00,SRNE
8.029,8.03,8.005,8.005,12795,2021-09-17 15:51:00,SRNE
8.0099,8.03,8.005,8.03,25310,2021-09-17 15:52:00,SRNE
8.03,8.03,8.0203,8.03,5823,2021-09-17 15:53:00,SRNE
8.0286,8.029,8.0286,8.029,700,2021-09-17 15:54:00,SRNE
8.0222,8.04,8.02,8.04,6755,2021-09-17 15:55:00,SRNE
8.04,8.0486,8.04,8.0401,9901,2021-09-17 15:57:00,SRNE
8.045,8.05,8.04,8.045,6300,2021-09-17 15:58:00,SRNE
8.04,8.04,8.04,8.04,4396,2021-09-17 15:59:00,SRNE
8.04,8.045,8.04,8.045,1000,2021-09-17 16:00:00,SRNE
8.0429,8.045,8.0411,8.0411,2150,2021-09-17 16:02:00,SRNE
8.045,8.045,8.04,8.04,400,2021-09-17 16:03:00,SRNE
8.04,8.04,8.04,8.04,250,2021-09-17 16:04:00,SRNE
8.0499,8.0499,8.0499,8.0499,107,2021-09-17 16:05:00,SRNE
8.05,8.05,8.05,8.05,411,2021-09-17 16:06:00,SRNE
8.045,8.045,8.04,8.0436,1620,2021-09-17 16:07:00,SRNE
8.04,8.05,8.04,8.04,600,2021-09-17 16:08:00,SRNE
8.04,8.05,8.04,8.05,2983,2021-09-17 16:09:00,SRNE
8.05,8.06,8.05,8.06,12753,2021-09-17 16:10:00,SRNE
8.06,8.06,8.0529,8.06,2500,2021-09-17 16:11:00,SRNE
8.06,8.065,8.05,8.06,15133,2021-09-17 16:12:00,SRNE
8.06,8.065,8.05,8.05,12443,2021-09-17 16:13:00,SRNE
8.06,8.06,8.06,8.06,100,2021-09-17 16:14:00,SRNE
8.055,8.06,8.0513,8.0513,3438,2021-09-17 16:15:00,SRNE
8.06,8.0625,8.06,8.06,9540,2021-09-17 16:16:00,SRNE
8.06,8.06,8.06,8.06,1650,2021-09-17 16:17:00,SRNE
8.07,8.07,8.06,8.0699,13583,2021-09-17 16:19:00,SRNE
8.065,8.065,8.06,8.06,3100,2021-09-17 16:20:00,SRNE
8.0629,8.0629,8.0629,8.0629,200,2021-09-17 16:21:00,SRNE
8.0681,8.07,8.0681,8.07,1200,2021-09-17 16:22:00,SRNE
8.0681,8.08,8.065,8.08,13172,2021-09-17 16:23:00,SRNE
8.08,8.08,8.07,8.075,2600,2021-09-17 16:24:00,SRNE
8.075,8.075,8.07,8.07,8400,2021-09-17 16:25:00,SRNE
8.075,8.075,8.0627,8.0627,7900,2021-09-17 16:26:00,SRNE
8.07,8.07,8.07,8.07,800,2021-09-17 16:27:00,SRNE
8.065,8.07,8.06,8.07,7894,2021-09-17 16:28:00,SRNE
8.08,8.08,8.07,8.08,9500,2021-09-17 16:29:00,SRNE
8.0711,8.08,8.0711,8.075,6100,2021-09-17 16:30:00,SRNE
8.075,8.08,8.075,8.08,600,2021-09-17 16:31:00,SRNE
8.08,8.08,8.0708,8.079,11957,2021-09-17 16:32:00,SRNE
8.075,8.08,8.075,8.08,1800,2021-09-17 16:33:00,SRNE
8.08,8.0819,8.075,8.0819,3674,2021-09-17 16:34:00,SRNE
8.085,8.095,8.0827,8.09,18635,2021-09-17 16:35:00,SRNE
8.09,8.0901,8.09,8.0901,842,2021-09-17 16:36:00,SRNE
8.0982,8.105,8.09,8.0999,18693,2021-09-17 16:37:00,SRNE
8.09,8.1,8.09,8.1,7515,2021-09-17 16:38:00,SRNE
8.1001,8.1001,8.0901,8.1,10250,2021-09-17 16:39:00,SRNE
8.1,8.105,8.0934,8.1,7097,2021-09-17 16:40:00,SRNE
8.1,8.1,8.095,8.095,860,2021-09-17 16:41:00,SRNE
8.095,8.095,8.0901,8.0903,7300,2021-09-17 16:42:00,SRNE
8.0999,8.1,8.08,8.0826,5529,2021-09-17 16:43:00,SRNE
8.09,8.095,8.0801,8.095,3650,2021-09-17 16:44:00,SRNE
8.1,8.1,8.0901,8.095,1859,2021-09-17 16:45:00,SRNE
8.0901,8.0932,8.0901,8.0932,1171,2021-09-17 16:46:00,SRNE
8.1,8.1,8.0901,8.0901,700,2021-09-17 16:47:00,SRNE
8.095,8.1,8.0901,8.1,847,2021-09-17 16:48:00,SRNE
8.1,8.11,8.1,8.11,9931,2021-09-17 16:49:00,SRNE
8.11,8.115,8.105,8.105,27027,2021-09-17 16:50:00,SRNE
8.11,8.11,8.1,8.11,500,2021-09-17 16:51:00,SRNE
8.1086,8.1102,8.1086,8.1102,5030,2021-09-17 16:52:00,SRNE
8.115,8.12,8.11,8.12,2645,2021-09-17 16:53:00,SRNE
8.12,8.12,8.1142,8.12,15938,2021-09-17 16:54:00,SRNE
8.12,8.12,8.115,8.12,450,2021-09-17 16:55:00,SRNE
8.115,8.12,8.11,8.11,500,2021-09-17 16:56:00,SRNE
8.115,8.12,8.115,8.12,1200,2021-09-17 16:57:00,SRNE
8.12,8.12,8.11,8.12,6665,2021-09-17 16:58:00,SRNE
8.115,8.12,8.11,8.12,1500,2021-09-17 16:59:00,SRNE
8.12,8.14,8.12,8.14,19260,2021-09-17 17:00:00,SRNE
8.14,8.15,8.1371,8.1371,20532,2021-09-17 17:01:00,SRNE
8.135,8.15,8.13,8.1401,9618,2021-09-17 17:02:00,SRNE
8.14,8.145,8.14,8.145,6650,2021-09-17 17:03:00,SRNE
8.145,8.16,8.145,8.16,38510,2021-09-17 17:04:00,SRNE
8.16,8.16,8.15,8.1522,12173,2021-09-17 17:05:00,SRNE
8.1545,8.17,8.1545,8.165,6070,2021-09-17 17:06:00,SRNE
8.17,8.17,8.14,8.16,17913,2021-09-17 17:07:00,SRNE
8.1601,8.17,8.1601,8.17,4137,2021-09-17 17:08:00,SRNE
8.18,8.19,8.18,8.19,2815,2021-09-17 17:09:00,SRNE
8.19,8.1999,8.19,8.19,8182,2021-09-17 17:10:00,SRNE
8.1869,8.1973,8.185,8.1973,2055,2021-09-17 17:11:00,SRNE
8.1984,8.2,8.19,8.2,7696,2021-09-17 17:12:00,SRNE
8.195,8.21,8.195,8.21,64232,2021-09-17 17:13:00,SRNE
8.21,8.2179,8.2086,8.2101,19245,2021-09-17 17:14:00,SRNE
8.2101,8.22,8.2,8.2,11813,2021-09-17 17:15:00,SRNE
8.2,8.2077,8.2,8.205,2463,2021-09-17 17:16:00,SRNE
8.205,8.21,8.195,8.21,6550,2021-09-17 17:17:00,SRNE
8.21,8.2199,8.21,8.2117,17478,2021-09-17 17:18:00,SRNE
8.2105,8.215,8.2105,8.2123,1308,2021-09-17 17:19:00,SRNE
8.215,8.215,8.2013,8.215,13213,2021-09-17 17:20:00,SRNE
8.2175,8.2175,8.211,8.215,3100,2021-09-17 17:21:00,SRNE
8.22,8.23,8.215,8.2281,25549,2021-09-17 17:22:00,SRNE
8.2219,8.23,8.2026,8.2199,24530,2021-09-17 17:23:00,SRNE
8.22,8.225,8.21,8.225,9004,2021-09-17 17:24:00,SRNE
8.2201,8.23,8.2201,8.23,12701,2021-09-17 17:25:00,SRNE
8.23,8.23,8.22,8.23,15822,2021-09-17 17:26:00,SRNE
8.2222,8.23,8.21,8.2114,8820,2021-09-17 17:27:00,SRNE
8.215,8.215,8.21,8.215,5639,2021-09-17 17:28:00,SRNE
8.215,8.215,8.19,8.21,21247,2021-09-17 17:29:00,SRNE
8.2002,8.205,8.19,8.2,4338,2021-09-17 17:30:00,SRNE
8.19,8.195,8.19,8.19,2842,2021-09-17 17:31:00,SRNE
8.18,8.18,8.17,8.175,10348,2021-09-17 17:32:00,SRNE
8.1752,8.19,8.1752,8.19,10859,2021-09-17 17:33:00,SRNE
8.19,8.195,8.18,8.185,5605,2021-09-17 17:34:00,SRNE
8.18,8.1802,8.17,8.178,5927,2021-09-17 17:35:00,SRNE
8.18,8.18,8.17,8.17,617,2021-09-17 17:36:00,SRNE
8.17,8.175,8.165,8.165,12700,2021-09-17 17:37:00,SRNE
8.161,8.161,8.16,8.16,1900,2021-09-17 17:38:00,SRNE
8.1601,8.1601,8.1601,8.1601,100,2021-09-17 17:39:00,SRNE
8.17,8.17,8.1627,8.1627,1550,2021-09-17 17:40:00,SRNE
8.17,8.17,8.16,8.165,670,2021-09-17 17:41:00,SRNE
8.165,8.165,8.15,8.155,12843,2021-09-17 17:42:00,SRNE
8.15,8.16,8.15,8.16,773,2021-09-17 17:43:00,SRNE
8.16,8.18,8.16,8.18,6615,2021-09-17 17:44:00,SRNE
8.18,8.18,8.175,8.1775,13000,2021-09-17 17:45:00,SRNE
8.1769,8.18,8.175,8.175,4464,2021-09-17 17:46:00,SRNE
8.18,8.18,8.15,8.1501,4535,2021-09-17 17:47:00,SRNE
8.15,8.155,8.145,8.15,7710,2021-09-17 17:48:00,SRNE
8.15,8.15,8.15,8.15,200,2021-09-17 17:49:00,SRNE
8.151,8.155,8.151,8.155,200,2021-09-17 17:50:00,SRNE
8.155,8.155,8.15,8.15,4805,2021-09-17 17:51:00,SRNE
8.1424,8.15,8.14,8.145,7883,2021-09-17 17:52:00,SRNE
8.14,8.15,8.135,8.15,4233,2021-09-17 17:53:00,SRNE
8.15,8.155,8.145,8.155,1438,2021-09-17 17:54:00,SRNE
8.1511,8.16,8.15,8.15,7952,2021-09-17 17:55:00,SRNE
8.15,8.16,8.15,8.1599,2235,2021-09-17 17:56:00,SRNE
8.155,8.16,8.1501,8.155,900,2021-09-17 17:57:00,SRNE
8.16,8.16,8.16,8.16,1800,2021-09-17 17:58:00,SRNE
8.16,8.17,8.16,8.17,1300,2021-09-17 17:59:00,SRNE
8.17,8.17,8.17,8.17,100,2021-09-17 18:00:00,SRNE
8.17,8.17,8.165,8.165,535,2021-09-17 18:01:00,SRNE
8.16,8.17,8.16,8.17,1104,2021-09-17 18:02:00,SRNE
8.17,8.18,8.17,8.18,2450,2021-09-17 18:03:00,SRNE
8.18,8.18,8.17,8.175,1200,2021-09-17 18:04:00,SRNE
8.175,8.18,8.17,8.175,1860,2021-09-17 18:05:00,SRNE
8.1771,8.18,8.17,8.17,8798,2021-09-17 18:06:00,SRNE
8.17,8.18,8.17,8.17,755,2021-09-17 18:07:00,SRNE
8.18,8.18,8.175,8.175,1100,2021-09-17 18:08:00,SRNE
8.17,8.18,8.17,8.175,4011,2021-09-17 18:09:00,SRNE
8.18,8.185,8.18,8.185,8892,2021-09-17 18:10:00,SRNE
8.19,8.19,8.185,8.19,1921,2021-09-17 18:11:00,SRNE
8.19,8.19,8.1808,8.1808,350,2021-09-17 18:12:00,SRNE
8.19,8.19,8.18,8.185,10574,2021-09-17 18:13:00,SRNE
8.17,8.175,8.17,8.1722,4754,2021-09-17 18:14:00,SRNE
8.171,8.18,8.1632,8.1632,4396,2021-09-17 18:15:00,SRNE
8.17,8.18,8.165,8.18,2400,2021-09-17 18:16:00,SRNE
8.175,8.1787,8.175,8.1787,435,2021-09-17 18:17:00,SRNE
8.1729,8.19,8.1729,8.18,4154,2021-09-17 18:18:00,SRNE
8.18,8.18,8.18,8.18,800,2021-09-17 18:20:00,SRNE
8.185,8.185,8.1824,8.1824,700,2021-09-17 18:21:00,SRNE
8.19,8.195,8.17,8.17,32355,2021-09-17 18:22:00,SRNE
8.17,8.1726,8.17,8.1726,826,2021-09-17 18:23:00,SRNE
8.18,8.18,8.16,8.1682,3345,2021-09-17 18:24:00,SRNE
8.17,8.17,8.1623,8.1623,299,2021-09-17 18:25:00,SRNE
8.17,8.17,8.165,8.17,800,2021-09-17 18:26:00,SRNE
8.17,8.17,8.16,8.16,7654,2021-09-17 18:27:00,SRNE
8.16,8.16,8.16,8.16,500,2021-09-17 18:28:00,SRNE
8.16,8.165,8.15,8.15,1000,2021-09-17 18:29:00,SRNE
8.15,8.15,8.145,8.15,12463,2021-09-17 18:30:00,SRNE
8.155,8.157,8.155,8.157,250,2021-09-17 18:31:00,SRNE
8.155,8.16,8.15,8.155,2169,2021-09-17 18:32:00,SRNE
8.16,8.16,8.155,8.16,2058,2021-09-17 18:33:00,SRNE
8.16,8.16,8.153,8.16,1139,2021-09-17 18:34:00,SRNE
8.155,8.16,8.1519,8.16,2700,2021-09-17 18:35:00,SRNE
8.155,8.16,8.155,8.16,770,2021-09-17 18:36:00,SRNE
8.16,8.16,8.15,8.16,4104,2021-09-17 18:37:00,SRNE
8.16,8.16,8.16,8.16,1800,2021-09-17 18:38:00,SRNE
8.16,8.16,8.16,8.16,1000,2021-09-17 18:39:00,SRNE
8.1599,8.17,8.15,8.17,18245,2021-09-17 18:40:00,SRNE
8.17,8.17,8.16,8.17,6506,2021-09-17 18:41:00,SRNE
8.169,8.17,8.169,8.17,1647,2021-09-17 18:42:00,SRNE
8.17,8.18,8.165,8.18,9919,2021-09-17 18:43:00,SRNE
8.18,8.18,8.175,8.18,4303,2021-09-17 18:44:00,SRNE
8.18,8.18,8.1707,8.18,2607,2021-09-17 18:45:00,SRNE
8.18,8.18,8.175,8.18,2000,2021-09-17 18:46:00,SRNE
8.18,8.185,8.18,8.185,6177,2021-09-17 18:47:00,SRNE
8.18,8.185,8.175,8.18,7942,2021-09-17 18:48:00,SRNE
8.18,8.18,8.175,8.18,800,2021-09-17 18:49:00,SRNE
8.18,8.18,8.17,8.175,4000,2021-09-17 18:50:00,SRNE
8.18,8.18,8.16,8.165,7702,2021-09-17 18:51:00,SRNE
8.1601,8.17,8.16,8.17,3100,2021-09-17 18:52:00,SRNE
8.17,8.19,8.165,8.19,16406,2021-09-17 18:53:00,SRNE
8.19,8.19,8.171,8.18,5965,2021-09-17 18:54:00,SRNE
8.18,8.18,8.17,8.18,6458,2021-09-17 18:55:00,SRNE
8.18,8.185,8.18,8.185,2904,2021-09-17 18:56:00,SRNE
8.185,8.19,8.18,8.19,2338,2021-09-17 18:57:00,SRNE
8.19,8.19,8.18,8.1816,2933,2021-09-17 18:58:00,SRNE
8.18,8.19,8.18,8.18,5150,2021-09-17 18:59:00,SRNE
8.18,8.19,8.18,8.18,15494,2021-09-17 19:00:00,SRNE
8.19,8.2,8.19,8.195,10483,2021-09-17 19:01:00,SRNE
8.197,8.2,8.185,8.19,12613,2021-09-17 19:02:00,SRNE
8.181,8.181,8.17,8.175,15850,2021-09-17 19:03:00,SRNE
8.175,8.175,8.155,8.155,9082,2021-09-17 19:04:00,SRNE
8.15,8.15,8.13,8.135,23067,2021-09-17 19:05:00,SRNE
8.135,8.1386,8.115,8.1377,17619,2021-09-17 19:06:00,SRNE
8.1378,8.1378,8.11,8.12,7890,2021-09-17 19:07:00,SRNE
8.13,8.13,8.115,8.12,2800,2021-09-17 19:08:00,SRNE
8.1199,8.1199,8.1,8.11,8737,2021-09-17 19:09:00,SRNE
8.11,8.11,8.105,8.11,5022,2021-09-17 19:10:00,SRNE
8.12,8.12,8.1103,8.115,2179,2021-09-17 19:11:00,SRNE
8.1119,8.12,8.1,8.1,12750,2021-09-17 19:12:00,SRNE
8.1,8.11,8.09,8.11,5034,2021-09-17 19:13:00,SRNE
8.1018,8.11,8.1,8.105,3220,2021-09-17 19:14:00,SRNE
8.11,8.11,8.1,8.105,2780,2021-09-17 19:15:00,SRNE
8.11,8.11,8.1,8.11,4743,2021-09-17 19:16:00,SRNE
8.11,8.12,8.1,8.1,11225,2021-09-17 19:17:00,SRNE
8.11,8.11,8.1,8.11,7390,2021-09-17 19:18:00,SRNE
8.1,8.11,8.1,8.1,9328,2021-09-17 19:19:00,SRNE
8.11,8.12,8.1,8.11,11666,2021-09-17 19:20:00,SRNE
8.12,8.13,8.12,8.125,7079,2021-09-17 19:21:00,SRNE
8.125,8.13,8.12,8.12,2100,2021-09-17 19:22:00,SRNE
8.125,8.14,8.125,8.135,9560,2021-09-17 19:23:00,SRNE
8.135,8.15,8.135,8.15,6007,2021-09-17 19:24:00,SRNE
8.15,8.15,8.14,8.15,5128,2021-09-17 19:25:00,SRNE
8.15,8.16,8.14,8.155,10272,2021-09-17 19:26:00,SRNE
8.16,8.16,8.14,8.1424,11541,2021-09-17 19:27:00,SRNE
8.1401,8.15,8.14,8.15,5187,2021-09-17 19:28:00,SRNE
8.145,8.145,8.125,8.14,12758,2021-09-17 19:29:00,SRNE
8.135,8.14,8.13,8.135,4600,2021-09-17 19:30:00,SRNE
8.13,8.15,8.13,8.14,7093,2021-09-17 19:31:00,SRNE
8.1401,8.16,8.1401,8.155,9341,2021-09-17 19:32:00,SRNE
8.1526,8.17,8.15,8.161,21039,2021-09-17 19:33:00,SRNE
8.17,8.18,8.1621,8.17,17051,2021-09-17 19:34:00,SRNE
8.17,8.17,8.1601,8.1601,6119,2021-09-17 19:35:00,SRNE
8.17,8.18,8.17,8.175,4711,2021-09-17 19:36:00,SRNE
8.18,8.185,8.1701,8.185,12063,2021-09-17 19:37:00,SRNE
8.185,8.19,8.18,8.185,2966,2021-09-17 19:38:00,SRNE
8.18,8.19,8.18,8.185,4182,2021-09-17 19:39:00,SRNE
8.19,8.19,8.1819,8.19,12008,2021-09-17 19:40:00,SRNE
8.19,8.2,8.1801,8.2,11315,2021-09-17 19:41:00,SRNE
8.2,8.2,8.19,8.19,4474,2021-09-17 19:42:00,SRNE
8.195,8.2,8.19,8.19,21411,2021-09-17 19:43:00,SRNE
8.1916,8.2,8.19,8.2,16811,2021-09-17 19:44:00,SRNE
8.2,8.2,8.19,8.2,16601,2021-09-17 19:45:00,SRNE
8.19,8.21,8.19,8.21,40882,2021-09-17 19:46:00,SRNE
8.2,8.215,8.19,8.195,41090,2021-09-17 19:47:00,SRNE
8.195,8.2,8.19,8.2,16967,2021-09-17 19:48:00,SRNE
8.2,8.2,8.19,8.2,13967,2021-09-17 19:49:00,SRNE
8.19,8.19,8.14,8.185,62953,2021-09-17 19:50:00,SRNE
8.185,8.2,8.18,8.2,21230,2021-09-17 19:51:00,SRNE
8.199,8.2,8.1906,8.2,45844,2021-09-17 19:52:00,SRNE
8.2,8.2,8.18,8.2,53578,2021-09-17 19:53:00,SRNE
8.2,8.275,8.17,8.255,254228,2021-09-17 19:54:00,SRNE
8.26,8.26,8.24,8.25,42674,2021-09-17 19:55:00,SRNE
8.25,8.25,8.24,8.25,39417,2021-09-17 19:56:00,SRNE
8.24,8.25,8.24,8.25,34867,2021-09-17 19:57:00,SRNE
8.25,8.25,8.22,8.24,91733,2021-09-17 19:58:00,SRNE
8.24,8.26,8.23,8.23,209257,2021-09-17 19:59:00,SRNE
8.25,8.25,8.25,8.25,3082744,2021-09-17 20:00:00,SRNE
8.25,8.25,8.25,8.25,89571,2021-09-17 20:02:00,SRNE
8.25,8.25,8.2,8.25,131068,2021-09-17 20:03:00,SRNE
8.25,8.25,8.25,8.25,708,2021-09-17 20:04:00,SRNE
8.25,8.25,8.25,8.25,4481,2021-09-17 20:05:00,SRNE
8.24,8.24,8.24,8.24,500,2021-09-17 20:06:00,SRNE
8.25,8.25,8.25,8.25,1500,2021-09-17 20:07:00,SRNE
8.23,8.23,8.23,8.23,100,2021-09-17 20:08:00,SRNE
8.21,8.24,8.21,8.24,300,2021-09-17 20:09:00,SRNE
8.21,8.21,8.2,8.2,1700,2021-09-17 20:10:00,SRNE
8.13,8.13,8.12,8.12,967,2021-09-17 20:12:00,SRNE
8.22,8.22,8.22,8.22,125,2021-09-17 20:15:00,SRNE
8.22,8.22,8.22,8.22,120,2021-09-17 20:16:00,SRNE
8.22,8.22,8.22,8.22,300,2021-09-17 20:21:00,SRNE
8.2091,8.2091,8.2091,8.2091,200,2021-09-17 20:23:00,SRNE
8.17,8.17,8.17,8.17,300,2021-09-17 20:24:00,SRNE
8.19,8.2,8.18,8.2,436,2021-09-17 20:29:00,SRNE
8.21,8.21,8.21,8.21,100,2021-09-17 20:32:00,SRNE
8.2099,8.21,8.2099,8.21,300,2021-09-17 20:33:00,SRNE
8.2199,8.23,8.2199,8.23,800,2021-09-17 20:35:00,SRNE
8.23,8.23,8.23,8.23,500,2021-09-17 20:36:00,SRNE
8.23,8.23,8.23,8.23,900,2021-09-17 20:37:00,SRNE
8.22,8.22,8.22,8.22,267,2021-09-17 20:39:00,SRNE
8.2286,8.23,8.2286,8.23,350,2021-09-17 20:42:00,SRNE
8.2288,8.23,8.2288,8.23,540,2021-09-17 20:52:00,SRNE
8.24,8.24,8.24,8.24,500,2021-09-17 20:54:00,SRNE
8.2399,8.24,8.2399,8.24,200,2021-09-17 20:55:00,SRNE
8.24,8.24,8.24,8.24,125,2021-09-17 21:00:00,SRNE
8.24,8.24,8.24,8.24,100,2021-09-17 21:01:00,SRNE
8.24,8.24,8.24,8.24,500,2021-09-17 21:11:00,SRNE
8.24,8.24,8.24,8.24,100,2021-09-17 21:19:00,SRNE
8.23,8.24,8.23,8.24,378,2021-09-17 21:22:00,SRNE
8.24,8.24,8.24,8.24,373,2021-09-17 21:29:00,SRNE
8.23,8.23,8.23,8.23,100,2021-09-17 21:33:00,SRNE
8.24,8.24,8.24,8.24,100,2021-09-17 21:35:00,SRNE
8.23,8.23,8.23,8.23,1000,2021-09-17 21:45:00,SRNE
8.24,8.24,8.24,8.24,300,2021-09-17 21:52:00,SRNE
8.24,8.24,8.24,8.24,300,2021-09-17 21:53:00,SRNE
8.24,8.24,8.24,8.24,100,2021-09-17 21:54:00,SRNE
8.23,8.23,8.23,8.23,101,2021-09-17 21:55:00,SRNE
8.24,8.24,8.24,8.24,152,2021-09-17 22:03:00,SRNE
8.25,8.25,8.25,8.25,449,2021-09-17 22:08:00,SRNE
8.25,8.25,8.25,8.25,449,2021-09-17 22:09:00,SRNE
8.25,8.25,8.25,8.25,1000,2021-09-17 22:16:00,SRNE
8.24,8.24,8.24,8.24,196,2021-09-17 22:20:00,SRNE
8.25,8.25,8.25,8.25,170,2021-09-17 22:21:00,SRNE
8.25,8.25,8.25,8.25,700,2021-09-17 22:23:00,SRNE
8.24,8.24,8.24,8.24,304,2021-09-17 22:24:00,SRNE
8.2,8.2,8.2,8.2,1900,2021-09-17 22:30:00,SRNE
8.2,8.2,8.2,8.2,100,2021-09-17 22:38:00,SRNE
8.18,8.18,8.17,8.17,250,2021-09-17 22:41:00,SRNE
8.17,8.17,8.17,8.17,150,2021-09-17 22:44:00,SRNE
8.17,8.17,8.17,8.17,460,2021-09-17 22:45:00,SRNE
8.19,8.19,8.19,8.19,200,2021-09-17 22:53:00,SRNE
8.2,8.2,8.19,8.19,410,2021-09-17 22:58:00,SRNE
8.2,8.2,8.2,8.2,202,2021-09-17 23:26:00,SRNE
8.2,8.2,8.2,8.2,1456,2021-09-17 23:27:00,SRNE
8.18,8.18,8.18,8.18,1000,2021-09-17 23:31:00,SRNE
8.17,8.17,8.17,8.17,200,2021-09-17 23:37:00,SRNE
8.17,8.17,8.17,8.17,490,2021-09-17 23:47:00,SRNE
8.17,8.17,8.17,8.17,500,2021-09-17 23:49:00,SRNE
8.37,8.49,8.37,8.49,321,2021-09-20 08:00:00,SRNE
8.49,8.49,8.49,8.49,1389,2021-09-20 08:01:00,SRNE
8.48,8.48,8.48,8.48,659,2021-09-20 08:02:00,SRNE
8.48,8.49,8.48,8.49,388,2021-09-20 08:03:00,SRNE
8.5,8.5,8.5,8.5,500,2021-09-20 08:04:00,SRNE
8.5,8.5,8.5,8.5,100,2021-09-20 08:05:00,SRNE
8.49,8.49,8.49,8.49,600,2021-09-20 08:06:00,SRNE
8.57,8.57,8.57,8.57,100,2021-09-20 08:08:00,SRNE
8.57,8.58,8.57,8.57,1756,2021-09-20 08:09:00,SRNE
8.58,8.6,8.58,8.59,3049,2021-09-20 08:10:00,SRNE
8.59,8.59,8.57,8.57,325,2021-09-20 08:11:00,SRNE
8.57,8.57,8.56,8.57,333,2021-09-20 08:16:00,SRNE
8.56,8.56,8.56,8.56,100,2021-09-20 08:17:00,SRNE
8.55,8.55,8.55,8.55,100,2021-09-20 08:18:00,SRNE
8.46,8.46,8.46,8.46,200,2021-09-20 08:21:00,SRNE
8.46,8.46,8.46,8.46,250,2021-09-20 08:25:00,SRNE
8.46,8.46,8.46,8.46,400,2021-09-20 08:27:00,SRNE
8.39,8.39,8.38,8.38,200,2021-09-20 08:46:00,SRNE
8.37,8.37,8.3,8.3,700,2021-09-20 08:47:00,SRNE
8.3,8.3,8.3,8.3,1305,2021-09-20 08:48:00,SRNE
8.3,8.31,8.3,8.31,1278,2021-09-20 08:52:00,SRNE
8.35,8.35,8.35,8.35,350,2021-09-20 09:02:00,SRNE
8.34,8.35,8.34,8.35,200,2021-09-20 09:11:00,SRNE
8.34,8.34,8.34,8.34,120,2021-09-20 09:22:00,SRNE
8.34,8.34,8.34,8.34,100,2021-09-20 09:27:00,SRNE
8.35,8.35,8.35,8.35,272,2021-09-20 09:30:00,SRNE
8.54,8.54,8.54,8.54,420,2021-09-20 09:57:00,SRNE
8.54,8.55,8.54,8.55,2031,2021-09-20 09:59:00,SRNE
8.59,8.59,8.59,8.59,2606,2021-09-20 10:08:00,SRNE
8.59,8.59,8.59,8.59,100,2021-09-20 10:09:00,SRNE
8.59,8.59,8.59,8.59,135,2021-09-20 10:19:00,SRNE
8.59,8.59,8.59,8.59,135,2021-09-20 10:20:00,SRNE
8.58,8.58,8.58,8.58,103,2021-09-20 10:41:00,SRNE
8.57,8.58,8.57,8.58,850,2021-09-20 10:48:00,SRNE
8.5,8.55,8.49,8.49,1490,2021-09-20 11:00:00,SRNE
8.48,8.49,8.4,8.4,1121,2021-09-20 11:01:00,SRNE
8.49,8.5,8.49,8.5,3000,2021-09-20 11:02:00,SRNE
8.45,8.45,8.45,8.45,290,2021-09-20 11:06:00,SRNE
8.41,8.41,8.41,8.41,279,2021-09-20 11:07:00,SRNE
8.42,8.42,8.42,8.42,300,2021-09-20 11:08:00,SRNE
8.45,8.45,8.45,8.45,150,2021-09-20 11:10:00,SRNE
8.45,8.45,8.45,8.45,1000,2021-09-20 11:11:00,SRNE
8.42,8.42,8.42,8.42,1400,2021-09-20 11:12:00,SRNE
8.4,8.4,8.4,8.4,1000,2021-09-20 11:13:00,SRNE
8.35,8.35,8.35,8.35,100,2021-09-20 11:14:00,SRNE
8.38,8.38,8.38,8.38,100,2021-09-20 11:15:00,SRNE
8.39,8.39,8.39,8.39,125,2021-09-20 11:18:00,SRNE
8.38,8.38,8.37,8.37,1300,2021-09-20 11:19:00,SRNE
8.36,8.36,8.36,8.36,999,2021-09-20 11:21:00,SRNE
8.35,8.35,8.31,8.31,600,2021-09-20 11:23:00,SRNE
8.32,8.33,8.32,8.33,500,2021-09-20 11:25:00,SRNE
8.31,8.31,8.31,8.31,100,2021-09-20 11:26:00,SRNE
8.31,8.31,8.3,8.3,1600,2021-09-20 11:27:00,SRNE
8.29,8.29,8.29,8.29,300,2021-09-20 11:29:00,SRNE
8.29,8.29,8.29,8.29,600,2021-09-20 11:33:00,SRNE
8.28,8.28,8.28,8.28,100,2021-09-20 11:34:00,SRNE
8.28,8.28,8.28,8.28,300,2021-09-20 11:36:00,SRNE
8.27,8.27,8.26,8.26,900,2021-09-20 11:38:00,SRNE
8.25,8.25,8.25,8.25,100,2021-09-20 11:39:00,SRNE
8.27,8.27,8.25,8.25,275,2021-09-20 11:41:00,SRNE
8.26,8.26,8.26,8.26,700,2021-09-20 11:42:00,SRNE
8.27,8.27,8.26,8.26,733,2021-09-20 11:44:00,SRNE
8.25,8.25,8.25,8.25,233,2021-09-20 11:46:00,SRNE
8.25,8.25,8.23,8.23,1297,2021-09-20 11:47:00,SRNE
8.22,8.22,8.22,8.22,200,2021-09-20 11:50:00,SRNE
8.21,8.21,8.2,8.2,1900,2021-09-20 11:53:00,SRNE
8.2,8.2,8.2,8.2,3390,2021-09-20 11:54:00,SRNE
8.2,8.2,8.2,8.2,200,2021-09-20 12:00:00,SRNE
8.21,8.21,8.18,8.2,1175,2021-09-20 12:01:00,SRNE
8.19,8.19,8.17,8.17,3609,2021-09-20 12:05:00,SRNE
8.16,8.17,8.16,8.17,2484,2021-09-20 12:07:00,SRNE
8.17,8.17,8.16,8.16,3200,2021-09-20 12:08:00,SRNE
8.17,8.17,8.17,8.17,2100,2021-09-20 12:10:00,SRNE
8.17,8.17,8.16,8.16,700,2021-09-20 12:11:00,SRNE
8.16,8.17,8.16,8.17,300,2021-09-20 12:12:00,SRNE
8.17,8.17,8.17,8.17,100,2021-09-20 12:13:00,SRNE
8.16,8.16,8.16,8.16,200,2021-09-20 12:15:00,SRNE
8.17,8.17,8.17,8.17,1000,2021-09-20 12:17:00,SRNE
8.16,8.17,8.16,8.17,250,2021-09-20 12:21:00,SRNE
8.17,8.17,8.17,8.17,11380,2021-09-20 12:23:00,SRNE
8.2,8.2,8.2,8.2,500,2021-09-20 12:24:00,SRNE
8.17,8.17,8.16,8.16,1100,2021-09-20 12:25:00,SRNE
8.17,8.22,8.17,8.22,3785,2021-09-20 12:26:00,SRNE
8.2399,8.2399,8.2399,8.2399,1615,2021-09-20 12:27:00,SRNE
8.22,8.22,8.22,8.22,100,2021-09-20 12:28:00,SRNE
8.22,8.22,8.22,8.22,120,2021-09-20 12:29:00,SRNE
8.21,8.25,8.21,8.25,2200,2021-09-20 12:30:00,SRNE
8.2799,8.2799,8.2799,8.2799,3676,2021-09-20 12:31:00,SRNE
8.27,8.27,8.24,8.26,2864,2021-09-20 12:32:00,SRNE
8.2599,8.26,8.2599,8.26,200,2021-09-20 12:34:00,SRNE
8.2599,8.26,8.2599,8.26,1387,2021-09-20 12:35:00,SRNE
8.27,8.27,8.27,8.27,500,2021-09-20 12:36:00,SRNE
8.27,8.27,8.26,8.26,2432,2021-09-20 12:38:00,SRNE
8.22,8.23,8.22,8.23,680,2021-09-20 12:40:00,SRNE
8.22,8.22,8.22,8.22,682,2021-09-20 12:51:00,SRNE
8.23,8.23,8.23,8.23,308,2021-09-20 12:52:00,SRNE
8.22,8.23,8.22,8.23,398,2021-09-20 12:54:00,SRNE
8.24,8.24,8.24,8.24,706,2021-09-20 12:55:00,SRNE
8.24,8.24,8.24,8.24,1000,2021-09-20 12:57:00,SRNE
8.24,8.24,8.21,8.21,591,2021-09-20 12:58:00,SRNE
8.22,8.22,8.22,8.22,100,2021-09-20 13:01:00,SRNE
8.22,8.22,8.21,8.21,3951,2021-09-20 13:05:00,SRNE
8.18,8.18,8.18,8.18,2509,2021-09-20 13:07:00,SRNE
8.18,8.18,8.17,8.17,1356,2021-09-20 13:08:00,SRNE
8.18,8.18,8.16,8.16,2235,2021-09-20 13:10:00,SRNE
8.1699,8.17,8.1699,8.17,650,2021-09-20 13:11:00,SRNE
8.17,8.17,8.17,8.17,1825,2021-09-20 13:13:00,SRNE
8.17,8.17,8.17,8.17,700,2021-09-20 13:14:00,SRNE
8.16,8.16,8.16,8.16,1535,2021-09-20 13:16:00,SRNE
8.16,8.17,8.16,8.17,16200,2021-09-20 13:17:00,SRNE
8.16,8.16,8.15,8.15,9888,2021-09-20 13:18:00,SRNE
8.15,8.16,8.15,8.16,1100,2021-09-20 13:20:00,SRNE
8.15,8.15,8.15,8.15,641,2021-09-20 13:21:00,SRNE
8.15,8.15,8.15,8.15,100,2021-09-20 13:22:00,SRNE
8.15,8.15,8.15,8.15,400,2021-09-20 13:23:00,SRNE
8.16,8.16,8.16,8.16,100,2021-09-20 13:24:00,SRNE
8.17,8.17,8.17,8.17,2300,2021-09-20 13:25:00,SRNE
8.17,8.17,8.16,8.17,7625,2021-09-20 13:26:00,SRNE
8.17,8.17,8.06,8.06,18362,2021-09-20 13:27:00,SRNE
8.05,8.05,8.02,8.02,2000,2021-09-20 13:28:00,SRNE
8.05,8.15,8.05,8.105,171299,2021-09-20 13:30:00,SRNE
8.1,8.16,8.1,8.14,29775,2021-09-20 13:31:00,SRNE
8.14,8.14,8.09,8.09,37722,2021-09-20 13:32:00,SRNE
8.09,8.11,8.06,8.07,22141,2021-09-20 13:33:00,SRNE
8.07,8.07,8.02,8.02,52031,2021-09-20 13:34:00,SRNE
8.02,8.05,8.01,8.01,47351,2021-09-20 13:35:00,SRNE
8.02,8.06,8.01,8.055,27920,2021-09-20 13:36:00,SRNE
8.0513,8.0761,8.03,8.059,39612,2021-09-20 13:37:00,SRNE
8.05,8.05,8.025,8.03,33320,2021-09-20 13:38:00,SRNE
8.02,8.04,7.98,8.04,149576,2021-09-20 13:39:00,SRNE
8.035,8.04,7.983,8.03,54334,2021-09-20 13:40:00,SRNE
8.025,8.05,8.0075,8.04,10770,2021-09-20 13:41:00,SRNE
8.03,8.05,8.005,8.035,22284,2021-09-20 13:42:00,SRNE
8.0375,8.09,8.03,8.085,16542,2021-09-20 13:43:00,SRNE
8.0892,8.1,8.065,8.0691,33381,2021-09-20 13:44:00,SRNE
8.07,8.1,8.07,8.1,24111,2021-09-20 13:45:00,SRNE
8.09,8.14,8.085,8.12,30251,2021-09-20 13:46:00,SRNE
8.13,8.17,8.1295,8.165,26816,2021-09-20 13:47:00,SRNE
8.1624,8.17,8.1422,8.145,8079,2021-09-20 13:48:00,SRNE
8.14,8.175,8.14,8.159,38934,2021-09-20 13:49:00,SRNE
8.16,8.18,8.16,8.1675,11050,2021-09-20 13:50:00,SRNE
8.1676,8.17,8.14,8.1601,23140,2021-09-20 13:51:00,SRNE
8.17,8.18,8.16,8.18,9734,2021-09-20 13:52:00,SRNE
8.18,8.18,8.1654,8.1654,9361,2021-09-20 13:53:00,SRNE
8.17,8.18,8.1601,8.18,15849,2021-09-20 13:54:00,SRNE
8.1823,8.2,8.1813,8.1901,15538,2021-09-20 13:55:00,SRNE
8.2,8.2,8.18,8.2,36177,2021-09-20 13:56:00,SRNE
8.19,8.19,8.16,8.16,7500,2021-09-20 13:57:00,SRNE
8.1674,8.1801,8.1674,8.1801,6612,2021-09-20 13:58:00,SRNE
8.185,8.185,8.1721,8.1721,2289,2021-09-20 13:59:00,SRNE
8.17,8.1899,8.17,8.1701,8068,2021-09-20 14:00:00,SRNE
8.18,8.19,8.18,8.19,6490,2021-09-20 14:01:00,SRNE
8.2,8.2186,8.2,8.21,15273,2021-09-20 14:02:00,SRNE
8.205,8.2068,8.14,8.145,21558,2021-09-20 14:03:00,SRNE
8.14,8.1499,8.13,8.13,15867,2021-09-20 14:04:00,SRNE
8.1101,8.1101,8.07,8.085,26043,2021-09-20 14:05:00,SRNE
8.08,8.11,8.08,8.11,17037,2021-09-20 14:06:00,SRNE
8.11,8.13,8.11,8.11,6023,2021-09-20 14:07:00,SRNE
8.1,8.1,8.0711,8.0794,11450,2021-09-20 14:08:00,SRNE
8.0707,8.09,8.07,8.09,19370,2021-09-20 14:09:00,SRNE
8.09,8.095,8.075,8.08,13738,2021-09-20 14:10:00,SRNE
8.08,8.1,8.08,8.09,3450,2021-09-20 14:11:00,SRNE
8.092,8.1,8.092,8.1,4700,2021-09-20 14:12:00,SRNE
8.09,8.095,8.081,8.085,4817,2021-09-20 14:13:00,SRNE
8.085,8.1113,8.085,8.11,7688,2021-09-20 14:14:00,SRNE
8.1121,8.12,8.11,8.12,12028,2021-09-20 14:15:00,SRNE
8.12,8.135,8.12,8.13,6900,2021-09-20 14:16:00,SRNE
8.13,8.14,8.13,8.14,7538,2021-09-20 14:17:00,SRNE
8.13,8.13,8.13,8.13,170,2021-09-20 14:18:00,SRNE
8.13,8.13,8.095,8.1,11944,2021-09-20 14:19:00,SRNE
8.095,8.095,8.075,8.08,23262,2021-09-20 14:20:00,SRNE
8.0746,8.0915,8.065,8.09,33218,2021-09-20 14:21:00,SRNE
8.095,8.1,8.09,8.1,1288,2021-09-20 14:22:00,SRNE
8.11,8.12,8.11,8.12,1400,2021-09-20 14:23:00,SRNE
8.12,8.125,8.12,8.12,17263,2021-09-20 14:24:00,SRNE
8.115,8.1199,8.11,8.1111,3049,2021-09-20 14:25:00,SRNE
8.11,8.13,8.11,8.125,8191,2021-09-20 14:26:00,SRNE
8.13,8.14,8.11,8.12,26571,2021-09-20 14:27:00,SRNE
8.115,8.1371,8.115,8.1299,9684,2021-09-20 14:28:00,SRNE
8.12,8.128,8.11,8.12,5899,2021-09-20 14:29:00,SRNE
8.12,8.13,8.11,8.12,10221,2021-09-20 14:30:00,SRNE
8.12,8.12,8.11,8.115,7500,2021-09-20 14:31:00,SRNE
8.12,8.12,8.09,8.0906,21055,2021-09-20 14:32:00,SRNE
8.0987,8.11,8.095,8.095,3655,2021-09-20 14:33:00,SRNE
8.1,8.11,8.1,8.1099,1400,2021-09-20 14:34:00,SRNE
8.105,8.11,8.1,8.1001,4647,2021-09-20 14:35:00,SRNE
8.1001,8.11,8.1001,8.105,6134,2021-09-20 14:36:00,SRNE
8.105,8.12,8.105,8.12,5549,2021-09-20 14:37:00,SRNE
8.115,8.12,8.11,8.11,5243,2021-09-20 14:38:00,SRNE
8.1,8.1099,8.0969,8.0969,12883,2021-09-20 14:39:00,SRNE
8.0901,8.097,8.08,8.08,6136,2021-09-20 14:40:00,SRNE
8.0809,8.0809,8.06,8.075,19439,2021-09-20 14:41:00,SRNE
8.08,8.085,8.065,8.07,16848,2021-09-20 14:42:00,SRNE
8.07,8.11,8.07,8.103,9151,2021-09-20 14:43:00,SRNE
8.11,8.12,8.11,8.1114,6865,2021-09-20 14:44:00,SRNE
8.115,8.125,8.095,8.095,7150,2021-09-20 14:45:00,SRNE
8.0996,8.1,8.07,8.07,9218,2021-09-20 14:46:00,SRNE
8.0731,8.09,8.0731,8.09,3477,2021-09-20 14:47:00,SRNE
8.09,8.11,8.09,8.11,3145,2021-09-20 14:48:00,SRNE
8.12,8.12,8.1,8.1099,7737,2021-09-20 14:49:00,SRNE
8.11,8.1199,8.1,8.105,7203,2021-09-20 14:50:00,SRNE
8.11,8.12,8.11,8.11,9882,2021-09-20 14:51:00,SRNE
8.1199,8.125,8.105,8.1231,3643,2021-09-20 14:52:00,SRNE
8.13,8.1308,8.1212,8.1308,13427,2021-09-20 14:53:00,SRNE
8.13,8.14,8.13,8.14,16120,2021-09-20 14:54:00,SRNE
8.135,8.135,8.12,8.13,10580,2021-09-20 14:55:00,SRNE
8.13,8.14,8.125,8.125,1686,2021-09-20 14:56:00,SRNE
8.12,8.135,8.12,8.1322,8334,2021-09-20 14:57:00,SRNE
8.14,8.15,8.14,8.145,10162,2021-09-20 14:58:00,SRNE
8.14,8.14,8.13,8.135,4300,2021-09-20 14:59:00,SRNE
8.135,8.145,8.125,8.14,15455,2021-09-20 15:00:00,SRNE
8.145,8.15,8.145,8.15,1680,2021-09-20 15:01:00,SRNE
8.1425,8.145,8.1201,8.125,3143,2021-09-20 15:02:00,SRNE
8.12,8.125,8.115,8.12,2220,2021-09-20 15:03:00,SRNE
8.12,8.15,8.12,8.15,3600,2021-09-20 15:04:00,SRNE
8.15,8.175,8.15,8.175,8007,2021-09-20 15:05:00,SRNE
8.17,8.19,8.17,8.19,2546,2021-09-20 15:06:00,SRNE
8.185,8.2,8.185,8.192,10328,2021-09-20 15:07:00,SRNE
8.19,8.2,8.18,8.18,22699,2021-09-20 15:08:00,SRNE
8.1873,8.1899,8.1801,8.1899,2936,2021-09-20 15:09:00,SRNE
8.1899,8.2,8.1899,8.19,1203,2021-09-20 15:10:00,SRNE
8.195,8.2,8.19,8.1916,2667,2021-09-20 15:11:00,SRNE
8.19,8.195,8.1801,8.1808,6886,2021-09-20 15:12:00,SRNE
8.185,8.19,8.1801,8.185,16325,2021-09-20 15:13:00,SRNE
8.19,8.19,8.17,8.17,2087,2021-09-20 15:14:00,SRNE
8.17,8.175,8.14,8.155,18774,2021-09-20 15:15:00,SRNE
8.1581,8.16,8.15,8.15,1199,2021-09-20 15:16:00,SRNE
8.16,8.1684,8.16,8.161,1875,2021-09-20 15:17:00,SRNE
8.16,8.16,8.15,8.15,6096,2021-09-20 15:18:00,SRNE
8.1522,8.155,8.1522,8.155,1100,2021-09-20 15:19:00,SRNE
8.1509,8.1509,8.135,8.15,6894,2021-09-20 15:20:00,SRNE
8.15,8.155,8.135,8.135,900,2021-09-20 15:21:00,SRNE
8.13,8.14,8.13,8.14,2007,2021-09-20 15:22:00,SRNE
8.131,8.14,8.13,8.13,943,2021-09-20 15:23:00,SRNE
8.13,8.14,8.13,8.135,358,2021-09-20 15:24:00,SRNE
8.135,8.145,8.135,8.14,4589,2021-09-20 15:25:00,SRNE
8.135,8.14,8.135,8.14,200,2021-09-20 15:26:00,SRNE
8.135,8.145,8.135,8.14,8024,2021-09-20 15:27:00,SRNE
8.14,8.15,8.14,8.15,2955,2021-09-20 15:28:00,SRNE
8.145,8.15,8.1401,8.15,4302,2021-09-20 15:29:00,SRNE
8.14,8.145,8.125,8.125,2896,2021-09-20 15:30:00,SRNE
8.125,8.125,8.115,8.12,5326,2021-09-20 15:31:00,SRNE
8.12,8.12,8.11,8.12,4567,2021-09-20 15:32:00,SRNE
8.12,8.12,8.11,8.1199,1400,2021-09-20 15:33:00,SRNE
8.12,8.125,8.12,8.12,4900,2021-09-20 15:34:00,SRNE
8.125,8.13,8.12,8.13,2500,2021-09-20 15:35:00,SRNE
8.13,8.13,8.12,8.13,2485,2021-09-20 15:36:00,SRNE
8.12,8.13,8.12,8.1271,4052,2021-09-20 15:37:00,SRNE
8.13,8.13,8.12,8.13,28502,2021-09-20 15:38:00,SRNE
8.1201,8.13,8.12,8.1213,7300,2021-09-20 15:39:00,SRNE
8.13,8.13,8.13,8.13,700,2021-09-20 15:40:00,SRNE
8.131,8.14,8.13,8.135,11887,2021-09-20 15:41:00,SRNE
8.135,8.15,8.135,8.15,3925,2021-09-20 15:42:00,SRNE
8.15,8.15,8.1457,8.15,3227,2021-09-20 15:43:00,SRNE
8.15,8.15,8.14,8.1424,15755,2021-09-20 15:44:00,SRNE
8.1408,8.1489,8.14,8.1489,10845,2021-09-20 15:45:00,SRNE
8.145,8.15,8.14,8.14,6080,2021-09-20 15:46:00,SRNE
8.15,8.15,8.14,8.145,400,2021-09-20 15:47:00,SRNE
8.1467,8.15,8.14,8.145,9849,2021-09-20 15:48:00,SRNE
8.1499,8.15,8.14,8.14,3000,2021-09-20 15:49:00,SRNE
8.14,8.145,8.13,8.14,5948,2021-09-20 15:50:00,SRNE
8.13,8.14,8.13,8.1301,3268,2021-09-20 15:51:00,SRNE
8.13,8.135,8.12,8.12,4023,2021-09-20 15:52:00,SRNE
8.12,8.13,8.12,8.12,5400,2021-09-20 15:53:00,SRNE
8.11,8.12,8.11,8.115,2240,2021-09-20 15:54:00,SRNE
8.12,8.12,8.11,8.1101,6554,2021-09-20 15:55:00,SRNE
8.12,8.12,8.11,8.115,1900,2021-09-20 15:56:00,SRNE
8.11,8.12,8.1,8.12,17689,2021-09-20 15:57:00,SRNE
8.12,8.12,8.11,8.11,2150,2021-09-20 15:58:00,SRNE
8.115,8.12,8.11,8.1169,10819,2021-09-20 15:59:00,SRNE
8.12,8.12,8.1,8.1,5210,2021-09-20 16:00:00,SRNE
8.11,8.11,8.1,8.1,2400,2021-09-20 16:01:00,SRNE
8.11,8.11,8.1,8.1,1900,2021-09-20 16:02:00,SRNE
8.109,8.12,8.1,8.11,10946,2021-09-20 16:03:00,SRNE
8.115,8.12,8.11,8.11,12500,2021-09-20 16:04:00,SRNE
8.11,8.12,8.11,8.11,2500,2021-09-20 16:05:00,SRNE
8.11,8.115,8.11,8.11,4628,2021-09-20 16:06:00,SRNE
8.11,8.11,8.1,8.105,15594,2021-09-20 16:07:00,SRNE
8.1,8.105,8.095,8.095,10044,2021-09-20 16:08:00,SRNE
8.095,8.1,8.0919,8.095,5250,2021-09-20 16:09:00,SRNE
8.0937,8.095,8.08,8.085,7688,2021-09-20 16:10:00,SRNE
8.0801,8.09,8.0801,8.085,2634,2021-09-20 16:11:00,SRNE
8.09,8.1,8.0899,8.0924,3008,2021-09-20 16:12:00,SRNE
8.0925,8.095,8.085,8.0899,3047,2021-09-20 16:13:00,SRNE
8.085,8.09,8.085,8.09,255,2021-09-20 16:14:00,SRNE
8.09,8.09,8.0815,8.085,2397,2021-09-20 16:15:00,SRNE
8.085,8.085,8.06,8.07,13190,2021-09-20 16:16:00,SRNE
8.07,8.07,8.063,8.0685,5550,2021-09-20 16:17:00,SRNE
8.07,8.08,8.07,8.075,4350,2021-09-20 16:18:00,SRNE
8.075,8.08,8.07,8.08,2009,2021-09-20 16:19:00,SRNE
8.0701,8.08,8.06,8.065,5650,2021-09-20 16:20:00,SRNE
8.0601,8.07,8.0601,8.07,10200,2021-09-20 16:21:00,SRNE
8.06,8.065,8.06,8.065,400,2021-09-20 16:22:00,SRNE
8.0623,8.065,8.05,8.05,9607,2021-09-20 16:23:00,SRNE
8.06,8.06,8.05,8.057,2282,2021-09-20 16:24:00,SRNE
8.0529,8.08,8.0529,8.08,5847,2021-09-20 16:25:00,SRNE
8.075,8.08,8.075,8.075,757,2021-09-20 16:26:00,SRNE
8.0754,8.08,8.07,8.075,2130,2021-09-20 16:27:00,SRNE
8.075,8.075,8.07,8.07,2457,2021-09-20 16:28:00,SRNE
8.065,8.07,8.06,8.07,10801,2021-09-20 16:29:00,SRNE
8.065,8.065,8.065,8.065,200,2021-09-20 16:30:00,SRNE
8.07,8.075,8.0602,8.07,10800,2021-09-20 16:31:00,SRNE
8.08,8.08,8.07,8.08,5003,2021-09-20 16:32:00,SRNE
8.08,8.09,8.08,8.09,1608,2021-09-20 16:33:00,SRNE
8.09,8.09,8.09,8.09,100,2021-09-20 16:34:00,SRNE
8.09,8.09,8.083,8.09,1400,2021-09-20 16:35:00,SRNE
8.0824,8.085,8.075,8.075,4396,2021-09-20 16:36:00,SRNE
8.07,8.08,8.07,8.078,903,2021-09-20 16:37:00,SRNE
8.08,8.08,8.0701,8.08,3540,2021-09-20 16:38:00,SRNE
8.08,8.08,8.08,8.08,525,2021-09-20 16:39:00,SRNE
8.075,8.08,8.07,8.0714,4507,2021-09-20 16:40:00,SRNE
8.08,8.08,8.065,8.07,3619,2021-09-20 16:41:00,SRNE
8.07,8.07,8.065,8.065,844,2021-09-20 16:42:00,SRNE
8.0601,8.07,8.0601,8.07,7211,2021-09-20 16:43:00,SRNE
8.07,8.07,8.06,8.06,6100,2021-09-20 16:44:00,SRNE
8.05,8.06,8.04,8.045,6972,2021-09-20 16:45:00,SRNE
8.05,8.06,8.0479,8.06,4846,2021-09-20 16:46:00,SRNE
8.055,8.06,8.05,8.0521,2221,2021-09-20 16:47:00,SRNE
8.06,8.06,8.05,8.055,1527,2021-09-20 16:48:00,SRNE
8.06,8.06,8.06,8.06,600,2021-09-20 16:49:00,SRNE
8.06,8.07,8.055,8.07,25590,2021-09-20 16:50:00,SRNE
8.065,8.065,8.0615,8.065,2238,2021-09-20 16:51:00,SRNE
8.0632,8.065,8.055,8.055,3350,2021-09-20 16:52:00,SRNE
8.06,8.06,8.055,8.055,774,2021-09-20 16:53:00,SRNE
8.06,8.06,8.06,8.06,200,2021-09-20 16:54:00,SRNE
8.053,8.053,8.053,8.053,200,2021-09-20 16:55:00,SRNE
8.055,8.055,8.041,8.05,8119,2021-09-20 16:56:00,SRNE
8.05,8.05,8.0404,8.0425,594,2021-09-20 16:57:00,SRNE
8.045,8.05,8.04,8.04,5095,2021-09-20 16:58:00,SRNE
8.04,8.04,8.03,8.04,7758,2021-09-20 16:59:00,SRNE
8.0304,8.04,8.0304,8.04,3599,2021-09-20 17:00:00,SRNE
8.05,8.05,8.04,8.04,7895,2021-09-20 17:01:00,SRNE
8.034,8.04,8.03,8.035,2828,2021-09-20 17:02:00,SRNE
8.03,8.04,8.02,8.031,15665,2021-09-20 17:03:00,SRNE
8.025,8.04,8.02,8.025,12672,2021-09-20 17:04:00,SRNE
8.025,8.0299,8.01,8.0115,9204,2021-09-20 17:05:00,SRNE
8.0114,8.02,8.0,8.01,14605,2021-09-20 17:06:00,SRNE
8.01,8.01,8.0,8.005,2586,2021-09-20 17:07:00,SRNE
8.01,8.01,7.99,8.0099,52995,2021-09-20 17:08:00,SRNE
8.0001,8.01,8.0,8.01,35700,2021-09-20 17:09:00,SRNE
8.01,8.02,8.01,8.015,12506,2021-09-20 17:10:00,SRNE
8.015,8.02,8.01,8.01,13128,2021-09-20 17:11:00,SRNE
8.01,8.025,8.01,8.01,9931,2021-09-20 17:12:00,SRNE
8.01,8.0199,8.0,8.0024,5561,2021-09-20 17:13:00,SRNE
8.005,8.01,8.0,8.005,2956,2021-09-20 17:14:00,SRNE
8.0016,8.01,8.0016,8.01,1437,2021-09-20 17:15:00,SRNE
8.005,8.01,8.0,8.0,3500,2021-09-20 17:16:00,SRNE
8.0,8.015,8.0,8.015,7170,2021-09-20 17:17:00,SRNE
8.01,8.015,8.0,8.005,14112,2021-09-20 17:18:00,SRNE
8.01,8.03,8.01,8.02,8866,2021-09-20 17:19:00,SRNE
8.02,8.0299,7.99,7.9999,22504,2021-09-20 17:20:00,SRNE
7.99,8.01,7.99,8.0,6674,2021-09-20 17:21:00,SRNE
8.01,8.02,8.01,8.02,5616,2021-09-20 17:22:00,SRNE
8.02,8.02,8.005,8.02,11206,2021-09-20 17:23:00,SRNE
8.015,8.02,8.0101,8.015,3626,2021-09-20 17:24:00,SRNE
8.02,8.025,8.015,8.025,15115,2021-09-20 17:25:00,SRNE
8.0259,8.03,8.0201,8.0299,4672,2021-09-20 17:26:00,SRNE
8.0283,8.03,8.0272,8.03,700,2021-09-20 17:27:00,SRNE
8.025,8.03,8.022,8.03,4706,2021-09-20 17:28:00,SRNE
8.025,8.035,8.02,8.03,10434,2021-09-20 17:29:00,SRNE
8.025,8.025,8.025,8.025,100,2021-09-20 17:30:00,SRNE
8.03,8.03,8.025,8.0299,5449,2021-09-20 17:31:00,SRNE
8.029,8.03,8.025,8.03,1900,2021-09-20 17:32:00,SRNE
8.03,8.03,8.0222,8.0222,4735,2021-09-20 17:33:00,SRNE
8.03,8.03,8.0291,8.0291,1799,2021-09-20 17:34:00,SRNE
8.0299,8.03,8.0225,8.0225,1510,2021-09-20 17:35:00,SRNE
8.03,8.03,8.03,8.03,373,2021-09-20 17:36:00,SRNE
8.03,8.035,8.02,8.02,13428,2021-09-20 17:37:00,SRNE
8.015,8.03,8.015,8.03,5457,2021-09-20 17:38:00,SRNE
8.0222,8.03,8.0222,8.03,2004,2021-09-20 17:39:00,SRNE
8.04,8.045,8.035,8.0399,15336,2021-09-20 17:40:00,SRNE
8.04,8.04,8.0306,8.035,11208,2021-09-20 17:41:00,SRNE
8.035,8.04,8.035,8.04,2000,2021-09-20 17:42:00,SRNE
8.04,8.04,8.03,8.04,9919,2021-09-20 17:43:00,SRNE
8.03,8.035,8.015,8.015,11523,2021-09-20 17:44:00,SRNE
8.0174,8.02,8.01,8.01,17187,2021-09-20 17:45:00,SRNE
8.0153,8.0153,8.01,8.0151,6200,2021-09-20 17:46:00,SRNE
8.015,8.02,8.01,8.015,754,2021-09-20 17:47:00,SRNE
8.02,8.03,8.01,8.02,7165,2021-09-20 17:48:00,SRNE
8.02,8.03,8.02,8.03,1400,2021-09-20 17:49:00,SRNE
8.02,8.04,8.02,8.03,10543,2021-09-20 17:50:00,SRNE
8.03,8.035,8.02,8.029,10214,2021-09-20 17:51:00,SRNE
8.02,8.025,8.02,8.025,300,2021-09-20 17:52:00,SRNE
8.03,8.035,8.02,8.02,4513,2021-09-20 17:53:00,SRNE
8.025,8.025,8.02,8.025,900,2021-09-20 17:54:00,SRNE
8.0299,8.0299,8.0299,8.0299,1204,2021-09-20 17:55:00,SRNE
8.025,8.025,8.0153,8.02,8400,2021-09-20 17:56:00,SRNE
8.02,8.0299,8.02,8.02,8629,2021-09-20 17:57:00,SRNE
8.0109,8.02,8.0109,8.015,5427,2021-09-20 17:58:00,SRNE
8.015,8.02,8.01,8.01,2300,2021-09-20 17:59:00,SRNE
8.02,8.025,8.012,8.012,8085,2021-09-20 18:00:00,SRNE
8.015,8.02,8.0,8.0099,17470,2021-09-20 18:01:00,SRNE
8.01,8.015,8.0,8.005,16970,2021-09-20 18:02:00,SRNE
8.0,8.02,8.0,8.02,16900,2021-09-20 18:03:00,SRNE
8.0114,8.02,8.01,8.02,3372,2021-09-20 18:04:00,SRNE
8.01,8.0199,8.0,8.0,5664,2021-09-20 18:05:00,SRNE
8.005,8.01,8.0,8.005,10721,2021-09-20 18:06:00,SRNE
8.0,8.0,7.99,7.995,81953,2021-09-20 18:07:00,SRNE
7.9999,7.9999,7.98,7.985,20680,2021-09-20 18:08:00,SRNE
7.985,7.9876,7.985,7.985,1800,2021-09-20 18:09:00,SRNE
7.985,7.99,7.98,7.985,3808,2021-09-20 18:10:00,SRNE
7.98,7.99,7.98,7.985,2100,2021-09-20 18:11:00,SRNE
7.99,7.99,7.9801,7.99,2113,2021-09-20 18:12:00,SRNE
7.99,7.99,7.9899,7.99,1500,2021-09-20 18:13:00,SRNE
7.99,7.99,7.985,7.985,1500,2021-09-20 18:14:00,SRNE
7.98,7.99,7.97,7.975,17196,2021-09-20 18:15:00,SRNE
7.975,7.98,7.975,7.98,2000,2021-09-20 18:16:00,SRNE
7.98,7.995,7.9783,7.995,15607,2021-09-20 18:17:00,SRNE
7.99,8.0,7.99,8.0,5049,2021-09-20 18:18:00,SRNE
8.0,8.0,7.993,8.0,1000,2021-09-20 18:19:00,SRNE
7.99,7.995,7.9828,7.985,8735,2021-09-20 18:20:00,SRNE
7.985,7.985,7.97,7.97,14954,2021-09-20 18:21:00,SRNE
7.9798,7.98,7.975,7.975,425,2021-09-20 18:22:00,SRNE
7.9782,7.98,7.96,7.962,6662,2021-09-20 18:23:00,SRNE
7.965,7.9671,7.955,7.955,6506,2021-09-20 18:24:00,SRNE
7.96,7.96,7.95,7.95,38698,2021-09-20 18:25:00,SRNE
7.96,7.97,7.955,7.97,13745,2021-09-20 18:26:00,SRNE
7.965,7.9679,7.95,7.965,13160,2021-09-20 18:27:00,SRNE
7.965,7.97,7.9568,7.9569,2700,2021-09-20 18:28:00,SRNE
7.9511,7.96,7.9511,7.96,5700,2021-09-20 18:29:00,SRNE
7.9529,7.96,7.95,7.96,9305,2021-09-20 18:30:00,SRNE
7.955,7.97,7.955,7.97,2042,2021-09-20 18:31:00,SRNE
7.965,7.965,7.96,7.96,3800,2021-09-20 18:32:00,SRNE
7.96,7.96,7.955,7.9589,2225,2021-09-20 18:33:00,SRNE
7.955,7.96,7.955,7.9592,1251,2021-09-20 18:34:00,SRNE
7.96,7.96,7.94,7.94,17991,2021-09-20 18:35:00,SRNE
7.94,7.945,7.935,7.94,9620,2021-09-20 18:36:00,SRNE
7.9381,7.94,7.93,7.935,8250,2021-09-20 18:37:00,SRNE
7.9308,7.9369,7.91,7.91,13780,2021-09-20 18:38:00,SRNE
7.91,7.93,7.9,7.93,19454,2021-09-20 18:39:00,SRNE
7.92,7.95,7.92,7.94,4673,2021-09-20 18:40:00,SRNE
7.939,7.94,7.93,7.939,3600,2021-09-20 18:41:00,SRNE
7.94,7.95,7.94,7.95,5970,2021-09-20 18:42:00,SRNE
7.95,7.95,7.9431,7.9469,5173,2021-09-20 18:43:00,SRNE
7.945,7.945,7.92,7.94,33950,2021-09-20 18:44:00,SRNE
7.935,7.935,7.9283,7.93,3300,2021-09-20 18:45:00,SRNE
7.925,7.96,7.925,7.95,12269,2021-09-20 18:46:00,SRNE
7.95,7.955,7.95,7.955,2657,2021-09-20 18:47:00,SRNE
7.9533,7.96,7.9465,7.96,12600,2021-09-20 18:48:00,SRNE
7.9504,7.955,7.948,7.95,12463,2021-09-20 18:49:00,SRNE
7.95,7.96,7.95,7.955,2250,2021-09-20 18:50:00,SRNE
7.9536,7.965,7.9536,7.965,8600,2021-09-20 18:51:00,SRNE
7.965,7.965,7.96,7.965,3196,2021-09-20 18:52:00,SRNE
7.968,7.968,7.9599,7.965,8741,2021-09-20 18:53:00,SRNE
7.9693,7.9699,7.945,7.946,23931,2021-09-20 18:54:00,SRNE
7.945,7.95,7.9432,7.95,5858,2021-09-20 18:55:00,SRNE
7.95,7.96,7.95,7.955,4963,2021-09-20 18:56:00,SRNE
7.96,7.975,7.96,7.975,2633,2021-09-20 18:57:00,SRNE
7.98,7.99,7.98,7.9801,6838,2021-09-20 18:58:00,SRNE
7.985,7.9883,7.97,7.97,12474,2021-09-20 18:59:00,SRNE
7.965,7.98,7.965,7.98,3100,2021-09-20 19:00:00,SRNE
7.97,7.99,7.97,7.985,11127,2021-09-20 19:01:00,SRNE
7.9824,7.99,7.97,7.975,9855,2021-09-20 19:02:00,SRNE
7.975,7.99,7.9732,7.99,15703,2021-09-20 19:03:00,SRNE
7.99,8.0,7.99,8.0,16563,2021-09-20 19:04:00,SRNE
7.995,7.995,7.985,7.985,3191,2021-09-20 19:05:00,SRNE
7.985,7.985,7.96,7.96,8523,2021-09-20 19:06:00,SRNE
7.96,7.96,7.955,7.955,300,2021-09-20 19:07:00,SRNE
7.955,7.955,7.94,7.945,13111,2021-09-20 19:08:00,SRNE
7.95,7.95,7.945,7.945,2977,2021-09-20 19:09:00,SRNE
7.95,7.96,7.95,7.955,1714,2021-09-20 19:10:00,SRNE
7.955,7.955,7.935,7.935,1425,2021-09-20 19:11:00,SRNE
7.93,7.93,7.92,7.925,6419,2021-09-20 19:12:00,SRNE
7.93,7.93,7.9201,7.9201,4230,2021-09-20 19:13:00,SRNE
7.93,7.93,7.9101,7.9101,7116,2021-09-20 19:14:00,SRNE
7.915,7.92,7.905,7.91,11193,2021-09-20 19:15:00,SRNE
7.905,7.91,7.895,7.9096,48856,2021-09-20 19:16:00,SRNE
7.91,7.915,7.9,7.905,14720,2021-09-20 19:17:00,SRNE
7.9,7.905,7.89,7.89,6031,2021-09-20 19:18:00,SRNE
7.89,7.89,7.88,7.89,7884,2021-09-20 19:19:00,SRNE
7.889,7.91,7.885,7.905,4685,2021-09-20 19:20:00,SRNE
7.9046,7.91,7.9,7.905,6260,2021-09-20 19:21:00,SRNE
7.91,7.91,7.89,7.8918,13005,2021-09-20 19:22:00,SRNE
7.9,7.9,7.89,7.895,6422,2021-09-20 19:23:00,SRNE
7.9,7.91,7.895,7.9058,12176,2021-09-20 19:24:00,SRNE
7.909,7.91,7.9021,7.905,3337,2021-09-20 19:25:00,SRNE
7.91,7.92,7.9,7.9186,8661,2021-09-20 19:26:00,SRNE
7.919,7.93,7.915,7.93,4548,2021-09-20 19:27:00,SRNE
7.935,7.955,7.935,7.945,17917,2021-09-20 19:28:00,SRNE
7.95,7.96,7.95,7.95,7046,2021-09-20 19:29:00,SRNE
7.96,7.96,7.935,7.9367,10418,2021-09-20 19:30:00,SRNE
7.935,7.94,7.935,7.939,700,2021-09-20 19:31:00,SRNE
7.94,7.94,7.925,7.925,9154,2021-09-20 19:32:00,SRNE
7.92,7.94,7.92,7.935,3995,2021-09-20 19:33:00,SRNE
7.94,7.94,7.93,7.94,1633,2021-09-20 19:34:00,SRNE
7.9399,7.95,7.93,7.9473,8156,2021-09-20 19:35:00,SRNE
7.945,7.95,7.93,7.945,13210,2021-09-20 19:36:00,SRNE
7.945,7.965,7.945,7.96,14572,2021-09-20 19:37:00,SRNE
7.96,7.96,7.95,7.955,6139,2021-09-20 19:38:00,SRNE
7.957,7.957,7.935,7.935,12084,2021-09-20 19:39:00,SRNE
7.94,7.94,7.932,7.94,9805,2021-09-20 19:40:00,SRNE
7.94,7.95,7.935,7.945,4319,2021-09-20 19:41:00,SRNE
7.95,7.95,7.94,7.95,6887,2021-09-20 19:42:00,SRNE
7.95,7.955,7.95,7.955,9393,2021-09-20 19:43:00,SRNE
7.955,7.96,7.95,7.955,3616,2021-09-20 19:44:00,SRNE
7.96,7.96,7.945,7.95,13231,2021-09-20 19:45:00,SRNE
7.95,7.95,7.94,7.945,980,2021-09-20 19:46:00,SRNE
7.945,7.97,7.94,7.965,13289,2021-09-20 19:47:00,SRNE
7.965,7.97,7.9621,7.97,1400,2021-09-20 19:48:00,SRNE
7.965,7.97,7.96,7.9672,8749,2021-09-20 19:49:00,SRNE
7.97,8.0,7.97,7.979,50991,2021-09-20 19:50:00,SRNE
7.97,7.978,7.96,7.9697,18639,2021-09-20 19:51:00,SRNE
7.96,7.965,7.95,7.955,10304,2021-09-20 19:52:00,SRNE
7.96,7.96,7.95,7.955,11267,2021-09-20 19:53:00,SRNE
7.95,7.979,7.95,7.965,34075,2021-09-20 19:54:00,SRNE
7.965,7.97,7.96,7.97,7406,2021-09-20 19:55:00,SRNE
7.965,7.9773,7.96,7.975,16942,2021-09-20 19:56:00,SRNE
7.975,7.99,7.975,7.985,13927,2021-09-20 19:57:00,SRNE
7.98,7.985,7.97,7.975,37855,2021-09-20 19:58:00,SRNE
7.975,7.98,7.97,7.98,34598,2021-09-20 19:59:00,SRNE
7.97,7.97,7.97,7.97,377808,2021-09-20 20:00:00,SRNE
7.97,7.97,7.97,7.97,59625,2021-09-20 20:01:00,SRNE
7.97,7.97,7.97,7.97,3343,2021-09-20 20:02:00,SRNE
7.99,7.99,7.99,7.99,130,2021-09-20 20:06:00,SRNE
8.0,8.01,8.0,8.01,600,2021-09-20 20:08:00,SRNE
8.02,8.0599,8.02,8.0599,9325,2021-09-20 20:09:00,SRNE
8.05,8.06,8.05,8.05,833,2021-09-20 20:11:00,SRNE
8.05,8.05,8.05,8.05,300,2021-09-20 20:12:00,SRNE
8.05,8.06,8.05,8.06,350,2021-09-20 20:13:00,SRNE
8.05,8.05,8.05,8.05,1100,2021-09-20 20:14:00,SRNE
8.06,8.06,7.95,7.95,1800,2021-09-20 20:16:00,SRNE
8.05,8.05,8.05,8.05,500,2021-09-20 20:23:00,SRNE
8.06,8.06,8.06,8.06,1000,2021-09-20 20:27:00,SRNE
7.9731,7.9731,7.9731,7.9731,100,2021-09-20 20:36:00,SRNE
7.9801,7.9801,7.9801,7.9801,1000,2021-09-20 20:44:00,SRNE
8.0,8.0,8.0,8.0,764,2021-09-20 21:04:00,SRNE
8.0,8.0,8.0,8.0,336,2021-09-20 21:10:00,SRNE
7.99,7.99,7.99,7.99,224,2021-09-20 21:11:00,SRNE
7.99,7.99,7.99,7.99,1500,2021-09-20 21:12:00,SRNE
7.98,7.98,7.98,7.98,664,2021-09-20 21:18:00,SRNE
8.04,8.04,8.04,8.04,126,2021-09-20 21:46:00,SRNE
8.0,8.0,8.0,8.0,2000,2021-09-20 21:47:00,SRNE
8.04,8.04,8.04,8.04,200,2021-09-20 21:48:00,SRNE
8.01,8.01,8.01,8.01,100,2021-09-20 21:52:00,SRNE
7.99,7.99,7.99,7.99,200,2021-09-20 21:56:00,SRNE
7.99,8.02,7.99,8.02,300,2021-09-20 21:58:00,SRNE
7.98,7.98,7.98,7.98,145,2021-09-20 21:59:00,SRNE
8.0,8.0,8.0,8.0,100,2021-09-20 23:00:00,SRNE
7.99,7.99,7.98,7.98,850,2021-09-20 23:16:00,SRNE
7.97,7.97,7.97,7.97,100,2021-09-20 23:17:00,SRNE
7.97,7.97,7.97,7.97,870,2021-09-20 23:36:00,SRNE
8.0299,8.0299,8.0299,8.0299,100,2021-09-20 23:44:00,SRNE
7.96,7.96,7.96,7.96,300,2021-09-20 23:59:00,SRNE
7.95,7.95,7.95,7.95,141,2021-09-21 08:43:00,SRNE
8.0,8.0,8.0,8.0,1000,2021-09-21 11:02:00,SRNE
8.0,8.0,8.0,8.0,1000,2021-09-21 11:03:00,SRNE
8.0,8.0,8.0,8.0,7590,2021-09-21 11:11:00,SRNE
8.02,8.02,8.02,8.02,300,2021-09-21 11:15:00,SRNE
8.07,8.07,8.07,8.07,214,2021-09-21 11:42:00,SRNE
8.06,8.06,8.05,8.05,600,2021-09-21 11:44:00,SRNE
8.03,8.03,8.03,8.03,700,2021-09-21 11:46:00,SRNE
8.02,8.02,8.02,8.02,598,2021-09-21 12:00:00,SRNE
8.0,8.0,7.9999,8.0,2400,2021-09-21 12:10:00,SRNE
8.0,8.0,8.0,8.0,900,2021-09-21 12:11:00,SRNE
8.0,8.0,8.0,8.0,288,2021-09-21 12:13:00,SRNE
7.99,7.99,7.99,7.99,100,2021-09-21 12:14:00,SRNE
8.0,8.0,8.0,8.0,1000,2021-09-21 12:20:00,SRNE
8.0,8.0,8.0,8.0,400,2021-09-21 12:40:00,SRNE
8.0,8.0,8.0,8.0,100,2021-09-21 12:44:00,SRNE
7.9999,8.0,7.9999,8.0,1600,2021-09-21 12:46:00,SRNE
8.0,8.0,8.0,8.0,800,2021-09-21 12:47:00,SRNE
8.0,8.0,8.0,8.0,400,2021-09-21 12:51:00,SRNE
8.0,8.0,8.0,8.0,100,2021-09-21 12:53:00,SRNE
8.0,8.0,8.0,8.0,500,2021-09-21 13:01:00,SRNE
8.0,8.0,8.0,8.0,2600,2021-09-21 13:11:00,SRNE
8.0,8.0,8.0,8.0,300,2021-09-21 13:13:00,SRNE
8.0,8.0,8.0,8.0,185,2021-09-21 13:16:00,SRNE
8.0,8.0,8.0,8.0,1188,2021-09-21 13:18:00,SRNE
8.01,8.01,8.01,8.01,150,2021-09-21 13:20:00,SRNE
8.0,8.0,8.0,8.0,200,2021-09-21 13:23:00,SRNE
8.0,8.0,8.0,8.0,233,2021-09-21 13:24:00,SRNE
7.99,7.99,7.99,7.99,1780,2021-09-21 13:25:00,SRNE
7.98,8.03,7.98,8.03,899,2021-09-21 13:27:00,SRNE
8.0,8.04,7.9784,8.02,88208,2021-09-21 13:30:00,SRNE
8.0091,8.01,7.985,8.01,7519,2021-09-21 13:31:00,SRNE
8.015,8.04,8.01,8.025,6425,2021-09-21 13:32:00,SRNE
8.02,8.05,8.02,8.0399,10135,2021-09-21 13:33:00,SRNE
8.04,8.06,8.04,8.0429,2188,2021-09-21 13:34:00,SRNE
8.05,8.06,8.03,8.035,9290,2021-09-21 13:35:00,SRNE
8.04,8.05,8.0301,8.04,9050,2021-09-21 13:36:00,SRNE
8.04,8.05,8.04,8.05,5258,2021-09-21 13:37:00,SRNE
8.06,8.07,8.0431,8.0606,18082,2021-09-21 13:38:00,SRNE
8.07,8.09,8.07,8.0899,9630,2021-09-21 13:39:00,SRNE
8.0899,8.095,8.07,8.08,30477,2021-09-21 13:40:00,SRNE
8.08,8.13,8.08,8.09,25962,2021-09-21 13:41:00,SRNE
8.0996,8.101,8.0918,8.1,1206,2021-09-21 13:42:00,SRNE
8.0901,8.11,8.09,8.11,15006,2021-09-21 13:43:00,SRNE
8.1015,8.115,8.1015,8.11,4024,2021-09-21 13:44:00,SRNE
8.11,8.12,8.08,8.09,7684,2021-09-21 13:45:00,SRNE
8.09,8.09,8.07,8.08,5566,2021-09-21 13:46:00,SRNE
8.0715,8.1,8.0715,8.1,4531,2021-09-21 13:47:00,SRNE
8.1,8.12,8.1,8.12,9112,2021-09-21 13:48:00,SRNE
8.1101,8.1211,8.1101,8.1101,8198,2021-09-21 13:49:00,SRNE
8.115,8.12,8.0601,8.0601,11609,2021-09-21 13:50:00,SRNE
8.07,8.08,8.07,8.08,25949,2021-09-21 13:51:00,SRNE
8.07,8.07,8.0445,8.0445,18593,2021-09-21 13:52:00,SRNE
8.04,8.04,8.0001,8.015,20526,2021-09-21 13:53:00,SRNE
8.01,8.015,8.005,8.01,7333,2021-09-21 13:54:00,SRNE
8.01,8.0327,8.01,8.015,7524,2021-09-21 13:55:00,SRNE
8.0177,8.0198,8.01,8.0198,5346,2021-09-21 13:56:00,SRNE
8.02,8.03,8.0016,8.0016,9631,2021-09-21 13:57:00,SRNE
8.01,8.0165,7.98,7.99,15652,2021-09-21 13:58:00,SRNE
7.9901,7.9995,7.97,7.975,14510,2021-09-21 13:59:00,SRNE
7.98,7.99,7.975,7.98,11300,2021-09-21 14:00:00,SRNE
7.98,7.985,7.9721,7.98,3618,2021-09-21 14:01:00,SRNE
7.98,8.01,7.98,8.01,9401,2021-09-21 14:02:00,SRNE
8.0001,8.01,7.993,8.01,4064,2021-09-21 14:03:00,SRNE
8.0,8.02,8.0,8.005,27160,2021-09-21 14:04:00,SRNE
8.0093,8.01,7.995,7.995,15704,2021-09-21 14:05:00,SRNE
7.99,7.99,7.97,7.977,7969,2021-09-21 14:06:00,SRNE
7.97,7.985,7.97,7.985,12863,2021-09-21 14:07:00,SRNE
7.9892,7.9899,7.9799,7.9899,5085,2021-09-21 14:08:00,SRNE
7.98,7.98,7.97,7.9704,3252,2021-09-21 14:09:00,SRNE
7.97,7.9712,7.96,7.9712,9077,2021-09-21 14:10:00,SRNE
7.975,7.9789,7.97,7.97,4585,2021-09-21 14:11:00,SRNE
7.97,7.97,7.9601,7.9601,1107,2021-09-21 14:12:00,SRNE
7.9602,7.995,7.96,7.97,69165,2021-09-21 14:13:00,SRNE
7.97,7.998,7.9699,7.998,4485,2021-09-21 14:14:00,SRNE
7.99,8.0,7.99,8.0,1892,2021-09-21 14:15:00,SRNE
7.99,8.0,7.99,7.99,7303,2021-09-21 14:16:00,SRNE
7.98,7.98,7.97,7.9716,1960,2021-09-21 14:17:00,SRNE
7.9701,7.98,7.9701,7.98,3706,2021-09-21 14:18:00,SRNE
7.98,7.98,7.9765,7.9765,800,2021-09-21 14:19:00,SRNE
7.98,7.99,7.965,7.9699,4831,2021-09-21 14:20:00,SRNE
7.969,7.969,7.96,7.9688,1850,2021-09-21 14:21:00,SRNE
7.965,7.97,7.965,7.97,1047,2021-09-21 14:22:00,SRNE
7.97,7.975,7.95,7.95,4851,2021-09-21 14:23:00,SRNE
7.96,7.97,7.955,7.97,3437,2021-09-21 14:24:00,SRNE
7.9697,7.9697,7.969,7.969,200,2021-09-21 14:25:00,SRNE
7.96,7.9687,7.96,7.9687,300,2021-09-21 14:26:00,SRNE
7.96,7.96,7.96,7.96,1477,2021-09-21 14:27:00,SRNE
7.95,7.95,7.95,7.95,100,2021-09-21 14:28:00,SRNE
7.96,7.98,7.96,7.98,7991,2021-09-21 14:29:00,SRNE
7.98,7.9894,7.98,7.9894,2000,2021-09-21 14:30:00,SRNE
7.985,7.99,7.98,7.98,2463,2021-09-21 14:31:00,SRNE
7.9813,7.99,7.98,7.99,5123,2021-09-21 14:32:00,SRNE
7.99,8.0,7.99,7.995,9763,2021-09-21 14:33:00,SRNE
7.9914,7.995,7.99,7.99,3534,2021-09-21 14:34:00,SRNE
7.995,8.01,7.99,8.01,15853,2021-09-21 14:35:00,SRNE
8.01,8.04,8.01,8.035,7805,2021-09-21 14:36:00,SRNE
8.035,8.037,8.0001,8.0001,5177,2021-09-21 14:37:00,SRNE
8.0,8.0099,8.0,8.0001,2327,2021-09-21 14:38:00,SRNE
8.0024,8.0024,7.9885,7.99,4343,2021-09-21 14:39:00,SRNE
8.01,8.03,8.01,8.03,1300,2021-09-21 14:40:00,SRNE
8.02,8.02,8.015,8.015,737,2021-09-21 14:41:00,SRNE
8.017,8.017,8.01,8.01,400,2021-09-21 14:42:00,SRNE
8.0089,8.01,8.005,8.01,701,2021-09-21 14:43:00,SRNE
8.0011,8.0011,8.0011,8.0011,3200,2021-09-21 14:44:00,SRNE
8.0,8.0,7.99,7.99,6405,2021-09-21 14:45:00,SRNE
7.99,8.0,7.99,8.0,5636,2021-09-21 14:46:00,SRNE
8.0,8.01,7.99,7.99,2405,2021-09-21 14:47:00,SRNE
7.98,7.98,7.98,7.98,1242,2021-09-21 14:48:00,SRNE
7.975,7.975,7.97,7.975,1538,2021-09-21 14:49:00,SRNE
7.9772,7.9772,7.9705,7.9705,3577,2021-09-21 14:50:00,SRNE
7.97,7.97,7.961,7.965,3363,2021-09-21 14:51:00,SRNE
7.96,7.96,7.96,7.96,6477,2021-09-21 14:52:00,SRNE
7.955,7.9577,7.955,7.9577,11200,2021-09-21 14:53:00,SRNE
7.9528,7.955,7.95,7.95,5923,2021-09-21 14:54:00,SRNE
7.96,7.97,7.9502,7.965,20610,2021-09-21 14:55:00,SRNE
7.96,7.96,7.95,7.9573,1800,2021-09-21 14:56:00,SRNE
7.95,7.96,7.95,7.9524,18714,2021-09-21 14:57:00,SRNE
7.95,7.96,7.95,7.96,600,2021-09-21 14:58:00,SRNE
7.96,7.965,7.95,7.96,6529,2021-09-21 14:59:00,SRNE
7.97,7.97,7.97,7.97,200,2021-09-21 15:00:00,SRNE
7.965,7.965,7.96,7.96,3247,2021-09-21 15:01:00,SRNE
7.959,7.959,7.95,7.952,2750,2021-09-21 15:02:00,SRNE
7.95,7.96,7.95,7.96,5650,2021-09-21 15:03:00,SRNE
7.9592,7.965,7.952,7.965,4970,2021-09-21 15:04:00,SRNE
7.96,7.98,7.96,7.98,7320,2021-09-21 15:05:00,SRNE
7.985,7.9897,7.985,7.985,1158,2021-09-21 15:06:00,SRNE
7.9884,8.0,7.9884,8.0,14600,2021-09-21 15:07:00,SRNE
7.995,8.0045,7.995,8.0,3636,2021-09-21 15:08:00,SRNE
8.005,8.005,8.0,8.005,650,2021-09-21 15:09:00,SRNE
8.0,8.005,7.99,8.0,14817,2021-09-21 15:10:00,SRNE
7.99,8.0,7.99,8.0,22195,2021-09-21 15:11:00,SRNE
8.0006,8.01,8.0006,8.0031,14194,2021-09-21 15:12:00,SRNE
8.005,8.01,8.0,8.0,8178,2021-09-21 15:13:00,SRNE
8.0,8.0,8.0,8.0,200,2021-09-21 15:14:00,SRNE
8.005,8.005,8.005,8.005,100,2021-09-21 15:15:00,SRNE
8.005,8.0068,8.0001,8.0052,8300,2021-09-21 15:16:00,SRNE
8.01,8.01,8.0,8.01,6978,2021-09-21 15:17:00,SRNE
8.015,8.015,8.01,8.0101,390,2021-09-21 15:18:00,SRNE
8.015,8.02,8.015,8.02,800,2021-09-21 15:19:00,SRNE
8.0101,8.02,8.0,8.0,5216,2021-09-21 15:20:00,SRNE
8.0027,8.017,8.0,8.017,2275,2021-09-21 15:21:00,SRNE
8.01,8.015,8.01,8.0115,3200,2021-09-21 15:22:00,SRNE
8.015,8.0177,8.015,8.0177,820,2021-09-21 15:23:00,SRNE
8.0199,8.0199,8.0199,8.0199,1250,2021-09-21 15:24:00,SRNE
8.0107,8.015,8.01,8.015,500,2021-09-21 15:25:00,SRNE
8.01,8.02,8.005,8.02,9915,2021-09-21 15:26:00,SRNE
8.0201,8.0201,8.0201,8.0201,200,2021-09-21 15:27:00,SRNE
8.02,8.02,8.0123,8.015,7981,2021-09-21 15:28:00,SRNE
8.01,8.015,8.005,8.005,2900,2021-09-21 15:29:00,SRNE
8.005,8.02,8.005,8.015,900,2021-09-21 15:30:00,SRNE
8.01,8.02,8.01,8.02,200,2021-09-21 15:31:00,SRNE
8.02,8.035,8.02,8.035,11936,2021-09-21 15:32:00,SRNE
8.04,8.04,8.04,8.04,6324,2021-09-21 15:33:00,SRNE
8.04,8.04,8.03,8.03,3543,2021-09-21 15:34:00,SRNE
8.025,8.03,8.025,8.025,2150,2021-09-21 15:35:00,SRNE
8.0278,8.04,8.025,8.04,5334,2021-09-21 15:36:00,SRNE
8.0313,8.0385,8.03,8.0385,4201,2021-09-21 15:37:00,SRNE
8.03,8.035,8.03,8.035,800,2021-09-21 15:38:00,SRNE
8.037,8.037,8.03,8.03,3237,2021-09-21 15:39:00,SRNE
8.03,8.035,8.03,8.03,6557,2021-09-21 15:40:00,SRNE
8.03,8.03,8.0225,8.0231,4386,2021-09-21 15:41:00,SRNE
8.0213,8.0327,8.0213,8.0314,7150,2021-09-21 15:42:00,SRNE
8.035,8.035,8.03,8.035,1400,2021-09-21 15:43:00,SRNE
8.04,8.04,8.03,8.03,200,2021-09-21 15:45:00,SRNE
8.03,8.04,8.03,8.04,2548,2021-09-21 15:46:00,SRNE
8.03,8.0395,8.03,8.035,3400,2021-09-21 15:47:00,SRNE
8.035,8.035,8.0301,8.035,600,2021-09-21 15:48:00,SRNE
8.03,8.03,8.03,8.03,2084,2021-09-21 15:49:00,SRNE
8.03,8.03,8.03,8.03,3180,2021-09-21 15:50:00,SRNE
8.025,8.0295,8.02,8.02,1855,2021-09-21 15:51:00,SRNE
8.03,8.03,8.03,8.03,100,2021-09-21 15:52:00,SRNE
8.0201,8.03,8.0201,8.03,6200,2021-09-21 15:53:00,SRNE
8.02,8.02,8.02,8.02,100,2021-09-21 15:54:00,SRNE
8.025,8.0276,8.025,8.0276,800,2021-09-21 15:55:00,SRNE
8.025,8.04,8.025,8.04,13616,2021-09-21 15:56:00,SRNE
8.04,8.04,8.0301,8.0301,200,2021-09-21 15:57:00,SRNE
8.04,8.05,8.03,8.05,10847,2021-09-21 15:58:00,SRNE
8.055,8.055,8.05,8.055,3548,2021-09-21 15:59:00,SRNE
8.055,8.0691,8.05,8.065,23892,2021-09-21 16:00:00,SRNE
8.0615,8.07,8.0615,8.07,4459,2021-09-21 16:01:00,SRNE
8.065,8.065,8.045,8.045,11416,2021-09-21 16:02:00,SRNE
8.05,8.0581,8.05,8.05,3490,2021-09-21 16:03:00,SRNE
8.049,8.05,8.045,8.05,1500,2021-09-21 16:04:00,SRNE
8.045,8.045,8.0301,8.0301,7230,2021-09-21 16:05:00,SRNE
8.035,8.0569,8.035,8.0569,3755,2021-09-21 16:06:00,SRNE
8.058,8.058,8.05,8.052,850,2021-09-21 16:07:00,SRNE
8.0579,8.0579,8.05,8.05,9100,2021-09-21 16:08:00,SRNE
8.05,8.05,8.045,8.05,5902,2021-09-21 16:09:00,SRNE
8.05,8.05,8.05,8.05,100,2021-09-21 16:10:00,SRNE
8.05,8.05,8.05,8.05,200,2021-09-21 16:11:00,SRNE
8.0401,8.05,8.0401,8.05,920,2021-09-21 16:12:00,SRNE
8.055,8.06,8.055,8.055,790,2021-09-21 16:13:00,SRNE
8.0501,8.06,8.0501,8.0597,3700,2021-09-21 16:14:00,SRNE
8.051,8.06,8.05,8.05,2800,2021-09-21 16:15:00,SRNE
8.055,8.0578,8.05,8.05,1800,2021-09-21 16:16:00,SRNE
8.05,8.05,8.05,8.05,2334,2021-09-21 16:17:00,SRNE
8.05,8.05,8.04,8.045,1650,2021-09-21 16:18:00,SRNE
8.05,8.05,8.0407,8.045,1700,2021-09-21 16:19:00,SRNE
8.05,8.05,8.04,8.04,600,2021-09-21 16:20:00,SRNE
8.05,8.06,8.05,8.06,6846,2021-09-21 16:21:00,SRNE
8.06,8.06,8.05,8.05,12080,2021-09-21 16:22:00,SRNE
8.045,8.045,8.042,8.042,1200,2021-09-21 16:23:00,SRNE
8.04,8.045,8.04,8.04,5265,2021-09-21 16:24:00,SRNE
8.035,8.04,8.035,8.035,2092,2021-09-21 16:25:00,SRNE
8.03,8.03,8.02,8.02,6060,2021-09-21 16:26:00,SRNE
8.0255,8.03,8.02,8.02,801,2021-09-21 16:27:00,SRNE
8.025,8.03,8.025,8.03,200,2021-09-21 16:28:00,SRNE
8.03,8.03,8.0202,8.03,1700,2021-09-21 16:29:00,SRNE
8.025,8.025,8.01,8.0105,6280,2021-09-21 16:30:00,SRNE
8.01,8.01,8.0,8.0,504,2021-09-21 16:31:00,SRNE
8.003,8.01,8.0,8.01,3600,2021-09-21 16:32:00,SRNE
8.0148,8.0148,8.0,8.0,11408,2021-09-21 16:33:00,SRNE
8.0,8.0,8.0,8.0,1314,2021-09-21 16:34:00,SRNE
8.005,8.01,7.9985,7.9985,1038,2021-09-21 16:35:00,SRNE
7.9901,8.0,7.9901,8.0,1800,2021-09-21 16:36:00,SRNE
8.01,8.01,8.0016,8.0016,1400,2021-09-21 16:37:00,SRNE
8.005,8.005,8.005,8.005,100,2021-09-21 16:38:00,SRNE
8.005,8.01,8.005,8.005,3100,2021-09-21 16:39:00,SRNE
8.01,8.01,8.01,8.01,350,2021-09-21 16:40:00,SRNE
8.005,8.01,7.99,7.997,4775,2021-09-21 16:41:00,SRNE
7.99,8.0,7.99,8.0,1300,2021-09-21 16:42:00,SRNE
7.995,7.995,7.995,7.995,500,2021-09-21 16:43:00,SRNE
7.999,8.01,7.999,8.005,8243,2021-09-21 16:44:00,SRNE
8.005,8.005,8.0,8.0,2635,2021-09-21 16:45:00,SRNE
8.0,8.0001,8.0,8.0001,221,2021-09-21 16:46:00,SRNE
8.01,8.01,8.0001,8.0001,1200,2021-09-21 16:47:00,SRNE
8.0,8.005,8.0,8.0,1500,2021-09-21 16:48:00,SRNE
8.001,8.001,8.001,8.001,1800,2021-09-21 16:49:00,SRNE
8.005,8.005,8.005,8.005,100,2021-09-21 16:50:00,SRNE
8.005,8.005,7.98,7.98,8992,2021-09-21 16:51:00,SRNE
7.97,7.97,7.95,7.955,9189,2021-09-21 16:52:00,SRNE
7.96,7.965,7.955,7.965,2656,2021-09-21 16:53:00,SRNE
7.9672,7.9672,7.96,7.96,767,2021-09-21 16:54:00,SRNE
7.964,7.965,7.9615,7.965,2385,2021-09-21 16:55:00,SRNE
7.96,7.965,7.96,7.96,2081,2021-09-21 16:56:00,SRNE
7.97,7.975,7.9697,7.9697,4084,2021-09-21 16:57:00,SRNE
7.965,7.98,7.965,7.976,700,2021-09-21 16:58:00,SRNE
7.98,7.98,7.97,7.97,2836,2021-09-21 16:59:00,SRNE
7.9715,7.98,7.9715,7.98,1400,2021-09-21 17:00:00,SRNE
7.985,7.985,7.985,7.985,1500,2021-09-21 17:01:00,SRNE
7.99,7.99,7.98,7.98,1400,2021-09-21 17:02:00,SRNE
7.98,7.99,7.961,7.9694,5350,2021-09-21 17:03:00,SRNE
7.965,7.97,7.96,7.97,5553,2021-09-21 17:04:00,SRNE
7.97,7.98,7.97,7.98,2300,2021-09-21 17:05:00,SRNE
7.99,7.99,7.98,7.985,1325,2021-09-21 17:06:00,SRNE
7.99,7.99,7.99,7.99,400,2021-09-21 17:07:00,SRNE
8.0,8.0,7.9986,7.9986,800,2021-09-21 17:08:00,SRNE
7.995,7.995,7.995,7.995,100,2021-09-21 17:09:00,SRNE
8.0,8.0,7.995,8.0,564,2021-09-21 17:10:00,SRNE
7.99,7.99,7.99,7.99,600,2021-09-21 17:11:00,SRNE
7.99,8.0073,7.99,8.005,24863,2021-09-21 17:12:00,SRNE
8.005,8.005,8.0,8.0,3500,2021-09-21 17:13:00,SRNE
7.9922,7.9999,7.99,7.99,1050,2021-09-21 17:14:00,SRNE
8.0,8.0,7.98,7.99,3191,2021-09-21 17:15:00,SRNE
7.99,7.99,7.9825,7.9825,5700,2021-09-21 17:16:00,SRNE
7.989,7.995,7.989,7.995,7450,2021-09-21 17:17:00,SRNE
8.0,8.0,8.0,8.0,100,2021-09-21 17:18:00,SRNE
7.998,8.0,7.995,7.995,1600,2021-09-21 17:19:00,SRNE
7.995,8.005,7.995,8.005,4311,2021-09-21 17:20:00,SRNE
7.9911,7.9915,7.985,7.985,11475,2021-09-21 17:21:00,SRNE
7.985,7.99,7.9831,7.99,9200,2021-09-21 17:22:00,SRNE
7.99,7.995,7.98,7.98,2700,2021-09-21 17:23:00,SRNE
7.98,7.98,7.96,7.9682,1885,2021-09-21 17:24:00,SRNE
7.96,7.96,7.95,7.955,300,2021-09-21 17:25:00,SRNE
7.9529,7.97,7.9529,7.97,1825,2021-09-21 17:26:00,SRNE
7.9601,7.969,7.9601,7.969,1150,2021-09-21 17:27:00,SRNE
7.97,7.97,7.965,7.97,1900,2021-09-21 17:28:00,SRNE
7.97,7.98,7.97,7.98,1294,2021-09-21 17:29:00,SRNE
7.975,7.977,7.9623,7.97,7900,2021-09-21 17:30:00,SRNE
7.96,7.97,7.96,7.97,300,2021-09-21 17:31:00,SRNE
7.97,7.98,7.97,7.971,950,2021-09-21 17:32:00,SRNE
7.98,7.98,7.97,7.97,300,2021-09-21 17:33:00,SRNE
7.975,7.9799,7.97,7.975,4400,2021-09-21 17:34:00,SRNE
7.97,7.97,7.9627,7.97,4550,2021-09-21 17:35:00,SRNE
7.9634,7.97,7.9634,7.97,450,2021-09-21 17:36:00,SRNE
7.96,7.96,7.94,7.96,35480,2021-09-21 17:37:00,SRNE
7.96,7.96,7.96,7.96,200,2021-09-21 17:38:00,SRNE
7.96,7.96,7.955,7.955,470,2021-09-21 17:39:00,SRNE
7.9578,7.965,7.95,7.965,3573,2021-09-21 17:40:00,SRNE
7.97,7.975,7.9629,7.97,19547,2021-09-21 17:41:00,SRNE
7.97,7.98,7.97,7.98,7115,2021-09-21 17:42:00,SRNE
7.975,7.98,7.975,7.975,914,2021-09-21 17:43:00,SRNE
7.9729,7.9776,7.97,7.9776,1241,2021-09-21 17:44:00,SRNE
7.975,7.9768,7.97,7.97,3928,2021-09-21 17:45:00,SRNE
7.97,7.97,7.97,7.97,625,2021-09-21 17:46:00,SRNE
7.97,7.97,7.97,7.97,1200,2021-09-21 17:47:00,SRNE
7.9799,7.98,7.9707,7.98,6520,2021-09-21 17:48:00,SRNE
7.98,7.98,7.975,7.975,1300,2021-09-21 17:49:00,SRNE
7.9788,7.99,7.9788,7.99,7035,2021-09-21 17:50:00,SRNE
7.99,7.99,7.9886,7.9886,1000,2021-09-21 17:51:00,SRNE
7.985,7.985,7.985,7.985,835,2021-09-21 17:52:00,SRNE
7.985,7.985,7.97,7.97,5275,2021-09-21 17:53:00,SRNE
7.965,7.965,7.96,7.96,2647,2021-09-21 17:54:00,SRNE
7.96,7.96,7.96,7.96,1550,2021-09-21 17:55:00,SRNE
7.96,7.96,7.95,7.96,3145,2021-09-21 17:56:00,SRNE
7.96,7.96,7.95,7.95,1455,2021-09-21 17:57:00,SRNE
7.96,7.96,7.9571,7.96,700,2021-09-21 17:58:00,SRNE
7.9591,7.9601,7.9575,7.9601,4650,2021-09-21 17:59:00,SRNE
7.96,7.9699,7.95,7.9699,22921,2021-09-21 18:00:00,SRNE
7.97,7.97,7.97,7.97,2000,2021-09-21 18:01:00,SRNE
7.98,7.98,7.975,7.98,900,2021-09-21 18:02:00,SRNE
7.9797,7.9797,7.975,7.975,400,2021-09-21 18:03:00,SRNE
7.98,7.98,7.975,7.98,1300,2021-09-21 18:04:00,SRNE
7.975,7.98,7.9725,7.98,2325,2021-09-21 18:05:00,SRNE
7.985,7.99,7.985,7.99,400,2021-09-21 18:06:00,SRNE
7.985,7.985,7.98,7.98,4814,2021-09-21 18:07:00,SRNE
7.98,7.98,7.98,7.98,4706,2021-09-21 18:08:00,SRNE
7.97,7.9794,7.97,7.9794,300,2021-09-21 18:09:00,SRNE
7.97,7.975,7.97,7.97,2065,2021-09-21 18:10:00,SRNE
7.97,7.98,7.97,7.98,1729,2021-09-21 18:11:00,SRNE
7.98,7.98,7.98,7.98,100,2021-09-21 18:12:00,SRNE
7.9799,7.98,7.975,7.98,3500,2021-09-21 18:13:00,SRNE
7.9799,7.99,7.975,7.98,4100,2021-09-21 18:14:00,SRNE
7.98,7.99,7.97,7.99,3000,2021-09-21 18:15:00,SRNE
7.9801,7.99,7.975,7.98,3375,2021-09-21 18:16:00,SRNE
7.9745,7.9785,7.97,7.9739,8220,2021-09-21 18:17:00,SRNE
7.98,7.98,7.9727,7.9727,3875,2021-09-21 18:18:00,SRNE
7.98,7.98,7.97,7.97,200,2021-09-21 18:19:00,SRNE
7.98,7.98,7.9627,7.9644,4074,2021-09-21 18:20:00,SRNE
7.97,7.97,7.9607,7.97,16371,2021-09-21 18:21:00,SRNE
7.97,7.975,7.97,7.97,2528,2021-09-21 18:22:00,SRNE
7.98,7.98,7.97,7.97,1400,2021-09-21 18:23:00,SRNE
7.969,7.97,7.96,7.97,1900,2021-09-21 18:24:00,SRNE
7.97,7.97,7.96,7.96,900,2021-09-21 18:25:00,SRNE
7.965,7.965,7.94,7.9494,8560,2021-09-21 18:26:00,SRNE
7.945,7.95,7.945,7.95,360,2021-09-21 18:27:00,SRNE
7.95,7.95,7.9429,7.95,2450,2021-09-21 18:28:00,SRNE
7.95,7.95,7.94,7.94,1887,2021-09-21 18:29:00,SRNE
7.94,7.9576,7.94,7.9576,1263,2021-09-21 18:30:00,SRNE
7.96,7.96,7.95,7.95,7592,2021-09-21 18:31:00,SRNE
7.95,7.9585,7.95,7.95,4704,2021-09-21 18:32:00,SRNE
7.9501,7.9501,7.9501,7.9501,525,2021-09-21 18:33:00,SRNE
7.96,7.96,7.9599,7.9599,430,2021-09-21 18:34:00,SRNE
7.95,7.955,7.95,7.955,300,2021-09-21 18:35:00,SRNE
7.96,7.96,7.945,7.95,3356,2021-09-21 18:36:00,SRNE
7.96,7.96,7.95,7.95,400,2021-09-21 18:37:00,SRNE
7.95,7.97,7.94,7.94,11601,2021-09-21 18:38:00,SRNE
7.94,7.95,7.94,7.94,2300,2021-09-21 18:39:00,SRNE
7.945,7.945,7.94,7.94,700,2021-09-21 18:40:00,SRNE
7.945,7.9471,7.9,7.9,62878,2021-09-21 18:41:00,SRNE
7.9,7.94,7.9,7.9385,60173,2021-09-21 18:42:00,SRNE
7.94,7.9486,7.935,7.9486,2960,2021-09-21 18:43:00,SRNE
7.95,7.9588,7.95,7.95,3300,2021-09-21 18:44:00,SRNE
7.945,7.9457,7.94,7.945,2568,2021-09-21 18:45:00,SRNE
7.945,7.95,7.945,7.95,4407,2021-09-21 18:46:00,SRNE
7.9474,7.9474,7.945,7.945,518,2021-09-21 18:47:00,SRNE
7.94,7.95,7.94,7.9499,1500,2021-09-21 18:48:00,SRNE
7.95,7.95,7.94,7.94,320,2021-09-21 18:49:00,SRNE
7.95,7.97,7.95,7.97,4167,2021-09-21 18:50:00,SRNE
7.985,7.985,7.98,7.98,300,2021-09-21 18:51:00,SRNE
7.985,7.99,7.98,7.9815,800,2021-09-21 18:52:00,SRNE
7.98,7.985,7.98,7.985,2255,2021-09-21 18:53:00,SRNE
7.97,7.976,7.97,7.97,1600,2021-09-21 18:54:00,SRNE
7.9722,7.976,7.97,7.976,1500,2021-09-21 18:55:00,SRNE
7.97,7.97,7.96,7.96,400,2021-09-21 18:56:00,SRNE
7.965,7.965,7.955,7.955,1607,2021-09-21 18:58:00,SRNE
7.955,7.96,7.95,7.96,2190,2021-09-21 18:59:00,SRNE
7.97,7.985,7.97,7.98,4332,2021-09-21 19:00:00,SRNE
7.9799,7.985,7.9799,7.985,1100,2021-09-21 19:01:00,SRNE
7.985,7.99,7.985,7.9854,1113,2021-09-21 19:02:00,SRNE
7.985,7.985,7.98,7.98,1176,2021-09-21 19:03:00,SRNE
7.975,7.985,7.975,7.985,1200,2021-09-21 19:04:00,SRNE
7.984,7.99,7.984,7.99,1200,2021-09-21 19:05:00,SRNE
7.99,7.99,7.99,7.99,232,2021-09-21 19:06:00,SRNE
7.99,7.99,7.98,7.98,800,2021-09-21 19:07:00,SRNE
7.985,7.985,7.98,7.98,300,2021-09-21 19:08:00,SRNE
7.985,7.985,7.98,7.98,3351,2021-09-21 19:09:00,SRNE
7.97,7.985,7.97,7.985,1700,2021-09-21 19:10:00,SRNE
7.9808,7.985,7.98,7.98,1264,2021-09-21 19:11:00,SRNE
7.98,7.985,7.98,7.985,500,2021-09-21 19:12:00,SRNE
7.9879,7.995,7.9879,7.995,320,2021-09-21 19:13:00,SRNE
7.995,8.0,7.991,8.0,1300,2021-09-21 19:14:00,SRNE
7.99,8.01,7.99,8.01,28328,2021-09-21 19:15:00,SRNE
8.005,8.005,8.0,8.0,431,2021-09-21 19:16:00,SRNE
8.005,8.0099,8.0,8.0,5871,2021-09-21 19:17:00,SRNE
7.99,7.9999,7.985,7.9899,7634,2021-09-21 19:18:00,SRNE
7.98,7.99,7.98,7.98,1917,2021-09-21 19:19:00,SRNE
7.98,7.995,7.98,7.995,5477,2021-09-21 19:20:00,SRNE
7.9974,7.9974,7.9922,7.995,968,2021-09-21 19:21:00,SRNE
7.995,8.0,7.995,8.0,346,2021-09-21 19:22:00,SRNE
8.0,8.0,7.995,7.9983,1000,2021-09-21 19:23:00,SRNE
7.995,8.0,7.995,8.0,300,2021-09-21 19:24:00,SRNE
8.0,8.0,7.995,7.995,4535,2021-09-21 19:25:00,SRNE
7.995,7.995,7.985,7.985,21183,2021-09-21 19:26:00,SRNE
7.9853,7.995,7.9853,7.995,6083,2021-09-21 19:27:00,SRNE
8.0,8.0,7.985,7.985,8432,2021-09-21 19:28:00,SRNE
7.985,7.985,7.9799,7.98,2643,2021-09-21 19:29:00,SRNE
7.985,8.0,7.985,8.0,7562,2021-09-21 19:30:00,SRNE
7.9977,7.9977,7.99,7.99,4713,2021-09-21 19:31:00,SRNE
7.9815,7.9815,7.98,7.98,731,2021-09-21 19:32:00,SRNE
7.985,7.9854,7.985,7.9854,400,2021-09-21 19:33:00,SRNE
7.985,7.995,7.98,7.985,12068,2021-09-21 19:34:00,SRNE
7.98,7.99,7.98,7.9819,2000,2021-09-21 19:35:00,SRNE
7.985,7.99,7.985,7.985,300,2021-09-21 19:36:00,SRNE
7.9821,7.99,7.98,7.985,6700,2021-09-21 19:37:00,SRNE
7.985,7.985,7.975,7.975,7529,2021-09-21 19:38:00,SRNE
7.975,7.975,7.97,7.97,1200,2021-09-21 19:39:00,SRNE
7.975,7.975,7.963,7.965,11429,2021-09-21 19:40:00,SRNE
7.97,7.98,7.97,7.98,5199,2021-09-21 19:41:00,SRNE
7.9768,7.98,7.975,7.98,4167,2021-09-21 19:42:00,SRNE
7.98,7.99,7.98,7.985,1532,2021-09-21 19:43:00,SRNE
7.98,7.985,7.9701,7.975,4316,2021-09-21 19:44:00,SRNE
7.975,7.98,7.97,7.98,2577,2021-09-21 19:45:00,SRNE
7.97,7.9702,7.96,7.9609,4911,2021-09-21 19:46:00,SRNE
7.965,7.965,7.96,7.965,2260,2021-09-21 19:47:00,SRNE
7.965,7.97,7.96,7.97,3000,2021-09-21 19:48:00,SRNE
7.97,7.97,7.955,7.955,14023,2021-09-21 19:49:00,SRNE
7.97,7.985,7.955,7.985,35197,2021-09-21 19:50:00,SRNE
7.985,7.985,7.98,7.98,1530,2021-09-21 19:51:00,SRNE
7.99,7.99,7.97,7.98,37131,2021-09-21 19:52:00,SRNE
7.98,7.98,7.98,7.98,400,2021-09-21 19:53:00,SRNE
7.975,7.9855,7.975,7.98,14309,2021-09-21 19:54:00,SRNE
7.985,7.99,7.98,7.9882,31136,2021-09-21 19:55:00,SRNE
7.98,7.995,7.98,7.9888,30923,2021-09-21 19:56:00,SRNE
7.985,7.99,7.98,7.99,7218,2021-09-21 19:57:00,SRNE
7.985,7.99,7.98,7.99,9720,2021-09-21 19:58:00,SRNE
7.99,8.0,7.985,8.0,62210,2021-09-21 19:59:00,SRNE
8.0,8.0,8.0,8.0,280646,2021-09-21 20:00:00,SRNE
8.0,8.0,8.0,8.0,240,2021-09-21 20:01:00,SRNE
7.99,7.99,7.99,7.99,500,2021-09-21 20:12:00,SRNE
7.98,7.98,7.96,7.96,600,2021-09-21 20:23:00,SRNE
7.97,7.97,7.97,7.97,500,2021-09-21 20:24:00,SRNE
7.98,7.98,7.98,7.98,500,2021-09-21 20:31:00,SRNE
7.96,7.96,7.96,7.96,500,2021-09-21 20:35:00,SRNE
7.96,7.96,7.96,7.96,400,2021-09-21 20:38:00,SRNE
7.9899,7.99,7.9899,7.99,600,2021-09-21 20:40:00,SRNE
7.97,7.97,7.97,7.97,859,2021-09-21 20:44:00,SRNE
7.97,7.97,7.97,7.97,200,2021-09-21 20:54:00,SRNE
7.97,7.97,7.97,7.97,835,2021-09-21 20:58:00,SRNE
7.99,7.99,7.99,7.99,100,2021-09-21 21:02:00,SRNE
7.9701,7.9701,7.9701,7.9701,670,2021-09-21 21:05:00,SRNE
7.99,7.99,7.99,7.99,500,2021-09-21 21:31:00,SRNE
7.97,7.97,7.97,7.97,100,2021-09-21 21:36:00,SRNE
7.985,7.99,7.985,7.99,400,2021-09-21 21:58:00,SRNE
7.98,7.98,7.98,7.98,500,2021-09-21 22:18:00,SRNE
7.97,7.97,7.97,7.97,300,2021-09-21 22:20:00,SRNE
7.98,7.98,7.98,7.98,100,2021-09-21 22:36:00,SRNE
7.97,7.97,7.97,7.97,498,2021-09-21 22:43:00,SRNE
7.9799,7.9799,7.9799,7.9799,100,2021-09-21 22:59:00,SRNE
7.98,7.98,7.98,7.98,786,2021-09-21 23:04:00,SRNE
7.97,7.97,7.97,7.97,692,2021-09-21 23:06:00,SRNE
7.96,7.96,7.96,7.96,400,2021-09-21 23:27:00,SRNE
7.96,7.96,7.96,7.96,373,2021-09-21 23:28:00,SRNE
7.97,7.97,7.97,7.97,500,2021-09-21 23:35:00,SRNE
7.97,7.97,7.97,7.97,750,2021-09-21 23:36:00,SRNE
7.97,7.97,7.97,7.97,265,2021-09-21 23:57:00,SRNE
7.97,7.97,7.97,7.97,938,2021-09-22 08:11:00,SRNE
8.08,8.15,8.08,8.15,1584,2021-09-22 09:02:00,SRNE
8.03,8.04,8.03,8.04,200,2021-09-22 11:32:00,SRNE
8.03,8.03,8.03,8.03,100,2021-09-22 11:50:00,SRNE
8.03,8.03,8.03,8.03,200,2021-09-22 12:01:00,SRNE
8.02,8.02,8.02,8.02,200,2021-09-22 12:10:00,SRNE
8.01,8.01,8.01,8.01,250,2021-09-22 12:11:00,SRNE
8.02,8.02,8.02,8.02,100,2021-09-22 12:14:00,SRNE
8.01,8.01,8.01,8.01,300,2021-09-22 12:19:00,SRNE
8.01,8.01,8.01,8.01,400,2021-09-22 12:31:00,SRNE
8.02,8.02,8.0199,8.0199,600,2021-09-22 12:32:00,SRNE
8.0101,8.0101,8.01,8.01,700,2021-09-22 12:35:00,SRNE
8.0001,8.0001,8.0001,8.0001,500,2021-09-22 12:37:00,SRNE
8.0199,8.0199,8.0199,8.0199,100,2021-09-22 12:42:00,SRNE
8.0,8.0,8.0,8.0,165,2021-09-22 12:48:00,SRNE
8.0001,8.0001,8.0001,8.0001,1000,2021-09-22 12:49:00,SRNE
8.0,8.0,8.0,8.0,109,2021-09-22 13:02:00,SRNE
8.01,8.01,8.01,8.01,200,2021-09-22 13:03:00,SRNE
8.02,8.02,8.02,8.02,250,2021-09-22 13:08:00,SRNE
8.0199,8.02,8.0199,8.02,3000,2021-09-22 13:09:00,SRNE
8.0,8.0,8.0,8.0,1000,2021-09-22 13:19:00,SRNE
8.01,8.01,8.01,8.01,200,2021-09-22 13:24:00,SRNE
8.0,8.0,8.0,8.0,600,2021-09-22 13:25:00,SRNE
8.01,8.01,8.01,8.01,631,2021-09-22 13:27:00,SRNE
8.04,8.06,8.04,8.05,49901,2021-09-22 13:30:00,SRNE
8.05,8.05,8.02,8.02,14030,2021-09-22 13:31:00,SRNE
8.0177,8.0177,8.0,8.005,16595,2021-09-22 13:32:00,SRNE
8.01,8.02,8.0,8.01,15095,2021-09-22 13:33:00,SRNE
8.02,8.04,8.02,8.02,2888,2021-09-22 13:34:00,SRNE
8.04,8.04,8.01,8.01,22702,2021-09-22 13:35:00,SRNE
8.02,8.04,8.02,8.02,6929,2021-09-22 13:36:00,SRNE
8.03,8.032,8.02,8.028,10550,2021-09-22 13:37:00,SRNE
8.03,8.035,8.02,8.03,4176,2021-09-22 13:38:00,SRNE
8.03,8.0399,8.0278,8.0278,8285,2021-09-22 13:39:00,SRNE
8.03,8.05,8.03,8.04,9726,2021-09-22 13:40:00,SRNE
8.03,8.045,8.03,8.04,6544,2021-09-22 13:41:00,SRNE
8.035,8.06,8.035,8.0578,11612,2021-09-22 13:42:00,SRNE
8.05,8.08,8.05,8.0701,15904,2021-09-22 13:43:00,SRNE
8.075,8.075,8.06,8.06,10633,2021-09-22 13:44:00,SRNE
8.06,8.07,8.055,8.07,1712,2021-09-22 13:45:00,SRNE
8.07,8.085,8.07,8.085,13595,2021-09-22 13:46:00,SRNE
8.09,8.09,8.08,8.08,11592,2021-09-22 13:47:00,SRNE
8.08,8.095,8.08,8.08,11607,2021-09-22 13:48:00,SRNE
8.075,8.0771,8.07,8.075,511,2021-09-22 13:49:00,SRNE
8.07,8.1,8.07,8.0815,27992,2021-09-22 13:50:00,SRNE
8.09,8.0921,8.08,8.085,4024,2021-09-22 13:51:00,SRNE
8.085,8.085,8.0701,8.075,5590,2021-09-22 13:52:00,SRNE
8.075,8.12,8.07,8.12,48574,2021-09-22 13:53:00,SRNE
8.1199,8.12,8.105,8.115,17321,2021-09-22 13:54:00,SRNE
8.115,8.12,8.11,8.11,5768,2021-09-22 13:55:00,SRNE
8.1008,8.115,8.1,8.114,8449,2021-09-22 13:56:00,SRNE
8.115,8.12,8.11,8.1108,8163,2021-09-22 13:57:00,SRNE
8.1101,8.1101,8.1,8.1,10412,2021-09-22 13:58:00,SRNE
8.0907,8.0907,8.04,8.065,41569,2021-09-22 13:59:00,SRNE
8.07,8.075,8.0318,8.0318,14477,2021-09-22 14:00:00,SRNE
8.04,8.06,8.02,8.045,35759,2021-09-22 14:01:00,SRNE
8.05,8.05,8.02,8.0202,5706,2021-09-22 14:02:00,SRNE
8.0201,8.0502,8.02,8.0502,10537,2021-09-22 14:03:00,SRNE
8.055,8.0587,8.0508,8.0587,4585,2021-09-22 14:04:00,SRNE
8.055,8.0583,8.04,8.04,2800,2021-09-22 14:05:00,SRNE
8.04,8.055,8.04,8.0525,2632,2021-09-22 14:06:00,SRNE
8.06,8.06,8.04,8.05,12738,2021-09-22 14:07:00,SRNE
8.0581,8.06,8.05,8.06,5068,2021-09-22 14:08:00,SRNE
8.06,8.065,8.06,8.065,1140,2021-09-22 14:09:00,SRNE
8.065,8.065,8.055,8.055,2630,2021-09-22 14:10:00,SRNE
8.06,8.06,8.055,8.055,1500,2021-09-22 14:11:00,SRNE
8.055,8.0622,8.055,8.055,5573,2021-09-22 14:12:00,SRNE
8.05,8.05,8.03,8.035,12300,2021-09-22 14:13:00,SRNE
8.03,8.0388,8.025,8.03,9270,2021-09-22 14:14:00,SRNE
8.03,8.0302,8.0222,8.025,15933,2021-09-22 14:15:00,SRNE
8.025,8.05,8.025,8.05,4100,2021-09-22 14:16:00,SRNE
8.0476,8.0476,8.03,8.035,20682,2021-09-22 14:17:00,SRNE
8.04,8.05,8.04,8.05,2120,2021-09-22 14:18:00,SRNE
8.0505,8.0505,8.0409,8.0409,6420,2021-09-22 14:19:00,SRNE
8.0401,8.05,8.02,8.025,3398,2021-09-22 14:20:00,SRNE
8.03,8.03,8.0121,8.0121,18448,2021-09-22 14:21:00,SRNE
8.01,8.01,7.99,8.0,19990,2021-09-22 14:22:00,SRNE
8.01,8.02,8.0088,8.01,7100,2021-09-22 14:23:00,SRNE
8.005,8.01,8.005,8.01,1010,2021-09-22 14:24:00,SRNE
8.01,8.01,7.995,7.995,15037,2021-09-22 14:25:00,SRNE
8.0,8.01,8.0,8.005,2800,2021-09-22 14:26:00,SRNE
8.01,8.01,7.9845,7.99,6035,2021-09-22 14:27:00,SRNE
7.9925,8.0,7.992,7.992,13700,2021-09-22 14:28:00,SRNE
8.0,8.0,7.9986,7.9999,4600,2021-09-22 14:29:00,SRNE
8.0,8.0,7.995,8.0,2995,2021-09-22 14:30:00,SRNE
8.01,8.02,7.9988,8.0,6850,2021-09-22 14:31:00,SRNE
8.0,8.0,7.985,7.99,8414,2021-09-22 14:32:00,SRNE
7.99,7.995,7.99,7.995,2145,2021-09-22 14:33:00,SRNE
7.99,8.0,7.99,7.99,11353,2021-09-22 14:34:00,SRNE
7.99,7.99,7.985,7.99,5500,2021-09-22 14:35:00,SRNE
8.0,8.005,8.0,8.005,3000,2021-09-22 14:36:00,SRNE
8.01,8.02,7.995,7.9992,10395,2021-09-22 14:37:00,SRNE
7.99,8.01,7.99,8.01,1700,2021-09-22 14:38:00,SRNE
8.0084,8.015,8.0009,8.01,8273,2021-09-22 14:39:00,SRNE
8.01,8.015,8.0099,8.015,1471,2021-09-22 14:40:00,SRNE
8.015,8.0183,8.015,8.0183,500,2021-09-22 14:41:00,SRNE
8.015,8.0278,8.015,8.0278,2100,2021-09-22 14:42:00,SRNE
8.03,8.03,8.02,8.02,700,2021-09-22 14:43:00,SRNE
8.02,8.025,8.01,8.0101,4202,2021-09-22 14:44:00,SRNE
8.0101,8.0141,7.99,7.995,11950,2021-09-22 14:45:00,SRNE
7.99,8.01,7.99,8.01,3400,2021-09-22 14:46:00,SRNE
8.01,8.02,8.01,8.01,2415,2021-09-22 14:47:00,SRNE
8.01,8.02,8.0,8.0199,12842,2021-09-22 14:48:00,SRNE
8.02,8.025,8.011,8.025,3399,2021-09-22 14:49:00,SRNE
8.03,8.03,8.02,8.0201,11746,2021-09-22 14:50:00,SRNE
8.015,8.015,8.01,8.0101,7035,2021-09-22 14:51:00,SRNE
8.01,8.01,8.01,8.01,2046,2021-09-22 14:52:00,SRNE
8.0169,8.0169,8.01,8.0127,1075,2021-09-22 14:53:00,SRNE
8.0132,8.0132,8.0132,8.0132,100,2021-09-22 14:54:00,SRNE
8.015,8.015,8.01,8.01,700,2021-09-22 14:55:00,SRNE
8.01,8.01,8.0,8.01,16462,2021-09-22 14:56:00,SRNE
8.0,8.0076,8.0,8.0076,961,2021-09-22 14:57:00,SRNE
8.005,8.005,7.99,8.0,6594,2021-09-22 14:58:00,SRNE
8.0,8.005,8.0,8.0015,2280,2021-09-22 14:59:00,SRNE
8.01,8.01,7.985,7.985,11103,2021-09-22 15:00:00,SRNE
7.985,7.9999,7.9817,7.9999,5652,2021-09-22 15:01:00,SRNE
7.9999,8.0099,7.995,8.0099,4628,2021-09-22 15:02:00,SRNE
8.0019,8.0019,8.0019,8.0019,100,2021-09-22 15:03:00,SRNE
8.005,8.01,8.005,8.0094,9187,2021-09-22 15:05:00,SRNE
8.005,8.015,8.0,8.015,11624,2021-09-22 15:06:00,SRNE
8.02,8.02,8.0105,8.0105,610,2021-09-22 15:07:00,SRNE
8.015,8.015,8.01,8.0119,768,2021-09-22 15:08:00,SRNE
8.01,8.01,8.0099,8.01,7050,2021-09-22 15:09:00,SRNE
8.015,8.015,8.01,8.0101,3700,2021-09-22 15:10:00,SRNE
8.02,8.02,8.0182,8.0182,4150,2021-09-22 15:11:00,SRNE
8.015,8.02,8.0118,8.02,2100,2021-09-22 15:13:00,SRNE
8.02,8.02,8.011,8.011,4450,2021-09-22 15:14:00,SRNE
8.015,8.015,8.01,8.01,400,2021-09-22 15:15:00,SRNE
8.02,8.02,8.01,8.01,18338,2021-09-22 15:16:00,SRNE
8.0173,8.0184,8.0173,8.0184,500,2021-09-22 15:17:00,SRNE
8.0109,8.015,8.01,8.01,10520,2021-09-22 15:18:00,SRNE
8.005,8.01,8.0,8.005,12000,2021-09-22 15:19:00,SRNE
8.0009,8.0009,8.0,8.0,300,2021-09-22 15:20:00,SRNE
8.01,8.01,8.0,8.0031,1207,2021-09-22 15:21:00,SRNE
8.0024,8.01,8.0,8.0,1103,2021-09-22 15:22:00,SRNE
8.0084,8.0084,8.0,8.0,400,2021-09-22 15:23:00,SRNE
8.01,8.01,8.0,8.0,1876,2021-09-22 15:24:00,SRNE
8.005,8.01,8.0,8.0,3799,2021-09-22 15:25:00,SRNE
8.0,8.015,8.0,8.015,6313,2021-09-22 15:26:00,SRNE
8.0112,8.0112,8.0112,8.0112,2500,2021-09-22 15:27:00,SRNE
8.02,8.02,8.01,8.01,11300,2021-09-22 15:28:00,SRNE
8.02,8.02,8.01,8.01,3000,2021-09-22 15:29:00,SRNE
8.01,8.02,8.0,8.02,13185,2021-09-22 15:30:00,SRNE
8.0116,8.0186,8.01,8.01,2173,2021-09-22 15:31:00,SRNE
8.02,8.02,8.01,8.017,1450,2021-09-22 15:32:00,SRNE
8.015,8.02,8.01,8.0123,2320,2021-09-22 15:33:00,SRNE
8.02,8.04,8.015,8.04,15910,2021-09-22 15:34:00,SRNE
8.04,8.045,8.03,8.03,15037,2021-09-22 15:35:00,SRNE
8.03,8.04,8.025,8.0301,5988,2021-09-22 15:36:00,SRNE
8.0373,8.05,8.035,8.05,3703,2021-09-22 15:37:00,SRNE
8.05,8.055,8.045,8.05,9356,2021-09-22 15:38:00,SRNE
8.05,8.06,8.04,8.045,15376,2021-09-22 15:39:00,SRNE
8.0404,8.045,8.0404,8.045,1726,2021-09-22 15:40:00,SRNE
8.044,8.055,8.044,8.05,4212,2021-09-22 15:41:00,SRNE
8.05,8.0571,8.05,8.0571,400,2021-09-22 15:42:00,SRNE
8.06,8.065,8.06,8.06,9168,2021-09-22 15:43:00,SRNE
8.07,8.07,8.06,8.06,300,2021-09-22 15:44:00,SRNE
8.065,8.065,8.05,8.06,7174,2021-09-22 15:45:00,SRNE
8.0606,8.065,8.0606,8.065,5100,2021-09-22 15:46:00,SRNE
8.0614,8.065,8.0614,8.065,2200,2021-09-22 15:47:00,SRNE
8.0601,8.065,8.05,8.05,6630,2021-09-22 15:48:00,SRNE
8.0501,8.06,8.0501,8.055,9924,2021-09-22 15:50:00,SRNE
8.06,8.06,8.055,8.055,350,2021-09-22 15:51:00,SRNE
8.05,8.06,8.04,8.06,9629,2021-09-22 15:52:00,SRNE
8.06,8.065,8.06,8.06,1700,2021-09-22 15:53:00,SRNE
8.065,8.065,8.05,8.05,5250,2021-09-22 15:54:00,SRNE
8.05,8.0586,8.04,8.04,4602,2021-09-22 15:55:00,SRNE
8.05,8.05,8.0468,8.05,400,2021-09-22 15:56:00,SRNE
8.04,8.05,8.04,8.0401,2899,2021-09-22 15:57:00,SRNE
8.0499,8.0499,8.045,8.045,973,2021-09-22 15:58:00,SRNE
8.05,8.055,8.045,8.055,4422,2021-09-22 15:59:00,SRNE
8.06,8.06,8.0525,8.0525,824,2021-09-22 16:00:00,SRNE
8.05,8.055,8.05,8.055,1150,2021-09-22 16:01:00,SRNE
8.055,8.06,8.055,8.06,1100,2021-09-22 16:02:00,SRNE
8.06,8.06,8.06,8.06,385,2021-09-22 16:03:00,SRNE
8.05,8.07,8.05,8.07,18141,2021-09-22 16:04:00,SRNE
8.07,8.07,8.05,8.06,5354,2021-09-22 16:05:00,SRNE
8.06,8.0684,8.06,8.065,2316,2021-09-22 16:06:00,SRNE
8.06,8.061,8.06,8.061,600,2021-09-22 16:07:00,SRNE
8.065,8.065,8.065,8.065,100,2021-09-22 16:08:00,SRNE
8.065,8.065,8.0613,8.065,2200,2021-09-22 16:09:00,SRNE
8.06,8.0651,8.06,8.06,700,2021-09-22 16:10:00,SRNE
8.065,8.07,8.055,8.055,6200,2021-09-22 16:11:00,SRNE
8.06,8.065,8.06,8.065,3100,2021-09-22 16:12:00,SRNE
8.07,8.07,8.0601,8.0601,1737,2021-09-22 16:13:00,SRNE
8.07,8.08,8.07,8.08,12369,2021-09-22 16:14:00,SRNE
8.075,8.075,8.065,8.065,2900,2021-09-22 16:15:00,SRNE
8.065,8.065,8.065,8.065,200,2021-09-22 16:16:00,SRNE
8.0607,8.0607,8.06,8.06,9700,2021-09-22 16:17:00,SRNE
8.055,8.06,8.05,8.055,3800,2021-09-22 16:18:00,SRNE
8.058,8.06,8.05,8.05,900,2021-09-22 16:20:00,SRNE
8.0506,8.0506,8.0506,8.0506,1138,2021-09-22 16:21:00,SRNE
8.055,8.06,8.05,8.05,1550,2021-09-22 16:22:00,SRNE
8.06,8.06,8.05,8.05,4799,2021-09-22 16:23:00,SRNE
8.055,8.055,8.05,8.0503,1976,2021-09-22 16:24:00,SRNE
8.05,8.05,8.04,8.05,7607,2021-09-22 16:25:00,SRNE
8.057,8.06,8.05,8.05,5144,2021-09-22 16:26:00,SRNE
8.05,8.055,8.05,8.055,9571,2021-09-22 16:27:00,SRNE
8.05,8.055,8.05,8.055,500,2021-09-22 16:29:00,SRNE
8.055,8.06,8.055,8.055,1238,2021-09-22 16:30:00,SRNE
8.06,8.0668,8.06,8.065,7957,2021-09-22 16:31:00,SRNE
8.0609,8.07,8.06,8.07,5400,2021-09-22 16:32:00,SRNE
8.06,8.0674,8.06,8.063,2625,2021-09-22 16:33:00,SRNE
8.0699,8.0699,8.06,8.06,13519,2021-09-22 16:34:00,SRNE
8.06,8.07,8.06,8.0623,750,2021-09-22 16:35:00,SRNE
8.065,8.08,8.06,8.08,17638,2021-09-22 16:36:00,SRNE
8.08,8.08,8.07,8.0713,11624,2021-09-22 16:37:00,SRNE
8.075,8.075,8.07,8.07,5937,2021-09-22 16:38:00,SRNE
8.0792,8.0792,8.07,8.07,8550,2021-09-22 16:39:00,SRNE
8.07,8.07,8.06,8.06,4440,2021-09-22 16:40:00,SRNE
8.06,8.0641,8.06,8.06,3300,2021-09-22 16:41:00,SRNE
8.0627,8.0672,8.06,8.0672,1269,2021-09-22 16:42:00,SRNE
8.061,8.061,8.061,8.061,100,2021-09-22 16:43:00,SRNE
8.065,8.065,8.065,8.065,100,2021-09-22 16:44:00,SRNE
8.06,8.065,8.06,8.065,200,2021-09-22 16:45:00,SRNE
8.065,8.07,8.055,8.06,12108,2021-09-22 16:46:00,SRNE
8.06,8.07,8.06,8.065,1300,2021-09-22 16:47:00,SRNE
8.07,8.09,8.06,8.09,15888,2021-09-22 16:48:00,SRNE
8.0847,8.09,8.08,8.0886,11226,2021-09-22 16:49:00,SRNE
8.09,8.09,8.0809,8.09,5791,2021-09-22 16:50:00,SRNE
8.08,8.085,8.08,8.085,350,2021-09-22 16:51:00,SRNE
8.09,8.09,8.09,8.09,100,2021-09-22 16:52:00,SRNE
8.087,8.087,8.085,8.085,1333,2021-09-22 16:53:00,SRNE
8.085,8.085,8.07,8.08,18507,2021-09-22 16:54:00,SRNE
8.075,8.08,8.07,8.07,1315,2021-09-22 16:56:00,SRNE
8.08,8.08,8.07,8.0701,3821,2021-09-22 16:57:00,SRNE
8.08,8.08,8.07,8.071,3496,2021-09-22 16:58:00,SRNE
8.074,8.075,8.07,8.075,2666,2021-09-22 16:59:00,SRNE
8.075,8.08,8.07,8.07,2389,2021-09-22 17:00:00,SRNE
8.0701,8.0799,8.065,8.065,10359,2021-09-22 17:01:00,SRNE
8.0621,8.065,8.06,8.06,2599,2021-09-22 17:02:00,SRNE
8.0602,8.07,8.0602,8.07,2100,2021-09-22 17:03:00,SRNE
8.065,8.075,8.065,8.0711,6998,2021-09-22 17:04:00,SRNE
8.07,8.075,8.07,8.075,300,2021-09-22 17:05:00,SRNE
8.075,8.075,8.06,8.061,4449,2021-09-22 17:06:00,SRNE
8.065,8.065,8.06,8.06,700,2021-09-22 17:07:00,SRNE
8.0612,8.07,8.055,8.07,16564,2021-09-22 17:08:00,SRNE
8.065,8.08,8.065,8.0714,7308,2021-09-22 17:09:00,SRNE
8.08,8.08,8.075,8.075,763,2021-09-22 17:10:00,SRNE
8.0789,8.0789,8.07,8.0707,6300,2021-09-22 17:11:00,SRNE
8.08,8.08,8.069,8.069,3895,2021-09-22 17:12:00,SRNE
8.06,8.07,8.06,8.07,4153,2021-09-22 17:13:00,SRNE
8.065,8.075,8.06,8.065,5217,2021-09-22 17:14:00,SRNE
8.06,8.06,8.05,8.0549,2959,2021-09-22 17:15:00,SRNE
8.06,8.06,8.0527,8.055,939,2021-09-22 17:16:00,SRNE
8.0556,8.06,8.05,8.05,2601,2021-09-22 17:17:00,SRNE
8.055,8.055,8.04,8.054,7375,2021-09-22 17:18:00,SRNE
8.055,8.055,8.01,8.03,100569,2021-09-22 17:19:00,SRNE
8.0321,8.04,8.03,8.035,1363,2021-09-22 17:20:00,SRNE
8.035,8.04,8.03,8.035,3959,2021-09-22 17:21:00,SRNE
8.035,8.0399,8.0309,8.035,2900,2021-09-22 17:22:00,SRNE
8.035,8.035,8.0338,8.035,300,2021-09-22 17:23:00,SRNE
8.039,8.039,8.02,8.025,5404,2021-09-22 17:24:00,SRNE
8.03,8.04,8.03,8.04,3243,2021-09-22 17:25:00,SRNE
8.035,8.04,8.03,8.03,4949,2021-09-22 17:26:00,SRNE
8.035,8.035,8.03,8.035,1400,2021-09-22 17:27:00,SRNE
8.035,8.04,8.03,8.03,2200,2021-09-22 17:28:00,SRNE
8.04,8.045,8.0378,8.04,5107,2021-09-22 17:29:00,SRNE
8.04,8.04,8.03,8.04,4899,2021-09-22 17:30:00,SRNE
8.04,8.055,8.04,8.055,3355,2021-09-22 17:31:00,SRNE
8.05,8.055,8.05,8.0501,1100,2021-09-22 17:32:00,SRNE
8.06,8.06,8.0529,8.0529,3650,2021-09-22 17:33:00,SRNE
8.06,8.06,8.0501,8.06,9501,2021-09-22 17:34:00,SRNE
8.055,8.06,8.052,8.06,6580,2021-09-22 17:35:00,SRNE
8.06,8.07,8.06,8.0609,4610,2021-09-22 17:36:00,SRNE
8.07,8.07,8.06,8.07,3900,2021-09-22 17:37:00,SRNE
8.065,8.065,8.065,8.065,100,2021-09-22 17:38:00,SRNE
8.065,8.07,8.0603,8.0698,5900,2021-09-22 17:39:00,SRNE
8.065,8.065,8.05,8.06,5527,2021-09-22 17:40:00,SRNE
8.055,8.07,8.055,8.07,14876,2021-09-22 17:41:00,SRNE
8.06,8.07,8.05,8.05,7417,2021-09-22 17:42:00,SRNE
8.06,8.0699,8.05,8.0559,7579,2021-09-22 17:44:00,SRNE
8.0578,8.0578,8.04,8.05,5206,2021-09-22 17:45:00,SRNE
8.05,8.05,8.03,8.03,6369,2021-09-22 17:46:00,SRNE
8.04,8.04,8.0301,8.0301,1200,2021-09-22 17:47:00,SRNE
8.04,8.04,8.04,8.04,100,2021-09-22 17:48:00,SRNE
8.035,8.04,8.03,8.04,6900,2021-09-22 17:49:00,SRNE
8.035,8.04,8.035,8.035,400,2021-09-22 17:50:00,SRNE
8.031,8.035,8.02,8.02,5100,2021-09-22 17:51:00,SRNE
8.025,8.03,8.01,8.02,32804,2021-09-22 17:52:00,SRNE
8.0116,8.0116,8.0116,8.0116,100,2021-09-22 17:53:00,SRNE
8.015,8.0171,8.015,8.0171,400,2021-09-22 17:54:00,SRNE
8.01,8.0131,8.005,8.01,10498,2021-09-22 17:55:00,SRNE
8.01,8.015,8.01,8.01,3600,2021-09-22 17:56:00,SRNE
8.02,8.02,8.01,8.01,200,2021-09-22 17:57:00,SRNE
8.015,8.015,8.005,8.005,2400,2021-09-22 17:58:00,SRNE
8.01,8.015,8.01,8.01,3125,2021-09-22 17:59:00,SRNE
8.01,8.02,8.01,8.02,6583,2021-09-22 18:00:00,SRNE
8.03,8.03,8.015,8.02,2296,2021-09-22 18:01:00,SRNE
8.02,8.02,8.02,8.02,500,2021-09-22 18:02:00,SRNE
8.0216,8.04,8.0216,8.04,10278,2021-09-22 18:03:00,SRNE
8.05,8.06,8.05,8.06,5137,2021-09-22 18:04:00,SRNE
8.06,8.06,8.04,8.045,4518,2021-09-22 18:05:00,SRNE
8.05,8.05,8.045,8.045,200,2021-09-22 18:06:00,SRNE
8.05,8.06,8.04,8.045,4776,2021-09-22 18:07:00,SRNE
8.0473,8.0473,8.04,8.04,1925,2021-09-22 18:08:00,SRNE
8.05,8.06,8.05,8.06,1706,2021-09-22 18:09:00,SRNE
8.055,8.06,8.0511,8.055,2300,2021-09-22 18:10:00,SRNE
8.06,8.07,8.0573,8.07,15827,2021-09-22 18:11:00,SRNE
8.07,8.07,8.065,8.065,600,2021-09-22 18:12:00,SRNE
8.07,8.08,8.0601,8.08,3346,2021-09-22 18:13:00,SRNE
8.075,8.08,8.075,8.08,13751,2021-09-22 18:14:00,SRNE
8.0799,8.1,8.07,8.0801,78515,2021-09-22 18:15:00,SRNE
8.09,8.0917,8.085,8.085,10875,2021-09-22 18:16:00,SRNE
8.09,8.1,8.085,8.085,19999,2021-09-22 18:17:00,SRNE
8.09,8.1,8.09,8.09,3870,2021-09-22 18:18:00,SRNE
8.1,8.1,8.055,8.055,13151,2021-09-22 18:19:00,SRNE
8.05,8.06,8.05,8.06,3581,2021-09-22 18:20:00,SRNE
8.05,8.0588,8.05,8.0588,7042,2021-09-22 18:21:00,SRNE
8.05,8.06,8.05,8.0576,1900,2021-09-22 18:22:00,SRNE
8.05,8.05,8.04,8.04,6710,2021-09-22 18:23:00,SRNE
8.04,8.06,8.04,8.06,4797,2021-09-22 18:24:00,SRNE
8.055,8.06,8.05,8.06,3317,2021-09-22 18:25:00,SRNE
8.06,8.075,8.06,8.075,8649,2021-09-22 18:26:00,SRNE
8.075,8.08,8.07,8.08,7594,2021-09-22 18:27:00,SRNE
8.08,8.08,8.0701,8.075,2198,2021-09-22 18:28:00,SRNE
8.08,8.085,8.075,8.085,14108,2021-09-22 18:29:00,SRNE
8.09,8.09,8.0809,8.085,6864,2021-09-22 18:30:00,SRNE
8.09,8.09,8.07,8.07,21108,2021-09-22 18:31:00,SRNE
8.075,8.08,8.07,8.08,2500,2021-09-22 18:32:00,SRNE
8.08,8.09,8.07,8.08,9022,2021-09-22 18:33:00,SRNE
8.085,8.089,8.08,8.085,6790,2021-09-22 18:34:00,SRNE
8.08,8.09,8.08,8.085,9178,2021-09-22 18:35:00,SRNE
8.09,8.09,8.06,8.07,13564,2021-09-22 18:36:00,SRNE
8.065,8.075,8.065,8.075,1500,2021-09-22 18:37:00,SRNE
8.08,8.0899,8.08,8.0801,2000,2021-09-22 18:38:00,SRNE
8.085,8.09,8.07,8.075,5282,2021-09-22 18:39:00,SRNE
8.07,8.075,8.05,8.07,13224,2021-09-22 18:40:00,SRNE
8.06,8.065,8.06,8.0613,1400,2021-09-22 18:41:00,SRNE
8.0635,8.07,8.0618,8.065,11048,2021-09-22 18:42:00,SRNE
8.06,8.065,8.06,8.0612,2039,2021-09-22 18:43:00,SRNE
8.0699,8.0699,8.05,8.05,13054,2021-09-22 18:44:00,SRNE
8.05,8.06,8.04,8.06,14290,2021-09-22 18:45:00,SRNE
8.06,8.06,8.04,8.0509,4515,2021-09-22 18:46:00,SRNE
8.05,8.06,8.05,8.051,3030,2021-09-22 18:47:00,SRNE
8.05,8.05,8.03,8.035,10661,2021-09-22 18:48:00,SRNE
8.03,8.047,8.03,8.04,3677,2021-09-22 18:49:00,SRNE
8.03,8.03,8.01,8.02,6000,2021-09-22 18:50:00,SRNE
8.0178,8.02,8.0176,8.02,1850,2021-09-22 18:51:00,SRNE
8.02,8.03,8.015,8.02,6931,2021-09-22 18:52:00,SRNE
8.03,8.04,8.02,8.04,4152,2021-09-22 18:53:00,SRNE
8.04,8.05,8.04,8.04,5600,2021-09-22 18:54:00,SRNE
8.04,8.05,8.04,8.04,4050,2021-09-22 18:55:00,SRNE
8.04,8.045,8.04,8.04,8396,2021-09-22 18:56:00,SRNE
8.0311,8.0311,8.02,8.03,1300,2021-09-22 18:57:00,SRNE
8.03,8.03,8.02,8.02,1800,2021-09-22 18:58:00,SRNE
8.03,8.04,8.0233,8.0318,12121,2021-09-22 18:59:00,SRNE
8.03,8.03,8.02,8.03,4980,2021-09-22 19:00:00,SRNE
8.03,8.03,8.02,8.03,2100,2021-09-22 19:01:00,SRNE
8.04,8.04,8.03,8.04,700,2021-09-22 19:02:00,SRNE
8.04,8.04,8.03,8.04,1400,2021-09-22 19:03:00,SRNE
8.03,8.04,8.015,8.015,10756,2021-09-22 19:04:00,SRNE
8.015,8.02,8.01,8.01,4101,2021-09-22 19:05:00,SRNE
8.015,8.02,8.0,8.005,8043,2021-09-22 19:06:00,SRNE
8.01,8.03,8.01,8.025,5269,2021-09-22 19:07:00,SRNE
8.03,8.03,8.03,8.03,200,2021-09-22 19:08:00,SRNE
8.025,8.03,8.02,8.025,3800,2021-09-22 19:09:00,SRNE
8.025,8.04,8.025,8.04,7303,2021-09-22 19:10:00,SRNE
8.0399,8.04,8.03,8.04,8045,2021-09-22 19:11:00,SRNE
8.035,8.05,8.0332,8.045,2488,2021-09-22 19:12:00,SRNE
8.05,8.05,8.035,8.035,4804,2021-09-22 19:13:00,SRNE
8.03,8.05,8.03,8.035,9363,2021-09-22 19:14:00,SRNE
8.03,8.035,8.03,8.035,900,2021-09-22 19:15:00,SRNE
8.04,8.04,8.03,8.04,3604,2021-09-22 19:16:00,SRNE
8.04,8.045,8.035,8.04,4500,2021-09-22 19:17:00,SRNE
8.035,8.0379,8.02,8.025,8631,2021-09-22 19:18:00,SRNE
8.025,8.04,8.02,8.04,3052,2021-09-22 19:19:00,SRNE
8.04,8.04,8.03,8.035,3813,2021-09-22 19:20:00,SRNE
8.04,8.04,8.03,8.04,1600,2021-09-22 19:21:00,SRNE
8.04,8.05,8.035,8.05,6054,2021-09-22 19:22:00,SRNE
8.04,8.045,8.03,8.0349,3157,2021-09-22 19:23:00,SRNE
8.03,8.03,8.0199,8.025,5306,2021-09-22 19:24:00,SRNE
8.025,8.03,8.005,8.005,12606,2021-09-22 19:25:00,SRNE
8.01,8.02,8.01,8.02,4832,2021-09-22 19:26:00,SRNE
8.02,8.025,8.02,8.02,4436,2021-09-22 19:27:00,SRNE
8.02,8.02,8.01,8.015,5097,2021-09-22 19:28:00,SRNE
8.02,8.02,8.01,8.02,2143,2021-09-22 19:29:00,SRNE
8.015,8.02,8.015,8.02,2450,2021-09-22 19:30:00,SRNE
8.02,8.02,8.0112,8.02,4025,2021-09-22 19:31:00,SRNE
8.02,8.03,8.01,8.03,15023,2021-09-22 19:32:00,SRNE
8.025,8.025,8.005,8.005,4273,2021-09-22 19:33:00,SRNE
8.005,8.015,8.005,8.015,8924,2021-09-22 19:34:00,SRNE
8.01,8.02,8.0001,8.02,6217,2021-09-22 19:35:00,SRNE
8.015,8.03,8.01,8.01,10191,2021-09-22 19:36:00,SRNE
8.02,8.02,8.0131,8.0131,416,2021-09-22 19:37:00,SRNE
8.02,8.02,8.005,8.01,9112,2021-09-22 19:38:00,SRNE
8.01,8.02,8.0,8.02,8621,2021-09-22 19:39:00,SRNE
8.0134,8.02,8.0134,8.02,957,2021-09-22 19:40:00,SRNE
8.015,8.02,8.0146,8.02,6115,2021-09-22 19:41:00,SRNE
8.015,8.02,8.0,8.005,110806,2021-09-22 19:42:00,SRNE
8.005,8.005,8.0,8.005,1320,2021-09-22 19:43:00,SRNE
8.005,8.01,8.003,8.005,8760,2021-09-22 19:44:00,SRNE
8.01,8.01,8.0001,8.005,10862,2021-09-22 19:45:00,SRNE
8.01,8.03,8.01,8.03,5869,2021-09-22 19:46:00,SRNE
8.025,8.025,8.02,8.02,3183,2021-09-22 19:47:00,SRNE
8.025,8.0276,8.01,8.011,10385,2021-09-22 19:48:00,SRNE
8.01,8.015,8.0,8.0,9225,2021-09-22 19:49:00,SRNE
8.0,8.01,7.99,7.995,8403,2021-09-22 19:50:00,SRNE
8.0,8.01,7.99,7.99,14031,2021-09-22 19:51:00,SRNE
7.99,8.0,7.99,8.0,18935,2021-09-22 19:52:00,SRNE
8.0,8.0,7.99,7.9983,14148,2021-09-22 19:53:00,SRNE
7.99,8.005,7.99,8.0,29106,2021-09-22 19:54:00,SRNE
7.99,7.995,7.98,7.99,20650,2021-09-22 19:55:00,SRNE
7.9899,7.99,7.98,7.985,9642,2021-09-22 19:56:00,SRNE
7.99,7.99,7.98,7.99,19962,2021-09-22 19:57:00,SRNE
7.99,7.99,7.9717,7.985,36321,2021-09-22 19:58:00,SRNE
7.99,8.0,7.99,7.99,48307,2021-09-22 19:59:00,SRNE
7.99,7.99,7.99,7.99,147224,2021-09-22 20:00:00,SRNE
7.99,7.99,7.99,7.99,3122,2021-09-22 20:01:00,SRNE
7.99,7.99,7.99,7.99,3835,2021-09-22 20:02:00,SRNE
8.0,8.0,8.0,8.0,100,2021-09-22 20:11:00,SRNE
7.97,8.0,7.97,8.0,1200,2021-09-22 20:12:00,SRNE
8.0,8.0,8.0,8.0,200,2021-09-22 20:19:00,SRNE
8.0,8.0,8.0,8.0,1875,2021-09-22 20:25:00,SRNE
8.0,8.0,8.0,8.0,100,2021-09-22 20:26:00,SRNE
8.0,8.0,8.0,8.0,3006,2021-09-22 20:30:00,SRNE
8.0,8.0,8.0,8.0,200,2021-09-22 20:40:00,SRNE
8.0,8.0,8.0,8.0,300,2021-09-22 20:41:00,SRNE
7.99,7.99,7.99,7.99,3185,2021-09-22 20:55:00,SRNE
8.03,8.03,8.03,8.03,912,2021-09-22 20:56:00,SRNE
8.02,8.02,8.02,8.02,250,2021-09-22 21:09:00,SRNE
8.02,8.02,8.02,8.02,800,2021-09-22 21:13:00,SRNE
8.0,8.0,8.0,8.0,909,2021-09-22 21:26:00,SRNE
8.03,8.03,8.03,8.03,300,2021-09-22 22:14:00,SRNE
8.03,8.03,8.03,8.03,584,2021-09-22 22:17:00,SRNE
8.01,8.01,8.01,8.01,100,2021-09-22 22:34:00,SRNE
8.03,8.03,8.03,8.03,100,2021-09-22 22:55:00,SRNE
8.03,8.03,8.03,8.03,100,2021-09-22 23:26:00,SRNE
8.01,8.01,8.01,8.01,100,2021-09-22 23:32:00,SRNE
8.0,8.02,8.0,8.02,998,2021-09-22 23:43:00,SRNE
8.02,8.02,8.02,8.02,484,2021-09-22 23:45:00,SRNE
8.01,8.01,8.01,8.01,400,2021-09-22 23:56:00,SRNE
8.03,8.03,8.03,8.03,200,2021-09-23 11:16:00,SRNE
8.03,8.03,8.03,8.03,100,2021-09-23 11:17:00,SRNE
8.03,8.04,8.03,8.04,900,2021-09-23 11:42:00,SRNE
8.04,8.04,8.04,8.04,100,2021-09-23 12:02:00,SRNE
8.04,8.04,8.04,8.04,1000,2021-09-23 12:10:00,SRNE
8.04,8.04,8.04,8.04,499,2021-09-23 12:21:00,SRNE
8.05,8.05,8.05,8.05,100,2021-09-23 12:24:00,SRNE
8.06,8.06,8.06,8.06,600,2021-09-23 12:32:00,SRNE
8.05,8.05,8.05,8.05,3484,2021-09-23 12:37:00,SRNE
8.04,8.05,8.04,8.05,397,2021-09-23 12:40:00,SRNE
8.05,8.05,8.05,8.05,500,2021-09-23 12:41:00,SRNE
8.05,8.05,8.05,8.05,203,2021-09-23 12:48:00,SRNE
8.05,8.08,8.05,8.08,1483,2021-09-23 12:54:00,SRNE
8.08,8.08,8.08,8.08,1200,2021-09-23 12:56:00,SRNE
8.08,8.08,8.08,8.08,3038,2021-09-23 12:57:00,SRNE
8.04,8.04,8.04,8.04,500,2021-09-23 13:06:00,SRNE
8.04,8.04,8.04,8.04,100,2021-09-23 13:07:00,SRNE
8.05,8.05,8.05,8.05,100,2021-09-23 13:10:00,SRNE
8.04,8.04,8.04,8.04,1000,2021-09-23 13:18:00,SRNE
8.03,8.03,8.02,8.02,1900,2021-09-23 13:25:00,SRNE
8.08,8.08,8.08,8.08,384,2021-09-23 13:27:00,SRNE
8.0371,8.07,8.02,8.06,54975,2021-09-23 13:30:00,SRNE
8.05,8.075,8.02,8.07,10020,2021-09-23 13:31:00,SRNE
8.08,8.103,8.0712,8.1,10304,2021-09-23 13:32:00,SRNE
8.1,8.1,8.09,8.1,12852,2021-09-23 13:33:00,SRNE
8.09,8.095,8.07,8.08,16258,2021-09-23 13:34:00,SRNE
8.09,8.11,8.09,8.09,36067,2021-09-23 13:35:00,SRNE
8.0901,8.1,8.09,8.0906,29806,2021-09-23 13:36:00,SRNE
8.095,8.1,8.07,8.07,5771,2021-09-23 13:37:00,SRNE
8.075,8.075,8.069,8.07,5816,2021-09-23 13:38:00,SRNE
8.08,8.08,8.0732,8.0732,1300,2021-09-23 13:39:00,SRNE
8.07,8.07,8.041,8.05,5700,2021-09-23 13:40:00,SRNE
8.0513,8.115,8.051,8.11,38692,2021-09-23 13:41:00,SRNE
8.1019,8.1029,8.067,8.067,7150,2021-09-23 13:42:00,SRNE
8.07,8.07,8.04,8.04,9350,2021-09-23 13:43:00,SRNE
8.045,8.05,8.04,8.04,6500,2021-09-23 13:44:00,SRNE
8.041,8.041,8.03,8.03,4899,2021-09-23 13:45:00,SRNE
8.03,8.03,8.01,8.01,23992,2021-09-23 13:46:00,SRNE
8.0,8.0287,8.0,8.015,14695,2021-09-23 13:47:00,SRNE
8.03,8.0399,8.01,8.0399,1500,2021-09-23 13:48:00,SRNE
8.0345,8.04,8.0301,8.0301,3300,2021-09-23 13:49:00,SRNE
8.03,8.05,8.03,8.03,3786,2021-09-23 13:50:00,SRNE
8.025,8.05,8.0209,8.04,3300,2021-09-23 13:51:00,SRNE
8.0461,8.06,8.0461,8.06,10490,2021-09-23 13:52:00,SRNE
8.0592,8.06,8.03,8.03,13230,2021-09-23 13:53:00,SRNE
8.03,8.05,8.03,8.0337,5845,2021-09-23 13:54:00,SRNE
8.05,8.05,8.0457,8.05,3092,2021-09-23 13:55:00,SRNE
8.0501,8.06,8.045,8.045,4766,2021-09-23 13:56:00,SRNE
8.05,8.0557,8.05,8.0501,3684,2021-09-23 13:57:00,SRNE
8.06,8.06,8.0519,8.06,4973,2021-09-23 13:58:00,SRNE
8.05,8.065,8.045,8.065,13113,2021-09-23 13:59:00,SRNE
8.07,8.07,8.0545,8.0545,4700,2021-09-23 14:00:00,SRNE
8.0501,8.0501,8.02,8.02,21993,2021-09-23 14:01:00,SRNE
8.02,8.02,8.0,8.003,29047,2021-09-23 14:02:00,SRNE
8.005,8.03,8.005,8.0121,6263,2021-09-23 14:03:00,SRNE
8.0101,8.0199,8.005,8.01,4174,2021-09-23 14:04:00,SRNE
8.0,8.01,8.0,8.0023,8750,2021-09-23 14:05:00,SRNE
8.01,8.01,8.0,8.0025,4330,2021-09-23 14:06:00,SRNE
8.0,8.0,7.975,7.98,42142,2021-09-23 14:07:00,SRNE
7.98,7.98,7.97,7.97,1100,2021-09-23 14:08:00,SRNE
7.975,7.99,7.9718,7.98,12007,2021-09-23 14:09:00,SRNE
7.9808,8.0,7.97,8.0,18318,2021-09-23 14:10:00,SRNE
8.01,8.01,7.99,7.995,12900,2021-09-23 14:11:00,SRNE
7.995,7.9978,7.99,7.9978,2790,2021-09-23 14:12:00,SRNE
7.9989,8.0,7.995,7.995,2301,2021-09-23 14:13:00,SRNE
8.0,8.0,7.99,7.99,7641,2021-09-23 14:14:00,SRNE
7.985,7.9869,7.9687,7.985,15861,2021-09-23 14:15:00,SRNE
7.98,7.99,7.98,7.99,1700,2021-09-23 14:16:00,SRNE
8.0,8.0,7.99,7.99,5178,2021-09-23 14:17:00,SRNE
7.995,8.0,7.995,8.0,2209,2021-09-23 14:18:00,SRNE
7.9978,7.9991,7.98,7.98,8721,2021-09-23 14:19:00,SRNE
7.97,7.98,7.97,7.97,21478,2021-09-23 14:20:00,SRNE
7.9713,7.975,7.97,7.975,1210,2021-09-23 14:21:00,SRNE
7.9799,7.98,7.96,7.96,3257,2021-09-23 14:22:00,SRNE
7.96,7.98,7.96,7.97,12048,2021-09-23 14:23:00,SRNE
7.9699,7.98,7.9699,7.975,4728,2021-09-23 14:24:00,SRNE
7.979,7.979,7.967,7.975,5947,2021-09-23 14:25:00,SRNE
7.975,7.99,7.975,7.9813,9320,2021-09-23 14:26:00,SRNE
7.98,7.98,7.975,7.98,2680,2021-09-23 14:27:00,SRNE
7.981,7.981,7.981,7.981,300,2021-09-23 14:28:00,SRNE
7.9899,7.99,7.98,7.9813,6569,2021-09-23 14:29:00,SRNE
7.99,7.99,7.98,7.98,4560,2021-09-23 14:30:00,SRNE
7.98,7.9979,7.98,7.9946,5326,2021-09-23 14:31:00,SRNE
7.995,7.995,7.995,7.995,200,2021-09-23 14:32:00,SRNE
7.9901,7.9984,7.99,7.9984,2500,2021-09-23 14:33:00,SRNE
7.995,8.0,7.99,8.0,10630,2021-09-23 14:34:00,SRNE
7.99,7.99,7.96,7.98,37386,2021-09-23 14:35:00,SRNE
7.97,7.97,7.9619,7.965,1400,2021-09-23 14:36:00,SRNE
7.97,7.9789,7.97,7.9708,2814,2021-09-23 14:37:00,SRNE
7.97,7.98,7.97,7.97,4816,2021-09-23 14:38:00,SRNE
7.9682,7.97,7.96,7.97,20104,2021-09-23 14:39:00,SRNE
7.97,7.98,7.965,7.965,11676,2021-09-23 14:40:00,SRNE
7.969,7.98,7.969,7.9799,13994,2021-09-23 14:41:00,SRNE
7.97,7.9783,7.97,7.9783,5227,2021-09-23 14:42:00,SRNE
7.972,7.972,7.963,7.963,4424,2021-09-23 14:43:00,SRNE
7.96,7.97,7.96,7.96,6438,2021-09-23 14:44:00,SRNE
7.96,7.97,7.96,7.97,2100,2021-09-23 14:45:00,SRNE
7.96,7.97,7.96,7.965,2500,2021-09-23 14:46:00,SRNE
7.965,7.97,7.96,7.96,3367,2021-09-23 14:47:00,SRNE
7.965,7.9699,7.965,7.9699,1300,2021-09-23 14:48:00,SRNE
7.96,7.96,7.96,7.96,200,2021-09-23 14:49:00,SRNE
7.96,7.98,7.9535,7.97,17193,2021-09-23 14:50:00,SRNE
7.965,7.97,7.965,7.97,300,2021-09-23 14:51:00,SRNE
7.969,7.97,7.963,7.97,2178,2021-09-23 14:52:00,SRNE
7.9682,7.97,7.9682,7.97,350,2021-09-23 14:53:00,SRNE
7.96,7.965,7.94,7.95,31146,2021-09-23 14:54:00,SRNE
7.95,7.96,7.95,7.96,4681,2021-09-23 14:55:00,SRNE
7.96,7.965,7.9501,7.9633,8836,2021-09-23 14:56:00,SRNE
7.96,7.9678,7.96,7.96,11572,2021-09-23 14:57:00,SRNE
7.96,7.96,7.9501,7.9501,1935,2021-09-23 14:58:00,SRNE
7.9519,7.955,7.95,7.955,8248,2021-09-23 14:59:00,SRNE
7.9599,7.9599,7.95,7.95,1750,2021-09-23 15:00:00,SRNE
7.9582,7.965,7.9521,7.965,2615,2021-09-23 15:01:00,SRNE
7.9627,7.9697,7.9627,7.9688,2933,2021-09-23 15:02:00,SRNE
7.96,7.97,7.96,7.9603,1801,2021-09-23 15:03:00,SRNE
7.9699,7.97,7.96,7.9625,920,2021-09-23 15:04:00,SRNE
7.9669,7.97,7.96,7.97,2250,2021-09-23 15:05:00,SRNE
7.965,7.97,7.96,7.965,5850,2021-09-23 15:06:00,SRNE
7.9699,7.97,7.96,7.96,2322,2021-09-23 15:07:00,SRNE
7.97,7.97,7.95,7.9591,13490,2021-09-23 15:08:00,SRNE
7.955,7.965,7.95,7.96,5509,2021-09-23 15:09:00,SRNE
7.9689,7.9689,7.95,7.955,8873,2021-09-23 15:10:00,SRNE
7.96,7.97,7.96,7.97,2451,2021-09-23 15:11:00,SRNE
7.96,7.96,7.96,7.96,1903,2021-09-23 15:12:00,SRNE
7.9616,7.9693,7.9616,7.965,1600,2021-09-23 15:13:00,SRNE
7.97,7.97,7.965,7.97,300,2021-09-23 15:14:00,SRNE
7.97,7.987,7.965,7.987,8302,2021-09-23 15:15:00,SRNE
7.9865,7.9897,7.98,7.9856,3641,2021-09-23 15:16:00,SRNE
7.985,7.989,7.985,7.989,500,2021-09-23 15:17:00,SRNE
7.99,7.99,7.97,7.97,7114,2021-09-23 15:18:00,SRNE
7.9785,7.99,7.9785,7.99,5123,2021-09-23 15:19:00,SRNE
7.9854,7.9857,7.985,7.9857,1710,2021-09-23 15:20:00,SRNE
7.985,7.99,7.985,7.985,1510,2021-09-23 15:21:00,SRNE
7.99,7.99,7.985,7.99,1330,2021-09-23 15:22:00,SRNE
7.99,7.99,7.98,7.985,2650,2021-09-23 15:23:00,SRNE
7.99,8.0,7.985,7.99,6859,2021-09-23 15:24:00,SRNE
7.99,8.0,7.99,7.9919,3212,2021-09-23 15:25:00,SRNE
8.0,8.0,8.0,8.0,100,2021-09-23 15:26:00,SRNE
7.9921,8.0,7.9921,7.995,5950,2021-09-23 15:27:00,SRNE
7.99,8.0,7.99,8.0,488,2021-09-23 15:28:00,SRNE
7.99,8.0,7.99,7.9914,7700,2021-09-23 15:29:00,SRNE
7.995,8.0,7.995,7.999,5658,2021-09-23 15:30:00,SRNE
7.995,8.0,7.995,8.0,361,2021-09-23 15:31:00,SRNE
8.0,8.0,7.999,7.999,700,2021-09-23 15:32:00,SRNE
7.99,7.995,7.98,7.98,5100,2021-09-23 15:33:00,SRNE
7.98,7.98,7.96,7.97,2955,2021-09-23 15:34:00,SRNE
7.965,7.9674,7.965,7.9674,300,2021-09-23 15:35:00,SRNE
7.97,8.0,7.97,8.0,22229,2021-09-23 15:36:00,SRNE
7.9901,8.0,7.9901,7.995,1407,2021-09-23 15:37:00,SRNE
8.0,8.02,7.99,8.02,17986,2021-09-23 15:38:00,SRNE
8.02,8.035,8.016,8.0206,20251,2021-09-23 15:39:00,SRNE
8.02,8.0201,8.012,8.02,13609,2021-09-23 15:40:00,SRNE
8.0296,8.03,8.0296,8.03,7213,2021-09-23 15:41:00,SRNE
8.035,8.0382,8.03,8.03,9235,2021-09-23 15:42:00,SRNE
8.0299,8.03,8.0299,8.03,2700,2021-09-23 15:43:00,SRNE
8.03,8.03,8.025,8.027,6400,2021-09-23 15:44:00,SRNE
8.025,8.03,8.025,8.03,2483,2021-09-23 15:45:00,SRNE
8.03,8.03,8.03,8.03,600,2021-09-23 15:46:00,SRNE
8.03,8.05,8.03,8.05,5812,2021-09-23 15:47:00,SRNE
8.05,8.05,8.045,8.05,1360,2021-09-23 15:48:00,SRNE
8.0499,8.05,8.0413,8.05,3000,2021-09-23 15:49:00,SRNE
8.0488,8.05,8.0424,8.05,4800,2021-09-23 15:50:00,SRNE
8.0508,8.06,8.05,8.06,3925,2021-09-23 15:51:00,SRNE
8.055,8.06,8.05,8.052,1100,2021-09-23 15:52:00,SRNE
8.055,8.055,8.04,8.04,5355,2021-09-23 15:53:00,SRNE
8.04,8.05,8.0322,8.05,4264,2021-09-23 15:54:00,SRNE
8.05,8.055,8.04,8.055,1758,2021-09-23 15:55:00,SRNE
8.0554,8.06,8.0554,8.06,1701,2021-09-23 15:56:00,SRNE
8.06,8.06,8.06,8.06,100,2021-09-23 15:57:00,SRNE
8.054,8.06,8.054,8.06,1900,2021-09-23 15:58:00,SRNE
8.055,8.06,8.051,8.051,10758,2021-09-23 15:59:00,SRNE
8.055,8.055,8.045,8.05,3780,2021-09-23 16:00:00,SRNE
8.0426,8.05,8.04,8.0416,3653,2021-09-23 16:01:00,SRNE
8.0415,8.0418,8.0412,8.0412,1216,2021-09-23 16:02:00,SRNE
8.045,8.045,8.0405,8.045,2164,2021-09-23 16:03:00,SRNE
8.0419,8.05,8.04,8.05,10101,2021-09-23 16:04:00,SRNE
8.05,8.05,8.04,8.04,3317,2021-09-23 16:05:00,SRNE
8.045,8.045,8.045,8.045,2000,2021-09-23 16:06:00,SRNE
8.045,8.05,8.045,8.05,6515,2021-09-23 16:07:00,SRNE
8.045,8.045,8.03,8.03,11525,2021-09-23 16:08:00,SRNE
8.035,8.035,8.02,8.0301,9590,2021-09-23 16:09:00,SRNE
8.03,8.04,8.03,8.035,4174,2021-09-23 16:10:00,SRNE
8.032,8.04,8.03,8.04,1098,2021-09-23 16:11:00,SRNE
8.035,8.0387,8.0318,8.0387,2100,2021-09-23 16:12:00,SRNE
8.04,8.04,8.01,8.02,32213,2021-09-23 16:13:00,SRNE
8.03,8.03,8.02,8.02,942,2021-09-23 16:14:00,SRNE
8.025,8.025,8.02,8.02,300,2021-09-23 16:15:00,SRNE
8.025,8.03,8.02,8.02,839,2021-09-23 16:16:00,SRNE
8.02,8.03,8.02,8.03,1361,2021-09-23 16:17:00,SRNE
8.03,8.03,8.02,8.025,14011,2021-09-23 16:18:00,SRNE
8.025,8.025,8.02,8.02,400,2021-09-23 16:19:00,SRNE
8.0216,8.03,8.02,8.025,700,2021-09-23 16:20:00,SRNE
8.02,8.0276,8.02,8.0276,749,2021-09-23 16:21:00,SRNE
8.03,8.03,8.025,8.025,9119,2021-09-23 16:22:00,SRNE
8.02,8.03,8.0194,8.0237,4661,2021-09-23 16:23:00,SRNE
8.025,8.03,8.025,8.03,1100,2021-09-23 16:24:00,SRNE
8.025,8.03,8.015,8.02,4029,2021-09-23 16:25:00,SRNE
8.02,8.03,8.02,8.02,3463,2021-09-23 16:26:00,SRNE
8.025,8.03,8.02,8.02,1866,2021-09-23 16:27:00,SRNE
8.0217,8.0217,8.02,8.02,349,2021-09-23 16:28:00,SRNE
8.025,8.025,8.02,8.0201,1000,2021-09-23 16:29:00,SRNE
8.025,8.025,8.025,8.025,650,2021-09-23 16:30:00,SRNE
8.025,8.025,8.02,8.02,300,2021-09-23 16:31:00,SRNE
8.0272,8.0272,8.025,8.025,300,2021-09-23 16:32:00,SRNE
8.025,8.03,8.02,8.02,2800,2021-09-23 16:34:00,SRNE
8.02,8.03,8.02,8.0224,1620,2021-09-23 16:35:00,SRNE
8.025,8.025,8.02,8.02,1208,2021-09-23 16:36:00,SRNE
8.025,8.025,8.01,8.0211,11182,2021-09-23 16:37:00,SRNE
8.02,8.02,8.01,8.01,2400,2021-09-23 16:38:00,SRNE
8.02,8.025,8.02,8.0211,4140,2021-09-23 16:39:00,SRNE
8.02,8.021,8.01,8.01,6006,2021-09-23 16:40:00,SRNE
8.01,8.02,8.01,8.02,5412,2021-09-23 16:41:00,SRNE
8.015,8.025,8.01,8.0199,10279,2021-09-23 16:42:00,SRNE
8.019,8.0214,8.019,8.02,5306,2021-09-23 16:43:00,SRNE
8.02,8.03,8.02,8.025,2806,2021-09-23 16:44:00,SRNE
8.025,8.03,8.02,8.0254,1900,2021-09-23 16:45:00,SRNE
8.0214,8.03,8.0214,8.03,1208,2021-09-23 16:46:00,SRNE
8.02,8.03,8.01,8.02,25208,2021-09-23 16:47:00,SRNE
8.02,8.03,8.02,8.02,9002,2021-09-23 16:48:00,SRNE
8.03,8.045,8.025,8.045,26508,2021-09-23 16:49:00,SRNE
8.05,8.05,8.03,8.033,8127,2021-09-23 16:50:00,SRNE
8.035,8.04,8.035,8.035,3262,2021-09-23 16:51:00,SRNE
8.035,8.04,8.02,8.02,28058,2021-09-23 16:52:00,SRNE
8.02,8.03,8.02,8.025,5900,2021-09-23 16:53:00,SRNE
8.03,8.03,8.02,8.02,3301,2021-09-23 16:54:00,SRNE
8.025,8.03,8.02,8.03,2310,2021-09-23 16:55:00,SRNE
8.02,8.02,8.02,8.02,400,2021-09-23 16:56:00,SRNE
8.0208,8.025,8.01,8.01,8223,2021-09-23 16:57:00,SRNE
8.015,8.04,8.015,8.03,19819,2021-09-23 16:58:00,SRNE
8.0336,8.04,8.0301,8.0314,4512,2021-09-23 16:59:00,SRNE
8.0383,8.045,8.03,8.03,12619,2021-09-23 17:00:00,SRNE
8.03,8.045,8.03,8.045,9341,2021-09-23 17:01:00,SRNE
8.045,8.055,8.045,8.05,9329,2021-09-23 17:02:00,SRNE
8.05,8.055,8.05,8.05,400,2021-09-23 17:03:00,SRNE
8.05,8.0522,8.05,8.05,1300,2021-09-23 17:04:00,SRNE
8.0514,8.055,8.04,8.055,13818,2021-09-23 17:05:00,SRNE
8.05,8.05,8.01,8.035,52688,2021-09-23 17:06:00,SRNE
8.03,8.05,8.03,8.035,12393,2021-09-23 17:07:00,SRNE
8.03,8.04,8.03,8.04,400,2021-09-23 17:08:00,SRNE
8.04,8.04,8.025,8.035,6800,2021-09-23 17:09:00,SRNE
8.03,8.04,8.03,8.04,1946,2021-09-23 17:10:00,SRNE
8.03,8.04,8.03,8.03,900,2021-09-23 17:11:00,SRNE
8.04,8.04,8.0312,8.0312,3331,2021-09-23 17:12:00,SRNE
8.03,8.04,8.03,8.03,6900,2021-09-23 17:13:00,SRNE
8.03,8.0385,8.03,8.03,3826,2021-09-23 17:14:00,SRNE
8.03,8.0373,8.03,8.0309,5350,2021-09-23 17:15:00,SRNE
8.035,8.05,8.03,8.045,31639,2021-09-23 17:16:00,SRNE
8.04,8.045,8.02,8.02,14269,2021-09-23 17:17:00,SRNE
8.02,8.025,8.02,8.02,6000,2021-09-23 17:18:00,SRNE
8.025,8.04,8.02,8.04,5548,2021-09-23 17:20:00,SRNE
8.0311,8.0311,8.03,8.03,2000,2021-09-23 17:21:00,SRNE
8.035,8.04,8.03,8.03,2833,2021-09-23 17:22:00,SRNE
8.03,8.04,8.03,8.03,10314,2021-09-23 17:23:00,SRNE
8.03,8.04,8.03,8.03,2200,2021-09-23 17:24:00,SRNE
8.035,8.035,8.03,8.03,2003,2021-09-23 17:25:00,SRNE
8.035,8.04,8.03,8.04,14429,2021-09-23 17:26:00,SRNE
8.035,8.035,8.035,8.035,100,2021-09-23 17:27:00,SRNE
8.03,8.035,8.02,8.02,11439,2021-09-23 17:28:00,SRNE
8.02,8.03,8.02,8.025,7440,2021-09-23 17:29:00,SRNE
8.03,8.03,8.02,8.025,1976,2021-09-23 17:30:00,SRNE
8.0219,8.05,8.0219,8.04,82958,2021-09-23 17:31:00,SRNE
8.05,8.06,8.04,8.045,47334,2021-09-23 17:32:00,SRNE
8.04,8.05,8.04,8.05,4464,2021-09-23 17:33:00,SRNE
8.05,8.05,8.04,8.05,8258,2021-09-23 17:34:00,SRNE
8.0417,8.06,8.0417,8.05,11167,2021-09-23 17:35:00,SRNE
8.056,8.056,8.04,8.05,7066,2021-09-23 17:36:00,SRNE
8.05,8.06,8.05,8.05,26750,2021-09-23 17:37:00,SRNE
8.045,8.055,8.04,8.04,2998,2021-09-23 17:38:00,SRNE
8.045,8.055,8.04,8.045,8472,2021-09-23 17:39:00,SRNE
8.0474,8.05,8.0474,8.05,1000,2021-09-23 17:40:00,SRNE
8.04,8.05,8.04,8.04,6900,2021-09-23 17:41:00,SRNE
8.04,8.05,8.04,8.04,5300,2021-09-23 17:42:00,SRNE
8.05,8.05,8.04,8.04,2200,2021-09-23 17:43:00,SRNE
8.04,8.05,8.04,8.0401,2751,2021-09-23 17:44:00,SRNE
8.04,8.0567,8.035,8.05,10227,2021-09-23 17:45:00,SRNE
8.051,8.051,8.04,8.045,14784,2021-09-23 17:46:00,SRNE
8.05,8.059,8.04,8.0519,18200,2021-09-23 17:47:00,SRNE
8.05,8.0576,8.05,8.0576,1600,2021-09-23 17:48:00,SRNE
8.05,8.055,8.04,8.04,16895,2021-09-23 17:49:00,SRNE
8.05,8.05,8.04,8.045,1204,2021-09-23 17:50:00,SRNE
8.0486,8.05,8.04,8.045,2749,2021-09-23 17:51:00,SRNE
8.04,8.05,8.03,8.05,6161,2021-09-23 17:52:00,SRNE
8.0448,8.05,8.04,8.0425,5300,2021-09-23 17:53:00,SRNE
8.04,8.041,8.04,8.041,400,2021-09-23 17:54:00,SRNE
8.0482,8.05,8.04,8.045,10602,2021-09-23 17:55:00,SRNE
8.04,8.05,8.04,8.04,1500,2021-09-23 17:56:00,SRNE
8.04,8.05,8.04,8.045,5079,2021-09-23 17:57:00,SRNE
8.045,8.045,8.04,8.04,1339,2021-09-23 17:58:00,SRNE
8.04,8.0453,8.04,8.04,950,2021-09-23 17:59:00,SRNE
8.04,8.05,8.04,8.045,2125,2021-09-23 18:00:00,SRNE
8.045,8.05,8.045,8.05,1200,2021-09-23 18:01:00,SRNE
8.04,8.045,8.04,8.045,4532,2021-09-23 18:02:00,SRNE
8.05,8.05,8.045,8.045,300,2021-09-23 18:03:00,SRNE
8.045,8.045,8.03,8.03,4354,2021-09-23 18:04:00,SRNE
8.04,8.04,8.03,8.0354,1300,2021-09-23 18:05:00,SRNE
8.03,8.035,8.03,8.035,1600,2021-09-23 18:06:00,SRNE
8.03,8.03,8.015,8.02,20498,2021-09-23 18:07:00,SRNE
8.015,8.02,8.01,8.02,11275,2021-09-23 18:08:00,SRNE
8.02,8.03,8.02,8.02,1251,2021-09-23 18:09:00,SRNE
8.015,8.015,8.01,8.01,300,2021-09-23 18:10:00,SRNE
8.02,8.02,8.01,8.02,6187,2021-09-23 18:11:00,SRNE
8.013,8.015,8.013,8.015,3100,2021-09-23 18:12:00,SRNE
8.015,8.02,8.015,8.02,3365,2021-09-23 18:14:00,SRNE
8.025,8.03,8.025,8.03,1813,2021-09-23 18:15:00,SRNE
8.03,8.03,8.025,8.03,3307,2021-09-23 18:16:00,SRNE
8.0399,8.0399,8.035,8.035,5155,2021-09-23 18:17:00,SRNE
8.035,8.035,8.035,8.035,200,2021-09-23 18:18:00,SRNE
8.035,8.035,8.032,8.035,900,2021-09-23 18:19:00,SRNE
8.035,8.04,8.03,8.04,900,2021-09-23 18:20:00,SRNE
8.04,8.04,8.035,8.035,700,2021-09-23 18:21:00,SRNE
8.035,8.04,8.03,8.03,2595,2021-09-23 18:22:00,SRNE
8.03,8.035,8.03,8.03,300,2021-09-23 18:23:00,SRNE
8.03,8.038,8.03,8.0313,3875,2021-09-23 18:24:00,SRNE
8.035,8.035,8.03,8.03,400,2021-09-23 18:25:00,SRNE
8.0381,8.04,8.03,8.031,6724,2021-09-23 18:26:00,SRNE
8.03,8.04,8.03,8.04,6415,2021-09-23 18:27:00,SRNE
8.035,8.035,8.025,8.03,8230,2021-09-23 18:28:00,SRNE
8.035,8.04,8.03,8.04,28790,2021-09-23 18:29:00,SRNE
8.045,8.045,8.035,8.045,12057,2021-09-23 18:30:00,SRNE
8.045,8.045,8.035,8.035,4558,2021-09-23 18:31:00,SRNE
8.03,8.03,8.03,8.03,244,2021-09-23 18:32:00,SRNE
8.03,8.0301,8.02,8.02,5340,2021-09-23 18:33:00,SRNE
8.02,8.0206,8.02,8.0206,300,2021-09-23 18:34:00,SRNE
8.03,8.035,8.03,8.035,1810,2021-09-23 18:35:00,SRNE
8.037,8.037,8.035,8.035,200,2021-09-23 18:36:00,SRNE
8.04,8.04,8.035,8.035,29139,2021-09-23 18:37:00,SRNE
8.035,8.04,8.03,8.03,1340,2021-09-23 18:38:00,SRNE
8.04,8.04,8.03,8.03,1320,2021-09-23 18:39:00,SRNE
8.035,8.04,8.035,8.04,800,2021-09-23 18:40:00,SRNE
8.035,8.035,8.03,8.0302,1333,2021-09-23 18:41:00,SRNE
8.03,8.035,8.03,8.035,1200,2021-09-23 18:42:00,SRNE
8.03,8.04,8.03,8.04,800,2021-09-23 18:43:00,SRNE
8.035,8.035,8.03,8.035,2100,2021-09-23 18:44:00,SRNE
8.04,8.04,8.0321,8.035,3539,2021-09-23 18:45:00,SRNE
8.04,8.06,8.04,8.06,67222,2021-09-23 18:46:00,SRNE
8.06,8.06,8.05,8.06,1703,2021-09-23 18:47:00,SRNE
8.06,8.06,8.05,8.05,3348,2021-09-23 18:48:00,SRNE
8.06,8.06,8.05,8.06,5880,2021-09-23 18:49:00,SRNE
8.0501,8.055,8.04,8.045,14829,2021-09-23 18:50:00,SRNE
8.045,8.05,8.04,8.05,13338,2021-09-23 18:51:00,SRNE
8.06,8.06,8.05,8.06,14110,2021-09-23 18:52:00,SRNE
8.06,8.06,8.05,8.055,8439,2021-09-23 18:53:00,SRNE
8.06,8.06,8.05,8.05,1598,2021-09-23 18:54:00,SRNE
8.06,8.06,8.04,8.045,9632,2021-09-23 18:55:00,SRNE
8.05,8.05,8.04,8.04,400,2021-09-23 18:56:00,SRNE
8.04,8.05,8.04,8.04,13021,2021-09-23 18:57:00,SRNE
8.04,8.045,8.04,8.045,900,2021-09-23 18:58:00,SRNE
8.04,8.05,8.04,8.04,1156,2021-09-23 18:59:00,SRNE
8.05,8.05,8.04,8.04,4350,2021-09-23 19:00:00,SRNE
8.045,8.05,8.0406,8.05,1527,2021-09-23 19:02:00,SRNE
8.045,8.045,8.045,8.045,200,2021-09-23 19:03:00,SRNE
8.045,8.045,8.045,8.045,300,2021-09-23 19:04:00,SRNE
8.045,8.045,8.045,8.045,200,2021-09-23 19:05:00,SRNE
8.0483,8.0483,8.041,8.041,3500,2021-09-23 19:06:00,SRNE
8.045,8.045,8.03,8.03,6015,2021-09-23 19:07:00,SRNE
8.035,8.0467,8.035,8.045,5938,2021-09-23 19:08:00,SRNE
8.045,8.05,8.04,8.045,1400,2021-09-23 19:09:00,SRNE
8.045,8.045,8.045,8.045,4100,2021-09-23 19:10:00,SRNE
8.04,8.05,8.04,8.04,9224,2021-09-23 19:11:00,SRNE
8.045,8.045,8.04,8.04,1300,2021-09-23 19:12:00,SRNE
8.04,8.045,8.03,8.03,10628,2021-09-23 19:13:00,SRNE
8.04,8.045,8.03,8.03,10373,2021-09-23 19:14:00,SRNE
8.04,8.04,8.035,8.04,3479,2021-09-23 19:15:00,SRNE
8.04,8.0474,8.03,8.03,6199,2021-09-23 19:16:00,SRNE
8.03,8.04,8.03,8.035,5700,2021-09-23 19:17:00,SRNE
8.0301,8.04,8.03,8.04,1978,2021-09-23 19:18:00,SRNE
8.03,8.035,8.03,8.035,5200,2021-09-23 19:19:00,SRNE
8.04,8.04,8.03,8.03,200,2021-09-23 19:20:00,SRNE
8.03,8.04,8.03,8.0301,860,2021-09-23 19:21:00,SRNE
8.035,8.04,8.03,8.04,3276,2021-09-23 19:22:00,SRNE
8.04,8.04,8.035,8.04,2408,2021-09-23 19:23:00,SRNE
8.04,8.04,8.035,8.04,600,2021-09-23 19:24:00,SRNE
8.035,8.04,8.03,8.035,17701,2021-09-23 19:25:00,SRNE
8.04,8.04,8.03,8.035,1100,2021-09-23 19:26:00,SRNE
8.035,8.04,8.03,8.03,5583,2021-09-23 19:27:00,SRNE
8.03,8.04,8.03,8.0315,6265,2021-09-23 19:28:00,SRNE
8.04,8.04,8.03,8.03,1233,2021-09-23 19:29:00,SRNE
8.04,8.0488,8.03,8.04,14984,2021-09-23 19:30:00,SRNE
8.04,8.05,8.04,8.05,12720,2021-09-23 19:31:00,SRNE
8.045,8.05,8.04,8.04,5100,2021-09-23 19:32:00,SRNE
8.04,8.05,8.04,8.045,2251,2021-09-23 19:33:00,SRNE
8.0427,8.05,8.04,8.045,6713,2021-09-23 19:34:00,SRNE
8.05,8.05,8.04,8.04,4600,2021-09-23 19:35:00,SRNE
8.04,8.07,8.04,8.07,62812,2021-09-23 19:36:00,SRNE
8.07,8.08,8.07,8.07,19900,2021-09-23 19:37:00,SRNE
8.075,8.08,8.07,8.08,17187,2021-09-23 19:38:00,SRNE
8.08,8.08,8.07,8.08,16561,2021-09-23 19:39:00,SRNE
8.07,8.08,8.07,8.08,1607,2021-09-23 19:40:00,SRNE
8.08,8.08,8.07,8.0709,3610,2021-09-23 19:41:00,SRNE
8.075,8.09,8.07,8.085,9403,2021-09-23 19:42:00,SRNE
8.08,8.09,8.08,8.09,6252,2021-09-23 19:43:00,SRNE
8.0899,8.09,8.08,8.09,27507,2021-09-23 19:44:00,SRNE
8.085,8.09,8.08,8.08,4481,2021-09-23 19:45:00,SRNE
8.0878,8.095,8.07,8.07,52080,2021-09-23 19:46:00,SRNE
8.07,8.0773,8.06,8.0601,29701,2021-09-23 19:47:00,SRNE
8.065,8.07,8.06,8.065,6629,2021-09-23 19:48:00,SRNE
8.0691,8.07,8.06,8.06,12003,2021-09-23 19:49:00,SRNE
8.07,8.085,8.065,8.08,34804,2021-09-23 19:50:00,SRNE
8.08,8.09,8.08,8.09,9421,2021-09-23 19:51:00,SRNE
8.09,8.09,8.07,8.075,18336,2021-09-23 19:52:00,SRNE
8.08,8.08,8.065,8.065,39969,2021-09-23 19:53:00,SRNE
8.065,8.075,8.06,8.06,27709,2021-09-23 19:54:00,SRNE
8.06,8.08,8.06,8.075,24460,2021-09-23 19:55:00,SRNE
8.08,8.08,8.07,8.08,16932,2021-09-23 19:56:00,SRNE
8.08,8.085,8.07,8.08,28503,2021-09-23 19:57:00,SRNE
8.07,8.09,8.07,8.08,42537,2021-09-23 19:58:00,SRNE
8.08,8.09,8.075,8.09,79894,2021-09-23 19:59:00,SRNE
8.08,8.08,8.08,8.08,173203,2021-09-23 20:00:00,SRNE
8.08,8.08,8.08,8.08,13151,2021-09-23 20:01:00,SRNE
8.07,8.07,8.07,8.07,100,2021-09-23 20:13:00,SRNE
8.0601,8.0601,8.0601,8.0601,300,2021-09-23 20:50:00,SRNE
8.0601,8.0601,8.0601,8.0601,180,2021-09-23 21:17:00,SRNE
8.06,8.06,8.06,8.06,200,2021-09-23 21:48:00,SRNE
8.05,8.05,8.05,8.05,500,2021-09-23 21:57:00,SRNE
8.06,8.06,8.06,8.06,200,2021-09-23 21:59:00,SRNE
8.05,8.05,8.05,8.05,500,2021-09-23 22:11:00,SRNE
8.05,8.05,8.05,8.05,200,2021-09-23 22:23:00,SRNE
8.05,8.05,8.05,8.05,100,2021-09-23 22:41:00,SRNE
8.05,8.05,8.05,8.05,100,2021-09-23 23:34:00,SRNE
8.05,8.05,8.05,8.05,100,2021-09-23 23:36:00,SRNE
8.08,8.08,8.08,8.08,125,2021-09-23 23:54:00,SRNE
7.91,7.91,7.91,7.91,1507,2021-09-24 09:41:00,SRNE
8.01,8.01,8.01,8.01,460,2021-09-24 11:01:00,SRNE
8.04,8.04,8.02,8.02,1130,2021-09-24 11:04:00,SRNE
8.04,8.04,8.04,8.04,200,2021-09-24 11:35:00,SRNE
8.03,8.03,8.02,8.02,1400,2021-09-24 11:40:00,SRNE
8.01,8.01,8.01,8.01,200,2021-09-24 11:42:00,SRNE
8.0,8.0,8.0,8.0,4180,2021-09-24 11:43:00,SRNE
8.0,8.0,8.0,8.0,500,2021-09-24 11:59:00,SRNE
8.02,8.02,8.02,8.02,1298,2021-09-24 12:23:00,SRNE
8.02,8.02,8.02,8.02,2000,2021-09-24 12:26:00,SRNE
8.02,8.02,8.02,8.02,359,2021-09-24 12:28:00,SRNE
8.03,8.03,8.03,8.03,400,2021-09-24 12:33:00,SRNE
8.03,8.03,8.03,8.03,100,2021-09-24 12:34:00,SRNE
8.02,8.02,8.02,8.02,500,2021-09-24 12:35:00,SRNE
8.02,8.02,8.02,8.02,1883,2021-09-24 12:36:00,SRNE
8.01,8.01,8.01,8.01,200,2021-09-24 12:41:00,SRNE
8.01,8.01,8.01,8.01,100,2021-09-24 12:47:00,SRNE
8.0,8.0,8.0,8.0,100,2021-09-24 13:01:00,SRNE
7.9901,7.9901,7.99,7.99,400,2021-09-24 13:03:00,SRNE
8.0,8.0,7.97,7.97,2131,2021-09-24 13:04:00,SRNE
7.97,7.97,7.97,7.97,600,2021-09-24 13:05:00,SRNE
7.98,7.98,7.98,7.98,350,2021-09-24 13:11:00,SRNE
7.97,7.97,7.97,7.97,672,2021-09-24 13:12:00,SRNE
7.98,7.98,7.98,7.98,4700,2021-09-24 13:15:00,SRNE
7.98,7.98,7.98,7.98,700,2021-09-24 13:17:00,SRNE
7.97,7.97,7.97,7.97,1900,2021-09-24 13:19:00,SRNE
7.98,7.98,7.98,7.98,1500,2021-09-24 13:21:00,SRNE
7.98,7.98,7.98,7.98,200,2021-09-24 13:23:00,SRNE
7.97,7.97,7.97,7.97,120,2021-09-24 13:25:00,SRNE
7.97,7.97,7.97,7.97,1800,2021-09-24 13:27:00,SRNE
8.01,8.02,8.01,8.02,442,2021-09-24 13:29:00,SRNE
8.01,8.03,7.98,8.0,32153,2021-09-24 13:30:00,SRNE
8.01,8.08,8.01,8.06,35912,2021-09-24 13:31:00,SRNE
8.0525,8.08,8.0525,8.08,18611,2021-09-24 13:32:00,SRNE
8.07,8.0702,8.04,8.07,19058,2021-09-24 13:33:00,SRNE
8.07,8.08,8.04,8.06,9962,2021-09-24 13:34:00,SRNE
8.06,8.06,8.05,8.0522,3902,2021-09-24 13:35:00,SRNE
8.05,8.0601,8.05,8.0601,10086,2021-09-24 13:36:00,SRNE
8.06,8.065,8.05,8.06,6275,2021-09-24 13:37:00,SRNE
8.05,8.06,8.03,8.055,7900,2021-09-24 13:38:00,SRNE
8.055,8.055,8.03,8.03,13462,2021-09-24 13:39:00,SRNE
8.02,8.02,7.99,7.9901,121155,2021-09-24 13:40:00,SRNE
7.9999,8.02,7.995,8.0,12643,2021-09-24 13:41:00,SRNE
8.0,8.005,7.995,8.0,2666,2021-09-24 13:42:00,SRNE
7.9982,8.01,7.99,8.0,12331,2021-09-24 13:43:00,SRNE
7.995,7.995,7.96,7.97,36163,2021-09-24 13:44:00,SRNE
7.9629,7.97,7.94,7.95,37456,2021-09-24 13:45:00,SRNE
7.96,7.9681,7.95,7.95,19942,2021-09-24 13:46:00,SRNE
7.9581,7.96,7.95,7.95,7403,2021-09-24 13:47:00,SRNE
7.96,7.96,7.94,7.95,17474,2021-09-24 13:48:00,SRNE
7.9499,7.955,7.94,7.95,9750,2021-09-24 13:49:00,SRNE
7.95,7.955,7.94,7.945,31122,2021-09-24 13:50:00,SRNE
7.94,7.97,7.93,7.95,12601,2021-09-24 13:51:00,SRNE
7.945,7.95,7.93,7.935,15996,2021-09-24 13:52:00,SRNE
7.9399,7.9399,7.9,7.9014,74989,2021-09-24 13:53:00,SRNE
7.905,7.9075,7.891,7.9,14664,2021-09-24 13:54:00,SRNE
7.9099,7.915,7.905,7.91,10570,2021-09-24 13:55:00,SRNE
7.91,7.93,7.9,7.9,25167,2021-09-24 13:56:00,SRNE
7.907,7.91,7.88,7.91,24391,2021-09-24 13:57:00,SRNE
7.9076,7.925,7.905,7.905,13822,2021-09-24 13:58:00,SRNE
7.9074,7.9099,7.905,7.905,2728,2021-09-24 13:59:00,SRNE
7.905,7.905,7.87,7.8901,22919,2021-09-24 14:00:00,SRNE
7.895,7.91,7.895,7.91,14414,2021-09-24 14:01:00,SRNE
7.91,7.93,7.91,7.92,9830,2021-09-24 14:02:00,SRNE
7.93,7.93,7.915,7.915,3424,2021-09-24 14:03:00,SRNE
7.92,7.93,7.9,7.905,18362,2021-09-24 14:04:00,SRNE
7.9099,7.9099,7.884,7.89,16021,2021-09-24 14:05:00,SRNE
7.89,7.9199,7.89,7.91,21757,2021-09-24 14:06:00,SRNE
7.9,7.91,7.9,7.9,3169,2021-09-24 14:07:00,SRNE
7.895,7.9,7.8901,7.9,7719,2021-09-24 14:08:00,SRNE
7.905,7.915,7.9,7.9066,11427,2021-09-24 14:09:00,SRNE
7.91,7.91,7.88,7.8881,26095,2021-09-24 14:10:00,SRNE
7.88,7.89,7.88,7.88,11608,2021-09-24 14:11:00,SRNE
7.885,7.8979,7.88,7.89,8904,2021-09-24 14:12:00,SRNE
7.89,7.89,7.88,7.88,5400,2021-09-24 14:13:00,SRNE
7.8786,7.8799,7.86,7.865,30372,2021-09-24 14:14:00,SRNE
7.865,7.8889,7.8604,7.885,11751,2021-09-24 14:15:00,SRNE
7.89,7.89,7.8772,7.885,7661,2021-09-24 14:16:00,SRNE
7.88,7.9,7.88,7.895,9377,2021-09-24 14:17:00,SRNE
7.9,7.91,7.9,7.905,9946,2021-09-24 14:18:00,SRNE
7.9,7.9086,7.8949,7.8982,10500,2021-09-24 14:19:00,SRNE
7.8999,7.8999,7.8815,7.89,1765,2021-09-24 14:20:00,SRNE
7.89,7.89,7.8893,7.8893,12430,2021-09-24 14:21:00,SRNE
7.88,7.9,7.8785,7.9,9200,2021-09-24 14:22:00,SRNE
7.9,7.9,7.89,7.89,5000,2021-09-24 14:23:00,SRNE
7.9,7.91,7.9,7.909,4692,2021-09-24 14:25:00,SRNE
7.9073,7.91,7.9012,7.909,15985,2021-09-24 14:26:00,SRNE
7.905,7.91,7.9,7.9,2425,2021-09-24 14:27:00,SRNE
7.91,7.92,7.91,7.92,8595,2021-09-24 14:28:00,SRNE
7.9125,7.94,7.9125,7.94,6220,2021-09-24 14:29:00,SRNE
7.94,7.955,7.94,7.95,13102,2021-09-24 14:30:00,SRNE
7.95,7.95,7.93,7.93,8287,2021-09-24 14:31:00,SRNE
7.935,7.9385,7.93,7.93,2900,2021-09-24 14:32:00,SRNE
7.93,7.935,7.92,7.935,2978,2021-09-24 14:33:00,SRNE
7.93,7.9396,7.92,7.92,5500,2021-09-24 14:34:00,SRNE
7.925,7.935,7.925,7.935,11400,2021-09-24 14:35:00,SRNE
7.939,7.94,7.9307,7.94,9054,2021-09-24 14:36:00,SRNE
7.95,7.96,7.95,7.951,5700,2021-09-24 14:37:00,SRNE
7.954,7.96,7.951,7.955,5099,2021-09-24 14:38:00,SRNE
7.955,7.955,7.955,7.955,100,2021-09-24 14:41:00,SRNE
7.96,7.9677,7.96,7.9618,1100,2021-09-24 14:42:00,SRNE
7.9654,7.968,7.96,7.96,1206,2021-09-24 14:43:00,SRNE
7.965,7.965,7.96,7.96,2952,2021-09-24 14:44:00,SRNE
7.95,7.96,7.94,7.96,4075,2021-09-24 14:45:00,SRNE
7.955,7.979,7.955,7.979,3689,2021-09-24 14:46:00,SRNE
7.9713,7.975,7.9713,7.975,2203,2021-09-24 14:47:00,SRNE
7.97,7.97,7.969,7.969,6437,2021-09-24 14:48:00,SRNE
7.97,7.9799,7.965,7.975,3802,2021-09-24 14:49:00,SRNE
7.975,7.98,7.96,7.96,7705,2021-09-24 14:50:00,SRNE
7.965,7.965,7.9576,7.9576,7851,2021-09-24 14:51:00,SRNE
7.96,7.96,7.955,7.955,868,2021-09-24 14:52:00,SRNE
7.9545,7.955,7.95,7.95,876,2021-09-24 14:53:00,SRNE
7.9416,7.9499,7.9416,7.9499,1267,2021-09-24 14:54:00,SRNE
7.9484,7.9484,7.94,7.94,3456,2021-09-24 14:55:00,SRNE
7.935,7.935,7.935,7.935,671,2021-09-24 14:56:00,SRNE
7.9312,7.9368,7.9312,7.9368,3500,2021-09-24 14:57:00,SRNE
7.93,7.93,7.925,7.9292,16835,2021-09-24 14:58:00,SRNE
7.925,7.94,7.925,7.93,10059,2021-09-24 14:59:00,SRNE
7.93,7.93,7.9214,7.9282,4450,2021-09-24 15:00:00,SRNE
7.92,7.925,7.91,7.91,3290,2021-09-24 15:01:00,SRNE
7.9101,7.92,7.91,7.915,4250,2021-09-24 15:02:00,SRNE
7.9175,7.9175,7.9175,7.9175,150,2021-09-24 15:03:00,SRNE
7.9199,7.9199,7.9169,7.9169,200,2021-09-24 15:04:00,SRNE
7.9173,7.9199,7.91,7.9108,4350,2021-09-24 15:05:00,SRNE
7.91,7.91,7.9027,7.9089,3362,2021-09-24 15:06:00,SRNE
7.905,7.93,7.895,7.9201,41978,2021-09-24 15:07:00,SRNE
7.93,7.94,7.925,7.9272,9606,2021-09-24 15:08:00,SRNE
7.9201,7.9269,7.92,7.92,3545,2021-09-24 15:09:00,SRNE
7.9101,7.9172,7.9101,7.9172,3850,2021-09-24 15:10:00,SRNE
7.915,7.915,7.915,7.915,176,2021-09-24 15:11:00,SRNE
7.915,7.9185,7.915,7.915,2200,2021-09-24 15:12:00,SRNE
7.915,7.92,7.915,7.92,1700,2021-09-24 15:13:00,SRNE
7.915,7.9197,7.915,7.9184,8000,2021-09-24 15:14:00,SRNE
7.9178,7.9185,7.9045,7.9185,8920,2021-09-24 15:15:00,SRNE
7.915,7.915,7.915,7.915,100,2021-09-24 15:16:00,SRNE
7.9107,7.915,7.9107,7.915,10482,2021-09-24 15:17:00,SRNE
7.915,7.915,7.91,7.91,11600,2021-09-24 15:18:00,SRNE
7.915,7.92,7.91,7.91,7542,2021-09-24 15:19:00,SRNE
7.915,7.9184,7.91,7.9145,16106,2021-09-24 15:20:00,SRNE
7.915,7.915,7.91,7.91,4409,2021-09-24 15:21:00,SRNE
7.915,7.915,7.915,7.915,417,2021-09-24 15:22:00,SRNE
7.915,7.915,7.91,7.915,2585,2021-09-24 15:23:00,SRNE
7.915,7.92,7.91,7.91,2492,2021-09-24 15:24:00,SRNE
7.9146,7.9277,7.91,7.925,24630,2021-09-24 15:25:00,SRNE
7.9212,7.9212,7.9212,7.9212,1900,2021-09-24 15:26:00,SRNE
7.925,7.9272,7.92,7.9272,700,2021-09-24 15:27:00,SRNE
7.92,7.925,7.91,7.915,3588,2021-09-24 15:28:00,SRNE
7.915,7.92,7.9111,7.915,10250,2021-09-24 15:29:00,SRNE
7.915,7.925,7.915,7.92,2200,2021-09-24 15:30:00,SRNE
7.925,7.9269,7.9214,7.9269,1467,2021-09-24 15:31:00,SRNE
7.93,7.93,7.9263,7.9299,4018,2021-09-24 15:32:00,SRNE
7.925,7.925,7.92,7.92,604,2021-09-24 15:33:00,SRNE
7.93,7.93,7.93,7.93,500,2021-09-24 15:34:00,SRNE
7.9205,7.9205,7.9205,7.9205,115,2021-09-24 15:35:00,SRNE
7.925,7.93,7.9218,7.9218,1144,2021-09-24 15:36:00,SRNE
7.9264,7.9264,7.9264,7.9264,500,2021-09-24 15:37:00,SRNE
7.92,7.92,7.9127,7.915,7376,2021-09-24 15:38:00,SRNE
7.915,7.92,7.915,7.92,1072,2021-09-24 15:39:00,SRNE
7.92,7.929,7.92,7.925,2350,2021-09-24 15:40:00,SRNE
7.92,7.92,7.92,7.92,300,2021-09-24 15:41:00,SRNE
7.93,7.93,7.93,7.93,100,2021-09-24 15:43:00,SRNE
7.92,7.92,7.92,7.92,7955,2021-09-24 15:44:00,SRNE
7.92,7.92,7.91,7.91,1090,2021-09-24 15:46:00,SRNE
7.915,7.915,7.915,7.915,100,2021-09-24 15:47:00,SRNE
7.91,7.92,7.91,7.915,4953,2021-09-24 15:48:00,SRNE
7.91,7.915,7.91,7.915,25442,2021-09-24 15:49:00,SRNE
7.915,7.915,7.91,7.91,3799,2021-09-24 15:50:00,SRNE
7.9,7.9009,7.9,7.9009,2800,2021-09-24 15:51:00,SRNE
7.905,7.91,7.9045,7.91,3317,2021-09-24 15:52:00,SRNE
7.905,7.9181,7.9,7.9181,12400,2021-09-24 15:53:00,SRNE
7.915,7.915,7.9116,7.915,1624,2021-09-24 15:54:00,SRNE
7.9199,7.9199,7.905,7.905,9753,2021-09-24 15:55:00,SRNE
7.9004,7.91,7.9004,7.91,1100,2021-09-24 15:56:00,SRNE
7.91,7.91,7.9,7.905,9922,2021-09-24 15:57:00,SRNE
7.905,7.9099,7.9,7.905,3117,2021-09-24 15:58:00,SRNE
7.91,7.91,7.91,7.91,600,2021-09-24 15:59:00,SRNE
7.91,7.9392,7.91,7.9392,8877,2021-09-24 16:00:00,SRNE
7.94,7.94,7.94,7.94,200,2021-09-24 16:01:00,SRNE
7.9385,7.9385,7.9316,7.935,1700,2021-09-24 16:02:00,SRNE
7.935,7.935,7.925,7.925,4875,2021-09-24 16:03:00,SRNE
7.92,7.925,7.915,7.925,3840,2021-09-24 16:04:00,SRNE
7.925,7.9282,7.925,7.9278,1382,2021-09-24 16:05:00,SRNE
7.9255,7.93,7.925,7.93,5700,2021-09-24 16:06:00,SRNE
7.925,7.925,7.925,7.925,990,2021-09-24 16:07:00,SRNE
7.925,7.9299,7.925,7.9299,294,2021-09-24 16:08:00,SRNE
7.9215,7.925,7.9215,7.925,1734,2021-09-24 16:09:00,SRNE
7.93,7.93,7.925,7.925,1584,2021-09-24 16:10:00,SRNE
7.93,7.935,7.93,7.93,2894,2021-09-24 16:11:00,SRNE
7.94,7.94,7.935,7.935,5820,2021-09-24 16:12:00,SRNE
7.94,7.94,7.9301,7.94,1000,2021-09-24 16:13:00,SRNE
7.935,7.935,7.925,7.93,6160,2021-09-24 16:14:00,SRNE
7.93,7.935,7.93,7.9318,674,2021-09-24 16:15:00,SRNE
7.93,7.935,7.93,7.93,4496,2021-09-24 16:16:00,SRNE
7.925,7.925,7.9219,7.9219,2210,2021-09-24 16:17:00,SRNE
7.925,7.925,7.925,7.925,217,2021-09-24 16:18:00,SRNE
7.9292,7.93,7.9202,7.9202,1010,2021-09-24 16:19:00,SRNE
7.93,7.935,7.93,7.935,2427,2021-09-24 16:20:00,SRNE
7.93,7.935,7.9281,7.9281,1309,2021-09-24 16:21:00,SRNE
7.925,7.935,7.925,7.935,2020,2021-09-24 16:22:00,SRNE
7.935,7.935,7.935,7.935,401,2021-09-24 16:23:00,SRNE
7.93,7.935,7.93,7.935,24621,2021-09-24 16:24:00,SRNE
7.935,7.935,7.935,7.935,415,2021-09-24 16:25:00,SRNE
7.9311,7.94,7.93,7.93,5052,2021-09-24 16:26:00,SRNE
7.9347,7.935,7.92,7.925,10917,2021-09-24 16:27:00,SRNE
7.92,7.92,7.92,7.92,200,2021-09-24 16:28:00,SRNE
7.925,7.93,7.925,7.93,3179,2021-09-24 16:29:00,SRNE
7.93,7.935,7.93,7.935,3390,2021-09-24 16:30:00,SRNE
7.9325,7.935,7.93,7.93,1420,2021-09-24 16:31:00,SRNE
7.935,7.935,7.9322,7.9322,1150,2021-09-24 16:32:00,SRNE
7.93,7.94,7.93,7.935,5689,2021-09-24 16:33:00,SRNE
7.9324,7.9324,7.9324,7.9324,400,2021-09-24 16:34:00,SRNE
7.935,7.935,7.935,7.935,4700,2021-09-24 16:35:00,SRNE
7.935,7.935,7.925,7.93,4446,2021-09-24 16:36:00,SRNE
7.931,7.9399,7.931,7.9399,1077,2021-09-24 16:37:00,SRNE
7.93,7.93,7.92,7.92,538,2021-09-24 16:38:00,SRNE
7.9225,7.9225,7.9225,7.9225,200,2021-09-24 16:39:00,SRNE
7.93,7.9393,7.93,7.9393,652,2021-09-24 16:41:00,SRNE
7.935,7.939,7.9332,7.935,5306,2021-09-24 16:42:00,SRNE
7.93,7.9399,7.93,7.935,9175,2021-09-24 16:43:00,SRNE
7.93,7.94,7.93,7.94,200,2021-09-24 16:44:00,SRNE
7.9326,7.94,7.93,7.935,2000,2021-09-24 16:45:00,SRNE
7.935,7.935,7.93,7.93,852,2021-09-24 16:46:00,SRNE
7.925,7.925,7.92,7.92,4205,2021-09-24 16:47:00,SRNE
7.915,7.9155,7.915,7.915,2400,2021-09-24 16:48:00,SRNE
7.91,7.915,7.91,7.91,2238,2021-09-24 16:49:00,SRNE
7.92,7.925,7.91,7.925,15261,2021-09-24 16:50:00,SRNE
7.925,7.925,7.925,7.925,100,2021-09-24 16:51:00,SRNE
7.92,7.925,7.92,7.925,2324,2021-09-24 16:52:00,SRNE
7.915,7.925,7.915,7.925,2931,2021-09-24 16:53:00,SRNE
7.925,7.93,7.92,7.93,9089,2021-09-24 16:54:00,SRNE
7.93,7.945,7.93,7.945,2322,2021-09-24 16:55:00,SRNE
7.948,7.95,7.948,7.95,1168,2021-09-24 16:56:00,SRNE
7.9425,7.945,7.94,7.94,2550,2021-09-24 16:57:00,SRNE
7.94,7.9425,7.935,7.935,2050,2021-09-24 16:58:00,SRNE
7.9352,7.9352,7.935,7.935,10443,2021-09-24 16:59:00,SRNE
7.9321,7.935,7.9321,7.935,1300,2021-09-24 17:00:00,SRNE
7.9399,7.94,7.9399,7.94,300,2021-09-24 17:01:00,SRNE
7.93,7.94,7.93,7.93,1306,2021-09-24 17:02:00,SRNE
7.9378,7.94,7.9378,7.94,800,2021-09-24 17:03:00,SRNE
7.93,7.94,7.93,7.935,900,2021-09-24 17:04:00,SRNE
7.939,7.95,7.935,7.95,3542,2021-09-24 17:05:00,SRNE
7.94,7.9429,7.94,7.9429,5263,2021-09-24 17:06:00,SRNE
7.9441,7.9441,7.94,7.94,1100,2021-09-24 17:07:00,SRNE
7.945,7.945,7.94,7.94,825,2021-09-24 17:08:00,SRNE
7.945,7.945,7.945,7.945,100,2021-09-24 17:09:00,SRNE
7.95,7.95,7.93,7.93,2759,2021-09-24 17:10:00,SRNE
7.935,7.94,7.93,7.93,8155,2021-09-24 17:11:00,SRNE
7.935,7.94,7.93,7.93,1258,2021-09-24 17:12:00,SRNE
7.93,7.935,7.92,7.9259,7634,2021-09-24 17:13:00,SRNE
7.925,7.925,7.92,7.925,1003,2021-09-24 17:14:00,SRNE
7.93,7.935,7.93,7.935,729,2021-09-24 17:15:00,SRNE
7.93,7.935,7.93,7.935,1400,2021-09-24 17:17:00,SRNE
7.935,7.94,7.93,7.93,6608,2021-09-24 17:18:00,SRNE
7.935,7.935,7.935,7.935,546,2021-09-24 17:19:00,SRNE
7.9301,7.935,7.93,7.93,584,2021-09-24 17:20:00,SRNE
7.9369,7.9369,7.9369,7.9369,180,2021-09-24 17:21:00,SRNE
7.93,7.93,7.92,7.925,3733,2021-09-24 17:22:00,SRNE
7.92,7.93,7.915,7.927,5453,2021-09-24 17:23:00,SRNE
7.925,7.93,7.92,7.93,1793,2021-09-24 17:24:00,SRNE
7.93,7.935,7.93,7.935,2156,2021-09-24 17:25:00,SRNE
7.93,7.935,7.93,7.9301,6600,2021-09-24 17:26:00,SRNE
7.931,7.935,7.925,7.925,4527,2021-09-24 17:27:00,SRNE
7.925,7.93,7.92,7.93,2320,2021-09-24 17:28:00,SRNE
7.93,7.93,7.93,7.93,100,2021-09-24 17:29:00,SRNE
7.9355,7.9377,7.93,7.93,900,2021-09-24 17:30:00,SRNE
7.9369,7.9369,7.92,7.925,1551,2021-09-24 17:31:00,SRNE
7.925,7.925,7.91,7.91,1800,2021-09-24 17:32:00,SRNE
7.9116,7.915,7.9,7.905,6539,2021-09-24 17:33:00,SRNE
7.9001,7.91,7.9,7.9085,14966,2021-09-24 17:34:00,SRNE
7.91,7.91,7.905,7.905,945,2021-09-24 17:35:00,SRNE
7.9016,7.9088,7.895,7.895,25840,2021-09-24 17:36:00,SRNE
7.895,7.895,7.8901,7.8901,1279,2021-09-24 17:37:00,SRNE
7.8918,7.8983,7.8918,7.8983,1100,2021-09-24 17:38:00,SRNE
7.8913,7.895,7.89,7.89,5674,2021-09-24 17:39:00,SRNE
7.895,7.895,7.89,7.895,578,2021-09-24 17:40:00,SRNE
7.895,7.9,7.895,7.9,2100,2021-09-24 17:41:00,SRNE
7.895,7.895,7.895,7.895,400,2021-09-24 17:42:00,SRNE
7.895,7.895,7.88,7.8886,7635,2021-09-24 17:43:00,SRNE
7.885,7.89,7.885,7.8883,615,2021-09-24 17:44:00,SRNE
7.88,7.885,7.88,7.885,1826,2021-09-24 17:45:00,SRNE
7.885,7.885,7.88,7.885,11281,2021-09-24 17:46:00,SRNE
7.885,7.8899,7.88,7.88,3420,2021-09-24 17:47:00,SRNE
7.88,7.885,7.875,7.88,20382,2021-09-24 17:48:00,SRNE
7.8786,7.885,7.87,7.87,9378,2021-09-24 17:49:00,SRNE
7.8795,7.88,7.8721,7.8721,1500,2021-09-24 17:50:00,SRNE
7.8799,7.8899,7.8799,7.885,18340,2021-09-24 17:51:00,SRNE
7.88,7.88,7.8744,7.8779,5190,2021-09-24 17:52:00,SRNE
7.875,7.8759,7.875,7.875,1600,2021-09-24 17:53:00,SRNE
7.87,7.875,7.86,7.865,29309,2021-09-24 17:54:00,SRNE
7.86,7.86,7.86,7.86,100,2021-09-24 17:55:00,SRNE
7.86,7.87,7.86,7.86,15944,2021-09-24 17:56:00,SRNE
7.8601,7.87,7.86,7.865,4801,2021-09-24 17:57:00,SRNE
7.865,7.865,7.861,7.861,2109,2021-09-24 17:58:00,SRNE
7.8601,7.865,7.855,7.8599,8532,2021-09-24 17:59:00,SRNE
7.86,7.86,7.85,7.8575,10336,2021-09-24 18:00:00,SRNE
7.855,7.86,7.85,7.86,1500,2021-09-24 18:01:00,SRNE
7.85,7.86,7.85,7.85,3000,2021-09-24 18:02:00,SRNE
7.86,7.86,7.85,7.855,11120,2021-09-24 18:03:00,SRNE
7.855,7.86,7.85,7.8572,1539,2021-09-24 18:04:00,SRNE
7.86,7.86,7.855,7.86,438,2021-09-24 18:05:00,SRNE
7.85,7.8596,7.85,7.855,8772,2021-09-24 18:06:00,SRNE
7.855,7.87,7.85,7.87,9832,2021-09-24 18:07:00,SRNE
7.8692,7.8692,7.86,7.8686,3903,2021-09-24 18:08:00,SRNE
7.87,7.87,7.861,7.8699,7216,2021-09-24 18:09:00,SRNE
7.865,7.8671,7.86,7.865,8902,2021-09-24 18:10:00,SRNE
7.855,7.8571,7.8501,7.8561,1700,2021-09-24 18:11:00,SRNE
7.85,7.86,7.85,7.855,600,2021-09-24 18:12:00,SRNE
7.85,7.86,7.85,7.855,3998,2021-09-24 18:13:00,SRNE
7.86,7.86,7.855,7.86,3800,2021-09-24 18:14:00,SRNE
7.855,7.86,7.855,7.855,2700,2021-09-24 18:15:00,SRNE
7.855,7.86,7.85,7.855,1265,2021-09-24 18:16:00,SRNE
7.86,7.87,7.855,7.87,9772,2021-09-24 18:17:00,SRNE
7.865,7.87,7.8645,7.87,1000,2021-09-24 18:18:00,SRNE
7.865,7.87,7.865,7.865,3200,2021-09-24 18:19:00,SRNE
7.87,7.87,7.8699,7.87,1500,2021-09-24 18:20:00,SRNE
7.86,7.87,7.86,7.87,8389,2021-09-24 18:21:00,SRNE
7.8616,7.87,7.8608,7.87,7072,2021-09-24 18:22:00,SRNE
7.865,7.875,7.865,7.87,15267,2021-09-24 18:23:00,SRNE
7.87,7.87,7.86,7.87,1919,2021-09-24 18:24:00,SRNE
7.865,7.87,7.865,7.865,5223,2021-09-24 18:25:00,SRNE
7.87,7.87,7.865,7.87,1376,2021-09-24 18:26:00,SRNE
7.865,7.87,7.855,7.865,14906,2021-09-24 18:27:00,SRNE
7.87,7.87,7.8601,7.8675,7608,2021-09-24 18:28:00,SRNE
7.865,7.87,7.86,7.8699,1500,2021-09-24 18:29:00,SRNE
7.865,7.87,7.86,7.87,1317,2021-09-24 18:30:00,SRNE
7.87,7.87,7.865,7.87,3800,2021-09-24 18:31:00,SRNE
7.8693,7.87,7.864,7.87,6200,2021-09-24 18:32:00,SRNE
7.865,7.87,7.865,7.87,1335,2021-09-24 18:33:00,SRNE
7.87,7.88,7.87,7.88,14550,2021-09-24 18:34:00,SRNE
7.88,7.88,7.8745,7.875,2700,2021-09-24 18:35:00,SRNE
7.875,7.88,7.87,7.88,1630,2021-09-24 18:36:00,SRNE
7.88,7.88,7.875,7.88,1100,2021-09-24 18:37:00,SRNE
7.88,7.89,7.875,7.89,10387,2021-09-24 18:38:00,SRNE
7.89,7.89,7.885,7.89,1325,2021-09-24 18:39:00,SRNE
7.89,7.895,7.88,7.885,12753,2021-09-24 18:40:00,SRNE
7.89,7.895,7.88,7.895,4255,2021-09-24 18:41:00,SRNE
7.895,7.9,7.8914,7.9,6000,2021-09-24 18:42:00,SRNE
7.9,7.9,7.8984,7.9,1250,2021-09-24 18:43:00,SRNE
7.9,7.9,7.88,7.89,23622,2021-09-24 18:44:00,SRNE
7.89,7.89,7.8804,7.885,10927,2021-09-24 18:45:00,SRNE
7.89,7.89,7.89,7.89,400,2021-09-24 18:46:00,SRNE
7.88,7.89,7.88,7.885,19329,2021-09-24 18:47:00,SRNE
7.885,7.89,7.885,7.89,1185,2021-09-24 18:48:00,SRNE
7.88,7.89,7.88,7.885,850,2021-09-24 18:49:00,SRNE
7.89,7.89,7.88,7.885,2700,2021-09-24 18:50:00,SRNE
7.89,7.89,7.88,7.88,2200,2021-09-24 18:51:00,SRNE
7.89,7.89,7.8899,7.89,610,2021-09-24 18:52:00,SRNE
7.885,7.89,7.885,7.89,725,2021-09-24 18:53:00,SRNE
7.885,7.89,7.885,7.89,7578,2021-09-24 18:54:00,SRNE
7.88,7.89,7.875,7.88,10520,2021-09-24 18:55:00,SRNE
7.88,7.88,7.88,7.88,200,2021-09-24 18:56:00,SRNE
7.875,7.88,7.875,7.878,666,2021-09-24 18:57:00,SRNE
7.88,7.89,7.8701,7.89,4507,2021-09-24 18:58:00,SRNE
7.89,7.89,7.88,7.89,8433,2021-09-24 18:59:00,SRNE
7.885,7.89,7.885,7.885,1000,2021-09-24 19:00:00,SRNE
7.885,7.888,7.88,7.885,4059,2021-09-24 19:01:00,SRNE
7.885,7.89,7.885,7.89,1550,2021-09-24 19:02:00,SRNE
7.885,7.89,7.88,7.88,1500,2021-09-24 19:03:00,SRNE
7.88,7.88,7.875,7.88,11011,2021-09-24 19:04:00,SRNE
7.879,7.88,7.8621,7.87,9890,2021-09-24 19:05:00,SRNE
7.865,7.865,7.855,7.86,11288,2021-09-24 19:06:00,SRNE
7.8513,7.865,7.8513,7.865,7094,2021-09-24 19:07:00,SRNE
7.86,7.865,7.86,7.865,6869,2021-09-24 19:08:00,SRNE
7.863,7.87,7.86,7.865,8027,2021-09-24 19:09:00,SRNE
7.865,7.865,7.86,7.86,4261,2021-09-24 19:10:00,SRNE
7.86,7.865,7.855,7.865,10296,2021-09-24 19:11:00,SRNE
7.865,7.865,7.86,7.865,500,2021-09-24 19:12:00,SRNE
7.87,7.87,7.86,7.87,5050,2021-09-24 19:13:00,SRNE
7.87,7.89,7.87,7.885,23487,2021-09-24 19:14:00,SRNE
7.885,7.89,7.885,7.885,2225,2021-09-24 19:15:00,SRNE
7.89,7.89,7.88,7.89,2140,2021-09-24 19:16:00,SRNE
7.89,7.9,7.8822,7.896,6934,2021-09-24 19:17:00,SRNE
7.895,7.9,7.89,7.8901,8126,2021-09-24 19:18:00,SRNE
7.895,7.897,7.895,7.897,804,2021-09-24 19:19:00,SRNE
7.89,7.895,7.885,7.89,11527,2021-09-24 19:20:00,SRNE
7.8807,7.89,7.88,7.89,12537,2021-09-24 19:21:00,SRNE
7.89,7.9,7.885,7.9,6300,2021-09-24 19:22:00,SRNE
7.9,7.92,7.9,7.9199,8396,2021-09-24 19:23:00,SRNE
7.92,7.925,7.92,7.92,13420,2021-09-24 19:24:00,SRNE
7.9101,7.92,7.91,7.915,1700,2021-09-24 19:25:00,SRNE
7.915,7.915,7.9018,7.9018,7289,2021-09-24 19:26:00,SRNE
7.9091,7.9091,7.89,7.89,4120,2021-09-24 19:27:00,SRNE
7.9,7.905,7.9,7.9011,5840,2021-09-24 19:28:00,SRNE
7.905,7.905,7.9,7.905,2400,2021-09-24 19:29:00,SRNE
7.905,7.91,7.9,7.9,6073,2021-09-24 19:30:00,SRNE
7.895,7.905,7.895,7.905,1300,2021-09-24 19:31:00,SRNE
7.9,7.905,7.89,7.905,3922,2021-09-24 19:32:00,SRNE
7.905,7.905,7.9,7.9,6000,2021-09-24 19:33:00,SRNE
7.9,7.9,7.895,7.9,2840,2021-09-24 19:34:00,SRNE
7.895,7.895,7.88,7.885,9520,2021-09-24 19:35:00,SRNE
7.885,7.885,7.875,7.88,8123,2021-09-24 19:36:00,SRNE
7.875,7.88,7.87,7.875,12255,2021-09-24 19:37:00,SRNE
7.88,7.885,7.8718,7.88,13704,2021-09-24 19:38:00,SRNE
7.885,7.885,7.875,7.875,3031,2021-09-24 19:39:00,SRNE
7.875,7.88,7.875,7.88,3389,2021-09-24 19:40:00,SRNE
7.88,7.88,7.875,7.88,1000,2021-09-24 19:41:00,SRNE
7.88,7.88,7.87,7.88,1533,2021-09-24 19:42:00,SRNE
7.8796,7.88,7.875,7.875,4400,2021-09-24 19:43:00,SRNE
7.875,7.8855,7.87,7.885,15365,2021-09-24 19:44:00,SRNE
7.8885,7.89,7.88,7.885,7800,2021-09-24 19:45:00,SRNE
7.88,7.9,7.88,7.9,13434,2021-09-24 19:46:00,SRNE
7.9,7.9,7.895,7.8992,3727,2021-09-24 19:47:00,SRNE
7.895,7.9,7.895,7.9,3611,2021-09-24 19:48:00,SRNE
7.9,7.9,7.895,7.9,1750,2021-09-24 19:49:00,SRNE
7.89,7.895,7.87,7.875,52210,2021-09-24 19:50:00,SRNE
7.875,7.88,7.875,7.88,4200,2021-09-24 19:51:00,SRNE
7.88,7.885,7.87,7.875,28796,2021-09-24 19:52:00,SRNE
7.8799,7.88,7.8701,7.875,6457,2021-09-24 19:53:00,SRNE
7.88,7.88,7.86,7.8671,43028,2021-09-24 19:54:00,SRNE
7.87,7.87,7.855,7.86,14215,2021-09-24 19:55:00,SRNE
7.8599,7.86,7.85,7.86,21557,2021-09-24 19:56:00,SRNE
7.86,7.86,7.85,7.8501,11826,2021-09-24 19:57:00,SRNE
7.86,7.86,7.85,7.855,35665,2021-09-24 19:58:00,SRNE
7.85,7.86,7.83,7.84,125181,2021-09-24 19:59:00,SRNE
7.83,7.83,7.83,7.83,210926,2021-09-24 20:00:00,SRNE
7.83,7.83,7.83,7.83,2400,2021-09-24 20:01:00,SRNE
7.84,7.84,7.84,7.84,322,2021-09-24 20:04:00,SRNE
7.86,7.86,7.86,7.86,500,2021-09-24 20:05:00,SRNE
7.88,7.88,7.88,7.88,228,2021-09-24 20:06:00,SRNE
7.84,7.84,7.84,7.84,1000,2021-09-24 20:08:00,SRNE
7.8678,7.8678,7.8678,7.8678,900,2021-09-24 20:16:00,SRNE
7.8601,7.8601,7.86,7.86,390,2021-09-24 20:24:00,SRNE
7.86,7.86,7.86,7.86,1210,2021-09-24 20:28:00,SRNE
7.86,7.86,7.86,7.86,350,2021-09-24 20:30:00,SRNE
7.85,7.85,7.84,7.84,2516,2021-09-24 20:36:00,SRNE
7.86,7.86,7.86,7.86,200,2021-09-24 20:38:00,SRNE
7.84,7.84,7.84,7.84,225,2021-09-24 20:46:00,SRNE
7.86,7.86,7.86,7.86,100,2021-09-24 20:53:00,SRNE
7.86,7.86,7.86,7.86,100,2021-09-24 20:57:00,SRNE
7.86,7.86,7.86,7.86,340,2021-09-24 21:00:00,SRNE
7.87,7.87,7.87,7.87,400,2021-09-24 21:06:00,SRNE
7.87,7.87,7.87,7.87,100,2021-09-24 21:11:00,SRNE
7.87,7.87,7.87,7.87,100,2021-09-24 21:19:00,SRNE
7.87,7.87,7.87,7.87,100,2021-09-24 21:21:00,SRNE
7.87,7.87,7.87,7.87,200,2021-09-24 21:25:00,SRNE
7.88,7.88,7.88,7.88,100,2021-09-24 21:30:00,SRNE
7.88,7.88,7.88,7.88,300,2021-09-24 21:32:00,SRNE
7.88,7.88,7.88,7.88,107,2021-09-24 21:41:00,SRNE
7.87,7.87,7.87,7.87,300,2021-09-24 21:44:00,SRNE
7.88,7.88,7.88,7.88,255,2021-09-24 21:48:00,SRNE
7.88,7.88,7.88,7.88,300,2021-09-24 21:49:00,SRNE
7.88,7.88,7.88,7.88,195,2021-09-24 21:53:00,SRNE
7.88,7.88,7.88,7.88,3000,2021-09-24 22:36:00,SRNE
7.89,7.89,7.89,7.89,990,2021-09-24 22:48:00,SRNE
7.89,7.89,7.89,7.89,1000,2021-09-24 22:50:00,SRNE
7.89,7.89,7.89,7.89,100,2021-09-24 22:53:00,SRNE
7.89,7.89,7.89,7.89,1200,2021-09-24 22:54:00,SRNE
7.89,7.89,7.89,7.89,994,2021-09-24 22:55:00,SRNE
7.91,7.91,7.91,7.91,1000,2021-09-24 23:10:00,SRNE
7.89,7.89,7.89,7.89,1000,2021-09-24 23:23:00,SRNE
7.9,7.9,7.9,7.9,200,2021-09-24 23:39:00,SRNE
7.9,7.9,7.9,7.9,250,2021-09-24 23:40:00,SRNE
7.9,7.91,7.9,7.91,2073,2021-09-24 23:41:00,SRNE
7.93,7.99,7.93,7.99,10504,2021-09-24 23:42:00,SRNE
8.0,8.0,8.0,8.0,1100,2021-09-24 23:43:00,SRNE
8.05,8.05,8.03,8.03,12553,2021-09-24 23:45:00,SRNE
7.95,7.95,7.95,7.95,409,2021-09-27 11:00:00,SRNE
7.9,7.9,7.9,7.9,250,2021-09-27 12:19:00,SRNE
7.9,7.9,7.9,7.9,300,2021-09-27 12:21:00,SRNE
7.9,7.9,7.9,7.9,500,2021-09-27 12:30:00,SRNE
7.9,7.9,7.9,7.9,2500,2021-09-27 12:35:00,SRNE
7.9,7.9,7.9,7.9,157,2021-09-27 12:36:00,SRNE
7.91,7.91,7.91,7.91,100,2021-09-27 12:40:00,SRNE
7.91,7.91,7.91,7.91,500,2021-09-27 12:42:00,SRNE
7.92,7.92,7.92,7.92,200,2021-09-27 12:49:00,SRNE
7.92,7.92,7.92,7.92,100,2021-09-27 12:51:00,SRNE
7.92,7.92,7.92,7.92,300,2021-09-27 12:52:00,SRNE
7.9,7.9,7.9,7.9,2400,2021-09-27 12:58:00,SRNE
7.9,7.9,7.9,7.9,2500,2021-09-27 13:00:00,SRNE
7.9,7.9,7.9,7.9,200,2021-09-27 13:01:00,SRNE
7.92,7.92,7.92,7.92,1500,2021-09-27 13:03:00,SRNE
7.91,7.91,7.91,7.91,250,2021-09-27 13:06:00,SRNE
7.91,7.91,7.91,7.91,200,2021-09-27 13:13:00,SRNE
7.9199,7.9199,7.9199,7.9199,400,2021-09-27 13:15:00,SRNE
7.91,7.91,7.91,7.91,1000,2021-09-27 13:18:00,SRNE
7.91,7.91,7.91,7.91,500,2021-09-27 13:19:00,SRNE
7.91,7.91,7.91,7.91,260,2021-09-27 13:20:00,SRNE
7.91,7.91,7.91,7.91,1000,2021-09-27 13:22:00,SRNE
7.91,7.91,7.91,7.91,260,2021-09-27 13:23:00,SRNE
7.91,7.91,7.91,7.91,11780,2021-09-27 13:25:00,SRNE
7.9299,7.93,7.9299,7.93,5100,2021-09-27 13:26:00,SRNE
7.93,7.94,7.93,7.94,441,2021-09-27 13:27:00,SRNE
7.93,7.93,7.9,7.9,32962,2021-09-27 13:30:00,SRNE
7.901,7.901,7.87,7.88,15799,2021-09-27 13:31:00,SRNE
7.88,7.8802,7.84,7.86,15426,2021-09-27 13:32:00,SRNE
7.86,7.8739,7.85,7.85,4817,2021-09-27 13:33:00,SRNE
7.86,7.8799,7.86,7.86,3895,2021-09-27 13:34:00,SRNE
7.8506,7.87,7.85,7.86,13369,2021-09-27 13:35:00,SRNE
7.87,7.9055,7.87,7.9055,23015,2021-09-27 13:36:00,SRNE
7.91,7.91,7.87,7.88,9206,2021-09-27 13:37:00,SRNE
7.88,7.8852,7.875,7.88,13493,2021-09-27 13:38:00,SRNE
7.88,7.8929,7.88,7.88,16009,2021-09-27 13:39:00,SRNE
7.89,7.925,7.89,7.92,10403,2021-09-27 13:40:00,SRNE
7.915,7.921,7.9,7.92,14463,2021-09-27 13:41:00,SRNE
7.93,7.94,7.9224,7.935,17803,2021-09-27 13:42:00,SRNE
7.94,7.96,7.9201,7.945,25587,2021-09-27 13:43:00,SRNE
7.94,7.95,7.931,7.931,20388,2021-09-27 13:44:00,SRNE
7.95,7.9619,7.9445,7.96,11497,2021-09-27 13:45:00,SRNE
7.96,7.97,7.94,7.94,9693,2021-09-27 13:46:00,SRNE
7.95,7.96,7.935,7.9423,13333,2021-09-27 13:47:00,SRNE
7.95,7.965,7.95,7.965,12553,2021-09-27 13:48:00,SRNE
7.955,7.98,7.955,7.975,13511,2021-09-27 13:49:00,SRNE
7.97,7.9915,7.97,7.98,29589,2021-09-27 13:50:00,SRNE
7.97,7.985,7.97,7.985,27618,2021-09-27 13:51:00,SRNE
7.98,7.99,7.95,7.95,4029,2021-09-27 13:52:00,SRNE
7.955,7.99,7.94,7.975,53521,2021-09-27 13:53:00,SRNE
7.97,7.985,7.97,7.98,6638,2021-09-27 13:54:00,SRNE
7.99,8.0,7.98,7.99,19270,2021-09-27 13:55:00,SRNE
8.0,8.01,7.99,7.9901,20735,2021-09-27 13:56:00,SRNE
7.99,7.995,7.97,7.98,12190,2021-09-27 13:57:00,SRNE
7.98,7.98,7.975,7.98,3292,2021-09-27 13:58:00,SRNE
7.97,7.97,7.96,7.9609,22812,2021-09-27 13:59:00,SRNE
7.9601,7.97,7.9601,7.965,1526,2021-09-27 14:00:00,SRNE
7.96,7.97,7.94,7.94,7065,2021-09-27 14:01:00,SRNE
7.95,7.9611,7.95,7.9501,4982,2021-09-27 14:02:00,SRNE
7.96,7.97,7.96,7.97,3315,2021-09-27 14:03:00,SRNE
7.9601,7.9601,7.95,7.95,10833,2021-09-27 14:04:00,SRNE
7.945,7.9601,7.94,7.94,10419,2021-09-27 14:05:00,SRNE
7.945,7.98,7.945,7.98,40725,2021-09-27 14:06:00,SRNE
7.9701,8.01,7.9701,8.0014,46750,2021-09-27 14:07:00,SRNE
8.0015,8.01,7.995,8.0,34490,2021-09-27 14:08:00,SRNE
8.0,8.005,8.0,8.005,7215,2021-09-27 14:09:00,SRNE
8.0001,8.005,8.0,8.005,1263,2021-09-27 14:10:00,SRNE
8.005,8.015,8.0045,8.0111,12251,2021-09-27 14:11:00,SRNE
8.015,8.015,8.005,8.005,4600,2021-09-27 14:12:00,SRNE
8.0091,8.02,8.0091,8.02,27608,2021-09-27 14:13:00,SRNE
8.0201,8.03,8.01,8.015,16040,2021-09-27 14:14:00,SRNE
8.015,8.03,8.01,8.03,33730,2021-09-27 14:15:00,SRNE
8.02,8.04,8.02,8.035,57408,2021-09-27 14:16:00,SRNE
8.04,8.04,8.03,8.04,8738,2021-09-27 14:17:00,SRNE
8.04,8.05,8.03,8.045,57070,2021-09-27 14:18:00,SRNE
8.05,8.06,8.04,8.055,22452,2021-09-27 14:19:00,SRNE
8.06,8.06,8.041,8.0501,21903,2021-09-27 14:20:00,SRNE
8.04,8.04,8.02,8.02,23811,2021-09-27 14:21:00,SRNE
8.02,8.05,8.0111,8.0401,23959,2021-09-27 14:22:00,SRNE
8.05,8.07,8.05,8.065,36111,2021-09-27 14:23:00,SRNE
8.06,8.07,8.05,8.07,28557,2021-09-27 14:24:00,SRNE
8.06,8.065,8.05,8.05,16178,2021-09-27 14:25:00,SRNE
8.04,8.06,8.03,8.04,15053,2021-09-27 14:26:00,SRNE
8.035,8.045,8.03,8.035,12222,2021-09-27 14:27:00,SRNE
8.03,8.03,8.02,8.02,3840,2021-09-27 14:28:00,SRNE
8.03,8.03,8.02,8.0201,2200,2021-09-27 14:29:00,SRNE
8.02,8.05,8.02,8.04,16659,2021-09-27 14:30:00,SRNE
8.04,8.05,8.03,8.04,10711,2021-09-27 14:31:00,SRNE
8.05,8.06,8.04,8.055,11358,2021-09-27 14:32:00,SRNE
8.055,8.06,8.05,8.0599,7227,2021-09-27 14:33:00,SRNE
8.0522,8.06,8.0399,8.0399,14653,2021-09-27 14:34:00,SRNE
8.04,8.04,8.03,8.03,295,2021-09-27 14:35:00,SRNE
8.04,8.04,8.03,8.04,2971,2021-09-27 14:36:00,SRNE
8.04,8.04,8.03,8.0355,6226,2021-09-27 14:37:00,SRNE
8.04,8.04,8.0,8.01,27516,2021-09-27 14:38:00,SRNE
8.015,8.03,8.015,8.03,1622,2021-09-27 14:39:00,SRNE
8.02,8.035,8.02,8.033,2630,2021-09-27 14:40:00,SRNE
8.0316,8.035,8.0316,8.035,900,2021-09-27 14:41:00,SRNE
8.03,8.035,8.03,8.035,3423,2021-09-27 14:42:00,SRNE
8.04,8.04,8.03,8.035,6364,2021-09-27 14:43:00,SRNE
8.04,8.05,8.04,8.04,6439,2021-09-27 14:44:00,SRNE
8.05,8.05,8.03,8.04,42893,2021-09-27 14:45:00,SRNE
8.04,8.05,8.04,8.05,5165,2021-09-27 14:46:00,SRNE
8.04,8.05,8.03,8.04,6414,2021-09-27 14:47:00,SRNE
8.04,8.04,8.03,8.035,4920,2021-09-27 14:48:00,SRNE
8.04,8.04,8.03,8.035,6600,2021-09-27 14:49:00,SRNE
8.035,8.05,8.03,8.05,24488,2021-09-27 14:50:00,SRNE
8.0408,8.05,8.04,8.045,14973,2021-09-27 14:51:00,SRNE
8.045,8.05,8.0401,8.05,15176,2021-09-27 14:52:00,SRNE
8.045,8.05,8.04,8.041,2000,2021-09-27 14:53:00,SRNE
8.045,8.045,8.04,8.04,1076,2021-09-27 14:54:00,SRNE
8.045,8.05,8.04,8.05,7612,2021-09-27 14:55:00,SRNE
8.045,8.05,8.03,8.04,10459,2021-09-27 14:56:00,SRNE
8.03,8.045,8.03,8.045,3458,2021-09-27 14:57:00,SRNE
8.045,8.05,8.0404,8.045,2403,2021-09-27 14:58:00,SRNE
8.045,8.05,8.04,8.05,29601,2021-09-27 14:59:00,SRNE
8.05,8.05,8.03,8.035,26423,2021-09-27 15:00:00,SRNE
8.04,8.0482,8.035,8.04,6438,2021-09-27 15:01:00,SRNE
8.04,8.045,8.03,8.0417,7104,2021-09-27 15:02:00,SRNE
8.045,8.045,8.045,8.045,300,2021-09-27 15:03:00,SRNE
8.045,8.05,8.045,8.05,601,2021-09-27 15:04:00,SRNE
8.0422,8.05,8.0422,8.05,6730,2021-09-27 15:05:00,SRNE
8.05,8.05,8.045,8.05,700,2021-09-27 15:06:00,SRNE
8.045,8.08,8.045,8.08,121910,2021-09-27 15:07:00,SRNE
8.08,8.085,8.0701,8.0801,33677,2021-09-27 15:08:00,SRNE
8.08,8.1,8.08,8.093,9079,2021-09-27 15:09:00,SRNE
8.1,8.11,8.095,8.1084,61138,2021-09-27 15:10:00,SRNE
8.11,8.12,8.11,8.12,11950,2021-09-27 15:11:00,SRNE
8.1107,8.13,8.1,8.13,41545,2021-09-27 15:12:00,SRNE
8.13,8.13,8.12,8.125,1419,2021-09-27 15:13:00,SRNE
8.12,8.13,8.11,8.12,22180,2021-09-27 15:14:00,SRNE
8.1211,8.13,8.12,8.125,5247,2021-09-27 15:15:00,SRNE
8.13,8.13,8.12,8.12,21932,2021-09-27 15:16:00,SRNE
8.13,8.13,8.12,8.13,3980,2021-09-27 15:17:00,SRNE
8.125,8.13,8.12,8.1209,6010,2021-09-27 15:18:00,SRNE
8.13,8.13,8.11,8.12,30097,2021-09-27 15:19:00,SRNE
8.115,8.115,8.11,8.1124,600,2021-09-27 15:20:00,SRNE
8.115,8.12,8.11,8.1109,8372,2021-09-27 15:21:00,SRNE
8.1108,8.13,8.11,8.12,8207,2021-09-27 15:22:00,SRNE
8.1209,8.13,8.12,8.127,4045,2021-09-27 15:23:00,SRNE
8.13,8.13,8.12,8.12,4393,2021-09-27 15:24:00,SRNE
8.12,8.13,8.11,8.12,21543,2021-09-27 15:25:00,SRNE
8.12,8.14,8.12,8.14,11230,2021-09-27 15:26:00,SRNE
8.14,8.14,8.12,8.125,20150,2021-09-27 15:27:00,SRNE
8.13,8.13,8.11,8.112,10303,2021-09-27 15:28:00,SRNE
8.12,8.13,8.11,8.11,19952,2021-09-27 15:29:00,SRNE
8.115,8.15,8.115,8.15,16750,2021-09-27 15:30:00,SRNE
8.1401,8.15,8.13,8.14,45122,2021-09-27 15:31:00,SRNE
8.145,8.1474,8.14,8.143,2500,2021-09-27 15:32:00,SRNE
8.145,8.18,8.145,8.1701,43460,2021-09-27 15:33:00,SRNE
8.175,8.18,8.17,8.17,6700,2021-09-27 15:34:00,SRNE
8.17,8.17,8.15,8.155,12209,2021-09-27 15:35:00,SRNE
8.16,8.165,8.15,8.165,3490,2021-09-27 15:36:00,SRNE
8.1699,8.18,8.16,8.18,15461,2021-09-27 15:37:00,SRNE
8.1785,8.1785,8.17,8.1783,3317,2021-09-27 15:38:00,SRNE
8.17,8.18,8.17,8.175,36183,2021-09-27 15:39:00,SRNE
8.18,8.18,8.17,8.18,7936,2021-09-27 15:40:00,SRNE
8.1775,8.18,8.17,8.1799,4586,2021-09-27 15:41:00,SRNE
8.18,8.18,8.1701,8.18,5700,2021-09-27 15:42:00,SRNE
8.18,8.18,8.1701,8.18,1649,2021-09-27 15:43:00,SRNE
8.18,8.18,8.17,8.17,6800,2021-09-27 15:44:00,SRNE
8.175,8.175,8.15,8.16,11563,2021-09-27 15:45:00,SRNE
8.1679,8.175,8.1601,8.175,6746,2021-09-27 15:46:00,SRNE
8.18,8.19,8.17,8.182,30039,2021-09-27 15:47:00,SRNE
8.185,8.2,8.185,8.2,40370,2021-09-27 15:48:00,SRNE
8.2,8.2,8.19,8.2,4658,2021-09-27 15:49:00,SRNE
8.1917,8.2,8.1901,8.2,5011,2021-09-27 15:50:00,SRNE
8.195,8.2,8.1915,8.193,6543,2021-09-27 15:51:00,SRNE
8.2,8.2,8.19,8.2,2530,2021-09-27 15:52:00,SRNE
8.2,8.2,8.19,8.1977,8090,2021-09-27 15:53:00,SRNE
8.195,8.195,8.18,8.185,5372,2021-09-27 15:54:00,SRNE
8.185,8.195,8.185,8.1929,6332,2021-09-27 15:55:00,SRNE
8.19,8.2,8.19,8.1901,13609,2021-09-27 15:56:00,SRNE
8.19,8.195,8.19,8.195,6625,2021-09-27 15:57:00,SRNE
8.19,8.195,8.19,8.19,10127,2021-09-27 15:58:00,SRNE
8.19,8.195,8.19,8.19,11922,2021-09-27 15:59:00,SRNE
8.19,8.19,8.18,8.18,1824,2021-09-27 16:00:00,SRNE
8.18,8.18,8.17,8.17,10784,2021-09-27 16:01:00,SRNE
8.17,8.1759,8.17,8.171,3789,2021-09-27 16:02:00,SRNE
8.17,8.18,8.165,8.18,2948,2021-09-27 16:03:00,SRNE
8.17,8.17,8.17,8.17,1336,2021-09-27 16:04:00,SRNE
8.17,8.175,8.17,8.175,500,2021-09-27 16:05:00,SRNE
8.1715,8.175,8.17,8.17,2283,2021-09-27 16:06:00,SRNE
8.16,8.19,8.15,8.17,42575,2021-09-27 16:07:00,SRNE
8.1713,8.18,8.17,8.18,539,2021-09-27 16:08:00,SRNE
8.1701,8.1706,8.165,8.167,4280,2021-09-27 16:09:00,SRNE
8.161,8.1622,8.15,8.1509,25994,2021-09-27 16:10:00,SRNE
8.1518,8.16,8.1518,8.155,8543,2021-09-27 16:11:00,SRNE
8.155,8.155,8.1532,8.1532,726,2021-09-27 16:12:00,SRNE
8.15,8.15,8.1427,8.1432,7367,2021-09-27 16:13:00,SRNE
8.141,8.144,8.13,8.135,31774,2021-09-27 16:14:00,SRNE
8.13,8.15,8.13,8.15,10162,2021-09-27 16:15:00,SRNE
8.155,8.16,8.15,8.15,1100,2021-09-27 16:16:00,SRNE
8.155,8.165,8.15,8.163,11211,2021-09-27 16:18:00,SRNE
8.165,8.165,8.15,8.15,16162,2021-09-27 16:19:00,SRNE
8.1511,8.1511,8.15,8.15,1267,2021-09-27 16:20:00,SRNE
8.15,8.15,8.142,8.142,1100,2021-09-27 16:21:00,SRNE
8.1422,8.1422,8.135,8.14,7949,2021-09-27 16:22:00,SRNE
8.14,8.1517,8.14,8.15,2800,2021-09-27 16:23:00,SRNE
8.1406,8.15,8.14,8.1473,1132,2021-09-27 16:24:00,SRNE
8.14,8.145,8.13,8.14,11602,2021-09-27 16:25:00,SRNE
8.145,8.16,8.1425,8.15,12494,2021-09-27 16:26:00,SRNE
8.15,8.15,8.15,8.15,100,2021-09-27 16:27:00,SRNE
8.1579,8.1579,8.1517,8.1517,1164,2021-09-27 16:28:00,SRNE
8.1566,8.16,8.1501,8.16,3084,2021-09-27 16:29:00,SRNE
8.151,8.16,8.151,8.16,3000,2021-09-27 16:30:00,SRNE
8.1672,8.1672,8.1624,8.1624,600,2021-09-27 16:31:00,SRNE
8.1601,8.1699,8.1601,8.165,505,2021-09-27 16:32:00,SRNE
8.165,8.165,8.165,8.165,7800,2021-09-27 16:33:00,SRNE
8.165,8.1699,8.1621,8.1621,1382,2021-09-27 16:34:00,SRNE
8.165,8.17,8.1607,8.17,29001,2021-09-27 16:35:00,SRNE
8.1778,8.18,8.1717,8.175,10218,2021-09-27 16:36:00,SRNE
8.175,8.175,8.175,8.175,200,2021-09-27 16:37:00,SRNE
8.1799,8.1799,8.1799,8.1799,135,2021-09-27 16:38:00,SRNE
8.18,8.18,8.1709,8.175,5300,2021-09-27 16:39:00,SRNE
8.17,8.175,8.17,8.175,19611,2021-09-27 16:40:00,SRNE
8.175,8.175,8.16,8.1713,5054,2021-09-27 16:41:00,SRNE
8.17,8.18,8.17,8.17,1510,2021-09-27 16:42:00,SRNE
8.17,8.17,8.15,8.165,28318,2021-09-27 16:43:00,SRNE
8.16,8.16,8.15,8.16,5826,2021-09-27 16:44:00,SRNE
8.16,8.17,8.16,8.16,13982,2021-09-27 16:45:00,SRNE
8.17,8.17,8.16,8.1616,1268,2021-09-27 16:46:00,SRNE
8.165,8.165,8.16,8.16,4941,2021-09-27 16:47:00,SRNE
8.15,8.155,8.15,8.155,500,2021-09-27 16:48:00,SRNE
8.16,8.1644,8.16,8.1644,1200,2021-09-27 16:49:00,SRNE
8.16,8.16,8.16,8.16,1159,2021-09-27 16:50:00,SRNE
8.16,8.17,8.16,8.165,2400,2021-09-27 16:51:00,SRNE
8.16,8.165,8.16,8.165,400,2021-09-27 16:53:00,SRNE
8.17,8.175,8.16,8.16,18855,2021-09-27 16:54:00,SRNE
8.16,8.175,8.16,8.175,18301,2021-09-27 16:55:00,SRNE
8.1799,8.1799,8.1701,8.175,1800,2021-09-27 16:56:00,SRNE
8.17,8.17,8.16,8.165,3439,2021-09-27 16:57:00,SRNE
8.16,8.16,8.15,8.15,2755,2021-09-27 16:58:00,SRNE
8.16,8.16,8.15,8.1517,3033,2021-09-27 16:59:00,SRNE
8.15,8.15,8.1418,8.15,5488,2021-09-27 17:00:00,SRNE
8.142,8.145,8.13,8.13,18766,2021-09-27 17:01:00,SRNE
8.13,8.145,8.13,8.145,5906,2021-09-27 17:02:00,SRNE
8.14,8.14,8.1322,8.14,4158,2021-09-27 17:03:00,SRNE
8.14,8.14,8.13,8.135,2036,2021-09-27 17:05:00,SRNE
8.14,8.145,8.14,8.1403,2685,2021-09-27 17:06:00,SRNE
8.14,8.14,8.1323,8.135,2415,2021-09-27 17:07:00,SRNE
8.135,8.135,8.13,8.13,750,2021-09-27 17:08:00,SRNE
8.1323,8.1323,8.13,8.13,621,2021-09-27 17:09:00,SRNE
8.131,8.131,8.11,8.12,12511,2021-09-27 17:10:00,SRNE
8.12,8.12,8.11,8.12,7176,2021-09-27 17:11:00,SRNE
8.12,8.1219,8.115,8.115,6479,2021-09-27 17:12:00,SRNE
8.1132,8.12,8.1126,8.115,445,2021-09-27 17:13:00,SRNE
8.115,8.115,8.11,8.11,596,2021-09-27 17:14:00,SRNE
8.11,8.13,8.11,8.125,9120,2021-09-27 17:15:00,SRNE
8.135,8.14,8.135,8.135,2583,2021-09-27 17:16:00,SRNE
8.1321,8.155,8.1321,8.155,4281,2021-09-27 17:17:00,SRNE
8.15,8.15,8.141,8.1431,2382,2021-09-27 17:18:00,SRNE
8.145,8.145,8.145,8.145,100,2021-09-27 17:19:00,SRNE
8.145,8.145,8.135,8.135,3162,2021-09-27 17:20:00,SRNE
8.135,8.135,8.135,8.135,100,2021-09-27 17:22:00,SRNE
8.135,8.135,8.13,8.13,4932,2021-09-27 17:23:00,SRNE
8.13,8.13,8.12,8.12,3152,2021-09-27 17:24:00,SRNE
8.12,8.1201,8.12,8.1201,1882,2021-09-27 17:26:00,SRNE
8.12,8.12,8.115,8.115,4478,2021-09-27 17:27:00,SRNE
8.115,8.115,8.115,8.115,500,2021-09-27 17:28:00,SRNE
8.115,8.115,8.1101,8.1101,520,2021-09-27 17:29:00,SRNE
8.11,8.115,8.11,8.11,5165,2021-09-27 17:30:00,SRNE
8.11,8.11,8.105,8.105,5594,2021-09-27 17:31:00,SRNE
8.105,8.117,8.105,8.117,2568,2021-09-27 17:32:00,SRNE
8.1141,8.1141,8.103,8.103,7423,2021-09-27 17:33:00,SRNE
8.105,8.105,8.1032,8.105,712,2021-09-27 17:34:00,SRNE
8.105,8.1077,8.1,8.105,916,2021-09-27 17:35:00,SRNE
8.105,8.105,8.1,8.105,3136,2021-09-27 17:36:00,SRNE
8.1045,8.105,8.1045,8.105,400,2021-09-27 17:37:00,SRNE
8.1045,8.105,8.09,8.09,9154,2021-09-27 17:38:00,SRNE
8.0927,8.095,8.0906,8.0906,1600,2021-09-27 17:39:00,SRNE
8.095,8.095,8.0946,8.0946,321,2021-09-27 17:40:00,SRNE
8.1,8.105,8.1,8.1017,6631,2021-09-27 17:41:00,SRNE
8.105,8.105,8.095,8.095,6055,2021-09-27 17:42:00,SRNE
8.095,8.1,8.0902,8.095,10527,2021-09-27 17:43:00,SRNE
8.1,8.1,8.0911,8.0955,14058,2021-09-27 17:44:00,SRNE
8.091,8.095,8.091,8.095,1300,2021-09-27 17:45:00,SRNE
8.0916,8.0916,8.0916,8.0916,100,2021-09-27 17:46:00,SRNE
8.097,8.097,8.09,8.097,12054,2021-09-27 17:47:00,SRNE
8.09,8.095,8.09,8.095,9665,2021-09-27 17:48:00,SRNE
8.0901,8.1,8.0901,8.095,3940,2021-09-27 17:49:00,SRNE
8.0945,8.1,8.0945,8.1,400,2021-09-27 17:50:00,SRNE
8.1,8.1,8.1,8.1,9771,2021-09-27 17:51:00,SRNE
8.1,8.11,8.095,8.11,5960,2021-09-27 17:52:00,SRNE
8.105,8.105,8.1024,8.1024,556,2021-09-27 17:53:00,SRNE
8.11,8.11,8.1009,8.11,9832,2021-09-27 17:54:00,SRNE
8.11,8.11,8.1,8.11,1000,2021-09-27 17:55:00,SRNE
8.11,8.12,8.11,8.12,17253,2021-09-27 17:56:00,SRNE
8.12,8.12,8.1126,8.12,2199,2021-09-27 17:57:00,SRNE
8.12,8.12,8.12,8.12,800,2021-09-27 17:58:00,SRNE
8.12,8.12,8.115,8.12,1365,2021-09-27 17:59:00,SRNE
8.115,8.12,8.11,8.1189,30072,2021-09-27 18:00:00,SRNE
8.1199,8.12,8.1188,8.1188,7930,2021-09-27 18:01:00,SRNE
8.1118,8.119,8.1118,8.1175,1150,2021-09-27 18:02:00,SRNE
8.1127,8.12,8.1127,8.12,10872,2021-09-27 18:03:00,SRNE
8.12,8.13,8.12,8.13,4797,2021-09-27 18:04:00,SRNE
8.13,8.13,8.13,8.13,44413,2021-09-27 18:05:00,SRNE
8.13,8.13,8.11,8.11,6234,2021-09-27 18:06:00,SRNE
8.11,8.115,8.105,8.105,4786,2021-09-27 18:07:00,SRNE
8.1069,8.11,8.105,8.11,2437,2021-09-27 18:08:00,SRNE
8.105,8.11,8.1,8.105,9579,2021-09-27 18:09:00,SRNE
8.11,8.12,8.105,8.115,3800,2021-09-27 18:10:00,SRNE
8.115,8.115,8.115,8.115,1400,2021-09-27 18:11:00,SRNE
8.115,8.12,8.115,8.115,1326,2021-09-27 18:12:00,SRNE
8.115,8.115,8.1105,8.1105,830,2021-09-27 18:13:00,SRNE
8.11,8.115,8.11,8.115,2024,2021-09-27 18:14:00,SRNE
8.11,8.117,8.11,8.115,1116,2021-09-27 18:15:00,SRNE
8.11,8.13,8.11,8.13,24179,2021-09-27 18:16:00,SRNE
8.13,8.13,8.1229,8.13,10002,2021-09-27 18:17:00,SRNE
8.1201,8.13,8.1201,8.13,650,2021-09-27 18:18:00,SRNE
8.13,8.13,8.13,8.13,1415,2021-09-27 18:19:00,SRNE
8.135,8.135,8.121,8.121,7399,2021-09-27 18:20:00,SRNE
8.13,8.13,8.122,8.122,500,2021-09-27 18:21:00,SRNE
8.12,8.125,8.12,8.125,600,2021-09-27 18:22:00,SRNE
8.13,8.13,8.13,8.13,108,2021-09-27 18:23:00,SRNE
8.13,8.13,8.13,8.13,100,2021-09-27 18:24:00,SRNE
8.125,8.125,8.12,8.12,1201,2021-09-27 18:25:00,SRNE
8.12,8.125,8.12,8.125,2041,2021-09-27 18:26:00,SRNE
8.1212,8.14,8.1212,8.135,7757,2021-09-27 18:27:00,SRNE
8.135,8.14,8.125,8.125,9817,2021-09-27 18:29:00,SRNE
8.1213,8.125,8.1213,8.125,4250,2021-09-27 18:30:00,SRNE
8.125,8.125,8.125,8.125,200,2021-09-27 18:31:00,SRNE
8.1213,8.14,8.1213,8.14,18109,2021-09-27 18:32:00,SRNE
8.14,8.14,8.14,8.14,8568,2021-09-27 18:33:00,SRNE
8.14,8.14,8.1315,8.1315,2883,2021-09-27 18:34:00,SRNE
8.135,8.135,8.13,8.135,842,2021-09-27 18:35:00,SRNE
8.14,8.14,8.135,8.135,838,2021-09-27 18:36:00,SRNE
8.135,8.135,8.135,8.135,600,2021-09-27 18:37:00,SRNE
8.133,8.14,8.133,8.14,2078,2021-09-27 18:38:00,SRNE
8.15,8.15,8.15,8.15,400,2021-09-27 18:39:00,SRNE
8.15,8.155,8.143,8.1454,7149,2021-09-27 18:40:00,SRNE
8.1443,8.1458,8.1443,8.1458,592,2021-09-27 18:41:00,SRNE
8.145,8.145,8.145,8.145,325,2021-09-27 18:42:00,SRNE
8.1468,8.1468,8.14,8.145,4105,2021-09-27 18:43:00,SRNE
8.145,8.145,8.14,8.145,2028,2021-09-27 18:44:00,SRNE
8.145,8.15,8.145,8.1483,2462,2021-09-27 18:45:00,SRNE
8.14,8.1461,8.13,8.1302,4937,2021-09-27 18:46:00,SRNE
8.1318,8.1318,8.13,8.13,4222,2021-09-27 18:47:00,SRNE
8.1297,8.1297,8.1201,8.1285,1210,2021-09-27 18:48:00,SRNE
8.125,8.1299,8.125,8.1299,1811,2021-09-27 18:49:00,SRNE
8.125,8.125,8.125,8.125,300,2021-09-27 18:50:00,SRNE
8.1208,8.1208,8.1208,8.1208,200,2021-09-27 18:51:00,SRNE
8.125,8.125,8.125,8.125,100,2021-09-27 18:52:00,SRNE
8.12,8.125,8.12,8.125,6287,2021-09-27 18:53:00,SRNE
8.115,8.13,8.1118,8.125,4402,2021-09-27 18:54:00,SRNE
8.12,8.125,8.12,8.125,300,2021-09-27 18:55:00,SRNE
8.13,8.14,8.13,8.14,3753,2021-09-27 18:56:00,SRNE
8.14,8.14,8.13,8.13,9728,2021-09-27 18:57:00,SRNE
8.14,8.14,8.131,8.135,3094,2021-09-27 18:58:00,SRNE
8.135,8.14,8.135,8.135,1001,2021-09-27 18:59:00,SRNE
8.135,8.135,8.1237,8.1237,6630,2021-09-27 19:00:00,SRNE
8.12,8.1283,8.12,8.1283,1800,2021-09-27 19:01:00,SRNE
8.125,8.13,8.125,8.125,1800,2021-09-27 19:02:00,SRNE
8.125,8.125,8.125,8.125,200,2021-09-27 19:03:00,SRNE
8.12,8.12,8.11,8.11,4486,2021-09-27 19:04:00,SRNE
8.1,8.1,8.0807,8.09,8622,2021-09-27 19:05:00,SRNE
8.09,8.095,8.09,8.09,4593,2021-09-27 19:06:00,SRNE
8.09,8.0902,8.0887,8.0887,4558,2021-09-27 19:07:00,SRNE
8.085,8.09,8.085,8.09,800,2021-09-27 19:08:00,SRNE
8.085,8.095,8.085,8.095,2295,2021-09-27 19:09:00,SRNE
8.0954,8.11,8.0954,8.11,3605,2021-09-27 19:10:00,SRNE
8.115,8.115,8.11,8.11,5193,2021-09-27 19:11:00,SRNE
8.1123,8.12,8.11,8.12,3350,2021-09-27 19:12:00,SRNE
8.12,8.12,8.115,8.115,1754,2021-09-27 19:13:00,SRNE
8.1143,8.1245,8.1132,8.1245,10501,2021-09-27 19:14:00,SRNE
8.1217,8.125,8.11,8.11,5198,2021-09-27 19:15:00,SRNE
8.11,8.11,8.11,8.11,1111,2021-09-27 19:16:00,SRNE
8.1,8.1085,8.095,8.1085,8883,2021-09-27 19:18:00,SRNE
8.102,8.11,8.102,8.11,2048,2021-09-27 19:19:00,SRNE
8.12,8.12,8.12,8.12,1000,2021-09-27 19:20:00,SRNE
8.125,8.135,8.12,8.1227,10949,2021-09-27 19:21:00,SRNE
8.125,8.1276,8.12,8.12,919,2021-09-27 19:22:00,SRNE
8.12,8.13,8.115,8.1283,1736,2021-09-27 19:23:00,SRNE
8.125,8.125,8.12,8.12,605,2021-09-27 19:24:00,SRNE
8.13,8.14,8.13,8.14,3207,2021-09-27 19:25:00,SRNE
8.1383,8.1399,8.1383,8.1399,800,2021-09-27 19:26:00,SRNE
8.135,8.135,8.135,8.135,398,2021-09-27 19:27:00,SRNE
8.14,8.14,8.1315,8.135,13280,2021-09-27 19:28:00,SRNE
8.14,8.14,8.1331,8.14,3900,2021-09-27 19:29:00,SRNE
8.14,8.15,8.13,8.14,22363,2021-09-27 19:30:00,SRNE
8.135,8.14,8.135,8.14,1800,2021-09-27 19:31:00,SRNE
8.14,8.145,8.1331,8.145,4920,2021-09-27 19:32:00,SRNE
8.145,8.145,8.14,8.145,730,2021-09-27 19:33:00,SRNE
8.1491,8.15,8.14,8.1401,13333,2021-09-27 19:34:00,SRNE
8.15,8.15,8.145,8.15,900,2021-09-27 19:35:00,SRNE
8.1477,8.16,8.1427,8.1587,20562,2021-09-27 19:36:00,SRNE
8.16,8.165,8.16,8.165,4339,2021-09-27 19:37:00,SRNE
8.17,8.17,8.165,8.165,577,2021-09-27 19:38:00,SRNE
8.165,8.17,8.16,8.1608,1958,2021-09-27 19:39:00,SRNE
8.17,8.17,8.1531,8.155,5438,2021-09-27 19:40:00,SRNE
8.16,8.16,8.1545,8.155,1900,2021-09-27 19:41:00,SRNE
8.155,8.155,8.12,8.13,9819,2021-09-27 19:42:00,SRNE
8.125,8.14,8.125,8.13,9462,2021-09-27 19:43:00,SRNE
8.13,8.13,8.125,8.125,7095,2021-09-27 19:44:00,SRNE
8.13,8.135,8.12,8.125,11703,2021-09-27 19:45:00,SRNE
8.13,8.13,8.12,8.125,650,2021-09-27 19:46:00,SRNE
8.1282,8.13,8.12,8.1201,15254,2021-09-27 19:47:00,SRNE
8.115,8.12,8.1122,8.1127,5392,2021-09-27 19:48:00,SRNE
8.12,8.12,8.115,8.12,4602,2021-09-27 19:49:00,SRNE
8.115,8.12,8.1101,8.12,7829,2021-09-27 19:50:00,SRNE
8.12,8.13,8.115,8.125,8829,2021-09-27 19:51:00,SRNE
8.125,8.125,8.115,8.12,12733,2021-09-27 19:52:00,SRNE
8.1187,8.13,8.1167,8.125,14822,2021-09-27 19:53:00,SRNE
8.125,8.135,8.12,8.1304,14931,2021-09-27 19:54:00,SRNE
8.14,8.14,8.13,8.135,8995,2021-09-27 19:55:00,SRNE
8.135,8.15,8.13,8.14,9570,2021-09-27 19:56:00,SRNE
8.14,8.14,8.13,8.135,23981,2021-09-27 19:57:00,SRNE
8.13,8.135,8.12,8.12,16767,2021-09-27 19:58:00,SRNE
8.125,8.14,8.12,8.14,56697,2021-09-27 19:59:00,SRNE
8.14,8.14,8.14,8.14,193456,2021-09-27 20:00:00,SRNE
8.14,8.14,8.14,8.14,10178,2021-09-27 20:01:00,SRNE
8.14,8.14,8.14,8.14,11599,2021-09-27 20:02:00,SRNE
8.1499,8.15,8.1499,8.15,1226,2021-09-27 20:58:00,SRNE
8.1499,8.15,8.1499,8.15,9883,2021-09-27 21:03:00,SRNE
8.15,8.15,8.15,8.15,824,2021-09-27 21:05:00,SRNE
8.15,8.15,8.15,8.15,949,2021-09-27 21:28:00,SRNE
8.17,8.17,8.17,8.17,1046,2021-09-27 21:32:00,SRNE
8.17,8.17,8.17,8.17,1000,2021-09-27 21:33:00,SRNE
8.13,8.13,8.13,8.13,500,2021-09-27 21:38:00,SRNE
8.13,8.13,8.13,8.13,500,2021-09-27 21:39:00,SRNE
8.13,8.13,8.13,8.13,400,2021-09-27 21:41:00,SRNE
8.13,8.13,8.13,8.13,100,2021-09-27 21:45:00,SRNE
8.13,8.13,8.13,8.13,100,2021-09-27 21:47:00,SRNE
8.16,8.16,8.16,8.16,100,2021-09-27 21:56:00,SRNE
8.17,8.17,8.17,8.17,100,2021-09-27 21:59:00,SRNE
8.14,8.14,8.14,8.14,1000,2021-09-27 23:07:00,SRNE
8.12,8.12,8.12,8.12,1000,2021-09-27 23:51:00,SRNE
8.11,8.14,8.11,8.14,1002,2021-09-28 09:07:00,SRNE
8.14,8.14,8.14,8.14,1961,2021-09-28 11:02:00,SRNE
8.1,8.1,8.1,8.1,200,2021-09-28 11:10:00,SRNE
8.08,8.08,8.08,8.08,100,2021-09-28 11:17:00,SRNE
8.07,8.07,8.07,8.07,200,2021-09-28 11:38:00,SRNE
8.06,8.06,8.05,8.05,5000,2021-09-28 11:56:00,SRNE
8.05,8.05,8.05,8.05,150,2021-09-28 12:02:00,SRNE
8.05,8.05,8.05,8.05,1440,2021-09-28 12:07:00,SRNE
8.03,8.03,8.03,8.03,500,2021-09-28 12:19:00,SRNE
8.0301,8.0301,8.03,8.03,1896,2021-09-28 12:20:00,SRNE
8.0301,8.0301,8.0301,8.0301,200,2021-09-28 12:21:00,SRNE
8.03,8.03,8.02,8.02,1180,2021-09-28 12:24:00,SRNE
8.02,8.02,8.02,8.02,500,2021-09-28 12:28:00,SRNE
8.02,8.02,8.02,8.02,11200,2021-09-28 12:30:00,SRNE
8.0199,8.0199,8.0199,8.0199,978,2021-09-28 12:31:00,SRNE
8.02,8.02,8.02,8.02,600,2021-09-28 12:33:00,SRNE
8.02,8.02,8.02,8.02,500,2021-09-28 12:41:00,SRNE
8.01,8.01,8.01,8.01,200,2021-09-28 12:42:00,SRNE
8.02,8.02,8.02,8.02,300,2021-09-28 12:43:00,SRNE
8.01,8.02,8.01,8.0101,338,2021-09-28 12:46:00,SRNE
8.02,8.02,8.02,8.02,500,2021-09-28 12:48:00,SRNE
8.02,8.02,8.02,8.02,300,2021-09-28 12:56:00,SRNE
8.01,8.01,8.01,8.01,5030,2021-09-28 12:58:00,SRNE
8.01,8.01,8.01,8.01,100,2021-09-28 13:00:00,SRNE
8.01,8.01,8.01,8.01,400,2021-09-28 13:01:00,SRNE
8.0,8.0,8.0,8.0,760,2021-09-28 13:02:00,SRNE
8.0001,8.0001,8.0,8.0,715,2021-09-28 13:08:00,SRNE
8.01,8.01,8.01,8.01,650,2021-09-28 13:09:00,SRNE
8.01,8.01,8.01,8.01,6000,2021-09-28 13:10:00,SRNE
8.01,8.01,8.01,8.01,300,2021-09-28 13:14:00,SRNE
8.01,8.01,8.01,8.01,177,2021-09-28 13:16:00,SRNE
8.02,8.02,8.02,8.02,1450,2021-09-28 13:17:00,SRNE
8.02,8.02,8.02,8.02,400,2021-09-28 13:18:00,SRNE
8.02,8.02,8.02,8.02,511,2021-09-28 13:22:00,SRNE
8.0201,8.0201,8.0201,8.0201,1000,2021-09-28 13:23:00,SRNE
8.05,8.1,8.05,8.09,3326,2021-09-28 13:27:00,SRNE
8.09,8.09,8.09,8.09,683,2021-09-28 13:29:00,SRNE
8.05,8.12,8.04,8.1,60868,2021-09-28 13:30:00,SRNE
8.11,8.121,8.0864,8.09,21316,2021-09-28 13:31:00,SRNE
8.09,8.1,8.03,8.05,16068,2021-09-28 13:32:00,SRNE
8.0482,8.06,8.03,8.04,19989,2021-09-28 13:33:00,SRNE
8.02,8.05,8.02,8.05,11775,2021-09-28 13:34:00,SRNE
8.03,8.06,8.03,8.06,8156,2021-09-28 13:35:00,SRNE
8.05,8.05,8.01,8.01,13000,2021-09-28 13:36:00,SRNE
8.02,8.03,8.005,8.01,21348,2021-09-28 13:37:00,SRNE
8.0,8.0,7.97,7.985,74202,2021-09-28 13:38:00,SRNE
7.989,8.01,7.989,8.0005,36819,2021-09-28 13:39:00,SRNE
8.01,8.02,7.97,7.975,50567,2021-09-28 13:40:00,SRNE
7.97,8.0,7.97,7.985,15914,2021-09-28 13:41:00,SRNE
7.98,7.98,7.965,7.9792,40425,2021-09-28 13:42:00,SRNE
7.98,7.985,7.97,7.97,19794,2021-09-28 13:43:00,SRNE
7.965,7.965,7.94,7.94,41941,2021-09-28 13:44:00,SRNE
7.94,7.95,7.925,7.93,55797,2021-09-28 13:45:00,SRNE
7.925,7.925,7.9,7.915,39087,2021-09-28 13:46:00,SRNE
7.9199,7.94,7.9199,7.92,20578,2021-09-28 13:47:00,SRNE
7.915,7.93,7.9101,7.9199,4350,2021-09-28 13:48:00,SRNE
7.9174,7.95,7.9025,7.95,8957,2021-09-28 13:49:00,SRNE
7.95,7.95,7.935,7.945,19226,2021-09-28 13:50:00,SRNE
7.945,7.945,7.92,7.92,5150,2021-09-28 13:51:00,SRNE
7.9199,7.92,7.895,7.9,49483,2021-09-28 13:52:00,SRNE
7.905,7.91,7.87,7.875,27047,2021-09-28 13:53:00,SRNE
7.8773,7.89,7.87,7.8782,34590,2021-09-28 13:54:00,SRNE
7.875,7.91,7.875,7.91,14450,2021-09-28 13:55:00,SRNE
7.91,7.915,7.885,7.89,14118,2021-09-28 13:56:00,SRNE
7.9,7.905,7.885,7.885,10809,2021-09-28 13:57:00,SRNE
7.8887,7.8989,7.8801,7.885,12708,2021-09-28 13:58:00,SRNE
7.885,7.8875,7.855,7.855,30759,2021-09-28 13:59:00,SRNE
7.858,7.87,7.854,7.86,27489,2021-09-28 14:00:00,SRNE
7.86,7.865,7.84,7.8599,53200,2021-09-28 14:01:00,SRNE
7.855,7.855,7.82,7.83,50137,2021-09-28 14:02:00,SRNE
7.835,7.85,7.82,7.82,16767,2021-09-28 14:03:00,SRNE
7.82,7.84,7.82,7.825,13455,2021-09-28 14:04:00,SRNE
7.8299,7.86,7.815,7.86,16202,2021-09-28 14:05:00,SRNE
7.86,7.86,7.85,7.86,10948,2021-09-28 14:06:00,SRNE
7.88,7.88,7.855,7.855,7449,2021-09-28 14:07:00,SRNE
7.855,7.875,7.84,7.85,39206,2021-09-28 14:08:00,SRNE
7.84,7.845,7.825,7.835,22865,2021-09-28 14:09:00,SRNE
7.835,7.845,7.825,7.84,33059,2021-09-28 14:10:00,SRNE
7.83,7.852,7.8245,7.845,14487,2021-09-28 14:11:00,SRNE
7.85,7.86,7.845,7.8585,4125,2021-09-28 14:12:00,SRNE
7.85,7.86,7.845,7.8521,6733,2021-09-28 14:13:00,SRNE
7.85,7.86,7.85,7.85,9646,2021-09-28 14:14:00,SRNE
7.85,7.88,7.85,7.86,39534,2021-09-28 14:15:00,SRNE
7.86,7.885,7.86,7.88,6889,2021-09-28 14:16:00,SRNE
7.8801,7.91,7.88,7.88,15754,2021-09-28 14:17:00,SRNE
7.885,7.885,7.86,7.865,4599,2021-09-28 14:18:00,SRNE
7.86,7.87,7.84,7.84,35952,2021-09-28 14:19:00,SRNE
7.84,7.8419,7.825,7.83,8355,2021-09-28 14:20:00,SRNE
7.838,7.86,7.835,7.86,16202,2021-09-28 14:21:00,SRNE
7.865,7.877,7.865,7.8699,6194,2021-09-28 14:22:00,SRNE
7.8694,7.88,7.845,7.845,9792,2021-09-28 14:23:00,SRNE
7.84,7.85,7.82,7.84,12198,2021-09-28 14:24:00,SRNE
7.84,7.845,7.83,7.83,4200,2021-09-28 14:25:00,SRNE
7.8371,7.8371,7.815,7.82,15327,2021-09-28 14:26:00,SRNE
7.82,7.83,7.815,7.815,5191,2021-09-28 14:27:00,SRNE
7.815,7.84,7.815,7.825,7017,2021-09-28 14:28:00,SRNE
7.83,7.85,7.83,7.85,11694,2021-09-28 14:29:00,SRNE
7.84,7.865,7.835,7.85,11217,2021-09-28 14:30:00,SRNE
7.845,7.87,7.845,7.855,9049,2021-09-28 14:31:00,SRNE
7.858,7.865,7.845,7.86,13434,2021-09-28 14:32:00,SRNE
7.85,7.8516,7.84,7.84,54156,2021-09-28 14:33:00,SRNE
7.84,7.8499,7.84,7.8445,3100,2021-09-28 14:34:00,SRNE
7.84,7.84,7.8,7.81,32665,2021-09-28 14:35:00,SRNE
7.805,7.8198,7.8,7.81,20608,2021-09-28 14:36:00,SRNE
7.803,7.81,7.8,7.805,4347,2021-09-28 14:37:00,SRNE
7.805,7.8192,7.805,7.81,23212,2021-09-28 14:38:00,SRNE
7.815,7.815,7.8024,7.81,9515,2021-09-28 14:39:00,SRNE
7.805,7.81,7.805,7.805,7344,2021-09-28 14:40:00,SRNE
7.81,7.829,7.805,7.82,6492,2021-09-28 14:41:00,SRNE
7.82,7.8277,7.8191,7.8277,4771,2021-09-28 14:42:00,SRNE
7.825,7.83,7.8217,7.83,4578,2021-09-28 14:43:00,SRNE
7.83,7.83,7.82,7.825,7356,2021-09-28 14:44:00,SRNE
7.825,7.828,7.815,7.815,16481,2021-09-28 14:45:00,SRNE
7.81,7.82,7.8,7.8119,18062,2021-09-28 14:46:00,SRNE
7.82,7.825,7.815,7.82,9345,2021-09-28 14:47:00,SRNE
7.815,7.83,7.815,7.825,20279,2021-09-28 14:48:00,SRNE
7.829,7.83,7.815,7.8269,12360,2021-09-28 14:49:00,SRNE
7.82,7.82,7.805,7.805,30329,2021-09-28 14:50:00,SRNE
7.81,7.85,7.81,7.835,9739,2021-09-28 14:51:00,SRNE
7.8399,7.84,7.8309,7.84,13858,2021-09-28 14:52:00,SRNE
7.83,7.838,7.8255,7.8255,5220,2021-09-28 14:53:00,SRNE
7.83,7.83,7.8224,7.825,300,2021-09-28 14:54:00,SRNE
7.8299,7.8299,7.81,7.81,14937,2021-09-28 14:55:00,SRNE
7.81,7.825,7.81,7.82,4257,2021-09-28 14:56:00,SRNE
7.8181,7.82,7.81,7.815,11526,2021-09-28 14:57:00,SRNE
7.815,7.8155,7.8,7.8078,12211,2021-09-28 14:58:00,SRNE
7.8045,7.82,7.8,7.81,5900,2021-09-28 14:59:00,SRNE
7.81,7.81,7.76,7.765,222344,2021-09-28 15:00:00,SRNE
7.77,7.77,7.7614,7.767,11528,2021-09-28 15:01:00,SRNE
7.765,7.77,7.75,7.755,33454,2021-09-28 15:02:00,SRNE
7.7501,7.765,7.75,7.7592,5529,2021-09-28 15:03:00,SRNE
7.7557,7.76,7.75,7.755,2529,2021-09-28 15:04:00,SRNE
7.755,7.76,7.75,7.755,5169,2021-09-28 15:05:00,SRNE
7.755,7.765,7.75,7.757,10482,2021-09-28 15:06:00,SRNE
7.75,7.76,7.74,7.742,43732,2021-09-28 15:07:00,SRNE
7.75,7.75,7.715,7.727,43371,2021-09-28 15:08:00,SRNE
7.7245,7.73,7.71,7.717,21246,2021-09-28 15:09:00,SRNE
7.72,7.7284,7.715,7.715,13347,2021-09-28 15:10:00,SRNE
7.715,7.72,7.7111,7.715,6114,2021-09-28 15:11:00,SRNE
7.715,7.72,7.71,7.713,13691,2021-09-28 15:12:00,SRNE
7.715,7.72,7.71,7.714,3062,2021-09-28 15:13:00,SRNE
7.715,7.72,7.71,7.71,4060,2021-09-28 15:14:00,SRNE
7.7101,7.715,7.68,7.69,105959,2021-09-28 15:15:00,SRNE
7.685,7.69,7.67,7.675,21980,2021-09-28 15:16:00,SRNE
7.678,7.7,7.6738,7.7,22817,2021-09-28 15:17:00,SRNE
7.695,7.7199,7.695,7.7004,12488,2021-09-28 15:18:00,SRNE
7.7072,7.71,7.69,7.705,17675,2021-09-28 15:19:00,SRNE
7.715,7.715,7.695,7.7087,25865,2021-09-28 15:20:00,SRNE
7.7099,7.715,7.7,7.7,11295,2021-09-28 15:21:00,SRNE
7.7037,7.705,7.69,7.69,8672,2021-09-28 15:22:00,SRNE
7.69,7.7,7.6805,7.69,20082,2021-09-28 15:23:00,SRNE
7.69,7.69,7.68,7.685,14829,2021-09-28 15:24:00,SRNE
7.69,7.69,7.68,7.685,6609,2021-09-28 15:25:00,SRNE
7.685,7.7077,7.685,7.6958,8240,2021-09-28 15:26:00,SRNE
7.695,7.7,7.69,7.6977,12674,2021-09-28 15:27:00,SRNE
7.7,7.71,7.7,7.7,10411,2021-09-28 15:28:00,SRNE
7.7,7.7,7.69,7.6995,14016,2021-09-28 15:29:00,SRNE
7.695,7.695,7.68,7.6878,23030,2021-09-28 15:30:00,SRNE
7.685,7.695,7.675,7.6891,33233,2021-09-28 15:31:00,SRNE
7.69,7.72,7.69,7.72,43787,2021-09-28 15:32:00,SRNE
7.71,7.72,7.695,7.695,13900,2021-09-28 15:33:00,SRNE
7.695,7.7,7.69,7.6963,3872,2021-09-28 15:34:00,SRNE
7.695,7.7,7.69,7.695,8300,2021-09-28 15:35:00,SRNE
7.695,7.7,7.685,7.685,9703,2021-09-28 15:36:00,SRNE
7.69,7.69,7.675,7.675,14101,2021-09-28 15:37:00,SRNE
7.6732,7.695,7.6732,7.6875,5060,2021-09-28 15:38:00,SRNE
7.6878,7.6878,7.67,7.675,2343,2021-09-28 15:39:00,SRNE
7.6769,7.69,7.67,7.69,12323,2021-09-28 15:40:00,SRNE
7.685,7.685,7.6724,7.68,12071,2021-09-28 15:41:00,SRNE
7.68,7.6883,7.67,7.68,18772,2021-09-28 15:42:00,SRNE
7.6883,7.6968,7.675,7.685,12324,2021-09-28 15:43:00,SRNE
7.6899,7.69,7.685,7.685,400,2021-09-28 15:44:00,SRNE
7.685,7.69,7.675,7.68,31717,2021-09-28 15:45:00,SRNE
7.685,7.685,7.67,7.675,7137,2021-09-28 15:46:00,SRNE
7.67,7.68,7.67,7.675,12088,2021-09-28 15:47:00,SRNE
7.68,7.7,7.675,7.68,6186,2021-09-28 15:48:00,SRNE
7.6801,7.6801,7.67,7.6777,14261,2021-09-28 15:49:00,SRNE
7.67,7.67,7.665,7.665,40011,2021-09-28 15:50:00,SRNE
7.66,7.66,7.65,7.6526,15982,2021-09-28 15:51:00,SRNE
7.655,7.66,7.65,7.6545,11217,2021-09-28 15:52:00,SRNE
7.6559,7.6587,7.65,7.6522,6603,2021-09-28 15:53:00,SRNE
7.66,7.67,7.655,7.66,14423,2021-09-28 15:54:00,SRNE
7.66,7.67,7.65,7.652,8079,2021-09-28 15:55:00,SRNE
7.66,7.67,7.66,7.67,6386,2021-09-28 15:56:00,SRNE
7.66,7.66,7.65,7.65,4206,2021-09-28 15:57:00,SRNE
7.66,7.66,7.655,7.6552,7750,2021-09-28 15:58:00,SRNE
7.66,7.66,7.65,7.6525,4778,2021-09-28 15:59:00,SRNE
7.66,7.6699,7.655,7.6699,4804,2021-09-28 16:00:00,SRNE
7.66,7.67,7.6524,7.6581,12201,2021-09-28 16:01:00,SRNE
7.655,7.678,7.655,7.675,5600,2021-09-28 16:02:00,SRNE
7.67,7.67,7.66,7.66,14830,2021-09-28 16:03:00,SRNE
7.66,7.66,7.655,7.66,2508,2021-09-28 16:04:00,SRNE
7.663,7.6878,7.66,7.68,13923,2021-09-28 16:05:00,SRNE
7.685,7.69,7.68,7.685,10396,2021-09-28 16:06:00,SRNE
7.685,7.7,7.68,7.68,11920,2021-09-28 16:07:00,SRNE
7.685,7.69,7.685,7.6883,1190,2021-09-28 16:08:00,SRNE
7.69,7.7,7.685,7.7,11725,2021-09-28 16:09:00,SRNE
7.695,7.7,7.685,7.685,7735,2021-09-28 16:10:00,SRNE
7.69,7.719,7.69,7.7187,6946,2021-09-28 16:11:00,SRNE
7.72,7.73,7.72,7.7299,6148,2021-09-28 16:12:00,SRNE
7.725,7.7383,7.72,7.7383,10167,2021-09-28 16:13:00,SRNE
7.74,7.745,7.74,7.74,1034,2021-09-28 16:14:00,SRNE
7.7473,7.7499,7.74,7.74,4899,2021-09-28 16:15:00,SRNE
7.74,7.75,7.73,7.7314,5019,2021-09-28 16:16:00,SRNE
7.7309,7.74,7.73,7.7393,18343,2021-09-28 16:17:00,SRNE
7.74,7.745,7.735,7.7383,11104,2021-09-28 16:18:00,SRNE
7.735,7.735,7.723,7.723,5359,2021-09-28 16:19:00,SRNE
7.725,7.73,7.725,7.725,2050,2021-09-28 16:20:00,SRNE
7.73,7.735,7.73,7.735,7086,2021-09-28 16:22:00,SRNE
7.735,7.745,7.735,7.745,36000,2021-09-28 16:23:00,SRNE
7.745,7.75,7.73,7.7399,9223,2021-09-28 16:24:00,SRNE
7.735,7.735,7.735,7.735,210,2021-09-28 16:25:00,SRNE
7.74,7.74,7.735,7.735,987,2021-09-28 16:26:00,SRNE
7.735,7.74,7.735,7.735,1950,2021-09-28 16:27:00,SRNE
7.735,7.74,7.73,7.73,4157,2021-09-28 16:28:00,SRNE
7.7331,7.735,7.7331,7.735,2733,2021-09-28 16:29:00,SRNE
7.73,7.74,7.72,7.72,6290,2021-09-28 16:30:00,SRNE
7.725,7.725,7.7,7.7,18936,2021-09-28 16:31:00,SRNE
7.71,7.715,7.7,7.715,8031,2021-09-28 16:32:00,SRNE
7.715,7.72,7.715,7.715,1700,2021-09-28 16:33:00,SRNE
7.715,7.72,7.715,7.7192,10042,2021-09-28 16:34:00,SRNE
7.715,7.715,7.7,7.7097,3804,2021-09-28 16:35:00,SRNE
7.7,7.71,7.69,7.695,13379,2021-09-28 16:36:00,SRNE
7.695,7.7,7.69,7.69,2900,2021-09-28 16:37:00,SRNE
7.695,7.705,7.695,7.705,4903,2021-09-28 16:38:00,SRNE
7.7046,7.71,7.6925,7.7001,15049,2021-09-28 16:39:00,SRNE
7.705,7.705,7.6834,7.6834,17346,2021-09-28 16:40:00,SRNE
7.685,7.69,7.685,7.685,5018,2021-09-28 16:41:00,SRNE
7.68,7.7,7.68,7.7,12035,2021-09-28 16:42:00,SRNE
7.6875,7.69,7.685,7.685,2560,2021-09-28 16:43:00,SRNE
7.6881,7.6883,7.685,7.685,1159,2021-09-28 16:44:00,SRNE
7.68,7.68,7.655,7.66,27353,2021-09-28 16:45:00,SRNE
7.655,7.66,7.65,7.655,1881,2021-09-28 16:46:00,SRNE
7.6584,7.66,7.655,7.66,332,2021-09-28 16:47:00,SRNE
7.65,7.6599,7.65,7.658,7600,2021-09-28 16:48:00,SRNE
7.6583,7.66,7.65,7.655,1780,2021-09-28 16:49:00,SRNE
7.6587,7.68,7.655,7.68,23514,2021-09-28 16:50:00,SRNE
7.67,7.68,7.655,7.655,19907,2021-09-28 16:51:00,SRNE
7.655,7.67,7.655,7.6599,3723,2021-09-28 16:52:00,SRNE
7.6599,7.6599,7.65,7.655,2100,2021-09-28 16:53:00,SRNE
7.658,7.658,7.64,7.65,34716,2021-09-28 16:54:00,SRNE
7.6599,7.665,7.6574,7.665,10793,2021-09-28 16:55:00,SRNE
7.67,7.68,7.66,7.6627,18073,2021-09-28 16:56:00,SRNE
7.661,7.67,7.64,7.6446,3727,2021-09-28 16:57:00,SRNE
7.64,7.65,7.64,7.6499,37364,2021-09-28 16:58:00,SRNE
7.645,7.65,7.6321,7.6345,23171,2021-09-28 16:59:00,SRNE
7.63,7.64,7.62,7.6391,24894,2021-09-28 17:00:00,SRNE
7.6376,7.64,7.6301,7.6301,7471,2021-09-28 17:01:00,SRNE
7.6397,7.655,7.6397,7.655,8600,2021-09-28 17:02:00,SRNE
7.66,7.67,7.65,7.65,13686,2021-09-28 17:03:00,SRNE
7.655,7.655,7.655,7.655,1200,2021-09-28 17:04:00,SRNE
7.6516,7.66,7.63,7.635,20175,2021-09-28 17:05:00,SRNE
7.64,7.665,7.635,7.66,9259,2021-09-28 17:06:00,SRNE
7.65,7.67,7.65,7.67,4636,2021-09-28 17:07:00,SRNE
7.66,7.67,7.66,7.66,6499,2021-09-28 17:08:00,SRNE
7.655,7.67,7.655,7.667,4873,2021-09-28 17:09:00,SRNE
7.6669,7.67,7.66,7.66,4761,2021-09-28 17:10:00,SRNE
7.66,7.67,7.65,7.65,10069,2021-09-28 17:11:00,SRNE
7.6421,7.66,7.6408,7.66,6506,2021-09-28 17:12:00,SRNE
7.655,7.6594,7.651,7.6512,8251,2021-09-28 17:13:00,SRNE
7.655,7.66,7.655,7.6557,3247,2021-09-28 17:14:00,SRNE
7.655,7.655,7.655,7.655,300,2021-09-28 17:15:00,SRNE
7.655,7.655,7.655,7.655,200,2021-09-28 17:16:00,SRNE
7.655,7.66,7.65,7.66,9852,2021-09-28 17:17:00,SRNE
7.65,7.66,7.645,7.65,12587,2021-09-28 17:18:00,SRNE
7.65,7.65,7.63,7.635,12860,2021-09-28 17:19:00,SRNE
7.6393,7.65,7.63,7.65,4630,2021-09-28 17:20:00,SRNE
7.645,7.65,7.645,7.65,1200,2021-09-28 17:21:00,SRNE
7.66,7.67,7.65,7.6621,10354,2021-09-28 17:22:00,SRNE
7.665,7.67,7.65,7.655,11700,2021-09-28 17:23:00,SRNE
7.655,7.67,7.65,7.6645,4500,2021-09-28 17:24:00,SRNE
7.67,7.69,7.67,7.68,14483,2021-09-28 17:25:00,SRNE
7.675,7.68,7.6743,7.6779,8700,2021-09-28 17:26:00,SRNE
7.67,7.68,7.67,7.675,3164,2021-09-28 17:27:00,SRNE
7.67,7.67,7.665,7.665,3792,2021-09-28 17:28:00,SRNE
7.67,7.68,7.66,7.68,23544,2021-09-28 17:29:00,SRNE
7.67,7.68,7.66,7.67,8602,2021-09-28 17:30:00,SRNE
7.67,7.67,7.665,7.665,818,2021-09-28 17:31:00,SRNE
7.67,7.67,7.6611,7.6611,2760,2021-09-28 17:32:00,SRNE
7.6672,7.67,7.6614,7.6697,9000,2021-09-28 17:33:00,SRNE
7.67,7.67,7.65,7.655,6965,2021-09-28 17:34:00,SRNE
7.66,7.66,7.6523,7.66,1598,2021-09-28 17:35:00,SRNE
7.65,7.6574,7.65,7.655,805,2021-09-28 17:36:00,SRNE
7.66,7.67,7.655,7.67,4604,2021-09-28 17:37:00,SRNE
7.665,7.68,7.661,7.675,6290,2021-09-28 17:38:00,SRNE
7.67,7.68,7.665,7.665,11755,2021-09-28 17:39:00,SRNE
7.67,7.68,7.665,7.68,3823,2021-09-28 17:40:00,SRNE
7.685,7.6898,7.675,7.675,8974,2021-09-28 17:41:00,SRNE
7.68,7.69,7.67,7.68,12837,2021-09-28 17:42:00,SRNE
7.675,7.68,7.67,7.68,1200,2021-09-28 17:43:00,SRNE
7.68,7.68,7.665,7.67,9137,2021-09-28 17:44:00,SRNE
7.665,7.68,7.665,7.6682,20600,2021-09-28 17:45:00,SRNE
7.68,7.68,7.6622,7.68,10287,2021-09-28 17:46:00,SRNE
7.68,7.69,7.68,7.685,6285,2021-09-28 17:47:00,SRNE
7.69,7.69,7.675,7.675,5783,2021-09-28 17:48:00,SRNE
7.68,7.68,7.673,7.675,2812,2021-09-28 17:49:00,SRNE
7.675,7.6773,7.665,7.67,7112,2021-09-28 17:50:00,SRNE
7.67,7.67,7.6631,7.665,3148,2021-09-28 17:51:00,SRNE
7.67,7.68,7.67,7.68,11974,2021-09-28 17:52:00,SRNE
7.675,7.69,7.675,7.675,5100,2021-09-28 17:53:00,SRNE
7.68,7.68,7.67,7.675,1860,2021-09-28 17:54:00,SRNE
7.675,7.68,7.6614,7.68,8625,2021-09-28 17:55:00,SRNE
7.68,7.69,7.6709,7.6709,12920,2021-09-28 17:56:00,SRNE
7.68,7.68,7.6648,7.665,8157,2021-09-28 17:57:00,SRNE
7.665,7.6699,7.655,7.655,4431,2021-09-28 17:58:00,SRNE
7.66,7.66,7.655,7.655,2003,2021-09-28 17:59:00,SRNE
7.66,7.66,7.645,7.65,25313,2021-09-28 18:00:00,SRNE
7.655,7.655,7.64,7.65,2536,2021-09-28 18:01:00,SRNE
7.645,7.65,7.645,7.645,800,2021-09-28 18:02:00,SRNE
7.645,7.649,7.645,7.645,2600,2021-09-28 18:03:00,SRNE
7.645,7.65,7.645,7.645,3796,2021-09-28 18:04:00,SRNE
7.65,7.65,7.635,7.635,22515,2021-09-28 18:05:00,SRNE
7.6391,7.65,7.635,7.65,4271,2021-09-28 18:06:00,SRNE
7.6592,7.66,7.65,7.655,1147,2021-09-28 18:07:00,SRNE
7.655,7.66,7.65,7.655,12286,2021-09-28 18:08:00,SRNE
7.655,7.6577,7.655,7.655,500,2021-09-28 18:09:00,SRNE
7.655,7.655,7.645,7.645,8142,2021-09-28 18:10:00,SRNE
7.641,7.65,7.64,7.65,4342,2021-09-28 18:11:00,SRNE
7.6477,7.65,7.64,7.65,2581,2021-09-28 18:12:00,SRNE
7.645,7.65,7.64,7.65,8302,2021-09-28 18:13:00,SRNE
7.65,7.66,7.6499,7.655,7662,2021-09-28 18:14:00,SRNE
7.655,7.66,7.65,7.66,3400,2021-09-28 18:15:00,SRNE
7.66,7.685,7.66,7.675,7107,2021-09-28 18:16:00,SRNE
7.675,7.68,7.67,7.675,5992,2021-09-28 18:17:00,SRNE
7.675,7.69,7.665,7.685,24513,2021-09-28 18:18:00,SRNE
7.69,7.69,7.6816,7.69,3713,2021-09-28 18:19:00,SRNE
7.685,7.69,7.6848,7.685,3200,2021-09-28 18:20:00,SRNE
7.685,7.7,7.685,7.7,5202,2021-09-28 18:21:00,SRNE
7.69,7.695,7.6817,7.69,10538,2021-09-28 18:22:00,SRNE
7.685,7.69,7.685,7.685,3100,2021-09-28 18:23:00,SRNE
7.69,7.71,7.685,7.695,16314,2021-09-28 18:24:00,SRNE
7.7,7.7,7.69,7.7,4650,2021-09-28 18:25:00,SRNE
7.69,7.69,7.675,7.675,5369,2021-09-28 18:26:00,SRNE
7.675,7.675,7.67,7.675,1350,2021-09-28 18:27:00,SRNE
7.675,7.675,7.66,7.67,5400,2021-09-28 18:28:00,SRNE
7.665,7.669,7.655,7.669,6407,2021-09-28 18:29:00,SRNE
7.662,7.662,7.65,7.65,9112,2021-09-28 18:30:00,SRNE
7.645,7.65,7.64,7.65,6829,2021-09-28 18:31:00,SRNE
7.645,7.645,7.64,7.6445,3200,2021-09-28 18:32:00,SRNE
7.645,7.65,7.635,7.635,13404,2021-09-28 18:33:00,SRNE
7.6378,7.64,7.63,7.635,3780,2021-09-28 18:34:00,SRNE
7.63,7.635,7.615,7.62,33242,2021-09-28 18:35:00,SRNE
7.625,7.63,7.625,7.6289,2100,2021-09-28 18:36:00,SRNE
7.6299,7.6499,7.6299,7.64,4475,2021-09-28 18:37:00,SRNE
7.6401,7.65,7.635,7.635,8390,2021-09-28 18:38:00,SRNE
7.6387,7.64,7.635,7.64,4450,2021-09-28 18:39:00,SRNE
7.64,7.65,7.64,7.6473,11850,2021-09-28 18:40:00,SRNE
7.645,7.65,7.64,7.645,10153,2021-09-28 18:41:00,SRNE
7.645,7.655,7.6401,7.65,9266,2021-09-28 18:42:00,SRNE
7.65,7.66,7.65,7.657,5793,2021-09-28 18:43:00,SRNE
7.655,7.66,7.645,7.655,9609,2021-09-28 18:44:00,SRNE
7.65,7.68,7.65,7.68,8631,2021-09-28 18:45:00,SRNE
7.67,7.68,7.66,7.68,9786,2021-09-28 18:46:00,SRNE
7.67,7.68,7.665,7.67,5510,2021-09-28 18:47:00,SRNE
7.665,7.665,7.655,7.655,3556,2021-09-28 18:48:00,SRNE
7.655,7.6753,7.655,7.6753,5150,2021-09-28 18:49:00,SRNE
7.675,7.68,7.67,7.675,14991,2021-09-28 18:50:00,SRNE
7.675,7.68,7.67,7.675,2632,2021-09-28 18:51:00,SRNE
7.67,7.68,7.67,7.675,3660,2021-09-28 18:52:00,SRNE
7.675,7.675,7.66,7.67,9340,2021-09-28 18:53:00,SRNE
7.665,7.67,7.665,7.665,5738,2021-09-28 18:54:00,SRNE
7.6681,7.67,7.664,7.67,1500,2021-09-28 18:55:00,SRNE
7.67,7.68,7.665,7.6781,8437,2021-09-28 18:56:00,SRNE
7.68,7.68,7.66,7.665,2900,2021-09-28 18:57:00,SRNE
7.67,7.675,7.66,7.66,18379,2021-09-28 18:58:00,SRNE
7.65,7.66,7.65,7.655,3050,2021-09-28 18:59:00,SRNE
7.655,7.6599,7.65,7.655,1100,2021-09-28 19:00:00,SRNE
7.6591,7.67,7.655,7.66,6527,2021-09-28 19:01:00,SRNE
7.655,7.66,7.6416,7.65,13511,2021-09-28 19:02:00,SRNE
7.65,7.655,7.635,7.635,35106,2021-09-28 19:03:00,SRNE
7.6301,7.66,7.6301,7.65,24722,2021-09-28 19:04:00,SRNE
7.645,7.6569,7.64,7.6569,8122,2021-09-28 19:05:00,SRNE
7.66,7.6699,7.655,7.665,6127,2021-09-28 19:06:00,SRNE
7.66,7.66,7.6545,7.655,3914,2021-09-28 19:07:00,SRNE
7.655,7.67,7.655,7.664,3700,2021-09-28 19:08:00,SRNE
7.665,7.67,7.66,7.67,14740,2021-09-28 19:09:00,SRNE
7.67,7.68,7.665,7.67,17738,2021-09-28 19:10:00,SRNE
7.67,7.6757,7.6699,7.675,8222,2021-09-28 19:11:00,SRNE
7.675,7.677,7.675,7.675,1950,2021-09-28 19:12:00,SRNE
7.675,7.685,7.675,7.675,4773,2021-09-28 19:13:00,SRNE
7.675,7.6799,7.665,7.665,1578,2021-09-28 19:14:00,SRNE
7.665,7.665,7.65,7.655,2580,2021-09-28 19:15:00,SRNE
7.655,7.665,7.65,7.665,31461,2021-09-28 19:16:00,SRNE
7.6686,7.68,7.6601,7.675,3275,2021-09-28 19:17:00,SRNE
7.675,7.69,7.67,7.68,9181,2021-09-28 19:18:00,SRNE
7.675,7.685,7.675,7.68,6799,2021-09-28 19:19:00,SRNE
7.69,7.69,7.675,7.69,8156,2021-09-28 19:20:00,SRNE
7.685,7.695,7.685,7.685,6000,2021-09-28 19:21:00,SRNE
7.6899,7.6899,7.675,7.675,5261,2021-09-28 19:22:00,SRNE
7.675,7.695,7.663,7.69,24810,2021-09-28 19:23:00,SRNE
7.6845,7.69,7.68,7.68,1125,2021-09-28 19:24:00,SRNE
7.685,7.6868,7.6715,7.675,8107,2021-09-28 19:25:00,SRNE
7.675,7.6799,7.67,7.675,7024,2021-09-28 19:26:00,SRNE
7.68,7.68,7.66,7.66,6060,2021-09-28 19:27:00,SRNE
7.66,7.67,7.66,7.66,2761,2021-09-28 19:28:00,SRNE
7.66,7.6669,7.65,7.65,10360,2021-09-28 19:29:00,SRNE
7.65,7.65,7.64,7.64,5427,2021-09-28 19:30:00,SRNE
7.645,7.645,7.6401,7.6401,4100,2021-09-28 19:31:00,SRNE
7.645,7.655,7.64,7.645,8543,2021-09-28 19:32:00,SRNE
7.649,7.65,7.635,7.635,14707,2021-09-28 19:33:00,SRNE
7.64,7.64,7.6311,7.635,14536,2021-09-28 19:34:00,SRNE
7.63,7.64,7.625,7.64,16828,2021-09-28 19:35:00,SRNE
7.635,7.64,7.63,7.635,6400,2021-09-28 19:36:00,SRNE
7.635,7.65,7.63,7.65,20291,2021-09-28 19:37:00,SRNE
7.645,7.66,7.645,7.65,23246,2021-09-28 19:38:00,SRNE
7.6408,7.65,7.64,7.6493,21748,2021-09-28 19:39:00,SRNE
7.64,7.64,7.62,7.6299,13058,2021-09-28 19:40:00,SRNE
7.62,7.63,7.61,7.62,31947,2021-09-28 19:41:00,SRNE
7.62,7.63,7.62,7.625,4703,2021-09-28 19:42:00,SRNE
7.6289,7.63,7.62,7.62,22249,2021-09-28 19:43:00,SRNE
7.615,7.62,7.61,7.615,9063,2021-09-28 19:44:00,SRNE
7.615,7.62,7.61,7.619,12363,2021-09-28 19:45:00,SRNE
7.62,7.62,7.61,7.615,10985,2021-09-28 19:46:00,SRNE
7.615,7.625,7.61,7.615,47716,2021-09-28 19:47:00,SRNE
7.62,7.62,7.6,7.605,44724,2021-09-28 19:48:00,SRNE
7.605,7.61,7.59,7.5946,88365,2021-09-28 19:49:00,SRNE
7.595,7.595,7.565,7.57,34023,2021-09-28 19:50:00,SRNE
7.57,7.575,7.56,7.5627,31531,2021-09-28 19:51:00,SRNE
7.57,7.57,7.56,7.57,5709,2021-09-28 19:52:00,SRNE
7.56,7.5774,7.56,7.575,37087,2021-09-28 19:53:00,SRNE
7.57,7.575,7.555,7.565,85139,2021-09-28 19:54:00,SRNE
7.565,7.575,7.56,7.56,53575,2021-09-28 19:55:00,SRNE
7.57,7.57,7.56,7.565,22441,2021-09-28 19:56:00,SRNE
7.56,7.57,7.56,7.57,37967,2021-09-28 19:57:00,SRNE
7.57,7.57,7.56,7.57,35154,2021-09-28 19:58:00,SRNE
7.57,7.58,7.56,7.579,63674,2021-09-28 19:59:00,SRNE
7.57,7.57,7.55,7.57,325529,2021-09-28 20:00:00,SRNE
7.57,7.57,7.57,7.57,23420,2021-09-28 20:01:00,SRNE
7.58,7.58,7.58,7.58,300,2021-09-28 20:02:00,SRNE
7.69,7.69,7.69,7.69,200,2021-09-28 20:04:00,SRNE
7.68,7.68,7.68,7.68,345,2021-09-28 20:05:00,SRNE
7.64,7.64,7.64,7.64,104,2021-09-28 20:08:00,SRNE
7.64,7.64,7.64,7.64,104,2021-09-28 20:09:00,SRNE
7.65,7.65,7.65,7.65,150,2021-09-28 20:17:00,SRNE
7.6,7.6,7.6,7.6,2648,2021-09-28 20:20:00,SRNE
7.63,7.63,7.63,7.63,205,2021-09-28 20:25:00,SRNE
7.63,7.63,7.63,7.63,1000,2021-09-28 20:26:00,SRNE
7.63,7.63,7.63,7.63,1000,2021-09-28 20:33:00,SRNE
7.63,7.63,7.63,7.63,200,2021-09-28 20:40:00,SRNE
7.65,7.65,7.65,7.65,200,2021-09-28 20:53:00,SRNE
7.65,7.65,7.65,7.65,1000,2021-09-28 21:02:00,SRNE
7.67,7.67,7.67,7.67,500,2021-09-28 21:03:00,SRNE
7.67,7.67,7.67,7.67,100,2021-09-28 21:13:00,SRNE
7.67,7.67,7.67,7.67,750,2021-09-28 21:20:00,SRNE
7.67,7.68,7.67,7.68,1487,2021-09-28 21:21:00,SRNE
7.68,7.68,7.68,7.68,200,2021-09-28 21:23:00,SRNE
7.68,7.68,7.68,7.68,100,2021-09-28 21:25:00,SRNE
7.68,7.68,7.67,7.67,313,2021-09-28 21:32:00,SRNE
7.64,7.64,7.63,7.63,13221,2021-09-28 21:33:00,SRNE
7.68,7.68,7.68,7.68,500,2021-09-28 22:08:00,SRNE
7.62,7.62,7.62,7.62,445,2021-09-28 22:57:00,SRNE
7.62,7.62,7.62,7.62,600,2021-09-28 23:00:00,SRNE
7.65,7.65,7.65,7.65,3110,2021-09-28 23:12:00,SRNE
7.64,7.64,7.64,7.64,160,2021-09-28 23:14:00,SRNE
7.64,7.64,7.64,7.64,213,2021-09-28 23:21:00,SRNE
7.65,7.65,7.65,7.65,300,2021-09-28 23:39:00,SRNE
7.65,7.65,7.65,7.65,100,2021-09-28 23:41:00,SRNE
7.65,7.65,7.65,7.65,500,2021-09-28 23:57:00,SRNE
7.66,7.66,7.66,7.66,949,2021-09-29 11:00:00,SRNE
7.66,7.67,7.66,7.67,2066,2021-09-29 11:05:00,SRNE
7.68,7.68,7.68,7.68,300,2021-09-29 11:17:00,SRNE
7.69,7.69,7.69,7.69,200,2021-09-29 11:18:00,SRNE
7.72,7.72,7.72,7.72,1100,2021-09-29 11:46:00,SRNE
7.73,7.75,7.73,7.75,900,2021-09-29 11:47:00,SRNE
7.74,7.74,7.74,7.74,300,2021-09-29 11:56:00,SRNE
7.7399,7.7399,7.7399,7.7399,191,2021-09-29 11:59:00,SRNE
7.72,7.72,7.72,7.72,1000,2021-09-29 12:04:00,SRNE
7.7201,7.7201,7.7201,7.7201,1000,2021-09-29 12:06:00,SRNE
7.73,7.73,7.73,7.73,100,2021-09-29 12:10:00,SRNE
7.73,7.73,7.73,7.73,1000,2021-09-29 12:17:00,SRNE
7.7399,7.74,7.7399,7.74,426,2021-09-29 12:19:00,SRNE
7.73,7.73,7.73,7.73,100,2021-09-29 12:24:00,SRNE
7.72,7.72,7.72,7.72,100,2021-09-29 12:27:00,SRNE
7.72,7.72,7.72,7.72,800,2021-09-29 12:28:00,SRNE
7.72,7.74,7.72,7.73,3194,2021-09-29 12:33:00,SRNE
7.74,7.74,7.74,7.74,500,2021-09-29 12:34:00,SRNE
7.75,7.75,7.75,7.75,500,2021-09-29 12:35:00,SRNE
7.74,7.74,7.74,7.74,479,2021-09-29 12:38:00,SRNE
7.75,7.75,7.75,7.75,200,2021-09-29 12:39:00,SRNE
7.73,7.73,7.73,7.73,1950,2021-09-29 12:40:00,SRNE
7.73,7.73,7.73,7.73,100,2021-09-29 12:41:00,SRNE
7.72,7.72,7.72,7.72,130,2021-09-29 12:50:00,SRNE
7.73,7.73,7.73,7.73,5175,2021-09-29 12:51:00,SRNE
7.72,7.72,7.72,7.72,550,2021-09-29 12:58:00,SRNE
7.72,7.72,7.72,7.72,109,2021-09-29 12:59:00,SRNE
7.72,7.72,7.72,7.72,500,2021-09-29 13:04:00,SRNE
7.7201,7.7201,7.7201,7.7201,6500,2021-09-29 13:06:00,SRNE
7.7299,7.7299,7.72,7.72,200,2021-09-29 13:07:00,SRNE
7.73,7.73,7.73,7.73,400,2021-09-29 13:11:00,SRNE
7.74,7.74,7.74,7.74,100,2021-09-29 13:16:00,SRNE
7.73,7.73,7.73,7.73,100,2021-09-29 13:19:00,SRNE
7.73,7.73,7.7,7.7,2964,2021-09-29 13:22:00,SRNE
7.7001,7.7001,7.69,7.69,1177,2021-09-29 13:23:00,SRNE
7.69,7.69,7.65,7.66,2774,2021-09-29 13:25:00,SRNE
7.64,7.64,7.64,7.64,100,2021-09-29 13:26:00,SRNE
7.64,7.64,7.58,7.6,12389,2021-09-29 13:27:00,SRNE
7.6,7.6,7.6,7.6,100,2021-09-29 13:28:00,SRNE
7.62,7.62,7.59,7.61,2200,2021-09-29 13:29:00,SRNE
7.6,7.6512,7.57,7.63,133397,2021-09-29 13:30:00,SRNE
7.5989,7.6,7.55,7.5727,30528,2021-09-29 13:31:00,SRNE
7.562,7.57,7.54,7.54,13674,2021-09-29 13:32:00,SRNE
7.53,7.62,7.525,7.608,93557,2021-09-29 13:33:00,SRNE
7.6,7.62,7.57,7.6075,26521,2021-09-29 13:34:00,SRNE
7.6,7.6,7.57,7.5782,20095,2021-09-29 13:35:00,SRNE
7.5799,7.61,7.5701,7.61,19357,2021-09-29 13:36:00,SRNE
7.61,7.625,7.6,7.6078,9549,2021-09-29 13:37:00,SRNE
7.615,7.64,7.6,7.6281,9750,2021-09-29 13:38:00,SRNE
7.628,7.628,7.6,7.615,11108,2021-09-29 13:39:00,SRNE
7.615,7.67,7.61,7.65,10803,2021-09-29 13:40:00,SRNE
7.64,7.66,7.62,7.66,11250,2021-09-29 13:41:00,SRNE
7.66,7.6791,7.66,7.67,5700,2021-09-29 13:42:00,SRNE
7.65,7.65,7.62,7.62,8709,2021-09-29 13:43:00,SRNE
7.611,7.67,7.611,7.64,67926,2021-09-29 13:44:00,SRNE
7.635,7.65,7.63,7.64,6220,2021-09-29 13:45:00,SRNE
7.63,7.63,7.62,7.6221,14044,2021-09-29 13:46:00,SRNE
7.63,7.63,7.62,7.625,4979,2021-09-29 13:47:00,SRNE
7.62,7.6284,7.61,7.6252,4959,2021-09-29 13:48:00,SRNE
7.63,7.6399,7.6199,7.62,20204,2021-09-29 13:49:00,SRNE
7.64,7.66,7.64,7.66,5899,2021-09-29 13:50:00,SRNE
7.655,7.66,7.65,7.66,3692,2021-09-29 13:51:00,SRNE
7.67,7.7071,7.67,7.7071,8200,2021-09-29 13:52:00,SRNE
7.7001,7.7175,7.69,7.7175,9296,2021-09-29 13:53:00,SRNE
7.715,7.73,7.7,7.7,7304,2021-09-29 13:54:00,SRNE
7.71,7.7164,7.7,7.7164,3759,2021-09-29 13:55:00,SRNE
7.7199,7.72,7.7,7.7,13600,2021-09-29 13:56:00,SRNE
7.703,7.72,7.7,7.7,38082,2021-09-29 13:57:00,SRNE
7.685,7.705,7.68,7.7001,15296,2021-09-29 13:58:00,SRNE
7.7029,7.72,7.7001,7.7153,1542,2021-09-29 13:59:00,SRNE
7.71,7.73,7.71,7.72,7704,2021-09-29 14:00:00,SRNE
7.72,7.75,7.72,7.74,21481,2021-09-29 14:01:00,SRNE
7.745,7.75,7.72,7.73,4972,2021-09-29 14:02:00,SRNE
7.735,7.74,7.71,7.71,14547,2021-09-29 14:03:00,SRNE
7.71,7.7121,7.7,7.7,16250,2021-09-29 14:04:00,SRNE
7.7,7.72,7.7,7.72,6800,2021-09-29 14:05:00,SRNE
7.73,7.75,7.73,7.745,32675,2021-09-29 14:06:00,SRNE
7.745,7.77,7.74,7.76,12963,2021-09-29 14:07:00,SRNE
7.77,7.79,7.765,7.77,10203,2021-09-29 14:08:00,SRNE
7.7696,7.788,7.76,7.77,14994,2021-09-29 14:09:00,SRNE
7.77,7.77,7.74,7.74,12768,2021-09-29 14:10:00,SRNE
7.7401,7.77,7.7401,7.765,14071,2021-09-29 14:11:00,SRNE
7.76,7.76,7.7526,7.7577,900,2021-09-29 14:12:00,SRNE
7.74,7.748,7.73,7.7301,12311,2021-09-29 14:13:00,SRNE
7.73,7.73,7.71,7.72,1777,2021-09-29 14:14:00,SRNE
7.72,7.725,7.7177,7.72,7387,2021-09-29 14:15:00,SRNE
7.72,7.7201,7.7101,7.72,4900,2021-09-29 14:16:00,SRNE
7.71,7.731,7.71,7.731,4704,2021-09-29 14:17:00,SRNE
7.7301,7.7354,7.73,7.73,2384,2021-09-29 14:18:00,SRNE
7.725,7.725,7.725,7.725,181,2021-09-29 14:19:00,SRNE
7.73,7.73,7.72,7.725,4478,2021-09-29 14:20:00,SRNE
7.73,7.73,7.71,7.715,8850,2021-09-29 14:21:00,SRNE
7.715,7.72,7.715,7.72,2200,2021-09-29 14:22:00,SRNE
7.71,7.71,7.69,7.695,4500,2021-09-29 14:23:00,SRNE
7.69,7.69,7.67,7.68,9535,2021-09-29 14:24:00,SRNE
7.68,7.695,7.68,7.695,11057,2021-09-29 14:25:00,SRNE
7.69,7.695,7.69,7.695,1250,2021-09-29 14:26:00,SRNE
7.69,7.69,7.68,7.69,1349,2021-09-29 14:27:00,SRNE
7.685,7.695,7.685,7.685,2985,2021-09-29 14:28:00,SRNE
7.68,7.68,7.6466,7.6499,3402,2021-09-29 14:29:00,SRNE
7.63,7.64,7.63,7.635,5312,2021-09-29 14:30:00,SRNE
7.63,7.635,7.63,7.63,9539,2021-09-29 14:31:00,SRNE
7.64,7.645,7.63,7.639,10130,2021-09-29 14:32:00,SRNE
7.64,7.64,7.6271,7.6271,3680,2021-09-29 14:33:00,SRNE
7.625,7.63,7.62,7.63,16200,2021-09-29 14:34:00,SRNE
7.63,7.635,7.6275,7.63,1700,2021-09-29 14:35:00,SRNE
7.63,7.635,7.62,7.62,3521,2021-09-29 14:36:00,SRNE
7.625,7.63,7.61,7.6119,15858,2021-09-29 14:37:00,SRNE
7.62,7.63,7.61,7.615,4319,2021-09-29 14:38:00,SRNE
7.62,7.62,7.6067,7.61,7550,2021-09-29 14:39:00,SRNE
7.61,7.63,7.61,7.625,21089,2021-09-29 14:40:00,SRNE
7.62,7.63,7.62,7.62,1990,2021-09-29 14:41:00,SRNE
7.62,7.625,7.61,7.625,5721,2021-09-29 14:42:00,SRNE
7.62,7.625,7.62,7.625,3050,2021-09-29 14:43:00,SRNE
7.62,7.6299,7.62,7.625,3121,2021-09-29 14:44:00,SRNE
7.62,7.625,7.62,7.62,620,2021-09-29 14:45:00,SRNE
7.62,7.63,7.62,7.63,2250,2021-09-29 14:46:00,SRNE
7.62,7.65,7.62,7.649,6043,2021-09-29 14:47:00,SRNE
7.6499,7.66,7.6418,7.66,6000,2021-09-29 14:48:00,SRNE
7.66,7.665,7.6452,7.65,4362,2021-09-29 14:49:00,SRNE
7.64,7.645,7.63,7.63,4133,2021-09-29 14:50:00,SRNE
7.63,7.63,7.61,7.61,10308,2021-09-29 14:51:00,SRNE
7.615,7.62,7.61,7.6184,15905,2021-09-29 14:52:00,SRNE
7.61,7.61,7.61,7.61,1699,2021-09-29 14:53:00,SRNE
7.6,7.6027,7.6,7.6,1300,2021-09-29 14:54:00,SRNE
7.6,7.6,7.595,7.5999,25560,2021-09-29 14:55:00,SRNE
7.6,7.61,7.59,7.61,16195,2021-09-29 14:56:00,SRNE
7.603,7.605,7.6,7.6,1900,2021-09-29 14:57:00,SRNE
7.6,7.6,7.595,7.595,200,2021-09-29 14:58:00,SRNE
7.595,7.6,7.59,7.59,1383,2021-09-29 14:59:00,SRNE
7.595,7.6,7.59,7.6,1200,2021-09-29 15:00:00,SRNE
7.59,7.6,7.59,7.6,13790,2021-09-29 15:01:00,SRNE
7.5998,7.6,7.59,7.59,3150,2021-09-29 15:02:00,SRNE
7.595,7.595,7.5927,7.5927,1950,2021-09-29 15:03:00,SRNE
7.595,7.605,7.59,7.59,14902,2021-09-29 15:04:00,SRNE
7.59,7.6,7.59,7.5931,4192,2021-09-29 15:05:00,SRNE
7.5963,7.5963,7.5963,7.5963,140,2021-09-29 15:06:00,SRNE
7.5982,7.6,7.5922,7.6,3986,2021-09-29 15:07:00,SRNE
7.59,7.595,7.59,7.595,4747,2021-09-29 15:08:00,SRNE
7.595,7.6,7.59,7.595,11293,2021-09-29 15:09:00,SRNE
7.59,7.59,7.57,7.57,16930,2021-09-29 15:10:00,SRNE
7.57,7.58,7.565,7.575,21252,2021-09-29 15:11:00,SRNE
7.58,7.58,7.57,7.58,9600,2021-09-29 15:12:00,SRNE
7.57,7.58,7.57,7.5701,4992,2021-09-29 15:13:00,SRNE
7.57,7.58,7.57,7.5721,7495,2021-09-29 15:14:00,SRNE
7.575,7.58,7.57,7.575,8529,2021-09-29 15:15:00,SRNE
7.575,7.58,7.555,7.555,14445,2021-09-29 15:16:00,SRNE
7.56,7.56,7.52,7.525,34635,2021-09-29 15:17:00,SRNE
7.52,7.53,7.51,7.515,6205,2021-09-29 15:18:00,SRNE
7.5173,7.5197,7.51,7.5168,2480,2021-09-29 15:19:00,SRNE
7.5168,7.52,7.51,7.52,1826,2021-09-29 15:20:00,SRNE
7.52,7.54,7.5199,7.53,11979,2021-09-29 15:21:00,SRNE
7.5219,7.53,7.515,7.52,3820,2021-09-29 15:22:00,SRNE
7.52,7.52,7.51,7.519,3443,2021-09-29 15:23:00,SRNE
7.52,7.53,7.52,7.53,6841,2021-09-29 15:24:00,SRNE
7.52,7.53,7.52,7.525,16638,2021-09-29 15:25:00,SRNE
7.53,7.53,7.52,7.52,2297,2021-09-29 15:26:00,SRNE
7.52,7.53,7.51,7.52,37579,2021-09-29 15:27:00,SRNE
7.52,7.53,7.52,7.52,7141,2021-09-29 15:28:00,SRNE
7.5299,7.53,7.52,7.53,3300,2021-09-29 15:29:00,SRNE
7.53,7.53,7.52,7.525,19043,2021-09-29 15:30:00,SRNE
7.525,7.525,7.5,7.5055,51652,2021-09-29 15:31:00,SRNE
7.5001,7.5093,7.5001,7.5093,2894,2021-09-29 15:32:00,SRNE
7.5068,7.5084,7.5001,7.505,1622,2021-09-29 15:33:00,SRNE
7.5055,7.5099,7.5,7.5085,16820,2021-09-29 15:34:00,SRNE
7.505,7.5052,7.47,7.47,168346,2021-09-29 15:35:00,SRNE
7.47,7.4799,7.44,7.463,64840,2021-09-29 15:36:00,SRNE
7.465,7.465,7.45,7.455,18611,2021-09-29 15:37:00,SRNE
7.4572,7.4572,7.44,7.44,6251,2021-09-29 15:38:00,SRNE
7.44,7.445,7.44,7.44,6455,2021-09-29 15:39:00,SRNE
7.435,7.4579,7.4312,7.4579,22194,2021-09-29 15:40:00,SRNE
7.455,7.46,7.44,7.46,27957,2021-09-29 15:41:00,SRNE
7.455,7.465,7.45,7.46,9025,2021-09-29 15:42:00,SRNE
7.455,7.4599,7.45,7.455,8658,2021-09-29 15:43:00,SRNE
7.455,7.46,7.45,7.46,2205,2021-09-29 15:44:00,SRNE
7.46,7.465,7.4586,7.46,15892,2021-09-29 15:45:00,SRNE
7.46,7.46,7.44,7.443,6509,2021-09-29 15:46:00,SRNE
7.44,7.467,7.44,7.467,5966,2021-09-29 15:47:00,SRNE
7.465,7.465,7.45,7.46,8588,2021-09-29 15:48:00,SRNE
7.45,7.48,7.45,7.47,8901,2021-09-29 15:49:00,SRNE
7.475,7.49,7.4732,7.4799,16880,2021-09-29 15:50:00,SRNE
7.4755,7.48,7.47,7.4746,3395,2021-09-29 15:51:00,SRNE
7.48,7.4901,7.48,7.4824,5927,2021-09-29 15:52:00,SRNE
7.4801,7.4801,7.47,7.475,1663,2021-09-29 15:53:00,SRNE
7.475,7.48,7.475,7.475,1472,2021-09-29 15:54:00,SRNE
7.47,7.47,7.46,7.47,18211,2021-09-29 15:55:00,SRNE
7.47,7.475,7.46,7.475,8908,2021-09-29 15:56:00,SRNE
7.4774,7.48,7.4774,7.4799,800,2021-09-29 15:57:00,SRNE
7.47,7.48,7.47,7.475,6500,2021-09-29 15:58:00,SRNE
7.48,7.4983,7.48,7.4983,112585,2021-09-29 15:59:00,SRNE
7.49,7.51,7.4899,7.5,14719,2021-09-29 16:00:00,SRNE
7.51,7.53,7.51,7.525,37813,2021-09-29 16:01:00,SRNE
7.5274,7.53,7.5201,7.5295,1559,2021-09-29 16:02:00,SRNE
7.5299,7.535,7.52,7.53,15370,2021-09-29 16:03:00,SRNE
7.5217,7.5299,7.495,7.5024,42510,2021-09-29 16:04:00,SRNE
7.5,7.5,7.46,7.47,20365,2021-09-29 16:05:00,SRNE
7.46,7.47,7.46,7.465,10595,2021-09-29 16:06:00,SRNE
7.4699,7.47,7.46,7.46,2843,2021-09-29 16:07:00,SRNE
7.47,7.47,7.46,7.465,3420,2021-09-29 16:08:00,SRNE
7.465,7.465,7.465,7.465,485,2021-09-29 16:09:00,SRNE
7.46,7.46,7.45,7.45,13111,2021-09-29 16:10:00,SRNE
7.45,7.46,7.45,7.455,2330,2021-09-29 16:11:00,SRNE
7.455,7.46,7.45,7.4501,2505,2021-09-29 16:12:00,SRNE
7.45,7.455,7.45,7.45,12785,2021-09-29 16:13:00,SRNE
7.455,7.455,7.45,7.4517,2440,2021-09-29 16:14:00,SRNE
7.4588,7.46,7.4501,7.4574,15930,2021-09-29 16:15:00,SRNE
7.455,7.4554,7.4501,7.4525,3720,2021-09-29 16:16:00,SRNE
7.4545,7.46,7.4501,7.4501,3219,2021-09-29 16:17:00,SRNE
7.455,7.455,7.4501,7.455,655,2021-09-29 16:18:00,SRNE
7.4573,7.46,7.4517,7.4591,6910,2021-09-29 16:19:00,SRNE
7.45,7.455,7.44,7.445,20794,2021-09-29 16:20:00,SRNE
7.447,7.45,7.44,7.445,5017,2021-09-29 16:21:00,SRNE
7.44,7.445,7.44,7.445,600,2021-09-29 16:22:00,SRNE
7.44,7.445,7.41,7.411,51724,2021-09-29 16:23:00,SRNE
7.41,7.42,7.41,7.41,10493,2021-09-29 16:24:00,SRNE
7.41,7.42,7.4,7.4,31096,2021-09-29 16:25:00,SRNE
7.4,7.405,7.4,7.405,3300,2021-09-29 16:26:00,SRNE
7.4099,7.4099,7.4,7.4099,3600,2021-09-29 16:27:00,SRNE
7.41,7.415,7.41,7.41,6928,2021-09-29 16:28:00,SRNE
7.4109,7.4193,7.41,7.41,4560,2021-09-29 16:29:00,SRNE
7.4155,7.42,7.41,7.415,11345,2021-09-29 16:30:00,SRNE
7.415,7.42,7.41,7.4168,15500,2021-09-29 16:31:00,SRNE
7.4101,7.4192,7.41,7.415,11172,2021-09-29 16:32:00,SRNE
7.41,7.42,7.41,7.415,2570,2021-09-29 16:33:00,SRNE
7.42,7.435,7.42,7.435,8530,2021-09-29 16:34:00,SRNE
7.435,7.435,7.42,7.42,3673,2021-09-29 16:35:00,SRNE
7.42,7.425,7.42,7.42,500,2021-09-29 16:36:00,SRNE
7.4117,7.42,7.41,7.4101,8001,2021-09-29 16:37:00,SRNE
7.41,7.42,7.41,7.42,6200,2021-09-29 16:38:00,SRNE
7.43,7.4399,7.4258,7.4309,4172,2021-09-29 16:39:00,SRNE
7.4377,7.4377,7.423,7.423,1581,2021-09-29 16:40:00,SRNE
7.4299,7.43,7.42,7.42,1200,2021-09-29 16:41:00,SRNE
7.4211,7.425,7.42,7.4201,3575,2021-09-29 16:42:00,SRNE
7.425,7.425,7.4161,7.4161,1478,2021-09-29 16:43:00,SRNE
7.4101,7.415,7.405,7.405,20476,2021-09-29 16:44:00,SRNE
7.41,7.41,7.4,7.4,10857,2021-09-29 16:45:00,SRNE
7.405,7.41,7.4,7.4,1250,2021-09-29 16:46:00,SRNE
7.41,7.41,7.4,7.4045,3400,2021-09-29 16:47:00,SRNE
7.4093,7.4093,7.37,7.375,59642,2021-09-29 16:48:00,SRNE
7.37,7.395,7.37,7.395,16795,2021-09-29 16:49:00,SRNE
7.39,7.4196,7.3842,7.415,8094,2021-09-29 16:50:00,SRNE
7.42,7.43,7.42,7.4299,3738,2021-09-29 16:51:00,SRNE
7.42,7.4299,7.42,7.4203,920,2021-09-29 16:52:00,SRNE
7.42,7.42,7.4145,7.42,4810,2021-09-29 16:53:00,SRNE
7.42,7.42,7.41,7.415,850,2021-09-29 16:54:00,SRNE
7.4176,7.4184,7.41,7.415,4434,2021-09-29 16:55:00,SRNE
7.42,7.42,7.4,7.4,4048,2021-09-29 16:56:00,SRNE
7.4071,7.4071,7.395,7.4,1299,2021-09-29 16:57:00,SRNE
7.395,7.4055,7.395,7.4055,4016,2021-09-29 16:58:00,SRNE
7.395,7.41,7.395,7.4078,26339,2021-09-29 16:59:00,SRNE
7.405,7.405,7.39,7.3901,3597,2021-09-29 17:00:00,SRNE
7.39,7.4,7.39,7.395,5600,2021-09-29 17:01:00,SRNE
7.395,7.395,7.38,7.38,22415,2021-09-29 17:02:00,SRNE
7.38,7.3887,7.375,7.375,5600,2021-09-29 17:03:00,SRNE
7.375,7.38,7.37,7.3768,6284,2021-09-29 17:04:00,SRNE
7.375,7.38,7.365,7.37,35300,2021-09-29 17:05:00,SRNE
7.365,7.3695,7.36,7.365,9554,2021-09-29 17:06:00,SRNE
7.365,7.38,7.36,7.37,16787,2021-09-29 17:07:00,SRNE
7.375,7.3799,7.36,7.37,19291,2021-09-29 17:08:00,SRNE
7.37,7.39,7.3699,7.385,8832,2021-09-29 17:09:00,SRNE
7.385,7.3886,7.3717,7.3717,16656,2021-09-29 17:10:00,SRNE
7.37,7.3769,7.37,7.3735,2400,2021-09-29 17:11:00,SRNE
7.38,7.38,7.37,7.375,2481,2021-09-29 17:12:00,SRNE
7.375,7.3803,7.37,7.3803,16418,2021-09-29 17:13:00,SRNE
7.375,7.38,7.375,7.38,2700,2021-09-29 17:14:00,SRNE
7.38,7.385,7.375,7.375,11782,2021-09-29 17:15:00,SRNE
7.38,7.38,7.371,7.38,5314,2021-09-29 17:16:00,SRNE
7.38,7.385,7.375,7.38,11076,2021-09-29 17:17:00,SRNE
7.38,7.3867,7.375,7.375,3070,2021-09-29 17:18:00,SRNE
7.38,7.3885,7.38,7.3816,4823,2021-09-29 17:19:00,SRNE
7.385,7.39,7.373,7.375,8541,2021-09-29 17:20:00,SRNE
7.375,7.38,7.375,7.38,1007,2021-09-29 17:21:00,SRNE
7.38,7.385,7.37,7.375,8783,2021-09-29 17:22:00,SRNE
7.37,7.3799,7.37,7.3799,2332,2021-09-29 17:23:00,SRNE
7.375,7.39,7.37,7.38,2363,2021-09-29 17:24:00,SRNE
7.38,7.38,7.365,7.37,12890,2021-09-29 17:25:00,SRNE
7.37,7.37,7.36,7.37,13036,2021-09-29 17:26:00,SRNE
7.365,7.37,7.365,7.3673,1100,2021-09-29 17:27:00,SRNE
7.37,7.37,7.36,7.36,1009,2021-09-29 17:28:00,SRNE
7.37,7.37,7.36,7.365,5970,2021-09-29 17:29:00,SRNE
7.37,7.38,7.37,7.375,4250,2021-09-29 17:30:00,SRNE
7.37,7.375,7.361,7.3697,9700,2021-09-29 17:31:00,SRNE
7.37,7.375,7.3679,7.37,10137,2021-09-29 17:32:00,SRNE
7.3729,7.38,7.3729,7.3785,1885,2021-09-29 17:33:00,SRNE
7.375,7.375,7.37,7.3724,5507,2021-09-29 17:34:00,SRNE
7.37,7.37,7.36,7.36,2743,2021-09-29 17:35:00,SRNE
7.36,7.36,7.34,7.345,76421,2021-09-29 17:36:00,SRNE
7.35,7.355,7.3428,7.3428,8714,2021-09-29 17:37:00,SRNE
7.345,7.3591,7.345,7.3591,4962,2021-09-29 17:38:00,SRNE
7.36,7.36,7.3514,7.355,2925,2021-09-29 17:39:00,SRNE
7.359,7.36,7.355,7.36,1500,2021-09-29 17:40:00,SRNE
7.355,7.36,7.35,7.355,4566,2021-09-29 17:41:00,SRNE
7.355,7.37,7.355,7.37,11953,2021-09-29 17:42:00,SRNE
7.37,7.3768,7.37,7.375,12700,2021-09-29 17:43:00,SRNE
7.3701,7.385,7.37,7.37,6226,2021-09-29 17:44:00,SRNE
7.37,7.375,7.36,7.365,6249,2021-09-29 17:45:00,SRNE
7.37,7.37,7.365,7.365,3170,2021-09-29 17:46:00,SRNE
7.365,7.37,7.36,7.37,7229,2021-09-29 17:47:00,SRNE
7.3626,7.369,7.3613,7.365,2800,2021-09-29 17:48:00,SRNE
7.37,7.37,7.365,7.365,5010,2021-09-29 17:49:00,SRNE
7.36,7.37,7.36,7.37,20500,2021-09-29 17:50:00,SRNE
7.37,7.37,7.36,7.3601,2600,2021-09-29 17:51:00,SRNE
7.3601,7.3687,7.35,7.355,14080,2021-09-29 17:52:00,SRNE
7.355,7.355,7.35,7.35,28317,2021-09-29 17:53:00,SRNE
7.35,7.3588,7.35,7.35,3600,2021-09-29 17:54:00,SRNE
7.35,7.36,7.35,7.355,2320,2021-09-29 17:55:00,SRNE
7.35,7.355,7.35,7.35,3840,2021-09-29 17:56:00,SRNE
7.35,7.35,7.34,7.34,35721,2021-09-29 17:57:00,SRNE
7.345,7.35,7.34,7.342,2250,2021-09-29 17:58:00,SRNE
7.345,7.35,7.34,7.35,9789,2021-09-29 17:59:00,SRNE
7.355,7.355,7.3401,7.345,9484,2021-09-29 18:00:00,SRNE
7.345,7.35,7.34,7.345,1700,2021-09-29 18:01:00,SRNE
7.345,7.35,7.34,7.35,3831,2021-09-29 18:02:00,SRNE
7.35,7.35,7.33,7.335,12887,2021-09-29 18:03:00,SRNE
7.33,7.34,7.33,7.33,700,2021-09-29 18:04:00,SRNE
7.3345,7.335,7.31,7.315,63313,2021-09-29 18:05:00,SRNE
7.3158,7.34,7.31,7.3388,31986,2021-09-29 18:06:00,SRNE
7.335,7.34,7.33,7.335,11082,2021-09-29 18:07:00,SRNE
7.3392,7.355,7.33,7.355,24809,2021-09-29 18:08:00,SRNE
7.36,7.3699,7.36,7.3699,3214,2021-09-29 18:09:00,SRNE
7.37,7.3874,7.37,7.3812,8088,2021-09-29 18:10:00,SRNE
7.3895,7.395,7.37,7.38,28460,2021-09-29 18:11:00,SRNE
7.38,7.38,7.37,7.3782,1540,2021-09-29 18:12:00,SRNE
7.375,7.38,7.375,7.375,4095,2021-09-29 18:13:00,SRNE
7.38,7.38,7.37,7.37,5995,2021-09-29 18:14:00,SRNE
7.378,7.378,7.36,7.365,11356,2021-09-29 18:15:00,SRNE
7.37,7.37,7.36,7.36,4700,2021-09-29 18:16:00,SRNE
7.37,7.37,7.36,7.36,11450,2021-09-29 18:17:00,SRNE
7.36,7.365,7.36,7.36,645,2021-09-29 18:18:00,SRNE
7.365,7.37,7.36,7.367,4520,2021-09-29 18:19:00,SRNE
7.365,7.365,7.35,7.36,13550,2021-09-29 18:20:00,SRNE
7.355,7.355,7.35,7.35,2600,2021-09-29 18:21:00,SRNE
7.355,7.357,7.35,7.355,1450,2021-09-29 18:22:00,SRNE
7.355,7.36,7.345,7.345,17851,2021-09-29 18:23:00,SRNE
7.345,7.35,7.34,7.35,12800,2021-09-29 18:24:00,SRNE
7.345,7.355,7.331,7.34,57896,2021-09-29 18:25:00,SRNE
7.34,7.35,7.34,7.34,6325,2021-09-29 18:26:00,SRNE
7.35,7.35,7.34,7.3401,2350,2021-09-29 18:27:00,SRNE
7.34,7.3472,7.34,7.34,2750,2021-09-29 18:28:00,SRNE
7.3468,7.3468,7.335,7.335,4967,2021-09-29 18:29:00,SRNE
7.34,7.34,7.32,7.34,39879,2021-09-29 18:30:00,SRNE
7.34,7.34,7.325,7.325,3400,2021-09-29 18:31:00,SRNE
7.3201,7.33,7.32,7.32,6465,2021-09-29 18:32:00,SRNE
7.3273,7.335,7.32,7.335,5600,2021-09-29 18:33:00,SRNE
7.34,7.36,7.3379,7.36,9312,2021-09-29 18:34:00,SRNE
7.36,7.385,7.36,7.385,36250,2021-09-29 18:35:00,SRNE
7.3809,7.399,7.3809,7.39,21180,2021-09-29 18:36:00,SRNE
7.39,7.405,7.3833,7.4,22435,2021-09-29 18:37:00,SRNE
7.405,7.41,7.4,7.405,5502,2021-09-29 18:38:00,SRNE
7.4019,7.415,7.4019,7.4112,7932,2021-09-29 18:39:00,SRNE
7.415,7.415,7.405,7.41,2173,2021-09-29 18:40:00,SRNE
7.4,7.405,7.39,7.3997,21114,2021-09-29 18:41:00,SRNE
7.3901,7.4,7.39,7.3901,2700,2021-09-29 18:42:00,SRNE
7.4,7.415,7.39,7.41,19264,2021-09-29 18:43:00,SRNE
7.41,7.42,7.41,7.415,8585,2021-09-29 18:44:00,SRNE
7.415,7.43,7.415,7.425,11703,2021-09-29 18:45:00,SRNE
7.42,7.425,7.4101,7.415,9818,2021-09-29 18:46:00,SRNE
7.42,7.42,7.415,7.415,500,2021-09-29 18:47:00,SRNE
7.415,7.4299,7.415,7.4299,2150,2021-09-29 18:48:00,SRNE
7.42,7.4252,7.42,7.4252,1300,2021-09-29 18:49:00,SRNE
7.43,7.43,7.42,7.425,8620,2021-09-29 18:50:00,SRNE
7.425,7.4292,7.421,7.4292,2600,2021-09-29 18:51:00,SRNE
7.425,7.43,7.41,7.42,10406,2021-09-29 18:52:00,SRNE
7.415,7.415,7.41,7.41,300,2021-09-29 18:53:00,SRNE
7.416,7.42,7.39,7.42,25358,2021-09-29 18:54:00,SRNE
7.415,7.415,7.405,7.41,4189,2021-09-29 18:55:00,SRNE
7.41,7.41,7.39,7.407,10372,2021-09-29 18:56:00,SRNE
7.4001,7.41,7.4,7.41,11198,2021-09-29 18:57:00,SRNE
7.405,7.41,7.405,7.405,2600,2021-09-29 18:58:00,SRNE
7.41,7.41,7.405,7.405,3757,2021-09-29 18:59:00,SRNE
7.41,7.42,7.41,7.415,3060,2021-09-29 19:00:00,SRNE
7.41,7.415,7.395,7.395,6280,2021-09-29 19:01:00,SRNE
7.395,7.405,7.3915,7.4,4704,2021-09-29 19:02:00,SRNE
7.4011,7.405,7.38,7.39,28485,2021-09-29 19:03:00,SRNE
7.39,7.46,7.39,7.455,52569,2021-09-29 19:04:00,SRNE
7.46,7.48,7.43,7.435,80183,2021-09-29 19:05:00,SRNE
7.44,7.45,7.43,7.435,8634,2021-09-29 19:06:00,SRNE
7.43,7.45,7.43,7.45,9470,2021-09-29 19:07:00,SRNE
7.45,7.45,7.43,7.445,9637,2021-09-29 19:08:00,SRNE
7.45,7.45,7.435,7.445,3800,2021-09-29 19:09:00,SRNE
7.44,7.4463,7.44,7.4463,1300,2021-09-29 19:10:00,SRNE
7.445,7.45,7.44,7.44,13375,2021-09-29 19:11:00,SRNE
7.44,7.44,7.43,7.435,7066,2021-09-29 19:12:00,SRNE
7.435,7.4593,7.435,7.455,3050,2021-09-29 19:13:00,SRNE
7.455,7.46,7.455,7.46,1268,2021-09-29 19:14:00,SRNE
7.455,7.46,7.4474,7.4499,11565,2021-09-29 19:15:00,SRNE
7.445,7.455,7.44,7.44,6440,2021-09-29 19:16:00,SRNE
7.45,7.46,7.445,7.45,4386,2021-09-29 19:17:00,SRNE
7.46,7.46,7.45,7.46,879,2021-09-29 19:18:00,SRNE
7.45,7.4597,7.45,7.4597,600,2021-09-29 19:19:00,SRNE
7.455,7.455,7.445,7.455,12971,2021-09-29 19:20:00,SRNE
7.4525,7.455,7.43,7.435,14460,2021-09-29 19:21:00,SRNE
7.43,7.43,7.42,7.425,2317,2021-09-29 19:22:00,SRNE
7.4255,7.43,7.425,7.425,1843,2021-09-29 19:23:00,SRNE
7.4201,7.4299,7.41,7.41,2147,2021-09-29 19:24:00,SRNE
7.41,7.42,7.41,7.415,2850,2021-09-29 19:25:00,SRNE
7.415,7.415,7.4,7.405,2557,2021-09-29 19:26:00,SRNE
7.41,7.41,7.4,7.4,16172,2021-09-29 19:27:00,SRNE
7.4,7.409,7.39,7.4,7148,2021-09-29 19:28:00,SRNE
7.405,7.41,7.4,7.405,1933,2021-09-29 19:29:00,SRNE
7.405,7.41,7.405,7.405,1600,2021-09-29 19:30:00,SRNE
7.405,7.4299,7.4,7.4299,11039,2021-09-29 19:31:00,SRNE
7.42,7.42,7.4,7.41,15304,2021-09-29 19:32:00,SRNE
7.41,7.41,7.4,7.41,4689,2021-09-29 19:33:00,SRNE
7.41,7.41,7.4,7.405,5375,2021-09-29 19:34:00,SRNE
7.405,7.405,7.38,7.38,22967,2021-09-29 19:35:00,SRNE
7.39,7.39,7.38,7.385,2800,2021-09-29 19:36:00,SRNE
7.38,7.385,7.375,7.385,19710,2021-09-29 19:37:00,SRNE
7.39,7.39,7.38,7.38,7380,2021-09-29 19:38:00,SRNE
7.385,7.395,7.37,7.395,37490,2021-09-29 19:39:00,SRNE
7.39,7.39,7.38,7.385,5953,2021-09-29 19:40:00,SRNE
7.38,7.3871,7.38,7.3871,11750,2021-09-29 19:41:00,SRNE
7.38,7.3894,7.375,7.375,21911,2021-09-29 19:42:00,SRNE
7.375,7.38,7.37,7.37,2198,2021-09-29 19:43:00,SRNE
7.375,7.3799,7.37,7.37,16761,2021-09-29 19:44:00,SRNE
7.375,7.38,7.37,7.375,12750,2021-09-29 19:45:00,SRNE
7.3729,7.375,7.365,7.37,13695,2021-09-29 19:46:00,SRNE
7.36,7.375,7.36,7.37,11819,2021-09-29 19:47:00,SRNE
7.375,7.38,7.37,7.375,7890,2021-09-29 19:48:00,SRNE
7.375,7.38,7.37,7.376,15629,2021-09-29 19:49:00,SRNE
7.37,7.375,7.36,7.365,16130,2021-09-29 19:50:00,SRNE
7.365,7.38,7.36,7.375,26966,2021-09-29 19:51:00,SRNE
7.375,7.38,7.365,7.365,18713,2021-09-29 19:52:00,SRNE
7.365,7.37,7.36,7.36,8600,2021-09-29 19:53:00,SRNE
7.36,7.425,7.36,7.405,186858,2021-09-29 19:54:00,SRNE
7.405,7.416,7.405,7.415,23176,2021-09-29 19:55:00,SRNE
7.41,7.415,7.39,7.3999,41539,2021-09-29 19:56:00,SRNE
7.4,7.43,7.39,7.425,184723,2021-09-29 19:57:00,SRNE
7.42,7.42,7.39,7.4,58596,2021-09-29 19:58:00,SRNE
7.4,7.42,7.4,7.41,51093,2021-09-29 19:59:00,SRNE
7.41,7.41,7.41,7.41,243828,2021-09-29 20:00:00,SRNE
7.41,7.41,7.41,7.41,1876,2021-09-29 20:02:00,SRNE
7.41,7.41,7.41,7.41,2500,2021-09-29 20:05:00,SRNE
7.41,7.41,7.41,7.41,176,2021-09-29 20:08:00,SRNE
7.42,7.42,7.41,7.41,2100,2021-09-29 20:43:00,SRNE
7.41,7.41,7.41,7.41,2096,2021-09-29 20:54:00,SRNE
7.41,7.41,7.41,7.41,500,2021-09-29 21:13:00,SRNE
7.37,7.37,7.37,7.37,100,2021-09-29 21:19:00,SRNE
7.38,7.38,7.37,7.37,1925,2021-09-29 21:21:00,SRNE
7.3601,7.3601,7.3601,7.3601,277,2021-09-29 21:22:00,SRNE
7.36,7.36,7.36,7.36,600,2021-09-29 21:36:00,SRNE
7.36,7.36,7.36,7.36,500,2021-09-29 21:40:00,SRNE
7.36,7.36,7.35,7.35,4873,2021-09-29 21:43:00,SRNE
7.35,7.35,7.35,7.35,1427,2021-09-29 21:45:00,SRNE
7.35,7.35,7.35,7.35,1573,2021-09-29 21:46:00,SRNE
7.35,7.35,7.35,7.35,100,2021-09-29 21:47:00,SRNE
7.35,7.35,7.35,7.35,100,2021-09-29 21:48:00,SRNE
7.3899,7.3899,7.3899,7.3899,1000,2021-09-29 21:50:00,SRNE
7.39,7.39,7.39,7.39,1600,2021-09-29 21:52:00,SRNE
7.4399,7.4399,7.4399,7.4399,222,2021-09-29 21:54:00,SRNE
7.41,7.41,7.41,7.41,500,2021-09-29 22:05:00,SRNE
7.41,7.41,7.41,7.41,300,2021-09-29 22:13:00,SRNE
7.42,7.42,7.42,7.42,450,2021-09-29 22:16:00,SRNE
7.42,7.42,7.42,7.42,300,2021-09-29 22:18:00,SRNE
7.41,7.41,7.41,7.41,699,2021-09-29 22:22:00,SRNE
7.41,7.41,7.41,7.41,700,2021-09-29 22:31:00,SRNE
7.42,7.42,7.42,7.42,200,2021-09-29 22:49:00,SRNE
7.43,7.43,7.43,7.43,100,2021-09-29 22:54:00,SRNE
7.4,7.4,7.4,7.4,100,2021-09-29 22:55:00,SRNE
7.42,7.42,7.42,7.42,1000,2021-09-29 22:57:00,SRNE
7.42,7.42,7.42,7.42,297,2021-09-29 22:58:00,SRNE
7.43,7.43,7.43,7.43,500,2021-09-29 22:59:00,SRNE
7.45,7.45,7.45,7.45,100,2021-09-29 23:05:00,SRNE
7.45,7.45,7.45,7.45,625,2021-09-29 23:06:00,SRNE
7.45,7.45,7.45,7.45,700,2021-09-29 23:09:00,SRNE
7.47,7.47,7.47,7.47,500,2021-09-29 23:11:00,SRNE
7.48,7.48,7.48,7.48,100,2021-09-29 23:12:00,SRNE
7.5,7.5,7.5,7.5,400,2021-09-29 23:13:00,SRNE
7.45,7.45,7.43,7.43,10675,2021-09-29 23:14:00,SRNE
7.43,7.43,7.43,7.43,1500,2021-09-29 23:15:00,SRNE
7.43,7.43,7.43,7.43,1500,2021-09-29 23:16:00,SRNE
7.43,7.43,7.43,7.43,100,2021-09-29 23:23:00,SRNE
7.43,7.43,7.43,7.43,100,2021-09-29 23:28:00,SRNE
7.49,7.49,7.49,7.49,100,2021-09-29 23:32:00,SRNE
7.49,7.49,7.49,7.49,200,2021-09-29 23:37:00,SRNE
7.45,7.45,7.45,7.45,1220,2021-09-29 23:44:00,SRNE
7.48,7.48,7.48,7.48,225,2021-09-29 23:46:00,SRNE
7.44,7.44,7.43,7.43,1500,2021-09-29 23:50:00,SRNE
7.43,7.43,7.43,7.43,500,2021-09-29 23:52:00,SRNE
7.43,7.43,7.43,7.43,880,2021-09-29 23:58:00,SRNE
7.43,7.43,7.43,7.43,606,2021-09-29 23:59:00,SRNE
7.48,7.48,7.48,7.48,1000,2021-09-30 11:12:00,SRNE
7.46,7.46,7.46,7.46,700,2021-09-30 11:24:00,SRNE
7.46,7.47,7.46,7.47,200,2021-09-30 11:30:00,SRNE
7.48,7.5,7.48,7.5,1150,2021-09-30 11:34:00,SRNE
7.49,7.49,7.49,7.49,600,2021-09-30 11:39:00,SRNE
7.49,7.5,7.49,7.5,200,2021-09-30 11:40:00,SRNE
7.49,7.49,7.49,7.49,500,2021-09-30 12:02:00,SRNE
7.49,7.49,7.49,7.49,1500,2021-09-30 12:03:00,SRNE
7.49,7.49,7.49,7.49,3000,2021-09-30 12:08:00,SRNE
7.49,7.5,7.49,7.5,3500,2021-09-30 12:09:00,SRNE
7.4901,7.4901,7.4901,7.4901,100,2021-09-30 12:11:00,SRNE
7.49,7.49,7.49,7.49,500,2021-09-30 12:12:00,SRNE
7.49,7.49,7.49,7.49,225,2021-09-30 12:14:00,SRNE
7.49,7.49,7.49,7.49,1500,2021-09-30 12:15:00,SRNE
7.4901,7.4901,7.4901,7.4901,145,2021-09-30 12:17:00,SRNE
7.49,7.49,7.49,7.49,1000,2021-09-30 12:20:00,SRNE
7.5,7.5,7.5,7.5,1000,2021-09-30 12:23:00,SRNE
7.49,7.49,7.49,7.49,589,2021-09-30 12:26:00,SRNE
7.48,7.48,7.48,7.48,100,2021-09-30 12:36:00,SRNE
7.47,7.47,7.47,7.47,500,2021-09-30 12:53:00,SRNE
7.47,7.48,7.47,7.48,1476,2021-09-30 13:03:00,SRNE
7.47,7.47,7.47,7.47,200,2021-09-30 13:14:00,SRNE
7.47,7.47,7.47,7.47,2931,2021-09-30 13:15:00,SRNE
7.47,7.47,7.45,7.45,2000,2021-09-30 13:17:00,SRNE
7.44,7.45,7.44,7.45,1000,2021-09-30 13:18:00,SRNE
7.44,7.44,7.36,7.36,109281,2021-09-30 13:30:00,SRNE
7.37,7.4,7.35,7.4,26694,2021-09-30 13:31:00,SRNE
7.405,7.42,7.39,7.4101,20870,2021-09-30 13:32:00,SRNE
7.42,7.45,7.42,7.45,11039,2021-09-30 13:33:00,SRNE
7.455,7.475,7.455,7.4734,7003,2021-09-30 13:34:00,SRNE
7.475,7.52,7.47,7.515,77834,2021-09-30 13:35:00,SRNE
7.52,7.52,7.5,7.5089,14937,2021-09-30 13:36:00,SRNE
7.5001,7.509,7.48,7.49,11960,2021-09-30 13:37:00,SRNE
7.49,7.4968,7.4729,7.4754,800,2021-09-30 13:38:00,SRNE
7.475,7.4799,7.45,7.451,4785,2021-09-30 13:39:00,SRNE
7.44,7.44,7.41,7.42,5650,2021-09-30 13:40:00,SRNE
7.42,7.45,7.42,7.45,7052,2021-09-30 13:41:00,SRNE
7.455,7.46,7.42,7.42,9337,2021-09-30 13:42:00,SRNE
7.42,7.4209,7.41,7.41,3400,2021-09-30 13:43:00,SRNE
7.4081,7.42,7.399,7.399,11862,2021-09-30 13:44:00,SRNE
7.4,7.4,7.37,7.3732,11435,2021-09-30 13:45:00,SRNE
7.37,7.37,7.355,7.355,4410,2021-09-30 13:46:00,SRNE
7.35,7.37,7.35,7.3595,15303,2021-09-30 13:47:00,SRNE
7.36,7.39,7.36,7.3899,21147,2021-09-30 13:48:00,SRNE
7.385,7.385,7.37,7.385,8450,2021-09-30 13:49:00,SRNE
7.39,7.4075,7.39,7.3987,5218,2021-09-30 13:50:00,SRNE
7.4,7.4,7.365,7.37,2909,2021-09-30 13:51:00,SRNE
7.38,7.395,7.38,7.3901,7824,2021-09-30 13:52:00,SRNE
7.39,7.42,7.39,7.42,22000,2021-09-30 13:53:00,SRNE
7.4222,7.44,7.42,7.44,63409,2021-09-30 13:54:00,SRNE
7.44,7.48,7.44,7.4708,32979,2021-09-30 13:55:00,SRNE
7.4788,7.4799,7.4424,7.45,8891,2021-09-30 13:56:00,SRNE
7.44,7.44,7.42,7.435,11205,2021-09-30 13:57:00,SRNE
7.435,7.435,7.41,7.41,3851,2021-09-30 13:58:00,SRNE
7.411,7.411,7.4017,7.4017,4811,2021-09-30 13:59:00,SRNE
7.405,7.45,7.4,7.4327,51795,2021-09-30 14:00:00,SRNE
7.445,7.45,7.44,7.44,2900,2021-09-30 14:01:00,SRNE
7.4389,7.4578,7.4389,7.441,5300,2021-09-30 14:02:00,SRNE
7.44,7.4479,7.44,7.4479,6550,2021-09-30 14:03:00,SRNE
7.445,7.45,7.445,7.45,2800,2021-09-30 14:04:00,SRNE
7.4455,7.455,7.445,7.45,3893,2021-09-30 14:05:00,SRNE
7.4401,7.4471,7.415,7.42,7401,2021-09-30 14:06:00,SRNE
7.41,7.41,7.4,7.4,3531,2021-09-30 14:07:00,SRNE
7.4037,7.415,7.4,7.414,4270,2021-09-30 14:08:00,SRNE
7.41,7.4275,7.4,7.4124,19869,2021-09-30 14:09:00,SRNE
7.41,7.415,7.41,7.4101,3530,2021-09-30 14:10:00,SRNE
7.42,7.42,7.41,7.41,500,2021-09-30 14:11:00,SRNE
7.42,7.42,7.41,7.415,3945,2021-09-30 14:12:00,SRNE
7.41,7.415,7.41,7.415,1400,2021-09-30 14:13:00,SRNE
7.415,7.425,7.415,7.425,6600,2021-09-30 14:14:00,SRNE
7.43,7.43,7.42,7.426,4580,2021-09-30 14:15:00,SRNE
7.43,7.435,7.42,7.435,8851,2021-09-30 14:16:00,SRNE
7.43,7.43,7.41,7.41,12105,2021-09-30 14:17:00,SRNE
7.42,7.42,7.405,7.405,5400,2021-09-30 14:18:00,SRNE
7.4,7.44,7.4,7.435,44328,2021-09-30 14:19:00,SRNE
7.435,7.455,7.435,7.44,9329,2021-09-30 14:20:00,SRNE
7.43,7.43,7.41,7.4201,7843,2021-09-30 14:21:00,SRNE
7.42,7.4289,7.42,7.4289,270,2021-09-30 14:22:00,SRNE
7.43,7.4369,7.42,7.42,9500,2021-09-30 14:23:00,SRNE
7.42,7.4209,7.41,7.42,4726,2021-09-30 14:24:00,SRNE
7.4199,7.43,7.4182,7.43,9000,2021-09-30 14:25:00,SRNE
7.43,7.43,7.4201,7.4201,1327,2021-09-30 14:26:00,SRNE
7.4201,7.43,7.4201,7.43,2273,2021-09-30 14:27:00,SRNE
7.4214,7.4214,7.415,7.42,2898,2021-09-30 14:28:00,SRNE
7.42,7.42,7.4112,7.42,4800,2021-09-30 14:29:00,SRNE
7.415,7.42,7.405,7.41,15924,2021-09-30 14:30:00,SRNE
7.4094,7.42,7.4094,7.41,6108,2021-09-30 14:31:00,SRNE
7.4199,7.4201,7.41,7.41,10200,2021-09-30 14:32:00,SRNE
7.41,7.44,7.41,7.44,1835,2021-09-30 14:33:00,SRNE
7.44,7.4416,7.44,7.44,2400,2021-09-30 14:34:00,SRNE
7.44,7.45,7.425,7.43,14665,2021-09-30 14:35:00,SRNE
7.43,7.43,7.42,7.425,600,2021-09-30 14:36:00,SRNE
7.4217,7.43,7.4217,7.4245,2100,2021-09-30 14:37:00,SRNE
7.4228,7.44,7.4228,7.44,2738,2021-09-30 14:38:00,SRNE
7.4332,7.435,7.4301,7.435,7744,2021-09-30 14:39:00,SRNE
7.43,7.43,7.42,7.42,1912,2021-09-30 14:40:00,SRNE
7.4154,7.42,7.41,7.42,6400,2021-09-30 14:41:00,SRNE
7.4199,7.435,7.415,7.435,10278,2021-09-30 14:42:00,SRNE
7.435,7.45,7.435,7.44,2977,2021-09-30 14:43:00,SRNE
7.445,7.445,7.445,7.445,1200,2021-09-30 14:44:00,SRNE
7.45,7.45,7.44,7.445,3958,2021-09-30 14:45:00,SRNE
7.45,7.46,7.445,7.46,13206,2021-09-30 14:46:00,SRNE
7.459,7.46,7.45,7.455,7800,2021-09-30 14:47:00,SRNE
7.46,7.46,7.455,7.46,1200,2021-09-30 14:48:00,SRNE
7.46,7.46,7.4505,7.455,1590,2021-09-30 14:49:00,SRNE
7.45,7.46,7.45,7.455,2813,2021-09-30 14:50:00,SRNE
7.46,7.46,7.4528,7.46,4401,2021-09-30 14:51:00,SRNE
7.455,7.46,7.45,7.455,6500,2021-09-30 14:52:00,SRNE
7.46,7.47,7.455,7.47,7366,2021-09-30 14:53:00,SRNE
7.46,7.47,7.4503,7.4503,11463,2021-09-30 14:54:00,SRNE
7.459,7.46,7.44,7.44,17200,2021-09-30 14:55:00,SRNE
7.44,7.45,7.44,7.445,5400,2021-09-30 14:56:00,SRNE
7.45,7.46,7.43,7.4401,20152,2021-09-30 14:57:00,SRNE
7.44,7.445,7.435,7.44,11056,2021-09-30 14:58:00,SRNE
7.44,7.44,7.43,7.43,3018,2021-09-30 14:59:00,SRNE
7.42,7.42,7.42,7.42,5354,2021-09-30 15:00:00,SRNE
7.42,7.43,7.42,7.425,4433,2021-09-30 15:01:00,SRNE
7.43,7.43,7.43,7.43,200,2021-09-30 15:02:00,SRNE
7.425,7.43,7.425,7.43,2300,2021-09-30 15:03:00,SRNE
7.425,7.43,7.42,7.43,2600,2021-09-30 15:04:00,SRNE
7.42,7.43,7.42,7.42,500,2021-09-30 15:05:00,SRNE
7.42,7.42,7.41,7.41,2100,2021-09-30 15:06:00,SRNE
7.41,7.415,7.41,7.4113,3100,2021-09-30 15:07:00,SRNE
7.41,7.44,7.41,7.44,9232,2021-09-30 15:08:00,SRNE
7.4394,7.445,7.4329,7.445,3400,2021-09-30 15:09:00,SRNE
7.4429,7.4429,7.4429,7.4429,200,2021-09-30 15:10:00,SRNE
7.445,7.45,7.4373,7.4392,3620,2021-09-30 15:11:00,SRNE
7.4397,7.44,7.4388,7.44,2600,2021-09-30 15:12:00,SRNE
7.435,7.44,7.43,7.435,1100,2021-09-30 15:13:00,SRNE
7.44,7.44,7.43,7.43,756,2021-09-30 15:14:00,SRNE
7.44,7.45,7.44,7.45,6970,2021-09-30 15:15:00,SRNE
7.45,7.45,7.45,7.45,800,2021-09-30 15:16:00,SRNE
7.45,7.46,7.45,7.46,8880,2021-09-30 15:17:00,SRNE
7.465,7.465,7.46,7.46,1300,2021-09-30 15:18:00,SRNE
7.465,7.47,7.465,7.4693,7860,2021-09-30 15:19:00,SRNE
7.47,7.475,7.47,7.475,8802,2021-09-30 15:20:00,SRNE
7.4799,7.4799,7.4755,7.4755,300,2021-09-30 15:21:00,SRNE
7.4768,7.4768,7.475,7.475,211,2021-09-30 15:22:00,SRNE
7.48,7.485,7.475,7.485,10054,2021-09-30 15:23:00,SRNE
7.489,7.49,7.483,7.49,4600,2021-09-30 15:24:00,SRNE
7.49,7.5,7.481,7.485,24822,2021-09-30 15:25:00,SRNE
7.485,7.4899,7.48,7.4899,15251,2021-09-30 15:26:00,SRNE
7.4808,7.49,7.48,7.49,33425,2021-09-30 15:27:00,SRNE
7.495,7.495,7.4813,7.49,3851,2021-09-30 15:28:00,SRNE
7.485,7.49,7.485,7.4899,5408,2021-09-30 15:29:00,SRNE
7.49,7.5,7.487,7.5,8635,2021-09-30 15:30:00,SRNE
7.4918,7.4955,7.4918,7.4955,1950,2021-09-30 15:31:00,SRNE
7.495,7.495,7.475,7.475,14880,2021-09-30 15:32:00,SRNE
7.48,7.48,7.47,7.48,1733,2021-09-30 15:33:00,SRNE
7.479,7.48,7.46,7.477,26082,2021-09-30 15:34:00,SRNE
7.48,7.49,7.479,7.48,11003,2021-09-30 15:35:00,SRNE
7.4755,7.48,7.47,7.48,2735,2021-09-30 15:36:00,SRNE
7.47,7.48,7.4545,7.4545,5025,2021-09-30 15:37:00,SRNE
7.455,7.459,7.45,7.45,5595,2021-09-30 15:38:00,SRNE
7.45,7.45,7.44,7.445,3100,2021-09-30 15:39:00,SRNE
7.44,7.45,7.44,7.4499,10609,2021-09-30 15:40:00,SRNE
7.443,7.4588,7.44,7.455,10100,2021-09-30 15:41:00,SRNE
7.45,7.4555,7.447,7.4509,4353,2021-09-30 15:42:00,SRNE
7.45,7.45,7.445,7.45,600,2021-09-30 15:43:00,SRNE
7.445,7.4475,7.4401,7.445,3766,2021-09-30 15:44:00,SRNE
7.45,7.45,7.44,7.445,600,2021-09-30 15:45:00,SRNE
7.44,7.44,7.43,7.43,5000,2021-09-30 15:46:00,SRNE
7.439,7.445,7.439,7.4446,3246,2021-09-30 15:47:00,SRNE
7.44,7.44,7.425,7.425,5603,2021-09-30 15:48:00,SRNE
7.4293,7.4299,7.42,7.4299,12200,2021-09-30 15:49:00,SRNE
7.425,7.43,7.42,7.42,6700,2021-09-30 15:50:00,SRNE
7.425,7.4275,7.42,7.42,850,2021-09-30 15:51:00,SRNE
7.42,7.42,7.41,7.42,10900,2021-09-30 15:52:00,SRNE
7.415,7.419,7.41,7.41,6800,2021-09-30 15:53:00,SRNE
7.41,7.41,7.4,7.41,15517,2021-09-30 15:54:00,SRNE
7.41,7.43,7.41,7.4299,11674,2021-09-30 15:55:00,SRNE
7.43,7.439,7.4209,7.43,30211,2021-09-30 15:56:00,SRNE
7.43,7.43,7.43,7.43,3600,2021-09-30 15:57:00,SRNE
7.43,7.44,7.43,7.435,2993,2021-09-30 15:58:00,SRNE
7.44,7.44,7.435,7.4392,8200,2021-09-30 15:59:00,SRNE
7.4364,7.44,7.4301,7.44,3535,2021-09-30 16:00:00,SRNE
7.445,7.46,7.445,7.45,17194,2021-09-30 16:01:00,SRNE
7.4491,7.4491,7.44,7.44,3100,2021-09-30 16:02:00,SRNE
7.4401,7.445,7.44,7.445,3400,2021-09-30 16:03:00,SRNE
7.4488,7.4499,7.44,7.44,6700,2021-09-30 16:04:00,SRNE
7.44,7.44,7.43,7.43,10207,2021-09-30 16:05:00,SRNE
7.4301,7.44,7.4301,7.435,2922,2021-09-30 16:06:00,SRNE
7.435,7.435,7.435,7.435,500,2021-09-30 16:07:00,SRNE
7.435,7.455,7.435,7.455,4080,2021-09-30 16:08:00,SRNE
7.46,7.46,7.45,7.45,4600,2021-09-30 16:09:00,SRNE
7.445,7.45,7.445,7.45,3100,2021-09-30 16:10:00,SRNE
7.45,7.46,7.45,7.46,12100,2021-09-30 16:11:00,SRNE
7.45,7.455,7.45,7.45,1577,2021-09-30 16:12:00,SRNE
7.46,7.46,7.449,7.46,11080,2021-09-30 16:13:00,SRNE
7.46,7.47,7.46,7.47,9800,2021-09-30 16:14:00,SRNE
7.46,7.47,7.46,7.4692,3400,2021-09-30 16:15:00,SRNE
7.46,7.475,7.46,7.4701,13600,2021-09-30 16:16:00,SRNE
7.4799,7.4799,7.46,7.46,9700,2021-09-30 16:17:00,SRNE
7.4576,7.47,7.4576,7.47,3892,2021-09-30 16:18:00,SRNE
7.4799,7.4799,7.47,7.47,7937,2021-09-30 16:19:00,SRNE
7.4729,7.48,7.47,7.47,10749,2021-09-30 16:20:00,SRNE
7.4601,7.48,7.4601,7.473,5942,2021-09-30 16:22:00,SRNE
7.475,7.4774,7.472,7.472,1300,2021-09-30 16:23:00,SRNE
7.475,7.475,7.465,7.465,2500,2021-09-30 16:24:00,SRNE
7.47,7.5,7.47,7.4906,10665,2021-09-30 16:25:00,SRNE
7.495,7.495,7.49,7.49,6900,2021-09-30 16:26:00,SRNE
7.4905,7.5,7.49,7.4921,8136,2021-09-30 16:27:00,SRNE
7.4978,7.4978,7.49,7.495,2500,2021-09-30 16:28:00,SRNE
7.49,7.495,7.4845,7.4845,7463,2021-09-30 16:29:00,SRNE
7.485,7.485,7.48,7.48,4187,2021-09-30 16:30:00,SRNE
7.4826,7.49,7.4826,7.49,1904,2021-09-30 16:31:00,SRNE
7.485,7.485,7.48,7.48,200,2021-09-30 16:32:00,SRNE
7.485,7.49,7.4801,7.4801,600,2021-09-30 16:33:00,SRNE
7.485,7.5,7.485,7.5,2081,2021-09-30 16:34:00,SRNE
7.495,7.515,7.4932,7.505,51967,2021-09-30 16:35:00,SRNE
7.51,7.52,7.51,7.515,13336,2021-09-30 16:36:00,SRNE
7.5101,7.5167,7.51,7.51,6620,2021-09-30 16:37:00,SRNE
7.5128,7.5177,7.5128,7.515,566,2021-09-30 16:38:00,SRNE
7.515,7.515,7.513,7.515,1400,2021-09-30 16:39:00,SRNE
7.51,7.51,7.505,7.51,6190,2021-09-30 16:40:00,SRNE
7.515,7.5199,7.51,7.51,7347,2021-09-30 16:41:00,SRNE
7.51,7.5155,7.51,7.51,2058,2021-09-30 16:42:00,SRNE
7.51,7.5102,7.51,7.51,8100,2021-09-30 16:43:00,SRNE
7.505,7.505,7.49,7.4987,19250,2021-09-30 16:44:00,SRNE
7.49,7.5,7.49,7.49,1000,2021-09-30 16:45:00,SRNE
7.495,7.505,7.49,7.505,1600,2021-09-30 16:46:00,SRNE
7.51,7.51,7.5,7.5,9194,2021-09-30 16:47:00,SRNE
7.5,7.51,7.4984,7.5002,8632,2021-09-30 16:48:00,SRNE
7.505,7.52,7.505,7.51,5581,2021-09-30 16:49:00,SRNE
7.51,7.51,7.505,7.505,1300,2021-09-30 16:50:00,SRNE
7.5099,7.51,7.5,7.5,13991,2021-09-30 16:51:00,SRNE
7.5,7.5,7.49,7.495,1200,2021-09-30 16:52:00,SRNE
7.49,7.5,7.49,7.491,5983,2021-09-30 16:53:00,SRNE
7.495,7.4967,7.495,7.4967,488,2021-09-30 16:54:00,SRNE
7.495,7.495,7.49,7.495,2100,2021-09-30 16:55:00,SRNE
7.495,7.495,7.49,7.49,1055,2021-09-30 16:56:00,SRNE
7.5,7.5,7.49,7.49,13355,2021-09-30 16:57:00,SRNE
7.49,7.495,7.49,7.495,800,2021-09-30 16:58:00,SRNE
7.49,7.495,7.49,7.495,800,2021-09-30 16:59:00,SRNE
7.49,7.49,7.49,7.49,300,2021-09-30 17:00:00,SRNE
7.4999,7.5,7.495,7.4993,13064,2021-09-30 17:01:00,SRNE
7.495,7.52,7.495,7.52,11717,2021-09-30 17:02:00,SRNE
7.515,7.519,7.515,7.519,300,2021-09-30 17:03:00,SRNE
7.515,7.56,7.515,7.555,78787,2021-09-30 17:04:00,SRNE
7.56,7.57,7.56,7.5601,23791,2021-09-30 17:05:00,SRNE
7.56,7.5699,7.55,7.56,10430,2021-09-30 17:06:00,SRNE
7.5501,7.56,7.5501,7.56,4261,2021-09-30 17:07:00,SRNE
7.56,7.57,7.5516,7.57,8098,2021-09-30 17:08:00,SRNE
7.57,7.57,7.565,7.565,750,2021-09-30 17:09:00,SRNE
7.57,7.57,7.561,7.57,2494,2021-09-30 17:10:00,SRNE
7.57,7.57,7.563,7.57,3898,2021-09-30 17:11:00,SRNE
7.57,7.57,7.565,7.57,650,2021-09-30 17:12:00,SRNE
7.57,7.58,7.56,7.565,36865,2021-09-30 17:13:00,SRNE
7.565,7.565,7.565,7.565,300,2021-09-30 17:14:00,SRNE
7.565,7.57,7.56,7.57,2100,2021-09-30 17:15:00,SRNE
7.57,7.58,7.56,7.56,33241,2021-09-30 17:16:00,SRNE
7.565,7.57,7.54,7.56,21860,2021-09-30 17:17:00,SRNE
7.5542,7.57,7.5542,7.56,2900,2021-09-30 17:18:00,SRNE
7.57,7.57,7.56,7.57,1910,2021-09-30 17:19:00,SRNE
7.57,7.57,7.555,7.555,7096,2021-09-30 17:20:00,SRNE
7.56,7.56,7.5513,7.555,4450,2021-09-30 17:21:00,SRNE
7.55,7.56,7.55,7.56,900,2021-09-30 17:22:00,SRNE
7.56,7.56,7.55,7.555,1000,2021-09-30 17:23:00,SRNE
7.56,7.56,7.535,7.54,10212,2021-09-30 17:24:00,SRNE
7.54,7.55,7.54,7.545,4732,2021-09-30 17:25:00,SRNE
7.545,7.55,7.535,7.54,8961,2021-09-30 17:26:00,SRNE
7.54,7.54,7.535,7.54,2767,2021-09-30 17:27:00,SRNE
7.5355,7.54,7.53,7.53,1805,2021-09-30 17:28:00,SRNE
7.54,7.54,7.525,7.525,4310,2021-09-30 17:29:00,SRNE
7.53,7.53,7.52,7.53,11572,2021-09-30 17:30:00,SRNE
7.525,7.54,7.525,7.54,6814,2021-09-30 17:31:00,SRNE
7.54,7.54,7.53,7.54,1600,2021-09-30 17:32:00,SRNE
7.54,7.55,7.5399,7.55,6700,2021-09-30 17:33:00,SRNE
7.5416,7.55,7.5416,7.55,3500,2021-09-30 17:34:00,SRNE
7.5401,7.5499,7.535,7.54,14347,2021-09-30 17:35:00,SRNE
7.535,7.54,7.535,7.54,3974,2021-09-30 17:36:00,SRNE
7.545,7.55,7.5316,7.55,10136,2021-09-30 17:37:00,SRNE
7.5469,7.55,7.5401,7.545,9400,2021-09-30 17:38:00,SRNE
7.54,7.55,7.54,7.55,300,2021-09-30 17:39:00,SRNE
7.5401,7.555,7.5401,7.55,8182,2021-09-30 17:40:00,SRNE
7.56,7.56,7.545,7.545,12700,2021-09-30 17:41:00,SRNE
7.55,7.5526,7.55,7.55,1470,2021-09-30 17:42:00,SRNE
7.55,7.559,7.55,7.555,9600,2021-09-30 17:43:00,SRNE
7.5562,7.56,7.555,7.555,800,2021-09-30 17:44:00,SRNE
7.55,7.57,7.55,7.565,29367,2021-09-30 17:45:00,SRNE
7.5688,7.5688,7.5688,7.5688,270,2021-09-30 17:46:00,SRNE
7.568,7.57,7.5673,7.57,532,2021-09-30 17:47:00,SRNE
7.56,7.565,7.56,7.56,1400,2021-09-30 17:48:00,SRNE
7.5501,7.56,7.5501,7.56,6600,2021-09-30 17:49:00,SRNE
7.56,7.57,7.56,7.57,3064,2021-09-30 17:50:00,SRNE
7.565,7.565,7.565,7.565,100,2021-09-30 17:51:00,SRNE
7.5601,7.57,7.5601,7.5685,1100,2021-09-30 17:52:00,SRNE
7.569,7.57,7.5608,7.57,6209,2021-09-30 17:53:00,SRNE
7.565,7.58,7.56,7.58,31823,2021-09-30 17:54:00,SRNE
7.575,7.58,7.575,7.58,1793,2021-09-30 17:55:00,SRNE
7.575,7.575,7.565,7.565,15087,2021-09-30 17:56:00,SRNE
7.56,7.57,7.56,7.57,12800,2021-09-30 17:57:00,SRNE
7.565,7.58,7.565,7.575,22233,2021-09-30 17:58:00,SRNE
7.57,7.575,7.565,7.57,8601,2021-09-30 17:59:00,SRNE
7.575,7.59,7.5699,7.5801,22329,2021-09-30 18:00:00,SRNE
7.58,7.59,7.58,7.59,3000,2021-09-30 18:01:00,SRNE
7.58,7.59,7.58,7.5881,7493,2021-09-30 18:02:00,SRNE
7.585,7.585,7.575,7.58,15070,2021-09-30 18:03:00,SRNE
7.58,7.58,7.58,7.58,900,2021-09-30 18:04:00,SRNE
7.5816,7.6,7.5816,7.597,21212,2021-09-30 18:05:00,SRNE
7.5941,7.6,7.59,7.6,8770,2021-09-30 18:06:00,SRNE
7.6,7.62,7.6,7.62,52031,2021-09-30 18:07:00,SRNE
7.615,7.6292,7.615,7.625,9750,2021-09-30 18:08:00,SRNE
7.63,7.64,7.63,7.6332,5953,2021-09-30 18:09:00,SRNE
7.635,7.64,7.63,7.635,8125,2021-09-30 18:10:00,SRNE
7.64,7.64,7.6201,7.6242,8953,2021-09-30 18:11:00,SRNE
7.63,7.63,7.6223,7.625,1420,2021-09-30 18:12:00,SRNE
7.6299,7.6299,7.61,7.62,10255,2021-09-30 18:13:00,SRNE
7.62,7.62,7.61,7.62,3121,2021-09-30 18:14:00,SRNE
7.61,7.61,7.6,7.606,3502,2021-09-30 18:15:00,SRNE
7.6093,7.61,7.6,7.6,10273,2021-09-30 18:16:00,SRNE
7.6,7.6,7.5922,7.6,2800,2021-09-30 18:17:00,SRNE
7.6,7.605,7.59,7.59,12098,2021-09-30 18:18:00,SRNE
7.595,7.6,7.59,7.6,13885,2021-09-30 18:19:00,SRNE
7.6,7.605,7.6,7.6,2344,2021-09-30 18:20:00,SRNE
7.6,7.6,7.585,7.59,3200,2021-09-30 18:21:00,SRNE
7.585,7.585,7.58,7.585,700,2021-09-30 18:22:00,SRNE
7.58,7.59,7.57,7.585,20240,2021-09-30 18:23:00,SRNE
7.585,7.5899,7.585,7.585,654,2021-09-30 18:24:00,SRNE
7.5899,7.5899,7.58,7.58,5327,2021-09-30 18:25:00,SRNE
7.58,7.58,7.58,7.58,2300,2021-09-30 18:26:00,SRNE
7.575,7.58,7.575,7.575,1044,2021-09-30 18:27:00,SRNE
7.58,7.58,7.58,7.58,400,2021-09-30 18:28:00,SRNE
7.57,7.58,7.57,7.58,2471,2021-09-30 18:29:00,SRNE
7.59,7.6,7.59,7.5991,4200,2021-09-30 18:30:00,SRNE
7.6,7.61,7.597,7.61,9538,2021-09-30 18:31:00,SRNE
7.6,7.605,7.6,7.605,3631,2021-09-30 18:32:00,SRNE
7.6,7.6,7.59,7.59,4300,2021-09-30 18:33:00,SRNE
7.595,7.61,7.595,7.6001,3531,2021-09-30 18:34:00,SRNE
7.6,7.6,7.59,7.59,6450,2021-09-30 18:35:00,SRNE
7.58,7.58,7.573,7.575,13546,2021-09-30 18:36:00,SRNE
7.5731,7.58,7.565,7.565,3350,2021-09-30 18:37:00,SRNE
7.57,7.57,7.57,7.57,2394,2021-09-30 18:38:00,SRNE
7.57,7.58,7.57,7.575,1400,2021-09-30 18:39:00,SRNE
7.58,7.59,7.58,7.59,6529,2021-09-30 18:40:00,SRNE
7.5882,7.6082,7.5882,7.6082,4603,2021-09-30 18:41:00,SRNE
7.605,7.6099,7.605,7.6099,210,2021-09-30 18:42:00,SRNE
7.605,7.61,7.6,7.61,6380,2021-09-30 18:43:00,SRNE
7.61,7.61,7.6,7.6,5172,2021-09-30 18:44:00,SRNE
7.6,7.605,7.6,7.605,719,2021-09-30 18:45:00,SRNE
7.605,7.61,7.605,7.61,400,2021-09-30 18:46:00,SRNE
7.6001,7.615,7.6,7.615,15825,2021-09-30 18:47:00,SRNE
7.62,7.638,7.62,7.638,37580,2021-09-30 18:48:00,SRNE
7.6338,7.645,7.63,7.64,13439,2021-09-30 18:49:00,SRNE
7.6401,7.6599,7.6401,7.65,18747,2021-09-30 18:50:00,SRNE
7.66,7.66,7.64,7.64,18209,2021-09-30 18:51:00,SRNE
7.645,7.645,7.635,7.64,3324,2021-09-30 18:52:00,SRNE
7.65,7.65,7.63,7.64,8995,2021-09-30 18:53:00,SRNE
7.6345,7.64,7.63,7.6317,2100,2021-09-30 18:54:00,SRNE
7.64,7.645,7.635,7.645,4200,2021-09-30 18:55:00,SRNE
7.6401,7.65,7.6401,7.6401,3600,2021-09-30 18:56:00,SRNE
7.65,7.65,7.64,7.645,4536,2021-09-30 18:57:00,SRNE
7.64,7.645,7.6301,7.64,32738,2021-09-30 18:58:00,SRNE
7.64,7.64,7.63,7.63,2738,2021-09-30 18:59:00,SRNE
7.63,7.66,7.63,7.66,16152,2021-09-30 19:00:00,SRNE
7.66,7.66,7.65,7.6599,6924,2021-09-30 19:01:00,SRNE
7.655,7.67,7.65,7.67,18506,2021-09-30 19:02:00,SRNE
7.665,7.67,7.65,7.65,10376,2021-09-30 19:03:00,SRNE
7.655,7.655,7.655,7.655,200,2021-09-30 19:04:00,SRNE
7.6503,7.67,7.65,7.67,15495,2021-09-30 19:05:00,SRNE
7.665,7.67,7.66,7.665,7596,2021-09-30 19:06:00,SRNE
7.6698,7.67,7.665,7.665,10961,2021-09-30 19:07:00,SRNE
7.665,7.67,7.66,7.67,3335,2021-09-30 19:08:00,SRNE
7.66,7.665,7.66,7.665,1289,2021-09-30 19:09:00,SRNE
7.67,7.69,7.665,7.69,16119,2021-09-30 19:10:00,SRNE
7.69,7.69,7.685,7.685,10516,2021-09-30 19:11:00,SRNE
7.685,7.695,7.68,7.69,6209,2021-09-30 19:12:00,SRNE
7.699,7.699,7.685,7.685,7048,2021-09-30 19:13:00,SRNE
7.685,7.7,7.685,7.695,13400,2021-09-30 19:14:00,SRNE
7.695,7.7,7.685,7.685,24088,2021-09-30 19:15:00,SRNE
7.68,7.685,7.67,7.685,11139,2021-09-30 19:16:00,SRNE
7.685,7.685,7.675,7.68,3271,2021-09-30 19:17:00,SRNE
7.675,7.6857,7.675,7.68,1600,2021-09-30 19:18:00,SRNE
7.68,7.685,7.68,7.68,2883,2021-09-30 19:19:00,SRNE
7.685,7.685,7.66,7.665,18268,2021-09-30 19:20:00,SRNE
7.665,7.665,7.66,7.66,700,2021-09-30 19:21:00,SRNE
7.66,7.675,7.655,7.67,29171,2021-09-30 19:22:00,SRNE
7.665,7.675,7.6601,7.675,5900,2021-09-30 19:23:00,SRNE
7.67,7.675,7.665,7.665,10245,2021-09-30 19:24:00,SRNE
7.67,7.6799,7.665,7.675,15635,2021-09-30 19:25:00,SRNE
7.6701,7.68,7.6621,7.67,43784,2021-09-30 19:26:00,SRNE
7.67,7.68,7.66,7.665,6762,2021-09-30 19:27:00,SRNE
7.67,7.67,7.6602,7.67,22190,2021-09-30 19:28:00,SRNE
7.665,7.67,7.655,7.655,15653,2021-09-30 19:29:00,SRNE
7.655,7.66,7.6511,7.66,3247,2021-09-30 19:30:00,SRNE
7.66,7.69,7.66,7.689,18483,2021-09-30 19:31:00,SRNE
7.69,7.695,7.6814,7.685,15570,2021-09-30 19:32:00,SRNE
7.685,7.69,7.675,7.69,18253,2021-09-30 19:33:00,SRNE
7.69,7.695,7.6705,7.685,16421,2021-09-30 19:34:00,SRNE
7.6804,7.685,7.675,7.685,16190,2021-09-30 19:35:00,SRNE
7.685,7.687,7.675,7.675,6101,2021-09-30 19:36:00,SRNE
7.68,7.68,7.67,7.675,15660,2021-09-30 19:37:00,SRNE
7.671,7.675,7.6601,7.665,13424,2021-09-30 19:38:00,SRNE
7.665,7.67,7.6601,7.665,6551,2021-09-30 19:39:00,SRNE
7.665,7.67,7.665,7.67,8608,2021-09-30 19:40:00,SRNE
7.675,7.6799,7.67,7.6784,4006,2021-09-30 19:41:00,SRNE
7.675,7.6771,7.67,7.67,12466,2021-09-30 19:42:00,SRNE
7.675,7.675,7.661,7.6627,17232,2021-09-30 19:43:00,SRNE
7.665,7.665,7.65,7.655,6400,2021-09-30 19:44:00,SRNE
7.655,7.655,7.6401,7.65,26541,2021-09-30 19:45:00,SRNE
7.6473,7.65,7.6427,7.645,5273,2021-09-30 19:46:00,SRNE
7.65,7.659,7.65,7.65,13602,2021-09-30 19:47:00,SRNE
7.655,7.66,7.655,7.6582,4093,2021-09-30 19:48:00,SRNE
7.6509,7.67,7.6509,7.67,19443,2021-09-30 19:49:00,SRNE
7.66,7.66,7.62,7.6228,64868,2021-09-30 19:50:00,SRNE
7.625,7.63,7.62,7.63,8000,2021-09-30 19:51:00,SRNE
7.63,7.64,7.63,7.64,19805,2021-09-30 19:52:00,SRNE
7.6399,7.66,7.635,7.66,13095,2021-09-30 19:53:00,SRNE
7.655,7.66,7.635,7.635,45450,2021-09-30 19:54:00,SRNE
7.635,7.64,7.63,7.635,12444,2021-09-30 19:55:00,SRNE
7.635,7.64,7.63,7.64,17387,2021-09-30 19:56:00,SRNE
7.635,7.64,7.63,7.63,7758,2021-09-30 19:57:00,SRNE
7.6301,7.64,7.6301,7.64,19160,2021-09-30 19:58:00,SRNE
7.64,7.65,7.63,7.64,80749,2021-09-30 19:59:00,SRNE
7.63,7.63,7.63,7.63,232304,2021-09-30 20:00:00,SRNE
7.63,7.63,7.63,7.63,9858,2021-09-30 20:03:00,SRNE
7.64,7.64,7.64,7.64,383,2021-09-30 20:49:00,SRNE
7.61,7.61,7.61,7.61,100,2021-09-30 21:13:00,SRNE
7.61,7.61,7.61,7.61,193,2021-09-30 21:33:00,SRNE
7.6,7.6,7.6,7.6,100,2021-09-30 21:37:00,SRNE
7.63,7.63,7.63,7.63,144,2021-09-30 22:01:00,SRNE
7.63,7.63,7.63,7.63,156,2021-09-30 22:23:00,SRNE
7.61,7.61,7.61,7.61,500,2021-09-30 22:45:00,SRNE
7.61,7.61,7.61,7.61,200,2021-09-30 22:47:00,SRNE
7.61,7.61,7.61,7.61,300,2021-09-30 22:49:00,SRNE
7.64,7.64,7.61,7.61,700,2021-09-30 22:50:00,SRNE
7.61,7.61,7.6,7.6,1092,2021-09-30 23:21:00,SRNE
7.57,7.57,7.57,7.57,100,2021-09-30 23:25:00,SRNE
7.63,7.63,7.63,7.63,100,2021-09-30 23:51:00,SRNE
7.64,7.64,7.64,7.64,2187,2021-09-30 23:52:00,SRNE
7.66,7.66,7.66,7.66,1038,2021-09-30 23:54:00,SRNE
7.66,7.66,7.66,7.66,100,2021-09-30 23:55:00,SRNE
7.51,7.51,7.5,7.5,1400,2021-10-01 10:39:00,SRNE
7.51,7.51,7.5,7.5,1338,2021-10-01 10:44:00,SRNE
7.51,7.51,7.41,7.41,4775,2021-10-01 10:46:00,SRNE
7.64,7.64,7.64,7.64,215,2021-10-01 11:00:00,SRNE
7.59,7.6,7.59,7.6,300,2021-10-01 11:45:00,SRNE
7.6199,7.6199,7.6199,7.6199,1000,2021-10-01 12:00:00,SRNE
7.59,7.59,7.59,7.59,1000,2021-10-01 12:02:00,SRNE
7.62,7.62,7.61,7.61,200,2021-10-01 12:06:00,SRNE
7.6101,7.6101,7.6101,7.6101,5000,2021-10-01 12:09:00,SRNE
7.62,7.62,7.62,7.62,100,2021-10-01 12:14:00,SRNE
7.6201,7.6201,7.62,7.62,280,2021-10-01 12:21:00,SRNE
7.71,7.77,7.7,7.77,6749,2021-10-01 12:26:00,SRNE
7.67,7.67,7.67,7.67,1000,2021-10-01 12:32:00,SRNE
7.69,7.69,7.69,7.69,200,2021-10-01 12:36:00,SRNE
7.69,7.69,7.68,7.68,300,2021-10-01 12:37:00,SRNE
7.67,7.68,7.66,7.68,10900,2021-10-01 12:40:00,SRNE
7.69,7.69,7.69,7.69,2750,2021-10-01 12:41:00,SRNE
7.7,7.7,7.7,7.7,2000,2021-10-01 12:42:00,SRNE
7.7001,7.7001,7.7001,7.7001,1000,2021-10-01 12:43:00,SRNE
7.7001,7.74,7.7001,7.74,11000,2021-10-01 12:47:00,SRNE
7.71,7.72,7.71,7.72,10650,2021-10-01 12:51:00,SRNE
7.7,7.7,7.7,7.7,200,2021-10-01 12:52:00,SRNE
7.72,7.72,7.72,7.72,10000,2021-10-01 12:53:00,SRNE
7.7,7.7,7.7,7.7,250,2021-10-01 12:57:00,SRNE
7.7,7.7,7.7,7.7,5000,2021-10-01 13:01:00,SRNE
7.7,7.7,7.7,7.7,5000,2021-10-01 13:02:00,SRNE
7.7,7.7,7.69,7.69,800,2021-10-01 13:04:00,SRNE
7.7,7.73,7.7,7.73,1406,2021-10-01 13:07:00,SRNE
7.72,7.72,7.72,7.72,6000,2021-10-01 13:09:00,SRNE
7.72,7.72,7.72,7.72,4119,2021-10-01 13:10:00,SRNE
7.7,7.72,7.7,7.72,10300,2021-10-01 13:13:00,SRNE
7.72,7.72,7.71,7.72,20100,2021-10-01 13:14:00,SRNE
7.72,7.72,7.72,7.72,882,2021-10-01 13:15:00,SRNE
7.72,7.72,7.72,7.72,100,2021-10-01 13:18:00,SRNE
7.71,7.71,7.71,7.71,778,2021-10-01 13:20:00,SRNE
7.71,7.72,7.71,7.72,1100,2021-10-01 13:21:00,SRNE
7.71,7.71,7.71,7.71,100,2021-10-01 13:24:00,SRNE
7.7,7.7,7.7,7.7,903,2021-10-01 13:27:00,SRNE
7.7,7.7,7.7,7.7,3690,2021-10-01 13:28:00,SRNE
7.71,7.735,7.59,7.59,105591,2021-10-01 13:30:00,SRNE
7.58,7.595,7.53,7.5581,27548,2021-10-01 13:31:00,SRNE
7.55,7.5508,7.53,7.5399,23171,2021-10-01 13:32:00,SRNE
7.53,7.55,7.52,7.53,22916,2021-10-01 13:33:00,SRNE
7.53,7.58,7.53,7.5609,30161,2021-10-01 13:34:00,SRNE
7.56,7.56,7.52,7.5437,29282,2021-10-01 13:35:00,SRNE
7.55,7.57,7.54,7.56,39404,2021-10-01 13:36:00,SRNE
7.56,7.56,7.51,7.515,62618,2021-10-01 13:37:00,SRNE
7.5199,7.5199,7.47,7.47,23909,2021-10-01 13:38:00,SRNE
7.475,7.49,7.455,7.455,26525,2021-10-01 13:39:00,SRNE
7.455,7.455,7.41,7.415,31031,2021-10-01 13:40:00,SRNE
7.415,7.43,7.38,7.3801,136673,2021-10-01 13:41:00,SRNE
7.3816,7.3816,7.35,7.355,97111,2021-10-01 13:42:00,SRNE
7.35,7.365,7.33,7.335,83193,2021-10-01 13:43:00,SRNE
7.33,7.35,7.31,7.3403,55097,2021-10-01 13:44:00,SRNE
7.3499,7.36,7.335,7.34,34349,2021-10-01 13:45:00,SRNE
7.34,7.36,7.335,7.34,24634,2021-10-01 13:46:00,SRNE
7.345,7.35,7.315,7.35,60479,2021-10-01 13:47:00,SRNE
7.355,7.355,7.31,7.312,22272,2021-10-01 13:48:00,SRNE
7.3185,7.32,7.27,7.277,72875,2021-10-01 13:49:00,SRNE
7.27,7.2701,7.19,7.2299,203959,2021-10-01 13:50:00,SRNE
7.229,7.245,7.22,7.2388,94316,2021-10-01 13:51:00,SRNE
7.23,7.23,7.19,7.2007,60260,2021-10-01 13:52:00,SRNE
7.205,7.2068,7.17,7.2,98678,2021-10-01 13:53:00,SRNE
7.2,7.2,7.155,7.1699,70676,2021-10-01 13:54:00,SRNE
7.165,7.18,7.14,7.17,103580,2021-10-01 13:55:00,SRNE
7.17,7.17,7.14,7.1662,64433,2021-10-01 13:56:00,SRNE
7.165,7.1784,7.15,7.1599,55364,2021-10-01 13:57:00,SRNE
7.15,7.16,7.135,7.1379,67540,2021-10-01 13:58:00,SRNE
7.14,7.16,7.11,7.125,131285,2021-10-01 13:59:00,SRNE
7.13,7.14,7.11,7.1116,82466,2021-10-01 14:00:00,SRNE
7.1101,7.12,7.09,7.0987,92860,2021-10-01 14:01:00,SRNE
7.1,7.13,7.05,7.065,168571,2021-10-01 14:02:00,SRNE
7.07,7.08,7.0501,7.08,67375,2021-10-01 14:03:00,SRNE
7.08,7.08,7.065,7.07,61370,2021-10-01 14:04:00,SRNE
7.06,7.06,7.03,7.05,114621,2021-10-01 14:05:00,SRNE
7.05,7.055,7.02,7.04,86954,2021-10-01 14:06:00,SRNE
7.0307,7.04,7.01,7.035,132758,2021-10-01 14:07:00,SRNE
7.035,7.04,6.96,6.97,342684,2021-10-01 14:08:00,SRNE
6.97,6.99,6.92,6.94,169282,2021-10-01 14:09:00,SRNE
6.94,6.96,6.92,6.94,180313,2021-10-01 14:10:00,SRNE
6.9499,6.9499,6.895,6.9,138709,2021-10-01 14:11:00,SRNE
6.9,6.94,6.89,6.935,147850,2021-10-01 14:12:00,SRNE
6.93,6.93,6.9,6.9174,54080,2021-10-01 14:13:00,SRNE
6.915,6.93,6.88,6.8899,118803,2021-10-01 14:14:00,SRNE
6.88,6.88,6.85,6.85,104628,2021-10-01 14:15:00,SRNE
6.84,6.85,6.8,6.8,142954,2021-10-01 14:16:00,SRNE
6.805,6.8285,6.795,6.795,122433,2021-10-01 14:17:00,SRNE
6.7971,6.8,6.76,6.775,124984,2021-10-01 14:18:00,SRNE
6.7701,6.79,6.76,6.79,169224,2021-10-01 14:19:00,SRNE
6.79,6.825,6.77,6.825,166509,2021-10-01 14:20:00,SRNE
6.8212,6.86,6.815,6.825,115099,2021-10-01 14:21:00,SRNE
6.83,6.83,6.8,6.8087,69277,2021-10-01 14:22:00,SRNE
6.805,6.805,6.78,6.79,78784,2021-10-01 14:23:00,SRNE
6.8,6.82,6.78,6.79,71600,2021-10-01 14:24:00,SRNE
6.785,6.82,6.78,6.795,128198,2021-10-01 14:25:00,SRNE
6.7979,6.82,6.7907,6.8129,34343,2021-10-01 14:26:00,SRNE
6.815,6.85,6.81,6.8499,45319,2021-10-01 14:27:00,SRNE
6.845,6.88,6.83,6.8575,116494,2021-10-01 14:28:00,SRNE
6.855,6.91,6.855,6.91,141470,2021-10-01 14:29:00,SRNE
6.92,6.93,6.905,6.91,61839,2021-10-01 14:30:00,SRNE
6.91,6.92,6.86,6.862,53173,2021-10-01 14:31:00,SRNE
6.8668,6.87,6.86,6.865,77574,2021-10-01 14:32:00,SRNE
6.865,6.87,6.84,6.8471,20894,2021-10-01 14:33:00,SRNE
6.8476,6.8476,6.82,6.82,34570,2021-10-01 14:34:00,SRNE
6.8261,6.84,6.8,6.835,74591,2021-10-01 14:35:00,SRNE
6.838,6.8386,6.8,6.805,27904,2021-10-01 14:36:00,SRNE
6.801,6.81,6.8,6.81,85496,2021-10-01 14:37:00,SRNE
6.81,6.92,6.805,6.84,109953,2021-10-01 14:38:00,SRNE
6.85,6.8501,6.83,6.835,31678,2021-10-01 14:39:00,SRNE
6.84,6.86,6.83,6.8395,53070,2021-10-01 14:40:00,SRNE
6.835,6.8381,6.82,6.8223,48662,2021-10-01 14:41:00,SRNE
6.83,6.87,6.83,6.865,34781,2021-10-01 14:42:00,SRNE
6.8675,6.88,6.863,6.88,13933,2021-10-01 14:43:00,SRNE
6.8785,6.89,6.875,6.885,11245,2021-10-01 14:44:00,SRNE
6.89,6.89,6.88,6.887,10703,2021-10-01 14:45:00,SRNE
6.8899,6.89,6.8801,6.89,31791,2021-10-01 14:46:00,SRNE
6.89,6.9299,6.89,6.9091,39721,2021-10-01 14:47:00,SRNE
6.905,6.92,6.905,6.92,9861,2021-10-01 14:48:00,SRNE
6.92,6.93,6.905,6.9293,33441,2021-10-01 14:49:00,SRNE
6.9285,6.95,6.92,6.9444,41412,2021-10-01 14:50:00,SRNE
6.94,6.94,6.92,6.9269,19041,2021-10-01 14:51:00,SRNE
6.9213,6.9213,6.8901,6.8901,34461,2021-10-01 14:52:00,SRNE
6.895,6.9,6.89,6.897,24091,2021-10-01 14:53:00,SRNE
6.8901,6.9,6.89,6.895,15207,2021-10-01 14:54:00,SRNE
6.8979,6.9,6.89,6.895,6025,2021-10-01 14:55:00,SRNE
6.9,6.9,6.89,6.895,10109,2021-10-01 14:56:00,SRNE
6.89,6.8973,6.87,6.875,39537,2021-10-01 14:57:00,SRNE
6.875,6.888,6.87,6.885,54219,2021-10-01 14:58:00,SRNE
6.89,6.89,6.87,6.8715,15174,2021-10-01 14:59:00,SRNE
6.875,6.88,6.87,6.8772,4379,2021-10-01 15:00:00,SRNE
6.875,6.9,6.87,6.9,30429,2021-10-01 15:01:00,SRNE
6.91,6.94,6.9081,6.9391,13047,2021-10-01 15:02:00,SRNE
6.935,6.94,6.935,6.9375,4429,2021-10-01 15:03:00,SRNE
6.94,6.94,6.925,6.93,17300,2021-10-01 15:04:00,SRNE
6.93,6.93,6.92,6.9265,7800,2021-10-01 15:05:00,SRNE
6.9279,6.94,6.9279,6.9395,26798,2021-10-01 15:06:00,SRNE
6.935,6.94,6.9,6.9001,50449,2021-10-01 15:07:00,SRNE
6.9077,6.91,6.9,6.91,3350,2021-10-01 15:08:00,SRNE
6.908,6.91,6.9,6.9099,7591,2021-10-01 15:09:00,SRNE
6.905,6.91,6.9,6.905,28595,2021-10-01 15:10:00,SRNE
6.905,6.905,6.88,6.8899,13907,2021-10-01 15:11:00,SRNE
6.885,6.8899,6.8812,6.888,4100,2021-10-01 15:12:00,SRNE
6.88,6.885,6.7101,6.7821,627044,2021-10-01 15:13:00,SRNE
6.78,6.8,6.755,6.7657,64205,2021-10-01 15:14:00,SRNE
6.77,6.78,6.77,6.7799,11045,2021-10-01 15:15:00,SRNE
6.777,6.78,6.75,6.75,30862,2021-10-01 15:16:00,SRNE
6.745,6.75,6.72,6.725,44937,2021-10-01 15:17:00,SRNE
6.7284,6.73,6.723,6.7291,25928,2021-10-01 15:18:00,SRNE
6.73,6.77,6.725,6.77,57172,2021-10-01 15:19:00,SRNE
6.7673,6.77,6.76,6.765,14423,2021-10-01 15:20:00,SRNE
6.765,6.77,6.75,6.755,35917,2021-10-01 15:21:00,SRNE
6.755,6.76,6.752,6.755,15145,2021-10-01 15:22:00,SRNE
6.76,6.785,6.755,6.785,57091,2021-10-01 15:23:00,SRNE
6.785,6.8,6.78,6.795,19600,2021-10-01 15:24:00,SRNE
6.795,6.7999,6.7901,6.7988,11444,2021-10-01 15:25:00,SRNE
6.7948,6.8,6.765,6.7882,60691,2021-10-01 15:26:00,SRNE
6.79,6.79,6.78,6.7827,15858,2021-10-01 15:27:00,SRNE
6.7879,6.79,6.7824,6.785,14291,2021-10-01 15:28:00,SRNE
6.7899,6.7901,6.77,6.79,22300,2021-10-01 15:29:00,SRNE
6.795,6.83,6.795,6.8206,48474,2021-10-01 15:30:00,SRNE
6.8214,6.83,6.8214,6.83,19960,2021-10-01 15:31:00,SRNE
6.825,6.835,6.8222,6.835,9805,2021-10-01 15:32:00,SRNE
6.83,6.84,6.8,6.809,23717,2021-10-01 15:33:00,SRNE
6.805,6.81,6.79,6.8099,40920,2021-10-01 15:34:00,SRNE
6.81,6.815,6.795,6.795,9660,2021-10-01 15:35:00,SRNE
6.8,6.8,6.775,6.7774,35606,2021-10-01 15:36:00,SRNE
6.775,6.78,6.77,6.78,10041,2021-10-01 15:37:00,SRNE
6.773,6.7999,6.7725,6.7971,33542,2021-10-01 15:38:00,SRNE
6.7981,6.8,6.795,6.8,5000,2021-10-01 15:39:00,SRNE
6.8,6.81,6.795,6.8095,25226,2021-10-01 15:40:00,SRNE
6.81,6.81,6.78,6.79,16780,2021-10-01 15:41:00,SRNE
6.785,6.79,6.775,6.775,27632,2021-10-01 15:42:00,SRNE
6.7774,6.78,6.7706,6.7771,11154,2021-10-01 15:43:00,SRNE
6.7779,6.78,6.76,6.765,51920,2021-10-01 15:44:00,SRNE
6.7665,6.78,6.7618,6.7776,30084,2021-10-01 15:45:00,SRNE
6.775,6.79,6.775,6.79,16986,2021-10-01 15:46:00,SRNE
6.785,6.79,6.78,6.7884,28798,2021-10-01 15:47:00,SRNE
6.79,6.79,6.783,6.785,10409,2021-10-01 15:48:00,SRNE
6.79,6.8,6.7899,6.795,11144,2021-10-01 15:49:00,SRNE
6.8,6.84,6.8,6.83,54613,2021-10-01 15:50:00,SRNE
6.83,6.84,6.825,6.835,16840,2021-10-01 15:51:00,SRNE
6.835,6.85,6.835,6.838,21088,2021-10-01 15:52:00,SRNE
6.84,6.85,6.83,6.835,17242,2021-10-01 15:53:00,SRNE
6.835,6.835,6.825,6.825,18795,2021-10-01 15:54:00,SRNE
6.82,6.82,6.81,6.815,15330,2021-10-01 15:55:00,SRNE
6.815,6.86,6.81,6.855,72317,2021-10-01 15:56:00,SRNE
6.86,6.9,6.86,6.895,47421,2021-10-01 15:57:00,SRNE
6.895,6.9,6.88,6.8874,38864,2021-10-01 15:58:00,SRNE
6.88,6.8858,6.86,6.865,30099,2021-10-01 15:59:00,SRNE
6.865,6.8699,6.86,6.86,25119,2021-10-01 16:00:00,SRNE
6.855,6.8599,6.841,6.8414,21138,2021-10-01 16:01:00,SRNE
6.8499,6.8499,6.83,6.8301,7410,2021-10-01 16:02:00,SRNE
6.8311,6.84,6.83,6.8301,17326,2021-10-01 16:03:00,SRNE
6.835,6.84,6.83,6.835,25637,2021-10-01 16:04:00,SRNE
6.8384,6.86,6.835,6.855,22271,2021-10-01 16:05:00,SRNE
6.8529,6.87,6.8529,6.8632,20668,2021-10-01 16:06:00,SRNE
6.86,6.87,6.85,6.855,13767,2021-10-01 16:07:00,SRNE
6.857,6.857,6.8515,6.8515,4300,2021-10-01 16:08:00,SRNE
6.8599,6.86,6.83,6.835,22994,2021-10-01 16:09:00,SRNE
6.835,6.84,6.8301,6.835,22004,2021-10-01 16:10:00,SRNE
6.835,6.84,6.835,6.84,1100,2021-10-01 16:11:00,SRNE
6.835,6.84,6.8313,6.8399,5145,2021-10-01 16:12:00,SRNE
6.835,6.8399,6.8329,6.835,12663,2021-10-01 16:13:00,SRNE
6.83,6.8399,6.8201,6.825,33051,2021-10-01 16:14:00,SRNE
6.825,6.83,6.82,6.8299,16616,2021-10-01 16:15:00,SRNE
6.825,6.83,6.82,6.83,1410,2021-10-01 16:16:00,SRNE
6.8289,6.83,6.81,6.8169,13472,2021-10-01 16:17:00,SRNE
6.81,6.818,6.81,6.815,13580,2021-10-01 16:18:00,SRNE
6.8196,6.8196,6.8101,6.815,2879,2021-10-01 16:19:00,SRNE
6.815,6.82,6.81,6.8173,22988,2021-10-01 16:20:00,SRNE
6.815,6.8199,6.81,6.815,3500,2021-10-01 16:21:00,SRNE
6.815,6.82,6.81,6.815,15789,2021-10-01 16:22:00,SRNE
6.815,6.82,6.81,6.82,8200,2021-10-01 16:23:00,SRNE
6.82,6.82,6.81,6.82,4640,2021-10-01 16:24:00,SRNE
6.815,6.82,6.8125,6.815,20162,2021-10-01 16:25:00,SRNE
6.8121,6.82,6.8121,6.815,1050,2021-10-01 16:26:00,SRNE
6.8168,6.82,6.81,6.813,5347,2021-10-01 16:27:00,SRNE
6.815,6.82,6.81,6.8199,7600,2021-10-01 16:28:00,SRNE
6.82,6.82,6.815,6.819,3523,2021-10-01 16:29:00,SRNE
6.815,6.815,6.8001,6.8096,25764,2021-10-01 16:30:00,SRNE
6.81,6.81,6.8015,6.805,4553,2021-10-01 16:31:00,SRNE
6.8091,6.81,6.8043,6.81,15114,2021-10-01 16:32:00,SRNE
6.81,6.82,6.805,6.82,37857,2021-10-01 16:33:00,SRNE
6.8196,6.82,6.8117,6.8117,8681,2021-10-01 16:34:00,SRNE
6.815,6.82,6.8108,6.82,14699,2021-10-01 16:35:00,SRNE
6.8146,6.82,6.81,6.815,13700,2021-10-01 16:36:00,SRNE
6.815,6.82,6.8,6.8001,13136,2021-10-01 16:37:00,SRNE
6.805,6.8099,6.8,6.805,10981,2021-10-01 16:38:00,SRNE
6.8074,6.8099,6.8,6.8099,6741,2021-10-01 16:39:00,SRNE
6.805,6.81,6.8001,6.8069,6000,2021-10-01 16:40:00,SRNE
6.81,6.81,6.8025,6.8086,9344,2021-10-01 16:41:00,SRNE
6.81,6.81,6.8,6.81,7859,2021-10-01 16:42:00,SRNE
6.805,6.81,6.8,6.805,5812,2021-10-01 16:43:00,SRNE
6.8092,6.81,6.8,6.8,34916,2021-10-01 16:44:00,SRNE
6.805,6.81,6.8,6.805,18469,2021-10-01 16:45:00,SRNE
6.805,6.81,6.8016,6.81,6858,2021-10-01 16:46:00,SRNE
6.805,6.815,6.8001,6.815,36641,2021-10-01 16:47:00,SRNE
6.815,6.83,6.811,6.825,55433,2021-10-01 16:48:00,SRNE
6.82,6.83,6.82,6.83,12913,2021-10-01 16:49:00,SRNE
6.825,6.83,6.825,6.825,4570,2021-10-01 16:50:00,SRNE
6.83,6.83,6.8207,6.8279,18947,2021-10-01 16:51:00,SRNE
6.825,6.83,6.825,6.825,5902,2021-10-01 16:52:00,SRNE
6.83,6.83,6.8227,6.8277,8237,2021-10-01 16:53:00,SRNE
6.83,6.83,6.82,6.83,17514,2021-10-01 16:54:00,SRNE
6.825,6.83,6.822,6.83,15630,2021-10-01 16:55:00,SRNE
6.83,6.84,6.8208,6.84,94347,2021-10-01 16:56:00,SRNE
6.8329,6.84,6.82,6.8282,40639,2021-10-01 16:57:00,SRNE
6.82,6.8241,6.8,6.805,20402,2021-10-01 16:58:00,SRNE
6.8,6.81,6.8,6.805,11008,2021-10-01 16:59:00,SRNE
6.8099,6.82,6.8,6.805,79155,2021-10-01 17:00:00,SRNE
6.801,6.81,6.775,6.783,164785,2021-10-01 17:01:00,SRNE
6.789,6.79,6.78,6.785,12818,2021-10-01 17:02:00,SRNE
6.783,6.79,6.76,6.7683,49412,2021-10-01 17:03:00,SRNE
6.765,6.77,6.7601,6.765,12568,2021-10-01 17:04:00,SRNE
6.7677,6.77,6.765,6.7672,26418,2021-10-01 17:05:00,SRNE
6.765,6.77,6.7632,6.765,13224,2021-10-01 17:06:00,SRNE
6.77,6.79,6.765,6.79,24997,2021-10-01 17:07:00,SRNE
6.78,6.79,6.78,6.79,8582,2021-10-01 17:08:00,SRNE
6.785,6.79,6.78,6.79,15680,2021-10-01 17:09:00,SRNE
6.785,6.79,6.7832,6.785,11450,2021-10-01 17:10:00,SRNE
6.785,6.79,6.78,6.785,9118,2021-10-01 17:11:00,SRNE
6.785,6.79,6.78,6.785,2587,2021-10-01 17:12:00,SRNE
6.79,6.79,6.78,6.785,7220,2021-10-01 17:13:00,SRNE
6.7873,6.7899,6.78,6.785,3127,2021-10-01 17:14:00,SRNE
6.785,6.7899,6.78,6.78,8360,2021-10-01 17:15:00,SRNE
6.785,6.7899,6.785,6.785,4940,2021-10-01 17:16:00,SRNE
6.785,6.79,6.78,6.785,6025,2021-10-01 17:17:00,SRNE
6.785,6.79,6.78,6.78,14149,2021-10-01 17:18:00,SRNE
6.785,6.79,6.78,6.79,5721,2021-10-01 17:19:00,SRNE
6.785,6.79,6.7819,6.785,5326,2021-10-01 17:20:00,SRNE
6.7899,6.7899,6.785,6.785,4100,2021-10-01 17:21:00,SRNE
6.79,6.79,6.78,6.785,3822,2021-10-01 17:22:00,SRNE
6.79,6.79,6.785,6.788,32073,2021-10-01 17:23:00,SRNE
6.785,6.79,6.7801,6.79,12732,2021-10-01 17:24:00,SRNE
6.7899,6.79,6.78,6.79,17830,2021-10-01 17:25:00,SRNE
6.785,6.79,6.7801,6.785,8300,2021-10-01 17:26:00,SRNE
6.785,6.79,6.785,6.785,4125,2021-10-01 17:27:00,SRNE
6.785,6.79,6.7801,6.785,28519,2021-10-01 17:28:00,SRNE
6.7854,6.79,6.775,6.7785,36072,2021-10-01 17:29:00,SRNE
6.775,6.78,6.7701,6.775,9491,2021-10-01 17:30:00,SRNE
6.7763,6.78,6.7701,6.775,64083,2021-10-01 17:31:00,SRNE
6.775,6.8,6.7701,6.7998,108687,2021-10-01 17:32:00,SRNE
6.795,6.83,6.795,6.8299,61778,2021-10-01 17:33:00,SRNE
6.83,6.83,6.8,6.8,36825,2021-10-01 17:34:00,SRNE
6.7901,6.7992,6.78,6.78,5200,2021-10-01 17:35:00,SRNE
6.78,6.78,6.775,6.775,10416,2021-10-01 17:36:00,SRNE
6.775,6.78,6.7714,6.78,8752,2021-10-01 17:37:00,SRNE
6.78,6.78,6.76,6.76,14736,2021-10-01 17:38:00,SRNE
6.7622,6.77,6.76,6.76,12871,2021-10-01 17:39:00,SRNE
6.77,6.77,6.76,6.76,20130,2021-10-01 17:40:00,SRNE
6.765,6.77,6.76,6.7673,11960,2021-10-01 17:41:00,SRNE
6.765,6.77,6.76,6.7699,30222,2021-10-01 17:42:00,SRNE
6.77,6.77,6.7601,6.765,26596,2021-10-01 17:43:00,SRNE
6.7601,6.77,6.76,6.7699,7896,2021-10-01 17:44:00,SRNE
6.7682,6.77,6.7601,6.7601,13550,2021-10-01 17:45:00,SRNE
6.77,6.77,6.7601,6.77,5565,2021-10-01 17:46:00,SRNE
6.765,6.77,6.7601,6.765,18207,2021-10-01 17:47:00,SRNE
6.77,6.77,6.7601,6.77,10250,2021-10-01 17:48:00,SRNE
6.77,6.77,6.764,6.7673,19180,2021-10-01 17:49:00,SRNE
6.77,6.77,6.7627,6.765,10448,2021-10-01 17:50:00,SRNE
6.77,6.77,6.75,6.755,37746,2021-10-01 17:51:00,SRNE
6.755,6.76,6.75,6.755,40338,2021-10-01 17:52:00,SRNE
6.7556,6.7577,6.75,6.75,7600,2021-10-01 17:53:00,SRNE
6.7599,6.76,6.75,6.7599,18694,2021-10-01 17:54:00,SRNE
6.755,6.76,6.75,6.76,4764,2021-10-01 17:55:00,SRNE
6.75,6.76,6.75,6.75,5400,2021-10-01 17:56:00,SRNE
6.755,6.7599,6.75,6.755,7676,2021-10-01 17:57:00,SRNE
6.7581,6.76,6.755,6.755,16849,2021-10-01 17:58:00,SRNE
6.7599,6.76,6.7501,6.76,21844,2021-10-01 17:59:00,SRNE
6.755,6.76,6.755,6.755,10444,2021-10-01 18:00:00,SRNE
6.755,6.76,6.754,6.7585,38836,2021-10-01 18:01:00,SRNE
6.76,6.76,6.7501,6.76,5678,2021-10-01 18:02:00,SRNE
6.7573,6.76,6.7522,6.76,9496,2021-10-01 18:03:00,SRNE
6.76,6.78,6.752,6.775,96829,2021-10-01 18:04:00,SRNE
6.78,6.78,6.7731,6.775,10402,2021-10-01 18:05:00,SRNE
6.775,6.78,6.755,6.7585,51060,2021-10-01 18:06:00,SRNE
6.755,6.76,6.751,6.758,18929,2021-10-01 18:07:00,SRNE
6.7523,6.76,6.7523,6.755,32650,2021-10-01 18:08:00,SRNE
6.755,6.76,6.75,6.76,3149,2021-10-01 18:09:00,SRNE
6.755,6.76,6.75,6.7568,63088,2021-10-01 18:10:00,SRNE
6.75,6.755,6.72,6.72,382768,2021-10-01 18:11:00,SRNE
6.725,6.73,6.7101,6.725,224731,2021-10-01 18:12:00,SRNE
6.7227,6.73,6.72,6.72,23052,2021-10-01 18:13:00,SRNE
6.725,6.73,6.72,6.725,26177,2021-10-01 18:14:00,SRNE
6.721,6.7299,6.721,6.725,3408,2021-10-01 18:15:00,SRNE
6.7299,6.73,6.72,6.7273,12324,2021-10-01 18:16:00,SRNE
6.7283,6.73,6.7201,6.7201,4580,2021-10-01 18:17:00,SRNE
6.725,6.73,6.7217,6.725,12623,2021-10-01 18:18:00,SRNE
6.725,6.73,6.7201,6.725,2608,2021-10-01 18:19:00,SRNE
6.725,6.73,6.7201,6.725,7418,2021-10-01 18:20:00,SRNE
6.725,6.73,6.7201,6.725,5866,2021-10-01 18:21:00,SRNE
6.725,6.73,6.72,6.725,49813,2021-10-01 18:22:00,SRNE
6.725,6.73,6.7201,6.725,15981,2021-10-01 18:23:00,SRNE
6.729,6.73,6.72,6.72,9008,2021-10-01 18:24:00,SRNE
6.725,6.73,6.72,6.7201,72981,2021-10-01 18:25:00,SRNE
6.7201,6.7299,6.72,6.72,15838,2021-10-01 18:26:00,SRNE
6.725,6.7251,6.71,6.7101,56761,2021-10-01 18:27:00,SRNE
6.713,6.72,6.68,6.68,142168,2021-10-01 18:28:00,SRNE
6.6806,6.72,6.67,6.72,207817,2021-10-01 18:29:00,SRNE
6.715,6.72,6.71,6.7179,34343,2021-10-01 18:30:00,SRNE
6.72,6.73,6.715,6.73,38526,2021-10-01 18:31:00,SRNE
6.7274,6.73,6.7,6.705,68499,2021-10-01 18:32:00,SRNE
6.705,6.7078,6.7,6.705,11640,2021-10-01 18:33:00,SRNE
6.71,6.71,6.681,6.681,20572,2021-10-01 18:34:00,SRNE
6.68,6.69,6.665,6.665,22090,2021-10-01 18:35:00,SRNE
6.6685,6.67,6.66,6.66,65665,2021-10-01 18:36:00,SRNE
6.6662,6.6682,6.6625,6.6632,6418,2021-10-01 18:37:00,SRNE
6.6611,6.67,6.6609,6.6672,15253,2021-10-01 18:38:00,SRNE
6.665,6.67,6.66,6.67,28955,2021-10-01 18:39:00,SRNE
6.665,6.67,6.66,6.66,59198,2021-10-01 18:40:00,SRNE
6.6683,6.67,6.64,6.64,84978,2021-10-01 18:41:00,SRNE
6.6482,6.6498,6.635,6.635,51924,2021-10-01 18:42:00,SRNE
6.637,6.64,6.63,6.64,80620,2021-10-01 18:43:00,SRNE
6.64,6.67,6.63,6.67,123871,2021-10-01 18:44:00,SRNE
6.6699,6.68,6.665,6.675,57297,2021-10-01 18:45:00,SRNE
6.68,6.68,6.655,6.657,24471,2021-10-01 18:46:00,SRNE
6.6599,6.6599,6.645,6.645,20536,2021-10-01 18:47:00,SRNE
6.645,6.65,6.64,6.645,52766,2021-10-01 18:48:00,SRNE
6.65,6.67,6.6458,6.67,70366,2021-10-01 18:49:00,SRNE
6.67,6.69,6.6658,6.6877,37445,2021-10-01 18:50:00,SRNE
6.6888,6.69,6.65,6.6599,44754,2021-10-01 18:51:00,SRNE
6.6599,6.66,6.65,6.66,8240,2021-10-01 18:52:00,SRNE
6.655,6.655,6.62,6.62,112517,2021-10-01 18:53:00,SRNE
6.62,6.62,6.61,6.615,53885,2021-10-01 18:54:00,SRNE
6.6181,6.62,6.6101,6.62,61561,2021-10-01 18:55:00,SRNE
6.615,6.62,6.61,6.61,14802,2021-10-01 18:56:00,SRNE
6.615,6.65,6.61,6.6477,114442,2021-10-01 18:57:00,SRNE
6.65,6.65,6.64,6.649,48031,2021-10-01 18:58:00,SRNE
6.645,6.645,6.62,6.63,60552,2021-10-01 18:59:00,SRNE
6.625,6.63,6.61,6.6101,32501,2021-10-01 19:00:00,SRNE
6.615,6.635,6.61,6.6171,126410,2021-10-01 19:01:00,SRNE
6.615,6.6299,6.611,6.611,48843,2021-10-01 19:02:00,SRNE
6.62,6.62,6.61,6.6101,24292,2021-10-01 19:03:00,SRNE
6.615,6.62,6.61,6.62,60777,2021-10-01 19:04:00,SRNE
6.615,6.63,6.615,6.625,75765,2021-10-01 19:05:00,SRNE
6.625,6.63,6.6,6.6101,160379,2021-10-01 19:06:00,SRNE
6.6197,6.63,6.61,6.6287,92069,2021-10-01 19:07:00,SRNE
6.6287,6.64,6.6287,6.64,26900,2021-10-01 19:08:00,SRNE
6.6385,6.64,6.63,6.635,34112,2021-10-01 19:09:00,SRNE
6.64,6.65,6.61,6.615,76893,2021-10-01 19:10:00,SRNE
6.62,6.62,6.61,6.61,44731,2021-10-01 19:11:00,SRNE
6.61,6.62,6.61,6.612,54193,2021-10-01 19:12:00,SRNE
6.6189,6.6189,6.6,6.605,41125,2021-10-01 19:13:00,SRNE
6.605,6.64,6.605,6.64,58171,2021-10-01 19:14:00,SRNE
6.64,6.64,6.63,6.64,29294,2021-10-01 19:15:00,SRNE
6.64,6.64,6.635,6.64,26983,2021-10-01 19:16:00,SRNE
6.64,6.64,6.63,6.6301,65040,2021-10-01 19:17:00,SRNE
6.6399,6.66,6.635,6.65,99424,2021-10-01 19:18:00,SRNE
6.655,6.66,6.65,6.6568,64789,2021-10-01 19:19:00,SRNE
6.6515,6.68,6.6515,6.675,60730,2021-10-01 19:20:00,SRNE
6.6767,6.7,6.67,6.7,62032,2021-10-01 19:21:00,SRNE
6.695,6.71,6.69,6.7086,53829,2021-10-01 19:22:00,SRNE
6.7079,6.7079,6.67,6.67,48624,2021-10-01 19:23:00,SRNE
6.675,6.6769,6.66,6.665,52017,2021-10-01 19:24:00,SRNE
6.6607,6.67,6.6607,6.665,29404,2021-10-01 19:25:00,SRNE
6.665,6.67,6.66,6.6688,25438,2021-10-01 19:26:00,SRNE
6.67,6.715,6.67,6.7,67449,2021-10-01 19:27:00,SRNE
6.705,6.71,6.7016,6.71,31353,2021-10-01 19:28:00,SRNE
6.7001,6.72,6.7001,6.72,30253,2021-10-01 19:29:00,SRNE
6.715,6.7291,6.71,6.7291,49721,2021-10-01 19:30:00,SRNE
6.7299,6.73,6.7201,6.725,25214,2021-10-01 19:31:00,SRNE
6.7238,6.73,6.72,6.73,37525,2021-10-01 19:32:00,SRNE
6.725,6.73,6.7,6.7177,59412,2021-10-01 19:33:00,SRNE
6.7177,6.73,6.715,6.73,65192,2021-10-01 19:34:00,SRNE
6.725,6.73,6.72,6.725,10581,2021-10-01 19:35:00,SRNE
6.72,6.73,6.72,6.725,35547,2021-10-01 19:36:00,SRNE
6.725,6.73,6.72,6.723,46671,2021-10-01 19:37:00,SRNE
6.7201,6.73,6.72,6.725,24877,2021-10-01 19:38:00,SRNE
6.7279,6.73,6.72,6.725,50879,2021-10-01 19:39:00,SRNE
6.725,6.73,6.71,6.715,72726,2021-10-01 19:40:00,SRNE
6.715,6.73,6.7119,6.73,33666,2021-10-01 19:41:00,SRNE
6.725,6.73,6.72,6.73,24566,2021-10-01 19:42:00,SRNE
6.725,6.75,6.72,6.75,63942,2021-10-01 19:43:00,SRNE
6.745,6.75,6.74,6.75,30181,2021-10-01 19:44:00,SRNE
6.75,6.75,6.74,6.75,25391,2021-10-01 19:45:00,SRNE
6.745,6.75,6.72,6.72,55869,2021-10-01 19:46:00,SRNE
6.725,6.73,6.72,6.725,26736,2021-10-01 19:47:00,SRNE
6.73,6.73,6.71,6.725,87582,2021-10-01 19:48:00,SRNE
6.725,6.74,6.72,6.725,37365,2021-10-01 19:49:00,SRNE
6.725,6.74,6.72,6.735,42152,2021-10-01 19:50:00,SRNE
6.74,6.7479,6.7301,6.74,42587,2021-10-01 19:51:00,SRNE
6.745,6.76,6.74,6.76,122244,2021-10-01 19:52:00,SRNE
6.755,6.77,6.755,6.76,32128,2021-10-01 19:53:00,SRNE
6.765,6.78,6.765,6.775,70407,2021-10-01 19:54:00,SRNE
6.775,6.8,6.77,6.8,99184,2021-10-01 19:55:00,SRNE
6.8,6.81,6.7945,6.8023,41606,2021-10-01 19:56:00,SRNE
6.805,6.81,6.77,6.795,132180,2021-10-01 19:57:00,SRNE
6.79,6.81,6.79,6.805,122514,2021-10-01 19:58:00,SRNE
6.805,6.82,6.8,6.82,182506,2021-10-01 19:59:00,SRNE
6.82,6.82,6.82,6.82,279139,2021-10-01 20:00:00,SRNE
6.86,6.86,6.86,6.86,500,2021-10-01 20:01:00,SRNE
6.84,6.86,6.84,6.86,1100,2021-10-01 20:02:00,SRNE
6.86,6.86,6.8401,6.85,1421,2021-10-01 20:03:00,SRNE
6.85,6.9,6.85,6.9,11390,2021-10-01 20:05:00,SRNE
6.88,6.88,6.88,6.88,300,2021-10-01 20:07:00,SRNE
6.85,6.85,6.85,6.85,5600,2021-10-01 20:08:00,SRNE
6.87,6.87,6.87,6.87,100,2021-10-01 20:09:00,SRNE
6.85,6.85,6.85,6.85,1704,2021-10-01 20:10:00,SRNE
6.87,6.87,6.87,6.87,3000,2021-10-01 20:12:00,SRNE
6.84,6.84,6.84,6.84,500,2021-10-01 20:14:00,SRNE
6.84,6.85,6.84,6.85,2735,2021-10-01 20:16:00,SRNE
6.86,6.86,6.86,6.86,1200,2021-10-01 20:17:00,SRNE
6.87,6.87,6.87,6.87,100,2021-10-01 20:19:00,SRNE
6.86,6.86,6.86,6.86,500,2021-10-01 20:20:00,SRNE
6.85,6.86,6.85,6.85,835,2021-10-01 20:21:00,SRNE
6.85,6.85,6.85,6.85,100,2021-10-01 20:22:00,SRNE
6.85,6.85,6.85,6.85,200,2021-10-01 20:23:00,SRNE
6.86,6.86,6.84,6.84,7386,2021-10-01 20:25:00,SRNE
6.83,6.83,6.83,6.83,1200,2021-10-01 20:31:00,SRNE
6.82,6.82,6.82,6.82,3600,2021-10-01 20:32:00,SRNE
6.84,6.85,6.84,6.85,440,2021-10-01 20:33:00,SRNE
6.82,6.82,6.82,6.82,300,2021-10-01 20:34:00,SRNE
6.84,6.84,6.83,6.83,2700,2021-10-01 20:37:00,SRNE
6.84,6.84,6.84,6.84,100,2021-10-01 20:40:00,SRNE
6.84,6.84,6.84,6.84,100,2021-10-01 20:42:00,SRNE
6.84,6.84,6.84,6.84,3071,2021-10-01 20:43:00,SRNE
6.86,6.86,6.86,6.86,1400,2021-10-01 20:44:00,SRNE
6.85,6.85,6.85,6.85,300,2021-10-01 20:45:00,SRNE
6.85,6.85,6.85,6.85,4505,2021-10-01 20:46:00,SRNE
6.86,6.86,6.86,6.86,200,2021-10-01 20:47:00,SRNE
6.86,6.86,6.86,6.86,870,2021-10-01 20:48:00,SRNE
6.85,6.85,6.83,6.83,246,2021-10-01 20:49:00,SRNE
6.85,6.85,6.85,6.85,100,2021-10-01 20:51:00,SRNE
6.83,6.83,6.83,6.83,400,2021-10-01 20:53:00,SRNE
6.8399,6.8399,6.8399,6.8399,200,2021-10-01 20:54:00,SRNE
6.84,6.85,6.84,6.85,351,2021-10-01 20:55:00,SRNE
6.85,6.85,6.85,6.85,100,2021-10-01 20:56:00,SRNE
6.86,6.86,6.85,6.85,548,2021-10-01 20:58:00,SRNE
6.85,6.85,6.85,6.85,100,2021-10-01 20:59:00,SRNE
6.86,6.86,6.86,6.86,300,2021-10-01 21:01:00,SRNE
6.86,6.86,6.86,6.86,530,2021-10-01 21:02:00,SRNE
6.86,6.86,6.86,6.86,100,2021-10-01 21:04:00,SRNE
6.86,6.86,6.86,6.86,350,2021-10-01 21:08:00,SRNE
6.85,6.85,6.85,6.85,300,2021-10-01 21:09:00,SRNE
6.85,6.85,6.84,6.84,200,2021-10-01 21:10:00,SRNE
6.81,6.81,6.81,6.81,153,2021-10-01 21:12:00,SRNE
6.84,6.84,6.84,6.84,190,2021-10-01 21:15:00,SRNE
6.84,6.84,6.84,6.84,510,2021-10-01 21:21:00,SRNE
6.85,6.85,6.85,6.85,200,2021-10-01 21:22:00,SRNE
6.84,6.84,6.84,6.84,100,2021-10-01 21:25:00,SRNE
6.84,6.84,6.84,6.84,100,2021-10-01 21:27:00,SRNE
6.84,6.84,6.84,6.84,200,2021-10-01 21:33:00,SRNE
6.85,6.85,6.85,6.85,120,2021-10-01 21:36:00,SRNE
6.86,6.86,6.86,6.86,200,2021-10-01 21:38:00,SRNE
6.86,6.86,6.86,6.86,300,2021-10-01 21:39:00,SRNE
6.86,6.86,6.86,6.86,535,2021-10-01 21:40:00,SRNE
6.86,6.87,6.86,6.87,1200,2021-10-01 21:41:00,SRNE
6.87,6.87,6.87,6.87,200,2021-10-01 21:42:00,SRNE
6.87,6.87,6.86,6.86,916,2021-10-01 21:43:00,SRNE
6.86,6.86,6.86,6.86,826,2021-10-01 21:46:00,SRNE
6.85,6.85,6.85,6.85,100,2021-10-01 21:48:00,SRNE
6.86,6.86,6.86,6.86,100,2021-10-01 21:49:00,SRNE
6.87,6.88,6.87,6.88,1259,2021-10-01 21:53:00,SRNE
6.88,6.88,6.88,6.88,1151,2021-10-01 21:55:00,SRNE
6.88,6.88,6.88,6.88,2000,2021-10-01 21:56:00,SRNE
6.88,6.88,6.88,6.88,1000,2021-10-01 21:59:00,SRNE
6.88,6.88,6.86,6.86,3747,2021-10-01 22:00:00,SRNE
6.89,6.89,6.89,6.89,10000,2021-10-01 22:05:00,SRNE
6.89,6.89,6.89,6.89,1200,2021-10-01 22:06:00,SRNE
6.88,6.88,6.88,6.88,300,2021-10-01 22:10:00,SRNE
6.86,6.86,6.86,6.86,3500,2021-10-01 22:11:00,SRNE
6.88,6.88,6.88,6.88,1188,2021-10-01 22:12:00,SRNE
6.9,6.9,6.9,6.9,300,2021-10-01 22:13:00,SRNE
6.89,6.89,6.89,6.89,300,2021-10-01 22:15:00,SRNE
6.89,6.89,6.89,6.89,300,2021-10-01 22:16:00,SRNE
6.88,6.88,6.88,6.88,5500,2021-10-01 22:17:00,SRNE
6.88,6.88,6.88,6.88,100,2021-10-01 22:19:00,SRNE
6.88,6.88,6.88,6.88,2000,2021-10-01 22:22:00,SRNE
6.89,6.9,6.89,6.9,500,2021-10-01 22:23:00,SRNE
6.88,6.88,6.88,6.88,200,2021-10-01 22:25:00,SRNE
6.88,6.88,6.88,6.88,400,2021-10-01 22:27:00,SRNE
6.88,6.88,6.88,6.88,120,2021-10-01 22:29:00,SRNE
6.88,6.88,6.88,6.88,498,2021-10-01 22:30:00,SRNE
6.88,6.88,6.88,6.88,100,2021-10-01 22:34:00,SRNE
6.89,6.89,6.89,6.89,200,2021-10-01 22:36:00,SRNE
6.89,6.89,6.89,6.89,200,2021-10-01 22:39:00,SRNE
6.89,6.89,6.89,6.89,300,2021-10-01 22:41:00,SRNE
6.89,6.89,6.88,6.89,1240,2021-10-01 22:42:00,SRNE
6.88,6.88,6.88,6.88,1148,2021-10-01 22:49:00,SRNE
6.88,6.88,6.88,6.88,579,2021-10-01 22:50:00,SRNE
6.89,6.89,6.89,6.89,100,2021-10-01 22:51:00,SRNE
6.88,6.88,6.88,6.88,1800,2021-10-01 22:55:00,SRNE
6.88,6.88,6.88,6.88,1000,2021-10-01 22:56:00,SRNE
6.88,6.88,6.88,6.88,500,2021-10-01 22:57:00,SRNE
6.88,6.88,6.88,6.88,500,2021-10-01 22:59:00,SRNE
6.88,6.88,6.88,6.88,600,2021-10-01 23:00:00,SRNE
6.88,6.88,6.88,6.88,490,2021-10-01 23:01:00,SRNE
6.88,6.89,6.88,6.88,2075,2021-10-01 23:02:00,SRNE
6.89,6.89,6.88,6.88,1255,2021-10-01 23:06:00,SRNE
6.88,6.88,6.88,6.88,100,2021-10-01 23:07:00,SRNE
6.87,6.87,6.87,6.87,1000,2021-10-01 23:22:00,SRNE
6.87,6.87,6.87,6.87,100,2021-10-01 23:26:00,SRNE
6.87,6.87,6.87,6.87,1445,2021-10-01 23:29:00,SRNE
6.8999,6.8999,6.8999,6.8999,1000,2021-10-01 23:31:00,SRNE
6.87,6.87,6.87,6.87,100,2021-10-01 23:33:00,SRNE
6.87,6.87,6.87,6.87,200,2021-10-01 23:39:00,SRNE
6.88,6.88,6.88,6.88,700,2021-10-01 23:57:00,SRNE
6.87,6.87,6.87,6.87,2400,2021-10-01 23:59:00,SRNE
6.87,6.87,6.87,6.87,112,2021-10-04 08:12:00,SRNE
6.86,6.86,6.86,6.86,100,2021-10-04 11:02:00,SRNE
6.86,6.86,6.86,6.86,500,2021-10-04 11:03:00,SRNE
6.86,6.86,6.86,6.86,100,2021-10-04 11:05:00,SRNE
6.84,6.84,6.84,6.84,100,2021-10-04 11:15:00,SRNE
6.83,6.83,6.83,6.83,100,2021-10-04 11:21:00,SRNE
6.81,6.81,6.81,6.81,200,2021-10-04 11:22:00,SRNE
6.8,6.8,6.8,6.8,100,2021-10-04 11:23:00,SRNE
6.8,6.8,6.8,6.8,100,2021-10-04 11:24:00,SRNE
6.79,6.79,6.79,6.79,100,2021-10-04 11:25:00,SRNE
6.78,6.78,6.78,6.78,100,2021-10-04 11:32:00,SRNE
6.73,6.73,6.73,6.73,185,2021-10-04 11:35:00,SRNE
6.71,6.71,6.71,6.71,484,2021-10-04 11:39:00,SRNE
6.76,6.76,6.75,6.76,780,2021-10-04 11:55:00,SRNE
6.78,6.78,6.78,6.78,1790,2021-10-04 11:56:00,SRNE
6.85,6.86,6.85,6.86,200,2021-10-04 11:58:00,SRNE
6.79,6.79,6.79,6.79,1200,2021-10-04 12:05:00,SRNE
6.78,6.78,6.78,6.78,100,2021-10-04 12:07:00,SRNE
6.77,6.77,6.77,6.77,300,2021-10-04 12:16:00,SRNE
6.76,6.76,6.76,6.76,100,2021-10-04 12:18:00,SRNE
6.75,6.75,6.75,6.75,300,2021-10-04 12:19:00,SRNE
6.75,6.75,6.75,6.75,100,2021-10-04 12:21:00,SRNE
6.75,6.75,6.75,6.75,110,2021-10-04 12:26:00,SRNE
6.73,6.73,6.72,6.72,1000,2021-10-04 12:28:00,SRNE
6.71,6.71,6.71,6.71,1898,2021-10-04 12:29:00,SRNE
6.72,6.74,6.72,6.74,800,2021-10-04 12:30:00,SRNE
6.73,6.73,6.72,6.72,1440,2021-10-04 12:31:00,SRNE
6.7201,6.7201,6.7201,6.7201,600,2021-10-04 12:33:00,SRNE
6.7301,6.7301,6.7301,6.7301,300,2021-10-04 12:35:00,SRNE
6.7401,6.7401,6.7401,6.7401,600,2021-10-04 12:38:00,SRNE
6.7401,6.7401,6.7401,6.7401,500,2021-10-04 12:40:00,SRNE
6.75,6.75,6.75,6.75,1163,2021-10-04 12:41:00,SRNE
6.8,6.8,6.8,6.8,100,2021-10-04 12:44:00,SRNE
6.8099,6.8099,6.8099,6.8099,200,2021-10-04 12:47:00,SRNE
6.79,6.79,6.79,6.79,200,2021-10-04 12:49:00,SRNE
6.78,6.78,6.78,6.78,100,2021-10-04 12:50:00,SRNE
6.78,6.78,6.78,6.78,115,2021-10-04 12:51:00,SRNE
6.785,6.785,6.72,6.72,14880,2021-10-04 12:53:00,SRNE
6.72,6.72,6.7101,6.7101,2800,2021-10-04 12:54:00,SRNE
6.73,6.73,6.72,6.72,600,2021-10-04 12:55:00,SRNE
6.725,6.725,6.72,6.72,400,2021-10-04 12:56:00,SRNE
6.72,6.72,6.72,6.72,300,2021-10-04 12:57:00,SRNE
6.73,6.73,6.73,6.73,387,2021-10-04 12:58:00,SRNE
6.71,6.72,6.71,6.72,2091,2021-10-04 12:59:00,SRNE
6.73,6.74,6.73,6.74,794,2021-10-04 13:00:00,SRNE
6.74,6.74,6.74,6.74,1063,2021-10-04 13:01:00,SRNE
6.74,6.74,6.74,6.74,1000,2021-10-04 13:02:00,SRNE
6.7401,6.7401,6.7401,6.7401,200,2021-10-04 13:03:00,SRNE
6.75,6.75,6.75,6.75,746,2021-10-04 13:04:00,SRNE
6.74,6.74,6.74,6.74,7000,2021-10-04 13:06:00,SRNE
6.74,6.74,6.74,6.74,600,2021-10-04 13:09:00,SRNE
6.74,6.75,6.71,6.75,3730,2021-10-04 13:11:00,SRNE
6.72,6.74,6.72,6.74,325,2021-10-04 13:12:00,SRNE
6.71,6.71,6.71,6.71,6649,2021-10-04 13:15:00,SRNE
6.72,6.72,6.7101,6.7101,3400,2021-10-04 13:16:00,SRNE
6.72,6.72,6.72,6.72,200,2021-10-04 13:17:00,SRNE
6.73,6.73,6.73,6.73,500,2021-10-04 13:18:00,SRNE
6.73,6.73,6.72,6.72,300,2021-10-04 13:20:00,SRNE
6.7201,6.73,6.7201,6.73,1150,2021-10-04 13:21:00,SRNE
6.7201,6.7201,6.72,6.72,600,2021-10-04 13:22:00,SRNE
6.72,6.72,6.72,6.72,301,2021-10-04 13:23:00,SRNE
6.71,6.71,6.71,6.71,500,2021-10-04 13:27:00,SRNE
6.71,6.71,6.61,6.611,159497,2021-10-04 13:30:00,SRNE
6.621,6.6299,6.6,6.605,141660,2021-10-04 13:31:00,SRNE
6.605,6.63,6.56,6.61,228487,2021-10-04 13:32:00,SRNE
6.61,6.62,6.6,6.605,36683,2021-10-04 13:33:00,SRNE
6.605,6.625,6.6,6.615,67783,2021-10-04 13:34:00,SRNE
6.615,6.618,6.6,6.615,62369,2021-10-04 13:35:00,SRNE
6.615,6.64,6.61,6.6197,46728,2021-10-04 13:36:00,SRNE
6.615,6.625,6.59,6.595,40684,2021-10-04 13:37:00,SRNE
6.5916,6.63,6.59,6.62,60077,2021-10-04 13:38:00,SRNE
6.625,6.63,6.6201,6.6279,78552,2021-10-04 13:39:00,SRNE
6.6277,6.63,6.58,6.59,82946,2021-10-04 13:40:00,SRNE
6.595,6.6,6.59,6.595,26752,2021-10-04 13:41:00,SRNE
6.59,6.6,6.58,6.5979,51079,2021-10-04 13:42:00,SRNE
6.6,6.6,6.56,6.56,38085,2021-10-04 13:43:00,SRNE
6.561,6.57,6.56,6.56,27200,2021-10-04 13:44:00,SRNE
6.5608,6.57,6.525,6.525,60036,2021-10-04 13:45:00,SRNE
6.5225,6.526,6.51,6.511,54132,2021-10-04 13:46:00,SRNE
6.515,6.5199,6.51,6.51,37846,2021-10-04 13:47:00,SRNE
6.52,6.54,6.51,6.51,119886,2021-10-04 13:48:00,SRNE
6.515,6.52,6.5,6.52,61146,2021-10-04 13:49:00,SRNE
6.5173,6.52,6.51,6.5103,18933,2021-10-04 13:50:00,SRNE
6.52,6.53,6.515,6.525,39984,2021-10-04 13:51:00,SRNE
6.5286,6.545,6.5246,6.545,22095,2021-10-04 13:52:00,SRNE
6.55,6.58,6.55,6.58,74995,2021-10-04 13:53:00,SRNE
6.58,6.58,6.57,6.5778,29453,2021-10-04 13:54:00,SRNE
6.58,6.6,6.5705,6.59,31009,2021-10-04 13:55:00,SRNE
6.5809,6.5981,6.58,6.5829,7355,2021-10-04 13:56:00,SRNE
6.59,6.625,6.59,6.6106,106724,2021-10-04 13:57:00,SRNE
6.615,6.62,6.614,6.62,6582,2021-10-04 13:58:00,SRNE
6.615,6.62,6.6101,6.6199,7983,2021-10-04 13:59:00,SRNE
6.6113,6.62,6.6,6.605,11731,2021-10-04 14:00:00,SRNE
6.605,6.605,6.59,6.5928,24446,2021-10-04 14:01:00,SRNE
6.595,6.595,6.59,6.595,1652,2021-10-04 14:02:00,SRNE
6.595,6.6,6.59,6.59,8528,2021-10-04 14:03:00,SRNE
6.6,6.6,6.57,6.57,12772,2021-10-04 14:04:00,SRNE
6.5707,6.58,6.57,6.5719,18876,2021-10-04 14:05:00,SRNE
6.571,6.571,6.56,6.57,7273,2021-10-04 14:06:00,SRNE
6.565,6.565,6.55,6.5573,20104,2021-10-04 14:07:00,SRNE
6.558,6.5599,6.55,6.555,3556,2021-10-04 14:08:00,SRNE
6.5501,6.5599,6.5501,6.555,6725,2021-10-04 14:09:00,SRNE
6.55,6.56,6.542,6.555,65229,2021-10-04 14:10:00,SRNE
6.555,6.5599,6.54,6.545,8367,2021-10-04 14:11:00,SRNE
6.54,6.55,6.54,6.545,4400,2021-10-04 14:12:00,SRNE
6.54,6.54,6.5301,6.535,6479,2021-10-04 14:13:00,SRNE
6.535,6.54,6.53,6.5376,8072,2021-10-04 14:14:00,SRNE
6.535,6.5387,6.5301,6.535,6454,2021-10-04 14:15:00,SRNE
6.535,6.5388,6.53,6.535,4769,2021-10-04 14:16:00,SRNE
6.535,6.54,6.53,6.535,6757,2021-10-04 14:17:00,SRNE
6.535,6.56,6.535,6.55,45676,2021-10-04 14:18:00,SRNE
6.54,6.54,6.52,6.528,22401,2021-10-04 14:19:00,SRNE
6.525,6.54,6.52,6.535,29586,2021-10-04 14:20:00,SRNE
6.535,6.54,6.53,6.54,21063,2021-10-04 14:21:00,SRNE
6.5372,6.54,6.532,6.54,12780,2021-10-04 14:22:00,SRNE
6.54,6.56,6.54,6.545,11810,2021-10-04 14:23:00,SRNE
6.54,6.55,6.54,6.545,21412,2021-10-04 14:24:00,SRNE
6.545,6.555,6.54,6.545,30472,2021-10-04 14:25:00,SRNE
6.5416,6.5472,6.5401,6.545,2200,2021-10-04 14:26:00,SRNE
6.5472,6.5472,6.53,6.535,14232,2021-10-04 14:27:00,SRNE
6.535,6.54,6.53,6.5301,9677,2021-10-04 14:28:00,SRNE
6.53,6.53,6.5225,6.5288,19032,2021-10-04 14:29:00,SRNE
6.525,6.5299,6.52,6.52,8563,2021-10-04 14:30:00,SRNE
6.52,6.525,6.485,6.488,212485,2021-10-04 14:31:00,SRNE
6.485,6.485,6.46,6.4699,96431,2021-10-04 14:32:00,SRNE
6.46,6.47,6.46,6.4601,54087,2021-10-04 14:33:00,SRNE
6.4673,6.49,6.4601,6.49,47373,2021-10-04 14:34:00,SRNE
6.4899,6.4899,6.4,6.425,209751,2021-10-04 14:35:00,SRNE
6.425,6.45,6.425,6.445,45963,2021-10-04 14:36:00,SRNE
6.445,6.45,6.43,6.43,15520,2021-10-04 14:37:00,SRNE
6.43,6.43,6.4204,6.4219,19132,2021-10-04 14:38:00,SRNE
6.425,6.43,6.41,6.425,47208,2021-10-04 14:39:00,SRNE
6.4299,6.4299,6.4,6.4093,36121,2021-10-04 14:40:00,SRNE
6.4,6.42,6.4,6.42,31268,2021-10-04 14:41:00,SRNE
6.415,6.43,6.4101,6.425,33350,2021-10-04 14:42:00,SRNE
6.425,6.43,6.423,6.43,14927,2021-10-04 14:43:00,SRNE
6.43,6.45,6.425,6.448,22568,2021-10-04 14:44:00,SRNE
6.45,6.45,6.43,6.435,11298,2021-10-04 14:45:00,SRNE
6.43,6.43,6.42,6.42,29933,2021-10-04 14:46:00,SRNE
6.4299,6.43,6.42,6.42,4200,2021-10-04 14:47:00,SRNE
6.425,6.43,6.42,6.425,4632,2021-10-04 14:48:00,SRNE
6.425,6.45,6.42,6.4499,18020,2021-10-04 14:49:00,SRNE
6.441,6.45,6.441,6.445,9779,2021-10-04 14:50:00,SRNE
6.4499,6.45,6.445,6.445,18315,2021-10-04 14:51:00,SRNE
6.45,6.46,6.45,6.45,11673,2021-10-04 14:52:00,SRNE
6.445,6.45,6.43,6.435,10642,2021-10-04 14:53:00,SRNE
6.4394,6.4394,6.42,6.425,22365,2021-10-04 14:54:00,SRNE
6.425,6.43,6.4101,6.42,16990,2021-10-04 14:55:00,SRNE
6.42,6.43,6.4126,6.43,28848,2021-10-04 14:56:00,SRNE
6.4281,6.44,6.4281,6.432,13393,2021-10-04 14:57:00,SRNE
6.44,6.44,6.435,6.44,14130,2021-10-04 14:58:00,SRNE
6.44,6.46,6.44,6.46,19699,2021-10-04 14:59:00,SRNE
6.46,6.48,6.455,6.46,16768,2021-10-04 15:00:00,SRNE
6.457,6.4584,6.445,6.445,3309,2021-10-04 15:01:00,SRNE
6.44,6.449,6.43,6.43,5200,2021-10-04 15:02:00,SRNE
6.44,6.44,6.43,6.4371,13126,2021-10-04 15:03:00,SRNE
6.435,6.44,6.4325,6.435,4286,2021-10-04 15:04:00,SRNE
6.435,6.44,6.432,6.4376,4171,2021-10-04 15:05:00,SRNE
6.435,6.44,6.4301,6.44,16070,2021-10-04 15:06:00,SRNE
6.44,6.445,6.43,6.445,41075,2021-10-04 15:07:00,SRNE
6.445,6.45,6.42,6.425,27945,2021-10-04 15:08:00,SRNE
6.43,6.43,6.42,6.425,19359,2021-10-04 15:09:00,SRNE
6.43,6.44,6.4212,6.435,28378,2021-10-04 15:10:00,SRNE
6.432,6.44,6.43,6.435,16155,2021-10-04 15:11:00,SRNE
6.435,6.44,6.4308,6.435,9675,2021-10-04 15:12:00,SRNE
6.435,6.45,6.435,6.445,42884,2021-10-04 15:13:00,SRNE
6.449,6.46,6.445,6.46,13842,2021-10-04 15:14:00,SRNE
6.46,6.47,6.46,6.47,27859,2021-10-04 15:15:00,SRNE
6.47,6.49,6.4669,6.49,21823,2021-10-04 15:16:00,SRNE
6.49,6.5,6.49,6.5,8010,2021-10-04 15:17:00,SRNE
6.5,6.54,6.495,6.54,18705,2021-10-04 15:18:00,SRNE
6.535,6.55,6.53,6.53,19272,2021-10-04 15:19:00,SRNE
6.53,6.55,6.525,6.545,18100,2021-10-04 15:20:00,SRNE
6.55,6.55,6.54,6.545,17213,2021-10-04 15:21:00,SRNE
6.55,6.57,6.55,6.565,43381,2021-10-04 15:22:00,SRNE
6.565,6.57,6.5637,6.57,25724,2021-10-04 15:23:00,SRNE
6.57,6.575,6.56,6.5601,10292,2021-10-04 15:24:00,SRNE
6.5601,6.57,6.56,6.565,5649,2021-10-04 15:25:00,SRNE
6.565,6.58,6.56,6.58,28544,2021-10-04 15:26:00,SRNE
6.575,6.5883,6.57,6.575,22057,2021-10-04 15:27:00,SRNE
6.5748,6.5748,6.53,6.54,20214,2021-10-04 15:28:00,SRNE
6.5311,6.54,6.53,6.54,6605,2021-10-04 15:29:00,SRNE
6.535,6.54,6.5308,6.535,8532,2021-10-04 15:30:00,SRNE
6.535,6.54,6.5306,6.54,6300,2021-10-04 15:31:00,SRNE
6.535,6.54,6.525,6.525,8280,2021-10-04 15:32:00,SRNE
6.53,6.55,6.53,6.55,13187,2021-10-04 15:33:00,SRNE
6.55,6.55,6.5401,6.55,4201,2021-10-04 15:34:00,SRNE
6.55,6.55,6.5435,6.545,6654,2021-10-04 15:35:00,SRNE
6.545,6.56,6.545,6.555,10432,2021-10-04 15:36:00,SRNE
6.555,6.59,6.55,6.585,47252,2021-10-04 15:37:00,SRNE
6.585,6.59,6.58,6.59,25198,2021-10-04 15:38:00,SRNE
6.585,6.59,6.56,6.57,62618,2021-10-04 15:39:00,SRNE
6.57,6.58,6.56,6.57,17452,2021-10-04 15:40:00,SRNE
6.565,6.57,6.56,6.565,5354,2021-10-04 15:41:00,SRNE
6.565,6.57,6.56,6.565,9421,2021-10-04 15:42:00,SRNE
6.57,6.57,6.5634,6.57,11238,2021-10-04 15:43:00,SRNE
6.57,6.58,6.57,6.58,2292,2021-10-04 15:44:00,SRNE
6.575,6.58,6.575,6.575,4400,2021-10-04 15:45:00,SRNE
6.575,6.58,6.5701,6.5727,6530,2021-10-04 15:46:00,SRNE
6.575,6.58,6.5701,6.5797,12300,2021-10-04 15:47:00,SRNE
6.575,6.58,6.5714,6.5774,5575,2021-10-04 15:48:00,SRNE
6.575,6.575,6.56,6.565,4968,2021-10-04 15:49:00,SRNE
6.56,6.57,6.56,6.565,9200,2021-10-04 15:50:00,SRNE
6.565,6.57,6.56,6.565,4455,2021-10-04 15:51:00,SRNE
6.5617,6.57,6.56,6.57,3427,2021-10-04 15:52:00,SRNE
6.565,6.57,6.5619,6.57,890,2021-10-04 15:53:00,SRNE
6.5673,6.57,6.5608,6.57,5853,2021-10-04 15:54:00,SRNE
6.5699,6.5699,6.55,6.56,12231,2021-10-04 15:55:00,SRNE
6.555,6.56,6.555,6.56,1768,2021-10-04 15:56:00,SRNE
6.56,6.56,6.5515,6.555,2520,2021-10-04 15:57:00,SRNE
6.56,6.56,6.5501,6.555,4300,2021-10-04 15:58:00,SRNE
6.56,6.56,6.5536,6.555,3400,2021-10-04 15:59:00,SRNE
6.56,6.56,6.5501,6.555,2700,2021-10-04 16:00:00,SRNE
6.56,6.56,6.55,6.555,3400,2021-10-04 16:01:00,SRNE
6.555,6.56,6.5508,6.56,6690,2021-10-04 16:02:00,SRNE
6.555,6.56,6.555,6.555,4201,2021-10-04 16:03:00,SRNE
6.555,6.56,6.5501,6.555,5477,2021-10-04 16:04:00,SRNE
6.5577,6.56,6.53,6.535,14735,2021-10-04 16:05:00,SRNE
6.53,6.53,6.5208,6.525,10726,2021-10-04 16:06:00,SRNE
6.523,6.53,6.523,6.525,2500,2021-10-04 16:07:00,SRNE
6.52,6.53,6.52,6.527,1553,2021-10-04 16:08:00,SRNE
6.525,6.53,6.525,6.525,2935,2021-10-04 16:09:00,SRNE
6.5277,6.53,6.5223,6.525,2695,2021-10-04 16:10:00,SRNE
6.525,6.57,6.525,6.565,48307,2021-10-04 16:11:00,SRNE
6.565,6.57,6.565,6.565,9000,2021-10-04 16:12:00,SRNE
6.565,6.58,6.5601,6.575,18544,2021-10-04 16:13:00,SRNE
6.5755,6.59,6.575,6.5801,12241,2021-10-04 16:14:00,SRNE
6.585,6.585,6.5801,6.585,1200,2021-10-04 16:15:00,SRNE
6.59,6.59,6.5801,6.59,4048,2021-10-04 16:16:00,SRNE
6.585,6.59,6.585,6.585,3655,2021-10-04 16:17:00,SRNE
6.585,6.585,6.585,6.585,500,2021-10-04 16:18:00,SRNE
6.585,6.5899,6.56,6.565,14127,2021-10-04 16:19:00,SRNE
6.565,6.57,6.5616,6.5616,2300,2021-10-04 16:20:00,SRNE
6.565,6.57,6.56,6.57,3000,2021-10-04 16:21:00,SRNE
6.56,6.57,6.56,6.565,16225,2021-10-04 16:22:00,SRNE
6.568,6.57,6.56,6.565,4995,2021-10-04 16:23:00,SRNE
6.5607,6.57,6.56,6.565,2000,2021-10-04 16:24:00,SRNE
6.565,6.565,6.563,6.565,6100,2021-10-04 16:25:00,SRNE
6.565,6.5679,6.565,6.565,1400,2021-10-04 16:26:00,SRNE
6.565,6.57,6.56,6.565,3888,2021-10-04 16:27:00,SRNE
6.565,6.57,6.565,6.565,2109,2021-10-04 16:28:00,SRNE
6.57,6.57,6.561,6.57,3224,2021-10-04 16:29:00,SRNE
6.565,6.57,6.565,6.565,3114,2021-10-04 16:30:00,SRNE
6.57,6.57,6.5614,6.57,4300,2021-10-04 16:31:00,SRNE
6.57,6.57,6.565,6.565,7700,2021-10-04 16:32:00,SRNE
6.565,6.565,6.53,6.535,26282,2021-10-04 16:33:00,SRNE
6.53,6.54,6.53,6.535,6188,2021-10-04 16:34:00,SRNE
6.535,6.54,6.535,6.535,500,2021-10-04 16:35:00,SRNE
6.53,6.54,6.53,6.535,2924,2021-10-04 16:36:00,SRNE
6.535,6.54,6.51,6.51,14357,2021-10-04 16:37:00,SRNE
6.515,6.52,6.5,6.505,13553,2021-10-04 16:38:00,SRNE
6.505,6.515,6.505,6.515,20245,2021-10-04 16:39:00,SRNE
6.515,6.52,6.515,6.515,5223,2021-10-04 16:40:00,SRNE
6.515,6.52,6.515,6.515,1700,2021-10-04 16:41:00,SRNE
6.52,6.54,6.515,6.54,17855,2021-10-04 16:42:00,SRNE
6.535,6.54,6.535,6.535,6974,2021-10-04 16:43:00,SRNE
6.5399,6.5399,6.525,6.53,12069,2021-10-04 16:44:00,SRNE
6.53,6.53,6.5201,6.53,9717,2021-10-04 16:45:00,SRNE
6.525,6.5301,6.52,6.52,12531,2021-10-04 16:46:00,SRNE
6.515,6.52,6.515,6.52,589,2021-10-04 16:47:00,SRNE
6.51,6.52,6.51,6.5199,1400,2021-10-04 16:48:00,SRNE
6.51,6.52,6.51,6.515,1000,2021-10-04 16:49:00,SRNE
6.515,6.52,6.5101,6.5101,3259,2021-10-04 16:50:00,SRNE
6.515,6.52,6.5,6.5,4500,2021-10-04 16:51:00,SRNE
6.505,6.51,6.505,6.51,17693,2021-10-04 16:52:00,SRNE
6.51,6.52,6.51,6.515,23614,2021-10-04 16:53:00,SRNE
6.52,6.525,6.5127,6.525,3047,2021-10-04 16:54:00,SRNE
6.52,6.525,6.52,6.525,1283,2021-10-04 16:55:00,SRNE
6.52,6.52,6.52,6.52,200,2021-10-04 16:56:00,SRNE
6.52,6.529,6.52,6.5206,5000,2021-10-04 16:57:00,SRNE
6.5201,6.5201,6.505,6.505,22925,2021-10-04 16:58:00,SRNE
6.51,6.51,6.5,6.505,4695,2021-10-04 16:59:00,SRNE
6.505,6.5077,6.5,6.5,2671,2021-10-04 17:00:00,SRNE
6.5,6.505,6.455,6.475,96164,2021-10-04 17:01:00,SRNE
6.475,6.48,6.47,6.475,12429,2021-10-04 17:02:00,SRNE
6.4731,6.48,6.4701,6.48,2177,2021-10-04 17:03:00,SRNE
6.48,6.48,6.472,6.4793,4800,2021-10-04 17:04:00,SRNE
6.48,6.48,6.4701,6.475,3663,2021-10-04 17:05:00,SRNE
6.48,6.48,6.4721,6.475,5201,2021-10-04 17:06:00,SRNE
6.48,6.48,6.4729,6.48,7574,2021-10-04 17:07:00,SRNE
6.48,6.49,6.47,6.48,27298,2021-10-04 17:08:00,SRNE
6.475,6.48,6.4701,6.475,6100,2021-10-04 17:09:00,SRNE
6.48,6.48,6.4701,6.48,3193,2021-10-04 17:10:00,SRNE
6.4799,6.48,6.475,6.475,4548,2021-10-04 17:11:00,SRNE
6.48,6.48,6.4707,6.48,2021,2021-10-04 17:12:00,SRNE
6.475,6.48,6.475,6.4782,6478,2021-10-04 17:13:00,SRNE
6.48,6.48,6.475,6.475,852,2021-10-04 17:14:00,SRNE
6.4781,6.48,6.4746,6.4746,4231,2021-10-04 17:15:00,SRNE
6.475,6.48,6.47,6.475,5700,2021-10-04 17:16:00,SRNE
6.475,6.48,6.475,6.477,2491,2021-10-04 17:17:00,SRNE
6.475,6.48,6.475,6.4771,2632,2021-10-04 17:18:00,SRNE
6.4701,6.48,6.4701,6.4759,6030,2021-10-04 17:19:00,SRNE
6.48,6.48,6.475,6.475,5396,2021-10-04 17:20:00,SRNE
6.4746,6.48,6.4715,6.48,11961,2021-10-04 17:21:00,SRNE
6.475,6.48,6.475,6.475,1967,2021-10-04 17:22:00,SRNE
6.475,6.48,6.475,6.475,1468,2021-10-04 17:23:00,SRNE
6.475,6.49,6.475,6.49,28048,2021-10-04 17:24:00,SRNE
6.485,6.49,6.485,6.49,4824,2021-10-04 17:25:00,SRNE
6.49,6.49,6.482,6.482,2122,2021-10-04 17:26:00,SRNE
6.485,6.485,6.455,6.4599,31226,2021-10-04 17:27:00,SRNE
6.4519,6.46,6.4519,6.46,2820,2021-10-04 17:28:00,SRNE
6.455,6.46,6.455,6.4575,4489,2021-10-04 17:29:00,SRNE
6.4558,6.46,6.4501,6.455,3495,2021-10-04 17:30:00,SRNE
6.46,6.46,6.4527,6.455,3003,2021-10-04 17:31:00,SRNE
6.46,6.46,6.4501,6.455,4424,2021-10-04 17:32:00,SRNE
6.455,6.46,6.45,6.46,5372,2021-10-04 17:33:00,SRNE
6.46,6.46,6.455,6.46,2873,2021-10-04 17:34:00,SRNE
6.46,6.46,6.4514,6.455,9538,2021-10-04 17:35:00,SRNE
6.46,6.46,6.455,6.46,873,2021-10-04 17:36:00,SRNE
6.46,6.46,6.455,6.4586,8699,2021-10-04 17:37:00,SRNE
6.455,6.46,6.455,6.455,2182,2021-10-04 17:38:00,SRNE
6.46,6.46,6.4519,6.455,1789,2021-10-04 17:39:00,SRNE
6.46,6.46,6.4516,6.455,3253,2021-10-04 17:40:00,SRNE
6.46,6.46,6.4502,6.4521,10479,2021-10-04 17:41:00,SRNE
6.455,6.47,6.452,6.465,18113,2021-10-04 17:42:00,SRNE
6.47,6.47,6.43,6.43,28639,2021-10-04 17:43:00,SRNE
6.4399,6.4399,6.4399,6.4399,300,2021-10-04 17:44:00,SRNE
6.4398,6.4398,6.435,6.435,600,2021-10-04 17:45:00,SRNE
6.44,6.44,6.435,6.435,5100,2021-10-04 17:46:00,SRNE
6.435,6.44,6.43,6.43,2200,2021-10-04 17:47:00,SRNE
6.435,6.44,6.4306,6.435,6655,2021-10-04 17:48:00,SRNE
6.435,6.44,6.43,6.43,5950,2021-10-04 17:49:00,SRNE
6.44,6.44,6.435,6.435,2200,2021-10-04 17:50:00,SRNE
6.44,6.44,6.43,6.4301,10664,2021-10-04 17:51:00,SRNE
6.435,6.4399,6.43,6.4301,2004,2021-10-04 17:52:00,SRNE
6.4301,6.44,6.43,6.44,1050,2021-10-04 17:53:00,SRNE
6.43,6.438,6.43,6.438,2101,2021-10-04 17:54:00,SRNE
6.435,6.44,6.435,6.4373,1550,2021-10-04 17:55:00,SRNE
6.435,6.44,6.4325,6.44,8829,2021-10-04 17:56:00,SRNE
6.43,6.44,6.43,6.435,9218,2021-10-04 17:57:00,SRNE
6.4399,6.44,6.4301,6.435,4900,2021-10-04 17:58:00,SRNE
6.4399,6.44,6.4304,6.435,13000,2021-10-04 17:59:00,SRNE
6.44,6.45,6.435,6.445,46695,2021-10-04 18:00:00,SRNE
6.44,6.45,6.44,6.45,15952,2021-10-04 18:01:00,SRNE
6.45,6.45,6.44,6.445,7617,2021-10-04 18:02:00,SRNE
6.45,6.46,6.45,6.455,17813,2021-10-04 18:03:00,SRNE
6.4573,6.46,6.455,6.46,5200,2021-10-04 18:04:00,SRNE
6.4599,6.46,6.45,6.455,4970,2021-10-04 18:05:00,SRNE
6.46,6.46,6.451,6.455,6806,2021-10-04 18:06:00,SRNE
6.4523,6.46,6.4523,6.46,7150,2021-10-04 18:07:00,SRNE
6.46,6.46,6.4522,6.455,11006,2021-10-04 18:08:00,SRNE
6.46,6.48,6.46,6.4783,44038,2021-10-04 18:09:00,SRNE
6.48,6.48,6.4718,6.4718,13759,2021-10-04 18:10:00,SRNE
6.4799,6.48,6.4706,6.475,18295,2021-10-04 18:11:00,SRNE
6.48,6.49,6.48,6.4875,9156,2021-10-04 18:12:00,SRNE
6.485,6.49,6.475,6.48,12093,2021-10-04 18:13:00,SRNE
6.48,6.48,6.475,6.475,2800,2021-10-04 18:14:00,SRNE
6.4797,6.48,6.47,6.475,31068,2021-10-04 18:15:00,SRNE
6.48,6.48,6.475,6.475,1300,2021-10-04 18:16:00,SRNE
6.475,6.48,6.475,6.478,2400,2021-10-04 18:17:00,SRNE
6.475,6.48,6.47,6.471,8516,2021-10-04 18:18:00,SRNE
6.47,6.473,6.455,6.455,9302,2021-10-04 18:19:00,SRNE
6.455,6.46,6.455,6.455,3800,2021-10-04 18:20:00,SRNE
6.455,6.46,6.455,6.455,1300,2021-10-04 18:21:00,SRNE
6.455,6.46,6.455,6.455,6220,2021-10-04 18:22:00,SRNE
6.455,6.46,6.455,6.46,2350,2021-10-04 18:23:00,SRNE
6.455,6.46,6.4501,6.455,5508,2021-10-04 18:24:00,SRNE
6.455,6.46,6.455,6.455,2070,2021-10-04 18:25:00,SRNE
6.46,6.46,6.45,6.455,2525,2021-10-04 18:26:00,SRNE
6.45,6.45,6.44,6.4401,20625,2021-10-04 18:27:00,SRNE
6.44,6.445,6.43,6.43,6316,2021-10-04 18:28:00,SRNE
6.435,6.44,6.435,6.44,4227,2021-10-04 18:29:00,SRNE
6.4319,6.44,6.4319,6.44,8161,2021-10-04 18:30:00,SRNE
6.435,6.4499,6.435,6.445,38483,2021-10-04 18:31:00,SRNE
6.4499,6.4499,6.435,6.4394,2249,2021-10-04 18:32:00,SRNE
6.435,6.44,6.4327,6.435,6290,2021-10-04 18:33:00,SRNE
6.4371,6.4371,6.43,6.435,3620,2021-10-04 18:34:00,SRNE
6.435,6.44,6.43,6.44,2415,2021-10-04 18:35:00,SRNE
6.44,6.44,6.4314,6.44,6563,2021-10-04 18:36:00,SRNE
6.44,6.45,6.44,6.45,15497,2021-10-04 18:37:00,SRNE
6.4499,6.45,6.4401,6.45,3920,2021-10-04 18:38:00,SRNE
6.445,6.4499,6.445,6.445,2200,2021-10-04 18:39:00,SRNE
6.445,6.45,6.4415,6.445,2000,2021-10-04 18:40:00,SRNE
6.45,6.45,6.4423,6.445,4200,2021-10-04 18:41:00,SRNE
6.4416,6.45,6.4402,6.445,5600,2021-10-04 18:42:00,SRNE
6.445,6.45,6.445,6.445,4300,2021-10-04 18:43:00,SRNE
6.45,6.45,6.44,6.445,2100,2021-10-04 18:44:00,SRNE
6.45,6.45,6.445,6.45,1900,2021-10-04 18:45:00,SRNE
6.445,6.45,6.4401,6.445,9586,2021-10-04 18:46:00,SRNE
6.445,6.45,6.4415,6.4499,9528,2021-10-04 18:47:00,SRNE
6.445,6.45,6.44,6.445,4660,2021-10-04 18:48:00,SRNE
6.4499,6.45,6.445,6.445,6400,2021-10-04 18:49:00,SRNE
6.445,6.45,6.445,6.445,1900,2021-10-04 18:50:00,SRNE
6.45,6.45,6.44,6.445,5002,2021-10-04 18:51:00,SRNE
6.445,6.45,6.445,6.445,1900,2021-10-04 18:52:00,SRNE
6.45,6.45,6.445,6.4492,2270,2021-10-04 18:53:00,SRNE
6.45,6.45,6.44,6.445,4297,2021-10-04 18:54:00,SRNE
6.445,6.45,6.44,6.445,2281,2021-10-04 18:55:00,SRNE
6.4473,6.45,6.445,6.445,5013,2021-10-04 18:56:00,SRNE
6.445,6.45,6.445,6.445,3830,2021-10-04 18:57:00,SRNE
6.445,6.45,6.44,6.4423,16620,2021-10-04 18:58:00,SRNE
6.445,6.445,6.425,6.425,32870,2021-10-04 18:59:00,SRNE
6.425,6.428,6.425,6.425,1120,2021-10-04 19:00:00,SRNE
6.425,6.43,6.42,6.4299,21618,2021-10-04 19:01:00,SRNE
6.425,6.43,6.42,6.425,9261,2021-10-04 19:02:00,SRNE
6.425,6.44,6.425,6.4363,62854,2021-10-04 19:03:00,SRNE
6.4399,6.4399,6.4322,6.435,1570,2021-10-04 19:04:00,SRNE
6.435,6.4374,6.43,6.4374,2570,2021-10-04 19:05:00,SRNE
6.435,6.44,6.4321,6.435,3538,2021-10-04 19:06:00,SRNE
6.435,6.44,6.43,6.435,8997,2021-10-04 19:07:00,SRNE
6.435,6.44,6.435,6.4398,2700,2021-10-04 19:08:00,SRNE
6.435,6.44,6.435,6.435,2809,2021-10-04 19:09:00,SRNE
6.435,6.44,6.435,6.435,2771,2021-10-04 19:10:00,SRNE
6.435,6.435,6.42,6.425,19071,2021-10-04 19:11:00,SRNE
6.425,6.4299,6.425,6.4299,10300,2021-10-04 19:12:00,SRNE
6.425,6.425,6.425,6.425,999,2021-10-04 19:13:00,SRNE
6.425,6.4291,6.4206,6.4291,1200,2021-10-04 19:14:00,SRNE
6.425,6.43,6.42,6.425,5418,2021-10-04 19:15:00,SRNE
6.425,6.43,6.425,6.425,2232,2021-10-04 19:16:00,SRNE
6.425,6.43,6.425,6.425,2213,2021-10-04 19:17:00,SRNE
6.425,6.43,6.4215,6.425,3770,2021-10-04 19:18:00,SRNE
6.4206,6.43,6.4,6.4001,119379,2021-10-04 19:19:00,SRNE
6.41,6.41,6.39,6.405,180726,2021-10-04 19:20:00,SRNE
6.41,6.44,6.41,6.435,90072,2021-10-04 19:21:00,SRNE
6.44,6.44,6.435,6.44,2254,2021-10-04 19:22:00,SRNE
6.44,6.44,6.435,6.435,2547,2021-10-04 19:23:00,SRNE
6.435,6.44,6.4338,6.44,959,2021-10-04 19:24:00,SRNE
6.44,6.44,6.435,6.44,3206,2021-10-04 19:25:00,SRNE
6.44,6.44,6.435,6.4399,10438,2021-10-04 19:26:00,SRNE
6.435,6.45,6.435,6.445,4786,2021-10-04 19:27:00,SRNE
6.445,6.47,6.442,6.465,46830,2021-10-04 19:28:00,SRNE
6.469,6.48,6.469,6.476,10551,2021-10-04 19:29:00,SRNE
6.48,6.48,6.425,6.425,68361,2021-10-04 19:30:00,SRNE
6.425,6.43,6.42,6.43,9736,2021-10-04 19:31:00,SRNE
6.425,6.43,6.42,6.425,16464,2021-10-04 19:32:00,SRNE
6.425,6.43,6.425,6.4272,4096,2021-10-04 19:33:00,SRNE
6.425,6.43,6.42,6.42,5505,2021-10-04 19:34:00,SRNE
6.425,6.425,6.41,6.41,14049,2021-10-04 19:35:00,SRNE
6.415,6.42,6.41,6.417,11790,2021-10-04 19:36:00,SRNE
6.42,6.42,6.4,6.405,21330,2021-10-04 19:37:00,SRNE
6.4,6.4094,6.4,6.4094,2600,2021-10-04 19:38:00,SRNE
6.405,6.41,6.4,6.4,8119,2021-10-04 19:39:00,SRNE
6.405,6.41,6.38,6.39,36730,2021-10-04 19:40:00,SRNE
6.385,6.39,6.3801,6.388,41442,2021-10-04 19:41:00,SRNE
6.385,6.4,6.385,6.395,38123,2021-10-04 19:42:00,SRNE
6.395,6.4,6.3901,6.395,10603,2021-10-04 19:43:00,SRNE
6.395,6.4,6.39,6.395,5228,2021-10-04 19:44:00,SRNE
6.3901,6.4,6.3901,6.395,11747,2021-10-04 19:45:00,SRNE
6.4,6.4,6.37,6.375,57791,2021-10-04 19:46:00,SRNE
6.3783,6.3783,6.3717,6.3783,6307,2021-10-04 19:47:00,SRNE
6.375,6.375,6.35,6.355,86436,2021-10-04 19:48:00,SRNE
6.355,6.37,6.35,6.36,71272,2021-10-04 19:49:00,SRNE
6.36,6.3601,6.34,6.35,56869,2021-10-04 19:50:00,SRNE
6.345,6.36,6.34,6.345,55475,2021-10-04 19:51:00,SRNE
6.3418,6.35,6.34,6.34,15546,2021-10-04 19:52:00,SRNE
6.345,6.35,6.33,6.335,58625,2021-10-04 19:53:00,SRNE
6.3399,6.34,6.33,6.34,18629,2021-10-04 19:54:00,SRNE
6.335,6.35,6.335,6.345,60147,2021-10-04 19:55:00,SRNE
6.35,6.35,6.34,6.345,34679,2021-10-04 19:56:00,SRNE
6.345,6.35,6.34,6.345,27715,2021-10-04 19:57:00,SRNE
6.345,6.35,6.34,6.345,52632,2021-10-04 19:58:00,SRNE
6.345,6.35,6.34,6.35,77977,2021-10-04 19:59:00,SRNE
6.35,6.35,6.35,6.35,167974,2021-10-04 20:00:00,SRNE
6.5,6.5,6.5,6.5,500,2021-10-04 20:01:00,SRNE
6.51,6.51,6.51,6.51,372,2021-10-04 20:02:00,SRNE
6.5,6.51,6.5,6.51,1882,2021-10-04 20:11:00,SRNE
6.51,6.51,6.51,6.51,2300,2021-10-04 20:12:00,SRNE
6.51,6.51,6.51,6.51,3116,2021-10-04 20:13:00,SRNE
6.4899,6.4899,6.48,6.48,1775,2021-10-04 20:15:00,SRNE
6.4799,6.4799,6.4799,6.4799,100,2021-10-04 20:16:00,SRNE
6.38,6.38,6.38,6.38,251,2021-10-04 20:19:00,SRNE
6.39,6.39,6.39,6.39,200,2021-10-04 20:28:00,SRNE
6.41,6.41,6.41,6.41,600,2021-10-04 20:33:00,SRNE
6.38,6.38,6.38,6.38,2406,2021-10-04 20:34:00,SRNE
6.36,6.36,6.33,6.33,658,2021-10-04 20:36:00,SRNE
6.35,6.35,6.35,6.35,200,2021-10-04 20:37:00,SRNE
6.35,6.35,6.34,6.34,665,2021-10-04 20:38:00,SRNE
6.34,6.35,6.34,6.35,1000,2021-10-04 20:39:00,SRNE
6.35,6.35,6.34,6.34,400,2021-10-04 20:43:00,SRNE
6.34,6.34,6.31,6.32,5400,2021-10-04 20:45:00,SRNE
6.32,6.32,6.31,6.31,2123,2021-10-04 20:47:00,SRNE
6.32,6.32,6.32,6.32,500,2021-10-04 20:48:00,SRNE
6.34,6.34,6.3201,6.3201,1400,2021-10-04 20:55:00,SRNE
6.35,6.35,6.35,6.35,200,2021-10-04 20:58:00,SRNE
6.33,6.35,6.33,6.35,1420,2021-10-04 21:04:00,SRNE
6.35,6.35,6.35,6.35,1500,2021-10-04 21:07:00,SRNE
6.37,6.38,6.37,6.37,398,2021-10-04 21:08:00,SRNE
6.38,6.4,6.38,6.4,400,2021-10-04 21:09:00,SRNE
6.38,6.38,6.38,6.38,152,2021-10-04 21:10:00,SRNE
6.39,6.4,6.39,6.4,852,2021-10-04 21:12:00,SRNE
6.39,6.4,6.39,6.4,1122,2021-10-04 21:13:00,SRNE
6.4,6.4,6.4,6.4,100,2021-10-04 21:14:00,SRNE
6.4,6.4,6.4,6.4,100,2021-10-04 21:20:00,SRNE
6.4499,6.4499,6.4499,6.4499,150,2021-10-04 21:24:00,SRNE
6.4,6.4,6.4,6.4,200,2021-10-04 21:25:00,SRNE
6.4,6.4,6.4,6.4,100,2021-10-04 21:27:00,SRNE
6.41,6.41,6.39,6.39,1199,2021-10-04 21:28:00,SRNE
6.38,6.38,6.38,6.38,1000,2021-10-04 21:43:00,SRNE
6.36,6.36,6.36,6.36,3000,2021-10-04 21:49:00,SRNE
6.36,6.36,6.36,6.36,500,2021-10-04 21:59:00,SRNE
6.37,6.37,6.37,6.37,472,2021-10-04 22:14:00,SRNE
6.37,6.37,6.37,6.37,1500,2021-10-04 22:30:00,SRNE
6.37,6.37,6.37,6.37,3000,2021-10-04 22:31:00,SRNE
6.37,6.37,6.37,6.37,500,2021-10-04 22:33:00,SRNE
6.37,6.37,6.37,6.37,107,2021-10-04 22:38:00,SRNE
6.38,6.38,6.38,6.38,1979,2021-10-04 22:41:00,SRNE
6.38,6.38,6.38,6.38,935,2021-10-04 22:54:00,SRNE
6.37,6.37,6.37,6.37,178,2021-10-04 23:00:00,SRNE
6.36,6.36,6.36,6.36,1171,2021-10-04 23:01:00,SRNE
6.3799,6.3799,6.3799,6.3799,200,2021-10-04 23:10:00,SRNE
6.36,6.36,6.36,6.36,100,2021-10-04 23:17:00,SRNE
6.38,6.38,6.38,6.38,150,2021-10-04 23:22:00,SRNE
6.39,6.39,6.38,6.38,756,2021-10-04 23:23:00,SRNE
6.37,6.4,6.37,6.4,1000,2021-10-04 23:24:00,SRNE
6.3799,6.3799,6.3799,6.3799,250,2021-10-04 23:26:00,SRNE
6.38,6.38,6.38,6.38,450,2021-10-04 23:27:00,SRNE
6.38,6.38,6.37,6.37,1400,2021-10-04 23:29:00,SRNE
6.36,6.36,6.36,6.36,400,2021-10-04 23:33:00,SRNE
6.38,6.38,6.38,6.38,559,2021-10-04 23:37:00,SRNE
6.38,6.38,6.38,6.38,300,2021-10-04 23:39:00,SRNE
6.36,6.36,6.35,6.35,500,2021-10-04 23:51:00,SRNE
6.35,6.35,6.35,6.35,400,2021-10-04 23:53:00,SRNE
6.35,6.35,6.35,6.35,1000,2021-10-04 23:58:00,SRNE
6.39,6.39,6.39,6.39,500,2021-10-05 10:04:00,SRNE
6.4,6.4,6.4,6.4,500,2021-10-05 10:47:00,SRNE
6.47,6.47,6.47,6.47,100,2021-10-05 11:01:00,SRNE
6.46,6.46,6.46,6.46,100,2021-10-05 11:09:00,SRNE
6.43,6.43,6.43,6.43,100,2021-10-05 11:31:00,SRNE
6.43,6.43,6.42,6.42,813,2021-10-05 11:36:00,SRNE
6.42,6.42,6.42,6.42,1425,2021-10-05 11:39:00,SRNE
6.41,6.41,6.41,6.41,300,2021-10-05 11:43:00,SRNE
6.41,6.41,6.41,6.41,500,2021-10-05 12:08:00,SRNE
6.4,6.4,6.4,6.4,1000,2021-10-05 12:14:00,SRNE
6.41,6.41,6.41,6.41,1250,2021-10-05 12:21:00,SRNE
6.41,6.41,6.41,6.41,100,2021-10-05 12:27:00,SRNE
6.46,6.46,6.46,6.46,500,2021-10-05 12:41:00,SRNE
6.4399,6.4399,6.4399,6.4399,150,2021-10-05 12:43:00,SRNE
6.41,6.41,6.41,6.41,1000,2021-10-05 12:57:00,SRNE
6.41,6.4199,6.41,6.4199,604,2021-10-05 12:58:00,SRNE
6.42,6.42,6.4199,6.4199,2100,2021-10-05 13:01:00,SRNE
6.41,6.41,6.41,6.41,100,2021-10-05 13:02:00,SRNE
6.4,6.4,6.4,6.4,1000,2021-10-05 13:03:00,SRNE
6.4,6.4,6.4,6.4,400,2021-10-05 13:04:00,SRNE
6.4,6.4,6.4,6.4,400,2021-10-05 13:05:00,SRNE
6.4,6.4,6.4,6.4,910,2021-10-05 13:07:00,SRNE
6.4,6.4,6.4,6.4,100,2021-10-05 13:08:00,SRNE
6.41,6.41,6.41,6.41,100,2021-10-05 13:09:00,SRNE
6.41,6.41,6.41,6.41,100,2021-10-05 13:12:00,SRNE
6.41,6.41,6.41,6.41,100,2021-10-05 13:13:00,SRNE
6.4,6.4,6.4,6.4,200,2021-10-05 13:16:00,SRNE
6.4,6.41,6.4,6.41,400,2021-10-05 13:17:00,SRNE
6.4,6.4,6.4,6.4,1000,2021-10-05 13:20:00,SRNE
6.41,6.41,6.41,6.41,100,2021-10-05 13:22:00,SRNE
6.41,6.41,6.41,6.41,250,2021-10-05 13:23:00,SRNE
6.4,6.4,6.4,6.4,500,2021-10-05 13:24:00,SRNE
6.41,6.41,6.41,6.41,2469,2021-10-05 13:26:00,SRNE
6.4,6.41,6.38,6.38,8507,2021-10-05 13:27:00,SRNE
6.37,6.37,6.37,6.37,100,2021-10-05 13:28:00,SRNE
6.36,6.375,6.28,6.285,193583,2021-10-05 13:30:00,SRNE
6.28,6.29,6.26,6.27,49168,2021-10-05 13:31:00,SRNE
6.265,6.29,6.26,6.275,69788,2021-10-05 13:32:00,SRNE
6.27,6.27,6.23,6.2399,68520,2021-10-05 13:33:00,SRNE
6.23,6.2317,6.1884,6.1979,72948,2021-10-05 13:34:00,SRNE
6.1991,6.205,6.16,6.2,78811,2021-10-05 13:35:00,SRNE
6.195,6.215,6.17,6.17,31984,2021-10-05 13:36:00,SRNE
6.16,6.19,6.14,6.1801,72394,2021-10-05 13:37:00,SRNE
6.18,6.2,6.17,6.2,25081,2021-10-05 13:38:00,SRNE
6.2,6.21,6.185,6.2017,24351,2021-10-05 13:39:00,SRNE
6.21,6.215,6.17,6.175,66670,2021-10-05 13:40:00,SRNE
6.1701,6.2075,6.17,6.175,34658,2021-10-05 13:41:00,SRNE
6.17,6.18,6.16,6.1681,38892,2021-10-05 13:42:00,SRNE
6.16,6.17,6.14,6.15,55392,2021-10-05 13:43:00,SRNE
6.15,6.16,6.15,6.158,24332,2021-10-05 13:44:00,SRNE
6.15,6.18,6.145,6.18,26280,2021-10-05 13:45:00,SRNE
6.19,6.2387,6.19,6.225,40227,2021-10-05 13:46:00,SRNE
6.2284,6.245,6.21,6.2212,31864,2021-10-05 13:47:00,SRNE
6.225,6.2399,6.21,6.2315,26614,2021-10-05 13:48:00,SRNE
6.24,6.265,6.24,6.265,20559,2021-10-05 13:49:00,SRNE
6.265,6.29,6.26,6.278,18160,2021-10-05 13:50:00,SRNE
6.28,6.29,6.275,6.2792,21006,2021-10-05 13:51:00,SRNE
6.2798,6.295,6.27,6.2709,27606,2021-10-05 13:52:00,SRNE
6.275,6.28,6.27,6.2793,11139,2021-10-05 13:53:00,SRNE
6.2799,6.28,6.26,6.27,23877,2021-10-05 13:54:00,SRNE
6.28,6.2999,6.275,6.295,128970,2021-10-05 13:55:00,SRNE
6.295,6.31,6.2901,6.31,53279,2021-10-05 13:56:00,SRNE
6.31,6.32,6.3,6.3,11967,2021-10-05 13:57:00,SRNE
6.29,6.295,6.2525,6.255,18186,2021-10-05 13:58:00,SRNE
6.26,6.27,6.2525,6.27,19259,2021-10-05 13:59:00,SRNE
6.28,6.3183,6.28,6.31,3469,2021-10-05 14:00:00,SRNE
6.32,6.34,6.32,6.33,13667,2021-10-05 14:01:00,SRNE
6.34,6.345,6.305,6.305,37724,2021-10-05 14:02:00,SRNE
6.31,6.32,6.2919,6.2992,20153,2021-10-05 14:03:00,SRNE
6.295,6.305,6.29,6.3,6900,2021-10-05 14:04:00,SRNE
6.3,6.317,6.3,6.31,9492,2021-10-05 14:05:00,SRNE
6.315,6.35,6.315,6.3499,28557,2021-10-05 14:06:00,SRNE
6.34,6.34,6.33,6.3399,22625,2021-10-05 14:07:00,SRNE
6.3372,6.345,6.3318,6.34,2956,2021-10-05 14:08:00,SRNE
6.35,6.36,6.34,6.35,16270,2021-10-05 14:09:00,SRNE
6.355,6.38,6.355,6.36,21614,2021-10-05 14:10:00,SRNE
6.3588,6.36,6.351,6.36,11255,2021-10-05 14:11:00,SRNE
6.355,6.37,6.355,6.36,19746,2021-10-05 14:12:00,SRNE
6.355,6.36,6.35,6.3546,7800,2021-10-05 14:13:00,SRNE
6.355,6.37,6.34,6.367,28109,2021-10-05 14:14:00,SRNE
6.37,6.37,6.36,6.365,2787,2021-10-05 14:15:00,SRNE
6.37,6.39,6.37,6.39,9889,2021-10-05 14:16:00,SRNE
6.4,6.41,6.39,6.405,17772,2021-10-05 14:17:00,SRNE
6.4,6.41,6.395,6.41,10515,2021-10-05 14:18:00,SRNE
6.41,6.41,6.3814,6.3899,5746,2021-10-05 14:19:00,SRNE
6.3818,6.388,6.375,6.38,4330,2021-10-05 14:20:00,SRNE
6.375,6.3785,6.365,6.365,3300,2021-10-05 14:21:00,SRNE
6.3683,6.37,6.3426,6.3426,12679,2021-10-05 14:22:00,SRNE
6.35,6.35,6.32,6.325,31219,2021-10-05 14:23:00,SRNE
6.32,6.32,6.29,6.3,17502,2021-10-05 14:24:00,SRNE
6.3091,6.31,6.295,6.295,13251,2021-10-05 14:25:00,SRNE
6.29,6.3,6.29,6.3,4638,2021-10-05 14:26:00,SRNE
6.3,6.3,6.2901,6.2901,1834,2021-10-05 14:27:00,SRNE
6.295,6.31,6.29,6.305,21763,2021-10-05 14:28:00,SRNE
6.305,6.31,6.29,6.295,16098,2021-10-05 14:29:00,SRNE
6.2993,6.2993,6.27,6.28,20764,2021-10-05 14:30:00,SRNE
6.2896,6.29,6.28,6.2812,5430,2021-10-05 14:31:00,SRNE
6.2801,6.3,6.27,6.29,20691,2021-10-05 14:32:00,SRNE
6.2914,6.3133,6.29,6.3133,12482,2021-10-05 14:33:00,SRNE
6.3173,6.32,6.31,6.31,7030,2021-10-05 14:34:00,SRNE
6.305,6.31,6.305,6.305,5779,2021-10-05 14:35:00,SRNE
6.31,6.31,6.29,6.3086,23391,2021-10-05 14:36:00,SRNE
6.31,6.3199,6.31,6.3199,2800,2021-10-05 14:37:00,SRNE
6.319,6.33,6.31,6.3288,6618,2021-10-05 14:38:00,SRNE
6.32,6.33,6.31,6.315,41525,2021-10-05 14:39:00,SRNE
6.31,6.33,6.31,6.33,3884,2021-10-05 14:40:00,SRNE
6.33,6.35,6.33,6.34,18561,2021-10-05 14:41:00,SRNE
6.335,6.3373,6.315,6.32,6053,2021-10-05 14:42:00,SRNE
6.31,6.32,6.31,6.32,2714,2021-10-05 14:43:00,SRNE
6.32,6.33,6.32,6.33,3320,2021-10-05 14:44:00,SRNE
6.33,6.33,6.3,6.305,13846,2021-10-05 14:45:00,SRNE
6.31,6.31,6.28,6.28,13930,2021-10-05 14:46:00,SRNE
6.28,6.2848,6.27,6.275,15303,2021-10-05 14:47:00,SRNE
6.277,6.277,6.27,6.27,9016,2021-10-05 14:48:00,SRNE
6.27,6.28,6.27,6.2777,7690,2021-10-05 14:49:00,SRNE
6.275,6.28,6.27,6.275,6506,2021-10-05 14:50:00,SRNE
6.272,6.28,6.27,6.28,3335,2021-10-05 14:51:00,SRNE
6.275,6.275,6.25,6.257,15598,2021-10-05 14:52:00,SRNE
6.2599,6.26,6.25,6.25,14986,2021-10-05 14:53:00,SRNE
6.245,6.2799,6.245,6.27,25901,2021-10-05 14:54:00,SRNE
6.265,6.28,6.26,6.28,7906,2021-10-05 14:55:00,SRNE
6.28,6.28,6.27,6.2782,8620,2021-10-05 14:56:00,SRNE
6.275,6.28,6.27,6.27,3810,2021-10-05 14:57:00,SRNE
6.27,6.29,6.265,6.29,4626,2021-10-05 14:58:00,SRNE
6.29,6.32,6.29,6.315,17516,2021-10-05 14:59:00,SRNE
6.31,6.3393,6.31,6.3393,18967,2021-10-05 15:00:00,SRNE
6.335,6.335,6.32,6.32,8140,2021-10-05 15:01:00,SRNE
6.33,6.33,6.32,6.33,10600,2021-10-05 15:02:00,SRNE
6.34,6.355,6.335,6.35,32210,2021-10-05 15:03:00,SRNE
6.36,6.375,6.35,6.3699,45104,2021-10-05 15:04:00,SRNE
6.365,6.3759,6.36,6.36,10056,2021-10-05 15:05:00,SRNE
6.3694,6.39,6.365,6.379,20094,2021-10-05 15:06:00,SRNE
6.39,6.4,6.375,6.38,24754,2021-10-05 15:07:00,SRNE
6.3818,6.3818,6.37,6.375,3008,2021-10-05 15:08:00,SRNE
6.37,6.385,6.37,6.3825,9587,2021-10-05 15:09:00,SRNE
6.39,6.39,6.375,6.375,9893,2021-10-05 15:10:00,SRNE
6.38,6.39,6.38,6.3872,7287,2021-10-05 15:11:00,SRNE
6.38,6.39,6.37,6.375,16674,2021-10-05 15:12:00,SRNE
6.37,6.39,6.37,6.375,16997,2021-10-05 15:13:00,SRNE
6.3799,6.3799,6.37,6.37,1000,2021-10-05 15:14:00,SRNE
6.37,6.37,6.3586,6.36,6700,2021-10-05 15:15:00,SRNE
6.36,6.36,6.35,6.355,4599,2021-10-05 15:16:00,SRNE
6.35,6.37,6.35,6.3619,5139,2021-10-05 15:17:00,SRNE
6.365,6.365,6.345,6.35,17420,2021-10-05 15:18:00,SRNE
6.34,6.34,6.33,6.335,5550,2021-10-05 15:19:00,SRNE
6.34,6.345,6.33,6.33,7293,2021-10-05 15:20:00,SRNE
6.335,6.335,6.33,6.33,1200,2021-10-05 15:21:00,SRNE
6.33,6.33,6.325,6.33,4457,2021-10-05 15:22:00,SRNE
6.33,6.33,6.33,6.33,600,2021-10-05 15:23:00,SRNE
6.335,6.34,6.3301,6.335,5719,2021-10-05 15:24:00,SRNE
6.3383,6.35,6.3383,6.343,7691,2021-10-05 15:25:00,SRNE
6.345,6.3491,6.34,6.3491,5215,2021-10-05 15:26:00,SRNE
6.345,6.3495,6.34,6.34,5104,2021-10-05 15:27:00,SRNE
6.34,6.34,6.33,6.33,2420,2021-10-05 15:28:00,SRNE
6.34,6.34,6.33,6.33,10099,2021-10-05 15:29:00,SRNE
6.335,6.335,6.325,6.325,8547,2021-10-05 15:30:00,SRNE
6.325,6.33,6.32,6.325,4400,2021-10-05 15:31:00,SRNE
6.3299,6.33,6.32,6.32,4720,2021-10-05 15:32:00,SRNE
6.32,6.33,6.32,6.325,1900,2021-10-05 15:33:00,SRNE
6.3254,6.3254,6.3,6.3,68369,2021-10-05 15:34:00,SRNE
6.31,6.31,6.3,6.3,4541,2021-10-05 15:35:00,SRNE
6.305,6.31,6.295,6.3,15365,2021-10-05 15:36:00,SRNE
6.295,6.295,6.281,6.285,13131,2021-10-05 15:37:00,SRNE
6.285,6.3,6.28,6.3,17535,2021-10-05 15:38:00,SRNE
6.3,6.31,6.3,6.305,10793,2021-10-05 15:39:00,SRNE
6.31,6.315,6.29,6.29,16189,2021-10-05 15:40:00,SRNE
6.295,6.2993,6.29,6.295,4278,2021-10-05 15:41:00,SRNE
6.29,6.29,6.28,6.29,16475,2021-10-05 15:42:00,SRNE
6.285,6.3,6.28,6.28,14624,2021-10-05 15:43:00,SRNE
6.28,6.3,6.28,6.295,6468,2021-10-05 15:44:00,SRNE
6.2993,6.3,6.29,6.295,9900,2021-10-05 15:45:00,SRNE
6.29,6.3,6.29,6.3,2200,2021-10-05 15:46:00,SRNE
6.295,6.3,6.2932,6.3,1640,2021-10-05 15:47:00,SRNE
6.3,6.3,6.29,6.3,1000,2021-10-05 15:48:00,SRNE
6.29,6.3,6.265,6.265,72651,2021-10-05 15:49:00,SRNE
6.265,6.275,6.263,6.27,13300,2021-10-05 15:50:00,SRNE
6.27,6.28,6.27,6.2741,1800,2021-10-05 15:51:00,SRNE
6.272,6.272,6.26,6.26,5138,2021-10-05 15:52:00,SRNE
6.2699,6.27,6.26,6.265,6800,2021-10-05 15:53:00,SRNE
6.265,6.275,6.265,6.275,800,2021-10-05 15:54:00,SRNE
6.28,6.28,6.27,6.28,4558,2021-10-05 15:55:00,SRNE
6.275,6.28,6.275,6.28,8006,2021-10-05 15:56:00,SRNE
6.285,6.3,6.27,6.28,34049,2021-10-05 15:57:00,SRNE
6.28,6.3,6.275,6.3,8100,2021-10-05 15:58:00,SRNE
6.295,6.3,6.29,6.3,9350,2021-10-05 15:59:00,SRNE
6.3,6.3,6.29,6.3,1500,2021-10-05 16:00:00,SRNE
6.3,6.31,6.29,6.31,13370,2021-10-05 16:01:00,SRNE
6.31,6.32,6.3,6.315,13331,2021-10-05 16:02:00,SRNE
6.32,6.32,6.3101,6.32,3827,2021-10-05 16:03:00,SRNE
6.32,6.32,6.31,6.32,18539,2021-10-05 16:04:00,SRNE
6.31,6.315,6.3,6.3068,5675,2021-10-05 16:05:00,SRNE
6.3,6.3007,6.29,6.29,14800,2021-10-05 16:06:00,SRNE
6.29,6.29,6.28,6.2826,4816,2021-10-05 16:07:00,SRNE
6.281,6.285,6.28,6.285,3150,2021-10-05 16:08:00,SRNE
6.28,6.29,6.28,6.29,11212,2021-10-05 16:09:00,SRNE
6.285,6.285,6.273,6.28,4468,2021-10-05 16:10:00,SRNE
6.275,6.275,6.27,6.275,2925,2021-10-05 16:11:00,SRNE
6.275,6.28,6.27,6.27,1543,2021-10-05 16:12:00,SRNE
6.27,6.2775,6.27,6.2775,1023,2021-10-05 16:13:00,SRNE
6.28,6.28,6.27,6.28,859,2021-10-05 16:14:00,SRNE
6.27,6.277,6.26,6.265,10957,2021-10-05 16:15:00,SRNE
6.26,6.2799,6.26,6.2799,13600,2021-10-05 16:16:00,SRNE
6.275,6.29,6.275,6.29,10950,2021-10-05 16:17:00,SRNE
6.2801,6.2801,6.275,6.2775,3719,2021-10-05 16:18:00,SRNE
6.27,6.2799,6.27,6.27,2550,2021-10-05 16:19:00,SRNE
6.26,6.265,6.2501,6.255,5356,2021-10-05 16:20:00,SRNE
6.25,6.26,6.25,6.25,10857,2021-10-05 16:21:00,SRNE
6.26,6.26,6.25,6.25,2100,2021-10-05 16:22:00,SRNE
6.25,6.26,6.25,6.25,400,2021-10-05 16:23:00,SRNE
6.255,6.27,6.255,6.265,22788,2021-10-05 16:24:00,SRNE
6.26,6.26,6.24,6.245,34567,2021-10-05 16:25:00,SRNE
6.245,6.26,6.24,6.255,23014,2021-10-05 16:26:00,SRNE
6.2532,6.26,6.2517,6.26,5250,2021-10-05 16:27:00,SRNE
6.26,6.27,6.26,6.27,9900,2021-10-05 16:28:00,SRNE
6.265,6.27,6.26,6.27,8820,2021-10-05 16:29:00,SRNE
6.26,6.265,6.255,6.26,10639,2021-10-05 16:30:00,SRNE
6.25,6.26,6.25,6.2542,9450,2021-10-05 16:31:00,SRNE
6.2558,6.2558,6.25,6.2521,3076,2021-10-05 16:32:00,SRNE
6.259,6.27,6.25,6.265,20514,2021-10-05 16:33:00,SRNE
6.26,6.27,6.26,6.26,1919,2021-10-05 16:34:00,SRNE
6.26,6.265,6.24,6.245,26551,2021-10-05 16:35:00,SRNE
6.2482,6.25,6.24,6.245,6927,2021-10-05 16:36:00,SRNE
6.245,6.2499,6.24,6.24,3355,2021-10-05 16:37:00,SRNE
6.24,6.245,6.24,6.245,1400,2021-10-05 16:38:00,SRNE
6.24,6.2493,6.24,6.2493,200,2021-10-05 16:39:00,SRNE
6.24,6.25,6.24,6.245,6401,2021-10-05 16:40:00,SRNE
6.245,6.28,6.24,6.27,34882,2021-10-05 16:41:00,SRNE
6.28,6.28,6.27,6.28,2200,2021-10-05 16:42:00,SRNE
6.28,6.29,6.28,6.29,4582,2021-10-05 16:43:00,SRNE
6.295,6.3,6.28,6.28,3725,2021-10-05 16:44:00,SRNE
6.285,6.2872,6.28,6.2872,800,2021-10-05 16:45:00,SRNE
6.2874,6.3,6.2874,6.3,3636,2021-10-05 16:46:00,SRNE
6.29,6.295,6.29,6.295,719,2021-10-05 16:47:00,SRNE
6.2928,6.2998,6.29,6.2986,834,2021-10-05 16:48:00,SRNE
6.29,6.3083,6.29,6.305,2576,2021-10-05 16:49:00,SRNE
6.31,6.31,6.3,6.31,2132,2021-10-05 16:50:00,SRNE
6.3,6.31,6.3,6.31,1228,2021-10-05 16:51:00,SRNE
6.3,6.305,6.29,6.29,9832,2021-10-05 16:52:00,SRNE
6.29,6.2986,6.29,6.29,800,2021-10-05 16:53:00,SRNE
6.295,6.3,6.295,6.3,7845,2021-10-05 16:54:00,SRNE
6.307,6.32,6.305,6.3172,2948,2021-10-05 16:55:00,SRNE
6.3176,6.3176,6.31,6.315,6632,2021-10-05 16:56:00,SRNE
6.315,6.32,6.31,6.32,6681,2021-10-05 16:57:00,SRNE
6.32,6.32,6.31,6.31,3300,2021-10-05 16:58:00,SRNE
6.3188,6.3188,6.31,6.315,3400,2021-10-05 16:59:00,SRNE
6.31,6.3199,6.31,6.3199,8500,2021-10-05 17:00:00,SRNE
6.31,6.31,6.29,6.3,9967,2021-10-05 17:01:00,SRNE
6.29,6.31,6.29,6.3,26400,2021-10-05 17:02:00,SRNE
6.3011,6.3011,6.3,6.3,1600,2021-10-05 17:03:00,SRNE
6.29,6.295,6.29,6.295,1800,2021-10-05 17:04:00,SRNE
6.29,6.3,6.29,6.2992,3780,2021-10-05 17:05:00,SRNE
6.29,6.3,6.29,6.3,2400,2021-10-05 17:06:00,SRNE
6.2985,6.3,6.29,6.3,2150,2021-10-05 17:07:00,SRNE
6.295,6.295,6.29,6.295,1150,2021-10-05 17:08:00,SRNE
6.2901,6.295,6.2901,6.295,1785,2021-10-05 17:09:00,SRNE
6.29,6.295,6.285,6.29,18937,2021-10-05 17:10:00,SRNE
6.285,6.295,6.285,6.295,12133,2021-10-05 17:11:00,SRNE
6.2901,6.2987,6.29,6.29,3600,2021-10-05 17:12:00,SRNE
6.2976,6.3,6.29,6.3,40451,2021-10-05 17:13:00,SRNE
6.31,6.31,6.3,6.3,3000,2021-10-05 17:14:00,SRNE
6.3,6.3099,6.3,6.3,1300,2021-10-05 17:15:00,SRNE
6.31,6.31,6.3,6.305,1800,2021-10-05 17:16:00,SRNE
6.305,6.315,6.305,6.315,1800,2021-10-05 17:17:00,SRNE
6.3189,6.3189,6.31,6.3133,6400,2021-10-05 17:18:00,SRNE
6.315,6.32,6.31,6.32,800,2021-10-05 17:19:00,SRNE
6.32,6.325,6.3,6.3,15756,2021-10-05 17:20:00,SRNE
6.3,6.3,6.3,6.3,100,2021-10-05 17:21:00,SRNE
6.31,6.315,6.3,6.31,8266,2021-10-05 17:22:00,SRNE
6.31,6.31,6.3,6.3,2168,2021-10-05 17:23:00,SRNE
6.305,6.305,6.305,6.305,100,2021-10-05 17:24:00,SRNE
6.31,6.31,6.3,6.305,3516,2021-10-05 17:25:00,SRNE
6.31,6.315,6.31,6.3107,4546,2021-10-05 17:26:00,SRNE
6.31,6.31,6.3,6.3,2104,2021-10-05 17:27:00,SRNE
6.3029,6.3029,6.3,6.3,900,2021-10-05 17:28:00,SRNE
6.3,6.3099,6.3,6.3099,1191,2021-10-05 17:29:00,SRNE
6.3,6.305,6.3,6.305,998,2021-10-05 17:30:00,SRNE
6.3,6.305,6.3,6.305,300,2021-10-05 17:31:00,SRNE
6.3,6.3,6.29,6.295,3558,2021-10-05 17:32:00,SRNE
6.295,6.3,6.29,6.3,800,2021-10-05 17:33:00,SRNE
6.2919,6.3,6.29,6.3,1201,2021-10-05 17:34:00,SRNE
6.2995,6.3,6.29,6.295,1748,2021-10-05 17:35:00,SRNE
6.29,6.29,6.29,6.29,200,2021-10-05 17:36:00,SRNE
6.29,6.295,6.285,6.29,1720,2021-10-05 17:37:00,SRNE
6.29,6.29,6.28,6.28,6431,2021-10-05 17:38:00,SRNE
6.29,6.3,6.29,6.3,7895,2021-10-05 17:39:00,SRNE
6.29,6.293,6.29,6.29,3599,2021-10-05 17:40:00,SRNE
6.295,6.295,6.29,6.295,900,2021-10-05 17:41:00,SRNE
6.295,6.295,6.29,6.295,520,2021-10-05 17:42:00,SRNE
6.29,6.295,6.29,6.295,700,2021-10-05 17:44:00,SRNE
6.298,6.298,6.29,6.29,622,2021-10-05 17:45:00,SRNE
6.295,6.3,6.295,6.3,700,2021-10-05 17:46:00,SRNE
6.3,6.3,6.29,6.3,1000,2021-10-05 17:47:00,SRNE
6.3,6.3,6.29,6.3,4926,2021-10-05 17:48:00,SRNE
6.3023,6.31,6.3,6.3,2957,2021-10-05 17:49:00,SRNE
6.3001,6.31,6.3001,6.31,1600,2021-10-05 17:50:00,SRNE
6.305,6.305,6.3,6.3001,800,2021-10-05 17:51:00,SRNE
6.3,6.31,6.3,6.305,3400,2021-10-05 17:52:00,SRNE
6.3057,6.3057,6.305,6.305,300,2021-10-05 17:53:00,SRNE
6.3039,6.31,6.3,6.31,960,2021-10-05 17:54:00,SRNE
6.305,6.315,6.305,6.315,7994,2021-10-05 17:55:00,SRNE
6.32,6.33,6.32,6.325,6621,2021-10-05 17:56:00,SRNE
6.325,6.34,6.325,6.34,5023,2021-10-05 17:57:00,SRNE
6.34,6.34,6.33,6.33,2275,2021-10-05 17:58:00,SRNE
6.335,6.335,6.32,6.325,10380,2021-10-05 17:59:00,SRNE
6.33,6.33,6.32,6.33,2150,2021-10-05 18:00:00,SRNE
6.325,6.33,6.3222,6.325,2838,2021-10-05 18:01:00,SRNE
6.33,6.33,6.325,6.325,4576,2021-10-05 18:02:00,SRNE
6.33,6.335,6.33,6.33,5872,2021-10-05 18:03:00,SRNE
6.33,6.33,6.32,6.33,5567,2021-10-05 18:04:00,SRNE
6.33,6.3375,6.32,6.32,20772,2021-10-05 18:05:00,SRNE
6.33,6.33,6.32,6.32,700,2021-10-05 18:06:00,SRNE
6.325,6.33,6.325,6.325,1000,2021-10-05 18:07:00,SRNE
6.33,6.335,6.32,6.32,3978,2021-10-05 18:08:00,SRNE
6.3201,6.33,6.32,6.3201,4500,2021-10-05 18:09:00,SRNE
6.325,6.35,6.325,6.345,59721,2021-10-05 18:10:00,SRNE
6.36,6.36,6.3523,6.3523,7700,2021-10-05 18:11:00,SRNE
6.353,6.353,6.35,6.35,1800,2021-10-05 18:12:00,SRNE
6.3529,6.36,6.35,6.35,5050,2021-10-05 18:13:00,SRNE
6.353,6.36,6.32,6.325,36001,2021-10-05 18:14:00,SRNE
6.33,6.33,6.32,6.32,16564,2021-10-05 18:15:00,SRNE
6.325,6.35,6.32,6.34,35132,2021-10-05 18:16:00,SRNE
6.34,6.34,6.33,6.33,5165,2021-10-05 18:17:00,SRNE
6.33,6.35,6.33,6.35,17575,2021-10-05 18:18:00,SRNE
6.34,6.3485,6.33,6.33,2700,2021-10-05 18:19:00,SRNE
6.34,6.3414,6.335,6.3414,3044,2021-10-05 18:20:00,SRNE
6.34,6.34,6.33,6.33,1589,2021-10-05 18:21:00,SRNE
6.33,6.34,6.33,6.33,11500,2021-10-05 18:22:00,SRNE
6.3391,6.3391,6.33,6.33,700,2021-10-05 18:23:00,SRNE
6.335,6.3399,6.33,6.3301,2900,2021-10-05 18:24:00,SRNE
6.33,6.3371,6.33,6.33,500,2021-10-05 18:25:00,SRNE
6.335,6.3381,6.33,6.335,900,2021-10-05 18:26:00,SRNE
6.33,6.3372,6.33,6.33,2089,2021-10-05 18:27:00,SRNE
6.33,6.34,6.33,6.34,6200,2021-10-05 18:28:00,SRNE
6.34,6.345,6.3399,6.3399,2430,2021-10-05 18:29:00,SRNE
6.33,6.335,6.33,6.335,600,2021-10-05 18:30:00,SRNE
6.335,6.335,6.3217,6.325,12953,2021-10-05 18:31:00,SRNE
6.32,6.34,6.32,6.335,3718,2021-10-05 18:32:00,SRNE
6.3399,6.3399,6.33,6.33,2500,2021-10-05 18:33:00,SRNE
6.33,6.33,6.33,6.33,200,2021-10-05 18:34:00,SRNE
6.335,6.335,6.335,6.335,100,2021-10-05 18:35:00,SRNE
6.33,6.34,6.33,6.3301,1100,2021-10-05 18:36:00,SRNE
6.335,6.335,6.335,6.335,230,2021-10-05 18:37:00,SRNE
6.34,6.35,6.335,6.34,5224,2021-10-05 18:38:00,SRNE
6.35,6.35,6.335,6.335,3700,2021-10-05 18:39:00,SRNE
6.34,6.35,6.335,6.345,4901,2021-10-05 18:40:00,SRNE
6.34,6.345,6.32,6.33,35328,2021-10-05 18:41:00,SRNE
6.33,6.335,6.33,6.33,10600,2021-10-05 18:42:00,SRNE
6.335,6.335,6.33,6.33,900,2021-10-05 18:43:00,SRNE
6.33,6.3387,6.33,6.335,4292,2021-10-05 18:44:00,SRNE
6.335,6.335,6.325,6.325,3898,2021-10-05 18:45:00,SRNE
6.325,6.34,6.325,6.34,19690,2021-10-05 18:46:00,SRNE
6.34,6.345,6.34,6.345,6220,2021-10-05 18:47:00,SRNE
6.35,6.35,6.34,6.34,800,2021-10-05 18:48:00,SRNE
6.34,6.345,6.34,6.345,300,2021-10-05 18:49:00,SRNE
6.34,6.35,6.34,6.34,14063,2021-10-05 18:50:00,SRNE
6.3499,6.35,6.34,6.3499,1847,2021-10-05 18:51:00,SRNE
6.3401,6.35,6.34,6.34,3515,2021-10-05 18:52:00,SRNE
6.3499,6.35,6.345,6.35,1246,2021-10-05 18:53:00,SRNE
6.34,6.3483,6.34,6.345,4218,2021-10-05 18:55:00,SRNE
6.345,6.35,6.34,6.3474,700,2021-10-05 18:56:00,SRNE
6.345,6.35,6.345,6.345,1441,2021-10-05 18:57:00,SRNE
6.345,6.3473,6.34,6.345,4685,2021-10-05 18:58:00,SRNE
6.345,6.35,6.34,6.35,866,2021-10-05 18:59:00,SRNE
6.35,6.38,6.35,6.375,31946,2021-10-05 19:00:00,SRNE
6.379,6.38,6.375,6.38,11000,2021-10-05 19:01:00,SRNE
6.3776,6.3776,6.37,6.374,4070,2021-10-05 19:02:00,SRNE
6.3799,6.3799,6.37,6.375,4665,2021-10-05 19:03:00,SRNE
6.37,6.375,6.37,6.375,3400,2021-10-05 19:04:00,SRNE
6.38,6.38,6.37,6.375,3689,2021-10-05 19:05:00,SRNE
6.375,6.3787,6.37,6.375,6592,2021-10-05 19:06:00,SRNE
6.375,6.3781,6.375,6.3781,800,2021-10-05 19:07:00,SRNE
6.37,6.3774,6.365,6.365,5896,2021-10-05 19:08:00,SRNE
6.365,6.365,6.3599,6.3599,7235,2021-10-05 19:09:00,SRNE
6.35,6.355,6.35,6.355,1800,2021-10-05 19:10:00,SRNE
6.355,6.3578,6.3528,6.355,1721,2021-10-05 19:11:00,SRNE
6.35,6.3581,6.35,6.3501,845,2021-10-05 19:12:00,SRNE
6.3526,6.355,6.3447,6.345,10530,2021-10-05 19:13:00,SRNE
6.35,6.36,6.34,6.36,12528,2021-10-05 19:14:00,SRNE
6.36,6.365,6.355,6.365,5126,2021-10-05 19:15:00,SRNE
6.36,6.3668,6.355,6.365,7131,2021-10-05 19:16:00,SRNE
6.365,6.365,6.35,6.3531,4104,2021-10-05 19:17:00,SRNE
6.36,6.3616,6.36,6.3616,6548,2021-10-05 19:18:00,SRNE
6.36,6.3804,6.36,6.38,21560,2021-10-05 19:19:00,SRNE
6.38,6.38,6.372,6.372,4416,2021-10-05 19:20:00,SRNE
6.37,6.3768,6.37,6.3768,1846,2021-10-05 19:21:00,SRNE
6.3767,6.3767,6.36,6.36,5016,2021-10-05 19:22:00,SRNE
6.36,6.365,6.355,6.36,6274,2021-10-05 19:23:00,SRNE
6.365,6.365,6.355,6.36,10938,2021-10-05 19:24:00,SRNE
6.365,6.365,6.36,6.365,3016,2021-10-05 19:25:00,SRNE
6.36,6.37,6.36,6.3678,6400,2021-10-05 19:26:00,SRNE
6.365,6.365,6.355,6.36,3637,2021-10-05 19:27:00,SRNE
6.355,6.3668,6.355,6.3668,7262,2021-10-05 19:28:00,SRNE
6.365,6.369,6.36,6.3601,4555,2021-10-05 19:29:00,SRNE
6.37,6.39,6.37,6.3874,13408,2021-10-05 19:30:00,SRNE
6.385,6.39,6.381,6.3881,12574,2021-10-05 19:31:00,SRNE
6.38,6.389,6.38,6.3872,9870,2021-10-05 19:32:00,SRNE
6.385,6.39,6.385,6.385,400,2021-10-05 19:33:00,SRNE
6.39,6.3999,6.39,6.39,22216,2021-10-05 19:34:00,SRNE
6.3975,6.41,6.39,6.41,16496,2021-10-05 19:35:00,SRNE
6.41,6.41,6.405,6.41,8554,2021-10-05 19:36:00,SRNE
6.405,6.418,6.405,6.418,5391,2021-10-05 19:37:00,SRNE
6.415,6.415,6.405,6.405,8764,2021-10-05 19:38:00,SRNE
6.4,6.4073,6.3901,6.3901,12984,2021-10-05 19:39:00,SRNE
6.4,6.405,6.395,6.405,14485,2021-10-05 19:40:00,SRNE
6.4068,6.41,6.4,6.405,3982,2021-10-05 19:41:00,SRNE
6.405,6.408,6.4,6.4,3208,2021-10-05 19:42:00,SRNE
6.4013,6.41,6.39,6.39,5398,2021-10-05 19:43:00,SRNE
6.395,6.3976,6.39,6.39,4606,2021-10-05 19:44:00,SRNE
6.395,6.3999,6.39,6.39,2471,2021-10-05 19:45:00,SRNE
6.3905,6.395,6.39,6.395,2637,2021-10-05 19:46:00,SRNE
6.39,6.3973,6.39,6.395,4299,2021-10-05 19:47:00,SRNE
6.39,6.3919,6.385,6.385,8700,2021-10-05 19:48:00,SRNE
6.39,6.395,6.38,6.3863,28136,2021-10-05 19:49:00,SRNE
6.39,6.41,6.385,6.405,22232,2021-10-05 19:50:00,SRNE
6.41,6.41,6.39,6.395,24099,2021-10-05 19:51:00,SRNE
6.395,6.4,6.39,6.395,10057,2021-10-05 19:52:00,SRNE
6.39,6.3979,6.385,6.39,22543,2021-10-05 19:53:00,SRNE
6.39,6.405,6.385,6.405,35542,2021-10-05 19:54:00,SRNE
6.405,6.41,6.4,6.4,14575,2021-10-05 19:55:00,SRNE
6.4,6.4076,6.39,6.39,29330,2021-10-05 19:56:00,SRNE
6.39,6.4,6.39,6.39,11144,2021-10-05 19:57:00,SRNE
6.39,6.405,6.39,6.4,35272,2021-10-05 19:58:00,SRNE
6.405,6.41,6.4,6.4,46429,2021-10-05 19:59:00,SRNE
6.41,6.42,6.41,6.41,193977,2021-10-05 20:00:00,SRNE
6.41,6.41,6.41,6.41,6046,2021-10-05 20:01:00,SRNE
6.4,6.4,6.4,6.4,100,2021-10-05 20:03:00,SRNE
6.4,6.4,6.4,6.4,100,2021-10-05 20:06:00,SRNE
6.4,6.4,6.4,6.4,500,2021-10-05 20:07:00,SRNE
6.3901,6.3901,6.39,6.39,700,2021-10-05 20:16:00,SRNE
6.4099,6.41,6.4099,6.41,200,2021-10-05 20:25:00,SRNE
6.42,6.42,6.42,6.42,119,2021-10-05 20:28:00,SRNE
6.41,6.41,6.41,6.41,163,2021-10-05 20:32:00,SRNE
6.42,6.42,6.42,6.42,295,2021-10-05 20:33:00,SRNE
6.42,6.42,6.4,6.4,1211,2021-10-05 20:36:00,SRNE
6.3801,6.3801,6.3801,6.3801,102,2021-10-05 20:37:00,SRNE
6.4,6.4,6.4,6.4,1500,2021-10-05 20:38:00,SRNE
6.3899,6.3899,6.3899,6.3899,500,2021-10-05 20:43:00,SRNE
6.39,6.39,6.39,6.39,100,2021-10-05 20:46:00,SRNE
6.3899,6.39,6.3899,6.39,550,2021-10-05 20:48:00,SRNE
6.36,6.36,6.36,6.36,2000,2021-10-05 20:55:00,SRNE
6.39,6.39,6.39,6.39,100,2021-10-05 20:56:00,SRNE
6.3899,6.3899,6.3899,6.3899,200,2021-10-05 20:57:00,SRNE
6.35,6.35,6.35,6.35,600,2021-10-05 21:15:00,SRNE
6.35,6.35,6.35,6.35,300,2021-10-05 21:23:00,SRNE
6.35,6.35,6.35,6.35,599,2021-10-05 21:31:00,SRNE
6.35,6.35,6.3,6.3,10198,2021-10-05 21:36:00,SRNE
6.32,6.32,6.32,6.32,465,2021-10-05 21:43:00,SRNE
6.36,6.36,6.36,6.36,500,2021-10-05 21:51:00,SRNE
6.37,6.37,6.37,6.37,300,2021-10-05 22:21:00,SRNE
6.37,6.37,6.37,6.37,200,2021-10-05 22:29:00,SRNE
6.35,6.35,6.35,6.35,500,2021-10-05 22:34:00,SRNE
6.38,6.38,6.38,6.38,100,2021-10-05 23:14:00,SRNE
6.39,6.39,6.39,6.39,500,2021-10-05 23:29:00,SRNE
6.38,6.38,6.38,6.38,510,2021-10-05 23:31:00,SRNE
6.38,6.38,6.38,6.38,1000,2021-10-05 23:50:00,SRNE
6.41,6.41,6.41,6.41,250,2021-10-06 08:45:00,SRNE
6.21,6.21,6.21,6.21,195,2021-10-06 09:56:00,SRNE
6.33,6.33,6.33,6.33,339,2021-10-06 11:19:00,SRNE
6.32,6.32,6.32,6.32,1275,2021-10-06 12:00:00,SRNE
6.31,6.31,6.29,6.29,500,2021-10-06 12:09:00,SRNE
6.28,6.28,6.26,6.26,2905,2021-10-06 12:10:00,SRNE
6.2601,6.28,6.2601,6.28,700,2021-10-06 12:11:00,SRNE
6.3101,6.3101,6.3101,6.3101,800,2021-10-06 12:20:00,SRNE
6.31,6.31,6.31,6.31,300,2021-10-06 12:22:00,SRNE
6.33,6.33,6.32,6.32,714,2021-10-06 12:26:00,SRNE
6.32,6.32,6.32,6.32,157,2021-10-06 12:28:00,SRNE
6.31,6.31,6.31,6.31,411,2021-10-06 12:31:00,SRNE
6.31,6.31,6.31,6.31,2601,2021-10-06 12:32:00,SRNE
6.31,6.31,6.31,6.31,100,2021-10-06 12:34:00,SRNE
6.3,6.31,6.3,6.31,5263,2021-10-06 12:35:00,SRNE
6.31,6.31,6.3,6.3,483,2021-10-06 12:36:00,SRNE
6.28,6.3,6.28,6.3,3000,2021-10-06 12:42:00,SRNE
6.3,6.3,6.3,6.3,1000,2021-10-06 12:49:00,SRNE
6.29,6.29,6.29,6.29,8737,2021-10-06 12:52:00,SRNE
6.41,6.41,6.41,6.41,84914,2021-10-06 12:54:00,SRNE
6.29,6.29,6.29,6.29,890,2021-10-06 12:57:00,SRNE
6.27,6.27,6.27,6.27,1500,2021-10-06 12:58:00,SRNE
6.4118,6.4118,6.4118,6.4118,724,2021-10-06 12:59:00,SRNE
6.26,6.27,6.26,6.27,1100,2021-10-06 13:03:00,SRNE
6.28,6.28,6.27,6.27,11213,2021-10-06 13:04:00,SRNE
6.27,6.27,6.26,6.26,600,2021-10-06 13:05:00,SRNE
6.26,6.26,6.25,6.25,730,2021-10-06 13:06:00,SRNE
6.25,6.26,6.25,6.26,2960,2021-10-06 13:07:00,SRNE
6.26,6.26,6.25,6.25,14331,2021-10-06 13:09:00,SRNE
6.25,6.25,6.25,6.25,1000,2021-10-06 13:10:00,SRNE
6.25,6.25,6.25,6.25,175,2021-10-06 13:12:00,SRNE
6.26,6.26,6.26,6.26,2000,2021-10-06 13:18:00,SRNE
6.27,6.27,6.27,6.27,200,2021-10-06 13:19:00,SRNE
6.26,6.27,6.26,6.27,400,2021-10-06 13:22:00,SRNE
6.27,6.27,6.27,6.27,150,2021-10-06 13:23:00,SRNE
6.27,6.27,6.27,6.27,100,2021-10-06 13:24:00,SRNE
6.3,6.3,6.3,6.3,2322,2021-10-06 13:27:00,SRNE
6.27,6.3,6.25,6.26,66737,2021-10-06 13:30:00,SRNE
6.26,6.31,6.26,6.31,12380,2021-10-06 13:31:00,SRNE
6.315,6.34,6.306,6.34,16277,2021-10-06 13:32:00,SRNE
6.35,6.35,6.33,6.3377,3102,2021-10-06 13:33:00,SRNE
6.34,6.35,6.3208,6.33,7991,2021-10-06 13:34:00,SRNE
6.33,6.3389,6.3291,6.3389,3663,2021-10-06 13:35:00,SRNE
6.335,6.34,6.3334,6.34,12509,2021-10-06 13:36:00,SRNE
6.34,6.34,6.3218,6.34,3767,2021-10-06 13:37:00,SRNE
6.339,6.35,6.324,6.33,5313,2021-10-06 13:38:00,SRNE
6.335,6.335,6.32,6.3255,12471,2021-10-06 13:39:00,SRNE
6.33,6.35,6.33,6.3499,5642,2021-10-06 13:40:00,SRNE
6.34,6.37,6.34,6.36,16675,2021-10-06 13:41:00,SRNE
6.36,6.37,6.36,6.365,21582,2021-10-06 13:42:00,SRNE
6.365,6.39,6.365,6.3885,6259,2021-10-06 13:43:00,SRNE
6.3801,6.4,6.3801,6.4,11862,2021-10-06 13:44:00,SRNE
6.395,6.42,6.395,6.4101,39783,2021-10-06 13:45:00,SRNE
6.42,6.43,6.39,6.41,37560,2021-10-06 13:46:00,SRNE
6.4,6.4,6.39,6.4,9829,2021-10-06 13:47:00,SRNE
6.4,6.41,6.4,6.4,11523,2021-10-06 13:48:00,SRNE
6.4,6.41,6.4,6.41,6242,2021-10-06 13:49:00,SRNE
6.41,6.4199,6.4,6.4,4400,2021-10-06 13:50:00,SRNE
6.4001,6.4019,6.4001,6.4011,3300,2021-10-06 13:51:00,SRNE
6.4009,6.41,6.4,6.41,10678,2021-10-06 13:52:00,SRNE
6.41,6.42,6.39,6.4,20230,2021-10-06 13:53:00,SRNE
6.39,6.395,6.39,6.395,20935,2021-10-06 13:54:00,SRNE
6.3999,6.3999,6.38,6.3801,49504,2021-10-06 13:55:00,SRNE
6.39,6.395,6.37,6.385,70122,2021-10-06 13:56:00,SRNE
6.385,6.4,6.38,6.395,11214,2021-10-06 13:57:00,SRNE
6.39,6.395,6.3827,6.385,11057,2021-10-06 13:58:00,SRNE
6.38,6.385,6.38,6.385,11507,2021-10-06 13:59:00,SRNE
6.385,6.385,6.38,6.385,4825,2021-10-06 14:00:00,SRNE
6.385,6.3855,6.38,6.385,11687,2021-10-06 14:01:00,SRNE
6.385,6.385,6.34,6.345,25555,2021-10-06 14:02:00,SRNE
6.345,6.345,6.3,6.3,22140,2021-10-06 14:03:00,SRNE
6.295,6.3254,6.29,6.3101,58703,2021-10-06 14:04:00,SRNE
6.315,6.325,6.31,6.325,16618,2021-10-06 14:05:00,SRNE
6.33,6.33,6.31,6.315,8498,2021-10-06 14:06:00,SRNE
6.32,6.33,6.32,6.325,6702,2021-10-06 14:07:00,SRNE
6.33,6.355,6.33,6.345,27382,2021-10-06 14:08:00,SRNE
6.345,6.3473,6.335,6.3388,1986,2021-10-06 14:09:00,SRNE
6.335,6.335,6.3144,6.315,9600,2021-10-06 14:10:00,SRNE
6.315,6.32,6.31,6.315,5129,2021-10-06 14:11:00,SRNE
6.32,6.33,6.31,6.33,13920,2021-10-06 14:12:00,SRNE
6.33,6.33,6.32,6.325,3300,2021-10-06 14:13:00,SRNE
6.3285,6.33,6.32,6.325,886,2021-10-06 14:14:00,SRNE
6.32,6.33,6.32,6.32,5426,2021-10-06 14:15:00,SRNE
6.3173,6.3184,6.3172,6.3172,1400,2021-10-06 14:16:00,SRNE
6.31,6.33,6.31,6.325,15686,2021-10-06 14:17:00,SRNE
6.323,6.323,6.31,6.31,8129,2021-10-06 14:18:00,SRNE
6.32,6.32,6.3111,6.32,2500,2021-10-06 14:19:00,SRNE
6.32,6.325,6.32,6.325,2000,2021-10-06 14:20:00,SRNE
6.325,6.325,6.31,6.31,15758,2021-10-06 14:21:00,SRNE
6.3173,6.32,6.31,6.31,2778,2021-10-06 14:22:00,SRNE
6.31,6.32,6.31,6.315,20042,2021-10-06 14:23:00,SRNE
6.3199,6.325,6.31,6.32,16459,2021-10-06 14:24:00,SRNE
6.315,6.32,6.31,6.315,20190,2021-10-06 14:25:00,SRNE
6.32,6.32,6.315,6.3176,3727,2021-10-06 14:26:00,SRNE
6.32,6.32,6.31,6.32,2576,2021-10-06 14:27:00,SRNE
6.317,6.317,6.3,6.3,8905,2021-10-06 14:28:00,SRNE
6.3,6.3099,6.3,6.3,3046,2021-10-06 14:29:00,SRNE
6.3,6.32,6.3,6.32,8254,2021-10-06 14:30:00,SRNE
6.3201,6.34,6.3201,6.335,35591,2021-10-06 14:31:00,SRNE
6.3304,6.34,6.33,6.3321,29006,2021-10-06 14:32:00,SRNE
6.335,6.35,6.3324,6.35,8311,2021-10-06 14:33:00,SRNE
6.345,6.349,6.34,6.3466,1000,2021-10-06 14:34:00,SRNE
6.3485,6.36,6.3423,6.353,8038,2021-10-06 14:35:00,SRNE
6.36,6.365,6.355,6.355,10634,2021-10-06 14:36:00,SRNE
6.355,6.355,6.35,6.355,10510,2021-10-06 14:37:00,SRNE
6.355,6.38,6.35,6.38,13540,2021-10-06 14:38:00,SRNE
6.3869,6.3896,6.38,6.3876,2700,2021-10-06 14:39:00,SRNE
6.39,6.395,6.3819,6.385,10874,2021-10-06 14:40:00,SRNE
6.385,6.3885,6.38,6.3812,8092,2021-10-06 14:41:00,SRNE
6.3811,6.3811,6.37,6.37,2500,2021-10-06 14:42:00,SRNE
6.36,6.375,6.36,6.375,1890,2021-10-06 14:43:00,SRNE
6.37,6.375,6.365,6.365,8828,2021-10-06 14:44:00,SRNE
6.365,6.365,6.3621,6.365,5300,2021-10-06 14:45:00,SRNE
6.365,6.365,6.36,6.36,2408,2021-10-06 14:46:00,SRNE
6.36,6.37,6.36,6.36,21368,2021-10-06 14:47:00,SRNE
6.36,6.3689,6.36,6.365,5407,2021-10-06 14:48:00,SRNE
6.3628,6.38,6.36,6.38,8746,2021-10-06 14:49:00,SRNE
6.39,6.3977,6.39,6.395,10000,2021-10-06 14:50:00,SRNE
6.395,6.4,6.3913,6.395,5400,2021-10-06 14:51:00,SRNE
6.395,6.3999,6.39,6.395,2100,2021-10-06 14:52:00,SRNE
6.391,6.3972,6.39,6.39,1200,2021-10-06 14:53:00,SRNE
6.4,6.41,6.4,6.41,40957,2021-10-06 14:54:00,SRNE
6.41,6.41,6.405,6.4085,7381,2021-10-06 14:55:00,SRNE
6.405,6.41,6.401,6.41,7650,2021-10-06 14:56:00,SRNE
6.41,6.42,6.405,6.405,7900,2021-10-06 14:57:00,SRNE
6.405,6.41,6.405,6.41,500,2021-10-06 14:58:00,SRNE
6.4028,6.41,6.4025,6.41,3860,2021-10-06 14:59:00,SRNE
6.41,6.429,6.41,6.429,17185,2021-10-06 15:00:00,SRNE
6.43,6.4396,6.43,6.435,21650,2021-10-06 15:01:00,SRNE
6.4369,6.44,6.42,6.42,15823,2021-10-06 15:02:00,SRNE
6.42,6.429,6.42,6.425,11560,2021-10-06 15:03:00,SRNE
6.4244,6.4244,6.42,6.42,1205,2021-10-06 15:04:00,SRNE
6.43,6.43,6.42,6.42,3600,2021-10-06 15:05:00,SRNE
6.41,6.415,6.4,6.4001,10760,2021-10-06 15:06:00,SRNE
6.405,6.405,6.405,6.405,7500,2021-10-06 15:07:00,SRNE
6.4,6.405,6.39,6.39,10300,2021-10-06 15:08:00,SRNE
6.39,6.395,6.38,6.38,7120,2021-10-06 15:09:00,SRNE
6.39,6.39,6.36,6.37,3735,2021-10-06 15:10:00,SRNE
6.37,6.375,6.3697,6.375,14201,2021-10-06 15:11:00,SRNE
6.38,6.3871,6.3797,6.3871,10887,2021-10-06 15:12:00,SRNE
6.38,6.3872,6.36,6.36,24139,2021-10-06 15:13:00,SRNE
6.361,6.365,6.36,6.36,5928,2021-10-06 15:14:00,SRNE
6.36,6.365,6.355,6.365,6952,2021-10-06 15:15:00,SRNE
6.36,6.365,6.36,6.365,200,2021-10-06 15:16:00,SRNE
6.37,6.38,6.365,6.38,5454,2021-10-06 15:17:00,SRNE
6.375,6.38,6.37,6.37,2100,2021-10-06 15:18:00,SRNE
6.375,6.375,6.375,6.375,300,2021-10-06 15:19:00,SRNE
6.375,6.375,6.365,6.365,4095,2021-10-06 15:20:00,SRNE
6.3688,6.37,6.36,6.37,2200,2021-10-06 15:21:00,SRNE
6.37,6.38,6.365,6.38,6726,2021-10-06 15:22:00,SRNE
6.38,6.38,6.365,6.365,4419,2021-10-06 15:23:00,SRNE
6.37,6.375,6.37,6.375,3900,2021-10-06 15:24:00,SRNE
6.375,6.38,6.375,6.38,300,2021-10-06 15:25:00,SRNE
6.375,6.38,6.37,6.38,5542,2021-10-06 15:26:00,SRNE
6.3819,6.396,6.38,6.396,12574,2021-10-06 15:27:00,SRNE
6.4,6.4,6.3915,6.3915,4570,2021-10-06 15:28:00,SRNE
6.4,6.405,6.3932,6.4,16734,2021-10-06 15:29:00,SRNE
6.4,6.4056,6.395,6.4,10117,2021-10-06 15:30:00,SRNE
6.39,6.39,6.385,6.39,2216,2021-10-06 15:31:00,SRNE
6.39,6.39,6.38,6.38,1317,2021-10-06 15:32:00,SRNE
6.38,6.38,6.365,6.3699,15600,2021-10-06 15:33:00,SRNE
6.365,6.385,6.365,6.38,12709,2021-10-06 15:34:00,SRNE
6.3806,6.3806,6.38,6.38,761,2021-10-06 15:35:00,SRNE
6.385,6.385,6.37,6.37,1463,2021-10-06 15:36:00,SRNE
6.375,6.3785,6.371,6.3785,548,2021-10-06 15:37:00,SRNE
6.38,6.38,6.3793,6.3793,1351,2021-10-06 15:38:00,SRNE
6.38,6.405,6.38,6.4,23300,2021-10-06 15:39:00,SRNE
6.405,6.409,6.39,6.39,2956,2021-10-06 15:40:00,SRNE
6.395,6.41,6.395,6.4099,2445,2021-10-06 15:41:00,SRNE
6.4098,6.41,6.4,6.405,6200,2021-10-06 15:42:00,SRNE
6.405,6.405,6.405,6.405,200,2021-10-06 15:43:00,SRNE
6.405,6.41,6.405,6.41,200,2021-10-06 15:44:00,SRNE
6.41,6.4175,6.41,6.4127,3864,2021-10-06 15:45:00,SRNE
6.42,6.42,6.41,6.41,1037,2021-10-06 15:46:00,SRNE
6.415,6.415,6.41,6.41,2100,2021-10-06 15:47:00,SRNE
6.4145,6.4145,6.405,6.405,4325,2021-10-06 15:48:00,SRNE
6.405,6.41,6.405,6.41,2400,2021-10-06 15:49:00,SRNE
6.4041,6.405,6.4015,6.4015,2157,2021-10-06 15:50:00,SRNE
6.405,6.41,6.405,6.41,300,2021-10-06 15:51:00,SRNE
6.41,6.41,6.395,6.395,2700,2021-10-06 15:52:00,SRNE
6.4,6.4,6.38,6.38,5220,2021-10-06 15:53:00,SRNE
6.385,6.385,6.385,6.385,600,2021-10-06 15:54:00,SRNE
6.38,6.38,6.38,6.38,100,2021-10-06 15:55:00,SRNE
6.385,6.3896,6.38,6.38,7850,2021-10-06 15:56:00,SRNE
6.3891,6.3891,6.38,6.385,4202,2021-10-06 15:57:00,SRNE
6.39,6.415,6.39,6.4101,35172,2021-10-06 15:58:00,SRNE
6.415,6.416,6.41,6.41,1400,2021-10-06 15:59:00,SRNE
6.4174,6.42,6.41,6.4131,3788,2021-10-06 16:00:00,SRNE
6.42,6.43,6.42,6.4214,2900,2021-10-06 16:01:00,SRNE
6.4201,6.4201,6.42,6.42,800,2021-10-06 16:02:00,SRNE
6.4299,6.4299,6.4299,6.4299,200,2021-10-06 16:04:00,SRNE
6.425,6.43,6.42,6.43,3023,2021-10-06 16:05:00,SRNE
6.4299,6.4299,6.4207,6.4207,2100,2021-10-06 16:07:00,SRNE
6.42,6.4228,6.415,6.4228,7749,2021-10-06 16:08:00,SRNE
6.4201,6.4201,6.415,6.4195,4429,2021-10-06 16:09:00,SRNE
6.42,6.43,6.4,6.405,23069,2021-10-06 16:10:00,SRNE
6.405,6.41,6.4001,6.41,2300,2021-10-06 16:11:00,SRNE
6.405,6.41,6.4024,6.4047,5400,2021-10-06 16:12:00,SRNE
6.41,6.415,6.4027,6.41,5573,2021-10-06 16:13:00,SRNE
6.41,6.42,6.41,6.415,3192,2021-10-06 16:14:00,SRNE
6.4118,6.42,6.4101,6.42,10787,2021-10-06 16:15:00,SRNE
6.42,6.42,6.41,6.41,2550,2021-10-06 16:16:00,SRNE
6.4199,6.42,6.41,6.41,704,2021-10-06 16:17:00,SRNE
6.41,6.41,6.4065,6.4099,10138,2021-10-06 16:19:00,SRNE
6.41,6.41,6.4,6.405,11288,2021-10-06 16:20:00,SRNE
6.41,6.41,6.409,6.41,347,2021-10-06 16:21:00,SRNE
6.41,6.41,6.4091,6.4091,1150,2021-10-06 16:22:00,SRNE
6.4,6.405,6.4,6.405,4923,2021-10-06 16:23:00,SRNE
6.405,6.41,6.405,6.41,1070,2021-10-06 16:24:00,SRNE
6.405,6.405,6.39,6.395,32403,2021-10-06 16:25:00,SRNE
6.39,6.395,6.39,6.395,1200,2021-10-06 16:26:00,SRNE
6.39,6.39,6.365,6.365,8044,2021-10-06 16:27:00,SRNE
6.365,6.375,6.365,6.37,7841,2021-10-06 16:28:00,SRNE
6.3755,6.3796,6.37,6.37,4200,2021-10-06 16:29:00,SRNE
6.3748,6.3748,6.3748,6.3748,5000,2021-10-06 16:30:00,SRNE
6.37,6.38,6.37,6.38,5100,2021-10-06 16:31:00,SRNE
6.371,6.375,6.371,6.375,1675,2021-10-06 16:33:00,SRNE
6.375,6.375,6.365,6.3694,4605,2021-10-06 16:34:00,SRNE
6.365,6.365,6.36,6.36,400,2021-10-06 16:35:00,SRNE
6.36,6.3666,6.36,6.3666,2990,2021-10-06 16:36:00,SRNE
6.3601,6.365,6.3601,6.365,5135,2021-10-06 16:37:00,SRNE
6.36,6.3601,6.36,6.3601,250,2021-10-06 16:38:00,SRNE
6.3684,6.3684,6.36,6.361,3100,2021-10-06 16:39:00,SRNE
6.361,6.37,6.361,6.3684,3270,2021-10-06 16:40:00,SRNE
6.37,6.375,6.37,6.375,4313,2021-10-06 16:41:00,SRNE
6.375,6.38,6.375,6.38,200,2021-10-06 16:42:00,SRNE
6.38,6.385,6.38,6.38,4592,2021-10-06 16:43:00,SRNE
6.39,6.39,6.385,6.385,709,2021-10-06 16:44:00,SRNE
6.385,6.39,6.38,6.3818,5685,2021-10-06 16:45:00,SRNE
6.38,6.3804,6.375,6.38,3600,2021-10-06 16:46:00,SRNE
6.37,6.37,6.365,6.365,3707,2021-10-06 16:47:00,SRNE
6.37,6.375,6.37,6.37,23458,2021-10-06 16:48:00,SRNE
6.3794,6.3794,6.37,6.3701,9950,2021-10-06 16:49:00,SRNE
6.3701,6.3701,6.3701,6.3701,300,2021-10-06 16:50:00,SRNE
6.3711,6.38,6.365,6.365,13374,2021-10-06 16:51:00,SRNE
6.365,6.37,6.3621,6.37,14410,2021-10-06 16:52:00,SRNE
6.365,6.37,6.365,6.37,11300,2021-10-06 16:53:00,SRNE
6.37,6.38,6.37,6.3799,2714,2021-10-06 16:54:00,SRNE
6.38,6.38,6.3794,6.38,2750,2021-10-06 16:55:00,SRNE
6.3729,6.38,6.3729,6.38,475,2021-10-06 16:56:00,SRNE
6.38,6.38,6.38,6.38,10000,2021-10-06 16:57:00,SRNE
6.38,6.38,6.37,6.37,1300,2021-10-06 16:59:00,SRNE
6.375,6.38,6.375,6.375,1700,2021-10-06 17:00:00,SRNE
6.37,6.37,6.36,6.36,13050,2021-10-06 17:02:00,SRNE
6.37,6.38,6.365,6.38,15388,2021-10-06 17:03:00,SRNE
6.375,6.375,6.355,6.3588,12218,2021-10-06 17:04:00,SRNE
6.36,6.37,6.36,6.37,3150,2021-10-06 17:05:00,SRNE
6.365,6.365,6.3612,6.3612,611,2021-10-06 17:06:00,SRNE
6.36,6.36,6.355,6.355,2216,2021-10-06 17:07:00,SRNE
6.3586,6.3586,6.35,6.355,1797,2021-10-06 17:08:00,SRNE
6.355,6.36,6.3517,6.36,9100,2021-10-06 17:09:00,SRNE
6.36,6.3699,6.355,6.355,3080,2021-10-06 17:10:00,SRNE
6.36,6.37,6.36,6.365,7727,2021-10-06 17:11:00,SRNE
6.36,6.36,6.36,6.36,1720,2021-10-06 17:12:00,SRNE
6.36,6.365,6.36,6.365,250,2021-10-06 17:13:00,SRNE
6.36,6.36,6.355,6.36,2614,2021-10-06 17:14:00,SRNE
6.36,6.36,6.3545,6.3545,1000,2021-10-06 17:15:00,SRNE
6.35,6.355,6.35,6.35,418,2021-10-06 17:16:00,SRNE
6.355,6.355,6.35,6.355,432,2021-10-06 17:17:00,SRNE
6.3578,6.36,6.35,6.36,13524,2021-10-06 17:18:00,SRNE
6.36,6.3692,6.36,6.365,9048,2021-10-06 17:19:00,SRNE
6.36,6.365,6.36,6.36,400,2021-10-06 17:20:00,SRNE
6.365,6.365,6.36,6.3615,310,2021-10-06 17:21:00,SRNE
6.36,6.38,6.36,6.38,7100,2021-10-06 17:22:00,SRNE
6.38,6.38,6.37,6.37,3116,2021-10-06 17:23:00,SRNE
6.37,6.37,6.36,6.36,1823,2021-10-06 17:24:00,SRNE
6.365,6.365,6.36,6.36,3541,2021-10-06 17:26:00,SRNE
6.355,6.36,6.3532,6.36,1952,2021-10-06 17:27:00,SRNE
6.36,6.36,6.355,6.355,660,2021-10-06 17:28:00,SRNE
6.355,6.36,6.355,6.3583,11000,2021-10-06 17:29:00,SRNE
6.3582,6.3582,6.355,6.355,308,2021-10-06 17:30:00,SRNE
6.355,6.37,6.355,6.37,5614,2021-10-06 17:31:00,SRNE
6.3622,6.37,6.36,6.36,7497,2021-10-06 17:32:00,SRNE
6.355,6.36,6.353,6.3586,925,2021-10-06 17:33:00,SRNE
6.36,6.36,6.3528,6.3528,6315,2021-10-06 17:34:00,SRNE
6.36,6.36,6.36,6.36,923,2021-10-06 17:35:00,SRNE
6.36,6.36,6.35,6.3593,23680,2021-10-06 17:36:00,SRNE
6.3599,6.36,6.3501,6.36,4200,2021-10-06 17:37:00,SRNE
6.36,6.365,6.3531,6.36,6321,2021-10-06 17:38:00,SRNE
6.37,6.37,6.365,6.365,600,2021-10-06 17:39:00,SRNE
6.36,6.37,6.36,6.365,2500,2021-10-06 17:40:00,SRNE
6.365,6.37,6.365,6.37,650,2021-10-06 17:41:00,SRNE
6.365,6.385,6.365,6.38,15597,2021-10-06 17:42:00,SRNE
6.3828,6.4,6.3828,6.39,23303,2021-10-06 17:43:00,SRNE
6.395,6.395,6.39,6.395,569,2021-10-06 17:44:00,SRNE
6.4,6.4,6.395,6.395,200,2021-10-06 17:45:00,SRNE
6.4,6.41,6.4,6.4001,5101,2021-10-06 17:46:00,SRNE
6.4,6.4,6.395,6.4,3406,2021-10-06 17:47:00,SRNE
6.4,6.41,6.4,6.41,3463,2021-10-06 17:48:00,SRNE
6.4,6.41,6.4,6.401,13770,2021-10-06 17:49:00,SRNE
6.4,6.4,6.38,6.38,8027,2021-10-06 17:50:00,SRNE
6.385,6.39,6.385,6.39,1161,2021-10-06 17:51:00,SRNE
6.3897,6.3897,6.385,6.387,3200,2021-10-06 17:52:00,SRNE
6.385,6.385,6.385,6.385,741,2021-10-06 17:53:00,SRNE
6.385,6.386,6.38,6.3857,9886,2021-10-06 17:54:00,SRNE
6.38,6.385,6.38,6.385,882,2021-10-06 17:55:00,SRNE
6.3801,6.3801,6.38,6.38,300,2021-10-06 17:56:00,SRNE
6.38,6.3801,6.37,6.375,20777,2021-10-06 17:57:00,SRNE
6.37,6.375,6.37,6.375,2413,2021-10-06 17:58:00,SRNE
6.3768,6.3768,6.37,6.3748,12359,2021-10-06 17:59:00,SRNE
6.38,6.385,6.38,6.385,3108,2021-10-06 18:00:00,SRNE
6.38,6.38,6.365,6.365,1964,2021-10-06 18:01:00,SRNE
6.37,6.3899,6.37,6.3899,5814,2021-10-06 18:02:00,SRNE
6.3869,6.3869,6.38,6.38,10400,2021-10-06 18:03:00,SRNE
6.39,6.39,6.385,6.385,400,2021-10-06 18:04:00,SRNE
6.385,6.39,6.38,6.39,1210,2021-10-06 18:05:00,SRNE
6.3887,6.4,6.3838,6.395,20809,2021-10-06 18:06:00,SRNE
6.395,6.4,6.395,6.4,400,2021-10-06 18:07:00,SRNE
6.395,6.395,6.39,6.395,900,2021-10-06 18:08:00,SRNE
6.4,6.4,6.39,6.39,1100,2021-10-06 18:09:00,SRNE
6.3917,6.398,6.39,6.395,1100,2021-10-06 18:10:00,SRNE
6.39,6.4,6.39,6.393,1820,2021-10-06 18:11:00,SRNE
6.4,6.42,6.4,6.42,8047,2021-10-06 18:12:00,SRNE
6.415,6.42,6.4,6.4,3815,2021-10-06 18:13:00,SRNE
6.4,6.4,6.4,6.4,4603,2021-10-06 18:14:00,SRNE
6.4,6.4,6.3905,6.3905,2070,2021-10-06 18:15:00,SRNE
6.4,6.4,6.4,6.4,400,2021-10-06 18:16:00,SRNE
6.4,6.405,6.3914,6.405,13261,2021-10-06 18:17:00,SRNE
6.41,6.41,6.41,6.41,400,2021-10-06 18:18:00,SRNE
6.405,6.4097,6.4037,6.4037,12051,2021-10-06 18:19:00,SRNE
6.41,6.42,6.41,6.41,3308,2021-10-06 18:20:00,SRNE
6.415,6.42,6.415,6.42,214,2021-10-06 18:21:00,SRNE
6.415,6.415,6.415,6.415,600,2021-10-06 18:22:00,SRNE
6.41,6.42,6.41,6.415,5295,2021-10-06 18:23:00,SRNE
6.41,6.415,6.41,6.4102,1100,2021-10-06 18:24:00,SRNE
6.415,6.415,6.415,6.415,200,2021-10-06 18:25:00,SRNE
6.4101,6.42,6.41,6.42,2396,2021-10-06 18:26:00,SRNE
6.41,6.4102,6.405,6.405,3855,2021-10-06 18:27:00,SRNE
6.41,6.415,6.41,6.415,6337,2021-10-06 18:28:00,SRNE
6.415,6.4199,6.41,6.41,6945,2021-10-06 18:29:00,SRNE
6.4101,6.42,6.41,6.41,8750,2021-10-06 18:30:00,SRNE
6.41,6.42,6.41,6.415,4400,2021-10-06 18:31:00,SRNE
6.42,6.42,6.4101,6.415,5400,2021-10-06 18:32:00,SRNE
6.415,6.4178,6.4101,6.415,2000,2021-10-06 18:33:00,SRNE
6.4115,6.4115,6.41,6.41,400,2021-10-06 18:34:00,SRNE
6.415,6.42,6.41,6.41,762,2021-10-06 18:35:00,SRNE
6.415,6.42,6.41,6.415,900,2021-10-06 18:36:00,SRNE
6.4128,6.4128,6.41,6.4101,500,2021-10-06 18:37:00,SRNE
6.415,6.44,6.415,6.44,28332,2021-10-06 18:38:00,SRNE
6.435,6.44,6.4328,6.435,1268,2021-10-06 18:39:00,SRNE
6.4387,6.4387,6.4209,6.4209,16485,2021-10-06 18:40:00,SRNE
6.425,6.4299,6.42,6.42,916,2021-10-06 18:41:00,SRNE
6.425,6.43,6.425,6.425,1000,2021-10-06 18:42:00,SRNE
6.425,6.43,6.425,6.425,1012,2021-10-06 18:43:00,SRNE
6.42,6.425,6.42,6.425,200,2021-10-06 18:44:00,SRNE
6.425,6.425,6.425,6.425,200,2021-10-06 18:45:00,SRNE
6.4269,6.43,6.425,6.43,1025,2021-10-06 18:46:00,SRNE
6.42,6.425,6.41,6.415,4965,2021-10-06 18:47:00,SRNE
6.4168,6.42,6.41,6.42,3520,2021-10-06 18:48:00,SRNE
6.42,6.43,6.42,6.427,4158,2021-10-06 18:49:00,SRNE
6.422,6.4299,6.42,6.425,4300,2021-10-06 18:50:00,SRNE
6.425,6.4284,6.415,6.4213,7124,2021-10-06 18:51:00,SRNE
6.42,6.42,6.4101,6.4101,1700,2021-10-06 18:52:00,SRNE
6.42,6.42,6.42,6.42,2438,2021-10-06 18:53:00,SRNE
6.4145,6.42,6.413,6.413,3360,2021-10-06 18:54:00,SRNE
6.4137,6.42,6.41,6.415,5338,2021-10-06 18:55:00,SRNE
6.415,6.42,6.415,6.42,1000,2021-10-06 18:56:00,SRNE
6.42,6.42,6.42,6.42,1726,2021-10-06 18:57:00,SRNE
6.415,6.415,6.41,6.41,2100,2021-10-06 18:58:00,SRNE
6.42,6.42,6.42,6.42,400,2021-10-06 18:59:00,SRNE
6.42,6.43,6.42,6.43,3529,2021-10-06 19:00:00,SRNE
6.42,6.425,6.42,6.425,600,2021-10-06 19:01:00,SRNE
6.425,6.425,6.42,6.42,1000,2021-10-06 19:02:00,SRNE
6.425,6.43,6.4201,6.425,5195,2021-10-06 19:03:00,SRNE
6.43,6.43,6.42,6.43,2000,2021-10-06 19:04:00,SRNE
6.425,6.43,6.4244,6.43,2899,2021-10-06 19:05:00,SRNE
6.4201,6.425,6.42,6.425,4600,2021-10-06 19:06:00,SRNE
6.425,6.43,6.425,6.425,1700,2021-10-06 19:07:00,SRNE
6.4221,6.4221,6.41,6.4102,15927,2021-10-06 19:08:00,SRNE
6.41,6.4102,6.385,6.395,30353,2021-10-06 19:09:00,SRNE
6.395,6.41,6.395,6.41,6826,2021-10-06 19:10:00,SRNE
6.405,6.41,6.405,6.409,1947,2021-10-06 19:11:00,SRNE
6.41,6.41,6.405,6.405,5126,2021-10-06 19:12:00,SRNE
6.405,6.41,6.395,6.41,11555,2021-10-06 19:13:00,SRNE
6.41,6.41,6.405,6.41,1250,2021-10-06 19:14:00,SRNE
6.4085,6.419,6.4061,6.419,4774,2021-10-06 19:15:00,SRNE
6.41,6.41,6.405,6.405,1500,2021-10-06 19:16:00,SRNE
6.4045,6.4045,6.38,6.385,4400,2021-10-06 19:17:00,SRNE
6.385,6.385,6.365,6.365,9066,2021-10-06 19:18:00,SRNE
6.365,6.38,6.36,6.365,16325,2021-10-06 19:19:00,SRNE
6.37,6.3771,6.37,6.3709,8257,2021-10-06 19:20:00,SRNE
6.375,6.375,6.365,6.371,5253,2021-10-06 19:21:00,SRNE
6.375,6.375,6.355,6.355,22277,2021-10-06 19:22:00,SRNE
6.355,6.36,6.35,6.3557,33025,2021-10-06 19:23:00,SRNE
6.35,6.36,6.35,6.355,5781,2021-10-06 19:24:00,SRNE
6.36,6.3709,6.36,6.3709,12006,2021-10-06 19:25:00,SRNE
6.37,6.37,6.36,6.3602,1061,2021-10-06 19:26:00,SRNE
6.365,6.365,6.36,6.36,9777,2021-10-06 19:27:00,SRNE
6.355,6.38,6.355,6.3799,5806,2021-10-06 19:28:00,SRNE
6.38,6.381,6.375,6.375,1484,2021-10-06 19:29:00,SRNE
6.37,6.373,6.36,6.36,11727,2021-10-06 19:30:00,SRNE
6.3699,6.3699,6.355,6.3589,8120,2021-10-06 19:31:00,SRNE
6.36,6.37,6.355,6.36,6569,2021-10-06 19:32:00,SRNE
6.35,6.3579,6.35,6.3579,800,2021-10-06 19:33:00,SRNE
6.35,6.3518,6.345,6.345,10173,2021-10-06 19:34:00,SRNE
6.345,6.3488,6.34,6.342,2054,2021-10-06 19:35:00,SRNE
6.3421,6.3473,6.34,6.345,1717,2021-10-06 19:36:00,SRNE
6.34,6.345,6.34,6.34,2400,2021-10-06 19:37:00,SRNE
6.34,6.349,6.33,6.3323,13834,2021-10-06 19:38:00,SRNE
6.33,6.34,6.33,6.335,4810,2021-10-06 19:39:00,SRNE
6.335,6.34,6.33,6.33,2143,2021-10-06 19:40:00,SRNE
6.33,6.335,6.33,6.33,6572,2021-10-06 19:41:00,SRNE
6.335,6.3373,6.33,6.335,2969,2021-10-06 19:42:00,SRNE
6.34,6.34,6.33,6.335,13614,2021-10-06 19:43:00,SRNE
6.335,6.36,6.335,6.359,18862,2021-10-06 19:44:00,SRNE
6.35,6.3593,6.35,6.35,5717,2021-10-06 19:45:00,SRNE
6.355,6.3699,6.355,6.365,22742,2021-10-06 19:46:00,SRNE
6.36,6.36,6.35,6.355,15290,2021-10-06 19:47:00,SRNE
6.35,6.3571,6.345,6.35,1835,2021-10-06 19:48:00,SRNE
6.345,6.3499,6.34,6.34,1545,2021-10-06 19:49:00,SRNE
6.34,6.34,6.32,6.33,62647,2021-10-06 19:50:00,SRNE
6.325,6.34,6.323,6.325,17824,2021-10-06 19:51:00,SRNE
6.325,6.33,6.32,6.325,3552,2021-10-06 19:52:00,SRNE
6.325,6.325,6.305,6.31,74104,2021-10-06 19:53:00,SRNE
6.31,6.3294,6.31,6.325,25521,2021-10-06 19:54:00,SRNE
6.33,6.33,6.32,6.32,5462,2021-10-06 19:55:00,SRNE
6.325,6.33,6.32,6.33,11200,2021-10-06 19:56:00,SRNE
6.33,6.35,6.325,6.35,26143,2021-10-06 19:57:00,SRNE
6.345,6.37,6.34,6.365,46810,2021-10-06 19:58:00,SRNE
6.365,6.38,6.36,6.3688,70703,2021-10-06 19:59:00,SRNE
6.36,6.36,6.36,6.36,254550,2021-10-06 20:00:00,SRNE
6.36,6.36,6.36,6.36,5340,2021-10-06 20:01:00,SRNE
6.36,6.36,6.36,6.36,500,2021-10-06 20:31:00,SRNE
6.36,6.36,6.36,6.36,206,2021-10-06 20:32:00,SRNE
6.36,6.36,6.36,6.36,100,2021-10-06 20:56:00,SRNE
6.36,6.36,6.36,6.36,200,2021-10-06 20:57:00,SRNE
6.36,6.36,6.36,6.36,100,2021-10-06 21:01:00,SRNE
6.35,6.35,6.35,6.35,967,2021-10-06 21:37:00,SRNE
6.35,6.35,6.35,6.35,200,2021-10-06 21:43:00,SRNE
6.35,6.35,6.35,6.35,300,2021-10-06 21:47:00,SRNE
6.42,6.42,6.42,6.42,178,2021-10-06 21:49:00,SRNE
6.4016,6.4016,6.4016,6.4016,2009,2021-10-06 21:52:00,SRNE
6.39,6.39,6.39,6.39,500,2021-10-06 22:02:00,SRNE
6.39,6.39,6.39,6.39,500,2021-10-06 22:03:00,SRNE
6.39,6.39,6.39,6.39,1000,2021-10-06 22:46:00,SRNE
6.39,6.39,6.39,6.39,500,2021-10-06 22:47:00,SRNE
6.39,6.39,6.39,6.39,1000,2021-10-06 22:59:00,SRNE
6.39,6.39,6.39,6.39,1000,2021-10-06 23:00:00,SRNE
6.37,6.37,6.37,6.37,952,2021-10-06 23:04:00,SRNE
6.37,6.37,6.37,6.37,1000,2021-10-06 23:16:00,SRNE
6.37,6.37,6.37,6.37,2435,2021-10-06 23:18:00,SRNE
6.36,6.36,6.36,6.36,200,2021-10-06 23:52:00,SRNE
6.35,6.35,6.35,6.35,500,2021-10-06 23:55:00,SRNE
6.35,6.35,6.35,6.35,500,2021-10-06 23:56:00,SRNE
6.34,6.34,6.34,6.34,300,2021-10-06 23:59:00,SRNE
6.38,6.38,6.38,6.38,545,2021-10-07 10:54:00,SRNE
6.4,6.4,6.4,6.4,2566,2021-10-07 11:00:00,SRNE
6.42,6.42,6.42,6.42,400,2021-10-07 11:04:00,SRNE
6.42,6.42,6.42,6.42,100,2021-10-07 11:06:00,SRNE
6.42,6.42,6.42,6.42,222,2021-10-07 11:08:00,SRNE
6.44,6.45,6.44,6.45,800,2021-10-07 11:13:00,SRNE
6.44,6.44,6.44,6.44,200,2021-10-07 11:16:00,SRNE
6.45,6.45,6.45,6.45,100,2021-10-07 11:22:00,SRNE
6.46,6.47,6.46,6.47,200,2021-10-07 11:24:00,SRNE
6.47,6.48,6.47,6.48,800,2021-10-07 11:28:00,SRNE
6.49,6.51,6.49,6.51,1594,2021-10-07 11:29:00,SRNE
6.49,6.49,6.49,6.49,100,2021-10-07 11:32:00,SRNE
6.48,6.48,6.48,6.48,600,2021-10-07 11:41:00,SRNE
6.47,6.49,6.47,6.49,1520,2021-10-07 11:46:00,SRNE
6.47,6.47,6.47,6.47,500,2021-10-07 12:09:00,SRNE
6.47,6.47,6.47,6.47,2000,2021-10-07 12:14:00,SRNE
6.46,6.46,6.46,6.46,1000,2021-10-07 12:17:00,SRNE
6.47,6.47,6.47,6.47,1895,2021-10-07 12:18:00,SRNE
6.48,6.48,6.48,6.48,1000,2021-10-07 12:19:00,SRNE
6.48,6.48,6.48,6.48,102,2021-10-07 12:25:00,SRNE
6.48,6.48,6.48,6.48,400,2021-10-07 12:28:00,SRNE
6.47,6.48,6.46,6.48,1100,2021-10-07 12:33:00,SRNE
6.4799,6.4799,6.4799,6.4799,310,2021-10-07 12:41:00,SRNE
6.46,6.46,6.46,6.46,3900,2021-10-07 12:47:00,SRNE
6.47,6.47,6.47,6.47,893,2021-10-07 12:54:00,SRNE
6.48,6.48,6.48,6.48,2000,2021-10-07 12:56:00,SRNE
6.47,6.47,6.47,6.47,1000,2021-10-07 12:57:00,SRNE
6.47,6.47,6.47,6.47,200,2021-10-07 12:59:00,SRNE
6.46,6.46,6.46,6.46,500,2021-10-07 13:01:00,SRNE
6.47,6.47,6.47,6.47,400,2021-10-07 13:06:00,SRNE
6.4699,6.4699,6.4699,6.4699,1000,2021-10-07 13:09:00,SRNE
6.46,6.46,6.46,6.46,1000,2021-10-07 13:23:00,SRNE
6.47,6.47,6.47,6.47,150,2021-10-07 13:25:00,SRNE
6.46,6.46,6.46,6.46,300,2021-10-07 13:27:00,SRNE
6.45,6.46,6.44,6.44,3362,2021-10-07 13:28:00,SRNE
6.42,6.42,6.4,6.4,1800,2021-10-07 13:29:00,SRNE
6.41,6.46,6.33,6.35,81881,2021-10-07 13:30:00,SRNE
6.35,6.38,6.35,6.3751,27337,2021-10-07 13:31:00,SRNE
6.38,6.3849,6.35,6.36,6971,2021-10-07 13:32:00,SRNE
6.36,6.3696,6.3301,6.3682,31735,2021-10-07 13:33:00,SRNE
6.36,6.3642,6.349,6.35,26949,2021-10-07 13:34:00,SRNE
6.36,6.39,6.36,6.39,17630,2021-10-07 13:35:00,SRNE
6.385,6.4093,6.385,6.409,10631,2021-10-07 13:36:00,SRNE
6.41,6.415,6.39,6.4,11913,2021-10-07 13:37:00,SRNE
6.42,6.4267,6.42,6.42,5517,2021-10-07 13:38:00,SRNE
6.4101,6.43,6.385,6.385,3077,2021-10-07 13:39:00,SRNE
6.385,6.4114,6.385,6.4101,4650,2021-10-07 13:40:00,SRNE
6.41,6.41,6.39,6.41,8108,2021-10-07 13:41:00,SRNE
6.4192,6.4276,6.411,6.4272,12431,2021-10-07 13:42:00,SRNE
6.4291,6.44,6.415,6.44,21770,2021-10-07 13:43:00,SRNE
6.44,6.4499,6.43,6.435,7167,2021-10-07 13:44:00,SRNE
6.44,6.44,6.42,6.439,7208,2021-10-07 13:45:00,SRNE
6.435,6.49,6.435,6.49,21200,2021-10-07 13:46:00,SRNE
6.4801,6.485,6.47,6.47,10115,2021-10-07 13:47:00,SRNE
6.4753,6.4753,6.45,6.47,10281,2021-10-07 13:48:00,SRNE
6.4601,6.48,6.4601,6.4717,14148,2021-10-07 13:49:00,SRNE
6.48,6.48,6.47,6.47,5487,2021-10-07 13:50:00,SRNE
6.46,6.475,6.46,6.475,13920,2021-10-07 13:51:00,SRNE
6.4799,6.48,6.4701,6.475,8550,2021-10-07 13:52:00,SRNE
6.48,6.4899,6.47,6.47,6568,2021-10-07 13:53:00,SRNE
6.48,6.48,6.47,6.4713,7000,2021-10-07 13:54:00,SRNE
6.475,6.495,6.475,6.4918,7650,2021-10-07 13:55:00,SRNE
6.495,6.495,6.4807,6.4807,6011,2021-10-07 13:56:00,SRNE
6.48,6.4887,6.48,6.4809,2424,2021-10-07 13:57:00,SRNE
6.4801,6.485,6.48,6.48,2700,2021-10-07 13:58:00,SRNE
6.48,6.49,6.4789,6.4789,4286,2021-10-07 13:59:00,SRNE
6.475,6.48,6.475,6.48,5016,2021-10-07 14:00:00,SRNE
6.49,6.51,6.485,6.5,28052,2021-10-07 14:01:00,SRNE
6.5001,6.51,6.5001,6.51,4773,2021-10-07 14:02:00,SRNE
6.515,6.517,6.5003,6.5099,12300,2021-10-07 14:03:00,SRNE
6.509,6.509,6.49,6.5023,13705,2021-10-07 14:04:00,SRNE
6.505,6.52,6.495,6.52,15519,2021-10-07 14:05:00,SRNE
6.5109,6.52,6.5101,6.515,4000,2021-10-07 14:06:00,SRNE
6.52,6.52,6.511,6.511,1400,2021-10-07 14:07:00,SRNE
6.51,6.535,6.505,6.53,25152,2021-10-07 14:08:00,SRNE
6.535,6.54,6.53,6.535,6402,2021-10-07 14:09:00,SRNE
6.54,6.54,6.53,6.5325,1000,2021-10-07 14:10:00,SRNE
6.539,6.55,6.539,6.548,6349,2021-10-07 14:11:00,SRNE
6.54,6.55,6.54,6.545,12802,2021-10-07 14:12:00,SRNE
6.545,6.55,6.52,6.5289,10051,2021-10-07 14:13:00,SRNE
6.5299,6.54,6.5299,6.5331,5906,2021-10-07 14:14:00,SRNE
6.535,6.539,6.52,6.52,9450,2021-10-07 14:15:00,SRNE
6.51,6.52,6.51,6.52,5957,2021-10-07 14:16:00,SRNE
6.515,6.52,6.51,6.515,5720,2021-10-07 14:17:00,SRNE
6.52,6.52,6.52,6.52,300,2021-10-07 14:18:00,SRNE
6.517,6.52,6.515,6.52,4287,2021-10-07 14:19:00,SRNE
6.515,6.52,6.5118,6.52,2800,2021-10-07 14:20:00,SRNE
6.52,6.53,6.52,6.52,22388,2021-10-07 14:21:00,SRNE
6.525,6.53,6.5219,6.529,2300,2021-10-07 14:22:00,SRNE
6.5299,6.53,6.52,6.53,4862,2021-10-07 14:23:00,SRNE
6.5343,6.54,6.5343,6.54,4403,2021-10-07 14:24:00,SRNE
6.545,6.58,6.5448,6.58,27867,2021-10-07 14:25:00,SRNE
6.575,6.5789,6.565,6.5699,8531,2021-10-07 14:26:00,SRNE
6.5601,6.57,6.5601,6.57,3200,2021-10-07 14:27:00,SRNE
6.58,6.58,6.5799,6.58,900,2021-10-07 14:28:00,SRNE
6.5717,6.58,6.5717,6.575,1592,2021-10-07 14:29:00,SRNE
6.575,6.58,6.5715,6.5784,3900,2021-10-07 14:30:00,SRNE
6.5721,6.575,6.56,6.56,5104,2021-10-07 14:31:00,SRNE
6.565,6.568,6.56,6.56,7615,2021-10-07 14:32:00,SRNE
6.565,6.575,6.565,6.575,16269,2021-10-07 14:33:00,SRNE
6.58,6.61,6.58,6.61,10436,2021-10-07 14:34:00,SRNE
6.6,6.61,6.5914,6.5914,6417,2021-10-07 14:35:00,SRNE
6.595,6.6,6.585,6.5899,6319,2021-10-07 14:36:00,SRNE
6.59,6.59,6.58,6.59,5417,2021-10-07 14:37:00,SRNE
6.5877,6.5899,6.58,6.585,1533,2021-10-07 14:38:00,SRNE
6.58,6.59,6.58,6.59,1600,2021-10-07 14:39:00,SRNE
6.585,6.595,6.575,6.575,16484,2021-10-07 14:40:00,SRNE
6.58,6.6,6.58,6.6,10904,2021-10-07 14:41:00,SRNE
6.595,6.6,6.59,6.595,2555,2021-10-07 14:42:00,SRNE
6.595,6.595,6.594,6.594,2700,2021-10-07 14:43:00,SRNE
6.59,6.6,6.59,6.595,9589,2021-10-07 14:44:00,SRNE
6.595,6.6,6.59,6.6,16279,2021-10-07 14:45:00,SRNE
6.6,6.605,6.5985,6.6,9979,2021-10-07 14:46:00,SRNE
6.6,6.6,6.58,6.58,5080,2021-10-07 14:47:00,SRNE
6.58,6.58,6.57,6.5702,13792,2021-10-07 14:48:00,SRNE
6.5799,6.5799,6.57,6.5736,6600,2021-10-07 14:49:00,SRNE
6.571,6.58,6.571,6.58,1930,2021-10-07 14:50:00,SRNE
6.57,6.5778,6.5699,6.5778,7661,2021-10-07 14:51:00,SRNE
6.575,6.58,6.57,6.58,1830,2021-10-07 14:52:00,SRNE
6.5721,6.58,6.5721,6.58,1750,2021-10-07 14:53:00,SRNE
6.58,6.5977,6.5798,6.5977,12261,2021-10-07 14:54:00,SRNE
6.5999,6.5999,6.5901,6.5901,1380,2021-10-07 14:55:00,SRNE
6.6,6.615,6.6,6.61,10814,2021-10-07 14:56:00,SRNE
6.62,6.62,6.6111,6.615,4050,2021-10-07 14:57:00,SRNE
6.6187,6.62,6.61,6.61,6083,2021-10-07 14:58:00,SRNE
6.6107,6.615,6.6001,6.606,22017,2021-10-07 14:59:00,SRNE
6.6,6.605,6.575,6.585,56174,2021-10-07 15:00:00,SRNE
6.585,6.585,6.58,6.58,600,2021-10-07 15:01:00,SRNE
6.5823,6.6,6.5823,6.592,3183,2021-10-07 15:02:00,SRNE
6.59,6.6,6.59,6.5999,9087,2021-10-07 15:03:00,SRNE
6.5952,6.6,6.5952,6.6,5100,2021-10-07 15:04:00,SRNE
6.5938,6.6,6.592,6.6,13608,2021-10-07 15:05:00,SRNE
6.605,6.615,6.6,6.615,16343,2021-10-07 15:06:00,SRNE
6.618,6.62,6.61,6.6199,11875,2021-10-07 15:07:00,SRNE
6.615,6.6158,6.61,6.61,6079,2021-10-07 15:08:00,SRNE
6.6101,6.62,6.61,6.615,2020,2021-10-07 15:09:00,SRNE
6.61,6.61,6.6006,6.602,2832,2021-10-07 15:10:00,SRNE
6.6017,6.6017,6.6017,6.6017,768,2021-10-07 15:11:00,SRNE
6.605,6.605,6.595,6.595,12921,2021-10-07 15:12:00,SRNE
6.59,6.5982,6.59,6.5982,3158,2021-10-07 15:13:00,SRNE
6.6,6.6183,6.6,6.618,5924,2021-10-07 15:14:00,SRNE
6.615,6.6205,6.6103,6.6205,10284,2021-10-07 15:15:00,SRNE
6.62,6.63,6.62,6.6213,2050,2021-10-07 15:16:00,SRNE
6.62,6.625,6.62,6.62,2388,2021-10-07 15:17:00,SRNE
6.63,6.63,6.6201,6.625,7672,2021-10-07 15:18:00,SRNE
6.63,6.63,6.6234,6.6234,400,2021-10-07 15:19:00,SRNE
6.6274,6.63,6.6266,6.63,1708,2021-10-07 15:20:00,SRNE
6.628,6.63,6.62,6.625,1178,2021-10-07 15:21:00,SRNE
6.63,6.63,6.62,6.625,949,2021-10-07 15:22:00,SRNE
6.62,6.625,6.62,6.625,400,2021-10-07 15:23:00,SRNE
6.625,6.63,6.6228,6.63,1300,2021-10-07 15:24:00,SRNE
6.62,6.6275,6.615,6.615,4388,2021-10-07 15:25:00,SRNE
6.62,6.62,6.615,6.615,3200,2021-10-07 15:26:00,SRNE
6.61,6.61,6.6,6.6087,2900,2021-10-07 15:27:00,SRNE
6.6,6.61,6.595,6.605,12341,2021-10-07 15:28:00,SRNE
6.603,6.608,6.603,6.608,500,2021-10-07 15:29:00,SRNE
6.61,6.61,6.61,6.61,100,2021-10-07 15:30:00,SRNE
6.6016,6.62,6.6016,6.615,14747,2021-10-07 15:31:00,SRNE
6.615,6.62,6.6111,6.6111,5322,2021-10-07 15:32:00,SRNE
6.62,6.62,6.6101,6.6126,350,2021-10-07 15:33:00,SRNE
6.615,6.62,6.615,6.6182,875,2021-10-07 15:34:00,SRNE
6.615,6.62,6.615,6.615,600,2021-10-07 15:35:00,SRNE
6.618,6.62,6.6101,6.615,2200,2021-10-07 15:36:00,SRNE
6.613,6.6154,6.613,6.6154,720,2021-10-07 15:37:00,SRNE
6.61,6.62,6.61,6.62,300,2021-10-07 15:38:00,SRNE
6.62,6.62,6.615,6.615,600,2021-10-07 15:39:00,SRNE
6.615,6.615,6.6,6.615,13700,2021-10-07 15:40:00,SRNE
6.62,6.6235,6.61,6.61,9541,2021-10-07 15:41:00,SRNE
6.6124,6.6199,6.6099,6.6099,8200,2021-10-07 15:42:00,SRNE
6.61,6.61,6.61,6.61,100,2021-10-07 15:43:00,SRNE
6.605,6.61,6.6007,6.61,3502,2021-10-07 15:44:00,SRNE
6.6,6.6,6.6,6.6,2900,2021-10-07 15:45:00,SRNE
6.6012,6.6012,6.6012,6.6012,1200,2021-10-07 15:46:00,SRNE
6.605,6.605,6.605,6.605,100,2021-10-07 15:47:00,SRNE
6.6041,6.605,6.6,6.6001,2200,2021-10-07 15:48:00,SRNE
6.61,6.61,6.6001,6.605,2100,2021-10-07 15:49:00,SRNE
6.605,6.605,6.59,6.59,7022,2021-10-07 15:50:00,SRNE
6.595,6.595,6.595,6.595,300,2021-10-07 15:51:00,SRNE
6.6,6.6,6.59,6.59,500,2021-10-07 15:52:00,SRNE
6.595,6.595,6.595,6.595,2000,2021-10-07 15:53:00,SRNE
6.6,6.6,6.595,6.595,300,2021-10-07 15:54:00,SRNE
6.59,6.595,6.57,6.57,16597,2021-10-07 15:55:00,SRNE
6.58,6.58,6.57,6.5701,2343,2021-10-07 15:56:00,SRNE
6.57,6.58,6.57,6.58,4799,2021-10-07 15:57:00,SRNE
6.575,6.58,6.57,6.58,7300,2021-10-07 15:58:00,SRNE
6.575,6.605,6.575,6.6,18350,2021-10-07 15:59:00,SRNE
6.6,6.62,6.6,6.615,13712,2021-10-07 16:00:00,SRNE
6.62,6.625,6.615,6.62,5115,2021-10-07 16:01:00,SRNE
6.615,6.619,6.615,6.619,2475,2021-10-07 16:02:00,SRNE
6.62,6.62,6.6123,6.6185,715,2021-10-07 16:03:00,SRNE
6.615,6.62,6.6136,6.615,1171,2021-10-07 16:04:00,SRNE
6.62,6.62,6.6116,6.6132,4375,2021-10-07 16:05:00,SRNE
6.615,6.62,6.61,6.615,4550,2021-10-07 16:06:00,SRNE
6.62,6.62,6.62,6.62,200,2021-10-07 16:07:00,SRNE
6.6122,6.62,6.6122,6.62,900,2021-10-07 16:08:00,SRNE
6.62,6.62,6.615,6.619,381,2021-10-07 16:09:00,SRNE
6.62,6.62,6.61,6.62,3218,2021-10-07 16:10:00,SRNE
6.615,6.62,6.61,6.62,550,2021-10-07 16:11:00,SRNE
6.615,6.62,6.6143,6.62,5600,2021-10-07 16:12:00,SRNE
6.6177,6.6177,6.6,6.6014,6798,2021-10-07 16:13:00,SRNE
6.61,6.62,6.61,6.62,1146,2021-10-07 16:14:00,SRNE
6.615,6.6227,6.615,6.6227,8627,2021-10-07 16:15:00,SRNE
6.625,6.625,6.62,6.62,4658,2021-10-07 16:16:00,SRNE
6.6153,6.6153,6.61,6.615,2900,2021-10-07 16:17:00,SRNE
6.6186,6.62,6.6186,6.62,400,2021-10-07 16:18:00,SRNE
6.615,6.615,6.615,6.615,200,2021-10-07 16:19:00,SRNE
6.615,6.615,6.61,6.61,10985,2021-10-07 16:20:00,SRNE
6.615,6.62,6.6145,6.62,2800,2021-10-07 16:21:00,SRNE
6.62,6.62,6.6176,6.62,500,2021-10-07 16:22:00,SRNE
6.615,6.63,6.6124,6.6244,2673,2021-10-07 16:23:00,SRNE
6.63,6.63,6.62,6.63,3850,2021-10-07 16:24:00,SRNE
6.625,6.63,6.62,6.63,2600,2021-10-07 16:25:00,SRNE
6.63,6.63,6.625,6.625,500,2021-10-07 16:26:00,SRNE
6.63,6.63,6.6217,6.6224,1480,2021-10-07 16:27:00,SRNE
6.6271,6.63,6.62,6.62,925,2021-10-07 16:28:00,SRNE
6.62,6.625,6.61,6.62,6029,2021-10-07 16:29:00,SRNE
6.615,6.615,6.615,6.615,100,2021-10-07 16:30:00,SRNE
6.615,6.62,6.615,6.62,400,2021-10-07 16:31:00,SRNE
6.615,6.615,6.615,6.615,100,2021-10-07 16:32:00,SRNE
6.615,6.62,6.6129,6.615,2019,2021-10-07 16:33:00,SRNE
6.62,6.62,6.614,6.62,1500,2021-10-07 16:34:00,SRNE
6.6162,6.62,6.615,6.615,1317,2021-10-07 16:35:00,SRNE
6.615,6.63,6.615,6.6201,6198,2021-10-07 16:37:00,SRNE
6.63,6.64,6.63,6.63,5509,2021-10-07 16:38:00,SRNE
6.64,6.64,6.6318,6.638,2900,2021-10-07 16:39:00,SRNE
6.64,6.64,6.63,6.64,900,2021-10-07 16:40:00,SRNE
6.635,6.64,6.6301,6.6399,2300,2021-10-07 16:41:00,SRNE
6.64,6.64,6.6301,6.6301,600,2021-10-07 16:42:00,SRNE
6.64,6.64,6.63,6.635,7100,2021-10-07 16:43:00,SRNE
6.64,6.64,6.63,6.6301,7300,2021-10-07 16:44:00,SRNE
6.63,6.64,6.63,6.64,2950,2021-10-07 16:45:00,SRNE
6.64,6.64,6.63,6.64,16048,2021-10-07 16:46:00,SRNE
6.638,6.64,6.6331,6.64,5700,2021-10-07 16:47:00,SRNE
6.633,6.64,6.6301,6.638,2968,2021-10-07 16:48:00,SRNE
6.6325,6.64,6.6318,6.64,2150,2021-10-07 16:49:00,SRNE
6.635,6.64,6.635,6.635,1150,2021-10-07 16:50:00,SRNE
6.64,6.64,6.64,6.64,700,2021-10-07 16:51:00,SRNE
6.635,6.64,6.6301,6.64,3788,2021-10-07 16:52:00,SRNE
6.64,6.64,6.64,6.64,600,2021-10-07 16:53:00,SRNE
6.64,6.64,6.64,6.64,500,2021-10-07 16:54:00,SRNE
6.635,6.64,6.6301,6.635,1518,2021-10-07 16:55:00,SRNE
6.632,6.635,6.63,6.63,1599,2021-10-07 16:56:00,SRNE
6.635,6.64,6.6301,6.635,1110,2021-10-07 16:57:00,SRNE
6.64,6.64,6.64,6.64,100,2021-10-07 16:58:00,SRNE
6.6328,6.64,6.6328,6.64,1125,2021-10-07 16:59:00,SRNE
6.64,6.64,6.6324,6.635,544,2021-10-07 17:00:00,SRNE
6.633,6.64,6.633,6.635,2801,2021-10-07 17:01:00,SRNE
6.64,6.64,6.635,6.635,1848,2021-10-07 17:02:00,SRNE
6.64,6.64,6.62,6.6218,10911,2021-10-07 17:03:00,SRNE
6.62,6.62,6.61,6.6114,9919,2021-10-07 17:04:00,SRNE
6.61,6.61,6.61,6.61,2099,2021-10-07 17:05:00,SRNE
6.61,6.61,6.605,6.605,4860,2021-10-07 17:06:00,SRNE
6.61,6.61,6.605,6.6055,3100,2021-10-07 17:07:00,SRNE
6.6086,6.62,6.6086,6.6094,18595,2021-10-07 17:08:00,SRNE
6.605,6.605,6.6029,6.605,379,2021-10-07 17:09:00,SRNE
6.605,6.6099,6.605,6.6099,1100,2021-10-07 17:10:00,SRNE
6.6,6.615,6.6,6.615,3828,2021-10-07 17:11:00,SRNE
6.615,6.62,6.6101,6.615,1100,2021-10-07 17:12:00,SRNE
6.62,6.635,6.615,6.63,14040,2021-10-07 17:13:00,SRNE
6.64,6.65,6.635,6.6482,10466,2021-10-07 17:14:00,SRNE
6.645,6.645,6.64,6.64,1900,2021-10-07 17:15:00,SRNE
6.6421,6.645,6.6325,6.64,4540,2021-10-07 17:16:00,SRNE
6.63,6.64,6.63,6.64,3073,2021-10-07 17:17:00,SRNE
6.635,6.64,6.6301,6.64,2400,2021-10-07 17:18:00,SRNE
6.645,6.65,6.6401,6.645,5100,2021-10-07 17:19:00,SRNE
6.65,6.65,6.645,6.645,2200,2021-10-07 17:20:00,SRNE
6.65,6.65,6.6401,6.645,2100,2021-10-07 17:21:00,SRNE
6.65,6.65,6.647,6.6499,1352,2021-10-07 17:22:00,SRNE
6.65,6.65,6.64,6.645,6300,2021-10-07 17:23:00,SRNE
6.64,6.65,6.64,6.643,1800,2021-10-07 17:24:00,SRNE
6.645,6.65,6.645,6.65,500,2021-10-07 17:25:00,SRNE
6.6412,6.65,6.6412,6.65,1940,2021-10-07 17:26:00,SRNE
6.645,6.65,6.645,6.645,700,2021-10-07 17:27:00,SRNE
6.6473,6.65,6.645,6.65,1055,2021-10-07 17:28:00,SRNE
6.645,6.65,6.64,6.65,4370,2021-10-07 17:29:00,SRNE
6.65,6.65,6.6423,6.65,1576,2021-10-07 17:30:00,SRNE
6.65,6.65,6.6401,6.65,1050,2021-10-07 17:31:00,SRNE
6.6424,6.65,6.6424,6.644,1707,2021-10-07 17:32:00,SRNE
6.645,6.65,6.645,6.645,500,2021-10-07 17:33:00,SRNE
6.645,6.65,6.645,6.65,500,2021-10-07 17:34:00,SRNE
6.65,6.65,6.6433,6.6433,501,2021-10-07 17:35:00,SRNE
6.6421,6.65,6.6421,6.65,200,2021-10-07 17:36:00,SRNE
6.645,6.67,6.645,6.665,30507,2021-10-07 17:37:00,SRNE
6.66,6.6699,6.66,6.666,5493,2021-10-07 17:38:00,SRNE
6.67,6.68,6.6699,6.68,33444,2021-10-07 17:39:00,SRNE
6.675,6.69,6.6701,6.687,49192,2021-10-07 17:40:00,SRNE
6.69,6.7,6.69,6.6953,35112,2021-10-07 17:41:00,SRNE
6.69,6.6999,6.69,6.695,17450,2021-10-07 17:42:00,SRNE
6.6983,6.72,6.6983,6.7153,54885,2021-10-07 17:43:00,SRNE
6.7185,6.7185,6.69,6.69,30932,2021-10-07 17:44:00,SRNE
6.695,6.7,6.69,6.699,5561,2021-10-07 17:45:00,SRNE
6.695,6.6999,6.69,6.696,3314,2021-10-07 17:46:00,SRNE
6.69,6.7,6.69,6.6901,5759,2021-10-07 17:47:00,SRNE
6.6921,6.7,6.6921,6.697,9400,2021-10-07 17:48:00,SRNE
6.695,6.7,6.6925,6.695,7576,2021-10-07 17:49:00,SRNE
6.7,6.72,6.69,6.72,38518,2021-10-07 17:50:00,SRNE
6.72,6.72,6.71,6.72,3810,2021-10-07 17:51:00,SRNE
6.715,6.72,6.705,6.705,13737,2021-10-07 17:52:00,SRNE
6.7001,6.71,6.7,6.7076,8750,2021-10-07 17:53:00,SRNE
6.705,6.71,6.7,6.705,9430,2021-10-07 17:54:00,SRNE
6.705,6.705,6.705,6.705,100,2021-10-07 17:55:00,SRNE
6.705,6.71,6.7,6.7036,3100,2021-10-07 17:56:00,SRNE
6.705,6.71,6.7,6.705,920,2021-10-07 17:57:00,SRNE
6.705,6.71,6.7,6.7029,8500,2021-10-07 17:58:00,SRNE
6.71,6.71,6.7,6.71,800,2021-10-07 17:59:00,SRNE
6.71,6.71,6.7,6.7072,3700,2021-10-07 18:00:00,SRNE
6.71,6.71,6.705,6.705,900,2021-10-07 18:01:00,SRNE
6.705,6.71,6.7,6.705,1238,2021-10-07 18:02:00,SRNE
6.705,6.71,6.69,6.69,11987,2021-10-07 18:03:00,SRNE
6.681,6.681,6.6724,6.675,7569,2021-10-07 18:04:00,SRNE
6.675,6.6799,6.6701,6.675,2900,2021-10-07 18:05:00,SRNE
6.675,6.68,6.6722,6.675,3120,2021-10-07 18:06:00,SRNE
6.675,6.68,6.674,6.674,2500,2021-10-07 18:07:00,SRNE
6.6786,6.69,6.6786,6.685,5995,2021-10-07 18:08:00,SRNE
6.69,6.69,6.67,6.67,3427,2021-10-07 18:09:00,SRNE
6.675,6.675,6.675,6.675,200,2021-10-07 18:10:00,SRNE
6.67,6.68,6.67,6.68,1809,2021-10-07 18:11:00,SRNE
6.675,6.675,6.675,6.675,212,2021-10-07 18:12:00,SRNE
6.675,6.68,6.67,6.68,500,2021-10-07 18:13:00,SRNE
6.67,6.67,6.66,6.6601,6070,2021-10-07 18:14:00,SRNE
6.67,6.67,6.6699,6.6699,3100,2021-10-07 18:15:00,SRNE
6.665,6.665,6.66,6.66,2015,2021-10-07 18:16:00,SRNE
6.665,6.665,6.665,6.665,100,2021-10-07 18:17:00,SRNE
6.66,6.665,6.66,6.665,200,2021-10-07 18:18:00,SRNE
6.665,6.665,6.65,6.65,9479,2021-10-07 18:19:00,SRNE
6.655,6.66,6.65,6.655,1701,2021-10-07 18:20:00,SRNE
6.655,6.655,6.655,6.655,100,2021-10-07 18:21:00,SRNE
6.65,6.655,6.65,6.651,2032,2021-10-07 18:22:00,SRNE
6.655,6.655,6.64,6.6402,22065,2021-10-07 18:23:00,SRNE
6.6402,6.6471,6.64,6.6471,600,2021-10-07 18:24:00,SRNE
6.64,6.64,6.63,6.64,4810,2021-10-07 18:25:00,SRNE
6.63,6.63,6.62,6.6208,7654,2021-10-07 18:26:00,SRNE
6.625,6.625,6.61,6.611,7351,2021-10-07 18:27:00,SRNE
6.61,6.615,6.61,6.615,15937,2021-10-07 18:28:00,SRNE
6.615,6.62,6.6122,6.615,1438,2021-10-07 18:29:00,SRNE
6.61,6.6155,6.61,6.6155,3598,2021-10-07 18:30:00,SRNE
6.615,6.615,6.61,6.61,2650,2021-10-07 18:31:00,SRNE
6.615,6.615,6.6,6.605,800,2021-10-07 18:32:00,SRNE
6.605,6.62,6.605,6.6115,7656,2021-10-07 18:33:00,SRNE
6.6116,6.615,6.6116,6.615,2100,2021-10-07 18:34:00,SRNE
6.6174,6.6194,6.6156,6.6182,7400,2021-10-07 18:35:00,SRNE
6.61,6.625,6.61,6.625,1800,2021-10-07 18:36:00,SRNE
6.6288,6.6288,6.62,6.6202,1800,2021-10-07 18:37:00,SRNE
6.6202,6.6202,6.62,6.62,2396,2021-10-07 18:38:00,SRNE
6.615,6.617,6.61,6.617,1430,2021-10-07 18:39:00,SRNE
6.61,6.615,6.61,6.61,400,2021-10-07 18:40:00,SRNE
6.615,6.62,6.615,6.615,800,2021-10-07 18:41:00,SRNE
6.615,6.615,6.61,6.6101,6682,2021-10-07 18:42:00,SRNE
6.6123,6.615,6.6123,6.615,687,2021-10-07 18:43:00,SRNE
6.6127,6.62,6.6101,6.615,3137,2021-10-07 18:44:00,SRNE
6.615,6.6157,6.615,6.615,1300,2021-10-07 18:45:00,SRNE
6.61,6.62,6.61,6.615,1904,2021-10-07 18:46:00,SRNE
6.62,6.62,6.62,6.62,100,2021-10-07 18:47:00,SRNE
6.6175,6.635,6.612,6.635,13775,2021-10-07 18:48:00,SRNE
6.6399,6.64,6.63,6.64,10300,2021-10-07 18:49:00,SRNE
6.63,6.63,6.63,6.63,225,2021-10-07 18:50:00,SRNE
6.64,6.64,6.635,6.635,400,2021-10-07 18:51:00,SRNE
6.635,6.64,6.635,6.64,700,2021-10-07 18:52:00,SRNE
6.64,6.64,6.63,6.64,5500,2021-10-07 18:53:00,SRNE
6.63,6.64,6.61,6.6102,9951,2021-10-07 18:54:00,SRNE
6.6102,6.6148,6.6102,6.6148,5300,2021-10-07 18:55:00,SRNE
6.615,6.62,6.615,6.62,3000,2021-10-07 18:57:00,SRNE
6.63,6.63,6.6297,6.6297,200,2021-10-07 18:58:00,SRNE
6.625,6.63,6.62,6.62,400,2021-10-07 18:59:00,SRNE
6.63,6.63,6.62,6.63,1850,2021-10-07 19:00:00,SRNE
6.63,6.66,6.63,6.66,13182,2021-10-07 19:01:00,SRNE
6.65,6.66,6.635,6.635,13514,2021-10-07 19:02:00,SRNE
6.64,6.65,6.64,6.65,6800,2021-10-07 19:03:00,SRNE
6.6599,6.6599,6.65,6.65,1600,2021-10-07 19:04:00,SRNE
6.65,6.66,6.65,6.655,1601,2021-10-07 19:05:00,SRNE
6.65,6.658,6.645,6.65,40085,2021-10-07 19:06:00,SRNE
6.6508,6.6508,6.6508,6.6508,2000,2021-10-07 19:07:00,SRNE
6.65,6.655,6.64,6.64,3086,2021-10-07 19:08:00,SRNE
6.644,6.644,6.635,6.635,5134,2021-10-07 19:09:00,SRNE
6.635,6.635,6.63,6.63,200,2021-10-07 19:10:00,SRNE
6.6384,6.6384,6.63,6.635,559,2021-10-07 19:11:00,SRNE
6.6362,6.64,6.63,6.6399,1100,2021-10-07 19:12:00,SRNE
6.635,6.64,6.63,6.6325,600,2021-10-07 19:13:00,SRNE
6.635,6.64,6.63,6.63,1083,2021-10-07 19:14:00,SRNE
6.63,6.635,6.61,6.6102,13420,2021-10-07 19:15:00,SRNE
6.62,6.62,6.61,6.615,2600,2021-10-07 19:17:00,SRNE
6.62,6.62,6.61,6.614,901,2021-10-07 19:18:00,SRNE
6.615,6.615,6.615,6.615,300,2021-10-07 19:19:00,SRNE
6.61,6.61,6.6039,6.605,15600,2021-10-07 19:20:00,SRNE
6.61,6.615,6.61,6.615,3500,2021-10-07 19:21:00,SRNE
6.6186,6.625,6.6186,6.625,5800,2021-10-07 19:22:00,SRNE
6.625,6.63,6.62,6.62,4600,2021-10-07 19:23:00,SRNE
6.625,6.63,6.62,6.625,3650,2021-10-07 19:24:00,SRNE
6.63,6.63,6.6207,6.625,7147,2021-10-07 19:25:00,SRNE
6.63,6.64,6.63,6.64,2750,2021-10-07 19:26:00,SRNE
6.635,6.64,6.635,6.6394,1400,2021-10-07 19:27:00,SRNE
6.635,6.635,6.62,6.62,5665,2021-10-07 19:28:00,SRNE
6.62,6.62,6.613,6.613,2720,2021-10-07 19:29:00,SRNE
6.6198,6.6198,6.615,6.615,1200,2021-10-07 19:30:00,SRNE
6.61,6.61,6.605,6.61,1590,2021-10-07 19:31:00,SRNE
6.6,6.605,6.6,6.605,4100,2021-10-07 19:32:00,SRNE
6.6001,6.61,6.6001,6.61,5295,2021-10-07 19:33:00,SRNE
6.61,6.61,6.605,6.605,3408,2021-10-07 19:34:00,SRNE
6.605,6.61,6.605,6.61,500,2021-10-07 19:35:00,SRNE
6.605,6.617,6.605,6.617,4658,2021-10-07 19:36:00,SRNE
6.615,6.6181,6.61,6.615,11900,2021-10-07 19:38:00,SRNE
6.615,6.615,6.61,6.615,7100,2021-10-07 19:39:00,SRNE
6.615,6.62,6.61,6.61,700,2021-10-07 19:40:00,SRNE
6.61,6.62,6.61,6.6192,6154,2021-10-07 19:41:00,SRNE
6.62,6.62,6.61,6.615,2500,2021-10-07 19:42:00,SRNE
6.615,6.62,6.615,6.615,3609,2021-10-07 19:43:00,SRNE
6.615,6.615,6.6,6.6,11705,2021-10-07 19:44:00,SRNE
6.605,6.61,6.601,6.605,1336,2021-10-07 19:45:00,SRNE
6.605,6.61,6.605,6.61,14209,2021-10-07 19:46:00,SRNE
6.61,6.62,6.61,6.615,1286,2021-10-07 19:47:00,SRNE
6.615,6.6173,6.61,6.612,6791,2021-10-07 19:48:00,SRNE
6.615,6.6172,6.61,6.6172,1500,2021-10-07 19:49:00,SRNE
6.61,6.615,6.6,6.6073,25778,2021-10-07 19:50:00,SRNE
6.605,6.605,6.6,6.605,6300,2021-10-07 19:51:00,SRNE
6.605,6.61,6.6,6.6003,2900,2021-10-07 19:52:00,SRNE
6.605,6.605,6.59,6.595,20071,2021-10-07 19:53:00,SRNE
6.595,6.6,6.59,6.595,7814,2021-10-07 19:54:00,SRNE
6.6,6.6,6.5901,6.5924,5046,2021-10-07 19:55:00,SRNE
6.595,6.6,6.59,6.595,6081,2021-10-07 19:56:00,SRNE
6.595,6.6,6.59,6.5999,8621,2021-10-07 19:57:00,SRNE
6.595,6.6,6.59,6.6,13238,2021-10-07 19:58:00,SRNE
6.595,6.62,6.595,6.61,65188,2021-10-07 19:59:00,SRNE
6.61,6.61,6.6,6.6,441254,2021-10-07 20:00:00,SRNE
6.61,6.61,6.61,6.61,28257,2021-10-07 20:01:00,SRNE
6.61,6.61,6.61,6.61,111,2021-10-07 20:03:00,SRNE
6.62,6.63,6.62,6.63,3200,2021-10-07 20:13:00,SRNE
6.61,6.61,6.61,6.61,543,2021-10-07 20:28:00,SRNE
6.65,6.65,6.65,6.65,119,2021-10-07 21:36:00,SRNE
6.62,6.62,6.62,6.62,100,2021-10-07 21:43:00,SRNE
6.63,6.63,6.63,6.63,407,2021-10-07 21:52:00,SRNE
6.63,6.63,6.63,6.63,150,2021-10-07 22:18:00,SRNE
6.61,6.61,6.61,6.61,255,2021-10-07 22:55:00,SRNE
6.61,6.61,6.61,6.61,200,2021-10-07 23:35:00,SRNE
6.61,6.61,6.61,6.61,441,2021-10-07 23:41:00,SRNE
6.61,6.61,6.61,6.61,105,2021-10-07 23:50:00,SRNE
6.71,6.71,6.71,6.71,100,2021-10-08 09:09:00,SRNE
6.71,6.71,6.71,6.71,200,2021-10-08 10:48:00,SRNE
6.67,6.67,6.67,6.67,100,2021-10-08 11:12:00,SRNE
6.66,6.66,6.66,6.66,500,2021-10-08 11:41:00,SRNE
6.65,6.65,6.65,6.65,250,2021-10-08 11:59:00,SRNE
6.65,6.65,6.65,6.65,100,2021-10-08 12:00:00,SRNE
6.66,6.66,6.66,6.66,1000,2021-10-08 12:09:00,SRNE
6.67,6.67,6.67,6.67,200,2021-10-08 12:21:00,SRNE
6.67,6.67,6.67,6.67,100,2021-10-08 12:24:00,SRNE
6.67,6.67,6.67,6.67,200,2021-10-08 12:29:00,SRNE
6.67,6.67,6.67,6.67,700,2021-10-08 12:31:00,SRNE
6.66,6.66,6.66,6.66,300,2021-10-08 12:33:00,SRNE
6.66,6.66,6.66,6.66,100,2021-10-08 12:38:00,SRNE
6.66,6.66,6.66,6.66,113,2021-10-08 12:49:00,SRNE
6.66,6.66,6.66,6.66,500,2021-10-08 13:14:00,SRNE
6.66,6.66,6.66,6.66,1400,2021-10-08 13:21:00,SRNE
6.66,6.66,6.66,6.66,2868,2021-10-08 13:25:00,SRNE
6.66,6.66,6.65,6.65,396,2021-10-08 13:27:00,SRNE
6.64,6.64,6.64,6.64,130,2021-10-08 13:29:00,SRNE
6.64,6.65,6.5999,6.5999,51416,2021-10-08 13:30:00,SRNE
6.591,6.62,6.57,6.61,8581,2021-10-08 13:31:00,SRNE
6.62,6.66,6.62,6.6531,14967,2021-10-08 13:32:00,SRNE
6.6588,6.663,6.64,6.6544,11300,2021-10-08 13:33:00,SRNE
6.65,6.65,6.62,6.63,18670,2021-10-08 13:34:00,SRNE
6.63,6.6393,6.62,6.62,6114,2021-10-08 13:35:00,SRNE
6.6299,6.6299,6.6009,6.6009,4800,2021-10-08 13:36:00,SRNE
6.61,6.61,6.58,6.58,15323,2021-10-08 13:37:00,SRNE
6.58,6.5811,6.58,6.58,2210,2021-10-08 13:38:00,SRNE
6.585,6.6,6.57,6.6,12661,2021-10-08 13:39:00,SRNE
6.6,6.6087,6.5915,6.599,10624,2021-10-08 13:40:00,SRNE
6.59,6.6084,6.59,6.6084,1200,2021-10-08 13:41:00,SRNE
6.6014,6.61,6.6014,6.61,12274,2021-10-08 13:42:00,SRNE
6.6108,6.62,6.61,6.61,4470,2021-10-08 13:43:00,SRNE
6.61,6.61,6.5875,6.5875,4016,2021-10-08 13:44:00,SRNE
6.59,6.6,6.59,6.595,2317,2021-10-08 13:45:00,SRNE
6.595,6.595,6.57,6.57,13800,2021-10-08 13:46:00,SRNE
6.5694,6.57,6.551,6.565,10762,2021-10-08 13:47:00,SRNE
6.56,6.56,6.54,6.544,24859,2021-10-08 13:48:00,SRNE
6.545,6.55,6.54,6.54,16134,2021-10-08 13:49:00,SRNE
6.5415,6.5881,6.5415,6.5692,11699,2021-10-08 13:50:00,SRNE
6.57,6.5818,6.57,6.58,9343,2021-10-08 13:51:00,SRNE
6.575,6.5786,6.575,6.5786,1442,2021-10-08 13:52:00,SRNE
6.58,6.58,6.573,6.573,800,2021-10-08 13:53:00,SRNE
6.58,6.6,6.58,6.5982,5111,2021-10-08 13:54:00,SRNE
6.5901,6.6,6.5901,6.6,9601,2021-10-08 13:55:00,SRNE
6.595,6.6,6.59,6.6,5025,2021-10-08 13:56:00,SRNE
6.5991,6.5991,6.5991,6.5991,300,2021-10-08 13:57:00,SRNE
6.595,6.5991,6.595,6.595,2440,2021-10-08 13:58:00,SRNE
6.6,6.6,6.595,6.595,11914,2021-10-08 13:59:00,SRNE
6.595,6.61,6.595,6.61,2083,2021-10-08 14:00:00,SRNE
6.6,6.6099,6.6,6.6,2150,2021-10-08 14:01:00,SRNE
6.6,6.6,6.595,6.5999,700,2021-10-08 14:02:00,SRNE
6.5999,6.605,6.5999,6.605,200,2021-10-08 14:03:00,SRNE
6.605,6.62,6.605,6.62,24200,2021-10-08 14:04:00,SRNE
6.62,6.64,6.6182,6.6383,22851,2021-10-08 14:05:00,SRNE
6.635,6.635,6.6283,6.6283,2500,2021-10-08 14:06:00,SRNE
6.62,6.62,6.61,6.6101,3200,2021-10-08 14:07:00,SRNE
6.615,6.63,6.615,6.63,2400,2021-10-08 14:08:00,SRNE
6.6215,6.6386,6.6215,6.6301,4070,2021-10-08 14:09:00,SRNE
6.6316,6.6316,6.6316,6.6316,500,2021-10-08 14:10:00,SRNE
6.635,6.6388,6.6304,6.6388,2100,2021-10-08 14:11:00,SRNE
6.64,6.64,6.63,6.6387,7060,2021-10-08 14:12:00,SRNE
6.6398,6.64,6.63,6.6316,18420,2021-10-08 14:13:00,SRNE
6.635,6.64,6.63,6.6312,5635,2021-10-08 14:14:00,SRNE
6.6389,6.64,6.6323,6.6323,7284,2021-10-08 14:15:00,SRNE
6.635,6.64,6.63,6.631,1763,2021-10-08 14:16:00,SRNE
6.63,6.63,6.62,6.62,5559,2021-10-08 14:17:00,SRNE
6.62,6.62,6.62,6.62,200,2021-10-08 14:18:00,SRNE
6.62,6.6235,6.62,6.6235,1500,2021-10-08 14:19:00,SRNE
6.62,6.625,6.62,6.62,1000,2021-10-08 14:20:00,SRNE
6.62,6.62,6.595,6.6,8200,2021-10-08 14:21:00,SRNE
6.5986,6.6,6.5905,6.6,1172,2021-10-08 14:22:00,SRNE
6.59,6.59,6.58,6.585,2213,2021-10-08 14:23:00,SRNE
6.585,6.585,6.58,6.585,725,2021-10-08 14:24:00,SRNE
6.585,6.585,6.58,6.5807,475,2021-10-08 14:25:00,SRNE
6.585,6.5968,6.585,6.5968,6523,2021-10-08 14:26:00,SRNE
6.59,6.59,6.59,6.59,4100,2021-10-08 14:27:00,SRNE
6.585,6.585,6.585,6.585,1000,2021-10-08 14:28:00,SRNE
6.58,6.585,6.58,6.585,300,2021-10-08 14:29:00,SRNE
6.58,6.58,6.57,6.58,7873,2021-10-08 14:30:00,SRNE
6.5778,6.5778,6.5778,6.5778,100,2021-10-08 14:31:00,SRNE
6.5777,6.5777,6.5734,6.5734,619,2021-10-08 14:32:00,SRNE
6.57,6.57,6.56,6.565,12199,2021-10-08 14:33:00,SRNE
6.565,6.5697,6.56,6.56,2048,2021-10-08 14:34:00,SRNE
6.56,6.5799,6.56,6.565,13001,2021-10-08 14:35:00,SRNE
6.5786,6.5786,6.5786,6.5786,152,2021-10-08 14:36:00,SRNE
6.58,6.58,6.5706,6.5781,2300,2021-10-08 14:37:00,SRNE
6.58,6.59,6.5785,6.589,15948,2021-10-08 14:38:00,SRNE
6.58,6.58,6.571,6.571,1467,2021-10-08 14:39:00,SRNE
6.57,6.57,6.5666,6.5682,2600,2021-10-08 14:40:00,SRNE
6.56,6.57,6.55,6.56,46858,2021-10-08 14:41:00,SRNE
6.5615,6.5699,6.56,6.5673,8555,2021-10-08 14:42:00,SRNE
6.56,6.56,6.5541,6.5541,3612,2021-10-08 14:43:00,SRNE
6.555,6.555,6.555,6.555,372,2021-10-08 14:44:00,SRNE
6.551,6.56,6.55,6.555,10465,2021-10-08 14:45:00,SRNE
6.55,6.56,6.55,6.5565,1939,2021-10-08 14:46:00,SRNE
6.56,6.56,6.56,6.56,4222,2021-10-08 14:47:00,SRNE
6.565,6.57,6.565,6.57,1711,2021-10-08 14:48:00,SRNE
6.5614,6.57,6.55,6.57,28887,2021-10-08 14:49:00,SRNE
6.575,6.6,6.575,6.58,34598,2021-10-08 14:50:00,SRNE
6.59,6.59,6.589,6.589,2000,2021-10-08 14:51:00,SRNE
6.585,6.59,6.58,6.585,1871,2021-10-08 14:52:00,SRNE
6.5898,6.6,6.5898,6.6,12480,2021-10-08 14:53:00,SRNE
6.61,6.61,6.6001,6.61,1100,2021-10-08 14:54:00,SRNE
6.61,6.61,6.605,6.605,3654,2021-10-08 14:55:00,SRNE
6.61,6.625,6.61,6.61,27944,2021-10-08 14:56:00,SRNE
6.6,6.6099,6.6,6.6099,26300,2021-10-08 14:57:00,SRNE
6.6,6.603,6.6,6.6,3950,2021-10-08 14:58:00,SRNE
6.605,6.607,6.605,6.607,1180,2021-10-08 14:59:00,SRNE
6.61,6.61,6.6015,6.605,3288,2021-10-08 15:00:00,SRNE
6.605,6.61,6.605,6.605,5221,2021-10-08 15:01:00,SRNE
6.61,6.619,6.6092,6.619,12743,2021-10-08 15:02:00,SRNE
6.615,6.62,6.613,6.613,13004,2021-10-08 15:03:00,SRNE
6.61,6.61,6.61,6.61,774,2021-10-08 15:04:00,SRNE
6.6099,6.6099,6.605,6.605,1136,2021-10-08 15:05:00,SRNE
6.605,6.605,6.605,6.605,500,2021-10-08 15:06:00,SRNE
6.6035,6.605,6.6035,6.605,1350,2021-10-08 15:07:00,SRNE
6.61,6.61,6.609,6.609,1137,2021-10-08 15:08:00,SRNE
6.605,6.605,6.6,6.6,1300,2021-10-08 15:09:00,SRNE
6.6,6.6058,6.6,6.605,1650,2021-10-08 15:10:00,SRNE
6.6011,6.6086,6.6,6.6082,9200,2021-10-08 15:11:00,SRNE
6.6015,6.61,6.6015,6.605,2726,2021-10-08 15:12:00,SRNE
6.6,6.6,6.6,6.6,1000,2021-10-08 15:13:00,SRNE
6.605,6.605,6.6,6.605,800,2021-10-08 15:14:00,SRNE
6.6,6.6,6.5912,6.595,17280,2021-10-08 15:15:00,SRNE
6.595,6.5971,6.595,6.5971,900,2021-10-08 15:16:00,SRNE
6.5914,6.5914,6.58,6.58,4210,2021-10-08 15:17:00,SRNE
6.58,6.5899,6.58,6.5875,300,2021-10-08 15:18:00,SRNE
6.5825,6.5825,6.5818,6.5818,1300,2021-10-08 15:19:00,SRNE
6.587,6.587,6.587,6.587,100,2021-10-08 15:20:00,SRNE
6.585,6.585,6.585,6.585,300,2021-10-08 15:21:00,SRNE
6.5854,6.5881,6.58,6.58,500,2021-10-08 15:22:00,SRNE
6.585,6.585,6.581,6.581,1300,2021-10-08 15:23:00,SRNE
6.58,6.5884,6.58,6.58,2800,2021-10-08 15:24:00,SRNE
6.58,6.581,6.58,6.581,200,2021-10-08 15:25:00,SRNE
6.5899,6.5899,6.585,6.585,5200,2021-10-08 15:26:00,SRNE
6.585,6.59,6.585,6.59,459,2021-10-08 15:27:00,SRNE
6.585,6.585,6.585,6.585,1000,2021-10-08 15:29:00,SRNE
6.581,6.581,6.57,6.57,11708,2021-10-08 15:30:00,SRNE
6.575,6.58,6.575,6.575,8346,2021-10-08 15:31:00,SRNE
6.58,6.58,6.575,6.575,3555,2021-10-08 15:32:00,SRNE
6.58,6.58,6.575,6.575,356,2021-10-08 15:33:00,SRNE
6.57,6.57,6.5613,6.565,6790,2021-10-08 15:35:00,SRNE
6.57,6.5781,6.565,6.575,3100,2021-10-08 15:36:00,SRNE
6.57,6.57,6.56,6.5673,3576,2021-10-08 15:37:00,SRNE
6.5614,6.5614,6.5614,6.5614,100,2021-10-08 15:38:00,SRNE
6.565,6.565,6.56,6.56,400,2021-10-08 15:39:00,SRNE
6.56,6.56,6.55,6.555,7258,2021-10-08 15:40:00,SRNE
6.555,6.56,6.555,6.555,3300,2021-10-08 15:41:00,SRNE
6.558,6.5599,6.555,6.5599,400,2021-10-08 15:42:00,SRNE
6.555,6.56,6.55,6.55,8900,2021-10-08 15:43:00,SRNE
6.5574,6.5574,6.5522,6.555,830,2021-10-08 15:44:00,SRNE
6.555,6.5561,6.5507,6.5561,1532,2021-10-08 15:45:00,SRNE
6.555,6.555,6.555,6.555,1696,2021-10-08 15:46:00,SRNE
6.552,6.56,6.552,6.555,3800,2021-10-08 15:47:00,SRNE
6.555,6.56,6.5521,6.56,940,2021-10-08 15:48:00,SRNE
6.55,6.5592,6.55,6.5568,8316,2021-10-08 15:49:00,SRNE
6.5501,6.555,6.5501,6.555,600,2021-10-08 15:50:00,SRNE
6.5523,6.5523,6.55,6.55,320,2021-10-08 15:51:00,SRNE
6.55,6.5587,6.55,6.5578,2913,2021-10-08 15:52:00,SRNE
6.555,6.5581,6.5513,6.557,4755,2021-10-08 15:53:00,SRNE
6.5527,6.56,6.545,6.555,47450,2021-10-08 15:54:00,SRNE
6.555,6.555,6.555,6.555,970,2021-10-08 15:55:00,SRNE
6.55,6.555,6.55,6.555,428,2021-10-08 15:56:00,SRNE
6.555,6.56,6.555,6.5595,5798,2021-10-08 15:57:00,SRNE
6.555,6.56,6.55,6.555,5902,2021-10-08 15:58:00,SRNE
6.56,6.565,6.555,6.565,5800,2021-10-08 15:59:00,SRNE
6.565,6.565,6.565,6.565,500,2021-10-08 16:00:00,SRNE
6.565,6.565,6.565,6.565,551,2021-10-08 16:01:00,SRNE
6.5617,6.5617,6.5617,6.5617,203,2021-10-08 16:02:00,SRNE
6.565,6.565,6.56,6.56,200,2021-10-08 16:04:00,SRNE
6.565,6.57,6.56,6.57,5007,2021-10-08 16:05:00,SRNE
6.57,6.5754,6.57,6.575,10149,2021-10-08 16:06:00,SRNE
6.5762,6.5762,6.5762,6.5762,850,2021-10-08 16:07:00,SRNE
6.57,6.57,6.57,6.57,100,2021-10-08 16:08:00,SRNE
6.5722,6.575,6.5722,6.575,2100,2021-10-08 16:09:00,SRNE
6.575,6.575,6.575,6.575,5231,2021-10-08 16:10:00,SRNE
6.575,6.575,6.575,6.575,9900,2021-10-08 16:11:00,SRNE
6.575,6.58,6.57,6.575,5995,2021-10-08 16:12:00,SRNE
6.575,6.58,6.575,6.575,2331,2021-10-08 16:13:00,SRNE
6.575,6.5799,6.575,6.5799,900,2021-10-08 16:14:00,SRNE
6.575,6.5788,6.57,6.5718,2320,2021-10-08 16:15:00,SRNE
6.575,6.575,6.57,6.57,1205,2021-10-08 16:16:00,SRNE
6.57,6.5789,6.57,6.5721,2900,2021-10-08 16:17:00,SRNE
6.575,6.575,6.575,6.575,400,2021-10-08 16:18:00,SRNE
6.5757,6.5757,6.575,6.575,1550,2021-10-08 16:19:00,SRNE
6.5721,6.5721,6.57,6.57,350,2021-10-08 16:20:00,SRNE
6.575,6.5758,6.575,6.5758,861,2021-10-08 16:21:00,SRNE
6.575,6.575,6.575,6.575,400,2021-10-08 16:22:00,SRNE
6.575,6.58,6.57,6.57,27793,2021-10-08 16:23:00,SRNE
6.57,6.57,6.57,6.57,300,2021-10-08 16:24:00,SRNE
6.5727,6.5782,6.5727,6.5782,1250,2021-10-08 16:25:00,SRNE
6.57,6.57,6.57,6.57,200,2021-10-08 16:26:00,SRNE
6.57,6.575,6.57,6.575,200,2021-10-08 16:27:00,SRNE
6.575,6.575,6.575,6.575,700,2021-10-08 16:28:00,SRNE
6.57,6.575,6.56,6.56,16171,2021-10-08 16:29:00,SRNE
6.56,6.5678,6.56,6.565,1000,2021-10-08 16:30:00,SRNE
6.56,6.5669,6.56,6.565,857,2021-10-08 16:31:00,SRNE
6.565,6.565,6.555,6.56,8124,2021-10-08 16:32:00,SRNE
6.5611,6.5611,6.56,6.56,1300,2021-10-08 16:33:00,SRNE
6.5607,6.5609,6.555,6.56,3466,2021-10-08 16:34:00,SRNE
6.555,6.5597,6.55,6.5522,4160,2021-10-08 16:35:00,SRNE
6.555,6.555,6.555,6.555,1200,2021-10-08 16:36:00,SRNE
6.555,6.56,6.55,6.55,4500,2021-10-08 16:37:00,SRNE
6.55,6.555,6.55,6.55,745,2021-10-08 16:38:00,SRNE
6.56,6.57,6.56,6.565,4637,2021-10-08 16:39:00,SRNE
6.565,6.57,6.5622,6.57,1459,2021-10-08 16:40:00,SRNE
6.565,6.5684,6.565,6.5684,714,2021-10-08 16:41:00,SRNE
6.57,6.57,6.565,6.565,3100,2021-10-08 16:42:00,SRNE
6.565,6.57,6.5601,6.565,13190,2021-10-08 16:43:00,SRNE
6.575,6.575,6.575,6.575,199,2021-10-08 16:44:00,SRNE
6.575,6.575,6.57,6.57,1559,2021-10-08 16:45:00,SRNE
6.57,6.57,6.565,6.565,1463,2021-10-08 16:46:00,SRNE
6.5699,6.5699,6.565,6.565,800,2021-10-08 16:47:00,SRNE
6.565,6.565,6.565,6.565,100,2021-10-08 16:48:00,SRNE
6.5681,6.5681,6.565,6.565,1000,2021-10-08 16:49:00,SRNE
6.5699,6.5699,6.56,6.5615,850,2021-10-08 16:50:00,SRNE
6.5682,6.5682,6.56,6.565,1561,2021-10-08 16:52:00,SRNE
6.565,6.565,6.56,6.56,1109,2021-10-08 16:53:00,SRNE
6.565,6.565,6.56,6.56,830,2021-10-08 16:54:00,SRNE
6.56,6.5672,6.56,6.56,301,2021-10-08 16:55:00,SRNE
6.565,6.567,6.56,6.567,1109,2021-10-08 16:56:00,SRNE
6.565,6.575,6.565,6.575,9258,2021-10-08 16:57:00,SRNE
6.575,6.58,6.555,6.555,14539,2021-10-08 16:58:00,SRNE
6.55,6.555,6.55,6.55,863,2021-10-08 16:59:00,SRNE
6.55,6.5572,6.55,6.5572,200,2021-10-08 17:00:00,SRNE
6.555,6.56,6.555,6.56,1435,2021-10-08 17:01:00,SRNE
6.565,6.57,6.56,6.57,735,2021-10-08 17:02:00,SRNE
6.57,6.57,6.565,6.565,13156,2021-10-08 17:03:00,SRNE
6.57,6.57,6.5682,6.569,6200,2021-10-08 17:04:00,SRNE
6.57,6.57,6.56,6.565,1032,2021-10-08 17:05:00,SRNE
6.57,6.59,6.565,6.585,79709,2021-10-08 17:06:00,SRNE
6.59,6.59,6.58,6.59,30758,2021-10-08 17:07:00,SRNE
6.5899,6.595,6.58,6.585,18241,2021-10-08 17:08:00,SRNE
6.5885,6.59,6.5818,6.585,2870,2021-10-08 17:11:00,SRNE
6.585,6.5852,6.585,6.5852,6335,2021-10-08 17:12:00,SRNE
6.585,6.59,6.585,6.5882,957,2021-10-08 17:13:00,SRNE
6.588,6.59,6.5831,6.59,1324,2021-10-08 17:14:00,SRNE
6.5899,6.5899,6.575,6.575,4305,2021-10-08 17:15:00,SRNE
6.575,6.58,6.565,6.575,15061,2021-10-08 17:16:00,SRNE
6.575,6.575,6.57,6.575,2520,2021-10-08 17:17:00,SRNE
6.57,6.58,6.57,6.575,600,2021-10-08 17:18:00,SRNE
6.575,6.58,6.57,6.575,11279,2021-10-08 17:19:00,SRNE
6.57,6.575,6.57,6.57,1100,2021-10-08 17:20:00,SRNE
6.58,6.58,6.57,6.575,903,2021-10-08 17:21:00,SRNE
6.57,6.57,6.57,6.57,200,2021-10-08 17:22:00,SRNE
6.57,6.575,6.57,6.575,700,2021-10-08 17:23:00,SRNE
6.5701,6.58,6.5701,6.58,200,2021-10-08 17:24:00,SRNE
6.575,6.575,6.575,6.575,200,2021-10-08 17:25:00,SRNE
6.575,6.5785,6.575,6.5785,310,2021-10-08 17:26:00,SRNE
6.5728,6.58,6.57,6.575,2502,2021-10-08 17:29:00,SRNE
6.58,6.58,6.57,6.57,1100,2021-10-08 17:30:00,SRNE
6.5788,6.5788,6.5788,6.5788,2000,2021-10-08 17:31:00,SRNE
6.575,6.575,6.575,6.575,384,2021-10-08 17:32:00,SRNE
6.575,6.5784,6.5701,6.5784,1380,2021-10-08 17:33:00,SRNE
6.575,6.575,6.575,6.575,1050,2021-10-08 17:34:00,SRNE
6.5711,6.5711,6.57,6.57,2100,2021-10-08 17:35:00,SRNE
6.5718,6.575,6.57,6.575,1460,2021-10-08 17:36:00,SRNE
6.571,6.571,6.57,6.57,700,2021-10-08 17:37:00,SRNE
6.575,6.575,6.575,6.575,1000,2021-10-08 17:38:00,SRNE
6.575,6.58,6.57,6.5725,12213,2021-10-08 17:39:00,SRNE
6.57,6.5791,6.57,6.5791,400,2021-10-08 17:40:00,SRNE
6.575,6.575,6.575,6.575,408,2021-10-08 17:41:00,SRNE
6.575,6.575,6.575,6.575,1014,2021-10-08 17:42:00,SRNE
6.5714,6.575,6.56,6.56,10389,2021-10-08 17:43:00,SRNE
6.565,6.565,6.56,6.565,334,2021-10-08 17:44:00,SRNE
6.561,6.561,6.56,6.56,200,2021-10-08 17:45:00,SRNE
6.565,6.57,6.555,6.565,13734,2021-10-08 17:46:00,SRNE
6.565,6.58,6.565,6.57,5741,2021-10-08 17:47:00,SRNE
6.575,6.58,6.5701,6.575,4500,2021-10-08 17:50:00,SRNE
6.575,6.58,6.575,6.575,2329,2021-10-08 17:51:00,SRNE
6.571,6.5783,6.57,6.575,2600,2021-10-08 17:52:00,SRNE
6.57,6.575,6.57,6.575,10300,2021-10-08 17:53:00,SRNE
6.575,6.575,6.575,6.575,500,2021-10-08 17:54:00,SRNE
6.58,6.58,6.575,6.58,3588,2021-10-08 17:55:00,SRNE
6.58,6.59,6.58,6.59,3737,2021-10-08 17:56:00,SRNE
6.5801,6.585,6.58,6.5801,3845,2021-10-08 17:57:00,SRNE
6.5835,6.5835,6.5835,6.5835,700,2021-10-08 17:58:00,SRNE
6.58,6.59,6.58,6.59,4883,2021-10-08 17:59:00,SRNE
6.5801,6.59,6.58,6.58,13246,2021-10-08 18:00:00,SRNE
6.58,6.59,6.58,6.58,3404,2021-10-08 18:01:00,SRNE
6.585,6.585,6.58,6.58,1100,2021-10-08 18:02:00,SRNE
6.5816,6.5816,6.5816,6.5816,575,2021-10-08 18:03:00,SRNE
6.585,6.5852,6.58,6.58,6500,2021-10-08 18:04:00,SRNE
6.5801,6.585,6.5801,6.585,200,2021-10-08 18:05:00,SRNE
6.585,6.595,6.58,6.595,7386,2021-10-08 18:06:00,SRNE
6.595,6.6,6.5944,6.5944,6717,2021-10-08 18:08:00,SRNE
6.595,6.6,6.595,6.6,1760,2021-10-08 18:09:00,SRNE
6.595,6.595,6.595,6.595,424,2021-10-08 18:10:00,SRNE
6.595,6.595,6.595,6.595,337,2021-10-08 18:11:00,SRNE
6.6,6.61,6.6,6.605,14932,2021-10-08 18:12:00,SRNE
6.601,6.605,6.601,6.605,2201,2021-10-08 18:13:00,SRNE
6.605,6.605,6.605,6.605,200,2021-10-08 18:15:00,SRNE
6.6005,6.61,6.6,6.6,5600,2021-10-08 18:16:00,SRNE
6.605,6.605,6.6,6.6,1060,2021-10-08 18:17:00,SRNE
6.605,6.605,6.605,6.605,600,2021-10-08 18:18:00,SRNE
6.605,6.6076,6.6,6.6076,1004,2021-10-08 18:19:00,SRNE
6.605,6.61,6.6,6.61,13050,2021-10-08 18:20:00,SRNE
6.6101,6.615,6.6101,6.615,1138,2021-10-08 18:21:00,SRNE
6.6177,6.6177,6.6177,6.6177,200,2021-10-08 18:22:00,SRNE
6.6182,6.6182,6.615,6.615,925,2021-10-08 18:23:00,SRNE
6.615,6.62,6.615,6.615,1224,2021-10-08 18:24:00,SRNE
6.615,6.62,6.613,6.613,926,2021-10-08 18:25:00,SRNE
6.61,6.61,6.61,6.61,150,2021-10-08 18:26:00,SRNE
6.615,6.615,6.615,6.615,1139,2021-10-08 18:27:00,SRNE
6.615,6.6181,6.615,6.6181,2380,2021-10-08 18:28:00,SRNE
6.615,6.619,6.615,6.615,1162,2021-10-08 18:29:00,SRNE
6.615,6.617,6.61,6.615,3438,2021-10-08 18:30:00,SRNE
6.615,6.6199,6.61,6.61,3068,2021-10-08 18:31:00,SRNE
6.615,6.6182,6.61,6.615,1800,2021-10-08 18:32:00,SRNE
6.615,6.62,6.615,6.62,3781,2021-10-08 18:33:00,SRNE
6.62,6.62,6.615,6.62,5300,2021-10-08 18:34:00,SRNE
6.62,6.63,6.62,6.625,8842,2021-10-08 18:35:00,SRNE
6.63,6.63,6.62,6.625,9755,2021-10-08 18:36:00,SRNE
6.625,6.625,6.625,6.625,319,2021-10-08 18:37:00,SRNE
6.625,6.6286,6.625,6.6286,1100,2021-10-08 18:38:00,SRNE
6.625,6.63,6.62,6.627,7640,2021-10-08 18:39:00,SRNE
6.625,6.625,6.61,6.61,14339,2021-10-08 18:40:00,SRNE
6.615,6.6199,6.61,6.615,7040,2021-10-08 18:41:00,SRNE
6.615,6.62,6.61,6.61,850,2021-10-08 18:42:00,SRNE
6.615,6.615,6.61,6.61,800,2021-10-08 18:43:00,SRNE
6.615,6.615,6.61,6.615,1700,2021-10-08 18:44:00,SRNE
6.62,6.62,6.61,6.615,7253,2021-10-08 18:45:00,SRNE
6.615,6.615,6.61,6.61,422,2021-10-08 18:46:00,SRNE
6.611,6.615,6.61,6.615,4850,2021-10-08 18:47:00,SRNE
6.615,6.6199,6.61,6.61,11718,2021-10-08 18:48:00,SRNE
6.615,6.615,6.615,6.615,1500,2021-10-08 18:49:00,SRNE
6.6172,6.62,6.61,6.6124,3200,2021-10-08 18:50:00,SRNE
6.615,6.6166,6.61,6.61,3237,2021-10-08 18:51:00,SRNE
6.615,6.615,6.615,6.615,600,2021-10-08 18:52:00,SRNE
6.615,6.6199,6.61,6.615,2805,2021-10-08 18:53:00,SRNE
6.61,6.63,6.61,6.625,21076,2021-10-08 18:54:00,SRNE
6.625,6.63,6.6209,6.625,8696,2021-10-08 18:55:00,SRNE
6.625,6.627,6.62,6.625,3755,2021-10-08 18:56:00,SRNE
6.625,6.625,6.6221,6.625,1590,2021-10-08 18:57:00,SRNE
6.625,6.625,6.62,6.62,1300,2021-10-08 18:58:00,SRNE
6.625,6.625,6.62,6.62,9000,2021-10-08 18:59:00,SRNE
6.625,6.625,6.61,6.615,4822,2021-10-08 19:01:00,SRNE
6.61,6.615,6.61,6.61,500,2021-10-08 19:02:00,SRNE
6.61,6.6184,6.61,6.615,2200,2021-10-08 19:03:00,SRNE
6.615,6.615,6.615,6.615,100,2021-10-08 19:04:00,SRNE
6.6135,6.615,6.61,6.61,700,2021-10-08 19:06:00,SRNE
6.61,6.61,6.61,6.61,100,2021-10-08 19:07:00,SRNE
6.615,6.6164,6.61,6.61,1100,2021-10-08 19:08:00,SRNE
6.615,6.6199,6.61,6.6199,5900,2021-10-08 19:09:00,SRNE
6.615,6.6156,6.615,6.6156,1675,2021-10-08 19:10:00,SRNE
6.611,6.615,6.61,6.61,886,2021-10-08 19:11:00,SRNE
6.615,6.615,6.59,6.59,20498,2021-10-08 19:12:00,SRNE
6.59,6.5969,6.59,6.595,714,2021-10-08 19:13:00,SRNE
6.5912,6.5914,6.59,6.59,5700,2021-10-08 19:14:00,SRNE
6.5912,6.5968,6.59,6.5968,1865,2021-10-08 19:15:00,SRNE
6.5928,6.5928,6.5928,6.5928,200,2021-10-08 19:16:00,SRNE
6.595,6.595,6.58,6.58,7467,2021-10-08 19:17:00,SRNE
6.585,6.585,6.56,6.565,18727,2021-10-08 19:18:00,SRNE
6.5601,6.565,6.56,6.56,1316,2021-10-08 19:19:00,SRNE
6.56,6.5617,6.55,6.55,3158,2021-10-08 19:20:00,SRNE
6.555,6.56,6.55,6.555,1582,2021-10-08 19:21:00,SRNE
6.555,6.5599,6.55,6.555,2165,2021-10-08 19:22:00,SRNE
6.555,6.555,6.55,6.55,1272,2021-10-08 19:23:00,SRNE
6.5566,6.5566,6.55,6.55,4471,2021-10-08 19:24:00,SRNE
6.555,6.555,6.55,6.555,2750,2021-10-08 19:25:00,SRNE
6.555,6.555,6.553,6.555,400,2021-10-08 19:26:00,SRNE
6.5507,6.56,6.55,6.5599,3100,2021-10-08 19:27:00,SRNE
6.555,6.555,6.55,6.55,1800,2021-10-08 19:28:00,SRNE
6.555,6.555,6.55,6.555,1100,2021-10-08 19:29:00,SRNE
6.55,6.555,6.55,6.55,1400,2021-10-08 19:30:00,SRNE
6.555,6.555,6.525,6.53,70421,2021-10-08 19:31:00,SRNE
6.535,6.5399,6.53,6.535,2300,2021-10-08 19:32:00,SRNE
6.535,6.54,6.53,6.54,9861,2021-10-08 19:33:00,SRNE
6.5401,6.55,6.54,6.545,20854,2021-10-08 19:34:00,SRNE
6.545,6.55,6.54,6.54,3379,2021-10-08 19:35:00,SRNE
6.545,6.545,6.53,6.53,9148,2021-10-08 19:36:00,SRNE
6.52,6.5299,6.52,6.525,4410,2021-10-08 19:37:00,SRNE
6.52,6.52,6.51,6.51,9808,2021-10-08 19:38:00,SRNE
6.51,6.5159,6.51,6.51,11738,2021-10-08 19:39:00,SRNE
6.51,6.515,6.5,6.505,26379,2021-10-08 19:40:00,SRNE
6.5,6.5099,6.5,6.5082,3638,2021-10-08 19:41:00,SRNE
6.505,6.505,6.48,6.481,41853,2021-10-08 19:42:00,SRNE
6.48,6.49,6.475,6.485,55359,2021-10-08 19:43:00,SRNE
6.4881,6.4881,6.48,6.485,8770,2021-10-08 19:44:00,SRNE
6.4892,6.49,6.4701,6.4778,25984,2021-10-08 19:45:00,SRNE
6.47,6.48,6.47,6.47,14278,2021-10-08 19:46:00,SRNE
6.47,6.48,6.46,6.475,46718,2021-10-08 19:47:00,SRNE
6.475,6.495,6.474,6.495,44154,2021-10-08 19:48:00,SRNE
6.495,6.4999,6.48,6.485,12698,2021-10-08 19:49:00,SRNE
6.48,6.4879,6.47,6.475,23097,2021-10-08 19:50:00,SRNE
6.475,6.5,6.475,6.498,39195,2021-10-08 19:51:00,SRNE
6.495,6.5,6.48,6.495,18296,2021-10-08 19:52:00,SRNE
6.49,6.495,6.48,6.495,21838,2021-10-08 19:53:00,SRNE
6.49,6.51,6.48,6.505,58712,2021-10-08 19:54:00,SRNE
6.5,6.505,6.49,6.495,24053,2021-10-08 19:55:00,SRNE
6.49,6.51,6.49,6.495,68741,2021-10-08 19:56:00,SRNE
6.49,6.5,6.48,6.49,86254,2021-10-08 19:57:00,SRNE
6.485,6.5,6.48,6.49,63182,2021-10-08 19:58:00,SRNE
6.485,6.5,6.48,6.5,111350,2021-10-08 19:59:00,SRNE
6.49,6.49,6.49,6.49,202160,2021-10-08 20:00:00,SRNE
6.49,6.49,6.49,6.49,4194,2021-10-08 20:01:00,SRNE
6.54,6.54,6.54,6.54,100,2021-10-08 20:04:00,SRNE
6.53,6.53,6.53,6.53,100,2021-10-08 20:06:00,SRNE
6.53,6.54,6.53,6.54,999,2021-10-08 20:08:00,SRNE
6.52,6.52,6.5,6.5,600,2021-10-08 20:22:00,SRNE
6.48,6.48,6.48,6.48,304,2021-10-08 20:33:00,SRNE
6.49,6.49,6.49,6.49,250,2021-10-08 20:42:00,SRNE
6.54,6.54,6.54,6.54,200,2021-10-08 21:06:00,SRNE
6.53,6.53,6.53,6.53,300,2021-10-08 21:43:00,SRNE
6.51,6.51,6.51,6.51,300,2021-10-08 21:50:00,SRNE
6.506,6.506,6.506,6.506,500,2021-10-08 21:52:00,SRNE
6.4907,6.4907,6.4907,6.4907,150,2021-10-08 21:55:00,SRNE
6.49,6.49,6.49,6.49,385,2021-10-08 22:02:00,SRNE
6.49,6.49,6.49,6.49,100,2021-10-08 22:03:00,SRNE
6.49,6.49,6.49,6.49,500,2021-10-08 22:04:00,SRNE
6.48,6.48,6.48,6.48,1000,2021-10-08 22:35:00,SRNE
6.51,6.51,6.51,6.51,601,2021-10-08 23:59:00,SRNE
