open,high,low,close,volume,datetime,symbol
6.28,6.28,6.28,6.28,595,2021-06-01 13:30:00,INOD
6.3556,6.3556,6.26,6.26,1300,2021-06-01 13:32:00,INOD
6.34,6.36,6.34,6.36,200,2021-06-01 13:38:00,INOD
6.37,6.37,6.37,6.37,100,2021-06-01 13:40:00,INOD
6.32,6.32,6.32,6.32,100,2021-06-01 13:51:00,INOD
6.3805,6.4184,6.3744,6.3747,1300,2021-06-01 14:03:00,INOD
6.26,6.26,6.26,6.26,300,2021-06-01 14:04:00,INOD
6.28,6.28,6.28,6.28,100,2021-06-01 14:05:00,INOD
6.26,6.26,6.26,6.26,200,2021-06-01 14:14:00,INOD
6.31,6.39,6.268,6.27,500,2021-06-01 14:15:00,INOD
6.31,6.31,6.31,6.31,100,2021-06-01 14:16:00,INOD
6.31,6.31,6.27,6.27,200,2021-06-01 14:17:00,INOD
6.33,6.33,6.33,6.33,100,2021-06-01 14:18:00,INOD
6.34,6.34,6.34,6.34,100,2021-06-01 14:20:00,INOD
6.34,6.34,6.34,6.34,100,2021-06-01 14:21:00,INOD
6.345,6.39,6.345,6.39,1115,2021-06-01 14:23:00,INOD
6.39,6.5,6.39,6.41,11563,2021-06-01 14:24:00,INOD
6.42,6.42,6.42,6.42,100,2021-06-01 14:27:00,INOD
6.44,6.44,6.44,6.44,100,2021-06-01 14:29:00,INOD
6.42,6.49,6.42,6.49,200,2021-06-01 14:30:00,INOD
6.52,6.52,6.52,6.52,100,2021-06-01 14:32:00,INOD
6.5728,6.5728,6.5728,6.5728,1000,2021-06-01 14:33:00,INOD
6.535,6.535,6.535,6.535,400,2021-06-01 14:36:00,INOD
6.44,6.44,6.44,6.44,100,2021-06-01 14:39:00,INOD
6.515,6.515,6.515,6.515,100,2021-06-01 14:41:00,INOD
6.45,6.45,6.45,6.45,100,2021-06-01 14:43:00,INOD
6.51,6.51,6.44,6.44,200,2021-06-01 14:44:00,INOD
6.515,6.515,6.45,6.515,400,2021-06-01 14:48:00,INOD
6.515,6.515,6.45,6.515,404,2021-06-01 14:51:00,INOD
6.45,6.45,6.45,6.45,200,2021-06-01 14:53:00,INOD
6.5,6.5,6.5,6.5,100,2021-06-01 14:54:00,INOD
6.5,6.5,6.44,6.475,900,2021-06-01 14:55:00,INOD
6.5,6.5,6.5,6.5,100,2021-06-01 14:57:00,INOD
6.44,6.5,6.44,6.49,800,2021-06-01 14:58:00,INOD
6.485,6.485,6.485,6.485,100,2021-06-01 14:59:00,INOD
6.485,6.485,6.485,6.485,200,2021-06-01 15:00:00,INOD
6.485,6.485,6.485,6.485,100,2021-06-01 15:02:00,INOD
6.485,6.485,6.45,6.485,400,2021-06-01 15:03:00,INOD
6.485,6.485,6.45,6.45,300,2021-06-01 15:04:00,INOD
6.485,6.485,6.485,6.485,100,2021-06-01 15:05:00,INOD
6.485,6.485,6.44,6.485,400,2021-06-01 15:06:00,INOD
6.485,6.485,6.485,6.485,100,2021-06-01 15:08:00,INOD
6.485,6.485,6.485,6.485,100,2021-06-01 15:10:00,INOD
6.485,6.485,6.485,6.485,100,2021-06-01 15:11:00,INOD
6.485,6.485,6.44,6.475,400,2021-06-01 15:13:00,INOD
6.475,6.475,6.475,6.475,100,2021-06-01 15:14:00,INOD
6.475,6.475,6.475,6.475,100,2021-06-01 15:16:00,INOD
6.475,6.475,6.475,6.475,100,2021-06-01 15:17:00,INOD
6.45,6.475,6.45,6.475,300,2021-06-01 15:18:00,INOD
6.475,6.475,6.475,6.475,100,2021-06-01 15:19:00,INOD
6.475,6.475,6.475,6.475,100,2021-06-01 15:21:00,INOD
6.475,6.475,6.44,6.44,200,2021-06-01 15:23:00,INOD
6.475,6.475,6.475,6.475,100,2021-06-01 15:24:00,INOD
6.475,6.475,6.475,6.475,200,2021-06-01 15:26:00,INOD
6.475,6.475,6.475,6.475,300,2021-06-01 15:27:00,INOD
6.47,6.47,6.47,6.47,200,2021-06-01 15:28:00,INOD
6.45,6.45,6.45,6.45,100,2021-06-01 15:30:00,INOD
6.45,6.45,6.45,6.45,200,2021-06-01 15:33:00,INOD
6.41,6.41,6.41,6.41,100,2021-06-01 15:35:00,INOD
6.435,6.435,6.435,6.435,100,2021-06-01 15:37:00,INOD
6.39,6.435,6.39,6.435,200,2021-06-01 15:40:00,INOD
6.435,6.435,6.435,6.435,100,2021-06-01 15:41:00,INOD
6.435,6.435,6.435,6.435,100,2021-06-01 15:42:00,INOD
6.435,6.435,6.435,6.435,100,2021-06-01 15:44:00,INOD
6.435,6.435,6.435,6.435,100,2021-06-01 15:47:00,INOD
6.44,6.44,6.44,6.44,100,2021-06-01 15:49:00,INOD
6.435,6.435,6.435,6.435,100,2021-06-01 15:50:00,INOD
6.43,6.4583,6.43,6.4583,200,2021-06-01 15:52:00,INOD
6.43,6.43,6.43,6.43,100,2021-06-01 15:53:00,INOD
6.445,6.48,6.445,6.48,1400,2021-06-01 15:54:00,INOD
6.485,6.485,6.485,6.485,300,2021-06-01 15:55:00,INOD
6.485,6.485,6.485,6.485,200,2021-06-01 16:05:00,INOD
6.485,6.485,6.485,6.485,100,2021-06-01 16:06:00,INOD
6.45,6.45,6.45,6.45,100,2021-06-01 16:08:00,INOD
6.485,6.485,6.485,6.485,100,2021-06-01 16:09:00,INOD
6.49,6.49,6.49,6.49,100,2021-06-01 16:10:00,INOD
6.49,6.49,6.49,6.49,100,2021-06-01 16:11:00,INOD
6.49,6.49,6.49,6.49,100,2021-06-01 16:12:00,INOD
6.49,6.49,6.49,6.49,200,2021-06-01 16:13:00,INOD
6.46,6.46,6.46,6.46,100,2021-06-01 16:14:00,INOD
6.49,6.49,6.49,6.49,100,2021-06-01 16:16:00,INOD
6.49,6.49,6.46,6.46,1865,2021-06-01 16:17:00,INOD
6.49,6.49,6.49,6.49,300,2021-06-01 16:20:00,INOD
6.46,6.49,6.46,6.49,200,2021-06-01 16:23:00,INOD
6.43,6.43,6.43,6.43,100,2021-06-01 16:24:00,INOD
6.44,6.44,6.44,6.44,100,2021-06-01 16:26:00,INOD
6.43,6.44,6.43,6.44,200,2021-06-01 16:27:00,INOD
6.4648,6.4648,6.4648,6.4648,200,2021-06-01 16:29:00,INOD
6.46,6.46,6.46,6.46,100,2021-06-01 16:30:00,INOD
6.45,6.45,6.45,6.45,200,2021-06-01 16:31:00,INOD
6.45,6.49,6.45,6.49,400,2021-06-01 16:33:00,INOD
6.42,6.42,6.42,6.42,200,2021-06-01 16:35:00,INOD
6.49,6.49,6.49,6.49,100,2021-06-01 16:36:00,INOD
6.46,6.46,6.4,6.44,500,2021-06-01 16:38:00,INOD
6.41,6.41,6.41,6.41,100,2021-06-01 16:39:00,INOD
6.41,6.41,6.41,6.41,100,2021-06-01 16:42:00,INOD
6.4,6.4,6.4,6.4,100,2021-06-01 16:45:00,INOD
6.4,6.4,6.4,6.4,100,2021-06-01 16:46:00,INOD
6.4,6.4,6.4,6.4,100,2021-06-01 16:47:00,INOD
6.41,6.41,6.41,6.41,100,2021-06-01 16:50:00,INOD
6.41,6.41,6.41,6.41,100,2021-06-01 16:52:00,INOD
6.4,6.4,6.4,6.4,100,2021-06-01 16:53:00,INOD
6.39,6.39,6.39,6.39,100,2021-06-01 16:56:00,INOD
6.4,6.4,6.4,6.4,120,2021-06-01 16:57:00,INOD
6.39,6.39,6.39,6.39,2453,2021-06-01 16:58:00,INOD
6.406,6.406,6.406,6.406,2000,2021-06-01 16:59:00,INOD
6.39,6.39,6.39,6.39,100,2021-06-01 17:01:00,INOD
6.4,6.4,6.4,6.4,100,2021-06-01 17:02:00,INOD
6.39,6.39,6.39,6.39,100,2021-06-01 17:05:00,INOD
6.39,6.39,6.39,6.39,100,2021-06-01 17:06:00,INOD
6.39,6.39,6.39,6.39,100,2021-06-01 17:09:00,INOD
6.39,6.39,6.39,6.39,100,2021-06-01 17:12:00,INOD
6.39,6.39,6.39,6.39,100,2021-06-01 17:13:00,INOD
6.39,6.39,6.39,6.39,100,2021-06-01 17:15:00,INOD
6.39,6.405,6.39,6.405,300,2021-06-01 17:17:00,INOD
6.39,6.39,6.39,6.39,100,2021-06-01 17:19:00,INOD
6.39,6.39,6.39,6.39,100,2021-06-01 17:22:00,INOD
6.39,6.39,6.39,6.39,100,2021-06-01 17:23:00,INOD
6.39,6.39,6.39,6.39,100,2021-06-01 17:24:00,INOD
6.39,6.39,6.39,6.39,100,2021-06-01 17:25:00,INOD
6.39,6.39,6.39,6.39,100,2021-06-01 17:27:00,INOD
6.39,6.39,6.39,6.39,200,2021-06-01 17:30:00,INOD
6.39,6.39,6.39,6.39,100,2021-06-01 17:31:00,INOD
6.39,6.39,6.39,6.39,100,2021-06-01 17:33:00,INOD
6.39,6.39,6.39,6.39,100,2021-06-01 17:35:00,INOD
6.39,6.39,6.39,6.39,100,2021-06-01 17:36:00,INOD
6.39,6.39,6.39,6.39,100,2021-06-01 17:38:00,INOD
6.39,6.39,6.39,6.39,100,2021-06-01 17:39:00,INOD
6.39,6.39,6.39,6.39,100,2021-06-01 17:41:00,INOD
6.39,6.39,6.39,6.39,100,2021-06-01 17:42:00,INOD
6.39,6.39,6.39,6.39,11641,2021-06-01 17:43:00,INOD
6.3105,6.3105,6.3105,6.3105,500,2021-06-01 17:45:00,INOD
6.32,6.34,6.31,6.31,1000,2021-06-01 17:46:00,INOD
6.33,6.34,6.33,6.34,502,2021-06-01 17:51:00,INOD
6.36,6.36,6.36,6.36,100,2021-06-01 17:54:00,INOD
6.38,6.4,6.38,6.4,380,2021-06-01 18:08:00,INOD
6.35,6.35,6.35,6.35,100,2021-06-01 18:09:00,INOD
6.34,6.34,6.34,6.34,200,2021-06-01 18:10:00,INOD
6.39,6.39,6.39,6.39,300,2021-06-01 18:13:00,INOD
6.34,6.34,6.34,6.34,100,2021-06-01 18:14:00,INOD
6.39,6.39,6.39,6.39,100,2021-06-01 18:17:00,INOD
6.33,6.33,6.31,6.31,499,2021-06-01 18:18:00,INOD
6.36,6.36,6.36,6.36,100,2021-06-01 18:19:00,INOD
6.37,6.37,6.37,6.37,100,2021-06-01 18:20:00,INOD
6.37,6.38,6.37,6.38,597,2021-06-01 18:21:00,INOD
6.35,6.41,6.35,6.41,200,2021-06-01 18:26:00,INOD
6.4044,6.4044,6.4044,6.4044,100,2021-06-01 18:30:00,INOD
6.36,6.36,6.36,6.36,100,2021-06-01 18:35:00,INOD
6.36,6.4,6.36,6.4,200,2021-06-01 18:40:00,INOD
6.35,6.35,6.35,6.35,100,2021-06-01 18:41:00,INOD
6.35,6.35,6.35,6.35,1001,2021-06-01 18:49:00,INOD
6.31,6.31,6.31,6.31,100,2021-06-01 18:52:00,INOD
6.335,6.335,6.335,6.335,100,2021-06-01 18:53:00,INOD
6.28,6.28,6.28,6.28,100,2021-06-01 18:57:00,INOD
6.35,6.35,6.35,6.35,100,2021-06-01 18:58:00,INOD
6.32,6.36,6.32,6.36,900,2021-06-01 18:59:00,INOD
6.33,6.33,6.33,6.33,200,2021-06-01 19:08:00,INOD
6.33,6.33,6.33,6.33,100,2021-06-01 19:12:00,INOD
6.36,6.36,6.36,6.36,100,2021-06-01 19:13:00,INOD
6.36,6.36,6.36,6.36,400,2021-06-01 19:14:00,INOD
6.36,6.39,6.36,6.39,600,2021-06-01 19:15:00,INOD
6.39,6.4,6.39,6.4,300,2021-06-01 19:16:00,INOD
6.38,6.41,6.38,6.41,200,2021-06-01 19:18:00,INOD
6.34,6.34,6.34,6.34,100,2021-06-01 19:27:00,INOD
6.37,6.37,6.37,6.37,100,2021-06-01 19:28:00,INOD
6.3,6.3,6.3,6.3,100,2021-06-01 19:29:00,INOD
6.365,6.37,6.36,6.37,800,2021-06-01 19:30:00,INOD
6.36,6.36,6.35,6.35,300,2021-06-01 19:32:00,INOD
6.34,6.36,6.34,6.36,200,2021-06-01 19:34:00,INOD
6.32,6.32,6.31,6.31,200,2021-06-01 19:36:00,INOD
6.31,6.31,6.31,6.31,100,2021-06-01 19:37:00,INOD
6.31,6.36,6.31,6.32,300,2021-06-01 19:39:00,INOD
6.34,6.34,6.34,6.34,100,2021-06-01 19:40:00,INOD
6.315,6.35,6.31,6.35,1590,2021-06-01 19:46:00,INOD
6.33,6.33,6.32,6.32,590,2021-06-01 19:52:00,INOD
6.3,6.3,6.3,6.3,100,2021-06-01 19:54:00,INOD
6.33,6.38,6.33,6.38,2780,2021-06-01 19:55:00,INOD
6.38,6.38,6.38,6.38,100,2021-06-01 19:56:00,INOD
6.38,6.39,6.38,6.39,300,2021-06-01 19:57:00,INOD
6.38,6.38,6.38,6.38,445,2021-06-01 19:58:00,INOD
6.35,6.35,6.35,6.35,609,2021-06-01 20:00:00,INOD
6.25,6.25,6.25,6.25,1000,2021-06-02 12:42:00,INOD
6.32,6.32,6.32,6.32,1010,2021-06-02 13:30:00,INOD
6.3,6.3,6.3,6.3,1000,2021-06-02 13:31:00,INOD
6.32,6.32,6.32,6.32,100,2021-06-02 13:39:00,INOD
6.33,6.33,6.33,6.33,100,2021-06-02 13:41:00,INOD
6.345,6.41,6.345,6.41,200,2021-06-02 13:42:00,INOD
6.27,6.27,6.22,6.22,200,2021-06-02 14:02:00,INOD
6.27,6.27,6.27,6.27,100,2021-06-02 14:03:00,INOD
6.21,6.21,6.21,6.21,200,2021-06-02 14:06:00,INOD
6.21,6.22,6.21,6.22,400,2021-06-02 14:12:00,INOD
6.21,6.26,6.21,6.26,300,2021-06-02 14:13:00,INOD
6.2754,6.2754,6.2754,6.2754,822,2021-06-02 14:25:00,INOD
6.28,6.28,6.28,6.28,323,2021-06-02 14:33:00,INOD
6.35,6.35,6.35,6.35,400,2021-06-02 15:28:00,INOD
6.2487,6.2487,6.2487,6.2487,200,2021-06-02 15:41:00,INOD
6.2578,6.2578,6.2578,6.2578,1000,2021-06-02 15:49:00,INOD
6.2556,6.2556,6.2556,6.2556,2000,2021-06-02 15:51:00,INOD
6.2309,6.2309,6.2309,6.2309,300,2021-06-02 16:02:00,INOD
6.2392,6.2515,6.2392,6.2515,1052,2021-06-02 16:07:00,INOD
6.2449,6.2449,6.2449,6.2449,300,2021-06-02 16:22:00,INOD
6.2657,6.37,6.2657,6.37,1100,2021-06-02 16:24:00,INOD
6.305,6.305,6.305,6.305,325,2021-06-02 16:29:00,INOD
6.31,6.31,6.31,6.31,289,2021-06-02 16:37:00,INOD
6.25,6.25,6.25,6.25,100,2021-06-02 16:44:00,INOD
6.25,6.25,6.25,6.25,100,2021-06-02 16:48:00,INOD
6.32,6.32,6.32,6.32,100,2021-06-02 16:50:00,INOD
6.24,6.24,6.24,6.24,100,2021-06-02 17:00:00,INOD
6.27,6.27,6.27,6.27,200,2021-06-02 17:21:00,INOD
6.27,6.27,6.25,6.25,496,2021-06-02 17:23:00,INOD
6.23,6.23,6.23,6.23,100,2021-06-02 17:25:00,INOD
6.23,6.23,6.23,6.23,100,2021-06-02 17:26:00,INOD
6.2531,6.2531,6.2531,6.2531,300,2021-06-02 17:27:00,INOD
6.279,6.279,6.252,6.265,740,2021-06-02 17:35:00,INOD
6.2518,6.279,6.23,6.23,1454,2021-06-02 17:36:00,INOD
6.23,6.23,6.23,6.23,100,2021-06-02 17:39:00,INOD
6.26,6.26,6.26,6.26,200,2021-06-02 18:14:00,INOD
6.27,6.27,6.27,6.27,270,2021-06-02 18:18:00,INOD
6.28,6.28,6.27,6.27,300,2021-06-02 18:23:00,INOD
6.29,6.29,6.29,6.29,400,2021-06-02 18:26:00,INOD
6.28,6.34,6.28,6.33,400,2021-06-02 18:31:00,INOD
6.31,6.31,6.31,6.31,100,2021-06-02 18:36:00,INOD
6.3,6.321,6.27,6.27,1528,2021-06-02 18:43:00,INOD
6.3,6.3,6.3,6.3,415,2021-06-02 18:48:00,INOD
6.33,6.33,6.33,6.33,497,2021-06-02 18:51:00,INOD
6.34,6.34,6.34,6.34,300,2021-06-02 18:52:00,INOD
6.34,6.34,6.34,6.34,300,2021-06-02 18:55:00,INOD
6.35,6.35,6.35,6.35,1047,2021-06-02 18:56:00,INOD
6.36,6.36,6.36,6.36,100,2021-06-02 18:57:00,INOD
6.36,6.36,6.36,6.36,100,2021-06-02 19:01:00,INOD
6.38,6.38,6.365,6.365,200,2021-06-02 19:06:00,INOD
6.38,6.38,6.38,6.38,200,2021-06-02 19:08:00,INOD
6.37,6.38,6.35,6.38,1100,2021-06-02 19:10:00,INOD
6.38,6.38,6.38,6.38,100,2021-06-02 19:13:00,INOD
6.39,6.4,6.39,6.4,400,2021-06-02 19:15:00,INOD
6.3796,6.3796,6.36,6.36,681,2021-06-02 19:21:00,INOD
6.32,6.32,6.32,6.32,100,2021-06-02 19:22:00,INOD
6.35,6.35,6.35,6.35,100,2021-06-02 19:25:00,INOD
6.34,6.34,6.34,6.34,100,2021-06-02 19:30:00,INOD
6.355,6.355,6.355,6.355,200,2021-06-02 19:31:00,INOD
6.355,6.37,6.355,6.37,600,2021-06-02 19:32:00,INOD
6.36,6.36,6.36,6.36,100,2021-06-02 19:36:00,INOD
6.34,6.34,6.34,6.34,100,2021-06-02 19:38:00,INOD
6.335,6.36,6.335,6.36,600,2021-06-02 19:39:00,INOD
6.35,6.35,6.35,6.35,200,2021-06-02 19:44:00,INOD
6.31,6.31,6.31,6.31,100,2021-06-02 19:45:00,INOD
6.3,6.3,6.3,6.3,100,2021-06-02 19:46:00,INOD
6.31,6.31,6.31,6.31,100,2021-06-02 19:47:00,INOD
6.325,6.325,6.325,6.325,1000,2021-06-02 19:48:00,INOD
6.3,6.3,6.3,6.3,100,2021-06-02 19:49:00,INOD
6.31,6.31,6.31,6.31,100,2021-06-02 19:52:00,INOD
6.31,6.31,6.31,6.31,100,2021-06-02 19:53:00,INOD
6.31,6.31,6.31,6.31,100,2021-06-02 19:54:00,INOD
6.31,6.35,6.31,6.35,400,2021-06-02 19:55:00,INOD
6.3,6.31,6.3,6.31,200,2021-06-02 19:56:00,INOD
6.31,6.35,6.3,6.3,400,2021-06-02 19:57:00,INOD
6.31,6.31,6.3,6.3,600,2021-06-02 19:58:00,INOD
6.3,6.31,6.3,6.3,1334,2021-06-02 19:59:00,INOD
6.3,6.3,6.3,6.3,1006,2021-06-02 20:00:00,INOD
6.3,6.3,6.3,6.3,1125,2021-06-03 13:30:00,INOD
6.34,6.34,6.3,6.3,1240,2021-06-03 13:32:00,INOD
6.3,6.3,6.3,6.3,100,2021-06-03 13:33:00,INOD
6.3,6.3,6.3,6.3,308,2021-06-03 13:34:00,INOD
6.3,6.3,6.3,6.3,187,2021-06-03 13:35:00,INOD
6.3,6.3,6.3,6.3,146,2021-06-03 13:36:00,INOD
6.3,6.3,6.3,6.3,225,2021-06-03 13:37:00,INOD
6.31,6.31,6.31,6.31,225,2021-06-03 13:38:00,INOD
6.3,6.3,6.3,6.3,125,2021-06-03 13:39:00,INOD
6.3,6.3,6.3,6.3,703,2021-06-03 13:40:00,INOD
6.24,6.24,6.24,6.24,104,2021-06-03 13:41:00,INOD
6.23,6.23,6.23,6.23,100,2021-06-03 13:46:00,INOD
6.23,6.23,6.23,6.23,100,2021-06-03 13:47:00,INOD
6.23,6.2575,6.2,6.2575,2198,2021-06-03 13:49:00,INOD
6.219,6.219,6.21,6.21,200,2021-06-03 14:17:00,INOD
6.2657,6.2657,6.2657,6.2657,200,2021-06-03 14:42:00,INOD
6.29,6.3,6.29,6.3,200,2021-06-03 14:45:00,INOD
6.33,6.33,6.33,6.33,100,2021-06-03 14:50:00,INOD
6.34,6.34,6.34,6.34,100,2021-06-03 14:51:00,INOD
6.3,6.31,6.23,6.23,5791,2021-06-03 14:52:00,INOD
6.29,6.29,6.29,6.29,100,2021-06-03 14:58:00,INOD
6.26,6.26,6.26,6.26,100,2021-06-03 15:00:00,INOD
6.26,6.26,6.26,6.26,100,2021-06-03 15:06:00,INOD
6.3,6.3,6.3,6.3,1692,2021-06-03 15:14:00,INOD
6.23,6.23,6.23,6.23,100,2021-06-03 15:22:00,INOD
6.2337,6.2337,6.2337,6.2337,400,2021-06-03 15:31:00,INOD
6.23,6.23,6.23,6.23,1149,2021-06-03 15:34:00,INOD
6.23,6.23,6.23,6.23,100,2021-06-03 15:48:00,INOD
6.23,6.23,6.23,6.23,1254,2021-06-03 15:52:00,INOD
6.22,6.22,6.22,6.22,100,2021-06-03 16:03:00,INOD
6.25,6.25,6.25,6.25,400,2021-06-03 16:10:00,INOD
6.25,6.25,6.25,6.25,200,2021-06-03 16:11:00,INOD
6.22,6.22,6.22,6.22,100,2021-06-03 16:31:00,INOD
6.28,6.3,6.28,6.3,1100,2021-06-03 16:40:00,INOD
6.3,6.3,6.3,6.3,1198,2021-06-03 16:41:00,INOD
6.286,6.3,6.286,6.3,800,2021-06-03 16:42:00,INOD
6.3,6.306,6.3,6.306,1450,2021-06-03 16:47:00,INOD
6.3,6.3,6.3,6.3,383,2021-06-03 16:55:00,INOD
6.332,6.34,6.332,6.34,800,2021-06-03 16:58:00,INOD
6.34,6.34,6.34,6.34,100,2021-06-03 16:59:00,INOD
6.3699,6.3699,6.3699,6.3699,1300,2021-06-03 17:00:00,INOD
6.31,6.31,6.31,6.31,100,2021-06-03 17:18:00,INOD
6.3481,6.3481,6.3481,6.3481,500,2021-06-03 17:24:00,INOD
6.37,6.37,6.36,6.37,700,2021-06-03 17:26:00,INOD
6.37,6.37,6.37,6.37,662,2021-06-03 17:27:00,INOD
6.36,6.36,6.36,6.36,100,2021-06-03 17:35:00,INOD
6.36,6.36,6.36,6.36,100,2021-06-03 17:40:00,INOD
6.37,6.37,6.37,6.37,121,2021-06-03 17:42:00,INOD
6.31,6.31,6.31,6.31,100,2021-06-03 17:54:00,INOD
6.31,6.31,6.31,6.31,100,2021-06-03 18:03:00,INOD
6.35,6.35,6.35,6.35,100,2021-06-03 18:11:00,INOD
6.38,6.38,6.38,6.38,100,2021-06-03 18:12:00,INOD
6.4,6.4,6.4,6.4,301,2021-06-03 18:15:00,INOD
6.4,6.4,6.4,6.4,1186,2021-06-03 18:16:00,INOD
6.4,6.4,6.4,6.4,1074,2021-06-03 18:17:00,INOD
6.38,6.38,6.38,6.38,100,2021-06-03 18:18:00,INOD
6.35,6.35,6.35,6.35,104,2021-06-03 18:22:00,INOD
6.35,6.35,6.35,6.35,304,2021-06-03 18:23:00,INOD
6.35,6.35,6.35,6.35,200,2021-06-03 18:24:00,INOD
6.35,6.35,6.35,6.35,100,2021-06-03 18:25:00,INOD
6.35,6.35,6.35,6.35,100,2021-06-03 18:26:00,INOD
6.35,6.35,6.35,6.35,104,2021-06-03 18:27:00,INOD
6.35,6.35,6.35,6.35,304,2021-06-03 18:28:00,INOD
6.35,6.35,6.35,6.35,200,2021-06-03 18:30:00,INOD
6.35,6.35,6.35,6.35,100,2021-06-03 18:32:00,INOD
6.35,6.35,6.35,6.35,100,2021-06-03 18:33:00,INOD
6.35,6.35,6.35,6.35,100,2021-06-03 18:34:00,INOD
6.35,6.35,6.35,6.35,100,2021-06-03 18:35:00,INOD
6.35,6.35,6.35,6.35,100,2021-06-03 18:37:00,INOD
6.35,6.35,6.35,6.35,100,2021-06-03 18:38:00,INOD
6.36,6.36,6.36,6.36,300,2021-06-03 18:39:00,INOD
6.35,6.35,6.35,6.35,100,2021-06-03 18:41:00,INOD
6.39,6.4,6.38,6.4,4200,2021-06-03 18:43:00,INOD
6.4,6.4,6.4,6.4,300,2021-06-03 18:47:00,INOD
6.4,6.4,6.4,6.4,200,2021-06-03 18:49:00,INOD
6.4,6.4,6.4,6.4,100,2021-06-03 18:52:00,INOD
6.4,6.4,6.4,6.4,100,2021-06-03 18:56:00,INOD
6.4,6.42,6.4,6.42,3321,2021-06-03 18:58:00,INOD
6.4,6.4,6.4,6.4,100,2021-06-03 18:59:00,INOD
6.4,6.4,6.4,6.4,100,2021-06-03 19:00:00,INOD
6.4,6.41,6.4,6.4041,6300,2021-06-03 19:01:00,INOD
6.41,6.41,6.41,6.41,1000,2021-06-03 19:02:00,INOD
6.4,6.41,6.4,6.41,400,2021-06-03 19:03:00,INOD
6.41,6.41,6.41,6.41,349,2021-06-03 19:04:00,INOD
6.4221,6.4221,6.4221,6.4221,200,2021-06-03 19:06:00,INOD
6.4,6.4,6.4,6.4,100,2021-06-03 19:09:00,INOD
6.4237,6.4237,6.4237,6.4237,100,2021-06-03 19:11:00,INOD
6.4,6.4,6.4,6.4,100,2021-06-03 19:12:00,INOD
6.4,6.4,6.4,6.4,100,2021-06-03 19:19:00,INOD
6.4,6.4,6.4,6.4,900,2021-06-03 19:20:00,INOD
6.4,6.4,6.4,6.4,100,2021-06-03 19:21:00,INOD
6.4,6.4,6.4,6.4,100,2021-06-03 19:22:00,INOD
6.41,6.41,6.41,6.41,100,2021-06-03 19:26:00,INOD
6.41,6.41,6.41,6.41,342,2021-06-03 19:27:00,INOD
6.4365,6.4365,6.4365,6.4365,400,2021-06-03 19:28:00,INOD
6.4218,6.4218,6.4218,6.4218,100,2021-06-03 19:30:00,INOD
6.4,6.4,6.4,6.4,100,2021-06-03 19:32:00,INOD
6.4,6.42,6.4,6.42,200,2021-06-03 19:36:00,INOD
6.43,6.43,6.43,6.43,1590,2021-06-03 19:39:00,INOD
6.45,6.48,6.45,6.48,200,2021-06-03 19:42:00,INOD
6.475,6.475,6.475,6.475,100,2021-06-03 19:43:00,INOD
6.45,6.45,6.45,6.45,2400,2021-06-03 19:44:00,INOD
6.45,6.45,6.45,6.45,100,2021-06-03 19:45:00,INOD
6.45,6.45,6.42,6.42,10001,2021-06-03 19:47:00,INOD
6.44,6.45,6.44,6.45,1926,2021-06-03 19:48:00,INOD
6.44,6.44,6.44,6.44,300,2021-06-03 19:50:00,INOD
6.45,6.45,6.45,6.45,500,2021-06-03 19:51:00,INOD
6.42,6.42,6.41,6.41,200,2021-06-03 19:52:00,INOD
6.4,6.4,6.4,6.4,200,2021-06-03 19:54:00,INOD
6.4,6.4,6.4,6.4,200,2021-06-03 19:55:00,INOD
6.4,6.4,6.4,6.4,300,2021-06-03 19:57:00,INOD
6.38,6.41,6.38,6.41,700,2021-06-03 19:58:00,INOD
6.44,6.44,6.4,6.44,700,2021-06-03 19:59:00,INOD
6.45,6.45,6.45,6.45,1396,2021-06-03 20:00:00,INOD
6.45,6.45,6.45,6.45,2809,2021-06-04 13:30:00,INOD
6.45,6.45,6.45,6.45,659,2021-06-04 13:32:00,INOD
6.45,6.45,6.45,6.45,4095,2021-06-04 13:33:00,INOD
6.4867,6.4867,6.4867,6.4867,163,2021-06-04 13:37:00,INOD
6.52,6.65,6.52,6.65,2583,2021-06-04 13:39:00,INOD
6.69,6.75,6.661,6.661,2500,2021-06-04 13:40:00,INOD
6.759,6.7599,6.7235,6.7235,1805,2021-06-04 13:41:00,INOD
6.76,6.76,6.76,6.76,100,2021-06-04 13:42:00,INOD
6.8,6.83,6.8,6.83,252,2021-06-04 13:46:00,INOD
6.9016,6.9016,6.9016,6.9016,250,2021-06-04 13:47:00,INOD
6.9,6.9,6.9,6.9,300,2021-06-04 13:48:00,INOD
6.81,6.81,6.81,6.81,100,2021-06-04 13:52:00,INOD
6.82,6.84,6.82,6.84,400,2021-06-04 13:53:00,INOD
6.902,6.919,6.9,6.902,1000,2021-06-04 13:54:00,INOD
6.84,6.84,6.83,6.83,300,2021-06-04 13:55:00,INOD
6.83,6.83,6.83,6.83,300,2021-06-04 13:56:00,INOD
6.83,6.9,6.8,6.81,700,2021-06-04 13:57:00,INOD
6.74,6.74,6.74,6.74,200,2021-06-04 13:58:00,INOD
6.79,6.79,6.79,6.79,300,2021-06-04 13:59:00,INOD
6.79,6.8,6.79,6.8,400,2021-06-04 14:00:00,INOD
6.74,6.74,6.74,6.74,100,2021-06-04 14:01:00,INOD
6.75,6.75,6.73,6.73,300,2021-06-04 14:02:00,INOD
6.8,6.8,6.74,6.74,350,2021-06-04 14:03:00,INOD
6.73,6.73,6.73,6.73,200,2021-06-04 14:04:00,INOD
6.74,6.86,6.73,6.86,300,2021-06-04 14:05:00,INOD
6.73,6.7913,6.71,6.7913,1300,2021-06-04 14:06:00,INOD
6.74,6.74,6.66,6.66,200,2021-06-04 14:07:00,INOD
6.66,6.67,6.66,6.67,200,2021-06-04 14:08:00,INOD
6.66,6.67,6.66,6.66,300,2021-06-04 14:09:00,INOD
6.67,6.67,6.67,6.67,100,2021-06-04 14:10:00,INOD
6.71,6.71,6.61,6.69,300,2021-06-04 14:11:00,INOD
6.7,6.7,6.7,6.7,100,2021-06-04 14:12:00,INOD
6.7,6.7,6.62,6.62,300,2021-06-04 14:13:00,INOD
6.66,6.66,6.66,6.66,100,2021-06-04 14:14:00,INOD
6.66,6.78,6.66,6.66,700,2021-06-04 14:15:00,INOD
6.7652,6.7652,6.67,6.67,280,2021-06-04 14:16:00,INOD
6.66,6.67,6.66,6.66,300,2021-06-04 14:17:00,INOD
6.67,6.67,6.67,6.67,100,2021-06-04 14:18:00,INOD
6.61,6.61,6.6,6.6,200,2021-06-04 14:19:00,INOD
6.6,6.7334,6.6,6.7334,250,2021-06-04 14:20:00,INOD
6.63,6.63,6.62,6.63,300,2021-06-04 14:21:00,INOD
6.64,6.64,6.64,6.64,100,2021-06-04 14:22:00,INOD
6.62,6.63,6.62,6.63,300,2021-06-04 14:23:00,INOD
6.62,6.62,6.62,6.62,100,2021-06-04 14:24:00,INOD
6.63,6.63,6.63,6.63,100,2021-06-04 14:25:00,INOD
6.62,6.62,6.62,6.62,300,2021-06-04 14:26:00,INOD
6.64,6.64,6.63,6.63,200,2021-06-04 14:28:00,INOD
6.72,6.72,6.63,6.684,1720,2021-06-04 14:29:00,INOD
6.64,6.64,6.63,6.63,400,2021-06-04 14:30:00,INOD
6.63,6.63,6.63,6.63,200,2021-06-04 14:31:00,INOD
6.61,6.665,6.61,6.665,200,2021-06-04 14:34:00,INOD
6.61,6.62,6.61,6.62,200,2021-06-04 14:35:00,INOD
6.62,6.62,6.62,6.62,200,2021-06-04 14:36:00,INOD
6.63,6.63,6.62,6.62,300,2021-06-04 14:37:00,INOD
6.57,6.57,6.56,6.56,200,2021-06-04 14:40:00,INOD
6.55,6.55,6.55,6.55,100,2021-06-04 14:42:00,INOD
6.55,6.55,6.55,6.55,100,2021-06-04 14:43:00,INOD
6.61,6.61,6.54,6.54,200,2021-06-04 14:44:00,INOD
6.54,6.54,6.54,6.54,200,2021-06-04 14:45:00,INOD
6.54,6.54,6.54,6.54,100,2021-06-04 14:46:00,INOD
6.54,6.54,6.54,6.54,100,2021-06-04 14:48:00,INOD
6.54,6.54,6.54,6.54,100,2021-06-04 14:49:00,INOD
6.54,6.54,6.54,6.54,100,2021-06-04 14:50:00,INOD
6.55,6.55,6.55,6.55,100,2021-06-04 14:54:00,INOD
6.55,6.56,6.55,6.56,200,2021-06-04 14:55:00,INOD
6.67,6.67,6.67,6.67,100,2021-06-04 14:59:00,INOD
6.55,6.55,6.55,6.55,200,2021-06-04 15:00:00,INOD
6.56,6.56,6.56,6.56,100,2021-06-04 15:01:00,INOD
6.56,6.56,6.56,6.56,100,2021-06-04 15:04:00,INOD
6.57,6.57,6.57,6.57,100,2021-06-04 15:05:00,INOD
6.5823,6.5823,6.5823,6.5823,130,2021-06-04 15:06:00,INOD
6.58,6.58,6.58,6.58,100,2021-06-04 15:07:00,INOD
6.57,6.57,6.57,6.57,100,2021-06-04 15:08:00,INOD
6.57,6.57,6.57,6.57,100,2021-06-04 15:10:00,INOD
6.55,6.55,6.55,6.55,200,2021-06-04 15:21:00,INOD
6.61,6.635,6.61,6.635,200,2021-06-04 15:27:00,INOD
6.6,6.6,6.6,6.6,100,2021-06-04 15:32:00,INOD
6.64,6.64,6.64,6.64,200,2021-06-04 15:33:00,INOD
6.65,6.66,6.65,6.66,1000,2021-06-04 15:34:00,INOD
6.699,6.7,6.699,6.6994,1000,2021-06-04 15:39:00,INOD
6.69,6.69,6.69,6.69,200,2021-06-04 15:42:00,INOD
6.69,6.69,6.69,6.69,100,2021-06-04 15:43:00,INOD
6.69,6.69,6.69,6.69,100,2021-06-04 15:51:00,INOD
6.64,6.64,6.64,6.64,1798,2021-06-04 15:53:00,INOD
6.64,6.64,6.64,6.64,200,2021-06-04 15:54:00,INOD
6.64,6.64,6.64,6.64,100,2021-06-04 15:56:00,INOD
6.64,6.64,6.64,6.64,200,2021-06-04 15:57:00,INOD
6.64,6.68,6.64,6.64,300,2021-06-04 16:00:00,INOD
6.64,6.64,6.64,6.64,100,2021-06-04 16:01:00,INOD
6.64,6.64,6.64,6.64,100,2021-06-04 16:03:00,INOD
6.64,6.64,6.64,6.64,100,2021-06-04 16:04:00,INOD
6.64,6.64,6.64,6.64,100,2021-06-04 16:05:00,INOD
6.64,6.64,6.64,6.64,100,2021-06-04 16:06:00,INOD
6.67,6.67,6.67,6.67,600,2021-06-04 16:07:00,INOD
6.64,6.64,6.64,6.64,100,2021-06-04 16:08:00,INOD
6.64,6.64,6.64,6.64,200,2021-06-04 16:09:00,INOD
6.64,6.64,6.64,6.64,100,2021-06-04 16:12:00,INOD
6.64,6.64,6.64,6.64,100,2021-06-04 16:13:00,INOD
6.64,6.64,6.64,6.64,1284,2021-06-04 16:14:00,INOD
6.6,6.6,6.6,6.6,200,2021-06-04 16:16:00,INOD
6.61,6.61,6.61,6.61,400,2021-06-04 16:20:00,INOD
6.61,6.61,6.6,6.6,2000,2021-06-04 16:23:00,INOD
6.56,6.56,6.56,6.56,100,2021-06-04 16:24:00,INOD
6.56,6.595,6.56,6.595,300,2021-06-04 16:25:00,INOD
6.56,6.56,6.56,6.56,100,2021-06-04 16:26:00,INOD
6.56,6.56,6.55,6.55,200,2021-06-04 16:28:00,INOD
6.55,6.56,6.55,6.56,200,2021-06-04 16:30:00,INOD
6.55,6.55,6.55,6.55,300,2021-06-04 16:32:00,INOD
6.55,6.6096,6.55,6.6096,200,2021-06-04 16:33:00,INOD
6.58,6.61,6.58,6.61,1559,2021-06-04 16:35:00,INOD
6.665,6.665,6.665,6.665,100,2021-06-04 16:46:00,INOD
6.63,6.63,6.63,6.63,100,2021-06-04 16:49:00,INOD
6.63,6.63,6.63,6.63,200,2021-06-04 16:57:00,INOD
6.63,6.63,6.63,6.63,180,2021-06-04 16:58:00,INOD
6.635,6.635,6.635,6.635,100,2021-06-04 17:00:00,INOD
6.63,6.63,6.63,6.63,100,2021-06-04 17:05:00,INOD
6.63,6.63,6.63,6.63,200,2021-06-04 17:06:00,INOD
6.64,6.67,6.64,6.67,836,2021-06-04 17:07:00,INOD
6.66,6.66,6.66,6.66,100,2021-06-04 17:14:00,INOD
6.66,6.66,6.66,6.66,200,2021-06-04 17:19:00,INOD
6.67,6.67,6.67,6.67,100,2021-06-04 17:24:00,INOD
6.74,6.74,6.74,6.74,112,2021-06-04 17:25:00,INOD
6.7,6.7,6.7,6.7,299,2021-06-04 17:26:00,INOD
6.7212,6.7212,6.7156,6.7156,1100,2021-06-04 17:28:00,INOD
6.67,6.67,6.67,6.67,100,2021-06-04 17:29:00,INOD
6.66,6.66,6.66,6.66,100,2021-06-04 17:31:00,INOD
6.67,6.67,6.66,6.66,200,2021-06-04 17:32:00,INOD
6.67,6.67,6.67,6.67,100,2021-06-04 17:36:00,INOD
6.67,6.67,6.67,6.67,100,2021-06-04 17:40:00,INOD
6.67,6.67,6.67,6.67,200,2021-06-04 17:42:00,INOD
6.702,6.702,6.702,6.702,300,2021-06-04 17:47:00,INOD
6.71,6.72,6.71,6.72,700,2021-06-04 17:48:00,INOD
6.74,6.74,6.74,6.74,100,2021-06-04 17:50:00,INOD
6.71,6.71,6.7,6.7,200,2021-06-04 17:58:00,INOD
6.7,6.7,6.7,6.7,100,2021-06-04 17:59:00,INOD
6.66,6.66,6.66,6.66,100,2021-06-04 18:02:00,INOD
6.72,6.72,6.72,6.72,510,2021-06-04 18:03:00,INOD
6.725,6.7347,6.725,6.73,1451,2021-06-04 18:10:00,INOD
6.72,6.72,6.72,6.72,156,2021-06-04 18:11:00,INOD
6.75,6.75,6.75,6.75,478,2021-06-04 18:13:00,INOD
6.73,6.73,6.73,6.73,100,2021-06-04 18:17:00,INOD
6.73,6.73,6.73,6.73,100,2021-06-04 18:21:00,INOD
6.7532,6.7532,6.7532,6.7532,150,2021-06-04 18:22:00,INOD
6.7204,6.74,6.7204,6.74,679,2021-06-04 18:24:00,INOD
6.75,6.75,6.75,6.75,200,2021-06-04 18:26:00,INOD
6.72,6.76,6.72,6.76,300,2021-06-04 18:27:00,INOD
6.74,6.74,6.74,6.74,1047,2021-06-04 18:29:00,INOD
6.75,6.78,6.75,6.78,400,2021-06-04 18:30:00,INOD
6.79,6.8,6.7882,6.8,1594,2021-06-04 18:32:00,INOD
6.85,6.85,6.85,6.85,200,2021-06-04 18:33:00,INOD
6.85,6.85,6.85,6.85,200,2021-06-04 18:34:00,INOD
6.86,6.86,6.86,6.86,200,2021-06-04 18:35:00,INOD
6.8,6.8,6.8,6.8,100,2021-06-04 18:36:00,INOD
6.86,6.86,6.86,6.86,105,2021-06-04 18:37:00,INOD
6.86,6.86,6.83,6.83,200,2021-06-04 18:38:00,INOD
6.81,6.85,6.81,6.85,400,2021-06-04 18:39:00,INOD
6.86,6.86,6.82,6.82,200,2021-06-04 18:42:00,INOD
6.86,6.86,6.86,6.86,900,2021-06-04 18:43:00,INOD
6.91,6.91,6.91,6.91,100,2021-06-04 18:44:00,INOD
6.91,6.97,6.88,6.925,8800,2021-06-04 18:46:00,INOD
6.96,6.96,6.89,6.9533,800,2021-06-04 18:47:00,INOD
6.915,6.94,6.915,6.92,1193,2021-06-04 18:48:00,INOD
6.8933,6.905,6.8903,6.8956,5100,2021-06-04 18:49:00,INOD
6.905,6.905,6.85,6.85,1800,2021-06-04 18:50:00,INOD
6.85,6.8553,6.85,6.8553,600,2021-06-04 18:51:00,INOD
6.86,6.86,6.86,6.86,100,2021-06-04 18:52:00,INOD
6.82,6.82,6.82,6.82,100,2021-06-04 18:53:00,INOD
6.87,6.87,6.82,6.83,300,2021-06-04 18:55:00,INOD
6.83,6.86,6.83,6.83,500,2021-06-04 18:56:00,INOD
6.83,6.83,6.83,6.83,300,2021-06-04 18:57:00,INOD
6.83,6.84,6.83,6.84,200,2021-06-04 18:58:00,INOD
6.8,6.86,6.8,6.86,2757,2021-06-04 18:59:00,INOD
6.91,6.91,6.85,6.9,1200,2021-06-04 19:00:00,INOD
6.91,6.91,6.85,6.851,820,2021-06-04 19:01:00,INOD
6.89,6.89,6.85,6.85,200,2021-06-04 19:02:00,INOD
6.87,6.87,6.85,6.85,200,2021-06-04 19:03:00,INOD
6.8646,6.8646,6.86,6.86,3100,2021-06-04 19:04:00,INOD
6.85,6.87,6.82,6.87,600,2021-06-04 19:05:00,INOD
6.861,6.87,6.861,6.87,2104,2021-06-04 19:06:00,INOD
6.88,6.88,6.88,6.88,100,2021-06-04 19:07:00,INOD
6.88,6.95,6.88,6.95,700,2021-06-04 19:08:00,INOD
6.901,6.95,6.901,6.95,2005,2021-06-04 19:09:00,INOD
6.9001,6.9001,6.9001,6.9001,100,2021-06-04 19:10:00,INOD
6.95,6.95,6.94,6.94,550,2021-06-04 19:12:00,INOD
6.95,6.95,6.95,6.95,100,2021-06-04 19:13:00,INOD
6.94,6.9581,6.94,6.9581,1734,2021-06-04 19:14:00,INOD
6.99,6.99,6.92,6.92,500,2021-06-04 19:15:00,INOD
6.99,6.99,6.92,6.92,200,2021-06-04 19:16:00,INOD
6.92,6.99,6.92,6.99,200,2021-06-04 19:17:00,INOD
6.92,6.98,6.92,6.92,300,2021-06-04 19:18:00,INOD
6.96,6.96,6.93,6.93,200,2021-06-04 19:19:00,INOD
6.99,6.99,6.9879,6.9879,2862,2021-06-04 19:20:00,INOD
6.9899,7.0626,6.9899,7.06,8344,2021-06-04 19:21:00,INOD
7.07,7.07,7.05,7.0594,1633,2021-06-04 19:22:00,INOD
7.05,7.0582,7.03,7.03,2918,2021-06-04 19:23:00,INOD
7.04,7.0499,6.98,6.98,5509,2021-06-04 19:24:00,INOD
7.015,7.015,7.015,7.015,100,2021-06-04 19:25:00,INOD
7.005,7.005,6.98,6.98,321,2021-06-04 19:26:00,INOD
6.9891,7.0,6.97,6.99,3000,2021-06-04 19:27:00,INOD
7.0,7.0,7.0,7.0,1400,2021-06-04 19:28:00,INOD
7.0,7.0,6.9801,6.9801,2100,2021-06-04 19:29:00,INOD
7.0,7.04,7.0,7.04,500,2021-06-04 19:30:00,INOD
7.05,7.1,7.05,7.1,1000,2021-06-04 19:31:00,INOD
7.1,7.15,7.1,7.15,900,2021-06-04 19:32:00,INOD
7.15,7.15,7.08,7.14,410,2021-06-04 19:33:00,INOD
7.14,7.14,7.14,7.14,100,2021-06-04 19:34:00,INOD
7.15,7.15,7.1499,7.15,400,2021-06-04 19:35:00,INOD
7.071,7.15,7.071,7.14,1716,2021-06-04 19:36:00,INOD
7.14,7.14,7.0993,7.14,300,2021-06-04 19:37:00,INOD
7.0877,7.14,7.0877,7.1,5424,2021-06-04 19:38:00,INOD
7.14,7.15,7.113,7.12,1512,2021-06-04 19:39:00,INOD
7.14,7.15,7.1211,7.1211,300,2021-06-04 19:40:00,INOD
7.14,7.14,7.14,7.14,100,2021-06-04 19:41:00,INOD
7.15,7.15,7.15,7.15,100,2021-06-04 19:42:00,INOD
7.11,7.14,7.11,7.14,600,2021-06-04 19:43:00,INOD
7.15,7.15,7.1468,7.15,700,2021-06-04 19:44:00,INOD
7.12,7.17,7.12,7.17,2232,2021-06-04 19:45:00,INOD
7.17,7.19,7.17,7.19,700,2021-06-04 19:46:00,INOD
7.2,7.2,7.15,7.165,2060,2021-06-04 19:47:00,INOD
7.174,7.174,7.1411,7.17,2300,2021-06-04 19:48:00,INOD
7.17,7.18,7.17,7.18,697,2021-06-04 19:49:00,INOD
7.18,7.18,7.1503,7.1503,1100,2021-06-04 19:50:00,INOD
7.18,7.18,7.18,7.18,200,2021-06-04 19:51:00,INOD
7.18,7.19,7.16,7.1821,1150,2021-06-04 19:52:00,INOD
7.189,7.2051,7.17,7.19,6100,2021-06-04 19:53:00,INOD
7.19,7.2,7.12,7.12,7712,2021-06-04 19:54:00,INOD
7.121,7.19,7.121,7.18,6150,2021-06-04 19:55:00,INOD
7.17,7.19,7.17,7.19,500,2021-06-04 19:56:00,INOD
7.2,7.2,7.13,7.18,1800,2021-06-04 19:57:00,INOD
7.14,7.1899,7.14,7.15,2665,2021-06-04 19:58:00,INOD
7.17,7.18,7.15,7.18,3443,2021-06-04 19:59:00,INOD
7.18,7.18,7.18,7.18,1748,2021-06-04 20:00:00,INOD
7.17,7.17,7.17,7.17,500,2021-06-04 20:43:00,INOD
7.18,7.18,7.18,7.18,200,2021-06-04 21:02:00,INOD
7.18,7.18,7.18,7.18,500,2021-06-04 22:56:00,INOD
7.2,7.2,7.2,7.2,500,2021-06-07 12:31:00,INOD
7.09,7.19,7.09,7.19,10440,2021-06-07 13:30:00,INOD
7.212,7.212,7.212,7.212,2000,2021-06-07 13:31:00,INOD
7.162,7.185,7.162,7.185,800,2021-06-07 13:32:00,INOD
7.215,7.215,7.18,7.18,1200,2021-06-07 13:33:00,INOD
7.18,7.18,7.13,7.145,2311,2021-06-07 13:34:00,INOD
7.1309,7.1799,7.11,7.11,3300,2021-06-07 13:35:00,INOD
7.1291,7.1291,7.06,7.06,6211,2021-06-07 13:37:00,INOD
7.1262,7.1262,7.06,7.06,1300,2021-06-07 13:38:00,INOD
7.053,7.053,7.053,7.053,200,2021-06-07 13:40:00,INOD
7.01,7.01,7.01,7.01,500,2021-06-07 13:41:00,INOD
6.98,6.98,6.96,6.96,2912,2021-06-07 13:45:00,INOD
6.97,6.97,6.97,6.97,100,2021-06-07 13:46:00,INOD
7.01,7.01,7.01,7.01,200,2021-06-07 13:47:00,INOD
7.0307,7.0499,7.01,7.0499,300,2021-06-07 13:48:00,INOD
7.0245,7.0245,7.0245,7.0245,200,2021-06-07 13:50:00,INOD
7.015,7.06,7.015,7.04,850,2021-06-07 13:51:00,INOD
7.13,7.13,7.12,7.12,2219,2021-06-07 13:54:00,INOD
7.12,7.1273,7.11,7.1273,2856,2021-06-07 13:55:00,INOD
7.199,7.199,7.199,7.199,105,2021-06-07 13:57:00,INOD
7.175,7.18,7.175,7.18,276,2021-06-07 13:59:00,INOD
7.18,7.18,7.18,7.18,200,2021-06-07 14:00:00,INOD
7.18,7.18,7.18,7.18,150,2021-06-07 14:02:00,INOD
7.15,7.15,7.15,7.15,100,2021-06-07 14:03:00,INOD
7.18,7.18,7.18,7.18,100,2021-06-07 14:05:00,INOD
7.15,7.15,7.15,7.15,100,2021-06-07 14:07:00,INOD
7.17,7.17,7.17,7.17,100,2021-06-07 14:08:00,INOD
7.18,7.18,7.18,7.18,100,2021-06-07 14:10:00,INOD
7.16,7.16,7.16,7.16,100,2021-06-07 14:11:00,INOD
7.16,7.16,7.16,7.16,237,2021-06-07 14:12:00,INOD
7.15,7.15,7.0713,7.0713,3074,2021-06-07 14:13:00,INOD
7.07,7.07,7.07,7.07,100,2021-06-07 14:14:00,INOD
7.06,7.06,7.06,7.06,100,2021-06-07 14:15:00,INOD
7.15,7.15,7.15,7.15,500,2021-06-07 14:16:00,INOD
7.07,7.07,7.07,7.07,100,2021-06-07 14:18:00,INOD
7.07,7.07,7.07,7.07,534,2021-06-07 14:19:00,INOD
7.08,7.08,7.07,7.07,504,2021-06-07 14:20:00,INOD
7.07,7.07,7.05,7.05,520,2021-06-07 14:22:00,INOD
7.05,7.05,7.05,7.05,221,2021-06-07 14:24:00,INOD
7.05,7.05,7.05,7.05,100,2021-06-07 14:27:00,INOD
7.05,7.05,7.05,7.05,100,2021-06-07 14:28:00,INOD
7.05,7.05,7.05,7.05,100,2021-06-07 14:29:00,INOD
7.05,7.08,7.05,7.08,619,2021-06-07 14:30:00,INOD
7.1816,7.1816,7.1816,7.1816,100,2021-06-07 14:32:00,INOD
7.08,7.088,7.08,7.088,200,2021-06-07 14:33:00,INOD
7.0778,7.0778,7.0778,7.0778,1002,2021-06-07 14:42:00,INOD
7.07,7.07,7.07,7.07,200,2021-06-07 14:43:00,INOD
7.07,7.07,7.07,7.07,100,2021-06-07 14:46:00,INOD
7.07,7.07,7.07,7.07,500,2021-06-07 14:47:00,INOD
7.07,7.07,7.07,7.07,100,2021-06-07 14:49:00,INOD
7.08,7.08,7.08,7.08,200,2021-06-07 14:51:00,INOD
7.08,7.08,7.08,7.08,100,2021-06-07 14:52:00,INOD
7.1083,7.1083,7.08,7.08,275,2021-06-07 14:54:00,INOD
7.07,7.07,7.07,7.07,2986,2021-06-07 14:56:00,INOD
7.07,7.07,7.07,7.07,100,2021-06-07 14:58:00,INOD
7.07,7.07,7.07,7.07,500,2021-06-07 14:59:00,INOD
7.1308,7.1308,7.1168,7.1168,1200,2021-06-07 15:01:00,INOD
7.07,7.07,7.07,7.07,100,2021-06-07 15:02:00,INOD
7.07,7.07,7.07,7.07,1200,2021-06-07 15:04:00,INOD
7.05,7.05,7.01,7.01,1207,2021-06-07 15:06:00,INOD
7.01,7.01,6.93,6.93,4898,2021-06-07 15:07:00,INOD
7.0099,7.0099,7.0099,7.0099,100,2021-06-07 15:10:00,INOD
7.0011,7.0011,6.96,6.96,300,2021-06-07 15:19:00,INOD
6.95,6.95,6.89,6.89,300,2021-06-07 15:30:00,INOD
6.9405,6.9405,6.9405,6.9405,200,2021-06-07 15:33:00,INOD
6.97,6.98,6.97,6.98,200,2021-06-07 15:34:00,INOD
6.98,6.98,6.98,6.98,228,2021-06-07 15:38:00,INOD
7.0,7.0,7.0,7.0,730,2021-06-07 15:42:00,INOD
7.0007,7.0007,7.0,7.0,2394,2021-06-07 15:43:00,INOD
6.97,6.9999,6.97,6.9999,225,2021-06-07 15:44:00,INOD
6.9709,6.9709,6.9709,6.9709,400,2021-06-07 15:45:00,INOD
6.973,7.0,6.973,6.98,1700,2021-06-07 15:48:00,INOD
6.96,6.98,6.96,6.9785,300,2021-06-07 15:54:00,INOD
6.941,6.941,6.92,6.92,200,2021-06-07 15:55:00,INOD
6.9816,6.9816,6.9816,6.9816,125,2021-06-07 15:57:00,INOD
6.9285,6.9285,6.9285,6.9285,175,2021-06-07 15:59:00,INOD
7.01,7.05,7.01,7.05,243,2021-06-07 16:01:00,INOD
6.9601,6.9601,6.9601,6.9601,400,2021-06-07 16:02:00,INOD
7.015,7.015,7.015,7.015,230,2021-06-07 16:13:00,INOD
7.01,7.06,7.01,7.06,200,2021-06-07 16:16:00,INOD
6.99,7.0582,6.99,7.0582,200,2021-06-07 16:20:00,INOD
7.0569,7.0569,7.0569,7.0569,100,2021-06-07 16:24:00,INOD
7.0,7.02,7.0,7.02,200,2021-06-07 16:27:00,INOD
7.0,7.0,7.0,7.0,100,2021-06-07 16:28:00,INOD
7.0,7.0,7.0,7.0,109,2021-06-07 16:29:00,INOD
7.0693,7.0693,7.0372,7.0372,209,2021-06-07 16:30:00,INOD
7.0595,7.0595,7.0595,7.0595,112,2021-06-07 16:31:00,INOD
7.0111,7.0111,7.0111,7.0111,100,2021-06-07 16:33:00,INOD
7.0,7.0,7.0,7.0,2599,2021-06-07 16:34:00,INOD
6.99,6.99,6.99,6.99,100,2021-06-07 16:35:00,INOD
7.015,7.015,7.015,7.015,139,2021-06-07 16:37:00,INOD
7.01,7.0395,7.01,7.0395,596,2021-06-07 16:45:00,INOD
7.02,7.02,7.02,7.02,576,2021-06-07 16:55:00,INOD
7.04,7.04,7.04,7.04,100,2021-06-07 16:57:00,INOD
7.0045,7.0045,7.0045,7.0045,250,2021-06-07 17:03:00,INOD
6.99,6.99,6.99,6.99,100,2021-06-07 17:06:00,INOD
6.99,6.99,6.99,6.99,100,2021-06-07 17:09:00,INOD
6.99,6.99,6.98,6.98,2280,2021-06-07 17:18:00,INOD
6.9997,6.9997,6.9997,6.9997,156,2021-06-07 17:20:00,INOD
6.99,6.99,6.99,6.99,231,2021-06-07 17:21:00,INOD
6.99,7.0,6.99,7.0,1300,2021-06-07 17:25:00,INOD
6.9977,7.0,6.9977,7.0,2100,2021-06-07 17:35:00,INOD
7.04,7.04,7.04,7.04,100,2021-06-07 17:39:00,INOD
7.01,7.01,7.0,7.0,200,2021-06-07 17:43:00,INOD
7.03,7.03,7.03,7.03,100,2021-06-07 17:46:00,INOD
7.01,7.02,7.01,7.02,227,2021-06-07 17:48:00,INOD
7.02,7.02,7.02,7.02,100,2021-06-07 17:50:00,INOD
7.01,7.01,7.0,7.0,443,2021-06-07 17:51:00,INOD
7.0,7.0,7.0,7.0,100,2021-06-07 17:53:00,INOD
7.03,7.03,7.03,7.03,100,2021-06-07 17:55:00,INOD
7.0,7.0,7.0,7.0,100,2021-06-07 17:57:00,INOD
7.0,7.0,7.0,7.0,200,2021-06-07 18:03:00,INOD
7.0,7.04,7.0,7.04,1876,2021-06-07 18:12:00,INOD
7.063,7.063,7.06,7.06,200,2021-06-07 18:14:00,INOD
7.035,7.035,7.035,7.035,100,2021-06-07 18:18:00,INOD
6.99,6.99,6.99,6.99,100,2021-06-07 18:21:00,INOD
7.015,7.015,7.015,7.015,402,2021-06-07 18:37:00,INOD
7.0333,7.0333,7.0333,7.0333,200,2021-06-07 18:40:00,INOD
7.015,7.015,7.015,7.015,222,2021-06-07 18:41:00,INOD
7.04,7.04,7.015,7.02,1700,2021-06-07 18:42:00,INOD
7.02,7.02,7.02,7.02,100,2021-06-07 18:44:00,INOD
7.02,7.02,7.02,7.02,100,2021-06-07 18:45:00,INOD
7.02,7.02,7.02,7.02,100,2021-06-07 18:47:00,INOD
7.02,7.03,7.02,7.03,300,2021-06-07 18:51:00,INOD
7.01,7.01,7.0,7.0,300,2021-06-07 18:52:00,INOD
7.0,7.0,7.0,7.0,100,2021-06-07 18:53:00,INOD
7.0,7.04,7.0,7.04,420,2021-06-07 18:54:00,INOD
7.04,7.04,7.04,7.04,100,2021-06-07 18:55:00,INOD
7.04,7.04,7.04,7.04,902,2021-06-07 18:56:00,INOD
7.04,7.04,7.04,7.04,100,2021-06-07 18:57:00,INOD
7.04,7.04,7.04,7.04,200,2021-06-07 18:58:00,INOD
7.04,7.04,7.04,7.04,200,2021-06-07 18:59:00,INOD
7.04,7.04,7.04,7.04,300,2021-06-07 19:00:00,INOD
7.04,7.04,7.04,7.04,200,2021-06-07 19:01:00,INOD
7.04,7.04,7.0329,7.0329,412,2021-06-07 19:02:00,INOD
7.01,7.01,7.01,7.01,200,2021-06-07 19:05:00,INOD
7.02,7.02,7.02,7.02,300,2021-06-07 19:08:00,INOD
7.02,7.02,7.02,7.02,100,2021-06-07 19:09:00,INOD
7.035,7.035,7.01,7.01,371,2021-06-07 19:10:00,INOD
7.01,7.02,7.01,7.02,200,2021-06-07 19:11:00,INOD
7.02,7.02,7.02,7.02,100,2021-06-07 19:12:00,INOD
7.01,7.01,7.01,7.01,100,2021-06-07 19:13:00,INOD
7.01,7.0358,7.01,7.0358,200,2021-06-07 19:14:00,INOD
7.01,7.01,7.01,7.01,200,2021-06-07 19:15:00,INOD
7.01,7.01,7.01,7.01,100,2021-06-07 19:16:00,INOD
7.01,7.025,7.01,7.025,734,2021-06-07 19:17:00,INOD
7.01,7.01,7.01,7.01,191,2021-06-07 19:18:00,INOD
7.04,7.04,7.04,7.04,400,2021-06-07 19:19:00,INOD
7.015,7.015,7.015,7.015,100,2021-06-07 19:22:00,INOD
7.04,7.04,7.04,7.04,1844,2021-06-07 19:25:00,INOD
7.04,7.04,7.04,7.04,100,2021-06-07 19:27:00,INOD
7.09,7.09,7.08,7.09,400,2021-06-07 19:32:00,INOD
7.06,7.06,7.06,7.06,100,2021-06-07 19:34:00,INOD
7.03,7.03,7.03,7.03,200,2021-06-07 19:35:00,INOD
7.03,7.03,7.01,7.01,200,2021-06-07 19:36:00,INOD
7.0,7.0,7.0,7.0,300,2021-06-07 19:37:00,INOD
7.0,7.01,7.0,7.01,300,2021-06-07 19:38:00,INOD
7.01,7.01,7.01,7.01,400,2021-06-07 19:39:00,INOD
7.01,7.01,7.0,7.0,503,2021-06-07 19:40:00,INOD
7.0,7.0,7.0,7.0,100,2021-06-07 19:41:00,INOD
6.99,6.99,6.99,6.99,400,2021-06-07 19:42:00,INOD
7.01,7.02,7.01,7.02,2436,2021-06-07 19:44:00,INOD
6.98,6.99,6.98,6.99,200,2021-06-07 19:46:00,INOD
7.02,7.029,7.01,7.01,900,2021-06-07 19:47:00,INOD
7.03,7.03,7.013,7.013,800,2021-06-07 19:50:00,INOD
7.03,7.03,7.0134,7.03,5011,2021-06-07 19:51:00,INOD
7.03,7.03,7.03,7.03,310,2021-06-07 19:53:00,INOD
7.03,7.03,7.0295,7.03,3800,2021-06-07 19:54:00,INOD
7.03,7.03,7.03,7.03,160,2021-06-07 19:55:00,INOD
7.015,7.015,7.0045,7.01,600,2021-06-07 19:56:00,INOD
7.02,7.02,7.02,7.02,300,2021-06-07 19:57:00,INOD
7.02,7.06,7.02,7.06,1502,2021-06-07 19:59:00,INOD
7.04,7.04,7.04,7.04,2316,2021-06-07 20:00:00,INOD
7.0,7.0,7.0,7.0,577,2021-06-07 23:44:00,INOD
7.08,7.08,7.08,7.08,264,2021-06-08 13:30:00,INOD
7.1637,7.1637,7.1637,7.1637,100,2021-06-08 13:31:00,INOD
7.0203,7.0203,7.0203,7.0203,177,2021-06-08 13:32:00,INOD
7.0723,7.0723,7.0723,7.0723,100,2021-06-08 13:39:00,INOD
7.16,7.16,7.16,7.16,100,2021-06-08 13:43:00,INOD
7.1908,7.25,7.1908,7.25,4210,2021-06-08 13:49:00,INOD
7.22,7.22,7.22,7.22,185,2021-06-08 13:51:00,INOD
7.25,7.26,7.25,7.26,500,2021-06-08 13:52:00,INOD
7.3499,7.35,7.3499,7.35,2903,2021-06-08 13:53:00,INOD
7.3799,7.3799,7.32,7.3799,3000,2021-06-08 13:54:00,INOD
7.2673,7.2673,7.2673,7.2673,1000,2021-06-08 13:55:00,INOD
7.3396,7.3396,7.3396,7.3396,200,2021-06-08 13:57:00,INOD
7.3588,7.3588,7.3588,7.3588,273,2021-06-08 13:58:00,INOD
7.35,7.35,7.35,7.35,100,2021-06-08 14:00:00,INOD
7.3327,7.3327,7.3327,7.3327,400,2021-06-08 14:04:00,INOD
7.369,7.44,7.3655,7.44,29791,2021-06-08 14:10:00,INOD
7.45,7.45,7.43,7.4353,1065,2021-06-08 14:11:00,INOD
7.45,7.5899,7.445,7.5899,7864,2021-06-08 14:12:00,INOD
7.545,7.545,7.545,7.545,527,2021-06-08 14:13:00,INOD
7.5172,7.5172,7.5172,7.5172,1000,2021-06-08 14:14:00,INOD
7.52,7.548,7.52,7.5473,1210,2021-06-08 14:16:00,INOD
7.53,7.55,7.52,7.55,800,2021-06-08 14:17:00,INOD
7.54,7.6,7.49,7.58,2000,2021-06-08 14:18:00,INOD
7.5,7.54,7.5,7.5,1600,2021-06-08 14:19:00,INOD
7.4886,7.555,7.4886,7.5306,12977,2021-06-08 14:22:00,INOD
7.555,7.59,7.503,7.59,5079,2021-06-08 14:23:00,INOD
7.56,7.5899,7.5357,7.5899,7500,2021-06-08 14:24:00,INOD
7.64,7.65,7.63,7.65,1774,2021-06-08 14:25:00,INOD
7.7,7.7906,7.7,7.77,6746,2021-06-08 14:26:00,INOD
7.77,7.77,7.77,7.77,100,2021-06-08 14:27:00,INOD
7.7101,7.7101,7.7101,7.7101,1000,2021-06-08 14:28:00,INOD
7.77,7.819,7.77,7.819,629,2021-06-08 14:29:00,INOD
7.7499,7.7499,7.71,7.72,2000,2021-06-08 14:31:00,INOD
7.6999,7.6999,7.6994,7.6994,250,2021-06-08 14:32:00,INOD
7.6,7.6,7.6,7.6,150,2021-06-08 14:33:00,INOD
7.655,7.655,7.655,7.655,250,2021-06-08 14:34:00,INOD
7.6101,7.6323,7.6101,7.6323,2000,2021-06-08 14:36:00,INOD
7.66,7.66,7.66,7.66,600,2021-06-08 14:37:00,INOD
7.69,7.69,7.6739,7.6739,430,2021-06-08 14:41:00,INOD
7.63,7.63,7.57,7.585,1411,2021-06-08 14:49:00,INOD
7.5701,7.5701,7.5701,7.5701,1398,2021-06-08 14:52:00,INOD
7.4901,7.58,7.4901,7.58,1746,2021-06-08 14:57:00,INOD
7.54,7.54,7.54,7.54,1000,2021-06-08 14:58:00,INOD
7.5687,7.5687,7.5687,7.5687,100,2021-06-08 15:00:00,INOD
7.5,7.6,7.5,7.6,836,2021-06-08 15:01:00,INOD
7.61,7.61,7.61,7.61,400,2021-06-08 15:02:00,INOD
7.565,7.565,7.565,7.565,156,2021-06-08 15:04:00,INOD
7.58,7.59,7.58,7.59,1600,2021-06-08 15:06:00,INOD
7.59,7.59,7.59,7.59,200,2021-06-08 15:07:00,INOD
7.5999,7.5999,7.5999,7.5999,500,2021-06-08 15:08:00,INOD
7.5272,7.5272,7.5272,7.5272,500,2021-06-08 15:15:00,INOD
7.5201,7.568,7.5201,7.5244,1420,2021-06-08 15:19:00,INOD
7.51,7.515,7.4812,7.4812,1918,2021-06-08 15:20:00,INOD
7.45,7.45,7.45,7.45,100,2021-06-08 15:21:00,INOD
7.47,7.47,7.44,7.44,290,2021-06-08 15:22:00,INOD
7.37,7.3891,7.32,7.3301,10496,2021-06-08 15:23:00,INOD
7.35,7.35,7.35,7.35,200,2021-06-08 15:25:00,INOD
7.34,7.34,7.34,7.34,200,2021-06-08 15:26:00,INOD
7.33,7.39,7.33,7.3828,5980,2021-06-08 15:29:00,INOD
7.44,7.44,7.41,7.43,1000,2021-06-08 15:30:00,INOD
7.38,7.38,7.37,7.38,1300,2021-06-08 15:31:00,INOD
7.38,7.38,7.33,7.37,2519,2021-06-08 15:33:00,INOD
7.335,7.35,7.33,7.33,1900,2021-06-08 15:34:00,INOD
7.355,7.36,7.3,7.3,4093,2021-06-08 15:36:00,INOD
7.33,7.33,7.3,7.3,506,2021-06-08 15:38:00,INOD
7.3299,7.3299,7.3299,7.3299,100,2021-06-08 15:50:00,INOD
7.3232,7.3232,7.3232,7.3232,170,2021-06-08 16:01:00,INOD
7.32,7.33,7.32,7.33,2602,2021-06-08 16:02:00,INOD
7.42,7.455,7.42,7.455,391,2021-06-08 16:05:00,INOD
7.38,7.38,7.38,7.38,100,2021-06-08 16:14:00,INOD
7.4698,7.4698,7.45,7.45,300,2021-06-08 16:20:00,INOD
7.44,7.44,7.44,7.44,338,2021-06-08 16:22:00,INOD
7.4,7.4,7.4,7.4,100,2021-06-08 16:24:00,INOD
7.4299,7.4299,7.4299,7.4299,500,2021-06-08 16:25:00,INOD
7.385,7.385,7.385,7.385,306,2021-06-08 16:35:00,INOD
7.43,7.43,7.4199,7.4199,250,2021-06-08 16:40:00,INOD
7.4159,7.4159,7.4159,7.4159,1000,2021-06-08 16:54:00,INOD
7.409,7.409,7.32,7.32,300,2021-06-08 16:56:00,INOD
7.409,7.409,7.409,7.409,500,2021-06-08 16:58:00,INOD
7.4,7.41,7.4,7.41,200,2021-06-08 17:00:00,INOD
7.4157,7.4157,7.4157,7.4157,1000,2021-06-08 17:10:00,INOD
7.38,7.38,7.38,7.38,2000,2021-06-08 17:14:00,INOD
7.3925,7.3925,7.3925,7.3925,200,2021-06-08 17:17:00,INOD
7.42,7.42,7.42,7.42,115,2021-06-08 17:21:00,INOD
7.4792,7.4792,7.4792,7.4792,135,2021-06-08 17:22:00,INOD
7.445,7.445,7.445,7.445,260,2021-06-08 17:26:00,INOD
7.4354,7.4354,7.4354,7.4354,100,2021-06-08 17:29:00,INOD
7.48,7.48,7.48,7.48,100,2021-06-08 17:34:00,INOD
7.45,7.45,7.45,7.45,100,2021-06-08 17:39:00,INOD
7.4899,7.5,7.4899,7.5,2300,2021-06-08 17:49:00,INOD
7.5,7.5,7.4989,7.4989,600,2021-06-08 17:52:00,INOD
7.485,7.485,7.485,7.485,100,2021-06-08 18:01:00,INOD
7.5,7.5,7.5,7.5,398,2021-06-08 18:05:00,INOD
7.555,7.555,7.555,7.555,100,2021-06-08 18:06:00,INOD
7.5629,7.5629,7.5629,7.5629,305,2021-06-08 18:17:00,INOD
7.5035,7.55,7.5,7.535,2306,2021-06-08 18:23:00,INOD
7.5,7.5058,7.5,7.5058,2491,2021-06-08 18:25:00,INOD
7.525,7.525,7.5,7.5,4425,2021-06-08 18:27:00,INOD
7.45,7.45,7.41,7.41,900,2021-06-08 18:29:00,INOD
7.405,7.43,7.405,7.43,2400,2021-06-08 18:31:00,INOD
7.405,7.43,7.4,7.4,1200,2021-06-08 18:33:00,INOD
7.41,7.43,7.4,7.42,2641,2021-06-08 18:35:00,INOD
7.5485,7.5485,7.5485,7.5485,500,2021-06-08 18:36:00,INOD
7.48,7.48,7.48,7.48,200,2021-06-08 18:37:00,INOD
7.48,7.48,7.4,7.4,2600,2021-06-08 18:38:00,INOD
7.5159,7.5159,7.4,7.4,3300,2021-06-08 18:39:00,INOD
7.465,7.51,7.46,7.51,1309,2021-06-08 18:40:00,INOD
7.489,7.5294,7.489,7.49,2702,2021-06-08 18:41:00,INOD
7.49,7.49,7.44,7.44,1401,2021-06-08 18:42:00,INOD
7.4803,7.4803,7.4,7.4,1990,2021-06-08 18:43:00,INOD
7.4,7.4,7.39,7.39,647,2021-06-08 18:44:00,INOD
7.35,7.42,7.31,7.42,3749,2021-06-08 18:46:00,INOD
7.37,7.39,7.33,7.33,3175,2021-06-08 18:47:00,INOD
7.41,7.46,7.41,7.46,650,2021-06-08 18:48:00,INOD
7.4292,7.4292,7.4,7.4,1200,2021-06-08 18:49:00,INOD
7.4,7.43,7.4,7.43,400,2021-06-08 18:50:00,INOD
7.4,7.43,7.35,7.35,1035,2021-06-08 18:51:00,INOD
7.35,7.36,7.33,7.35,2100,2021-06-08 18:53:00,INOD
7.415,7.42,7.32,7.32,2900,2021-06-08 18:55:00,INOD
7.33,7.46,7.33,7.45,1700,2021-06-08 18:56:00,INOD
7.33,7.33,7.32,7.33,1700,2021-06-08 18:57:00,INOD
7.3335,7.352,7.33,7.33,1800,2021-06-08 18:59:00,INOD
7.33,7.3975,7.33,7.3975,300,2021-06-08 19:00:00,INOD
7.44,7.44,7.33,7.33,1183,2021-06-08 19:01:00,INOD
7.4,7.4499,7.35,7.4499,1000,2021-06-08 19:03:00,INOD
7.36,7.45,7.36,7.43,700,2021-06-08 19:06:00,INOD
7.37,7.37,7.37,7.37,100,2021-06-08 19:09:00,INOD
7.415,7.42,7.41,7.41,700,2021-06-08 19:10:00,INOD
7.48,7.48,7.48,7.48,200,2021-06-08 19:14:00,INOD
7.43,7.43,7.43,7.43,200,2021-06-08 19:15:00,INOD
7.45,7.45,7.44,7.44,300,2021-06-08 19:18:00,INOD
7.445,7.445,7.445,7.445,225,2021-06-08 19:20:00,INOD
7.42,7.42,7.42,7.42,100,2021-06-08 19:21:00,INOD
7.435,7.435,7.31,7.36,7302,2021-06-08 19:22:00,INOD
7.3,7.3,7.3,7.3,1375,2021-06-08 19:25:00,INOD
7.34,7.34,7.34,7.34,100,2021-06-08 19:26:00,INOD
7.31,7.36,7.31,7.31,425,2021-06-08 19:31:00,INOD
7.36,7.36,7.36,7.36,100,2021-06-08 19:33:00,INOD
7.34,7.34,7.3,7.34,2649,2021-06-08 19:34:00,INOD
7.3599,7.36,7.28,7.28,6075,2021-06-08 19:35:00,INOD
7.3,7.3,7.282,7.282,225,2021-06-08 19:36:00,INOD
7.28,7.3,7.28,7.3,625,2021-06-08 19:37:00,INOD
7.32,7.32,7.3,7.3,333,2021-06-08 19:38:00,INOD
7.3099,7.3099,7.3099,7.3099,150,2021-06-08 19:39:00,INOD
7.31,7.31,7.31,7.31,104,2021-06-08 19:41:00,INOD
7.3,7.31,7.27,7.31,2756,2021-06-08 19:43:00,INOD
7.32,7.32,7.28,7.28,300,2021-06-08 19:46:00,INOD
7.32,7.32,7.32,7.32,404,2021-06-08 19:47:00,INOD
7.28,7.28,7.28,7.28,189,2021-06-08 19:54:00,INOD
7.28,7.289,7.27,7.289,571,2021-06-08 19:55:00,INOD
7.26,7.26,7.26,7.26,100,2021-06-08 19:56:00,INOD
7.26,7.26,7.26,7.26,200,2021-06-08 19:57:00,INOD
7.27,7.29,7.27,7.29,4556,2021-06-08 19:58:00,INOD
7.325,7.33,7.26,7.33,1181,2021-06-08 19:59:00,INOD
7.27,7.27,7.27,7.27,3386,2021-06-08 20:00:00,INOD
7.7,7.7,7.4,7.4,459,2021-06-08 21:14:00,INOD
7.27,7.27,7.27,7.27,150,2021-06-08 23:22:00,INOD
7.3,7.3,7.3,7.3,1483,2021-06-09 13:30:00,INOD
7.29,7.35,7.29,7.3496,1100,2021-06-09 13:36:00,INOD
7.34,7.34,7.34,7.34,230,2021-06-09 13:40:00,INOD
7.335,7.335,7.335,7.335,300,2021-06-09 13:41:00,INOD
7.3635,7.3635,7.34,7.34,500,2021-06-09 13:42:00,INOD
7.3821,7.39,7.3821,7.39,1100,2021-06-09 13:43:00,INOD
7.39,7.41,7.39,7.41,270,2021-06-09 13:45:00,INOD
7.3955,7.42,7.3955,7.42,320,2021-06-09 13:46:00,INOD
7.41,7.41,7.41,7.41,100,2021-06-09 13:47:00,INOD
7.5,7.5,7.5,7.5,293,2021-06-09 13:48:00,INOD
7.4812,7.4812,7.4812,7.4812,100,2021-06-09 13:49:00,INOD
7.49,7.49,7.455,7.455,367,2021-06-09 13:50:00,INOD
7.4899,7.4899,7.4899,7.4899,100,2021-06-09 13:52:00,INOD
7.45,7.4899,7.45,7.45,485,2021-06-09 13:53:00,INOD
7.4899,7.4899,7.41,7.41,4200,2021-06-09 13:54:00,INOD
7.45,7.45,7.45,7.45,100,2021-06-09 13:55:00,INOD
7.41,7.41,7.41,7.41,4856,2021-06-09 13:57:00,INOD
7.43,7.43,7.43,7.43,1000,2021-06-09 13:59:00,INOD
7.34,7.34,7.34,7.34,100,2021-06-09 14:00:00,INOD
7.34,7.34,7.34,7.34,100,2021-06-09 14:01:00,INOD
7.34,7.34,7.34,7.34,350,2021-06-09 14:03:00,INOD
7.31,7.39,7.21,7.2668,22021,2021-06-09 14:04:00,INOD
7.3599,7.3599,7.22,7.28,6329,2021-06-09 14:06:00,INOD
7.2927,7.2927,7.2927,7.2927,100,2021-06-09 14:07:00,INOD
7.21,7.21,7.21,7.21,1000,2021-06-09 14:09:00,INOD
7.3365,7.3365,7.21,7.21,500,2021-06-09 14:10:00,INOD
7.21,7.21,7.21,7.21,100,2021-06-09 14:11:00,INOD
7.299,7.299,7.22,7.22,300,2021-06-09 14:12:00,INOD
7.21,7.3099,7.21,7.23,6300,2021-06-09 14:13:00,INOD
7.2201,7.2201,7.22,7.22,400,2021-06-09 14:14:00,INOD
7.22,7.22,7.22,7.22,200,2021-06-09 14:15:00,INOD
7.22,7.22,7.22,7.22,100,2021-06-09 14:16:00,INOD
7.22,7.22,7.17,7.17,910,2021-06-09 14:17:00,INOD
7.13,7.13,7.13,7.13,100,2021-06-09 14:18:00,INOD
7.12,7.12,7.12,7.12,200,2021-06-09 14:19:00,INOD
7.12,7.12,7.12,7.12,100,2021-06-09 14:20:00,INOD
7.26,7.26,7.17,7.17,300,2021-06-09 14:21:00,INOD
7.21,7.21,7.21,7.21,4923,2021-06-09 14:22:00,INOD
7.14,7.14,7.13,7.13,200,2021-06-09 14:23:00,INOD
7.16,7.16,7.16,7.16,100,2021-06-09 14:24:00,INOD
7.16,7.16,7.16,7.16,100,2021-06-09 14:25:00,INOD
7.16,7.16,7.16,7.16,100,2021-06-09 14:26:00,INOD
7.16,7.16,7.16,7.16,100,2021-06-09 14:27:00,INOD
7.18,7.18,7.18,7.18,100,2021-06-09 14:28:00,INOD
7.18,7.24,7.18,7.24,942,2021-06-09 14:29:00,INOD
7.28,7.28,7.28,7.28,1000,2021-06-09 14:30:00,INOD
7.3369,7.34,7.3369,7.34,200,2021-06-09 14:34:00,INOD
7.32,7.32,7.31,7.31,300,2021-06-09 14:36:00,INOD
7.31,7.31,7.31,7.31,104,2021-06-09 14:37:00,INOD
7.31,7.31,7.31,7.31,104,2021-06-09 14:38:00,INOD
7.31,7.31,7.31,7.31,100,2021-06-09 14:42:00,INOD
7.3101,7.3101,7.3101,7.3101,1000,2021-06-09 14:52:00,INOD
7.35,7.35,7.35,7.35,100,2021-06-09 14:58:00,INOD
7.39,7.39,7.39,7.39,135,2021-06-09 15:02:00,INOD
7.35,7.35,7.35,7.35,200,2021-06-09 15:05:00,INOD
7.4001,7.4001,7.4001,7.4001,500,2021-06-09 15:11:00,INOD
7.39,7.39,7.39,7.39,2200,2021-06-09 15:12:00,INOD
7.39,7.39,7.39,7.39,300,2021-06-09 15:13:00,INOD
7.39,7.39,7.39,7.39,1695,2021-06-09 15:16:00,INOD
7.39,7.39,7.39,7.39,188,2021-06-09 15:17:00,INOD
7.39,7.39,7.35,7.35,5760,2021-06-09 15:18:00,INOD
7.295,7.295,7.295,7.295,500,2021-06-09 15:22:00,INOD
7.32,7.32,7.31,7.31,200,2021-06-09 15:30:00,INOD
7.3426,7.3426,7.33,7.33,200,2021-06-09 15:37:00,INOD
7.35,7.35,7.35,7.35,100,2021-06-09 15:50:00,INOD
7.3402,7.3402,7.3402,7.3402,226,2021-06-09 15:51:00,INOD
7.33,7.33,7.33,7.33,100,2021-06-09 16:09:00,INOD
7.34,7.34,7.34,7.34,131,2021-06-09 16:19:00,INOD
7.3362,7.3362,7.3362,7.3362,200,2021-06-09 16:20:00,INOD
7.3301,7.3301,7.33,7.33,1600,2021-06-09 16:24:00,INOD
7.38,7.38,7.38,7.38,1012,2021-06-09 16:32:00,INOD
7.3792,7.3792,7.3792,7.3792,500,2021-06-09 16:33:00,INOD
7.37,7.37,7.37,7.37,100,2021-06-09 16:34:00,INOD
7.33,7.4,7.33,7.39,4170,2021-06-09 16:39:00,INOD
7.4155,7.4155,7.4155,7.4155,150,2021-06-09 16:42:00,INOD
7.44,7.44,7.44,7.44,100,2021-06-09 16:44:00,INOD
7.41,7.41,7.41,7.41,100,2021-06-09 16:47:00,INOD
7.3801,7.43,7.3801,7.43,1600,2021-06-09 16:52:00,INOD
7.37,7.37,7.37,7.37,100,2021-06-09 17:02:00,INOD
7.43,7.45,7.43,7.43,400,2021-06-09 17:08:00,INOD
7.43,7.4306,7.43,7.43,915,2021-06-09 17:09:00,INOD
7.45,7.45,7.45,7.45,903,2021-06-09 17:10:00,INOD
7.4,7.424,7.36,7.36,4600,2021-06-09 17:15:00,INOD
7.34,7.41,7.33,7.41,2100,2021-06-09 17:16:00,INOD
7.33,7.33,7.33,7.33,100,2021-06-09 17:17:00,INOD
7.33,7.41,7.33,7.41,1530,2021-06-09 17:18:00,INOD
7.375,7.375,7.375,7.375,200,2021-06-09 17:21:00,INOD
7.34,7.34,7.34,7.34,100,2021-06-09 17:22:00,INOD
7.35,7.35,7.35,7.35,100,2021-06-09 17:26:00,INOD
7.34,7.34,7.34,7.34,1000,2021-06-09 17:27:00,INOD
7.3633,7.3633,7.34,7.355,1900,2021-06-09 17:36:00,INOD
7.3323,7.3323,7.29,7.29,5037,2021-06-09 17:42:00,INOD
7.27,7.27,7.27,7.27,100,2021-06-09 17:47:00,INOD
7.29,7.29,7.29,7.29,100,2021-06-09 17:49:00,INOD
7.27,7.27,7.27,7.27,139,2021-06-09 18:00:00,INOD
7.28,7.28,7.28,7.28,100,2021-06-09 18:04:00,INOD
7.27,7.27,7.27,7.27,100,2021-06-09 18:07:00,INOD
7.31,7.31,7.31,7.31,100,2021-06-09 18:14:00,INOD
7.27,7.27,7.27,7.27,100,2021-06-09 18:17:00,INOD
7.295,7.295,7.295,7.295,400,2021-06-09 18:23:00,INOD
7.26,7.26,7.26,7.26,100,2021-06-09 18:24:00,INOD
7.26,7.26,7.26,7.26,100,2021-06-09 18:31:00,INOD
7.26,7.27,7.26,7.27,200,2021-06-09 18:33:00,INOD
7.26,7.26,7.26,7.26,100,2021-06-09 18:43:00,INOD
7.265,7.265,7.265,7.265,100,2021-06-09 18:49:00,INOD
7.25,7.25,7.25,7.25,200,2021-06-09 18:58:00,INOD
7.2559,7.2559,7.2559,7.2559,949,2021-06-09 18:59:00,INOD
7.2,7.2,7.2,7.2,100,2021-06-09 19:01:00,INOD
7.19,7.19,7.19,7.19,100,2021-06-09 19:02:00,INOD
7.19,7.19,7.19,7.19,100,2021-06-09 19:04:00,INOD
7.215,7.215,7.215,7.215,100,2021-06-09 19:08:00,INOD
7.19,7.21,7.19,7.19,500,2021-06-09 19:19:00,INOD
7.1868,7.1868,7.1868,7.1868,200,2021-06-09 19:20:00,INOD
7.165,7.165,7.165,7.165,100,2021-06-09 19:22:00,INOD
7.12,7.17,7.12,7.145,1447,2021-06-09 19:23:00,INOD
7.17,7.17,7.17,7.17,100,2021-06-09 19:24:00,INOD
7.145,7.145,7.145,7.145,100,2021-06-09 19:25:00,INOD
7.1284,7.1284,7.1284,7.1284,200,2021-06-09 19:26:00,INOD
7.12,7.12,7.12,7.12,500,2021-06-09 19:32:00,INOD
7.12,7.13,7.12,7.13,400,2021-06-09 19:35:00,INOD
7.11,7.14,7.1,7.14,800,2021-06-09 19:36:00,INOD
7.13,7.14,7.13,7.14,628,2021-06-09 19:37:00,INOD
7.105,7.13,7.08,7.13,2000,2021-06-09 19:41:00,INOD
7.11,7.12,7.1,7.1,400,2021-06-09 19:42:00,INOD
7.12,7.12,7.12,7.12,303,2021-06-09 19:43:00,INOD
7.12,7.13,7.12,7.13,597,2021-06-09 19:44:00,INOD
7.15,7.15,7.05,7.06,1400,2021-06-09 19:45:00,INOD
7.12,7.13,7.06,7.06,820,2021-06-09 19:46:00,INOD
7.06,7.06,7.06,7.06,200,2021-06-09 19:48:00,INOD
7.1,7.1,7.07,7.07,300,2021-06-09 19:49:00,INOD
7.09,7.1,7.09,7.1,996,2021-06-09 19:50:00,INOD
7.09,7.09,7.09,7.09,100,2021-06-09 19:52:00,INOD
7.07,7.07,7.07,7.07,200,2021-06-09 19:53:00,INOD
7.07,7.07,7.07,7.07,100,2021-06-09 19:54:00,INOD
7.095,7.095,7.095,7.095,100,2021-06-09 19:55:00,INOD
7.07,7.08,7.07,7.08,200,2021-06-09 19:56:00,INOD
7.08,7.08,7.08,7.08,330,2021-06-09 19:57:00,INOD
7.1,7.15,7.1,7.15,792,2021-06-09 19:58:00,INOD
7.12,7.135,7.11,7.13,427,2021-06-09 19:59:00,INOD
7.11,7.11,7.11,7.11,1346,2021-06-09 20:00:00,INOD
7.2,7.2,7.2,7.2,100,2021-06-09 20:58:00,INOD
7.12,7.12,7.02,7.02,1282,2021-06-10 13:30:00,INOD
7.02,7.02,7.02,7.02,230,2021-06-10 13:33:00,INOD
7.1199,7.1199,7.05,7.05,200,2021-06-10 13:35:00,INOD
7.06,7.08,7.06,7.08,200,2021-06-10 13:41:00,INOD
7.0501,7.19,7.0501,7.19,600,2021-06-10 13:42:00,INOD
7.05,7.05,7.05,7.05,100,2021-06-10 13:45:00,INOD
7.05,7.05,7.05,7.05,100,2021-06-10 13:49:00,INOD
7.085,7.085,7.085,7.085,500,2021-06-10 13:51:00,INOD
7.05,7.05,7.05,7.05,100,2021-06-10 13:52:00,INOD
7.05,7.05,7.05,7.05,100,2021-06-10 13:56:00,INOD
7.0593,7.0593,7.0593,7.0593,2493,2021-06-10 13:59:00,INOD
7.06,7.06,7.06,7.06,100,2021-06-10 14:00:00,INOD
7.05,7.05,7.05,7.05,2699,2021-06-10 14:01:00,INOD
7.06,7.06,7.06,7.06,400,2021-06-10 14:02:00,INOD
7.0677,7.0677,7.06,7.06,571,2021-06-10 14:12:00,INOD
7.0731,7.0731,7.05,7.05,600,2021-06-10 14:14:00,INOD
7.06,7.06,7.05,7.05,200,2021-06-10 14:15:00,INOD
7.06,7.06,7.06,7.06,100,2021-06-10 14:18:00,INOD
7.06,7.06,7.05,7.05,1100,2021-06-10 14:21:00,INOD
7.05,7.05,7.05,7.05,1634,2021-06-10 14:22:00,INOD
7.02,7.02,7.02,7.02,100,2021-06-10 14:24:00,INOD
7.02,7.02,7.02,7.02,100,2021-06-10 14:27:00,INOD
7.055,7.055,7.055,7.055,500,2021-06-10 14:28:00,INOD
7.02,7.02,7.02,7.02,100,2021-06-10 14:30:00,INOD
7.01,7.02,7.01,7.02,1279,2021-06-10 14:33:00,INOD
7.01,7.01,7.01,7.01,100,2021-06-10 14:34:00,INOD
7.01,7.01,7.01,7.01,100,2021-06-10 14:35:00,INOD
7.01,7.0101,6.99,6.99,1138,2021-06-10 14:36:00,INOD
6.96,6.97,6.92,6.93,2086,2021-06-10 14:38:00,INOD
6.9307,6.965,6.9201,6.9201,2200,2021-06-10 14:42:00,INOD
6.9425,6.9425,6.9425,6.9425,2201,2021-06-10 14:43:00,INOD
6.965,6.965,6.965,6.965,1000,2021-06-10 14:45:00,INOD
6.99,6.99,6.92,6.92,200,2021-06-10 14:46:00,INOD
6.92,6.92,6.92,6.92,100,2021-06-10 14:52:00,INOD
6.97,7.0,6.97,7.0,800,2021-06-10 14:57:00,INOD
7.02,7.03,7.01,7.02,5200,2021-06-10 15:00:00,INOD
7.1299,7.1299,7.05,7.05,200,2021-06-10 15:01:00,INOD
7.11,7.11,7.11,7.11,100,2021-06-10 15:08:00,INOD
7.15,7.179,7.09,7.09,700,2021-06-10 15:09:00,INOD
7.08,7.08,7.08,7.08,100,2021-06-10 15:13:00,INOD
7.08,7.08,7.08,7.08,100,2021-06-10 15:15:00,INOD
7.08,7.1044,7.08,7.1044,300,2021-06-10 15:18:00,INOD
7.051,7.06,7.051,7.06,700,2021-06-10 15:25:00,INOD
7.05,7.05,7.05,7.05,100,2021-06-10 15:29:00,INOD
7.05,7.05,7.05,7.05,100,2021-06-10 15:31:00,INOD
7.1,7.1,7.1,7.1,100,2021-06-10 15:32:00,INOD
7.03,7.03,7.03,7.03,100,2021-06-10 15:38:00,INOD
7.0,7.0,7.0,7.0,100,2021-06-10 16:12:00,INOD
7.0,7.0,7.0,7.0,100,2021-06-10 16:14:00,INOD
7.036,7.036,7.036,7.036,199,2021-06-10 16:15:00,INOD
7.0415,7.0415,7.01,7.01,200,2021-06-10 16:27:00,INOD
7.0201,7.026,7.011,7.011,500,2021-06-10 16:32:00,INOD
7.0161,7.0161,7.0161,7.0161,300,2021-06-10 16:33:00,INOD
7.01,7.01,7.01,7.01,100,2021-06-10 16:39:00,INOD
7.01,7.01,7.01,7.01,100,2021-06-10 16:42:00,INOD
7.01,7.01,7.01,7.01,100,2021-06-10 16:46:00,INOD
7.02,7.02,7.02,7.02,100,2021-06-10 16:50:00,INOD
7.04,7.04,7.04,7.04,300,2021-06-10 16:51:00,INOD
7.0309,7.11,7.0309,7.11,2100,2021-06-10 16:54:00,INOD
7.0501,7.0501,7.0501,7.0501,4500,2021-06-10 16:56:00,INOD
7.05,7.05,7.05,7.05,200,2021-06-10 17:03:00,INOD
7.05,7.05,7.05,7.05,100,2021-06-10 17:07:00,INOD
7.08,7.08,7.08,7.08,100,2021-06-10 17:23:00,INOD
7.08,7.08,7.08,7.08,300,2021-06-10 17:30:00,INOD
7.07,7.085,7.07,7.085,300,2021-06-10 17:31:00,INOD
7.07,7.07,7.07,7.07,100,2021-06-10 17:37:00,INOD
7.088,7.088,7.088,7.088,500,2021-06-10 17:38:00,INOD
7.07,7.07,7.07,7.07,800,2021-06-10 17:39:00,INOD
7.099,7.099,7.085,7.0986,944,2021-06-10 17:41:00,INOD
7.1,7.13,7.1,7.13,796,2021-06-10 17:42:00,INOD
7.09,7.09,7.09,7.09,100,2021-06-10 17:55:00,INOD
7.1307,7.1307,7.1307,7.1307,100,2021-06-10 17:58:00,INOD
7.08,7.08,7.08,7.08,100,2021-06-10 18:00:00,INOD
7.09,7.09,7.09,7.09,100,2021-06-10 18:06:00,INOD
7.1,7.1,7.1,7.1,100,2021-06-10 18:09:00,INOD
7.125,7.125,7.125,7.125,100,2021-06-10 18:10:00,INOD
7.125,7.125,7.125,7.125,100,2021-06-10 18:13:00,INOD
7.142,7.142,7.142,7.142,100,2021-06-10 18:23:00,INOD
7.1,7.1,7.1,7.1,500,2021-06-10 18:27:00,INOD
7.1,7.1,7.1,7.1,100,2021-06-10 18:28:00,INOD
7.08,7.08,7.08,7.08,100,2021-06-10 18:34:00,INOD
7.08,7.08,7.08,7.08,100,2021-06-10 18:40:00,INOD
7.1048,7.1048,7.1048,7.1048,340,2021-06-10 18:42:00,INOD
7.11,7.11,7.1,7.1,200,2021-06-10 18:58:00,INOD
7.1,7.1,7.1,7.1,100,2021-06-10 19:02:00,INOD
7.1,7.1,7.1,7.1,100,2021-06-10 19:07:00,INOD
7.11,7.11,7.1,7.1,200,2021-06-10 19:12:00,INOD
7.1,7.1,7.1,7.1,100,2021-06-10 19:13:00,INOD
7.13,7.13,7.13,7.13,462,2021-06-10 19:14:00,INOD
7.11,7.11,7.11,7.11,313,2021-06-10 19:18:00,INOD
7.11,7.11,7.11,7.11,100,2021-06-10 19:26:00,INOD
7.1283,7.1283,7.1283,7.1283,2800,2021-06-10 19:29:00,INOD
7.11,7.11,7.11,7.11,100,2021-06-10 19:33:00,INOD
7.1,7.1,7.1,7.1,100,2021-06-10 19:34:00,INOD
7.145,7.145,7.145,7.145,150,2021-06-10 19:41:00,INOD
7.16,7.16,7.16,7.16,100,2021-06-10 19:43:00,INOD
7.17,7.17,7.17,7.17,390,2021-06-10 19:44:00,INOD
7.185,7.185,7.11,7.11,200,2021-06-10 19:47:00,INOD
7.145,7.145,7.145,7.145,217,2021-06-10 19:48:00,INOD
7.1899,7.19,7.1899,7.19,650,2021-06-10 19:49:00,INOD
7.18,7.18,7.18,7.18,100,2021-06-10 19:52:00,INOD
7.12,7.12,7.12,7.12,200,2021-06-10 19:53:00,INOD
7.11,7.12,7.11,7.12,400,2021-06-10 19:59:00,INOD
7.16,7.16,7.16,7.16,122,2021-06-10 20:00:00,INOD
7.39,7.4,7.39,7.4,849,2021-06-10 21:43:00,INOD
7.24,7.24,7.24,7.24,943,2021-06-11 13:30:00,INOD
7.25,7.25,7.25,7.25,146,2021-06-11 13:34:00,INOD
7.145,7.145,7.145,7.145,100,2021-06-11 13:42:00,INOD
7.0966,7.0966,7.0966,7.0966,100,2021-06-11 13:45:00,INOD
7.21,7.21,7.21,7.21,200,2021-06-11 13:49:00,INOD
7.1406,7.1406,7.1406,7.1406,2000,2021-06-11 13:53:00,INOD
7.1981,7.1981,7.1981,7.1981,750,2021-06-11 13:57:00,INOD
7.0953,7.0953,7.0953,7.0953,100,2021-06-11 14:06:00,INOD
7.1013,7.1013,7.1013,7.1013,250,2021-06-11 14:20:00,INOD
7.1,7.1,7.03,7.03,2200,2021-06-11 14:27:00,INOD
7.0611,7.0753,7.05,7.0753,771,2021-06-11 14:31:00,INOD
7.1164,7.1164,7.1164,7.1164,1760,2021-06-11 14:38:00,INOD
7.15,7.15,7.15,7.15,100,2021-06-11 14:45:00,INOD
7.165,7.165,7.165,7.165,600,2021-06-11 14:52:00,INOD
7.165,7.165,7.165,7.165,100,2021-06-11 14:55:00,INOD
7.2,7.2,7.19,7.19,535,2021-06-11 15:17:00,INOD
7.15,7.15,7.15,7.15,100,2021-06-11 15:20:00,INOD
7.2,7.2,7.2,7.2,100,2021-06-11 15:21:00,INOD
7.2094,7.2094,7.2094,7.2094,1000,2021-06-11 15:24:00,INOD
7.21,7.21,7.21,7.21,400,2021-06-11 15:26:00,INOD
7.18,7.18,7.18,7.18,686,2021-06-11 15:28:00,INOD
7.23,7.2798,7.23,7.2798,5100,2021-06-11 15:29:00,INOD
7.27,7.3,7.26,7.3,1271,2021-06-11 15:31:00,INOD
7.23,7.23,7.23,7.23,500,2021-06-11 15:32:00,INOD
7.2402,7.2402,7.2402,7.2402,100,2021-06-11 15:36:00,INOD
7.3,7.32,7.29,7.29,500,2021-06-11 15:39:00,INOD
7.3,7.3,7.28,7.28,1000,2021-06-11 15:42:00,INOD
7.31,7.31,7.26,7.26,700,2021-06-11 15:43:00,INOD
7.25,7.25,7.25,7.25,2089,2021-06-11 15:44:00,INOD
7.25,7.25,7.25,7.25,700,2021-06-11 15:47:00,INOD
7.245,7.245,7.21,7.2212,1300,2021-06-11 15:56:00,INOD
7.19,7.19,7.19,7.19,100,2021-06-11 16:15:00,INOD
7.2,7.2,7.2,7.2,100,2021-06-11 16:16:00,INOD
7.22,7.22,7.215,7.215,200,2021-06-11 16:22:00,INOD
7.18,7.18,7.18,7.18,200,2021-06-11 16:23:00,INOD
7.22,7.22,7.22,7.22,100,2021-06-11 16:35:00,INOD
7.25,7.25,7.25,7.25,250,2021-06-11 16:44:00,INOD
7.27,7.27,7.27,7.27,100,2021-06-11 16:49:00,INOD
7.24,7.27,7.238,7.27,1000,2021-06-11 17:02:00,INOD
7.24,7.24,7.24,7.24,800,2021-06-11 17:08:00,INOD
7.25,7.25,7.25,7.25,100,2021-06-11 17:09:00,INOD
7.25,7.25,7.25,7.25,337,2021-06-11 17:35:00,INOD
7.22,7.22,7.22,7.22,100,2021-06-11 17:38:00,INOD
7.24,7.24,7.24,7.24,264,2021-06-11 17:40:00,INOD
7.22,7.22,7.22,7.22,102,2021-06-11 17:43:00,INOD
7.244,7.244,7.24,7.24,287,2021-06-11 17:44:00,INOD
7.254,7.26,7.254,7.26,400,2021-06-11 17:50:00,INOD
7.26,7.26,7.2592,7.26,1200,2021-06-11 18:03:00,INOD
7.2241,7.2241,7.2241,7.2241,1500,2021-06-11 18:04:00,INOD
7.29,7.3,7.29,7.3,600,2021-06-11 18:18:00,INOD
7.31,7.31,7.3,7.3,400,2021-06-11 18:22:00,INOD
7.29,7.29,7.29,7.29,100,2021-06-11 18:30:00,INOD
7.29,7.29,7.29,7.29,300,2021-06-11 18:32:00,INOD
7.3199,7.3199,7.3199,7.3199,100,2021-06-11 18:33:00,INOD
7.31,7.31,7.31,7.31,400,2021-06-11 18:45:00,INOD
7.31,7.31,7.31,7.31,500,2021-06-11 18:50:00,INOD
7.323,7.323,7.323,7.323,137,2021-06-11 19:01:00,INOD
7.34,7.34,7.34,7.34,100,2021-06-11 19:07:00,INOD
7.3399,7.3399,7.3399,7.3399,136,2021-06-11 19:21:00,INOD
7.34,7.36,7.28,7.36,2600,2021-06-11 19:25:00,INOD
7.28,7.3,7.28,7.29,1000,2021-06-11 19:26:00,INOD
7.28,7.28,7.28,7.28,900,2021-06-11 19:27:00,INOD
7.28,7.28,7.28,7.28,1400,2021-06-11 19:28:00,INOD
7.28,7.28,7.25,7.25,2126,2021-06-11 19:29:00,INOD
7.25,7.25,7.25,7.25,700,2021-06-11 19:30:00,INOD
7.2457,7.2457,7.2457,7.2457,200,2021-06-11 19:31:00,INOD
7.25,7.25,7.25,7.25,480,2021-06-11 19:32:00,INOD
7.24,7.25,7.24,7.25,1800,2021-06-11 19:34:00,INOD
7.2546,7.2546,7.2546,7.2546,197,2021-06-11 19:38:00,INOD
7.25,7.265,7.25,7.25,800,2021-06-11 19:40:00,INOD
7.25,7.25,7.25,7.25,206,2021-06-11 19:44:00,INOD
7.22,7.22,7.22,7.22,1857,2021-06-11 19:48:00,INOD
7.22,7.22,7.22,7.22,200,2021-06-11 19:49:00,INOD
7.22,7.22,7.22,7.22,563,2021-06-11 19:50:00,INOD
7.22,7.22,7.22,7.22,200,2021-06-11 19:51:00,INOD
7.21,7.21,7.2,7.2,1101,2021-06-11 19:53:00,INOD
7.22,7.23,7.22,7.23,800,2021-06-11 19:54:00,INOD
7.24,7.26,7.24,7.25,2729,2021-06-11 19:55:00,INOD
7.25,7.25,7.25,7.25,200,2021-06-11 19:56:00,INOD
7.23,7.23,7.22,7.22,200,2021-06-11 19:57:00,INOD
7.22,7.23,7.22,7.22,500,2021-06-11 19:58:00,INOD
7.22,7.27,7.21,7.21,1700,2021-06-11 19:59:00,INOD
7.24,7.24,7.24,7.24,838,2021-06-11 20:00:00,INOD
7.32,7.32,7.32,7.32,1648,2021-06-14 13:30:00,INOD
7.288,7.288,7.288,7.288,300,2021-06-14 13:35:00,INOD
7.29,7.3,7.29,7.3,500,2021-06-14 13:40:00,INOD
7.32,7.3405,7.32,7.3405,781,2021-06-14 13:45:00,INOD
7.3,7.3,7.3,7.3,681,2021-06-14 13:48:00,INOD
7.29,7.29,7.29,7.29,100,2021-06-14 13:50:00,INOD
7.3499,7.3499,7.29,7.29,1100,2021-06-14 13:51:00,INOD
7.29,7.29,7.29,7.29,100,2021-06-14 13:52:00,INOD
7.34,7.34,7.29,7.29,200,2021-06-14 13:53:00,INOD
7.29,7.29,7.29,7.29,100,2021-06-14 13:54:00,INOD
7.28,7.28,7.28,7.28,100,2021-06-14 13:55:00,INOD
7.28,7.28,7.28,7.28,100,2021-06-14 13:56:00,INOD
7.28,7.28,7.28,7.28,100,2021-06-14 13:57:00,INOD
7.28,7.28,7.28,7.28,100,2021-06-14 13:58:00,INOD
7.3,7.3,7.3,7.3,100,2021-06-14 14:00:00,INOD
7.3,7.3,7.3,7.3,100,2021-06-14 14:02:00,INOD
7.3,7.33,7.3,7.33,200,2021-06-14 14:03:00,INOD
7.3,7.3273,7.3,7.3273,1100,2021-06-14 14:04:00,INOD
7.33,7.33,7.33,7.33,1087,2021-06-14 14:05:00,INOD
7.3799,7.3799,7.33,7.33,250,2021-06-14 14:12:00,INOD
7.33,7.355,7.33,7.355,600,2021-06-14 14:13:00,INOD
7.3795,7.3795,7.34,7.34,800,2021-06-14 14:14:00,INOD
7.36,7.36,7.36,7.36,900,2021-06-14 14:15:00,INOD
7.375,7.375,7.36,7.37,800,2021-06-14 14:19:00,INOD
7.31,7.31,7.31,7.31,100,2021-06-14 14:24:00,INOD
7.31,7.31,7.31,7.31,100,2021-06-14 14:25:00,INOD
7.34,7.37,7.31,7.31,900,2021-06-14 14:26:00,INOD
7.35,7.36,7.35,7.36,10600,2021-06-14 14:27:00,INOD
7.32,7.32,7.32,7.32,1500,2021-06-14 14:28:00,INOD
7.36,7.36,7.36,7.36,1000,2021-06-14 14:29:00,INOD
7.379,7.379,7.379,7.379,900,2021-06-14 14:33:00,INOD
7.31,7.32,7.31,7.32,200,2021-06-14 14:36:00,INOD
7.31,7.31,7.31,7.31,100,2021-06-14 14:37:00,INOD
7.3,7.3,7.3,7.3,200,2021-06-14 14:38:00,INOD
7.29,7.2903,7.29,7.2903,400,2021-06-14 14:40:00,INOD
7.29,7.29,7.28,7.28,200,2021-06-14 14:41:00,INOD
7.28,7.28,7.28,7.28,100,2021-06-14 14:42:00,INOD
7.28,7.28,7.28,7.28,100,2021-06-14 14:43:00,INOD
7.28,7.28,7.28,7.28,200,2021-06-14 14:44:00,INOD
7.28,7.28,7.28,7.28,200,2021-06-14 14:45:00,INOD
7.28,7.28,7.28,7.28,100,2021-06-14 14:46:00,INOD
7.28,7.28,7.28,7.28,100,2021-06-14 14:47:00,INOD
7.28,7.2927,7.265,7.265,500,2021-06-14 14:48:00,INOD
7.25,7.25,7.25,7.25,100,2021-06-14 14:49:00,INOD
7.25,7.25,7.25,7.25,100,2021-06-14 14:50:00,INOD
7.2103,7.2103,7.2103,7.2103,1250,2021-06-14 14:52:00,INOD
7.21,7.21,7.21,7.21,2000,2021-06-14 15:04:00,INOD
7.27,7.28,7.27,7.28,600,2021-06-14 15:05:00,INOD
7.28,7.28,7.28,7.28,290,2021-06-14 15:07:00,INOD
7.28,7.28,7.28,7.28,100,2021-06-14 15:17:00,INOD
7.28,7.28,7.25,7.25,620,2021-06-14 15:19:00,INOD
7.25,7.25,7.25,7.25,1300,2021-06-14 15:21:00,INOD
7.25,7.262,7.25,7.262,600,2021-06-14 15:22:00,INOD
7.25,7.25,7.25,7.25,100,2021-06-14 15:23:00,INOD
7.26,7.26,7.26,7.26,139,2021-06-14 15:24:00,INOD
7.26,7.27,7.26,7.27,1118,2021-06-14 15:25:00,INOD
7.25,7.26,7.25,7.26,300,2021-06-14 15:31:00,INOD
7.295,7.32,7.295,7.3199,6800,2021-06-14 15:33:00,INOD
7.399,7.399,7.365,7.365,200,2021-06-14 15:39:00,INOD
7.33,7.33,7.33,7.33,100,2021-06-14 15:41:00,INOD
7.33,7.33,7.32,7.32,200,2021-06-14 15:42:00,INOD
7.32,7.32,7.32,7.32,200,2021-06-14 15:43:00,INOD
7.32,7.32,7.32,7.32,100,2021-06-14 15:44:00,INOD
7.32,7.32,7.32,7.32,100,2021-06-14 15:45:00,INOD
7.32,7.32,7.32,7.32,100,2021-06-14 15:46:00,INOD
7.32,7.32,7.32,7.32,100,2021-06-14 15:47:00,INOD
7.32,7.37,7.32,7.37,200,2021-06-14 15:48:00,INOD
7.33,7.33,7.33,7.33,100,2021-06-14 15:49:00,INOD
7.33,7.33,7.33,7.33,100,2021-06-14 15:50:00,INOD
7.33,7.33,7.33,7.33,100,2021-06-14 15:51:00,INOD
7.33,7.33,7.33,7.33,100,2021-06-14 15:53:00,INOD
7.33,7.33,7.33,7.33,100,2021-06-14 15:54:00,INOD
7.33,7.33,7.33,7.33,100,2021-06-14 15:55:00,INOD
7.35,7.35,7.35,7.35,100,2021-06-14 15:57:00,INOD
7.35,7.35,7.35,7.35,100,2021-06-14 15:58:00,INOD
7.35,7.35,7.35,7.35,100,2021-06-14 16:00:00,INOD
7.33,7.33,7.33,7.33,100,2021-06-14 16:03:00,INOD
7.3696,7.3696,7.3696,7.3696,1200,2021-06-14 16:04:00,INOD
7.33,7.33,7.33,7.33,100,2021-06-14 16:05:00,INOD
7.37,7.38,7.37,7.38,600,2021-06-14 16:06:00,INOD
7.38,7.38,7.38,7.38,250,2021-06-14 16:10:00,INOD
7.37,7.382,7.37,7.382,300,2021-06-14 16:15:00,INOD
7.4299,7.4299,7.37,7.37,600,2021-06-14 16:18:00,INOD
7.37,7.39,7.37,7.39,200,2021-06-14 16:21:00,INOD
7.38,7.38,7.38,7.38,100,2021-06-14 16:23:00,INOD
7.37,7.37,7.37,7.37,894,2021-06-14 16:25:00,INOD
7.36,7.36,7.36,7.36,100,2021-06-14 16:27:00,INOD
7.36,7.36,7.36,7.36,100,2021-06-14 16:29:00,INOD
7.33,7.35,7.33,7.35,200,2021-06-14 16:32:00,INOD
7.39,7.39,7.375,7.375,530,2021-06-14 16:33:00,INOD
7.36,7.36,7.36,7.36,100,2021-06-14 16:34:00,INOD
7.35,7.35,7.35,7.35,100,2021-06-14 16:35:00,INOD
7.38,7.38,7.38,7.38,3000,2021-06-14 16:37:00,INOD
7.38,7.38,7.38,7.38,100,2021-06-14 16:38:00,INOD
7.38,7.38,7.38,7.38,100,2021-06-14 16:40:00,INOD
7.38,7.38,7.38,7.38,100,2021-06-14 16:42:00,INOD
7.38,7.38,7.38,7.38,100,2021-06-14 16:43:00,INOD
7.35,7.35,7.35,7.35,100,2021-06-14 16:45:00,INOD
7.35,7.35,7.35,7.35,100,2021-06-14 16:46:00,INOD
7.3696,7.37,7.3696,7.37,1400,2021-06-14 16:47:00,INOD
7.37,7.37,7.37,7.37,376,2021-06-14 16:48:00,INOD
7.36,7.36,7.36,7.36,100,2021-06-14 16:58:00,INOD
7.36,7.36,7.36,7.36,100,2021-06-14 16:59:00,INOD
7.36,7.36,7.36,7.36,100,2021-06-14 17:00:00,INOD
7.34,7.34,7.34,7.34,100,2021-06-14 17:02:00,INOD
7.36,7.36,7.36,7.36,100,2021-06-14 17:04:00,INOD
7.33,7.33,7.33,7.33,100,2021-06-14 17:06:00,INOD
7.33,7.33,7.33,7.33,100,2021-06-14 17:08:00,INOD
7.33,7.33,7.33,7.33,100,2021-06-14 17:10:00,INOD
7.34,7.34,7.34,7.34,100,2021-06-14 17:13:00,INOD
7.34,7.34,7.34,7.34,100,2021-06-14 17:18:00,INOD
7.33,7.33,7.33,7.33,100,2021-06-14 17:21:00,INOD
7.34,7.34,7.34,7.34,100,2021-06-14 17:25:00,INOD
7.35,7.35,7.35,7.35,300,2021-06-14 17:26:00,INOD
7.35,7.35,7.35,7.35,100,2021-06-14 17:40:00,INOD
7.33,7.33,7.33,7.33,100,2021-06-14 17:44:00,INOD
7.34,7.34,7.34,7.34,100,2021-06-14 17:47:00,INOD
7.37,7.38,7.37,7.38,300,2021-06-14 17:49:00,INOD
7.38,7.38,7.38,7.38,100,2021-06-14 17:53:00,INOD
7.36,7.37,7.36,7.37,836,2021-06-14 17:58:00,INOD
7.378,7.4,7.378,7.39,2944,2021-06-14 18:01:00,INOD
7.41,7.45,7.4,7.45,1800,2021-06-14 18:02:00,INOD
7.425,7.425,7.425,7.425,859,2021-06-14 18:08:00,INOD
7.42,7.42,7.42,7.42,200,2021-06-14 18:10:00,INOD
7.42,7.45,7.42,7.45,200,2021-06-14 18:11:00,INOD
7.38,7.38,7.38,7.38,200,2021-06-14 18:12:00,INOD
7.38,7.38,7.38,7.38,100,2021-06-14 18:13:00,INOD
7.41,7.41,7.41,7.41,100,2021-06-14 18:15:00,INOD
7.41,7.41,7.36,7.36,300,2021-06-14 18:16:00,INOD
7.39,7.39,7.39,7.39,100,2021-06-14 18:17:00,INOD
7.39,7.39,7.39,7.39,100,2021-06-14 18:18:00,INOD
7.39,7.41,7.39,7.41,200,2021-06-14 18:19:00,INOD
7.36,7.36,7.36,7.36,100,2021-06-14 18:20:00,INOD
7.36,7.36,7.36,7.36,100,2021-06-14 18:21:00,INOD
7.38,7.41,7.38,7.41,200,2021-06-14 18:22:00,INOD
7.38,7.38,7.38,7.38,100,2021-06-14 18:23:00,INOD
7.39,7.39,7.39,7.39,100,2021-06-14 18:24:00,INOD
7.39,7.39,7.39,7.39,100,2021-06-14 18:25:00,INOD
7.36,7.36,7.36,7.36,100,2021-06-14 18:27:00,INOD
7.36,7.36,7.36,7.36,100,2021-06-14 18:28:00,INOD
7.4,7.4,7.4,7.4,666,2021-06-14 18:29:00,INOD
7.41,7.4482,7.41,7.4482,767,2021-06-14 18:30:00,INOD
7.43,7.43,7.43,7.43,100,2021-06-14 18:35:00,INOD
7.42,7.42,7.42,7.42,100,2021-06-14 18:40:00,INOD
7.424,7.424,7.424,7.424,355,2021-06-14 18:41:00,INOD
7.39,7.39,7.39,7.39,100,2021-06-14 18:48:00,INOD
7.4,7.4001,7.4,7.4001,1300,2021-06-14 18:50:00,INOD
7.39,7.39,7.39,7.39,100,2021-06-14 18:54:00,INOD
7.39,7.39,7.39,7.39,100,2021-06-14 18:56:00,INOD
7.39,7.39,7.39,7.39,100,2021-06-14 18:59:00,INOD
7.4,7.4,7.4,7.4,100,2021-06-14 19:01:00,INOD
7.4,7.4,7.4,7.4,1050,2021-06-14 19:02:00,INOD
7.47,7.47,7.47,7.47,113,2021-06-14 19:09:00,INOD
7.41,7.41,7.41,7.41,100,2021-06-14 19:15:00,INOD
7.3805,7.3805,7.3805,7.3805,1000,2021-06-14 19:18:00,INOD
7.38,7.38,7.38,7.38,100,2021-06-14 19:20:00,INOD
7.42,7.42,7.37,7.415,300,2021-06-14 19:25:00,INOD
7.37,7.37,7.37,7.37,100,2021-06-14 19:26:00,INOD
7.42,7.42,7.37,7.37,200,2021-06-14 19:27:00,INOD
7.42,7.42,7.42,7.42,1055,2021-06-14 19:28:00,INOD
7.42,7.42,7.42,7.42,146,2021-06-14 19:29:00,INOD
7.43,7.43,7.43,7.43,100,2021-06-14 19:36:00,INOD
7.39,7.39,7.39,7.39,100,2021-06-14 19:38:00,INOD
7.39,7.39,7.39,7.39,100,2021-06-14 19:39:00,INOD
7.39,7.39,7.39,7.39,1281,2021-06-14 19:41:00,INOD
7.39,7.39,7.39,7.39,100,2021-06-14 19:42:00,INOD
7.39,7.39,7.39,7.39,300,2021-06-14 19:46:00,INOD
7.4,7.4,7.36,7.39,300,2021-06-14 19:47:00,INOD
7.38,7.39,7.38,7.39,200,2021-06-14 19:48:00,INOD
7.36,7.36,7.36,7.36,200,2021-06-14 19:49:00,INOD
7.39,7.39,7.39,7.39,790,2021-06-14 19:51:00,INOD
7.399,7.42,7.399,7.415,3161,2021-06-14 19:52:00,INOD
7.4,7.4,7.4,7.4,134,2021-06-14 19:53:00,INOD
7.415,7.415,7.415,7.415,100,2021-06-14 19:54:00,INOD
7.4264,7.43,7.4264,7.43,700,2021-06-14 19:55:00,INOD
7.43,7.43,7.4,7.4,6839,2021-06-14 19:56:00,INOD
7.43,7.43,7.43,7.43,200,2021-06-14 19:57:00,INOD
7.3901,7.45,7.3901,7.45,11914,2021-06-14 19:58:00,INOD
7.46,7.46,7.42,7.46,1125,2021-06-14 19:59:00,INOD
7.44,7.44,7.44,7.44,643,2021-06-14 20:00:00,INOD
7.4,7.4,7.4,7.4,100,2021-06-14 20:09:00,INOD
7.5,7.5,7.5,7.5,100,2021-06-14 23:38:00,INOD
7.4999,7.5,7.4999,7.5,600,2021-06-15 13:17:00,INOD
7.5,7.5,7.5,7.5,3750,2021-06-15 13:30:00,INOD
7.5001,7.6,7.5001,7.6,1100,2021-06-15 13:36:00,INOD
7.55,7.6,7.55,7.6,500,2021-06-15 13:37:00,INOD
7.6,7.6,7.56,7.56,560,2021-06-15 13:43:00,INOD
7.625,7.625,7.625,7.625,400,2021-06-15 13:45:00,INOD
7.651,7.651,7.651,7.651,100,2021-06-15 13:47:00,INOD
7.58,7.58,7.58,7.58,100,2021-06-15 13:49:00,INOD
7.61,7.61,7.61,7.61,100,2021-06-15 14:10:00,INOD
7.6079,7.6079,7.58,7.58,1200,2021-06-15 14:11:00,INOD
7.49,7.49,7.49,7.49,500,2021-06-15 14:12:00,INOD
7.49,7.49,7.49,7.49,100,2021-06-15 14:13:00,INOD
7.4648,7.4648,7.4648,7.4648,1000,2021-06-15 14:15:00,INOD
7.53,7.53,7.53,7.53,100,2021-06-15 14:20:00,INOD
7.5166,7.5166,7.5166,7.5166,1300,2021-06-15 14:25:00,INOD
7.48,7.48,7.48,7.48,600,2021-06-15 14:29:00,INOD
7.5,7.5,7.5,7.5,400,2021-06-15 14:30:00,INOD
7.49,7.4963,7.49,7.4963,300,2021-06-15 14:32:00,INOD
7.5,7.5,7.5,7.5,429,2021-06-15 14:36:00,INOD
7.47,7.505,7.4601,7.4609,1100,2021-06-15 14:37:00,INOD
7.45,7.45,7.42,7.42,765,2021-06-15 14:40:00,INOD
7.37,7.37,7.37,7.37,100,2021-06-15 14:41:00,INOD
7.37,7.37,7.37,7.37,100,2021-06-15 14:42:00,INOD
7.37,7.37,7.37,7.37,225,2021-06-15 14:43:00,INOD
7.33,7.33,7.33,7.33,100,2021-06-15 14:44:00,INOD
7.33,7.33,7.33,7.33,100,2021-06-15 14:45:00,INOD
7.36,7.36,7.32,7.32,2700,2021-06-15 14:46:00,INOD
7.33,7.33,7.33,7.33,100,2021-06-15 14:47:00,INOD
7.32,7.32,7.32,7.32,100,2021-06-15 14:48:00,INOD
7.32,7.32,7.32,7.32,100,2021-06-15 14:49:00,INOD
7.32,7.32,7.32,7.32,100,2021-06-15 14:50:00,INOD
7.38,7.4,7.38,7.4,5461,2021-06-15 14:52:00,INOD
7.44,7.44,7.43,7.43,3000,2021-06-15 14:56:00,INOD
7.4143,7.4143,7.36,7.36,200,2021-06-15 14:58:00,INOD
7.36,7.36,7.36,7.36,100,2021-06-15 15:00:00,INOD
7.35,7.35,7.35,7.35,100,2021-06-15 15:01:00,INOD
7.35,7.35,7.35,7.35,100,2021-06-15 15:02:00,INOD
7.4,7.4,7.4,7.4,100,2021-06-15 15:03:00,INOD
7.35,7.35,7.35,7.35,100,2021-06-15 15:04:00,INOD
7.35,7.35,7.35,7.35,100,2021-06-15 15:05:00,INOD
7.35,7.35,7.35,7.35,100,2021-06-15 15:06:00,INOD
7.36,7.36,7.36,7.36,100,2021-06-15 15:07:00,INOD
7.405,7.405,7.405,7.405,200,2021-06-15 15:08:00,INOD
7.36,7.36,7.36,7.36,100,2021-06-15 15:09:00,INOD
7.37,7.41,7.37,7.41,200,2021-06-15 15:11:00,INOD
7.38,7.38,7.38,7.38,100,2021-06-15 15:12:00,INOD
7.38,7.38,7.38,7.38,100,2021-06-15 15:14:00,INOD
7.4,7.4,7.4,7.4,100,2021-06-15 15:17:00,INOD
7.39,7.39,7.39,7.39,100,2021-06-15 15:20:00,INOD
7.4246,7.4246,7.4246,7.4246,270,2021-06-15 15:21:00,INOD
7.39,7.39,7.39,7.39,200,2021-06-15 15:22:00,INOD
7.39,7.39,7.39,7.39,200,2021-06-15 15:24:00,INOD
7.39,7.39,7.39,7.39,100,2021-06-15 15:27:00,INOD
7.39,7.41,7.39,7.39,1079,2021-06-15 15:28:00,INOD
7.39,7.39,7.39,7.39,100,2021-06-15 15:30:00,INOD
7.39,7.3907,7.39,7.3907,236,2021-06-15 15:33:00,INOD
7.39,7.39,7.39,7.39,100,2021-06-15 15:36:00,INOD
7.39,7.39,7.39,7.39,100,2021-06-15 15:38:00,INOD
7.39,7.39,7.39,7.39,1000,2021-06-15 15:39:00,INOD
7.39,7.39,7.385,7.39,1441,2021-06-15 15:40:00,INOD
7.36,7.4,7.36,7.37,300,2021-06-15 15:41:00,INOD
7.3601,7.3601,7.3601,7.3601,100,2021-06-15 15:42:00,INOD
7.36,7.36,7.36,7.36,100,2021-06-15 15:45:00,INOD
7.3649,7.3649,7.3649,7.3649,500,2021-06-15 15:46:00,INOD
7.36,7.36,7.36,7.36,100,2021-06-15 15:47:00,INOD
7.36,7.36,7.36,7.36,100,2021-06-15 15:49:00,INOD
7.36,7.36,7.36,7.36,100,2021-06-15 15:51:00,INOD
7.35,7.35,7.32,7.35,870,2021-06-15 15:54:00,INOD
7.33,7.33,7.33,7.33,100,2021-06-15 15:56:00,INOD
7.32,7.32,7.32,7.32,100,2021-06-15 15:59:00,INOD
7.32,7.32,7.32,7.32,100,2021-06-15 16:01:00,INOD
7.3208,7.3208,7.32,7.32,1100,2021-06-15 16:03:00,INOD
7.32,7.32,7.32,7.32,100,2021-06-15 16:05:00,INOD
7.4,7.4,7.4,7.4,100,2021-06-15 16:07:00,INOD
7.33,7.33,7.33,7.33,100,2021-06-15 16:10:00,INOD
7.33,7.33,7.33,7.33,100,2021-06-15 16:12:00,INOD
7.33,7.33,7.33,7.33,100,2021-06-15 16:14:00,INOD
7.35,7.35,7.35,7.35,100,2021-06-15 16:21:00,INOD
7.35,7.36,7.35,7.36,200,2021-06-15 16:25:00,INOD
7.35,7.35,7.35,7.35,100,2021-06-15 16:29:00,INOD
7.35,7.35,7.35,7.35,100,2021-06-15 16:34:00,INOD
7.36,7.36,7.36,7.36,100,2021-06-15 16:39:00,INOD
7.36,7.36,7.36,7.36,100,2021-06-15 16:45:00,INOD
7.36,7.4,7.36,7.4,200,2021-06-15 16:50:00,INOD
7.4187,7.4187,7.4187,7.4187,100,2021-06-15 16:52:00,INOD
7.37,7.37,7.37,7.37,100,2021-06-15 16:55:00,INOD
7.37,7.37,7.37,7.37,100,2021-06-15 16:59:00,INOD
7.37,7.37,7.37,7.37,100,2021-06-15 17:03:00,INOD
7.39,7.39,7.39,7.39,100,2021-06-15 17:07:00,INOD
7.38,7.3866,7.38,7.3866,220,2021-06-15 17:10:00,INOD
7.39,7.39,7.39,7.39,100,2021-06-15 17:13:00,INOD
7.405,7.405,7.405,7.405,100,2021-06-15 17:15:00,INOD
7.38,7.38,7.38,7.38,100,2021-06-15 17:17:00,INOD
7.3985,7.3985,7.3985,7.3985,547,2021-06-15 17:18:00,INOD
7.41,7.41,7.41,7.41,100,2021-06-15 17:20:00,INOD
7.42,7.42,7.42,7.42,290,2021-06-15 17:21:00,INOD
7.39,7.39,7.39,7.39,100,2021-06-15 17:29:00,INOD
7.39,7.39,7.39,7.39,100,2021-06-15 17:30:00,INOD
7.39,7.39,7.39,7.39,100,2021-06-15 17:32:00,INOD
7.42,7.42,7.42,7.42,100,2021-06-15 17:35:00,INOD
7.4587,7.4587,7.4587,7.4587,700,2021-06-15 17:36:00,INOD
7.42,7.42,7.42,7.42,100,2021-06-15 17:37:00,INOD
7.42,7.42,7.41,7.4101,400,2021-06-15 17:39:00,INOD
7.41,7.41,7.41,7.41,100,2021-06-15 17:42:00,INOD
7.41,7.41,7.41,7.41,100,2021-06-15 17:44:00,INOD
7.41,7.41,7.41,7.41,100,2021-06-15 17:45:00,INOD
7.41,7.41,7.41,7.41,100,2021-06-15 17:47:00,INOD
7.44,7.44,7.44,7.44,1444,2021-06-15 17:50:00,INOD
7.41,7.41,7.41,7.41,100,2021-06-15 17:51:00,INOD
7.439,7.44,7.439,7.44,985,2021-06-15 17:52:00,INOD
7.4555,7.4555,7.4555,7.4555,500,2021-06-15 17:58:00,INOD
7.45,7.48,7.45,7.48,200,2021-06-15 18:02:00,INOD
7.465,7.465,7.465,7.465,100,2021-06-15 18:03:00,INOD
7.45,7.45,7.45,7.45,100,2021-06-15 18:05:00,INOD
7.465,7.48,7.465,7.48,586,2021-06-15 18:07:00,INOD
7.48,7.48,7.48,7.48,100,2021-06-15 18:14:00,INOD
7.49,7.5,7.49,7.5,807,2021-06-15 18:20:00,INOD
7.507,7.507,7.507,7.507,200,2021-06-15 18:21:00,INOD
7.5008,7.5008,7.5008,7.5008,358,2021-06-15 18:24:00,INOD
7.565,7.565,7.565,7.565,479,2021-06-15 18:29:00,INOD
7.53,7.53,7.53,7.53,100,2021-06-15 18:31:00,INOD
7.52,7.52,7.52,7.52,100,2021-06-15 18:33:00,INOD
7.51,7.51,7.51,7.51,100,2021-06-15 18:35:00,INOD
7.51,7.51,7.51,7.51,100,2021-06-15 18:37:00,INOD
7.52,7.52,7.52,7.52,100,2021-06-15 18:43:00,INOD
7.5109,7.5109,7.5109,7.5109,1000,2021-06-15 18:44:00,INOD
7.51,7.51,7.51,7.51,100,2021-06-15 18:45:00,INOD
7.55,7.55,7.55,7.55,420,2021-06-15 18:46:00,INOD
7.51,7.51,7.51,7.51,115,2021-06-15 18:55:00,INOD
7.51,7.51,7.51,7.51,100,2021-06-15 18:57:00,INOD
7.53,7.53,7.53,7.53,309,2021-06-15 18:58:00,INOD
7.52,7.52,7.52,7.52,100,2021-06-15 19:09:00,INOD
7.5165,7.5165,7.51,7.51,500,2021-06-15 19:13:00,INOD
7.5149,7.53,7.5,7.53,3057,2021-06-15 19:14:00,INOD
7.49,7.49,7.49,7.49,100,2021-06-15 19:16:00,INOD
7.5,7.51,7.46,7.51,705,2021-06-15 19:17:00,INOD
7.43,7.43,7.43,7.43,100,2021-06-15 19:19:00,INOD
7.44,7.44,7.44,7.44,100,2021-06-15 19:21:00,INOD
7.4,7.45,7.4,7.45,230,2021-06-15 19:22:00,INOD
7.45,7.45,7.45,7.45,100,2021-06-15 19:23:00,INOD
7.4,7.4,7.4,7.4,100,2021-06-15 19:24:00,INOD
7.42,7.42,7.42,7.42,100,2021-06-15 19:26:00,INOD
7.38,7.38,7.38,7.38,100,2021-06-15 19:27:00,INOD
7.38,7.38,7.38,7.38,100,2021-06-15 19:28:00,INOD
7.37,7.37,7.37,7.37,100,2021-06-15 19:30:00,INOD
7.43,7.43,7.36,7.36,700,2021-06-15 19:33:00,INOD
7.37,7.37,7.37,7.37,100,2021-06-15 19:35:00,INOD
7.37,7.37,7.37,7.37,100,2021-06-15 19:36:00,INOD
7.37,7.37,7.37,7.37,100,2021-06-15 19:38:00,INOD
7.37,7.37,7.37,7.37,100,2021-06-15 19:39:00,INOD
7.37,7.37,7.37,7.37,100,2021-06-15 19:41:00,INOD
7.37,7.37,7.37,7.37,100,2021-06-15 19:42:00,INOD
7.37,7.4,7.37,7.4,300,2021-06-15 19:43:00,INOD
7.37,7.37,7.37,7.37,100,2021-06-15 19:44:00,INOD
7.37,7.37,7.37,7.37,100,2021-06-15 19:45:00,INOD
7.37,7.37,7.37,7.37,100,2021-06-15 19:47:00,INOD
7.4,7.4,7.37,7.37,200,2021-06-15 19:48:00,INOD
7.37,7.37,7.37,7.37,100,2021-06-15 19:49:00,INOD
7.36,7.4,7.36,7.4,200,2021-06-15 19:51:00,INOD
7.36,7.36,7.36,7.36,100,2021-06-15 19:53:00,INOD
7.36,7.38,7.36,7.38,200,2021-06-15 19:54:00,INOD
7.36,7.37,7.36,7.37,300,2021-06-15 19:55:00,INOD
7.37,7.37,7.34,7.34,1174,2021-06-15 19:56:00,INOD
7.33,7.37,7.33,7.37,700,2021-06-15 19:57:00,INOD
7.39,7.39,7.39,7.39,104,2021-06-15 19:58:00,INOD
7.36,7.4,7.35,7.35,894,2021-06-15 19:59:00,INOD
7.34,7.34,7.34,7.34,1090,2021-06-15 20:00:00,INOD
7.33,7.33,7.33,7.33,447,2021-06-16 13:30:00,INOD
7.35,7.35,7.35,7.35,861,2021-06-16 13:39:00,INOD
7.4,7.4,7.4,7.4,400,2021-06-16 13:43:00,INOD
7.48,7.48,7.48,7.48,112,2021-06-16 13:44:00,INOD
7.5,7.5016,7.5,7.5016,1220,2021-06-16 13:57:00,INOD
7.53,7.53,7.47,7.47,900,2021-06-16 14:00:00,INOD
7.4,7.4,7.4,7.4,100,2021-06-16 14:02:00,INOD
7.46,7.46,7.46,7.46,100,2021-06-16 14:09:00,INOD
7.47,7.47,7.47,7.47,100,2021-06-16 14:14:00,INOD
7.4699,7.4699,7.38,7.38,1500,2021-06-16 14:21:00,INOD
7.3501,7.3501,7.3501,7.3501,500,2021-06-16 14:24:00,INOD
7.47,7.47,7.35,7.3524,2930,2021-06-16 14:30:00,INOD
7.34,7.34,7.34,7.34,110,2021-06-16 14:32:00,INOD
7.34,7.34,7.34,7.34,100,2021-06-16 14:33:00,INOD
7.36,7.36,7.36,7.36,100,2021-06-16 14:40:00,INOD
7.33,7.33,7.33,7.33,100,2021-06-16 14:49:00,INOD
7.41,7.41,7.41,7.41,100,2021-06-16 14:50:00,INOD
7.3377,7.3482,7.25,7.25,8844,2021-06-16 14:53:00,INOD
7.2543,7.2543,7.2543,7.2543,748,2021-06-16 15:01:00,INOD
7.24,7.24,7.24,7.24,100,2021-06-16 15:14:00,INOD
7.24,7.31,7.24,7.31,200,2021-06-16 15:24:00,INOD
7.22,7.22,7.22,7.22,600,2021-06-16 15:32:00,INOD
7.22,7.22,7.2,7.2,900,2021-06-16 15:33:00,INOD
7.3,7.3,7.3,7.3,100,2021-06-16 15:53:00,INOD
7.2953,7.2953,7.2953,7.2953,100,2021-06-16 15:58:00,INOD
7.29,7.29,7.29,7.29,100,2021-06-16 16:28:00,INOD
7.28,7.28,7.2407,7.2407,400,2021-06-16 16:35:00,INOD
7.2,7.24,7.16,7.16,1603,2021-06-16 16:48:00,INOD
7.13,7.1591,7.13,7.1591,488,2021-06-16 16:49:00,INOD
7.185,7.21,7.16,7.16,800,2021-06-16 17:00:00,INOD
7.15,7.15,7.15,7.15,100,2021-06-16 17:01:00,INOD
7.13,7.13,7.1001,7.1001,200,2021-06-16 17:02:00,INOD
7.14,7.14,7.14,7.14,1500,2021-06-16 17:03:00,INOD
7.1889,7.1889,7.1889,7.1889,1500,2021-06-16 17:04:00,INOD
7.1899,7.19,7.18,7.19,2500,2021-06-16 17:09:00,INOD
7.28,7.28,7.28,7.28,100,2021-06-16 17:11:00,INOD
7.21,7.21,7.21,7.21,100,2021-06-16 17:19:00,INOD
7.43,7.43,7.43,7.43,100,2021-06-16 17:22:00,INOD
7.215,7.215,7.215,7.215,100,2021-06-16 17:34:00,INOD
7.4,7.4,7.4,7.4,100,2021-06-16 17:44:00,INOD
7.1069,7.1069,7.1069,7.1069,500,2021-06-16 18:01:00,INOD
7.16,7.16,7.16,7.16,100,2021-06-16 18:02:00,INOD
7.16,7.22,7.16,7.165,4100,2021-06-16 18:04:00,INOD
7.217,7.217,7.139,7.139,2000,2021-06-16 18:06:00,INOD
7.23,7.28,7.2007,7.23,2626,2021-06-16 18:13:00,INOD
7.28,7.34,7.279,7.34,500,2021-06-16 18:14:00,INOD
7.28,7.28,7.25,7.25,2138,2021-06-16 18:16:00,INOD
7.3,7.3,7.3,7.3,400,2021-06-16 18:26:00,INOD
7.4299,7.4299,7.4299,7.4299,200,2021-06-16 18:32:00,INOD
7.3124,7.3124,7.3124,7.3124,300,2021-06-16 18:42:00,INOD
7.3,7.3,7.3,7.3,1600,2021-06-16 18:43:00,INOD
7.3042,7.3042,7.3042,7.3042,100,2021-06-16 18:44:00,INOD
7.26,7.27,7.2,7.2,1000,2021-06-16 18:46:00,INOD
7.25,7.25,7.2,7.2,2200,2021-06-16 18:48:00,INOD
7.24,7.24,7.24,7.24,100,2021-06-16 18:50:00,INOD
7.3,7.3,7.3,7.3,100,2021-06-16 18:52:00,INOD
7.25,7.25,7.25,7.25,2500,2021-06-16 18:53:00,INOD
7.305,7.305,7.305,7.305,100,2021-06-16 19:00:00,INOD
7.27,7.27,7.27,7.27,100,2021-06-16 19:02:00,INOD
7.305,7.305,7.27,7.27,3400,2021-06-16 19:10:00,INOD
7.35,7.35,7.35,7.35,200,2021-06-16 19:13:00,INOD
7.33,7.39,7.33,7.39,400,2021-06-16 19:14:00,INOD
7.36,7.36,7.36,7.36,100,2021-06-16 19:15:00,INOD
7.3383,7.3383,7.32,7.32,4499,2021-06-16 19:21:00,INOD
7.35,7.35,7.35,7.35,100,2021-06-16 19:29:00,INOD
7.373,7.373,7.373,7.373,330,2021-06-16 19:37:00,INOD
7.4016,7.4016,7.4016,7.4016,3000,2021-06-16 19:38:00,INOD
7.41,7.42,7.4,7.42,500,2021-06-16 19:40:00,INOD
7.44,7.44,7.405,7.405,3132,2021-06-16 19:42:00,INOD
7.3655,7.3655,7.3655,7.3655,500,2021-06-16 19:44:00,INOD
7.3482,7.3482,7.3482,7.3482,418,2021-06-16 19:45:00,INOD
7.41,7.41,7.41,7.41,100,2021-06-16 19:46:00,INOD
7.41,7.41,7.41,7.41,100,2021-06-16 19:47:00,INOD
7.37,7.37,7.37,7.37,200,2021-06-16 19:50:00,INOD
7.37,7.37,7.37,7.37,100,2021-06-16 19:54:00,INOD
7.36,7.37,7.35,7.36,1171,2021-06-16 19:57:00,INOD
7.36,7.38,7.36,7.38,350,2021-06-16 19:59:00,INOD
7.34,7.34,7.34,7.34,6857,2021-06-16 20:00:00,INOD
7.0,7.0,7.0,7.0,200,2021-06-16 21:59:00,INOD
7.29,7.29,7.29,7.29,214,2021-06-17 13:30:00,INOD
7.4,7.4,7.4,7.4,275,2021-06-17 13:33:00,INOD
7.4,7.45,7.4,7.45,400,2021-06-17 13:34:00,INOD
7.45,7.45,7.41,7.41,1165,2021-06-17 13:35:00,INOD
7.4217,7.47,7.4217,7.47,200,2021-06-17 13:39:00,INOD
7.49,7.5,7.49,7.5,851,2021-06-17 13:40:00,INOD
7.53,7.53,7.53,7.53,200,2021-06-17 13:41:00,INOD
7.57,7.59,7.57,7.59,4300,2021-06-17 13:42:00,INOD
7.62,7.6799,7.62,7.6799,2170,2021-06-17 13:43:00,INOD
7.59,7.59,7.59,7.59,100,2021-06-17 13:44:00,INOD
7.59,7.59,7.59,7.59,100,2021-06-17 13:45:00,INOD
7.537,7.537,7.51,7.51,3000,2021-06-17 13:49:00,INOD
7.55,7.5518,7.55,7.5518,947,2021-06-17 13:50:00,INOD
7.5501,7.5501,7.5501,7.5501,2000,2021-06-17 13:51:00,INOD
7.55,7.55,7.55,7.55,500,2021-06-17 13:57:00,INOD
7.4858,7.53,7.4858,7.53,600,2021-06-17 14:00:00,INOD
7.48,7.48,7.48,7.48,100,2021-06-17 14:04:00,INOD
7.4536,7.4536,7.4536,7.4536,101,2021-06-17 14:09:00,INOD
7.2,7.2,7.2,7.2,1000,2021-06-17 14:12:00,INOD
7.2909,7.2909,7.2909,7.2909,100,2021-06-17 14:13:00,INOD
7.4299,7.43,7.4299,7.43,3200,2021-06-17 14:18:00,INOD
7.53,7.53,7.53,7.53,200,2021-06-17 14:21:00,INOD
7.53,7.53,7.53,7.53,100,2021-06-17 14:24:00,INOD
7.5348,7.5348,7.5348,7.5348,1088,2021-06-17 14:31:00,INOD
7.505,7.505,7.47,7.47,628,2021-06-17 14:33:00,INOD
7.47,7.47,7.47,7.47,646,2021-06-17 14:34:00,INOD
7.4842,7.54,7.4842,7.54,3500,2021-06-17 14:47:00,INOD
7.5244,7.5244,7.5244,7.5244,155,2021-06-17 14:54:00,INOD
7.53,7.53,7.53,7.53,100,2021-06-17 14:57:00,INOD
7.5,7.52,7.4389,7.52,1050,2021-06-17 15:05:00,INOD
7.465,7.465,7.465,7.465,100,2021-06-17 15:06:00,INOD
7.52,7.54,7.52,7.53,3508,2021-06-17 15:11:00,INOD
7.441,7.441,7.441,7.441,350,2021-06-17 15:13:00,INOD
7.53,7.53,7.53,7.53,100,2021-06-17 15:16:00,INOD
7.4592,7.4592,7.4592,7.4592,200,2021-06-17 15:24:00,INOD
7.4722,7.4722,7.4722,7.4722,100,2021-06-17 15:25:00,INOD
7.51,7.51,7.51,7.51,100,2021-06-17 15:28:00,INOD
7.51,7.51,7.51,7.51,100,2021-06-17 15:37:00,INOD
7.475,7.54,7.475,7.54,3300,2021-06-17 15:40:00,INOD
7.54,7.54,7.5197,7.54,1562,2021-06-17 15:44:00,INOD
7.55,7.55,7.55,7.55,883,2021-06-17 15:45:00,INOD
7.58,7.6,7.558,7.6,6944,2021-06-17 15:46:00,INOD
7.6,7.6,7.6,7.6,570,2021-06-17 15:48:00,INOD
7.66,7.66,7.66,7.66,100,2021-06-17 15:50:00,INOD
7.68,7.68,7.68,7.68,100,2021-06-17 15:53:00,INOD
7.67,7.67,7.67,7.67,100,2021-06-17 15:58:00,INOD
7.3201,7.3201,7.3201,7.3201,1500,2021-06-17 16:01:00,INOD
7.3925,7.3925,7.3925,7.3925,100,2021-06-17 16:02:00,INOD
7.37,7.37,7.37,7.37,100,2021-06-17 16:03:00,INOD
7.52,7.64,7.52,7.64,300,2021-06-17 16:05:00,INOD
7.6499,7.6499,7.6499,7.6499,300,2021-06-17 16:06:00,INOD
7.4092,7.64,7.4092,7.64,1600,2021-06-17 16:07:00,INOD
7.54,7.62,7.54,7.62,600,2021-06-17 16:08:00,INOD
7.48,7.62,7.48,7.62,900,2021-06-17 16:20:00,INOD
7.4001,7.4001,7.4001,7.4001,500,2021-06-17 16:26:00,INOD
7.42,7.42,7.42,7.42,100,2021-06-17 16:27:00,INOD
7.45,7.45,7.45,7.45,2500,2021-06-17 16:30:00,INOD
7.465,7.465,7.3,7.3,1900,2021-06-17 16:33:00,INOD
7.39,7.39,7.29,7.29,600,2021-06-17 16:34:00,INOD
7.4,7.42,7.4,7.42,820,2021-06-17 16:40:00,INOD
7.345,7.35,7.34,7.35,2900,2021-06-17 16:54:00,INOD
7.3684,7.3684,7.3684,7.3684,2500,2021-06-17 16:55:00,INOD
7.35,7.35,7.35,7.35,200,2021-06-17 16:56:00,INOD
7.34,7.35,7.34,7.35,1360,2021-06-17 17:02:00,INOD
7.35,7.35,7.35,7.35,1170,2021-06-17 17:03:00,INOD
7.35,7.35,7.35,7.35,2420,2021-06-17 17:04:00,INOD
7.33,7.33,7.33,7.33,100,2021-06-17 17:07:00,INOD
7.3,7.39,7.3,7.39,5440,2021-06-17 17:08:00,INOD
7.35,7.4,7.35,7.4,6099,2021-06-17 17:10:00,INOD
7.4199,7.4199,7.4199,7.4199,3400,2021-06-17 17:13:00,INOD
7.38,7.4,7.37,7.4,500,2021-06-17 17:16:00,INOD
7.4,7.4,7.4,7.4,9760,2021-06-17 17:18:00,INOD
7.495,7.495,7.45,7.45,502,2021-06-17 17:20:00,INOD
7.4,7.4,7.4,7.4,2500,2021-06-17 17:21:00,INOD
7.49,7.5,7.45,7.5,2710,2021-06-17 17:22:00,INOD
7.4965,7.4965,7.48,7.49,4000,2021-06-17 17:23:00,INOD
7.41,7.41,7.4,7.405,1100,2021-06-17 17:24:00,INOD
7.45,7.45,7.45,7.45,2438,2021-06-17 17:30:00,INOD
7.55,7.55,7.55,7.55,280,2021-06-17 17:32:00,INOD
7.65,7.65,7.65,7.65,250,2021-06-17 17:34:00,INOD
7.64,7.64,7.575,7.575,200,2021-06-17 17:36:00,INOD
7.6093,7.63,7.59,7.59,2798,2021-06-17 17:38:00,INOD
7.5014,7.5014,7.5014,7.5014,100,2021-06-17 17:43:00,INOD
7.62,7.62,7.62,7.62,100,2021-06-17 17:46:00,INOD
7.64,7.64,7.64,7.64,1000,2021-06-17 17:47:00,INOD
7.6399,7.64,7.63,7.64,700,2021-06-17 17:49:00,INOD
7.635,7.635,7.635,7.635,100,2021-06-17 17:54:00,INOD
7.5212,7.575,7.5212,7.575,800,2021-06-17 18:00:00,INOD
7.64,7.64,7.64,7.64,818,2021-06-17 18:10:00,INOD
7.58,7.7,7.58,7.7,10038,2021-06-17 18:13:00,INOD
7.635,7.635,7.635,7.635,500,2021-06-17 18:14:00,INOD
7.5403,7.5403,7.5403,7.5403,500,2021-06-17 18:16:00,INOD
7.6499,7.6499,7.6499,7.6499,150,2021-06-17 18:29:00,INOD
7.64,7.64,7.64,7.64,100,2021-06-17 18:31:00,INOD
7.6281,7.6281,7.5807,7.5807,2200,2021-06-17 18:36:00,INOD
7.65,7.65,7.65,7.65,100,2021-06-17 18:39:00,INOD
7.65,7.65,7.65,7.65,100,2021-06-17 18:46:00,INOD
7.6205,7.6205,7.6205,7.6205,100,2021-06-17 18:48:00,INOD
7.64,7.64,7.64,7.64,100,2021-06-17 18:49:00,INOD
7.59,7.64,7.58,7.64,2160,2021-06-17 18:51:00,INOD
7.6107,7.625,7.6,7.61,1296,2021-06-17 19:01:00,INOD
7.6,7.69,7.6,7.69,6059,2021-06-17 19:04:00,INOD
7.61,7.645,7.59,7.6,4784,2021-06-17 19:07:00,INOD
7.6,7.6,7.6,7.6,800,2021-06-17 19:08:00,INOD
7.5762,7.5762,7.5762,7.5762,500,2021-06-17 19:09:00,INOD
7.6,7.69,7.5987,7.69,11180,2021-06-17 19:10:00,INOD
7.695,7.7,7.695,7.7,746,2021-06-17 19:11:00,INOD
7.7413,7.7499,7.68,7.68,1846,2021-06-17 19:12:00,INOD
7.69,7.69,7.69,7.69,100,2021-06-17 19:13:00,INOD
7.68,7.68,7.67,7.67,2279,2021-06-17 19:14:00,INOD
7.65,7.65,7.63,7.63,400,2021-06-17 19:15:00,INOD
7.65,7.675,7.65,7.675,600,2021-06-17 19:20:00,INOD
7.685,7.758,7.685,7.758,7700,2021-06-17 19:21:00,INOD
7.76,7.7699,7.728,7.7699,3509,2021-06-17 19:22:00,INOD
7.72,7.72,7.72,7.72,100,2021-06-17 19:23:00,INOD
7.735,7.735,7.735,7.735,300,2021-06-17 19:25:00,INOD
7.7469,7.7469,7.7469,7.7469,100,2021-06-17 19:26:00,INOD
7.735,7.76,7.7,7.7,600,2021-06-17 19:27:00,INOD
7.67,7.69,7.67,7.69,200,2021-06-17 19:29:00,INOD
7.69,7.7,7.69,7.7,2138,2021-06-17 19:31:00,INOD
7.7442,7.76,7.7353,7.7353,2389,2021-06-17 19:33:00,INOD
7.7,7.7,7.68,7.68,3478,2021-06-17 19:34:00,INOD
7.69,7.71,7.68,7.68,500,2021-06-17 19:38:00,INOD
7.68,7.76,7.68,7.76,1900,2021-06-17 19:42:00,INOD
7.725,7.7699,7.725,7.7699,1000,2021-06-17 19:44:00,INOD
7.7,7.72,7.69,7.69,4600,2021-06-17 19:46:00,INOD
7.71,7.71,7.71,7.71,300,2021-06-17 19:47:00,INOD
7.69,7.73,7.69,7.73,400,2021-06-17 19:48:00,INOD
7.69,7.69,7.69,7.69,500,2021-06-17 19:49:00,INOD
7.67,7.71,7.62,7.66,5107,2021-06-17 19:50:00,INOD
7.62,7.64,7.61,7.61,700,2021-06-17 19:51:00,INOD
7.635,7.635,7.635,7.635,100,2021-06-17 19:53:00,INOD
7.635,7.635,7.6,7.6,200,2021-06-17 19:57:00,INOD
7.66,7.67,7.66,7.67,300,2021-06-17 19:58:00,INOD
7.61,7.65,7.6,7.64,1085,2021-06-17 19:59:00,INOD
7.61,7.61,7.61,7.61,1928,2021-06-17 20:00:00,INOD
7.56,7.56,7.56,7.56,1084,2021-06-18 13:30:00,INOD
7.69,7.7,7.66,7.7,1963,2021-06-18 13:45:00,INOD
7.7,7.7,7.7,7.7,1000,2021-06-18 13:54:00,INOD
7.5414,7.5414,7.5414,7.5414,1000,2021-06-18 14:03:00,INOD
7.525,7.525,7.525,7.525,120,2021-06-18 14:04:00,INOD
7.6157,7.6157,7.6157,7.6157,100,2021-06-18 14:10:00,INOD
7.6254,7.6254,7.6254,7.6254,1000,2021-06-18 14:13:00,INOD
7.5001,7.5001,7.5001,7.5001,100,2021-06-18 14:20:00,INOD
7.5,7.5,7.5,7.5,639,2021-06-18 14:22:00,INOD
7.42,7.42,7.42,7.42,220,2021-06-18 14:25:00,INOD
7.43,7.43,7.43,7.43,697,2021-06-18 14:31:00,INOD
7.41,7.41,7.41,7.41,250,2021-06-18 14:32:00,INOD
7.45,7.45,7.41,7.41,700,2021-06-18 14:33:00,INOD
7.426,7.426,7.41,7.41,229,2021-06-18 14:34:00,INOD
7.41,7.41,7.41,7.41,180,2021-06-18 14:35:00,INOD
7.41,7.41,7.41,7.41,200,2021-06-18 14:39:00,INOD
7.4,7.4,7.4,7.4,100,2021-06-18 14:41:00,INOD
7.395,7.395,7.395,7.395,100,2021-06-18 14:44:00,INOD
7.43,7.48,7.43,7.48,938,2021-06-18 14:49:00,INOD
7.46,7.46,7.46,7.46,225,2021-06-18 14:50:00,INOD
7.46,7.55,7.46,7.55,4866,2021-06-18 14:51:00,INOD
7.4877,7.4877,7.4877,7.4877,5500,2021-06-18 14:53:00,INOD
7.6086,7.6086,7.6086,7.6086,102,2021-06-18 14:54:00,INOD
7.495,7.495,7.495,7.495,100,2021-06-18 14:56:00,INOD
7.55,7.55,7.55,7.55,2500,2021-06-18 14:58:00,INOD
7.54,7.5897,7.54,7.5897,2545,2021-06-18 14:59:00,INOD
7.59,7.59,7.59,7.59,100,2021-06-18 15:01:00,INOD
7.56,7.56,7.55,7.55,587,2021-06-18 15:13:00,INOD
7.436,7.436,7.436,7.436,100,2021-06-18 15:30:00,INOD
7.59,7.59,7.51,7.51,200,2021-06-18 15:41:00,INOD
7.47,7.47,7.47,7.47,100,2021-06-18 15:56:00,INOD
7.51,7.51,7.51,7.51,100,2021-06-18 16:12:00,INOD
7.53,7.53,7.53,7.53,100,2021-06-18 16:19:00,INOD
7.55,7.55,7.55,7.55,2100,2021-06-18 16:32:00,INOD
7.56,7.56,7.56,7.56,100,2021-06-18 16:39:00,INOD
7.4901,7.4901,7.4901,7.4901,100,2021-06-18 16:44:00,INOD
7.54,7.54,7.54,7.54,100,2021-06-18 16:51:00,INOD
7.5596,7.5596,7.51,7.51,200,2021-06-18 16:53:00,INOD
7.56,7.57,7.56,7.57,339,2021-06-18 16:57:00,INOD
7.5652,7.5652,7.5652,7.5652,500,2021-06-18 17:03:00,INOD
7.5625,7.5625,7.5625,7.5625,1200,2021-06-18 17:10:00,INOD
7.52,7.52,7.52,7.52,200,2021-06-18 17:17:00,INOD
7.5201,7.5201,7.5201,7.5201,1000,2021-06-18 17:40:00,INOD
7.52,7.52,7.52,7.52,100,2021-06-18 18:04:00,INOD
7.4791,7.4791,7.4791,7.4791,100,2021-06-18 18:16:00,INOD
7.47,7.47,7.47,7.47,100,2021-06-18 18:19:00,INOD
7.48,7.48,7.48,7.48,100,2021-06-18 18:24:00,INOD
7.48,7.48,7.48,7.48,100,2021-06-18 18:26:00,INOD
7.4106,7.47,7.4106,7.47,1100,2021-06-18 18:47:00,INOD
7.47,7.47,7.47,7.47,200,2021-06-18 18:48:00,INOD
7.44,7.44,7.44,7.44,100,2021-06-18 18:52:00,INOD
7.42,7.42,7.37,7.41,3020,2021-06-18 18:53:00,INOD
7.37,7.37,7.34,7.34,680,2021-06-18 18:54:00,INOD
7.315,7.36,7.315,7.355,500,2021-06-18 18:55:00,INOD
7.355,7.38,7.355,7.38,1100,2021-06-18 18:58:00,INOD
7.33,7.33,7.32,7.32,1000,2021-06-18 18:59:00,INOD
7.2901,7.2901,7.2901,7.2901,2500,2021-06-18 19:01:00,INOD
7.2901,7.325,7.2901,7.325,600,2021-06-18 19:03:00,INOD
7.29,7.29,7.29,7.29,100,2021-06-18 19:06:00,INOD
7.28,7.28,7.275,7.275,200,2021-06-18 19:12:00,INOD
7.29,7.3,7.265,7.265,869,2021-06-18 19:16:00,INOD
7.33,7.33,7.295,7.295,1100,2021-06-18 19:24:00,INOD
7.3399,7.3399,7.3399,7.3399,1600,2021-06-18 19:27:00,INOD
7.34,7.34,7.34,7.34,100,2021-06-18 19:30:00,INOD
7.382,7.39,7.35,7.389,1800,2021-06-18 19:31:00,INOD
7.3,7.48,7.3,7.48,5194,2021-06-18 19:37:00,INOD
7.456,7.46,7.439,7.439,606,2021-06-18 19:45:00,INOD
7.48,7.48,7.48,7.48,400,2021-06-18 19:47:00,INOD
7.47,7.47,7.47,7.47,100,2021-06-18 19:49:00,INOD
7.47,7.47,7.42,7.46,3885,2021-06-18 19:50:00,INOD
7.445,7.445,7.445,7.445,100,2021-06-18 19:52:00,INOD
7.46,7.4899,7.45,7.4899,4380,2021-06-18 19:53:00,INOD
7.48,7.4859,7.41,7.41,4907,2021-06-18 19:54:00,INOD
7.39,7.39,7.39,7.39,100,2021-06-18 19:55:00,INOD
7.34,7.34,7.34,7.34,100,2021-06-18 19:56:00,INOD
7.34,7.3792,7.33,7.33,5633,2021-06-18 19:57:00,INOD
7.33,7.33,7.32,7.32,1835,2021-06-18 19:58:00,INOD
7.32,7.44,7.31,7.33,6834,2021-06-18 19:59:00,INOD
7.33,7.33,7.33,7.33,20319,2021-06-18 20:00:00,INOD
