open,high,low,close,volume,datetime,symbol
29.15,29.15,29.15,29.15,266,2021-06-01 13:28:00,PRTA
29.13,29.15,28.65,28.67,12655,2021-06-01 13:30:00,PRTA
28.9,28.9,28.9,28.9,100,2021-06-01 13:31:00,PRTA
28.8075,28.89,28.8075,28.89,273,2021-06-01 13:33:00,PRTA
28.71,29.11,28.71,29.11,700,2021-06-01 13:34:00,PRTA
28.89,28.89,28.89,28.89,100,2021-06-01 13:35:00,PRTA
28.89,28.89,28.71,28.86,3700,2021-06-01 13:36:00,PRTA
28.7787,28.86,28.7787,28.86,316,2021-06-01 13:37:00,PRTA
28.945,28.97,28.88,28.88,600,2021-06-01 13:38:00,PRTA
28.97,29.1,28.82,28.97,803,2021-06-01 13:40:00,PRTA
28.98,28.98,28.9126,28.9126,253,2021-06-01 13:41:00,PRTA
29.0,29.17,29.0,29.14,1713,2021-06-01 13:42:00,PRTA
29.17,29.17,29.17,29.17,100,2021-06-01 13:43:00,PRTA
29.1,29.19,29.09,29.19,3378,2021-06-01 13:44:00,PRTA
29.19,29.19,29.15,29.15,200,2021-06-01 13:45:00,PRTA
29.2,29.2,29.1672,29.195,1364,2021-06-01 13:46:00,PRTA
29.11,29.155,29.07,29.07,524,2021-06-01 13:47:00,PRTA
29.07,29.07,29.055,29.055,330,2021-06-01 13:48:00,PRTA
29.0,29.0,29.0,29.0,106,2021-06-01 13:49:00,PRTA
29.055,29.15,29.055,29.15,600,2021-06-01 13:50:00,PRTA
29.13,29.15,29.13,29.15,300,2021-06-01 13:51:00,PRTA
29.15,29.15,29.15,29.15,100,2021-06-01 13:52:00,PRTA
29.09,29.11,29.03,29.11,400,2021-06-01 13:53:00,PRTA
28.9924,29.1,28.9924,29.1,700,2021-06-01 13:54:00,PRTA
29.0943,29.0943,29.0943,29.0943,140,2021-06-01 13:55:00,PRTA
29.06,29.08,29.06,29.08,400,2021-06-01 13:57:00,PRTA
29.1,29.1,29.1,29.1,300,2021-06-01 13:58:00,PRTA
29.13,29.13,29.07,29.0873,1258,2021-06-01 14:00:00,PRTA
29.1,29.14,29.1,29.1,629,2021-06-01 14:01:00,PRTA
29.2,29.43,29.14,29.37,2877,2021-06-01 14:02:00,PRTA
29.33,29.33,29.33,29.33,200,2021-06-01 14:03:00,PRTA
29.35,29.41,29.25,29.25,1996,2021-06-01 14:04:00,PRTA
29.21,29.305,29.21,29.305,468,2021-06-01 14:06:00,PRTA
29.315,29.4,29.315,29.4,700,2021-06-01 14:08:00,PRTA
29.315,29.315,29.25,29.26,700,2021-06-01 14:09:00,PRTA
29.24,29.26,29.23,29.26,400,2021-06-01 14:10:00,PRTA
29.255,29.29,29.255,29.29,500,2021-06-01 14:11:00,PRTA
29.26,29.285,29.25,29.28,500,2021-06-01 14:12:00,PRTA
29.2626,29.285,29.25,29.285,317,2021-06-01 14:13:00,PRTA
29.24,29.27,29.24,29.27,700,2021-06-01 14:14:00,PRTA
29.19,29.19,29.19,29.19,100,2021-06-01 14:15:00,PRTA
29.19,29.24,29.19,29.24,200,2021-06-01 14:16:00,PRTA
29.225,29.225,29.2,29.2,200,2021-06-01 14:17:00,PRTA
29.23,29.25,29.23,29.25,300,2021-06-01 14:18:00,PRTA
29.2,29.215,29.15,29.215,675,2021-06-01 14:19:00,PRTA
29.25,29.25,29.25,29.25,100,2021-06-01 14:20:00,PRTA
29.2,29.2,29.15,29.15,360,2021-06-01 14:21:00,PRTA
29.15,29.165,29.04,29.04,1200,2021-06-01 14:22:00,PRTA
29.05,29.05,29.05,29.05,100,2021-06-01 14:23:00,PRTA
29.05,29.05,29.05,29.05,100,2021-06-01 14:24:00,PRTA
29.05,29.16,29.05,29.15,500,2021-06-01 14:25:00,PRTA
29.16,29.16,29.07,29.07,200,2021-06-01 14:26:00,PRTA
29.06,29.15,29.06,29.06,300,2021-06-01 14:27:00,PRTA
29.16,29.16,29.095,29.095,752,2021-06-01 14:28:00,PRTA
29.09,29.09,29.09,29.09,200,2021-06-01 14:29:00,PRTA
29.08,29.08,29.08,29.08,100,2021-06-01 14:30:00,PRTA
29.1983,29.26,29.19,29.26,433,2021-06-01 14:31:00,PRTA
29.26,29.32,29.26,29.32,400,2021-06-01 14:32:00,PRTA
29.31,29.31,29.31,29.31,200,2021-06-01 14:33:00,PRTA
29.31,29.41,29.31,29.41,500,2021-06-01 14:34:00,PRTA
29.46,29.46,29.37,29.37,300,2021-06-01 14:39:00,PRTA
29.32,29.32,29.32,29.32,100,2021-06-01 14:40:00,PRTA
29.38,29.38,29.38,29.38,100,2021-06-01 14:41:00,PRTA
29.343,29.46,29.34,29.355,909,2021-06-01 14:42:00,PRTA
29.36,29.46,29.26,29.46,700,2021-06-01 14:45:00,PRTA
29.32,29.32,29.32,29.32,100,2021-06-01 14:46:00,PRTA
29.42,29.42,29.42,29.42,100,2021-06-01 14:47:00,PRTA
29.335,29.335,29.23,29.23,200,2021-06-01 14:48:00,PRTA
29.24,29.33,29.08,29.08,1400,2021-06-01 14:49:00,PRTA
29.07,29.25,29.03,29.03,719,2021-06-01 14:50:00,PRTA
29.14,29.29,29.14,29.235,1996,2021-06-01 14:51:00,PRTA
29.24,29.42,29.24,29.42,800,2021-06-01 14:52:00,PRTA
29.27,29.27,29.2,29.2,300,2021-06-01 14:53:00,PRTA
29.315,29.315,29.25,29.25,1200,2021-06-01 14:54:00,PRTA
29.29,29.29,29.29,29.29,200,2021-06-01 14:55:00,PRTA
29.29,29.3,29.18,29.18,900,2021-06-01 14:56:00,PRTA
29.2,29.32,29.2,29.32,400,2021-06-01 14:57:00,PRTA
29.32,29.35,29.26,29.35,600,2021-06-01 14:58:00,PRTA
29.3,29.3,29.185,29.185,1360,2021-06-01 14:59:00,PRTA
29.22,29.3,29.22,29.25,800,2021-06-01 15:00:00,PRTA
29.23,29.23,29.2006,29.21,800,2021-06-01 15:01:00,PRTA
29.15,29.18,29.15,29.16,737,2021-06-01 15:02:00,PRTA
29.16,29.19,29.145,29.19,300,2021-06-01 15:03:00,PRTA
29.16,29.2,29.16,29.2,700,2021-06-01 15:04:00,PRTA
29.2,29.2,29.07,29.08,4470,2021-06-01 15:05:00,PRTA
29.055,29.055,29.055,29.055,300,2021-06-01 15:07:00,PRTA
29.1105,29.13,29.1105,29.13,300,2021-06-01 15:08:00,PRTA
29.11,29.135,29.11,29.135,1400,2021-06-01 15:09:00,PRTA
29.06,29.1122,29.06,29.1122,200,2021-06-01 15:10:00,PRTA
29.1034,29.14,29.1034,29.14,475,2021-06-01 15:11:00,PRTA
29.1,29.13,29.1,29.13,800,2021-06-01 15:12:00,PRTA
29.1293,29.1293,29.07,29.085,2028,2021-06-01 15:13:00,PRTA
29.08,29.08,29.08,29.08,100,2021-06-01 15:15:00,PRTA
29.08,29.1,29.08,29.1,700,2021-06-01 15:16:00,PRTA
29.13,29.13,29.13,29.13,100,2021-06-01 15:17:00,PRTA
29.16,29.19,29.12,29.13,700,2021-06-01 15:18:00,PRTA
29.12,29.16,29.11,29.15,600,2021-06-01 15:21:00,PRTA
29.1,29.14,29.1,29.14,200,2021-06-01 15:22:00,PRTA
29.1,29.13,29.096,29.12,453,2021-06-01 15:23:00,PRTA
29.1,29.1,29.03,29.0722,900,2021-06-01 15:24:00,PRTA
29.07,29.09,29.07,29.09,400,2021-06-01 15:25:00,PRTA
29.03,29.03,29.03,29.03,200,2021-06-01 15:26:00,PRTA
29.03,29.0395,29.03,29.0395,200,2021-06-01 15:27:00,PRTA
29.07,29.07,29.02,29.04,815,2021-06-01 15:28:00,PRTA
29.04,29.04,29.04,29.04,100,2021-06-01 15:29:00,PRTA
28.99,28.99,28.98,28.98,200,2021-06-01 15:30:00,PRTA
28.97,28.97,28.88,28.9,813,2021-06-01 15:31:00,PRTA
28.865,28.865,28.865,28.865,100,2021-06-01 15:32:00,PRTA
28.84,28.84,28.84,28.84,100,2021-06-01 15:34:00,PRTA
28.9,28.9,28.9,28.9,100,2021-06-01 15:36:00,PRTA
28.94,28.94,28.94,28.94,200,2021-06-01 15:37:00,PRTA
28.8326,28.8326,28.8326,28.8326,152,2021-06-01 15:39:00,PRTA
28.83,28.83,28.83,28.83,100,2021-06-01 15:40:00,PRTA
28.84,28.84,28.79,28.84,300,2021-06-01 15:41:00,PRTA
28.8,28.8,28.8,28.8,100,2021-06-01 15:43:00,PRTA
28.84,28.84,28.785,28.785,200,2021-06-01 15:44:00,PRTA
28.77,28.77,28.76,28.76,200,2021-06-01 15:46:00,PRTA
28.76,28.77,28.76,28.77,200,2021-06-01 15:47:00,PRTA
28.7339,28.7339,28.7339,28.7339,113,2021-06-01 15:49:00,PRTA
28.69,28.69,28.69,28.69,100,2021-06-01 15:50:00,PRTA
28.66,28.66,28.66,28.66,100,2021-06-01 15:52:00,PRTA
28.5684,28.5684,28.52,28.52,334,2021-06-01 15:53:00,PRTA
28.62,28.62,28.62,28.62,400,2021-06-01 15:55:00,PRTA
28.53,28.53,28.53,28.53,200,2021-06-01 15:57:00,PRTA
28.54,28.54,28.52,28.52,200,2021-06-01 15:59:00,PRTA
28.52,28.52,28.43,28.43,920,2021-06-01 16:00:00,PRTA
28.5,28.5,28.5,28.5,100,2021-06-01 16:02:00,PRTA
28.5,28.5,28.47,28.48,600,2021-06-01 16:03:00,PRTA
28.51,28.5383,28.47,28.5383,750,2021-06-01 16:04:00,PRTA
28.43,28.43,28.4,28.4,600,2021-06-01 16:05:00,PRTA
28.45,28.45,28.4,28.4,300,2021-06-01 16:08:00,PRTA
28.39,28.39,28.39,28.39,200,2021-06-01 16:09:00,PRTA
28.38,28.4,28.33,28.33,1000,2021-06-01 16:10:00,PRTA
28.33,28.33,28.33,28.33,100,2021-06-01 16:11:00,PRTA
28.31,28.31,28.31,28.31,100,2021-06-01 16:12:00,PRTA
28.36,28.36,28.36,28.36,100,2021-06-01 16:13:00,PRTA
28.35,28.35,28.35,28.35,200,2021-06-01 16:14:00,PRTA
28.41,28.42,28.41,28.41,500,2021-06-01 16:15:00,PRTA
28.375,28.39,28.37,28.38,409,2021-06-01 16:16:00,PRTA
28.44,28.44,28.42,28.44,600,2021-06-01 16:18:00,PRTA
28.42,28.42,28.41,28.41,200,2021-06-01 16:19:00,PRTA
28.42,28.45,28.42,28.45,200,2021-06-01 16:20:00,PRTA
28.46,28.46,28.46,28.46,100,2021-06-01 16:27:00,PRTA
28.47,28.47,28.47,28.47,100,2021-06-01 16:29:00,PRTA
28.44,28.44,28.41,28.41,200,2021-06-01 16:31:00,PRTA
28.4,28.4,28.39,28.39,600,2021-06-01 16:35:00,PRTA
28.36,28.36,28.34,28.34,200,2021-06-01 16:36:00,PRTA
28.33,28.33,28.305,28.305,200,2021-06-01 16:37:00,PRTA
28.37,28.37,28.37,28.37,100,2021-06-01 16:41:00,PRTA
28.351,28.351,28.18,28.18,3450,2021-06-01 16:44:00,PRTA
28.215,28.215,28.215,28.215,500,2021-06-01 16:45:00,PRTA
28.2019,28.22,28.17,28.215,1212,2021-06-01 16:47:00,PRTA
28.19,28.19,28.17,28.18,400,2021-06-01 16:48:00,PRTA
28.175,28.175,28.175,28.175,200,2021-06-01 16:49:00,PRTA
28.135,28.15,28.135,28.15,300,2021-06-01 16:52:00,PRTA
28.165,28.165,28.165,28.165,100,2021-06-01 16:53:00,PRTA
28.12,28.12,28.12,28.12,200,2021-06-01 16:54:00,PRTA
28.14,28.14,28.14,28.14,100,2021-06-01 16:59:00,PRTA
28.16,28.16,28.14,28.14,400,2021-06-01 17:00:00,PRTA
28.15,28.16,28.15,28.16,200,2021-06-01 17:02:00,PRTA
28.14,28.14,28.14,28.14,100,2021-06-01 17:03:00,PRTA
28.13,28.13,27.89,27.935,12122,2021-06-01 17:04:00,PRTA
27.935,27.94,27.86,27.86,6638,2021-06-01 17:05:00,PRTA
27.825,27.87,27.825,27.86,500,2021-06-01 17:06:00,PRTA
27.85,27.88,27.82,27.88,1106,2021-06-01 17:07:00,PRTA
27.85,27.86,27.85,27.86,200,2021-06-01 17:08:00,PRTA
27.88,27.91,27.88,27.905,700,2021-06-01 17:09:00,PRTA
27.85,27.85,27.85,27.85,100,2021-06-01 17:10:00,PRTA
27.895,27.895,27.895,27.895,300,2021-06-01 17:11:00,PRTA
27.89,27.89,27.86,27.86,300,2021-06-01 17:12:00,PRTA
27.85,27.85,27.85,27.85,100,2021-06-01 17:13:00,PRTA
27.88,27.89,27.85,27.85,700,2021-06-01 17:14:00,PRTA
27.86,27.86,27.84,27.84,200,2021-06-01 17:15:00,PRTA
27.86,27.86,27.86,27.86,200,2021-06-01 17:16:00,PRTA
27.86,27.865,27.8,27.8,400,2021-06-01 17:19:00,PRTA
27.81,27.81,27.81,27.81,100,2021-06-01 17:20:00,PRTA
27.87,27.87,27.82,27.87,500,2021-06-01 17:21:00,PRTA
27.87,27.87,27.83,27.84,600,2021-06-01 17:22:00,PRTA
27.87,27.9,27.87,27.8999,400,2021-06-01 17:23:00,PRTA
27.9,27.9,27.9,27.9,100,2021-06-01 17:24:00,PRTA
27.85,27.85,27.85,27.85,100,2021-06-01 17:25:00,PRTA
27.8319,27.8319,27.8319,27.8319,118,2021-06-01 17:26:00,PRTA
27.91,27.91,27.91,27.91,300,2021-06-01 17:29:00,PRTA
27.91,27.91,27.91,27.91,100,2021-06-01 17:30:00,PRTA
27.86,27.93,27.86,27.9,800,2021-06-01 17:31:00,PRTA
27.89,27.89,27.89,27.89,100,2021-06-01 17:32:00,PRTA
27.9,28.02,27.9,28.02,800,2021-06-01 17:33:00,PRTA
27.9,27.92,27.9,27.92,300,2021-06-01 17:35:00,PRTA
27.88,27.88,27.77,27.78,1774,2021-06-01 17:37:00,PRTA
27.7711,27.775,27.75,27.775,689,2021-06-01 17:38:00,PRTA
27.78,27.78,27.67,27.67,941,2021-06-01 17:39:00,PRTA
27.72,27.79,27.72,27.73,600,2021-06-01 17:40:00,PRTA
27.745,27.745,27.745,27.745,100,2021-06-01 17:41:00,PRTA
27.6998,27.6998,27.6998,27.6998,150,2021-06-01 17:42:00,PRTA
27.68,27.7899,27.68,27.7899,200,2021-06-01 17:43:00,PRTA
27.7,27.7,27.7,27.7,300,2021-06-01 17:44:00,PRTA
27.77,27.77,27.63,27.77,500,2021-06-01 17:47:00,PRTA
27.8,27.84,27.8,27.84,300,2021-06-01 17:49:00,PRTA
27.84,27.84,27.84,27.84,100,2021-06-01 17:50:00,PRTA
27.84,27.87,27.81,27.87,500,2021-06-01 17:51:00,PRTA
27.84,27.84,27.75,27.81,1600,2021-06-01 17:52:00,PRTA
27.75,27.75,27.75,27.75,200,2021-06-01 17:53:00,PRTA
27.69,27.69,27.69,27.69,100,2021-06-01 17:54:00,PRTA
27.73,27.73,27.73,27.73,100,2021-06-01 17:55:00,PRTA
27.74,27.74,27.73,27.73,400,2021-06-01 17:56:00,PRTA
27.75,27.75,27.68,27.68,1750,2021-06-01 17:57:00,PRTA
27.675,27.69,27.675,27.69,200,2021-06-01 17:59:00,PRTA
27.69,27.69,27.69,27.69,200,2021-06-01 18:01:00,PRTA
27.66,27.695,27.66,27.69,500,2021-06-01 18:02:00,PRTA
27.65,27.65,27.63,27.63,300,2021-06-01 18:03:00,PRTA
27.605,27.605,27.605,27.605,200,2021-06-01 18:04:00,PRTA
27.605,27.605,27.605,27.605,150,2021-06-01 18:05:00,PRTA
27.6,27.6,27.6,27.6,300,2021-06-01 18:06:00,PRTA
27.6,27.6,27.6,27.6,100,2021-06-01 18:07:00,PRTA
27.5701,27.5701,27.57,27.57,290,2021-06-01 18:08:00,PRTA
27.6,27.65,27.58,27.59,1300,2021-06-01 18:09:00,PRTA
27.64,27.64,27.64,27.64,100,2021-06-01 18:10:00,PRTA
27.56,27.56,27.56,27.56,100,2021-06-01 18:12:00,PRTA
27.61,27.61,27.61,27.61,100,2021-06-01 18:14:00,PRTA
27.61,27.61,27.6,27.6,200,2021-06-01 18:15:00,PRTA
27.59,27.59,27.59,27.59,1000,2021-06-01 18:16:00,PRTA
27.61,27.61,27.59,27.59,600,2021-06-01 18:17:00,PRTA
27.64,27.64,27.64,27.64,200,2021-06-01 18:18:00,PRTA
27.57,27.6,27.57,27.6,600,2021-06-01 18:20:00,PRTA
27.57,27.57,27.57,27.57,305,2021-06-01 18:21:00,PRTA
27.57,27.57,27.57,27.57,100,2021-06-01 18:22:00,PRTA
27.56,27.58,27.56,27.56,400,2021-06-01 18:23:00,PRTA
27.545,27.545,27.545,27.545,100,2021-06-01 18:24:00,PRTA
27.51,27.5198,27.39,27.39,3460,2021-06-01 18:25:00,PRTA
27.445,27.445,27.38,27.44,1034,2021-06-01 18:26:00,PRTA
27.4,27.41,27.25,27.385,5235,2021-06-01 18:27:00,PRTA
27.33,27.35,27.33,27.35,200,2021-06-01 18:28:00,PRTA
27.385,27.385,27.26,27.285,2861,2021-06-01 18:29:00,PRTA
27.29,27.31,27.24,27.295,600,2021-06-01 18:30:00,PRTA
27.31,27.31,27.31,27.31,238,2021-06-01 18:31:00,PRTA
27.31,27.31,27.31,27.31,257,2021-06-01 18:32:00,PRTA
27.305,27.305,27.23,27.305,900,2021-06-01 18:34:00,PRTA
27.25,27.25,27.25,27.25,100,2021-06-01 18:35:00,PRTA
27.3,27.3,27.3,27.3,1700,2021-06-01 18:36:00,PRTA
27.29,27.31,27.17,27.31,1661,2021-06-01 18:37:00,PRTA
27.24,27.2574,27.24,27.25,836,2021-06-01 18:38:00,PRTA
27.24,27.24,27.24,27.24,200,2021-06-01 18:39:00,PRTA
27.24,27.31,27.24,27.31,200,2021-06-01 18:40:00,PRTA
27.31,27.31,27.2,27.2,1500,2021-06-01 18:41:00,PRTA
27.21,27.31,27.21,27.26,500,2021-06-01 18:42:00,PRTA
27.25,27.275,27.21,27.275,1080,2021-06-01 18:43:00,PRTA
27.22,27.22,27.18,27.18,300,2021-06-01 18:44:00,PRTA
27.18,27.18,27.18,27.18,151,2021-06-01 18:45:00,PRTA
27.23,27.28,27.23,27.28,800,2021-06-01 18:46:00,PRTA
27.27,27.32,27.27,27.27,1600,2021-06-01 18:47:00,PRTA
27.3,27.35,27.28,27.28,929,2021-06-01 18:48:00,PRTA
27.31,27.31,27.31,27.31,500,2021-06-01 18:49:00,PRTA
27.33,27.33,27.3,27.33,300,2021-06-01 18:50:00,PRTA
27.33,27.33,27.33,27.33,300,2021-06-01 18:51:00,PRTA
27.35,27.35,27.29,27.29,300,2021-06-01 18:52:00,PRTA
27.44,27.44,27.44,27.44,200,2021-06-01 18:55:00,PRTA
27.45,27.49,27.45,27.49,400,2021-06-01 18:56:00,PRTA
27.46,27.49,27.45,27.49,500,2021-06-01 18:57:00,PRTA
27.5,27.5,27.45,27.45,604,2021-06-01 18:58:00,PRTA
27.5,27.5,27.5,27.5,100,2021-06-01 19:00:00,PRTA
27.5,27.58,27.5,27.57,500,2021-06-01 19:01:00,PRTA
27.53,27.63,27.53,27.63,500,2021-06-01 19:02:00,PRTA
27.65,27.69,27.65,27.69,200,2021-06-01 19:04:00,PRTA
27.71,27.8,27.71,27.8,400,2021-06-01 19:05:00,PRTA
27.73,27.73,27.67,27.67,300,2021-06-01 19:07:00,PRTA
27.72,27.72,27.65,27.685,1500,2021-06-01 19:11:00,PRTA
27.67,27.67,27.67,27.67,100,2021-06-01 19:13:00,PRTA
27.685,27.685,27.685,27.685,200,2021-06-01 19:14:00,PRTA
27.65,27.65,27.65,27.65,400,2021-06-01 19:18:00,PRTA
27.66,27.66,27.66,27.66,100,2021-06-01 19:19:00,PRTA
27.65,27.75,27.64,27.715,1360,2021-06-01 19:20:00,PRTA
27.69,27.715,27.66,27.66,962,2021-06-01 19:21:00,PRTA
27.65,27.65,27.65,27.65,100,2021-06-01 19:22:00,PRTA
27.7048,27.7048,27.65,27.685,854,2021-06-01 19:23:00,PRTA
27.65,27.67,27.62,27.67,600,2021-06-01 19:25:00,PRTA
27.67,27.67,27.67,27.67,100,2021-06-01 19:27:00,PRTA
27.67,27.69,27.67,27.69,300,2021-06-01 19:28:00,PRTA
27.68,27.695,27.66,27.66,600,2021-06-01 19:29:00,PRTA
27.65,27.65,27.61,27.61,447,2021-06-01 19:30:00,PRTA
27.59,27.61,27.59,27.61,200,2021-06-01 19:32:00,PRTA
27.61,27.61,27.61,27.61,300,2021-06-01 19:33:00,PRTA
27.61,27.64,27.61,27.61,800,2021-06-01 19:34:00,PRTA
27.59,27.65,27.59,27.65,500,2021-06-01 19:35:00,PRTA
27.635,27.655,27.62,27.64,1731,2021-06-01 19:36:00,PRTA
27.63,27.63,27.615,27.615,200,2021-06-01 19:37:00,PRTA
27.615,27.615,27.615,27.615,100,2021-06-01 19:38:00,PRTA
27.63,27.63,27.47,27.47,3229,2021-06-01 19:39:00,PRTA
27.44,27.49,27.44,27.48,928,2021-06-01 19:40:00,PRTA
27.49,27.49,27.49,27.49,100,2021-06-01 19:41:00,PRTA
27.49,27.49,27.46,27.46,890,2021-06-01 19:42:00,PRTA
27.475,27.5,27.47,27.49,703,2021-06-01 19:43:00,PRTA
27.485,27.485,27.485,27.485,300,2021-06-01 19:44:00,PRTA
27.5,27.515,27.5,27.5,1580,2021-06-01 19:45:00,PRTA
27.49,27.51,27.49,27.51,300,2021-06-01 19:46:00,PRTA
27.51,27.51,27.51,27.51,500,2021-06-01 19:47:00,PRTA
27.53,27.56,27.49,27.56,2170,2021-06-01 19:48:00,PRTA
27.57,27.57,27.54,27.54,1100,2021-06-01 19:49:00,PRTA
27.52,27.53,27.4582,27.48,11199,2021-06-01 19:50:00,PRTA
27.465,27.465,27.45,27.45,500,2021-06-01 19:51:00,PRTA
27.46,27.46,27.405,27.405,1368,2021-06-01 19:52:00,PRTA
27.4,27.4,27.38,27.38,1773,2021-06-01 19:53:00,PRTA
27.38,27.41,27.31,27.33,2561,2021-06-01 19:54:00,PRTA
27.32,27.3516,27.32,27.32,2467,2021-06-01 19:55:00,PRTA
27.32,27.4,27.29,27.4,2574,2021-06-01 19:56:00,PRTA
27.375,27.4,27.35,27.4,2318,2021-06-01 19:57:00,PRTA
27.4,27.5,27.37,27.5,5125,2021-06-01 19:58:00,PRTA
27.465,27.52,27.46,27.49,3906,2021-06-01 19:59:00,PRTA
27.44,27.44,27.44,27.44,39341,2021-06-01 20:00:00,PRTA
27.57,27.57,27.5,27.5,4233,2021-06-02 13:30:00,PRTA
27.87,27.87,27.87,27.87,100,2021-06-02 13:31:00,PRTA
27.5,27.5,27.5,27.5,1000,2021-06-02 13:34:00,PRTA
27.5,27.5,27.5,27.5,100,2021-06-02 13:35:00,PRTA
27.5,27.63,27.5,27.63,200,2021-06-02 13:36:00,PRTA
27.565,27.565,27.565,27.565,100,2021-06-02 13:37:00,PRTA
27.535,27.54,27.535,27.54,300,2021-06-02 13:39:00,PRTA
27.42,27.56,27.42,27.56,200,2021-06-02 13:40:00,PRTA
27.57,27.57,27.57,27.57,115,2021-06-02 13:42:00,PRTA
27.625,27.625,27.625,27.625,100,2021-06-02 13:43:00,PRTA
27.7103,27.7103,27.7103,27.7103,250,2021-06-02 13:47:00,PRTA
27.63,27.63,27.63,27.63,200,2021-06-02 13:48:00,PRTA
27.75,27.75,27.75,27.75,100,2021-06-02 13:50:00,PRTA
27.76,27.76,27.76,27.76,100,2021-06-02 13:54:00,PRTA
27.83,27.83,27.83,27.83,100,2021-06-02 13:55:00,PRTA
27.8,27.8,27.8,27.8,100,2021-06-02 13:56:00,PRTA
27.655,27.655,27.655,27.655,100,2021-06-02 13:57:00,PRTA
27.69,27.69,27.69,27.69,100,2021-06-02 14:00:00,PRTA
27.77,27.77,27.77,27.77,100,2021-06-02 14:05:00,PRTA
27.685,27.685,27.685,27.685,100,2021-06-02 14:10:00,PRTA
27.685,27.685,27.61,27.61,646,2021-06-02 14:12:00,PRTA
27.63,27.63,27.63,27.63,159,2021-06-02 14:16:00,PRTA
27.62,27.62,27.62,27.62,100,2021-06-02 14:22:00,PRTA
27.61,27.63,27.5,27.5167,900,2021-06-02 14:25:00,PRTA
27.5,27.52,27.5,27.52,497,2021-06-02 14:26:00,PRTA
27.45,27.45,27.45,27.45,100,2021-06-02 14:28:00,PRTA
27.52,27.52,27.45,27.45,200,2021-06-02 14:29:00,PRTA
27.45,27.45,27.45,27.45,300,2021-06-02 14:36:00,PRTA
27.42,27.42,27.29,27.32,300,2021-06-02 14:39:00,PRTA
27.5018,27.5018,27.5018,27.5018,300,2021-06-02 14:45:00,PRTA
27.415,27.415,27.415,27.415,100,2021-06-02 14:46:00,PRTA
27.445,27.59,27.445,27.52,3100,2021-06-02 14:50:00,PRTA
27.565,27.565,27.565,27.565,100,2021-06-02 14:53:00,PRTA
27.59,27.59,27.59,27.59,200,2021-06-02 15:00:00,PRTA
27.56,27.56,27.56,27.56,100,2021-06-02 15:05:00,PRTA
27.595,27.595,27.595,27.595,100,2021-06-02 15:13:00,PRTA
27.71,27.71,27.71,27.71,100,2021-06-02 15:16:00,PRTA
27.645,27.645,27.645,27.645,100,2021-06-02 15:22:00,PRTA
27.695,27.695,27.695,27.695,100,2021-06-02 15:24:00,PRTA
27.6,27.6,27.595,27.595,200,2021-06-02 15:27:00,PRTA
27.68,27.68,27.595,27.595,200,2021-06-02 15:31:00,PRTA
27.595,27.68,27.595,27.68,200,2021-06-02 15:32:00,PRTA
27.595,27.68,27.595,27.68,200,2021-06-02 15:35:00,PRTA
27.595,27.595,27.59,27.59,200,2021-06-02 15:36:00,PRTA
27.59,27.59,27.59,27.59,100,2021-06-02 15:37:00,PRTA
27.68,27.68,27.68,27.68,100,2021-06-02 15:38:00,PRTA
27.59,27.59,27.59,27.59,100,2021-06-02 15:39:00,PRTA
27.59,27.59,27.59,27.59,100,2021-06-02 15:40:00,PRTA
27.59,27.59,27.59,27.59,100,2021-06-02 15:43:00,PRTA
27.66,27.66,27.66,27.66,100,2021-06-02 15:44:00,PRTA
27.59,27.59,27.59,27.59,200,2021-06-02 15:45:00,PRTA
27.64,27.64,27.525,27.525,1409,2021-06-02 15:46:00,PRTA
27.465,27.465,27.465,27.465,100,2021-06-02 15:47:00,PRTA
27.46,27.46,27.46,27.46,100,2021-06-02 15:48:00,PRTA
27.46,27.46,27.46,27.46,100,2021-06-02 15:49:00,PRTA
27.46,27.46,27.46,27.46,100,2021-06-02 15:51:00,PRTA
27.46,27.46,27.46,27.46,100,2021-06-02 15:52:00,PRTA
27.46,27.46,27.46,27.46,100,2021-06-02 15:54:00,PRTA
27.54,27.54,27.47,27.47,200,2021-06-02 15:58:00,PRTA
27.46,27.46,27.46,27.46,100,2021-06-02 15:59:00,PRTA
27.54,27.54,27.54,27.54,100,2021-06-02 16:00:00,PRTA
27.46,27.46,27.3,27.3,4130,2021-06-02 16:01:00,PRTA
27.305,27.305,27.305,27.305,100,2021-06-02 16:02:00,PRTA
27.3,27.305,27.3,27.305,300,2021-06-02 16:03:00,PRTA
27.3,27.3,27.3,27.3,300,2021-06-02 16:04:00,PRTA
27.3,27.3,27.2,27.2,959,2021-06-02 16:05:00,PRTA
27.17,27.17,27.165,27.165,200,2021-06-02 16:07:00,PRTA
27.16,27.16,27.16,27.16,200,2021-06-02 16:08:00,PRTA
27.28,27.3726,27.16,27.16,1079,2021-06-02 16:09:00,PRTA
27.17,27.17,27.17,27.17,100,2021-06-02 16:14:00,PRTA
27.17,27.17,27.17,27.17,100,2021-06-02 16:15:00,PRTA
27.28,27.285,27.175,27.175,300,2021-06-02 16:18:00,PRTA
27.275,27.275,27.275,27.275,100,2021-06-02 16:19:00,PRTA
27.175,27.175,27.175,27.175,100,2021-06-02 16:20:00,PRTA
27.185,27.185,27.185,27.185,100,2021-06-02 16:22:00,PRTA
27.18,27.18,27.18,27.18,100,2021-06-02 16:24:00,PRTA
27.25,27.25,27.18,27.18,4524,2021-06-02 16:25:00,PRTA
27.29,27.29,27.27,27.27,300,2021-06-02 16:26:00,PRTA
27.23,27.23,27.23,27.23,100,2021-06-02 16:27:00,PRTA
27.29,27.29,27.29,27.29,100,2021-06-02 16:28:00,PRTA
27.29,27.36,27.29,27.36,400,2021-06-02 16:29:00,PRTA
27.42,27.43,27.42,27.43,900,2021-06-02 16:30:00,PRTA
27.41,27.54,27.41,27.54,1891,2021-06-02 16:34:00,PRTA
27.56,27.56,27.56,27.56,400,2021-06-02 16:35:00,PRTA
27.585,27.585,27.585,27.585,100,2021-06-02 16:38:00,PRTA
27.52,27.52,27.52,27.52,200,2021-06-02 16:42:00,PRTA
27.585,27.585,27.585,27.585,100,2021-06-02 16:44:00,PRTA
27.585,27.585,27.585,27.585,100,2021-06-02 16:45:00,PRTA
27.52,27.52,27.52,27.52,200,2021-06-02 16:46:00,PRTA
27.585,27.92,27.585,27.92,11398,2021-06-02 16:49:00,PRTA
27.82,27.82,27.82,27.82,100,2021-06-02 16:50:00,PRTA
27.82,27.92,27.82,27.87,5900,2021-06-02 16:51:00,PRTA
27.865,27.865,27.865,27.865,100,2021-06-02 16:52:00,PRTA
27.8,27.8,27.8,27.8,100,2021-06-02 16:53:00,PRTA
27.8,27.8,27.8,27.8,100,2021-06-02 16:56:00,PRTA
27.805,27.805,27.805,27.805,100,2021-06-02 16:58:00,PRTA
27.96,27.96,27.8,27.8,800,2021-06-02 16:59:00,PRTA
27.965,27.965,27.965,27.965,100,2021-06-02 17:00:00,PRTA
27.885,27.995,27.885,27.995,600,2021-06-02 17:01:00,PRTA
27.98,27.98,27.98,27.98,100,2021-06-02 17:03:00,PRTA
28.08,28.08,28.08,28.08,200,2021-06-02 17:06:00,PRTA
28.15,28.15,28.14,28.14,869,2021-06-02 17:09:00,PRTA
28.07,28.07,28.07,28.07,290,2021-06-02 17:12:00,PRTA
28.02,28.055,27.975,27.975,400,2021-06-02 17:13:00,PRTA
27.975,27.975,27.925,27.925,900,2021-06-02 17:17:00,PRTA
28.0,28.0,28.0,28.0,100,2021-06-02 17:18:00,PRTA
27.93,27.93,27.92,27.92,200,2021-06-02 17:21:00,PRTA
27.92,27.92,27.92,27.92,100,2021-06-02 17:22:00,PRTA
27.8,27.8,27.8,27.8,600,2021-06-02 17:23:00,PRTA
27.88,27.88,27.84,27.84,200,2021-06-02 17:25:00,PRTA
27.81,27.81,27.81,27.81,100,2021-06-02 17:29:00,PRTA
27.82,27.82,27.82,27.82,100,2021-06-02 17:30:00,PRTA
27.885,27.885,27.885,27.885,100,2021-06-02 17:32:00,PRTA
27.885,27.885,27.81,27.81,200,2021-06-02 17:33:00,PRTA
27.81,27.81,27.81,27.81,100,2021-06-02 17:34:00,PRTA
27.81,27.81,27.81,27.81,100,2021-06-02 17:40:00,PRTA
27.8,27.8,27.8,27.8,100,2021-06-02 17:41:00,PRTA
27.8,27.8,27.8,27.8,999,2021-06-02 17:43:00,PRTA
27.835,27.835,27.835,27.835,400,2021-06-02 17:45:00,PRTA
27.8,27.87,27.8,27.87,1645,2021-06-02 17:46:00,PRTA
27.8,27.8,27.8,27.8,100,2021-06-02 17:47:00,PRTA
27.8,27.84,27.8,27.8,1703,2021-06-02 17:48:00,PRTA
27.835,27.835,27.8,27.8,700,2021-06-02 17:49:00,PRTA
27.81,27.87,27.81,27.87,1500,2021-06-02 17:50:00,PRTA
27.85,27.85,27.85,27.85,100,2021-06-02 17:51:00,PRTA
27.91,27.91,27.91,27.91,200,2021-06-02 17:54:00,PRTA
27.855,27.855,27.855,27.855,100,2021-06-02 17:56:00,PRTA
27.85,27.85,27.85,27.85,240,2021-06-02 17:57:00,PRTA
27.81,27.81,27.81,27.81,100,2021-06-02 17:59:00,PRTA
27.805,27.805,27.805,27.805,100,2021-06-02 18:00:00,PRTA
27.8,27.89,27.8,27.89,200,2021-06-02 18:01:00,PRTA
27.815,27.82,27.8,27.8,600,2021-06-02 18:05:00,PRTA
27.845,27.89,27.845,27.86,1560,2021-06-02 18:08:00,PRTA
27.81,27.81,27.81,27.81,300,2021-06-02 18:09:00,PRTA
27.81,27.885,27.81,27.885,500,2021-06-02 18:10:00,PRTA
27.85,27.85,27.85,27.85,200,2021-06-02 18:11:00,PRTA
27.89,27.89,27.845,27.89,1100,2021-06-02 18:12:00,PRTA
27.805,27.805,27.805,27.805,100,2021-06-02 18:16:00,PRTA
27.86,27.86,27.86,27.86,100,2021-06-02 18:17:00,PRTA
27.8,27.8,27.8,27.8,200,2021-06-02 18:18:00,PRTA
27.8,27.8,27.8,27.8,100,2021-06-02 18:20:00,PRTA
27.8,27.8,27.8,27.8,100,2021-06-02 18:22:00,PRTA
27.8416,27.8416,27.8416,27.8416,200,2021-06-02 18:23:00,PRTA
27.86,27.86,27.86,27.86,100,2021-06-02 18:24:00,PRTA
27.81,27.81,27.81,27.81,100,2021-06-02 18:26:00,PRTA
27.805,27.92,27.805,27.905,900,2021-06-02 18:31:00,PRTA
27.85,27.85,27.85,27.85,100,2021-06-02 18:33:00,PRTA
27.85,27.85,27.85,27.85,100,2021-06-02 18:35:00,PRTA
27.85,27.85,27.85,27.85,225,2021-06-02 18:36:00,PRTA
27.92,28.005,27.92,28.005,700,2021-06-02 18:44:00,PRTA
27.97,27.97,27.96,27.97,1294,2021-06-02 18:45:00,PRTA
28.02,28.02,28.02,28.02,100,2021-06-02 18:46:00,PRTA
27.89,27.89,27.88,27.88,300,2021-06-02 18:48:00,PRTA
28.02,28.02,28.02,28.02,100,2021-06-02 18:50:00,PRTA
27.88,28.015,27.88,28.01,350,2021-06-02 18:59:00,PRTA
27.9,27.9,27.9,27.9,200,2021-06-02 19:00:00,PRTA
27.925,27.925,27.87,27.87,400,2021-06-02 19:01:00,PRTA
27.98,28.0,27.93,27.93,500,2021-06-02 19:05:00,PRTA
27.945,27.945,27.945,27.945,100,2021-06-02 19:06:00,PRTA
27.88,27.88,27.87,27.87,200,2021-06-02 19:07:00,PRTA
27.84,27.84,27.84,27.84,300,2021-06-02 19:09:00,PRTA
27.83,27.83,27.83,27.83,100,2021-06-02 19:10:00,PRTA
27.88,27.88,27.88,27.88,1100,2021-06-02 19:11:00,PRTA
27.905,27.905,27.905,27.905,100,2021-06-02 19:12:00,PRTA
27.905,27.905,27.905,27.905,100,2021-06-02 19:13:00,PRTA
27.96,27.97,27.905,27.905,400,2021-06-02 19:14:00,PRTA
27.92,27.92,27.92,27.92,200,2021-06-02 19:17:00,PRTA
27.87,27.87,27.87,27.87,100,2021-06-02 19:18:00,PRTA
27.87,27.87,27.87,27.87,200,2021-06-02 19:19:00,PRTA
27.895,27.895,27.895,27.895,100,2021-06-02 19:20:00,PRTA
27.85,27.85,27.85,27.85,242,2021-06-02 19:23:00,PRTA
27.83,27.83,27.82,27.82,200,2021-06-02 19:24:00,PRTA
27.86,27.9,27.86,27.9,1300,2021-06-02 19:26:00,PRTA
27.825,27.825,27.825,27.825,100,2021-06-02 19:31:00,PRTA
27.82,28.05,27.82,28.05,6693,2021-06-02 19:32:00,PRTA
28.05,28.1,28.0,28.09,4102,2021-06-02 19:33:00,PRTA
28.08,28.08,28.08,28.08,200,2021-06-02 19:34:00,PRTA
28.12,28.12,28.12,28.12,100,2021-06-02 19:35:00,PRTA
28.12,28.13,28.12,28.125,600,2021-06-02 19:36:00,PRTA
28.13,28.13,28.1,28.1,1100,2021-06-02 19:37:00,PRTA
28.05,28.05,28.05,28.05,100,2021-06-02 19:39:00,PRTA
28.069,28.1,28.05,28.06,10900,2021-06-02 19:40:00,PRTA
28.1,28.1,28.1,28.1,100,2021-06-02 19:41:00,PRTA
28.05,28.05,28.05,28.05,100,2021-06-02 19:42:00,PRTA
28.05,28.05,28.05,28.05,100,2021-06-02 19:43:00,PRTA
28.05,28.05,28.05,28.05,100,2021-06-02 19:44:00,PRTA
28.05,28.1,28.05,28.1,200,2021-06-02 19:45:00,PRTA
28.05,28.1,28.05,28.09,852,2021-06-02 19:46:00,PRTA
28.05,28.09,28.05,28.05,790,2021-06-02 19:47:00,PRTA
28.09,28.15,28.09,28.11,3238,2021-06-02 19:48:00,PRTA
28.18,28.18,28.1,28.1,1829,2021-06-02 19:50:00,PRTA
28.125,28.13,28.1,28.13,1510,2021-06-02 19:51:00,PRTA
28.12,28.2,28.12,28.2,1519,2021-06-02 19:52:00,PRTA
28.19,28.19,28.19,28.19,100,2021-06-02 19:53:00,PRTA
28.12,28.21,28.12,28.165,1868,2021-06-02 19:54:00,PRTA
28.16,28.23,28.16,28.16,2400,2021-06-02 19:55:00,PRTA
28.22,28.28,28.1925,28.22,1760,2021-06-02 19:56:00,PRTA
28.16,28.28,28.16,28.22,518,2021-06-02 19:57:00,PRTA
28.26,28.28,28.215,28.25,3088,2021-06-02 19:58:00,PRTA
28.24,28.26,28.13,28.15,11142,2021-06-02 19:59:00,PRTA
28.12,28.12,28.12,28.12,21654,2021-06-02 20:00:00,PRTA
28.8,28.8,28.5,28.5,200,2021-06-03 11:36:00,PRTA
28.82,28.82,28.82,28.82,100,2021-06-03 11:38:00,PRTA
30.51,30.51,30.51,30.51,100,2021-06-03 11:49:00,PRTA
30.84,30.84,30.84,30.84,100,2021-06-03 11:50:00,PRTA
30.01,30.01,30.01,30.01,100,2021-06-03 13:20:00,PRTA
29.85,29.85,28.82,28.93,998,2021-06-03 13:29:00,PRTA
28.49,29.88,28.48,28.7769,8489,2021-06-03 13:30:00,PRTA
28.839,28.839,28.6065,28.6065,800,2021-06-03 13:31:00,PRTA
28.66,29.08,28.66,28.905,5585,2021-06-03 13:33:00,PRTA
29.08,29.48,28.99,29.255,700,2021-06-03 13:34:00,PRTA
28.9701,29.235,28.9701,29.235,800,2021-06-03 13:35:00,PRTA
29.38,29.38,29.16,29.16,600,2021-06-03 13:36:00,PRTA
29.3,29.3,29.3,29.3,100,2021-06-03 13:37:00,PRTA
29.05,29.05,29.05,29.05,600,2021-06-03 13:38:00,PRTA
28.88,28.9,28.87,28.88,600,2021-06-03 13:40:00,PRTA
28.86,28.86,28.75,28.75,5162,2021-06-03 13:42:00,PRTA
28.69,28.8,28.665,28.8,2300,2021-06-03 13:43:00,PRTA
28.71,28.71,28.6,28.6,200,2021-06-03 13:44:00,PRTA
28.53,28.53,28.53,28.53,100,2021-06-03 13:46:00,PRTA
28.51,28.51,28.51,28.51,100,2021-06-03 13:47:00,PRTA
28.5,28.51,28.21,28.21,6834,2021-06-03 13:48:00,PRTA
28.41,28.41,28.41,28.41,210,2021-06-03 13:49:00,PRTA
28.405,28.405,28.405,28.405,100,2021-06-03 13:50:00,PRTA
28.2,28.53,28.2,28.53,800,2021-06-03 13:51:00,PRTA
28.2,28.2,28.2,28.2,100,2021-06-03 13:52:00,PRTA
28.22,28.22,28.21,28.21,200,2021-06-03 13:54:00,PRTA
28.21,28.21,28.21,28.21,100,2021-06-03 13:55:00,PRTA
28.355,28.355,28.355,28.355,100,2021-06-03 13:56:00,PRTA
28.28,28.28,28.28,28.28,100,2021-06-03 13:58:00,PRTA
28.31,28.31,28.31,28.31,100,2021-06-03 14:00:00,PRTA
28.21,28.21,28.21,28.21,100,2021-06-03 14:01:00,PRTA
28.22,28.4,28.22,28.39,705,2021-06-03 14:03:00,PRTA
28.43,28.43,28.43,28.43,100,2021-06-03 14:04:00,PRTA
28.37,28.37,28.37,28.37,100,2021-06-03 14:05:00,PRTA
28.21,28.35,28.21,28.35,300,2021-06-03 14:07:00,PRTA
28.2101,28.2101,28.2101,28.2101,500,2021-06-03 14:10:00,PRTA
28.41,28.41,28.335,28.335,200,2021-06-03 14:14:00,PRTA
28.43,28.45,28.3875,28.3875,800,2021-06-03 14:15:00,PRTA
28.37,28.37,28.325,28.325,1108,2021-06-03 14:16:00,PRTA
28.5,28.6,28.5,28.51,300,2021-06-03 14:19:00,PRTA
28.49,28.56,28.38,28.455,1305,2021-06-03 14:20:00,PRTA
28.37,28.3995,28.33,28.3995,900,2021-06-03 14:21:00,PRTA
28.39,28.56,28.36,28.3911,904,2021-06-03 14:22:00,PRTA
28.54,28.7,28.54,28.56,1500,2021-06-03 14:23:00,PRTA
28.43,28.43,28.3,28.4,511,2021-06-03 14:24:00,PRTA
28.34,28.36,28.34,28.36,200,2021-06-03 14:25:00,PRTA
28.36,28.395,28.3,28.365,2174,2021-06-03 14:26:00,PRTA
28.42,28.5,28.42,28.5,700,2021-06-03 14:27:00,PRTA
28.48,28.525,28.42,28.52,2133,2021-06-03 14:28:00,PRTA
28.38,28.38,28.38,28.38,200,2021-06-03 14:29:00,PRTA
28.39,28.52,28.39,28.51,1876,2021-06-03 14:30:00,PRTA
28.7,28.7,28.7,28.7,100,2021-06-03 14:31:00,PRTA
28.64,28.64,28.515,28.515,300,2021-06-03 14:32:00,PRTA
28.4,28.505,28.4,28.48,300,2021-06-03 14:33:00,PRTA
28.51,28.62,28.48,28.55,1700,2021-06-03 14:34:00,PRTA
28.67,28.67,28.67,28.67,100,2021-06-03 14:35:00,PRTA
28.57,28.57,28.57,28.57,100,2021-06-03 14:37:00,PRTA
28.5,28.5,28.42,28.42,345,2021-06-03 14:40:00,PRTA
28.525,28.525,28.525,28.525,100,2021-06-03 14:49:00,PRTA
28.47,28.47,28.47,28.47,100,2021-06-03 14:53:00,PRTA
28.48,28.48,28.355,28.355,413,2021-06-03 14:57:00,PRTA
28.45,28.45,28.45,28.45,100,2021-06-03 14:58:00,PRTA
28.45,28.66,28.445,28.56,10394,2021-06-03 15:03:00,PRTA
28.53,28.53,28.53,28.53,600,2021-06-03 15:04:00,PRTA
28.56,28.56,28.56,28.56,100,2021-06-03 15:05:00,PRTA
28.59,28.59,28.59,28.59,100,2021-06-03 15:06:00,PRTA
28.66,28.66,28.66,28.66,100,2021-06-03 15:07:00,PRTA
28.58,28.58,28.45,28.45,505,2021-06-03 15:08:00,PRTA
28.39,28.39,28.39,28.39,100,2021-06-03 15:11:00,PRTA
28.45,28.52,28.43,28.52,1000,2021-06-03 15:12:00,PRTA
28.55,28.55,28.55,28.55,400,2021-06-03 15:13:00,PRTA
28.5,28.54,28.5,28.5,983,2021-06-03 15:14:00,PRTA
28.43,28.43,28.43,28.43,100,2021-06-03 15:15:00,PRTA
28.4,28.4,28.4,28.4,200,2021-06-03 15:16:00,PRTA
28.4,28.45,28.4,28.43,1794,2021-06-03 15:17:00,PRTA
28.45,28.47,28.41,28.41,2502,2021-06-03 15:18:00,PRTA
28.44,28.44,28.44,28.44,200,2021-06-03 15:19:00,PRTA
28.45,28.46,28.425,28.425,1808,2021-06-03 15:24:00,PRTA
28.39,28.39,28.36,28.36,300,2021-06-03 15:25:00,PRTA
28.3,28.3,28.3,28.3,100,2021-06-03 15:27:00,PRTA
28.34,28.34,28.3,28.31,2031,2021-06-03 15:30:00,PRTA
28.3,28.35,28.3,28.35,3087,2021-06-03 15:31:00,PRTA
28.2801,28.2801,28.2801,28.2801,178,2021-06-03 15:32:00,PRTA
28.28,28.28,28.28,28.28,100,2021-06-03 15:41:00,PRTA
28.29,28.29,28.15,28.15,2156,2021-06-03 15:42:00,PRTA
28.205,28.205,28.205,28.205,100,2021-06-03 15:43:00,PRTA
28.15,28.15,28.15,28.15,100,2021-06-03 15:44:00,PRTA
28.205,28.29,28.205,28.22,2180,2021-06-03 15:46:00,PRTA
28.2,28.2,28.2,28.2,100,2021-06-03 15:47:00,PRTA
28.25,28.305,28.25,28.28,1300,2021-06-03 15:49:00,PRTA
28.284,28.284,28.284,28.284,250,2021-06-03 15:53:00,PRTA
28.35,28.35,28.35,28.35,100,2021-06-03 16:02:00,PRTA
28.37,28.37,28.33,28.33,208,2021-06-03 16:06:00,PRTA
28.385,28.385,28.385,28.385,200,2021-06-03 16:08:00,PRTA
28.45,28.45,28.45,28.45,300,2021-06-03 16:11:00,PRTA
28.425,28.425,28.425,28.425,100,2021-06-03 16:18:00,PRTA
28.35,28.35,28.35,28.35,100,2021-06-03 16:20:00,PRTA
28.36,28.36,28.36,28.36,100,2021-06-03 16:23:00,PRTA
28.37,28.37,28.37,28.37,244,2021-06-03 16:25:00,PRTA
28.41,28.41,28.41,28.41,100,2021-06-03 16:28:00,PRTA
28.445,28.445,28.445,28.445,100,2021-06-03 16:29:00,PRTA
28.41,28.41,28.41,28.41,100,2021-06-03 16:31:00,PRTA
28.4,28.4,28.4,28.4,122,2021-06-03 16:34:00,PRTA
28.39,28.39,28.39,28.39,100,2021-06-03 16:35:00,PRTA
28.43,28.44,28.43,28.44,611,2021-06-03 16:37:00,PRTA
28.5,28.5,28.5,28.5,100,2021-06-03 16:38:00,PRTA
28.545,28.545,28.545,28.545,200,2021-06-03 16:41:00,PRTA
28.505,28.555,28.5,28.555,1100,2021-06-03 16:44:00,PRTA
28.45,28.52,28.45,28.51,2240,2021-06-03 16:45:00,PRTA
28.46,28.49,28.45,28.49,535,2021-06-03 16:46:00,PRTA
28.43,28.43,28.43,28.43,100,2021-06-03 16:48:00,PRTA
28.48,28.48,28.48,28.48,200,2021-06-03 16:50:00,PRTA
28.49,28.49,28.49,28.49,200,2021-06-03 16:52:00,PRTA
28.5,28.53,28.5,28.5,503,2021-06-03 16:53:00,PRTA
28.5,28.5,28.5,28.5,500,2021-06-03 16:55:00,PRTA
28.5,28.56,28.5,28.55,2400,2021-06-03 16:56:00,PRTA
28.585,28.585,28.585,28.585,100,2021-06-03 16:59:00,PRTA
28.6,28.6,28.6,28.6,5078,2021-06-03 17:00:00,PRTA
28.46,28.46,28.46,28.46,100,2021-06-03 17:01:00,PRTA
28.65,28.65,28.5561,28.5561,272,2021-06-03 17:02:00,PRTA
28.55,28.62,28.51,28.52,5620,2021-06-03 17:04:00,PRTA
28.65,28.71,28.46,28.71,2579,2021-06-03 17:05:00,PRTA
28.65,28.65,28.65,28.65,100,2021-06-03 17:08:00,PRTA
28.66,28.68,28.48,28.48,2427,2021-06-03 17:09:00,PRTA
28.7,28.7,28.7,28.7,100,2021-06-03 17:10:00,PRTA
28.76,28.88,28.76,28.88,933,2021-06-03 17:12:00,PRTA
28.85,28.85,28.85,28.85,100,2021-06-03 17:13:00,PRTA
28.98,28.98,28.98,28.98,100,2021-06-03 17:14:00,PRTA
28.75,28.75,28.75,28.75,100,2021-06-03 17:16:00,PRTA
28.75,28.75,28.74,28.74,452,2021-06-03 17:17:00,PRTA
28.7747,28.83,28.7747,28.81,1090,2021-06-03 17:19:00,PRTA
28.8167,28.8167,28.8167,28.8167,1000,2021-06-03 17:20:00,PRTA
28.72,28.72,28.72,28.72,100,2021-06-03 17:27:00,PRTA
28.8685,28.8685,28.795,28.795,200,2021-06-03 17:28:00,PRTA
28.83,28.83,28.83,28.83,344,2021-06-03 17:29:00,PRTA
28.87,28.87,28.8452,28.87,400,2021-06-03 17:30:00,PRTA
28.82,28.82,28.82,28.82,100,2021-06-03 17:31:00,PRTA
28.88,28.88,28.88,28.88,2500,2021-06-03 17:33:00,PRTA
28.96,28.96,28.845,28.845,5000,2021-06-03 17:34:00,PRTA
28.85,28.85,28.85,28.85,2500,2021-06-03 17:35:00,PRTA
28.94,28.94,28.94,28.94,200,2021-06-03 17:37:00,PRTA
28.9123,28.9123,28.9123,28.9123,300,2021-06-03 17:39:00,PRTA
28.93,28.97,28.93,28.93,798,2021-06-03 17:40:00,PRTA
28.98,29.005,28.97,29.0,2700,2021-06-03 17:41:00,PRTA
28.965,28.965,28.965,28.965,200,2021-06-03 17:43:00,PRTA
28.9,28.9,28.885,28.885,300,2021-06-03 17:44:00,PRTA
28.92,28.92,28.91,28.91,3342,2021-06-03 17:45:00,PRTA
28.97,28.97,28.97,28.97,200,2021-06-03 17:53:00,PRTA
29.05,29.05,29.05,29.05,100,2021-06-03 17:56:00,PRTA
29.0,29.01,29.0,29.01,200,2021-06-03 17:59:00,PRTA
29.08,29.08,29.08,29.08,200,2021-06-03 18:00:00,PRTA
29.0,29.0387,29.0,29.0387,645,2021-06-03 18:01:00,PRTA
29.01,29.01,29.01,29.01,514,2021-06-03 18:03:00,PRTA
29.03,29.03,29.03,29.03,100,2021-06-03 18:04:00,PRTA
29.05,29.05,29.05,29.05,5067,2021-06-03 18:08:00,PRTA
29.13,29.13,29.05,29.05,400,2021-06-03 18:09:00,PRTA
29.04,29.04,29.04,29.04,200,2021-06-03 18:11:00,PRTA
29.06,29.06,29.0,29.0,300,2021-06-03 18:12:00,PRTA
28.96,28.96,28.95,28.95,200,2021-06-03 18:15:00,PRTA
28.95,28.95,28.95,28.95,925,2021-06-03 18:17:00,PRTA
28.89,28.89,28.89,28.89,100,2021-06-03 18:18:00,PRTA
28.9,28.96,28.9,28.96,200,2021-06-03 18:19:00,PRTA
28.9,28.9,28.89,28.89,200,2021-06-03 18:21:00,PRTA
28.81,28.81,28.77,28.77,300,2021-06-03 18:22:00,PRTA
28.76,28.76,28.76,28.76,100,2021-06-03 18:23:00,PRTA
28.78,28.78,28.77,28.78,700,2021-06-03 18:25:00,PRTA
28.72,28.72,28.72,28.72,100,2021-06-03 18:29:00,PRTA
28.73,28.73,28.72,28.72,200,2021-06-03 18:31:00,PRTA
28.7,28.7,28.7,28.7,100,2021-06-03 18:34:00,PRTA
28.7,28.7,28.68,28.68,617,2021-06-03 18:39:00,PRTA
28.61,28.61,28.61,28.61,100,2021-06-03 18:43:00,PRTA
28.6,28.6,28.6,28.6,100,2021-06-03 18:44:00,PRTA
28.69,28.69,28.69,28.69,100,2021-06-03 18:45:00,PRTA
28.6,28.6,28.6,28.6,100,2021-06-03 18:46:00,PRTA
28.59,28.59,28.59,28.59,100,2021-06-03 18:48:00,PRTA
28.59,28.59,28.59,28.59,100,2021-06-03 18:50:00,PRTA
28.65,28.65,28.63,28.63,816,2021-06-03 18:51:00,PRTA
28.6394,28.71,28.6394,28.71,808,2021-06-03 18:55:00,PRTA
28.66,28.67,28.66,28.67,400,2021-06-03 19:04:00,PRTA
28.68,28.72,28.68,28.72,600,2021-06-03 19:09:00,PRTA
28.87,28.87,28.87,28.87,100,2021-06-03 19:10:00,PRTA
28.8,28.8,28.72,28.72,539,2021-06-03 19:13:00,PRTA
28.74,28.74,28.74,28.74,1016,2021-06-03 19:14:00,PRTA
28.69,28.69,28.69,28.69,100,2021-06-03 19:16:00,PRTA
28.72,28.72,28.72,28.72,100,2021-06-03 19:19:00,PRTA
28.68,28.68,28.68,28.68,100,2021-06-03 19:20:00,PRTA
28.68,28.68,28.68,28.68,100,2021-06-03 19:23:00,PRTA
28.67,28.67,28.67,28.67,100,2021-06-03 19:26:00,PRTA
28.7,28.7,28.65,28.7,1000,2021-06-03 19:29:00,PRTA
28.8,28.8,28.8,28.8,100,2021-06-03 19:30:00,PRTA
28.8,28.8,28.8,28.8,140,2021-06-03 19:34:00,PRTA
28.76,28.76,28.76,28.76,100,2021-06-03 19:37:00,PRTA
28.77,28.85,28.73,28.73,2678,2021-06-03 19:38:00,PRTA
28.73,28.73,28.73,28.73,100,2021-06-03 19:39:00,PRTA
28.75,28.76,28.75,28.75,800,2021-06-03 19:42:00,PRTA
28.78,28.78,28.73,28.73,200,2021-06-03 19:43:00,PRTA
28.73,28.73,28.73,28.73,200,2021-06-03 19:44:00,PRTA
28.74,28.765,28.74,28.765,600,2021-06-03 19:45:00,PRTA
28.7,28.7,28.64,28.64,935,2021-06-03 19:48:00,PRTA
28.6599,28.66,28.6599,28.66,523,2021-06-03 19:49:00,PRTA
28.705,28.76,28.705,28.76,217,2021-06-03 19:50:00,PRTA
28.7361,28.7361,28.7361,28.7361,310,2021-06-03 19:51:00,PRTA
28.68,28.7323,28.68,28.71,572,2021-06-03 19:52:00,PRTA
28.74,28.74,28.74,28.74,100,2021-06-03 19:53:00,PRTA
28.69,28.7371,28.69,28.69,867,2021-06-03 19:54:00,PRTA
28.7383,28.8003,28.7383,28.8003,838,2021-06-03 19:55:00,PRTA
28.73,28.7699,28.72,28.74,2421,2021-06-03 19:56:00,PRTA
28.71,28.7333,28.665,28.69,2518,2021-06-03 19:57:00,PRTA
28.65,28.69,28.65,28.68,2200,2021-06-03 19:58:00,PRTA
28.67,28.7,28.65,28.67,11054,2021-06-03 19:59:00,PRTA
28.68,28.68,28.68,28.68,35748,2021-06-03 20:00:00,PRTA
28.95,29.0,28.95,29.0,1387,2021-06-04 13:30:00,PRTA
29.385,29.385,28.8,28.8,1347,2021-06-04 13:31:00,PRTA
29.19,29.2,28.73,28.95,2684,2021-06-04 13:33:00,PRTA
28.85,29.14,28.85,28.97,923,2021-06-04 13:35:00,PRTA
29.215,29.215,28.855,29.2,1800,2021-06-04 13:36:00,PRTA
29.1,29.1,29.1,29.1,100,2021-06-04 13:38:00,PRTA
28.98,29.24,28.98,28.99,678,2021-06-04 13:39:00,PRTA
29.1,29.1,29.1,29.1,500,2021-06-04 13:40:00,PRTA
29.09,29.09,28.94,28.94,300,2021-06-04 13:41:00,PRTA
28.935,28.935,28.935,28.935,100,2021-06-04 13:42:00,PRTA
28.95,29.02,28.92,29.02,2365,2021-06-04 13:43:00,PRTA
28.95,28.95,28.67,28.935,6572,2021-06-04 13:44:00,PRTA
28.94,29.03,28.94,29.03,300,2021-06-04 13:46:00,PRTA
29.03,29.09,29.03,29.03,300,2021-06-04 13:47:00,PRTA
29.015,29.03,28.96,28.96,1490,2021-06-04 13:48:00,PRTA
28.95,28.95,28.95,28.95,100,2021-06-04 13:49:00,PRTA
28.74,28.91,28.48,28.855,5700,2021-06-04 13:50:00,PRTA
28.81,28.81,28.7672,28.77,300,2021-06-04 13:51:00,PRTA
28.63,28.925,28.63,28.925,600,2021-06-04 13:52:00,PRTA
28.74,28.9,28.72,28.9,1000,2021-06-04 13:53:00,PRTA
28.94,29.025,28.94,29.025,297,2021-06-04 13:54:00,PRTA
28.91,28.91,28.855,28.855,1200,2021-06-04 13:57:00,PRTA
28.95,29.0394,28.9,29.0394,3200,2021-06-04 13:59:00,PRTA
29.025,29.025,28.9134,28.9134,700,2021-06-04 14:02:00,PRTA
28.94,28.97,28.9,28.95,1577,2021-06-04 14:04:00,PRTA
28.8848,28.8848,28.8848,28.8848,300,2021-06-04 14:05:00,PRTA
28.845,28.845,28.845,28.845,100,2021-06-04 14:08:00,PRTA
28.76,28.76,28.75,28.75,200,2021-06-04 14:10:00,PRTA
28.74,28.74,28.72,28.72,400,2021-06-04 14:11:00,PRTA
28.53,28.53,28.5,28.53,2000,2021-06-04 14:12:00,PRTA
28.41,28.59,28.41,28.59,500,2021-06-04 14:13:00,PRTA
28.48,28.64,28.48,28.64,600,2021-06-04 14:15:00,PRTA
28.4,28.4,28.4,28.4,100,2021-06-04 14:20:00,PRTA
28.48,28.5,28.48,28.5,700,2021-06-04 14:21:00,PRTA
28.5,28.5,28.5,28.5,700,2021-06-04 14:22:00,PRTA
28.6,28.795,28.47,28.795,3300,2021-06-04 14:23:00,PRTA
28.795,28.795,28.795,28.795,100,2021-06-04 14:24:00,PRTA
28.71,28.71,28.71,28.71,446,2021-06-04 14:26:00,PRTA
28.63,28.8,28.63,28.8,1300,2021-06-04 14:28:00,PRTA
28.795,28.985,28.795,28.985,7034,2021-06-04 14:29:00,PRTA
28.8,29.23,28.8,29.23,7026,2021-06-04 14:30:00,PRTA
29.23,29.23,28.82,29.195,18537,2021-06-04 14:32:00,PRTA
29.03,29.03,29.03,29.03,200,2021-06-04 14:33:00,PRTA
29.01,29.01,29.01,29.01,400,2021-06-04 14:34:00,PRTA
29.12,29.23,29.12,29.23,1100,2021-06-04 14:37:00,PRTA
29.05,29.05,29.01,29.01,600,2021-06-04 14:39:00,PRTA
29.05,29.05,29.05,29.05,200,2021-06-04 14:40:00,PRTA
29.095,29.18,29.02,29.18,32700,2021-06-04 14:42:00,PRTA
29.05,29.1,29.05,29.06,1600,2021-06-04 14:43:00,PRTA
29.04,29.04,29.04,29.04,100,2021-06-04 14:44:00,PRTA
29.125,29.125,29.125,29.125,100,2021-06-04 14:45:00,PRTA
29.15,29.23,29.15,29.2245,869,2021-06-04 14:46:00,PRTA
29.175,29.23,29.12,29.23,300,2021-06-04 14:47:00,PRTA
29.19,29.2625,29.19,29.2625,1000,2021-06-04 14:48:00,PRTA
29.27,29.325,29.27,29.325,1400,2021-06-04 14:50:00,PRTA
29.19,29.325,29.19,29.325,600,2021-06-04 14:51:00,PRTA
29.29,29.29,29.25,29.25,600,2021-06-04 14:53:00,PRTA
29.22,29.23,29.19,29.22,2900,2021-06-04 14:54:00,PRTA
29.295,29.295,29.19,29.19,700,2021-06-04 14:56:00,PRTA
29.18,29.18,29.18,29.18,1000,2021-06-04 14:57:00,PRTA
29.18,29.18,29.18,29.18,200,2021-06-04 14:59:00,PRTA
29.15,29.15,29.15,29.15,600,2021-06-04 15:00:00,PRTA
29.23,29.23,29.23,29.23,200,2021-06-04 15:04:00,PRTA
29.25,29.307,29.2,29.307,2735,2021-06-04 15:06:00,PRTA
29.33,29.33,29.33,29.33,100,2021-06-04 15:07:00,PRTA
29.29,29.37,29.29,29.36,1100,2021-06-04 15:15:00,PRTA
29.38,29.39,29.36,29.39,1200,2021-06-04 15:16:00,PRTA
29.41,29.435,29.41,29.435,1500,2021-06-04 15:17:00,PRTA
29.44,29.45,29.32,29.32,2000,2021-06-04 15:18:00,PRTA
29.36,29.36,29.36,29.36,200,2021-06-04 15:25:00,PRTA
29.34,29.34,29.34,29.34,229,2021-06-04 15:27:00,PRTA
29.375,29.45,29.34,29.4,2766,2021-06-04 15:28:00,PRTA
29.49,29.49,29.49,29.49,100,2021-06-04 15:29:00,PRTA
29.42,29.455,29.35,29.455,2305,2021-06-04 15:30:00,PRTA
29.425,29.5,29.4,29.47,14784,2021-06-04 15:35:00,PRTA
29.45,29.45,29.45,29.45,100,2021-06-04 15:38:00,PRTA
29.505,29.505,29.505,29.505,600,2021-06-04 15:40:00,PRTA
29.49,29.49,29.49,29.49,1395,2021-06-04 15:41:00,PRTA
29.49,29.49,29.44,29.45,4337,2021-06-04 15:42:00,PRTA
29.41,29.41,29.41,29.41,100,2021-06-04 15:43:00,PRTA
29.4353,29.4353,29.39,29.4,3200,2021-06-04 15:44:00,PRTA
29.31,29.31,29.31,29.31,100,2021-06-04 15:45:00,PRTA
29.31,29.31,29.3,29.3,471,2021-06-04 15:47:00,PRTA
29.19,29.19,29.19,29.19,200,2021-06-04 15:52:00,PRTA
29.19,29.19,29.19,29.19,121,2021-06-04 15:53:00,PRTA
29.17,29.17,29.17,29.17,300,2021-06-04 15:54:00,PRTA
29.06,29.09,29.06,29.075,1100,2021-06-04 15:58:00,PRTA
29.1,29.1,29.035,29.035,400,2021-06-04 16:01:00,PRTA
29.12,29.2,29.1006,29.2,700,2021-06-04 16:12:00,PRTA
29.1,29.25,29.1,29.25,5307,2021-06-04 16:13:00,PRTA
29.21,29.21,29.21,29.21,187,2021-06-04 16:16:00,PRTA
29.21,29.29,29.21,29.29,394,2021-06-04 16:17:00,PRTA
29.29,29.29,29.21,29.21,300,2021-06-04 16:18:00,PRTA
29.21,29.21,29.21,29.21,208,2021-06-04 16:19:00,PRTA
29.21,29.22,29.2,29.2,587,2021-06-04 16:20:00,PRTA
29.2,29.2,29.2,29.2,200,2021-06-04 16:21:00,PRTA
29.2,29.2,29.2,29.2,146,2021-06-04 16:22:00,PRTA
29.2,29.2,29.2,29.2,100,2021-06-04 16:23:00,PRTA
29.23,29.29,29.23,29.27,11914,2021-06-04 16:26:00,PRTA
29.24,29.25,29.2,29.22,3045,2021-06-04 16:27:00,PRTA
29.2,29.32,29.2,29.3,4700,2021-06-04 16:28:00,PRTA
29.34,29.4,29.32,29.35,13937,2021-06-04 16:29:00,PRTA
29.31,29.31,29.31,29.31,100,2021-06-04 16:30:00,PRTA
29.35,29.38,29.3405,29.35,2100,2021-06-04 16:31:00,PRTA
29.35,29.35,29.31,29.31,200,2021-06-04 16:35:00,PRTA
29.35,29.35,29.35,29.35,100,2021-06-04 16:36:00,PRTA
29.35,29.35,29.35,29.35,100,2021-06-04 16:38:00,PRTA
29.33,29.33,29.33,29.33,100,2021-06-04 16:41:00,PRTA
29.35,29.39,29.31,29.38,26200,2021-06-04 16:43:00,PRTA
29.35,29.36,29.31,29.34,899,2021-06-04 16:44:00,PRTA
29.325,29.47,29.325,29.43,16173,2021-06-04 16:45:00,PRTA
29.4,29.425,29.4,29.425,200,2021-06-04 16:50:00,PRTA
29.425,29.445,29.4,29.425,2030,2021-06-04 16:51:00,PRTA
29.41,29.42,29.41,29.42,200,2021-06-04 16:52:00,PRTA
29.41,29.42,29.41,29.41,700,2021-06-04 16:53:00,PRTA
29.41,29.415,29.4,29.41,3496,2021-06-04 16:54:00,PRTA
29.4,29.405,29.385,29.4,4512,2021-06-04 16:55:00,PRTA
29.405,29.43,29.405,29.42,1007,2021-06-04 16:56:00,PRTA
29.415,29.45,29.405,29.44,901,2021-06-04 16:58:00,PRTA
29.43,29.43,29.405,29.405,600,2021-06-04 16:59:00,PRTA
29.4,29.4263,29.4,29.405,919,2021-06-04 17:00:00,PRTA
29.44,29.44,29.415,29.42,500,2021-06-04 17:02:00,PRTA
29.4,29.4,29.4,29.4,100,2021-06-04 17:04:00,PRTA
29.4,29.4,29.4,29.4,400,2021-06-04 17:06:00,PRTA
29.39,29.39,29.39,29.39,100,2021-06-04 17:08:00,PRTA
29.38,29.38,29.38,29.38,100,2021-06-04 17:10:00,PRTA
29.4,29.4,29.38,29.38,300,2021-06-04 17:13:00,PRTA
29.39,29.415,29.37,29.415,1600,2021-06-04 17:15:00,PRTA
29.42,29.42,29.42,29.42,800,2021-06-04 17:16:00,PRTA
29.41,29.41,29.39,29.39,604,2021-06-04 17:17:00,PRTA
29.38,29.38,29.38,29.38,100,2021-06-04 17:18:00,PRTA
29.41,29.41,29.41,29.41,100,2021-06-04 17:23:00,PRTA
29.43,29.48,29.41,29.45,700,2021-06-04 17:25:00,PRTA
29.47,29.48,29.44,29.44,400,2021-06-04 17:26:00,PRTA
29.46,29.46,29.42,29.42,300,2021-06-04 17:27:00,PRTA
29.43,29.43,29.4,29.4,800,2021-06-04 17:28:00,PRTA
29.41,29.42,29.39,29.41,1300,2021-06-04 17:29:00,PRTA
29.415,29.415,29.415,29.415,122,2021-06-04 17:32:00,PRTA
29.38,29.38,29.37,29.37,400,2021-06-04 17:33:00,PRTA
29.355,29.355,29.355,29.355,300,2021-06-04 17:34:00,PRTA
29.34,29.34,29.33,29.33,600,2021-06-04 17:35:00,PRTA
29.32,29.39,29.32,29.39,300,2021-06-04 17:36:00,PRTA
29.34,29.34,29.34,29.34,100,2021-06-04 17:37:00,PRTA
29.35,29.41,29.35,29.41,300,2021-06-04 17:38:00,PRTA
29.37,29.37,29.37,29.37,202,2021-06-04 17:45:00,PRTA
29.33,29.33,29.32,29.32,200,2021-06-04 17:46:00,PRTA
29.31,29.38,29.31,29.38,1392,2021-06-04 17:47:00,PRTA
29.385,29.385,29.385,29.385,100,2021-06-04 17:48:00,PRTA
29.38,29.38,29.36,29.36,200,2021-06-04 17:50:00,PRTA
29.41,29.42,29.385,29.42,1761,2021-06-04 17:53:00,PRTA
29.42,29.42,29.42,29.42,200,2021-06-04 17:56:00,PRTA
29.44,29.44,29.44,29.44,100,2021-06-04 17:57:00,PRTA
29.47,29.47,29.46,29.46,200,2021-06-04 17:58:00,PRTA
29.44,29.44,29.44,29.44,1996,2021-06-04 17:59:00,PRTA
29.44,29.44,29.38,29.38,1900,2021-06-04 18:01:00,PRTA
29.39,29.4,29.36,29.4,2681,2021-06-04 18:03:00,PRTA
29.36,29.43,29.36,29.43,200,2021-06-04 18:06:00,PRTA
29.36,29.36,29.36,29.36,100,2021-06-04 18:08:00,PRTA
29.36,29.36,29.36,29.36,166,2021-06-04 18:09:00,PRTA
29.36,29.36,29.36,29.36,100,2021-06-04 18:10:00,PRTA
29.4,29.44,29.37,29.395,6699,2021-06-04 18:12:00,PRTA
29.39,29.39,29.39,29.39,100,2021-06-04 18:13:00,PRTA
29.36,29.36,29.34,29.34,700,2021-06-04 18:14:00,PRTA
29.34,29.34,29.32,29.32,500,2021-06-04 18:15:00,PRTA
29.34,29.35,29.34,29.35,200,2021-06-04 18:17:00,PRTA
29.26,29.26,29.24,29.24,220,2021-06-04 18:21:00,PRTA
29.28,29.28,29.28,29.28,100,2021-06-04 18:22:00,PRTA
29.23,29.23,29.23,29.23,100,2021-06-04 18:24:00,PRTA
29.25,29.25,29.23,29.23,206,2021-06-04 18:26:00,PRTA
29.23,29.23,29.23,29.23,146,2021-06-04 18:27:00,PRTA
29.23,29.24,29.22,29.22,700,2021-06-04 18:28:00,PRTA
29.2,29.2,29.2,29.2,100,2021-06-04 18:29:00,PRTA
29.2,29.2,29.175,29.2,2300,2021-06-04 18:30:00,PRTA
29.23,29.24,29.23,29.24,300,2021-06-04 18:32:00,PRTA
29.18,29.18,29.18,29.18,100,2021-06-04 18:33:00,PRTA
29.16,29.16,29.15,29.15,200,2021-06-04 18:34:00,PRTA
29.15,29.15,29.15,29.15,131,2021-06-04 18:35:00,PRTA
29.12,29.12,29.12,29.12,100,2021-06-04 18:36:00,PRTA
29.12,29.12,29.12,29.12,200,2021-06-04 18:38:00,PRTA
29.11,29.1205,29.11,29.115,647,2021-06-04 18:39:00,PRTA
29.07,29.07,29.07,29.07,100,2021-06-04 18:41:00,PRTA
29.07,29.07,29.07,29.07,100,2021-06-04 18:42:00,PRTA
29.07,29.075,29.05,29.075,1000,2021-06-04 18:48:00,PRTA
29.05,29.05,29.05,29.05,100,2021-06-04 18:49:00,PRTA
29.1099,29.1099,29.1099,29.1099,300,2021-06-04 18:50:00,PRTA
29.1,29.13,29.075,29.13,1400,2021-06-04 18:51:00,PRTA
29.07,29.07,29.07,29.07,100,2021-06-04 18:52:00,PRTA
29.13,29.13,29.09,29.09,200,2021-06-04 18:54:00,PRTA
29.08,29.08,29.04,29.0658,975,2021-06-04 18:55:00,PRTA
29.06,29.06,29.06,29.06,140,2021-06-04 18:56:00,PRTA
29.02,29.03,29.0,29.005,1260,2021-06-04 18:59:00,PRTA
29.005,29.05,29.005,29.05,200,2021-06-04 19:00:00,PRTA
29.0,29.0,29.0,29.0,100,2021-06-04 19:01:00,PRTA
29.02,29.09,29.02,29.09,1000,2021-06-04 19:09:00,PRTA
29.09,29.09,29.09,29.09,500,2021-06-04 19:10:00,PRTA
29.11,29.11,29.1,29.1,240,2021-06-04 19:13:00,PRTA
29.125,29.125,29.125,29.125,400,2021-06-04 19:14:00,PRTA
29.1,29.13,29.07,29.13,1326,2021-06-04 19:16:00,PRTA
29.1,29.1,29.02,29.02,4009,2021-06-04 19:17:00,PRTA
29.04,29.04,29.04,29.04,100,2021-06-04 19:18:00,PRTA
29.08,29.08,29.08,29.08,100,2021-06-04 19:19:00,PRTA
29.01,29.01,29.01,29.01,100,2021-06-04 19:21:00,PRTA
29.08,29.08,29.05,29.05,400,2021-06-04 19:24:00,PRTA
29.0274,29.0274,29.0274,29.0274,100,2021-06-04 19:25:00,PRTA
29.04,29.04,29.02,29.02,1930,2021-06-04 19:26:00,PRTA
29.02,29.02,28.99,28.99,651,2021-06-04 19:27:00,PRTA
29.0,29.0,29.0,29.0,100,2021-06-04 19:28:00,PRTA
28.95,28.96,28.95,28.96,300,2021-06-04 19:29:00,PRTA
28.94,28.94,28.94,28.94,100,2021-06-04 19:31:00,PRTA
28.95,28.965,28.95,28.965,700,2021-06-04 19:33:00,PRTA
28.95,28.965,28.95,28.95,1817,2021-06-04 19:34:00,PRTA
28.96,28.96,28.925,28.925,1400,2021-06-04 19:35:00,PRTA
28.925,28.95,28.92,28.93,2607,2021-06-04 19:36:00,PRTA
28.93,28.93,28.93,28.93,100,2021-06-04 19:37:00,PRTA
28.89,28.9,28.89,28.9,300,2021-06-04 19:38:00,PRTA
28.87,28.88,28.87,28.88,300,2021-06-04 19:39:00,PRTA
28.88,28.88,28.88,28.88,100,2021-06-04 19:40:00,PRTA
28.85,28.865,28.85,28.85,825,2021-06-04 19:41:00,PRTA
28.85,28.88,28.85,28.85,1100,2021-06-04 19:42:00,PRTA
28.88,28.88,28.84,28.84,882,2021-06-04 19:43:00,PRTA
28.84,28.84,28.83,28.84,500,2021-06-04 19:44:00,PRTA
28.83,28.83,28.74,28.74,2868,2021-06-04 19:45:00,PRTA
28.74,28.74,28.71,28.71,600,2021-06-04 19:46:00,PRTA
28.71,28.75,28.71,28.75,1497,2021-06-04 19:47:00,PRTA
28.75,28.75,28.69,28.69,2900,2021-06-04 19:48:00,PRTA
28.75,28.75,28.69,28.69,200,2021-06-04 19:49:00,PRTA
28.68,28.715,28.68,28.715,300,2021-06-04 19:50:00,PRTA
28.72,28.72,28.72,28.72,200,2021-06-04 19:51:00,PRTA
28.71,28.74,28.7,28.72,2234,2021-06-04 19:52:00,PRTA
28.7425,28.805,28.7425,28.76,6403,2021-06-04 19:53:00,PRTA
28.74,28.74,28.72,28.72,2200,2021-06-04 19:54:00,PRTA
28.69,28.74,28.67,28.71,4097,2021-06-04 19:55:00,PRTA
28.7,28.78,28.63,28.64,4622,2021-06-04 19:56:00,PRTA
28.67,28.7,28.6,28.68,8102,2021-06-04 19:57:00,PRTA
28.7,28.7,28.56,28.64,10825,2021-06-04 19:58:00,PRTA
28.62,28.7,28.62,28.65,5050,2021-06-04 19:59:00,PRTA
28.65,28.65,28.65,28.65,38095,2021-06-04 20:00:00,PRTA
29.5,29.5,29.5,29.5,100,2021-06-07 11:07:00,PRTA
29.0,29.0,29.0,29.0,100,2021-06-07 12:32:00,PRTA
28.55,29.085,28.55,29.085,2104,2021-06-07 13:30:00,PRTA
28.81,28.99,28.76,28.8,3288,2021-06-07 13:34:00,PRTA
28.695,28.88,28.68,28.68,300,2021-06-07 13:35:00,PRTA
28.76,28.88,28.58,28.88,1100,2021-06-07 13:36:00,PRTA
28.5,28.72,28.5,28.63,1200,2021-06-07 13:37:00,PRTA
28.5,28.74,28.5,28.74,814,2021-06-07 13:38:00,PRTA
28.54,28.56,28.54,28.56,200,2021-06-07 13:39:00,PRTA
28.725,28.725,28.565,28.565,200,2021-06-07 13:40:00,PRTA
28.53,28.53,28.53,28.53,100,2021-06-07 13:41:00,PRTA
28.56,28.56,28.555,28.555,600,2021-06-07 13:44:00,PRTA
28.56,28.56,28.56,28.56,350,2021-06-07 13:46:00,PRTA
28.56,28.65,28.56,28.65,370,2021-06-07 13:47:00,PRTA
28.71,28.76,28.71,28.76,1176,2021-06-07 13:48:00,PRTA
28.79,28.79,28.79,28.79,100,2021-06-07 13:49:00,PRTA
28.78,28.78,28.78,28.78,100,2021-06-07 13:53:00,PRTA
28.92,28.92,28.92,28.92,100,2021-06-07 13:54:00,PRTA
28.84,29.0,28.78,28.81,1996,2021-06-07 13:55:00,PRTA
28.82,28.84,28.75,28.84,1914,2021-06-07 13:56:00,PRTA
28.8794,28.8794,28.81,28.81,400,2021-06-07 13:57:00,PRTA
28.87,28.87,28.87,28.87,100,2021-06-07 13:59:00,PRTA
28.85,28.85,28.8,28.8,498,2021-06-07 14:02:00,PRTA
28.735,28.895,28.735,28.8,1506,2021-06-07 14:06:00,PRTA
28.8,28.8,28.8,28.8,100,2021-06-07 14:09:00,PRTA
28.8,28.8,28.8,28.8,100,2021-06-07 14:10:00,PRTA
28.845,28.85,28.845,28.85,242,2021-06-07 14:12:00,PRTA
28.83,28.89,28.83,28.86,740,2021-06-07 14:13:00,PRTA
28.83,28.83,28.83,28.83,386,2021-06-07 14:16:00,PRTA
28.76,28.76,28.76,28.76,100,2021-06-07 14:17:00,PRTA
28.73,28.76,28.7,28.7,808,2021-06-07 14:18:00,PRTA
28.725,28.725,28.725,28.725,100,2021-06-07 14:19:00,PRTA
28.735,28.735,28.735,28.735,100,2021-06-07 14:20:00,PRTA
28.74,28.74,28.735,28.735,200,2021-06-07 14:21:00,PRTA
28.735,28.735,28.72,28.72,300,2021-06-07 14:24:00,PRTA
28.72,28.75,28.72,28.745,1630,2021-06-07 14:25:00,PRTA
28.745,28.745,28.745,28.745,100,2021-06-07 14:26:00,PRTA
28.755,28.84,28.755,28.76,1487,2021-06-07 14:28:00,PRTA
28.8,28.855,28.8,28.825,1866,2021-06-07 14:30:00,PRTA
28.81,28.81,28.655,28.655,944,2021-06-07 14:31:00,PRTA
28.7,28.7,28.7,28.7,100,2021-06-07 14:34:00,PRTA
28.69,28.73,28.69,28.73,800,2021-06-07 14:35:00,PRTA
28.8,28.8,28.79,28.79,300,2021-06-07 14:38:00,PRTA
28.795,28.795,28.795,28.795,100,2021-06-07 14:40:00,PRTA
28.7,28.7,28.69,28.7,500,2021-06-07 14:41:00,PRTA
28.7,28.76,28.7,28.7,910,2021-06-07 14:46:00,PRTA
28.705,28.705,28.705,28.705,100,2021-06-07 14:47:00,PRTA
28.705,28.8,28.705,28.8,2100,2021-06-07 14:50:00,PRTA
28.775,29.25,28.6,28.61,18208,2021-06-07 14:51:00,PRTA
28.6,28.6,28.6,28.6,200,2021-06-07 14:52:00,PRTA
28.59,28.665,28.59,28.665,2181,2021-06-07 14:53:00,PRTA
28.54,28.56,28.51,28.51,500,2021-06-07 14:54:00,PRTA
28.5,28.5,28.5,28.5,100,2021-06-07 14:55:00,PRTA
28.67,29.13,28.67,29.12,5180,2021-06-07 14:56:00,PRTA
29.0,29.47,28.91,29.29,10657,2021-06-07 14:57:00,PRTA
29.1716,31.3962,29.14,30.9995,31784,2021-06-07 14:58:00,PRTA
30.92,30.9999,29.64,30.18,11168,2021-06-07 14:59:00,PRTA
29.815,30.67,29.33,30.59,11840,2021-06-07 15:00:00,PRTA
30.51,31.79,30.51,31.365,19197,2021-06-07 15:01:00,PRTA
31.73,31.8,30.43,31.41,5300,2021-06-07 15:02:00,PRTA
31.42,31.42,31.33,31.33,200,2021-06-07 15:03:00,PRTA
31.29,31.29,30.855,31.0,800,2021-06-07 15:04:00,PRTA
31.05,31.39,30.7335,31.0,5185,2021-06-07 15:05:00,PRTA
30.99,31.39,30.81,31.16,11000,2021-06-07 15:06:00,PRTA
31.19,31.25,31.04,31.05,4180,2021-06-07 15:07:00,PRTA
31.02,31.36,31.02,31.36,2800,2021-06-07 15:08:00,PRTA
31.3,31.73,31.14,31.525,18248,2021-06-07 15:09:00,PRTA
31.655,31.655,31.32,31.3959,4111,2021-06-07 15:10:00,PRTA
31.79,31.79,31.28,31.5,13618,2021-06-07 15:11:00,PRTA
31.495,32.0,31.23,31.51,4689,2021-06-07 15:12:00,PRTA
31.9039,32.64,31.53,32.64,2350,2021-06-07 15:13:00,PRTA
32.44,33.0,32.2735,32.8,15701,2021-06-07 15:14:00,PRTA
32.765,32.98,32.6889,32.6889,14918,2021-06-07 15:15:00,PRTA
32.68,32.85,32.16,32.51,47956,2021-06-07 15:16:00,PRTA
32.5,32.61,31.96,32.02,15736,2021-06-07 15:17:00,PRTA
32.0,32.22,31.671,32.2,4807,2021-06-07 15:18:00,PRTA
32.1,32.38,31.9237,32.225,7658,2021-06-07 15:19:00,PRTA
32.375,32.385,32.0,32.09,7091,2021-06-07 15:20:00,PRTA
32.11,32.36,31.96,32.3,11038,2021-06-07 15:21:00,PRTA
32.12,32.17,31.8,32.13,25695,2021-06-07 15:22:00,PRTA
32.03,32.03,31.52,31.89,4096,2021-06-07 15:23:00,PRTA
31.88,31.94,31.7601,31.895,1300,2021-06-07 15:24:00,PRTA
31.99,32.0,31.89,31.89,600,2021-06-07 15:25:00,PRTA
32.065,32.065,31.92,32.06,10350,2021-06-07 15:26:00,PRTA
31.93,32.065,31.93,32.065,2288,2021-06-07 15:27:00,PRTA
32.19,32.36,32.17,32.2,21808,2021-06-07 15:28:00,PRTA
32.2,32.26,32.2,32.2,7264,2021-06-07 15:29:00,PRTA
32.2,32.23,32.2,32.2001,5141,2021-06-07 15:30:00,PRTA
32.23,32.27,32.2,32.22,15415,2021-06-07 15:31:00,PRTA
32.22,32.25,32.2,32.21,827,2021-06-07 15:32:00,PRTA
32.28,32.284,32.2,32.2,2000,2021-06-07 15:33:00,PRTA
32.2,32.25,32.06,32.0606,6082,2021-06-07 15:34:00,PRTA
32.1,32.13,32.06,32.13,2341,2021-06-07 15:35:00,PRTA
32.06,32.09,32.06,32.09,400,2021-06-07 15:36:00,PRTA
32.09,32.25,31.97,31.97,12704,2021-06-07 15:37:00,PRTA
32.04,32.31,32.04,32.17,6712,2021-06-07 15:38:00,PRTA
32.25,32.29,32.04,32.28,931,2021-06-07 15:39:00,PRTA
32.28,32.42,32.11,32.29,3900,2021-06-07 15:40:00,PRTA
32.25,32.42,32.25,32.42,32600,2021-06-07 15:41:00,PRTA
32.285,32.29,32.09,32.29,863,2021-06-07 15:42:00,PRTA
32.38,32.78,32.36,32.575,5100,2021-06-07 15:43:00,PRTA
32.75,33.0,32.5,32.66,9012,2021-06-07 15:44:00,PRTA
32.53,32.66,32.51,32.51,5100,2021-06-07 15:45:00,PRTA
32.6,33.1599,32.6,33.1599,849,2021-06-07 15:46:00,PRTA
32.835,32.835,32.835,32.835,271,2021-06-07 15:47:00,PRTA
33.03,33.03,32.79,32.85,5699,2021-06-07 15:48:00,PRTA
32.6979,33.04,32.5743,32.6173,1708,2021-06-07 15:49:00,PRTA
32.652,32.785,32.652,32.785,330,2021-06-07 15:50:00,PRTA
32.78,32.78,32.62,32.62,337,2021-06-07 15:51:00,PRTA
32.78,32.98,32.59,32.67,11070,2021-06-07 15:52:00,PRTA
32.79,33.0,32.69,33.0,9099,2021-06-07 15:53:00,PRTA
33.0,33.15,33.0,33.0,5400,2021-06-07 15:54:00,PRTA
33.15,33.4,33.05,33.23,7075,2021-06-07 15:55:00,PRTA
33.24,33.349,33.24,33.24,1693,2021-06-07 15:56:00,PRTA
33.0193,33.0193,33.0193,33.0193,200,2021-06-07 15:58:00,PRTA
33.0,33.27,33.0,33.27,200,2021-06-07 15:59:00,PRTA
33.15,33.15,33.15,33.15,180,2021-06-07 16:00:00,PRTA
33.02,33.35,33.02,33.155,919,2021-06-07 16:01:00,PRTA
33.1919,33.1919,33.1919,33.1919,300,2021-06-07 16:02:00,PRTA
33.15,33.17,33.15,33.15,350,2021-06-07 16:03:00,PRTA
33.16,33.16,33.15,33.15,947,2021-06-07 16:04:00,PRTA
33.33,33.55,33.15,33.55,6122,2021-06-07 16:05:00,PRTA
33.0201,33.44,33.01,33.3,10487,2021-06-07 16:06:00,PRTA
33.225,33.24,33.225,33.24,590,2021-06-07 16:07:00,PRTA
33.04,33.14,32.91,33.0,17684,2021-06-07 16:08:00,PRTA
33.0,33.001,32.87,32.9196,3949,2021-06-07 16:10:00,PRTA
32.8903,33.0,32.8903,32.95,2400,2021-06-07 16:11:00,PRTA
33.0,33.0,32.8865,32.8865,750,2021-06-07 16:12:00,PRTA
32.94,33.13,32.94,33.13,1494,2021-06-07 16:13:00,PRTA
33.0959,33.0959,33.0959,33.0959,420,2021-06-07 16:14:00,PRTA
33.25,33.6,33.24,33.55,6471,2021-06-07 16:15:00,PRTA
33.485,33.72,33.485,33.72,716,2021-06-07 16:16:00,PRTA
33.615,33.82,33.615,33.72,1316,2021-06-07 16:17:00,PRTA
33.72,33.73,33.56,33.66,1281,2021-06-07 16:18:00,PRTA
33.725,33.86,33.725,33.81,426,2021-06-07 16:19:00,PRTA
33.7,33.78,33.48,33.78,2300,2021-06-07 16:20:00,PRTA
33.62,33.7299,33.62,33.7299,365,2021-06-07 16:21:00,PRTA
33.5,33.7,33.49,33.7,1000,2021-06-07 16:22:00,PRTA
33.7,33.74,33.51,33.51,11915,2021-06-07 16:23:00,PRTA
33.6172,33.74,33.51,33.64,900,2021-06-07 16:24:00,PRTA
33.64,33.64,33.64,33.64,100,2021-06-07 16:25:00,PRTA
33.64,33.77,33.64,33.705,1456,2021-06-07 16:28:00,PRTA
33.705,33.75,33.58,33.58,3700,2021-06-07 16:29:00,PRTA
33.67,33.67,33.67,33.67,300,2021-06-07 16:30:00,PRTA
33.58,33.59,33.41,33.55,6577,2021-06-07 16:32:00,PRTA
33.41,33.55,33.41,33.55,647,2021-06-07 16:33:00,PRTA
33.505,33.505,32.95,33.035,11184,2021-06-07 16:34:00,PRTA
33.04,33.1,33.0,33.04,2800,2021-06-07 16:35:00,PRTA
33.04,33.04,33.04,33.04,400,2021-06-07 16:36:00,PRTA
33.0001,33.4,33.0001,33.315,5992,2021-06-07 16:37:00,PRTA
33.29,33.29,33.2,33.24,600,2021-06-07 16:38:00,PRTA
33.29,33.29,33.12,33.26,2221,2021-06-07 16:39:00,PRTA
33.1365,33.1365,33.0801,33.0801,899,2021-06-07 16:40:00,PRTA
33.16,33.34,33.16,33.34,1395,2021-06-07 16:41:00,PRTA
33.29,33.29,33.29,33.29,150,2021-06-07 16:42:00,PRTA
33.345,33.345,33.28,33.345,690,2021-06-07 16:43:00,PRTA
33.28,33.28,33.11,33.13,2900,2021-06-07 16:44:00,PRTA
33.21,33.21,33.21,33.21,100,2021-06-07 16:45:00,PRTA
33.2,33.2,33.12,33.2,300,2021-06-07 16:47:00,PRTA
33.13,33.13,33.05,33.05,400,2021-06-07 16:48:00,PRTA
33.08,33.08,33.01,33.06,798,2021-06-07 16:49:00,PRTA
33.12,33.175,33.12,33.175,300,2021-06-07 16:50:00,PRTA
33.205,33.205,33.085,33.085,300,2021-06-07 16:51:00,PRTA
33.14,33.14,33.14,33.14,100,2021-06-07 16:52:00,PRTA
33.08,33.08,33.08,33.08,220,2021-06-07 16:54:00,PRTA
33.08,33.17,33.08,33.17,1304,2021-06-07 16:55:00,PRTA
33.03,33.06,33.02,33.06,503,2021-06-07 16:56:00,PRTA
33.02,33.02,33.0,33.0,200,2021-06-07 16:57:00,PRTA
32.99,32.99,32.96,32.96,700,2021-06-07 17:00:00,PRTA
32.98,32.99,32.88,32.955,2700,2021-06-07 17:01:00,PRTA
33.04,33.06,32.92,32.92,3300,2021-06-07 17:03:00,PRTA
33.0,33.0,32.8401,32.8401,200,2021-06-07 17:04:00,PRTA
32.955,32.955,32.955,32.955,100,2021-06-07 17:05:00,PRTA
33.07,33.315,33.07,33.195,1865,2021-06-07 17:06:00,PRTA
33.195,33.225,33.01,33.115,1624,2021-06-07 17:07:00,PRTA
33.16,33.22,33.16,33.22,200,2021-06-07 17:08:00,PRTA
33.12,33.12,33.12,33.12,100,2021-06-07 17:10:00,PRTA
33.15,33.645,33.15,33.6,3118,2021-06-07 17:11:00,PRTA
33.505,33.745,33.42,33.575,4435,2021-06-07 17:12:00,PRTA
33.52,33.7,33.26,33.525,13596,2021-06-07 17:13:00,PRTA
33.7,33.78,33.525,33.78,2443,2021-06-07 17:14:00,PRTA
33.78,33.78,33.78,33.78,100,2021-06-07 17:15:00,PRTA
33.56,33.56,33.35,33.555,944,2021-06-07 17:16:00,PRTA
33.56,33.775,33.5296,33.775,1410,2021-06-07 17:17:00,PRTA
33.78,33.95,33.78,33.945,700,2021-06-07 17:18:00,PRTA
33.805,33.81,33.67,33.67,400,2021-06-07 17:19:00,PRTA
33.705,33.91,33.7,33.7,1560,2021-06-07 17:20:00,PRTA
33.63,33.84,33.53,33.695,1700,2021-06-07 17:21:00,PRTA
33.7,33.8,33.68,33.8,2082,2021-06-07 17:22:00,PRTA
33.655,33.805,33.655,33.805,200,2021-06-07 17:23:00,PRTA
33.43,33.73,33.39,33.59,400,2021-06-07 17:24:00,PRTA
33.73,33.73,33.54,33.545,500,2021-06-07 17:26:00,PRTA
33.68,33.81,33.68,33.8,1464,2021-06-07 17:27:00,PRTA
33.795,33.95,33.795,33.88,2869,2021-06-07 17:28:00,PRTA
33.76,34.04,33.76,34.025,2128,2021-06-07 17:29:00,PRTA
34.025,34.1999,34.025,34.07,2700,2021-06-07 17:30:00,PRTA
33.96,34.18,33.96,34.17,3064,2021-06-07 17:31:00,PRTA
34.2,34.66,34.0801,34.31,12389,2021-06-07 17:32:00,PRTA
34.64,34.64,34.05,34.05,1400,2021-06-07 17:33:00,PRTA
34.3,34.345,34.2307,34.2307,900,2021-06-07 17:34:00,PRTA
34.46,34.47,34.1,34.3,5400,2021-06-07 17:35:00,PRTA
34.265,34.265,34.0,34.0,5300,2021-06-07 17:36:00,PRTA
34.09,34.09,33.98,34.075,900,2021-06-07 17:37:00,PRTA
33.91,33.91,33.7507,33.7507,200,2021-06-07 17:38:00,PRTA
33.91,33.91,33.91,33.91,100,2021-06-07 17:39:00,PRTA
33.7327,33.865,33.61,33.865,2535,2021-06-07 17:40:00,PRTA
33.79,33.79,33.79,33.79,100,2021-06-07 17:41:00,PRTA
33.75,33.94,33.75,33.84,1770,2021-06-07 17:44:00,PRTA
33.965,33.965,33.35,33.94,27522,2021-06-07 17:45:00,PRTA
33.945,33.945,33.6,33.725,5000,2021-06-07 17:46:00,PRTA
33.72,33.7408,33.47,33.585,3600,2021-06-07 17:47:00,PRTA
33.585,33.65,33.585,33.59,400,2021-06-07 17:48:00,PRTA
33.58,33.65,33.58,33.65,200,2021-06-07 17:49:00,PRTA
33.6,33.6,33.28,33.28,2451,2021-06-07 17:50:00,PRTA
33.47,33.47,33.27,33.28,1389,2021-06-07 17:51:00,PRTA
33.46,33.62,33.46,33.61,700,2021-06-07 17:52:00,PRTA
33.64,33.64,33.64,33.64,100,2021-06-07 17:53:00,PRTA
33.75,33.875,33.75,33.875,800,2021-06-07 17:54:00,PRTA
33.865,33.93,33.865,33.93,500,2021-06-07 17:55:00,PRTA
33.85,33.85,33.76,33.84,895,2021-06-07 17:56:00,PRTA
33.855,33.855,33.7668,33.7668,1366,2021-06-07 17:58:00,PRTA
33.835,33.9,33.835,33.9,200,2021-06-07 18:00:00,PRTA
33.82,33.9009,33.82,33.9009,450,2021-06-07 18:01:00,PRTA
33.915,33.92,33.905,33.905,400,2021-06-07 18:02:00,PRTA
33.97,33.97,33.83,33.905,400,2021-06-07 18:03:00,PRTA
33.9799,34.03,33.83,33.95,2310,2021-06-07 18:04:00,PRTA
34.0,34.0,33.95,34.0,1220,2021-06-07 18:05:00,PRTA
33.93,33.94,33.71,33.71,1800,2021-06-07 18:06:00,PRTA
33.59,33.59,33.35,33.55,8380,2021-06-07 18:07:00,PRTA
33.45,33.65,33.45,33.65,200,2021-06-07 18:11:00,PRTA
33.37,33.37,33.36,33.37,400,2021-06-07 18:12:00,PRTA
33.36,33.48,33.36,33.48,1100,2021-06-07 18:13:00,PRTA
33.48,33.61,33.48,33.61,1280,2021-06-07 18:14:00,PRTA
33.53,33.53,33.52,33.52,800,2021-06-07 18:15:00,PRTA
33.51,33.51,33.51,33.51,100,2021-06-07 18:16:00,PRTA
33.51,33.51,33.51,33.51,140,2021-06-07 18:17:00,PRTA
33.37,33.53,33.37,33.53,250,2021-06-07 18:20:00,PRTA
33.51,33.56,33.51,33.51,3459,2021-06-07 18:21:00,PRTA
33.51,33.51,33.51,33.51,606,2021-06-07 18:22:00,PRTA
33.53,33.53,33.53,33.53,122,2021-06-07 18:23:00,PRTA
33.55,33.69,33.55,33.69,1000,2021-06-07 18:24:00,PRTA
33.74,33.74,33.67,33.67,768,2021-06-07 18:25:00,PRTA
33.6367,33.6367,33.6367,33.6367,150,2021-06-07 18:29:00,PRTA
33.54,33.55,33.54,33.54,826,2021-06-07 18:30:00,PRTA
33.61,33.71,33.61,33.67,2416,2021-06-07 18:31:00,PRTA
33.7,33.72,33.7,33.72,200,2021-06-07 18:34:00,PRTA
33.8,33.8,33.8,33.8,100,2021-06-07 18:35:00,PRTA
33.8696,33.8696,33.8696,33.8696,445,2021-06-07 18:36:00,PRTA
33.92,33.92,33.77,33.78,1140,2021-06-07 18:37:00,PRTA
33.8307,33.86,33.8307,33.85,400,2021-06-07 18:38:00,PRTA
33.97,34.31,33.97,34.31,4474,2021-06-07 18:39:00,PRTA
34.25,34.36,34.195,34.25,3847,2021-06-07 18:40:00,PRTA
34.2,34.35,34.2,34.25,3290,2021-06-07 18:41:00,PRTA
34.24,34.315,34.17,34.315,4152,2021-06-07 18:42:00,PRTA
34.34,34.34,34.34,34.34,100,2021-06-07 18:44:00,PRTA
34.43,34.47,34.24,34.34,6806,2021-06-07 18:46:00,PRTA
34.17,34.3,34.17,34.22,413,2021-06-07 18:47:00,PRTA
34.13,34.13,34.13,34.13,100,2021-06-07 18:49:00,PRTA
34.12,34.12,34.12,34.12,100,2021-06-07 18:50:00,PRTA
34.12,34.12,33.89,33.91,400,2021-06-07 18:51:00,PRTA
33.9001,33.97,33.9,33.9,700,2021-06-07 18:52:00,PRTA
33.96,34.12,33.84,33.99,4172,2021-06-07 18:53:00,PRTA
33.99,34.18,33.99,34.18,1666,2021-06-07 18:54:00,PRTA
34.115,34.115,34.115,34.115,100,2021-06-07 18:55:00,PRTA
34.115,34.28,34.115,34.255,813,2021-06-07 18:56:00,PRTA
34.34,34.34,34.34,34.34,100,2021-06-07 18:57:00,PRTA
34.25,34.255,34.075,34.075,2325,2021-06-07 18:58:00,PRTA
34.15,34.21,34.0888,34.21,1800,2021-06-07 18:59:00,PRTA
34.21,34.255,34.14,34.25,850,2021-06-07 19:00:00,PRTA
34.215,34.29,34.17,34.29,3788,2021-06-07 19:01:00,PRTA
34.3,34.499,34.3,34.48,800,2021-06-07 19:03:00,PRTA
34.39,34.64,34.39,34.64,3400,2021-06-07 19:04:00,PRTA
34.65,34.77,34.65,34.68,1600,2021-06-07 19:05:00,PRTA
34.7,34.7,34.635,34.635,1704,2021-06-07 19:06:00,PRTA
34.635,34.94,34.6,34.93,5788,2021-06-07 19:07:00,PRTA
34.935,35.2,34.935,35.2,2600,2021-06-07 19:08:00,PRTA
35.13,35.13,35.06,35.11,410,2021-06-07 19:09:00,PRTA
35.06,35.06,35.06,35.06,1700,2021-06-07 19:10:00,PRTA
35.16,35.17,35.06,35.13,625,2021-06-07 19:11:00,PRTA
35.06,35.125,35.06,35.06,800,2021-06-07 19:12:00,PRTA
35.07,35.12,35.06,35.12,2500,2021-06-07 19:13:00,PRTA
35.12,35.3,35.075,35.13,2478,2021-06-07 19:14:00,PRTA
35.3,35.3,35.24,35.29,2800,2021-06-07 19:15:00,PRTA
35.3,35.3,35.3,35.3,100,2021-06-07 19:16:00,PRTA
35.3,35.72,35.3,35.72,2931,2021-06-07 19:17:00,PRTA
35.73,35.86,35.66,35.86,2780,2021-06-07 19:18:00,PRTA
35.8,36.28,35.64,36.26,12718,2021-06-07 19:19:00,PRTA
36.03,36.22,36.03,36.22,12800,2021-06-07 19:20:00,PRTA
36.36,36.47,36.22,36.4259,19660,2021-06-07 19:21:00,PRTA
36.255,36.37,36.185,36.19,2200,2021-06-07 19:22:00,PRTA
36.19,36.46,36.04,36.34,5094,2021-06-07 19:23:00,PRTA
36.245,36.3,36.05,36.11,2600,2021-06-07 19:24:00,PRTA
36.18,36.3,36.1,36.26,950,2021-06-07 19:25:00,PRTA
36.2275,36.265,36.12,36.1975,2002,2021-06-07 19:26:00,PRTA
36.18,36.29,36.081,36.27,7856,2021-06-07 19:27:00,PRTA
36.27,36.68,36.27,36.55,4577,2021-06-07 19:28:00,PRTA
36.42,36.6563,36.42,36.6563,900,2021-06-07 19:29:00,PRTA
36.45,36.45,36.33,36.33,5018,2021-06-07 19:30:00,PRTA
36.29,36.44,36.29,36.41,1300,2021-06-07 19:31:00,PRTA
36.45,36.57,36.345,36.57,2000,2021-06-07 19:32:00,PRTA
36.57,36.63,36.4,36.41,836,2021-06-07 19:33:00,PRTA
36.6,36.6,36.31,36.56,3691,2021-06-07 19:34:00,PRTA
36.57,36.84,36.37,36.795,6633,2021-06-07 19:35:00,PRTA
36.8,36.985,36.66,36.66,3270,2021-06-07 19:36:00,PRTA
36.56,36.7,36.451,36.7,4626,2021-06-07 19:37:00,PRTA
36.7,36.77,36.46,36.61,8790,2021-06-07 19:38:00,PRTA
36.6,36.6,36.52,36.58,2510,2021-06-07 19:39:00,PRTA
36.53,36.65,36.48,36.65,3650,2021-06-07 19:40:00,PRTA
36.7,37.15,36.7,36.9155,27850,2021-06-07 19:41:00,PRTA
36.8,36.94,36.62,36.79,8439,2021-06-07 19:42:00,PRTA
37.0,37.145,36.895,37.14,36758,2021-06-07 19:43:00,PRTA
37.05,37.432,37.05,37.31,14000,2021-06-07 19:44:00,PRTA
37.23,37.85,37.23,37.63,28203,2021-06-07 19:45:00,PRTA
37.635,37.65,37.39,37.555,25388,2021-06-07 19:46:00,PRTA
37.62,37.62,37.38,37.47,12911,2021-06-07 19:47:00,PRTA
37.475,37.575,37.39,37.56,6184,2021-06-07 19:48:00,PRTA
37.59,37.64,37.02,37.11,14987,2021-06-07 19:49:00,PRTA
36.96,37.05,36.79,37.05,5794,2021-06-07 19:50:00,PRTA
36.96,37.05,36.5879,36.76,7209,2021-06-07 19:51:00,PRTA
36.7,36.715,36.62,36.62,13202,2021-06-07 19:52:00,PRTA
36.78,37.05,36.77,36.9,5760,2021-06-07 19:53:00,PRTA
37.01,37.81,37.0,37.45,37061,2021-06-07 19:54:00,PRTA
37.55,37.55,37.05,37.155,8735,2021-06-07 19:55:00,PRTA
37.12,37.3,37.12,37.28,7157,2021-06-07 19:56:00,PRTA
37.24,37.29,37.05,37.1,3758,2021-06-07 19:57:00,PRTA
37.14,37.15,36.98,37.06,7491,2021-06-07 19:58:00,PRTA
37.03,37.28,37.03,37.26,13915,2021-06-07 19:59:00,PRTA
37.23,37.23,37.23,37.23,60340,2021-06-07 20:00:00,PRTA
37.23,37.23,37.23,37.23,1242,2021-06-07 20:01:00,PRTA
36.83,36.83,36.53,36.53,690,2021-06-07 20:03:00,PRTA
36.52,37.7,36.52,37.7,895,2021-06-07 20:06:00,PRTA
37.06,37.06,37.06,37.06,137,2021-06-07 20:12:00,PRTA
37.13,37.4,37.13,37.4,300,2021-06-07 20:17:00,PRTA
37.91,38.98,37.6,38.98,651,2021-06-07 20:20:00,PRTA
37.5,37.55,37.5,37.55,400,2021-06-07 20:24:00,PRTA
37.6,37.6,37.6,37.6,250,2021-06-07 20:25:00,PRTA
37.5,37.5,37.5,37.5,200,2021-06-07 20:26:00,PRTA
37.5,37.5,37.5,37.5,401,2021-06-07 20:27:00,PRTA
37.5,37.5,37.5,37.5,100,2021-06-07 20:29:00,PRTA
37.63,37.63,37.63,37.63,205,2021-06-07 20:32:00,PRTA
37.56,37.56,37.56,37.56,250,2021-06-07 20:33:00,PRTA
37.6,37.6,37.6,37.6,475,2021-06-07 20:40:00,PRTA
37.6,37.6,37.6,37.6,100,2021-06-07 20:44:00,PRTA
37.6,37.6,37.6,37.6,100,2021-06-07 20:46:00,PRTA
37.6,37.6,37.6,37.6,100,2021-06-07 20:47:00,PRTA
37.64,37.64,37.64,37.64,100,2021-06-07 21:23:00,PRTA
37.64,37.64,37.64,37.64,300,2021-06-07 21:25:00,PRTA
37.65,37.65,37.65,37.65,100,2021-06-07 21:39:00,PRTA
37.7,37.7,37.7,37.7,331,2021-06-07 23:58:00,PRTA
37.15,37.15,37.15,37.15,2200,2021-06-08 08:34:00,PRTA
36.87,36.87,36.87,36.87,200,2021-06-08 12:17:00,PRTA
36.87,36.87,36.87,36.87,200,2021-06-08 12:18:00,PRTA
36.87,36.87,36.87,36.87,100,2021-06-08 13:03:00,PRTA
37.23,37.325,36.81,37.325,13035,2021-06-08 13:30:00,PRTA
37.57,37.57,37.57,37.57,100,2021-06-08 13:31:00,PRTA
37.74,37.74,37.74,37.74,150,2021-06-08 13:33:00,PRTA
37.66,37.66,36.97,37.49,27729,2021-06-08 13:34:00,PRTA
37.32,37.51,37.32,37.48,723,2021-06-08 13:35:00,PRTA
37.26,37.37,37.26,37.36,2460,2021-06-08 13:36:00,PRTA
37.54,37.64,37.41,37.55,13170,2021-06-08 13:37:00,PRTA
37.41,37.41,37.41,37.41,100,2021-06-08 13:38:00,PRTA
37.4452,37.4452,37.44,37.44,350,2021-06-08 13:39:00,PRTA
37.47,37.47,37.41,37.41,895,2021-06-08 13:40:00,PRTA
37.29,37.365,36.72,36.72,13700,2021-06-08 13:41:00,PRTA
36.6365,36.65,36.62,36.65,399,2021-06-08 13:42:00,PRTA
36.73,36.73,36.63,36.63,600,2021-06-08 13:43:00,PRTA
36.61,36.655,36.61,36.655,250,2021-06-08 13:46:00,PRTA
36.66,36.66,36.28,36.28,350,2021-06-08 13:47:00,PRTA
36.37,36.37,36.37,36.37,100,2021-06-08 13:48:00,PRTA
36.21,36.37,36.21,36.37,500,2021-06-08 13:49:00,PRTA
36.2478,36.2478,36.2478,36.2478,100,2021-06-08 13:50:00,PRTA
36.26,36.32,36.26,36.32,400,2021-06-08 13:52:00,PRTA
36.25,36.25,35.995,36.0,3123,2021-06-08 13:53:00,PRTA
35.975,36.33,35.975,36.18,7793,2021-06-08 13:54:00,PRTA
36.32,36.32,36.18,36.21,750,2021-06-08 13:55:00,PRTA
36.48,37.0,36.375,36.94,4875,2021-06-08 13:58:00,PRTA
36.86,36.86,36.86,36.86,500,2021-06-08 14:00:00,PRTA
36.72,36.75,36.72,36.75,700,2021-06-08 14:01:00,PRTA
36.72,36.77,36.54,36.55,10115,2021-06-08 14:02:00,PRTA
36.74,36.99,36.74,36.87,2100,2021-06-08 14:03:00,PRTA
36.77,36.77,36.77,36.77,100,2021-06-08 14:04:00,PRTA
36.67,36.7152,36.58,36.7152,2300,2021-06-08 14:05:00,PRTA
36.6963,36.6963,36.6963,36.6963,400,2021-06-08 14:07:00,PRTA
36.57,36.62,36.54,36.62,823,2021-06-08 14:08:00,PRTA
36.67,36.72,36.41,36.41,5995,2021-06-08 14:10:00,PRTA
36.3,36.3,36.3,36.3,853,2021-06-08 14:11:00,PRTA
36.39,36.5,36.31,36.32,2500,2021-06-08 14:12:00,PRTA
36.31,36.34,36.31,36.31,1500,2021-06-08 14:13:00,PRTA
36.31,36.31,36.1005,36.1005,3914,2021-06-08 14:14:00,PRTA
36.1113,36.235,36.1113,36.235,1300,2021-06-08 14:15:00,PRTA
36.08,36.23,36.07,36.23,900,2021-06-08 14:16:00,PRTA
36.23,36.23,36.23,36.23,200,2021-06-08 14:17:00,PRTA
36.23,36.23,36.23,36.23,5200,2021-06-08 14:18:00,PRTA
36.11,36.22,35.98,35.98,2300,2021-06-08 14:19:00,PRTA
36.0,36.01,35.85,35.9554,11845,2021-06-08 14:20:00,PRTA
35.86,35.93,35.82,35.82,2228,2021-06-08 14:21:00,PRTA
35.82,35.82,35.82,35.82,200,2021-06-08 14:22:00,PRTA
35.71,35.76,35.56,35.7,7965,2021-06-08 14:23:00,PRTA
35.7,35.78,35.65,35.78,2806,2021-06-08 14:24:00,PRTA
35.84,35.865,35.74,35.74,1211,2021-06-08 14:25:00,PRTA
35.87,35.98,35.78,35.865,4500,2021-06-08 14:26:00,PRTA
35.865,35.97,35.82,35.96,530,2021-06-08 14:27:00,PRTA
35.855,35.9,35.855,35.9,400,2021-06-08 14:28:00,PRTA
35.9,35.97,35.83,35.83,1000,2021-06-08 14:29:00,PRTA
35.83,35.83,35.69,35.69,1835,2021-06-08 14:30:00,PRTA
35.7,35.7,35.69,35.69,200,2021-06-08 14:32:00,PRTA
35.825,35.825,35.56,35.56,5800,2021-06-08 14:33:00,PRTA
35.65,35.65,35.65,35.65,300,2021-06-08 14:34:00,PRTA
35.78,35.83,35.725,35.77,3300,2021-06-08 14:35:00,PRTA
35.83,35.83,35.71,35.71,2464,2021-06-08 14:36:00,PRTA
35.65,35.67,35.65,35.67,400,2021-06-08 14:37:00,PRTA
35.58,35.67,35.58,35.67,200,2021-06-08 14:38:00,PRTA
35.67,35.75,35.56,35.58,38300,2021-06-08 14:39:00,PRTA
35.665,35.6803,35.665,35.67,1732,2021-06-08 14:40:00,PRTA
35.67,35.88,35.665,35.77,5600,2021-06-08 14:41:00,PRTA
35.77,35.77,35.6327,35.765,1150,2021-06-08 14:42:00,PRTA
35.775,35.97,35.775,35.8739,5480,2021-06-08 14:44:00,PRTA
35.88,35.88,35.875,35.875,300,2021-06-08 14:45:00,PRTA
35.88,35.98,35.88,35.98,621,2021-06-08 14:46:00,PRTA
35.88,36.22,35.88,36.155,16421,2021-06-08 14:47:00,PRTA
36.185,36.185,36.185,36.185,100,2021-06-08 14:48:00,PRTA
36.2,36.2,36.2,36.2,200,2021-06-08 14:49:00,PRTA
36.2,36.2,36.2,36.2,300,2021-06-08 14:50:00,PRTA
36.1,36.3,36.1,36.1,1800,2021-06-08 14:51:00,PRTA
35.99,35.99,35.91,35.96,800,2021-06-08 14:52:00,PRTA
35.97,35.97,35.895,35.895,1000,2021-06-08 14:53:00,PRTA
35.81,35.81,35.61,35.61,1750,2021-06-08 14:54:00,PRTA
35.65,35.65,35.501,35.501,940,2021-06-08 14:55:00,PRTA
35.565,35.565,35.43,35.44,500,2021-06-08 14:56:00,PRTA
35.595,35.7,35.49,35.5,1100,2021-06-08 14:57:00,PRTA
35.38,35.5,35.115,35.495,18710,2021-06-08 14:58:00,PRTA
35.36,35.38,35.15,35.38,1400,2021-06-08 15:00:00,PRTA
35.265,35.265,35.16,35.17,400,2021-06-08 15:01:00,PRTA
35.18,35.235,35.05,35.0627,3641,2021-06-08 15:02:00,PRTA
35.11,35.33,35.11,35.33,5300,2021-06-08 15:03:00,PRTA
35.28,35.33,35.28,35.33,1200,2021-06-08 15:04:00,PRTA
35.33,35.39,35.14,35.39,2300,2021-06-08 15:05:00,PRTA
35.3999,35.3999,35.28,35.28,350,2021-06-08 15:06:00,PRTA
35.2131,35.38,35.2131,35.28,300,2021-06-08 15:07:00,PRTA
35.3,35.3,35.3,35.3,4700,2021-06-08 15:08:00,PRTA
35.285,35.4,35.285,35.32,1200,2021-06-08 15:09:00,PRTA
35.42,35.42,35.42,35.42,300,2021-06-08 15:10:00,PRTA
35.32,35.42,35.32,35.42,350,2021-06-08 15:11:00,PRTA
35.41,35.41,35.41,35.41,100,2021-06-08 15:12:00,PRTA
35.24,35.24,35.215,35.22,946,2021-06-08 15:13:00,PRTA
35.13,35.15,35.06,35.13,4857,2021-06-08 15:14:00,PRTA
35.195,35.195,35.1357,35.1357,300,2021-06-08 15:15:00,PRTA
35.195,35.195,35.1,35.12,1040,2021-06-08 15:16:00,PRTA
35.19,35.19,35.13,35.13,700,2021-06-08 15:17:00,PRTA
35.105,35.19,35.1,35.19,400,2021-06-08 15:18:00,PRTA
35.1,35.19,35.08,35.19,2398,2021-06-08 15:19:00,PRTA
35.13,35.13,35.13,35.13,25200,2021-06-08 15:20:00,PRTA
35.13,35.13,35.13,35.13,310,2021-06-08 15:21:00,PRTA
35.13,35.13,34.815,34.84,4503,2021-06-08 15:22:00,PRTA
34.845,34.92,34.75,34.75,1089,2021-06-08 15:23:00,PRTA
34.75,35.04,34.75,35.04,3675,2021-06-08 15:24:00,PRTA
34.8916,34.8916,34.86,34.86,300,2021-06-08 15:25:00,PRTA
34.915,34.9965,34.915,34.9965,200,2021-06-08 15:26:00,PRTA
35.0,35.0,35.0,35.0,100,2021-06-08 15:27:00,PRTA
34.89,35.01,34.89,35.01,4093,2021-06-08 15:28:00,PRTA
35.0,35.04,34.89,35.0,11000,2021-06-08 15:29:00,PRTA
34.97,35.05,34.97,34.97,1200,2021-06-08 15:30:00,PRTA
34.97,35.04,34.97,35.0,300,2021-06-08 15:31:00,PRTA
34.89,34.89,34.8,34.845,1601,2021-06-08 15:32:00,PRTA
34.78,34.81,34.71,34.81,1100,2021-06-08 15:33:00,PRTA
34.845,34.845,34.845,34.845,100,2021-06-08 15:34:00,PRTA
34.85,34.85,34.85,34.85,100,2021-06-08 15:35:00,PRTA
34.85,34.85,34.85,34.85,100,2021-06-08 15:36:00,PRTA
34.91,35.0,34.91,35.0,1200,2021-06-08 15:37:00,PRTA
35.0,35.1,35.0,35.04,2133,2021-06-08 15:38:00,PRTA
35.06,35.06,35.06,35.06,100,2021-06-08 15:39:00,PRTA
35.08,35.08,35.01,35.01,26062,2021-06-08 15:40:00,PRTA
34.945,35.005,34.92,35.0,16445,2021-06-08 15:41:00,PRTA
35.01,35.06,35.01,35.01,815,2021-06-08 15:43:00,PRTA
34.92,34.92,34.74,34.745,1097,2021-06-08 15:45:00,PRTA
34.81,34.82,34.775,34.82,677,2021-06-08 15:46:00,PRTA
34.9,34.95,34.9,34.95,300,2021-06-08 15:48:00,PRTA
34.94,34.94,34.94,34.94,100,2021-06-08 15:49:00,PRTA
35.0,35.05,34.96,34.96,885,2021-06-08 15:50:00,PRTA
35.03,35.06,35.0,35.0,1151,2021-06-08 15:52:00,PRTA
35.06,35.06,34.985,34.985,200,2021-06-08 15:53:00,PRTA
34.93,35.0,34.83,34.96,1200,2021-06-08 15:55:00,PRTA
35.0,35.0,34.91,34.91,200,2021-06-08 15:57:00,PRTA
34.945,35.08,34.945,35.035,1853,2021-06-08 15:58:00,PRTA
35.04,35.04,35.04,35.04,100,2021-06-08 15:59:00,PRTA
35.09,35.09,35.09,35.09,100,2021-06-08 16:00:00,PRTA
35.09,35.12,35.05,35.12,800,2021-06-08 16:01:00,PRTA
35.13,35.27,35.05,35.205,1200,2021-06-08 16:02:00,PRTA
35.18,35.21,35.18,35.21,200,2021-06-08 16:03:00,PRTA
35.27,35.28,35.22,35.28,300,2021-06-08 16:04:00,PRTA
35.215,35.23,35.1,35.1,5740,2021-06-08 16:05:00,PRTA
35.08,35.08,34.89,34.89,1900,2021-06-08 16:06:00,PRTA
34.89,34.92,34.89,34.9,500,2021-06-08 16:07:00,PRTA
34.97,35.0,34.97,34.97,873,2021-06-08 16:09:00,PRTA
34.95,34.95,34.9,34.95,800,2021-06-08 16:10:00,PRTA
34.99,34.99,34.99,34.99,200,2021-06-08 16:11:00,PRTA
34.955,34.96,34.93,34.96,900,2021-06-08 16:12:00,PRTA
34.98,34.98,34.98,34.98,100,2021-06-08 16:13:00,PRTA
34.98,35.02,34.92,34.92,3995,2021-06-08 16:14:00,PRTA
34.87,34.895,34.87,34.895,500,2021-06-08 16:15:00,PRTA
34.89,34.89,34.89,34.89,115,2021-06-08 16:17:00,PRTA
34.89,34.89,34.89,34.89,200,2021-06-08 16:19:00,PRTA
34.89,34.89,34.89,34.89,200,2021-06-08 16:20:00,PRTA
34.89,34.89,34.89,34.89,400,2021-06-08 16:22:00,PRTA
34.84,34.94,34.83,34.94,3207,2021-06-08 16:23:00,PRTA
34.97,35.04,34.97,35.03,2645,2021-06-08 16:24:00,PRTA
35.03,35.03,35.03,35.03,300,2021-06-08 16:25:00,PRTA
35.03,35.035,35.03,35.035,200,2021-06-08 16:26:00,PRTA
35.0,35.14,35.0,35.14,1996,2021-06-08 16:27:00,PRTA
35.15,35.15,35.095,35.1013,300,2021-06-08 16:28:00,PRTA
35.09,35.09,35.06,35.06,500,2021-06-08 16:29:00,PRTA
35.14,35.21,35.14,35.18,2506,2021-06-08 16:30:00,PRTA
35.18,35.18,35.1,35.1,677,2021-06-08 16:31:00,PRTA
35.08,35.08,35.0,35.0,862,2021-06-08 16:32:00,PRTA
34.98,34.98,34.97,34.97,300,2021-06-08 16:33:00,PRTA
34.945,34.945,34.945,34.945,200,2021-06-08 16:34:00,PRTA
34.945,35.0,34.92,35.0,8104,2021-06-08 16:35:00,PRTA
34.975,35.02,34.96,35.01,1700,2021-06-08 16:36:00,PRTA
35.01,35.01,34.89,34.96,3300,2021-06-08 16:38:00,PRTA
34.91,34.91,34.91,34.91,100,2021-06-08 16:39:00,PRTA
34.91,34.91,34.88,34.88,800,2021-06-08 16:40:00,PRTA
34.87,34.91,34.76,34.8,2900,2021-06-08 16:41:00,PRTA
34.75,34.75,34.75,34.75,100,2021-06-08 16:42:00,PRTA
34.76,34.76,34.715,34.715,340,2021-06-08 16:43:00,PRTA
34.66,34.66,34.63,34.66,800,2021-06-08 16:44:00,PRTA
34.675,34.69,34.675,34.69,900,2021-06-08 16:45:00,PRTA
34.68,34.75,34.68,34.75,600,2021-06-08 16:46:00,PRTA
34.81,34.81,34.81,34.81,100,2021-06-08 16:47:00,PRTA
34.785,34.785,34.76,34.77,1006,2021-06-08 16:48:00,PRTA
34.81,34.86,34.78,34.86,600,2021-06-08 16:51:00,PRTA
34.91,34.91,34.9,34.9,200,2021-06-08 16:53:00,PRTA
34.93,34.98,34.89,34.98,1346,2021-06-08 16:55:00,PRTA
34.965,35.03,34.88,34.92,3079,2021-06-08 16:56:00,PRTA
34.945,34.969,34.945,34.9616,568,2021-06-08 16:58:00,PRTA
34.96,35.03,34.96,35.03,3619,2021-06-08 16:59:00,PRTA
35.03,35.03,35.03,35.03,772,2021-06-08 17:00:00,PRTA
35.03,35.03,35.03,35.03,400,2021-06-08 17:01:00,PRTA
35.05,35.14,35.04,35.14,1812,2021-06-08 17:02:00,PRTA
35.14,35.22,35.14,35.22,300,2021-06-08 17:04:00,PRTA
35.195,35.31,35.195,35.31,1285,2021-06-08 17:05:00,PRTA
35.37,35.37,35.29,35.29,4026,2021-06-08 17:06:00,PRTA
35.32,35.4,35.29,35.36,1100,2021-06-08 17:07:00,PRTA
35.35,35.35,35.345,35.345,200,2021-06-08 17:08:00,PRTA
35.39,35.46,35.39,35.46,900,2021-06-08 17:10:00,PRTA
35.44,35.44,35.43,35.43,742,2021-06-08 17:11:00,PRTA
35.32,35.32,35.32,35.32,100,2021-06-08 17:12:00,PRTA
35.32,35.32,35.32,35.32,100,2021-06-08 17:13:00,PRTA
35.3,35.3,35.24,35.3,900,2021-06-08 17:14:00,PRTA
35.3,35.3,35.24,35.24,300,2021-06-08 17:16:00,PRTA
35.275,35.36,35.275,35.34,1567,2021-06-08 17:17:00,PRTA
35.36,35.45,35.36,35.42,1500,2021-06-08 17:18:00,PRTA
35.48,35.55,35.475,35.55,600,2021-06-08 17:19:00,PRTA
35.56,35.61,35.52,35.52,2000,2021-06-08 17:20:00,PRTA
35.535,35.535,35.5,35.535,600,2021-06-08 17:21:00,PRTA
35.5,35.52,35.5,35.52,500,2021-06-08 17:22:00,PRTA
35.47,35.47,35.32,35.32,629,2021-06-08 17:23:00,PRTA
35.34,35.42,35.33,35.35,1031,2021-06-08 17:24:00,PRTA
35.32,35.33,35.31,35.33,300,2021-06-08 17:25:00,PRTA
35.38,35.41,35.38,35.41,300,2021-06-08 17:26:00,PRTA
35.5,35.5,35.5,35.5,100,2021-06-08 17:27:00,PRTA
35.51,35.51,35.51,35.51,100,2021-06-08 17:30:00,PRTA
35.51,35.58,35.51,35.58,302,2021-06-08 17:31:00,PRTA
35.69,35.8,35.69,35.79,600,2021-06-08 17:32:00,PRTA
35.8433,35.9,35.8433,35.9,976,2021-06-08 17:33:00,PRTA
35.905,36.0,35.905,35.96,1300,2021-06-08 17:34:00,PRTA
36.0,36.16,36.0,36.16,6956,2021-06-08 17:35:00,PRTA
36.16,36.16,36.16,36.16,200,2021-06-08 17:36:00,PRTA
36.16,36.275,36.16,36.2201,2773,2021-06-08 17:38:00,PRTA
36.265,36.31,36.19,36.19,2280,2021-06-08 17:39:00,PRTA
36.3,36.3,36.3,36.3,300,2021-06-08 17:41:00,PRTA
36.225,36.225,36.225,36.225,200,2021-06-08 17:42:00,PRTA
36.3,36.3,36.3,36.3,300,2021-06-08 17:44:00,PRTA
36.4,36.4,36.4,36.4,100,2021-06-08 17:45:00,PRTA
36.3614,36.3614,36.3614,36.3614,200,2021-06-08 17:47:00,PRTA
36.5,36.6,36.46,36.6,500,2021-06-08 17:48:00,PRTA
36.52,36.56,36.51,36.55,1749,2021-06-08 17:49:00,PRTA
36.52,36.52,36.52,36.52,237,2021-06-08 17:50:00,PRTA
36.43,36.43,36.43,36.43,300,2021-06-08 17:52:00,PRTA
36.37,36.38,36.33,36.37,800,2021-06-08 17:53:00,PRTA
36.43,36.44,36.43,36.43,300,2021-06-08 17:54:00,PRTA
36.3,36.3,36.3,36.3,100,2021-06-08 17:55:00,PRTA
36.395,36.63,36.395,36.6,636,2021-06-08 17:56:00,PRTA
36.6,36.6,36.6,36.6,100,2021-06-08 17:57:00,PRTA
36.55,36.59,36.55,36.59,200,2021-06-08 17:59:00,PRTA
36.64,36.64,36.64,36.64,100,2021-06-08 18:00:00,PRTA
36.7082,36.75,36.63,36.75,2367,2021-06-08 18:01:00,PRTA
36.77,36.87,36.77,36.87,500,2021-06-08 18:03:00,PRTA
36.93,36.93,36.75,36.75,2848,2021-06-08 18:04:00,PRTA
36.74,36.74,36.7102,36.7102,372,2021-06-08 18:05:00,PRTA
36.71,36.81,36.71,36.81,752,2021-06-08 18:07:00,PRTA
36.85,36.85,36.84,36.85,300,2021-06-08 18:08:00,PRTA
36.94,36.94,36.94,36.94,100,2021-06-08 18:09:00,PRTA
36.875,36.92,36.85,36.92,1500,2021-06-08 18:10:00,PRTA
36.94,37.04,36.94,36.94,1976,2021-06-08 18:11:00,PRTA
37.01,37.01,37.01,37.01,927,2021-06-08 18:13:00,PRTA
37.04,37.26,37.04,37.26,1300,2021-06-08 18:14:00,PRTA
37.235,37.28,37.19,37.19,500,2021-06-08 18:15:00,PRTA
37.255,37.255,37.255,37.255,100,2021-06-08 18:16:00,PRTA
37.31,37.31,37.25,37.25,600,2021-06-08 18:17:00,PRTA
37.19,37.29,37.19,37.29,300,2021-06-08 18:18:00,PRTA
37.3,37.34,37.28,37.28,300,2021-06-08 18:19:00,PRTA
37.285,37.29,37.21,37.29,1325,2021-06-08 18:20:00,PRTA
37.265,37.34,37.265,37.265,304,2021-06-08 18:21:00,PRTA
37.265,37.265,37.265,37.265,104,2021-06-08 18:22:00,PRTA
37.35,37.39,37.34,37.35,2400,2021-06-08 18:26:00,PRTA
37.4,37.57,37.4,37.57,2965,2021-06-08 18:28:00,PRTA
37.6,37.73,37.6,37.73,3784,2021-06-08 18:29:00,PRTA
37.77,37.77,37.77,37.77,100,2021-06-08 18:30:00,PRTA
37.9,37.9,37.87,37.87,205,2021-06-08 18:31:00,PRTA
37.97,37.97,37.81,37.84,4240,2021-06-08 18:32:00,PRTA
37.95,38.07,37.95,38.07,511,2021-06-08 18:34:00,PRTA
37.97,38.305,37.97,38.3,7799,2021-06-08 18:36:00,PRTA
38.25,38.25,38.25,38.25,2115,2021-06-08 18:37:00,PRTA
38.26,38.29,38.24,38.27,7362,2021-06-08 18:38:00,PRTA
38.25,38.25,38.25,38.25,558,2021-06-08 18:39:00,PRTA
38.25,38.3199,38.25,38.26,5864,2021-06-08 18:40:00,PRTA
38.32,38.36,38.25,38.35,2302,2021-06-08 18:41:00,PRTA
38.34,38.34,38.34,38.34,100,2021-06-08 18:42:00,PRTA
38.3399,38.4,38.3399,38.4,800,2021-06-08 18:43:00,PRTA
38.4,38.41,38.32,38.41,400,2021-06-08 18:45:00,PRTA
38.41,38.41,38.41,38.41,100,2021-06-08 18:46:00,PRTA
38.4,38.4,38.4,38.4,500,2021-06-08 18:48:00,PRTA
38.4,38.6,38.4,38.6,3080,2021-06-08 18:50:00,PRTA
38.58,38.82,38.58,38.81,1932,2021-06-08 18:51:00,PRTA
38.67,38.76,38.61,38.76,3704,2021-06-08 18:52:00,PRTA
38.68,38.68,38.68,38.68,100,2021-06-08 18:53:00,PRTA
38.7253,38.81,38.7253,38.81,500,2021-06-08 18:54:00,PRTA
38.85,38.85,38.7377,38.7377,750,2021-06-08 18:55:00,PRTA
38.85,38.9,38.81,38.81,2000,2021-06-08 18:56:00,PRTA
38.915,38.92,38.84,38.92,3224,2021-06-08 18:57:00,PRTA
38.92,38.92,38.7,38.8,4064,2021-06-08 18:58:00,PRTA
38.93,38.93,38.93,38.93,100,2021-06-08 18:59:00,PRTA
38.845,38.845,38.845,38.845,400,2021-06-08 19:00:00,PRTA
38.78,38.84,38.78,38.84,300,2021-06-08 19:02:00,PRTA
38.7701,38.78,38.7701,38.78,337,2021-06-08 19:03:00,PRTA
38.9,38.9,38.84,38.84,400,2021-06-08 19:04:00,PRTA
38.9,38.9,38.77,38.77,300,2021-06-08 19:05:00,PRTA
38.9,38.98,38.865,38.865,2300,2021-06-08 19:06:00,PRTA
38.98,38.98,38.98,38.98,100,2021-06-08 19:07:00,PRTA
38.98,39.09,38.94,39.09,11609,2021-06-08 19:08:00,PRTA
39.06,39.07,38.97,39.01,3891,2021-06-08 19:09:00,PRTA
39.03,39.07,38.94,39.01,2841,2021-06-08 19:10:00,PRTA
39.01,39.02,39.01,39.02,738,2021-06-08 19:11:00,PRTA
39.015,39.12,39.015,39.12,700,2021-06-08 19:12:00,PRTA
39.18,39.27,39.015,39.165,1300,2021-06-08 19:13:00,PRTA
39.25,39.4,39.25,39.28,1130,2021-06-08 19:14:00,PRTA
39.27,39.27,39.27,39.27,100,2021-06-08 19:15:00,PRTA
39.2748,39.2748,39.2688,39.2688,1900,2021-06-08 19:16:00,PRTA
39.19,39.36,39.17,39.18,637,2021-06-08 19:17:00,PRTA
39.25,39.33,39.12,39.12,4228,2021-06-08 19:18:00,PRTA
39.28,39.28,38.93,39.0,3418,2021-06-08 19:19:00,PRTA
39.05,39.06,39.035,39.035,800,2021-06-08 19:20:00,PRTA
39.1,39.13,39.0,39.13,1750,2021-06-08 19:21:00,PRTA
39.14,39.21,39.14,39.21,455,2021-06-08 19:22:00,PRTA
39.2,39.27,39.19,39.27,1120,2021-06-08 19:23:00,PRTA
39.29,39.29,39.29,39.29,100,2021-06-08 19:25:00,PRTA
39.28,39.41,39.27,39.41,1080,2021-06-08 19:26:00,PRTA
39.35,39.41,39.27,39.29,2340,2021-06-08 19:27:00,PRTA
39.28,39.32,39.23,39.23,2716,2021-06-08 19:28:00,PRTA
39.19,39.19,39.005,39.03,2759,2021-06-08 19:29:00,PRTA
39.07,39.11,39.06,39.06,1200,2021-06-08 19:30:00,PRTA
39.13,39.28,39.07,39.28,900,2021-06-08 19:31:00,PRTA
39.29,39.33,39.255,39.33,500,2021-06-08 19:32:00,PRTA
39.29,39.29,39.25,39.25,1200,2021-06-08 19:33:00,PRTA
39.28,39.4,39.27,39.4,2800,2021-06-08 19:34:00,PRTA
39.42,39.58,39.39,39.4,4460,2021-06-08 19:35:00,PRTA
39.45,39.49,39.31,39.31,2437,2021-06-08 19:36:00,PRTA
39.28,39.28,39.28,39.28,100,2021-06-08 19:37:00,PRTA
39.31,39.31,39.15,39.185,1743,2021-06-08 19:38:00,PRTA
39.15,39.16,39.105,39.105,900,2021-06-08 19:39:00,PRTA
39.16,39.24,39.16,39.24,740,2021-06-08 19:40:00,PRTA
39.24,39.37,39.24,39.37,973,2021-06-08 19:41:00,PRTA
39.26,39.27,39.16,39.2075,1778,2021-06-08 19:42:00,PRTA
39.215,39.285,39.215,39.24,1000,2021-06-08 19:43:00,PRTA
39.24,39.37,39.09,39.26,6456,2021-06-08 19:44:00,PRTA
39.305,39.46,39.305,39.41,1000,2021-06-08 19:45:00,PRTA
39.38,39.42,39.29,39.37,1822,2021-06-08 19:46:00,PRTA
39.37,39.37,39.29,39.29,700,2021-06-08 19:47:00,PRTA
39.24,39.38,39.24,39.32,3300,2021-06-08 19:48:00,PRTA
39.38,39.46,39.2925,39.37,2666,2021-06-08 19:49:00,PRTA
39.3,39.38,39.28,39.35,2962,2021-06-08 19:50:00,PRTA
39.38,39.46,39.29,39.46,2958,2021-06-08 19:51:00,PRTA
39.46,39.47,39.32,39.35,1900,2021-06-08 19:52:00,PRTA
39.35,39.47,39.33,39.47,3764,2021-06-08 19:53:00,PRTA
39.47,39.6,39.43,39.54,5226,2021-06-08 19:54:00,PRTA
39.43,39.53,39.43,39.475,3147,2021-06-08 19:55:00,PRTA
39.5,39.5,39.37,39.5,3621,2021-06-08 19:56:00,PRTA
39.46,39.53,39.41,39.49,1600,2021-06-08 19:57:00,PRTA
39.45,39.49,39.32,39.47,6590,2021-06-08 19:58:00,PRTA
39.46,39.53,39.33,39.33,13097,2021-06-08 19:59:00,PRTA
39.42,39.42,39.42,39.42,50230,2021-06-08 20:00:00,PRTA
39.87,39.87,39.87,39.87,200,2021-06-08 20:04:00,PRTA
39.6,39.6,39.58,39.59,500,2021-06-08 20:18:00,PRTA
39.42,39.42,39.42,39.42,29428,2021-06-08 21:29:00,PRTA
39.87,39.87,39.87,39.87,493,2021-06-09 13:29:00,PRTA
39.28,39.99,39.28,39.71,7441,2021-06-09 13:30:00,PRTA
39.68,39.68,39.5272,39.5272,360,2021-06-09 13:31:00,PRTA
39.84,40.0,39.7,39.855,1000,2021-06-09 13:32:00,PRTA
39.82,39.82,39.71,39.71,985,2021-06-09 13:33:00,PRTA
39.2436,39.2436,39.17,39.17,215,2021-06-09 13:36:00,PRTA
39.17,39.17,38.76,39.0983,2847,2021-06-09 13:39:00,PRTA
38.7,38.7,38.54,38.54,200,2021-06-09 13:40:00,PRTA
38.45,38.6166,38.45,38.59,320,2021-06-09 13:43:00,PRTA
38.65,38.65,38.65,38.65,100,2021-06-09 13:45:00,PRTA
38.92,38.92,38.67,38.67,216,2021-06-09 13:46:00,PRTA
38.79,38.79,38.56,38.7775,800,2021-06-09 13:47:00,PRTA
38.92,39.15,38.92,39.01,1000,2021-06-09 13:48:00,PRTA
38.94,39.0,38.93,38.975,800,2021-06-09 13:49:00,PRTA
38.9,38.9,38.89,38.89,200,2021-06-09 13:50:00,PRTA
38.875,38.875,38.875,38.875,100,2021-06-09 13:51:00,PRTA
38.875,39.05,38.6945,38.6945,6748,2021-06-09 13:52:00,PRTA
38.65,38.65,38.65,38.65,100,2021-06-09 13:53:00,PRTA
38.75,38.75,38.745,38.745,546,2021-06-09 13:54:00,PRTA
38.745,38.745,38.53,38.53,2000,2021-06-09 13:55:00,PRTA
38.735,38.735,38.53,38.53,222,2021-06-09 13:56:00,PRTA
38.735,38.735,38.735,38.735,200,2021-06-09 13:57:00,PRTA
38.735,38.735,38.55,38.735,1200,2021-06-09 13:58:00,PRTA
38.74,38.74,38.51,38.51,1605,2021-06-09 13:59:00,PRTA
38.51,38.51,38.29,38.29,1000,2021-06-09 14:00:00,PRTA
38.5,38.5,38.49,38.49,200,2021-06-09 14:01:00,PRTA
38.465,38.465,38.465,38.465,100,2021-06-09 14:02:00,PRTA
38.455,38.46,38.455,38.46,200,2021-06-09 14:03:00,PRTA
38.455,38.53,38.455,38.53,300,2021-06-09 14:04:00,PRTA
38.455,38.8,38.455,38.6501,6702,2021-06-09 14:05:00,PRTA
38.79,38.93,38.66,38.805,5000,2021-06-09 14:06:00,PRTA
38.74,38.82,38.74,38.82,700,2021-06-09 14:07:00,PRTA
38.82,38.82,38.82,38.82,200,2021-06-09 14:08:00,PRTA
38.9,39.15,38.9,39.07,2094,2021-06-09 14:09:00,PRTA
39.07,39.07,38.87,39.0,1636,2021-06-09 14:10:00,PRTA
38.97,38.97,38.97,38.97,200,2021-06-09 14:12:00,PRTA
38.97,38.97,38.97,38.97,300,2021-06-09 14:15:00,PRTA
38.88,39.17,38.87,39.17,3414,2021-06-09 14:16:00,PRTA
39.1,39.17,38.81,39.12,10519,2021-06-09 14:19:00,PRTA
39.08,39.11,39.08,39.08,1224,2021-06-09 14:20:00,PRTA
39.15,39.15,39.06,39.06,200,2021-06-09 14:22:00,PRTA
39.08,39.08,39.08,39.08,100,2021-06-09 14:23:00,PRTA
38.9901,39.115,38.9901,39.115,250,2021-06-09 14:24:00,PRTA
39.17,39.17,39.17,39.17,100,2021-06-09 14:25:00,PRTA
39.06,39.17,38.99,38.99,3127,2021-06-09 14:26:00,PRTA
38.995,39.07,38.995,39.07,200,2021-06-09 14:28:00,PRTA
39.07,39.07,38.995,38.995,200,2021-06-09 14:29:00,PRTA
39.07,39.07,38.92,39.0,2800,2021-06-09 14:30:00,PRTA
39.0,39.0,39.0,39.0,200,2021-06-09 14:31:00,PRTA
38.93,38.93,38.93,38.93,100,2021-06-09 14:32:00,PRTA
38.95,39.07,38.95,39.04,1100,2021-06-09 14:33:00,PRTA
39.2,39.25,39.2,39.25,500,2021-06-09 14:34:00,PRTA
39.0901,39.0901,39.0901,39.0901,100,2021-06-09 14:35:00,PRTA
39.09,39.145,39.015,39.015,1289,2021-06-09 14:36:00,PRTA
39.02,39.02,38.95,38.95,440,2021-06-09 14:38:00,PRTA
38.91,39.03,38.9,39.03,1571,2021-06-09 14:39:00,PRTA
39.08,39.08,39.08,39.08,100,2021-06-09 14:40:00,PRTA
39.075,39.075,39.015,39.015,200,2021-06-09 14:41:00,PRTA
39.0,39.02,38.96,38.96,1000,2021-06-09 14:42:00,PRTA
38.975,38.975,38.86,38.86,608,2021-06-09 14:43:00,PRTA
38.965,38.965,38.935,38.935,271,2021-06-09 14:44:00,PRTA
38.935,38.935,38.935,38.935,146,2021-06-09 14:45:00,PRTA
38.92,38.92,38.905,38.905,300,2021-06-09 14:46:00,PRTA
38.82,38.94,38.82,38.94,1700,2021-06-09 14:47:00,PRTA
38.935,38.935,38.935,38.935,300,2021-06-09 14:48:00,PRTA
38.85,38.92,38.81,38.85,1834,2021-06-09 14:49:00,PRTA
38.78,38.78,38.775,38.775,200,2021-06-09 14:50:00,PRTA
38.91,38.98,38.91,38.91,700,2021-06-09 14:51:00,PRTA
39.07,39.16,39.07,39.16,200,2021-06-09 14:52:00,PRTA
39.17,39.17,39.1,39.1,200,2021-06-09 14:53:00,PRTA
39.19,39.205,39.19,39.205,200,2021-06-09 14:54:00,PRTA
39.29,39.29,39.27,39.27,200,2021-06-09 14:55:00,PRTA
39.29,39.39,39.29,39.39,300,2021-06-09 14:56:00,PRTA
39.39,39.59,39.295,39.59,2100,2021-06-09 14:57:00,PRTA
39.58,39.59,39.58,39.59,234,2021-06-09 14:58:00,PRTA
39.59,39.65,39.57,39.65,812,2021-06-09 14:59:00,PRTA
39.65,39.65,39.58,39.58,400,2021-06-09 15:00:00,PRTA
39.715,39.8,39.67,39.8,400,2021-06-09 15:01:00,PRTA
39.8027,39.84,39.7,39.7,1150,2021-06-09 15:02:00,PRTA
39.7646,39.83,39.7646,39.83,703,2021-06-09 15:03:00,PRTA
39.775,39.775,39.775,39.775,200,2021-06-09 15:04:00,PRTA
39.83,40.0,39.83,39.95,4529,2021-06-09 15:05:00,PRTA
39.94,39.94,39.94,39.94,100,2021-06-09 15:07:00,PRTA
39.895,39.895,39.61,39.625,1879,2021-06-09 15:08:00,PRTA
39.56,39.77,39.46,39.77,3367,2021-06-09 15:10:00,PRTA
39.53,39.53,39.4999,39.4999,1119,2021-06-09 15:11:00,PRTA
39.575,39.575,39.575,39.575,1000,2021-06-09 15:12:00,PRTA
39.575,39.575,39.575,39.575,100,2021-06-09 15:13:00,PRTA
39.53,39.62,39.53,39.62,426,2021-06-09 15:15:00,PRTA
39.645,39.72,39.645,39.72,500,2021-06-09 15:16:00,PRTA
39.72,39.75,39.72,39.75,200,2021-06-09 15:17:00,PRTA
39.6,39.6,39.5,39.5,400,2021-06-09 15:18:00,PRTA
39.5,39.55,39.42,39.4775,1539,2021-06-09 15:19:00,PRTA
39.55,39.55,39.55,39.55,100,2021-06-09 15:21:00,PRTA
39.55,39.575,39.48,39.575,600,2021-06-09 15:22:00,PRTA
39.52,39.52,39.49,39.49,200,2021-06-09 15:23:00,PRTA
39.485,39.61,39.485,39.59,1400,2021-06-09 15:24:00,PRTA
39.49,39.49,39.49,39.49,100,2021-06-09 15:25:00,PRTA
39.57,39.57,39.57,39.57,100,2021-06-09 15:26:00,PRTA
39.5,39.59,39.445,39.56,2800,2021-06-09 15:27:00,PRTA
39.65,39.65,39.65,39.65,100,2021-06-09 15:28:00,PRTA
39.69,39.77,39.6,39.77,1425,2021-06-09 15:29:00,PRTA
39.64,39.64,39.64,39.64,157,2021-06-09 15:30:00,PRTA
39.72,39.72,39.72,39.72,200,2021-06-09 15:31:00,PRTA
39.8,39.8,39.6,39.64,5240,2021-06-09 15:32:00,PRTA
39.6,39.78,39.6,39.665,1400,2021-06-09 15:33:00,PRTA
39.71,39.73,39.675,39.68,1600,2021-06-09 15:34:00,PRTA
39.65,39.65,39.49,39.505,7498,2021-06-09 15:35:00,PRTA
39.49,39.55,39.49,39.49,2581,2021-06-09 15:36:00,PRTA
39.49,39.49,39.49,39.49,100,2021-06-09 15:37:00,PRTA
39.4459,39.4459,39.4459,39.4459,552,2021-06-09 15:39:00,PRTA
39.475,39.475,39.475,39.475,100,2021-06-09 15:41:00,PRTA
39.51,39.51,39.465,39.465,200,2021-06-09 15:42:00,PRTA
39.53,39.61,39.53,39.61,506,2021-06-09 15:43:00,PRTA
39.66,39.66,39.66,39.66,100,2021-06-09 15:44:00,PRTA
39.67,39.67,39.67,39.67,100,2021-06-09 15:46:00,PRTA
39.66,39.66,39.45,39.57,2552,2021-06-09 15:48:00,PRTA
39.57,39.57,39.57,39.57,100,2021-06-09 15:49:00,PRTA
39.6,39.62,39.6,39.62,600,2021-06-09 15:51:00,PRTA
39.6,39.6,39.46,39.5,4305,2021-06-09 15:52:00,PRTA
39.53,39.53,39.48,39.5,1199,2021-06-09 15:55:00,PRTA
39.5,39.56,39.48,39.5,1248,2021-06-09 15:56:00,PRTA
39.49,39.49,39.49,39.49,100,2021-06-09 15:58:00,PRTA
39.515,39.515,39.515,39.515,100,2021-06-09 15:59:00,PRTA
39.51,39.51,39.5,39.5,200,2021-06-09 16:00:00,PRTA
39.51,39.51,39.432,39.432,200,2021-06-09 16:01:00,PRTA
39.43,39.43,39.43,39.43,100,2021-06-09 16:03:00,PRTA
39.48,39.525,39.48,39.525,200,2021-06-09 16:05:00,PRTA
39.57,39.57,39.57,39.57,100,2021-06-09 16:06:00,PRTA
39.58,39.58,39.58,39.58,100,2021-06-09 16:08:00,PRTA
39.58,39.63,39.56,39.63,1800,2021-06-09 16:10:00,PRTA
39.69,39.69,39.69,39.69,100,2021-06-09 16:11:00,PRTA
39.71,39.71,39.71,39.71,100,2021-06-09 16:12:00,PRTA
39.74,39.74,39.74,39.74,100,2021-06-09 16:13:00,PRTA
39.73,39.73,39.7,39.7,1003,2021-06-09 16:14:00,PRTA
39.695,39.695,39.65,39.65,910,2021-06-09 16:16:00,PRTA
39.67,39.67,39.67,39.67,200,2021-06-09 16:17:00,PRTA
39.65,39.65,39.65,39.65,300,2021-06-09 16:18:00,PRTA
39.7,39.73,39.675,39.72,2100,2021-06-09 16:19:00,PRTA
39.78,39.78,39.7,39.705,1200,2021-06-09 16:21:00,PRTA
39.695,39.72,39.68,39.72,800,2021-06-09 16:22:00,PRTA
39.78,39.78,39.78,39.78,400,2021-06-09 16:23:00,PRTA
39.82,39.8398,39.82,39.8398,200,2021-06-09 16:25:00,PRTA
39.86,39.86,39.845,39.845,912,2021-06-09 16:26:00,PRTA
39.8,39.845,39.8,39.845,200,2021-06-09 16:27:00,PRTA
39.85,39.85,39.85,39.85,200,2021-06-09 16:30:00,PRTA
39.92,39.92,39.92,39.92,200,2021-06-09 16:31:00,PRTA
39.88,39.88,39.84,39.88,600,2021-06-09 16:34:00,PRTA
39.88,39.88,39.77,39.77,1218,2021-06-09 16:35:00,PRTA
39.78,39.8,39.75,39.8,1506,2021-06-09 16:36:00,PRTA
39.79,39.83,39.79,39.83,255,2021-06-09 16:37:00,PRTA
39.79,39.79,39.74,39.77,842,2021-06-09 16:39:00,PRTA
39.75,39.75,39.7,39.75,2402,2021-06-09 16:40:00,PRTA
39.735,39.75,39.72,39.735,500,2021-06-09 16:42:00,PRTA
39.76,39.76,39.76,39.76,100,2021-06-09 16:44:00,PRTA
39.73,39.76,39.71,39.76,300,2021-06-09 16:45:00,PRTA
39.78,39.78,39.78,39.78,100,2021-06-09 16:47:00,PRTA
39.71,39.71,39.71,39.71,100,2021-06-09 16:48:00,PRTA
39.76,39.76,39.65,39.69,7636,2021-06-09 16:49:00,PRTA
39.7,39.7,39.64,39.64,550,2021-06-09 16:52:00,PRTA
39.7,39.73,39.61,39.61,4922,2021-06-09 16:53:00,PRTA
39.7,39.7,39.7,39.7,100,2021-06-09 16:54:00,PRTA
39.7,39.7,39.7,39.7,100,2021-06-09 16:56:00,PRTA
39.645,39.645,39.5,39.5,800,2021-06-09 16:57:00,PRTA
39.5,39.5,39.5,39.5,1114,2021-06-09 16:58:00,PRTA
39.49,39.56,39.49,39.49,1328,2021-06-09 16:59:00,PRTA
39.515,39.515,39.515,39.515,100,2021-06-09 17:02:00,PRTA
39.5095,39.5095,39.5095,39.5095,400,2021-06-09 17:04:00,PRTA
39.53,39.6,39.53,39.6,200,2021-06-09 17:05:00,PRTA
39.575,39.575,39.52,39.52,700,2021-06-09 17:07:00,PRTA
39.5,39.5,39.5,39.5,400,2021-06-09 17:08:00,PRTA
39.5,39.525,39.5,39.5,400,2021-06-09 17:11:00,PRTA
39.495,39.52,39.47,39.5,1000,2021-06-09 17:12:00,PRTA
39.54,39.54,39.5,39.5,405,2021-06-09 17:15:00,PRTA
39.5,39.52,39.5,39.52,200,2021-06-09 17:16:00,PRTA
39.57,39.61,39.55,39.56,2797,2021-06-09 17:17:00,PRTA
39.49,39.49,39.49,39.49,100,2021-06-09 17:18:00,PRTA
39.47,39.47,39.47,39.47,100,2021-06-09 17:19:00,PRTA
39.49,39.5,39.461,39.495,992,2021-06-09 17:21:00,PRTA
39.49,39.49,39.49,39.49,100,2021-06-09 17:22:00,PRTA
39.47,39.47,39.47,39.47,100,2021-06-09 17:23:00,PRTA
39.52,39.56,39.52,39.56,200,2021-06-09 17:24:00,PRTA
39.58,39.58,39.57,39.57,600,2021-06-09 17:25:00,PRTA
39.59,39.59,39.59,39.59,100,2021-06-09 17:26:00,PRTA
39.595,39.595,39.51,39.53,1653,2021-06-09 17:27:00,PRTA
39.555,39.59,39.555,39.59,200,2021-06-09 17:28:00,PRTA
39.59,39.59,39.59,39.59,200,2021-06-09 17:29:00,PRTA
39.57,39.57,39.46,39.5,1743,2021-06-09 17:30:00,PRTA
39.49,39.5,39.28,39.28,6601,2021-06-09 17:31:00,PRTA
39.32,39.32,39.32,39.32,200,2021-06-09 17:32:00,PRTA
39.335,39.37,39.3,39.33,2133,2021-06-09 17:36:00,PRTA
39.31,39.31,39.29,39.29,300,2021-06-09 17:37:00,PRTA
39.28,39.28,39.26,39.26,500,2021-06-09 17:38:00,PRTA
39.31,39.31,39.3,39.31,500,2021-06-09 17:39:00,PRTA
39.25,39.25,39.13,39.17,400,2021-06-09 17:40:00,PRTA
39.12,39.12,39.07,39.08,500,2021-06-09 17:41:00,PRTA
39.13,39.13,39.13,39.13,100,2021-06-09 17:44:00,PRTA
39.15,39.15,39.1,39.1,200,2021-06-09 17:45:00,PRTA
39.1,39.1,38.92,38.92,1400,2021-06-09 17:46:00,PRTA
38.91,38.91,38.91,38.91,200,2021-06-09 17:47:00,PRTA
38.85,38.85,38.85,38.85,100,2021-06-09 17:48:00,PRTA
38.81,38.81,38.74,38.775,600,2021-06-09 17:51:00,PRTA
38.72,38.72,38.72,38.72,100,2021-06-09 17:52:00,PRTA
38.82,38.82,38.73,38.775,300,2021-06-09 17:54:00,PRTA
38.83,38.9,38.83,38.86,1400,2021-06-09 17:55:00,PRTA
38.96,38.96,38.96,38.96,100,2021-06-09 17:57:00,PRTA
38.96,38.96,38.96,38.96,100,2021-06-09 17:59:00,PRTA
38.98,38.98,38.96,38.96,300,2021-06-09 18:00:00,PRTA
38.98,38.98,38.98,38.98,100,2021-06-09 18:01:00,PRTA
38.86,39.06,38.86,39.06,200,2021-06-09 18:03:00,PRTA
39.06,39.06,39.06,39.06,100,2021-06-09 18:04:00,PRTA
39.06,39.06,38.92,38.92,200,2021-06-09 18:06:00,PRTA
38.93,38.93,38.91,38.92,899,2021-06-09 18:07:00,PRTA
38.85,38.94,38.85,38.94,1400,2021-06-09 18:08:00,PRTA
38.87,38.87,38.745,38.745,6100,2021-06-09 18:11:00,PRTA
38.745,38.745,38.745,38.745,100,2021-06-09 18:12:00,PRTA
38.805,38.805,38.805,38.805,258,2021-06-09 18:13:00,PRTA
38.86,38.86,38.86,38.86,100,2021-06-09 18:15:00,PRTA
38.87,38.87,38.842,38.842,200,2021-06-09 18:16:00,PRTA
38.99,38.99,38.99,38.99,100,2021-06-09 18:17:00,PRTA
38.87,38.87,38.87,38.87,100,2021-06-09 18:18:00,PRTA
38.88,38.9,38.82,38.88,2071,2021-06-09 18:19:00,PRTA
38.848,38.885,38.848,38.885,533,2021-06-09 18:22:00,PRTA
38.885,38.885,38.885,38.885,100,2021-06-09 18:23:00,PRTA
38.885,38.885,38.85,38.85,200,2021-06-09 18:24:00,PRTA
38.885,38.885,38.885,38.885,100,2021-06-09 18:25:00,PRTA
38.94,39.03,38.94,38.98,1495,2021-06-09 18:26:00,PRTA
39.07,39.07,39.07,39.07,100,2021-06-09 18:27:00,PRTA
39.01,39.01,39.01,39.01,100,2021-06-09 18:28:00,PRTA
39.07,39.08,39.07,39.08,200,2021-06-09 18:29:00,PRTA
39.28,39.39,39.28,39.39,300,2021-06-09 18:30:00,PRTA
39.32,39.32,39.32,39.32,100,2021-06-09 18:32:00,PRTA
39.31,39.31,39.22,39.22,953,2021-06-09 18:34:00,PRTA
39.16,39.28,39.13,39.28,600,2021-06-09 18:35:00,PRTA
39.195,39.195,39.195,39.195,100,2021-06-09 18:37:00,PRTA
39.27,39.27,39.14,39.14,200,2021-06-09 18:38:00,PRTA
39.14,39.26,39.13,39.26,400,2021-06-09 18:39:00,PRTA
39.26,39.26,39.26,39.26,100,2021-06-09 18:41:00,PRTA
39.195,39.27,39.195,39.27,200,2021-06-09 18:42:00,PRTA
39.195,39.28,39.195,39.28,200,2021-06-09 18:43:00,PRTA
39.27,39.27,39.1,39.1,200,2021-06-09 18:45:00,PRTA
39.13,39.13,39.13,39.13,406,2021-06-09 18:46:00,PRTA
39.185,39.185,39.185,39.185,100,2021-06-09 18:47:00,PRTA
39.185,39.22,39.185,39.22,200,2021-06-09 18:48:00,PRTA
39.12,39.12,39.09,39.1,700,2021-06-09 18:50:00,PRTA
39.09,39.16,39.09,39.12,543,2021-06-09 18:52:00,PRTA
39.22,39.22,39.22,39.22,100,2021-06-09 18:53:00,PRTA
39.22,39.22,39.22,39.22,100,2021-06-09 18:54:00,PRTA
39.165,39.165,39.09,39.09,539,2021-06-09 18:55:00,PRTA
39.15,39.15,39.15,39.15,107,2021-06-09 18:56:00,PRTA
39.135,39.135,39.09,39.09,300,2021-06-09 18:57:00,PRTA
39.14,39.14,39.14,39.14,100,2021-06-09 18:58:00,PRTA
39.06,39.1,39.06,39.06,300,2021-06-09 19:00:00,PRTA
39.1,39.1,39.1,39.1,100,2021-06-09 19:01:00,PRTA
39.03,39.03,39.03,39.03,634,2021-06-09 19:02:00,PRTA
38.99,39.03,38.96,39.03,307,2021-06-09 19:03:00,PRTA
39.03,39.11,38.995,39.11,700,2021-06-09 19:04:00,PRTA
39.1,39.1,39.1,39.1,100,2021-06-09 19:05:00,PRTA
39.05,39.06,39.05,39.06,300,2021-06-09 19:06:00,PRTA
39.1,39.1,39.0,39.02,300,2021-06-09 19:07:00,PRTA
38.99,39.02,38.9,39.02,1625,2021-06-09 19:08:00,PRTA
39.02,39.02,39.02,39.02,200,2021-06-09 19:09:00,PRTA
39.035,39.035,39.035,39.035,100,2021-06-09 19:11:00,PRTA
39.09,39.15,39.035,39.15,1697,2021-06-09 19:12:00,PRTA
39.33,39.33,38.95,38.96,15933,2021-06-09 19:14:00,PRTA
39.025,39.06,39.025,39.06,200,2021-06-09 19:17:00,PRTA
39.01,39.01,39.01,39.01,100,2021-06-09 19:19:00,PRTA
39.0,39.0,38.94,38.94,1652,2021-06-09 19:20:00,PRTA
38.975,38.975,38.89,38.93,1323,2021-06-09 19:21:00,PRTA
38.9,38.91,38.85,38.885,2586,2021-06-09 19:22:00,PRTA
38.885,38.885,38.885,38.885,600,2021-06-09 19:23:00,PRTA
38.885,38.885,38.885,38.885,1700,2021-06-09 19:24:00,PRTA
38.885,38.885,38.885,38.885,200,2021-06-09 19:25:00,PRTA
38.885,38.91,38.88,38.91,2000,2021-06-09 19:26:00,PRTA
38.885,38.885,38.88,38.88,300,2021-06-09 19:27:00,PRTA
38.885,38.895,38.84,38.87,3226,2021-06-09 19:28:00,PRTA
38.8625,38.8625,38.82,38.82,899,2021-06-09 19:29:00,PRTA
38.84,38.86,38.83,38.86,1100,2021-06-09 19:30:00,PRTA
38.84,38.975,38.84,38.975,3008,2021-06-09 19:31:00,PRTA
38.975,38.975,38.975,38.975,200,2021-06-09 19:32:00,PRTA
39.03,39.03,38.975,38.975,500,2021-06-09 19:33:00,PRTA
38.94,39.02,38.94,39.02,200,2021-06-09 19:34:00,PRTA
38.93,39.02,38.93,38.975,300,2021-06-09 19:35:00,PRTA
38.975,39.02,38.92,39.02,400,2021-06-09 19:36:00,PRTA
38.93,39.03,38.93,38.975,1000,2021-06-09 19:37:00,PRTA
39.02,39.02,38.94,38.965,600,2021-06-09 19:38:00,PRTA
39.01,39.07,38.98,39.07,1655,2021-06-09 19:39:00,PRTA
39.13,39.13,39.13,39.13,200,2021-06-09 19:40:00,PRTA
39.13,39.13,38.9175,38.9175,2858,2021-06-09 19:41:00,PRTA
38.93,38.98,38.9,38.925,2743,2021-06-09 19:42:00,PRTA
38.925,38.95,38.87,38.91,4477,2021-06-09 19:43:00,PRTA
38.98,39.01,38.89,38.89,1566,2021-06-09 19:44:00,PRTA
38.99,38.99,38.98,38.98,754,2021-06-09 19:46:00,PRTA
39.02,39.07,38.96,39.07,900,2021-06-09 19:47:00,PRTA
39.0,39.01,38.98,38.98,2557,2021-06-09 19:48:00,PRTA
39.0,39.0,38.9,38.9,5290,2021-06-09 19:49:00,PRTA
38.96,38.96,38.92,38.96,1200,2021-06-09 19:50:00,PRTA
38.92,39.07,38.92,39.07,2102,2021-06-09 19:51:00,PRTA
39.04,39.11,39.02,39.09,800,2021-06-09 19:52:00,PRTA
39.11,39.18,39.08,39.18,1365,2021-06-09 19:53:00,PRTA
39.14,39.14,39.02,39.05,3080,2021-06-09 19:54:00,PRTA
38.98,38.995,38.9,38.97,3016,2021-06-09 19:55:00,PRTA
39.01,39.02,38.91,38.91,1700,2021-06-09 19:56:00,PRTA
38.87,38.98,38.87,38.98,4521,2021-06-09 19:57:00,PRTA
38.95,38.98,38.89,38.93,2400,2021-06-09 19:58:00,PRTA
38.93,39.1,38.88,38.88,6137,2021-06-09 19:59:00,PRTA
38.94,38.94,38.94,38.94,46386,2021-06-09 20:00:00,PRTA
40.0,40.0,40.0,40.0,100,2021-06-10 12:28:00,PRTA
42.0,42.0,42.0,42.0,328,2021-06-10 12:33:00,PRTA
39.72,39.72,39.72,39.72,100,2021-06-10 13:29:00,PRTA
39.72,39.72,39.71,39.71,7571,2021-06-10 13:30:00,PRTA
39.4502,39.65,39.4502,39.65,300,2021-06-10 13:33:00,PRTA
39.72,39.72,39.5,39.5,400,2021-06-10 13:34:00,PRTA
39.92,39.93,39.49,39.78,2979,2021-06-10 13:35:00,PRTA
39.69,39.69,39.515,39.515,200,2021-06-10 13:36:00,PRTA
39.52,40.0852,39.52,40.0852,2208,2021-06-10 13:37:00,PRTA
40.045,40.045,40.045,40.045,200,2021-06-10 13:38:00,PRTA
39.94,39.94,39.8,39.865,632,2021-06-10 13:39:00,PRTA
39.7631,39.7631,39.7631,39.7631,129,2021-06-10 13:40:00,PRTA
39.725,39.725,39.725,39.725,200,2021-06-10 13:43:00,PRTA
39.92,39.94,39.9,39.94,300,2021-06-10 13:44:00,PRTA
39.95,40.13,39.845,40.0,700,2021-06-10 13:45:00,PRTA
40.0,40.0,39.92,40.0,800,2021-06-10 13:46:00,PRTA
40.1,40.1,40.1,40.1,100,2021-06-10 13:47:00,PRTA
39.96,39.96,39.85,39.85,1020,2021-06-10 13:48:00,PRTA
39.68,39.89,39.68,39.79,800,2021-06-10 13:49:00,PRTA
39.9,39.9,39.79,39.79,200,2021-06-10 13:50:00,PRTA
39.9,39.9,39.8277,39.8277,200,2021-06-10 13:51:00,PRTA
39.91,39.91,39.69,39.69,200,2021-06-10 13:52:00,PRTA
39.75,39.89,39.75,39.89,2056,2021-06-10 13:56:00,PRTA
39.87,39.95,39.82,39.82,2278,2021-06-10 13:57:00,PRTA
39.81,39.81,39.62,39.62,700,2021-06-10 13:58:00,PRTA
39.505,39.55,39.43,39.43,1100,2021-06-10 13:59:00,PRTA
39.5399,39.54,39.52,39.54,750,2021-06-10 14:00:00,PRTA
39.56,39.58,39.51,39.58,1000,2021-06-10 14:01:00,PRTA
39.58,39.6,39.58,39.6,1200,2021-06-10 14:02:00,PRTA
39.5,39.5,39.4,39.48,700,2021-06-10 14:03:00,PRTA
39.45,39.46,39.22,39.22,1554,2021-06-10 14:04:00,PRTA
39.215,39.2198,39.12,39.12,7024,2021-06-10 14:05:00,PRTA
39.245,39.34,39.1894,39.34,5672,2021-06-10 14:06:00,PRTA
39.4113,39.4113,39.4113,39.4113,273,2021-06-10 14:07:00,PRTA
39.4,39.4,39.4,39.4,100,2021-06-10 14:11:00,PRTA
39.29,39.4,39.26,39.345,1500,2021-06-10 14:12:00,PRTA
39.255,39.255,39.255,39.255,100,2021-06-10 14:13:00,PRTA
39.4,39.64,39.4,39.64,1224,2021-06-10 14:16:00,PRTA
39.59,39.59,39.59,39.59,103,2021-06-10 14:18:00,PRTA
39.64,39.78,39.64,39.78,800,2021-06-10 14:19:00,PRTA
39.89,39.89,39.6023,39.6023,500,2021-06-10 14:23:00,PRTA
39.66,39.68,39.602,39.625,600,2021-06-10 14:25:00,PRTA
39.735,39.735,39.735,39.735,100,2021-06-10 14:26:00,PRTA
39.58,39.58,39.58,39.58,252,2021-06-10 14:27:00,PRTA
39.54,39.59,39.54,39.59,400,2021-06-10 14:28:00,PRTA
39.535,39.61,39.4629,39.4629,412,2021-06-10 14:29:00,PRTA
39.6,39.65,39.49,39.544,3836,2021-06-10 14:30:00,PRTA
39.47,39.52,39.4201,39.4201,1204,2021-06-10 14:31:00,PRTA
39.44,39.57,39.44,39.57,3085,2021-06-10 14:32:00,PRTA
39.605,39.65,39.58,39.62,700,2021-06-10 14:33:00,PRTA
39.81,39.83,39.7,39.73,600,2021-06-10 14:34:00,PRTA
39.71,39.94,39.7,39.845,3066,2021-06-10 14:35:00,PRTA
39.85,40.0,39.8335,39.99,6148,2021-06-10 14:36:00,PRTA
39.95,39.95,39.9,39.9,882,2021-06-10 14:37:00,PRTA
39.78,39.92,39.78,39.92,200,2021-06-10 14:38:00,PRTA
39.78,39.78,39.78,39.78,100,2021-06-10 14:39:00,PRTA
39.77,39.77,39.77,39.77,100,2021-06-10 14:40:00,PRTA
39.77,39.77,39.57,39.57,500,2021-06-10 14:42:00,PRTA
39.56,39.56,39.56,39.56,200,2021-06-10 14:45:00,PRTA
39.36,39.4,39.31,39.3504,1700,2021-06-10 14:49:00,PRTA
39.29,39.37,39.29,39.34,700,2021-06-10 14:50:00,PRTA
39.28,39.28,39.28,39.28,100,2021-06-10 14:57:00,PRTA
39.49,39.7,39.45,39.7,1900,2021-06-10 14:59:00,PRTA
39.77,39.77,39.615,39.615,200,2021-06-10 15:00:00,PRTA
39.615,39.615,39.615,39.615,200,2021-06-10 15:03:00,PRTA
39.79,39.79,39.79,39.79,200,2021-06-10 15:05:00,PRTA
39.7,39.85,39.68,39.85,1395,2021-06-10 15:06:00,PRTA
39.87,40.0,39.85,40.0,300,2021-06-10 15:09:00,PRTA
40.0,40.1,40.0,40.065,4058,2021-06-10 15:10:00,PRTA
40.0,40.07,40.0,40.07,1600,2021-06-10 15:11:00,PRTA
40.15,40.25,40.09,40.25,600,2021-06-10 15:12:00,PRTA
40.15,40.15,40.15,40.15,100,2021-06-10 15:13:00,PRTA
40.135,40.235,40.1,40.1,6182,2021-06-10 15:14:00,PRTA
40.24,40.31,40.23,40.31,9578,2021-06-10 15:15:00,PRTA
40.3,40.46,40.26,40.46,13084,2021-06-10 15:16:00,PRTA
40.4046,40.405,40.4046,40.405,3600,2021-06-10 15:17:00,PRTA
40.35,40.35,40.33,40.33,1132,2021-06-10 15:18:00,PRTA
40.24,40.24,40.22,40.22,300,2021-06-10 15:19:00,PRTA
40.2443,40.54,40.2443,40.54,4490,2021-06-10 15:22:00,PRTA
40.53,40.54,40.5,40.5,1020,2021-06-10 15:23:00,PRTA
40.53,40.53,40.49,40.49,863,2021-06-10 15:24:00,PRTA
40.46,40.58,40.38,40.58,400,2021-06-10 15:25:00,PRTA
40.63,40.87,40.58,40.785,7584,2021-06-10 15:26:00,PRTA
40.7969,40.85,40.72,40.72,1445,2021-06-10 15:27:00,PRTA
40.645,40.65,40.56,40.56,300,2021-06-10 15:28:00,PRTA
40.57,40.68,40.55,40.68,745,2021-06-10 15:29:00,PRTA
40.63,40.63,40.63,40.63,100,2021-06-10 15:30:00,PRTA
40.64,40.64,40.43,40.47,4300,2021-06-10 15:31:00,PRTA
40.47,40.55,40.47,40.55,300,2021-06-10 15:32:00,PRTA
40.63,40.63,40.55,40.56,756,2021-06-10 15:33:00,PRTA
40.565,40.565,40.565,40.565,109,2021-06-10 15:34:00,PRTA
40.55,40.55,40.55,40.55,100,2021-06-10 15:35:00,PRTA
40.55,40.565,40.55,40.565,200,2021-06-10 15:36:00,PRTA
40.55,40.645,40.55,40.645,600,2021-06-10 15:37:00,PRTA
40.59,40.59,40.59,40.59,100,2021-06-10 15:38:00,PRTA
40.71,40.73,40.67,40.67,400,2021-06-10 15:40:00,PRTA
40.75,40.75,40.66,40.75,1849,2021-06-10 15:41:00,PRTA
40.55,40.55,40.55,40.55,100,2021-06-10 15:43:00,PRTA
40.8299,40.8299,40.8299,40.8299,150,2021-06-10 15:44:00,PRTA
40.59,40.7,40.59,40.7,1000,2021-06-10 15:46:00,PRTA
40.82,40.855,40.82,40.8334,904,2021-06-10 15:48:00,PRTA
40.94,40.94,40.88,40.88,350,2021-06-10 15:49:00,PRTA
40.81,40.81,40.81,40.81,100,2021-06-10 15:51:00,PRTA
40.81,40.81,40.81,40.81,300,2021-06-10 15:52:00,PRTA
40.795,40.795,40.795,40.795,100,2021-06-10 15:53:00,PRTA
40.85,41.13,40.84,41.13,7602,2021-06-10 15:54:00,PRTA
40.98,40.98,40.98,40.98,100,2021-06-10 15:55:00,PRTA
41.15,41.3,41.1267,41.285,5498,2021-06-10 15:56:00,PRTA
41.32,41.32,41.32,41.32,3300,2021-06-10 15:57:00,PRTA
41.325,41.325,41.325,41.325,300,2021-06-10 15:58:00,PRTA
41.34,41.34,41.34,41.34,100,2021-06-10 15:59:00,PRTA
41.4478,41.4478,41.4478,41.4478,200,2021-06-10 16:00:00,PRTA
41.35,41.47,41.2,41.47,800,2021-06-10 16:01:00,PRTA
41.47,41.5,41.28,41.5,1200,2021-06-10 16:02:00,PRTA
41.5,41.57,41.32,41.57,1800,2021-06-10 16:03:00,PRTA
41.32,41.57,41.32,41.445,300,2021-06-10 16:04:00,PRTA
41.5,41.5,41.5,41.5,178,2021-06-10 16:05:00,PRTA
41.45,41.45,41.33,41.33,200,2021-06-10 16:06:00,PRTA
41.455,41.4841,41.455,41.4841,204,2021-06-10 16:08:00,PRTA
41.455,41.57,41.45,41.45,1096,2021-06-10 16:09:00,PRTA
41.5507,41.5507,41.5507,41.5507,100,2021-06-10 16:10:00,PRTA
41.46,41.46,41.32,41.425,631,2021-06-10 16:11:00,PRTA
41.445,41.54,41.445,41.54,200,2021-06-10 16:12:00,PRTA
41.445,41.445,41.445,41.445,300,2021-06-10 16:13:00,PRTA
41.3501,41.53,41.3501,41.53,1800,2021-06-10 16:14:00,PRTA
41.5,41.5,41.5,41.5,200,2021-06-10 16:16:00,PRTA
41.5166,41.5191,41.5166,41.5191,225,2021-06-10 16:17:00,PRTA
41.495,41.495,41.495,41.495,100,2021-06-10 16:18:00,PRTA
41.41,41.495,41.41,41.495,300,2021-06-10 16:19:00,PRTA
41.52,41.52,41.515,41.515,2900,2021-06-10 16:20:00,PRTA
41.515,41.675,41.515,41.675,2470,2021-06-10 16:21:00,PRTA
41.79,41.79,41.79,41.79,100,2021-06-10 16:26:00,PRTA
41.61,41.695,41.6,41.695,1302,2021-06-10 16:27:00,PRTA
41.69,41.69,41.6,41.66,800,2021-06-10 16:28:00,PRTA
41.65,41.65,41.65,41.65,1000,2021-06-10 16:31:00,PRTA
41.65,41.69,41.625,41.645,1415,2021-06-10 16:32:00,PRTA
41.68,41.815,41.68,41.815,1723,2021-06-10 16:33:00,PRTA
41.8434,41.89,41.8434,41.868,700,2021-06-10 16:34:00,PRTA
41.8922,41.8922,41.8922,41.8922,100,2021-06-10 16:35:00,PRTA
41.8712,41.8712,41.8712,41.8712,100,2021-06-10 16:36:00,PRTA
41.9,41.92,41.895,41.895,400,2021-06-10 16:37:00,PRTA
41.8996,42.04,41.8996,42.04,2055,2021-06-10 16:38:00,PRTA
42.0,42.04,41.96,42.04,1776,2021-06-10 16:39:00,PRTA
42.039,42.05,42.035,42.04,733,2021-06-10 16:40:00,PRTA
41.98,42.08,41.98,42.04,4814,2021-06-10 16:41:00,PRTA
41.98,42.04,41.98,42.04,300,2021-06-10 16:42:00,PRTA
42.0,42.0,41.89,41.985,6221,2021-06-10 16:43:00,PRTA
41.985,41.985,41.985,41.985,400,2021-06-10 16:45:00,PRTA
41.985,41.99,41.985,41.99,600,2021-06-10 16:46:00,PRTA
41.99,41.99,41.99,41.99,100,2021-06-10 16:48:00,PRTA
41.99,41.99,41.99,41.99,300,2021-06-10 16:49:00,PRTA
41.91,41.95,41.83,41.88,2200,2021-06-10 16:50:00,PRTA
41.92,41.92,41.92,41.92,220,2021-06-10 16:51:00,PRTA
41.92,41.9831,41.92,41.9831,600,2021-06-10 16:52:00,PRTA
41.92,42.01,41.9,41.9,1000,2021-06-10 16:53:00,PRTA
41.91,41.91,41.825,41.865,4500,2021-06-10 16:55:00,PRTA
41.75,41.815,41.75,41.805,300,2021-06-10 16:56:00,PRTA
41.805,41.895,41.75,41.84,3976,2021-06-10 16:57:00,PRTA
41.89,41.9,41.87,41.87,600,2021-06-10 16:59:00,PRTA
41.96,41.96,41.96,41.96,200,2021-06-10 17:00:00,PRTA
41.97,41.97,41.97,41.97,598,2021-06-10 17:01:00,PRTA
41.99,42.11,41.98,42.11,1204,2021-06-10 17:03:00,PRTA
42.12,42.315,42.12,42.315,2100,2021-06-10 17:04:00,PRTA
42.4,42.47,42.34,42.34,1100,2021-06-10 17:06:00,PRTA
42.34,42.34,42.34,42.34,200,2021-06-10 17:07:00,PRTA
42.48,42.48,42.35,42.35,300,2021-06-10 17:08:00,PRTA
42.4,42.44,42.4,42.43,503,2021-06-10 17:10:00,PRTA
42.4643,42.5,42.4643,42.5,657,2021-06-10 17:11:00,PRTA
42.649,42.785,42.5,42.575,8079,2021-06-10 17:12:00,PRTA
42.575,42.575,42.575,42.575,100,2021-06-10 17:13:00,PRTA
42.575,42.575,42.565,42.565,200,2021-06-10 17:14:00,PRTA
42.565,43.0,42.565,42.98,4841,2021-06-10 17:15:00,PRTA
42.93,42.93,42.93,42.93,200,2021-06-10 17:16:00,PRTA
43.12,43.14,43.0,43.0,800,2021-06-10 17:17:00,PRTA
43.1003,43.15,43.1003,43.15,1100,2021-06-10 17:18:00,PRTA
43.1499,43.1499,42.93,43.02,799,2021-06-10 17:19:00,PRTA
43.05,43.13,43.05,43.13,833,2021-06-10 17:20:00,PRTA
43.14,43.2,43.08,43.2,800,2021-06-10 17:21:00,PRTA
43.1797,43.1797,43.1797,43.1797,150,2021-06-10 17:22:00,PRTA
43.144,43.144,43.144,43.144,100,2021-06-10 17:23:00,PRTA
43.085,43.1,43.085,43.1,200,2021-06-10 17:24:00,PRTA
43.1806,43.1806,42.81,42.8235,1641,2021-06-10 17:25:00,PRTA
42.78,42.79,42.78,42.79,300,2021-06-10 17:26:00,PRTA
42.74,42.84,42.72,42.8,900,2021-06-10 17:27:00,PRTA
42.77,42.77,42.7645,42.7645,217,2021-06-10 17:28:00,PRTA
42.77,42.77,42.74,42.74,436,2021-06-10 17:29:00,PRTA
42.67,42.67,42.59,42.6,864,2021-06-10 17:30:00,PRTA
42.56,42.73,42.56,42.73,1100,2021-06-10 17:31:00,PRTA
42.74,42.83,42.74,42.83,200,2021-06-10 17:32:00,PRTA
42.76,42.76,42.76,42.76,200,2021-06-10 17:35:00,PRTA
42.69,42.76,42.69,42.7,1045,2021-06-10 17:36:00,PRTA
42.795,42.795,42.795,42.795,100,2021-06-10 17:40:00,PRTA
42.795,42.8999,42.795,42.8999,462,2021-06-10 17:41:00,PRTA
42.86,42.86,42.86,42.86,200,2021-06-10 17:42:00,PRTA
42.73,42.73,42.73,42.73,100,2021-06-10 17:44:00,PRTA
42.86,42.97,42.86,42.97,680,2021-06-10 17:46:00,PRTA
42.79,42.79,42.79,42.79,200,2021-06-10 17:47:00,PRTA
42.9144,42.9144,42.9144,42.9144,140,2021-06-10 17:48:00,PRTA
42.7698,42.8663,42.7301,42.84,1610,2021-06-10 17:49:00,PRTA
42.95,43.0373,42.81,43.0373,3133,2021-06-10 17:50:00,PRTA
43.07,43.2,43.04,43.08,1720,2021-06-10 17:51:00,PRTA
43.09,43.1,43.09,43.1,319,2021-06-10 17:52:00,PRTA
43.07,43.07,43.07,43.07,500,2021-06-10 17:53:00,PRTA
43.07,43.07,43.07,43.07,300,2021-06-10 17:54:00,PRTA
43.07,43.07,42.92,42.92,5567,2021-06-10 17:55:00,PRTA
42.86,42.86,42.86,42.86,400,2021-06-10 17:56:00,PRTA
42.88,42.96,42.78,42.96,900,2021-06-10 17:57:00,PRTA
42.86,43.0,42.83,42.94,16304,2021-06-10 17:58:00,PRTA
42.85,43.07,42.85,42.95,4275,2021-06-10 17:59:00,PRTA
43.0,43.08,43.0,43.075,900,2021-06-10 18:01:00,PRTA
42.905,42.905,42.905,42.905,100,2021-06-10 18:02:00,PRTA
42.95,43.09,42.95,43.0,1300,2021-06-10 18:03:00,PRTA
43.0,43.15,43.0,43.075,6000,2021-06-10 18:04:00,PRTA
43.16,43.16,43.16,43.16,100,2021-06-10 18:05:00,PRTA
42.99,43.34,42.99,43.165,5347,2021-06-10 18:06:00,PRTA
43.175,43.175,43.175,43.175,300,2021-06-10 18:07:00,PRTA
43.17,43.28,43.17,43.27,5800,2021-06-10 18:08:00,PRTA
43.13,43.13,43.11,43.11,400,2021-06-10 18:09:00,PRTA
43.13,43.13,43.11,43.11,746,2021-06-10 18:10:00,PRTA
43.09,43.295,43.01,43.295,2910,2021-06-10 18:11:00,PRTA
43.3,43.31,43.2758,43.2758,700,2021-06-10 18:12:00,PRTA
43.195,43.195,43.195,43.195,139,2021-06-10 18:13:00,PRTA
43.32,43.32,43.32,43.32,300,2021-06-10 18:14:00,PRTA
43.32,43.41,43.266,43.41,991,2021-06-10 18:15:00,PRTA
43.274,43.274,43.07,43.07,400,2021-06-10 18:18:00,PRTA
43.17,43.28,43.0622,43.28,1450,2021-06-10 18:19:00,PRTA
43.2799,43.2799,43.12,43.17,300,2021-06-10 18:20:00,PRTA
43.06,43.115,42.975,42.975,1200,2021-06-10 18:21:00,PRTA
43.25,43.25,43.11,43.11,500,2021-06-10 18:24:00,PRTA
43.25,43.25,43.25,43.25,100,2021-06-10 18:25:00,PRTA
43.035,43.035,43.035,43.035,100,2021-06-10 18:26:00,PRTA
43.09,43.135,43.09,43.135,1000,2021-06-10 18:27:00,PRTA
43.135,43.135,43.135,43.135,200,2021-06-10 18:28:00,PRTA
43.095,43.15,43.085,43.15,500,2021-06-10 18:29:00,PRTA
43.18,43.25,43.17,43.2,1301,2021-06-10 18:30:00,PRTA
43.215,43.215,43.14,43.14,1100,2021-06-10 18:31:00,PRTA
43.29,43.39,43.29,43.3799,3012,2021-06-10 18:32:00,PRTA
43.38,43.66,43.335,43.64,3625,2021-06-10 18:33:00,PRTA
43.52,43.52,43.52,43.52,100,2021-06-10 18:34:00,PRTA
43.67,43.75,43.67,43.75,1100,2021-06-10 18:35:00,PRTA
43.635,43.635,43.635,43.635,100,2021-06-10 18:36:00,PRTA
43.535,43.68,43.52,43.52,950,2021-06-10 18:37:00,PRTA
43.6,44.0,43.6,43.69,6700,2021-06-10 18:38:00,PRTA
43.81,43.81,43.59,43.7,1300,2021-06-10 18:39:00,PRTA
43.715,43.91,43.51,43.772,12014,2021-06-10 18:40:00,PRTA
43.57,43.73,43.57,43.725,1104,2021-06-10 18:41:00,PRTA
43.58,43.75,43.58,43.75,1000,2021-06-10 18:42:00,PRTA
43.7501,43.7501,43.6,43.73,1390,2021-06-10 18:43:00,PRTA
43.86,43.86,43.62,43.62,900,2021-06-10 18:44:00,PRTA
43.81,44.01,43.81,44.01,11874,2021-06-10 18:45:00,PRTA
44.07,44.15,43.76,44.15,3200,2021-06-10 18:47:00,PRTA
44.15,44.24,43.89,44.085,2873,2021-06-10 18:48:00,PRTA
44.2365,44.24,43.89,44.24,300,2021-06-10 18:49:00,PRTA
44.15,44.25,43.9,43.9,2269,2021-06-10 18:50:00,PRTA
44.08,44.26,44.0,44.0,852,2021-06-10 18:51:00,PRTA
43.96,44.26,43.96,44.26,1000,2021-06-10 18:52:00,PRTA
43.96,44.23,43.96,43.975,3100,2021-06-10 18:53:00,PRTA
44.15,44.21,43.98,44.21,700,2021-06-10 18:54:00,PRTA
44.15,44.22,44.09,44.12,1420,2021-06-10 18:55:00,PRTA
44.0,44.0,43.99,43.99,200,2021-06-10 18:56:00,PRTA
44.1,44.15,44.0,44.0659,1018,2021-06-10 18:57:00,PRTA
44.095,44.095,44.095,44.095,100,2021-06-10 18:58:00,PRTA
44.095,44.18,44.0,44.08,11292,2021-06-10 18:59:00,PRTA
44.08,44.08,43.99,44.06,417,2021-06-10 19:00:00,PRTA
44.13,44.395,44.0001,44.395,2000,2021-06-10 19:01:00,PRTA
44.31,44.31,44.21,44.21,701,2021-06-10 19:02:00,PRTA
44.29,44.29,44.23,44.23,500,2021-06-10 19:03:00,PRTA
44.24,44.24,44.14,44.14,500,2021-06-10 19:04:00,PRTA
44.17,44.22,44.17,44.22,400,2021-06-10 19:05:00,PRTA
44.19,44.19,44.115,44.115,200,2021-06-10 19:06:00,PRTA
44.11,44.11,44.02,44.02,536,2021-06-10 19:07:00,PRTA
44.12,44.28,44.0771,44.14,2700,2021-06-10 19:08:00,PRTA
44.3,44.52,44.3,44.5,1400,2021-06-10 19:09:00,PRTA
44.5,44.565,44.31,44.49,1900,2021-06-10 19:10:00,PRTA
44.38,44.95,44.37,44.79,10507,2021-06-10 19:11:00,PRTA
44.8032,44.8032,44.7837,44.7837,600,2021-06-10 19:12:00,PRTA
44.675,44.74,44.675,44.74,200,2021-06-10 19:13:00,PRTA
44.72,44.85,44.69,44.85,2535,2021-06-10 19:14:00,PRTA
44.7,44.84,44.7,44.84,600,2021-06-10 19:15:00,PRTA
44.77,44.77,44.64,44.7,1000,2021-06-10 19:16:00,PRTA
44.75,44.75,44.745,44.745,500,2021-06-10 19:17:00,PRTA
44.61,44.61,44.61,44.61,100,2021-06-10 19:18:00,PRTA
44.6761,44.6761,44.44,44.44,1398,2021-06-10 19:19:00,PRTA
44.44,44.46,44.365,44.46,387,2021-06-10 19:20:00,PRTA
44.31,44.34,44.31,44.31,600,2021-06-10 19:21:00,PRTA
44.24,44.66,44.24,44.66,3227,2021-06-10 19:22:00,PRTA
44.54,44.57,44.41,44.49,1393,2021-06-10 19:23:00,PRTA
44.51,44.58,44.51,44.56,830,2021-06-10 19:24:00,PRTA
44.55,44.78,44.55,44.67,3587,2021-06-10 19:25:00,PRTA
44.65,44.789,44.6,44.6,1811,2021-06-10 19:26:00,PRTA
44.78,44.8,44.7,44.8,5270,2021-06-10 19:27:00,PRTA
44.79,44.85,44.59,44.85,9524,2021-06-10 19:28:00,PRTA
44.86,44.95,44.825,44.825,3365,2021-06-10 19:29:00,PRTA
44.94,44.94,44.75,44.86,564,2021-06-10 19:30:00,PRTA
44.92,45.07,44.82,45.07,1598,2021-06-10 19:31:00,PRTA
45.135,45.26,44.98,45.0,16100,2021-06-10 19:32:00,PRTA
44.9,45.09,44.9,45.09,500,2021-06-10 19:33:00,PRTA
44.97,44.98,44.88,44.975,900,2021-06-10 19:34:00,PRTA
44.98,44.98,44.87,44.9,1100,2021-06-10 19:35:00,PRTA
45.06,45.11,45.03,45.06,2893,2021-06-10 19:36:00,PRTA
45.15,45.175,45.06,45.175,900,2021-06-10 19:37:00,PRTA
45.25,45.305,45.21,45.305,833,2021-06-10 19:38:00,PRTA
45.39,45.45,45.2401,45.365,5557,2021-06-10 19:39:00,PRTA
45.37,45.62,45.36,45.62,2337,2021-06-10 19:40:00,PRTA
45.545,45.5695,45.45,45.46,7374,2021-06-10 19:41:00,PRTA
45.46,45.5881,45.44,45.5,5012,2021-06-10 19:42:00,PRTA
45.49,45.58,45.49,45.52,3001,2021-06-10 19:43:00,PRTA
45.425,45.51,45.42,45.5,1300,2021-06-10 19:44:00,PRTA
45.49,45.51,45.49,45.51,200,2021-06-10 19:45:00,PRTA
45.49,45.49,45.42,45.43,2400,2021-06-10 19:46:00,PRTA
45.49,45.49,45.135,45.135,5371,2021-06-10 19:47:00,PRTA
44.98,44.9927,44.82,44.83,9238,2021-06-10 19:48:00,PRTA
44.85,44.86,44.45,44.45,1850,2021-06-10 19:49:00,PRTA
44.45,44.66,44.45,44.64,3477,2021-06-10 19:50:00,PRTA
44.63,44.78,44.61,44.685,6917,2021-06-10 19:51:00,PRTA
44.72,44.79,44.72,44.78,4080,2021-06-10 19:52:00,PRTA
44.77,44.94,44.72,44.78,3182,2021-06-10 19:53:00,PRTA
44.73,44.76,44.645,44.76,1232,2021-06-10 19:54:00,PRTA
44.775,44.775,44.65,44.65,659,2021-06-10 19:55:00,PRTA
44.675,44.675,44.39,44.576,19176,2021-06-10 19:56:00,PRTA
44.44,44.51,44.34,44.36,5326,2021-06-10 19:57:00,PRTA
44.35,44.46,44.35,44.39,3962,2021-06-10 19:58:00,PRTA
44.44,44.56,44.44,44.52,7869,2021-06-10 19:59:00,PRTA
44.52,44.52,43.9,44.52,25286,2021-06-10 20:00:00,PRTA
44.52,44.52,44.52,44.52,960,2021-06-10 20:01:00,PRTA
44.0,44.0,44.0,44.0,100,2021-06-10 23:58:00,PRTA
44.44,44.44,44.44,44.44,358,2021-06-11 12:28:00,PRTA
46.0,46.0,46.0,46.0,400,2021-06-11 13:12:00,PRTA
46.49,46.49,45.59,45.7,11732,2021-06-11 13:30:00,PRTA
45.75,46.02,45.75,45.95,750,2021-06-11 13:31:00,PRTA
46.0926,46.0926,45.22,45.79,1722,2021-06-11 13:32:00,PRTA
45.59,45.64,45.1,45.19,1000,2021-06-11 13:33:00,PRTA
45.1,45.6,45.1,45.21,850,2021-06-11 13:34:00,PRTA
44.78,45.1,44.5,44.5,3135,2021-06-11 13:35:00,PRTA
44.47,44.94,44.1337,44.94,4831,2021-06-11 13:36:00,PRTA
44.8844,45.1,44.8844,45.1,609,2021-06-11 13:37:00,PRTA
44.99,45.46,44.56,44.56,1700,2021-06-11 13:38:00,PRTA
44.97,45.35,44.835,45.29,1871,2021-06-11 13:39:00,PRTA
45.13,45.2154,44.81,44.81,2047,2021-06-11 13:40:00,PRTA
45.23,45.69,45.13,45.69,2351,2021-06-11 13:41:00,PRTA
45.66,45.73,45.36,45.545,1460,2021-06-11 13:42:00,PRTA
45.73,45.95,45.36,45.95,479,2021-06-11 13:43:00,PRTA
45.5067,45.94,45.5067,45.71,1408,2021-06-11 13:44:00,PRTA
45.71,45.72,45.39,45.39,1720,2021-06-11 13:45:00,PRTA
45.51,45.51,45.0,45.1862,1785,2021-06-11 13:46:00,PRTA
45.35,45.35,44.7,44.7,1232,2021-06-11 13:47:00,PRTA
44.8,44.8498,44.8,44.8498,500,2021-06-11 13:48:00,PRTA
45.1051,45.17,44.78,44.83,5039,2021-06-11 13:49:00,PRTA
44.82,44.91,44.82,44.91,200,2021-06-11 13:50:00,PRTA
44.91,44.91,44.91,44.91,100,2021-06-11 13:51:00,PRTA
45.1,45.21,45.09,45.21,1067,2021-06-11 13:52:00,PRTA
45.03,45.03,45.03,45.03,100,2021-06-11 13:53:00,PRTA
45.23,45.23,45.23,45.23,100,2021-06-11 13:54:00,PRTA
45.35,45.36,45.35,45.35,400,2021-06-11 13:55:00,PRTA
45.4,45.4,44.82,44.8601,3456,2021-06-11 13:56:00,PRTA
44.86,44.87,44.51,44.51,800,2021-06-11 13:57:00,PRTA
44.5601,44.87,44.5601,44.64,1900,2021-06-11 13:58:00,PRTA
44.735,44.735,44.51,44.67,550,2021-06-11 13:59:00,PRTA
44.56,44.68,44.5,44.6,1050,2021-06-11 14:00:00,PRTA
44.66,44.66,44.64,44.65,400,2021-06-11 14:01:00,PRTA
44.67,44.76,44.53,44.74,1550,2021-06-11 14:02:00,PRTA
44.57,44.8611,44.57,44.8611,1000,2021-06-11 14:03:00,PRTA
44.9,44.9,44.7995,44.82,650,2021-06-11 14:04:00,PRTA
44.81,44.83,44.805,44.82,2456,2021-06-11 14:05:00,PRTA
44.86,45.04,44.86,45.04,3617,2021-06-11 14:06:00,PRTA
45.09,45.25,45.09,45.25,1872,2021-06-11 14:07:00,PRTA
45.41,45.41,45.41,45.41,170,2021-06-11 14:08:00,PRTA
45.68,45.68,45.6252,45.63,900,2021-06-11 14:09:00,PRTA
45.68,45.91,45.66,45.77,1800,2021-06-11 14:10:00,PRTA
45.59,45.59,44.94,44.96,6360,2021-06-11 14:11:00,PRTA
45.3,45.3,45.13,45.13,200,2021-06-11 14:12:00,PRTA
45.2,45.265,45.19,45.23,3798,2021-06-11 14:13:00,PRTA
44.77,45.12,44.77,45.12,2400,2021-06-11 14:14:00,PRTA
45.215,45.215,45.21,45.21,200,2021-06-11 14:15:00,PRTA
45.18,45.25,45.18,45.25,801,2021-06-11 14:16:00,PRTA
45.28,45.48,45.28,45.48,1330,2021-06-11 14:17:00,PRTA
45.4,45.445,45.4,45.445,572,2021-06-11 14:18:00,PRTA
45.42,45.56,45.42,45.56,584,2021-06-11 14:20:00,PRTA
45.56,45.56,45.32,45.35,3551,2021-06-11 14:21:00,PRTA
45.41,45.46,45.24,45.3125,4400,2021-06-11 14:22:00,PRTA
45.345,45.345,45.34,45.34,200,2021-06-11 14:23:00,PRTA
45.41,45.575,45.41,45.575,1799,2021-06-11 14:24:00,PRTA
45.6,45.64,45.6,45.64,3968,2021-06-11 14:25:00,PRTA
45.62,45.8,45.62,45.8,2500,2021-06-11 14:26:00,PRTA
45.8,45.95,45.8,45.95,2708,2021-06-11 14:27:00,PRTA
45.9,46.1,45.9,46.1,1640,2021-06-11 14:28:00,PRTA
46.1,46.2,46.1,46.12,7617,2021-06-11 14:29:00,PRTA
46.06,46.06,46.06,46.06,200,2021-06-11 14:30:00,PRTA
45.99,46.1385,45.99,45.99,625,2021-06-11 14:31:00,PRTA
45.99,46.0,45.86,45.96,1000,2021-06-11 14:32:00,PRTA
45.97,45.97,45.86,45.86,400,2021-06-11 14:33:00,PRTA
45.85,45.85,45.85,45.85,238,2021-06-11 14:34:00,PRTA
45.775,45.775,45.74,45.74,310,2021-06-11 14:35:00,PRTA
45.66,45.66,45.66,45.66,100,2021-06-11 14:36:00,PRTA
45.755,45.94,45.755,45.94,600,2021-06-11 14:37:00,PRTA
45.9,45.93,45.84,45.91,650,2021-06-11 14:38:00,PRTA
45.86,46.02,45.86,46.02,604,2021-06-11 14:40:00,PRTA
45.965,46.04,45.82,46.03,6569,2021-06-11 14:41:00,PRTA
46.03,46.28,46.03,46.2388,2800,2021-06-11 14:42:00,PRTA
46.16,46.55,46.12,46.47,12255,2021-06-11 14:43:00,PRTA
46.37,46.54,46.11,46.11,4940,2021-06-11 14:44:00,PRTA
46.145,46.3,46.03,46.1,10559,2021-06-11 14:45:00,PRTA
46.0,46.21,46.0,46.21,3400,2021-06-11 14:46:00,PRTA
46.21,46.33,46.18,46.33,4290,2021-06-11 14:47:00,PRTA
46.33,46.34,46.18,46.19,1500,2021-06-11 14:48:00,PRTA
46.18,46.39,46.18,46.39,2489,2021-06-11 14:49:00,PRTA
46.4188,46.5,46.4188,46.5,900,2021-06-11 14:50:00,PRTA
46.48,46.55,46.422,46.55,1000,2021-06-11 14:51:00,PRTA
46.49,46.61,46.48,46.49,1971,2021-06-11 14:52:00,PRTA
46.48,46.5,46.41,46.45,3518,2021-06-11 14:53:00,PRTA
46.5,46.515,46.2,46.2,12395,2021-06-11 14:54:00,PRTA
46.2,46.22,46.0701,46.22,2022,2021-06-11 14:55:00,PRTA
46.23,46.23,46.12,46.16,2302,2021-06-11 14:56:00,PRTA
46.22,46.31,46.22,46.31,500,2021-06-11 14:57:00,PRTA
46.31,46.4193,46.3,46.4193,1680,2021-06-11 14:59:00,PRTA
46.42,46.42,46.4,46.41,2100,2021-06-11 15:00:00,PRTA
46.41,46.45,46.38,46.41,965,2021-06-11 15:01:00,PRTA
46.45,46.49,46.41,46.41,1853,2021-06-11 15:02:00,PRTA
46.49,46.49,46.28,46.28,1352,2021-06-11 15:03:00,PRTA
46.18,46.18,46.0808,46.12,906,2021-06-11 15:04:00,PRTA
46.1,46.1,45.85,45.85,1053,2021-06-11 15:05:00,PRTA
45.68,45.77,45.6,45.6,700,2021-06-11 15:06:00,PRTA
45.63,45.63,45.63,45.63,200,2021-06-11 15:09:00,PRTA
45.72,45.81,45.72,45.79,550,2021-06-11 15:10:00,PRTA
45.69,45.69,45.5,45.5,700,2021-06-11 15:11:00,PRTA
45.44,45.54,45.25,45.38,1189,2021-06-11 15:12:00,PRTA
45.44,45.44,45.44,45.44,200,2021-06-11 15:13:00,PRTA
45.33,45.33,45.33,45.33,100,2021-06-11 15:14:00,PRTA
45.46,45.47,45.46,45.47,200,2021-06-11 15:15:00,PRTA
45.38,45.47,45.38,45.47,450,2021-06-11 15:16:00,PRTA
45.46,45.63,45.46,45.55,2200,2021-06-11 15:17:00,PRTA
45.52,45.76,45.515,45.76,1683,2021-06-11 15:18:00,PRTA
45.91,45.91,45.91,45.91,100,2021-06-11 15:19:00,PRTA
45.89,46.02,45.88,46.0,1000,2021-06-11 15:20:00,PRTA
46.03,46.03,46.0,46.005,820,2021-06-11 15:21:00,PRTA
45.95,46.05,44.741,45.345,22484,2021-06-11 15:22:00,PRTA
45.345,45.5,45.345,45.5,671,2021-06-11 15:23:00,PRTA
45.345,45.47,45.345,45.47,325,2021-06-11 15:24:00,PRTA
45.244,45.325,44.9801,44.9801,1850,2021-06-11 15:26:00,PRTA
45.18,45.18,44.75,44.781,1200,2021-06-11 15:27:00,PRTA
44.7426,44.89,44.7426,44.78,1455,2021-06-11 15:28:00,PRTA
44.64,44.85,44.64,44.85,541,2021-06-11 15:29:00,PRTA
44.865,45.0,44.84,44.96,2210,2021-06-11 15:31:00,PRTA
44.935,45.11,44.935,45.11,240,2021-06-11 15:32:00,PRTA
44.9454,44.97,44.86,44.86,764,2021-06-11 15:35:00,PRTA
44.7517,44.7517,44.7517,44.7517,200,2021-06-11 15:36:00,PRTA
44.71,44.915,44.71,44.915,800,2021-06-11 15:37:00,PRTA
44.98,44.98,44.98,44.98,100,2021-06-11 15:38:00,PRTA
44.91,44.97,44.91,44.97,300,2021-06-11 15:39:00,PRTA
45.08,45.08,45.08,45.08,100,2021-06-11 15:43:00,PRTA
45.2,45.2658,45.2,45.2658,300,2021-06-11 15:44:00,PRTA
45.3699,45.44,45.3699,45.44,200,2021-06-11 15:45:00,PRTA
45.41,45.41,45.41,45.41,100,2021-06-11 15:46:00,PRTA
45.54,45.54,45.54,45.54,200,2021-06-11 15:48:00,PRTA
45.59,45.645,45.59,45.645,400,2021-06-11 15:49:00,PRTA
45.64,45.7314,45.64,45.7314,530,2021-06-11 15:50:00,PRTA
45.77,45.77,45.77,45.77,100,2021-06-11 15:52:00,PRTA
45.67,45.67,45.45,45.45,1000,2021-06-11 15:54:00,PRTA
45.42,45.42,45.31,45.31,200,2021-06-11 15:58:00,PRTA
45.31,45.31,45.31,45.31,130,2021-06-11 15:59:00,PRTA
45.4,45.4,45.4,45.4,100,2021-06-11 16:02:00,PRTA
45.6,45.6,45.6,45.6,100,2021-06-11 16:05:00,PRTA
45.54,45.56,45.42,45.52,2000,2021-06-11 16:06:00,PRTA
45.63,45.63,45.38,45.38,200,2021-06-11 16:07:00,PRTA
45.59,45.65,45.59,45.65,500,2021-06-11 16:09:00,PRTA
45.66,45.66,45.61,45.65,700,2021-06-11 16:10:00,PRTA
45.7,45.75,45.7,45.75,300,2021-06-11 16:12:00,PRTA
45.5987,45.5987,45.57,45.57,200,2021-06-11 16:14:00,PRTA
45.635,45.71,45.635,45.71,300,2021-06-11 16:16:00,PRTA
45.715,45.715,45.715,45.715,100,2021-06-11 16:17:00,PRTA
45.67,45.67,45.67,45.67,100,2021-06-11 16:18:00,PRTA
45.795,45.795,45.795,45.795,100,2021-06-11 16:21:00,PRTA
45.86,45.86,45.86,45.86,100,2021-06-11 16:22:00,PRTA
45.83,45.83,45.83,45.83,100,2021-06-11 16:23:00,PRTA
45.92,45.94,45.92,45.94,300,2021-06-11 16:25:00,PRTA
45.79,45.79,45.79,45.79,220,2021-06-11 16:27:00,PRTA
45.83,45.83,45.65,45.65,1500,2021-06-11 16:28:00,PRTA
45.67,45.78,45.67,45.78,1079,2021-06-11 16:29:00,PRTA
45.64,45.76,45.59,45.74,3774,2021-06-11 16:30:00,PRTA
45.7,45.82,45.69,45.795,2848,2021-06-11 16:31:00,PRTA
45.85,45.91,45.81,45.87,3019,2021-06-11 16:32:00,PRTA
45.89,46.02,45.8452,46.015,1916,2021-06-11 16:33:00,PRTA
45.98,46.01,45.82,45.82,1200,2021-06-11 16:34:00,PRTA
45.86,45.86,45.75,45.78,1032,2021-06-11 16:35:00,PRTA
45.83,45.83,45.83,45.83,100,2021-06-11 16:36:00,PRTA
45.86,45.86,45.73,45.73,203,2021-06-11 16:37:00,PRTA
45.86,45.87,45.82,45.87,1200,2021-06-11 16:38:00,PRTA
45.815,45.89,45.815,45.89,600,2021-06-11 16:39:00,PRTA
45.89,45.89,45.82,45.82,1639,2021-06-11 16:40:00,PRTA
45.67,45.67,45.67,45.67,100,2021-06-11 16:42:00,PRTA
45.6987,45.6987,45.6987,45.6987,100,2021-06-11 16:43:00,PRTA
45.66,45.67,45.45,45.45,2501,2021-06-11 16:44:00,PRTA
45.44,45.47,45.32,45.42,1000,2021-06-11 16:45:00,PRTA
45.27,45.29,44.905,44.99,4087,2021-06-11 16:47:00,PRTA
44.96,45.0,44.8561,44.925,1510,2021-06-11 16:48:00,PRTA
44.8466,44.9,44.63,44.77,4438,2021-06-11 16:49:00,PRTA
44.78,44.89,44.78,44.89,800,2021-06-11 16:50:00,PRTA
44.76,44.79,44.7,44.79,1400,2021-06-11 16:51:00,PRTA
44.81,44.86,44.7201,44.86,1168,2021-06-11 16:52:00,PRTA
44.74,44.76,44.34,44.34,3505,2021-06-11 16:53:00,PRTA
44.51,44.56,44.42,44.56,1090,2021-06-11 16:54:00,PRTA
44.42,44.45,44.12,44.12,2063,2021-06-11 16:55:00,PRTA
44.16,44.18,44.055,44.08,3202,2021-06-11 16:56:00,PRTA
44.02,44.21,44.02,44.2,5700,2021-06-11 16:57:00,PRTA
44.03,44.11,43.88,43.93,4100,2021-06-11 16:58:00,PRTA
43.9,43.9,43.57,43.57,1703,2021-06-11 16:59:00,PRTA
43.6,43.8,43.52,43.63,2990,2021-06-11 17:00:00,PRTA
43.705,43.705,43.705,43.705,100,2021-06-11 17:02:00,PRTA
43.79,43.79,43.29,43.42,2960,2021-06-11 17:03:00,PRTA
43.435,43.435,43.435,43.435,300,2021-06-11 17:04:00,PRTA
43.52,43.53,43.455,43.515,1257,2021-06-11 17:05:00,PRTA
43.58,43.58,43.58,43.58,500,2021-06-11 17:06:00,PRTA
43.59,43.66,43.59,43.66,270,2021-06-11 17:08:00,PRTA
43.51,43.59,43.42,43.42,1672,2021-06-11 17:09:00,PRTA
43.42,43.42,43.42,43.42,100,2021-06-11 17:10:00,PRTA
43.6,43.68,43.6,43.68,1100,2021-06-11 17:11:00,PRTA
43.665,43.665,43.665,43.665,138,2021-06-11 17:14:00,PRTA
43.6,43.6,43.4675,43.545,1901,2021-06-11 17:15:00,PRTA
43.63,43.63,43.5,43.61,1201,2021-06-11 17:16:00,PRTA
43.62,43.62,43.61,43.61,699,2021-06-11 17:17:00,PRTA
43.57,43.59,43.52,43.59,1847,2021-06-11 17:18:00,PRTA
43.37,43.37,43.19,43.19,1270,2021-06-11 17:19:00,PRTA
43.26,43.32,43.26,43.32,300,2021-06-11 17:20:00,PRTA
43.53,43.53,43.53,43.53,150,2021-06-11 17:22:00,PRTA
43.4,43.4,43.4,43.4,100,2021-06-11 17:24:00,PRTA
43.4,43.4,43.36,43.4,1739,2021-06-11 17:27:00,PRTA
43.21,43.21,42.19,42.78,48070,2021-06-11 17:28:00,PRTA
42.53,42.64,42.53,42.64,741,2021-06-11 17:29:00,PRTA
42.715,42.715,42.715,42.715,100,2021-06-11 17:30:00,PRTA
42.72,42.91,42.54,42.72,800,2021-06-11 17:31:00,PRTA
42.7,43.0,42.7,42.91,3600,2021-06-11 17:32:00,PRTA
42.91,43.09,42.91,43.09,6458,2021-06-11 17:33:00,PRTA
42.96,42.96,42.92,42.92,475,2021-06-11 17:34:00,PRTA
43.075,43.075,43.075,43.075,300,2021-06-11 17:35:00,PRTA
43.0774,43.09,42.94,42.94,1414,2021-06-11 17:36:00,PRTA
42.83,42.83,42.83,42.83,168,2021-06-11 17:37:00,PRTA
42.8,42.92,42.8,42.92,1242,2021-06-11 17:38:00,PRTA
42.845,42.845,42.845,42.845,300,2021-06-11 17:39:00,PRTA
42.79,42.8185,42.72,42.73,2199,2021-06-11 17:40:00,PRTA
42.72,42.72,42.66,42.66,602,2021-06-11 17:41:00,PRTA
42.71,42.785,42.71,42.785,300,2021-06-11 17:42:00,PRTA
42.83,42.85,42.83,42.84,700,2021-06-11 17:43:00,PRTA
42.92,42.92,42.92,42.92,100,2021-06-11 17:44:00,PRTA
42.91,42.95,42.8,42.81,2000,2021-06-11 17:45:00,PRTA
42.75,42.94,42.725,42.94,1300,2021-06-11 17:47:00,PRTA
42.88,43.0,42.88,43.0,300,2021-06-11 17:48:00,PRTA
43.0,43.15,43.0,43.15,700,2021-06-11 17:49:00,PRTA
43.1499,43.1499,43.1499,43.1499,100,2021-06-11 17:50:00,PRTA
43.14,43.41,43.14,43.41,4261,2021-06-11 17:52:00,PRTA
43.4,43.41,43.37,43.41,300,2021-06-11 17:53:00,PRTA
43.41,43.46,43.4,43.46,400,2021-06-11 17:56:00,PRTA
43.43,43.43,43.43,43.43,300,2021-06-11 17:57:00,PRTA
43.43,43.625,43.43,43.625,1094,2021-06-11 17:58:00,PRTA
43.63,43.76,43.63,43.68,2324,2021-06-11 17:59:00,PRTA
43.66,43.66,43.53,43.6,700,2021-06-11 18:00:00,PRTA
43.62,43.84,43.595,43.71,2791,2021-06-11 18:01:00,PRTA
43.71,43.82,43.71,43.82,900,2021-06-11 18:02:00,PRTA
43.82,43.88,43.78,43.83,1375,2021-06-11 18:03:00,PRTA
43.93,44.105,43.93,44.105,2105,2021-06-11 18:04:00,PRTA
44.115,44.115,44.115,44.115,100,2021-06-11 18:05:00,PRTA
44.14,44.14,43.95,43.95,2425,2021-06-11 18:06:00,PRTA
44.1146,44.1146,44.1146,44.1146,100,2021-06-11 18:07:00,PRTA
44.045,44.045,44.045,44.045,110,2021-06-11 18:09:00,PRTA
44.045,44.045,43.9612,43.9612,695,2021-06-11 18:10:00,PRTA
44.05,44.05,44.05,44.05,100,2021-06-11 18:11:00,PRTA
44.12,44.12,44.12,44.12,110,2021-06-11 18:12:00,PRTA
44.125,44.24,44.125,44.24,700,2021-06-11 18:13:00,PRTA
44.28,44.35,44.255,44.3,800,2021-06-11 18:14:00,PRTA
44.305,44.43,44.305,44.43,720,2021-06-11 18:15:00,PRTA
44.945,44.945,44.75,44.75,2665,2021-06-11 18:20:00,PRTA
44.64,44.7671,44.64,44.65,1200,2021-06-11 18:21:00,PRTA
44.58,44.65,44.57,44.57,800,2021-06-11 18:22:00,PRTA
44.705,44.705,44.705,44.705,100,2021-06-11 18:23:00,PRTA
44.71,44.8293,44.71,44.79,2828,2021-06-11 18:24:00,PRTA
44.58,44.58,44.58,44.58,100,2021-06-11 18:25:00,PRTA
44.695,44.7988,44.695,44.7988,1600,2021-06-11 18:26:00,PRTA
44.7988,45.0,44.58,44.975,2420,2021-06-11 18:27:00,PRTA
45.0,45.14,44.975,45.14,3000,2021-06-11 18:28:00,PRTA
45.1334,45.14,44.81,44.98,2658,2021-06-11 18:29:00,PRTA
44.82,44.82,44.82,44.82,100,2021-06-11 18:30:00,PRTA
44.965,44.965,44.76,44.81,1286,2021-06-11 18:31:00,PRTA
44.71,44.87,44.71,44.87,5300,2021-06-11 18:32:00,PRTA
44.71,44.79,44.71,44.79,316,2021-06-11 18:33:00,PRTA
44.74,44.79,44.71,44.71,500,2021-06-11 18:34:00,PRTA
44.79,44.79,44.75,44.79,600,2021-06-11 18:35:00,PRTA
44.86,44.86,44.86,44.86,100,2021-06-11 18:37:00,PRTA
44.77,44.93,44.77,44.93,400,2021-06-11 18:38:00,PRTA
44.98,45.07,44.955,45.07,500,2021-06-11 18:39:00,PRTA
44.83,45.11,44.81,44.81,11068,2021-06-11 18:40:00,PRTA
44.95,45.09,44.79,44.945,4242,2021-06-11 18:41:00,PRTA
44.945,44.945,44.945,44.945,100,2021-06-11 18:42:00,PRTA
45.08,45.11,44.965,45.075,6000,2021-06-11 18:45:00,PRTA
45.21,45.24,45.165,45.165,424,2021-06-11 18:46:00,PRTA
45.195,45.195,45.195,45.195,200,2021-06-11 18:47:00,PRTA
45.224,45.35,45.224,45.35,700,2021-06-11 18:48:00,PRTA
45.33,45.46,45.325,45.46,6219,2021-06-11 18:49:00,PRTA
45.52,45.52,45.52,45.52,100,2021-06-11 18:50:00,PRTA
45.52,45.52,45.43,45.43,250,2021-06-11 18:51:00,PRTA
45.43,45.54,45.18,45.54,3083,2021-06-11 18:52:00,PRTA
45.53,45.67,45.33,45.33,4629,2021-06-11 18:53:00,PRTA
45.27,45.38,45.27,45.38,500,2021-06-11 18:54:00,PRTA
45.3,45.36,45.11,45.13,1400,2021-06-11 18:55:00,PRTA
44.97,45.17,44.97,45.17,1700,2021-06-11 18:56:00,PRTA
45.15,45.15,45.15,45.15,100,2021-06-11 18:57:00,PRTA
45.08,45.08,45.08,45.08,100,2021-06-11 18:59:00,PRTA
45.15,45.15,44.99,44.99,200,2021-06-11 19:00:00,PRTA
45.07,45.07,45.07,45.07,100,2021-06-11 19:02:00,PRTA
45.07,45.07,45.05,45.05,1169,2021-06-11 19:03:00,PRTA
44.985,44.985,44.95,44.95,500,2021-06-11 19:04:00,PRTA
44.935,44.935,44.935,44.935,100,2021-06-11 19:07:00,PRTA
44.9381,44.9381,44.9381,44.9381,106,2021-06-11 19:09:00,PRTA
44.92,44.96,44.92,44.96,900,2021-06-11 19:10:00,PRTA
44.94,44.96,44.94,44.96,200,2021-06-11 19:11:00,PRTA
44.92,44.92,44.88,44.88,1446,2021-06-11 19:12:00,PRTA
44.88,44.88,44.855,44.855,200,2021-06-11 19:13:00,PRTA
44.84,44.84,44.84,44.84,100,2021-06-11 19:14:00,PRTA
44.845,44.845,44.74,44.82,2781,2021-06-11 19:16:00,PRTA
44.8809,44.8809,44.8809,44.8809,111,2021-06-11 19:18:00,PRTA
44.9,44.92,44.8,44.8,1793,2021-06-11 19:19:00,PRTA
44.878,44.878,44.8514,44.8514,700,2021-06-11 19:21:00,PRTA
44.86,45.0,44.815,44.88,3400,2021-06-11 19:22:00,PRTA
45.005,45.005,45.005,45.005,1000,2021-06-11 19:25:00,PRTA
45.11,45.11,45.11,45.11,200,2021-06-11 19:26:00,PRTA
45.22,45.31,45.21,45.29,600,2021-06-11 19:27:00,PRTA
45.29,45.43,45.28,45.37,1500,2021-06-11 19:28:00,PRTA
45.395,45.395,45.15,45.15,1628,2021-06-11 19:29:00,PRTA
45.065,45.27,45.065,45.27,200,2021-06-11 19:30:00,PRTA
45.27,45.28,45.27,45.28,800,2021-06-11 19:31:00,PRTA
45.23,45.23,45.15,45.15,500,2021-06-11 19:32:00,PRTA
45.27,45.27,45.215,45.215,200,2021-06-11 19:33:00,PRTA
45.17,45.17,45.17,45.17,200,2021-06-11 19:34:00,PRTA
45.16,45.16,45.16,45.16,200,2021-06-11 19:35:00,PRTA
45.19,45.21,45.06,45.06,3619,2021-06-11 19:36:00,PRTA
45.03,45.045,44.735,44.835,4583,2021-06-11 19:37:00,PRTA
44.835,44.835,44.835,44.835,200,2021-06-11 19:38:00,PRTA
44.89,44.89,44.89,44.89,300,2021-06-11 19:39:00,PRTA
44.88,44.9,44.85,44.86,1200,2021-06-11 19:40:00,PRTA
44.85,44.85,44.82,44.82,200,2021-06-11 19:41:00,PRTA
44.89,44.89,44.86,44.86,400,2021-06-11 19:42:00,PRTA
44.88,44.88,44.88,44.88,1000,2021-06-11 19:43:00,PRTA
44.95,44.95,44.95,44.95,100,2021-06-11 19:44:00,PRTA
44.8826,44.915,44.8,44.81,1113,2021-06-11 19:45:00,PRTA
44.8,44.81,44.75,44.78,1719,2021-06-11 19:46:00,PRTA
44.765,44.79,44.74,44.74,1900,2021-06-11 19:47:00,PRTA
44.72,44.76,44.68,44.76,1100,2021-06-11 19:48:00,PRTA
44.69,44.725,44.68,44.725,1300,2021-06-11 19:49:00,PRTA
44.76,44.85,44.76,44.785,1270,2021-06-11 19:50:00,PRTA
44.83,44.99,44.83,44.99,2300,2021-06-11 19:51:00,PRTA
44.935,44.935,44.935,44.935,100,2021-06-11 19:52:00,PRTA
44.89,44.96,44.87,44.945,4300,2021-06-11 19:53:00,PRTA
44.92,45.13,44.9,45.085,1900,2021-06-11 19:54:00,PRTA
45.13,45.13,45.03,45.06,4528,2021-06-11 19:55:00,PRTA
45.06,45.075,44.98,45.075,4264,2021-06-11 19:56:00,PRTA
45.08,45.08,45.03,45.04,3033,2021-06-11 19:57:00,PRTA
45.0,45.07,45.0,45.05,1416,2021-06-11 19:58:00,PRTA
45.06,45.14,45.0,45.09,7613,2021-06-11 19:59:00,PRTA
45.09,45.09,45.09,45.09,43174,2021-06-11 20:00:00,PRTA
46.4,46.4,46.4,46.4,100,2021-06-14 12:12:00,PRTA
46.4,46.4,46.4,46.4,200,2021-06-14 12:14:00,PRTA
46.4,46.4,46.4,46.4,4587,2021-06-14 12:25:00,PRTA
45.89,45.89,45.6251,45.81,8757,2021-06-14 13:30:00,PRTA
45.75,46.0,45.75,46.0,400,2021-06-14 13:31:00,PRTA
46.66,46.66,46.63,46.63,350,2021-06-14 13:32:00,PRTA
46.74,46.74,46.1,46.1,200,2021-06-14 13:33:00,PRTA
46.75,47.0345,46.51,47.0345,2684,2021-06-14 13:34:00,PRTA
46.76,47.08,46.68,46.825,3859,2021-06-14 13:35:00,PRTA
46.99,46.99,46.51,46.8,2249,2021-06-14 13:36:00,PRTA
46.95,46.995,46.8525,46.97,1200,2021-06-14 13:37:00,PRTA
46.97,46.97,46.8,46.8,200,2021-06-14 13:38:00,PRTA
46.97,47.34,46.77,47.22,3480,2021-06-14 13:39:00,PRTA
47.22,47.36,47.09,47.22,760,2021-06-14 13:40:00,PRTA
46.945,47.12,46.945,47.12,2622,2021-06-14 13:41:00,PRTA
46.9252,46.96,46.92,46.96,450,2021-06-14 13:42:00,PRTA
47.085,47.11,46.8,46.8,1250,2021-06-14 13:43:00,PRTA
47.04,47.18,46.85,46.86,2667,2021-06-14 13:44:00,PRTA
46.5,46.87,46.5,46.87,300,2021-06-14 13:45:00,PRTA
47.2399,47.2399,47.2399,47.2399,257,2021-06-14 13:47:00,PRTA
47.21,47.21,47.21,47.21,100,2021-06-14 13:48:00,PRTA
47.05,47.05,47.05,47.05,100,2021-06-14 13:49:00,PRTA
46.98,46.98,46.78,46.78,1300,2021-06-14 13:51:00,PRTA
46.64,46.89,46.64,46.87,300,2021-06-14 13:52:00,PRTA
46.54,46.57,46.2769,46.2769,1600,2021-06-14 13:54:00,PRTA
46.305,46.305,46.305,46.305,150,2021-06-14 13:56:00,PRTA
46.42,46.51,46.32,46.32,4576,2021-06-14 13:57:00,PRTA
46.63,46.85,46.63,46.85,200,2021-06-14 13:58:00,PRTA
46.7343,46.7343,46.7343,46.7343,100,2021-06-14 13:59:00,PRTA
46.74,46.74,46.68,46.69,1450,2021-06-14 14:00:00,PRTA
46.39,46.39,46.39,46.39,100,2021-06-14 14:01:00,PRTA
46.23,46.2482,45.85,45.85,7762,2021-06-14 14:02:00,PRTA
46.145,46.145,46.145,46.145,300,2021-06-14 14:03:00,PRTA
46.0,46.145,46.0,46.0,2276,2021-06-14 14:04:00,PRTA
46.1241,46.1241,46.08,46.08,204,2021-06-14 14:06:00,PRTA
46.29,46.415,46.26,46.415,464,2021-06-14 14:07:00,PRTA
46.2928,46.2928,46.05,46.05,289,2021-06-14 14:08:00,PRTA
46.35,46.35,46.35,46.35,100,2021-06-14 14:09:00,PRTA
46.41,46.57,46.27,46.27,900,2021-06-14 14:10:00,PRTA
46.49,46.545,46.49,46.545,400,2021-06-14 14:11:00,PRTA
46.43,46.69,46.32,46.69,2766,2021-06-14 14:12:00,PRTA
46.71,46.95,46.71,46.95,1013,2021-06-14 14:13:00,PRTA
46.98,47.0,46.97,46.99,5730,2021-06-14 14:14:00,PRTA
46.9175,47.14,46.74,46.88,7077,2021-06-14 14:15:00,PRTA
47.1,47.1,46.935,46.935,2600,2021-06-14 14:16:00,PRTA
46.7537,47.1,46.7537,47.1,500,2021-06-14 14:17:00,PRTA
46.78,46.95,46.78,46.95,217,2021-06-14 14:18:00,PRTA
46.92,46.92,46.74,46.74,600,2021-06-14 14:19:00,PRTA
46.76,47.0,46.76,46.985,2129,2021-06-14 14:20:00,PRTA
46.97,47.01,46.97,47.0,1100,2021-06-14 14:21:00,PRTA
46.99,46.99,46.99,46.99,1045,2021-06-14 14:23:00,PRTA
47.1,47.13,47.02,47.02,2200,2021-06-14 14:24:00,PRTA
47.075,47.075,47.075,47.075,100,2021-06-14 14:25:00,PRTA
47.02,47.02,47.02,47.02,108,2021-06-14 14:26:00,PRTA
46.995,47.2,46.995,47.145,3775,2021-06-14 14:27:00,PRTA
47.11,47.11,47.09,47.09,300,2021-06-14 14:29:00,PRTA
47.01,47.01,46.9,46.9,400,2021-06-14 14:30:00,PRTA
46.9,46.9,46.9,46.9,107,2021-06-14 14:31:00,PRTA
46.8,46.8,46.8,46.8,200,2021-06-14 14:33:00,PRTA
46.98,46.98,46.98,46.98,100,2021-06-14 14:34:00,PRTA
46.97,47.09,46.97,47.09,300,2021-06-14 14:35:00,PRTA
46.94,46.94,46.77,46.77,740,2021-06-14 14:36:00,PRTA
46.65,46.69,46.59,46.59,1000,2021-06-14 14:42:00,PRTA
46.75,46.88,46.75,46.88,500,2021-06-14 14:44:00,PRTA
46.9,46.9,46.9,46.9,100,2021-06-14 14:45:00,PRTA
46.95,47.0,46.95,46.97,1981,2021-06-14 14:50:00,PRTA
47.0301,47.2,47.03,47.2,4640,2021-06-14 14:52:00,PRTA
47.27,47.3,47.22,47.23,1432,2021-06-14 14:53:00,PRTA
47.14,47.26,47.1107,47.26,1236,2021-06-14 14:54:00,PRTA
47.27,47.33,47.23,47.33,300,2021-06-14 14:55:00,PRTA
47.27,47.27,47.27,47.27,100,2021-06-14 14:56:00,PRTA
47.305,47.305,47.305,47.305,100,2021-06-14 14:57:00,PRTA
47.25,47.25,47.02,47.195,1200,2021-06-14 15:00:00,PRTA
47.22,47.22,47.22,47.22,200,2021-06-14 15:01:00,PRTA
47.2,47.2,47.2,47.2,100,2021-06-14 15:02:00,PRTA
47.17,47.17,47.17,47.17,100,2021-06-14 15:03:00,PRTA
47.165,47.165,47.165,47.165,200,2021-06-14 15:05:00,PRTA
47.08,47.09,46.73,46.83,10985,2021-06-14 15:06:00,PRTA
46.8,46.8,46.5,46.5,500,2021-06-14 15:07:00,PRTA
46.45,46.48,46.41,46.41,800,2021-06-14 15:08:00,PRTA
46.41,46.41,46.41,46.41,100,2021-06-14 15:09:00,PRTA
46.555,46.555,46.555,46.555,100,2021-06-14 15:10:00,PRTA
46.26,46.5,46.26,46.5,800,2021-06-14 15:11:00,PRTA
46.55,46.56,46.55,46.56,300,2021-06-14 15:12:00,PRTA
46.56,46.56,46.56,46.56,100,2021-06-14 15:13:00,PRTA
46.66,46.66,46.66,46.66,200,2021-06-14 15:14:00,PRTA
46.58,46.58,46.58,46.58,200,2021-06-14 15:16:00,PRTA
46.45,46.535,46.44,46.45,1500,2021-06-14 15:18:00,PRTA
46.61,46.75,46.61,46.75,800,2021-06-14 15:20:00,PRTA
46.65,46.65,46.65,46.65,200,2021-06-14 15:21:00,PRTA
46.63,46.68,46.63,46.68,200,2021-06-14 15:23:00,PRTA
46.715,46.715,46.715,46.715,100,2021-06-14 15:24:00,PRTA
46.75,46.82,46.75,46.82,500,2021-06-14 15:26:00,PRTA
46.94,46.95,46.94,46.95,453,2021-06-14 15:29:00,PRTA
46.95,46.99,46.87,46.99,1007,2021-06-14 15:30:00,PRTA
47.06,47.16,47.01,47.01,1000,2021-06-14 15:31:00,PRTA
47.07,47.27,47.05,47.27,4352,2021-06-14 15:34:00,PRTA
47.17,47.17,47.11,47.11,300,2021-06-14 15:35:00,PRTA
46.92,46.92,46.92,46.92,100,2021-06-14 15:38:00,PRTA
46.73,46.875,46.7,46.7,904,2021-06-14 15:40:00,PRTA
46.71,46.71,46.71,46.71,100,2021-06-14 15:42:00,PRTA
46.84,46.84,46.71,46.71,313,2021-06-14 15:44:00,PRTA
46.78,46.78,46.78,46.78,100,2021-06-14 15:45:00,PRTA
46.6759,46.6759,46.56,46.56,600,2021-06-14 15:47:00,PRTA
46.7,46.74,46.7,46.74,200,2021-06-14 15:48:00,PRTA
46.6896,46.6896,46.6896,46.6896,100,2021-06-14 15:54:00,PRTA
46.76,46.76,46.76,46.76,200,2021-06-14 15:55:00,PRTA
46.64,46.74,46.45,46.485,800,2021-06-14 15:56:00,PRTA
46.38,46.43,46.36,46.43,300,2021-06-14 15:58:00,PRTA
46.53,46.53,46.44,46.44,800,2021-06-14 15:59:00,PRTA
46.52,46.54,46.52,46.54,400,2021-06-14 16:00:00,PRTA
46.61,46.63,46.61,46.63,500,2021-06-14 16:01:00,PRTA
46.77,46.77,46.77,46.77,100,2021-06-14 16:03:00,PRTA
46.79,46.82,46.79,46.82,233,2021-06-14 16:04:00,PRTA
46.9,46.9,46.9,46.9,200,2021-06-14 16:06:00,PRTA
46.75,46.75,46.74,46.74,600,2021-06-14 16:08:00,PRTA
46.7,46.78,46.7,46.78,200,2021-06-14 16:09:00,PRTA
46.86,46.86,46.86,46.86,100,2021-06-14 16:10:00,PRTA
46.79,46.79,46.79,46.79,425,2021-06-14 16:12:00,PRTA
46.83,46.83,46.83,46.83,100,2021-06-14 16:13:00,PRTA
46.78,46.9,46.77,46.9,1101,2021-06-14 16:14:00,PRTA
46.9,46.97,46.858,46.858,1115,2021-06-14 16:15:00,PRTA
46.9,46.9,46.9,46.9,100,2021-06-14 16:17:00,PRTA
46.94,46.94,46.94,46.94,100,2021-06-14 16:19:00,PRTA
46.95,46.95,46.935,46.935,625,2021-06-14 16:20:00,PRTA
47.02,47.09,47.02,47.09,300,2021-06-14 16:21:00,PRTA
47.11,47.14,47.11,47.14,300,2021-06-14 16:22:00,PRTA
47.14,47.14,47.14,47.14,169,2021-06-14 16:23:00,PRTA
47.08,47.08,47.02,47.075,400,2021-06-14 16:24:00,PRTA
47.12,47.25,47.12,47.25,1385,2021-06-14 16:25:00,PRTA
47.34,47.35,47.24,47.24,300,2021-06-14 16:26:00,PRTA
47.33,47.33,47.33,47.33,125,2021-06-14 16:28:00,PRTA
47.2435,47.276,47.15,47.15,1100,2021-06-14 16:29:00,PRTA
47.0434,47.0434,47.04,47.04,1350,2021-06-14 16:30:00,PRTA
47.06,47.06,47.0534,47.0534,397,2021-06-14 16:31:00,PRTA
46.97,46.97,46.95,46.95,200,2021-06-14 16:32:00,PRTA
47.1,47.1,47.1,47.1,100,2021-06-14 16:35:00,PRTA
47.14,47.14,47.14,47.14,100,2021-06-14 16:38:00,PRTA
47.0601,47.0601,46.83,46.83,1500,2021-06-14 16:40:00,PRTA
46.85,46.85,46.805,46.805,200,2021-06-14 16:41:00,PRTA
46.88,46.88,46.88,46.88,200,2021-06-14 16:43:00,PRTA
46.9,46.9,46.9,46.9,200,2021-06-14 16:46:00,PRTA
46.83,46.83,46.83,46.83,400,2021-06-14 16:48:00,PRTA
46.8,46.8,46.8,46.8,200,2021-06-14 16:49:00,PRTA
46.89,46.91,46.84,46.88,1687,2021-06-14 16:52:00,PRTA
46.83,46.83,46.81,46.81,509,2021-06-14 16:53:00,PRTA
46.78,46.78,46.78,46.78,300,2021-06-14 16:54:00,PRTA
46.8,46.8,46.8,46.8,100,2021-06-14 16:56:00,PRTA
46.65,46.65,46.65,46.65,200,2021-06-14 16:58:00,PRTA
46.67,46.67,46.66,46.66,200,2021-06-14 17:00:00,PRTA
46.66,46.73,46.66,46.7,667,2021-06-14 17:01:00,PRTA
46.68,46.68,46.68,46.68,200,2021-06-14 17:03:00,PRTA
46.48,46.48,46.48,46.48,100,2021-06-14 17:04:00,PRTA
46.55,46.58,46.55,46.58,1850,2021-06-14 17:05:00,PRTA
46.62,46.63,46.62,46.63,500,2021-06-14 17:06:00,PRTA
46.615,46.615,46.615,46.615,100,2021-06-14 17:08:00,PRTA
46.6167,46.6167,46.58,46.58,400,2021-06-14 17:10:00,PRTA
46.51,46.51,46.5,46.5,863,2021-06-14 17:11:00,PRTA
46.5,46.51,46.47,46.47,750,2021-06-14 17:12:00,PRTA
46.45,46.45,46.45,46.45,100,2021-06-14 17:13:00,PRTA
46.38,46.38,46.38,46.38,100,2021-06-14 17:14:00,PRTA
46.47,46.54,46.46,46.54,1000,2021-06-14 17:16:00,PRTA
46.46,46.46,46.46,46.46,100,2021-06-14 17:19:00,PRTA
46.36,46.48,46.26,46.48,1400,2021-06-14 17:21:00,PRTA
46.49,46.58,46.49,46.575,813,2021-06-14 17:22:00,PRTA
46.59,46.59,46.59,46.59,100,2021-06-14 17:23:00,PRTA
46.645,46.645,46.64,46.64,200,2021-06-14 17:24:00,PRTA
46.695,46.695,46.69,46.69,200,2021-06-14 17:25:00,PRTA
46.75,46.75,46.72,46.72,200,2021-06-14 17:29:00,PRTA
46.78,46.7918,46.78,46.7918,300,2021-06-14 17:30:00,PRTA
46.82,46.89,46.8142,46.89,500,2021-06-14 17:31:00,PRTA
46.915,46.915,46.85,46.85,300,2021-06-14 17:35:00,PRTA
46.85,46.85,46.85,46.85,400,2021-06-14 17:39:00,PRTA
46.84,46.97,46.84,46.97,400,2021-06-14 17:43:00,PRTA
46.87,46.92,46.75,46.75,800,2021-06-14 17:44:00,PRTA
46.83,46.83,46.83,46.83,200,2021-06-14 17:45:00,PRTA
46.84,46.84,46.81,46.81,200,2021-06-14 17:46:00,PRTA
46.85,46.88,46.85,46.88,775,2021-06-14 17:47:00,PRTA
46.845,46.926,46.8246,46.926,700,2021-06-14 17:48:00,PRTA
46.8,46.8,46.8,46.8,100,2021-06-14 17:51:00,PRTA
46.75,46.75,46.69,46.75,300,2021-06-14 17:52:00,PRTA
46.601,46.72,46.601,46.72,279,2021-06-14 17:53:00,PRTA
46.7365,46.7365,46.7365,46.7365,450,2021-06-14 17:56:00,PRTA
46.68,46.75,46.68,46.75,270,2021-06-14 17:58:00,PRTA
46.6412,46.6412,46.6412,46.6412,642,2021-06-14 18:01:00,PRTA
46.675,46.95,46.675,46.77,3898,2021-06-14 18:02:00,PRTA
46.95,46.95,46.95,46.95,100,2021-06-14 18:05:00,PRTA
46.83,47.0,46.83,47.0,551,2021-06-14 18:06:00,PRTA
46.99,46.99,46.99,46.99,100,2021-06-14 18:07:00,PRTA
47.0,47.01,47.0,47.01,200,2021-06-14 18:11:00,PRTA
47.01,47.05,47.01,47.05,400,2021-06-14 18:12:00,PRTA
47.16,47.16,47.135,47.135,5100,2021-06-14 18:15:00,PRTA
47.12,47.12,47.12,47.12,100,2021-06-14 18:16:00,PRTA
47.1235,47.15,47.12,47.15,2000,2021-06-14 18:19:00,PRTA
47.22,47.22,47.22,47.22,100,2021-06-14 18:20:00,PRTA
47.1988,47.1988,47.1988,47.1988,200,2021-06-14 18:22:00,PRTA
47.25,47.38,47.25,47.35,1301,2021-06-14 18:23:00,PRTA
47.3,47.47,47.25,47.39,3021,2021-06-14 18:24:00,PRTA
47.47,47.54,47.47,47.54,1468,2021-06-14 18:26:00,PRTA
47.525,47.525,47.525,47.525,200,2021-06-14 18:27:00,PRTA
47.55,47.55,47.55,47.55,100,2021-06-14 18:29:00,PRTA
47.56,47.56,47.56,47.56,100,2021-06-14 18:30:00,PRTA
47.48,47.48,47.48,47.48,100,2021-06-14 18:31:00,PRTA
47.53,47.53,47.48,47.48,468,2021-06-14 18:33:00,PRTA
47.48,47.76,47.48,47.71,3199,2021-06-14 18:36:00,PRTA
47.71,47.76,47.71,47.76,500,2021-06-14 18:37:00,PRTA
47.76,47.76,47.76,47.76,200,2021-06-14 18:38:00,PRTA
47.78,47.95,47.75,47.95,4312,2021-06-14 18:39:00,PRTA
47.96,47.96,47.96,47.96,107,2021-06-14 18:40:00,PRTA
48.0,48.05,48.0,48.05,900,2021-06-14 18:41:00,PRTA
48.09,48.24,48.03,48.03,1700,2021-06-14 18:42:00,PRTA
48.36,48.42,48.29,48.33,1561,2021-06-14 18:44:00,PRTA
48.24,48.24,48.24,48.24,200,2021-06-14 18:45:00,PRTA
48.38,48.38,48.38,48.38,100,2021-06-14 18:46:00,PRTA
48.4,48.4,48.4,48.4,100,2021-06-14 18:47:00,PRTA
48.38,48.39,48.33,48.33,957,2021-06-14 18:48:00,PRTA
48.344,48.344,48.2376,48.2376,940,2021-06-14 18:49:00,PRTA
48.27,48.27,48.27,48.27,663,2021-06-14 18:50:00,PRTA
48.215,48.26,48.18,48.26,675,2021-06-14 18:51:00,PRTA
48.21,48.21,48.04,48.04,1366,2021-06-14 18:52:00,PRTA
47.99,48.02,47.95,47.99,2113,2021-06-14 18:53:00,PRTA
48.03,48.03,47.9788,47.9788,200,2021-06-14 18:54:00,PRTA
48.02,48.1,48.02,48.1,800,2021-06-14 18:55:00,PRTA
48.1,48.1,48.1,48.1,100,2021-06-14 18:56:00,PRTA
48.1,48.1,48.1,48.1,300,2021-06-14 18:57:00,PRTA
48.12,48.12,48.105,48.105,300,2021-06-14 18:58:00,PRTA
48.105,48.2,48.02,48.1,4100,2021-06-14 18:59:00,PRTA
48.1,48.1,48.02,48.1,3100,2021-06-14 19:00:00,PRTA
48.085,48.125,48.085,48.125,600,2021-06-14 19:01:00,PRTA
48.2,48.3,48.08,48.11,2408,2021-06-14 19:03:00,PRTA
48.19,48.19,48.19,48.19,100,2021-06-14 19:04:00,PRTA
48.12,48.12,48.0,48.0,2531,2021-06-14 19:05:00,PRTA
47.93,48.05,47.93,47.995,600,2021-06-14 19:06:00,PRTA
47.99,47.99,47.87,47.87,400,2021-06-14 19:07:00,PRTA
47.99,47.99,47.99,47.99,100,2021-06-14 19:10:00,PRTA
47.99,47.99,47.99,47.99,200,2021-06-14 19:11:00,PRTA
47.97,48.055,47.97,47.98,2100,2021-06-14 19:12:00,PRTA
47.99,47.99,47.92,47.92,800,2021-06-14 19:13:00,PRTA
47.92,48.045,47.86,47.86,8414,2021-06-14 19:14:00,PRTA
47.92,48.0,47.79,47.79,8900,2021-06-14 19:15:00,PRTA
47.78,47.78,47.46,47.46,1000,2021-06-14 19:16:00,PRTA
47.62,47.64,47.38,47.38,300,2021-06-14 19:17:00,PRTA
47.505,47.59,47.12,47.545,3533,2021-06-14 19:18:00,PRTA
47.63,47.86,47.63,47.84,4733,2021-06-14 19:19:00,PRTA
47.83,47.83,47.49,47.51,5600,2021-06-14 19:20:00,PRTA
47.67,47.67,47.54,47.54,400,2021-06-14 19:21:00,PRTA
47.48,47.52,47.36,47.39,500,2021-06-14 19:22:00,PRTA
47.47,47.55,47.47,47.55,420,2021-06-14 19:24:00,PRTA
47.54,47.54,47.54,47.54,100,2021-06-14 19:25:00,PRTA
47.57,47.64,47.43,47.555,600,2021-06-14 19:26:00,PRTA
47.5804,47.5804,47.5804,47.5804,250,2021-06-14 19:27:00,PRTA
47.63,47.63,47.47,47.61,500,2021-06-14 19:29:00,PRTA
47.62,47.71,47.62,47.71,260,2021-06-14 19:30:00,PRTA
47.745,47.76,47.7,47.7,5600,2021-06-14 19:31:00,PRTA
47.78,47.78,47.65,47.65,700,2021-06-14 19:32:00,PRTA
47.76,47.76,47.76,47.76,500,2021-06-14 19:33:00,PRTA
47.75,47.89,47.74,47.835,3300,2021-06-14 19:34:00,PRTA
47.835,47.835,47.835,47.835,100,2021-06-14 19:35:00,PRTA
47.845,47.845,47.69,47.69,1100,2021-06-14 19:36:00,PRTA
47.81,47.865,47.78,47.78,399,2021-06-14 19:37:00,PRTA
47.77,47.77,47.77,47.77,100,2021-06-14 19:38:00,PRTA
47.8,47.84,47.79,47.79,4135,2021-06-14 19:39:00,PRTA
47.73,47.73,47.73,47.73,175,2021-06-14 19:40:00,PRTA
47.805,47.805,47.66,47.66,600,2021-06-14 19:42:00,PRTA
47.77,47.77,47.64,47.65,1800,2021-06-14 19:43:00,PRTA
47.66,47.66,47.47,47.53,6041,2021-06-14 19:44:00,PRTA
47.47,47.53,47.46,47.53,1000,2021-06-14 19:45:00,PRTA
47.59,47.6,47.53,47.53,700,2021-06-14 19:46:00,PRTA
47.53,47.53,47.47,47.47,200,2021-06-14 19:47:00,PRTA
47.47,47.47,47.34,47.34,1568,2021-06-14 19:48:00,PRTA
47.45,47.472,47.33,47.385,742,2021-06-14 19:49:00,PRTA
47.32,47.6,47.16,47.29,12605,2021-06-14 19:50:00,PRTA
47.33,47.4,47.33,47.4,600,2021-06-14 19:51:00,PRTA
47.35,47.36,47.18,47.18,500,2021-06-14 19:52:00,PRTA
47.19,47.29,47.19,47.29,300,2021-06-14 19:53:00,PRTA
47.2,47.53,47.15,47.42,4894,2021-06-14 19:54:00,PRTA
47.58,47.76,47.53,47.75,5718,2021-06-14 19:55:00,PRTA
47.75,47.8,47.68,47.69,9991,2021-06-14 19:56:00,PRTA
47.68,47.69,47.65,47.65,7491,2021-06-14 19:57:00,PRTA
47.65,47.75,47.62,47.67,10131,2021-06-14 19:58:00,PRTA
47.665,47.72,47.65,47.65,8825,2021-06-14 19:59:00,PRTA
47.65,47.65,47.65,47.65,78874,2021-06-14 20:00:00,PRTA
47.65,47.65,47.65,47.65,21188,2021-06-14 20:01:00,PRTA
49.87,49.87,49.87,49.87,151,2021-06-15 11:03:00,PRTA
49.87,49.87,49.87,49.87,100,2021-06-15 11:12:00,PRTA
49.9,49.9,49.9,49.9,200,2021-06-15 12:26:00,PRTA
48.1,48.22,47.65,48.22,7474,2021-06-15 13:30:00,PRTA
48.19,48.25,48.19,48.25,300,2021-06-15 13:31:00,PRTA
48.59,48.68,47.8105,48.25,5900,2021-06-15 13:32:00,PRTA
48.59,48.66,48.44,48.44,779,2021-06-15 13:33:00,PRTA
48.43,49.12,48.43,49.12,1457,2021-06-15 13:34:00,PRTA
49.1,49.1,48.58,48.58,1572,2021-06-15 13:35:00,PRTA
48.77,48.79,48.48,48.77,2066,2021-06-15 13:36:00,PRTA
48.31,48.73,48.31,48.73,200,2021-06-15 13:37:00,PRTA
48.78,49.0,48.78,48.8,2800,2021-06-15 13:38:00,PRTA
49.0445,49.0445,48.78,48.8,1761,2021-06-15 13:40:00,PRTA
48.8,49.35,48.7538,48.7538,7514,2021-06-15 13:41:00,PRTA
49.33,49.33,49.33,49.33,100,2021-06-15 13:42:00,PRTA
48.8,48.9564,48.8,48.9564,200,2021-06-15 13:43:00,PRTA
48.93,49.0,48.75,48.89,1800,2021-06-15 13:45:00,PRTA
49.0,49.19,48.82,49.19,2152,2021-06-15 13:46:00,PRTA
49.45,49.45,48.87,49.0874,6036,2021-06-15 13:47:00,PRTA
49.1472,49.1472,48.83,48.83,850,2021-06-15 13:48:00,PRTA
48.87,48.87,48.61,48.6285,1081,2021-06-15 13:50:00,PRTA
48.49,48.49,48.48,48.48,200,2021-06-15 13:51:00,PRTA
48.16,48.5,48.08,48.5,1722,2021-06-15 13:54:00,PRTA
48.5,48.5,48.5,48.5,200,2021-06-15 13:55:00,PRTA
48.5,48.51,48.5,48.5,440,2021-06-15 13:56:00,PRTA
48.67,48.67,48.67,48.67,108,2021-06-15 13:57:00,PRTA
48.66,48.68,48.66,48.68,200,2021-06-15 14:00:00,PRTA
48.625,48.625,48.625,48.625,100,2021-06-15 14:02:00,PRTA
48.75,48.75,48.75,48.75,500,2021-06-15 14:03:00,PRTA
48.75,48.75,48.71,48.71,200,2021-06-15 14:04:00,PRTA
48.61,48.61,48.61,48.61,200,2021-06-15 14:05:00,PRTA
48.595,48.615,48.48,48.51,1658,2021-06-15 14:07:00,PRTA
48.59,48.82,48.59,48.82,438,2021-06-15 14:09:00,PRTA
48.75,48.76,48.59,48.685,4300,2021-06-15 14:10:00,PRTA
48.75,48.83,48.75,48.76,1200,2021-06-15 14:11:00,PRTA
48.8399,48.8399,48.75,48.76,3100,2021-06-15 14:12:00,PRTA
48.66,48.66,48.61,48.61,364,2021-06-15 14:14:00,PRTA
48.6777,48.6777,48.6777,48.6777,500,2021-06-15 14:15:00,PRTA
48.63,48.94,48.63,48.94,200,2021-06-15 14:16:00,PRTA
48.79,48.965,48.79,48.9,911,2021-06-15 14:18:00,PRTA
48.86,49.03,48.77,49.03,791,2021-06-15 14:19:00,PRTA
48.98,48.98,48.98,48.98,200,2021-06-15 14:21:00,PRTA
49.13,49.13,48.85,49.07,400,2021-06-15 14:22:00,PRTA
48.965,48.965,48.965,48.965,100,2021-06-15 14:23:00,PRTA
48.91,48.91,48.775,48.775,2631,2021-06-15 14:24:00,PRTA
48.755,48.755,48.755,48.755,204,2021-06-15 14:26:00,PRTA
48.725,48.83,48.5401,48.7,1344,2021-06-15 14:29:00,PRTA
48.55,48.91,48.55,48.91,1200,2021-06-15 14:30:00,PRTA
48.925,48.925,48.925,48.925,105,2021-06-15 14:31:00,PRTA
48.74,48.74,48.74,48.74,188,2021-06-15 14:32:00,PRTA
48.78,49.01,48.75,49.01,300,2021-06-15 14:34:00,PRTA
49.1,49.26,49.1,49.13,834,2021-06-15 14:35:00,PRTA
49.135,49.2399,49.135,49.2399,225,2021-06-15 14:36:00,PRTA
49.24,49.45,49.24,49.3,800,2021-06-15 14:37:00,PRTA
49.5,49.62,49.5,49.565,3097,2021-06-15 14:38:00,PRTA
49.5762,49.86,49.5762,49.86,2470,2021-06-15 14:39:00,PRTA
49.61,49.72,49.61,49.72,469,2021-06-15 14:40:00,PRTA
49.73,49.79,49.73,49.78,1686,2021-06-15 14:41:00,PRTA
49.81,50.16,49.81,50.16,12117,2021-06-15 14:42:00,PRTA
50.24,50.34,50.2265,50.34,980,2021-06-15 14:43:00,PRTA
50.2345,50.2345,50.0501,50.16,2490,2021-06-15 14:45:00,PRTA
50.06,50.06,50.05,50.05,200,2021-06-15 14:46:00,PRTA
50.0,50.0,50.0,50.0,200,2021-06-15 14:47:00,PRTA
50.05,50.05,50.05,50.05,502,2021-06-15 14:48:00,PRTA
49.99,50.0,49.94,50.0,1147,2021-06-15 14:50:00,PRTA
49.8975,49.8975,49.8975,49.8975,100,2021-06-15 14:51:00,PRTA
49.91,50.0,49.9,50.0,488,2021-06-15 14:52:00,PRTA
50.0,50.015,49.64,49.64,3630,2021-06-15 14:54:00,PRTA
49.71,49.71,49.575,49.65,900,2021-06-15 14:55:00,PRTA
49.55,49.55,49.55,49.55,100,2021-06-15 14:56:00,PRTA
49.35,49.4057,49.25,49.25,400,2021-06-15 14:57:00,PRTA
49.345,49.345,49.2507,49.277,1000,2021-06-15 14:58:00,PRTA
49.34,49.34,49.34,49.34,200,2021-06-15 14:59:00,PRTA
49.25,49.34,49.185,49.185,1236,2021-06-15 15:02:00,PRTA
49.11,49.11,49.11,49.11,168,2021-06-15 15:03:00,PRTA
49.26,49.43,49.26,49.419,1980,2021-06-15 15:04:00,PRTA
49.4,49.5,49.37,49.5,1020,2021-06-15 15:05:00,PRTA
49.57,49.58,49.57,49.58,581,2021-06-15 15:06:00,PRTA
49.585,49.585,49.585,49.585,100,2021-06-15 15:07:00,PRTA
49.72,50.0,49.72,49.99,3770,2021-06-15 15:08:00,PRTA
49.7799,49.82,49.7799,49.82,257,2021-06-15 15:09:00,PRTA
49.73,49.73,49.59,49.68,946,2021-06-15 15:10:00,PRTA
49.67,49.68,49.67,49.68,323,2021-06-15 15:11:00,PRTA
49.85,49.855,49.765,49.765,444,2021-06-15 15:13:00,PRTA
49.9112,49.9112,49.79,49.79,500,2021-06-15 15:14:00,PRTA
49.79,49.79,49.78,49.78,600,2021-06-15 15:15:00,PRTA
49.69,49.78,49.585,49.585,600,2021-06-15 15:16:00,PRTA
49.59,49.695,49.59,49.59,2200,2021-06-15 15:17:00,PRTA
49.69,49.69,49.52,49.52,700,2021-06-15 15:18:00,PRTA
49.59,49.63,49.59,49.63,500,2021-06-15 15:19:00,PRTA
49.59,49.61,49.59,49.59,400,2021-06-15 15:20:00,PRTA
49.44,49.515,49.44,49.515,200,2021-06-15 15:21:00,PRTA
49.485,49.515,49.38,49.38,1300,2021-06-15 15:22:00,PRTA
49.32,49.415,49.32,49.415,400,2021-06-15 15:23:00,PRTA
49.32,49.415,49.32,49.4,600,2021-06-15 15:25:00,PRTA
49.4,49.46,49.4,49.4,900,2021-06-15 15:26:00,PRTA
49.4,49.4,49.29,49.29,1163,2021-06-15 15:27:00,PRTA
49.12,49.17,49.1,49.17,300,2021-06-15 15:28:00,PRTA
49.1243,49.1243,49.04,49.04,910,2021-06-15 15:29:00,PRTA
49.24,49.24,49.045,49.045,700,2021-06-15 15:30:00,PRTA
49.04,49.04,49.04,49.04,300,2021-06-15 15:31:00,PRTA
48.94,49.045,48.94,49.04,900,2021-06-15 15:33:00,PRTA
49.09,49.2,49.09,49.09,1327,2021-06-15 15:34:00,PRTA
49.09,49.145,49.09,49.145,600,2021-06-15 15:35:00,PRTA
49.15,49.43,49.145,49.43,2490,2021-06-15 15:37:00,PRTA
49.34,49.38,49.33,49.38,570,2021-06-15 15:38:00,PRTA
49.3474,49.3474,49.3474,49.3474,518,2021-06-15 15:39:00,PRTA
49.43,49.5,49.43,49.5,898,2021-06-15 15:40:00,PRTA
49.345,49.475,49.345,49.475,300,2021-06-15 15:42:00,PRTA
49.34,49.34,49.34,49.34,100,2021-06-15 15:44:00,PRTA
49.33,50.0879,49.33,50.0879,9921,2021-06-15 15:45:00,PRTA
50.07,50.22,50.01,50.18,2703,2021-06-15 15:46:00,PRTA
50.09,50.2,50.09,50.2,1900,2021-06-15 15:47:00,PRTA
50.02,50.1,49.94,50.0,770,2021-06-15 15:48:00,PRTA
49.795,49.795,49.795,49.795,200,2021-06-15 15:49:00,PRTA
49.78,49.98,49.78,49.95,650,2021-06-15 15:50:00,PRTA
49.98,49.98,49.77,49.96,550,2021-06-15 15:51:00,PRTA
49.76,49.85,49.65,49.85,1087,2021-06-15 15:52:00,PRTA
49.73,50.0,49.73,50.0,1940,2021-06-15 15:53:00,PRTA
50.0,50.0,50.0,50.0,400,2021-06-15 15:55:00,PRTA
50.05,50.05,50.05,50.05,200,2021-06-15 15:56:00,PRTA
50.0,50.02,49.965,49.965,750,2021-06-15 15:57:00,PRTA
50.0386,50.0386,49.9,49.9,300,2021-06-15 16:00:00,PRTA
49.9,49.94,49.9,49.93,700,2021-06-15 16:01:00,PRTA
49.71,49.71,49.71,49.71,200,2021-06-15 16:02:00,PRTA
49.72,49.795,49.72,49.795,200,2021-06-15 16:03:00,PRTA
49.76,49.76,49.76,49.76,200,2021-06-15 16:04:00,PRTA
49.88,49.9,49.88,49.9,300,2021-06-15 16:05:00,PRTA
49.89,49.93,49.795,49.795,400,2021-06-15 16:07:00,PRTA
49.79,49.85,49.73,49.81,825,2021-06-15 16:08:00,PRTA
49.68,49.68,49.575,49.575,200,2021-06-15 16:09:00,PRTA
49.57,49.67,49.57,49.67,300,2021-06-15 16:10:00,PRTA
49.62,49.83,49.62,49.83,1568,2021-06-15 16:11:00,PRTA
49.89,50.1,49.88,50.1,2806,2021-06-15 16:12:00,PRTA
50.04,50.1,50.04,50.04,400,2021-06-15 16:13:00,PRTA
50.1,50.1,50.01,50.01,200,2021-06-15 16:14:00,PRTA
50.01,50.05,49.91,50.02,1834,2021-06-15 16:15:00,PRTA
50.02,50.23,50.02,50.17,2504,2021-06-15 16:16:00,PRTA
50.18,50.21,50.12,50.12,430,2021-06-15 16:17:00,PRTA
50.21,50.3,50.21,50.3,900,2021-06-15 16:18:00,PRTA
50.37,50.4,50.2556,50.39,6372,2021-06-15 16:19:00,PRTA
50.45,50.51,50.43,50.43,700,2021-06-15 16:22:00,PRTA
50.498,50.74,50.43,50.43,1383,2021-06-15 16:23:00,PRTA
50.7,50.72,50.5,50.7,1200,2021-06-15 16:24:00,PRTA
50.6,50.73,50.6,50.67,800,2021-06-15 16:25:00,PRTA
50.6925,50.6925,50.6925,50.6925,1000,2021-06-15 16:26:00,PRTA
50.72,50.74,50.6624,50.6624,1360,2021-06-15 16:27:00,PRTA
50.6318,51.09,50.6318,51.09,2299,2021-06-15 16:28:00,PRTA
51.05,51.3,51.03,51.21,4838,2021-06-15 16:29:00,PRTA
51.21,51.21,50.945,51.1965,1106,2021-06-15 16:30:00,PRTA
51.125,51.125,51.125,51.125,150,2021-06-15 16:31:00,PRTA
51.25,51.33,51.11,51.3279,1000,2021-06-15 16:32:00,PRTA
51.33,51.45,51.24,51.32,1150,2021-06-15 16:33:00,PRTA
51.3,51.3,51.08,51.08,1062,2021-06-15 16:34:00,PRTA
51.04,51.12,51.04,51.12,1300,2021-06-15 16:35:00,PRTA
51.02,51.02,51.02,51.02,100,2021-06-15 16:37:00,PRTA
51.0,51.47,51.0,51.43,3700,2021-06-15 16:38:00,PRTA
51.28,51.28,51.28,51.28,250,2021-06-15 16:39:00,PRTA
51.225,51.225,51.225,51.225,100,2021-06-15 16:40:00,PRTA
51.22,51.22,51.22,51.22,125,2021-06-15 16:41:00,PRTA
51.17,51.17,51.0,51.0,1320,2021-06-15 16:42:00,PRTA
51.0,51.0,50.88,50.88,227,2021-06-15 16:43:00,PRTA
51.0,51.0,50.96,50.96,500,2021-06-15 16:44:00,PRTA
50.9,50.94,50.725,50.725,1391,2021-06-15 16:45:00,PRTA
50.77,50.81,50.48,50.48,6660,2021-06-15 16:46:00,PRTA
50.49,50.78,50.46,50.4601,5526,2021-06-15 16:47:00,PRTA
50.62,50.62,50.4743,50.4743,200,2021-06-15 16:48:00,PRTA
50.4,50.4,50.4,50.4,100,2021-06-15 16:49:00,PRTA
50.5966,50.5966,50.5966,50.5966,633,2021-06-15 16:50:00,PRTA
50.52,50.52,50.515,50.515,400,2021-06-15 16:51:00,PRTA
50.52,50.52,50.37,50.515,1200,2021-06-15 16:52:00,PRTA
50.515,50.515,50.35,50.35,400,2021-06-15 16:53:00,PRTA
50.505,50.505,50.36,50.505,1448,2021-06-15 16:54:00,PRTA
50.37,50.455,50.34,50.34,1904,2021-06-15 16:55:00,PRTA
50.03,50.44,50.0206,50.44,3542,2021-06-15 16:56:00,PRTA
50.355,50.355,50.355,50.355,100,2021-06-15 16:59:00,PRTA
50.35,50.35,50.35,50.35,200,2021-06-15 17:01:00,PRTA
50.35,50.35,50.35,50.35,100,2021-06-15 17:03:00,PRTA
50.22,50.22,50.1,50.105,4000,2021-06-15 17:04:00,PRTA
50.09,50.09,50.085,50.085,375,2021-06-15 17:05:00,PRTA
50.06,50.06,50.06,50.06,100,2021-06-15 17:06:00,PRTA
50.2,50.2,50.2,50.2,400,2021-06-15 17:07:00,PRTA
50.14,50.14,50.14,50.14,100,2021-06-15 17:11:00,PRTA
50.33,50.33,50.33,50.33,100,2021-06-15 17:12:00,PRTA
50.33,50.4,50.33,50.39,872,2021-06-15 17:13:00,PRTA
50.4,50.47,50.4,50.47,400,2021-06-15 17:15:00,PRTA
50.35,50.46,50.26,50.46,600,2021-06-15 17:16:00,PRTA
50.45,50.64,50.45,50.64,565,2021-06-15 17:17:00,PRTA
50.54,50.54,50.54,50.54,300,2021-06-15 17:18:00,PRTA
50.62,50.62,50.5257,50.5257,400,2021-06-15 17:21:00,PRTA
50.7671,50.7671,50.7671,50.7671,295,2021-06-15 17:23:00,PRTA
50.615,50.615,50.615,50.615,100,2021-06-15 17:24:00,PRTA
50.48,50.48,50.48,50.48,110,2021-06-15 17:25:00,PRTA
50.605,50.605,50.605,50.605,500,2021-06-15 17:26:00,PRTA
50.7,50.8,50.7,50.8,1339,2021-06-15 17:27:00,PRTA
50.845,50.95,50.7301,50.95,5500,2021-06-15 17:28:00,PRTA
50.99,51.0,50.99,51.0,1134,2021-06-15 17:29:00,PRTA
50.9655,50.9655,50.9655,50.9655,200,2021-06-15 17:30:00,PRTA
50.945,51.04,50.945,51.04,200,2021-06-15 17:31:00,PRTA
50.94,50.94,50.94,50.94,100,2021-06-15 17:32:00,PRTA
50.925,50.925,50.895,50.895,800,2021-06-15 17:33:00,PRTA
50.93,50.94,50.93,50.94,495,2021-06-15 17:35:00,PRTA
50.92,51.1,50.92,51.1,550,2021-06-15 17:36:00,PRTA
51.16,51.26,51.16,51.2,700,2021-06-15 17:39:00,PRTA
51.2,51.2,51.135,51.135,400,2021-06-15 17:40:00,PRTA
51.135,51.19,51.135,51.19,300,2021-06-15 17:41:00,PRTA
51.195,51.2,51.195,51.2,462,2021-06-15 17:42:00,PRTA
51.2,51.2,51.2,51.2,100,2021-06-15 17:43:00,PRTA
51.205,51.205,51.205,51.205,100,2021-06-15 17:44:00,PRTA
51.205,51.205,51.2,51.2,208,2021-06-15 17:45:00,PRTA
51.3,51.3,51.29,51.29,200,2021-06-15 17:46:00,PRTA
51.23,51.23,51.23,51.23,100,2021-06-15 17:47:00,PRTA
51.19,51.19,51.1,51.185,900,2021-06-15 17:49:00,PRTA
51.185,51.185,51.185,51.185,700,2021-06-15 17:51:00,PRTA
51.185,51.185,51.185,51.185,100,2021-06-15 17:52:00,PRTA
51.12,51.12,50.94,51.0,2530,2021-06-15 17:53:00,PRTA
50.93,50.94,50.91,50.91,500,2021-06-15 17:54:00,PRTA
50.92,50.92,50.83,50.83,300,2021-06-15 17:55:00,PRTA
50.8016,50.88,50.79,50.88,545,2021-06-15 17:56:00,PRTA
50.83,50.87,50.76,50.76,953,2021-06-15 17:57:00,PRTA
50.7871,50.7871,50.7871,50.7871,200,2021-06-15 17:58:00,PRTA
50.75,50.75,50.75,50.75,200,2021-06-15 17:59:00,PRTA
50.75,50.75,50.75,50.75,200,2021-06-15 18:00:00,PRTA
50.755,50.755,50.73,50.73,1100,2021-06-15 18:01:00,PRTA
50.72,50.72,50.7112,50.7112,732,2021-06-15 18:02:00,PRTA
50.72,50.81,50.72,50.775,6296,2021-06-15 18:03:00,PRTA
50.7,50.7,50.58,50.66,500,2021-06-15 18:04:00,PRTA
50.55,50.55,50.48,50.48,600,2021-06-15 18:05:00,PRTA
50.4516,50.53,50.4516,50.53,525,2021-06-15 18:06:00,PRTA
50.53,50.75,50.47,50.75,1625,2021-06-15 18:08:00,PRTA
50.75,50.75,50.75,50.75,307,2021-06-15 18:09:00,PRTA
50.6982,50.7,50.655,50.7,1600,2021-06-15 18:10:00,PRTA
50.7,50.77,50.7,50.7189,700,2021-06-15 18:11:00,PRTA
50.71,50.71,50.71,50.71,550,2021-06-15 18:12:00,PRTA
50.79,50.79,50.79,50.79,100,2021-06-15 18:13:00,PRTA
50.7,50.85,50.6891,50.81,1519,2021-06-15 18:14:00,PRTA
50.81,50.81,50.78,50.78,450,2021-06-15 18:15:00,PRTA
50.86,50.86,50.86,50.86,747,2021-06-15 18:16:00,PRTA
50.8247,50.9,50.8247,50.9,400,2021-06-15 18:17:00,PRTA
50.76,50.76,50.75,50.75,200,2021-06-15 18:18:00,PRTA
50.77,50.77,50.77,50.77,100,2021-06-15 18:19:00,PRTA
50.76,50.87,50.64,50.87,1800,2021-06-15 18:21:00,PRTA
50.735,50.735,50.735,50.735,100,2021-06-15 18:22:00,PRTA
50.85,51.06,50.85,51.06,1500,2021-06-15 18:26:00,PRTA
51.15,51.15,51.15,51.15,200,2021-06-15 18:27:00,PRTA
51.28,51.28,51.125,51.125,450,2021-06-15 18:28:00,PRTA
51.2299,51.2299,51.2299,51.2299,250,2021-06-15 18:29:00,PRTA
51.2299,51.24,51.22,51.22,1200,2021-06-15 18:30:00,PRTA
51.235,51.235,51.235,51.235,100,2021-06-15 18:32:00,PRTA
51.1644,51.24,51.1644,51.24,1331,2021-06-15 18:33:00,PRTA
51.235,51.24,51.195,51.195,800,2021-06-15 18:34:00,PRTA
51.17,51.17,51.08,51.095,2064,2021-06-15 18:35:00,PRTA
51.04,51.04,50.94,50.94,400,2021-06-15 18:36:00,PRTA
51.0,51.04,51.0,51.04,1600,2021-06-15 18:38:00,PRTA
51.12,51.16,51.12,51.135,300,2021-06-15 18:40:00,PRTA
51.113,51.26,51.113,51.26,535,2021-06-15 18:41:00,PRTA
51.26,51.26,51.256,51.256,400,2021-06-15 18:42:00,PRTA
51.225,51.225,51.13,51.13,550,2021-06-15 18:44:00,PRTA
51.13,51.225,51.11,51.225,2097,2021-06-15 18:45:00,PRTA
51.27,51.35,51.27,51.35,600,2021-06-15 18:46:00,PRTA
51.37,51.43,51.3501,51.3501,600,2021-06-15 18:47:00,PRTA
51.45,51.55,51.37,51.4697,4408,2021-06-15 18:48:00,PRTA
51.5,51.53,51.5,51.53,600,2021-06-15 18:49:00,PRTA
51.53,51.53,51.53,51.53,100,2021-06-15 18:50:00,PRTA
51.53,51.7,51.53,51.7,6925,2021-06-15 18:51:00,PRTA
51.78,51.8,51.71,51.7492,2542,2021-06-15 18:52:00,PRTA
51.79,51.86,51.79,51.83,2008,2021-06-15 18:53:00,PRTA
51.7402,51.7402,51.7402,51.7402,193,2021-06-15 18:54:00,PRTA
51.6601,51.87,51.6601,51.77,955,2021-06-15 18:56:00,PRTA
51.74,51.785,51.58,51.65,1880,2021-06-15 18:57:00,PRTA
51.655,51.655,51.655,51.655,100,2021-06-15 18:58:00,PRTA
51.57,51.57,51.57,51.57,100,2021-06-15 18:59:00,PRTA
51.54,51.54,51.32,51.32,1983,2021-06-15 19:00:00,PRTA
51.58,51.71,51.58,51.6,1000,2021-06-15 19:01:00,PRTA
51.74,51.74,51.74,51.74,300,2021-06-15 19:05:00,PRTA
51.7043,51.7043,51.7043,51.7043,1200,2021-06-15 19:06:00,PRTA
51.72,51.76,51.61,51.61,1900,2021-06-15 19:08:00,PRTA
51.63,51.63,51.63,51.63,100,2021-06-15 19:09:00,PRTA
51.605,51.605,51.605,51.605,100,2021-06-15 19:10:00,PRTA
51.63,51.63,51.63,51.63,100,2021-06-15 19:11:00,PRTA
51.63,51.66,51.63,51.66,674,2021-06-15 19:13:00,PRTA
51.67,51.67,51.67,51.67,200,2021-06-15 19:16:00,PRTA
51.61,51.61,51.61,51.61,100,2021-06-15 19:17:00,PRTA
51.665,51.665,51.665,51.665,200,2021-06-15 19:18:00,PRTA
51.63,51.63,51.45,51.49,1706,2021-06-15 19:19:00,PRTA
51.4,51.4,51.38,51.39,410,2021-06-15 19:21:00,PRTA
51.33,51.33,51.3,51.31,800,2021-06-15 19:22:00,PRTA
51.3103,51.3103,51.24,51.24,1100,2021-06-15 19:24:00,PRTA
51.28,51.28,51.28,51.28,100,2021-06-15 19:25:00,PRTA
51.31,51.33,51.31,51.33,800,2021-06-15 19:26:00,PRTA
51.28,51.33,51.28,51.33,300,2021-06-15 19:27:00,PRTA
51.33,51.33,51.33,51.33,100,2021-06-15 19:28:00,PRTA
51.32,51.45,51.32,51.45,500,2021-06-15 19:29:00,PRTA
51.465,51.7,51.465,51.665,1900,2021-06-15 19:30:00,PRTA
51.675,51.675,51.675,51.675,200,2021-06-15 19:31:00,PRTA
51.77,51.8739,51.77,51.85,1120,2021-06-15 19:32:00,PRTA
51.89,51.96,51.8892,51.96,1200,2021-06-15 19:33:00,PRTA
51.93,52.05,51.92,52.0,4584,2021-06-15 19:34:00,PRTA
51.995,51.995,51.83,51.88,1250,2021-06-15 19:35:00,PRTA
51.93,51.93,51.91,51.91,275,2021-06-15 19:36:00,PRTA
51.94,51.97,51.94,51.97,604,2021-06-15 19:37:00,PRTA
52.02,52.05,51.95,52.01,4401,2021-06-15 19:38:00,PRTA
52.03,52.03,51.93,51.94,1802,2021-06-15 19:39:00,PRTA
51.975,52.01,51.94,52.01,5122,2021-06-15 19:40:00,PRTA
52.01,52.09,52.01,52.06,1500,2021-06-15 19:41:00,PRTA
52.08,52.14,52.07,52.11,2700,2021-06-15 19:42:00,PRTA
52.13,52.3,52.13,52.29,5511,2021-06-15 19:43:00,PRTA
52.2825,52.2825,52.04,52.1525,2919,2021-06-15 19:44:00,PRTA
52.07,52.08,52.03,52.08,1100,2021-06-15 19:45:00,PRTA
52.065,52.0998,52.02,52.0998,2600,2021-06-15 19:46:00,PRTA
52.065,52.08,51.9542,52.02,2994,2021-06-15 19:47:00,PRTA
51.9794,52.05,51.97,52.0,2627,2021-06-15 19:48:00,PRTA
52.06,52.41,52.06,52.41,5675,2021-06-15 19:49:00,PRTA
52.28,52.36,52.27,52.29,3565,2021-06-15 19:50:00,PRTA
52.24,52.29,52.09,52.125,3673,2021-06-15 19:51:00,PRTA
52.125,52.2,51.88,51.915,12650,2021-06-15 19:52:00,PRTA
51.88,51.98,51.87,51.98,3624,2021-06-15 19:53:00,PRTA
51.93,51.93,51.76,51.78,10045,2021-06-15 19:54:00,PRTA
51.67,51.81,51.67,51.795,2937,2021-06-15 19:55:00,PRTA
51.81,52.14,51.81,52.04,6594,2021-06-15 19:56:00,PRTA
52.06,52.23,52.0362,52.13,6544,2021-06-15 19:57:00,PRTA
52.07,52.15,52.01,52.05,7154,2021-06-15 19:58:00,PRTA
52.05,52.12,52.0,52.03,9988,2021-06-15 19:59:00,PRTA
51.97,51.97,51.97,51.97,50492,2021-06-15 20:00:00,PRTA
51.97,51.97,51.97,51.97,1921,2021-06-15 20:01:00,PRTA
52.63,52.63,52.63,52.63,125,2021-06-15 20:13:00,PRTA
51.9,51.9,51.9,51.9,900,2021-06-15 20:42:00,PRTA
51.9,51.9,51.9,51.9,100,2021-06-15 20:47:00,PRTA
51.9,51.9,51.9,51.9,100,2021-06-15 20:56:00,PRTA
51.9,51.9,51.9,51.9,400,2021-06-15 23:36:00,PRTA
51.73,51.84,51.278,51.84,6185,2021-06-16 13:30:00,PRTA
51.735,51.735,51.735,51.735,4819,2021-06-16 13:31:00,PRTA
51.74,52.0,51.74,51.8401,1502,2021-06-16 13:32:00,PRTA
52.185,52.2694,52.185,52.2694,651,2021-06-16 13:33:00,PRTA
52.155,52.155,52.155,52.155,100,2021-06-16 13:34:00,PRTA
51.97,51.97,51.405,51.45,1700,2021-06-16 13:35:00,PRTA
51.47,51.86,51.4,51.84,9721,2021-06-16 13:36:00,PRTA
51.84,51.84,51.84,51.84,738,2021-06-16 13:39:00,PRTA
51.705,51.84,51.705,51.84,4719,2021-06-16 13:42:00,PRTA
52.11,52.15,51.61,51.81,4168,2021-06-16 13:43:00,PRTA
51.75,51.75,51.75,51.75,494,2021-06-16 13:44:00,PRTA
51.76,51.825,51.65,51.65,600,2021-06-16 13:45:00,PRTA
51.745,51.97,51.66,51.66,8708,2021-06-16 13:46:00,PRTA
51.715,51.715,51.66,51.7,1000,2021-06-16 13:47:00,PRTA
51.74,51.8,51.705,51.8,2300,2021-06-16 13:48:00,PRTA
51.685,51.685,51.685,51.685,300,2021-06-16 13:49:00,PRTA
51.77,51.77,51.77,51.77,300,2021-06-16 13:50:00,PRTA
51.71,51.71,51.71,51.71,100,2021-06-16 13:51:00,PRTA
51.66,51.79,51.465,51.6,700,2021-06-16 13:52:00,PRTA
51.5033,51.52,51.33,51.38,3154,2021-06-16 13:53:00,PRTA
51.5285,51.5285,51.43,51.43,1300,2021-06-16 13:54:00,PRTA
51.61,51.61,51.53,51.53,600,2021-06-16 13:55:00,PRTA
51.52,51.52,51.436,51.436,220,2021-06-16 13:56:00,PRTA
51.56,51.59,51.56,51.59,1000,2021-06-16 13:57:00,PRTA
51.79,51.9999,51.79,51.9999,6200,2021-06-16 14:00:00,PRTA
51.8671,51.965,51.8671,51.965,1345,2021-06-16 14:01:00,PRTA
51.955,51.955,51.79,51.79,222,2021-06-16 14:02:00,PRTA
51.99,51.995,51.84,51.995,615,2021-06-16 14:03:00,PRTA
52.16,52.349,51.92,51.99,11092,2021-06-16 14:05:00,PRTA
51.8633,52.07,51.8633,52.06,878,2021-06-16 14:06:00,PRTA
52.0,52.0,52.0,52.0,200,2021-06-16 14:07:00,PRTA
51.985,52.11,51.82,52.11,400,2021-06-16 14:08:00,PRTA
52.15,52.15,52.055,52.1025,400,2021-06-16 14:10:00,PRTA
52.055,52.28,52.055,52.2,6431,2021-06-16 14:11:00,PRTA
52.25,52.25,52.225,52.225,440,2021-06-16 14:12:00,PRTA
52.16,52.18,52.16,52.18,200,2021-06-16 14:14:00,PRTA
52.25,52.25,52.25,52.25,200,2021-06-16 14:15:00,PRTA
52.14,52.25,52.14,52.25,700,2021-06-16 14:16:00,PRTA
52.25,52.41,52.23,52.41,8159,2021-06-16 14:17:00,PRTA
52.4,52.59,52.4,52.59,500,2021-06-16 14:18:00,PRTA
52.66,52.82,52.59,52.82,2000,2021-06-16 14:19:00,PRTA
52.62,52.82,52.47,52.47,1962,2021-06-16 14:20:00,PRTA
52.62,52.62,52.62,52.62,100,2021-06-16 14:21:00,PRTA
52.54,52.54,52.45,52.45,415,2021-06-16 14:22:00,PRTA
52.5,52.5,52.5,52.5,100,2021-06-16 14:23:00,PRTA
52.38,52.5,52.33,52.33,827,2021-06-16 14:24:00,PRTA
52.5,52.7102,52.5,52.7102,274,2021-06-16 14:25:00,PRTA
52.5,52.5,52.5,52.5,300,2021-06-16 14:26:00,PRTA
52.6296,52.6296,52.5,52.5,600,2021-06-16 14:27:00,PRTA
52.615,52.615,52.5,52.5,518,2021-06-16 14:28:00,PRTA
52.5,52.5,52.5,52.5,100,2021-06-16 14:29:00,PRTA
52.55,52.56,52.55,52.55,400,2021-06-16 14:30:00,PRTA
52.57,52.85,52.57,52.75,6523,2021-06-16 14:31:00,PRTA
52.75,52.76,52.66,52.66,2000,2021-06-16 14:32:00,PRTA
52.69,52.69,52.55,52.56,1388,2021-06-16 14:33:00,PRTA
52.55,52.55,52.5,52.5,600,2021-06-16 14:34:00,PRTA
52.5,52.52,52.44,52.5,500,2021-06-16 14:35:00,PRTA
52.4384,52.4384,52.4384,52.4384,500,2021-06-16 14:38:00,PRTA
52.37,52.56,52.27,52.56,330,2021-06-16 14:39:00,PRTA
52.5,52.5,52.3126,52.3126,300,2021-06-16 14:41:00,PRTA
52.55,52.58,52.55,52.58,300,2021-06-16 14:42:00,PRTA
52.5788,52.5788,52.4,52.52,2868,2021-06-16 14:45:00,PRTA
52.5,52.5,52.5,52.5,100,2021-06-16 14:47:00,PRTA
52.74,52.74,52.49,52.49,200,2021-06-16 14:51:00,PRTA
52.78,52.78,52.78,52.78,100,2021-06-16 14:54:00,PRTA
52.54,52.54,52.54,52.54,100,2021-06-16 14:55:00,PRTA
52.76,52.79,52.76,52.79,600,2021-06-16 14:56:00,PRTA
52.55,52.55,52.55,52.55,640,2021-06-16 14:57:00,PRTA
52.45,52.5,52.45,52.45,650,2021-06-16 14:58:00,PRTA
52.475,52.5,52.41,52.5,863,2021-06-16 14:59:00,PRTA
52.58,52.635,52.58,52.635,500,2021-06-16 15:02:00,PRTA
52.66,52.8,52.66,52.7,600,2021-06-16 15:03:00,PRTA
52.7,52.79,52.69,52.7,3500,2021-06-16 15:04:00,PRTA
52.6,52.79,52.6,52.79,900,2021-06-16 15:05:00,PRTA
52.61,52.715,52.59,52.715,2200,2021-06-16 15:06:00,PRTA
52.665,52.665,52.55,52.605,700,2021-06-16 15:07:00,PRTA
52.61,52.79,52.49,52.79,1331,2021-06-16 15:08:00,PRTA
52.795,52.84,52.65,52.83,5273,2021-06-16 15:09:00,PRTA
52.83,52.865,52.82,52.865,5978,2021-06-16 15:10:00,PRTA
52.767,53.16,52.75,53.055,10213,2021-06-16 15:11:00,PRTA
53.13,53.25,53.13,53.25,750,2021-06-16 15:13:00,PRTA
53.185,53.365,53.185,53.365,700,2021-06-16 15:14:00,PRTA
53.37,53.37,53.13,53.13,1801,2021-06-16 15:15:00,PRTA
53.28,53.3,53.235,53.3,923,2021-06-16 15:16:00,PRTA
53.3,53.3,53.0,53.0,2464,2021-06-16 15:17:00,PRTA
53.09,53.25,53.02,53.02,3223,2021-06-16 15:18:00,PRTA
53.13,53.32,53.13,53.32,300,2021-06-16 15:20:00,PRTA
53.38,53.57,53.35,53.57,1000,2021-06-16 15:21:00,PRTA
53.53,53.67,53.49,53.67,1700,2021-06-16 15:22:00,PRTA
53.65,53.66,53.58,53.66,600,2021-06-16 15:23:00,PRTA
53.62,53.685,53.55,53.56,9720,2021-06-16 15:24:00,PRTA
53.56,53.595,53.5,53.5,700,2021-06-16 15:25:00,PRTA
53.5,53.51,53.31,53.31,2758,2021-06-16 15:26:00,PRTA
53.41,53.41,53.41,53.41,100,2021-06-16 15:27:00,PRTA
53.375,53.385,53.07,53.385,2399,2021-06-16 15:28:00,PRTA
53.13,53.4,53.13,53.4,500,2021-06-16 15:29:00,PRTA
53.3335,53.4,53.3335,53.4,300,2021-06-16 15:30:00,PRTA
53.46,53.5,53.46,53.47,300,2021-06-16 15:31:00,PRTA
53.4,53.44,53.3,53.42,1784,2021-06-16 15:32:00,PRTA
53.42,53.42,53.42,53.42,100,2021-06-16 15:34:00,PRTA
53.37,53.55,53.37,53.45,300,2021-06-16 15:35:00,PRTA
53.46,53.47,53.4,53.4,800,2021-06-16 15:36:00,PRTA
53.43,53.45,53.35,53.35,800,2021-06-16 15:37:00,PRTA
53.43,53.46,53.4,53.4,400,2021-06-16 15:41:00,PRTA
53.495,53.495,53.45,53.45,300,2021-06-16 15:42:00,PRTA
53.48,53.485,53.48,53.485,200,2021-06-16 15:43:00,PRTA
53.5,53.55,53.5,53.55,350,2021-06-16 15:44:00,PRTA
53.51,53.51,53.49,53.495,600,2021-06-16 15:45:00,PRTA
53.54,53.55,53.4845,53.4845,700,2021-06-16 15:46:00,PRTA
53.43,53.545,53.43,53.545,200,2021-06-16 15:47:00,PRTA
53.59,53.82,53.59,53.82,1100,2021-06-16 15:48:00,PRTA
53.76,53.76,53.71,53.72,500,2021-06-16 15:49:00,PRTA
53.53,53.53,53.53,53.53,190,2021-06-16 15:50:00,PRTA
53.66,53.8454,53.66,53.71,600,2021-06-16 15:54:00,PRTA
53.67,53.69,53.67,53.69,200,2021-06-16 15:56:00,PRTA
53.59,53.59,53.5,53.5,1091,2021-06-16 15:57:00,PRTA
53.545,53.58,53.545,53.58,1338,2021-06-16 15:58:00,PRTA
53.58,53.58,53.58,53.58,100,2021-06-16 16:00:00,PRTA
53.615,53.81,53.615,53.81,1200,2021-06-16 16:01:00,PRTA
53.79,53.79,53.79,53.79,100,2021-06-16 16:02:00,PRTA
53.74,53.75,53.74,53.75,400,2021-06-16 16:03:00,PRTA
53.75,53.75,53.75,53.75,100,2021-06-16 16:04:00,PRTA
53.72,53.72,53.65,53.685,700,2021-06-16 16:06:00,PRTA
53.68,53.72,53.64,53.7,2039,2021-06-16 16:07:00,PRTA
53.7499,54.005,53.7499,53.76,7161,2021-06-16 16:09:00,PRTA
53.7719,53.83,53.7719,53.8162,500,2021-06-16 16:10:00,PRTA
53.79,53.79,53.66,53.71,600,2021-06-16 16:11:00,PRTA
53.705,53.705,53.55,53.55,820,2021-06-16 16:12:00,PRTA
53.5,53.57,53.5,53.535,1300,2021-06-16 16:13:00,PRTA
53.55,53.59,53.55,53.59,300,2021-06-16 16:14:00,PRTA
53.6,53.81,53.6,53.7827,1137,2021-06-16 16:15:00,PRTA
53.73,53.73,53.73,53.73,150,2021-06-16 16:16:00,PRTA
53.65,53.88,53.65,53.88,500,2021-06-16 16:17:00,PRTA
53.78,53.81,53.78,53.81,400,2021-06-16 16:18:00,PRTA
53.85,53.85,53.85,53.85,100,2021-06-16 16:19:00,PRTA
53.86,53.92,53.86,53.92,1000,2021-06-16 16:20:00,PRTA
53.92,53.95,53.81,53.8599,900,2021-06-16 16:21:00,PRTA
53.77,53.77,53.57,53.57,500,2021-06-16 16:24:00,PRTA
53.5773,53.58,53.55,53.55,1400,2021-06-16 16:25:00,PRTA
53.54,53.58,53.54,53.5799,400,2021-06-16 16:26:00,PRTA
53.54,53.54,53.5,53.54,500,2021-06-16 16:27:00,PRTA
53.54,53.61,53.5,53.61,2576,2021-06-16 16:28:00,PRTA
53.62,53.6899,53.62,53.685,866,2021-06-16 16:29:00,PRTA
53.68,53.83,53.67,53.83,1390,2021-06-16 16:30:00,PRTA
53.82,53.82,53.741,53.741,675,2021-06-16 16:31:00,PRTA
53.68,53.69,53.67,53.67,1500,2021-06-16 16:32:00,PRTA
53.62,53.62,53.62,53.62,300,2021-06-16 16:34:00,PRTA
53.59,53.59,53.59,53.59,100,2021-06-16 16:35:00,PRTA
53.63,53.63,53.58,53.59,300,2021-06-16 16:36:00,PRTA
53.49,53.59,53.46,53.59,700,2021-06-16 16:38:00,PRTA
53.55,53.57,53.55,53.57,400,2021-06-16 16:40:00,PRTA
53.65,53.65,53.65,53.65,100,2021-06-16 16:41:00,PRTA
53.4847,53.6,53.46,53.52,909,2021-06-16 16:42:00,PRTA
53.42,53.42,53.42,53.42,200,2021-06-16 16:44:00,PRTA
53.4468,53.63,53.4468,53.63,1100,2021-06-16 16:45:00,PRTA
53.535,53.535,53.535,53.535,300,2021-06-16 16:46:00,PRTA
53.65,53.67,53.65,53.67,302,2021-06-16 16:47:00,PRTA
53.73,53.73,53.63,53.63,300,2021-06-16 16:48:00,PRTA
53.68,53.68,53.68,53.68,200,2021-06-16 16:49:00,PRTA
53.82,53.95,53.81,53.95,428,2021-06-16 16:50:00,PRTA
53.91,53.91,53.91,53.91,100,2021-06-16 16:51:00,PRTA
53.82,53.82,53.78,53.78,500,2021-06-16 16:52:00,PRTA
53.78,53.78,53.695,53.695,300,2021-06-16 16:53:00,PRTA
53.7563,53.85,53.7563,53.85,1011,2021-06-16 16:56:00,PRTA
53.85,53.85,53.85,53.85,500,2021-06-16 16:57:00,PRTA
53.9,54.13,53.9,54.13,800,2021-06-16 17:00:00,PRTA
54.16,54.16,54.04,54.09,300,2021-06-16 17:01:00,PRTA
54.19,54.27,54.16,54.24,1461,2021-06-16 17:02:00,PRTA
54.22,54.25,54.22,54.25,265,2021-06-16 17:03:00,PRTA
54.25,54.25,54.25,54.25,300,2021-06-16 17:04:00,PRTA
54.25,54.33,54.25,54.3,300,2021-06-16 17:05:00,PRTA
54.3,54.3,54.22,54.25,799,2021-06-16 17:06:00,PRTA
54.23,54.23,54.17,54.18,778,2021-06-16 17:08:00,PRTA
54.28,54.55,54.28,54.545,3700,2021-06-16 17:09:00,PRTA
54.53,54.706,54.53,54.55,1466,2021-06-16 17:10:00,PRTA
54.67,54.79,54.67,54.79,383,2021-06-16 17:11:00,PRTA
54.79,55.28,54.76,55.28,15749,2021-06-16 17:12:00,PRTA
55.13,55.13,54.9,55.0,3165,2021-06-16 17:13:00,PRTA
54.79,54.79,54.79,54.79,100,2021-06-16 17:14:00,PRTA
54.995,55.1,54.995,55.1,1000,2021-06-16 17:15:00,PRTA
54.9381,54.9381,54.77,54.775,2193,2021-06-16 17:16:00,PRTA
54.8,55.01,54.8,55.01,1194,2021-06-16 17:17:00,PRTA
54.74,54.74,54.58,54.58,500,2021-06-16 17:18:00,PRTA
54.62,54.62,54.49,54.59,1994,2021-06-16 17:19:00,PRTA
54.39,54.39,54.27,54.27,1414,2021-06-16 17:20:00,PRTA
54.38,54.5,54.18,54.5,6211,2021-06-16 17:21:00,PRTA
54.51,54.67,54.51,54.59,1095,2021-06-16 17:22:00,PRTA
54.7999,54.7999,54.5415,54.5415,394,2021-06-16 17:23:00,PRTA
54.62,54.7,54.62,54.7,474,2021-06-16 17:24:00,PRTA
54.53,54.53,54.29,54.29,761,2021-06-16 17:26:00,PRTA
54.365,54.365,54.365,54.365,100,2021-06-16 17:27:00,PRTA
54.38,54.38,54.2799,54.2799,200,2021-06-16 17:28:00,PRTA
54.131,54.23,54.13,54.13,2753,2021-06-16 17:30:00,PRTA
54.28,54.28,54.17,54.19,1744,2021-06-16 17:31:00,PRTA
54.255,54.32,54.19,54.19,999,2021-06-16 17:32:00,PRTA
54.19,54.25,54.19,54.25,200,2021-06-16 17:34:00,PRTA
54.195,54.195,54.195,54.195,100,2021-06-16 17:37:00,PRTA
54.19,54.4447,54.19,54.395,1474,2021-06-16 17:38:00,PRTA
54.39,54.39,54.39,54.39,300,2021-06-16 17:39:00,PRTA
54.33,54.33,54.33,54.33,100,2021-06-16 17:40:00,PRTA
54.43,54.65,54.43,54.65,1137,2021-06-16 17:41:00,PRTA
54.73,54.73,54.73,54.73,100,2021-06-16 17:42:00,PRTA
54.6,54.63,54.57,54.57,601,2021-06-16 17:43:00,PRTA
54.53,54.54,54.53,54.54,200,2021-06-16 17:44:00,PRTA
54.445,54.445,54.445,54.445,100,2021-06-16 17:47:00,PRTA
54.51,54.54,54.45,54.47,1080,2021-06-16 17:49:00,PRTA
54.53,54.53,54.53,54.53,100,2021-06-16 17:50:00,PRTA
54.59,54.795,54.59,54.795,600,2021-06-16 17:51:00,PRTA
54.805,54.805,54.75,54.79,669,2021-06-16 17:53:00,PRTA
54.84,55.44,54.84,55.24,6739,2021-06-16 17:54:00,PRTA
55.2287,55.2287,55.2287,55.2287,160,2021-06-16 17:55:00,PRTA
55.235,55.235,55.235,55.235,400,2021-06-16 17:56:00,PRTA
55.23,55.43,55.23,55.43,1708,2021-06-16 17:57:00,PRTA
55.44,55.44,55.44,55.44,290,2021-06-16 17:58:00,PRTA
55.45,55.45,55.35,55.35,1180,2021-06-16 17:59:00,PRTA
55.375,55.375,55.14,55.17,2788,2021-06-16 18:00:00,PRTA
55.1774,55.1774,54.89,55.16,2310,2021-06-16 18:01:00,PRTA
55.17,55.17,55.17,55.17,100,2021-06-16 18:03:00,PRTA
55.16,55.16,55.16,55.16,100,2021-06-16 18:04:00,PRTA
55.035,55.065,55.03,55.065,796,2021-06-16 18:05:00,PRTA
55.18,55.19,55.123,55.123,610,2021-06-16 18:06:00,PRTA
55.28,55.4,55.24,55.24,6685,2021-06-16 18:07:00,PRTA
55.33,55.335,55.32,55.335,812,2021-06-16 18:08:00,PRTA
55.26,55.26,55.26,55.26,100,2021-06-16 18:09:00,PRTA
55.41,55.46,55.33,55.33,1300,2021-06-16 18:10:00,PRTA
55.33,55.3799,55.28,55.28,863,2021-06-16 18:11:00,PRTA
55.17,55.3,55.15,55.15,2000,2021-06-16 18:12:00,PRTA
55.01,55.02,54.83,54.88,4116,2021-06-16 18:13:00,PRTA
55.0,55.09,54.95,54.95,2728,2021-06-16 18:14:00,PRTA
54.9,54.95,54.78,54.91,2012,2021-06-16 18:15:00,PRTA
54.75,54.81,54.68,54.73,8938,2021-06-16 18:17:00,PRTA
54.58,54.665,54.495,54.6,4100,2021-06-16 18:18:00,PRTA
54.595,54.65,54.595,54.65,800,2021-06-16 18:19:00,PRTA
54.71,54.75,54.69,54.69,500,2021-06-16 18:20:00,PRTA
54.806,54.865,54.806,54.86,745,2021-06-16 18:23:00,PRTA
54.715,54.715,54.715,54.715,100,2021-06-16 18:24:00,PRTA
54.87,54.95,54.79,54.95,1120,2021-06-16 18:25:00,PRTA
55.085,55.085,54.83,54.94,6300,2021-06-16 18:26:00,PRTA
55.05,55.05,55.05,55.05,403,2021-06-16 18:27:00,PRTA
54.95,54.95,54.94,54.95,360,2021-06-16 18:31:00,PRTA
54.94,54.94,54.83,54.915,1010,2021-06-16 18:32:00,PRTA
55.0,55.09,55.0,55.09,600,2021-06-16 18:33:00,PRTA
55.0542,55.0542,55.0542,55.0542,100,2021-06-16 18:35:00,PRTA
55.01,55.01,54.91,54.95,1199,2021-06-16 18:36:00,PRTA
54.99,55.06,54.99,55.01,581,2021-06-16 18:37:00,PRTA
55.0,55.0,54.84,54.84,500,2021-06-16 18:39:00,PRTA
54.9321,55.03,54.83,54.96,2796,2021-06-16 18:40:00,PRTA
55.11,55.11,55.11,55.11,100,2021-06-16 18:41:00,PRTA
55.1,55.1,55.07,55.07,400,2021-06-16 18:43:00,PRTA
55.04,55.04,55.04,55.04,100,2021-06-16 18:44:00,PRTA
54.9,54.98,54.9,54.98,400,2021-06-16 18:45:00,PRTA
55.02,55.02,55.02,55.02,100,2021-06-16 18:46:00,PRTA
55.075,55.55,55.075,55.55,7290,2021-06-16 18:47:00,PRTA
55.56,55.77,55.553,55.62,7530,2021-06-16 18:48:00,PRTA
55.62,55.73,55.46,55.55,5579,2021-06-16 18:49:00,PRTA
55.55,55.83,55.55,55.83,3614,2021-06-16 18:50:00,PRTA
55.6,55.88,55.6,55.75,2360,2021-06-16 18:51:00,PRTA
55.62,55.62,55.5,55.5,1300,2021-06-16 18:52:00,PRTA
55.505,55.77,55.5,55.77,3600,2021-06-16 18:53:00,PRTA
55.74,55.74,55.48,55.565,3258,2021-06-16 18:54:00,PRTA
55.48,55.48,55.47,55.47,200,2021-06-16 18:55:00,PRTA
55.46,55.79,55.45,55.53,4171,2021-06-16 18:56:00,PRTA
55.53,55.62,55.53,55.62,300,2021-06-16 18:57:00,PRTA
55.61,55.78,55.61,55.76,680,2021-06-16 18:58:00,PRTA
55.69,55.69,55.68,55.68,600,2021-06-16 18:59:00,PRTA
55.8,56.0,55.8,55.91,10352,2021-06-16 19:00:00,PRTA
55.8772,56.0,55.8772,55.99,1600,2021-06-16 19:01:00,PRTA
55.99,55.99,55.925,55.99,950,2021-06-16 19:02:00,PRTA
55.99,56.54,55.91,56.415,22945,2021-06-16 19:03:00,PRTA
56.16,56.25,55.87,55.91,2914,2021-06-16 19:04:00,PRTA
56.1492,56.1492,56.1492,56.1492,1000,2021-06-16 19:05:00,PRTA
56.15,56.15,56.08,56.15,10468,2021-06-16 19:06:00,PRTA
56.216,56.68,56.216,56.48,3300,2021-06-16 19:07:00,PRTA
56.72,56.72,56.68,56.68,328,2021-06-16 19:08:00,PRTA
56.68,56.68,56.33,56.33,300,2021-06-16 19:09:00,PRTA
56.31,58.0,56.31,57.56,17492,2021-06-16 19:10:00,PRTA
57.22,57.58,57.05,57.29,4485,2021-06-16 19:11:00,PRTA
57.36,57.39,56.98,57.17,4379,2021-06-16 19:12:00,PRTA
57.14,57.14,57.14,57.14,500,2021-06-16 19:13:00,PRTA
56.93,57.02,56.91,56.93,2100,2021-06-16 19:14:00,PRTA
56.94,56.94,56.71,56.89,2609,2021-06-16 19:15:00,PRTA
56.77,56.99,56.77,56.9,1000,2021-06-16 19:16:00,PRTA
57.0499,57.25,57.01,57.25,1645,2021-06-16 19:17:00,PRTA
57.24,57.29,57.22,57.24,1301,2021-06-16 19:18:00,PRTA
57.19,57.19,57.19,57.19,100,2021-06-16 19:19:00,PRTA
57.43,57.67,57.34,57.62,3904,2021-06-16 19:20:00,PRTA
57.64,57.65,57.4,57.47,3497,2021-06-16 19:21:00,PRTA
57.57,57.74,57.55,57.73,3011,2021-06-16 19:22:00,PRTA
57.8396,59.06,57.785,58.5,22854,2021-06-16 19:23:00,PRTA
58.35,58.37,57.99,57.99,11069,2021-06-16 19:24:00,PRTA
57.8,58.13,57.76,57.82,2150,2021-06-16 19:25:00,PRTA
57.99,58.5999,57.99,58.45,11509,2021-06-16 19:26:00,PRTA
58.38,59.74,58.38,59.3099,9609,2021-06-16 19:27:00,PRTA
59.05,59.05,58.44,58.59,2920,2021-06-16 19:28:00,PRTA
58.46,58.8,58.46,58.74,2753,2021-06-16 19:29:00,PRTA
58.87,59.05,58.75,58.9545,7337,2021-06-16 19:30:00,PRTA
58.97,59.31,58.781,59.31,4455,2021-06-16 19:31:00,PRTA
59.215,59.215,58.91,59.01,5165,2021-06-16 19:32:00,PRTA
59.1,59.12,58.93,59.0702,1921,2021-06-16 19:33:00,PRTA
59.0,59.11,58.87,59.11,10783,2021-06-16 19:34:00,PRTA
58.89,58.89,58.78,58.78,2102,2021-06-16 19:35:00,PRTA
58.875,58.875,58.11,58.11,4538,2021-06-16 19:36:00,PRTA
58.1,58.16,57.49,57.53,4364,2021-06-16 19:37:00,PRTA
57.7999,57.9899,57.61,57.71,8054,2021-06-16 19:38:00,PRTA
57.86,58.03,57.67,58.01,1832,2021-06-16 19:39:00,PRTA
58.0,58.0,57.94,57.94,1700,2021-06-16 19:40:00,PRTA
58.045,58.21,58.0,58.11,1760,2021-06-16 19:41:00,PRTA
58.03,58.115,57.93,57.97,1857,2021-06-16 19:42:00,PRTA
58.06,58.07,58.02,58.07,500,2021-06-16 19:43:00,PRTA
58.12,58.12,58.08,58.08,1298,2021-06-16 19:44:00,PRTA
58.0315,58.105,57.97,58.03,5594,2021-06-16 19:45:00,PRTA
57.99,58.09,57.93,57.94,2390,2021-06-16 19:46:00,PRTA
57.93,58.0784,57.87,58.0784,3150,2021-06-16 19:47:00,PRTA
58.0,58.09,58.0,58.0484,880,2021-06-16 19:48:00,PRTA
58.06,58.06,57.99,57.99,1600,2021-06-16 19:49:00,PRTA
57.99,58.93,57.92,58.115,11457,2021-06-16 19:50:00,PRTA
58.05,58.105,58.02,58.02,2175,2021-06-16 19:51:00,PRTA
58.05,58.12,57.95,58.08,4380,2021-06-16 19:52:00,PRTA
58.05,58.105,57.96,57.97,10815,2021-06-16 19:53:00,PRTA
58.03,58.0793,57.85,57.85,8572,2021-06-16 19:54:00,PRTA
57.85,57.92,57.69,57.89,4058,2021-06-16 19:55:00,PRTA
57.78,57.88,57.69,57.7648,3900,2021-06-16 19:56:00,PRTA
57.92,58.01,57.8,57.98,5787,2021-06-16 19:57:00,PRTA
57.9,58.0,57.79,57.79,6716,2021-06-16 19:58:00,PRTA
57.78,57.8,57.5,57.56,12233,2021-06-16 19:59:00,PRTA
57.65,57.65,56.46,57.65,36882,2021-06-16 20:00:00,PRTA
57.65,57.65,57.65,57.65,1718,2021-06-16 20:01:00,PRTA
56.59,56.59,56.59,56.59,100,2021-06-16 20:06:00,PRTA
56.95,56.95,56.95,56.95,100,2021-06-16 20:10:00,PRTA
59.67,59.67,59.67,59.67,700,2021-06-16 20:14:00,PRTA
57.65,57.65,57.6,57.6,900,2021-06-16 20:30:00,PRTA
57.01,57.25,57.01,57.25,200,2021-06-16 20:31:00,PRTA
57.0,57.0,57.0,57.0,175,2021-06-16 20:36:00,PRTA
56.5,56.81,56.5,56.81,4177,2021-06-16 20:40:00,PRTA
57.0,57.0,57.0,57.0,300,2021-06-16 20:41:00,PRTA
56.88,56.88,56.88,56.88,100,2021-06-16 20:42:00,PRTA
56.76,56.76,56.76,56.76,200,2021-06-16 20:54:00,PRTA
56.76,56.76,56.76,56.76,100,2021-06-16 20:55:00,PRTA
56.18,56.18,56.18,56.18,100,2021-06-16 20:59:00,PRTA
56.0,56.0,56.0,56.0,119,2021-06-16 21:01:00,PRTA
55.85,55.85,55.85,55.85,100,2021-06-16 21:14:00,PRTA
55.85,55.85,55.85,55.85,100,2021-06-16 21:15:00,PRTA
55.7,55.7,55.7,55.7,140,2021-06-16 21:16:00,PRTA
55.7,55.7,55.7,55.7,100,2021-06-16 21:18:00,PRTA
55.85,55.85,55.85,55.85,100,2021-06-16 21:26:00,PRTA
56.7599,56.7599,56.7599,56.7599,100,2021-06-16 21:46:00,PRTA
56.7599,56.7599,56.7599,56.7599,100,2021-06-16 21:48:00,PRTA
56.76,56.76,56.76,56.76,243,2021-06-16 21:51:00,PRTA
56.76,56.76,56.76,56.76,350,2021-06-16 22:08:00,PRTA
56.76,56.76,56.76,56.76,200,2021-06-16 22:15:00,PRTA
59.5,59.87,59.5,59.87,350,2021-06-17 11:30:00,PRTA
58.0,58.0,58.0,58.0,475,2021-06-17 12:14:00,PRTA
58.06,58.06,58.06,58.06,100,2021-06-17 12:41:00,PRTA
59.68,59.68,59.68,59.68,216,2021-06-17 12:47:00,PRTA
59.55,59.55,59.55,59.55,100,2021-06-17 12:53:00,PRTA
59.47,59.47,59.47,59.47,100,2021-06-17 13:01:00,PRTA
59.46,59.46,59.46,59.46,190,2021-06-17 13:03:00,PRTA
58.05,58.05,57.65,57.8,425,2021-06-17 13:24:00,PRTA
57.11,57.11,57.11,57.11,136,2021-06-17 13:27:00,PRTA
56.16,56.16,56.16,56.16,300,2021-06-17 13:28:00,PRTA
56.13,56.89,56.0323,56.6358,15436,2021-06-17 13:30:00,PRTA
56.6086,56.845,56.18,56.535,1706,2021-06-17 13:31:00,PRTA
56.4385,56.87,56.23,56.87,1468,2021-06-17 13:32:00,PRTA
56.825,57.15,56.825,56.94,1500,2021-06-17 13:33:00,PRTA
56.86,57.0032,56.55,56.55,1113,2021-06-17 13:34:00,PRTA
56.51,56.8,56.51,56.6161,410,2021-06-17 13:35:00,PRTA
56.55,56.6027,54.71,55.1198,13185,2021-06-17 13:36:00,PRTA
55.45,55.53,54.8,54.8,7776,2021-06-17 13:37:00,PRTA
54.694,55.02,54.47,54.82,4958,2021-06-17 13:38:00,PRTA
55.05,55.32,54.92,55.0,1446,2021-06-17 13:39:00,PRTA
54.81,54.81,54.36,54.715,3200,2021-06-17 13:40:00,PRTA
54.6546,54.99,54.5,54.5,1763,2021-06-17 13:41:00,PRTA
54.98,54.98,54.51,54.8,2100,2021-06-17 13:42:00,PRTA
54.96,55.04,54.7,54.7,807,2021-06-17 13:43:00,PRTA
54.78,54.81,54.185,54.185,3459,2021-06-17 13:44:00,PRTA
54.07,54.07,53.6801,53.99,2612,2021-06-17 13:45:00,PRTA
53.77,53.93,53.6555,53.89,2550,2021-06-17 13:46:00,PRTA
53.8,53.98,53.66,53.98,5186,2021-06-17 13:47:00,PRTA
53.71,53.735,53.51,53.52,2389,2021-06-17 13:48:00,PRTA
53.86,53.86,53.52,53.6,1100,2021-06-17 13:49:00,PRTA
53.4,54.0699,53.24,54.0699,740,2021-06-17 13:50:00,PRTA
53.699,54.0,53.65,53.82,3591,2021-06-17 13:51:00,PRTA
54.1017,54.11,53.42,53.42,3997,2021-06-17 13:52:00,PRTA
53.43,53.55,53.1801,53.2675,8286,2021-06-17 13:53:00,PRTA
53.22,53.22,52.9,53.21,1635,2021-06-17 13:54:00,PRTA
53.0,53.21,52.97,53.0367,4485,2021-06-17 13:55:00,PRTA
52.8876,53.11,52.585,52.61,5027,2021-06-17 13:56:00,PRTA
52.61,52.61,51.905,52.145,7960,2021-06-17 13:57:00,PRTA
52.15,52.6,52.15,52.6,4044,2021-06-17 13:58:00,PRTA
52.28,52.28,52.28,52.28,350,2021-06-17 13:59:00,PRTA
52.3,52.49,52.3,52.3,600,2021-06-17 14:00:00,PRTA
52.3,52.305,51.61,51.685,2161,2021-06-17 14:01:00,PRTA
51.68,51.875,51.52,51.7101,5010,2021-06-17 14:02:00,PRTA
52.0,52.0,51.6376,51.7832,1608,2021-06-17 14:03:00,PRTA
51.885,52.065,51.59,51.59,3748,2021-06-17 14:04:00,PRTA
51.6001,52.02,51.6001,51.845,1330,2021-06-17 14:05:00,PRTA
51.865,52.0002,51.8606,51.875,1194,2021-06-17 14:06:00,PRTA
51.87,52.08,51.7457,51.86,1559,2021-06-17 14:07:00,PRTA
52.01,52.41,51.97,52.1394,4838,2021-06-17 14:08:00,PRTA
52.29,52.45,51.99,52.265,6653,2021-06-17 14:10:00,PRTA
52.29,52.33,52.02,52.325,1968,2021-06-17 14:11:00,PRTA
52.0301,52.54,52.0301,52.335,1100,2021-06-17 14:12:00,PRTA
52.335,52.53,52.0301,52.0301,2410,2021-06-17 14:13:00,PRTA
52.46,52.5,52.46,52.5,200,2021-06-17 14:14:00,PRTA
52.335,52.74,52.27,52.44,2300,2021-06-17 14:15:00,PRTA
52.705,52.725,52.47,52.725,480,2021-06-17 14:16:00,PRTA
52.54,52.985,52.47,52.985,1667,2021-06-17 14:17:00,PRTA
52.755,52.78,52.53,52.77,2100,2021-06-17 14:18:00,PRTA
52.87,52.99,52.625,52.74,3563,2021-06-17 14:19:00,PRTA
52.72,52.7799,52.28,52.7799,4388,2021-06-17 14:20:00,PRTA
52.32,52.53,52.3101,52.3101,400,2021-06-17 14:21:00,PRTA
52.55,52.55,52.4,52.4,300,2021-06-17 14:22:00,PRTA
52.35,52.35,52.35,52.35,100,2021-06-17 14:23:00,PRTA
52.55,52.65,52.35,52.495,1092,2021-06-17 14:24:00,PRTA
52.4666,52.4666,52.4666,52.4666,150,2021-06-17 14:25:00,PRTA
52.5,52.5,52.5,52.5,100,2021-06-17 14:26:00,PRTA
52.61,52.65,52.51,52.51,1300,2021-06-17 14:27:00,PRTA
52.62,52.62,52.62,52.62,900,2021-06-17 14:28:00,PRTA
52.57,52.66,52.57,52.66,222,2021-06-17 14:30:00,PRTA
52.595,52.8,52.36,52.37,5162,2021-06-17 14:31:00,PRTA
52.54,52.54,52.36,52.36,200,2021-06-17 14:32:00,PRTA
52.3775,52.3775,52.3775,52.3775,140,2021-06-17 14:34:00,PRTA
52.13,52.13,52.05,52.125,400,2021-06-17 14:35:00,PRTA
52.02,52.2024,52.01,52.2024,2854,2021-06-17 14:36:00,PRTA
52.165,52.165,52.01,52.13,1930,2021-06-17 14:37:00,PRTA
52.02,52.02,52.02,52.02,100,2021-06-17 14:38:00,PRTA
52.01,52.13,52.01,52.13,1488,2021-06-17 14:39:00,PRTA
52.065,52.065,51.54,51.54,6722,2021-06-17 14:40:00,PRTA
51.81,51.81,51.5201,51.53,1551,2021-06-17 14:41:00,PRTA
51.5672,51.65,51.53,51.53,1200,2021-06-17 14:42:00,PRTA
51.53,51.65,51.53,51.65,300,2021-06-17 14:43:00,PRTA
51.65,51.65,51.04,51.15,8818,2021-06-17 14:44:00,PRTA
51.14,51.2475,51.0201,51.03,1780,2021-06-17 14:45:00,PRTA
51.11,51.28,51.1,51.11,4433,2021-06-17 14:46:00,PRTA
51.215,51.215,51.215,51.215,100,2021-06-17 14:47:00,PRTA
51.195,51.195,51.195,51.195,100,2021-06-17 14:48:00,PRTA
51.2,51.2999,51.1,51.205,800,2021-06-17 14:49:00,PRTA
51.2,51.2553,51.11,51.1618,1030,2021-06-17 14:50:00,PRTA
51.2,51.2,50.7,50.75,4284,2021-06-17 14:51:00,PRTA
50.8982,50.8982,50.82,50.82,550,2021-06-17 14:52:00,PRTA
50.92,51.05,50.81,50.81,3403,2021-06-17 14:53:00,PRTA
50.708,50.71,50.51,50.62,2854,2021-06-17 14:54:00,PRTA
50.7,50.7,50.62,50.7,984,2021-06-17 14:55:00,PRTA
50.5819,50.62,50.55,50.55,650,2021-06-17 14:56:00,PRTA
50.545,50.545,50.06,50.11,5063,2021-06-17 14:57:00,PRTA
50.06,50.28,49.81,49.81,9656,2021-06-17 14:58:00,PRTA
49.68,49.84,49.3676,49.48,3795,2021-06-17 14:59:00,PRTA
49.695,49.96,49.6501,49.73,3900,2021-06-17 15:00:00,PRTA
49.8,49.96,49.8,49.855,1037,2021-06-17 15:01:00,PRTA
49.855,50.09,49.7,49.7,2516,2021-06-17 15:02:00,PRTA
49.77,49.77,49.77,49.77,200,2021-06-17 15:03:00,PRTA
49.76,49.76,49.62,49.62,2100,2021-06-17 15:05:00,PRTA
49.6201,49.99,49.6201,49.64,617,2021-06-17 15:06:00,PRTA
49.75,50.01,49.75,50.01,1918,2021-06-17 15:07:00,PRTA
49.89,49.9,49.8401,49.8401,824,2021-06-17 15:08:00,PRTA
49.8286,50.01,49.8286,49.93,1100,2021-06-17 15:09:00,PRTA
49.93,49.93,49.93,49.93,100,2021-06-17 15:10:00,PRTA
49.8401,49.8401,49.8315,49.8315,416,2021-06-17 15:11:00,PRTA
49.84,49.92,49.8,49.81,1609,2021-06-17 15:12:00,PRTA
49.9019,49.9019,49.245,49.245,2230,2021-06-17 15:13:00,PRTA
49.23,49.41,49.23,49.285,1867,2021-06-17 15:14:00,PRTA
49.52,49.52,48.96,49.06,12385,2021-06-17 15:15:00,PRTA
49.19,49.24,48.81,49.14,15507,2021-06-17 15:16:00,PRTA
49.0,49.27,48.98,48.98,839,2021-06-17 15:17:00,PRTA
49.01,49.01,48.99,48.99,200,2021-06-17 15:18:00,PRTA
49.135,49.86,49.135,49.84,2405,2021-06-17 15:19:00,PRTA
49.72,49.7937,49.6459,49.7937,1500,2021-06-17 15:20:00,PRTA
49.75,49.8503,49.75,49.78,767,2021-06-17 15:21:00,PRTA
49.785,49.785,49.4929,49.625,1250,2021-06-17 15:22:00,PRTA
49.775,49.9,49.66,49.66,1400,2021-06-17 15:23:00,PRTA
49.67,50.25,49.67,50.15,1794,2021-06-17 15:24:00,PRTA
50.2,50.36,50.2,50.36,1400,2021-06-17 15:25:00,PRTA
50.33,50.33,50.2696,50.2696,1300,2021-06-17 15:26:00,PRTA
50.34,50.34,50.1402,50.15,1369,2021-06-17 15:27:00,PRTA
50.3191,50.3191,50.2,50.2,1100,2021-06-17 15:28:00,PRTA
50.32,50.32,50.315,50.315,200,2021-06-17 15:29:00,PRTA
50.49,50.49,50.315,50.365,400,2021-06-17 15:30:00,PRTA
50.36,50.735,50.36,50.735,2300,2021-06-17 15:31:00,PRTA
50.91,51.0,50.6,50.6,1300,2021-06-17 15:32:00,PRTA
50.61,50.61,50.21,50.21,1825,2021-06-17 15:33:00,PRTA
50.46,50.65,50.46,50.49,600,2021-06-17 15:35:00,PRTA
50.485,50.51,50.485,50.51,435,2021-06-17 15:36:00,PRTA
50.71,50.71,50.495,50.495,600,2021-06-17 15:37:00,PRTA
50.7,50.7,50.485,50.485,450,2021-06-17 15:38:00,PRTA
50.68,50.69,50.43,50.44,5757,2021-06-17 15:39:00,PRTA
50.7,50.7,50.46,50.46,1347,2021-06-17 15:40:00,PRTA
50.55,50.55,50.55,50.55,100,2021-06-17 15:42:00,PRTA
50.34,50.34,50.25,50.25,1410,2021-06-17 15:43:00,PRTA
50.24,50.24,49.8,49.8,2096,2021-06-17 15:44:00,PRTA
49.73,49.8,49.62,49.62,2409,2021-06-17 15:45:00,PRTA
49.78,50.0,49.78,50.0,2997,2021-06-17 15:47:00,PRTA
49.85,49.9399,49.54,49.9399,2175,2021-06-17 15:48:00,PRTA
49.6806,49.6806,49.6806,49.6806,135,2021-06-17 15:49:00,PRTA
49.5657,49.5657,49.32,49.32,900,2021-06-17 15:50:00,PRTA
49.186,49.255,49.186,49.255,300,2021-06-17 15:51:00,PRTA
49.1789,49.1789,49.1789,49.1789,100,2021-06-17 15:52:00,PRTA
49.06,49.38,49.06,49.07,400,2021-06-17 15:53:00,PRTA
49.17,49.17,48.81,48.83,3414,2021-06-17 15:54:00,PRTA
48.821,48.821,48.18,48.33,3536,2021-06-17 15:55:00,PRTA
48.05,48.59,48.05,48.4821,2342,2021-06-17 15:56:00,PRTA
48.31,48.31,48.07,48.07,485,2021-06-17 15:57:00,PRTA
48.0801,48.4499,47.9,47.9,5792,2021-06-17 15:58:00,PRTA
47.815,47.9,47.63,47.75,1415,2021-06-17 15:59:00,PRTA
47.7001,47.7001,47.21,47.56,9799,2021-06-17 16:00:00,PRTA
47.55,47.9,47.4,47.9,8765,2021-06-17 16:01:00,PRTA
47.83,47.87,47.72,47.87,1400,2021-06-17 16:02:00,PRTA
47.86,47.99,47.85,47.99,4016,2021-06-17 16:03:00,PRTA
47.87,48.0,47.87,48.0,880,2021-06-17 16:04:00,PRTA
48.12,48.37,48.025,48.35,1400,2021-06-17 16:05:00,PRTA
48.2188,48.2188,48.1,48.1,1200,2021-06-17 16:06:00,PRTA
48.04,48.05,48.0,48.05,705,2021-06-17 16:07:00,PRTA
47.91,47.91,47.9,47.91,500,2021-06-17 16:08:00,PRTA
47.88,47.88,47.87,47.87,700,2021-06-17 16:09:00,PRTA
47.7733,47.7733,47.7733,47.7733,200,2021-06-17 16:10:00,PRTA
47.72,47.78,47.72,47.78,474,2021-06-17 16:11:00,PRTA
47.74,47.82,47.74,47.805,500,2021-06-17 16:12:00,PRTA
48.0,48.0,48.0,48.0,400,2021-06-17 16:13:00,PRTA
47.82,48.0,47.82,48.0,378,2021-06-17 16:14:00,PRTA
47.7012,47.8905,47.63,47.71,1350,2021-06-17 16:15:00,PRTA
47.76,47.76,47.5835,47.5835,1239,2021-06-17 16:16:00,PRTA
47.6507,47.6507,47.551,47.551,532,2021-06-17 16:17:00,PRTA
47.72,47.72,47.58,47.595,600,2021-06-17 16:18:00,PRTA
47.56,47.72,47.555,47.72,1350,2021-06-17 16:19:00,PRTA
47.55,47.56,47.5,47.51,1150,2021-06-17 16:20:00,PRTA
47.5,47.52,47.5,47.52,200,2021-06-17 16:21:00,PRTA
47.585,47.585,47.52,47.5818,300,2021-06-17 16:23:00,PRTA
47.64,47.66,47.26,47.298,3589,2021-06-17 16:24:00,PRTA
47.31,47.3698,47.26,47.26,4300,2021-06-17 16:25:00,PRTA
47.46,47.46,47.46,47.46,200,2021-06-17 16:26:00,PRTA
47.2736,47.3734,47.24,47.3734,415,2021-06-17 16:27:00,PRTA
47.25,47.25,47.25,47.25,100,2021-06-17 16:29:00,PRTA
47.24,47.25,47.15,47.19,1200,2021-06-17 16:30:00,PRTA
47.265,47.42,47.265,47.315,500,2021-06-17 16:31:00,PRTA
47.27,47.27,47.27,47.27,100,2021-06-17 16:32:00,PRTA
47.39,47.39,47.29,47.39,400,2021-06-17 16:33:00,PRTA
47.54,47.5919,47.54,47.5919,200,2021-06-17 16:34:00,PRTA
47.53,47.65,47.53,47.65,1200,2021-06-17 16:35:00,PRTA
47.64,47.785,47.64,47.67,4161,2021-06-17 16:36:00,PRTA
47.43,47.59,47.43,47.59,200,2021-06-17 16:37:00,PRTA
47.59,47.59,47.465,47.51,400,2021-06-17 16:38:00,PRTA
47.81,47.81,47.81,47.81,100,2021-06-17 16:40:00,PRTA
47.6001,47.6001,47.6001,47.6001,281,2021-06-17 16:41:00,PRTA
47.61,47.61,47.54,47.5994,405,2021-06-17 16:42:00,PRTA
47.5,47.5,47.5,47.5,714,2021-06-17 16:43:00,PRTA
47.46,47.46,47.38,47.4,712,2021-06-17 16:44:00,PRTA
47.41,47.41,47.33,47.4,300,2021-06-17 16:45:00,PRTA
47.33,47.33,47.33,47.33,100,2021-06-17 16:47:00,PRTA
47.29,47.32,46.96,46.97,3931,2021-06-17 16:48:00,PRTA
46.96,46.97,46.5,46.5,8845,2021-06-17 16:49:00,PRTA
46.505,46.51,46.3,46.3,4566,2021-06-17 16:50:00,PRTA
46.42,46.71,46.42,46.62,10790,2021-06-17 16:51:00,PRTA
46.703,46.85,46.62,46.85,3480,2021-06-17 16:52:00,PRTA
46.9209,46.9209,46.7,46.77,2361,2021-06-17 16:53:00,PRTA
46.71,46.8386,46.7,46.775,800,2021-06-17 16:54:00,PRTA
46.87,46.9999,46.81,46.81,1300,2021-06-17 16:55:00,PRTA
46.95,46.95,46.84,46.84,400,2021-06-17 16:56:00,PRTA
46.84,46.85,46.73,46.73,2285,2021-06-17 16:57:00,PRTA
46.9378,46.9378,46.76,46.76,413,2021-06-17 16:58:00,PRTA
46.77,46.865,46.76,46.76,300,2021-06-17 16:59:00,PRTA
46.76,46.78,46.75,46.75,2665,2021-06-17 17:00:00,PRTA
46.76,46.9311,46.76,46.9311,314,2021-06-17 17:01:00,PRTA
46.76,46.9008,46.61,46.785,2373,2021-06-17 17:02:00,PRTA
46.785,46.785,46.61,46.62,3100,2021-06-17 17:03:00,PRTA
46.62,46.87,46.61,46.61,1106,2021-06-17 17:04:00,PRTA
46.66,46.7853,46.66,46.7853,400,2021-06-17 17:05:00,PRTA
46.65,46.715,46.65,46.65,310,2021-06-17 17:06:00,PRTA
46.76,46.79,46.65,46.65,800,2021-06-17 17:07:00,PRTA
46.72,46.79,46.65,46.68,1300,2021-06-17 17:08:00,PRTA
46.74,46.74,46.69,46.69,200,2021-06-17 17:09:00,PRTA
46.7677,46.7677,46.7677,46.7677,100,2021-06-17 17:10:00,PRTA
46.69,46.715,46.65,46.65,1167,2021-06-17 17:11:00,PRTA
46.67,46.67,46.67,46.67,100,2021-06-17 17:12:00,PRTA
46.74,46.74,46.735,46.735,600,2021-06-17 17:13:00,PRTA
46.705,46.72,46.7,46.72,500,2021-06-17 17:14:00,PRTA
46.74,46.79,46.71,46.725,1800,2021-06-17 17:15:00,PRTA
46.7,46.7342,46.7,46.7,1535,2021-06-17 17:16:00,PRTA
46.76,46.76,46.76,46.76,100,2021-06-17 17:18:00,PRTA
46.77,46.81,46.73,46.74,1000,2021-06-17 17:20:00,PRTA
46.87,46.87,46.72,46.81,1300,2021-06-17 17:21:00,PRTA
46.75,46.81,46.75,46.76,1200,2021-06-17 17:22:00,PRTA
46.7656,46.8496,46.76,46.8496,1012,2021-06-17 17:23:00,PRTA
46.75,46.8231,46.75,46.8231,1500,2021-06-17 17:24:00,PRTA
46.85,46.85,46.85,46.85,100,2021-06-17 17:25:00,PRTA
46.85,46.945,46.84,46.88,21300,2021-06-17 17:26:00,PRTA
46.91,46.93,46.88,46.92,1212,2021-06-17 17:27:00,PRTA
47.01,47.22,47.0,47.01,1576,2021-06-17 17:29:00,PRTA
47.13,47.13,47.03,47.0792,1242,2021-06-17 17:30:00,PRTA
47.03,47.035,46.95,47.035,615,2021-06-17 17:31:00,PRTA
47.112,47.19,46.98,47.19,2349,2021-06-17 17:33:00,PRTA
47.15,47.15,47.1,47.1,400,2021-06-17 17:34:00,PRTA
47.15,47.24,47.0738,47.08,1222,2021-06-17 17:35:00,PRTA
47.27,47.27,47.21,47.22,700,2021-06-17 17:36:00,PRTA
47.32,47.6,47.32,47.6,2085,2021-06-17 17:37:00,PRTA
47.35,47.76,47.35,47.76,3100,2021-06-17 17:38:00,PRTA
47.7468,48.08,47.71,48.08,1743,2021-06-17 17:39:00,PRTA
47.9,47.94,47.79,47.94,2671,2021-06-17 17:40:00,PRTA
47.97,47.97,47.8,47.96,1743,2021-06-17 17:41:00,PRTA
47.91,48.01,47.91,48.01,450,2021-06-17 17:42:00,PRTA
48.17,48.32,48.145,48.32,300,2021-06-17 17:44:00,PRTA
48.5,49.1,48.16,48.68,16946,2021-06-17 17:45:00,PRTA
49.18,49.37,48.97,49.0,6798,2021-06-17 17:46:00,PRTA
48.98,49.28,48.98,49.02,700,2021-06-17 17:47:00,PRTA
48.99,49.26,48.99,49.03,700,2021-06-17 17:48:00,PRTA
49.125,49.125,48.86,48.89,3880,2021-06-17 17:49:00,PRTA
49.025,49.025,49.025,49.025,200,2021-06-17 17:50:00,PRTA
49.1427,49.1427,48.88,49.11,900,2021-06-17 17:51:00,PRTA
49.12,49.1872,49.035,49.035,1600,2021-06-17 17:52:00,PRTA
49.12,49.13,48.96,49.1,1300,2021-06-17 17:53:00,PRTA
49.025,49.025,49.025,49.025,100,2021-06-17 17:54:00,PRTA
49.1196,49.1196,49.02,49.03,700,2021-06-17 17:55:00,PRTA
49.11,49.11,49.01,49.0588,700,2021-06-17 17:56:00,PRTA
49.035,49.045,48.73,48.73,2297,2021-06-17 17:57:00,PRTA
48.73,48.73,48.33,48.35,3396,2021-06-17 17:58:00,PRTA
48.5,48.5,48.5,48.5,100,2021-06-17 17:59:00,PRTA
48.65,48.81,48.53,48.81,1200,2021-06-17 18:00:00,PRTA
48.675,48.81,48.675,48.735,500,2021-06-17 18:01:00,PRTA
48.735,48.735,48.73,48.73,826,2021-06-17 18:02:00,PRTA
48.72,48.72,48.41,48.57,6899,2021-06-17 18:03:00,PRTA
48.54,48.54,48.41,48.41,200,2021-06-17 18:04:00,PRTA
48.4877,48.57,48.28,48.28,925,2021-06-17 18:05:00,PRTA
48.415,48.495,48.38,48.485,600,2021-06-17 18:06:00,PRTA
48.34,48.34,48.34,48.34,100,2021-06-17 18:07:00,PRTA
48.49,48.49,48.49,48.49,100,2021-06-17 18:08:00,PRTA
48.34,48.62,48.34,48.51,1224,2021-06-17 18:09:00,PRTA
48.64,48.64,48.37,48.37,2000,2021-06-17 18:11:00,PRTA
48.59,48.59,48.59,48.59,100,2021-06-17 18:12:00,PRTA
48.37,48.495,48.37,48.38,900,2021-06-17 18:13:00,PRTA
48.54,48.56,48.39,48.39,700,2021-06-17 18:14:00,PRTA
48.4304,48.525,48.4,48.4,797,2021-06-17 18:15:00,PRTA
48.6,48.6,48.28,48.28,1500,2021-06-17 18:16:00,PRTA
48.475,48.489,48.26,48.26,3100,2021-06-17 18:17:00,PRTA
48.27,48.38,48.15,48.38,1037,2021-06-17 18:18:00,PRTA
48.15,48.16,48.15,48.16,200,2021-06-17 18:19:00,PRTA
48.23,48.23,48.23,48.23,500,2021-06-17 18:20:00,PRTA
48.235,48.235,48.15,48.15,355,2021-06-17 18:21:00,PRTA
48.16,48.23,47.93,47.93,1909,2021-06-17 18:22:00,PRTA
47.91,48.01,47.905,47.95,1800,2021-06-17 18:23:00,PRTA
48.002,48.08,47.87,47.87,1100,2021-06-17 18:24:00,PRTA
48.02,48.02,48.02,48.02,200,2021-06-17 18:25:00,PRTA
47.9519,47.9519,47.9519,47.9519,440,2021-06-17 18:27:00,PRTA
48.025,48.025,48.025,48.025,100,2021-06-17 18:28:00,PRTA
47.99,47.99,47.99,47.99,100,2021-06-17 18:30:00,PRTA
48.03,48.12,48.02,48.02,620,2021-06-17 18:31:00,PRTA
48.0,48.11,47.9401,48.035,3790,2021-06-17 18:32:00,PRTA
48.0825,48.21,48.065,48.21,800,2021-06-17 18:33:00,PRTA
48.22,48.43,48.165,48.34,900,2021-06-17 18:34:00,PRTA
48.47,48.51,48.32,48.5,8300,2021-06-17 18:35:00,PRTA
48.56,48.77,48.56,48.76,1105,2021-06-17 18:36:00,PRTA
48.83,48.88,48.79,48.88,300,2021-06-17 18:37:00,PRTA
48.9,48.91,48.84,48.89,700,2021-06-17 18:38:00,PRTA
48.83,48.83,48.51,48.51,4054,2021-06-17 18:39:00,PRTA
48.66,48.66,48.52,48.53,300,2021-06-17 18:40:00,PRTA
48.68,48.68,48.67,48.67,200,2021-06-17 18:42:00,PRTA
48.69,48.84,48.69,48.84,1100,2021-06-17 18:43:00,PRTA
48.78,48.81,48.77,48.77,1010,2021-06-17 18:44:00,PRTA
48.8,48.86,48.76,48.83,1232,2021-06-17 18:45:00,PRTA
48.84,48.9416,48.84,48.9416,600,2021-06-17 18:46:00,PRTA
48.93,48.93,48.84,48.84,402,2021-06-17 18:47:00,PRTA
48.895,48.895,48.895,48.895,100,2021-06-17 18:48:00,PRTA
48.95,48.95,48.69,48.69,1400,2021-06-17 18:49:00,PRTA
48.6901,48.78,48.6901,48.75,1500,2021-06-17 18:51:00,PRTA
48.86,48.91,48.7401,48.91,700,2021-06-17 18:52:00,PRTA
48.94,48.95,48.82,48.82,400,2021-06-17 18:54:00,PRTA
48.87,48.87,48.76,48.76,300,2021-06-17 18:55:00,PRTA
48.88,48.88,48.88,48.88,100,2021-06-17 18:56:00,PRTA
48.825,48.9,48.825,48.9,200,2021-06-17 18:57:00,PRTA
48.82,49.03,48.82,48.9098,1110,2021-06-17 18:58:00,PRTA
48.965,49.01,48.89,48.89,1400,2021-06-17 18:59:00,PRTA
48.9,48.94,48.9,48.94,200,2021-06-17 19:00:00,PRTA
49.15,49.15,49.0,49.0,1770,2021-06-17 19:01:00,PRTA
49.055,49.09,48.93,48.93,3825,2021-06-17 19:02:00,PRTA
48.94,48.94,48.94,48.94,100,2021-06-17 19:03:00,PRTA
49.06,49.08,48.94,48.975,610,2021-06-17 19:04:00,PRTA
49.0,49.0,49.0,49.0,100,2021-06-17 19:06:00,PRTA
48.99,48.99,48.985,48.985,600,2021-06-17 19:07:00,PRTA
48.93,49.04,48.93,49.04,700,2021-06-17 19:08:00,PRTA
49.005,49.005,48.93,48.93,200,2021-06-17 19:09:00,PRTA
49.0481,49.0481,48.93,49.0,300,2021-06-17 19:10:00,PRTA
48.9301,49.0499,48.85,48.9918,3152,2021-06-17 19:11:00,PRTA
49.0299,49.0299,48.915,48.915,1100,2021-06-17 19:13:00,PRTA
48.9053,48.9053,48.73,48.78,1500,2021-06-17 19:14:00,PRTA
48.7095,48.7095,48.7095,48.7095,200,2021-06-17 19:15:00,PRTA
48.6126,48.6126,48.6126,48.6126,102,2021-06-17 19:16:00,PRTA
48.5,48.55,48.5,48.51,800,2021-06-17 19:17:00,PRTA
48.5,48.5,48.12,48.13,3100,2021-06-17 19:18:00,PRTA
48.232,48.232,48.12,48.195,4115,2021-06-17 19:19:00,PRTA
48.13,48.195,48.12,48.12,2500,2021-06-17 19:20:00,PRTA
48.205,48.379,48.16,48.379,4080,2021-06-17 19:21:00,PRTA
48.24,48.25,48.14,48.25,1360,2021-06-17 19:22:00,PRTA
48.3578,48.3578,48.25,48.25,500,2021-06-17 19:23:00,PRTA
48.15,48.15,48.15,48.15,360,2021-06-17 19:24:00,PRTA
48.15,48.235,48.14,48.225,1677,2021-06-17 19:25:00,PRTA
48.23,48.2799,48.0,48.0,2402,2021-06-17 19:27:00,PRTA
48.125,48.125,48.0,48.0,1700,2021-06-17 19:28:00,PRTA
48.07,48.07,48.02,48.02,594,2021-06-17 19:29:00,PRTA
48.2199,48.2199,48.03,48.03,700,2021-06-17 19:30:00,PRTA
48.05,48.19,48.04,48.06,1100,2021-06-17 19:31:00,PRTA
48.07,48.24,48.05,48.17,1400,2021-06-17 19:32:00,PRTA
48.245,48.41,48.19,48.25,3000,2021-06-17 19:33:00,PRTA
48.13,48.22,48.13,48.18,900,2021-06-17 19:34:00,PRTA
48.18,48.24,48.13,48.24,2400,2021-06-17 19:35:00,PRTA
48.25,48.6,48.2,48.29,3800,2021-06-17 19:36:00,PRTA
48.295,48.38,48.22,48.34,917,2021-06-17 19:37:00,PRTA
48.4,48.48,48.4,48.415,400,2021-06-17 19:38:00,PRTA
48.425,48.425,48.425,48.425,200,2021-06-17 19:39:00,PRTA
48.48,48.62,48.43,48.62,2626,2021-06-17 19:40:00,PRTA
48.63,48.9,48.6,48.77,1876,2021-06-17 19:41:00,PRTA
48.88,49.03,48.79,49.03,3145,2021-06-17 19:42:00,PRTA
49.03,49.17,48.975,49.08,1650,2021-06-17 19:43:00,PRTA
49.11,49.11,48.88,48.88,2992,2021-06-17 19:44:00,PRTA
49.0879,49.0879,48.88,48.89,1150,2021-06-17 19:45:00,PRTA
48.93,48.98,48.78,48.78,1210,2021-06-17 19:46:00,PRTA
48.78,48.88,48.78,48.78,1150,2021-06-17 19:47:00,PRTA
48.875,48.94,48.78,48.93,2755,2021-06-17 19:48:00,PRTA
48.93,48.93,48.79,48.855,1907,2021-06-17 19:49:00,PRTA
48.92,49.01,48.82,48.99,3082,2021-06-17 19:50:00,PRTA
48.99,49.01,48.86,49.01,3799,2021-06-17 19:51:00,PRTA
48.91,48.9604,48.8,48.8,9729,2021-06-17 19:52:00,PRTA
48.815,48.815,48.6,48.66,3052,2021-06-17 19:53:00,PRTA
48.6,48.6783,48.6,48.62,5989,2021-06-17 19:54:00,PRTA
48.67,48.67,48.57,48.58,4991,2021-06-17 19:55:00,PRTA
48.5999,48.67,48.59,48.67,6094,2021-06-17 19:56:00,PRTA
48.67,48.67,48.44,48.54,7652,2021-06-17 19:57:00,PRTA
48.55,48.96,48.55,48.78,8594,2021-06-17 19:58:00,PRTA
48.81,48.81,48.63,48.72,14079,2021-06-17 19:59:00,PRTA
48.72,48.77,48.72,48.72,43887,2021-06-17 20:00:00,PRTA
48.72,48.72,48.72,48.72,100,2021-06-17 21:14:00,PRTA
48.72,48.72,48.72,48.72,1417,2021-06-17 21:16:00,PRTA
48.72,48.72,48.72,48.72,400,2021-06-17 22:52:00,PRTA
48.72,48.72,48.72,48.72,200,2021-06-17 22:53:00,PRTA
48.72,48.72,48.72,48.72,200,2021-06-17 23:17:00,PRTA
48.72,48.72,48.72,48.72,300,2021-06-17 23:18:00,PRTA
49.48,49.48,49.48,49.48,250,2021-06-18 10:11:00,PRTA
49.53,49.53,49.53,49.53,200,2021-06-18 10:18:00,PRTA
49.52,49.54,49.52,49.54,2499,2021-06-18 10:24:00,PRTA
49.55,49.55,49.55,49.55,107,2021-06-18 12:10:00,PRTA
49.0,49.0,49.0,49.0,100,2021-06-18 12:45:00,PRTA
49.0,49.0,49.0,49.0,200,2021-06-18 12:53:00,PRTA
49.16,50.1,49.16,50.1,51569,2021-06-18 13:30:00,PRTA
50.0,50.63,50.0,50.59,2154,2021-06-18 13:31:00,PRTA
50.8219,51.57,50.62,51.2267,4088,2021-06-18 13:32:00,PRTA
51.3,51.748,51.0394,51.42,6088,2021-06-18 13:33:00,PRTA
51.6222,51.99,51.425,51.9254,8231,2021-06-18 13:34:00,PRTA
51.73,52.15,51.73,52.01,4259,2021-06-18 13:35:00,PRTA
52.1001,52.7353,52.1001,52.6052,4140,2021-06-18 13:36:00,PRTA
52.66,52.99,52.55,52.97,8368,2021-06-18 13:37:00,PRTA
52.87,53.28,52.8196,53.2799,10113,2021-06-18 13:38:00,PRTA
53.22,53.22,52.6001,52.82,8091,2021-06-18 13:39:00,PRTA
52.955,53.03,52.87,52.93,8500,2021-06-18 13:40:00,PRTA
52.99,53.0,51.91,51.98,21875,2021-06-18 13:41:00,PRTA
52.025,52.36,51.7001,52.36,1874,2021-06-18 13:42:00,PRTA
52.41,52.41,52.0,52.3428,946,2021-06-18 13:43:00,PRTA
52.2,52.2,52.11,52.11,1000,2021-06-18 13:44:00,PRTA
52.01,52.5,52.01,52.48,1828,2021-06-18 13:45:00,PRTA
52.48,52.48,52.475,52.475,2800,2021-06-18 13:46:00,PRTA
52.46,52.71,52.355,52.445,2800,2021-06-18 13:47:00,PRTA
52.302,52.64,52.21,52.21,3181,2021-06-18 13:48:00,PRTA
52.44,52.44,52.26,52.26,500,2021-06-18 13:49:00,PRTA
52.25,52.325,52.03,52.03,700,2021-06-18 13:50:00,PRTA
52.03,52.2,51.96,51.98,3680,2021-06-18 13:51:00,PRTA
52.177,52.28,51.91,51.985,4600,2021-06-18 13:52:00,PRTA
51.985,51.985,51.3,51.625,9159,2021-06-18 13:53:00,PRTA
51.68,51.85,51.0601,51.0601,8183,2021-06-18 13:54:00,PRTA
51.2001,51.7547,50.71,50.71,8549,2021-06-18 13:55:00,PRTA
51.07,51.52,50.845,50.845,6542,2021-06-18 13:56:00,PRTA
51.52,51.52,50.79,50.82,15180,2021-06-18 13:57:00,PRTA
50.81,51.105,50.81,51.105,11240,2021-06-18 13:58:00,PRTA
50.51,50.97,50.51,50.66,3484,2021-06-18 13:59:00,PRTA
50.8521,50.8521,50.33,50.5648,2989,2021-06-18 14:00:00,PRTA
50.3301,50.654,50.06,50.3897,4805,2021-06-18 14:01:00,PRTA
50.45,50.5,49.945,50.02,5501,2021-06-18 14:02:00,PRTA
50.255,50.47,50.0101,50.2,7586,2021-06-18 14:03:00,PRTA
50.08,50.2,50.04,50.2,1061,2021-06-18 14:04:00,PRTA
50.2,50.2869,50.08,50.2869,1500,2021-06-18 14:05:00,PRTA
50.16,50.275,50.055,50.275,1320,2021-06-18 14:06:00,PRTA
50.24,50.3999,50.1201,50.3999,1200,2021-06-18 14:07:00,PRTA
50.27,50.275,49.72,49.8,7239,2021-06-18 14:08:00,PRTA
49.9407,49.9899,49.22,49.37,4863,2021-06-18 14:09:00,PRTA
49.255,49.39,48.86,48.86,9299,2021-06-18 14:10:00,PRTA
49.06,49.584,48.87,49.14,6374,2021-06-18 14:11:00,PRTA
49.345,49.46,49.09,49.43,4700,2021-06-18 14:12:00,PRTA
49.56,50.19,49.46,50.19,8344,2021-06-18 14:13:00,PRTA
50.15,50.5,50.15,50.49,1300,2021-06-18 14:14:00,PRTA
50.5,50.5,50.275,50.36,1700,2021-06-18 14:15:00,PRTA
50.355,50.496,49.72,50.24,10707,2021-06-18 14:16:00,PRTA
50.48,50.85,49.92,49.9773,19276,2021-06-18 14:17:00,PRTA
50.31,50.31,50.04,50.04,600,2021-06-18 14:18:00,PRTA
50.04,50.04,49.79,50.04,900,2021-06-18 14:19:00,PRTA
49.7901,50.44,49.7901,50.44,5936,2021-06-18 14:20:00,PRTA
50.45,50.475,50.25,50.475,500,2021-06-18 14:21:00,PRTA
50.589,50.78,50.46,50.46,2642,2021-06-18 14:22:00,PRTA
50.83,51.01,50.27,50.27,4798,2021-06-18 14:23:00,PRTA
50.64,50.64,50.64,50.64,100,2021-06-18 14:24:00,PRTA
50.47,50.6994,50.47,50.6994,300,2021-06-18 14:25:00,PRTA
50.7733,50.7733,50.43,50.69,5490,2021-06-18 14:26:00,PRTA
50.39,50.965,50.38,50.38,300,2021-06-18 14:27:00,PRTA
50.42,50.91,50.08,50.08,3000,2021-06-18 14:28:00,PRTA
50.75,50.87,50.18,50.854,3341,2021-06-18 14:29:00,PRTA
50.35,50.35,50.35,50.35,6040,2021-06-18 14:30:00,PRTA
50.705,50.705,50.38,50.7,330,2021-06-18 14:31:00,PRTA
50.795,50.795,50.79,50.79,500,2021-06-18 14:32:00,PRTA
50.57,50.86,50.57,50.86,600,2021-06-18 14:33:00,PRTA
50.71,50.71,50.71,50.71,200,2021-06-18 14:34:00,PRTA
50.895,50.895,50.895,50.895,100,2021-06-18 14:35:00,PRTA
50.9386,50.94,50.41,50.41,5901,2021-06-18 14:36:00,PRTA
50.54,50.54,50.54,50.54,100,2021-06-18 14:37:00,PRTA
50.57,50.96,50.55,50.59,8178,2021-06-18 14:38:00,PRTA
50.63,50.63,50.63,50.63,100,2021-06-18 14:39:00,PRTA
50.685,50.685,50.62,50.62,200,2021-06-18 14:41:00,PRTA
50.82,50.82,50.59,50.59,200,2021-06-18 14:42:00,PRTA
50.4042,50.4042,50.03,50.19,8283,2021-06-18 14:43:00,PRTA
49.86,49.9,49.04,49.04,5537,2021-06-18 14:44:00,PRTA
49.659,49.659,49.659,49.659,100,2021-06-18 14:45:00,PRTA
49.62,49.85,49.62,49.69,500,2021-06-18 14:46:00,PRTA
49.64,49.64,49.64,49.64,100,2021-06-18 14:47:00,PRTA
50.09,50.09,49.85,49.85,200,2021-06-18 14:49:00,PRTA
50.08,50.38,50.02,50.03,2616,2021-06-18 14:50:00,PRTA
50.04,50.09,49.79,50.045,2200,2021-06-18 14:51:00,PRTA
49.945,49.945,49.945,49.945,100,2021-06-18 14:52:00,PRTA
50.05,50.05,49.7,49.885,796,2021-06-18 14:53:00,PRTA
49.96,49.96,49.96,49.96,100,2021-06-18 14:54:00,PRTA
49.79,49.79,49.79,49.79,100,2021-06-18 14:56:00,PRTA
49.89,50.02,49.89,50.02,997,2021-06-18 14:57:00,PRTA
50.165,50.165,50.075,50.075,200,2021-06-18 14:58:00,PRTA
50.2,50.265,50.136,50.265,1512,2021-06-18 14:59:00,PRTA
50.2,50.2,50.2,50.2,100,2021-06-18 15:00:00,PRTA
50.27,50.5144,50.27,50.5144,300,2021-06-18 15:01:00,PRTA
50.315,50.325,50.315,50.325,371,2021-06-18 15:03:00,PRTA
50.41,50.41,50.41,50.41,200,2021-06-18 15:07:00,PRTA
50.41,50.41,50.41,50.41,100,2021-06-18 15:08:00,PRTA
50.405,50.405,50.405,50.405,198,2021-06-18 15:09:00,PRTA
50.41,50.41,50.41,50.41,700,2021-06-18 15:10:00,PRTA
50.415,50.43,50.4006,50.43,1493,2021-06-18 15:12:00,PRTA
50.37,50.37,50.115,50.12,1100,2021-06-18 15:13:00,PRTA
50.287,50.287,50.15,50.15,518,2021-06-18 15:16:00,PRTA
50.0303,50.17,49.79,49.79,4589,2021-06-18 15:17:00,PRTA
49.81,49.81,49.81,49.81,200,2021-06-18 15:18:00,PRTA
49.81,49.81,49.8,49.8,450,2021-06-18 15:19:00,PRTA
49.8,49.8,49.795,49.795,400,2021-06-18 15:20:00,PRTA
49.8,49.8,49.8,49.8,300,2021-06-18 15:21:00,PRTA
49.77,49.77,49.65,49.65,720,2021-06-18 15:22:00,PRTA
49.62,49.62,49.62,49.62,100,2021-06-18 15:23:00,PRTA
49.58,49.68,49.58,49.68,200,2021-06-18 15:26:00,PRTA
49.64,49.64,49.64,49.64,108,2021-06-18 15:27:00,PRTA
49.73,49.73,49.71,49.71,200,2021-06-18 15:29:00,PRTA
49.74,49.74,49.68,49.7,300,2021-06-18 15:30:00,PRTA
49.785,49.855,49.785,49.855,200,2021-06-18 15:32:00,PRTA
49.88,49.88,49.88,49.88,200,2021-06-18 15:33:00,PRTA
50.015,50.015,50.015,50.015,100,2021-06-18 15:36:00,PRTA
50.06,50.06,50.06,50.06,500,2021-06-18 15:37:00,PRTA
50.08,50.08,50.05,50.05,600,2021-06-18 15:39:00,PRTA
50.025,50.025,49.95,49.95,500,2021-06-18 15:40:00,PRTA
49.91,49.91,49.8075,49.8075,200,2021-06-18 15:41:00,PRTA
49.93,49.93,49.74,49.7675,2942,2021-06-18 15:48:00,PRTA
49.64,49.64,49.64,49.64,100,2021-06-18 15:51:00,PRTA
49.4501,49.4501,49.4501,49.4501,100,2021-06-18 15:53:00,PRTA
49.46,49.46,49.4501,49.4501,1093,2021-06-18 15:54:00,PRTA
49.46,49.46,49.46,49.46,100,2021-06-18 15:56:00,PRTA
49.54,49.54,49.54,49.54,100,2021-06-18 15:57:00,PRTA
49.575,49.575,49.575,49.575,100,2021-06-18 16:00:00,PRTA
49.59,49.68,49.59,49.68,708,2021-06-18 16:01:00,PRTA
49.72,49.78,49.72,49.78,300,2021-06-18 16:02:00,PRTA
49.855,49.87,49.855,49.87,200,2021-06-18 16:04:00,PRTA
49.915,49.915,49.915,49.915,400,2021-06-18 16:05:00,PRTA
49.98,49.98,49.92,49.92,1100,2021-06-18 16:07:00,PRTA
49.91,50.0399,49.91,49.96,1100,2021-06-18 16:08:00,PRTA
49.94,49.97,49.94,49.97,200,2021-06-18 16:10:00,PRTA
49.96,49.97,49.93,49.97,400,2021-06-18 16:11:00,PRTA
49.97,49.97,49.811,49.83,2536,2021-06-18 16:12:00,PRTA
49.97,49.97,49.77,49.82,1300,2021-06-18 16:15:00,PRTA
49.81,49.81,49.81,49.81,200,2021-06-18 16:16:00,PRTA
49.76,49.76,49.76,49.76,200,2021-06-18 16:17:00,PRTA
49.76,49.8,49.7502,49.8,1100,2021-06-18 16:18:00,PRTA
49.765,49.85,49.765,49.85,615,2021-06-18 16:20:00,PRTA
49.84,49.84,49.835,49.835,200,2021-06-18 16:25:00,PRTA
49.84,49.84,49.84,49.84,100,2021-06-18 16:26:00,PRTA
49.87,49.88,49.87,49.88,200,2021-06-18 16:28:00,PRTA
49.8535,49.8535,49.8535,49.8535,100,2021-06-18 16:30:00,PRTA
49.865,49.865,49.865,49.865,500,2021-06-18 16:32:00,PRTA
49.85,49.85,49.85,49.85,100,2021-06-18 16:33:00,PRTA
49.82,49.82,49.81,49.81,500,2021-06-18 16:34:00,PRTA
49.76,49.76,49.71,49.71,300,2021-06-18 16:37:00,PRTA
49.59,49.59,49.59,49.59,100,2021-06-18 16:38:00,PRTA
49.61,49.66,49.61,49.66,800,2021-06-18 16:39:00,PRTA
49.6634,49.6634,49.66,49.66,200,2021-06-18 16:41:00,PRTA
49.63,49.65,49.63,49.65,400,2021-06-18 16:42:00,PRTA
49.64,49.69,49.64,49.69,266,2021-06-18 16:46:00,PRTA
49.72,49.74,49.655,49.67,700,2021-06-18 16:47:00,PRTA
49.7,49.71,49.58,49.58,500,2021-06-18 16:50:00,PRTA
49.37,49.37,49.37,49.37,100,2021-06-18 16:51:00,PRTA
49.42,49.42,49.375,49.39,400,2021-06-18 16:52:00,PRTA
49.435,49.435,49.435,49.435,200,2021-06-18 16:53:00,PRTA
49.37,49.37,49.37,49.37,200,2021-06-18 16:55:00,PRTA
49.38,49.38,49.375,49.375,600,2021-06-18 16:57:00,PRTA
49.44,49.44,49.385,49.385,200,2021-06-18 16:58:00,PRTA
49.37,49.37,49.335,49.365,500,2021-06-18 17:01:00,PRTA
49.33,49.33,49.22,49.22,800,2021-06-18 17:04:00,PRTA
49.22,49.27,49.215,49.27,611,2021-06-18 17:05:00,PRTA
49.23,49.23,49.23,49.23,100,2021-06-18 17:06:00,PRTA
49.245,49.245,49.21,49.245,300,2021-06-18 17:07:00,PRTA
49.245,49.245,49.245,49.245,100,2021-06-18 17:08:00,PRTA
49.25,49.25,49.25,49.25,100,2021-06-18 17:09:00,PRTA
49.25,49.63,49.25,49.55,4811,2021-06-18 17:10:00,PRTA
49.66,49.66,49.585,49.585,610,2021-06-18 17:11:00,PRTA
49.565,49.818,49.565,49.818,600,2021-06-18 17:12:00,PRTA
49.8145,49.8145,49.76,49.76,250,2021-06-18 17:14:00,PRTA
49.72,49.72,49.72,49.72,100,2021-06-18 17:16:00,PRTA
49.7933,49.7933,49.745,49.745,250,2021-06-18 17:17:00,PRTA
49.74,49.76,49.74,49.76,300,2021-06-18 17:20:00,PRTA
49.72,49.8,49.72,49.8,200,2021-06-18 17:21:00,PRTA
49.72,49.72,49.715,49.72,500,2021-06-18 17:22:00,PRTA
49.71,49.71,49.71,49.71,200,2021-06-18 17:23:00,PRTA
49.69,49.69,49.69,49.69,100,2021-06-18 17:24:00,PRTA
49.68,49.68,49.645,49.645,700,2021-06-18 17:25:00,PRTA
49.655,49.655,49.655,49.655,100,2021-06-18 17:26:00,PRTA
49.69,49.695,49.67,49.695,400,2021-06-18 17:27:00,PRTA
49.65,49.65,49.59,49.59,300,2021-06-18 17:28:00,PRTA
49.625,49.66,49.625,49.63,1000,2021-06-18 17:29:00,PRTA
49.57,49.62,49.56,49.595,400,2021-06-18 17:30:00,PRTA
49.57,49.57,49.57,49.57,100,2021-06-18 17:31:00,PRTA
49.575,49.6,49.575,49.6,236,2021-06-18 17:32:00,PRTA
49.56,49.56,49.56,49.56,100,2021-06-18 17:33:00,PRTA
49.56,49.56,49.56,49.56,100,2021-06-18 17:34:00,PRTA
49.605,49.605,49.6,49.605,800,2021-06-18 17:35:00,PRTA
49.56,49.56,49.56,49.56,100,2021-06-18 17:36:00,PRTA
49.61,49.61,49.61,49.61,447,2021-06-18 17:38:00,PRTA
49.64,49.68,49.61,49.68,900,2021-06-18 17:40:00,PRTA
49.64,49.64,49.64,49.64,100,2021-06-18 17:42:00,PRTA
49.65,49.65,49.65,49.65,100,2021-06-18 17:43:00,PRTA
49.66,49.68,49.66,49.68,498,2021-06-18 17:44:00,PRTA
49.6835,49.6835,49.6835,49.6835,500,2021-06-18 17:45:00,PRTA
49.68,49.68,49.68,49.68,100,2021-06-18 17:46:00,PRTA
49.69,49.69,49.67,49.675,600,2021-06-18 17:47:00,PRTA
49.64,49.64,49.52,49.52,700,2021-06-18 17:48:00,PRTA
49.57,49.63,49.53,49.53,500,2021-06-18 17:49:00,PRTA
49.56,49.56,49.56,49.56,200,2021-06-18 17:50:00,PRTA
49.585,49.66,49.585,49.66,500,2021-06-18 17:51:00,PRTA
49.6,49.67,49.595,49.6075,1000,2021-06-18 17:55:00,PRTA
49.6,49.66,49.6,49.66,500,2021-06-18 17:56:00,PRTA
49.65,49.65,49.65,49.65,100,2021-06-18 17:58:00,PRTA
49.65,49.67,49.6,49.63,1560,2021-06-18 17:59:00,PRTA
49.615,49.615,49.605,49.605,700,2021-06-18 18:00:00,PRTA
49.61,49.635,49.605,49.635,1392,2021-06-18 18:01:00,PRTA
49.65,49.65,49.65,49.65,100,2021-06-18 18:02:00,PRTA
49.65,49.65,49.65,49.65,100,2021-06-18 18:03:00,PRTA
49.65,49.65,49.65,49.65,200,2021-06-18 18:04:00,PRTA
49.65,49.65,49.625,49.625,400,2021-06-18 18:05:00,PRTA
49.63,49.65,49.63,49.65,200,2021-06-18 18:06:00,PRTA
49.7,49.73,49.7,49.73,200,2021-06-18 18:07:00,PRTA
49.71,49.71,49.71,49.71,600,2021-06-18 18:09:00,PRTA
49.66,49.66,49.66,49.66,100,2021-06-18 18:11:00,PRTA
49.655,49.69,49.655,49.68,600,2021-06-18 18:12:00,PRTA
49.68,49.68,49.68,49.68,100,2021-06-18 18:13:00,PRTA
49.685,49.71,49.685,49.71,200,2021-06-18 18:14:00,PRTA
49.71,49.886,49.69,49.886,2100,2021-06-18 18:15:00,PRTA
49.87,49.91,49.85,49.89,1000,2021-06-18 18:16:00,PRTA
49.9191,49.92,49.84,49.92,410,2021-06-18 18:17:00,PRTA
49.875,49.875,49.875,49.875,100,2021-06-18 18:18:00,PRTA
49.875,50.0,49.87,49.97,2500,2021-06-18 18:19:00,PRTA
49.97,49.97,49.97,49.97,397,2021-06-18 18:20:00,PRTA
49.95,49.95,49.95,49.95,100,2021-06-18 18:21:00,PRTA
49.98,49.98,49.98,49.98,200,2021-06-18 18:22:00,PRTA
49.97,49.97,49.97,49.97,100,2021-06-18 18:23:00,PRTA
49.975,50.0,49.97,49.97,700,2021-06-18 18:24:00,PRTA
49.97,49.97,49.97,49.97,200,2021-06-18 18:26:00,PRTA
50.0,50.0,50.0,50.0,100,2021-06-18 18:27:00,PRTA
50.045,50.045,50.045,50.045,200,2021-06-18 18:28:00,PRTA
50.095,50.14,50.095,50.095,600,2021-06-18 18:29:00,PRTA
50.12,50.38,50.12,50.38,2678,2021-06-18 18:30:00,PRTA
50.4046,50.4046,50.32,50.32,500,2021-06-18 18:31:00,PRTA
50.33,50.41,50.3,50.41,600,2021-06-18 18:32:00,PRTA
50.48,50.5,50.43,50.46,1229,2021-06-18 18:33:00,PRTA
50.455,50.455,50.455,50.455,200,2021-06-18 18:35:00,PRTA
50.42,50.42,50.42,50.42,100,2021-06-18 18:36:00,PRTA
50.455,50.455,50.37,50.37,490,2021-06-18 18:37:00,PRTA
50.4,50.5,50.4,50.43,1060,2021-06-18 18:39:00,PRTA
50.42,50.42,50.42,50.42,400,2021-06-18 18:41:00,PRTA
50.5,50.5,50.5,50.5,100,2021-06-18 18:42:00,PRTA
50.49,50.5,50.45,50.45,500,2021-06-18 18:43:00,PRTA
50.455,50.455,50.41,50.41,1457,2021-06-18 18:44:00,PRTA
50.4,50.45,50.4,50.415,815,2021-06-18 18:45:00,PRTA
50.45,50.45,50.45,50.45,100,2021-06-18 18:46:00,PRTA
50.435,50.435,50.435,50.435,200,2021-06-18 18:47:00,PRTA
50.415,50.415,50.3201,50.3201,500,2021-06-18 18:48:00,PRTA
50.33,50.33,50.33,50.33,200,2021-06-18 18:49:00,PRTA
50.32,50.38,50.32,50.33,300,2021-06-18 18:50:00,PRTA
50.33,50.355,50.33,50.355,576,2021-06-18 18:51:00,PRTA
50.35,50.58,50.35,50.49,2900,2021-06-18 18:52:00,PRTA
50.49,50.55,50.32,50.32,1750,2021-06-18 18:53:00,PRTA
50.39,50.39,50.39,50.39,100,2021-06-18 18:54:00,PRTA
50.42,50.42,50.42,50.42,100,2021-06-18 18:55:00,PRTA
50.4,50.4,50.4,50.4,100,2021-06-18 18:56:00,PRTA
50.36,50.36,50.24,50.25,1700,2021-06-18 18:57:00,PRTA
50.2,50.2,49.74,49.81,3319,2021-06-18 18:58:00,PRTA
49.8,49.8,49.8,49.8,304,2021-06-18 18:59:00,PRTA
49.92,50.03,49.9,50.03,406,2021-06-18 19:00:00,PRTA
49.89,50.13,49.89,50.13,2065,2021-06-18 19:01:00,PRTA
50.0,50.0,49.95,49.995,826,2021-06-18 19:03:00,PRTA
49.92,49.95,49.855,49.95,500,2021-06-18 19:04:00,PRTA
50.0,50.0,49.835,49.91,691,2021-06-18 19:06:00,PRTA
49.83,49.83,49.79,49.8,605,2021-06-18 19:07:00,PRTA
49.76,49.775,49.76,49.775,200,2021-06-18 19:08:00,PRTA
49.78,49.78,49.762,49.762,310,2021-06-18 19:09:00,PRTA
49.78,49.81,49.78,49.78,500,2021-06-18 19:10:00,PRTA
49.82,49.85,49.81,49.81,300,2021-06-18 19:11:00,PRTA
49.89,49.89,49.8301,49.8301,1200,2021-06-18 19:12:00,PRTA
49.89,49.95,49.885,49.91,1100,2021-06-18 19:13:00,PRTA
49.95,49.95,49.95,49.95,100,2021-06-18 19:14:00,PRTA
49.99,49.99,49.99,49.99,400,2021-06-18 19:15:00,PRTA
49.99,50.05,49.99,50.03,900,2021-06-18 19:16:00,PRTA
50.08,50.085,50.08,50.085,400,2021-06-18 19:17:00,PRTA
50.05,50.075,49.97,50.05,1000,2021-06-18 19:18:00,PRTA
50.1,50.1,50.03,50.09,400,2021-06-18 19:19:00,PRTA
50.04,50.04,50.04,50.04,100,2021-06-18 19:20:00,PRTA
50.105,50.2369,50.105,50.15,1700,2021-06-18 19:21:00,PRTA
50.15,50.25,50.15,50.15,600,2021-06-18 19:22:00,PRTA
50.1221,50.14,50.1221,50.14,250,2021-06-18 19:23:00,PRTA
50.11,50.16,50.11,50.16,200,2021-06-18 19:24:00,PRTA
50.11,50.13,50.1,50.11,700,2021-06-18 19:25:00,PRTA
50.12,50.21,50.12,50.21,700,2021-06-18 19:26:00,PRTA
50.185,50.185,50.16,50.185,400,2021-06-18 19:27:00,PRTA
50.16,50.16,50.1,50.13,2100,2021-06-18 19:28:00,PRTA
50.195,50.195,50.07,50.12,1000,2021-06-18 19:30:00,PRTA
50.16,50.24,50.1408,50.185,1950,2021-06-18 19:31:00,PRTA
50.185,50.2,50.185,50.2,200,2021-06-18 19:32:00,PRTA
50.19,50.24,50.19,50.23,1200,2021-06-18 19:33:00,PRTA
50.245,50.26,50.245,50.26,200,2021-06-18 19:34:00,PRTA
50.265,50.265,50.18,50.18,1100,2021-06-18 19:35:00,PRTA
50.2399,50.2399,50.1301,50.16,648,2021-06-18 19:36:00,PRTA
50.13,50.3,50.13,50.27,5463,2021-06-18 19:37:00,PRTA
50.3502,50.475,50.315,50.475,1242,2021-06-18 19:38:00,PRTA
50.4919,50.5099,50.43,50.5,1008,2021-06-18 19:39:00,PRTA
50.49,50.49,50.435,50.44,300,2021-06-18 19:40:00,PRTA
50.405,50.45,50.405,50.435,1200,2021-06-18 19:41:00,PRTA
50.4,50.48,50.38,50.47,2866,2021-06-18 19:42:00,PRTA
50.44,50.49,50.44,50.44,1600,2021-06-18 19:43:00,PRTA
50.48,50.6,50.48,50.545,2100,2021-06-18 19:44:00,PRTA
50.54,50.58,50.5,50.58,1101,2021-06-18 19:45:00,PRTA
50.51,50.59,50.5001,50.565,1600,2021-06-18 19:46:00,PRTA
50.555,50.565,50.52,50.52,2492,2021-06-18 19:47:00,PRTA
50.46,50.53,50.455,50.53,1300,2021-06-18 19:48:00,PRTA
50.5337,50.54,50.4719,50.475,2456,2021-06-18 19:49:00,PRTA
50.48,50.81,50.48,50.78,6629,2021-06-18 19:50:00,PRTA
50.78,50.84,50.75,50.84,4350,2021-06-18 19:51:00,PRTA
50.84,50.99,50.84,50.97,4357,2021-06-18 19:52:00,PRTA
51.0,51.0,50.94,50.98,6539,2021-06-18 19:53:00,PRTA
50.97,51.0,50.86,50.895,10606,2021-06-18 19:54:00,PRTA
50.905,51.33,50.9,51.295,10032,2021-06-18 19:55:00,PRTA
51.29,51.4,51.2,51.35,10205,2021-06-18 19:56:00,PRTA
51.38,51.435,51.275,51.34,7687,2021-06-18 19:57:00,PRTA
51.34,51.34,51.085,51.085,7756,2021-06-18 19:58:00,PRTA
51.085,51.09,51.0,51.01,8355,2021-06-18 19:59:00,PRTA
51.01,51.01,51.01,51.01,330181,2021-06-18 20:00:00,PRTA
51.01,51.01,51.01,51.01,441,2021-06-18 20:01:00,PRTA
51.0,51.0,51.0,51.0,3643,2021-06-18 20:02:00,PRTA
49.99,49.99,49.99,49.99,208,2021-06-18 20:07:00,PRTA
50.99,50.99,50.99,50.99,120,2021-06-18 20:13:00,PRTA
50.99,50.99,50.99,50.99,360,2021-06-18 20:14:00,PRTA
50.9,50.9,50.9,50.9,100,2021-06-21 13:25:00,PRTA
50.67,50.67,50.67,50.67,100,2021-06-21 13:29:00,PRTA
50.48,50.82,50.26,50.26,9851,2021-06-21 13:30:00,PRTA
50.04,50.06,50.04,50.06,300,2021-06-21 13:31:00,PRTA
50.04,50.04,49.4363,49.75,1722,2021-06-21 13:32:00,PRTA
49.0272,49.38,49.0272,49.38,1350,2021-06-21 13:33:00,PRTA
49.28,49.5499,49.1079,49.1079,911,2021-06-21 13:34:00,PRTA
49.51,49.53,49.175,49.175,300,2021-06-21 13:36:00,PRTA
49.08,49.08,48.626,48.8,3973,2021-06-21 13:38:00,PRTA
48.76,48.76,48.675,48.675,400,2021-06-21 13:39:00,PRTA
48.79,49.03,48.79,49.0199,1380,2021-06-21 13:40:00,PRTA
48.9446,48.95,48.76,48.76,303,2021-06-21 13:41:00,PRTA
48.94,48.94,48.815,48.89,500,2021-06-21 13:42:00,PRTA
48.8,48.9875,48.8,48.895,1357,2021-06-21 13:44:00,PRTA
48.8,48.81,48.65,48.65,1300,2021-06-21 13:45:00,PRTA
48.65,48.65,48.23,48.4,1851,2021-06-21 13:46:00,PRTA
48.3099,48.31,48.02,48.31,893,2021-06-21 13:47:00,PRTA
48.2172,48.2172,48.2172,48.2172,102,2021-06-21 13:48:00,PRTA
48.37,48.47,48.37,48.4,1377,2021-06-21 13:49:00,PRTA
48.46,48.76,48.38,48.76,5892,2021-06-21 13:50:00,PRTA
48.63,48.63,48.63,48.63,900,2021-06-21 13:51:00,PRTA
48.5164,48.78,48.5164,48.78,1354,2021-06-21 13:52:00,PRTA
48.625,48.625,48.625,48.625,200,2021-06-21 13:53:00,PRTA
48.625,48.92,48.625,48.92,1319,2021-06-21 13:54:00,PRTA
48.63,48.63,48.63,48.63,610,2021-06-21 13:55:00,PRTA
48.78,48.92,48.78,48.78,507,2021-06-21 13:56:00,PRTA
48.91,49.08,48.91,48.92,3443,2021-06-21 13:57:00,PRTA
49.13,49.324,49.054,49.324,1900,2021-06-21 14:00:00,PRTA
49.33,49.37,49.315,49.32,756,2021-06-21 14:01:00,PRTA
49.41,49.41,49.3201,49.3201,250,2021-06-21 14:02:00,PRTA
49.59,49.61,49.59,49.61,200,2021-06-21 14:03:00,PRTA
49.685,49.85,49.685,49.85,200,2021-06-21 14:04:00,PRTA
49.93,50.03,49.93,50.03,200,2021-06-21 14:07:00,PRTA
50.125,50.25,50.125,50.18,400,2021-06-21 14:08:00,PRTA
50.39,50.5,50.295,50.49,2800,2021-06-21 14:09:00,PRTA
50.42,50.42,50.42,50.42,100,2021-06-21 14:10:00,PRTA
50.58,50.58,50.24,50.5,4086,2021-06-21 14:11:00,PRTA
50.65,50.65,50.39,50.39,700,2021-06-21 14:13:00,PRTA
50.36,50.365,50.36,50.365,301,2021-06-21 14:14:00,PRTA
50.09,50.09,50.09,50.09,100,2021-06-21 14:16:00,PRTA
50.07,50.07,49.93,49.93,200,2021-06-21 14:17:00,PRTA
49.76,49.76,49.76,49.76,200,2021-06-21 14:18:00,PRTA
49.56,49.56,49.56,49.56,100,2021-06-21 14:19:00,PRTA
49.54,49.54,49.54,49.54,400,2021-06-21 14:20:00,PRTA
49.24,49.24,49.24,49.24,100,2021-06-21 14:21:00,PRTA
49.28,49.38,49.01,49.09,4788,2021-06-21 14:22:00,PRTA
49.14,49.14,49.14,49.14,100,2021-06-21 14:24:00,PRTA
49.18,49.27,49.16,49.23,1400,2021-06-21 14:25:00,PRTA
49.14,49.14,49.14,49.14,400,2021-06-21 14:26:00,PRTA
49.16,49.16,49.16,49.16,100,2021-06-21 14:28:00,PRTA
49.165,49.27,49.02,49.24,3042,2021-06-21 14:29:00,PRTA
49.115,49.115,49.115,49.115,100,2021-06-21 14:32:00,PRTA
49.22,49.43,49.22,49.43,1100,2021-06-21 14:33:00,PRTA
49.515,49.61,49.515,49.61,400,2021-06-21 14:34:00,PRTA
49.515,49.515,49.515,49.515,100,2021-06-21 14:36:00,PRTA
49.41,49.41,49.41,49.41,280,2021-06-21 14:37:00,PRTA
49.515,49.515,49.515,49.515,400,2021-06-21 14:39:00,PRTA
49.51,49.51,49.5005,49.51,400,2021-06-21 14:40:00,PRTA
49.6,49.795,49.6,49.795,1205,2021-06-21 14:42:00,PRTA
49.865,49.98,49.85,49.98,4289,2021-06-21 14:44:00,PRTA
50.19,50.19,50.095,50.18,906,2021-06-21 14:45:00,PRTA
50.18,50.2,49.97,50.02,4299,2021-06-21 14:46:00,PRTA
50.05,50.08,50.05,50.08,1587,2021-06-21 14:47:00,PRTA
50.08,50.26,49.89,49.89,1400,2021-06-21 14:48:00,PRTA
49.98,49.98,49.93,49.93,700,2021-06-21 14:49:00,PRTA
50.0,50.19,50.0,50.19,500,2021-06-21 14:50:00,PRTA
50.045,50.15,50.045,50.15,600,2021-06-21 14:51:00,PRTA
50.15,50.15,50.15,50.15,100,2021-06-21 14:52:00,PRTA
50.16,50.28,50.1112,50.28,988,2021-06-21 14:53:00,PRTA
50.28,50.28,49.91,49.92,1800,2021-06-21 14:54:00,PRTA
49.98,49.99,49.9,49.98,800,2021-06-21 14:55:00,PRTA
49.97,49.99,49.97,49.99,600,2021-06-21 14:56:00,PRTA
49.93,49.93,49.73,49.85,1300,2021-06-21 14:58:00,PRTA
49.95,49.95,49.95,49.95,100,2021-06-21 15:04:00,PRTA
49.93,50.05,49.93,50.05,700,2021-06-21 15:05:00,PRTA
50.05,50.05,50.05,50.05,100,2021-06-21 15:06:00,PRTA
50.0,50.15,49.985,50.15,8181,2021-06-21 15:09:00,PRTA
50.1488,50.1488,50.1488,50.1488,130,2021-06-21 15:10:00,PRTA
50.07,50.15,49.75,49.79,2815,2021-06-21 15:11:00,PRTA
49.69,49.69,49.65,49.65,200,2021-06-21 15:12:00,PRTA
49.67,49.68,49.65,49.65,917,2021-06-21 15:13:00,PRTA
49.69,49.77,49.65,49.77,2700,2021-06-21 15:14:00,PRTA
49.88,50.04,49.81,50.04,1400,2021-06-21 15:15:00,PRTA
50.1494,50.1494,49.63,49.69,5332,2021-06-21 15:16:00,PRTA
49.68,49.69,49.34,49.36,7035,2021-06-21 15:17:00,PRTA
49.38,49.42,49.38,49.42,500,2021-06-21 15:18:00,PRTA
49.35,49.355,49.35,49.355,406,2021-06-21 15:20:00,PRTA
49.32,49.34,49.31,49.34,300,2021-06-21 15:21:00,PRTA
49.41,49.41,49.41,49.41,100,2021-06-21 15:22:00,PRTA
49.34,49.34,49.12,49.12,1500,2021-06-21 15:23:00,PRTA
49.107,49.107,49.107,49.107,500,2021-06-21 15:24:00,PRTA
49.01,49.02,49.01,49.01,1700,2021-06-21 15:26:00,PRTA
49.14,49.14,49.14,49.14,200,2021-06-21 15:27:00,PRTA
49.16,49.16,49.16,49.16,100,2021-06-21 15:28:00,PRTA
49.09,49.09,48.82,48.95,6453,2021-06-21 15:29:00,PRTA
48.95,48.99,48.95,48.99,200,2021-06-21 15:30:00,PRTA
48.91,49.0,48.875,48.97,1200,2021-06-21 15:31:00,PRTA
48.96,48.96,48.96,48.96,300,2021-06-21 15:32:00,PRTA
48.7826,48.88,48.7826,48.88,1200,2021-06-21 15:33:00,PRTA
48.8001,48.93,48.8001,48.92,1700,2021-06-21 15:34:00,PRTA
48.81,48.81,48.81,48.81,200,2021-06-21 15:36:00,PRTA
48.85,48.95,48.85,48.95,788,2021-06-21 15:39:00,PRTA
48.955,49.05,48.955,49.05,500,2021-06-21 15:40:00,PRTA
48.87,48.87,48.61,48.62,1053,2021-06-21 15:41:00,PRTA
48.64,48.64,48.64,48.64,1238,2021-06-21 15:42:00,PRTA
48.81,48.81,48.74,48.74,1200,2021-06-21 15:43:00,PRTA
48.7,48.88,48.65,48.77,2932,2021-06-21 15:44:00,PRTA
48.7,48.7,48.57,48.65,1699,2021-06-21 15:45:00,PRTA
48.65,48.8,48.61,48.8,2310,2021-06-21 15:46:00,PRTA
48.6116,48.6116,48.58,48.59,500,2021-06-21 15:47:00,PRTA
48.64,48.64,48.64,48.64,100,2021-06-21 15:48:00,PRTA
48.65,48.65,48.65,48.65,100,2021-06-21 15:49:00,PRTA
48.58,48.58,48.54,48.54,686,2021-06-21 15:55:00,PRTA
48.508,48.508,48.508,48.508,350,2021-06-21 15:56:00,PRTA
48.58,48.58,48.58,48.58,100,2021-06-21 15:57:00,PRTA
48.575,48.575,48.575,48.575,300,2021-06-21 15:59:00,PRTA
48.59,48.59,48.48,48.565,1471,2021-06-21 16:03:00,PRTA
48.65,48.71,48.65,48.71,300,2021-06-21 16:07:00,PRTA
48.68,48.68,48.68,48.68,200,2021-06-21 16:09:00,PRTA
48.66,48.66,48.66,48.66,1300,2021-06-21 16:10:00,PRTA
48.66,48.66,48.66,48.66,2000,2021-06-21 16:11:00,PRTA
48.655,48.655,48.655,48.655,1000,2021-06-21 16:12:00,PRTA
48.72,48.93,48.72,48.93,1000,2021-06-21 16:13:00,PRTA
49.0108,49.0108,49.0108,49.0108,200,2021-06-21 16:14:00,PRTA
49.28,49.28,49.28,49.28,100,2021-06-21 16:16:00,PRTA
49.24,49.355,49.2,49.355,580,2021-06-21 16:17:00,PRTA
49.365,49.365,49.365,49.365,3600,2021-06-21 16:19:00,PRTA
49.365,49.37,49.3,49.3,609,2021-06-21 16:20:00,PRTA
49.25,49.35,49.25,49.35,700,2021-06-21 16:21:00,PRTA
49.28,49.28,49.28,49.28,100,2021-06-21 16:22:00,PRTA
49.35,49.35,49.35,49.35,600,2021-06-21 16:24:00,PRTA
49.35,49.35,49.35,49.35,100,2021-06-21 16:25:00,PRTA
49.54,49.72,49.47,49.72,1880,2021-06-21 16:26:00,PRTA
49.71,49.71,49.71,49.71,100,2021-06-21 16:28:00,PRTA
49.805,49.805,49.805,49.805,100,2021-06-21 16:29:00,PRTA
49.825,49.825,49.825,49.825,100,2021-06-21 16:32:00,PRTA
49.79,49.79,49.66,49.66,759,2021-06-21 16:34:00,PRTA
49.74,49.74,49.74,49.74,100,2021-06-21 16:37:00,PRTA
49.74,49.74,49.7,49.7,200,2021-06-21 16:38:00,PRTA
49.69,49.69,49.61,49.61,500,2021-06-21 16:39:00,PRTA
49.645,49.645,49.625,49.625,200,2021-06-21 16:40:00,PRTA
49.62,49.62,49.62,49.62,973,2021-06-21 16:41:00,PRTA
49.55,49.57,49.53,49.57,400,2021-06-21 16:42:00,PRTA
49.555,49.555,49.555,49.555,100,2021-06-21 16:43:00,PRTA
49.58,49.65,49.56,49.595,1582,2021-06-21 16:47:00,PRTA
49.595,49.595,49.51,49.52,685,2021-06-21 16:48:00,PRTA
49.58,49.58,49.355,49.355,1400,2021-06-21 16:51:00,PRTA
49.29,49.3898,49.29,49.3898,200,2021-06-21 16:52:00,PRTA
49.3,49.3,49.3,49.3,200,2021-06-21 16:53:00,PRTA
49.42,49.42,49.39,49.39,400,2021-06-21 16:54:00,PRTA
49.38,49.46,49.38,49.46,500,2021-06-21 16:55:00,PRTA
49.3,49.3,49.3,49.3,120,2021-06-21 16:59:00,PRTA
49.2933,49.2933,49.19,49.19,400,2021-06-21 17:01:00,PRTA
49.27,49.33,49.23,49.3125,1100,2021-06-21 17:02:00,PRTA
49.32,49.32,49.32,49.32,200,2021-06-21 17:04:00,PRTA
49.27,49.27,49.24,49.24,500,2021-06-21 17:06:00,PRTA
49.21,49.21,49.2,49.2,200,2021-06-21 17:08:00,PRTA
49.24,49.27,49.22,49.27,800,2021-06-21 17:09:00,PRTA
49.21,49.245,49.21,49.245,400,2021-06-21 17:10:00,PRTA
49.29,49.29,49.2,49.245,1200,2021-06-21 17:12:00,PRTA
49.13,49.13,49.05,49.05,640,2021-06-21 17:13:00,PRTA
48.98,48.98,48.84,48.84,300,2021-06-21 17:14:00,PRTA
48.9,48.92,48.86,48.91,400,2021-06-21 17:15:00,PRTA
48.95,49.06,48.95,49.06,918,2021-06-21 17:16:00,PRTA
48.97,48.975,48.87,48.96,410,2021-06-21 17:17:00,PRTA
48.97,48.97,48.97,48.97,100,2021-06-21 17:19:00,PRTA
48.97,48.97,48.97,48.97,100,2021-06-21 17:21:00,PRTA
48.97,48.97,48.97,48.97,700,2021-06-21 17:23:00,PRTA
48.97,48.97,48.97,48.97,203,2021-06-21 17:24:00,PRTA
48.92,48.92,48.91,48.91,300,2021-06-21 17:25:00,PRTA
48.89,48.925,48.89,48.9,400,2021-06-21 17:26:00,PRTA
48.93,48.93,48.91,48.91,200,2021-06-21 17:27:00,PRTA
48.85,48.88,48.85,48.88,600,2021-06-21 17:28:00,PRTA
48.8988,49.06,48.8988,49.06,200,2021-06-21 17:30:00,PRTA
49.06,49.14,49.055,49.055,300,2021-06-21 17:31:00,PRTA
49.04,49.045,49.04,49.045,200,2021-06-21 17:33:00,PRTA
49.12,49.12,49.12,49.12,250,2021-06-21 17:34:00,PRTA
49.035,49.035,49.035,49.035,100,2021-06-21 17:35:00,PRTA
49.04,49.04,49.04,49.04,100,2021-06-21 17:36:00,PRTA
49.055,49.055,49.055,49.055,100,2021-06-21 17:38:00,PRTA
49.055,49.11,49.055,49.11,615,2021-06-21 17:39:00,PRTA
49.11,49.11,49.11,49.11,350,2021-06-21 17:40:00,PRTA
49.1,49.1,48.94,48.94,1292,2021-06-21 17:41:00,PRTA
48.87,48.9,48.86,48.9,700,2021-06-21 17:43:00,PRTA
48.88,48.88,48.88,48.88,100,2021-06-21 17:44:00,PRTA
48.83,48.83,48.83,48.83,300,2021-06-21 17:46:00,PRTA
48.79,48.83,48.79,48.83,650,2021-06-21 17:48:00,PRTA
48.84,48.84,48.6601,48.6601,2106,2021-06-21 17:52:00,PRTA
48.64,48.7,48.64,48.7,920,2021-06-21 17:53:00,PRTA
48.71,48.71,48.71,48.71,100,2021-06-21 17:56:00,PRTA
48.79,48.84,48.775,48.84,700,2021-06-21 18:00:00,PRTA
48.79,48.79,48.62,48.62,600,2021-06-21 18:04:00,PRTA
48.5318,48.5318,48.5318,48.5318,200,2021-06-21 18:05:00,PRTA
48.64,48.64,48.615,48.615,200,2021-06-21 18:06:00,PRTA
48.61,48.67,48.585,48.67,1431,2021-06-21 18:08:00,PRTA
48.615,48.615,48.47,48.48,600,2021-06-21 18:10:00,PRTA
48.505,48.505,48.505,48.505,150,2021-06-21 18:11:00,PRTA
48.48,48.48,48.48,48.48,100,2021-06-21 18:12:00,PRTA
48.48,48.48,48.48,48.48,300,2021-06-21 18:14:00,PRTA
48.47,48.47,48.45,48.45,600,2021-06-21 18:15:00,PRTA
48.535,48.6,48.535,48.585,600,2021-06-21 18:16:00,PRTA
48.635,48.68,48.59,48.59,1001,2021-06-21 18:19:00,PRTA
48.6,48.65,48.46,48.48,2001,2021-06-21 18:20:00,PRTA
48.515,48.61,48.515,48.54,2700,2021-06-21 18:21:00,PRTA
48.52,48.52,48.48,48.48,219,2021-06-21 18:22:00,PRTA
48.48,48.48,48.48,48.48,300,2021-06-21 18:24:00,PRTA
48.49,48.49,48.49,48.49,400,2021-06-21 18:25:00,PRTA
48.485,48.5757,48.485,48.53,5407,2021-06-21 18:27:00,PRTA
48.59,48.62,48.59,48.62,400,2021-06-21 18:28:00,PRTA
48.665,48.665,48.665,48.665,2500,2021-06-21 18:30:00,PRTA
48.665,48.73,48.635,48.67,3046,2021-06-21 18:31:00,PRTA
48.71,48.99,48.71,48.91,6558,2021-06-21 18:32:00,PRTA
48.91,48.99,48.91,48.99,200,2021-06-21 18:33:00,PRTA
49.08,49.31,49.08,49.08,5095,2021-06-21 18:34:00,PRTA
49.365,49.365,49.365,49.365,100,2021-06-21 18:35:00,PRTA
49.47,49.48,49.4,49.475,5200,2021-06-21 18:37:00,PRTA
49.55,49.67,49.45,49.45,900,2021-06-21 18:38:00,PRTA
49.44,49.53,49.44,49.53,300,2021-06-21 18:39:00,PRTA
49.47,49.48,49.4,49.4,400,2021-06-21 18:44:00,PRTA
49.49,49.5,49.49,49.49,400,2021-06-21 18:45:00,PRTA
49.5,49.5,49.47,49.47,300,2021-06-21 18:49:00,PRTA
49.53,49.53,49.525,49.525,512,2021-06-21 18:50:00,PRTA
49.57,49.78,49.57,49.78,1494,2021-06-21 18:51:00,PRTA
49.79,49.89,49.695,49.89,742,2021-06-21 18:52:00,PRTA
49.93,49.93,49.73,49.84,1428,2021-06-21 18:55:00,PRTA
49.81,49.82,49.81,49.82,200,2021-06-21 18:57:00,PRTA
49.95,49.95,49.95,49.95,100,2021-06-21 18:58:00,PRTA
49.89,49.89,49.89,49.89,700,2021-06-21 19:00:00,PRTA
49.83,49.83,49.83,49.83,222,2021-06-21 19:01:00,PRTA
49.8,49.8,49.8,49.8,2800,2021-06-21 19:02:00,PRTA
49.85,49.85,49.85,49.85,1000,2021-06-21 19:04:00,PRTA
49.7721,49.7721,49.7721,49.7721,500,2021-06-21 19:05:00,PRTA
49.7501,49.7501,49.7501,49.7501,600,2021-06-21 19:07:00,PRTA
49.75,49.75,49.65,49.68,1015,2021-06-21 19:08:00,PRTA
49.67,49.67,49.67,49.67,100,2021-06-21 19:09:00,PRTA
49.6,49.6,49.49,49.49,900,2021-06-21 19:10:00,PRTA
49.44,49.44,49.4,49.4,500,2021-06-21 19:11:00,PRTA
49.4,49.4,49.4,49.4,100,2021-06-21 19:12:00,PRTA
49.469,49.469,49.469,49.469,320,2021-06-21 19:13:00,PRTA
49.4,49.43,49.38,49.43,824,2021-06-21 19:15:00,PRTA
49.48,49.62,49.48,49.54,2130,2021-06-21 19:16:00,PRTA
49.535,49.535,49.53,49.53,200,2021-06-21 19:18:00,PRTA
49.45,49.45,49.45,49.45,100,2021-06-21 19:19:00,PRTA
49.54,49.67,49.51,49.67,1200,2021-06-21 19:21:00,PRTA
49.605,49.605,49.605,49.605,206,2021-06-21 19:22:00,PRTA
49.625,49.625,49.625,49.625,100,2021-06-21 19:25:00,PRTA
49.54,49.605,49.54,49.59,700,2021-06-21 19:26:00,PRTA
49.74,49.74,49.74,49.74,100,2021-06-21 19:28:00,PRTA
49.88,49.88,49.88,49.88,400,2021-06-21 19:29:00,PRTA
49.92,49.94,49.835,49.835,2326,2021-06-21 19:30:00,PRTA
49.7735,49.83,49.7735,49.83,710,2021-06-21 19:31:00,PRTA
49.8,49.8,49.75,49.75,608,2021-06-21 19:32:00,PRTA
49.8,49.87,49.8,49.825,986,2021-06-21 19:33:00,PRTA
49.825,49.825,49.825,49.825,246,2021-06-21 19:34:00,PRTA
49.825,49.825,49.825,49.825,200,2021-06-21 19:35:00,PRTA
49.825,49.825,49.825,49.825,227,2021-06-21 19:36:00,PRTA
49.78,49.84,49.78,49.84,1100,2021-06-21 19:37:00,PRTA
49.825,49.87,49.82,49.86,2524,2021-06-21 19:38:00,PRTA
49.835,49.835,49.835,49.835,200,2021-06-21 19:40:00,PRTA
49.835,49.835,49.835,49.835,609,2021-06-21 19:41:00,PRTA
49.88,49.88,49.85,49.85,400,2021-06-21 19:42:00,PRTA
49.81,49.85,49.73,49.73,1260,2021-06-21 19:43:00,PRTA
49.735,49.79,49.735,49.79,1347,2021-06-21 19:44:00,PRTA
49.73,49.74,49.655,49.68,900,2021-06-21 19:47:00,PRTA
49.68,49.685,49.595,49.615,2021,2021-06-21 19:48:00,PRTA
49.615,49.66,49.55,49.55,2796,2021-06-21 19:49:00,PRTA
49.61,49.65,49.56,49.56,2610,2021-06-21 19:50:00,PRTA
49.62,49.64,49.56,49.56,600,2021-06-21 19:51:00,PRTA
49.56,49.57,49.49,49.54,3410,2021-06-21 19:52:00,PRTA
49.565,49.565,49.48,49.52,4416,2021-06-21 19:53:00,PRTA
49.52,49.54,49.45,49.5,1600,2021-06-21 19:54:00,PRTA
49.48,49.5,49.45,49.45,1820,2021-06-21 19:55:00,PRTA
49.39,49.5,49.39,49.5,3212,2021-06-21 19:56:00,PRTA
49.46,49.52,49.45,49.475,4130,2021-06-21 19:57:00,PRTA
49.47,49.52,49.44,49.4629,5657,2021-06-21 19:58:00,PRTA
49.49,49.49,49.26,49.26,23824,2021-06-21 19:59:00,PRTA
49.41,49.41,49.41,49.41,27189,2021-06-21 20:00:00,PRTA
49.41,49.41,49.41,49.41,1427,2021-06-21 20:01:00,PRTA
49.41,49.41,49.41,49.41,6062,2021-06-21 21:08:00,PRTA
49.11,49.46,49.11,49.46,4913,2021-06-22 13:30:00,PRTA
49.13,49.13,49.13,49.13,100,2021-06-22 13:31:00,PRTA
48.92,48.92,48.44,48.45,1500,2021-06-22 13:32:00,PRTA
48.31,48.73,48.06,48.06,959,2021-06-22 13:33:00,PRTA
48.08,48.5,48.08,48.08,1757,2021-06-22 13:34:00,PRTA
48.48,48.48,48.08,48.08,600,2021-06-22 13:35:00,PRTA
48.1,48.1,48.1,48.1,100,2021-06-22 13:36:00,PRTA
48.01,48.67,48.01,48.64,9001,2021-06-22 13:37:00,PRTA
48.2738,48.43,48.2738,48.43,200,2021-06-22 13:38:00,PRTA
48.43,48.63,48.17,48.17,400,2021-06-22 13:39:00,PRTA
48.19,48.19,48.19,48.19,100,2021-06-22 13:40:00,PRTA
48.22,48.29,48.145,48.29,3100,2021-06-22 13:42:00,PRTA
48.02,48.5,48.02,48.1892,913,2021-06-22 13:43:00,PRTA
48.6925,48.74,48.405,48.74,5196,2021-06-22 13:44:00,PRTA
48.43,48.43,48.43,48.43,2600,2021-06-22 13:45:00,PRTA
48.43,48.85,48.43,48.47,3089,2021-06-22 13:46:00,PRTA
48.84,49.3,48.84,49.3,6828,2021-06-22 13:47:00,PRTA
48.9621,48.9621,48.72,48.72,3300,2021-06-22 13:48:00,PRTA
48.67,48.67,48.67,48.67,100,2021-06-22 13:49:00,PRTA
48.661,49.012,48.52,48.52,3004,2021-06-22 13:50:00,PRTA
48.85,48.9,48.4,48.9,5600,2021-06-22 13:51:00,PRTA
48.83,48.83,48.66,48.66,800,2021-06-22 13:52:00,PRTA
48.49,48.89,48.49,48.685,2905,2021-06-22 13:53:00,PRTA
48.685,48.84,48.5,48.69,3500,2021-06-22 13:54:00,PRTA
48.69,48.695,48.69,48.695,300,2021-06-22 13:55:00,PRTA
48.66,48.8586,48.66,48.8291,5000,2021-06-22 13:56:00,PRTA
48.675,48.675,48.45,48.45,500,2021-06-22 13:57:00,PRTA
48.41,48.63,48.41,48.63,203,2021-06-22 13:58:00,PRTA
48.4,48.46,48.275,48.44,2400,2021-06-22 13:59:00,PRTA
48.13,48.33,48.13,48.245,2882,2021-06-22 14:00:00,PRTA
48.04,48.215,47.92,48.16,8200,2021-06-22 14:01:00,PRTA
48.3,48.3,48.04,48.18,400,2021-06-22 14:02:00,PRTA
48.05,48.05,48.01,48.01,200,2021-06-22 14:03:00,PRTA
47.89,47.92,47.87,47.87,300,2021-06-22 14:04:00,PRTA
47.89,47.89,47.87,47.88,520,2021-06-22 14:05:00,PRTA
47.89,48.035,47.88,47.88,400,2021-06-22 14:06:00,PRTA
47.94,48.055,47.93,48.055,400,2021-06-22 14:07:00,PRTA
48.055,48.055,47.84,47.84,518,2021-06-22 14:08:00,PRTA
47.63,47.77,47.5,47.53,1600,2021-06-22 14:09:00,PRTA
47.44,47.44,47.44,47.44,100,2021-06-22 14:10:00,PRTA
47.42,47.52,47.26,47.26,500,2021-06-22 14:11:00,PRTA
47.25,47.415,47.25,47.26,5453,2021-06-22 14:12:00,PRTA
47.28,47.2954,47.28,47.2954,700,2021-06-22 14:13:00,PRTA
47.25,47.504,47.25,47.26,700,2021-06-22 14:14:00,PRTA
47.26,47.26,47.24,47.24,500,2021-06-22 14:15:00,PRTA
47.305,47.305,47.11,47.11,500,2021-06-22 14:16:00,PRTA
47.12,47.147,47.12,47.14,300,2021-06-22 14:17:00,PRTA
47.11,47.26,47.0,47.0,3234,2021-06-22 14:18:00,PRTA
46.87,46.87,46.87,46.87,100,2021-06-22 14:19:00,PRTA
46.87,47.09,46.87,46.89,300,2021-06-22 14:20:00,PRTA
47.095,47.31,46.88,47.01,8728,2021-06-22 14:21:00,PRTA
47.145,47.145,47.02,47.02,1150,2021-06-22 14:22:00,PRTA
47.03,47.03,46.72,46.72,1600,2021-06-22 14:23:00,PRTA
46.785,46.89,46.72,46.87,3704,2021-06-22 14:24:00,PRTA
46.83,46.87,46.83,46.87,200,2021-06-22 14:25:00,PRTA
46.68,46.68,46.4924,46.58,6271,2021-06-22 14:26:00,PRTA
46.58,46.58,46.58,46.58,204,2021-06-22 14:27:00,PRTA
46.6092,46.71,46.5871,46.5871,850,2021-06-22 14:28:00,PRTA
46.49,46.49,46.49,46.49,100,2021-06-22 14:30:00,PRTA
46.44,46.44,46.41,46.41,200,2021-06-22 14:31:00,PRTA
46.58,46.58,46.37,46.37,400,2021-06-22 14:32:00,PRTA
46.05,46.05,46.05,46.05,100,2021-06-22 14:33:00,PRTA
46.11,46.11,45.91,45.91,1135,2021-06-22 14:34:00,PRTA
45.9475,46.015,45.91,45.91,500,2021-06-22 14:35:00,PRTA
45.9305,45.9305,45.9,45.9,254,2021-06-22 14:36:00,PRTA
45.88,46.11,45.8,46.11,1300,2021-06-22 14:37:00,PRTA
45.95,45.99,45.905,45.9431,1676,2021-06-22 14:38:00,PRTA
46.03,46.34,45.935,46.34,4200,2021-06-22 14:40:00,PRTA
46.47,46.6,46.4356,46.46,3100,2021-06-22 14:41:00,PRTA
46.5999,46.5999,46.455,46.455,22070,2021-06-22 14:42:00,PRTA
46.455,46.455,46.455,46.455,100,2021-06-22 14:43:00,PRTA
46.6,46.67,46.6,46.67,2715,2021-06-22 14:44:00,PRTA
46.56,46.56,46.56,46.56,200,2021-06-22 14:45:00,PRTA
46.58,46.81,46.58,46.81,300,2021-06-22 14:46:00,PRTA
46.57,46.57,46.48,46.48,800,2021-06-22 14:48:00,PRTA
46.34,46.34,46.34,46.34,100,2021-06-22 14:49:00,PRTA
46.16,46.16,46.16,46.16,100,2021-06-22 14:50:00,PRTA
46.13,46.34,46.13,46.34,200,2021-06-22 14:51:00,PRTA
46.18,46.18,46.18,46.18,100,2021-06-22 14:52:00,PRTA
46.16,46.38,46.16,46.38,1600,2021-06-22 14:53:00,PRTA
46.22,46.51,46.22,46.51,400,2021-06-22 14:54:00,PRTA
46.365,46.55,46.22,46.22,914,2021-06-22 14:55:00,PRTA
46.24,46.24,46.24,46.24,100,2021-06-22 14:56:00,PRTA
46.25,46.25,46.25,46.25,200,2021-06-22 14:57:00,PRTA
46.3798,46.3798,46.24,46.24,300,2021-06-22 14:58:00,PRTA
46.2937,46.39,46.24,46.39,300,2021-06-22 14:59:00,PRTA
46.25,46.32,46.24,46.28,1100,2021-06-22 15:00:00,PRTA
46.28,46.28,46.28,46.28,100,2021-06-22 15:01:00,PRTA
46.24,46.24,46.18,46.18,200,2021-06-22 15:02:00,PRTA
46.25,46.25,46.24,46.24,200,2021-06-22 15:03:00,PRTA
46.19,46.25,46.0401,46.0401,1000,2021-06-22 15:05:00,PRTA
46.06,46.06,46.05,46.05,200,2021-06-22 15:06:00,PRTA
46.05,46.05,46.04,46.04,200,2021-06-22 15:07:00,PRTA
46.05,46.0967,45.985,46.09,1360,2021-06-22 15:08:00,PRTA
46.095,46.26,46.095,46.19,7576,2021-06-22 15:09:00,PRTA
46.185,46.36,46.185,46.36,786,2021-06-22 15:10:00,PRTA
46.47,46.47,46.22,46.22,200,2021-06-22 15:11:00,PRTA
46.23,46.23,46.23,46.23,100,2021-06-22 15:13:00,PRTA
46.22,46.22,46.22,46.22,100,2021-06-22 15:14:00,PRTA
46.21,46.21,46.21,46.21,111,2021-06-22 15:15:00,PRTA
46.11,46.175,46.11,46.11,300,2021-06-22 15:16:00,PRTA
46.1,46.1,46.1,46.1,1000,2021-06-22 15:17:00,PRTA
45.99,45.99,45.99,45.99,100,2021-06-22 15:19:00,PRTA
45.97,46.18,45.97,46.14,1300,2021-06-22 15:20:00,PRTA
46.09,46.09,46.02,46.02,444,2021-06-22 15:22:00,PRTA
46.0,46.01,45.96,45.99,1000,2021-06-22 15:23:00,PRTA
45.92,45.92,45.92,45.92,100,2021-06-22 15:24:00,PRTA
46.0,46.3,45.9325,46.25,7811,2021-06-22 15:25:00,PRTA
46.35,46.38,46.35,46.38,550,2021-06-22 15:26:00,PRTA
46.52,46.8285,46.52,46.8285,1660,2021-06-22 15:27:00,PRTA
46.745,46.76,46.53,46.69,2000,2021-06-22 15:28:00,PRTA
46.67,46.6894,46.5,46.5494,1000,2021-06-22 15:29:00,PRTA
46.515,46.515,46.47,46.47,200,2021-06-22 15:30:00,PRTA
46.47,46.51,46.46,46.46,1221,2021-06-22 15:31:00,PRTA
46.3,46.3,46.3,46.3,100,2021-06-22 15:33:00,PRTA
46.27,46.28,46.27,46.28,200,2021-06-22 15:34:00,PRTA
46.22,46.36,46.04,46.36,2759,2021-06-22 15:35:00,PRTA
46.24,46.24,46.21,46.21,1600,2021-06-22 15:37:00,PRTA
46.065,46.0983,46.0,46.0,740,2021-06-22 15:39:00,PRTA
45.98,45.98,45.98,45.98,280,2021-06-22 15:40:00,PRTA
45.965,46.06,45.96,46.06,979,2021-06-22 15:42:00,PRTA
46.04,46.04,46.02,46.02,200,2021-06-22 15:43:00,PRTA
45.94,45.94,45.94,45.94,100,2021-06-22 15:47:00,PRTA
46.0,46.08,46.0,46.08,300,2021-06-22 15:48:00,PRTA
46.0,46.0,46.0,46.0,200,2021-06-22 15:49:00,PRTA
45.995,45.995,45.995,45.995,100,2021-06-22 15:50:00,PRTA
45.955,46.15,45.9,46.15,4887,2021-06-22 15:51:00,PRTA
46.1391,46.31,46.1391,46.305,577,2021-06-22 15:52:00,PRTA
46.315,46.315,46.15,46.15,1600,2021-06-22 15:53:00,PRTA
46.11,46.13,46.11,46.13,400,2021-06-22 15:56:00,PRTA
46.0,46.01,46.0,46.01,300,2021-06-22 15:57:00,PRTA
45.9,45.99,45.9,45.99,2228,2021-06-22 15:58:00,PRTA
45.87,45.96,45.8,45.88,2700,2021-06-22 16:00:00,PRTA
45.89,46.0,45.89,46.0,1805,2021-06-22 16:01:00,PRTA
46.2,46.2,46.14,46.14,600,2021-06-22 16:02:00,PRTA
45.99,45.99,45.95,45.95,300,2021-06-22 16:03:00,PRTA
45.97,45.97,45.97,45.97,100,2021-06-22 16:04:00,PRTA
46.06,46.06,46.06,46.06,400,2021-06-22 16:07:00,PRTA
46.085,46.085,46.01,46.01,516,2021-06-22 16:08:00,PRTA
46.0,46.0,46.0,46.0,100,2021-06-22 16:09:00,PRTA
46.2899,46.2899,46.2899,46.2899,100,2021-06-22 16:10:00,PRTA
46.155,46.155,46.0401,46.0401,899,2021-06-22 16:11:00,PRTA
46.06,46.06,45.93,45.93,1743,2021-06-22 16:12:00,PRTA
45.93,45.93,45.93,45.93,100,2021-06-22 16:13:00,PRTA
46.0,46.19,46.0,46.1,782,2021-06-22 16:14:00,PRTA
46.09,46.09,45.99,46.0237,500,2021-06-22 16:15:00,PRTA
46.03,46.03,46.03,46.03,100,2021-06-22 16:17:00,PRTA
46.02,46.02,46.0,46.0,200,2021-06-22 16:19:00,PRTA
46.0,46.0,46.0,46.0,100,2021-06-22 16:20:00,PRTA
46.025,46.025,46.025,46.025,100,2021-06-22 16:21:00,PRTA
45.98,46.0084,45.96,46.0084,400,2021-06-22 16:22:00,PRTA
45.92,45.98,45.91,45.98,400,2021-06-22 16:23:00,PRTA
45.9,45.9145,45.7625,45.79,1947,2021-06-22 16:25:00,PRTA
45.92,45.94,45.92,45.94,4409,2021-06-22 16:26:00,PRTA
45.82,45.91,45.82,45.91,200,2021-06-22 16:28:00,PRTA
45.81,45.81,45.8,45.8,300,2021-06-22 16:29:00,PRTA
45.79,45.79,45.79,45.79,100,2021-06-22 16:30:00,PRTA
45.8,45.88,45.8,45.88,220,2021-06-22 16:31:00,PRTA
45.78,45.78,45.78,45.78,100,2021-06-22 16:32:00,PRTA
45.92,45.92,45.76,45.76,1431,2021-06-22 16:33:00,PRTA
45.825,45.95,45.825,45.94,2400,2021-06-22 16:36:00,PRTA
45.93,45.93,45.81,45.83,300,2021-06-22 16:37:00,PRTA
45.76,45.76,45.76,45.76,100,2021-06-22 16:38:00,PRTA
45.87,45.87,45.76,45.76,300,2021-06-22 16:39:00,PRTA
45.83,45.83,45.775,45.775,200,2021-06-22 16:40:00,PRTA
45.66,45.72,45.64,45.72,528,2021-06-22 16:41:00,PRTA
45.66,45.66,45.66,45.66,200,2021-06-22 16:42:00,PRTA
45.72,45.72,45.64,45.64,580,2021-06-22 16:43:00,PRTA
45.66,45.73,45.65,45.73,300,2021-06-22 16:44:00,PRTA
45.75,45.75,45.75,45.75,173,2021-06-22 16:45:00,PRTA
45.65,45.65,45.65,45.65,100,2021-06-22 16:46:00,PRTA
45.82,45.82,45.82,45.82,100,2021-06-22 16:47:00,PRTA
45.835,45.85,45.76,45.85,1200,2021-06-22 16:49:00,PRTA
45.865,45.865,45.85,45.85,470,2021-06-22 16:51:00,PRTA
45.91,45.91,45.81,45.89,700,2021-06-22 16:52:00,PRTA
45.83,45.83,45.83,45.83,100,2021-06-22 16:53:00,PRTA
45.78,45.78,45.78,45.78,100,2021-06-22 16:54:00,PRTA
45.77,45.85,45.73,45.82,2255,2021-06-22 16:56:00,PRTA
45.75,45.82,45.75,45.82,300,2021-06-22 16:57:00,PRTA
45.75,45.79,45.67,45.67,900,2021-06-22 16:58:00,PRTA
45.63,45.67,45.5,45.5,1011,2021-06-22 16:59:00,PRTA
45.475,45.56,45.475,45.55,1020,2021-06-22 17:01:00,PRTA
45.48,45.48,45.46,45.46,400,2021-06-22 17:02:00,PRTA
45.42,45.42,45.4,45.4,330,2021-06-22 17:03:00,PRTA
45.3253,45.3253,45.3253,45.3253,200,2021-06-22 17:04:00,PRTA
45.44,45.44,45.38,45.38,500,2021-06-22 17:05:00,PRTA
45.36,45.38,45.31,45.31,900,2021-06-22 17:07:00,PRTA
45.24,45.24,45.24,45.24,100,2021-06-22 17:08:00,PRTA
45.3299,45.33,45.25,45.33,800,2021-06-22 17:09:00,PRTA
45.36,45.36,45.36,45.36,297,2021-06-22 17:10:00,PRTA
45.36,45.37,45.36,45.37,223,2021-06-22 17:11:00,PRTA
45.49,45.49,45.4,45.4,200,2021-06-22 17:12:00,PRTA
45.42,45.71,45.42,45.71,12910,2021-06-22 17:14:00,PRTA
45.71,46.02,45.71,46.02,7656,2021-06-22 17:15:00,PRTA
46.065,46.19,46.065,46.105,3360,2021-06-22 17:16:00,PRTA
46.105,46.105,45.91,46.01,3434,2021-06-22 17:17:00,PRTA
45.86,45.86,45.86,45.86,400,2021-06-22 17:18:00,PRTA
45.98,46.1198,45.98,46.1198,908,2021-06-22 17:19:00,PRTA
46.17,46.17,46.033,46.0789,1025,2021-06-22 17:21:00,PRTA
46.17,46.17,46.17,46.17,100,2021-06-22 17:22:00,PRTA
46.19,46.235,46.11,46.11,2952,2021-06-22 17:23:00,PRTA
46.32,46.32,46.32,46.32,100,2021-06-22 17:25:00,PRTA
46.31,46.64,46.22,46.64,8252,2021-06-22 17:26:00,PRTA
46.64,46.64,46.6,46.6,3400,2021-06-22 17:27:00,PRTA
46.62,47.08,46.62,46.94,5354,2021-06-22 17:29:00,PRTA
46.91,46.91,46.9,46.9,808,2021-06-22 17:30:00,PRTA
46.83,46.83,46.83,46.83,200,2021-06-22 17:31:00,PRTA
46.87,46.87,46.76,46.81,700,2021-06-22 17:32:00,PRTA
46.74,46.77,46.71,46.71,521,2021-06-22 17:33:00,PRTA
46.7096,46.74,46.69,46.74,510,2021-06-22 17:34:00,PRTA
46.75,46.75,46.75,46.75,200,2021-06-22 17:35:00,PRTA
46.8,46.8,46.68,46.71,1800,2021-06-22 17:36:00,PRTA
46.68,46.68,46.6503,46.6503,300,2021-06-22 17:37:00,PRTA
46.65,46.65,46.65,46.65,100,2021-06-22 17:39:00,PRTA
46.64,46.64,46.41,46.41,2220,2021-06-22 17:40:00,PRTA
46.395,46.395,46.395,46.395,100,2021-06-22 17:41:00,PRTA
46.34,46.395,46.34,46.395,246,2021-06-22 17:43:00,PRTA
46.34,46.34,46.33,46.33,200,2021-06-22 17:44:00,PRTA
46.46,46.46,46.34,46.34,200,2021-06-22 17:46:00,PRTA
46.34,46.34,46.22,46.22,300,2021-06-22 17:49:00,PRTA
46.29,46.32,46.26,46.26,1046,2021-06-22 17:51:00,PRTA
46.23,46.365,46.22,46.365,700,2021-06-22 17:53:00,PRTA
46.24,46.24,46.24,46.24,1200,2021-06-22 17:54:00,PRTA
46.06,46.06,45.88,45.88,1663,2021-06-22 17:56:00,PRTA
45.87,45.93,45.845,45.93,600,2021-06-22 17:57:00,PRTA
45.83,45.87,45.83,45.84,400,2021-06-22 17:58:00,PRTA
45.87,45.87,45.74,45.77,500,2021-06-22 17:59:00,PRTA
45.72,45.72,45.71,45.71,200,2021-06-22 18:00:00,PRTA
45.71,45.71,45.71,45.71,100,2021-06-22 18:01:00,PRTA
45.807,45.807,45.807,45.807,500,2021-06-22 18:02:00,PRTA
45.81,45.81,45.81,45.81,100,2021-06-22 18:03:00,PRTA
45.9,46.09,45.9,46.005,7442,2021-06-22 18:04:00,PRTA
45.92,45.92,45.91,45.91,1700,2021-06-22 18:05:00,PRTA
45.94,45.98,45.94,45.98,425,2021-06-22 18:07:00,PRTA
45.95,46.0,45.95,45.976,1304,2021-06-22 18:08:00,PRTA
46.0,46.0,45.83,45.83,1500,2021-06-22 18:09:00,PRTA
45.81,45.81,45.76,45.76,600,2021-06-22 18:10:00,PRTA
45.81,45.94,45.81,45.94,1070,2021-06-22 18:11:00,PRTA
45.86,45.925,45.85,45.925,500,2021-06-22 18:12:00,PRTA
45.94,45.97,45.81,45.82,1900,2021-06-22 18:14:00,PRTA
45.79,45.79,45.78,45.79,300,2021-06-22 18:15:00,PRTA
45.79,45.86,45.79,45.86,1100,2021-06-22 18:16:00,PRTA
45.76,45.79,45.76,45.79,325,2021-06-22 18:17:00,PRTA
45.73,45.8952,45.73,45.8952,310,2021-06-22 18:18:00,PRTA
45.72,45.9299,45.67,45.9299,4400,2021-06-22 18:19:00,PRTA
45.6601,45.715,45.44,45.5,5108,2021-06-22 18:20:00,PRTA
45.575,45.72,45.575,45.6,1320,2021-06-22 18:21:00,PRTA
45.58,45.58,45.58,45.58,400,2021-06-22 18:23:00,PRTA
45.58,45.58,45.52,45.52,200,2021-06-22 18:24:00,PRTA
45.56,45.56,45.54,45.54,400,2021-06-22 18:26:00,PRTA
45.49,45.49,45.48,45.48,300,2021-06-22 18:27:00,PRTA
45.49,45.515,45.44,45.455,1100,2021-06-22 18:28:00,PRTA
45.51,45.55,45.488,45.515,429,2021-06-22 18:29:00,PRTA
45.42,45.42,45.4,45.4,200,2021-06-22 18:31:00,PRTA
45.43,45.47,45.43,45.465,13376,2021-06-22 18:32:00,PRTA
45.45,45.455,45.4,45.4,10300,2021-06-22 18:33:00,PRTA
45.445,45.445,45.445,45.445,8400,2021-06-22 18:34:00,PRTA
45.36,45.36,45.36,45.36,100,2021-06-22 18:35:00,PRTA
45.49,45.6,45.49,45.6,1620,2021-06-22 18:36:00,PRTA
45.595,45.595,45.47,45.47,900,2021-06-22 18:37:00,PRTA
45.39,45.4,45.37,45.37,765,2021-06-22 18:38:00,PRTA
45.34,45.34,45.34,45.34,200,2021-06-22 18:39:00,PRTA
45.28,45.28,45.28,45.28,300,2021-06-22 18:40:00,PRTA
45.25,45.28,45.25,45.27,2339,2021-06-22 18:41:00,PRTA
45.26,45.26,45.2,45.2,750,2021-06-22 18:42:00,PRTA
45.14,45.14,45.03,45.055,1204,2021-06-22 18:43:00,PRTA
45.095,45.095,44.87,44.9103,5283,2021-06-22 18:44:00,PRTA
44.89,45.08,44.84,45.04,3453,2021-06-22 18:45:00,PRTA
45.1,45.1294,45.1,45.1294,363,2021-06-22 18:46:00,PRTA
45.16,45.16,45.15,45.15,200,2021-06-22 18:47:00,PRTA
45.14,45.2199,45.02,45.02,1000,2021-06-22 18:48:00,PRTA
45.05,45.05,45.0,45.0,400,2021-06-22 18:49:00,PRTA
45.045,45.045,44.9027,44.92,2300,2021-06-22 18:50:00,PRTA
45.12,45.14,45.0,45.13,1445,2021-06-22 18:51:00,PRTA
45.03,45.15,45.02,45.15,2362,2021-06-22 18:52:00,PRTA
45.2,45.28,45.2,45.2276,400,2021-06-22 18:53:00,PRTA
45.27,45.28,45.1,45.15,1300,2021-06-22 18:54:00,PRTA
45.12,45.12,45.11,45.11,1000,2021-06-22 18:55:00,PRTA
45.031,45.175,45.031,45.175,234,2021-06-22 18:56:00,PRTA
45.04,45.04,45.03,45.03,758,2021-06-22 18:57:00,PRTA
45.03,45.13,45.02,45.13,400,2021-06-22 18:58:00,PRTA
45.065,45.065,45.065,45.065,100,2021-06-22 18:59:00,PRTA
44.93,44.93,44.93,44.93,100,2021-06-22 19:00:00,PRTA
44.9525,44.9525,44.9525,44.9525,100,2021-06-22 19:01:00,PRTA
45.035,45.035,45.035,45.035,100,2021-06-22 19:02:00,PRTA
44.92,44.92,44.92,44.92,100,2021-06-22 19:03:00,PRTA
44.91,44.9595,44.91,44.91,400,2021-06-22 19:04:00,PRTA
45.06,45.25,45.03,45.25,3263,2021-06-22 19:06:00,PRTA
45.245,45.245,45.245,45.245,100,2021-06-22 19:07:00,PRTA
45.28,45.3655,45.17,45.3655,1022,2021-06-22 19:08:00,PRTA
45.31,45.31,45.275,45.275,600,2021-06-22 19:09:00,PRTA
45.18,45.18,45.17,45.18,500,2021-06-22 19:11:00,PRTA
45.265,45.36,45.16,45.26,500,2021-06-22 19:12:00,PRTA
45.29,45.29,45.29,45.29,100,2021-06-22 19:13:00,PRTA
45.29,45.31,45.27,45.31,900,2021-06-22 19:14:00,PRTA
45.305,45.44,45.305,45.44,1961,2021-06-22 19:15:00,PRTA
45.27,45.4917,45.27,45.4917,350,2021-06-22 19:16:00,PRTA
45.445,45.445,45.445,45.445,100,2021-06-22 19:17:00,PRTA
45.445,45.445,45.445,45.445,200,2021-06-22 19:18:00,PRTA
45.44,45.44,45.28,45.28,1000,2021-06-22 19:19:00,PRTA
45.315,45.315,45.16,45.245,2302,2021-06-22 19:20:00,PRTA
45.24,45.24,45.24,45.24,100,2021-06-22 19:21:00,PRTA
45.15,45.15,45.13,45.13,500,2021-06-22 19:22:00,PRTA
45.21,45.21,45.13,45.15,600,2021-06-22 19:23:00,PRTA
45.05,45.09,45.05,45.0568,400,2021-06-22 19:24:00,PRTA
45.08,45.15,45.02,45.02,2128,2021-06-22 19:25:00,PRTA
45.02,45.02,45.02,45.02,100,2021-06-22 19:26:00,PRTA
45.01,45.1,44.98,45.1,400,2021-06-22 19:27:00,PRTA
44.99,45.11,44.98,45.01,700,2021-06-22 19:28:00,PRTA
45.01,45.04,45.01,45.04,200,2021-06-22 19:29:00,PRTA
45.0,45.1567,45.0,45.12,700,2021-06-22 19:30:00,PRTA
45.25,45.3,45.125,45.125,3400,2021-06-22 19:31:00,PRTA
45.28,45.28,45.28,45.28,100,2021-06-22 19:32:00,PRTA
45.2,45.22,45.145,45.145,600,2021-06-22 19:33:00,PRTA
45.145,45.22,45.145,45.15,976,2021-06-22 19:34:00,PRTA
45.2,45.2,45.06,45.06,1286,2021-06-22 19:35:00,PRTA
45.06,45.07,44.99,44.99,500,2021-06-22 19:36:00,PRTA
45.13,45.13,44.98,45.02,1147,2021-06-22 19:37:00,PRTA
45.06,45.15,44.96,45.15,6952,2021-06-22 19:38:00,PRTA
45.2,45.2,45.02,45.115,2721,2021-06-22 19:39:00,PRTA
45.115,45.29,45.11,45.15,6293,2021-06-22 19:40:00,PRTA
45.245,45.245,45.235,45.24,743,2021-06-22 19:41:00,PRTA
45.32,45.32,45.08,45.08,1628,2021-06-22 19:42:00,PRTA
45.245,45.39,45.245,45.39,400,2021-06-22 19:43:00,PRTA
45.26,45.58,45.26,45.55,1584,2021-06-22 19:44:00,PRTA
45.58,45.58,45.34,45.35,1773,2021-06-22 19:45:00,PRTA
45.385,45.385,45.23,45.23,336,2021-06-22 19:46:00,PRTA
45.25,45.5,45.25,45.27,1285,2021-06-22 19:47:00,PRTA
45.27,45.42,45.26,45.36,4155,2021-06-22 19:48:00,PRTA
45.355,45.355,45.21,45.21,2661,2021-06-22 19:49:00,PRTA
45.19,45.37,45.19,45.2,2154,2021-06-22 19:50:00,PRTA
45.29,45.38,45.15,45.185,7298,2021-06-22 19:51:00,PRTA
45.14,45.27,45.1,45.13,15479,2021-06-22 19:52:00,PRTA
45.2,45.27,45.12,45.21,3410,2021-06-22 19:53:00,PRTA
45.195,45.24,45.11,45.14,5641,2021-06-22 19:54:00,PRTA
45.13,45.35,45.12,45.32,7425,2021-06-22 19:55:00,PRTA
45.28,45.45,45.18,45.31,6355,2021-06-22 19:56:00,PRTA
45.31,45.41,45.09,45.19,12667,2021-06-22 19:57:00,PRTA
45.195,45.33,45.11,45.26,7329,2021-06-22 19:58:00,PRTA
45.22,45.475,45.22,45.47,7599,2021-06-22 19:59:00,PRTA
45.33,45.33,45.33,45.33,29922,2021-06-22 20:00:00,PRTA
45.33,45.33,45.33,45.33,2185,2021-06-22 21:24:00,PRTA
45.5,45.5,45.5,45.5,100,2021-06-22 22:03:00,PRTA
45.76,47.17,45.76,46.5085,4439,2021-06-23 13:30:00,PRTA
46.585,46.585,46.585,46.585,119,2021-06-23 13:31:00,PRTA
46.415,46.415,45.405,46.38,654,2021-06-23 13:32:00,PRTA
46.82,46.82,46.82,46.82,100,2021-06-23 13:33:00,PRTA
47.09,47.09,47.09,47.09,100,2021-06-23 13:34:00,PRTA
46.89,47.44,46.65,47.44,8074,2021-06-23 13:36:00,PRTA
47.0,47.47,47.0,47.47,727,2021-06-23 13:37:00,PRTA
47.125,47.125,47.125,47.125,346,2021-06-23 13:38:00,PRTA
47.0,47.0,47.0,47.0,100,2021-06-23 13:39:00,PRTA
46.999,46.999,46.999,46.999,100,2021-06-23 13:41:00,PRTA
46.51,46.51,46.46,46.47,400,2021-06-23 13:42:00,PRTA
47.1533,47.1533,47.075,47.075,300,2021-06-23 13:45:00,PRTA
47.45,47.45,47.0,47.23,2500,2021-06-23 13:46:00,PRTA
47.0,47.2612,47.0,47.2612,438,2021-06-23 13:47:00,PRTA
47.3366,47.3366,47.3366,47.3366,500,2021-06-23 13:49:00,PRTA
47.19,47.19,47.19,47.19,100,2021-06-23 13:50:00,PRTA
47.05,47.05,47.04,47.04,200,2021-06-23 13:52:00,PRTA
47.15,47.15,46.92,46.97,1000,2021-06-23 13:53:00,PRTA
46.84,46.87,46.76,46.85,600,2021-06-23 13:54:00,PRTA
46.88,46.88,46.634,46.88,665,2021-06-23 13:55:00,PRTA
46.744,47.01,46.6338,47.01,600,2021-06-23 13:56:00,PRTA
47.01,47.01,46.94,46.94,300,2021-06-23 13:57:00,PRTA
46.83,46.95,46.81,46.95,500,2021-06-23 13:58:00,PRTA
46.59,46.59,46.59,46.59,200,2021-06-23 14:01:00,PRTA
46.54,46.71,46.54,46.71,300,2021-06-23 14:02:00,PRTA
46.71,46.71,46.71,46.71,200,2021-06-23 14:03:00,PRTA
46.56,46.95,46.45,46.95,6335,2021-06-23 14:04:00,PRTA
46.82,47.07,46.82,47.0,5160,2021-06-23 14:05:00,PRTA
47.13,47.27,46.885,46.99,722,2021-06-23 14:06:00,PRTA
46.76,46.9275,46.76,46.855,606,2021-06-23 14:08:00,PRTA
46.925,46.925,46.5,46.64,1318,2021-06-23 14:09:00,PRTA
46.605,46.605,46.605,46.605,100,2021-06-23 14:10:00,PRTA
46.42,46.505,46.41,46.505,800,2021-06-23 14:11:00,PRTA
46.38,46.8,46.38,46.8,350,2021-06-23 14:13:00,PRTA
46.71,46.79,46.65,46.65,457,2021-06-23 14:14:00,PRTA
46.74,46.8,46.735,46.735,400,2021-06-23 14:15:00,PRTA
46.72,46.75,46.55,46.71,1578,2021-06-23 14:16:00,PRTA
46.56,46.7,46.51,46.6294,1228,2021-06-23 14:17:00,PRTA
46.59,46.64,46.51,46.5964,1500,2021-06-23 14:18:00,PRTA
46.6,46.78,46.6,46.675,2475,2021-06-23 14:19:00,PRTA
46.67,46.88,46.67,46.7952,1200,2021-06-23 14:20:00,PRTA
46.87,46.89,46.82,46.82,900,2021-06-23 14:21:00,PRTA
46.83,46.98,46.83,46.98,500,2021-06-23 14:22:00,PRTA
46.81,46.865,46.81,46.81,689,2021-06-23 14:23:00,PRTA
46.86,46.97,46.86,46.97,683,2021-06-23 14:24:00,PRTA
46.94,46.94,46.94,46.94,600,2021-06-23 14:25:00,PRTA
47.14,47.21,47.01,47.11,1400,2021-06-23 14:26:00,PRTA
47.16,47.16,47.06,47.06,200,2021-06-23 14:27:00,PRTA
47.11,47.11,47.11,47.11,367,2021-06-23 14:28:00,PRTA
47.255,47.255,47.09,47.09,700,2021-06-23 14:29:00,PRTA
47.09,47.09,47.09,47.09,200,2021-06-23 14:30:00,PRTA
46.94,46.94,46.84,46.84,664,2021-06-23 14:32:00,PRTA
47.06,47.15,46.985,47.15,700,2021-06-23 14:33:00,PRTA
46.8,47.0564,46.8,47.0564,300,2021-06-23 14:34:00,PRTA
47.04,47.045,46.88,46.93,1400,2021-06-23 14:35:00,PRTA
47.06,47.0675,46.8872,46.99,1100,2021-06-23 14:36:00,PRTA
46.91,47.09,46.8501,46.97,900,2021-06-23 14:37:00,PRTA
46.84,46.9,46.83,46.9,531,2021-06-23 14:38:00,PRTA
46.94,46.94,46.8742,46.8742,246,2021-06-23 14:39:00,PRTA
46.845,46.85,46.83,46.83,1200,2021-06-23 14:40:00,PRTA
46.81,47.01,46.81,46.81,561,2021-06-23 14:41:00,PRTA
46.9092,46.9092,46.9092,46.9092,100,2021-06-23 14:43:00,PRTA
46.95,46.95,46.95,46.95,100,2021-06-23 14:44:00,PRTA
46.8,46.8,46.8,46.8,200,2021-06-23 14:45:00,PRTA
46.95,46.95,46.95,46.95,100,2021-06-23 14:46:00,PRTA
46.77,46.81,46.7,46.81,1352,2021-06-23 14:49:00,PRTA
46.75,46.75,46.75,46.75,100,2021-06-23 14:52:00,PRTA
46.82,47.05,46.8,47.05,2880,2021-06-23 14:53:00,PRTA
46.9,46.9,46.89,46.89,200,2021-06-23 14:54:00,PRTA
46.85,46.86,46.85,46.86,200,2021-06-23 14:56:00,PRTA
47.02,47.02,46.86,46.86,200,2021-06-23 14:58:00,PRTA
47.0,47.0,46.93,46.93,200,2021-06-23 14:59:00,PRTA
47.01,47.01,47.01,47.01,100,2021-06-23 15:00:00,PRTA
46.9,46.91,46.9,46.91,200,2021-06-23 15:01:00,PRTA
46.91,46.91,46.87,46.9,500,2021-06-23 15:02:00,PRTA
46.92,46.92,46.92,46.92,100,2021-06-23 15:03:00,PRTA
46.82,46.82,46.82,46.82,100,2021-06-23 15:04:00,PRTA
46.81,46.92,46.81,46.92,300,2021-06-23 15:05:00,PRTA
46.82,46.82,46.78,46.82,599,2021-06-23 15:06:00,PRTA
46.72,46.88,46.72,46.87,1000,2021-06-23 15:07:00,PRTA
46.65,46.92,46.65,46.92,200,2021-06-23 15:15:00,PRTA
47.0,47.0,46.965,46.965,1934,2021-06-23 15:16:00,PRTA
47.0,47.0,46.95,46.95,200,2021-06-23 15:18:00,PRTA
46.95,46.965,46.93,46.965,814,2021-06-23 15:20:00,PRTA
46.83,46.83,46.83,46.83,500,2021-06-23 15:28:00,PRTA
46.91,46.91,46.91,46.91,113,2021-06-23 15:29:00,PRTA
46.96,47.09,46.85,46.9388,2900,2021-06-23 15:30:00,PRTA
46.936,46.936,46.936,46.936,200,2021-06-23 15:32:00,PRTA
46.88,46.88,46.88,46.88,100,2021-06-23 15:33:00,PRTA
46.8,46.8,46.8,46.8,101,2021-06-23 15:34:00,PRTA
46.87,46.87,46.87,46.87,100,2021-06-23 15:37:00,PRTA
46.855,46.855,46.855,46.855,100,2021-06-23 15:39:00,PRTA
46.9135,46.9135,46.865,46.885,1600,2021-06-23 15:43:00,PRTA
46.95,46.97,46.92,46.96,510,2021-06-23 15:44:00,PRTA
46.97,46.97,46.87,46.905,1825,2021-06-23 15:45:00,PRTA
46.86,46.945,46.86,46.945,1400,2021-06-23 15:46:00,PRTA
46.925,46.925,46.925,46.925,300,2021-06-23 15:47:00,PRTA
46.92,47.0,46.9035,46.9375,600,2021-06-23 15:48:00,PRTA
46.93,47.0,46.93,47.0,913,2021-06-23 15:49:00,PRTA
47.015,47.015,47.01,47.01,300,2021-06-23 15:50:00,PRTA
47.01,47.01,47.01,47.01,100,2021-06-23 15:51:00,PRTA
47.0,47.065,47.0,47.065,400,2021-06-23 15:52:00,PRTA
47.04,47.09,47.04,47.06,402,2021-06-23 15:53:00,PRTA
47.11,47.23,47.1,47.22,2514,2021-06-23 15:54:00,PRTA
47.23,47.23,47.2,47.23,702,2021-06-23 15:55:00,PRTA
47.23,47.23,47.16,47.16,520,2021-06-23 15:56:00,PRTA
47.23,47.23,47.23,47.23,100,2021-06-23 15:58:00,PRTA
47.18,47.21,47.18,47.21,800,2021-06-23 15:59:00,PRTA
47.15,47.15,47.1006,47.1006,600,2021-06-23 16:00:00,PRTA
47.09,47.09,47.09,47.09,100,2021-06-23 16:01:00,PRTA
47.17,47.17,47.17,47.17,100,2021-06-23 16:02:00,PRTA
47.13,47.13,47.13,47.13,100,2021-06-23 16:04:00,PRTA
47.13,47.13,47.13,47.13,200,2021-06-23 16:06:00,PRTA
47.145,47.23,47.11,47.165,4800,2021-06-23 16:07:00,PRTA
47.17,47.315,47.15,47.22,6501,2021-06-23 16:08:00,PRTA
47.32,47.575,47.26,47.5304,4365,2021-06-23 16:09:00,PRTA
47.54,47.73,47.4604,47.73,720,2021-06-23 16:10:00,PRTA
47.68,47.71,47.68,47.71,300,2021-06-23 16:13:00,PRTA
47.7,47.7,47.7,47.7,100,2021-06-23 16:14:00,PRTA
47.77,47.78,47.77,47.78,300,2021-06-23 16:16:00,PRTA
47.94,47.94,47.94,47.94,100,2021-06-23 16:17:00,PRTA
47.94,48.02,47.94,48.02,1340,2021-06-23 16:18:00,PRTA
48.11,48.365,48.11,48.365,1766,2021-06-23 16:19:00,PRTA
48.32,48.32,48.1,48.23,1070,2021-06-23 16:20:00,PRTA
48.35,48.35,48.35,48.35,100,2021-06-23 16:21:00,PRTA
48.17,48.17,48.16,48.16,200,2021-06-23 16:22:00,PRTA
48.15,48.69,48.15,48.62,2818,2021-06-23 16:25:00,PRTA
48.39,48.39,48.39,48.39,350,2021-06-23 16:27:00,PRTA
48.6,48.6,48.6,48.6,100,2021-06-23 16:28:00,PRTA
48.65,48.65,48.52,48.59,1005,2021-06-23 16:29:00,PRTA
48.64,48.64,48.52,48.52,600,2021-06-23 16:32:00,PRTA
48.75,48.75,48.75,48.75,100,2021-06-23 16:33:00,PRTA
48.75,48.75,48.7,48.7,202,2021-06-23 16:34:00,PRTA
48.7265,48.75,48.7265,48.73,1400,2021-06-23 16:35:00,PRTA
48.62,48.62,48.57,48.605,756,2021-06-23 16:36:00,PRTA
48.57,48.57,48.5629,48.5629,209,2021-06-23 16:37:00,PRTA
48.48,48.48,48.38,48.38,300,2021-06-23 16:38:00,PRTA
48.26,48.33,48.26,48.31,645,2021-06-23 16:39:00,PRTA
48.28,48.42,48.28,48.42,200,2021-06-23 16:40:00,PRTA
48.27,48.27,48.27,48.27,100,2021-06-23 16:41:00,PRTA
48.27,48.27,48.27,48.27,170,2021-06-23 16:42:00,PRTA
48.42,48.42,48.42,48.42,100,2021-06-23 16:43:00,PRTA
48.53,48.53,48.53,48.53,100,2021-06-23 16:45:00,PRTA
48.535,48.535,48.45,48.45,200,2021-06-23 16:48:00,PRTA
48.45,48.45,48.4,48.45,551,2021-06-23 16:49:00,PRTA
48.38,48.45,48.38,48.45,200,2021-06-23 16:50:00,PRTA
48.56,48.56,48.56,48.56,100,2021-06-23 16:52:00,PRTA
48.41,48.42,48.36,48.36,835,2021-06-23 16:56:00,PRTA
48.47,48.47,48.47,48.47,100,2021-06-23 16:57:00,PRTA
48.385,48.385,48.385,48.385,100,2021-06-23 16:58:00,PRTA
48.47,48.53,48.41,48.53,1606,2021-06-23 16:59:00,PRTA
48.5,48.58,48.47,48.58,800,2021-06-23 17:00:00,PRTA
48.57,48.57,48.57,48.57,100,2021-06-23 17:02:00,PRTA
48.48,48.48,48.48,48.48,100,2021-06-23 17:05:00,PRTA
48.55,48.55,48.55,48.55,200,2021-06-23 17:07:00,PRTA
48.55,48.66,48.55,48.66,628,2021-06-23 17:09:00,PRTA
48.7,48.7,48.7,48.7,100,2021-06-23 17:10:00,PRTA
48.6,48.65,48.58,48.65,400,2021-06-23 17:14:00,PRTA
48.65,48.65,48.65,48.65,100,2021-06-23 17:18:00,PRTA
48.75,48.83,48.75,48.83,870,2021-06-23 17:19:00,PRTA
48.8421,48.8421,48.8421,48.8421,120,2021-06-23 17:20:00,PRTA
49.0,49.0,48.97,48.97,400,2021-06-23 17:22:00,PRTA
48.9444,48.9444,48.9444,48.9444,100,2021-06-23 17:24:00,PRTA
48.905,49.04,48.905,49.03,1000,2021-06-23 17:26:00,PRTA
49.05,49.05,49.05,49.05,200,2021-06-23 17:28:00,PRTA
49.24,49.24,49.24,49.24,100,2021-06-23 17:29:00,PRTA
49.2192,49.2192,49.13,49.13,200,2021-06-23 17:31:00,PRTA
49.135,49.24,49.135,49.24,200,2021-06-23 17:34:00,PRTA
49.27,49.58,49.26,49.28,1995,2021-06-23 17:35:00,PRTA
49.56,49.62,49.51,49.56,3850,2021-06-23 17:37:00,PRTA
49.6,49.6,49.6,49.6,200,2021-06-23 17:38:00,PRTA
49.605,49.7,49.59,49.62,415,2021-06-23 17:40:00,PRTA
49.53,49.53,49.51,49.51,200,2021-06-23 17:42:00,PRTA
49.595,49.595,49.595,49.595,100,2021-06-23 17:43:00,PRTA
49.53,49.53,49.53,49.53,200,2021-06-23 17:44:00,PRTA
49.73,49.73,49.73,49.73,100,2021-06-23 17:46:00,PRTA
49.605,49.605,49.6,49.6,200,2021-06-23 17:47:00,PRTA
49.62,49.7,49.605,49.66,1168,2021-06-23 17:49:00,PRTA
49.66,49.66,49.66,49.66,200,2021-06-23 17:50:00,PRTA
49.645,49.645,49.645,49.645,100,2021-06-23 17:52:00,PRTA
49.65,49.65,49.635,49.635,1800,2021-06-23 17:54:00,PRTA
49.66,49.66,49.66,49.66,100,2021-06-23 17:55:00,PRTA
49.67,49.67,49.6,49.61,400,2021-06-23 17:57:00,PRTA
49.67,49.67,49.59,49.59,200,2021-06-23 17:58:00,PRTA
49.58,49.58,49.41,49.41,1133,2021-06-23 17:59:00,PRTA
49.475,49.48,49.41,49.445,400,2021-06-23 18:00:00,PRTA
49.44,49.5025,49.2655,49.31,5178,2021-06-23 18:01:00,PRTA
49.2733,49.36,49.2733,49.36,900,2021-06-23 18:02:00,PRTA
49.31,49.32,49.23,49.23,1594,2021-06-23 18:03:00,PRTA
49.17,49.17,49.17,49.17,200,2021-06-23 18:05:00,PRTA
49.18,49.18,49.18,49.18,243,2021-06-23 18:06:00,PRTA
49.11,49.24,49.05,49.24,1598,2021-06-23 18:08:00,PRTA
49.175,49.175,49.175,49.175,150,2021-06-23 18:09:00,PRTA
49.24,49.25,49.24,49.25,1004,2021-06-23 18:10:00,PRTA
49.21,49.21,49.2,49.21,400,2021-06-23 18:11:00,PRTA
49.24,49.24,49.24,49.24,100,2021-06-23 18:12:00,PRTA
49.17,49.2,49.15,49.15,800,2021-06-23 18:14:00,PRTA
49.11,49.11,49.03,49.065,600,2021-06-23 18:15:00,PRTA
49.02,49.02,49.02,49.02,200,2021-06-23 18:16:00,PRTA
48.9,48.945,48.89,48.945,300,2021-06-23 18:19:00,PRTA
48.86,48.86,48.86,48.86,100,2021-06-23 18:20:00,PRTA
48.84,48.94,48.84,48.94,400,2021-06-23 18:21:00,PRTA
48.86,48.86,48.86,48.86,200,2021-06-23 18:22:00,PRTA
48.84,48.84,48.71,48.71,867,2021-06-23 18:23:00,PRTA
48.71,48.71,48.64,48.64,200,2021-06-23 18:24:00,PRTA
48.6226,48.6226,48.6226,48.6226,1000,2021-06-23 18:25:00,PRTA
48.604,48.655,48.604,48.655,1100,2021-06-23 18:26:00,PRTA
48.64,48.7,48.64,48.7,300,2021-06-23 18:27:00,PRTA
48.69,48.69,48.69,48.69,100,2021-06-23 18:29:00,PRTA
48.73,48.765,48.675,48.675,500,2021-06-23 18:31:00,PRTA
48.76,48.78,48.75,48.78,1400,2021-06-23 18:32:00,PRTA
48.75,48.77,48.74,48.77,650,2021-06-23 18:33:00,PRTA
48.67,48.67,48.67,48.67,100,2021-06-23 18:34:00,PRTA
48.74,48.74,48.74,48.74,100,2021-06-23 18:37:00,PRTA
48.72,48.725,48.72,48.725,200,2021-06-23 18:38:00,PRTA
48.67,48.67,48.67,48.67,100,2021-06-23 18:39:00,PRTA
48.68,48.68,48.6315,48.6315,1200,2021-06-23 18:40:00,PRTA
48.62,48.62,48.62,48.62,171,2021-06-23 18:41:00,PRTA
48.6,48.62,48.6,48.62,200,2021-06-23 18:42:00,PRTA
48.65,48.79,48.65,48.79,1400,2021-06-23 18:43:00,PRTA
48.74,48.74,48.72,48.74,400,2021-06-23 18:44:00,PRTA
48.72,48.78,48.62,48.78,600,2021-06-23 18:45:00,PRTA
48.805,48.97,48.805,48.97,200,2021-06-23 18:46:00,PRTA
48.845,48.845,48.845,48.845,100,2021-06-23 18:47:00,PRTA
48.73,48.73,48.73,48.73,100,2021-06-23 18:48:00,PRTA
48.88,48.88,48.865,48.865,300,2021-06-23 18:50:00,PRTA
48.78,48.78,48.69,48.69,453,2021-06-23 18:51:00,PRTA
48.735,48.84,48.735,48.84,200,2021-06-23 18:53:00,PRTA
48.79,48.79,48.79,48.79,100,2021-06-23 18:54:00,PRTA
48.78,48.78,48.77,48.77,204,2021-06-23 18:56:00,PRTA
48.84,48.845,48.84,48.845,350,2021-06-23 18:58:00,PRTA
48.87,48.95,48.87,48.95,600,2021-06-23 18:59:00,PRTA
48.97,48.97,48.97,48.97,200,2021-06-23 19:00:00,PRTA
49.1,49.14,49.01,49.01,525,2021-06-23 19:01:00,PRTA
49.01,49.01,49.01,49.01,100,2021-06-23 19:03:00,PRTA
48.95,48.97,48.94,48.94,400,2021-06-23 19:04:00,PRTA
49.06,49.06,49.01,49.01,200,2021-06-23 19:06:00,PRTA
49.015,49.015,49.015,49.015,100,2021-06-23 19:07:00,PRTA
49.015,49.015,49.015,49.015,100,2021-06-23 19:08:00,PRTA
49.045,49.05,49.0119,49.05,300,2021-06-23 19:09:00,PRTA
49.04,49.04,49.035,49.035,204,2021-06-23 19:12:00,PRTA
49.105,49.105,49.0,49.0,300,2021-06-23 19:13:00,PRTA
49.01,49.01,49.01,49.01,200,2021-06-23 19:14:00,PRTA
49.0,49.04,48.97,49.04,490,2021-06-23 19:15:00,PRTA
48.9722,49.005,48.9722,49.005,600,2021-06-23 19:16:00,PRTA
49.005,49.005,48.86,48.945,2399,2021-06-23 19:17:00,PRTA
48.87,48.87,48.8601,48.8601,435,2021-06-23 19:19:00,PRTA
48.97,48.97,48.87,48.96,694,2021-06-23 19:20:00,PRTA
48.98,48.98,48.98,48.98,100,2021-06-23 19:22:00,PRTA
48.92,48.92,48.92,48.92,300,2021-06-23 19:23:00,PRTA
48.945,48.945,48.9425,48.9425,200,2021-06-23 19:24:00,PRTA
48.945,48.945,48.945,48.945,100,2021-06-23 19:25:00,PRTA
48.9,48.9,48.87,48.87,1063,2021-06-23 19:27:00,PRTA
48.95,48.95,48.95,48.95,100,2021-06-23 19:28:00,PRTA
49.035,49.035,49.035,49.035,100,2021-06-23 19:29:00,PRTA
49.05,49.05,48.93,48.97,1300,2021-06-23 19:30:00,PRTA
48.97,48.97,48.77,48.87,1120,2021-06-23 19:31:00,PRTA
48.79,48.855,48.78,48.855,500,2021-06-23 19:32:00,PRTA
48.79,48.79,48.75,48.75,366,2021-06-23 19:33:00,PRTA
48.78,48.78,48.78,48.78,100,2021-06-23 19:34:00,PRTA
48.81,48.81,48.716,48.716,1067,2021-06-23 19:35:00,PRTA
48.75,48.77,48.7,48.77,1500,2021-06-23 19:36:00,PRTA
48.755,48.755,48.65,48.67,1456,2021-06-23 19:37:00,PRTA
48.64,48.64,48.52,48.52,1912,2021-06-23 19:38:00,PRTA
48.61,48.61,48.61,48.61,100,2021-06-23 19:39:00,PRTA
48.51,48.51,48.42,48.495,567,2021-06-23 19:40:00,PRTA
48.5,48.5,48.5,48.5,404,2021-06-23 19:41:00,PRTA
48.495,48.63,48.45,48.45,2600,2021-06-23 19:42:00,PRTA
48.47,48.47,48.38,48.38,755,2021-06-23 19:43:00,PRTA
48.435,48.44,48.435,48.44,200,2021-06-23 19:44:00,PRTA
48.32,48.33,48.21,48.21,1236,2021-06-23 19:45:00,PRTA
48.16,48.16,48.07,48.07,300,2021-06-23 19:46:00,PRTA
48.065,48.215,47.99,48.13,6258,2021-06-23 19:47:00,PRTA
48.27,48.29,48.25,48.25,898,2021-06-23 19:48:00,PRTA
48.26,48.26,48.26,48.26,100,2021-06-23 19:49:00,PRTA
48.1,48.225,48.1,48.18,2100,2021-06-23 19:50:00,PRTA
48.215,48.215,48.15,48.215,300,2021-06-23 19:51:00,PRTA
48.21,48.215,48.11,48.11,1237,2021-06-23 19:52:00,PRTA
48.12,48.26,48.12,48.1975,1586,2021-06-23 19:53:00,PRTA
48.12,48.19,48.1,48.105,1200,2021-06-23 19:54:00,PRTA
48.04,48.17,48.0,48.03,3609,2021-06-23 19:55:00,PRTA
48.055,48.13,47.98,48.06,1364,2021-06-23 19:56:00,PRTA
48.0,48.07,47.92,47.92,4393,2021-06-23 19:57:00,PRTA
47.93,48.09,47.93,48.03,2652,2021-06-23 19:58:00,PRTA
48.045,48.085,47.92,48.04,2880,2021-06-23 19:59:00,PRTA
48.11,48.11,48.11,48.11,36589,2021-06-23 20:00:00,PRTA
48.11,48.11,48.11,48.11,441,2021-06-23 20:01:00,PRTA
51.99,51.99,51.99,51.99,211,2021-06-24 12:36:00,PRTA
52.0,52.0,52.0,52.0,402,2021-06-24 12:42:00,PRTA
55.0,55.0,55.0,55.0,110,2021-06-24 12:46:00,PRTA
53.48,53.48,53.48,53.48,100,2021-06-24 12:47:00,PRTA
54.4848,54.4848,54.4848,54.4848,170,2021-06-24 12:50:00,PRTA
52.0,52.0,52.0,52.0,162,2021-06-24 13:03:00,PRTA
52.0,52.0,52.0,52.0,2700,2021-06-24 13:15:00,PRTA
52.0,52.0,52.0,52.0,758,2021-06-24 13:16:00,PRTA
51.5,51.5,51.5,51.5,400,2021-06-24 13:17:00,PRTA
51.5,51.5,51.5,51.5,1158,2021-06-24 13:18:00,PRTA
51.5,51.5,51.5,51.5,500,2021-06-24 13:21:00,PRTA
51.5,51.5,51.5,51.5,100,2021-06-24 13:22:00,PRTA
51.5,51.5,51.5,51.5,837,2021-06-24 13:27:00,PRTA
51.5,51.5,51.5,51.5,1968,2021-06-24 13:28:00,PRTA
50.0,50.9,48.6,50.535,23643,2021-06-24 13:30:00,PRTA
49.3211,50.66,49.3211,50.61,1100,2021-06-24 13:31:00,PRTA
50.33,50.66,50.0,50.035,14084,2021-06-24 13:32:00,PRTA
50.28,51.42,49.97,51.34,14875,2021-06-24 13:33:00,PRTA
51.01,51.44,50.535,51.43,8350,2021-06-24 13:34:00,PRTA
51.43,51.44,50.98,51.43,1010,2021-06-24 13:35:00,PRTA
51.37,52.11,51.37,52.08,4746,2021-06-24 13:36:00,PRTA
51.54,51.94,51.23,51.575,7295,2021-06-24 13:37:00,PRTA
51.575,52.44,50.95,51.31,11048,2021-06-24 13:38:00,PRTA
51.64,51.96,51.3,51.3,2300,2021-06-24 13:39:00,PRTA
51.8,51.99,51.6,51.805,6029,2021-06-24 13:40:00,PRTA
51.8,51.805,51.235,51.2734,5844,2021-06-24 13:41:00,PRTA
51.455,51.76,51.2342,51.57,1535,2021-06-24 13:42:00,PRTA
51.14,51.53,51.125,51.53,500,2021-06-24 13:43:00,PRTA
51.15,51.15,51.15,51.15,200,2021-06-24 13:44:00,PRTA
51.295,51.36,51.1,51.36,1038,2021-06-24 13:46:00,PRTA
51.27,51.35,51.035,51.35,3075,2021-06-24 13:47:00,PRTA
51.35,51.95,51.35,51.95,9198,2021-06-24 13:48:00,PRTA
51.78,51.96,51.6,51.805,12213,2021-06-24 13:49:00,PRTA
51.805,51.81,51.23,51.51,5172,2021-06-24 13:50:00,PRTA
51.65,51.67,51.5,51.59,1300,2021-06-24 13:51:00,PRTA
51.51,51.61,51.26,51.51,4250,2021-06-24 13:52:00,PRTA
51.4,51.4,51.26,51.26,712,2021-06-24 13:53:00,PRTA
51.02,51.25,50.74,51.25,7914,2021-06-24 13:55:00,PRTA
51.01,51.06,51.01,51.06,200,2021-06-24 13:56:00,PRTA
51.24,51.24,51.24,51.24,266,2021-06-24 13:57:00,PRTA
51.01,51.2,51.0,51.01,4600,2021-06-24 13:58:00,PRTA
51.2,51.48,51.16,51.48,5728,2021-06-24 14:00:00,PRTA
51.345,51.535,51.345,51.535,1100,2021-06-24 14:01:00,PRTA
51.36,51.36,51.36,51.36,100,2021-06-24 14:02:00,PRTA
51.36,51.8905,51.36,51.845,7163,2021-06-24 14:03:00,PRTA
51.69,51.915,51.69,51.785,1752,2021-06-24 14:04:00,PRTA
51.785,52.01,51.59,51.97,11894,2021-06-24 14:05:00,PRTA
52.08,52.45,52.07,52.3,2137,2021-06-24 14:06:00,PRTA
52.16,52.46,52.16,52.37,16292,2021-06-24 14:07:00,PRTA
52.44,52.73,52.37,52.73,3683,2021-06-24 14:08:00,PRTA
52.73,52.99,52.6,52.815,18100,2021-06-24 14:09:00,PRTA
52.92,52.92,52.66,52.75,6314,2021-06-24 14:10:00,PRTA
52.85,52.85,52.6,52.6,3586,2021-06-24 14:11:00,PRTA
52.8183,52.8183,52.67,52.67,350,2021-06-24 14:12:00,PRTA
52.8298,52.8298,52.63,52.63,3600,2021-06-24 14:13:00,PRTA
52.9999,53.04,52.93,53.0321,671,2021-06-24 14:14:00,PRTA
53.19,53.34,53.14,53.193,2200,2021-06-24 14:15:00,PRTA
53.335,53.335,52.75,53.15,9090,2021-06-24 14:16:00,PRTA
52.8772,52.8772,52.83,52.83,510,2021-06-24 14:17:00,PRTA
53.19,53.19,53.19,53.19,479,2021-06-24 14:18:00,PRTA
53.47,53.48,53.465,53.465,851,2021-06-24 14:19:00,PRTA
53.6,53.6,53.6,53.6,150,2021-06-24 14:20:00,PRTA
53.6595,53.6595,53.16,53.285,1588,2021-06-24 14:21:00,PRTA
53.0,53.32,52.81,53.3,5980,2021-06-24 14:22:00,PRTA
53.33,53.73,53.27,53.2701,2800,2021-06-24 14:23:00,PRTA
53.71,53.71,53.3,53.5,4601,2021-06-24 14:24:00,PRTA
53.49,53.49,53.26,53.27,1500,2021-06-24 14:25:00,PRTA
53.58,53.6171,53.4,53.475,1300,2021-06-24 14:27:00,PRTA
53.42,53.62,53.17,53.335,2161,2021-06-24 14:28:00,PRTA
53.465,53.465,53.465,53.465,100,2021-06-24 14:29:00,PRTA
53.5483,53.5483,53.54,53.54,200,2021-06-24 14:30:00,PRTA
53.54,53.54,53.14,53.14,1720,2021-06-24 14:31:00,PRTA
53.195,53.195,53.14,53.14,546,2021-06-24 14:32:00,PRTA
53.08,53.085,53.08,53.085,330,2021-06-24 14:33:00,PRTA
53.065,53.065,52.71,52.71,1650,2021-06-24 14:34:00,PRTA
52.7001,52.985,52.68,52.985,5792,2021-06-24 14:35:00,PRTA
52.92,53.16,52.92,53.02,400,2021-06-24 14:36:00,PRTA
53.015,53.2,53.015,53.02,400,2021-06-24 14:37:00,PRTA
53.21,53.61,53.21,53.505,1000,2021-06-24 14:38:00,PRTA
53.51,53.525,53.45,53.5,1013,2021-06-24 14:39:00,PRTA
53.49,53.49,53.16,53.16,1901,2021-06-24 14:40:00,PRTA
53.02,53.06,52.91,52.91,865,2021-06-24 14:42:00,PRTA
53.01,53.01,53.01,53.01,100,2021-06-24 14:44:00,PRTA
52.96,52.96,52.89,52.89,900,2021-06-24 14:45:00,PRTA
52.785,52.785,52.68,52.68,785,2021-06-24 14:46:00,PRTA
52.765,52.765,52.2036,52.2036,2629,2021-06-24 14:47:00,PRTA
52.355,52.355,51.89,52.165,2332,2021-06-24 14:48:00,PRTA
52.05,52.1599,51.59,51.7002,2910,2021-06-24 14:49:00,PRTA
51.8241,51.8241,51.5,51.605,4535,2021-06-24 14:50:00,PRTA
51.5,51.51,51.04,51.04,3200,2021-06-24 14:52:00,PRTA
51.285,51.285,51.285,51.285,100,2021-06-24 14:53:00,PRTA
51.44,51.49,51.27,51.38,1350,2021-06-24 14:54:00,PRTA
51.39,51.39,51.39,51.39,100,2021-06-24 14:55:00,PRTA
51.341,51.53,51.26,51.52,800,2021-06-24 14:56:00,PRTA
51.4438,51.4438,51.4438,51.4438,230,2021-06-24 14:57:00,PRTA
51.506,51.53,51.32,51.53,1500,2021-06-24 14:58:00,PRTA
51.69,51.69,51.51,51.51,851,2021-06-24 14:59:00,PRTA
51.54,51.54,51.4,51.4,400,2021-06-24 15:00:00,PRTA
51.54,51.54,51.54,51.54,200,2021-06-24 15:01:00,PRTA
51.54,51.55,51.54,51.55,200,2021-06-24 15:02:00,PRTA
51.7,51.9,51.7,51.9,637,2021-06-24 15:03:00,PRTA
51.9,51.915,51.9,51.915,400,2021-06-24 15:04:00,PRTA
51.9393,52.1299,51.9393,52.1299,850,2021-06-24 15:06:00,PRTA
51.99,51.99,51.99,51.99,200,2021-06-24 15:07:00,PRTA
52.0,52.0,52.0,52.0,200,2021-06-24 15:08:00,PRTA
51.92,52.02,51.74,51.93,3300,2021-06-24 15:09:00,PRTA
51.94,51.94,51.94,51.94,292,2021-06-24 15:10:00,PRTA
51.94,51.94,51.63,51.755,1546,2021-06-24 15:11:00,PRTA
51.775,51.775,51.775,51.775,100,2021-06-24 15:13:00,PRTA
51.675,51.8,51.675,51.8,300,2021-06-24 15:14:00,PRTA
51.6518,51.83,51.6518,51.81,300,2021-06-24 15:15:00,PRTA
51.82,52.0,51.82,52.0,872,2021-06-24 15:16:00,PRTA
52.1,52.1,51.93,52.1,800,2021-06-24 15:17:00,PRTA
52.115,52.27,51.97,52.075,2721,2021-06-24 15:18:00,PRTA
52.08,52.14,52.0662,52.0662,1201,2021-06-24 15:19:00,PRTA
52.03,52.35,52.03,52.35,1271,2021-06-24 15:20:00,PRTA
52.46,52.47,52.285,52.44,3450,2021-06-24 15:21:00,PRTA
52.49,52.525,52.17,52.17,4410,2021-06-24 15:22:00,PRTA
52.17,52.29,52.17,52.29,500,2021-06-24 15:23:00,PRTA
52.17,52.42,52.17,52.405,1325,2021-06-24 15:24:00,PRTA
52.495,52.61,52.495,52.5,400,2021-06-24 15:25:00,PRTA
52.45,52.45,52.45,52.45,100,2021-06-24 15:26:00,PRTA
52.495,52.56,52.495,52.5,2500,2021-06-24 15:27:00,PRTA
52.61,52.61,52.51,52.51,200,2021-06-24 15:28:00,PRTA
52.48,52.48,52.39,52.39,2000,2021-06-24 15:29:00,PRTA
52.2,52.41,52.11,52.41,2794,2021-06-24 15:30:00,PRTA
52.37,52.39,52.35,52.39,900,2021-06-24 15:31:00,PRTA
52.455,52.455,52.43,52.43,500,2021-06-24 15:32:00,PRTA
52.4664,52.5713,52.3811,52.46,1540,2021-06-24 15:33:00,PRTA
52.405,52.405,52.1486,52.18,1270,2021-06-24 15:34:00,PRTA
52.1514,52.1514,52.135,52.135,200,2021-06-24 15:36:00,PRTA
52.27,52.27,52.1,52.1,200,2021-06-24 15:37:00,PRTA
52.1,52.22,52.1,52.22,400,2021-06-24 15:38:00,PRTA
52.51,52.6,52.2501,52.29,5900,2021-06-24 15:39:00,PRTA
52.45,52.495,52.29,52.29,650,2021-06-24 15:40:00,PRTA
52.5,52.5,52.5,52.5,100,2021-06-24 15:42:00,PRTA
52.385,52.5,52.385,52.5,203,2021-06-24 15:43:00,PRTA
52.49,52.535,52.3,52.52,702,2021-06-24 15:44:00,PRTA
52.33,52.33,52.11,52.11,1200,2021-06-24 15:45:00,PRTA
52.22,52.29,52.15,52.29,700,2021-06-24 15:47:00,PRTA
52.3,52.3,52.2,52.2,209,2021-06-24 15:48:00,PRTA
52.27,52.27,52.27,52.27,100,2021-06-24 15:49:00,PRTA
52.2,52.2,52.2,52.2,100,2021-06-24 15:50:00,PRTA
52.3399,52.3399,51.94,51.94,4700,2021-06-24 15:51:00,PRTA
52.26,52.26,52.13,52.13,700,2021-06-24 15:52:00,PRTA
52.185,52.26,51.94,51.94,1000,2021-06-24 15:53:00,PRTA
52.02,52.04,51.885,51.89,1000,2021-06-24 15:54:00,PRTA
51.97,51.97,51.89,51.89,301,2021-06-24 15:56:00,PRTA
51.78,51.78,51.61,51.61,3882,2021-06-24 15:57:00,PRTA
51.52,51.81,51.52,51.81,2550,2021-06-24 15:59:00,PRTA
51.6244,51.6244,51.6244,51.6244,100,2021-06-24 16:00:00,PRTA
51.54,51.755,51.53,51.6106,700,2021-06-24 16:01:00,PRTA
51.78,51.78,51.68,51.68,758,2021-06-24 16:02:00,PRTA
51.54,51.71,51.54,51.71,2739,2021-06-24 16:03:00,PRTA
51.54,51.67,51.54,51.67,300,2021-06-24 16:04:00,PRTA
51.65,51.65,51.42,51.42,1100,2021-06-24 16:05:00,PRTA
51.46,51.57,51.41,51.57,1400,2021-06-24 16:06:00,PRTA
51.49,51.69,51.49,51.69,1000,2021-06-24 16:07:00,PRTA
51.72,51.92,51.69,51.75,500,2021-06-24 16:08:00,PRTA
51.7501,51.7524,51.75,51.7524,2200,2021-06-24 16:09:00,PRTA
51.73,51.75,51.73,51.73,300,2021-06-24 16:10:00,PRTA
51.59,51.63,51.59,51.63,589,2021-06-24 16:11:00,PRTA
51.75,51.75,51.75,51.75,100,2021-06-24 16:13:00,PRTA
51.7,51.83,51.7,51.83,1455,2021-06-24 16:15:00,PRTA
51.7301,51.7301,51.7301,51.7301,1500,2021-06-24 16:16:00,PRTA
51.915,51.92,51.83,51.92,317,2021-06-24 16:17:00,PRTA
51.91,51.92,51.91,51.92,400,2021-06-24 16:18:00,PRTA
52.0,52.0225,51.93,51.94,1500,2021-06-24 16:19:00,PRTA
51.99,51.99,51.99,51.99,100,2021-06-24 16:20:00,PRTA
51.96,51.96,51.96,51.96,152,2021-06-24 16:21:00,PRTA
52.0,52.0,52.0,52.0,100,2021-06-24 16:22:00,PRTA
52.03,52.03,51.95,51.95,600,2021-06-24 16:23:00,PRTA
51.965,51.97,51.91,51.97,300,2021-06-24 16:24:00,PRTA
51.99,51.99,51.99,51.99,100,2021-06-24 16:26:00,PRTA
51.92,51.92,51.92,51.92,100,2021-06-24 16:27:00,PRTA
52.0,52.0,52.0,52.0,100,2021-06-24 16:28:00,PRTA
52.0,52.0,52.0,52.0,100,2021-06-24 16:29:00,PRTA
52.0,52.0,51.82,51.84,1551,2021-06-24 16:32:00,PRTA
51.9,51.9,51.9,51.9,100,2021-06-24 16:33:00,PRTA
51.975,52.01,51.885,52.01,2218,2021-06-24 16:34:00,PRTA
52.01,52.01,52.0,52.0,400,2021-06-24 16:35:00,PRTA
52.075,52.075,52.075,52.075,100,2021-06-24 16:37:00,PRTA
52.085,52.085,52.085,52.085,300,2021-06-24 16:38:00,PRTA
52.13,52.13,52.13,52.13,200,2021-06-24 16:39:00,PRTA
52.115,52.115,52.0,52.01,900,2021-06-24 16:40:00,PRTA
52.095,52.095,52.095,52.095,300,2021-06-24 16:43:00,PRTA
51.99,51.99,51.99,51.99,200,2021-06-24 16:44:00,PRTA
51.93,51.93,51.93,51.93,100,2021-06-24 16:45:00,PRTA
51.9566,51.9566,51.91,51.91,200,2021-06-24 16:46:00,PRTA
51.98,51.98,51.85,51.85,200,2021-06-24 16:47:00,PRTA
51.9799,51.9799,51.9799,51.9799,800,2021-06-24 16:49:00,PRTA
51.98,51.98,51.98,51.98,100,2021-06-24 16:50:00,PRTA
51.82,51.85,51.82,51.85,300,2021-06-24 16:51:00,PRTA
51.75,51.75,51.71,51.71,300,2021-06-24 16:52:00,PRTA
51.71,51.71,51.71,51.71,104,2021-06-24 16:53:00,PRTA
51.63,51.67,51.62,51.65,600,2021-06-24 16:54:00,PRTA
51.56,51.56,51.3,51.3,3775,2021-06-24 16:55:00,PRTA
51.31,51.41,51.31,51.36,830,2021-06-24 16:56:00,PRTA
51.4203,51.44,51.36,51.44,1420,2021-06-24 16:57:00,PRTA
51.44,51.44,51.44,51.44,150,2021-06-24 16:58:00,PRTA
51.29,51.29,51.15,51.18,1000,2021-06-24 16:59:00,PRTA
51.19,51.28,51.1172,51.27,1600,2021-06-24 17:00:00,PRTA
51.17,51.17,51.17,51.17,100,2021-06-24 17:02:00,PRTA
51.2412,51.2412,51.2412,51.2412,100,2021-06-24 17:03:00,PRTA
51.19,51.19,51.19,51.19,100,2021-06-24 17:04:00,PRTA
51.19,51.26,51.19,51.26,300,2021-06-24 17:05:00,PRTA
51.19,51.19,50.73,50.73,5754,2021-06-24 17:06:00,PRTA
50.61,50.65,50.51,50.51,400,2021-06-24 17:07:00,PRTA
50.7,50.7,50.7,50.7,100,2021-06-24 17:08:00,PRTA
50.69,50.69,50.41,50.415,368,2021-06-24 17:09:00,PRTA
50.47,50.59,50.47,50.59,900,2021-06-24 17:10:00,PRTA
50.62,50.62,50.55,50.55,700,2021-06-24 17:12:00,PRTA
50.4301,50.4301,50.4301,50.4301,110,2021-06-24 17:13:00,PRTA
50.62,50.62,50.6085,50.6085,700,2021-06-24 17:17:00,PRTA
50.535,50.535,50.16,50.16,1799,2021-06-24 17:18:00,PRTA
50.1783,50.3,50.0,50.3,1999,2021-06-24 17:19:00,PRTA
50.3,50.3,50.21,50.21,400,2021-06-24 17:21:00,PRTA
50.3,50.3,50.3,50.3,200,2021-06-24 17:22:00,PRTA
50.3,50.3,50.3,50.3,100,2021-06-24 17:23:00,PRTA
50.2157,50.2157,50.2157,50.2157,125,2021-06-24 17:24:00,PRTA
50.3,50.35,50.3,50.33,1004,2021-06-24 17:25:00,PRTA
50.45,50.45,50.45,50.45,200,2021-06-24 17:26:00,PRTA
50.55,50.55,50.55,50.55,100,2021-06-24 17:27:00,PRTA
50.56,50.57,50.55,50.57,450,2021-06-24 17:29:00,PRTA
50.46,50.46,50.46,50.46,100,2021-06-24 17:30:00,PRTA
50.465,50.59,50.465,50.59,267,2021-06-24 17:31:00,PRTA
50.71,50.71,50.71,50.71,100,2021-06-24 17:32:00,PRTA
50.63,50.63,50.63,50.63,500,2021-06-24 17:33:00,PRTA
50.77,50.78,50.77,50.78,200,2021-06-24 17:34:00,PRTA
50.7423,50.7423,50.7423,50.7423,296,2021-06-24 17:35:00,PRTA
50.78,50.78,50.78,50.78,200,2021-06-24 17:36:00,PRTA
50.77,50.77,50.76,50.76,200,2021-06-24 17:37:00,PRTA
50.64,50.7,50.55,50.56,696,2021-06-24 17:38:00,PRTA
50.525,50.525,50.525,50.525,100,2021-06-24 17:41:00,PRTA
50.69,50.69,50.69,50.69,100,2021-06-24 17:42:00,PRTA
50.62,50.62,50.62,50.62,100,2021-06-24 17:43:00,PRTA
50.67,50.67,50.67,50.67,100,2021-06-24 17:44:00,PRTA
50.68,50.69,50.5907,50.5907,886,2021-06-24 17:45:00,PRTA
50.7,50.7,50.7,50.7,200,2021-06-24 17:46:00,PRTA
50.6,50.6,50.44,50.45,500,2021-06-24 17:48:00,PRTA
50.44,50.52,50.44,50.52,200,2021-06-24 17:49:00,PRTA
50.51,50.51,50.51,50.51,200,2021-06-24 17:50:00,PRTA
50.41,50.41,50.41,50.41,100,2021-06-24 17:51:00,PRTA
50.45,50.45,50.23,50.335,2963,2021-06-24 17:52:00,PRTA
50.43,50.43,50.35,50.4,964,2021-06-24 17:53:00,PRTA
50.43,50.43,50.27,50.27,799,2021-06-24 17:54:00,PRTA
50.21,50.21,50.0825,50.0825,200,2021-06-24 17:56:00,PRTA
50.0692,50.0692,50.0692,50.0692,150,2021-06-24 17:57:00,PRTA
50.145,50.145,50.145,50.145,100,2021-06-24 17:58:00,PRTA
50.1,50.1,50.1,50.1,100,2021-06-24 18:04:00,PRTA
49.89,49.98,49.705,49.705,700,2021-06-24 18:05:00,PRTA
49.64,49.75,49.64,49.75,1100,2021-06-24 18:06:00,PRTA
49.6863,49.6863,49.6863,49.6863,134,2021-06-24 18:07:00,PRTA
49.2701,49.2701,49.2701,49.2701,403,2021-06-24 18:08:00,PRTA
49.39,49.39,49.355,49.355,300,2021-06-24 18:09:00,PRTA
49.47,49.52,49.47,49.52,500,2021-06-24 18:10:00,PRTA
49.41,49.41,49.3991,49.3991,854,2021-06-24 18:15:00,PRTA
49.24,49.53,49.24,49.28,1436,2021-06-24 18:16:00,PRTA
49.46,49.46,49.26,49.26,1500,2021-06-24 18:17:00,PRTA
49.405,49.51,49.405,49.41,1575,2021-06-24 18:18:00,PRTA
49.41,49.41,49.41,49.41,100,2021-06-24 18:19:00,PRTA
49.355,49.355,49.355,49.355,109,2021-06-24 18:20:00,PRTA
49.3587,49.3587,49.3587,49.3587,100,2021-06-24 18:23:00,PRTA
49.35,49.35,49.35,49.35,100,2021-06-24 18:24:00,PRTA
49.25,49.28,48.985,48.985,800,2021-06-24 18:26:00,PRTA
48.93,49.06,48.86,48.9,7795,2021-06-24 18:27:00,PRTA
49.17,49.17,49.17,49.17,371,2021-06-24 18:28:00,PRTA
49.035,49.035,49.0,49.0,200,2021-06-24 18:31:00,PRTA
48.93,48.94,48.88,48.88,444,2021-06-24 18:32:00,PRTA
48.84,48.9,48.7,48.75,952,2021-06-24 18:39:00,PRTA
48.78,48.785,48.71,48.72,1285,2021-06-24 18:41:00,PRTA
48.7387,48.74,48.71,48.71,351,2021-06-24 18:42:00,PRTA
48.83,48.88,48.795,48.88,800,2021-06-24 18:43:00,PRTA
48.9989,48.9989,48.9989,48.9989,100,2021-06-24 18:45:00,PRTA
49.02,49.02,48.91,48.91,200,2021-06-24 18:46:00,PRTA
48.9779,48.9779,48.9779,48.9779,100,2021-06-24 18:47:00,PRTA
49.02,49.02,48.935,48.935,200,2021-06-24 18:48:00,PRTA
48.89,48.89,48.89,48.89,100,2021-06-24 18:49:00,PRTA
48.95,48.95,48.9029,48.9029,445,2021-06-24 18:50:00,PRTA
48.88,48.88,48.88,48.88,100,2021-06-24 18:51:00,PRTA
49.0,49.0,48.93,48.93,550,2021-06-24 18:57:00,PRTA
48.87,48.87,48.83,48.83,268,2021-06-24 18:58:00,PRTA
48.75,48.75,48.75,48.75,100,2021-06-24 19:00:00,PRTA
48.81,48.81,48.75,48.75,288,2021-06-24 19:01:00,PRTA
48.76,48.76,48.76,48.76,400,2021-06-24 19:02:00,PRTA
48.8107,48.8107,48.755,48.755,650,2021-06-24 19:03:00,PRTA
48.68,48.705,48.58,48.602,1405,2021-06-24 19:04:00,PRTA
48.59,48.72,48.59,48.72,202,2021-06-24 19:05:00,PRTA
48.7186,48.7186,48.39,48.49,2638,2021-06-24 19:06:00,PRTA
48.49,48.49,48.32,48.32,1038,2021-06-24 19:07:00,PRTA
48.58,48.58,48.53,48.53,350,2021-06-24 19:09:00,PRTA
48.425,48.425,48.425,48.425,100,2021-06-24 19:10:00,PRTA
48.5,48.69,48.5,48.69,713,2021-06-24 19:11:00,PRTA
48.71,48.72,48.71,48.72,200,2021-06-24 19:14:00,PRTA
48.6,48.64,48.6,48.64,519,2021-06-24 19:17:00,PRTA
48.71,48.71,48.71,48.71,100,2021-06-24 19:19:00,PRTA
48.67,48.67,48.53,48.53,600,2021-06-24 19:21:00,PRTA
48.62,48.62,48.62,48.62,100,2021-06-24 19:22:00,PRTA
48.62,48.62,48.46,48.5,1567,2021-06-24 19:27:00,PRTA
48.51,48.51,48.51,48.51,357,2021-06-24 19:28:00,PRTA
48.54,48.58,48.54,48.58,642,2021-06-24 19:30:00,PRTA
48.56,48.56,48.56,48.56,300,2021-06-24 19:31:00,PRTA
48.63,48.63,48.561,48.6,1300,2021-06-24 19:32:00,PRTA
48.6,48.6,48.56,48.56,700,2021-06-24 19:33:00,PRTA
48.535,48.535,48.49,48.49,400,2021-06-24 19:34:00,PRTA
48.49,48.63,48.49,48.59,1000,2021-06-24 19:35:00,PRTA
48.59,48.59,48.59,48.59,100,2021-06-24 19:36:00,PRTA
48.64,48.84,48.62,48.84,768,2021-06-24 19:37:00,PRTA
48.93,48.93,48.93,48.93,100,2021-06-24 19:38:00,PRTA
49.035,49.1,49.035,49.1,200,2021-06-24 19:42:00,PRTA
49.0521,49.0521,49.0521,49.0521,140,2021-06-24 19:43:00,PRTA
49.12,49.27,49.12,49.1925,2331,2021-06-24 19:44:00,PRTA
49.39,49.39,49.13,49.13,900,2021-06-24 19:45:00,PRTA
49.07,49.07,49.03,49.03,600,2021-06-24 19:46:00,PRTA
49.03,49.03,49.02,49.03,300,2021-06-24 19:47:00,PRTA
48.99,49.03,48.95,48.95,900,2021-06-24 19:48:00,PRTA
48.93,48.93,48.9,48.92,618,2021-06-24 19:49:00,PRTA
48.87,49.06,48.87,49.03,2749,2021-06-24 19:50:00,PRTA
48.97,48.97,48.88,48.895,500,2021-06-24 19:51:00,PRTA
48.73,48.76,48.7,48.75,1000,2021-06-24 19:52:00,PRTA
48.87,48.87,48.74,48.74,630,2021-06-24 19:53:00,PRTA
48.78,48.9,48.77,48.8,1300,2021-06-24 19:54:00,PRTA
48.865,48.865,48.75,48.78,1591,2021-06-24 19:55:00,PRTA
48.84,48.885,48.76,48.79,2565,2021-06-24 19:56:00,PRTA
48.8,48.9,48.78,48.88,3100,2021-06-24 19:57:00,PRTA
48.86,48.92,48.81,48.88,3423,2021-06-24 19:58:00,PRTA
48.9,49.07,48.85,49.03,5654,2021-06-24 19:59:00,PRTA
48.87,48.87,48.87,48.87,30895,2021-06-24 20:00:00,PRTA
48.92,49.39,48.92,49.234,8551,2021-06-25 13:30:00,PRTA
48.91,48.91,48.87,48.87,202,2021-06-25 13:34:00,PRTA
49.005,49.005,49.005,49.005,250,2021-06-25 13:36:00,PRTA
49.0,49.0,48.99,48.99,438,2021-06-25 13:39:00,PRTA
49.45,49.45,48.99,49.09,400,2021-06-25 13:40:00,PRTA
48.98,49.03,48.72,48.72,400,2021-06-25 13:41:00,PRTA
48.93,49.17,48.795,49.17,1100,2021-06-25 13:43:00,PRTA
49.18,49.18,49.025,49.06,1088,2021-06-25 13:44:00,PRTA
48.96,48.96,48.96,48.96,100,2021-06-25 13:46:00,PRTA
48.83,48.83,48.75,48.75,426,2021-06-25 13:49:00,PRTA
48.735,48.99,48.735,48.84,838,2021-06-25 13:50:00,PRTA
48.87,48.87,48.87,48.87,100,2021-06-25 13:52:00,PRTA
48.875,48.875,48.875,48.875,100,2021-06-25 13:53:00,PRTA
48.5859,49.0286,48.5859,49.0286,250,2021-06-25 13:56:00,PRTA
49.1444,49.1444,49.1444,49.1444,100,2021-06-25 13:57:00,PRTA
48.95,48.95,48.95,48.95,100,2021-06-25 13:58:00,PRTA
48.875,48.875,48.875,48.875,410,2021-06-25 13:59:00,PRTA
49.0,49.0,48.62,48.62,1900,2021-06-25 14:00:00,PRTA
48.84,48.84,48.75,48.75,200,2021-06-25 14:02:00,PRTA
48.75,48.75,48.75,48.75,100,2021-06-25 14:03:00,PRTA
48.75,48.75,48.63,48.63,204,2021-06-25 14:04:00,PRTA
48.7,48.75,48.64,48.64,500,2021-06-25 14:06:00,PRTA
48.75,48.75,48.74,48.75,400,2021-06-25 14:07:00,PRTA
48.65,48.67,48.62,48.63,562,2021-06-25 14:08:00,PRTA
48.62,48.62,48.62,48.62,200,2021-06-25 14:09:00,PRTA
48.51,48.51,48.51,48.51,100,2021-06-25 14:11:00,PRTA
48.685,48.685,48.51,48.51,400,2021-06-25 14:12:00,PRTA
48.595,48.595,48.17,48.23,1755,2021-06-25 14:13:00,PRTA
48.15,48.15,48.15,48.15,100,2021-06-25 14:15:00,PRTA
48.12,48.12,48.12,48.12,100,2021-06-25 14:16:00,PRTA
48.07,48.07,48.07,48.07,100,2021-06-25 14:19:00,PRTA
48.06,48.06,48.06,48.06,100,2021-06-25 14:21:00,PRTA
48.13,48.13,47.98,47.98,1003,2021-06-25 14:22:00,PRTA
48.02,48.02,48.02,48.02,100,2021-06-25 14:23:00,PRTA
47.82,47.82,47.82,47.82,100,2021-06-25 14:25:00,PRTA
47.82,48.23,47.82,48.23,1512,2021-06-25 14:27:00,PRTA
48.06,48.06,48.06,48.06,300,2021-06-25 14:29:00,PRTA
47.98,47.98,47.98,47.98,389,2021-06-25 14:31:00,PRTA
47.96,48.02,47.96,47.96,500,2021-06-25 14:32:00,PRTA
47.97,48.11,47.81,47.84,2000,2021-06-25 14:33:00,PRTA
47.7809,47.92,47.75,47.75,648,2021-06-25 14:34:00,PRTA
47.865,47.865,47.84,47.84,200,2021-06-25 14:35:00,PRTA
47.8859,47.93,47.875,47.93,621,2021-06-25 14:36:00,PRTA
47.81,47.81,47.81,47.81,100,2021-06-25 14:38:00,PRTA
47.94,47.94,47.85,47.85,200,2021-06-25 14:40:00,PRTA
47.895,47.895,47.58,47.58,4135,2021-06-25 14:41:00,PRTA
47.6,47.72,47.42,47.42,3973,2021-06-25 14:42:00,PRTA
47.42,47.42,47.42,47.42,100,2021-06-25 14:45:00,PRTA
47.4101,47.49,47.4101,47.42,530,2021-06-25 14:47:00,PRTA
47.55,47.58,47.52,47.58,467,2021-06-25 14:48:00,PRTA
47.66,47.75,47.55,47.65,1002,2021-06-25 14:49:00,PRTA
47.48,47.58,47.35,47.55,828,2021-06-25 14:50:00,PRTA
47.48,47.68,47.48,47.59,4190,2021-06-25 14:51:00,PRTA
47.51,47.56,47.51,47.5362,1260,2021-06-25 14:52:00,PRTA
47.51,47.51,47.4,47.4,2428,2021-06-25 14:53:00,PRTA
47.42,47.59,47.42,47.485,500,2021-06-25 14:57:00,PRTA
47.4,47.48,47.38,47.48,555,2021-06-25 14:58:00,PRTA
47.37,47.56,47.37,47.465,1860,2021-06-25 14:59:00,PRTA
47.57,47.57,47.57,47.57,155,2021-06-25 15:00:00,PRTA
47.56,47.67,47.47,47.67,769,2021-06-25 15:01:00,PRTA
47.685,47.685,47.685,47.685,100,2021-06-25 15:02:00,PRTA
47.85,47.85,47.69,47.69,300,2021-06-25 15:03:00,PRTA
47.85,47.85,47.85,47.85,100,2021-06-25 15:04:00,PRTA
47.79,47.79,47.79,47.79,100,2021-06-25 15:07:00,PRTA
47.5301,47.85,47.24,47.42,9888,2021-06-25 15:09:00,PRTA
47.41,47.45,47.32,47.42,2248,2021-06-25 15:10:00,PRTA
47.21,47.21,47.2,47.2,200,2021-06-25 15:11:00,PRTA
47.285,47.285,47.285,47.285,100,2021-06-25 15:12:00,PRTA
47.19,47.19,47.19,47.19,100,2021-06-25 15:13:00,PRTA
47.28,47.31,47.085,47.255,3390,2021-06-25 15:14:00,PRTA
47.38,47.45,47.3,47.3923,3399,2021-06-25 15:15:00,PRTA
47.59,47.59,47.59,47.59,100,2021-06-25 15:16:00,PRTA
47.49,47.49,47.365,47.4,300,2021-06-25 15:17:00,PRTA
47.49,47.49,47.49,47.49,100,2021-06-25 15:18:00,PRTA
47.49,47.49,47.49,47.49,100,2021-06-25 15:19:00,PRTA
47.3,47.44,47.27,47.42,1480,2021-06-25 15:20:00,PRTA
47.53,47.53,47.53,47.53,123,2021-06-25 15:22:00,PRTA
47.43,47.43,47.43,47.43,130,2021-06-25 15:23:00,PRTA
47.35,47.35,47.35,47.35,100,2021-06-25 15:24:00,PRTA
47.51,47.56,47.44,47.4975,1000,2021-06-25 15:25:00,PRTA
47.42,47.43,47.37,47.43,1300,2021-06-25 15:27:00,PRTA
47.305,47.305,47.305,47.305,100,2021-06-25 15:28:00,PRTA
47.335,47.335,47.335,47.335,154,2021-06-25 15:30:00,PRTA
47.43,47.43,47.43,47.43,100,2021-06-25 15:31:00,PRTA
47.27,47.27,47.27,47.27,100,2021-06-25 15:32:00,PRTA
47.25,47.43,47.25,47.25,300,2021-06-25 15:33:00,PRTA
47.4012,47.4012,47.305,47.34,1191,2021-06-25 15:35:00,PRTA
47.32,47.32,47.28,47.28,800,2021-06-25 15:36:00,PRTA
47.27,47.27,47.27,47.27,200,2021-06-25 15:37:00,PRTA
47.42,47.42,47.345,47.345,815,2021-06-25 15:40:00,PRTA
47.27,47.42,47.27,47.335,300,2021-06-25 15:42:00,PRTA
47.335,47.335,47.16,47.2,1196,2021-06-25 15:43:00,PRTA
47.1,47.1,47.1,47.1,100,2021-06-25 15:44:00,PRTA
47.1,47.1,47.08,47.08,663,2021-06-25 15:45:00,PRTA
47.13,47.13,47.13,47.13,100,2021-06-25 15:48:00,PRTA
47.1,47.14,47.06,47.06,1228,2021-06-25 15:49:00,PRTA
47.0775,47.15,47.075,47.11,2688,2021-06-25 15:50:00,PRTA
47.2,47.24,47.2,47.2,800,2021-06-25 15:51:00,PRTA
47.2,47.35,47.2,47.31,2400,2021-06-25 15:52:00,PRTA
47.2,47.22,47.2,47.22,2500,2021-06-25 15:53:00,PRTA
47.42,47.43,47.42,47.43,200,2021-06-25 15:55:00,PRTA
47.49,47.49,47.49,47.49,100,2021-06-25 15:57:00,PRTA
47.6,47.6,47.44,47.44,200,2021-06-25 15:58:00,PRTA
47.5,47.5,47.5,47.5,100,2021-06-25 15:59:00,PRTA
47.41,47.41,47.41,47.41,100,2021-06-25 16:00:00,PRTA
47.495,47.52,47.42,47.52,600,2021-06-25 16:01:00,PRTA
47.87,47.87,47.87,47.87,100,2021-06-25 16:03:00,PRTA
47.695,47.695,47.695,47.695,200,2021-06-25 16:05:00,PRTA
47.87,47.88,47.67,47.67,512,2021-06-25 16:06:00,PRTA
47.7521,47.87,47.7521,47.87,314,2021-06-25 16:08:00,PRTA
47.76,47.76,47.76,47.76,100,2021-06-25 16:09:00,PRTA
47.79,47.79,47.66,47.66,700,2021-06-25 16:10:00,PRTA
47.695,47.695,47.695,47.695,250,2021-06-25 16:11:00,PRTA
47.54,47.695,47.54,47.695,200,2021-06-25 16:12:00,PRTA
47.695,47.695,47.695,47.695,1100,2021-06-25 16:14:00,PRTA
47.775,47.775,47.775,47.775,200,2021-06-25 16:16:00,PRTA
47.68,47.68,47.66,47.66,1330,2021-06-25 16:18:00,PRTA
47.67,47.755,47.65,47.65,300,2021-06-25 16:24:00,PRTA
47.67,47.68,47.67,47.68,200,2021-06-25 16:25:00,PRTA
47.76,47.76,47.74,47.74,200,2021-06-25 16:26:00,PRTA
47.7,47.74,47.7,47.74,300,2021-06-25 16:28:00,PRTA
47.64,47.65,47.58,47.615,1300,2021-06-25 16:30:00,PRTA
47.65,47.72,47.64,47.64,2607,2021-06-25 16:31:00,PRTA
47.705,47.705,47.705,47.705,100,2021-06-25 16:33:00,PRTA
47.5701,47.5701,47.5701,47.5701,245,2021-06-25 16:36:00,PRTA
47.69,47.76,47.69,47.76,800,2021-06-25 16:37:00,PRTA
47.86,47.86,47.745,47.745,200,2021-06-25 16:41:00,PRTA
47.75,47.75,47.75,47.75,100,2021-06-25 16:42:00,PRTA
47.755,47.755,47.755,47.755,200,2021-06-25 16:43:00,PRTA
47.755,47.755,47.755,47.755,100,2021-06-25 16:45:00,PRTA
47.755,47.755,47.755,47.755,100,2021-06-25 16:46:00,PRTA
47.755,47.755,47.755,47.755,100,2021-06-25 16:47:00,PRTA
47.84,47.86,47.755,47.755,500,2021-06-25 16:48:00,PRTA
47.765,47.765,47.765,47.765,200,2021-06-25 16:50:00,PRTA
47.765,47.765,47.765,47.765,237,2021-06-25 16:53:00,PRTA
47.765,47.765,47.765,47.765,100,2021-06-25 16:55:00,PRTA
47.765,47.765,47.765,47.765,200,2021-06-25 16:56:00,PRTA
47.67,47.67,47.67,47.67,200,2021-06-25 16:57:00,PRTA
47.775,47.775,47.7,47.7,304,2021-06-25 16:59:00,PRTA
47.73,47.73,47.73,47.73,100,2021-06-25 17:01:00,PRTA
47.73,47.73,47.73,47.73,100,2021-06-25 17:02:00,PRTA
47.73,47.73,47.69,47.69,400,2021-06-25 17:03:00,PRTA
47.77,47.81,47.72,47.72,1706,2021-06-25 17:04:00,PRTA
47.78,47.8,47.73,47.8,900,2021-06-25 17:05:00,PRTA
47.87,47.94,47.82,47.835,1717,2021-06-25 17:08:00,PRTA
47.925,47.925,47.925,47.925,200,2021-06-25 17:09:00,PRTA
47.8018,47.8018,47.8018,47.8018,111,2021-06-25 17:12:00,PRTA
47.97,48.07,47.915,47.96,1000,2021-06-25 17:17:00,PRTA
47.925,47.93,47.91,47.93,300,2021-06-25 17:21:00,PRTA
47.85,47.93,47.85,47.93,300,2021-06-25 17:22:00,PRTA
47.85,47.91,47.8,47.91,2358,2021-06-25 17:25:00,PRTA
47.83,47.83,47.83,47.83,200,2021-06-25 17:26:00,PRTA
47.91,47.91,47.91,47.91,100,2021-06-25 17:28:00,PRTA
47.92,47.92,47.92,47.92,100,2021-06-25 17:30:00,PRTA
47.86,47.86,47.81,47.81,200,2021-06-25 17:32:00,PRTA
47.7601,47.7601,47.7601,47.7601,212,2021-06-25 17:37:00,PRTA
47.78,47.88,47.75,47.88,2300,2021-06-25 17:40:00,PRTA
47.75,47.77,47.5,47.5,2500,2021-06-25 17:41:00,PRTA
47.49,47.49,47.49,47.49,100,2021-06-25 17:43:00,PRTA
47.39,47.39,47.39,47.39,100,2021-06-25 17:45:00,PRTA
47.51,47.66,47.51,47.66,1100,2021-06-25 17:46:00,PRTA
47.585,47.585,47.585,47.585,100,2021-06-25 17:49:00,PRTA
47.54,47.54,47.54,47.54,100,2021-06-25 17:50:00,PRTA
47.66,47.66,47.66,47.66,100,2021-06-25 17:51:00,PRTA
47.53,47.585,47.53,47.575,400,2021-06-25 17:53:00,PRTA
47.575,47.575,47.575,47.575,100,2021-06-25 17:54:00,PRTA
47.62,47.64,47.61,47.61,800,2021-06-25 17:55:00,PRTA
47.75,47.75,47.75,47.75,100,2021-06-25 17:56:00,PRTA
47.67,47.67,47.67,47.67,100,2021-06-25 17:57:00,PRTA
47.73,47.73,47.59,47.59,200,2021-06-25 17:59:00,PRTA
47.75,47.75,47.75,47.75,100,2021-06-25 18:00:00,PRTA
47.6,47.67,47.6,47.67,400,2021-06-25 18:01:00,PRTA
47.675,47.675,47.675,47.675,100,2021-06-25 18:02:00,PRTA
47.62,47.62,47.555,47.555,1506,2021-06-25 18:03:00,PRTA
47.555,47.56,47.51,47.53,1532,2021-06-25 18:04:00,PRTA
47.57,47.57,47.57,47.57,100,2021-06-25 18:08:00,PRTA
47.58,47.58,47.48,47.48,600,2021-06-25 18:09:00,PRTA
47.455,47.57,47.455,47.57,940,2021-06-25 18:10:00,PRTA
47.57,47.57,47.57,47.57,100,2021-06-25 18:12:00,PRTA
47.54,47.555,47.54,47.555,300,2021-06-25 18:13:00,PRTA
47.47,47.47,47.44,47.44,200,2021-06-25 18:15:00,PRTA
47.44,47.44,47.44,47.44,100,2021-06-25 18:16:00,PRTA
47.44,47.47,47.43,47.47,420,2021-06-25 18:18:00,PRTA
47.34,47.41,47.34,47.41,1000,2021-06-25 18:19:00,PRTA
47.37,47.37,47.31,47.31,500,2021-06-25 18:22:00,PRTA
47.33,47.33,47.27,47.27,400,2021-06-25 18:23:00,PRTA
47.25,47.26,47.14,47.14,900,2021-06-25 18:24:00,PRTA
47.15,47.16,47.115,47.16,1401,2021-06-25 18:26:00,PRTA
47.08,47.08,47.02,47.02,688,2021-06-25 18:27:00,PRTA
47.01,47.01,47.01,47.01,200,2021-06-25 18:28:00,PRTA
47.04,47.05,47.005,47.025,1000,2021-06-25 18:29:00,PRTA
47.1,47.1,47.07,47.07,200,2021-06-25 18:31:00,PRTA
47.02,47.02,47.0,47.02,300,2021-06-25 18:32:00,PRTA
47.05,47.05,47.05,47.05,163,2021-06-25 18:33:00,PRTA
47.0,47.0,47.0,47.0,100,2021-06-25 18:34:00,PRTA
47.0,47.0,47.0,47.0,100,2021-06-25 18:35:00,PRTA
46.98,46.98,46.98,46.98,400,2021-06-25 18:36:00,PRTA
47.01,47.02,46.88,46.895,2100,2021-06-25 18:37:00,PRTA
46.91,46.91,46.88,46.88,300,2021-06-25 18:38:00,PRTA
46.9,46.9,46.75,46.79,700,2021-06-25 18:39:00,PRTA
46.775,46.775,46.775,46.775,100,2021-06-25 18:40:00,PRTA
46.805,46.81,46.77,46.81,500,2021-06-25 18:41:00,PRTA
46.8,46.8,46.8,46.8,100,2021-06-25 18:43:00,PRTA
46.81,46.81,46.74,46.74,200,2021-06-25 18:44:00,PRTA
46.87,46.87,46.81,46.81,300,2021-06-25 18:45:00,PRTA
46.75,46.81,46.7,46.81,2002,2021-06-25 18:46:00,PRTA
46.7,46.73,46.69,46.73,600,2021-06-25 18:49:00,PRTA
46.7,46.755,46.68,46.755,1524,2021-06-25 18:50:00,PRTA
46.77,46.83,46.755,46.755,400,2021-06-25 18:51:00,PRTA
46.83,46.88,46.76,46.87,800,2021-06-25 18:52:00,PRTA
46.875,46.875,46.875,46.875,100,2021-06-25 18:54:00,PRTA
46.95,46.97,46.88,46.88,600,2021-06-25 18:55:00,PRTA
46.995,46.995,46.995,46.995,100,2021-06-25 18:57:00,PRTA
46.9,46.9,46.87,46.87,1000,2021-06-25 18:58:00,PRTA
46.81,46.82,46.78,46.78,500,2021-06-25 18:59:00,PRTA
46.76,46.76,46.74,46.74,200,2021-06-25 19:00:00,PRTA
46.82,46.87,46.785,46.82,1484,2021-06-25 19:01:00,PRTA
46.815,46.815,46.815,46.815,100,2021-06-25 19:03:00,PRTA
46.73,46.74,46.7,46.72,500,2021-06-25 19:04:00,PRTA
46.76,46.77,46.7,46.725,1400,2021-06-25 19:05:00,PRTA
46.68,46.72,46.68,46.72,1320,2021-06-25 19:07:00,PRTA
46.77,46.77,46.77,46.77,100,2021-06-25 19:08:00,PRTA
46.76,46.76,46.76,46.76,100,2021-06-25 19:09:00,PRTA
46.78,46.78,46.78,46.78,229,2021-06-25 19:10:00,PRTA
46.73,46.79,46.7,46.735,1600,2021-06-25 19:11:00,PRTA
46.74,46.82,46.74,46.82,300,2021-06-25 19:12:00,PRTA
46.885,46.885,46.885,46.885,100,2021-06-25 19:13:00,PRTA
46.9,46.9,46.9,46.9,100,2021-06-25 19:14:00,PRTA
47.0,47.0,46.91,46.91,531,2021-06-25 19:15:00,PRTA
46.9865,47.17,46.935,47.17,1259,2021-06-25 19:16:00,PRTA
47.165,47.31,47.165,47.195,300,2021-06-25 19:17:00,PRTA
47.19,47.19,47.19,47.19,100,2021-06-25 19:18:00,PRTA
47.19,47.29,47.11,47.11,400,2021-06-25 19:19:00,PRTA
47.195,47.28,47.11,47.13,1700,2021-06-25 19:20:00,PRTA
47.19,47.19,47.1,47.185,500,2021-06-25 19:21:00,PRTA
47.12,47.28,47.1,47.17,1608,2021-06-25 19:22:00,PRTA
47.17,47.435,47.17,47.435,2500,2021-06-25 19:23:00,PRTA
47.45,47.53,47.45,47.53,240,2021-06-25 19:25:00,PRTA
47.5,47.55,47.5,47.52,800,2021-06-25 19:26:00,PRTA
47.46,47.51,47.4463,47.4463,711,2021-06-25 19:27:00,PRTA
47.42,47.47,47.4,47.4,680,2021-06-25 19:28:00,PRTA
47.445,47.445,47.445,47.445,100,2021-06-25 19:29:00,PRTA
47.39,47.4,47.17,47.19,4700,2021-06-25 19:30:00,PRTA
47.17,47.18,47.12,47.129,2732,2021-06-25 19:32:00,PRTA
47.15,47.23,47.14,47.19,2000,2021-06-25 19:33:00,PRTA
47.185,47.23,47.185,47.22,500,2021-06-25 19:34:00,PRTA
47.26,47.35,47.21,47.35,1500,2021-06-25 19:35:00,PRTA
47.36,47.36,47.34,47.34,373,2021-06-25 19:36:00,PRTA
47.355,47.55,47.355,47.55,1083,2021-06-25 19:37:00,PRTA
47.38,47.44,47.34,47.38,1421,2021-06-25 19:38:00,PRTA
47.34,47.34,47.32,47.32,300,2021-06-25 19:39:00,PRTA
47.33,47.33,47.28,47.31,1500,2021-06-25 19:40:00,PRTA
47.31,47.35,47.27,47.31,500,2021-06-25 19:41:00,PRTA
47.34,47.41,47.34,47.41,1972,2021-06-25 19:42:00,PRTA
47.41,47.52,47.41,47.455,1058,2021-06-25 19:43:00,PRTA
47.445,47.61,47.41,47.61,1250,2021-06-25 19:44:00,PRTA
47.57,47.61,47.42,47.5,2524,2021-06-25 19:45:00,PRTA
47.46,47.66,47.46,47.66,3100,2021-06-25 19:46:00,PRTA
47.525,47.55,47.5,47.5,400,2021-06-25 19:48:00,PRTA
47.545,47.58,47.535,47.545,1354,2021-06-25 19:49:00,PRTA
47.51,47.51,46.77,46.77,9900,2021-06-25 19:50:00,PRTA
47.03,47.165,46.84,46.84,4156,2021-06-25 19:51:00,PRTA
46.94,47.06,46.84,47.055,4935,2021-06-25 19:52:00,PRTA
46.94,47.2,46.84,46.9,7371,2021-06-25 19:53:00,PRTA
46.9,46.9,46.28,46.8,7900,2021-06-25 19:54:00,PRTA
46.56,46.83,46.56,46.795,6962,2021-06-25 19:55:00,PRTA
46.795,46.84,46.79,46.805,3101,2021-06-25 19:56:00,PRTA
46.83,47.0,46.83,46.905,11518,2021-06-25 19:57:00,PRTA
46.9,46.96,46.8,46.83,8903,2021-06-25 19:58:00,PRTA
46.82,46.995,46.81,46.86,13600,2021-06-25 19:59:00,PRTA
46.86,46.86,46.86,46.86,514314,2021-06-25 20:00:00,PRTA
46.86,46.86,46.86,46.86,10923,2021-06-25 20:02:00,PRTA
46.86,46.86,46.86,46.86,41055,2021-06-25 20:05:00,PRTA
46.86,46.86,46.86,46.86,115888,2021-06-25 20:35:00,PRTA
48.0,48.0,48.0,48.0,100,2021-06-28 12:27:00,PRTA
48.0,48.0,48.0,48.0,100,2021-06-28 12:30:00,PRTA
48.0,48.0,48.0,48.0,1000,2021-06-28 13:16:00,PRTA
47.22,48.9992,47.22,47.815,5515,2021-06-28 13:30:00,PRTA
47.31,47.315,46.9113,47.315,363,2021-06-28 13:33:00,PRTA
47.555,48.43,47.445,48.34,10700,2021-06-28 13:36:00,PRTA
48.03,48.04,47.95,48.035,4524,2021-06-28 13:37:00,PRTA
48.6,48.6,48.39,48.57,700,2021-06-28 13:41:00,PRTA
48.2465,48.2465,48.2465,48.2465,280,2021-06-28 13:42:00,PRTA
47.825,47.825,47.825,47.825,100,2021-06-28 13:43:00,PRTA
48.16,48.38,48.16,48.36,300,2021-06-28 13:44:00,PRTA
48.2937,48.2937,48.2937,48.2937,125,2021-06-28 13:45:00,PRTA
48.4736,48.4736,48.4736,48.4736,100,2021-06-28 13:46:00,PRTA
48.375,48.73,48.375,48.73,200,2021-06-28 13:48:00,PRTA
48.66,48.66,48.51,48.51,206,2021-06-28 13:49:00,PRTA
48.71,48.73,48.71,48.73,300,2021-06-28 13:51:00,PRTA
48.51,48.51,48.51,48.51,350,2021-06-28 13:53:00,PRTA
48.735,48.975,48.66,48.975,1400,2021-06-28 13:55:00,PRTA
48.6007,49.14,48.6007,48.92,2092,2021-06-28 13:56:00,PRTA
49.19,49.19,49.18,49.18,200,2021-06-28 13:57:00,PRTA
49.11,49.18,49.1,49.18,480,2021-06-28 13:58:00,PRTA
49.14,49.14,48.9247,49.0882,1979,2021-06-28 14:00:00,PRTA
49.5,49.5,49.308,49.4,3323,2021-06-28 14:01:00,PRTA
49.5,49.5,49.4406,49.4406,400,2021-06-28 14:02:00,PRTA
49.73,50.01,49.565,49.8,8236,2021-06-28 14:03:00,PRTA
50.11,50.3,50.11,50.3,2600,2021-06-28 14:04:00,PRTA
50.36,50.36,50.346,50.346,502,2021-06-28 14:05:00,PRTA
50.385,50.66,50.385,50.65,447,2021-06-28 14:06:00,PRTA
50.41,50.65,50.35,50.64,4160,2021-06-28 14:07:00,PRTA
50.39,50.62,50.1301,50.1301,2900,2021-06-28 14:08:00,PRTA
50.375,50.375,50.375,50.375,100,2021-06-28 14:09:00,PRTA
50.3501,50.821,50.325,50.81,2542,2021-06-28 14:11:00,PRTA
50.3537,50.3537,50.3537,50.3537,100,2021-06-28 14:12:00,PRTA
50.51,50.51,50.51,50.51,102,2021-06-28 14:13:00,PRTA
50.6081,51.19,50.41,51.19,7743,2021-06-28 14:14:00,PRTA
51.21,51.35,51.19,51.35,724,2021-06-28 14:15:00,PRTA
51.42,51.74,51.1201,51.73,1271,2021-06-28 14:16:00,PRTA
51.93,51.93,51.93,51.93,100,2021-06-28 14:18:00,PRTA
51.32,51.88,51.32,51.88,1200,2021-06-28 14:19:00,PRTA
51.8,51.8,51.575,51.78,589,2021-06-28 14:21:00,PRTA
51.6852,52.18,51.6852,51.86,5216,2021-06-28 14:22:00,PRTA
51.94,51.945,51.12,51.53,17814,2021-06-28 14:23:00,PRTA
51.525,51.525,51.525,51.525,100,2021-06-28 14:24:00,PRTA
51.525,51.525,51.21,51.21,1000,2021-06-28 14:25:00,PRTA
51.78,51.78,51.69,51.69,900,2021-06-28 14:26:00,PRTA
51.428,51.545,51.25,51.25,700,2021-06-28 14:27:00,PRTA
51.28,51.3,51.12,51.235,1603,2021-06-28 14:28:00,PRTA
51.24,51.24,51.24,51.24,100,2021-06-28 14:30:00,PRTA
51.35,51.5,51.24,51.245,1738,2021-06-28 14:31:00,PRTA
51.33,51.33,51.33,51.33,100,2021-06-28 14:32:00,PRTA
51.18,51.24,51.17,51.21,500,2021-06-28 14:33:00,PRTA
51.32,51.32,51.16,51.17,1800,2021-06-28 14:34:00,PRTA
51.13,51.13,51.065,51.065,1100,2021-06-28 14:36:00,PRTA
50.9999,50.9999,50.9999,50.9999,100,2021-06-28 14:38:00,PRTA
50.84,51.07,50.84,51.0375,1700,2021-06-28 14:43:00,PRTA
50.985,50.985,50.8,50.8,846,2021-06-28 14:45:00,PRTA
50.6304,50.73,50.6304,50.73,200,2021-06-28 14:46:00,PRTA
50.56,50.57,50.5243,50.5243,1994,2021-06-28 14:47:00,PRTA
50.56,50.56,50.41,50.41,359,2021-06-28 14:51:00,PRTA
50.41,50.41,50.41,50.41,200,2021-06-28 14:52:00,PRTA
50.13,50.13,50.13,50.13,100,2021-06-28 14:55:00,PRTA
50.1621,50.1621,50.11,50.11,1854,2021-06-28 14:56:00,PRTA
50.19,50.2,50.16,50.2,300,2021-06-28 14:57:00,PRTA
50.31,50.37,50.31,50.37,487,2021-06-28 14:59:00,PRTA
50.5974,50.5974,50.49,50.49,1000,2021-06-28 15:00:00,PRTA
50.7,50.7,50.7,50.7,191,2021-06-28 15:07:00,PRTA
50.888,50.95,50.888,50.95,200,2021-06-28 15:08:00,PRTA
50.7571,51.125,50.7571,51.0,713,2021-06-28 15:10:00,PRTA
51.02,51.05,50.9523,51.05,700,2021-06-28 15:11:00,PRTA
51.1121,51.1121,51.1121,51.1121,100,2021-06-28 15:13:00,PRTA
51.06,51.06,51.06,51.06,300,2021-06-28 15:15:00,PRTA
51.08,51.08,50.9458,50.9458,700,2021-06-28 15:17:00,PRTA
50.98,50.98,50.98,50.98,100,2021-06-28 15:20:00,PRTA
50.97,50.98,50.78,50.78,700,2021-06-28 15:21:00,PRTA
50.73,50.73,50.73,50.73,100,2021-06-28 15:23:00,PRTA
50.81,50.81,50.74,50.74,700,2021-06-28 15:28:00,PRTA
50.72,50.72,50.72,50.72,100,2021-06-28 15:31:00,PRTA
51.0868,51.0868,50.77,50.78,1360,2021-06-28 15:35:00,PRTA
50.76,50.76,50.76,50.76,100,2021-06-28 15:36:00,PRTA
50.7601,50.7601,50.7601,50.7601,100,2021-06-28 15:38:00,PRTA
51.01,51.01,50.77,50.88,440,2021-06-28 15:40:00,PRTA
50.9,50.92,50.8,50.82,1700,2021-06-28 15:41:00,PRTA
50.85,50.985,50.85,50.985,2901,2021-06-28 15:42:00,PRTA
50.825,50.91,50.79,50.79,3393,2021-06-28 15:48:00,PRTA
50.91,50.91,50.91,50.91,300,2021-06-28 15:49:00,PRTA
51.0,51.01,50.99,51.01,1900,2021-06-28 15:50:00,PRTA
50.98,50.98,50.98,50.98,300,2021-06-28 15:51:00,PRTA
50.96,50.96,50.85,50.85,1900,2021-06-28 15:52:00,PRTA
50.92,50.92,50.91,50.91,1400,2021-06-28 16:00:00,PRTA
50.93,50.93,50.88,50.88,2689,2021-06-28 16:01:00,PRTA
50.79,50.79,50.79,50.79,108,2021-06-28 16:13:00,PRTA
50.9,50.9,50.9,50.9,200,2021-06-28 16:14:00,PRTA
51.065,51.065,50.89,51.065,3010,2021-06-28 16:16:00,PRTA
51.0,51.0,51.0,51.0,200,2021-06-28 16:18:00,PRTA
50.89,50.96,50.89,50.96,200,2021-06-28 16:19:00,PRTA
50.91,50.91,50.85,50.86,600,2021-06-28 16:20:00,PRTA
50.84,50.86,50.81,50.86,1992,2021-06-28 16:23:00,PRTA
50.96,50.96,50.96,50.96,100,2021-06-28 16:24:00,PRTA
50.96,50.97,50.96,50.96,1574,2021-06-28 16:25:00,PRTA
50.81,50.81,50.8,50.8,200,2021-06-28 16:27:00,PRTA
50.975,50.975,50.975,50.975,100,2021-06-28 16:29:00,PRTA
50.9965,50.9965,50.9965,50.9965,150,2021-06-28 16:31:00,PRTA
51.005,51.005,51.005,51.005,100,2021-06-28 16:34:00,PRTA
51.01,51.01,51.01,51.01,100,2021-06-28 16:38:00,PRTA
50.82,50.82,50.8,50.8,848,2021-06-28 16:39:00,PRTA
50.73,50.8,50.7,50.78,1295,2021-06-28 16:42:00,PRTA
50.67,50.67,50.66,50.66,300,2021-06-28 16:43:00,PRTA
50.67,50.67,50.67,50.67,300,2021-06-28 16:44:00,PRTA
50.7,50.7,50.7,50.7,5780,2021-06-28 16:45:00,PRTA
50.7,50.7,50.7,50.7,100,2021-06-28 16:48:00,PRTA
50.6,50.6,50.58,50.6,500,2021-06-28 16:49:00,PRTA
50.665,50.665,50.665,50.665,500,2021-06-28 16:51:00,PRTA
50.5891,50.59,50.5891,50.59,600,2021-06-28 16:52:00,PRTA
50.655,50.655,50.51,50.56,1300,2021-06-28 16:53:00,PRTA
50.55,50.565,50.5206,50.565,300,2021-06-28 16:54:00,PRTA
50.515,50.515,50.515,50.515,100,2021-06-28 16:58:00,PRTA
50.41,50.41,50.41,50.41,100,2021-06-28 16:59:00,PRTA
50.416,50.416,50.416,50.416,175,2021-06-28 17:00:00,PRTA
50.39,50.39,50.29,50.31,600,2021-06-28 17:02:00,PRTA
50.31,50.31,50.31,50.31,226,2021-06-28 17:04:00,PRTA
50.2285,50.2285,50.2285,50.2285,100,2021-06-28 17:05:00,PRTA
50.15,50.15,50.15,50.15,100,2021-06-28 17:06:00,PRTA
50.15,50.15,50.11,50.13,400,2021-06-28 17:07:00,PRTA
50.11,50.1859,50.11,50.1859,600,2021-06-28 17:09:00,PRTA
50.15,50.23,50.14,50.14,646,2021-06-28 17:10:00,PRTA
50.03,50.03,50.03,50.03,247,2021-06-28 17:11:00,PRTA
50.15,50.15,50.0995,50.105,2500,2021-06-28 17:15:00,PRTA
50.15,50.29,50.03,50.155,4308,2021-06-28 17:16:00,PRTA
50.2321,50.2321,50.15,50.15,2500,2021-06-28 17:17:00,PRTA
50.145,50.145,50.145,50.145,300,2021-06-28 17:21:00,PRTA
50.02,50.03,50.0,50.03,900,2021-06-28 17:23:00,PRTA
50.0,50.0,49.8,49.8,1683,2021-06-28 17:26:00,PRTA
49.65,49.78,49.65,49.77,500,2021-06-28 17:27:00,PRTA
49.67,49.67,49.67,49.67,400,2021-06-28 17:28:00,PRTA
49.85,49.94,49.848,49.848,2900,2021-06-28 17:29:00,PRTA
49.935,49.935,49.935,49.935,100,2021-06-28 17:30:00,PRTA
49.81,49.81,49.81,49.81,200,2021-06-28 17:31:00,PRTA
49.81,49.88,49.62,49.62,3100,2021-06-28 17:33:00,PRTA
49.64,49.64,49.63,49.63,200,2021-06-28 17:38:00,PRTA
49.665,49.665,49.665,49.665,145,2021-06-28 17:42:00,PRTA
49.675,49.675,49.675,49.675,100,2021-06-28 17:43:00,PRTA
49.63,49.63,49.63,49.63,100,2021-06-28 17:44:00,PRTA
49.66,49.66,49.6,49.6,218,2021-06-28 17:45:00,PRTA
49.62,49.62,49.62,49.62,300,2021-06-28 17:48:00,PRTA
49.59,49.59,49.59,49.59,100,2021-06-28 17:49:00,PRTA
49.45,49.45,49.43,49.43,300,2021-06-28 17:53:00,PRTA
49.62,49.72,49.545,49.545,300,2021-06-28 17:57:00,PRTA
49.56,49.57,49.56,49.57,600,2021-06-28 17:58:00,PRTA
49.4701,49.49,49.4701,49.49,900,2021-06-28 18:00:00,PRTA
49.43,49.43,49.25,49.25,400,2021-06-28 18:01:00,PRTA
49.1039,49.1323,49.1039,49.1323,1100,2021-06-28 18:02:00,PRTA
49.0901,49.0901,49.0901,49.0901,1000,2021-06-28 18:03:00,PRTA
49.1229,49.1229,49.12,49.12,770,2021-06-28 18:05:00,PRTA
49.285,49.285,49.285,49.285,100,2021-06-28 18:07:00,PRTA
49.2,49.2,49.2,49.2,100,2021-06-28 18:09:00,PRTA
49.4,49.49,49.385,49.49,500,2021-06-28 18:11:00,PRTA
49.565,49.565,49.565,49.565,100,2021-06-28 18:14:00,PRTA
49.62,49.62,49.62,49.62,100,2021-06-28 18:16:00,PRTA
49.58,49.58,49.26,49.26,2200,2021-06-28 18:21:00,PRTA
49.44,49.45,49.44,49.45,200,2021-06-28 18:22:00,PRTA
49.4395,49.4395,49.43,49.43,200,2021-06-28 18:23:00,PRTA
49.39,49.39,49.11,49.11,700,2021-06-28 18:26:00,PRTA
49.1,49.18,49.1,49.18,200,2021-06-28 18:27:00,PRTA
49.09,49.24,49.05,49.16,900,2021-06-28 18:28:00,PRTA
49.14,49.14,49.14,49.14,400,2021-06-28 18:30:00,PRTA
49.12,49.12,49.12,49.12,100,2021-06-28 18:36:00,PRTA
49.1,49.2,49.1,49.15,1108,2021-06-28 18:40:00,PRTA
49.175,49.175,49.175,49.175,104,2021-06-28 18:42:00,PRTA
49.05,49.05,48.98,48.98,1628,2021-06-28 18:48:00,PRTA
49.12,49.2,49.05,49.14,1500,2021-06-28 18:49:00,PRTA
49.18,49.18,49.01,49.125,2800,2021-06-28 18:50:00,PRTA
49.03,49.24,49.0,49.08,7422,2021-06-28 18:51:00,PRTA
49.15,49.29,49.11,49.29,2615,2021-06-28 18:52:00,PRTA
49.22,49.22,49.22,49.22,100,2021-06-28 18:53:00,PRTA
49.19,49.19,49.19,49.19,200,2021-06-28 19:03:00,PRTA
49.19,49.19,49.19,49.19,100,2021-06-28 19:04:00,PRTA
49.215,49.215,49.215,49.215,100,2021-06-28 19:05:00,PRTA
49.25,49.25,49.25,49.25,100,2021-06-28 19:06:00,PRTA
49.22,49.22,49.1,49.16,2100,2021-06-28 19:07:00,PRTA
49.145,49.145,49.145,49.145,100,2021-06-28 19:08:00,PRTA
49.17,49.17,49.17,49.17,201,2021-06-28 19:10:00,PRTA
49.12,49.12,49.12,49.12,100,2021-06-28 19:12:00,PRTA
49.14,49.27,49.14,49.27,300,2021-06-28 19:16:00,PRTA
49.27,49.27,49.15,49.19,1200,2021-06-28 19:17:00,PRTA
49.19,49.19,49.145,49.145,300,2021-06-28 19:19:00,PRTA
49.17,49.17,49.17,49.17,714,2021-06-28 19:20:00,PRTA
49.22,49.22,49.2,49.2,400,2021-06-28 19:21:00,PRTA
49.12,49.12,49.12,49.12,100,2021-06-28 19:22:00,PRTA
49.06,49.125,49.06,49.125,200,2021-06-28 19:23:00,PRTA
49.1,49.1,49.1,49.1,400,2021-06-28 19:24:00,PRTA
49.0,49.11,49.0,49.11,771,2021-06-28 19:25:00,PRTA
49.11,49.22,49.11,49.22,200,2021-06-28 19:26:00,PRTA
49.21,49.21,49.09,49.16,700,2021-06-28 19:29:00,PRTA
49.11,49.11,49.11,49.11,200,2021-06-28 19:30:00,PRTA
49.16,49.33,49.16,49.33,923,2021-06-28 19:31:00,PRTA
49.14,49.14,49.05,49.05,1371,2021-06-28 19:33:00,PRTA
49.05,49.1,48.83,48.83,1621,2021-06-28 19:34:00,PRTA
48.87,49.0,48.87,49.0,698,2021-06-28 19:35:00,PRTA
48.91,48.96,48.91,48.93,700,2021-06-28 19:36:00,PRTA
48.97,48.98,48.97,48.98,200,2021-06-28 19:37:00,PRTA
49.06,49.06,48.94,48.94,200,2021-06-28 19:38:00,PRTA
48.97,48.99,48.97,48.99,400,2021-06-28 19:39:00,PRTA
49.06,49.08,49.02,49.08,400,2021-06-28 19:40:00,PRTA
48.96,48.96,48.96,48.96,200,2021-06-28 19:41:00,PRTA
49.01,49.01,48.9,48.9,300,2021-06-28 19:42:00,PRTA
48.88,49.03,48.88,49.01,597,2021-06-28 19:43:00,PRTA
49.03,49.22,49.02,49.22,1288,2021-06-28 19:44:00,PRTA
49.14,49.3,49.14,49.3,3670,2021-06-28 19:45:00,PRTA
49.21,49.23,49.14,49.23,1158,2021-06-28 19:46:00,PRTA
49.21,49.21,49.21,49.21,400,2021-06-28 19:47:00,PRTA
49.23,49.23,49.11,49.115,2500,2021-06-28 19:48:00,PRTA
49.07,49.105,48.92,48.97,1800,2021-06-28 19:49:00,PRTA
48.92,49.01,48.86,48.97,1894,2021-06-28 19:50:00,PRTA
48.85,48.87,48.85,48.87,300,2021-06-28 19:51:00,PRTA
48.86,48.86,48.77,48.77,600,2021-06-28 19:52:00,PRTA
48.67,48.87,48.58,48.72,3158,2021-06-28 19:53:00,PRTA
48.75,48.75,48.71,48.72,700,2021-06-28 19:54:00,PRTA
48.66,48.85,48.66,48.67,2275,2021-06-28 19:55:00,PRTA
48.8,48.88,48.69,48.69,2535,2021-06-28 19:56:00,PRTA
48.88,48.9,48.69,48.9,485,2021-06-28 19:57:00,PRTA
48.91,48.91,48.71,48.73,1912,2021-06-28 19:58:00,PRTA
48.77,48.885,48.71,48.72,8001,2021-06-28 19:59:00,PRTA
48.73,48.73,48.73,48.73,43599,2021-06-28 20:00:00,PRTA
48.73,48.73,48.73,48.73,2122,2021-06-28 20:01:00,PRTA
48.7,48.7,48.7,48.7,100,2021-06-29 11:23:00,PRTA
48.51,48.51,48.51,48.51,3609,2021-06-29 13:30:00,PRTA
49.85,49.85,49.85,49.85,150,2021-06-29 13:33:00,PRTA
48.51,48.51,48.5,48.5,1314,2021-06-29 13:36:00,PRTA
48.5,48.535,48.5,48.535,200,2021-06-29 13:38:00,PRTA
48.5,48.52,48.5,48.52,200,2021-06-29 13:39:00,PRTA
49.135,49.135,48.51,48.53,1399,2021-06-29 13:40:00,PRTA
48.53,48.545,48.53,48.545,200,2021-06-29 13:41:00,PRTA
48.53,48.53,48.45,48.45,1474,2021-06-29 13:42:00,PRTA
48.42,48.42,48.16,48.37,1058,2021-06-29 13:44:00,PRTA
48.62,48.62,48.0201,48.05,2500,2021-06-29 13:47:00,PRTA
48.4,48.4,48.18,48.365,757,2021-06-29 13:48:00,PRTA
48.62,48.85,48.62,48.85,700,2021-06-29 13:49:00,PRTA
48.895,48.895,48.895,48.895,139,2021-06-29 13:50:00,PRTA
48.77,48.77,48.77,48.77,100,2021-06-29 13:51:00,PRTA
48.62,49.12,48.62,49.0575,1420,2021-06-29 13:53:00,PRTA
48.8,48.9,48.8,48.8,1300,2021-06-29 13:55:00,PRTA
48.65,48.65,48.65,48.65,100,2021-06-29 13:56:00,PRTA
48.42,48.42,48.41,48.41,200,2021-06-29 13:57:00,PRTA
48.3829,48.3829,48.3829,48.3829,120,2021-06-29 14:01:00,PRTA
48.45,48.76,48.4,48.76,500,2021-06-29 14:02:00,PRTA
48.47,48.72,48.4,48.57,3037,2021-06-29 14:05:00,PRTA
48.485,48.6,48.435,48.52,850,2021-06-29 14:06:00,PRTA
48.52,48.74,48.455,48.74,399,2021-06-29 14:07:00,PRTA
48.295,48.44,48.295,48.35,915,2021-06-29 14:08:00,PRTA
48.42,48.42,48.1835,48.1835,499,2021-06-29 14:09:00,PRTA
48.0,48.0,48.0,48.0,175,2021-06-29 14:10:00,PRTA
47.71,47.71,47.71,47.71,100,2021-06-29 14:14:00,PRTA
47.74,47.74,47.65,47.65,600,2021-06-29 14:16:00,PRTA
47.59,47.61,47.2,47.2,1560,2021-06-29 14:17:00,PRTA
47.62,47.84,47.595,47.84,700,2021-06-29 14:18:00,PRTA
47.67,47.67,47.67,47.67,100,2021-06-29 14:21:00,PRTA
48.12,48.12,48.12,48.12,100,2021-06-29 14:22:00,PRTA
47.875,48.235,47.87,47.87,349,2021-06-29 14:24:00,PRTA
47.9529,47.9529,47.9529,47.9529,208,2021-06-29 14:27:00,PRTA
48.115,48.229,47.86,47.86,1464,2021-06-29 14:28:00,PRTA
47.8,47.8,47.8,47.8,100,2021-06-29 14:31:00,PRTA
48.18,48.1999,47.91,47.91,800,2021-06-29 14:34:00,PRTA
47.905,47.905,47.905,47.905,100,2021-06-29 14:35:00,PRTA
47.94,48.34,47.94,47.99,300,2021-06-29 14:36:00,PRTA
48.37,48.37,48.11,48.11,200,2021-06-29 14:38:00,PRTA
48.1,48.255,48.1,48.12,908,2021-06-29 14:39:00,PRTA
47.8,48.005,47.8,48.005,200,2021-06-29 14:40:00,PRTA
47.78,47.97,47.78,47.97,509,2021-06-29 14:42:00,PRTA
48.02,48.02,48.02,48.02,100,2021-06-29 14:43:00,PRTA
47.83,47.83,47.83,47.83,100,2021-06-29 14:44:00,PRTA
47.97,47.97,47.815,47.815,1232,2021-06-29 14:45:00,PRTA
48.01,48.18,48.01,48.18,567,2021-06-29 14:47:00,PRTA
48.04,48.09,48.04,48.09,430,2021-06-29 14:48:00,PRTA
48.09,48.09,48.07,48.07,300,2021-06-29 14:49:00,PRTA
48.14,48.14,48.14,48.14,100,2021-06-29 14:50:00,PRTA
48.1,48.1428,48.1,48.12,410,2021-06-29 14:53:00,PRTA
48.095,48.135,48.0,48.06,1000,2021-06-29 14:56:00,PRTA
47.79,47.79,47.75,47.75,418,2021-06-29 15:00:00,PRTA
47.61,47.61,47.6,47.6,357,2021-06-29 15:03:00,PRTA
47.6,47.6,47.6,47.6,500,2021-06-29 15:04:00,PRTA
47.47,47.47,47.45,47.45,499,2021-06-29 15:05:00,PRTA
47.3,47.3,47.14,47.14,200,2021-06-29 15:06:00,PRTA
47.52,47.52,47.28,47.28,500,2021-06-29 15:07:00,PRTA
47.14,47.17,47.14,47.17,200,2021-06-29 15:08:00,PRTA
47.4556,47.4556,47.4556,47.4556,138,2021-06-29 15:09:00,PRTA
47.16,47.16,47.16,47.16,100,2021-06-29 15:10:00,PRTA
47.18,47.18,47.13,47.13,400,2021-06-29 15:11:00,PRTA
47.04,47.04,47.04,47.04,100,2021-06-29 15:12:00,PRTA
47.01,47.01,47.01,47.01,100,2021-06-29 15:13:00,PRTA
47.01,47.12,47.01,47.12,450,2021-06-29 15:14:00,PRTA
47.25,47.26,47.195,47.25,1300,2021-06-29 15:15:00,PRTA
47.29,47.39,47.29,47.39,200,2021-06-29 15:16:00,PRTA
47.1692,47.1692,47.1692,47.1692,299,2021-06-29 15:17:00,PRTA
47.165,47.17,47.165,47.17,200,2021-06-29 15:20:00,PRTA
47.16,47.32,47.16,47.32,200,2021-06-29 15:22:00,PRTA
47.33,47.33,47.165,47.32,300,2021-06-29 15:24:00,PRTA
47.32,47.32,47.32,47.32,100,2021-06-29 15:25:00,PRTA
47.18,47.18,47.18,47.18,100,2021-06-29 15:27:00,PRTA
47.2612,47.2612,47.19,47.19,450,2021-06-29 15:28:00,PRTA
47.29,47.37,47.29,47.37,400,2021-06-29 15:29:00,PRTA
47.24,47.37,47.24,47.37,1499,2021-06-29 15:30:00,PRTA
47.27,47.46,47.27,47.46,200,2021-06-29 15:32:00,PRTA
47.47,47.63,47.47,47.59,950,2021-06-29 15:33:00,PRTA
47.32,47.46,47.32,47.46,4279,2021-06-29 15:37:00,PRTA
47.385,47.39,47.27,47.35,800,2021-06-29 15:38:00,PRTA
47.3,47.3,47.285,47.285,1770,2021-06-29 15:40:00,PRTA
47.35,47.48,47.35,47.48,300,2021-06-29 15:41:00,PRTA
47.5,47.5,47.5,47.5,100,2021-06-29 15:44:00,PRTA
47.4643,47.4643,47.4643,47.4643,100,2021-06-29 15:46:00,PRTA
47.43,47.43,47.43,47.43,200,2021-06-29 15:48:00,PRTA
47.32,47.32,47.29,47.29,200,2021-06-29 15:49:00,PRTA
47.4,47.41,47.29,47.31,1700,2021-06-29 15:51:00,PRTA
47.32,47.32,47.32,47.32,100,2021-06-29 15:52:00,PRTA
47.31,47.31,47.31,47.31,100,2021-06-29 15:54:00,PRTA
47.43,47.43,47.32,47.32,200,2021-06-29 15:56:00,PRTA
47.43,47.54,47.43,47.54,700,2021-06-29 15:57:00,PRTA
47.42,47.55,47.42,47.55,221,2021-06-29 16:01:00,PRTA
47.45,47.47,47.45,47.45,637,2021-06-29 16:02:00,PRTA
47.4,47.4,47.4,47.4,200,2021-06-29 16:03:00,PRTA
47.42,47.42,47.4,47.4,200,2021-06-29 16:05:00,PRTA
47.49,47.49,47.41,47.41,200,2021-06-29 16:07:00,PRTA
47.579,47.579,47.41,47.41,200,2021-06-29 16:09:00,PRTA
47.58,47.58,47.44,47.44,1763,2021-06-29 16:10:00,PRTA
47.58,47.58,47.58,47.58,100,2021-06-29 16:12:00,PRTA
47.58,47.62,47.58,47.61,400,2021-06-29 16:15:00,PRTA
47.55,47.58,47.52,47.58,1920,2021-06-29 16:16:00,PRTA
47.52,47.52,47.52,47.52,100,2021-06-29 16:17:00,PRTA
47.62,47.62,47.62,47.62,100,2021-06-29 16:18:00,PRTA
47.66,47.66,47.66,47.66,100,2021-06-29 16:21:00,PRTA
47.56,47.615,47.53,47.58,930,2021-06-29 16:22:00,PRTA
47.57,47.63,47.57,47.63,300,2021-06-29 16:23:00,PRTA
47.52,47.53,47.52,47.53,600,2021-06-29 16:24:00,PRTA
47.573,47.573,47.573,47.573,400,2021-06-29 16:25:00,PRTA
47.51,47.51,47.51,47.51,100,2021-06-29 16:26:00,PRTA
47.609,47.609,47.609,47.609,100,2021-06-29 16:30:00,PRTA
47.5,47.5,47.5,47.5,200,2021-06-29 16:31:00,PRTA
47.55,47.55,47.55,47.55,100,2021-06-29 16:32:00,PRTA
47.55,47.61,47.55,47.61,503,2021-06-29 16:33:00,PRTA
47.53,47.59,47.53,47.58,700,2021-06-29 16:35:00,PRTA
47.7,47.7,47.7,47.7,100,2021-06-29 16:38:00,PRTA
47.79,47.79,47.79,47.79,200,2021-06-29 16:39:00,PRTA
47.64,47.64,47.64,47.64,100,2021-06-29 16:41:00,PRTA
47.75,47.75,47.75,47.75,100,2021-06-29 16:42:00,PRTA
47.79,47.79,47.79,47.79,100,2021-06-29 16:43:00,PRTA
47.77,47.77,47.72,47.7522,1020,2021-06-29 16:44:00,PRTA
47.77,47.81,47.77,47.81,400,2021-06-29 16:45:00,PRTA
47.91,47.91,47.9,47.9,400,2021-06-29 16:49:00,PRTA
47.87,47.87,47.81,47.81,200,2021-06-29 16:52:00,PRTA
48.0,48.01,47.89,47.92,800,2021-06-29 16:53:00,PRTA
48.01,48.01,48.01,48.01,200,2021-06-29 16:54:00,PRTA
47.89,47.89,47.89,47.89,100,2021-06-29 16:55:00,PRTA
47.9,47.935,47.9,47.935,620,2021-06-29 16:56:00,PRTA
47.86,47.86,47.79,47.81,685,2021-06-29 16:57:00,PRTA
47.88,47.88,47.88,47.88,100,2021-06-29 16:58:00,PRTA
47.78,47.79,47.78,47.78,800,2021-06-29 17:00:00,PRTA
47.7,47.7,47.7,47.7,100,2021-06-29 17:03:00,PRTA
47.62,47.62,47.58,47.58,1700,2021-06-29 17:04:00,PRTA
47.64,47.64,47.64,47.64,300,2021-06-29 17:05:00,PRTA
47.63,47.63,47.63,47.63,100,2021-06-29 17:11:00,PRTA
47.71,47.71,47.71,47.71,100,2021-06-29 17:12:00,PRTA
47.6,47.6,47.6,47.6,100,2021-06-29 17:13:00,PRTA
47.6,47.6,47.6,47.6,100,2021-06-29 17:14:00,PRTA
47.715,47.715,47.65,47.65,200,2021-06-29 17:15:00,PRTA
47.63,47.63,47.63,47.63,100,2021-06-29 17:16:00,PRTA
47.63,47.67,47.6,47.61,1779,2021-06-29 17:18:00,PRTA
47.59,47.61,47.52,47.61,900,2021-06-29 17:19:00,PRTA
47.63,47.65,47.63,47.65,300,2021-06-29 17:21:00,PRTA
47.63,47.63,47.63,47.63,473,2021-06-29 17:25:00,PRTA
47.7399,47.7399,47.7399,47.7399,110,2021-06-29 17:26:00,PRTA
47.635,47.635,47.635,47.635,122,2021-06-29 17:27:00,PRTA
47.74,47.74,47.74,47.74,200,2021-06-29 17:29:00,PRTA
47.68,47.68,47.68,47.68,100,2021-06-29 17:30:00,PRTA
47.73,47.73,47.68,47.68,300,2021-06-29 17:32:00,PRTA
47.6,47.61,47.6,47.61,200,2021-06-29 17:33:00,PRTA
47.6,47.6,47.6,47.6,100,2021-06-29 17:34:00,PRTA
47.58,47.64,47.58,47.64,1031,2021-06-29 17:38:00,PRTA
47.52,47.52,47.52,47.52,100,2021-06-29 17:39:00,PRTA
47.465,47.465,47.4,47.41,1600,2021-06-29 17:40:00,PRTA
47.46,47.51,47.46,47.5,800,2021-06-29 17:42:00,PRTA
47.5,47.5,47.5,47.5,100,2021-06-29 17:43:00,PRTA
47.5,47.59,47.5,47.59,630,2021-06-29 17:44:00,PRTA
47.48,47.535,47.48,47.535,400,2021-06-29 17:47:00,PRTA
47.54,47.54,47.54,47.54,100,2021-06-29 17:50:00,PRTA
47.48,47.48,47.37,47.37,1000,2021-06-29 17:52:00,PRTA
47.33,47.33,47.33,47.33,100,2021-06-29 17:58:00,PRTA
47.41,47.41,47.4,47.4,600,2021-06-29 17:59:00,PRTA
47.375,47.375,47.375,47.375,300,2021-06-29 18:00:00,PRTA
47.48,47.48,47.48,47.48,100,2021-06-29 18:01:00,PRTA
47.36,47.39,47.36,47.36,300,2021-06-29 18:02:00,PRTA
47.48,47.52,47.47,47.52,1199,2021-06-29 18:03:00,PRTA
47.56,47.56,47.56,47.56,100,2021-06-29 18:04:00,PRTA
47.63,47.69,47.6,47.6,2059,2021-06-29 18:05:00,PRTA
47.65,47.75,47.65,47.75,325,2021-06-29 18:06:00,PRTA
47.79,47.79,47.79,47.79,204,2021-06-29 18:07:00,PRTA
47.88,47.97,47.85,47.97,2360,2021-06-29 18:08:00,PRTA
47.865,47.865,47.865,47.865,250,2021-06-29 18:10:00,PRTA
48.01,48.12,48.01,48.12,700,2021-06-29 18:12:00,PRTA
48.12,48.12,48.12,48.12,100,2021-06-29 18:13:00,PRTA
48.02,48.07,48.02,48.07,300,2021-06-29 18:15:00,PRTA
48.02,48.02,47.84,47.84,1594,2021-06-29 18:18:00,PRTA
47.74,47.74,47.74,47.74,100,2021-06-29 18:19:00,PRTA
47.8,47.8,47.8,47.8,157,2021-06-29 18:20:00,PRTA
47.74,47.77,47.74,47.77,300,2021-06-29 18:21:00,PRTA
47.735,47.735,47.735,47.735,400,2021-06-29 18:22:00,PRTA
47.7,47.7,47.7,47.7,200,2021-06-29 18:23:00,PRTA
47.64,47.64,47.64,47.64,100,2021-06-29 18:24:00,PRTA
47.71,47.71,47.71,47.71,100,2021-06-29 18:25:00,PRTA
47.67,47.67,47.67,47.67,100,2021-06-29 18:26:00,PRTA
47.66,47.66,47.66,47.66,100,2021-06-29 18:27:00,PRTA
47.66,47.71,47.66,47.71,200,2021-06-29 18:28:00,PRTA
47.68,47.71,47.68,47.71,500,2021-06-29 18:29:00,PRTA
47.79,47.79,47.79,47.79,100,2021-06-29 18:32:00,PRTA
47.69,47.71,47.69,47.71,200,2021-06-29 18:33:00,PRTA
47.77,47.77,47.75,47.75,300,2021-06-29 18:34:00,PRTA
47.82,47.82,47.82,47.82,400,2021-06-29 18:38:00,PRTA
47.69,47.69,47.69,47.69,100,2021-06-29 18:40:00,PRTA
47.69,47.69,47.68,47.68,200,2021-06-29 18:41:00,PRTA
47.81,47.81,47.81,47.81,100,2021-06-29 18:42:00,PRTA
47.7,47.7,47.7,47.7,100,2021-06-29 18:43:00,PRTA
47.82,47.93,47.82,47.93,600,2021-06-29 18:44:00,PRTA
47.855,47.855,47.855,47.855,100,2021-06-29 18:47:00,PRTA
47.84,47.88,47.84,47.84,300,2021-06-29 18:48:00,PRTA
47.85,47.85,47.77,47.77,400,2021-06-29 18:49:00,PRTA
47.95,47.95,47.93,47.93,300,2021-06-29 18:53:00,PRTA
48.06,48.15,48.06,48.15,300,2021-06-29 18:54:00,PRTA
48.08,48.08,48.03,48.03,1541,2021-06-29 18:56:00,PRTA
48.04,48.04,48.04,48.04,298,2021-06-29 18:57:00,PRTA
48.06,48.06,48.06,48.06,100,2021-06-29 19:01:00,PRTA
48.2,48.2,48.2,48.2,2500,2021-06-29 19:02:00,PRTA
48.19,48.25,48.15,48.25,709,2021-06-29 19:03:00,PRTA
48.335,48.335,48.335,48.335,122,2021-06-29 19:05:00,PRTA
48.31,48.33,48.26,48.32,1759,2021-06-29 19:06:00,PRTA
48.32,48.44,48.24,48.24,2521,2021-06-29 19:07:00,PRTA
48.19,48.19,48.19,48.19,100,2021-06-29 19:13:00,PRTA
48.29,48.36,48.27,48.36,800,2021-06-29 19:14:00,PRTA
48.44,48.44,48.44,48.44,200,2021-06-29 19:15:00,PRTA
48.53,48.53,48.53,48.53,100,2021-06-29 19:16:00,PRTA
48.52,48.52,48.52,48.52,100,2021-06-29 19:17:00,PRTA
48.46,48.46,48.46,48.46,100,2021-06-29 19:19:00,PRTA
48.54,48.54,48.425,48.45,900,2021-06-29 19:20:00,PRTA
48.53,48.53,48.53,48.53,200,2021-06-29 19:22:00,PRTA
48.63,48.63,48.63,48.63,201,2021-06-29 19:24:00,PRTA
48.59,48.68,48.58,48.665,1007,2021-06-29 19:26:00,PRTA
48.56,48.58,48.56,48.58,300,2021-06-29 19:27:00,PRTA
48.57,48.57,48.49,48.49,400,2021-06-29 19:28:00,PRTA
48.54,48.54,48.5,48.53,400,2021-06-29 19:29:00,PRTA
48.505,48.505,48.505,48.505,159,2021-06-29 19:30:00,PRTA
48.49,48.55,48.49,48.55,300,2021-06-29 19:31:00,PRTA
48.55,48.65,48.55,48.65,600,2021-06-29 19:32:00,PRTA
48.76,48.81,48.76,48.81,300,2021-06-29 19:33:00,PRTA
48.775,48.8,48.775,48.8,200,2021-06-29 19:35:00,PRTA
48.8,48.8,48.73,48.73,200,2021-06-29 19:36:00,PRTA
48.76,48.76,48.72,48.74,600,2021-06-29 19:37:00,PRTA
48.695,48.695,48.695,48.695,100,2021-06-29 19:38:00,PRTA
48.71,48.71,48.71,48.71,100,2021-06-29 19:39:00,PRTA
48.68,48.76,48.68,48.76,500,2021-06-29 19:40:00,PRTA
48.76,48.76,48.71,48.735,2100,2021-06-29 19:42:00,PRTA
48.79,48.83,48.79,48.83,500,2021-06-29 19:44:00,PRTA
48.83,48.87,48.82,48.82,1400,2021-06-29 19:45:00,PRTA
48.82,48.86,48.82,48.86,300,2021-06-29 19:46:00,PRTA
48.86,48.9,48.8201,48.9,600,2021-06-29 19:48:00,PRTA
48.915,48.94,48.82,48.86,2160,2021-06-29 19:49:00,PRTA
48.8,48.8,48.72,48.78,1200,2021-06-29 19:50:00,PRTA
48.76,48.81,48.74,48.8,1713,2021-06-29 19:51:00,PRTA
48.795,48.86,48.785,48.785,700,2021-06-29 19:52:00,PRTA
48.765,48.79,48.765,48.785,300,2021-06-29 19:53:00,PRTA
48.74,48.82,48.74,48.81,2411,2021-06-29 19:54:00,PRTA
48.82,48.82,48.65,48.66,3207,2021-06-29 19:55:00,PRTA
48.64,48.64,48.54,48.56,600,2021-06-29 19:56:00,PRTA
48.59,48.69,48.57,48.69,2219,2021-06-29 19:57:00,PRTA
48.71,48.73,48.5,48.5,2664,2021-06-29 19:58:00,PRTA
48.5,48.7,48.5,48.51,3359,2021-06-29 19:59:00,PRTA
48.51,48.51,48.51,48.51,16425,2021-06-29 20:00:00,PRTA
48.63,48.63,48.63,48.63,100,2021-06-30 13:28:00,PRTA
48.64,48.64,48.24,48.55,4854,2021-06-30 13:30:00,PRTA
48.66,48.66,48.2876,48.2876,250,2021-06-30 13:31:00,PRTA
48.425,48.425,48.425,48.425,300,2021-06-30 13:34:00,PRTA
48.33,48.33,48.33,48.33,100,2021-06-30 13:36:00,PRTA
48.62,48.62,48.62,48.62,100,2021-06-30 13:38:00,PRTA
48.56,48.57,48.56,48.57,600,2021-06-30 13:39:00,PRTA
48.7,48.74,48.7,48.74,700,2021-06-30 13:40:00,PRTA
48.47,48.47,48.47,48.47,708,2021-06-30 13:43:00,PRTA
48.7,48.7,48.7,48.7,100,2021-06-30 13:44:00,PRTA
48.28,48.28,47.77,48.07,1971,2021-06-30 13:49:00,PRTA
48.34,48.34,48.21,48.29,1000,2021-06-30 13:50:00,PRTA
48.45,48.45,48.45,48.45,1199,2021-06-30 13:51:00,PRTA
48.44,48.45,48.44,48.45,200,2021-06-30 13:55:00,PRTA
48.68,48.69,48.68,48.69,200,2021-06-30 13:58:00,PRTA
48.46,48.46,48.46,48.46,100,2021-06-30 13:59:00,PRTA
48.82,48.82,48.82,48.82,100,2021-06-30 14:01:00,PRTA
48.51,48.76,48.49,48.76,946,2021-06-30 14:03:00,PRTA
48.71,48.97,48.7,48.785,1507,2021-06-30 14:04:00,PRTA
48.9699,48.9699,48.9699,48.9699,150,2021-06-30 14:05:00,PRTA
48.7,48.7,48.7,48.7,100,2021-06-30 14:06:00,PRTA
48.6,48.6,48.6,48.6,100,2021-06-30 14:10:00,PRTA
48.8,48.8,48.78,48.78,200,2021-06-30 14:11:00,PRTA
48.62,48.92,48.6,48.92,600,2021-06-30 14:14:00,PRTA
48.835,48.835,48.835,48.835,200,2021-06-30 14:15:00,PRTA
48.93,48.93,48.93,48.93,100,2021-06-30 14:16:00,PRTA
48.92,49.12,48.7305,48.7305,2012,2021-06-30 14:17:00,PRTA
49.16,49.16,49.0917,49.0917,800,2021-06-30 14:18:00,PRTA
49.16,49.43,49.16,49.39,4300,2021-06-30 14:19:00,PRTA
49.22,49.255,49.22,49.255,200,2021-06-30 14:20:00,PRTA
49.42,49.725,49.42,49.465,1100,2021-06-30 14:21:00,PRTA
49.29,49.615,49.28,49.61,900,2021-06-30 14:22:00,PRTA
49.5814,49.5814,49.5814,49.5814,400,2021-06-30 14:23:00,PRTA
49.72,49.72,49.72,49.72,100,2021-06-30 14:25:00,PRTA
49.6,49.86,49.6,49.86,1653,2021-06-30 14:26:00,PRTA
49.695,49.9,49.695,49.89,1511,2021-06-30 14:27:00,PRTA
49.94,50.14,49.88,49.88,2061,2021-06-30 14:28:00,PRTA
50.02,50.18,49.99,50.16,1206,2021-06-30 14:29:00,PRTA
50.01,50.01,50.01,50.01,100,2021-06-30 14:30:00,PRTA
50.16,50.36,50.14,50.33,2972,2021-06-30 14:31:00,PRTA
50.43,50.78,50.36,50.72,2971,2021-06-30 14:32:00,PRTA
50.68,50.93,50.33,50.7394,8561,2021-06-30 14:33:00,PRTA
50.78,50.789,50.51,50.789,2853,2021-06-30 14:34:00,PRTA
50.86,50.86,50.86,50.86,100,2021-06-30 14:35:00,PRTA
50.99,50.99,50.99,50.99,300,2021-06-30 14:36:00,PRTA
50.89,50.99,50.7901,50.99,450,2021-06-30 14:37:00,PRTA
50.985,51.19,50.79,51.0799,8783,2021-06-30 14:38:00,PRTA
51.06,51.0799,51.0,51.0075,650,2021-06-30 14:39:00,PRTA
50.96,51.06,50.96,51.02,300,2021-06-30 14:40:00,PRTA
51.0,51.0,50.65,50.66,1612,2021-06-30 14:41:00,PRTA
50.59,50.62,50.2,50.52,1300,2021-06-30 14:42:00,PRTA
50.345,50.3529,50.345,50.3529,547,2021-06-30 14:44:00,PRTA
50.1014,50.285,50.1014,50.285,200,2021-06-30 14:45:00,PRTA
50.62,50.62,50.23,50.23,300,2021-06-30 14:47:00,PRTA
50.23,50.23,50.23,50.23,100,2021-06-30 14:49:00,PRTA
50.4109,50.4109,50.21,50.21,204,2021-06-30 14:50:00,PRTA
50.4999,50.4999,50.3367,50.3367,274,2021-06-30 14:51:00,PRTA
50.38,50.38,50.3051,50.3051,500,2021-06-30 14:54:00,PRTA
50.4,50.415,50.24,50.24,600,2021-06-30 14:56:00,PRTA
50.415,50.415,50.29,50.29,200,2021-06-30 14:57:00,PRTA
50.27,50.27,50.15,50.25,1988,2021-06-30 14:58:00,PRTA
50.1,50.27,50.08,50.27,6861,2021-06-30 14:59:00,PRTA
50.2,50.2,50.1577,50.1577,1100,2021-06-30 15:00:00,PRTA
50.15,50.2394,50.08,50.2394,600,2021-06-30 15:02:00,PRTA
50.24,50.24,50.23,50.235,1400,2021-06-30 15:04:00,PRTA
50.3334,50.3334,50.3334,50.3334,300,2021-06-30 15:05:00,PRTA
50.1,50.1,50.1,50.1,100,2021-06-30 15:06:00,PRTA
50.37,50.37,50.37,50.37,300,2021-06-30 15:09:00,PRTA
50.41,50.41,50.41,50.41,100,2021-06-30 15:10:00,PRTA
50.5,50.5,50.41,50.41,339,2021-06-30 15:12:00,PRTA
50.4399,50.4399,50.4399,50.4399,100,2021-06-30 15:16:00,PRTA
50.5,50.61,50.5,50.61,400,2021-06-30 15:17:00,PRTA
50.735,50.75,50.735,50.75,200,2021-06-30 15:19:00,PRTA
50.75,50.98,50.73,50.73,500,2021-06-30 15:20:00,PRTA
51.0,51.025,50.96,51.025,4920,2021-06-30 15:23:00,PRTA
51.0,51.05,50.96,51.0,400,2021-06-30 15:24:00,PRTA
51.025,51.025,51.025,51.025,100,2021-06-30 15:25:00,PRTA
50.88,51.015,50.85,51.015,1141,2021-06-30 15:26:00,PRTA
50.85,50.96,50.85,50.96,321,2021-06-30 15:28:00,PRTA
51.025,51.025,51.025,51.025,100,2021-06-30 15:29:00,PRTA
51.025,51.05,50.975,51.025,1891,2021-06-30 15:30:00,PRTA
50.9,50.98,50.89,50.98,2235,2021-06-30 15:31:00,PRTA
51.0,51.05,50.93,50.97,4187,2021-06-30 15:32:00,PRTA
50.96,51.1,50.95,51.1,800,2021-06-30 15:34:00,PRTA
51.2132,51.2132,51.2132,51.2132,400,2021-06-30 15:35:00,PRTA
50.9905,50.9905,50.95,50.95,796,2021-06-30 15:37:00,PRTA
51.0,51.0,51.0,51.0,1800,2021-06-30 15:39:00,PRTA
51.0,51.06,50.89,50.89,4452,2021-06-30 15:40:00,PRTA
51.0,51.0,51.0,51.0,200,2021-06-30 15:41:00,PRTA
50.96,50.96,50.93,50.931,900,2021-06-30 15:42:00,PRTA
51.0,51.0,50.95,50.95,300,2021-06-30 15:43:00,PRTA
51.03,51.03,51.03,51.03,100,2021-06-30 15:44:00,PRTA
50.9054,50.9054,50.9054,50.9054,180,2021-06-30 15:49:00,PRTA
51.0,51.0,51.0,51.0,100,2021-06-30 15:50:00,PRTA
51.01,51.04,50.89,50.89,3300,2021-06-30 15:51:00,PRTA
50.89,50.89,50.89,50.89,200,2021-06-30 15:54:00,PRTA
50.95,50.95,50.86,50.9,1440,2021-06-30 15:57:00,PRTA
50.71,50.71,50.71,50.71,500,2021-06-30 15:58:00,PRTA
50.61,50.61,50.61,50.61,100,2021-06-30 16:00:00,PRTA
50.6,50.71,50.6,50.7,2556,2021-06-30 16:02:00,PRTA
50.85,50.85,50.85,50.85,300,2021-06-30 16:03:00,PRTA
51.0,51.19,50.93,51.19,2500,2021-06-30 16:04:00,PRTA
51.0,51.0,51.0,51.0,200,2021-06-30 16:05:00,PRTA
51.19,51.19,51.0,51.03,2200,2021-06-30 16:06:00,PRTA
51.04,51.04,51.04,51.04,100,2021-06-30 16:07:00,PRTA
51.06,51.06,51.06,51.06,100,2021-06-30 16:08:00,PRTA
50.85,51.0275,50.85,51.0275,300,2021-06-30 16:10:00,PRTA
51.0,51.1274,51.0,51.0,700,2021-06-30 16:13:00,PRTA
51.0,51.0,51.0,51.0,341,2021-06-30 16:16:00,PRTA
51.0,51.0,51.0,51.0,239,2021-06-30 16:18:00,PRTA
51.0,51.0,51.0,51.0,100,2021-06-30 16:19:00,PRTA
50.93,50.96,50.92,50.96,1400,2021-06-30 16:20:00,PRTA
51.07,51.07,50.92,51.03,3600,2021-06-30 16:21:00,PRTA
50.91,50.91,50.8,50.8,507,2021-06-30 16:22:00,PRTA
50.86,50.97,50.86,50.97,200,2021-06-30 16:24:00,PRTA
50.82,50.83,50.82,50.83,200,2021-06-30 16:25:00,PRTA
50.91,50.91,50.91,50.91,100,2021-06-30 16:27:00,PRTA
50.92,50.94,50.8,50.8,600,2021-06-30 16:28:00,PRTA
51.0,51.07,50.91,51.035,1310,2021-06-30 16:31:00,PRTA
50.98,51.0475,50.97,51.0,843,2021-06-30 16:32:00,PRTA
51.0,51.025,50.99,51.025,1421,2021-06-30 16:34:00,PRTA
50.98,51.035,50.92,50.92,962,2021-06-30 16:35:00,PRTA
51.045,51.045,51.045,51.045,100,2021-06-30 16:38:00,PRTA
51.05,51.05,51.05,51.05,100,2021-06-30 16:39:00,PRTA
51.0,51.0,50.97,50.97,300,2021-06-30 16:40:00,PRTA
51.0,51.12,50.92,50.92,2900,2021-06-30 16:41:00,PRTA
50.92,50.92,50.92,50.92,100,2021-06-30 16:42:00,PRTA
50.99,51.0,50.99,51.0,500,2021-06-30 16:43:00,PRTA
51.035,51.035,51.035,51.035,300,2021-06-30 16:44:00,PRTA
51.02,51.02,51.02,51.02,100,2021-06-30 16:45:00,PRTA
51.01,51.01,50.93,51.01,400,2021-06-30 16:46:00,PRTA
51.085,51.52,51.01,51.505,17193,2021-06-30 16:48:00,PRTA
51.61,51.61,51.61,51.61,100,2021-06-30 16:49:00,PRTA
51.51,51.53,51.51,51.53,2900,2021-06-30 16:50:00,PRTA
51.64,51.64,51.64,51.64,100,2021-06-30 16:51:00,PRTA
51.73,51.82,51.71,51.73,2439,2021-06-30 16:52:00,PRTA
51.745,51.89,51.745,51.89,1161,2021-06-30 16:53:00,PRTA
51.935,51.98,51.935,51.98,200,2021-06-30 16:54:00,PRTA
51.88,51.88,51.88,51.88,400,2021-06-30 16:55:00,PRTA
51.875,51.875,51.875,51.875,120,2021-06-30 16:56:00,PRTA
51.9,51.905,51.9,51.905,200,2021-06-30 16:57:00,PRTA
51.97,52.03,51.77,51.77,4605,2021-06-30 16:58:00,PRTA
51.86,51.86,51.86,51.86,300,2021-06-30 17:00:00,PRTA
51.735,51.86,51.735,51.855,700,2021-06-30 17:01:00,PRTA
51.74,51.775,51.73,51.775,300,2021-06-30 17:02:00,PRTA
51.795,51.795,51.795,51.795,100,2021-06-30 17:04:00,PRTA
51.73,51.73,51.73,51.73,400,2021-06-30 17:06:00,PRTA
51.73,51.73,51.73,51.73,210,2021-06-30 17:07:00,PRTA
51.76,51.76,51.76,51.76,500,2021-06-30 17:08:00,PRTA
51.78,51.78,51.78,51.78,100,2021-06-30 17:09:00,PRTA
51.86,51.89,51.71,51.71,8959,2021-06-30 17:10:00,PRTA
51.6,51.6,51.6,51.6,200,2021-06-30 17:11:00,PRTA
51.64,51.67,51.61,51.67,610,2021-06-30 17:12:00,PRTA
51.6,51.655,51.6,51.62,800,2021-06-30 17:14:00,PRTA
51.67,51.67,51.67,51.67,100,2021-06-30 17:15:00,PRTA
51.65,51.65,51.65,51.65,100,2021-06-30 17:16:00,PRTA
51.65,51.73,51.65,51.73,200,2021-06-30 17:17:00,PRTA
51.65,51.65,51.61,51.63,1200,2021-06-30 17:18:00,PRTA
51.55,51.59,51.4308,51.4308,1521,2021-06-30 17:19:00,PRTA
51.43,51.4613,51.43,51.4613,306,2021-06-30 17:20:00,PRTA
51.46,51.46,51.46,51.46,100,2021-06-30 17:22:00,PRTA
51.46,51.46,51.46,51.46,290,2021-06-30 17:23:00,PRTA
51.46,51.46,51.385,51.385,400,2021-06-30 17:24:00,PRTA
51.395,51.51,51.395,51.4226,435,2021-06-30 17:25:00,PRTA
51.51,51.51,51.51,51.51,100,2021-06-30 17:26:00,PRTA
51.515,51.515,51.515,51.515,200,2021-06-30 17:27:00,PRTA
51.51,51.51,51.51,51.51,100,2021-06-30 17:30:00,PRTA
51.51,51.51,51.51,51.51,100,2021-06-30 17:31:00,PRTA
51.43,51.44,51.35,51.35,722,2021-06-30 17:32:00,PRTA
51.425,51.425,51.425,51.425,100,2021-06-30 17:38:00,PRTA
51.425,51.425,51.4,51.4,300,2021-06-30 17:39:00,PRTA
51.4,51.4,51.4,51.4,200,2021-06-30 17:40:00,PRTA
51.4,51.45,51.38,51.43,435,2021-06-30 17:41:00,PRTA
51.425,51.425,51.425,51.425,200,2021-06-30 17:42:00,PRTA
51.48,51.48,51.48,51.48,100,2021-06-30 17:43:00,PRTA
51.38,51.427,51.36,51.36,895,2021-06-30 17:45:00,PRTA
51.35,51.48,51.35,51.48,700,2021-06-30 17:47:00,PRTA
51.41,51.52,51.41,51.52,900,2021-06-30 17:48:00,PRTA
51.52,51.52,51.52,51.52,400,2021-06-30 17:49:00,PRTA
51.52,51.61,51.46,51.46,788,2021-06-30 17:50:00,PRTA
51.52,51.52,51.48,51.52,1492,2021-06-30 17:51:00,PRTA
51.52,51.52,51.52,51.52,100,2021-06-30 17:54:00,PRTA
51.515,51.515,51.515,51.515,100,2021-06-30 17:55:00,PRTA
51.515,51.515,51.515,51.515,100,2021-06-30 17:57:00,PRTA
51.515,51.515,51.515,51.515,100,2021-06-30 17:58:00,PRTA
51.515,51.515,51.44,51.44,200,2021-06-30 17:59:00,PRTA
51.515,51.52,51.515,51.52,400,2021-06-30 18:01:00,PRTA
51.52,51.52,51.52,51.52,200,2021-06-30 18:03:00,PRTA
51.56,51.6,51.5,51.5,835,2021-06-30 18:04:00,PRTA
51.5,51.5,51.5,51.5,100,2021-06-30 18:05:00,PRTA
51.5,51.5,51.5,51.5,100,2021-06-30 18:06:00,PRTA
51.5,51.5,51.5,51.5,100,2021-06-30 18:07:00,PRTA
51.5,51.5,51.3,51.3,3421,2021-06-30 18:09:00,PRTA
51.3,51.34,51.21,51.21,1200,2021-06-30 18:12:00,PRTA
51.38,51.51,51.38,51.385,460,2021-06-30 18:15:00,PRTA
51.55,51.55,51.5,51.5,300,2021-06-30 18:17:00,PRTA
51.5,51.5,51.485,51.485,210,2021-06-30 18:18:00,PRTA
51.5,51.5,51.5,51.5,200,2021-06-30 18:19:00,PRTA
51.5,51.51,51.5,51.51,400,2021-06-30 18:20:00,PRTA
51.52,51.52,51.52,51.52,750,2021-06-30 18:21:00,PRTA
51.45,51.5,51.29,51.37,1098,2021-06-30 18:22:00,PRTA
51.5,51.5,51.5,51.5,100,2021-06-30 18:23:00,PRTA
51.47,51.47,51.47,51.47,100,2021-06-30 18:24:00,PRTA
51.36,51.36,51.36,51.36,100,2021-06-30 18:25:00,PRTA
51.52,51.52,51.27,51.27,1179,2021-06-30 18:28:00,PRTA
51.395,51.395,51.33,51.33,200,2021-06-30 18:29:00,PRTA
51.525,51.525,51.5,51.5,300,2021-06-30 18:31:00,PRTA
51.5,51.525,51.5,51.525,300,2021-06-30 18:32:00,PRTA
51.47,51.47,51.47,51.47,100,2021-06-30 18:33:00,PRTA
51.5,51.5,51.46,51.46,200,2021-06-30 18:34:00,PRTA
51.5,51.5,51.43,51.43,629,2021-06-30 18:35:00,PRTA
51.405,51.405,51.405,51.405,100,2021-06-30 18:36:00,PRTA
51.49,51.515,51.49,51.5075,400,2021-06-30 18:38:00,PRTA
51.59,51.59,51.59,51.59,135,2021-06-30 18:39:00,PRTA
51.5,51.5,51.5,51.5,100,2021-06-30 18:40:00,PRTA
51.525,51.525,51.525,51.525,100,2021-06-30 18:41:00,PRTA
51.47,51.47,51.47,51.47,100,2021-06-30 18:42:00,PRTA
51.5,51.51,51.4,51.4,1572,2021-06-30 18:43:00,PRTA
51.42,51.42,51.42,51.42,100,2021-06-30 18:44:00,PRTA
51.4,51.4,51.4,51.4,400,2021-06-30 18:45:00,PRTA
51.38,51.42,51.37,51.4,867,2021-06-30 18:46:00,PRTA
51.465,51.465,51.46,51.46,250,2021-06-30 18:47:00,PRTA
51.455,51.455,51.455,51.455,150,2021-06-30 18:48:00,PRTA
51.5,51.5,51.5,51.5,100,2021-06-30 18:50:00,PRTA
51.515,51.58,51.44,51.44,600,2021-06-30 18:51:00,PRTA
51.5,51.5,51.5,51.5,100,2021-06-30 18:52:00,PRTA
51.57,51.57,51.57,51.57,340,2021-06-30 18:53:00,PRTA
51.51,51.565,51.505,51.51,400,2021-06-30 18:54:00,PRTA
51.51,51.595,51.43,51.5,975,2021-06-30 18:55:00,PRTA
51.44,51.44,51.44,51.44,100,2021-06-30 18:56:00,PRTA
51.495,51.495,51.495,51.495,100,2021-06-30 18:58:00,PRTA
51.5,51.5,51.465,51.495,510,2021-06-30 18:59:00,PRTA
51.48,51.5,51.38,51.395,2000,2021-06-30 19:00:00,PRTA
51.36,51.4,51.25,51.25,1100,2021-06-30 19:01:00,PRTA
51.28,51.28,51.28,51.28,100,2021-06-30 19:02:00,PRTA
51.3283,51.3283,51.295,51.305,400,2021-06-30 19:03:00,PRTA
51.28,51.3,51.02,51.24,7886,2021-06-30 19:04:00,PRTA
51.24,51.24,51.06,51.06,1677,2021-06-30 19:05:00,PRTA
51.07,51.125,51.0506,51.0506,700,2021-06-30 19:06:00,PRTA
51.02,51.15,50.99,51.04,5193,2021-06-30 19:07:00,PRTA
51.08,51.08,51.08,51.08,200,2021-06-30 19:08:00,PRTA
51.125,51.155,51.125,51.155,320,2021-06-30 19:09:00,PRTA
51.155,51.155,51.155,51.155,100,2021-06-30 19:10:00,PRTA
51.11,51.18,51.105,51.18,300,2021-06-30 19:11:00,PRTA
51.22,51.22,51.215,51.215,200,2021-06-30 19:12:00,PRTA
51.215,51.29,51.215,51.25,800,2021-06-30 19:13:00,PRTA
51.31,51.31,51.31,51.31,100,2021-06-30 19:14:00,PRTA
51.325,51.325,51.21,51.21,1215,2021-06-30 19:15:00,PRTA
51.28,51.3,51.28,51.3,2339,2021-06-30 19:16:00,PRTA
51.17,51.215,51.02,51.02,1346,2021-06-30 19:17:00,PRTA
50.94,50.945,50.94,50.945,900,2021-06-30 19:18:00,PRTA
50.91,50.91,50.9,50.91,1350,2021-06-30 19:19:00,PRTA
50.95,51.05,50.95,51.05,925,2021-06-30 19:20:00,PRTA
51.055,51.17,51.055,51.17,800,2021-06-30 19:21:00,PRTA
51.155,51.155,51.155,51.155,300,2021-06-30 19:22:00,PRTA
51.155,51.21,51.11,51.19,900,2021-06-30 19:23:00,PRTA
51.2,51.26,51.2,51.26,200,2021-06-30 19:24:00,PRTA
51.21,51.42,51.21,51.42,1101,2021-06-30 19:25:00,PRTA
51.345,51.42,51.335,51.42,1500,2021-06-30 19:26:00,PRTA
51.49,51.54,51.49,51.49,400,2021-06-30 19:27:00,PRTA
51.44,51.53,51.43,51.525,839,2021-06-30 19:28:00,PRTA
51.51,51.555,51.45,51.455,1704,2021-06-30 19:29:00,PRTA
51.48,51.51,51.455,51.51,447,2021-06-30 19:30:00,PRTA
51.535,51.56,51.48,51.5168,1050,2021-06-30 19:31:00,PRTA
51.52,51.5225,51.52,51.5225,500,2021-06-30 19:32:00,PRTA
51.47,51.52,51.47,51.4704,660,2021-06-30 19:33:00,PRTA
51.52,51.52,51.38,51.38,1791,2021-06-30 19:34:00,PRTA
51.425,51.46,51.425,51.45,600,2021-06-30 19:35:00,PRTA
51.47,51.48,51.425,51.475,730,2021-06-30 19:37:00,PRTA
51.39,51.39,51.38,51.38,500,2021-06-30 19:38:00,PRTA
51.42,51.42,51.31,51.37,3369,2021-06-30 19:39:00,PRTA
51.36,51.41,51.32,51.37,3917,2021-06-30 19:40:00,PRTA
51.32,51.32,51.32,51.32,100,2021-06-30 19:41:00,PRTA
51.325,51.33,51.18,51.18,1930,2021-06-30 19:42:00,PRTA
51.22,51.22,51.22,51.22,100,2021-06-30 19:43:00,PRTA
51.23,51.25,51.23,51.25,690,2021-06-30 19:44:00,PRTA
51.25,51.31,51.25,51.265,710,2021-06-30 19:45:00,PRTA
51.265,51.38,51.2501,51.32,1097,2021-06-30 19:46:00,PRTA
51.325,51.38,51.325,51.38,300,2021-06-30 19:47:00,PRTA
51.36,51.44,51.36,51.44,400,2021-06-30 19:48:00,PRTA
51.39,51.47,51.335,51.47,1309,2021-06-30 19:49:00,PRTA
51.43,51.43,51.17,51.33,2200,2021-06-30 19:50:00,PRTA
51.29,51.31,51.24,51.31,1630,2021-06-30 19:51:00,PRTA
51.26,51.325,51.25,51.325,610,2021-06-30 19:52:00,PRTA
51.325,51.37,51.315,51.365,737,2021-06-30 19:53:00,PRTA
51.42,51.55,51.38,51.435,3228,2021-06-30 19:54:00,PRTA
51.43,51.57,51.43,51.545,2210,2021-06-30 19:55:00,PRTA
51.545,51.545,51.445,51.455,2141,2021-06-30 19:56:00,PRTA
51.475,51.475,51.41,51.445,2310,2021-06-30 19:57:00,PRTA
51.445,51.5,51.41,51.475,2120,2021-06-30 19:58:00,PRTA
51.5,51.52,51.32,51.32,19858,2021-06-30 19:59:00,PRTA
51.41,51.41,51.41,51.41,151119,2021-06-30 20:00:00,PRTA
51.41,51.41,51.41,51.41,1638,2021-06-30 20:01:00,PRTA
51.19,52.6481,51.19,52.6481,14062,2021-07-01 13:30:00,PRTA
52.33,52.79,52.05,52.075,2166,2021-07-01 13:31:00,PRTA
51.73,51.73,51.58,51.58,500,2021-07-01 13:33:00,PRTA
51.42,51.42,51.33,51.33,300,2021-07-01 13:34:00,PRTA
51.0,51.03,50.9501,50.9501,782,2021-07-01 13:35:00,PRTA
50.96,51.99,50.96,51.99,1626,2021-07-01 13:36:00,PRTA
51.97,52.01,51.93,52.01,800,2021-07-01 13:37:00,PRTA
52.05,52.05,51.55,51.55,3404,2021-07-01 13:38:00,PRTA
51.48,51.48,51.39,51.39,200,2021-07-01 13:40:00,PRTA
51.565,51.565,51.35,51.35,500,2021-07-01 13:43:00,PRTA
51.4078,51.4078,51.4078,51.4078,100,2021-07-01 13:44:00,PRTA
51.13,51.13,51.13,51.13,100,2021-07-01 13:45:00,PRTA
51.09,51.2,51.05,51.2,700,2021-07-01 13:47:00,PRTA
51.19,51.22,51.08,51.22,1358,2021-07-01 13:50:00,PRTA
51.13,51.13,50.71,51.1,4770,2021-07-01 13:51:00,PRTA
51.0,51.0,50.57,50.5765,2600,2021-07-01 13:52:00,PRTA
50.5486,51.15,50.5486,50.87,1100,2021-07-01 13:53:00,PRTA
50.737,51.05,50.7,50.94,1730,2021-07-01 13:54:00,PRTA
51.03,51.28,50.95,51.049,1899,2021-07-01 13:55:00,PRTA
50.9533,50.9533,50.9533,50.9533,100,2021-07-01 13:57:00,PRTA
51.11,51.11,51.11,51.11,225,2021-07-01 13:58:00,PRTA
50.95,51.1,50.95,51.1,200,2021-07-01 13:59:00,PRTA
51.105,51.105,51.105,51.105,200,2021-07-01 14:01:00,PRTA
51.1,51.1,51.1,51.1,100,2021-07-01 14:02:00,PRTA
51.105,51.105,50.94,50.97,1808,2021-07-01 14:03:00,PRTA
50.76,50.9425,50.74,50.9425,700,2021-07-01 14:04:00,PRTA
50.69,51.055,50.69,51.055,1049,2021-07-01 14:07:00,PRTA
51.0,51.0,51.0,51.0,362,2021-07-01 14:09:00,PRTA
51.14,51.14,51.14,51.14,100,2021-07-01 14:10:00,PRTA
51.0982,51.0982,51.0982,51.0982,177,2021-07-01 14:11:00,PRTA
51.255,51.27,51.255,51.27,620,2021-07-01 14:12:00,PRTA
51.34,51.34,51.34,51.34,100,2021-07-01 14:13:00,PRTA
51.4199,51.42,51.19,51.37,950,2021-07-01 14:14:00,PRTA
51.36,51.36,51.36,51.36,100,2021-07-01 14:15:00,PRTA
51.4843,51.4843,51.4843,51.4843,100,2021-07-01 14:16:00,PRTA
51.48,51.48,50.97,50.97,3100,2021-07-01 14:18:00,PRTA
51.1057,51.1057,51.1057,51.1057,100,2021-07-01 14:20:00,PRTA
50.77,50.77,50.77,50.77,100,2021-07-01 14:21:00,PRTA
50.7765,50.7765,50.7765,50.7765,500,2021-07-01 14:22:00,PRTA
50.8059,50.945,50.8059,50.945,730,2021-07-01 14:23:00,PRTA
50.82,51.13,50.82,51.0306,1300,2021-07-01 14:24:00,PRTA
50.96,50.97,50.6501,50.83,1220,2021-07-01 14:27:00,PRTA
50.75,50.83,50.75,50.83,200,2021-07-01 14:28:00,PRTA
50.83,50.84,50.83,50.84,300,2021-07-01 14:30:00,PRTA
50.73,50.8375,50.71,50.72,1624,2021-07-01 14:31:00,PRTA
50.795,50.795,50.795,50.795,100,2021-07-01 14:32:00,PRTA
50.795,50.795,50.795,50.795,100,2021-07-01 14:33:00,PRTA
50.755,50.755,50.755,50.755,100,2021-07-01 14:34:00,PRTA
50.82,50.82,50.82,50.82,100,2021-07-01 14:35:00,PRTA
50.66,50.675,50.5969,50.5969,1705,2021-07-01 14:37:00,PRTA
50.57,50.57,50.26,50.26,300,2021-07-01 14:38:00,PRTA
50.445,50.445,50.445,50.445,100,2021-07-01 14:39:00,PRTA
50.4,50.4,50.04,50.05,546,2021-07-01 14:41:00,PRTA
50.02,50.17,50.02,50.17,2000,2021-07-01 14:42:00,PRTA
50.0868,50.175,50.0868,50.175,1175,2021-07-01 14:43:00,PRTA
50.22,50.28,50.02,50.28,2885,2021-07-01 14:44:00,PRTA
50.17,50.17,50.17,50.17,100,2021-07-01 14:45:00,PRTA
50.29,50.29,50.29,50.29,550,2021-07-01 14:46:00,PRTA
50.175,50.175,50.175,50.175,900,2021-07-01 14:47:00,PRTA
50.27,50.46,50.27,50.46,500,2021-07-01 14:49:00,PRTA
50.43,50.465,50.4,50.465,1400,2021-07-01 14:50:00,PRTA
50.56,50.57,50.56,50.57,200,2021-07-01 14:51:00,PRTA
50.49,50.615,50.21,50.475,4515,2021-07-01 14:52:00,PRTA
50.56,50.56,50.56,50.56,100,2021-07-01 14:53:00,PRTA
50.58,50.8,50.52,50.785,700,2021-07-01 14:54:00,PRTA
50.77,50.78,50.77,50.78,420,2021-07-01 14:55:00,PRTA
50.82,50.82,50.82,50.82,100,2021-07-01 14:56:00,PRTA
50.95,50.95,50.9,50.9,300,2021-07-01 14:57:00,PRTA
50.99,51.185,50.98,51.09,5264,2021-07-01 14:58:00,PRTA
50.99,51.09,50.99,51.035,1486,2021-07-01 14:59:00,PRTA
51.085,51.085,51.085,51.085,100,2021-07-01 15:00:00,PRTA
51.09,51.11,51.09,51.11,500,2021-07-01 15:01:00,PRTA
51.12,51.3,51.12,51.3,1027,2021-07-01 15:02:00,PRTA
51.47,51.47,51.45,51.45,200,2021-07-01 15:03:00,PRTA
51.365,51.365,51.355,51.355,442,2021-07-01 15:04:00,PRTA
51.355,51.355,51.12,51.2,1413,2021-07-01 15:05:00,PRTA
51.2,51.2,51.12,51.12,672,2021-07-01 15:06:00,PRTA
51.11,51.21,51.11,51.21,200,2021-07-01 15:07:00,PRTA
51.07,51.105,51.03,51.03,829,2021-07-01 15:10:00,PRTA
51.03,51.03,50.78,50.78,497,2021-07-01 15:11:00,PRTA
50.98,50.98,50.98,50.98,300,2021-07-01 15:12:00,PRTA
50.96,50.96,50.96,50.96,300,2021-07-01 15:13:00,PRTA
50.83,50.83,50.83,50.83,100,2021-07-01 15:15:00,PRTA
50.935,50.935,50.935,50.935,100,2021-07-01 15:17:00,PRTA
50.7901,50.7901,50.7901,50.7901,100,2021-07-01 15:19:00,PRTA
51.045,51.045,50.8,50.8,302,2021-07-01 15:20:00,PRTA
50.82,50.92,50.79,50.9,1523,2021-07-01 15:21:00,PRTA
50.94,50.96,50.94,50.96,200,2021-07-01 15:22:00,PRTA
51.09,51.34,51.08,51.34,1905,2021-07-01 15:24:00,PRTA
51.4811,51.54,51.4811,51.53,800,2021-07-01 15:25:00,PRTA
51.5,51.5,51.48,51.48,500,2021-07-01 15:26:00,PRTA
51.52,51.52,51.52,51.52,160,2021-07-01 15:27:00,PRTA
51.6099,51.6099,51.3601,51.475,7777,2021-07-01 15:28:00,PRTA
51.475,51.48,51.36,51.48,400,2021-07-01 15:29:00,PRTA
51.36,51.36,51.36,51.36,200,2021-07-01 15:30:00,PRTA
51.37,51.595,51.37,51.595,800,2021-07-01 15:31:00,PRTA
51.585,51.585,51.35,51.585,1663,2021-07-01 15:32:00,PRTA
51.325,51.325,51.27,51.27,400,2021-07-01 15:34:00,PRTA
51.15,51.24,51.135,51.24,1285,2021-07-01 15:35:00,PRTA
51.28,51.37,51.28,51.29,2600,2021-07-01 15:41:00,PRTA
51.36,51.36,51.36,51.36,100,2021-07-01 15:45:00,PRTA
51.37,51.45,51.37,51.385,12978,2021-07-01 15:47:00,PRTA
51.385,51.385,51.385,51.385,300,2021-07-01 15:48:00,PRTA
51.45,51.465,51.3501,51.465,8115,2021-07-01 15:49:00,PRTA
51.39,51.4,51.37,51.38,400,2021-07-01 15:50:00,PRTA
51.44,51.44,51.44,51.44,100,2021-07-01 15:52:00,PRTA
51.44,51.545,51.4,51.545,600,2021-07-01 15:53:00,PRTA
51.5,51.5,51.5,51.5,100,2021-07-01 15:54:00,PRTA
51.545,51.59,51.5,51.55,1617,2021-07-01 15:55:00,PRTA
51.43,51.43,51.41,51.41,200,2021-07-01 15:56:00,PRTA
51.445,51.52,51.445,51.45,683,2021-07-01 15:57:00,PRTA
51.525,51.525,51.525,51.525,100,2021-07-01 15:59:00,PRTA
51.46,51.5825,51.46,51.46,1100,2021-07-01 16:01:00,PRTA
51.539,51.54,51.539,51.54,300,2021-07-01 16:02:00,PRTA
51.525,51.59,51.525,51.59,1100,2021-07-01 16:03:00,PRTA
51.59,51.63,51.59,51.63,304,2021-07-01 16:04:00,PRTA
51.7265,51.7265,51.7265,51.7265,100,2021-07-01 16:05:00,PRTA
51.73,51.79,51.73,51.79,200,2021-07-01 16:06:00,PRTA
51.855,51.9085,51.855,51.9085,300,2021-07-01 16:09:00,PRTA
51.79,51.835,51.75,51.75,1600,2021-07-01 16:10:00,PRTA
51.68,51.68,51.67,51.67,200,2021-07-01 16:11:00,PRTA
51.69,51.74,51.615,51.6394,3000,2021-07-01 16:12:00,PRTA
51.73,51.855,51.66,51.8,3300,2021-07-01 16:13:00,PRTA
51.8,51.9,51.8,51.87,1300,2021-07-01 16:14:00,PRTA
51.91,51.91,51.91,51.91,100,2021-07-01 16:15:00,PRTA
51.88,51.91,51.88,51.91,225,2021-07-01 16:16:00,PRTA
51.86,51.915,51.86,51.9125,700,2021-07-01 16:17:00,PRTA
52.0,52.0,51.985,51.985,1006,2021-07-01 16:18:00,PRTA
51.985,52.01,51.86,51.86,2000,2021-07-01 16:19:00,PRTA
51.85,51.86,51.8,51.8,303,2021-07-01 16:20:00,PRTA
51.8,51.81,51.8,51.8,400,2021-07-01 16:22:00,PRTA
51.8,51.9,51.8,51.9,413,2021-07-01 16:23:00,PRTA
51.93,52.0,51.9,51.96,1600,2021-07-01 16:29:00,PRTA
51.97,52.01,51.97,51.9875,3518,2021-07-01 16:30:00,PRTA
52.0,52.0411,52.0,52.01,925,2021-07-01 16:31:00,PRTA
52.01,52.06,52.01,52.02,700,2021-07-01 16:33:00,PRTA
52.1899,52.1899,51.99,52.07,1040,2021-07-01 16:37:00,PRTA
51.96,51.96,51.9,51.9,600,2021-07-01 16:38:00,PRTA
51.86,51.86,51.85,51.85,390,2021-07-01 16:39:00,PRTA
51.95,51.95,51.95,51.95,100,2021-07-01 16:44:00,PRTA
51.94,51.94,51.94,51.94,100,2021-07-01 16:46:00,PRTA
51.985,51.985,51.985,51.985,100,2021-07-01 16:51:00,PRTA
51.959,52.01,51.959,52.01,250,2021-07-01 16:52:00,PRTA
51.98,52.035,51.96,52.035,500,2021-07-01 16:53:00,PRTA
51.93,51.97,51.92,51.97,500,2021-07-01 16:54:00,PRTA
51.97,52.07,51.8,51.8,4700,2021-07-01 16:55:00,PRTA
51.82,51.82,51.82,51.82,100,2021-07-01 16:56:00,PRTA
51.91,51.91,51.91,51.91,425,2021-07-01 16:59:00,PRTA
51.9,52.0,51.9,51.945,8500,2021-07-01 17:04:00,PRTA
52.07,52.15,52.0201,52.15,4324,2021-07-01 17:11:00,PRTA
52.07,52.18,52.065,52.18,405,2021-07-01 17:12:00,PRTA
52.325,52.325,52.3116,52.3116,1400,2021-07-01 17:13:00,PRTA
52.295,52.3899,52.13,52.15,7718,2021-07-01 17:14:00,PRTA
52.21,52.21,52.21,52.21,117,2021-07-01 17:17:00,PRTA
52.17,52.17,52.13,52.13,200,2021-07-01 17:18:00,PRTA
52.21,52.21,52.13,52.13,200,2021-07-01 17:20:00,PRTA
52.21,52.48,52.15,52.39,4250,2021-07-01 17:21:00,PRTA
52.385,52.4075,52.385,52.4075,200,2021-07-01 17:22:00,PRTA
52.405,52.48,52.34,52.34,2328,2021-07-01 17:23:00,PRTA
52.35,52.35,52.34,52.35,2263,2021-07-01 17:24:00,PRTA
52.3,52.35,52.3,52.3,25550,2021-07-01 17:25:00,PRTA
52.21,52.21,52.17,52.17,274,2021-07-01 17:26:00,PRTA
52.13,52.17,52.1,52.1,400,2021-07-01 17:28:00,PRTA
52.02,52.03,52.02,52.03,200,2021-07-01 17:29:00,PRTA
52.03,52.22,52.02,52.22,300,2021-07-01 17:30:00,PRTA
52.03,52.03,52.03,52.03,100,2021-07-01 17:31:00,PRTA
52.06,52.175,52.06,52.145,2300,2021-07-01 17:34:00,PRTA
52.16,52.24,52.16,52.21,1498,2021-07-01 17:35:00,PRTA
52.21,52.315,52.15,52.315,3526,2021-07-01 17:36:00,PRTA
52.23,52.26,52.185,52.185,868,2021-07-01 17:37:00,PRTA
52.14,52.14,52.12,52.12,200,2021-07-01 17:39:00,PRTA
52.14,52.2,52.1,52.2,400,2021-07-01 17:40:00,PRTA
52.185,52.25,52.1,52.2,3829,2021-07-01 17:44:00,PRTA
52.17,52.2,52.12,52.2,600,2021-07-01 17:48:00,PRTA
52.225,52.225,52.17,52.2,400,2021-07-01 17:49:00,PRTA
52.14,52.14,52.14,52.14,100,2021-07-01 17:51:00,PRTA
52.13,52.23,52.13,52.23,500,2021-07-01 17:52:00,PRTA
52.23,52.32,52.23,52.265,1215,2021-07-01 17:53:00,PRTA
52.19,52.19,52.13,52.13,400,2021-07-01 17:54:00,PRTA
52.2884,52.2884,52.2,52.2,300,2021-07-01 17:57:00,PRTA
52.21,52.29,52.21,52.23,1021,2021-07-01 17:58:00,PRTA
52.17,52.17,52.16,52.16,300,2021-07-01 17:59:00,PRTA
52.17,52.17,52.17,52.17,100,2021-07-01 18:01:00,PRTA
52.18,52.23,52.18,52.23,200,2021-07-01 18:02:00,PRTA
52.3,52.3,52.23,52.25,679,2021-07-01 18:05:00,PRTA
52.3,52.31,52.23,52.31,1398,2021-07-01 18:06:00,PRTA
52.305,52.305,52.305,52.305,200,2021-07-01 18:07:00,PRTA
52.305,52.305,52.305,52.305,200,2021-07-01 18:10:00,PRTA
52.305,52.305,52.305,52.305,200,2021-07-01 18:12:00,PRTA
52.305,52.305,52.305,52.305,500,2021-07-01 18:13:00,PRTA
52.3499,52.3499,52.3499,52.3499,225,2021-07-01 18:14:00,PRTA
52.3,52.3,52.25,52.3,525,2021-07-01 18:15:00,PRTA
52.27,52.27,52.22,52.25,2100,2021-07-01 18:19:00,PRTA
52.2,52.235,52.05,52.15,7910,2021-07-01 18:21:00,PRTA
52.0833,52.0833,52.0833,52.0833,127,2021-07-01 18:22:00,PRTA
52.1208,52.135,52.04,52.08,1161,2021-07-01 18:23:00,PRTA
52.0748,52.1,52.0748,52.1,435,2021-07-01 18:24:00,PRTA
52.15,52.18,52.115,52.16,1679,2021-07-01 18:25:00,PRTA
52.19,52.325,52.19,52.325,5025,2021-07-01 18:26:00,PRTA
52.43,52.66,52.42,52.66,400,2021-07-01 18:29:00,PRTA
52.51,52.67,52.5,52.67,638,2021-07-01 18:30:00,PRTA
52.9,52.99,52.9,52.91,1200,2021-07-01 18:35:00,PRTA
52.97,52.9737,52.69,52.71,3557,2021-07-01 18:36:00,PRTA
52.6,52.65,52.59,52.65,300,2021-07-01 18:37:00,PRTA
52.53,52.53,52.52,52.52,200,2021-07-01 18:39:00,PRTA
52.66,52.795,52.52,52.76,2200,2021-07-01 18:40:00,PRTA
52.72,52.72,52.68,52.68,318,2021-07-01 18:43:00,PRTA
52.75,52.78,52.69,52.71,1638,2021-07-01 18:44:00,PRTA
52.63,52.63,52.48,52.5,1687,2021-07-01 18:45:00,PRTA
52.51,52.51,52.51,52.51,100,2021-07-01 18:47:00,PRTA
52.45,52.52,52.4412,52.49,1203,2021-07-01 18:48:00,PRTA
52.39,52.39,52.39,52.39,100,2021-07-01 18:51:00,PRTA
52.39,52.39,52.39,52.39,100,2021-07-01 18:53:00,PRTA
52.39,52.5799,52.39,52.5799,2600,2021-07-01 18:56:00,PRTA
52.485,52.58,52.45,52.45,600,2021-07-01 18:57:00,PRTA
52.5,52.52,52.39,52.52,300,2021-07-01 18:58:00,PRTA
52.515,52.65,52.515,52.65,690,2021-07-01 18:59:00,PRTA
52.705,52.705,52.64,52.705,600,2021-07-01 19:00:00,PRTA
52.625,52.7,52.61,52.7,2354,2021-07-01 19:01:00,PRTA
52.705,52.705,52.705,52.705,100,2021-07-01 19:07:00,PRTA
52.62,52.62,52.62,52.62,100,2021-07-01 19:09:00,PRTA
52.64,52.7,52.54,52.6,1519,2021-07-01 19:10:00,PRTA
52.59,52.6,52.52,52.56,500,2021-07-01 19:11:00,PRTA
52.47,52.55,52.4,52.455,994,2021-07-01 19:12:00,PRTA
52.57,52.57,52.42,52.57,300,2021-07-01 19:13:00,PRTA
52.57,52.625,52.495,52.51,1200,2021-07-01 19:14:00,PRTA
52.51,52.56,52.51,52.56,200,2021-07-01 19:16:00,PRTA
52.64,52.64,52.64,52.64,100,2021-07-01 19:17:00,PRTA
52.54,52.54,52.46,52.46,679,2021-07-01 19:18:00,PRTA
52.56,52.64,52.45,52.45,500,2021-07-01 19:19:00,PRTA
52.55,52.7,52.55,52.7,400,2021-07-01 19:22:00,PRTA
52.63,52.75,52.59,52.59,998,2021-07-01 19:24:00,PRTA
52.69,52.69,52.62,52.62,870,2021-07-01 19:25:00,PRTA
52.69,52.69,52.69,52.69,100,2021-07-01 19:26:00,PRTA
52.68,52.68,52.67,52.68,800,2021-07-01 19:27:00,PRTA
52.67,52.67,52.67,52.67,300,2021-07-01 19:28:00,PRTA
52.685,52.695,52.605,52.67,3915,2021-07-01 19:30:00,PRTA
52.68,52.75,52.67,52.67,881,2021-07-01 19:32:00,PRTA
52.66,52.67,52.655,52.67,455,2021-07-01 19:33:00,PRTA
52.74,52.75,52.63,52.71,2902,2021-07-01 19:35:00,PRTA
52.675,52.72,52.675,52.72,300,2021-07-01 19:36:00,PRTA
52.675,52.73,52.675,52.73,500,2021-07-01 19:37:00,PRTA
52.62,52.685,52.62,52.635,1442,2021-07-01 19:38:00,PRTA
52.66,52.66,52.66,52.66,200,2021-07-01 19:39:00,PRTA
52.64,52.64,52.62,52.62,400,2021-07-01 19:40:00,PRTA
52.65,52.66,52.6,52.6,1901,2021-07-01 19:41:00,PRTA
52.58,52.58,52.52,52.54,1000,2021-07-01 19:43:00,PRTA
52.57,52.605,52.565,52.6,1100,2021-07-01 19:44:00,PRTA
52.6,52.6,52.48,52.48,2000,2021-07-01 19:45:00,PRTA
52.4625,52.4625,52.4,52.455,1100,2021-07-01 19:46:00,PRTA
52.45,52.45,52.4194,52.45,300,2021-07-01 19:47:00,PRTA
52.42,52.55,52.42,52.53,1200,2021-07-01 19:48:00,PRTA
52.565,52.7,52.565,52.7,700,2021-07-01 19:49:00,PRTA
52.78,52.91,52.78,52.91,1793,2021-07-01 19:50:00,PRTA
52.97,52.97,52.837,52.837,4712,2021-07-01 19:51:00,PRTA
52.86,53.1,52.86,53.1,4009,2021-07-01 19:52:00,PRTA
53.04,53.17,53.04,53.15,6100,2021-07-01 19:53:00,PRTA
53.09,53.25,53.06,53.08,8400,2021-07-01 19:54:00,PRTA
53.08,53.09,52.8305,52.84,5839,2021-07-01 19:55:00,PRTA
52.92,53.17,52.65,52.65,20479,2021-07-01 19:56:00,PRTA
52.65,52.81,52.64,52.77,2663,2021-07-01 19:57:00,PRTA
52.7,52.95,52.7,52.95,4448,2021-07-01 19:58:00,PRTA
52.94,53.14,52.76,52.76,10986,2021-07-01 19:59:00,PRTA
52.78,52.78,52.78,52.78,38931,2021-07-01 20:00:00,PRTA
52.78,52.78,52.78,52.78,123,2021-07-01 20:01:00,PRTA
53.0,53.0,53.0,53.0,100,2021-07-01 20:08:00,PRTA
53.0,53.0,53.0,53.0,425,2021-07-01 20:55:00,PRTA
53.33,53.33,52.79,52.7906,4091,2021-07-02 13:30:00,PRTA
52.79,52.79,52.55,52.62,714,2021-07-02 13:31:00,PRTA
52.7759,52.7759,52.62,52.62,479,2021-07-02 13:32:00,PRTA
53.28,53.6,53.185,53.6,3120,2021-07-02 13:33:00,PRTA
53.5,53.5,53.5,53.5,100,2021-07-02 13:34:00,PRTA
52.81,52.81,52.81,52.81,200,2021-07-02 13:35:00,PRTA
53.5,53.5,53.5,53.5,467,2021-07-02 13:36:00,PRTA
52.91,53.2,52.91,53.2,200,2021-07-02 13:37:00,PRTA
53.4899,53.4899,53.4899,53.4899,186,2021-07-02 13:38:00,PRTA
52.91,52.96,52.7,52.96,1150,2021-07-02 13:39:00,PRTA
52.8368,53.01,52.8368,53.01,1100,2021-07-02 13:40:00,PRTA
52.9899,52.9899,52.61,52.61,500,2021-07-02 13:42:00,PRTA
52.58,52.76,52.49,52.76,1640,2021-07-02 13:43:00,PRTA
52.485,52.485,52.485,52.485,100,2021-07-02 13:44:00,PRTA
52.4,52.42,52.275,52.275,1700,2021-07-02 13:45:00,PRTA
52.19,52.19,52.18,52.18,200,2021-07-02 13:46:00,PRTA
51.83,52.51,51.71,52.48,11557,2021-07-02 13:47:00,PRTA
52.06,52.06,52.06,52.06,100,2021-07-02 13:52:00,PRTA
52.5199,52.5199,52.5199,52.5199,100,2021-07-02 13:55:00,PRTA
51.8,52.51,51.8,52.07,400,2021-07-02 13:56:00,PRTA
52.4999,52.4999,52.4999,52.4999,100,2021-07-02 13:59:00,PRTA
52.085,52.49,51.73,52.49,2900,2021-07-02 14:01:00,PRTA
51.708,51.708,51.708,51.708,425,2021-07-02 14:02:00,PRTA
52.4999,52.4999,52.1,52.1,400,2021-07-02 14:03:00,PRTA
52.19,52.19,52.089,52.089,400,2021-07-02 14:04:00,PRTA
52.09,52.5,52.09,52.1,1029,2021-07-02 14:05:00,PRTA
52.8699,52.8699,52.8699,52.8699,100,2021-07-02 14:07:00,PRTA
52.32,52.32,52.32,52.32,200,2021-07-02 14:08:00,PRTA
52.4384,52.8499,52.4384,52.6,640,2021-07-02 14:11:00,PRTA
52.85,53.02,52.85,53.02,904,2021-07-02 14:13:00,PRTA
52.9999,53.0,52.66,52.66,1266,2021-07-02 14:14:00,PRTA
53.0,53.22,53.0,53.22,2600,2021-07-02 14:18:00,PRTA
53.0,53.325,52.69,53.21,4627,2021-07-02 14:19:00,PRTA
53.4199,53.4199,53.2,53.2,2250,2021-07-02 14:20:00,PRTA
53.25,53.32,53.25,53.32,600,2021-07-02 14:21:00,PRTA
53.25,53.25,53.25,53.25,194,2021-07-02 14:22:00,PRTA
53.25,53.26,53.25,53.26,500,2021-07-02 14:23:00,PRTA
53.285,53.285,53.285,53.285,189,2021-07-02 14:24:00,PRTA
53.14,53.38,52.88,52.88,3123,2021-07-02 14:25:00,PRTA
52.7861,52.7861,52.68,52.68,673,2021-07-02 14:26:00,PRTA
52.68,52.68,52.6282,52.6282,750,2021-07-02 14:27:00,PRTA
52.9,53.0,52.86,53.0,3399,2021-07-02 14:28:00,PRTA
53.0,53.0,53.0,53.0,800,2021-07-02 14:29:00,PRTA
52.89,52.89,52.89,52.89,100,2021-07-02 14:30:00,PRTA
52.89,53.04,52.89,53.04,389,2021-07-02 14:32:00,PRTA
53.04,53.16,52.91,53.1,1015,2021-07-02 14:33:00,PRTA
53.07,53.07,53.05,53.05,200,2021-07-02 14:34:00,PRTA
53.35,53.36,53.35,53.36,200,2021-07-02 14:35:00,PRTA
53.35,53.35,53.35,53.35,100,2021-07-02 14:36:00,PRTA
53.22,53.22,53.22,53.22,100,2021-07-02 14:37:00,PRTA
53.36,53.4,53.13,53.15,900,2021-07-02 14:39:00,PRTA
53.38,53.38,53.12,53.295,700,2021-07-02 14:40:00,PRTA
53.38,53.38,53.12,53.2,900,2021-07-02 14:41:00,PRTA
53.265,53.265,53.265,53.265,100,2021-07-02 14:42:00,PRTA
53.32,53.38,53.32,53.38,300,2021-07-02 14:43:00,PRTA
53.46,53.7817,53.4,53.7817,9233,2021-07-02 14:46:00,PRTA
53.8065,54.4199,53.77,54.2,13719,2021-07-02 14:47:00,PRTA
54.1,54.15,53.99,54.15,3354,2021-07-02 14:48:00,PRTA
54.0522,54.32,54.0522,54.32,957,2021-07-02 14:49:00,PRTA
54.4143,54.88,54.16,54.795,8529,2021-07-02 14:50:00,PRTA
54.65,54.735,54.43,54.67,1900,2021-07-02 14:51:00,PRTA
54.74,55.0,54.64,54.896,8884,2021-07-02 14:52:00,PRTA
54.815,55.18,54.815,55.1217,4501,2021-07-02 14:53:00,PRTA
55.15,55.39,55.15,55.28,1100,2021-07-02 14:54:00,PRTA
55.19,55.39,55.09,55.09,1661,2021-07-02 14:55:00,PRTA
54.92,55.2561,54.65,54.69,9425,2021-07-02 14:56:00,PRTA
54.8888,55.0599,54.73,55.0599,381,2021-07-02 14:57:00,PRTA
54.67,54.87,54.67,54.87,200,2021-07-02 14:58:00,PRTA
54.59,54.64,54.3673,54.39,3952,2021-07-02 14:59:00,PRTA
54.4582,54.4582,54.4582,54.4582,150,2021-07-02 15:00:00,PRTA
54.62,54.63,54.25,54.4975,1800,2021-07-02 15:01:00,PRTA
54.49,54.64,54.49,54.63,1664,2021-07-02 15:03:00,PRTA
54.4501,54.66,54.4501,54.66,1018,2021-07-02 15:04:00,PRTA
54.66,54.66,54.66,54.66,200,2021-07-02 15:05:00,PRTA
54.67,54.675,54.67,54.67,600,2021-07-02 15:06:00,PRTA
54.66,54.66,54.66,54.66,200,2021-07-02 15:07:00,PRTA
54.665,54.8561,54.665,54.8561,200,2021-07-02 15:08:00,PRTA
54.725,54.725,54.725,54.725,100,2021-07-02 15:09:00,PRTA
54.62,54.62,54.49,54.53,2500,2021-07-02 15:10:00,PRTA
54.465,54.465,54.465,54.465,300,2021-07-02 15:12:00,PRTA
54.465,54.465,54.465,54.465,200,2021-07-02 15:13:00,PRTA
54.33,54.33,54.11,54.11,960,2021-07-02 15:14:00,PRTA
54.11,54.175,54.11,54.175,352,2021-07-02 15:15:00,PRTA
54.01,54.01,54.01,54.01,700,2021-07-02 15:17:00,PRTA
54.105,54.105,54.105,54.105,1287,2021-07-02 15:18:00,PRTA
54.04,54.14,54.03,54.14,1278,2021-07-02 15:19:00,PRTA
54.03,54.03,53.52,53.53,4780,2021-07-02 15:21:00,PRTA
53.76,53.76,53.35,53.35,3372,2021-07-02 15:22:00,PRTA
53.45,53.45,53.45,53.45,100,2021-07-02 15:23:00,PRTA
53.4726,53.6,53.4665,53.6,729,2021-07-02 15:24:00,PRTA
53.77,53.78,53.77,53.78,300,2021-07-02 15:25:00,PRTA
53.8599,53.8599,53.7576,53.7576,400,2021-07-02 15:26:00,PRTA
53.7,53.7,53.7,53.7,100,2021-07-02 15:27:00,PRTA
53.69,53.92,53.69,53.92,200,2021-07-02 15:28:00,PRTA
53.81,53.81,53.58,53.58,1192,2021-07-02 15:29:00,PRTA
53.68,53.87,53.66,53.85,800,2021-07-02 15:30:00,PRTA
53.87,54.02,53.71,53.71,1399,2021-07-02 15:31:00,PRTA
54.0,54.01,53.82,53.82,385,2021-07-02 15:34:00,PRTA
53.86,53.89,53.86,53.89,300,2021-07-02 15:36:00,PRTA
53.86,53.86,53.85,53.85,200,2021-07-02 15:39:00,PRTA
53.86,53.86,53.72,53.795,1587,2021-07-02 15:41:00,PRTA
53.73,53.73,53.73,53.73,100,2021-07-02 15:44:00,PRTA
53.731,53.9,53.72,53.9,2288,2021-07-02 15:45:00,PRTA
53.99,54.06,53.99,54.06,200,2021-07-02 15:47:00,PRTA
54.06,54.06,54.06,54.06,300,2021-07-02 15:53:00,PRTA
54.16,54.16,54.16,54.16,600,2021-07-02 15:54:00,PRTA
54.47,54.47,54.335,54.335,400,2021-07-02 15:55:00,PRTA
54.47,54.47,54.47,54.47,100,2021-07-02 15:57:00,PRTA
54.53,54.53,54.53,54.53,100,2021-07-02 16:00:00,PRTA
54.54,54.54,54.54,54.54,100,2021-07-02 16:02:00,PRTA
54.55,54.55,54.55,54.55,100,2021-07-02 16:03:00,PRTA
54.5,54.5,54.5,54.5,100,2021-07-02 16:04:00,PRTA
54.54,54.54,54.5,54.515,300,2021-07-02 16:05:00,PRTA
54.5,54.55,54.5,54.55,915,2021-07-02 16:06:00,PRTA
54.55,54.58,54.37,54.54,943,2021-07-02 16:07:00,PRTA
54.55,54.58,54.46,54.49,1532,2021-07-02 16:12:00,PRTA
54.5199,54.5199,54.5199,54.5199,100,2021-07-02 16:13:00,PRTA
54.49,54.49,54.49,54.49,300,2021-07-02 16:14:00,PRTA
54.5699,54.5699,54.43,54.43,700,2021-07-02 16:15:00,PRTA
54.41,54.55,54.41,54.5,300,2021-07-02 16:18:00,PRTA
54.515,54.515,54.515,54.515,300,2021-07-02 16:19:00,PRTA
54.47,54.47,54.47,54.47,600,2021-07-02 16:20:00,PRTA
54.465,54.475,54.42,54.42,1081,2021-07-02 16:21:00,PRTA
54.41,54.41,54.34,54.4,1500,2021-07-02 16:22:00,PRTA
54.39,54.39,54.3,54.3,1365,2021-07-02 16:23:00,PRTA
54.2915,54.32,54.26,54.26,400,2021-07-02 16:24:00,PRTA
54.36,54.38,54.36,54.38,338,2021-07-02 16:25:00,PRTA
54.42,54.42,54.42,54.42,100,2021-07-02 16:27:00,PRTA
54.3731,54.3731,54.3731,54.3731,106,2021-07-02 16:31:00,PRTA
54.37,54.41,54.37,54.41,401,2021-07-02 16:33:00,PRTA
54.25,54.26,54.14,54.19,1199,2021-07-02 16:34:00,PRTA
54.06,54.0846,54.05,54.0846,619,2021-07-02 16:35:00,PRTA
54.0,54.0,53.99,53.99,800,2021-07-02 16:38:00,PRTA
53.95,54.09,53.95,54.09,1237,2021-07-02 16:39:00,PRTA
54.09,54.09,54.05,54.05,265,2021-07-02 16:42:00,PRTA
54.18,54.2143,54.18,54.2143,419,2021-07-02 16:46:00,PRTA
54.24,54.24,54.24,54.24,100,2021-07-02 16:52:00,PRTA
54.12,54.19,54.11,54.19,885,2021-07-02 16:54:00,PRTA
54.13,54.205,54.13,54.205,786,2021-07-02 16:55:00,PRTA
54.34,54.49,54.3,54.49,815,2021-07-02 16:56:00,PRTA
54.4,54.4,54.22,54.22,1200,2021-07-02 16:57:00,PRTA
54.22,54.22,54.11,54.11,1099,2021-07-02 16:58:00,PRTA
54.02,54.03,54.02,54.02,400,2021-07-02 16:59:00,PRTA
54.15,54.15,54.15,54.15,100,2021-07-02 17:00:00,PRTA
54.135,54.33,54.135,54.33,301,2021-07-02 17:01:00,PRTA
54.32,54.39,54.3,54.3,1096,2021-07-02 17:03:00,PRTA
54.4499,54.58,54.33,54.505,4580,2021-07-02 17:06:00,PRTA
54.61,54.61,54.59,54.61,1329,2021-07-02 17:07:00,PRTA
54.87,54.87,54.87,54.87,367,2021-07-02 17:08:00,PRTA
54.61,54.62,54.59,54.59,482,2021-07-02 17:11:00,PRTA
54.83,54.83,54.83,54.83,200,2021-07-02 17:13:00,PRTA
54.8079,54.8079,54.8079,54.8079,635,2021-07-02 17:14:00,PRTA
54.89,54.93,54.88,54.88,738,2021-07-02 17:17:00,PRTA
54.77,54.77,54.67,54.67,442,2021-07-02 17:18:00,PRTA
54.8,54.8,54.8,54.8,930,2021-07-02 17:20:00,PRTA
54.67,54.79,54.67,54.79,500,2021-07-02 17:22:00,PRTA
54.84,55.0,54.84,55.0,601,2021-07-02 17:23:00,PRTA
54.86,54.86,54.86,54.86,500,2021-07-02 17:25:00,PRTA
54.99,55.08,54.93,54.93,1499,2021-07-02 17:27:00,PRTA
54.75,54.75,54.75,54.75,117,2021-07-02 17:28:00,PRTA
55.0,55.12,55.0,55.015,2825,2021-07-02 17:29:00,PRTA
55.12,55.12,55.12,55.12,100,2021-07-02 17:30:00,PRTA
55.1925,55.1925,55.1925,55.1925,141,2021-07-02 17:32:00,PRTA
55.18,55.26,55.11,55.11,1117,2021-07-02 17:35:00,PRTA
55.1,55.269,55.09,55.254,1900,2021-07-02 17:36:00,PRTA
55.06,55.06,55.06,55.06,187,2021-07-02 17:40:00,PRTA
55.2,55.32,55.2,55.32,500,2021-07-02 17:48:00,PRTA
55.41,55.5,55.4,55.5,1583,2021-07-02 17:50:00,PRTA
55.36,55.36,55.31,55.31,500,2021-07-02 17:51:00,PRTA
55.355,55.355,55.355,55.355,300,2021-07-02 17:52:00,PRTA
55.34,55.34,55.22,55.34,317,2021-07-02 17:54:00,PRTA
55.3475,55.3475,55.3475,55.3475,100,2021-07-02 17:55:00,PRTA
55.49,55.49,55.35,55.35,1700,2021-07-02 17:57:00,PRTA
55.28,55.28,55.27,55.27,900,2021-07-02 18:04:00,PRTA
55.3068,55.3068,55.3068,55.3068,100,2021-07-02 18:05:00,PRTA
55.315,55.315,55.21,55.21,1102,2021-07-02 18:07:00,PRTA
55.14,55.14,55.14,55.14,100,2021-07-02 18:08:00,PRTA
55.27,55.75,55.26,55.75,4933,2021-07-02 18:09:00,PRTA
55.765,55.765,55.48,55.48,1700,2021-07-02 18:10:00,PRTA
55.72,55.72,55.72,55.72,100,2021-07-02 18:11:00,PRTA
55.5,55.5,55.5,55.5,4500,2021-07-02 18:13:00,PRTA
55.4,55.519,55.4,55.519,304,2021-07-02 18:21:00,PRTA
55.63,55.7,55.63,55.68,678,2021-07-02 18:23:00,PRTA
55.75,55.75,55.75,55.75,100,2021-07-02 18:24:00,PRTA
55.785,55.8,55.785,55.8,300,2021-07-02 18:28:00,PRTA
55.89,55.895,55.89,55.895,220,2021-07-02 18:29:00,PRTA
55.95,56.0,55.91,55.94,3370,2021-07-02 18:30:00,PRTA
55.93,56.02,55.83,55.83,1465,2021-07-02 18:32:00,PRTA
55.9,55.9,55.9,55.9,100,2021-07-02 18:33:00,PRTA
55.858,55.858,55.79,55.83,415,2021-07-02 18:35:00,PRTA
55.77,55.77,55.67,55.67,702,2021-07-02 18:36:00,PRTA
55.67,55.67,55.47,55.47,4317,2021-07-02 18:38:00,PRTA
55.46,55.5,55.46,55.5,268,2021-07-02 18:43:00,PRTA
55.45,55.45,55.41,55.44,1500,2021-07-02 18:44:00,PRTA
55.3353,55.3353,55.3353,55.3353,500,2021-07-02 18:45:00,PRTA
55.35,55.35,55.35,55.35,100,2021-07-02 18:46:00,PRTA
55.35,55.35,55.35,55.35,300,2021-07-02 18:49:00,PRTA
55.35,55.45,55.35,55.35,900,2021-07-02 18:50:00,PRTA
55.55,55.59,55.535,55.535,402,2021-07-02 18:52:00,PRTA
55.5088,55.5088,55.5088,55.5088,100,2021-07-02 18:54:00,PRTA
55.54,55.54,55.54,55.54,900,2021-07-02 18:55:00,PRTA
55.6099,55.61,55.42,55.42,7820,2021-07-02 18:56:00,PRTA
55.3502,55.3502,55.3502,55.3502,100,2021-07-02 18:57:00,PRTA
55.27,55.27,55.26,55.26,301,2021-07-02 18:59:00,PRTA
55.13,55.21,55.11,55.21,400,2021-07-02 19:00:00,PRTA
55.0291,55.0291,55.01,55.01,1500,2021-07-02 19:02:00,PRTA
55.17,55.17,55.17,55.17,100,2021-07-02 19:04:00,PRTA
55.17,55.17,55.17,55.17,413,2021-07-02 19:07:00,PRTA
55.07,55.12,55.07,55.07,1600,2021-07-02 19:09:00,PRTA
55.08,55.08,55.08,55.08,100,2021-07-02 19:10:00,PRTA
55.03,55.08,55.03,55.08,600,2021-07-02 19:12:00,PRTA
54.94,54.94,54.94,54.94,100,2021-07-02 19:13:00,PRTA
55.0281,55.07,55.0281,55.07,300,2021-07-02 19:14:00,PRTA
55.14,55.26,55.14,55.235,1734,2021-07-02 19:15:00,PRTA
55.14,55.14,55.14,55.14,100,2021-07-02 19:18:00,PRTA
55.41,55.41,55.41,55.41,100,2021-07-02 19:19:00,PRTA
55.44,55.53,55.44,55.53,400,2021-07-02 19:20:00,PRTA
55.535,55.535,55.535,55.535,100,2021-07-02 19:21:00,PRTA
55.525,55.525,55.525,55.525,200,2021-07-02 19:22:00,PRTA
55.525,55.53,55.525,55.53,1300,2021-07-02 19:23:00,PRTA
55.53,55.53,55.53,55.53,300,2021-07-02 19:24:00,PRTA
55.53,55.535,55.5,55.535,600,2021-07-02 19:25:00,PRTA
55.63,55.63,55.43,55.53,500,2021-07-02 19:26:00,PRTA
55.58,55.64,55.58,55.63,600,2021-07-02 19:28:00,PRTA
55.59,55.59,55.59,55.59,200,2021-07-02 19:29:00,PRTA
55.59,55.74,55.59,55.74,400,2021-07-02 19:30:00,PRTA
55.665,55.92,55.665,55.83,2400,2021-07-02 19:31:00,PRTA
55.83,55.83,55.83,55.83,200,2021-07-02 19:32:00,PRTA
55.835,55.835,55.71,55.76,1211,2021-07-02 19:33:00,PRTA
55.78,55.78,55.59,55.59,1020,2021-07-02 19:34:00,PRTA
55.69,55.83,55.67,55.83,1120,2021-07-02 19:38:00,PRTA
55.82,55.93,55.795,55.795,500,2021-07-02 19:39:00,PRTA
55.67,55.74,55.52,55.52,3022,2021-07-02 19:40:00,PRTA
55.54,55.54,55.52,55.52,419,2021-07-02 19:41:00,PRTA
55.55,55.57,55.55,55.57,200,2021-07-02 19:42:00,PRTA
55.57,55.59,55.57,55.59,200,2021-07-02 19:43:00,PRTA
55.57,55.6,55.55,55.6,2308,2021-07-02 19:44:00,PRTA
55.66,55.66,55.66,55.66,100,2021-07-02 19:45:00,PRTA
55.66,55.67,55.66,55.67,678,2021-07-02 19:46:00,PRTA
55.65,55.68,55.6,55.65,1335,2021-07-02 19:47:00,PRTA
55.6,55.6,55.6,55.6,100,2021-07-02 19:48:00,PRTA
55.6,55.645,55.6,55.645,750,2021-07-02 19:49:00,PRTA
55.6,55.65,55.6,55.6,1000,2021-07-02 19:50:00,PRTA
55.6,55.75,55.6,55.75,1022,2021-07-02 19:51:00,PRTA
55.74,55.74,55.73,55.73,800,2021-07-02 19:52:00,PRTA
55.74,55.75,55.67,55.73,1880,2021-07-02 19:53:00,PRTA
55.735,55.735,55.57,55.6,1939,2021-07-02 19:54:00,PRTA
55.62,55.74,55.62,55.675,1034,2021-07-02 19:55:00,PRTA
55.68,55.74,55.65,55.73,1550,2021-07-02 19:56:00,PRTA
55.67,55.75,55.65,55.7,2738,2021-07-02 19:57:00,PRTA
55.705,55.73,55.65,55.73,3559,2021-07-02 19:58:00,PRTA
55.72,55.74,55.47,55.53,6645,2021-07-02 19:59:00,PRTA
55.47,55.47,55.47,55.47,21193,2021-07-02 20:00:00,PRTA
55.88,55.88,55.88,55.88,100,2021-07-02 23:52:00,PRTA
