open,high,low,close,volume,datetime,symbol
14.0,14.0,14.0,14.0,2000,2021-04-13 14:40:00,GHVIU
13.9,13.9,13.9,13.9,500,2021-04-13 14:57:00,GHVIU
13.9716,13.9716,13.9716,13.9716,141,2021-04-13 15:02:00,GHVIU
13.9024,13.9024,13.9024,13.9024,640,2021-04-13 15:23:00,GHVIU
13.9,13.9,13.9,13.9,155,2021-04-13 17:13:00,GHVIU
13.9084,13.9084,13.9084,13.9084,287,2021-04-13 17:30:00,GHVIU
13.91,13.91,13.91,13.91,100,2021-04-13 17:32:00,GHVIU
13.9,13.9,13.9,13.9,286,2021-04-13 17:48:00,GHVIU
13.78,13.78,13.78,13.78,100,2021-04-13 18:02:00,GHVIU
13.78,13.78,13.78,13.78,100,2021-04-13 18:05:00,GHVIU
13.78,13.78,13.78,13.78,100,2021-04-13 18:14:00,GHVIU
13.77,13.77,13.77,13.77,100,2021-04-13 19:07:00,GHVIU
13.9,13.9,13.9,13.9,200,2021-04-13 19:10:00,GHVIU
13.91,13.94,13.91,13.94,612,2021-04-13 19:11:00,GHVIU
13.845,13.845,13.845,13.845,300,2021-04-13 19:15:00,GHVIU
13.79,13.7962,13.77,13.77,500,2021-04-13 19:46:00,GHVIU
13.77,13.77,13.77,13.77,550,2021-04-13 19:59:00,GHVIU
13.8,13.8,13.8,13.8,1500,2021-04-14 14:19:00,GHVIU
13.71,13.71,13.71,13.71,100,2021-04-14 14:29:00,GHVIU
13.73,13.73,13.73,13.73,100,2021-04-14 15:09:00,GHVIU
13.7912,13.7912,13.7912,13.7912,300,2021-04-14 15:31:00,GHVIU
13.8463,13.8463,13.8463,13.8463,100,2021-04-14 15:39:00,GHVIU
13.84,13.84,13.84,13.84,753,2021-04-14 15:46:00,GHVIU
13.8,13.8,13.8,13.8,750,2021-04-14 16:19:00,GHVIU
13.66,13.66,13.65,13.65,621,2021-04-14 18:25:00,GHVIU
13.7,13.7,13.7,13.7,430,2021-04-14 19:43:00,GHVIU
13.78,13.78,13.78,13.78,219,2021-04-14 19:59:00,GHVIU
13.66,13.66,13.65,13.65,312,2021-04-15 15:20:00,GHVIU
13.56,13.56,13.56,13.56,400,2021-04-15 15:42:00,GHVIU
13.5,13.5,13.48,13.48,4190,2021-04-15 15:47:00,GHVIU
13.4697,13.4697,13.4697,13.4697,100,2021-04-15 16:04:00,GHVIU
13.39,13.39,13.39,13.39,500,2021-04-15 16:24:00,GHVIU
13.3682,13.3682,13.3682,13.3682,300,2021-04-15 16:36:00,GHVIU
13.29,13.29,13.24,13.24,983,2021-04-15 16:55:00,GHVIU
13.12,13.12,13.12,13.12,1000,2021-04-15 17:14:00,GHVIU
13.07,13.07,13.07,13.07,200,2021-04-15 17:20:00,GHVIU
13.1501,13.18,13.1501,13.1642,400,2021-04-15 17:55:00,GHVIU
13.51,13.7184,13.51,13.7184,1000,2021-04-15 18:06:00,GHVIU
13.7607,13.7607,13.7607,13.7607,105,2021-04-15 18:11:00,GHVIU
13.52,13.52,13.52,13.52,500,2021-04-15 18:13:00,GHVIU
13.2514,13.2514,13.2514,13.2514,900,2021-04-15 18:38:00,GHVIU
13.42,13.45,13.41,13.41,400,2021-04-15 19:33:00,GHVIU
13.51,13.51,13.51,13.51,640,2021-04-15 19:59:00,GHVIU
13.52,13.52,13.52,13.52,100,2021-04-16 13:30:00,GHVIU
13.08,13.08,13.04,13.04,2475,2021-04-16 13:58:00,GHVIU
13.04,13.04,13.04,13.04,150,2021-04-16 14:36:00,GHVIU
13.32,13.44,13.32,13.44,800,2021-04-16 14:59:00,GHVIU
13.26,13.26,13.21,13.21,200,2021-04-16 15:25:00,GHVIU
13.25,13.25,13.25,13.25,2272,2021-04-16 19:47:00,GHVIU
13.39,13.39,13.39,13.39,100,2021-04-16 19:56:00,GHVIU
13.14,13.14,13.14,13.14,224,2021-04-16 19:59:00,GHVIU
13.2,13.2,13.2,13.2,100,2021-04-19 13:31:00,GHVIU
13.18,13.18,13.09,13.09,200,2021-04-19 13:41:00,GHVIU
13.06,13.06,13.06,13.06,100,2021-04-19 13:48:00,GHVIU
13.1,13.1,13.09,13.09,200,2021-04-19 13:58:00,GHVIU
13.06,13.06,13.06,13.06,300,2021-04-19 14:02:00,GHVIU
13.08,13.08,13.05,13.05,1891,2021-04-19 14:07:00,GHVIU
13.05,13.05,13.05,13.05,10859,2021-04-19 14:08:00,GHVIU
13.0,13.0,13.0,13.0,1531,2021-04-19 14:10:00,GHVIU
13.0,13.0,13.0,13.0,100,2021-04-19 14:12:00,GHVIU
13.0,13.0,13.0,13.0,3069,2021-04-19 14:13:00,GHVIU
12.88,13.33,12.88,13.33,200,2021-04-19 14:15:00,GHVIU
12.9,12.9,12.87,12.87,1241,2021-04-19 14:16:00,GHVIU
12.82,12.82,12.82,12.82,100,2021-04-19 14:20:00,GHVIU
12.82,12.82,12.77,12.77,200,2021-04-19 14:25:00,GHVIU
12.77,12.77,12.77,12.77,1341,2021-04-19 14:27:00,GHVIU
12.79,12.79,12.78,12.78,300,2021-04-19 14:29:00,GHVIU
12.78,12.78,12.78,12.78,1000,2021-04-19 14:34:00,GHVIU
12.8,12.8,12.8,12.8,200,2021-04-19 14:37:00,GHVIU
12.8,13.208,12.69,12.69,1485,2021-04-19 14:42:00,GHVIU
12.75,12.75,12.75,12.75,305,2021-04-19 14:44:00,GHVIU
12.72,12.72,12.72,12.72,100,2021-04-19 14:50:00,GHVIU
12.7,12.7,12.7,12.7,200,2021-04-19 14:55:00,GHVIU
12.71,12.71,12.7,12.7,400,2021-04-19 14:59:00,GHVIU
12.95,12.95,12.95,12.95,100,2021-04-19 15:01:00,GHVIU
12.825,12.825,12.825,12.825,100,2021-04-19 15:03:00,GHVIU
12.825,12.825,12.825,12.825,100,2021-04-19 15:07:00,GHVIU
12.71,12.71,12.71,12.71,100,2021-04-19 15:12:00,GHVIU
12.71,12.71,12.71,12.71,100,2021-04-19 15:15:00,GHVIU
12.71,12.71,12.71,12.71,300,2021-04-19 15:20:00,GHVIU
12.82,12.82,12.82,12.82,300,2021-04-19 15:26:00,GHVIU
12.82,12.82,12.82,12.82,100,2021-04-19 15:29:00,GHVIU
12.82,12.82,12.82,12.82,100,2021-04-19 15:34:00,GHVIU
12.82,12.82,12.82,12.82,100,2021-04-19 15:37:00,GHVIU
12.82,12.82,12.82,12.82,300,2021-04-19 15:42:00,GHVIU
12.71,12.71,12.71,12.71,300,2021-04-19 15:47:00,GHVIU
12.71,12.71,12.7,12.7,200,2021-04-19 15:52:00,GHVIU
12.71,12.71,12.71,12.71,300,2021-04-19 15:58:00,GHVIU
12.71,12.71,12.71,12.71,100,2021-04-19 16:03:00,GHVIU
12.7,12.7,12.7,12.7,500,2021-04-19 16:05:00,GHVIU
12.71,12.71,12.71,12.71,100,2021-04-19 16:07:00,GHVIU
12.71,12.71,12.71,12.71,100,2021-04-19 16:12:00,GHVIU
12.72,12.72,12.72,12.72,100,2021-04-19 16:16:00,GHVIU
12.72,12.72,12.72,12.72,100,2021-04-19 16:22:00,GHVIU
12.825,12.825,12.825,12.825,100,2021-04-19 16:27:00,GHVIU
12.825,12.825,12.825,12.825,100,2021-04-19 16:30:00,GHVIU
12.85,12.85,12.85,12.85,100,2021-04-19 16:35:00,GHVIU
12.95,12.95,12.95,12.95,260,2021-04-19 16:36:00,GHVIU
12.83,12.83,12.83,12.83,100,2021-04-19 16:43:00,GHVIU
12.85,12.85,12.85,12.85,100,2021-04-19 16:49:00,GHVIU
12.83,12.83,12.83,12.83,100,2021-04-19 16:55:00,GHVIU
12.88,12.88,12.88,12.88,1000,2021-04-19 16:56:00,GHVIU
12.84,12.89,12.84,12.89,200,2021-04-19 17:04:00,GHVIU
12.89,12.89,12.89,12.89,100,2021-04-19 17:07:00,GHVIU
12.9178,12.9178,12.89,12.89,3200,2021-04-19 17:13:00,GHVIU
13.0,13.0,13.0,13.0,100,2021-04-19 17:15:00,GHVIU
12.89,12.89,12.89,12.89,100,2021-04-19 17:17:00,GHVIU
12.89,12.89,12.89,12.89,100,2021-04-19 17:22:00,GHVIU
12.89,12.89,12.89,12.89,100,2021-04-19 17:27:00,GHVIU
12.83,12.83,12.83,12.83,100,2021-04-19 17:32:00,GHVIU
12.82,12.82,12.82,12.82,100,2021-04-19 17:37:00,GHVIU
12.9309,12.9309,12.9309,12.9309,103,2021-04-19 17:40:00,GHVIU
12.8,12.8,12.8,12.8,200,2021-04-19 17:43:00,GHVIU
12.79,12.79,12.79,12.79,100,2021-04-19 17:48:00,GHVIU
12.78,12.78,12.78,12.78,100,2021-04-19 17:53:00,GHVIU
12.89,12.89,12.89,12.89,100,2021-04-19 17:59:00,GHVIU
12.89,12.89,12.89,12.89,100,2021-04-19 18:02:00,GHVIU
12.89,12.89,12.89,12.89,100,2021-04-19 18:07:00,GHVIU
12.89,12.89,12.89,12.89,100,2021-04-19 18:13:00,GHVIU
12.8,12.8,12.8,12.8,100,2021-04-19 18:20:00,GHVIU
12.8,12.8,12.8,12.8,100,2021-04-19 18:28:00,GHVIU
12.97,13.0,12.97,13.0,200,2021-04-19 18:30:00,GHVIU
13.0,13.04,12.85,12.85,400,2021-04-19 18:31:00,GHVIU
12.89,12.89,12.89,12.89,100,2021-04-19 18:33:00,GHVIU
12.85,12.85,12.85,12.85,100,2021-04-19 18:43:00,GHVIU
12.86,12.86,12.86,12.86,100,2021-04-19 18:48:00,GHVIU
12.88,12.88,12.88,12.88,100,2021-04-19 18:56:00,GHVIU
12.82,12.82,12.82,12.82,100,2021-04-19 19:01:00,GHVIU
12.84,12.84,12.84,12.84,100,2021-04-19 19:08:00,GHVIU
12.86,12.86,12.86,12.86,100,2021-04-19 19:13:00,GHVIU
12.85,12.85,12.85,12.85,100,2021-04-19 19:17:00,GHVIU
12.85,12.85,12.85,12.85,100,2021-04-19 19:22:00,GHVIU
12.82,12.82,12.82,12.82,500,2021-04-19 19:27:00,GHVIU
12.78,12.78,12.78,12.78,200,2021-04-19 19:31:00,GHVIU
12.78,12.78,12.78,12.78,300,2021-04-19 19:33:00,GHVIU
12.8,12.8,12.8,12.8,100,2021-04-19 19:40:00,GHVIU
12.88,12.88,12.88,12.88,100,2021-04-19 19:41:00,GHVIU
12.86,12.86,12.86,12.86,100,2021-04-19 19:44:00,GHVIU
12.8601,12.99,12.8601,12.99,200,2021-04-19 19:46:00,GHVIU
12.78,12.78,12.78,12.78,100,2021-04-19 19:49:00,GHVIU
12.78,12.78,12.78,12.78,200,2021-04-19 19:50:00,GHVIU
12.77,12.77,12.77,12.77,100,2021-04-19 19:52:00,GHVIU
12.76,12.76,12.76,12.76,100,2021-04-19 19:53:00,GHVIU
12.77,12.77,12.77,12.77,200,2021-04-19 19:54:00,GHVIU
12.8,12.8,12.8,12.8,100,2021-04-19 19:56:00,GHVIU
12.79,12.79,12.77,12.77,200,2021-04-19 19:57:00,GHVIU
12.76,12.76,12.76,12.76,200,2021-04-19 19:58:00,GHVIU
12.77,12.77,12.76,12.76,838,2021-04-19 19:59:00,GHVIU
12.9,12.9,12.9,12.9,200,2021-04-20 13:54:00,GHVIU
12.9,12.9,12.9,12.9,100,2021-04-20 14:31:00,GHVIU
12.91,12.91,12.91,12.91,100,2021-04-20 14:39:00,GHVIU
12.72,12.72,12.72,12.72,393,2021-04-20 14:53:00,GHVIU
12.755,12.755,12.755,12.755,200,2021-04-20 15:03:00,GHVIU
12.755,12.755,12.755,12.755,100,2021-04-20 15:27:00,GHVIU
12.55,12.55,12.55,12.55,1000,2021-04-20 15:29:00,GHVIU
12.55,12.55,12.5,12.5,510,2021-04-20 15:32:00,GHVIU
12.3,12.3,12.3,12.3,100,2021-04-20 15:46:00,GHVIU
12.7767,12.7767,12.7767,12.7767,500,2021-04-20 16:08:00,GHVIU
12.75,12.75,12.75,12.75,100,2021-04-20 18:03:00,GHVIU
12.34,12.34,12.34,12.34,200,2021-04-21 13:30:00,GHVIU
12.37,12.37,12.28,12.28,910,2021-04-21 13:38:00,GHVIU
12.06,12.06,12.06,12.06,100,2021-04-21 13:44:00,GHVIU
12.88,12.88,12.88,12.88,450,2021-04-21 13:45:00,GHVIU
12.8048,12.8048,12.8048,12.8048,685,2021-04-21 13:52:00,GHVIU
12.7794,12.7794,12.7794,12.7794,150,2021-04-21 13:53:00,GHVIU
12.56,12.56,12.56,12.56,185,2021-04-21 14:18:00,GHVIU
12.57,12.57,12.57,12.57,409,2021-04-21 14:19:00,GHVIU
12.6875,12.6875,12.6875,12.6875,100,2021-04-21 14:43:00,GHVIU
12.52,12.5494,12.52,12.5494,200,2021-04-21 14:54:00,GHVIU
12.7,12.84,12.7,12.7,632,2021-04-21 16:00:00,GHVIU
12.7,12.7,12.7,12.7,200,2021-04-21 16:01:00,GHVIU
12.7,12.87,12.7,12.7,1330,2021-04-21 16:09:00,GHVIU
12.705,12.705,12.705,12.705,300,2021-04-21 16:10:00,GHVIU
12.705,12.705,12.705,12.705,100,2021-04-21 16:11:00,GHVIU
12.705,12.9,12.705,12.9,640,2021-04-21 16:19:00,GHVIU
12.87,12.9,12.71,12.71,800,2021-04-21 16:20:00,GHVIU
12.91,12.91,12.725,12.725,500,2021-04-21 16:21:00,GHVIU
12.93,12.94,12.93,12.94,200,2021-04-21 16:26:00,GHVIU
12.94,12.97,12.75,12.75,1503,2021-04-21 16:27:00,GHVIU
12.75,12.75,12.75,12.75,500,2021-04-21 16:41:00,GHVIU
12.795,12.795,12.795,12.795,191,2021-04-21 16:44:00,GHVIU
12.795,12.845,12.795,12.84,909,2021-04-21 16:45:00,GHVIU
12.81,12.81,12.81,12.81,400,2021-04-21 16:47:00,GHVIU
12.81,12.81,12.745,12.81,1075,2021-04-21 16:57:00,GHVIU
12.78,12.78,12.78,12.78,100,2021-04-21 16:58:00,GHVIU
12.81,12.81,12.81,12.81,133,2021-04-21 17:01:00,GHVIU
12.78,12.78,12.78,12.78,100,2021-04-21 17:07:00,GHVIU
12.81,12.81,12.795,12.795,200,2021-04-21 17:09:00,GHVIU
12.81,12.81,12.81,12.81,200,2021-04-21 17:17:00,GHVIU
12.795,12.795,12.795,12.795,250,2021-04-21 17:22:00,GHVIU
12.81,12.81,12.81,12.81,100,2021-04-21 17:25:00,GHVIU
12.78,12.78,12.78,12.78,100,2021-04-21 17:27:00,GHVIU
12.81,12.81,12.77,12.77,400,2021-04-21 17:34:00,GHVIU
12.765,12.81,12.765,12.81,1781,2021-04-21 17:50:00,GHVIU
12.765,12.81,12.765,12.81,341,2021-04-21 17:55:00,GHVIU
12.765,12.81,12.765,12.81,1800,2021-04-21 17:57:00,GHVIU
12.765,12.765,12.765,12.765,250,2021-04-21 17:59:00,GHVIU
12.765,12.81,12.765,12.81,502,2021-04-21 18:01:00,GHVIU
12.765,12.81,12.765,12.81,500,2021-04-21 18:14:00,GHVIU
12.81,12.84,12.765,12.81,1632,2021-04-21 18:18:00,GHVIU
12.805,12.805,12.805,12.805,200,2021-04-21 18:25:00,GHVIU
12.81,12.81,12.81,12.81,100,2021-04-21 18:31:00,GHVIU
12.81,12.81,12.81,12.81,100,2021-04-21 19:20:00,GHVIU
13.0439,13.0439,13.0439,13.0439,183,2021-04-21 19:23:00,GHVIU
12.88,12.88,12.88,12.88,100,2021-04-21 19:24:00,GHVIU
12.905,13.08,12.905,13.08,800,2021-04-21 19:32:00,GHVIU
12.925,13.11,12.925,13.11,900,2021-04-21 19:33:00,GHVIU
13.07,13.12,13.07,13.12,300,2021-04-21 19:37:00,GHVIU
12.925,13.12,12.925,12.925,1100,2021-04-21 19:40:00,GHVIU
12.925,13.12,12.925,12.96,2269,2021-04-21 19:41:00,GHVIU
12.96,13.25,12.96,13.24,5000,2021-04-21 19:46:00,GHVIU
13.3,13.3,13.3,13.3,200,2021-04-21 19:54:00,GHVIU
13.34,13.34,13.095,13.095,960,2021-04-21 19:55:00,GHVIU
13.3,13.34,13.3,13.34,400,2021-04-21 19:57:00,GHVIU
13.34,13.41,13.19,13.41,2068,2021-04-21 19:58:00,GHVIU
13.45,13.45,13.42,13.45,516,2021-04-21 19:59:00,GHVIU
13.2,13.2,13.2,13.2,100,2021-04-21 21:00:00,GHVIU
13.11,13.11,13.11,13.11,100,2021-04-22 13:30:00,GHVIU
13.85,14.06,13.85,14.06,1800,2021-04-22 13:51:00,GHVIU
14.0603,14.19,14.0603,14.19,1000,2021-04-22 13:54:00,GHVIU
14.19,14.19,14.19,14.19,200,2021-04-22 13:55:00,GHVIU
13.6554,13.6554,13.6554,13.6554,200,2021-04-22 14:10:00,GHVIU
13.785,13.785,13.785,13.785,100,2021-04-22 14:15:00,GHVIU
13.785,13.785,13.785,13.785,100,2021-04-22 14:16:00,GHVIU
13.79,13.79,13.79,13.79,100,2021-04-22 14:18:00,GHVIU
13.79,13.79,13.79,13.79,100,2021-04-22 14:20:00,GHVIU
14.06,14.14,14.04,14.14,2500,2021-04-22 14:26:00,GHVIU
13.81,13.81,13.81,13.81,100,2021-04-22 14:27:00,GHVIU
13.81,13.81,13.81,13.81,100,2021-04-22 14:28:00,GHVIU
13.81,13.81,13.81,13.81,100,2021-04-22 14:29:00,GHVIU
13.79,13.79,13.79,13.79,500,2021-04-22 14:32:00,GHVIU
13.79,13.7995,13.79,13.7995,200,2021-04-22 14:33:00,GHVIU
14.15,14.15,14.15,14.15,219,2021-04-22 14:36:00,GHVIU
14.0,14.05,14.0,14.05,3100,2021-04-22 15:15:00,GHVIU
14.08,14.08,14.08,14.08,100,2021-04-22 15:17:00,GHVIU
14.08,14.09,14.08,14.09,500,2021-04-22 15:21:00,GHVIU
14.15,14.15,14.14,14.14,1000,2021-04-22 15:22:00,GHVIU
14.03,14.05,14.01,14.03,4085,2021-04-22 15:26:00,GHVIU
14.02,14.0722,14.01,14.01,3300,2021-04-22 15:40:00,GHVIU
14.12,14.15,14.12,14.15,700,2021-04-22 15:47:00,GHVIU
14.16,14.16,14.16,14.16,400,2021-04-22 15:48:00,GHVIU
14.18,14.18,14.18,14.18,100,2021-04-22 15:52:00,GHVIU
14.19,14.2,14.19,14.2,500,2021-04-22 16:05:00,GHVIU
14.22,14.22,14.22,14.22,2500,2021-04-22 16:10:00,GHVIU
14.16,14.16,14.16,14.16,100,2021-04-22 16:16:00,GHVIU
13.93,13.9625,13.93,13.9625,400,2021-04-22 17:08:00,GHVIU
13.59,13.59,13.55,13.55,1300,2021-04-22 17:55:00,GHVIU
13.47,13.47,13.45,13.45,1152,2021-04-22 17:56:00,GHVIU
13.45,13.45,13.45,13.45,148,2021-04-22 17:57:00,GHVIU
13.42,13.42,13.39,13.4,2110,2021-04-22 18:00:00,GHVIU
13.46,13.5462,13.46,13.5462,200,2021-04-22 19:05:00,GHVIU
13.5352,13.5352,13.5352,13.5352,2000,2021-04-22 19:13:00,GHVIU
13.47,13.5,13.46,13.46,657,2021-04-22 19:54:00,GHVIU
13.51,13.51,13.51,13.51,528,2021-04-22 19:59:00,GHVIU
14.0,14.0,14.0,14.0,100,2021-04-23 13:43:00,GHVIU
13.9258,13.9258,13.9258,13.9258,110,2021-04-23 14:43:00,GHVIU
13.765,13.765,13.765,13.765,100,2021-04-23 16:44:00,GHVIU
13.77,13.77,13.77,13.77,500,2021-04-23 17:20:00,GHVIU
13.8676,13.8676,13.8676,13.8676,100,2021-04-23 17:21:00,GHVIU
13.91,13.91,13.89,13.89,200,2021-04-23 17:53:00,GHVIU
13.91,13.95,13.91,13.95,600,2021-04-23 17:55:00,GHVIU
13.96,13.96,13.96,13.96,100,2021-04-23 18:17:00,GHVIU
14.03,14.08,14.03,14.08,399,2021-04-23 18:24:00,GHVIU
14.09,14.11,14.09,14.11,500,2021-04-23 18:26:00,GHVIU
14.11,14.11,14.11,14.11,100,2021-04-23 18:30:00,GHVIU
14.27,14.32,14.11,14.11,1000,2021-04-23 18:38:00,GHVIU
14.2,14.2,14.19,14.2,950,2021-04-23 18:39:00,GHVIU
14.135,14.135,14.135,14.135,100,2021-04-23 18:55:00,GHVIU
14.26,14.28,14.22,14.22,2000,2021-04-23 19:24:00,GHVIU
14.24,14.28,14.24,14.28,400,2021-04-23 19:45:00,GHVIU
14.33,14.35,14.33,14.35,900,2021-04-23 19:47:00,GHVIU
14.3699,14.3699,14.3699,14.3699,250,2021-04-23 19:57:00,GHVIU
14.37,14.37,14.37,14.37,480,2021-04-23 19:59:00,GHVIU
14.2,14.38,14.2,14.38,929,2021-04-26 13:36:00,GHVIU
14.25,14.25,14.25,14.25,1100,2021-04-26 13:37:00,GHVIU
14.015,14.2394,14.015,14.2394,800,2021-04-26 13:52:00,GHVIU
14.24,14.24,14.24,14.24,100,2021-04-26 13:53:00,GHVIU
14.015,14.2383,14.015,14.2383,200,2021-04-26 13:57:00,GHVIU
14.25,14.25,14.015,14.2494,300,2021-04-26 13:58:00,GHVIU
14.015,14.1894,14.015,14.1894,200,2021-04-26 13:59:00,GHVIU
14.015,14.53,14.015,14.195,2398,2021-04-26 14:00:00,GHVIU
14.195,14.2494,14.195,14.2494,200,2021-04-26 14:05:00,GHVIU
14.25,14.52,14.25,14.52,546,2021-04-26 14:11:00,GHVIU
14.52,14.52,14.52,14.52,200,2021-04-26 14:12:00,GHVIU
14.48,14.48,14.47,14.47,600,2021-04-26 14:57:00,GHVIU
14.21,14.21,14.21,14.21,950,2021-04-26 15:03:00,GHVIU
14.44,14.45,14.44,14.45,425,2021-04-26 15:12:00,GHVIU
14.56,14.56,14.56,14.56,199,2021-04-26 15:58:00,GHVIU
14.53,14.53,14.53,14.53,100,2021-04-26 16:00:00,GHVIU
14.58,14.58,14.58,14.58,419,2021-04-26 16:01:00,GHVIU
14.58,14.58,14.58,14.58,381,2021-04-26 16:04:00,GHVIU
14.1722,14.1722,14.1722,14.1722,1000,2021-04-26 16:29:00,GHVIU
14.27,14.27,14.22,14.22,200,2021-04-26 18:37:00,GHVIU
14.19,14.37,14.19,14.37,1317,2021-04-26 19:36:00,GHVIU
14.3,14.3,14.3,14.3,382,2021-04-26 19:59:00,GHVIU
14.89,14.89,14.89,14.89,104,2021-04-27 13:30:00,GHVIU
14.58,14.58,14.58,14.58,100,2021-04-27 13:34:00,GHVIU
14.61,14.61,14.59,14.59,300,2021-04-27 15:12:00,GHVIU
14.5101,14.55,14.5101,14.52,300,2021-04-27 16:59:00,GHVIU
14.73,14.76,14.67,14.67,800,2021-04-27 17:45:00,GHVIU
14.56,14.76,14.49,14.5,41956,2021-04-27 18:22:00,GHVIU
14.6866,14.6866,14.6866,14.6866,100,2021-04-27 18:42:00,GHVIU
14.69,14.69,14.69,14.69,300,2021-04-27 19:44:00,GHVIU
14.6,14.6,14.6,14.6,200,2021-04-27 19:45:00,GHVIU
14.62,14.62,14.58,14.58,1111,2021-04-27 19:59:00,GHVIU
14.67,14.67,14.67,14.67,102,2021-04-27 20:00:00,GHVIU
14.46,14.46,14.46,14.46,102,2021-04-28 13:30:00,GHVIU
14.61,14.61,14.61,14.61,100,2021-04-28 13:34:00,GHVIU
14.2501,14.2501,14.2501,14.2501,300,2021-04-28 14:05:00,GHVIU
14.46,14.46,14.46,14.46,300,2021-04-28 14:12:00,GHVIU
14.4,14.4,14.4,14.4,150,2021-04-28 14:53:00,GHVIU
14.375,14.375,14.375,14.375,100,2021-04-28 15:29:00,GHVIU
14.14,14.14,14.11,14.11,428,2021-04-28 15:45:00,GHVIU
14.01,14.01,14.01,14.01,350,2021-04-28 15:49:00,GHVIU
14.01,14.01,14.01,14.01,177,2021-04-28 15:51:00,GHVIU
14.09,14.09,14.03,14.03,463,2021-04-28 15:54:00,GHVIU
14.3033,14.3033,14.3033,14.3033,200,2021-04-28 17:39:00,GHVIU
14.5863,14.5863,14.5863,14.5863,396,2021-04-28 18:14:00,GHVIU
14.22,14.22,14.22,14.22,100,2021-04-28 19:58:00,GHVIU
14.395,14.395,14.395,14.395,200,2021-04-29 14:24:00,GHVIU
14.2,14.2,14.2,14.2,170,2021-04-29 14:36:00,GHVIU
14.05,14.05,14.05,14.05,100,2021-04-29 16:02:00,GHVIU
14.28,14.28,14.2469,14.2469,304,2021-04-29 17:01:00,GHVIU
14.03,14.03,14.03,14.03,100,2021-04-29 19:45:00,GHVIU
14.01,14.01,14.01,14.01,100,2021-04-29 19:46:00,GHVIU
14.0,14.0,14.0,14.0,100,2021-04-29 19:55:00,GHVIU
13.94,13.94,13.94,13.94,278,2021-04-29 19:59:00,GHVIU
14.0,14.0,14.0,14.0,500,2021-04-30 13:33:00,GHVIU
14.0,14.0,14.0,14.0,123,2021-04-30 13:37:00,GHVIU
13.79,13.79,13.79,13.79,300,2021-04-30 14:03:00,GHVIU
13.75,13.75,13.75,13.75,500,2021-04-30 14:17:00,GHVIU
13.51,13.51,13.5,13.5,1200,2021-04-30 14:24:00,GHVIU
13.42,13.42,13.42,13.42,1300,2021-04-30 14:37:00,GHVIU
13.82,13.82,13.82,13.82,100,2021-04-30 14:39:00,GHVIU
13.42,13.42,13.42,13.42,320,2021-04-30 16:34:00,GHVIU
13.44,13.44,13.4,13.4,300,2021-04-30 17:42:00,GHVIU
13.5458,13.5458,13.5458,13.5458,200,2021-04-30 18:26:00,GHVIU
13.625,13.625,13.625,13.625,421,2021-04-30 18:31:00,GHVIU
13.2,13.2,13.2,13.2,100,2021-05-03 15:46:00,GHVIU
13.06,13.06,13.05,13.05,400,2021-05-03 18:32:00,GHVIU
13.05,13.05,13.05,13.05,275,2021-05-03 18:42:00,GHVIU
13.1,13.1,13.1,13.1,600,2021-05-03 19:14:00,GHVIU
13.155,13.155,13.155,13.155,109,2021-05-03 19:52:00,GHVIU
13.0,13.0,13.0,13.0,100,2021-05-04 13:35:00,GHVIU
12.98,12.98,12.76,12.78,1100,2021-05-04 14:52:00,GHVIU
12.77,12.77,12.77,12.77,100,2021-05-04 14:53:00,GHVIU
12.84,12.84,12.84,12.84,200,2021-05-04 15:46:00,GHVIU
12.75,12.75,12.75,12.75,500,2021-05-04 15:54:00,GHVIU
12.78,12.78,12.78,12.78,313,2021-05-04 15:57:00,GHVIU
12.79,12.79,12.79,12.79,210,2021-05-04 16:55:00,GHVIU
12.89,12.89,12.89,12.89,100,2021-05-04 16:56:00,GHVIU
12.9,12.9,12.9,12.9,200,2021-05-04 16:57:00,GHVIU
12.9,12.9,12.9,12.9,100,2021-05-04 17:03:00,GHVIU
12.9,12.9,12.9,12.9,200,2021-05-04 17:04:00,GHVIU
12.9,12.9,12.9,12.9,300,2021-05-04 17:07:00,GHVIU
12.9,12.98,12.9,12.98,400,2021-05-04 17:11:00,GHVIU
12.925,12.925,12.925,12.925,100,2021-05-04 17:13:00,GHVIU
12.925,12.925,12.925,12.925,200,2021-05-04 17:19:00,GHVIU
12.925,13.05,12.925,13.05,300,2021-05-04 17:31:00,GHVIU
12.925,13.06,12.925,12.925,689,2021-05-04 17:35:00,GHVIU
12.93,12.93,12.93,12.93,100,2021-05-04 17:46:00,GHVIU
12.935,12.9398,12.935,12.9398,390,2021-05-04 18:17:00,GHVIU
12.935,13.03,12.935,13.03,300,2021-05-04 18:33:00,GHVIU
12.935,13.07,12.935,13.07,815,2021-05-04 18:35:00,GHVIU
12.98,13.15,12.98,12.98,600,2021-05-04 18:41:00,GHVIU
13.0,13.0,13.0,13.0,100,2021-05-04 19:01:00,GHVIU
13.0,13.0,13.0,13.0,109,2021-05-04 19:55:00,GHVIU
13.0,13.17,13.0,13.17,200,2021-05-04 19:57:00,GHVIU
13.0,13.17,13.0,13.0,1110,2021-05-04 19:59:00,GHVIU
12.55,12.55,12.55,12.55,100,2021-05-05 13:41:00,GHVIU
13.7994,13.7994,13.7994,13.7994,100,2021-05-05 13:49:00,GHVIU
13.8,13.8,13.8,13.8,100,2021-05-05 14:40:00,GHVIU
13.6166,13.6166,13.6166,13.6166,100,2021-05-05 15:23:00,GHVIU
13.6642,13.6642,13.6642,13.6642,430,2021-05-05 17:24:00,GHVIU
12.88,12.88,12.76,12.76,1200,2021-05-05 18:10:00,GHVIU
12.76,12.76,12.76,12.76,100,2021-05-05 18:53:00,GHVIU
12.76,12.76,12.75,12.75,980,2021-05-05 19:02:00,GHVIU
12.75,12.75,12.75,12.75,111,2021-05-05 19:04:00,GHVIU
12.75,12.75,12.75,12.75,201,2021-05-06 13:30:00,GHVIU
12.25,12.25,12.25,12.25,500,2021-05-06 14:12:00,GHVIU
12.25,12.25,12.25,12.25,408,2021-05-06 14:14:00,GHVIU
12.25,12.25,12.25,12.25,200,2021-05-06 14:39:00,GHVIU
12.25,12.25,12.25,12.25,300,2021-05-06 14:45:00,GHVIU
12.2,12.2,12.2,12.2,500,2021-05-06 14:47:00,GHVIU
12.17,12.17,12.17,12.17,107,2021-05-06 16:02:00,GHVIU
12.02,12.02,12.02,12.02,500,2021-05-06 16:21:00,GHVIU
12.02,12.02,11.98,11.98,2910,2021-05-06 16:22:00,GHVIU
11.97,11.97,11.97,11.97,6444,2021-05-06 16:24:00,GHVIU
12.1,12.1,12.1,12.1,100,2021-05-06 16:39:00,GHVIU
12.09,12.09,12.09,12.09,100,2021-05-06 16:44:00,GHVIU
12.1,12.1,12.1,12.1,200,2021-05-06 18:03:00,GHVIU
12.06,12.06,12.06,12.06,100,2021-05-06 18:45:00,GHVIU
12.06,12.06,12.06,12.06,100,2021-05-06 18:49:00,GHVIU
12.23,12.23,12.23,12.23,100,2021-05-06 19:34:00,GHVIU
12.24,12.24,12.24,12.24,100,2021-05-06 19:35:00,GHVIU
12.28,12.34,12.28,12.34,500,2021-05-06 19:40:00,GHVIU
12.2741,12.2741,12.2741,12.2741,117,2021-05-06 19:55:00,GHVIU
12.3,12.3,12.3,12.3,100,2021-05-06 19:59:00,GHVIU
12.3,12.3,12.3,12.3,499,2021-05-07 13:30:00,GHVIU
12.22,12.22,12.21,12.21,500,2021-05-07 13:44:00,GHVIU
12.865,12.865,12.865,12.865,164,2021-05-07 13:47:00,GHVIU
12.7,12.7,12.7,12.7,120,2021-05-07 14:44:00,GHVIU
12.7599,12.7599,12.7599,12.7599,100,2021-05-07 15:43:00,GHVIU
12.25,12.25,12.25,12.25,465,2021-05-07 16:23:00,GHVIU
12.22,12.22,12.22,12.22,100,2021-05-07 16:33:00,GHVIU
12.2,12.2,12.2,12.2,400,2021-05-07 16:45:00,GHVIU
11.9,11.9,11.9,11.9,270,2021-05-07 17:33:00,GHVIU
11.9,11.9,11.8301,11.8301,2970,2021-05-07 17:41:00,GHVIU
12.5514,12.5514,12.5514,12.5514,539,2021-05-07 18:17:00,GHVIU
12.535,12.6,12.35,12.35,2100,2021-05-10 13:49:00,GHVIU
12.6,12.6,12.6,12.6,1000,2021-05-10 13:50:00,GHVIU
11.84,11.84,11.84,11.84,100,2021-05-10 14:14:00,GHVIU
11.84,11.84,11.84,11.84,115,2021-05-10 14:30:00,GHVIU
11.9746,11.9746,11.9746,11.9746,100,2021-05-10 14:50:00,GHVIU
11.9,11.9,11.9,11.9,201,2021-05-10 16:41:00,GHVIU
11.87,11.87,11.87,11.87,154,2021-05-10 17:07:00,GHVIU
11.85,11.85,11.835,11.835,300,2021-05-10 17:52:00,GHVIU
11.79,11.79,11.79,11.79,200,2021-05-10 18:15:00,GHVIU
12.0375,12.0375,12.0375,12.0375,115,2021-05-10 19:53:00,GHVIU
11.75,11.75,11.75,11.75,108,2021-05-11 13:30:00,GHVIU
11.48,11.48,11.48,11.48,500,2021-05-11 13:33:00,GHVIU
11.5,11.5,11.48,11.48,1000,2021-05-11 13:40:00,GHVIU
11.76,11.76,11.655,11.655,700,2021-05-11 13:52:00,GHVIU
11.675,11.83,11.675,11.83,1300,2021-05-11 13:59:00,GHVIU
11.83,11.83,11.83,11.83,100,2021-05-11 14:00:00,GHVIU
11.5,11.5,11.5,11.5,100,2021-05-11 14:35:00,GHVIU
11.47,11.47,11.47,11.47,100,2021-05-11 14:39:00,GHVIU
11.48,11.48,11.48,11.48,100,2021-05-11 14:43:00,GHVIU
11.48,11.48,11.48,11.48,100,2021-05-11 14:47:00,GHVIU
11.76,11.76,11.76,11.76,100,2021-05-11 14:48:00,GHVIU
11.49,11.49,11.49,11.49,100,2021-05-11 14:51:00,GHVIU
11.49,11.49,11.49,11.49,100,2021-05-11 14:55:00,GHVIU
11.49,11.49,11.49,11.49,100,2021-05-11 14:59:00,GHVIU
11.49,11.49,11.49,11.49,100,2021-05-11 15:03:00,GHVIU
11.47,11.47,11.47,11.47,100,2021-05-11 15:08:00,GHVIU
11.49,11.49,11.49,11.49,100,2021-05-11 15:12:00,GHVIU
11.49,11.49,11.49,11.49,100,2021-05-11 15:17:00,GHVIU
11.49,11.49,11.49,11.49,100,2021-05-11 15:23:00,GHVIU
11.49,11.49,11.49,11.49,100,2021-05-11 15:28:00,GHVIU
11.49,11.49,11.49,11.49,100,2021-05-11 15:33:00,GHVIU
11.49,11.49,11.49,11.49,100,2021-05-11 15:39:00,GHVIU
11.5,11.5,11.5,11.5,100,2021-05-11 15:45:00,GHVIU
11.45,11.45,11.45,11.45,100,2021-05-11 15:51:00,GHVIU
11.51,11.51,11.51,11.51,100,2021-05-11 15:57:00,GHVIU
11.49,11.49,11.49,11.49,100,2021-05-11 16:02:00,GHVIU
11.49,11.49,11.49,11.49,100,2021-05-11 16:08:00,GHVIU
11.72,11.8,11.72,11.79,700,2021-05-11 16:13:00,GHVIU
11.5148,11.5148,11.5148,11.5148,100,2021-05-11 16:29:00,GHVIU
11.9223,11.9223,11.9223,11.9223,100,2021-05-11 16:44:00,GHVIU
11.52,11.52,11.52,11.52,100,2021-05-11 16:50:00,GHVIU
11.53,11.53,11.53,11.53,100,2021-05-11 16:55:00,GHVIU
11.52,11.52,11.52,11.52,100,2021-05-11 17:00:00,GHVIU
11.73,11.73,11.73,11.73,100,2021-05-11 17:03:00,GHVIU
11.73,11.73,11.73,11.73,400,2021-05-11 17:05:00,GHVIU
11.87,11.99,11.87,11.99,7550,2021-05-11 17:20:00,GHVIU
12.05,12.05,12.05,12.05,257,2021-05-11 17:30:00,GHVIU
12.1156,12.1156,12.1156,12.1156,200,2021-05-11 17:41:00,GHVIU
12.01,12.01,11.99,11.99,200,2021-05-11 18:07:00,GHVIU
11.99,11.99,11.99,11.99,195,2021-05-11 18:08:00,GHVIU
11.99,11.99,11.99,11.99,2217,2021-05-11 18:09:00,GHVIU
11.9,11.9,11.9,11.9,100,2021-05-11 18:33:00,GHVIU
11.81,11.81,11.81,11.81,100,2021-05-11 18:38:00,GHVIU
11.81,11.81,11.81,11.81,100,2021-05-11 18:44:00,GHVIU
11.81,11.81,11.81,11.81,100,2021-05-11 18:48:00,GHVIU
11.81,11.81,11.81,11.81,100,2021-05-11 18:53:00,GHVIU
11.77,11.77,11.77,11.77,100,2021-05-11 18:58:00,GHVIU
11.74,11.74,11.74,11.74,100,2021-05-11 19:06:00,GHVIU
11.74,11.74,11.74,11.74,100,2021-05-11 19:09:00,GHVIU
11.72,11.72,11.72,11.72,150,2021-05-11 19:10:00,GHVIU
11.71,11.71,11.71,11.71,100,2021-05-11 19:11:00,GHVIU
11.68,11.68,11.68,11.68,100,2021-05-11 19:15:00,GHVIU
11.76,11.76,11.76,11.76,400,2021-05-11 19:18:00,GHVIU
11.77,11.77,11.76,11.76,700,2021-05-11 19:24:00,GHVIU
11.73,11.73,11.73,11.73,400,2021-05-11 19:51:00,GHVIU
11.71,11.71,11.71,11.71,100,2021-05-11 19:53:00,GHVIU
11.71,11.71,11.71,11.71,400,2021-05-11 19:55:00,GHVIU
11.76,11.76,11.76,11.76,300,2021-05-11 19:56:00,GHVIU
11.77,11.77,11.77,11.77,400,2021-05-11 19:58:00,GHVIU
11.77,11.77,11.77,11.77,300,2021-05-11 19:59:00,GHVIU
11.5,11.5,11.5,11.5,500,2021-05-12 12:55:00,GHVIU
11.5,11.5,11.5,11.5,200,2021-05-12 13:58:00,GHVIU
12.1397,12.1397,12.1397,12.1397,200,2021-05-12 13:59:00,GHVIU
11.52,11.52,11.52,11.52,100,2021-05-12 14:00:00,GHVIU
11.56,11.56,11.56,11.56,100,2021-05-12 14:14:00,GHVIU
11.57,11.57,11.57,11.57,100,2021-05-12 14:17:00,GHVIU
11.6,11.6,11.6,11.6,100,2021-05-12 14:19:00,GHVIU
11.6,11.6,11.6,11.6,100,2021-05-12 14:22:00,GHVIU
11.61,11.61,11.61,11.61,100,2021-05-12 14:25:00,GHVIU
11.61,11.61,11.61,11.61,100,2021-05-12 14:28:00,GHVIU
11.61,11.61,11.61,11.61,100,2021-05-12 14:31:00,GHVIU
11.61,11.61,11.61,11.61,100,2021-05-12 14:34:00,GHVIU
11.61,11.61,11.61,11.61,100,2021-05-12 14:37:00,GHVIU
11.61,11.61,11.61,11.61,100,2021-05-12 14:41:00,GHVIU
11.61,11.61,11.61,11.61,100,2021-05-12 14:44:00,GHVIU
11.6,11.6,11.6,11.6,100,2021-05-12 14:48:00,GHVIU
11.61,11.61,11.61,11.61,100,2021-05-12 14:51:00,GHVIU
11.6,11.6,11.6,11.6,100,2021-05-12 14:53:00,GHVIU
11.53,11.53,11.53,11.53,100,2021-05-12 14:55:00,GHVIU
11.54,11.54,11.54,11.54,100,2021-05-12 14:58:00,GHVIU
11.56,11.56,11.56,11.56,100,2021-05-12 15:02:00,GHVIU
11.56,11.56,11.56,11.56,100,2021-05-12 15:05:00,GHVIU
11.56,11.56,11.56,11.56,100,2021-05-12 15:09:00,GHVIU
11.56,11.56,11.56,11.56,100,2021-05-12 15:12:00,GHVIU
11.56,11.56,11.56,11.56,100,2021-05-12 15:16:00,GHVIU
11.56,11.56,11.56,11.56,100,2021-05-12 15:20:00,GHVIU
11.56,11.56,11.56,11.56,100,2021-05-12 15:25:00,GHVIU
11.56,11.56,11.56,11.56,100,2021-05-12 15:29:00,GHVIU
11.56,11.56,11.56,11.56,100,2021-05-12 15:34:00,GHVIU
11.56,11.56,11.56,11.56,100,2021-05-12 15:39:00,GHVIU
11.5501,11.5501,11.5501,11.5501,100,2021-05-12 15:41:00,GHVIU
11.56,11.56,11.56,11.56,100,2021-05-12 15:44:00,GHVIU
11.56,11.56,11.56,11.56,100,2021-05-12 15:50:00,GHVIU
11.56,11.56,11.56,11.56,100,2021-05-12 15:55:00,GHVIU
11.56,11.56,11.56,11.56,100,2021-05-12 15:56:00,GHVIU
11.58,11.58,11.58,11.58,100,2021-05-12 16:00:00,GHVIU
11.58,11.58,11.58,11.58,100,2021-05-12 16:05:00,GHVIU
11.57,11.57,11.57,11.57,100,2021-05-12 16:09:00,GHVIU
11.54,11.54,11.54,11.54,100,2021-05-12 16:14:00,GHVIU
11.5,12.5056,11.5,12.5056,447,2021-05-12 16:19:00,GHVIU
11.51,11.59,11.51,11.59,400,2021-05-12 16:23:00,GHVIU
11.54,11.54,11.54,11.54,100,2021-05-12 16:42:00,GHVIU
11.58,11.58,11.58,11.58,100,2021-05-12 16:43:00,GHVIU
11.59,11.59,11.59,11.59,201,2021-05-12 16:47:00,GHVIU
11.51,11.51,11.51,11.51,2850,2021-05-12 16:51:00,GHVIU
12.4059,12.4059,12.4059,12.4059,105,2021-05-12 16:52:00,GHVIU
11.52,11.52,11.52,11.52,100,2021-05-12 16:56:00,GHVIU
11.51,11.51,11.51,11.51,100,2021-05-12 17:00:00,GHVIU
11.51,11.51,11.51,11.51,100,2021-05-12 17:05:00,GHVIU
11.53,11.53,11.53,11.53,100,2021-05-12 17:10:00,GHVIU
11.53,11.53,11.53,11.53,100,2021-05-12 17:15:00,GHVIU
11.53,11.53,11.53,11.53,100,2021-05-12 17:20:00,GHVIU
11.53,11.53,11.53,11.53,100,2021-05-12 17:25:00,GHVIU
11.47,11.47,11.47,11.47,100,2021-05-12 17:31:00,GHVIU
11.46,11.46,11.46,11.46,100,2021-05-12 17:40:00,GHVIU
11.785,11.785,11.785,11.785,120,2021-05-12 17:45:00,GHVIU
11.47,11.47,11.47,11.47,100,2021-05-12 17:50:00,GHVIU
11.47,11.47,11.47,11.47,100,2021-05-12 17:55:00,GHVIU
11.4601,11.4601,11.4601,11.4601,150,2021-05-12 17:59:00,GHVIU
11.47,11.47,11.47,11.47,100,2021-05-12 18:00:00,GHVIU
11.47,11.47,11.47,11.47,100,2021-05-12 18:05:00,GHVIU
11.47,11.47,11.47,11.47,100,2021-05-12 18:09:00,GHVIU
11.47,11.47,11.47,11.47,100,2021-05-12 18:14:00,GHVIU
11.47,11.47,11.47,11.47,100,2021-05-12 18:18:00,GHVIU
11.47,11.47,11.47,11.47,100,2021-05-12 18:23:00,GHVIU
11.47,11.47,11.47,11.47,100,2021-05-12 18:27:00,GHVIU
11.46,11.46,11.46,11.46,100,2021-05-12 18:32:00,GHVIU
11.46,11.46,11.46,11.46,100,2021-05-12 18:37:00,GHVIU
11.46,11.46,11.46,11.46,100,2021-05-12 18:42:00,GHVIU
11.46,11.46,11.46,11.46,100,2021-05-12 18:46:00,GHVIU
11.46,11.46,11.46,11.46,100,2021-05-12 18:51:00,GHVIU
11.46,11.46,11.46,11.46,100,2021-05-12 18:55:00,GHVIU
11.47,11.47,11.47,11.47,100,2021-05-12 18:59:00,GHVIU
11.46,11.46,11.46,11.46,100,2021-05-12 19:03:00,GHVIU
11.45,11.45,11.45,11.45,100,2021-05-12 19:07:00,GHVIU
11.42,11.42,11.42,11.42,100,2021-05-12 19:10:00,GHVIU
11.42,11.42,11.42,11.42,100,2021-05-12 19:14:00,GHVIU
11.42,11.42,11.42,11.42,100,2021-05-12 19:17:00,GHVIU
11.42,11.42,11.42,11.42,100,2021-05-12 19:20:00,GHVIU
11.42,11.42,11.42,11.42,100,2021-05-12 19:24:00,GHVIU
11.43,11.43,11.42,11.42,961,2021-05-12 19:26:00,GHVIU
11.42,11.42,11.42,11.42,100,2021-05-12 19:27:00,GHVIU
11.42,11.42,11.42,11.42,100,2021-05-12 19:30:00,GHVIU
11.41,11.41,11.41,11.41,100,2021-05-12 19:32:00,GHVIU
11.41,11.41,11.41,11.41,100,2021-05-12 19:35:00,GHVIU
11.41,11.41,11.41,11.41,100,2021-05-12 19:37:00,GHVIU
11.575,11.575,11.575,11.575,100,2021-05-12 19:39:00,GHVIU
11.41,11.41,11.41,11.41,100,2021-05-12 19:40:00,GHVIU
11.41,11.41,11.41,11.41,100,2021-05-12 19:42:00,GHVIU
11.41,11.41,11.41,11.41,100,2021-05-12 19:44:00,GHVIU
11.41,11.41,11.41,11.41,100,2021-05-12 19:46:00,GHVIU
11.41,11.41,11.41,11.41,100,2021-05-12 19:48:00,GHVIU
11.41,11.41,11.41,11.41,100,2021-05-12 19:50:00,GHVIU
11.41,11.41,11.41,11.41,100,2021-05-12 19:51:00,GHVIU
11.42,11.42,11.42,11.42,100,2021-05-12 19:53:00,GHVIU
11.41,11.41,11.41,11.41,100,2021-05-12 19:54:00,GHVIU
11.4,11.4,11.4,11.4,100,2021-05-12 19:55:00,GHVIU
11.4,11.41,11.4,11.41,300,2021-05-12 19:56:00,GHVIU
11.56,11.56,11.41,11.41,221,2021-05-12 19:57:00,GHVIU
11.4,11.4,11.4,11.4,200,2021-05-12 19:58:00,GHVIU
11.4,11.4,11.4,11.4,400,2021-05-12 19:59:00,GHVIU
12.6972,12.6972,12.6972,12.6972,100,2021-05-13 14:09:00,GHVIU
12.5707,12.5707,11.42,11.42,1950,2021-05-13 14:18:00,GHVIU
11.43,11.43,11.43,11.43,100,2021-05-13 14:57:00,GHVIU
11.26,11.3,11.26,11.3,210,2021-05-13 16:40:00,GHVIU
11.1635,11.1635,11.1635,11.1635,100,2021-05-13 16:59:00,GHVIU
11.14,11.14,11.14,11.14,100,2021-05-13 18:07:00,GHVIU
11.17,11.17,11.17,11.17,104,2021-05-13 18:39:00,GHVIU
11.07,11.07,11.05,11.05,900,2021-05-13 18:54:00,GHVIU
11.07,11.07,11.06,11.06,300,2021-05-13 19:32:00,GHVIU
11.26,11.34,11.26,11.34,899,2021-05-13 19:42:00,GHVIU
11.35,11.36,11.35,11.36,400,2021-05-13 19:44:00,GHVIU
11.39,11.42,11.39,11.42,456,2021-05-13 19:46:00,GHVIU
11.43,11.48,11.43,11.48,700,2021-05-13 19:48:00,GHVIU
11.53,11.54,11.53,11.54,200,2021-05-13 19:49:00,GHVIU
11.87,11.8994,11.87,11.8994,200,2021-05-14 19:33:00,GHVIU
11.95,11.95,11.95,11.95,122,2021-05-14 19:51:00,GHVIU
11.96,11.96,11.96,11.96,124,2021-05-17 13:30:00,GHVIU
12.25,12.25,12.25,12.25,122,2021-05-17 13:35:00,GHVIU
11.66,11.66,11.66,11.66,110,2021-05-17 17:35:00,GHVIU
11.71,11.8814,11.7,11.8814,576,2021-05-17 17:41:00,GHVIU
11.81,11.81,11.81,11.81,252,2021-05-17 18:11:00,GHVIU
11.81,11.81,11.81,11.81,150,2021-05-17 19:13:00,GHVIU
11.81,11.81,11.81,11.81,120,2021-05-17 19:35:00,GHVIU
12.7635,12.7635,12.7635,12.7635,150,2021-05-18 14:52:00,GHVIU
11.8301,11.8301,11.8301,11.8301,100,2021-05-18 15:05:00,GHVIU
12.25,12.25,12.25,12.25,800,2021-05-18 15:23:00,GHVIU
11.95,11.95,11.95,11.95,206,2021-05-18 19:45:00,GHVIU
11.62,11.62,11.61,11.61,500,2021-05-19 13:40:00,GHVIU
11.7,11.7,11.66,11.66,225,2021-05-19 13:56:00,GHVIU
11.63,11.63,11.62,11.62,800,2021-05-19 17:08:00,GHVIU
11.85,11.85,11.85,11.85,100,2021-05-19 17:50:00,GHVIU
11.76,11.76,11.76,11.76,169,2021-05-19 18:43:00,GHVIU
12.752,12.752,12.752,12.752,122,2021-05-20 13:39:00,GHVIU
11.7601,11.7601,11.7601,11.7601,100,2021-05-20 13:47:00,GHVIU
12.7208,12.7208,12.7208,12.7208,100,2021-05-20 14:19:00,GHVIU
12.99,12.99,12.99,12.99,190,2021-05-20 14:25:00,GHVIU
12.99,12.99,12.77,12.7994,890,2021-05-20 14:26:00,GHVIU
12.88,12.88,12.88,12.88,5100,2021-05-20 16:37:00,GHVIU
12.88,13.05,12.88,13.05,200,2021-05-20 17:01:00,GHVIU
13.11,13.18,13.11,13.18,300,2021-05-20 17:07:00,GHVIU
12.91,13.2,12.91,13.2,200,2021-05-20 17:14:00,GHVIU
12.97,13.2,12.97,12.97,300,2021-05-20 17:16:00,GHVIU
12.97,13.18,12.97,13.18,200,2021-05-20 17:17:00,GHVIU
13.22,13.22,13.22,13.22,4085,2021-05-20 17:18:00,GHVIU
13.465,13.465,13.465,13.465,200,2021-05-20 18:16:00,GHVIU
13.59,13.6,13.59,13.6,2153,2021-05-20 18:24:00,GHVIU
13.6,13.64,13.6,13.6,500,2021-05-20 18:27:00,GHVIU
13.59,13.6,13.435,13.435,1372,2021-05-20 18:49:00,GHVIU
13.445,13.445,13.445,13.445,300,2021-05-20 18:50:00,GHVIU
13.6,13.65,13.6,13.6,1753,2021-05-20 18:53:00,GHVIU
13.6,13.6,13.6,13.6,200,2021-05-20 18:54:00,GHVIU
13.6,13.68,13.6,13.6,2153,2021-05-20 19:08:00,GHVIU
13.7146,13.7146,13.7146,13.7146,286,2021-05-20 19:40:00,GHVIU
13.71,13.71,13.7,13.7,550,2021-05-20 19:47:00,GHVIU
13.96,13.96,13.96,13.96,200,2021-05-20 19:59:00,GHVIU
14.14,14.14,14.14,14.14,201,2021-05-21 13:30:00,GHVIU
14.14,14.14,14.0,14.0,323,2021-05-21 13:44:00,GHVIU
14.3,14.41,14.3,14.41,350,2021-05-21 14:02:00,GHVIU
14.39,14.39,14.39,14.39,100,2021-05-21 14:42:00,GHVIU
14.6192,14.6192,14.6192,14.6192,500,2021-05-21 15:08:00,GHVIU
14.6799,14.6799,14.6799,14.6799,300,2021-05-21 15:16:00,GHVIU
14.5,14.5,14.5,14.5,450,2021-05-21 15:39:00,GHVIU
14.4,14.4,14.4,14.4,100,2021-05-21 15:53:00,GHVIU
14.29,14.29,14.28,14.28,700,2021-05-21 15:56:00,GHVIU
14.27,14.27,14.27,14.27,200,2021-05-21 16:50:00,GHVIU
14.28,14.28,14.28,14.28,400,2021-05-21 16:52:00,GHVIU
14.27,14.28,14.27,14.28,249,2021-05-21 16:53:00,GHVIU
14.27,14.37,14.27,14.37,672,2021-05-21 16:57:00,GHVIU
14.24,14.24,14.24,14.24,150,2021-05-21 17:35:00,GHVIU
14.42,14.42,14.42,14.42,185,2021-05-21 17:49:00,GHVIU
14.3457,14.3457,14.3457,14.3457,1011,2021-05-21 17:59:00,GHVIU
14.33,14.33,14.33,14.33,300,2021-05-21 19:03:00,GHVIU
14.59,14.6,14.59,14.6,500,2021-05-21 19:26:00,GHVIU
14.58,14.59,14.58,14.59,400,2021-05-21 19:31:00,GHVIU
14.59,14.59,14.58,14.59,500,2021-05-21 19:32:00,GHVIU
14.535,14.535,14.535,14.535,291,2021-05-21 19:38:00,GHVIU
14.46,14.536,14.46,14.536,400,2021-05-21 19:49:00,GHVIU
14.2956,14.2956,14.2956,14.2956,200,2021-05-21 19:50:00,GHVIU
14.6,14.6,14.6,14.6,500,2021-05-21 19:56:00,GHVIU
14.54,14.54,14.5,14.5,600,2021-05-24 13:37:00,GHVIU
14.7013,14.7013,14.7013,14.7013,1000,2021-05-24 14:00:00,GHVIU
14.5,14.5,14.5,14.5,100,2021-05-24 14:04:00,GHVIU
14.46,14.46,14.46,14.46,500,2021-05-24 14:12:00,GHVIU
14.43,14.44,14.39,14.43,1850,2021-05-24 16:56:00,GHVIU
14.9499,14.9499,14.9499,14.9499,200,2021-05-24 19:06:00,GHVIU
14.665,14.665,14.665,14.665,100,2021-05-24 19:18:00,GHVIU
14.65,14.65,14.65,14.65,122,2021-05-24 19:50:00,GHVIU
14.6797,14.6797,14.6797,14.6797,122,2021-05-25 13:36:00,GHVIU
14.625,14.625,14.625,14.625,100,2021-05-25 14:02:00,GHVIU
14.92,14.92,14.92,14.92,100,2021-05-25 14:10:00,GHVIU
14.755,14.755,14.7,14.7,800,2021-05-25 14:44:00,GHVIU
14.7,14.7,14.7,14.7,100,2021-05-25 15:13:00,GHVIU
14.96,15.0,14.96,15.0,3446,2021-05-25 15:42:00,GHVIU
15.0,15.06,15.0,15.0,2053,2021-05-25 15:43:00,GHVIU
15.19,15.19,15.19,15.19,100,2021-05-25 15:49:00,GHVIU
14.5663,14.5663,14.5663,14.5663,450,2021-05-25 15:58:00,GHVIU
14.9,14.9,14.9,14.9,5000,2021-05-25 16:14:00,GHVIU
15.08,15.1,15.08,15.1,200,2021-05-25 16:23:00,GHVIU
15.1,15.1,15.1,15.1,100,2021-05-25 16:31:00,GHVIU
15.09,15.09,15.09,15.09,300,2021-05-25 16:42:00,GHVIU
15.02,15.02,15.01,15.01,681,2021-05-25 17:17:00,GHVIU
15.19,15.19,15.19,15.19,100,2021-05-25 17:51:00,GHVIU
15.24,15.24,15.24,15.24,200,2021-05-25 17:58:00,GHVIU
15.03,15.03,15.03,15.03,395,2021-05-25 18:06:00,GHVIU
15.18,15.18,15.18,15.18,1000,2021-05-25 18:07:00,GHVIU
15.105,15.19,15.105,15.19,200,2021-05-25 18:11:00,GHVIU
15.135,15.24,15.135,15.24,200,2021-05-25 18:17:00,GHVIU
15.17,15.17,15.17,15.17,229,2021-05-25 18:21:00,GHVIU
15.21,15.21,15.2,15.2,1800,2021-05-25 18:24:00,GHVIU
15.21,15.21,15.21,15.21,100,2021-05-25 18:27:00,GHVIU
15.21,15.21,15.21,15.21,100,2021-05-25 18:32:00,GHVIU
15.21,15.21,15.21,15.21,100,2021-05-25 18:36:00,GHVIU
15.35,15.35,15.35,15.35,100,2021-05-25 18:37:00,GHVIU
15.21,15.21,15.21,15.21,100,2021-05-25 18:45:00,GHVIU
15.19,15.19,15.19,15.19,100,2021-05-25 18:50:00,GHVIU
15.19,15.19,15.19,15.19,100,2021-05-25 18:54:00,GHVIU
15.3899,15.3899,15.3899,15.3899,108,2021-05-25 18:55:00,GHVIU
15.2,15.2,15.2,15.2,100,2021-05-25 18:59:00,GHVIU
15.2,15.2,15.2,15.2,100,2021-05-25 19:03:00,GHVIU
15.17,15.17,15.17,15.17,100,2021-05-25 19:08:00,GHVIU
15.21,15.21,15.21,15.21,100,2021-05-25 19:12:00,GHVIU
15.21,15.21,15.21,15.21,100,2021-05-25 19:16:00,GHVIU
15.21,15.21,15.21,15.21,100,2021-05-25 19:20:00,GHVIU
15.4,15.4,15.4,15.4,999,2021-05-25 19:24:00,GHVIU
15.2001,15.2001,15.2001,15.2001,169,2021-05-25 19:45:00,GHVIU
15.29,15.29,15.29,15.29,497,2021-05-25 19:54:00,GHVIU
15.25,15.25,15.25,15.25,1301,2021-05-26 13:30:00,GHVIU
15.25,15.25,15.25,15.25,100,2021-05-26 14:15:00,GHVIU
14.885,14.885,14.885,14.885,100,2021-05-26 15:35:00,GHVIU
15.2944,15.2944,15.2944,15.2944,600,2021-05-26 17:09:00,GHVIU
15.66,15.66,15.66,15.66,503,2021-05-27 13:30:00,GHVIU
14.3501,14.3501,14.3501,14.3501,100,2021-05-27 13:47:00,GHVIU
15.24,15.24,15.24,15.24,498,2021-05-27 14:22:00,GHVIU
15.61,15.67,15.61,15.67,300,2021-05-27 16:16:00,GHVIU
15.77,15.77,15.77,15.77,500,2021-05-27 16:21:00,GHVIU
15.85,15.85,15.81,15.85,2328,2021-05-27 17:08:00,GHVIU
15.67,15.67,15.67,15.67,400,2021-05-27 17:18:00,GHVIU
15.75,15.75,15.75,15.75,162,2021-05-27 17:59:00,GHVIU
15.47,15.47,15.47,15.47,13939,2021-05-27 18:11:00,GHVIU
15.6,15.6284,15.55,15.55,14684,2021-05-27 18:12:00,GHVIU
15.625,15.625,15.55,15.55,960,2021-05-27 19:05:00,GHVIU
15.74,15.74,15.74,15.74,100,2021-05-27 19:23:00,GHVIU
15.04,15.04,14.9,14.93,1349,2021-05-28 16:14:00,GHVIU
14.86,14.86,14.86,14.86,1200,2021-05-28 16:15:00,GHVIU
16.2399,16.2399,16.2399,16.2399,177,2021-05-28 16:27:00,GHVIU
14.624,14.624,14.624,14.624,100,2021-05-28 17:44:00,GHVIU
15.1,15.1,15.1,15.1,400,2021-05-28 18:27:00,GHVIU
14.9906,15.02,14.9906,15.02,400,2021-05-28 18:39:00,GHVIU
14.72,14.72,14.71,14.71,360,2021-05-28 18:50:00,GHVIU
15.1399,15.1399,15.1399,15.1399,100,2021-05-28 19:06:00,GHVIU
15.02,15.02,15.02,15.02,100,2021-05-28 19:13:00,GHVIU
14.9,14.9,14.85,14.9,400,2021-05-28 19:29:00,GHVIU
14.905,14.905,14.905,14.905,122,2021-05-28 19:56:00,GHVIU
