open,high,low,close,volume,datetime,symbol
7.11,7.185,7.11,7.17,446,2021-06-01 13:30:00,BLCT
7.23,7.25,7.23,7.25,480,2021-06-01 13:35:00,BLCT
7.29,7.29,7.25,7.25,4415,2021-06-01 13:40:00,BLCT
7.27,7.27,7.25,7.25,4978,2021-06-01 13:45:00,BLCT
7.25,7.25,7.25,7.25,100,2021-06-01 13:50:00,BLCT
7.268,7.31,7.268,7.31,6949,2021-06-01 13:55:00,BLCT
7.3335,7.35,7.3335,7.35,400,2021-06-01 14:00:00,BLCT
7.34,7.3589,7.33,7.3589,1400,2021-06-01 14:05:00,BLCT
7.34,7.34,7.33,7.33,10940,2021-06-01 14:10:00,BLCT
7.31,7.31,7.3,7.3,8259,2021-06-01 14:15:00,BLCT
7.29,7.29,7.2586,7.2586,2316,2021-06-01 14:20:00,BLCT
7.252,7.27,7.25,7.27,1592,2021-06-01 14:25:00,BLCT
7.27,7.27,7.26,7.26,200,2021-06-01 14:30:00,BLCT
7.2715,7.2715,7.26,7.26,2900,2021-06-01 14:45:00,BLCT
7.26,7.26,7.25,7.25,815,2021-06-01 14:50:00,BLCT
7.26,7.26,7.26,7.26,100,2021-06-01 14:55:00,BLCT
7.29,7.29,7.29,7.29,1295,2021-06-01 15:05:00,BLCT
7.3,7.3,7.3,7.3,425,2021-06-01 15:15:00,BLCT
7.28,7.3,7.27,7.3,2000,2021-06-01 15:20:00,BLCT
7.2906,7.3,7.2905,7.2905,400,2021-06-01 15:35:00,BLCT
7.29,7.29,7.26,7.26,865,2021-06-01 15:40:00,BLCT
7.25,7.255,7.25,7.25,5000,2021-06-01 15:45:00,BLCT
7.26,7.26,7.26,7.26,100,2021-06-01 15:50:00,BLCT
7.26,7.26,7.2575,7.2575,1000,2021-06-01 15:55:00,BLCT
7.26,7.28,7.26,7.28,1630,2021-06-01 16:05:00,BLCT
7.28,7.28,7.28,7.28,3619,2021-06-01 16:10:00,BLCT
7.28,7.28,7.28,7.28,5691,2021-06-01 16:15:00,BLCT
7.33,7.33,7.33,7.33,100,2021-06-01 16:30:00,BLCT
7.31,7.36,7.31,7.36,2100,2021-06-01 16:45:00,BLCT
7.37,7.37,7.37,7.37,292,2021-06-01 16:50:00,BLCT
7.34,7.34,7.33,7.34,2785,2021-06-01 16:55:00,BLCT
7.37,7.4,7.37,7.4,892,2021-06-01 17:00:00,BLCT
7.39,7.39,7.361,7.37,1700,2021-06-01 17:05:00,BLCT
7.39,7.39,7.39,7.39,200,2021-06-01 17:10:00,BLCT
7.39,7.39,7.38,7.38,310,2021-06-01 17:15:00,BLCT
7.4,7.4,7.39,7.4,1300,2021-06-01 17:20:00,BLCT
7.395,7.395,7.38,7.38,700,2021-06-01 17:25:00,BLCT
7.365,7.365,7.365,7.365,100,2021-06-01 17:45:00,BLCT
7.38,7.38,7.37,7.38,1332,2021-06-01 17:50:00,BLCT
7.39,7.39,7.39,7.39,240,2021-06-01 17:55:00,BLCT
7.39,7.39,7.39,7.39,200,2021-06-01 18:10:00,BLCT
7.41,7.47,7.41,7.47,1300,2021-06-01 18:20:00,BLCT
7.424,7.47,7.424,7.47,300,2021-06-01 18:30:00,BLCT
7.48,7.48,7.48,7.48,308,2021-06-01 18:35:00,BLCT
7.4765,7.4773,7.47,7.47,700,2021-06-01 18:45:00,BLCT
7.48,7.48,7.45,7.45,200,2021-06-01 18:50:00,BLCT
7.46,7.46,7.46,7.46,100,2021-06-01 19:25:00,BLCT
7.455,7.455,7.455,7.455,100,2021-06-01 19:30:00,BLCT
7.455,7.48,7.43,7.43,4685,2021-06-01 19:35:00,BLCT
7.42,7.44,7.4001,7.44,3500,2021-06-01 19:40:00,BLCT
7.43,7.44,7.43,7.44,600,2021-06-01 19:50:00,BLCT
7.44,7.46,7.43,7.43,2603,2021-06-01 19:55:00,BLCT
7.47,7.47,7.47,7.47,409,2021-06-01 20:00:00,BLCT
7.46,7.46,7.46,7.46,140,2021-06-02 12:00:00,BLCT
7.46,7.46,7.46,7.46,200,2021-06-02 12:25:00,BLCT
7.45,7.45,7.45,7.45,600,2021-06-02 12:40:00,BLCT
7.4,7.4,7.4,7.4,100,2021-06-02 13:20:00,BLCT
7.46,7.48,7.45,7.48,3252,2021-06-02 13:30:00,BLCT
7.4735,7.4735,7.46,7.47,600,2021-06-02 13:40:00,BLCT
7.4835,7.72,7.4835,7.63,6000,2021-06-02 13:45:00,BLCT
7.64,7.68,7.63,7.68,1005,2021-06-02 13:50:00,BLCT
7.68,7.79,7.68,7.75,3617,2021-06-02 13:55:00,BLCT
7.7665,7.77,7.68,7.69,2650,2021-06-02 14:00:00,BLCT
7.69,7.7,7.68,7.68,802,2021-06-02 14:05:00,BLCT
7.75,7.75,7.61,7.61,8384,2021-06-02 14:15:00,BLCT
7.61,7.61,7.6,7.6,7318,2021-06-02 14:20:00,BLCT
7.6,7.61,7.5008,7.5008,23379,2021-06-02 14:25:00,BLCT
7.51,7.51,7.51,7.51,100,2021-06-02 14:45:00,BLCT
7.55,7.55,7.55,7.55,200,2021-06-02 15:00:00,BLCT
7.55,7.58,7.55,7.55,1000,2021-06-02 15:05:00,BLCT
7.55,7.55,7.5,7.5,6429,2021-06-02 15:10:00,BLCT
7.52,7.52,7.52,7.52,300,2021-06-02 15:15:00,BLCT
7.58,7.67,7.58,7.67,2065,2021-06-02 15:20:00,BLCT
7.67,7.67,7.64,7.67,600,2021-06-02 15:25:00,BLCT
7.59,7.59,7.59,7.59,130,2021-06-02 15:30:00,BLCT
7.58,7.58,7.58,7.58,250,2021-06-02 15:45:00,BLCT
7.53,7.53,7.53,7.53,100,2021-06-02 15:50:00,BLCT
7.53,7.53,7.52,7.53,4714,2021-06-02 15:55:00,BLCT
7.58,7.58,7.58,7.58,400,2021-06-02 16:05:00,BLCT
7.64,7.64,7.64,7.64,100,2021-06-02 16:10:00,BLCT
7.5911,7.5911,7.54,7.5664,1977,2021-06-02 16:20:00,BLCT
7.54,7.54,7.5,7.5,2250,2021-06-02 16:25:00,BLCT
7.53,7.57,7.53,7.5644,1699,2021-06-02 16:30:00,BLCT
7.55,7.55,7.53,7.53,926,2021-06-02 16:35:00,BLCT
7.576,7.58,7.55,7.55,600,2021-06-02 16:40:00,BLCT
7.59,7.59,7.59,7.59,100,2021-06-02 16:45:00,BLCT
7.5746,7.5746,7.535,7.535,800,2021-06-02 16:50:00,BLCT
7.5243,7.5243,7.5243,7.5243,250,2021-06-02 16:55:00,BLCT
7.52,7.52,7.5,7.52,800,2021-06-02 17:10:00,BLCT
7.5189,7.5189,7.51,7.51,832,2021-06-02 17:15:00,BLCT
7.5,7.5,7.5,7.5,2200,2021-06-02 17:35:00,BLCT
7.5,7.5,7.5,7.5,100,2021-06-02 17:50:00,BLCT
7.475,7.475,7.475,7.475,180,2021-06-02 18:00:00,BLCT
7.45,7.465,7.4,7.4,5800,2021-06-02 18:05:00,BLCT
7.4,7.4,7.4,7.4,100,2021-06-02 18:10:00,BLCT
7.4101,7.4101,7.4,7.4,2460,2021-06-02 18:35:00,BLCT
7.36,7.39,7.355,7.39,1185,2021-06-02 18:50:00,BLCT
7.54,7.5465,7.45,7.45,600,2021-06-02 19:00:00,BLCT
7.45,7.45,7.45,7.45,100,2021-06-02 19:05:00,BLCT
7.46,7.4792,7.35,7.35,1600,2021-06-02 19:30:00,BLCT
7.36,7.46,7.36,7.46,600,2021-06-02 19:50:00,BLCT
7.44,7.49,7.42,7.49,2181,2021-06-02 19:55:00,BLCT
7.42,7.42,7.42,7.42,271,2021-06-02 20:00:00,BLCT
7.42,7.42,7.42,7.42,400,2021-06-02 21:50:00,BLCT
7.42,7.42,7.42,7.42,480,2021-06-03 08:05:00,BLCT
7.35,7.35,7.3,7.3,2814,2021-06-03 09:50:00,BLCT
7.3,7.3,7.3,7.3,945,2021-06-03 10:15:00,BLCT
7.29,7.29,7.29,7.29,300,2021-06-03 11:20:00,BLCT
7.29,7.29,7.29,7.29,830,2021-06-03 11:50:00,BLCT
7.29,7.3,7.29,7.3,1230,2021-06-03 12:30:00,BLCT
7.3,7.3,7.3,7.3,420,2021-06-03 12:40:00,BLCT
7.31,7.31,7.31,7.31,441,2021-06-03 13:30:00,BLCT
7.31,7.35,7.31,7.35,200,2021-06-03 13:35:00,BLCT
7.3101,7.3101,7.25,7.25,4580,2021-06-03 13:40:00,BLCT
7.3,7.3,7.24,7.24,7463,2021-06-03 13:45:00,BLCT
7.2865,7.2873,7.1,7.17,5862,2021-06-03 13:50:00,BLCT
7.2,7.3,7.2,7.3,1160,2021-06-03 13:55:00,BLCT
7.38,7.4,7.36,7.4,5070,2021-06-03 14:00:00,BLCT
7.4,7.42,7.4,7.42,13124,2021-06-03 14:05:00,BLCT
7.39,7.425,7.38,7.38,10061,2021-06-03 14:10:00,BLCT
7.38,7.3903,7.38,7.38,7827,2021-06-03 14:15:00,BLCT
7.38,7.38,7.295,7.3,11357,2021-06-03 14:20:00,BLCT
7.295,7.325,7.29,7.29,300,2021-06-03 14:25:00,BLCT
7.3,7.35,7.3,7.345,1800,2021-06-03 14:30:00,BLCT
7.35,7.38,7.35,7.38,6963,2021-06-03 14:35:00,BLCT
7.3598,7.3598,7.355,7.355,200,2021-06-03 14:40:00,BLCT
7.34,7.34,7.26,7.26,2566,2021-06-03 14:45:00,BLCT
7.27,7.28,7.27,7.28,247,2021-06-03 14:55:00,BLCT
7.28,7.28,7.27,7.27,462,2021-06-03 15:00:00,BLCT
7.27,7.335,7.27,7.29,593,2021-06-03 15:05:00,BLCT
7.29,7.3,7.29,7.29,500,2021-06-03 15:10:00,BLCT
7.3664,7.3664,7.29,7.31,1831,2021-06-03 15:15:00,BLCT
7.29,7.29,7.29,7.29,100,2021-06-03 15:25:00,BLCT
7.32,7.32,7.32,7.32,312,2021-06-03 15:30:00,BLCT
7.31,7.31,7.29,7.29,651,2021-06-03 15:35:00,BLCT
7.29,7.3,7.23,7.255,5867,2021-06-03 15:40:00,BLCT
7.25,7.25,7.2,7.21,1321,2021-06-03 15:45:00,BLCT
7.21,7.21,7.15,7.15,669,2021-06-03 15:50:00,BLCT
7.14,7.19,7.14,7.19,336,2021-06-03 15:55:00,BLCT
7.19,7.2,7.19,7.2,600,2021-06-03 16:00:00,BLCT
7.19,7.19,7.19,7.19,100,2021-06-03 16:05:00,BLCT
7.15,7.185,7.15,7.185,371,2021-06-03 16:10:00,BLCT
7.19,7.19,7.19,7.19,200,2021-06-03 16:15:00,BLCT
7.21,7.21,7.19,7.19,300,2021-06-03 16:20:00,BLCT
7.18,7.22,7.18,7.22,3381,2021-06-03 16:25:00,BLCT
7.22,7.22,7.2088,7.22,2950,2021-06-03 16:40:00,BLCT
7.14,7.14,7.14,7.14,400,2021-06-03 16:45:00,BLCT
7.15,7.15,7.15,7.15,100,2021-06-03 16:50:00,BLCT
7.175,7.175,7.175,7.175,100,2021-06-03 16:55:00,BLCT
7.14,7.16,7.14,7.15,530,2021-06-03 17:00:00,BLCT
7.15,7.15,7.14,7.14,300,2021-06-03 17:05:00,BLCT
7.17,7.17,7.14,7.14,1210,2021-06-03 17:10:00,BLCT
7.14,7.14,7.14,7.14,220,2021-06-03 17:20:00,BLCT
7.155,7.155,7.155,7.155,484,2021-06-03 17:25:00,BLCT
7.12,7.15,7.12,7.15,876,2021-06-03 17:30:00,BLCT
7.15,7.18,7.15,7.165,549,2021-06-03 17:45:00,BLCT
7.18,7.18,7.16,7.16,1311,2021-06-03 17:50:00,BLCT
7.2365,7.2365,7.19,7.2288,500,2021-06-03 17:55:00,BLCT
7.2,7.2,7.19,7.2,300,2021-06-03 18:05:00,BLCT
7.2119,7.2119,7.18,7.18,760,2021-06-03 18:10:00,BLCT
7.15,7.15,7.15,7.15,100,2021-06-03 18:20:00,BLCT
7.15,7.15,7.15,7.15,415,2021-06-03 18:25:00,BLCT
7.12,7.175,7.12,7.175,514,2021-06-03 18:30:00,BLCT
7.13,7.13,7.13,7.13,100,2021-06-03 18:35:00,BLCT
7.13,7.165,7.13,7.165,828,2021-06-03 18:40:00,BLCT
7.165,7.165,7.12,7.13,1063,2021-06-03 18:45:00,BLCT
7.12,7.12,7.12,7.12,100,2021-06-03 18:50:00,BLCT
7.165,7.165,7.12,7.12,253,2021-06-03 18:55:00,BLCT
7.16,7.16,7.16,7.16,146,2021-06-03 19:00:00,BLCT
7.16,7.16,7.16,7.16,954,2021-06-03 19:05:00,BLCT
7.16,7.16,7.16,7.16,100,2021-06-03 19:10:00,BLCT
7.155,7.155,7.12,7.12,411,2021-06-03 19:15:00,BLCT
7.155,7.155,7.155,7.155,150,2021-06-03 19:20:00,BLCT
7.15,7.17,7.15,7.17,574,2021-06-03 19:25:00,BLCT
7.17,7.195,7.17,7.195,2350,2021-06-03 19:30:00,BLCT
7.2,7.2,7.17,7.17,439,2021-06-03 19:35:00,BLCT
7.205,7.205,7.205,7.205,448,2021-06-03 19:40:00,BLCT
7.205,7.205,7.17,7.17,1088,2021-06-03 19:45:00,BLCT
7.205,7.24,7.17,7.21,1371,2021-06-03 19:50:00,BLCT
7.215,7.215,7.15,7.15,4137,2021-06-03 19:55:00,BLCT
7.18,7.18,7.18,7.18,636,2021-06-03 20:00:00,BLCT
7.25,7.25,7.25,7.25,222,2021-06-04 13:30:00,BLCT
7.39,7.39,7.32,7.32,1289,2021-06-04 13:50:00,BLCT
7.35,7.35,7.35,7.35,950,2021-06-04 13:55:00,BLCT
7.31,7.31,7.31,7.31,200,2021-06-04 14:05:00,BLCT
7.3,7.3,7.3,7.3,100,2021-06-04 14:10:00,BLCT
7.31,7.37,7.31,7.31,1397,2021-06-04 14:15:00,BLCT
7.3,7.3,7.3,7.3,100,2021-06-04 14:20:00,BLCT
7.3,7.3,7.26,7.26,283,2021-06-04 14:25:00,BLCT
7.28,7.28,7.28,7.28,100,2021-06-04 14:30:00,BLCT
7.27,7.27,7.25,7.25,2050,2021-06-04 14:35:00,BLCT
7.25,7.25,7.24,7.24,1000,2021-06-04 14:40:00,BLCT
7.24,7.24,7.24,7.24,800,2021-06-04 14:45:00,BLCT
7.26,7.2673,7.26,7.2673,400,2021-06-04 14:50:00,BLCT
7.27,7.27,7.27,7.27,100,2021-06-04 15:05:00,BLCT
7.2495,7.2495,7.2495,7.2495,100,2021-06-04 15:20:00,BLCT
7.19,7.225,7.19,7.225,600,2021-06-04 15:25:00,BLCT
7.225,7.27,7.22,7.27,900,2021-06-04 15:45:00,BLCT
7.2535,7.2776,7.2535,7.2776,774,2021-06-04 15:55:00,BLCT
7.2716,7.2716,7.2716,7.2716,100,2021-06-04 16:00:00,BLCT
7.3373,7.3373,7.3373,7.3373,100,2021-06-04 16:40:00,BLCT
7.3,7.3,7.3,7.3,100,2021-06-04 16:45:00,BLCT
7.27,7.27,7.27,7.27,100,2021-06-04 16:50:00,BLCT
7.322,7.322,7.322,7.322,100,2021-06-04 16:55:00,BLCT
7.3,7.3,7.3,7.3,300,2021-06-04 17:05:00,BLCT
7.3,7.3,7.3,7.3,200,2021-06-04 17:20:00,BLCT
7.27,7.28,7.27,7.28,200,2021-06-04 17:25:00,BLCT
7.27,7.27,7.27,7.27,1000,2021-06-04 17:30:00,BLCT
7.27,7.27,7.27,7.27,300,2021-06-04 17:45:00,BLCT
7.3,7.3,7.3,7.3,300,2021-06-04 18:20:00,BLCT
7.27,7.285,7.25,7.25,1200,2021-06-04 18:30:00,BLCT
7.25,7.25,7.25,7.25,100,2021-06-04 18:35:00,BLCT
7.25,7.25,7.25,7.25,757,2021-06-04 18:40:00,BLCT
7.27,7.27,7.27,7.27,300,2021-06-04 18:50:00,BLCT
7.28,7.28,7.27,7.27,2349,2021-06-04 18:55:00,BLCT
7.255,7.255,7.255,7.255,500,2021-06-04 19:00:00,BLCT
7.22,7.25,7.22,7.25,316,2021-06-04 19:05:00,BLCT
7.25,7.25,7.21,7.21,970,2021-06-04 19:15:00,BLCT
7.24,7.24,7.24,7.24,200,2021-06-04 19:25:00,BLCT
7.24,7.24,7.24,7.24,200,2021-06-04 19:30:00,BLCT
7.21,7.21,7.21,7.21,100,2021-06-04 19:45:00,BLCT
7.22,7.245,7.22,7.245,300,2021-06-04 19:50:00,BLCT
7.235,7.24,7.22,7.22,1497,2021-06-04 19:55:00,BLCT
7.23,7.23,7.23,7.23,600136,2021-06-04 20:00:00,BLCT
7.45,7.45,7.45,7.45,490,2021-06-07 12:35:00,BLCT
7.49,7.49,7.49,7.49,601,2021-06-07 12:40:00,BLCT
7.45,7.45,7.45,7.45,400,2021-06-07 12:45:00,BLCT
7.49,7.5,7.49,7.5,1468,2021-06-07 12:55:00,BLCT
7.45,7.45,7.45,7.45,400,2021-06-07 13:25:00,BLCT
7.4,7.4973,7.4,7.45,4524,2021-06-07 13:30:00,BLCT
7.4574,7.49,7.45,7.45,3807,2021-06-07 13:35:00,BLCT
7.42,7.43,7.41,7.4211,1300,2021-06-07 13:40:00,BLCT
7.43,7.43,7.42,7.42,1962,2021-06-07 13:45:00,BLCT
7.42,7.42,7.4,7.4,12557,2021-06-07 13:50:00,BLCT
7.42,7.435,7.41,7.43,900,2021-06-07 13:55:00,BLCT
7.43,7.43,7.43,7.43,200,2021-06-07 14:00:00,BLCT
7.43,7.43,7.43,7.43,300,2021-06-07 14:05:00,BLCT
7.46,7.46,7.46,7.46,790,2021-06-07 14:10:00,BLCT
7.43,7.43,7.43,7.43,174,2021-06-07 14:40:00,BLCT
7.48,7.48,7.48,7.48,913,2021-06-07 14:45:00,BLCT
7.47,7.47,7.44,7.44,200,2021-06-07 14:50:00,BLCT
7.45,7.46,7.43,7.46,500,2021-06-07 15:05:00,BLCT
7.48,7.5,7.48,7.4995,2871,2021-06-07 15:10:00,BLCT
7.5,7.5,7.5,7.5,646,2021-06-07 15:15:00,BLCT
7.49,7.5,7.49,7.5,700,2021-06-07 15:25:00,BLCT
7.5,7.59,7.5,7.59,1647,2021-06-07 15:30:00,BLCT
7.52,7.5904,7.52,7.59,3150,2021-06-07 15:35:00,BLCT
7.5865,7.6,7.5865,7.59,2336,2021-06-07 15:40:00,BLCT
7.59,7.59,7.59,7.59,595,2021-06-07 15:45:00,BLCT
7.5735,7.58,7.57,7.58,1000,2021-06-07 15:50:00,BLCT
7.58,7.59,7.58,7.58,400,2021-06-07 15:55:00,BLCT
7.58,7.5977,7.58,7.5977,200,2021-06-07 16:00:00,BLCT
7.5824,7.5824,7.58,7.58,1000,2021-06-07 16:05:00,BLCT
7.53,7.53,7.53,7.53,150,2021-06-07 16:10:00,BLCT
7.53,7.53,7.53,7.53,100,2021-06-07 16:15:00,BLCT
7.53,7.53,7.53,7.53,300,2021-06-07 16:20:00,BLCT
7.5426,7.5426,7.52,7.52,2900,2021-06-07 16:30:00,BLCT
7.5,7.5,7.5,7.5,100,2021-06-07 16:35:00,BLCT
7.53,7.53,7.53,7.53,110,2021-06-07 16:40:00,BLCT
7.5,7.5,7.5,7.5,300,2021-06-07 16:55:00,BLCT
7.5,7.5,7.49,7.49,380,2021-06-07 17:00:00,BLCT
7.49,7.49,7.49,7.49,100,2021-06-07 17:05:00,BLCT
7.492,7.492,7.49,7.49,300,2021-06-07 17:10:00,BLCT
7.495,7.495,7.495,7.495,100,2021-06-07 17:15:00,BLCT
7.495,7.495,7.495,7.495,100,2021-06-07 17:20:00,BLCT
7.495,7.495,7.495,7.495,198,2021-06-07 17:25:00,BLCT
7.49,7.49,7.49,7.49,100,2021-06-07 17:30:00,BLCT
7.49,7.49,7.49,7.49,300,2021-06-07 17:35:00,BLCT
7.49,7.49,7.49,7.49,100,2021-06-07 17:40:00,BLCT
7.49,7.49,7.49,7.49,100,2021-06-07 17:45:00,BLCT
7.49,7.49,7.49,7.49,100,2021-06-07 17:50:00,BLCT
7.49,7.49,7.49,7.49,100,2021-06-07 17:55:00,BLCT
7.49,7.49,7.49,7.49,1555,2021-06-07 18:00:00,BLCT
7.47,7.47,7.44,7.44,1408,2021-06-07 18:10:00,BLCT
7.45,7.45,7.45,7.45,300,2021-06-07 18:25:00,BLCT
7.5,7.5,7.5,7.5,100,2021-06-07 18:40:00,BLCT
7.46,7.46,7.46,7.46,100,2021-06-07 18:55:00,BLCT
7.4973,7.4973,7.4973,7.4973,1200,2021-06-07 19:00:00,BLCT
7.48,7.49,7.48,7.49,600,2021-06-07 19:05:00,BLCT
7.485,7.49,7.475,7.475,500,2021-06-07 19:10:00,BLCT
7.45,7.46,7.45,7.45,400,2021-06-07 19:25:00,BLCT
7.45,7.46,7.45,7.4535,600,2021-06-07 19:30:00,BLCT
7.45,7.45,7.45,7.45,300,2021-06-07 19:35:00,BLCT
7.47,7.49,7.45,7.49,1893,2021-06-07 19:50:00,BLCT
7.45,7.5,7.45,7.49,5726,2021-06-07 19:55:00,BLCT
7.5,7.5,7.5,7.5,215,2021-06-07 20:00:00,BLCT
7.46,7.61,7.46,7.4685,2100,2021-06-08 13:35:00,BLCT
7.4635,7.465,7.46,7.465,400,2021-06-08 13:45:00,BLCT
7.48,7.48,7.46,7.46,700,2021-06-08 13:50:00,BLCT
7.3166,7.3434,7.3166,7.3434,1500,2021-06-08 14:05:00,BLCT
7.3435,7.3435,7.34,7.34,500,2021-06-08 14:10:00,BLCT
7.43,7.45,7.36,7.44,1558,2021-06-08 14:20:00,BLCT
7.45,7.55,7.45,7.55,2257,2021-06-08 14:25:00,BLCT
7.471,7.471,7.471,7.471,104,2021-06-08 14:30:00,BLCT
7.52,7.5473,7.49,7.49,1800,2021-06-08 14:50:00,BLCT
7.4938,7.4938,7.49,7.49,200,2021-06-08 15:00:00,BLCT
7.48,7.48,7.48,7.48,3904,2021-06-08 15:10:00,BLCT
7.48,7.48,7.48,7.48,819,2021-06-08 15:15:00,BLCT
7.48,7.48,7.48,7.48,4563,2021-06-08 15:20:00,BLCT
7.48,7.48,7.36,7.41,1850,2021-06-08 15:25:00,BLCT
7.39,7.42,7.37,7.42,800,2021-06-08 15:30:00,BLCT
7.41,7.41,7.41,7.41,100,2021-06-08 15:50:00,BLCT
7.3872,7.43,7.38,7.38,788,2021-06-08 16:15:00,BLCT
7.38,7.38,7.38,7.38,400,2021-06-08 16:20:00,BLCT
7.39,7.4,7.39,7.4,700,2021-06-08 16:30:00,BLCT
7.41,7.41,7.4,7.4,300,2021-06-08 16:35:00,BLCT
7.38,7.38,7.38,7.38,100,2021-06-08 16:50:00,BLCT
7.38,7.38,7.38,7.38,100,2021-06-08 17:00:00,BLCT
7.42,7.42,7.42,7.42,300,2021-06-08 17:05:00,BLCT
7.4,7.4,7.4,7.4,1000,2021-06-08 17:10:00,BLCT
7.39,7.39,7.37,7.37,300,2021-06-08 17:15:00,BLCT
7.375,7.375,7.375,7.375,100,2021-06-08 17:20:00,BLCT
7.38,7.38,7.36,7.36,454,2021-06-08 17:25:00,BLCT
7.38,7.39,7.37,7.38,3287,2021-06-08 17:30:00,BLCT
7.37,7.37,7.37,7.37,200,2021-06-08 17:40:00,BLCT
7.38,7.38,7.38,7.38,200,2021-06-08 17:45:00,BLCT
7.4131,7.4131,7.4131,7.4131,200,2021-06-08 17:50:00,BLCT
7.38,7.38,7.38,7.38,200,2021-06-08 17:55:00,BLCT
7.39,7.41,7.39,7.41,500,2021-06-08 18:05:00,BLCT
7.41,7.499,7.41,7.435,900,2021-06-08 18:10:00,BLCT
7.4371,7.4371,7.4371,7.4371,100,2021-06-08 18:15:00,BLCT
7.42,7.42,7.42,7.42,200,2021-06-08 18:35:00,BLCT
7.42,7.42,7.42,7.42,100,2021-06-08 18:45:00,BLCT
7.48,7.5,7.465,7.465,1235,2021-06-08 18:50:00,BLCT
7.51,7.52,7.51,7.52,500,2021-06-08 19:10:00,BLCT
7.54,7.5599,7.505,7.505,1700,2021-06-08 19:15:00,BLCT
7.46,7.46,7.46,7.46,100,2021-06-08 19:25:00,BLCT
7.535,7.535,7.535,7.535,157,2021-06-08 19:30:00,BLCT
7.51,7.51,7.51,7.51,200,2021-06-08 19:35:00,BLCT
7.51,7.535,7.51,7.51,1394,2021-06-08 19:40:00,BLCT
7.52,7.53,7.515,7.515,900,2021-06-08 19:45:00,BLCT
7.52,7.52,7.48,7.5,1000,2021-06-08 19:50:00,BLCT
7.48,7.57,7.48,7.57,3825,2021-06-08 19:55:00,BLCT
7.52,7.52,7.52,7.52,356,2021-06-08 20:00:00,BLCT
7.6,7.6,7.6,7.6,1470,2021-06-08 21:30:00,BLCT
7.6,7.6,7.6,7.6,100,2021-06-08 23:10:00,BLCT
7.61,7.61,7.61,7.61,653,2021-06-09 09:55:00,BLCT
7.6,7.6,7.53,7.53,200,2021-06-09 12:15:00,BLCT
7.56,7.57,7.56,7.57,283,2021-06-09 13:30:00,BLCT
7.5853,7.75,7.5853,7.5875,2250,2021-06-09 13:35:00,BLCT
7.6,7.66,7.6,7.66,1100,2021-06-09 13:40:00,BLCT
7.7,7.9,7.7,7.87,4731,2021-06-09 13:45:00,BLCT
7.8,7.8,7.7327,7.7327,1101,2021-06-09 13:50:00,BLCT
7.729,7.729,7.68,7.69,1851,2021-06-09 13:55:00,BLCT
7.7335,7.8,7.73,7.74,800,2021-06-09 14:00:00,BLCT
7.74,7.74,7.74,7.74,100,2021-06-09 14:05:00,BLCT
7.76,7.76,7.75,7.75,1400,2021-06-09 14:10:00,BLCT
7.72,7.72,7.72,7.72,500,2021-06-09 14:15:00,BLCT
7.72,7.74,7.72,7.73,1633,2021-06-09 14:20:00,BLCT
7.765,7.765,7.73,7.73,600,2021-06-09 14:25:00,BLCT
7.7,7.71,7.66,7.66,1800,2021-06-09 14:30:00,BLCT
7.69,7.69,7.6756,7.69,600,2021-06-09 14:35:00,BLCT
7.69,7.69,7.68,7.68,1465,2021-06-09 14:40:00,BLCT
7.68,7.69,7.676,7.676,750,2021-06-09 14:45:00,BLCT
7.63,7.63,7.61,7.61,1465,2021-06-09 14:50:00,BLCT
7.62,7.62,7.5327,7.5327,9384,2021-06-09 14:55:00,BLCT
7.53,7.57,7.5,7.57,1710,2021-06-09 15:00:00,BLCT
7.5992,7.5992,7.59,7.59,2400,2021-06-09 15:05:00,BLCT
7.59,7.59,7.52,7.52,1900,2021-06-09 15:10:00,BLCT
7.5892,7.5892,7.5892,7.5892,665,2021-06-09 15:15:00,BLCT
7.52,7.58,7.52,7.57,504,2021-06-09 15:20:00,BLCT
7.52,7.58,7.52,7.58,200,2021-06-09 15:25:00,BLCT
7.54,7.54,7.54,7.54,100,2021-06-09 15:30:00,BLCT
7.55,7.55,7.54,7.55,300,2021-06-09 15:35:00,BLCT
7.55,7.59,7.55,7.56,2395,2021-06-09 15:40:00,BLCT
7.58,7.59,7.56,7.59,700,2021-06-09 15:45:00,BLCT
7.565,7.565,7.56,7.56,600,2021-06-09 15:50:00,BLCT
7.59,7.5973,7.58,7.58,744,2021-06-09 16:00:00,BLCT
7.58,7.58,7.58,7.58,225,2021-06-09 16:05:00,BLCT
7.59,7.6,7.59,7.6,387,2021-06-09 16:15:00,BLCT
7.6,7.62,7.6,7.62,3985,2021-06-09 16:30:00,BLCT
7.6499,7.65,7.62,7.65,2253,2021-06-09 16:35:00,BLCT
7.69,7.69,7.69,7.69,300,2021-06-09 16:40:00,BLCT
7.69,7.69,7.65,7.65,1915,2021-06-09 16:45:00,BLCT
7.65,7.67,7.6433,7.6478,5218,2021-06-09 16:50:00,BLCT
7.65,7.66,7.65,7.66,1525,2021-06-09 16:55:00,BLCT
7.67,7.68,7.67,7.67,700,2021-06-09 17:00:00,BLCT
7.66,7.66,7.66,7.66,300,2021-06-09 17:05:00,BLCT
7.64,7.64,7.63,7.63,1000,2021-06-09 17:10:00,BLCT
7.59,7.59,7.41,7.43,9665,2021-06-09 17:15:00,BLCT
7.49,7.51,7.44,7.45,1900,2021-06-09 17:20:00,BLCT
7.51,7.5338,7.46,7.46,2488,2021-06-09 17:25:00,BLCT
7.4735,7.48,7.4735,7.48,200,2021-06-09 17:30:00,BLCT
7.5,7.5,7.5,7.5,400,2021-06-09 17:35:00,BLCT
7.5,7.5,7.5,7.5,100,2021-06-09 17:40:00,BLCT
7.53,7.54,7.53,7.53,300,2021-06-09 17:55:00,BLCT
7.54,7.5973,7.54,7.5715,4200,2021-06-09 18:00:00,BLCT
7.55,7.58,7.55,7.58,326,2021-06-09 18:10:00,BLCT
7.5999,7.61,7.5999,7.61,3408,2021-06-09 18:15:00,BLCT
7.64,7.64,7.64,7.64,279,2021-06-09 18:20:00,BLCT
7.64,7.64,7.64,7.64,121,2021-06-09 18:25:00,BLCT
7.6695,7.6695,7.6695,7.6695,200,2021-06-09 18:45:00,BLCT
7.6035,7.62,7.6,7.615,2114,2021-06-09 18:50:00,BLCT
7.61,7.61,7.61,7.61,100,2021-06-09 19:10:00,BLCT
7.6247,7.6247,7.6247,7.6247,1000,2021-06-09 19:15:00,BLCT
7.6,7.6,7.6,7.6,573,2021-06-09 19:20:00,BLCT
7.58,7.6,7.58,7.6,1503,2021-06-09 19:25:00,BLCT
7.6,7.6,7.6,7.6,100,2021-06-09 19:30:00,BLCT
7.6062,7.6062,7.592,7.6,300,2021-06-09 19:35:00,BLCT
7.6158,7.6158,7.6133,7.6133,631,2021-06-09 19:40:00,BLCT
7.62,7.62,7.58,7.61,1916,2021-06-09 19:45:00,BLCT
7.61,7.62,7.58,7.58,1341,2021-06-09 19:50:00,BLCT
7.58,7.595,7.58,7.58,1939,2021-06-09 19:55:00,BLCT
7.54,7.54,7.54,7.54,1067,2021-06-09 20:00:00,BLCT
7.6,7.6,7.6,7.6,100,2021-06-09 21:05:00,BLCT
7.77,7.77,7.77,7.77,333,2021-06-10 08:20:00,BLCT
7.77,7.77,7.6,7.6,3241,2021-06-10 09:00:00,BLCT
7.7,7.7,7.7,7.7,100,2021-06-10 10:10:00,BLCT
7.77,7.77,7.77,7.77,200,2021-06-10 10:30:00,BLCT
7.77,7.77,7.77,7.77,150,2021-06-10 10:50:00,BLCT
7.76,7.77,7.7,7.7,600,2021-06-10 12:05:00,BLCT
7.7,7.7,7.7,7.7,500,2021-06-10 12:30:00,BLCT
7.7,7.7,7.65,7.65,490,2021-06-10 12:35:00,BLCT
7.7,7.7,7.7,7.7,400,2021-06-10 12:55:00,BLCT
7.7,7.7,7.7,7.7,246,2021-06-10 13:05:00,BLCT
7.55,7.55,7.54,7.54,2455,2021-06-10 13:25:00,BLCT
7.62,7.62,7.39,7.39,13407,2021-06-10 13:30:00,BLCT
7.3325,7.44,7.3325,7.4,4145,2021-06-10 13:35:00,BLCT
7.35,7.3999,7.3,7.3353,5756,2021-06-10 13:40:00,BLCT
7.3,7.365,7.3,7.35,1286,2021-06-10 13:45:00,BLCT
7.34,7.39,7.28,7.39,6242,2021-06-10 13:50:00,BLCT
7.41,7.549,7.41,7.549,2700,2021-06-10 13:55:00,BLCT
7.55,7.55,7.55,7.55,100,2021-06-10 14:00:00,BLCT
7.48,7.55,7.42,7.42,400,2021-06-10 14:05:00,BLCT
7.44,7.44,7.3,7.3,3518,2021-06-10 14:15:00,BLCT
7.363,7.41,7.35,7.35,3735,2021-06-10 14:25:00,BLCT
7.41,7.41,7.41,7.41,100,2021-06-10 14:30:00,BLCT
7.35,7.35,7.32,7.32,200,2021-06-10 14:35:00,BLCT
7.32,7.35,7.32,7.35,2467,2021-06-10 14:40:00,BLCT
7.31,7.4,7.31,7.39,11695,2021-06-10 14:45:00,BLCT
7.37,7.42,7.33,7.37,3000,2021-06-10 14:50:00,BLCT
7.33,7.3412,7.33,7.33,562,2021-06-10 14:55:00,BLCT
7.33,7.36,7.33,7.34,700,2021-06-10 15:00:00,BLCT
7.34,7.41,7.31,7.365,9801,2021-06-10 15:05:00,BLCT
7.32,7.32,7.32,7.32,100,2021-06-10 15:10:00,BLCT
7.32,7.38,7.32,7.32,2771,2021-06-10 15:15:00,BLCT
7.31,7.335,7.31,7.335,300,2021-06-10 15:20:00,BLCT
7.35,7.35,7.31,7.31,1470,2021-06-10 15:25:00,BLCT
7.31,7.3121,7.31,7.31,3683,2021-06-10 15:30:00,BLCT
7.3,7.31,7.3,7.31,700,2021-06-10 15:35:00,BLCT
7.31,7.31,7.28,7.28,4915,2021-06-10 15:40:00,BLCT
7.2934,7.2934,7.25,7.25,3131,2021-06-10 15:45:00,BLCT
7.25,7.28,7.2,7.2,1631,2021-06-10 15:50:00,BLCT
7.2001,7.2035,7.2001,7.2035,200,2021-06-10 15:55:00,BLCT
7.22,7.22,7.22,7.22,100,2021-06-10 16:00:00,BLCT
7.24,7.26,7.24,7.26,1667,2021-06-10 16:05:00,BLCT
7.235,7.28,7.2,7.2,1520,2021-06-10 16:10:00,BLCT
7.2594,7.2594,7.25,7.25,200,2021-06-10 16:15:00,BLCT
7.25,7.29,7.25,7.29,1574,2021-06-10 16:25:00,BLCT
7.29,7.29,7.22,7.22,4800,2021-06-10 16:30:00,BLCT
7.2709,7.28,7.2709,7.28,438,2021-06-10 16:40:00,BLCT
7.2322,7.25,7.2322,7.25,2040,2021-06-10 16:45:00,BLCT
7.26,7.26,7.25,7.25,525,2021-06-10 16:50:00,BLCT
7.2431,7.2431,7.2431,7.2431,100,2021-06-10 16:55:00,BLCT
7.24,7.24,7.22,7.23,1550,2021-06-10 17:00:00,BLCT
7.23,7.23,7.2,7.2098,2553,2021-06-10 17:05:00,BLCT
7.2,7.2,7.2,7.2,100,2021-06-10 17:10:00,BLCT
7.2,7.2001,7.2,7.2,2318,2021-06-10 17:15:00,BLCT
7.16,7.16,7.11,7.11,2122,2021-06-10 17:20:00,BLCT
7.1438,7.1438,7.11,7.12,400,2021-06-10 17:25:00,BLCT
7.12,7.1367,7.1,7.1367,1427,2021-06-10 17:30:00,BLCT
7.11,7.1995,7.11,7.15,3120,2021-06-10 17:35:00,BLCT
7.15,7.1553,7.15,7.1553,1200,2021-06-10 17:40:00,BLCT
7.15,7.1999,7.15,7.195,2300,2021-06-10 17:45:00,BLCT
7.19,7.19,7.19,7.19,100,2021-06-10 17:50:00,BLCT
7.19,7.19,7.19,7.19,882,2021-06-10 17:55:00,BLCT
7.19,7.19,7.19,7.19,5500,2021-06-10 18:00:00,BLCT
7.19,7.19,7.19,7.19,4480,2021-06-10 18:05:00,BLCT
7.19,7.195,7.19,7.195,1620,2021-06-10 18:10:00,BLCT
7.19,7.19,7.19,7.19,900,2021-06-10 18:15:00,BLCT
7.19,7.2,7.19,7.19,1700,2021-06-10 18:20:00,BLCT
7.195,7.195,7.19,7.19,800,2021-06-10 18:25:00,BLCT
7.19,7.19,7.19,7.19,800,2021-06-10 18:30:00,BLCT
7.19,7.2,7.19,7.1902,2300,2021-06-10 18:35:00,BLCT
7.19,7.19,7.19,7.19,1000,2021-06-10 18:40:00,BLCT
7.19,7.19,7.15,7.15,9949,2021-06-10 18:45:00,BLCT
7.15,7.15,7.15,7.15,600,2021-06-10 18:50:00,BLCT
7.15,7.15,7.1,7.125,2000,2021-06-10 18:55:00,BLCT
7.135,7.135,7.1,7.1,500,2021-06-10 19:00:00,BLCT
7.11,7.135,7.11,7.11,400,2021-06-10 19:05:00,BLCT
7.13,7.1338,7.11,7.1338,840,2021-06-10 19:10:00,BLCT
7.11,7.11,7.11,7.11,500,2021-06-10 19:15:00,BLCT
7.11,7.11,7.11,7.11,300,2021-06-10 19:20:00,BLCT
7.11,7.13,7.11,7.11,1900,2021-06-10 19:25:00,BLCT
7.11,7.13,7.11,7.11,1000,2021-06-10 19:30:00,BLCT
7.11,7.13,7.11,7.11,3828,2021-06-10 19:35:00,BLCT
7.11,7.11,7.05,7.07,10484,2021-06-10 19:40:00,BLCT
7.09,7.09,7.05,7.05,2200,2021-06-10 19:45:00,BLCT
7.05,7.05,7.02,7.04,1933,2021-06-10 19:50:00,BLCT
7.06,7.11,7.02,7.075,7263,2021-06-10 19:55:00,BLCT
7.1,7.1,7.1,7.1,2972,2021-06-10 20:00:00,BLCT
7.2899,7.2899,7.2899,7.2899,500,2021-06-10 21:50:00,BLCT
7.27,7.29,7.27,7.29,300,2021-06-10 22:25:00,BLCT
7.18,7.18,7.18,7.18,110,2021-06-11 10:25:00,BLCT
7.31,7.31,7.31,7.31,200,2021-06-11 12:10:00,BLCT
7.31,7.31,7.31,7.31,700,2021-06-11 12:15:00,BLCT
7.19,7.25,7.16,7.23,2545,2021-06-11 13:30:00,BLCT
7.23,7.23,7.1,7.175,1898,2021-06-11 13:35:00,BLCT
7.15,7.175,7.15,7.175,200,2021-06-11 13:40:00,BLCT
7.1846,7.1846,7.11,7.11,2425,2021-06-11 13:45:00,BLCT
7.11,7.11,7.11,7.11,300,2021-06-11 13:50:00,BLCT
7.12,7.12,7.12,7.12,497,2021-06-11 14:00:00,BLCT
7.11,7.11,7.11,7.11,160,2021-06-11 14:05:00,BLCT
7.1,7.12,7.0,7.0334,7287,2021-06-11 14:10:00,BLCT
7.04,7.11,7.0,7.04,10142,2021-06-11 14:15:00,BLCT
7.04,7.05,7.04,7.05,2316,2021-06-11 14:20:00,BLCT
7.055,7.0708,7.055,7.0708,400,2021-06-11 14:25:00,BLCT
7.15,7.18,7.15,7.17,1100,2021-06-11 14:30:00,BLCT
7.16,7.2,7.15,7.2,2400,2021-06-11 14:35:00,BLCT
7.2,7.2,7.1,7.1,400,2021-06-11 14:40:00,BLCT
7.2697,7.2697,7.2697,7.2697,200,2021-06-11 14:45:00,BLCT
7.105,7.105,7.1,7.1,287,2021-06-11 14:55:00,BLCT
7.1,7.11,7.04,7.04,4277,2021-06-11 15:00:00,BLCT
7.04,7.12,7.04,7.08,713,2021-06-11 15:05:00,BLCT
7.04,7.04,7.01,7.01,1050,2021-06-11 15:10:00,BLCT
7.0909,7.0913,7.03,7.03,785,2021-06-11 15:15:00,BLCT
7.0859,7.0859,7.0859,7.0859,100,2021-06-11 15:20:00,BLCT
7.08,7.08,7.01,7.01,1871,2021-06-11 15:30:00,BLCT
7.02,7.06,7.0,7.0,2600,2021-06-11 15:50:00,BLCT
7.03,7.03,7.0,7.0,600,2021-06-11 15:55:00,BLCT
7.01,7.03,7.0,7.01,5743,2021-06-11 16:00:00,BLCT
7.06,7.06,7.0,7.03,2261,2021-06-11 16:05:00,BLCT
7.0206,7.03,7.0206,7.03,400,2021-06-11 16:10:00,BLCT
7.02,7.02,7.02,7.02,250,2021-06-11 16:25:00,BLCT
7.02,7.02,7.02,7.02,100,2021-06-11 16:30:00,BLCT
7.04,7.04,7.04,7.04,200,2021-06-11 16:45:00,BLCT
7.0381,7.0381,7.02,7.02,1888,2021-06-11 16:50:00,BLCT
7.04,7.04,7.04,7.04,200,2021-06-11 16:55:00,BLCT
7.04,7.04,7.0,7.04,750,2021-06-11 17:15:00,BLCT
7.02,7.02,7.02,7.02,100,2021-06-11 17:20:00,BLCT
7.0,7.0,6.95,6.97,8242,2021-06-11 17:35:00,BLCT
6.94,6.9673,6.94,6.9673,200,2021-06-11 17:40:00,BLCT
6.935,6.935,6.9,6.9,2817,2021-06-11 17:45:00,BLCT
6.9,6.9,6.9,6.9,400,2021-06-11 17:55:00,BLCT
6.915,6.915,6.88,6.88,1696,2021-06-11 18:00:00,BLCT
6.88,6.91,6.865,6.8992,5040,2021-06-11 18:05:00,BLCT
6.9,6.9,6.9,6.9,100,2021-06-11 18:10:00,BLCT
6.95,6.95,6.9106,6.95,2860,2021-06-11 18:15:00,BLCT
6.91,6.9195,6.91,6.9195,520,2021-06-11 18:20:00,BLCT
6.9194,6.9194,6.9194,6.9194,150,2021-06-11 18:25:00,BLCT
6.9379,6.9379,6.9358,6.9358,300,2021-06-11 18:30:00,BLCT
6.92,6.92,6.85,6.85,400,2021-06-11 18:35:00,BLCT
6.895,6.895,6.895,6.895,100,2021-06-11 18:40:00,BLCT
6.85,6.85,6.85,6.85,174,2021-06-11 18:45:00,BLCT
6.8885,6.8999,6.85,6.85,1400,2021-06-11 18:50:00,BLCT
6.89,6.89,6.89,6.89,100,2021-06-11 19:00:00,BLCT
6.81,6.86,6.8,6.86,2116,2021-06-11 19:05:00,BLCT
6.86,6.8903,6.84,6.8903,1122,2021-06-11 19:10:00,BLCT
6.8664,6.8664,6.8664,6.8664,100,2021-06-11 19:20:00,BLCT
6.8701,6.8701,6.8701,6.8701,200,2021-06-11 19:25:00,BLCT
6.861,6.861,6.861,6.861,200,2021-06-11 19:30:00,BLCT
6.8,6.8,6.8,6.8,1000,2021-06-11 19:35:00,BLCT
6.89,6.89,6.8469,6.8469,350,2021-06-11 19:40:00,BLCT
6.9091,6.9091,6.9091,6.9091,400,2021-06-11 19:50:00,BLCT
6.91,6.92,6.85,6.92,3540,2021-06-11 19:55:00,BLCT
6.92,6.92,6.92,6.92,1125,2021-06-11 20:00:00,BLCT
6.84,6.84,6.84,6.84,250,2021-06-14 12:50:00,BLCT
6.92,7.02,6.84,6.85,4348,2021-06-14 13:30:00,BLCT
6.85,6.92,6.82,6.9,5073,2021-06-14 13:35:00,BLCT
6.89,6.91,6.84,6.91,2424,2021-06-14 13:40:00,BLCT
6.8279,6.8279,6.8279,6.8279,500,2021-06-14 13:45:00,BLCT
6.875,6.9052,6.8,6.8712,3410,2021-06-14 13:50:00,BLCT
6.8615,6.91,6.8615,6.91,2818,2021-06-14 13:55:00,BLCT
6.947,6.99,6.9,6.975,4550,2021-06-14 14:00:00,BLCT
6.99,6.99,6.96,6.96,2026,2021-06-14 14:05:00,BLCT
6.97,7.0,6.97,6.9944,1773,2021-06-14 14:10:00,BLCT
6.96,6.9601,6.96,6.9601,483,2021-06-14 14:15:00,BLCT
6.99,6.99,6.99,6.99,1000,2021-06-14 14:20:00,BLCT
6.99,7.02,6.99,7.02,5102,2021-06-14 14:25:00,BLCT
7.03,7.06,7.0289,7.06,1033,2021-06-14 14:30:00,BLCT
7.0,7.0,7.0,7.0,900,2021-06-14 14:35:00,BLCT
6.995,6.995,6.9902,6.9902,352,2021-06-14 14:40:00,BLCT
6.97,6.97,6.9635,6.9698,471,2021-06-14 14:45:00,BLCT
6.98,6.98,6.98,6.98,200,2021-06-14 14:50:00,BLCT
6.98,6.98,6.98,6.98,200,2021-06-14 14:55:00,BLCT
6.9827,6.9827,6.98,6.98,200,2021-06-14 15:00:00,BLCT
6.99,6.99,6.9806,6.9806,200,2021-06-14 15:05:00,BLCT
6.98,6.98,6.96,6.98,1000,2021-06-14 15:10:00,BLCT
6.98,6.98,6.96,6.98,4891,2021-06-14 15:15:00,BLCT
6.97,6.97,6.97,6.97,300,2021-06-14 15:20:00,BLCT
6.96,6.96,6.96,6.96,1880,2021-06-14 15:25:00,BLCT
6.99,7.03,6.99,7.03,4485,2021-06-14 15:30:00,BLCT
7.03,7.03,7.03,7.03,500,2021-06-14 15:35:00,BLCT
7.0,7.0065,6.92,6.965,12684,2021-06-14 15:40:00,BLCT
6.96,6.96,6.96,6.96,100,2021-06-14 15:55:00,BLCT
6.95,6.95,6.95,6.95,107,2021-06-14 16:20:00,BLCT
6.95,6.95,6.95,6.95,101,2021-06-14 16:30:00,BLCT
6.9268,6.9268,6.9268,6.9268,284,2021-06-14 16:45:00,BLCT
6.91,6.91,6.91,6.91,100,2021-06-14 16:55:00,BLCT
6.94,7.02,6.94,6.97,10600,2021-06-14 17:00:00,BLCT
6.97,6.97,6.97,6.97,125,2021-06-14 17:05:00,BLCT
6.97,6.97,6.97,6.97,125,2021-06-14 17:20:00,BLCT
6.95,6.95,6.91,6.945,5200,2021-06-14 17:25:00,BLCT
6.95,6.95,6.95,6.95,100,2021-06-14 17:30:00,BLCT
6.97,6.97,6.97,6.97,100,2021-06-14 17:35:00,BLCT
6.96,6.96,6.95,6.95,2047,2021-06-14 17:50:00,BLCT
6.94,6.9473,6.935,6.935,700,2021-06-14 17:55:00,BLCT
6.95,6.95,6.95,6.95,676,2021-06-14 18:00:00,BLCT
6.97,6.97,6.97,6.97,100,2021-06-14 18:05:00,BLCT
6.96,6.97,6.96,6.97,967,2021-06-14 18:20:00,BLCT
6.97,7.02,6.97,7.02,14344,2021-06-14 18:30:00,BLCT
7.02,7.07,7.0157,7.07,9964,2021-06-14 18:45:00,BLCT
7.05,7.09,7.05,7.07,1400,2021-06-14 18:50:00,BLCT
7.07,7.07,7.06,7.06,200,2021-06-14 19:00:00,BLCT
7.0673,7.07,7.03,7.05,1948,2021-06-14 19:05:00,BLCT
7.04,7.08,7.04,7.06,400,2021-06-14 19:10:00,BLCT
7.04,7.04,7.04,7.04,791,2021-06-14 19:15:00,BLCT
7.05,7.05,6.96,6.97,3819,2021-06-14 19:45:00,BLCT
6.98,7.03,6.98,7.03,450,2021-06-14 19:50:00,BLCT
7.04,7.09,7.04,7.09,4964,2021-06-14 19:55:00,BLCT
7.09,7.09,7.09,7.09,440,2021-06-14 20:00:00,BLCT
7.09,7.09,7.09,7.09,1000,2021-06-14 21:25:00,BLCT
7.09,7.09,7.09,7.09,500,2021-06-14 22:35:00,BLCT
7.09,7.09,7.09,7.09,300,2021-06-14 23:10:00,BLCT
7.1,7.1,7.1,7.1,542,2021-06-15 10:10:00,BLCT
7.1,7.1,7.1,7.1,458,2021-06-15 10:35:00,BLCT
7.1,7.1,7.1,7.1,652,2021-06-15 12:20:00,BLCT
7.15,7.15,7.15,7.15,100,2021-06-15 12:25:00,BLCT
7.17,7.17,7.02,7.02,6638,2021-06-15 13:30:00,BLCT
7.115,7.15,7.08,7.15,1593,2021-06-15 13:35:00,BLCT
7.15,7.15,7.15,7.15,3100,2021-06-15 13:40:00,BLCT
7.15,7.15,7.1,7.145,1148,2021-06-15 13:45:00,BLCT
7.1101,7.19,7.1101,7.19,1000,2021-06-15 13:50:00,BLCT
7.195,7.26,7.195,7.255,5260,2021-06-15 13:55:00,BLCT
7.255,7.27,7.15,7.27,2284,2021-06-15 14:00:00,BLCT
7.27,7.27,7.225,7.225,282,2021-06-15 14:05:00,BLCT
7.1779,7.19,7.1779,7.19,3100,2021-06-15 14:10:00,BLCT
7.19,7.19,7.19,7.19,200,2021-06-15 14:15:00,BLCT
7.2,7.2,7.19,7.19,400,2021-06-15 14:20:00,BLCT
7.2165,7.2165,7.12,7.12,3161,2021-06-15 14:25:00,BLCT
7.14,7.17,7.12,7.12,3473,2021-06-15 14:30:00,BLCT
7.16,7.2,7.15,7.2,4960,2021-06-15 14:35:00,BLCT
7.2,7.2,7.15,7.15,1479,2021-06-15 14:40:00,BLCT
7.15,7.15,7.15,7.15,246,2021-06-15 14:45:00,BLCT
7.1772,7.19,7.175,7.19,10078,2021-06-15 14:50:00,BLCT
7.185,7.185,7.17,7.18,1236,2021-06-15 14:55:00,BLCT
7.175,7.175,7.1642,7.1642,937,2021-06-15 15:00:00,BLCT
7.19,7.205,7.17,7.18,2698,2021-06-15 15:05:00,BLCT
7.17,7.18,7.17,7.18,366,2021-06-15 15:10:00,BLCT
7.17,7.17,7.17,7.17,400,2021-06-15 15:25:00,BLCT
7.18,7.18,7.18,7.18,100,2021-06-15 15:30:00,BLCT
7.16,7.16,7.16,7.16,100,2021-06-15 15:40:00,BLCT
7.1635,7.1635,7.16,7.16,300,2021-06-15 15:45:00,BLCT
7.16,7.16,7.15,7.15,300,2021-06-15 15:50:00,BLCT
7.15,7.15,7.15,7.15,100,2021-06-15 15:55:00,BLCT
7.19,7.19,7.19,7.19,100,2021-06-15 16:05:00,BLCT
7.1501,7.16,7.1501,7.16,300,2021-06-15 16:10:00,BLCT
7.17,7.17,7.15,7.15,400,2021-06-15 16:15:00,BLCT
7.15,7.15,7.15,7.15,100,2021-06-15 16:20:00,BLCT
7.19,7.19,7.19,7.19,100,2021-06-15 16:25:00,BLCT
7.17,7.17,7.17,7.17,100,2021-06-15 16:30:00,BLCT
7.16,7.16,7.15,7.16,400,2021-06-15 16:40:00,BLCT
7.15,7.1568,7.13,7.1568,9680,2021-06-15 16:45:00,BLCT
7.18,7.18,7.18,7.18,100,2021-06-15 16:50:00,BLCT
7.13,7.13,7.13,7.13,13490,2021-06-15 16:55:00,BLCT
7.13,7.14,7.13,7.14,4964,2021-06-15 17:00:00,BLCT
7.14,7.14,7.14,7.14,260,2021-06-15 17:10:00,BLCT
7.13,7.13,7.13,7.13,700,2021-06-15 17:20:00,BLCT
7.15,7.15,7.13,7.13,600,2021-06-15 17:25:00,BLCT
7.13,7.13,7.13,7.13,500,2021-06-15 17:30:00,BLCT
7.13,7.13,7.13,7.13,100,2021-06-15 17:35:00,BLCT
7.13,7.13,7.13,7.13,709,2021-06-15 17:45:00,BLCT
7.162,7.17,7.13,7.15,3678,2021-06-15 17:50:00,BLCT
7.15,7.165,7.13,7.165,16294,2021-06-15 17:55:00,BLCT
7.165,7.165,7.165,7.165,200,2021-06-15 18:00:00,BLCT
7.15,7.16,7.15,7.16,1100,2021-06-15 18:05:00,BLCT
7.15,7.15,7.15,7.15,900,2021-06-15 18:15:00,BLCT
7.15,7.165,7.15,7.165,564,2021-06-15 18:25:00,BLCT
7.1739,7.1739,7.15,7.15,300,2021-06-15 18:30:00,BLCT
7.15,7.15,7.15,7.15,2100,2021-06-15 18:35:00,BLCT
7.15,7.16,7.15,7.15,1745,2021-06-15 18:40:00,BLCT
7.15,7.16,7.15,7.16,400,2021-06-15 18:45:00,BLCT
7.15,7.17,7.15,7.15,852,2021-06-15 18:50:00,BLCT
7.15,7.16,7.15,7.15,1000,2021-06-15 19:00:00,BLCT
7.16,7.16,7.16,7.16,500,2021-06-15 19:10:00,BLCT
7.15,7.16,7.15,7.16,500,2021-06-15 19:15:00,BLCT
7.15,7.16,7.15,7.15,1875,2021-06-15 19:25:00,BLCT
7.15,7.16,7.15,7.16,285,2021-06-15 19:30:00,BLCT
7.16,7.16,7.15,7.15,739,2021-06-15 19:35:00,BLCT
7.17,7.2,7.17,7.2,1875,2021-06-15 19:40:00,BLCT
7.18,7.18,7.13,7.175,24446,2021-06-15 19:45:00,BLCT
7.16,7.16,7.13,7.14,957,2021-06-15 19:50:00,BLCT
7.13,7.19,7.13,7.19,3090,2021-06-15 19:55:00,BLCT
7.2,7.2,7.2,7.2,2065,2021-06-15 20:00:00,BLCT
7.21,7.21,7.21,7.21,859,2021-06-16 10:20:00,BLCT
7.12,7.12,6.76,7.06,45618,2021-06-16 13:30:00,BLCT
7.05,7.1465,7.05,7.145,2620,2021-06-16 13:35:00,BLCT
7.075,7.075,7.075,7.075,200,2021-06-16 13:55:00,BLCT
7.05,7.07,7.05,7.05,1100,2021-06-16 14:00:00,BLCT
7.075,7.075,7.075,7.075,400,2021-06-16 14:05:00,BLCT
7.08,7.12,7.08,7.12,983,2021-06-16 14:10:00,BLCT
7.07,7.07,7.04,7.04,200,2021-06-16 14:15:00,BLCT
7.04,7.068,7.04,7.06,3450,2021-06-16 14:25:00,BLCT
7.06,7.07,7.06,7.07,1100,2021-06-16 14:35:00,BLCT
7.08,7.08,7.08,7.08,300,2021-06-16 14:40:00,BLCT
7.06,7.06,7.06,7.06,800,2021-06-16 14:50:00,BLCT
7.08,7.08,7.08,7.08,1800,2021-06-16 15:00:00,BLCT
7.05,7.05,7.05,7.05,300,2021-06-16 15:05:00,BLCT
7.06,7.06,7.06,7.06,100,2021-06-16 15:20:00,BLCT
7.066,7.07,7.066,7.07,900,2021-06-16 15:30:00,BLCT
7.06,7.06,7.0515,7.0515,1100,2021-06-16 15:40:00,BLCT
7.05,7.05,7.04,7.0486,4177,2021-06-16 15:45:00,BLCT
7.05,7.0521,7.04,7.05,3304,2021-06-16 15:50:00,BLCT
7.05,7.06,7.05,7.05,1600,2021-06-16 15:55:00,BLCT
7.0522,7.0522,7.05,7.05,600,2021-06-16 16:00:00,BLCT
7.06,7.07,7.06,7.06,475,2021-06-16 16:10:00,BLCT
7.06,7.06,7.06,7.06,100,2021-06-16 16:15:00,BLCT
7.05,7.05,7.05,7.05,2985,2021-06-16 16:20:00,BLCT
7.05,7.055,7.05,7.05,1800,2021-06-16 16:25:00,BLCT
7.05,7.05,7.05,7.05,1100,2021-06-16 16:35:00,BLCT
7.05,7.05,7.05,7.05,400,2021-06-16 16:40:00,BLCT
7.06,7.06,7.06,7.06,200,2021-06-16 16:45:00,BLCT
7.05,7.05,7.04,7.04,3324,2021-06-16 16:50:00,BLCT
7.06,7.06,6.95,6.95,81584,2021-06-16 17:10:00,BLCT
7.0,7.015,6.97,6.99,1384,2021-06-16 17:15:00,BLCT
6.96,6.96,6.96,6.96,100,2021-06-16 17:20:00,BLCT
6.9683,6.9683,6.95,6.95,1276,2021-06-16 17:25:00,BLCT
6.9832,6.9832,6.9832,6.9832,100,2021-06-16 17:30:00,BLCT
6.98,6.98,6.98,6.98,100,2021-06-16 17:45:00,BLCT
6.95,6.95,6.81,6.81,2231,2021-06-16 18:00:00,BLCT
6.8808,6.8808,6.8808,6.8808,230,2021-06-16 18:05:00,BLCT
6.88,6.88,6.88,6.88,100,2021-06-16 18:10:00,BLCT
6.8999,6.8999,6.85,6.85,3341,2021-06-16 18:20:00,BLCT
6.835,6.8825,6.835,6.8825,881,2021-06-16 18:25:00,BLCT
6.84,6.84,6.84,6.84,739,2021-06-16 18:30:00,BLCT
6.84,6.8635,6.825,6.8599,2100,2021-06-16 18:40:00,BLCT
6.82,6.82,6.78,6.78,8750,2021-06-16 18:45:00,BLCT
6.785,6.835,6.78,6.835,3962,2021-06-16 18:50:00,BLCT
6.85,6.85,6.85,6.85,147,2021-06-16 18:55:00,BLCT
6.85,6.87,6.85,6.86,2910,2021-06-16 19:10:00,BLCT
6.88,6.94,6.88,6.92,1107,2021-06-16 19:15:00,BLCT
6.95,6.95,6.93,6.93,200,2021-06-16 19:20:00,BLCT
6.93,6.93,6.93,6.93,400,2021-06-16 19:25:00,BLCT
6.93,6.93,6.9,6.9,3218,2021-06-16 19:30:00,BLCT
6.9,6.91,6.88,6.88,798,2021-06-16 19:40:00,BLCT
6.91,6.92,6.9,6.92,1826,2021-06-16 19:45:00,BLCT
6.92,7.06,6.92,6.99,18561,2021-06-16 19:50:00,BLCT
7.02,7.08,6.99,7.055,14537,2021-06-16 19:55:00,BLCT
7.07,7.07,7.07,7.07,31703,2021-06-16 20:00:00,BLCT
7.07,7.07,7.07,7.07,114,2021-06-17 13:15:00,BLCT
7.07,7.07,7.07,7.07,692,2021-06-17 13:20:00,BLCT
6.99,6.99,6.8301,6.8301,5790,2021-06-17 13:30:00,BLCT
6.8601,6.99,6.8601,6.92,1576,2021-06-17 13:40:00,BLCT
6.885,6.97,6.8835,6.97,2300,2021-06-17 13:45:00,BLCT
6.95,7.03,6.95,7.03,6288,2021-06-17 13:50:00,BLCT
7.03,7.03,7.03,7.03,600,2021-06-17 13:55:00,BLCT
7.07,7.07,7.05,7.05,400,2021-06-17 14:00:00,BLCT
7.03,7.06,7.01,7.0499,3650,2021-06-17 14:05:00,BLCT
6.99,6.99,6.99,6.99,100,2021-06-17 14:10:00,BLCT
7.025,7.025,7.025,7.025,300,2021-06-17 14:15:00,BLCT
7.0478,7.06,7.03,7.04,2340,2021-06-17 14:20:00,BLCT
7.0275,7.05,7.025,7.05,2931,2021-06-17 14:25:00,BLCT
7.03,7.04,7.03,7.04,1649,2021-06-17 14:35:00,BLCT
7.06,7.06,7.06,7.06,100,2021-06-17 14:40:00,BLCT
7.03,7.04,7.02,7.03,500,2021-06-17 14:45:00,BLCT
7.04,7.04,7.04,7.04,200,2021-06-17 14:50:00,BLCT
7.03,7.05,7.02,7.05,1500,2021-06-17 14:55:00,BLCT
7.02,7.02,7.01,7.01,433,2021-06-17 15:00:00,BLCT
7.01,7.01,7.01,7.01,100,2021-06-17 15:05:00,BLCT
7.02,7.02,7.01,7.01,1126,2021-06-17 15:10:00,BLCT
7.01,7.03,7.01,7.02,1950,2021-06-17 15:15:00,BLCT
7.0218,7.0279,7.02,7.0279,460,2021-06-17 15:20:00,BLCT
7.02,7.02,6.96,6.96,1650,2021-06-17 15:25:00,BLCT
6.9601,6.9601,6.9601,6.9601,100,2021-06-17 15:30:00,BLCT
6.99,7.0,6.99,7.0,450,2021-06-17 15:35:00,BLCT
6.97,6.97,6.97,6.97,700,2021-06-17 15:50:00,BLCT
6.97,6.97,6.95,6.95,1800,2021-06-17 15:55:00,BLCT
6.95,6.95,6.95,6.95,1700,2021-06-17 16:05:00,BLCT
6.95,6.955,6.95,6.955,200,2021-06-17 16:10:00,BLCT
6.95,6.98,6.95,6.97,22682,2021-06-17 16:15:00,BLCT
6.97,6.98,6.97,6.97,2100,2021-06-17 16:20:00,BLCT
6.97,6.98,6.97,6.97,500,2021-06-17 16:25:00,BLCT
6.98,7.02,6.98,7.02,1133,2021-06-17 16:35:00,BLCT
7.02,7.02,7.02,7.02,100,2021-06-17 16:45:00,BLCT
7.02,7.02,6.99,6.99,750,2021-06-17 16:50:00,BLCT
7.02,7.02,7.005,7.005,200,2021-06-17 16:55:00,BLCT
6.99,7.005,6.99,7.005,200,2021-06-17 17:00:00,BLCT
6.99,6.99,6.99,6.99,100,2021-06-17 17:05:00,BLCT
6.99,6.99,6.99,6.99,800,2021-06-17 17:10:00,BLCT
7.02,7.02,7.005,7.005,500,2021-06-17 17:15:00,BLCT
7.02,7.02,6.99,7.02,950,2021-06-17 17:20:00,BLCT
6.98,6.98,6.98,6.98,100,2021-06-17 17:25:00,BLCT
6.98,6.98,6.98,6.98,100,2021-06-17 17:30:00,BLCT
6.98,6.98,6.98,6.98,100,2021-06-17 17:35:00,BLCT
7.01,7.01,6.995,6.995,500,2021-06-17 17:40:00,BLCT
7.01,7.04,6.99,7.04,1900,2021-06-17 17:45:00,BLCT
7.04,7.04,7.04,7.04,310,2021-06-17 17:50:00,BLCT
7.04,7.04,7.01,7.01,300,2021-06-17 17:55:00,BLCT
7.01,7.02,6.98,7.02,800,2021-06-17 18:00:00,BLCT
7.02,7.02,7.0,7.0064,600,2021-06-17 18:10:00,BLCT
7.025,7.025,7.025,7.025,100,2021-06-17 18:15:00,BLCT
7.04,7.04,7.03,7.03,1400,2021-06-17 18:25:00,BLCT
7.04,7.04,7.04,7.04,300,2021-06-17 18:30:00,BLCT
7.04,7.04,7.04,7.04,200,2021-06-17 18:35:00,BLCT
7.05,7.05,7.05,7.05,100,2021-06-17 18:40:00,BLCT
7.05,7.05,7.02,7.03,1000,2021-06-17 18:45:00,BLCT
7.035,7.035,7.035,7.035,100,2021-06-17 18:50:00,BLCT
7.05,7.05,7.05,7.05,200,2021-06-17 18:55:00,BLCT
7.035,7.05,7.035,7.05,300,2021-06-17 19:00:00,BLCT
7.03,7.05,7.0,7.0,1500,2021-06-17 19:05:00,BLCT
7.0035,7.025,7.0035,7.025,400,2021-06-17 19:10:00,BLCT
7.04,7.04,7.01,7.02,3196,2021-06-17 19:15:00,BLCT
7.03,7.03,6.99,7.02,3619,2021-06-17 19:20:00,BLCT
7.05,7.05,7.025,7.025,200,2021-06-17 19:25:00,BLCT
7.01,7.01,7.01,7.01,100,2021-06-17 19:30:00,BLCT
7.025,7.025,7.025,7.025,200,2021-06-17 19:35:00,BLCT
7.025,7.025,7.025,7.025,200,2021-06-17 19:40:00,BLCT
7.05,7.05,7.0,7.04,7909,2021-06-17 19:45:00,BLCT
7.01,7.04,7.01,7.04,1300,2021-06-17 19:50:00,BLCT
7.04,7.05,6.96,6.96,7940,2021-06-17 19:55:00,BLCT
7.01,7.01,7.01,7.01,455,2021-06-17 20:00:00,BLCT
7.0,7.0,7.0,7.0,200,2021-06-18 12:45:00,BLCT
6.95,6.95,6.8535,6.9028,1928,2021-06-18 13:30:00,BLCT
6.99,6.99,6.95,6.9508,1200,2021-06-18 13:35:00,BLCT
6.96,6.97,6.96,6.97,200,2021-06-18 13:40:00,BLCT
6.95,7.0,6.95,6.97,3365,2021-06-18 13:45:00,BLCT
6.95,6.95,6.95,6.95,600,2021-06-18 13:50:00,BLCT
6.96,6.97,6.96,6.97,500,2021-06-18 13:55:00,BLCT
6.9836,6.9836,6.9836,6.9836,300,2021-06-18 14:00:00,BLCT
6.98,6.9922,6.975,6.99,2100,2021-06-18 14:05:00,BLCT
6.995,6.995,6.995,6.995,100,2021-06-18 14:10:00,BLCT
6.99,7.0,6.99,7.0,3050,2021-06-18 14:15:00,BLCT
6.9965,6.9965,6.955,6.99,300,2021-06-18 14:20:00,BLCT
6.99,6.99,6.95,6.95,200,2021-06-18 14:25:00,BLCT
6.96,6.97,6.96,6.97,200,2021-06-18 14:30:00,BLCT
6.965,6.965,6.965,6.965,100,2021-06-18 14:35:00,BLCT
6.99,6.99,6.99,6.99,800,2021-06-18 14:45:00,BLCT
6.98,6.98,6.98,6.98,300,2021-06-18 14:50:00,BLCT
6.98,6.99,6.98,6.99,200,2021-06-18 14:55:00,BLCT
6.97,6.97,6.97,6.97,100,2021-06-18 15:00:00,BLCT
6.9701,6.9701,6.9701,6.9701,307,2021-06-18 15:05:00,BLCT
6.97,6.97,6.97,6.97,1408,2021-06-18 15:10:00,BLCT
6.99,6.99,6.96,6.96,300,2021-06-18 15:15:00,BLCT
6.9899,6.9899,6.9899,6.9899,100,2021-06-18 15:20:00,BLCT
6.97,6.97,6.97,6.97,1037,2021-06-18 15:25:00,BLCT
6.99,6.9947,6.97,6.9947,979,2021-06-18 15:30:00,BLCT
6.99,6.99,6.99,6.99,400,2021-06-18 15:35:00,BLCT
7.0,7.0,6.9999,6.9999,364,2021-06-18 15:40:00,BLCT
6.975,6.975,6.97,6.97,953,2021-06-18 15:45:00,BLCT
6.97,6.97,6.97,6.97,100,2021-06-18 15:50:00,BLCT
6.96,6.96,6.96,6.96,100,2021-06-18 15:55:00,BLCT
6.97,7.0,6.97,7.0,1200,2021-06-18 16:00:00,BLCT
6.979,6.979,6.979,6.979,100,2021-06-18 16:05:00,BLCT
6.99,6.99,6.96,6.96,200,2021-06-18 16:10:00,BLCT
6.99,6.99,6.99,6.99,100,2021-06-18 16:15:00,BLCT
6.9608,6.966,6.9608,6.966,900,2021-06-18 16:20:00,BLCT
6.96,6.99,6.96,6.99,300,2021-06-18 16:25:00,BLCT
6.97,6.97,6.97,6.97,100,2021-06-18 16:30:00,BLCT
6.97,6.97,6.96,6.96,300,2021-06-18 16:40:00,BLCT
6.96,6.97,6.96,6.97,1800,2021-06-18 16:45:00,BLCT
6.97,6.97,6.97,6.97,100,2021-06-18 16:55:00,BLCT
6.97,6.97,6.97,6.97,600,2021-06-18 17:00:00,BLCT
6.98,6.98,6.98,6.98,200,2021-06-18 17:05:00,BLCT
6.975,6.99,6.975,6.985,680,2021-06-18 17:10:00,BLCT
6.985,6.985,6.98,6.98,300,2021-06-18 17:15:00,BLCT
6.98,6.98,6.98,6.98,3200,2021-06-18 17:20:00,BLCT
6.98,6.99,6.98,6.99,1035,2021-06-18 17:25:00,BLCT
6.9801,6.99,6.9801,6.99,13186,2021-06-18 17:30:00,BLCT
6.985,6.99,6.98,6.98,5500,2021-06-18 17:35:00,BLCT
6.99,6.99,6.98,6.98,400,2021-06-18 17:40:00,BLCT
6.97,6.97,6.97,6.97,500,2021-06-18 17:45:00,BLCT
6.97,6.97,6.97,6.97,400,2021-06-18 17:50:00,BLCT
6.97,6.97,6.97,6.97,500,2021-06-18 17:55:00,BLCT
6.97,6.975,6.97,6.97,500,2021-06-18 18:00:00,BLCT
6.97,6.97,6.97,6.97,100,2021-06-18 18:05:00,BLCT
6.97,6.98,6.96,6.96,1200,2021-06-18 18:10:00,BLCT
6.96,6.96,6.96,6.96,400,2021-06-18 18:15:00,BLCT
6.96,6.98,6.96,6.96,1200,2021-06-18 18:20:00,BLCT
6.96,6.96,6.96,6.96,500,2021-06-18 18:25:00,BLCT
6.96,6.96,6.96,6.96,400,2021-06-18 18:30:00,BLCT
6.96,6.97,6.96,6.96,2200,2021-06-18 18:35:00,BLCT
6.96,6.96,6.96,6.96,700,2021-06-18 18:40:00,BLCT
6.96,6.96,6.96,6.96,600,2021-06-18 18:45:00,BLCT
6.96,6.965,6.96,6.965,1500,2021-06-18 18:50:00,BLCT
6.96,6.96,6.96,6.96,100,2021-06-18 18:55:00,BLCT
6.96,6.98,6.96,6.965,500,2021-06-18 19:00:00,BLCT
6.96,6.96,6.96,6.96,300,2021-06-18 19:05:00,BLCT
6.96,6.98,6.96,6.96,500,2021-06-18 19:10:00,BLCT
6.97,6.97,6.96,6.96,500,2021-06-18 19:15:00,BLCT
6.96,6.96,6.96,6.96,400,2021-06-18 19:20:00,BLCT
6.96,6.97,6.96,6.96,700,2021-06-18 19:25:00,BLCT
6.97,6.97,6.96,6.96,500,2021-06-18 19:30:00,BLCT
6.96,6.98,6.96,6.96,900,2021-06-18 19:35:00,BLCT
6.96,6.97,6.95,6.97,16165,2021-06-18 19:40:00,BLCT
6.95,6.98,6.95,6.95,1100,2021-06-18 19:45:00,BLCT
6.95,6.98,6.95,6.95,4111,2021-06-18 19:50:00,BLCT
6.95,6.97,6.95,6.97,6452,2021-06-18 19:55:00,BLCT
6.95,6.95,6.95,6.95,23852,2021-06-18 20:00:00,BLCT
6.94,7.0,6.75,6.825,9368,2021-06-21 13:30:00,BLCT
6.805,6.89,6.805,6.89,1903,2021-06-21 13:35:00,BLCT
6.9209,6.9209,6.9209,6.9209,234,2021-06-21 13:45:00,BLCT
7.0,7.0,7.0,7.0,200,2021-06-21 13:50:00,BLCT
6.98,6.98,6.97,6.97,200,2021-06-21 13:55:00,BLCT
6.98,6.99,6.98,6.99,331,2021-06-21 14:00:00,BLCT
6.94,6.94,6.92,6.92,500,2021-06-21 14:05:00,BLCT
6.92,6.92,6.91,6.91,2430,2021-06-21 14:10:00,BLCT
6.9273,6.93,6.92,6.92,690,2021-06-21 14:15:00,BLCT
6.93,6.93,6.89,6.92,7083,2021-06-21 14:20:00,BLCT
6.94,6.95,6.92,6.92,3150,2021-06-21 14:25:00,BLCT
6.92,6.92,6.92,6.92,200,2021-06-21 14:30:00,BLCT
6.92,6.94,6.9,6.9365,5909,2021-06-21 14:35:00,BLCT
6.93,6.9312,6.93,6.9312,900,2021-06-21 14:40:00,BLCT
6.94,6.96,6.94,6.95,3697,2021-06-21 14:45:00,BLCT
6.95,6.95,6.95,6.95,1350,2021-06-21 14:50:00,BLCT
6.9,6.9,6.898,6.898,395,2021-06-21 14:55:00,BLCT
6.89,6.9504,6.89,6.9504,400,2021-06-21 15:00:00,BLCT
6.89,6.9435,6.89,6.9435,500,2021-06-21 15:05:00,BLCT
6.95,6.95,6.95,6.95,205,2021-06-21 15:20:00,BLCT
6.9465,6.95,6.9404,6.95,1100,2021-06-21 15:25:00,BLCT
6.95,6.95,6.9,6.91,500,2021-06-21 15:35:00,BLCT
6.91,6.91,6.91,6.91,100,2021-06-21 15:40:00,BLCT
6.94,6.95,6.94,6.95,200,2021-06-21 15:55:00,BLCT
6.95,6.96,6.95,6.96,676,2021-06-21 16:00:00,BLCT
6.925,6.925,6.925,6.925,100,2021-06-21 16:15:00,BLCT
6.9035,6.91,6.9,6.9,1600,2021-06-21 16:30:00,BLCT
6.94,6.95,6.9,6.92,2200,2021-06-21 16:35:00,BLCT
6.9173,6.92,6.9,6.9,4125,2021-06-21 16:40:00,BLCT
6.9,6.9,6.89,6.9,3994,2021-06-21 16:50:00,BLCT
6.94,6.94,6.94,6.94,300,2021-06-21 16:55:00,BLCT
6.89,6.94,6.89,6.94,200,2021-06-21 17:00:00,BLCT
6.89,6.89,6.88,6.88,400,2021-06-21 17:40:00,BLCT
6.92,6.92,6.92,6.92,200,2021-06-21 17:55:00,BLCT
6.93,6.93,6.93,6.93,100,2021-06-21 18:00:00,BLCT
6.93,6.93,6.93,6.93,400,2021-06-21 18:05:00,BLCT
6.92,6.93,6.92,6.93,200,2021-06-21 18:20:00,BLCT
6.93,6.93,6.93,6.93,200,2021-06-21 18:35:00,BLCT
6.9,6.9,6.9,6.9,100,2021-06-21 18:40:00,BLCT
6.9,6.92,6.8873,6.92,300,2021-06-21 18:50:00,BLCT
6.8835,6.92,6.8835,6.91,700,2021-06-21 19:00:00,BLCT
6.8965,6.8965,6.8959,6.8959,350,2021-06-21 19:10:00,BLCT
6.895,6.91,6.87,6.87,2227,2021-06-21 19:15:00,BLCT
6.885,6.9099,6.87,6.87,1019,2021-06-21 19:25:00,BLCT
6.87,6.88,6.87,6.88,300,2021-06-21 19:30:00,BLCT
6.88,6.88,6.87,6.87,200,2021-06-21 19:35:00,BLCT
6.88,6.88,6.87,6.87,200,2021-06-21 19:40:00,BLCT
6.87,6.88,6.86,6.88,6161,2021-06-21 19:45:00,BLCT
6.87,6.91,6.87,6.905,1090,2021-06-21 19:50:00,BLCT
6.9,6.91,6.86,6.86,2394,2021-06-21 19:55:00,BLCT
6.88,6.88,6.88,6.88,1593,2021-06-21 20:00:00,BLCT
6.76,6.76,6.75,6.75,1939,2021-06-22 09:40:00,BLCT
6.71,6.82,6.66,6.82,1600,2021-06-22 10:00:00,BLCT
6.78,6.78,6.78,6.78,222,2021-06-22 12:00:00,BLCT
6.68,6.7,6.6,6.66,16923,2021-06-22 13:30:00,BLCT
6.6428,6.7,6.6428,6.7,3200,2021-06-22 13:35:00,BLCT
6.7,6.71,6.67,6.68,4552,2021-06-22 13:40:00,BLCT
6.68,6.69,6.68,6.68,6200,2021-06-22 13:45:00,BLCT
6.69,6.73,6.68,6.71,21676,2021-06-22 13:50:00,BLCT
6.71,6.76,6.71,6.75,8166,2021-06-22 13:55:00,BLCT
6.73,6.75,6.73,6.75,1704,2021-06-22 14:00:00,BLCT
6.73,6.7599,6.73,6.74,12382,2021-06-22 14:05:00,BLCT
6.74,6.74,6.56,6.57,106353,2021-06-22 14:10:00,BLCT
6.57,6.58,6.565,6.58,2032,2021-06-22 14:15:00,BLCT
6.59,6.62,6.59,6.62,2350,2021-06-22 14:20:00,BLCT
6.6,6.61,6.6,6.6,2800,2021-06-22 14:30:00,BLCT
6.5784,6.5973,6.5784,6.5945,1050,2021-06-22 14:35:00,BLCT
6.6,6.645,6.6,6.635,4505,2021-06-22 14:40:00,BLCT
6.64,6.64,6.61,6.635,31196,2021-06-22 14:45:00,BLCT
6.62,6.62,6.57,6.57,19347,2021-06-22 14:50:00,BLCT
6.57,6.57,6.51,6.535,3798,2021-06-22 14:55:00,BLCT
6.535,6.54,6.45,6.45,15482,2021-06-22 15:00:00,BLCT
6.465,6.49,6.4501,6.4501,5780,2021-06-22 15:05:00,BLCT
6.5293,6.54,6.35,6.395,25721,2021-06-22 15:10:00,BLCT
6.37,6.3882,6.37,6.37,5986,2021-06-22 15:15:00,BLCT
6.38,6.47,6.38,6.47,4939,2021-06-22 15:20:00,BLCT
6.41,6.4621,6.41,6.44,600,2021-06-22 15:25:00,BLCT
6.43,6.43,6.39,6.4,20727,2021-06-22 15:30:00,BLCT
6.4,6.43,6.4,6.415,2900,2021-06-22 15:35:00,BLCT
6.42,6.42,6.4,6.4,12325,2021-06-22 15:40:00,BLCT
6.4,6.4091,6.4,6.4,4700,2021-06-22 15:45:00,BLCT
6.4,6.4,6.4,6.4,300,2021-06-22 15:50:00,BLCT
6.4,6.4099,6.4,6.4099,3658,2021-06-22 15:55:00,BLCT
6.405,6.405,6.4,6.4,3400,2021-06-22 16:00:00,BLCT
6.41,6.4441,6.41,6.4441,1630,2021-06-22 16:05:00,BLCT
6.44,6.44,6.42,6.42,400,2021-06-22 16:10:00,BLCT
6.42,6.4227,6.42,6.42,1681,2021-06-22 16:15:00,BLCT
6.4,6.44,6.4,6.42,2474,2021-06-22 16:20:00,BLCT
6.44,6.46,6.42,6.45,12863,2021-06-22 16:25:00,BLCT
6.46,6.46,6.46,6.46,456,2021-06-22 16:30:00,BLCT
6.465,6.4673,6.465,6.465,1563,2021-06-22 16:35:00,BLCT
6.48,6.48,6.4675,6.4675,1000,2021-06-22 16:40:00,BLCT
6.46,6.47,6.46,6.4624,300,2021-06-22 16:45:00,BLCT
6.46,6.46,6.46,6.46,1330,2021-06-22 16:50:00,BLCT
6.46,6.46,6.45,6.46,1000,2021-06-22 16:55:00,BLCT
6.46,6.46,6.45,6.45,550,2021-06-22 17:00:00,BLCT
6.44,6.47,6.44,6.47,4130,2021-06-22 17:10:00,BLCT
6.4466,6.4466,6.4466,6.4466,153,2021-06-22 17:25:00,BLCT
6.465,6.465,6.465,6.465,433,2021-06-22 17:30:00,BLCT
6.49,6.49,6.48,6.48,400,2021-06-22 17:40:00,BLCT
6.4799,6.4799,6.4799,6.4799,3500,2021-06-22 17:45:00,BLCT
6.45,6.45,6.45,6.45,1420,2021-06-22 17:55:00,BLCT
6.455,6.47,6.455,6.47,3419,2021-06-22 18:00:00,BLCT
6.48,6.49,6.48,6.49,7392,2021-06-22 18:05:00,BLCT
6.49,6.49,6.4838,6.4838,200,2021-06-22 18:10:00,BLCT
6.4638,6.4638,6.4638,6.4638,500,2021-06-22 18:15:00,BLCT
6.47,6.49,6.47,6.47,5037,2021-06-22 18:20:00,BLCT
6.4799,6.4799,6.45,6.45,2268,2021-06-22 18:30:00,BLCT
6.45,6.45,6.45,6.45,300,2021-06-22 18:35:00,BLCT
6.45,6.46,6.45,6.46,800,2021-06-22 18:40:00,BLCT
6.46,6.48,6.46,6.48,375,2021-06-22 18:50:00,BLCT
6.4713,6.4713,6.45,6.45,2465,2021-06-22 18:55:00,BLCT
6.4675,6.48,6.4675,6.48,1793,2021-06-22 19:00:00,BLCT
6.48,6.49,6.48,6.49,1300,2021-06-22 19:05:00,BLCT
6.49,6.49,6.48,6.49,812,2021-06-22 19:10:00,BLCT
6.49,6.49,6.485,6.49,1297,2021-06-22 19:15:00,BLCT
6.49,6.49,6.485,6.49,10466,2021-06-22 19:20:00,BLCT
6.485,6.5,6.48,6.495,3687,2021-06-22 19:25:00,BLCT
6.4981,6.5,6.4802,6.4802,2095,2021-06-22 19:30:00,BLCT
6.49,6.5,6.49,6.495,1447,2021-06-22 19:35:00,BLCT
6.5,6.5,6.47,6.47,2567,2021-06-22 19:40:00,BLCT
6.48,6.48,6.45,6.47,3490,2021-06-22 19:45:00,BLCT
6.47,6.48,6.45,6.45,4388,2021-06-22 19:50:00,BLCT
6.465,6.47,6.45,6.465,4159,2021-06-22 19:55:00,BLCT
6.48,6.48,6.48,6.48,9267,2021-06-22 20:00:00,BLCT
6.46,6.46,6.46,6.46,100,2021-06-22 23:55:00,BLCT
6.49,6.6585,6.49,6.6562,2610,2021-06-23 13:30:00,BLCT
6.64,6.69,6.585,6.68,7250,2021-06-23 13:35:00,BLCT
6.7,6.7,6.68,6.7,5697,2021-06-23 13:40:00,BLCT
6.72,6.735,6.69,6.69,5900,2021-06-23 13:45:00,BLCT
6.66,6.7047,6.66,6.7047,1476,2021-06-23 13:50:00,BLCT
6.67,6.68,6.66,6.66,750,2021-06-23 13:55:00,BLCT
6.6703,6.6703,6.66,6.66,781,2021-06-23 14:00:00,BLCT
6.66,6.66,6.6165,6.63,8294,2021-06-23 14:05:00,BLCT
6.63,6.67,6.63,6.65,1317,2021-06-23 14:10:00,BLCT
6.6642,6.6654,6.63,6.6408,2400,2021-06-23 14:15:00,BLCT
6.63,6.665,6.625,6.63,17000,2021-06-23 14:20:00,BLCT
6.635,6.64,6.63,6.635,11300,2021-06-23 14:25:00,BLCT
6.63,6.6394,6.62,6.625,17676,2021-06-23 14:30:00,BLCT
6.625,6.625,6.625,6.625,600,2021-06-23 14:35:00,BLCT
6.6207,6.63,6.6207,6.625,900,2021-06-23 14:40:00,BLCT
6.63,6.65,6.55,6.55,111760,2021-06-23 14:45:00,BLCT
6.545,6.57,6.54,6.54,2500,2021-06-23 14:50:00,BLCT
6.57,6.6,6.545,6.6,5076,2021-06-23 14:55:00,BLCT
6.61,6.62,6.6,6.615,3152,2021-06-23 15:00:00,BLCT
6.59,6.64,6.58,6.61,14603,2021-06-23 15:05:00,BLCT
6.6,6.6,6.56,6.56,5300,2021-06-23 15:10:00,BLCT
6.59,6.6,6.57,6.6,7254,2021-06-23 15:15:00,BLCT
6.6,6.6,6.582,6.583,2667,2021-06-23 15:20:00,BLCT
6.55,6.5894,6.53,6.53,1617,2021-06-23 15:25:00,BLCT
6.57,6.5765,6.53,6.54,1800,2021-06-23 15:30:00,BLCT
6.52,6.52,6.52,6.52,200,2021-06-23 15:35:00,BLCT
6.521,6.56,6.51,6.51,5714,2021-06-23 15:40:00,BLCT
6.52,6.52,6.5,6.5,450,2021-06-23 15:45:00,BLCT
6.5,6.5,6.5,6.5,300,2021-06-23 15:50:00,BLCT
6.5322,6.5399,6.52,6.525,5050,2021-06-23 15:55:00,BLCT
6.525,6.525,6.525,6.525,100,2021-06-23 16:00:00,BLCT
6.54,6.54,6.51,6.51,900,2021-06-23 16:05:00,BLCT
6.5,6.505,6.47,6.47,8138,2021-06-23 16:15:00,BLCT
6.46,6.48,6.46,6.46,1848,2021-06-23 16:20:00,BLCT
6.49,6.49,6.46,6.4684,2200,2021-06-23 16:25:00,BLCT
6.46,6.46,6.43,6.43,2767,2021-06-23 16:30:00,BLCT
6.43,6.43,6.38,6.38,5219,2021-06-23 16:35:00,BLCT
6.384,6.44,6.384,6.44,4500,2021-06-23 16:40:00,BLCT
6.41,6.43,6.4,6.43,1200,2021-06-23 16:45:00,BLCT
6.4,6.4687,6.4,6.4687,2100,2021-06-23 16:50:00,BLCT
6.45,6.4506,6.42,6.45,2100,2021-06-23 16:55:00,BLCT
6.409,6.4199,6.4,6.4199,4550,2021-06-23 17:00:00,BLCT
6.4073,6.4073,6.4,6.405,300,2021-06-23 17:05:00,BLCT
6.4099,6.41,6.4,6.4,650,2021-06-23 17:10:00,BLCT
6.41,6.44,6.41,6.44,1400,2021-06-23 17:15:00,BLCT
6.4372,6.4372,6.41,6.41,1600,2021-06-23 17:20:00,BLCT
6.41,6.41,6.38,6.39,6992,2021-06-23 17:25:00,BLCT
6.38,6.3899,6.38,6.3899,500,2021-06-23 17:30:00,BLCT
6.39,6.4199,6.3873,6.4075,3000,2021-06-23 17:35:00,BLCT
6.41,6.41,6.4,6.4,400,2021-06-23 17:40:00,BLCT
6.39,6.39,6.39,6.39,100,2021-06-23 17:45:00,BLCT
6.39,6.39,6.39,6.39,918,2021-06-23 17:50:00,BLCT
6.37,6.4,6.36,6.37,4694,2021-06-23 17:55:00,BLCT
6.36,6.38,6.36,6.38,2340,2021-06-23 18:00:00,BLCT
6.37,6.38,6.365,6.365,548,2021-06-23 18:05:00,BLCT
6.37,6.37,6.36,6.36,200,2021-06-23 18:10:00,BLCT
6.3708,6.3708,6.34,6.34,6909,2021-06-23 18:15:00,BLCT
6.363,6.3697,6.36,6.3697,800,2021-06-23 18:20:00,BLCT
6.38,6.38,6.38,6.38,1000,2021-06-23 18:25:00,BLCT
6.39,6.39,6.3662,6.375,1500,2021-06-23 18:30:00,BLCT
6.39,6.39,6.3842,6.39,599,2021-06-23 18:35:00,BLCT
6.36,6.3773,6.35,6.3773,1600,2021-06-23 18:40:00,BLCT
6.3675,6.38,6.3675,6.37,800,2021-06-23 18:45:00,BLCT
6.36,6.36,6.36,6.36,1300,2021-06-23 18:50:00,BLCT
6.36,6.39,6.36,6.3686,1179,2021-06-23 19:00:00,BLCT
6.37,6.37,6.37,6.37,100,2021-06-23 19:05:00,BLCT
6.37,6.38,6.37,6.38,1200,2021-06-23 19:10:00,BLCT
6.37,6.385,6.37,6.385,300,2021-06-23 19:15:00,BLCT
6.385,6.39,6.385,6.385,900,2021-06-23 19:20:00,BLCT
6.38,6.39,6.38,6.39,1400,2021-06-23 19:25:00,BLCT
6.385,6.39,6.385,6.385,1078,2021-06-23 19:30:00,BLCT
6.39,6.4,6.3875,6.39,6307,2021-06-23 19:35:00,BLCT
6.395,6.395,6.37,6.37,2378,2021-06-23 19:40:00,BLCT
6.38,6.38,6.36,6.36,5480,2021-06-23 19:45:00,BLCT
6.37,6.38,6.36,6.36,3786,2021-06-23 19:50:00,BLCT
6.36,6.38,6.35,6.37,7128,2021-06-23 19:55:00,BLCT
6.38,6.64,6.38,6.64,6356,2021-06-23 20:00:00,BLCT
6.47,6.47,6.45,6.45,300,2021-06-23 20:20:00,BLCT
6.53,6.53,6.53,6.53,500,2021-06-23 20:50:00,BLCT
6.53,6.53,6.47,6.47,274,2021-06-23 20:55:00,BLCT
6.46,6.46,6.46,6.46,250,2021-06-23 22:55:00,BLCT
6.59,6.59,6.59,6.59,100,2021-06-24 11:15:00,BLCT
6.5,6.5,6.5,6.5,100,2021-06-24 11:45:00,BLCT
6.48,6.48,6.48,6.48,400,2021-06-24 11:50:00,BLCT
6.51,6.573,6.51,6.573,13096,2021-06-24 13:30:00,BLCT
6.55,6.57,6.55,6.5523,6499,2021-06-24 13:35:00,BLCT
6.58,6.6499,6.5635,6.6499,4851,2021-06-24 13:40:00,BLCT
6.59,6.65,6.59,6.6435,7740,2021-06-24 13:45:00,BLCT
6.65,6.65,6.61,6.635,1899,2021-06-24 13:50:00,BLCT
6.64,6.7,6.6399,6.7,12535,2021-06-24 13:55:00,BLCT
6.7,6.8399,6.7,6.7401,14620,2021-06-24 14:00:00,BLCT
6.75,6.83,6.7498,6.83,3560,2021-06-24 14:05:00,BLCT
6.82,6.83,6.73,6.73,10536,2021-06-24 14:10:00,BLCT
6.73,6.75,6.73,6.75,230,2021-06-24 14:15:00,BLCT
6.8,6.89,6.79,6.85,6792,2021-06-24 14:20:00,BLCT
6.8785,6.91,6.83,6.9,9397,2021-06-24 14:25:00,BLCT
6.8964,6.925,6.8614,6.8614,5762,2021-06-24 14:30:00,BLCT
6.87,6.8738,6.87,6.87,700,2021-06-24 14:35:00,BLCT
6.87,6.91,6.85,6.91,2120,2021-06-24 14:40:00,BLCT
6.8601,7.0499,6.8601,7.02,22257,2021-06-24 14:45:00,BLCT
7.04,7.1399,7.025,7.03,12658,2021-06-24 14:50:00,BLCT
7.03,7.1099,7.03,7.1099,4299,2021-06-24 14:55:00,BLCT
7.11,7.11,6.96,7.0,6489,2021-06-24 15:00:00,BLCT
7.0,7.04,6.97,7.0,4841,2021-06-24 15:05:00,BLCT
7.035,7.04,7.01,7.04,4688,2021-06-24 15:10:00,BLCT
7.0399,7.0399,6.96,6.97,1100,2021-06-24 15:15:00,BLCT
6.965,7.03,6.92,6.97,4020,2021-06-24 15:20:00,BLCT
6.92,7.0,6.92,7.0,1051,2021-06-24 15:25:00,BLCT
7.0,7.0,6.92,7.0,445,2021-06-24 15:30:00,BLCT
6.99,6.99,6.99,6.99,300,2021-06-24 15:35:00,BLCT
6.9899,6.9899,6.94,6.94,1200,2021-06-24 15:40:00,BLCT
6.98,6.98,6.9364,6.98,2150,2021-06-24 15:45:00,BLCT
6.9761,7.0,6.95,7.0,3059,2021-06-24 15:50:00,BLCT
7.0,7.0,6.95,7.0,4485,2021-06-24 15:55:00,BLCT
6.9946,6.9946,6.92,6.92,8272,2021-06-24 16:00:00,BLCT
6.97,6.97,6.951,6.951,2700,2021-06-24 16:05:00,BLCT
6.95,6.95,6.945,6.945,400,2021-06-24 16:10:00,BLCT
6.93,6.94,6.92,6.94,1100,2021-06-24 16:15:00,BLCT
6.94,7.0,6.94,6.99,3300,2021-06-24 16:20:00,BLCT
6.9999,6.9999,6.9999,6.9999,100,2021-06-24 16:25:00,BLCT
6.965,6.965,6.965,6.965,100,2021-06-24 16:30:00,BLCT
6.94,6.97,6.94,6.95,4900,2021-06-24 16:40:00,BLCT
6.95,6.95,6.95,6.95,1092,2021-06-24 16:45:00,BLCT
6.92,6.95,6.92,6.95,678,2021-06-24 16:55:00,BLCT
6.92,6.92,6.86,6.9,1100,2021-06-24 17:05:00,BLCT
6.92,6.93,6.92,6.93,927,2021-06-24 17:10:00,BLCT
6.9322,6.9322,6.92,6.92,2500,2021-06-24 17:15:00,BLCT
6.9273,6.93,6.9273,6.93,500,2021-06-24 17:20:00,BLCT
6.93,6.93,6.92,6.9299,2290,2021-06-24 17:25:00,BLCT
6.96,6.96,6.96,6.96,500,2021-06-24 17:40:00,BLCT
6.98,6.98,6.98,6.98,1000,2021-06-24 17:50:00,BLCT
6.98,6.98,6.98,6.98,1303,2021-06-24 18:10:00,BLCT
6.9714,6.9714,6.9714,6.9714,100,2021-06-24 18:15:00,BLCT
6.9999,6.9999,6.9999,6.9999,500,2021-06-24 18:20:00,BLCT
6.985,6.985,6.97,6.97,200,2021-06-24 18:25:00,BLCT
6.985,6.9873,6.96,6.9852,1930,2021-06-24 18:35:00,BLCT
6.9699,6.9699,6.935,6.9595,950,2021-06-24 18:40:00,BLCT
6.92,6.92,6.91,6.91,200,2021-06-24 18:45:00,BLCT
6.9356,6.9356,6.91,6.91,950,2021-06-24 18:50:00,BLCT
6.92,6.94,6.92,6.94,800,2021-06-24 18:55:00,BLCT
6.96,6.97,6.92,6.945,850,2021-06-24 19:00:00,BLCT
6.92,6.93,6.92,6.92,900,2021-06-24 19:05:00,BLCT
6.92,6.92,6.92,6.92,200,2021-06-24 19:10:00,BLCT
6.91,6.9125,6.9,6.9125,900,2021-06-24 19:15:00,BLCT
6.9,6.91,6.9,6.91,800,2021-06-24 19:20:00,BLCT
6.945,6.95,6.92,6.92,700,2021-06-24 19:35:00,BLCT
6.92,6.92,6.87,6.87,2248,2021-06-24 19:40:00,BLCT
6.87,6.9,6.87,6.9,2250,2021-06-24 19:45:00,BLCT
6.91,6.96,6.91,6.96,2058,2021-06-24 19:50:00,BLCT
6.94,6.99,6.92,6.99,9814,2021-06-24 19:55:00,BLCT
6.99,6.99,6.99,6.99,4549,2021-06-24 20:00:00,BLCT
7.0,7.0,7.0,7.0,377,2021-06-24 21:50:00,BLCT
6.91,6.91,6.91,6.91,222,2021-06-24 22:40:00,BLCT
6.99,6.99,6.99,6.99,170,2021-06-25 09:05:00,BLCT
6.99,6.99,6.99,6.99,100,2021-06-25 10:00:00,BLCT
7.0,7.0,6.99,6.99,200,2021-06-25 13:15:00,BLCT
7.09,7.09,7.03,7.055,11143,2021-06-25 13:30:00,BLCT
7.0406,7.05,7.02,7.03,3820,2021-06-25 13:35:00,BLCT
7.04,7.04,7.02,7.02,3009,2021-06-25 13:40:00,BLCT
7.01,7.04,7.0,7.02,65049,2021-06-25 13:45:00,BLCT
7.02,7.09,7.02,7.09,7800,2021-06-25 13:50:00,BLCT
7.0631,7.09,7.02,7.07,5200,2021-06-25 13:55:00,BLCT
7.04,7.0699,7.04,7.04,2017,2021-06-25 14:00:00,BLCT
7.07,7.07,7.06,7.06,3200,2021-06-25 14:05:00,BLCT
7.07,7.07,7.06,7.06,200,2021-06-25 14:10:00,BLCT
7.05,7.059,7.04,7.04,2145,2021-06-25 14:15:00,BLCT
7.04,7.04,6.93,7.0,27668,2021-06-25 14:20:00,BLCT
7.0,7.0399,7.0,7.0399,1925,2021-06-25 14:25:00,BLCT
6.97,7.0399,6.97,7.0,10842,2021-06-25 14:30:00,BLCT
7.0,7.0,7.0,7.0,5908,2021-06-25 14:35:00,BLCT
6.97,6.985,6.97,6.97,8136,2021-06-25 14:40:00,BLCT
6.97,7.0,6.97,7.0,2295,2021-06-25 14:45:00,BLCT
7.0,7.0,6.994,6.994,1401,2021-06-25 14:50:00,BLCT
7.0,7.0,7.0,7.0,7975,2021-06-25 14:55:00,BLCT
7.0,7.0,7.0,7.0,400,2021-06-25 15:00:00,BLCT
7.0,7.0,7.0,7.0,200,2021-06-25 15:05:00,BLCT
6.99,7.0,6.97,7.0,1679,2021-06-25 15:10:00,BLCT
7.0,7.0,7.0,7.0,400,2021-06-25 15:15:00,BLCT
6.99,6.99,6.98,6.98,500,2021-06-25 15:20:00,BLCT
6.98,6.98,6.98,6.98,100,2021-06-25 15:25:00,BLCT
6.97,6.97,6.95,6.95,1400,2021-06-25 15:30:00,BLCT
6.95,6.95,6.9,6.9027,7660,2021-06-25 15:45:00,BLCT
6.93,6.96,6.9273,6.945,2680,2021-06-25 15:50:00,BLCT
6.96,6.97,6.96,6.97,400,2021-06-25 15:55:00,BLCT
6.97,6.97,6.97,6.97,400,2021-06-25 16:00:00,BLCT
6.97,6.97,6.95,6.95,400,2021-06-25 16:05:00,BLCT
6.95,6.9699,6.9372,6.9636,1600,2021-06-25 16:10:00,BLCT
6.93,6.93,6.81,6.8312,20939,2021-06-25 16:15:00,BLCT
6.83,6.85,6.78,6.8364,20465,2021-06-25 16:20:00,BLCT
6.8,6.8038,6.77,6.8,11100,2021-06-25 16:25:00,BLCT
6.77,6.8,6.73,6.74,6876,2021-06-25 16:30:00,BLCT
6.7427,6.77,6.66,6.75,21268,2021-06-25 16:35:00,BLCT
6.7565,6.77,6.67,6.77,3900,2021-06-25 16:40:00,BLCT
6.77,6.84,6.68,6.73,10370,2021-06-25 16:45:00,BLCT
6.79,6.79,6.79,6.79,600,2021-06-25 16:50:00,BLCT
6.781,6.79,6.781,6.79,841,2021-06-25 16:55:00,BLCT
6.7551,6.79,6.7551,6.79,1100,2021-06-25 17:00:00,BLCT
6.79,6.79,6.79,6.79,100,2021-06-25 17:10:00,BLCT
6.79,6.79,6.78,6.78,300,2021-06-25 17:15:00,BLCT
6.78,6.8,6.765,6.765,607,2021-06-25 17:20:00,BLCT
6.7918,6.7918,6.7918,6.7918,514,2021-06-25 17:25:00,BLCT
6.75,6.75,6.75,6.75,200,2021-06-25 17:30:00,BLCT
6.778,6.78,6.7773,6.78,1225,2021-06-25 17:35:00,BLCT
6.77,6.7799,6.75,6.76,700,2021-06-25 17:40:00,BLCT
6.77,6.8,6.76,6.8,1200,2021-06-25 17:45:00,BLCT
6.8,6.8,6.8,6.8,600,2021-06-25 17:50:00,BLCT
6.8,6.8,6.8,6.8,5700,2021-06-25 17:55:00,BLCT
6.8,6.8,6.8,6.8,100,2021-06-25 18:00:00,BLCT
6.8,6.8,6.78,6.8,1300,2021-06-25 18:05:00,BLCT
6.8,6.8,6.8,6.8,600,2021-06-25 18:10:00,BLCT
6.78,6.79,6.78,6.79,700,2021-06-25 18:15:00,BLCT
6.78,6.8,6.78,6.79,1300,2021-06-25 18:20:00,BLCT
6.7999,6.7999,6.7999,6.7999,500,2021-06-25 18:25:00,BLCT
6.79,6.8,6.79,6.8,5751,2021-06-25 18:45:00,BLCT
6.81,6.81,6.8,6.8,200,2021-06-25 18:50:00,BLCT
6.81,6.81,6.81,6.81,100,2021-06-25 18:55:00,BLCT
6.8,6.8,6.79,6.8,3524,2021-06-25 19:05:00,BLCT
6.8099,6.8099,6.79,6.79,2487,2021-06-25 19:15:00,BLCT
6.795,6.8,6.795,6.8,239,2021-06-25 19:20:00,BLCT
6.8,6.8,6.8,6.8,250,2021-06-25 19:25:00,BLCT
6.795,6.795,6.79,6.79,464,2021-06-25 19:30:00,BLCT
6.8,6.8,6.7882,6.7882,500,2021-06-25 19:35:00,BLCT
6.79,6.79,6.79,6.79,100,2021-06-25 19:40:00,BLCT
6.78,6.78,6.77,6.77,2715,2021-06-25 19:45:00,BLCT
6.8,6.8,6.77,6.8,5742,2021-06-25 19:50:00,BLCT
6.8,6.8,6.76,6.76,4096,2021-06-25 19:55:00,BLCT
6.78,6.78,6.7,6.7,7773,2021-06-25 20:00:00,BLCT
6.959,6.959,6.959,6.959,100,2021-06-25 21:05:00,BLCT
6.84,6.84,6.84,6.84,384,2021-06-25 23:55:00,BLCT
6.84,6.84,6.84,6.84,445,2021-06-28 10:10:00,BLCT
6.82,6.83,6.82,6.83,987,2021-06-28 10:45:00,BLCT
6.83,6.83,6.83,6.83,100,2021-06-28 13:05:00,BLCT
6.83,6.83,6.83,6.83,200,2021-06-28 13:20:00,BLCT
6.83,6.84,6.83,6.84,914,2021-06-28 13:25:00,BLCT
6.92,6.95,6.79,6.93,33195,2021-06-28 13:30:00,BLCT
6.94,6.99,6.93,6.99,3528,2021-06-28 13:35:00,BLCT
6.99,6.99,6.9457,6.9457,400,2021-06-28 13:40:00,BLCT
6.93,6.98,6.81,6.81,94313,2021-06-28 13:50:00,BLCT
6.85,6.89,6.81,6.89,9125,2021-06-28 13:55:00,BLCT
6.89,6.94,6.76,6.77,39470,2021-06-28 14:00:00,BLCT
6.75,6.83,6.72,6.8,26647,2021-06-28 14:05:00,BLCT
6.86,6.94,6.85,6.94,15020,2021-06-28 14:10:00,BLCT
6.99,6.99,6.9789,6.99,3350,2021-06-28 14:15:00,BLCT
6.99,6.99,6.91,6.98,8453,2021-06-28 14:20:00,BLCT
6.95,7.05,6.92,7.05,19552,2021-06-28 14:25:00,BLCT
7.03,7.12,7.03,7.12,2378,2021-06-28 14:30:00,BLCT
7.12,7.2,7.1092,7.16,11862,2021-06-28 14:35:00,BLCT
7.15,7.15,7.02,7.09,2200,2021-06-28 14:40:00,BLCT
7.0201,7.05,6.87,6.88,6600,2021-06-28 14:45:00,BLCT
6.87,7.0999,6.87,6.92,2200,2021-06-28 14:50:00,BLCT
6.915,7.0387,6.91,6.94,2288,2021-06-28 14:55:00,BLCT
6.94,6.94,6.94,6.94,500,2021-06-28 15:00:00,BLCT
6.94,6.96,6.94,6.96,500,2021-06-28 15:05:00,BLCT
6.96,6.96,6.96,6.96,500,2021-06-28 15:10:00,BLCT
6.99,7.0,6.98,6.9925,2681,2021-06-28 15:15:00,BLCT
7.0,7.0035,7.0,7.0,1000,2021-06-28 15:20:00,BLCT
7.0035,7.05,7.0,7.0,2300,2021-06-28 15:25:00,BLCT
7.01,7.07,6.96,7.055,5322,2021-06-28 15:30:00,BLCT
7.03,7.03,7.03,7.03,100,2021-06-28 15:35:00,BLCT
7.0335,7.0335,7.03,7.03,800,2021-06-28 15:40:00,BLCT
7.03,7.03,7.03,7.03,100,2021-06-28 15:45:00,BLCT
7.03,7.08,7.03,7.03,500,2021-06-28 15:50:00,BLCT
7.08,7.12,7.08,7.11,3650,2021-06-28 15:55:00,BLCT
7.12,7.15,7.11,7.15,4509,2021-06-28 16:00:00,BLCT
7.14,7.18,7.13,7.18,4914,2021-06-28 16:05:00,BLCT
7.1799,7.1799,7.1601,7.17,380,2021-06-28 16:10:00,BLCT
7.16,7.16,7.16,7.16,600,2021-06-28 16:15:00,BLCT
7.16,7.17,7.16,7.17,1500,2021-06-28 16:20:00,BLCT
7.17,7.235,7.17,7.205,8928,2021-06-28 16:25:00,BLCT
7.1744,7.1744,7.1744,7.1744,175,2021-06-28 16:40:00,BLCT
7.17,7.17,7.17,7.17,100,2021-06-28 16:45:00,BLCT
7.18,7.18,7.18,7.18,300,2021-06-28 16:50:00,BLCT
7.16,7.16,7.16,7.16,100,2021-06-28 16:55:00,BLCT
7.16,7.16,7.16,7.16,1600,2021-06-28 17:00:00,BLCT
7.1684,7.21,7.1684,7.21,3400,2021-06-28 17:05:00,BLCT
7.2,7.25,7.2,7.238,4105,2021-06-28 17:20:00,BLCT
7.24,7.24,7.22,7.22,300,2021-06-28 17:25:00,BLCT
7.27,7.3,7.27,7.2965,1000,2021-06-28 17:35:00,BLCT
7.25,7.25,7.25,7.25,100,2021-06-28 17:40:00,BLCT
7.28,7.31,7.28,7.31,5704,2021-06-28 17:45:00,BLCT
7.32,7.39,7.3,7.38,1000,2021-06-28 17:50:00,BLCT
7.3215,7.342,7.3215,7.342,770,2021-06-28 17:55:00,BLCT
7.33,7.34,7.3299,7.3299,1400,2021-06-28 18:00:00,BLCT
7.3,7.35,7.3,7.35,1435,2021-06-28 18:05:00,BLCT
7.325,7.36,7.325,7.34,3900,2021-06-28 18:10:00,BLCT
7.335,7.34,7.314,7.314,900,2021-06-28 18:20:00,BLCT
7.28,7.28,7.28,7.28,100,2021-06-28 18:30:00,BLCT
7.31,7.31,7.31,7.31,100,2021-06-28 18:40:00,BLCT
7.31,7.33,7.31,7.33,1320,2021-06-28 18:45:00,BLCT
7.3,7.33,7.3,7.33,1150,2021-06-28 19:00:00,BLCT
7.335,7.35,7.29,7.32,1800,2021-06-28 19:05:00,BLCT
7.341,7.341,7.3392,7.3392,200,2021-06-28 19:15:00,BLCT
7.32,7.34,7.31,7.34,1433,2021-06-28 19:20:00,BLCT
7.31,7.32,7.31,7.32,600,2021-06-28 19:25:00,BLCT
7.33,7.38,7.33,7.38,3479,2021-06-28 19:30:00,BLCT
7.39,7.4,7.39,7.4,3366,2021-06-28 19:35:00,BLCT
7.42,7.42,7.39,7.39,601,2021-06-28 19:40:00,BLCT
7.39,7.393,7.32,7.355,1800,2021-06-28 19:45:00,BLCT
7.38,7.42,7.38,7.42,4809,2021-06-28 19:50:00,BLCT
7.37,7.43,7.37,7.43,5205,2021-06-28 19:55:00,BLCT
7.43,7.43,7.43,7.43,7662,2021-06-28 20:00:00,BLCT
7.43,7.43,7.43,7.43,200,2021-06-28 20:30:00,BLCT
7.42,7.42,7.42,7.42,429,2021-06-28 23:25:00,BLCT
7.42,7.42,7.42,7.42,100,2021-06-29 10:45:00,BLCT
7.4,7.4,7.4,7.4,150,2021-06-29 12:10:00,BLCT
7.43,7.43,7.42,7.42,922,2021-06-29 13:25:00,BLCT
7.51,7.51,7.2,7.2,35943,2021-06-29 13:30:00,BLCT
7.205,7.39,7.18,7.285,1654,2021-06-29 13:35:00,BLCT
7.2034,7.3865,7.18,7.18,950,2021-06-29 13:40:00,BLCT
7.18,7.2,7.15,7.16,2025,2021-06-29 13:45:00,BLCT
7.19,7.29,7.19,7.29,1990,2021-06-29 13:50:00,BLCT
7.2219,7.28,7.2219,7.28,206,2021-06-29 13:55:00,BLCT
7.28,7.29,7.28,7.29,1300,2021-06-29 14:00:00,BLCT
7.37,7.38,7.37,7.38,300,2021-06-29 14:05:00,BLCT
7.3,7.3,7.27,7.27,1413,2021-06-29 14:10:00,BLCT
7.27,7.27,7.27,7.27,100,2021-06-29 14:15:00,BLCT
7.2665,7.27,7.22,7.22,2700,2021-06-29 14:20:00,BLCT
7.27,7.28,7.26,7.28,5243,2021-06-29 14:25:00,BLCT
7.3,7.35,7.3,7.35,4513,2021-06-29 14:30:00,BLCT
7.36,7.36,7.34,7.35,4040,2021-06-29 14:35:00,BLCT
7.3464,7.35,7.344,7.35,700,2021-06-29 14:45:00,BLCT
7.35,7.42,7.335,7.36,2623,2021-06-29 14:50:00,BLCT
7.35,7.37,7.32,7.34,2161,2021-06-29 14:55:00,BLCT
7.32,7.3331,7.32,7.3331,200,2021-06-29 15:05:00,BLCT
7.33,7.33,7.33,7.33,200,2021-06-29 15:15:00,BLCT
7.355,7.355,7.355,7.355,100,2021-06-29 15:25:00,BLCT
7.34,7.34,7.34,7.34,100,2021-06-29 15:30:00,BLCT
7.3465,7.3465,7.28,7.28,400,2021-06-29 15:40:00,BLCT
7.33,7.33,7.29,7.29,840,2021-06-29 15:45:00,BLCT
7.28,7.281,7.21,7.22,1200,2021-06-29 15:50:00,BLCT
7.23,7.27,7.21,7.21,530,2021-06-29 15:55:00,BLCT
7.32,7.32,7.21,7.29,900,2021-06-29 16:00:00,BLCT
7.31,7.31,7.31,7.31,800,2021-06-29 16:05:00,BLCT
7.31,7.32,7.31,7.31,600,2021-06-29 16:10:00,BLCT
7.3,7.31,7.3,7.305,300,2021-06-29 16:15:00,BLCT
7.3,7.3,7.29,7.3,400,2021-06-29 16:20:00,BLCT
7.32,7.33,7.29,7.3,2123,2021-06-29 16:25:00,BLCT
7.33,7.33,7.32,7.3294,300,2021-06-29 16:30:00,BLCT
7.33,7.345,7.33,7.345,600,2021-06-29 16:35:00,BLCT
7.345,7.345,7.345,7.345,100,2021-06-29 16:40:00,BLCT
7.35,7.35,7.35,7.35,100,2021-06-29 16:45:00,BLCT
7.35,7.35,7.35,7.35,564,2021-06-29 16:50:00,BLCT
7.35,7.35,7.35,7.35,600,2021-06-29 16:55:00,BLCT
7.35,7.35,7.35,7.35,100,2021-06-29 17:00:00,BLCT
7.35,7.35,7.35,7.35,160,2021-06-29 17:05:00,BLCT
7.33,7.33,7.33,7.33,199,2021-06-29 17:10:00,BLCT
7.33,7.33,7.31,7.31,620,2021-06-29 17:15:00,BLCT
7.315,7.318,7.315,7.318,500,2021-06-29 17:35:00,BLCT
7.335,7.335,7.335,7.335,200,2021-06-29 17:45:00,BLCT
7.32,7.32,7.32,7.32,3250,2021-06-29 18:00:00,BLCT
7.32,7.33,7.32,7.33,1155,2021-06-29 18:05:00,BLCT
7.35,7.36,7.35,7.35,2539,2021-06-29 18:10:00,BLCT
7.36,7.4,7.36,7.4,700,2021-06-29 18:15:00,BLCT
7.3927,7.4,7.3601,7.4,486,2021-06-29 18:20:00,BLCT
7.39,7.39,7.39,7.39,100,2021-06-29 18:25:00,BLCT
7.39,7.39,7.39,7.39,265,2021-06-29 18:30:00,BLCT
7.39,7.4,7.39,7.4,2457,2021-06-29 18:40:00,BLCT
7.39,7.4,7.39,7.4,337,2021-06-29 18:45:00,BLCT
7.4,7.4,7.3637,7.3637,900,2021-06-29 18:50:00,BLCT
7.4,7.4,7.4,7.4,100,2021-06-29 18:55:00,BLCT
7.43,7.43,7.41,7.41,300,2021-06-29 19:05:00,BLCT
7.39,7.39,7.34,7.34,854,2021-06-29 19:10:00,BLCT
7.3897,7.3897,7.3897,7.3897,125,2021-06-29 19:15:00,BLCT
7.39,7.4,7.38,7.4,1000,2021-06-29 19:25:00,BLCT
7.4,7.4,7.4,7.4,100,2021-06-29 19:35:00,BLCT
7.4,7.4,7.37,7.37,200,2021-06-29 19:40:00,BLCT
7.365,7.4,7.365,7.38,700,2021-06-29 19:45:00,BLCT
7.4,7.4,7.33,7.37,2203,2021-06-29 19:50:00,BLCT
7.35,7.39,7.33,7.39,3675,2021-06-29 19:55:00,BLCT
7.39,7.39,7.39,7.39,813,2021-06-29 20:00:00,BLCT
7.39,7.39,7.39,7.39,100,2021-06-29 20:25:00,BLCT
7.39,7.39,7.39,7.39,426,2021-06-29 21:20:00,BLCT
7.44,7.44,7.24,7.24,4440,2021-06-30 13:30:00,BLCT
7.38,7.48,7.38,7.48,5056,2021-06-30 13:35:00,BLCT
7.43,7.45,7.42,7.42,2800,2021-06-30 13:40:00,BLCT
7.47,7.47,7.42,7.42,500,2021-06-30 13:45:00,BLCT
7.42,7.42,7.14,7.26,72255,2021-06-30 13:50:00,BLCT
7.26,7.3,7.15,7.3,2380,2021-06-30 13:55:00,BLCT
7.27,7.315,7.27,7.315,2436,2021-06-30 14:00:00,BLCT
7.3386,7.3386,7.3,7.31,7297,2021-06-30 14:05:00,BLCT
7.31,7.31,7.31,7.31,200,2021-06-30 14:10:00,BLCT
7.2999,7.2999,7.23,7.24,2161,2021-06-30 14:35:00,BLCT
7.24,7.25,7.24,7.25,1948,2021-06-30 14:40:00,BLCT
7.25,7.25,7.25,7.25,200,2021-06-30 14:45:00,BLCT
7.25,7.25,7.25,7.25,1337,2021-06-30 14:50:00,BLCT
7.29,7.34,7.26,7.26,3549,2021-06-30 15:05:00,BLCT
7.26,7.26,7.26,7.26,700,2021-06-30 15:20:00,BLCT
7.34,7.34,7.26,7.26,1300,2021-06-30 15:25:00,BLCT
7.27,7.27,7.27,7.27,300,2021-06-30 15:30:00,BLCT
7.29,7.29,7.27,7.27,400,2021-06-30 15:35:00,BLCT
7.27,7.31,7.27,7.31,2810,2021-06-30 15:40:00,BLCT
7.27,7.27,7.26,7.26,700,2021-06-30 15:45:00,BLCT
7.27,7.27,7.26,7.26,1300,2021-06-30 15:55:00,BLCT
7.26,7.26,7.2,7.25,5051,2021-06-30 16:00:00,BLCT
7.24,7.24,7.24,7.24,100,2021-06-30 16:05:00,BLCT
7.225,7.225,7.225,7.225,100,2021-06-30 16:10:00,BLCT
7.2,7.25,7.2,7.2,2700,2021-06-30 16:15:00,BLCT
7.2,7.2,7.2,7.2,100,2021-06-30 16:20:00,BLCT
7.2,7.22,7.2,7.22,2100,2021-06-30 16:25:00,BLCT
7.2,7.2,7.2,7.2,100,2021-06-30 16:30:00,BLCT
7.2,7.2,7.2,7.2,200,2021-06-30 16:35:00,BLCT
7.2,7.21,7.2,7.2,300,2021-06-30 16:40:00,BLCT
7.21,7.2352,7.2,7.2352,2300,2021-06-30 16:45:00,BLCT
7.24,7.24,7.24,7.24,200,2021-06-30 16:50:00,BLCT
7.2,7.2,7.2,7.2,100,2021-06-30 17:00:00,BLCT
7.2,7.2,7.2,7.2,100,2021-06-30 17:10:00,BLCT
7.2,7.2,7.16,7.16,25008,2021-06-30 17:15:00,BLCT
7.21,7.24,7.21,7.24,500,2021-06-30 17:20:00,BLCT
7.24,7.24,7.24,7.24,200,2021-06-30 17:25:00,BLCT
7.24,7.24,7.24,7.24,1100,2021-06-30 17:30:00,BLCT
7.25,7.25,7.25,7.25,100,2021-06-30 17:35:00,BLCT
7.21,7.21,7.205,7.205,200,2021-06-30 17:40:00,BLCT
7.2,7.26,7.2,7.26,1078,2021-06-30 17:55:00,BLCT
7.24,7.24,7.24,7.24,100,2021-06-30 18:35:00,BLCT
7.25,7.29,7.25,7.29,17422,2021-06-30 18:55:00,BLCT
7.31,7.31,7.31,7.31,100,2021-06-30 19:00:00,BLCT
7.3,7.35,7.29,7.33,1860,2021-06-30 19:05:00,BLCT
7.33,7.33,7.29,7.29,200,2021-06-30 19:15:00,BLCT
7.28,7.33,7.28,7.33,400,2021-06-30 19:25:00,BLCT
7.295,7.295,7.295,7.295,100,2021-06-30 19:30:00,BLCT
7.275,7.39,7.26,7.39,16907,2021-06-30 19:45:00,BLCT
7.4,7.44,7.36,7.44,7471,2021-06-30 19:50:00,BLCT
7.44,7.47,7.43,7.47,8083,2021-06-30 19:55:00,BLCT
7.48,7.48,7.48,7.48,18425,2021-06-30 20:00:00,BLCT
7.48,7.48,7.48,7.48,100,2021-07-01 09:20:00,BLCT
7.48,7.48,7.48,7.48,214,2021-07-01 11:20:00,BLCT
7.48,7.48,7.48,7.48,2489,2021-07-01 13:25:00,BLCT
7.48,7.5,7.48,7.49,5994,2021-07-01 13:30:00,BLCT
7.48,7.49,7.48,7.48,3116,2021-07-01 13:35:00,BLCT
7.48,7.5,7.48,7.5,4037,2021-07-01 13:40:00,BLCT
7.48,7.579,7.48,7.53,4834,2021-07-01 13:45:00,BLCT
7.5113,7.53,7.5,7.5,1000,2021-07-01 13:50:00,BLCT
7.5,7.5,7.48,7.48,2694,2021-07-01 13:55:00,BLCT
7.4298,7.4298,7.41,7.4119,450,2021-07-01 14:00:00,BLCT
7.4,7.415,7.4,7.415,400,2021-07-01 14:05:00,BLCT
7.4,7.4,7.3669,7.3669,1100,2021-07-01 14:10:00,BLCT
7.3,7.34,7.29,7.29,619,2021-07-01 14:20:00,BLCT
7.29,7.29,7.29,7.29,800,2021-07-01 14:25:00,BLCT
7.22,7.2868,7.22,7.27,1600,2021-07-01 14:30:00,BLCT
7.23,7.26,7.23,7.23,4203,2021-07-01 14:35:00,BLCT
7.23,7.25,7.23,7.25,825,2021-07-01 14:40:00,BLCT
7.24,7.24,7.23,7.232,1200,2021-07-01 14:45:00,BLCT
7.23,7.23,7.2,7.2,1035,2021-07-01 14:50:00,BLCT
7.16,7.16,7.16,7.16,900,2021-07-01 14:55:00,BLCT
7.17,7.17,7.17,7.17,200,2021-07-01 15:00:00,BLCT
7.17,7.17,7.15,7.15,200,2021-07-01 15:05:00,BLCT
7.15,7.2,7.12,7.155,2786,2021-07-01 15:10:00,BLCT
7.2279,7.2279,7.2279,7.2279,900,2021-07-01 15:15:00,BLCT
7.13,7.18,7.11,7.13,600,2021-07-01 15:20:00,BLCT
7.13,7.13,7.13,7.13,200,2021-07-01 15:25:00,BLCT
7.13,7.13,7.115,7.12,1318,2021-07-01 15:30:00,BLCT
7.123,7.123,7.123,7.123,200,2021-07-01 15:35:00,BLCT
7.16,7.16,7.1362,7.1362,1100,2021-07-01 15:40:00,BLCT
7.115,7.115,7.115,7.115,100,2021-07-01 15:45:00,BLCT
7.12,7.12,7.11,7.11,475,2021-07-01 15:50:00,BLCT
7.11,7.11,7.11,7.11,100,2021-07-01 15:55:00,BLCT
7.13,7.13,7.13,7.13,200,2021-07-01 16:00:00,BLCT
7.125,7.125,7.125,7.125,200,2021-07-01 16:05:00,BLCT
7.11,7.11,7.1,7.1,2289,2021-07-01 16:10:00,BLCT
7.15,7.15,7.13,7.13,200,2021-07-01 16:25:00,BLCT
7.12,7.12,7.06,7.06,2400,2021-07-01 16:30:00,BLCT
7.05,7.06,7.05,7.06,500,2021-07-01 16:35:00,BLCT
7.06,7.06,7.06,7.06,400,2021-07-01 16:40:00,BLCT
7.06,7.06,7.06,7.06,100,2021-07-01 16:45:00,BLCT
7.06,7.06,7.05,7.06,5493,2021-07-01 16:50:00,BLCT
7.09,7.1,7.09,7.1,1300,2021-07-01 17:00:00,BLCT
7.1,7.17,7.1,7.17,800,2021-07-01 17:05:00,BLCT
7.11,7.16,7.1,7.16,1150,2021-07-01 17:15:00,BLCT
7.11,7.11,7.1,7.1,300,2021-07-01 17:20:00,BLCT
7.16,7.16,7.1,7.1,2600,2021-07-01 17:25:00,BLCT
7.08,7.08,7.08,7.08,100,2021-07-01 17:30:00,BLCT
7.08,7.12,7.08,7.12,500,2021-07-01 17:35:00,BLCT
7.13,7.14,7.13,7.14,200,2021-07-01 17:45:00,BLCT
7.1,7.1,7.1,7.1,100,2021-07-01 17:50:00,BLCT
7.16,7.16,7.16,7.16,100,2021-07-01 17:55:00,BLCT
7.14,7.14,7.14,7.14,120,2021-07-01 18:00:00,BLCT
7.15,7.19,7.15,7.19,1200,2021-07-01 18:05:00,BLCT
7.1623,7.1623,7.1623,7.1623,300,2021-07-01 18:15:00,BLCT
7.15,7.15,7.15,7.15,425,2021-07-01 18:20:00,BLCT
7.15,7.15,7.15,7.15,100,2021-07-01 18:25:00,BLCT
7.15,7.15,7.15,7.15,100,2021-07-01 18:30:00,BLCT
7.15,7.15,7.15,7.15,100,2021-07-01 18:35:00,BLCT
7.1,7.1,7.1,7.1,100,2021-07-01 18:40:00,BLCT
7.1,7.11,7.1,7.11,200,2021-07-01 18:45:00,BLCT
7.1,7.11,7.1,7.11,300,2021-07-01 18:50:00,BLCT
7.1,7.1,7.1,7.1,578,2021-07-01 18:55:00,BLCT
7.1,7.1,7.1,7.1,100,2021-07-01 19:00:00,BLCT
7.135,7.17,7.135,7.16,923,2021-07-01 19:05:00,BLCT
7.12,7.12,7.12,7.12,100,2021-07-01 19:20:00,BLCT
7.12,7.12,7.12,7.12,100,2021-07-01 19:25:00,BLCT
7.12,7.13,7.12,7.13,200,2021-07-01 19:30:00,BLCT
7.12,7.12,7.12,7.12,421,2021-07-01 19:35:00,BLCT
7.12,7.12,7.1,7.1,400,2021-07-01 19:45:00,BLCT
7.14,7.14,7.11,7.14,1664,2021-07-01 19:50:00,BLCT
7.12,7.15,7.12,7.12,900,2021-07-01 19:55:00,BLCT
7.15,7.15,7.15,7.15,504,2021-07-01 20:00:00,BLCT
7.15,7.15,7.15,7.15,101,2021-07-02 13:25:00,BLCT
7.25,7.25,7.25,7.25,3206,2021-07-02 13:30:00,BLCT
7.25,7.25,7.25,7.25,500,2021-07-02 13:40:00,BLCT
7.21,7.21,7.13,7.13,1200,2021-07-02 13:45:00,BLCT
7.2,7.24,7.2,7.24,400,2021-07-02 13:50:00,BLCT
7.19,7.19,7.15,7.15,800,2021-07-02 14:00:00,BLCT
7.13,7.13,7.12,7.12,1000,2021-07-02 14:05:00,BLCT
7.0701,7.0701,7.0701,7.0701,500,2021-07-02 14:15:00,BLCT
7.16,7.16,7.16,7.16,200,2021-07-02 14:20:00,BLCT
7.15,7.18,7.15,7.18,425,2021-07-02 14:25:00,BLCT
7.1,7.1,7.1,7.1,200,2021-07-02 14:30:00,BLCT
7.0802,7.0802,7.0802,7.0802,3000,2021-07-02 15:55:00,BLCT
7.09,7.09,7.0835,7.09,500,2021-07-02 16:00:00,BLCT
7.0835,7.085,7.08,7.08,1700,2021-07-02 16:05:00,BLCT
7.085,7.085,7.08,7.08,1000,2021-07-02 16:15:00,BLCT
7.08,7.08,7.08,7.08,100,2021-07-02 16:20:00,BLCT
7.08,7.115,7.08,7.115,1100,2021-07-02 16:25:00,BLCT
7.08,7.115,7.08,7.115,400,2021-07-02 16:30:00,BLCT
7.13,7.13,7.13,7.13,100,2021-07-02 16:35:00,BLCT
7.12,7.12,7.12,7.12,400,2021-07-02 16:45:00,BLCT
7.08,7.08,7.08,7.08,410,2021-07-02 16:55:00,BLCT
7.0715,7.0715,7.0715,7.0715,126,2021-07-02 17:25:00,BLCT
7.08,7.08,7.0589,7.0589,750,2021-07-02 17:30:00,BLCT
7.07,7.07,7.07,7.07,100,2021-07-02 17:40:00,BLCT
7.08,7.08,7.08,7.08,100,2021-07-02 17:45:00,BLCT
7.068,7.068,7.068,7.068,500,2021-07-02 17:55:00,BLCT
7.0583,7.0583,7.0583,7.0583,150,2021-07-02 18:00:00,BLCT
7.0535,7.07,7.05,7.05,500,2021-07-02 18:05:00,BLCT
7.085,7.085,7.085,7.085,100,2021-07-02 18:15:00,BLCT
7.06,7.06,7.06,7.06,100,2021-07-02 18:20:00,BLCT
7.09,7.09,7.071,7.071,200,2021-07-02 19:15:00,BLCT
7.07,7.07,7.07,7.07,499,2021-07-02 19:20:00,BLCT
7.09,7.1,7.09,7.1,200,2021-07-02 19:35:00,BLCT
7.075,7.075,7.075,7.075,500,2021-07-02 19:40:00,BLCT
7.1,7.1,7.09,7.1,400,2021-07-02 19:50:00,BLCT
7.1,7.14,7.05,7.07,4743,2021-07-02 19:55:00,BLCT
7.1,7.1,7.1,7.1,3075,2021-07-02 20:00:00,BLCT
6.98,6.98,6.98,6.98,100,2021-07-06 12:05:00,BLCT
7.0,7.0,7.0,7.0,100,2021-07-06 13:10:00,BLCT
7.0,7.0,7.0,7.0,411,2021-07-06 13:25:00,BLCT
7.02,7.09,7.02,7.08,4352,2021-07-06 13:30:00,BLCT
7.08,7.08,6.9901,6.9901,5229,2021-07-06 13:35:00,BLCT
7.015,7.015,6.9,6.9,6435,2021-07-06 13:40:00,BLCT
6.9,6.95,6.9,6.95,5150,2021-07-06 13:45:00,BLCT
6.925,6.95,6.9061,6.91,2914,2021-07-06 13:50:00,BLCT
6.91,6.93,6.9,6.9,8278,2021-07-06 13:55:00,BLCT
6.855,6.905,6.85,6.905,1047,2021-07-06 14:00:00,BLCT
6.93,6.95,6.9,6.95,4622,2021-07-06 14:05:00,BLCT
6.95,6.95,6.9025,6.91,4935,2021-07-06 14:10:00,BLCT
6.91,6.92,6.9075,6.915,3710,2021-07-06 14:15:00,BLCT
6.91,6.93,6.9,6.93,1500,2021-07-06 14:20:00,BLCT
6.9264,6.9264,6.9,6.9,5116,2021-07-06 14:25:00,BLCT
6.9011,6.905,6.85,6.85,17901,2021-07-06 14:30:00,BLCT
6.865,6.8673,6.82,6.84,2100,2021-07-06 14:35:00,BLCT
6.85,6.86,6.82,6.8425,2793,2021-07-06 14:40:00,BLCT
6.86,6.96,6.86,6.96,6850,2021-07-06 14:45:00,BLCT
6.959,7.02,6.959,7.02,2500,2021-07-06 14:50:00,BLCT
6.98,6.98,6.93,6.98,2422,2021-07-06 15:05:00,BLCT
6.98,7.02,6.9636,7.02,3789,2021-07-06 15:10:00,BLCT
7.0186,7.055,7.01,7.01,900,2021-07-06 15:15:00,BLCT
7.02,7.02,6.96,7.01,3300,2021-07-06 15:20:00,BLCT
6.95,7.04,6.94,7.04,2400,2021-07-06 15:25:00,BLCT
7.0265,7.0265,6.98,6.98,1410,2021-07-06 15:30:00,BLCT
7.015,7.04,7.015,7.04,1100,2021-07-06 15:35:00,BLCT
7.035,7.06,7.035,7.06,700,2021-07-06 15:40:00,BLCT
7.0263,7.0263,7.0263,7.0263,100,2021-07-06 15:45:00,BLCT
7.02,7.03,7.02,7.03,1200,2021-07-06 15:50:00,BLCT
7.05,7.06,7.0465,7.0473,3173,2021-07-06 15:55:00,BLCT
7.04,7.12,7.04,7.12,13352,2021-07-06 16:00:00,BLCT
7.225,7.23,7.225,7.23,300,2021-07-06 16:10:00,BLCT
7.24,7.24,7.12,7.12,1000,2021-07-06 16:15:00,BLCT
7.145,7.145,7.04,7.04,875,2021-07-06 16:20:00,BLCT
7.145,7.145,7.145,7.145,200,2021-07-06 16:25:00,BLCT
7.145,7.145,7.01,7.01,350,2021-07-06 16:30:00,BLCT
7.02,7.07,7.02,7.07,500,2021-07-06 16:35:00,BLCT
7.0101,7.03,7.0101,7.02,350,2021-07-06 16:40:00,BLCT
7.01,7.03,7.01,7.03,4500,2021-07-06 16:45:00,BLCT
7.0725,7.09,7.03,7.065,500,2021-07-06 16:50:00,BLCT
7.0965,7.11,7.065,7.1,3100,2021-07-06 16:55:00,BLCT
7.07,7.07,7.07,7.07,1300,2021-07-06 17:00:00,BLCT
7.03,7.04,7.03,7.035,537,2021-07-06 17:05:00,BLCT
7.06,7.06,7.02,7.02,200,2021-07-06 17:10:00,BLCT
7.02,7.07,7.02,7.07,600,2021-07-06 17:15:00,BLCT
7.02,7.02,7.02,7.02,100,2021-07-06 17:20:00,BLCT
7.02,7.02,7.02,7.02,100,2021-07-06 17:25:00,BLCT
7.02,7.04,7.02,7.04,200,2021-07-06 17:30:00,BLCT
7.01,7.04,7.01,7.04,200,2021-07-06 17:35:00,BLCT
7.01,7.01,7.01,7.01,100,2021-07-06 17:45:00,BLCT
7.01,7.07,7.01,7.01,300,2021-07-06 17:50:00,BLCT
7.04,7.04,7.04,7.04,100,2021-07-06 17:55:00,BLCT
7.055,7.055,7.055,7.055,300,2021-07-06 18:00:00,BLCT
7.055,7.055,7.055,7.055,100,2021-07-06 18:10:00,BLCT
7.05,7.075,7.035,7.075,400,2021-07-06 18:15:00,BLCT
7.04,7.04,7.04,7.04,200,2021-07-06 18:25:00,BLCT
7.05,7.05,7.05,7.05,100,2021-07-06 18:30:00,BLCT
7.01,7.01,7.01,7.01,100,2021-07-06 18:35:00,BLCT
7.0599,7.07,7.04,7.07,2700,2021-07-06 18:40:00,BLCT
7.07,7.07,7.07,7.07,100,2021-07-06 18:50:00,BLCT
7.07,7.07,7.07,7.07,200,2021-07-06 18:55:00,BLCT
7.04,7.04,7.04,7.04,100,2021-07-06 19:00:00,BLCT
7.075,7.075,7.075,7.075,200,2021-07-06 19:10:00,BLCT
7.075,7.08,7.01,7.04,500,2021-07-06 19:15:00,BLCT
7.07,7.07,7.07,7.07,200,2021-07-06 19:20:00,BLCT
7.01,7.01,7.01,7.01,100,2021-07-06 19:25:00,BLCT
7.001,7.035,7.0,7.02,2400,2021-07-06 19:30:00,BLCT
7.04,7.04,7.0,7.0,500,2021-07-06 19:35:00,BLCT
7.0,7.01,7.0,7.0,300,2021-07-06 19:40:00,BLCT
7.02,7.07,7.0,7.02,1400,2021-07-06 19:45:00,BLCT
7.055,7.06,7.055,7.06,2000,2021-07-06 19:50:00,BLCT
7.06,7.11,7.06,7.11,3294,2021-07-06 19:55:00,BLCT
7.08,7.08,7.08,7.08,1163,2021-07-06 20:00:00,BLCT
7.12,7.12,6.99,7.08,2393,2021-07-07 13:30:00,BLCT
7.0,7.08,6.98,7.08,900,2021-07-07 13:35:00,BLCT
7.03,7.05,6.97,7.0,5500,2021-07-07 13:40:00,BLCT
6.96,7.045,6.96,7.01,2300,2021-07-07 13:45:00,BLCT
6.985,6.985,6.98,6.98,300,2021-07-07 13:50:00,BLCT
6.98,6.98,6.97,6.97,7900,2021-07-07 13:55:00,BLCT
6.97,6.97,6.96,6.97,16473,2021-07-07 14:00:00,BLCT
6.97,6.97,6.91,6.91,16594,2021-07-07 14:05:00,BLCT
6.92,6.96,6.9135,6.96,3100,2021-07-07 14:10:00,BLCT
7.01,7.01,6.97,7.0,800,2021-07-07 14:15:00,BLCT
7.07,7.07,6.97,6.97,4200,2021-07-07 14:20:00,BLCT
6.96,6.96,6.92,6.92,18237,2021-07-07 14:25:00,BLCT
6.92,6.92,6.9,6.9,25432,2021-07-07 14:30:00,BLCT
6.9,6.9,6.85,6.89,4077,2021-07-07 14:35:00,BLCT
6.91,6.95,6.91,6.95,2100,2021-07-07 14:40:00,BLCT
6.9335,6.94,6.93,6.93,1600,2021-07-07 14:45:00,BLCT
6.8905,6.8905,6.88,6.88,600,2021-07-07 14:50:00,BLCT
6.96,6.96,6.88,6.89,2990,2021-07-07 14:55:00,BLCT
6.92,6.92,6.92,6.92,300,2021-07-07 15:00:00,BLCT
6.92,6.92,6.92,6.92,500,2021-07-07 15:10:00,BLCT
6.93,6.94,6.9,6.9,400,2021-07-07 15:15:00,BLCT
6.87,6.87,6.87,6.87,479,2021-07-07 15:20:00,BLCT
6.88,6.88,6.86,6.86,300,2021-07-07 15:25:00,BLCT
6.875,6.88,6.86,6.88,1400,2021-07-07 15:40:00,BLCT
6.86,6.88,6.86,6.88,200,2021-07-07 15:45:00,BLCT
6.88,6.9,6.88,6.89,2500,2021-07-07 15:50:00,BLCT
6.88,6.88,6.88,6.88,300,2021-07-07 15:55:00,BLCT
6.8835,6.8838,6.85,6.85,600,2021-07-07 16:00:00,BLCT
6.8794,6.8794,6.85,6.85,200,2021-07-07 16:05:00,BLCT
6.86,6.87,6.86,6.87,200,2021-07-07 16:10:00,BLCT
6.87,6.87,6.86,6.86,800,2021-07-07 16:15:00,BLCT
6.85,6.86,6.85,6.86,300,2021-07-07 16:20:00,BLCT
6.875,6.875,6.875,6.875,100,2021-07-07 16:25:00,BLCT
6.86,6.86,6.85,6.85,700,2021-07-07 16:30:00,BLCT
6.87,6.9,6.87,6.9,1700,2021-07-07 16:35:00,BLCT
6.8835,6.89,6.88,6.88,2093,2021-07-07 16:40:00,BLCT
6.86,6.86,6.86,6.86,200,2021-07-07 16:45:00,BLCT
6.86,6.86,6.86,6.86,200,2021-07-07 16:50:00,BLCT
6.86,6.86,6.86,6.86,100,2021-07-07 16:55:00,BLCT
6.86,6.87,6.86,6.87,200,2021-07-07 17:00:00,BLCT
6.86,6.86,6.86,6.86,300,2021-07-07 17:05:00,BLCT
6.87,6.87,6.86,6.86,200,2021-07-07 17:10:00,BLCT
6.86,6.86,6.86,6.86,100,2021-07-07 17:15:00,BLCT
6.86,6.86,6.86,6.86,1900,2021-07-07 17:20:00,BLCT
6.86,6.86,6.86,6.86,100,2021-07-07 17:25:00,BLCT
6.86,6.86,6.86,6.86,200,2021-07-07 17:30:00,BLCT
6.86,6.86,6.85,6.85,3863,2021-07-07 17:35:00,BLCT
6.85,6.85,6.85,6.85,200,2021-07-07 17:40:00,BLCT
6.85,6.85,6.85,6.85,1200,2021-07-07 17:45:00,BLCT
6.85,6.85,6.85,6.85,2200,2021-07-07 17:50:00,BLCT
6.85,6.85,6.85,6.85,300,2021-07-07 17:55:00,BLCT
6.86,6.86,6.85,6.85,300,2021-07-07 18:00:00,BLCT
6.85,6.85,6.85,6.85,200,2021-07-07 18:05:00,BLCT
6.85,6.86,6.85,6.85,3500,2021-07-07 18:10:00,BLCT
6.85,6.85,6.85,6.85,100,2021-07-07 18:15:00,BLCT
6.85,6.86,6.85,6.86,1200,2021-07-07 18:20:00,BLCT
6.85,6.85,6.85,6.85,200,2021-07-07 18:25:00,BLCT
6.85,6.85,6.85,6.85,100,2021-07-07 18:30:00,BLCT
6.85,6.85,6.85,6.85,500,2021-07-07 18:35:00,BLCT
6.85,6.85,6.85,6.85,100,2021-07-07 18:40:00,BLCT
6.85,6.8561,6.82,6.83,7650,2021-07-07 18:45:00,BLCT
6.83,6.845,6.82,6.82,2092,2021-07-07 18:50:00,BLCT
6.82,6.82,6.8177,6.8177,550,2021-07-07 18:55:00,BLCT
6.82,6.82,6.81,6.81,400,2021-07-07 19:00:00,BLCT
6.81,6.83,6.81,6.83,1100,2021-07-07 19:05:00,BLCT
6.83,6.83,6.83,6.83,202,2021-07-07 19:10:00,BLCT
6.81,6.81,6.81,6.81,100,2021-07-07 19:15:00,BLCT
6.81,6.81,6.81,6.81,300,2021-07-07 19:20:00,BLCT
6.81,6.81,6.81,6.81,1500,2021-07-07 19:25:00,BLCT
6.81,6.81,6.81,6.81,700,2021-07-07 19:30:00,BLCT
6.81,6.81,6.81,6.81,800,2021-07-07 19:35:00,BLCT
6.81,6.82,6.81,6.82,1200,2021-07-07 19:40:00,BLCT
6.8173,6.85,6.8173,6.84,1425,2021-07-07 19:45:00,BLCT
6.83,6.83,6.83,6.83,100,2021-07-07 19:50:00,BLCT
6.82,6.85,6.81,6.82,6477,2021-07-07 19:55:00,BLCT
6.85,6.85,6.85,6.85,1368,2021-07-07 20:00:00,BLCT
6.8,6.8,6.8,6.8,500,2021-07-08 08:10:00,BLCT
6.61,6.61,6.61,6.61,240,2021-07-08 08:15:00,BLCT
6.69,6.69,6.68,6.68,529,2021-07-08 11:40:00,BLCT
6.6,6.6,6.6,6.6,100,2021-07-08 13:20:00,BLCT
6.6,6.67,6.6,6.67,13183,2021-07-08 13:25:00,BLCT
6.68,6.68,6.6005,6.6005,28612,2021-07-08 13:30:00,BLCT
6.61,6.7,6.6,6.66,7436,2021-07-08 13:35:00,BLCT
6.71,6.71,6.71,6.71,250,2021-07-08 13:40:00,BLCT
6.66,6.7,6.66,6.69,18184,2021-07-08 13:45:00,BLCT
6.69,6.7,6.69,6.69,2353,2021-07-08 13:50:00,BLCT
6.69,6.7184,6.69,6.7184,3047,2021-07-08 13:55:00,BLCT
6.72,6.72,6.72,6.72,1619,2021-07-08 14:00:00,BLCT
6.77,6.82,6.75,6.81,19590,2021-07-08 14:05:00,BLCT
6.8,6.84,6.8,6.8,1109,2021-07-08 14:10:00,BLCT
6.8,6.8,6.8,6.8,200,2021-07-08 14:15:00,BLCT
6.81,6.87,6.81,6.87,12991,2021-07-08 14:20:00,BLCT
6.89,7.02,6.89,7.02,5905,2021-07-08 14:25:00,BLCT
7.02,7.075,7.02,7.03,15367,2021-07-08 14:30:00,BLCT
7.04,7.04,7.03,7.03,14845,2021-07-08 14:35:00,BLCT
7.03,7.26,7.03,7.26,14988,2021-07-08 14:40:00,BLCT
7.21,7.3,7.2,7.25,10540,2021-07-08 14:45:00,BLCT
7.25,7.25,7.15,7.185,21472,2021-07-08 14:50:00,BLCT
7.185,7.25,7.17,7.25,9361,2021-07-08 14:55:00,BLCT
7.24,7.32,7.24,7.3,8110,2021-07-08 15:00:00,BLCT
7.3465,7.37,7.33,7.33,2580,2021-07-08 15:05:00,BLCT
7.3246,7.33,7.23,7.2389,33387,2021-07-08 15:10:00,BLCT
7.23,7.23,7.1,7.1408,59648,2021-07-08 15:15:00,BLCT
7.1,7.125,6.96,6.98,30798,2021-07-08 15:20:00,BLCT
6.98,7.0,6.96,6.96,9768,2021-07-08 15:25:00,BLCT
6.97,6.98,6.96,6.96,5700,2021-07-08 15:30:00,BLCT
6.96,6.9792,6.96,6.96,6711,2021-07-08 15:35:00,BLCT
6.99,7.03,6.96,7.02,10316,2021-07-08 15:40:00,BLCT
7.02,7.02,7.0,7.0,981,2021-07-08 15:45:00,BLCT
6.98,7.02,6.98,7.02,6183,2021-07-08 15:50:00,BLCT
7.04,7.05,7.03,7.05,4199,2021-07-08 15:55:00,BLCT
7.04,7.042,7.04,7.042,2593,2021-07-08 16:00:00,BLCT
7.04,7.04,7.04,7.04,100,2021-07-08 16:05:00,BLCT
7.04,7.06,7.04,7.05,692,2021-07-08 16:10:00,BLCT
7.05,7.05,7.05,7.05,100,2021-07-08 16:15:00,BLCT
7.04,7.04,7.0,7.02,1517,2021-07-08 16:20:00,BLCT
7.0,7.0,7.0,7.0,350,2021-07-08 16:25:00,BLCT
7.0,7.0,7.0,7.0,250,2021-07-08 16:30:00,BLCT
7.0,7.0,7.0,7.0,500,2021-07-08 16:35:00,BLCT
7.0035,7.0035,6.97,6.97,5792,2021-07-08 16:40:00,BLCT
6.97,6.98,6.9675,6.9773,2158,2021-07-08 16:45:00,BLCT
6.96,6.96,6.96,6.96,200,2021-07-08 16:50:00,BLCT
6.97,6.97,6.96,6.96,1150,2021-07-08 16:55:00,BLCT
6.96,7.01,6.96,7.01,2579,2021-07-08 17:00:00,BLCT
7.0,7.0,7.0,7.0,1428,2021-07-08 17:15:00,BLCT
6.97,6.97,6.96,6.96,200,2021-07-08 17:20:00,BLCT
6.97,6.97,6.97,6.97,100,2021-07-08 17:25:00,BLCT
6.97,6.98,6.97,6.98,200,2021-07-08 17:30:00,BLCT
6.97,6.97,6.97,6.97,100,2021-07-08 17:35:00,BLCT
6.98,7.0,6.98,7.0,613,2021-07-08 17:40:00,BLCT
6.96,6.96,6.96,6.96,200,2021-07-08 17:50:00,BLCT
6.96,6.96,6.96,6.96,200,2021-07-08 18:00:00,BLCT
6.992,7.0,6.99,7.0,1700,2021-07-08 18:10:00,BLCT
7.03,7.03,6.96,6.96,4258,2021-07-08 18:15:00,BLCT
6.96,7.0145,6.96,7.0145,999,2021-07-08 18:20:00,BLCT
6.96,6.96,6.96,6.96,100,2021-07-08 18:25:00,BLCT
6.96,6.96,6.96,6.96,500,2021-07-08 18:30:00,BLCT
6.96,7.01,6.96,7.01,6659,2021-07-08 18:35:00,BLCT
7.02,7.02,7.02,7.02,500,2021-07-08 18:40:00,BLCT
7.0499,7.0499,6.98,6.98,8446,2021-07-08 18:45:00,BLCT
6.98,6.99,6.98,6.99,300,2021-07-08 18:50:00,BLCT
6.96,6.96,6.96,6.96,100,2021-07-08 18:55:00,BLCT
6.96,7.0,6.96,6.96,6640,2021-07-08 19:00:00,BLCT
6.96,6.96,6.96,6.96,100,2021-07-08 19:10:00,BLCT
6.995,6.995,6.96,6.96,300,2021-07-08 19:15:00,BLCT
6.97,6.97,6.96,6.96,500,2021-07-08 19:20:00,BLCT
6.96,6.96,6.96,6.96,400,2021-07-08 19:25:00,BLCT
6.96,6.96,6.96,6.96,400,2021-07-08 19:30:00,BLCT
6.965,6.97,6.965,6.97,300,2021-07-08 19:35:00,BLCT
6.965,6.965,6.96,6.96,400,2021-07-08 19:40:00,BLCT
6.96,6.965,6.95,6.95,6689,2021-07-08 19:45:00,BLCT
6.95,7.01,6.95,7.01,8956,2021-07-08 19:50:00,BLCT
7.05,7.05,6.96,7.0,7381,2021-07-08 19:55:00,BLCT
7.0,7.0,7.0,7.0,4835,2021-07-08 20:00:00,BLCT
6.92,6.92,6.92,6.92,1003,2021-07-08 20:40:00,BLCT
6.95,6.95,6.95,6.95,2679,2021-07-09 13:30:00,BLCT
6.97,7.06,6.97,7.06,2862,2021-07-09 13:35:00,BLCT
7.05,7.2,7.05,7.05,8978,2021-07-09 13:40:00,BLCT
7.05,7.05,7.05,7.05,100,2021-07-09 13:45:00,BLCT
7.06,7.09,7.05,7.05,16615,2021-07-09 13:50:00,BLCT
7.05,7.07,7.05,7.07,2214,2021-07-09 13:55:00,BLCT
7.065,7.07,7.05,7.05,42409,2021-07-09 14:00:00,BLCT
7.03,7.03,7.03,7.03,300,2021-07-09 14:05:00,BLCT
7.03,7.07,7.03,7.04,21660,2021-07-09 14:10:00,BLCT
7.06,7.06,7.06,7.06,100,2021-07-09 14:15:00,BLCT
7.06,7.06,7.045,7.045,600,2021-07-09 14:25:00,BLCT
7.05,7.07,7.03,7.0692,10574,2021-07-09 14:30:00,BLCT
7.07,7.07,7.07,7.07,4325,2021-07-09 14:35:00,BLCT
7.07,7.07,7.0699,7.0699,370,2021-07-09 14:40:00,BLCT
7.07,7.07,7.07,7.07,100,2021-07-09 14:45:00,BLCT
7.05,7.05,7.05,7.05,1200,2021-07-09 14:55:00,BLCT
7.05,7.07,7.05,7.07,500,2021-07-09 15:00:00,BLCT
7.05,7.06,7.05,7.05,700,2021-07-09 15:05:00,BLCT
7.07,7.07,7.05,7.07,3600,2021-07-09 15:10:00,BLCT
7.05,7.07,7.05,7.07,600,2021-07-09 15:15:00,BLCT
7.07,7.07,7.06,7.06,540,2021-07-09 15:20:00,BLCT
7.065,7.065,7.065,7.065,100,2021-07-09 15:25:00,BLCT
7.06,7.06,7.05,7.05,1845,2021-07-09 15:30:00,BLCT
7.07,7.07,7.05,7.05,2025,2021-07-09 15:35:00,BLCT
7.05,7.05,7.05,7.05,100,2021-07-09 15:40:00,BLCT
7.05,7.05,7.05,7.05,200,2021-07-09 15:45:00,BLCT
7.06,7.06,7.05,7.05,3975,2021-07-09 15:50:00,BLCT
7.05,7.05,7.03,7.05,20376,2021-07-09 15:55:00,BLCT
7.07,7.07,7.03,7.03,6969,2021-07-09 16:05:00,BLCT
7.05,7.05,7.05,7.05,100,2021-07-09 16:10:00,BLCT
7.05,7.05,7.05,7.05,100,2021-07-09 16:15:00,BLCT
7.07,7.07,7.07,7.07,100,2021-07-09 16:25:00,BLCT
7.07,7.07,7.07,7.07,300,2021-07-09 16:30:00,BLCT
7.07,7.07,7.07,7.07,1550,2021-07-09 16:40:00,BLCT
7.06,7.06,7.06,7.06,300,2021-07-09 16:50:00,BLCT
7.06,7.06,7.06,7.06,108,2021-07-09 17:15:00,BLCT
7.07,7.07,7.07,7.07,1575,2021-07-09 17:20:00,BLCT
7.07,7.13,7.06,7.07,4075,2021-07-09 17:25:00,BLCT
7.07,7.07,7.07,7.07,340,2021-07-09 17:35:00,BLCT
7.06,7.06,7.06,7.06,600,2021-07-09 17:50:00,BLCT
7.07,7.1,7.07,7.07,2300,2021-07-09 18:25:00,BLCT
7.0736,7.076,7.0736,7.076,200,2021-07-09 18:35:00,BLCT
7.085,7.085,7.085,7.085,100,2021-07-09 18:40:00,BLCT
7.08,7.08,7.08,7.08,100,2021-07-09 18:55:00,BLCT
7.11,7.11,7.11,7.11,105,2021-07-09 19:00:00,BLCT
7.08,7.08,7.08,7.08,500,2021-07-09 19:15:00,BLCT
7.12,7.17,7.12,7.17,1797,2021-07-09 19:50:00,BLCT
7.17,7.23,7.17,7.22,1279,2021-07-09 19:55:00,BLCT
7.18,7.18,7.18,7.18,851,2021-07-09 20:00:00,BLCT
7.11,7.17,7.11,7.17,500,2021-07-12 13:20:00,BLCT
7.25,7.25,7.13,7.13,3084,2021-07-12 13:30:00,BLCT
7.13,7.13,7.1195,7.1239,812,2021-07-12 13:35:00,BLCT
7.12,7.25,7.11,7.25,23517,2021-07-12 13:40:00,BLCT
7.26,7.26,7.26,7.26,100,2021-07-12 13:50:00,BLCT
7.2682,7.305,7.2682,7.305,2744,2021-07-12 13:55:00,BLCT
7.22,7.22,7.2,7.2,900,2021-07-12 14:00:00,BLCT
7.2,7.2,7.2,7.2,100,2021-07-12 14:05:00,BLCT
7.21,7.21,7.2,7.2,3699,2021-07-12 14:10:00,BLCT
7.2,7.205,7.18,7.1832,37452,2021-07-12 14:15:00,BLCT
7.205,7.205,7.18,7.18,1800,2021-07-12 14:20:00,BLCT
7.18,7.22,7.17,7.22,6341,2021-07-12 14:25:00,BLCT
7.24,7.24,7.24,7.24,100,2021-07-12 14:30:00,BLCT
7.21,7.21,7.2,7.2,500,2021-07-12 14:35:00,BLCT
7.18,7.18,7.18,7.18,200,2021-07-12 14:40:00,BLCT
7.18,7.19,7.18,7.18,1073,2021-07-12 14:45:00,BLCT
7.19,7.2,7.18,7.2,3900,2021-07-12 15:05:00,BLCT
7.18,7.18,7.18,7.18,1100,2021-07-12 15:25:00,BLCT
7.23,7.23,7.23,7.23,100,2021-07-12 15:50:00,BLCT
7.185,7.1926,7.1835,7.1872,1500,2021-07-12 16:15:00,BLCT
7.194,7.195,7.19,7.19,1500,2021-07-12 16:25:00,BLCT
7.19,7.19,7.19,7.19,1800,2021-07-12 16:50:00,BLCT
7.19,7.19,7.19,7.19,300,2021-07-12 16:55:00,BLCT
7.19,7.19,7.19,7.19,100,2021-07-12 17:00:00,BLCT
7.19,7.19,7.19,7.19,600,2021-07-12 17:05:00,BLCT
7.19,7.19,7.19,7.19,100,2021-07-12 17:10:00,BLCT
7.2,7.21,7.2,7.2,400,2021-07-12 17:25:00,BLCT
7.2,7.225,7.1901,7.215,6048,2021-07-12 17:30:00,BLCT
7.215,7.23,7.21,7.225,2636,2021-07-12 17:35:00,BLCT
7.225,7.225,7.225,7.225,200,2021-07-12 17:40:00,BLCT
7.225,7.225,7.225,7.225,300,2021-07-12 17:45:00,BLCT
7.23,7.23,7.225,7.225,200,2021-07-12 17:55:00,BLCT
7.23,7.23,7.23,7.23,100,2021-07-12 18:00:00,BLCT
7.2213,7.23,7.21,7.21,1900,2021-07-12 18:10:00,BLCT
7.2,7.24,7.17,7.17,49126,2021-07-12 18:15:00,BLCT
7.175,7.21,7.175,7.21,4103,2021-07-12 18:20:00,BLCT
7.22,7.22,7.2,7.2,1479,2021-07-12 18:25:00,BLCT
7.19,7.19,7.18,7.18,300,2021-07-12 18:55:00,BLCT
7.19,7.2,7.19,7.2,1362,2021-07-12 19:10:00,BLCT
7.19,7.19,7.19,7.19,100,2021-07-12 19:15:00,BLCT
7.195,7.195,7.195,7.195,267,2021-07-12 19:30:00,BLCT
7.19,7.19,7.19,7.19,1400,2021-07-12 19:35:00,BLCT
7.19,7.19,7.18,7.18,600,2021-07-12 19:40:00,BLCT
7.2,7.2,7.18,7.2,1974,2021-07-12 19:45:00,BLCT
7.2,7.23,7.19,7.23,4421,2021-07-12 19:50:00,BLCT
7.24,7.29,7.24,7.29,12398,2021-07-12 19:55:00,BLCT
7.3,7.3,7.3,7.3,3177,2021-07-12 20:00:00,BLCT
7.21,7.21,7.0201,7.0201,3372,2021-07-13 13:30:00,BLCT
7.22,7.2372,7.2127,7.2127,500,2021-07-13 13:35:00,BLCT
7.215,7.3194,7.2127,7.22,1267,2021-07-13 13:40:00,BLCT
7.22,7.22,7.22,7.22,317,2021-07-13 13:45:00,BLCT
7.23,7.23,7.22,7.22,1117,2021-07-13 13:50:00,BLCT
7.295,7.295,7.22,7.22,1700,2021-07-13 14:00:00,BLCT
7.23,7.23,7.23,7.23,500,2021-07-13 14:05:00,BLCT
7.23,7.26,7.23,7.24,1534,2021-07-13 14:10:00,BLCT
7.27,7.27,7.27,7.27,500,2021-07-13 14:15:00,BLCT
7.24,7.25,7.24,7.24,300,2021-07-13 14:20:00,BLCT
7.23,7.27,7.23,7.2601,3200,2021-07-13 14:25:00,BLCT
7.2735,7.2735,7.27,7.27,440,2021-07-13 14:30:00,BLCT
7.27,7.33,7.27,7.33,2270,2021-07-13 14:35:00,BLCT
7.34,7.35,7.34,7.35,1136,2021-07-13 14:40:00,BLCT
7.37,7.37,7.37,7.37,100,2021-07-13 14:45:00,BLCT
7.37,7.37,7.37,7.37,100,2021-07-13 14:50:00,BLCT
7.34,7.37,7.33,7.33,906,2021-07-13 15:00:00,BLCT
7.34,7.36,7.33,7.33,1766,2021-07-13 15:05:00,BLCT
7.3346,7.38,7.3346,7.38,7777,2021-07-13 15:10:00,BLCT
7.38,7.4799,7.38,7.4799,2428,2021-07-13 15:15:00,BLCT
7.41,7.41,7.41,7.41,100,2021-07-13 15:20:00,BLCT
7.43,7.43,7.415,7.43,2775,2021-07-13 15:25:00,BLCT
7.42,7.42,7.4001,7.4001,1051,2021-07-13 15:30:00,BLCT
7.41,7.51,7.4,7.51,13345,2021-07-13 15:35:00,BLCT
7.54,7.6,7.51,7.6,5704,2021-07-13 15:40:00,BLCT
7.54,7.565,7.53,7.565,600,2021-07-13 15:45:00,BLCT
7.55,7.61,7.55,7.61,2773,2021-07-13 15:50:00,BLCT
7.62,7.65,7.62,7.627,1926,2021-07-13 15:55:00,BLCT
7.61,7.62,7.58,7.58,2419,2021-07-13 16:00:00,BLCT
7.58,7.58,7.53,7.53,6679,2021-07-13 16:05:00,BLCT
7.54,7.54,7.48,7.53,14950,2021-07-13 16:15:00,BLCT
7.5309,7.5309,7.45,7.5,6305,2021-07-13 16:20:00,BLCT
7.5011,7.52,7.5011,7.52,1331,2021-07-13 16:25:00,BLCT
7.52,7.52,7.51,7.51,388,2021-07-13 16:35:00,BLCT
7.54,7.55,7.51,7.55,1702,2021-07-13 16:40:00,BLCT
7.54,7.54,7.54,7.54,200,2021-07-13 16:50:00,BLCT
7.53,7.53,7.53,7.53,100,2021-07-13 16:55:00,BLCT
7.55,7.55,7.52,7.52,400,2021-07-13 17:00:00,BLCT
7.52,7.52,7.51,7.51,849,2021-07-13 17:05:00,BLCT
7.51,7.52,7.5,7.51,4886,2021-07-13 17:10:00,BLCT
7.5,7.5,7.5,7.5,100,2021-07-13 17:20:00,BLCT
7.51,7.52,7.51,7.52,1120,2021-07-13 17:25:00,BLCT
7.51,7.51,7.51,7.51,100,2021-07-13 17:30:00,BLCT
7.51,7.51,7.5,7.5,650,2021-07-13 17:35:00,BLCT
7.5,7.5,7.5,7.5,100,2021-07-13 17:40:00,BLCT
7.5,7.5249,7.5,7.51,400,2021-07-13 17:45:00,BLCT
7.5,7.5,7.5,7.5,100,2021-07-13 17:50:00,BLCT
7.5,7.5,7.5,7.5,100,2021-07-13 17:55:00,BLCT
7.5,7.5,7.5,7.5,200,2021-07-13 18:00:00,BLCT
7.5,7.5,7.5,7.5,376,2021-07-13 18:05:00,BLCT
7.5,7.5,7.5,7.5,100,2021-07-13 18:10:00,BLCT
7.5,7.5,7.43,7.45,1860,2021-07-13 18:15:00,BLCT
7.43,7.43,7.43,7.43,100,2021-07-13 18:20:00,BLCT
7.43,7.45,7.43,7.43,346,2021-07-13 18:25:00,BLCT
7.43,7.43,7.42,7.42,200,2021-07-13 18:30:00,BLCT
7.42,7.42,7.42,7.42,100,2021-07-13 18:35:00,BLCT
7.42,7.42,7.42,7.42,100,2021-07-13 18:40:00,BLCT
7.42,7.42,7.42,7.42,100,2021-07-13 18:45:00,BLCT
7.42,7.42,7.42,7.42,100,2021-07-13 18:50:00,BLCT
7.42,7.48,7.42,7.45,600,2021-07-13 18:55:00,BLCT
7.5568,7.5568,7.5568,7.5568,650,2021-07-13 19:00:00,BLCT
7.44,7.52,7.44,7.52,500,2021-07-13 19:05:00,BLCT
7.5,7.55,7.5,7.51,2244,2021-07-13 19:10:00,BLCT
7.54,7.54,7.54,7.54,100,2021-07-13 19:15:00,BLCT
7.51,7.51,7.51,7.51,195,2021-07-13 19:20:00,BLCT
7.52,7.52,7.52,7.52,100,2021-07-13 19:25:00,BLCT
7.51,7.51,7.51,7.51,471,2021-07-13 19:30:00,BLCT
7.51,7.51,7.49,7.49,300,2021-07-13 19:40:00,BLCT
7.48,7.49,7.48,7.48,685,2021-07-13 19:50:00,BLCT
7.475,7.56,7.45,7.55,8074,2021-07-13 19:55:00,BLCT
7.49,7.49,7.49,7.49,1789,2021-07-13 20:00:00,BLCT
7.48,7.48,7.21,7.21,1020,2021-07-14 13:30:00,BLCT
7.42,7.46,7.2,7.2,15289,2021-07-14 13:35:00,BLCT
7.21,7.34,7.21,7.34,1200,2021-07-14 13:40:00,BLCT
7.38,7.43,7.33,7.35,2300,2021-07-14 13:45:00,BLCT
7.4,7.4,7.4,7.4,100,2021-07-14 13:50:00,BLCT
7.4,7.4,7.4,7.4,1775,2021-07-14 13:55:00,BLCT
7.44,7.54,7.44,7.52,10214,2021-07-14 14:05:00,BLCT
7.51,7.51,7.45,7.46,15233,2021-07-14 14:10:00,BLCT
7.5,7.5065,7.5,7.5065,200,2021-07-14 14:15:00,BLCT
7.45,7.45,7.4,7.4,15066,2021-07-14 14:25:00,BLCT
7.4,7.4,7.4,7.4,1100,2021-07-14 14:30:00,BLCT
7.4,7.41,7.3906,7.41,5526,2021-07-14 14:35:00,BLCT
7.39,7.39,7.39,7.39,600,2021-07-14 14:45:00,BLCT
7.39,7.4,7.3,7.3,15440,2021-07-14 14:50:00,BLCT
7.32,7.35,7.31,7.34,2500,2021-07-14 14:55:00,BLCT
7.35,7.36,7.35,7.36,1400,2021-07-14 15:00:00,BLCT
7.39,7.39,7.39,7.39,100,2021-07-14 15:05:00,BLCT
7.3335,7.3335,7.33,7.33,800,2021-07-14 15:20:00,BLCT
7.32,7.32,7.3064,7.3064,2000,2021-07-14 15:30:00,BLCT
7.33,7.33,7.31,7.33,1800,2021-07-14 15:35:00,BLCT
7.31,7.33,7.31,7.33,1196,2021-07-14 15:40:00,BLCT
7.3273,7.33,7.3273,7.33,1023,2021-07-14 15:45:00,BLCT
7.31,7.33,7.31,7.31,2100,2021-07-14 15:50:00,BLCT
7.31,7.33,7.3,7.31,3000,2021-07-14 15:55:00,BLCT
7.31,7.31,7.31,7.31,100,2021-07-14 16:00:00,BLCT
7.3,7.33,7.3,7.3,500,2021-07-14 16:05:00,BLCT
7.3,7.3,7.3,7.3,200,2021-07-14 16:10:00,BLCT
7.31,7.31,7.25,7.29,16945,2021-07-14 16:15:00,BLCT
7.258,7.28,7.25,7.25,4900,2021-07-14 16:20:00,BLCT
7.25,7.25,7.25,7.25,400,2021-07-14 16:25:00,BLCT
7.25,7.27,7.25,7.255,800,2021-07-14 16:30:00,BLCT
7.25,7.26,7.2,7.2,11938,2021-07-14 16:35:00,BLCT
7.23,7.25,7.22,7.235,2650,2021-07-14 16:45:00,BLCT
7.2565,7.26,7.2565,7.26,1714,2021-07-14 16:55:00,BLCT
7.27,7.27,7.26,7.26,438,2021-07-14 17:00:00,BLCT
7.26,7.26,7.26,7.26,100,2021-07-14 17:05:00,BLCT
7.275,7.275,7.275,7.275,100,2021-07-14 17:10:00,BLCT
7.27,7.27,7.2001,7.23,2595,2021-07-14 17:15:00,BLCT
7.2273,7.2273,7.2273,7.2273,200,2021-07-14 17:30:00,BLCT
7.23,7.23,7.23,7.23,7457,2021-07-14 17:35:00,BLCT
7.2301,7.2301,7.2301,7.2301,274,2021-07-14 18:10:00,BLCT
7.3,7.3,7.3,7.3,100,2021-07-14 18:20:00,BLCT
7.265,7.265,7.2303,7.2303,200,2021-07-14 18:30:00,BLCT
7.2301,7.2301,7.2301,7.2301,100,2021-07-14 18:35:00,BLCT
7.28,7.29,7.23,7.23,400,2021-07-14 18:40:00,BLCT
7.25,7.25,7.25,7.25,300,2021-07-14 18:50:00,BLCT
7.28,7.28,7.28,7.28,100,2021-07-14 19:05:00,BLCT
7.28,7.28,7.28,7.28,1000,2021-07-14 19:10:00,BLCT
7.27,7.27,7.27,7.27,750,2021-07-14 19:15:00,BLCT
7.27,7.27,7.25,7.25,400,2021-07-14 19:25:00,BLCT
7.25,7.25,7.25,7.25,100,2021-07-14 19:40:00,BLCT
7.22,7.22,7.22,7.22,300,2021-07-14 19:50:00,BLCT
7.22,7.25,7.22,7.22,1700,2021-07-14 19:55:00,BLCT
7.28,7.28,7.28,7.28,1165,2021-07-14 20:00:00,BLCT
7.28,7.64,7.28,7.59,1926,2021-07-15 12:05:00,BLCT
7.2,7.21,7.2,7.21,606,2021-07-15 13:30:00,BLCT
7.23,7.247,7.2227,7.23,1128,2021-07-15 13:40:00,BLCT
7.24,7.24,7.22,7.22,915,2021-07-15 13:45:00,BLCT
7.24,7.25,7.22,7.24,5302,2021-07-15 13:50:00,BLCT
7.265,7.31,7.265,7.28,1700,2021-07-15 13:55:00,BLCT
7.32,7.43,7.311,7.43,4000,2021-07-15 14:00:00,BLCT
7.4187,7.4187,7.38,7.38,800,2021-07-15 14:05:00,BLCT
7.39,7.39,7.39,7.39,600,2021-07-15 14:10:00,BLCT
7.39,7.39,7.35,7.37,8474,2021-07-15 14:15:00,BLCT
7.36,7.39,7.36,7.38,2873,2021-07-15 14:20:00,BLCT
7.385,7.475,7.385,7.41,560,2021-07-15 14:25:00,BLCT
7.4,7.4,7.36,7.36,1435,2021-07-15 14:30:00,BLCT
7.385,7.385,7.36,7.36,1300,2021-07-15 14:35:00,BLCT
7.36,7.36,7.3,7.3,26655,2021-07-15 14:40:00,BLCT
7.3,7.3,7.21,7.23,36505,2021-07-15 14:45:00,BLCT
7.23,7.23,7.23,7.23,5290,2021-07-15 14:50:00,BLCT
7.24,7.24,7.24,7.24,100,2021-07-15 15:00:00,BLCT
7.26,7.2999,7.25,7.26,10189,2021-07-15 15:05:00,BLCT
7.24,7.24,7.24,7.24,200,2021-07-15 15:15:00,BLCT
7.24,7.2999,7.24,7.24,2200,2021-07-15 15:20:00,BLCT
7.24,7.24,7.24,7.24,200,2021-07-15 15:25:00,BLCT
7.24,7.24,7.22,7.24,300,2021-07-15 15:30:00,BLCT
7.24,7.265,7.24,7.24,400,2021-07-15 15:35:00,BLCT
7.2318,7.29,7.2318,7.29,450,2021-07-15 15:40:00,BLCT
7.26,7.26,7.25,7.25,200,2021-07-15 15:45:00,BLCT
7.25,7.255,7.25,7.25,500,2021-07-15 15:50:00,BLCT
7.27,7.3,7.27,7.3,4533,2021-07-15 15:55:00,BLCT
7.27,7.27,7.27,7.27,100,2021-07-15 16:00:00,BLCT
7.25,7.25,7.25,7.25,200,2021-07-15 16:05:00,BLCT
7.265,7.265,7.25,7.25,200,2021-07-15 16:10:00,BLCT
7.26,7.27,7.24,7.27,3204,2021-07-15 16:15:00,BLCT
7.26,7.26,7.2435,7.2484,500,2021-07-15 16:20:00,BLCT
7.26,7.265,7.26,7.26,600,2021-07-15 16:30:00,BLCT
7.27,7.3,7.26,7.3,2813,2021-07-15 16:35:00,BLCT
7.29,7.3,7.26,7.27,600,2021-07-15 16:50:00,BLCT
7.25,7.275,7.25,7.275,700,2021-07-15 16:55:00,BLCT
7.25,7.26,7.25,7.26,500,2021-07-15 17:05:00,BLCT
7.25,7.25,7.23,7.23,14766,2021-07-15 17:10:00,BLCT
7.22,7.22,7.21,7.21,23228,2021-07-15 17:15:00,BLCT
7.21,7.215,7.21,7.215,1004,2021-07-15 17:20:00,BLCT
7.22,7.22,7.2173,7.22,4935,2021-07-15 17:25:00,BLCT
7.23,7.23,7.23,7.23,2796,2021-07-15 17:30:00,BLCT
7.23,7.23,7.23,7.23,451,2021-07-15 17:35:00,BLCT
7.21,7.21,7.21,7.21,200,2021-07-15 17:45:00,BLCT
7.2129,7.2129,7.21,7.21,200,2021-07-15 17:50:00,BLCT
7.21,7.21,7.21,7.21,100,2021-07-15 17:55:00,BLCT
7.21,7.21,7.21,7.21,300,2021-07-15 18:00:00,BLCT
7.21,7.21,7.21,7.21,200,2021-07-15 18:05:00,BLCT
7.21,7.21,7.21,7.21,100,2021-07-15 18:10:00,BLCT
7.21,7.21,7.21,7.21,1191,2021-07-15 18:15:00,BLCT
7.21,7.21,7.2,7.2,1945,2021-07-15 18:20:00,BLCT
7.19,7.19,7.19,7.19,200,2021-07-15 18:25:00,BLCT
7.2,7.2,7.19,7.19,200,2021-07-15 18:30:00,BLCT
7.19,7.19,7.19,7.19,200,2021-07-15 18:35:00,BLCT
7.19,7.195,7.19,7.19,11712,2021-07-15 18:40:00,BLCT
7.195,7.21,7.195,7.21,2176,2021-07-15 18:45:00,BLCT
7.19,7.19,7.19,7.19,100,2021-07-15 18:55:00,BLCT
7.19,7.19,7.19,7.19,100,2021-07-15 19:00:00,BLCT
7.19,7.19,7.19,7.19,100,2021-07-15 19:05:00,BLCT
7.19,7.19,7.19,7.19,100,2021-07-15 19:10:00,BLCT
7.19,7.19,7.19,7.19,100,2021-07-15 19:15:00,BLCT
7.19,7.19,7.19,7.19,100,2021-07-15 19:20:00,BLCT
7.19,7.19,7.19,7.19,200,2021-07-15 19:25:00,BLCT
7.23,7.23,7.2,7.23,900,2021-07-15 19:30:00,BLCT
7.24,7.24,7.24,7.24,1000,2021-07-15 19:35:00,BLCT
7.24,7.25,7.24,7.25,939,2021-07-15 19:40:00,BLCT
7.21,7.21,7.21,7.21,100,2021-07-15 19:45:00,BLCT
7.24,7.24,7.23,7.23,1968,2021-07-15 19:50:00,BLCT
7.24,7.32,7.21,7.24,16716,2021-07-15 19:55:00,BLCT
7.28,7.28,7.28,7.28,962,2021-07-15 20:00:00,BLCT
7.25,7.25,7.21,7.21,609,2021-07-16 13:30:00,BLCT
7.2906,7.294,7.26,7.26,1700,2021-07-16 13:35:00,BLCT
7.28,7.28,7.22,7.22,2690,2021-07-16 13:40:00,BLCT
7.22,7.22,7.21,7.21,7015,2021-07-16 13:45:00,BLCT
7.17,7.17,7.17,7.17,1068,2021-07-16 13:50:00,BLCT
7.18,7.18,7.18,7.18,1000,2021-07-16 13:55:00,BLCT
7.17,7.215,7.15,7.215,1466,2021-07-16 14:00:00,BLCT
7.16,7.176,7.16,7.1663,1230,2021-07-16 14:15:00,BLCT
7.163,7.163,7.163,7.163,1500,2021-07-16 14:20:00,BLCT
7.18,7.2,7.18,7.2,500,2021-07-16 14:25:00,BLCT
7.2,7.2,7.16,7.16,6000,2021-07-16 14:30:00,BLCT
7.16,7.26,7.16,7.2,1908,2021-07-16 14:35:00,BLCT
7.2599,7.2599,7.2599,7.2599,3850,2021-07-16 14:40:00,BLCT
7.2,7.2,7.2,7.2,100,2021-07-16 14:50:00,BLCT
7.16,7.16,7.16,7.16,100,2021-07-16 14:55:00,BLCT
7.2,7.2,7.17,7.17,337,2021-07-16 15:00:00,BLCT
7.16,7.16,7.15,7.16,3776,2021-07-16 15:05:00,BLCT
7.1501,7.1501,7.1501,7.1501,260,2021-07-16 15:15:00,BLCT
7.1527,7.16,7.15,7.16,5742,2021-07-16 15:20:00,BLCT
7.15,7.15,7.15,7.15,200,2021-07-16 15:25:00,BLCT
7.15,7.15,7.15,7.15,100,2021-07-16 15:30:00,BLCT
7.15,7.1679,7.15,7.1679,10336,2021-07-16 15:40:00,BLCT
7.15,7.16,7.15,7.15,585,2021-07-16 15:45:00,BLCT
7.1606,7.1606,7.15,7.15,1800,2021-07-16 15:50:00,BLCT
7.15,7.15,7.15,7.15,400,2021-07-16 15:55:00,BLCT
7.15,7.15,7.15,7.15,100,2021-07-16 16:00:00,BLCT
7.15,7.15,7.15,7.15,800,2021-07-16 16:05:00,BLCT
7.17,7.17,7.17,7.17,500,2021-07-16 16:10:00,BLCT
7.15,7.17,7.15,7.17,700,2021-07-16 16:15:00,BLCT
7.17,7.17,7.17,7.17,100,2021-07-16 16:30:00,BLCT
7.13,7.13,7.13,7.13,100,2021-07-16 16:40:00,BLCT
7.14,7.14,7.13,7.13,400,2021-07-16 17:10:00,BLCT
7.14,7.14,7.13,7.13,200,2021-07-16 17:15:00,BLCT
7.13,7.13,7.13,7.13,900,2021-07-16 17:20:00,BLCT
7.13,7.13,7.13,7.13,500,2021-07-16 17:25:00,BLCT
7.1399,7.1399,7.1399,7.1399,460,2021-07-16 17:30:00,BLCT
7.13,7.13,7.13,7.13,900,2021-07-16 17:35:00,BLCT
7.13,7.13,7.13,7.13,600,2021-07-16 17:40:00,BLCT
7.135,7.14,7.11,7.11,11365,2021-07-16 17:55:00,BLCT
7.11,7.14,7.11,7.14,200,2021-07-16 18:00:00,BLCT
7.11,7.1101,7.11,7.1101,201,2021-07-16 18:05:00,BLCT
7.11,7.13,7.1,7.1,3700,2021-07-16 18:10:00,BLCT
7.1,7.1,7.1,7.1,200,2021-07-16 18:15:00,BLCT
7.1,7.1,7.1,7.1,100,2021-07-16 18:20:00,BLCT
7.1,7.1,7.1,7.1,1200,2021-07-16 18:25:00,BLCT
7.1,7.1083,7.1,7.1,1000,2021-07-16 18:30:00,BLCT
7.1,7.1,7.1,7.1,100,2021-07-16 18:35:00,BLCT
7.1,7.1,7.1,7.1,100,2021-07-16 18:40:00,BLCT
7.1,7.1,7.1,7.1,2900,2021-07-16 18:45:00,BLCT
7.1,7.1,7.1,7.1,1900,2021-07-16 18:50:00,BLCT
7.1,7.1,7.1,7.1,1100,2021-07-16 18:55:00,BLCT
7.1,7.1,7.1,7.1,100,2021-07-16 19:00:00,BLCT
7.1,7.12,7.1,7.12,200,2021-07-16 19:05:00,BLCT
7.1023,7.1023,7.1,7.1,311,2021-07-16 19:10:00,BLCT
7.102,7.11,7.102,7.11,945,2021-07-16 19:15:00,BLCT
7.12,7.12,7.12,7.12,100,2021-07-16 19:25:00,BLCT
7.12,7.12,7.12,7.12,100,2021-07-16 19:35:00,BLCT
7.12,7.12,7.12,7.12,1000,2021-07-16 19:40:00,BLCT
7.16,7.17,7.1,7.17,2306,2021-07-16 19:55:00,BLCT
7.16,7.16,7.16,7.16,496,2021-07-16 20:00:00,BLCT
7.02,7.04,7.0,7.04,8393,2021-07-19 13:30:00,BLCT
7.05,7.05,7.05,7.05,800,2021-07-19 13:35:00,BLCT
7.09,7.1,7.09,7.1,1810,2021-07-19 13:40:00,BLCT
7.1,7.1,7.05,7.05,7305,2021-07-19 13:45:00,BLCT
7.05,7.05,7.05,7.05,4077,2021-07-19 13:50:00,BLCT
7.05,7.05,7.03,7.03,19530,2021-07-19 13:55:00,BLCT
7.03,7.03,7.02,7.02,16816,2021-07-19 14:00:00,BLCT
7.03,7.0744,7.025,7.035,1500,2021-07-19 14:05:00,BLCT
7.03,7.03,7.02,7.02,650,2021-07-19 14:10:00,BLCT
7.02,7.02,7.02,7.02,2100,2021-07-19 14:15:00,BLCT
7.025,7.03,7.02,7.03,1200,2021-07-19 14:20:00,BLCT
7.02,7.02,7.02,7.02,700,2021-07-19 14:25:00,BLCT
7.02,7.02,7.02,7.02,674,2021-07-19 14:30:00,BLCT
7.02,7.02,7.02,7.02,1100,2021-07-19 14:35:00,BLCT
7.02,7.04,7.02,7.04,400,2021-07-19 14:40:00,BLCT
7.0,7.0,7.0,7.0,800,2021-07-19 14:45:00,BLCT
7.01,7.01,7.0,7.0,3559,2021-07-19 14:50:00,BLCT
7.0,7.005,7.0,7.0,2668,2021-07-19 14:55:00,BLCT
7.0,7.005,7.0,7.005,200,2021-07-19 15:00:00,BLCT
7.005,7.01,7.0,7.01,2830,2021-07-19 15:05:00,BLCT
7.03,7.03,7.03,7.03,700,2021-07-19 15:10:00,BLCT
7.01,7.01,7.0,7.0,1583,2021-07-19 15:15:00,BLCT
7.01,7.01,7.0,7.0,300,2021-07-19 15:20:00,BLCT
7.0,7.0,7.0,7.0,900,2021-07-19 15:25:00,BLCT
7.0,7.01,7.0,7.01,833,2021-07-19 15:30:00,BLCT
7.01,7.07,7.01,7.07,356,2021-07-19 15:40:00,BLCT
7.01,7.05,7.01,7.05,200,2021-07-19 15:45:00,BLCT
7.01,7.01,7.0,7.0,300,2021-07-19 15:50:00,BLCT
7.0,7.0,7.0,7.0,500,2021-07-19 16:00:00,BLCT
7.0,7.0,7.0,7.0,400,2021-07-19 16:05:00,BLCT
7.0,7.0,7.0,7.0,800,2021-07-19 16:10:00,BLCT
7.0,7.0,7.0,7.0,300,2021-07-19 16:15:00,BLCT
7.0,7.01,7.0,7.0,5024,2021-07-19 16:20:00,BLCT
7.0,7.0,7.0,7.0,1725,2021-07-19 16:25:00,BLCT
7.0,7.0,6.96,6.97,23006,2021-07-19 16:30:00,BLCT
6.96,6.965,6.96,6.965,9629,2021-07-19 16:35:00,BLCT
6.96,6.99,6.96,6.99,2366,2021-07-19 16:40:00,BLCT
6.9658,7.0,6.9658,7.0,1400,2021-07-19 16:45:00,BLCT
6.9957,6.9957,6.98,6.99,760,2021-07-19 16:50:00,BLCT
6.98,6.99,6.98,6.985,300,2021-07-19 16:55:00,BLCT
7.0,7.02,6.99,7.02,1352,2021-07-19 17:00:00,BLCT
6.99,7.06,6.99,7.015,1200,2021-07-19 17:05:00,BLCT
7.0,7.06,6.99,6.99,700,2021-07-19 17:10:00,BLCT
7.025,7.025,7.005,7.005,300,2021-07-19 17:15:00,BLCT
7.01,7.02,7.01,7.02,500,2021-07-19 17:20:00,BLCT
6.995,6.995,6.995,6.995,200,2021-07-19 17:25:00,BLCT
6.99,6.99,6.99,6.99,200,2021-07-19 17:35:00,BLCT
7.02,7.02,7.02,7.02,200,2021-07-19 17:45:00,BLCT
7.02,7.02,7.02,7.02,200,2021-07-19 17:50:00,BLCT
7.02,7.02,7.02,7.02,100,2021-07-19 17:55:00,BLCT
7.02,7.05,7.02,7.04,900,2021-07-19 18:00:00,BLCT
7.03,7.03,7.03,7.03,100,2021-07-19 18:05:00,BLCT
7.02,7.02,7.02,7.02,645,2021-07-19 18:10:00,BLCT
7.02,7.02,7.02,7.02,200,2021-07-19 18:15:00,BLCT
7.025,7.025,7.02,7.02,582,2021-07-19 18:20:00,BLCT
7.02,7.02,7.02,7.02,200,2021-07-19 18:25:00,BLCT
7.02,7.02,7.02,7.02,540,2021-07-19 18:30:00,BLCT
7.0,7.0,7.0,7.0,1386,2021-07-19 18:35:00,BLCT
7.0,7.0,7.0,7.0,100,2021-07-19 18:40:00,BLCT
7.0,7.0,7.0,7.0,300,2021-07-19 18:45:00,BLCT
7.01,7.01,7.0,7.0,900,2021-07-19 18:50:00,BLCT
7.0,7.0,7.0,7.0,228,2021-07-19 18:55:00,BLCT
7.0,7.0,7.0,7.0,300,2021-07-19 19:00:00,BLCT
7.0,7.0,7.0,7.0,100,2021-07-19 19:05:00,BLCT
7.0,7.0,7.0,7.0,200,2021-07-19 19:10:00,BLCT
7.0,7.0,7.0,7.0,200,2021-07-19 19:15:00,BLCT
7.0,7.0,7.0,7.0,800,2021-07-19 19:20:00,BLCT
7.0,7.0,7.0,7.0,300,2021-07-19 19:25:00,BLCT
7.0,7.0001,7.0,7.0,1119,2021-07-19 19:30:00,BLCT
7.0,7.05,7.0,7.05,4783,2021-07-19 19:35:00,BLCT
7.08,7.08,7.05,7.05,840,2021-07-19 19:40:00,BLCT
7.03,7.07,7.03,7.07,300,2021-07-19 19:45:00,BLCT
7.08,7.08,7.05,7.05,1966,2021-07-19 19:50:00,BLCT
7.03,7.11,7.03,7.09,7374,2021-07-19 19:55:00,BLCT
7.04,7.04,7.04,7.04,522,2021-07-19 20:00:00,BLCT
7.0,7.0,7.0,7.0,1070,2021-07-19 23:15:00,BLCT
7.01,7.01,7.01,7.01,100,2021-07-20 13:10:00,BLCT
7.01,7.01,7.0,7.01,4784,2021-07-20 13:25:00,BLCT
7.0,7.0,7.0,7.0,10555,2021-07-20 13:30:00,BLCT
7.0282,7.0286,7.0282,7.0286,1700,2021-07-20 13:50:00,BLCT
7.02,7.02,6.99,6.99,2061,2021-07-20 14:00:00,BLCT
6.92,6.93,6.81,6.89,16250,2021-07-20 14:05:00,BLCT
6.85,6.85,6.85,6.85,1000,2021-07-20 14:10:00,BLCT
6.8501,6.9,6.8501,6.9,1089,2021-07-20 14:15:00,BLCT
6.9,6.98,6.9,6.98,4400,2021-07-20 14:20:00,BLCT
6.93,6.93,6.8,6.8027,13023,2021-07-20 14:25:00,BLCT
6.79,6.82,6.75,6.75,2402,2021-07-20 14:30:00,BLCT
6.78,6.78,6.78,6.78,1125,2021-07-20 14:35:00,BLCT
6.85,6.86,6.85,6.86,2900,2021-07-20 14:50:00,BLCT
6.83,6.83,6.83,6.83,1100,2021-07-20 15:00:00,BLCT
6.8,6.8,6.8,6.8,300,2021-07-20 15:10:00,BLCT
6.85,6.85,6.85,6.85,1500,2021-07-20 15:25:00,BLCT
6.88,6.88,6.88,6.88,400,2021-07-20 15:35:00,BLCT
6.875,6.875,6.875,6.875,300,2021-07-20 15:40:00,BLCT
6.89,6.93,6.888,6.93,1900,2021-07-20 15:45:00,BLCT
6.9,6.9,6.9,6.9,146,2021-07-20 15:55:00,BLCT
6.91,6.91,6.88,6.9,5080,2021-07-20 16:00:00,BLCT
6.89,6.89,6.89,6.89,180,2021-07-20 16:20:00,BLCT
6.9,6.9,6.9,6.9,200,2021-07-20 16:30:00,BLCT
6.8995,6.9,6.8995,6.9,1500,2021-07-20 16:45:00,BLCT
6.88,6.88,6.88,6.88,500,2021-07-20 17:00:00,BLCT
6.8652,6.8652,6.8652,6.8652,180,2021-07-20 17:10:00,BLCT
6.86,6.86,6.86,6.86,100,2021-07-20 17:25:00,BLCT
6.8836,6.8836,6.8836,6.8836,100,2021-07-20 17:30:00,BLCT
6.86,6.86,6.86,6.86,300,2021-07-20 17:40:00,BLCT
6.85,6.85,6.81,6.83,4431,2021-07-20 17:45:00,BLCT
6.82,6.86,6.82,6.86,1929,2021-07-20 17:50:00,BLCT
6.85,6.85,6.85,6.85,395,2021-07-20 18:00:00,BLCT
6.85,6.86,6.85,6.86,475,2021-07-20 18:05:00,BLCT
7.05,7.05,7.05,7.05,500,2021-07-20 18:30:00,BLCT
6.958,6.958,6.8564,6.93,4000,2021-07-20 18:55:00,BLCT
6.84,6.85,6.84,6.85,200,2021-07-20 19:00:00,BLCT
6.85,6.85,6.83,6.83,400,2021-07-20 19:05:00,BLCT
6.84,6.93,6.84,6.85,1078,2021-07-20 19:10:00,BLCT
6.93,6.93,6.93,6.93,200,2021-07-20 19:15:00,BLCT
6.93,6.93,6.93,6.93,100,2021-07-20 19:20:00,BLCT
6.84,6.84,6.84,6.84,2631,2021-07-20 19:35:00,BLCT
6.84,6.84,6.83,6.84,2126,2021-07-20 19:40:00,BLCT
6.84,6.86,6.8,6.86,12972,2021-07-20 19:45:00,BLCT
6.86,6.86,6.83,6.86,2863,2021-07-20 19:50:00,BLCT
6.845,6.85,6.8,6.8,2513,2021-07-20 19:55:00,BLCT
6.8,6.8,6.8,6.8,1269,2021-07-20 20:00:00,BLCT
6.85,6.85,6.85,6.85,589,2021-07-21 13:30:00,BLCT
7.185,7.1862,7.02,7.02,2289,2021-07-21 13:40:00,BLCT
7.02,7.08,7.02,7.08,5301,2021-07-21 13:45:00,BLCT
7.14,7.19,7.13,7.19,1178,2021-07-21 13:50:00,BLCT
7.2,7.2,7.2,7.2,100,2021-07-21 13:55:00,BLCT
7.12,7.13,7.12,7.13,200,2021-07-21 14:05:00,BLCT
7.145,7.145,7.145,7.145,150,2021-07-21 14:10:00,BLCT
7.223,7.223,7.223,7.223,100,2021-07-21 14:15:00,BLCT
7.16,7.17,7.15,7.15,3400,2021-07-21 14:25:00,BLCT
7.13,7.13,7.08,7.12,7100,2021-07-21 14:30:00,BLCT
7.03,7.03,7.03,7.03,700,2021-07-21 14:35:00,BLCT
7.0301,7.06,7.03,7.04,600,2021-07-21 14:40:00,BLCT
7.03,7.03,7.03,7.03,100,2021-07-21 14:45:00,BLCT
7.022,7.04,7.022,7.04,1150,2021-07-21 14:50:00,BLCT
7.03,7.03,7.03,7.03,100,2021-07-21 14:55:00,BLCT
7.04,7.04,7.04,7.04,300,2021-07-21 15:00:00,BLCT
7.0453,7.07,7.04,7.07,3691,2021-07-21 15:05:00,BLCT
7.14,7.14,7.11,7.14,500,2021-07-21 15:15:00,BLCT
7.11,7.11,7.04,7.04,400,2021-07-21 15:20:00,BLCT
7.0777,7.0777,7.0777,7.0777,3014,2021-07-21 15:25:00,BLCT
7.08,7.08,7.08,7.08,100,2021-07-21 15:30:00,BLCT
7.085,7.1,7.085,7.1,200,2021-07-21 15:35:00,BLCT
7.05,7.05,7.05,7.05,200,2021-07-21 15:40:00,BLCT
7.1,7.12,7.1,7.12,700,2021-07-21 15:50:00,BLCT
7.085,7.085,7.085,7.085,100,2021-07-21 16:00:00,BLCT
7.09,7.09,7.08,7.08,700,2021-07-21 16:05:00,BLCT
7.085,7.09,7.085,7.09,200,2021-07-21 16:15:00,BLCT
7.09,7.09,7.09,7.09,100,2021-07-21 16:20:00,BLCT
7.09,7.09,7.0693,7.0693,700,2021-07-21 16:30:00,BLCT
7.1142,7.1142,7.1142,7.1142,500,2021-07-21 16:35:00,BLCT
7.06,7.06,7.06,7.06,100,2021-07-21 16:50:00,BLCT
7.095,7.12,7.095,7.12,300,2021-07-21 17:05:00,BLCT
7.115,7.16,7.1149,7.1149,805,2021-07-21 17:20:00,BLCT
7.11,7.11,7.11,7.11,200,2021-07-21 17:25:00,BLCT
7.16,7.165,7.14,7.16,10727,2021-07-21 17:35:00,BLCT
7.16,7.16,7.16,7.16,800,2021-07-21 17:40:00,BLCT
7.145,7.16,7.145,7.151,4675,2021-07-21 17:45:00,BLCT
7.16,7.16,7.14,7.14,1600,2021-07-21 17:50:00,BLCT
7.11,7.11,7.11,7.11,501,2021-07-21 18:50:00,BLCT
7.1191,7.1191,7.1191,7.1191,1000,2021-07-21 18:55:00,BLCT
7.12,7.16,7.12,7.16,2950,2021-07-21 19:10:00,BLCT
7.16,7.2,7.16,7.2,300,2021-07-21 19:15:00,BLCT
7.15,7.2711,7.15,7.2711,1050,2021-07-21 19:40:00,BLCT
7.22,7.25,7.22,7.23,1300,2021-07-21 19:50:00,BLCT
7.23,7.28,7.23,7.28,800,2021-07-21 19:55:00,BLCT
7.29,7.29,7.29,7.29,431,2021-07-21 20:00:00,BLCT
7.28,7.28,7.28,7.28,100,2021-07-22 13:20:00,BLCT
7.21,7.21,7.21,7.21,885,2021-07-22 13:30:00,BLCT
7.1423,7.1423,7.1423,7.1423,100,2021-07-22 13:35:00,BLCT
7.2,7.2,7.16,7.16,700,2021-07-22 13:50:00,BLCT
7.1835,7.1835,7.18,7.18,600,2021-07-22 14:10:00,BLCT
7.18,7.18,7.18,7.18,100,2021-07-22 14:25:00,BLCT
7.18,7.22,7.18,7.22,1250,2021-07-22 14:30:00,BLCT
7.202,7.202,7.202,7.202,200,2021-07-22 14:35:00,BLCT
7.19,7.19,7.19,7.19,200,2021-07-22 14:40:00,BLCT
7.1935,7.23,7.18,7.23,2343,2021-07-22 14:45:00,BLCT
7.1835,7.19,7.15,7.15,8880,2021-07-22 14:50:00,BLCT
7.17,7.17,7.17,7.17,456,2021-07-22 14:55:00,BLCT
7.17,7.17,7.17,7.17,100,2021-07-22 15:20:00,BLCT
7.19,7.19,7.19,7.19,100,2021-07-22 15:30:00,BLCT
7.19,7.19,7.19,7.19,300,2021-07-22 15:40:00,BLCT
7.18,7.18,7.17,7.17,400,2021-07-22 15:45:00,BLCT
7.18,7.18,7.18,7.18,100,2021-07-22 15:50:00,BLCT
7.18,7.18,7.18,7.18,200,2021-07-22 16:00:00,BLCT
7.16,7.16,7.15,7.15,600,2021-07-22 16:25:00,BLCT
7.175,7.19,7.175,7.19,200,2021-07-22 16:35:00,BLCT
7.2,7.2,7.18,7.2,1428,2021-07-22 16:40:00,BLCT
7.2,7.2,7.2,7.2,200,2021-07-22 16:45:00,BLCT
7.21,7.21,7.21,7.21,100,2021-07-22 16:55:00,BLCT
7.195,7.22,7.195,7.22,3013,2021-07-22 17:10:00,BLCT
7.22,7.23,7.2,7.23,2018,2021-07-22 17:20:00,BLCT
7.23,7.23,7.23,7.23,177,2021-07-22 17:25:00,BLCT
7.25,7.43,7.25,7.37,5228,2021-07-22 17:30:00,BLCT
7.37,7.48,7.37,7.48,30081,2021-07-22 17:35:00,BLCT
7.5,7.5,7.36,7.38,26591,2021-07-22 17:40:00,BLCT
7.31,7.42,7.27,7.4,36836,2021-07-22 17:45:00,BLCT
7.37,7.37,7.29,7.3,15100,2021-07-22 17:50:00,BLCT
7.38,7.4,7.31,7.35,3200,2021-07-22 17:55:00,BLCT
7.38,7.38,7.27,7.27,3200,2021-07-22 18:00:00,BLCT
7.3,7.3,7.29,7.29,200,2021-07-22 18:20:00,BLCT
7.29,7.3,7.19,7.19,500,2021-07-22 18:25:00,BLCT
7.2,7.23,7.2,7.2,1555,2021-07-22 18:50:00,BLCT
7.21,7.23,7.16,7.2,8420,2021-07-22 18:55:00,BLCT
7.19,7.19,7.18,7.18,218,2021-07-22 19:05:00,BLCT
7.2177,7.2177,7.16,7.16,1251,2021-07-22 19:15:00,BLCT
7.16,7.1601,7.15,7.15,5000,2021-07-22 19:25:00,BLCT
7.15,7.15,7.15,7.15,4471,2021-07-22 19:30:00,BLCT
7.15,7.15,7.115,7.145,1212,2021-07-22 19:35:00,BLCT
7.13,7.14,7.13,7.14,502,2021-07-22 19:40:00,BLCT
7.12,7.13,7.12,7.13,214,2021-07-22 19:45:00,BLCT
7.14,7.15,7.13,7.15,1400,2021-07-22 19:50:00,BLCT
7.16,7.16,7.14,7.15,779,2021-07-22 19:55:00,BLCT
7.12,7.12,7.12,7.12,449,2021-07-22 20:00:00,BLCT
6.97,6.97,6.96,6.96,3938,2021-07-23 08:00:00,BLCT
6.97,6.97,6.97,6.97,100,2021-07-23 08:05:00,BLCT
6.97,6.97,6.97,6.97,600,2021-07-23 08:10:00,BLCT
6.96,6.96,6.96,6.96,6500,2021-07-23 08:45:00,BLCT
6.97,6.97,6.96,6.96,519,2021-07-23 08:50:00,BLCT
6.97,6.97,6.97,6.97,100,2021-07-23 08:55:00,BLCT
6.97,6.97,6.97,6.97,466,2021-07-23 09:40:00,BLCT
6.98,6.98,6.97,6.97,300,2021-07-23 10:10:00,BLCT
7.12,7.12,7.12,7.12,116,2021-07-23 11:50:00,BLCT
7.13,7.13,7.13,7.13,3214,2021-07-23 12:00:00,BLCT
7.15,7.15,7.15,7.15,200,2021-07-23 12:10:00,BLCT
7.15,7.15,7.14,7.14,300,2021-07-23 12:40:00,BLCT
7.15,7.15,7.15,7.15,150,2021-07-23 12:45:00,BLCT
7.16,7.16,7.16,7.16,200,2021-07-23 13:05:00,BLCT
7.19,7.2,7.19,7.2,1866,2021-07-23 13:10:00,BLCT
7.12,7.12,7.12,7.12,200,2021-07-23 13:15:00,BLCT
7.21,7.21,7.12,7.12,11779,2021-07-23 13:30:00,BLCT
7.1,7.1,6.96,6.96,67319,2021-07-23 13:35:00,BLCT
6.91,7.03,6.9,7.01,15773,2021-07-23 13:40:00,BLCT
7.04,7.04,6.99,7.0001,4078,2021-07-23 13:45:00,BLCT
7.0144,7.0144,6.98,6.98,17304,2021-07-23 13:50:00,BLCT
6.955,6.96,6.87,6.88,31439,2021-07-23 13:55:00,BLCT
6.87,6.87,6.8,6.85,8550,2021-07-23 14:00:00,BLCT
6.83,6.83,6.76,6.77,8078,2021-07-23 14:05:00,BLCT
6.7735,6.82,6.6675,6.82,4287,2021-07-23 14:10:00,BLCT
6.82,6.92,6.82,6.92,500,2021-07-23 14:15:00,BLCT
6.918,6.9234,6.75,6.78,610,2021-07-23 14:20:00,BLCT
6.78,6.9,6.75,6.85,2429,2021-07-23 14:25:00,BLCT
6.82,6.82,6.69,6.69,1100,2021-07-23 14:30:00,BLCT
6.68,6.7,6.66,6.7,1389,2021-07-23 14:40:00,BLCT
6.66,6.72,6.5,6.5307,21359,2021-07-23 14:45:00,BLCT
6.57,6.57,6.57,6.57,247,2021-07-23 14:50:00,BLCT
6.57,6.5839,6.55,6.5839,1186,2021-07-23 14:55:00,BLCT
6.58,6.58,6.5227,6.5227,1404,2021-07-23 15:00:00,BLCT
6.5135,6.5292,6.51,6.51,2145,2021-07-23 15:05:00,BLCT
6.55,6.55,6.51,6.53,1500,2021-07-23 15:10:00,BLCT
6.55,6.58,6.541,6.57,4100,2021-07-23 15:15:00,BLCT
6.5699,6.57,6.52,6.535,2285,2021-07-23 15:20:00,BLCT
6.54,6.56,6.5101,6.5101,1266,2021-07-23 15:25:00,BLCT
6.55,6.62,6.54,6.62,6068,2021-07-23 15:30:00,BLCT
6.65,6.77,6.65,6.77,6215,2021-07-23 15:35:00,BLCT
6.74,6.77,6.7,6.7,15836,2021-07-23 15:40:00,BLCT
6.74,6.79,6.7,6.76,13454,2021-07-23 15:45:00,BLCT
6.76,6.76,6.76,6.76,190,2021-07-23 15:50:00,BLCT
6.7,6.75,6.7,6.74,2979,2021-07-23 15:55:00,BLCT
6.74,6.748,6.74,6.74,1936,2021-07-23 16:00:00,BLCT
6.75,6.8,6.74,6.741,3900,2021-07-23 16:05:00,BLCT
6.7445,6.7445,6.74,6.74,2180,2021-07-23 16:20:00,BLCT
6.74,6.78,6.74,6.78,1400,2021-07-23 16:25:00,BLCT
6.75,6.76,6.75,6.75,1455,2021-07-23 16:30:00,BLCT
6.765,6.765,6.765,6.765,100,2021-07-23 16:40:00,BLCT
6.75,6.79,6.75,6.79,1770,2021-07-23 16:45:00,BLCT
6.795,6.83,6.7601,6.7601,1500,2021-07-23 16:50:00,BLCT
6.77,6.79,6.7635,6.79,1100,2021-07-23 16:55:00,BLCT
6.775,6.775,6.76,6.76,200,2021-07-23 17:05:00,BLCT
6.76,6.765,6.76,6.765,610,2021-07-23 17:10:00,BLCT
6.765,6.77,6.73,6.74,11381,2021-07-23 17:15:00,BLCT
6.73,6.765,6.73,6.765,2316,2021-07-23 17:20:00,BLCT
6.765,6.765,6.765,6.765,100,2021-07-23 17:25:00,BLCT
6.73,6.73,6.715,6.715,200,2021-07-23 17:30:00,BLCT
6.715,6.715,6.715,6.715,200,2021-07-23 17:35:00,BLCT
6.715,6.75,6.7,6.75,2072,2021-07-23 17:40:00,BLCT
6.79,6.79,6.755,6.755,300,2021-07-23 17:45:00,BLCT
6.75,6.78,6.75,6.78,300,2021-07-23 17:50:00,BLCT
6.75,6.75,6.75,6.75,100,2021-07-23 17:55:00,BLCT
6.75,6.77,6.74,6.745,600,2021-07-23 18:00:00,BLCT
6.7191,6.745,6.7191,6.745,305,2021-07-23 18:05:00,BLCT
6.745,6.76,6.745,6.76,200,2021-07-23 18:10:00,BLCT
6.78,6.86,6.78,6.86,2921,2021-07-23 18:15:00,BLCT
6.815,6.85,6.815,6.85,300,2021-07-23 18:20:00,BLCT
6.87,6.87,6.7686,6.815,2200,2021-07-23 18:25:00,BLCT
6.82,6.86,6.8,6.86,700,2021-07-23 18:30:00,BLCT
6.86,6.86,6.81,6.85,300,2021-07-23 18:35:00,BLCT
6.7701,6.81,6.7701,6.81,300,2021-07-23 18:40:00,BLCT
6.81,6.82,6.81,6.82,300,2021-07-23 18:45:00,BLCT
6.82,6.8788,6.82,6.8788,600,2021-07-23 18:50:00,BLCT
6.7513,6.7513,6.75,6.75,1000,2021-07-23 18:55:00,BLCT
6.81,6.81,6.81,6.81,100,2021-07-23 19:00:00,BLCT
6.81,6.81,6.8,6.8,600,2021-07-23 19:10:00,BLCT
6.8,6.8,6.8,6.8,100,2021-07-23 19:15:00,BLCT
6.8,6.8,6.8,6.8,100,2021-07-23 19:20:00,BLCT
6.77,6.79,6.76,6.79,700,2021-07-23 19:30:00,BLCT
6.78,6.83,6.78,6.795,918,2021-07-23 19:35:00,BLCT
6.83,6.86,6.815,6.815,400,2021-07-23 19:40:00,BLCT
6.815,6.815,6.815,6.815,300,2021-07-23 19:45:00,BLCT
6.79,6.79,6.75,6.76,2552,2021-07-23 19:50:00,BLCT
6.75,6.79,6.74,6.79,8531,2021-07-23 19:55:00,BLCT
6.74,6.74,6.74,6.74,894,2021-07-23 20:00:00,BLCT
6.58,6.58,6.58,6.58,300,2021-07-26 08:20:00,BLCT
6.56,6.56,6.55,6.55,500,2021-07-26 08:25:00,BLCT
6.5,6.5,6.5,6.5,429,2021-07-26 08:30:00,BLCT
6.5,6.51,6.5,6.5,533,2021-07-26 08:40:00,BLCT
6.5,6.5,6.48,6.48,301,2021-07-26 09:05:00,BLCT
6.48,6.48,6.48,6.48,901,2021-07-26 09:30:00,BLCT
6.45,6.47,6.45,6.47,2100,2021-07-26 10:10:00,BLCT
6.47,6.47,6.47,6.47,163,2021-07-26 10:40:00,BLCT
6.48,6.48,6.48,6.48,100,2021-07-26 11:45:00,BLCT
6.51,6.51,6.5,6.5,400,2021-07-26 12:55:00,BLCT
6.48,6.48,6.48,6.48,1581,2021-07-26 13:25:00,BLCT
6.5,6.52,6.47,6.47,11796,2021-07-26 13:30:00,BLCT
6.4539,6.5,6.45,6.47,4370,2021-07-26 13:35:00,BLCT
6.465,6.47,6.465,6.47,200,2021-07-26 13:40:00,BLCT
6.4792,6.4792,6.39,6.3973,5849,2021-07-26 13:45:00,BLCT
6.3801,6.4699,6.35,6.4,9633,2021-07-26 13:50:00,BLCT
6.41,6.4527,6.4,6.4527,1996,2021-07-26 13:55:00,BLCT
6.4,6.4,6.385,6.385,600,2021-07-26 14:00:00,BLCT
6.43,6.44,6.4,6.415,2996,2021-07-26 14:05:00,BLCT
6.35,6.3988,6.33,6.37,5599,2021-07-26 14:10:00,BLCT
6.37,6.39,6.37,6.3761,1435,2021-07-26 14:15:00,BLCT
6.39,6.4,6.36,6.37,1000,2021-07-26 14:20:00,BLCT
6.3514,6.37,6.35,6.36,756,2021-07-26 14:25:00,BLCT
6.35,6.36,6.35,6.35,866,2021-07-26 14:30:00,BLCT
6.36,6.36,6.35,6.36,1815,2021-07-26 14:45:00,BLCT
6.36,6.38,6.36,6.37,3448,2021-07-26 14:50:00,BLCT
6.39,6.39,6.36,6.36,10019,2021-07-26 14:55:00,BLCT
6.35,6.35,6.31,6.31,2382,2021-07-26 15:00:00,BLCT
6.31,6.31,6.3,6.31,2475,2021-07-26 15:05:00,BLCT
6.3,6.32,6.3,6.32,2008,2021-07-26 15:10:00,BLCT
6.3,6.3079,6.3,6.3079,824,2021-07-26 15:15:00,BLCT
6.3,6.3,6.3,6.3,100,2021-07-26 15:20:00,BLCT
6.3,6.32,6.3,6.3,8939,2021-07-26 15:30:00,BLCT
6.3,6.3,6.27,6.2986,8586,2021-07-26 15:35:00,BLCT
6.27,6.27,6.27,6.27,1399,2021-07-26 15:40:00,BLCT
6.27,6.2701,6.2,6.2,11930,2021-07-26 15:45:00,BLCT
6.2,6.2,6.15,6.15,5315,2021-07-26 15:50:00,BLCT
6.16,6.19,6.15,6.19,2350,2021-07-26 15:55:00,BLCT
6.18,6.3649,6.18,6.33,18600,2021-07-26 16:00:00,BLCT
6.33,6.3721,6.33,6.3721,1157,2021-07-26 16:05:00,BLCT
6.33,6.33,6.33,6.33,1400,2021-07-26 16:10:00,BLCT
6.33,6.36,6.33,6.3543,15509,2021-07-26 16:15:00,BLCT
6.3335,6.34,6.33,6.33,2300,2021-07-26 16:20:00,BLCT
6.37,6.38,6.34,6.38,2765,2021-07-26 16:25:00,BLCT
6.35,6.365,6.35,6.36,341,2021-07-26 16:30:00,BLCT
6.38,6.38,6.35,6.35,300,2021-07-26 16:35:00,BLCT
6.36,6.38,6.35,6.36,700,2021-07-26 16:40:00,BLCT
6.3506,6.3506,6.35,6.35,1484,2021-07-26 16:45:00,BLCT
6.352,6.352,6.34,6.3433,4296,2021-07-26 16:50:00,BLCT
6.35,6.38,6.3427,6.35,2700,2021-07-26 16:55:00,BLCT
6.35,6.35,6.34,6.34,16940,2021-07-26 17:00:00,BLCT
6.35,6.35,6.34,6.34,235,2021-07-26 17:10:00,BLCT
6.34,6.3473,6.34,6.3473,213,2021-07-26 17:15:00,BLCT
6.3416,6.3416,6.34,6.34,1384,2021-07-26 17:25:00,BLCT
6.34,6.3408,6.34,6.3408,1251,2021-07-26 17:30:00,BLCT
6.345,6.35,6.345,6.35,314,2021-07-26 17:35:00,BLCT
6.345,6.345,6.33,6.34,3754,2021-07-26 17:40:00,BLCT
6.34,6.34,6.3305,6.34,752,2021-07-26 17:45:00,BLCT
6.34,6.34,6.33,6.33,2299,2021-07-26 17:50:00,BLCT
6.33,6.34,6.33,6.33,13149,2021-07-26 18:00:00,BLCT
6.33,6.33,6.25,6.3,18342,2021-07-26 18:05:00,BLCT
6.263,6.263,6.2566,6.2566,600,2021-07-26 18:10:00,BLCT
6.2781,6.2781,6.2667,6.2667,1072,2021-07-26 18:15:00,BLCT
6.26,6.3,6.26,6.3,725,2021-07-26 18:25:00,BLCT
6.29,6.29,6.2605,6.2605,700,2021-07-26 18:30:00,BLCT
6.26,6.26,6.22,6.22,1500,2021-07-26 18:35:00,BLCT
6.2087,6.22,6.201,6.201,1274,2021-07-26 18:40:00,BLCT
6.21,6.25,6.204,6.21,1652,2021-07-26 18:45:00,BLCT
6.225,6.225,6.225,6.225,248,2021-07-26 18:50:00,BLCT
6.225,6.23,6.2,6.22,1100,2021-07-26 18:55:00,BLCT
6.24,6.24,6.21,6.21,770,2021-07-26 19:00:00,BLCT
6.2,6.22,6.2,6.22,800,2021-07-26 19:10:00,BLCT
6.23,6.23,6.22,6.22,500,2021-07-26 19:20:00,BLCT
6.23,6.25,6.23,6.2405,300,2021-07-26 19:25:00,BLCT
6.24,6.24,6.22,6.24,650,2021-07-26 19:30:00,BLCT
6.23,6.23,6.2,6.21,3365,2021-07-26 19:35:00,BLCT
6.2,6.2,6.15,6.15,1203,2021-07-26 19:40:00,BLCT
6.1743,6.175,6.16,6.16,2492,2021-07-26 19:45:00,BLCT
6.16,6.16,6.15,6.15,300,2021-07-26 19:50:00,BLCT
6.165,6.17,6.15,6.17,3775,2021-07-26 19:55:00,BLCT
6.17,6.17,6.17,6.17,1179,2021-07-26 20:00:00,BLCT
6.17,6.17,6.17,6.17,100,2021-07-26 20:30:00,BLCT
6.17,6.17,6.17,6.17,200,2021-07-27 08:00:00,BLCT
6.19,6.19,6.19,6.19,100,2021-07-27 08:10:00,BLCT
6.17,6.17,6.17,6.17,180,2021-07-27 08:15:00,BLCT
6.19,6.19,6.19,6.19,976,2021-07-27 08:50:00,BLCT
6.18,6.18,6.18,6.18,2164,2021-07-27 08:55:00,BLCT
6.2,6.2,6.2,6.2,250,2021-07-27 11:00:00,BLCT
6.2,6.2,6.19,6.19,586,2021-07-27 11:30:00,BLCT
6.2,6.2,6.2,6.2,100,2021-07-27 13:25:00,BLCT
6.2,6.29,6.15,6.235,42936,2021-07-27 13:30:00,BLCT
6.194,6.21,6.18,6.18,9611,2021-07-27 13:35:00,BLCT
6.18,6.19,6.18,6.19,6863,2021-07-27 13:40:00,BLCT
6.195,6.2076,6.1927,6.2076,1300,2021-07-27 13:45:00,BLCT
6.21,6.24,6.18,6.18,44717,2021-07-27 13:50:00,BLCT
6.18,6.1817,6.0,6.0,29848,2021-07-27 13:55:00,BLCT
6.03,6.07,5.98,5.98,28863,2021-07-27 14:00:00,BLCT
5.98,5.98,5.8,5.84,31761,2021-07-27 14:05:00,BLCT
5.84,5.84,5.75,5.76,3700,2021-07-27 14:10:00,BLCT
5.72,5.7606,5.72,5.7605,6750,2021-07-27 14:15:00,BLCT
5.74,5.74,5.69,5.7,13522,2021-07-27 14:20:00,BLCT
5.7,5.77,5.7,5.77,9346,2021-07-27 14:25:00,BLCT
5.73,5.735,5.61,5.6613,11150,2021-07-27 14:30:00,BLCT
5.64,5.685,5.64,5.67,1806,2021-07-27 14:35:00,BLCT
5.62,5.63,5.52,5.57,21914,2021-07-27 14:40:00,BLCT
5.58,5.68,5.58,5.68,3750,2021-07-27 14:45:00,BLCT
5.68,5.68,5.61,5.62,499,2021-07-27 14:55:00,BLCT
5.6001,5.61,5.59,5.59,13848,2021-07-27 15:00:00,BLCT
5.59,5.59,5.54,5.55,18000,2021-07-27 15:05:00,BLCT
5.585,5.585,5.57,5.57,1660,2021-07-27 15:10:00,BLCT
5.56,5.57,5.52,5.5397,10012,2021-07-27 15:15:00,BLCT
5.52,5.5343,5.44,5.4509,23169,2021-07-27 15:20:00,BLCT
5.425,5.51,5.4201,5.43,4161,2021-07-27 15:25:00,BLCT
5.4441,5.4441,5.43,5.43,1908,2021-07-27 15:30:00,BLCT
5.4406,5.4406,5.4406,5.4406,150,2021-07-27 15:35:00,BLCT
5.45,5.45,5.4,5.4,6186,2021-07-27 15:40:00,BLCT
5.38,5.3835,5.35,5.376,2011,2021-07-27 15:45:00,BLCT
5.36,5.4,5.315,5.345,9688,2021-07-27 15:50:00,BLCT
5.5187,5.5187,5.5187,5.5187,400,2021-07-27 15:55:00,BLCT
5.38,5.41,5.35,5.41,6253,2021-07-27 16:00:00,BLCT
5.4101,5.4235,5.4101,5.42,635,2021-07-27 16:05:00,BLCT
5.4693,5.4799,5.39,5.435,10900,2021-07-27 16:10:00,BLCT
5.45,5.45,5.45,5.45,300,2021-07-27 16:15:00,BLCT
5.4599,5.4599,5.4599,5.4599,300,2021-07-27 16:20:00,BLCT
5.46,5.46,5.4594,5.4594,200,2021-07-27 16:25:00,BLCT
5.45,5.45,5.405,5.405,1975,2021-07-27 16:30:00,BLCT
5.388,5.3884,5.38,5.38,1600,2021-07-27 16:35:00,BLCT
5.38,5.38,5.375,5.3762,1949,2021-07-27 16:50:00,BLCT
5.38,5.38,5.3773,5.3789,1600,2021-07-27 16:55:00,BLCT
5.37,5.37,5.28,5.28,13763,2021-07-27 17:00:00,BLCT
5.29,5.31,5.29,5.31,2100,2021-07-27 17:05:00,BLCT
5.31,5.32,5.31,5.3152,2200,2021-07-27 17:10:00,BLCT
5.28,5.29,5.28,5.29,1100,2021-07-27 17:30:00,BLCT
5.2801,5.295,5.28,5.295,600,2021-07-27 17:35:00,BLCT
5.2899,5.2899,5.2,5.2,3419,2021-07-27 17:40:00,BLCT
5.2138,5.25,5.2138,5.25,2100,2021-07-27 17:45:00,BLCT
5.23,5.25,5.23,5.25,1669,2021-07-27 17:50:00,BLCT
5.27,5.29,5.2608,5.2608,4900,2021-07-27 17:55:00,BLCT
5.29,5.29,5.25,5.25,2400,2021-07-27 18:00:00,BLCT
5.26,5.27,5.25,5.25,2483,2021-07-27 18:05:00,BLCT
5.25,5.25,5.2,5.2195,9900,2021-07-27 18:15:00,BLCT
5.248,5.25,5.248,5.25,400,2021-07-27 18:20:00,BLCT
5.255,5.255,5.2,5.2073,5441,2021-07-27 18:25:00,BLCT
5.205,5.205,5.2,5.2,1172,2021-07-27 18:30:00,BLCT
5.2073,5.23,5.2073,5.23,1500,2021-07-27 18:35:00,BLCT
5.2299,5.2299,5.2228,5.2228,3100,2021-07-27 18:40:00,BLCT
5.223,5.223,5.22,5.22,3800,2021-07-27 18:45:00,BLCT
5.215,5.215,5.215,5.215,200,2021-07-27 18:50:00,BLCT
5.22,5.2638,5.22,5.2638,3757,2021-07-27 18:55:00,BLCT
5.25,5.25,5.25,5.25,2100,2021-07-27 19:00:00,BLCT
5.2638,5.2638,5.2638,5.2638,512,2021-07-27 19:05:00,BLCT
5.25,5.25,5.23,5.24,895,2021-07-27 19:10:00,BLCT
5.2499,5.2499,5.2,5.2073,3391,2021-07-27 19:15:00,BLCT
5.2073,5.24,5.12,5.13,14050,2021-07-27 19:20:00,BLCT
5.1537,5.159,5.1201,5.159,1650,2021-07-27 19:25:00,BLCT
5.16,5.16,5.14,5.14,600,2021-07-27 19:30:00,BLCT
5.145,5.18,5.145,5.18,700,2021-07-27 19:35:00,BLCT
5.1601,5.1955,5.1601,5.1955,5897,2021-07-27 19:40:00,BLCT
5.18,5.19,5.13,5.16,6447,2021-07-27 19:45:00,BLCT
5.1379,5.16,5.1,5.13,4761,2021-07-27 19:50:00,BLCT
5.125,5.14,5.11,5.11,6662,2021-07-27 19:55:00,BLCT
5.14,5.14,5.14,5.14,3575,2021-07-27 20:00:00,BLCT
5.09,5.09,5.09,5.09,288,2021-07-27 20:10:00,BLCT
5.09,5.09,5.09,5.09,201,2021-07-27 20:15:00,BLCT
5.0801,5.0801,5.0801,5.0801,700,2021-07-27 20:20:00,BLCT
5.09,5.09,5.09,5.09,111,2021-07-27 20:35:00,BLCT
5.09,5.09,5.09,5.09,280,2021-07-27 22:15:00,BLCT
5.1,5.1,5.1,5.1,120,2021-07-27 22:25:00,BLCT
5.1,5.1,5.1,5.1,380,2021-07-27 23:15:00,BLCT
5.5,5.5,5.49,5.49,700,2021-07-28 12:30:00,BLCT
5.49,5.49,5.49,5.49,100,2021-07-28 12:45:00,BLCT
5.35,5.35,5.35,5.35,250,2021-07-28 13:20:00,BLCT
5.36,5.36,5.36,5.36,100,2021-07-28 13:25:00,BLCT
5.3,5.38,5.3,5.32,8124,2021-07-28 13:30:00,BLCT
5.3356,5.36,5.26,5.3,5963,2021-07-28 13:35:00,BLCT
5.26,5.34,5.225,5.2723,9069,2021-07-28 13:40:00,BLCT
5.29,5.4,5.29,5.3889,7365,2021-07-28 13:45:00,BLCT
5.38,5.43,5.38,5.43,3584,2021-07-28 13:50:00,BLCT
5.43,5.47,5.43,5.46,1900,2021-07-28 13:55:00,BLCT
5.48,5.57,5.48,5.5038,3339,2021-07-28 14:00:00,BLCT
5.535,5.535,5.535,5.535,500,2021-07-28 14:05:00,BLCT
5.54,5.6265,5.5006,5.6265,4656,2021-07-28 14:10:00,BLCT
5.63,5.63,5.5601,5.5601,343,2021-07-28 14:15:00,BLCT
5.62,5.62,5.56,5.56,394,2021-07-28 14:20:00,BLCT
5.5538,5.56,5.55,5.555,4711,2021-07-28 14:25:00,BLCT
5.56,5.56,5.56,5.56,996,2021-07-28 14:30:00,BLCT
5.5627,5.5627,5.5,5.51,2812,2021-07-28 14:35:00,BLCT
5.5,5.5,5.41,5.42,14479,2021-07-28 14:40:00,BLCT
5.47,5.47,5.47,5.47,1100,2021-07-28 14:45:00,BLCT
5.4995,5.52,5.4995,5.5,1300,2021-07-28 14:50:00,BLCT
5.5,5.5,5.5,5.5,200,2021-07-28 14:55:00,BLCT
5.5,5.52,5.5,5.52,300,2021-07-28 15:00:00,BLCT
5.56,5.6,5.53,5.54,2550,2021-07-28 15:05:00,BLCT
5.495,5.495,5.4635,5.4635,200,2021-07-28 15:10:00,BLCT
5.51,5.52,5.51,5.52,387,2021-07-28 15:15:00,BLCT
5.54,5.59,5.54,5.57,1495,2021-07-28 15:25:00,BLCT
5.57,5.57,5.57,5.57,996,2021-07-28 15:30:00,BLCT
5.5632,5.5632,5.5501,5.5501,600,2021-07-28 15:35:00,BLCT
5.54,5.54,5.54,5.54,500,2021-07-28 15:40:00,BLCT
5.55,5.55,5.55,5.55,500,2021-07-28 15:50:00,BLCT
5.56,5.56,5.5346,5.5346,517,2021-07-28 15:55:00,BLCT
5.56,5.56,5.56,5.56,500,2021-07-28 16:00:00,BLCT
5.56,5.56,5.56,5.56,500,2021-07-28 16:15:00,BLCT
5.56,5.57,5.56,5.57,200,2021-07-28 16:20:00,BLCT
5.58,5.59,5.58,5.59,214,2021-07-28 16:25:00,BLCT
5.5716,5.5716,5.5535,5.5535,220,2021-07-28 16:40:00,BLCT
5.59,5.61,5.59,5.61,1580,2021-07-28 16:55:00,BLCT
5.61,5.63,5.61,5.63,700,2021-07-28 17:00:00,BLCT
5.5779,5.5779,5.5735,5.5738,600,2021-07-28 17:05:00,BLCT
5.6219,5.6219,5.6219,5.6219,200,2021-07-28 17:10:00,BLCT
5.63,5.63,5.63,5.63,300,2021-07-28 17:20:00,BLCT
5.6,5.6,5.6,5.6,818,2021-07-28 17:55:00,BLCT
5.5777,5.5777,5.5777,5.5777,100,2021-07-28 18:05:00,BLCT
5.63,5.63,5.63,5.63,100,2021-07-28 18:30:00,BLCT
5.605,5.605,5.5801,5.5801,2100,2021-07-28 18:55:00,BLCT
5.5831,5.5831,5.5801,5.5801,200,2021-07-28 19:00:00,BLCT
5.62,5.62,5.62,5.62,796,2021-07-28 19:10:00,BLCT
5.62,5.62,5.62,5.62,200,2021-07-28 19:15:00,BLCT
5.6201,5.6201,5.62,5.6201,500,2021-07-28 19:25:00,BLCT
5.63,5.63,5.62,5.62,200,2021-07-28 19:30:00,BLCT
5.61,5.61,5.61,5.61,800,2021-07-28 19:35:00,BLCT
5.61,5.61,5.61,5.61,347,2021-07-28 19:40:00,BLCT
5.6,5.6,5.6,5.6,100,2021-07-28 19:45:00,BLCT
5.61,5.62,5.6001,5.6001,412,2021-07-28 19:50:00,BLCT
5.6,5.63,5.56,5.63,6103,2021-07-28 19:55:00,BLCT
5.57,5.57,5.57,5.57,4298,2021-07-28 20:00:00,BLCT
5.81,5.81,5.81,5.81,100,2021-07-28 22:05:00,BLCT
5.84,5.84,5.84,5.84,350,2021-07-28 22:35:00,BLCT
5.82,5.82,5.82,5.82,951,2021-07-29 12:45:00,BLCT
5.59,5.81,5.59,5.6239,936,2021-07-29 13:30:00,BLCT
5.62,5.62,5.51,5.51,4218,2021-07-29 13:35:00,BLCT
5.51,5.51,5.5,5.5,450,2021-07-29 13:40:00,BLCT
5.52,5.5299,5.46,5.51,2108,2021-07-29 13:45:00,BLCT
5.46,5.46,5.4296,5.43,1254,2021-07-29 13:50:00,BLCT
5.41,5.42,5.39,5.39,3000,2021-07-29 13:55:00,BLCT
5.42,5.4205,5.35,5.35,3300,2021-07-29 14:00:00,BLCT
5.3101,5.33,5.3101,5.33,1100,2021-07-29 14:05:00,BLCT
5.3899,5.4,5.34,5.4,1700,2021-07-29 14:10:00,BLCT
5.4,5.41,5.37,5.37,700,2021-07-29 14:15:00,BLCT
5.41,5.41,5.41,5.41,1673,2021-07-29 14:20:00,BLCT
5.45,5.46,5.44,5.44,2100,2021-07-29 14:25:00,BLCT
5.5,5.505,5.5,5.505,200,2021-07-29 14:35:00,BLCT
5.46,5.48,5.46,5.48,300,2021-07-29 15:00:00,BLCT
5.49,5.54,5.48,5.54,4024,2021-07-29 15:05:00,BLCT
5.56,5.57,5.56,5.57,300,2021-07-29 15:10:00,BLCT
5.64,5.655,5.64,5.655,600,2021-07-29 15:20:00,BLCT
5.63,5.63,5.59,5.6,3086,2021-07-29 15:25:00,BLCT
5.655,5.655,5.655,5.655,100,2021-07-29 15:30:00,BLCT
5.6,5.6,5.6,5.6,979,2021-07-29 15:40:00,BLCT
5.68,5.69,5.62,5.62,400,2021-07-29 15:45:00,BLCT
5.69,5.69,5.69,5.69,100,2021-07-29 15:50:00,BLCT
5.69,5.69,5.69,5.69,100,2021-07-29 15:55:00,BLCT
5.71,5.71,5.64,5.64,300,2021-07-29 16:00:00,BLCT
5.67,5.67,5.67,5.67,200,2021-07-29 16:15:00,BLCT
5.67,5.67,5.67,5.67,200,2021-07-29 16:20:00,BLCT
5.68,5.68,5.5801,5.5801,500,2021-07-29 16:40:00,BLCT
5.62,5.68,5.62,5.68,1200,2021-07-29 16:55:00,BLCT
5.63,5.7,5.63,5.7,300,2021-07-29 17:10:00,BLCT
5.78,5.78,5.78,5.78,100,2021-07-29 17:25:00,BLCT
5.67,5.67,5.67,5.67,100,2021-07-29 17:30:00,BLCT
5.67,5.67,5.67,5.67,400,2021-07-29 17:40:00,BLCT
5.65,5.69,5.65,5.69,854,2021-07-29 17:45:00,BLCT
5.65,5.65,5.65,5.65,279,2021-07-29 17:50:00,BLCT
5.625,5.625,5.61,5.61,200,2021-07-29 18:10:00,BLCT
5.6,5.6,5.6,5.6,100,2021-07-29 18:25:00,BLCT
5.6,5.69,5.6,5.69,1350,2021-07-29 18:50:00,BLCT
5.59,5.61,5.59,5.61,300,2021-07-29 18:55:00,BLCT
5.62,5.7,5.5996,5.7,2300,2021-07-29 19:20:00,BLCT
5.64,5.64,5.64,5.64,134,2021-07-29 19:30:00,BLCT
5.61,5.66,5.61,5.66,200,2021-07-29 19:35:00,BLCT
5.61,5.66,5.61,5.66,979,2021-07-29 19:40:00,BLCT
5.62,5.68,5.615,5.68,374,2021-07-29 19:45:00,BLCT
5.66,5.67,5.66,5.67,1101,2021-07-29 19:50:00,BLCT
5.66,5.68,5.64,5.65,2444,2021-07-29 19:55:00,BLCT
5.64,5.64,5.64,5.64,718,2021-07-29 20:00:00,BLCT
5.64,5.64,5.64,5.64,7920,2021-07-29 21:15:00,BLCT
5.29,5.29,5.29,5.29,100,2021-07-30 12:45:00,BLCT
5.56,5.5602,5.5051,5.5051,1576,2021-07-30 13:30:00,BLCT
5.46,5.58,5.44,5.58,7800,2021-07-30 13:35:00,BLCT
5.49,5.49,5.49,5.49,100,2021-07-30 13:55:00,BLCT
5.4835,5.51,5.4835,5.51,400,2021-07-30 14:05:00,BLCT
5.53,5.5665,5.53,5.5665,1040,2021-07-30 14:10:00,BLCT
5.57,5.57,5.57,5.57,100,2021-07-30 14:20:00,BLCT
5.49,5.49,5.49,5.49,100,2021-07-30 14:35:00,BLCT
5.5,5.5,5.5,5.5,400,2021-07-30 14:40:00,BLCT
5.48,5.52,5.48,5.52,200,2021-07-30 14:45:00,BLCT
5.48,5.48,5.48,5.48,100,2021-07-30 14:50:00,BLCT
5.4842,5.4842,5.4842,5.4842,208,2021-07-30 14:55:00,BLCT
5.5,5.52,5.5,5.52,1200,2021-07-30 15:05:00,BLCT
5.52,5.53,5.44,5.49,3700,2021-07-30 15:10:00,BLCT
5.45,5.45,5.4373,5.44,1000,2021-07-30 15:20:00,BLCT
5.4373,5.51,5.435,5.51,800,2021-07-30 15:30:00,BLCT
5.43,5.43,5.43,5.43,200,2021-07-30 15:45:00,BLCT
5.46,5.48,5.43,5.43,5187,2021-07-30 16:05:00,BLCT
5.465,5.47,5.44,5.4662,1518,2021-07-30 16:10:00,BLCT
5.45,5.45,5.45,5.45,300,2021-07-30 16:20:00,BLCT
5.45,5.45,5.45,5.45,100,2021-07-30 16:25:00,BLCT
5.48,5.48,5.48,5.48,100,2021-07-30 16:30:00,BLCT
5.49,5.52,5.47,5.52,16100,2021-07-30 16:35:00,BLCT
5.4608,5.47,5.46,5.46,1100,2021-07-30 16:45:00,BLCT
5.54,5.54,5.54,5.54,200,2021-07-30 17:15:00,BLCT
5.54,5.54,5.54,5.54,158,2021-07-30 17:20:00,BLCT
5.55,5.55,5.55,5.55,100,2021-07-30 17:25:00,BLCT
5.57,5.57,5.57,5.57,200,2021-07-30 17:40:00,BLCT
5.55,5.55,5.52,5.52,300,2021-07-30 17:55:00,BLCT
5.56,5.56,5.56,5.56,100,2021-07-30 18:00:00,BLCT
5.56,5.56,5.56,5.56,100,2021-07-30 18:05:00,BLCT
5.56,5.57,5.56,5.57,1500,2021-07-30 18:10:00,BLCT
5.5623,5.5623,5.5623,5.5623,100,2021-07-30 18:15:00,BLCT
5.58,5.58,5.52,5.58,600,2021-07-30 18:20:00,BLCT
5.61,5.61,5.61,5.61,300,2021-07-30 18:35:00,BLCT
5.6,5.6,5.6,5.6,100,2021-07-30 18:40:00,BLCT
5.61,5.63,5.5942,5.63,7300,2021-07-30 18:45:00,BLCT
5.55,5.55,5.55,5.55,400,2021-07-30 18:55:00,BLCT
5.61,5.61,5.61,5.61,100,2021-07-30 19:05:00,BLCT
5.61,5.63,5.61,5.61,600,2021-07-30 19:10:00,BLCT
5.63,5.63,5.63,5.63,100,2021-07-30 19:25:00,BLCT
5.63,5.63,5.63,5.63,100,2021-07-30 19:40:00,BLCT
5.61,5.61,5.58,5.58,200,2021-07-30 19:45:00,BLCT
5.62,5.62,5.62,5.62,100,2021-07-30 19:50:00,BLCT
5.58,5.61,5.54,5.61,2948,2021-07-30 19:55:00,BLCT
5.55,5.55,5.55,5.55,1593,2021-07-30 20:00:00,BLCT
