open,high,low,close,volume,datetime,symbol
466.54,466.54,466.54,466.54,1146,2021-06-01 12:55:00,MKTX
468.2,471.01,468.2,471.01,2569,2021-06-01 13:30:00,MKTX
469.89,470.745,466.32,469.55,4729,2021-06-01 13:35:00,MKTX
469.725,469.725,465.97,465.99,700,2021-06-01 13:40:00,MKTX
465.6,466.42,464.22,465.955,3921,2021-06-01 13:45:00,MKTX
465.875,466.095,464.9,465.39,2026,2021-06-01 13:50:00,MKTX
465.77,466.41,465.625,466.41,2499,2021-06-01 13:55:00,MKTX
466.07,466.07,465.24,465.29,1905,2021-06-01 14:00:00,MKTX
463.9,463.99,462.83,463.28,2300,2021-06-01 14:05:00,MKTX
463.01,463.01,460.94,460.94,400,2021-06-01 14:10:00,MKTX
459.21,459.675,459.21,459.675,400,2021-06-01 14:15:00,MKTX
459.795,459.85,457.72,457.72,2000,2021-06-01 14:20:00,MKTX
457.77,458.71,457.27,458.27,2192,2021-06-01 14:25:00,MKTX
458.71,460.42,458.43,458.9,2528,2021-06-01 14:30:00,MKTX
458.45,459.08,458.19,458.38,2600,2021-06-01 14:35:00,MKTX
458.58,459.36,458.465,459.275,700,2021-06-01 14:40:00,MKTX
459.05,459.76,458.72,459.335,1500,2021-06-01 14:45:00,MKTX
459.46,459.46,459.46,459.46,100,2021-06-01 14:50:00,MKTX
458.94,459.87,458.94,459.06,1138,2021-06-01 14:55:00,MKTX
459.42,459.97,458.6,458.6,1650,2021-06-01 15:00:00,MKTX
458.645,458.71,458.225,458.44,2300,2021-06-01 15:05:00,MKTX
458.79,459.94,458.69,459.48,500,2021-06-01 15:10:00,MKTX
458.85,459.3,457.96,459.3,1590,2021-06-01 15:15:00,MKTX
459.66,459.66,459.535,459.54,300,2021-06-01 15:20:00,MKTX
459.7,459.88,459.7,459.88,500,2021-06-01 15:25:00,MKTX
460.01,460.01,459.21,459.41,800,2021-06-01 15:30:00,MKTX
460.01,460.41,460.01,460.26,600,2021-06-01 15:35:00,MKTX
460.14,460.14,459.0375,459.0375,725,2021-06-01 15:40:00,MKTX
459.405,459.6,458.94,459.6,4330,2021-06-01 15:45:00,MKTX
459.53,460.64,459.53,460.64,1000,2021-06-01 15:50:00,MKTX
460.57,461.14,460.41,461.14,900,2021-06-01 15:55:00,MKTX
460.34,460.51,459.74,460.51,1322,2021-06-01 16:00:00,MKTX
460.055,460.14,459.41,459.41,500,2021-06-01 16:05:00,MKTX
458.93,459.22,458.93,458.94,300,2021-06-01 16:10:00,MKTX
459.55,459.74,458.99,459.54,1404,2021-06-01 16:15:00,MKTX
459.41,459.765,459.41,459.7,300,2021-06-01 16:20:00,MKTX
459.76,460.27,459.76,460.27,600,2021-06-01 16:25:00,MKTX
460.53,460.53,459.89,460.04,500,2021-06-01 16:30:00,MKTX
460.31,460.56,460.31,460.56,710,2021-06-01 16:35:00,MKTX
460.49,460.87,460.4,460.87,900,2021-06-01 16:40:00,MKTX
461.04,461.04,460.72,460.86,400,2021-06-01 16:45:00,MKTX
460.81,461.08,460.7,461.04,524,2021-06-01 16:50:00,MKTX
461.05,461.16,461.05,461.16,200,2021-06-01 16:55:00,MKTX
461.17,461.45,461.105,461.12,1261,2021-06-01 17:00:00,MKTX
460.57,460.83,460.05,460.05,600,2021-06-01 17:05:00,MKTX
460.11,460.19,459.96,459.96,300,2021-06-01 17:10:00,MKTX
459.95,460.11,459.95,460.11,370,2021-06-01 17:15:00,MKTX
460.22,460.22,459.77,460.1,400,2021-06-01 17:20:00,MKTX
460.36,460.61,460.05,460.53,1188,2021-06-01 17:25:00,MKTX
460.47,460.47,459.81,459.83,700,2021-06-01 17:30:00,MKTX
460.1,460.1,459.4,459.92,600,2021-06-01 17:35:00,MKTX
459.7425,460.305,459.7425,460.23,990,2021-06-01 17:40:00,MKTX
460.29,460.58,460.29,460.58,500,2021-06-01 17:45:00,MKTX
460.17,460.5,459.915,459.915,500,2021-06-01 17:50:00,MKTX
460.14,460.14,460.14,460.14,100,2021-06-01 17:55:00,MKTX
460.07,460.33,460.07,460.11,600,2021-06-01 18:00:00,MKTX
460.02,460.45,460.02,460.45,1035,2021-06-01 18:05:00,MKTX
459.81,459.98,459.645,459.92,906,2021-06-01 18:15:00,MKTX
460.08,460.17,459.9,460.11,751,2021-06-01 18:20:00,MKTX
460.42,460.42,459.64,459.64,600,2021-06-01 18:25:00,MKTX
459.35,459.35,458.65,458.72,500,2021-06-01 18:30:00,MKTX
458.81,459.72,458.55,459.355,6983,2021-06-01 18:35:00,MKTX
459.51,459.87,458.32,458.52,3134,2021-06-01 18:40:00,MKTX
458.105,458.34,458.105,458.34,200,2021-06-01 18:45:00,MKTX
458.36,458.36,458.115,458.115,300,2021-06-01 18:50:00,MKTX
457.88,458.2,457.196,457.73,4256,2021-06-01 18:55:00,MKTX
457.69,457.95,457.565,457.805,1400,2021-06-01 19:00:00,MKTX
457.925,458.29,457.86,458.11,700,2021-06-01 19:05:00,MKTX
458.045,458.045,457.61,457.715,800,2021-06-01 19:10:00,MKTX
457.68,457.68,456.715,456.83,838,2021-06-01 19:15:00,MKTX
456.61,456.825,456.26,456.26,1000,2021-06-01 19:20:00,MKTX
456.28,456.28,455.57,455.57,1106,2021-06-01 19:25:00,MKTX
455.61,455.61,455.35,455.35,500,2021-06-01 19:30:00,MKTX
455.215,455.49,454.975,455.49,1224,2021-06-01 19:35:00,MKTX
455.48,455.48,455.0,455.0,1000,2021-06-01 19:40:00,MKTX
454.98,455.83,454.98,455.72,2550,2021-06-01 19:45:00,MKTX
454.71,455.76,454.69,455.25,4100,2021-06-01 19:50:00,MKTX
455.445,455.445,454.1,454.34,10733,2021-06-01 19:55:00,MKTX
454.33,454.33,454.33,454.33,25180,2021-06-01 20:00:00,MKTX
454.33,454.33,454.33,454.33,1141,2021-06-01 21:35:00,MKTX
454.33,454.33,454.33,454.33,837,2021-06-02 12:30:00,MKTX
454.33,454.33,454.33,454.33,588,2021-06-02 13:20:00,MKTX
453.01,457.0,450.53,457.0,2464,2021-06-02 13:30:00,MKTX
457.27,457.94,456.47,456.53,700,2021-06-02 13:35:00,MKTX
457.12,457.12,453.3583,453.3583,2750,2021-06-02 13:40:00,MKTX
454.0,454.15,453.39,453.61,2500,2021-06-02 13:45:00,MKTX
453.74,456.195,453.73,456.195,2300,2021-06-02 13:50:00,MKTX
456.9,456.9,456.26,456.26,600,2021-06-02 13:55:00,MKTX
455.79,455.825,454.655,454.655,301,2021-06-02 14:00:00,MKTX
454.8,456.99,454.17,456.8,9606,2021-06-02 14:05:00,MKTX
456.91,457.5,456.91,457.3,400,2021-06-02 14:10:00,MKTX
457.345,457.53,457.19,457.23,1044,2021-06-02 14:15:00,MKTX
456.21,456.21,455.39,455.39,550,2021-06-02 14:20:00,MKTX
455.7,456.79,455.7,456.79,700,2021-06-02 14:25:00,MKTX
456.77,456.77,456.47,456.48,327,2021-06-02 14:30:00,MKTX
456.245,457.55,456.245,457.115,900,2021-06-02 14:35:00,MKTX
457.815,457.815,457.815,457.815,200,2021-06-02 14:40:00,MKTX
456.75,456.75,456.75,456.75,100,2021-06-02 14:45:00,MKTX
456.71,456.75,456.28,456.61,2348,2021-06-02 14:50:00,MKTX
456.44,457.13,456.44,456.99,1700,2021-06-02 14:55:00,MKTX
456.755,457.34,456.755,456.99,2787,2021-06-02 15:00:00,MKTX
456.96,457.95,456.96,457.95,1027,2021-06-02 15:10:00,MKTX
458.685,459.0,458.685,458.74,400,2021-06-02 15:15:00,MKTX
458.55,458.8,458.275,458.8,500,2021-06-02 15:20:00,MKTX
458.245,458.66,458.245,458.66,200,2021-06-02 15:25:00,MKTX
459.77,459.96,459.77,459.88,300,2021-06-02 15:35:00,MKTX
460.03,460.03,459.02,459.73,1100,2021-06-02 15:45:00,MKTX
459.66,459.66,459.66,459.66,100,2021-06-02 15:50:00,MKTX
459.73,459.98,459.73,459.75,300,2021-06-02 15:55:00,MKTX
459.76,459.78,458.31,458.89,600,2021-06-02 16:00:00,MKTX
459.33,459.33,459.33,459.33,100,2021-06-02 16:05:00,MKTX
459.47,459.47,459.47,459.47,100,2021-06-02 16:10:00,MKTX
459.87,459.87,459.28,459.2904,3141,2021-06-02 16:15:00,MKTX
459.34,459.34,459.19,459.334,400,2021-06-02 16:20:00,MKTX
459.27,459.27,458.81,458.9404,1100,2021-06-02 16:25:00,MKTX
458.72,458.72,458.09,458.09,829,2021-06-02 16:30:00,MKTX
458.19,459.0,458.18,458.94,1548,2021-06-02 16:35:00,MKTX
459.15,459.82,458.93,459.82,600,2021-06-02 16:40:00,MKTX
459.76,460.29,459.76,460.29,600,2021-06-02 16:45:00,MKTX
460.27,460.27,459.9,459.92,600,2021-06-02 16:50:00,MKTX
460.14,460.14,459.89,459.94,1300,2021-06-02 16:55:00,MKTX
460.08,460.2,459.75,459.885,1700,2021-06-02 17:00:00,MKTX
460.0,460.0,460.0,460.0,100,2021-06-02 17:05:00,MKTX
459.585,459.585,459.23,459.4,612,2021-06-02 17:10:00,MKTX
458.81,459.59,458.79,458.91,1400,2021-06-02 17:15:00,MKTX
458.84,458.84,458.11,458.11,200,2021-06-02 17:20:00,MKTX
457.99,458.55,457.99,458.45,400,2021-06-02 17:25:00,MKTX
458.685,458.685,458.685,458.685,100,2021-06-02 17:30:00,MKTX
458.78,458.78,458.5,458.61,600,2021-06-02 17:35:00,MKTX
458.675,459.29,458.675,459.19,1208,2021-06-02 17:40:00,MKTX
459.35,459.4,459.35,459.4,200,2021-06-02 17:45:00,MKTX
459.44,459.44,459.31,459.38,300,2021-06-02 17:50:00,MKTX
459.5,459.56,459.23,459.32,800,2021-06-02 17:55:00,MKTX
459.36,459.38,459.36,459.38,200,2021-06-02 18:00:00,MKTX
459.56,459.56,458.84,459.0,961,2021-06-02 18:05:00,MKTX
459.01,459.01,458.605,458.79,600,2021-06-02 18:10:00,MKTX
458.67,459.29,458.67,459.29,300,2021-06-02 18:15:00,MKTX
458.99,459.0021,458.99,459.0021,325,2021-06-02 18:20:00,MKTX
458.96,458.96,458.85,458.85,600,2021-06-02 18:25:00,MKTX
458.865,459.13,458.865,459.13,874,2021-06-02 18:30:00,MKTX
459.38,459.39,459.09,459.09,800,2021-06-02 18:35:00,MKTX
459.25,459.25,459.25,459.25,100,2021-06-02 18:40:00,MKTX
459.28,459.58,459.25,459.49,754,2021-06-02 18:45:00,MKTX
459.32,459.32,459.12,459.15,400,2021-06-02 18:50:00,MKTX
459.275,459.39,459.06,459.39,700,2021-06-02 18:55:00,MKTX
459.45,459.68,459.45,459.68,200,2021-06-02 19:00:00,MKTX
459.57,459.66,459.205,459.205,745,2021-06-02 19:05:00,MKTX
459.2,459.39,458.9,458.95,800,2021-06-02 19:10:00,MKTX
458.6,458.6,458.46,458.55,461,2021-06-02 19:15:00,MKTX
458.7,458.795,458.36,458.51,900,2021-06-02 19:20:00,MKTX
458.8,458.94,458.8,458.88,600,2021-06-02 19:25:00,MKTX
459.015,459.08,458.83,459.08,1446,2021-06-02 19:30:00,MKTX
458.82,458.82,458.41,458.41,629,2021-06-02 19:35:00,MKTX
458.4,459.11,458.4,459.09,1619,2021-06-02 19:40:00,MKTX
459.075,459.88,459.0,459.88,1919,2021-06-02 19:45:00,MKTX
460.0,460.48,459.65,459.7375,7004,2021-06-02 19:50:00,MKTX
459.8,460.71,459.7,460.52,12096,2021-06-02 19:55:00,MKTX
460.46,460.46,460.46,460.46,24824,2021-06-02 20:00:00,MKTX
449.68,455.86,449.68,454.02,8370,2021-06-03 13:30:00,MKTX
454.52,454.525,450.01,450.07,16560,2021-06-03 13:35:00,MKTX
449.8,449.8,444.06,444.06,12890,2021-06-03 13:40:00,MKTX
444.06,444.95,443.5776,443.765,2371,2021-06-03 13:45:00,MKTX
443.86,444.94,442.545,444.94,12039,2021-06-03 13:50:00,MKTX
445.0,445.12,443.305,444.25,14100,2021-06-03 13:55:00,MKTX
444.01,447.13,444.01,447.13,3000,2021-06-03 14:00:00,MKTX
446.29,446.91,445.775,445.775,900,2021-06-03 14:05:00,MKTX
445.84,445.84,444.6406,445.15,2300,2021-06-03 14:10:00,MKTX
444.9,444.9,443.0,443.18,13300,2021-06-03 14:15:00,MKTX
443.54,444.48,443.355,444.3904,2400,2021-06-03 14:20:00,MKTX
444.0,444.0,443.12,443.265,2411,2021-06-03 14:25:00,MKTX
442.935,443.055,442.105,442.52,3594,2021-06-03 14:30:00,MKTX
442.285,442.7,442.095,442.25,3913,2021-06-03 14:35:00,MKTX
442.325,442.58,440.365,440.64,4903,2021-06-03 14:40:00,MKTX
440.76,441.99,440.76,441.94,1820,2021-06-03 14:45:00,MKTX
442.825,443.28,442.417,442.56,1325,2021-06-03 14:50:00,MKTX
442.79,442.79,441.94,442.06,14000,2021-06-03 14:55:00,MKTX
442.49,442.96,442.0,442.7,2299,2021-06-03 15:00:00,MKTX
441.79,442.63,441.79,442.63,300,2021-06-03 15:05:00,MKTX
441.87,441.87,440.915,441.72,600,2021-06-03 15:10:00,MKTX
441.44,442.09,441.165,442.09,2305,2021-06-03 15:15:00,MKTX
441.66,441.83,441.12,441.83,3200,2021-06-03 15:20:00,MKTX
442.38,442.46,441.95,441.95,500,2021-06-03 15:25:00,MKTX
441.85,441.895,440.93,441.645,3100,2021-06-03 15:30:00,MKTX
442.08,442.08,441.37,441.37,618,2021-06-03 15:35:00,MKTX
441.57,441.85,441.03,441.85,2063,2021-06-03 15:40:00,MKTX
441.96,441.96,440.955,440.955,3100,2021-06-03 15:45:00,MKTX
440.68,440.775,440.355,440.76,2200,2021-06-03 15:50:00,MKTX
440.63,441.42,440.48,441.42,1400,2021-06-03 15:55:00,MKTX
441.9,441.9,441.9,441.9,100,2021-06-03 16:00:00,MKTX
441.725,442.48,441.32,442.48,6313,2021-06-03 16:05:00,MKTX
442.295,442.295,442.295,442.295,100,2021-06-03 16:10:00,MKTX
442.01,442.49,441.96,442.49,700,2021-06-03 16:15:00,MKTX
441.96,442.09,441.39,442.09,1678,2021-06-03 16:20:00,MKTX
442.17,442.44,442.17,442.44,200,2021-06-03 16:25:00,MKTX
442.64,442.64,441.6,441.63,7363,2021-06-03 16:30:00,MKTX
442.42,442.89,442.42,442.89,905,2021-06-03 16:40:00,MKTX
442.76,442.76,442.51,442.7,818,2021-06-03 16:45:00,MKTX
442.39,442.76,442.08,442.6,4604,2021-06-03 16:50:00,MKTX
442.555,442.6596,442.45,442.6596,700,2021-06-03 16:55:00,MKTX
443.71,444.3,443.47,443.92,1592,2021-06-03 17:00:00,MKTX
443.54,443.6,442.81,442.81,400,2021-06-03 17:05:00,MKTX
443.47,443.47,443.05,443.19,1200,2021-06-03 17:10:00,MKTX
443.015,443.02,443.015,443.02,300,2021-06-03 17:15:00,MKTX
443.01,443.405,443.01,443.405,611,2021-06-03 17:20:00,MKTX
443.74,443.9,443.42,443.42,800,2021-06-03 17:25:00,MKTX
443.2,443.2,443.17,443.17,400,2021-06-03 17:30:00,MKTX
442.83,442.83,442.325,442.325,800,2021-06-03 17:35:00,MKTX
442.78,442.78,442.56,442.7299,600,2021-06-03 17:40:00,MKTX
442.72,443.0925,442.605,443.0925,400,2021-06-03 17:50:00,MKTX
442.85,443.46,442.76,443.46,2509,2021-06-03 17:55:00,MKTX
443.46,443.83,442.29,443.23,4032,2021-06-03 18:00:00,MKTX
443.09,443.09,442.34,442.34,745,2021-06-03 18:05:00,MKTX
442.19,442.19,441.77,441.935,2800,2021-06-03 18:10:00,MKTX
442.01,442.06,441.895,441.955,3400,2021-06-03 18:15:00,MKTX
441.785,442.27,441.49,442.26,2500,2021-06-03 18:20:00,MKTX
443.0,443.02,442.855,442.855,400,2021-06-03 18:30:00,MKTX
442.88,443.15,442.7,442.79,1276,2021-06-03 18:35:00,MKTX
443.08,443.975,443.08,443.945,4691,2021-06-03 18:40:00,MKTX
443.76,444.16,443.69,444.16,600,2021-06-03 18:45:00,MKTX
444.08,444.65,444.08,444.5,1100,2021-06-03 18:50:00,MKTX
444.61,445.04,444.61,444.73,983,2021-06-03 18:55:00,MKTX
445.115,445.8,445.115,445.18,1065,2021-06-03 19:00:00,MKTX
444.74,445.17,444.6547,445.17,574,2021-06-03 19:10:00,MKTX
445.07,445.12,444.81,445.12,900,2021-06-03 19:15:00,MKTX
444.9,444.96,444.895,444.895,400,2021-06-03 19:20:00,MKTX
445.11,445.47,445.11,445.35,720,2021-06-03 19:25:00,MKTX
445.45,445.75,445.4,445.6809,1820,2021-06-03 19:30:00,MKTX
445.66,445.9,445.02,445.84,2100,2021-06-03 19:35:00,MKTX
445.74,445.74,445.03,445.31,1414,2021-06-03 19:40:00,MKTX
445.325,445.325,444.7601,445.25,3169,2021-06-03 19:45:00,MKTX
445.38,445.38,443.22,443.4725,7569,2021-06-03 19:50:00,MKTX
443.12,444.42,443.12,444.21,19966,2021-06-03 19:55:00,MKTX
444.21,444.21,444.21,444.21,43630,2021-06-03 20:00:00,MKTX
444.21,444.21,444.21,444.21,395,2021-06-03 21:40:00,MKTX
446.73,446.73,444.32,444.585,3290,2021-06-04 13:30:00,MKTX
445.41,445.41,443.12,445.245,1747,2021-06-04 13:35:00,MKTX
445.905,448.32,445.905,447.19,908,2021-06-04 13:40:00,MKTX
447.46,447.46,446.72,447.0,1343,2021-06-04 13:45:00,MKTX
447.1,447.77,446.54,447.77,1117,2021-06-04 13:50:00,MKTX
447.79,448.88,447.79,447.965,500,2021-06-04 13:55:00,MKTX
447.4,448.71,447.4,448.08,500,2021-06-04 14:00:00,MKTX
447.68,447.75,447.0,447.3,2656,2021-06-04 14:05:00,MKTX
446.56,447.23,446.56,446.94,3271,2021-06-04 14:10:00,MKTX
447.365,447.44,446.2,446.2,1650,2021-06-04 14:15:00,MKTX
446.36,447.97,446.36,447.97,1249,2021-06-04 14:20:00,MKTX
448.0,448.0,446.69,446.75,665,2021-06-04 14:25:00,MKTX
446.93,446.93,446.59,446.815,1000,2021-06-04 14:30:00,MKTX
446.82,447.02,446.82,446.995,900,2021-06-04 14:40:00,MKTX
447.025,447.5,446.975,447.5,900,2021-06-04 14:45:00,MKTX
447.95,448.55,446.69,446.9,1875,2021-06-04 14:50:00,MKTX
447.42,447.78,446.6618,446.905,1461,2021-06-04 14:55:00,MKTX
446.71,446.97,446.65,446.97,1159,2021-06-04 15:00:00,MKTX
446.82,447.42,446.52,447.1004,3600,2021-06-04 15:05:00,MKTX
447.14,447.43,447.14,447.37,500,2021-06-04 15:10:00,MKTX
447.375,447.79,447.375,447.55,500,2021-06-04 15:15:00,MKTX
447.63,447.67,447.44,447.67,300,2021-06-04 15:20:00,MKTX
447.45,447.45,447.24,447.24,200,2021-06-04 15:25:00,MKTX
447.03,447.03,447.0,447.0,300,2021-06-04 15:30:00,MKTX
447.01,447.25,446.72,447.25,2288,2021-06-04 15:35:00,MKTX
447.0,448.1,447.0,448.1,1200,2021-06-04 15:40:00,MKTX
448.14,448.56,447.76,447.76,739,2021-06-04 15:45:00,MKTX
448.08,448.11,447.85,447.995,25525,2021-06-04 15:50:00,MKTX
447.94,448.025,447.61,448.025,25800,2021-06-04 15:55:00,MKTX
448.09,448.48,447.97,448.48,46897,2021-06-04 16:00:00,MKTX
448.8,449.03,448.52,448.93,714,2021-06-04 16:05:00,MKTX
448.81,449.58,448.805,449.58,2633,2021-06-04 16:10:00,MKTX
449.72,449.72,449.5,449.5,501,2021-06-04 16:15:00,MKTX
449.37,449.43,449.16,449.43,400,2021-06-04 16:20:00,MKTX
449.53,449.53,448.2,448.425,708,2021-06-04 16:25:00,MKTX
448.855,449.255,448.61,449.255,1400,2021-06-04 16:30:00,MKTX
449.36,450.03,449.36,450.03,1933,2021-06-04 16:35:00,MKTX
450.285,450.31,448.77,449.44,5977,2021-06-04 16:40:00,MKTX
449.58,449.58,449.495,449.495,200,2021-06-04 16:45:00,MKTX
449.62,449.63,449.44,449.595,800,2021-06-04 16:50:00,MKTX
449.47,449.88,449.47,449.88,400,2021-06-04 16:55:00,MKTX
449.455,450.02,449.06,449.3,1700,2021-06-04 17:00:00,MKTX
449.63,450.34,449.51,450.22,6949,2021-06-04 17:05:00,MKTX
449.97,449.99,449.85,449.99,1000,2021-06-04 17:10:00,MKTX
450.0,450.31,449.59,449.9,3094,2021-06-04 17:15:00,MKTX
449.91,450.25,449.9,450.06,2300,2021-06-04 17:20:00,MKTX
449.91,450.15,449.91,450.15,700,2021-06-04 17:25:00,MKTX
449.65,449.95,449.65,449.95,200,2021-06-04 17:30:00,MKTX
449.67,450.49,449.67,450.0,900,2021-06-04 17:35:00,MKTX
449.94,450.15,449.94,450.15,406,2021-06-04 17:40:00,MKTX
450.21,450.21,450.09,450.09,300,2021-06-04 17:45:00,MKTX
449.89,449.97,449.775,449.97,400,2021-06-04 17:50:00,MKTX
450.0,450.07,449.61,450.0,1000,2021-06-04 17:55:00,MKTX
449.92,450.0,449.92,449.96,400,2021-06-04 18:00:00,MKTX
449.985,450.23,449.895,449.935,600,2021-06-04 18:05:00,MKTX
449.925,450.33,449.925,450.075,750,2021-06-04 18:10:00,MKTX
450.35,450.35,450.22,450.22,246,2021-06-04 18:15:00,MKTX
449.94,450.22,449.83,449.97,700,2021-06-04 18:20:00,MKTX
450.09,450.09,449.75,450.05,600,2021-06-04 18:25:00,MKTX
450.04,450.04,450.0,450.0,200,2021-06-04 18:30:00,MKTX
450.0,450.0,449.72,449.89,1000,2021-06-04 18:35:00,MKTX
450.16,450.16,449.8,449.8,200,2021-06-04 18:40:00,MKTX
449.895,450.27,448.85,450.01,6473,2021-06-04 18:50:00,MKTX
450.18,450.18,450.18,450.18,100,2021-06-04 18:55:00,MKTX
449.59,449.99,449.59,449.99,635,2021-06-04 19:00:00,MKTX
449.96,450.36,449.81,449.935,2789,2021-06-04 19:05:00,MKTX
449.99,450.0,449.8,450.0,2608,2021-06-04 19:10:00,MKTX
449.921,449.96,449.72,449.915,774,2021-06-04 19:15:00,MKTX
449.915,450.56,449.745,450.1004,4160,2021-06-04 19:20:00,MKTX
450.0,450.0,449.68,449.9715,2302,2021-06-04 19:25:00,MKTX
450.0,450.0,449.79,450.0,1500,2021-06-04 19:30:00,MKTX
449.92,450.27,449.92,450.27,800,2021-06-04 19:35:00,MKTX
450.03,450.28,450.02,450.28,610,2021-06-04 19:40:00,MKTX
450.1787,450.755,450.16,450.755,2726,2021-06-04 19:45:00,MKTX
450.29,450.48,449.97,450.05,3200,2021-06-04 19:50:00,MKTX
450.05,450.4,449.7,450.39,8784,2021-06-04 19:55:00,MKTX
450.23,450.23,450.23,450.23,23921,2021-06-04 20:00:00,MKTX
450.23,450.23,450.23,450.23,343,2021-06-04 20:45:00,MKTX
450.23,450.23,450.23,450.23,3236,2021-06-07 12:45:00,MKTX
448.47,448.47,444.89,445.8,5773,2021-06-07 13:30:00,MKTX
445.3848,446.04,445.3848,446.04,300,2021-06-07 13:35:00,MKTX
445.74,446.005,445.12,446.005,500,2021-06-07 13:40:00,MKTX
445.7,445.77,445.49,445.77,300,2021-06-07 13:45:00,MKTX
446.13,446.21,445.13,445.13,1400,2021-06-07 13:50:00,MKTX
444.83,445.5,444.83,445.5,300,2021-06-07 13:55:00,MKTX
444.83,444.83,442.55,442.81,1205,2021-06-07 14:00:00,MKTX
443.41,444.385,443.41,444.385,200,2021-06-07 14:05:00,MKTX
444.38,444.39,442.86,442.9104,1588,2021-06-07 14:10:00,MKTX
442.56,442.56,441.64,442.375,1372,2021-06-07 14:15:00,MKTX
441.96,441.96,441.96,441.96,300,2021-06-07 14:20:00,MKTX
442.53,442.53,442.51,442.51,400,2021-06-07 14:25:00,MKTX
442.65,444.0785,442.65,443.52,2251,2021-06-07 14:30:00,MKTX
444.71,444.71,444.71,444.71,200,2021-06-07 14:35:00,MKTX
444.545,444.795,444.38,444.72,1400,2021-06-07 14:40:00,MKTX
444.48,445.6,443.46,445.6,1823,2021-06-07 14:45:00,MKTX
445.84,446.09,444.97,444.97,1915,2021-06-07 14:50:00,MKTX
445.34,445.48,444.23,444.28,1200,2021-06-07 14:55:00,MKTX
444.74,445.96,444.74,445.23,1539,2021-06-07 15:00:00,MKTX
445.14,445.31,445.14,445.29,408,2021-06-07 15:05:00,MKTX
445.38,445.4,443.85,443.94,5133,2021-06-07 15:10:00,MKTX
443.52,444.0,443.37,443.73,3313,2021-06-07 15:15:00,MKTX
443.72,443.72,443.125,443.125,600,2021-06-07 15:20:00,MKTX
443.23,443.625,443.23,443.27,1588,2021-06-07 15:25:00,MKTX
443.1,443.45,443.1,443.45,300,2021-06-07 15:35:00,MKTX
443.26,443.59,443.26,443.59,725,2021-06-07 15:40:00,MKTX
443.95,444.0,443.795,443.8,2800,2021-06-07 15:45:00,MKTX
444.0,444.995,443.97,444.82,1670,2021-06-07 15:50:00,MKTX
444.96,444.96,444.51,444.51,600,2021-06-07 15:55:00,MKTX
444.105,444.26,444.07,444.105,1300,2021-06-07 16:00:00,MKTX
444.66,445.22,444.66,445.22,200,2021-06-07 16:05:00,MKTX
445.435,445.435,445.415,445.415,200,2021-06-07 16:15:00,MKTX
445.19,445.19,444.665,444.89,1100,2021-06-07 16:20:00,MKTX
444.34,444.34,443.95,443.95,400,2021-06-07 16:25:00,MKTX
443.97,443.97,443.65,443.925,600,2021-06-07 16:30:00,MKTX
443.77,443.77,443.55,443.55,500,2021-06-07 16:40:00,MKTX
443.55,443.7,443.55,443.7,200,2021-06-07 16:50:00,MKTX
443.825,443.825,443.54,443.56,600,2021-06-07 16:55:00,MKTX
443.74,443.74,443.74,443.74,100,2021-06-07 17:00:00,MKTX
443.39,443.75,443.39,443.54,381,2021-06-07 17:05:00,MKTX
443.11,443.11,443.11,443.11,100,2021-06-07 17:10:00,MKTX
442.86,443.41,442.72,443.41,700,2021-06-07 17:15:00,MKTX
443.145,443.185,442.48,442.71,1532,2021-06-07 17:20:00,MKTX
442.21,442.46,442.12,442.34,500,2021-06-07 17:25:00,MKTX
442.36,443.0,442.36,443.0,1906,2021-06-07 17:30:00,MKTX
443.17,443.24,442.92,443.24,520,2021-06-07 17:35:00,MKTX
443.2471,443.2471,442.33,442.33,400,2021-06-07 17:40:00,MKTX
442.5,442.865,442.35,442.865,400,2021-06-07 17:45:00,MKTX
442.96,443.98,442.96,443.95,600,2021-06-07 17:50:00,MKTX
443.74,443.965,443.685,443.965,337,2021-06-07 17:55:00,MKTX
443.89,444.4855,443.89,444.25,926,2021-06-07 18:00:00,MKTX
444.155,444.155,444.155,444.155,200,2021-06-07 18:05:00,MKTX
444.3,444.62,444.3,444.59,500,2021-06-07 18:10:00,MKTX
444.62,445.22,444.62,445.22,500,2021-06-07 18:15:00,MKTX
445.36,445.64,445.36,445.64,300,2021-06-07 18:20:00,MKTX
446.4,446.77,445.88,446.77,1100,2021-06-07 18:25:00,MKTX
446.66,446.66,446.0,446.155,1100,2021-06-07 18:30:00,MKTX
446.43,446.43,446.43,446.43,100,2021-06-07 18:35:00,MKTX
446.625,446.625,446.2,446.2,400,2021-06-07 18:40:00,MKTX
446.01,446.095,446.01,446.095,200,2021-06-07 18:45:00,MKTX
446.095,446.095,446.095,446.095,100,2021-06-07 18:50:00,MKTX
445.77,446.42,445.75,446.42,1000,2021-06-07 18:55:00,MKTX
446.11,446.11,446.07,446.07,200,2021-06-07 19:00:00,MKTX
446.12,446.195,446.12,446.195,300,2021-06-07 19:05:00,MKTX
446.17,446.17,446.17,446.17,107,2021-06-07 19:10:00,MKTX
446.195,446.55,446.195,446.455,1017,2021-06-07 19:15:00,MKTX
446.73,447.23,446.635,447.23,1400,2021-06-07 19:20:00,MKTX
447.02,447.13,446.905,446.93,500,2021-06-07 19:25:00,MKTX
447.12,447.145,446.93,447.125,949,2021-06-07 19:30:00,MKTX
447.06,447.89,446.675,447.6,4550,2021-06-07 19:35:00,MKTX
447.29,447.46,447.24,447.44,575,2021-06-07 19:40:00,MKTX
447.25,447.61,447.08,447.08,2261,2021-06-07 19:45:00,MKTX
447.45,448.31,447.27,448.31,2100,2021-06-07 19:50:00,MKTX
448.71,449.03,447.92,448.27,9035,2021-06-07 19:55:00,MKTX
448.59,448.59,448.59,448.59,41063,2021-06-07 20:00:00,MKTX
448.59,448.59,448.59,448.59,1257,2021-06-07 21:30:00,MKTX
448.59,448.59,448.59,448.59,1021,2021-06-08 12:25:00,MKTX
450.18,450.2,449.11,449.11,2167,2021-06-08 13:30:00,MKTX
449.64,451.47,449.64,450.33,1457,2021-06-08 13:35:00,MKTX
450.83,452.0,450.83,452.0,500,2021-06-08 13:40:00,MKTX
452.14,452.14,451.76,452.14,1400,2021-06-08 13:45:00,MKTX
451.18,451.18,450.74,450.74,300,2021-06-08 13:50:00,MKTX
450.0,450.0,447.82,448.26,994,2021-06-08 14:00:00,MKTX
447.52,447.52,446.56,447.08,801,2021-06-08 14:05:00,MKTX
445.95,446.22,445.85,445.85,680,2021-06-08 14:10:00,MKTX
445.51,446.28,444.99,444.99,3796,2021-06-08 14:15:00,MKTX
445.71,447.9,444.99,446.41,6443,2021-06-08 14:20:00,MKTX
447.12,447.12,445.05,445.275,9467,2021-06-08 14:25:00,MKTX
445.02,445.02,443.74,443.75,1999,2021-06-08 14:30:00,MKTX
443.29,443.29,442.14,442.14,3803,2021-06-08 14:35:00,MKTX
442.14,442.14,441.44,441.44,2224,2021-06-08 14:40:00,MKTX
441.7,441.7,441.7,441.7,100,2021-06-08 14:45:00,MKTX
442.45,442.53,442.45,442.53,200,2021-06-08 14:50:00,MKTX
442.0,442.0,441.39,441.475,935,2021-06-08 14:55:00,MKTX
442.15,443.03,442.15,443.03,596,2021-06-08 15:05:00,MKTX
442.92,443.125,442.52,442.64,966,2021-06-08 15:10:00,MKTX
442.15,442.15,442.0,442.0,1310,2021-06-08 15:15:00,MKTX
441.59,441.77,441.415,441.415,900,2021-06-08 15:20:00,MKTX
441.59,441.74,441.59,441.74,200,2021-06-08 15:30:00,MKTX
441.02,441.02,441.02,441.02,100,2021-06-08 15:35:00,MKTX
441.64,441.64,441.385,441.45,1035,2021-06-08 15:40:00,MKTX
441.745,442.48,441.745,442.335,700,2021-06-08 15:45:00,MKTX
442.02,442.365,441.64,441.64,1341,2021-06-08 15:50:00,MKTX
441.97,441.97,441.63,441.63,200,2021-06-08 16:00:00,MKTX
442.09,442.09,442.09,442.09,100,2021-06-08 16:05:00,MKTX
441.94,441.96,441.69,441.69,400,2021-06-08 16:10:00,MKTX
442.35,442.41,441.78,441.78,300,2021-06-08 16:15:00,MKTX
442.0,442.0,441.79,441.79,300,2021-06-08 16:20:00,MKTX
442.25,442.25,442.25,442.25,171,2021-06-08 16:25:00,MKTX
442.15,442.62,442.15,442.31,3100,2021-06-08 16:30:00,MKTX
443.26,443.66,443.26,443.66,1198,2021-06-08 16:40:00,MKTX
443.88,443.88,443.88,443.88,100,2021-06-08 16:50:00,MKTX
444.3,444.3,444.3,444.3,200,2021-06-08 17:00:00,MKTX
444.09,444.09,444.09,444.09,100,2021-06-08 17:05:00,MKTX
443.91,443.91,443.91,443.91,100,2021-06-08 17:10:00,MKTX
443.85,443.85,443.85,443.85,100,2021-06-08 17:15:00,MKTX
443.31,443.31,442.7,442.93,1000,2021-06-08 17:25:00,MKTX
443.42,443.42,443.42,443.42,100,2021-06-08 17:30:00,MKTX
442.53,442.74,442.52,442.74,300,2021-06-08 17:35:00,MKTX
443.23,443.23,443.23,443.23,100,2021-06-08 17:40:00,MKTX
443.21,443.21,441.76,441.94,1428,2021-06-08 17:45:00,MKTX
441.8,441.8,441.25,441.44,400,2021-06-08 17:50:00,MKTX
441.35,441.385,441.01,441.385,303,2021-06-08 18:00:00,MKTX
441.75,442.3599,441.73,441.97,999,2021-06-08 18:05:00,MKTX
441.8081,441.8081,441.45,441.62,986,2021-06-08 18:10:00,MKTX
441.35,441.35,441.35,441.35,100,2021-06-08 18:15:00,MKTX
441.41,442.065,441.25,442.065,617,2021-06-08 18:20:00,MKTX
441.31,441.31,441.31,441.31,100,2021-06-08 18:25:00,MKTX
441.29,441.29,441.29,441.29,100,2021-06-08 18:30:00,MKTX
441.85,441.85,441.67,441.67,400,2021-06-08 18:35:00,MKTX
441.39,441.605,441.25,441.41,1183,2021-06-08 18:40:00,MKTX
441.51,441.59,441.51,441.59,300,2021-06-08 18:45:00,MKTX
441.26,441.995,441.26,441.5,1100,2021-06-08 18:50:00,MKTX
441.625,441.8,441.44,441.44,978,2021-06-08 18:55:00,MKTX
441.57,441.95,441.35,441.58,1355,2021-06-08 19:05:00,MKTX
441.38,441.82,441.15,441.15,916,2021-06-08 19:10:00,MKTX
440.93,440.99,440.62,440.62,1527,2021-06-08 19:15:00,MKTX
441.25,441.34,441.16,441.16,1206,2021-06-08 19:20:00,MKTX
441.25,441.26,441.25,441.26,200,2021-06-08 19:25:00,MKTX
441.13,441.54,440.87,440.87,1504,2021-06-08 19:30:00,MKTX
441.29,441.7,441.13,441.18,2000,2021-06-08 19:35:00,MKTX
441.25,441.39,441.17,441.39,8185,2021-06-08 19:40:00,MKTX
441.44,441.81,441.22,441.31,1730,2021-06-08 19:45:00,MKTX
441.23,441.34,441.02,441.2,1600,2021-06-08 19:50:00,MKTX
441.07,441.31,440.44,440.44,4939,2021-06-08 19:55:00,MKTX
440.76,440.76,440.76,440.76,22416,2021-06-08 20:00:00,MKTX
441.86,443.61,440.76,443.51,2524,2021-06-09 13:30:00,MKTX
442.87,442.95,441.645,441.71,800,2021-06-09 13:35:00,MKTX
442.17,442.48,441.685,442.48,1000,2021-06-09 13:40:00,MKTX
440.89,441.54,440.2301,440.885,1500,2021-06-09 13:50:00,MKTX
441.22,441.3,440.74,441.085,700,2021-06-09 13:55:00,MKTX
441.38,441.6679,440.13,440.13,1494,2021-06-09 14:00:00,MKTX
439.25,439.25,438.02,438.02,900,2021-06-09 14:10:00,MKTX
438.37,439.83,437.3,439.83,3470,2021-06-09 14:15:00,MKTX
439.15,440.31,438.31,438.67,6671,2021-06-09 14:20:00,MKTX
438.11,439.43,438.02,438.64,1033,2021-06-09 14:25:00,MKTX
438.38,438.5229,438.11,438.13,500,2021-06-09 14:30:00,MKTX
438.72,438.72,438.72,438.72,100,2021-06-09 14:40:00,MKTX
438.3,438.3,438.29,438.29,200,2021-06-09 14:45:00,MKTX
438.34,438.45,437.99,437.99,300,2021-06-09 14:50:00,MKTX
437.47,438.82,437.47,438.82,811,2021-06-09 14:55:00,MKTX
439.15,439.15,438.9,438.9,400,2021-06-09 15:00:00,MKTX
438.92,439.23,438.65,438.775,2100,2021-06-09 15:05:00,MKTX
438.435,438.435,438.09,438.09,200,2021-06-09 15:10:00,MKTX
438.655,438.88,438.44,438.88,332,2021-06-09 15:15:00,MKTX
438.39,438.89,438.39,438.89,400,2021-06-09 15:20:00,MKTX
438.695,438.695,438.695,438.695,100,2021-06-09 15:25:00,MKTX
438.45,438.45,438.45,438.45,200,2021-06-09 15:30:00,MKTX
438.12,438.55,438.11,438.34,1300,2021-06-09 15:35:00,MKTX
438.04,438.27,438.04,438.27,300,2021-06-09 15:40:00,MKTX
438.12,438.12,438.12,438.12,258,2021-06-09 15:45:00,MKTX
437.805,437.805,437.64,437.64,300,2021-06-09 15:50:00,MKTX
437.5,437.5,436.34,436.34,700,2021-06-09 15:55:00,MKTX
436.7521,436.7521,436.7521,436.7521,127,2021-06-09 16:00:00,MKTX
436.28,436.28,436.07,436.07,300,2021-06-09 16:05:00,MKTX
436.71,438.0,436.36,437.61,5059,2021-06-09 16:10:00,MKTX
436.97,437.9084,436.97,437.9084,1142,2021-06-09 16:15:00,MKTX
437.59,438.2,437.59,438.2,700,2021-06-09 16:20:00,MKTX
438.14,438.14,438.14,438.14,300,2021-06-09 16:25:00,MKTX
438.47,438.68,438.46,438.46,348,2021-06-09 16:30:00,MKTX
438.22,438.38,438.22,438.38,200,2021-06-09 16:35:00,MKTX
438.28,438.28,437.87,438.0,645,2021-06-09 16:40:00,MKTX
438.15,438.2271,438.15,438.2271,310,2021-06-09 16:45:00,MKTX
438.53,438.53,438.12,438.12,600,2021-06-09 16:50:00,MKTX
437.86,438.0,437.83,437.83,400,2021-06-09 16:55:00,MKTX
437.92,437.92,437.92,437.92,100,2021-06-09 17:00:00,MKTX
437.92,437.92,437.5,437.5,200,2021-06-09 17:05:00,MKTX
437.14,437.14,436.72,436.72,200,2021-06-09 17:10:00,MKTX
436.63,437.23,436.37,437.23,1400,2021-06-09 17:15:00,MKTX
437.94,437.94,437.94,437.94,100,2021-06-09 17:20:00,MKTX
437.64,438.06,437.33,438.06,700,2021-06-09 17:25:00,MKTX
437.405,437.99,437.405,437.99,400,2021-06-09 17:30:00,MKTX
437.67,437.67,437.67,437.67,147,2021-06-09 17:35:00,MKTX
437.22,437.22,436.75,436.75,700,2021-06-09 17:40:00,MKTX
436.48,436.5,435.94,435.98,2245,2021-06-09 17:45:00,MKTX
435.65,436.3,435.65,436.1174,703,2021-06-09 17:50:00,MKTX
436.31,436.615,435.76,436.0,2300,2021-06-09 17:55:00,MKTX
436.13,436.13,435.8,435.8,300,2021-06-09 18:00:00,MKTX
436.02,436.02,435.45,435.45,696,2021-06-09 18:05:00,MKTX
435.26,435.26,434.73,434.73,400,2021-06-09 18:10:00,MKTX
435.11,435.475,435.11,435.275,600,2021-06-09 18:15:00,MKTX
435.3,435.405,435.19,435.405,1783,2021-06-09 18:20:00,MKTX
435.52,435.715,435.52,435.715,400,2021-06-09 18:25:00,MKTX
435.45,436.3452,435.45,435.9,2700,2021-06-09 18:30:00,MKTX
435.51,435.745,435.51,435.62,300,2021-06-09 18:35:00,MKTX
435.62,435.62,435.62,435.62,200,2021-06-09 18:40:00,MKTX
435.54,435.54,435.155,435.155,943,2021-06-09 18:45:00,MKTX
435.11,435.11,434.8,434.88,600,2021-06-09 18:50:00,MKTX
434.98,434.98,434.26,434.78,2000,2021-06-09 18:55:00,MKTX
434.44,435.09,434.44,435.0,1862,2021-06-09 19:00:00,MKTX
434.98,435.4,434.96,435.4,600,2021-06-09 19:05:00,MKTX
436.08,436.08,435.75,435.75,400,2021-06-09 19:15:00,MKTX
435.32,435.54,435.32,435.54,200,2021-06-09 19:20:00,MKTX
435.5,435.5,434.84,434.84,907,2021-06-09 19:25:00,MKTX
434.81,434.81,434.15,434.38,2537,2021-06-09 19:30:00,MKTX
434.11,434.5,434.04,434.05,1807,2021-06-09 19:35:00,MKTX
434.46,434.49,434.1,434.1,1700,2021-06-09 19:40:00,MKTX
434.09,434.17,433.73,433.89,2407,2021-06-09 19:45:00,MKTX
433.87,434.17,433.39,433.935,4100,2021-06-09 19:50:00,MKTX
433.77,434.33,433.26,433.45,18293,2021-06-09 19:55:00,MKTX
433.62,433.62,433.62,433.62,20933,2021-06-09 20:00:00,MKTX
434.8,435.09,431.78,431.78,3364,2021-06-10 13:30:00,MKTX
432.89,433.41,432.86,433.05,1716,2021-06-10 13:35:00,MKTX
433.05,433.66,432.88,432.88,1100,2021-06-10 13:40:00,MKTX
431.59,434.75,431.59,433.39,8848,2021-06-10 13:45:00,MKTX
433.84,433.84,433.23,433.37,500,2021-06-10 13:50:00,MKTX
432.9644,434.51,432.9644,433.93,3842,2021-06-10 13:55:00,MKTX
434.08,436.15,433.31,436.15,18262,2021-06-10 14:00:00,MKTX
436.09,436.16,435.095,435.215,2350,2021-06-10 14:05:00,MKTX
435.22,435.395,434.53,434.53,1111,2021-06-10 14:10:00,MKTX
434.6,434.66,434.6,434.66,200,2021-06-10 14:15:00,MKTX
435.25,435.39,434.795,434.795,1662,2021-06-10 14:20:00,MKTX
434.745,434.75,434.2,434.2,1610,2021-06-10 14:25:00,MKTX
434.99,436.155,434.99,435.99,946,2021-06-10 14:30:00,MKTX
436.15,436.15,434.56,434.56,1600,2021-06-10 14:35:00,MKTX
434.62,434.62,434.62,434.62,800,2021-06-10 14:40:00,MKTX
434.15,434.15,433.31,433.31,1169,2021-06-10 14:45:00,MKTX
433.08,433.08,432.79,432.79,200,2021-06-10 14:50:00,MKTX
434.0,434.0,434.0,434.0,100,2021-06-10 14:55:00,MKTX
433.82,434.63,433.8,433.8,752,2021-06-10 15:00:00,MKTX
434.05,434.05,434.05,434.05,200,2021-06-10 15:05:00,MKTX
434.53,434.77,434.425,434.72,700,2021-06-10 15:10:00,MKTX
435.0,435.435,434.46,434.96,7208,2021-06-10 15:15:00,MKTX
434.87,435.65,434.87,435.435,13389,2021-06-10 15:20:00,MKTX
435.41,435.61,434.78,435.1,3504,2021-06-10 15:25:00,MKTX
434.91,435.115,434.795,434.92,3253,2021-06-10 15:30:00,MKTX
434.83,435.4,434.55,435.125,17352,2021-06-10 15:35:00,MKTX
435.05,435.17,434.84,434.93,6071,2021-06-10 15:40:00,MKTX
435.05,435.74,434.855,435.23,10442,2021-06-10 15:45:00,MKTX
435.3,435.8,434.72,434.9,10173,2021-06-10 15:50:00,MKTX
435.27,435.27,434.43,434.4896,2202,2021-06-10 15:55:00,MKTX
435.07,435.07,434.4656,434.8,5192,2021-06-10 16:00:00,MKTX
434.55,434.86,434.4,434.86,2409,2021-06-10 16:05:00,MKTX
434.68,435.405,434.51,435.01,10955,2021-06-10 16:10:00,MKTX
434.84,435.35,434.47,434.88,8765,2021-06-10 16:15:00,MKTX
434.81,435.23,434.73,435.02,5950,2021-06-10 16:20:00,MKTX
435.03,435.07,434.925,435.0,3015,2021-06-10 16:25:00,MKTX
435.02,435.155,434.68,434.68,1053,2021-06-10 16:30:00,MKTX
434.685,434.74,434.44,434.74,300,2021-06-10 16:35:00,MKTX
434.6,435.1,434.46,434.46,2588,2021-06-10 16:40:00,MKTX
434.54,434.6,434.48,434.525,2000,2021-06-10 16:45:00,MKTX
434.525,434.61,434.145,434.145,4750,2021-06-10 16:50:00,MKTX
434.35,434.45,434.03,434.03,1811,2021-06-10 16:55:00,MKTX
434.02,434.06,433.84,433.84,1172,2021-06-10 17:00:00,MKTX
434.0,434.0,434.0,434.0,100,2021-06-10 17:05:00,MKTX
434.05,434.12,433.81,433.855,703,2021-06-10 17:10:00,MKTX
434.09,434.09,433.33,433.77,4472,2021-06-10 17:15:00,MKTX
433.51,433.845,433.28,433.845,400,2021-06-10 17:20:00,MKTX
433.905,433.905,433.61,433.67,500,2021-06-10 17:25:00,MKTX
433.62,433.905,433.34,433.34,1000,2021-06-10 17:30:00,MKTX
433.515,433.515,433.18,433.32,500,2021-06-10 17:35:00,MKTX
433.38,433.38,433.08,433.255,900,2021-06-10 17:40:00,MKTX
433.48,433.48,433.35,433.35,200,2021-06-10 17:45:00,MKTX
433.7,433.7,433.03,433.03,1110,2021-06-10 17:50:00,MKTX
432.87,433.13,432.86,433.08,900,2021-06-10 17:55:00,MKTX
433.095,433.2,433.07,433.2,1261,2021-06-10 18:00:00,MKTX
433.26,433.44,432.98,433.06,1102,2021-06-10 18:05:00,MKTX
433.02,433.02,432.86,432.86,352,2021-06-10 18:10:00,MKTX
432.65,432.67,432.45,432.58,900,2021-06-10 18:20:00,MKTX
433.18,433.295,432.72,432.79,2300,2021-06-10 18:25:00,MKTX
432.72,432.72,432.24,432.24,2777,2021-06-10 18:30:00,MKTX
432.45,432.67,432.23,432.66,5753,2021-06-10 18:35:00,MKTX
432.61,432.61,432.5704,432.5704,200,2021-06-10 18:40:00,MKTX
432.92,433.04,432.91,433.035,600,2021-06-10 18:45:00,MKTX
432.91,433.44,432.91,433.44,900,2021-06-10 18:50:00,MKTX
433.7,434.225,433.7,433.95,895,2021-06-10 18:55:00,MKTX
433.79,433.9,433.28,433.305,2400,2021-06-10 19:00:00,MKTX
433.34,433.34,432.11,432.67,3481,2021-06-10 19:05:00,MKTX
432.72,433.065,432.72,432.85,2000,2021-06-10 19:10:00,MKTX
433.12,433.355,433.095,433.095,900,2021-06-10 19:15:00,MKTX
433.11,433.48,433.11,433.19,2587,2021-06-10 19:20:00,MKTX
433.29,433.29,432.625,432.925,1481,2021-06-10 19:25:00,MKTX
433.025,433.59,432.755,432.755,6598,2021-06-10 19:30:00,MKTX
432.7,432.965,432.665,432.665,2045,2021-06-10 19:35:00,MKTX
432.6,432.62,432.35,432.385,4333,2021-06-10 19:40:00,MKTX
432.57,433.47,432.11,433.45,7187,2021-06-10 19:45:00,MKTX
433.98,433.98,432.8,433.3,7965,2021-06-10 19:50:00,MKTX
433.06,433.35,432.71,432.9,11767,2021-06-10 19:55:00,MKTX
432.89,432.89,432.89,432.89,42907,2021-06-10 20:00:00,MKTX
432.89,432.89,432.89,432.89,449,2021-06-10 20:10:00,MKTX
435.86,437.525,434.13,435.705,4103,2021-06-11 13:30:00,MKTX
435.05,436.93,434.64,436.8,1200,2021-06-11 13:35:00,MKTX
435.86,438.35,435.86,437.955,3026,2021-06-11 13:40:00,MKTX
437.92,438.99,437.92,438.87,1037,2021-06-11 13:45:00,MKTX
439.67,440.58,439.67,440.22,800,2021-06-11 13:50:00,MKTX
440.21,440.98,440.21,440.96,500,2021-06-11 13:55:00,MKTX
442.22,442.22,440.885,440.885,607,2021-06-11 14:00:00,MKTX
440.78,441.26,440.78,441.26,300,2021-06-11 14:05:00,MKTX
441.37,442.85,441.37,442.85,500,2021-06-11 14:10:00,MKTX
442.99,442.99,442.73,442.73,300,2021-06-11 14:15:00,MKTX
442.22,442.22,441.46,441.56,500,2021-06-11 14:20:00,MKTX
441.86,442.61,441.68,442.48,1200,2021-06-11 14:25:00,MKTX
442.48,442.48,442.15,442.22,1175,2021-06-11 14:30:00,MKTX
441.74,441.74,440.3,440.3,600,2021-06-11 14:35:00,MKTX
439.45,439.45,438.75,438.75,300,2021-06-11 14:45:00,MKTX
438.5,438.8,438.5,438.505,300,2021-06-11 14:50:00,MKTX
438.525,438.525,437.97,437.97,800,2021-06-11 14:55:00,MKTX
438.115,438.115,437.98,437.98,200,2021-06-11 15:00:00,MKTX
437.79,438.99,437.705,438.99,1100,2021-06-11 15:05:00,MKTX
439.1,439.94,439.1,439.94,500,2021-06-11 15:10:00,MKTX
439.58,440.87,439.42,439.42,2879,2021-06-11 15:15:00,MKTX
439.03,439.7,438.84,439.155,1300,2021-06-11 15:20:00,MKTX
439.0,439.63,438.39,439.15,2549,2021-06-11 15:25:00,MKTX
438.875,439.01,438.04,438.04,400,2021-06-11 15:30:00,MKTX
438.54,438.54,438.15,438.16,510,2021-06-11 15:35:00,MKTX
438.11,438.11,437.28,437.28,1605,2021-06-11 15:40:00,MKTX
437.75,437.75,437.75,437.75,100,2021-06-11 15:45:00,MKTX
438.0,438.0,438.0,438.0,100,2021-06-11 15:50:00,MKTX
438.035,438.94,438.035,438.89,700,2021-06-11 15:55:00,MKTX
438.89,439.335,438.87,439.335,500,2021-06-11 16:00:00,MKTX
439.22,439.63,439.22,439.63,587,2021-06-11 16:05:00,MKTX
439.68,439.68,439.03,439.03,400,2021-06-11 16:10:00,MKTX
438.9,438.9,438.21,438.21,500,2021-06-11 16:15:00,MKTX
438.68,438.68,438.57,438.57,300,2021-06-11 16:20:00,MKTX
438.37,438.37,438.37,438.37,100,2021-06-11 16:25:00,MKTX
438.3,438.3,437.93,437.93,400,2021-06-11 16:30:00,MKTX
437.93,437.93,437.93,437.93,100,2021-06-11 16:35:00,MKTX
437.43,437.43,437.43,437.43,100,2021-06-11 16:45:00,MKTX
437.96,438.04,437.96,438.04,200,2021-06-11 16:50:00,MKTX
437.83,437.83,437.81,437.81,200,2021-06-11 16:55:00,MKTX
437.68,437.68,437.36,437.36,300,2021-06-11 17:00:00,MKTX
436.83,436.83,436.52,436.52,300,2021-06-11 17:05:00,MKTX
437.035,437.11,436.89,436.89,1200,2021-06-11 17:15:00,MKTX
436.77,436.77,436.38,436.5894,1749,2021-06-11 17:20:00,MKTX
436.88,437.84,436.63,436.63,4782,2021-06-11 17:25:00,MKTX
436.63,437.21,436.63,436.89,2496,2021-06-11 17:30:00,MKTX
436.69,436.69,436.69,436.69,100,2021-06-11 17:35:00,MKTX
437.085,437.085,437.085,437.085,100,2021-06-11 17:40:00,MKTX
437.74,437.74,437.74,437.74,100,2021-06-11 17:45:00,MKTX
438.055,438.055,437.8,437.8,500,2021-06-11 17:50:00,MKTX
437.69,437.98,437.69,437.73,700,2021-06-11 17:55:00,MKTX
437.97,438.25,437.97,438.17,731,2021-06-11 18:00:00,MKTX
438.64,438.64,438.395,438.395,212,2021-06-11 18:05:00,MKTX
438.72,438.79,438.435,438.435,800,2021-06-11 18:10:00,MKTX
438.13,438.81,438.13,438.81,600,2021-06-11 18:15:00,MKTX
438.69,438.69,438.68,438.68,200,2021-06-11 18:20:00,MKTX
439.115,439.12,438.84,439.12,300,2021-06-11 18:25:00,MKTX
439.52,439.52,439.52,439.52,100,2021-06-11 18:30:00,MKTX
439.685,439.71,439.22,439.565,1000,2021-06-11 18:35:00,MKTX
439.42,439.42,438.53,438.53,900,2021-06-11 18:40:00,MKTX
438.61,438.61,438.61,438.61,100,2021-06-11 18:45:00,MKTX
438.66,438.66,438.66,438.66,100,2021-06-11 18:50:00,MKTX
438.535,438.66,438.535,438.66,200,2021-06-11 18:55:00,MKTX
438.5,438.5,438.28,438.28,300,2021-06-11 19:00:00,MKTX
438.22,438.245,438.09,438.245,750,2021-06-11 19:05:00,MKTX
438.43,438.64,438.43,438.45,500,2021-06-11 19:10:00,MKTX
438.635,438.95,438.635,438.95,200,2021-06-11 19:15:00,MKTX
438.75,438.82,438.57,438.78,700,2021-06-11 19:20:00,MKTX
438.775,438.775,438.53,438.53,200,2021-06-11 19:25:00,MKTX
438.815,439.31,438.79,439.31,1476,2021-06-11 19:30:00,MKTX
439.2,439.27,438.39,438.39,1000,2021-06-11 19:35:00,MKTX
438.23,439.36,438.15,439.36,1300,2021-06-11 19:40:00,MKTX
439.11,440.4,439.09,439.57,11500,2021-06-11 19:45:00,MKTX
439.73,440.68,439.54,440.46,3800,2021-06-11 19:50:00,MKTX
440.5,440.96,439.72,440.77,7777,2021-06-11 19:55:00,MKTX
440.86,440.86,440.86,440.86,22107,2021-06-11 20:00:00,MKTX
445.86,445.86,445.86,445.86,100,2021-06-14 13:25:00,MKTX
443.52,443.52,442.24,442.63,3918,2021-06-14 13:30:00,MKTX
441.76,443.005,441.29,443.005,300,2021-06-14 13:35:00,MKTX
443.0,445.45,443.0,444.48,1823,2021-06-14 13:40:00,MKTX
444.635,444.64,444.635,444.64,400,2021-06-14 13:45:00,MKTX
444.15,444.535,443.76,443.76,400,2021-06-14 13:55:00,MKTX
443.6,444.105,443.6,444.105,200,2021-06-14 14:00:00,MKTX
444.105,445.44,443.38,445.395,1710,2021-06-14 14:05:00,MKTX
445.0,445.89,444.035,445.325,10003,2021-06-14 14:10:00,MKTX
445.465,446.06,445.465,445.57,2110,2021-06-14 14:15:00,MKTX
445.19,446.51,445.19,445.98,800,2021-06-14 14:20:00,MKTX
446.07,447.85,446.07,447.85,1000,2021-06-14 14:25:00,MKTX
447.33,447.5,447.055,447.27,1200,2021-06-14 14:30:00,MKTX
447.0,447.0,446.5,446.55,700,2021-06-14 14:35:00,MKTX
447.48,447.48,446.386,446.386,595,2021-06-14 14:40:00,MKTX
447.01,447.64,447.01,447.64,600,2021-06-14 14:45:00,MKTX
447.36,447.96,447.36,447.96,300,2021-06-14 14:50:00,MKTX
447.72,447.72,447.07,447.07,500,2021-06-14 14:55:00,MKTX
446.5,446.57,446.275,446.275,900,2021-06-14 15:00:00,MKTX
445.7,447.1,445.38,447.1,1904,2021-06-14 15:05:00,MKTX
448.0,448.41,447.95,448.24,850,2021-06-14 15:10:00,MKTX
448.0942,448.585,448.01,448.585,600,2021-06-14 15:15:00,MKTX
448.85,449.51,448.48,448.4922,2300,2021-06-14 15:20:00,MKTX
448.47,448.47,447.37,447.84,800,2021-06-14 15:25:00,MKTX
447.775,447.89,447.775,447.89,400,2021-06-14 15:30:00,MKTX
447.96,448.85,447.95,448.85,500,2021-06-14 15:35:00,MKTX
448.68,448.86,448.07,448.07,800,2021-06-14 15:40:00,MKTX
448.49,448.78,448.425,448.59,1322,2021-06-14 15:45:00,MKTX
448.59,448.78,448.18,448.45,1424,2021-06-14 15:50:00,MKTX
448.52,448.6,447.97,447.97,800,2021-06-14 15:55:00,MKTX
447.9,448.825,447.89,448.825,1100,2021-06-14 16:00:00,MKTX
448.53,449.58,448.48,449.58,1406,2021-06-14 16:05:00,MKTX
449.54,449.54,449.54,449.54,100,2021-06-14 16:10:00,MKTX
449.75,450.04,449.56,449.56,600,2021-06-14 16:15:00,MKTX
449.46,449.46,448.7,448.995,1100,2021-06-14 16:20:00,MKTX
448.72,449.165,448.72,449.165,400,2021-06-14 16:25:00,MKTX
449.05,449.05,448.04,448.65,900,2021-06-14 16:30:00,MKTX
447.935,448.5,447.935,448.17,700,2021-06-14 16:35:00,MKTX
447.965,448.0,447.9,447.96,800,2021-06-14 16:40:00,MKTX
448.105,448.73,448.105,448.29,1500,2021-06-14 16:45:00,MKTX
448.42,449.65,448.42,449.5075,9092,2021-06-14 16:50:00,MKTX
449.3275,449.48,449.14,449.14,1200,2021-06-14 16:55:00,MKTX
449.165,449.165,449.165,449.165,100,2021-06-14 17:00:00,MKTX
449.14,449.41,449.14,449.19,1400,2021-06-14 17:05:00,MKTX
449.37,449.56,449.13,449.17,800,2021-06-14 17:10:00,MKTX
448.9,448.9,448.69,448.69,500,2021-06-14 17:15:00,MKTX
448.47,449.56,448.44,449.3,1300,2021-06-14 17:20:00,MKTX
449.53,449.94,449.53,449.75,1307,2021-06-14 17:25:00,MKTX
449.81,450.29,449.81,449.89,1086,2021-06-14 17:30:00,MKTX
449.95,450.22,449.811,450.2,598,2021-06-14 17:35:00,MKTX
450.14,450.58,450.14,450.53,700,2021-06-14 17:40:00,MKTX
450.94,450.94,450.65,450.68,300,2021-06-14 17:50:00,MKTX
450.5,450.5,450.35,450.43,300,2021-06-14 17:55:00,MKTX
450.81,451.145,450.75,451.06,400,2021-06-14 18:00:00,MKTX
451.13,451.28,450.87,450.87,1111,2021-06-14 18:05:00,MKTX
450.26,450.72,450.23,450.72,700,2021-06-14 18:15:00,MKTX
450.18,450.895,450.18,450.39,845,2021-06-14 18:20:00,MKTX
450.5125,450.5125,450.5125,450.5125,100,2021-06-14 18:25:00,MKTX
450.485,450.67,450.485,450.56,500,2021-06-14 18:30:00,MKTX
451.04,451.29,450.87,450.87,600,2021-06-14 18:35:00,MKTX
450.99,451.63,450.99,451.23,1300,2021-06-14 18:40:00,MKTX
451.11,451.52,451.11,451.44,400,2021-06-14 18:45:00,MKTX
451.38,452.28,451.38,452.21,1913,2021-06-14 18:50:00,MKTX
452.4591,453.1063,452.4591,453.1063,1165,2021-06-14 18:55:00,MKTX
453.56,454.42,453.52,454.42,2900,2021-06-14 19:00:00,MKTX
454.24,454.24,454.1,454.155,300,2021-06-14 19:05:00,MKTX
454.1,454.3,453.81,454.0825,2876,2021-06-14 19:10:00,MKTX
453.97,454.22,453.97,454.22,1545,2021-06-14 19:15:00,MKTX
454.22,454.22,453.79,454.16,2089,2021-06-14 19:20:00,MKTX
453.98,454.475,453.98,454.475,500,2021-06-14 19:25:00,MKTX
454.46,454.495,452.785,452.82,3540,2021-06-14 19:30:00,MKTX
452.92,453.97,452.86,453.73,4234,2021-06-14 19:35:00,MKTX
453.98,454.23,453.77,453.92,3024,2021-06-14 19:40:00,MKTX
453.945,454.76,453.945,454.51,1655,2021-06-14 19:45:00,MKTX
454.37,454.37,453.87,454.205,3910,2021-06-14 19:50:00,MKTX
454.37,455.1,454.05,455.1,7538,2021-06-14 19:55:00,MKTX
454.71,454.71,454.71,454.71,23010,2021-06-14 20:00:00,MKTX
454.71,454.71,454.71,454.71,954,2021-06-15 12:25:00,MKTX
454.71,454.71,454.71,454.71,195,2021-06-15 13:15:00,MKTX
454.71,456.4622,452.65,452.65,3199,2021-06-15 13:30:00,MKTX
452.73,454.12,452.73,454.12,300,2021-06-15 13:35:00,MKTX
453.1,453.61,453.1,453.61,200,2021-06-15 13:40:00,MKTX
453.12,454.21,453.12,454.21,720,2021-06-15 13:45:00,MKTX
454.41,454.56,453.415,453.415,600,2021-06-15 13:50:00,MKTX
453.25,454.0,453.07,453.9,700,2021-06-15 13:55:00,MKTX
453.93,454.36,453.26,453.995,2992,2021-06-15 14:00:00,MKTX
453.91,455.55,453.91,455.31,3200,2021-06-15 14:05:00,MKTX
455.12,457.54,455.05,456.95,2395,2021-06-15 14:10:00,MKTX
456.43,456.44,455.6,456.44,2400,2021-06-15 14:15:00,MKTX
456.57,456.91,456.57,456.77,500,2021-06-15 14:20:00,MKTX
456.765,456.8,456.22,456.28,2200,2021-06-15 14:25:00,MKTX
456.405,456.9,456.07,456.9,1170,2021-06-15 14:30:00,MKTX
456.62,456.8567,456.09,456.32,775,2021-06-15 14:35:00,MKTX
456.47,456.47,454.78,455.52,1923,2021-06-15 14:40:00,MKTX
455.43,455.43,455.25,455.25,400,2021-06-15 14:45:00,MKTX
455.47,455.47,454.0,454.0,593,2021-06-15 14:50:00,MKTX
453.58,454.19,453.58,454.0,1009,2021-06-15 14:55:00,MKTX
453.61,454.0,453.56,454.0,1000,2021-06-15 15:00:00,MKTX
454.31,454.32,453.87,454.04,900,2021-06-15 15:05:00,MKTX
453.86,453.945,452.76,453.8491,4535,2021-06-15 15:15:00,MKTX
453.76,454.03,453.76,453.98,400,2021-06-15 15:20:00,MKTX
453.72,454.9294,453.69,454.91,3798,2021-06-15 15:25:00,MKTX
454.91,455.37,453.67,453.67,3724,2021-06-15 15:30:00,MKTX
453.87,454.6,452.98,453.61,8498,2021-06-15 15:35:00,MKTX
452.98,453.74,451.545,451.545,4677,2021-06-15 15:40:00,MKTX
451.93,453.27,451.93,453.27,1333,2021-06-15 15:45:00,MKTX
453.26,453.26,453.26,453.26,200,2021-06-15 15:50:00,MKTX
453.175,453.31,452.285,452.43,11287,2021-06-15 15:55:00,MKTX
452.32,452.41,452.32,452.41,800,2021-06-15 16:00:00,MKTX
452.375,452.375,451.54,451.54,613,2021-06-15 16:05:00,MKTX
452.06,452.06,452.06,452.06,200,2021-06-15 16:10:00,MKTX
451.77,452.38,451.6,452.33,900,2021-06-15 16:15:00,MKTX
452.18,452.18,452.18,452.18,100,2021-06-15 16:20:00,MKTX
452.09,452.33,451.91,452.33,400,2021-06-15 16:25:00,MKTX
452.41,453.18,452.41,453.18,500,2021-06-15 16:30:00,MKTX
453.01,453.03,452.87,453.03,600,2021-06-15 16:35:00,MKTX
452.61,452.85,452.235,452.655,700,2021-06-15 16:40:00,MKTX
452.74,453.0,452.74,453.0,200,2021-06-15 16:45:00,MKTX
452.95,453.15,452.95,452.99,803,2021-06-15 16:50:00,MKTX
452.99,453.0,452.99,453.0,200,2021-06-15 16:55:00,MKTX
453.21,453.22,453.08,453.08,400,2021-06-15 17:00:00,MKTX
452.8,452.8,452.56,452.56,300,2021-06-15 17:05:00,MKTX
452.0,452.1,451.975,451.975,500,2021-06-15 17:10:00,MKTX
451.935,452.77,451.59,452.77,1800,2021-06-15 17:15:00,MKTX
453.16,453.25,452.07,452.18,1968,2021-06-15 17:20:00,MKTX
452.13,452.37,452.03,452.37,1100,2021-06-15 17:25:00,MKTX
452.74,452.74,452.74,452.74,100,2021-06-15 17:30:00,MKTX
452.38,452.38,452.38,452.38,100,2021-06-15 17:35:00,MKTX
452.76,452.9,452.28,452.28,965,2021-06-15 17:40:00,MKTX
452.75,452.75,452.75,452.75,115,2021-06-15 17:45:00,MKTX
453.13,453.79,452.65,452.95,1164,2021-06-15 17:50:00,MKTX
453.01,453.01,451.7898,452.36,1005,2021-06-15 17:55:00,MKTX
452.255,452.965,452.255,452.965,600,2021-06-15 18:00:00,MKTX
452.71,452.92,452.29,452.84,1542,2021-06-15 18:05:00,MKTX
452.68,452.845,452.525,452.525,2100,2021-06-15 18:10:00,MKTX
452.53,453.03,452.53,452.785,700,2021-06-15 18:15:00,MKTX
453.04,453.86,452.99,453.86,700,2021-06-15 18:20:00,MKTX
453.85,454.34,453.46,454.17,1045,2021-06-15 18:25:00,MKTX
453.53,454.26,453.53,453.58,400,2021-06-15 18:30:00,MKTX
453.47,453.9,453.47,453.59,400,2021-06-15 18:35:00,MKTX
454.14,454.26,453.6,453.6,1872,2021-06-15 18:40:00,MKTX
453.9,454.21,453.9,454.21,500,2021-06-15 18:45:00,MKTX
454.31,454.31,454.31,454.31,100,2021-06-15 18:50:00,MKTX
454.325,454.325,454.13,454.13,200,2021-06-15 18:55:00,MKTX
453.97,453.97,453.69,453.69,500,2021-06-15 19:00:00,MKTX
453.56,453.56,453.46,453.5044,366,2021-06-15 19:05:00,MKTX
453.63,453.63,453.485,453.485,307,2021-06-15 19:10:00,MKTX
453.12,453.12,453.12,453.12,100,2021-06-15 19:15:00,MKTX
453.55,453.55,452.87,452.895,1400,2021-06-15 19:20:00,MKTX
452.85,453.05,452.71,452.945,1120,2021-06-15 19:25:00,MKTX
453.0,453.215,452.86,453.215,2800,2021-06-15 19:30:00,MKTX
453.13,453.32,452.905,453.01,600,2021-06-15 19:35:00,MKTX
453.0,453.0,452.78,452.9625,2803,2021-06-15 19:40:00,MKTX
453.0,453.58,453.0,453.47,3670,2021-06-15 19:45:00,MKTX
453.365,453.365,452.61,452.61,10904,2021-06-15 19:50:00,MKTX
452.59,453.27,452.42,452.5,9934,2021-06-15 19:55:00,MKTX
452.52,452.52,452.52,452.52,31176,2021-06-15 20:00:00,MKTX
452.52,452.52,452.52,452.52,264,2021-06-16 12:35:00,MKTX
453.84,454.37,453.84,454.37,2374,2021-06-16 13:30:00,MKTX
453.34,453.65,452.89,453.65,800,2021-06-16 13:35:00,MKTX
455.34,455.72,455.17,455.72,400,2021-06-16 13:40:00,MKTX
455.57,456.2966,455.57,455.7,400,2021-06-16 13:45:00,MKTX
455.76,455.76,455.275,455.415,1300,2021-06-16 13:50:00,MKTX
454.67,455.59,454.67,455.59,1700,2021-06-16 13:55:00,MKTX
455.64,455.905,455.5,455.5,600,2021-06-16 14:00:00,MKTX
456.21,456.93,456.21,456.93,594,2021-06-16 14:05:00,MKTX
456.725,456.725,456.725,456.725,100,2021-06-16 14:10:00,MKTX
456.26,456.26,455.11,455.11,300,2021-06-16 14:15:00,MKTX
456.01,456.755,455.96,456.755,1700,2021-06-16 14:20:00,MKTX
457.25,457.76,457.09,457.43,2298,2021-06-16 14:25:00,MKTX
457.76,457.76,456.77,456.77,1700,2021-06-16 14:30:00,MKTX
456.47,456.5294,456.17,456.29,700,2021-06-16 14:35:00,MKTX
456.07,456.07,455.33,455.33,700,2021-06-16 14:40:00,MKTX
454.44,454.8343,453.89,454.8343,2111,2021-06-16 14:45:00,MKTX
453.525,453.8,453.26,453.39,900,2021-06-16 14:50:00,MKTX
453.74,454.4,453.74,453.94,600,2021-06-16 14:55:00,MKTX
453.665,454.0496,453.28,453.28,800,2021-06-16 15:00:00,MKTX
453.01,453.15,451.71,451.71,1805,2021-06-16 15:05:00,MKTX
451.89,452.3,451.54,452.3,2201,2021-06-16 15:10:00,MKTX
452.83,452.83,451.94,452.0,1300,2021-06-16 15:15:00,MKTX
452.17,452.97,452.15,452.4006,898,2021-06-16 15:20:00,MKTX
452.56,453.0,452.48,452.48,600,2021-06-16 15:25:00,MKTX
452.045,453.12,451.42,452.64,7162,2021-06-16 15:30:00,MKTX
452.28,452.32,451.44,451.44,4160,2021-06-16 15:35:00,MKTX
451.54,451.54,451.52,451.52,200,2021-06-16 15:40:00,MKTX
451.7,452.58,451.63,452.58,1109,2021-06-16 15:45:00,MKTX
452.265,452.2964,450.76,450.76,1010,2021-06-16 15:50:00,MKTX
450.61,451.44,450.61,451.44,1200,2021-06-16 15:55:00,MKTX
451.81,451.81,451.81,451.81,100,2021-06-16 16:00:00,MKTX
451.495,451.54,451.495,451.54,200,2021-06-16 16:05:00,MKTX
451.49,451.92,451.36,451.85,600,2021-06-16 16:10:00,MKTX
451.49,451.49,450.98,451.005,500,2021-06-16 16:15:00,MKTX
450.8,450.8,450.24,450.365,520,2021-06-16 16:20:00,MKTX
450.49,450.81,450.49,450.81,1132,2021-06-16 16:25:00,MKTX
451.51,452.03,451.51,452.03,200,2021-06-16 16:30:00,MKTX
452.47,452.47,452.0,452.46,400,2021-06-16 16:35:00,MKTX
452.37,452.48,451.91,452.17,1306,2021-06-16 16:40:00,MKTX
452.21,452.21,452.09,452.09,400,2021-06-16 16:45:00,MKTX
451.29,451.29,451.29,451.29,100,2021-06-16 16:50:00,MKTX
451.53,451.53,451.23,451.23,400,2021-06-16 16:55:00,MKTX
451.26,451.27,450.75,450.75,932,2021-06-16 17:00:00,MKTX
451.24,451.435,451.21,451.43,600,2021-06-16 17:05:00,MKTX
450.97,451.67,450.97,451.28,1437,2021-06-16 17:10:00,MKTX
451.18,451.19,449.69,450.035,1529,2021-06-16 17:15:00,MKTX
450.03,450.69,449.82,449.82,1032,2021-06-16 17:20:00,MKTX
449.64,450.15,448.865,450.15,1400,2021-06-16 17:25:00,MKTX
450.05,450.55,449.83,449.83,500,2021-06-16 17:35:00,MKTX
449.92,449.95,449.6,449.94,1900,2021-06-16 17:40:00,MKTX
450.02,450.1,449.47,449.79,1043,2021-06-16 17:45:00,MKTX
449.59,449.7,449.35,449.68,800,2021-06-16 17:50:00,MKTX
449.78,449.95,448.75,448.75,952,2021-06-16 17:55:00,MKTX
447.78,448.67,446.9,448.67,1700,2021-06-16 18:00:00,MKTX
449.47,450.21,447.93,449.59,2301,2021-06-16 18:05:00,MKTX
449.885,450.24,448.9,449.16,2133,2021-06-16 18:10:00,MKTX
448.18,448.18,447.73,447.73,200,2021-06-16 18:15:00,MKTX
446.7,447.68,446.7,446.92,500,2021-06-16 18:20:00,MKTX
448.0,448.47,448.0,448.47,300,2021-06-16 18:25:00,MKTX
448.28,448.28,447.57,447.58,1004,2021-06-16 18:30:00,MKTX
447.12,447.12,446.74,446.86,600,2021-06-16 18:35:00,MKTX
445.9,446.91,445.89,445.89,900,2021-06-16 18:40:00,MKTX
445.83,446.74,445.83,446.74,1352,2021-06-16 18:45:00,MKTX
446.79,446.91,446.79,446.91,300,2021-06-16 18:50:00,MKTX
447.035,447.54,447.035,447.54,300,2021-06-16 18:55:00,MKTX
447.35,447.62,447.26,447.62,627,2021-06-16 19:00:00,MKTX
448.27,448.76,448.12,448.76,1000,2021-06-16 19:05:00,MKTX
449.26,450.26,449.19,450.1,3000,2021-06-16 19:10:00,MKTX
450.43,450.94,450.41,450.94,600,2021-06-16 19:15:00,MKTX
451.08,451.69,451.08,451.69,300,2021-06-16 19:20:00,MKTX
451.91,451.91,451.37,451.37,300,2021-06-16 19:25:00,MKTX
450.83,450.83,450.175,450.39,900,2021-06-16 19:30:00,MKTX
450.41,450.97,450.25,450.97,700,2021-06-16 19:35:00,MKTX
451.01,451.69,449.68,449.68,1217,2021-06-16 19:40:00,MKTX
449.76,450.09,449.39,449.54,1500,2021-06-16 19:45:00,MKTX
449.01,449.62,448.38,449.62,2700,2021-06-16 19:50:00,MKTX
449.275,450.27,449.25,449.54,10590,2021-06-16 19:55:00,MKTX
449.36,449.36,449.36,449.36,39314,2021-06-16 20:00:00,MKTX
449.36,449.36,449.36,449.36,150,2021-06-17 12:35:00,MKTX
448.66,450.92,448.66,450.92,1348,2021-06-17 13:30:00,MKTX
450.79,450.79,450.79,450.79,100,2021-06-17 13:35:00,MKTX
451.41,451.91,450.98,451.005,1000,2021-06-17 13:40:00,MKTX
452.69,452.69,452.69,452.69,100,2021-06-17 13:50:00,MKTX
454.0,454.37,453.495,454.06,1408,2021-06-17 13:55:00,MKTX
454.02,454.02,453.67,453.67,800,2021-06-17 14:00:00,MKTX
454.27,454.585,453.34,453.99,1900,2021-06-17 14:05:00,MKTX
453.73,454.2,453.29,454.2,1410,2021-06-17 14:10:00,MKTX
454.5,455.35,454.165,455.35,1100,2021-06-17 14:15:00,MKTX
454.955,455.26,454.78,455.26,1300,2021-06-17 14:20:00,MKTX
455.06,455.31,453.93,454.38,3000,2021-06-17 14:25:00,MKTX
454.38,454.82,454.08,454.565,1905,2021-06-17 14:30:00,MKTX
455.14,455.77,454.87,455.77,619,2021-06-17 14:35:00,MKTX
457.27,457.69,457.27,457.69,200,2021-06-17 14:40:00,MKTX
458.575,458.88,458.47,458.47,1170,2021-06-17 14:45:00,MKTX
458.71,458.71,458.15,458.385,300,2021-06-17 14:50:00,MKTX
458.685,458.93,458.03,458.26,1300,2021-06-17 14:55:00,MKTX
458.01,458.19,457.9,458.15,617,2021-06-17 15:00:00,MKTX
458.5,458.665,458.06,458.06,800,2021-06-17 15:05:00,MKTX
457.835,457.835,457.46,457.63,400,2021-06-17 15:10:00,MKTX
459.42,459.77,459.42,459.77,200,2021-06-17 15:15:00,MKTX
460.06,460.06,459.37,459.965,1555,2021-06-17 15:20:00,MKTX
460.035,462.07,459.96,461.88,3033,2021-06-17 15:25:00,MKTX
461.49,462.08,461.49,462.08,300,2021-06-17 15:30:00,MKTX
462.085,463.175,462.085,463.175,657,2021-06-17 15:35:00,MKTX
463.45,464.74,462.755,463.0,9485,2021-06-17 15:40:00,MKTX
463.0,463.435,463.0,463.435,1394,2021-06-17 15:45:00,MKTX
463.575,463.7,463.08,463.1,1214,2021-06-17 15:50:00,MKTX
462.0,462.08,462.0,462.08,300,2021-06-17 15:55:00,MKTX
462.05,462.99,462.05,462.43,825,2021-06-17 16:00:00,MKTX
462.655,462.92,462.625,462.79,700,2021-06-17 16:05:00,MKTX
463.09,463.64,463.06,463.64,699,2021-06-17 16:10:00,MKTX
463.63,463.87,463.3,463.525,1500,2021-06-17 16:15:00,MKTX
463.3221,463.37,462.68,463.2,2701,2021-06-17 16:20:00,MKTX
463.29,464.06,463.29,464.06,1597,2021-06-17 16:25:00,MKTX
464.13,464.82,463.69,464.4,2100,2021-06-17 16:30:00,MKTX
464.65,464.8,464.45,464.45,500,2021-06-17 16:35:00,MKTX
464.82,465.62,464.82,465.62,1900,2021-06-17 16:40:00,MKTX
465.62,465.99,465.3,465.63,2326,2021-06-17 16:45:00,MKTX
465.82,466.33,465.425,465.7,800,2021-06-17 16:50:00,MKTX
465.645,465.97,465.315,465.315,9034,2021-06-17 16:55:00,MKTX
465.19,465.19,463.77,463.77,1900,2021-06-17 17:00:00,MKTX
464.095,464.905,464.095,464.905,300,2021-06-17 17:05:00,MKTX
464.6,464.85,463.89,464.04,1900,2021-06-17 17:10:00,MKTX
464.04,464.645,463.465,463.8796,2800,2021-06-17 17:15:00,MKTX
463.93,464.11,462.81,462.81,3100,2021-06-17 17:20:00,MKTX
463.265,463.29,462.88,463.29,600,2021-06-17 17:25:00,MKTX
463.5,463.5,463.47,463.47,300,2021-06-17 17:30:00,MKTX
463.59,464.56,463.59,463.79,1088,2021-06-17 17:35:00,MKTX
463.81,464.51,463.81,464.165,1000,2021-06-17 17:40:00,MKTX
463.79,463.79,463.44,463.44,900,2021-06-17 17:45:00,MKTX
464.04,464.06,463.835,463.835,636,2021-06-17 17:50:00,MKTX
464.04,464.04,463.61,464.02,900,2021-06-17 17:55:00,MKTX
464.42,464.435,464.19,464.19,500,2021-06-17 18:00:00,MKTX
463.96,463.96,463.18,463.495,2000,2021-06-17 18:05:00,MKTX
463.33,464.13,463.125,463.48,2508,2021-06-17 18:10:00,MKTX
463.21,463.31,463.01,463.15,1300,2021-06-17 18:15:00,MKTX
463.18,463.3,462.58,462.68,2100,2021-06-17 18:20:00,MKTX
462.765,462.96,462.46,462.46,800,2021-06-17 18:25:00,MKTX
462.46,462.46,462.0,462.18,1300,2021-06-17 18:30:00,MKTX
462.07,462.25,461.87,462.25,700,2021-06-17 18:35:00,MKTX
462.26,462.48,462.08,462.48,1200,2021-06-17 18:40:00,MKTX
462.735,463.24,462.675,462.715,900,2021-06-17 18:45:00,MKTX
462.41,462.78,462.38,462.475,1000,2021-06-17 18:50:00,MKTX
463.32,463.79,462.86,463.79,800,2021-06-17 18:55:00,MKTX
463.36,463.36,462.63,463.155,800,2021-06-17 19:00:00,MKTX
463.02,463.12,462.78,462.78,900,2021-06-17 19:05:00,MKTX
463.06,463.52,463.06,463.52,200,2021-06-17 19:10:00,MKTX
463.63,464.0,463.34,463.34,1500,2021-06-17 19:15:00,MKTX
463.12,463.12,461.98,461.98,1200,2021-06-17 19:20:00,MKTX
462.655,462.91,462.52,462.81,700,2021-06-17 19:25:00,MKTX
462.75,462.93,462.26,462.77,2097,2021-06-17 19:30:00,MKTX
462.34,462.54,462.0,462.335,2397,2021-06-17 19:35:00,MKTX
462.2,462.68,462.2,462.56,2361,2021-06-17 19:40:00,MKTX
462.545,463.72,462.54,462.87,5050,2021-06-17 19:45:00,MKTX
462.73,462.95,461.15,461.18,12682,2021-06-17 19:50:00,MKTX
461.035,462.16,460.57,461.29,23759,2021-06-17 19:55:00,MKTX
461.09,461.09,461.09,461.09,40846,2021-06-17 20:00:00,MKTX
458.11,458.11,457.98,457.98,200,2021-06-18 13:25:00,MKTX
458.5,461.36,458.5,460.015,32122,2021-06-18 13:30:00,MKTX
459.32,459.32,455.84,455.84,4200,2021-06-18 13:35:00,MKTX
456.04,456.6,454.07,455.95,1000,2021-06-18 13:40:00,MKTX
455.34,456.62,454.88,455.23,1000,2021-06-18 13:45:00,MKTX
455.56,455.56,453.365,453.365,1000,2021-06-18 13:50:00,MKTX
453.4,455.44,453.35,455.15,1518,2021-06-18 13:55:00,MKTX
454.67,454.67,454.67,454.67,100,2021-06-18 14:00:00,MKTX
454.65,456.48,454.65,455.81,2400,2021-06-18 14:05:00,MKTX
455.25,455.25,455.25,455.25,200,2021-06-18 14:10:00,MKTX
453.645,453.99,453.42,453.685,1142,2021-06-18 14:15:00,MKTX
454.25,454.25,453.955,453.955,500,2021-06-18 14:20:00,MKTX
452.86,455.38,452.86,454.98,800,2021-06-18 14:25:00,MKTX
454.76,455.75,454.59,455.75,1000,2021-06-18 14:30:00,MKTX
455.68,456.34,455.6,455.94,2416,2021-06-18 14:35:00,MKTX
456.33,456.59,456.33,456.59,200,2021-06-18 14:40:00,MKTX
456.62,457.07,455.48,455.48,1400,2021-06-18 14:45:00,MKTX
455.56,455.74,455.23,455.23,401,2021-06-18 14:50:00,MKTX
456.59,457.91,456.59,457.74,1900,2021-06-18 14:55:00,MKTX
456.82,456.88,455.5,455.5,1400,2021-06-18 15:00:00,MKTX
455.22,455.22,454.46,454.46,700,2021-06-18 15:05:00,MKTX
453.25,453.25,452.54,452.54,1375,2021-06-18 15:10:00,MKTX
452.54,454.47,452.54,454.47,780,2021-06-18 15:15:00,MKTX
454.14,454.34,453.51,453.58,1821,2021-06-18 15:20:00,MKTX
453.665,453.665,453.665,453.665,100,2021-06-18 15:25:00,MKTX
453.68,454.25,453.28,454.25,900,2021-06-18 15:30:00,MKTX
454.25,455.96,454.14,455.14,2958,2021-06-18 15:35:00,MKTX
454.11,454.155,454.11,454.155,200,2021-06-18 15:40:00,MKTX
454.27,454.96,454.24,454.96,600,2021-06-18 15:45:00,MKTX
455.12,455.65,454.73,455.34,2208,2021-06-18 15:50:00,MKTX
455.41,455.41,454.945,455.31,1100,2021-06-18 15:55:00,MKTX
455.35,455.66,455.18,455.63,600,2021-06-18 16:00:00,MKTX
455.56,457.38,455.54,457.38,900,2021-06-18 16:05:00,MKTX
457.38,458.12,457.14,457.815,1100,2021-06-18 16:10:00,MKTX
457.67,457.67,457.04,457.5,1169,2021-06-18 16:15:00,MKTX
456.88,456.88,456.66,456.82,700,2021-06-18 16:20:00,MKTX
457.21,457.21,456.76,456.76,1071,2021-06-18 16:25:00,MKTX
456.535,456.535,456.275,456.275,800,2021-06-18 16:30:00,MKTX
456.47,456.6,455.95,456.15,2200,2021-06-18 16:35:00,MKTX
455.98,455.98,455.63,455.93,435,2021-06-18 16:40:00,MKTX
455.72,455.72,454.88,454.88,1000,2021-06-18 16:45:00,MKTX
455.4,456.095,455.4,455.96,400,2021-06-18 16:50:00,MKTX
456.22,456.22,456.14,456.14,300,2021-06-18 16:55:00,MKTX
455.24,455.64,455.22,455.61,800,2021-06-18 17:00:00,MKTX
455.85,456.03,455.83,455.83,500,2021-06-18 17:05:00,MKTX
456.04,456.04,455.76,455.76,200,2021-06-18 17:10:00,MKTX
455.5,455.5,455.14,455.355,400,2021-06-18 17:15:00,MKTX
454.85,455.03,454.63,454.63,400,2021-06-18 17:20:00,MKTX
454.72,455.1,454.72,455.1,500,2021-06-18 17:25:00,MKTX
455.24,455.3,455.24,455.25,500,2021-06-18 17:30:00,MKTX
455.4682,455.4682,454.87,454.87,449,2021-06-18 17:35:00,MKTX
454.75,455.22,454.67,455.22,1071,2021-06-18 17:40:00,MKTX
454.55,454.55,454.55,454.55,100,2021-06-18 17:45:00,MKTX
454.58,454.81,454.58,454.81,300,2021-06-18 17:50:00,MKTX
454.845,455.57,454.845,455.57,200,2021-06-18 17:55:00,MKTX
455.56,455.56,455.19,455.19,400,2021-06-18 18:00:00,MKTX
455.2,455.25,455.02,455.02,828,2021-06-18 18:05:00,MKTX
455.26,455.9,454.97,454.97,845,2021-06-18 18:10:00,MKTX
454.95,454.95,454.84,454.84,200,2021-06-18 18:15:00,MKTX
455.56,455.56,454.95,454.95,500,2021-06-18 18:20:00,MKTX
455.16,455.42,455.16,455.21,500,2021-06-18 18:25:00,MKTX
455.5149,455.5149,455.3,455.3,200,2021-06-18 18:30:00,MKTX
455.05,455.15,453.66,453.66,1554,2021-06-18 18:35:00,MKTX
453.71,453.89,453.71,453.89,413,2021-06-18 18:40:00,MKTX
453.96,453.98,453.73,453.98,580,2021-06-18 18:45:00,MKTX
454.27,454.27,453.72,454.01,898,2021-06-18 18:50:00,MKTX
453.39,453.48,453.39,453.48,300,2021-06-18 18:55:00,MKTX
453.765,453.91,453.7,453.7,800,2021-06-18 19:00:00,MKTX
453.73,453.73,453.1,453.24,500,2021-06-18 19:05:00,MKTX
453.15,453.39,452.92,453.39,3027,2021-06-18 19:10:00,MKTX
453.58,453.825,453.53,453.825,800,2021-06-18 19:15:00,MKTX
454.01,454.965,454.01,454.96,1000,2021-06-18 19:20:00,MKTX
455.295,455.69,455.23,455.69,400,2021-06-18 19:25:00,MKTX
455.65,455.77,455.5,455.58,1200,2021-06-18 19:30:00,MKTX
455.32,455.32,454.86,455.27,1400,2021-06-18 19:35:00,MKTX
455.27,456.435,455.27,456.205,4317,2021-06-18 19:40:00,MKTX
456.205,456.73,455.46,455.46,2500,2021-06-18 19:45:00,MKTX
452.57,453.92,446.33,448.4,38615,2021-06-18 19:50:00,MKTX
448.39,451.14,447.56,449.47,58654,2021-06-18 19:55:00,MKTX
449.54,449.54,449.54,449.54,245113,2021-06-18 20:00:00,MKTX
449.54,449.54,449.54,449.54,300,2021-06-18 20:05:00,MKTX
449.54,449.54,449.54,449.54,687,2021-06-21 12:50:00,MKTX
449.85,455.54,446.02,449.63,8396,2021-06-21 13:30:00,MKTX
448.15,448.15,444.01,444.01,700,2021-06-21 13:35:00,MKTX
443.63,444.92,443.63,444.9,500,2021-06-21 13:40:00,MKTX
445.86,445.92,444.27,444.945,1100,2021-06-21 13:45:00,MKTX
443.55,445.18,442.82,445.18,822,2021-06-21 13:50:00,MKTX
445.4458,447.4,445.4458,447.25,500,2021-06-21 13:55:00,MKTX
448.67,450.28,448.67,449.37,2208,2021-06-21 14:00:00,MKTX
449.3701,449.86,448.32,449.86,1901,2021-06-21 14:05:00,MKTX
449.04,449.09,447.69,448.3,1238,2021-06-21 14:10:00,MKTX
448.43,450.45,448.43,449.8,1700,2021-06-21 14:15:00,MKTX
449.43,451.6,449.43,451.6,402,2021-06-21 14:20:00,MKTX
451.46,453.83,451.46,453.325,1595,2021-06-21 14:25:00,MKTX
453.3,454.45,453.3,453.91,5047,2021-06-21 14:35:00,MKTX
453.22,453.82,453.22,453.4,629,2021-06-21 14:40:00,MKTX
453.88,454.41,453.88,453.89,1176,2021-06-21 14:45:00,MKTX
454.12,456.52,453.68,455.865,6765,2021-06-21 14:50:00,MKTX
455.94,456.965,455.66,455.66,2028,2021-06-21 14:55:00,MKTX
455.65,456.485,455.215,456.485,4865,2021-06-21 15:00:00,MKTX
456.18,458.45,456.16,458.45,3662,2021-06-21 15:05:00,MKTX
458.96,458.96,458.78,458.78,426,2021-06-21 15:10:00,MKTX
458.945,459.4,457.85,457.85,900,2021-06-21 15:15:00,MKTX
458.6,459.275,458.6,459.005,671,2021-06-21 15:20:00,MKTX
458.805,458.805,458.06,458.06,810,2021-06-21 15:25:00,MKTX
457.9,457.9,457.08,457.08,300,2021-06-21 15:30:00,MKTX
457.65,457.65,457.14,457.14,200,2021-06-21 15:35:00,MKTX
457.61,457.61,457.27,457.61,400,2021-06-21 15:40:00,MKTX
457.27,457.51,456.75,457.51,840,2021-06-21 15:45:00,MKTX
457.76,457.76,455.19,455.19,1102,2021-06-21 15:50:00,MKTX
455.3196,456.92,455.2,455.65,1931,2021-06-21 15:55:00,MKTX
455.73,455.73,455.73,455.73,140,2021-06-21 16:00:00,MKTX
455.87,456.2,455.55,455.55,603,2021-06-21 16:10:00,MKTX
454.92,454.92,454.92,454.92,100,2021-06-21 16:15:00,MKTX
455.13,455.15,454.91,455.15,400,2021-06-21 16:25:00,MKTX
455.08,455.08,454.7113,454.7113,592,2021-06-21 16:30:00,MKTX
455.77,455.77,455.76,455.76,200,2021-06-21 16:35:00,MKTX
455.71,455.74,455.71,455.74,200,2021-06-21 16:40:00,MKTX
455.7,455.7,455.43,455.43,600,2021-06-21 16:45:00,MKTX
455.44,456.09,455.21,455.825,2748,2021-06-21 16:50:00,MKTX
456.09,456.57,455.22,455.45,3054,2021-06-21 16:55:00,MKTX
455.31,455.31,455.31,455.31,100,2021-06-21 17:00:00,MKTX
456.3966,456.3966,456.3966,456.3966,117,2021-06-21 17:05:00,MKTX
456.62,456.62,456.26,456.26,300,2021-06-21 17:10:00,MKTX
455.86,455.96,455.68,455.68,500,2021-06-21 17:15:00,MKTX
456.13,456.13,455.32,455.32,400,2021-06-21 17:20:00,MKTX
455.89,456.18,455.89,456.06,700,2021-06-21 17:25:00,MKTX
455.83,456.32,455.83,456.32,300,2021-06-21 17:30:00,MKTX
455.98,456.0,454.64,454.64,895,2021-06-21 17:35:00,MKTX
455.4,455.4,455.4,455.4,100,2021-06-21 17:40:00,MKTX
454.72,454.72,454.57,454.57,200,2021-06-21 17:45:00,MKTX
455.61,455.61,455.27,455.54,400,2021-06-21 17:50:00,MKTX
455.44,456.17,455.31,455.31,1000,2021-06-21 17:55:00,MKTX
455.45,455.91,455.0,455.0,1480,2021-06-21 18:00:00,MKTX
455.0,455.585,455.0,455.585,219,2021-06-21 18:05:00,MKTX
455.4,455.515,455.01,455.47,1065,2021-06-21 18:10:00,MKTX
455.685,455.685,455.685,455.685,100,2021-06-21 18:15:00,MKTX
455.38,455.38,455.38,455.38,100,2021-06-21 18:20:00,MKTX
456.11,456.11,455.39,455.82,1339,2021-06-21 18:25:00,MKTX
455.7335,455.7335,455.31,455.31,903,2021-06-21 18:30:00,MKTX
455.45,455.72,454.94,455.4,900,2021-06-21 18:35:00,MKTX
456.01,456.01,455.78,455.78,400,2021-06-21 18:45:00,MKTX
456.43,456.9,456.17,456.17,1300,2021-06-21 18:55:00,MKTX
456.14,456.76,456.14,456.54,300,2021-06-21 19:00:00,MKTX
456.8,456.89,456.42,456.495,500,2021-06-21 19:05:00,MKTX
456.34,456.35,455.88,455.88,500,2021-06-21 19:10:00,MKTX
455.82,456.06,455.26,455.5,1478,2021-06-21 19:15:00,MKTX
455.63,455.63,455.6,455.6,400,2021-06-21 19:20:00,MKTX
455.35,456.11,455.35,456.11,300,2021-06-21 19:25:00,MKTX
455.86,455.86,455.5,455.5,400,2021-06-21 19:30:00,MKTX
455.68,456.2,455.67,455.955,1199,2021-06-21 19:35:00,MKTX
455.71,455.8,455.16,455.25,800,2021-06-21 19:40:00,MKTX
455.53,455.53,454.85,454.85,2600,2021-06-21 19:45:00,MKTX
454.78,455.66,454.21,455.54,3100,2021-06-21 19:50:00,MKTX
455.55,455.82,454.77,455.02,10200,2021-06-21 19:55:00,MKTX
455.2,455.2,455.2,455.2,32063,2021-06-21 20:00:00,MKTX
455.2,455.2,455.2,455.2,2306,2021-06-21 21:05:00,MKTX
454.34,454.34,450.895,454.21,2842,2021-06-22 13:30:00,MKTX
451.28,454.18,451.08,454.18,951,2021-06-22 13:35:00,MKTX
455.2,455.2,455.2,455.2,100,2021-06-22 13:40:00,MKTX
454.36,454.36,452.97,454.33,500,2021-06-22 13:45:00,MKTX
453.5,453.5,453.5,453.5,100,2021-06-22 13:55:00,MKTX
452.85,453.835,452.85,453.835,400,2021-06-22 14:00:00,MKTX
453.61,455.6,453.61,454.51,2000,2021-06-22 14:05:00,MKTX
454.91,456.9,454.77,456.9,3800,2021-06-22 14:10:00,MKTX
457.12,457.12,455.95,455.95,400,2021-06-22 14:15:00,MKTX
456.205,456.205,455.26,456.1494,3258,2021-06-22 14:20:00,MKTX
457.15,457.15,457.15,457.15,100,2021-06-22 14:25:00,MKTX
456.745,456.745,456.745,456.745,100,2021-06-22 14:30:00,MKTX
457.3,457.785,457.3,457.72,10200,2021-06-22 14:35:00,MKTX
457.81,457.81,457.8,457.8,300,2021-06-22 14:40:00,MKTX
457.695,458.66,457.695,458.66,700,2021-06-22 14:45:00,MKTX
458.83,458.985,458.57,458.64,10400,2021-06-22 14:50:00,MKTX
458.4,458.6209,457.37,457.37,710,2021-06-22 15:00:00,MKTX
458.09,458.74,457.9,457.9,1898,2021-06-22 15:05:00,MKTX
458.22,459.31,458.16,459.31,500,2021-06-22 15:10:00,MKTX
459.62,459.78,459.53,459.78,400,2021-06-22 15:15:00,MKTX
459.16,459.16,459.16,459.16,100,2021-06-22 15:20:00,MKTX
459.58,460.01,459.295,459.72,776,2021-06-22 15:25:00,MKTX
459.11,460.02,459.11,460.02,400,2021-06-22 15:30:00,MKTX
459.95,459.95,459.95,459.95,100,2021-06-22 15:35:00,MKTX
459.36,459.36,458.65,458.65,300,2021-06-22 15:40:00,MKTX
458.41,458.97,458.1,458.97,700,2021-06-22 15:45:00,MKTX
459.04,459.05,458.96,458.96,300,2021-06-22 15:50:00,MKTX
458.58,458.58,458.58,458.58,100,2021-06-22 15:55:00,MKTX
458.475,458.73,458.47,458.7175,700,2021-06-22 16:00:00,MKTX
459.31,459.55,459.31,459.31,1521,2021-06-22 16:05:00,MKTX
459.31,459.61,459.31,459.33,900,2021-06-22 16:10:00,MKTX
458.85,458.85,457.47,457.69,600,2021-06-22 16:15:00,MKTX
456.95,456.95,456.55,456.55,300,2021-06-22 16:20:00,MKTX
456.895,457.97,456.895,457.93,1120,2021-06-22 16:25:00,MKTX
458.32,458.32,457.96,457.96,200,2021-06-22 16:30:00,MKTX
457.57,457.95,457.5171,457.5171,1103,2021-06-22 16:35:00,MKTX
457.66,457.74,457.66,457.74,200,2021-06-22 16:40:00,MKTX
457.67,458.225,457.6,457.6,500,2021-06-22 16:45:00,MKTX
457.51,457.51,457.51,457.51,100,2021-06-22 16:50:00,MKTX
457.7894,457.7894,457.565,457.565,478,2021-06-22 16:55:00,MKTX
457.43,457.43,456.59,456.725,700,2021-06-22 17:00:00,MKTX
456.8,457.0,456.67,456.82,690,2021-06-22 17:10:00,MKTX
456.7,456.74,456.625,456.625,300,2021-06-22 17:15:00,MKTX
456.62,457.17,456.62,457.17,400,2021-06-22 17:20:00,MKTX
456.81,457.3849,456.81,457.0,800,2021-06-22 17:25:00,MKTX
456.88,457.1405,456.88,457.1405,333,2021-06-22 17:30:00,MKTX
456.74,456.89,456.18,456.18,400,2021-06-22 17:40:00,MKTX
456.56,457.02,455.97,456.68,1058,2021-06-22 17:45:00,MKTX
456.67,457.0,456.67,456.9,700,2021-06-22 17:50:00,MKTX
456.735,456.97,456.37,456.45,1500,2021-06-22 17:55:00,MKTX
456.62,456.62,455.42,456.54,1735,2021-06-22 18:00:00,MKTX
456.425,456.64,455.89,456.64,1477,2021-06-22 18:05:00,MKTX
456.68,456.85,456.35,456.645,800,2021-06-22 18:10:00,MKTX
456.07,456.07,456.07,456.07,100,2021-06-22 18:15:00,MKTX
455.94,456.62,455.84,456.62,1600,2021-06-22 18:20:00,MKTX
456.22,456.27,455.5,456.27,1300,2021-06-22 18:25:00,MKTX
456.32,456.82,456.32,456.38,300,2021-06-22 18:30:00,MKTX
456.61,456.89,456.59,456.89,700,2021-06-22 18:35:00,MKTX
456.88,456.88,456.785,456.785,400,2021-06-22 18:40:00,MKTX
456.78,456.84,456.7,456.7,995,2021-06-22 18:45:00,MKTX
456.76,456.76,456.69,456.69,300,2021-06-22 18:50:00,MKTX
456.75,457.14,456.67,456.875,3725,2021-06-22 18:55:00,MKTX
456.94,456.96,456.75,456.96,500,2021-06-22 19:00:00,MKTX
456.58,457.17,456.37,457.13,1210,2021-06-22 19:05:00,MKTX
456.955,457.37,456.955,457.37,1300,2021-06-22 19:10:00,MKTX
457.395,457.395,457.1027,457.135,904,2021-06-22 19:15:00,MKTX
457.31,457.31,456.775,456.775,1500,2021-06-22 19:20:00,MKTX
456.95,457.61,456.95,457.61,600,2021-06-22 19:25:00,MKTX
457.18,457.185,456.94,457.17,800,2021-06-22 19:30:00,MKTX
457.22,457.58,457.17,457.58,1000,2021-06-22 19:35:00,MKTX
457.59,458.125,457.59,457.99,2500,2021-06-22 19:40:00,MKTX
458.08,458.28,458.08,458.27,1600,2021-06-22 19:45:00,MKTX
458.23,458.49,457.66,458.055,3900,2021-06-22 19:50:00,MKTX
458.06,458.45,457.29,457.52,6325,2021-06-22 19:55:00,MKTX
457.81,457.81,457.81,457.81,42626,2021-06-22 20:00:00,MKTX
457.81,457.81,457.81,457.81,548,2021-06-22 21:20:00,MKTX
465.62,465.62,465.62,465.62,150,2021-06-22 22:30:00,MKTX
458.22,459.74,458.22,459.08,2870,2021-06-23 13:30:00,MKTX
459.49,459.49,459.1,459.11,500,2021-06-23 13:35:00,MKTX
459.91,460.015,459.91,460.015,200,2021-06-23 13:40:00,MKTX
459.9,459.9,459.46,459.46,200,2021-06-23 13:45:00,MKTX
460.055,460.065,460.055,460.065,225,2021-06-23 13:50:00,MKTX
459.49,460.28,459.25,459.525,2456,2021-06-23 13:55:00,MKTX
460.52,460.66,460.0,460.66,1422,2021-06-23 14:00:00,MKTX
460.41,460.4175,460.41,460.4175,400,2021-06-23 14:05:00,MKTX
460.81,460.81,459.6,459.66,1812,2021-06-23 14:10:00,MKTX
459.64,459.7,458.15,458.37,1526,2021-06-23 14:15:00,MKTX
458.74,458.74,458.37,458.705,1000,2021-06-23 14:20:00,MKTX
458.37,458.92,458.37,458.92,200,2021-06-23 14:25:00,MKTX
458.44,458.44,458.4,458.4,200,2021-06-23 14:30:00,MKTX
459.05,459.185,458.89,458.92,600,2021-06-23 14:35:00,MKTX
459.533,460.04,459.533,460.04,300,2021-06-23 14:40:00,MKTX
460.105,460.105,459.85,460.04,300,2021-06-23 14:45:00,MKTX
459.95,460.18,459.8,460.08,900,2021-06-23 14:50:00,MKTX
460.06,460.06,459.045,459.045,600,2021-06-23 14:55:00,MKTX
459.28,459.28,458.62,459.28,632,2021-06-23 15:00:00,MKTX
459.0,459.28,458.73,459.28,706,2021-06-23 15:05:00,MKTX
459.67,460.23,459.67,460.23,305,2021-06-23 15:10:00,MKTX
460.23,460.31,460.05,460.055,500,2021-06-23 15:15:00,MKTX
460.1,460.3999,460.095,460.095,700,2021-06-23 15:20:00,MKTX
459.8,459.8,459.55,459.55,800,2021-06-23 15:25:00,MKTX
459.68,459.96,459.68,459.94,300,2021-06-23 15:30:00,MKTX
460.005,460.15,460.005,460.15,200,2021-06-23 15:35:00,MKTX
460.15,460.22,460.0,460.08,741,2021-06-23 15:40:00,MKTX
459.83,459.94,459.8,459.83,800,2021-06-23 15:45:00,MKTX
459.98,460.08,459.8,460.08,900,2021-06-23 15:50:00,MKTX
459.81,459.81,459.8,459.8,200,2021-06-23 15:55:00,MKTX
459.8,459.81,459.6,459.6,800,2021-06-23 16:00:00,MKTX
459.49,459.51,459.49,459.51,200,2021-06-23 16:05:00,MKTX
459.48,459.5,459.18,459.18,500,2021-06-23 16:10:00,MKTX
459.28,459.58,459.28,459.58,500,2021-06-23 16:20:00,MKTX
459.64,459.64,459.64,459.64,100,2021-06-23 16:25:00,MKTX
459.26,459.27,457.8,457.8,931,2021-06-23 16:35:00,MKTX
457.49,457.49,457.2,457.2,400,2021-06-23 16:40:00,MKTX
457.65,458.085,457.65,458.085,300,2021-06-23 16:50:00,MKTX
457.76,457.91,457.76,457.91,200,2021-06-23 16:55:00,MKTX
456.75,456.75,456.75,456.75,100,2021-06-23 17:00:00,MKTX
456.77,456.77,456.77,456.77,200,2021-06-23 17:05:00,MKTX
456.52,456.52,456.51,456.51,200,2021-06-23 17:10:00,MKTX
456.22,456.7,456.22,456.6599,959,2021-06-23 17:15:00,MKTX
456.835,456.835,456.67,456.67,280,2021-06-23 17:20:00,MKTX
456.97,456.97,456.9,456.96,300,2021-06-23 17:25:00,MKTX
456.895,457.03,456.895,457.03,200,2021-06-23 17:30:00,MKTX
457.89,457.89,457.47,457.47,800,2021-06-23 17:35:00,MKTX
457.83,457.83,457.83,457.83,100,2021-06-23 17:45:00,MKTX
457.9,457.9,457.8258,457.8258,200,2021-06-23 17:50:00,MKTX
457.4,457.47,457.25,457.47,381,2021-06-23 17:55:00,MKTX
457.09,457.09,457.02,457.02,200,2021-06-23 18:00:00,MKTX
457.225,457.225,457.225,457.225,100,2021-06-23 18:05:00,MKTX
457.26,457.26,457.26,457.26,110,2021-06-23 18:10:00,MKTX
456.84,457.06,456.7,456.7,400,2021-06-23 18:15:00,MKTX
457.08,457.08,456.995,457.08,451,2021-06-23 18:20:00,MKTX
456.89,457.41,456.89,457.41,569,2021-06-23 18:25:00,MKTX
457.5092,458.0,457.4264,457.4264,1010,2021-06-23 18:35:00,MKTX
458.04,458.04,457.68,458.04,500,2021-06-23 18:40:00,MKTX
458.08,458.1,457.88,457.92,500,2021-06-23 18:45:00,MKTX
458.22,458.24,458.22,458.24,200,2021-06-23 18:50:00,MKTX
458.69,458.85,458.54,458.85,400,2021-06-23 19:00:00,MKTX
458.6,458.6,458.195,458.51,700,2021-06-23 19:05:00,MKTX
458.53,458.53,458.53,458.53,100,2021-06-23 19:10:00,MKTX
458.78,459.0,458.78,458.98,400,2021-06-23 19:15:00,MKTX
458.86,458.86,458.85,458.86,300,2021-06-23 19:20:00,MKTX
458.59,458.76,458.48,458.76,500,2021-06-23 19:25:00,MKTX
458.68,458.68,457.7,457.7,600,2021-06-23 19:30:00,MKTX
457.69,457.7,457.31,457.48,1100,2021-06-23 19:35:00,MKTX
457.42,458.25,457.42,458.13,700,2021-06-23 19:40:00,MKTX
458.05,458.55,458.05,458.13,1292,2021-06-23 19:45:00,MKTX
458.04,458.29,457.89,458.02,3700,2021-06-23 19:50:00,MKTX
457.6,458.14,457.57,457.82,5082,2021-06-23 19:55:00,MKTX
457.82,457.82,457.82,457.82,16869,2021-06-23 20:00:00,MKTX
460.32,460.32,458.02,458.07,1298,2021-06-24 13:30:00,MKTX
458.09,458.09,458.09,458.09,100,2021-06-24 13:35:00,MKTX
459.12,459.23,459.12,459.23,277,2021-06-24 13:40:00,MKTX
459.67,460.2,459.67,460.2,200,2021-06-24 13:45:00,MKTX
460.64,461.83,460.64,461.81,600,2021-06-24 13:50:00,MKTX
462.02,462.44,461.55,462.44,400,2021-06-24 13:55:00,MKTX
460.6722,460.99,460.6722,460.99,500,2021-06-24 14:00:00,MKTX
461.44,461.45,461.44,461.44,300,2021-06-24 14:10:00,MKTX
461.88,462.85,461.88,462.85,700,2021-06-24 14:15:00,MKTX
462.25,462.25,462.25,462.25,100,2021-06-24 14:20:00,MKTX
463.84,463.84,463.84,463.84,100,2021-06-24 14:25:00,MKTX
464.0,464.83,464.0,464.83,459,2021-06-24 14:30:00,MKTX
465.0,465.09,464.01,464.01,630,2021-06-24 14:35:00,MKTX
464.01,464.16,464.01,464.16,300,2021-06-24 14:40:00,MKTX
463.565,463.565,463.55,463.55,200,2021-06-24 14:45:00,MKTX
461.68,461.68,461.68,461.68,100,2021-06-24 14:50:00,MKTX
461.44,461.44,461.44,461.44,200,2021-06-24 14:55:00,MKTX
461.015,461.015,460.66,460.66,300,2021-06-24 15:05:00,MKTX
459.99,460.26,459.475,460.26,984,2021-06-24 15:10:00,MKTX
460.12,460.335,459.915,460.03,600,2021-06-24 15:15:00,MKTX
459.73,460.28,459.44,459.44,400,2021-06-24 15:20:00,MKTX
459.43,459.45,459.34,459.345,400,2021-06-24 15:25:00,MKTX
459.275,459.55,459.275,459.55,320,2021-06-24 15:30:00,MKTX
459.55,459.55,458.02,458.02,400,2021-06-24 15:35:00,MKTX
458.2,458.2,457.505,457.505,200,2021-06-24 15:50:00,MKTX
457.7,457.7,457.22,457.22,200,2021-06-24 16:00:00,MKTX
457.78,458.03,457.78,458.03,3200,2021-06-24 16:05:00,MKTX
458.33,458.48,458.33,458.48,200,2021-06-24 16:10:00,MKTX
458.6,458.81,458.52,458.81,500,2021-06-24 16:15:00,MKTX
458.86,458.86,458.52,458.52,735,2021-06-24 16:20:00,MKTX
459.33,459.33,459.31,459.31,200,2021-06-24 16:25:00,MKTX
459.06,459.08,459.06,459.08,200,2021-06-24 16:30:00,MKTX
459.285,459.285,459.285,459.285,100,2021-06-24 16:35:00,MKTX
459.53,459.53,459.09,459.09,200,2021-06-24 16:40:00,MKTX
458.64,458.64,457.63,458.05,800,2021-06-24 16:45:00,MKTX
457.74,458.06,457.74,457.8776,900,2021-06-24 16:55:00,MKTX
458.1,458.285,458.1,458.285,300,2021-06-24 17:00:00,MKTX
458.625,458.64,458.31,458.465,700,2021-06-24 17:05:00,MKTX
458.69,458.82,458.55,458.7181,775,2021-06-24 17:10:00,MKTX
458.89,458.89,458.67,458.85,300,2021-06-24 17:15:00,MKTX
458.47,459.72,458.47,459.72,1870,2021-06-24 17:20:00,MKTX
459.47,460.17,459.38,460.17,400,2021-06-24 17:25:00,MKTX
459.92,460.05,459.92,460.05,400,2021-06-24 17:30:00,MKTX
460.08,460.36,459.88,459.88,800,2021-06-24 17:35:00,MKTX
460.02,460.02,459.72,459.72,200,2021-06-24 17:40:00,MKTX
459.87,459.89,459.87,459.89,200,2021-06-24 17:45:00,MKTX
459.77,459.87,459.515,459.515,500,2021-06-24 17:50:00,MKTX
459.88,459.94,459.47,459.47,1000,2021-06-24 17:55:00,MKTX
459.95,460.225,459.95,460.225,600,2021-06-24 18:00:00,MKTX
459.9012,460.307,459.9012,460.307,400,2021-06-24 18:05:00,MKTX
460.62,460.62,460.62,460.62,100,2021-06-24 18:10:00,MKTX
461.0,461.425,461.0,461.425,600,2021-06-24 18:15:00,MKTX
461.25,461.25,461.05,461.05,200,2021-06-24 18:20:00,MKTX
461.04,461.06,460.94,460.94,300,2021-06-24 18:25:00,MKTX
460.69,460.79,459.945,460.47,400,2021-06-24 18:30:00,MKTX
460.47,460.885,460.47,460.885,746,2021-06-24 18:35:00,MKTX
460.35,460.35,460.1,460.1,200,2021-06-24 18:40:00,MKTX
460.4,460.4,459.975,459.975,2000,2021-06-24 18:45:00,MKTX
460.04,460.05,459.89,459.89,300,2021-06-24 18:50:00,MKTX
460.03,460.03,460.03,460.03,100,2021-06-24 18:55:00,MKTX
459.935,460.15,459.9275,460.09,1100,2021-06-24 19:00:00,MKTX
460.04,460.83,459.97,460.7,990,2021-06-24 19:05:00,MKTX
460.65,460.69,460.61,460.61,600,2021-06-24 19:10:00,MKTX
460.55,460.56,460.26,460.26,900,2021-06-24 19:15:00,MKTX
459.76,459.98,459.76,459.965,523,2021-06-24 19:20:00,MKTX
460.19,460.32,460.19,460.32,200,2021-06-24 19:25:00,MKTX
460.05,460.6,460.04,460.6,1025,2021-06-24 19:30:00,MKTX
460.25,460.745,460.215,460.57,1100,2021-06-24 19:40:00,MKTX
460.81,461.05,460.52,460.96,823,2021-06-24 19:45:00,MKTX
461.15,462.24,461.15,462.23,2996,2021-06-24 19:50:00,MKTX
462.14,462.14,460.99,461.26,6198,2021-06-24 19:55:00,MKTX
461.06,461.06,461.06,461.06,60535,2021-06-24 20:00:00,MKTX
461.06,461.06,461.06,461.06,355,2021-06-25 12:25:00,MKTX
462.36,462.36,461.255,461.58,2343,2021-06-25 13:30:00,MKTX
461.315,462.54,460.49,462.54,600,2021-06-25 13:35:00,MKTX
462.58,462.58,461.75,461.75,400,2021-06-25 13:40:00,MKTX
462.725,464.82,462.725,464.11,1314,2021-06-25 13:45:00,MKTX
464.8063,465.48,464.65,465.48,946,2021-06-25 13:50:00,MKTX
464.91,464.91,463.755,464.42,1700,2021-06-25 13:55:00,MKTX
464.81,465.645,463.5,465.645,2109,2021-06-25 14:00:00,MKTX
465.5,465.88,464.895,464.895,1401,2021-06-25 14:05:00,MKTX
465.74,467.03,465.58,466.54,4108,2021-06-25 14:10:00,MKTX
467.46,468.615,466.91,467.74,1511,2021-06-25 14:15:00,MKTX
467.21,467.21,466.48,466.83,800,2021-06-25 14:20:00,MKTX
467.2,468.82,467.2,468.82,900,2021-06-25 14:25:00,MKTX
468.58,468.95,468.355,468.355,1190,2021-06-25 14:30:00,MKTX
468.44,468.7592,468.14,468.14,1700,2021-06-25 14:35:00,MKTX
467.83,467.83,467.12,467.27,730,2021-06-25 14:40:00,MKTX
467.02,467.02,465.06,465.06,600,2021-06-25 14:45:00,MKTX
465.3,465.3,464.74,464.74,400,2021-06-25 14:50:00,MKTX
464.845,465.37,464.66,464.71,1210,2021-06-25 14:55:00,MKTX
464.7,465.11,464.7,464.94,700,2021-06-25 15:00:00,MKTX
465.05,466.17,465.05,466.07,2541,2021-06-25 15:05:00,MKTX
466.16,466.55,466.16,466.34,700,2021-06-25 15:10:00,MKTX
466.385,466.66,466.22,466.66,1100,2021-06-25 15:15:00,MKTX
466.52,466.52,465.66,465.66,900,2021-06-25 15:20:00,MKTX
466.01,466.1,465.63,465.67,500,2021-06-25 15:25:00,MKTX
465.56,465.795,465.56,465.795,200,2021-06-25 15:30:00,MKTX
465.49,465.73,465.445,465.57,1227,2021-06-25 15:35:00,MKTX
465.76,465.76,465.21,465.21,800,2021-06-25 15:40:00,MKTX
465.19,465.34,464.24,464.57,1500,2021-06-25 15:45:00,MKTX
464.56,464.56,464.335,464.335,641,2021-06-25 15:50:00,MKTX
464.39,464.95,464.39,464.87,500,2021-06-25 15:55:00,MKTX
464.81,464.81,464.17,464.39,1104,2021-06-25 16:00:00,MKTX
464.42,464.575,464.39,464.57,600,2021-06-25 16:05:00,MKTX
464.11,464.11,464.11,464.11,100,2021-06-25 16:10:00,MKTX
464.14,464.42,464.04,464.355,1000,2021-06-25 16:15:00,MKTX
464.39,465.08,464.385,465.08,600,2021-06-25 16:20:00,MKTX
465.15,465.45,465.15,465.39,1041,2021-06-25 16:25:00,MKTX
465.39,465.64,465.39,465.64,300,2021-06-25 16:30:00,MKTX
465.441,465.441,465.3,465.3,673,2021-06-25 16:35:00,MKTX
465.645,465.665,465.235,465.235,741,2021-06-25 16:40:00,MKTX
464.87,465.01,464.42,464.48,3088,2021-06-25 16:45:00,MKTX
464.7,465.0766,464.69,464.69,700,2021-06-25 16:50:00,MKTX
464.72,464.72,464.0,464.2,3900,2021-06-25 16:55:00,MKTX
464.505,464.53,464.4,464.4,300,2021-06-25 17:00:00,MKTX
464.405,464.8,464.405,464.455,841,2021-06-25 17:05:00,MKTX
464.37,464.575,464.37,464.575,500,2021-06-25 17:10:00,MKTX
464.37,464.37,464.37,464.37,100,2021-06-25 17:15:00,MKTX
464.35,464.64,464.35,464.55,776,2021-06-25 17:20:00,MKTX
464.37,465.095,464.24,465.095,1200,2021-06-25 17:25:00,MKTX
464.87,464.945,464.65,464.805,1646,2021-06-25 17:30:00,MKTX
464.8,465.05,464.8,465.05,700,2021-06-25 17:35:00,MKTX
465.36,466.07,465.36,466.07,800,2021-06-25 17:40:00,MKTX
465.74,465.9,465.53,465.9,1282,2021-06-25 17:45:00,MKTX
465.97,465.97,465.97,465.97,100,2021-06-25 17:50:00,MKTX
465.96,465.97,465.61,465.97,1200,2021-06-25 17:55:00,MKTX
466.205,466.46,466.01,466.125,1200,2021-06-25 18:00:00,MKTX
466.39,466.42,466.17,466.17,800,2021-06-25 18:05:00,MKTX
466.26,466.37,466.14,466.275,1100,2021-06-25 18:10:00,MKTX
466.265,466.99,466.14,466.96,841,2021-06-25 18:15:00,MKTX
466.9852,466.99,466.74,466.74,1000,2021-06-25 18:20:00,MKTX
466.76,466.76,466.14,466.14,1200,2021-06-25 18:25:00,MKTX
466.165,466.84,466.08,466.72,1600,2021-06-25 18:30:00,MKTX
467.0,467.18,467.0,467.11,300,2021-06-25 18:35:00,MKTX
466.99,466.99,466.63,466.63,700,2021-06-25 18:40:00,MKTX
466.47,466.47,466.27,466.27,300,2021-06-25 18:45:00,MKTX
466.295,467.05,466.295,467.05,1900,2021-06-25 18:50:00,MKTX
466.8,466.985,466.75,466.815,500,2021-06-25 18:55:00,MKTX
466.81,466.97,466.66,466.66,900,2021-06-25 19:00:00,MKTX
466.77,466.87,466.77,466.87,200,2021-06-25 19:05:00,MKTX
467.19,467.3,467.165,467.195,1021,2021-06-25 19:10:00,MKTX
467.36,467.66,467.195,467.195,1541,2021-06-25 19:15:00,MKTX
467.115,467.26,466.74,467.26,1300,2021-06-25 19:20:00,MKTX
467.46,467.72,467.4,467.57,600,2021-06-25 19:25:00,MKTX
467.445,467.73,467.3,467.3,1600,2021-06-25 19:30:00,MKTX
467.3,468.12,467.1575,468.12,1317,2021-06-25 19:35:00,MKTX
468.13,468.24,467.84,467.84,1400,2021-06-25 19:40:00,MKTX
467.79,468.26,467.75,467.97,1700,2021-06-25 19:45:00,MKTX
467.81,468.82,465.25,466.56,15270,2021-06-25 19:50:00,MKTX
467.175,468.56,466.7,467.96,10343,2021-06-25 19:55:00,MKTX
467.96,467.96,467.96,467.96,113303,2021-06-25 20:00:00,MKTX
470.24,471.048,469.0,470.2,3072,2021-06-28 13:30:00,MKTX
471.28,471.28,470.06,471.11,700,2021-06-28 13:35:00,MKTX
470.46,470.95,470.43,470.86,700,2021-06-28 13:45:00,MKTX
469.0,470.52,468.38,470.52,1000,2021-06-28 13:50:00,MKTX
470.96,470.96,470.47,470.47,200,2021-06-28 13:55:00,MKTX
470.415,470.45,470.02,470.05,800,2021-06-28 14:00:00,MKTX
469.79,469.98,469.79,469.98,300,2021-06-28 14:05:00,MKTX
469.6,469.6,469.21,469.44,727,2021-06-28 14:10:00,MKTX
469.06,469.39,469.0,469.12,1700,2021-06-28 14:15:00,MKTX
469.405,470.36,469.08,469.3,3204,2021-06-28 14:20:00,MKTX
469.11,469.11,468.02,468.34,1710,2021-06-28 14:25:00,MKTX
468.385,470.49,468.385,469.98,700,2021-06-28 14:30:00,MKTX
469.43,469.43,468.17,468.83,1400,2021-06-28 14:35:00,MKTX
468.57,468.57,468.35,468.47,600,2021-06-28 14:45:00,MKTX
468.37,468.37,467.33,467.82,1900,2021-06-28 14:50:00,MKTX
467.58,467.815,467.26,467.51,3980,2021-06-28 14:55:00,MKTX
467.48,467.5,467.48,467.5,369,2021-06-28 15:00:00,MKTX
467.35,467.35,466.43,466.43,1400,2021-06-28 15:05:00,MKTX
466.52,466.85,466.2154,466.2154,700,2021-06-28 15:10:00,MKTX
466.185,467.03,465.96,466.68,1380,2021-06-28 15:15:00,MKTX
466.97,468.1,466.85,467.57,5165,2021-06-28 15:20:00,MKTX
467.27,467.6,467.22,467.3,1171,2021-06-28 15:25:00,MKTX
467.38,467.93,467.1866,467.1866,1427,2021-06-28 15:30:00,MKTX
467.02,467.25,466.88,466.88,520,2021-06-28 15:35:00,MKTX
466.85,467.39,466.85,467.39,826,2021-06-28 15:40:00,MKTX
467.64,468.905,467.64,468.905,400,2021-06-28 15:45:00,MKTX
469.0,469.06,468.9004,468.995,1300,2021-06-28 15:50:00,MKTX
469.3819,469.3819,469.3,469.3,239,2021-06-28 15:55:00,MKTX
469.23,469.28,469.23,469.23,400,2021-06-28 16:00:00,MKTX
468.71,470.0,468.71,469.49,4967,2021-06-28 16:05:00,MKTX
468.265,468.4305,468.08,468.27,1056,2021-06-28 16:15:00,MKTX
468.18,468.79,468.18,468.79,700,2021-06-28 16:20:00,MKTX
468.0,468.33,467.96,468.26,1596,2021-06-28 16:25:00,MKTX
468.23,468.71,467.99,468.25,1037,2021-06-28 16:30:00,MKTX
468.235,468.3,468.02,468.02,700,2021-06-28 16:35:00,MKTX
468.1925,468.33,468.14,468.25,900,2021-06-28 16:40:00,MKTX
468.41,468.41,468.12,468.12,400,2021-06-28 16:45:00,MKTX
468.33,468.34,468.33,468.34,400,2021-06-28 16:50:00,MKTX
468.165,468.58,467.6,467.6,900,2021-06-28 16:55:00,MKTX
467.435,467.67,467.435,467.67,200,2021-06-28 17:00:00,MKTX
467.7,467.93,467.26,467.91,900,2021-06-28 17:05:00,MKTX
467.86,467.91,467.86,467.91,200,2021-06-28 17:10:00,MKTX
467.53,468.16,467.53,468.16,600,2021-06-28 17:15:00,MKTX
468.16,468.37,468.1,468.37,421,2021-06-28 17:20:00,MKTX
468.16,468.16,468.15,468.15,400,2021-06-28 17:25:00,MKTX
468.11,468.45,468.11,468.45,800,2021-06-28 17:30:00,MKTX
468.41,468.41,468.41,468.41,100,2021-06-28 17:35:00,MKTX
468.04,468.04,467.85,467.85,500,2021-06-28 17:40:00,MKTX
468.26,468.28,468.2,468.2,300,2021-06-28 17:45:00,MKTX
468.045,468.3,468.045,468.3,231,2021-06-28 17:50:00,MKTX
468.195,468.34,467.94,467.94,500,2021-06-28 17:55:00,MKTX
468.07,468.48,467.95,468.48,500,2021-06-28 18:00:00,MKTX
468.53,468.53,468.4,468.4,200,2021-06-28 18:05:00,MKTX
468.13,468.13,468.13,468.13,100,2021-06-28 18:10:00,MKTX
468.14,468.36,468.13,468.23,900,2021-06-28 18:15:00,MKTX
468.48,468.51,468.06,468.44,700,2021-06-28 18:20:00,MKTX
468.195,468.195,468.19,468.19,400,2021-06-28 18:25:00,MKTX
468.46,468.56,468.02,468.33,800,2021-06-28 18:35:00,MKTX
468.44,468.53,468.4,468.4,500,2021-06-28 18:40:00,MKTX
468.07,468.215,468.07,468.215,300,2021-06-28 18:50:00,MKTX
468.1,468.3,467.95,468.18,2100,2021-06-28 18:55:00,MKTX
468.36,468.57,468.04,468.57,600,2021-06-28 19:00:00,MKTX
468.35,468.35,467.96,468.13,1100,2021-06-28 19:05:00,MKTX
468.12,468.31,468.07,468.29,900,2021-06-28 19:10:00,MKTX
468.06,468.45,468.06,468.45,400,2021-06-28 19:15:00,MKTX
468.44,469.02,468.3,469.02,1100,2021-06-28 19:20:00,MKTX
468.67,468.88,468.64,468.66,800,2021-06-28 19:25:00,MKTX
468.91,469.03,468.88,468.89,700,2021-06-28 19:30:00,MKTX
468.69,469.16,468.69,469.16,800,2021-06-28 19:35:00,MKTX
469.4,469.5,469.39,469.5,600,2021-06-28 19:40:00,MKTX
469.38,469.84,469.32,469.84,1334,2021-06-28 19:45:00,MKTX
470.08,471.06,470.08,470.47,4500,2021-06-28 19:50:00,MKTX
470.34,470.35,469.23,469.23,10884,2021-06-28 19:55:00,MKTX
469.62,469.62,469.62,469.62,87265,2021-06-28 20:00:00,MKTX
470.17,470.75,467.53,470.445,3385,2021-06-29 13:30:00,MKTX
466.87,468.43,466.87,468.43,300,2021-06-29 13:35:00,MKTX
467.1879,468.36,467.1879,468.31,2831,2021-06-29 13:40:00,MKTX
468.755,471.16,468.755,471.11,500,2021-06-29 13:45:00,MKTX
469.31,469.31,469.22,469.22,200,2021-06-29 13:50:00,MKTX
469.0,469.56,469.0,469.56,430,2021-06-29 13:55:00,MKTX
469.0,470.58,469.0,470.44,923,2021-06-29 14:00:00,MKTX
469.7,470.31,469.29,469.74,706,2021-06-29 14:05:00,MKTX
469.74,470.43,469.02,469.75,3400,2021-06-29 14:10:00,MKTX
469.02,469.88,469.02,469.83,1663,2021-06-29 14:15:00,MKTX
469.24,470.36,469.2305,469.425,1300,2021-06-29 14:20:00,MKTX
470.36,470.36,469.8,470.36,639,2021-06-29 14:30:00,MKTX
470.73,470.8,470.12,470.8,500,2021-06-29 14:35:00,MKTX
471.49,471.49,471.49,471.49,100,2021-06-29 14:40:00,MKTX
471.19,471.19,471.19,471.19,100,2021-06-29 14:45:00,MKTX
471.62,471.62,471.62,471.62,100,2021-06-29 14:50:00,MKTX
471.07,471.07,470.53,470.56,800,2021-06-29 14:55:00,MKTX
470.45,471.14,470.45,470.985,500,2021-06-29 15:00:00,MKTX
471.2339,471.2339,471.2339,471.2339,150,2021-06-29 15:05:00,MKTX
470.9,471.1,470.9,471.1,200,2021-06-29 15:10:00,MKTX
471.38,471.43,470.95,470.95,300,2021-06-29 15:15:00,MKTX
470.03,470.03,470.03,470.03,100,2021-06-29 15:25:00,MKTX
470.5,470.5,470.5,470.5,100,2021-06-29 15:40:00,MKTX
470.235,470.235,470.235,470.235,100,2021-06-29 15:45:00,MKTX
469.0,469.0,468.93,469.0,836,2021-06-29 15:50:00,MKTX
469.61,470.275,469.61,470.275,300,2021-06-29 15:55:00,MKTX
469.37,469.37,469.37,469.37,100,2021-06-29 16:00:00,MKTX
469.66,469.66,469.5,469.5,300,2021-06-29 16:05:00,MKTX
469.5,469.74,469.39,469.6,2895,2021-06-29 16:10:00,MKTX
469.79,470.71,469.79,470.71,1200,2021-06-29 16:15:00,MKTX
470.7,470.88,470.5701,470.88,1431,2021-06-29 16:20:00,MKTX
471.02,471.73,471.02,471.67,811,2021-06-29 16:25:00,MKTX
471.67,471.67,471.38,471.38,3227,2021-06-29 16:30:00,MKTX
471.07,471.07,470.97,471.0,300,2021-06-29 16:35:00,MKTX
471.15,471.15,471.15,471.15,200,2021-06-29 16:40:00,MKTX
471.56,471.56,471.43,471.56,700,2021-06-29 16:45:00,MKTX
471.94,472.38,471.78,471.78,1522,2021-06-29 16:50:00,MKTX
472.29,472.29,472.02,472.02,678,2021-06-29 16:55:00,MKTX
471.95,471.99,471.95,471.99,300,2021-06-29 17:00:00,MKTX
472.15,472.375,472.15,472.375,200,2021-06-29 17:05:00,MKTX
472.55,472.56,472.55,472.56,200,2021-06-29 17:10:00,MKTX
472.63,472.63,472.42,472.42,405,2021-06-29 17:15:00,MKTX
472.42,472.42,472.42,472.42,100,2021-06-29 17:20:00,MKTX
471.82,471.82,471.62,471.62,200,2021-06-29 17:25:00,MKTX
471.53,471.53,471.53,471.53,100,2021-06-29 17:30:00,MKTX
471.13,471.13,471.04,471.04,200,2021-06-29 17:35:00,MKTX
470.915,471.17,470.85,470.85,10700,2021-06-29 17:40:00,MKTX
471.2457,471.2457,471.2457,471.2457,161,2021-06-29 17:45:00,MKTX
471.38,471.46,471.06,471.06,500,2021-06-29 17:50:00,MKTX
471.36,471.67,471.24,471.24,600,2021-06-29 17:55:00,MKTX
470.8,471.96,470.8,471.92,12100,2021-06-29 18:00:00,MKTX
472.0479,472.0479,471.7031,471.7031,309,2021-06-29 18:10:00,MKTX
471.84,471.84,471.1725,471.1725,300,2021-06-29 18:15:00,MKTX
470.92,471.67,470.92,471.23,900,2021-06-29 18:20:00,MKTX
471.06,471.45,471.03,471.34,500,2021-06-29 18:30:00,MKTX
471.36,471.36,471.36,471.36,100,2021-06-29 18:35:00,MKTX
471.01,471.645,470.96,471.44,11200,2021-06-29 18:40:00,MKTX
471.51,472.52,471.51,472.05,500,2021-06-29 18:45:00,MKTX
472.67,472.67,471.46,471.835,900,2021-06-29 18:50:00,MKTX
472.16,472.16,472.16,472.16,100,2021-06-29 18:55:00,MKTX
472.38,472.38,471.84,472.12,492,2021-06-29 19:00:00,MKTX
471.84,473.0,471.84,472.38,3890,2021-06-29 19:10:00,MKTX
472.02,472.38,472.02,472.23,300,2021-06-29 19:15:00,MKTX
472.45,472.45,472.45,472.45,100,2021-06-29 19:20:00,MKTX
472.47,472.68,472.47,472.57,900,2021-06-29 19:25:00,MKTX
472.84,473.31,472.66,472.66,1400,2021-06-29 19:30:00,MKTX
472.92,473.035,472.92,473.035,200,2021-06-29 19:35:00,MKTX
472.94,473.5,472.94,473.32,1700,2021-06-29 19:40:00,MKTX
473.13,473.16,472.79,473.16,500,2021-06-29 19:45:00,MKTX
472.59,473.81,471.8901,472.63,12289,2021-06-29 19:50:00,MKTX
472.18,472.89,471.77,472.35,5843,2021-06-29 19:55:00,MKTX
472.14,472.14,472.14,472.14,21925,2021-06-29 20:00:00,MKTX
473.36,473.36,469.68,469.68,2434,2021-06-30 13:30:00,MKTX
470.2,470.26,470.2,470.26,200,2021-06-30 13:35:00,MKTX
471.59,471.59,470.07,470.43,700,2021-06-30 13:40:00,MKTX
467.82,467.82,467.82,467.82,100,2021-06-30 13:50:00,MKTX
469.26,469.26,468.165,468.165,300,2021-06-30 13:55:00,MKTX
468.55,468.55,467.62,468.085,600,2021-06-30 14:00:00,MKTX
467.57,470.4,467.51,468.29,4651,2021-06-30 14:05:00,MKTX
468.8,468.8,467.65,467.89,900,2021-06-30 14:10:00,MKTX
467.7,468.22,467.7,468.22,325,2021-06-30 14:15:00,MKTX
468.69,468.95,468.69,468.95,200,2021-06-30 14:20:00,MKTX
469.325,469.325,469.325,469.325,100,2021-06-30 14:25:00,MKTX
469.42,469.54,469.33,469.54,300,2021-06-30 14:30:00,MKTX
468.94,468.94,468.73,468.73,300,2021-06-30 14:35:00,MKTX
468.98,469.51,468.98,469.51,300,2021-06-30 14:40:00,MKTX
469.71,469.84,469.42,469.42,700,2021-06-30 14:45:00,MKTX
468.98,469.46,468.98,469.46,300,2021-06-30 14:50:00,MKTX
470.21,470.83,470.21,470.83,300,2021-06-30 14:55:00,MKTX
470.92,471.77,470.92,471.61,700,2021-06-30 15:00:00,MKTX
471.685,471.685,471.685,471.685,100,2021-06-30 15:05:00,MKTX
471.69,471.69,471.69,471.69,100,2021-06-30 15:10:00,MKTX
471.64,471.64,471.41,471.6,800,2021-06-30 15:15:00,MKTX
471.11,471.21,470.86,470.86,500,2021-06-30 15:20:00,MKTX
471.61,471.61,471.46,471.46,200,2021-06-30 15:25:00,MKTX
471.45,471.93,471.45,471.66,1000,2021-06-30 15:30:00,MKTX
471.66,472.08,471.48,471.64,1300,2021-06-30 15:35:00,MKTX
471.55,471.55,470.84,470.96,1035,2021-06-30 15:40:00,MKTX
470.455,470.455,469.99,469.99,440,2021-06-30 15:45:00,MKTX
469.905,469.905,469.905,469.905,100,2021-06-30 15:50:00,MKTX
469.66,470.05,469.66,470.05,300,2021-06-30 15:55:00,MKTX
470.11,470.11,469.81,469.81,334,2021-06-30 16:00:00,MKTX
469.45,469.8096,469.44,469.44,494,2021-06-30 16:10:00,MKTX
469.58,469.58,469.44,469.44,200,2021-06-30 16:15:00,MKTX
469.58,469.58,467.32,467.785,12331,2021-06-30 16:20:00,MKTX
467.785,467.94,467.06,467.06,7700,2021-06-30 16:25:00,MKTX
466.73,467.0,466.73,467.0,426,2021-06-30 16:30:00,MKTX
467.46,467.46,467.08,467.08,700,2021-06-30 16:35:00,MKTX
466.98,466.98,465.85,465.85,1222,2021-06-30 16:45:00,MKTX
465.47,465.66,465.3,465.3,1300,2021-06-30 16:50:00,MKTX
465.51,465.96,465.5,465.915,1500,2021-06-30 16:55:00,MKTX
465.905,465.905,465.62,465.62,200,2021-06-30 17:00:00,MKTX
466.65,467.06,466.65,467.06,500,2021-06-30 17:05:00,MKTX
466.9,467.14,466.835,466.93,500,2021-06-30 17:10:00,MKTX
466.78,466.97,466.73,466.97,846,2021-06-30 17:15:00,MKTX
467.015,467.015,467.015,467.015,100,2021-06-30 17:20:00,MKTX
467.09,467.09,466.69,466.69,910,2021-06-30 17:25:00,MKTX
466.78,466.78,466.27,466.27,800,2021-06-30 17:30:00,MKTX
466.185,466.19,465.89,465.99,600,2021-06-30 17:35:00,MKTX
465.925,466.09,465.92,465.97,1282,2021-06-30 17:40:00,MKTX
465.965,465.965,465.69,465.69,2923,2021-06-30 17:50:00,MKTX
465.69,465.69,463.94,463.94,1625,2021-06-30 17:55:00,MKTX
463.78,463.88,462.485,462.485,5122,2021-06-30 18:00:00,MKTX
462.81,462.81,462.39,462.39,400,2021-06-30 18:05:00,MKTX
462.27,462.62,462.27,462.62,640,2021-06-30 18:10:00,MKTX
462.675,462.755,462.675,462.755,200,2021-06-30 18:15:00,MKTX
462.8,462.8,461.345,461.58,1121,2021-06-30 18:20:00,MKTX
461.78,462.98,461.78,462.67,1200,2021-06-30 18:25:00,MKTX
462.53,462.87,462.52,462.55,921,2021-06-30 18:30:00,MKTX
463.25,463.44,463.18,463.44,700,2021-06-30 18:35:00,MKTX
463.5725,463.5725,463.415,463.415,900,2021-06-30 18:40:00,MKTX
463.18,463.28,463.16,463.2,800,2021-06-30 18:45:00,MKTX
463.19,463.39,462.795,463.145,1300,2021-06-30 18:50:00,MKTX
463.115,463.115,462.48,462.48,1300,2021-06-30 18:55:00,MKTX
462.849,463.4,462.575,463.36,900,2021-06-30 19:00:00,MKTX
463.41,463.41,463.19,463.285,600,2021-06-30 19:05:00,MKTX
463.1,463.61,463.1,463.61,1000,2021-06-30 19:10:00,MKTX
463.605,463.605,463.32,463.325,1200,2021-06-30 19:15:00,MKTX
463.57,463.57,463.24,463.25,1000,2021-06-30 19:20:00,MKTX
463.07,463.26,463.0,463.18,1602,2021-06-30 19:25:00,MKTX
463.13,463.13,462.78,462.79,1000,2021-06-30 19:30:00,MKTX
462.79,463.1,462.58,462.66,2600,2021-06-30 19:35:00,MKTX
462.675,462.97,462.6,462.94,2001,2021-06-30 19:40:00,MKTX
462.83,463.49,462.75,463.35,2734,2021-06-30 19:45:00,MKTX
463.54,466.02,463.34,465.44,13102,2021-06-30 19:50:00,MKTX
465.29,465.29,463.57,463.94,14705,2021-06-30 19:55:00,MKTX
463.59,463.59,463.59,463.59,64258,2021-06-30 20:00:00,MKTX
463.6,466.75,463.6,466.75,2390,2021-07-01 13:30:00,MKTX
465.94,466.67,465.1,465.79,697,2021-07-01 13:35:00,MKTX
465.625,467.06,465.625,467.06,600,2021-07-01 13:40:00,MKTX
466.62,466.62,465.335,465.335,1284,2021-07-01 13:45:00,MKTX
466.86,467.33,466.26,466.275,1000,2021-07-01 13:50:00,MKTX
466.175,467.39,466.04,466.71,1130,2021-07-01 13:55:00,MKTX
467.655,467.655,466.52,467.56,2200,2021-07-01 14:00:00,MKTX
467.66,467.915,467.485,467.485,1499,2021-07-01 14:05:00,MKTX
467.75,468.47,467.75,467.76,900,2021-07-01 14:10:00,MKTX
468.06,468.52,467.975,468.11,2653,2021-07-01 14:15:00,MKTX
468.43,469.465,468.225,468.94,1938,2021-07-01 14:20:00,MKTX
469.165,470.3,469.165,470.23,2389,2021-07-01 14:25:00,MKTX
470.78,470.83,470.435,470.81,1300,2021-07-01 14:30:00,MKTX
471.005,471.61,471.005,471.61,600,2021-07-01 14:35:00,MKTX
471.175,471.175,470.43,470.43,1511,2021-07-01 14:40:00,MKTX
470.475,470.475,469.92,470.28,2009,2021-07-01 14:45:00,MKTX
470.215,470.83,470.03,470.83,2415,2021-07-01 14:50:00,MKTX
471.13,471.23,470.85,470.85,700,2021-07-01 14:55:00,MKTX
470.59,471.21,470.59,471.145,922,2021-07-01 15:00:00,MKTX
471.14,471.2768,470.08,470.08,1358,2021-07-01 15:05:00,MKTX
470.075,470.075,469.28,469.45,1971,2021-07-01 15:10:00,MKTX
469.69,469.865,469.65,469.65,959,2021-07-01 15:15:00,MKTX
469.68,469.71,468.9,468.9,600,2021-07-01 15:20:00,MKTX
468.9,469.13,468.72,468.75,1000,2021-07-01 15:25:00,MKTX
467.985,468.125,467.985,468.125,500,2021-07-01 15:30:00,MKTX
468.74,468.74,468.375,468.375,400,2021-07-01 15:35:00,MKTX
468.63,468.66,468.445,468.505,400,2021-07-01 15:40:00,MKTX
468.73,469.12,468.45,468.895,1547,2021-07-01 15:45:00,MKTX
468.82,468.86,467.72,467.95,1000,2021-07-01 15:55:00,MKTX
467.355,467.39,467.355,467.39,200,2021-07-01 16:05:00,MKTX
466.85,466.85,466.85,466.85,100,2021-07-01 16:10:00,MKTX
466.38,466.44,465.49,465.49,800,2021-07-01 16:15:00,MKTX
465.02,465.11,464.585,464.96,700,2021-07-01 16:20:00,MKTX
464.315,464.315,463.59,463.59,1015,2021-07-01 16:25:00,MKTX
463.56,463.78,463.17,463.17,700,2021-07-01 16:30:00,MKTX
462.885,462.885,462.68,462.68,200,2021-07-01 16:35:00,MKTX
463.1999,463.1999,462.96,462.96,481,2021-07-01 16:40:00,MKTX
462.98,463.24,462.625,463.24,1100,2021-07-01 16:45:00,MKTX
463.48,463.48,463.02,463.02,218,2021-07-01 16:50:00,MKTX
462.89,463.14,462.77,463.14,300,2021-07-01 16:55:00,MKTX
462.89,462.89,462.58,462.58,500,2021-07-01 17:05:00,MKTX
462.88,462.88,462.49,462.49,200,2021-07-01 17:10:00,MKTX
463.255,463.31,463.07,463.09,600,2021-07-01 17:15:00,MKTX
463.24,463.24,463.24,463.24,100,2021-07-01 17:20:00,MKTX
463.54,463.66,463.52,463.53,600,2021-07-01 17:30:00,MKTX
463.99,464.485,463.99,464.485,300,2021-07-01 17:35:00,MKTX
464.43,464.79,464.43,464.78,411,2021-07-01 17:40:00,MKTX
464.9,465.76,464.9,465.76,200,2021-07-01 17:45:00,MKTX
465.58,465.58,465.58,465.58,349,2021-07-01 17:50:00,MKTX
465.27,465.7,465.15,465.57,930,2021-07-01 17:55:00,MKTX
465.83,466.05,465.83,466.05,200,2021-07-01 18:00:00,MKTX
466.26,466.26,466.26,466.26,100,2021-07-01 18:05:00,MKTX
465.235,465.84,465.235,465.84,1100,2021-07-01 18:10:00,MKTX
465.77,465.77,465.44,465.44,200,2021-07-01 18:15:00,MKTX
465.55,465.62,465.55,465.62,500,2021-07-01 18:20:00,MKTX
466.0043,466.0043,465.72,465.72,347,2021-07-01 18:25:00,MKTX
466.08,466.08,465.69,465.69,200,2021-07-01 18:30:00,MKTX
465.55,465.55,465.55,465.55,100,2021-07-01 18:40:00,MKTX
465.26,465.82,465.26,465.82,300,2021-07-01 18:45:00,MKTX
465.14,465.14,465.14,465.14,100,2021-07-01 18:50:00,MKTX
465.21,465.57,465.15,465.56,900,2021-07-01 18:55:00,MKTX
465.7323,465.7323,465.7323,465.7323,128,2021-07-01 19:00:00,MKTX
465.45,465.655,463.71,464.0,7130,2021-07-01 19:05:00,MKTX
463.98,464.0,463.79,463.79,3168,2021-07-01 19:10:00,MKTX
463.63,463.63,463.49,463.49,200,2021-07-01 19:15:00,MKTX
463.0,463.0,462.77,462.8299,308,2021-07-01 19:20:00,MKTX
463.02,463.23,463.0,463.23,500,2021-07-01 19:25:00,MKTX
463.49,463.83,463.46,463.8,1400,2021-07-01 19:30:00,MKTX
463.67,463.82,463.51,463.82,500,2021-07-01 19:35:00,MKTX
463.54,463.64,463.44,463.57,1200,2021-07-01 19:40:00,MKTX
463.733,464.86,463.726,464.86,2108,2021-07-01 19:45:00,MKTX
464.185,464.185,463.05,463.4,2000,2021-07-01 19:50:00,MKTX
463.69,464.38,463.54,464.16,5142,2021-07-01 19:55:00,MKTX
464.21,464.21,464.21,464.21,27264,2021-07-01 20:00:00,MKTX
465.98,468.16,465.98,466.055,2363,2021-07-02 13:30:00,MKTX
467.02,467.02,467.01,467.01,200,2021-07-02 13:40:00,MKTX
465.6,465.7,465.6,465.7,200,2021-07-02 13:45:00,MKTX
465.12,465.12,463.9,463.9,600,2021-07-02 13:50:00,MKTX
464.36,464.36,464.36,464.36,100,2021-07-02 13:55:00,MKTX
464.58,464.58,464.19,464.19,300,2021-07-02 14:00:00,MKTX
463.6,463.6,463.6,463.6,100,2021-07-02 14:05:00,MKTX
464.2,464.75,464.2,464.75,400,2021-07-02 14:10:00,MKTX
464.62,464.62,462.73,462.73,2794,2021-07-02 14:20:00,MKTX
462.29,462.29,461.25,461.25,600,2021-07-02 14:25:00,MKTX
460.54,461.0633,460.135,460.682,1564,2021-07-02 14:30:00,MKTX
460.71,461.16,460.3957,460.88,685,2021-07-02 14:35:00,MKTX
461.73,461.86,461.6634,461.6634,400,2021-07-02 14:40:00,MKTX
461.6924,462.63,461.03,461.03,1100,2021-07-02 14:45:00,MKTX
461.215,461.215,461.215,461.215,100,2021-07-02 14:50:00,MKTX
461.52,461.97,461.52,461.555,300,2021-07-02 14:55:00,MKTX
461.59,462.02,461.59,462.02,300,2021-07-02 15:00:00,MKTX
462.31,462.31,461.99,461.99,200,2021-07-02 15:05:00,MKTX
461.97,461.97,461.48,461.48,544,2021-07-02 15:10:00,MKTX
461.14,461.14,460.62,460.625,500,2021-07-02 15:15:00,MKTX
461.06,461.38,461.06,461.38,500,2021-07-02 15:20:00,MKTX
461.45,462.22,461.45,461.76,420,2021-07-02 15:25:00,MKTX
461.94,461.94,461.94,461.94,100,2021-07-02 15:30:00,MKTX
461.7,461.7,461.41,461.48,400,2021-07-02 15:35:00,MKTX
461.8,461.8,461.41,461.42,300,2021-07-02 15:40:00,MKTX
461.4,461.4,460.855,460.89,600,2021-07-02 15:45:00,MKTX
461.065,461.31,461.065,461.31,400,2021-07-02 15:50:00,MKTX
461.215,461.215,460.31,460.31,1400,2021-07-02 15:55:00,MKTX
460.96,460.96,460.84,460.84,300,2021-07-02 16:05:00,MKTX
460.75,460.95,460.75,460.95,200,2021-07-02 16:10:00,MKTX
460.54,460.54,460.28,460.28,400,2021-07-02 16:15:00,MKTX
460.22,460.56,460.22,460.56,300,2021-07-02 16:20:00,MKTX
460.35,460.71,460.35,460.71,200,2021-07-02 16:30:00,MKTX
461.005,461.005,460.73,460.88,300,2021-07-02 16:35:00,MKTX
460.93,461.7,460.93,461.68,1000,2021-07-02 16:45:00,MKTX
461.72,461.72,461.62,461.62,200,2021-07-02 16:50:00,MKTX
461.68,461.97,461.68,461.97,300,2021-07-02 16:55:00,MKTX
462.16,462.41,462.16,462.3,600,2021-07-02 17:00:00,MKTX
462.115,462.115,462.115,462.115,100,2021-07-02 17:05:00,MKTX
461.66,461.73,461.58,461.73,300,2021-07-02 17:10:00,MKTX
461.19,461.225,461.19,461.225,200,2021-07-02 17:15:00,MKTX
461.31,461.31,461.25,461.25,200,2021-07-02 17:20:00,MKTX
461.49,461.71,461.35,461.35,700,2021-07-02 17:25:00,MKTX
461.14,461.16,461.14,461.16,200,2021-07-02 17:30:00,MKTX
461.52,461.565,461.3,461.565,400,2021-07-02 17:35:00,MKTX
461.09,461.545,461.09,461.3,300,2021-07-02 17:40:00,MKTX
461.43,461.44,461.37,461.44,500,2021-07-02 17:55:00,MKTX
461.5,461.5,461.5,461.5,100,2021-07-02 18:00:00,MKTX
461.33,461.525,461.33,461.525,300,2021-07-02 18:05:00,MKTX
461.16,461.575,460.79,461.575,500,2021-07-02 18:10:00,MKTX
461.72,461.73,461.54,461.73,400,2021-07-02 18:15:00,MKTX
461.66,462.54,461.63,462.54,1000,2021-07-02 18:20:00,MKTX
462.51,462.655,462.51,462.655,200,2021-07-02 18:25:00,MKTX
462.745,462.865,462.37,462.865,1000,2021-07-02 18:30:00,MKTX
462.67,462.875,462.65,462.65,500,2021-07-02 18:35:00,MKTX
462.61,462.61,462.43,462.55,400,2021-07-02 18:40:00,MKTX
462.61,462.74,462.59,462.74,600,2021-07-02 18:45:00,MKTX
462.965,462.965,462.63,462.63,300,2021-07-02 18:50:00,MKTX
462.58,462.58,461.64,461.64,700,2021-07-02 18:55:00,MKTX
461.77,462.33,461.77,462.33,400,2021-07-02 19:00:00,MKTX
462.51,462.79,462.51,462.79,700,2021-07-02 19:05:00,MKTX
462.965,462.965,462.29,462.29,900,2021-07-02 19:10:00,MKTX
462.505,462.505,461.95,461.95,765,2021-07-02 19:15:00,MKTX
461.88,462.0,461.805,461.995,800,2021-07-02 19:20:00,MKTX
462.18,462.24,461.95,461.995,700,2021-07-02 19:25:00,MKTX
461.83,462.665,461.83,462.665,1400,2021-07-02 19:30:00,MKTX
462.665,462.81,462.45,462.71,900,2021-07-02 19:35:00,MKTX
462.84,463.09,462.84,462.99,1000,2021-07-02 19:40:00,MKTX
462.82,463.3,462.79,462.79,2700,2021-07-02 19:45:00,MKTX
463.12,463.725,462.73,463.54,6455,2021-07-02 19:50:00,MKTX
463.91,464.375,463.47,463.51,7175,2021-07-02 19:55:00,MKTX
463.87,463.87,463.87,463.87,24233,2021-07-02 20:00:00,MKTX
462.66,466.68,461.99,465.16,5964,2021-07-06 13:30:00,MKTX
465.3241,465.95,464.45,465.825,700,2021-07-06 13:35:00,MKTX
465.42,465.71,465.42,465.71,431,2021-07-06 13:40:00,MKTX
465.74,467.07,465.57,467.07,1961,2021-07-06 13:45:00,MKTX
466.8,466.8,465.56,465.56,1600,2021-07-06 13:50:00,MKTX
464.96,465.98,464.93,464.93,1625,2021-07-06 13:55:00,MKTX
464.755,465.52,464.755,464.83,1371,2021-07-06 14:00:00,MKTX
463.8,463.8,463.28,463.65,400,2021-07-06 14:05:00,MKTX
463.71,463.71,462.81,462.81,452,2021-07-06 14:10:00,MKTX
462.685,462.7,461.4,461.4,1754,2021-07-06 14:15:00,MKTX
460.61,461.7,460.61,461.44,822,2021-07-06 14:20:00,MKTX
461.59,463.2,461.58,462.96,1167,2021-07-06 14:25:00,MKTX
462.91,463.55,461.06,461.08,11800,2021-07-06 14:30:00,MKTX
461.12,461.74,461.12,461.74,300,2021-07-06 14:35:00,MKTX
462.11,462.8954,462.11,462.8954,552,2021-07-06 14:40:00,MKTX
463.57,463.85,463.33,463.33,1634,2021-07-06 14:45:00,MKTX
463.87,464.5,463.36,464.5,500,2021-07-06 14:50:00,MKTX
465.2325,465.53,464.9,464.97,1415,2021-07-06 14:55:00,MKTX
465.1,465.29,464.955,464.955,300,2021-07-06 15:00:00,MKTX
465.08,467.14,464.97,467.14,1400,2021-07-06 15:05:00,MKTX
467.63,468.91,467.63,468.91,1600,2021-07-06 15:10:00,MKTX
468.41,469.0,468.1,469.0,1100,2021-07-06 15:15:00,MKTX
468.71,469.67,468.71,469.52,1217,2021-07-06 15:20:00,MKTX
469.44,470.9,469.44,470.9,1000,2021-07-06 15:25:00,MKTX
470.515,470.655,469.98,470.42,1500,2021-07-06 15:30:00,MKTX
470.34,470.77,470.34,470.77,400,2021-07-06 15:35:00,MKTX
470.265,470.48,469.7,470.48,2000,2021-07-06 15:40:00,MKTX
470.28,471.16,470.28,470.81,1400,2021-07-06 15:45:00,MKTX
471.29,471.99,471.29,471.78,1200,2021-07-06 15:50:00,MKTX
471.765,473.44,471.765,472.715,1700,2021-07-06 15:55:00,MKTX
472.56,473.64,472.35,473.47,1100,2021-07-06 16:00:00,MKTX
473.29,473.585,472.79,472.79,1700,2021-07-06 16:05:00,MKTX
473.25,473.3,472.84,472.84,700,2021-07-06 16:10:00,MKTX
473.05,473.05,470.82,470.84,2000,2021-07-06 16:15:00,MKTX
470.65,471.41,470.65,471.41,400,2021-07-06 16:20:00,MKTX
471.19,471.49,470.755,471.49,759,2021-07-06 16:25:00,MKTX
470.94,470.94,470.635,470.93,300,2021-07-06 16:30:00,MKTX
470.82,470.82,470.64,470.64,400,2021-07-06 16:35:00,MKTX
470.78,471.0,470.78,470.98,400,2021-07-06 16:40:00,MKTX
471.17,471.17,470.96,470.97,400,2021-07-06 16:45:00,MKTX
471.24,471.24,470.9,471.07,419,2021-07-06 16:50:00,MKTX
471.24,471.425,471.24,471.425,400,2021-07-06 16:55:00,MKTX
471.5,471.545,471.22,471.5,1000,2021-07-06 17:00:00,MKTX
471.41,471.64,471.41,471.64,300,2021-07-06 17:05:00,MKTX
471.69,471.69,471.17,471.38,500,2021-07-06 17:10:00,MKTX
471.02,471.02,470.32,470.41,1305,2021-07-06 17:15:00,MKTX
470.71,471.045,470.71,470.9,500,2021-07-06 17:20:00,MKTX
471.115,471.115,470.65,470.655,400,2021-07-06 17:25:00,MKTX
470.68,470.68,470.03,470.03,803,2021-07-06 17:30:00,MKTX
470.39,470.39,469.73,469.73,400,2021-07-06 17:35:00,MKTX
470.03,470.085,470.03,470.085,200,2021-07-06 17:40:00,MKTX
470.15,470.15,469.89,469.98,775,2021-07-06 17:45:00,MKTX
469.505,469.57,469.27,469.34,1300,2021-07-06 17:50:00,MKTX
469.34,469.34,469.34,469.34,100,2021-07-06 17:55:00,MKTX
469.34,469.34,468.82,468.82,600,2021-07-06 18:00:00,MKTX
468.77,468.77,468.57,468.57,208,2021-07-06 18:05:00,MKTX
468.29,469.385,468.12,469.385,2963,2021-07-06 18:10:00,MKTX
469.95,470.45,468.69,468.81,6308,2021-07-06 18:15:00,MKTX
468.96,469.0,468.02,468.755,2031,2021-07-06 18:20:00,MKTX
468.8,469.17,468.8,469.0,800,2021-07-06 18:25:00,MKTX
468.54,468.63,468.53,468.53,300,2021-07-06 18:30:00,MKTX
468.06,468.22,467.55,467.935,1400,2021-07-06 18:35:00,MKTX
468.19,468.19,468.18,468.18,200,2021-07-06 18:40:00,MKTX
468.07,468.26,468.07,468.26,200,2021-07-06 18:45:00,MKTX
467.59,467.85,467.425,467.745,800,2021-07-06 18:50:00,MKTX
467.785,467.785,467.41,467.41,600,2021-07-06 18:55:00,MKTX
467.57,469.0,467.5,468.99,1700,2021-07-06 19:05:00,MKTX
469.0,469.23,468.76,468.76,1716,2021-07-06 19:10:00,MKTX
469.13,469.9,469.13,469.535,3019,2021-07-06 19:15:00,MKTX
469.35,469.78,469.35,469.78,400,2021-07-06 19:20:00,MKTX
469.98,470.15,469.69,469.7575,500,2021-07-06 19:25:00,MKTX
469.95,470.99,469.95,470.12,3000,2021-07-06 19:30:00,MKTX
470.5,470.89,470.5,470.62,1100,2021-07-06 19:35:00,MKTX
470.75,471.03,470.2,470.2,2471,2021-07-06 19:40:00,MKTX
470.32,471.02,470.32,470.783,1000,2021-07-06 19:45:00,MKTX
471.07,472.81,471.06,472.74,10610,2021-07-06 19:50:00,MKTX
472.46,472.61,471.5,472.39,12633,2021-07-06 19:55:00,MKTX
471.8,471.8,469.0,469.0,34151,2021-07-06 20:00:00,MKTX
471.8,471.8,471.8,471.8,105,2021-07-06 21:05:00,MKTX
471.64,473.09,456.94,458.99,13505,2021-07-07 13:30:00,MKTX
457.78,458.015,448.715,454.93,6400,2021-07-07 13:35:00,MKTX
452.54,454.37,451.45,454.37,800,2021-07-07 13:40:00,MKTX
453.7,455.0,452.25,455.0,3100,2021-07-07 13:45:00,MKTX
454.61,455.45,453.535,453.535,2500,2021-07-07 13:50:00,MKTX
453.455,453.88,450.68,451.275,1840,2021-07-07 13:55:00,MKTX
450.74,452.06,449.4,450.38,3400,2021-07-07 14:00:00,MKTX
450.33,450.33,448.785,449.62,2400,2021-07-07 14:05:00,MKTX
449.17,449.28,446.81,448.17,3566,2021-07-07 14:10:00,MKTX
447.595,448.18,446.77,446.77,2800,2021-07-07 14:15:00,MKTX
446.15,448.19,446.15,447.76,4029,2021-07-07 14:20:00,MKTX
447.46,447.83,446.51,447.83,2857,2021-07-07 14:25:00,MKTX
447.47,448.33,447.47,447.82,1061,2021-07-07 14:30:00,MKTX
447.35,447.76,445.75,445.895,5048,2021-07-07 14:35:00,MKTX
445.79,445.79,443.53,443.89,900,2021-07-07 14:40:00,MKTX
443.66,444.53,443.0,443.86,900,2021-07-07 14:45:00,MKTX
442.97,443.3293,441.03,441.615,2405,2021-07-07 14:50:00,MKTX
442.14,443.37,442.14,442.94,1851,2021-07-07 14:55:00,MKTX
443.04,443.49,442.825,443.49,1231,2021-07-07 15:00:00,MKTX
443.54,444.25,442.04,444.25,1800,2021-07-07 15:05:00,MKTX
444.25,445.84,443.75,445.16,2734,2021-07-07 15:10:00,MKTX
445.12,445.12,444.59,444.59,300,2021-07-07 15:15:00,MKTX
444.53,444.6,443.75,444.6,947,2021-07-07 15:20:00,MKTX
444.72,444.72,443.535,443.94,800,2021-07-07 15:25:00,MKTX
443.61,443.615,442.41,442.41,907,2021-07-07 15:30:00,MKTX
442.575,443.89,442.57,443.89,940,2021-07-07 15:35:00,MKTX
442.94,443.44,441.62,443.44,2058,2021-07-07 15:40:00,MKTX
443.67,444.5,443.43,443.79,1578,2021-07-07 15:45:00,MKTX
443.735,445.01,443.59,444.8,1700,2021-07-07 15:50:00,MKTX
445.14,445.23,444.365,444.365,850,2021-07-07 15:55:00,MKTX
444.52,446.35,444.52,445.8,600,2021-07-07 16:00:00,MKTX
445.52,446.0,445.52,445.85,1000,2021-07-07 16:05:00,MKTX
445.96,446.32,445.645,446.24,1600,2021-07-07 16:10:00,MKTX
445.95,446.32,445.88,445.88,800,2021-07-07 16:15:00,MKTX
446.0,446.0,444.41,445.01,900,2021-07-07 16:20:00,MKTX
444.44,444.55,443.45,443.45,1040,2021-07-07 16:25:00,MKTX
443.37,443.43,442.54,443.43,2600,2021-07-07 16:30:00,MKTX
443.227,443.805,442.98,443.54,1976,2021-07-07 16:35:00,MKTX
443.14,443.465,443.14,443.465,200,2021-07-07 16:40:00,MKTX
442.86,443.89,442.86,443.54,600,2021-07-07 16:45:00,MKTX
443.505,443.54,443.505,443.54,200,2021-07-07 16:50:00,MKTX
443.56,443.89,443.56,443.705,400,2021-07-07 16:55:00,MKTX
443.71,444.33,443.71,443.74,500,2021-07-07 17:00:00,MKTX
443.85,444.25,443.26,443.925,1913,2021-07-07 17:05:00,MKTX
443.66,443.92,443.435,443.435,2102,2021-07-07 17:10:00,MKTX
443.24,443.5,442.39,442.79,1512,2021-07-07 17:15:00,MKTX
442.82,442.93,442.25,442.25,564,2021-07-07 17:20:00,MKTX
442.61,442.61,442.335,442.58,400,2021-07-07 17:25:00,MKTX
442.07,445.0,441.77,444.99,8033,2021-07-07 17:30:00,MKTX
444.96,446.11,444.96,445.49,4976,2021-07-07 17:35:00,MKTX
445.55,447.35,445.325,446.975,5196,2021-07-07 17:40:00,MKTX
446.85,447.57,446.83,447.57,900,2021-07-07 17:45:00,MKTX
447.37,447.37,446.8,446.83,1027,2021-07-07 17:50:00,MKTX
447.37,447.82,446.39,446.79,4010,2021-07-07 17:55:00,MKTX
447.1,447.1,447.1,447.1,100,2021-07-07 18:00:00,MKTX
445.83,447.11,445.395,446.66,1580,2021-07-07 18:05:00,MKTX
445.88,446.0167,445.52,445.855,550,2021-07-07 18:10:00,MKTX
445.34,445.8317,445.03,445.77,1000,2021-07-07 18:15:00,MKTX
445.4006,445.61,445.36,445.61,408,2021-07-07 18:25:00,MKTX
445.595,447.92,445.595,447.92,15628,2021-07-07 18:30:00,MKTX
447.68,447.68,446.71,446.71,1400,2021-07-07 18:35:00,MKTX
446.85,446.85,446.485,446.775,515,2021-07-07 18:40:00,MKTX
447.55,447.81,447.1777,447.1777,350,2021-07-07 18:45:00,MKTX
447.84,447.84,447.27,447.64,400,2021-07-07 18:50:00,MKTX
447.22,447.64,447.19,447.445,1105,2021-07-07 18:55:00,MKTX
447.445,448.38,447.256,448.38,1432,2021-07-07 19:00:00,MKTX
448.39,449.21,448.39,448.82,1568,2021-07-07 19:05:00,MKTX
448.615,448.79,448.365,448.525,1327,2021-07-07 19:10:00,MKTX
448.59,448.59,447.29,447.435,1511,2021-07-07 19:15:00,MKTX
447.72,448.0,447.31,447.79,1011,2021-07-07 19:20:00,MKTX
447.56,447.71,447.345,447.64,1200,2021-07-07 19:25:00,MKTX
447.6,448.64,447.6,448.64,3816,2021-07-07 19:30:00,MKTX
449.04,449.04,448.36,448.76,1347,2021-07-07 19:35:00,MKTX
448.79,449.62,448.67,449.49,3600,2021-07-07 19:40:00,MKTX
449.85,450.26,449.375,449.925,4859,2021-07-07 19:45:00,MKTX
449.925,450.4,449.765,449.795,4712,2021-07-07 19:50:00,MKTX
449.8,450.71,449.53,450.08,19384,2021-07-07 19:55:00,MKTX
450.08,450.08,450.08,450.08,23300,2021-07-07 20:00:00,MKTX
450.08,450.08,450.08,450.08,579,2021-07-07 21:10:00,MKTX
448.16,453.29,446.6,453.29,7819,2021-07-08 13:30:00,MKTX
453.65,457.97,453.65,457.97,2375,2021-07-08 13:35:00,MKTX
458.75,458.75,456.76,456.76,700,2021-07-08 13:40:00,MKTX
457.185,457.93,456.0,457.83,1707,2021-07-08 13:45:00,MKTX
456.6,462.03,455.46,462.03,4550,2021-07-08 13:50:00,MKTX
462.12,462.37,460.65,461.06,1120,2021-07-08 13:55:00,MKTX
460.9444,462.01,459.84,459.84,1347,2021-07-08 14:00:00,MKTX
459.0,459.0,456.685,457.0,1366,2021-07-08 14:05:00,MKTX
456.1,458.07,455.84,456.95,2119,2021-07-08 14:10:00,MKTX
456.92,456.95,456.29,456.9,738,2021-07-08 14:15:00,MKTX
455.59,455.59,452.76,454.44,1792,2021-07-08 14:20:00,MKTX
453.21,456.18,453.21,456.17,1174,2021-07-08 14:25:00,MKTX
456.15,456.15,454.73,454.73,500,2021-07-08 14:30:00,MKTX
453.04,453.59,453.04,453.59,200,2021-07-08 14:35:00,MKTX
453.69,454.52,453.69,454.52,200,2021-07-08 14:40:00,MKTX
454.55,455.0,453.975,453.975,800,2021-07-08 14:45:00,MKTX
453.12,453.12,453.02,453.02,301,2021-07-08 14:50:00,MKTX
453.46,454.03,452.64,452.64,800,2021-07-08 14:55:00,MKTX
452.25,452.25,451.13,451.3913,1325,2021-07-08 15:00:00,MKTX
451.6097,452.04,451.41,451.41,539,2021-07-08 15:05:00,MKTX
451.5244,451.86,450.75,450.905,1100,2021-07-08 15:10:00,MKTX
450.63,450.96,450.54,450.795,800,2021-07-08 15:15:00,MKTX
452.0,453.26,452.0,452.58,1974,2021-07-08 15:20:00,MKTX
453.29,455.67,453.19,453.695,2023,2021-07-08 15:25:00,MKTX
453.68,453.68,452.45,452.55,1302,2021-07-08 15:30:00,MKTX
452.83,453.09,452.68,453.09,500,2021-07-08 15:35:00,MKTX
453.87,454.33,453.18,453.68,1500,2021-07-08 15:40:00,MKTX
454.49,454.49,453.44,453.44,600,2021-07-08 15:45:00,MKTX
454.48,454.53,454.47,454.47,637,2021-07-08 15:50:00,MKTX
454.725,454.735,454.725,454.735,200,2021-07-08 15:55:00,MKTX
454.9,456.22,454.9,455.87,2600,2021-07-08 16:00:00,MKTX
455.81,457.06,455.81,456.22,700,2021-07-08 16:05:00,MKTX
456.015,456.015,455.96,455.96,200,2021-07-08 16:10:00,MKTX
455.96,456.37,454.84,455.26,4452,2021-07-08 16:15:00,MKTX
455.21,455.82,455.13,455.73,1280,2021-07-08 16:20:00,MKTX
455.65,456.325,455.525,455.95,1000,2021-07-08 16:25:00,MKTX
456.14,456.14,455.88,456.12,500,2021-07-08 16:30:00,MKTX
455.86,455.86,455.61,455.79,500,2021-07-08 16:35:00,MKTX
455.82,456.53,455.82,456.14,2000,2021-07-08 16:40:00,MKTX
456.24,457.08,456.2,457.08,500,2021-07-08 16:45:00,MKTX
457.36,458.11,457.36,458.11,500,2021-07-08 16:50:00,MKTX
458.95,458.95,457.92,457.92,200,2021-07-08 16:55:00,MKTX
457.88,458.79,457.59,458.09,546,2021-07-08 17:00:00,MKTX
458.03,458.22,458.03,458.22,600,2021-07-08 17:05:00,MKTX
457.55,457.62,457.25,457.62,900,2021-07-08 17:10:00,MKTX
458.14,458.38,458.14,458.38,490,2021-07-08 17:15:00,MKTX
458.67,458.67,457.88,457.9,800,2021-07-08 17:20:00,MKTX
457.9,458.94,457.88,458.46,764,2021-07-08 17:25:00,MKTX
458.76,459.36,458.76,459.16,1012,2021-07-08 17:30:00,MKTX
459.125,459.41,459.125,459.41,400,2021-07-08 17:35:00,MKTX
459.515,459.81,459.515,459.71,885,2021-07-08 17:40:00,MKTX
459.65,459.65,458.46,458.46,1100,2021-07-08 17:45:00,MKTX
458.46,458.74,458.05,458.423,1575,2021-07-08 17:50:00,MKTX
458.77,459.15,458.77,459.15,301,2021-07-08 17:55:00,MKTX
457.78,458.71,457.78,458.71,300,2021-07-08 18:00:00,MKTX
458.34,458.34,458.34,458.34,100,2021-07-08 18:05:00,MKTX
458.06,458.6789,458.02,458.6789,1036,2021-07-08 18:10:00,MKTX
458.73,458.76,457.94,457.94,1500,2021-07-08 18:15:00,MKTX
458.06,458.06,457.32,457.32,600,2021-07-08 18:20:00,MKTX
457.14,457.73,456.97,456.97,1700,2021-07-08 18:25:00,MKTX
457.31,457.7,457.03,457.7,800,2021-07-08 18:30:00,MKTX
458.21,458.67,457.91,458.67,1591,2021-07-08 18:35:00,MKTX
458.64,458.85,458.43,458.85,600,2021-07-08 18:40:00,MKTX
458.42,458.42,458.41,458.41,200,2021-07-08 18:45:00,MKTX
458.55,458.8,458.4,458.8,500,2021-07-08 18:50:00,MKTX
458.93,459.28,458.8,459.28,500,2021-07-08 18:55:00,MKTX
459.12,459.84,458.97,458.97,1200,2021-07-08 19:00:00,MKTX
458.95,459.05,458.95,459.04,936,2021-07-08 19:05:00,MKTX
458.94,459.23,458.94,459.155,1200,2021-07-08 19:15:00,MKTX
458.89,459.21,458.77,459.21,800,2021-07-08 19:20:00,MKTX
459.18,459.99,458.93,459.96,1538,2021-07-08 19:25:00,MKTX
459.99,460.0,458.5,458.81,5863,2021-07-08 19:30:00,MKTX
458.43,458.6,457.68,457.68,1736,2021-07-08 19:35:00,MKTX
457.68,458.29,456.85,458.07,3802,2021-07-08 19:40:00,MKTX
458.115,459.18,457.65,457.65,3000,2021-07-08 19:45:00,MKTX
457.43,459.96,455.22,458.66,15494,2021-07-08 19:50:00,MKTX
458.66,459.77,458.23,459.29,17563,2021-07-08 19:55:00,MKTX
459.02,459.02,459.02,459.02,44808,2021-07-08 20:00:00,MKTX
460.0,460.0,460.0,460.0,200,2021-07-08 20:25:00,MKTX
459.02,459.02,459.02,459.02,1074,2021-07-08 21:20:00,MKTX
461.98,465.15,459.08,459.08,2525,2021-07-09 13:30:00,MKTX
459.24,459.24,457.98,458.07,400,2021-07-09 13:35:00,MKTX
457.89,457.89,457.16,457.16,300,2021-07-09 13:40:00,MKTX
457.73,457.73,455.01,455.09,500,2021-07-09 13:45:00,MKTX
456.14,456.26,456.14,456.26,200,2021-07-09 13:50:00,MKTX
457.12,457.17,456.65,457.05,1017,2021-07-09 13:55:00,MKTX
457.7,458.41,457.16,458.41,943,2021-07-09 14:00:00,MKTX
458.825,458.86,458.07,458.42,600,2021-07-09 14:05:00,MKTX
458.21,458.21,456.37,456.37,1613,2021-07-09 14:10:00,MKTX
455.65,455.65,454.89,455.14,1500,2021-07-09 14:15:00,MKTX
455.43,456.7,455.43,456.41,1956,2021-07-09 14:20:00,MKTX
456.45,456.56,455.365,455.365,1400,2021-07-09 14:25:00,MKTX
455.53,457.13,455.405,456.72,2400,2021-07-09 14:30:00,MKTX
456.93,457.05,456.45,456.64,700,2021-07-09 14:35:00,MKTX
456.48,456.94,456.48,456.68,1175,2021-07-09 14:40:00,MKTX
456.94,458.57,456.8,458.57,1501,2021-07-09 14:45:00,MKTX
458.695,458.695,457.625,457.79,7871,2021-07-09 14:50:00,MKTX
457.955,457.955,456.97,456.97,1631,2021-07-09 14:55:00,MKTX
457.24,457.24,457.06,457.06,2900,2021-07-09 15:00:00,MKTX
456.48,456.48,455.32,455.32,200,2021-07-09 15:05:00,MKTX
455.3053,455.3053,453.56,453.56,825,2021-07-09 15:10:00,MKTX
453.03,453.275,453.03,453.26,600,2021-07-09 15:15:00,MKTX
452.6624,453.0,452.4573,453.0,2195,2021-07-09 15:20:00,MKTX
454.26,454.65,454.26,454.65,2800,2021-07-09 15:25:00,MKTX
454.59,454.59,454.15,454.15,400,2021-07-09 15:30:00,MKTX
454.46,454.46,454.19,454.19,200,2021-07-09 15:35:00,MKTX
454.99,455.26,454.87,454.87,400,2021-07-09 15:40:00,MKTX
455.6,455.6,455.11,455.6,699,2021-07-09 15:50:00,MKTX
455.455,455.455,454.9,454.9,4699,2021-07-09 15:55:00,MKTX
455.23,455.86,455.23,455.86,500,2021-07-09 16:00:00,MKTX
456.09,456.75,456.09,456.75,400,2021-07-09 16:05:00,MKTX
456.845,456.845,456.38,456.38,806,2021-07-09 16:10:00,MKTX
456.56,456.56,456.52,456.52,200,2021-07-09 16:15:00,MKTX
456.54,456.54,456.54,456.54,100,2021-07-09 16:20:00,MKTX
455.79,455.79,455.79,455.79,100,2021-07-09 16:25:00,MKTX
456.21,456.24,456.21,456.24,200,2021-07-09 16:30:00,MKTX
456.3272,456.9656,456.3272,456.9656,849,2021-07-09 16:35:00,MKTX
456.84,456.84,456.73,456.73,402,2021-07-09 16:40:00,MKTX
456.78,456.78,455.48,455.48,1750,2021-07-09 16:45:00,MKTX
455.5,455.83,455.5,455.66,500,2021-07-09 16:50:00,MKTX
455.78,455.78,455.37,455.37,400,2021-07-09 16:55:00,MKTX
455.26,455.59,455.13,455.13,900,2021-07-09 17:00:00,MKTX
454.85,454.9996,454.485,454.485,600,2021-07-09 17:05:00,MKTX
454.66,456.54,454.66,456.5,4654,2021-07-09 17:10:00,MKTX
456.5,456.52,456.5,456.52,200,2021-07-09 17:15:00,MKTX
456.37,456.4296,456.24,456.24,300,2021-07-09 17:20:00,MKTX
456.66,456.66,456.66,456.66,100,2021-07-09 17:25:00,MKTX
456.88,457.14,456.82,457.14,1098,2021-07-09 17:30:00,MKTX
457.87,457.87,457.87,457.87,200,2021-07-09 17:35:00,MKTX
458.7,458.88,458.07,458.07,1519,2021-07-09 17:40:00,MKTX
457.81,457.94,457.67,457.67,400,2021-07-09 17:45:00,MKTX
457.665,457.82,457.535,457.82,1000,2021-07-09 17:50:00,MKTX
457.49,457.49,456.41,456.42,500,2021-07-09 17:55:00,MKTX
456.81,456.81,456.665,456.665,1254,2021-07-09 18:00:00,MKTX
456.85,457.31,456.46,456.46,400,2021-07-09 18:05:00,MKTX
456.61,456.8109,456.59,456.8109,379,2021-07-09 18:10:00,MKTX
456.3425,456.3425,456.26,456.26,300,2021-07-09 18:20:00,MKTX
456.18,456.39,456.04,456.04,3540,2021-07-09 18:25:00,MKTX
456.24,456.65,456.215,456.57,1408,2021-07-09 18:30:00,MKTX
456.89,456.89,456.48,456.56,600,2021-07-09 18:35:00,MKTX
456.85,457.2375,456.82,456.82,2174,2021-07-09 18:40:00,MKTX
456.68,457.71,456.68,457.71,5600,2021-07-09 18:45:00,MKTX
457.46,457.46,457.27,457.27,300,2021-07-09 18:50:00,MKTX
457.52,457.795,457.245,457.78,4471,2021-07-09 18:55:00,MKTX
457.37,457.42,457.37,457.42,2100,2021-07-09 19:00:00,MKTX
457.88,458.04,457.78,458.04,300,2021-07-09 19:05:00,MKTX
459.09,459.09,458.805,458.805,1000,2021-07-09 19:10:00,MKTX
458.62,458.75,458.53,458.75,600,2021-07-09 19:15:00,MKTX
458.65,459.58,458.55,459.58,2100,2021-07-09 19:20:00,MKTX
460.0,460.29,459.22,459.49,1664,2021-07-09 19:25:00,MKTX
459.58,459.68,459.36,459.53,1040,2021-07-09 19:30:00,MKTX
459.65,459.65,459.57,459.57,500,2021-07-09 19:35:00,MKTX
459.58,459.685,459.23,459.35,2763,2021-07-09 19:40:00,MKTX
459.21,459.7,459.21,459.52,1000,2021-07-09 19:45:00,MKTX
459.88,461.78,459.88,461.78,6334,2021-07-09 19:50:00,MKTX
461.45,461.45,460.22,460.61,10013,2021-07-09 19:55:00,MKTX
460.77,460.77,460.77,460.77,30375,2021-07-09 20:00:00,MKTX
460.77,460.77,460.77,460.77,717,2021-07-12 12:25:00,MKTX
460.22,460.755,459.7837,460.755,2900,2021-07-12 13:30:00,MKTX
459.74,462.295,459.74,459.88,400,2021-07-12 13:35:00,MKTX
460.35,460.35,460.35,460.35,100,2021-07-12 13:40:00,MKTX
461.96,462.5,461.96,462.5,600,2021-07-12 13:45:00,MKTX
461.745,462.51,461.23,461.66,900,2021-07-12 13:50:00,MKTX
462.465,462.99,461.68,462.12,500,2021-07-12 13:55:00,MKTX
461.3169,461.3169,458.58,458.61,5374,2021-07-12 14:00:00,MKTX
458.74,459.19,458.02,459.005,2100,2021-07-12 14:05:00,MKTX
459.52,459.52,458.72,459.3,834,2021-07-12 14:10:00,MKTX
460.0,460.0,458.72,459.28,1730,2021-07-12 14:15:00,MKTX
458.82,458.82,457.41,458.32,700,2021-07-12 14:20:00,MKTX
458.56,459.24,458.56,458.8,746,2021-07-12 14:25:00,MKTX
458.97,459.06,458.63,458.63,800,2021-07-12 14:30:00,MKTX
459.2,460.415,459.2,460.415,500,2021-07-12 14:35:00,MKTX
459.92,459.92,459.17,459.17,900,2021-07-12 14:40:00,MKTX
458.66,459.47,458.19,458.71,1700,2021-07-12 14:45:00,MKTX
459.2,460.27,459.2,460.0,800,2021-07-12 14:50:00,MKTX
459.79,460.17,459.51,460.17,775,2021-07-12 14:55:00,MKTX
460.0,460.82,460.0,460.82,600,2021-07-12 15:00:00,MKTX
460.96,461.395,460.61,461.31,800,2021-07-12 15:05:00,MKTX
461.46,461.46,460.82,460.84,700,2021-07-12 15:10:00,MKTX
460.55,460.55,460.55,460.55,100,2021-07-12 15:15:00,MKTX
460.36,460.36,460.04,460.04,300,2021-07-12 15:20:00,MKTX
460.315,460.315,459.9,460.22,865,2021-07-12 15:25:00,MKTX
460.43,460.43,460.43,460.43,100,2021-07-12 15:30:00,MKTX
460.0,460.17,460.0,460.17,200,2021-07-12 15:35:00,MKTX
460.21,460.37,459.98,460.29,1100,2021-07-12 15:40:00,MKTX
461.27,461.46,461.04,461.46,400,2021-07-12 15:50:00,MKTX
461.54,461.76,461.54,461.71,705,2021-07-12 15:55:00,MKTX
461.13,461.13,460.26,460.84,3814,2021-07-12 16:05:00,MKTX
460.74,461.16,460.74,461.12,2489,2021-07-12 16:10:00,MKTX
460.885,460.885,460.3,460.3,500,2021-07-12 16:15:00,MKTX
459.94,459.94,459.805,459.825,497,2021-07-12 16:20:00,MKTX
460.02,461.03,460.02,460.805,1300,2021-07-12 16:25:00,MKTX
460.9,460.9,460.9,460.9,100,2021-07-12 16:30:00,MKTX
460.49,460.66,460.365,460.365,400,2021-07-12 16:35:00,MKTX
460.38,460.73,459.98,460.23,819,2021-07-12 16:40:00,MKTX
459.78,460.61,459.78,460.305,1400,2021-07-12 16:45:00,MKTX
460.19,460.19,460.19,460.19,100,2021-07-12 16:50:00,MKTX
460.54,460.65,460.54,460.65,300,2021-07-12 16:55:00,MKTX
460.825,460.825,460.1,460.1,1200,2021-07-12 17:00:00,MKTX
460.32,460.355,459.98,460.08,600,2021-07-12 17:05:00,MKTX
460.16,460.39,460.07,460.31,1200,2021-07-12 17:10:00,MKTX
460.5,460.5,460.375,460.375,800,2021-07-12 17:15:00,MKTX
460.345,460.72,460.345,460.51,700,2021-07-12 17:20:00,MKTX
460.29,460.49,460.24,460.49,300,2021-07-12 17:25:00,MKTX
460.38,460.41,460.05,460.05,300,2021-07-12 17:30:00,MKTX
460.22,460.32,460.19,460.25,400,2021-07-12 17:35:00,MKTX
459.71,459.74,459.71,459.74,300,2021-07-12 17:45:00,MKTX
459.96,459.96,459.96,459.96,282,2021-07-12 17:50:00,MKTX
459.77,459.77,459.64,459.64,300,2021-07-12 17:55:00,MKTX
459.25,459.26,458.75,459.13,1300,2021-07-12 18:00:00,MKTX
459.63,459.92,459.63,459.92,500,2021-07-12 18:05:00,MKTX
460.1,460.1,459.42,459.54,1800,2021-07-12 18:10:00,MKTX
459.54,459.56,459.115,459.545,1300,2021-07-12 18:15:00,MKTX
459.54,459.54,459.54,459.54,100,2021-07-12 18:20:00,MKTX
459.63,459.81,459.49,459.74,1058,2021-07-12 18:25:00,MKTX
459.675,459.675,459.675,459.675,100,2021-07-12 18:30:00,MKTX
459.64,460.35,459.64,460.0504,3033,2021-07-12 18:35:00,MKTX
460.06,460.27,460.05,460.2,600,2021-07-12 18:40:00,MKTX
460.17,460.17,460.17,460.17,100,2021-07-12 18:45:00,MKTX
460.025,460.025,459.59,459.59,700,2021-07-12 18:50:00,MKTX
459.85,459.86,459.85,459.86,300,2021-07-12 18:55:00,MKTX
460.11,460.83,460.07,460.83,1900,2021-07-12 19:05:00,MKTX
460.765,460.97,460.75,460.75,1000,2021-07-12 19:10:00,MKTX
460.87,460.98,460.87,460.98,300,2021-07-12 19:15:00,MKTX
460.94,460.94,460.67,460.67,620,2021-07-12 19:20:00,MKTX
460.8,460.8,460.64,460.64,300,2021-07-12 19:25:00,MKTX
460.18,460.18,460.15,460.18,1500,2021-07-12 19:30:00,MKTX
460.49,460.49,460.36,460.36,700,2021-07-12 19:35:00,MKTX
460.4,460.77,460.22,460.67,1838,2021-07-12 19:40:00,MKTX
460.685,462.08,460.63,462.07,2705,2021-07-12 19:45:00,MKTX
461.98,462.58,461.98,462.35,2720,2021-07-12 19:50:00,MKTX
462.17,462.96,461.45,461.83,12388,2021-07-12 19:55:00,MKTX
461.82,461.82,461.82,461.82,19018,2021-07-12 20:00:00,MKTX
461.82,461.82,461.82,461.82,11993,2021-07-12 20:50:00,MKTX
459.45,460.35,459.0,460.35,3040,2021-07-13 13:30:00,MKTX
458.62,458.62,457.28,457.28,500,2021-07-13 13:35:00,MKTX
457.5,457.55,457.5,457.55,200,2021-07-13 13:40:00,MKTX
457.05,457.7,457.05,457.49,500,2021-07-13 13:45:00,MKTX
457.37,457.86,457.37,457.86,200,2021-07-13 13:50:00,MKTX
459.01,459.22,458.92,458.92,500,2021-07-13 13:55:00,MKTX
459.43,459.85,459.41,459.41,400,2021-07-13 14:00:00,MKTX
457.7701,459.0,457.7701,458.4,400,2021-07-13 14:05:00,MKTX
458.81,459.9,458.81,459.9,1200,2021-07-13 14:10:00,MKTX
459.92,459.92,458.92,458.92,267,2021-07-13 14:15:00,MKTX
458.521,458.89,458.155,458.885,1950,2021-07-13 14:20:00,MKTX
458.31,459.42,458.31,459.42,804,2021-07-13 14:25:00,MKTX
459.4,459.4,459.4,459.4,188,2021-07-13 14:30:00,MKTX
460.1258,460.1258,460.1258,460.1258,120,2021-07-13 14:35:00,MKTX
461.87,461.87,461.87,461.87,100,2021-07-13 14:45:00,MKTX
462.03,462.03,462.03,462.03,100,2021-07-13 14:50:00,MKTX
461.15,461.235,461.15,461.235,300,2021-07-13 14:55:00,MKTX
460.965,460.965,460.965,460.965,100,2021-07-13 15:00:00,MKTX
460.845,460.845,460.26,460.26,200,2021-07-13 15:05:00,MKTX
460.54,460.84,460.54,460.84,300,2021-07-13 15:10:00,MKTX
462.19,462.31,462.19,462.31,300,2021-07-13 15:20:00,MKTX
462.48,462.48,462.17,462.17,200,2021-07-13 15:25:00,MKTX
462.24,462.24,461.86,461.86,200,2021-07-13 15:30:00,MKTX
461.83,462.0,461.14,461.215,1100,2021-07-13 15:35:00,MKTX
461.26,461.26,460.89,460.89,300,2021-07-13 15:50:00,MKTX
460.72,461.75,460.71,461.53,2100,2021-07-13 15:55:00,MKTX
461.44,461.59,461.425,461.59,300,2021-07-13 16:00:00,MKTX
460.05,460.05,459.98,459.98,200,2021-07-13 16:10:00,MKTX
459.85,459.89,459.85,459.89,200,2021-07-13 16:15:00,MKTX
460.06,460.06,460.06,460.06,100,2021-07-13 16:25:00,MKTX
460.43,460.46,460.09,460.39,600,2021-07-13 16:40:00,MKTX
460.44,460.44,460.44,460.44,100,2021-07-13 16:45:00,MKTX
460.44,460.705,460.44,460.555,1200,2021-07-13 16:50:00,MKTX
460.66,460.66,460.44,460.55,411,2021-07-13 16:55:00,MKTX
460.7,460.7,460.59,460.59,200,2021-07-13 17:05:00,MKTX
460.3,460.3,460.3,460.3,200,2021-07-13 17:10:00,MKTX
460.31,460.52,459.56,459.56,417,2021-07-13 17:15:00,MKTX
459.455,459.455,459.455,459.455,113,2021-07-13 17:25:00,MKTX
460.04,460.04,460.04,460.04,100,2021-07-13 17:30:00,MKTX
460.04,460.17,460.04,460.04,400,2021-07-13 17:35:00,MKTX
460.02,460.02,460.02,460.02,100,2021-07-13 17:40:00,MKTX
458.66,458.66,458.21,458.4844,300,2021-07-13 18:00:00,MKTX
458.6,458.6,458.6,458.6,100,2021-07-13 18:05:00,MKTX
458.72,458.72,458.6823,458.6823,395,2021-07-13 18:10:00,MKTX
458.5,458.5,458.5,458.5,100,2021-07-13 18:15:00,MKTX
458.21,458.21,458.21,458.21,100,2021-07-13 18:20:00,MKTX
458.77,459.0,458.54,458.54,300,2021-07-13 18:25:00,MKTX
458.74,458.74,458.1723,458.1723,230,2021-07-13 18:30:00,MKTX
458.52,458.97,458.48,458.97,410,2021-07-13 18:35:00,MKTX
458.195,458.63,458.195,458.63,215,2021-07-13 18:40:00,MKTX
458.2965,458.2965,458.2965,458.2965,155,2021-07-13 18:45:00,MKTX
458.905,458.905,458.905,458.905,100,2021-07-13 18:50:00,MKTX
458.83,458.83,458.78,458.78,200,2021-07-13 19:00:00,MKTX
458.96,459.14,458.83,458.83,400,2021-07-13 19:10:00,MKTX
458.86,458.86,458.86,458.86,100,2021-07-13 19:15:00,MKTX
459.24,459.495,459.24,459.495,201,2021-07-13 19:20:00,MKTX
459.48,459.51,458.96,459.51,820,2021-07-13 19:25:00,MKTX
459.2,459.2,458.53,458.93,400,2021-07-13 19:30:00,MKTX
458.935,459.53,458.935,459.53,1084,2021-07-13 19:35:00,MKTX
459.87,460.12,459.72,459.93,1312,2021-07-13 19:40:00,MKTX
459.58,460.1,459.5,459.5,1000,2021-07-13 19:45:00,MKTX
459.58,459.68,459.09,459.59,1900,2021-07-13 19:50:00,MKTX
459.65,459.95,459.13,459.36,5401,2021-07-13 19:55:00,MKTX
459.0,459.0,459.0,459.0,20387,2021-07-13 20:00:00,MKTX
459.0,459.0,459.0,459.0,397,2021-07-13 20:25:00,MKTX
459.0,459.0,459.0,459.0,2933,2021-07-14 12:25:00,MKTX
459.31,462.22,459.31,459.61,2297,2021-07-14 13:30:00,MKTX
457.69,457.69,457.69,457.69,100,2021-07-14 13:40:00,MKTX
458.27,458.27,456.53,456.53,950,2021-07-14 13:45:00,MKTX
457.04,457.04,457.04,457.04,300,2021-07-14 13:50:00,MKTX
457.76,457.88,457.65,457.65,300,2021-07-14 13:55:00,MKTX
459.35,459.35,457.98,458.365,1300,2021-07-14 14:00:00,MKTX
458.13,458.405,457.79,457.79,400,2021-07-14 14:05:00,MKTX
455.946,455.946,455.31,455.31,933,2021-07-14 14:15:00,MKTX
455.85,455.9,454.43,454.43,2600,2021-07-14 14:20:00,MKTX
454.4,454.65,453.75,454.65,400,2021-07-14 14:25:00,MKTX
455.29,455.29,455.29,455.29,100,2021-07-14 14:30:00,MKTX
455.44,456.25,455.05,456.25,1030,2021-07-14 14:35:00,MKTX
457.01,457.85,456.72,457.415,1900,2021-07-14 14:40:00,MKTX
457.09,457.09,456.49,457.09,300,2021-07-14 14:50:00,MKTX
458.205,458.205,457.91,457.91,300,2021-07-14 14:55:00,MKTX
457.44,457.44,457.44,457.44,100,2021-07-14 15:00:00,MKTX
457.72,457.72,456.39,457.02,1200,2021-07-14 15:05:00,MKTX
456.53,456.969,456.17,456.83,500,2021-07-14 15:10:00,MKTX
456.89,456.92,456.75,456.75,400,2021-07-14 15:15:00,MKTX
456.0401,456.0401,456.0401,456.0401,150,2021-07-14 15:20:00,MKTX
456.19,456.19,456.19,456.19,100,2021-07-14 15:25:00,MKTX
456.02,456.66,455.88,456.66,300,2021-07-14 15:30:00,MKTX
456.08,456.64,456.08,456.64,200,2021-07-14 15:35:00,MKTX
456.839,457.04,456.839,457.04,200,2021-07-14 15:40:00,MKTX
456.54,456.54,455.6,455.6,300,2021-07-14 15:50:00,MKTX
455.76,456.05,455.39,455.39,2454,2021-07-14 15:55:00,MKTX
455.885,456.27,455.885,456.27,200,2021-07-14 16:00:00,MKTX
455.855,455.855,455.855,455.855,200,2021-07-14 16:05:00,MKTX
455.58,456.1,455.45,455.61,700,2021-07-14 16:10:00,MKTX
455.2,455.2,455.2,455.2,100,2021-07-14 16:30:00,MKTX
454.92,456.3,454.81,456.3,3988,2021-07-14 16:40:00,MKTX
455.97,456.62,455.76,456.48,2104,2021-07-14 16:45:00,MKTX
455.61,455.61,455.61,455.61,100,2021-07-14 17:00:00,MKTX
456.09,456.09,455.45,455.45,200,2021-07-14 17:05:00,MKTX
455.605,456.12,455.58,456.11,700,2021-07-14 17:10:00,MKTX
456.36,456.36,456.21,456.21,200,2021-07-14 17:20:00,MKTX
455.72,455.72,455.7,455.7,200,2021-07-14 17:25:00,MKTX
455.81,455.81,455.81,455.81,100,2021-07-14 17:35:00,MKTX
455.84,455.97,455.76,455.97,1043,2021-07-14 17:40:00,MKTX
456.59,456.59,456.59,456.59,100,2021-07-14 17:45:00,MKTX
456.2,456.2,456.2,456.2,100,2021-07-14 17:50:00,MKTX
456.35,456.35,456.27,456.27,200,2021-07-14 18:00:00,MKTX
456.39,456.46,456.39,456.46,200,2021-07-14 18:05:00,MKTX
456.36,457.59,456.36,457.59,1800,2021-07-14 18:10:00,MKTX
458.313,458.42,458.313,458.42,667,2021-07-14 18:20:00,MKTX
458.17,458.17,457.57,457.89,515,2021-07-14 18:25:00,MKTX
458.14,458.5,458.14,458.5,500,2021-07-14 18:30:00,MKTX
458.42,458.42,458.27,458.27,200,2021-07-14 18:35:00,MKTX
459.655,459.655,459.655,459.655,100,2021-07-14 18:40:00,MKTX
459.709,459.709,459.56,459.56,350,2021-07-14 18:55:00,MKTX
459.75,460.38,459.75,460.38,300,2021-07-14 19:00:00,MKTX
459.79,459.79,459.79,459.79,100,2021-07-14 19:05:00,MKTX
459.73,459.745,458.42,458.43,1500,2021-07-14 19:10:00,MKTX
458.42,458.655,458.415,458.655,400,2021-07-14 19:15:00,MKTX
458.1,458.1,458.1,458.1,100,2021-07-14 19:20:00,MKTX
458.095,458.095,457.51,457.85,604,2021-07-14 19:25:00,MKTX
457.71,458.035,457.71,458.035,500,2021-07-14 19:30:00,MKTX
458.19,459.0,458.0,458.96,2900,2021-07-14 19:35:00,MKTX
459.22,459.57,459.22,459.52,644,2021-07-14 19:40:00,MKTX
459.6,459.6,459.27,459.27,200,2021-07-14 19:45:00,MKTX
458.74,459.68,458.39,459.14,3111,2021-07-14 19:50:00,MKTX
459.43,459.99,459.24,459.71,4498,2021-07-14 19:55:00,MKTX
459.46,459.46,459.46,459.46,16767,2021-07-14 20:00:00,MKTX
459.46,459.46,459.46,459.46,5379,2021-07-14 21:25:00,MKTX
459.46,459.46,459.46,459.46,862,2021-07-15 12:40:00,MKTX
458.0,458.0,456.72,458.0,8635,2021-07-15 13:30:00,MKTX
457.87,457.88,457.87,457.88,200,2021-07-15 13:35:00,MKTX
458.64,460.63,458.03,458.52,1350,2021-07-15 13:40:00,MKTX
459.815,459.95,459.815,459.95,200,2021-07-15 13:45:00,MKTX
460.33,460.4,459.87,460.4,400,2021-07-15 13:55:00,MKTX
459.59,460.05,458.62,458.62,700,2021-07-15 14:00:00,MKTX
459.22,459.6,459.22,459.6,500,2021-07-15 14:05:00,MKTX
459.55,459.9,459.5,459.5,700,2021-07-15 14:10:00,MKTX
459.22,459.635,459.22,459.635,200,2021-07-15 14:15:00,MKTX
459.55,459.55,459.55,459.55,100,2021-07-15 14:20:00,MKTX
459.205,459.569,458.33,458.33,1300,2021-07-15 14:25:00,MKTX
457.56,458.285,457.56,458.05,600,2021-07-15 14:30:00,MKTX
458.51,458.51,457.4,457.95,1200,2021-07-15 14:35:00,MKTX
457.72,457.72,456.28,456.94,900,2021-07-15 14:40:00,MKTX
455.84,455.84,454.61,454.895,914,2021-07-15 14:45:00,MKTX
454.88,455.28,454.48,454.54,1048,2021-07-15 14:50:00,MKTX
454.85,454.85,454.7,454.7,400,2021-07-15 14:55:00,MKTX
454.63,455.19,454.6275,454.77,600,2021-07-15 15:00:00,MKTX
455.33,455.91,455.33,455.91,300,2021-07-15 15:05:00,MKTX
456.26,456.26,456.26,456.26,100,2021-07-15 15:10:00,MKTX
456.7,456.96,456.7,456.96,307,2021-07-15 15:15:00,MKTX
457.7,457.95,457.36,457.36,800,2021-07-15 15:20:00,MKTX
456.725,456.725,456.11,456.11,300,2021-07-15 15:25:00,MKTX
456.33,456.705,456.33,456.705,300,2021-07-15 15:30:00,MKTX
456.13,456.13,455.58,455.94,500,2021-07-15 15:35:00,MKTX
455.71,455.71,455.58,455.58,200,2021-07-15 15:40:00,MKTX
456.07,456.54,456.07,456.54,601,2021-07-15 15:45:00,MKTX
456.42,456.42,455.755,456.15,972,2021-07-15 15:50:00,MKTX
455.74,455.74,455.74,455.74,105,2021-07-15 15:55:00,MKTX
455.54,455.54,454.99,455.1,600,2021-07-15 16:00:00,MKTX
455.01,455.15,454.78,455.15,300,2021-07-15 16:05:00,MKTX
454.9,454.92,454.02,454.695,2000,2021-07-15 16:10:00,MKTX
455.09,455.43,454.88,455.43,400,2021-07-15 16:15:00,MKTX
455.98,455.98,455.98,455.98,100,2021-07-15 16:20:00,MKTX
455.95,455.95,455.95,455.95,100,2021-07-15 16:25:00,MKTX
456.64,456.76,456.64,456.71,300,2021-07-15 16:30:00,MKTX
457.3,457.3,457.3,457.3,100,2021-07-15 16:35:00,MKTX
457.5,457.5,457.31,457.31,200,2021-07-15 16:40:00,MKTX
457.49,458.0,457.49,458.0,400,2021-07-15 16:45:00,MKTX
457.93,457.93,457.76,457.85,946,2021-07-15 16:50:00,MKTX
457.81,457.81,456.58,456.66,2847,2021-07-15 16:55:00,MKTX
456.535,456.535,456.34,456.34,300,2021-07-15 17:00:00,MKTX
454.91,454.91,454.91,454.91,100,2021-07-15 17:10:00,MKTX
455.31,455.31,454.01,454.01,300,2021-07-15 17:15:00,MKTX
454.87,454.9,454.87,454.9,200,2021-07-15 17:25:00,MKTX
454.87,454.87,454.87,454.87,100,2021-07-15 17:30:00,MKTX
454.01,454.02,453.98,454.02,300,2021-07-15 17:35:00,MKTX
453.8402,454.31,453.8402,454.31,557,2021-07-15 17:40:00,MKTX
453.85,453.85,453.63,453.69,485,2021-07-15 17:45:00,MKTX
454.18,454.21,454.18,454.21,200,2021-07-15 17:50:00,MKTX
453.83,453.83,453.83,453.83,100,2021-07-15 17:55:00,MKTX
454.13,454.42,454.13,454.42,500,2021-07-15 18:00:00,MKTX
454.36,454.535,454.2,454.535,500,2021-07-15 18:05:00,MKTX
454.28,454.28,454.28,454.28,100,2021-07-15 18:15:00,MKTX
454.965,454.965,454.4622,454.4622,573,2021-07-15 18:20:00,MKTX
454.97,454.97,454.66,454.66,500,2021-07-15 18:25:00,MKTX
455.0,455.0,455.0,455.0,200,2021-07-15 18:30:00,MKTX
455.0,455.0,454.53,454.53,300,2021-07-15 18:35:00,MKTX
454.18,454.315,453.94,453.94,700,2021-07-15 18:40:00,MKTX
454.38,455.5,454.38,455.5,400,2021-07-15 18:45:00,MKTX
455.54,455.71,455.46,455.46,400,2021-07-15 18:50:00,MKTX
455.39,455.39,455.15,455.34,400,2021-07-15 18:55:00,MKTX
455.33,455.78,455.33,455.78,300,2021-07-15 19:00:00,MKTX
455.99,455.99,455.83,455.83,300,2021-07-15 19:05:00,MKTX
455.63,455.73,455.63,455.73,200,2021-07-15 19:10:00,MKTX
455.61,455.61,455.07,455.07,300,2021-07-15 19:15:00,MKTX
455.4525,455.57,455.345,455.345,400,2021-07-15 19:25:00,MKTX
455.84,455.93,455.83,455.93,300,2021-07-15 19:30:00,MKTX
455.97,456.17,455.16,455.16,1200,2021-07-15 19:35:00,MKTX
454.99,455.16,454.99,455.06,400,2021-07-15 19:40:00,MKTX
455.09,455.3,454.95,455.3,900,2021-07-15 19:45:00,MKTX
455.13,455.355,454.77,454.78,3300,2021-07-15 19:50:00,MKTX
454.41,455.23,454.4,454.96,6774,2021-07-15 19:55:00,MKTX
454.67,454.67,454.67,454.67,19821,2021-07-15 20:00:00,MKTX
454.67,454.67,454.67,454.67,6614,2021-07-15 21:00:00,MKTX
454.67,454.67,454.67,454.67,2843,2021-07-16 12:35:00,MKTX
455.54,456.13,454.13,454.13,3577,2021-07-16 13:30:00,MKTX
454.73,454.73,453.01,453.29,800,2021-07-16 13:35:00,MKTX
455.92,456.89,455.92,456.33,300,2021-07-16 14:00:00,MKTX
458.0,458.0,458.0,458.0,118,2021-07-16 14:05:00,MKTX
457.41,457.41,456.96,456.96,600,2021-07-16 14:10:00,MKTX
456.015,456.015,456.015,456.015,100,2021-07-16 14:15:00,MKTX
455.81,456.185,454.18,454.18,1100,2021-07-16 14:20:00,MKTX
455.29,456.94,455.18,456.79,1600,2021-07-16 14:25:00,MKTX
458.0,460.02,458.0,460.02,1076,2021-07-16 14:30:00,MKTX
460.175,460.485,459.835,460.485,1422,2021-07-16 14:35:00,MKTX
461.28,461.29,461.22,461.29,1157,2021-07-16 14:40:00,MKTX
461.57,461.57,459.33,459.49,1027,2021-07-16 14:45:00,MKTX
460.59,460.59,459.59,459.59,200,2021-07-16 14:50:00,MKTX
459.48,459.54,458.425,458.425,1200,2021-07-16 14:55:00,MKTX
458.945,458.945,457.43,457.43,500,2021-07-16 15:00:00,MKTX
457.795,458.07,457.795,458.07,200,2021-07-16 15:05:00,MKTX
456.88,456.88,456.88,456.88,100,2021-07-16 15:10:00,MKTX
458.26,458.47,458.18,458.47,300,2021-07-16 15:15:00,MKTX
458.19,458.2,458.16,458.2,431,2021-07-16 15:20:00,MKTX
458.33,459.135,458.17,458.85,1444,2021-07-16 15:30:00,MKTX
458.72,458.72,458.72,458.72,330,2021-07-16 15:35:00,MKTX
458.1101,458.1101,458.1101,458.1101,106,2021-07-16 15:40:00,MKTX
458.69,458.69,458.69,458.69,100,2021-07-16 15:50:00,MKTX
459.82,459.9,459.7,459.83,400,2021-07-16 15:55:00,MKTX
460.28,460.28,460.28,460.28,100,2021-07-16 16:00:00,MKTX
460.9,461.58,460.9,461.58,200,2021-07-16 16:10:00,MKTX
460.72,460.965,460.72,460.965,300,2021-07-16 16:25:00,MKTX
461.28,461.28,461.28,461.28,100,2021-07-16 16:35:00,MKTX
461.6,461.6,460.99,461.0,400,2021-07-16 16:40:00,MKTX
461.5,461.5,460.855,460.855,300,2021-07-16 16:45:00,MKTX
460.925,460.925,460.375,460.375,500,2021-07-16 16:50:00,MKTX
460.445,460.65,460.1,460.1,600,2021-07-16 16:55:00,MKTX
459.76,460.455,459.76,460.455,600,2021-07-16 17:00:00,MKTX
460.39,460.39,460.39,460.39,154,2021-07-16 17:05:00,MKTX
460.69,460.85,460.69,460.85,384,2021-07-16 17:10:00,MKTX
461.32,461.58,461.2,461.2,500,2021-07-16 17:20:00,MKTX
461.09,461.09,461.08,461.08,200,2021-07-16 17:30:00,MKTX
460.95,461.54,460.95,461.54,400,2021-07-16 17:35:00,MKTX
461.4153,461.4153,460.78,461.075,1698,2021-07-16 17:40:00,MKTX
461.0,461.04,461.0,461.04,300,2021-07-16 17:50:00,MKTX
461.18,461.635,460.89,460.965,980,2021-07-16 17:55:00,MKTX
460.557,460.557,459.9,459.9,500,2021-07-16 18:00:00,MKTX
459.885,459.885,459.73,459.73,200,2021-07-16 18:05:00,MKTX
460.13,460.13,460.07,460.07,284,2021-07-16 18:10:00,MKTX
460.25,460.68,460.095,460.49,2000,2021-07-16 18:15:00,MKTX
460.57,461.15,460.4204,461.15,1300,2021-07-16 18:20:00,MKTX
461.22,461.915,461.22,461.915,1800,2021-07-16 18:25:00,MKTX
461.72,461.85,460.88,460.88,1600,2021-07-16 18:30:00,MKTX
460.55,460.55,459.91,460.15,1206,2021-07-16 18:35:00,MKTX
460.18,460.52,460.18,460.52,200,2021-07-16 18:40:00,MKTX
460.92,460.92,460.92,460.92,100,2021-07-16 18:45:00,MKTX
460.77,460.77,460.77,460.77,100,2021-07-16 18:50:00,MKTX
460.87,460.87,460.555,460.555,400,2021-07-16 18:55:00,MKTX
459.7,460.31,459.7,460.31,400,2021-07-16 19:00:00,MKTX
460.06,460.06,459.63,459.63,400,2021-07-16 19:05:00,MKTX
459.53,459.53,458.795,458.95,300,2021-07-16 19:10:00,MKTX
459.72,459.72,459.415,459.415,300,2021-07-16 19:20:00,MKTX
459.25,459.415,458.95,458.95,700,2021-07-16 19:25:00,MKTX
459.31,459.31,458.67,459.21,700,2021-07-16 19:30:00,MKTX
458.87,458.87,458.33,458.47,1032,2021-07-16 19:35:00,MKTX
458.44,458.97,458.18,458.61,1211,2021-07-16 19:40:00,MKTX
458.19,458.35,457.75,457.89,1230,2021-07-16 19:45:00,MKTX
458.06,459.1,457.77,459.1,5744,2021-07-16 19:50:00,MKTX
458.98,459.1,458.675,458.84,7700,2021-07-16 19:55:00,MKTX
459.09,459.09,459.09,459.09,39588,2021-07-16 20:00:00,MKTX
457.15,457.575,456.76,456.9525,2796,2021-07-19 13:30:00,MKTX
458.76,459.47,457.67,457.67,500,2021-07-19 13:35:00,MKTX
457.09,462.545,457.09,462.545,2370,2021-07-19 13:40:00,MKTX
462.17,462.17,459.41,459.41,1321,2021-07-19 13:45:00,MKTX
459.73,461.28,459.73,461.28,200,2021-07-19 13:50:00,MKTX
459.9211,460.335,459.735,460.335,1349,2021-07-19 13:55:00,MKTX
461.28,462.59,460.92,462.4,3153,2021-07-19 14:00:00,MKTX
461.27,462.32,461.09,461.24,1100,2021-07-19 14:05:00,MKTX
461.07,461.74,459.91,460.455,2100,2021-07-19 14:10:00,MKTX
461.87,462.575,459.68,460.0,3140,2021-07-19 14:15:00,MKTX
460.86,461.34,460.645,460.645,1200,2021-07-19 14:20:00,MKTX
461.535,464.08,461.535,463.9,500,2021-07-19 14:25:00,MKTX
463.735,463.97,462.26,462.4,1700,2021-07-19 14:30:00,MKTX
462.11,462.11,460.13,460.13,2135,2021-07-19 14:35:00,MKTX
460.65,461.81,460.65,461.615,1400,2021-07-19 14:40:00,MKTX
461.76,461.77,461.09,461.77,1000,2021-07-19 14:45:00,MKTX
461.72,462.22,461.68,462.015,1567,2021-07-19 14:50:00,MKTX
461.85,463.03,461.04,463.03,25000,2021-07-19 14:55:00,MKTX
462.965,464.775,462.75,464.72,900,2021-07-19 15:00:00,MKTX
465.24,466.37,465.24,465.41,2000,2021-07-19 15:05:00,MKTX
465.04,465.17,463.58,463.58,2500,2021-07-19 15:10:00,MKTX
463.605,463.605,462.86,462.86,550,2021-07-19 15:15:00,MKTX
463.09,463.46,462.5,462.5,900,2021-07-19 15:20:00,MKTX
462.47,462.6,461.0,462.045,1400,2021-07-19 15:25:00,MKTX
461.81,462.09,461.285,461.285,900,2021-07-19 15:30:00,MKTX
461.0,462.03,460.97,462.0,2403,2021-07-19 15:35:00,MKTX
462.02,462.425,462.02,462.4,1000,2021-07-19 15:40:00,MKTX
462.495,462.825,462.495,462.825,500,2021-07-19 15:45:00,MKTX
462.835,463.29,462.5,462.6,1100,2021-07-19 15:50:00,MKTX
462.435,463.48,462.435,463.48,500,2021-07-19 15:55:00,MKTX
463.305,463.305,461.41,462.4,2200,2021-07-19 16:00:00,MKTX
462.245,462.245,461.715,461.715,2200,2021-07-19 16:05:00,MKTX
461.93,462.4,461.93,462.4,1400,2021-07-19 16:10:00,MKTX
462.18,462.45,462.18,462.45,400,2021-07-19 16:15:00,MKTX
462.23,462.575,462.04,462.575,1200,2021-07-19 16:20:00,MKTX
462.56,462.56,462.2,462.2,300,2021-07-19 16:25:00,MKTX
462.0,462.02,461.165,461.93,2402,2021-07-19 16:30:00,MKTX
461.505,461.66,461.16,461.66,1100,2021-07-19 16:35:00,MKTX
461.57,462.03,461.36,461.36,1335,2021-07-19 16:40:00,MKTX
461.74,461.79,461.46,461.79,1000,2021-07-19 16:45:00,MKTX
461.65,461.92,461.43,461.785,809,2021-07-19 16:50:00,MKTX
461.765,462.37,460.99,462.315,2142,2021-07-19 16:55:00,MKTX
462.165,462.355,461.79,462.355,2100,2021-07-19 17:00:00,MKTX
462.0,462.1,461.82,462.01,1900,2021-07-19 17:05:00,MKTX
462.325,462.325,461.985,462.0,700,2021-07-19 17:10:00,MKTX
462.02,462.27,461.875,462.0,6438,2021-07-19 17:15:00,MKTX
461.94,461.94,460.815,461.29,2800,2021-07-19 17:20:00,MKTX
461.11,461.18,460.77,460.77,2300,2021-07-19 17:25:00,MKTX
461.0,461.08,459.83,459.955,4978,2021-07-19 17:30:00,MKTX
459.88,459.88,459.195,459.47,1000,2021-07-19 17:35:00,MKTX
458.67,459.05,458.645,458.96,3215,2021-07-19 17:40:00,MKTX
458.46,459.28,458.46,459.22,848,2021-07-19 17:45:00,MKTX
458.885,459.19,458.865,459.19,1349,2021-07-19 17:50:00,MKTX
459.56,460.48,459.54,460.24,1095,2021-07-19 17:55:00,MKTX
460.31,461.245,460.31,460.72,1100,2021-07-19 18:00:00,MKTX
460.7,460.7,460.0,460.61,900,2021-07-19 18:05:00,MKTX
460.445,460.45,460.12,460.23,600,2021-07-19 18:10:00,MKTX
460.66,462.33,460.66,462.33,1100,2021-07-19 18:15:00,MKTX
462.51,462.55,462.01,462.01,1400,2021-07-19 18:20:00,MKTX
461.9,462.075,461.14,462.075,750,2021-07-19 18:25:00,MKTX
461.54,461.93,461.33,461.33,700,2021-07-19 18:30:00,MKTX
461.02,461.14,460.92,460.92,500,2021-07-19 18:35:00,MKTX
460.67,461.1,460.05,460.05,1637,2021-07-19 18:40:00,MKTX
460.26,460.69,460.02,460.69,858,2021-07-19 18:45:00,MKTX
460.76,460.92,460.015,460.83,1600,2021-07-19 18:50:00,MKTX
460.595,462.095,460.595,460.805,1200,2021-07-19 18:55:00,MKTX
460.2,460.68,460.08,460.49,700,2021-07-19 19:00:00,MKTX
460.12,460.52,460.12,460.43,1094,2021-07-19 19:05:00,MKTX
461.075,461.075,460.75,460.94,500,2021-07-19 19:10:00,MKTX
460.97,461.03,460.435,460.435,600,2021-07-19 19:15:00,MKTX
460.365,460.41,459.96,459.96,1500,2021-07-19 19:20:00,MKTX
460.17,460.935,460.17,460.93,1114,2021-07-19 19:25:00,MKTX
460.34,460.82,460.29,460.78,2604,2021-07-19 19:30:00,MKTX
460.69,461.81,460.6328,461.81,1400,2021-07-19 19:35:00,MKTX
461.72,462.05,461.03,461.03,14500,2021-07-19 19:40:00,MKTX
460.6851,461.91,460.6851,460.88,13705,2021-07-19 19:45:00,MKTX
461.21,461.99,460.63,461.485,9263,2021-07-19 19:50:00,MKTX
461.635,463.43,461.285,463.16,13186,2021-07-19 19:55:00,MKTX
462.68,462.68,462.68,462.68,29596,2021-07-19 20:00:00,MKTX
462.22,462.78,462.22,462.78,2992,2021-07-20 13:30:00,MKTX
462.78,464.09,462.78,463.12,700,2021-07-20 13:35:00,MKTX
463.015,463.3,462.765,462.84,934,2021-07-20 13:40:00,MKTX
462.315,463.34,462.17,462.565,18500,2021-07-20 13:45:00,MKTX
462.03,462.03,461.08,461.08,1200,2021-07-20 13:50:00,MKTX
462.52,463.5,461.67,463.2,3200,2021-07-20 13:55:00,MKTX
463.415,463.89,463.185,463.385,4080,2021-07-20 14:00:00,MKTX
463.41,463.94,463.41,463.77,2320,2021-07-20 14:05:00,MKTX
463.435,464.58,463.395,463.625,2994,2021-07-20 14:10:00,MKTX
463.68,464.485,463.2,464.48,2433,2021-07-20 14:15:00,MKTX
464.3586,465.24,464.3586,464.74,1229,2021-07-20 14:20:00,MKTX
464.14,464.14,463.32,463.605,1400,2021-07-20 14:25:00,MKTX
463.4,464.57,463.16,464.49,2980,2021-07-20 14:30:00,MKTX
464.665,464.91,464.51,464.72,2799,2021-07-20 14:35:00,MKTX
464.7,464.98,464.445,464.695,1200,2021-07-20 14:40:00,MKTX
464.575,465.53,464.575,465.115,3434,2021-07-20 14:45:00,MKTX
465.23,465.23,464.33,464.33,1176,2021-07-20 14:50:00,MKTX
464.05,464.24,463.25,463.89,2400,2021-07-20 14:55:00,MKTX
464.03,464.23,463.38,464.22,2990,2021-07-20 15:00:00,MKTX
463.94,464.53,463.94,464.17,2600,2021-07-20 15:05:00,MKTX
463.94,463.95,463.58,463.885,500,2021-07-20 15:10:00,MKTX
464.005,464.3,464.0,464.08,600,2021-07-20 15:15:00,MKTX
464.4375,464.69,463.775,463.775,1100,2021-07-20 15:20:00,MKTX
463.88,464.1,463.225,463.42,2301,2021-07-20 15:25:00,MKTX
463.5,464.29,463.5,464.08,1100,2021-07-20 15:30:00,MKTX
464.0,464.0,463.53,463.765,2100,2021-07-20 15:35:00,MKTX
463.99,464.0,463.68,463.84,700,2021-07-20 15:40:00,MKTX
463.42,463.88,463.28,463.47,3804,2021-07-20 15:45:00,MKTX
463.74,463.78,463.405,463.56,4199,2021-07-20 15:50:00,MKTX
463.57,463.83,462.26,462.26,2300,2021-07-20 15:55:00,MKTX
461.48,462.91,461.48,462.91,1160,2021-07-20 16:00:00,MKTX
463.24,463.785,462.055,462.055,3648,2021-07-20 16:05:00,MKTX
461.85,462.33,461.84,462.04,1400,2021-07-20 16:10:00,MKTX
462.12,462.19,461.665,461.88,1100,2021-07-20 16:15:00,MKTX
461.715,461.8,461.35,461.35,400,2021-07-20 16:20:00,MKTX
461.59,461.81,461.59,461.81,600,2021-07-20 16:25:00,MKTX
461.7,462.02,461.7,462.01,1170,2021-07-20 16:30:00,MKTX
461.91,462.02,461.875,462.02,545,2021-07-20 16:35:00,MKTX
461.92,462.85,461.92,462.85,900,2021-07-20 16:40:00,MKTX
462.78,462.78,462.775,462.775,412,2021-07-20 16:45:00,MKTX
462.775,462.85,462.64,462.83,1100,2021-07-20 16:50:00,MKTX
463.1,464.255,463.1,464.255,4078,2021-07-20 16:55:00,MKTX
464.49,464.6,463.185,463.3,5196,2021-07-20 17:00:00,MKTX
462.87,463.495,462.87,463.19,1900,2021-07-20 17:05:00,MKTX
463.19,463.54,463.19,463.28,2295,2021-07-20 17:10:00,MKTX
463.52,463.52,462.77,463.01,3834,2021-07-20 17:15:00,MKTX
463.0,463.8,463.0,463.755,1400,2021-07-20 17:20:00,MKTX
463.8,464.06,463.69,464.06,1100,2021-07-20 17:25:00,MKTX
464.105,464.41,463.76,464.41,2200,2021-07-20 17:30:00,MKTX
464.305,464.305,463.6,463.6,500,2021-07-20 17:35:00,MKTX
463.44,463.695,463.24,463.695,700,2021-07-20 17:40:00,MKTX
463.45,463.72,463.36,463.44,1259,2021-07-20 17:45:00,MKTX
463.24,463.775,463.24,463.73,670,2021-07-20 17:50:00,MKTX
463.79,463.91,463.61,463.77,1381,2021-07-20 17:55:00,MKTX
463.97,464.0,463.51,463.51,1217,2021-07-20 18:00:00,MKTX
462.45,462.61,462.235,462.465,2500,2021-07-20 18:05:00,MKTX
462.66,463.8,462.66,463.8,3210,2021-07-20 18:10:00,MKTX
463.552,464.31,463.4262,464.2596,5114,2021-07-20 18:15:00,MKTX
464.2,465.26,464.2,465.25,5524,2021-07-20 18:20:00,MKTX
465.24,465.44,465.02,465.44,1600,2021-07-20 18:25:00,MKTX
465.41,465.41,464.86,464.86,1100,2021-07-20 18:30:00,MKTX
464.68,465.12,463.82,463.82,3167,2021-07-20 18:35:00,MKTX
463.665,463.77,463.365,463.7,1608,2021-07-20 18:40:00,MKTX
463.725,463.735,463.1,463.1,1100,2021-07-20 18:45:00,MKTX
463.235,463.235,462.515,462.82,4925,2021-07-20 18:50:00,MKTX
462.78,464.095,462.445,462.445,3733,2021-07-20 18:55:00,MKTX
462.54,463.195,462.53,462.73,2489,2021-07-20 19:00:00,MKTX
462.575,462.62,462.065,462.065,500,2021-07-20 19:05:00,MKTX
462.33,462.34,461.935,462.32,1718,2021-07-20 19:10:00,MKTX
462.07,462.11,462.0,462.09,1985,2021-07-20 19:15:00,MKTX
462.24,462.77,461.82,462.76,3606,2021-07-20 19:20:00,MKTX
462.865,462.865,461.565,461.57,2000,2021-07-20 19:25:00,MKTX
461.46,461.795,461.02,461.23,6247,2021-07-20 19:30:00,MKTX
460.875,461.6,459.635,461.16,7449,2021-07-20 19:35:00,MKTX
461.165,461.165,459.4,459.8,4758,2021-07-20 19:40:00,MKTX
459.67,459.85,459.08,459.415,5800,2021-07-20 19:45:00,MKTX
459.71,460.66,459.415,460.44,16769,2021-07-20 19:50:00,MKTX
460.49,460.69,459.64,460.59,12556,2021-07-20 19:55:00,MKTX
460.5,460.5,459.0,460.5,51046,2021-07-20 20:00:00,MKTX
460.5,460.5,460.5,460.5,212,2021-07-21 12:25:00,MKTX
467.99,472.01,466.01,472.0,3275,2021-07-21 13:30:00,MKTX
471.315,472.0,470.14,472.0,2313,2021-07-21 13:35:00,MKTX
473.785,477.5818,473.21,476.92,4035,2021-07-21 13:40:00,MKTX
476.5,478.76,475.75,477.0,2900,2021-07-21 13:45:00,MKTX
477.2,477.5,470.08,471.1,5518,2021-07-21 13:50:00,MKTX
471.03,471.03,464.43,464.43,1181,2021-07-21 13:55:00,MKTX
464.44,467.625,464.44,465.29,1500,2021-07-21 14:00:00,MKTX
465.88,467.29,463.99,465.11,1500,2021-07-21 14:05:00,MKTX
463.665,465.435,461.64,461.64,1357,2021-07-21 14:10:00,MKTX
462.26,462.95,459.85,459.85,3115,2021-07-21 14:15:00,MKTX
459.07,459.17,455.09,459.17,4933,2021-07-21 14:20:00,MKTX
459.36,459.36,457.75,457.75,600,2021-07-21 14:25:00,MKTX
455.06,457.39,453.97,457.39,1700,2021-07-21 14:30:00,MKTX
456.82,459.3,456.82,459.3,700,2021-07-21 14:35:00,MKTX
459.29,460.67,455.48,455.48,2840,2021-07-21 14:40:00,MKTX
458.0,459.12,456.6,459.12,1222,2021-07-21 14:45:00,MKTX
456.5,458.66,456.5,458.66,805,2021-07-21 14:50:00,MKTX
458.605,461.07,458.605,459.805,700,2021-07-21 14:55:00,MKTX
459.82,460.45,459.285,459.285,1000,2021-07-21 15:00:00,MKTX
459.21,459.21,459.21,459.21,100,2021-07-21 15:05:00,MKTX
459.65,460.155,459.23,459.23,500,2021-07-21 15:10:00,MKTX
459.625,459.815,457.905,459.725,2500,2021-07-21 15:20:00,MKTX
459.03,459.07,459.03,459.07,200,2021-07-21 15:25:00,MKTX
458.835,459.6,458.5,459.26,1100,2021-07-21 15:30:00,MKTX
459.87,459.87,459.33,459.33,200,2021-07-21 15:35:00,MKTX
458.695,460.3,458.67,460.04,1308,2021-07-21 15:40:00,MKTX
460.0215,460.0215,458.84,458.985,2220,2021-07-21 15:45:00,MKTX
459.24,459.24,458.76,458.77,400,2021-07-21 15:50:00,MKTX
457.36,458.61,457.36,458.51,1492,2021-07-21 15:55:00,MKTX
458.49,459.18,458.49,459.18,400,2021-07-21 16:00:00,MKTX
459.445,459.95,459.0,459.0,1100,2021-07-21 16:05:00,MKTX
457.88,458.62,457.045,458.61,3000,2021-07-21 16:10:00,MKTX
458.665,458.88,457.96,458.88,1400,2021-07-21 16:15:00,MKTX
457.78,457.95,456.98,457.94,1000,2021-07-21 16:20:00,MKTX
457.81,458.16,457.81,457.86,600,2021-07-21 16:25:00,MKTX
457.58,458.49,457.58,457.625,400,2021-07-21 16:30:00,MKTX
457.21,457.43,457.17,457.355,500,2021-07-21 16:35:00,MKTX
457.1,457.985,457.1,457.985,400,2021-07-21 16:40:00,MKTX
457.55,457.55,457.55,457.55,100,2021-07-21 16:45:00,MKTX
456.97,456.97,456.55,456.56,700,2021-07-21 16:50:00,MKTX
456.07,456.57,456.07,456.57,500,2021-07-21 16:55:00,MKTX
456.21,456.65,455.52,456.28,2029,2021-07-21 17:00:00,MKTX
456.37,456.425,456.11,456.425,500,2021-07-21 17:05:00,MKTX
456.47,456.47,455.76,455.76,500,2021-07-21 17:10:00,MKTX
454.94,455.55,454.66,455.4,1600,2021-07-21 17:15:00,MKTX
454.95,455.1315,454.59,454.78,1506,2021-07-21 17:20:00,MKTX
454.53,454.53,454.295,454.365,500,2021-07-21 17:25:00,MKTX
454.0,456.89,454.0,456.89,1700,2021-07-21 17:30:00,MKTX
456.85,457.43,456.775,457.43,1000,2021-07-21 17:35:00,MKTX
455.63,456.235,455.45,456.235,1100,2021-07-21 17:45:00,MKTX
455.89,455.975,455.89,455.91,602,2021-07-21 17:50:00,MKTX
455.0,455.04,454.72,455.0,600,2021-07-21 17:55:00,MKTX
455.11,455.11,455.11,455.11,100,2021-07-21 18:00:00,MKTX
454.56,455.53,454.08,455.53,900,2021-07-21 18:05:00,MKTX
455.585,455.585,455.03,455.23,600,2021-07-21 18:10:00,MKTX
455.17,455.17,454.05,454.05,300,2021-07-21 18:15:00,MKTX
454.08,456.005,454.08,456.005,1400,2021-07-21 18:20:00,MKTX
455.95,456.02,455.95,455.96,400,2021-07-21 18:25:00,MKTX
455.42,455.78,455.27,455.73,1300,2021-07-21 18:30:00,MKTX
455.32,455.505,454.92,455.49,1700,2021-07-21 18:35:00,MKTX
455.37,455.49,455.12,455.26,1100,2021-07-21 18:40:00,MKTX
456.46,456.795,456.46,456.795,600,2021-07-21 18:45:00,MKTX
456.82,456.915,455.91,456.52,2500,2021-07-21 18:50:00,MKTX
456.6,456.6,456.2955,456.2955,338,2021-07-21 18:55:00,MKTX
456.95,456.95,456.95,456.95,100,2021-07-21 19:00:00,MKTX
456.8,457.23,456.79,457.18,1100,2021-07-21 19:05:00,MKTX
457.24,457.42,457.01,457.34,1200,2021-07-21 19:10:00,MKTX
457.27,457.27,457.02,457.02,200,2021-07-21 19:15:00,MKTX
457.62,457.72,457.62,457.72,400,2021-07-21 19:20:00,MKTX
457.46,457.46,457.17,457.17,800,2021-07-21 19:25:00,MKTX
457.01,457.36,456.76,457.32,2000,2021-07-21 19:30:00,MKTX
456.66,456.89,455.03,455.4,1404,2021-07-21 19:35:00,MKTX
455.56,456.37,455.38,455.63,1700,2021-07-21 19:40:00,MKTX
455.36,455.36,455.0,455.31,1600,2021-07-21 19:45:00,MKTX
455.225,457.88,455.225,457.7,6472,2021-07-21 19:50:00,MKTX
457.725,458.07,455.85,456.59,14874,2021-07-21 19:55:00,MKTX
455.85,455.85,455.85,455.85,28256,2021-07-21 20:00:00,MKTX
455.85,455.85,455.85,455.85,671,2021-07-22 12:30:00,MKTX
453.08,455.11,451.8116,455.11,3456,2021-07-22 13:30:00,MKTX
453.03,453.94,453.03,453.94,200,2021-07-22 13:35:00,MKTX
452.79,452.79,452.79,452.79,100,2021-07-22 13:40:00,MKTX
452.58,452.58,452.58,452.58,100,2021-07-22 13:45:00,MKTX
452.95,453.595,451.85,453.595,800,2021-07-22 13:50:00,MKTX
454.91,456.88,454.91,456.585,500,2021-07-22 14:00:00,MKTX
457.39,457.8,457.23,457.8,558,2021-07-22 14:05:00,MKTX
457.495,457.495,457.495,457.495,100,2021-07-22 14:10:00,MKTX
458.58,459.2,458.38,459.2,300,2021-07-22 14:15:00,MKTX
459.93,459.93,459.26,459.64,400,2021-07-22 14:20:00,MKTX
460.67,462.31,460.405,462.31,674,2021-07-22 14:25:00,MKTX
462.79,463.275,462.56,462.56,400,2021-07-22 14:30:00,MKTX
463.71,464.86,463.71,464.86,500,2021-07-22 14:35:00,MKTX
464.89,465.75,464.89,465.75,931,2021-07-22 14:40:00,MKTX
466.2,466.2,465.13,465.85,1550,2021-07-22 14:45:00,MKTX
465.985,467.54,465.985,467.21,1230,2021-07-22 14:50:00,MKTX
466.55,466.56,465.76,465.76,866,2021-07-22 14:55:00,MKTX
465.91,466.62,465.91,466.22,500,2021-07-22 15:00:00,MKTX
466.68,466.68,465.73,465.84,400,2021-07-22 15:05:00,MKTX
466.2086,467.73,466.2086,467.435,575,2021-07-22 15:10:00,MKTX
467.26,467.26,466.61,466.61,782,2021-07-22 15:15:00,MKTX
468.36,468.48,468.05,468.05,771,2021-07-22 15:20:00,MKTX
467.22,467.22,467.22,467.22,100,2021-07-22 15:25:00,MKTX
467.2,467.475,466.78,467.475,500,2021-07-22 15:30:00,MKTX
467.7137,467.7137,466.99,466.99,200,2021-07-22 15:35:00,MKTX
467.6113,467.6113,466.95,466.95,223,2021-07-22 15:40:00,MKTX
466.87,466.87,466.36,466.86,700,2021-07-22 15:45:00,MKTX
466.64,466.64,466.64,466.64,100,2021-07-22 15:50:00,MKTX
467.3,467.97,466.72,467.97,2056,2021-07-22 15:55:00,MKTX
467.97,467.97,467.51,467.51,200,2021-07-22 16:00:00,MKTX
467.67,467.67,465.87,465.87,1300,2021-07-22 16:05:00,MKTX
464.44,464.44,463.73,463.73,300,2021-07-22 16:10:00,MKTX
464.58,464.69,463.98,464.69,400,2021-07-22 16:15:00,MKTX
464.06,464.06,463.44,463.44,300,2021-07-22 16:20:00,MKTX
463.89,464.17,463.55,463.55,300,2021-07-22 16:25:00,MKTX
463.4,463.4,463.4,463.4,100,2021-07-22 16:30:00,MKTX
463.6,463.83,463.59,463.59,300,2021-07-22 16:35:00,MKTX
463.26,463.43,462.81,462.81,300,2021-07-22 16:40:00,MKTX
462.73,462.835,462.73,462.835,200,2021-07-22 16:45:00,MKTX
463.64,464.32,462.54,464.015,700,2021-07-22 16:55:00,MKTX
465.07,465.07,464.53,464.53,205,2021-07-22 17:00:00,MKTX
464.105,464.105,463.27,463.27,800,2021-07-22 17:05:00,MKTX
462.56,463.07,462.56,463.07,200,2021-07-22 17:10:00,MKTX
463.32,463.5,463.21,463.5,500,2021-07-22 17:20:00,MKTX
463.34,464.165,463.34,464.165,300,2021-07-22 17:25:00,MKTX
465.28,465.28,464.71,464.71,300,2021-07-22 17:30:00,MKTX
465.1636,465.1636,464.52,464.52,200,2021-07-22 17:35:00,MKTX
464.51,464.77,464.405,464.405,500,2021-07-22 17:45:00,MKTX
464.6132,464.75,464.3109,464.6,625,2021-07-22 17:50:00,MKTX
464.98,464.98,464.5,464.5,400,2021-07-22 17:55:00,MKTX
464.68,464.68,464.17,464.17,200,2021-07-22 18:00:00,MKTX
464.06,464.06,463.04,463.04,700,2021-07-22 18:05:00,MKTX
462.8,463.03,462.29,463.03,351,2021-07-22 18:10:00,MKTX
463.746,463.746,463.63,463.63,205,2021-07-22 18:15:00,MKTX
463.49,463.655,463.49,463.655,201,2021-07-22 18:20:00,MKTX
463.88,464.35,463.725,463.87,403,2021-07-22 18:25:00,MKTX
463.86,463.92,463.72,463.74,800,2021-07-22 18:30:00,MKTX
464.57,464.57,464.57,464.57,100,2021-07-22 18:45:00,MKTX
464.45,464.8089,464.36,464.36,400,2021-07-22 18:50:00,MKTX
464.44,464.72,464.44,464.72,300,2021-07-22 19:00:00,MKTX
464.55,464.9,464.525,464.6804,2672,2021-07-22 19:05:00,MKTX
464.69,464.83,464.61,464.61,400,2021-07-22 19:10:00,MKTX
464.415,464.62,464.34,464.34,800,2021-07-22 19:15:00,MKTX
463.81,463.81,462.71,463.145,700,2021-07-22 19:20:00,MKTX
463.34,463.34,463.145,463.145,300,2021-07-22 19:25:00,MKTX
463.16,464.39,463.16,464.165,5015,2021-07-22 19:30:00,MKTX
464.405,464.9,464.34,464.6,535,2021-07-22 19:35:00,MKTX
464.78,464.78,464.19,464.59,900,2021-07-22 19:40:00,MKTX
464.05,464.65,464.05,464.64,600,2021-07-22 19:45:00,MKTX
464.865,465.33,464.175,465.04,3657,2021-07-22 19:50:00,MKTX
464.5,465.3,464.16,465.05,8544,2021-07-22 19:55:00,MKTX
464.42,464.42,464.42,464.42,20803,2021-07-22 20:00:00,MKTX
467.93,468.0,464.97,466.26,4164,2021-07-23 13:30:00,MKTX
467.315,467.875,466.02,467.875,600,2021-07-23 13:35:00,MKTX
465.91,466.53,465.91,466.53,400,2021-07-23 13:40:00,MKTX
467.15,468.0,465.96,468.0,1200,2021-07-23 13:45:00,MKTX
469.005,469.36,467.36,468.86,500,2021-07-23 13:50:00,MKTX
466.305,466.305,466.305,466.305,100,2021-07-23 14:00:00,MKTX
466.92,467.58,466.92,467.58,600,2021-07-23 14:05:00,MKTX
466.99,466.99,466.99,466.99,100,2021-07-23 14:10:00,MKTX
467.57,468.925,467.53,468.925,800,2021-07-23 14:15:00,MKTX
468.91,469.42,468.75,468.94,700,2021-07-23 14:20:00,MKTX
469.51,469.59,469.51,469.59,300,2021-07-23 14:25:00,MKTX
470.0,470.96,469.77,469.77,764,2021-07-23 14:30:00,MKTX
469.43,469.97,469.36,469.97,918,2021-07-23 14:35:00,MKTX
470.06,470.06,469.43,469.43,502,2021-07-23 14:40:00,MKTX
469.94,469.94,469.07,469.41,900,2021-07-23 14:45:00,MKTX
469.2,470.84,469.2,470.7,500,2021-07-23 14:50:00,MKTX
471.15,471.86,471.15,471.86,806,2021-07-23 14:55:00,MKTX
471.66,471.975,471.48,471.975,909,2021-07-23 15:00:00,MKTX
471.83,473.69,471.83,473.69,1108,2021-07-23 15:05:00,MKTX
473.6,473.6,473.6,473.6,100,2021-07-23 15:10:00,MKTX
473.85,474.97,473.67,474.97,900,2021-07-23 15:15:00,MKTX
475.06,475.06,474.69,474.69,600,2021-07-23 15:20:00,MKTX
474.67,474.67,474.315,474.61,1000,2021-07-23 15:25:00,MKTX
475.16,475.66,474.16,475.14,3100,2021-07-23 15:30:00,MKTX
474.15,474.54,474.15,474.54,500,2021-07-23 15:35:00,MKTX
474.75,474.75,474.5,474.61,400,2021-07-23 15:40:00,MKTX
474.79,475.43,474.79,475.43,800,2021-07-23 15:45:00,MKTX
475.33,476.31,475.13,475.31,1976,2021-07-23 15:50:00,MKTX
475.26,475.37,475.12,475.2,900,2021-07-23 15:55:00,MKTX
474.6,474.6,474.32,474.32,200,2021-07-23 16:00:00,MKTX
474.12,474.305,473.93,473.93,500,2021-07-23 16:05:00,MKTX
473.83,473.83,471.98,471.98,1500,2021-07-23 16:10:00,MKTX
471.59,471.94,471.59,471.84,500,2021-07-23 16:15:00,MKTX
472.08,472.08,471.52,471.52,500,2021-07-23 16:20:00,MKTX
471.46,471.46,470.79,470.79,200,2021-07-23 16:25:00,MKTX
470.67,470.67,470.67,470.67,100,2021-07-23 16:30:00,MKTX
471.44,472.193,471.34,471.71,500,2021-07-23 16:35:00,MKTX
472.18,472.75,472.18,472.75,300,2021-07-23 16:40:00,MKTX
472.83,472.89,472.83,472.89,223,2021-07-23 16:45:00,MKTX
472.86,472.86,472.824,472.824,200,2021-07-23 16:50:00,MKTX
472.41,473.05,472.41,473.05,800,2021-07-23 16:55:00,MKTX
473.42,473.5,473.4,473.5,450,2021-07-23 17:05:00,MKTX
473.55,473.55,473.37,473.37,200,2021-07-23 17:10:00,MKTX
473.37,473.75,473.17,473.7,1500,2021-07-23 17:15:00,MKTX
474.62,474.62,474.425,474.425,200,2021-07-23 17:20:00,MKTX
474.7,474.7,474.31,474.6,303,2021-07-23 17:25:00,MKTX
474.2,474.5,473.89,473.925,1496,2021-07-23 17:30:00,MKTX
473.56,473.79,472.77,472.77,1002,2021-07-23 17:35:00,MKTX
472.587,472.587,471.81,471.81,400,2021-07-23 17:40:00,MKTX
471.82,471.82,471.82,471.82,100,2021-07-23 17:45:00,MKTX
471.93,472.01,471.93,472.01,500,2021-07-23 17:50:00,MKTX
471.74,471.92,471.66,471.83,700,2021-07-23 17:55:00,MKTX
471.62,472.53,471.62,472.08,1300,2021-07-23 18:00:00,MKTX
472.46,472.95,472.38,472.95,300,2021-07-23 18:05:00,MKTX
472.61,472.61,472.19,472.58,417,2021-07-23 18:10:00,MKTX
472.38,472.38,472.05,472.21,300,2021-07-23 18:15:00,MKTX
471.96,471.965,471.96,471.965,200,2021-07-23 18:20:00,MKTX
471.975,472.29,471.86,472.29,1100,2021-07-23 18:25:00,MKTX
472.3028,473.005,472.3028,472.93,648,2021-07-23 18:30:00,MKTX
472.98,473.195,472.84,473.075,1100,2021-07-23 18:35:00,MKTX
472.7,472.94,472.7,472.94,400,2021-07-23 18:40:00,MKTX
472.99,472.99,472.94,472.95,400,2021-07-23 18:45:00,MKTX
473.11,473.78,473.11,473.64,1800,2021-07-23 18:50:00,MKTX
473.24,473.45,473.24,473.45,300,2021-07-23 18:55:00,MKTX
473.48,473.48,473.25,473.25,300,2021-07-23 19:00:00,MKTX
473.26,473.37,473.19,473.37,500,2021-07-23 19:05:00,MKTX
473.535,473.535,473.04,473.04,400,2021-07-23 19:10:00,MKTX
473.11,473.11,473.11,473.11,100,2021-07-23 19:15:00,MKTX
473.12,473.12,472.92,472.92,500,2021-07-23 19:20:00,MKTX
473.07,473.49,473.07,473.39,600,2021-07-23 19:25:00,MKTX
473.64,473.795,473.6,473.66,700,2021-07-23 19:30:00,MKTX
473.72,473.94,473.52,473.94,800,2021-07-23 19:35:00,MKTX
473.855,473.94,473.54,473.84,1200,2021-07-23 19:40:00,MKTX
473.51,474.03,473.51,474.0,1600,2021-07-23 19:45:00,MKTX
474.25,475.02,474.16,474.74,2915,2021-07-23 19:50:00,MKTX
474.365,475.2,474.365,475.18,8243,2021-07-23 19:55:00,MKTX
475.19,475.19,475.19,475.19,30610,2021-07-23 20:00:00,MKTX
471.19,471.37,468.54,468.54,3205,2021-07-26 13:30:00,MKTX
470.68,473.52,470.68,473.52,200,2021-07-26 13:35:00,MKTX
470.89,471.5,469.44,469.44,400,2021-07-26 13:45:00,MKTX
468.24,468.24,466.052,466.052,1100,2021-07-26 13:50:00,MKTX
466.525,466.525,465.6459,465.6459,300,2021-07-26 13:55:00,MKTX
466.05,466.06,464.445,464.445,600,2021-07-26 14:00:00,MKTX
465.29,466.04,464.1,464.1,600,2021-07-26 14:05:00,MKTX
464.54,465.21,463.65,464.21,1300,2021-07-26 14:10:00,MKTX
463.56,464.1,463.31,463.98,800,2021-07-26 14:15:00,MKTX
464.06,464.69,464.06,464.69,200,2021-07-26 14:20:00,MKTX
464.17,464.17,463.5,463.502,708,2021-07-26 14:25:00,MKTX
463.515,465.485,463.515,465.48,500,2021-07-26 14:30:00,MKTX
464.745,464.745,464.745,464.745,100,2021-07-26 14:35:00,MKTX
465.43,465.9,464.59,465.615,700,2021-07-26 14:40:00,MKTX
465.48,466.42,465.48,466.32,900,2021-07-26 14:45:00,MKTX
466.34,466.34,466.28,466.28,200,2021-07-26 14:50:00,MKTX
466.16,466.84,466.16,466.84,400,2021-07-26 14:55:00,MKTX
466.905,466.905,466.905,466.905,100,2021-07-26 15:00:00,MKTX
466.845,467.4,466.455,467.4,594,2021-07-26 15:05:00,MKTX
467.8,467.83,467.8,467.83,200,2021-07-26 15:10:00,MKTX
468.6,468.84,467.27,468.84,900,2021-07-26 15:15:00,MKTX
468.045,468.3,467.54,468.15,600,2021-07-26 15:20:00,MKTX
468.21,468.4,468.08,468.08,600,2021-07-26 15:25:00,MKTX
468.26,468.26,468.04,468.04,1000,2021-07-26 15:30:00,MKTX
467.99,467.99,467.57,467.57,300,2021-07-26 15:35:00,MKTX
467.96,467.96,467.55,467.87,400,2021-07-26 15:40:00,MKTX
468.35,468.745,468.19,468.46,1000,2021-07-26 15:45:00,MKTX
468.37,468.37,468.37,468.37,100,2021-07-26 15:50:00,MKTX
468.37,468.96,468.37,468.96,374,2021-07-26 15:55:00,MKTX
469.3,469.3,469.3,469.3,100,2021-07-26 16:00:00,MKTX
470.065,470.24,469.46,470.2,795,2021-07-26 16:05:00,MKTX
470.07,470.07,470.07,470.07,100,2021-07-26 16:10:00,MKTX
469.81,469.81,468.69,468.69,300,2021-07-26 16:15:00,MKTX
468.745,468.745,468.23,468.23,200,2021-07-26 16:20:00,MKTX
467.86,468.06,467.51,467.51,700,2021-07-26 16:25:00,MKTX
468.5,468.65,468.29,468.65,500,2021-07-26 16:35:00,MKTX
467.97,467.97,467.97,467.97,100,2021-07-26 16:40:00,MKTX
467.63,467.63,467.47,467.47,200,2021-07-26 16:45:00,MKTX
467.47,467.92,467.36,467.36,1110,2021-07-26 16:50:00,MKTX
467.51,467.64,467.46,467.64,400,2021-07-26 16:55:00,MKTX
468.4,468.4,468.4,468.4,100,2021-07-26 17:00:00,MKTX
468.785,468.89,468.57,468.57,414,2021-07-26 17:05:00,MKTX
468.66,468.82,468.44,468.81,1000,2021-07-26 17:10:00,MKTX
468.98,468.98,468.96,468.96,200,2021-07-26 17:15:00,MKTX
468.83,468.93,468.27,468.27,600,2021-07-26 17:20:00,MKTX
468.03,468.03,467.88,467.88,300,2021-07-26 17:25:00,MKTX
467.75,467.88,467.75,467.88,200,2021-07-26 17:30:00,MKTX
467.78,467.92,467.78,467.92,200,2021-07-26 17:35:00,MKTX
468.3,469.02,468.3,469.02,500,2021-07-26 17:40:00,MKTX
468.55,468.55,468.55,468.55,100,2021-07-26 17:45:00,MKTX
468.43,468.62,468.41,468.41,500,2021-07-26 17:50:00,MKTX
468.21,468.21,467.61,467.61,300,2021-07-26 18:00:00,MKTX
468.14,468.14,468.14,468.14,100,2021-07-26 18:05:00,MKTX
468.16,468.16,467.7,467.77,700,2021-07-26 18:10:00,MKTX
467.23,467.38,467.23,467.38,300,2021-07-26 18:15:00,MKTX
466.97,466.97,466.67,466.67,700,2021-07-26 18:20:00,MKTX
466.48,466.52,466.25,466.52,500,2021-07-26 18:30:00,MKTX
466.35,466.35,466.085,466.085,359,2021-07-26 18:35:00,MKTX
466.24,466.24,466.05,466.05,400,2021-07-26 18:40:00,MKTX
465.96,466.18,465.728,466.18,900,2021-07-26 18:45:00,MKTX
466.14,466.14,465.49,465.49,1083,2021-07-26 18:50:00,MKTX
465.36,465.97,465.36,465.6,500,2021-07-26 18:55:00,MKTX
465.6,465.6,465.6,465.6,100,2021-07-26 19:00:00,MKTX
465.8,465.905,465.8,465.905,300,2021-07-26 19:05:00,MKTX
465.895,465.9,465.89,465.9,400,2021-07-26 19:10:00,MKTX
465.975,466.04,465.9,466.04,300,2021-07-26 19:15:00,MKTX
466.22,466.305,466.105,466.115,500,2021-07-26 19:20:00,MKTX
466.29,466.79,466.29,466.7539,527,2021-07-26 19:25:00,MKTX
466.745,466.745,466.255,466.255,1324,2021-07-26 19:30:00,MKTX
466.09,466.09,465.87,465.98,700,2021-07-26 19:35:00,MKTX
465.93,466.22,465.925,465.925,1000,2021-07-26 19:40:00,MKTX
465.84,466.13,465.8,465.89,900,2021-07-26 19:45:00,MKTX
466.12,467.64,466.12,466.96,4980,2021-07-26 19:50:00,MKTX
466.97,467.34,466.69,466.82,8439,2021-07-26 19:55:00,MKTX
466.95,466.95,466.95,466.95,61801,2021-07-26 20:00:00,MKTX
466.52,467.57,466.02,466.02,2449,2021-07-27 13:30:00,MKTX
463.51,465.03,463.51,465.03,400,2021-07-27 13:40:00,MKTX
465.44,465.73,464.87,464.87,302,2021-07-27 13:45:00,MKTX
465.15,465.15,462.99,464.31,6735,2021-07-27 13:50:00,MKTX
465.35,465.41,464.67,464.88,1300,2021-07-27 13:55:00,MKTX
463.535,463.535,463.535,463.535,120,2021-07-27 14:05:00,MKTX
464.17,464.17,462.675,462.675,600,2021-07-27 14:10:00,MKTX
462.19,462.415,461.485,462.415,1000,2021-07-27 14:15:00,MKTX
463.05,463.05,463.05,463.05,200,2021-07-27 14:20:00,MKTX
463.765,464.29,463.765,464.29,300,2021-07-27 14:25:00,MKTX
464.25,464.9,464.09,464.715,1002,2021-07-27 14:30:00,MKTX
465.41,465.41,464.69,465.39,3886,2021-07-27 14:35:00,MKTX
465.0,465.2,464.93,465.2,300,2021-07-27 14:40:00,MKTX
464.925,465.41,464.925,465.23,1300,2021-07-27 14:45:00,MKTX
465.05,465.07,464.71,465.06,818,2021-07-27 14:50:00,MKTX
465.81,466.85,465.81,466.645,1800,2021-07-27 14:55:00,MKTX
466.92,468.46,466.92,468.06,1685,2021-07-27 15:00:00,MKTX
467.39,467.745,467.39,467.47,600,2021-07-27 15:05:00,MKTX
467.95,467.98,467.19,467.19,1227,2021-07-27 15:10:00,MKTX
467.22,467.8,466.985,467.54,800,2021-07-27 15:15:00,MKTX
467.09,467.09,465.49,465.57,2100,2021-07-27 15:20:00,MKTX
465.4,465.4,464.46,464.49,4661,2021-07-27 15:25:00,MKTX
464.62,464.87,463.325,464.13,2696,2021-07-27 15:30:00,MKTX
464.73,464.765,463.89,464.53,4057,2021-07-27 15:35:00,MKTX
464.84,465.84,464.0941,465.84,390,2021-07-27 15:40:00,MKTX
466.01,466.71,466.01,466.71,200,2021-07-27 15:45:00,MKTX
467.47,467.51,466.9,467.51,700,2021-07-27 15:50:00,MKTX
467.565,467.565,466.815,466.815,412,2021-07-27 15:55:00,MKTX
466.55,466.7,466.475,466.7,400,2021-07-27 16:00:00,MKTX
466.46,466.46,466.46,466.46,200,2021-07-27 16:05:00,MKTX
466.4,466.75,466.4,466.75,315,2021-07-27 16:10:00,MKTX
467.13,467.13,466.87,466.87,300,2021-07-27 16:15:00,MKTX
467.245,467.245,467.05,467.05,200,2021-07-27 16:20:00,MKTX
467.5,467.5,466.2,466.2,600,2021-07-27 16:30:00,MKTX
466.8,466.8,466.49,466.49,200,2021-07-27 16:35:00,MKTX
467.1,467.535,467.1,467.535,203,2021-07-27 16:40:00,MKTX
467.57,467.88,467.28,467.5,900,2021-07-27 16:45:00,MKTX
467.41,467.41,467.41,467.41,100,2021-07-27 16:50:00,MKTX
466.98,467.375,466.93,467.18,800,2021-07-27 17:00:00,MKTX
466.47,467.2,466.47,466.75,3200,2021-07-27 17:10:00,MKTX
467.71,467.71,467.25,467.25,300,2021-07-27 17:15:00,MKTX
468.12,468.65,468.0161,468.63,844,2021-07-27 17:25:00,MKTX
468.72,468.72,467.5993,467.5993,1382,2021-07-27 17:30:00,MKTX
467.555,467.98,467.555,467.98,200,2021-07-27 17:35:00,MKTX
467.385,467.385,466.78,466.94,700,2021-07-27 17:40:00,MKTX
467.3,467.3,467.3,467.3,100,2021-07-27 17:45:00,MKTX
467.39,467.39,466.94,466.94,402,2021-07-27 17:50:00,MKTX
466.96,467.03,466.57,467.03,600,2021-07-27 17:55:00,MKTX
466.76,467.445,466.76,467.445,231,2021-07-27 18:00:00,MKTX
467.44,467.59,467.44,467.59,200,2021-07-27 18:05:00,MKTX
467.63,467.63,467.345,467.42,800,2021-07-27 18:10:00,MKTX
467.905,468.24,467.905,468.24,200,2021-07-27 18:20:00,MKTX
468.22,468.22,467.7,467.71,600,2021-07-27 18:25:00,MKTX
467.825,467.99,467.78,467.96,400,2021-07-27 18:30:00,MKTX
467.54,467.54,467.54,467.54,100,2021-07-27 18:35:00,MKTX
467.33,467.46,467.33,467.46,200,2021-07-27 18:40:00,MKTX
467.26,468.14,467.24,467.45,888,2021-07-27 19:00:00,MKTX
467.02,467.02,467.02,467.02,420,2021-07-27 19:05:00,MKTX
466.28,466.28,465.91,465.91,300,2021-07-27 19:10:00,MKTX
465.92,466.245,465.92,466.04,400,2021-07-27 19:15:00,MKTX
466.5,466.61,466.5,466.61,200,2021-07-27 19:20:00,MKTX
466.08,466.08,466.04,466.04,300,2021-07-27 19:25:00,MKTX
465.62,466.4,465.45,465.45,1000,2021-07-27 19:30:00,MKTX
465.64,465.7,465.35,465.7,601,2021-07-27 19:35:00,MKTX
465.48,465.88,465.28,465.88,1529,2021-07-27 19:40:00,MKTX
465.92,466.415,465.91,466.415,1400,2021-07-27 19:45:00,MKTX
467.1,467.605,466.58,467.18,2400,2021-07-27 19:50:00,MKTX
466.75,467.26,466.71,466.71,4942,2021-07-27 19:55:00,MKTX
466.72,466.72,466.72,466.72,41340,2021-07-27 20:00:00,MKTX
466.63,466.63,466.63,466.63,1459,2021-07-28 13:30:00,MKTX
468.5,468.5,468.5,468.5,100,2021-07-28 13:40:00,MKTX
469.72,471.08,469.06,469.06,1000,2021-07-28 13:50:00,MKTX
469.72,469.72,469.72,469.72,100,2021-07-28 13:55:00,MKTX
470.395,470.395,469.22,469.84,700,2021-07-28 14:00:00,MKTX
469.385,469.385,469.385,469.385,100,2021-07-28 14:05:00,MKTX
469.99,473.92,469.99,473.215,1900,2021-07-28 14:10:00,MKTX
474.36,474.73,473.82,474.08,1184,2021-07-28 14:20:00,MKTX
473.81,473.81,473.08,473.08,300,2021-07-28 14:25:00,MKTX
470.22,470.22,469.71,469.71,200,2021-07-28 14:35:00,MKTX
468.67,469.075,468.44,468.44,1248,2021-07-28 14:40:00,MKTX
468.61,469.73,468.61,469.215,2301,2021-07-28 14:45:00,MKTX
470.38,470.77,470.0,470.235,1651,2021-07-28 14:50:00,MKTX
470.04,471.44,470.04,470.895,2037,2021-07-28 14:55:00,MKTX
471.085,471.577,471.085,471.565,2503,2021-07-28 15:00:00,MKTX
471.89,472.4,471.865,472.22,2100,2021-07-28 15:05:00,MKTX
471.8,471.96,471.57,471.57,400,2021-07-28 15:10:00,MKTX
470.465,470.465,470.06,470.06,202,2021-07-28 15:15:00,MKTX
468.675,468.675,468.28,468.28,200,2021-07-28 15:20:00,MKTX
467.74,468.045,467.62,468.045,1084,2021-07-28 15:25:00,MKTX
466.86,466.965,466.86,466.965,200,2021-07-28 15:30:00,MKTX
466.22,466.27,465.85,465.85,500,2021-07-28 15:40:00,MKTX
465.78,466.495,465.78,466.28,470,2021-07-28 15:45:00,MKTX
465.66,465.66,465.07,465.07,900,2021-07-28 15:50:00,MKTX
465.745,465.78,465.745,465.78,300,2021-07-28 15:55:00,MKTX
465.805,466.72,465.79,466.72,620,2021-07-28 16:00:00,MKTX
466.86,466.86,466.165,466.165,500,2021-07-28 16:05:00,MKTX
465.8,465.8,465.8,465.8,100,2021-07-28 16:10:00,MKTX
465.48,465.48,465.48,465.48,100,2021-07-28 16:15:00,MKTX
466.11,466.3,465.94,465.94,1500,2021-07-28 16:20:00,MKTX
465.28,465.3,465.28,465.3,200,2021-07-28 16:30:00,MKTX
465.86,466.36,465.86,466.36,900,2021-07-28 16:35:00,MKTX
467.5175,468.31,467.5175,468.31,3576,2021-07-28 16:40:00,MKTX
468.65,468.65,468.65,468.65,133,2021-07-28 16:45:00,MKTX
468.475,470.36,468.375,469.34,1225,2021-07-28 16:50:00,MKTX
469.0,469.0,468.77,468.77,300,2021-07-28 16:55:00,MKTX
468.4,468.4,467.87,467.87,200,2021-07-28 17:00:00,MKTX
468.39,468.49,468.39,468.49,300,2021-07-28 17:05:00,MKTX
468.05,468.05,468.05,468.05,100,2021-07-28 17:15:00,MKTX
467.72,468.09,467.72,468.09,341,2021-07-28 17:20:00,MKTX
467.955,467.955,467.955,467.955,100,2021-07-28 17:25:00,MKTX
467.61,467.7,467.58,467.7,300,2021-07-28 17:30:00,MKTX
467.53,467.53,467.31,467.4,564,2021-07-28 17:35:00,MKTX
467.25,467.25,467.25,467.25,100,2021-07-28 17:40:00,MKTX
467.9,468.22,467.85,467.85,825,2021-07-28 17:45:00,MKTX
467.71,468.315,467.7,468.04,800,2021-07-28 17:55:00,MKTX
467.55,467.55,466.6,467.21,700,2021-07-28 18:00:00,MKTX
467.83,468.88,467.83,468.63,520,2021-07-28 18:05:00,MKTX
469.98,470.5,469.98,470.5,400,2021-07-28 18:15:00,MKTX
470.01,471.51,470.01,470.97,800,2021-07-28 18:20:00,MKTX
471.33,471.33,471.33,471.33,100,2021-07-28 18:25:00,MKTX
470.43,470.43,470.43,470.43,100,2021-07-28 18:30:00,MKTX
470.635,470.635,469.59,470.26,940,2021-07-28 18:35:00,MKTX
470.7,470.7,470.7,470.7,100,2021-07-28 18:40:00,MKTX
470.35,470.95,470.35,470.6,1057,2021-07-28 18:45:00,MKTX
470.59,470.59,470.25,470.33,600,2021-07-28 18:50:00,MKTX
470.59,470.59,470.25,470.25,518,2021-07-28 19:00:00,MKTX
470.45,470.45,469.68,469.68,1000,2021-07-28 19:05:00,MKTX
470.11,470.27,470.11,470.27,300,2021-07-28 19:10:00,MKTX
470.94,470.98,470.87,470.98,400,2021-07-28 19:15:00,MKTX
470.79,470.79,470.47,470.47,800,2021-07-28 19:20:00,MKTX
470.77,470.77,470.77,470.77,100,2021-07-28 19:25:00,MKTX
470.99,471.57,470.99,471.53,800,2021-07-28 19:30:00,MKTX
471.31,471.65,471.26,471.35,1900,2021-07-28 19:35:00,MKTX
471.57,472.11,471.38,471.92,1600,2021-07-28 19:40:00,MKTX
471.98,472.83,471.94,472.82,2700,2021-07-28 19:45:00,MKTX
472.65,472.79,472.16,472.21,4500,2021-07-28 19:50:00,MKTX
472.18,472.18,470.66,470.8,6643,2021-07-28 19:55:00,MKTX
470.94,470.94,470.94,470.94,22602,2021-07-28 20:00:00,MKTX
470.94,470.94,470.94,470.94,108,2021-07-29 12:30:00,MKTX
471.15,471.15,469.53,469.53,1915,2021-07-29 13:30:00,MKTX
471.99,471.99,471.99,471.99,100,2021-07-29 13:35:00,MKTX
469.06,470.05,469.06,470.05,200,2021-07-29 13:40:00,MKTX
468.83,471.17,466.7,466.71,1713,2021-07-29 13:45:00,MKTX
467.02,468.6,465.84,467.4,800,2021-07-29 13:50:00,MKTX
467.915,469.19,467.76,469.19,800,2021-07-29 13:55:00,MKTX
468.69,469.005,468.69,468.88,595,2021-07-29 14:00:00,MKTX
468.935,470.74,468.935,470.6,3470,2021-07-29 14:05:00,MKTX
470.035,470.155,468.865,468.915,14030,2021-07-29 14:10:00,MKTX
469.245,471.97,469.245,471.97,1332,2021-07-29 14:20:00,MKTX
472.0,472.43,472.0,472.43,300,2021-07-29 14:25:00,MKTX
470.64,470.795,470.64,470.795,300,2021-07-29 14:35:00,MKTX
470.351,470.351,470.351,470.351,100,2021-07-29 14:40:00,MKTX
471.15,473.25,471.15,472.875,829,2021-07-29 14:50:00,MKTX
472.66,472.85,472.22,472.22,557,2021-07-29 14:55:00,MKTX
471.92,471.92,471.9,471.9,200,2021-07-29 15:00:00,MKTX
471.85,473.49,471.85,472.09,900,2021-07-29 15:10:00,MKTX
472.26,472.26,471.37,471.37,901,2021-07-29 15:15:00,MKTX
472.53,472.53,472.53,472.53,100,2021-07-29 15:20:00,MKTX
471.9,472.08,471.82,472.08,814,2021-07-29 15:30:00,MKTX
472.54,473.25,472.54,473.25,700,2021-07-29 15:35:00,MKTX
473.31,474.39,473.31,474.39,1140,2021-07-29 15:45:00,MKTX
474.62,475.26,474.62,475.01,876,2021-07-29 15:50:00,MKTX
475.31,475.61,475.31,475.61,200,2021-07-29 16:00:00,MKTX
475.86,475.87,475.49,475.49,500,2021-07-29 16:05:00,MKTX
475.4,475.4,475.34,475.34,200,2021-07-29 16:10:00,MKTX
475.08,475.08,475.07,475.07,300,2021-07-29 16:20:00,MKTX
474.44,474.49,474.44,474.4804,725,2021-07-29 16:25:00,MKTX
474.98,475.28,474.39,474.39,1001,2021-07-29 16:30:00,MKTX
475.43,475.43,475.43,475.43,201,2021-07-29 16:35:00,MKTX
475.11,475.11,475.01,475.01,200,2021-07-29 16:40:00,MKTX
475.76,476.0,475.76,476.0,300,2021-07-29 16:45:00,MKTX
476.91,477.29,476.53,476.71,400,2021-07-29 16:50:00,MKTX
476.56,476.56,476.55,476.55,300,2021-07-29 16:55:00,MKTX
477.12,477.29,477.12,477.29,500,2021-07-29 17:05:00,MKTX
477.65,478.6,477.65,478.6,900,2021-07-29 17:10:00,MKTX
478.3,478.3,478.3,478.3,222,2021-07-29 17:15:00,MKTX
478.32,478.32,478.32,478.32,100,2021-07-29 17:20:00,MKTX
478.5,478.59,478.4,478.435,700,2021-07-29 17:30:00,MKTX
478.12,478.88,478.12,478.88,1419,2021-07-29 17:35:00,MKTX
478.85,479.36,478.84,479.285,910,2021-07-29 17:40:00,MKTX
479.07,479.07,475.6,475.6,7965,2021-07-29 17:45:00,MKTX
476.0,476.08,476.0,476.04,400,2021-07-29 17:50:00,MKTX
476.1,476.1,476.1,476.1,100,2021-07-29 17:55:00,MKTX
476.09,476.09,476.09,476.09,100,2021-07-29 18:00:00,MKTX
476.04,476.38,475.39,475.54,1000,2021-07-29 18:05:00,MKTX
475.485,475.82,475.485,475.82,637,2021-07-29 18:10:00,MKTX
475.475,475.72,475.115,475.72,600,2021-07-29 18:15:00,MKTX
475.36,475.95,475.085,475.95,900,2021-07-29 18:20:00,MKTX
475.485,476.59,475.485,475.87,1684,2021-07-29 18:25:00,MKTX
475.9,475.9,475.65,475.87,795,2021-07-29 18:35:00,MKTX
475.54,476.19,475.54,476.19,300,2021-07-29 18:40:00,MKTX
475.825,475.825,475.41,475.41,308,2021-07-29 18:45:00,MKTX
475.255,475.46,475.255,475.3,634,2021-07-29 18:50:00,MKTX
475.03,475.21,475.03,475.21,576,2021-07-29 18:55:00,MKTX
475.15,475.39,475.13,475.39,1492,2021-07-29 19:00:00,MKTX
475.395,475.46,475.355,475.46,787,2021-07-29 19:05:00,MKTX
475.23,476.085,475.22,476.085,2906,2021-07-29 19:10:00,MKTX
476.23,476.35,476.01,476.25,1406,2021-07-29 19:15:00,MKTX
476.12,476.12,475.94,475.94,1031,2021-07-29 19:20:00,MKTX
475.82,475.82,475.63,475.63,306,2021-07-29 19:25:00,MKTX
475.665,475.665,475.665,475.665,134,2021-07-29 19:30:00,MKTX
475.545,475.715,475.19,475.21,2279,2021-07-29 19:35:00,MKTX
475.26,475.35,474.6,474.8,1539,2021-07-29 19:40:00,MKTX
474.42,474.42,474.25,474.25,700,2021-07-29 19:45:00,MKTX
473.84,476.13,473.84,476.13,4795,2021-07-29 19:50:00,MKTX
475.76,475.92,475.04,475.58,11491,2021-07-29 19:55:00,MKTX
475.78,475.78,475.78,475.78,23977,2021-07-29 20:00:00,MKTX
475.25,475.25,474.88,474.88,1709,2021-07-30 13:30:00,MKTX
477.38,477.38,475.55,476.5,500,2021-07-30 13:35:00,MKTX
476.973,478.25,476.973,478.25,600,2021-07-30 13:45:00,MKTX
478.25,479.275,478.25,479.275,700,2021-07-30 13:50:00,MKTX
479.89,479.89,478.465,478.465,290,2021-07-30 13:55:00,MKTX
477.255,477.61,476.45,477.56,400,2021-07-30 14:00:00,MKTX
476.7,477.58,476.7,477.58,300,2021-07-30 14:05:00,MKTX
476.85,476.85,475.5,475.5,300,2021-07-30 14:10:00,MKTX
474.61,474.61,473.23,473.23,500,2021-07-30 14:15:00,MKTX
473.95,474.35,473.615,474.35,800,2021-07-30 14:20:00,MKTX
475.51,475.51,474.58,474.66,400,2021-07-30 14:25:00,MKTX
474.67,475.43,474.67,474.6948,322,2021-07-30 14:30:00,MKTX
474.46,474.94,474.46,474.94,400,2021-07-30 14:35:00,MKTX
475.5,477.59,475.5,477.59,900,2021-07-30 14:40:00,MKTX
477.68,477.86,477.62,477.86,528,2021-07-30 14:45:00,MKTX
477.6,478.26,477.405,477.405,1500,2021-07-30 14:50:00,MKTX
477.29,477.625,477.29,477.625,518,2021-07-30 14:55:00,MKTX
477.09,477.29,476.1,476.105,700,2021-07-30 15:00:00,MKTX
476.4,476.4,476.4,476.4,371,2021-07-30 15:05:00,MKTX
476.545,476.545,476.17,476.17,800,2021-07-30 15:10:00,MKTX
475.94,476.635,475.57,476.105,5177,2021-07-30 15:15:00,MKTX
476.13,476.69,475.665,476.06,3523,2021-07-30 15:20:00,MKTX
475.925,475.995,475.88,475.91,700,2021-07-30 15:25:00,MKTX
476.3,476.76,476.3,476.76,400,2021-07-30 15:30:00,MKTX
477.8,478.23,477.8,478.04,700,2021-07-30 15:40:00,MKTX
478.04,478.23,477.7,477.985,900,2021-07-30 15:45:00,MKTX
478.025,478.025,477.12,477.12,800,2021-07-30 15:50:00,MKTX
476.855,476.855,476.36,476.36,300,2021-07-30 15:55:00,MKTX
476.84,476.87,475.72,475.87,1000,2021-07-30 16:00:00,MKTX
475.61,475.77,475.58,475.685,6128,2021-07-30 16:05:00,MKTX
475.8176,475.91,475.73,475.91,950,2021-07-30 16:10:00,MKTX
476.59,476.59,476.59,476.59,200,2021-07-30 16:15:00,MKTX
476.26,476.51,476.1655,476.1655,515,2021-07-30 16:20:00,MKTX
475.99,476.005,475.87,475.935,500,2021-07-30 16:25:00,MKTX
477.005,477.16,476.895,476.895,501,2021-07-30 16:35:00,MKTX
476.89,476.89,476.89,476.89,107,2021-07-30 16:40:00,MKTX
476.69,476.69,476.385,476.385,400,2021-07-30 16:45:00,MKTX
476.385,476.755,476.17,476.755,1100,2021-07-30 16:50:00,MKTX
476.76,477.25,476.76,477.25,300,2021-07-30 16:55:00,MKTX
477.08,477.13,476.6825,476.6825,700,2021-07-30 17:00:00,MKTX
476.7,476.7,476.27,476.27,400,2021-07-30 17:05:00,MKTX
476.35,476.35,476.35,476.35,100,2021-07-30 17:10:00,MKTX
476.11,476.27,475.895,476.2375,900,2021-07-30 17:15:00,MKTX
475.89,476.24,475.89,476.0125,600,2021-07-30 17:20:00,MKTX
475.825,476.83,475.825,476.83,915,2021-07-30 17:25:00,MKTX
476.622,476.73,476.23,476.53,801,2021-07-30 17:30:00,MKTX
476.55,476.55,476.55,476.55,165,2021-07-30 17:35:00,MKTX
476.43,476.43,475.585,475.83,1100,2021-07-30 17:40:00,MKTX
476.055,476.07,475.98,476.07,800,2021-07-30 17:45:00,MKTX
476.37,476.42,476.185,476.395,600,2021-07-30 17:50:00,MKTX
476.4,476.4,476.17,476.19,992,2021-07-30 17:55:00,MKTX
476.205,476.21,476.085,476.21,425,2021-07-30 18:00:00,MKTX
476.01,476.2975,476.01,476.2975,1018,2021-07-30 18:05:00,MKTX
476.03,476.45,476.03,476.45,1300,2021-07-30 18:10:00,MKTX
476.385,476.45,475.805,476.14,800,2021-07-30 18:15:00,MKTX
476.16,476.16,474.72,474.72,800,2021-07-30 18:20:00,MKTX
474.86,474.86,474.44,474.44,300,2021-07-30 18:25:00,MKTX
474.21,474.53,474.21,474.52,500,2021-07-30 18:30:00,MKTX
474.0,474.57,473.84,474.45,1785,2021-07-30 18:35:00,MKTX
474.3315,475.13,474.31,474.97,900,2021-07-30 18:40:00,MKTX
475.2,476.51,475.2,476.51,1144,2021-07-30 18:45:00,MKTX
475.79,475.79,475.205,475.27,1200,2021-07-30 18:50:00,MKTX
475.105,475.61,475.105,475.61,718,2021-07-30 18:55:00,MKTX
475.425,475.625,475.425,475.46,700,2021-07-30 19:00:00,MKTX
475.42,476.27,475.38,476.185,1400,2021-07-30 19:05:00,MKTX
476.17,476.17,475.76,475.76,707,2021-07-30 19:10:00,MKTX
475.68,475.73,475.62,475.73,900,2021-07-30 19:15:00,MKTX
475.78,475.78,474.92,474.92,2508,2021-07-30 19:20:00,MKTX
475.56,476.01,475.535,475.99,1824,2021-07-30 19:25:00,MKTX
476.085,476.72,475.86,476.72,900,2021-07-30 19:30:00,MKTX
476.46,476.46,475.45,475.61,3600,2021-07-30 19:35:00,MKTX
475.72,475.805,475.4,475.59,1597,2021-07-30 19:40:00,MKTX
475.43,475.5,475.37,475.37,700,2021-07-30 19:45:00,MKTX
475.53,476.1,475.06,475.18,6027,2021-07-30 19:50:00,MKTX
475.17,475.7,474.965,475.6,16993,2021-07-30 19:55:00,MKTX
475.17,475.17,475.17,475.17,45331,2021-07-30 20:00:00,MKTX
475.17,475.17,475.17,475.17,4435,2021-07-30 20:55:00,MKTX
475.669,475.669,475.669,475.669,17436,2021-07-30 21:00:00,MKTX
