open,high,low,close,volume,datetime,symbol
9.5,9.5,9.5,9.5,408,2021-09-01 13:25:00,DSKE
9.43,9.5,9.18,9.19,31897,2021-09-01 13:30:00,DSKE
9.22,9.2667,9.16,9.255,16039,2021-09-01 13:35:00,DSKE
9.2999,9.31,9.27,9.3,7238,2021-09-01 13:40:00,DSKE
9.3,9.37,9.3,9.3473,4549,2021-09-01 13:45:00,DSKE
9.345,9.35,9.26,9.295,7334,2021-09-01 13:50:00,DSKE
9.3,9.3,9.26,9.29,3655,2021-09-01 13:55:00,DSKE
9.27,9.345,9.2501,9.31,7916,2021-09-01 14:00:00,DSKE
9.31,9.315,9.28,9.3,3786,2021-09-01 14:05:00,DSKE
9.2747,9.34,9.2747,9.34,3500,2021-09-01 14:10:00,DSKE
9.33,9.3689,9.3199,9.35,3360,2021-09-01 14:15:00,DSKE
9.35,9.36,9.35,9.36,300,2021-09-01 14:20:00,DSKE
9.38,9.38,9.3527,9.36,850,2021-09-01 14:25:00,DSKE
9.37,9.4,9.36,9.4,4241,2021-09-01 14:30:00,DSKE
9.43,9.43,9.4056,9.4056,500,2021-09-01 14:35:00,DSKE
9.42,9.43,9.41,9.43,400,2021-09-01 14:40:00,DSKE
9.4066,9.439,9.4,9.4143,410,2021-09-01 14:45:00,DSKE
9.415,9.43,9.4,9.405,2454,2021-09-01 14:50:00,DSKE
9.405,9.405,9.36,9.36,3122,2021-09-01 14:55:00,DSKE
9.37,9.37,9.35,9.35,4127,2021-09-01 15:00:00,DSKE
9.37,9.39,9.32,9.39,6909,2021-09-01 15:05:00,DSKE
9.39,9.39,9.37,9.37,400,2021-09-01 15:10:00,DSKE
9.34,9.38,9.3369,9.3799,880,2021-09-01 15:15:00,DSKE
9.36,9.3691,9.33,9.3691,1020,2021-09-01 15:20:00,DSKE
9.37,9.3729,9.35,9.3729,400,2021-09-01 15:25:00,DSKE
9.35,9.48,9.34,9.44,20681,2021-09-01 15:30:00,DSKE
9.43,9.45,9.43,9.43,3958,2021-09-01 15:35:00,DSKE
9.43,9.45,9.43,9.45,300,2021-09-01 15:40:00,DSKE
9.44,9.46,9.44,9.46,962,2021-09-01 15:45:00,DSKE
9.45,9.47,9.434,9.47,2027,2021-09-01 15:50:00,DSKE
9.445,9.445,9.4301,9.4301,810,2021-09-01 16:00:00,DSKE
9.445,9.445,9.445,9.445,200,2021-09-01 16:05:00,DSKE
9.45,9.45,9.45,9.45,1051,2021-09-01 16:10:00,DSKE
9.47,9.49,9.46,9.48,3617,2021-09-01 16:15:00,DSKE
9.496,9.5,9.485,9.5,550,2021-09-01 16:20:00,DSKE
9.475,9.475,9.36,9.43,10182,2021-09-01 16:25:00,DSKE
9.445,9.49,9.445,9.49,3350,2021-09-01 16:30:00,DSKE
9.5,9.5,9.4999,9.5,1215,2021-09-01 16:35:00,DSKE
9.49,9.49,9.49,9.49,100,2021-09-01 16:40:00,DSKE
9.49,9.49,9.4645,9.475,965,2021-09-01 16:45:00,DSKE
9.462,9.462,9.46,9.46,200,2021-09-01 16:50:00,DSKE
9.46,9.49,9.46,9.49,5647,2021-09-01 16:55:00,DSKE
9.498,9.498,9.49,9.49,311,2021-09-01 17:00:00,DSKE
9.4857,9.49,9.4857,9.49,2100,2021-09-01 17:05:00,DSKE
9.49,9.5,9.49,9.49,1000,2021-09-01 17:10:00,DSKE
9.4883,9.49,9.48,9.49,313,2021-09-01 17:15:00,DSKE
9.485,9.5,9.485,9.5,3622,2021-09-01 17:20:00,DSKE
9.48,9.49,9.48,9.48,1210,2021-09-01 17:25:00,DSKE
9.5,9.5,9.47,9.47,611,2021-09-01 17:30:00,DSKE
9.47,9.47,9.4605,9.4605,1906,2021-09-01 17:35:00,DSKE
9.455,9.455,9.44,9.44,2100,2021-09-01 17:45:00,DSKE
9.44,9.47,9.44,9.47,1800,2021-09-01 17:50:00,DSKE
9.47,9.47,9.47,9.47,100,2021-09-01 17:55:00,DSKE
9.48,9.48,9.47,9.47,3316,2021-09-01 18:00:00,DSKE
9.4748,9.4748,9.4748,9.4748,230,2021-09-01 18:05:00,DSKE
9.47,9.47,9.465,9.465,400,2021-09-01 18:15:00,DSKE
9.4501,9.455,9.4501,9.455,1100,2021-09-01 18:20:00,DSKE
9.47,9.505,9.47,9.505,7465,2021-09-01 18:25:00,DSKE
9.48,9.48,9.46,9.46,2081,2021-09-01 18:30:00,DSKE
9.45,9.45,9.43,9.43,1025,2021-09-01 18:35:00,DSKE
9.44,9.44,9.44,9.44,100,2021-09-01 18:40:00,DSKE
9.43,9.44,9.42,9.43,1600,2021-09-01 18:45:00,DSKE
9.44,9.455,9.43,9.455,748,2021-09-01 18:55:00,DSKE
9.455,9.47,9.455,9.47,700,2021-09-01 19:00:00,DSKE
9.44,9.455,9.4101,9.425,2309,2021-09-01 19:05:00,DSKE
9.425,9.46,9.41,9.46,1320,2021-09-01 19:10:00,DSKE
9.46,9.46,9.45,9.46,810,2021-09-01 19:15:00,DSKE
9.46,9.47,9.46,9.47,1000,2021-09-01 19:20:00,DSKE
9.465,9.465,9.44,9.445,2717,2021-09-01 19:25:00,DSKE
9.45,9.46,9.4431,9.4578,3605,2021-09-01 19:30:00,DSKE
9.465,9.47,9.43,9.43,3360,2021-09-01 19:35:00,DSKE
9.43,9.45,9.43,9.45,2200,2021-09-01 19:40:00,DSKE
9.45,9.465,9.44,9.465,4960,2021-09-01 19:45:00,DSKE
9.46,9.4798,9.44,9.455,7088,2021-09-01 19:50:00,DSKE
9.455,9.48,9.455,9.46,10196,2021-09-01 19:55:00,DSKE
9.47,9.47,9.47,9.47,33928,2021-09-01 20:00:00,DSKE
9.43,9.62,9.4,9.62,28301,2021-09-02 13:30:00,DSKE
9.58,9.6,9.525,9.525,3001,2021-09-02 13:35:00,DSKE
9.525,9.53,9.46,9.49,3043,2021-09-02 13:40:00,DSKE
9.5,9.52,9.47,9.5,17019,2021-09-02 13:45:00,DSKE
9.5,9.59,9.48,9.59,4746,2021-09-02 13:50:00,DSKE
9.5369,9.57,9.53,9.53,2444,2021-09-02 13:55:00,DSKE
9.53,9.537,9.53,9.53,1200,2021-09-02 14:00:00,DSKE
9.53,9.58,9.53,9.58,1407,2021-09-02 14:05:00,DSKE
9.5975,9.6,9.57,9.58,7037,2021-09-02 14:10:00,DSKE
9.57,9.57,9.54,9.54,750,2021-09-02 14:15:00,DSKE
9.525,9.575,9.525,9.56,1204,2021-09-02 14:20:00,DSKE
9.5582,9.5745,9.5582,9.57,1318,2021-09-02 14:25:00,DSKE
9.58,9.5899,9.58,9.5899,300,2021-09-02 14:30:00,DSKE
9.57,9.59,9.565,9.58,1545,2021-09-02 14:35:00,DSKE
9.58,9.6,9.58,9.6,500,2021-09-02 14:40:00,DSKE
9.606,9.606,9.599,9.599,1168,2021-09-02 14:45:00,DSKE
9.6,9.6,9.59,9.59,2750,2021-09-02 14:50:00,DSKE
9.6,9.615,9.59,9.61,1000,2021-09-02 14:55:00,DSKE
9.63,9.63,9.62,9.6295,2200,2021-09-02 15:00:00,DSKE
9.62,9.67,9.62,9.67,6264,2021-09-02 15:05:00,DSKE
9.6695,9.68,9.655,9.67,2746,2021-09-02 15:10:00,DSKE
9.68,9.68,9.68,9.68,200,2021-09-02 15:15:00,DSKE
9.68,9.68,9.66,9.66,988,2021-09-02 15:20:00,DSKE
9.665,9.665,9.58,9.64,17155,2021-09-02 15:25:00,DSKE
9.66,9.67,9.63,9.67,2679,2021-09-02 15:30:00,DSKE
9.6601,9.67,9.6601,9.6638,1310,2021-09-02 15:35:00,DSKE
9.67,9.72,9.67,9.7,4976,2021-09-02 15:40:00,DSKE
9.71,9.7104,9.65,9.65,5797,2021-09-02 15:45:00,DSKE
9.65,9.6776,9.65,9.66,558,2021-09-02 15:50:00,DSKE
9.67,9.68,9.67,9.68,500,2021-09-02 15:55:00,DSKE
9.685,9.71,9.68,9.71,1800,2021-09-02 16:00:00,DSKE
9.71,9.73,9.7,9.725,3611,2021-09-02 16:05:00,DSKE
9.72,9.73,9.705,9.705,900,2021-09-02 16:10:00,DSKE
9.705,9.72,9.7,9.705,500,2021-09-02 16:15:00,DSKE
9.7,9.7,9.6708,9.6708,1915,2021-09-02 16:20:00,DSKE
9.67,9.675,9.65,9.66,3318,2021-09-02 16:25:00,DSKE
9.66,9.72,9.65,9.69,7783,2021-09-02 16:30:00,DSKE
9.6982,9.6982,9.66,9.66,500,2021-09-02 16:35:00,DSKE
9.68,9.69,9.67,9.68,1600,2021-09-02 16:40:00,DSKE
9.68,9.6899,9.665,9.67,1003,2021-09-02 16:45:00,DSKE
9.67,9.6792,9.6627,9.6792,3300,2021-09-02 16:50:00,DSKE
9.68,9.7062,9.68,9.69,3711,2021-09-02 16:55:00,DSKE
9.69,9.69,9.68,9.68,1408,2021-09-02 17:00:00,DSKE
9.68,9.68,9.68,9.68,100,2021-09-02 17:10:00,DSKE
9.69,9.69,9.66,9.675,900,2021-09-02 17:15:00,DSKE
9.66,9.69,9.651,9.685,13767,2021-09-02 17:20:00,DSKE
9.68,9.685,9.67,9.67,1724,2021-09-02 17:25:00,DSKE
9.68,9.69,9.68,9.69,800,2021-09-02 17:30:00,DSKE
9.685,9.725,9.685,9.725,7219,2021-09-02 17:35:00,DSKE
9.72,9.7499,9.72,9.7499,4099,2021-09-02 17:40:00,DSKE
9.745,9.745,9.72,9.73,4156,2021-09-02 17:45:00,DSKE
9.72,9.72,9.7,9.7,1100,2021-09-02 17:50:00,DSKE
9.68,9.68,9.6546,9.66,2315,2021-09-02 17:55:00,DSKE
9.66,9.6831,9.66,9.68,6529,2021-09-02 18:00:00,DSKE
9.679,9.685,9.67,9.685,7117,2021-09-02 18:05:00,DSKE
9.685,9.71,9.68,9.71,3125,2021-09-02 18:10:00,DSKE
9.72,9.735,9.72,9.735,934,2021-09-02 18:15:00,DSKE
9.75,9.77,9.72,9.73,15819,2021-09-02 18:20:00,DSKE
9.73,9.73,9.725,9.725,400,2021-09-02 18:25:00,DSKE
9.73,9.74,9.73,9.74,4777,2021-09-02 18:30:00,DSKE
9.76,9.78,9.73,9.745,4812,2021-09-02 18:35:00,DSKE
9.75,9.78,9.74,9.77,5639,2021-09-02 18:40:00,DSKE
9.77,9.79,9.77,9.77,3843,2021-09-02 18:45:00,DSKE
9.775,9.8,9.775,9.8,3461,2021-09-02 18:50:00,DSKE
9.8,9.815,9.79,9.815,2000,2021-09-02 18:55:00,DSKE
9.805,9.805,9.7901,9.805,3543,2021-09-02 19:00:00,DSKE
9.805,9.805,9.795,9.8,2447,2021-09-02 19:05:00,DSKE
9.8,9.8,9.77,9.79,4400,2021-09-02 19:10:00,DSKE
9.79,9.815,9.78,9.78,8025,2021-09-02 19:15:00,DSKE
9.7702,9.8,9.751,9.8,6743,2021-09-02 19:20:00,DSKE
9.8,9.825,9.8,9.815,11807,2021-09-02 19:25:00,DSKE
9.82,9.82,9.76,9.79,6719,2021-09-02 19:30:00,DSKE
9.79,9.79,9.74,9.77,8654,2021-09-02 19:35:00,DSKE
9.765,9.775,9.71,9.73,28427,2021-09-02 19:40:00,DSKE
9.73,9.77,9.73,9.76,6632,2021-09-02 19:45:00,DSKE
9.77,9.79,9.76,9.765,18622,2021-09-02 19:50:00,DSKE
9.765,9.8,9.75,9.77,44602,2021-09-02 19:55:00,DSKE
9.78,9.78,9.78,9.78,34918,2021-09-02 20:00:00,DSKE
9.62,9.62,9.62,9.62,150,2021-09-03 12:20:00,DSKE
9.73,9.8,9.69,9.7001,9745,2021-09-03 13:30:00,DSKE
9.7,9.815,9.68,9.815,15635,2021-09-03 13:35:00,DSKE
9.78,9.82,9.77,9.82,13517,2021-09-03 13:40:00,DSKE
9.82,9.9,9.8,9.895,9783,2021-09-03 13:45:00,DSKE
9.895,9.95,9.8509,9.95,12580,2021-09-03 13:50:00,DSKE
9.96,9.995,9.9253,9.9253,3882,2021-09-03 13:55:00,DSKE
9.945,10.06,9.92,10.011,71684,2021-09-03 14:00:00,DSKE
10.01,10.09,9.99,10.02,21988,2021-09-03 14:05:00,DSKE
10.04,10.0799,10.02,10.05,17911,2021-09-03 14:10:00,DSKE
10.057,10.057,9.94,9.97,46173,2021-09-03 14:15:00,DSKE
10.0099,10.01,9.9,9.9,13513,2021-09-03 14:20:00,DSKE
9.8761,9.92,9.83,9.875,26440,2021-09-03 14:25:00,DSKE
9.88,9.88,9.81,9.84,10616,2021-09-03 14:30:00,DSKE
9.81,9.81,9.78,9.81,3477,2021-09-03 14:35:00,DSKE
9.8,9.82,9.8,9.8102,1207,2021-09-03 14:40:00,DSKE
9.81,9.82,9.8,9.8139,2050,2021-09-03 14:45:00,DSKE
9.82,9.8399,9.81,9.83,4764,2021-09-03 14:50:00,DSKE
9.825,9.84,9.81,9.83,4311,2021-09-03 14:55:00,DSKE
9.85,9.9195,9.85,9.91,8600,2021-09-03 15:00:00,DSKE
9.9184,9.92,9.8,9.83,5158,2021-09-03 15:05:00,DSKE
9.83,9.84,9.8,9.83,2623,2021-09-03 15:10:00,DSKE
9.84,9.8414,9.82,9.83,1500,2021-09-03 15:15:00,DSKE
9.83,9.83,9.82,9.83,2874,2021-09-03 15:20:00,DSKE
9.8331,9.85,9.83,9.83,1914,2021-09-03 15:25:00,DSKE
9.84,9.84,9.83,9.83,3877,2021-09-03 15:30:00,DSKE
9.85,9.8602,9.85,9.8601,2843,2021-09-03 15:35:00,DSKE
9.8401,9.8484,9.81,9.8484,5168,2021-09-03 15:40:00,DSKE
9.83,9.86,9.83,9.86,501,2021-09-03 15:45:00,DSKE
9.84,9.84,9.84,9.84,400,2021-09-03 15:50:00,DSKE
9.83,9.84,9.83,9.83,3467,2021-09-03 15:55:00,DSKE
9.845,9.845,9.83,9.83,2642,2021-09-03 16:00:00,DSKE
9.8326,9.835,9.83,9.835,974,2021-09-03 16:05:00,DSKE
9.83,9.84,9.815,9.84,2081,2021-09-03 16:10:00,DSKE
9.83,9.848,9.8267,9.83,1048,2021-09-03 16:20:00,DSKE
9.85,9.85,9.85,9.85,400,2021-09-03 16:25:00,DSKE
9.82,9.825,9.81,9.81,980,2021-09-03 16:35:00,DSKE
9.8128,9.8299,9.8128,9.815,920,2021-09-03 16:40:00,DSKE
9.8013,9.8013,9.8013,9.8013,500,2021-09-03 16:45:00,DSKE
9.82,9.82,9.815,9.815,300,2021-09-03 16:50:00,DSKE
9.8101,9.8101,9.81,9.81,1000,2021-09-03 16:55:00,DSKE
9.79,9.8299,9.79,9.8299,2725,2021-09-03 17:00:00,DSKE
9.82,9.82,9.79,9.79,300,2021-09-03 17:05:00,DSKE
9.785,9.785,9.75,9.7601,6005,2021-09-03 17:10:00,DSKE
9.775,9.79,9.775,9.79,352,2021-09-03 17:15:00,DSKE
9.77,9.77,9.76,9.76,500,2021-09-03 17:20:00,DSKE
9.74,9.76,9.71,9.76,9260,2021-09-03 17:25:00,DSKE
9.76,9.76,9.75,9.76,1185,2021-09-03 17:30:00,DSKE
9.75,9.76,9.75,9.76,2100,2021-09-03 17:35:00,DSKE
9.75,9.75,9.65,9.6502,15666,2021-09-03 17:40:00,DSKE
9.68,9.73,9.68,9.715,2967,2021-09-03 17:45:00,DSKE
9.74,9.74,9.72,9.735,800,2021-09-03 17:50:00,DSKE
9.72,9.755,9.72,9.75,13692,2021-09-03 17:55:00,DSKE
9.74,9.75,9.74,9.75,6369,2021-09-03 18:00:00,DSKE
9.75,9.75,9.745,9.745,670,2021-09-03 18:05:00,DSKE
9.745,9.745,9.7,9.7167,1798,2021-09-03 18:10:00,DSKE
9.72,9.72,9.7,9.7,3900,2021-09-03 18:15:00,DSKE
9.7,9.72,9.7,9.71,4986,2021-09-03 18:20:00,DSKE
9.71,9.71,9.69,9.7,2050,2021-09-03 18:25:00,DSKE
9.7,9.72,9.695,9.719,3317,2021-09-03 18:30:00,DSKE
9.72,9.73,9.7,9.72,12262,2021-09-03 18:35:00,DSKE
9.715,9.73,9.71,9.72,13291,2021-09-03 18:40:00,DSKE
9.715,9.72,9.7,9.71,1805,2021-09-03 18:45:00,DSKE
9.72,9.72,9.7,9.71,11295,2021-09-03 18:50:00,DSKE
9.71,9.73,9.695,9.695,24542,2021-09-03 18:55:00,DSKE
9.69,9.7,9.67,9.6718,4716,2021-09-03 19:00:00,DSKE
9.68,9.68,9.665,9.665,1263,2021-09-03 19:05:00,DSKE
9.66,9.66,9.64,9.65,2247,2021-09-03 19:10:00,DSKE
9.64,9.645,9.585,9.635,12708,2021-09-03 19:15:00,DSKE
9.6465,9.6465,9.62,9.6447,3218,2021-09-03 19:20:00,DSKE
9.65,9.65,9.62,9.62,2024,2021-09-03 19:25:00,DSKE
9.635,9.635,9.62,9.62,2384,2021-09-03 19:30:00,DSKE
9.61,9.61,9.6,9.61,7927,2021-09-03 19:35:00,DSKE
9.615,9.65,9.61,9.65,8298,2021-09-03 19:40:00,DSKE
9.64,9.64,9.62,9.62,2443,2021-09-03 19:45:00,DSKE
9.625,9.6499,9.6238,9.6301,5391,2021-09-03 19:50:00,DSKE
9.63,9.67,9.58,9.65,78234,2021-09-03 19:55:00,DSKE
9.65,9.65,9.65,9.65,24964,2021-09-03 20:00:00,DSKE
9.55,9.55,8.5,8.9,328173,2021-09-07 13:30:00,DSKE
8.94,9.13,8.87,8.9,100319,2021-09-07 13:35:00,DSKE
8.87,9.1,8.73,9.01,73378,2021-09-07 13:40:00,DSKE
9.01,9.01,8.79,8.86,42749,2021-09-07 13:45:00,DSKE
8.85,8.91,8.66,8.755,52807,2021-09-07 13:50:00,DSKE
8.76,8.77,8.61,8.65,22269,2021-09-07 13:55:00,DSKE
8.65,8.78,8.62,8.75,21606,2021-09-07 14:00:00,DSKE
8.75,8.94,8.72,8.94,37317,2021-09-07 14:05:00,DSKE
8.92,9.01,8.9,9.0,25226,2021-09-07 14:10:00,DSKE
9.0,9.0278,8.98,9.0278,18616,2021-09-07 14:15:00,DSKE
9.0188,9.05,9.0,9.02,6537,2021-09-07 14:20:00,DSKE
9.04,9.04,9.02,9.0299,3446,2021-09-07 14:25:00,DSKE
9.01,9.055,8.975,9.055,20888,2021-09-07 14:30:00,DSKE
9.07,9.16,9.07,9.1,6954,2021-09-07 14:35:00,DSKE
9.09,9.12,9.065,9.09,2761,2021-09-07 14:40:00,DSKE
9.09,9.09,9.05,9.06,3500,2021-09-07 14:45:00,DSKE
9.05,9.15,9.05,9.13,13592,2021-09-07 14:50:00,DSKE
9.13,9.21,9.13,9.2085,18117,2021-09-07 14:55:00,DSKE
9.2148,9.22,9.2148,9.22,650,2021-09-07 15:00:00,DSKE
9.22,9.23,9.19,9.22,7745,2021-09-07 15:05:00,DSKE
9.2199,9.26,9.2199,9.26,16099,2021-09-07 15:10:00,DSKE
9.26,9.26,9.2201,9.25,16200,2021-09-07 15:15:00,DSKE
9.24,9.25,9.235,9.25,3968,2021-09-07 15:20:00,DSKE
9.2301,9.29,9.2301,9.29,8194,2021-09-07 15:25:00,DSKE
9.27,9.29,9.255,9.28,4453,2021-09-07 15:30:00,DSKE
9.29,9.3099,9.25,9.25,4000,2021-09-07 15:35:00,DSKE
9.25,9.26,9.245,9.255,2450,2021-09-07 15:40:00,DSKE
9.255,9.28,9.25,9.279,3199,2021-09-07 15:45:00,DSKE
9.275,9.275,9.2501,9.255,8575,2021-09-07 15:50:00,DSKE
9.255,9.26,9.21,9.25,28668,2021-09-07 15:55:00,DSKE
9.2484,9.25,9.24,9.25,1200,2021-09-07 16:00:00,DSKE
9.255,9.265,9.255,9.265,1022,2021-09-07 16:05:00,DSKE
9.265,9.2799,9.26,9.27,7995,2021-09-07 16:10:00,DSKE
9.265,9.275,9.265,9.265,9741,2021-09-07 16:15:00,DSKE
9.265,9.265,9.26,9.26,5450,2021-09-07 16:20:00,DSKE
9.265,9.265,9.265,9.265,600,2021-09-07 16:25:00,DSKE
9.265,9.28,9.265,9.28,1465,2021-09-07 16:30:00,DSKE
9.2825,9.285,9.27,9.285,700,2021-09-07 16:35:00,DSKE
9.285,9.33,9.285,9.3293,6123,2021-09-07 16:40:00,DSKE
9.35,9.35,9.29,9.29,8135,2021-09-07 16:45:00,DSKE
9.305,9.305,9.22,9.255,9644,2021-09-07 16:50:00,DSKE
9.255,9.3,9.255,9.285,4679,2021-09-07 16:55:00,DSKE
9.285,9.29,9.235,9.25,16149,2021-09-07 17:00:00,DSKE
9.2499,9.26,9.236,9.26,7805,2021-09-07 17:05:00,DSKE
9.251,9.26,9.25,9.26,1227,2021-09-07 17:10:00,DSKE
9.28,9.29,9.2724,9.29,1589,2021-09-07 17:15:00,DSKE
9.299,9.299,9.28,9.28,1949,2021-09-07 17:20:00,DSKE
9.275,9.275,9.275,9.275,100,2021-09-07 17:25:00,DSKE
9.275,9.28,9.275,9.28,300,2021-09-07 17:30:00,DSKE
9.28,9.292,9.28,9.292,998,2021-09-07 17:35:00,DSKE
9.3,9.31,9.3,9.31,3603,2021-09-07 17:40:00,DSKE
9.3376,9.35,9.3376,9.35,1100,2021-09-07 17:45:00,DSKE
9.345,9.37,9.345,9.37,875,2021-09-07 17:50:00,DSKE
9.37,9.37,9.37,9.37,300,2021-09-07 17:55:00,DSKE
9.37,9.43,9.37,9.43,4393,2021-09-07 18:00:00,DSKE
9.41,9.43,9.4,9.43,4356,2021-09-07 18:05:00,DSKE
9.42,9.44,9.42,9.44,4011,2021-09-07 18:10:00,DSKE
9.44,9.45,9.43,9.45,4170,2021-09-07 18:15:00,DSKE
9.45,9.46,9.45,9.45,3100,2021-09-07 18:20:00,DSKE
9.45,9.46,9.43,9.45,15939,2021-09-07 18:25:00,DSKE
9.445,9.445,9.425,9.44,13273,2021-09-07 18:30:00,DSKE
9.425,9.47,9.42,9.465,3198,2021-09-07 18:35:00,DSKE
9.49,9.49,9.46,9.46,3082,2021-09-07 18:40:00,DSKE
9.47,9.47,9.455,9.455,3015,2021-09-07 18:45:00,DSKE
9.45,9.46,9.45,9.455,2504,2021-09-07 18:50:00,DSKE
9.46,9.5,9.46,9.5,5506,2021-09-07 18:55:00,DSKE
9.5,9.5,9.4711,9.475,3160,2021-09-07 19:00:00,DSKE
9.47,9.47,9.45,9.47,3137,2021-09-07 19:05:00,DSKE
9.47,9.47,9.45,9.45,4805,2021-09-07 19:10:00,DSKE
9.45,9.45,9.44,9.445,3865,2021-09-07 19:15:00,DSKE
9.45,9.5,9.445,9.49,6865,2021-09-07 19:20:00,DSKE
9.499,9.51,9.499,9.51,2620,2021-09-07 19:25:00,DSKE
9.5,9.505,9.44,9.46,8950,2021-09-07 19:30:00,DSKE
9.47,9.48,9.47,9.475,1733,2021-09-07 19:35:00,DSKE
9.475,9.475,9.475,9.475,900,2021-09-07 19:40:00,DSKE
9.475,9.475,9.415,9.4201,9474,2021-09-07 19:45:00,DSKE
9.42,9.42,9.3601,9.365,4901,2021-09-07 19:50:00,DSKE
9.365,9.37,9.35,9.35,12171,2021-09-07 19:55:00,DSKE
9.35,9.35,9.35,9.35,23678,2021-09-07 20:00:00,DSKE
9.49,9.49,9.49,9.49,100,2021-09-08 12:45:00,DSKE
9.51,9.51,9.51,9.51,400,2021-09-08 13:25:00,DSKE
9.35,9.5,9.19,9.195,13485,2021-09-08 13:30:00,DSKE
9.21,9.28,9.14,9.27,9316,2021-09-08 13:35:00,DSKE
9.27,9.27,9.27,9.27,100,2021-09-08 13:40:00,DSKE
9.25,9.28,9.23,9.28,4909,2021-09-08 13:45:00,DSKE
9.28,9.28,9.28,9.28,466,2021-09-08 13:50:00,DSKE
9.25,9.265,9.25,9.265,1408,2021-09-08 13:55:00,DSKE
9.28,9.28,9.25,9.26,2622,2021-09-08 14:00:00,DSKE
9.245,9.26,9.23,9.26,591,2021-09-08 14:05:00,DSKE
9.25,9.3,9.25,9.3,1462,2021-09-08 14:10:00,DSKE
9.34,9.34,9.29,9.33,2050,2021-09-08 14:15:00,DSKE
9.32,9.32,9.2799,9.2799,862,2021-09-08 14:25:00,DSKE
9.28,9.28,9.23,9.23,1900,2021-09-08 14:30:00,DSKE
9.22,9.22,9.2,9.2001,6589,2021-09-08 14:35:00,DSKE
9.2,9.2,9.09,9.11,9987,2021-09-08 14:40:00,DSKE
9.095,9.13,9.0887,9.13,1432,2021-09-08 14:45:00,DSKE
9.1,9.11,9.08,9.1,7452,2021-09-08 14:50:00,DSKE
9.11,9.14,9.11,9.14,1128,2021-09-08 14:55:00,DSKE
9.1283,9.1701,9.1283,9.135,5267,2021-09-08 15:00:00,DSKE
9.15,9.185,9.15,9.1766,2631,2021-09-08 15:10:00,DSKE
9.17,9.19,9.1638,9.19,1259,2021-09-08 15:15:00,DSKE
9.175,9.175,9.1601,9.1601,964,2021-09-08 15:20:00,DSKE
9.1665,9.17,9.16,9.17,4753,2021-09-08 15:25:00,DSKE
9.165,9.18,9.152,9.17,761,2021-09-08 15:30:00,DSKE
9.165,9.165,9.15,9.16,2705,2021-09-08 15:35:00,DSKE
9.1501,9.1599,9.15,9.1599,3590,2021-09-08 15:40:00,DSKE
9.155,9.16,9.14,9.14,3263,2021-09-08 15:45:00,DSKE
9.11,9.12,9.11,9.12,2700,2021-09-08 15:50:00,DSKE
9.13,9.145,9.13,9.145,1199,2021-09-08 15:55:00,DSKE
9.15,9.1764,9.14,9.1764,1597,2021-09-08 16:00:00,DSKE
9.18,9.19,9.1724,9.1889,1150,2021-09-08 16:05:00,DSKE
9.1801,9.21,9.1801,9.19,1700,2021-09-08 16:10:00,DSKE
9.1801,9.1801,9.1801,9.1801,500,2021-09-08 16:15:00,DSKE
9.2097,9.2097,9.2097,9.2097,100,2021-09-08 16:20:00,DSKE
9.19,9.19,9.1701,9.18,2924,2021-09-08 16:25:00,DSKE
9.19,9.19,9.19,9.19,100,2021-09-08 16:30:00,DSKE
9.2,9.2,9.2,9.2,891,2021-09-08 16:35:00,DSKE
9.2,9.2,9.2,9.2,100,2021-09-08 16:40:00,DSKE
9.19,9.19,9.17,9.18,7599,2021-09-08 16:45:00,DSKE
9.18,9.21,9.18,9.21,2852,2021-09-08 16:50:00,DSKE
9.22,9.22,9.21,9.21,939,2021-09-08 16:55:00,DSKE
9.215,9.215,9.215,9.215,100,2021-09-08 17:00:00,DSKE
9.21,9.22,9.2,9.21,2311,2021-09-08 17:05:00,DSKE
9.22,9.22,9.22,9.22,100,2021-09-08 17:10:00,DSKE
9.22,9.23,9.21,9.22,1000,2021-09-08 17:15:00,DSKE
9.22,9.22,9.21,9.21,1100,2021-09-08 17:20:00,DSKE
9.21,9.25,9.21,9.24,5156,2021-09-08 17:25:00,DSKE
9.25,9.25,9.23,9.25,1310,2021-09-08 17:30:00,DSKE
9.23,9.23,9.23,9.23,100,2021-09-08 17:35:00,DSKE
9.225,9.23,9.225,9.23,500,2021-09-08 17:40:00,DSKE
9.23,9.23,9.22,9.22,612,2021-09-08 17:45:00,DSKE
9.185,9.195,9.18,9.195,900,2021-09-08 17:50:00,DSKE
9.195,9.195,9.19,9.19,601,2021-09-08 17:55:00,DSKE
9.19,9.2,9.185,9.19,1800,2021-09-08 18:00:00,DSKE
9.2,9.2,9.18,9.2,759,2021-09-08 18:05:00,DSKE
9.18,9.18,9.18,9.18,100,2021-09-08 18:10:00,DSKE
9.17,9.175,9.17,9.17,2475,2021-09-08 18:15:00,DSKE
9.17,9.18,9.15,9.15,3472,2021-09-08 18:20:00,DSKE
9.155,9.1569,9.13,9.1569,7430,2021-09-08 18:25:00,DSKE
9.16,9.16,9.15,9.155,600,2021-09-08 18:30:00,DSKE
9.16,9.17,9.16,9.17,4363,2021-09-08 18:35:00,DSKE
9.16,9.18,9.16,9.17,1700,2021-09-08 18:40:00,DSKE
9.17,9.17,9.17,9.17,100,2021-09-08 18:45:00,DSKE
9.16,9.165,9.16,9.165,300,2021-09-08 18:50:00,DSKE
9.17,9.19,9.17,9.175,3308,2021-09-08 18:55:00,DSKE
9.18,9.18,9.17,9.1799,1886,2021-09-08 19:00:00,DSKE
9.17,9.17,9.17,9.17,952,2021-09-08 19:05:00,DSKE
9.175,9.175,9.175,9.175,549,2021-09-08 19:10:00,DSKE
9.17,9.17,9.165,9.165,800,2021-09-08 19:15:00,DSKE
9.1611,9.1685,9.1611,9.1685,600,2021-09-08 19:20:00,DSKE
9.17,9.2099,9.165,9.2,5991,2021-09-08 19:25:00,DSKE
9.2,9.2,9.175,9.19,6197,2021-09-08 19:30:00,DSKE
9.2,9.2,9.19,9.2,4069,2021-09-08 19:35:00,DSKE
9.2,9.23,9.2,9.23,1259,2021-09-08 19:40:00,DSKE
9.23,9.25,9.21,9.22,8100,2021-09-08 19:45:00,DSKE
9.22,9.23,9.215,9.23,5279,2021-09-08 19:50:00,DSKE
9.21,9.25,9.2,9.25,15102,2021-09-08 19:55:00,DSKE
9.25,9.25,9.25,9.25,13331,2021-09-08 20:00:00,DSKE
9.17,9.17,9.17,9.17,100,2021-09-09 13:25:00,DSKE
9.16,9.24,9.0728,9.17,15018,2021-09-09 13:30:00,DSKE
9.17,9.28,9.17,9.25,2075,2021-09-09 13:35:00,DSKE
9.205,9.28,9.17,9.255,1706,2021-09-09 13:40:00,DSKE
9.23,9.255,9.21,9.2101,4275,2021-09-09 13:45:00,DSKE
9.215,9.215,9.15,9.15,2313,2021-09-09 13:50:00,DSKE
9.16,9.2,9.15,9.2,23580,2021-09-09 13:55:00,DSKE
9.2,9.22,9.15,9.17,5190,2021-09-09 14:00:00,DSKE
9.15,9.18,9.15,9.18,1000,2021-09-09 14:05:00,DSKE
9.175,9.1821,9.15,9.15,1689,2021-09-09 14:10:00,DSKE
9.155,9.165,9.145,9.145,2620,2021-09-09 14:15:00,DSKE
9.12,9.135,9.09,9.12,2154,2021-09-09 14:20:00,DSKE
9.105,9.12,9.105,9.11,500,2021-09-09 14:25:00,DSKE
9.1042,9.16,9.09,9.14,7483,2021-09-09 14:30:00,DSKE
9.17,9.17,9.16,9.165,1659,2021-09-09 14:35:00,DSKE
9.155,9.16,9.04,9.07,30900,2021-09-09 14:40:00,DSKE
9.05,9.13,9.05,9.11,5506,2021-09-09 14:45:00,DSKE
9.135,9.15,9.12,9.125,2100,2021-09-09 14:50:00,DSKE
9.12,9.16,9.115,9.135,5900,2021-09-09 14:55:00,DSKE
9.135,9.21,9.135,9.21,10047,2021-09-09 15:00:00,DSKE
9.1945,9.23,9.19,9.22,1050,2021-09-09 15:05:00,DSKE
9.22,9.31,9.21,9.28,9131,2021-09-09 15:10:00,DSKE
9.26,9.26,9.24,9.24,1698,2021-09-09 15:15:00,DSKE
9.22,9.245,9.21,9.23,2701,2021-09-09 15:20:00,DSKE
9.24,9.27,9.24,9.27,1638,2021-09-09 15:25:00,DSKE
9.25,9.31,9.25,9.305,8559,2021-09-09 15:30:00,DSKE
9.305,9.32,9.27,9.31,3377,2021-09-09 15:35:00,DSKE
9.35,9.36,9.3,9.34,14341,2021-09-09 15:40:00,DSKE
9.33,9.33,9.26,9.275,1410,2021-09-09 15:45:00,DSKE
9.29,9.35,9.28,9.35,11731,2021-09-09 15:50:00,DSKE
9.33,9.37,9.33,9.359,8083,2021-09-09 15:55:00,DSKE
9.33,9.3499,9.33,9.33,600,2021-09-09 16:00:00,DSKE
9.335,9.335,9.33,9.335,500,2021-09-09 16:05:00,DSKE
9.335,9.38,9.33,9.38,3650,2021-09-09 16:10:00,DSKE
9.38,9.39,9.36,9.365,4250,2021-09-09 16:15:00,DSKE
9.365,9.365,9.3501,9.3501,617,2021-09-09 16:20:00,DSKE
9.365,9.365,9.35,9.35,715,2021-09-09 16:25:00,DSKE
9.365,9.4,9.36,9.39,4216,2021-09-09 16:30:00,DSKE
9.41,9.41,9.4,9.41,414,2021-09-09 16:35:00,DSKE
9.4,9.42,9.4,9.41,1853,2021-09-09 16:40:00,DSKE
9.41,9.42,9.41,9.42,1027,2021-09-09 16:45:00,DSKE
9.41,9.47,9.39,9.47,6061,2021-09-09 16:50:00,DSKE
9.45,9.47,9.41,9.42,5468,2021-09-09 16:55:00,DSKE
9.41,9.41,9.4,9.4,798,2021-09-09 17:00:00,DSKE
9.41,9.41,9.38,9.39,600,2021-09-09 17:05:00,DSKE
9.395,9.395,9.38,9.38,300,2021-09-09 17:10:00,DSKE
9.41,9.42,9.4,9.4,900,2021-09-09 17:15:00,DSKE
9.4,9.4,9.33,9.34,2996,2021-09-09 17:20:00,DSKE
9.35,9.35,9.32,9.32,2217,2021-09-09 17:25:00,DSKE
9.31,9.312,9.3,9.3001,1203,2021-09-09 17:30:00,DSKE
9.3001,9.32,9.3,9.32,2099,2021-09-09 17:35:00,DSKE
9.32,9.35,9.32,9.35,300,2021-09-09 17:40:00,DSKE
9.32,9.34,9.31,9.335,3885,2021-09-09 17:45:00,DSKE
9.33,9.34,9.33,9.33,1300,2021-09-09 17:50:00,DSKE
9.34,9.34,9.34,9.34,200,2021-09-09 17:55:00,DSKE
9.32,9.32,9.3,9.3,400,2021-09-09 18:00:00,DSKE
9.29,9.325,9.28,9.32,4347,2021-09-09 18:05:00,DSKE
9.325,9.3267,9.325,9.3267,205,2021-09-09 18:10:00,DSKE
9.31,9.32,9.31,9.315,1503,2021-09-09 18:15:00,DSKE
9.33,9.33,9.27,9.3,1444,2021-09-09 18:20:00,DSKE
9.285,9.285,9.26,9.26,720,2021-09-09 18:25:00,DSKE
9.27,9.27,9.25,9.27,3743,2021-09-09 18:30:00,DSKE
9.25,9.28,9.25,9.25,4763,2021-09-09 18:35:00,DSKE
9.23,9.23,9.23,9.23,2218,2021-09-09 18:40:00,DSKE
9.24,9.26,9.23,9.26,1347,2021-09-09 18:45:00,DSKE
9.28,9.28,9.26,9.26,1305,2021-09-09 18:50:00,DSKE
9.28,9.3,9.26,9.29,1877,2021-09-09 18:55:00,DSKE
9.29,9.3,9.28,9.3,1417,2021-09-09 19:00:00,DSKE
9.31,9.33,9.31,9.33,3200,2021-09-09 19:05:00,DSKE
9.33,9.33,9.31,9.31,1200,2021-09-09 19:10:00,DSKE
9.31,9.33,9.31,9.32,1431,2021-09-09 19:15:00,DSKE
9.33,9.335,9.32,9.33,700,2021-09-09 19:20:00,DSKE
9.33,9.35,9.3262,9.35,4633,2021-09-09 19:25:00,DSKE
9.33,9.35,9.33,9.35,1800,2021-09-09 19:30:00,DSKE
9.36,9.39,9.355,9.38,1816,2021-09-09 19:35:00,DSKE
9.38,9.38,9.38,9.38,200,2021-09-09 19:40:00,DSKE
9.38,9.4,9.355,9.355,3268,2021-09-09 19:45:00,DSKE
9.35,9.36,9.32,9.32,3967,2021-09-09 19:50:00,DSKE
9.33,9.33,9.29,9.3,10511,2021-09-09 19:55:00,DSKE
9.29,9.29,9.29,9.29,50985,2021-09-09 20:00:00,DSKE
9.28,9.33,9.1135,9.13,19256,2021-09-10 13:30:00,DSKE
9.13,9.16,9.03,9.09,11829,2021-09-10 13:35:00,DSKE
9.0701,9.09,8.92,9.005,23581,2021-09-10 13:40:00,DSKE
9.005,9.07,9.005,9.035,6649,2021-09-10 13:45:00,DSKE
9.0499,9.1,9.005,9.0888,7074,2021-09-10 13:50:00,DSKE
9.0899,9.15,9.06,9.065,6931,2021-09-10 13:55:00,DSKE
9.0518,9.0518,8.99,8.99,8121,2021-09-10 14:00:00,DSKE
8.98,9.01,8.97,8.995,6212,2021-09-10 14:05:00,DSKE
8.995,9.0158,8.9801,9.0,8907,2021-09-10 14:10:00,DSKE
8.995,9.01,8.98,8.99,12807,2021-09-10 14:15:00,DSKE
9.0,9.015,8.98,8.98,3931,2021-09-10 14:20:00,DSKE
8.96,8.97,8.94,8.95,4818,2021-09-10 14:25:00,DSKE
8.935,8.935,8.89,8.925,8870,2021-09-10 14:30:00,DSKE
8.92,8.94,8.9146,8.915,13282,2021-09-10 14:35:00,DSKE
8.92,8.92,8.8416,8.86,6452,2021-09-10 14:40:00,DSKE
8.8549,8.88,8.84,8.85,17274,2021-09-10 14:45:00,DSKE
8.83,8.85,8.76,8.77,18138,2021-09-10 14:50:00,DSKE
8.76,8.77,8.715,8.765,7861,2021-09-10 14:55:00,DSKE
8.765,8.82,8.765,8.8009,3646,2021-09-10 15:00:00,DSKE
8.8014,8.81,8.785,8.8,6913,2021-09-10 15:05:00,DSKE
8.8,8.82,8.79,8.8,3100,2021-09-10 15:10:00,DSKE
8.8,8.86,8.78,8.84,7031,2021-09-10 15:15:00,DSKE
8.84,8.85,8.821,8.84,3500,2021-09-10 15:20:00,DSKE
8.83,8.885,8.83,8.83,7228,2021-09-10 15:25:00,DSKE
8.85,8.85,8.84,8.84,900,2021-09-10 15:30:00,DSKE
8.84,8.845,8.84,8.845,3012,2021-09-10 15:35:00,DSKE
8.86,8.87,8.835,8.865,27720,2021-09-10 15:40:00,DSKE
8.88,8.94,8.87,8.885,20325,2021-09-10 15:45:00,DSKE
8.885,8.9362,8.88,8.91,3735,2021-09-10 15:50:00,DSKE
8.91,8.919,8.885,8.9,8436,2021-09-10 15:55:00,DSKE
8.9,8.91,8.87,8.88,4059,2021-09-10 16:00:00,DSKE
8.8603,8.95,8.86,8.89,18256,2021-09-10 16:05:00,DSKE
8.886,8.9,8.85,8.895,4840,2021-09-10 16:10:00,DSKE
8.895,8.895,8.88,8.88,315,2021-09-10 16:15:00,DSKE
8.8823,8.89,8.87,8.88,2102,2021-09-10 16:20:00,DSKE
8.87,8.89,8.85,8.87,20539,2021-09-10 16:25:00,DSKE
8.88,8.88,8.84,8.865,8423,2021-09-10 16:30:00,DSKE
8.865,8.92,8.865,8.9,13029,2021-09-10 16:35:00,DSKE
8.89,8.89,8.8467,8.8467,2041,2021-09-10 16:40:00,DSKE
8.85,8.8599,8.84,8.8599,3227,2021-09-10 16:45:00,DSKE
8.85,8.855,8.84,8.85,19218,2021-09-10 16:50:00,DSKE
8.84,8.85,8.83,8.83,1808,2021-09-10 16:55:00,DSKE
8.84,8.86,8.83,8.83,2144,2021-09-10 17:00:00,DSKE
8.83,8.8424,8.83,8.83,800,2021-09-10 17:05:00,DSKE
8.83,8.83,8.83,8.83,1889,2021-09-10 17:10:00,DSKE
8.83,8.85,8.83,8.85,4071,2021-09-10 17:15:00,DSKE
8.835,8.85,8.81,8.83,8983,2021-09-10 17:20:00,DSKE
8.8299,8.8299,8.785,8.785,15567,2021-09-10 17:25:00,DSKE
8.78,8.78,8.7741,8.78,1350,2021-09-10 17:30:00,DSKE
8.78,8.793,8.762,8.78,6973,2021-09-10 17:35:00,DSKE
8.78,8.8,8.77,8.8,6239,2021-09-10 17:40:00,DSKE
8.8,8.8,8.79,8.79,3089,2021-09-10 17:45:00,DSKE
8.79,8.795,8.72,8.73,16330,2021-09-10 17:50:00,DSKE
8.7215,8.73,8.67,8.71,14347,2021-09-10 17:55:00,DSKE
8.72,8.745,8.72,8.745,2465,2021-09-10 18:00:00,DSKE
8.74,8.74,8.73,8.74,655,2021-09-10 18:05:00,DSKE
8.735,8.735,8.66,8.66,14484,2021-09-10 18:10:00,DSKE
8.69,8.71,8.69,8.705,4482,2021-09-10 18:15:00,DSKE
8.7055,8.7127,8.7,8.7127,2549,2021-09-10 18:20:00,DSKE
8.7,8.7,8.66,8.66,11897,2021-09-10 18:25:00,DSKE
8.65,8.67,8.65,8.66,2715,2021-09-10 18:30:00,DSKE
8.65,8.66,8.6,8.65,16783,2021-09-10 18:35:00,DSKE
8.63,8.66,8.63,8.66,5192,2021-09-10 18:40:00,DSKE
8.65,8.67,8.64,8.65,2345,2021-09-10 18:45:00,DSKE
8.635,8.65,8.63,8.635,1165,2021-09-10 18:50:00,DSKE
8.635,8.66,8.635,8.655,5533,2021-09-10 18:55:00,DSKE
8.65,8.6582,8.64,8.6582,2600,2021-09-10 19:00:00,DSKE
8.645,8.68,8.645,8.68,3845,2021-09-10 19:05:00,DSKE
8.675,8.675,8.6216,8.645,5011,2021-09-10 19:10:00,DSKE
8.645,8.6499,8.62,8.62,3615,2021-09-10 19:15:00,DSKE
8.61,8.6192,8.6,8.61,3799,2021-09-10 19:20:00,DSKE
8.61,8.66,8.61,8.66,6483,2021-09-10 19:25:00,DSKE
8.645,8.67,8.635,8.66,1996,2021-09-10 19:30:00,DSKE
8.65,8.66,8.645,8.65,2473,2021-09-10 19:35:00,DSKE
8.635,8.635,8.6,8.62,45632,2021-09-10 19:40:00,DSKE
8.61,8.66,8.59,8.66,31370,2021-09-10 19:45:00,DSKE
8.67,8.671,8.65,8.67,22567,2021-09-10 19:50:00,DSKE
8.67,8.71,8.665,8.7,57381,2021-09-10 19:55:00,DSKE
8.7,8.7,8.7,8.7,59669,2021-09-10 20:00:00,DSKE
8.8,8.8411,8.59,8.6175,22577,2021-09-13 13:30:00,DSKE
8.6,8.63,8.56,8.63,6021,2021-09-13 13:35:00,DSKE
8.64,8.705,8.64,8.7,3400,2021-09-13 13:40:00,DSKE
8.66,8.66,8.615,8.655,3143,2021-09-13 13:45:00,DSKE
8.66,8.82,8.66,8.81,16434,2021-09-13 13:50:00,DSKE
8.81,8.88,8.785,8.79,20978,2021-09-13 13:55:00,DSKE
8.7938,8.9,8.7938,8.835,20613,2021-09-13 14:00:00,DSKE
8.82,8.82,8.76,8.76,3610,2021-09-13 14:05:00,DSKE
8.775,8.85,8.775,8.85,3085,2021-09-13 14:10:00,DSKE
8.84,8.845,8.84,8.845,1851,2021-09-13 14:15:00,DSKE
8.84,8.88,8.84,8.87,4832,2021-09-13 14:20:00,DSKE
8.85,8.855,8.82,8.855,1755,2021-09-13 14:25:00,DSKE
8.88,8.88,8.77,8.815,13674,2021-09-13 14:30:00,DSKE
8.81,8.82,8.74,8.75,8835,2021-09-13 14:35:00,DSKE
8.77,8.8,8.75,8.75,1895,2021-09-13 14:40:00,DSKE
8.79,8.8041,8.77,8.77,400,2021-09-13 14:45:00,DSKE
8.76,8.8,8.76,8.78,6870,2021-09-13 14:50:00,DSKE
8.775,8.79,8.76,8.78,3432,2021-09-13 14:55:00,DSKE
8.795,8.84,8.795,8.84,5126,2021-09-13 15:00:00,DSKE
8.83,8.865,8.83,8.865,2758,2021-09-13 15:05:00,DSKE
8.86,8.8668,8.83,8.84,6742,2021-09-13 15:10:00,DSKE
8.81,8.835,8.8,8.835,9569,2021-09-13 15:15:00,DSKE
8.82,8.84,8.82,8.83,900,2021-09-13 15:20:00,DSKE
8.82,8.83,8.81,8.8268,3589,2021-09-13 15:25:00,DSKE
8.83,8.875,8.83,8.875,2704,2021-09-13 15:30:00,DSKE
8.875,8.875,8.85,8.87,1889,2021-09-13 15:35:00,DSKE
8.875,8.89,8.85,8.89,5450,2021-09-13 15:40:00,DSKE
8.905,8.92,8.88,8.88,1300,2021-09-13 15:45:00,DSKE
8.88,8.8856,8.88,8.8856,2256,2021-09-13 15:50:00,DSKE
8.89,8.9,8.89,8.89,1100,2021-09-13 15:55:00,DSKE
8.9162,8.93,8.9162,8.93,650,2021-09-13 16:00:00,DSKE
8.94,8.9475,8.94,8.9475,2300,2021-09-13 16:05:00,DSKE
8.95,8.96,8.94,8.945,2184,2021-09-13 16:10:00,DSKE
8.93,8.93,8.915,8.93,3307,2021-09-13 16:15:00,DSKE
8.915,8.93,8.9,8.9212,3102,2021-09-13 16:20:00,DSKE
8.93,8.94,8.91,8.9298,3455,2021-09-13 16:25:00,DSKE
8.92,8.95,8.92,8.925,3135,2021-09-13 16:30:00,DSKE
8.92,8.93,8.91,8.92,2475,2021-09-13 16:35:00,DSKE
8.928,8.928,8.9,8.9,900,2021-09-13 16:40:00,DSKE
8.875,8.88,8.86,8.88,12413,2021-09-13 16:45:00,DSKE
8.885,8.925,8.86,8.9,21320,2021-09-13 16:50:00,DSKE
8.9,8.94,8.89,8.94,4525,2021-09-13 16:55:00,DSKE
8.93,8.955,8.93,8.94,2770,2021-09-13 17:00:00,DSKE
8.93,8.95,8.93,8.95,3558,2021-09-13 17:05:00,DSKE
8.96,8.96,8.89,8.89,3428,2021-09-13 17:10:00,DSKE
8.89,8.905,8.89,8.9,2097,2021-09-13 17:15:00,DSKE
8.91,8.92,8.91,8.92,1076,2021-09-13 17:20:00,DSKE
8.92,8.925,8.9,8.9,660,2021-09-13 17:25:00,DSKE
8.89,8.93,8.89,8.89,812,2021-09-13 17:30:00,DSKE
8.895,8.9,8.89,8.9,3540,2021-09-13 17:35:00,DSKE
8.9,8.91,8.8963,8.9,1684,2021-09-13 17:40:00,DSKE
8.9,8.925,8.9,8.925,400,2021-09-13 17:45:00,DSKE
8.94,8.94,8.92,8.92,700,2021-09-13 17:50:00,DSKE
8.91,8.92,8.91,8.915,2400,2021-09-13 17:55:00,DSKE
8.92,8.94,8.92,8.94,1200,2021-09-13 18:00:00,DSKE
8.95,8.99,8.95,8.99,11088,2021-09-13 18:05:00,DSKE
8.9902,8.9902,8.96,8.96,8049,2021-09-13 18:10:00,DSKE
8.965,8.965,8.93,8.96,2142,2021-09-13 18:15:00,DSKE
8.93,8.93,8.93,8.93,100,2021-09-13 18:20:00,DSKE
8.93,8.96,8.93,8.96,500,2021-09-13 18:25:00,DSKE
8.95,8.96,8.945,8.96,783,2021-09-13 18:30:00,DSKE
8.965,8.97,8.96,8.97,700,2021-09-13 18:35:00,DSKE
8.9682,9.0,8.9682,8.985,3165,2021-09-13 18:40:00,DSKE
8.98,8.9899,8.96,8.96,1706,2021-09-13 18:45:00,DSKE
8.96,8.97,8.96,8.96,300,2021-09-13 18:50:00,DSKE
8.96,8.995,8.96,8.99,4293,2021-09-13 18:55:00,DSKE
8.98,8.98,8.93,8.93,1400,2021-09-13 19:00:00,DSKE
8.9399,8.94,8.91,8.93,7885,2021-09-13 19:05:00,DSKE
8.94,8.95,8.93,8.935,1983,2021-09-13 19:10:00,DSKE
8.93,8.93,8.9113,8.925,2881,2021-09-13 19:15:00,DSKE
8.9288,8.94,8.92,8.94,1796,2021-09-13 19:20:00,DSKE
8.945,8.97,8.945,8.97,3788,2021-09-13 19:30:00,DSKE
8.96,8.965,8.96,8.965,700,2021-09-13 19:35:00,DSKE
8.96,8.96,8.92,8.94,8829,2021-09-13 19:40:00,DSKE
8.93,8.945,8.93,8.93,2298,2021-09-13 19:45:00,DSKE
8.92,8.95,8.92,8.94,5065,2021-09-13 19:50:00,DSKE
8.935,8.95,8.92,8.94,18433,2021-09-13 19:55:00,DSKE
8.92,8.92,8.92,8.92,32225,2021-09-13 20:00:00,DSKE
9.1,9.1,9.1,9.1,200,2021-09-13 20:40:00,DSKE
8.94,8.94,8.93,8.93,200,2021-09-14 12:50:00,DSKE
8.95,8.95,8.77,8.85,19470,2021-09-14 13:30:00,DSKE
8.85,8.87,8.75,8.79,1907,2021-09-14 13:35:00,DSKE
8.7961,8.7961,8.7,8.735,1000,2021-09-14 13:40:00,DSKE
8.7,8.78,8.67,8.74,28327,2021-09-14 13:45:00,DSKE
8.68,8.74,8.66,8.71,5386,2021-09-14 13:50:00,DSKE
8.71,8.7435,8.6777,8.697,9797,2021-09-14 13:55:00,DSKE
8.7,8.7099,8.645,8.7099,7312,2021-09-14 14:00:00,DSKE
8.71,8.74,8.69,8.73,5096,2021-09-14 14:05:00,DSKE
8.74,8.76,8.73,8.73,2490,2021-09-14 14:10:00,DSKE
8.71,8.7298,8.695,8.7298,5111,2021-09-14 14:15:00,DSKE
8.6984,8.71,8.66,8.68,2000,2021-09-14 14:20:00,DSKE
8.64,8.71,8.64,8.71,4881,2021-09-14 14:25:00,DSKE
8.71,8.73,8.7,8.729,3437,2021-09-14 14:30:00,DSKE
8.74,8.75,8.6975,8.6975,9083,2021-09-14 14:35:00,DSKE
8.7,8.7,8.61,8.62,6097,2021-09-14 14:40:00,DSKE
8.655,8.655,8.61,8.61,9101,2021-09-14 14:45:00,DSKE
8.615,8.645,8.615,8.6374,3555,2021-09-14 14:50:00,DSKE
8.645,8.66,8.63,8.66,2195,2021-09-14 14:55:00,DSKE
8.67,8.73,8.67,8.73,3860,2021-09-14 15:00:00,DSKE
8.74,8.76,8.74,8.76,1664,2021-09-14 15:05:00,DSKE
8.7733,8.78,8.765,8.77,700,2021-09-14 15:10:00,DSKE
8.76,8.76,8.73,8.74,2993,2021-09-14 15:15:00,DSKE
8.74,8.75,8.73,8.75,801,2021-09-14 15:20:00,DSKE
8.76,8.76,8.76,8.76,500,2021-09-14 15:25:00,DSKE
8.78,8.79,8.77,8.79,900,2021-09-14 15:30:00,DSKE
8.77,8.77,8.76,8.76,500,2021-09-14 15:35:00,DSKE
8.77,8.77,8.74,8.76,2486,2021-09-14 15:45:00,DSKE
8.77,8.77,8.755,8.7675,610,2021-09-14 15:50:00,DSKE
8.75,8.75,8.74,8.74,1524,2021-09-14 15:55:00,DSKE
8.74,8.83,8.74,8.82,30767,2021-09-14 16:00:00,DSKE
8.83,8.83,8.77,8.805,13663,2021-09-14 16:05:00,DSKE
8.79,8.79,8.775,8.789,600,2021-09-14 16:10:00,DSKE
8.77,8.8,8.77,8.77,5500,2021-09-14 16:15:00,DSKE
8.761,8.77,8.76,8.77,2700,2021-09-14 16:20:00,DSKE
8.76,8.77,8.76,8.77,934,2021-09-14 16:25:00,DSKE
8.77,8.77,8.77,8.77,2430,2021-09-14 16:30:00,DSKE
8.78,8.785,8.765,8.765,2534,2021-09-14 16:35:00,DSKE
8.765,8.805,8.7601,8.7866,3706,2021-09-14 16:40:00,DSKE
8.78,8.8,8.78,8.79,594,2021-09-14 16:45:00,DSKE
8.79,8.81,8.78,8.79,3713,2021-09-14 16:50:00,DSKE
8.79,8.805,8.79,8.805,1387,2021-09-14 16:55:00,DSKE
8.81,8.85,8.81,8.85,4786,2021-09-14 17:00:00,DSKE
8.85,8.86,8.825,8.825,2145,2021-09-14 17:05:00,DSKE
8.825,8.855,8.825,8.855,700,2021-09-14 17:10:00,DSKE
8.855,8.87,8.84,8.85,20495,2021-09-14 17:15:00,DSKE
8.8499,8.87,8.8499,8.86,1804,2021-09-14 17:20:00,DSKE
8.87,8.87,8.87,8.87,200,2021-09-14 17:25:00,DSKE
8.88,8.88,8.8708,8.8708,1144,2021-09-14 17:30:00,DSKE
8.87,8.87,8.86,8.87,1316,2021-09-14 17:35:00,DSKE
8.885,8.95,8.88,8.915,35357,2021-09-14 17:40:00,DSKE
8.92,8.93,8.92,8.92,600,2021-09-14 17:45:00,DSKE
8.915,8.915,8.88,8.88,904,2021-09-14 17:50:00,DSKE
8.86,8.86,8.86,8.86,300,2021-09-14 17:55:00,DSKE
8.85,8.86,8.8451,8.85,1085,2021-09-14 18:00:00,DSKE
8.86,8.86,8.82,8.82,1100,2021-09-14 18:05:00,DSKE
8.825,8.825,8.82,8.82,607,2021-09-14 18:10:00,DSKE
8.82,8.83,8.82,8.83,300,2021-09-14 18:15:00,DSKE
8.82,8.825,8.82,8.82,870,2021-09-14 18:20:00,DSKE
8.81,8.82,8.81,8.82,1230,2021-09-14 18:25:00,DSKE
8.795,8.795,8.76,8.76,4270,2021-09-14 18:30:00,DSKE
8.75,8.76,8.745,8.75,6210,2021-09-14 18:35:00,DSKE
8.76,8.78,8.76,8.78,1000,2021-09-14 18:40:00,DSKE
8.77,8.78,8.77,8.77,300,2021-09-14 18:45:00,DSKE
8.76,8.77,8.76,8.76,633,2021-09-14 18:50:00,DSKE
8.7702,8.78,8.76,8.76,8294,2021-09-14 18:55:00,DSKE
8.76,8.7605,8.75,8.75,2400,2021-09-14 19:00:00,DSKE
8.7588,8.78,8.7588,8.78,1134,2021-09-14 19:05:00,DSKE
8.77,8.77,8.77,8.77,300,2021-09-14 19:10:00,DSKE
8.75,8.77,8.75,8.76,557,2021-09-14 19:15:00,DSKE
8.76,8.76,8.7531,8.7531,937,2021-09-14 19:20:00,DSKE
8.75,8.76,8.74,8.74,1900,2021-09-14 19:25:00,DSKE
8.74,8.755,8.71,8.72,7386,2021-09-14 19:30:00,DSKE
8.71,8.73,8.7,8.725,1997,2021-09-14 19:35:00,DSKE
8.75,8.75,8.75,8.75,1250,2021-09-14 19:40:00,DSKE
8.75,8.76,8.75,8.75,600,2021-09-14 19:45:00,DSKE
8.745,8.77,8.735,8.77,3961,2021-09-14 19:50:00,DSKE
8.76,8.77,8.74,8.77,6084,2021-09-14 19:55:00,DSKE
8.77,8.77,8.77,8.77,36883,2021-09-14 20:00:00,DSKE
8.75,8.75,8.6612,8.6612,3265,2021-09-15 13:30:00,DSKE
8.7,8.7489,8.7,8.7489,5379,2021-09-15 13:35:00,DSKE
8.7256,8.81,8.7256,8.731,2798,2021-09-15 13:40:00,DSKE
8.752,8.82,8.7345,8.82,1949,2021-09-15 13:45:00,DSKE
8.825,8.83,8.8,8.8,1249,2021-09-15 13:50:00,DSKE
8.77,8.81,8.77,8.8,920,2021-09-15 13:55:00,DSKE
8.809,8.87,8.809,8.87,2054,2021-09-15 14:00:00,DSKE
8.8683,8.8683,8.82,8.86,2255,2021-09-15 14:05:00,DSKE
8.81,8.81,8.8,8.8,450,2021-09-15 14:10:00,DSKE
8.75,8.75,8.73,8.73,1200,2021-09-15 14:15:00,DSKE
8.75,8.7638,8.75,8.7638,950,2021-09-15 14:20:00,DSKE
8.77,8.79,8.74,8.74,1409,2021-09-15 14:25:00,DSKE
8.73,8.765,8.73,8.765,400,2021-09-15 14:30:00,DSKE
8.79,8.79,8.78,8.78,1200,2021-09-15 14:35:00,DSKE
8.74,8.74,8.73,8.73,300,2021-09-15 14:40:00,DSKE
8.7482,8.7482,8.73,8.73,315,2021-09-15 14:50:00,DSKE
8.725,8.77,8.725,8.77,4704,2021-09-15 14:55:00,DSKE
8.78,8.79,8.78,8.7801,400,2021-09-15 15:00:00,DSKE
8.79,8.79,8.785,8.79,1490,2021-09-15 15:05:00,DSKE
8.79,8.7901,8.79,8.79,900,2021-09-15 15:10:00,DSKE
8.785,8.79,8.78,8.78,350,2021-09-15 15:15:00,DSKE
8.79,8.79,8.79,8.79,200,2021-09-15 15:20:00,DSKE
8.81,8.81,8.81,8.81,300,2021-09-15 15:25:00,DSKE
8.79,8.8,8.79,8.8,200,2021-09-15 15:30:00,DSKE
8.79,8.79,8.79,8.79,100,2021-09-15 15:35:00,DSKE
8.8,8.8,8.8,8.8,100,2021-09-15 15:40:00,DSKE
8.8,8.8,8.8,8.8,100,2021-09-15 15:45:00,DSKE
8.8,8.8,8.795,8.795,550,2021-09-15 15:50:00,DSKE
8.8,8.8,8.74,8.74,5079,2021-09-15 15:55:00,DSKE
8.77,8.77,8.77,8.77,300,2021-09-15 16:00:00,DSKE
8.79,8.79,8.77,8.77,800,2021-09-15 16:05:00,DSKE
8.77,8.77,8.76,8.76,400,2021-09-15 16:10:00,DSKE
8.76,8.76,8.73,8.76,2100,2021-09-15 16:15:00,DSKE
8.76,8.76,8.74,8.745,2107,2021-09-15 16:20:00,DSKE
8.745,8.745,8.72,8.725,2034,2021-09-15 16:25:00,DSKE
8.72,8.725,8.68,8.68,5900,2021-09-15 16:30:00,DSKE
8.7025,8.71,8.65,8.665,2950,2021-09-15 16:35:00,DSKE
8.665,8.69,8.665,8.67,1744,2021-09-15 16:40:00,DSKE
8.665,8.69,8.65,8.69,1500,2021-09-15 16:45:00,DSKE
8.7,8.72,8.7,8.72,400,2021-09-15 16:50:00,DSKE
8.7,8.7,8.7,8.7,100,2021-09-15 16:55:00,DSKE
8.71,8.71,8.69,8.69,421,2021-09-15 17:05:00,DSKE
8.67,8.67,8.67,8.67,200,2021-09-15 17:10:00,DSKE
8.67,8.68,8.66,8.66,1847,2021-09-15 17:15:00,DSKE
8.66,8.67,8.655,8.67,2851,2021-09-15 17:25:00,DSKE
8.665,8.78,8.63,8.78,33920,2021-09-15 17:30:00,DSKE
8.78,8.78,8.76,8.77,900,2021-09-15 17:35:00,DSKE
8.75,8.78,8.75,8.765,848,2021-09-15 17:40:00,DSKE
8.765,8.78,8.76,8.76,1091,2021-09-15 17:45:00,DSKE
8.75,8.76,8.75,8.76,640,2021-09-15 17:50:00,DSKE
8.7647,8.7647,8.755,8.755,425,2021-09-15 17:55:00,DSKE
8.75,8.76,8.735,8.75,1600,2021-09-15 18:00:00,DSKE
8.745,8.78,8.745,8.78,1535,2021-09-15 18:05:00,DSKE
8.775,8.79,8.775,8.78,808,2021-09-15 18:10:00,DSKE
8.77,8.77,8.74,8.74,1415,2021-09-15 18:15:00,DSKE
8.76,8.78,8.76,8.78,1158,2021-09-15 18:20:00,DSKE
8.78,8.7873,8.78,8.7873,200,2021-09-15 18:25:00,DSKE
8.77,8.77,8.73,8.75,2300,2021-09-15 18:30:00,DSKE
8.76,8.76,8.75,8.75,908,2021-09-15 18:35:00,DSKE
8.74,8.75,8.731,8.75,1236,2021-09-15 18:40:00,DSKE
8.74,8.75,8.73,8.74,1118,2021-09-15 18:45:00,DSKE
8.74,8.78,8.72,8.78,4468,2021-09-15 18:50:00,DSKE
8.77,8.78,8.765,8.78,1547,2021-09-15 18:55:00,DSKE
8.78,8.79,8.7724,8.79,706,2021-09-15 19:00:00,DSKE
8.795,8.795,8.7946,8.795,700,2021-09-15 19:05:00,DSKE
8.795,8.8,8.7908,8.8,2300,2021-09-15 19:10:00,DSKE
8.795,8.8,8.76,8.78,25686,2021-09-15 19:15:00,DSKE
8.8,8.8,8.77,8.775,1552,2021-09-15 19:20:00,DSKE
8.765,8.765,8.76,8.76,800,2021-09-15 19:25:00,DSKE
8.76,8.76,8.71,8.75,4170,2021-09-15 19:30:00,DSKE
8.76,8.77,8.76,8.765,1714,2021-09-15 19:35:00,DSKE
8.76,8.77,8.74,8.77,2511,2021-09-15 19:40:00,DSKE
8.77,8.78,8.74,8.74,4300,2021-09-15 19:45:00,DSKE
8.75,8.77,8.75,8.76,1600,2021-09-15 19:50:00,DSKE
8.75,8.78,8.74,8.78,13738,2021-09-15 19:55:00,DSKE
8.78,8.78,8.78,8.78,23342,2021-09-15 20:00:00,DSKE
8.77,8.805,8.6922,8.805,3743,2021-09-16 13:30:00,DSKE
8.7328,8.765,8.7328,8.765,317,2021-09-16 13:35:00,DSKE
8.765,8.765,8.765,8.765,200,2021-09-16 13:40:00,DSKE
8.79,8.81,8.77,8.81,1350,2021-09-16 13:45:00,DSKE
8.83,8.83,8.8,8.8,1866,2021-09-16 13:50:00,DSKE
8.8042,8.83,8.8042,8.83,474,2021-09-16 13:55:00,DSKE
8.79,8.8,8.785,8.8,600,2021-09-16 14:00:00,DSKE
8.81,8.82,8.78,8.8045,1515,2021-09-16 14:05:00,DSKE
8.815,8.83,8.815,8.83,700,2021-09-16 14:10:00,DSKE
8.83,8.9,8.83,8.9,17159,2021-09-16 14:15:00,DSKE
8.88,8.89,8.8599,8.8599,2700,2021-09-16 14:20:00,DSKE
8.85,8.85,8.825,8.825,1400,2021-09-16 14:25:00,DSKE
8.85,8.8501,8.83,8.83,6200,2021-09-16 14:30:00,DSKE
8.85,8.85,8.82,8.82,1000,2021-09-16 14:35:00,DSKE
8.83,8.83,8.815,8.815,200,2021-09-16 14:40:00,DSKE
8.8,8.82,8.79,8.82,7298,2021-09-16 14:45:00,DSKE
8.8,8.8002,8.77,8.77,4499,2021-09-16 14:50:00,DSKE
8.75,8.76,8.74,8.74,2036,2021-09-16 14:55:00,DSKE
8.75,8.755,8.75,8.755,400,2021-09-16 15:00:00,DSKE
8.74,8.7546,8.74,8.7546,432,2021-09-16 15:05:00,DSKE
8.749,8.7819,8.749,8.7819,814,2021-09-16 15:10:00,DSKE
8.76,8.76,8.76,8.76,1100,2021-09-16 15:15:00,DSKE
8.75,8.76,8.72,8.75,1944,2021-09-16 15:20:00,DSKE
8.72,8.73,8.72,8.73,616,2021-09-16 15:25:00,DSKE
8.73,8.76,8.73,8.76,300,2021-09-16 15:30:00,DSKE
8.76,8.79,8.76,8.79,502,2021-09-16 15:35:00,DSKE
8.75,8.76,8.75,8.7576,1888,2021-09-16 15:40:00,DSKE
8.745,8.745,8.745,8.745,100,2021-09-16 15:45:00,DSKE
8.715,8.715,8.71,8.71,400,2021-09-16 15:50:00,DSKE
8.73,8.74,8.72,8.73,1961,2021-09-16 15:55:00,DSKE
8.72,8.754,8.72,8.754,2297,2021-09-16 16:00:00,DSKE
8.74,8.76,8.74,8.76,1000,2021-09-16 16:05:00,DSKE
8.78,8.78,8.78,8.78,100,2021-09-16 16:20:00,DSKE
8.79,8.79,8.79,8.79,200,2021-09-16 16:25:00,DSKE
8.78,8.78,8.78,8.78,600,2021-09-16 16:30:00,DSKE
8.8,8.81,8.8,8.81,600,2021-09-16 16:35:00,DSKE
8.78,8.8,8.77,8.8,500,2021-09-16 16:40:00,DSKE
8.8,8.8,8.8,8.8,100,2021-09-16 16:45:00,DSKE
8.77,8.775,8.75,8.76,1255,2021-09-16 16:50:00,DSKE
8.755,8.77,8.755,8.768,1000,2021-09-16 16:55:00,DSKE
8.76,8.77,8.75,8.77,700,2021-09-16 17:00:00,DSKE
8.78,8.78,8.77,8.77,300,2021-09-16 17:05:00,DSKE
8.78,8.78,8.78,8.78,507,2021-09-16 17:10:00,DSKE
8.78,8.78,8.76,8.76,900,2021-09-16 17:15:00,DSKE
8.76,8.76,8.74,8.75,2371,2021-09-16 17:30:00,DSKE
8.75,8.75,8.75,8.75,600,2021-09-16 17:35:00,DSKE
8.74,8.7401,8.74,8.7401,622,2021-09-16 17:40:00,DSKE
8.73,8.765,8.725,8.765,1610,2021-09-16 17:45:00,DSKE
8.78,8.8,8.78,8.785,762,2021-09-16 17:50:00,DSKE
8.8,8.8,8.8,8.8,319,2021-09-16 17:55:00,DSKE
8.81,8.81,8.79,8.795,994,2021-09-16 18:00:00,DSKE
8.78,8.78,8.775,8.775,800,2021-09-16 18:05:00,DSKE
8.79,8.8239,8.79,8.8239,1011,2021-09-16 18:10:00,DSKE
8.83,8.84,8.79,8.82,4230,2021-09-16 18:15:00,DSKE
8.805,8.82,8.79,8.79,3800,2021-09-16 18:20:00,DSKE
8.79,8.81,8.77,8.77,4181,2021-09-16 18:25:00,DSKE
8.775,8.82,8.775,8.81,6166,2021-09-16 18:30:00,DSKE
8.83,8.84,8.81,8.825,2410,2021-09-16 18:35:00,DSKE
8.83,8.83,8.82,8.82,300,2021-09-16 18:40:00,DSKE
8.81,8.83,8.8,8.83,3619,2021-09-16 18:45:00,DSKE
8.84,8.86,8.8301,8.86,1140,2021-09-16 18:50:00,DSKE
8.855,8.87,8.85,8.85,4165,2021-09-16 18:55:00,DSKE
8.84,8.85,8.84,8.85,300,2021-09-16 19:00:00,DSKE
8.86,8.88,8.86,8.87,3225,2021-09-16 19:05:00,DSKE
8.88,8.88,8.87,8.87,400,2021-09-16 19:10:00,DSKE
8.87,8.88,8.85,8.85,911,2021-09-16 19:15:00,DSKE
8.86,8.87,8.85,8.855,3802,2021-09-16 19:20:00,DSKE
8.86,8.86,8.84,8.855,1000,2021-09-16 19:25:00,DSKE
8.85,8.86,8.85,8.86,3185,2021-09-16 19:30:00,DSKE
8.84,8.84,8.82,8.83,2423,2021-09-16 19:35:00,DSKE
8.84,8.84,8.81,8.81,3600,2021-09-16 19:40:00,DSKE
8.82,8.8296,8.8,8.81,3800,2021-09-16 19:45:00,DSKE
8.81,8.8396,8.81,8.81,5195,2021-09-16 19:50:00,DSKE
8.815,8.85,8.815,8.83,9485,2021-09-16 19:55:00,DSKE
8.84,8.84,8.84,8.84,21447,2021-09-16 20:00:00,DSKE
8.82,8.83,8.82,8.83,1400,2021-09-17 13:25:00,DSKE
8.9,8.91,8.845,8.91,49626,2021-09-17 13:30:00,DSKE
8.91,8.97,8.91,8.9699,1677,2021-09-17 13:35:00,DSKE
8.96,8.96,8.89,8.91,781,2021-09-17 13:40:00,DSKE
8.885,8.93,8.84,8.84,6351,2021-09-17 13:45:00,DSKE
8.805,8.92,8.78,8.82,4149,2021-09-17 13:50:00,DSKE
8.83,8.845,8.82,8.845,2700,2021-09-17 13:55:00,DSKE
8.845,8.8668,8.84,8.85,2205,2021-09-17 14:00:00,DSKE
8.83,8.845,8.83,8.845,400,2021-09-17 14:05:00,DSKE
8.83,8.84,8.7868,8.7868,1705,2021-09-17 14:10:00,DSKE
8.78,8.82,8.775,8.82,3149,2021-09-17 14:15:00,DSKE
8.83,8.83,8.72,8.72,23743,2021-09-17 14:20:00,DSKE
8.745,8.76,8.745,8.755,504,2021-09-17 14:25:00,DSKE
8.76,8.76,8.745,8.745,700,2021-09-17 14:30:00,DSKE
8.76,8.775,8.76,8.775,700,2021-09-17 14:35:00,DSKE
8.76,8.78,8.75,8.775,1084,2021-09-17 14:40:00,DSKE
8.775,8.775,8.74,8.75,1500,2021-09-17 14:45:00,DSKE
8.735,8.735,8.7,8.72,8467,2021-09-17 14:50:00,DSKE
8.715,8.72,8.69,8.72,2385,2021-09-17 14:55:00,DSKE
8.72,8.73,8.72,8.73,214,2021-09-17 15:00:00,DSKE
8.72,8.73,8.69,8.6902,1271,2021-09-17 15:05:00,DSKE
8.69,8.7,8.67,8.7,700,2021-09-17 15:10:00,DSKE
8.74,8.74,8.74,8.74,4700,2021-09-17 15:15:00,DSKE
8.75,8.75,8.75,8.75,700,2021-09-17 15:20:00,DSKE
8.745,8.77,8.735,8.76,3680,2021-09-17 15:25:00,DSKE
8.745,8.8,8.745,8.8,5570,2021-09-17 15:30:00,DSKE
8.8,8.81,8.79,8.79,2680,2021-09-17 15:35:00,DSKE
8.79,8.79,8.78,8.78,1089,2021-09-17 15:40:00,DSKE
8.75,8.78,8.75,8.77,700,2021-09-17 15:45:00,DSKE
8.75,8.785,8.74,8.76,2713,2021-09-17 15:50:00,DSKE
8.768,8.81,8.768,8.81,4211,2021-09-17 15:55:00,DSKE
8.79,8.7914,8.79,8.79,829,2021-09-17 16:00:00,DSKE
8.79,8.81,8.79,8.8,793,2021-09-17 16:05:00,DSKE
8.8,8.83,8.79,8.79,2354,2021-09-17 16:10:00,DSKE
8.79,8.795,8.79,8.795,300,2021-09-17 16:15:00,DSKE
8.79,8.81,8.79,8.81,1737,2021-09-17 16:20:00,DSKE
8.8,8.805,8.78,8.78,700,2021-09-17 16:25:00,DSKE
8.79,8.79,8.77,8.79,400,2021-09-17 16:30:00,DSKE
8.79,8.81,8.79,8.8,1399,2021-09-17 16:35:00,DSKE
8.805,8.82,8.795,8.82,1959,2021-09-17 16:40:00,DSKE
8.81,8.82,8.8,8.8,300,2021-09-17 16:45:00,DSKE
8.8,8.81,8.73,8.76,15806,2021-09-17 16:50:00,DSKE
8.775,8.775,8.76,8.76,1724,2021-09-17 16:55:00,DSKE
8.75,8.75,8.7,8.7,800,2021-09-17 17:00:00,DSKE
8.73,8.74,8.71,8.725,1410,2021-09-17 17:05:00,DSKE
8.73,8.73,8.73,8.73,300,2021-09-17 17:10:00,DSKE
8.73,8.74,8.73,8.74,300,2021-09-17 17:15:00,DSKE
8.73,8.75,8.71,8.74,2291,2021-09-17 17:20:00,DSKE
8.73,8.73,8.7,8.7,1077,2021-09-17 17:30:00,DSKE
8.73,8.73,8.705,8.715,900,2021-09-17 17:35:00,DSKE
8.71,8.71,8.71,8.71,500,2021-09-17 17:40:00,DSKE
8.71,8.71,8.7,8.705,1151,2021-09-17 17:45:00,DSKE
8.7,8.71,8.69,8.7,10790,2021-09-17 17:50:00,DSKE
8.71,8.74,8.695,8.695,3725,2021-09-17 17:55:00,DSKE
8.69,8.69,8.69,8.69,502,2021-09-17 18:00:00,DSKE
8.69,8.69,8.685,8.685,400,2021-09-17 18:05:00,DSKE
8.68,8.72,8.68,8.7,3389,2021-09-17 18:10:00,DSKE
8.68,8.68,8.66,8.66,730,2021-09-17 18:15:00,DSKE
8.67,8.69,8.66,8.6884,7285,2021-09-17 18:20:00,DSKE
8.68,8.68,8.66,8.66,657,2021-09-17 18:25:00,DSKE
8.66,8.67,8.65,8.665,4874,2021-09-17 18:30:00,DSKE
8.66,8.66,8.645,8.65,700,2021-09-17 18:35:00,DSKE
8.65,8.69,8.65,8.68,3212,2021-09-17 18:40:00,DSKE
8.675,8.69,8.67,8.69,924,2021-09-17 18:45:00,DSKE
8.68,8.69,8.66,8.66,5930,2021-09-17 18:50:00,DSKE
8.67,8.67,8.65,8.65,403,2021-09-17 18:55:00,DSKE
8.65,8.665,8.65,8.66,1152,2021-09-17 19:00:00,DSKE
8.665,8.665,8.645,8.645,2054,2021-09-17 19:05:00,DSKE
8.645,8.645,8.63,8.64,700,2021-09-17 19:10:00,DSKE
8.63,8.6399,8.6224,8.6399,4140,2021-09-17 19:15:00,DSKE
8.64,8.66,8.6348,8.66,4401,2021-09-17 19:20:00,DSKE
8.66,8.66,8.64,8.64,700,2021-09-17 19:25:00,DSKE
8.655,8.655,8.65,8.65,1450,2021-09-17 19:30:00,DSKE
8.655,8.655,8.63,8.64,4637,2021-09-17 19:35:00,DSKE
8.64,8.68,8.64,8.68,3712,2021-09-17 19:40:00,DSKE
8.68,8.685,8.65,8.65,1916,2021-09-17 19:45:00,DSKE
8.66,8.84,8.66,8.73,44875,2021-09-17 19:50:00,DSKE
8.72,8.77,8.71,8.73,29037,2021-09-17 19:55:00,DSKE
8.72,8.72,8.72,8.72,583031,2021-09-17 20:00:00,DSKE
8.72,8.72,8.72,8.72,8740,2021-09-17 20:10:00,DSKE
8.5002,8.5002,8.5,8.5,3263,2021-09-20 12:00:00,DSKE
8.5005,8.5005,8.5005,8.5005,1000,2021-09-20 13:05:00,DSKE
8.41,8.41,8.37,8.37,1040,2021-09-20 13:25:00,DSKE
8.4,8.66,8.02,8.4501,53814,2021-09-20 13:30:00,DSKE
8.52,8.54,8.261,8.34,18560,2021-09-20 13:35:00,DSKE
8.37,8.46,8.35,8.415,11183,2021-09-20 13:40:00,DSKE
8.4,8.53,8.39,8.53,23321,2021-09-20 13:45:00,DSKE
8.56,8.57,8.5,8.55,14660,2021-09-20 13:50:00,DSKE
8.51,8.52,8.46,8.46,4272,2021-09-20 13:55:00,DSKE
8.46,8.47,8.43,8.44,4455,2021-09-20 14:00:00,DSKE
8.46,8.535,8.46,8.52,4300,2021-09-20 14:05:00,DSKE
8.5,8.5,8.44,8.441,726,2021-09-20 14:10:00,DSKE
8.48,8.48,8.42,8.43,5113,2021-09-20 14:15:00,DSKE
8.42,8.42,8.37,8.3807,6003,2021-09-20 14:20:00,DSKE
8.3401,8.4,8.3401,8.4,2548,2021-09-20 14:25:00,DSKE
8.38,8.43,8.38,8.43,1130,2021-09-20 14:30:00,DSKE
8.43,8.46,8.43,8.46,700,2021-09-20 14:35:00,DSKE
8.49,8.49,8.4559,8.48,1176,2021-09-20 14:40:00,DSKE
8.46,8.5,8.4538,8.46,3390,2021-09-20 14:45:00,DSKE
8.45,8.47,8.45,8.47,600,2021-09-20 14:50:00,DSKE
8.46,8.49,8.46,8.49,2732,2021-09-20 15:00:00,DSKE
8.49,8.54,8.49,8.495,5912,2021-09-20 15:05:00,DSKE
8.47,8.49,8.47,8.47,1502,2021-09-20 15:10:00,DSKE
8.45,8.46,8.42,8.4323,4272,2021-09-20 15:15:00,DSKE
8.46,8.486,8.46,8.475,750,2021-09-20 15:20:00,DSKE
8.46,8.46,8.445,8.445,800,2021-09-20 15:25:00,DSKE
8.45,8.45,8.4104,8.45,3736,2021-09-20 15:30:00,DSKE
8.45,8.45,8.43,8.43,200,2021-09-20 15:35:00,DSKE
8.41,8.44,8.39,8.41,1330,2021-09-20 15:40:00,DSKE
8.43,8.47,8.415,8.47,3309,2021-09-20 15:45:00,DSKE
8.46,8.5,8.45,8.45,5187,2021-09-20 15:55:00,DSKE
8.46,8.46,8.42,8.45,7614,2021-09-20 16:00:00,DSKE
8.42,8.45,8.4,8.42,1541,2021-09-20 16:05:00,DSKE
8.42,8.45,8.42,8.43,771,2021-09-20 16:10:00,DSKE
8.435,8.435,8.4348,8.435,800,2021-09-20 16:15:00,DSKE
8.435,8.435,8.42,8.431,700,2021-09-20 16:20:00,DSKE
8.435,8.45,8.42,8.43,5018,2021-09-20 16:25:00,DSKE
8.411,8.435,8.411,8.435,1200,2021-09-20 16:30:00,DSKE
8.4127,8.43,8.4127,8.43,550,2021-09-20 16:35:00,DSKE
8.415,8.43,8.37,8.39,2931,2021-09-20 16:40:00,DSKE
8.36,8.4,8.36,8.4,3850,2021-09-20 16:50:00,DSKE
8.385,8.39,8.35,8.36,3057,2021-09-20 16:55:00,DSKE
8.354,8.354,8.351,8.351,200,2021-09-20 17:00:00,DSKE
8.33,8.33,8.255,8.29,19678,2021-09-20 17:05:00,DSKE
8.2801,8.29,8.25,8.2666,8890,2021-09-20 17:10:00,DSKE
8.265,8.265,8.245,8.26,3670,2021-09-20 17:15:00,DSKE
8.28,8.29,8.26,8.28,2109,2021-09-20 17:20:00,DSKE
8.26,8.27,8.26,8.27,700,2021-09-20 17:25:00,DSKE
8.26,8.26,8.24,8.255,2868,2021-09-20 17:30:00,DSKE
8.242,8.285,8.2,8.285,17339,2021-09-20 17:35:00,DSKE
8.2831,8.29,8.2793,8.28,2947,2021-09-20 17:40:00,DSKE
8.29,8.305,8.29,8.29,1000,2021-09-20 17:45:00,DSKE
8.31,8.32,8.3,8.3127,16429,2021-09-20 17:50:00,DSKE
8.31,8.318,8.3,8.3,2511,2021-09-20 17:55:00,DSKE
8.32,8.33,8.3,8.3,9856,2021-09-20 18:00:00,DSKE
8.31,8.31,8.27,8.27,15515,2021-09-20 18:05:00,DSKE
8.26,8.29,8.26,8.28,1720,2021-09-20 18:10:00,DSKE
8.28,8.2922,8.28,8.2922,256,2021-09-20 18:15:00,DSKE
8.28,8.31,8.26,8.28,4773,2021-09-20 18:20:00,DSKE
8.265,8.29,8.265,8.29,1424,2021-09-20 18:25:00,DSKE
8.28,8.32,8.27,8.315,11555,2021-09-20 18:30:00,DSKE
8.3,8.32,8.3,8.32,2751,2021-09-20 18:35:00,DSKE
8.33,8.34,8.325,8.34,520,2021-09-20 18:40:00,DSKE
8.32,8.34,8.32,8.34,700,2021-09-20 18:45:00,DSKE
8.34,8.36,8.33,8.33,2359,2021-09-20 18:50:00,DSKE
8.33,8.35,8.33,8.34,2179,2021-09-20 18:55:00,DSKE
8.34,8.35,8.34,8.34,600,2021-09-20 19:00:00,DSKE
8.345,8.345,8.33,8.33,1519,2021-09-20 19:05:00,DSKE
8.33,8.3425,8.33,8.34,2463,2021-09-20 19:10:00,DSKE
8.34,8.34,8.32,8.33,3146,2021-09-20 19:15:00,DSKE
8.34,8.36,8.33,8.35,1857,2021-09-20 19:20:00,DSKE
8.35,8.37,8.345,8.37,900,2021-09-20 19:25:00,DSKE
8.37,8.39,8.37,8.37,6074,2021-09-20 19:30:00,DSKE
8.365,8.385,8.365,8.38,5137,2021-09-20 19:35:00,DSKE
8.385,8.3861,8.37,8.375,7766,2021-09-20 19:40:00,DSKE
8.375,8.39,8.35,8.385,18351,2021-09-20 19:45:00,DSKE
8.385,8.395,8.35,8.375,10046,2021-09-20 19:50:00,DSKE
8.375,8.41,8.37,8.38,9282,2021-09-20 19:55:00,DSKE
8.39,8.39,8.39,8.39,29584,2021-09-20 20:00:00,DSKE
8.525,8.525,8.3,8.48,11444,2021-09-21 13:30:00,DSKE
8.42,8.42,8.42,8.42,400,2021-09-21 13:35:00,DSKE
8.43,8.48,8.4,8.42,5278,2021-09-21 13:40:00,DSKE
8.42,8.46,8.42,8.46,800,2021-09-21 13:45:00,DSKE
8.465,8.465,8.38,8.405,4730,2021-09-21 13:50:00,DSKE
8.38,8.38,8.31,8.32,23326,2021-09-21 13:55:00,DSKE
8.37,8.41,8.361,8.41,2000,2021-09-21 14:00:00,DSKE
8.43,8.43,8.38,8.38,2288,2021-09-21 14:05:00,DSKE
8.38,8.385,8.38,8.385,300,2021-09-21 14:10:00,DSKE
8.4,8.405,8.4,8.4,1100,2021-09-21 14:15:00,DSKE
8.4099,8.4099,8.38,8.389,2425,2021-09-21 14:20:00,DSKE
8.4,8.41,8.4,8.4,1615,2021-09-21 14:25:00,DSKE
8.4,8.43,8.31,8.31,3647,2021-09-21 14:30:00,DSKE
8.343,8.35,8.305,8.35,21480,2021-09-21 14:35:00,DSKE
8.38,8.38,8.33,8.33,1130,2021-09-21 14:40:00,DSKE
8.31,8.31,8.26,8.28,5288,2021-09-21 14:45:00,DSKE
8.33,8.33,8.29,8.32,3126,2021-09-21 14:50:00,DSKE
8.325,8.325,8.3,8.31,21621,2021-09-21 14:55:00,DSKE
8.32,8.33,8.3,8.3,11346,2021-09-21 15:00:00,DSKE
8.3081,8.315,8.3,8.315,1000,2021-09-21 15:05:00,DSKE
8.331,8.345,8.3,8.33,12482,2021-09-21 15:10:00,DSKE
8.33,8.36,8.33,8.33,5510,2021-09-21 15:15:00,DSKE
8.33,8.36,8.33,8.33,2818,2021-09-21 15:20:00,DSKE
8.3557,8.3557,8.33,8.33,930,2021-09-21 15:25:00,DSKE
8.35,8.3673,8.31,8.3673,4068,2021-09-21 15:30:00,DSKE
8.37,8.37,8.34,8.36,2521,2021-09-21 15:35:00,DSKE
8.3558,8.36,8.35,8.36,1033,2021-09-21 15:40:00,DSKE
8.37,8.38,8.36,8.37,1500,2021-09-21 15:45:00,DSKE
8.37,8.375,8.36,8.36,1193,2021-09-21 15:50:00,DSKE
8.37,8.4,8.37,8.39,1693,2021-09-21 15:55:00,DSKE
8.39,8.4,8.39,8.39,982,2021-09-21 16:00:00,DSKE
8.395,8.4,8.39,8.39,3066,2021-09-21 16:05:00,DSKE
8.395,8.4,8.39,8.395,1171,2021-09-21 16:10:00,DSKE
8.4,8.4,8.39,8.395,1817,2021-09-21 16:15:00,DSKE
8.4,8.4,8.395,8.395,992,2021-09-21 16:20:00,DSKE
8.3981,8.3981,8.39,8.395,2000,2021-09-21 16:25:00,DSKE
8.4,8.4,8.39,8.4,1100,2021-09-21 16:30:00,DSKE
8.4,8.435,8.4,8.42,2364,2021-09-21 16:35:00,DSKE
8.425,8.425,8.41,8.42,2148,2021-09-21 16:40:00,DSKE
8.41,8.43,8.41,8.43,2768,2021-09-21 16:45:00,DSKE
8.44,8.44,8.42,8.42,1505,2021-09-21 16:50:00,DSKE
8.42,8.44,8.42,8.42,2397,2021-09-21 16:55:00,DSKE
8.42,8.44,8.4,8.405,2534,2021-09-21 17:00:00,DSKE
8.4,8.42,8.4,8.41,3028,2021-09-21 17:05:00,DSKE
8.41,8.418,8.41,8.418,879,2021-09-21 17:10:00,DSKE
8.4199,8.42,8.4,8.41,6556,2021-09-21 17:15:00,DSKE
8.41,8.41,8.405,8.405,2500,2021-09-21 17:20:00,DSKE
8.4,8.41,8.4,8.4,2063,2021-09-21 17:25:00,DSKE
8.4,8.4025,8.4,8.4,2083,2021-09-21 17:30:00,DSKE
8.405,8.4073,8.4,8.405,2415,2021-09-21 17:35:00,DSKE
8.4,8.4056,8.4,8.4056,1786,2021-09-21 17:40:00,DSKE
8.4,8.41,8.39,8.4,3539,2021-09-21 17:45:00,DSKE
8.4,8.435,8.4,8.42,1500,2021-09-21 17:50:00,DSKE
8.43,8.44,8.429,8.43,500,2021-09-21 17:55:00,DSKE
8.44,8.465,8.44,8.465,2031,2021-09-21 18:00:00,DSKE
8.465,8.48,8.465,8.48,1000,2021-09-21 18:05:00,DSKE
8.48,8.485,8.47,8.485,662,2021-09-21 18:10:00,DSKE
8.47,8.5,8.47,8.475,4673,2021-09-21 18:15:00,DSKE
8.47,8.47,8.45,8.45,2480,2021-09-21 18:20:00,DSKE
8.46,8.46,8.46,8.46,600,2021-09-21 18:25:00,DSKE
8.46,8.47,8.43,8.43,2730,2021-09-21 18:30:00,DSKE
8.45,8.46,8.45,8.45,900,2021-09-21 18:35:00,DSKE
8.46,8.48,8.45,8.465,682,2021-09-21 18:40:00,DSKE
8.47,8.48,8.45,8.46,2533,2021-09-21 18:45:00,DSKE
8.46,8.475,8.46,8.475,400,2021-09-21 18:50:00,DSKE
8.47,8.49,8.47,8.475,612,2021-09-21 18:55:00,DSKE
8.475,8.5,8.475,8.48,2366,2021-09-21 19:00:00,DSKE
8.48,8.48,8.46,8.46,3981,2021-09-21 19:05:00,DSKE
8.46,8.48,8.46,8.47,1700,2021-09-21 19:10:00,DSKE
8.47,8.47,8.42,8.42,2934,2021-09-21 19:15:00,DSKE
8.42,8.475,8.42,8.46,4093,2021-09-21 19:20:00,DSKE
8.4699,8.4699,8.45,8.45,2379,2021-09-21 19:25:00,DSKE
8.46,8.49,8.46,8.49,3473,2021-09-21 19:30:00,DSKE
8.49,8.5,8.47,8.47,2977,2021-09-21 19:35:00,DSKE
8.48,8.48,8.46,8.46,2576,2021-09-21 19:40:00,DSKE
8.48,8.48,8.44,8.44,5832,2021-09-21 19:45:00,DSKE
8.43,8.44,8.41,8.41,4713,2021-09-21 19:50:00,DSKE
8.42,8.44,8.41,8.42,11366,2021-09-21 19:55:00,DSKE
8.43,8.43,8.43,8.43,44307,2021-09-21 20:00:00,DSKE
8.9,8.9,8.9,8.9,100,2021-09-21 23:40:00,DSKE
8.8988,8.9,8.8988,8.9,1439,2021-09-22 13:05:00,DSKE
8.5,8.55,8.44,8.51,8111,2021-09-22 13:30:00,DSKE
8.5,8.5521,8.48,8.525,1120,2021-09-22 13:35:00,DSKE
8.525,8.5525,8.49,8.53,9198,2021-09-22 13:40:00,DSKE
8.55,8.58,8.55,8.555,2116,2021-09-22 13:45:00,DSKE
8.55,8.58,8.55,8.58,2748,2021-09-22 13:50:00,DSKE
8.59,8.59,8.52,8.545,8873,2021-09-22 13:55:00,DSKE
8.53,8.57,8.5,8.5,2610,2021-09-22 14:00:00,DSKE
8.49,8.49,8.45,8.47,2677,2021-09-22 14:05:00,DSKE
8.47,8.49,8.45,8.49,12653,2021-09-22 14:10:00,DSKE
8.5,8.51,8.47,8.51,1335,2021-09-22 14:15:00,DSKE
8.5,8.5,8.4423,8.445,2474,2021-09-22 14:20:00,DSKE
8.44,8.45,8.43,8.43,4205,2021-09-22 14:25:00,DSKE
8.44,8.46,8.44,8.46,7300,2021-09-22 14:30:00,DSKE
8.5,8.5,8.5,8.5,100,2021-09-22 14:35:00,DSKE
8.4705,8.529,8.47,8.528,4400,2021-09-22 14:40:00,DSKE
8.5,8.51,8.47,8.5,6415,2021-09-22 14:45:00,DSKE
8.5,8.505,8.49,8.505,758,2021-09-22 14:50:00,DSKE
8.5,8.505,8.49,8.49,900,2021-09-22 14:55:00,DSKE
8.5,8.505,8.49,8.49,1463,2021-09-22 15:00:00,DSKE
8.485,8.49,8.46,8.48,10531,2021-09-22 15:05:00,DSKE
8.48,8.5,8.48,8.5,6250,2021-09-22 15:10:00,DSKE
8.5,8.5,8.5,8.5,700,2021-09-22 15:15:00,DSKE
8.5,8.5,8.49,8.49,700,2021-09-22 15:20:00,DSKE
8.5,8.5,8.4974,8.5,1416,2021-09-22 15:25:00,DSKE
8.5,8.51,8.5,8.5,3787,2021-09-22 15:30:00,DSKE
8.4999,8.4999,8.495,8.495,200,2021-09-22 15:35:00,DSKE
8.5,8.5,8.47,8.475,3910,2021-09-22 15:40:00,DSKE
8.475,8.475,8.47,8.47,2600,2021-09-22 15:45:00,DSKE
8.47,8.5,8.47,8.5,1021,2021-09-22 15:50:00,DSKE
8.5,8.5,8.5,8.5,100,2021-09-22 15:55:00,DSKE
8.505,8.505,8.48,8.5,660,2021-09-22 16:00:00,DSKE
8.4801,8.5,8.46,8.47,2415,2021-09-22 16:05:00,DSKE
8.47,8.4795,8.46,8.4795,1800,2021-09-22 16:10:00,DSKE
8.46,8.46,8.46,8.46,667,2021-09-22 16:15:00,DSKE
8.45,8.4697,8.45,8.455,1109,2021-09-22 16:20:00,DSKE
8.4575,8.4575,8.4575,8.4575,100,2021-09-22 16:25:00,DSKE
8.46,8.5,8.46,8.485,1942,2021-09-22 16:35:00,DSKE
8.485,8.485,8.485,8.485,200,2021-09-22 16:40:00,DSKE
8.5,8.5,8.49,8.49,1463,2021-09-22 16:45:00,DSKE
8.48,8.48,8.48,8.48,600,2021-09-22 16:50:00,DSKE
8.48,8.48,8.48,8.48,200,2021-09-22 16:55:00,DSKE
8.47,8.47,8.45,8.45,4446,2021-09-22 17:00:00,DSKE
8.45,8.48,8.44,8.44,1847,2021-09-22 17:05:00,DSKE
8.44,8.44,8.42,8.42,11277,2021-09-22 17:10:00,DSKE
8.435,8.45,8.42,8.45,2900,2021-09-22 17:15:00,DSKE
8.44,8.45,8.43,8.44,1061,2021-09-22 17:25:00,DSKE
8.45,8.48,8.4473,8.48,7229,2021-09-22 17:30:00,DSKE
8.46,8.474,8.46,8.46,1052,2021-09-22 17:35:00,DSKE
8.47,8.48,8.47,8.47,700,2021-09-22 17:40:00,DSKE
8.47,8.475,8.465,8.465,429,2021-09-22 17:45:00,DSKE
8.46,8.49,8.46,8.46,4478,2021-09-22 17:50:00,DSKE
8.47,8.5,8.47,8.48,1992,2021-09-22 17:55:00,DSKE
8.48,8.5,8.46,8.49,8240,2021-09-22 18:00:00,DSKE
8.5,8.505,8.46,8.46,1478,2021-09-22 18:05:00,DSKE
8.49,8.52,8.49,8.52,15831,2021-09-22 18:10:00,DSKE
8.51,8.57,8.49,8.49,34441,2021-09-22 18:15:00,DSKE
8.4801,8.55,8.48,8.55,8205,2021-09-22 18:20:00,DSKE
8.54,8.555,8.535,8.555,1000,2021-09-22 18:25:00,DSKE
8.5633,8.59,8.55,8.55,6258,2021-09-22 18:30:00,DSKE
8.5699,8.5699,8.54,8.55,3421,2021-09-22 18:35:00,DSKE
8.52,8.5216,8.51,8.5216,1679,2021-09-22 18:40:00,DSKE
8.5,8.51,8.46,8.46,2990,2021-09-22 18:45:00,DSKE
8.48,8.48,8.41,8.45,25765,2021-09-22 18:50:00,DSKE
8.44,8.46,8.4102,8.46,4697,2021-09-22 18:55:00,DSKE
8.43,8.45,8.43,8.44,2620,2021-09-22 19:00:00,DSKE
8.431,8.44,8.41,8.44,27484,2021-09-22 19:05:00,DSKE
8.43,8.45,8.43,8.44,4431,2021-09-22 19:10:00,DSKE
8.42,8.46,8.42,8.455,11443,2021-09-22 19:15:00,DSKE
8.46,8.48,8.4525,8.48,1646,2021-09-22 19:20:00,DSKE
8.47,8.49,8.465,8.48,2600,2021-09-22 19:25:00,DSKE
8.47,8.48,8.43,8.45,11248,2021-09-22 19:30:00,DSKE
8.44,8.47,8.44,8.47,4802,2021-09-22 19:35:00,DSKE
8.45,8.47,8.415,8.47,7619,2021-09-22 19:40:00,DSKE
8.47,8.47,8.45,8.45,3298,2021-09-22 19:45:00,DSKE
8.44,8.45,8.42,8.44,11421,2021-09-22 19:50:00,DSKE
8.45,8.46,8.4,8.45,58764,2021-09-22 19:55:00,DSKE
8.45,8.45,8.45,8.45,59238,2021-09-22 20:00:00,DSKE
8.45,8.45,8.45,8.45,100,2021-09-23 12:40:00,DSKE
8.45,8.45,8.45,8.45,1040,2021-09-23 12:45:00,DSKE
8.45,8.49,8.45,8.48,5228,2021-09-23 13:30:00,DSKE
8.455,8.455,8.37,8.415,8655,2021-09-23 13:35:00,DSKE
8.43,8.47,8.4242,8.47,1426,2021-09-23 13:40:00,DSKE
8.465,8.465,8.4115,8.4115,847,2021-09-23 13:45:00,DSKE
8.43,8.47,8.39,8.45,10417,2021-09-23 13:50:00,DSKE
8.46,8.47,8.4301,8.4301,9166,2021-09-23 13:55:00,DSKE
8.445,8.46,8.42,8.445,1550,2021-09-23 14:00:00,DSKE
8.43,8.4544,8.43,8.4489,791,2021-09-23 14:05:00,DSKE
8.49,8.49,8.45,8.47,2822,2021-09-23 14:10:00,DSKE
8.47,8.47,8.46,8.46,300,2021-09-23 14:15:00,DSKE
8.4621,8.4621,8.441,8.45,1100,2021-09-23 14:20:00,DSKE
8.46,8.465,8.46,8.463,2645,2021-09-23 14:25:00,DSKE
8.465,8.4796,8.45,8.45,9911,2021-09-23 14:30:00,DSKE
8.44,8.45,8.4199,8.43,8270,2021-09-23 14:35:00,DSKE
8.43,8.43,8.38,8.38,7835,2021-09-23 14:40:00,DSKE
8.37,8.39,8.37,8.39,2232,2021-09-23 14:45:00,DSKE
8.4,8.4,8.39,8.39,3415,2021-09-23 14:50:00,DSKE
8.3812,8.3812,8.3812,8.3812,100,2021-09-23 14:55:00,DSKE
8.38,8.4,8.38,8.3849,2440,2021-09-23 15:00:00,DSKE
8.38,8.42,8.38,8.42,9341,2021-09-23 15:05:00,DSKE
8.4404,8.45,8.43,8.43,3821,2021-09-23 15:10:00,DSKE
8.43,8.47,8.43,8.47,898,2021-09-23 15:15:00,DSKE
8.465,8.48,8.45,8.48,1928,2021-09-23 15:20:00,DSKE
8.46,8.46,8.46,8.46,100,2021-09-23 15:25:00,DSKE
8.48,8.48,8.465,8.465,1100,2021-09-23 15:30:00,DSKE
8.465,8.47,8.44,8.44,3666,2021-09-23 15:35:00,DSKE
8.44,8.445,8.43,8.4303,3674,2021-09-23 15:40:00,DSKE
8.4536,8.4536,8.435,8.445,5339,2021-09-23 15:45:00,DSKE
8.44,8.45,8.44,8.44,1114,2021-09-23 15:50:00,DSKE
8.4333,8.45,8.4333,8.45,1046,2021-09-23 15:55:00,DSKE
8.455,8.455,8.44,8.44,1364,2021-09-23 16:00:00,DSKE
8.455,8.455,8.455,8.455,100,2021-09-23 16:05:00,DSKE
8.47,8.48,8.46,8.46,2733,2021-09-23 16:10:00,DSKE
8.47,8.475,8.46,8.475,1078,2021-09-23 16:15:00,DSKE
8.49,8.505,8.49,8.49,3574,2021-09-23 16:20:00,DSKE
8.48,8.4962,8.46,8.4962,1066,2021-09-23 16:25:00,DSKE
8.47,8.49,8.46,8.475,2187,2021-09-23 16:30:00,DSKE
8.5,8.5,8.5,8.5,100,2021-09-23 16:35:00,DSKE
8.5,8.5,8.47,8.5,788,2021-09-23 16:40:00,DSKE
8.5,8.5,8.495,8.5,1195,2021-09-23 16:45:00,DSKE
8.5,8.52,8.48,8.49,3364,2021-09-23 16:50:00,DSKE
8.485,8.51,8.48,8.5,2148,2021-09-23 17:00:00,DSKE
8.5,8.51,8.48,8.5,2925,2021-09-23 17:05:00,DSKE
8.505,8.505,8.49,8.49,1152,2021-09-23 17:10:00,DSKE
8.495,8.495,8.47,8.47,3384,2021-09-23 17:15:00,DSKE
8.5,8.5,8.47,8.49,1807,2021-09-23 17:20:00,DSKE
8.5,8.51,8.49,8.5,2860,2021-09-23 17:25:00,DSKE
8.505,8.51,8.5,8.5,3100,2021-09-23 17:30:00,DSKE
8.52,8.52,8.5,8.5,1100,2021-09-23 17:35:00,DSKE
8.505,8.52,8.5,8.51,1829,2021-09-23 17:40:00,DSKE
8.535,8.59,8.535,8.56,3938,2021-09-23 17:50:00,DSKE
8.56,8.57,8.54,8.57,2360,2021-09-23 17:55:00,DSKE
8.54,8.57,8.54,8.57,1289,2021-09-23 18:00:00,DSKE
8.58,8.58,8.575,8.575,2129,2021-09-23 18:05:00,DSKE
8.575,8.6,8.575,8.6,3385,2021-09-23 18:10:00,DSKE
8.61,8.61,8.6,8.6,600,2021-09-23 18:15:00,DSKE
8.625,8.63,8.61,8.63,4452,2021-09-23 18:20:00,DSKE
8.63,8.64,8.63,8.64,1269,2021-09-23 18:25:00,DSKE
8.66,8.67,8.63,8.63,4535,2021-09-23 18:30:00,DSKE
8.645,8.645,8.62,8.62,3035,2021-09-23 18:35:00,DSKE
8.64,8.655,8.62,8.62,5939,2021-09-23 18:40:00,DSKE
8.635,8.635,8.61,8.61,6066,2021-09-23 18:45:00,DSKE
8.617,8.635,8.61,8.63,5200,2021-09-23 18:50:00,DSKE
8.64,8.65,8.64,8.65,1218,2021-09-23 18:55:00,DSKE
8.67,8.67,8.66,8.66,1200,2021-09-23 19:00:00,DSKE
8.67,8.67,8.62,8.64,3055,2021-09-23 19:05:00,DSKE
8.62,8.63,8.61,8.63,1466,2021-09-23 19:10:00,DSKE
8.64,8.65,8.59,8.59,9174,2021-09-23 19:15:00,DSKE
8.59,8.6,8.59,8.59,3015,2021-09-23 19:20:00,DSKE
8.59,8.59,8.565,8.575,2637,2021-09-23 19:25:00,DSKE
8.57,8.58,8.55,8.55,6028,2021-09-23 19:30:00,DSKE
8.54,8.55,8.53,8.55,3694,2021-09-23 19:35:00,DSKE
8.56,8.575,8.545,8.545,3500,2021-09-23 19:40:00,DSKE
8.54,8.55,8.51,8.53,6892,2021-09-23 19:45:00,DSKE
8.52,8.53,8.49,8.5,4952,2021-09-23 19:50:00,DSKE
8.48,8.51,8.465,8.5,18221,2021-09-23 19:55:00,DSKE
8.48,8.48,8.48,8.48,41020,2021-09-23 20:00:00,DSKE
8.42,8.46,8.42,8.46,3383,2021-09-24 13:30:00,DSKE
8.52,8.58,8.47,8.54,9579,2021-09-24 13:35:00,DSKE
8.54,8.6,8.44,8.54,18755,2021-09-24 13:40:00,DSKE
8.51,8.51,8.45,8.45,800,2021-09-24 13:45:00,DSKE
8.48,8.51,8.48,8.51,709,2021-09-24 13:50:00,DSKE
8.55,8.6,8.55,8.56,839,2021-09-24 13:55:00,DSKE
8.56,8.58,8.54,8.56,3118,2021-09-24 14:00:00,DSKE
8.575,8.59,8.48,8.52,14699,2021-09-24 14:05:00,DSKE
8.53,8.545,8.52,8.535,1600,2021-09-24 14:10:00,DSKE
8.52,8.52,8.49,8.505,700,2021-09-24 14:15:00,DSKE
8.51,8.55,8.51,8.55,600,2021-09-24 14:20:00,DSKE
8.57,8.57,8.54,8.56,2965,2021-09-24 14:25:00,DSKE
8.5501,8.56,8.54,8.55,800,2021-09-24 14:30:00,DSKE
8.54,8.57,8.53,8.53,1750,2021-09-24 14:35:00,DSKE
8.57,8.59,8.56,8.56,1800,2021-09-24 14:40:00,DSKE
8.565,8.57,8.55,8.57,600,2021-09-24 14:45:00,DSKE
8.585,8.61,8.57,8.585,3987,2021-09-24 14:50:00,DSKE
8.6099,8.6099,8.6099,8.6099,174,2021-09-24 14:55:00,DSKE
8.5981,8.5981,8.58,8.585,1599,2021-09-24 15:00:00,DSKE
8.585,8.62,8.57,8.59,12750,2021-09-24 15:05:00,DSKE
8.6,8.615,8.6,8.615,1900,2021-09-24 15:10:00,DSKE
8.64,8.65,8.63,8.645,600,2021-09-24 15:15:00,DSKE
8.64,8.68,8.64,8.665,2136,2021-09-24 15:20:00,DSKE
8.66,8.6799,8.63,8.64,2926,2021-09-24 15:25:00,DSKE
8.645,8.67,8.64,8.67,1222,2021-09-24 15:30:00,DSKE
8.67,8.68,8.66,8.666,712,2021-09-24 15:35:00,DSKE
8.66,8.66,8.64,8.64,3044,2021-09-24 15:40:00,DSKE
8.65,8.66,8.65,8.66,400,2021-09-24 15:45:00,DSKE
8.66,8.68,8.66,8.68,500,2021-09-24 15:50:00,DSKE
8.685,8.685,8.67,8.67,600,2021-09-24 15:55:00,DSKE
8.685,8.685,8.65,8.65,796,2021-09-24 16:00:00,DSKE
8.66,8.67,8.6201,8.655,3403,2021-09-24 16:05:00,DSKE
8.655,8.655,8.64,8.65,1969,2021-09-24 16:10:00,DSKE
8.64,8.66,8.63,8.6366,2737,2021-09-24 16:15:00,DSKE
8.64,8.64,8.63,8.64,1266,2021-09-24 16:20:00,DSKE
8.65,8.65,8.63,8.64,6601,2021-09-24 16:25:00,DSKE
8.63,8.6792,8.63,8.6792,4701,2021-09-24 16:30:00,DSKE
8.6871,8.699,8.68,8.699,1408,2021-09-24 16:35:00,DSKE
8.69,8.7,8.68,8.68,700,2021-09-24 16:40:00,DSKE
8.6999,8.73,8.69,8.73,1278,2021-09-24 16:50:00,DSKE
8.735,8.75,8.72,8.745,3360,2021-09-24 16:55:00,DSKE
8.745,8.76,8.74,8.75,4939,2021-09-24 17:00:00,DSKE
8.76,8.76,8.73,8.73,3207,2021-09-24 17:05:00,DSKE
8.7302,8.76,8.7302,8.76,1854,2021-09-24 17:10:00,DSKE
8.76,8.77,8.72,8.76,8618,2021-09-24 17:15:00,DSKE
8.75,8.7677,8.75,8.76,2521,2021-09-24 17:20:00,DSKE
8.77,8.77,8.76,8.77,1400,2021-09-24 17:25:00,DSKE
8.76,8.79,8.75,8.77,12687,2021-09-24 17:30:00,DSKE
8.76,8.77,8.74,8.76,2148,2021-09-24 17:35:00,DSKE
8.75,8.75,8.74,8.75,520,2021-09-24 17:40:00,DSKE
8.74,8.74,8.72,8.72,1000,2021-09-24 17:45:00,DSKE
8.74,8.78,8.74,8.78,16291,2021-09-24 17:50:00,DSKE
8.79,8.82,8.79,8.8,8900,2021-09-24 17:55:00,DSKE
8.81,8.83,8.81,8.8175,2500,2021-09-24 18:00:00,DSKE
8.81,8.82,8.8,8.805,4618,2021-09-24 18:05:00,DSKE
8.805,8.84,8.805,8.82,4657,2021-09-24 18:10:00,DSKE
8.83,8.845,8.82,8.83,1900,2021-09-24 18:15:00,DSKE
8.84,8.85,8.84,8.85,1904,2021-09-24 18:20:00,DSKE
8.85,8.87,8.8444,8.85,10140,2021-09-24 18:25:00,DSKE
8.87,8.88,8.86,8.87,15599,2021-09-24 18:30:00,DSKE
8.86,8.86,8.81,8.81,18930,2021-09-24 18:35:00,DSKE
8.8,8.82,8.76,8.8,11540,2021-09-24 18:40:00,DSKE
8.8,8.82,8.78,8.78,13000,2021-09-24 18:45:00,DSKE
8.81,8.81,8.79,8.8,1631,2021-09-24 18:50:00,DSKE
8.8,8.8,8.79,8.8,3042,2021-09-24 18:55:00,DSKE
8.79,8.79,8.76,8.78,1368,2021-09-24 19:00:00,DSKE
8.77,8.78,8.77,8.77,5397,2021-09-24 19:05:00,DSKE
8.775,8.78,8.76,8.76,7576,2021-09-24 19:10:00,DSKE
8.76,8.76,8.71,8.73,13780,2021-09-24 19:15:00,DSKE
8.73,8.8099,8.73,8.79,3800,2021-09-24 19:20:00,DSKE
8.8,8.8,8.76,8.76,6057,2021-09-24 19:25:00,DSKE
8.76,8.78,8.76,8.7766,2836,2021-09-24 19:30:00,DSKE
8.77,8.77,8.745,8.77,9636,2021-09-24 19:35:00,DSKE
8.765,8.8,8.76,8.8,4248,2021-09-24 19:40:00,DSKE
8.8,8.81,8.79,8.805,9094,2021-09-24 19:45:00,DSKE
8.79,8.795,8.77,8.77,10792,2021-09-24 19:50:00,DSKE
8.76,8.78,8.75,8.76,10657,2021-09-24 19:55:00,DSKE
8.76,8.76,8.76,8.76,17490,2021-09-24 20:00:00,DSKE
8.76,8.76,8.76,8.76,1000,2021-09-24 20:30:00,DSKE
8.75,8.75,8.75,8.75,200,2021-09-27 12:55:00,DSKE
8.77,8.77,8.77,8.77,115,2021-09-27 13:20:00,DSKE
8.78,8.8358,8.76,8.805,10334,2021-09-27 13:30:00,DSKE
8.83,8.95,8.83,8.9362,5393,2021-09-27 13:35:00,DSKE
8.9372,9.01,8.92,8.96,36122,2021-09-27 13:40:00,DSKE
8.96,9.04,8.96,9.04,6672,2021-09-27 13:45:00,DSKE
9.0599,9.08,8.9882,8.9882,2800,2021-09-27 13:50:00,DSKE
9.0,9.07,9.0,9.06,11118,2021-09-27 13:55:00,DSKE
9.076,9.14,9.06,9.14,6522,2021-09-27 14:00:00,DSKE
9.1412,9.2,9.14,9.19,28864,2021-09-27 14:05:00,DSKE
9.18,9.19,9.17,9.19,1000,2021-09-27 14:10:00,DSKE
9.185,9.23,9.17,9.19,17757,2021-09-27 14:15:00,DSKE
9.2,9.2,9.18,9.2,12567,2021-09-27 14:20:00,DSKE
9.22,9.22,9.18,9.19,10067,2021-09-27 14:25:00,DSKE
9.2098,9.24,9.18,9.18,18029,2021-09-27 14:30:00,DSKE
9.18,9.19,9.1,9.11,14329,2021-09-27 14:35:00,DSKE
9.13,9.17,9.12,9.16,7915,2021-09-27 14:40:00,DSKE
9.1431,9.21,9.1431,9.21,6215,2021-09-27 14:45:00,DSKE
9.18,9.18,9.16,9.17,2042,2021-09-27 14:50:00,DSKE
9.1661,9.25,9.12,9.25,48433,2021-09-27 14:55:00,DSKE
9.27,9.29,9.25,9.265,8490,2021-09-27 15:00:00,DSKE
9.265,9.3,9.26,9.28,6478,2021-09-27 15:05:00,DSKE
9.28,9.29,9.2633,9.275,7452,2021-09-27 15:10:00,DSKE
9.2899,9.32,9.275,9.295,6552,2021-09-27 15:15:00,DSKE
9.28,9.3,9.28,9.28,4930,2021-09-27 15:20:00,DSKE
9.2794,9.34,9.2794,9.34,3088,2021-09-27 15:25:00,DSKE
9.34,9.34,9.32,9.32,5963,2021-09-27 15:30:00,DSKE
9.3,9.325,9.3,9.31,1600,2021-09-27 15:35:00,DSKE
9.325,9.325,9.32,9.32,760,2021-09-27 15:40:00,DSKE
9.3299,9.42,9.3299,9.37,14254,2021-09-27 15:45:00,DSKE
9.37,9.41,9.37,9.41,1275,2021-09-27 15:50:00,DSKE
9.4199,9.42,9.4,9.42,3520,2021-09-27 15:55:00,DSKE
9.435,9.45,9.41,9.41,2950,2021-09-27 16:00:00,DSKE
9.4,9.42,9.39,9.39,3051,2021-09-27 16:05:00,DSKE
9.405,9.41,9.4,9.4078,5224,2021-09-27 16:10:00,DSKE
9.42,9.445,9.41,9.41,6858,2021-09-27 16:15:00,DSKE
9.425,9.425,9.38,9.41,3138,2021-09-27 16:20:00,DSKE
9.41,9.425,9.38,9.39,4754,2021-09-27 16:25:00,DSKE
9.39,9.3999,9.38,9.38,3200,2021-09-27 16:30:00,DSKE
9.36,9.43,9.34,9.405,6950,2021-09-27 16:35:00,DSKE
9.4,9.43,9.4,9.4161,4698,2021-09-27 16:40:00,DSKE
9.43,9.43,9.4,9.4,2663,2021-09-27 16:45:00,DSKE
9.3901,9.425,9.3901,9.41,3508,2021-09-27 16:50:00,DSKE
9.41,9.41,9.41,9.41,400,2021-09-27 16:55:00,DSKE
9.4,9.4153,9.4,9.4153,1336,2021-09-27 17:00:00,DSKE
9.41,9.42,9.39,9.41,5864,2021-09-27 17:05:00,DSKE
9.415,9.415,9.415,9.415,300,2021-09-27 17:10:00,DSKE
9.42,9.43,9.41,9.43,2908,2021-09-27 17:15:00,DSKE
9.43,9.4496,9.42,9.42,4999,2021-09-27 17:20:00,DSKE
9.43,9.45,9.43,9.44,3891,2021-09-27 17:25:00,DSKE
9.44,9.44,9.42,9.42,1100,2021-09-27 17:30:00,DSKE
9.43,9.43,9.4,9.42,3417,2021-09-27 17:35:00,DSKE
9.4291,9.43,9.41,9.43,1600,2021-09-27 17:40:00,DSKE
9.43,9.46,9.43,9.46,2500,2021-09-27 17:45:00,DSKE
9.47,9.48,9.46,9.46,2900,2021-09-27 17:50:00,DSKE
9.44,9.46,9.44,9.4537,3490,2021-09-27 17:55:00,DSKE
9.46,9.485,9.46,9.485,2200,2021-09-27 18:00:00,DSKE
9.49,9.5,9.4887,9.49,2800,2021-09-27 18:05:00,DSKE
9.49,9.49,9.46,9.47,2200,2021-09-27 18:10:00,DSKE
9.49,9.5,9.47,9.48,2663,2021-09-27 18:15:00,DSKE
9.47,9.47,9.45,9.47,1116,2021-09-27 18:20:00,DSKE
9.455,9.455,9.44,9.44,2294,2021-09-27 18:25:00,DSKE
9.43,9.43,9.39,9.4,5493,2021-09-27 18:30:00,DSKE
9.39,9.43,9.39,9.4279,7481,2021-09-27 18:35:00,DSKE
9.4441,9.4441,9.4,9.4,2895,2021-09-27 18:40:00,DSKE
9.39,9.39,9.385,9.39,1032,2021-09-27 18:45:00,DSKE
9.38,9.38,9.34,9.3401,5232,2021-09-27 18:50:00,DSKE
9.36,9.38,9.36,9.375,2032,2021-09-27 18:55:00,DSKE
9.39,9.4,9.37,9.385,7132,2021-09-27 19:00:00,DSKE
9.3845,9.44,9.3845,9.44,6006,2021-09-27 19:05:00,DSKE
9.43,9.44,9.37,9.385,11242,2021-09-27 19:10:00,DSKE
9.37,9.37,9.33,9.341,18474,2021-09-27 19:15:00,DSKE
9.345,9.365,9.34,9.34,10672,2021-09-27 19:20:00,DSKE
9.34,9.36,9.33,9.36,4875,2021-09-27 19:25:00,DSKE
9.36,9.37,9.34,9.35,3658,2021-09-27 19:30:00,DSKE
9.355,9.43,9.35,9.365,79451,2021-09-27 19:35:00,DSKE
9.365,9.39,9.36,9.3891,10299,2021-09-27 19:40:00,DSKE
9.39,9.4,9.35,9.37,10159,2021-09-27 19:45:00,DSKE
9.36,9.36,9.33,9.35,15295,2021-09-27 19:50:00,DSKE
9.3496,9.36,9.3,9.34,41990,2021-09-27 19:55:00,DSKE
9.34,9.42,9.34,9.34,30203,2021-09-27 20:00:00,DSKE
9.42,9.42,9.42,9.42,800,2021-09-27 20:05:00,DSKE
9.43,9.43,9.43,9.43,100,2021-09-27 20:20:00,DSKE
9.5,9.5,9.5,9.5,300,2021-09-27 20:35:00,DSKE
9.76,9.76,9.76,9.76,1200,2021-09-27 23:35:00,DSKE
9.42,9.42,9.42,9.42,489,2021-09-28 11:20:00,DSKE
9.42,9.42,9.42,9.42,3251,2021-09-28 12:15:00,DSKE
9.7459,9.7459,9.7459,9.7459,150,2021-09-28 13:15:00,DSKE
9.37,9.5,9.26,9.47,18339,2021-09-28 13:30:00,DSKE
9.4799,9.48,9.4202,9.4202,2891,2021-09-28 13:35:00,DSKE
9.4799,9.4799,9.39,9.39,1982,2021-09-28 13:40:00,DSKE
9.38,9.38,9.3201,9.33,7660,2021-09-28 13:45:00,DSKE
9.34,9.34,9.27,9.31,28150,2021-09-28 13:50:00,DSKE
9.3,9.3194,9.27,9.3,6154,2021-09-28 13:55:00,DSKE
9.3,9.33,9.16,9.18,35388,2021-09-28 14:00:00,DSKE
9.21,9.23,9.1,9.1,14827,2021-09-28 14:05:00,DSKE
9.14,9.2,9.09,9.2,5008,2021-09-28 14:10:00,DSKE
9.205,9.205,9.18,9.18,1376,2021-09-28 14:15:00,DSKE
9.16,9.2,9.16,9.2,6805,2021-09-28 14:20:00,DSKE
9.2,9.2,9.12,9.155,6492,2021-09-28 14:25:00,DSKE
9.13,9.15,9.11,9.15,9142,2021-09-28 14:30:00,DSKE
9.16,9.23,9.15,9.23,10419,2021-09-28 14:35:00,DSKE
9.2,9.23,9.19,9.19,8340,2021-09-28 14:40:00,DSKE
9.164,9.17,9.16,9.17,2500,2021-09-28 14:45:00,DSKE
9.15,9.22,9.15,9.22,2041,2021-09-28 14:50:00,DSKE
9.28,9.28,9.24,9.27,700,2021-09-28 14:55:00,DSKE
9.27,9.34,9.27,9.32,1537,2021-09-28 15:00:00,DSKE
9.32,9.37,9.31,9.35,3401,2021-09-28 15:05:00,DSKE
9.35,9.37,9.35,9.36,3130,2021-09-28 15:10:00,DSKE
9.3301,9.37,9.3301,9.3518,3129,2021-09-28 15:15:00,DSKE
9.355,9.41,9.355,9.41,2000,2021-09-28 15:20:00,DSKE
9.41,9.45,9.39,9.39,7523,2021-09-28 15:25:00,DSKE
9.39,9.39,9.39,9.39,100,2021-09-28 15:30:00,DSKE
9.39,9.44,9.3897,9.44,2542,2021-09-28 15:35:00,DSKE
9.44,9.44,9.44,9.44,100,2021-09-28 15:40:00,DSKE
9.43,9.43,9.38,9.42,13564,2021-09-28 15:45:00,DSKE
9.41,9.41,9.38,9.38,606,2021-09-28 15:50:00,DSKE
9.41,9.41,9.37,9.375,1262,2021-09-28 15:55:00,DSKE
9.39,9.39,9.3799,9.3799,412,2021-09-28 16:00:00,DSKE
9.38,9.4,9.355,9.37,1900,2021-09-28 16:05:00,DSKE
9.38,9.44,9.375,9.41,3700,2021-09-28 16:10:00,DSKE
9.4128,9.4128,9.4,9.4,800,2021-09-28 16:15:00,DSKE
9.39,9.4,9.365,9.365,3593,2021-09-28 16:20:00,DSKE
9.35,9.39,9.3431,9.37,5470,2021-09-28 16:25:00,DSKE
9.36,9.36,9.36,9.36,1250,2021-09-28 16:30:00,DSKE
9.3501,9.3501,9.31,9.32,10099,2021-09-28 16:40:00,DSKE
9.32,9.325,9.31,9.325,1188,2021-09-28 16:45:00,DSKE
9.325,9.34,9.325,9.34,2700,2021-09-28 16:50:00,DSKE
9.3584,9.3584,9.33,9.33,1200,2021-09-28 16:55:00,DSKE
9.34,9.35,9.34,9.35,600,2021-09-28 17:00:00,DSKE
9.345,9.36,9.345,9.36,900,2021-09-28 17:05:00,DSKE
9.36,9.36,9.3475,9.3531,1642,2021-09-28 17:10:00,DSKE
9.3498,9.3498,9.3498,9.3498,118,2021-09-28 17:15:00,DSKE
9.34,9.36,9.34,9.36,1187,2021-09-28 17:20:00,DSKE
9.39,9.43,9.39,9.41,1274,2021-09-28 17:25:00,DSKE
9.41,9.41,9.38,9.38,800,2021-09-28 17:30:00,DSKE
9.39,9.4,9.38,9.38,500,2021-09-28 17:35:00,DSKE
9.39,9.39,9.37,9.37,400,2021-09-28 17:40:00,DSKE
9.36,9.37,9.36,9.367,1180,2021-09-28 17:45:00,DSKE
9.345,9.345,9.34,9.34,301,2021-09-28 17:55:00,DSKE
9.34,9.345,9.33,9.345,2016,2021-09-28 18:00:00,DSKE
9.33,9.345,9.33,9.335,900,2021-09-28 18:05:00,DSKE
9.32,9.32,9.31,9.32,1972,2021-09-28 18:10:00,DSKE
9.33,9.35,9.33,9.35,600,2021-09-28 18:15:00,DSKE
9.3599,9.3599,9.3599,9.3599,225,2021-09-28 18:20:00,DSKE
9.3539,9.38,9.33,9.38,4160,2021-09-28 18:25:00,DSKE
9.38,9.38,9.37,9.37,754,2021-09-28 18:30:00,DSKE
9.36,9.375,9.35,9.375,2009,2021-09-28 18:35:00,DSKE
9.38,9.395,9.38,9.39,725,2021-09-28 18:40:00,DSKE
9.4,9.43,9.4,9.4103,783,2021-09-28 18:45:00,DSKE
9.4104,9.4104,9.41,9.41,300,2021-09-28 18:50:00,DSKE
9.4297,9.43,9.41,9.41,2274,2021-09-28 18:55:00,DSKE
9.41,9.44,9.41,9.43,3782,2021-09-28 19:00:00,DSKE
9.43,9.45,9.42,9.44,3555,2021-09-28 19:05:00,DSKE
9.43,9.43,9.4,9.4,1530,2021-09-28 19:10:00,DSKE
9.395,9.4,9.39,9.39,1736,2021-09-28 19:15:00,DSKE
9.36,9.36,9.33,9.36,8995,2021-09-28 19:20:00,DSKE
9.35,9.36,9.32,9.335,1792,2021-09-28 19:25:00,DSKE
9.335,9.35,9.295,9.295,15646,2021-09-28 19:30:00,DSKE
9.295,9.31,9.29,9.31,2841,2021-09-28 19:35:00,DSKE
9.3,9.33,9.3,9.315,2132,2021-09-28 19:40:00,DSKE
9.31,9.33,9.29,9.29,7613,2021-09-28 19:45:00,DSKE
9.27,9.29,9.25,9.255,3473,2021-09-28 19:50:00,DSKE
9.26,9.3,9.24,9.3,15297,2021-09-28 19:55:00,DSKE
9.28,9.28,9.28,9.28,41687,2021-09-28 20:00:00,DSKE
9.29,9.29,9.283,9.283,7943,2021-09-29 13:30:00,DSKE
9.24,9.24,9.15,9.15,2279,2021-09-29 13:35:00,DSKE
9.21,9.2437,9.205,9.21,1021,2021-09-29 13:40:00,DSKE
9.1409,9.1409,9.1409,9.1409,350,2021-09-29 13:45:00,DSKE
9.14,9.19,9.14,9.19,1044,2021-09-29 13:50:00,DSKE
9.2,9.2,9.12,9.2,10394,2021-09-29 13:55:00,DSKE
9.19,9.19,9.17,9.185,3520,2021-09-29 14:00:00,DSKE
9.2,9.227,9.2,9.227,1481,2021-09-29 14:05:00,DSKE
9.2338,9.2338,9.21,9.21,400,2021-09-29 14:15:00,DSKE
9.22,9.22,9.22,9.22,100,2021-09-29 14:20:00,DSKE
9.22,9.23,9.19,9.2,4587,2021-09-29 14:25:00,DSKE
9.2,9.28,9.19,9.25,14758,2021-09-29 14:30:00,DSKE
9.23,9.28,9.23,9.27,10615,2021-09-29 14:35:00,DSKE
9.27,9.3095,9.27,9.3,6230,2021-09-29 14:40:00,DSKE
9.29,9.31,9.29,9.31,3878,2021-09-29 14:45:00,DSKE
9.3,9.3567,9.3,9.3567,2592,2021-09-29 14:50:00,DSKE
9.34,9.35,9.3207,9.35,1415,2021-09-29 14:55:00,DSKE
9.322,9.322,9.322,9.322,1003,2021-09-29 15:00:00,DSKE
9.3394,9.3594,9.32,9.3594,3308,2021-09-29 15:10:00,DSKE
9.36,9.37,9.345,9.35,3002,2021-09-29 15:15:00,DSKE
9.33,9.33,9.33,9.33,200,2021-09-29 15:20:00,DSKE
9.33,9.35,9.33,9.35,1427,2021-09-29 15:25:00,DSKE
9.33,9.35,9.31,9.31,724,2021-09-29 15:30:00,DSKE
9.31,9.31,9.31,9.31,200,2021-09-29 15:35:00,DSKE
9.29,9.31,9.29,9.3077,1551,2021-09-29 15:50:00,DSKE
9.315,9.33,9.315,9.32,2089,2021-09-29 16:00:00,DSKE
9.32,9.32,9.31,9.31,881,2021-09-29 16:05:00,DSKE
9.315,9.315,9.315,9.315,100,2021-09-29 16:10:00,DSKE
9.3199,9.3199,9.305,9.31,1892,2021-09-29 16:15:00,DSKE
9.31,9.33,9.2843,9.2843,5188,2021-09-29 16:20:00,DSKE
9.29,9.29,9.29,9.29,100,2021-09-29 16:25:00,DSKE
9.29,9.29,9.29,9.29,200,2021-09-29 16:30:00,DSKE
9.28,9.28,9.28,9.28,200,2021-09-29 16:35:00,DSKE
9.24,9.25,9.24,9.25,1720,2021-09-29 16:45:00,DSKE
9.26,9.27,9.255,9.27,355,2021-09-29 16:50:00,DSKE
9.27,9.29,9.26,9.26,2600,2021-09-29 16:55:00,DSKE
9.2738,9.2738,9.26,9.27,1071,2021-09-29 17:05:00,DSKE
9.27,9.29,9.27,9.2805,1611,2021-09-29 17:10:00,DSKE
9.29,9.32,9.27,9.31,2114,2021-09-29 17:15:00,DSKE
9.3,9.3,9.3,9.3,100,2021-09-29 17:20:00,DSKE
9.3,9.3,9.3,9.3,100,2021-09-29 17:25:00,DSKE
9.29,9.29,9.28,9.28,1124,2021-09-29 17:30:00,DSKE
9.28,9.28,9.28,9.28,500,2021-09-29 17:35:00,DSKE
9.27,9.29,9.25,9.29,2952,2021-09-29 17:40:00,DSKE
9.29,9.29,9.29,9.29,700,2021-09-29 17:45:00,DSKE
9.28,9.28,9.28,9.28,100,2021-09-29 17:50:00,DSKE
9.28,9.28,9.28,9.28,492,2021-09-29 17:55:00,DSKE
9.29,9.31,9.28,9.31,703,2021-09-29 18:00:00,DSKE
9.29,9.29,9.28,9.29,1074,2021-09-29 18:05:00,DSKE
9.31,9.32,9.31,9.32,528,2021-09-29 18:10:00,DSKE
9.32,9.32,9.32,9.32,176,2021-09-29 18:15:00,DSKE
9.32,9.32,9.26,9.27,6655,2021-09-29 18:20:00,DSKE
9.27,9.28,9.27,9.27,1020,2021-09-29 18:25:00,DSKE
9.28,9.29,9.27,9.28,1845,2021-09-29 18:30:00,DSKE
9.27,9.29,9.27,9.29,775,2021-09-29 18:35:00,DSKE
9.28,9.28,9.27,9.28,867,2021-09-29 18:40:00,DSKE
9.28,9.28,9.28,9.28,301,2021-09-29 18:45:00,DSKE
9.29,9.29,9.28,9.28,950,2021-09-29 18:50:00,DSKE
9.265,9.265,9.21,9.21,2293,2021-09-29 19:00:00,DSKE
9.21,9.24,9.21,9.21,2980,2021-09-29 19:05:00,DSKE
9.21,9.21,9.2,9.2,500,2021-09-29 19:10:00,DSKE
9.21,9.23,9.2,9.22,2164,2021-09-29 19:15:00,DSKE
9.21,9.21,9.19,9.19,1201,2021-09-29 19:20:00,DSKE
9.185,9.2,9.18,9.185,1410,2021-09-29 19:25:00,DSKE
9.185,9.25,9.18,9.24,15161,2021-09-29 19:30:00,DSKE
9.23,9.23,9.2,9.22,2959,2021-09-29 19:35:00,DSKE
9.21,9.21,9.2,9.2,3920,2021-09-29 19:40:00,DSKE
9.205,9.205,9.195,9.2,2923,2021-09-29 19:45:00,DSKE
9.2,9.2,9.18,9.19,5606,2021-09-29 19:50:00,DSKE
9.18,9.21,9.16,9.175,13561,2021-09-29 19:55:00,DSKE
9.18,9.18,9.18,9.18,23559,2021-09-29 20:00:00,DSKE
9.19,9.2,9.19,9.2,11866,2021-09-30 13:30:00,DSKE
9.24,9.27,9.1795,9.1795,2673,2021-09-30 13:35:00,DSKE
9.21,9.22,9.18,9.22,900,2021-09-30 13:40:00,DSKE
9.2,9.2,9.2,9.2,100,2021-09-30 13:45:00,DSKE
9.19,9.28,9.19,9.25,8960,2021-09-30 13:50:00,DSKE
9.28,9.32,9.28,9.3,2745,2021-09-30 13:55:00,DSKE
9.31,9.31,9.14,9.165,4402,2021-09-30 14:05:00,DSKE
9.165,9.195,9.15,9.19,2986,2021-09-30 14:10:00,DSKE
9.2,9.2,9.2,9.2,100,2021-09-30 14:15:00,DSKE
9.18,9.18,9.13,9.13,5075,2021-09-30 14:20:00,DSKE
9.09,9.12,9.09,9.1,1700,2021-09-30 14:25:00,DSKE
9.11,9.15,9.09,9.15,6558,2021-09-30 14:30:00,DSKE
9.13,9.17,9.13,9.17,5481,2021-09-30 14:35:00,DSKE
9.17,9.22,9.13,9.22,8285,2021-09-30 14:40:00,DSKE
9.195,9.21,9.195,9.21,200,2021-09-30 14:50:00,DSKE
9.21,9.21,9.21,9.21,100,2021-09-30 14:55:00,DSKE
9.21,9.25,9.21,9.25,7800,2021-09-30 15:00:00,DSKE
9.27,9.27,9.26,9.26,200,2021-09-30 15:05:00,DSKE
9.25,9.3,9.25,9.28,16482,2021-09-30 15:10:00,DSKE
9.31,9.31,9.2984,9.2984,400,2021-09-30 15:20:00,DSKE
9.31,9.31,9.295,9.295,400,2021-09-30 15:25:00,DSKE
9.31,9.31,9.298,9.298,979,2021-09-30 15:30:00,DSKE
9.31,9.32,9.29,9.315,2992,2021-09-30 15:35:00,DSKE
9.3,9.31,9.2801,9.305,1715,2021-09-30 15:40:00,DSKE
9.32,9.32,9.29,9.31,2329,2021-09-30 15:45:00,DSKE
9.3071,9.31,9.305,9.31,2233,2021-09-30 15:50:00,DSKE
9.3296,9.3296,9.3296,9.3296,1000,2021-09-30 15:55:00,DSKE
9.31,9.32,9.31,9.32,2914,2021-09-30 16:00:00,DSKE
9.3,9.32,9.22,9.22,13671,2021-09-30 16:05:00,DSKE
9.23,9.23,9.19,9.19,2080,2021-09-30 16:10:00,DSKE
9.22,9.23,9.22,9.23,714,2021-09-30 16:20:00,DSKE
9.229,9.24,9.21,9.22,1137,2021-09-30 16:25:00,DSKE
9.219,9.219,9.219,9.219,100,2021-09-30 16:30:00,DSKE
9.22,9.23,9.22,9.23,400,2021-09-30 16:35:00,DSKE
9.23,9.26,9.22,9.25,2659,2021-09-30 16:45:00,DSKE
9.25,9.25,9.25,9.25,200,2021-09-30 16:50:00,DSKE
9.23,9.239,9.22,9.239,1000,2021-09-30 16:55:00,DSKE
9.22,9.25,9.21,9.25,1000,2021-09-30 17:00:00,DSKE
9.2467,9.2467,9.2467,9.2467,600,2021-09-30 17:05:00,DSKE
9.25,9.25,9.25,9.25,300,2021-09-30 17:10:00,DSKE
9.22,9.25,9.22,9.235,900,2021-09-30 17:15:00,DSKE
9.22,9.22,9.2,9.2,900,2021-09-30 17:20:00,DSKE
9.2,9.2,9.15,9.15,2800,2021-09-30 17:30:00,DSKE
9.14,9.14,9.14,9.14,100,2021-09-30 17:35:00,DSKE
9.12,9.12,9.12,9.12,100,2021-09-30 17:40:00,DSKE
9.15,9.21,9.15,9.21,1360,2021-09-30 17:50:00,DSKE
9.18,9.18,9.17,9.17,600,2021-09-30 17:55:00,DSKE
9.17,9.22,9.17,9.1903,1700,2021-09-30 18:00:00,DSKE
9.19,9.2083,9.19,9.2083,829,2021-09-30 18:05:00,DSKE
9.19,9.195,9.19,9.195,200,2021-09-30 18:10:00,DSKE
9.18,9.18,9.18,9.18,200,2021-09-30 18:15:00,DSKE
9.17,9.17,9.15,9.15,538,2021-09-30 18:20:00,DSKE
9.15,9.15,9.14,9.14,809,2021-09-30 18:25:00,DSKE
9.15,9.16,9.14,9.16,1400,2021-09-30 18:30:00,DSKE
9.17,9.17,9.15,9.16,599,2021-09-30 18:35:00,DSKE
9.16,9.17,9.15,9.17,600,2021-09-30 18:40:00,DSKE
9.19,9.19,9.17,9.19,1613,2021-09-30 18:45:00,DSKE
9.2,9.22,9.19,9.2125,4180,2021-09-30 18:50:00,DSKE
9.22,9.25,9.22,9.25,3939,2021-09-30 18:55:00,DSKE
9.25,9.26,9.23,9.25,5025,2021-09-30 19:00:00,DSKE
9.26,9.265,9.26,9.265,315,2021-09-30 19:05:00,DSKE
9.27,9.3,9.27,9.295,1683,2021-09-30 19:10:00,DSKE
9.295,9.31,9.27,9.27,1500,2021-09-30 19:15:00,DSKE
9.26,9.26,9.22,9.2359,2744,2021-09-30 19:20:00,DSKE
9.225,9.24,9.22,9.24,868,2021-09-30 19:25:00,DSKE
9.22,9.25,9.21,9.25,2400,2021-09-30 19:30:00,DSKE
9.25,9.26,9.21,9.21,3567,2021-09-30 19:35:00,DSKE
9.21,9.21,9.17,9.19,600,2021-09-30 19:40:00,DSKE
9.16,9.24,9.16,9.23,19152,2021-09-30 19:45:00,DSKE
9.23,9.26,9.23,9.25,22026,2021-09-30 19:50:00,DSKE
9.255,9.26,9.21,9.22,20496,2021-09-30 19:55:00,DSKE
9.21,9.21,9.21,9.21,29825,2021-09-30 20:00:00,DSKE
