open,high,low,close,volume,datetime,symbol
3.14,3.14,3.14,3.14,100,2021-09-01 10:45:00,IVR
3.15,3.15,3.15,3.15,192,2021-09-01 10:55:00,IVR
3.14,3.14,3.14,3.14,101,2021-09-01 12:00:00,IVR
3.12,3.12,3.12,3.12,1316,2021-09-01 12:10:00,IVR
3.1201,3.1201,3.1201,3.1201,100,2021-09-01 12:40:00,IVR
3.12,3.12,3.12,3.12,100,2021-09-01 12:45:00,IVR
3.12,3.12,3.12,3.12,2474,2021-09-01 12:50:00,IVR
3.13,3.13,3.12,3.12,700,2021-09-01 12:55:00,IVR
3.12,3.12,3.12,3.12,196,2021-09-01 13:00:00,IVR
3.13,3.13,3.13,3.13,115,2021-09-01 13:05:00,IVR
3.12,3.12,3.12,3.12,1449,2021-09-01 13:10:00,IVR
3.12,3.13,3.12,3.13,1046,2021-09-01 13:15:00,IVR
3.12,3.12,3.12,3.12,375,2021-09-01 13:20:00,IVR
3.11,3.11,3.11,3.11,1321,2021-09-01 13:25:00,IVR
3.12,3.135,3.11,3.115,163442,2021-09-01 13:30:00,IVR
3.115,3.1299,3.11,3.125,25409,2021-09-01 13:35:00,IVR
3.12,3.1299,3.12,3.12,38731,2021-09-01 13:40:00,IVR
3.1299,3.13,3.12,3.125,25956,2021-09-01 13:45:00,IVR
3.125,3.14,3.125,3.14,20620,2021-09-01 13:50:00,IVR
3.135,3.14,3.13,3.1374,10775,2021-09-01 13:55:00,IVR
3.135,3.15,3.135,3.15,76256,2021-09-01 14:00:00,IVR
3.15,3.15,3.14,3.145,29292,2021-09-01 14:05:00,IVR
3.145,3.15,3.14,3.145,51888,2021-09-01 14:10:00,IVR
3.145,3.15,3.14,3.1401,22860,2021-09-01 14:15:00,IVR
3.145,3.15,3.14,3.1425,39731,2021-09-01 14:20:00,IVR
3.1425,3.1425,3.13,3.135,49308,2021-09-01 14:25:00,IVR
3.135,3.15,3.135,3.1423,43320,2021-09-01 14:30:00,IVR
3.145,3.15,3.14,3.15,8736,2021-09-01 14:35:00,IVR
3.145,3.1459,3.14,3.14,5747,2021-09-01 14:40:00,IVR
3.145,3.15,3.14,3.143,8546,2021-09-01 14:45:00,IVR
3.145,3.15,3.14,3.146,33990,2021-09-01 14:50:00,IVR
3.145,3.15,3.14,3.15,13393,2021-09-01 14:55:00,IVR
3.1431,3.15,3.14,3.1454,7339,2021-09-01 15:00:00,IVR
3.145,3.15,3.14,3.145,12118,2021-09-01 15:05:00,IVR
3.145,3.15,3.14,3.1462,7141,2021-09-01 15:10:00,IVR
3.14,3.145,3.13,3.13,33611,2021-09-01 15:15:00,IVR
3.13,3.1399,3.13,3.13,2524,2021-09-01 15:20:00,IVR
3.13,3.1399,3.13,3.1326,2860,2021-09-01 15:25:00,IVR
3.135,3.135,3.12,3.13,85900,2021-09-01 15:30:00,IVR
3.13,3.14,3.13,3.14,11777,2021-09-01 15:35:00,IVR
3.135,3.14,3.13,3.14,18695,2021-09-01 15:40:00,IVR
3.135,3.1367,3.13,3.13,2072,2021-09-01 15:45:00,IVR
3.135,3.14,3.13,3.13,4145,2021-09-01 15:50:00,IVR
3.1335,3.14,3.13,3.135,4180,2021-09-01 15:55:00,IVR
3.13,3.14,3.13,3.13,10636,2021-09-01 16:00:00,IVR
3.135,3.1399,3.13,3.135,22031,2021-09-01 16:05:00,IVR
3.135,3.14,3.13,3.13,12488,2021-09-01 16:10:00,IVR
3.1364,3.1371,3.13,3.132,5847,2021-09-01 16:15:00,IVR
3.135,3.14,3.1331,3.1338,12701,2021-09-01 16:20:00,IVR
3.13,3.14,3.13,3.13,9969,2021-09-01 16:25:00,IVR
3.13,3.14,3.13,3.1363,36602,2021-09-01 16:30:00,IVR
3.13,3.14,3.13,3.14,72353,2021-09-01 16:35:00,IVR
3.13,3.1399,3.13,3.1399,3724,2021-09-01 16:40:00,IVR
3.13,3.14,3.13,3.135,6319,2021-09-01 16:45:00,IVR
3.135,3.14,3.13,3.135,3917,2021-09-01 16:50:00,IVR
3.138,3.14,3.13,3.138,8669,2021-09-01 16:55:00,IVR
3.135,3.15,3.135,3.1444,77655,2021-09-01 17:00:00,IVR
3.145,3.1481,3.135,3.135,109870,2021-09-01 17:05:00,IVR
3.135,3.14,3.13,3.135,7667,2021-09-01 17:10:00,IVR
3.138,3.14,3.13,3.1372,4722,2021-09-01 17:15:00,IVR
3.14,3.14,3.1338,3.135,7115,2021-09-01 17:20:00,IVR
3.1398,3.14,3.13,3.135,21150,2021-09-01 17:25:00,IVR
3.1377,3.14,3.13,3.14,2818,2021-09-01 17:30:00,IVR
3.135,3.14,3.13,3.1372,3451,2021-09-01 17:35:00,IVR
3.1372,3.14,3.1334,3.1334,2830,2021-09-01 17:40:00,IVR
3.14,3.14,3.1301,3.1369,5200,2021-09-01 17:45:00,IVR
3.13,3.14,3.13,3.1301,7985,2021-09-01 17:50:00,IVR
3.14,3.14,3.1342,3.135,719,2021-09-01 17:55:00,IVR
3.1333,3.14,3.13,3.134,5867,2021-09-01 18:00:00,IVR
3.134,3.14,3.13,3.13,11919,2021-09-01 18:05:00,IVR
3.135,3.139,3.13,3.1338,6007,2021-09-01 18:10:00,IVR
3.135,3.1392,3.12,3.12,56845,2021-09-01 18:15:00,IVR
3.1266,3.13,3.12,3.1208,22133,2021-09-01 18:20:00,IVR
3.1269,3.13,3.1238,3.125,6628,2021-09-01 18:25:00,IVR
3.125,3.125,3.12,3.125,2878,2021-09-01 18:30:00,IVR
3.12,3.125,3.11,3.1199,128966,2021-09-01 18:35:00,IVR
3.115,3.1299,3.115,3.1299,66567,2021-09-01 18:40:00,IVR
3.13,3.13,3.12,3.125,25043,2021-09-01 18:45:00,IVR
3.125,3.13,3.12,3.126,6810,2021-09-01 18:50:00,IVR
3.1256,3.13,3.124,3.125,7158,2021-09-01 18:55:00,IVR
3.1259,3.13,3.12,3.125,13893,2021-09-01 19:00:00,IVR
3.125,3.13,3.12,3.125,54387,2021-09-01 19:05:00,IVR
3.125,3.13,3.12,3.13,14285,2021-09-01 19:10:00,IVR
3.13,3.13,3.12,3.123,98859,2021-09-01 19:15:00,IVR
3.125,3.13,3.12,3.125,30707,2021-09-01 19:20:00,IVR
3.13,3.13,3.12,3.125,32833,2021-09-01 19:25:00,IVR
3.123,3.13,3.12,3.125,9850,2021-09-01 19:30:00,IVR
3.125,3.13,3.12,3.1245,4957,2021-09-01 19:35:00,IVR
3.125,3.13,3.12,3.12,9300,2021-09-01 19:40:00,IVR
3.125,3.13,3.12,3.125,21748,2021-09-01 19:45:00,IVR
3.125,3.14,3.1226,3.135,64146,2021-09-01 19:50:00,IVR
3.14,3.14,3.12,3.12,245306,2021-09-01 19:55:00,IVR
3.13,3.13,3.13,3.13,111498,2021-09-01 20:00:00,IVR
3.13,3.13,3.13,3.13,100,2021-09-01 20:20:00,IVR
3.13,3.13,3.13,3.13,200,2021-09-01 20:40:00,IVR
3.12,3.12,3.12,3.12,250,2021-09-01 20:45:00,IVR
3.13,3.13,3.13,3.13,100,2021-09-01 20:50:00,IVR
3.12,3.12,3.12,3.12,200,2021-09-01 20:55:00,IVR
3.12,3.12,3.12,3.12,1000,2021-09-01 21:05:00,IVR
3.12,3.12,3.12,3.12,325,2021-09-01 21:10:00,IVR
3.13,3.13,3.13,3.13,72957,2021-09-01 21:15:00,IVR
3.12,3.12,3.12,3.12,150,2021-09-01 21:45:00,IVR
3.12,3.12,3.12,3.12,118,2021-09-01 21:50:00,IVR
3.13,3.13,3.13,3.13,300,2021-09-01 21:55:00,IVR
3.12,3.12,3.12,3.12,200,2021-09-01 22:20:00,IVR
3.13,3.13,3.13,3.13,255,2021-09-01 22:25:00,IVR
3.12,3.12,3.12,3.12,317,2021-09-01 22:35:00,IVR
3.13,3.13,3.13,3.13,200,2021-09-01 22:40:00,IVR
3.13,3.13,3.13,3.13,1000,2021-09-01 22:50:00,IVR
3.13,3.13,3.13,3.13,2200,2021-09-01 22:55:00,IVR
3.13,3.13,3.13,3.13,485,2021-09-01 23:50:00,IVR
3.13,3.13,3.13,3.13,169,2021-09-02 08:30:00,IVR
3.13,3.13,3.12,3.12,1000,2021-09-02 09:05:00,IVR
3.15,3.15,3.15,3.15,115,2021-09-02 09:55:00,IVR
3.14,3.14,3.14,3.14,100,2021-09-02 11:00:00,IVR
3.13,3.13,3.13,3.13,262,2021-09-02 11:55:00,IVR
3.1399,3.1399,3.1399,3.1399,200,2021-09-02 12:10:00,IVR
3.13,3.13,3.13,3.13,600,2021-09-02 12:50:00,IVR
3.1301,3.1301,3.1301,3.1301,500,2021-09-02 12:55:00,IVR
3.14,3.14,3.14,3.14,2000,2021-09-02 13:00:00,IVR
3.13,3.14,3.13,3.14,2753,2021-09-02 13:10:00,IVR
3.14,3.15,3.14,3.15,4512,2021-09-02 13:15:00,IVR
3.14,3.14,3.14,3.14,127,2021-09-02 13:20:00,IVR
3.15,3.15,3.12,3.13,120024,2021-09-02 13:30:00,IVR
3.13,3.14,3.13,3.135,38163,2021-09-02 13:35:00,IVR
3.1322,3.14,3.13,3.135,44287,2021-09-02 13:40:00,IVR
3.13,3.14,3.12,3.12,58264,2021-09-02 13:45:00,IVR
3.1296,3.13,3.12,3.1275,13040,2021-09-02 13:50:00,IVR
3.1234,3.13,3.12,3.125,11138,2021-09-02 13:55:00,IVR
3.13,3.14,3.13,3.14,47796,2021-09-02 14:00:00,IVR
3.14,3.14,3.13,3.14,7657,2021-09-02 14:05:00,IVR
3.14,3.14,3.1301,3.135,5700,2021-09-02 14:10:00,IVR
3.14,3.14,3.13,3.1333,21836,2021-09-02 14:15:00,IVR
3.13,3.1398,3.13,3.135,38832,2021-09-02 14:20:00,IVR
3.135,3.14,3.13,3.13,39293,2021-09-02 14:25:00,IVR
3.13,3.1399,3.13,3.13,26040,2021-09-02 14:30:00,IVR
3.1363,3.14,3.1201,3.13,77502,2021-09-02 14:35:00,IVR
3.13,3.13,3.12,3.1287,12402,2021-09-02 14:40:00,IVR
3.1243,3.14,3.124,3.14,29816,2021-09-02 14:45:00,IVR
3.1301,3.14,3.1301,3.135,4485,2021-09-02 14:50:00,IVR
3.135,3.1362,3.13,3.135,9273,2021-09-02 14:55:00,IVR
3.14,3.14,3.13,3.1345,15171,2021-09-02 15:00:00,IVR
3.1301,3.14,3.1301,3.14,7151,2021-09-02 15:05:00,IVR
3.14,3.1493,3.14,3.1456,21082,2021-09-02 15:10:00,IVR
3.145,3.1456,3.1235,3.13,190830,2021-09-02 15:15:00,IVR
3.13,3.13,3.12,3.1201,9083,2021-09-02 15:20:00,IVR
3.129,3.13,3.12,3.129,21474,2021-09-02 15:25:00,IVR
3.127,3.13,3.12,3.1267,10238,2021-09-02 15:30:00,IVR
3.12,3.13,3.12,3.13,18464,2021-09-02 15:35:00,IVR
3.1271,3.13,3.12,3.1288,7820,2021-09-02 15:40:00,IVR
3.13,3.13,3.12,3.13,13670,2021-09-02 15:45:00,IVR
3.125,3.13,3.12,3.125,24630,2021-09-02 15:50:00,IVR
3.125,3.1297,3.12,3.1238,22789,2021-09-02 15:55:00,IVR
3.125,3.13,3.12,3.125,22918,2021-09-02 16:00:00,IVR
3.12,3.13,3.12,3.13,20759,2021-09-02 16:05:00,IVR
3.13,3.13,3.1201,3.1273,3432,2021-09-02 16:10:00,IVR
3.13,3.13,3.12,3.13,41943,2021-09-02 16:15:00,IVR
3.128,3.13,3.12,3.13,8108,2021-09-02 16:20:00,IVR
3.13,3.13,3.12,3.12,10947,2021-09-02 16:25:00,IVR
3.1242,3.13,3.1241,3.125,6099,2021-09-02 16:30:00,IVR
3.13,3.13,3.12,3.125,3333,2021-09-02 16:35:00,IVR
3.125,3.13,3.12,3.13,8445,2021-09-02 16:40:00,IVR
3.125,3.13,3.12,3.125,4940,2021-09-02 16:45:00,IVR
3.13,3.13,3.12,3.1273,6989,2021-09-02 16:50:00,IVR
3.13,3.13,3.1237,3.125,2547,2021-09-02 16:55:00,IVR
3.13,3.13,3.12,3.13,5540,2021-09-02 17:00:00,IVR
3.1238,3.13,3.12,3.13,9613,2021-09-02 17:05:00,IVR
3.13,3.13,3.12,3.12,7721,2021-09-02 17:10:00,IVR
3.125,3.13,3.12,3.13,9201,2021-09-02 17:15:00,IVR
3.1274,3.13,3.12,3.1242,8316,2021-09-02 17:20:00,IVR
3.13,3.13,3.12,3.125,387579,2021-09-02 17:25:00,IVR
3.125,3.13,3.1228,3.125,17166,2021-09-02 17:30:00,IVR
3.13,3.13,3.1201,3.13,21150,2021-09-02 17:35:00,IVR
3.13,3.13,3.12,3.13,12406,2021-09-02 17:40:00,IVR
3.125,3.13,3.1235,3.13,13978,2021-09-02 17:45:00,IVR
3.13,3.13,3.12,3.123,51231,2021-09-02 17:50:00,IVR
3.1263,3.13,3.1201,3.1201,10187,2021-09-02 17:55:00,IVR
3.13,3.13,3.1236,3.13,11427,2021-09-02 18:00:00,IVR
3.13,3.13,3.12,3.125,8346,2021-09-02 18:05:00,IVR
3.125,3.13,3.12,3.13,7389,2021-09-02 18:10:00,IVR
3.13,3.13,3.12,3.125,74359,2021-09-02 18:15:00,IVR
3.125,3.1299,3.115,3.1199,159092,2021-09-02 18:20:00,IVR
3.1199,3.12,3.11,3.12,9592,2021-09-02 18:25:00,IVR
3.12,3.12,3.1127,3.12,8970,2021-09-02 18:30:00,IVR
3.12,3.12,3.11,3.12,8901,2021-09-02 18:35:00,IVR
3.1169,3.12,3.11,3.12,6796,2021-09-02 18:40:00,IVR
3.12,3.12,3.11,3.12,3955,2021-09-02 18:45:00,IVR
3.1137,3.12,3.1113,3.12,17909,2021-09-02 18:50:00,IVR
3.12,3.12,3.11,3.12,6084,2021-09-02 18:55:00,IVR
3.115,3.12,3.11,3.1199,9600,2021-09-02 19:00:00,IVR
3.1188,3.13,3.115,3.13,58049,2021-09-02 19:05:00,IVR
3.13,3.13,3.12,3.13,5806,2021-09-02 19:10:00,IVR
3.13,3.13,3.12,3.1227,2957,2021-09-02 19:15:00,IVR
3.13,3.13,3.12,3.13,81882,2021-09-02 19:20:00,IVR
3.125,3.13,3.12,3.125,48019,2021-09-02 19:25:00,IVR
3.125,3.13,3.12,3.13,7903,2021-09-02 19:30:00,IVR
3.1287,3.13,3.12,3.13,43075,2021-09-02 19:35:00,IVR
3.125,3.13,3.1201,3.125,13296,2021-09-02 19:40:00,IVR
3.13,3.13,3.1207,3.125,28858,2021-09-02 19:45:00,IVR
3.125,3.13,3.12,3.1244,100021,2021-09-02 19:50:00,IVR
3.125,3.14,3.12,3.14,226285,2021-09-02 19:55:00,IVR
3.13,3.14,3.13,3.14,458476,2021-09-02 20:00:00,IVR
3.13,3.13,3.13,3.13,500,2021-09-02 20:05:00,IVR
3.12,3.12,3.12,3.12,499,2021-09-02 20:20:00,IVR
3.14,3.14,3.1201,3.14,2300,2021-09-02 20:30:00,IVR
3.1201,3.14,3.12,3.14,1055,2021-09-02 20:40:00,IVR
3.12,3.12,3.12,3.12,3544,2021-09-02 20:45:00,IVR
3.13,3.13,3.13,3.13,247,2021-09-02 20:50:00,IVR
3.12,3.12,3.12,3.12,500,2021-09-02 20:55:00,IVR
3.13,3.13,3.13,3.13,100,2021-09-02 21:00:00,IVR
3.12,3.12,3.12,3.12,100,2021-09-02 21:05:00,IVR
3.12,3.12,3.12,3.12,200,2021-09-02 21:10:00,IVR
3.12,3.12,3.12,3.12,597,2021-09-02 21:20:00,IVR
3.12,3.12,3.12,3.12,667,2021-09-02 21:35:00,IVR
3.13,3.13,3.13,3.13,250,2021-09-02 21:40:00,IVR
3.13,3.13,3.13,3.13,100,2021-09-02 21:45:00,IVR
3.13,3.13,3.13,3.13,100,2021-09-02 21:50:00,IVR
3.14,3.14,3.14,3.14,150,2021-09-02 22:25:00,IVR
3.14,3.14,3.14,3.14,125,2021-09-02 22:50:00,IVR
3.15,3.15,3.14,3.15,4346,2021-09-02 22:55:00,IVR
3.15,3.15,3.15,3.15,966,2021-09-02 23:00:00,IVR
3.16,3.18,3.16,3.18,3449,2021-09-02 23:05:00,IVR
3.17,3.17,3.17,3.17,100,2021-09-02 23:10:00,IVR
3.18,3.18,3.17,3.17,6688,2021-09-02 23:15:00,IVR
3.17,3.17,3.15,3.17,6300,2021-09-02 23:20:00,IVR
3.16,3.16,3.16,3.16,316,2021-09-02 23:50:00,IVR
3.16,3.16,3.16,3.16,100,2021-09-03 09:45:00,IVR
3.15,3.15,3.15,3.15,394,2021-09-03 10:00:00,IVR
3.15,3.15,3.15,3.15,1009,2021-09-03 10:50:00,IVR
3.15,3.15,3.15,3.15,2000,2021-09-03 11:00:00,IVR
3.15,3.15,3.15,3.15,100,2021-09-03 11:05:00,IVR
3.15,3.15,3.15,3.15,777,2021-09-03 11:30:00,IVR
3.15,3.15,3.15,3.15,460,2021-09-03 12:20:00,IVR
3.15,3.16,3.15,3.16,500,2021-09-03 12:25:00,IVR
3.16,3.16,3.16,3.16,200,2021-09-03 12:50:00,IVR
3.15,3.15,3.15,3.15,100,2021-09-03 12:55:00,IVR
3.14,3.14,3.14,3.14,911,2021-09-03 13:00:00,IVR
3.13,3.13,3.13,3.13,200,2021-09-03 13:05:00,IVR
3.13,3.13,3.12,3.12,3199,2021-09-03 13:10:00,IVR
3.13,3.13,3.13,3.13,100,2021-09-03 13:15:00,IVR
3.12,3.13,3.12,3.13,3608,2021-09-03 13:20:00,IVR
3.13,3.13,3.1,3.1,7256,2021-09-03 13:25:00,IVR
3.11,3.1454,3.11,3.135,271140,2021-09-03 13:30:00,IVR
3.135,3.14,3.12,3.12,51632,2021-09-03 13:35:00,IVR
3.13,3.14,3.12,3.135,38830,2021-09-03 13:40:00,IVR
3.135,3.15,3.1311,3.15,57693,2021-09-03 13:45:00,IVR
3.145,3.145,3.13,3.135,52195,2021-09-03 13:50:00,IVR
3.14,3.14,3.13,3.1389,10956,2021-09-03 13:55:00,IVR
3.1377,3.14,3.12,3.125,58336,2021-09-03 14:00:00,IVR
3.1234,3.13,3.12,3.125,36095,2021-09-03 14:05:00,IVR
3.125,3.13,3.12,3.125,37100,2021-09-03 14:10:00,IVR
3.1279,3.14,3.1234,3.135,30842,2021-09-03 14:15:00,IVR
3.1301,3.14,3.125,3.125,32584,2021-09-03 14:20:00,IVR
3.125,3.13,3.12,3.1293,6995,2021-09-03 14:25:00,IVR
3.1233,3.13,3.12,3.1275,15748,2021-09-03 14:30:00,IVR
3.13,3.13,3.12,3.125,11528,2021-09-03 14:35:00,IVR
3.13,3.13,3.11,3.1199,64553,2021-09-03 14:40:00,IVR
3.115,3.12,3.11,3.1193,25408,2021-09-03 14:45:00,IVR
3.11,3.12,3.11,3.12,1406,2021-09-03 14:50:00,IVR
3.11,3.13,3.11,3.13,44395,2021-09-03 14:55:00,IVR
3.125,3.13,3.12,3.1244,29209,2021-09-03 15:00:00,IVR
3.13,3.13,3.11,3.115,142863,2021-09-03 15:05:00,IVR
3.1156,3.12,3.11,3.11,28271,2021-09-03 15:10:00,IVR
3.1199,3.12,3.11,3.1193,12234,2021-09-03 15:15:00,IVR
3.115,3.12,3.11,3.115,6383,2021-09-03 15:20:00,IVR
3.1199,3.12,3.1101,3.1137,27463,2021-09-03 15:25:00,IVR
3.1131,3.12,3.11,3.115,25238,2021-09-03 15:30:00,IVR
3.115,3.1199,3.095,3.099,450764,2021-09-03 15:35:00,IVR
3.1,3.1,3.09,3.095,50236,2021-09-03 15:40:00,IVR
3.095,3.1,3.09,3.09,51550,2021-09-03 15:45:00,IVR
3.09,3.0967,3.08,3.08,165911,2021-09-03 15:50:00,IVR
3.08,3.0899,3.08,3.08,31235,2021-09-03 15:55:00,IVR
3.085,3.0871,3.07,3.07,112316,2021-09-03 16:00:00,IVR
3.075,3.08,3.07,3.07,47832,2021-09-03 16:05:00,IVR
3.07,3.08,3.07,3.07,52686,2021-09-03 16:10:00,IVR
3.075,3.08,3.06,3.0681,100339,2021-09-03 16:15:00,IVR
3.0675,3.08,3.06,3.07,124694,2021-09-03 16:20:00,IVR
3.075,3.08,3.07,3.07,37970,2021-09-03 16:25:00,IVR
3.07,3.08,3.07,3.075,30275,2021-09-03 16:30:00,IVR
3.07,3.08,3.07,3.07,52328,2021-09-03 16:35:00,IVR
3.07,3.08,3.07,3.08,30211,2021-09-03 16:40:00,IVR
3.07,3.08,3.07,3.07,92549,2021-09-03 16:45:00,IVR
3.07,3.077,3.06,3.0639,56912,2021-09-03 16:50:00,IVR
3.065,3.07,3.06,3.0664,49957,2021-09-03 16:55:00,IVR
3.065,3.0699,3.06,3.0663,28261,2021-09-03 17:00:00,IVR
3.0664,3.07,3.06,3.065,38337,2021-09-03 17:05:00,IVR
3.065,3.07,3.06,3.0659,158299,2021-09-03 17:10:00,IVR
3.07,3.07,3.06,3.065,45581,2021-09-03 17:15:00,IVR
3.0625,3.07,3.06,3.0631,43651,2021-09-03 17:20:00,IVR
3.06,3.07,3.06,3.06,64952,2021-09-03 17:25:00,IVR
3.065,3.07,3.06,3.065,58005,2021-09-03 17:30:00,IVR
3.065,3.07,3.06,3.07,71863,2021-09-03 17:35:00,IVR
3.07,3.07,3.06,3.07,93708,2021-09-03 17:40:00,IVR
3.065,3.07,3.06,3.07,64400,2021-09-03 17:45:00,IVR
3.0662,3.07,3.06,3.065,46878,2021-09-03 17:50:00,IVR
3.07,3.07,3.06,3.07,23312,2021-09-03 17:55:00,IVR
3.065,3.0669,3.05,3.065,336695,2021-09-03 18:00:00,IVR
3.067,3.07,3.06,3.0618,85847,2021-09-03 18:05:00,IVR
3.065,3.07,3.06,3.06,25642,2021-09-03 18:10:00,IVR
3.0627,3.07,3.06,3.06,99578,2021-09-03 18:15:00,IVR
3.07,3.07,3.06,3.065,33284,2021-09-03 18:20:00,IVR
3.07,3.07,3.0601,3.065,47334,2021-09-03 18:25:00,IVR
3.07,3.07,3.06,3.065,60312,2021-09-03 18:30:00,IVR
3.065,3.07,3.06,3.0661,33500,2021-09-03 18:35:00,IVR
3.07,3.07,3.06,3.06,45305,2021-09-03 18:40:00,IVR
3.065,3.07,3.06,3.065,52015,2021-09-03 18:45:00,IVR
3.065,3.067,3.06,3.06,29090,2021-09-03 18:50:00,IVR
3.0668,3.07,3.06,3.07,25177,2021-09-03 18:55:00,IVR
3.065,3.07,3.06,3.065,43082,2021-09-03 19:00:00,IVR
3.07,3.07,3.06,3.065,34640,2021-09-03 19:05:00,IVR
3.065,3.07,3.06,3.06,36087,2021-09-03 19:10:00,IVR
3.0663,3.07,3.06,3.065,99813,2021-09-03 19:15:00,IVR
3.065,3.07,3.06,3.06,54429,2021-09-03 19:20:00,IVR
3.065,3.08,3.06,3.07,270288,2021-09-03 19:25:00,IVR
3.07,3.08,3.07,3.075,47606,2021-09-03 19:30:00,IVR
3.0766,3.08,3.07,3.075,38620,2021-09-03 19:35:00,IVR
3.075,3.08,3.07,3.07,75432,2021-09-03 19:40:00,IVR
3.075,3.09,3.075,3.09,208334,2021-09-03 19:45:00,IVR
3.085,3.09,3.0801,3.09,235381,2021-09-03 19:50:00,IVR
3.085,3.09,3.08,3.09,289068,2021-09-03 19:55:00,IVR
3.09,3.09,3.09,3.09,139340,2021-09-03 20:00:00,IVR
3.0899,3.09,3.0899,3.09,1225,2021-09-03 20:05:00,IVR
3.09,3.09,3.085,3.09,2924,2021-09-03 20:10:00,IVR
3.09,3.09,3.08,3.08,457,2021-09-03 20:15:00,IVR
3.09,3.09,3.08,3.08,1701,2021-09-03 20:20:00,IVR
3.09,3.09,3.09,3.09,200,2021-09-03 20:25:00,IVR
3.0801,3.0801,3.08,3.08,2100,2021-09-03 20:30:00,IVR
3.08,3.08,3.08,3.08,500,2021-09-03 20:40:00,IVR
3.09,3.09,3.08,3.08,1000,2021-09-03 20:45:00,IVR
3.08,3.08,3.08,3.08,100,2021-09-03 20:50:00,IVR
3.09,3.09,3.09,3.09,223,2021-09-03 20:55:00,IVR
3.08,3.08,3.08,3.08,200,2021-09-03 21:15:00,IVR
3.08,3.09,3.08,3.09,1194,2021-09-03 21:35:00,IVR
3.08,3.08,3.08,3.08,100,2021-09-03 21:50:00,IVR
3.09,3.09,3.09,3.09,100,2021-09-03 22:05:00,IVR
3.09,3.09,3.09,3.09,199,2021-09-03 22:15:00,IVR
3.09,3.09,3.09,3.09,1000,2021-09-03 22:30:00,IVR
3.09,3.09,3.09,3.09,100,2021-09-03 23:00:00,IVR
3.09,3.1,3.09,3.1,1100,2021-09-03 23:05:00,IVR
3.09,3.09,3.09,3.09,174,2021-09-03 23:25:00,IVR
3.09,3.09,3.09,3.09,358,2021-09-03 23:30:00,IVR
3.09,3.09,3.09,3.09,100,2021-09-03 23:35:00,IVR
3.09,3.09,3.09,3.09,700,2021-09-03 23:45:00,IVR
3.07,3.07,3.06,3.06,1957,2021-09-03 23:55:00,IVR
3.07,3.07,3.07,3.07,112,2021-09-07 08:00:00,IVR
3.07,3.07,3.07,3.07,131,2021-09-07 09:00:00,IVR
3.07,3.07,3.07,3.07,174,2021-09-07 09:10:00,IVR
3.07,3.07,3.07,3.07,300,2021-09-07 09:20:00,IVR
3.06,3.06,3.06,3.06,100,2021-09-07 09:25:00,IVR
3.06,3.08,3.06,3.08,2277,2021-09-07 09:30:00,IVR
3.08,3.08,3.08,3.08,495,2021-09-07 10:20:00,IVR
3.09,3.09,3.09,3.09,200,2021-09-07 11:00:00,IVR
3.0901,3.0901,3.09,3.09,200,2021-09-07 12:35:00,IVR
3.09,3.1,3.09,3.09,6919,2021-09-07 12:55:00,IVR
3.1,3.11,3.1,3.11,1550,2021-09-07 13:05:00,IVR
3.1099,3.11,3.1,3.1,404,2021-09-07 13:10:00,IVR
3.1,3.11,3.1,3.1099,829,2021-09-07 13:15:00,IVR
3.1,3.1,3.1,3.1,4000,2021-09-07 13:20:00,IVR
3.1,3.1,3.1,3.1,4004,2021-09-07 13:25:00,IVR
3.09,3.11,3.08,3.1,129559,2021-09-07 13:30:00,IVR
3.1,3.12,3.095,3.102,137788,2021-09-07 13:35:00,IVR
3.105,3.12,3.095,3.115,194081,2021-09-07 13:40:00,IVR
3.1123,3.13,3.1101,3.12,95251,2021-09-07 13:45:00,IVR
3.12,3.13,3.12,3.12,45273,2021-09-07 13:50:00,IVR
3.12,3.12,3.1,3.1,91531,2021-09-07 13:55:00,IVR
3.1,3.12,3.1,3.11,83072,2021-09-07 14:00:00,IVR
3.1121,3.115,3.1037,3.11,42153,2021-09-07 14:05:00,IVR
3.105,3.12,3.1023,3.115,82547,2021-09-07 14:10:00,IVR
3.12,3.13,3.1139,3.13,109657,2021-09-07 14:15:00,IVR
3.1227,3.13,3.12,3.13,67983,2021-09-07 14:20:00,IVR
3.1246,3.13,3.1211,3.125,35731,2021-09-07 14:25:00,IVR
3.125,3.13,3.12,3.13,19167,2021-09-07 14:30:00,IVR
3.125,3.125,3.1,3.1,315286,2021-09-07 14:35:00,IVR
3.1,3.105,3.095,3.1,125416,2021-09-07 14:40:00,IVR
3.105,3.11,3.09,3.095,276357,2021-09-07 14:45:00,IVR
3.0963,3.1,3.09,3.0937,42949,2021-09-07 14:50:00,IVR
3.0977,3.1,3.0901,3.095,21298,2021-09-07 14:55:00,IVR
3.0984,3.1,3.09,3.1,19410,2021-09-07 15:00:00,IVR
3.0986,3.1,3.0936,3.095,22235,2021-09-07 15:05:00,IVR
3.095,3.095,3.08,3.085,97086,2021-09-07 15:10:00,IVR
3.09,3.09,3.0827,3.0892,22329,2021-09-07 15:15:00,IVR
3.09,3.09,3.08,3.085,8621,2021-09-07 15:20:00,IVR
3.0863,3.09,3.08,3.09,63555,2021-09-07 15:25:00,IVR
3.09,3.09,3.0801,3.0841,11030,2021-09-07 15:30:00,IVR
3.09,3.09,3.08,3.0866,13078,2021-09-07 15:35:00,IVR
3.0841,3.09,3.08,3.08,10271,2021-09-07 15:40:00,IVR
3.09,3.09,3.0844,3.0845,5977,2021-09-07 15:45:00,IVR
3.09,3.09,3.08,3.085,64781,2021-09-07 15:50:00,IVR
3.0858,3.09,3.0835,3.0899,9424,2021-09-07 15:55:00,IVR
3.0856,3.09,3.08,3.0801,26573,2021-09-07 16:00:00,IVR
3.09,3.09,3.08,3.09,5528,2021-09-07 16:05:00,IVR
3.0844,3.09,3.08,3.09,15606,2021-09-07 16:10:00,IVR
3.085,3.09,3.08,3.085,13937,2021-09-07 16:15:00,IVR
3.085,3.09,3.0846,3.09,9679,2021-09-07 16:20:00,IVR
3.085,3.09,3.08,3.085,25665,2021-09-07 16:25:00,IVR
3.085,3.09,3.08,3.085,37002,2021-09-07 16:30:00,IVR
3.0899,3.09,3.08,3.08,81850,2021-09-07 16:35:00,IVR
3.085,3.09,3.08,3.085,72486,2021-09-07 16:40:00,IVR
3.0814,3.09,3.08,3.08,37197,2021-09-07 16:45:00,IVR
3.085,3.086,3.08,3.085,8530,2021-09-07 16:50:00,IVR
3.085,3.086,3.075,3.075,28668,2021-09-07 16:55:00,IVR
3.0738,3.08,3.07,3.075,8346,2021-09-07 17:00:00,IVR
3.0741,3.08,3.07,3.08,14726,2021-09-07 17:05:00,IVR
3.075,3.08,3.07,3.075,10768,2021-09-07 17:10:00,IVR
3.0763,3.08,3.0718,3.08,14245,2021-09-07 17:15:00,IVR
3.0721,3.08,3.07,3.0754,38399,2021-09-07 17:20:00,IVR
3.0738,3.08,3.07,3.08,112403,2021-09-07 17:25:00,IVR
3.08,3.08,3.07,3.08,12272,2021-09-07 17:30:00,IVR
3.0717,3.08,3.0717,3.075,6935,2021-09-07 17:35:00,IVR
3.08,3.08,3.0728,3.08,16874,2021-09-07 17:40:00,IVR
3.076,3.08,3.0735,3.08,2783,2021-09-07 17:45:00,IVR
3.075,3.08,3.07,3.08,36255,2021-09-07 17:50:00,IVR
3.08,3.08,3.07,3.075,31401,2021-09-07 17:55:00,IVR
3.08,3.08,3.07,3.075,27660,2021-09-07 18:00:00,IVR
3.075,3.08,3.0728,3.08,11019,2021-09-07 18:05:00,IVR
3.075,3.08,3.0718,3.0799,11871,2021-09-07 18:10:00,IVR
3.075,3.08,3.0723,3.08,12632,2021-09-07 18:15:00,IVR
3.08,3.08,3.075,3.075,7698,2021-09-07 18:20:00,IVR
3.075,3.0799,3.07,3.075,28281,2021-09-07 18:25:00,IVR
3.08,3.08,3.07,3.0765,19574,2021-09-07 18:30:00,IVR
3.0762,3.0762,3.07,3.075,7697,2021-09-07 18:35:00,IVR
3.075,3.08,3.0731,3.075,9581,2021-09-07 18:40:00,IVR
3.075,3.08,3.07,3.08,4504,2021-09-07 18:45:00,IVR
3.078,3.08,3.07,3.07,23980,2021-09-07 18:50:00,IVR
3.075,3.08,3.07,3.08,13858,2021-09-07 18:55:00,IVR
3.07,3.08,3.07,3.07,92172,2021-09-07 19:00:00,IVR
3.075,3.08,3.0721,3.08,14027,2021-09-07 19:05:00,IVR
3.08,3.08,3.07,3.0761,8382,2021-09-07 19:10:00,IVR
3.08,3.08,3.07,3.075,7863,2021-09-07 19:15:00,IVR
3.08,3.08,3.07,3.073,11809,2021-09-07 19:20:00,IVR
3.08,3.08,3.07,3.075,41387,2021-09-07 19:25:00,IVR
3.0781,3.08,3.07,3.08,38168,2021-09-07 19:30:00,IVR
3.08,3.08,3.07,3.075,8194,2021-09-07 19:35:00,IVR
3.0701,3.08,3.07,3.08,17258,2021-09-07 19:40:00,IVR
3.07,3.08,3.07,3.08,89119,2021-09-07 19:45:00,IVR
3.075,3.08,3.07,3.075,146520,2021-09-07 19:50:00,IVR
3.075,3.08,3.07,3.08,240850,2021-09-07 19:55:00,IVR
3.08,3.08,3.08,3.08,88755,2021-09-07 20:00:00,IVR
3.07,3.07,3.07,3.07,100,2021-09-07 20:05:00,IVR
3.07,3.07,3.07,3.07,399,2021-09-07 20:15:00,IVR
3.08,3.08,3.08,3.08,2000,2021-09-07 20:20:00,IVR
3.08,3.08,3.07,3.07,1576,2021-09-07 20:25:00,IVR
3.07,3.07,3.07,3.07,413,2021-09-07 20:30:00,IVR
3.08,3.08,3.08,3.08,1692,2021-09-07 20:35:00,IVR
3.07,3.07,3.07,3.07,412,2021-09-07 20:45:00,IVR
3.07,3.07,3.07,3.07,6334,2021-09-07 20:50:00,IVR
3.07,3.07,3.07,3.07,130,2021-09-07 20:55:00,IVR
3.07,3.07,3.07,3.07,117,2021-09-07 21:00:00,IVR
3.08,3.08,3.08,3.08,145,2021-09-07 21:05:00,IVR
3.08,3.08,3.075,3.075,3000,2021-09-07 21:20:00,IVR
3.08,3.08,3.08,3.08,600,2021-09-07 21:30:00,IVR
3.07,3.07,3.07,3.07,592,2021-09-07 21:35:00,IVR
3.07,3.07,3.07,3.07,12071,2021-09-07 21:40:00,IVR
3.07,3.07,3.07,3.07,1300,2021-09-07 21:45:00,IVR
3.06,3.06,3.06,3.06,5627,2021-09-07 21:50:00,IVR
3.06,3.06,3.06,3.06,654,2021-09-07 21:55:00,IVR
3.06,3.06,3.06,3.06,1175,2021-09-07 22:00:00,IVR
3.06,3.06,3.06,3.06,535,2021-09-07 22:10:00,IVR
3.06,3.06,3.06,3.06,234,2021-09-07 22:15:00,IVR
3.07,3.07,3.07,3.07,695,2021-09-07 22:20:00,IVR
3.08,3.08,3.08,3.08,385,2021-09-07 22:35:00,IVR
3.07,3.07,3.07,3.07,430,2021-09-07 22:40:00,IVR
3.08,3.08,3.08,3.08,500,2021-09-07 22:55:00,IVR
3.08,3.1,3.08,3.1,402,2021-09-07 23:25:00,IVR
3.05,3.05,3.05,3.05,917,2021-09-08 10:35:00,IVR
3.07,3.07,3.07,3.07,100,2021-09-08 11:25:00,IVR
3.0799,3.0799,3.0799,3.0799,200,2021-09-08 12:10:00,IVR
3.07,3.07,3.07,3.07,500,2021-09-08 12:20:00,IVR
3.07,3.07,3.06,3.06,2795,2021-09-08 12:25:00,IVR
3.07,3.07,3.07,3.07,200,2021-09-08 12:30:00,IVR
3.07,3.07,3.07,3.07,100,2021-09-08 12:40:00,IVR
3.07,3.07,3.07,3.07,1301,2021-09-08 12:55:00,IVR
3.06,3.06,3.06,3.06,610,2021-09-08 13:00:00,IVR
3.06,3.06,3.06,3.06,100,2021-09-08 13:05:00,IVR
3.07,3.07,3.07,3.07,400,2021-09-08 13:10:00,IVR
3.07,3.07,3.07,3.07,400,2021-09-08 13:20:00,IVR
3.0601,3.0601,3.06,3.06,200,2021-09-08 13:25:00,IVR
3.07,3.08,3.06,3.08,141839,2021-09-08 13:30:00,IVR
3.0782,3.08,3.07,3.08,7765,2021-09-08 13:35:00,IVR
3.0701,3.08,3.07,3.07,76675,2021-09-08 13:40:00,IVR
3.08,3.09,3.07,3.08,77659,2021-09-08 13:45:00,IVR
3.08,3.08,3.07,3.0775,11160,2021-09-08 13:50:00,IVR
3.077,3.08,3.07,3.0721,42886,2021-09-08 13:55:00,IVR
3.0722,3.08,3.07,3.074,17511,2021-09-08 14:00:00,IVR
3.075,3.075,3.0625,3.0644,62942,2021-09-08 14:05:00,IVR
3.07,3.07,3.06,3.0637,19824,2021-09-08 14:10:00,IVR
3.06,3.07,3.06,3.07,40884,2021-09-08 14:15:00,IVR
3.065,3.0799,3.06,3.0799,97710,2021-09-08 14:20:00,IVR
3.07,3.0776,3.0626,3.065,45412,2021-09-08 14:25:00,IVR
3.07,3.07,3.06,3.0632,11561,2021-09-08 14:30:00,IVR
3.07,3.07,3.05,3.06,187261,2021-09-08 14:35:00,IVR
3.06,3.06,3.035,3.04,232218,2021-09-08 14:40:00,IVR
3.0301,3.05,3.03,3.045,80731,2021-09-08 14:45:00,IVR
3.045,3.05,3.04,3.045,52643,2021-09-08 14:50:00,IVR
3.045,3.06,3.04,3.0478,138636,2021-09-08 14:55:00,IVR
3.05,3.05,3.0401,3.05,28593,2021-09-08 15:00:00,IVR
3.0496,3.05,3.0431,3.0431,15807,2021-09-08 15:05:00,IVR
3.05,3.05,3.0401,3.0481,50475,2021-09-08 15:10:00,IVR
3.0486,3.06,3.0478,3.057,44031,2021-09-08 15:15:00,IVR
3.06,3.06,3.0533,3.0539,26578,2021-09-08 15:20:00,IVR
3.055,3.06,3.05,3.06,7871,2021-09-08 15:25:00,IVR
3.0544,3.06,3.05,3.0506,89856,2021-09-08 15:30:00,IVR
3.0585,3.06,3.0505,3.0556,102338,2021-09-08 15:35:00,IVR
3.0595,3.07,3.0501,3.06,76930,2021-09-08 15:40:00,IVR
3.06,3.06,3.05,3.0531,30385,2021-09-08 15:45:00,IVR
3.0531,3.06,3.05,3.0544,11651,2021-09-08 15:50:00,IVR
3.06,3.06,3.0545,3.0545,2680,2021-09-08 15:55:00,IVR
3.059,3.06,3.055,3.0568,15796,2021-09-08 16:00:00,IVR
3.055,3.06,3.05,3.06,6329,2021-09-08 16:05:00,IVR
3.059,3.06,3.0501,3.06,15092,2021-09-08 16:10:00,IVR
3.06,3.065,3.05,3.06,103821,2021-09-08 16:15:00,IVR
3.06,3.06,3.0532,3.055,9082,2021-09-08 16:20:00,IVR
3.06,3.06,3.05,3.06,12557,2021-09-08 16:25:00,IVR
3.06,3.06,3.055,3.06,7599,2021-09-08 16:30:00,IVR
3.055,3.06,3.05,3.06,10417,2021-09-08 16:35:00,IVR
3.0552,3.06,3.05,3.0559,3747,2021-09-08 16:40:00,IVR
3.06,3.06,3.05,3.06,10238,2021-09-08 16:45:00,IVR
3.055,3.06,3.05,3.0556,5244,2021-09-08 16:50:00,IVR
3.055,3.06,3.05,3.06,9270,2021-09-08 16:55:00,IVR
3.06,3.06,3.05,3.055,4710,2021-09-08 17:00:00,IVR
3.06,3.06,3.05,3.0566,17786,2021-09-08 17:05:00,IVR
3.06,3.06,3.055,3.06,18787,2021-09-08 17:10:00,IVR
3.06,3.06,3.055,3.06,8594,2021-09-08 17:15:00,IVR
3.055,3.06,3.05,3.06,32027,2021-09-08 17:20:00,IVR
3.0582,3.06,3.0519,3.06,22534,2021-09-08 17:25:00,IVR
3.06,3.07,3.06,3.07,147961,2021-09-08 17:30:00,IVR
3.07,3.07,3.065,3.07,3138,2021-09-08 17:35:00,IVR
3.065,3.07,3.0601,3.065,5634,2021-09-08 17:40:00,IVR
3.065,3.07,3.06,3.07,4083,2021-09-08 17:45:00,IVR
3.07,3.07,3.0642,3.0642,1908,2021-09-08 17:50:00,IVR
3.0642,3.07,3.0642,3.07,3091,2021-09-08 17:55:00,IVR
3.0685,3.08,3.0645,3.075,90567,2021-09-08 18:00:00,IVR
3.075,3.0758,3.06,3.065,49099,2021-09-08 18:05:00,IVR
3.065,3.07,3.06,3.065,6897,2021-09-08 18:10:00,IVR
3.065,3.07,3.06,3.06,3021,2021-09-08 18:15:00,IVR
3.0644,3.07,3.06,3.06,23054,2021-09-08 18:20:00,IVR
3.06,3.065,3.06,3.06,25412,2021-09-08 18:25:00,IVR
3.06,3.0657,3.05,3.06,22453,2021-09-08 18:30:00,IVR
3.055,3.06,3.05,3.055,10081,2021-09-08 18:35:00,IVR
3.059,3.06,3.05,3.055,6926,2021-09-08 18:40:00,IVR
3.06,3.06,3.05,3.06,5932,2021-09-08 18:45:00,IVR
3.055,3.06,3.05,3.0544,6380,2021-09-08 18:50:00,IVR
3.06,3.06,3.05,3.05,35978,2021-09-08 18:55:00,IVR
3.05,3.06,3.05,3.06,4097,2021-09-08 19:00:00,IVR
3.055,3.06,3.0501,3.0537,39148,2021-09-08 19:05:00,IVR
3.0572,3.06,3.055,3.055,13479,2021-09-08 19:10:00,IVR
3.06,3.06,3.0501,3.06,6124,2021-09-08 19:15:00,IVR
3.05,3.06,3.05,3.0574,71355,2021-09-08 19:20:00,IVR
3.06,3.06,3.05,3.055,39750,2021-09-08 19:25:00,IVR
3.05,3.055,3.04,3.04,60651,2021-09-08 19:30:00,IVR
3.0462,3.05,3.04,3.045,11930,2021-09-08 19:35:00,IVR
3.045,3.05,3.04,3.0499,14194,2021-09-08 19:40:00,IVR
3.045,3.05,3.04,3.045,42115,2021-09-08 19:45:00,IVR
3.05,3.05,3.04,3.043,31783,2021-09-08 19:50:00,IVR
3.05,3.06,3.04,3.06,180141,2021-09-08 19:55:00,IVR
3.06,3.06,3.05,3.05,127655,2021-09-08 20:00:00,IVR
3.04,3.05,3.04,3.05,200,2021-09-08 20:05:00,IVR
3.05,3.05,3.05,3.05,200,2021-09-08 20:10:00,IVR
3.05,3.05,3.05,3.05,5000,2021-09-08 20:30:00,IVR
3.04,3.05,3.04,3.05,1208,2021-09-08 20:35:00,IVR
3.0499,3.0499,3.0499,3.0499,100,2021-09-08 20:40:00,IVR
3.05,3.05,3.05,3.05,200,2021-09-08 21:10:00,IVR
3.05,3.05,3.05,3.05,600,2021-09-08 21:15:00,IVR
3.05,3.05,3.05,3.05,200,2021-09-08 21:45:00,IVR
3.05,3.05,3.05,3.05,100,2021-09-08 21:55:00,IVR
3.05,3.05,3.05,3.05,500,2021-09-08 22:00:00,IVR
3.05,3.05,3.05,3.05,1947,2021-09-08 22:35:00,IVR
3.06,3.06,3.06,3.06,175,2021-09-08 22:45:00,IVR
3.04,3.04,3.04,3.04,1142,2021-09-08 22:50:00,IVR
3.06,3.06,3.06,3.06,265,2021-09-08 23:35:00,IVR
3.03,3.03,3.03,3.03,148,2021-09-09 08:20:00,IVR
3.04,3.04,3.04,3.04,303,2021-09-09 09:40:00,IVR
3.04,3.04,3.04,3.04,402,2021-09-09 09:45:00,IVR
3.04,3.04,3.04,3.04,500,2021-09-09 11:00:00,IVR
3.05,3.06,3.05,3.06,2000,2021-09-09 11:05:00,IVR
3.06,3.06,3.06,3.06,170,2021-09-09 12:00:00,IVR
3.06,3.06,3.0599,3.06,3000,2021-09-09 12:15:00,IVR
3.06,3.06,3.06,3.06,1140,2021-09-09 12:20:00,IVR
3.06,3.06,3.06,3.06,1000,2021-09-09 12:25:00,IVR
3.05,3.05,3.05,3.05,750,2021-09-09 12:50:00,IVR
3.0501,3.0501,3.05,3.05,1197,2021-09-09 13:00:00,IVR
3.05,3.05,3.05,3.05,600,2021-09-09 13:05:00,IVR
3.05,3.05,3.05,3.05,250,2021-09-09 13:10:00,IVR
3.05,3.05,3.05,3.05,100,2021-09-09 13:20:00,IVR
3.06,3.07,3.04,3.065,78994,2021-09-09 13:30:00,IVR
3.065,3.07,3.06,3.07,30904,2021-09-09 13:35:00,IVR
3.065,3.07,3.0607,3.07,17847,2021-09-09 13:40:00,IVR
3.065,3.07,3.055,3.065,30979,2021-09-09 13:45:00,IVR
3.065,3.07,3.061,3.07,45092,2021-09-09 13:50:00,IVR
3.07,3.08,3.065,3.07,114208,2021-09-09 13:55:00,IVR
3.07,3.08,3.07,3.075,75296,2021-09-09 14:00:00,IVR
3.07,3.08,3.07,3.075,290287,2021-09-09 14:05:00,IVR
3.08,3.08,3.07,3.07,61120,2021-09-09 14:10:00,IVR
3.07,3.08,3.07,3.0759,5191,2021-09-09 14:15:00,IVR
3.08,3.08,3.07,3.075,6709,2021-09-09 14:20:00,IVR
3.075,3.08,3.07,3.08,27335,2021-09-09 14:25:00,IVR
3.08,3.08,3.07,3.075,22601,2021-09-09 14:30:00,IVR
3.0729,3.08,3.07,3.08,7354,2021-09-09 14:35:00,IVR
3.0792,3.09,3.074,3.0744,306785,2021-09-09 14:40:00,IVR
3.075,3.09,3.0737,3.09,30662,2021-09-09 14:45:00,IVR
3.09,3.1,3.085,3.095,138547,2021-09-09 14:50:00,IVR
3.095,3.11,3.0935,3.1,81638,2021-09-09 14:55:00,IVR
3.1,3.1,3.09,3.095,45958,2021-09-09 15:00:00,IVR
3.095,3.0977,3.09,3.0928,16363,2021-09-09 15:05:00,IVR
3.095,3.0984,3.09,3.0956,12465,2021-09-09 15:10:00,IVR
3.0957,3.1,3.09,3.09,45326,2021-09-09 15:15:00,IVR
3.09,3.095,3.08,3.08,70510,2021-09-09 15:20:00,IVR
3.08,3.0861,3.08,3.08,24425,2021-09-09 15:25:00,IVR
3.08,3.085,3.0744,3.075,42255,2021-09-09 15:30:00,IVR
3.0799,3.0799,3.07,3.07,10155,2021-09-09 15:35:00,IVR
3.075,3.08,3.07,3.079,13353,2021-09-09 15:40:00,IVR
3.08,3.08,3.07,3.075,7967,2021-09-09 15:45:00,IVR
3.08,3.08,3.07,3.08,16485,2021-09-09 15:50:00,IVR
3.075,3.08,3.0743,3.08,9707,2021-09-09 15:55:00,IVR
3.08,3.08,3.07,3.075,45709,2021-09-09 16:00:00,IVR
3.074,3.08,3.074,3.075,13819,2021-09-09 16:05:00,IVR
3.079,3.08,3.07,3.07,11794,2021-09-09 16:10:00,IVR
3.0792,3.08,3.06,3.065,105436,2021-09-09 16:15:00,IVR
3.0673,3.0673,3.0614,3.0636,11447,2021-09-09 16:20:00,IVR
3.065,3.07,3.06,3.0693,16063,2021-09-09 16:25:00,IVR
3.063,3.0762,3.0629,3.075,101305,2021-09-09 16:30:00,IVR
3.07,3.08,3.07,3.077,6813,2021-09-09 16:35:00,IVR
3.075,3.08,3.07,3.075,64712,2021-09-09 16:40:00,IVR
3.075,3.0788,3.0632,3.0669,84831,2021-09-09 16:45:00,IVR
3.065,3.08,3.0646,3.075,34416,2021-09-09 16:50:00,IVR
3.075,3.08,3.0714,3.075,14112,2021-09-09 16:55:00,IVR
3.08,3.08,3.07,3.08,14826,2021-09-09 17:00:00,IVR
3.08,3.08,3.073,3.0769,8644,2021-09-09 17:05:00,IVR
3.0798,3.08,3.07,3.08,67928,2021-09-09 17:10:00,IVR
3.0764,3.08,3.07,3.071,24388,2021-09-09 17:15:00,IVR
3.0718,3.0795,3.06,3.065,35962,2021-09-09 17:20:00,IVR
3.069,3.07,3.0601,3.0669,2648,2021-09-09 17:25:00,IVR
3.065,3.07,3.06,3.065,7621,2021-09-09 17:30:00,IVR
3.065,3.07,3.065,3.07,12660,2021-09-09 17:35:00,IVR
3.069,3.07,3.06,3.07,9286,2021-09-09 17:40:00,IVR
3.07,3.07,3.06,3.07,21305,2021-09-09 17:45:00,IVR
3.07,3.07,3.065,3.07,3888,2021-09-09 17:50:00,IVR
3.065,3.07,3.06,3.07,7247,2021-09-09 17:55:00,IVR
3.07,3.07,3.0601,3.065,6613,2021-09-09 18:00:00,IVR
3.065,3.07,3.06,3.065,32286,2021-09-09 18:05:00,IVR
3.065,3.07,3.06,3.07,30314,2021-09-09 18:10:00,IVR
3.0667,3.07,3.06,3.07,9000,2021-09-09 18:15:00,IVR
3.07,3.07,3.065,3.065,11004,2021-09-09 18:20:00,IVR
3.07,3.07,3.06,3.07,8141,2021-09-09 18:25:00,IVR
3.07,3.07,3.0622,3.07,2745,2021-09-09 18:30:00,IVR
3.07,3.07,3.06,3.07,8765,2021-09-09 18:35:00,IVR
3.065,3.07,3.06,3.07,7989,2021-09-09 18:40:00,IVR
3.07,3.07,3.06,3.07,20579,2021-09-09 18:45:00,IVR
3.07,3.07,3.0601,3.07,4970,2021-09-09 18:50:00,IVR
3.07,3.07,3.065,3.07,9437,2021-09-09 18:55:00,IVR
3.07,3.07,3.0623,3.065,6290,2021-09-09 19:00:00,IVR
3.07,3.07,3.06,3.07,4990,2021-09-09 19:05:00,IVR
3.0663,3.07,3.06,3.07,9088,2021-09-09 19:10:00,IVR
3.07,3.07,3.06,3.07,12871,2021-09-09 19:15:00,IVR
3.0663,3.07,3.06,3.07,8284,2021-09-09 19:20:00,IVR
3.0663,3.07,3.06,3.07,6941,2021-09-09 19:25:00,IVR
3.07,3.07,3.0623,3.065,6969,2021-09-09 19:30:00,IVR
3.0693,3.09,3.06,3.09,165178,2021-09-09 19:35:00,IVR
3.085,3.1,3.0824,3.095,77220,2021-09-09 19:40:00,IVR
3.095,3.1,3.07,3.0725,551281,2021-09-09 19:45:00,IVR
3.075,3.08,3.0601,3.065,154095,2021-09-09 19:50:00,IVR
3.065,3.07,3.06,3.06,299408,2021-09-09 19:55:00,IVR
3.06,3.06,3.06,3.06,192171,2021-09-09 20:00:00,IVR
3.07,3.1,3.07,3.1,24179,2021-09-09 20:05:00,IVR
3.07,3.07,3.07,3.07,1766,2021-09-09 20:10:00,IVR
3.09,3.09,3.09,3.09,350,2021-09-09 20:15:00,IVR
3.08,3.08,3.08,3.08,300,2021-09-09 20:20:00,IVR
3.07,3.07,3.07,3.07,1000,2021-09-09 20:25:00,IVR
3.08,3.08,3.08,3.08,100,2021-09-09 20:40:00,IVR
3.09,3.09,3.09,3.09,100,2021-09-09 21:10:00,IVR
3.08,3.08,3.08,3.08,300,2021-09-09 21:20:00,IVR
3.08,3.08,3.08,3.08,130,2021-09-09 21:25:00,IVR
3.09,3.09,3.09,3.09,409,2021-09-09 21:30:00,IVR
3.08,3.08,3.08,3.08,115,2021-09-09 21:55:00,IVR
3.08,3.08,3.08,3.08,250,2021-09-09 23:00:00,IVR
3.09,3.09,3.09,3.09,100,2021-09-09 23:10:00,IVR
3.09,3.09,3.09,3.09,150,2021-09-09 23:15:00,IVR
3.09,3.09,3.09,3.09,140,2021-09-09 23:20:00,IVR
3.09,3.1,3.09,3.09,1120,2021-09-09 23:45:00,IVR
3.09,3.09,3.09,3.09,500,2021-09-09 23:50:00,IVR
3.1,3.1,3.1,3.1,8091,2021-09-09 23:55:00,IVR
3.06,3.06,3.04,3.04,450,2021-09-10 08:40:00,IVR
3.07,3.07,3.07,3.07,500,2021-09-10 08:50:00,IVR
3.07,3.07,3.07,3.07,486,2021-09-10 09:45:00,IVR
3.09,3.1,3.09,3.1,200,2021-09-10 10:35:00,IVR
3.1,3.1,3.1,3.1,110,2021-09-10 10:50:00,IVR
3.11,3.11,3.11,3.11,999,2021-09-10 11:10:00,IVR
3.11,3.11,3.11,3.11,125,2021-09-10 11:40:00,IVR
3.11,3.11,3.11,3.11,1500,2021-09-10 11:50:00,IVR
3.11,3.11,3.11,3.11,500,2021-09-10 11:55:00,IVR
3.11,3.11,3.1099,3.11,7200,2021-09-10 12:00:00,IVR
3.1,3.1,3.1,3.1,150,2021-09-10 12:05:00,IVR
3.1,3.1,3.1,3.1,639,2021-09-10 12:20:00,IVR
3.09,3.09,3.09,3.09,200,2021-09-10 12:30:00,IVR
3.0899,3.0899,3.0899,3.0899,1260,2021-09-10 12:35:00,IVR
3.09,3.09,3.09,3.09,100,2021-09-10 12:40:00,IVR
3.08,3.09,3.08,3.09,2342,2021-09-10 12:55:00,IVR
3.09,3.09,3.09,3.09,856,2021-09-10 13:00:00,IVR
3.0999,3.1,3.0999,3.1,422,2021-09-10 13:05:00,IVR
3.0999,3.1,3.0999,3.1,361,2021-09-10 13:15:00,IVR
3.1,3.1,3.09,3.09,2039,2021-09-10 13:20:00,IVR
3.09,3.09,3.06,3.0728,130280,2021-09-10 13:30:00,IVR
3.0723,3.0799,3.05,3.0523,211516,2021-09-10 13:35:00,IVR
3.0511,3.06,3.05,3.05,107731,2021-09-10 13:40:00,IVR
3.045,3.06,3.0436,3.055,50445,2021-09-10 13:45:00,IVR
3.055,3.06,3.04,3.045,134415,2021-09-10 13:50:00,IVR
3.04,3.05,3.04,3.0401,81689,2021-09-10 13:55:00,IVR
3.045,3.05,3.03,3.0355,81828,2021-09-10 14:00:00,IVR
3.037,3.04,3.03,3.04,14382,2021-09-10 14:05:00,IVR
3.0368,3.06,3.0368,3.0442,356859,2021-09-10 14:10:00,IVR
3.049,3.06,3.0401,3.0401,74183,2021-09-10 14:15:00,IVR
3.045,3.05,3.04,3.0499,10992,2021-09-10 14:20:00,IVR
3.05,3.05,3.04,3.0467,20569,2021-09-10 14:25:00,IVR
3.05,3.05,3.03,3.0337,82157,2021-09-10 14:30:00,IVR
3.0379,3.04,3.03,3.035,31768,2021-09-10 14:35:00,IVR
3.0367,3.05,3.03,3.047,80967,2021-09-10 14:40:00,IVR
3.0442,3.05,3.04,3.045,10643,2021-09-10 14:45:00,IVR
3.04,3.05,3.03,3.0343,84666,2021-09-10 14:50:00,IVR
3.03,3.04,3.03,3.0358,35461,2021-09-10 14:55:00,IVR
3.0368,3.05,3.03,3.04,48205,2021-09-10 15:00:00,IVR
3.045,3.05,3.0301,3.0301,42256,2021-09-10 15:05:00,IVR
3.0328,3.04,3.03,3.03,14695,2021-09-10 15:10:00,IVR
3.0399,3.04,3.03,3.03,9725,2021-09-10 15:15:00,IVR
3.0387,3.04,3.0306,3.0399,18522,2021-09-10 15:20:00,IVR
3.0365,3.04,3.03,3.0315,9701,2021-09-10 15:25:00,IVR
3.0361,3.05,3.03,3.0467,45307,2021-09-10 15:30:00,IVR
3.045,3.05,3.04,3.0468,11101,2021-09-10 15:35:00,IVR
3.045,3.05,3.04,3.0461,5021,2021-09-10 15:40:00,IVR
3.045,3.05,3.03,3.035,56251,2021-09-10 15:45:00,IVR
3.0351,3.04,3.03,3.03,11440,2021-09-10 15:50:00,IVR
3.0364,3.04,3.03,3.0325,9436,2021-09-10 15:55:00,IVR
3.03,3.04,3.03,3.03,18939,2021-09-10 16:00:00,IVR
3.03,3.05,3.03,3.045,44901,2021-09-10 16:05:00,IVR
3.05,3.05,3.04,3.0442,7804,2021-09-10 16:10:00,IVR
3.0435,3.05,3.0435,3.045,18294,2021-09-10 16:15:00,IVR
3.0477,3.05,3.04,3.045,2427,2021-09-10 16:20:00,IVR
3.0474,3.05,3.04,3.0435,44302,2021-09-10 16:25:00,IVR
3.0466,3.05,3.04,3.0434,9326,2021-09-10 16:30:00,IVR
3.05,3.05,3.04,3.05,9588,2021-09-10 16:35:00,IVR
3.05,3.06,3.04,3.05,49699,2021-09-10 16:40:00,IVR
3.055,3.055,3.04,3.0401,73406,2021-09-10 16:45:00,IVR
3.04,3.05,3.04,3.049,4624,2021-09-10 16:50:00,IVR
3.04,3.05,3.04,3.0465,2104,2021-09-10 16:55:00,IVR
3.047,3.05,3.04,3.045,1913,2021-09-10 17:00:00,IVR
3.04,3.05,3.04,3.05,1040,2021-09-10 17:05:00,IVR
3.05,3.05,3.04,3.048,7229,2021-09-10 17:10:00,IVR
3.05,3.05,3.04,3.05,2961,2021-09-10 17:15:00,IVR
3.05,3.05,3.04,3.049,7885,2021-09-10 17:20:00,IVR
3.05,3.05,3.04,3.0439,5657429,2021-09-10 17:25:00,IVR
3.05,3.05,3.04,3.045,4709,2021-09-10 17:30:00,IVR
3.05,3.05,3.04,3.05,9868,2021-09-10 17:35:00,IVR
3.05,3.05,3.04,3.04,6863,2021-09-10 17:40:00,IVR
3.045,3.05,3.04,3.045,6392,2021-09-10 17:45:00,IVR
3.05,3.05,3.04,3.05,12857,2021-09-10 17:50:00,IVR
3.045,3.05,3.04,3.05,7589,2021-09-10 17:55:00,IVR
3.05,3.05,3.04,3.045,5011,2021-09-10 18:00:00,IVR
3.05,3.05,3.04,3.0438,11448,2021-09-10 18:05:00,IVR
3.0495,3.05,3.04,3.0454,20030,2021-09-10 18:10:00,IVR
3.0432,3.05,3.04,3.04,12365,2021-09-10 18:15:00,IVR
3.05,3.05,3.04,3.04,11420,2021-09-10 18:20:00,IVR
3.04,3.05,3.04,3.0499,11241,2021-09-10 18:25:00,IVR
3.05,3.05,3.04,3.0433,4608,2021-09-10 18:30:00,IVR
3.05,3.05,3.04,3.05,3639,2021-09-10 18:35:00,IVR
3.0499,3.05,3.04,3.05,2552,2021-09-10 18:40:00,IVR
3.05,3.05,3.04,3.045,9715,2021-09-10 18:45:00,IVR
3.05,3.05,3.0401,3.0436,3246,2021-09-10 18:50:00,IVR
3.045,3.05,3.04,3.05,64934,2021-09-10 18:55:00,IVR
3.05,3.05,3.04,3.044,10816,2021-09-10 19:00:00,IVR
3.04,3.05,3.04,3.05,24983,2021-09-10 19:05:00,IVR
3.0441,3.05,3.04,3.0401,48284,2021-09-10 19:10:00,IVR
3.045,3.05,3.04,3.045,26795,2021-09-10 19:15:00,IVR
3.045,3.0474,3.0321,3.0371,141114,2021-09-10 19:20:00,IVR
3.0323,3.04,3.03,3.04,28938,2021-09-10 19:25:00,IVR
3.035,3.04,3.03,3.04,47349,2021-09-10 19:30:00,IVR
3.035,3.04,3.02,3.0272,145530,2021-09-10 19:35:00,IVR
3.025,3.03,3.02,3.02,29028,2021-09-10 19:40:00,IVR
3.0222,3.03,3.02,3.025,26874,2021-09-10 19:45:00,IVR
3.025,3.03,3.02,3.02,106813,2021-09-10 19:50:00,IVR
3.02,3.03,3.02,3.02,215505,2021-09-10 19:55:00,IVR
3.02,3.03,3.02,3.03,114647,2021-09-10 20:00:00,IVR
3.03,3.03,3.03,3.03,250,2021-09-10 20:15:00,IVR
3.0399,3.0399,3.03,3.03,2708,2021-09-10 20:25:00,IVR
3.03,3.04,3.03,3.04,3000,2021-09-10 20:30:00,IVR
3.03,3.03,3.03,3.03,1000,2021-09-10 20:35:00,IVR
3.03,3.04,3.03,3.04,1900,2021-09-10 20:40:00,IVR
3.03,3.03,3.03,3.03,1000,2021-09-10 20:45:00,IVR
3.03,3.04,3.03,3.04,1131,2021-09-10 21:10:00,IVR
3.04,3.04,3.04,3.04,8500,2021-09-10 21:25:00,IVR
3.04,3.04,3.04,3.04,1000,2021-09-10 21:35:00,IVR
3.03,3.04,3.03,3.03,1671,2021-09-10 21:40:00,IVR
3.03,3.03,3.03,3.03,100,2021-09-10 21:45:00,IVR
3.04,3.04,3.04,3.04,200,2021-09-10 21:55:00,IVR
3.04,3.04,3.04,3.04,400,2021-09-10 22:05:00,IVR
3.04,3.04,3.03,3.03,400,2021-09-10 22:10:00,IVR
3.04,3.04,3.04,3.04,131,2021-09-10 22:20:00,IVR
3.04,3.04,3.04,3.04,100,2021-09-10 22:25:00,IVR
3.03,3.03,3.03,3.03,6961,2021-09-10 22:30:00,IVR
3.03,3.03,3.03,3.03,301,2021-09-10 22:40:00,IVR
3.0301,3.0301,3.0301,3.0301,4936,2021-09-10 23:45:00,IVR
3.04,3.04,3.04,3.04,980,2021-09-10 23:50:00,IVR
3.04,3.04,3.04,3.04,495,2021-09-13 08:15:00,IVR
3.02,3.02,3.02,3.02,1498,2021-09-13 08:30:00,IVR
3.02,3.02,3.02,3.02,200,2021-09-13 09:50:00,IVR
3.02,3.02,3.02,3.02,100,2021-09-13 09:55:00,IVR
3.01,3.02,3.01,3.02,1064,2021-09-13 10:00:00,IVR
3.02,3.04,3.02,3.04,11493,2021-09-13 11:00:00,IVR
3.05,3.05,3.05,3.05,400,2021-09-13 11:20:00,IVR
3.0499,3.0499,3.0499,3.0499,160,2021-09-13 12:10:00,IVR
3.04,3.04,3.04,3.04,316,2021-09-13 12:15:00,IVR
3.04,3.04,3.04,3.04,208,2021-09-13 12:45:00,IVR
3.04,3.05,3.04,3.05,380,2021-09-13 12:50:00,IVR
3.05,3.06,3.04,3.04,3558,2021-09-13 12:55:00,IVR
3.06,3.06,3.06,3.06,250,2021-09-13 13:00:00,IVR
3.04,3.04,3.04,3.04,500,2021-09-13 13:10:00,IVR
3.04,3.04,3.04,3.04,251,2021-09-13 13:15:00,IVR
3.05,3.05,3.05,3.05,100,2021-09-13 13:20:00,IVR
3.06,3.06,3.05,3.05,2988,2021-09-13 13:25:00,IVR
3.05,3.05,3.0201,3.025,82557,2021-09-13 13:30:00,IVR
3.025,3.04,3.0236,3.035,48592,2021-09-13 13:35:00,IVR
3.03,3.05,3.03,3.0423,71597,2021-09-13 13:40:00,IVR
3.045,3.06,3.04,3.055,32146,2021-09-13 13:45:00,IVR
3.05,3.06,3.05,3.055,125356,2021-09-13 13:50:00,IVR
3.0588,3.06,3.05,3.05,139906,2021-09-13 13:55:00,IVR
3.055,3.07,3.05,3.07,33938,2021-09-13 14:00:00,IVR
3.065,3.07,3.05,3.05,109028,2021-09-13 14:05:00,IVR
3.0463,3.05,3.04,3.045,47809,2021-09-13 14:10:00,IVR
3.045,3.07,3.0435,3.07,70701,2021-09-13 14:15:00,IVR
3.065,3.07,3.06,3.07,26242,2021-09-13 14:20:00,IVR
3.07,3.07,3.06,3.07,15183,2021-09-13 14:25:00,IVR
3.07,3.08,3.07,3.075,46608,2021-09-13 14:30:00,IVR
3.075,3.08,3.07,3.0762,25375,2021-09-13 14:35:00,IVR
3.0758,3.08,3.07,3.08,18693,2021-09-13 14:40:00,IVR
3.08,3.09,3.07,3.09,127914,2021-09-13 14:45:00,IVR
3.085,3.09,3.0732,3.075,125716,2021-09-13 14:50:00,IVR
3.075,3.0765,3.07,3.0709,18112,2021-09-13 14:55:00,IVR
3.0723,3.08,3.0701,3.075,17734,2021-09-13 15:00:00,IVR
3.0758,3.09,3.075,3.08,79055,2021-09-13 15:05:00,IVR
3.085,3.0891,3.0701,3.0701,65158,2021-09-13 15:10:00,IVR
3.0766,3.08,3.07,3.075,11422,2021-09-13 15:15:00,IVR
3.075,3.08,3.0701,3.075,23626,2021-09-13 15:20:00,IVR
3.075,3.08,3.07,3.075,8382,2021-09-13 15:25:00,IVR
3.08,3.09,3.0782,3.0846,45042,2021-09-13 15:30:00,IVR
3.085,3.1,3.08,3.0945,63182,2021-09-13 15:35:00,IVR
3.0968,3.1,3.09,3.1,24998,2021-09-13 15:40:00,IVR
3.095,3.1,3.09,3.09,8750,2021-09-13 15:45:00,IVR
3.1,3.1,3.09,3.1,14686,2021-09-13 15:50:00,IVR
3.095,3.1,3.09,3.09,61903,2021-09-13 15:55:00,IVR
3.0901,3.1,3.09,3.0909,16215,2021-09-13 16:00:00,IVR
3.0916,3.1,3.09,3.095,5325,2021-09-13 16:05:00,IVR
3.095,3.1,3.09,3.095,20936,2021-09-13 16:10:00,IVR
3.1,3.1,3.09,3.09,6434,2021-09-13 16:15:00,IVR
3.095,3.1,3.09,3.0927,16117,2021-09-13 16:20:00,IVR
3.095,3.1,3.0838,3.09,84562,2021-09-13 16:25:00,IVR
3.085,3.085,3.0833,3.085,9218,2021-09-13 16:30:00,IVR
3.0868,3.09,3.0801,3.085,3313,2021-09-13 16:35:00,IVR
3.09,3.09,3.08,3.08,10558,2021-09-13 16:40:00,IVR
3.08,3.09,3.08,3.08,22481,2021-09-13 16:45:00,IVR
3.085,3.09,3.08,3.085,4903,2021-09-13 16:50:00,IVR
3.09,3.09,3.08,3.085,5982,2021-09-13 16:55:00,IVR
3.0899,3.09,3.08,3.09,13230,2021-09-13 17:00:00,IVR
3.0835,3.09,3.08,3.09,16562,2021-09-13 17:05:00,IVR
3.085,3.09,3.08,3.09,5700,2021-09-13 17:10:00,IVR
3.085,3.09,3.08,3.085,19126,2021-09-13 17:15:00,IVR
3.0801,3.09,3.075,3.075,144143,2021-09-13 17:20:00,IVR
3.08,3.08,3.07,3.075,13997,2021-09-13 17:25:00,IVR
3.0747,3.08,3.07,3.075,26767,2021-09-13 17:30:00,IVR
3.07,3.08,3.07,3.08,46314,2021-09-13 17:35:00,IVR
3.07,3.08,3.07,3.08,12758,2021-09-13 17:40:00,IVR
3.0744,3.08,3.0722,3.075,12492,2021-09-13 17:45:00,IVR
3.0709,3.08,3.0701,3.08,20397,2021-09-13 17:50:00,IVR
3.075,3.08,3.07,3.08,18271,2021-09-13 17:55:00,IVR
3.08,3.09,3.0759,3.09,10151,2021-09-13 18:00:00,IVR
3.0835,3.09,3.08,3.09,31970,2021-09-13 18:05:00,IVR
3.085,3.09,3.0801,3.09,5398,2021-09-13 18:10:00,IVR
3.085,3.09,3.08,3.09,7729,2021-09-13 18:15:00,IVR
3.09,3.09,3.08,3.085,7259,2021-09-13 18:20:00,IVR
3.085,3.09,3.085,3.09,9216,2021-09-13 18:25:00,IVR
3.085,3.09,3.08,3.09,11161,2021-09-13 18:30:00,IVR
3.09,3.09,3.0846,3.085,28716,2021-09-13 18:35:00,IVR
3.0846,3.09,3.0846,3.09,25520,2021-09-13 18:40:00,IVR
3.0892,3.1,3.085,3.1,51601,2021-09-13 18:45:00,IVR
3.095,3.1,3.085,3.085,60495,2021-09-13 18:50:00,IVR
3.085,3.09,3.0842,3.085,17795,2021-09-13 18:55:00,IVR
3.0806,3.09,3.08,3.085,9355,2021-09-13 19:00:00,IVR
3.0803,3.09,3.08,3.09,6550,2021-09-13 19:05:00,IVR
3.09,3.09,3.08,3.085,48407,2021-09-13 19:10:00,IVR
3.085,3.09,3.08,3.08,10098,2021-09-13 19:15:00,IVR
3.09,3.09,3.08,3.09,4193,2021-09-13 19:20:00,IVR
3.085,3.09,3.08,3.085,11451,2021-09-13 19:25:00,IVR
3.085,3.1,3.085,3.095,75584,2021-09-13 19:30:00,IVR
3.095,3.1,3.09,3.1,59816,2021-09-13 19:35:00,IVR
3.0999,3.1,3.09,3.1,39385,2021-09-13 19:40:00,IVR
3.095,3.1,3.09,3.095,31631,2021-09-13 19:45:00,IVR
3.09,3.1,3.09,3.095,114444,2021-09-13 19:50:00,IVR
3.095,3.1,3.09,3.1,188617,2021-09-13 19:55:00,IVR
3.1,3.1,3.1,3.1,597005,2021-09-13 20:00:00,IVR
3.09,3.1,3.09,3.1,300,2021-09-13 20:05:00,IVR
3.09,3.09,3.09,3.09,100,2021-09-13 20:15:00,IVR
3.1,3.1,3.1,3.1,300,2021-09-13 20:20:00,IVR
3.0801,3.0801,3.0801,3.0801,948,2021-09-13 20:30:00,IVR
3.1,3.1,3.08,3.08,915,2021-09-13 20:45:00,IVR
3.08,3.08,3.08,3.08,100,2021-09-13 20:50:00,IVR
3.09,3.09,3.08,3.09,800,2021-09-13 20:55:00,IVR
3.0801,3.0801,3.08,3.08,360,2021-09-13 21:05:00,IVR
3.1,3.1,3.09,3.09,17327,2021-09-13 21:10:00,IVR
3.09,3.09,3.09,3.09,100,2021-09-13 21:40:00,IVR
3.08,3.08,3.08,3.08,300,2021-09-13 21:45:00,IVR
3.0801,3.0801,3.08,3.08,523,2021-09-13 21:50:00,IVR
3.08,3.08,3.08,3.08,300,2021-09-13 21:55:00,IVR
3.08,3.08,3.08,3.08,500,2021-09-13 22:35:00,IVR
3.08,3.08,3.08,3.08,175,2021-09-13 22:50:00,IVR
3.09,3.09,3.09,3.09,1100,2021-09-13 23:00:00,IVR
3.07,3.07,3.07,3.07,100,2021-09-14 08:00:00,IVR
3.03,3.03,3.03,3.03,200,2021-09-14 08:30:00,IVR
3.07,3.07,3.07,3.07,100,2021-09-14 11:00:00,IVR
3.06,3.06,3.05,3.05,903,2021-09-14 11:35:00,IVR
3.06,3.06,3.06,3.06,100,2021-09-14 11:50:00,IVR
3.06,3.06,3.06,3.06,602,2021-09-14 11:55:00,IVR
3.07,3.07,3.05,3.05,1330,2021-09-14 12:05:00,IVR
3.05,3.05,3.05,3.05,200,2021-09-14 12:20:00,IVR
3.07,3.07,3.06,3.07,10165,2021-09-14 12:35:00,IVR
3.0799,3.0799,3.0799,3.0799,300,2021-09-14 12:40:00,IVR
3.0701,3.0701,3.0701,3.0701,162,2021-09-14 12:45:00,IVR
3.07,3.07,3.07,3.07,200,2021-09-14 12:50:00,IVR
3.08,3.08,3.08,3.08,220,2021-09-14 13:05:00,IVR
3.08,3.09,3.08,3.09,660,2021-09-14 13:15:00,IVR
3.09,3.1,3.09,3.1,1450,2021-09-14 13:20:00,IVR
3.1,3.1,3.1,3.1,2462,2021-09-14 13:25:00,IVR
3.11,3.11,3.0915,3.105,134968,2021-09-14 13:30:00,IVR
3.11,3.11,3.0928,3.1001,54902,2021-09-14 13:35:00,IVR
3.101,3.1093,3.09,3.1,57211,2021-09-14 13:40:00,IVR
3.0925,3.11,3.0925,3.105,20706,2021-09-14 13:45:00,IVR
3.1,3.11,3.1,3.11,38093,2021-09-14 13:50:00,IVR
3.11,3.11,3.09,3.1,30844,2021-09-14 13:55:00,IVR
3.0901,3.1,3.08,3.0925,29041,2021-09-14 14:00:00,IVR
3.095,3.1,3.0929,3.0999,19773,2021-09-14 14:05:00,IVR
3.095,3.1,3.09,3.09,14300,2021-09-14 14:10:00,IVR
3.0963,3.1,3.09,3.0934,16160,2021-09-14 14:15:00,IVR
3.0936,3.1,3.08,3.095,116894,2021-09-14 14:20:00,IVR
3.0911,3.1,3.07,3.08,43739,2021-09-14 14:25:00,IVR
3.075,3.0799,3.07,3.0799,13990,2021-09-14 14:30:00,IVR
3.075,3.08,3.07,3.07,27358,2021-09-14 14:35:00,IVR
3.075,3.08,3.07,3.08,19196,2021-09-14 14:40:00,IVR
3.08,3.08,3.0733,3.0733,14270,2021-09-14 14:45:00,IVR
3.08,3.08,3.07,3.08,15379,2021-09-14 14:50:00,IVR
3.075,3.08,3.0708,3.075,10067,2021-09-14 14:55:00,IVR
3.07,3.08,3.07,3.075,13830,2021-09-14 15:00:00,IVR
3.08,3.09,3.07,3.09,29537,2021-09-14 15:05:00,IVR
3.085,3.09,3.08,3.0843,5893,2021-09-14 15:10:00,IVR
3.085,3.0864,3.08,3.085,4384,2021-09-14 15:15:00,IVR
3.085,3.09,3.07,3.08,47928,2021-09-14 15:20:00,IVR
3.075,3.08,3.07,3.075,11625,2021-09-14 15:25:00,IVR
3.08,3.08,3.07,3.0746,7599,2021-09-14 15:30:00,IVR
3.075,3.0799,3.07,3.075,35457,2021-09-14 15:35:00,IVR
3.075,3.0799,3.07,3.075,25359,2021-09-14 15:40:00,IVR
3.0799,3.0799,3.07,3.075,4344,2021-09-14 15:45:00,IVR
3.07,3.075,3.0601,3.065,44238,2021-09-14 15:50:00,IVR
3.065,3.07,3.06,3.065,15187,2021-09-14 15:55:00,IVR
3.06,3.07,3.06,3.066,4362,2021-09-14 16:00:00,IVR
3.07,3.07,3.06,3.0657,29136,2021-09-14 16:05:00,IVR
3.07,3.07,3.0601,3.0662,3704,2021-09-14 16:10:00,IVR
3.065,3.07,3.0601,3.065,6174,2021-09-14 16:15:00,IVR
3.07,3.07,3.06,3.07,4629,2021-09-14 16:20:00,IVR
3.07,3.07,3.06,3.065,39009,2021-09-14 16:25:00,IVR
3.065,3.07,3.06,3.065,12830,2021-09-14 16:30:00,IVR
3.065,3.07,3.06,3.065,43285,2021-09-14 16:35:00,IVR
3.065,3.07,3.06,3.06,9826,2021-09-14 16:40:00,IVR
3.065,3.07,3.06,3.0662,11308,2021-09-14 16:45:00,IVR
3.0634,3.0699,3.0601,3.0664,22879,2021-09-14 16:50:00,IVR
3.065,3.07,3.06,3.07,16171,2021-09-14 16:55:00,IVR
3.07,3.07,3.06,3.07,19633,2021-09-14 17:00:00,IVR
3.065,3.07,3.0635,3.065,7836,2021-09-14 17:05:00,IVR
3.065,3.07,3.06,3.065,9142,2021-09-14 17:10:00,IVR
3.07,3.07,3.06,3.07,15935,2021-09-14 17:15:00,IVR
3.0699,3.09,3.065,3.08,95979,2021-09-14 17:20:00,IVR
3.09,3.09,3.08,3.09,7419,2021-09-14 17:25:00,IVR
3.0801,3.09,3.08,3.0879,9930,2021-09-14 17:30:00,IVR
3.08,3.09,3.08,3.09,6779,2021-09-14 17:35:00,IVR
3.09,3.1,3.0844,3.0968,35490,2021-09-14 17:40:00,IVR
3.095,3.1,3.0801,3.0801,65210,2021-09-14 17:45:00,IVR
3.0876,3.0899,3.0835,3.085,12740,2021-09-14 17:50:00,IVR
3.0801,3.09,3.08,3.09,9547,2021-09-14 17:55:00,IVR
3.08,3.09,3.08,3.0854,9190,2021-09-14 18:00:00,IVR
3.085,3.09,3.08,3.09,2743,2021-09-14 18:05:00,IVR
3.08,3.09,3.08,3.09,5471,2021-09-14 18:10:00,IVR
3.0811,3.09,3.08,3.085,19235,2021-09-14 18:15:00,IVR
3.085,3.085,3.07,3.075,56348,2021-09-14 18:20:00,IVR
3.073,3.079,3.07,3.0736,4673,2021-09-14 18:25:00,IVR
3.075,3.075,3.06,3.065,28369,2021-09-14 18:30:00,IVR
3.065,3.07,3.06,3.0639,21193,2021-09-14 18:35:00,IVR
3.0639,3.07,3.06,3.0674,8738,2021-09-14 18:40:00,IVR
3.065,3.07,3.06,3.06,8772,2021-09-14 18:45:00,IVR
3.0633,3.07,3.06,3.07,27424,2021-09-14 18:50:00,IVR
3.07,3.07,3.0619,3.07,12544,2021-09-14 18:55:00,IVR
3.07,3.07,3.06,3.065,6713,2021-09-14 19:00:00,IVR
3.065,3.07,3.0601,3.07,10087,2021-09-14 19:05:00,IVR
3.065,3.07,3.06,3.07,8163,2021-09-14 19:10:00,IVR
3.07,3.07,3.06,3.065,8108,2021-09-14 19:15:00,IVR
3.0638,3.08,3.0634,3.075,28031,2021-09-14 19:20:00,IVR
3.07,3.08,3.07,3.075,22540,2021-09-14 19:25:00,IVR
3.07,3.07,3.06,3.065,25354,2021-09-14 19:30:00,IVR
3.07,3.07,3.0601,3.07,10079,2021-09-14 19:35:00,IVR
3.07,3.07,3.0601,3.065,22548,2021-09-14 19:40:00,IVR
3.07,3.08,3.065,3.07,64730,2021-09-14 19:45:00,IVR
3.08,3.08,3.07,3.075,37013,2021-09-14 19:50:00,IVR
3.08,3.09,3.07,3.08,105989,2021-09-14 19:55:00,IVR
3.08,3.08,3.08,3.08,154111,2021-09-14 20:00:00,IVR
3.06,3.08,3.06,3.08,205,2021-09-14 20:10:00,IVR
3.06,3.06,3.06,3.06,314,2021-09-14 20:30:00,IVR
3.06,3.06,3.06,3.06,380,2021-09-14 20:40:00,IVR
3.06,3.07,3.06,3.07,300,2021-09-14 20:45:00,IVR
3.06,3.07,3.06,3.07,1662,2021-09-14 20:50:00,IVR
3.07,3.08,3.07,3.08,1326,2021-09-14 21:10:00,IVR
3.08,3.08,3.08,3.08,600,2021-09-14 21:20:00,IVR
3.07,3.07,3.06,3.06,5004,2021-09-14 21:30:00,IVR
3.08,3.08,3.08,3.08,300,2021-09-14 21:40:00,IVR
3.09,3.09,3.09,3.09,955,2021-09-14 21:50:00,IVR
3.06,3.06,3.06,3.06,122,2021-09-14 21:55:00,IVR
3.06,3.06,3.06,3.06,300,2021-09-14 22:30:00,IVR
3.1,3.1,3.1,3.1,5000,2021-09-14 22:40:00,IVR
3.07,3.07,3.07,3.07,141,2021-09-14 23:40:00,IVR
3.07,3.07,3.07,3.07,512,2021-09-14 23:55:00,IVR
3.07,3.07,3.07,3.07,100,2021-09-15 11:15:00,IVR
3.06,3.06,3.06,3.06,400,2021-09-15 12:00:00,IVR
3.0601,3.0601,3.06,3.06,2000,2021-09-15 12:10:00,IVR
3.07,3.07,3.07,3.07,118,2021-09-15 12:45:00,IVR
3.07,3.08,3.07,3.08,1109,2021-09-15 12:55:00,IVR
3.08,3.08,3.08,3.08,326,2021-09-15 13:05:00,IVR
3.07,3.08,3.07,3.08,2005,2021-09-15 13:10:00,IVR
3.07,3.07,3.07,3.07,200,2021-09-15 13:15:00,IVR
3.08,3.08,3.08,3.08,144,2021-09-15 13:25:00,IVR
3.07,3.0792,3.06,3.0701,47828,2021-09-15 13:30:00,IVR
3.08,3.08,3.06,3.0643,76572,2021-09-15 13:35:00,IVR
3.065,3.07,3.0601,3.07,16501,2021-09-15 13:40:00,IVR
3.0646,3.085,3.0626,3.085,93820,2021-09-15 13:45:00,IVR
3.085,3.0893,3.0715,3.075,65584,2021-09-15 13:50:00,IVR
3.0791,3.08,3.0739,3.075,12010,2021-09-15 13:55:00,IVR
3.08,3.09,3.0725,3.085,10989,2021-09-15 14:00:00,IVR
3.09,3.09,3.07,3.075,41806,2021-09-15 14:05:00,IVR
3.0731,3.08,3.0626,3.0669,29435,2021-09-15 14:10:00,IVR
3.07,3.07,3.06,3.07,24757,2021-09-15 14:15:00,IVR
3.0686,3.07,3.06,3.07,5753,2021-09-15 14:20:00,IVR
3.0685,3.08,3.0685,3.075,9146,2021-09-15 14:25:00,IVR
3.075,3.08,3.07,3.08,12317,2021-09-15 14:30:00,IVR
3.08,3.08,3.0739,3.08,7637,2021-09-15 14:35:00,IVR
3.0781,3.08,3.065,3.067,47610,2021-09-15 14:40:00,IVR
3.0629,3.07,3.06,3.0691,22720,2021-09-15 14:45:00,IVR
3.065,3.08,3.06,3.065,78060,2021-09-15 14:50:00,IVR
3.07,3.07,3.06,3.07,229133,2021-09-15 14:55:00,IVR
3.065,3.08,3.06,3.075,154831,2021-09-15 15:00:00,IVR
3.075,3.08,3.07,3.0772,5529,2021-09-15 15:05:00,IVR
3.075,3.0774,3.0701,3.0774,5596,2021-09-15 15:10:00,IVR
3.075,3.08,3.0743,3.08,13300,2021-09-15 15:15:00,IVR
3.0793,3.09,3.075,3.09,63090,2021-09-15 15:20:00,IVR
3.085,3.09,3.08,3.085,37535,2021-09-15 15:25:00,IVR
3.086,3.09,3.08,3.085,49652,2021-09-15 15:30:00,IVR
3.085,3.09,3.085,3.09,3101,2021-09-15 15:35:00,IVR
3.09,3.09,3.08,3.085,35938,2021-09-15 15:40:00,IVR
3.0801,3.0896,3.08,3.0875,8900,2021-09-15 15:45:00,IVR
3.085,3.09,3.08,3.0846,7680,2021-09-15 15:50:00,IVR
3.09,3.09,3.08,3.0802,4849,2021-09-15 15:55:00,IVR
3.085,3.085,3.0701,3.0744,28079,2021-09-15 16:00:00,IVR
3.0736,3.08,3.0701,3.0768,3241,2021-09-15 16:05:00,IVR
3.0726,3.08,3.0702,3.075,4293,2021-09-15 16:10:00,IVR
3.079,3.08,3.07,3.08,29295,2021-09-15 16:15:00,IVR
3.08,3.08,3.0702,3.08,9749,2021-09-15 16:20:00,IVR
3.07,3.08,3.07,3.075,12236,2021-09-15 16:25:00,IVR
3.075,3.08,3.07,3.075,11750,2021-09-15 16:30:00,IVR
3.08,3.08,3.07,3.075,3650,2021-09-15 16:35:00,IVR
3.075,3.08,3.07,3.075,27445,2021-09-15 16:40:00,IVR
3.075,3.08,3.07,3.075,6101,2021-09-15 16:45:00,IVR
3.075,3.08,3.07,3.0709,13434,2021-09-15 16:50:00,IVR
3.07,3.08,3.07,3.08,7784,2021-09-15 16:55:00,IVR
3.08,3.08,3.07,3.07,8375,2021-09-15 17:00:00,IVR
3.08,3.08,3.07,3.075,11588,2021-09-15 17:05:00,IVR
3.075,3.0758,3.07,3.075,5474,2021-09-15 17:10:00,IVR
3.07,3.08,3.07,3.0724,8332,2021-09-15 17:15:00,IVR
3.07,3.08,3.07,3.07,9974,2021-09-15 17:20:00,IVR
3.075,3.08,3.07,3.07,16483,2021-09-15 17:25:00,IVR
3.075,3.08,3.07,3.07,28327,2021-09-15 17:30:00,IVR
3.075,3.08,3.07,3.075,9846,2021-09-15 17:35:00,IVR
3.07,3.0799,3.07,3.075,6800,2021-09-15 17:40:00,IVR
3.07,3.08,3.07,3.075,4970,2021-09-15 17:45:00,IVR
3.07,3.08,3.07,3.075,18476,2021-09-15 17:50:00,IVR
3.0701,3.0757,3.07,3.07,5741,2021-09-15 17:55:00,IVR
3.075,3.0775,3.06,3.06,103468,2021-09-15 18:00:00,IVR
3.065,3.066,3.06,3.066,5764,2021-09-15 18:05:00,IVR
3.065,3.0665,3.06,3.06,9577,2021-09-15 18:10:00,IVR
3.06,3.07,3.06,3.07,9473,2021-09-15 18:15:00,IVR
3.065,3.0684,3.06,3.06,15894,2021-09-15 18:20:00,IVR
3.06,3.07,3.06,3.06,7906,2021-09-15 18:25:00,IVR
3.065,3.0666,3.06,3.06,15178,2021-09-15 18:30:00,IVR
3.065,3.07,3.06,3.065,50443,2021-09-15 18:35:00,IVR
3.07,3.07,3.06,3.065,21309,2021-09-15 18:40:00,IVR
3.07,3.07,3.0628,3.065,8028,2021-09-15 18:45:00,IVR
3.065,3.07,3.06,3.065,67753,2021-09-15 18:50:00,IVR
3.06,3.0661,3.06,3.06,5945,2021-09-15 18:55:00,IVR
3.0659,3.07,3.06,3.06,21961,2021-09-15 19:00:00,IVR
3.06,3.07,3.06,3.06,19400,2021-09-15 19:05:00,IVR
3.0643,3.0694,3.06,3.06,12548,2021-09-15 19:10:00,IVR
3.06,3.0665,3.06,3.06,23158,2021-09-15 19:15:00,IVR
3.065,3.07,3.06,3.06,103945,2021-09-15 19:20:00,IVR
3.065,3.07,3.06,3.065,19699,2021-09-15 19:25:00,IVR
3.065,3.07,3.06,3.065,75527,2021-09-15 19:30:00,IVR
3.065,3.07,3.06,3.07,20455,2021-09-15 19:35:00,IVR
3.06,3.08,3.06,3.075,96877,2021-09-15 19:40:00,IVR
3.08,3.09,3.07,3.075,161862,2021-09-15 19:45:00,IVR
3.075,3.08,3.07,3.08,44328,2021-09-15 19:50:00,IVR
3.075,3.09,3.07,3.09,158244,2021-09-15 19:55:00,IVR
3.08,3.08,3.07,3.08,204235,2021-09-15 20:00:00,IVR
3.08,3.08,3.08,3.08,300,2021-09-15 20:20:00,IVR
3.07,3.07,3.07,3.07,500,2021-09-15 20:25:00,IVR
3.08,3.08,3.08,3.08,1000,2021-09-15 21:15:00,IVR
3.08,3.08,3.08,3.08,100,2021-09-15 21:35:00,IVR
3.08,3.08,3.08,3.08,222,2021-09-15 21:50:00,IVR
3.07,3.07,3.07,3.07,200,2021-09-15 21:55:00,IVR
3.07,3.07,3.07,3.07,1026,2021-09-15 22:35:00,IVR
3.07,3.07,3.07,3.07,1845,2021-09-15 22:55:00,IVR
3.07,3.07,3.07,3.07,300,2021-09-15 23:55:00,IVR
3.07,3.07,3.07,3.07,100,2021-09-16 12:00:00,IVR
3.06,3.06,3.06,3.06,400,2021-09-16 12:10:00,IVR
3.07,3.07,3.07,3.07,750,2021-09-16 12:25:00,IVR
3.06,3.06,3.06,3.06,100,2021-09-16 12:30:00,IVR
3.06,3.06,3.05,3.05,5592,2021-09-16 12:40:00,IVR
3.05,3.05,3.04,3.05,5200,2021-09-16 12:45:00,IVR
3.07,3.07,3.07,3.07,470,2021-09-16 12:50:00,IVR
3.07,3.07,3.07,3.07,3120,2021-09-16 12:55:00,IVR
3.07,3.08,3.07,3.08,1200,2021-09-16 13:00:00,IVR
3.07,3.07,3.07,3.07,1000,2021-09-16 13:15:00,IVR
3.07,3.07,3.07,3.07,122,2021-09-16 13:20:00,IVR
3.07,3.1,3.07,3.0945,90612,2021-09-16 13:30:00,IVR
3.0901,3.095,3.085,3.095,30803,2021-09-16 13:35:00,IVR
3.095,3.1,3.09,3.0929,25842,2021-09-16 13:40:00,IVR
3.095,3.1,3.08,3.08,50240,2021-09-16 13:45:00,IVR
3.085,3.09,3.07,3.0715,22248,2021-09-16 13:50:00,IVR
3.075,3.08,3.07,3.075,8304,2021-09-16 13:55:00,IVR
3.0701,3.08,3.07,3.075,11925,2021-09-16 14:00:00,IVR
3.08,3.0899,3.072,3.075,73561,2021-09-16 14:05:00,IVR
3.075,3.08,3.0705,3.075,12867,2021-09-16 14:10:00,IVR
3.08,3.08,3.07,3.075,20688,2021-09-16 14:15:00,IVR
3.075,3.08,3.07,3.07,20620,2021-09-16 14:20:00,IVR
3.08,3.08,3.0701,3.075,4641,2021-09-16 14:25:00,IVR
3.075,3.08,3.07,3.08,29562,2021-09-16 14:30:00,IVR
3.0766,3.08,3.075,3.075,1765,2021-09-16 14:35:00,IVR
3.0731,3.08,3.06,3.06,35576,2021-09-16 14:40:00,IVR
3.065,3.07,3.06,3.07,8984,2021-09-16 14:45:00,IVR
3.07,3.07,3.06,3.0667,21987,2021-09-16 14:50:00,IVR
3.0608,3.07,3.06,3.07,7656,2021-09-16 14:55:00,IVR
3.07,3.07,3.06,3.06,5971,2021-09-16 15:00:00,IVR
3.06,3.07,3.06,3.06,8281,2021-09-16 15:05:00,IVR
3.07,3.07,3.06,3.07,17174,2021-09-16 15:10:00,IVR
3.07,3.07,3.06,3.06,18042,2021-09-16 15:15:00,IVR
3.065,3.08,3.06,3.08,38986,2021-09-16 15:20:00,IVR
3.075,3.076,3.07,3.076,2879,2021-09-16 15:25:00,IVR
3.0709,3.08,3.0709,3.075,1658,2021-09-16 15:30:00,IVR
3.075,3.08,3.07,3.08,8872,2021-09-16 15:35:00,IVR
3.0745,3.08,3.07,3.07,5411,2021-09-16 15:40:00,IVR
3.07,3.075,3.06,3.0659,114282,2021-09-16 15:45:00,IVR
3.065,3.07,3.06,3.0645,10702,2021-09-16 15:50:00,IVR
3.0661,3.07,3.06,3.07,15788,2021-09-16 15:55:00,IVR
3.07,3.07,3.06,3.07,4942,2021-09-16 16:00:00,IVR
3.07,3.07,3.06,3.0642,9053,2021-09-16 16:05:00,IVR
3.0699,3.07,3.06,3.07,14635,2021-09-16 16:10:00,IVR
3.07,3.07,3.06,3.0643,15786,2021-09-16 16:15:00,IVR
3.07,3.07,3.06,3.0649,18021,2021-09-16 16:20:00,IVR
3.065,3.0674,3.06,3.065,5651,2021-09-16 16:25:00,IVR
3.065,3.07,3.06,3.07,4817,2021-09-16 16:30:00,IVR
3.07,3.07,3.065,3.07,9084,2021-09-16 16:35:00,IVR
3.07,3.07,3.06,3.07,5400,2021-09-16 16:40:00,IVR
3.07,3.07,3.06,3.065,7616,2021-09-16 16:45:00,IVR
3.065,3.07,3.06,3.065,3826,2021-09-16 16:50:00,IVR
3.065,3.07,3.06,3.0673,15873,2021-09-16 16:55:00,IVR
3.06,3.07,3.06,3.065,1942,2021-09-16 17:00:00,IVR
3.07,3.07,3.064,3.065,4999,2021-09-16 17:05:00,IVR
3.07,3.07,3.06,3.07,7407,2021-09-16 17:10:00,IVR
3.07,3.07,3.064,3.065,9511,2021-09-16 17:15:00,IVR
3.07,3.07,3.0615,3.0615,3661,2021-09-16 17:20:00,IVR
3.0673,3.07,3.06,3.07,8627,2021-09-16 17:25:00,IVR
3.065,3.07,3.0637,3.07,7591,2021-09-16 17:30:00,IVR
3.0699,3.07,3.06,3.07,31102,2021-09-16 17:35:00,IVR
3.065,3.07,3.06,3.07,6575,2021-09-16 17:40:00,IVR
3.065,3.07,3.06,3.065,15117,2021-09-16 17:45:00,IVR
3.07,3.07,3.0601,3.065,4609,2021-09-16 17:50:00,IVR
3.0699,3.07,3.06,3.07,17746,2021-09-16 17:55:00,IVR
3.07,3.07,3.06,3.07,21470,2021-09-16 18:00:00,IVR
3.06,3.07,3.06,3.07,19726,2021-09-16 18:05:00,IVR
3.07,3.07,3.0611,3.07,8446,2021-09-16 18:10:00,IVR
3.07,3.07,3.065,3.07,7826,2021-09-16 18:15:00,IVR
3.07,3.07,3.0637,3.07,5800,2021-09-16 18:20:00,IVR
3.065,3.07,3.06,3.07,16363,2021-09-16 18:25:00,IVR
3.07,3.07,3.0623,3.07,6424,2021-09-16 18:30:00,IVR
3.07,3.08,3.0626,3.075,39255,2021-09-16 18:35:00,IVR
3.0729,3.08,3.07,3.08,15068,2021-09-16 18:40:00,IVR
3.075,3.08,3.07,3.08,4326,2021-09-16 18:45:00,IVR
3.07,3.08,3.07,3.08,10900,2021-09-16 18:50:00,IVR
3.08,3.08,3.071,3.0773,22940,2021-09-16 18:55:00,IVR
3.075,3.08,3.07,3.08,12710,2021-09-16 19:00:00,IVR
3.08,3.09,3.0701,3.085,49805,2021-09-16 19:05:00,IVR
3.0862,3.0868,3.08,3.08,37608,2021-09-16 19:10:00,IVR
3.083,3.085,3.07,3.075,92908,2021-09-16 19:15:00,IVR
3.08,3.08,3.07,3.08,11435,2021-09-16 19:20:00,IVR
3.0744,3.08,3.07,3.08,8702,2021-09-16 19:25:00,IVR
3.08,3.08,3.07,3.075,4185,2021-09-16 19:30:00,IVR
3.07,3.08,3.07,3.08,56232,2021-09-16 19:35:00,IVR
3.075,3.08,3.07,3.08,19866,2021-09-16 19:40:00,IVR
3.075,3.08,3.07,3.075,93851,2021-09-16 19:45:00,IVR
3.08,3.08,3.07,3.075,40505,2021-09-16 19:50:00,IVR
3.08,3.08,3.07,3.08,92804,2021-09-16 19:55:00,IVR
3.08,3.08,3.08,3.08,134814,2021-09-16 20:00:00,IVR
3.08,3.08,3.08,3.08,300,2021-09-16 20:15:00,IVR
3.08,3.08,3.08,3.08,200,2021-09-16 20:35:00,IVR
3.08,3.08,3.08,3.08,100,2021-09-16 21:00:00,IVR
3.08,3.08,3.08,3.08,140,2021-09-16 21:10:00,IVR
3.07,3.08,3.07,3.08,6258,2021-09-16 21:15:00,IVR
3.08,3.08,3.08,3.08,400,2021-09-16 21:20:00,IVR
3.08,3.08,3.0799,3.08,1004,2021-09-16 21:30:00,IVR
3.07,3.07,3.07,3.07,199,2021-09-16 22:00:00,IVR
3.09,3.09,3.09,3.09,200,2021-09-16 22:10:00,IVR
3.07,3.07,3.07,3.07,100,2021-09-16 22:15:00,IVR
3.07,3.07,3.07,3.07,175,2021-09-16 22:25:00,IVR
3.09,3.09,3.07,3.07,200,2021-09-16 22:30:00,IVR
3.08,3.08,3.08,3.08,1000,2021-09-16 22:45:00,IVR
3.07,3.07,3.06,3.06,1024,2021-09-16 23:10:00,IVR
3.09,3.09,3.09,3.09,300,2021-09-16 23:30:00,IVR
3.05,3.05,3.05,3.05,7470,2021-09-17 08:30:00,IVR
3.05,3.05,3.05,3.05,1500,2021-09-17 08:35:00,IVR
3.05,3.05,3.04,3.04,515,2021-09-17 09:10:00,IVR
3.06,3.06,3.06,3.06,1456,2021-09-17 11:00:00,IVR
3.08,3.08,3.08,3.08,200,2021-09-17 11:40:00,IVR
3.08,3.08,3.08,3.08,700,2021-09-17 12:15:00,IVR
3.08,3.08,3.08,3.08,100,2021-09-17 12:30:00,IVR
3.0799,3.0799,3.0799,3.0799,100,2021-09-17 12:40:00,IVR
3.08,3.08,3.08,3.08,100,2021-09-17 13:15:00,IVR
3.07,3.08,3.07,3.08,2794,2021-09-17 13:25:00,IVR
3.07,3.095,3.07,3.0864,284818,2021-09-17 13:30:00,IVR
3.085,3.1,3.0801,3.1,50908,2021-09-17 13:35:00,IVR
3.095,3.1,3.09,3.095,43106,2021-09-17 13:40:00,IVR
3.0922,3.1,3.09,3.095,54056,2021-09-17 13:45:00,IVR
3.095,3.1,3.09,3.1,22137,2021-09-17 13:50:00,IVR
3.0999,3.1,3.09,3.1,17064,2021-09-17 13:55:00,IVR
3.0901,3.1,3.09,3.0999,16776,2021-09-17 14:00:00,IVR
3.1,3.1,3.09,3.1,10721,2021-09-17 14:05:00,IVR
3.1,3.1,3.09,3.1,15256,2021-09-17 14:10:00,IVR
3.1,3.1,3.09,3.095,9989,2021-09-17 14:15:00,IVR
3.096,3.1,3.09,3.1,10755,2021-09-17 14:20:00,IVR
3.0925,3.1,3.09,3.09,43481,2021-09-17 14:25:00,IVR
3.09,3.09,3.08,3.09,96423,2021-09-17 14:30:00,IVR
3.08,3.09,3.08,3.09,24004,2021-09-17 14:35:00,IVR
3.08,3.087,3.08,3.085,3765,2021-09-17 14:40:00,IVR
3.085,3.09,3.08,3.08,21190,2021-09-17 14:45:00,IVR
3.085,3.09,3.08,3.0801,7925,2021-09-17 14:50:00,IVR
3.09,3.09,3.08,3.08,6301,2021-09-17 14:55:00,IVR
3.0858,3.09,3.08,3.0839,7719,2021-09-17 15:00:00,IVR
3.0844,3.09,3.08,3.0801,7513,2021-09-17 15:05:00,IVR
3.085,3.09,3.08,3.085,17061,2021-09-17 15:10:00,IVR
3.09,3.1,3.085,3.1,69679,2021-09-17 15:15:00,IVR
3.1,3.11,3.1,3.105,97960,2021-09-17 15:20:00,IVR
3.11,3.11,3.1,3.11,27710,2021-09-17 15:25:00,IVR
3.11,3.11,3.1,3.11,40730,2021-09-17 15:30:00,IVR
3.11,3.11,3.1,3.11,11872,2021-09-17 15:35:00,IVR
3.11,3.11,3.1,3.105,11134,2021-09-17 15:40:00,IVR
3.11,3.11,3.1,3.11,11542,2021-09-17 15:45:00,IVR
3.1099,3.11,3.1,3.1041,9109,2021-09-17 15:50:00,IVR
3.11,3.11,3.1,3.11,6513,2021-09-17 15:55:00,IVR
3.11,3.11,3.1,3.104,7037,2021-09-17 16:00:00,IVR
3.11,3.11,3.1,3.105,19374,2021-09-17 16:05:00,IVR
3.1,3.11,3.1,3.11,9034,2021-09-17 16:10:00,IVR
3.11,3.11,3.1,3.105,15569,2021-09-17 16:15:00,IVR
3.11,3.11,3.1,3.11,23228,2021-09-17 16:20:00,IVR
3.1023,3.11,3.1,3.11,25128,2021-09-17 16:25:00,IVR
3.11,3.11,3.1001,3.11,13071,2021-09-17 16:30:00,IVR
3.11,3.13,3.1031,3.13,490589,2021-09-17 16:35:00,IVR
3.13,3.13,3.12,3.13,21736,2021-09-17 16:40:00,IVR
3.13,3.14,3.125,3.14,113014,2021-09-17 16:45:00,IVR
3.14,3.14,3.1301,3.14,14231,2021-09-17 16:50:00,IVR
3.14,3.14,3.13,3.135,31979,2021-09-17 16:55:00,IVR
3.13,3.14,3.13,3.14,11989,2021-09-17 17:00:00,IVR
3.14,3.14,3.12,3.1226,138112,2021-09-17 17:05:00,IVR
3.12,3.13,3.12,3.12,14497,2021-09-17 17:10:00,IVR
3.125,3.13,3.12,3.125,16992,2021-09-17 17:15:00,IVR
3.1258,3.13,3.12,3.13,15217,2021-09-17 17:20:00,IVR
3.13,3.13,3.12,3.13,22081,2021-09-17 17:25:00,IVR
3.13,3.13,3.12,3.12,48159,2021-09-17 17:30:00,IVR
3.12,3.13,3.12,3.13,19128,2021-09-17 17:35:00,IVR
3.12,3.13,3.12,3.125,12356,2021-09-17 17:40:00,IVR
3.1229,3.13,3.12,3.125,20807,2021-09-17 17:45:00,IVR
3.125,3.13,3.11,3.115,81074,2021-09-17 17:50:00,IVR
3.11,3.12,3.11,3.12,14688,2021-09-17 17:55:00,IVR
3.1175,3.12,3.11,3.115,26332,2021-09-17 18:00:00,IVR
3.12,3.12,3.11,3.115,12992,2021-09-17 18:05:00,IVR
3.115,3.12,3.11,3.115,13237,2021-09-17 18:10:00,IVR
3.1199,3.12,3.11,3.115,26034,2021-09-17 18:15:00,IVR
3.12,3.12,3.11,3.115,8058,2021-09-17 18:20:00,IVR
3.12,3.12,3.11,3.115,16184,2021-09-17 18:25:00,IVR
3.115,3.12,3.11,3.115,17272,2021-09-17 18:30:00,IVR
3.115,3.12,3.11,3.115,160079,2021-09-17 18:35:00,IVR
3.1101,3.1199,3.11,3.11,8432,2021-09-17 18:40:00,IVR
3.11,3.12,3.11,3.12,31573,2021-09-17 18:45:00,IVR
3.115,3.12,3.11,3.11,25034,2021-09-17 18:50:00,IVR
3.11,3.12,3.11,3.11,11766,2021-09-17 18:55:00,IVR
3.11,3.12,3.11,3.11,16017,2021-09-17 19:00:00,IVR
3.1146,3.12,3.11,3.115,13004,2021-09-17 19:05:00,IVR
3.115,3.12,3.11,3.11,52060,2021-09-17 19:10:00,IVR
3.115,3.12,3.11,3.11,26557,2021-09-17 19:15:00,IVR
3.11,3.12,3.11,3.115,20389,2021-09-17 19:20:00,IVR
3.115,3.12,3.11,3.115,22224,2021-09-17 19:25:00,IVR
3.11,3.12,3.1,3.105,89609,2021-09-17 19:30:00,IVR
3.105,3.11,3.1,3.105,63709,2021-09-17 19:35:00,IVR
3.105,3.11,3.1,3.105,36279,2021-09-17 19:40:00,IVR
3.1078,3.11,3.1,3.105,114411,2021-09-17 19:45:00,IVR
3.105,3.12,3.1025,3.11,159237,2021-09-17 19:50:00,IVR
3.115,3.12,3.11,3.11,381869,2021-09-17 19:55:00,IVR
3.12,3.12,3.12,3.12,6072185,2021-09-17 20:00:00,IVR
3.12,3.12,3.12,3.12,848,2021-09-17 20:05:00,IVR
3.12,3.12,3.12,3.12,46617,2021-09-17 20:10:00,IVR
3.1199,3.12,3.1199,3.12,2000,2021-09-17 20:25:00,IVR
3.12,3.12,3.12,3.12,289,2021-09-17 20:55:00,IVR
3.11,3.11,3.11,3.11,416,2021-09-17 21:00:00,IVR
3.12,3.12,3.12,3.12,157,2021-09-17 21:05:00,IVR
3.11,3.11,3.11,3.11,242,2021-09-17 21:10:00,IVR
3.12,3.12,3.12,3.12,595,2021-09-17 21:15:00,IVR
3.1,3.1,3.1,3.1,1199,2021-09-17 21:20:00,IVR
3.11,3.11,3.11,3.11,191,2021-09-17 21:35:00,IVR
3.11,3.12,3.11,3.12,200,2021-09-17 22:20:00,IVR
3.11,3.11,3.11,3.11,100,2021-09-17 22:50:00,IVR
3.11,3.11,3.11,3.11,1000,2021-09-17 23:00:00,IVR
3.11,3.11,3.1,3.1,2300,2021-09-17 23:05:00,IVR
3.11,3.11,3.11,3.11,100,2021-09-17 23:50:00,IVR
3.11,3.11,3.11,3.11,290,2021-09-17 23:55:00,IVR
3.1,3.1,3.1,3.1,200,2021-09-20 08:40:00,IVR
3.08,3.08,3.08,3.08,189,2021-09-20 08:45:00,IVR
3.05,3.05,3.03,3.03,1346,2021-09-20 09:20:00,IVR
3.06,3.07,3.06,3.07,1000,2021-09-20 09:40:00,IVR
3.02,3.02,3.02,3.02,100,2021-09-20 10:40:00,IVR
3.02,3.02,3.02,3.02,100,2021-09-20 10:45:00,IVR
3.01,3.01,3.01,3.01,348,2021-09-20 10:50:00,IVR
3.02,3.02,3.01,3.01,484,2021-09-20 10:55:00,IVR
3.05,3.07,3.05,3.07,2753,2021-09-20 11:00:00,IVR
3.06,3.06,3.06,3.06,125,2021-09-20 11:15:00,IVR
3.06,3.06,3.06,3.06,323,2021-09-20 11:20:00,IVR
3.05,3.05,3.05,3.05,100,2021-09-20 11:35:00,IVR
3.05,3.05,3.05,3.05,100,2021-09-20 11:40:00,IVR
3.06,3.06,3.06,3.06,298,2021-09-20 12:00:00,IVR
3.06,3.06,3.05,3.05,1624,2021-09-20 12:10:00,IVR
3.05,3.05,3.05,3.05,300,2021-09-20 12:15:00,IVR
3.04,3.04,3.04,3.04,1500,2021-09-20 12:25:00,IVR
3.04,3.04,3.04,3.04,4500,2021-09-20 12:35:00,IVR
3.04,3.04,3.03,3.04,2016,2021-09-20 12:40:00,IVR
3.03,3.03,3.03,3.03,3021,2021-09-20 12:45:00,IVR
3.03,3.04,3.03,3.04,14342,2021-09-20 12:50:00,IVR
3.03,3.06,3.03,3.06,6378,2021-09-20 12:55:00,IVR
3.06,3.06,3.05,3.06,2303,2021-09-20 13:00:00,IVR
3.06,3.06,3.06,3.06,2000,2021-09-20 13:05:00,IVR
3.06,3.06,3.05,3.05,2617,2021-09-20 13:10:00,IVR
3.05,3.06,3.05,3.06,9479,2021-09-20 13:15:00,IVR
3.06,3.06,3.05,3.05,1302,2021-09-20 13:20:00,IVR
3.05,3.06,3.05,3.06,3091,2021-09-20 13:25:00,IVR
3.06,3.1,3.06,3.08,198309,2021-09-20 13:30:00,IVR
3.0701,3.08,3.05,3.0699,60350,2021-09-20 13:35:00,IVR
3.0654,3.0899,3.0604,3.0817,70178,2021-09-20 13:40:00,IVR
3.085,3.1,3.0814,3.09,51317,2021-09-20 13:45:00,IVR
3.0961,3.1,3.07,3.085,67137,2021-09-20 13:50:00,IVR
3.08,3.09,3.07,3.0725,35774,2021-09-20 13:55:00,IVR
3.072,3.08,3.06,3.065,51983,2021-09-20 14:00:00,IVR
3.0627,3.08,3.06,3.07,52475,2021-09-20 14:05:00,IVR
3.07,3.08,3.06,3.0683,30926,2021-09-20 14:10:00,IVR
3.0629,3.08,3.0629,3.0718,35514,2021-09-20 14:15:00,IVR
3.07,3.0774,3.06,3.065,17811,2021-09-20 14:20:00,IVR
3.0627,3.07,3.05,3.065,58527,2021-09-20 14:25:00,IVR
3.06,3.07,3.06,3.07,29003,2021-09-20 14:30:00,IVR
3.07,3.08,3.0642,3.0787,17221,2021-09-20 14:35:00,IVR
3.075,3.085,3.07,3.085,29895,2021-09-20 14:40:00,IVR
3.085,3.09,3.075,3.08,36591,2021-09-20 14:45:00,IVR
3.08,3.08,3.075,3.075,5394,2021-09-20 14:50:00,IVR
3.08,3.08,3.07,3.075,22992,2021-09-20 14:55:00,IVR
3.07,3.08,3.06,3.08,47608,2021-09-20 15:00:00,IVR
3.08,3.09,3.08,3.0871,32770,2021-09-20 15:05:00,IVR
3.085,3.09,3.08,3.085,11960,2021-09-20 15:10:00,IVR
3.08,3.0863,3.07,3.07,31018,2021-09-20 15:15:00,IVR
3.0707,3.0756,3.0631,3.065,12692,2021-09-20 15:20:00,IVR
3.06,3.07,3.06,3.0679,18779,2021-09-20 15:25:00,IVR
3.0679,3.07,3.06,3.065,57188,2021-09-20 15:30:00,IVR
3.06,3.0691,3.06,3.065,10731,2021-09-20 15:35:00,IVR
3.0623,3.07,3.06,3.0662,12327,2021-09-20 15:40:00,IVR
3.065,3.07,3.06,3.07,5343,2021-09-20 15:45:00,IVR
3.0663,3.0677,3.06,3.065,18748,2021-09-20 15:50:00,IVR
3.06,3.07,3.06,3.0659,20533,2021-09-20 15:55:00,IVR
3.06,3.07,3.06,3.06,20278,2021-09-20 16:00:00,IVR
3.065,3.0699,3.05,3.05,68229,2021-09-20 16:05:00,IVR
3.0577,3.06,3.05,3.06,21613,2021-09-20 16:10:00,IVR
3.06,3.06,3.05,3.0568,24948,2021-09-20 16:15:00,IVR
3.0503,3.06,3.05,3.0558,17292,2021-09-20 16:20:00,IVR
3.0557,3.06,3.0501,3.0501,19046,2021-09-20 16:25:00,IVR
3.06,3.06,3.0503,3.06,10621,2021-09-20 16:30:00,IVR
3.06,3.06,3.05,3.05,7972,2021-09-20 16:35:00,IVR
3.05,3.06,3.05,3.055,22996,2021-09-20 16:40:00,IVR
3.055,3.06,3.05,3.05,31902,2021-09-20 16:45:00,IVR
3.0555,3.06,3.05,3.05,8348,2021-09-20 16:50:00,IVR
3.05,3.06,3.05,3.05,11687,2021-09-20 16:55:00,IVR
3.055,3.06,3.05,3.05,11979,2021-09-20 17:00:00,IVR
3.05,3.06,3.05,3.055,5062,2021-09-20 17:05:00,IVR
3.0557,3.0592,3.04,3.0441,157438,2021-09-20 17:10:00,IVR
3.045,3.05,3.04,3.045,34533,2021-09-20 17:15:00,IVR
3.05,3.05,3.04,3.049,19790,2021-09-20 17:20:00,IVR
3.05,3.06,3.04,3.0502,188806,2021-09-20 17:25:00,IVR
3.0544,3.06,3.05,3.0557,15457,2021-09-20 17:30:00,IVR
3.0558,3.06,3.05,3.06,6326,2021-09-20 17:35:00,IVR
3.055,3.06,3.05,3.05,12000,2021-09-20 17:40:00,IVR
3.0544,3.06,3.05,3.06,41066,2021-09-20 17:45:00,IVR
3.055,3.06,3.05,3.05,17697,2021-09-20 17:50:00,IVR
3.0501,3.06,3.05,3.055,13540,2021-09-20 17:55:00,IVR
3.055,3.06,3.05,3.0544,43057,2021-09-20 18:00:00,IVR
3.0541,3.06,3.04,3.04,57110,2021-09-20 18:05:00,IVR
3.045,3.05,3.04,3.04,9820,2021-09-20 18:10:00,IVR
3.04,3.05,3.04,3.0499,51660,2021-09-20 18:15:00,IVR
3.049,3.05,3.03,3.03,80678,2021-09-20 18:20:00,IVR
3.035,3.04,3.03,3.03,40672,2021-09-20 18:25:00,IVR
3.0368,3.04,3.03,3.03,13864,2021-09-20 18:30:00,IVR
3.035,3.04,3.03,3.0335,17051,2021-09-20 18:35:00,IVR
3.035,3.04,3.03,3.03,48790,2021-09-20 18:40:00,IVR
3.03,3.04,3.03,3.03,26128,2021-09-20 18:45:00,IVR
3.03,3.04,3.03,3.033,15051,2021-09-20 18:50:00,IVR
3.035,3.04,3.03,3.03,12023,2021-09-20 18:55:00,IVR
3.03,3.04,3.03,3.035,41857,2021-09-20 19:00:00,IVR
3.03,3.04,3.03,3.03,22371,2021-09-20 19:05:00,IVR
3.03,3.04,3.03,3.0301,32990,2021-09-20 19:10:00,IVR
3.03,3.0364,3.02,3.02,83609,2021-09-20 19:15:00,IVR
3.02,3.03,3.02,3.02,48681,2021-09-20 19:20:00,IVR
3.02,3.03,3.02,3.025,105924,2021-09-20 19:25:00,IVR
3.025,3.04,3.02,3.0301,121304,2021-09-20 19:30:00,IVR
3.035,3.05,3.03,3.04,73019,2021-09-20 19:35:00,IVR
3.04,3.05,3.04,3.045,84021,2021-09-20 19:40:00,IVR
3.045,3.05,3.04,3.045,95933,2021-09-20 19:45:00,IVR
3.045,3.06,3.04,3.06,109471,2021-09-20 19:50:00,IVR
3.055,3.06,3.05,3.05,119506,2021-09-20 19:55:00,IVR
3.06,3.06,3.06,3.06,188725,2021-09-20 20:00:00,IVR
3.06,3.06,3.03,3.03,1268,2021-09-20 20:05:00,IVR
3.05,3.05,3.05,3.05,100,2021-09-20 20:15:00,IVR
3.0599,3.06,3.0599,3.06,400,2021-09-20 20:30:00,IVR
3.06,3.06,3.06,3.06,965,2021-09-20 20:35:00,IVR
3.07,3.07,3.07,3.07,140,2021-09-20 20:40:00,IVR
3.06,3.06,3.06,3.06,71362,2021-09-20 21:00:00,IVR
3.06,3.06,3.06,3.06,100,2021-09-20 21:05:00,IVR
3.06,3.06,3.06,3.06,1598,2021-09-20 21:10:00,IVR
3.06,3.06,3.06,3.06,100,2021-09-20 21:20:00,IVR
3.06,3.06,3.06,3.06,120,2021-09-20 21:25:00,IVR
3.06,3.06,3.06,3.06,2250,2021-09-20 21:30:00,IVR
3.05,3.05,3.05,3.05,324,2021-09-20 21:35:00,IVR
3.06,3.06,3.06,3.06,100,2021-09-20 21:40:00,IVR
3.05,3.05,3.05,3.05,200,2021-09-20 21:45:00,IVR
3.04,3.04,3.04,3.04,100,2021-09-20 22:20:00,IVR
3.05,3.05,3.05,3.05,100,2021-09-20 22:55:00,IVR
3.05,3.05,3.05,3.05,286,2021-09-20 23:40:00,IVR
3.05,3.05,3.05,3.05,2478,2021-09-21 08:00:00,IVR
3.06,3.06,3.06,3.06,290,2021-09-21 09:50:00,IVR
3.13,3.13,3.13,3.13,100,2021-09-21 10:00:00,IVR
3.06,3.06,3.06,3.06,2290,2021-09-21 11:00:00,IVR
3.07,3.07,3.07,3.07,100,2021-09-21 11:40:00,IVR
3.07,3.07,3.07,3.07,200,2021-09-21 11:45:00,IVR
3.07,3.08,3.07,3.08,6899,2021-09-21 12:15:00,IVR
3.08,3.08,3.08,3.08,2299,2021-09-21 12:45:00,IVR
3.07,3.07,3.07,3.07,500,2021-09-21 13:05:00,IVR
3.07,3.08,3.06,3.075,62706,2021-09-21 13:30:00,IVR
3.08,3.1,3.075,3.085,52755,2021-09-21 13:35:00,IVR
3.0873,3.0899,3.07,3.0736,35606,2021-09-21 13:40:00,IVR
3.0715,3.09,3.0715,3.085,14055,2021-09-21 13:45:00,IVR
3.0885,3.09,3.08,3.0871,8273,2021-09-21 13:50:00,IVR
3.0816,3.0876,3.07,3.075,22847,2021-09-21 13:55:00,IVR
3.0771,3.08,3.06,3.075,42812,2021-09-21 14:00:00,IVR
3.075,3.08,3.06,3.065,25255,2021-09-21 14:05:00,IVR
3.0667,3.08,3.065,3.0779,14889,2021-09-21 14:10:00,IVR
3.0763,3.08,3.07,3.0764,14694,2021-09-21 14:15:00,IVR
3.075,3.08,3.07,3.0769,8034,2021-09-21 14:20:00,IVR
3.075,3.08,3.07,3.0735,10192,2021-09-21 14:25:00,IVR
3.075,3.09,3.0701,3.0837,47138,2021-09-21 14:30:00,IVR
3.085,3.085,3.08,3.085,5484,2021-09-21 14:35:00,IVR
3.085,3.09,3.08,3.08,21207,2021-09-21 14:40:00,IVR
3.08,3.0801,3.06,3.06,30464,2021-09-21 14:45:00,IVR
3.0613,3.065,3.05,3.055,69289,2021-09-21 14:50:00,IVR
3.06,3.06,3.05,3.055,6982,2021-09-21 14:55:00,IVR
3.0501,3.06,3.05,3.06,14254,2021-09-21 15:00:00,IVR
3.06,3.07,3.055,3.065,36694,2021-09-21 15:05:00,IVR
3.0635,3.07,3.06,3.065,8849,2021-09-21 15:10:00,IVR
3.0621,3.066,3.06,3.06,21143,2021-09-21 15:15:00,IVR
3.055,3.06,3.05,3.0544,5980,2021-09-21 15:20:00,IVR
3.055,3.0568,3.05,3.05,7462,2021-09-21 15:25:00,IVR
3.055,3.09,3.05,3.08,201440,2021-09-21 15:30:00,IVR
3.08,3.085,3.0702,3.08,43448,2021-09-21 15:35:00,IVR
3.07,3.09,3.07,3.085,56384,2021-09-21 15:40:00,IVR
3.085,3.0894,3.083,3.085,4559,2021-09-21 15:45:00,IVR
3.08,3.085,3.08,3.085,8300,2021-09-21 15:50:00,IVR
3.085,3.09,3.0801,3.09,22248,2021-09-21 15:55:00,IVR
3.09,3.1,3.0837,3.095,54075,2021-09-21 16:00:00,IVR
3.095,3.1,3.0901,3.0968,20227,2021-09-21 16:05:00,IVR
3.1,3.1,3.09,3.0929,17372,2021-09-21 16:10:00,IVR
3.1,3.1,3.09,3.0941,3682,2021-09-21 16:15:00,IVR
3.1,3.1,3.09,3.1,5704,2021-09-21 16:20:00,IVR
3.0923,3.1,3.09,3.095,12529,2021-09-21 16:25:00,IVR
3.0943,3.1,3.09,3.095,13890,2021-09-21 16:30:00,IVR
3.09,3.1,3.09,3.0945,56943,2021-09-21 16:35:00,IVR
3.095,3.1,3.09,3.095,45899,2021-09-21 16:40:00,IVR
3.09,3.095,3.0802,3.0802,103637,2021-09-21 16:45:00,IVR
3.0802,3.1,3.08,3.09,80981,2021-09-21 16:50:00,IVR
3.09,3.1,3.09,3.1,4314,2021-09-21 16:55:00,IVR
3.0955,3.0999,3.0901,3.095,5204,2021-09-21 17:00:00,IVR
3.095,3.1,3.0943,3.1,6445,2021-09-21 17:05:00,IVR
3.095,3.095,3.09,3.0932,9984,2021-09-21 17:10:00,IVR
3.1,3.1,3.09,3.095,11216,2021-09-21 17:15:00,IVR
3.09,3.0984,3.09,3.09,3636,2021-09-21 17:20:00,IVR
3.09,3.095,3.09,3.09,7170,2021-09-21 17:25:00,IVR
3.09,3.1,3.09,3.09,15997,2021-09-21 17:30:00,IVR
3.0933,3.1,3.09,3.095,12096,2021-09-21 17:35:00,IVR
3.095,3.0958,3.0908,3.0956,5777,2021-09-21 17:40:00,IVR
3.095,3.0999,3.09,3.0936,4123,2021-09-21 17:45:00,IVR
3.09,3.0959,3.09,3.094,5685,2021-09-21 17:50:00,IVR
3.0934,3.1,3.09,3.09,43628,2021-09-21 17:55:00,IVR
3.0902,3.0974,3.09,3.095,7588,2021-09-21 18:00:00,IVR
3.0941,3.1,3.09,3.09,3891,2021-09-21 18:05:00,IVR
3.0963,3.0999,3.09,3.0999,5883,2021-09-21 18:10:00,IVR
3.095,3.095,3.09,3.09,3450,2021-09-21 18:15:00,IVR
3.09,3.095,3.09,3.095,4433,2021-09-21 18:20:00,IVR
3.09,3.1,3.09,3.09,57864,2021-09-21 18:25:00,IVR
3.09,3.0961,3.08,3.08,68614,2021-09-21 18:30:00,IVR
3.08,3.09,3.08,3.08,29191,2021-09-21 18:35:00,IVR
3.08,3.09,3.08,3.09,10171,2021-09-21 18:40:00,IVR
3.08,3.09,3.08,3.085,17179,2021-09-21 18:45:00,IVR
3.09,3.09,3.08,3.09,70413,2021-09-21 18:50:00,IVR
3.085,3.09,3.08,3.085,66138,2021-09-21 18:55:00,IVR
3.09,3.1,3.085,3.09,35471,2021-09-21 19:00:00,IVR
3.095,3.1,3.09,3.09,4390,2021-09-21 19:05:00,IVR
3.095,3.1,3.09,3.09,7508,2021-09-21 19:10:00,IVR
3.095,3.1,3.09,3.09,18037,2021-09-21 19:15:00,IVR
3.0936,3.1,3.09,3.0965,6291,2021-09-21 19:20:00,IVR
3.09,3.1,3.09,3.09,1928,2021-09-21 19:25:00,IVR
3.095,3.1,3.09,3.0999,15636,2021-09-21 19:30:00,IVR
3.095,3.1,3.09,3.09,14258,2021-09-21 19:35:00,IVR
3.095,3.1,3.09,3.095,28217,2021-09-21 19:40:00,IVR
3.095,3.1,3.09,3.09,28146,2021-09-21 19:45:00,IVR
3.09,3.1,3.09,3.09,44367,2021-09-21 19:50:00,IVR
3.095,3.1,3.09,3.1,114039,2021-09-21 19:55:00,IVR
3.1,3.1,3.09,3.09,132565,2021-09-21 20:00:00,IVR
3.1,3.1,3.1,3.1,100,2021-09-21 20:10:00,IVR
3.09,3.09,3.09,3.09,497,2021-09-21 20:15:00,IVR
3.0899,3.09,3.0899,3.09,200,2021-09-21 20:25:00,IVR
3.08,3.08,3.08,3.08,998,2021-09-21 20:30:00,IVR
3.07,3.07,3.07,3.07,100,2021-09-21 20:40:00,IVR
3.08,3.08,3.08,3.08,1000,2021-09-21 20:50:00,IVR
3.07,3.07,3.07,3.07,100,2021-09-21 21:10:00,IVR
3.07,3.07,3.07,3.07,1000,2021-09-21 21:20:00,IVR
3.07,3.07,3.07,3.07,350,2021-09-21 21:25:00,IVR
3.07,3.07,3.0699,3.0699,1968,2021-09-21 21:40:00,IVR
3.0699,3.0699,3.0699,3.0699,1625,2021-09-21 21:45:00,IVR
3.06,3.07,3.06,3.07,470,2021-09-21 21:55:00,IVR
3.06,3.06,3.06,3.06,100,2021-09-21 22:30:00,IVR
3.06,3.06,3.06,3.06,700,2021-09-21 22:45:00,IVR
3.09,3.09,3.09,3.09,100,2021-09-21 23:50:00,IVR
3.1,3.1,3.1,3.1,322,2021-09-21 23:55:00,IVR
3.09,3.09,3.09,3.09,100,2021-09-22 08:10:00,IVR
3.1,3.1,3.1,3.1,104,2021-09-22 09:20:00,IVR
3.1,3.1,3.1,3.1,100,2021-09-22 10:30:00,IVR
3.1,3.1,3.1,3.1,2493,2021-09-22 12:30:00,IVR
3.1099,3.1099,3.1,3.1,700,2021-09-22 12:45:00,IVR
3.1001,3.1001,3.1001,3.1001,100,2021-09-22 12:55:00,IVR
3.1,3.1,3.1,3.1,836,2021-09-22 13:00:00,IVR
3.1,3.1,3.1,3.1,400,2021-09-22 13:10:00,IVR
3.1,3.1,3.1,3.1,270,2021-09-22 13:15:00,IVR
3.1,3.1,3.1,3.1,350,2021-09-22 13:20:00,IVR
3.1001,3.11,3.1,3.1,1300,2021-09-22 13:25:00,IVR
3.1,3.13,3.09,3.121,169485,2021-09-22 13:30:00,IVR
3.125,3.14,3.12,3.13,91416,2021-09-22 13:35:00,IVR
3.13,3.14,3.13,3.14,57749,2021-09-22 13:40:00,IVR
3.1316,3.1382,3.13,3.1355,48648,2021-09-22 13:45:00,IVR
3.1322,3.15,3.1301,3.14,135614,2021-09-22 13:50:00,IVR
3.14,3.15,3.14,3.14,16471,2021-09-22 13:55:00,IVR
3.14,3.15,3.14,3.14,19483,2021-09-22 14:00:00,IVR
3.1424,3.15,3.13,3.135,100643,2021-09-22 14:05:00,IVR
3.135,3.14,3.1301,3.135,13495,2021-09-22 14:10:00,IVR
3.135,3.14,3.13,3.1378,19607,2021-09-22 14:15:00,IVR
3.135,3.14,3.13,3.135,17844,2021-09-22 14:20:00,IVR
3.132,3.14,3.13,3.1315,35968,2021-09-22 14:25:00,IVR
3.135,3.14,3.13,3.13,10800,2021-09-22 14:30:00,IVR
3.1362,3.14,3.13,3.13,12195,2021-09-22 14:35:00,IVR
3.13,3.14,3.13,3.135,29121,2021-09-22 14:40:00,IVR
3.13,3.15,3.13,3.145,55107,2021-09-22 14:45:00,IVR
3.145,3.15,3.14,3.145,8446,2021-09-22 14:50:00,IVR
3.145,3.15,3.14,3.1499,4110,2021-09-22 14:55:00,IVR
3.1401,3.15,3.14,3.1477,53151,2021-09-22 15:00:00,IVR
3.142,3.15,3.14,3.14,35616,2021-09-22 15:05:00,IVR
3.14,3.15,3.14,3.14,9417,2021-09-22 15:10:00,IVR
3.1444,3.16,3.14,3.16,228191,2021-09-22 15:15:00,IVR
3.16,3.17,3.16,3.165,64902,2021-09-22 15:20:00,IVR
3.165,3.17,3.16,3.16,27272,2021-09-22 15:25:00,IVR
3.17,3.17,3.16,3.165,10945,2021-09-22 15:30:00,IVR
3.165,3.17,3.16,3.1613,18346,2021-09-22 15:35:00,IVR
3.1608,3.1617,3.15,3.155,64309,2021-09-22 15:40:00,IVR
3.155,3.1598,3.15,3.15,2664,2021-09-22 15:45:00,IVR
3.1504,3.16,3.15,3.156,51041,2021-09-22 15:50:00,IVR
3.15,3.16,3.15,3.1502,5782,2021-09-22 15:55:00,IVR
3.15,3.16,3.15,3.15,18336,2021-09-22 16:00:00,IVR
3.155,3.16,3.15,3.1541,23417,2021-09-22 16:05:00,IVR
3.155,3.16,3.15,3.15,8720,2021-09-22 16:10:00,IVR
3.16,3.16,3.15,3.152,22721,2021-09-22 16:15:00,IVR
3.155,3.16,3.15,3.155,3950,2021-09-22 16:20:00,IVR
3.1559,3.16,3.15,3.15,11135,2021-09-22 16:25:00,IVR
3.15,3.16,3.15,3.15,6781,2021-09-22 16:30:00,IVR
3.155,3.16,3.15,3.157,13555,2021-09-22 16:35:00,IVR
3.154,3.16,3.15,3.15,8070,2021-09-22 16:40:00,IVR
3.1502,3.16,3.15,3.1536,8426,2021-09-22 16:45:00,IVR
3.15,3.1555,3.15,3.155,600,2021-09-22 16:50:00,IVR
3.1537,3.16,3.15,3.16,37702,2021-09-22 16:55:00,IVR
3.155,3.16,3.15,3.1545,7349,2021-09-22 17:00:00,IVR
3.16,3.16,3.15,3.155,16929,2021-09-22 17:05:00,IVR
3.155,3.16,3.15,3.1569,12500,2021-09-22 17:10:00,IVR
3.155,3.16,3.15,3.16,9184,2021-09-22 17:15:00,IVR
3.16,3.16,3.15,3.155,17574,2021-09-22 17:20:00,IVR
3.155,3.16,3.15,3.155,6870,2021-09-22 17:25:00,IVR
3.155,3.16,3.15,3.1567,29935,2021-09-22 17:30:00,IVR
3.155,3.16,3.15,3.1599,10328,2021-09-22 17:35:00,IVR
3.155,3.16,3.15,3.155,18869,2021-09-22 17:40:00,IVR
3.1585,3.16,3.15,3.15,19489,2021-09-22 17:45:00,IVR
3.1575,3.16,3.15,3.1544,9985,2021-09-22 17:50:00,IVR
3.155,3.16,3.15,3.15,3286,2021-09-22 17:55:00,IVR
3.15,3.165,3.15,3.165,74715,2021-09-22 18:00:00,IVR
3.1607,3.1672,3.15,3.16,32054,2021-09-22 18:05:00,IVR
3.165,3.18,3.1601,3.17,80120,2021-09-22 18:10:00,IVR
3.17,3.18,3.17,3.17,16791,2021-09-22 18:15:00,IVR
3.17,3.18,3.165,3.17,94022,2021-09-22 18:20:00,IVR
3.17,3.18,3.1636,3.175,31697,2021-09-22 18:25:00,IVR
3.175,3.18,3.17,3.175,7603,2021-09-22 18:30:00,IVR
3.17,3.18,3.17,3.1701,10303,2021-09-22 18:35:00,IVR
3.175,3.175,3.16,3.16,55554,2021-09-22 18:40:00,IVR
3.165,3.17,3.15,3.155,29455,2021-09-22 18:45:00,IVR
3.15,3.16,3.15,3.155,19091,2021-09-22 18:50:00,IVR
3.155,3.16,3.15,3.15,8734,2021-09-22 18:55:00,IVR
3.15,3.16,3.15,3.15,10161,2021-09-22 19:00:00,IVR
3.155,3.155,3.15,3.155,9325,2021-09-22 19:05:00,IVR
3.1501,3.16,3.15,3.155,8993,2021-09-22 19:10:00,IVR
3.155,3.1556,3.15,3.155,9081,2021-09-22 19:15:00,IVR
3.15,3.16,3.15,3.155,10385,2021-09-22 19:20:00,IVR
3.155,3.1587,3.15,3.1546,24134,2021-09-22 19:25:00,IVR
3.15,3.16,3.15,3.1589,24841,2021-09-22 19:30:00,IVR
3.155,3.16,3.15,3.15,10509,2021-09-22 19:35:00,IVR
3.15,3.16,3.15,3.15,27928,2021-09-22 19:40:00,IVR
3.1506,3.155,3.15,3.15,13638,2021-09-22 19:45:00,IVR
3.15,3.16,3.15,3.15,49078,2021-09-22 19:50:00,IVR
3.155,3.16,3.15,3.16,120640,2021-09-22 19:55:00,IVR
3.15,3.16,3.15,3.16,103863,2021-09-22 20:00:00,IVR
3.15,3.15,3.15,3.15,300,2021-09-22 20:10:00,IVR
3.15,3.15,3.15,3.15,10410,2021-09-22 20:20:00,IVR
3.15,3.15,3.15,3.15,274,2021-09-22 20:30:00,IVR
3.1599,3.1599,3.1599,3.1599,200,2021-09-22 21:00:00,IVR
3.15,3.15,3.15,3.15,13157,2021-09-22 21:10:00,IVR
3.16,3.16,3.15,3.15,200,2021-09-22 21:25:00,IVR
3.15,3.15,3.15,3.15,628,2021-09-22 21:40:00,IVR
3.15,3.15,3.15,3.15,300,2021-09-22 21:45:00,IVR
3.15,3.16,3.15,3.16,720,2021-09-22 21:50:00,IVR
3.15,3.15,3.15,3.15,594,2021-09-22 22:35:00,IVR
3.14,3.14,3.14,3.14,100,2021-09-22 22:55:00,IVR
3.15,3.15,3.14,3.14,1231,2021-09-22 23:05:00,IVR
3.13,3.13,3.13,3.13,221,2021-09-22 23:15:00,IVR
3.13,3.13,3.13,3.13,100,2021-09-22 23:20:00,IVR
3.16,3.16,3.16,3.16,1000,2021-09-22 23:30:00,IVR
3.14,3.14,3.14,3.14,8000,2021-09-22 23:45:00,IVR
3.13,3.13,3.13,3.13,100,2021-09-23 10:20:00,IVR
3.13,3.13,3.13,3.13,259,2021-09-23 10:50:00,IVR
3.15,3.15,3.15,3.15,380,2021-09-23 11:30:00,IVR
3.15,3.15,3.15,3.15,100,2021-09-23 12:00:00,IVR
3.16,3.16,3.16,3.16,1000,2021-09-23 12:05:00,IVR
3.15,3.15,3.15,3.15,1072,2021-09-23 12:40:00,IVR
3.1599,3.1599,3.15,3.15,600,2021-09-23 12:55:00,IVR
3.16,3.16,3.16,3.16,431,2021-09-23 13:00:00,IVR
3.18,3.18,3.18,3.18,920,2021-09-23 13:25:00,IVR
3.17,3.18,3.15,3.1706,153799,2021-09-23 13:30:00,IVR
3.17,3.18,3.17,3.17,15801,2021-09-23 13:35:00,IVR
3.17,3.18,3.16,3.16,68473,2021-09-23 13:40:00,IVR
3.1626,3.17,3.16,3.165,5040,2021-09-23 13:45:00,IVR
3.165,3.17,3.16,3.17,7070,2021-09-23 13:50:00,IVR
3.1625,3.17,3.16,3.16,20065,2021-09-23 13:55:00,IVR
3.16,3.1699,3.16,3.16,34273,2021-09-23 14:00:00,IVR
3.16,3.17,3.16,3.1616,17919,2021-09-23 14:05:00,IVR
3.16,3.167,3.16,3.1619,5392,2021-09-23 14:10:00,IVR
3.1627,3.17,3.15,3.156,109788,2021-09-23 14:15:00,IVR
3.15,3.16,3.15,3.15,15367,2021-09-23 14:20:00,IVR
3.1599,3.16,3.15,3.15,5849,2021-09-23 14:25:00,IVR
3.1501,3.16,3.15,3.15,18780,2021-09-23 14:30:00,IVR
3.155,3.16,3.15,3.155,9634,2021-09-23 14:35:00,IVR
3.15,3.16,3.15,3.159,7706,2021-09-23 14:40:00,IVR
3.15,3.1559,3.14,3.145,187990,2021-09-23 14:45:00,IVR
3.1419,3.15,3.14,3.145,3790,2021-09-23 14:50:00,IVR
3.145,3.146,3.14,3.145,11045,2021-09-23 14:55:00,IVR
3.14,3.1499,3.14,3.14,11531,2021-09-23 15:00:00,IVR
3.145,3.1499,3.14,3.145,5834,2021-09-23 15:05:00,IVR
3.1401,3.15,3.14,3.145,42488,2021-09-23 15:10:00,IVR
3.145,3.15,3.14,3.145,82084,2021-09-23 15:15:00,IVR
3.145,3.15,3.14,3.145,8957,2021-09-23 15:20:00,IVR
3.14,3.15,3.14,3.14,10817,2021-09-23 15:25:00,IVR
3.15,3.15,3.14,3.14,13954,2021-09-23 15:30:00,IVR
3.14,3.15,3.14,3.15,5918,2021-09-23 15:35:00,IVR
3.145,3.15,3.14,3.1409,1890,2021-09-23 15:40:00,IVR
3.142,3.15,3.14,3.145,3411,2021-09-23 15:45:00,IVR
3.1431,3.1464,3.14,3.145,3902,2021-09-23 15:50:00,IVR
3.145,3.15,3.14,3.14,10975,2021-09-23 15:55:00,IVR
3.14,3.1466,3.14,3.145,14838,2021-09-23 16:00:00,IVR
3.1441,3.146,3.14,3.145,4715,2021-09-23 16:05:00,IVR
3.1433,3.15,3.14,3.14,4456,2021-09-23 16:10:00,IVR
3.143,3.15,3.14,3.14,18948,2021-09-23 16:15:00,IVR
3.14,3.15,3.14,3.145,14458,2021-09-23 16:20:00,IVR
3.145,3.15,3.14,3.14,29186,2021-09-23 16:25:00,IVR
3.145,3.15,3.14,3.145,3143,2021-09-23 16:30:00,IVR
3.145,3.1459,3.14,3.145,6363,2021-09-23 16:35:00,IVR
3.14,3.15,3.14,3.15,10840,2021-09-23 16:40:00,IVR
3.1428,3.15,3.14,3.145,6127,2021-09-23 16:45:00,IVR
3.145,3.15,3.14,3.1459,7777,2021-09-23 16:50:00,IVR
3.14,3.15,3.14,3.1459,5800,2021-09-23 16:55:00,IVR
3.145,3.1499,3.14,3.145,1835,2021-09-23 17:00:00,IVR
3.145,3.1461,3.14,3.145,11345,2021-09-23 17:05:00,IVR
3.145,3.15,3.14,3.1459,6586,2021-09-23 17:10:00,IVR
3.145,3.1457,3.14,3.145,2600,2021-09-23 17:15:00,IVR
3.1423,3.1465,3.14,3.14,38506,2021-09-23 17:20:00,IVR
3.145,3.15,3.14,3.145,8189,2021-09-23 17:25:00,IVR
3.145,3.1499,3.14,3.1401,35287,2021-09-23 17:30:00,IVR
3.145,3.1499,3.14,3.14,16580,2021-09-23 17:35:00,IVR
3.1499,3.15,3.14,3.14,13750,2021-09-23 17:40:00,IVR
3.14,3.1458,3.14,3.145,1569,2021-09-23 17:45:00,IVR
3.145,3.15,3.14,3.1499,5985,2021-09-23 17:50:00,IVR
3.14,3.15,3.14,3.145,6152,2021-09-23 17:55:00,IVR
3.14,3.15,3.14,3.145,9832,2021-09-23 18:00:00,IVR
3.1458,3.15,3.14,3.1405,7202,2021-09-23 18:05:00,IVR
3.14,3.15,3.13,3.13,228957,2021-09-23 18:10:00,IVR
3.135,3.14,3.13,3.14,20826,2021-09-23 18:15:00,IVR
3.13,3.14,3.13,3.135,13192,2021-09-23 18:20:00,IVR
3.14,3.14,3.13,3.1302,34508,2021-09-23 18:25:00,IVR
3.1358,3.14,3.13,3.135,5619,2021-09-23 18:30:00,IVR
3.1341,3.14,3.13,3.14,11357,2021-09-23 18:35:00,IVR
3.135,3.14,3.13,3.134,19743,2021-09-23 18:40:00,IVR
3.135,3.14,3.12,3.125,70061,2021-09-23 18:45:00,IVR
3.127,3.13,3.12,3.12,5400,2021-09-23 18:50:00,IVR
3.12,3.1262,3.12,3.125,7290,2021-09-23 18:55:00,IVR
3.12,3.13,3.12,3.12,10439,2021-09-23 19:00:00,IVR
3.125,3.1299,3.12,3.125,6005,2021-09-23 19:05:00,IVR
3.1202,3.13,3.12,3.125,3262,2021-09-23 19:10:00,IVR
3.1202,3.13,3.12,3.12,8875,2021-09-23 19:15:00,IVR
3.125,3.13,3.12,3.1259,21865,2021-09-23 19:20:00,IVR
3.12,3.13,3.12,3.1247,16701,2021-09-23 19:25:00,IVR
3.12,3.13,3.12,3.1224,4720,2021-09-23 19:30:00,IVR
3.125,3.13,3.12,3.12,21376,2021-09-23 19:35:00,IVR
3.13,3.13,3.12,3.12,39583,2021-09-23 19:40:00,IVR
3.125,3.13,3.12,3.125,15677,2021-09-23 19:45:00,IVR
3.12,3.13,3.12,3.125,30115,2021-09-23 19:50:00,IVR
3.12,3.13,3.12,3.12,247906,2021-09-23 19:55:00,IVR
3.12,3.13,3.12,3.13,85029,2021-09-23 20:00:00,IVR
3.13,3.13,3.1299,3.1299,1999,2021-09-23 20:05:00,IVR
3.12,3.12,3.12,3.12,200,2021-09-23 20:35:00,IVR
3.13,3.13,3.13,3.13,100,2021-09-23 20:40:00,IVR
3.12,3.13,3.12,3.13,587,2021-09-23 20:55:00,IVR
3.12,3.12,3.12,3.12,2250,2021-09-23 21:35:00,IVR
3.12,3.12,3.12,3.12,650,2021-09-23 21:40:00,IVR
3.12,3.12,3.12,3.12,683,2021-09-23 21:45:00,IVR
3.13,3.13,3.13,3.13,2000,2021-09-23 21:50:00,IVR
3.14,3.14,3.14,3.14,3000,2021-09-23 22:05:00,IVR
3.12,3.12,3.12,3.12,1894,2021-09-23 22:40:00,IVR
3.13,3.13,3.13,3.13,650,2021-09-23 22:55:00,IVR
3.14,3.14,3.14,3.14,150,2021-09-23 23:15:00,IVR
3.13,3.13,3.13,3.13,100,2021-09-23 23:25:00,IVR
3.14,3.14,3.14,3.14,300,2021-09-23 23:30:00,IVR
3.13,3.13,3.13,3.13,200,2021-09-23 23:55:00,IVR
3.11,3.11,3.11,3.11,690,2021-09-24 11:00:00,IVR
3.1,3.1,3.1,3.1,700,2021-09-24 11:55:00,IVR
3.1,3.1,3.1,3.1,200,2021-09-24 12:00:00,IVR
3.1,3.1,3.1,3.1,100,2021-09-24 12:05:00,IVR
3.1,3.1099,3.1,3.1099,200,2021-09-24 12:10:00,IVR
3.1099,3.1099,3.1,3.1,859,2021-09-24 12:15:00,IVR
3.1,3.1,3.0901,3.0901,424,2021-09-24 12:20:00,IVR
3.11,3.11,3.11,3.11,100,2021-09-24 12:40:00,IVR
3.1,3.11,3.1,3.11,952,2021-09-24 12:45:00,IVR
3.11,3.11,3.11,3.11,1109,2021-09-24 12:55:00,IVR
3.11,3.11,3.11,3.11,400,2021-09-24 13:00:00,IVR
3.1,3.1,3.1,3.1,500,2021-09-24 13:05:00,IVR
3.11,3.11,3.11,3.11,200,2021-09-24 13:15:00,IVR
3.11,3.11,3.1099,3.11,11500,2021-09-24 13:20:00,IVR
3.11,3.11,3.11,3.11,4003,2021-09-24 13:25:00,IVR
3.12,3.13,3.1,3.13,95417,2021-09-24 13:30:00,IVR
3.135,3.1399,3.13,3.13,11751,2021-09-24 13:35:00,IVR
3.135,3.14,3.125,3.125,27862,2021-09-24 13:40:00,IVR
3.1242,3.13,3.12,3.1201,203990,2021-09-24 13:45:00,IVR
3.125,3.13,3.12,3.1201,67786,2021-09-24 13:50:00,IVR
3.125,3.13,3.12,3.1275,13991,2021-09-24 13:55:00,IVR
3.12,3.13,3.12,3.1266,10601,2021-09-24 14:00:00,IVR
3.13,3.14,3.1223,3.1361,41194,2021-09-24 14:05:00,IVR
3.1345,3.14,3.13,3.1399,34228,2021-09-24 14:10:00,IVR
3.1357,3.136,3.13,3.1331,7129,2021-09-24 14:15:00,IVR
3.13,3.14,3.13,3.132,10836,2021-09-24 14:20:00,IVR
3.13,3.137,3.13,3.135,6208,2021-09-24 14:25:00,IVR
3.136,3.14,3.13,3.1339,10296,2021-09-24 14:30:00,IVR
3.1301,3.1368,3.13,3.135,4697,2021-09-24 14:35:00,IVR
3.1333,3.14,3.13,3.1332,4871,2021-09-24 14:40:00,IVR
3.1359,3.1377,3.13,3.13,14793,2021-09-24 14:45:00,IVR
3.133,3.1399,3.13,3.1359,16199,2021-09-24 14:50:00,IVR
3.13,3.1361,3.13,3.135,5466,2021-09-24 14:55:00,IVR
3.13,3.136,3.13,3.1335,3971,2021-09-24 15:00:00,IVR
3.14,3.14,3.13,3.1336,4690,2021-09-24 15:05:00,IVR
3.1368,3.1368,3.13,3.1332,6499,2021-09-24 15:10:00,IVR
3.135,3.135,3.13,3.13,4295,2021-09-24 15:15:00,IVR
3.1335,3.1399,3.13,3.13,2024,2021-09-24 15:20:00,IVR
3.1333,3.1358,3.13,3.1333,10209,2021-09-24 15:25:00,IVR
3.13,3.14,3.13,3.135,7284,2021-09-24 15:30:00,IVR
3.13,3.135,3.13,3.1331,8124,2021-09-24 15:35:00,IVR
3.135,3.1367,3.13,3.1367,7869,2021-09-24 15:40:00,IVR
3.13,3.14,3.13,3.1342,6008,2021-09-24 15:45:00,IVR
3.1357,3.14,3.13,3.135,7505,2021-09-24 15:50:00,IVR
3.1365,3.14,3.1336,3.1359,2225,2021-09-24 15:55:00,IVR
3.136,3.14,3.1336,3.1337,3868,2021-09-24 16:00:00,IVR
3.13,3.14,3.13,3.1343,7313,2021-09-24 16:05:00,IVR
3.1399,3.1499,3.135,3.1433,77378,2021-09-24 16:10:00,IVR
3.1464,3.15,3.1401,3.15,6063,2021-09-24 16:15:00,IVR
3.145,3.1462,3.14,3.14,2148,2021-09-24 16:20:00,IVR
3.1445,3.1499,3.14,3.145,12254,2021-09-24 16:25:00,IVR
3.1446,3.1457,3.1446,3.145,617,2021-09-24 16:30:00,IVR
3.145,3.1499,3.14,3.1499,15986,2021-09-24 16:35:00,IVR
3.1499,3.15,3.14,3.145,16387,2021-09-24 16:40:00,IVR
3.145,3.15,3.14,3.1439,9593,2021-09-24 16:45:00,IVR
3.14,3.145,3.14,3.145,1600,2021-09-24 16:50:00,IVR
3.15,3.15,3.14,3.14,6649,2021-09-24 16:55:00,IVR
3.1434,3.1499,3.14,3.145,6469,2021-09-24 17:00:00,IVR
3.1439,3.1499,3.14,3.1499,9989,2021-09-24 17:05:00,IVR
3.14,3.1462,3.14,3.14,3800,2021-09-24 17:10:00,IVR
3.145,3.1461,3.14,3.1436,1521,2021-09-24 17:15:00,IVR
3.145,3.1466,3.14,3.14,2228,2021-09-24 17:20:00,IVR
3.145,3.145,3.14,3.145,13325,2021-09-24 17:25:00,IVR
3.145,3.15,3.14,3.1401,7893,2021-09-24 17:30:00,IVR
3.145,3.15,3.14,3.14,3976,2021-09-24 17:35:00,IVR
3.145,3.1499,3.13,3.134,160839,2021-09-24 17:40:00,IVR
3.13,3.14,3.13,3.13,841,2021-09-24 17:45:00,IVR
3.135,3.1399,3.12,3.125,74825,2021-09-24 17:50:00,IVR
3.13,3.13,3.12,3.1201,12594,2021-09-24 17:55:00,IVR
3.1299,3.13,3.1223,3.125,10232,2021-09-24 18:00:00,IVR
3.125,3.1293,3.12,3.128,2730,2021-09-24 18:05:00,IVR
3.13,3.13,3.12,3.13,1799,2021-09-24 18:10:00,IVR
3.125,3.13,3.12,3.13,13806,2021-09-24 18:15:00,IVR
3.13,3.13,3.1223,3.125,17669,2021-09-24 18:20:00,IVR
3.125,3.13,3.12,3.13,11675,2021-09-24 18:25:00,IVR
3.125,3.13,3.12,3.125,10470,2021-09-24 18:30:00,IVR
3.125,3.13,3.12,3.125,10319,2021-09-24 18:35:00,IVR
3.1263,3.13,3.1201,3.125,4062,2021-09-24 18:40:00,IVR
3.12,3.13,3.12,3.125,3481,2021-09-24 18:45:00,IVR
3.125,3.13,3.12,3.125,2648,2021-09-24 18:50:00,IVR
3.12,3.1299,3.12,3.125,6644,2021-09-24 18:55:00,IVR
3.125,3.13,3.12,3.1227,12261,2021-09-24 19:00:00,IVR
3.1262,3.13,3.12,3.125,5365,2021-09-24 19:05:00,IVR
3.1264,3.1264,3.12,3.125,6234,2021-09-24 19:10:00,IVR
3.125,3.13,3.12,3.125,22036,2021-09-24 19:15:00,IVR
3.125,3.13,3.12,3.125,11939,2021-09-24 19:20:00,IVR
3.1259,3.13,3.1201,3.125,4541,2021-09-24 19:25:00,IVR
3.125,3.13,3.12,3.12,30450,2021-09-24 19:30:00,IVR
3.1261,3.13,3.1221,3.1299,10171,2021-09-24 19:35:00,IVR
3.125,3.13,3.12,3.1265,25711,2021-09-24 19:40:00,IVR
3.125,3.13,3.12,3.125,102351,2021-09-24 19:45:00,IVR
3.125,3.13,3.12,3.12,89898,2021-09-24 19:50:00,IVR
3.12,3.13,3.12,3.12,302949,2021-09-24 19:55:00,IVR
3.12,3.12,3.12,3.12,136870,2021-09-24 20:00:00,IVR
3.13,3.13,3.13,3.13,2000,2021-09-24 20:15:00,IVR
3.13,3.13,3.13,3.13,1000,2021-09-24 20:25:00,IVR
3.12,3.12,3.12,3.12,2100,2021-09-24 21:00:00,IVR
3.12,3.12,3.12,3.12,130,2021-09-24 21:20:00,IVR
3.12,3.12,3.12,3.12,965,2021-09-24 21:45:00,IVR
3.12,3.12,3.12,3.12,315,2021-09-24 22:35:00,IVR
3.13,3.13,3.13,3.13,438,2021-09-24 22:45:00,IVR
3.13,3.13,3.13,3.13,512,2021-09-24 23:05:00,IVR
3.12,3.12,3.12,3.12,438,2021-09-24 23:25:00,IVR
3.12,3.12,3.12,3.12,148,2021-09-24 23:45:00,IVR
3.13,3.13,3.12,3.12,905,2021-09-27 11:00:00,IVR
3.14,3.14,3.14,3.14,1500,2021-09-27 11:30:00,IVR
3.15,3.15,3.14,3.14,1437,2021-09-27 12:00:00,IVR
3.14,3.14,3.14,3.14,178,2021-09-27 12:05:00,IVR
3.14,3.14,3.14,3.14,100,2021-09-27 12:15:00,IVR
3.15,3.15,3.15,3.15,400,2021-09-27 12:25:00,IVR
3.14,3.14,3.14,3.14,100,2021-09-27 12:35:00,IVR
3.15,3.15,3.15,3.15,1000,2021-09-27 12:40:00,IVR
3.15,3.15,3.15,3.15,240,2021-09-27 12:45:00,IVR
3.15,3.15,3.14,3.14,807,2021-09-27 12:55:00,IVR
3.14,3.14,3.14,3.14,200,2021-09-27 13:00:00,IVR
3.15,3.15,3.15,3.15,100,2021-09-27 13:10:00,IVR
3.14,3.14,3.14,3.14,420,2021-09-27 13:15:00,IVR
3.15,3.16,3.15,3.16,6293,2021-09-27 13:25:00,IVR
3.17,3.17,3.14,3.15,245574,2021-09-27 13:30:00,IVR
3.145,3.16,3.14,3.1471,154920,2021-09-27 13:35:00,IVR
3.145,3.17,3.14,3.16,94690,2021-09-27 13:40:00,IVR
3.16,3.16,3.1502,3.155,23196,2021-09-27 13:45:00,IVR
3.1526,3.16,3.15,3.15,30762,2021-09-27 13:50:00,IVR
3.16,3.16,3.15,3.15,96103,2021-09-27 13:55:00,IVR
3.155,3.16,3.15,3.1581,8098,2021-09-27 14:00:00,IVR
3.16,3.16,3.15,3.155,74128,2021-09-27 14:05:00,IVR
3.1538,3.17,3.15,3.17,66872,2021-09-27 14:10:00,IVR
3.17,3.18,3.16,3.17,92193,2021-09-27 14:15:00,IVR
3.17,3.18,3.17,3.1787,92503,2021-09-27 14:20:00,IVR
3.18,3.19,3.17,3.19,331036,2021-09-27 14:25:00,IVR
3.18,3.21,3.18,3.205,216364,2021-09-27 14:30:00,IVR
3.21,3.21,3.2,3.2,48175,2021-09-27 14:35:00,IVR
3.2038,3.21,3.2,3.2,39297,2021-09-27 14:40:00,IVR
3.205,3.21,3.19,3.19,215464,2021-09-27 14:45:00,IVR
3.2,3.2,3.19,3.1942,48756,2021-09-27 14:50:00,IVR
3.194,3.1999,3.19,3.19,44310,2021-09-27 14:55:00,IVR
3.19,3.195,3.18,3.185,49918,2021-09-27 15:00:00,IVR
3.185,3.19,3.18,3.19,10808,2021-09-27 15:05:00,IVR
3.185,3.2,3.18,3.195,88598,2021-09-27 15:10:00,IVR
3.1972,3.1978,3.19,3.19,8527,2021-09-27 15:15:00,IVR
3.1914,3.2,3.19,3.19,31214,2021-09-27 15:20:00,IVR
3.1972,3.1999,3.19,3.19,26941,2021-09-27 15:25:00,IVR
3.19,3.1997,3.19,3.195,16956,2021-09-27 15:30:00,IVR
3.1922,3.2,3.19,3.1927,12290,2021-09-27 15:35:00,IVR
3.19,3.2,3.19,3.1923,9207,2021-09-27 15:40:00,IVR
3.195,3.2,3.18,3.1964,204485,2021-09-27 15:45:00,IVR
3.2,3.2,3.19,3.1931,11788,2021-09-27 15:50:00,IVR
3.19,3.2,3.19,3.1927,23022,2021-09-27 15:55:00,IVR
3.195,3.1965,3.19,3.195,7541,2021-09-27 16:00:00,IVR
3.1919,3.2,3.19,3.195,38321,2021-09-27 16:05:00,IVR
3.2,3.2,3.19,3.195,5027,2021-09-27 16:10:00,IVR
3.2,3.2,3.19,3.1919,10039,2021-09-27 16:15:00,IVR
3.195,3.2,3.1901,3.195,2297,2021-09-27 16:20:00,IVR
3.195,3.2,3.19,3.1901,19190,2021-09-27 16:25:00,IVR
3.2,3.2,3.18,3.185,126603,2021-09-27 16:30:00,IVR
3.1815,3.19,3.1815,3.185,61989,2021-09-27 16:35:00,IVR
3.185,3.19,3.18,3.19,14139,2021-09-27 16:40:00,IVR
3.185,3.19,3.18,3.185,10594,2021-09-27 16:45:00,IVR
3.19,3.19,3.18,3.185,11396,2021-09-27 16:50:00,IVR
3.1899,3.19,3.18,3.185,10554,2021-09-27 16:55:00,IVR
3.185,3.19,3.1843,3.19,2720,2021-09-27 17:00:00,IVR
3.1875,3.19,3.18,3.185,32502,2021-09-27 17:05:00,IVR
3.185,3.19,3.18,3.185,22549,2021-09-27 17:10:00,IVR
3.18,3.19,3.18,3.1899,9359,2021-09-27 17:15:00,IVR
3.185,3.19,3.18,3.185,17350,2021-09-27 17:20:00,IVR
3.185,3.186,3.18,3.183,11772,2021-09-27 17:25:00,IVR
3.1801,3.19,3.18,3.185,12826,2021-09-27 17:30:00,IVR
3.185,3.19,3.18,3.185,4141,2021-09-27 17:35:00,IVR
3.19,3.19,3.18,3.18,13834,2021-09-27 17:40:00,IVR
3.1824,3.19,3.18,3.18,11070,2021-09-27 17:45:00,IVR
3.185,3.19,3.18,3.1833,5748,2021-09-27 17:50:00,IVR
3.18,3.19,3.18,3.185,16880,2021-09-27 17:55:00,IVR
3.185,3.1899,3.18,3.1854,10047,2021-09-27 18:00:00,IVR
3.19,3.19,3.18,3.185,36245,2021-09-27 18:05:00,IVR
3.185,3.1861,3.18,3.1855,13406,2021-09-27 18:10:00,IVR
3.1804,3.19,3.18,3.19,14271,2021-09-27 18:15:00,IVR
3.19,3.19,3.1832,3.185,13143,2021-09-27 18:20:00,IVR
3.19,3.19,3.18,3.19,14437,2021-09-27 18:25:00,IVR
3.19,3.19,3.18,3.1846,11746,2021-09-27 18:30:00,IVR
3.19,3.19,3.18,3.19,13055,2021-09-27 18:35:00,IVR
3.185,3.19,3.1809,3.19,13457,2021-09-27 18:40:00,IVR
3.18,3.19,3.18,3.18,9730,2021-09-27 18:45:00,IVR
3.18,3.19,3.18,3.19,46227,2021-09-27 18:50:00,IVR
3.19,3.19,3.18,3.186,14586,2021-09-27 18:55:00,IVR
3.18,3.19,3.18,3.185,7341,2021-09-27 19:00:00,IVR
3.18,3.19,3.18,3.19,13905,2021-09-27 19:05:00,IVR
3.19,3.19,3.18,3.19,36147,2021-09-27 19:10:00,IVR
3.185,3.19,3.18,3.19,19870,2021-09-27 19:15:00,IVR
3.19,3.19,3.18,3.19,20457,2021-09-27 19:20:00,IVR
3.1841,3.19,3.18,3.185,49287,2021-09-27 19:25:00,IVR
3.19,3.19,3.18,3.185,53232,2021-09-27 19:30:00,IVR
3.1863,3.19,3.18,3.19,36048,2021-09-27 19:35:00,IVR
3.185,3.19,3.18,3.19,66077,2021-09-27 19:40:00,IVR
3.1829,3.19,3.18,3.185,100201,2021-09-27 19:45:00,IVR
3.185,3.19,3.18,3.185,112796,2021-09-27 19:50:00,IVR
3.185,3.19,3.18,3.18,460464,2021-09-27 19:55:00,IVR
3.18,3.18,3.18,3.18,181538,2021-09-27 20:00:00,IVR
3.18,3.18,3.18,3.18,1450,2021-09-27 20:05:00,IVR
3.17,3.17,3.17,3.17,1524,2021-09-27 20:20:00,IVR
3.17,3.17,3.17,3.17,200,2021-09-27 20:25:00,IVR
3.18,3.18,3.18,3.18,100,2021-09-27 20:30:00,IVR
3.18,3.18,3.18,3.18,1000,2021-09-27 20:35:00,IVR
3.18,3.18,3.18,3.18,194,2021-09-27 20:40:00,IVR
3.17,3.18,3.17,3.18,32870,2021-09-27 20:50:00,IVR
3.17,3.17,3.17,3.17,900,2021-09-27 21:10:00,IVR
3.16,3.16,3.15,3.15,4448,2021-09-27 21:20:00,IVR
3.15,3.15,3.15,3.15,315,2021-09-27 21:35:00,IVR
3.16,3.16,3.15,3.15,1326,2021-09-27 21:45:00,IVR
3.17,3.17,3.17,3.17,119,2021-09-27 21:50:00,IVR
3.15,3.17,3.15,3.17,1472,2021-09-27 22:40:00,IVR
3.17,3.17,3.17,3.17,100,2021-09-27 23:25:00,IVR
3.17,3.17,3.17,3.17,100,2021-09-27 23:30:00,IVR
3.16,3.16,3.16,3.16,400,2021-09-27 23:50:00,IVR
3.18,3.18,3.18,3.18,256,2021-09-28 08:00:00,IVR
3.18,3.18,3.18,3.18,127,2021-09-28 10:05:00,IVR
3.18,3.18,3.16,3.16,1367,2021-09-28 10:15:00,IVR
3.17,3.17,3.17,3.17,146,2021-09-28 11:55:00,IVR
3.18,3.18,3.18,3.18,4200,2021-09-28 12:00:00,IVR
3.19,3.19,3.19,3.19,335,2021-09-28 12:15:00,IVR
3.18,3.18,3.18,3.18,698,2021-09-28 12:20:00,IVR
3.18,3.18,3.18,3.18,110,2021-09-28 12:25:00,IVR
3.18,3.18,3.18,3.18,100,2021-09-28 12:30:00,IVR
3.18,3.19,3.18,3.19,2865,2021-09-28 13:00:00,IVR
3.19,3.19,3.19,3.19,500,2021-09-28 13:05:00,IVR
3.18,3.18,3.18,3.18,554,2021-09-28 13:10:00,IVR
3.18,3.18,3.18,3.18,173,2021-09-28 13:15:00,IVR
3.19,3.19,3.19,3.19,200,2021-09-28 13:20:00,IVR
3.1801,3.1801,3.1801,3.1801,102,2021-09-28 13:25:00,IVR
3.19,3.2,3.16,3.185,173844,2021-09-28 13:30:00,IVR
3.189,3.19,3.16,3.1776,137212,2021-09-28 13:35:00,IVR
3.18,3.18,3.15,3.15,167745,2021-09-28 13:40:00,IVR
3.15,3.16,3.14,3.155,59873,2021-09-28 13:45:00,IVR
3.155,3.1564,3.14,3.1434,48622,2021-09-28 13:50:00,IVR
3.1478,3.16,3.1478,3.15,22089,2021-09-28 13:55:00,IVR
3.1513,3.1573,3.14,3.14,34324,2021-09-28 14:00:00,IVR
3.1418,3.16,3.13,3.13,88259,2021-09-28 14:05:00,IVR
3.13,3.14,3.13,3.13,71284,2021-09-28 14:10:00,IVR
3.13,3.14,3.13,3.135,39660,2021-09-28 14:15:00,IVR
3.13,3.14,3.13,3.134,27451,2021-09-28 14:20:00,IVR
3.1331,3.145,3.13,3.1433,26229,2021-09-28 14:25:00,IVR
3.15,3.15,3.14,3.14,12205,2021-09-28 14:30:00,IVR
3.14,3.15,3.14,3.145,15523,2021-09-28 14:35:00,IVR
3.145,3.15,3.14,3.1439,15363,2021-09-28 14:40:00,IVR
3.146,3.15,3.14,3.145,17944,2021-09-28 14:45:00,IVR
3.145,3.15,3.14,3.14,19471,2021-09-28 14:50:00,IVR
3.1401,3.145,3.13,3.13,55543,2021-09-28 14:55:00,IVR
3.13,3.13,3.12,3.13,9743,2021-09-28 15:45:00,IVR
3.11,3.12,3.11,3.12,7756,2021-09-28 17:00:00,IVR
3.114,3.12,3.11,3.1137,20466,2021-09-28 17:05:00,IVR
3.1162,3.12,3.11,3.11,16124,2021-09-28 17:10:00,IVR
3.115,3.12,3.11,3.1138,11022,2021-09-28 17:15:00,IVR
3.12,3.13,3.115,3.1257,85968,2021-09-28 17:20:00,IVR
3.1201,3.13,3.12,3.12,16377,2021-09-28 17:25:00,IVR
3.1269,3.13,3.12,3.12,23847,2021-09-28 17:30:00,IVR
3.12,3.1264,3.12,3.12,17819,2021-09-28 17:35:00,IVR
3.1229,3.13,3.12,3.1201,9904,2021-09-28 17:40:00,IVR
3.13,3.13,3.12,3.125,25908,2021-09-28 17:45:00,IVR
3.1234,3.13,3.12,3.125,8655,2021-09-28 17:50:00,IVR
3.127,3.13,3.12,3.13,30244,2021-09-28 17:55:00,IVR
3.13,3.13,3.12,3.13,5215,2021-09-28 18:00:00,IVR
3.13,3.13,3.12,3.13,14360,2021-09-28 18:05:00,IVR
3.125,3.13,3.12,3.13,6228,2021-09-28 18:10:00,IVR
3.1257,3.13,3.12,3.125,25380,2021-09-28 18:15:00,IVR
3.125,3.13,3.1234,3.125,8278,2021-09-28 18:20:00,IVR
3.125,3.13,3.12,3.13,9831,2021-09-28 18:25:00,IVR
3.12,3.13,3.12,3.13,10476,2021-09-28 18:30:00,IVR
3.13,3.13,3.12,3.1201,14040,2021-09-28 18:35:00,IVR
3.13,3.14,3.1222,3.13,40853,2021-09-28 18:40:00,IVR
3.14,3.16,3.1319,3.16,85197,2021-09-28 18:45:00,IVR
3.155,3.16,3.15,3.16,32598,2021-09-28 18:50:00,IVR
3.155,3.16,3.15,3.155,53527,2021-09-28 18:55:00,IVR
3.16,3.16,3.15,3.1501,34816,2021-09-28 19:00:00,IVR
3.1545,3.16,3.14,3.155,215541,2021-09-28 19:05:00,IVR
3.15,3.16,3.15,3.15,33586,2021-09-28 19:10:00,IVR
3.15,3.16,3.15,3.15,38591,2021-09-28 19:15:00,IVR
3.155,3.155,3.14,3.14,63079,2021-09-28 19:20:00,IVR
3.14,3.145,3.13,3.13,53387,2021-09-28 19:25:00,IVR
3.13,3.14,3.13,3.14,9527,2021-09-28 19:30:00,IVR
3.13,3.14,3.13,3.135,29872,2021-09-28 19:35:00,IVR
3.1387,3.14,3.13,3.135,38876,2021-09-28 19:40:00,IVR
3.14,3.14,3.13,3.135,47970,2021-09-28 19:45:00,IVR
3.13,3.135,3.12,3.125,110316,2021-09-28 19:50:00,IVR
3.125,3.13,3.12,3.12,219143,2021-09-28 19:55:00,IVR
3.12,3.12,3.11,3.12,105386,2021-09-28 20:00:00,IVR
3.1204,3.1204,3.12,3.12,402,2021-09-28 20:05:00,IVR
3.12,3.12,3.12,3.12,16045,2021-09-28 20:10:00,IVR
3.13,3.13,3.13,3.13,1000,2021-09-28 20:15:00,IVR
3.13,3.14,3.13,3.14,1919,2021-09-28 20:20:00,IVR
3.14,3.14,3.14,3.14,1200,2021-09-28 20:35:00,IVR
3.13,3.13,3.13,3.13,125,2021-09-28 20:40:00,IVR
3.14,3.14,3.13,3.13,200,2021-09-28 20:45:00,IVR
3.14,3.15,3.13,3.13,20251,2021-09-28 20:50:00,IVR
3.15,3.15,3.15,3.15,24275,2021-09-28 21:15:00,IVR
3.15,3.15,3.14,3.15,700,2021-09-28 21:20:00,IVR
3.15,3.15,3.15,3.15,441,2021-09-28 21:25:00,IVR
3.15,3.15,3.15,3.15,100,2021-09-28 21:30:00,IVR
3.12,3.12,3.12,3.12,5959,2021-09-28 21:45:00,IVR
3.15,3.15,3.15,3.15,200,2021-09-28 21:50:00,IVR
3.15,3.15,3.15,3.15,1000,2021-09-28 22:00:00,IVR
3.15,3.15,3.15,3.15,111,2021-09-28 22:10:00,IVR
3.1799,3.1799,3.1799,3.1799,4586,2021-09-28 23:10:00,IVR
3.15,3.15,3.15,3.15,1000,2021-09-28 23:35:00,IVR
3.15,3.15,3.15,3.15,173,2021-09-28 23:50:00,IVR
3.18,3.18,3.18,3.18,1500,2021-09-28 23:55:00,IVR
3.19,3.19,3.19,3.19,100,2021-09-29 08:40:00,IVR
3.15,3.15,3.15,3.15,339,2021-09-29 08:55:00,IVR
3.18,3.18,3.18,3.18,100,2021-09-29 09:05:00,IVR
3.18,3.18,3.18,3.18,1700,2021-09-29 10:20:00,IVR
3.18,3.18,3.18,3.18,100,2021-09-29 10:30:00,IVR
3.19,3.19,3.19,3.19,100,2021-09-29 10:40:00,IVR
3.18,3.18,3.18,3.18,883,2021-09-29 11:30:00,IVR
3.17,3.17,3.17,3.17,1670,2021-09-29 11:35:00,IVR
3.17,3.18,3.17,3.1799,9983,2021-09-29 12:00:00,IVR
3.18,3.18,3.17,3.17,832,2021-09-29 12:05:00,IVR
3.18,3.18,3.18,3.18,1050,2021-09-29 12:10:00,IVR
3.18,3.18,3.18,3.18,155,2021-09-29 12:45:00,IVR
3.18,3.18,3.18,3.18,2100,2021-09-29 12:50:00,IVR
3.18,3.18,3.18,3.18,1099,2021-09-29 12:55:00,IVR
3.17,3.17,3.16,3.16,326,2021-09-29 13:05:00,IVR
3.16,3.16,3.16,3.16,350,2021-09-29 13:15:00,IVR
3.16,3.16,3.16,3.16,1700,2021-09-29 13:20:00,IVR
3.17,3.17,3.11,3.11,297386,2021-09-29 13:30:00,IVR
3.1162,3.12,3.11,3.1179,36157,2021-09-29 13:35:00,IVR
3.12,3.13,3.11,3.125,89546,2021-09-29 13:40:00,IVR
3.12,3.13,3.12,3.125,10258,2021-09-29 13:45:00,IVR
3.1271,3.13,3.12,3.13,41775,2021-09-29 13:50:00,IVR
3.13,3.13,3.11,3.11,131119,2021-09-29 13:55:00,IVR
3.12,3.13,3.11,3.11,46764,2021-09-29 14:00:00,IVR
3.11,3.12,3.11,3.1173,29178,2021-09-29 14:05:00,IVR
3.115,3.12,3.11,3.12,28193,2021-09-29 14:10:00,IVR
3.12,3.13,3.11,3.125,57775,2021-09-29 14:15:00,IVR
3.1201,3.13,3.12,3.1272,11494,2021-09-29 14:20:00,IVR
3.1266,3.13,3.12,3.125,55197,2021-09-29 14:25:00,IVR
3.12,3.13,3.12,3.125,11360,2021-09-29 14:30:00,IVR
3.12,3.13,3.12,3.125,25381,2021-09-29 14:35:00,IVR
3.12,3.13,3.12,3.12,75089,2021-09-29 14:40:00,IVR
3.13,3.13,3.12,3.13,16083,2021-09-29 14:45:00,IVR
3.13,3.13,3.12,3.13,11962,2021-09-29 14:50:00,IVR
3.12,3.13,3.12,3.125,9146,2021-09-29 14:55:00,IVR
3.125,3.13,3.12,3.13,5050,2021-09-29 15:00:00,IVR
3.125,3.14,3.125,3.135,22913,2021-09-29 15:05:00,IVR
3.14,3.14,3.1342,3.1391,3320,2021-09-29 15:10:00,IVR
3.1384,3.14,3.13,3.1339,41405,2021-09-29 15:15:00,IVR
3.13,3.14,3.13,3.135,22030,2021-09-29 15:20:00,IVR
3.13,3.14,3.13,3.135,10549,2021-09-29 15:25:00,IVR
3.13,3.14,3.13,3.13,15488,2021-09-29 15:30:00,IVR
3.13,3.135,3.12,3.1237,86914,2021-09-29 15:35:00,IVR
3.125,3.1299,3.12,3.12,21192,2021-09-29 15:40:00,IVR
3.125,3.13,3.12,3.125,13169,2021-09-29 15:45:00,IVR
3.125,3.13,3.12,3.125,21075,2021-09-29 15:50:00,IVR
3.12,3.13,3.12,3.1242,67779,2021-09-29 15:55:00,IVR
3.13,3.13,3.12,3.1242,10096,2021-09-29 16:00:00,IVR
3.125,3.13,3.12,3.1246,3766,2021-09-29 16:05:00,IVR
3.125,3.1299,3.12,3.1299,9041,2021-09-29 16:10:00,IVR
3.125,3.13,3.1239,3.13,15273,2021-09-29 16:15:00,IVR
3.125,3.13,3.12,3.12,30986,2021-09-29 16:20:00,IVR
3.13,3.13,3.12,3.13,12981,2021-09-29 16:25:00,IVR
3.125,3.13,3.12,3.12,27289,2021-09-29 16:30:00,IVR
3.125,3.13,3.12,3.125,17011,2021-09-29 16:35:00,IVR
3.12,3.13,3.12,3.13,3561,2021-09-29 16:40:00,IVR
3.12,3.13,3.12,3.13,9157,2021-09-29 16:45:00,IVR
3.125,3.13,3.12,3.125,16168,2021-09-29 16:50:00,IVR
3.125,3.13,3.12,3.1202,63176,2021-09-29 16:55:00,IVR
3.1263,3.1263,3.12,3.125,1860,2021-09-29 17:00:00,IVR
3.1205,3.125,3.12,3.12,8989,2021-09-29 17:05:00,IVR
3.12,3.1299,3.12,3.12,4974,2021-09-29 17:10:00,IVR
3.13,3.13,3.12,3.122,9262,2021-09-29 17:15:00,IVR
3.12,3.13,3.12,3.12,8962,2021-09-29 17:20:00,IVR
3.12,3.126,3.12,3.125,7673,2021-09-29 17:25:00,IVR
3.125,3.13,3.12,3.12,11628,2021-09-29 17:30:00,IVR
3.12,3.13,3.12,3.12,22727,2021-09-29 17:35:00,IVR
3.1232,3.125,3.11,3.115,134512,2021-09-29 17:40:00,IVR
3.11,3.12,3.11,3.1145,6209,2021-09-29 17:45:00,IVR
3.1166,3.1166,3.11,3.1144,5523,2021-09-29 17:50:00,IVR
3.111,3.119,3.11,3.11,5528,2021-09-29 17:55:00,IVR
3.115,3.12,3.11,3.11,4700,2021-09-29 18:00:00,IVR
3.115,3.12,3.11,3.115,40529,2021-09-29 18:05:00,IVR
3.11,3.12,3.11,3.11,20825,2021-09-29 18:10:00,IVR
3.115,3.12,3.11,3.1128,14455,2021-09-29 18:15:00,IVR
3.115,3.12,3.11,3.1128,5534,2021-09-29 18:20:00,IVR
3.1128,3.12,3.11,3.11,10693,2021-09-29 18:25:00,IVR
3.115,3.12,3.11,3.11,6500,2021-09-29 18:30:00,IVR
3.115,3.12,3.11,3.11,11258,2021-09-29 18:35:00,IVR
3.112,3.12,3.11,3.12,20425,2021-09-29 18:40:00,IVR
3.12,3.12,3.11,3.11,36613,2021-09-29 18:45:00,IVR
3.12,3.12,3.11,3.11,13329,2021-09-29 18:50:00,IVR
3.115,3.12,3.11,3.12,23079,2021-09-29 18:55:00,IVR
3.12,3.12,3.11,3.11,37690,2021-09-29 19:00:00,IVR
3.12,3.12,3.11,3.1127,31938,2021-09-29 19:05:00,IVR
3.12,3.12,3.11,3.12,14658,2021-09-29 19:10:00,IVR
3.115,3.13,3.1128,3.125,52968,2021-09-29 19:15:00,IVR
3.125,3.13,3.12,3.13,30128,2021-09-29 19:20:00,IVR
3.13,3.13,3.12,3.13,9997,2021-09-29 19:25:00,IVR
3.125,3.13,3.12,3.125,25501,2021-09-29 19:30:00,IVR
3.1234,3.13,3.12,3.13,7483,2021-09-29 19:35:00,IVR
3.13,3.13,3.12,3.13,13490,2021-09-29 19:40:00,IVR
3.13,3.14,3.12,3.135,80974,2021-09-29 19:45:00,IVR
3.135,3.14,3.13,3.14,114761,2021-09-29 19:50:00,IVR
3.14,3.14,3.13,3.14,146701,2021-09-29 19:55:00,IVR
3.14,3.14,3.14,3.14,103864,2021-09-29 20:00:00,IVR
3.13,3.14,3.13,3.14,871,2021-09-29 20:05:00,IVR
3.14,3.14,3.14,3.14,100,2021-09-29 20:10:00,IVR
3.14,3.14,3.14,3.14,3332,2021-09-29 20:15:00,IVR
3.13,3.13,3.13,3.13,500,2021-09-29 20:30:00,IVR
3.14,3.14,3.14,3.14,200,2021-09-29 20:45:00,IVR
3.14,3.14,3.14,3.14,122,2021-09-29 20:50:00,IVR
3.13,3.13,3.13,3.13,600,2021-09-29 21:05:00,IVR
3.13,3.1301,3.13,3.13,1008,2021-09-29 21:10:00,IVR
3.12,3.12,3.12,3.12,126,2021-09-29 21:15:00,IVR
3.1299,3.13,3.11,3.11,8786,2021-09-29 21:25:00,IVR
3.12,3.12,3.12,3.12,1700,2021-09-29 21:50:00,IVR
3.11,3.11,3.11,3.11,110,2021-09-29 21:55:00,IVR
3.11,3.11,3.11,3.11,1725,2021-09-29 22:00:00,IVR
3.12,3.12,3.12,3.12,100,2021-09-29 22:05:00,IVR
3.14,3.14,3.14,3.14,1500,2021-09-29 22:15:00,IVR
3.14,3.14,3.14,3.14,100,2021-09-29 22:25:00,IVR
3.14,3.14,3.14,3.14,250,2021-09-29 23:00:00,IVR
3.12,3.12,3.12,3.12,750,2021-09-29 23:05:00,IVR
3.12,3.14,3.12,3.14,397,2021-09-29 23:25:00,IVR
3.14,3.14,3.14,3.14,240,2021-09-29 23:30:00,IVR
3.1399,3.14,3.12,3.14,1007,2021-09-29 23:40:00,IVR
3.15,3.15,3.15,3.15,300,2021-09-29 23:45:00,IVR
3.14,3.14,3.14,3.14,2000,2021-09-29 23:50:00,IVR
3.14,3.15,3.14,3.15,1100,2021-09-29 23:55:00,IVR
3.15,3.15,3.15,3.15,270,2021-09-30 08:50:00,IVR
3.15,3.15,3.15,3.15,643,2021-09-30 09:20:00,IVR
3.16,3.16,3.16,3.16,100,2021-09-30 10:55:00,IVR
3.14,3.14,3.14,3.14,200,2021-09-30 11:05:00,IVR
3.14,3.14,3.13,3.13,4812,2021-09-30 12:00:00,IVR
3.14,3.14,3.14,3.14,1200,2021-09-30 12:05:00,IVR
3.14,3.14,3.14,3.14,400,2021-09-30 12:20:00,IVR
3.1401,3.1401,3.14,3.14,400,2021-09-30 12:40:00,IVR
3.15,3.15,3.15,3.15,200,2021-09-30 12:45:00,IVR
3.15,3.15,3.14,3.14,475,2021-09-30 12:55:00,IVR
3.14,3.14,3.14,3.14,2388,2021-09-30 13:00:00,IVR
3.14,3.14,3.14,3.14,401,2021-09-30 13:05:00,IVR
3.1399,3.1399,3.1399,3.1399,200,2021-09-30 13:15:00,IVR
3.14,3.14,3.14,3.14,1000,2021-09-30 13:25:00,IVR
3.14,3.15,3.12,3.14,99313,2021-09-30 13:30:00,IVR
3.14,3.1481,3.13,3.135,26553,2021-09-30 13:35:00,IVR
3.135,3.14,3.13,3.135,20170,2021-09-30 13:40:00,IVR
3.135,3.15,3.13,3.145,22686,2021-09-30 13:45:00,IVR
3.1459,3.16,3.14,3.16,64342,2021-09-30 13:50:00,IVR
3.16,3.16,3.145,3.145,46354,2021-09-30 13:55:00,IVR
3.14,3.15,3.14,3.1435,13954,2021-09-30 14:00:00,IVR
3.14,3.145,3.13,3.1343,25050,2021-09-30 14:05:00,IVR
3.14,3.14,3.13,3.135,14219,2021-09-30 14:10:00,IVR
3.135,3.14,3.13,3.1301,12952,2021-09-30 14:15:00,IVR
3.135,3.135,3.13,3.131,6999,2021-09-30 14:20:00,IVR
3.13,3.135,3.13,3.1327,14550,2021-09-30 14:25:00,IVR
3.135,3.14,3.13,3.13,11737,2021-09-30 14:30:00,IVR
3.1369,3.14,3.13,3.1336,7792,2021-09-30 14:35:00,IVR
3.135,3.1372,3.13,3.13,4574,2021-09-30 14:40:00,IVR
3.1344,3.14,3.13,3.135,9849,2021-09-30 14:45:00,IVR
3.1374,3.14,3.13,3.135,9557,2021-09-30 14:50:00,IVR
3.135,3.14,3.13,3.1371,11122,2021-09-30 14:55:00,IVR
3.135,3.14,3.13,3.135,30614,2021-09-30 15:00:00,IVR
3.135,3.14,3.13,3.135,5570,2021-09-30 15:05:00,IVR
3.1362,3.138,3.13,3.13,12078,2021-09-30 15:10:00,IVR
3.14,3.14,3.13,3.1397,10564,2021-09-30 15:15:00,IVR
3.135,3.14,3.13,3.135,14716,2021-09-30 15:20:00,IVR
3.14,3.15,3.13,3.15,33632,2021-09-30 15:25:00,IVR
3.15,3.15,3.14,3.145,10141,2021-09-30 15:30:00,IVR
3.14,3.15,3.14,3.145,20474,2021-09-30 15:35:00,IVR
3.1499,3.15,3.14,3.145,11049,2021-09-30 15:40:00,IVR
3.145,3.15,3.14,3.14,9868,2021-09-30 15:45:00,IVR
3.14,3.1475,3.14,3.145,13510,2021-09-30 15:50:00,IVR
3.15,3.15,3.14,3.145,3700,2021-09-30 15:55:00,IVR
3.14,3.15,3.14,3.145,14459,2021-09-30 16:00:00,IVR
3.145,3.1499,3.14,3.145,7558,2021-09-30 16:05:00,IVR
3.145,3.1482,3.14,3.145,18917,2021-09-30 16:10:00,IVR
3.145,3.147,3.14,3.14,12593,2021-09-30 16:15:00,IVR
3.14,3.15,3.14,3.145,3146,2021-09-30 16:20:00,IVR
3.145,3.1467,3.14,3.145,9118,2021-09-30 16:25:00,IVR
3.145,3.15,3.14,3.1422,65830,2021-09-30 16:30:00,IVR
3.145,3.15,3.14,3.1499,31761,2021-09-30 16:35:00,IVR
3.145,3.15,3.14,3.145,3369,2021-09-30 16:40:00,IVR
3.145,3.15,3.14,3.1433,18925,2021-09-30 16:45:00,IVR
3.15,3.15,3.1435,3.1485,4105,2021-09-30 16:50:00,IVR
3.1499,3.16,3.1499,3.157,52605,2021-09-30 16:55:00,IVR
3.155,3.16,3.15,3.15,15404,2021-09-30 17:00:00,IVR
3.155,3.16,3.15,3.155,30150,2021-09-30 17:05:00,IVR
3.1533,3.16,3.1501,3.155,2805,2021-09-30 17:10:00,IVR
3.155,3.16,3.15,3.155,13157,2021-09-30 17:15:00,IVR
3.16,3.16,3.1525,3.155,4559,2021-09-30 17:20:00,IVR
3.1599,3.16,3.15,3.16,1788,2021-09-30 17:25:00,IVR
3.16,3.16,3.15,3.1574,7520,2021-09-30 17:30:00,IVR
3.155,3.1599,3.15,3.1519,8900,2021-09-30 17:35:00,IVR
3.16,3.16,3.15,3.16,8137,2021-09-30 17:40:00,IVR
3.155,3.16,3.15,3.16,7441,2021-09-30 17:45:00,IVR
3.155,3.16,3.15,3.155,18900,2021-09-30 17:50:00,IVR
3.16,3.16,3.15,3.155,19452,2021-09-30 17:55:00,IVR
3.16,3.165,3.155,3.165,147333,2021-09-30 18:00:00,IVR
3.165,3.17,3.16,3.165,16175,2021-09-30 18:05:00,IVR
3.165,3.1699,3.16,3.165,13881,2021-09-30 18:10:00,IVR
3.16,3.165,3.16,3.1607,20804,2021-09-30 18:15:00,IVR
3.165,3.165,3.155,3.155,59956,2021-09-30 18:20:00,IVR
3.155,3.1559,3.15,3.155,10818,2021-09-30 18:25:00,IVR
3.155,3.16,3.15,3.16,39438,2021-09-30 18:30:00,IVR
3.16,3.16,3.15,3.155,12719,2021-09-30 18:35:00,IVR
3.155,3.16,3.15,3.155,15888,2021-09-30 18:40:00,IVR
3.16,3.16,3.15,3.15,9434,2021-09-30 18:45:00,IVR
3.155,3.16,3.15,3.155,17072,2021-09-30 18:50:00,IVR
3.155,3.1562,3.15,3.155,8187,2021-09-30 18:55:00,IVR
3.155,3.1599,3.15,3.155,6408,2021-09-30 19:00:00,IVR
3.1554,3.16,3.15,3.15,13060,2021-09-30 19:05:00,IVR
3.155,3.1599,3.15,3.155,4121,2021-09-30 19:10:00,IVR
3.155,3.16,3.15,3.1599,15858,2021-09-30 19:15:00,IVR
3.155,3.1594,3.15,3.155,6226,2021-09-30 19:20:00,IVR
3.155,3.16,3.1542,3.155,6756,2021-09-30 19:25:00,IVR
3.154,3.16,3.15,3.16,28095,2021-09-30 19:30:00,IVR
3.16,3.16,3.15,3.15,25347,2021-09-30 19:35:00,IVR
3.155,3.16,3.15,3.155,22599,2021-09-30 19:40:00,IVR
3.155,3.1599,3.15,3.15,61173,2021-09-30 19:45:00,IVR
3.155,3.16,3.15,3.16,88859,2021-09-30 19:50:00,IVR
3.15,3.16,3.15,3.15,251566,2021-09-30 19:55:00,IVR
3.15,3.15,3.15,3.15,276259,2021-09-30 20:00:00,IVR
3.16,3.16,3.16,3.16,2200,2021-09-30 20:05:00,IVR
3.15,3.15,3.15,3.15,430,2021-09-30 20:35:00,IVR
3.16,3.16,3.16,3.16,279,2021-09-30 20:45:00,IVR
3.15,3.15,3.15,3.15,15000,2021-09-30 20:55:00,IVR
3.15,3.15,3.15,3.15,642,2021-09-30 21:05:00,IVR
3.15,3.15,3.15,3.15,3216,2021-09-30 21:10:00,IVR
3.15,3.15,3.15,3.15,2700,2021-09-30 21:15:00,IVR
3.16,3.16,3.15,3.15,3530,2021-09-30 21:25:00,IVR
3.15,3.16,3.15,3.16,350,2021-09-30 21:30:00,IVR
3.16,3.16,3.16,3.16,200,2021-09-30 21:55:00,IVR
3.16,3.16,3.16,3.16,5000,2021-09-30 22:30:00,IVR
3.17,3.17,3.17,3.17,2100,2021-09-30 22:40:00,IVR
3.17,3.17,3.17,3.17,277,2021-09-30 23:25:00,IVR
3.15,3.15,3.15,3.15,300,2021-09-30 23:50:00,IVR
