open,high,low,close,volume,datetime,symbol
32.0,32.0,32.0,32.0,300,2021-09-01 11:35:00,NRIX
32.34,32.45,32.0,32.17,12568,2021-09-01 13:30:00,NRIX
32.245,32.245,32.245,32.245,100,2021-09-01 13:35:00,NRIX
32.32,32.49,32.11,32.32,3535,2021-09-01 13:40:00,NRIX
32.39,32.39,32.01,32.01,700,2021-09-01 13:45:00,NRIX
31.94,32.07,31.94,32.07,500,2021-09-01 13:50:00,NRIX
32.015,32.07,31.93,32.07,2000,2021-09-01 13:55:00,NRIX
31.91,31.945,31.91,31.945,200,2021-09-01 14:00:00,NRIX
32.0,32.24,32.0,32.24,600,2021-09-01 14:05:00,NRIX
32.13,32.25,32.0,32.22,5985,2021-09-01 14:10:00,NRIX
32.13,32.31,32.105,32.175,6121,2021-09-01 14:15:00,NRIX
32.09,32.23,32.06,32.06,2853,2021-09-01 14:20:00,NRIX
32.06,32.06,32.0,32.0,1138,2021-09-01 14:25:00,NRIX
32.0,32.22,32.0,32.0,1507,2021-09-01 14:30:00,NRIX
32.0,32.24,31.95,31.96,6656,2021-09-01 14:35:00,NRIX
32.0,32.0995,31.99,32.05,5126,2021-09-01 14:40:00,NRIX
32.02,32.08,31.92,31.94,2821,2021-09-01 14:45:00,NRIX
31.87,31.9,31.82,31.9,808,2021-09-01 14:50:00,NRIX
31.89,31.89,31.8,31.8,1100,2021-09-01 14:55:00,NRIX
31.98,32.06,31.88,31.89,1242,2021-09-01 15:05:00,NRIX
32.0,32.15,31.88,31.98,31574,2021-09-01 15:10:00,NRIX
32.04,32.25,32.04,32.2,9961,2021-09-01 15:15:00,NRIX
32.24,32.24,32.04,32.188,8814,2021-09-01 15:20:00,NRIX
32.15,32.37,32.14,32.36,4665,2021-09-01 15:25:00,NRIX
32.24,32.24,32.0,32.0,1539,2021-09-01 15:30:00,NRIX
32.0,32.1583,32.0,32.1583,2388,2021-09-01 15:35:00,NRIX
32.16,32.21,31.97,32.0,4200,2021-09-01 15:40:00,NRIX
32.0,32.02,31.99,32.0,2982,2021-09-01 15:45:00,NRIX
32.05,32.05,32.0,32.0,700,2021-09-01 15:50:00,NRIX
32.0,32.015,32.0,32.0,1000,2021-09-01 15:55:00,NRIX
31.98,32.01,31.98,32.0,1872,2021-09-01 16:00:00,NRIX
32.0,32.0,31.985,31.985,500,2021-09-01 16:05:00,NRIX
32.0,32.01,31.985,31.985,500,2021-09-01 16:10:00,NRIX
31.96,32.01,31.96,32.0,2700,2021-09-01 16:15:00,NRIX
32.0,32.015,31.94,31.94,3300,2021-09-01 16:20:00,NRIX
32.0,32.0,32.0,32.0,300,2021-09-01 16:30:00,NRIX
32.01,32.01,32.0,32.0,1099,2021-09-01 16:35:00,NRIX
32.0,32.0,31.98,31.98,809,2021-09-01 16:40:00,NRIX
32.05,32.05,32.05,32.05,300,2021-09-01 16:45:00,NRIX
32.05,32.05,32.0,32.0,848,2021-09-01 16:50:00,NRIX
32.05,32.05,31.96,32.0,712,2021-09-01 16:55:00,NRIX
32.0,32.0,31.99,32.0,1297,2021-09-01 17:00:00,NRIX
31.99,31.99,31.91,31.91,500,2021-09-01 17:05:00,NRIX
31.94,32.0,31.9,32.0,2100,2021-09-01 17:10:00,NRIX
32.0,32.0,32.0,32.0,400,2021-09-01 17:15:00,NRIX
32.0,32.05,32.0,32.0,1011,2021-09-01 17:20:00,NRIX
32.0,32.015,31.98,31.98,1518,2021-09-01 17:25:00,NRIX
32.0,32.05,31.94,31.94,2800,2021-09-01 17:30:00,NRIX
32.0,32.005,31.96,32.005,1900,2021-09-01 17:40:00,NRIX
32.0,32.0,31.96,31.96,400,2021-09-01 17:45:00,NRIX
31.93,32.005,31.9,32.005,26653,2021-09-01 17:50:00,NRIX
32.0,32.105,31.955,32.105,8392,2021-09-01 17:55:00,NRIX
32.105,32.18,32.105,32.18,1181,2021-09-01 18:00:00,NRIX
32.08,32.08,31.98,32.0,5578,2021-09-01 18:05:00,NRIX
32.0,32.03,31.91,31.91,8630,2021-09-01 18:10:00,NRIX
31.87,31.915,31.83,31.86,1961,2021-09-01 18:15:00,NRIX
32.0,32.0,31.99,31.99,400,2021-09-01 18:25:00,NRIX
31.94,32.0,31.66,31.66,3591,2021-09-01 18:30:00,NRIX
31.7,31.7,31.64,31.64,200,2021-09-01 18:35:00,NRIX
31.63,31.71,31.51,31.71,600,2021-09-01 18:40:00,NRIX
31.67,31.74,31.655,31.655,300,2021-09-01 18:45:00,NRIX
31.71,31.72,31.71,31.72,300,2021-09-01 18:50:00,NRIX
31.79,31.85,31.72,31.85,700,2021-09-01 18:55:00,NRIX
31.745,31.75,31.66,31.67,900,2021-09-01 19:00:00,NRIX
31.73,31.74,31.55,31.58,3332,2021-09-01 19:05:00,NRIX
31.605,31.78,31.605,31.78,400,2021-09-01 19:10:00,NRIX
31.74,31.78,31.74,31.77,304,2021-09-01 19:15:00,NRIX
31.79,31.79,31.79,31.79,300,2021-09-01 19:20:00,NRIX
31.75,31.75,31.75,31.75,200,2021-09-01 19:25:00,NRIX
31.74,31.74,31.66,31.725,411,2021-09-01 19:30:00,NRIX
31.665,31.67,31.6,31.6,900,2021-09-01 19:35:00,NRIX
31.74,31.79,31.74,31.79,1224,2021-09-01 19:40:00,NRIX
31.72,31.805,31.69,31.805,1604,2021-09-01 19:45:00,NRIX
31.785,32.0,31.76,31.96,11205,2021-09-01 19:50:00,NRIX
31.935,32.02,31.84,31.93,26616,2021-09-01 19:55:00,NRIX
31.95,31.95,31.95,31.95,38679,2021-09-01 20:00:00,NRIX
32.04,32.05,32.04,32.05,300,2021-09-02 13:25:00,NRIX
32.05,32.05,31.96,32.0,2345,2021-09-02 13:30:00,NRIX
31.8,31.8,31.8,31.8,100,2021-09-02 13:35:00,NRIX
31.8,31.8,31.75,31.75,200,2021-09-02 13:40:00,NRIX
31.825,31.825,31.66,31.75,438,2021-09-02 13:45:00,NRIX
31.75,31.81,31.7,31.71,2700,2021-09-02 13:50:00,NRIX
31.71,31.73,31.7,31.7,300,2021-09-02 13:55:00,NRIX
31.7,31.7,31.7,31.7,100,2021-09-02 14:00:00,NRIX
31.97,31.99,31.65,31.65,4728,2021-09-02 14:10:00,NRIX
31.87,31.87,31.59,31.59,3787,2021-09-02 14:15:00,NRIX
31.43,31.76,31.43,31.54,5689,2021-09-02 14:20:00,NRIX
31.43,31.585,31.43,31.585,800,2021-09-02 14:25:00,NRIX
31.62,31.62,31.23,31.47,1500,2021-09-02 14:30:00,NRIX
31.49,31.52,31.33,31.52,900,2021-09-02 14:35:00,NRIX
31.52,31.63,31.38,31.6,8800,2021-09-02 14:40:00,NRIX
31.38,31.62,31.38,31.62,900,2021-09-02 14:45:00,NRIX
31.62,31.74,31.45,31.51,21946,2021-09-02 14:50:00,NRIX
31.62,31.6999,31.12,31.12,9342,2021-09-02 14:55:00,NRIX
31.28,31.385,31.24,31.385,400,2021-09-02 15:00:00,NRIX
31.43,31.43,31.17,31.25,2496,2021-09-02 15:05:00,NRIX
31.25,31.45,31.25,31.45,1200,2021-09-02 15:10:00,NRIX
31.45,31.505,31.38,31.5,3523,2021-09-02 15:15:00,NRIX
31.41,31.65,31.38,31.5,3606,2021-09-02 15:20:00,NRIX
31.63,31.63,31.32,31.35,1300,2021-09-02 15:25:00,NRIX
31.405,31.405,31.35,31.35,1600,2021-09-02 15:30:00,NRIX
31.4,31.4,31.4,31.4,100,2021-09-02 15:35:00,NRIX
31.35,31.35,31.35,31.35,1900,2021-09-02 15:40:00,NRIX
31.35,31.35,31.35,31.35,100,2021-09-02 15:45:00,NRIX
31.32,31.4383,31.32,31.35,806,2021-09-02 15:50:00,NRIX
31.29,31.32,31.29,31.305,400,2021-09-02 15:55:00,NRIX
31.13,31.23,31.09,31.205,500,2021-09-02 16:00:00,NRIX
31.41,31.41,31.41,31.41,300,2021-09-02 16:05:00,NRIX
31.21,31.215,31.15,31.215,1380,2021-09-02 16:10:00,NRIX
31.34,31.34,31.34,31.34,100,2021-09-02 16:15:00,NRIX
31.36,31.65,31.36,31.47,1770,2021-09-02 16:20:00,NRIX
31.46,31.65,31.36,31.65,42100,2021-09-02 16:25:00,NRIX
31.65,31.68,31.5,31.63,5754,2021-09-02 16:30:00,NRIX
31.75,31.78,31.68,31.7,1201,2021-09-02 16:35:00,NRIX
31.63,31.72,31.63,31.72,1987,2021-09-02 16:50:00,NRIX
31.72,31.72,31.6,31.6,300,2021-09-02 16:55:00,NRIX
31.66,31.75,31.63,31.75,1100,2021-09-02 17:00:00,NRIX
31.75,31.75,31.66,31.66,300,2021-09-02 17:05:00,NRIX
31.64,31.7,31.64,31.69,2199,2021-09-02 17:10:00,NRIX
31.71,31.75,31.69,31.7,700,2021-09-02 17:15:00,NRIX
31.7,31.72,31.62,31.63,2120,2021-09-02 17:20:00,NRIX
31.59,31.6,31.5,31.56,3106,2021-09-02 17:25:00,NRIX
31.58,31.58,31.58,31.58,100,2021-09-02 17:35:00,NRIX
31.59,31.7,31.46,31.51,12666,2021-09-02 17:40:00,NRIX
31.45,31.51,31.45,31.5,761,2021-09-02 17:45:00,NRIX
31.44,31.44,31.44,31.44,200,2021-09-02 17:55:00,NRIX
31.5,31.54,31.421,31.445,900,2021-09-02 18:00:00,NRIX
31.47,31.48,31.41,31.41,1155,2021-09-02 18:05:00,NRIX
31.415,31.45,31.38,31.45,600,2021-09-02 18:10:00,NRIX
31.39,31.39,31.39,31.39,100,2021-09-02 18:15:00,NRIX
31.38,31.38,31.38,31.38,200,2021-09-02 18:20:00,NRIX
31.4,31.45,31.33,31.33,4778,2021-09-02 18:25:00,NRIX
31.29,31.46,31.27,31.36,6300,2021-09-02 18:30:00,NRIX
31.34,31.355,31.33,31.355,500,2021-09-02 18:35:00,NRIX
31.33,31.43,31.33,31.43,200,2021-09-02 18:40:00,NRIX
31.38,31.46,31.375,31.46,1300,2021-09-02 18:45:00,NRIX
31.47,31.5,31.47,31.5,544,2021-09-02 18:50:00,NRIX
31.48,31.495,31.47,31.47,1905,2021-09-02 18:55:00,NRIX
31.485,31.51,31.45,31.45,2319,2021-09-02 19:00:00,NRIX
31.5,31.51,31.33,31.33,4936,2021-09-02 19:05:00,NRIX
31.31,31.4,31.31,31.36,1200,2021-09-02 19:10:00,NRIX
31.35,31.4,31.24,31.24,8690,2021-09-02 19:15:00,NRIX
31.26,31.3,31.18,31.22,10734,2021-09-02 19:20:00,NRIX
31.22,31.26,31.22,31.26,400,2021-09-02 19:25:00,NRIX
31.23,31.245,31.11,31.12,4500,2021-09-02 19:30:00,NRIX
31.07,31.09,30.93,30.98,8800,2021-09-02 19:35:00,NRIX
31.0,31.025,30.95,31.01,1114,2021-09-02 19:40:00,NRIX
31.0,31.045,30.96,30.96,3052,2021-09-02 19:45:00,NRIX
30.98,31.65,30.98,31.65,67628,2021-09-02 19:50:00,NRIX
31.52,31.59,31.3,31.46,17757,2021-09-02 19:55:00,NRIX
31.46,31.46,31.46,31.46,53088,2021-09-02 20:00:00,NRIX
31.47,31.52,31.0,31.38,3916,2021-09-03 13:30:00,NRIX
31.41,31.72,31.28,31.72,1400,2021-09-03 13:35:00,NRIX
31.5,31.6,31.345,31.6,400,2021-09-03 13:40:00,NRIX
31.315,31.33,31.315,31.33,300,2021-09-03 13:45:00,NRIX
31.47,31.59,31.335,31.55,900,2021-09-03 13:50:00,NRIX
31.45,32.56,31.45,32.56,13118,2021-09-03 13:55:00,NRIX
32.76,33.04,32.58,33.04,1049,2021-09-03 14:00:00,NRIX
32.835,33.03,32.835,33.03,500,2021-09-03 14:05:00,NRIX
32.85,32.85,32.85,32.85,200,2021-09-03 14:10:00,NRIX
32.96,33.98,32.96,33.285,6600,2021-09-03 14:15:00,NRIX
33.33,33.8,33.33,33.79,424,2021-09-03 14:20:00,NRIX
33.45,33.45,33.45,33.45,100,2021-09-03 14:25:00,NRIX
33.75,33.75,33.435,33.55,500,2021-09-03 14:30:00,NRIX
33.64,33.64,33.4,33.4,2921,2021-09-03 14:35:00,NRIX
33.35,33.45,33.015,33.22,1063,2021-09-03 14:40:00,NRIX
33.005,33.29,33.0,33.23,1700,2021-09-03 14:45:00,NRIX
33.65,33.65,33.51,33.51,205,2021-09-03 14:50:00,NRIX
33.52,33.52,33.49,33.49,2014,2021-09-03 14:55:00,NRIX
33.71,33.71,33.45,33.59,1458,2021-09-03 15:05:00,NRIX
33.62,33.7,33.54,33.675,1000,2021-09-03 15:10:00,NRIX
33.63,33.69,33.49,33.49,3453,2021-09-03 15:15:00,NRIX
33.46,33.46,33.03,33.07,3519,2021-09-03 15:20:00,NRIX
33.05,33.05,33.05,33.05,100,2021-09-03 15:25:00,NRIX
33.25,33.54,33.25,33.54,758,2021-09-03 15:30:00,NRIX
33.7,33.7,33.7,33.7,100,2021-09-03 15:35:00,NRIX
33.73,33.95,33.71,33.9,2946,2021-09-03 15:40:00,NRIX
33.77,34.1,33.75,33.86,2300,2021-09-03 15:45:00,NRIX
34.1,34.1,33.86,34.01,2133,2021-09-03 15:50:00,NRIX
34.02,34.02,34.01,34.01,200,2021-09-03 15:55:00,NRIX
33.895,33.895,33.895,33.895,100,2021-09-03 16:00:00,NRIX
34.029,34.029,34.029,34.029,588,2021-09-03 16:05:00,NRIX
33.89,33.89,33.76,33.76,255,2021-09-03 16:10:00,NRIX
34.02,34.02,33.76,33.85,741,2021-09-03 16:15:00,NRIX
33.86,33.86,33.84,33.84,300,2021-09-03 16:20:00,NRIX
33.765,33.765,33.765,33.765,100,2021-09-03 16:25:00,NRIX
33.5,33.5,33.4104,33.4104,688,2021-09-03 16:30:00,NRIX
33.4464,33.84,33.4464,33.8,4300,2021-09-03 16:35:00,NRIX
33.78,33.859,33.72,33.859,1564,2021-09-03 16:40:00,NRIX
33.72,33.72,33.7,33.7,200,2021-09-03 16:45:00,NRIX
33.5407,33.5407,33.5407,33.5407,100,2021-09-03 16:50:00,NRIX
33.58,33.58,33.58,33.58,100,2021-09-03 16:55:00,NRIX
33.68,33.68,33.57,33.57,300,2021-09-03 17:00:00,NRIX
33.56,33.61,33.56,33.61,400,2021-09-03 17:05:00,NRIX
33.41,33.41,33.41,33.41,100,2021-09-03 17:10:00,NRIX
33.38,33.38,33.34,33.34,218,2021-09-03 17:15:00,NRIX
33.17,33.43,33.17,33.43,300,2021-09-03 17:20:00,NRIX
33.135,33.135,33.135,33.135,100,2021-09-03 17:30:00,NRIX
33.13,33.13,33.13,33.13,100,2021-09-03 17:35:00,NRIX
33.1701,33.255,33.1701,33.255,628,2021-09-03 17:40:00,NRIX
33.25,33.25,33.25,33.25,100,2021-09-03 17:45:00,NRIX
33.18,33.18,33.17,33.17,200,2021-09-03 17:50:00,NRIX
32.97,32.97,32.97,32.97,100,2021-09-03 18:00:00,NRIX
32.96,33.2336,32.91,33.2336,750,2021-09-03 18:05:00,NRIX
33.4279,33.4279,33.397,33.397,265,2021-09-03 18:10:00,NRIX
33.185,33.185,33.18,33.18,200,2021-09-03 18:15:00,NRIX
33.27,33.27,33.135,33.135,200,2021-09-03 18:20:00,NRIX
33.11,33.26,33.11,33.24,918,2021-09-03 18:25:00,NRIX
33.15,33.15,33.14,33.14,200,2021-09-03 18:30:00,NRIX
33.05,33.05,33.05,33.05,100,2021-09-03 18:35:00,NRIX
32.97,33.03,32.97,33.03,300,2021-09-03 18:40:00,NRIX
33.05,33.14,33.05,33.14,500,2021-09-03 18:45:00,NRIX
33.32,33.32,33.13,33.13,200,2021-09-03 18:55:00,NRIX
33.17,33.17,33.17,33.17,100,2021-09-03 19:00:00,NRIX
33.18,33.18,33.18,33.18,100,2021-09-03 19:05:00,NRIX
33.19,33.225,33.18,33.225,300,2021-09-03 19:10:00,NRIX
33.2,33.24,33.18,33.24,700,2021-09-03 19:15:00,NRIX
33.29,33.315,33.29,33.315,200,2021-09-03 19:20:00,NRIX
33.28,33.28,33.2,33.24,700,2021-09-03 19:25:00,NRIX
33.29,33.42,33.29,33.42,300,2021-09-03 19:30:00,NRIX
33.405,33.405,33.405,33.405,100,2021-09-03 19:35:00,NRIX
33.415,33.415,33.33,33.33,509,2021-09-03 19:40:00,NRIX
33.43,33.51,33.43,33.455,832,2021-09-03 19:45:00,NRIX
33.44,33.5,33.23,33.305,6300,2021-09-03 19:50:00,NRIX
33.25,33.34,33.125,33.15,8372,2021-09-03 19:55:00,NRIX
33.15,33.15,33.15,33.15,131760,2021-09-03 20:00:00,NRIX
33.0,33.82,33.0,33.615,5333,2021-09-07 13:30:00,NRIX
33.97,35.37,33.97,35.255,28053,2021-09-07 13:35:00,NRIX
35.255,35.255,35.225,35.225,5800,2021-09-07 13:40:00,NRIX
35.4,35.4,35.14,35.15,38264,2021-09-07 13:45:00,NRIX
35.25,35.5,35.22,35.22,2220,2021-09-07 13:50:00,NRIX
35.19,35.3,35.07,35.255,20875,2021-09-07 13:55:00,NRIX
35.27,35.39,34.98,35.055,10839,2021-09-07 14:00:00,NRIX
35.02,35.1,34.94,35.1,2134,2021-09-07 14:05:00,NRIX
35.14,35.34,35.14,35.34,1247,2021-09-07 14:10:00,NRIX
35.58,35.75,35.21,35.21,4810,2021-09-07 14:15:00,NRIX
35.13,35.23,34.98,35.06,18807,2021-09-07 14:20:00,NRIX
35.055,35.33,34.98,35.33,7237,2021-09-07 14:25:00,NRIX
35.42,35.42,35.255,35.34,1314,2021-09-07 14:30:00,NRIX
35.3,35.36,35.19,35.29,1100,2021-09-07 14:35:00,NRIX
35.295,35.56,35.19,35.56,2500,2021-09-07 14:40:00,NRIX
35.62,35.83,35.3,35.3,8338,2021-09-07 14:45:00,NRIX
35.39,35.39,35.02,35.02,12049,2021-09-07 14:50:00,NRIX
35.095,35.1,34.98,35.025,2301,2021-09-07 14:55:00,NRIX
35.025,35.25,34.98,34.99,6952,2021-09-07 15:00:00,NRIX
35.045,35.19,34.98,34.99,22539,2021-09-07 15:05:00,NRIX
35.06,35.19,35.04,35.12,3362,2021-09-07 15:10:00,NRIX
35.17,35.25,35.145,35.2,400,2021-09-07 15:15:00,NRIX
35.25,35.31,35.14,35.22,800,2021-09-07 15:20:00,NRIX
35.22,35.22,35.12,35.1577,1840,2021-09-07 15:25:00,NRIX
35.17,35.1892,35.07,35.095,806,2021-09-07 15:30:00,NRIX
35.12,35.37,35.05,35.26,9310,2021-09-07 15:35:00,NRIX
35.27,35.38,35.27,35.38,900,2021-09-07 15:40:00,NRIX
35.38,35.56,35.37,35.56,2500,2021-09-07 15:45:00,NRIX
35.56,35.56,35.56,35.56,300,2021-09-07 15:50:00,NRIX
35.58,35.74,35.09,35.245,33840,2021-09-07 15:55:00,NRIX
35.245,35.35,35.15,35.27,7617,2021-09-07 16:00:00,NRIX
35.31,35.35,35.1601,35.26,8638,2021-09-07 16:05:00,NRIX
35.26,35.36,35.26,35.35,5476,2021-09-07 16:10:00,NRIX
35.37,35.37,35.28,35.31,10775,2021-09-07 16:15:00,NRIX
35.335,35.37,35.305,35.36,1200,2021-09-07 16:20:00,NRIX
35.35,35.79,35.31,35.52,9147,2021-09-07 16:25:00,NRIX
35.73,35.77,35.66,35.66,2200,2021-09-07 16:30:00,NRIX
35.75,36.0,35.75,36.0,2450,2021-09-07 16:35:00,NRIX
35.8743,35.94,35.81,35.94,2819,2021-09-07 16:40:00,NRIX
35.9,35.97,35.82,35.97,7435,2021-09-07 16:45:00,NRIX
35.86,35.86,35.54,35.54,3900,2021-09-07 16:50:00,NRIX
35.59,35.65,35.53,35.65,900,2021-09-07 16:55:00,NRIX
35.64,35.89,35.64,35.81,13880,2021-09-07 17:00:00,NRIX
35.81,35.91,35.78,35.79,4877,2021-09-07 17:05:00,NRIX
35.79,35.845,35.65,35.65,1300,2021-09-07 17:10:00,NRIX
35.65,35.83,35.65,35.795,2076,2021-09-07 17:15:00,NRIX
35.83,35.88,35.7601,35.81,1900,2021-09-07 17:20:00,NRIX
35.82,35.92,35.82,35.9,2343,2021-09-07 17:25:00,NRIX
35.93,35.98,35.92,35.955,1842,2021-09-07 17:30:00,NRIX
35.955,36.1,35.87,36.06,17927,2021-09-07 17:35:00,NRIX
35.87,35.96,35.78,35.78,2200,2021-09-07 17:40:00,NRIX
35.75,35.93,35.75,35.885,2500,2021-09-07 17:45:00,NRIX
35.84,35.95,35.82,35.82,1586,2021-09-07 17:50:00,NRIX
35.86,35.9,35.45,35.45,4850,2021-09-07 17:55:00,NRIX
35.41,35.44,35.15,35.17,7790,2021-09-07 18:00:00,NRIX
35.19,35.44,35.19,35.3,2300,2021-09-07 18:05:00,NRIX
35.4,35.54,35.13,35.13,6634,2021-09-07 18:10:00,NRIX
35.13,35.17,35.0,35.07,2657,2021-09-07 18:15:00,NRIX
35.075,35.22,35.02,35.16,2600,2021-09-07 18:20:00,NRIX
35.21,35.23,35.11,35.15,5789,2021-09-07 18:25:00,NRIX
35.149,35.24,35.09,35.24,4689,2021-09-07 18:30:00,NRIX
35.24,35.34,35.24,35.29,1851,2021-09-07 18:35:00,NRIX
35.28,35.31,35.25,35.31,1806,2021-09-07 18:40:00,NRIX
35.34,35.5,35.34,35.5,4574,2021-09-07 18:45:00,NRIX
35.47,35.47,35.28,35.28,3546,2021-09-07 18:50:00,NRIX
35.35,35.36,35.15,35.33,10154,2021-09-07 18:55:00,NRIX
35.32,35.37,35.305,35.32,1900,2021-09-07 19:00:00,NRIX
35.32,35.32,35.17,35.225,1975,2021-09-07 19:05:00,NRIX
35.23,35.3,35.2,35.27,4200,2021-09-07 19:10:00,NRIX
35.25,35.26,35.1,35.12,3146,2021-09-07 19:15:00,NRIX
35.08,35.4,35.05,35.4,6187,2021-09-07 19:20:00,NRIX
35.4,35.46,35.39,35.39,6645,2021-09-07 19:25:00,NRIX
35.39,35.39,35.17,35.17,3900,2021-09-07 19:30:00,NRIX
35.3,35.34,35.245,35.34,3166,2021-09-07 19:35:00,NRIX
35.35,35.35,35.31,35.32,6075,2021-09-07 19:40:00,NRIX
35.32,35.33,35.15,35.28,13393,2021-09-07 19:45:00,NRIX
35.29,35.36,35.25,35.31,21312,2021-09-07 19:50:00,NRIX
35.32,35.35,35.15,35.24,40360,2021-09-07 19:55:00,NRIX
35.23,35.23,35.23,35.23,52903,2021-09-07 20:00:00,NRIX
35.4,35.4,35.4,35.4,100,2021-09-08 11:50:00,NRIX
35.26,35.26,35.26,35.26,100,2021-09-08 13:25:00,NRIX
35.25,35.96,35.25,35.9,4679,2021-09-08 13:30:00,NRIX
35.82,35.83,35.45,35.45,500,2021-09-08 13:35:00,NRIX
35.5,35.52,35.39,35.52,1700,2021-09-08 13:40:00,NRIX
35.58,35.77,35.5,35.77,4942,2021-09-08 13:45:00,NRIX
35.77,36.17,35.77,36.17,1366,2021-09-08 13:50:00,NRIX
36.17,36.17,35.76,35.765,3072,2021-09-08 13:55:00,NRIX
35.84,36.03,35.84,35.94,4414,2021-09-08 14:00:00,NRIX
35.935,36.06,35.59,35.74,7866,2021-09-08 14:05:00,NRIX
35.76,35.76,35.36,35.36,8049,2021-09-08 14:10:00,NRIX
35.36,35.46,35.34,35.34,1805,2021-09-08 14:15:00,NRIX
35.3,35.3,34.35,34.35,3410,2021-09-08 14:20:00,NRIX
34.385,34.505,34.25,34.25,700,2021-09-08 14:25:00,NRIX
34.33,34.33,34.33,34.33,100,2021-09-08 14:30:00,NRIX
34.26,34.39,34.18,34.29,1100,2021-09-08 14:35:00,NRIX
34.285,34.285,34.07,34.09,1583,2021-09-08 14:40:00,NRIX
34.27,34.44,34.23,34.23,3500,2021-09-08 14:45:00,NRIX
33.89,33.89,33.74,33.74,600,2021-09-08 14:50:00,NRIX
33.61,33.69,33.46,33.68,900,2021-09-08 14:55:00,NRIX
33.77,33.77,33.59,33.66,1226,2021-09-08 15:00:00,NRIX
33.62,33.795,33.62,33.795,894,2021-09-08 15:05:00,NRIX
33.77,33.84,33.72,33.84,1100,2021-09-08 15:10:00,NRIX
33.83,33.95,33.75,33.75,800,2021-09-08 15:15:00,NRIX
33.845,34.14,33.845,34.025,1365,2021-09-08 15:20:00,NRIX
34.08,34.2,33.9272,34.16,12304,2021-09-08 15:25:00,NRIX
34.16,34.31,34.16,34.31,2904,2021-09-08 15:30:00,NRIX
34.36,34.46,34.2509,34.27,909,2021-09-08 15:35:00,NRIX
34.46,34.61,34.24,34.61,800,2021-09-08 15:40:00,NRIX
34.6,34.7,34.6,34.7,500,2021-09-08 15:45:00,NRIX
34.64,34.64,34.32,34.51,2572,2021-09-08 15:50:00,NRIX
34.315,34.47,34.315,34.47,500,2021-09-08 15:55:00,NRIX
34.6,34.635,34.51,34.61,1300,2021-09-08 16:00:00,NRIX
34.51,34.59,34.51,34.59,200,2021-09-08 16:05:00,NRIX
34.63,34.63,34.56,34.63,300,2021-09-08 16:10:00,NRIX
34.69,34.71,34.6,34.71,1300,2021-09-08 16:15:00,NRIX
34.715,34.715,34.61,34.66,400,2021-09-08 16:20:00,NRIX
34.77,34.82,34.77,34.82,200,2021-09-08 16:25:00,NRIX
34.94,34.94,34.94,34.94,100,2021-09-08 16:30:00,NRIX
35.0,35.02,34.77,35.02,700,2021-09-08 16:35:00,NRIX
35.04,35.15,34.97,34.97,606,2021-09-08 16:40:00,NRIX
34.97,34.975,34.85,34.975,1200,2021-09-08 16:45:00,NRIX
35.07,35.1,35.05,35.1,600,2021-09-08 16:50:00,NRIX
35.06,35.08,35.03,35.06,1050,2021-09-08 16:55:00,NRIX
34.97,35.14,34.97,35.14,900,2021-09-08 17:00:00,NRIX
35.02,35.16,35.02,35.03,400,2021-09-08 17:05:00,NRIX
35.19,35.33,35.19,35.33,700,2021-09-08 17:10:00,NRIX
35.27,35.345,35.26,35.26,400,2021-09-08 17:15:00,NRIX
35.31,35.46,35.31,35.36,1712,2021-09-08 17:20:00,NRIX
35.28,35.33,35.28,35.28,1200,2021-09-08 17:25:00,NRIX
35.29,35.29,35.26,35.26,309,2021-09-08 17:35:00,NRIX
35.24,35.33,35.22,35.33,2004,2021-09-08 17:40:00,NRIX
35.39,35.39,35.28,35.28,851,2021-09-08 17:45:00,NRIX
35.2401,35.25,35.24,35.24,1700,2021-09-08 17:50:00,NRIX
35.375,35.375,35.27,35.35,400,2021-09-08 17:55:00,NRIX
35.48,35.57,35.28,35.28,600,2021-09-08 18:00:00,NRIX
35.5499,35.55,35.41,35.41,1220,2021-09-08 18:05:00,NRIX
35.49,35.63,35.49,35.63,1093,2021-09-08 18:10:00,NRIX
35.5,35.54,35.28,35.28,400,2021-09-08 18:15:00,NRIX
35.315,35.34,35.23,35.34,1665,2021-09-08 18:25:00,NRIX
35.34,35.34,35.28,35.28,495,2021-09-08 18:30:00,NRIX
35.21,35.21,35.18,35.18,509,2021-09-08 18:35:00,NRIX
35.18,35.23,35.17,35.195,1200,2021-09-08 18:40:00,NRIX
35.21,35.2799,35.185,35.235,930,2021-09-08 18:45:00,NRIX
35.23,35.335,35.21,35.32,1033,2021-09-08 18:50:00,NRIX
35.32,35.36,35.28,35.345,1409,2021-09-08 18:55:00,NRIX
35.305,35.305,35.13,35.13,2078,2021-09-08 19:00:00,NRIX
35.25,35.25,35.2,35.2,400,2021-09-08 19:05:00,NRIX
35.175,35.175,35.12,35.12,507,2021-09-08 19:10:00,NRIX
35.12,35.17,35.07,35.14,900,2021-09-08 19:15:00,NRIX
35.09,35.22,35.01,35.01,2353,2021-09-08 19:20:00,NRIX
35.189,35.189,35.17,35.175,400,2021-09-08 19:25:00,NRIX
35.11,35.2,35.1,35.1485,1900,2021-09-08 19:30:00,NRIX
35.18,35.375,35.14,35.3,3460,2021-09-08 19:35:00,NRIX
35.265,35.395,35.265,35.395,1353,2021-09-08 19:40:00,NRIX
35.395,35.395,35.2,35.31,1400,2021-09-08 19:45:00,NRIX
35.32,35.56,35.32,35.44,6441,2021-09-08 19:50:00,NRIX
35.44,35.63,35.15,35.25,22936,2021-09-08 19:55:00,NRIX
35.25,35.25,35.25,35.25,72785,2021-09-08 20:00:00,NRIX
34.93,35.5,34.93,34.98,2382,2021-09-09 13:30:00,NRIX
35.225,35.225,35.225,35.225,100,2021-09-09 13:35:00,NRIX
35.355,35.355,35.355,35.355,100,2021-09-09 13:40:00,NRIX
35.8,35.99,35.8,35.95,771,2021-09-09 13:45:00,NRIX
35.97,35.98,35.88,35.88,400,2021-09-09 13:50:00,NRIX
35.8,36.16,35.8,36.04,1870,2021-09-09 13:55:00,NRIX
35.991,36.15,35.78,35.93,720,2021-09-09 14:00:00,NRIX
36.14,36.17,35.6801,35.93,1125,2021-09-09 14:05:00,NRIX
36.13,36.17,36.0,36.05,900,2021-09-09 14:10:00,NRIX
36.015,36.17,36.0,36.06,4890,2021-09-09 14:15:00,NRIX
36.13,36.17,36.13,36.17,200,2021-09-09 14:20:00,NRIX
36.13,36.15,36.13,36.15,927,2021-09-09 14:25:00,NRIX
36.055,36.11,36.05,36.1,1502,2021-09-09 14:30:00,NRIX
36.05,36.14,36.01,36.14,2662,2021-09-09 14:35:00,NRIX
36.14,36.14,36.0,36.065,1816,2021-09-09 14:40:00,NRIX
36.14,36.14,36.03,36.13,2948,2021-09-09 14:45:00,NRIX
36.15,36.16,36.07,36.145,893,2021-09-09 14:50:00,NRIX
36.085,36.395,36.03,36.395,4339,2021-09-09 14:55:00,NRIX
36.485,36.97,36.485,36.96,2600,2021-09-09 15:00:00,NRIX
36.88,37.23,36.88,37.065,1491,2021-09-09 15:05:00,NRIX
37.07,37.265,37.0,37.265,1650,2021-09-09 15:10:00,NRIX
37.26,37.425,37.16,37.26,800,2021-09-09 15:15:00,NRIX
37.36,37.36,37.355,37.355,300,2021-09-09 15:20:00,NRIX
37.36,37.36,36.99,37.085,2175,2021-09-09 15:25:00,NRIX
37.04,37.09,36.93,36.93,500,2021-09-09 15:30:00,NRIX
37.085,37.31,37.06,37.31,1100,2021-09-09 15:35:00,NRIX
37.34,37.42,37.17,37.41,1837,2021-09-09 15:40:00,NRIX
37.25,37.25,37.25,37.25,100,2021-09-09 15:45:00,NRIX
37.15,37.15,37.15,37.15,300,2021-09-09 15:50:00,NRIX
37.09,37.14,37.02,37.14,1311,2021-09-09 15:55:00,NRIX
37.06,37.06,37.05,37.05,1384,2021-09-09 16:00:00,NRIX
36.965,36.99,36.965,36.99,300,2021-09-09 16:05:00,NRIX
37.07,37.07,36.93,36.93,485,2021-09-09 16:10:00,NRIX
36.78,36.78,36.78,36.78,2100,2021-09-09 16:15:00,NRIX
36.67,36.72,36.67,36.695,2200,2021-09-09 16:20:00,NRIX
36.57,36.76,36.57,36.64,2100,2021-09-09 16:25:00,NRIX
36.56,36.56,36.49,36.49,300,2021-09-09 16:30:00,NRIX
36.51,36.51,36.51,36.51,200,2021-09-09 16:35:00,NRIX
36.44,36.44,36.33,36.425,1027,2021-09-09 16:40:00,NRIX
36.395,36.395,36.395,36.395,100,2021-09-09 16:45:00,NRIX
36.395,36.6,36.395,36.6,1493,2021-09-09 16:50:00,NRIX
36.75,36.82,36.69,36.69,535,2021-09-09 16:55:00,NRIX
36.82,36.87,36.82,36.8408,500,2021-09-09 17:00:00,NRIX
36.84,37.15,36.84,37.01,1641,2021-09-09 17:05:00,NRIX
37.09,37.155,37.09,37.155,667,2021-09-09 17:10:00,NRIX
37.15,37.31,37.15,37.31,446,2021-09-09 17:15:00,NRIX
37.36,37.36,37.04,37.15,1709,2021-09-09 17:20:00,NRIX
37.09,37.1,36.915,36.915,1200,2021-09-09 17:25:00,NRIX
36.84,36.84,36.79,36.805,500,2021-09-09 17:30:00,NRIX
36.845,36.845,36.625,36.6325,1252,2021-09-09 17:35:00,NRIX
36.59,36.635,36.59,36.62,500,2021-09-09 17:40:00,NRIX
36.62,36.7,36.43,36.43,4450,2021-09-09 17:45:00,NRIX
36.44,36.48,36.32,36.41,1000,2021-09-09 17:50:00,NRIX
36.3,36.335,35.94,35.975,4922,2021-09-09 17:55:00,NRIX
35.975,36.07,35.82,35.83,4396,2021-09-09 18:00:00,NRIX
35.83,36.07,35.83,35.935,1900,2021-09-09 18:05:00,NRIX
35.955,35.97,35.955,35.97,300,2021-09-09 18:10:00,NRIX
36.0,36.03,35.83,35.97,2545,2021-09-09 18:15:00,NRIX
35.965,35.965,35.95,35.96,300,2021-09-09 18:20:00,NRIX
35.935,36.01,35.86,35.93,3556,2021-09-09 18:25:00,NRIX
35.94,36.09,35.94,36.04,2341,2021-09-09 18:30:00,NRIX
36.03,36.03,36.03,36.03,100,2021-09-09 18:35:00,NRIX
36.04,36.04,36.04,36.04,200,2021-09-09 18:40:00,NRIX
36.14,36.23,36.04,36.16,2139,2021-09-09 18:45:00,NRIX
36.24,36.35,36.24,36.34,1079,2021-09-09 18:50:00,NRIX
36.38,36.39,36.335,36.39,900,2021-09-09 18:55:00,NRIX
36.39,36.55,36.39,36.55,507,2021-09-09 19:00:00,NRIX
36.73,36.78,36.72,36.75,25866,2021-09-09 19:05:00,NRIX
36.755,36.92,36.735,36.91,2500,2021-09-09 19:10:00,NRIX
36.73,36.765,36.73,36.745,511,2021-09-09 19:15:00,NRIX
36.745,36.85,36.69,36.79,1227,2021-09-09 19:20:00,NRIX
36.65,36.72,36.55,36.605,2590,2021-09-09 19:25:00,NRIX
36.605,36.82,36.6,36.75,1520,2021-09-09 19:30:00,NRIX
36.74,36.96,36.74,36.96,2216,2021-09-09 19:35:00,NRIX
36.97,37.025,36.89,36.975,4015,2021-09-09 19:40:00,NRIX
36.95,37.06,36.845,36.845,4195,2021-09-09 19:45:00,NRIX
36.93,37.02,36.85,36.85,5731,2021-09-09 19:50:00,NRIX
36.82,36.93,36.71,36.71,11149,2021-09-09 19:55:00,NRIX
36.69,36.69,36.69,36.69,152546,2021-09-09 20:00:00,NRIX
36.36,36.76,34.85,34.85,12150,2021-09-10 13:30:00,NRIX
35.16,35.16,35.0,35.14,700,2021-09-10 13:35:00,NRIX
35.0,35.37,34.99,35.37,4150,2021-09-10 13:40:00,NRIX
35.63,36.5,35.52,35.79,3320,2021-09-10 13:45:00,NRIX
36.11,36.3,35.81,35.81,300,2021-09-10 13:50:00,NRIX
35.83,35.83,35.715,35.715,1210,2021-09-10 13:55:00,NRIX
35.715,35.78,35.13,35.2575,6935,2021-09-10 14:00:00,NRIX
35.24,35.27,34.88,35.05,4255,2021-09-10 14:05:00,NRIX
34.905,34.905,34.12,34.26,6119,2021-09-10 14:10:00,NRIX
34.34,34.6,34.24,34.37,13996,2021-09-10 14:15:00,NRIX
34.405,34.585,34.01,34.01,9513,2021-09-10 14:20:00,NRIX
34.24,34.24,34.0701,34.0701,500,2021-09-10 14:25:00,NRIX
34.285,34.45,34.155,34.44,1300,2021-09-10 14:30:00,NRIX
34.36,34.9,34.36,34.9,2100,2021-09-10 14:35:00,NRIX
34.935,34.935,34.935,34.935,100,2021-09-10 14:40:00,NRIX
34.94,34.94,34.935,34.935,500,2021-09-10 14:45:00,NRIX
34.94,35.09,34.94,35.09,400,2021-09-10 14:50:00,NRIX
35.255,35.255,35.255,35.255,176,2021-09-10 14:55:00,NRIX
35.16,35.53,35.16,35.35,2300,2021-09-10 15:00:00,NRIX
35.35,35.35,35.18,35.24,700,2021-09-10 15:05:00,NRIX
35.24,35.24,34.85,34.87,3710,2021-09-10 15:10:00,NRIX
34.84,34.84,34.65,34.65,800,2021-09-10 15:15:00,NRIX
34.7,35.0495,34.7,35.04,2172,2021-09-10 15:20:00,NRIX
35.12,35.12,35.12,35.12,100,2021-09-10 15:25:00,NRIX
34.83,35.07,34.67,35.01,1200,2021-09-10 15:30:00,NRIX
34.6801,34.94,34.6801,34.94,210,2021-09-10 15:35:00,NRIX
34.895,35.48,34.895,35.335,3800,2021-09-10 15:40:00,NRIX
35.59,35.67,35.53,35.67,700,2021-09-10 15:45:00,NRIX
35.66,35.67,35.53,35.53,700,2021-09-10 15:50:00,NRIX
35.535,35.9246,35.4,35.845,2900,2021-09-10 15:55:00,NRIX
35.78,35.79,35.47,35.57,2402,2021-09-10 16:00:00,NRIX
35.39,35.4,35.39,35.4,200,2021-09-10 16:05:00,NRIX
35.42,35.54,35.21,35.21,1729,2021-09-10 16:10:00,NRIX
35.2,35.76,35.2,35.63,2000,2021-09-10 16:15:00,NRIX
35.74,35.99,35.505,35.99,2892,2021-09-10 16:20:00,NRIX
35.84,35.85,35.49,35.545,3145,2021-09-10 16:25:00,NRIX
35.69,35.7,35.44,35.44,700,2021-09-10 16:30:00,NRIX
35.63,35.63,35.49,35.63,500,2021-09-10 16:35:00,NRIX
35.74,35.74,35.46,35.54,2150,2021-09-10 16:40:00,NRIX
35.35,35.64,35.35,35.64,1600,2021-09-10 16:45:00,NRIX
35.64,35.7,35.59,35.59,3752,2021-09-10 16:50:00,NRIX
35.45,35.53,35.45,35.53,600,2021-09-10 16:55:00,NRIX
35.64,35.65,35.59,35.605,807,2021-09-10 17:00:00,NRIX
35.6,35.61,35.53,35.6,3160,2021-09-10 17:05:00,NRIX
35.54,35.64,35.54,35.5975,900,2021-09-10 17:10:00,NRIX
35.53,35.69,35.47,35.69,3117,2021-09-10 17:15:00,NRIX
35.725,36.0,35.725,36.0,1300,2021-09-10 17:20:00,NRIX
35.94,36.099,35.91,36.03,2613,2021-09-10 17:25:00,NRIX
36.03,36.08,35.96,36.08,900,2021-09-10 17:30:00,NRIX
35.98,36.11,35.98,36.11,2099,2021-09-10 17:35:00,NRIX
36.07,36.07,35.9,35.98,1501,2021-09-10 17:40:00,NRIX
35.85,35.98,35.72,35.98,2600,2021-09-10 17:45:00,NRIX
36.04,36.04,35.82,35.935,3577,2021-09-10 17:50:00,NRIX
35.935,35.99,35.75,35.79,5906,2021-09-10 17:55:00,NRIX
35.805,35.805,35.55,35.7,7486,2021-09-10 18:00:00,NRIX
35.65,35.74,35.42,35.74,8500,2021-09-10 18:05:00,NRIX
35.83,35.86,35.61,35.7,3237,2021-09-10 18:10:00,NRIX
35.73,35.82,35.68,35.79,1800,2021-09-10 18:15:00,NRIX
35.79,35.875,35.71,35.79,5600,2021-09-10 18:20:00,NRIX
35.79,35.79,35.55,35.59,4459,2021-09-10 18:25:00,NRIX
35.66,35.66,35.42,35.42,4300,2021-09-10 18:30:00,NRIX
35.42,35.59,35.42,35.49,1456,2021-09-10 18:35:00,NRIX
35.49,35.7285,35.42,35.7285,5066,2021-09-10 18:40:00,NRIX
35.6889,35.84,35.6675,35.79,2828,2021-09-10 18:45:00,NRIX
35.7,35.81,35.7,35.78,1300,2021-09-10 18:50:00,NRIX
35.68,35.77,35.51,35.67,2964,2021-09-10 18:55:00,NRIX
35.74,35.79,35.48,35.6,3000,2021-09-10 19:00:00,NRIX
35.7,35.759,35.5,35.759,2209,2021-09-10 19:05:00,NRIX
35.82,35.88,35.7,35.73,2000,2021-09-10 19:10:00,NRIX
35.76,35.76,35.62,35.63,2420,2021-09-10 19:15:00,NRIX
35.43,35.56,35.37,35.45,1709,2021-09-10 19:20:00,NRIX
35.41,35.63,35.41,35.42,3704,2021-09-10 19:25:00,NRIX
35.41,35.63,35.33,35.525,2915,2021-09-10 19:30:00,NRIX
35.51,35.88,35.5,35.65,6200,2021-09-10 19:35:00,NRIX
35.74,35.885,35.53,35.69,5900,2021-09-10 19:40:00,NRIX
35.63,35.855,35.45,35.755,6112,2021-09-10 19:45:00,NRIX
35.86,36.02,35.75,36.02,9220,2021-09-10 19:50:00,NRIX
35.96,36.01,35.78,35.8,17900,2021-09-10 19:55:00,NRIX
35.8,35.8,35.8,35.8,29848,2021-09-10 20:00:00,NRIX
35.81,35.81,35.43,35.53,2396,2021-09-13 13:30:00,NRIX
35.52,35.52,35.16,35.32,3411,2021-09-13 13:35:00,NRIX
35.16,35.29,35.14,35.14,1200,2021-09-13 13:40:00,NRIX
35.16,35.23,34.94,35.035,2008,2021-09-13 13:45:00,NRIX
35.08,35.355,35.08,35.16,2934,2021-09-13 13:50:00,NRIX
35.28,35.28,35.03,35.1,357,2021-09-13 13:55:00,NRIX
35.28,35.5,35.08,35.38,1772,2021-09-13 14:00:00,NRIX
35.34,35.63,35.275,35.34,10297,2021-09-13 14:05:00,NRIX
35.25,35.44,35.25,35.34,3305,2021-09-13 14:10:00,NRIX
35.385,35.5,35.19,35.225,6653,2021-09-13 14:15:00,NRIX
35.28,35.36,35.2,35.34,1953,2021-09-13 14:20:00,NRIX
35.38,35.54,35.34,35.4,6678,2021-09-13 14:25:00,NRIX
35.345,36.01,35.26,36.01,3776,2021-09-13 14:30:00,NRIX
35.88,36.205,35.88,36.205,1800,2021-09-13 14:35:00,NRIX
36.31,36.55,36.16,36.18,2215,2021-09-13 14:40:00,NRIX
36.29,36.38,36.2,36.22,906,2021-09-13 14:45:00,NRIX
36.38,36.38,36.005,36.005,3469,2021-09-13 14:50:00,NRIX
36.11,36.19,35.785,35.785,3859,2021-09-13 14:55:00,NRIX
35.735,35.815,35.735,35.815,200,2021-09-13 15:00:00,NRIX
35.82,36.04,35.81,35.96,2042,2021-09-13 15:05:00,NRIX
35.95,35.99,35.81,35.86,1400,2021-09-13 15:10:00,NRIX
35.81,35.93,35.79,35.93,2300,2021-09-13 15:15:00,NRIX
35.955,36.245,35.955,36.245,418,2021-09-13 15:20:00,NRIX
36.32,36.47,36.21,36.47,1700,2021-09-13 15:25:00,NRIX
36.395,36.62,36.33,36.465,3192,2021-09-13 15:30:00,NRIX
36.49,36.74,36.41,36.74,600,2021-09-13 15:35:00,NRIX
36.76,36.86,36.66,36.845,1100,2021-09-13 15:40:00,NRIX
36.755,36.84,36.755,36.83,1200,2021-09-13 15:45:00,NRIX
36.89,36.98,36.79,36.915,1605,2021-09-13 15:50:00,NRIX
37.04,37.04,36.82,36.82,1650,2021-09-13 15:55:00,NRIX
36.885,36.94,36.885,36.94,300,2021-09-13 16:00:00,NRIX
36.98,37.11,36.83,36.91,6005,2021-09-13 16:05:00,NRIX
36.91,36.955,36.83,36.94,858,2021-09-13 16:10:00,NRIX
36.94,37.015,36.94,36.94,417,2021-09-13 16:15:00,NRIX
36.945,37.03,36.945,37.03,600,2021-09-13 16:20:00,NRIX
36.96,37.05,36.87,36.97,762,2021-09-13 16:25:00,NRIX
37.01,37.08,36.64,36.64,3315,2021-09-13 16:30:00,NRIX
36.495,36.5,36.43,36.43,500,2021-09-13 16:35:00,NRIX
36.435,36.79,36.435,36.6,1800,2021-09-13 16:40:00,NRIX
36.68,36.68,36.45,36.45,400,2021-09-13 16:50:00,NRIX
36.535,36.58,36.51,36.54,800,2021-09-13 16:55:00,NRIX
36.66,36.68,36.575,36.575,300,2021-09-13 17:00:00,NRIX
36.685,36.685,36.595,36.6093,500,2021-09-13 17:05:00,NRIX
36.68,36.7,36.56,36.56,1024,2021-09-13 17:10:00,NRIX
36.69,36.7,36.52,36.615,3153,2021-09-13 17:15:00,NRIX
36.53,36.6,36.53,36.6,200,2021-09-13 17:20:00,NRIX
36.57,36.58,36.36,36.43,2710,2021-09-13 17:25:00,NRIX
36.41,36.465,36.41,36.465,600,2021-09-13 17:30:00,NRIX
36.45,36.465,36.45,36.465,200,2021-09-13 17:35:00,NRIX
36.45,36.51,36.41,36.51,900,2021-09-13 17:40:00,NRIX
36.51,36.52,36.43,36.52,1585,2021-09-13 17:45:00,NRIX
36.46,36.52,36.44,36.52,400,2021-09-13 17:50:00,NRIX
36.51,36.61,36.48,36.58,2111,2021-09-13 18:00:00,NRIX
36.715,36.81,36.69,36.765,1846,2021-09-13 18:05:00,NRIX
36.72,36.72,36.57,36.57,1029,2021-09-13 18:10:00,NRIX
36.47,36.565,36.43,36.43,800,2021-09-13 18:15:00,NRIX
36.46,36.5,36.38,36.425,2239,2021-09-13 18:20:00,NRIX
36.43,36.43,36.43,36.43,100,2021-09-13 18:25:00,NRIX
36.465,36.465,36.465,36.465,100,2021-09-13 18:30:00,NRIX
36.45,36.52,36.44,36.465,700,2021-09-13 18:35:00,NRIX
36.48,36.48,36.33,36.375,2100,2021-09-13 18:40:00,NRIX
36.29,36.375,36.27,36.27,300,2021-09-13 18:45:00,NRIX
36.345,36.46,36.345,36.4,400,2021-09-13 18:50:00,NRIX
36.485,36.5,36.42,36.45,1500,2021-09-13 18:55:00,NRIX
36.51,36.51,36.29,36.29,1219,2021-09-13 19:00:00,NRIX
36.24,36.38,36.24,36.38,600,2021-09-13 19:05:00,NRIX
36.39,36.42,36.29,36.37,800,2021-09-13 19:10:00,NRIX
36.29,36.5494,36.22,36.49,6577,2021-09-13 19:15:00,NRIX
36.53,36.53,36.35,36.35,1960,2021-09-13 19:20:00,NRIX
36.35,36.415,36.25,36.28,1453,2021-09-13 19:25:00,NRIX
36.345,36.425,36.26,36.345,1373,2021-09-13 19:30:00,NRIX
36.45,36.47,36.33,36.33,2230,2021-09-13 19:35:00,NRIX
36.38,36.38,36.26,36.27,2175,2021-09-13 19:40:00,NRIX
36.27,36.3,36.21,36.25,900,2021-09-13 19:45:00,NRIX
36.25,36.26,35.99,36.01,10179,2021-09-13 19:50:00,NRIX
35.97,36.05,35.92,36.0,13748,2021-09-13 19:55:00,NRIX
36.0,36.0,36.0,36.0,68302,2021-09-13 20:00:00,NRIX
36.0,36.0,36.0,36.0,7762,2021-09-13 21:10:00,NRIX
35.96,36.53,35.96,36.53,2273,2021-09-14 13:30:00,NRIX
36.49,36.85,36.49,36.85,200,2021-09-14 13:35:00,NRIX
36.52,36.64,36.07,36.415,1303,2021-09-14 13:40:00,NRIX
36.84,36.84,36.2,36.51,1201,2021-09-14 13:45:00,NRIX
36.55,36.55,36.265,36.265,746,2021-09-14 13:50:00,NRIX
36.72,36.85,36.13,36.28,9099,2021-09-14 13:55:00,NRIX
36.42,36.42,35.53,35.695,4893,2021-09-14 14:00:00,NRIX
35.66,35.665,35.5,35.6,1628,2021-09-14 14:05:00,NRIX
35.57,35.57,35.41,35.475,1000,2021-09-14 14:10:00,NRIX
35.4,35.4,35.12,35.38,1795,2021-09-14 14:15:00,NRIX
35.46,35.72,35.455,35.72,1829,2021-09-14 14:20:00,NRIX
35.72,35.74,35.435,35.73,1299,2021-09-14 14:25:00,NRIX
35.73,35.73,35.72,35.72,883,2021-09-14 14:30:00,NRIX
35.71,35.78,35.53,35.685,600,2021-09-14 14:35:00,NRIX
35.71,35.71,35.53,35.61,800,2021-09-14 14:40:00,NRIX
35.7,35.7,35.6,35.6,400,2021-09-14 14:45:00,NRIX
35.71,35.8,35.695,35.695,908,2021-09-14 14:50:00,NRIX
35.695,36.07,35.695,36.07,825,2021-09-14 14:55:00,NRIX
36.08,36.23,35.94,36.03,2671,2021-09-14 15:00:00,NRIX
35.83,35.86,35.61,35.825,500,2021-09-14 15:05:00,NRIX
35.96,36.28,35.96,36.13,5242,2021-09-14 15:10:00,NRIX
36.045,36.06,35.88,35.88,700,2021-09-14 15:15:00,NRIX
35.88,35.88,35.88,35.88,100,2021-09-14 15:20:00,NRIX
36.2,36.48,36.2,36.33,2027,2021-09-14 15:25:00,NRIX
36.33,36.33,36.25,36.25,401,2021-09-14 15:30:00,NRIX
36.29,36.41,36.28,36.28,631,2021-09-14 15:35:00,NRIX
36.28,36.39,36.25,36.3575,1112,2021-09-14 15:40:00,NRIX
36.32,36.32,36.15,36.27,1608,2021-09-14 15:45:00,NRIX
36.27,36.405,36.25,36.25,3023,2021-09-14 15:50:00,NRIX
36.275,36.29,36.275,36.29,200,2021-09-14 15:55:00,NRIX
36.24,36.29,36.24,36.27,913,2021-09-14 16:00:00,NRIX
36.25,36.25,36.19,36.22,1132,2021-09-14 16:05:00,NRIX
36.28,36.28,36.28,36.28,100,2021-09-14 16:10:00,NRIX
36.27,36.27,36.23,36.25,1196,2021-09-14 16:15:00,NRIX
36.26,36.26,36.21,36.21,200,2021-09-14 16:20:00,NRIX
36.255,36.33,36.25,36.25,1468,2021-09-14 16:25:00,NRIX
36.18,36.24,36.03,36.03,964,2021-09-14 16:30:00,NRIX
36.13,36.13,36.03,36.08,300,2021-09-14 16:35:00,NRIX
35.985,35.985,35.985,35.985,100,2021-09-14 16:45:00,NRIX
36.06,36.06,36.06,36.06,100,2021-09-14 16:50:00,NRIX
36.06,36.08,35.97,36.0,800,2021-09-14 16:55:00,NRIX
36.04,36.04,36.04,36.04,100,2021-09-14 17:00:00,NRIX
35.89,35.89,35.87,35.87,1620,2021-09-14 17:05:00,NRIX
35.96,35.97,35.96,35.97,400,2021-09-14 17:15:00,NRIX
36.04,36.04,36.04,36.04,100,2021-09-14 17:20:00,NRIX
36.04,36.07,36.04,36.07,1110,2021-09-14 17:25:00,NRIX
36.0,36.07,35.93,35.98,822,2021-09-14 17:30:00,NRIX
35.93,35.985,35.93,35.985,200,2021-09-14 17:35:00,NRIX
35.91,35.95,35.9,35.95,400,2021-09-14 17:40:00,NRIX
35.91,36.01,35.91,36.01,200,2021-09-14 17:45:00,NRIX
35.9,36.0,35.9,35.96,591,2021-09-14 17:50:00,NRIX
36.03,36.09,36.03,36.09,300,2021-09-14 17:55:00,NRIX
36.005,36.08,36.005,36.005,600,2021-09-14 18:00:00,NRIX
36.07,36.25,36.07,36.25,2128,2021-09-14 18:05:00,NRIX
36.25,36.28,36.215,36.25,1310,2021-09-14 18:10:00,NRIX
36.25,36.25,36.15,36.16,782,2021-09-14 18:15:00,NRIX
36.15,36.15,36.07,36.08,500,2021-09-14 18:20:00,NRIX
36.07,36.12,35.98,35.98,599,2021-09-14 18:25:00,NRIX
36.08,36.08,35.93,35.98,900,2021-09-14 18:30:00,NRIX
35.88,35.88,35.75,35.75,1162,2021-09-14 18:35:00,NRIX
35.79,35.895,35.79,35.895,444,2021-09-14 18:40:00,NRIX
35.91,35.93,35.88,35.92,825,2021-09-14 18:45:00,NRIX
35.93,35.93,35.84,35.89,500,2021-09-14 18:50:00,NRIX
35.74,35.95,35.73,35.95,1410,2021-09-14 18:55:00,NRIX
35.98,35.98,35.69,35.69,864,2021-09-14 19:00:00,NRIX
35.6,35.71,35.6,35.68,1020,2021-09-14 19:05:00,NRIX
35.69,35.69,35.39,35.485,1045,2021-09-14 19:10:00,NRIX
35.37,35.37,35.26,35.37,1782,2021-09-14 19:15:00,NRIX
35.41,35.485,35.41,35.485,400,2021-09-14 19:20:00,NRIX
35.39,35.58,35.39,35.5,4236,2021-09-14 19:25:00,NRIX
35.46,35.56,35.46,35.48,810,2021-09-14 19:30:00,NRIX
35.54,35.64,35.52,35.61,2112,2021-09-14 19:35:00,NRIX
35.62,35.71,35.62,35.68,2400,2021-09-14 19:40:00,NRIX
35.68,35.74,35.65,35.74,1606,2021-09-14 19:45:00,NRIX
35.68,35.695,35.56,35.58,2776,2021-09-14 19:50:00,NRIX
35.62,35.85,35.58,35.72,12111,2021-09-14 19:55:00,NRIX
35.7,35.7,35.7,35.7,24448,2021-09-14 20:00:00,NRIX
35.56,36.25,35.53,35.53,3256,2021-09-15 13:30:00,NRIX
35.41,35.5,35.16,35.16,900,2021-09-15 13:35:00,NRIX
35.5,35.53,35.06,35.31,11916,2021-09-15 13:40:00,NRIX
35.345,35.5094,35.34,35.5094,500,2021-09-15 13:45:00,NRIX
35.65,36.3,35.65,36.3,1100,2021-09-15 13:50:00,NRIX
36.4,36.41,36.39,36.41,500,2021-09-15 13:55:00,NRIX
36.4206,36.55,36.18,36.55,1500,2021-09-15 14:00:00,NRIX
36.73,36.74,36.4,36.7,500,2021-09-15 14:05:00,NRIX
36.69,36.69,36.15,36.15,3200,2021-09-15 14:10:00,NRIX
36.3,36.3,36.3,36.3,300,2021-09-15 14:15:00,NRIX
36.3,36.64,36.3,36.45,3900,2021-09-15 14:20:00,NRIX
36.49,36.49,36.45,36.45,415,2021-09-15 14:25:00,NRIX
36.45,36.475,36.23,36.26,3680,2021-09-15 14:30:00,NRIX
36.405,36.405,36.25,36.25,600,2021-09-15 14:35:00,NRIX
36.42,36.42,36.23,36.37,1426,2021-09-15 14:40:00,NRIX
36.5,36.97,36.5,36.96,2778,2021-09-15 14:45:00,NRIX
36.78,36.95,36.78,36.89,900,2021-09-15 14:50:00,NRIX
36.78,36.91,36.65,36.65,1004,2021-09-15 14:55:00,NRIX
36.775,36.84,36.54,36.7,1218,2021-09-15 15:00:00,NRIX
36.64,36.7,36.53,36.7,1260,2021-09-15 15:05:00,NRIX
36.7,36.7,36.595,36.6,1000,2021-09-15 15:10:00,NRIX
36.65,36.65,36.48,36.48,1247,2021-09-15 15:15:00,NRIX
36.475,36.55,36.46,36.46,872,2021-09-15 15:20:00,NRIX
36.46,36.46,36.36,36.36,1300,2021-09-15 15:25:00,NRIX
36.22,36.245,36.09,36.15,1099,2021-09-15 15:30:00,NRIX
36.145,36.145,36.135,36.135,400,2021-09-15 15:35:00,NRIX
36.27,36.27,36.22,36.22,300,2021-09-15 15:40:00,NRIX
36.22,36.62,36.13,36.55,5575,2021-09-15 15:45:00,NRIX
36.51,36.6,36.51,36.535,800,2021-09-15 15:50:00,NRIX
36.54,36.66,36.53,36.53,1427,2021-09-15 15:55:00,NRIX
36.53,36.6,36.35,36.465,1384,2021-09-15 16:00:00,NRIX
36.54,36.54,36.415,36.42,1300,2021-09-15 16:10:00,NRIX
36.53,36.53,36.53,36.53,100,2021-09-15 16:15:00,NRIX
36.58,36.58,36.31,36.31,2000,2021-09-15 16:20:00,NRIX
36.43,36.52,36.32,36.32,300,2021-09-15 16:25:00,NRIX
36.445,36.58,36.445,36.58,769,2021-09-15 16:30:00,NRIX
36.435,36.55,36.36,36.36,300,2021-09-15 16:35:00,NRIX
36.5,36.58,36.46,36.465,2700,2021-09-15 16:40:00,NRIX
36.53,36.56,36.48,36.5,500,2021-09-15 16:45:00,NRIX
36.55,36.55,36.5,36.5,600,2021-09-15 16:50:00,NRIX
36.5,36.535,36.38,36.38,1500,2021-09-15 16:55:00,NRIX
36.3,36.35,36.23,36.29,4827,2021-09-15 17:00:00,NRIX
36.36,36.36,36.35,36.35,300,2021-09-15 17:05:00,NRIX
36.36,36.41,36.36,36.41,600,2021-09-15 17:10:00,NRIX
36.41,36.565,36.41,36.53,400,2021-09-15 17:15:00,NRIX
36.48,36.52,36.45,36.52,512,2021-09-15 17:20:00,NRIX
36.46,36.46,36.33,36.33,1700,2021-09-15 17:25:00,NRIX
36.44,36.44,36.36,36.36,200,2021-09-15 17:30:00,NRIX
36.27,36.27,36.27,36.27,200,2021-09-15 17:35:00,NRIX
36.37,36.37,36.31,36.36,400,2021-09-15 17:40:00,NRIX
36.38,36.47,36.36,36.47,1400,2021-09-15 17:45:00,NRIX
36.485,36.55,36.42,36.505,1570,2021-09-15 17:50:00,NRIX
36.47,36.52,36.43,36.455,900,2021-09-15 17:55:00,NRIX
36.4,36.43,36.4,36.43,300,2021-09-15 18:00:00,NRIX
36.55,36.68,36.5,36.68,2057,2021-09-15 18:05:00,NRIX
36.61,36.68,36.565,36.68,1810,2021-09-15 18:10:00,NRIX
36.68,36.68,36.635,36.655,400,2021-09-15 18:15:00,NRIX
36.61,36.61,36.53,36.53,1400,2021-09-15 18:20:00,NRIX
36.44,36.45,36.41,36.41,570,2021-09-15 18:25:00,NRIX
36.46,36.515,36.4485,36.515,1117,2021-09-15 18:30:00,NRIX
36.545,36.6,36.45,36.45,1945,2021-09-15 18:35:00,NRIX
36.505,36.505,36.505,36.505,210,2021-09-15 18:40:00,NRIX
36.51,36.51,36.51,36.51,100,2021-09-15 18:45:00,NRIX
36.51,36.58,36.51,36.515,800,2021-09-15 18:50:00,NRIX
36.515,36.59,36.43,36.515,719,2021-09-15 18:55:00,NRIX
36.57,36.57,36.515,36.515,1005,2021-09-15 19:00:00,NRIX
36.515,36.55,36.5,36.51,1200,2021-09-15 19:05:00,NRIX
36.54,36.54,36.18,36.18,2888,2021-09-15 19:10:00,NRIX
36.315,36.315,36.315,36.315,100,2021-09-15 19:15:00,NRIX
36.23,36.42,36.23,36.42,945,2021-09-15 19:20:00,NRIX
36.42,36.42,36.11,36.11,1321,2021-09-15 19:25:00,NRIX
36.14,36.14,36.01,36.01,685,2021-09-15 19:30:00,NRIX
36.06,36.19,36.06,36.145,1715,2021-09-15 19:35:00,NRIX
36.145,36.1811,36.03,36.09,2333,2021-09-15 19:40:00,NRIX
36.02,36.17,36.01,36.115,1449,2021-09-15 19:45:00,NRIX
36.17,36.25,36.07,36.25,2506,2021-09-15 19:50:00,NRIX
36.19,36.39,36.19,36.38,10142,2021-09-15 19:55:00,NRIX
36.38,36.38,36.38,36.38,84757,2021-09-15 20:00:00,NRIX
36.21,36.21,36.21,36.21,1280,2021-09-16 13:30:00,NRIX
35.87,36.78,35.87,36.39,2311,2021-09-16 13:35:00,NRIX
36.8,36.8,35.9965,36.405,2000,2021-09-16 13:40:00,NRIX
36.405,36.54,36.05,36.27,4100,2021-09-16 13:45:00,NRIX
36.05,36.08,35.75,35.75,1701,2021-09-16 13:50:00,NRIX
35.865,35.865,35.61,35.85,700,2021-09-16 13:55:00,NRIX
35.88,35.88,35.78,35.79,2300,2021-09-16 14:00:00,NRIX
35.84,35.995,35.84,35.88,1806,2021-09-16 14:05:00,NRIX
35.78,35.78,35.62,35.62,600,2021-09-16 14:10:00,NRIX
35.755,35.91,35.755,35.78,805,2021-09-16 14:15:00,NRIX
35.75,35.824,35.63,35.76,2400,2021-09-16 14:20:00,NRIX
35.76,35.76,35.545,35.655,2564,2021-09-16 14:25:00,NRIX
35.745,35.82,35.685,35.75,1548,2021-09-16 14:30:00,NRIX
35.7,35.72,35.665,35.715,1396,2021-09-16 14:35:00,NRIX
35.6306,35.655,35.51,35.65,1100,2021-09-16 14:40:00,NRIX
35.67,35.67,35.67,35.67,100,2021-09-16 14:45:00,NRIX
35.64,35.64,35.58,35.61,500,2021-09-16 14:50:00,NRIX
35.53,35.53,35.53,35.53,100,2021-09-16 14:55:00,NRIX
35.57,35.57,35.57,35.57,100,2021-09-16 15:00:00,NRIX
35.515,35.71,35.47,35.705,1758,2021-09-16 15:05:00,NRIX
35.73,35.73,35.67,35.67,666,2021-09-16 15:10:00,NRIX
35.81,35.92,35.79,35.79,700,2021-09-16 15:15:00,NRIX
35.765,35.81,35.66,35.66,3199,2021-09-16 15:20:00,NRIX
35.57,35.57,35.57,35.57,100,2021-09-16 15:30:00,NRIX
35.64,35.76,35.64,35.74,500,2021-09-16 15:35:00,NRIX
35.82,35.82,35.63,35.63,2940,2021-09-16 15:40:00,NRIX
35.65,35.71,35.57,35.65,2699,2021-09-16 15:45:00,NRIX
35.56,35.61,35.51,35.58,647,2021-09-16 15:50:00,NRIX
35.73,35.73,35.73,35.73,300,2021-09-16 15:55:00,NRIX
35.755,35.81,35.705,35.705,1700,2021-09-16 16:00:00,NRIX
35.75,35.795,35.75,35.76,1600,2021-09-16 16:05:00,NRIX
35.8,35.81,35.7,35.78,2585,2021-09-16 16:10:00,NRIX
35.76,35.77,35.71,35.71,3001,2021-09-16 16:15:00,NRIX
35.74,35.76,35.68,35.68,500,2021-09-16 16:20:00,NRIX
35.64,35.64,35.59,35.62,600,2021-09-16 16:25:00,NRIX
35.65,35.71,35.65,35.69,700,2021-09-16 16:30:00,NRIX
35.715,35.76,35.715,35.75,300,2021-09-16 16:35:00,NRIX
35.86,35.995,35.8,35.92,2900,2021-09-16 16:40:00,NRIX
35.97,36.0,35.925,35.925,539,2021-09-16 16:45:00,NRIX
35.89,35.89,35.87,35.87,200,2021-09-16 16:50:00,NRIX
35.8486,35.8486,35.8486,35.8486,100,2021-09-16 16:55:00,NRIX
35.97,35.97,35.97,35.97,100,2021-09-16 17:00:00,NRIX
36.0,36.06,36.0,36.0,1300,2021-09-16 17:05:00,NRIX
36.015,36.04,35.7401,35.7401,3876,2021-09-16 17:10:00,NRIX
35.87,35.87,35.84,35.84,200,2021-09-16 17:15:00,NRIX
36.0,36.0,35.96,35.96,400,2021-09-16 17:20:00,NRIX
36.03,36.03,35.91,35.92,833,2021-09-16 17:25:00,NRIX
35.88,35.88,35.88,35.88,100,2021-09-16 17:30:00,NRIX
36.01,36.01,36.01,36.01,100,2021-09-16 17:35:00,NRIX
35.965,36.05,35.965,36.0,2800,2021-09-16 17:40:00,NRIX
35.91,35.955,35.89,35.9,2900,2021-09-16 17:45:00,NRIX
35.89,35.93,35.89,35.9,2569,2021-09-16 17:50:00,NRIX
35.91,35.98,35.88,35.8993,7177,2021-09-16 17:55:00,NRIX
35.91,35.925,35.86,35.91,3680,2021-09-16 18:00:00,NRIX
35.93,36.06,35.92,36.0,1800,2021-09-16 18:05:00,NRIX
35.97,36.05,35.97,36.0,2000,2021-09-16 18:10:00,NRIX
36.035,36.035,36.035,36.035,100,2021-09-16 18:15:00,NRIX
36.01,36.07,36.0,36.01,800,2021-09-16 18:20:00,NRIX
36.04,36.04,35.96,35.98,1014,2021-09-16 18:25:00,NRIX
36.0,36.04,35.91,35.91,2300,2021-09-16 18:30:00,NRIX
35.95,36.0,35.93,35.96,1218,2021-09-16 18:35:00,NRIX
35.975,35.975,35.94,35.94,200,2021-09-16 18:40:00,NRIX
36.005,36.005,36.0,36.0,200,2021-09-16 18:45:00,NRIX
36.0,36.08,35.88,35.94,3000,2021-09-16 18:50:00,NRIX
36.01,36.01,36.01,36.01,150,2021-09-16 18:55:00,NRIX
36.03,36.03,35.97,35.97,1416,2021-09-16 19:00:00,NRIX
36.01,36.02,35.96,35.975,4251,2021-09-16 19:05:00,NRIX
35.97,35.98,35.93,35.93,900,2021-09-16 19:10:00,NRIX
35.815,35.84,35.71,35.71,500,2021-09-16 19:15:00,NRIX
35.72,35.75,35.72,35.75,300,2021-09-16 19:20:00,NRIX
35.78,35.79,35.78,35.79,400,2021-09-16 19:25:00,NRIX
35.82,35.86,35.75,35.75,2200,2021-09-16 19:30:00,NRIX
35.73,35.73,35.715,35.715,300,2021-09-16 19:35:00,NRIX
35.74,35.93,35.74,35.785,2497,2021-09-16 19:40:00,NRIX
35.79,35.84,35.76,35.84,883,2021-09-16 19:45:00,NRIX
35.805,35.94,35.805,35.905,1300,2021-09-16 19:50:00,NRIX
35.97,35.98,35.78,35.8,14789,2021-09-16 19:55:00,NRIX
35.77,35.77,35.77,35.77,66064,2021-09-16 20:00:00,NRIX
36.22,36.22,35.78,35.8,1026,2021-09-17 13:25:00,NRIX
36.07,36.48,35.925,36.08,40881,2021-09-17 13:30:00,NRIX
35.84,36.29,35.84,36.23,500,2021-09-17 13:35:00,NRIX
36.22,36.36,35.77,36.36,2900,2021-09-17 13:40:00,NRIX
36.185,36.3,35.97,35.97,3775,2021-09-17 13:45:00,NRIX
35.64,36.18,35.64,35.88,3334,2021-09-17 13:50:00,NRIX
35.7,35.87,35.7,35.86,3000,2021-09-17 13:55:00,NRIX
35.795,36.0975,35.72,35.905,8701,2021-09-17 14:00:00,NRIX
35.755,35.84,35.755,35.815,2469,2021-09-17 14:05:00,NRIX
35.75,35.75,35.53,35.53,1003,2021-09-17 14:10:00,NRIX
35.505,35.54,35.36,35.49,1000,2021-09-17 14:15:00,NRIX
35.42,35.42,35.31,35.335,488,2021-09-17 14:20:00,NRIX
35.56,35.85,35.56,35.85,700,2021-09-17 14:25:00,NRIX
35.97,35.97,35.87,35.87,200,2021-09-17 14:30:00,NRIX
35.96,36.0,35.85,35.92,700,2021-09-17 14:35:00,NRIX
36.01,36.1,35.915,35.98,4871,2021-09-17 14:40:00,NRIX
36.03,36.03,35.95,36.0,1600,2021-09-17 14:45:00,NRIX
36.02,36.04,35.97,36.0,2516,2021-09-17 14:50:00,NRIX
35.96,35.96,35.8,35.8,1100,2021-09-17 14:55:00,NRIX
35.73,35.77,35.64,35.64,400,2021-09-17 15:00:00,NRIX
35.74,35.84,35.73,35.8,600,2021-09-17 15:05:00,NRIX
35.78,35.885,35.7,35.885,1596,2021-09-17 15:10:00,NRIX
36.01,36.03,35.94,36.0,1400,2021-09-17 15:15:00,NRIX
36.02,36.03,35.98,36.0,900,2021-09-17 15:20:00,NRIX
35.975,35.98,35.93,35.93,1002,2021-09-17 15:25:00,NRIX
35.89,36.0,35.85,36.0,1000,2021-09-17 15:30:00,NRIX
36.01,36.02,35.96,35.97,1500,2021-09-17 15:35:00,NRIX
35.98,36.01,35.94,36.0,1723,2021-09-17 15:40:00,NRIX
35.98,36.01,35.905,35.91,3400,2021-09-17 15:45:00,NRIX
35.895,35.895,35.82,35.82,1131,2021-09-17 15:50:00,NRIX
35.855,35.9,35.855,35.9,600,2021-09-17 15:55:00,NRIX
35.905,35.91,35.905,35.91,400,2021-09-17 16:00:00,NRIX
35.91,35.98,35.91,35.98,735,2021-09-17 16:05:00,NRIX
35.91,36.02,35.91,36.0,1200,2021-09-17 16:10:00,NRIX
36.0,36.1,35.97,36.0,6061,2021-09-17 16:15:00,NRIX
36.0,36.03,35.95,35.979,4020,2021-09-17 16:20:00,NRIX
35.965,36.1,35.965,36.005,3513,2021-09-17 16:30:00,NRIX
36.0,36.135,35.95,35.95,8479,2021-09-17 16:35:00,NRIX
36.02,36.05,35.96,36.02,1768,2021-09-17 16:40:00,NRIX
36.0,36.02,35.925,35.95,6512,2021-09-17 16:45:00,NRIX
35.95,35.95,35.82,35.82,1094,2021-09-17 16:50:00,NRIX
35.95,35.95,35.91,35.91,1903,2021-09-17 16:55:00,NRIX
35.905,35.95,35.75,35.75,6300,2021-09-17 17:00:00,NRIX
35.75,35.845,35.65,35.83,1700,2021-09-17 17:05:00,NRIX
35.8,35.86,35.75,35.76,1237,2021-09-17 17:10:00,NRIX
35.76,35.82,35.74,35.8,12444,2021-09-17 17:15:00,NRIX
35.78,35.885,35.78,35.885,800,2021-09-17 17:20:00,NRIX
35.92,35.95,35.82,35.95,3820,2021-09-17 17:25:00,NRIX
35.895,35.95,35.87,35.905,2600,2021-09-17 17:30:00,NRIX
35.905,35.905,35.87,35.905,796,2021-09-17 17:35:00,NRIX
35.95,35.95,35.93,35.93,3300,2021-09-17 17:40:00,NRIX
35.95,35.95,35.86,35.93,6629,2021-09-17 17:45:00,NRIX
35.9,35.93,35.8,35.86,2480,2021-09-17 17:50:00,NRIX
35.855,35.9,35.84,35.9,800,2021-09-17 17:55:00,NRIX
35.92,35.95,35.84,35.9,2026,2021-09-17 18:00:00,NRIX
35.94,35.955,35.92,35.95,6315,2021-09-17 18:05:00,NRIX
35.95,35.95,35.93,35.93,602,2021-09-17 18:10:00,NRIX
35.96,36.0,35.89,35.9,3354,2021-09-17 18:15:00,NRIX
35.95,36.0,35.95,35.965,2256,2021-09-17 18:20:00,NRIX
35.965,36.055,35.95,36.01,11012,2021-09-17 18:25:00,NRIX
36.01,36.04,35.97,36.0,7478,2021-09-17 18:30:00,NRIX
36.0,36.02,35.97,36.0,3700,2021-09-17 18:35:00,NRIX
36.005,36.21,35.99,36.13,10219,2021-09-17 18:40:00,NRIX
36.13,36.29,36.115,36.285,3700,2021-09-17 18:45:00,NRIX
36.33,36.44,36.2,36.42,3298,2021-09-17 18:50:00,NRIX
36.46,36.53,36.35,36.4,4857,2021-09-17 18:55:00,NRIX
36.37,36.51,36.33,36.5,3395,2021-09-17 19:00:00,NRIX
36.535,36.54,36.43,36.48,6275,2021-09-17 19:05:00,NRIX
36.44,36.53,36.43,36.5,2438,2021-09-17 19:10:00,NRIX
36.48,36.54,36.46,36.5,4027,2021-09-17 19:15:00,NRIX
36.5,36.53,36.48,36.505,4258,2021-09-17 19:20:00,NRIX
36.505,36.505,36.08,36.14,8275,2021-09-17 19:25:00,NRIX
36.07,36.37,36.0,36.37,5085,2021-09-17 19:30:00,NRIX
36.405,36.49,36.3062,36.355,4323,2021-09-17 19:35:00,NRIX
36.36,36.57,36.36,36.485,4344,2021-09-17 19:40:00,NRIX
36.53,36.87,36.495,36.645,9690,2021-09-17 19:45:00,NRIX
36.69,37.09,36.42,36.57,71352,2021-09-17 19:50:00,NRIX
36.44,36.57,35.86,35.94,64900,2021-09-17 19:55:00,NRIX
36.0,36.0,36.0,36.0,1192098,2021-09-17 20:00:00,NRIX
36.0,36.0,36.0,36.0,27264,2021-09-17 20:05:00,NRIX
35.02,35.02,35.02,35.02,100,2021-09-20 13:25:00,NRIX
34.95,34.95,34.4902,34.8,3111,2021-09-20 13:30:00,NRIX
34.55,34.825,34.065,34.515,3036,2021-09-20 13:35:00,NRIX
34.68,34.75,34.67,34.67,1200,2021-09-20 13:40:00,NRIX
34.78,34.92,34.68,34.92,1173,2021-09-20 13:45:00,NRIX
34.71,35.1,34.71,34.89,2600,2021-09-20 13:50:00,NRIX
35.09,35.09,34.55,34.675,17924,2021-09-20 13:55:00,NRIX
34.72,34.909,34.64,34.64,5851,2021-09-20 14:00:00,NRIX
34.655,34.655,34.13,34.14,3645,2021-09-20 14:05:00,NRIX
34.1,34.24,34.1,34.24,700,2021-09-20 14:10:00,NRIX
34.245,34.56,34.13,34.13,1450,2021-09-20 14:15:00,NRIX
34.02,34.2,34.02,34.2,200,2021-09-20 14:20:00,NRIX
34.35,34.35,34.35,34.35,100,2021-09-20 14:25:00,NRIX
34.29,34.29,33.295,33.42,5785,2021-09-20 14:30:00,NRIX
33.31,33.39,33.29,33.39,1000,2021-09-20 14:35:00,NRIX
33.39,33.48,32.535,32.935,14968,2021-09-20 14:40:00,NRIX
33.0,33.18,32.93,33.0,4602,2021-09-20 14:45:00,NRIX
33.05,33.1,32.87,32.96,3339,2021-09-20 14:50:00,NRIX
33.06,33.08,32.95,32.95,2700,2021-09-20 14:55:00,NRIX
32.845,33.13,32.8,33.06,1310,2021-09-20 15:00:00,NRIX
33.03,33.37,33.03,33.35,2800,2021-09-20 15:05:00,NRIX
33.52,33.55,33.29,33.5,1506,2021-09-20 15:10:00,NRIX
33.41,33.41,33.15,33.26,300,2021-09-20 15:15:00,NRIX
33.17,33.17,33.01,33.095,1925,2021-09-20 15:20:00,NRIX
33.04,33.19,32.8555,33.19,1700,2021-09-20 15:25:00,NRIX
33.1,33.1,32.47,32.58,8067,2021-09-20 15:30:00,NRIX
32.58,32.7,32.501,32.645,3039,2021-09-20 15:35:00,NRIX
32.691,32.92,32.59,32.91,7420,2021-09-20 15:40:00,NRIX
32.881,32.93,32.81,32.82,1200,2021-09-20 15:45:00,NRIX
32.94,33.06,32.845,33.01,1579,2021-09-20 15:50:00,NRIX
33.03,33.03,32.87,32.91,1454,2021-09-20 15:55:00,NRIX
32.91,32.92,32.86,32.9,859,2021-09-20 16:00:00,NRIX
32.9,32.9,32.9,32.9,100,2021-09-20 16:05:00,NRIX
32.84,32.87,32.8,32.845,600,2021-09-20 16:10:00,NRIX
32.78,32.86,32.78,32.86,200,2021-09-20 16:15:00,NRIX
32.765,32.77,32.69,32.77,900,2021-09-20 16:20:00,NRIX
32.85,33.01,32.84,33.01,300,2021-09-20 16:30:00,NRIX
33.03,33.03,33.03,33.03,100,2021-09-20 16:40:00,NRIX
32.98,32.98,32.91,32.91,400,2021-09-20 16:45:00,NRIX
32.81,32.9,32.805,32.9,2352,2021-09-20 16:50:00,NRIX
32.89,32.94,32.89,32.94,200,2021-09-20 16:55:00,NRIX
32.86,32.93,32.86,32.86,300,2021-09-20 17:00:00,NRIX
32.85,32.85,32.85,32.85,100,2021-09-20 17:05:00,NRIX
32.88,32.88,32.88,32.88,100,2021-09-20 17:10:00,NRIX
33.02,33.02,32.98,32.98,200,2021-09-20 17:15:00,NRIX
33.025,33.025,32.78,32.78,1110,2021-09-20 17:20:00,NRIX
32.835,32.91,32.835,32.91,300,2021-09-20 17:25:00,NRIX
32.97,32.98,32.895,32.895,400,2021-09-20 17:30:00,NRIX
32.955,33.01,32.95,33.01,400,2021-09-20 17:35:00,NRIX
32.92,32.925,32.87,32.925,500,2021-09-20 17:40:00,NRIX
32.925,33.029,32.925,33.029,200,2021-09-20 17:45:00,NRIX
32.97,33.04,32.955,33.04,300,2021-09-20 17:50:00,NRIX
32.91,32.935,32.82,32.875,900,2021-09-20 17:55:00,NRIX
32.87,32.91,32.85,32.885,1090,2021-09-20 18:00:00,NRIX
32.88,32.88,32.745,32.745,400,2021-09-20 18:05:00,NRIX
32.625,32.625,32.59,32.59,200,2021-09-20 18:10:00,NRIX
32.65,32.78,32.65,32.78,300,2021-09-20 18:15:00,NRIX
32.705,32.78,32.61,32.625,3085,2021-09-20 18:20:00,NRIX
32.5,32.53,32.42,32.42,700,2021-09-20 18:25:00,NRIX
32.45,32.45,32.375,32.375,980,2021-09-20 18:30:00,NRIX
32.31,32.37,32.22,32.225,2541,2021-09-20 18:35:00,NRIX
32.34,32.35,32.28,32.305,1100,2021-09-20 18:40:00,NRIX
32.28,32.33,32.22,32.22,1875,2021-09-20 18:45:00,NRIX
32.18,32.2,32.1,32.12,1200,2021-09-20 18:50:00,NRIX
32.1,32.165,32.09,32.09,300,2021-09-20 18:55:00,NRIX
32.02,32.1,32.01,32.065,500,2021-09-20 19:00:00,NRIX
32.1,32.1,31.87,31.87,869,2021-09-20 19:05:00,NRIX
31.765,31.765,31.65,31.75,843,2021-09-20 19:10:00,NRIX
31.65,31.7,31.48,31.57,2777,2021-09-20 19:15:00,NRIX
31.51,31.57,31.41,31.49,1603,2021-09-20 19:20:00,NRIX
31.48,31.75,31.48,31.75,3718,2021-09-20 19:25:00,NRIX
31.735,31.95,31.735,31.85,3640,2021-09-20 19:30:00,NRIX
31.83,32.06,31.83,32.035,2960,2021-09-20 19:35:00,NRIX
32.04,32.27,32.0,32.24,5869,2021-09-20 19:40:00,NRIX
32.25,32.3,32.23,32.23,6400,2021-09-20 19:45:00,NRIX
32.27,32.27,32.09,32.09,2360,2021-09-20 19:50:00,NRIX
31.8,32.22,31.8,32.05,7667,2021-09-20 19:55:00,NRIX
32.06,32.06,32.06,32.06,58598,2021-09-20 20:00:00,NRIX
32.29,32.29,32.29,32.29,1303,2021-09-21 13:30:00,NRIX
32.72,33.15,32.72,33.11,400,2021-09-21 13:40:00,NRIX
32.64,33.02,32.57,33.02,3985,2021-09-21 13:45:00,NRIX
33.18,33.18,32.71,32.71,2085,2021-09-21 13:50:00,NRIX
32.84,32.86,32.68,32.68,600,2021-09-21 13:55:00,NRIX
32.86,32.885,32.495,32.5,8926,2021-09-21 14:00:00,NRIX
32.61,32.61,32.38,32.38,800,2021-09-21 14:05:00,NRIX
32.47,32.5,32.3,32.5,1100,2021-09-21 14:10:00,NRIX
32.42,32.65,32.42,32.64,3800,2021-09-21 14:15:00,NRIX
32.675,32.91,32.675,32.91,500,2021-09-21 14:20:00,NRIX
32.75,32.92,32.75,32.87,1200,2021-09-21 14:25:00,NRIX
32.96,33.42,32.96,33.42,500,2021-09-21 14:30:00,NRIX
33.355,33.58,33.355,33.4,800,2021-09-21 14:35:00,NRIX
33.445,33.625,33.445,33.625,1300,2021-09-21 14:40:00,NRIX
33.76,33.76,33.32,33.34,1900,2021-09-21 14:45:00,NRIX
33.34,33.34,33.34,33.34,100,2021-09-21 14:50:00,NRIX
33.37,33.41,33.34,33.41,717,2021-09-21 14:55:00,NRIX
33.62,33.62,33.41,33.485,1100,2021-09-21 15:00:00,NRIX
33.6,33.69,33.6,33.69,400,2021-09-21 15:05:00,NRIX
33.96,34.1,33.96,34.1,800,2021-09-21 15:10:00,NRIX
34.15,34.24,34.145,34.24,318,2021-09-21 15:15:00,NRIX
34.26,34.35,34.25,34.25,300,2021-09-21 15:20:00,NRIX
34.22,34.3,34.22,34.3,200,2021-09-21 15:25:00,NRIX
34.29,34.46,34.23,34.29,2208,2021-09-21 15:30:00,NRIX
34.37,34.37,34.37,34.37,100,2021-09-21 15:35:00,NRIX
34.44,34.44,34.44,34.44,100,2021-09-21 15:40:00,NRIX
34.48,34.48,34.19,34.29,1401,2021-09-21 15:45:00,NRIX
34.23,34.315,34.22,34.315,547,2021-09-21 15:55:00,NRIX
34.42,34.48,34.41,34.48,900,2021-09-21 16:00:00,NRIX
34.5,34.62,34.45,34.59,1300,2021-09-21 16:05:00,NRIX
34.625,34.67,34.61,34.62,1300,2021-09-21 16:10:00,NRIX
34.61,34.63,34.59,34.59,957,2021-09-21 16:15:00,NRIX
34.54,34.55,34.29,34.34,2060,2021-09-21 16:20:00,NRIX
34.24,34.24,34.055,34.055,500,2021-09-21 16:25:00,NRIX
34.05,34.07,33.77,33.77,972,2021-09-21 16:30:00,NRIX
33.83,33.83,33.83,33.83,100,2021-09-21 16:35:00,NRIX
33.975,33.975,33.975,33.975,100,2021-09-21 16:40:00,NRIX
33.92,33.92,33.84,33.84,1300,2021-09-21 16:45:00,NRIX
33.805,33.83,33.78,33.78,2707,2021-09-21 16:50:00,NRIX
33.8,33.94,33.79,33.94,552,2021-09-21 16:55:00,NRIX
33.89,33.97,33.73,33.97,1674,2021-09-21 17:00:00,NRIX
34.0,34.12,34.0,34.035,623,2021-09-21 17:05:00,NRIX
34.02,34.02,34.02,34.02,200,2021-09-21 17:10:00,NRIX
33.965,34.07,33.935,34.07,522,2021-09-21 17:15:00,NRIX
34.065,34.065,33.92,33.94,600,2021-09-21 17:20:00,NRIX
33.94,34.04,33.94,34.04,300,2021-09-21 17:25:00,NRIX
34.05,34.05,34.05,34.05,164,2021-09-21 17:30:00,NRIX
34.08,34.08,33.99,34.04,500,2021-09-21 17:35:00,NRIX
34.12,34.13,34.02,34.04,700,2021-09-21 17:40:00,NRIX
34.04,34.19,34.04,34.19,900,2021-09-21 17:45:00,NRIX
34.19,34.24,34.13,34.13,953,2021-09-21 17:50:00,NRIX
34.095,34.15,34.03,34.125,500,2021-09-21 17:55:00,NRIX
34.18,34.22,34.18,34.2,1211,2021-09-21 18:00:00,NRIX
34.26,34.27,34.25,34.27,1000,2021-09-21 18:05:00,NRIX
34.32,34.32,34.16,34.16,2100,2021-09-21 18:10:00,NRIX
34.22,34.29,34.205,34.29,1825,2021-09-21 18:15:00,NRIX
34.235,34.315,34.21,34.27,1702,2021-09-21 18:20:00,NRIX
34.28,34.3,34.19,34.205,1700,2021-09-21 18:25:00,NRIX
34.23,34.365,34.23,34.365,2079,2021-09-21 18:30:00,NRIX
34.335,34.335,34.31,34.31,200,2021-09-21 18:35:00,NRIX
34.29,34.33,34.29,34.29,1100,2021-09-21 18:40:00,NRIX
34.35,34.35,34.3,34.32,500,2021-09-21 18:45:00,NRIX
34.35,34.5,34.35,34.48,750,2021-09-21 18:50:00,NRIX
34.47,34.48,34.41,34.41,1600,2021-09-21 18:55:00,NRIX
34.42,34.5,34.41,34.41,600,2021-09-21 19:00:00,NRIX
34.41,34.41,34.39,34.39,200,2021-09-21 19:05:00,NRIX
34.3,34.41,34.3,34.41,597,2021-09-21 19:10:00,NRIX
34.5,34.5,34.405,34.405,1395,2021-09-21 19:15:00,NRIX
34.38,34.41,34.38,34.41,1166,2021-09-21 19:20:00,NRIX
34.44,34.44,34.41,34.41,200,2021-09-21 19:25:00,NRIX
34.425,34.58,34.41,34.54,4495,2021-09-21 19:30:00,NRIX
34.57,34.645,34.57,34.64,1469,2021-09-21 19:35:00,NRIX
34.58,34.58,34.44,34.44,3300,2021-09-21 19:40:00,NRIX
34.45,34.455,34.36,34.395,1400,2021-09-21 19:45:00,NRIX
34.41,34.68,34.39,34.665,8102,2021-09-21 19:50:00,NRIX
34.675,34.82,34.63,34.68,18479,2021-09-21 19:55:00,NRIX
34.68,34.68,34.68,34.68,44521,2021-09-21 20:00:00,NRIX
34.85,34.92,34.85,34.92,200,2021-09-22 13:10:00,NRIX
34.79,34.79,34.79,34.79,1837,2021-09-22 13:30:00,NRIX
34.201,34.78,34.201,34.78,300,2021-09-22 13:40:00,NRIX
34.51,34.51,34.51,34.51,200,2021-09-22 13:50:00,NRIX
34.49,34.49,34.25,34.25,1367,2021-09-22 14:00:00,NRIX
34.18,34.18,34.18,34.18,100,2021-09-22 14:10:00,NRIX
34.016,34.62,33.9601,34.31,3949,2021-09-22 14:15:00,NRIX
34.55,34.5895,34.55,34.5895,400,2021-09-22 14:20:00,NRIX
34.74,34.74,34.74,34.74,100,2021-09-22 14:25:00,NRIX
34.71,34.72,34.47,34.47,675,2021-09-22 14:35:00,NRIX
34.5,34.5,34.48,34.48,200,2021-09-22 14:55:00,NRIX
34.285,34.47,34.22,34.27,3382,2021-09-22 15:00:00,NRIX
34.1,34.53,34.1,34.53,2860,2021-09-22 15:05:00,NRIX
34.41,34.54,34.41,34.5182,905,2021-09-22 15:10:00,NRIX
34.48,34.56,34.48,34.56,300,2021-09-22 15:15:00,NRIX
34.53,34.53,34.5,34.5,514,2021-09-22 15:20:00,NRIX
34.505,34.505,34.505,34.505,155,2021-09-22 15:35:00,NRIX
34.56,34.66,34.56,34.64,1285,2021-09-22 16:10:00,NRIX
34.5,34.76,34.5,34.55,3200,2021-09-22 16:15:00,NRIX
34.6,34.72,34.6,34.65,1500,2021-09-22 16:20:00,NRIX
34.52,34.56,34.5,34.56,1089,2021-09-22 16:25:00,NRIX
34.52,34.52,34.52,34.52,100,2021-09-22 16:30:00,NRIX
34.56,34.6,34.56,34.6,300,2021-09-22 16:35:00,NRIX
34.57,34.57,34.57,34.57,200,2021-09-22 16:40:00,NRIX
34.49,34.64,34.49,34.64,200,2021-09-22 16:55:00,NRIX
34.65,34.67,34.65,34.67,200,2021-09-22 17:05:00,NRIX
34.55,34.55,34.51,34.51,548,2021-09-22 17:15:00,NRIX
34.33,34.33,34.33,34.33,100,2021-09-22 17:35:00,NRIX
34.56,34.6,34.4,34.4,1800,2021-09-22 17:45:00,NRIX
34.4895,34.55,34.46,34.55,1710,2021-09-22 17:50:00,NRIX
34.66,34.66,34.66,34.66,700,2021-09-22 17:55:00,NRIX
34.36,34.76,34.36,34.76,600,2021-09-22 18:00:00,NRIX
34.99,35.11,34.97,35.11,1630,2021-09-22 18:15:00,NRIX
34.881,34.9,34.82,34.82,500,2021-09-22 18:20:00,NRIX
34.92,35.1,34.92,35.05,300,2021-09-22 18:25:00,NRIX
34.78,34.78,34.75,34.78,300,2021-09-22 18:35:00,NRIX
34.88,34.88,34.865,34.865,200,2021-09-22 18:40:00,NRIX
34.865,34.94,34.865,34.9,300,2021-09-22 18:45:00,NRIX
34.74,34.925,34.725,34.925,735,2021-09-22 18:50:00,NRIX
34.97,34.98,34.83,34.83,300,2021-09-22 18:55:00,NRIX
34.93,34.94,34.75,34.94,1000,2021-09-22 19:00:00,NRIX
34.86,34.865,34.81,34.865,865,2021-09-22 19:05:00,NRIX
34.88,35.17,34.88,35.15,700,2021-09-22 19:10:00,NRIX
35.14,35.14,35.12,35.12,341,2021-09-22 19:15:00,NRIX
35.03,35.13,35.03,35.13,200,2021-09-22 19:20:00,NRIX
35.18,35.18,35.03,35.1,900,2021-09-22 19:25:00,NRIX
35.13,35.155,35.08,35.08,400,2021-09-22 19:30:00,NRIX
35.08,35.295,35.08,35.11,1779,2021-09-22 19:35:00,NRIX
35.13,35.13,35.04,35.11,400,2021-09-22 19:40:00,NRIX
34.96,35.18,34.96,35.04,1000,2021-09-22 19:45:00,NRIX
35.15,35.15,34.9,35.1,1217,2021-09-22 19:50:00,NRIX
34.99,35.1,34.88,35.02,4500,2021-09-22 19:55:00,NRIX
34.94,34.94,34.94,34.94,16833,2021-09-22 20:00:00,NRIX
35.21,35.21,35.21,35.21,1451,2021-09-23 13:30:00,NRIX
34.87,34.87,34.87,34.87,160,2021-09-23 13:35:00,NRIX
35.23,35.47,35.23,35.47,300,2021-09-23 13:40:00,NRIX
35.33,35.33,35.22,35.22,300,2021-09-23 13:45:00,NRIX
35.24,35.24,35.24,35.24,100,2021-09-23 13:50:00,NRIX
35.33,35.33,34.93,34.93,300,2021-09-23 14:00:00,NRIX
35.13,35.135,35.11,35.11,300,2021-09-23 14:10:00,NRIX
35.19,35.19,35.19,35.19,100,2021-09-23 14:15:00,NRIX
35.105,35.105,35.105,35.105,100,2021-09-23 14:20:00,NRIX
34.51,34.92,34.51,34.92,600,2021-09-23 14:25:00,NRIX
34.865,34.865,34.865,34.865,101,2021-09-23 14:30:00,NRIX
34.855,34.855,34.855,34.855,100,2021-09-23 14:35:00,NRIX
34.855,34.855,34.855,34.855,100,2021-09-23 14:45:00,NRIX
34.855,34.9,34.855,34.9,200,2021-09-23 14:50:00,NRIX
34.85,34.87,34.74,34.74,400,2021-09-23 14:55:00,NRIX
34.8,34.8,34.78,34.79,500,2021-09-23 15:00:00,NRIX
34.79,34.79,34.65,34.65,600,2021-09-23 15:10:00,NRIX
34.65,34.99,34.65,34.76,6709,2021-09-23 15:15:00,NRIX
34.76,34.87,34.63,34.67,2973,2021-09-23 15:20:00,NRIX
34.42,34.42,34.42,34.42,100,2021-09-23 15:25:00,NRIX
34.6,34.6,34.6,34.6,100,2021-09-23 15:30:00,NRIX
34.5001,34.625,34.5001,34.625,200,2021-09-23 15:35:00,NRIX
34.56,34.7,34.56,34.59,300,2021-09-23 15:40:00,NRIX
34.68,34.715,34.57,34.64,3636,2021-09-23 15:45:00,NRIX
34.755,34.8,34.7,34.79,5802,2021-09-23 15:50:00,NRIX
34.8,34.8,34.79,34.79,1400,2021-09-23 16:00:00,NRIX
34.64,34.64,34.64,34.64,100,2021-09-23 16:20:00,NRIX
34.79,34.79,34.64,34.64,200,2021-09-23 16:25:00,NRIX
34.71,34.71,34.5,34.51,300,2021-09-23 16:30:00,NRIX
34.56,34.56,34.56,34.56,100,2021-09-23 16:35:00,NRIX
34.65,34.665,34.56,34.6,1500,2021-09-23 16:40:00,NRIX
34.61,34.77,34.54,34.77,500,2021-09-23 16:45:00,NRIX
34.75,34.75,34.75,34.75,100,2021-09-23 17:00:00,NRIX
34.731,34.75,34.731,34.75,200,2021-09-23 17:05:00,NRIX
34.65,34.65,34.65,34.65,100,2021-09-23 17:20:00,NRIX
34.8,34.8,34.71,34.73,600,2021-09-23 17:25:00,NRIX
34.82,34.82,34.63,34.8,600,2021-09-23 17:30:00,NRIX
34.8,34.82,34.69,34.69,600,2021-09-23 17:35:00,NRIX
34.82,34.82,34.75,34.8,1830,2021-09-23 17:40:00,NRIX
34.765,34.765,34.72,34.72,300,2021-09-23 17:45:00,NRIX
34.77,34.81,34.77,34.77,400,2021-09-23 17:50:00,NRIX
34.81,34.82,34.7118,34.7118,600,2021-09-23 17:55:00,NRIX
34.81,34.81,34.76,34.76,800,2021-09-23 18:00:00,NRIX
34.69,34.69,34.69,34.69,102,2021-09-23 18:05:00,NRIX
34.82,34.82,34.725,34.7994,1300,2021-09-23 18:20:00,NRIX
34.81,34.82,34.785,34.7994,1000,2021-09-23 18:25:00,NRIX
34.8,34.8,34.775,34.79,1400,2021-09-23 18:30:00,NRIX
34.8,34.8,34.8,34.8,100,2021-09-23 18:35:00,NRIX
34.8,34.8,34.8,34.8,630,2021-09-23 18:40:00,NRIX
34.8,34.8,34.76,34.76,940,2021-09-23 18:45:00,NRIX
34.77,34.78,34.77,34.78,200,2021-09-23 18:50:00,NRIX
34.8,34.8,34.76,34.8,400,2021-09-23 18:55:00,NRIX
34.71,34.8,34.71,34.8,455,2021-09-23 19:00:00,NRIX
34.8,34.8,34.77,34.8,400,2021-09-23 19:05:00,NRIX
34.81,34.87,34.78,34.85,8849,2021-09-23 19:10:00,NRIX
34.83,34.83,34.83,34.83,200,2021-09-23 19:15:00,NRIX
34.83,34.86,34.83,34.86,300,2021-09-23 19:20:00,NRIX
34.86,34.86,34.8,34.8,500,2021-09-23 19:25:00,NRIX
34.86,34.87,34.83,34.84,1500,2021-09-23 19:30:00,NRIX
34.85,34.93,34.84,34.89,4100,2021-09-23 19:35:00,NRIX
34.9,35.21,34.88,35.16,7955,2021-09-23 19:40:00,NRIX
35.12,35.25,34.98,35.0,3739,2021-09-23 19:45:00,NRIX
34.86,34.93,34.71,34.74,15441,2021-09-23 19:50:00,NRIX
34.745,34.9,34.68,34.82,19919,2021-09-23 19:55:00,NRIX
34.75,34.75,34.75,34.75,77492,2021-09-23 20:00:00,NRIX
34.52,34.52,34.52,34.52,1578,2021-09-24 13:30:00,NRIX
34.11,34.175,34.11,34.175,500,2021-09-24 13:40:00,NRIX
33.99,33.99,33.97,33.97,200,2021-09-24 13:45:00,NRIX
33.97,33.97,33.84,33.97,600,2021-09-24 13:50:00,NRIX
33.93,33.93,33.93,33.93,100,2021-09-24 13:55:00,NRIX
34.17,34.18,33.985,33.985,500,2021-09-24 14:00:00,NRIX
33.89,33.92,33.89,33.9105,300,2021-09-24 14:05:00,NRIX
33.84,33.855,33.63,33.855,2495,2021-09-24 14:15:00,NRIX
33.75,33.75,33.73,33.75,550,2021-09-24 14:20:00,NRIX
34.13,34.32,34.13,34.32,300,2021-09-24 14:35:00,NRIX
34.21,34.21,34.18,34.18,300,2021-09-24 14:45:00,NRIX
34.21,34.21,34.21,34.21,100,2021-09-24 14:50:00,NRIX
34.2,34.2,34.2,34.2,100,2021-09-24 14:55:00,NRIX
34.09,34.09,33.81,33.95,3868,2021-09-24 15:00:00,NRIX
33.955,34.07,33.83,34.07,3881,2021-09-24 15:05:00,NRIX
34.105,34.105,34.105,34.105,100,2021-09-24 15:10:00,NRIX
34.115,34.115,34.115,34.115,100,2021-09-24 15:15:00,NRIX
33.91,33.91,33.73,33.89,3100,2021-09-24 15:20:00,NRIX
33.77,33.8,33.4,33.4,6393,2021-09-24 15:25:00,NRIX
33.66,33.68,33.4,33.4,2532,2021-09-24 15:30:00,NRIX
33.22,33.53,33.2,33.53,1945,2021-09-24 15:35:00,NRIX
33.52,33.6,33.44,33.525,400,2021-09-24 15:45:00,NRIX
33.605,33.605,33.6,33.6,300,2021-09-24 15:50:00,NRIX
34.15,34.15,33.74,33.74,300,2021-09-24 15:55:00,NRIX
33.675,33.675,33.675,33.675,100,2021-09-24 16:00:00,NRIX
33.64,33.65,33.64,33.65,387,2021-09-24 16:25:00,NRIX
33.61,33.61,33.58,33.58,624,2021-09-24 16:30:00,NRIX
33.53,33.53,33.52,33.52,200,2021-09-24 16:35:00,NRIX
33.39,33.4994,33.39,33.4994,300,2021-09-24 16:40:00,NRIX
33.42,33.45,33.37,33.45,1271,2021-09-24 16:45:00,NRIX
33.45,33.45,33.45,33.45,100,2021-09-24 16:55:00,NRIX
33.5,33.515,33.45,33.515,300,2021-09-24 17:00:00,NRIX
33.58,33.58,33.58,33.58,100,2021-09-24 17:05:00,NRIX
33.65,33.77,33.65,33.66,3398,2021-09-24 17:10:00,NRIX
33.76,33.76,33.76,33.76,200,2021-09-24 17:15:00,NRIX
33.74,33.8464,33.74,33.8464,418,2021-09-24 17:20:00,NRIX
33.51,33.51,33.51,33.51,100,2021-09-24 17:30:00,NRIX
33.57,33.57,33.57,33.57,100,2021-09-24 17:35:00,NRIX
33.43,33.43,33.305,33.305,500,2021-09-24 17:40:00,NRIX
33.34,33.34,33.34,33.34,100,2021-09-24 17:50:00,NRIX
33.3,33.3,33.14,33.235,845,2021-09-24 17:55:00,NRIX
33.215,33.215,33.085,33.12,300,2021-09-24 18:00:00,NRIX
33.21,33.21,33.03,33.03,400,2021-09-24 18:05:00,NRIX
32.935,32.935,32.935,32.935,100,2021-09-24 18:10:00,NRIX
32.98,33.13,32.98,33.0,600,2021-09-24 18:15:00,NRIX
33.15,33.249,33.14,33.185,600,2021-09-24 18:20:00,NRIX
33.26,33.26,33.22,33.22,300,2021-09-24 18:25:00,NRIX
33.37,33.37,33.35,33.35,400,2021-09-24 18:30:00,NRIX
33.35,33.46,33.35,33.46,306,2021-09-24 18:40:00,NRIX
33.35,33.35,33.22,33.29,500,2021-09-24 18:45:00,NRIX
33.2,33.265,33.2,33.235,400,2021-09-24 18:50:00,NRIX
33.2,33.265,33.11,33.265,1200,2021-09-24 19:00:00,NRIX
33.15,33.15,32.995,32.995,300,2021-09-24 19:05:00,NRIX
33.1,33.1,32.92,32.96,600,2021-09-24 19:10:00,NRIX
32.92,33.09,32.92,33.09,300,2021-09-24 19:15:00,NRIX
32.92,33.015,32.92,32.92,300,2021-09-24 19:20:00,NRIX
32.93,32.98,32.93,32.97,300,2021-09-24 19:25:00,NRIX
33.1,33.1,32.985,33.03,500,2021-09-24 19:30:00,NRIX
33.02,33.02,32.885,32.94,1128,2021-09-24 19:35:00,NRIX
32.95,33.005,32.95,33.005,300,2021-09-24 19:40:00,NRIX
33.105,33.19,33.105,33.19,500,2021-09-24 19:45:00,NRIX
33.22,33.29,33.12,33.18,901,2021-09-24 19:50:00,NRIX
33.05,33.05,32.84,32.84,12954,2021-09-24 19:55:00,NRIX
32.85,32.85,32.85,32.85,63897,2021-09-24 20:00:00,NRIX
32.97,32.97,32.02,32.02,4292,2021-09-27 13:30:00,NRIX
32.14,33.25,32.12,32.45,900,2021-09-27 13:35:00,NRIX
32.485,32.485,31.41,31.9,4175,2021-09-27 13:40:00,NRIX
32.0,32.3,32.0,32.02,2400,2021-09-27 13:45:00,NRIX
32.04,32.23,32.04,32.22,3405,2021-09-27 13:50:00,NRIX
32.08,32.33,32.0,32.05,1965,2021-09-27 13:55:00,NRIX
32.05,32.05,32.0,32.0,300,2021-09-27 14:00:00,NRIX
32.0,32.2858,32.0,32.2858,2200,2021-09-27 14:05:00,NRIX
32.25,32.795,32.25,32.795,1980,2021-09-27 14:10:00,NRIX
32.93,33.24,32.93,33.24,904,2021-09-27 14:15:00,NRIX
33.34,33.375,33.23,33.375,900,2021-09-27 14:20:00,NRIX
33.07,33.1,33.07,33.1,200,2021-09-27 14:25:00,NRIX
33.1,33.1,33.06,33.06,200,2021-09-27 14:30:00,NRIX
33.27,33.27,33.06,33.155,300,2021-09-27 14:35:00,NRIX
33.23,33.38,33.23,33.38,2143,2021-09-27 14:40:00,NRIX
33.42,33.61,33.39,33.61,2183,2021-09-27 14:45:00,NRIX
33.6,33.61,33.6,33.6,700,2021-09-27 14:50:00,NRIX
33.565,33.565,33.47,33.47,600,2021-09-27 14:55:00,NRIX
33.32,33.32,33.32,33.32,100,2021-09-27 15:00:00,NRIX
33.32,33.42,33.32,33.33,400,2021-09-27 15:05:00,NRIX
33.33,33.37,33.3,33.355,800,2021-09-27 15:10:00,NRIX
33.29,33.32,33.29,33.32,400,2021-09-27 15:15:00,NRIX
33.34,33.37,33.34,33.37,400,2021-09-27 15:20:00,NRIX
33.22,33.22,33.11,33.11,300,2021-09-27 15:25:00,NRIX
33.22,33.3,33.22,33.3,600,2021-09-27 15:30:00,NRIX
33.23,33.23,33.23,33.23,600,2021-09-27 15:35:00,NRIX
33.095,33.095,32.94,32.94,300,2021-09-27 15:40:00,NRIX
33.02,33.03,33.02,33.03,600,2021-09-27 15:45:00,NRIX
33.0,33.05,32.94,32.94,677,2021-09-27 15:50:00,NRIX
32.94,33.1,32.92,33.01,3376,2021-09-27 15:55:00,NRIX
32.96,32.96,32.96,32.96,200,2021-09-27 16:00:00,NRIX
32.87,32.96,32.78,32.78,1749,2021-09-27 16:05:00,NRIX
32.82,32.83,32.69,32.77,2000,2021-09-27 16:10:00,NRIX
32.7,32.88,32.7,32.8,3200,2021-09-27 16:15:00,NRIX
32.86,32.99,32.86,32.99,600,2021-09-27 16:20:00,NRIX
33.0,33.015,32.95,32.99,500,2021-09-27 16:25:00,NRIX
33.035,33.2,33.035,33.16,1834,2021-09-27 16:30:00,NRIX
33.28,33.28,33.21,33.21,300,2021-09-27 16:35:00,NRIX
33.17,33.17,33.08,33.08,1208,2021-09-27 16:40:00,NRIX
33.05,33.1,33.05,33.065,500,2021-09-27 16:45:00,NRIX
33.01,33.19,33.0,33.18,6291,2021-09-27 16:50:00,NRIX
33.19,33.205,33.13,33.13,1300,2021-09-27 16:55:00,NRIX
33.12,33.24,33.12,33.15,300,2021-09-27 17:00:00,NRIX
33.2,33.215,33.2,33.215,200,2021-09-27 17:05:00,NRIX
33.28,33.4,33.28,33.37,1200,2021-09-27 17:10:00,NRIX
33.43,33.51,33.36,33.425,1692,2021-09-27 17:15:00,NRIX
33.37,33.47,33.37,33.395,2650,2021-09-27 17:20:00,NRIX
33.365,33.365,33.365,33.365,100,2021-09-27 17:25:00,NRIX
33.31,33.34,33.22,33.22,900,2021-09-27 17:30:00,NRIX
33.25,33.25,33.14,33.249,600,2021-09-27 17:35:00,NRIX
33.12,33.165,33.11,33.12,400,2021-09-27 17:40:00,NRIX
33.07,33.075,33.0,33.07,6311,2021-09-27 17:45:00,NRIX
33.1,33.27,33.04,33.27,2300,2021-09-27 17:50:00,NRIX
33.33,33.38,33.28,33.375,600,2021-09-27 17:55:00,NRIX
33.37,33.44,33.37,33.38,300,2021-09-27 18:00:00,NRIX
33.39,33.46,33.325,33.325,600,2021-09-27 18:05:00,NRIX
33.34,33.46,33.34,33.425,700,2021-09-27 18:10:00,NRIX
33.57,33.69,33.56,33.69,1000,2021-09-27 18:15:00,NRIX
33.63,33.93,33.63,33.78,400,2021-09-27 18:20:00,NRIX
33.7,33.87,33.7,33.87,700,2021-09-27 18:25:00,NRIX
34.07,34.07,33.89,33.915,1100,2021-09-27 18:30:00,NRIX
33.98,34.14,33.905,34.14,735,2021-09-27 18:35:00,NRIX
34.13,34.21,33.96,34.21,1076,2021-09-27 18:40:00,NRIX
34.12,34.14,34.12,34.14,200,2021-09-27 18:45:00,NRIX
34.15,34.15,34.0,34.09,500,2021-09-27 18:50:00,NRIX
34.17,34.17,33.92,33.92,2200,2021-09-27 18:55:00,NRIX
33.95,33.95,33.78,33.82,300,2021-09-27 19:00:00,NRIX
33.615,33.75,33.52,33.75,1497,2021-09-27 19:05:00,NRIX
33.66,33.69,33.57,33.63,1500,2021-09-27 19:10:00,NRIX
33.57,33.63,33.49,33.49,6467,2021-09-27 19:15:00,NRIX
33.63,33.74,33.58,33.61,7500,2021-09-27 19:20:00,NRIX
33.6,34.09,33.6,33.965,2505,2021-09-27 19:25:00,NRIX
33.97,34.06,33.97,34.03,300,2021-09-27 19:30:00,NRIX
34.13,34.31,34.13,34.28,1200,2021-09-27 19:35:00,NRIX
34.265,34.265,34.24,34.24,300,2021-09-27 19:40:00,NRIX
34.17,34.29,34.14,34.23,2913,2021-09-27 19:45:00,NRIX
34.24,34.355,34.24,34.28,2600,2021-09-27 19:50:00,NRIX
34.275,34.35,34.17,34.27,5340,2021-09-27 19:55:00,NRIX
34.27,34.27,34.27,34.27,26369,2021-09-27 20:00:00,NRIX
33.3,33.3,33.0,33.0,600,2021-09-28 13:25:00,NRIX
33.0,33.24,32.93,33.0,19182,2021-09-28 13:30:00,NRIX
32.83,33.25,32.79,33.02,2863,2021-09-28 13:35:00,NRIX
33.0,33.0,32.96,32.96,1200,2021-09-28 13:40:00,NRIX
32.73,32.73,32.59,32.72,545,2021-09-28 13:50:00,NRIX
32.76,32.85,32.76,32.85,200,2021-09-28 13:55:00,NRIX
32.81,32.81,32.47,32.77,1712,2021-09-28 14:00:00,NRIX
33.1,33.1,32.74,32.74,700,2021-09-28 14:05:00,NRIX
32.86,32.86,32.86,32.86,100,2021-09-28 14:10:00,NRIX
32.95,32.95,32.95,32.95,100,2021-09-28 14:15:00,NRIX
33.3,33.32,33.3,33.32,300,2021-09-28 14:20:00,NRIX
33.32,33.34,33.15,33.34,1500,2021-09-28 14:25:00,NRIX
33.28,33.28,32.98,32.98,300,2021-09-28 14:30:00,NRIX
33.175,33.175,33.175,33.175,100,2021-09-28 14:35:00,NRIX
33.205,33.28,33.18,33.18,1200,2021-09-28 14:40:00,NRIX
33.25,33.25,33.16,33.16,567,2021-09-28 14:45:00,NRIX
33.19,33.19,33.12,33.12,1099,2021-09-28 14:50:00,NRIX
32.98,33.01,32.98,32.99,1189,2021-09-28 14:55:00,NRIX
32.96,32.96,32.77,32.82,700,2021-09-28 15:00:00,NRIX
32.91,32.91,32.91,32.91,100,2021-09-28 15:10:00,NRIX
32.78,32.89,32.76,32.89,700,2021-09-28 15:15:00,NRIX
33.0,33.01,32.93,32.93,700,2021-09-28 15:25:00,NRIX
33.0,33.0,32.995,32.995,300,2021-09-28 15:30:00,NRIX
32.91,33.0,32.9,33.0,600,2021-09-28 15:35:00,NRIX
32.955,33.01,32.955,33.01,300,2021-09-28 15:40:00,NRIX
32.96,32.96,32.96,32.96,100,2021-09-28 15:45:00,NRIX
33.02,33.05,32.96,32.99,2700,2021-09-28 15:50:00,NRIX
33.05,33.05,33.0,33.0,600,2021-09-28 15:55:00,NRIX
32.96,32.96,32.95,32.95,200,2021-09-28 16:00:00,NRIX
32.96,33.27,32.96,33.27,300,2021-09-28 16:05:00,NRIX
33.105,33.145,33.105,33.145,500,2021-09-28 16:10:00,NRIX
33.16,33.16,33.16,33.16,200,2021-09-28 16:15:00,NRIX
33.02,33.02,33.02,33.02,100,2021-09-28 16:30:00,NRIX
33.13,33.13,32.95,32.95,300,2021-09-28 16:40:00,NRIX
32.92,32.92,32.92,32.92,200,2021-09-28 16:45:00,NRIX
32.88,32.88,32.88,32.88,300,2021-09-28 16:50:00,NRIX
32.84,33.05,32.84,33.05,400,2021-09-28 16:55:00,NRIX
32.86,32.9,32.86,32.88,1275,2021-09-28 17:00:00,NRIX
32.89,32.96,32.88,32.9,1400,2021-09-28 17:05:00,NRIX
32.885,32.885,32.73,32.83,2300,2021-09-28 17:10:00,NRIX
32.74,32.79,32.68,32.71,2300,2021-09-28 17:15:00,NRIX
32.55,32.56,32.54,32.56,1677,2021-09-28 17:20:00,NRIX
32.8,32.8,32.8,32.8,200,2021-09-28 17:25:00,NRIX
32.88,32.88,32.88,32.88,200,2021-09-28 17:30:00,NRIX
32.835,32.9,32.835,32.9,300,2021-09-28 17:35:00,NRIX
32.9,33.055,32.86,32.86,1461,2021-09-28 17:40:00,NRIX
32.84,32.84,32.84,32.84,100,2021-09-28 17:45:00,NRIX
32.84,32.84,32.755,32.84,400,2021-09-28 17:50:00,NRIX
32.695,32.785,32.68,32.68,500,2021-09-28 18:00:00,NRIX
32.695,32.7389,32.695,32.7389,287,2021-09-28 18:05:00,NRIX
32.6,32.64,32.6,32.64,200,2021-09-28 18:10:00,NRIX
32.59,32.735,32.59,32.735,1200,2021-09-28 18:15:00,NRIX
32.61,32.73,32.61,32.73,200,2021-09-28 18:20:00,NRIX
32.745,32.745,32.52,32.52,537,2021-09-28 18:25:00,NRIX
32.5,32.5,32.49,32.49,399,2021-09-28 18:30:00,NRIX
32.45,32.52,32.45,32.52,200,2021-09-28 18:40:00,NRIX
32.53,32.53,32.53,32.53,400,2021-09-28 18:45:00,NRIX
32.46,32.46,32.445,32.445,300,2021-09-28 19:00:00,NRIX
32.53,32.53,32.5,32.5,300,2021-09-28 19:05:00,NRIX
32.43,32.43,32.4,32.4,595,2021-09-28 19:15:00,NRIX
32.4,32.4,32.4,32.4,100,2021-09-28 19:25:00,NRIX
32.39,32.39,32.39,32.39,100,2021-09-28 19:30:00,NRIX
32.47,32.52,32.37,32.4,1200,2021-09-28 19:35:00,NRIX
32.36,32.45,32.36,32.38,1022,2021-09-28 19:40:00,NRIX
32.44,32.44,32.41,32.41,308,2021-09-28 19:45:00,NRIX
32.29,32.34,32.09,32.11,5502,2021-09-28 19:50:00,NRIX
32.18,32.34,32.06,32.34,4431,2021-09-28 19:55:00,NRIX
32.23,32.23,32.23,32.23,34517,2021-09-28 20:00:00,NRIX
32.35,32.39,31.52,31.95,8389,2021-09-29 13:30:00,NRIX
31.95,31.95,31.95,31.95,100,2021-09-29 13:40:00,NRIX
31.755,31.755,31.755,31.755,100,2021-09-29 13:45:00,NRIX
31.78,31.87,31.43,31.43,2400,2021-09-29 13:50:00,NRIX
31.46,31.685,31.21,31.415,3910,2021-09-29 13:55:00,NRIX
31.43,31.43,31.43,31.43,400,2021-09-29 14:00:00,NRIX
31.33,31.33,30.81,30.81,1238,2021-09-29 14:10:00,NRIX
30.835,31.04,30.65,30.955,400,2021-09-29 14:15:00,NRIX
30.84,30.84,30.82,30.82,200,2021-09-29 14:20:00,NRIX
30.78,30.78,30.78,30.78,100,2021-09-29 14:25:00,NRIX
30.72,30.73,30.51,30.601,800,2021-09-29 14:30:00,NRIX
30.75,30.95,30.75,30.82,600,2021-09-29 14:35:00,NRIX
30.75,30.75,30.75,30.75,300,2021-09-29 14:40:00,NRIX
30.75,30.89,30.7,30.79,2500,2021-09-29 14:45:00,NRIX
30.785,30.785,30.37,30.52,13950,2021-09-29 14:50:00,NRIX
30.565,30.565,30.37,30.38,3224,2021-09-29 14:55:00,NRIX
30.375,30.375,30.31,30.31,705,2021-09-29 15:00:00,NRIX
30.36,30.38,30.34,30.34,400,2021-09-29 15:05:00,NRIX
30.435,30.435,30.25,30.26,700,2021-09-29 15:10:00,NRIX
30.21,30.25,30.2,30.25,400,2021-09-29 15:15:00,NRIX
30.29,30.29,30.25,30.26,400,2021-09-29 15:20:00,NRIX
30.25,30.25,29.9,30.02,3663,2021-09-29 15:25:00,NRIX
30.015,30.0962,30.015,30.015,400,2021-09-29 15:30:00,NRIX
30.0,30.0,29.89,29.89,300,2021-09-29 15:35:00,NRIX
29.9767,30.015,29.895,30.015,3050,2021-09-29 15:40:00,NRIX
30.02,30.11,29.92,29.97,3120,2021-09-29 15:45:00,NRIX
30.01,30.1,29.98,30.1,9700,2021-09-29 15:50:00,NRIX
30.15,30.71,30.11,30.71,1600,2021-09-29 15:55:00,NRIX
30.69,30.69,30.615,30.635,400,2021-09-29 16:00:00,NRIX
30.57,30.59,30.49,30.51,1000,2021-09-29 16:05:00,NRIX
30.44,30.44,30.44,30.44,100,2021-09-29 16:10:00,NRIX
30.41,30.41,30.28,30.32,1000,2021-09-29 16:15:00,NRIX
30.32,30.32,30.12,30.14,1188,2021-09-29 16:20:00,NRIX
30.21,30.21,30.09,30.09,1000,2021-09-29 16:30:00,NRIX
30.175,30.33,30.175,30.29,500,2021-09-29 16:35:00,NRIX
30.33,30.33,30.22,30.22,300,2021-09-29 16:40:00,NRIX
30.25,30.25,30.23,30.23,200,2021-09-29 16:45:00,NRIX
30.235,30.235,30.14,30.235,300,2021-09-29 16:50:00,NRIX
30.16,30.315,30.16,30.245,500,2021-09-29 17:00:00,NRIX
30.22,30.22,30.04,30.16,2477,2021-09-29 17:05:00,NRIX
30.185,30.2,30.185,30.19,300,2021-09-29 17:10:00,NRIX
30.24,30.24,30.16,30.16,1800,2021-09-29 17:15:00,NRIX
30.205,30.265,30.205,30.265,500,2021-09-29 17:20:00,NRIX
30.26,30.35,30.26,30.35,800,2021-09-29 17:25:00,NRIX
30.295,30.295,30.295,30.295,600,2021-09-29 17:30:00,NRIX
30.29,30.29,30.18,30.26,1400,2021-09-29 17:35:00,NRIX
30.22,30.28,30.18,30.18,1094,2021-09-29 17:40:00,NRIX
30.18,30.18,30.09,30.09,600,2021-09-29 17:45:00,NRIX
30.1,30.21,30.1,30.21,800,2021-09-29 17:50:00,NRIX
30.24,30.24,30.11,30.13,500,2021-09-29 18:00:00,NRIX
30.22,30.31,30.22,30.28,1100,2021-09-29 18:05:00,NRIX
30.32,30.38,30.26,30.26,2300,2021-09-29 18:10:00,NRIX
30.345,30.45,30.32,30.44,2200,2021-09-29 18:15:00,NRIX
30.44,30.59,30.44,30.539,1200,2021-09-29 18:20:00,NRIX
30.48,30.56,30.47,30.47,2100,2021-09-29 18:25:00,NRIX
30.48,30.51,30.37,30.41,1500,2021-09-29 18:30:00,NRIX
30.445,30.445,30.305,30.305,500,2021-09-29 18:35:00,NRIX
30.21,30.285,30.21,30.285,300,2021-09-29 18:40:00,NRIX
30.29,30.385,30.26,30.385,2700,2021-09-29 18:45:00,NRIX
30.37,30.38,30.37,30.38,600,2021-09-29 18:50:00,NRIX
30.31,30.369,30.31,30.369,300,2021-09-29 18:55:00,NRIX
30.37,30.37,30.21,30.21,1000,2021-09-29 19:00:00,NRIX
30.29,30.29,30.26,30.28,600,2021-09-29 19:05:00,NRIX
30.27,30.27,30.22,30.27,400,2021-09-29 19:10:00,NRIX
30.22,30.22,30.06,30.06,2100,2021-09-29 19:15:00,NRIX
29.99,30.01,29.91,29.91,1300,2021-09-29 19:20:00,NRIX
29.91,29.91,29.85,29.85,1296,2021-09-29 19:25:00,NRIX
29.77,29.79,29.665,29.72,1800,2021-09-29 19:30:00,NRIX
29.685,29.685,29.49,29.51,1400,2021-09-29 19:35:00,NRIX
29.5,29.5,29.44,29.44,900,2021-09-29 19:40:00,NRIX
29.365,29.54,29.365,29.45,1100,2021-09-29 19:45:00,NRIX
29.42,29.53,29.31,29.53,4336,2021-09-29 19:50:00,NRIX
29.485,29.63,29.38,29.52,7531,2021-09-29 19:55:00,NRIX
29.48,29.48,29.48,29.48,27850,2021-09-29 20:00:00,NRIX
29.8,30.07,29.51,29.51,4974,2021-09-30 13:30:00,NRIX
29.96,29.96,29.96,29.96,400,2021-09-30 13:40:00,NRIX
30.0564,30.0564,30.0549,30.0549,332,2021-09-30 13:45:00,NRIX
30.19,30.21,30.19,30.21,400,2021-09-30 13:50:00,NRIX
30.35,30.35,30.35,30.35,100,2021-09-30 14:00:00,NRIX
30.16,30.16,30.005,30.13,7721,2021-09-30 14:05:00,NRIX
30.14,30.16,30.065,30.11,900,2021-09-30 14:10:00,NRIX
30.2,30.2,29.94,29.94,818,2021-09-30 14:15:00,NRIX
29.815,30.04,29.815,29.83,700,2021-09-30 14:20:00,NRIX
29.83,29.97,29.78,29.92,900,2021-09-30 14:30:00,NRIX
29.97,30.09,29.97,30.09,1000,2021-09-30 14:35:00,NRIX
30.07,30.07,30.04,30.04,300,2021-09-30 14:40:00,NRIX
30.16,30.16,30.1,30.12,1800,2021-09-30 14:50:00,NRIX
30.01,30.08,29.95,30.0,1200,2021-09-30 14:55:00,NRIX
29.945,30.04,29.945,30.01,700,2021-09-30 15:00:00,NRIX
29.97,30.0,29.97,30.0,400,2021-09-30 15:05:00,NRIX
29.995,29.995,29.92,29.92,300,2021-09-30 15:10:00,NRIX
29.92,29.93,29.92,29.93,400,2021-09-30 15:15:00,NRIX
30.08,30.1,30.065,30.1,900,2021-09-30 15:25:00,NRIX
30.12,30.12,30.06,30.06,600,2021-09-30 15:30:00,NRIX
30.0,30.04,29.99,30.025,3500,2021-09-30 15:35:00,NRIX
30.08,30.22,30.08,30.22,2300,2021-09-30 15:40:00,NRIX
30.145,30.17,29.92,30.11,14100,2021-09-30 15:45:00,NRIX
30.03,30.12,30.03,30.12,600,2021-09-30 15:50:00,NRIX
30.13,30.39,30.13,30.39,1751,2021-09-30 15:55:00,NRIX
30.4,30.46,30.37,30.46,729,2021-09-30 16:00:00,NRIX
30.31,30.335,30.23,30.32,1100,2021-09-30 16:05:00,NRIX
30.345,30.345,30.345,30.345,100,2021-09-30 16:10:00,NRIX
30.4,30.43,30.4,30.43,700,2021-09-30 16:15:00,NRIX
30.44,30.5,30.44,30.5,500,2021-09-30 16:20:00,NRIX
30.5,30.76,30.5,30.76,1000,2021-09-30 16:25:00,NRIX
30.55,30.55,30.45,30.45,2305,2021-09-30 16:30:00,NRIX
30.495,30.495,30.43,30.495,746,2021-09-30 16:35:00,NRIX
30.49,30.49,30.3,30.3,1800,2021-09-30 16:40:00,NRIX
30.21,30.21,30.2,30.2,200,2021-09-30 16:45:00,NRIX
30.27,30.27,30.19,30.19,200,2021-09-30 16:50:00,NRIX
30.18,30.18,30.09,30.145,1200,2021-09-30 16:55:00,NRIX
30.23,30.29,30.23,30.29,980,2021-09-30 17:00:00,NRIX
30.35,30.38,30.315,30.315,1900,2021-09-30 17:05:00,NRIX
30.38,30.49,30.33,30.49,600,2021-09-30 17:10:00,NRIX
30.33,30.4,30.33,30.4,800,2021-09-30 17:15:00,NRIX
30.42,30.43,30.42,30.43,200,2021-09-30 17:20:00,NRIX
30.28,30.28,30.265,30.265,300,2021-09-30 17:30:00,NRIX
30.33,30.33,30.29,30.3,500,2021-09-30 17:35:00,NRIX
30.3,30.3,30.26,30.26,749,2021-09-30 17:40:00,NRIX
30.21,30.28,30.21,30.28,300,2021-09-30 17:45:00,NRIX
30.27,30.27,30.205,30.24,1400,2021-09-30 17:50:00,NRIX
30.215,30.43,30.215,30.43,1200,2021-09-30 18:00:00,NRIX
30.48,30.84,30.48,30.84,900,2021-09-30 18:05:00,NRIX
30.74,30.75,30.66,30.66,500,2021-09-30 18:10:00,NRIX
30.63,30.64,30.52,30.52,1100,2021-09-30 18:15:00,NRIX
30.515,30.515,30.45,30.46,600,2021-09-30 18:20:00,NRIX
30.32,30.38,30.31,30.38,400,2021-09-30 18:25:00,NRIX
30.44,30.44,30.39,30.39,800,2021-09-30 18:30:00,NRIX
30.3975,30.3975,30.19,30.265,900,2021-09-30 18:35:00,NRIX
30.295,30.295,30.23,30.23,400,2021-09-30 18:40:00,NRIX
30.235,30.27,30.235,30.245,300,2021-09-30 18:45:00,NRIX
30.3,30.3,30.24,30.24,300,2021-09-30 18:50:00,NRIX
30.19,30.21,30.19,30.2,1100,2021-09-30 18:55:00,NRIX
30.195,30.27,30.115,30.115,1701,2021-09-30 19:00:00,NRIX
30.18,30.28,30.135,30.28,2372,2021-09-30 19:05:00,NRIX
30.32,30.4,30.32,30.32,1400,2021-09-30 19:10:00,NRIX
30.39,30.39,30.35,30.35,200,2021-09-30 19:15:00,NRIX
30.23,30.24,30.23,30.24,838,2021-09-30 19:20:00,NRIX
30.16,30.275,30.16,30.26,1700,2021-09-30 19:25:00,NRIX
30.21,30.3,30.21,30.21,1106,2021-09-30 19:30:00,NRIX
30.27,30.31,30.24,30.24,900,2021-09-30 19:35:00,NRIX
30.26,30.27,30.08,30.18,2115,2021-09-30 19:40:00,NRIX
30.19,30.205,30.1,30.205,1600,2021-09-30 19:45:00,NRIX
30.14,30.21,29.48,29.48,53835,2021-09-30 19:50:00,NRIX
29.565,30.03,29.565,29.97,40671,2021-09-30 19:55:00,NRIX
29.96,29.96,29.96,29.96,101801,2021-09-30 20:00:00,NRIX
