open,high,low,close,volume,datetime,symbol
3.15,3.15,3.15,3.15,400,2021-09-01 12:20:00,QTNT
3.14,3.14,3.14,3.14,100,2021-09-01 13:00:00,QTNT
3.14,3.14,3.14,3.14,1378,2021-09-01 13:25:00,QTNT
3.07,3.14,3.07,3.08,23149,2021-09-01 13:30:00,QTNT
3.07,3.1,3.05,3.1,18465,2021-09-01 13:35:00,QTNT
3.1,3.14,3.1,3.12,6668,2021-09-01 13:40:00,QTNT
3.12,3.125,3.08,3.08,10300,2021-09-01 13:45:00,QTNT
3.08,3.09,3.075,3.09,4741,2021-09-01 13:50:00,QTNT
3.09,3.09,3.05,3.05,2170,2021-09-01 13:55:00,QTNT
3.06,3.08,3.05,3.07,5010,2021-09-01 14:00:00,QTNT
3.065,3.065,3.055,3.06,2400,2021-09-01 14:05:00,QTNT
3.06,3.085,3.058,3.085,7145,2021-09-01 14:10:00,QTNT
3.08,3.08,3.06,3.06,6031,2021-09-01 14:15:00,QTNT
3.07,3.07,3.07,3.07,500,2021-09-01 14:20:00,QTNT
3.07,3.08,3.07,3.08,1200,2021-09-01 14:25:00,QTNT
3.07,3.085,3.06,3.085,17457,2021-09-01 14:30:00,QTNT
3.09,3.095,3.09,3.095,11175,2021-09-01 14:35:00,QTNT
3.095,3.095,3.075,3.075,3951,2021-09-01 14:40:00,QTNT
3.075,3.075,3.07,3.07,3735,2021-09-01 14:45:00,QTNT
3.07,3.07,3.065,3.07,1900,2021-09-01 14:50:00,QTNT
3.06,3.06,3.055,3.06,2967,2021-09-01 14:55:00,QTNT
3.05,3.05,3.04,3.05,4369,2021-09-01 15:00:00,QTNT
3.04,3.045,3.04,3.04,843,2021-09-01 15:05:00,QTNT
3.04,3.055,3.035,3.055,7057,2021-09-01 15:10:00,QTNT
3.055,3.055,3.05,3.05,400,2021-09-01 15:15:00,QTNT
3.0501,3.0501,3.05,3.05,400,2021-09-01 15:20:00,QTNT
3.06,3.06,3.05,3.06,5531,2021-09-01 15:25:00,QTNT
3.06,3.07,3.055,3.065,4930,2021-09-01 15:30:00,QTNT
3.065,3.07,3.065,3.065,2908,2021-09-01 15:35:00,QTNT
3.065,3.075,3.06,3.065,6186,2021-09-01 15:40:00,QTNT
3.065,3.08,3.06,3.075,8567,2021-09-01 15:45:00,QTNT
3.08,3.08,3.075,3.075,2700,2021-09-01 15:50:00,QTNT
3.08,3.08,3.07,3.08,1600,2021-09-01 15:55:00,QTNT
3.08,3.08,3.07,3.08,1200,2021-09-01 16:00:00,QTNT
3.075,3.088,3.07,3.08,22086,2021-09-01 16:05:00,QTNT
3.08,3.08,3.055,3.055,12295,2021-09-01 16:10:00,QTNT
3.055,3.055,3.05,3.055,10129,2021-09-01 16:15:00,QTNT
3.055,3.065,3.055,3.065,1853,2021-09-01 16:20:00,QTNT
3.065,3.075,3.06,3.075,4939,2021-09-01 16:25:00,QTNT
3.08,3.08,3.075,3.08,3014,2021-09-01 16:30:00,QTNT
3.08,3.08,3.06,3.06,4091,2021-09-01 16:35:00,QTNT
3.06,3.062,3.06,3.062,300,2021-09-01 16:40:00,QTNT
3.06,3.07,3.06,3.07,300,2021-09-01 16:45:00,QTNT
3.07,3.07,3.06,3.065,3000,2021-09-01 16:50:00,QTNT
3.07,3.07,3.06,3.07,1271,2021-09-01 16:55:00,QTNT
3.07,3.07,3.06,3.06,1100,2021-09-01 17:00:00,QTNT
3.06,3.07,3.04,3.04,11386,2021-09-01 17:05:00,QTNT
3.04,3.045,3.03,3.03,4656,2021-09-01 17:10:00,QTNT
3.04,3.04,3.04,3.04,2140,2021-09-01 17:15:00,QTNT
3.0499,3.05,3.04,3.045,11400,2021-09-01 17:20:00,QTNT
3.05,3.06,3.03,3.03,10537,2021-09-01 17:25:00,QTNT
3.0321,3.0321,3.0321,3.0321,750,2021-09-01 17:30:00,QTNT
3.03,3.04,3.03,3.04,800,2021-09-01 17:35:00,QTNT
3.035,3.07,3.035,3.06,12669,2021-09-01 17:40:00,QTNT
3.07,3.08,3.07,3.08,900,2021-09-01 17:45:00,QTNT
3.08,3.08,3.075,3.075,1100,2021-09-01 17:50:00,QTNT
3.08,3.08,3.065,3.065,3413,2021-09-01 17:55:00,QTNT
3.065,3.065,3.04,3.04,4638,2021-09-01 18:00:00,QTNT
3.0499,3.0499,3.0499,3.0499,136,2021-09-01 18:05:00,QTNT
3.04,3.04,3.02,3.025,12573,2021-09-01 18:15:00,QTNT
3.02,3.02,3.01,3.0168,2570,2021-09-01 18:20:00,QTNT
3.01,3.015,3.01,3.01,567,2021-09-01 18:25:00,QTNT
3.02,3.03,3.02,3.025,2361,2021-09-01 18:30:00,QTNT
3.02,3.03,3.0,3.03,21662,2021-09-01 18:35:00,QTNT
3.03,3.03,3.025,3.025,1065,2021-09-01 18:40:00,QTNT
3.03,3.03,3.01,3.01,8366,2021-09-01 18:45:00,QTNT
3.015,3.0196,3.01,3.01,3200,2021-09-01 18:50:00,QTNT
3.01,3.01,3.0,3.005,8353,2021-09-01 18:55:00,QTNT
3.005,3.01,3.005,3.01,3721,2021-09-01 19:00:00,QTNT
3.005,3.005,3.005,3.005,238,2021-09-01 19:05:00,QTNT
3.0,3.005,3.0,3.005,2975,2021-09-01 19:10:00,QTNT
3.005,3.01,3.0,3.0,1000,2021-09-01 19:15:00,QTNT
3.005,3.01,3.0,3.005,1503,2021-09-01 19:20:00,QTNT
3.0,3.01,3.0,3.0,2100,2021-09-01 19:25:00,QTNT
3.0,3.01,2.98,2.985,10108,2021-09-01 19:30:00,QTNT
2.98,3.005,2.98,3.0,10333,2021-09-01 19:35:00,QTNT
3.0,3.005,3.0,3.0,3809,2021-09-01 19:40:00,QTNT
3.0,3.005,3.0,3.0,8765,2021-09-01 19:45:00,QTNT
2.995,3.0,2.99,2.99,12857,2021-09-01 19:50:00,QTNT
2.99,3.0,2.98,2.99,25459,2021-09-01 19:55:00,QTNT
2.99,2.99,2.99,2.99,25705,2021-09-01 20:00:00,QTNT
2.99,2.99,2.99,2.99,500,2021-09-01 20:50:00,QTNT
2.99,2.99,2.99,2.99,200,2021-09-01 21:25:00,QTNT
2.99,2.99,2.99,2.99,1111,2021-09-01 21:30:00,QTNT
2.98,2.98,2.98,2.98,500,2021-09-01 23:10:00,QTNT
3.0,3.01,2.99,2.99,7257,2021-09-02 13:30:00,QTNT
2.99,3.0,2.98,2.99,20446,2021-09-02 13:35:00,QTNT
3.0,3.0,2.98,2.98,17313,2021-09-02 13:40:00,QTNT
2.97,2.98,2.94,2.95,9038,2021-09-02 13:45:00,QTNT
2.95,2.955,2.93,2.955,10435,2021-09-02 13:50:00,QTNT
2.955,2.97,2.955,2.96,2400,2021-09-02 13:55:00,QTNT
2.96,2.965,2.96,2.96,1600,2021-09-02 14:00:00,QTNT
2.95,2.9568,2.93,2.93,9765,2021-09-02 14:05:00,QTNT
2.93,2.94,2.915,2.915,4031,2021-09-02 14:10:00,QTNT
2.92,2.925,2.91,2.915,4953,2021-09-02 14:15:00,QTNT
2.91,2.91,2.91,2.91,1799,2021-09-02 14:20:00,QTNT
2.9,2.9099,2.9,2.9,2400,2021-09-02 14:25:00,QTNT
2.91,2.94,2.9,2.935,8690,2021-09-02 14:30:00,QTNT
2.94,2.95,2.94,2.95,757,2021-09-02 14:35:00,QTNT
2.945,2.97,2.945,2.955,16888,2021-09-02 14:40:00,QTNT
2.9521,2.96,2.9501,2.96,2199,2021-09-02 14:45:00,QTNT
2.95,2.9599,2.95,2.955,601,2021-09-02 14:50:00,QTNT
2.95,2.955,2.945,2.95,1700,2021-09-02 14:55:00,QTNT
2.95,2.98,2.95,2.98,11506,2021-09-02 15:00:00,QTNT
2.98,2.98,2.975,2.975,2260,2021-09-02 15:05:00,QTNT
2.975,2.98,2.97,2.97,1700,2021-09-02 15:10:00,QTNT
2.98,2.98,2.9701,2.975,1400,2021-09-02 15:15:00,QTNT
2.98,2.99,2.98,2.985,7106,2021-09-02 15:20:00,QTNT
2.985,2.985,2.985,2.985,200,2021-09-02 15:25:00,QTNT
2.985,2.985,2.985,2.985,100,2021-09-02 15:30:00,QTNT
2.98,2.985,2.975,2.98,5765,2021-09-02 15:35:00,QTNT
2.975,2.975,2.975,2.975,293,2021-09-02 15:45:00,QTNT
2.97,2.97,2.97,2.97,300,2021-09-02 15:50:00,QTNT
2.97,2.975,2.965,2.975,10600,2021-09-02 15:55:00,QTNT
2.98,3.01,2.98,3.01,18648,2021-09-02 16:00:00,QTNT
3.005,3.01,3.005,3.01,1600,2021-09-02 16:05:00,QTNT
3.01,3.02,3.01,3.02,7749,2021-09-02 16:10:00,QTNT
3.02,3.03,3.015,3.015,4777,2021-09-02 16:15:00,QTNT
3.02,3.03,3.02,3.025,1200,2021-09-02 16:20:00,QTNT
3.025,3.03,3.025,3.03,400,2021-09-02 16:25:00,QTNT
3.03,3.03,3.03,3.03,100,2021-09-02 16:30:00,QTNT
3.03,3.03,3.025,3.03,5617,2021-09-02 16:35:00,QTNT
3.025,3.04,3.025,3.035,1467,2021-09-02 16:40:00,QTNT
3.035,3.04,3.035,3.04,200,2021-09-02 16:45:00,QTNT
3.04,3.04,3.04,3.04,1368,2021-09-02 16:50:00,QTNT
3.035,3.035,3.03,3.035,606,2021-09-02 16:55:00,QTNT
3.035,3.035,3.035,3.035,200,2021-09-02 17:00:00,QTNT
3.035,3.06,3.03,3.06,12895,2021-09-02 17:05:00,QTNT
3.06,3.06,3.0476,3.0476,2682,2021-09-02 17:10:00,QTNT
3.045,3.05,3.045,3.045,1000,2021-09-02 17:15:00,QTNT
3.05,3.06,3.05,3.055,2003,2021-09-02 17:20:00,QTNT
3.055,3.055,3.05,3.05,600,2021-09-02 17:25:00,QTNT
3.055,3.0599,3.055,3.0599,826,2021-09-02 17:30:00,QTNT
3.06,3.06,3.055,3.06,775,2021-09-02 17:35:00,QTNT
3.06,3.07,3.06,3.06,4401,2021-09-02 17:40:00,QTNT
3.065,3.07,3.065,3.07,200,2021-09-02 17:45:00,QTNT
3.065,3.065,3.045,3.06,5164,2021-09-02 17:50:00,QTNT
3.0563,3.0563,3.05,3.05,1423,2021-09-02 17:55:00,QTNT
3.055,3.06,3.05,3.05,51220,2021-09-02 18:00:00,QTNT
3.055,3.07,3.045,3.045,9900,2021-09-02 18:05:00,QTNT
3.045,3.055,3.045,3.05,2758,2021-09-02 18:10:00,QTNT
3.05,3.055,3.05,3.055,9746,2021-09-02 18:15:00,QTNT
3.05,3.05,3.035,3.04,5748,2021-09-02 18:20:00,QTNT
3.035,3.04,3.01,3.04,8857,2021-09-02 18:25:00,QTNT
3.035,3.04,3.035,3.035,1100,2021-09-02 18:30:00,QTNT
3.04,3.04,3.035,3.035,2900,2021-09-02 18:35:00,QTNT
3.035,3.04,3.035,3.039,791,2021-09-02 18:40:00,QTNT
3.038,3.04,3.03,3.03,1338,2021-09-02 18:45:00,QTNT
3.039,3.039,3.03,3.03,4971,2021-09-02 18:50:00,QTNT
3.03,3.04,3.03,3.03,1161,2021-09-02 18:55:00,QTNT
3.025,3.03,3.02,3.02,3475,2021-09-02 19:00:00,QTNT
3.025,3.03,3.02,3.03,972,2021-09-02 19:05:00,QTNT
3.029,3.03,3.025,3.03,5372,2021-09-02 19:10:00,QTNT
3.025,3.03,3.025,3.03,768,2021-09-02 19:15:00,QTNT
3.03,3.04,3.03,3.04,1841,2021-09-02 19:20:00,QTNT
3.04,3.04,3.03,3.03,1894,2021-09-02 19:25:00,QTNT
3.03,3.04,3.02,3.04,12399,2021-09-02 19:30:00,QTNT
3.04,3.04,3.035,3.04,2700,2021-09-02 19:35:00,QTNT
3.04,3.06,3.035,3.06,6410,2021-09-02 19:40:00,QTNT
3.055,3.06,3.045,3.05,23190,2021-09-02 19:45:00,QTNT
3.045,3.05,3.04,3.045,7638,2021-09-02 19:50:00,QTNT
3.045,3.05,3.03,3.03,23223,2021-09-02 19:55:00,QTNT
3.04,3.04,3.04,3.04,28483,2021-09-02 20:00:00,QTNT
2.8539,3.1,2.8539,3.03,7877,2021-09-03 13:30:00,QTNT
3.035,3.045,3.03,3.035,1765,2021-09-03 13:35:00,QTNT
3.03,3.055,3.005,3.055,8453,2021-09-03 13:40:00,QTNT
3.08,3.12,3.07,3.115,20199,2021-09-03 13:45:00,QTNT
3.115,3.115,3.09,3.1,1839,2021-09-03 13:50:00,QTNT
3.1,3.105,3.1,3.105,2300,2021-09-03 13:55:00,QTNT
3.11,3.17,3.11,3.155,29191,2021-09-03 14:00:00,QTNT
3.155,3.155,3.12,3.13,18959,2021-09-03 14:05:00,QTNT
3.1259,3.1263,3.125,3.125,3730,2021-09-03 14:10:00,QTNT
3.13,3.1575,3.13,3.155,15138,2021-09-03 14:15:00,QTNT
3.15,3.15,3.12,3.145,11647,2021-09-03 14:20:00,QTNT
3.145,3.145,3.14,3.145,3380,2021-09-03 14:25:00,QTNT
3.145,3.15,3.145,3.145,1300,2021-09-03 14:30:00,QTNT
3.1499,3.1599,3.145,3.1475,14834,2021-09-03 14:35:00,QTNT
3.145,3.145,3.145,3.145,600,2021-09-03 14:40:00,QTNT
3.145,3.145,3.1417,3.145,7300,2021-09-03 14:45:00,QTNT
3.145,3.1475,3.145,3.145,1368,2021-09-03 14:50:00,QTNT
3.145,3.1475,3.14,3.145,2120,2021-09-03 14:55:00,QTNT
3.145,3.1775,3.13,3.17,27790,2021-09-03 15:00:00,QTNT
3.17,3.17,3.14,3.14,7945,2021-09-03 15:05:00,QTNT
3.14,3.14,3.14,3.14,300,2021-09-03 15:10:00,QTNT
3.15,3.15,3.15,3.15,500,2021-09-03 15:15:00,QTNT
3.15,3.15,3.15,3.15,900,2021-09-03 15:20:00,QTNT
3.145,3.1802,3.145,3.17,22046,2021-09-03 15:25:00,QTNT
3.17,3.17,3.165,3.165,200,2021-09-03 15:30:00,QTNT
3.17,3.17,3.17,3.17,500,2021-09-03 15:35:00,QTNT
3.165,3.175,3.165,3.175,7672,2021-09-03 15:40:00,QTNT
3.1775,3.1775,3.175,3.175,700,2021-09-03 15:45:00,QTNT
3.18,3.185,3.1503,3.16,17930,2021-09-03 15:50:00,QTNT
3.16,3.17,3.16,3.17,840,2021-09-03 15:55:00,QTNT
3.175,3.175,3.165,3.165,11470,2021-09-03 16:00:00,QTNT
3.165,3.165,3.165,3.165,300,2021-09-03 16:05:00,QTNT
3.165,3.17,3.165,3.17,2620,2021-09-03 16:10:00,QTNT
3.18,3.18,3.14,3.14,14936,2021-09-03 16:15:00,QTNT
3.15,3.16,3.15,3.16,2500,2021-09-03 16:20:00,QTNT
3.16,3.16,3.16,3.16,200,2021-09-03 16:25:00,QTNT
3.16,3.16,3.16,3.16,399,2021-09-03 16:30:00,QTNT
3.17,3.17,3.165,3.165,8786,2021-09-03 16:35:00,QTNT
3.16,3.1602,3.155,3.16,12957,2021-09-03 16:40:00,QTNT
3.155,3.16,3.155,3.16,400,2021-09-03 16:45:00,QTNT
3.155,3.16,3.15,3.15,1162,2021-09-03 16:50:00,QTNT
3.155,3.155,3.15,3.15,300,2021-09-03 16:55:00,QTNT
3.16,3.165,3.155,3.16,24104,2021-09-03 17:00:00,QTNT
3.15,3.16,3.15,3.155,800,2021-09-03 17:05:00,QTNT
3.155,3.155,3.15,3.15,935,2021-09-03 17:10:00,QTNT
3.16,3.16,3.155,3.16,500,2021-09-03 17:15:00,QTNT
3.16,3.17,3.16,3.165,5710,2021-09-03 17:20:00,QTNT
3.16,3.16,3.16,3.16,300,2021-09-03 17:25:00,QTNT
3.165,3.17,3.16,3.17,2362,2021-09-03 17:30:00,QTNT
3.165,3.165,3.165,3.165,400,2021-09-03 17:35:00,QTNT
3.17,3.17,3.16,3.1692,2773,2021-09-03 17:40:00,QTNT
3.1602,3.1602,3.155,3.155,14798,2021-09-03 17:45:00,QTNT
3.16,3.16,3.15,3.15,1400,2021-09-03 17:50:00,QTNT
3.15,3.1502,3.145,3.15,4946,2021-09-03 17:55:00,QTNT
3.14,3.14,3.14,3.14,300,2021-09-03 18:00:00,QTNT
3.14,3.15,3.1,3.105,39990,2021-09-03 18:05:00,QTNT
3.11,3.12,3.105,3.12,2220,2021-09-03 18:10:00,QTNT
3.12,3.16,3.12,3.15,12335,2021-09-03 18:15:00,QTNT
3.145,3.145,3.14,3.14,454,2021-09-03 18:20:00,QTNT
3.14,3.14,3.14,3.14,668,2021-09-03 18:25:00,QTNT
3.14,3.14,3.12,3.125,21961,2021-09-03 18:30:00,QTNT
3.13,3.14,3.13,3.14,2117,2021-09-03 18:35:00,QTNT
3.13,3.14,3.13,3.13,1567,2021-09-03 18:40:00,QTNT
3.13,3.14,3.13,3.135,1798,2021-09-03 18:45:00,QTNT
3.14,3.16,3.135,3.16,8799,2021-09-03 18:50:00,QTNT
3.155,3.16,3.155,3.155,1300,2021-09-03 18:55:00,QTNT
3.155,3.165,3.1501,3.165,10087,2021-09-03 19:00:00,QTNT
3.165,3.165,3.1606,3.165,842,2021-09-03 19:05:00,QTNT
3.1699,3.17,3.163,3.165,3035,2021-09-03 19:10:00,QTNT
3.161,3.161,3.13,3.135,8780,2021-09-03 19:15:00,QTNT
3.135,3.135,3.135,3.135,600,2021-09-03 19:20:00,QTNT
3.135,3.14,3.13,3.135,2581,2021-09-03 19:25:00,QTNT
3.13,3.135,3.115,3.12,17533,2021-09-03 19:30:00,QTNT
3.115,3.12,3.11,3.11,11100,2021-09-03 19:35:00,QTNT
3.11,3.12,3.11,3.115,2280,2021-09-03 19:40:00,QTNT
3.115,3.155,3.11,3.15,19547,2021-09-03 19:45:00,QTNT
3.145,3.15,3.14,3.14,3700,2021-09-03 19:50:00,QTNT
3.15,3.15,3.13,3.14,20778,2021-09-03 19:55:00,QTNT
3.13,3.13,3.13,3.13,28529,2021-09-03 20:00:00,QTNT
3.13,3.13,3.09,3.09,1175,2021-09-07 13:30:00,QTNT
3.12,3.145,3.12,3.14,3700,2021-09-07 13:35:00,QTNT
3.14,3.154,3.14,3.154,5864,2021-09-07 13:45:00,QTNT
3.16,3.16,3.16,3.16,2650,2021-09-07 13:50:00,QTNT
3.16,3.16,3.12,3.12,1842,2021-09-07 13:55:00,QTNT
3.115,3.12,3.09,3.11,17547,2021-09-07 14:00:00,QTNT
3.115,3.115,3.0801,3.09,12230,2021-09-07 14:05:00,QTNT
3.0929,3.0929,3.09,3.09,540,2021-09-07 14:10:00,QTNT
3.095,3.1,3.095,3.1,500,2021-09-07 14:15:00,QTNT
3.1,3.12,3.1,3.12,3627,2021-09-07 14:20:00,QTNT
3.115,3.13,3.115,3.13,3371,2021-09-07 14:25:00,QTNT
3.1201,3.135,3.1201,3.135,1500,2021-09-07 14:30:00,QTNT
3.135,3.155,3.135,3.155,1995,2021-09-07 14:35:00,QTNT
3.14,3.14,3.135,3.135,700,2021-09-07 14:40:00,QTNT
3.13,3.13,3.12,3.12,1300,2021-09-07 14:45:00,QTNT
3.115,3.115,3.1,3.1,300,2021-09-07 14:55:00,QTNT
3.105,3.105,3.105,3.105,300,2021-09-07 15:00:00,QTNT
3.1,3.1,3.085,3.09,1896,2021-09-07 15:10:00,QTNT
3.085,3.085,3.0808,3.0808,225,2021-09-07 15:15:00,QTNT
3.09,3.1,3.0897,3.1,15976,2021-09-07 15:20:00,QTNT
3.1,3.1,3.09,3.1,700,2021-09-07 15:25:00,QTNT
3.095,3.095,3.0903,3.095,1400,2021-09-07 15:35:00,QTNT
3.095,3.1,3.095,3.1,400,2021-09-07 15:40:00,QTNT
3.095,3.095,3.095,3.095,200,2021-09-07 15:45:00,QTNT
3.095,3.095,3.095,3.095,300,2021-09-07 15:50:00,QTNT
3.095,3.11,3.095,3.11,2457,2021-09-07 15:55:00,QTNT
3.11,3.115,3.11,3.11,1144,2021-09-07 16:00:00,QTNT
3.115,3.115,3.115,3.115,200,2021-09-07 16:05:00,QTNT
3.12,3.12,3.115,3.115,200,2021-09-07 16:10:00,QTNT
3.115,3.115,3.115,3.115,100,2021-09-07 16:15:00,QTNT
3.115,3.115,3.115,3.115,100,2021-09-07 16:20:00,QTNT
3.115,3.14,3.115,3.13,6467,2021-09-07 16:25:00,QTNT
3.135,3.15,3.135,3.145,2505,2021-09-07 16:30:00,QTNT
3.15,3.15,3.15,3.15,991,2021-09-07 16:35:00,QTNT
3.157,3.157,3.155,3.155,200,2021-09-07 16:45:00,QTNT
3.15,3.15,3.14,3.145,2120,2021-09-07 17:00:00,QTNT
3.14,3.14,3.135,3.135,2032,2021-09-07 17:05:00,QTNT
3.13,3.14,3.12,3.14,3130,2021-09-07 17:10:00,QTNT
3.13,3.15,3.13,3.145,4615,2021-09-07 17:20:00,QTNT
3.145,3.145,3.145,3.145,100,2021-09-07 17:25:00,QTNT
3.1428,3.145,3.14,3.14,1709,2021-09-07 17:35:00,QTNT
3.135,3.135,3.135,3.135,100,2021-09-07 17:40:00,QTNT
3.135,3.135,3.13,3.13,2923,2021-09-07 17:45:00,QTNT
3.135,3.135,3.135,3.135,100,2021-09-07 17:55:00,QTNT
3.14,3.15,3.14,3.15,1750,2021-09-07 18:00:00,QTNT
3.15,3.17,3.15,3.165,6258,2021-09-07 18:05:00,QTNT
3.17,3.18,3.169,3.175,11848,2021-09-07 18:10:00,QTNT
3.175,3.175,3.175,3.175,200,2021-09-07 18:15:00,QTNT
3.175,3.175,3.175,3.175,100,2021-09-07 18:20:00,QTNT
3.175,3.18,3.175,3.18,300,2021-09-07 18:25:00,QTNT
3.17,3.18,3.15,3.18,10248,2021-09-07 18:30:00,QTNT
3.175,3.18,3.175,3.175,1000,2021-09-07 18:35:00,QTNT
3.18,3.18,3.16,3.16,2338,2021-09-07 18:40:00,QTNT
3.165,3.165,3.165,3.165,300,2021-09-07 18:45:00,QTNT
3.165,3.18,3.165,3.175,2770,2021-09-07 18:50:00,QTNT
3.18,3.18,3.18,3.18,100,2021-09-07 18:55:00,QTNT
3.175,3.175,3.17,3.17,200,2021-09-07 19:00:00,QTNT
3.175,3.175,3.175,3.175,100,2021-09-07 19:05:00,QTNT
3.175,3.175,3.175,3.175,200,2021-09-07 19:10:00,QTNT
3.18,3.18,3.17,3.17,1325,2021-09-07 19:15:00,QTNT
3.17,3.175,3.17,3.175,1100,2021-09-07 19:20:00,QTNT
3.18,3.18,3.17,3.18,7379,2021-09-07 19:25:00,QTNT
3.1701,3.18,3.17,3.1729,8606,2021-09-07 19:30:00,QTNT
3.175,3.18,3.17,3.17,726,2021-09-07 19:35:00,QTNT
3.175,3.175,3.17,3.17,220,2021-09-07 19:40:00,QTNT
3.17,3.175,3.17,3.175,1300,2021-09-07 19:45:00,QTNT
3.17,3.18,3.17,3.175,4000,2021-09-07 19:50:00,QTNT
3.175,3.19,3.17,3.18,25925,2021-09-07 19:55:00,QTNT
3.18,3.18,3.18,3.18,20914,2021-09-07 20:00:00,QTNT
3.23,3.23,3.23,3.23,100,2021-09-07 23:40:00,QTNT
3.188,3.2,3.18,3.2,11509,2021-09-08 13:30:00,QTNT
3.2,3.2,3.17,3.17,1500,2021-09-08 13:35:00,QTNT
3.16,3.185,3.16,3.175,1770,2021-09-08 13:40:00,QTNT
3.18,3.18,3.18,3.18,100,2021-09-08 13:45:00,QTNT
3.18,3.22,3.18,3.21,2829,2021-09-08 13:50:00,QTNT
3.21,3.21,3.21,3.21,100,2021-09-08 13:55:00,QTNT
3.21,3.21,3.19,3.19,3200,2021-09-08 14:00:00,QTNT
3.19,3.19,3.1715,3.1715,1483,2021-09-08 14:05:00,QTNT
3.175,3.18,3.17,3.175,2500,2021-09-08 14:15:00,QTNT
3.17,3.17,3.13,3.13,2815,2021-09-08 14:20:00,QTNT
3.135,3.135,3.11,3.115,4867,2021-09-08 14:25:00,QTNT
3.12,3.125,3.11,3.11,1277,2021-09-08 14:30:00,QTNT
3.11,3.11,3.11,3.11,506,2021-09-08 14:35:00,QTNT
3.1,3.1,3.065,3.065,2947,2021-09-08 14:40:00,QTNT
3.07,3.07,3.07,3.07,700,2021-09-08 14:45:00,QTNT
3.07,3.07,3.0678,3.0678,600,2021-09-08 14:50:00,QTNT
3.07,3.07,3.07,3.07,957,2021-09-08 14:55:00,QTNT
3.071,3.08,3.071,3.08,2200,2021-09-08 15:00:00,QTNT
3.07,3.085,3.07,3.085,1409,2021-09-08 15:05:00,QTNT
3.09,3.09,3.09,3.09,2600,2021-09-08 15:10:00,QTNT
3.095,3.1,3.095,3.1,200,2021-09-08 15:15:00,QTNT
3.1,3.11,3.1,3.1095,1800,2021-09-08 15:20:00,QTNT
3.1,3.1,3.1,3.1,200,2021-09-08 15:25:00,QTNT
3.11,3.11,3.105,3.105,2066,2021-09-08 15:30:00,QTNT
3.11,3.115,3.11,3.11,1872,2021-09-08 15:35:00,QTNT
3.105,3.105,3.105,3.105,100,2021-09-08 15:40:00,QTNT
3.105,3.105,3.105,3.105,100,2021-09-08 15:45:00,QTNT
3.1,3.1,3.09,3.09,1993,2021-09-08 15:50:00,QTNT
3.085,3.085,3.085,3.085,100,2021-09-08 15:55:00,QTNT
3.085,3.085,3.08,3.08,350,2021-09-08 16:00:00,QTNT
3.0884,3.0884,3.085,3.085,1100,2021-09-08 16:05:00,QTNT
3.084,3.084,3.084,3.084,1000,2021-09-08 16:10:00,QTNT
3.08,3.09,3.08,3.085,400,2021-09-08 16:15:00,QTNT
3.09,3.09,3.09,3.09,100,2021-09-08 16:20:00,QTNT
3.08,3.085,3.08,3.085,245,2021-09-08 16:30:00,QTNT
3.085,3.095,3.085,3.095,3726,2021-09-08 16:35:00,QTNT
3.1,3.1,3.095,3.1,300,2021-09-08 16:40:00,QTNT
3.1,3.105,3.1,3.105,3608,2021-09-08 16:50:00,QTNT
3.1,3.1,3.09,3.095,3163,2021-09-08 16:55:00,QTNT
3.09,3.095,3.09,3.095,200,2021-09-08 17:00:00,QTNT
3.095,3.095,3.09,3.09,300,2021-09-08 17:20:00,QTNT
3.095,3.095,3.095,3.095,1433,2021-09-08 17:25:00,QTNT
3.1,3.1,3.09,3.094,2024,2021-09-08 17:30:00,QTNT
3.095,3.1,3.095,3.1,200,2021-09-08 17:35:00,QTNT
3.1,3.1,3.09,3.09,600,2021-09-08 17:50:00,QTNT
3.1,3.1,3.095,3.1,1078,2021-09-08 17:55:00,QTNT
3.09,3.1,3.09,3.095,1815,2021-09-08 18:00:00,QTNT
3.09,3.095,3.09,3.095,270,2021-09-08 18:05:00,QTNT
3.095,3.095,3.095,3.095,100,2021-09-08 18:10:00,QTNT
3.095,3.16,3.095,3.16,14370,2021-09-08 18:15:00,QTNT
3.15,3.17,3.13,3.17,8765,2021-09-08 18:20:00,QTNT
3.16,3.16,3.155,3.16,3900,2021-09-08 18:25:00,QTNT
3.165,3.165,3.15,3.155,2400,2021-09-08 18:30:00,QTNT
3.155,3.155,3.15,3.15,500,2021-09-08 18:35:00,QTNT
3.15,3.155,3.15,3.15,800,2021-09-08 18:40:00,QTNT
3.155,3.155,3.155,3.155,300,2021-09-08 18:45:00,QTNT
3.155,3.155,3.155,3.155,300,2021-09-08 18:50:00,QTNT
3.155,3.155,3.15,3.155,400,2021-09-08 18:55:00,QTNT
3.15,3.15,3.14,3.14,2188,2021-09-08 19:00:00,QTNT
3.14,3.15,3.13,3.13,3108,2021-09-08 19:05:00,QTNT
3.13,3.135,3.13,3.135,200,2021-09-08 19:10:00,QTNT
3.13,3.13,3.13,3.13,287,2021-09-08 19:20:00,QTNT
3.1301,3.135,3.1,3.1,7613,2021-09-08 19:25:00,QTNT
3.1,3.1,3.1,3.1,280,2021-09-08 19:30:00,QTNT
3.1,3.1,3.09,3.095,2740,2021-09-08 19:35:00,QTNT
3.0935,3.095,3.09,3.095,2000,2021-09-08 19:40:00,QTNT
3.095,3.095,3.09,3.09,3632,2021-09-08 19:45:00,QTNT
3.09,3.1099,3.09,3.105,11951,2021-09-08 19:50:00,QTNT
3.105,3.11,3.09,3.1,15590,2021-09-08 19:55:00,QTNT
3.1,3.1,3.1,3.1,27245,2021-09-08 20:00:00,QTNT
3.09,3.13,3.06,3.07,3440,2021-09-09 13:30:00,QTNT
3.08,3.095,3.07,3.09,3612,2021-09-09 13:35:00,QTNT
3.06,3.06,3.04,3.04,1010,2021-09-09 13:45:00,QTNT
3.04,3.105,3.04,3.09,6360,2021-09-09 13:50:00,QTNT
3.08,3.1,3.08,3.1,1120,2021-09-09 13:55:00,QTNT
3.11,3.125,3.105,3.105,2624,2021-09-09 14:00:00,QTNT
3.11,3.11,3.11,3.11,200,2021-09-09 14:05:00,QTNT
3.12,3.13,3.12,3.13,694,2021-09-09 14:10:00,QTNT
3.125,3.14,3.12,3.14,10494,2021-09-09 14:15:00,QTNT
3.15,3.16,3.15,3.16,1750,2021-09-09 14:20:00,QTNT
3.1501,3.165,3.15,3.165,14200,2021-09-09 14:25:00,QTNT
3.16,3.16,3.135,3.16,2400,2021-09-09 14:30:00,QTNT
3.16,3.18,3.16,3.18,1950,2021-09-09 14:35:00,QTNT
3.17,3.17,3.165,3.165,4728,2021-09-09 14:40:00,QTNT
3.165,3.17,3.16,3.16,12801,2021-09-09 14:45:00,QTNT
3.165,3.165,3.165,3.165,200,2021-09-09 14:50:00,QTNT
3.16,3.16,3.1301,3.1301,5188,2021-09-09 14:55:00,QTNT
3.135,3.135,3.115,3.115,7470,2021-09-09 15:00:00,QTNT
3.11,3.11,3.11,3.11,2562,2021-09-09 15:05:00,QTNT
3.12,3.12,3.115,3.115,1096,2021-09-09 15:10:00,QTNT
3.11,3.135,3.11,3.135,3600,2021-09-09 15:15:00,QTNT
3.135,3.135,3.12,3.12,3431,2021-09-09 15:20:00,QTNT
3.115,3.115,3.09,3.09,900,2021-09-09 15:25:00,QTNT
3.09,3.09,3.08,3.08,650,2021-09-09 15:30:00,QTNT
3.08,3.085,3.08,3.08,1100,2021-09-09 15:35:00,QTNT
3.085,3.09,3.0799,3.0833,10211,2021-09-09 15:40:00,QTNT
3.085,3.085,3.085,3.085,100,2021-09-09 15:45:00,QTNT
3.09,3.13,3.09,3.125,2878,2021-09-09 15:50:00,QTNT
3.125,3.125,3.1,3.11,14260,2021-09-09 15:55:00,QTNT
3.12,3.12,3.1,3.1,3337,2021-09-09 16:00:00,QTNT
3.095,3.095,3.09,3.09,200,2021-09-09 16:05:00,QTNT
3.09,3.095,3.08,3.08,3218,2021-09-09 16:10:00,QTNT
3.08,3.08,3.0776,3.0776,800,2021-09-09 16:15:00,QTNT
3.0786,3.0786,3.07,3.07,1302,2021-09-09 16:20:00,QTNT
3.07,3.08,3.07,3.08,2389,2021-09-09 16:25:00,QTNT
3.075,3.085,3.075,3.075,1491,2021-09-09 16:30:00,QTNT
3.08,3.08,3.08,3.08,100,2021-09-09 16:35:00,QTNT
3.08,3.08,3.08,3.08,1400,2021-09-09 16:40:00,QTNT
3.085,3.09,3.085,3.085,600,2021-09-09 16:45:00,QTNT
3.09,3.09,3.09,3.09,1451,2021-09-09 16:55:00,QTNT
3.095,3.095,3.095,3.095,600,2021-09-09 17:00:00,QTNT
3.1,3.1,3.0923,3.0923,695,2021-09-09 17:05:00,QTNT
3.09,3.1,3.09,3.1,2000,2021-09-09 17:10:00,QTNT
3.105,3.105,3.1,3.1,3973,2021-09-09 17:15:00,QTNT
3.105,3.11,3.1,3.11,5403,2021-09-09 17:20:00,QTNT
3.1,3.11,3.1,3.105,1823,2021-09-09 17:30:00,QTNT
3.105,3.105,3.07,3.07,5896,2021-09-09 17:35:00,QTNT
3.065,3.065,3.06,3.06,824,2021-09-09 17:40:00,QTNT
3.07,3.08,3.07,3.08,7386,2021-09-09 17:45:00,QTNT
3.09,3.09,3.0841,3.085,2763,2021-09-09 17:50:00,QTNT
3.09,3.09,3.09,3.09,100,2021-09-09 17:55:00,QTNT
3.09,3.09,3.09,3.09,200,2021-09-09 18:00:00,QTNT
3.09,3.095,3.085,3.095,1400,2021-09-09 18:05:00,QTNT
3.095,3.095,3.095,3.095,100,2021-09-09 18:10:00,QTNT
3.09,3.11,3.085,3.11,12670,2021-09-09 18:15:00,QTNT
3.105,3.12,3.1,3.11,21727,2021-09-09 18:25:00,QTNT
3.12,3.13,3.1182,3.13,1568,2021-09-09 18:30:00,QTNT
3.13,3.13,3.13,3.13,300,2021-09-09 18:40:00,QTNT
3.13,3.13,3.13,3.13,300,2021-09-09 18:45:00,QTNT
3.12,3.125,3.12,3.125,3099,2021-09-09 18:50:00,QTNT
3.125,3.125,3.125,3.125,100,2021-09-09 18:55:00,QTNT
3.125,3.145,3.125,3.145,2600,2021-09-09 19:05:00,QTNT
3.15,3.15,3.14,3.14,714,2021-09-09 19:10:00,QTNT
3.14,3.14,3.115,3.115,8515,2021-09-09 19:15:00,QTNT
3.115,3.12,3.11,3.12,404,2021-09-09 19:25:00,QTNT
3.12,3.12,3.115,3.12,320,2021-09-09 19:30:00,QTNT
3.115,3.13,3.115,3.13,1600,2021-09-09 19:35:00,QTNT
3.13,3.14,3.13,3.1301,2705,2021-09-09 19:40:00,QTNT
3.135,3.135,3.1119,3.1119,1315,2021-09-09 19:45:00,QTNT
3.12,3.12,3.1,3.1,1375,2021-09-09 19:50:00,QTNT
3.1,3.105,3.07,3.07,20666,2021-09-09 19:55:00,QTNT
3.07,3.07,3.07,3.07,36244,2021-09-09 20:00:00,QTNT
3.11,3.167,3.11,3.1251,1556,2021-09-10 13:30:00,QTNT
3.14,3.14,3.08,3.09,1300,2021-09-10 13:35:00,QTNT
3.08,3.08,3.04,3.04,3952,2021-09-10 13:40:00,QTNT
3.055,3.08,3.055,3.07,5252,2021-09-10 13:45:00,QTNT
3.075,3.075,3.04,3.06,9830,2021-09-10 13:50:00,QTNT
3.0614,3.0614,3.055,3.06,2100,2021-09-10 13:55:00,QTNT
3.0601,3.07,3.03,3.03,9700,2021-09-10 14:05:00,QTNT
3.0399,3.04,3.03,3.04,14907,2021-09-10 14:10:00,QTNT
3.03,3.035,3.03,3.035,200,2021-09-10 14:15:00,QTNT
3.035,3.035,3.03,3.03,1057,2021-09-10 14:20:00,QTNT
3.04,3.04,3.035,3.035,300,2021-09-10 14:25:00,QTNT
3.03,3.03,2.99,2.99,13617,2021-09-10 14:30:00,QTNT
2.99,2.9982,2.98,2.99,6434,2021-09-10 14:35:00,QTNT
2.99,2.99,2.98,2.985,1991,2021-09-10 14:40:00,QTNT
2.99,2.99,2.9517,2.96,31980,2021-09-10 14:45:00,QTNT
2.965,2.97,2.94,2.97,26630,2021-09-10 14:50:00,QTNT
2.98,2.98,2.97,2.97,2900,2021-09-10 14:55:00,QTNT
2.98,2.98,2.96,2.96,6500,2021-09-10 15:00:00,QTNT
2.955,2.955,2.955,2.955,200,2021-09-10 15:05:00,QTNT
2.955,2.9599,2.94,2.94,7350,2021-09-10 15:10:00,QTNT
2.945,2.945,2.94,2.94,800,2021-09-10 15:15:00,QTNT
2.935,2.9397,2.93,2.935,1700,2021-09-10 15:20:00,QTNT
2.93,2.94,2.93,2.935,750,2021-09-10 15:25:00,QTNT
2.934,2.94,2.89,2.91,24338,2021-09-10 15:30:00,QTNT
2.915,2.92,2.91,2.915,12900,2021-09-10 15:35:00,QTNT
2.915,2.9176,2.91,2.915,5600,2021-09-10 15:40:00,QTNT
2.91,2.918,2.91,2.915,1200,2021-09-10 15:45:00,QTNT
2.91,2.92,2.9,2.92,3760,2021-09-10 15:50:00,QTNT
2.915,2.9199,2.91,2.917,5800,2021-09-10 15:55:00,QTNT
2.915,2.915,2.9099,2.915,3006,2021-09-10 16:00:00,QTNT
2.91,2.92,2.91,2.91,4975,2021-09-10 16:05:00,QTNT
2.917,2.917,2.917,2.917,100,2021-09-10 16:10:00,QTNT
2.91,2.91,2.9,2.9,5572,2021-09-10 16:15:00,QTNT
2.905,2.91,2.9,2.9,5526,2021-09-10 16:20:00,QTNT
2.9,2.9,2.875,2.885,18297,2021-09-10 16:25:00,QTNT
2.8868,2.89,2.88,2.89,9623,2021-09-10 16:30:00,QTNT
2.89,2.91,2.89,2.905,3889,2021-09-10 16:35:00,QTNT
2.905,2.93,2.905,2.93,27485,2021-09-10 16:40:00,QTNT
2.93,2.935,2.925,2.935,1900,2021-09-10 16:45:00,QTNT
2.93,2.93,2.92,2.92,1900,2021-09-10 16:50:00,QTNT
2.925,2.925,2.9,2.9,1850,2021-09-10 16:55:00,QTNT
2.9,2.9,2.89,2.89,600,2021-09-10 17:00:00,QTNT
2.89,2.8965,2.89,2.8965,2938,2021-09-10 17:05:00,QTNT
2.8968,2.8978,2.87,2.87,6508,2021-09-10 17:10:00,QTNT
2.87,2.87,2.86,2.86,2393,2021-09-10 17:15:00,QTNT
2.868,2.868,2.85,2.8668,7791,2021-09-10 17:20:00,QTNT
2.86,2.865,2.86,2.865,200,2021-09-10 17:25:00,QTNT
2.8663,2.8663,2.86,2.86,3508,2021-09-10 17:30:00,QTNT
2.86,2.86,2.86,2.86,300,2021-09-10 17:35:00,QTNT
2.86,2.87,2.86,2.8675,1000,2021-09-10 17:40:00,QTNT
2.865,2.865,2.855,2.865,8006,2021-09-10 17:45:00,QTNT
2.865,2.865,2.85,2.855,3801,2021-09-10 17:50:00,QTNT
2.86,2.87,2.855,2.865,16905,2021-09-10 17:55:00,QTNT
2.865,2.8927,2.865,2.885,17571,2021-09-10 18:00:00,QTNT
2.89,2.9,2.885,2.895,4224,2021-09-10 18:05:00,QTNT
2.895,2.895,2.86,2.875,16408,2021-09-10 18:10:00,QTNT
2.875,2.875,2.875,2.875,446,2021-09-10 18:15:00,QTNT
2.87,2.89,2.86,2.88,19305,2021-09-10 18:20:00,QTNT
2.88,2.88,2.87,2.8799,9537,2021-09-10 18:25:00,QTNT
2.87,2.8793,2.87,2.875,1899,2021-09-10 18:30:00,QTNT
2.88,2.88,2.875,2.875,600,2021-09-10 18:35:00,QTNT
2.88,2.88,2.83,2.85,27090,2021-09-10 18:40:00,QTNT
2.8474,2.86,2.8474,2.86,3700,2021-09-10 18:45:00,QTNT
2.86,2.87,2.86,2.87,3280,2021-09-10 18:50:00,QTNT
2.865,2.87,2.865,2.865,1334,2021-09-10 18:55:00,QTNT
2.865,2.87,2.865,2.87,1479,2021-09-10 19:00:00,QTNT
2.87,2.8798,2.865,2.8798,3400,2021-09-10 19:05:00,QTNT
2.88,2.91,2.87,2.9099,23586,2021-09-10 19:10:00,QTNT
2.91,2.91,2.9023,2.91,2869,2021-09-10 19:15:00,QTNT
2.91,2.935,2.9,2.905,9792,2021-09-10 19:20:00,QTNT
2.905,2.905,2.89,2.895,1200,2021-09-10 19:25:00,QTNT
2.9,2.9,2.89,2.9,5846,2021-09-10 19:30:00,QTNT
2.895,2.9,2.895,2.9,2381,2021-09-10 19:35:00,QTNT
2.9,2.9,2.895,2.9,4234,2021-09-10 19:40:00,QTNT
2.9,2.91,2.9,2.91,4835,2021-09-10 19:45:00,QTNT
2.905,2.93,2.905,2.915,9351,2021-09-10 19:50:00,QTNT
2.92,2.93,2.91,2.91,28045,2021-09-10 19:55:00,QTNT
2.91,2.91,2.91,2.91,43552,2021-09-10 20:00:00,QTNT
2.96,2.96,2.96,2.96,100,2021-09-10 20:55:00,QTNT
2.91,2.91,2.91,2.91,150,2021-09-13 11:10:00,QTNT
2.93,2.93,2.93,2.93,131,2021-09-13 13:25:00,QTNT
3.01,3.01,2.7531,2.7531,23534,2021-09-13 13:30:00,QTNT
2.75,2.79,2.72,2.77,34772,2021-09-13 13:35:00,QTNT
2.76,2.765,2.71,2.74,21547,2021-09-13 13:40:00,QTNT
2.745,2.75,2.735,2.745,16229,2021-09-13 13:45:00,QTNT
2.745,2.7491,2.74,2.7437,5256,2021-09-13 13:50:00,QTNT
2.74,2.7499,2.73,2.745,9010,2021-09-13 13:55:00,QTNT
2.74,2.76,2.715,2.7427,48581,2021-09-13 14:00:00,QTNT
2.735,2.755,2.735,2.755,6089,2021-09-13 14:05:00,QTNT
2.755,2.78,2.755,2.775,3281,2021-09-13 14:10:00,QTNT
2.775,2.795,2.77,2.795,10765,2021-09-13 14:15:00,QTNT
2.795,2.845,2.795,2.845,3541,2021-09-13 14:20:00,QTNT
2.845,2.865,2.845,2.855,6127,2021-09-13 14:25:00,QTNT
2.855,2.86,2.84,2.86,3756,2021-09-13 14:30:00,QTNT
2.87,2.87,2.865,2.865,300,2021-09-13 14:35:00,QTNT
2.87,2.9,2.87,2.89,8628,2021-09-13 14:40:00,QTNT
2.885,2.9,2.885,2.895,1104,2021-09-13 14:45:00,QTNT
2.895,2.9,2.895,2.895,500,2021-09-13 14:50:00,QTNT
2.9,2.91,2.9,2.91,5000,2021-09-13 14:55:00,QTNT
2.91,2.92,2.91,2.915,2515,2021-09-13 15:00:00,QTNT
2.91,2.93,2.91,2.93,2184,2021-09-13 15:05:00,QTNT
2.925,2.945,2.91,2.92,15674,2021-09-13 15:10:00,QTNT
2.92,2.9217,2.9,2.905,6716,2021-09-13 15:15:00,QTNT
2.905,2.935,2.905,2.935,10667,2021-09-13 15:20:00,QTNT
2.94,2.96,2.935,2.955,6827,2021-09-13 15:25:00,QTNT
2.955,2.96,2.955,2.955,800,2021-09-13 15:30:00,QTNT
2.955,2.965,2.955,2.955,4132,2021-09-13 15:35:00,QTNT
2.9515,2.96,2.95,2.96,3413,2021-09-13 15:40:00,QTNT
2.96,3.03,2.955,3.02,27935,2021-09-13 15:45:00,QTNT
3.025,3.06,3.025,3.055,21150,2021-09-13 15:50:00,QTNT
3.06,3.06,3.02,3.055,35711,2021-09-13 15:55:00,QTNT
3.0532,3.0532,3.03,3.035,16831,2021-09-13 16:00:00,QTNT
3.035,3.035,3.0331,3.035,776,2021-09-13 16:05:00,QTNT
3.03,3.045,3.03,3.035,9194,2021-09-13 16:10:00,QTNT
3.03,3.036,3.01,3.015,8535,2021-09-13 16:15:00,QTNT
3.016,3.05,3.0102,3.045,13755,2021-09-13 16:20:00,QTNT
3.045,3.045,3.0348,3.035,9688,2021-09-13 16:25:00,QTNT
3.035,3.05,3.035,3.045,7576,2021-09-13 16:30:00,QTNT
3.045,3.05,3.045,3.045,1800,2021-09-13 16:35:00,QTNT
3.045,3.05,3.04,3.045,1200,2021-09-13 16:40:00,QTNT
3.05,3.05,3.0408,3.05,4250,2021-09-13 16:45:00,QTNT
3.045,3.09,3.045,3.09,29472,2021-09-13 16:50:00,QTNT
3.09,3.09,3.04,3.04,16210,2021-09-13 16:55:00,QTNT
3.035,3.0399,3.03,3.0399,3800,2021-09-13 17:00:00,QTNT
3.035,3.045,3.035,3.045,1993,2021-09-13 17:05:00,QTNT
3.04,3.06,3.04,3.05,7473,2021-09-13 17:10:00,QTNT
3.05,3.055,3.015,3.015,11150,2021-09-13 17:15:00,QTNT
3.01,3.01,2.9999,2.9999,3200,2021-09-13 17:20:00,QTNT
2.995,2.995,2.955,2.98,10537,2021-09-13 17:25:00,QTNT
2.975,2.975,2.96,2.96,2184,2021-09-13 17:35:00,QTNT
2.965,2.965,2.96,2.96,600,2021-09-13 17:40:00,QTNT
2.965,2.965,2.96,2.965,2530,2021-09-13 17:45:00,QTNT
2.955,2.96,2.955,2.955,4190,2021-09-13 17:50:00,QTNT
2.955,2.955,2.95,2.955,900,2021-09-13 17:55:00,QTNT
2.96,2.97,2.955,2.965,2942,2021-09-13 18:00:00,QTNT
2.97,2.97,2.96,2.965,600,2021-09-13 18:05:00,QTNT
2.965,2.965,2.96,2.965,2229,2021-09-13 18:10:00,QTNT
2.9699,2.9699,2.96,2.965,4568,2021-09-13 18:15:00,QTNT
2.97,2.97,2.965,2.965,1751,2021-09-13 18:20:00,QTNT
2.965,2.965,2.925,2.93,11532,2021-09-13 18:25:00,QTNT
2.9221,2.925,2.92,2.92,1700,2021-09-13 18:30:00,QTNT
2.92,2.925,2.92,2.925,500,2021-09-13 18:35:00,QTNT
2.925,2.925,2.92,2.925,500,2021-09-13 18:40:00,QTNT
2.92,2.925,2.92,2.925,500,2021-09-13 18:45:00,QTNT
2.92,2.9299,2.92,2.925,6665,2021-09-13 18:50:00,QTNT
2.925,2.925,2.92,2.92,2610,2021-09-13 18:55:00,QTNT
2.92,2.925,2.92,2.92,2312,2021-09-13 19:00:00,QTNT
2.925,2.925,2.92,2.925,1200,2021-09-13 19:05:00,QTNT
2.925,2.93,2.92,2.925,2092,2021-09-13 19:10:00,QTNT
2.925,2.93,2.92,2.925,1285,2021-09-13 19:15:00,QTNT
2.93,2.93,2.92,2.92,3100,2021-09-13 19:20:00,QTNT
2.925,2.925,2.92,2.925,1909,2021-09-13 19:25:00,QTNT
2.925,2.925,2.925,2.925,1800,2021-09-13 19:30:00,QTNT
2.92,2.925,2.92,2.92,2338,2021-09-13 19:35:00,QTNT
2.92,2.92,2.88,2.885,8024,2021-09-13 19:40:00,QTNT
2.88,2.885,2.88,2.885,2267,2021-09-13 19:45:00,QTNT
2.88,2.895,2.88,2.89,12070,2021-09-13 19:50:00,QTNT
2.89,2.9,2.87,2.88,28498,2021-09-13 19:55:00,QTNT
2.87,2.87,2.87,2.87,18195,2021-09-13 20:00:00,QTNT
2.94,2.94,2.94,2.94,200,2021-09-14 13:25:00,QTNT
2.92,2.92,2.87,2.88,5414,2021-09-14 13:30:00,QTNT
2.8899,2.91,2.8899,2.9,3989,2021-09-14 13:35:00,QTNT
2.91,2.91,2.865,2.88,4475,2021-09-14 13:40:00,QTNT
2.87,2.8772,2.87,2.875,1200,2021-09-14 13:45:00,QTNT
2.88,2.89,2.88,2.88,5525,2021-09-14 13:50:00,QTNT
2.88,2.88,2.86,2.86,2700,2021-09-14 13:55:00,QTNT
2.86,2.86,2.85,2.855,2167,2021-09-14 14:00:00,QTNT
2.85,2.86,2.835,2.86,11126,2021-09-14 14:05:00,QTNT
2.865,2.865,2.84,2.84,2661,2021-09-14 14:10:00,QTNT
2.83,2.835,2.83,2.835,300,2021-09-14 14:15:00,QTNT
2.835,2.85,2.835,2.85,4903,2021-09-14 14:20:00,QTNT
2.84,2.84,2.83,2.83,5301,2021-09-14 14:25:00,QTNT
2.8314,2.8371,2.83,2.83,699,2021-09-14 14:30:00,QTNT
2.84,2.84,2.81,2.81,2718,2021-09-14 14:35:00,QTNT
2.8118,2.8118,2.81,2.81,300,2021-09-14 14:40:00,QTNT
2.81,2.81,2.8,2.8,1250,2021-09-14 14:45:00,QTNT
2.8,2.8099,2.8,2.8099,700,2021-09-14 14:50:00,QTNT
2.8099,2.82,2.8099,2.82,5200,2021-09-14 14:55:00,QTNT
2.825,2.825,2.825,2.825,800,2021-09-14 15:00:00,QTNT
2.83,2.84,2.83,2.84,3300,2021-09-14 15:10:00,QTNT
2.835,2.835,2.83,2.83,5845,2021-09-14 15:15:00,QTNT
2.83,2.83,2.825,2.825,800,2021-09-14 15:20:00,QTNT
2.83,2.83,2.825,2.825,2200,2021-09-14 15:25:00,QTNT
2.825,2.825,2.82,2.82,200,2021-09-14 15:30:00,QTNT
2.82,2.82,2.795,2.795,9030,2021-09-14 15:35:00,QTNT
2.798,2.82,2.798,2.82,12640,2021-09-14 15:40:00,QTNT
2.822,2.825,2.82,2.82,1200,2021-09-14 15:45:00,QTNT
2.825,2.825,2.81,2.81,2508,2021-09-14 15:50:00,QTNT
2.82,2.82,2.815,2.82,8406,2021-09-14 15:55:00,QTNT
2.825,2.825,2.82,2.825,800,2021-09-14 16:00:00,QTNT
2.83,2.83,2.83,2.83,100,2021-09-14 16:10:00,QTNT
2.82,2.84,2.82,2.84,2924,2021-09-14 16:15:00,QTNT
2.835,2.835,2.835,2.835,200,2021-09-14 16:20:00,QTNT
2.835,2.84,2.83,2.84,6312,2021-09-14 16:25:00,QTNT
2.83,2.83,2.83,2.83,100,2021-09-14 16:30:00,QTNT
2.83,2.835,2.82,2.82,4309,2021-09-14 16:35:00,QTNT
2.82,2.82,2.81,2.81,3100,2021-09-14 16:40:00,QTNT
2.815,2.82,2.81,2.81,1200,2021-09-14 16:45:00,QTNT
2.815,2.83,2.815,2.82,5100,2021-09-14 16:50:00,QTNT
2.8201,2.83,2.8201,2.825,3800,2021-09-14 16:55:00,QTNT
2.825,2.83,2.82,2.825,1041,2021-09-14 17:00:00,QTNT
2.83,2.83,2.8,2.8,6898,2021-09-14 17:05:00,QTNT
2.8,2.805,2.785,2.79,18601,2021-09-14 17:10:00,QTNT
2.798,2.798,2.798,2.798,300,2021-09-14 17:15:00,QTNT
2.795,2.795,2.7864,2.788,3200,2021-09-14 17:20:00,QTNT
2.78,2.785,2.78,2.78,1200,2021-09-14 17:25:00,QTNT
2.78,2.785,2.77,2.77,1100,2021-09-14 17:30:00,QTNT
2.7789,2.8,2.7789,2.8,7072,2021-09-14 17:35:00,QTNT
2.8,2.81,2.8,2.805,4765,2021-09-14 17:40:00,QTNT
2.805,2.815,2.805,2.815,1100,2021-09-14 17:45:00,QTNT
2.81,2.82,2.81,2.82,2300,2021-09-14 17:50:00,QTNT
2.815,2.82,2.815,2.82,500,2021-09-14 17:55:00,QTNT
2.815,2.82,2.8,2.8,5532,2021-09-14 18:00:00,QTNT
2.805,2.805,2.805,2.805,100,2021-09-14 18:05:00,QTNT
2.805,2.805,2.8,2.805,1146,2021-09-14 18:10:00,QTNT
2.81,2.81,2.8,2.8,1000,2021-09-14 18:15:00,QTNT
2.81,2.81,2.79,2.8025,9812,2021-09-14 18:20:00,QTNT
2.8,2.8,2.78,2.79,6783,2021-09-14 18:25:00,QTNT
2.78,2.785,2.77,2.775,5074,2021-09-14 18:30:00,QTNT
2.77,2.775,2.77,2.77,400,2021-09-14 18:35:00,QTNT
2.7672,2.77,2.765,2.77,2400,2021-09-14 18:40:00,QTNT
2.77,2.775,2.77,2.775,300,2021-09-14 18:45:00,QTNT
2.775,2.785,2.77,2.785,3525,2021-09-14 18:50:00,QTNT
2.785,2.785,2.785,2.785,753,2021-09-14 18:55:00,QTNT
2.785,2.79,2.775,2.7799,4112,2021-09-14 19:00:00,QTNT
2.775,2.78,2.77,2.77,1054,2021-09-14 19:05:00,QTNT
2.765,2.765,2.7599,2.7599,2460,2021-09-14 19:10:00,QTNT
2.75,2.76,2.75,2.755,2078,2021-09-14 19:15:00,QTNT
2.755,2.76,2.755,2.76,5317,2021-09-14 19:20:00,QTNT
2.759,2.76,2.75,2.755,5264,2021-09-14 19:25:00,QTNT
2.755,2.76,2.75,2.7504,2700,2021-09-14 19:30:00,QTNT
2.7583,2.76,2.75,2.755,10760,2021-09-14 19:35:00,QTNT
2.76,2.76,2.75,2.755,6317,2021-09-14 19:40:00,QTNT
2.755,2.76,2.75,2.75,3287,2021-09-14 19:45:00,QTNT
2.755,2.76,2.75,2.755,5532,2021-09-14 19:50:00,QTNT
2.75,2.76,2.73,2.74,50439,2021-09-14 19:55:00,QTNT
2.74,2.74,2.74,2.74,31926,2021-09-14 20:00:00,QTNT
2.75,2.83,2.7,2.72,14344,2021-09-15 13:30:00,QTNT
2.71,2.75,2.7,2.71,3607,2021-09-15 13:35:00,QTNT
2.7,2.7,2.68,2.69,12383,2021-09-15 13:40:00,QTNT
2.6885,2.72,2.6885,2.705,3572,2021-09-15 13:45:00,QTNT
2.705,2.715,2.705,2.71,2500,2021-09-15 13:50:00,QTNT
2.71,2.71,2.69,2.7,1487,2021-09-15 13:55:00,QTNT
2.7,2.73,2.69,2.73,7067,2021-09-15 14:00:00,QTNT
2.73,2.73,2.715,2.715,2440,2021-09-15 14:05:00,QTNT
2.71,2.71,2.7,2.705,4140,2021-09-15 14:10:00,QTNT
2.705,2.7094,2.7,2.7094,950,2021-09-15 14:15:00,QTNT
2.7099,2.715,2.7,2.715,2000,2021-09-15 14:20:00,QTNT
2.715,2.73,2.715,2.73,6821,2021-09-15 14:25:00,QTNT
2.73,2.75,2.73,2.75,4277,2021-09-15 14:30:00,QTNT
2.75,2.765,2.75,2.765,2731,2021-09-15 14:35:00,QTNT
2.76,2.765,2.75,2.75,8865,2021-09-15 14:40:00,QTNT
2.75,2.765,2.75,2.765,3228,2021-09-15 14:45:00,QTNT
2.76,2.76,2.75,2.7513,4468,2021-09-15 14:50:00,QTNT
2.755,2.755,2.75,2.75,600,2021-09-15 14:55:00,QTNT
2.755,2.755,2.75,2.75,562,2021-09-15 15:00:00,QTNT
2.75,2.75,2.75,2.75,400,2021-09-15 15:05:00,QTNT
2.75,2.75,2.745,2.745,300,2021-09-15 15:10:00,QTNT
2.74,2.745,2.74,2.74,2300,2021-09-15 15:15:00,QTNT
2.745,2.745,2.73,2.73,847,2021-09-15 15:20:00,QTNT
2.73,2.735,2.73,2.735,200,2021-09-15 15:25:00,QTNT
2.73,2.73,2.72,2.72,2803,2021-09-15 15:30:00,QTNT
2.73,2.73,2.72,2.72,861,2021-09-15 15:35:00,QTNT
2.72,2.72,2.72,2.72,1148,2021-09-15 15:40:00,QTNT
2.72,2.72,2.71,2.715,4000,2021-09-15 15:45:00,QTNT
2.71,2.71,2.71,2.71,400,2021-09-15 15:50:00,QTNT
2.71,2.73,2.705,2.73,8782,2021-09-15 15:55:00,QTNT
2.735,2.735,2.73,2.735,751,2021-09-15 16:00:00,QTNT
2.735,2.735,2.735,2.735,1100,2021-09-15 16:05:00,QTNT
2.73,2.73,2.73,2.73,1403,2021-09-15 16:10:00,QTNT
2.73,2.735,2.725,2.725,1319,2021-09-15 16:15:00,QTNT
2.72,2.725,2.72,2.72,1300,2021-09-15 16:20:00,QTNT
2.725,2.725,2.72,2.72,400,2021-09-15 16:25:00,QTNT
2.71,2.71,2.71,2.71,400,2021-09-15 16:30:00,QTNT
2.71,2.715,2.71,2.715,400,2021-09-15 16:35:00,QTNT
2.7,2.705,2.7,2.7,1353,2021-09-15 16:45:00,QTNT
2.6999,2.7,2.695,2.695,4700,2021-09-15 16:50:00,QTNT
2.695,2.695,2.69,2.69,700,2021-09-15 16:55:00,QTNT
2.695,2.7,2.69,2.69,1500,2021-09-15 17:00:00,QTNT
2.69,2.695,2.69,2.695,400,2021-09-15 17:05:00,QTNT
2.695,2.7086,2.695,2.705,4000,2021-09-15 17:10:00,QTNT
2.7,2.7099,2.7,2.7,5223,2021-09-15 17:15:00,QTNT
2.7,2.7,2.7,2.7,200,2021-09-15 17:20:00,QTNT
2.7,2.7,2.69,2.69,4285,2021-09-15 17:25:00,QTNT
2.69,2.69,2.68,2.685,3591,2021-09-15 17:30:00,QTNT
2.685,2.685,2.68,2.685,1258,2021-09-15 17:35:00,QTNT
2.6854,2.6854,2.68,2.685,750,2021-09-15 17:40:00,QTNT
2.685,2.7,2.685,2.69,7100,2021-09-15 17:45:00,QTNT
2.69,2.69,2.69,2.69,1078,2021-09-15 17:50:00,QTNT
2.695,2.695,2.675,2.68,7417,2021-09-15 17:55:00,QTNT
2.675,2.675,2.675,2.675,800,2021-09-15 18:00:00,QTNT
2.68,2.7,2.68,2.7,14009,2021-09-15 18:05:00,QTNT
2.705,2.705,2.69,2.705,9322,2021-09-15 18:10:00,QTNT
2.7,2.705,2.7,2.705,755,2021-09-15 18:15:00,QTNT
2.71,2.71,2.705,2.71,500,2021-09-15 18:20:00,QTNT
2.705,2.71,2.705,2.705,1180,2021-09-15 18:25:00,QTNT
2.71,2.71,2.705,2.7075,900,2021-09-15 18:30:00,QTNT
2.71,2.71,2.7,2.71,700,2021-09-15 18:35:00,QTNT
2.705,2.74,2.705,2.74,12157,2021-09-15 18:40:00,QTNT
2.74,2.74,2.735,2.735,1162,2021-09-15 18:45:00,QTNT
2.735,2.75,2.735,2.75,2475,2021-09-15 18:50:00,QTNT
2.75,2.75,2.745,2.75,1200,2021-09-15 18:55:00,QTNT
2.745,2.75,2.745,2.745,851,2021-09-15 19:00:00,QTNT
2.75,2.76,2.725,2.725,53249,2021-09-15 19:05:00,QTNT
2.725,2.725,2.725,2.725,1300,2021-09-15 19:10:00,QTNT
2.725,2.73,2.725,2.725,900,2021-09-15 19:15:00,QTNT
2.725,2.73,2.7213,2.725,2400,2021-09-15 19:20:00,QTNT
2.73,2.73,2.721,2.725,1400,2021-09-15 19:25:00,QTNT
2.725,2.73,2.715,2.715,4255,2021-09-15 19:30:00,QTNT
2.715,2.74,2.71,2.735,13463,2021-09-15 19:35:00,QTNT
2.73,2.74,2.73,2.735,3400,2021-09-15 19:40:00,QTNT
2.74,2.74,2.73,2.735,5470,2021-09-15 19:45:00,QTNT
2.735,2.74,2.73,2.735,5463,2021-09-15 19:50:00,QTNT
2.735,2.75,2.72,2.74,51973,2021-09-15 19:55:00,QTNT
2.74,2.74,2.74,2.74,38873,2021-09-15 20:00:00,QTNT
2.78,2.82,2.675,2.71,14235,2021-09-16 13:30:00,QTNT
2.695,2.7028,2.69,2.69,4952,2021-09-16 13:35:00,QTNT
2.69,2.69,2.68,2.6801,4806,2021-09-16 13:40:00,QTNT
2.69,2.695,2.68,2.68,1327,2021-09-16 13:45:00,QTNT
2.67,2.6702,2.625,2.6477,18619,2021-09-16 13:50:00,QTNT
2.645,2.67,2.645,2.6513,8565,2021-09-16 13:55:00,QTNT
2.66,2.66,2.655,2.655,1905,2021-09-16 14:00:00,QTNT
2.66,2.6702,2.66,2.6702,6348,2021-09-16 14:05:00,QTNT
2.68,2.69,2.68,2.69,3559,2021-09-16 14:10:00,QTNT
2.7,2.7,2.695,2.695,700,2021-09-16 14:15:00,QTNT
2.7,2.71,2.695,2.7,10026,2021-09-16 14:20:00,QTNT
2.71,2.72,2.71,2.72,800,2021-09-16 14:25:00,QTNT
2.72,2.735,2.72,2.735,1132,2021-09-16 14:30:00,QTNT
2.735,2.735,2.715,2.7176,8603,2021-09-16 14:35:00,QTNT
2.71,2.71,2.69,2.69,2326,2021-09-16 14:40:00,QTNT
2.7,2.7,2.7,2.7,1190,2021-09-16 14:45:00,QTNT
2.705,2.71,2.705,2.705,1200,2021-09-16 14:50:00,QTNT
2.705,2.71,2.7032,2.71,700,2021-09-16 14:55:00,QTNT
2.705,2.72,2.705,2.72,2025,2021-09-16 15:00:00,QTNT
2.72,2.72,2.72,2.72,500,2021-09-16 15:05:00,QTNT
2.72,2.73,2.72,2.73,854,2021-09-16 15:10:00,QTNT
2.73,2.73,2.73,2.73,600,2021-09-16 15:15:00,QTNT
2.73,2.74,2.73,2.74,1700,2021-09-16 15:20:00,QTNT
2.74,2.74,2.74,2.74,300,2021-09-16 15:25:00,QTNT
2.74,2.76,2.74,2.76,3476,2021-09-16 15:30:00,QTNT
2.76,2.76,2.76,2.76,200,2021-09-16 15:35:00,QTNT
2.75,2.76,2.75,2.76,3692,2021-09-16 15:40:00,QTNT
2.75,2.75,2.75,2.75,200,2021-09-16 15:45:00,QTNT
2.755,2.755,2.755,2.755,200,2021-09-16 15:50:00,QTNT
2.755,2.76,2.755,2.76,600,2021-09-16 15:55:00,QTNT
2.76,2.77,2.76,2.77,2018,2021-09-16 16:00:00,QTNT
2.765,2.765,2.765,2.765,200,2021-09-16 16:05:00,QTNT
2.765,2.765,2.765,2.765,200,2021-09-16 16:10:00,QTNT
2.76,2.77,2.76,2.765,461,2021-09-16 16:15:00,QTNT
2.765,2.78,2.765,2.78,13393,2021-09-16 16:20:00,QTNT
2.77,2.775,2.77,2.77,4917,2021-09-16 16:25:00,QTNT
2.77,2.77,2.77,2.77,100,2021-09-16 16:30:00,QTNT
2.77,2.78,2.77,2.78,301,2021-09-16 16:35:00,QTNT
2.77,2.81,2.77,2.81,7484,2021-09-16 16:40:00,QTNT
2.81,2.81,2.81,2.81,100,2021-09-16 16:50:00,QTNT
2.805,2.81,2.805,2.81,2041,2021-09-16 16:55:00,QTNT
2.815,2.815,2.8,2.805,9518,2021-09-16 17:00:00,QTNT
2.81,2.81,2.81,2.81,585,2021-09-16 17:05:00,QTNT
2.805,2.805,2.795,2.795,3220,2021-09-16 17:10:00,QTNT
2.795,2.805,2.795,2.805,2119,2021-09-16 17:15:00,QTNT
2.805,2.82,2.803,2.819,6709,2021-09-16 17:20:00,QTNT
2.82,2.82,2.815,2.82,300,2021-09-16 17:25:00,QTNT
2.82,2.83,2.82,2.83,2002,2021-09-16 17:30:00,QTNT
2.83,2.83,2.81,2.815,3152,2021-09-16 17:35:00,QTNT
2.815,2.815,2.815,2.815,100,2021-09-16 17:40:00,QTNT
2.815,2.815,2.795,2.81,7214,2021-09-16 17:45:00,QTNT
2.805,2.805,2.805,2.805,200,2021-09-16 17:55:00,QTNT
2.8,2.805,2.8,2.805,2874,2021-09-16 18:00:00,QTNT
2.8,2.805,2.8,2.805,300,2021-09-16 18:05:00,QTNT
2.805,2.805,2.8,2.8,552,2021-09-16 18:10:00,QTNT
2.805,2.805,2.8,2.8,557,2021-09-16 18:15:00,QTNT
2.8,2.8,2.79,2.79,6957,2021-09-16 18:20:00,QTNT
2.7974,2.7974,2.79,2.79,1086,2021-09-16 18:25:00,QTNT
2.79,2.795,2.79,2.795,5479,2021-09-16 18:30:00,QTNT
2.7926,2.795,2.79,2.79,682,2021-09-16 18:35:00,QTNT
2.8,2.805,2.8,2.805,2041,2021-09-16 18:40:00,QTNT
2.81,2.81,2.805,2.81,500,2021-09-16 18:45:00,QTNT
2.81,2.84,2.81,2.84,4853,2021-09-16 18:50:00,QTNT
2.84,2.84,2.8301,2.8323,5450,2021-09-16 18:55:00,QTNT
2.835,2.84,2.8301,2.84,619,2021-09-16 19:00:00,QTNT
2.835,2.87,2.8329,2.87,6956,2021-09-16 19:05:00,QTNT
2.87,2.87,2.87,2.87,1500,2021-09-16 19:10:00,QTNT
2.87,2.87,2.86,2.87,2000,2021-09-16 19:15:00,QTNT
2.87,2.87,2.8613,2.87,5137,2021-09-16 19:20:00,QTNT
2.865,2.87,2.86,2.865,2160,2021-09-16 19:25:00,QTNT
2.865,2.865,2.84,2.845,6401,2021-09-16 19:30:00,QTNT
2.84,2.85,2.84,2.845,2300,2021-09-16 19:35:00,QTNT
2.85,2.85,2.83,2.83,11513,2021-09-16 19:40:00,QTNT
2.83,2.835,2.81,2.81,7160,2021-09-16 19:45:00,QTNT
2.81,2.82,2.81,2.82,10392,2021-09-16 19:50:00,QTNT
2.815,2.84,2.81,2.84,26141,2021-09-16 19:55:00,QTNT
2.84,2.84,2.84,2.84,22489,2021-09-16 20:00:00,QTNT
2.85,2.85,2.83,2.84,83044,2021-09-17 13:30:00,QTNT
2.84,2.84,2.83,2.84,585,2021-09-17 13:35:00,QTNT
2.85,2.85,2.84,2.8477,2334,2021-09-17 13:45:00,QTNT
2.84,2.86,2.84,2.855,7386,2021-09-17 13:50:00,QTNT
2.86,2.8687,2.85,2.85,2766,2021-09-17 13:55:00,QTNT
2.85,2.85,2.83,2.83,3050,2021-09-17 14:00:00,QTNT
2.825,2.825,2.82,2.82,11396,2021-09-17 14:05:00,QTNT
2.82,2.82,2.81,2.815,800,2021-09-17 14:10:00,QTNT
2.81,2.815,2.81,2.81,1654,2021-09-17 14:20:00,QTNT
2.81,2.84,2.81,2.84,11778,2021-09-17 14:25:00,QTNT
2.835,2.835,2.83,2.83,650,2021-09-17 14:30:00,QTNT
2.835,2.84,2.835,2.835,500,2021-09-17 14:35:00,QTNT
2.835,2.85,2.835,2.845,1399,2021-09-17 14:40:00,QTNT
2.845,2.845,2.8445,2.845,1900,2021-09-17 14:45:00,QTNT
2.848,2.848,2.83,2.83,13741,2021-09-17 14:50:00,QTNT
2.83,2.83,2.79,2.825,21511,2021-09-17 14:55:00,QTNT
2.83,2.835,2.83,2.835,1300,2021-09-17 15:00:00,QTNT
2.83,2.83,2.82,2.82,1926,2021-09-17 15:05:00,QTNT
2.825,2.895,2.825,2.895,31933,2021-09-17 15:10:00,QTNT
2.9,2.905,2.89,2.89,33810,2021-09-17 15:15:00,QTNT
2.9,2.915,2.9,2.91,3542,2021-09-17 15:20:00,QTNT
2.9101,2.915,2.91,2.91,16625,2021-09-17 15:25:00,QTNT
2.91,2.915,2.91,2.91,800,2021-09-17 15:30:00,QTNT
2.915,2.915,2.91,2.91,19940,2021-09-17 15:35:00,QTNT
2.91,2.9177,2.91,2.915,666,2021-09-17 15:40:00,QTNT
2.915,2.915,2.91,2.915,3626,2021-09-17 15:45:00,QTNT
2.915,3.01,2.91,3.0,133797,2021-09-17 15:50:00,QTNT
3.0,3.039,3.0,3.01,29417,2021-09-17 15:55:00,QTNT
2.995,3.0,2.99,2.99,12085,2021-09-17 16:00:00,QTNT
2.985,2.985,2.97,2.97,1900,2021-09-17 16:05:00,QTNT
2.98,2.98,2.96,2.9695,3896,2021-09-17 16:10:00,QTNT
2.97,2.975,2.94,2.94,22672,2021-09-17 16:15:00,QTNT
2.93,2.95,2.93,2.95,12001,2021-09-17 16:20:00,QTNT
2.9401,2.9475,2.925,2.93,9800,2021-09-17 16:25:00,QTNT
2.925,2.925,2.92,2.92,782,2021-09-17 16:30:00,QTNT
2.925,2.95,2.925,2.94,16026,2021-09-17 16:35:00,QTNT
2.94,2.9499,2.94,2.9499,1125,2021-09-17 16:40:00,QTNT
2.94,2.9401,2.91,2.92,15440,2021-09-17 16:45:00,QTNT
2.91,2.935,2.91,2.935,8830,2021-09-17 16:50:00,QTNT
2.93,2.93,2.92,2.92,1676,2021-09-17 16:55:00,QTNT
2.92,2.92,2.91,2.91,13625,2021-09-17 17:00:00,QTNT
2.9174,2.9174,2.9,2.905,5505,2021-09-17 17:05:00,QTNT
2.905,2.905,2.905,2.905,500,2021-09-17 17:10:00,QTNT
2.9,2.9,2.89,2.895,4114,2021-09-17 17:15:00,QTNT
2.895,2.9,2.89,2.895,875,2021-09-17 17:20:00,QTNT
2.89,2.895,2.885,2.885,2700,2021-09-17 17:25:00,QTNT
2.885,2.885,2.88,2.885,600,2021-09-17 17:30:00,QTNT
2.88,2.89,2.88,2.885,1300,2021-09-17 17:35:00,QTNT
2.88,2.88,2.88,2.88,2972,2021-09-17 17:40:00,QTNT
2.87,2.92,2.87,2.9,10050,2021-09-17 17:45:00,QTNT
2.9,2.9,2.89,2.8983,1005,2021-09-17 17:50:00,QTNT
2.89,2.895,2.88,2.88,2726,2021-09-17 17:55:00,QTNT
2.885,2.89,2.88,2.88,1000,2021-09-17 18:00:00,QTNT
2.88,2.89,2.88,2.89,1700,2021-09-17 18:05:00,QTNT
2.885,2.89,2.88,2.88,2797,2021-09-17 18:10:00,QTNT
2.88,2.88,2.87,2.87,4420,2021-09-17 18:15:00,QTNT
2.87,2.875,2.87,2.875,2400,2021-09-17 18:20:00,QTNT
2.87,2.92,2.87,2.92,12014,2021-09-17 18:25:00,QTNT
2.93,2.98,2.925,2.9798,40119,2021-09-17 18:30:00,QTNT
2.975,2.98,2.97,2.975,3018,2021-09-17 18:35:00,QTNT
2.975,2.98,2.975,2.975,55100,2021-09-17 18:40:00,QTNT
2.975,2.975,2.93,2.945,21143,2021-09-17 18:45:00,QTNT
2.94,2.95,2.93,2.945,5158,2021-09-17 18:50:00,QTNT
2.94,2.945,2.94,2.94,900,2021-09-17 18:55:00,QTNT
2.94,2.945,2.94,2.945,900,2021-09-17 19:00:00,QTNT
2.94,2.945,2.94,2.945,5900,2021-09-17 19:05:00,QTNT
2.945,2.95,2.94,2.945,1200,2021-09-17 19:10:00,QTNT
2.945,2.96,2.94,2.955,3600,2021-09-17 19:15:00,QTNT
2.96,2.96,2.93,2.93,9860,2021-09-17 19:20:00,QTNT
2.93,2.935,2.9,2.9,8260,2021-09-17 19:25:00,QTNT
2.9,2.91,2.89,2.905,7097,2021-09-17 19:30:00,QTNT
2.905,3.015,2.9,2.9505,173638,2021-09-17 19:35:00,QTNT
2.95,2.95,2.91,2.915,17369,2021-09-17 19:40:00,QTNT
2.92,2.93,2.9,2.91,24117,2021-09-17 19:45:00,QTNT
2.92,3.01,2.84,2.87,174191,2021-09-17 19:50:00,QTNT
2.88,2.93,2.88,2.88,115130,2021-09-17 19:55:00,QTNT
2.9,2.9,2.88,2.9,1164842,2021-09-17 20:00:00,QTNT
2.9,2.9,2.9,2.9,630,2021-09-17 20:05:00,QTNT
2.89,2.89,2.89,2.89,900,2021-09-17 20:25:00,QTNT
2.81,2.89,2.81,2.82,5830,2021-09-20 13:30:00,QTNT
2.87,2.87,2.81,2.815,6992,2021-09-20 13:35:00,QTNT
2.82,2.86,2.82,2.845,3470,2021-09-20 13:40:00,QTNT
2.84,2.86,2.84,2.85,2024,2021-09-20 13:45:00,QTNT
2.85,2.87,2.85,2.87,3694,2021-09-20 13:50:00,QTNT
2.87,2.88,2.86,2.86,12526,2021-09-20 13:55:00,QTNT
2.86,2.87,2.86,2.87,7668,2021-09-20 14:00:00,QTNT
2.86,2.86,2.83,2.85,23587,2021-09-20 14:05:00,QTNT
2.84,2.845,2.83,2.845,2177,2021-09-20 14:10:00,QTNT
2.85,2.85,2.85,2.85,1300,2021-09-20 14:15:00,QTNT
2.84,2.84,2.81,2.815,23954,2021-09-20 14:20:00,QTNT
2.8106,2.82,2.81,2.815,2100,2021-09-20 14:25:00,QTNT
2.81,2.81,2.81,2.81,100,2021-09-20 14:35:00,QTNT
2.81,2.8101,2.79,2.79,80556,2021-09-20 14:40:00,QTNT
2.78,2.8,2.78,2.8,5091,2021-09-20 14:45:00,QTNT
2.795,2.81,2.795,2.8,1500,2021-09-20 14:50:00,QTNT
2.8001,2.81,2.8,2.81,4501,2021-09-20 14:55:00,QTNT
2.8,2.8,2.785,2.795,7790,2021-09-20 15:00:00,QTNT
2.8,2.84,2.8,2.84,5806,2021-09-20 15:05:00,QTNT
2.83,2.83,2.805,2.81,1781,2021-09-20 15:10:00,QTNT
2.81,2.81,2.79,2.79,7041,2021-09-20 15:15:00,QTNT
2.791,2.791,2.78,2.78,1200,2021-09-20 15:25:00,QTNT
2.78,2.78,2.76,2.765,2272,2021-09-20 15:30:00,QTNT
2.76,2.76,2.76,2.76,500,2021-09-20 15:35:00,QTNT
2.755,2.77,2.755,2.77,9269,2021-09-20 15:40:00,QTNT
2.76,2.76,2.76,2.76,900,2021-09-20 15:50:00,QTNT
2.76,2.76,2.76,2.76,800,2021-09-20 15:55:00,QTNT
2.76,2.765,2.755,2.76,3801,2021-09-20 16:00:00,QTNT
2.761,2.761,2.76,2.76,900,2021-09-20 16:05:00,QTNT
2.75,2.75,2.73,2.74,5785,2021-09-20 16:15:00,QTNT
2.735,2.7399,2.72,2.72,12400,2021-09-20 16:20:00,QTNT
2.73,2.755,2.73,2.75,5475,2021-09-20 16:25:00,QTNT
2.75,2.75,2.73,2.73,1200,2021-09-20 16:30:00,QTNT
2.735,2.735,2.72,2.72,2015,2021-09-20 16:35:00,QTNT
2.72,2.72,2.71,2.71,6888,2021-09-20 16:40:00,QTNT
2.71,2.71,2.7,2.7,700,2021-09-20 16:45:00,QTNT
2.7,2.708,2.7,2.705,5600,2021-09-20 16:50:00,QTNT
2.7,2.7081,2.7,2.7,2700,2021-09-20 16:55:00,QTNT
2.7,2.701,2.7,2.7,1300,2021-09-20 17:00:00,QTNT
2.7,2.7,2.69,2.69,2630,2021-09-20 17:05:00,QTNT
2.69,2.7,2.69,2.69,3499,2021-09-20 17:10:00,QTNT
2.69,2.7,2.69,2.7,7585,2021-09-20 17:15:00,QTNT
2.7069,2.7069,2.69,2.69,7607,2021-09-20 17:20:00,QTNT
2.695,2.695,2.695,2.695,200,2021-09-20 17:25:00,QTNT
2.69,2.6914,2.6601,2.6601,46791,2021-09-20 17:30:00,QTNT
2.665,2.68,2.665,2.675,8408,2021-09-20 17:35:00,QTNT
2.675,2.688,2.675,2.6862,3470,2021-09-20 17:40:00,QTNT
2.68,2.68,2.675,2.68,4524,2021-09-20 17:45:00,QTNT
2.685,2.69,2.675,2.69,10817,2021-09-20 17:50:00,QTNT
2.7,2.7,2.695,2.7,1400,2021-09-20 17:55:00,QTNT
2.705,2.71,2.705,2.71,400,2021-09-20 18:00:00,QTNT
2.7,2.7,2.69,2.69,3945,2021-09-20 18:05:00,QTNT
2.685,2.685,2.665,2.67,4208,2021-09-20 18:10:00,QTNT
2.67,2.67,2.66,2.67,5457,2021-09-20 18:15:00,QTNT
2.66,2.66,2.66,2.66,641,2021-09-20 18:20:00,QTNT
2.66,2.66,2.63,2.635,5013,2021-09-20 18:25:00,QTNT
2.635,2.65,2.635,2.645,7842,2021-09-20 18:30:00,QTNT
2.645,2.6513,2.645,2.645,8156,2021-09-20 18:35:00,QTNT
2.645,2.645,2.645,2.645,300,2021-09-20 18:40:00,QTNT
2.6473,2.6473,2.635,2.645,7038,2021-09-20 18:45:00,QTNT
2.645,2.645,2.645,2.645,400,2021-09-20 18:50:00,QTNT
2.645,2.655,2.6401,2.655,3514,2021-09-20 18:55:00,QTNT
2.66,2.66,2.64,2.64,4392,2021-09-20 19:00:00,QTNT
2.64,2.645,2.63,2.63,1467,2021-09-20 19:05:00,QTNT
2.63,2.64,2.63,2.63,1400,2021-09-20 19:10:00,QTNT
2.63,2.635,2.61,2.615,16557,2021-09-20 19:15:00,QTNT
2.61,2.62,2.61,2.615,2891,2021-09-20 19:20:00,QTNT
2.615,2.6499,2.61,2.6499,16805,2021-09-20 19:25:00,QTNT
2.65,2.7,2.645,2.695,73381,2021-09-20 19:30:00,QTNT
2.695,2.72,2.685,2.71,64905,2021-09-20 19:35:00,QTNT
2.7,2.71,2.7,2.705,19100,2021-09-20 19:40:00,QTNT
2.705,2.71,2.69,2.7,20789,2021-09-20 19:45:00,QTNT
2.7,2.705,2.7,2.7,6554,2021-09-20 19:50:00,QTNT
2.705,2.7099,2.685,2.6875,25647,2021-09-20 19:55:00,QTNT
2.7,2.7,2.7,2.7,27871,2021-09-20 20:00:00,QTNT
2.71,2.77,2.71,2.735,1506,2021-09-21 13:30:00,QTNT
2.75,2.75,2.745,2.75,5675,2021-09-21 13:35:00,QTNT
2.74,2.745,2.74,2.745,1100,2021-09-21 13:40:00,QTNT
2.747,2.747,2.747,2.747,1350,2021-09-21 13:45:00,QTNT
2.745,2.745,2.74,2.74,1200,2021-09-21 13:50:00,QTNT
2.745,2.745,2.74,2.745,3500,2021-09-21 13:55:00,QTNT
2.741,2.7419,2.741,2.7419,400,2021-09-21 14:00:00,QTNT
2.745,2.745,2.74,2.74,1152,2021-09-21 14:30:00,QTNT
2.74,2.74,2.74,2.74,5414,2021-09-21 14:35:00,QTNT
2.74,2.74,2.74,2.74,100,2021-09-21 14:40:00,QTNT
2.75,2.75,2.74,2.74,2962,2021-09-21 14:45:00,QTNT
2.74,2.74,2.74,2.74,100,2021-09-21 15:05:00,QTNT
2.745,2.745,2.745,2.745,100,2021-09-21 15:10:00,QTNT
2.745,2.755,2.741,2.7501,15773,2021-09-21 15:15:00,QTNT
2.755,2.755,2.75,2.75,3500,2021-09-21 15:20:00,QTNT
2.75,2.75,2.75,2.75,500,2021-09-21 15:25:00,QTNT
2.75,2.76,2.75,2.76,6200,2021-09-21 15:30:00,QTNT
2.77,2.77,2.77,2.77,100,2021-09-21 15:35:00,QTNT
2.77,2.78,2.765,2.78,1800,2021-09-21 15:40:00,QTNT
2.78,2.787,2.78,2.787,4521,2021-09-21 15:45:00,QTNT
2.79,2.79,2.79,2.79,600,2021-09-21 15:55:00,QTNT
2.78,2.78,2.78,2.78,200,2021-09-21 16:05:00,QTNT
2.785,2.785,2.785,2.785,200,2021-09-21 16:10:00,QTNT
2.78,2.78,2.78,2.78,100,2021-09-21 16:15:00,QTNT
2.79,2.79,2.78,2.78,4240,2021-09-21 16:20:00,QTNT
2.781,2.7885,2.781,2.7885,1100,2021-09-21 16:25:00,QTNT
2.7801,2.7801,2.7601,2.765,7687,2021-09-21 16:30:00,QTNT
2.765,2.7699,2.765,2.7699,5100,2021-09-21 16:35:00,QTNT
2.76,2.76,2.76,2.76,700,2021-09-21 16:40:00,QTNT
2.75,2.75,2.745,2.745,300,2021-09-21 16:45:00,QTNT
2.7401,2.7401,2.7401,2.7401,100,2021-09-21 16:55:00,QTNT
2.745,2.745,2.74,2.74,300,2021-09-21 17:00:00,QTNT
2.745,2.745,2.745,2.745,200,2021-09-21 17:05:00,QTNT
2.74,2.74,2.74,2.74,899,2021-09-21 17:10:00,QTNT
2.74,2.74,2.7301,2.74,2171,2021-09-21 17:15:00,QTNT
2.732,2.732,2.73,2.73,500,2021-09-21 17:20:00,QTNT
2.725,2.73,2.715,2.73,7990,2021-09-21 17:30:00,QTNT
2.74,2.74,2.735,2.74,2829,2021-09-21 17:35:00,QTNT
2.73,2.73,2.73,2.73,300,2021-09-21 17:40:00,QTNT
2.74,2.757,2.74,2.75,9751,2021-09-21 17:45:00,QTNT
2.755,2.755,2.74,2.74,1200,2021-09-21 17:50:00,QTNT
2.735,2.735,2.735,2.735,100,2021-09-21 17:55:00,QTNT
2.7378,2.7378,2.7378,2.7378,598,2021-09-21 18:00:00,QTNT
2.735,2.735,2.735,2.735,199,2021-09-21 18:05:00,QTNT
2.735,2.735,2.735,2.735,100,2021-09-21 18:10:00,QTNT
2.735,2.76,2.735,2.74,16119,2021-09-21 18:20:00,QTNT
2.7399,2.7399,2.7301,2.7301,5110,2021-09-21 18:25:00,QTNT
2.735,2.735,2.73,2.73,5626,2021-09-21 18:30:00,QTNT
2.735,2.735,2.735,2.735,100,2021-09-21 18:40:00,QTNT
2.735,2.755,2.65,2.705,145910,2021-09-21 18:50:00,QTNT
2.7,2.705,2.69,2.7,4300,2021-09-21 18:55:00,QTNT
2.705,2.705,2.705,2.705,4000,2021-09-21 19:00:00,QTNT
2.705,2.705,2.705,2.705,100,2021-09-21 19:05:00,QTNT
2.71,2.72,2.705,2.72,3200,2021-09-21 19:10:00,QTNT
2.72,2.72,2.72,2.72,100,2021-09-21 19:15:00,QTNT
2.725,2.73,2.72,2.725,700,2021-09-21 19:20:00,QTNT
2.725,2.73,2.725,2.73,1599,2021-09-21 19:25:00,QTNT
2.735,2.735,2.73,2.735,532,2021-09-21 19:30:00,QTNT
2.735,2.74,2.73,2.74,4332,2021-09-21 19:35:00,QTNT
2.74,2.74,2.73,2.74,400,2021-09-21 19:40:00,QTNT
2.73,2.73,2.72,2.72,2357,2021-09-21 19:45:00,QTNT
2.725,2.73,2.72,2.72,2190,2021-09-21 19:50:00,QTNT
2.73,2.73,2.71,2.72,8572,2021-09-21 19:55:00,QTNT
2.72,2.72,2.72,2.72,35156,2021-09-21 20:00:00,QTNT
2.73,2.77,2.73,2.7362,2376,2021-09-22 13:30:00,QTNT
2.731,2.731,2.731,2.731,400,2021-09-22 13:35:00,QTNT
2.755,2.755,2.755,2.755,100,2021-09-22 13:40:00,QTNT
2.73,2.7301,2.695,2.72,5522,2021-09-22 13:45:00,QTNT
2.715,2.7174,2.715,2.7174,400,2021-09-22 13:50:00,QTNT
2.72,2.72,2.7,2.7,1595,2021-09-22 13:55:00,QTNT
2.69,2.69,2.6899,2.69,4865,2021-09-22 14:05:00,QTNT
2.695,2.72,2.695,2.72,3029,2021-09-22 14:10:00,QTNT
2.72,2.729,2.72,2.729,765,2021-09-22 14:15:00,QTNT
2.73,2.74,2.73,2.73,1042,2021-09-22 14:30:00,QTNT
2.73,2.73,2.73,2.73,508,2021-09-22 14:35:00,QTNT
2.7352,2.7352,2.72,2.72,12600,2021-09-22 14:40:00,QTNT
2.725,2.725,2.715,2.715,4187,2021-09-22 14:50:00,QTNT
2.7175,2.7175,2.71,2.71,500,2021-09-22 14:55:00,QTNT
2.7191,2.7191,2.71,2.71,4300,2021-09-22 15:00:00,QTNT
2.715,2.715,2.715,2.715,300,2021-09-22 15:05:00,QTNT
2.715,2.73,2.715,2.725,5496,2021-09-22 15:15:00,QTNT
2.73,2.73,2.73,2.73,100,2021-09-22 15:25:00,QTNT
2.7297,2.76,2.7297,2.755,3320,2021-09-22 15:30:00,QTNT
2.755,2.755,2.73,2.7399,11352,2021-09-22 15:35:00,QTNT
2.73,2.73,2.73,2.73,100,2021-09-22 15:40:00,QTNT
2.735,2.735,2.735,2.735,200,2021-09-22 15:45:00,QTNT
2.74,2.75,2.735,2.745,3613,2021-09-22 15:50:00,QTNT
2.745,2.745,2.74,2.74,2950,2021-09-22 15:55:00,QTNT
2.745,2.745,2.73,2.73,11955,2021-09-22 16:00:00,QTNT
2.735,2.7355,2.72,2.73,26507,2021-09-22 16:05:00,QTNT
2.73,2.74,2.71,2.71,6782,2021-09-22 16:10:00,QTNT
2.715,2.715,2.68,2.68,3856,2021-09-22 16:15:00,QTNT
2.69,2.69,2.681,2.685,1400,2021-09-22 16:20:00,QTNT
2.68,2.685,2.68,2.685,406,2021-09-22 16:25:00,QTNT
2.685,2.685,2.68,2.684,2864,2021-09-22 16:30:00,QTNT
2.685,2.685,2.685,2.685,100,2021-09-22 16:35:00,QTNT
2.685,2.685,2.685,2.685,100,2021-09-22 16:40:00,QTNT
2.69,2.69,2.68,2.685,7027,2021-09-22 16:45:00,QTNT
2.68,2.68,2.67,2.67,3966,2021-09-22 16:50:00,QTNT
2.66,2.67,2.65,2.6658,17633,2021-09-22 16:55:00,QTNT
2.67,2.67,2.66,2.6614,6579,2021-09-22 17:00:00,QTNT
2.66,2.72,2.65,2.68,59747,2021-09-22 17:05:00,QTNT
2.68,2.68,2.68,2.68,500,2021-09-22 17:10:00,QTNT
2.68,2.68,2.67,2.67,1200,2021-09-22 17:20:00,QTNT
2.675,2.675,2.675,2.675,100,2021-09-22 17:25:00,QTNT
2.675,2.675,2.675,2.675,400,2021-09-22 17:30:00,QTNT
2.678,2.678,2.675,2.675,620,2021-09-22 17:35:00,QTNT
2.675,2.675,2.675,2.675,100,2021-09-22 17:40:00,QTNT
2.671,2.68,2.671,2.675,400,2021-09-22 17:50:00,QTNT
2.68,2.68,2.675,2.68,300,2021-09-22 17:55:00,QTNT
2.675,2.68,2.67,2.68,7949,2021-09-22 18:00:00,QTNT
2.69,2.69,2.69,2.69,100,2021-09-22 18:05:00,QTNT
2.6873,2.6899,2.6873,2.688,1900,2021-09-22 18:10:00,QTNT
2.69,2.71,2.69,2.69,20008,2021-09-22 18:15:00,QTNT
2.695,2.695,2.69,2.69,653,2021-09-22 18:20:00,QTNT
2.68,2.68,2.66,2.68,21993,2021-09-22 18:25:00,QTNT
2.685,2.685,2.685,2.685,100,2021-09-22 18:35:00,QTNT
2.69,2.7,2.69,2.7,2120,2021-09-22 18:40:00,QTNT
2.695,2.695,2.665,2.665,7290,2021-09-22 18:45:00,QTNT
2.66,2.6783,2.64,2.6783,22776,2021-09-22 18:50:00,QTNT
2.675,2.675,2.67,2.67,500,2021-09-22 18:55:00,QTNT
2.66,2.66,2.655,2.655,2244,2021-09-22 19:00:00,QTNT
2.66,2.6609,2.66,2.66,3850,2021-09-22 19:05:00,QTNT
2.652,2.652,2.652,2.652,188,2021-09-22 19:10:00,QTNT
2.66,2.665,2.6599,2.6628,2703,2021-09-22 19:15:00,QTNT
2.67,2.67,2.67,2.67,200,2021-09-22 19:20:00,QTNT
2.665,2.665,2.64,2.645,15010,2021-09-22 19:25:00,QTNT
2.64,2.64,2.635,2.635,4302,2021-09-22 19:30:00,QTNT
2.64,2.66,2.635,2.655,12850,2021-09-22 19:35:00,QTNT
2.655,2.665,2.65,2.6599,38082,2021-09-22 19:40:00,QTNT
2.655,2.67,2.655,2.665,17139,2021-09-22 19:45:00,QTNT
2.665,2.67,2.66,2.665,5583,2021-09-22 19:50:00,QTNT
2.67,2.67,2.65,2.66,12988,2021-09-22 19:55:00,QTNT
2.65,2.65,2.65,2.65,26160,2021-09-22 20:00:00,QTNT
2.6601,2.6601,2.6601,2.6601,600,2021-09-22 20:20:00,QTNT
2.66,2.69,2.65,2.685,7523,2021-09-23 13:30:00,QTNT
2.69,2.711,2.69,2.711,8858,2021-09-23 13:35:00,QTNT
2.71,2.73,2.68,2.6877,19658,2021-09-23 13:40:00,QTNT
2.695,2.695,2.695,2.695,200,2021-09-23 13:45:00,QTNT
2.7,2.71,2.7,2.7,11792,2021-09-23 13:50:00,QTNT
2.7,2.7,2.69,2.7,2400,2021-09-23 13:55:00,QTNT
2.71,2.73,2.705,2.73,10190,2021-09-23 14:05:00,QTNT
2.735,2.75,2.72,2.72,12018,2021-09-23 14:10:00,QTNT
2.71,2.71,2.7,2.7,400,2021-09-23 14:15:00,QTNT
2.7,2.7,2.7,2.7,200,2021-09-23 14:20:00,QTNT
2.7,2.7,2.7,2.7,100,2021-09-23 14:25:00,QTNT
2.7,2.7,2.7,2.7,381,2021-09-23 14:40:00,QTNT
2.71,2.71,2.705,2.71,2500,2021-09-23 14:50:00,QTNT
2.717,2.717,2.717,2.717,477,2021-09-23 15:00:00,QTNT
2.715,2.715,2.71,2.715,5473,2021-09-23 15:05:00,QTNT
2.72,2.72,2.72,2.72,3100,2021-09-23 15:10:00,QTNT
2.725,2.725,2.725,2.725,400,2021-09-23 15:15:00,QTNT
2.7255,2.7255,2.7255,2.7255,2000,2021-09-23 15:25:00,QTNT
2.73,2.74,2.73,2.735,2175,2021-09-23 15:30:00,QTNT
2.73,2.73,2.73,2.73,100,2021-09-23 15:40:00,QTNT
2.74,2.75,2.71,2.715,69650,2021-09-23 15:45:00,QTNT
2.72,2.72,2.715,2.715,831,2021-09-23 15:50:00,QTNT
2.72,2.75,2.72,2.75,5890,2021-09-23 15:55:00,QTNT
2.745,2.77,2.745,2.765,4603,2021-09-23 16:00:00,QTNT
2.77,2.77,2.755,2.768,53754,2021-09-23 16:05:00,QTNT
2.765,2.77,2.765,2.765,1674,2021-09-23 16:10:00,QTNT
2.76,2.79,2.76,2.7801,30245,2021-09-23 16:15:00,QTNT
2.7701,2.78,2.7701,2.78,2100,2021-09-23 16:20:00,QTNT
2.77,2.785,2.77,2.785,1900,2021-09-23 16:25:00,QTNT
2.785,2.785,2.785,2.785,200,2021-09-23 16:30:00,QTNT
2.78,2.78,2.76,2.76,5015,2021-09-23 16:35:00,QTNT
2.76,2.76,2.75,2.75,35477,2021-09-23 16:40:00,QTNT
2.75,2.755,2.75,2.755,1700,2021-09-23 16:45:00,QTNT
2.755,2.755,2.75,2.75,41006,2021-09-23 16:50:00,QTNT
2.74,2.74,2.74,2.74,1500,2021-09-23 16:55:00,QTNT
2.74,2.745,2.71,2.715,116987,2021-09-23 17:00:00,QTNT
2.71,2.715,2.71,2.71,1452,2021-09-23 17:05:00,QTNT
2.71,2.715,2.7,2.705,3300,2021-09-23 17:10:00,QTNT
2.7,2.72,2.7,2.715,10887,2021-09-23 17:15:00,QTNT
2.715,2.715,2.71,2.715,1020,2021-09-23 17:20:00,QTNT
2.715,2.715,2.71,2.71,1000,2021-09-23 17:25:00,QTNT
2.71,2.715,2.71,2.71,960,2021-09-23 17:30:00,QTNT
2.715,2.715,2.71,2.715,1300,2021-09-23 17:35:00,QTNT
2.71,2.72,2.71,2.715,1000,2021-09-23 17:40:00,QTNT
2.71,2.71,2.71,2.71,700,2021-09-23 17:45:00,QTNT
2.71,2.715,2.71,2.71,900,2021-09-23 17:50:00,QTNT
2.71,2.7184,2.71,2.71,5126,2021-09-23 17:55:00,QTNT
2.71,2.715,2.7,2.71,4193,2021-09-23 18:00:00,QTNT
2.7,2.705,2.7,2.705,600,2021-09-23 18:05:00,QTNT
2.7,2.715,2.7,2.715,11005,2021-09-23 18:10:00,QTNT
2.715,2.715,2.715,2.715,400,2021-09-23 18:15:00,QTNT
2.715,2.72,2.71,2.71,5656,2021-09-23 18:20:00,QTNT
2.715,2.715,2.71,2.71,302,2021-09-23 18:25:00,QTNT
2.71,2.715,2.6901,2.6901,7882,2021-09-23 18:30:00,QTNT
2.69,2.695,2.69,2.69,300,2021-09-23 18:35:00,QTNT
2.69,2.69,2.68,2.68,2654,2021-09-23 18:40:00,QTNT
2.68,2.685,2.68,2.68,800,2021-09-23 18:45:00,QTNT
2.68,2.685,2.68,2.68,1200,2021-09-23 18:50:00,QTNT
2.68,2.681,2.68,2.68,1100,2021-09-23 18:55:00,QTNT
2.68,2.725,2.675,2.72,10979,2021-09-23 19:00:00,QTNT
2.73,2.739,2.73,2.735,2400,2021-09-23 19:05:00,QTNT
2.735,2.735,2.73,2.73,900,2021-09-23 19:10:00,QTNT
2.731,2.731,2.73,2.73,1000,2021-09-23 19:15:00,QTNT
2.73,2.755,2.725,2.755,16357,2021-09-23 19:20:00,QTNT
2.755,2.755,2.755,2.755,700,2021-09-23 19:25:00,QTNT
2.75,2.755,2.75,2.75,1100,2021-09-23 19:30:00,QTNT
2.75,2.755,2.75,2.75,4972,2021-09-23 19:35:00,QTNT
2.75,2.755,2.74,2.745,20149,2021-09-23 19:40:00,QTNT
2.74,2.74,2.73,2.735,8708,2021-09-23 19:45:00,QTNT
2.735,2.75,2.735,2.74,10139,2021-09-23 19:50:00,QTNT
2.74,2.75,2.73,2.75,30528,2021-09-23 19:55:00,QTNT
2.75,2.75,2.75,2.75,24653,2021-09-23 20:00:00,QTNT
2.74,2.74,2.71,2.74,6526,2021-09-24 13:30:00,QTNT
2.74,2.74,2.74,2.74,200,2021-09-24 13:35:00,QTNT
2.74,2.74,2.73,2.73,700,2021-09-24 13:40:00,QTNT
2.72,2.72,2.695,2.695,1600,2021-09-24 13:45:00,QTNT
2.69,2.69,2.69,2.69,100,2021-09-24 13:50:00,QTNT
2.6901,2.695,2.69,2.695,3625,2021-09-24 13:55:00,QTNT
2.7,2.71,2.7,2.7,5464,2021-09-24 14:00:00,QTNT
2.7001,2.7001,2.67,2.67,12482,2021-09-24 14:05:00,QTNT
2.68,2.68,2.67,2.6701,2755,2021-09-24 14:10:00,QTNT
2.67,2.68,2.67,2.68,7683,2021-09-24 14:15:00,QTNT
2.69,2.69,2.69,2.69,1200,2021-09-24 14:20:00,QTNT
2.69,2.69,2.66,2.67,4600,2021-09-24 14:25:00,QTNT
2.675,2.675,2.67,2.67,583,2021-09-24 14:30:00,QTNT
2.675,2.675,2.675,2.675,117,2021-09-24 14:35:00,QTNT
2.68,2.68,2.67,2.67,804,2021-09-24 14:40:00,QTNT
2.67,2.67,2.655,2.655,6512,2021-09-24 14:45:00,QTNT
2.65,2.6587,2.65,2.655,2172,2021-09-24 14:50:00,QTNT
2.65,2.66,2.65,2.65,3871,2021-09-24 14:55:00,QTNT
2.65,2.655,2.65,2.65,8257,2021-09-24 15:00:00,QTNT
2.65,2.66,2.65,2.65,5426,2021-09-24 15:05:00,QTNT
2.65,2.6576,2.65,2.65,1500,2021-09-24 15:10:00,QTNT
2.65,2.66,2.65,2.655,805,2021-09-24 15:15:00,QTNT
2.65,2.65,2.65,2.65,700,2021-09-24 15:20:00,QTNT
2.65,2.655,2.65,2.65,9477,2021-09-24 15:25:00,QTNT
2.65,2.65,2.6,2.6,229423,2021-09-24 15:30:00,QTNT
2.6074,2.61,2.6,2.605,5275,2021-09-24 15:35:00,QTNT
2.6,2.6088,2.57,2.5779,12821,2021-09-24 15:40:00,QTNT
2.57,2.58,2.57,2.58,8586,2021-09-24 15:45:00,QTNT
2.575,2.5792,2.57,2.57,6500,2021-09-24 15:50:00,QTNT
2.57,2.5799,2.57,2.57,11165,2021-09-24 15:55:00,QTNT
2.57,2.5799,2.56,2.56,1900,2021-09-24 16:00:00,QTNT
2.56,2.56,2.56,2.56,600,2021-09-24 16:05:00,QTNT
2.56,2.57,2.56,2.57,1060,2021-09-24 16:10:00,QTNT
2.56,2.57,2.56,2.56,1400,2021-09-24 16:15:00,QTNT
2.56,2.56,2.525,2.55,56542,2021-09-24 16:20:00,QTNT
2.55,2.57,2.55,2.57,7792,2021-09-24 16:25:00,QTNT
2.565,2.565,2.5614,2.565,1783,2021-09-24 16:30:00,QTNT
2.565,2.565,2.56,2.565,305,2021-09-24 16:35:00,QTNT
2.565,2.57,2.56,2.56,10200,2021-09-24 16:40:00,QTNT
2.565,2.565,2.56,2.565,788,2021-09-24 16:45:00,QTNT
2.56,2.56,2.48,2.505,75063,2021-09-24 16:50:00,QTNT
2.505,2.505,2.47,2.4873,151897,2021-09-24 16:55:00,QTNT
2.49,2.54,2.48,2.5201,29458,2021-09-24 17:00:00,QTNT
2.5332,2.545,2.52,2.5401,49800,2021-09-24 17:05:00,QTNT
2.5401,2.5401,2.52,2.5201,13947,2021-09-24 17:10:00,QTNT
2.5201,2.5299,2.5201,2.525,1220,2021-09-24 17:15:00,QTNT
2.5201,2.54,2.52,2.5301,6768,2021-09-24 17:20:00,QTNT
2.5301,2.68,2.53,2.615,116422,2021-09-24 17:25:00,QTNT
2.6101,2.63,2.6,2.62,12318,2021-09-24 17:30:00,QTNT
2.63,2.64,2.59,2.6,52369,2021-09-24 17:35:00,QTNT
2.595,2.61,2.59,2.6,4441,2021-09-24 17:40:00,QTNT
2.6,2.6,2.595,2.6,5118,2021-09-24 17:45:00,QTNT
2.6,2.6,2.58,2.59,4033,2021-09-24 17:50:00,QTNT
2.59,2.59,2.5816,2.585,1654,2021-09-24 17:55:00,QTNT
2.59,2.59,2.56,2.59,11152,2021-09-24 18:00:00,QTNT
2.59,2.59,2.58,2.59,1277,2021-09-24 18:05:00,QTNT
2.59,2.59,2.56,2.57,7787,2021-09-24 18:10:00,QTNT
2.57,2.57,2.55,2.55,1800,2021-09-24 18:15:00,QTNT
2.5501,2.57,2.55,2.56,5654,2021-09-24 18:20:00,QTNT
2.555,2.555,2.54,2.55,6444,2021-09-24 18:25:00,QTNT
2.55,2.555,2.545,2.55,5500,2021-09-24 18:30:00,QTNT
2.55,2.57,2.55,2.57,8448,2021-09-24 18:35:00,QTNT
2.57,2.57,2.56,2.57,5604,2021-09-24 18:40:00,QTNT
2.56,2.57,2.56,2.565,10600,2021-09-24 18:45:00,QTNT
2.5644,2.59,2.5644,2.575,7593,2021-09-24 18:50:00,QTNT
2.58,2.58,2.575,2.58,2100,2021-09-24 18:55:00,QTNT
2.575,2.58,2.57,2.58,2605,2021-09-24 19:00:00,QTNT
2.5785,2.58,2.56,2.56,7019,2021-09-24 19:05:00,QTNT
2.57,2.58,2.56,2.58,13037,2021-09-24 19:10:00,QTNT
2.58,2.58,2.575,2.58,1000,2021-09-24 19:15:00,QTNT
2.58,2.59,2.575,2.59,1700,2021-09-24 19:20:00,QTNT
2.585,2.59,2.585,2.59,2050,2021-09-24 19:25:00,QTNT
2.59,2.59,2.58,2.59,3698,2021-09-24 19:30:00,QTNT
2.59,2.59,2.57,2.575,4538,2021-09-24 19:35:00,QTNT
2.58,2.59,2.58,2.585,5400,2021-09-24 19:40:00,QTNT
2.59,2.6,2.585,2.595,3000,2021-09-24 19:45:00,QTNT
2.6,2.6,2.5801,2.59,10918,2021-09-24 19:50:00,QTNT
2.59,2.59,2.57,2.57,18737,2021-09-24 19:55:00,QTNT
2.58,2.58,2.58,2.58,24583,2021-09-24 20:00:00,QTNT
2.57,2.57,2.54,2.545,1153,2021-09-27 13:30:00,QTNT
2.5481,2.55,2.5401,2.5426,3350,2021-09-27 13:35:00,QTNT
2.545,2.555,2.545,2.555,2021,2021-09-27 13:40:00,QTNT
2.56,2.58,2.56,2.58,6430,2021-09-27 13:45:00,QTNT
2.59,2.59,2.57,2.57,2531,2021-09-27 13:50:00,QTNT
2.58,2.58,2.57,2.57,11077,2021-09-27 13:55:00,QTNT
2.56,2.56,2.54,2.555,3833,2021-09-27 14:00:00,QTNT
2.555,2.565,2.55,2.55,8828,2021-09-27 14:05:00,QTNT
2.55,2.55,2.55,2.55,2386,2021-09-27 14:10:00,QTNT
2.55,2.57,2.55,2.565,9407,2021-09-27 14:15:00,QTNT
2.56,2.56,2.555,2.56,16153,2021-09-27 14:20:00,QTNT
2.565,2.57,2.555,2.56,3899,2021-09-27 14:25:00,QTNT
2.5575,2.5575,2.5509,2.5509,2612,2021-09-27 14:30:00,QTNT
2.56,2.56,2.56,2.56,100,2021-09-27 14:35:00,QTNT
2.555,2.555,2.555,2.555,200,2021-09-27 14:40:00,QTNT
2.5575,2.56,2.555,2.56,10646,2021-09-27 14:45:00,QTNT
2.565,2.5773,2.565,2.5773,1959,2021-09-27 14:50:00,QTNT
2.57,2.575,2.57,2.57,600,2021-09-27 14:55:00,QTNT
2.57,2.57,2.57,2.57,700,2021-09-27 15:00:00,QTNT
2.57,2.58,2.57,2.58,2100,2021-09-27 15:05:00,QTNT
2.5781,2.5781,2.57,2.57,650,2021-09-27 15:10:00,QTNT
2.58,2.58,2.575,2.575,3544,2021-09-27 15:15:00,QTNT
2.57,2.58,2.57,2.58,5200,2021-09-27 15:20:00,QTNT
2.57,2.57,2.57,2.57,620,2021-09-27 15:25:00,QTNT
2.575,2.58,2.565,2.57,14907,2021-09-27 15:30:00,QTNT
2.5775,2.5775,2.57,2.57,900,2021-09-27 15:35:00,QTNT
2.571,2.571,2.56,2.56,3141,2021-09-27 15:40:00,QTNT
2.56,2.561,2.56,2.56,2000,2021-09-27 15:45:00,QTNT
2.561,2.565,2.56,2.56,1600,2021-09-27 15:50:00,QTNT
2.56,2.57,2.56,2.56,1924,2021-09-27 15:55:00,QTNT
2.56,2.56,2.55,2.55,1780,2021-09-27 16:00:00,QTNT
2.56,2.56,2.55,2.55,1200,2021-09-27 16:05:00,QTNT
2.55,2.551,2.54,2.541,8296,2021-09-27 16:10:00,QTNT
2.541,2.545,2.54,2.545,800,2021-09-27 16:15:00,QTNT
2.54,2.54,2.54,2.54,1709,2021-09-27 16:20:00,QTNT
2.54,2.54,2.53,2.53,966,2021-09-27 16:25:00,QTNT
2.53,2.54,2.53,2.531,1333,2021-09-27 16:30:00,QTNT
2.5374,2.54,2.53,2.53,2900,2021-09-27 16:35:00,QTNT
2.531,2.531,2.53,2.53,1000,2021-09-27 16:40:00,QTNT
2.53,2.53,2.53,2.53,800,2021-09-27 16:45:00,QTNT
2.54,2.54,2.53,2.5399,4500,2021-09-27 16:50:00,QTNT
2.531,2.535,2.53,2.53,1234,2021-09-27 16:55:00,QTNT
2.53,2.54,2.53,2.53,4956,2021-09-27 17:00:00,QTNT
2.53,2.5316,2.53,2.5316,868,2021-09-27 17:05:00,QTNT
2.53,2.5399,2.53,2.53,536,2021-09-27 17:10:00,QTNT
2.531,2.54,2.53,2.53,900,2021-09-27 17:15:00,QTNT
2.53,2.54,2.53,2.54,9320,2021-09-27 17:20:00,QTNT
2.545,2.545,2.54,2.54,200,2021-09-27 17:25:00,QTNT
2.54,2.54,2.54,2.54,4400,2021-09-27 17:30:00,QTNT
2.54,2.55,2.54,2.54,1338,2021-09-27 17:35:00,QTNT
2.545,2.545,2.54,2.54,1100,2021-09-27 17:40:00,QTNT
2.54,2.555,2.54,2.555,20454,2021-09-27 17:45:00,QTNT
2.555,2.555,2.555,2.555,800,2021-09-27 17:50:00,QTNT
2.55,2.555,2.55,2.55,500,2021-09-27 17:55:00,QTNT
2.555,2.56,2.55,2.55,1949,2021-09-27 18:00:00,QTNT
2.55,2.56,2.55,2.55,900,2021-09-27 18:05:00,QTNT
2.555,2.56,2.555,2.555,300,2021-09-27 18:10:00,QTNT
2.5575,2.5575,2.55,2.555,4700,2021-09-27 18:15:00,QTNT
2.55,2.555,2.55,2.555,600,2021-09-27 18:20:00,QTNT
2.56,2.56,2.55,2.56,1400,2021-09-27 18:25:00,QTNT
2.555,2.555,2.55,2.55,1600,2021-09-27 18:30:00,QTNT
2.55,2.555,2.55,2.55,1304,2021-09-27 18:35:00,QTNT
2.55,2.555,2.55,2.551,8214,2021-09-27 18:40:00,QTNT
2.55,2.5599,2.55,2.55,1635,2021-09-27 18:45:00,QTNT
2.55,2.55,2.54,2.54,4927,2021-09-27 18:50:00,QTNT
2.545,2.545,2.54,2.54,2299,2021-09-27 18:55:00,QTNT
2.55,2.55,2.54,2.545,2400,2021-09-27 19:00:00,QTNT
2.545,2.545,2.545,2.545,100,2021-09-27 19:05:00,QTNT
2.545,2.545,2.545,2.545,100,2021-09-27 19:10:00,QTNT
2.545,2.545,2.545,2.545,100,2021-09-27 19:15:00,QTNT
2.55,2.55,2.545,2.545,4720,2021-09-27 19:20:00,QTNT
2.545,2.555,2.545,2.55,6860,2021-09-27 19:25:00,QTNT
2.56,2.56,2.555,2.555,916,2021-09-27 19:30:00,QTNT
2.56,2.565,2.555,2.565,7083,2021-09-27 19:35:00,QTNT
2.57,2.57,2.56,2.565,1458,2021-09-27 19:40:00,QTNT
2.565,2.57,2.56,2.565,1614,2021-09-27 19:45:00,QTNT
2.56,2.57,2.56,2.57,2471,2021-09-27 19:50:00,QTNT
2.57,2.57,2.54,2.54,23559,2021-09-27 19:55:00,QTNT
2.55,2.55,2.55,2.55,23986,2021-09-27 20:00:00,QTNT
2.55,2.55,2.55,2.55,100,2021-09-27 22:45:00,QTNT
2.55,2.55,2.55,2.55,100,2021-09-28 13:25:00,QTNT
2.52,2.56,2.47,2.49,9118,2021-09-28 13:30:00,QTNT
2.48,2.48,2.4699,2.47,6599,2021-09-28 13:35:00,QTNT
2.47,2.475,2.45,2.45,3342,2021-09-28 13:40:00,QTNT
2.45,2.48,2.45,2.48,2850,2021-09-28 13:45:00,QTNT
2.47,2.47,2.45,2.455,4145,2021-09-28 13:50:00,QTNT
2.45,2.4552,2.42,2.425,21678,2021-09-28 13:55:00,QTNT
2.43,2.4401,2.415,2.43,33313,2021-09-28 14:00:00,QTNT
2.435,2.435,2.42,2.42,5676,2021-09-28 14:05:00,QTNT
2.42,2.42,2.41,2.41,1965,2021-09-28 14:10:00,QTNT
2.41,2.4199,2.4,2.41,9341,2021-09-28 14:15:00,QTNT
2.41,2.425,2.4,2.42,4854,2021-09-28 14:20:00,QTNT
2.43,2.44,2.42,2.43,15168,2021-09-28 14:25:00,QTNT
2.42,2.4227,2.415,2.415,8511,2021-09-28 14:30:00,QTNT
2.415,2.4176,2.41,2.4114,2594,2021-09-28 14:35:00,QTNT
2.41,2.419,2.4,2.415,4817,2021-09-28 14:40:00,QTNT
2.415,2.415,2.41,2.415,2400,2021-09-28 14:45:00,QTNT
2.41,2.425,2.405,2.42,6427,2021-09-28 14:50:00,QTNT
2.42,2.42,2.42,2.42,700,2021-09-28 14:55:00,QTNT
2.42,2.42,2.41,2.41,7176,2021-09-28 15:00:00,QTNT
2.415,2.42,2.41,2.41,1000,2021-09-28 15:05:00,QTNT
2.41,2.415,2.4,2.405,14398,2021-09-28 15:10:00,QTNT
2.405,2.415,2.4,2.415,9885,2021-09-28 15:15:00,QTNT
2.4101,2.4107,2.4,2.405,2650,2021-09-28 15:20:00,QTNT
2.4009,2.41,2.4,2.4,6406,2021-09-28 15:25:00,QTNT
2.4,2.4,2.37,2.375,23792,2021-09-28 15:30:00,QTNT
2.375,2.3886,2.375,2.3886,3214,2021-09-28 15:35:00,QTNT
2.3883,2.395,2.38,2.3891,9038,2021-09-28 15:40:00,QTNT
2.385,2.385,2.38,2.385,1050,2021-09-28 15:45:00,QTNT
2.3801,2.385,2.38,2.385,4700,2021-09-28 15:50:00,QTNT
2.38,2.38,2.37,2.37,4332,2021-09-28 15:55:00,QTNT
2.37,2.378,2.36,2.36,5673,2021-09-28 16:00:00,QTNT
2.36,2.37,2.36,2.36,4677,2021-09-28 16:05:00,QTNT
2.3673,2.3675,2.36,2.36,1867,2021-09-28 16:10:00,QTNT
2.36,2.37,2.36,2.365,9146,2021-09-28 16:15:00,QTNT
2.3678,2.3684,2.355,2.355,10452,2021-09-28 16:20:00,QTNT
2.35,2.36,2.345,2.355,10457,2021-09-28 16:25:00,QTNT
2.36,2.36,2.355,2.355,900,2021-09-28 16:30:00,QTNT
2.355,2.37,2.35,2.37,5774,2021-09-28 16:35:00,QTNT
2.36,2.365,2.36,2.36,700,2021-09-28 16:40:00,QTNT
2.3681,2.3681,2.355,2.355,2850,2021-09-28 16:45:00,QTNT
2.36,2.36,2.35,2.35,800,2021-09-28 16:50:00,QTNT
2.35,2.36,2.35,2.3564,13200,2021-09-28 16:55:00,QTNT
2.355,2.405,2.355,2.4027,39101,2021-09-28 17:00:00,QTNT
2.4,2.425,2.4,2.425,48102,2021-09-28 17:05:00,QTNT
2.42,2.44,2.42,2.435,30782,2021-09-28 17:10:00,QTNT
2.44,2.45,2.435,2.44,37617,2021-09-28 17:15:00,QTNT
2.44,2.445,2.42,2.42,7737,2021-09-28 17:20:00,QTNT
2.425,2.43,2.39,2.4,22407,2021-09-28 17:25:00,QTNT
2.3988,2.3988,2.3895,2.395,6450,2021-09-28 17:30:00,QTNT
2.3976,2.3976,2.39,2.39,1600,2021-09-28 17:35:00,QTNT
2.4,2.4,2.4,2.4,200,2021-09-28 17:40:00,QTNT
2.4,2.4,2.39,2.4,1800,2021-09-28 17:45:00,QTNT
2.39,2.39,2.38,2.385,5743,2021-09-28 17:50:00,QTNT
2.385,2.385,2.37,2.375,2900,2021-09-28 17:55:00,QTNT
2.37,2.38,2.37,2.375,3500,2021-09-28 18:00:00,QTNT
2.37,2.378,2.37,2.375,1200,2021-09-28 18:05:00,QTNT
2.375,2.375,2.36,2.36,2158,2021-09-28 18:10:00,QTNT
2.36,2.365,2.36,2.36,1300,2021-09-28 18:15:00,QTNT
2.3672,2.37,2.36,2.365,2404,2021-09-28 18:20:00,QTNT
2.36,2.365,2.35,2.35,3297,2021-09-28 18:25:00,QTNT
2.355,2.36,2.35,2.35,1600,2021-09-28 18:30:00,QTNT
2.35,2.36,2.35,2.36,7900,2021-09-28 18:35:00,QTNT
2.355,2.37,2.355,2.3683,8977,2021-09-28 18:40:00,QTNT
2.365,2.39,2.365,2.385,3800,2021-09-28 18:45:00,QTNT
2.385,2.39,2.3824,2.3824,900,2021-09-28 18:50:00,QTNT
2.385,2.39,2.382,2.385,1922,2021-09-28 18:55:00,QTNT
2.385,2.385,2.375,2.375,7449,2021-09-28 19:00:00,QTNT
2.375,2.405,2.375,2.405,5471,2021-09-28 19:05:00,QTNT
2.4099,2.4099,2.4,2.4,9065,2021-09-28 19:10:00,QTNT
2.4,2.405,2.4,2.405,5167,2021-09-28 19:15:00,QTNT
2.405,2.405,2.4,2.405,11740,2021-09-28 19:20:00,QTNT
2.4,2.405,2.36,2.37,96460,2021-09-28 19:25:00,QTNT
2.365,2.37,2.365,2.37,7383,2021-09-28 19:30:00,QTNT
2.365,2.38,2.365,2.38,9150,2021-09-28 19:35:00,QTNT
2.37,2.38,2.37,2.375,2300,2021-09-28 19:40:00,QTNT
2.375,2.3799,2.37,2.37,4788,2021-09-28 19:45:00,QTNT
2.37,2.375,2.35,2.355,22337,2021-09-28 19:50:00,QTNT
2.35,2.36,2.35,2.35,21927,2021-09-28 19:55:00,QTNT
2.36,2.36,2.36,2.36,33574,2021-09-28 20:00:00,QTNT
2.36,2.36,2.36,2.36,1000,2021-09-28 20:40:00,QTNT
2.36,2.36,2.36,2.36,150,2021-09-28 21:00:00,QTNT
2.36,2.36,2.36,2.36,100,2021-09-28 23:45:00,QTNT
2.4,2.4,2.35,2.35,13572,2021-09-29 13:30:00,QTNT
2.34,2.345,2.335,2.34,2872,2021-09-29 13:35:00,QTNT
2.34,2.35,2.34,2.34,3702,2021-09-29 13:40:00,QTNT
2.335,2.37,2.335,2.37,18647,2021-09-29 13:45:00,QTNT
2.38,2.395,2.37,2.395,3900,2021-09-29 13:50:00,QTNT
2.4,2.4,2.36,2.38,4851,2021-09-29 13:55:00,QTNT
2.38,2.39,2.37,2.39,6042,2021-09-29 14:00:00,QTNT
2.39,2.39,2.38,2.385,3500,2021-09-29 14:05:00,QTNT
2.39,2.39,2.39,2.39,400,2021-09-29 14:10:00,QTNT
2.385,2.4092,2.385,2.405,12066,2021-09-29 14:15:00,QTNT
2.41,2.41,2.4,2.4,8417,2021-09-29 14:20:00,QTNT
2.39,2.395,2.39,2.395,24984,2021-09-29 14:25:00,QTNT
2.4,2.41,2.4,2.405,6234,2021-09-29 14:30:00,QTNT
2.41,2.41,2.41,2.41,200,2021-09-29 14:35:00,QTNT
2.405,2.41,2.4,2.4,1800,2021-09-29 14:40:00,QTNT
2.405,2.405,2.405,2.405,500,2021-09-29 14:45:00,QTNT
2.405,2.405,2.405,2.405,200,2021-09-29 14:50:00,QTNT
2.405,2.405,2.4025,2.4025,300,2021-09-29 14:55:00,QTNT
2.405,2.405,2.405,2.405,300,2021-09-29 15:05:00,QTNT
2.4,2.41,2.4,2.41,400,2021-09-29 15:10:00,QTNT
2.405,2.405,2.4,2.4,4979,2021-09-29 15:15:00,QTNT
2.395,2.395,2.39,2.39,1505,2021-09-29 15:25:00,QTNT
2.385,2.39,2.38,2.385,3957,2021-09-29 15:30:00,QTNT
2.38,2.38,2.38,2.38,878,2021-09-29 15:35:00,QTNT
2.385,2.385,2.385,2.385,100,2021-09-29 15:40:00,QTNT
2.385,2.39,2.38,2.3852,2295,2021-09-29 15:45:00,QTNT
2.38,2.38,2.37,2.3741,2543,2021-09-29 15:50:00,QTNT
2.37,2.37,2.34,2.35,5000,2021-09-29 15:55:00,QTNT
2.355,2.355,2.34,2.355,5046,2021-09-29 16:00:00,QTNT
2.355,2.355,2.355,2.355,421,2021-09-29 16:15:00,QTNT
2.355,2.355,2.355,2.355,200,2021-09-29 16:20:00,QTNT
2.36,2.365,2.36,2.36,622,2021-09-29 16:25:00,QTNT
2.37,2.37,2.37,2.37,100,2021-09-29 16:30:00,QTNT
2.365,2.365,2.365,2.365,200,2021-09-29 16:35:00,QTNT
2.37,2.37,2.37,2.37,301,2021-09-29 16:40:00,QTNT
2.37,2.37,2.37,2.37,500,2021-09-29 16:45:00,QTNT
2.37,2.38,2.37,2.38,900,2021-09-29 16:50:00,QTNT
2.38,2.385,2.38,2.38,6593,2021-09-29 16:55:00,QTNT
2.385,2.385,2.37,2.3734,8202,2021-09-29 17:00:00,QTNT
2.3799,2.3799,2.3799,2.3799,200,2021-09-29 17:05:00,QTNT
2.375,2.38,2.37,2.372,3222,2021-09-29 17:15:00,QTNT
2.3729,2.3729,2.3729,2.3729,100,2021-09-29 17:20:00,QTNT
2.3717,2.3717,2.3717,2.3717,379,2021-09-29 17:25:00,QTNT
2.38,2.385,2.38,2.385,5094,2021-09-29 17:30:00,QTNT
2.385,2.385,2.3841,2.3841,273,2021-09-29 17:35:00,QTNT
2.39,2.39,2.385,2.39,583,2021-09-29 17:40:00,QTNT
2.385,2.385,2.385,2.385,500,2021-09-29 17:45:00,QTNT
2.385,2.385,2.385,2.385,860,2021-09-29 17:50:00,QTNT
2.385,2.385,2.38,2.38,200,2021-09-29 17:55:00,QTNT
2.385,2.39,2.385,2.385,1934,2021-09-29 18:00:00,QTNT
2.385,2.385,2.385,2.385,843,2021-09-29 18:05:00,QTNT
2.385,2.385,2.38,2.38,300,2021-09-29 18:10:00,QTNT
2.385,2.39,2.385,2.39,400,2021-09-29 18:15:00,QTNT
2.39,2.39,2.38,2.385,11293,2021-09-29 18:20:00,QTNT
2.385,2.385,2.385,2.385,120,2021-09-29 18:25:00,QTNT
2.385,2.39,2.385,2.39,300,2021-09-29 18:30:00,QTNT
2.38,2.385,2.36,2.363,8950,2021-09-29 18:35:00,QTNT
2.366,2.366,2.36,2.36,2792,2021-09-29 18:40:00,QTNT
2.36,2.36,2.36,2.36,400,2021-09-29 18:45:00,QTNT
2.365,2.37,2.3626,2.37,582,2021-09-29 18:55:00,QTNT
2.37,2.37,2.37,2.37,100,2021-09-29 19:00:00,QTNT
2.37,2.38,2.365,2.37,10709,2021-09-29 19:05:00,QTNT
2.375,2.375,2.375,2.375,100,2021-09-29 19:10:00,QTNT
2.38,2.38,2.375,2.375,691,2021-09-29 19:15:00,QTNT
2.375,2.375,2.36,2.365,5079,2021-09-29 19:20:00,QTNT
2.36,2.36,2.36,2.36,395,2021-09-29 19:25:00,QTNT
2.36,2.36,2.35,2.36,2326,2021-09-29 19:35:00,QTNT
2.3523,2.355,2.3523,2.355,200,2021-09-29 19:40:00,QTNT
2.355,2.358,2.35,2.35,448,2021-09-29 19:45:00,QTNT
2.36,2.36,2.35,2.36,20749,2021-09-29 19:50:00,QTNT
2.36,2.36,2.34,2.36,24242,2021-09-29 19:55:00,QTNT
2.36,2.36,2.36,2.36,25083,2021-09-29 20:00:00,QTNT
2.35,2.35,2.33,2.34,2679,2021-09-30 13:30:00,QTNT
2.355,2.355,2.35,2.3501,1120,2021-09-30 13:35:00,QTNT
2.34,2.36,2.33,2.36,6500,2021-09-30 13:40:00,QTNT
2.36,2.36,2.335,2.335,400,2021-09-30 13:45:00,QTNT
2.34,2.37,2.34,2.37,1200,2021-09-30 13:50:00,QTNT
2.37,2.37,2.34,2.35,2174,2021-09-30 13:55:00,QTNT
2.35,2.35,2.345,2.35,1176,2021-09-30 14:05:00,QTNT
2.36,2.36,2.36,2.36,1058,2021-09-30 14:10:00,QTNT
2.36,2.36,2.355,2.355,1318,2021-09-30 14:25:00,QTNT
2.355,2.355,2.35,2.355,4125,2021-09-30 14:30:00,QTNT
2.355,2.3587,2.355,2.3587,1950,2021-09-30 14:35:00,QTNT
2.35,2.35,2.335,2.335,3102,2021-09-30 14:40:00,QTNT
2.33,2.3383,2.325,2.3383,1218,2021-09-30 14:45:00,QTNT
2.33,2.3341,2.32,2.33,6000,2021-09-30 14:55:00,QTNT
2.3315,2.335,2.3315,2.335,800,2021-09-30 15:00:00,QTNT
2.33,2.34,2.33,2.34,1100,2021-09-30 15:05:00,QTNT
2.35,2.35,2.35,2.35,100,2021-09-30 15:10:00,QTNT
2.35,2.35,2.34,2.35,4315,2021-09-30 15:20:00,QTNT
2.355,2.355,2.355,2.355,600,2021-09-30 15:25:00,QTNT
2.35,2.35,2.35,2.35,200,2021-09-30 15:30:00,QTNT
2.3587,2.3587,2.34,2.35,6904,2021-09-30 15:35:00,QTNT
2.345,2.345,2.345,2.345,100,2021-09-30 15:40:00,QTNT
2.3429,2.3429,2.3429,2.3429,100,2021-09-30 15:45:00,QTNT
2.345,2.345,2.345,2.345,100,2021-09-30 15:50:00,QTNT
2.34,2.34,2.32,2.32,3684,2021-09-30 15:55:00,QTNT
2.32,2.325,2.32,2.325,2315,2021-09-30 16:00:00,QTNT
2.3219,2.325,2.3219,2.325,300,2021-09-30 16:05:00,QTNT
2.3275,2.3275,2.3275,2.3275,109,2021-09-30 16:10:00,QTNT
2.325,2.33,2.32,2.32,520,2021-09-30 16:20:00,QTNT
2.33,2.3301,2.329,2.3301,2421,2021-09-30 16:30:00,QTNT
2.34,2.3476,2.34,2.345,1700,2021-09-30 16:35:00,QTNT
2.345,2.345,2.345,2.345,100,2021-09-30 16:55:00,QTNT
2.345,2.345,2.34,2.34,1300,2021-09-30 17:00:00,QTNT
2.34,2.34,2.34,2.34,420,2021-09-30 17:05:00,QTNT
2.3416,2.3416,2.3416,2.3416,205,2021-09-30 17:10:00,QTNT
2.3413,2.3413,2.33,2.335,5031,2021-09-30 17:15:00,QTNT
2.3399,2.345,2.33,2.34,19036,2021-09-30 17:20:00,QTNT
2.34,2.3468,2.34,2.34,861,2021-09-30 17:25:00,QTNT
2.34,2.345,2.34,2.345,300,2021-09-30 17:30:00,QTNT
2.3432,2.345,2.34,2.34,802,2021-09-30 17:35:00,QTNT
2.345,2.35,2.34,2.34,2965,2021-09-30 17:40:00,QTNT
2.345,2.345,2.345,2.345,100,2021-09-30 17:45:00,QTNT
2.345,2.345,2.345,2.345,100,2021-09-30 17:50:00,QTNT
2.345,2.345,2.345,2.345,200,2021-09-30 17:55:00,QTNT
2.345,2.35,2.33,2.3301,35108,2021-09-30 18:00:00,QTNT
2.335,2.345,2.335,2.345,2300,2021-09-30 18:05:00,QTNT
2.345,2.345,2.345,2.345,900,2021-09-30 18:10:00,QTNT
2.345,2.345,2.33,2.33,2722,2021-09-30 18:15:00,QTNT
2.335,2.34,2.33,2.335,27670,2021-09-30 18:20:00,QTNT
2.335,2.335,2.33,2.33,1242,2021-09-30 18:25:00,QTNT
2.335,2.3382,2.33,2.33,1660,2021-09-30 18:30:00,QTNT
2.335,2.34,2.33,2.33,9687,2021-09-30 18:35:00,QTNT
2.33,2.33,2.33,2.33,900,2021-09-30 18:40:00,QTNT
2.335,2.34,2.33,2.34,9018,2021-09-30 18:45:00,QTNT
2.34,2.3499,2.34,2.345,15800,2021-09-30 18:50:00,QTNT
2.34,2.3499,2.34,2.345,2300,2021-09-30 18:55:00,QTNT
2.345,2.345,2.34,2.34,1600,2021-09-30 19:00:00,QTNT
2.3499,2.3499,2.345,2.345,400,2021-09-30 19:05:00,QTNT
2.345,2.345,2.345,2.345,100,2021-09-30 19:10:00,QTNT
2.345,2.345,2.34,2.34,500,2021-09-30 19:15:00,QTNT
2.345,2.345,2.34,2.345,8600,2021-09-30 19:20:00,QTNT
2.345,2.3462,2.345,2.345,500,2021-09-30 19:25:00,QTNT
2.345,2.345,2.34,2.345,600,2021-09-30 19:30:00,QTNT
2.345,2.348,2.34,2.345,1820,2021-09-30 19:40:00,QTNT
2.3499,2.35,2.34,2.3481,2526,2021-09-30 19:45:00,QTNT
2.345,2.35,2.345,2.3478,974,2021-09-30 19:50:00,QTNT
2.34,2.35,2.33,2.35,29855,2021-09-30 19:55:00,QTNT
2.34,2.34,2.34,2.34,35490,2021-09-30 20:00:00,QTNT
