open,high,low,close,volume,datetime,symbol
4.18,4.18,4.18,4.18,238,2022-03-01 12:00:00,APPH
4.14,4.15,4.14,4.15,200,2022-03-01 12:45:00,APPH
3.97,3.97,3.87,3.87,400,2022-03-01 13:15:00,APPH
3.84,3.84,3.84,3.84,200,2022-03-01 13:20:00,APPH
3.87,3.8999,3.87,3.8999,1255,2022-03-01 13:25:00,APPH
3.9,3.9,3.9,3.9,220,2022-03-01 13:30:00,APPH
3.9,3.9,3.9,3.9,300,2022-03-01 13:40:00,APPH
3.88,3.88,3.88,3.88,258,2022-03-01 14:00:00,APPH
3.89,3.89,3.89,3.89,275,2022-03-01 14:15:00,APPH
4.0,4.06,3.9,4.06,5319,2022-03-01 14:25:00,APPH
3.99,4.06,3.75,3.8,159021,2022-03-01 14:30:00,APPH
3.7862,3.8,3.73,3.74,56149,2022-03-01 14:35:00,APPH
3.735,3.738,3.7,3.73,26889,2022-03-01 14:40:00,APPH
3.73,3.73,3.67,3.7,70908,2022-03-01 14:45:00,APPH
3.7,3.74,3.685,3.74,25459,2022-03-01 14:50:00,APPH
3.735,3.76,3.715,3.75,8186,2022-03-01 14:55:00,APPH
3.7585,3.76,3.735,3.75,20800,2022-03-01 15:00:00,APPH
3.75,3.78,3.75,3.77,26914,2022-03-01 15:05:00,APPH
3.75,3.75,3.7212,3.7499,17126,2022-03-01 15:10:00,APPH
3.7463,3.78,3.743,3.7601,14184,2022-03-01 15:15:00,APPH
3.765,3.8,3.765,3.795,10430,2022-03-01 15:20:00,APPH
3.7991,3.81,3.79,3.795,76240,2022-03-01 15:25:00,APPH
3.7999,3.805,3.77,3.77,21127,2022-03-01 15:30:00,APPH
3.771,3.771,3.74,3.74,19033,2022-03-01 15:35:00,APPH
3.74,3.74,3.715,3.72,6632,2022-03-01 15:40:00,APPH
3.71,3.73,3.7012,3.73,8523,2022-03-01 15:45:00,APPH
3.725,3.735,3.72,3.7298,22945,2022-03-01 15:50:00,APPH
3.725,3.73,3.72,3.73,4689,2022-03-01 15:55:00,APPH
3.73,3.745,3.725,3.74,38759,2022-03-01 16:00:00,APPH
3.735,3.7475,3.73,3.735,8860,2022-03-01 16:05:00,APPH
3.73,3.73,3.71,3.715,11165,2022-03-01 16:10:00,APPH
3.715,3.72,3.71,3.715,3900,2022-03-01 16:15:00,APPH
3.715,3.715,3.67,3.68,28115,2022-03-01 16:20:00,APPH
3.685,3.695,3.685,3.695,5083,2022-03-01 16:25:00,APPH
3.69,3.695,3.68,3.6801,43013,2022-03-01 16:30:00,APPH
3.685,3.685,3.67,3.675,32567,2022-03-01 16:35:00,APPH
3.675,3.675,3.65,3.655,17749,2022-03-01 16:40:00,APPH
3.66,3.66,3.625,3.645,42376,2022-03-01 16:45:00,APPH
3.645,3.645,3.63,3.635,6636,2022-03-01 16:50:00,APPH
3.635,3.64,3.58,3.595,63572,2022-03-01 16:55:00,APPH
3.595,3.5981,3.58,3.585,26465,2022-03-01 17:00:00,APPH
3.585,3.595,3.58,3.585,41047,2022-03-01 17:05:00,APPH
3.585,3.6,3.58,3.58,59935,2022-03-01 17:10:00,APPH
3.5812,3.64,3.58,3.64,100825,2022-03-01 17:15:00,APPH
3.64,3.65,3.6301,3.645,20167,2022-03-01 17:20:00,APPH
3.645,3.645,3.6312,3.635,9929,2022-03-01 17:25:00,APPH
3.64,3.64,3.61,3.625,18660,2022-03-01 17:30:00,APPH
3.625,3.63,3.623,3.63,3633,2022-03-01 17:35:00,APPH
3.625,3.63,3.62,3.625,6380,2022-03-01 17:40:00,APPH
3.6299,3.64,3.625,3.64,11036,2022-03-01 17:45:00,APPH
3.635,3.64,3.63,3.64,4626,2022-03-01 17:50:00,APPH
3.64,3.65,3.635,3.645,11277,2022-03-01 17:55:00,APPH
3.64,3.65,3.64,3.645,3174,2022-03-01 18:00:00,APPH
3.65,3.65,3.635,3.635,9105,2022-03-01 18:05:00,APPH
3.6301,3.6301,3.62,3.62,4314,2022-03-01 18:10:00,APPH
3.62,3.6258,3.615,3.62,22802,2022-03-01 18:15:00,APPH
3.625,3.6484,3.625,3.6475,12702,2022-03-01 18:20:00,APPH
3.645,3.6459,3.62,3.62,8517,2022-03-01 18:25:00,APPH
3.625,3.63,3.62,3.625,7504,2022-03-01 18:30:00,APPH
3.625,3.6276,3.605,3.61,21412,2022-03-01 18:35:00,APPH
3.61,3.615,3.595,3.595,10420,2022-03-01 18:40:00,APPH
3.595,3.595,3.56,3.56,17789,2022-03-01 18:45:00,APPH
3.56,3.57,3.56,3.565,10199,2022-03-01 18:50:00,APPH
3.57,3.59,3.56,3.565,57786,2022-03-01 18:55:00,APPH
3.575,3.575,3.555,3.555,11710,2022-03-01 19:00:00,APPH
3.5595,3.59,3.55,3.5875,41734,2022-03-01 19:05:00,APPH
3.585,3.59,3.58,3.585,7290,2022-03-01 19:10:00,APPH
3.585,3.62,3.585,3.615,20210,2022-03-01 19:15:00,APPH
3.615,3.63,3.615,3.6287,15448,2022-03-01 19:20:00,APPH
3.625,3.63,3.62,3.625,7358,2022-03-01 19:25:00,APPH
3.625,3.6296,3.61,3.615,7051,2022-03-01 19:30:00,APPH
3.615,3.62,3.6,3.6,17026,2022-03-01 19:35:00,APPH
3.605,3.61,3.6,3.605,10886,2022-03-01 19:40:00,APPH
3.6,3.605,3.58,3.58,11722,2022-03-01 19:45:00,APPH
3.58,3.58,3.56,3.57,10144,2022-03-01 19:50:00,APPH
3.565,3.565,3.56,3.56,4300,2022-03-01 19:55:00,APPH
3.56,3.6075,3.56,3.595,49848,2022-03-01 20:00:00,APPH
3.6,3.61,3.595,3.6,7250,2022-03-01 20:05:00,APPH
3.6,3.605,3.58,3.59,18536,2022-03-01 20:10:00,APPH
3.59,3.5999,3.59,3.595,10332,2022-03-01 20:15:00,APPH
3.59,3.595,3.57,3.57,28193,2022-03-01 20:20:00,APPH
3.57,3.5765,3.53,3.54,92223,2022-03-01 20:25:00,APPH
3.545,3.55,3.54,3.545,33911,2022-03-01 20:30:00,APPH
3.54,3.55,3.535,3.545,73998,2022-03-01 20:35:00,APPH
3.54,3.5475,3.53,3.54,51407,2022-03-01 20:40:00,APPH
3.5484,3.5484,3.53,3.53,33932,2022-03-01 20:45:00,APPH
3.535,3.555,3.52,3.555,54074,2022-03-01 20:50:00,APPH
3.55,3.57,3.55,3.56,52511,2022-03-01 20:55:00,APPH
3.58,3.71,3.58,3.71,64507,2022-03-01 21:00:00,APPH
3.51,3.51,3.51,3.51,100,2022-03-01 21:30:00,APPH
3.52,3.52,3.52,3.52,100,2022-03-01 21:50:00,APPH
3.53,3.53,3.53,3.53,119,2022-03-01 22:00:00,APPH
3.58,3.58,3.58,3.58,2566,2022-03-01 22:05:00,APPH
3.7,3.7,3.7,3.7,150,2022-03-01 22:25:00,APPH
3.71,3.72,3.71,3.72,450,2022-03-01 22:30:00,APPH
3.65,3.65,3.65,3.65,186,2022-03-01 23:00:00,APPH
3.6,3.6,3.6,3.6,150,2022-03-02 00:25:00,APPH
3.53,3.53,3.51,3.51,1606,2022-03-02 00:35:00,APPH
3.5,3.5,3.5,3.5,100,2022-03-02 00:55:00,APPH
3.59,3.59,3.59,3.59,1839,2022-03-02 13:00:00,APPH
3.88,3.88,3.88,3.88,500,2022-03-02 13:05:00,APPH
3.74,3.74,3.74,3.74,300,2022-03-02 14:15:00,APPH
3.66,3.66,3.6,3.6,735,2022-03-02 14:25:00,APPH
3.72,3.73,3.57,3.666,29593,2022-03-02 14:30:00,APPH
3.64,3.65,3.6,3.6132,45894,2022-03-02 14:35:00,APPH
3.61,3.685,3.61,3.6785,17209,2022-03-02 14:40:00,APPH
3.68,3.7,3.65,3.69,63883,2022-03-02 14:45:00,APPH
3.6867,3.6867,3.65,3.67,13366,2022-03-02 14:50:00,APPH
3.67,3.7,3.67,3.7,9102,2022-03-02 14:55:00,APPH
3.7,3.74,3.69,3.72,33070,2022-03-02 15:00:00,APPH
3.72,3.73,3.685,3.715,26710,2022-03-02 15:05:00,APPH
3.71,3.72,3.695,3.695,5386,2022-03-02 15:10:00,APPH
3.7,3.74,3.7,3.735,5598,2022-03-02 15:15:00,APPH
3.74,3.74,3.72,3.72,16077,2022-03-02 15:20:00,APPH
3.7199,3.76,3.7001,3.75,20361,2022-03-02 15:25:00,APPH
3.745,3.7596,3.71,3.717,26215,2022-03-02 15:30:00,APPH
3.72,3.735,3.72,3.73,4222,2022-03-02 15:35:00,APPH
3.7312,3.7312,3.7,3.71,6909,2022-03-02 15:40:00,APPH
3.715,3.715,3.7,3.715,9386,2022-03-02 15:45:00,APPH
3.72,3.72,3.69,3.69,7840,2022-03-02 15:50:00,APPH
3.7,3.7,3.685,3.685,9400,2022-03-02 15:55:00,APPH
3.685,3.7,3.65,3.691,30284,2022-03-02 16:00:00,APPH
3.695,3.7,3.69,3.69,3200,2022-03-02 16:05:00,APPH
3.695,3.7,3.69,3.6907,5500,2022-03-02 16:10:00,APPH
3.69,3.7,3.69,3.7,5535,2022-03-02 16:15:00,APPH
3.695,3.6999,3.68,3.68,4600,2022-03-02 16:20:00,APPH
3.685,3.6881,3.68,3.68,3660,2022-03-02 16:25:00,APPH
3.68,3.685,3.64,3.64,9909,2022-03-02 16:30:00,APPH
3.64,3.6599,3.64,3.655,6422,2022-03-02 16:35:00,APPH
3.65,3.66,3.645,3.65,12861,2022-03-02 16:40:00,APPH
3.65,3.66,3.645,3.65,3510,2022-03-02 16:45:00,APPH
3.65,3.68,3.64,3.675,39682,2022-03-02 16:50:00,APPH
3.67,3.67,3.65,3.65,5030,2022-03-02 16:55:00,APPH
3.6512,3.6512,3.645,3.645,5200,2022-03-02 17:00:00,APPH
3.64,3.65,3.64,3.65,3928,2022-03-02 17:05:00,APPH
3.64,3.64,3.61,3.62,18803,2022-03-02 17:10:00,APPH
3.625,3.6259,3.62,3.625,2706,2022-03-02 17:15:00,APPH
3.62,3.65,3.62,3.645,13348,2022-03-02 17:20:00,APPH
3.645,3.655,3.64,3.64,22364,2022-03-02 17:25:00,APPH
3.64,3.65,3.64,3.645,9675,2022-03-02 17:30:00,APPH
3.645,3.65,3.62,3.625,8275,2022-03-02 17:35:00,APPH
3.62,3.63,3.61,3.625,9829,2022-03-02 17:40:00,APPH
3.625,3.63,3.62,3.625,3600,2022-03-02 17:45:00,APPH
3.63,3.63,3.62,3.625,7126,2022-03-02 17:50:00,APPH
3.63,3.64,3.62,3.64,5060,2022-03-02 17:55:00,APPH
3.635,3.64,3.63,3.635,2850,2022-03-02 18:00:00,APPH
3.64,3.65,3.64,3.65,5515,2022-03-02 18:05:00,APPH
3.645,3.67,3.635,3.635,24827,2022-03-02 18:10:00,APPH
3.63,3.637,3.61,3.615,11439,2022-03-02 18:15:00,APPH
3.62,3.62,3.6,3.6,3900,2022-03-02 18:20:00,APPH
3.6,3.61,3.59,3.605,22949,2022-03-02 18:25:00,APPH
3.61,3.6296,3.61,3.62,8676,2022-03-02 18:30:00,APPH
3.62,3.625,3.615,3.62,6708,2022-03-02 18:35:00,APPH
3.62,3.63,3.615,3.62,6512,2022-03-02 18:40:00,APPH
3.62,3.625,3.6,3.6,5878,2022-03-02 18:45:00,APPH
3.6,3.6,3.59,3.59,8686,2022-03-02 18:50:00,APPH
3.59,3.595,3.58,3.58,10401,2022-03-02 18:55:00,APPH
3.58,3.59,3.56,3.565,8129,2022-03-02 19:00:00,APPH
3.5639,3.57,3.56,3.56,8556,2022-03-02 19:05:00,APPH
3.56,3.561,3.55,3.55,6722,2022-03-02 19:10:00,APPH
3.5508,3.5684,3.54,3.5684,15905,2022-03-02 19:15:00,APPH
3.5685,3.5685,3.55,3.55,6823,2022-03-02 19:20:00,APPH
3.55,3.555,3.535,3.555,14524,2022-03-02 19:25:00,APPH
3.55,3.5553,3.55,3.55,2450,2022-03-02 19:30:00,APPH
3.55,3.56,3.55,3.55,3300,2022-03-02 19:35:00,APPH
3.55,3.585,3.55,3.585,13730,2022-03-02 19:40:00,APPH
3.585,3.6,3.585,3.595,12682,2022-03-02 19:45:00,APPH
3.595,3.6,3.55,3.56,36482,2022-03-02 19:50:00,APPH
3.56,3.57,3.56,3.5692,5467,2022-03-02 19:55:00,APPH
3.565,3.58,3.56,3.575,12414,2022-03-02 20:00:00,APPH
3.57,3.59,3.57,3.5875,9333,2022-03-02 20:05:00,APPH
3.59,3.59,3.58,3.58,6100,2022-03-02 20:10:00,APPH
3.59,3.59,3.57,3.57,11102,2022-03-02 20:15:00,APPH
3.575,3.58,3.57,3.57,5309,2022-03-02 20:20:00,APPH
3.57,3.5757,3.56,3.565,13851,2022-03-02 20:25:00,APPH
3.565,3.57,3.54,3.555,33789,2022-03-02 20:30:00,APPH
3.555,3.565,3.55,3.56,16397,2022-03-02 20:35:00,APPH
3.56,3.56,3.55,3.5594,11853,2022-03-02 20:40:00,APPH
3.555,3.575,3.55,3.57,22837,2022-03-02 20:45:00,APPH
3.57,3.585,3.57,3.585,40115,2022-03-02 20:50:00,APPH
3.58,3.59,3.57,3.58,59407,2022-03-02 20:55:00,APPH
3.59,3.59,3.59,3.59,51395,2022-03-02 21:00:00,APPH
3.55,3.55,3.55,3.55,1000,2022-03-02 21:05:00,APPH
3.65,3.65,3.65,3.65,100,2022-03-02 21:55:00,APPH
3.51,3.51,3.51,3.51,202,2022-03-02 22:05:00,APPH
3.59,3.59,3.59,3.59,247,2022-03-03 11:50:00,APPH
3.7001,3.7001,3.7001,3.7001,100,2022-03-03 13:00:00,APPH
3.72,3.72,3.72,3.72,131,2022-03-03 13:25:00,APPH
3.74,3.75,3.74,3.75,200,2022-03-03 13:30:00,APPH
3.74,3.76,3.74,3.76,554,2022-03-03 13:40:00,APPH
3.74,3.74,3.74,3.74,500,2022-03-03 13:45:00,APPH
3.73,3.73,3.73,3.73,1000,2022-03-03 13:55:00,APPH
3.75,3.77,3.75,3.77,397,2022-03-03 14:00:00,APPH
3.7599,3.7599,3.7599,3.7599,500,2022-03-03 14:05:00,APPH
3.7599,3.7599,3.7599,3.7599,250,2022-03-03 14:15:00,APPH
3.77,3.77,3.6,3.68,32268,2022-03-03 14:30:00,APPH
3.69,3.6912,3.58,3.63,29690,2022-03-03 14:35:00,APPH
3.6375,3.6375,3.5988,3.605,10241,2022-03-03 14:40:00,APPH
3.61,3.62,3.585,3.62,35200,2022-03-03 14:45:00,APPH
3.615,3.669,3.615,3.6675,20835,2022-03-03 14:50:00,APPH
3.67,3.6896,3.65,3.685,36592,2022-03-03 14:55:00,APPH
3.689,3.75,3.68,3.745,24950,2022-03-03 15:00:00,APPH
3.745,3.83,3.73,3.8298,60715,2022-03-03 15:05:00,APPH
3.83,3.85,3.8,3.849,63605,2022-03-03 15:10:00,APPH
3.844,3.91,3.82,3.884,58192,2022-03-03 15:15:00,APPH
3.8899,3.89,3.86,3.8675,40010,2022-03-03 15:20:00,APPH
3.87,3.92,3.87,3.91,50494,2022-03-03 15:25:00,APPH
3.91,3.96,3.905,3.9188,51916,2022-03-03 15:30:00,APPH
3.9175,3.9284,3.88,3.8813,38177,2022-03-03 15:35:00,APPH
3.8899,3.8899,3.86,3.8701,19668,2022-03-03 15:40:00,APPH
3.875,3.91,3.875,3.9,30830,2022-03-03 15:45:00,APPH
3.9,3.905,3.865,3.865,11484,2022-03-03 15:50:00,APPH
3.865,3.8681,3.855,3.86,13804,2022-03-03 15:55:00,APPH
3.86,3.86,3.83,3.8414,23812,2022-03-03 16:00:00,APPH
3.845,3.8475,3.82,3.825,26768,2022-03-03 16:05:00,APPH
3.8201,3.825,3.79,3.795,37655,2022-03-03 16:10:00,APPH
3.795,3.795,3.775,3.795,11791,2022-03-03 16:15:00,APPH
3.7936,3.82,3.7936,3.815,7170,2022-03-03 16:20:00,APPH
3.81,3.8187,3.79,3.79,14040,2022-03-03 16:25:00,APPH
3.7891,3.8,3.775,3.795,12334,2022-03-03 16:30:00,APPH
3.795,3.8,3.79,3.795,8556,2022-03-03 16:35:00,APPH
3.785,3.85,3.785,3.8499,12273,2022-03-03 16:40:00,APPH
3.845,3.845,3.8191,3.8191,8741,2022-03-03 16:45:00,APPH
3.81,3.83,3.8,3.83,5517,2022-03-03 16:50:00,APPH
3.82,3.83,3.8,3.8296,7309,2022-03-03 16:55:00,APPH
3.82,3.825,3.8,3.8199,14180,2022-03-03 17:00:00,APPH
3.815,3.82,3.8116,3.82,2881,2022-03-03 17:05:00,APPH
3.825,3.83,3.82,3.83,7450,2022-03-03 17:10:00,APPH
3.82,3.8289,3.82,3.825,1454,2022-03-03 17:15:00,APPH
3.8291,3.8299,3.815,3.82,14039,2022-03-03 17:20:00,APPH
3.82,3.82,3.815,3.815,3167,2022-03-03 17:25:00,APPH
3.82,3.88,3.815,3.87,8392,2022-03-03 17:30:00,APPH
3.87,3.875,3.83,3.83,8674,2022-03-03 17:35:00,APPH
3.83,3.83,3.815,3.8286,8764,2022-03-03 17:40:00,APPH
3.82,3.835,3.82,3.835,2459,2022-03-03 17:45:00,APPH
3.83,3.83,3.82,3.82,3772,2022-03-03 17:50:00,APPH
3.82,3.83,3.82,3.83,7774,2022-03-03 17:55:00,APPH
3.83,3.83,3.7907,3.7982,9388,2022-03-03 18:00:00,APPH
3.8,3.8,3.8,3.8,618,2022-03-03 18:05:00,APPH
3.805,3.82,3.805,3.82,6930,2022-03-03 18:10:00,APPH
3.82,3.84,3.82,3.84,7733,2022-03-03 18:15:00,APPH
3.84,3.84,3.83,3.84,2750,2022-03-03 18:20:00,APPH
3.83,3.83,3.82,3.82,12971,2022-03-03 18:25:00,APPH
3.825,3.825,3.805,3.805,3309,2022-03-03 18:30:00,APPH
3.81,3.81,3.795,3.8,4200,2022-03-03 18:35:00,APPH
3.7997,3.8174,3.799,3.8174,5221,2022-03-03 18:40:00,APPH
3.815,3.825,3.815,3.82,7586,2022-03-03 18:45:00,APPH
3.825,3.825,3.8199,3.8199,2210,2022-03-03 18:50:00,APPH
3.815,3.82,3.8115,3.8115,2489,2022-03-03 18:55:00,APPH
3.82,3.82,3.8113,3.8113,2670,2022-03-03 19:00:00,APPH
3.815,3.82,3.8101,3.815,2653,2022-03-03 19:05:00,APPH
3.815,3.84,3.81,3.84,9575,2022-03-03 19:10:00,APPH
3.84,3.84,3.82,3.825,9425,2022-03-03 19:15:00,APPH
3.82,3.8281,3.8,3.82,13592,2022-03-03 19:20:00,APPH
3.825,3.84,3.825,3.8396,8864,2022-03-03 19:25:00,APPH
3.835,3.85,3.83,3.8364,19973,2022-03-03 19:30:00,APPH
3.84,3.86,3.8309,3.86,25031,2022-03-03 19:35:00,APPH
3.86,3.8999,3.855,3.865,55999,2022-03-03 19:40:00,APPH
3.8635,3.87,3.86,3.86,13581,2022-03-03 19:45:00,APPH
3.86,3.865,3.84,3.84,15685,2022-03-03 19:50:00,APPH
3.845,3.85,3.84,3.8488,9006,2022-03-03 19:55:00,APPH
3.84,3.84,3.81,3.81,29657,2022-03-03 20:00:00,APPH
3.81,3.81,3.78,3.785,14331,2022-03-03 20:05:00,APPH
3.78,3.78,3.755,3.755,27200,2022-03-03 20:10:00,APPH
3.76,3.77,3.76,3.7601,28163,2022-03-03 20:15:00,APPH
3.76,3.775,3.76,3.775,2845,2022-03-03 20:20:00,APPH
3.7799,3.785,3.775,3.785,3495,2022-03-03 20:25:00,APPH
3.785,3.8,3.785,3.79,13161,2022-03-03 20:30:00,APPH
3.78,3.785,3.76,3.76,5147,2022-03-03 20:35:00,APPH
3.76,3.79,3.76,3.7813,18118,2022-03-03 20:40:00,APPH
3.78,3.785,3.76,3.76,16825,2022-03-03 20:45:00,APPH
3.76,3.785,3.75,3.785,47652,2022-03-03 20:50:00,APPH
3.78,3.78,3.75,3.76,52843,2022-03-03 20:55:00,APPH
3.76,3.76,3.76,3.76,64428,2022-03-03 21:00:00,APPH
3.89,3.89,3.89,3.89,100,2022-03-03 21:30:00,APPH
3.86,3.86,3.86,3.86,500,2022-03-03 21:40:00,APPH
3.87,3.87,3.87,3.87,130,2022-03-03 21:55:00,APPH
3.87,3.87,3.87,3.87,140,2022-03-03 22:40:00,APPH
3.81,3.81,3.81,3.81,953,2022-03-04 00:35:00,APPH
3.8,3.8,3.77,3.77,250,2022-03-04 00:50:00,APPH
3.74,3.74,3.74,3.74,1500,2022-03-04 13:05:00,APPH
3.8,3.8,3.8,3.8,200,2022-03-04 13:50:00,APPH
3.79,3.79,3.73,3.73,1490,2022-03-04 14:00:00,APPH
3.7,3.7,3.7,3.7,300,2022-03-04 14:05:00,APPH
3.69,3.69,3.69,3.69,200,2022-03-04 14:20:00,APPH
3.84,3.91,3.84,3.91,5567,2022-03-04 14:25:00,APPH
3.88,3.88,3.79,3.81,74081,2022-03-04 14:30:00,APPH
3.8,3.82,3.7,3.745,26418,2022-03-04 14:35:00,APPH
3.745,3.745,3.69,3.71,27505,2022-03-04 14:40:00,APPH
3.71,3.76,3.71,3.755,13085,2022-03-04 14:45:00,APPH
3.75,3.77,3.75,3.755,11069,2022-03-04 14:50:00,APPH
3.76,3.79,3.7566,3.79,15079,2022-03-04 14:55:00,APPH
3.8,3.81,3.775,3.79,11204,2022-03-04 15:00:00,APPH
3.79,3.8,3.785,3.795,17044,2022-03-04 15:05:00,APPH
3.79,3.79,3.76,3.775,15623,2022-03-04 15:10:00,APPH
3.775,3.7885,3.77,3.7799,8200,2022-03-04 15:15:00,APPH
3.7771,3.81,3.7771,3.8099,12387,2022-03-04 15:20:00,APPH
3.8,3.818,3.8,3.81,6046,2022-03-04 15:25:00,APPH
3.81,3.81,3.8,3.805,11478,2022-03-04 15:30:00,APPH
3.805,3.8499,3.805,3.845,12606,2022-03-04 15:35:00,APPH
3.8482,3.8695,3.84,3.8612,15092,2022-03-04 15:40:00,APPH
3.865,3.89,3.865,3.885,14653,2022-03-04 15:45:00,APPH
3.8864,4.01,3.8864,3.99,128597,2022-03-04 15:50:00,APPH
4.0106,4.0799,3.97,4.0601,130769,2022-03-04 15:55:00,APPH
4.0654,4.1299,4.05,4.0507,165068,2022-03-04 16:00:00,APPH
4.0545,4.06,4.0,4.02,60838,2022-03-04 16:05:00,APPH
4.02,4.025,3.97,3.9975,42408,2022-03-04 16:10:00,APPH
4.0,4.085,3.9999,4.03,78490,2022-03-04 16:15:00,APPH
4.0399,4.085,4.01,4.085,58970,2022-03-04 16:20:00,APPH
4.0806,4.12,4.0612,4.115,78195,2022-03-04 16:25:00,APPH
4.115,4.15,4.105,4.1363,65249,2022-03-04 16:30:00,APPH
4.135,4.145,4.09,4.14,53912,2022-03-04 16:35:00,APPH
4.14,4.185,4.13,4.18,43602,2022-03-04 16:40:00,APPH
4.18,4.21,4.17,4.2,71893,2022-03-04 16:45:00,APPH
4.2,4.2099,4.13,4.135,58341,2022-03-04 16:50:00,APPH
4.135,4.145,4.1008,4.11,31008,2022-03-04 16:55:00,APPH
4.1001,4.105,4.06,4.085,60820,2022-03-04 17:00:00,APPH
4.09,4.105,4.08,4.1,18894,2022-03-04 17:05:00,APPH
4.11,4.17,4.11,4.145,35052,2022-03-04 17:10:00,APPH
4.145,4.145,4.04,4.04,55334,2022-03-04 17:15:00,APPH
4.0499,4.06,4.03,4.055,21373,2022-03-04 17:20:00,APPH
4.05,4.065,4.04,4.055,19624,2022-03-04 17:25:00,APPH
4.05,4.0785,4.04,4.0754,74421,2022-03-04 17:30:00,APPH
4.0781,4.135,4.075,4.13,26690,2022-03-04 17:35:00,APPH
4.1289,4.1398,4.1201,4.1398,9744,2022-03-04 17:40:00,APPH
4.1331,4.18,4.1331,4.17,27578,2022-03-04 17:45:00,APPH
4.1666,4.18,4.135,4.135,24179,2022-03-04 17:50:00,APPH
4.1399,4.155,4.1399,4.15,15893,2022-03-04 17:55:00,APPH
4.15,4.155,4.14,4.14,4572,2022-03-04 18:00:00,APPH
4.135,4.14,4.12,4.13,17321,2022-03-04 18:05:00,APPH
4.125,4.13,4.12,4.13,18184,2022-03-04 18:10:00,APPH
4.125,4.135,4.0962,4.1,15122,2022-03-04 18:15:00,APPH
4.1,4.115,4.1,4.105,12418,2022-03-04 18:20:00,APPH
4.1099,4.11,4.1008,4.1087,3019,2022-03-04 18:25:00,APPH
4.108,4.135,4.108,4.1298,12708,2022-03-04 18:30:00,APPH
4.13,4.1597,4.13,4.1591,19328,2022-03-04 18:35:00,APPH
4.1577,4.1599,4.085,4.0876,57291,2022-03-04 18:40:00,APPH
4.0883,4.095,4.0807,4.095,7459,2022-03-04 18:45:00,APPH
4.096,4.11,4.0908,4.11,10150,2022-03-04 18:50:00,APPH
4.11,4.115,4.09,4.09,15102,2022-03-04 18:55:00,APPH
4.0801,4.0887,4.04,4.0687,62538,2022-03-04 19:00:00,APPH
4.07,4.0783,4.045,4.0523,10269,2022-03-04 19:05:00,APPH
4.0504,4.08,4.04,4.055,39477,2022-03-04 19:10:00,APPH
4.0585,4.09,4.0423,4.085,14507,2022-03-04 19:15:00,APPH
4.08,4.12,4.08,4.115,22506,2022-03-04 19:20:00,APPH
4.1199,4.13,4.11,4.125,31308,2022-03-04 19:25:00,APPH
4.125,4.15,4.11,4.15,19657,2022-03-04 19:30:00,APPH
4.145,4.1499,4.13,4.1408,14711,2022-03-04 19:35:00,APPH
4.14,4.145,4.12,4.14,36479,2022-03-04 19:40:00,APPH
4.1369,4.19,4.1309,4.19,42425,2022-03-04 19:45:00,APPH
4.19,4.1997,4.175,4.1879,23652,2022-03-04 19:50:00,APPH
4.1818,4.185,4.1401,4.1401,28978,2022-03-04 19:55:00,APPH
4.145,4.15,4.12,4.1401,32736,2022-03-04 20:00:00,APPH
4.15,4.17,4.13,4.13,18720,2022-03-04 20:05:00,APPH
4.13,4.135,4.1,4.105,30987,2022-03-04 20:10:00,APPH
4.105,4.22,4.1,4.205,129444,2022-03-04 20:15:00,APPH
4.2077,4.295,4.2,4.2901,142824,2022-03-04 20:20:00,APPH
4.2912,4.5,4.29,4.49,179152,2022-03-04 20:25:00,APPH
4.49,4.59,4.49,4.575,178033,2022-03-04 20:30:00,APPH
4.575,4.575,4.415,4.4383,148002,2022-03-04 20:35:00,APPH
4.4303,4.46,4.4,4.4406,82344,2022-03-04 20:40:00,APPH
4.445,4.46,4.42,4.42,46007,2022-03-04 20:45:00,APPH
4.43,4.4694,4.42,4.46,121097,2022-03-04 20:50:00,APPH
4.47,4.51,4.465,4.49,174959,2022-03-04 20:55:00,APPH
4.49,4.55,4.49,4.5499,62160,2022-03-04 21:00:00,APPH
4.35,4.55,4.35,4.55,200,2022-03-04 21:05:00,APPH
4.49,4.49,4.49,4.49,400,2022-03-04 21:10:00,APPH
4.54,4.54,4.54,4.54,199,2022-03-04 21:15:00,APPH
4.4209,4.49,4.4209,4.48,3500,2022-03-04 21:25:00,APPH
4.48,4.48,4.48,4.48,500,2022-03-04 21:30:00,APPH
4.48,4.48,4.4,4.4,5022,2022-03-04 21:35:00,APPH
4.4,4.44,4.4,4.44,1850,2022-03-04 21:40:00,APPH
4.44,4.55,4.44,4.55,4842,2022-03-04 21:50:00,APPH
4.49,4.49,4.49,4.49,125,2022-03-04 21:55:00,APPH
4.5,4.5,4.5,4.5,200,2022-03-04 22:10:00,APPH
4.5,4.5,4.5,4.5,164,2022-03-04 22:15:00,APPH
4.5,4.5,4.5,4.5,1000,2022-03-04 22:45:00,APPH
4.49,4.49,4.49,4.49,100,2022-03-04 22:50:00,APPH
4.51,4.51,4.51,4.51,472,2022-03-04 22:55:00,APPH
4.55,4.55,4.55,4.55,100,2022-03-04 23:30:00,APPH
4.55,4.55,4.55,4.55,100,2022-03-04 23:35:00,APPH
4.44,4.44,4.44,4.44,110,2022-03-04 23:55:00,APPH
4.55,4.55,4.55,4.55,440,2022-03-05 00:05:00,APPH
4.55,4.55,4.55,4.55,1132,2022-03-05 00:15:00,APPH
4.55,4.55,4.44,4.55,1656,2022-03-05 00:20:00,APPH
4.55,4.55,4.55,4.55,1544,2022-03-05 00:30:00,APPH
4.54,4.55,4.54,4.55,1783,2022-03-05 00:55:00,APPH
4.58,4.59,4.25,4.25,760,2022-03-07 09:00:00,APPH
4.3,4.3,4.3,4.3,175,2022-03-07 09:10:00,APPH
4.57,4.57,4.57,4.57,100,2022-03-07 09:40:00,APPH
4.35,4.35,4.35,4.35,100,2022-03-07 11:05:00,APPH
4.55,4.57,4.45,4.57,848,2022-03-07 12:00:00,APPH
4.58,4.58,4.54,4.54,528,2022-03-07 12:05:00,APPH
4.54,4.54,4.54,4.54,100,2022-03-07 12:10:00,APPH
4.54,4.55,4.54,4.54,2250,2022-03-07 12:15:00,APPH
4.53,4.53,4.43,4.43,2000,2022-03-07 12:20:00,APPH
4.39,4.39,4.35,4.35,400,2022-03-07 12:30:00,APPH
4.32,4.36,4.31,4.31,1594,2022-03-07 12:35:00,APPH
4.38,4.46,4.38,4.45,1010,2022-03-07 12:45:00,APPH
4.52,4.52,4.52,4.52,171,2022-03-07 12:50:00,APPH
4.56,4.56,4.56,4.56,100,2022-03-07 12:55:00,APPH
4.54,4.54,4.51,4.51,300,2022-03-07 13:00:00,APPH
4.49,4.49,4.47,4.47,500,2022-03-07 13:05:00,APPH
4.48,4.48,4.48,4.48,100,2022-03-07 13:15:00,APPH
4.4699,4.4699,4.45,4.45,900,2022-03-07 13:20:00,APPH
4.47,4.47,4.43,4.43,714,2022-03-07 13:25:00,APPH
4.44,4.44,4.39,4.39,900,2022-03-07 13:30:00,APPH
4.43,4.44,4.43,4.44,400,2022-03-07 13:45:00,APPH
4.46,4.46,4.46,4.46,200,2022-03-07 13:50:00,APPH
4.44,4.45,4.44,4.45,965,2022-03-07 13:55:00,APPH
4.45,4.46,4.45,4.4501,8339,2022-03-07 14:00:00,APPH
4.46,4.47,4.46,4.47,2297,2022-03-07 14:05:00,APPH
4.5,4.5,4.5,4.5,100,2022-03-07 14:10:00,APPH
4.52,4.55,4.51,4.55,36905,2022-03-07 14:15:00,APPH
4.57,4.59,4.57,4.57,8289,2022-03-07 14:20:00,APPH
4.65,4.65,4.58,4.6,16363,2022-03-07 14:25:00,APPH
4.62,4.62,4.3101,4.3323,279547,2022-03-07 14:30:00,APPH
4.32,4.335,4.28,4.3,89145,2022-03-07 14:35:00,APPH
4.29,4.29,4.1363,4.18,175231,2022-03-07 14:40:00,APPH
4.17,4.33,4.165,4.32,74800,2022-03-07 14:45:00,APPH
4.325,4.4,4.32,4.395,42083,2022-03-07 14:50:00,APPH
4.4,4.475,4.4,4.46,55671,2022-03-07 14:55:00,APPH
4.46,4.69,4.46,4.63,146533,2022-03-07 15:00:00,APPH
4.625,4.685,4.6201,4.6699,68554,2022-03-07 15:05:00,APPH
4.67,4.735,4.64,4.7,129282,2022-03-07 15:10:00,APPH
4.71,4.79,4.71,4.79,80820,2022-03-07 15:15:00,APPH
4.8,4.98,4.79,4.91,213487,2022-03-07 15:20:00,APPH
4.9083,5.12,4.9083,5.08,244658,2022-03-07 15:25:00,APPH
5.0898,5.23,5.04,5.2123,350883,2022-03-07 15:30:00,APPH
5.22,5.29,5.21,5.2792,240248,2022-03-07 15:35:00,APPH
5.2812,5.8,5.275,5.61,579524,2022-03-07 15:40:00,APPH
5.595,5.75,5.47,5.495,443284,2022-03-07 15:45:00,APPH
5.495,5.61,5.3,5.325,370711,2022-03-07 15:50:00,APPH
5.325,5.43,5.325,5.415,108638,2022-03-07 15:55:00,APPH
5.42,5.45,5.32,5.38,105617,2022-03-07 16:00:00,APPH
5.38,5.4,5.09,5.18,194447,2022-03-07 16:05:00,APPH
5.18,5.33,5.18,5.31,91816,2022-03-07 16:10:00,APPH
5.32,5.41,5.32,5.3292,127469,2022-03-07 16:15:00,APPH
5.32,5.34,5.31,5.3306,47558,2022-03-07 16:20:00,APPH
5.34,5.345,5.3112,5.335,54722,2022-03-07 16:25:00,APPH
5.34,5.35,5.29,5.3,98286,2022-03-07 16:30:00,APPH
5.29,5.295,5.18,5.245,148242,2022-03-07 16:35:00,APPH
5.25,5.255,5.14,5.145,74415,2022-03-07 16:40:00,APPH
5.14,5.1895,5.135,5.155,43692,2022-03-07 16:45:00,APPH
5.155,5.17,5.125,5.16,40760,2022-03-07 16:50:00,APPH
5.16,5.17,5.1401,5.16,35142,2022-03-07 16:55:00,APPH
5.165,5.2,5.139,5.139,47146,2022-03-07 17:00:00,APPH
5.1344,5.14,5.07,5.075,34331,2022-03-07 17:05:00,APPH
5.075,5.095,5.005,5.02,83652,2022-03-07 17:10:00,APPH
5.015,5.06,5.015,5.03,32040,2022-03-07 17:15:00,APPH
5.04,5.07,5.02,5.0699,36166,2022-03-07 17:20:00,APPH
5.0699,5.14,5.0618,5.14,67831,2022-03-07 17:25:00,APPH
5.135,5.17,5.115,5.16,46855,2022-03-07 17:30:00,APPH
5.1692,5.21,5.16,5.1978,52635,2022-03-07 17:35:00,APPH
5.19,5.27,5.1801,5.22,59032,2022-03-07 17:40:00,APPH
5.2196,5.255,5.215,5.255,23605,2022-03-07 17:45:00,APPH
5.2501,5.28,5.2301,5.2579,62895,2022-03-07 17:50:00,APPH
5.255,5.28,5.22,5.28,45807,2022-03-07 17:55:00,APPH
5.28,5.29,5.224,5.2283,44141,2022-03-07 18:00:00,APPH
5.225,5.225,5.18,5.2,44236,2022-03-07 18:05:00,APPH
5.19,5.215,5.165,5.19,49994,2022-03-07 18:10:00,APPH
5.195,5.245,5.19,5.215,25260,2022-03-07 18:15:00,APPH
5.22,5.23,5.195,5.21,65295,2022-03-07 18:20:00,APPH
5.205,5.275,5.195,5.27,52912,2022-03-07 18:25:00,APPH
5.265,5.295,5.255,5.2801,34306,2022-03-07 18:30:00,APPH
5.285,5.33,5.24,5.32,48611,2022-03-07 18:35:00,APPH
5.325,5.43,5.32,5.4136,83827,2022-03-07 18:40:00,APPH
5.415,5.4288,5.3921,5.41,36937,2022-03-07 18:45:00,APPH
5.41,5.4392,5.31,5.33,75497,2022-03-07 18:50:00,APPH
5.33,5.33,5.295,5.2954,26575,2022-03-07 18:55:00,APPH
5.3,5.325,5.295,5.32,19294,2022-03-07 19:00:00,APPH
5.32,5.35,5.32,5.3475,26648,2022-03-07 19:05:00,APPH
5.35,5.41,5.345,5.3501,130193,2022-03-07 19:10:00,APPH
5.35,5.3868,5.325,5.3868,23138,2022-03-07 19:15:00,APPH
5.39,5.405,5.325,5.3316,45320,2022-03-07 19:20:00,APPH
5.335,5.39,5.335,5.38,60339,2022-03-07 19:25:00,APPH
5.38,5.47,5.377,5.445,37943,2022-03-07 19:30:00,APPH
5.45,5.49,5.43,5.44,50065,2022-03-07 19:35:00,APPH
5.4471,5.5,5.445,5.476,67945,2022-03-07 19:40:00,APPH
5.4791,5.53,5.4717,5.52,42901,2022-03-07 19:45:00,APPH
5.52,5.59,5.515,5.57,114044,2022-03-07 19:50:00,APPH
5.57,5.6,5.5601,5.6,78532,2022-03-07 19:55:00,APPH
5.6,5.64,5.585,5.61,82878,2022-03-07 20:00:00,APPH
5.61,5.61,5.47,5.54,111962,2022-03-07 20:05:00,APPH
5.56,5.6,5.55,5.585,58203,2022-03-07 20:10:00,APPH
5.585,5.5899,5.51,5.565,77670,2022-03-07 20:15:00,APPH
5.57,5.61,5.55,5.6001,79329,2022-03-07 20:20:00,APPH
5.6,5.66,5.595,5.65,104030,2022-03-07 20:25:00,APPH
5.64,5.67,5.61,5.67,67306,2022-03-07 20:30:00,APPH
5.67,5.69,5.6,5.63,90914,2022-03-07 20:35:00,APPH
5.63,5.7,5.62,5.685,56650,2022-03-07 20:40:00,APPH
5.68,5.68,5.57,5.58,128262,2022-03-07 20:45:00,APPH
5.585,5.66,5.58,5.655,138715,2022-03-07 20:50:00,APPH
5.655,5.7,5.65,5.7,158232,2022-03-07 20:55:00,APPH
5.68,5.68,5.59,5.59,47635,2022-03-07 21:00:00,APPH
5.6,5.6,5.55,5.55,8379,2022-03-07 21:05:00,APPH
5.55,5.55,5.55,5.55,4000,2022-03-07 21:10:00,APPH
5.575,5.575,5.575,5.575,1000,2022-03-07 21:15:00,APPH
5.55,5.6,5.55,5.55,1936,2022-03-07 21:20:00,APPH
5.55,5.55,5.55,5.55,165,2022-03-07 21:25:00,APPH
5.593,5.593,5.593,5.593,100,2022-03-07 21:30:00,APPH
5.58,5.58,5.5799,5.5799,250,2022-03-07 21:35:00,APPH
5.5799,5.5799,5.5799,5.5799,310,2022-03-07 21:40:00,APPH
5.56,5.56,5.55,5.55,800,2022-03-07 21:45:00,APPH
5.58,5.58,5.55,5.55,500,2022-03-07 21:50:00,APPH
5.58,5.58,5.58,5.58,200,2022-03-07 21:55:00,APPH
5.55,5.55,5.55,5.55,200,2022-03-07 22:00:00,APPH
5.5799,5.58,5.5799,5.58,558,2022-03-07 22:10:00,APPH
5.55,5.55,5.55,5.55,500,2022-03-07 22:20:00,APPH
5.55,5.56,5.55,5.55,2650,2022-03-07 22:25:00,APPH
5.55,5.55,5.55,5.55,300,2022-03-07 22:30:00,APPH
5.58,5.74,5.58,5.74,4603,2022-03-07 22:40:00,APPH
5.65,5.65,5.65,5.65,300,2022-03-07 22:45:00,APPH
5.7787,5.7787,5.7787,5.7787,200,2022-03-07 22:50:00,APPH
5.78,5.78,5.7795,5.7795,1200,2022-03-07 22:55:00,APPH
5.74,5.8,5.74,5.8,1495,2022-03-07 23:15:00,APPH
5.79,5.79,5.79,5.79,2100,2022-03-07 23:25:00,APPH
5.74,5.74,5.74,5.74,100,2022-03-07 23:35:00,APPH
5.6801,5.6801,5.6801,5.6801,1500,2022-03-07 23:40:00,APPH
5.68,5.68,5.65,5.65,635,2022-03-07 23:45:00,APPH
5.65,5.65,5.6,5.6,314,2022-03-07 23:50:00,APPH
5.65,5.65,5.65,5.65,165,2022-03-07 23:55:00,APPH
5.61,5.61,5.6,5.6,565,2022-03-08 00:10:00,APPH
5.6,5.65,5.6,5.65,200,2022-03-08 00:15:00,APPH
5.35,5.35,5.33,5.33,500,2022-03-08 09:00:00,APPH
5.32,5.32,5.3,5.3,3397,2022-03-08 09:30:00,APPH
5.41,5.41,5.41,5.41,100,2022-03-08 09:45:00,APPH
5.36,5.36,5.15,5.15,1497,2022-03-08 10:15:00,APPH
5.3,5.3,5.3,5.3,100,2022-03-08 10:35:00,APPH
5.26,5.26,5.26,5.26,100,2022-03-08 10:40:00,APPH
5.3,5.3,5.3,5.3,100,2022-03-08 10:45:00,APPH
5.16,5.16,5.15,5.15,1102,2022-03-08 11:15:00,APPH
5.14,5.15,5.14,5.15,2093,2022-03-08 11:20:00,APPH
5.14,5.14,5.14,5.14,100,2022-03-08 11:25:00,APPH
5.24,5.28,5.21,5.28,2615,2022-03-08 12:00:00,APPH
5.28,5.39,5.28,5.39,1161,2022-03-08 12:05:00,APPH
5.34,5.35,5.34,5.35,271,2022-03-08 12:10:00,APPH
5.33,5.36,5.3,5.3,2599,2022-03-08 12:15:00,APPH
5.29,5.29,5.29,5.29,100,2022-03-08 12:30:00,APPH
5.32,5.32,5.32,5.32,400,2022-03-08 12:40:00,APPH
5.31,5.31,5.31,5.31,200,2022-03-08 12:45:00,APPH
5.32,5.39,5.32,5.37,1800,2022-03-08 12:50:00,APPH
5.37,5.39,5.33,5.39,759,2022-03-08 13:00:00,APPH
5.36,5.4,5.35,5.4,1550,2022-03-08 13:05:00,APPH
5.4,5.4,5.4,5.4,373,2022-03-08 13:10:00,APPH
5.3801,5.3801,5.3801,5.3801,1000,2022-03-08 13:20:00,APPH
5.38,5.38,5.38,5.38,250,2022-03-08 13:25:00,APPH
5.36,5.36,5.35,5.35,999,2022-03-08 13:30:00,APPH
5.35,5.35,5.34,5.34,200,2022-03-08 13:35:00,APPH
5.36,5.36,5.35,5.35,2150,2022-03-08 13:40:00,APPH
5.31,5.31,5.31,5.31,600,2022-03-08 13:45:00,APPH
5.32,5.32,5.26,5.28,4250,2022-03-08 13:50:00,APPH
5.3,5.34,5.3,5.34,2422,2022-03-08 13:55:00,APPH
5.34,5.35,5.34,5.35,2431,2022-03-08 14:00:00,APPH
5.35,5.35,5.35,5.35,2448,2022-03-08 14:05:00,APPH
5.36,5.39,5.35,5.38,2125,2022-03-08 14:10:00,APPH
5.4,5.4,5.37,5.37,2250,2022-03-08 14:15:00,APPH
5.39,5.39,5.39,5.39,200,2022-03-08 14:20:00,APPH
5.18,5.35,5.05,5.15,15347,2022-03-08 14:25:00,APPH
5.13,5.2,5.0312,5.1001,501767,2022-03-08 14:30:00,APPH
5.105,5.18,5.09,5.17,65260,2022-03-08 14:35:00,APPH
5.17,5.17,5.04,5.0485,124196,2022-03-08 14:40:00,APPH
5.0406,5.0469,4.95,4.958,194443,2022-03-08 14:45:00,APPH
4.9518,5.03,4.93,5.005,76292,2022-03-08 14:50:00,APPH
5.0099,5.1,5.0,5.09,34266,2022-03-08 14:55:00,APPH
5.09,5.1,5.0307,5.035,98356,2022-03-08 15:00:00,APPH
5.0399,5.08,5.0,5.075,40589,2022-03-08 15:05:00,APPH
5.07,5.07,4.98,4.995,49843,2022-03-08 15:10:00,APPH
5.0,5.1,4.99,5.1,31544,2022-03-08 15:15:00,APPH
5.1,5.11,5.0083,5.0083,63668,2022-03-08 15:20:00,APPH
5.0,5.02,4.985,5.01,28474,2022-03-08 15:25:00,APPH
5.0,5.01,4.96,4.965,65062,2022-03-08 15:30:00,APPH
4.96,5.025,4.93,4.97,102725,2022-03-08 15:35:00,APPH
4.98,5.015,4.98,4.99,23059,2022-03-08 15:40:00,APPH
5.0,5.01,4.995,5.01,23889,2022-03-08 15:45:00,APPH
5.0,5.03,4.98,5.005,44978,2022-03-08 15:50:00,APPH
5.0099,5.05,4.97,4.975,39649,2022-03-08 15:55:00,APPH
4.975,4.98,4.94,4.95,58155,2022-03-08 16:00:00,APPH
4.96,4.96,4.94,4.94,17649,2022-03-08 16:05:00,APPH
4.9401,4.97,4.92,4.92,55782,2022-03-08 16:10:00,APPH
4.92,4.9201,4.88,4.9,57132,2022-03-08 16:15:00,APPH
4.905,4.91,4.88,4.91,36936,2022-03-08 16:20:00,APPH
4.91,4.93,4.89,4.92,41928,2022-03-08 16:25:00,APPH
4.92,4.93,4.92,4.925,6767,2022-03-08 16:30:00,APPH
4.925,4.97,4.925,4.9693,26698,2022-03-08 16:35:00,APPH
4.965,4.99,4.93,4.95,37550,2022-03-08 16:40:00,APPH
4.95,4.97,4.95,4.97,8600,2022-03-08 16:45:00,APPH
4.97,4.99,4.96,4.9684,13641,2022-03-08 16:50:00,APPH
4.97,4.975,4.94,4.9407,12904,2022-03-08 16:55:00,APPH
4.945,5.03,4.935,4.975,28435,2022-03-08 17:00:00,APPH
4.98,5.0,4.98,4.99,8206,2022-03-08 17:05:00,APPH
4.99,5.06,4.9897,5.0499,67191,2022-03-08 17:10:00,APPH
5.05,5.05,5.02,5.02,35121,2022-03-08 17:15:00,APPH
5.025,5.03,4.92,4.92,71531,2022-03-08 17:20:00,APPH
4.92,4.9599,4.9,4.9201,62553,2022-03-08 17:25:00,APPH
4.92,4.9582,4.895,4.9582,22519,2022-03-08 17:30:00,APPH
4.95,4.97,4.905,4.97,29379,2022-03-08 17:35:00,APPH
4.975,4.98,4.89,4.9011,33671,2022-03-08 17:40:00,APPH
4.905,4.9213,4.88,4.8899,87054,2022-03-08 17:45:00,APPH
4.88,4.93,4.88,4.93,8484,2022-03-08 17:50:00,APPH
4.93,4.93,4.89,4.89,12053,2022-03-08 17:55:00,APPH
4.89,4.89,4.82,4.83,84471,2022-03-08 18:00:00,APPH
4.8337,4.8899,4.81,4.8899,43940,2022-03-08 18:05:00,APPH
4.88,4.99,4.88,4.98,57003,2022-03-08 18:10:00,APPH
4.985,4.99,4.93,4.945,40119,2022-03-08 18:15:00,APPH
4.95,4.98,4.945,4.96,17549,2022-03-08 18:20:00,APPH
4.96,4.97,4.96,4.97,10297,2022-03-08 18:25:00,APPH
4.97,4.99,4.96,4.975,16211,2022-03-08 18:30:00,APPH
4.9758,4.9829,4.93,4.98,31199,2022-03-08 18:35:00,APPH
4.97,4.98,4.97,4.97,17716,2022-03-08 18:40:00,APPH
4.97,4.98,4.97,4.975,3696,2022-03-08 18:45:00,APPH
4.975,4.98,4.96,4.97,29168,2022-03-08 18:50:00,APPH
4.97,4.97,4.96,4.97,9964,2022-03-08 18:55:00,APPH
4.965,4.97,4.96,4.965,13132,2022-03-08 19:00:00,APPH
4.965,4.9701,4.96,4.97,42656,2022-03-08 19:05:00,APPH
4.965,4.97,4.96,4.9667,19674,2022-03-08 19:10:00,APPH
4.9699,4.97,4.9601,4.97,7610,2022-03-08 19:15:00,APPH
4.965,4.97,4.925,4.95,51352,2022-03-08 19:20:00,APPH
4.9499,4.96,4.94,4.94,49206,2022-03-08 19:25:00,APPH
4.95,4.9501,4.94,4.95,28220,2022-03-08 19:30:00,APPH
4.945,4.95,4.9415,4.95,40970,2022-03-08 19:35:00,APPH
4.95,4.96,4.941,4.95,16242,2022-03-08 19:40:00,APPH
4.95,5.02,4.93,4.945,57853,2022-03-08 19:45:00,APPH
4.945,4.9689,4.9301,4.965,38763,2022-03-08 19:50:00,APPH
4.965,4.97,4.91,4.95,50623,2022-03-08 19:55:00,APPH
4.95,4.96,4.94,4.95,28404,2022-03-08 20:00:00,APPH
4.95,4.95,4.935,4.945,16113,2022-03-08 20:05:00,APPH
4.945,4.95,4.915,4.94,70336,2022-03-08 20:10:00,APPH
4.95,4.9598,4.92,4.928,14257,2022-03-08 20:15:00,APPH
4.93,4.93,4.9201,4.93,16536,2022-03-08 20:20:00,APPH
4.93,4.95,4.92,4.94,23905,2022-03-08 20:25:00,APPH
4.94,4.95,4.93,4.935,37104,2022-03-08 20:30:00,APPH
4.93,4.94,4.92,4.92,29308,2022-03-08 20:35:00,APPH
4.925,4.9265,4.89,4.89,49970,2022-03-08 20:40:00,APPH
4.89,4.9,4.88,4.88,32273,2022-03-08 20:45:00,APPH
4.885,4.92,4.88,4.9,107494,2022-03-08 20:50:00,APPH
4.8901,4.9,4.84,4.85,147819,2022-03-08 20:55:00,APPH
4.85,4.85,4.8,4.8,62100,2022-03-08 21:00:00,APPH
4.85,4.85,4.85,4.85,200,2022-03-08 21:05:00,APPH
4.81,4.81,4.81,4.81,128,2022-03-08 21:10:00,APPH
4.8,4.8,4.6,4.6,3860,2022-03-08 21:15:00,APPH
4.75,4.75,4.75,4.75,100,2022-03-08 21:30:00,APPH
4.98,4.98,4.98,4.98,500,2022-03-08 22:25:00,APPH
4.9801,4.9801,4.9801,4.9801,370,2022-03-08 22:40:00,APPH
4.98,4.98,4.98,4.98,178,2022-03-08 22:50:00,APPH
4.85,4.95,4.85,4.95,654,2022-03-09 09:00:00,APPH
5.15,5.15,5.14,5.14,1201,2022-03-09 10:45:00,APPH
5.17,5.17,5.17,5.17,200,2022-03-09 11:40:00,APPH
5.1,5.15,5.1,5.15,1100,2022-03-09 12:00:00,APPH
5.14,5.14,5.14,5.14,194,2022-03-09 12:15:00,APPH
5.1,5.1,5.1,5.1,340,2022-03-09 12:30:00,APPH
5.1,5.1,5.1,5.1,100,2022-03-09 12:45:00,APPH
5.1,5.1,5.1,5.1,300,2022-03-09 12:50:00,APPH
5.1,5.1,5.02,5.02,1700,2022-03-09 13:00:00,APPH
5.02,5.02,5.02,5.02,800,2022-03-09 13:05:00,APPH
4.97,4.97,4.97,4.97,500,2022-03-09 13:15:00,APPH
4.97,4.97,4.97,4.97,100,2022-03-09 13:35:00,APPH
4.95,4.95,4.9,4.9,806,2022-03-09 13:40:00,APPH
4.91,4.92,4.91,4.92,200,2022-03-09 13:45:00,APPH
4.91,4.94,4.91,4.92,984,2022-03-09 13:50:00,APPH
4.94,4.94,4.94,4.94,100,2022-03-09 14:00:00,APPH
4.94,4.94,4.93,4.93,283,2022-03-09 14:05:00,APPH
4.92,4.92,4.87,4.89,1723,2022-03-09 14:15:00,APPH
4.89,4.89,4.86,4.86,1039,2022-03-09 14:20:00,APPH
4.86,4.86,4.8,4.8004,5316,2022-03-09 14:25:00,APPH
4.85,4.85,4.76,4.7699,58796,2022-03-09 14:30:00,APPH
4.77,4.78,4.72,4.72,52050,2022-03-09 14:35:00,APPH
4.72,4.7743,4.7108,4.74,53676,2022-03-09 14:40:00,APPH
4.74,4.77,4.69,4.715,88880,2022-03-09 14:45:00,APPH
4.71,4.7299,4.695,4.7001,50044,2022-03-09 14:50:00,APPH
4.7001,4.71,4.66,4.71,26531,2022-03-09 14:55:00,APPH
4.7,4.835,4.7,4.8,51182,2022-03-09 15:00:00,APPH
4.79,4.81,4.79,4.8075,37310,2022-03-09 15:05:00,APPH
4.805,4.8299,4.7905,4.795,27007,2022-03-09 15:10:00,APPH
4.795,4.8,4.72,4.745,52512,2022-03-09 15:15:00,APPH
4.75,4.76,4.74,4.75,16488,2022-03-09 15:20:00,APPH
4.745,4.76,4.72,4.72,17047,2022-03-09 15:25:00,APPH
4.7217,4.725,4.69,4.7,22495,2022-03-09 15:30:00,APPH
4.7,4.7216,4.7,4.7216,24393,2022-03-09 15:35:00,APPH
4.73,4.75,4.67,4.7,78572,2022-03-09 15:40:00,APPH
4.71,4.895,4.71,4.8305,186318,2022-03-09 15:45:00,APPH
4.835,4.9,4.835,4.87,46880,2022-03-09 15:50:00,APPH
4.8672,4.8784,4.84,4.8401,45953,2022-03-09 15:55:00,APPH
4.846,4.846,4.81,4.8201,11591,2022-03-09 16:00:00,APPH
4.82,4.82,4.8013,4.815,14441,2022-03-09 16:05:00,APPH
4.82,4.83,4.76,4.76,36605,2022-03-09 16:10:00,APPH
4.75,4.755,4.735,4.74,20952,2022-03-09 16:15:00,APPH
4.7401,4.76,4.7401,4.748,15718,2022-03-09 16:20:00,APPH
4.7491,4.765,4.74,4.755,43503,2022-03-09 16:25:00,APPH
4.76,4.77,4.73,4.748,56959,2022-03-09 16:30:00,APPH
4.75,4.755,4.73,4.735,30808,2022-03-09 16:35:00,APPH
4.735,4.75,4.7302,4.75,19492,2022-03-09 16:40:00,APPH
4.75,4.8,4.745,4.795,5616,2022-03-09 16:45:00,APPH
4.795,4.93,4.795,4.8712,91371,2022-03-09 16:50:00,APPH
4.88,4.89,4.87,4.8877,22697,2022-03-09 16:55:00,APPH
4.88,4.89,4.85,4.85,9948,2022-03-09 17:00:00,APPH
4.85,4.86,4.84,4.8407,6981,2022-03-09 17:05:00,APPH
4.8401,4.8454,4.82,4.825,20984,2022-03-09 17:10:00,APPH
4.825,4.825,4.81,4.8181,7708,2022-03-09 17:15:00,APPH
4.81,4.84,4.805,4.8393,13113,2022-03-09 17:20:00,APPH
4.838,4.855,4.835,4.85,4409,2022-03-09 17:25:00,APPH
4.855,4.855,4.85,4.85,2255,2022-03-09 17:30:00,APPH
4.855,4.86,4.835,4.835,16384,2022-03-09 17:35:00,APPH
4.835,4.835,4.8,4.805,10248,2022-03-09 17:40:00,APPH
4.805,4.84,4.805,4.835,9778,2022-03-09 17:45:00,APPH
4.8301,4.845,4.82,4.8231,8999,2022-03-09 17:50:00,APPH
4.82,4.82,4.78,4.7801,10557,2022-03-09 17:55:00,APPH
4.7806,4.805,4.7747,4.805,10776,2022-03-09 18:00:00,APPH
4.8001,4.82,4.79,4.79,14607,2022-03-09 18:05:00,APPH
4.78,4.78,4.76,4.76,19154,2022-03-09 18:10:00,APPH
4.7684,4.7684,4.7,4.7072,43905,2022-03-09 18:15:00,APPH
4.71,4.75,4.705,4.75,15197,2022-03-09 18:20:00,APPH
4.7479,4.8,4.74,4.77,10542,2022-03-09 18:25:00,APPH
4.7601,4.765,4.75,4.75,4050,2022-03-09 18:30:00,APPH
4.74,4.74,4.73,4.735,11740,2022-03-09 18:35:00,APPH
4.735,4.7583,4.735,4.7405,15765,2022-03-09 18:40:00,APPH
4.74,4.74,4.725,4.725,11798,2022-03-09 18:45:00,APPH
4.72,4.72,4.69,4.69,32140,2022-03-09 18:50:00,APPH
4.6906,4.7,4.6906,4.7,17237,2022-03-09 18:55:00,APPH
4.7,4.71,4.69,4.695,19164,2022-03-09 19:00:00,APPH
4.695,4.6999,4.66,4.6684,11626,2022-03-09 19:05:00,APPH
4.665,4.6967,4.665,4.695,27204,2022-03-09 19:10:00,APPH
4.7,4.71,4.7,4.705,15586,2022-03-09 19:15:00,APPH
4.701,4.71,4.69,4.698,10995,2022-03-09 19:20:00,APPH
4.695,4.7,4.6916,4.6916,3663,2022-03-09 19:25:00,APPH
4.6919,4.72,4.6919,4.715,63599,2022-03-09 19:30:00,APPH
4.7175,4.72,4.71,4.715,16668,2022-03-09 19:35:00,APPH
4.715,4.72,4.7,4.705,39958,2022-03-09 19:40:00,APPH
4.705,4.73,4.7,4.725,21254,2022-03-09 19:45:00,APPH
4.725,4.76,4.725,4.755,15520,2022-03-09 19:50:00,APPH
4.755,4.775,4.75,4.755,18346,2022-03-09 19:55:00,APPH
4.755,4.76,4.72,4.725,34954,2022-03-09 20:00:00,APPH
4.725,4.73,4.71,4.715,44166,2022-03-09 20:05:00,APPH
4.715,4.72,4.71,4.715,14212,2022-03-09 20:10:00,APPH
4.715,4.715,4.681,4.695,30433,2022-03-09 20:15:00,APPH
4.695,4.73,4.69,4.7,34060,2022-03-09 20:20:00,APPH
4.695,4.695,4.645,4.645,61563,2022-03-09 20:25:00,APPH
4.645,4.645,4.59,4.615,56545,2022-03-09 20:30:00,APPH
4.62,4.66,4.615,4.6485,26065,2022-03-09 20:35:00,APPH
4.65,4.655,4.6412,4.645,16100,2022-03-09 20:40:00,APPH
4.65,4.655,4.6401,4.648,19213,2022-03-09 20:45:00,APPH
4.65,4.66,4.64,4.65,41540,2022-03-09 20:50:00,APPH
4.6455,4.65,4.64,4.65,51922,2022-03-09 20:55:00,APPH
4.65,4.65,4.65,4.65,50205,2022-03-09 21:00:00,APPH
4.66,4.66,4.66,4.66,100,2022-03-09 21:05:00,APPH
4.68,4.68,4.68,4.68,100,2022-03-09 21:10:00,APPH
4.69,4.74,4.69,4.74,340,2022-03-09 21:20:00,APPH
4.73,4.73,4.73,4.73,100,2022-03-09 21:35:00,APPH
4.65,4.65,4.65,4.65,470,2022-03-09 21:45:00,APPH
4.66,4.66,4.66,4.66,750,2022-03-09 22:25:00,APPH
4.65,4.65,4.65,4.65,430,2022-03-09 22:45:00,APPH
4.73,4.73,4.73,4.73,250,2022-03-09 23:35:00,APPH
4.8,4.8,4.8,4.8,396,2022-03-10 12:20:00,APPH
4.71,4.71,4.71,4.71,182,2022-03-10 13:25:00,APPH
4.74,4.75,4.71,4.75,3821,2022-03-10 13:35:00,APPH
4.9599,4.9599,4.9599,4.9599,2500,2022-03-10 13:40:00,APPH
4.89,4.89,4.89,4.89,100,2022-03-10 13:50:00,APPH
4.88,4.88,4.88,4.88,100,2022-03-10 14:05:00,APPH
4.89,4.89,4.89,4.89,100,2022-03-10 14:10:00,APPH
4.81,4.8899,4.81,4.83,10800,2022-03-10 14:15:00,APPH
4.82,4.82,4.8,4.8,600,2022-03-10 14:20:00,APPH
4.7,4.75,4.19,4.32,87777,2022-03-10 14:25:00,APPH
4.33,4.58,4.25,4.5,660711,2022-03-10 14:30:00,APPH
4.49,4.55,4.43,4.49,119564,2022-03-10 14:35:00,APPH
4.5,4.535,4.475,4.53,34374,2022-03-10 14:40:00,APPH
4.54,4.7,4.52,4.695,254099,2022-03-10 14:45:00,APPH
4.6999,4.83,4.68,4.8199,130714,2022-03-10 14:50:00,APPH
4.8158,4.85,4.74,4.8,105424,2022-03-10 14:55:00,APPH
4.7983,4.87,4.77,4.82,82752,2022-03-10 15:00:00,APPH
4.8251,4.94,4.81,4.9282,196835,2022-03-10 15:05:00,APPH
4.94,4.94,4.77,4.81,288216,2022-03-10 15:10:00,APPH
4.8,5.16,4.8,5.14,342693,2022-03-10 15:15:00,APPH
5.15,5.23,4.93,4.96,386375,2022-03-10 15:20:00,APPH
4.96,5.01,4.92,4.995,72083,2022-03-10 15:25:00,APPH
5.0,5.01,4.88,4.93,76064,2022-03-10 15:30:00,APPH
4.94,5.055,4.92,5.055,92344,2022-03-10 15:35:00,APPH
5.055,5.09,4.99,5.015,124608,2022-03-10 15:40:00,APPH
5.015,5.04,4.89,4.975,199221,2022-03-10 15:45:00,APPH
4.975,5.0062,4.93,4.9467,53109,2022-03-10 15:50:00,APPH
4.9488,4.9488,4.88,4.8984,64530,2022-03-10 15:55:00,APPH
4.895,4.8994,4.82,4.83,51552,2022-03-10 16:00:00,APPH
4.825,4.84,4.78,4.835,62665,2022-03-10 16:05:00,APPH
4.8372,4.87,4.8372,4.85,32153,2022-03-10 16:10:00,APPH
4.85,4.85,4.78,4.789,31211,2022-03-10 16:15:00,APPH
4.7888,4.82,4.76,4.8,29840,2022-03-10 16:20:00,APPH
4.79,4.91,4.79,4.885,49960,2022-03-10 16:25:00,APPH
4.89,4.95,4.88,4.8857,149691,2022-03-10 16:30:00,APPH
4.88,4.915,4.8699,4.87,33570,2022-03-10 16:35:00,APPH
4.88,4.885,4.8521,4.86,5261,2022-03-10 16:40:00,APPH
4.865,4.8799,4.85,4.878,9815,2022-03-10 16:45:00,APPH
4.88,4.92,4.88,4.92,59071,2022-03-10 16:50:00,APPH
4.915,5.06,4.915,5.0084,145507,2022-03-10 16:55:00,APPH
5.0,5.13,5.0,5.115,84433,2022-03-10 17:00:00,APPH
5.115,5.18,5.05,5.0999,176352,2022-03-10 17:05:00,APPH
5.095,5.1299,5.07,5.07,33047,2022-03-10 17:10:00,APPH
5.075,5.08,5.0,5.0025,69194,2022-03-10 17:15:00,APPH
5.005,5.005,4.97,4.99,27251,2022-03-10 17:20:00,APPH
4.985,4.99,4.96,4.965,17791,2022-03-10 17:25:00,APPH
4.965,4.965,4.91,4.91,54299,2022-03-10 17:30:00,APPH
4.905,4.91,4.84,4.84,32487,2022-03-10 17:35:00,APPH
4.83,4.84,4.81,4.82,35638,2022-03-10 17:40:00,APPH
4.82,4.87,4.815,4.869,11434,2022-03-10 17:45:00,APPH
4.865,4.91,4.865,4.8883,21582,2022-03-10 17:50:00,APPH
4.888,4.905,4.88,4.88,15427,2022-03-10 17:55:00,APPH
4.88,4.92,4.855,4.8999,137362,2022-03-10 18:00:00,APPH
4.895,4.93,4.895,4.925,37441,2022-03-10 18:05:00,APPH
4.925,4.95,4.92,4.925,22269,2022-03-10 18:10:00,APPH
4.93,5.001,4.925,5.001,57208,2022-03-10 18:15:00,APPH
5.01,5.01,4.96,4.965,42960,2022-03-10 18:20:00,APPH
4.965,4.97,4.96,4.97,13798,2022-03-10 18:25:00,APPH
4.97,4.98,4.94,4.9475,27948,2022-03-10 18:30:00,APPH
4.9499,4.97,4.94,4.9695,27902,2022-03-10 18:35:00,APPH
4.965,5.02,4.965,4.995,24672,2022-03-10 18:40:00,APPH
4.995,5.02,4.99,5.02,39624,2022-03-10 18:45:00,APPH
5.015,5.06,5.005,5.055,33061,2022-03-10 18:50:00,APPH
5.055,5.085,5.045,5.0775,57830,2022-03-10 18:55:00,APPH
5.075,5.085,5.07,5.08,22116,2022-03-10 19:00:00,APPH
5.085,5.145,5.08,5.12,58703,2022-03-10 19:05:00,APPH
5.125,5.125,5.07,5.08,36501,2022-03-10 19:10:00,APPH
5.075,5.09,5.06,5.08,13946,2022-03-10 19:15:00,APPH
5.085,5.0873,5.0399,5.0399,27491,2022-03-10 19:20:00,APPH
5.035,5.1,5.015,5.09,38877,2022-03-10 19:25:00,APPH
5.095,5.095,5.01,5.05,38997,2022-03-10 19:30:00,APPH
5.055,5.055,5.01,5.01,20648,2022-03-10 19:35:00,APPH
5.015,5.02,4.98,5.0,24112,2022-03-10 19:40:00,APPH
5.005,5.02,5.0,5.0,18639,2022-03-10 19:45:00,APPH
5.005,5.02,4.97,4.99,27217,2022-03-10 19:50:00,APPH
4.995,5.01,4.99,5.0,25672,2022-03-10 19:55:00,APPH
5.005,5.005,4.975,4.975,41158,2022-03-10 20:00:00,APPH
4.975,4.985,4.93,4.97,41774,2022-03-10 20:05:00,APPH
4.975,4.98,4.951,4.96,19888,2022-03-10 20:10:00,APPH
4.965,5.0501,4.95,5.05,47957,2022-03-10 20:15:00,APPH
5.055,5.06,5.0,5.015,48402,2022-03-10 20:20:00,APPH
5.015,5.1,5.015,5.0799,64452,2022-03-10 20:25:00,APPH
5.075,5.2,5.065,5.15,140342,2022-03-10 20:30:00,APPH
5.15,5.2285,5.115,5.215,78880,2022-03-10 20:35:00,APPH
5.21,5.44,5.21,5.3687,160417,2022-03-10 20:40:00,APPH
5.3688,5.3784,5.32,5.375,117461,2022-03-10 20:45:00,APPH
5.37,5.415,5.36,5.39,185596,2022-03-10 20:50:00,APPH
5.4,5.4179,5.35,5.375,177968,2022-03-10 20:55:00,APPH
5.38,5.38,5.27,5.38,64818,2022-03-10 21:00:00,APPH
5.38,5.38,5.31,5.31,3831,2022-03-10 21:05:00,APPH
5.33,5.33,5.33,5.33,100,2022-03-10 21:10:00,APPH
5.31,5.35,5.31,5.35,950,2022-03-10 21:15:00,APPH
5.35,5.38,5.35,5.38,1199,2022-03-10 21:25:00,APPH
5.3799,5.3799,5.3799,5.3799,210,2022-03-10 21:30:00,APPH
5.38,5.38,5.38,5.38,300,2022-03-10 21:40:00,APPH
5.3301,5.3301,5.33,5.33,2000,2022-03-10 21:45:00,APPH
5.33,5.33,5.33,5.33,200,2022-03-10 21:50:00,APPH
5.3301,5.3301,5.33,5.33,600,2022-03-10 21:55:00,APPH
5.38,5.38,5.38,5.38,150,2022-03-10 22:00:00,APPH
5.38,5.38,5.38,5.38,100,2022-03-10 22:10:00,APPH
5.32,5.32,5.32,5.32,291,2022-03-10 22:15:00,APPH
5.38,5.38,5.38,5.38,269,2022-03-10 22:20:00,APPH
5.25,5.26,5.21,5.21,733,2022-03-10 22:35:00,APPH
5.2,5.2,5.2,5.2,100,2022-03-10 22:40:00,APPH
5.33,5.33,5.33,5.33,937,2022-03-10 22:50:00,APPH
5.2001,5.3,5.2,5.3,2899,2022-03-10 22:55:00,APPH
5.3,5.3,5.3,5.3,1000,2022-03-10 23:00:00,APPH
5.27,5.33,5.26,5.33,6869,2022-03-10 23:40:00,APPH
5.33,5.33,5.33,5.33,1500,2022-03-11 00:10:00,APPH
5.22,5.22,5.22,5.22,3441,2022-03-11 00:30:00,APPH
5.21,5.21,5.21,5.21,300,2022-03-11 00:55:00,APPH
5.71,5.71,5.69,5.69,660,2022-03-11 09:40:00,APPH
5.68,5.68,5.68,5.68,100,2022-03-11 09:45:00,APPH
5.64,5.64,5.56,5.64,1313,2022-03-11 09:50:00,APPH
5.64,5.64,5.62,5.62,204,2022-03-11 10:00:00,APPH
5.55,5.55,5.55,5.55,172,2022-03-11 10:20:00,APPH
5.55,5.55,5.55,5.55,560,2022-03-11 10:45:00,APPH
5.55,5.55,5.55,5.55,386,2022-03-11 11:10:00,APPH
5.53,5.54,5.53,5.54,250,2022-03-11 11:25:00,APPH
5.49,5.49,5.45,5.45,206,2022-03-11 11:30:00,APPH
5.45,5.45,5.45,5.45,500,2022-03-11 11:35:00,APPH
5.31,5.31,5.23,5.23,200,2022-03-11 11:45:00,APPH
5.24,5.24,5.22,5.22,600,2022-03-11 11:55:00,APPH
5.2,5.2,5.14,5.14,4134,2022-03-11 12:00:00,APPH
5.2,5.2,5.2,5.2,600,2022-03-11 12:05:00,APPH
5.35,5.35,5.19,5.19,295,2022-03-11 12:10:00,APPH
5.11,5.11,5.11,5.11,400,2022-03-11 12:15:00,APPH
5.12,5.12,5.1,5.1,300,2022-03-11 12:20:00,APPH
5.12,5.12,5.12,5.12,100,2022-03-11 12:25:00,APPH
5.12,5.12,5.11,5.11,300,2022-03-11 12:35:00,APPH
5.13,5.13,5.13,5.13,200,2022-03-11 12:40:00,APPH
5.11,5.11,5.1,5.1,1159,2022-03-11 12:50:00,APPH
5.08,5.08,5.06,5.06,3654,2022-03-11 12:55:00,APPH
5.07,5.11,5.07,5.11,5150,2022-03-11 13:00:00,APPH
5.07,5.09,5.07,5.08,700,2022-03-11 13:05:00,APPH
5.09,5.15,5.09,5.13,9154,2022-03-11 13:10:00,APPH
5.12,5.15,5.12,5.15,550,2022-03-11 13:15:00,APPH
5.13,5.13,5.13,5.13,1000,2022-03-11 13:20:00,APPH
5.18,5.2,5.18,5.19,2562,2022-03-11 13:25:00,APPH
5.19,5.19,5.18,5.19,2132,2022-03-11 13:30:00,APPH
5.17,5.17,5.16,5.16,1000,2022-03-11 13:35:00,APPH
5.16,5.16,5.1,5.1,2739,2022-03-11 13:40:00,APPH
5.09,5.15,5.09,5.15,1400,2022-03-11 13:45:00,APPH
5.13,5.15,5.13,5.15,1500,2022-03-11 13:50:00,APPH
5.15,5.15,5.14,5.14,2059,2022-03-11 13:55:00,APPH
5.14,5.14,5.12,5.12,606,2022-03-11 14:00:00,APPH
5.13,5.14,5.12,5.12,1730,2022-03-11 14:05:00,APPH
5.13,5.13,5.11,5.11,2100,2022-03-11 14:10:00,APPH
5.13,5.19,5.11,5.19,9879,2022-03-11 14:25:00,APPH
5.14,5.25,4.82,4.9222,389854,2022-03-11 14:30:00,APPH
4.934,5.23,4.89,5.165,196802,2022-03-11 14:35:00,APPH
5.14,5.14,4.95,5.005,78483,2022-03-11 14:40:00,APPH
5.0079,5.05,4.99,5.03,46647,2022-03-11 14:45:00,APPH
5.04,5.115,5.04,5.0913,56970,2022-03-11 14:50:00,APPH
5.0999,5.14,5.075,5.11,83955,2022-03-11 14:55:00,APPH
5.115,5.1208,5.05,5.05,49897,2022-03-11 15:00:00,APPH
5.05,5.08,4.95,4.9586,78632,2022-03-11 15:05:00,APPH
4.955,5.0086,4.94,4.9499,50315,2022-03-11 15:10:00,APPH
4.9486,4.95,4.91,4.9399,44865,2022-03-11 15:15:00,APPH
4.936,5.0296,4.935,5.0296,37089,2022-03-11 15:20:00,APPH
5.0282,5.0399,5.01,5.015,24038,2022-03-11 15:25:00,APPH
5.015,5.015,4.97,4.97,25113,2022-03-11 15:30:00,APPH
4.9779,5.09,4.9705,5.065,43623,2022-03-11 15:35:00,APPH
5.065,5.12,5.065,5.115,31005,2022-03-11 15:40:00,APPH
5.115,5.17,5.115,5.145,36847,2022-03-11 15:45:00,APPH
5.14,5.14,5.0801,5.14,26733,2022-03-11 15:50:00,APPH
5.13,5.14,5.125,5.125,15044,2022-03-11 15:55:00,APPH
5.125,5.13,5.0501,5.0501,14803,2022-03-11 16:00:00,APPH
5.06,5.08,5.0523,5.075,22906,2022-03-11 16:05:00,APPH
5.08,5.09,5.0745,5.075,12925,2022-03-11 16:10:00,APPH
5.075,5.12,5.075,5.095,19783,2022-03-11 16:15:00,APPH
5.0994,5.1,5.0,5.045,17009,2022-03-11 16:20:00,APPH
5.0401,5.07,5.0201,5.055,14762,2022-03-11 16:25:00,APPH
5.06,5.06,5.04,5.06,17113,2022-03-11 16:30:00,APPH
5.058,5.1,5.055,5.0999,17977,2022-03-11 16:35:00,APPH
5.09,5.1,5.065,5.0666,13358,2022-03-11 16:40:00,APPH
5.07,5.19,5.06,5.1801,69824,2022-03-11 16:45:00,APPH
5.18,5.18,5.1405,5.158,17683,2022-03-11 16:50:00,APPH
5.155,5.19,5.155,5.175,12576,2022-03-11 16:55:00,APPH
5.175,5.18,5.17,5.175,2567,2022-03-11 17:00:00,APPH
5.175,5.185,5.14,5.14,15711,2022-03-11 17:05:00,APPH
5.1499,5.16,5.145,5.15,5504,2022-03-11 17:10:00,APPH
5.145,5.165,5.14,5.165,8131,2022-03-11 17:15:00,APPH
5.165,5.19,5.165,5.175,19998,2022-03-11 17:20:00,APPH
5.18,5.18,5.11,5.1401,21578,2022-03-11 17:25:00,APPH
5.1401,5.18,5.14,5.175,10781,2022-03-11 17:30:00,APPH
5.17,5.18,5.155,5.155,11368,2022-03-11 17:35:00,APPH
5.16,5.175,5.155,5.16,9198,2022-03-11 17:40:00,APPH
5.1699,5.1699,5.145,5.145,11259,2022-03-11 17:45:00,APPH
5.145,5.16,5.14,5.1401,13852,2022-03-11 17:50:00,APPH
5.145,5.175,5.145,5.1721,11677,2022-03-11 17:55:00,APPH
5.17,5.22,5.165,5.215,27282,2022-03-11 18:00:00,APPH
5.215,5.25,5.21,5.21,53754,2022-03-11 18:05:00,APPH
5.205,5.3,5.205,5.26,83381,2022-03-11 18:10:00,APPH
5.265,5.33,5.26,5.28,54161,2022-03-11 18:15:00,APPH
5.27,5.3,5.27,5.2835,11703,2022-03-11 18:20:00,APPH
5.2899,5.2899,5.225,5.255,19779,2022-03-11 18:25:00,APPH
5.2522,5.265,5.245,5.26,9810,2022-03-11 18:30:00,APPH
5.26,5.27,5.253,5.265,11502,2022-03-11 18:35:00,APPH
5.265,5.265,5.21,5.215,29758,2022-03-11 18:40:00,APPH
5.215,5.245,5.215,5.245,11712,2022-03-11 18:45:00,APPH
5.249,5.249,5.215,5.215,14271,2022-03-11 18:50:00,APPH
5.2199,5.2199,5.16,5.165,101647,2022-03-11 18:55:00,APPH
5.1701,5.18,5.155,5.155,9893,2022-03-11 19:00:00,APPH
5.16,5.16,5.12,5.13,14074,2022-03-11 19:05:00,APPH
5.135,5.135,5.115,5.1184,10786,2022-03-11 19:10:00,APPH
5.1109,5.1181,5.08,5.08,17008,2022-03-11 19:15:00,APPH
5.085,5.085,5.05,5.0701,23307,2022-03-11 19:20:00,APPH
5.0792,5.1,5.0642,5.099,27438,2022-03-11 19:25:00,APPH
5.09,5.09,5.055,5.06,17827,2022-03-11 19:30:00,APPH
5.06,5.09,5.05,5.0701,21686,2022-03-11 19:35:00,APPH
5.075,5.075,5.04,5.055,24988,2022-03-11 19:40:00,APPH
5.05,5.05,5.01,5.0205,18681,2022-03-11 19:45:00,APPH
5.0201,5.027,5.0,5.0099,16878,2022-03-11 19:50:00,APPH
5.005,5.0086,4.98,4.98,21734,2022-03-11 19:55:00,APPH
4.985,5.025,4.96,5.025,35661,2022-03-11 20:00:00,APPH
5.025,5.04,5.015,5.03,19575,2022-03-11 20:05:00,APPH
5.0201,5.0281,5.01,5.02,13818,2022-03-11 20:10:00,APPH
5.01,5.01,4.99,5.0,10064,2022-03-11 20:15:00,APPH
5.0,5.045,4.99,5.04,29255,2022-03-11 20:20:00,APPH
5.03,5.065,5.015,5.03,28565,2022-03-11 20:25:00,APPH
5.03,5.04,5.0206,5.035,7798,2022-03-11 20:30:00,APPH
5.035,5.035,5.02,5.025,5838,2022-03-11 20:35:00,APPH
5.025,5.04,5.02,5.035,20119,2022-03-11 20:40:00,APPH
5.03,5.08,5.03,5.055,48309,2022-03-11 20:45:00,APPH
5.055,5.11,5.05,5.105,71878,2022-03-11 20:50:00,APPH
5.105,5.135,5.1,5.11,98342,2022-03-11 20:55:00,APPH
5.11,5.11,5.11,5.11,49302,2022-03-11 21:00:00,APPH
5.06,5.06,5.06,5.06,100,2022-03-11 21:15:00,APPH
5.06,5.1,5.06,5.1,200,2022-03-11 21:30:00,APPH
5.16,5.16,5.16,5.16,1040,2022-03-11 22:15:00,APPH
5.06,5.07,5.06,5.06,3906,2022-03-11 22:25:00,APPH
5.06,5.06,5.06,5.06,300,2022-03-11 22:50:00,APPH
5.1,5.1,5.1,5.1,100,2022-03-11 23:10:00,APPH
5.06,5.06,5.06,5.06,200,2022-03-11 23:25:00,APPH
5.08,5.08,5.08,5.08,200,2022-03-12 00:20:00,APPH
5.08,5.08,5.08,5.08,200,2022-03-12 00:30:00,APPH
5.17,5.17,5.17,5.17,1000,2022-03-14 08:25:00,APPH
5.26,5.26,5.26,5.26,150,2022-03-14 10:05:00,APPH
5.26,5.26,5.26,5.26,150,2022-03-14 10:10:00,APPH
5.27,5.27,5.27,5.27,597,2022-03-14 10:35:00,APPH
5.45,5.45,5.45,5.45,420,2022-03-14 10:40:00,APPH
5.28,5.28,5.28,5.28,791,2022-03-14 10:55:00,APPH
5.26,5.26,5.15,5.15,1429,2022-03-14 11:00:00,APPH
5.19,5.26,5.19,5.26,1851,2022-03-14 11:20:00,APPH
5.26,5.34,5.26,5.34,851,2022-03-14 11:25:00,APPH
5.34,5.34,5.34,5.34,1092,2022-03-14 11:30:00,APPH
5.31,5.35,5.31,5.35,1996,2022-03-14 11:35:00,APPH
5.36,5.37,5.22,5.28,3380,2022-03-14 11:40:00,APPH
5.34,5.34,5.34,5.34,200,2022-03-14 11:45:00,APPH
5.33,5.33,5.33,5.33,247,2022-03-14 11:50:00,APPH
5.32,5.33,5.32,5.33,500,2022-03-14 11:55:00,APPH
5.32,5.33,5.32,5.32,2570,2022-03-14 12:00:00,APPH
5.33,5.33,5.33,5.33,100,2022-03-14 12:05:00,APPH
5.32,5.32,5.32,5.32,445,2022-03-14 12:10:00,APPH
5.33,5.34,5.31,5.32,4724,2022-03-14 12:15:00,APPH
5.32,5.32,5.32,5.32,300,2022-03-14 12:20:00,APPH
5.32,5.35,5.32,5.35,2627,2022-03-14 12:25:00,APPH
5.35,5.45,5.35,5.43,19117,2022-03-14 12:30:00,APPH
5.43,5.45,5.43,5.44,1260,2022-03-14 12:35:00,APPH
5.44,5.45,5.44,5.44,2229,2022-03-14 12:40:00,APPH
5.44,5.44,5.35,5.35,2350,2022-03-14 12:45:00,APPH
5.4,5.44,5.4,5.44,3100,2022-03-14 12:50:00,APPH
5.44,5.44,5.43,5.43,500,2022-03-14 12:55:00,APPH
5.43,5.43,5.41,5.42,719,2022-03-14 13:00:00,APPH
5.41,5.43,5.41,5.41,6273,2022-03-14 13:05:00,APPH
5.41,5.43,5.41,5.4101,1225,2022-03-14 13:10:00,APPH
5.42,5.42,5.39,5.39,2000,2022-03-14 13:15:00,APPH
5.4,5.4,5.3899,5.3899,400,2022-03-14 13:20:00,APPH
5.38,5.38,5.37,5.37,2300,2022-03-14 13:25:00,APPH
5.32,5.33,5.1101,5.1101,76262,2022-03-14 13:30:00,APPH
5.1101,5.12,4.94,4.95,151854,2022-03-14 13:35:00,APPH
4.9416,5.0082,4.845,4.9741,125502,2022-03-14 13:40:00,APPH
4.97,5.0598,4.955,5.0,43383,2022-03-14 13:45:00,APPH
5.0099,5.01,4.97,4.975,24741,2022-03-14 13:50:00,APPH
4.975,4.98,4.9401,4.9783,36286,2022-03-14 13:55:00,APPH
4.97,5.05,4.9599,4.987,76987,2022-03-14 14:00:00,APPH
4.985,5.01,4.98,4.9915,20267,2022-03-14 14:05:00,APPH
4.995,5.03,4.955,4.955,33543,2022-03-14 14:10:00,APPH
4.95,4.96,4.92,4.92,47731,2022-03-14 14:15:00,APPH
4.9218,4.927,4.88,4.915,40309,2022-03-14 14:20:00,APPH
4.9176,4.98,4.9101,4.965,59694,2022-03-14 14:25:00,APPH
4.96,4.98,4.935,4.965,36908,2022-03-14 14:30:00,APPH
4.965,4.99,4.9601,4.965,18574,2022-03-14 14:35:00,APPH
4.97,5.07,4.965,5.011,78381,2022-03-14 14:40:00,APPH
5.0178,5.05,5.005,5.04,22723,2022-03-14 14:45:00,APPH
5.035,5.09,5.035,5.0599,31184,2022-03-14 14:50:00,APPH
5.0535,5.06,5.01,5.01,9553,2022-03-14 14:55:00,APPH
5.01,5.0273,5.0,5.0273,35350,2022-03-14 15:00:00,APPH
5.025,5.03,5.02,5.025,5929,2022-03-14 15:05:00,APPH
5.025,5.025,5.01,5.015,5125,2022-03-14 15:10:00,APPH
5.02,5.02,5.0101,5.0141,5951,2022-03-14 15:15:00,APPH
5.015,5.065,5.0029,5.025,104788,2022-03-14 15:20:00,APPH
5.0212,5.0212,5.003,5.0184,14904,2022-03-14 15:25:00,APPH
5.0156,5.0196,5.0108,5.0162,13475,2022-03-14 15:30:00,APPH
5.015,5.015,5.01,5.01,10980,2022-03-14 15:35:00,APPH
5.0107,5.02,5.0001,5.015,31583,2022-03-14 15:40:00,APPH
5.01,5.03,5.01,5.015,21436,2022-03-14 15:45:00,APPH
5.0192,5.02,5.0101,5.02,7613,2022-03-14 15:50:00,APPH
5.015,5.03,5.01,5.025,15928,2022-03-14 15:55:00,APPH
5.02,5.03,5.02,5.0216,3149,2022-03-14 16:00:00,APPH
5.0201,5.0277,5.02,5.025,8583,2022-03-14 16:05:00,APPH
5.02,5.03,5.02,5.02,9913,2022-03-14 16:10:00,APPH
5.0297,5.03,5.0201,5.03,11199,2022-03-14 16:15:00,APPH
5.025,5.03,5.0201,5.025,7403,2022-03-14 16:20:00,APPH
5.0201,5.025,5.0,5.005,27756,2022-03-14 16:25:00,APPH
5.005,5.01,5.0,5.005,11946,2022-03-14 16:30:00,APPH
5.0009,5.01,5.0008,5.005,96780,2022-03-14 16:35:00,APPH
5.005,5.01,5.0001,5.0016,20019,2022-03-14 16:40:00,APPH
5.0,5.0,4.91,4.97,116365,2022-03-14 16:45:00,APPH
4.9612,4.9692,4.89,4.91,21083,2022-03-14 16:50:00,APPH
4.925,4.9292,4.92,4.925,3084,2022-03-14 16:55:00,APPH
4.925,4.925,4.9209,4.9232,7652,2022-03-14 17:00:00,APPH
4.925,4.9498,4.925,4.9401,12891,2022-03-14 17:05:00,APPH
4.94,4.94,4.9301,4.9312,8555,2022-03-14 17:10:00,APPH
4.935,4.94,4.91,4.9135,13558,2022-03-14 17:15:00,APPH
4.915,4.9183,4.9,4.9092,16076,2022-03-14 17:20:00,APPH
4.905,4.905,4.86,4.8897,28953,2022-03-14 17:25:00,APPH
4.89,4.905,4.89,4.905,19613,2022-03-14 17:30:00,APPH
4.91,4.9199,4.905,4.9092,19096,2022-03-14 17:35:00,APPH
4.905,4.905,4.8901,4.8965,6546,2022-03-14 17:40:00,APPH
4.89,4.89,4.87,4.87,7010,2022-03-14 17:45:00,APPH
4.865,4.9,4.865,4.9,17471,2022-03-14 17:50:00,APPH
4.895,4.895,4.885,4.885,4384,2022-03-14 17:55:00,APPH
4.885,4.89,4.8801,4.885,2460,2022-03-14 18:00:00,APPH
4.885,4.89,4.885,4.89,7111,2022-03-14 18:05:00,APPH
4.895,4.9067,4.8901,4.895,5695,2022-03-14 18:10:00,APPH
4.8901,4.8901,4.85,4.8591,37478,2022-03-14 18:15:00,APPH
4.855,4.86,4.8501,4.855,2520,2022-03-14 18:20:00,APPH
4.8599,4.8599,4.81,4.815,26194,2022-03-14 18:25:00,APPH
4.815,4.815,4.7212,4.725,56974,2022-03-14 18:30:00,APPH
4.73,4.75,4.68,4.68,35403,2022-03-14 18:35:00,APPH
4.6777,4.68,4.62,4.6299,61757,2022-03-14 18:40:00,APPH
4.62,4.62,4.6,4.6075,22742,2022-03-14 18:45:00,APPH
4.6,4.6261,4.6,4.6261,18897,2022-03-14 18:50:00,APPH
4.6291,4.6315,4.61,4.6278,18670,2022-03-14 18:55:00,APPH
4.625,4.65,4.6201,4.64,25855,2022-03-14 19:00:00,APPH
4.6318,4.6365,4.6101,4.615,7198,2022-03-14 19:05:00,APPH
4.61,4.615,4.58,4.61,32804,2022-03-14 19:10:00,APPH
4.61,4.67,4.6026,4.67,29674,2022-03-14 19:15:00,APPH
4.67,4.68,4.665,4.675,13842,2022-03-14 19:20:00,APPH
4.675,4.7,4.675,4.69,19621,2022-03-14 19:25:00,APPH
4.695,4.7,4.665,4.6681,24649,2022-03-14 19:30:00,APPH
4.66,4.66,4.62,4.635,41850,2022-03-14 19:35:00,APPH
4.64,4.64,4.62,4.625,9035,2022-03-14 19:40:00,APPH
4.63,4.65,4.625,4.645,20056,2022-03-14 19:45:00,APPH
4.65,4.68,4.644,4.6787,35345,2022-03-14 19:50:00,APPH
4.675,4.7,4.6717,4.7,47376,2022-03-14 19:55:00,APPH
4.7,4.7,4.7,4.7,38802,2022-03-14 20:00:00,APPH
4.64,4.64,4.64,4.64,100,2022-03-14 20:10:00,APPH
4.66,4.66,4.61,4.61,1088,2022-03-14 20:20:00,APPH
4.58,4.7,4.5,4.7,2243,2022-03-14 20:25:00,APPH
4.7,4.7,4.7,4.7,200,2022-03-14 20:35:00,APPH
4.7,4.7,4.7,4.7,1000,2022-03-14 20:50:00,APPH
4.7,4.7,4.7,4.7,676,2022-03-14 20:55:00,APPH
4.52,4.52,4.52,4.52,200,2022-03-14 21:00:00,APPH
4.51,4.52,4.5,4.5,490,2022-03-14 21:05:00,APPH
4.61,4.61,4.6,4.61,3610,2022-03-14 21:10:00,APPH
4.61,4.61,4.61,4.61,500,2022-03-14 21:15:00,APPH
4.61,4.61,4.52,4.52,952,2022-03-14 21:20:00,APPH
4.58,4.7,4.58,4.7,577,2022-03-14 21:45:00,APPH
4.7,4.7,4.7,4.7,5176,2022-03-14 22:00:00,APPH
4.8,4.8,4.7999,4.7999,2334,2022-03-14 22:45:00,APPH
4.8,4.98,4.8,4.95,300,2022-03-15 08:20:00,APPH
4.98,5.02,4.98,5.0,1431,2022-03-15 08:25:00,APPH
5.04,5.09,4.99,4.99,2010,2022-03-15 08:30:00,APPH
5.04,5.04,4.95,4.95,600,2022-03-15 08:35:00,APPH
5.0,5.0,5.0,5.0,199,2022-03-15 08:40:00,APPH
5.0,5.0,5.0,5.0,100,2022-03-15 08:50:00,APPH
5.03,5.03,5.03,5.03,100,2022-03-15 08:55:00,APPH
5.0,5.0,5.0,5.0,188,2022-03-15 09:00:00,APPH
5.0,5.0,5.0,5.0,108,2022-03-15 09:05:00,APPH
4.95,4.95,4.95,4.95,650,2022-03-15 09:10:00,APPH
4.95,4.95,4.95,4.95,108,2022-03-15 09:30:00,APPH
5.0,5.0,5.0,5.0,100,2022-03-15 09:35:00,APPH
4.9,4.9,4.89,4.89,492,2022-03-15 10:25:00,APPH
4.9,4.9,4.9,4.9,900,2022-03-15 10:50:00,APPH
4.85,4.85,4.81,4.81,300,2022-03-15 11:10:00,APPH
4.82,4.82,4.82,4.82,200,2022-03-15 11:30:00,APPH
4.82,4.82,4.82,4.82,100,2022-03-15 11:35:00,APPH
4.81,4.81,4.81,4.81,100,2022-03-15 11:50:00,APPH
4.8,4.8,4.8,4.8,232,2022-03-15 12:05:00,APPH
4.8,4.8,4.8,4.8,700,2022-03-15 12:15:00,APPH
4.8,4.8,4.8,4.8,100,2022-03-15 12:20:00,APPH
4.7501,4.7501,4.6001,4.6001,1975,2022-03-15 12:25:00,APPH
4.82,4.82,4.82,4.82,300,2022-03-15 12:35:00,APPH
4.71,4.71,4.61,4.61,1400,2022-03-15 12:45:00,APPH
4.61,4.61,4.61,4.61,3427,2022-03-15 12:55:00,APPH
4.67,4.67,4.67,4.67,213,2022-03-15 13:00:00,APPH
4.67,4.67,4.61,4.61,1187,2022-03-15 13:05:00,APPH
4.68,4.69,4.68,4.68,1350,2022-03-15 13:25:00,APPH
4.62,4.69,4.62,4.6876,36836,2022-03-15 13:30:00,APPH
4.68,4.71,4.625,4.6295,18331,2022-03-15 13:35:00,APPH
4.63,4.65,4.54,4.5822,27361,2022-03-15 13:40:00,APPH
4.59,4.6029,4.54,4.565,31574,2022-03-15 13:45:00,APPH
4.565,4.5981,4.55,4.595,16198,2022-03-15 13:50:00,APPH
4.59,4.66,4.59,4.64,10867,2022-03-15 13:55:00,APPH
4.635,4.67,4.62,4.67,10332,2022-03-15 14:00:00,APPH
4.6792,4.6792,4.6523,4.655,9454,2022-03-15 14:05:00,APPH
4.655,4.71,4.655,4.71,24648,2022-03-15 14:10:00,APPH
4.7,4.74,4.69,4.74,11530,2022-03-15 14:15:00,APPH
4.7362,4.84,4.7362,4.84,68283,2022-03-15 14:20:00,APPH
4.8301,4.8786,4.7902,4.875,26736,2022-03-15 14:25:00,APPH
4.88,4.92,4.8778,4.8815,14687,2022-03-15 14:30:00,APPH
4.88,4.96,4.86,4.95,22432,2022-03-15 14:35:00,APPH
4.9475,4.9475,4.9,4.9164,27749,2022-03-15 14:40:00,APPH
4.915,4.93,4.9,4.9001,21804,2022-03-15 14:45:00,APPH
4.9073,4.92,4.895,4.9,13093,2022-03-15 14:50:00,APPH
4.8976,4.8976,4.851,4.865,19001,2022-03-15 14:55:00,APPH
4.86,4.865,4.8312,4.865,10332,2022-03-15 15:00:00,APPH
4.8688,4.9,4.8601,4.8601,9333,2022-03-15 15:05:00,APPH
4.87,4.875,4.855,4.8601,12931,2022-03-15 15:10:00,APPH
4.865,4.87,4.86,4.8658,5512,2022-03-15 15:15:00,APPH
4.863,4.87,4.845,4.845,5717,2022-03-15 15:20:00,APPH
4.8446,4.86,4.8446,4.845,4126,2022-03-15 15:25:00,APPH
4.842,4.845,4.8,4.8,32762,2022-03-15 15:30:00,APPH
4.805,4.805,4.74,4.745,22578,2022-03-15 15:35:00,APPH
4.745,4.745,4.72,4.73,14292,2022-03-15 15:40:00,APPH
4.72,4.74,4.72,4.7301,4207,2022-03-15 15:45:00,APPH
4.74,4.77,4.74,4.765,10218,2022-03-15 15:50:00,APPH
4.755,4.7699,4.7301,4.7699,9446,2022-03-15 15:55:00,APPH
4.76,4.785,4.76,4.7783,16723,2022-03-15 16:00:00,APPH
4.78,4.79,4.775,4.79,5602,2022-03-15 16:05:00,APPH
4.785,4.81,4.785,4.795,10558,2022-03-15 16:10:00,APPH
4.795,4.795,4.78,4.795,15359,2022-03-15 16:15:00,APPH
4.8,4.835,4.8,4.835,16643,2022-03-15 16:20:00,APPH
4.835,4.85,4.835,4.8497,2848,2022-03-15 16:25:00,APPH
4.8496,4.85,4.83,4.83,8214,2022-03-15 16:30:00,APPH
4.835,4.835,4.825,4.835,3981,2022-03-15 16:35:00,APPH
4.835,4.84,4.82,4.82,8115,2022-03-15 16:40:00,APPH
4.825,4.845,4.825,4.83,14791,2022-03-15 16:45:00,APPH
4.83,4.84,4.8201,4.8393,7610,2022-03-15 16:50:00,APPH
4.835,4.84,4.835,4.835,2900,2022-03-15 16:55:00,APPH
4.84,4.9,4.835,4.9,15684,2022-03-15 17:00:00,APPH
4.9,4.9,4.86,4.865,32654,2022-03-15 17:05:00,APPH
4.86,4.86,4.85,4.85,21737,2022-03-15 17:10:00,APPH
4.8497,4.88,4.8497,4.86,8318,2022-03-15 17:15:00,APPH
4.86,4.87,4.855,4.86,4517,2022-03-15 17:20:00,APPH
4.87,4.908,4.87,4.895,15738,2022-03-15 17:25:00,APPH
4.8992,5.0,4.8992,4.9836,78300,2022-03-15 17:30:00,APPH
4.9886,5.04,4.985,5.035,75171,2022-03-15 17:35:00,APPH
5.035,5.035,5.01,5.0199,11752,2022-03-15 17:40:00,APPH
5.01,5.0199,4.97,5.0171,31378,2022-03-15 17:45:00,APPH
5.0196,5.0556,5.0196,5.0423,48346,2022-03-15 17:50:00,APPH
5.04,5.055,5.0219,5.03,16181,2022-03-15 17:55:00,APPH
5.03,5.03,5.02,5.0299,1500,2022-03-15 18:00:00,APPH
5.02,5.02,4.94,4.94,17305,2022-03-15 18:05:00,APPH
4.9417,4.97,4.94,4.965,8287,2022-03-15 18:10:00,APPH
4.97,4.97,4.95,4.97,12188,2022-03-15 18:15:00,APPH
4.97,4.98,4.96,4.98,4728,2022-03-15 18:20:00,APPH
4.98,4.99,4.97,4.98,8161,2022-03-15 18:25:00,APPH
4.97,4.975,4.95,4.96,8838,2022-03-15 18:30:00,APPH
4.9617,4.9687,4.96,4.968,4092,2022-03-15 18:35:00,APPH
4.9626,4.98,4.96,4.98,13200,2022-03-15 18:40:00,APPH
4.985,5.05,4.985,5.05,17007,2022-03-15 18:45:00,APPH
5.06,5.0985,5.06,5.065,16649,2022-03-15 18:50:00,APPH
5.065,5.1499,5.065,5.1499,69479,2022-03-15 18:55:00,APPH
5.1499,5.17,5.1401,5.17,21255,2022-03-15 19:00:00,APPH
5.18,5.1999,5.145,5.19,33708,2022-03-15 19:05:00,APPH
5.185,5.205,5.17,5.175,24671,2022-03-15 19:10:00,APPH
5.1701,5.2,5.165,5.2,11836,2022-03-15 19:15:00,APPH
5.2,5.225,5.2,5.2101,16151,2022-03-15 19:20:00,APPH
5.2101,5.214,5.18,5.18,14336,2022-03-15 19:25:00,APPH
5.1805,5.23,5.1801,5.23,16504,2022-03-15 19:30:00,APPH
5.22,5.24,5.22,5.225,22206,2022-03-15 19:35:00,APPH
5.2204,5.2204,5.2005,5.22,23841,2022-03-15 19:40:00,APPH
5.22,5.22,5.19,5.1938,26436,2022-03-15 19:45:00,APPH
5.2,5.23,5.19,5.195,63166,2022-03-15 19:50:00,APPH
5.19,5.22,5.19,5.21,42333,2022-03-15 19:55:00,APPH
5.22,5.22,5.0,5.0,48570,2022-03-15 20:00:00,APPH
5.19,5.19,5.19,5.19,500,2022-03-15 20:10:00,APPH
5.2,5.2,5.05,5.05,484,2022-03-15 20:40:00,APPH
5.17,5.17,5.17,5.17,465,2022-03-15 20:50:00,APPH
5.03,5.03,5.03,5.03,3000,2022-03-15 21:05:00,APPH
5.04,5.04,5.04,5.04,106,2022-03-15 21:10:00,APPH
5.1,5.1,5.08,5.08,200,2022-03-15 21:25:00,APPH
5.1999,5.1999,5.1999,5.1999,100,2022-03-15 22:50:00,APPH
5.11,5.11,5.11,5.11,967,2022-03-15 23:40:00,APPH
5.12,5.12,5.12,5.12,100,2022-03-15 23:55:00,APPH
5.15,5.15,5.06,5.06,1536,2022-03-16 10:00:00,APPH
5.08,5.08,5.08,5.08,100,2022-03-16 10:55:00,APPH
5.19,5.19,5.19,5.19,100,2022-03-16 11:00:00,APPH
5.1,5.1,5.1,5.1,500,2022-03-16 11:15:00,APPH
5.1,5.12,5.1,5.12,500,2022-03-16 11:35:00,APPH
5.18,5.22,5.18,5.21,1624,2022-03-16 11:40:00,APPH
5.23,5.23,5.23,5.23,100,2022-03-16 11:45:00,APPH
5.23,5.23,5.23,5.23,100,2022-03-16 11:50:00,APPH
5.23,5.23,5.23,5.23,300,2022-03-16 11:55:00,APPH
5.24,5.24,5.23,5.23,1499,2022-03-16 12:00:00,APPH
5.24,5.25,5.24,5.25,1959,2022-03-16 12:15:00,APPH
5.25,5.25,5.25,5.25,500,2022-03-16 12:25:00,APPH
5.29,5.295,5.29,5.29,3228,2022-03-16 12:30:00,APPH
5.29,5.29,5.29,5.29,975,2022-03-16 12:35:00,APPH
5.29,5.29,5.29,5.29,600,2022-03-16 12:40:00,APPH
5.29,5.29,5.26,5.26,348,2022-03-16 12:50:00,APPH
5.27,5.28,5.27,5.28,600,2022-03-16 12:55:00,APPH
5.29,5.29,5.2899,5.2899,6137,2022-03-16 13:00:00,APPH
5.29,5.29,5.29,5.29,2337,2022-03-16 13:05:00,APPH
5.29,5.29,5.29,5.29,400,2022-03-16 13:10:00,APPH
5.22,5.22,5.22,5.22,995,2022-03-16 13:20:00,APPH
5.21,5.21,5.2,5.2,1000,2022-03-16 13:25:00,APPH
5.19,5.2199,5.07,5.1,59789,2022-03-16 13:30:00,APPH
5.08,5.08,4.95,4.99,61831,2022-03-16 13:35:00,APPH
4.995,5.09,4.95,5.03,46796,2022-03-16 13:40:00,APPH
5.025,5.11,5.0243,5.055,32830,2022-03-16 13:45:00,APPH
5.06,5.27,5.06,5.2527,77803,2022-03-16 13:50:00,APPH
5.255,5.27,5.17,5.17,47226,2022-03-16 13:55:00,APPH
5.19,5.205,5.12,5.162,21795,2022-03-16 14:00:00,APPH
5.18,5.21,5.15,5.1538,13701,2022-03-16 14:05:00,APPH
5.16,5.2389,5.16,5.2389,29936,2022-03-16 14:10:00,APPH
5.24,5.45,5.2397,5.435,149754,2022-03-16 14:15:00,APPH
5.4433,5.4878,5.38,5.43,143455,2022-03-16 14:20:00,APPH
5.43,5.43,5.33,5.3688,90061,2022-03-16 14:25:00,APPH
5.36,5.44,5.29,5.3332,67294,2022-03-16 14:30:00,APPH
5.335,5.34,5.265,5.335,44898,2022-03-16 14:35:00,APPH
5.3389,5.41,5.32,5.4092,40079,2022-03-16 14:40:00,APPH
5.4001,5.405,5.31,5.315,73920,2022-03-16 14:45:00,APPH
5.315,5.319,5.27,5.3089,33000,2022-03-16 14:50:00,APPH
5.305,5.345,5.19,5.27,152460,2022-03-16 14:55:00,APPH
5.275,5.285,5.25,5.2593,21265,2022-03-16 15:00:00,APPH
5.2599,5.265,5.2,5.205,16082,2022-03-16 15:05:00,APPH
5.21,5.245,5.21,5.2234,15203,2022-03-16 15:10:00,APPH
5.23,5.335,5.225,5.325,27251,2022-03-16 15:15:00,APPH
5.33,5.335,5.2918,5.2918,16198,2022-03-16 15:20:00,APPH
5.295,5.365,5.295,5.3501,20256,2022-03-16 15:25:00,APPH
5.3519,5.3686,5.31,5.355,28866,2022-03-16 15:30:00,APPH
5.35,5.405,5.35,5.365,18361,2022-03-16 15:35:00,APPH
5.365,5.39,5.34,5.39,18267,2022-03-16 15:40:00,APPH
5.39,5.39,5.34,5.35,9427,2022-03-16 15:45:00,APPH
5.3588,5.425,5.35,5.405,25068,2022-03-16 15:50:00,APPH
5.405,5.4099,5.37,5.4,13553,2022-03-16 15:55:00,APPH
5.4,5.4,5.335,5.345,17543,2022-03-16 16:00:00,APPH
5.35,5.405,5.35,5.405,11028,2022-03-16 16:05:00,APPH
5.405,5.45,5.4,5.425,33489,2022-03-16 16:10:00,APPH
5.4282,5.5432,5.4282,5.54,127045,2022-03-16 16:15:00,APPH
5.54,5.6,5.54,5.5481,60245,2022-03-16 16:20:00,APPH
5.5401,5.55,5.465,5.475,53794,2022-03-16 16:25:00,APPH
5.475,5.48,5.42,5.43,27401,2022-03-16 16:30:00,APPH
5.44,5.4425,5.38,5.385,42298,2022-03-16 16:35:00,APPH
5.39,5.42,5.38,5.42,16187,2022-03-16 16:40:00,APPH
5.42,5.44,5.37,5.44,55509,2022-03-16 16:45:00,APPH
5.455,5.48,5.44,5.46,19645,2022-03-16 16:50:00,APPH
5.46,5.475,5.44,5.46,18462,2022-03-16 16:55:00,APPH
5.4686,5.5,5.4686,5.48,12559,2022-03-16 17:00:00,APPH
5.49,5.5,5.4601,5.47,23455,2022-03-16 17:05:00,APPH
5.47,5.4701,5.4101,5.415,13049,2022-03-16 17:10:00,APPH
5.42,5.445,5.41,5.4206,8650,2022-03-16 17:15:00,APPH
5.425,5.435,5.41,5.435,10398,2022-03-16 17:20:00,APPH
5.43,5.4799,5.43,5.4765,24831,2022-03-16 17:25:00,APPH
5.471,5.485,5.465,5.475,7780,2022-03-16 17:30:00,APPH
5.4701,5.49,5.46,5.475,17942,2022-03-16 17:35:00,APPH
5.48,5.52,5.48,5.515,37788,2022-03-16 17:40:00,APPH
5.52,5.53,5.485,5.4965,18706,2022-03-16 17:45:00,APPH
5.49,5.49,5.4401,5.445,15084,2022-03-16 17:50:00,APPH
5.44,5.45,5.43,5.45,13973,2022-03-16 17:55:00,APPH
5.44,5.44,5.37,5.37,24155,2022-03-16 18:00:00,APPH
5.37,5.42,5.36,5.38,45079,2022-03-16 18:05:00,APPH
5.37,5.39,5.35,5.355,40745,2022-03-16 18:10:00,APPH
5.365,5.39,5.36,5.3895,12301,2022-03-16 18:15:00,APPH
5.4,5.405,5.38,5.39,15385,2022-03-16 18:20:00,APPH
5.39,5.405,5.3601,5.39,55368,2022-03-16 18:25:00,APPH
5.372,5.395,5.35,5.38,63546,2022-03-16 18:30:00,APPH
5.36,5.4288,5.36,5.4288,19516,2022-03-16 18:35:00,APPH
5.43,5.56,5.43,5.555,113436,2022-03-16 18:40:00,APPH
5.55,5.58,5.48,5.505,58857,2022-03-16 18:45:00,APPH
5.52,5.5389,5.4938,5.5389,23577,2022-03-16 18:50:00,APPH
5.53,5.57,5.525,5.55,45276,2022-03-16 18:55:00,APPH
5.53,5.5379,5.505,5.52,25268,2022-03-16 19:00:00,APPH
5.51,5.54,5.4911,5.5081,23885,2022-03-16 19:05:00,APPH
5.5038,5.54,5.5,5.54,27109,2022-03-16 19:10:00,APPH
5.53,5.54,5.52,5.535,11078,2022-03-16 19:15:00,APPH
5.5301,5.5301,5.43,5.43,44836,2022-03-16 19:20:00,APPH
5.4301,5.495,5.428,5.485,19136,2022-03-16 19:25:00,APPH
5.49,5.51,5.46,5.465,31080,2022-03-16 19:30:00,APPH
5.46,5.495,5.46,5.485,14103,2022-03-16 19:35:00,APPH
5.485,5.5,5.4801,5.4963,16542,2022-03-16 19:40:00,APPH
5.5,5.505,5.4701,5.5,30293,2022-03-16 19:45:00,APPH
5.5,5.56,5.5,5.555,60961,2022-03-16 19:50:00,APPH
5.55,5.56,5.52,5.54,93739,2022-03-16 19:55:00,APPH
5.55,5.56,5.55,5.55,393437,2022-03-16 20:00:00,APPH
5.55,5.55,5.48,5.48,300,2022-03-16 20:05:00,APPH
5.49,5.49,5.49,5.49,341,2022-03-16 20:10:00,APPH
5.51,5.51,5.51,5.51,350,2022-03-16 20:15:00,APPH
5.55,5.55,5.55,5.55,5239,2022-03-16 20:45:00,APPH
5.4,5.4,5.4,5.4,100,2022-03-16 21:00:00,APPH
5.36,5.36,5.36,5.36,400,2022-03-16 21:10:00,APPH
5.4,5.4,5.3999,5.3999,484,2022-03-16 21:40:00,APPH
5.43,5.43,5.34,5.34,1668,2022-03-16 22:00:00,APPH
5.25,5.3,5.21,5.3,2871,2022-03-16 22:05:00,APPH
5.49,5.58,5.48,5.5799,3943,2022-03-16 23:10:00,APPH
5.6,5.67,5.55,5.67,6150,2022-03-16 23:15:00,APPH
5.67,5.7,5.67,5.7,622,2022-03-16 23:20:00,APPH
5.75,5.75,5.75,5.75,123,2022-03-16 23:25:00,APPH
5.7,5.7,5.7,5.7,200,2022-03-16 23:30:00,APPH
5.55,5.55,5.55,5.55,395,2022-03-16 23:50:00,APPH
5.56,5.56,5.55,5.55,802,2022-03-17 09:05:00,APPH
5.55,5.55,5.55,5.55,500,2022-03-17 09:20:00,APPH
5.39,5.39,5.39,5.39,100,2022-03-17 10:00:00,APPH
5.26,5.26,5.22,5.22,1800,2022-03-17 10:05:00,APPH
5.41,5.41,5.41,5.41,100,2022-03-17 10:55:00,APPH
5.53,5.53,5.53,5.53,100,2022-03-17 12:00:00,APPH
5.53,5.53,5.48,5.48,6309,2022-03-17 12:30:00,APPH
5.5,5.5,5.5,5.5,300,2022-03-17 12:40:00,APPH
5.5,5.5,5.5,5.5,100,2022-03-17 12:55:00,APPH
5.48,5.49,5.47,5.49,1350,2022-03-17 13:00:00,APPH
5.49,5.49,5.49,5.49,200,2022-03-17 13:05:00,APPH
5.49,5.49,5.49,5.49,100,2022-03-17 13:10:00,APPH
5.49,5.49,5.49,5.49,100,2022-03-17 13:20:00,APPH
5.48,5.65,5.45,5.63,88394,2022-03-17 13:30:00,APPH
5.6325,5.75,5.63,5.7499,110215,2022-03-17 13:35:00,APPH
5.7538,5.79,5.69,5.7898,51631,2022-03-17 13:40:00,APPH
5.79,5.8,5.7,5.7139,60843,2022-03-17 13:45:00,APPH
5.71,5.765,5.7,5.715,52174,2022-03-17 13:50:00,APPH
5.72,5.82,5.72,5.79,71974,2022-03-17 13:55:00,APPH
5.7736,5.81,5.77,5.8,44004,2022-03-17 14:00:00,APPH
5.8,5.8059,5.725,5.7311,54398,2022-03-17 14:05:00,APPH
5.74,5.82,5.7,5.722,80405,2022-03-17 14:10:00,APPH
5.72,5.81,5.715,5.775,28474,2022-03-17 14:15:00,APPH
5.78,5.809,5.78,5.7998,28479,2022-03-17 14:20:00,APPH
5.795,5.88,5.775,5.865,72001,2022-03-17 14:25:00,APPH
5.87,5.87,5.79,5.83,244173,2022-03-17 14:30:00,APPH
5.83,5.8445,5.82,5.82,66950,2022-03-17 14:35:00,APPH
5.8201,5.83,5.74,5.7461,93013,2022-03-17 14:40:00,APPH
5.745,5.775,5.745,5.76,43985,2022-03-17 14:45:00,APPH
5.7699,5.77,5.71,5.72,26051,2022-03-17 14:50:00,APPH
5.71,5.7779,5.7,5.775,18700,2022-03-17 14:55:00,APPH
5.7789,5.81,5.76,5.8027,12267,2022-03-17 15:00:00,APPH
5.8,5.879,5.79,5.85,117949,2022-03-17 15:05:00,APPH
5.86,5.9823,5.8599,5.98,100134,2022-03-17 15:10:00,APPH
5.99,6.1099,5.9825,6.05,158624,2022-03-17 15:15:00,APPH
6.055,6.0578,5.99,6.0401,39588,2022-03-17 15:20:00,APPH
6.045,6.16,6.04,6.11,87954,2022-03-17 15:25:00,APPH
6.1,6.17,6.1,6.1667,52371,2022-03-17 15:30:00,APPH
6.1692,6.2,6.1,6.105,61572,2022-03-17 15:35:00,APPH
6.1,6.1,6.04,6.05,54182,2022-03-17 15:40:00,APPH
6.0403,6.055,6.03,6.04,24003,2022-03-17 15:45:00,APPH
6.0345,6.1,6.0345,6.1,34211,2022-03-17 15:50:00,APPH
6.11,6.165,6.1099,6.13,31258,2022-03-17 15:55:00,APPH
6.14,6.15,6.1,6.11,63320,2022-03-17 16:00:00,APPH
6.11,6.14,6.105,6.132,17413,2022-03-17 16:05:00,APPH
6.1301,6.135,6.0894,6.09,28363,2022-03-17 16:10:00,APPH
6.09,6.13,6.081,6.13,24270,2022-03-17 16:15:00,APPH
6.1316,6.14,6.08,6.09,62884,2022-03-17 16:20:00,APPH
6.085,6.085,6.04,6.0401,75126,2022-03-17 16:25:00,APPH
6.05,6.09,6.045,6.06,60914,2022-03-17 16:30:00,APPH
6.06,6.0603,5.99,6.0099,65056,2022-03-17 16:35:00,APPH
6.0099,6.02,5.99,5.99,15933,2022-03-17 16:40:00,APPH
5.99,6.0075,5.98,5.99,46068,2022-03-17 16:45:00,APPH
6.0,6.005,5.96,5.975,40597,2022-03-17 16:50:00,APPH
5.97,5.98,5.9628,5.9628,4998,2022-03-17 16:55:00,APPH
5.97,6.01,5.965,6.01,31411,2022-03-17 17:00:00,APPH
6.015,6.04,6.015,6.0314,19082,2022-03-17 17:05:00,APPH
6.03,6.03,5.95,5.95,28514,2022-03-17 17:10:00,APPH
5.95,5.95,5.92,5.93,12869,2022-03-17 17:15:00,APPH
5.9378,5.94,5.91,5.9397,21463,2022-03-17 17:20:00,APPH
5.94,5.98,5.94,5.98,16201,2022-03-17 17:25:00,APPH
5.9719,5.9799,5.9225,5.925,22081,2022-03-17 17:30:00,APPH
5.93,5.935,5.91,5.935,27410,2022-03-17 17:35:00,APPH
5.935,5.975,5.935,5.965,12676,2022-03-17 17:40:00,APPH
5.9657,5.9999,5.9657,5.9787,29735,2022-03-17 17:45:00,APPH
5.97,6.0,5.97,6.0,12499,2022-03-17 17:50:00,APPH
6.0,6.0199,5.975,5.975,24874,2022-03-17 17:55:00,APPH
5.9701,6.01,5.96,6.0,43962,2022-03-17 18:00:00,APPH
6.0099,6.02,6.0,6.013,9309,2022-03-17 18:05:00,APPH
6.02,6.02,5.98,6.005,29666,2022-03-17 18:10:00,APPH
6.005,6.055,6.0,6.045,20545,2022-03-17 18:15:00,APPH
6.045,6.0499,6.015,6.0151,21660,2022-03-17 18:20:00,APPH
6.015,6.04,6.01,6.035,28409,2022-03-17 18:25:00,APPH
6.035,6.07,6.035,6.06,19493,2022-03-17 18:30:00,APPH
6.063,6.085,6.035,6.085,31611,2022-03-17 18:35:00,APPH
6.09,6.115,6.075,6.1,40888,2022-03-17 18:40:00,APPH
6.1,6.11,6.0701,6.103,34651,2022-03-17 18:45:00,APPH
6.1037,6.13,6.1,6.1014,32347,2022-03-17 18:50:00,APPH
6.105,6.13,6.1,6.13,14471,2022-03-17 18:55:00,APPH
6.125,6.13,6.045,6.055,47390,2022-03-17 19:00:00,APPH
6.055,6.06,6.0,6.01,62629,2022-03-17 19:05:00,APPH
6.005,6.0081,5.934,5.95,72179,2022-03-17 19:10:00,APPH
5.9401,5.96,5.93,5.96,42648,2022-03-17 19:15:00,APPH
5.955,5.9577,5.88,5.8801,57871,2022-03-17 19:20:00,APPH
5.885,5.89,5.86,5.87,29954,2022-03-17 19:25:00,APPH
5.87,5.91,5.86,5.89,36075,2022-03-17 19:30:00,APPH
5.895,5.91,5.86,5.86,36322,2022-03-17 19:35:00,APPH
5.865,5.9,5.86,5.9,45264,2022-03-17 19:40:00,APPH
5.91,5.965,5.905,5.955,53496,2022-03-17 19:45:00,APPH
5.96,6.02,5.95,5.9525,113522,2022-03-17 19:50:00,APPH
5.953,5.97,5.9101,5.95,85004,2022-03-17 19:55:00,APPH
5.96,5.96,5.86,5.92,373419,2022-03-17 20:00:00,APPH
6.05,6.05,6.05,6.05,400,2022-03-17 20:05:00,APPH
5.96,5.96,5.96,5.96,195,2022-03-17 20:55:00,APPH
5.97,5.97,5.97,5.97,200,2022-03-17 21:25:00,APPH
6.0,6.0,6.0,6.0,100,2022-03-17 23:45:00,APPH
6.0,6.0,6.0,6.0,135,2022-03-18 08:00:00,APPH
6.0,6.0,6.0,6.0,124,2022-03-18 08:55:00,APPH
6.13,6.13,5.85,5.85,1925,2022-03-18 10:00:00,APPH
5.9,5.9,5.9,5.9,3431,2022-03-18 10:10:00,APPH
5.9,5.9,5.9,5.9,200,2022-03-18 10:30:00,APPH
5.86,5.86,5.85,5.85,300,2022-03-18 10:45:00,APPH
5.82,5.82,5.8,5.8,619,2022-03-18 10:50:00,APPH
5.87,5.87,5.85,5.86,802,2022-03-18 11:10:00,APPH
5.88,5.88,5.88,5.88,2000,2022-03-18 12:25:00,APPH
5.89,5.89,5.89,5.89,600,2022-03-18 12:35:00,APPH
5.9,5.9,5.8999,5.9,1300,2022-03-18 12:40:00,APPH
5.9,5.9,5.9,5.9,160,2022-03-18 13:00:00,APPH
5.9,5.91,5.9,5.9,400,2022-03-18 13:20:00,APPH
5.9,5.9,5.9,5.9,100,2022-03-18 13:25:00,APPH
5.9,5.97,5.8694,5.96,168068,2022-03-18 13:30:00,APPH
5.97,5.98,5.91,5.965,36277,2022-03-18 13:35:00,APPH
5.965,6.13,5.95,6.11,55742,2022-03-18 13:40:00,APPH
6.1079,6.23,6.105,6.22,29613,2022-03-18 13:45:00,APPH
6.228,6.27,6.21,6.257,47621,2022-03-18 13:50:00,APPH
6.2501,6.3599,6.25,6.355,51881,2022-03-18 13:55:00,APPH
6.35,6.41,6.3213,6.4,72073,2022-03-18 14:00:00,APPH
6.385,6.44,6.385,6.407,76523,2022-03-18 14:05:00,APPH
6.415,6.4356,6.3701,6.4101,41682,2022-03-18 14:10:00,APPH
6.41,6.465,6.38,6.44,54635,2022-03-18 14:15:00,APPH
6.447,6.45,6.4005,6.405,27688,2022-03-18 14:20:00,APPH
6.4022,6.475,6.39,6.475,34404,2022-03-18 14:25:00,APPH
6.47,6.478,6.3643,6.395,137633,2022-03-18 14:30:00,APPH
6.395,6.4281,6.39,6.39,39196,2022-03-18 14:35:00,APPH
6.382,6.43,6.38,6.4188,59424,2022-03-18 14:40:00,APPH
6.42,6.46,6.4024,6.4174,29949,2022-03-18 14:45:00,APPH
6.41,6.42,6.39,6.41,45928,2022-03-18 14:50:00,APPH
6.42,6.46,6.42,6.455,11803,2022-03-18 14:55:00,APPH
6.455,6.455,6.405,6.415,19294,2022-03-18 15:00:00,APPH
6.415,6.4499,6.405,6.4499,16733,2022-03-18 15:05:00,APPH
6.44,6.4794,6.42,6.45,59328,2022-03-18 15:10:00,APPH
6.44,6.44,6.3801,6.385,55989,2022-03-18 15:15:00,APPH
6.38,6.385,6.345,6.355,74908,2022-03-18 15:20:00,APPH
6.355,6.38,6.3412,6.3612,47350,2022-03-18 15:25:00,APPH
6.3699,6.41,6.3699,6.4084,22830,2022-03-18 15:30:00,APPH
6.41,6.44,6.395,6.4284,24029,2022-03-18 15:35:00,APPH
6.42,6.43,6.403,6.42,16072,2022-03-18 15:40:00,APPH
6.425,6.45,6.4,6.4401,16788,2022-03-18 15:45:00,APPH
6.45,6.47,6.395,6.3999,30503,2022-03-18 15:50:00,APPH
6.395,6.4193,6.385,6.415,79785,2022-03-18 15:55:00,APPH
6.415,6.43,6.405,6.4217,7603,2022-03-18 16:00:00,APPH
6.425,6.427,6.4,6.415,9845,2022-03-18 16:05:00,APPH
6.41,6.43,6.4,6.41,16125,2022-03-18 16:10:00,APPH
6.4156,6.44,6.4,6.4391,16274,2022-03-18 16:15:00,APPH
6.44,6.4442,6.405,6.4091,24166,2022-03-18 16:20:00,APPH
6.405,6.425,6.4001,6.425,17048,2022-03-18 16:25:00,APPH
6.4278,6.43,6.41,6.42,10730,2022-03-18 16:30:00,APPH
6.42,6.435,6.411,6.435,10199,2022-03-18 16:35:00,APPH
6.435,6.435,6.405,6.405,16521,2022-03-18 16:40:00,APPH
6.41,6.41,6.39,6.4,13404,2022-03-18 16:45:00,APPH
6.405,6.4127,6.39,6.395,26703,2022-03-18 16:50:00,APPH
6.4,6.415,6.395,6.4,12824,2022-03-18 16:55:00,APPH
6.405,6.415,6.405,6.41,4900,2022-03-18 17:00:00,APPH
6.42,6.43,6.405,6.409,22304,2022-03-18 17:05:00,APPH
6.4076,6.45,6.4,6.4496,20539,2022-03-18 17:10:00,APPH
6.45,6.52,6.445,6.455,81609,2022-03-18 17:15:00,APPH
6.45,6.45,6.43,6.44,7221,2022-03-18 17:20:00,APPH
6.445,6.5,6.445,6.455,21145,2022-03-18 17:25:00,APPH
6.455,6.48,6.45,6.48,24884,2022-03-18 17:30:00,APPH
6.4788,6.505,6.47,6.48,34191,2022-03-18 17:35:00,APPH
6.475,6.5399,6.47,6.52,25968,2022-03-18 17:40:00,APPH
6.5151,6.55,6.5151,6.52,15934,2022-03-18 17:45:00,APPH
6.5199,6.5199,6.4916,6.495,29037,2022-03-18 17:50:00,APPH
6.4991,6.51,6.49,6.5,17907,2022-03-18 17:55:00,APPH
6.5001,6.5199,6.5,6.5,8500,2022-03-18 18:00:00,APPH
6.505,6.5157,6.48,6.4981,26388,2022-03-18 18:05:00,APPH
6.49,6.5,6.4745,6.4901,14295,2022-03-18 18:10:00,APPH
6.5,6.55,6.495,6.55,13468,2022-03-18 18:15:00,APPH
6.5596,6.67,6.535,6.59,220150,2022-03-18 18:20:00,APPH
6.585,6.6299,6.58,6.5899,59021,2022-03-18 18:25:00,APPH
6.59,6.62,6.56,6.56,10976,2022-03-18 18:30:00,APPH
6.5601,6.62,6.5601,6.605,24539,2022-03-18 18:35:00,APPH
6.61,6.61,6.5801,6.59,15543,2022-03-18 18:40:00,APPH
6.59,6.6,6.56,6.6,13805,2022-03-18 18:45:00,APPH
6.5994,6.605,6.54,6.5518,13806,2022-03-18 18:50:00,APPH
6.55,6.57,6.49,6.5,42471,2022-03-18 18:55:00,APPH
6.5,6.515,6.48,6.485,32197,2022-03-18 19:00:00,APPH
6.4821,6.53,6.48,6.52,28535,2022-03-18 19:05:00,APPH
6.5172,6.5172,6.495,6.5,21920,2022-03-18 19:10:00,APPH
6.505,6.515,6.485,6.511,16789,2022-03-18 19:15:00,APPH
6.5115,6.545,6.49,6.49,45670,2022-03-18 19:20:00,APPH
6.49,6.54,6.49,6.5363,17573,2022-03-18 19:25:00,APPH
6.54,6.565,6.53,6.53,28616,2022-03-18 19:30:00,APPH
6.5319,6.535,6.48,6.485,36907,2022-03-18 19:35:00,APPH
6.49,6.51,6.48,6.505,35621,2022-03-18 19:40:00,APPH
6.505,6.52,6.4241,6.4241,79628,2022-03-18 19:45:00,APPH
6.44,6.44,6.3,6.31,190125,2022-03-18 19:50:00,APPH
6.315,6.33,6.25,6.26,264730,2022-03-18 19:55:00,APPH
6.24,6.24,6.0,6.24,847698,2022-03-18 20:00:00,APPH
6.24,6.28,6.24,6.28,5980,2022-03-18 20:05:00,APPH
6.4893,6.4893,6.4893,6.4893,150,2022-03-18 20:10:00,APPH
6.41,6.41,6.41,6.41,200,2022-03-18 20:25:00,APPH
6.35,6.35,6.35,6.35,100,2022-03-18 20:30:00,APPH
6.37,6.37,6.37,6.37,100,2022-03-18 20:45:00,APPH
6.37,6.37,6.37,6.37,100,2022-03-18 20:50:00,APPH
6.38,6.38,6.38,6.38,637,2022-03-18 20:55:00,APPH
6.24,6.24,6.24,6.24,3026,2022-03-18 21:00:00,APPH
6.36,6.36,6.36,6.36,300,2022-03-18 21:10:00,APPH
6.36,6.37,6.36,6.37,2100,2022-03-18 21:30:00,APPH
6.41,6.41,6.41,6.41,200,2022-03-18 21:50:00,APPH
6.41,6.41,6.41,6.41,100,2022-03-18 21:55:00,APPH
6.49,6.49,6.49,6.49,200,2022-03-18 22:35:00,APPH
6.49,6.49,6.49,6.49,100,2022-03-18 22:50:00,APPH
6.48,6.48,6.48,6.48,100,2022-03-18 22:55:00,APPH
6.32,6.32,6.32,6.32,120,2022-03-18 23:30:00,APPH
6.49,6.49,6.3,6.3,481,2022-03-18 23:50:00,APPH
6.49,6.49,6.49,6.49,100,2022-03-18 23:55:00,APPH
6.2,6.2,5.93,5.93,2873,2022-03-21 08:00:00,APPH
5.93,5.93,5.93,5.93,100,2022-03-21 08:05:00,APPH
5.92,5.93,5.92,5.93,1400,2022-03-21 08:10:00,APPH
5.93,5.93,5.93,5.93,248,2022-03-21 08:35:00,APPH
5.93,5.93,5.85,5.85,2190,2022-03-21 08:45:00,APPH
5.7,5.7,5.7,5.7,680,2022-03-21 08:55:00,APPH
5.9,5.9,5.9,5.9,1100,2022-03-21 09:25:00,APPH
5.9,5.9,5.9,5.9,113,2022-03-21 09:45:00,APPH
6.24,6.24,6.24,6.24,200,2022-03-21 11:00:00,APPH
6.22,6.24,6.22,6.24,431,2022-03-21 11:05:00,APPH
6.21,6.3,6.2,6.3,1320,2022-03-21 11:10:00,APPH
6.39,6.39,6.39,6.39,600,2022-03-21 11:25:00,APPH
6.39,6.39,6.39,6.39,100,2022-03-21 11:30:00,APPH
6.4,6.4,6.4,6.4,100,2022-03-21 11:45:00,APPH
6.39,6.39,6.39,6.39,185,2022-03-21 12:00:00,APPH
6.4,6.4,6.4,6.4,101,2022-03-21 12:05:00,APPH
6.39,6.39,6.39,6.39,141,2022-03-21 12:10:00,APPH
6.41,6.41,6.38,6.38,5600,2022-03-21 12:15:00,APPH
6.38,6.38,6.38,6.38,575,2022-03-21 12:25:00,APPH
6.35,6.35,6.35,6.35,100,2022-03-21 12:35:00,APPH
6.36,6.36,6.36,6.36,500,2022-03-21 12:50:00,APPH
6.34,6.34,6.34,6.34,100,2022-03-21 12:55:00,APPH
6.31,6.31,6.31,6.31,1172,2022-03-21 13:00:00,APPH
6.27,6.27,6.27,6.27,1000,2022-03-21 13:15:00,APPH
6.28,6.59,6.28,6.59,5543,2022-03-21 13:25:00,APPH
6.505,6.58,6.13,6.24,171679,2022-03-21 13:30:00,APPH
6.28,6.39,6.15,6.16,89468,2022-03-21 13:35:00,APPH
6.14,6.17,6.05,6.1,64999,2022-03-21 13:40:00,APPH
6.11,6.1375,6.06,6.11,52380,2022-03-21 13:45:00,APPH
6.12,6.26,6.12,6.17,34460,2022-03-21 13:50:00,APPH
6.16,6.215,6.15,6.175,17993,2022-03-21 13:55:00,APPH
6.17,6.18,6.09,6.115,38206,2022-03-21 14:00:00,APPH
6.115,6.21,6.105,6.21,11492,2022-03-21 14:05:00,APPH
6.2198,6.2247,6.17,6.18,8854,2022-03-21 14:10:00,APPH
6.17,6.2,6.145,6.15,11870,2022-03-21 14:15:00,APPH
6.15,6.17,6.13,6.165,20686,2022-03-21 14:20:00,APPH
6.16,6.16,6.1001,6.15,26081,2022-03-21 14:25:00,APPH
6.145,6.19,6.12,6.155,26622,2022-03-21 14:30:00,APPH
6.15,6.155,6.08,6.101,41985,2022-03-21 14:35:00,APPH
6.11,6.125,6.092,6.12,21428,2022-03-21 14:40:00,APPH
6.115,6.14,6.115,6.1376,7382,2022-03-21 14:45:00,APPH
6.14,6.145,6.06,6.06,26099,2022-03-21 14:50:00,APPH
6.0601,6.09,6.0601,6.088,32267,2022-03-21 14:55:00,APPH
6.08,6.14,6.08,6.12,29576,2022-03-21 15:00:00,APPH
6.11,6.15,6.105,6.12,26615,2022-03-21 15:05:00,APPH
6.12,6.17,6.115,6.1399,37315,2022-03-21 15:10:00,APPH
6.135,6.18,6.135,6.155,14425,2022-03-21 15:15:00,APPH
6.1576,6.17,6.15,6.165,8001,2022-03-21 15:20:00,APPH
6.165,6.166,6.09,6.125,56656,2022-03-21 15:25:00,APPH
6.12,6.13,6.08,6.085,7265,2022-03-21 15:30:00,APPH
6.0899,6.1,6.04,6.07,41821,2022-03-21 15:35:00,APPH
6.07,6.075,6.065,6.07,9975,2022-03-21 15:40:00,APPH
6.065,6.07,6.03,6.035,19819,2022-03-21 15:45:00,APPH
6.04,6.04,5.98,5.985,48907,2022-03-21 15:50:00,APPH
5.985,6.04,5.985,6.035,33240,2022-03-21 15:55:00,APPH
6.0399,6.0399,6.0117,6.0117,11782,2022-03-21 16:00:00,APPH
6.01,6.0177,5.98,6.015,27085,2022-03-21 16:05:00,APPH
6.011,6.0157,5.995,6.0049,5176,2022-03-21 16:10:00,APPH
6.001,6.01,5.995,6.0,11454,2022-03-21 16:15:00,APPH
6.005,6.015,5.995,6.005,14334,2022-03-21 16:20:00,APPH
6.005,6.005,5.995,6.0,16464,2022-03-21 16:25:00,APPH
5.99,5.995,5.92,5.9353,37656,2022-03-21 16:30:00,APPH
5.935,5.9391,5.85,5.8675,54355,2022-03-21 16:35:00,APPH
5.86,5.905,5.86,5.88,40476,2022-03-21 16:40:00,APPH
5.875,5.93,5.875,5.93,15870,2022-03-21 16:45:00,APPH
5.935,5.94,5.88,5.88,26802,2022-03-21 16:50:00,APPH
5.8898,5.91,5.82,5.83,38756,2022-03-21 16:55:00,APPH
5.83,5.85,5.82,5.85,12831,2022-03-21 17:00:00,APPH
5.8418,5.88,5.8418,5.87,12509,2022-03-21 17:05:00,APPH
5.87,5.87,5.82,5.8203,8654,2022-03-21 17:10:00,APPH
5.82,5.825,5.77,5.7801,25398,2022-03-21 17:15:00,APPH
5.785,5.8065,5.77,5.8,55150,2022-03-21 17:20:00,APPH
5.8,5.805,5.79,5.79,9990,2022-03-21 17:25:00,APPH
5.795,5.81,5.795,5.7979,13592,2022-03-21 17:30:00,APPH
5.7998,5.82,5.79,5.8169,15870,2022-03-21 17:35:00,APPH
5.82,5.825,5.795,5.795,17446,2022-03-21 17:40:00,APPH
5.8,5.82,5.7977,5.82,6150,2022-03-21 17:45:00,APPH
5.82,5.84,5.81,5.84,9907,2022-03-21 17:50:00,APPH
5.84,5.84,5.82,5.84,12818,2022-03-21 17:55:00,APPH
5.84,5.86,5.835,5.86,13946,2022-03-21 18:00:00,APPH
5.86,5.86,5.83,5.83,23984,2022-03-21 18:05:00,APPH
5.8201,5.85,5.82,5.845,17682,2022-03-21 18:10:00,APPH
5.84,5.87,5.84,5.87,26138,2022-03-21 18:15:00,APPH
5.8691,5.93,5.8691,5.93,22380,2022-03-21 18:20:00,APPH
5.93,5.97,5.93,5.935,35754,2022-03-21 18:25:00,APPH
5.94,5.94,5.88,5.9,20925,2022-03-21 18:30:00,APPH
5.91,5.94,5.91,5.94,13543,2022-03-21 18:35:00,APPH
5.93,5.935,5.86,5.89,32271,2022-03-21 18:40:00,APPH
5.8883,5.89,5.86,5.865,38305,2022-03-21 18:45:00,APPH
5.865,5.88,5.86,5.88,14996,2022-03-21 18:50:00,APPH
5.88,5.88,5.81,5.83,25157,2022-03-21 18:55:00,APPH
5.83,5.84,5.83,5.835,26448,2022-03-21 19:00:00,APPH
5.835,5.84,5.8324,5.84,9549,2022-03-21 19:05:00,APPH
5.84,5.86,5.84,5.855,13047,2022-03-21 19:10:00,APPH
5.86,5.875,5.85,5.855,22918,2022-03-21 19:15:00,APPH
5.86,5.89,5.85,5.89,18258,2022-03-21 19:20:00,APPH
5.89,5.91,5.885,5.905,22646,2022-03-21 19:25:00,APPH
5.91,5.92,5.895,5.92,24114,2022-03-21 19:30:00,APPH
5.92,5.96,5.92,5.9463,23294,2022-03-21 19:35:00,APPH
5.94,5.945,5.91,5.917,10438,2022-03-21 19:40:00,APPH
5.915,5.93,5.9,5.9,21895,2022-03-21 19:45:00,APPH
5.91,5.975,5.9,5.905,85857,2022-03-21 19:50:00,APPH
5.91,5.96,5.905,5.96,78109,2022-03-21 19:55:00,APPH
5.94,5.94,5.94,5.94,336113,2022-03-21 20:00:00,APPH
6.0,6.0,5.9999,5.9999,500,2022-03-21 20:05:00,APPH
5.99,5.99,5.99,5.99,100,2022-03-21 20:10:00,APPH
5.99,5.99,5.99,5.99,100,2022-03-21 20:20:00,APPH
5.86,5.86,5.86,5.86,50000,2022-03-21 20:25:00,APPH
6.0,6.0,6.0,6.0,280,2022-03-21 20:35:00,APPH
5.9874,5.9874,5.9874,5.9874,500,2022-03-21 20:55:00,APPH
5.8,5.8,5.8,5.8,300,2022-03-21 21:20:00,APPH
5.86,5.86,5.86,5.86,100,2022-03-21 21:55:00,APPH
5.9,5.91,5.9,5.91,428,2022-03-21 23:00:00,APPH
5.94,5.94,5.94,5.94,118,2022-03-21 23:30:00,APPH
5.93,5.93,5.93,5.93,400,2022-03-22 11:20:00,APPH
5.92,5.92,5.91,5.91,1077,2022-03-22 12:10:00,APPH
5.91,5.91,5.9,5.9,1700,2022-03-22 12:15:00,APPH
5.94,5.94,5.94,5.94,420,2022-03-22 12:20:00,APPH
5.93,5.93,5.93,5.93,250,2022-03-22 13:15:00,APPH
5.92,5.92,5.91,5.91,300,2022-03-22 13:20:00,APPH
5.95,5.95,5.83,5.83,204,2022-03-22 13:25:00,APPH
5.94,5.97,5.77,5.85,28443,2022-03-22 13:30:00,APPH
5.85,5.96,5.83,5.9385,29971,2022-03-22 13:35:00,APPH
5.92,5.92,5.83,5.84,10427,2022-03-22 13:40:00,APPH
5.85,5.87,5.8,5.8,40122,2022-03-22 13:45:00,APPH
5.79,5.81,5.78,5.7925,35912,2022-03-22 13:50:00,APPH
5.795,5.85,5.795,5.85,21773,2022-03-22 13:55:00,APPH
5.85,5.8899,5.8286,5.85,16636,2022-03-22 14:00:00,APPH
5.8611,5.88,5.82,5.88,14113,2022-03-22 14:05:00,APPH
5.87,5.875,5.81,5.84,9305,2022-03-22 14:10:00,APPH
5.8401,5.865,5.82,5.835,14160,2022-03-22 14:15:00,APPH
5.835,5.8578,5.825,5.85,14767,2022-03-22 14:20:00,APPH
5.85,5.85,5.83,5.83,13971,2022-03-22 14:25:00,APPH
5.84,5.885,5.825,5.83,18316,2022-03-22 14:30:00,APPH
5.83,5.85,5.82,5.84,13714,2022-03-22 14:35:00,APPH
5.85,5.8691,5.83,5.835,5644,2022-03-22 14:40:00,APPH
5.8357,5.89,5.83,5.885,13731,2022-03-22 14:45:00,APPH
5.8892,5.9,5.885,5.9,12652,2022-03-22 14:50:00,APPH
5.91,5.93,5.9,5.9,22381,2022-03-22 14:55:00,APPH
5.89,5.935,5.89,5.9143,16701,2022-03-22 15:00:00,APPH
5.915,5.9462,5.91,5.94,33187,2022-03-22 15:05:00,APPH
5.94,5.96,5.915,5.925,15854,2022-03-22 15:10:00,APPH
5.92,5.97,5.915,5.97,10217,2022-03-22 15:15:00,APPH
5.96,5.965,5.935,5.945,9180,2022-03-22 15:20:00,APPH
5.95,6.03,5.95,6.0199,25776,2022-03-22 15:25:00,APPH
6.03,6.03,6.02,6.03,9472,2022-03-22 15:30:00,APPH
6.03,6.08,6.03,6.08,15384,2022-03-22 15:35:00,APPH
6.085,6.1175,6.08,6.085,475613,2022-03-22 15:40:00,APPH
6.085,6.19,6.085,6.18,20173,2022-03-22 15:45:00,APPH
6.17,6.22,6.16,6.2,23358,2022-03-22 15:50:00,APPH
6.2,6.205,6.1501,6.16,30887,2022-03-22 15:55:00,APPH
6.1687,6.17,6.13,6.135,15621,2022-03-22 16:00:00,APPH
6.135,6.135,6.11,6.125,16569,2022-03-22 16:05:00,APPH
6.1215,6.2,6.115,6.1804,23496,2022-03-22 16:10:00,APPH
6.18,6.18,6.135,6.1444,5600,2022-03-22 16:15:00,APPH
6.1408,6.1408,6.02,6.025,60675,2022-03-22 16:20:00,APPH
6.025,6.0672,6.0201,6.0672,11164,2022-03-22 16:25:00,APPH
6.065,6.065,6.0334,6.05,4506,2022-03-22 16:30:00,APPH
6.05,6.06,6.035,6.05,17227,2022-03-22 16:35:00,APPH
6.055,6.08,6.05,6.08,5306,2022-03-22 16:40:00,APPH
6.08,6.095,6.055,6.07,12311,2022-03-22 16:45:00,APPH
6.075,6.0832,6.065,6.07,3800,2022-03-22 16:50:00,APPH
6.068,6.09,6.05,6.09,14895,2022-03-22 16:55:00,APPH
6.08,6.08,6.05,6.07,4211,2022-03-22 17:00:00,APPH
6.06,6.08,6.055,6.075,5906,2022-03-22 17:05:00,APPH
6.07,6.07,6.057,6.06,5713,2022-03-22 17:10:00,APPH
6.07,6.075,6.01,6.01,10711,2022-03-22 17:15:00,APPH
6.01,6.0185,6.0,6.0,55853,2022-03-22 17:20:00,APPH
6.005,6.06,6.005,6.05,11150,2022-03-22 17:25:00,APPH
6.0555,6.09,6.05,6.085,12956,2022-03-22 17:30:00,APPH
6.08,6.08,6.0606,6.08,4926,2022-03-22 17:35:00,APPH
6.085,6.095,6.075,6.09,14451,2022-03-22 17:40:00,APPH
6.08,6.08,6.0438,6.0438,1900,2022-03-22 17:45:00,APPH
6.05,6.075,6.05,6.075,8096,2022-03-22 17:50:00,APPH
6.08,6.08,6.04,6.04,4771,2022-03-22 17:55:00,APPH
6.035,6.075,6.03,6.06,17210,2022-03-22 18:00:00,APPH
6.065,6.08,6.065,6.065,5419,2022-03-22 18:05:00,APPH
6.0601,6.08,6.06,6.0767,15807,2022-03-22 18:10:00,APPH
6.0735,6.0735,6.05,6.065,13770,2022-03-22 18:15:00,APPH
6.065,6.08,6.055,6.06,29194,2022-03-22 18:20:00,APPH
6.06,6.075,6.055,6.075,8120,2022-03-22 18:25:00,APPH
6.075,6.08,6.065,6.07,11306,2022-03-22 18:30:00,APPH
6.075,6.085,6.07,6.08,5925,2022-03-22 18:35:00,APPH
6.0843,6.095,6.065,6.09,22340,2022-03-22 18:40:00,APPH
6.09,6.09,6.08,6.09,5251,2022-03-22 18:45:00,APPH
6.09,6.09,6.08,6.085,13172,2022-03-22 18:50:00,APPH
6.085,6.0899,6.05,6.05,15780,2022-03-22 18:55:00,APPH
6.05,6.05,5.9725,6.04,38914,2022-03-22 19:00:00,APPH
6.04,6.055,6.035,6.0401,7302,2022-03-22 19:05:00,APPH
6.04,6.0481,6.025,6.0417,10074,2022-03-22 19:10:00,APPH
6.045,6.045,6.01,6.01,6815,2022-03-22 19:15:00,APPH
6.015,6.025,6.005,6.01,29515,2022-03-22 19:20:00,APPH
6.01,6.065,6.01,6.025,35308,2022-03-22 19:25:00,APPH
6.029,6.045,6.01,6.02,13619,2022-03-22 19:30:00,APPH
6.03,6.055,6.03,6.055,15702,2022-03-22 19:35:00,APPH
6.055,6.1,6.04,6.04,33165,2022-03-22 19:40:00,APPH
6.04,6.06,6.03,6.05,13215,2022-03-22 19:45:00,APPH
6.055,6.08,6.01,6.025,95076,2022-03-22 19:50:00,APPH
6.03,6.08,6.03,6.06,98293,2022-03-22 19:55:00,APPH
6.08,6.08,6.08,6.08,305142,2022-03-22 20:00:00,APPH
6.1235,6.1235,6.1235,6.1235,100,2022-03-22 20:25:00,APPH
6.08,6.08,6.08,6.08,9147,2022-03-22 21:10:00,APPH
6.04,6.04,6.04,6.04,122,2022-03-22 21:45:00,APPH
6.08,6.08,6.08,6.08,1000,2022-03-22 23:20:00,APPH
6.14,6.14,6.08,6.08,319,2022-03-23 08:40:00,APPH
6.08,6.08,6.08,6.08,261,2022-03-23 08:50:00,APPH
6.36,6.36,6.36,6.36,961,2022-03-23 09:00:00,APPH
6.35,6.35,6.29,6.29,850,2022-03-23 09:05:00,APPH
6.32,6.32,6.32,6.32,780,2022-03-23 10:55:00,APPH
6.25,6.25,6.25,6.25,100,2022-03-23 11:00:00,APPH
6.25,6.25,6.25,6.25,100,2022-03-23 11:25:00,APPH
6.25,6.25,6.25,6.25,1000,2022-03-23 11:45:00,APPH
6.25,6.25,6.25,6.25,650,2022-03-23 12:00:00,APPH
6.2599,6.2599,6.2599,6.2599,2000,2022-03-23 12:05:00,APPH
6.24,6.24,6.24,6.24,200,2022-03-23 12:35:00,APPH
6.2399,6.2399,6.21,6.21,703,2022-03-23 13:05:00,APPH
6.21,6.21,6.15,6.15,380,2022-03-23 13:10:00,APPH
6.2436,6.2774,6.2436,6.27,550,2022-03-23 13:25:00,APPH
6.2,6.23,6.11,6.2282,40404,2022-03-23 13:30:00,APPH
6.23,6.36,6.23,6.306,37081,2022-03-23 13:35:00,APPH
6.31,6.37,6.29,6.3348,45559,2022-03-23 13:40:00,APPH
6.34,6.3485,6.115,6.1299,85751,2022-03-23 13:45:00,APPH
6.13,6.18,6.12,6.155,11192,2022-03-23 13:50:00,APPH
6.15,6.2,6.15,6.1958,14161,2022-03-23 13:55:00,APPH
6.19,6.26,6.18,6.26,11586,2022-03-23 14:00:00,APPH
6.275,6.31,6.27,6.3092,15535,2022-03-23 14:05:00,APPH
6.3,6.31,6.245,6.29,29680,2022-03-23 14:10:00,APPH
6.285,6.3821,6.285,6.355,17896,2022-03-23 14:15:00,APPH
6.35,6.3584,6.27,6.33,31482,2022-03-23 14:20:00,APPH
6.32,6.33,6.295,6.3054,23842,2022-03-23 14:25:00,APPH
6.31,6.36,6.31,6.34,28148,2022-03-23 14:30:00,APPH
6.34,6.4,6.34,6.395,20537,2022-03-23 14:35:00,APPH
6.39,6.437,6.39,6.4088,41125,2022-03-23 14:40:00,APPH
6.41,6.44,6.41,6.44,15882,2022-03-23 14:45:00,APPH
6.445,6.48,6.44,6.48,53236,2022-03-23 14:50:00,APPH
6.48,6.5999,6.48,6.575,115322,2022-03-23 14:55:00,APPH
6.5701,6.63,6.57,6.63,42113,2022-03-23 15:00:00,APPH
6.63,6.74,6.63,6.735,58879,2022-03-23 15:05:00,APPH
6.735,6.79,6.72,6.755,63572,2022-03-23 15:10:00,APPH
6.76,6.76,6.67,6.75,74168,2022-03-23 15:15:00,APPH
6.75,6.84,6.75,6.7701,66537,2022-03-23 15:20:00,APPH
6.7738,6.85,6.7738,6.84,36909,2022-03-23 15:25:00,APPH
6.8487,6.91,6.84,6.9,51081,2022-03-23 15:30:00,APPH
6.895,6.9,6.7863,6.79,59866,2022-03-23 15:35:00,APPH
6.79,6.8,6.77,6.79,37884,2022-03-23 15:40:00,APPH
6.79,6.87,6.79,6.8581,32088,2022-03-23 15:45:00,APPH
6.8512,6.99,6.845,6.98,91595,2022-03-23 15:50:00,APPH
6.98,7.05,6.95,7.025,125725,2022-03-23 15:55:00,APPH
7.025,7.0299,6.95,7.01,39378,2022-03-23 16:00:00,APPH
7.01,7.02,6.9,6.91,47830,2022-03-23 16:05:00,APPH
6.91,6.985,6.9,6.985,26178,2022-03-23 16:10:00,APPH
6.99,7.045,6.99,7.045,52534,2022-03-23 16:15:00,APPH
7.045,7.05,6.935,6.935,50562,2022-03-23 16:20:00,APPH
6.94,6.975,6.94,6.9401,28047,2022-03-23 16:25:00,APPH
6.945,6.96,6.91,6.94,20823,2022-03-23 16:30:00,APPH
6.945,6.945,6.87,6.875,37735,2022-03-23 16:35:00,APPH
6.87,6.8758,6.82,6.835,21668,2022-03-23 16:40:00,APPH
6.835,6.845,6.8101,6.8387,16117,2022-03-23 16:45:00,APPH
6.84,6.905,6.84,6.87,38799,2022-03-23 16:50:00,APPH
6.87,6.92,6.865,6.87,20575,2022-03-23 16:55:00,APPH
6.87,6.88,6.86,6.865,9334,2022-03-23 17:00:00,APPH
6.87,6.8995,6.87,6.89,17427,2022-03-23 17:05:00,APPH
6.8801,6.91,6.8801,6.905,19854,2022-03-23 17:10:00,APPH
6.905,6.915,6.8416,6.8561,20141,2022-03-23 17:15:00,APPH
6.855,6.8799,6.8355,6.8716,17685,2022-03-23 17:20:00,APPH
6.88,6.885,6.8621,6.88,12003,2022-03-23 17:25:00,APPH
6.89,6.905,6.86,6.86,12115,2022-03-23 17:30:00,APPH
6.855,6.87,6.85,6.8599,18619,2022-03-23 17:35:00,APPH
6.85,6.87,6.845,6.87,6430,2022-03-23 17:40:00,APPH
6.865,6.89,6.86,6.875,21896,2022-03-23 17:45:00,APPH
6.88,6.88,6.76,6.85,30292,2022-03-23 17:50:00,APPH
6.855,6.94,6.85,6.9399,40017,2022-03-23 17:55:00,APPH
6.935,6.935,6.835,6.865,14154,2022-03-23 18:00:00,APPH
6.855,6.885,6.8415,6.87,13371,2022-03-23 18:05:00,APPH
6.88,6.88,6.86,6.865,5375,2022-03-23 18:10:00,APPH
6.86,6.88,6.835,6.87,14242,2022-03-23 18:15:00,APPH
6.88,6.88,6.87,6.87,8867,2022-03-23 18:20:00,APPH
6.865,6.865,6.82,6.82,18480,2022-03-23 18:25:00,APPH
6.815,6.82,6.73,6.7735,27991,2022-03-23 18:30:00,APPH
6.775,6.79,6.745,6.77,16037,2022-03-23 18:35:00,APPH
6.775,6.775,6.72,6.735,38633,2022-03-23 18:40:00,APPH
6.735,6.74,6.73,6.735,27461,2022-03-23 18:45:00,APPH
6.735,6.735,6.66,6.69,44765,2022-03-23 18:50:00,APPH
6.695,6.71,6.695,6.7,13192,2022-03-23 18:55:00,APPH
6.7,6.72,6.695,6.695,18423,2022-03-23 19:00:00,APPH
6.69,6.69,6.635,6.64,19053,2022-03-23 19:05:00,APPH
6.635,6.635,6.59,6.5984,28487,2022-03-23 19:10:00,APPH
6.6,6.605,6.51,6.51,54734,2022-03-23 19:15:00,APPH
6.515,6.525,6.46,6.465,62944,2022-03-23 19:20:00,APPH
6.465,6.495,6.44,6.485,32602,2022-03-23 19:25:00,APPH
6.485,6.505,6.475,6.485,33096,2022-03-23 19:30:00,APPH
6.49,6.515,6.485,6.51,22016,2022-03-23 19:35:00,APPH
6.51,6.51,6.49,6.495,21329,2022-03-23 19:40:00,APPH
6.5,6.59,6.5,6.545,50321,2022-03-23 19:45:00,APPH
6.55,6.555,6.48,6.5,52396,2022-03-23 19:50:00,APPH
6.5,6.505,6.46,6.46,109785,2022-03-23 19:55:00,APPH
6.47,6.47,6.47,6.47,51848,2022-03-23 20:00:00,APPH
6.76,6.76,6.76,6.76,100,2022-03-23 20:15:00,APPH
6.7586,6.7586,6.7586,6.7586,155,2022-03-23 20:45:00,APPH
6.65,6.65,6.65,6.65,940,2022-03-23 20:55:00,APPH
6.7,6.7,6.7,6.7,1000,2022-03-23 21:00:00,APPH
6.7596,6.7596,6.7596,6.7596,600,2022-03-23 21:05:00,APPH
6.7489,6.7499,6.7489,6.7499,300,2022-03-23 21:15:00,APPH
6.75,6.75,6.75,6.75,250,2022-03-23 21:35:00,APPH
6.66,6.66,6.66,6.66,100,2022-03-23 21:40:00,APPH
6.7136,6.7136,6.7136,6.7136,100,2022-03-23 21:50:00,APPH
6.65,6.65,6.65,6.65,3900,2022-03-23 22:05:00,APPH
6.69,6.69,6.65,6.69,500,2022-03-23 22:15:00,APPH
6.65,6.65,6.65,6.65,400,2022-03-23 22:35:00,APPH
6.65,6.68,6.65,6.68,1500,2022-03-23 22:45:00,APPH
6.68,6.68,6.67,6.68,2952,2022-03-23 23:15:00,APPH
6.68,6.68,6.68,6.68,1000,2022-03-23 23:55:00,APPH
6.62,6.62,6.62,6.62,100,2022-03-24 11:15:00,APPH
6.61,6.61,6.61,6.61,200,2022-03-24 11:45:00,APPH
6.6001,6.6001,6.6001,6.6001,200,2022-03-24 12:00:00,APPH
6.65,6.65,6.65,6.65,700,2022-03-24 12:10:00,APPH
6.6499,6.6499,6.6499,6.6499,200,2022-03-24 12:15:00,APPH
6.65,6.65,6.65,6.65,500,2022-03-24 12:20:00,APPH
6.6,6.6,6.6,6.6,500,2022-03-24 12:25:00,APPH
6.64,6.64,6.64,6.64,100,2022-03-24 12:35:00,APPH
6.62,6.62,6.62,6.62,100,2022-03-24 12:50:00,APPH
6.63,6.63,6.63,6.63,220,2022-03-24 13:00:00,APPH
6.64,6.65,6.64,6.65,470,2022-03-24 13:05:00,APPH
6.67,6.68,6.67,6.68,254,2022-03-24 13:10:00,APPH
6.6699,6.67,6.6699,6.67,1109,2022-03-24 13:20:00,APPH
6.67,6.7,6.67,6.7,300,2022-03-24 13:25:00,APPH
6.6,6.7,6.45,6.5469,86619,2022-03-24 13:30:00,APPH
6.55,6.7807,6.55,6.685,53619,2022-03-24 13:35:00,APPH
6.69,6.7491,6.6,6.6,85732,2022-03-24 13:40:00,APPH
6.6,6.72,6.56,6.5996,38503,2022-03-24 13:45:00,APPH
6.59,6.59,6.49,6.505,29469,2022-03-24 13:50:00,APPH
6.51,6.54,6.446,6.45,18387,2022-03-24 13:55:00,APPH
6.45,6.4899,6.42,6.4899,24475,2022-03-24 14:00:00,APPH
6.49,6.57,6.44,6.44,31446,2022-03-24 14:05:00,APPH
6.43,6.46,6.4112,6.44,11317,2022-03-24 14:10:00,APPH
6.435,6.435,6.25,6.255,58887,2022-03-24 14:15:00,APPH
6.25,6.3,6.25,6.2703,31741,2022-03-24 14:20:00,APPH
6.28,6.2901,6.21,6.22,53170,2022-03-24 14:25:00,APPH
6.21,6.28,6.175,6.28,25625,2022-03-24 14:30:00,APPH
6.28,6.2888,6.21,6.22,11114,2022-03-24 14:35:00,APPH
6.225,6.2299,6.17,6.175,13436,2022-03-24 14:40:00,APPH
6.175,6.37,6.175,6.3699,34925,2022-03-24 14:45:00,APPH
6.37,6.4286,6.3299,6.365,53381,2022-03-24 14:50:00,APPH
6.37,6.4,6.275,6.32,33284,2022-03-24 14:55:00,APPH
6.31,6.315,6.27,6.315,20201,2022-03-24 15:00:00,APPH
6.315,6.4,6.3114,6.33,26940,2022-03-24 15:05:00,APPH
6.33,6.43,6.32,6.43,33615,2022-03-24 15:10:00,APPH
6.42,6.445,6.38,6.41,19363,2022-03-24 15:15:00,APPH
6.405,6.465,6.4,6.465,19907,2022-03-24 15:20:00,APPH
6.47,6.48,6.43,6.43,16922,2022-03-24 15:25:00,APPH
6.43,6.435,6.395,6.4,34076,2022-03-24 15:30:00,APPH
6.39,6.41,6.385,6.385,7098,2022-03-24 15:35:00,APPH
6.385,6.42,6.38,6.417,4675,2022-03-24 15:40:00,APPH
6.42,6.465,6.42,6.4499,10877,2022-03-24 15:45:00,APPH
6.44,6.445,6.415,6.42,8791,2022-03-24 15:50:00,APPH
6.4199,6.46,6.4199,6.46,9775,2022-03-24 15:55:00,APPH
6.455,6.455,6.41,6.42,15790,2022-03-24 16:00:00,APPH
6.42,6.445,6.35,6.35,34486,2022-03-24 16:05:00,APPH
6.36,6.4099,6.36,6.4099,5956,2022-03-24 16:10:00,APPH
6.41,6.46,6.4099,6.46,6767,2022-03-24 16:15:00,APPH
6.45,6.485,6.4488,6.475,22054,2022-03-24 16:20:00,APPH
6.48,6.49,6.4,6.405,27807,2022-03-24 16:25:00,APPH
6.4025,6.445,6.395,6.435,15993,2022-03-24 16:30:00,APPH
6.43,6.435,6.395,6.4,9684,2022-03-24 16:35:00,APPH
6.405,6.41,6.361,6.37,6010,2022-03-24 16:40:00,APPH
6.38,6.395,6.3625,6.3823,15836,2022-03-24 16:45:00,APPH
6.385,6.4,6.35,6.38,17293,2022-03-24 16:50:00,APPH
6.37,6.3888,6.34,6.34,9797,2022-03-24 16:55:00,APPH
6.34,6.35,6.31,6.31,10091,2022-03-24 17:00:00,APPH
6.305,6.34,6.3,6.34,6748,2022-03-24 17:05:00,APPH
6.34,6.34,6.31,6.31,6088,2022-03-24 17:10:00,APPH
6.32,6.3499,6.315,6.325,7826,2022-03-24 17:15:00,APPH
6.3214,6.35,6.29,6.3498,47481,2022-03-24 17:20:00,APPH
6.35,6.355,6.32,6.335,6615,2022-03-24 17:25:00,APPH
6.33,6.35,6.325,6.35,7430,2022-03-24 17:30:00,APPH
6.345,6.355,6.33,6.34,16267,2022-03-24 17:35:00,APPH
6.34,6.35,6.34,6.34,4284,2022-03-24 17:40:00,APPH
6.35,6.35,6.2882,6.2882,15823,2022-03-24 17:45:00,APPH
6.2801,6.3,6.255,6.295,12000,2022-03-24 17:50:00,APPH
6.2983,6.35,6.2925,6.35,20995,2022-03-24 17:55:00,APPH
6.35,6.355,6.32,6.335,6629,2022-03-24 18:00:00,APPH
6.3299,6.33,6.28,6.31,22155,2022-03-24 18:05:00,APPH
6.3,6.32,6.26,6.28,22590,2022-03-24 18:10:00,APPH
6.28,6.285,6.26,6.275,3695,2022-03-24 18:15:00,APPH
6.27,6.27,6.24,6.25,8812,2022-03-24 18:20:00,APPH
6.26,6.275,6.24,6.275,10819,2022-03-24 18:25:00,APPH
6.2754,6.285,6.265,6.27,7162,2022-03-24 18:30:00,APPH
6.275,6.28,6.26,6.26,3654,2022-03-24 18:35:00,APPH
6.26,6.27,6.25,6.265,5105,2022-03-24 18:40:00,APPH
6.27,6.275,6.24,6.24,6565,2022-03-24 18:45:00,APPH
6.25,6.26,6.225,6.235,16191,2022-03-24 18:50:00,APPH
6.23,6.2598,6.23,6.2525,8973,2022-03-24 18:55:00,APPH
6.255,6.27,6.25,6.27,8653,2022-03-24 19:00:00,APPH
6.27,6.285,6.27,6.28,12457,2022-03-24 19:05:00,APPH
6.285,6.285,6.251,6.255,11467,2022-03-24 19:10:00,APPH
6.255,6.255,6.21,6.25,16193,2022-03-24 19:15:00,APPH
6.255,6.265,6.24,6.245,15696,2022-03-24 19:20:00,APPH
6.25,6.26,6.23,6.23,15956,2022-03-24 19:25:00,APPH
6.23,6.285,6.23,6.285,21428,2022-03-24 19:30:00,APPH
6.29,6.32,6.2825,6.285,26762,2022-03-24 19:35:00,APPH
6.28,6.305,6.26,6.305,20881,2022-03-24 19:40:00,APPH
6.31,6.335,6.305,6.325,29120,2022-03-24 19:45:00,APPH
6.32,6.35,6.32,6.345,44114,2022-03-24 19:50:00,APPH
6.34,6.35,6.3,6.33,60002,2022-03-24 19:55:00,APPH
6.32,6.32,6.32,6.32,36891,2022-03-24 20:00:00,APPH
6.46,6.46,6.46,6.46,100,2022-03-24 20:10:00,APPH
6.43,6.44,6.43,6.44,3500,2022-03-24 20:40:00,APPH
6.42,6.42,6.4,6.4,450,2022-03-24 20:45:00,APPH
6.32,6.32,6.32,6.32,15589,2022-03-24 20:55:00,APPH
6.33,6.33,6.25,6.25,3332,2022-03-24 21:00:00,APPH
6.37,6.37,6.37,6.37,100,2022-03-24 21:10:00,APPH
6.32,6.4,6.32,6.4,496,2022-03-24 21:25:00,APPH
6.21,6.21,6.21,6.21,100,2022-03-24 21:35:00,APPH
6.25,6.25,6.25,6.25,960,2022-03-24 22:50:00,APPH
6.4,6.4,6.4,6.4,100,2022-03-24 23:55:00,APPH
6.44,6.44,6.44,6.44,100,2022-03-25 08:35:00,APPH
6.43,6.43,6.43,6.43,300,2022-03-25 08:55:00,APPH
6.42,6.42,6.42,6.42,426,2022-03-25 10:25:00,APPH
6.4,6.4,6.4,6.4,320,2022-03-25 10:30:00,APPH
6.4,6.4,6.4,6.4,270,2022-03-25 11:00:00,APPH
6.45,6.45,6.45,6.45,133,2022-03-25 11:15:00,APPH
6.44,6.44,6.43,6.43,400,2022-03-25 11:20:00,APPH
6.4,6.4,6.4,6.4,741,2022-03-25 11:35:00,APPH
6.34,6.34,6.34,6.34,1497,2022-03-25 12:00:00,APPH
6.35,6.36,6.35,6.36,1098,2022-03-25 12:10:00,APPH
6.36,6.36,6.36,6.36,100,2022-03-25 12:15:00,APPH
6.37,6.37,6.37,6.37,200,2022-03-25 12:25:00,APPH
6.37,6.37,6.37,6.37,1000,2022-03-25 12:30:00,APPH
6.37,6.37,6.37,6.37,1000,2022-03-25 12:35:00,APPH
6.4,6.4,6.4,6.4,500,2022-03-25 12:45:00,APPH
6.3899,6.3899,6.3899,6.3899,5000,2022-03-25 12:55:00,APPH
6.38,6.38,6.32,6.32,1530,2022-03-25 13:00:00,APPH
6.32,6.32,6.32,6.32,142,2022-03-25 13:15:00,APPH
6.35,6.37,6.29,6.32,95527,2022-03-25 13:30:00,APPH
6.32,6.37,6.26,6.33,38777,2022-03-25 13:35:00,APPH
6.33,6.33,6.27,6.29,24883,2022-03-25 13:40:00,APPH
6.3,6.31,6.16,6.22,132628,2022-03-25 13:45:00,APPH
6.22,6.36,6.21,6.3493,55952,2022-03-25 13:50:00,APPH
6.3478,6.3478,6.23,6.23,14400,2022-03-25 13:55:00,APPH
6.23,6.245,6.205,6.205,12248,2022-03-25 14:00:00,APPH
6.205,6.205,6.15,6.16,18128,2022-03-25 14:05:00,APPH
6.15,6.1599,6.07,6.08,41903,2022-03-25 14:10:00,APPH
6.085,6.1099,6.05,6.05,23364,2022-03-25 14:15:00,APPH
6.055,6.1084,6.04,6.1084,28744,2022-03-25 14:20:00,APPH
6.105,6.1803,6.09,6.1246,37739,2022-03-25 14:25:00,APPH
6.125,6.22,6.125,6.22,47138,2022-03-25 14:30:00,APPH
6.216,6.27,6.216,6.24,24435,2022-03-25 14:35:00,APPH
6.2399,6.2399,6.18,6.19,8430,2022-03-25 14:40:00,APPH
6.185,6.225,6.18,6.2,15814,2022-03-25 14:45:00,APPH
6.2,6.2,6.145,6.1515,18449,2022-03-25 14:50:00,APPH
6.1485,6.162,6.145,6.1612,5456,2022-03-25 14:55:00,APPH
6.17,6.17,6.145,6.145,5013,2022-03-25 15:00:00,APPH
6.1436,6.145,6.1,6.1,16967,2022-03-25 15:05:00,APPH
6.086,6.1,6.065,6.065,11770,2022-03-25 15:10:00,APPH
6.062,6.065,6.04,6.04,24931,2022-03-25 15:15:00,APPH
6.0364,6.0364,5.99,6.005,44777,2022-03-25 15:20:00,APPH
6.0,6.002,5.935,5.96,34193,2022-03-25 15:25:00,APPH
5.955,5.99,5.955,5.99,13485,2022-03-25 15:30:00,APPH
5.9986,5.9986,5.905,5.91,38411,2022-03-25 15:35:00,APPH
5.9007,5.9594,5.9007,5.92,24251,2022-03-25 15:40:00,APPH
5.915,5.915,5.87,5.875,12397,2022-03-25 15:45:00,APPH
5.8703,5.9462,5.8703,5.945,46898,2022-03-25 15:50:00,APPH
5.945,5.9499,5.8745,5.8745,20611,2022-03-25 15:55:00,APPH
5.875,5.875,5.81,5.83,51526,2022-03-25 16:00:00,APPH
5.835,5.88,5.835,5.865,46352,2022-03-25 16:05:00,APPH
5.86,5.89,5.84,5.8594,16826,2022-03-25 16:10:00,APPH
5.855,5.865,5.84,5.86,9786,2022-03-25 16:15:00,APPH
5.86,5.88,5.86,5.88,20560,2022-03-25 16:20:00,APPH
5.885,5.89,5.86,5.89,13479,2022-03-25 16:25:00,APPH
5.915,5.955,5.905,5.945,14081,2022-03-25 16:30:00,APPH
5.945,5.95,5.925,5.925,6168,2022-03-25 16:35:00,APPH
5.935,5.935,5.9,5.925,6773,2022-03-25 16:40:00,APPH
5.923,5.93,5.87,5.885,18928,2022-03-25 16:45:00,APPH
5.885,5.895,5.87,5.875,7250,2022-03-25 16:50:00,APPH
5.875,5.89,5.87,5.885,3121,2022-03-25 16:55:00,APPH
5.88,5.9,5.88,5.895,7593,2022-03-25 17:00:00,APPH
5.89,5.91,5.89,5.9092,8819,2022-03-25 17:05:00,APPH
5.905,5.905,5.8542,5.8542,33783,2022-03-25 17:10:00,APPH
5.85,5.8817,5.835,5.8817,6088,2022-03-25 17:15:00,APPH
5.885,5.89,5.87,5.875,3170,2022-03-25 17:20:00,APPH
5.8799,5.93,5.8799,5.93,18507,2022-03-25 17:25:00,APPH
5.945,5.99,5.945,5.985,20403,2022-03-25 17:30:00,APPH
5.98,6.02,5.98,6.01,20378,2022-03-25 17:35:00,APPH
6.0156,6.0157,6.005,6.0101,2599,2022-03-25 17:40:00,APPH
6.01,6.015,6.01,6.015,1700,2022-03-25 17:45:00,APPH
6.015,6.04,6.015,6.0382,14002,2022-03-25 17:50:00,APPH
6.035,6.045,6.005,6.005,17576,2022-03-25 17:55:00,APPH
6.0,6.0,5.97,5.97,8336,2022-03-25 18:00:00,APPH
5.9582,5.9657,5.95,5.965,7713,2022-03-25 18:05:00,APPH
5.965,5.9681,5.95,5.955,4086,2022-03-25 18:10:00,APPH
5.955,5.955,5.92,5.935,13076,2022-03-25 18:15:00,APPH
5.94,5.945,5.93,5.94,8824,2022-03-25 18:20:00,APPH
5.945,5.9652,5.9399,5.965,6818,2022-03-25 18:25:00,APPH
5.9688,5.975,5.96,5.9601,7886,2022-03-25 18:30:00,APPH
5.955,5.98,5.95,5.955,13579,2022-03-25 18:35:00,APPH
5.955,5.96,5.941,5.96,11502,2022-03-25 18:40:00,APPH
5.97,5.97,5.945,5.945,4864,2022-03-25 18:45:00,APPH
5.9496,5.9599,5.9496,5.955,3489,2022-03-25 18:50:00,APPH
5.95,5.95,5.9209,5.945,14104,2022-03-25 18:55:00,APPH
5.95,5.96,5.87,5.875,30287,2022-03-25 19:00:00,APPH
5.8701,5.9,5.8701,5.8801,20106,2022-03-25 19:05:00,APPH
5.89,5.89,5.885,5.885,1000,2022-03-25 19:10:00,APPH
5.89,5.89,5.88,5.8801,9768,2022-03-25 19:15:00,APPH
5.87,5.8708,5.84,5.84,10000,2022-03-25 19:20:00,APPH
5.8481,5.855,5.84,5.85,6185,2022-03-25 19:25:00,APPH
5.86,5.8999,5.8598,5.88,21723,2022-03-25 19:30:00,APPH
5.88,5.925,5.88,5.91,16680,2022-03-25 19:35:00,APPH
5.91,5.95,5.91,5.945,14459,2022-03-25 19:40:00,APPH
5.95,5.97,5.95,5.965,9625,2022-03-25 19:45:00,APPH
5.96,5.99,5.945,5.9783,40980,2022-03-25 19:50:00,APPH
5.975,6.01,5.975,5.98,55464,2022-03-25 19:55:00,APPH
5.98,5.98,5.98,5.98,52794,2022-03-25 20:00:00,APPH
5.98,5.98,5.98,5.98,4775,2022-03-25 20:25:00,APPH
5.98,5.98,5.98,5.98,22526,2022-03-25 20:40:00,APPH
6.01,6.01,5.99,5.99,596,2022-03-28 11:05:00,APPH
6.09,6.09,6.08,6.09,300,2022-03-28 11:10:00,APPH
6.04,6.04,6.04,6.04,1100,2022-03-28 12:40:00,APPH
6.02,6.02,6.02,6.02,100,2022-03-28 12:50:00,APPH
6.04,6.04,6.02,6.02,243,2022-03-28 13:00:00,APPH
6.01,6.01,6.01,6.01,800,2022-03-28 13:10:00,APPH
6.05,6.05,6.0494,6.0494,1800,2022-03-28 13:15:00,APPH
6.04,6.04,6.01,6.01,279,2022-03-28 13:25:00,APPH
6.01,6.16,6.0,6.127,64784,2022-03-28 13:30:00,APPH
6.1299,6.17,6.01,6.029,33858,2022-03-28 13:35:00,APPH
6.01,6.04,5.95,5.95,38107,2022-03-28 13:40:00,APPH
5.95,5.96,5.88,5.88,16210,2022-03-28 13:45:00,APPH
5.89,5.985,5.89,5.985,8874,2022-03-28 13:50:00,APPH
5.98,6.0,5.9,5.927,12362,2022-03-28 13:55:00,APPH
5.92,5.97,5.89,5.97,18758,2022-03-28 14:00:00,APPH
5.98,5.9999,5.91,5.91,30237,2022-03-28 14:05:00,APPH
5.91,5.925,5.88,5.925,9041,2022-03-28 14:10:00,APPH
5.915,5.9192,5.88,5.91,19390,2022-03-28 14:15:00,APPH
5.9125,5.925,5.9,5.925,6300,2022-03-28 14:20:00,APPH
5.93,5.965,5.92,5.965,7974,2022-03-28 14:25:00,APPH
5.97,6.0088,5.93,5.955,23684,2022-03-28 14:30:00,APPH
5.955,5.99,5.95,5.97,8969,2022-03-28 14:35:00,APPH
5.975,5.975,5.945,5.96,14348,2022-03-28 14:40:00,APPH
5.97,5.995,5.96,5.96,10146,2022-03-28 14:45:00,APPH
5.95,5.9899,5.95,5.9899,4989,2022-03-28 14:50:00,APPH
5.98,5.99,5.96,5.975,6875,2022-03-28 14:55:00,APPH
5.97,5.98,5.94,5.955,9224,2022-03-28 15:00:00,APPH
5.95,5.99,5.95,5.9725,7123,2022-03-28 15:05:00,APPH
5.97,5.9895,5.965,5.985,2092,2022-03-28 15:10:00,APPH
5.9846,5.99,5.96,5.96,5501,2022-03-28 15:15:00,APPH
5.9525,6.05,5.9525,6.04,24191,2022-03-28 15:20:00,APPH
6.035,6.039,5.9925,6.0,14296,2022-03-28 15:25:00,APPH
6.0096,6.01,5.98,5.98,4600,2022-03-28 15:30:00,APPH
5.98,5.98,5.93,5.9401,8189,2022-03-28 15:35:00,APPH
5.94,5.945,5.92,5.92,9850,2022-03-28 15:40:00,APPH
5.92,5.925,5.89,5.91,12404,2022-03-28 15:45:00,APPH
5.91,5.935,5.9,5.935,14112,2022-03-28 15:50:00,APPH
5.9316,5.935,5.9,5.9025,4850,2022-03-28 15:55:00,APPH
5.905,5.915,5.905,5.91,2655,2022-03-28 16:00:00,APPH
5.9101,5.915,5.905,5.905,3425,2022-03-28 16:05:00,APPH
5.9025,5.905,5.8924,5.9,8140,2022-03-28 16:10:00,APPH
5.8925,5.9,5.88,5.88,4150,2022-03-28 16:15:00,APPH
5.89,5.915,5.89,5.915,13251,2022-03-28 16:20:00,APPH
5.91,5.915,5.9,5.9,4900,2022-03-28 16:25:00,APPH
5.895,5.915,5.8925,5.915,3787,2022-03-28 16:30:00,APPH
5.92,5.92,5.9125,5.92,2276,2022-03-28 16:35:00,APPH
5.92,5.93,5.9125,5.925,6474,2022-03-28 16:40:00,APPH
5.92,5.95,5.91,5.945,7331,2022-03-28 16:45:00,APPH
5.95,5.96,5.9425,5.9425,8905,2022-03-28 16:50:00,APPH
5.945,5.945,5.94,5.945,2736,2022-03-28 16:55:00,APPH
5.9483,5.96,5.94,5.9525,1750,2022-03-28 17:00:00,APPH
5.96,5.965,5.93,5.93,2675,2022-03-28 17:05:00,APPH
5.9225,5.9269,5.9104,5.9104,4600,2022-03-28 17:10:00,APPH
5.91,5.9388,5.91,5.9388,13641,2022-03-28 17:15:00,APPH
5.94,5.95,5.94,5.94,2312,2022-03-28 17:20:00,APPH
5.94,5.955,5.94,5.95,5300,2022-03-28 17:25:00,APPH
5.95,5.975,5.95,5.97,9399,2022-03-28 17:30:00,APPH
5.97,5.97,5.96,5.965,1532,2022-03-28 17:35:00,APPH
5.965,5.965,5.9525,5.955,1612,2022-03-28 17:40:00,APPH
5.955,5.97,5.9425,5.97,7998,2022-03-28 17:45:00,APPH
5.98,6.0,5.9557,5.9557,7095,2022-03-28 17:50:00,APPH
5.95,5.9785,5.95,5.97,8345,2022-03-28 17:55:00,APPH
5.97,5.97,5.95,5.955,1800,2022-03-28 18:00:00,APPH
5.955,5.965,5.94,5.965,6285,2022-03-28 18:05:00,APPH
5.96,5.965,5.94,5.945,5816,2022-03-28 18:10:00,APPH
5.9425,5.95,5.94,5.9425,6489,2022-03-28 18:15:00,APPH
5.945,5.96,5.94,5.96,5350,2022-03-28 18:20:00,APPH
5.97,5.97,5.95,5.95,9027,2022-03-28 18:25:00,APPH
5.9525,5.955,5.94,5.955,5920,2022-03-28 18:30:00,APPH
5.955,5.97,5.955,5.96,2532,2022-03-28 18:35:00,APPH
5.9625,5.98,5.96,5.96,4900,2022-03-28 18:40:00,APPH
5.97,5.97,5.96,5.965,1100,2022-03-28 18:45:00,APPH
5.96,5.975,5.96,5.97,4381,2022-03-28 18:50:00,APPH
5.975,5.9999,5.975,5.99,11700,2022-03-28 18:55:00,APPH
5.99,6.0,5.96,5.9625,6655,2022-03-28 19:00:00,APPH
5.96,5.98,5.96,5.98,7334,2022-03-28 19:05:00,APPH
5.9793,5.99,5.9793,5.985,12752,2022-03-28 19:10:00,APPH
5.985,5.99,5.975,5.99,10175,2022-03-28 19:15:00,APPH
5.985,6.0,5.98,5.995,4034,2022-03-28 19:20:00,APPH
5.995,5.995,5.98,5.985,2800,2022-03-28 19:25:00,APPH
5.98,5.99,5.94,5.9608,38252,2022-03-28 19:30:00,APPH
5.962,5.9699,5.94,5.945,16516,2022-03-28 19:35:00,APPH
5.95,5.9799,5.94,5.96,24254,2022-03-28 19:40:00,APPH
5.95,5.96,5.94,5.945,37985,2022-03-28 19:45:00,APPH
5.94,5.96,5.94,5.9484,73002,2022-03-28 19:50:00,APPH
5.945,5.965,5.94,5.95,67031,2022-03-28 19:55:00,APPH
5.95,5.95,5.95,5.95,64559,2022-03-28 20:00:00,APPH
5.99,5.99,5.99,5.99,100,2022-03-28 20:10:00,APPH
6.0,6.0,6.0,6.0,100,2022-03-28 20:55:00,APPH
5.95,5.95,5.95,5.95,725,2022-03-28 21:00:00,APPH
5.95,5.95,5.95,5.95,5100,2022-03-28 22:30:00,APPH
5.94,5.94,5.94,5.94,100,2022-03-28 22:35:00,APPH
5.98,5.99,5.98,5.98,1870,2022-03-28 23:30:00,APPH
5.98,5.98,5.98,5.98,167,2022-03-28 23:55:00,APPH
5.77,5.77,5.77,5.77,138,2022-03-29 10:10:00,APPH
6.11,6.11,6.11,6.11,105,2022-03-29 11:25:00,APPH
6.04,6.04,6.0,6.0,834,2022-03-29 12:30:00,APPH
5.95,5.95,5.95,5.95,101,2022-03-29 12:45:00,APPH
5.97,5.97,5.97,5.97,100,2022-03-29 13:00:00,APPH
5.96,5.96,5.96,5.96,100,2022-03-29 13:05:00,APPH
5.99,5.99,5.99,5.99,160,2022-03-29 13:10:00,APPH
5.95,5.95,5.95,5.95,196,2022-03-29 13:20:00,APPH
5.93,5.94,5.75,5.77,73723,2022-03-29 13:30:00,APPH
5.77,5.78,5.69,5.7,80749,2022-03-29 13:35:00,APPH
5.6945,5.7,5.61,5.68,33139,2022-03-29 13:40:00,APPH
5.68,5.75,5.66,5.6606,34880,2022-03-29 13:45:00,APPH
5.66,5.725,5.65,5.66,39082,2022-03-29 13:50:00,APPH
5.68,5.695,5.58,5.6403,79140,2022-03-29 13:55:00,APPH
5.64,5.68,5.6125,5.68,34744,2022-03-29 14:00:00,APPH
5.685,5.685,5.6,5.625,21669,2022-03-29 14:05:00,APPH
5.6382,5.65,5.57,5.5899,29437,2022-03-29 14:10:00,APPH
5.5816,5.605,5.555,5.58,32724,2022-03-29 14:15:00,APPH
5.58,5.5885,5.57,5.585,10924,2022-03-29 14:20:00,APPH
5.5822,5.5971,5.56,5.585,20115,2022-03-29 14:25:00,APPH
5.58,5.58,5.53,5.56,28564,2022-03-29 14:30:00,APPH
5.57,5.5885,5.5515,5.56,14218,2022-03-29 14:35:00,APPH
5.5627,5.64,5.56,5.64,16952,2022-03-29 14:40:00,APPH
5.645,5.7,5.63,5.7,18629,2022-03-29 14:45:00,APPH
5.71,5.72,5.695,5.7,21550,2022-03-29 14:50:00,APPH
5.705,5.7127,5.68,5.68,7641,2022-03-29 14:55:00,APPH
5.69,5.69,5.67,5.6787,5517,2022-03-29 15:00:00,APPH
5.6756,5.68,5.67,5.68,17079,2022-03-29 15:05:00,APPH
5.675,5.6971,5.67,5.67,24091,2022-03-29 15:10:00,APPH
5.6715,5.6715,5.64,5.67,28129,2022-03-29 15:15:00,APPH
5.675,5.695,5.665,5.67,18172,2022-03-29 15:20:00,APPH
5.675,5.695,5.675,5.695,9586,2022-03-29 15:25:00,APPH
5.6999,5.6999,5.65,5.66,4933,2022-03-29 15:30:00,APPH
5.66,5.71,5.66,5.71,7336,2022-03-29 15:35:00,APPH
5.72,5.851,5.71,5.84,101653,2022-03-29 15:40:00,APPH
5.83,5.905,5.825,5.905,75349,2022-03-29 15:45:00,APPH
5.9086,5.935,5.9,5.91,10762,2022-03-29 15:50:00,APPH
5.91,5.91,5.903,5.91,2875,2022-03-29 15:55:00,APPH
5.9282,5.9282,5.88,5.89,17274,2022-03-29 16:00:00,APPH
5.885,5.92,5.885,5.92,4858,2022-03-29 16:05:00,APPH
5.93,5.95,5.93,5.94,8998,2022-03-29 16:10:00,APPH
5.9415,5.96,5.9403,5.9599,11970,2022-03-29 16:15:00,APPH
5.96,5.965,5.96,5.96,10972,2022-03-29 16:20:00,APPH
5.9559,5.9559,5.93,5.94,6939,2022-03-29 16:25:00,APPH
5.94,5.95,5.94,5.9483,6738,2022-03-29 16:30:00,APPH
5.945,5.95,5.94,5.95,13970,2022-03-29 16:35:00,APPH
5.95,5.9699,5.95,5.9699,7050,2022-03-29 16:40:00,APPH
5.97,6.0,5.965,5.9963,6555,2022-03-29 16:45:00,APPH
5.99,5.995,5.98,5.98,3379,2022-03-29 16:50:00,APPH
5.98,5.9915,5.974,5.98,5102,2022-03-29 16:55:00,APPH
5.985,5.99,5.98,5.99,4314,2022-03-29 17:00:00,APPH
5.9927,5.995,5.985,5.99,3961,2022-03-29 17:05:00,APPH
5.995,6.025,5.995,6.02,7050,2022-03-29 17:10:00,APPH
6.03,6.0399,6.03,6.035,7373,2022-03-29 17:15:00,APPH
6.035,6.0491,6.0156,6.0156,12390,2022-03-29 17:20:00,APPH
6.0183,6.03,6.0127,6.02,7441,2022-03-29 17:25:00,APPH
6.01,6.02,6.0,6.0,8080,2022-03-29 17:30:00,APPH
6.0,6.005,5.99,6.0009,8887,2022-03-29 17:35:00,APPH
6.0028,6.0028,5.98,5.99,6886,2022-03-29 17:40:00,APPH
5.9895,6.01,5.9843,6.005,2608,2022-03-29 17:45:00,APPH
6.0,6.01,5.995,5.995,5723,2022-03-29 17:50:00,APPH
5.99,5.99,5.98,5.985,7349,2022-03-29 17:55:00,APPH
5.99,6.0,5.98,5.98,7785,2022-03-29 18:00:00,APPH
5.98,5.98,5.94,5.975,20685,2022-03-29 18:05:00,APPH
5.975,5.99,5.973,5.9816,3500,2022-03-29 18:10:00,APPH
5.985,6.01,5.97,5.995,9672,2022-03-29 18:15:00,APPH
5.995,6.035,5.995,6.0284,23250,2022-03-29 18:20:00,APPH
6.02,6.05,6.01,6.03,35867,2022-03-29 18:25:00,APPH
6.03,6.04,6.0201,6.0301,10594,2022-03-29 18:30:00,APPH
6.03,6.06,6.03,6.0513,13935,2022-03-29 18:35:00,APPH
6.0555,6.07,6.05,6.07,11669,2022-03-29 18:40:00,APPH
6.065,6.07,6.065,6.07,2978,2022-03-29 18:45:00,APPH
6.0699,6.07,6.05,6.05,2766,2022-03-29 18:50:00,APPH
6.06,6.08,6.06,6.08,7152,2022-03-29 18:55:00,APPH
6.07,6.1,6.07,6.095,13380,2022-03-29 19:00:00,APPH
6.095,6.1199,6.095,6.1185,5489,2022-03-29 19:05:00,APPH
6.115,6.12,6.095,6.1008,13144,2022-03-29 19:10:00,APPH
6.11,6.14,6.1,6.1,12564,2022-03-29 19:15:00,APPH
6.105,6.105,6.07,6.07,28906,2022-03-29 19:20:00,APPH
6.07,6.08,6.065,6.065,19090,2022-03-29 19:25:00,APPH
6.065,6.065,6.055,6.065,23435,2022-03-29 19:30:00,APPH
6.065,6.1,6.06,6.1,12164,2022-03-29 19:35:00,APPH
6.09,6.0959,6.03,6.03,25704,2022-03-29 19:40:00,APPH
6.035,6.035,6.005,6.02,15638,2022-03-29 19:45:00,APPH
6.015,6.03,6.005,6.03,21491,2022-03-29 19:50:00,APPH
6.025,6.04,6.01,6.04,36076,2022-03-29 19:55:00,APPH
6.02,6.14,6.0,6.14,40468,2022-03-29 20:00:00,APPH
6.01,6.01,6.01,6.01,100,2022-03-29 20:10:00,APPH
6.02,6.02,6.02,6.02,8184,2022-03-29 20:45:00,APPH
6.01,6.01,6.01,6.01,100,2022-03-29 20:50:00,APPH
6.0001,6.0001,6.0001,6.0001,930,2022-03-29 21:00:00,APPH
6.0,6.0,6.0,6.0,118,2022-03-29 21:10:00,APPH
6.0,6.0,6.0,6.0,200,2022-03-29 21:20:00,APPH
6.0,6.0001,6.0,6.0,604,2022-03-29 21:30:00,APPH
6.02,6.02,6.02,6.02,165,2022-03-29 21:35:00,APPH
6.0,6.0,6.0,6.0,109,2022-03-29 21:50:00,APPH
6.0,6.0,6.0,6.0,1733,2022-03-29 22:20:00,APPH
6.0,6.0,6.0,6.0,680,2022-03-29 22:30:00,APPH
6.02,6.02,6.02,6.02,100,2022-03-29 22:50:00,APPH
6.02,6.02,6.02,6.02,529,2022-03-30 10:15:00,APPH
5.96,5.96,5.96,5.96,100,2022-03-30 11:45:00,APPH
5.95,5.95,5.95,5.95,179,2022-03-30 12:30:00,APPH
5.99,5.99,5.99,5.99,300,2022-03-30 12:35:00,APPH
5.98,5.98,5.98,5.98,100,2022-03-30 12:45:00,APPH
6.0,6.0,6.0,6.0,100,2022-03-30 13:05:00,APPH
6.01,6.01,5.8549,5.9401,23915,2022-03-30 13:30:00,APPH
5.9499,5.95,5.88,5.89,25634,2022-03-30 13:35:00,APPH
5.89,5.902,5.83,5.87,25957,2022-03-30 13:40:00,APPH
5.87,5.87,5.7801,5.81,27961,2022-03-30 13:45:00,APPH
5.81,5.87,5.81,5.83,21666,2022-03-30 13:50:00,APPH
5.84,5.86,5.82,5.82,13159,2022-03-30 13:55:00,APPH
5.8237,5.855,5.7849,5.7886,14145,2022-03-30 14:00:00,APPH
5.78,5.78,5.71,5.74,37941,2022-03-30 14:05:00,APPH
5.75,5.8,5.74,5.78,13714,2022-03-30 14:10:00,APPH
5.78,5.78,5.76,5.78,7751,2022-03-30 14:15:00,APPH
5.78,5.83,5.77,5.7901,15630,2022-03-30 14:20:00,APPH
5.8,5.83,5.8,5.83,7311,2022-03-30 14:25:00,APPH
5.8221,5.83,5.7912,5.81,13733,2022-03-30 14:30:00,APPH
5.81,5.835,5.7988,5.8,29818,2022-03-30 14:35:00,APPH
5.7923,5.7988,5.77,5.7722,17393,2022-03-30 14:40:00,APPH
5.76,5.7717,5.73,5.765,25876,2022-03-30 14:45:00,APPH
5.768,5.81,5.768,5.8,14553,2022-03-30 14:50:00,APPH
5.81,5.85,5.805,5.8476,27014,2022-03-30 14:55:00,APPH
5.8418,5.885,5.8418,5.885,10986,2022-03-30 15:00:00,APPH
5.885,5.9,5.88,5.885,10935,2022-03-30 15:05:00,APPH
5.885,5.905,5.8808,5.905,5943,2022-03-30 15:10:00,APPH
5.91,5.91,5.9,5.91,1068,2022-03-30 15:15:00,APPH
5.9,5.9199,5.9,5.9198,1890,2022-03-30 15:20:00,APPH
5.92,5.92,5.9175,5.92,1000,2022-03-30 15:25:00,APPH
5.92,5.92,5.91,5.915,6684,2022-03-30 15:30:00,APPH
5.92,5.925,5.895,5.895,8326,2022-03-30 15:35:00,APPH
5.895,5.94,5.89,5.935,6099,2022-03-30 15:40:00,APPH
5.94,5.96,5.9384,5.95,3420,2022-03-30 15:45:00,APPH
5.96,5.99,5.96,5.9864,16101,2022-03-30 15:50:00,APPH
5.985,5.99,5.9712,5.98,4310,2022-03-30 15:55:00,APPH
5.985,5.995,5.97,5.97,8753,2022-03-30 16:00:00,APPH
5.965,5.98,5.965,5.97,5126,2022-03-30 16:05:00,APPH
5.98,5.99,5.9701,5.98,8996,2022-03-30 16:10:00,APPH
5.9814,5.9876,5.9799,5.98,3700,2022-03-30 16:15:00,APPH
5.98,5.9857,5.98,5.9813,3203,2022-03-30 16:20:00,APPH
5.99,6.0,5.99,5.99,5838,2022-03-30 16:25:00,APPH
5.99,5.99,5.95,5.95,10415,2022-03-30 16:30:00,APPH
5.95,5.95,5.94,5.94,2302,2022-03-30 16:35:00,APPH
5.94,5.945,5.93,5.93,9301,2022-03-30 16:40:00,APPH
5.93,5.93,5.91,5.92,7353,2022-03-30 16:45:00,APPH
5.92,5.925,5.91,5.91,14778,2022-03-30 16:50:00,APPH
5.915,5.93,5.915,5.92,6034,2022-03-30 16:55:00,APPH
5.925,5.925,5.91,5.91,15717,2022-03-30 17:00:00,APPH
5.91,5.915,5.905,5.91,27556,2022-03-30 17:05:00,APPH
5.9173,5.9173,5.9,5.9017,19228,2022-03-30 17:10:00,APPH
5.905,5.91,5.89,5.905,19607,2022-03-30 17:15:00,APPH
5.9,5.95,5.82,5.825,55389,2022-03-30 17:20:00,APPH
5.82,5.82,5.78,5.79,18739,2022-03-30 17:25:00,APPH
5.79,5.795,5.77,5.775,7785,2022-03-30 17:30:00,APPH
5.775,5.775,5.74,5.745,17878,2022-03-30 17:35:00,APPH
5.74,5.74,5.68,5.7,31440,2022-03-30 17:40:00,APPH
5.685,5.72,5.67,5.7157,12589,2022-03-30 17:45:00,APPH
5.7193,5.74,5.71,5.73,13942,2022-03-30 17:50:00,APPH
5.725,5.725,5.705,5.72,8398,2022-03-30 17:55:00,APPH
5.71,5.735,5.695,5.735,14868,2022-03-30 18:00:00,APPH
5.73,5.735,5.72,5.725,6025,2022-03-30 18:05:00,APPH
5.72,5.725,5.71,5.715,6005,2022-03-30 18:10:00,APPH
5.725,5.725,5.706,5.7099,4528,2022-03-30 18:15:00,APPH
5.7,5.7,5.68,5.69,8558,2022-03-30 18:20:00,APPH
5.699,5.7012,5.67,5.68,10886,2022-03-30 18:25:00,APPH
5.68,5.6948,5.6759,5.6948,3872,2022-03-30 18:30:00,APPH
5.695,5.7099,5.69,5.69,16154,2022-03-30 18:35:00,APPH
5.6915,5.695,5.65,5.67,11285,2022-03-30 18:40:00,APPH
5.67,5.67,5.62,5.635,17782,2022-03-30 18:45:00,APPH
5.635,5.635,5.61,5.62,15095,2022-03-30 18:50:00,APPH
5.625,5.635,5.61,5.61,12594,2022-03-30 18:55:00,APPH
5.6175,5.6175,5.6,5.605,3650,2022-03-30 19:00:00,APPH
5.605,5.6177,5.57,5.575,39522,2022-03-30 19:05:00,APPH
5.572,5.58,5.55,5.555,25048,2022-03-30 19:10:00,APPH
5.555,5.56,5.49,5.495,43612,2022-03-30 19:15:00,APPH
5.5,5.5,5.47,5.47,18512,2022-03-30 19:20:00,APPH
5.475,5.48,5.45,5.455,32204,2022-03-30 19:25:00,APPH
5.455,5.4582,5.395,5.455,104356,2022-03-30 19:30:00,APPH
5.455,5.46,5.45,5.4583,31123,2022-03-30 19:35:00,APPH
5.45,5.48,5.45,5.48,31920,2022-03-30 19:40:00,APPH
5.48,5.48,5.44,5.445,57586,2022-03-30 19:45:00,APPH
5.4401,5.45,5.39,5.3984,40159,2022-03-30 19:50:00,APPH
5.395,5.4001,5.39,5.395,101094,2022-03-30 19:55:00,APPH
5.4,5.4,5.4,5.4,49886,2022-03-30 20:00:00,APPH
5.54,5.54,5.54,5.54,275,2022-03-30 20:15:00,APPH
5.54,5.54,5.54,5.54,275,2022-03-30 20:20:00,APPH
5.55,6.69,5.55,6.2,205853,2022-03-30 20:35:00,APPH
6.1401,6.24,6.05,6.13,43677,2022-03-30 20:40:00,APPH
6.13,6.15,6.0,6.01,22750,2022-03-30 20:45:00,APPH
6.01,6.01,5.81,5.9,23203,2022-03-30 20:50:00,APPH
5.9,5.9,5.77,5.81,12667,2022-03-30 20:55:00,APPH
5.8101,5.89,5.7,5.7,14295,2022-03-30 21:00:00,APPH
5.66,5.88,5.66,5.83,11130,2022-03-30 21:05:00,APPH
5.8,5.8499,5.8,5.84,6244,2022-03-30 21:10:00,APPH
5.8,5.84,5.7,5.7,2535,2022-03-30 21:15:00,APPH
5.71,5.81,5.71,5.81,1611,2022-03-30 21:20:00,APPH
5.81,5.81,5.7101,5.8,2550,2022-03-30 21:30:00,APPH
5.8,5.8,5.8,5.8,509,2022-03-30 21:35:00,APPH
5.83,5.83,5.8,5.8,400,2022-03-30 21:40:00,APPH
5.82,5.82,5.82,5.82,100,2022-03-30 21:45:00,APPH
5.8299,5.83,5.8299,5.83,1528,2022-03-30 21:50:00,APPH
5.8,5.83,5.8,5.83,575,2022-03-30 21:55:00,APPH
5.83,5.83,5.75,5.76,2180,2022-03-30 22:05:00,APPH
5.75,5.75,5.75,5.75,391,2022-03-30 22:15:00,APPH
5.8,5.8,5.8,5.8,890,2022-03-30 22:20:00,APPH
5.85,5.85,5.76,5.77,1698,2022-03-30 22:40:00,APPH
5.75,5.75,5.75,5.75,254,2022-03-30 22:50:00,APPH
5.83,5.83,5.83,5.83,100,2022-03-30 23:00:00,APPH
5.85,5.85,5.85,5.85,600,2022-03-30 23:10:00,APPH
5.85,5.85,5.85,5.85,150,2022-03-30 23:30:00,APPH
5.8,5.83,5.8,5.83,2285,2022-03-30 23:35:00,APPH
5.8,5.8,5.8,5.8,500,2022-03-30 23:50:00,APPH
5.8,5.8001,5.8,5.8,706,2022-03-30 23:55:00,APPH
