open,high,low,close,volume,datetime,symbol
10.35,10.35,10.35,10.35,100,2021-07-06 08:50:00,POLA
10.61,10.61,10.61,10.61,332,2021-07-06 09:05:00,POLA
10.59,10.6,10.5,10.5,700,2021-07-06 09:20:00,POLA
10.57,10.57,10.57,10.57,100,2021-07-06 09:30:00,POLA
10.59,10.59,10.59,10.59,132,2021-07-06 09:40:00,POLA
10.49,10.49,10.49,10.49,100,2021-07-06 10:40:00,POLA
10.3,10.3,10.3,10.3,100,2021-07-06 10:50:00,POLA
10.37,10.39,10.2,10.39,4141,2021-07-06 11:00:00,POLA
10.2,10.2,10.2,10.2,100,2021-07-06 11:05:00,POLA
10.38,10.39,10.38,10.39,350,2021-07-06 11:10:00,POLA
10.26,10.26,10.26,10.26,150,2021-07-06 11:25:00,POLA
10.4,10.4,10.4,10.4,100,2021-07-06 11:40:00,POLA
10.28,10.28,10.26,10.26,1259,2021-07-06 11:55:00,POLA
10.26,10.26,10.25,10.25,1300,2021-07-06 12:00:00,POLA
10.34,10.35,10.34,10.35,217,2021-07-06 12:20:00,POLA
10.33,10.35,10.3,10.3,3169,2021-07-06 12:25:00,POLA
10.3,10.3,10.3,10.3,289,2021-07-06 12:30:00,POLA
10.3,10.3,10.3,10.3,180,2021-07-06 12:40:00,POLA
10.35,10.35,10.35,10.35,300,2021-07-06 12:45:00,POLA
10.3,10.3,10.3,10.3,900,2021-07-06 12:50:00,POLA
10.3,10.32,10.3,10.3,3381,2021-07-06 12:55:00,POLA
10.3,10.38,10.25,10.38,3390,2021-07-06 13:00:00,POLA
10.35,10.35,10.27,10.35,650,2021-07-06 13:05:00,POLA
10.329,10.3499,10.31,10.3499,790,2021-07-06 13:10:00,POLA
10.38,10.38,10.38,10.38,4867,2021-07-06 13:15:00,POLA
10.39,10.41,10.39,10.41,450,2021-07-06 13:20:00,POLA
10.42,10.62,10.4,10.5,2266,2021-07-06 13:25:00,POLA
10.36,11.25,10.36,10.9453,109732,2021-07-06 13:30:00,POLA
10.9401,11.02,10.76,10.76,70061,2021-07-06 13:35:00,POLA
10.7601,11.25,10.75,11.202,53903,2021-07-06 13:40:00,POLA
11.2,11.2,10.75,10.86,34706,2021-07-06 13:45:00,POLA
10.9237,11.08,10.87,11.08,25819,2021-07-06 13:50:00,POLA
11.01,11.58,11.0058,11.245,108232,2021-07-06 13:55:00,POLA
11.16,11.4,11.14,11.14,34486,2021-07-06 14:00:00,POLA
11.14,11.31,11.07,11.1846,16338,2021-07-06 14:05:00,POLA
11.15,11.1899,11.0601,11.08,16460,2021-07-06 14:10:00,POLA
11.125,11.36,11.0753,11.34,13975,2021-07-06 14:15:00,POLA
11.31,11.31,10.76,10.8,62342,2021-07-06 14:20:00,POLA
10.8,11.0,10.77,10.85,41057,2021-07-06 14:25:00,POLA
10.97,11.0646,10.87,10.975,16330,2021-07-06 14:30:00,POLA
10.956,11.13,10.9063,10.93,24123,2021-07-06 14:35:00,POLA
11.02,11.029,10.85,10.86,10865,2021-07-06 14:40:00,POLA
10.88,10.975,10.872,10.97,6468,2021-07-06 14:45:00,POLA
10.95,10.98,10.86,10.88,11586,2021-07-06 14:50:00,POLA
10.86,10.9425,10.83,10.9425,7097,2021-07-06 14:55:00,POLA
10.86,10.91,10.84,10.875,4405,2021-07-06 15:00:00,POLA
10.88,11.0499,10.87,11.0499,18406,2021-07-06 15:05:00,POLA
10.95,11.0399,10.8901,10.9164,10258,2021-07-06 15:10:00,POLA
10.9,10.95,10.8863,10.8863,1620,2021-07-06 15:15:00,POLA
10.915,10.915,10.85,10.85,2354,2021-07-06 15:20:00,POLA
10.8727,10.89,10.8255,10.8255,4467,2021-07-06 15:25:00,POLA
10.815,10.8639,10.68,10.7,20591,2021-07-06 15:30:00,POLA
10.74,10.78,10.7,10.78,6294,2021-07-06 15:35:00,POLA
10.78,10.78,10.65,10.65,10717,2021-07-06 15:40:00,POLA
10.63,10.6393,10.55,10.55,9189,2021-07-06 15:45:00,POLA
10.55,10.55,10.27,10.3595,32368,2021-07-06 15:50:00,POLA
10.3725,10.4399,10.3001,10.3401,11575,2021-07-06 15:55:00,POLA
10.36,10.37,10.2627,10.3065,8358,2021-07-06 16:00:00,POLA
10.28,10.28,9.96,10.07,40948,2021-07-06 16:05:00,POLA
10.1299,10.14,9.98,10.06,6400,2021-07-06 16:10:00,POLA
10.134,10.2099,10.05,10.12,9237,2021-07-06 16:15:00,POLA
10.1652,10.17,10.0701,10.145,2647,2021-07-06 16:20:00,POLA
10.16,10.221,10.1135,10.1613,7063,2021-07-06 16:25:00,POLA
10.12,10.16,10.07,10.15,2362,2021-07-06 16:30:00,POLA
10.11,10.11,9.97,10.1,7819,2021-07-06 16:35:00,POLA
10.1152,10.12,10.02,10.07,3650,2021-07-06 16:40:00,POLA
10.111,10.111,9.97,10.035,4684,2021-07-06 16:45:00,POLA
10.0576,10.1339,10.05,10.1101,3686,2021-07-06 16:50:00,POLA
10.11,10.21,10.11,10.1428,5111,2021-07-06 16:55:00,POLA
10.1376,10.16,10.1319,10.16,1256,2021-07-06 17:00:00,POLA
10.13,10.14,10.11,10.11,555,2021-07-06 17:05:00,POLA
10.0901,10.1299,10.0405,10.1299,3089,2021-07-06 17:10:00,POLA
10.12,10.19,10.12,10.19,7825,2021-07-06 17:15:00,POLA
10.15,10.24,10.15,10.24,3016,2021-07-06 17:20:00,POLA
10.22,10.34,10.22,10.3,9415,2021-07-06 17:25:00,POLA
10.3043,10.3678,10.25,10.3042,2311,2021-07-06 17:30:00,POLA
10.28,10.28,10.2,10.2,1305,2021-07-06 17:35:00,POLA
10.26,10.3,10.26,10.3,2296,2021-07-06 17:40:00,POLA
10.3,10.3199,10.275,10.3,1790,2021-07-06 17:45:00,POLA
10.26,10.2635,10.13,10.13,9125,2021-07-06 17:50:00,POLA
10.1253,10.2337,10.1253,10.1834,1705,2021-07-06 17:55:00,POLA
10.17,10.1707,10.13,10.13,3807,2021-07-06 18:00:00,POLA
10.09,10.17,10.09,10.17,1600,2021-07-06 18:05:00,POLA
10.1899,10.1899,10.07,10.08,7177,2021-07-06 18:10:00,POLA
10.09,10.16,10.09,10.16,600,2021-07-06 18:15:00,POLA
10.1905,10.1984,10.1301,10.1984,2910,2021-07-06 18:20:00,POLA
10.23,10.2599,10.16,10.2437,1178,2021-07-06 18:25:00,POLA
10.249,10.249,10.22,10.22,600,2021-07-06 18:30:00,POLA
10.2399,10.2399,10.15,10.15,688,2021-07-06 18:35:00,POLA
10.2,10.2,10.16,10.165,1017,2021-07-06 18:40:00,POLA
10.23,10.54,10.16,10.47,53446,2021-07-06 18:45:00,POLA
10.495,10.53,10.34,10.35,30475,2021-07-06 18:50:00,POLA
10.351,10.39,10.2809,10.335,9834,2021-07-06 18:55:00,POLA
10.36,10.36,10.2,10.2,13124,2021-07-06 19:00:00,POLA
10.28,10.28,10.08,10.08,3227,2021-07-06 19:05:00,POLA
10.07,10.1841,10.07,10.1,3694,2021-07-06 19:10:00,POLA
10.1,10.1,10.1,10.1,560,2021-07-06 19:15:00,POLA
10.12,10.17,10.08,10.1,3215,2021-07-06 19:20:00,POLA
10.06,10.14,10.06,10.14,4658,2021-07-06 19:25:00,POLA
10.17,10.21,10.17,10.18,1150,2021-07-06 19:30:00,POLA
10.15,10.15,10.14,10.14,800,2021-07-06 19:35:00,POLA
10.157,10.157,10.06,10.06,9170,2021-07-06 19:40:00,POLA
10.1,10.1492,10.065,10.1492,1735,2021-07-06 19:45:00,POLA
10.125,10.22,10.1,10.19,12230,2021-07-06 19:50:00,POLA
10.19,10.2494,10.14,10.19,24959,2021-07-06 19:55:00,POLA
10.23,10.23,10.21,10.21,7300,2021-07-06 20:00:00,POLA
10.5,10.5,10.5,10.5,190,2021-07-06 20:20:00,POLA
10.23,10.23,10.23,10.23,300,2021-07-06 20:25:00,POLA
10.38,10.38,10.38,10.38,200,2021-07-06 20:35:00,POLA
10.23,10.23,10.23,10.23,400,2021-07-06 20:40:00,POLA
10.37,10.37,10.37,10.37,200,2021-07-06 20:55:00,POLA
10.37,10.37,10.37,10.37,190,2021-07-06 21:25:00,POLA
10.3,10.3,10.3,10.3,100,2021-07-06 21:50:00,POLA
10.31,10.31,10.31,10.31,100,2021-07-06 21:55:00,POLA
10.23,10.23,10.23,10.23,206,2021-07-06 22:00:00,POLA
10.23,10.23,10.23,10.23,100,2021-07-06 23:20:00,POLA
10.11,10.11,10.11,10.11,127,2021-07-06 23:35:00,POLA
10.1,10.1,10.1,10.1,300,2021-07-06 23:45:00,POLA
10.1,10.1,10.1,10.1,100,2021-07-06 23:55:00,POLA
10.25,10.25,10.25,10.25,500,2021-07-07 08:00:00,POLA
10.24,10.24,10.24,10.24,100,2021-07-07 08:15:00,POLA
10.22,10.23,10.22,10.23,572,2021-07-07 10:15:00,POLA
10.34,10.34,10.34,10.34,100,2021-07-07 12:30:00,POLA
10.46,10.46,10.46,10.46,500,2021-07-07 12:45:00,POLA
10.26,10.26,10.26,10.26,500,2021-07-07 12:55:00,POLA
10.46,10.46,10.26,10.26,452,2021-07-07 13:05:00,POLA
10.3,10.3,10.3,10.3,100,2021-07-07 13:10:00,POLA
10.3,10.3,10.3,10.3,300,2021-07-07 13:15:00,POLA
10.23,10.3,10.1,10.225,9490,2021-07-07 13:30:00,POLA
10.16,10.2,10.06,10.0883,4335,2021-07-07 13:35:00,POLA
10.1,10.2941,10.0627,10.0696,10430,2021-07-07 13:40:00,POLA
10.117,10.31,10.081,10.2694,20353,2021-07-07 13:45:00,POLA
10.24,10.2966,10.12,10.15,14349,2021-07-07 13:50:00,POLA
10.15,10.2654,10.08,10.25,7977,2021-07-07 13:55:00,POLA
10.17,10.17,9.75,9.86,32875,2021-07-07 14:00:00,POLA
9.8276,9.9738,9.82,9.925,6732,2021-07-07 14:05:00,POLA
9.88,9.97,9.75,9.76,9048,2021-07-07 14:10:00,POLA
9.8172,9.92,9.76,9.85,4367,2021-07-07 14:15:00,POLA
9.8125,9.8125,9.36,9.49,62902,2021-07-07 14:20:00,POLA
9.463,9.49,9.21,9.3199,14948,2021-07-07 14:25:00,POLA
9.31,9.49,9.29,9.47,12580,2021-07-07 14:30:00,POLA
9.4261,9.49,9.3001,9.3828,14890,2021-07-07 14:35:00,POLA
9.355,9.39,9.2445,9.2445,10716,2021-07-07 14:40:00,POLA
9.24,9.4,9.21,9.33,11452,2021-07-07 14:45:00,POLA
9.39,9.4833,9.39,9.43,2876,2021-07-07 14:50:00,POLA
9.43,9.49,9.43,9.4742,5770,2021-07-07 14:55:00,POLA
9.4948,9.55,9.4455,9.4869,3153,2021-07-07 15:00:00,POLA
9.52,9.5588,9.4603,9.53,3235,2021-07-07 15:05:00,POLA
9.45,9.59,9.45,9.59,1575,2021-07-07 15:10:00,POLA
9.535,9.535,9.502,9.525,630,2021-07-07 15:15:00,POLA
9.53,9.58,9.4887,9.5657,1817,2021-07-07 15:20:00,POLA
9.59,9.59,9.52,9.52,2329,2021-07-07 15:25:00,POLA
9.5,9.5463,9.45,9.45,4111,2021-07-07 15:30:00,POLA
9.45,9.5146,9.43,9.5146,7099,2021-07-07 15:35:00,POLA
9.5,9.52,9.48,9.51,2930,2021-07-07 15:40:00,POLA
9.55,9.56,9.53,9.54,3825,2021-07-07 15:45:00,POLA
9.5472,9.58,9.51,9.51,1700,2021-07-07 15:50:00,POLA
9.49,9.49,9.46,9.46,802,2021-07-07 15:55:00,POLA
9.46,9.49,9.435,9.435,2670,2021-07-07 16:00:00,POLA
9.4364,9.5,9.435,9.46,3397,2021-07-07 16:05:00,POLA
9.45,9.46,9.42,9.46,3050,2021-07-07 16:10:00,POLA
9.43,9.43,9.34,9.3699,6765,2021-07-07 16:15:00,POLA
9.32,9.37,9.32,9.34,9048,2021-07-07 16:20:00,POLA
9.365,9.459,9.365,9.45,3505,2021-07-07 16:25:00,POLA
9.4193,9.4193,9.35,9.4111,600,2021-07-07 16:30:00,POLA
9.46,9.52,9.4486,9.518,2589,2021-07-07 16:35:00,POLA
9.53,9.53,9.38,9.47,3300,2021-07-07 16:40:00,POLA
9.5099,9.5099,9.4,9.4,1113,2021-07-07 16:45:00,POLA
9.41,9.41,9.4,9.41,1200,2021-07-07 16:50:00,POLA
9.4,9.4,9.4,9.4,551,2021-07-07 16:55:00,POLA
9.4132,9.4132,9.34,9.38,5444,2021-07-07 17:00:00,POLA
9.38,9.39,9.38,9.39,850,2021-07-07 17:05:00,POLA
9.38,9.3947,9.34,9.38,2391,2021-07-07 17:10:00,POLA
9.3542,9.3542,9.3541,9.3541,400,2021-07-07 17:15:00,POLA
9.35,9.35,9.25,9.2601,5258,2021-07-07 17:20:00,POLA
9.26,9.29,9.19,9.25,7317,2021-07-07 17:25:00,POLA
9.22,9.28,9.22,9.28,1163,2021-07-07 17:30:00,POLA
9.3324,9.3324,9.28,9.3,1550,2021-07-07 17:35:00,POLA
9.3,9.3057,9.2801,9.285,1756,2021-07-07 17:40:00,POLA
9.29,9.2904,9.29,9.29,1412,2021-07-07 17:45:00,POLA
9.28,9.3,9.28,9.2991,1206,2021-07-07 17:50:00,POLA
9.3,9.3287,9.3,9.3287,1534,2021-07-07 17:55:00,POLA
9.32,9.4,9.31,9.4,6877,2021-07-07 18:00:00,POLA
9.3965,9.45,9.37,9.4,3125,2021-07-07 18:05:00,POLA
9.38,9.4,9.37,9.3999,1000,2021-07-07 18:10:00,POLA
9.37,9.4,9.37,9.4,984,2021-07-07 18:15:00,POLA
9.3601,9.4324,9.3601,9.4324,700,2021-07-07 18:20:00,POLA
9.4399,9.45,9.3997,9.45,7506,2021-07-07 18:25:00,POLA
9.45,9.49,9.45,9.49,3935,2021-07-07 18:30:00,POLA
9.45,9.45,9.4032,9.4032,888,2021-07-07 18:35:00,POLA
9.4,9.41,9.4,9.4001,600,2021-07-07 18:40:00,POLA
9.402,9.402,9.35,9.38,2211,2021-07-07 18:45:00,POLA
9.4,9.405,9.385,9.3959,4781,2021-07-07 18:50:00,POLA
9.3701,9.43,9.3701,9.425,3836,2021-07-07 18:55:00,POLA
9.43,9.5,9.43,9.4601,2640,2021-07-07 19:00:00,POLA
9.46,9.46,9.46,9.46,325,2021-07-07 19:05:00,POLA
9.4601,9.48,9.4601,9.48,490,2021-07-07 19:10:00,POLA
9.48,9.5347,9.47,9.5286,3832,2021-07-07 19:15:00,POLA
9.5034,9.51,9.5,9.5,3920,2021-07-07 19:20:00,POLA
9.5,9.5,9.5,9.5,2030,2021-07-07 19:25:00,POLA
9.5352,9.5352,9.5,9.515,1632,2021-07-07 19:30:00,POLA
9.5,9.5,9.41,9.4301,5027,2021-07-07 19:35:00,POLA
9.46,9.49,9.46,9.46,1198,2021-07-07 19:40:00,POLA
9.41,9.4399,9.39,9.39,1054,2021-07-07 19:45:00,POLA
9.4099,9.436,9.39,9.4,1416,2021-07-07 19:50:00,POLA
9.424,9.46,9.39,9.4,4880,2021-07-07 19:55:00,POLA
9.45,9.45,9.45,9.45,1299,2021-07-07 20:00:00,POLA
9.45,9.49,9.45,9.49,1090,2021-07-07 20:05:00,POLA
9.49,9.49,9.49,9.49,100,2021-07-07 20:35:00,POLA
9.47,9.47,9.47,9.47,100,2021-07-07 20:40:00,POLA
9.49,9.49,9.49,9.49,346,2021-07-07 20:50:00,POLA
9.49,9.49,9.49,9.49,255,2021-07-07 21:00:00,POLA
9.49,9.49,9.49,9.49,100,2021-07-07 21:15:00,POLA
9.47,9.47,9.47,9.47,150,2021-07-07 21:20:00,POLA
9.47,9.47,9.47,9.47,884,2021-07-07 21:30:00,POLA
9.45,9.45,9.45,9.45,375,2021-07-07 21:35:00,POLA
9.49,9.49,9.49,9.49,100,2021-07-07 23:25:00,POLA
9.41,9.41,9.41,9.41,600,2021-07-07 23:30:00,POLA
9.41,9.41,9.41,9.41,200,2021-07-07 23:50:00,POLA
9.41,9.41,9.41,9.41,200,2021-07-07 23:55:00,POLA
9.25,9.25,9.25,9.25,200,2021-07-08 09:10:00,POLA
9.11,9.11,9.11,9.11,200,2021-07-08 09:35:00,POLA
9.1,9.1,9.1,9.1,100,2021-07-08 09:40:00,POLA
8.83,8.83,8.83,8.83,470,2021-07-08 10:15:00,POLA
8.83,8.83,8.81,8.81,450,2021-07-08 11:00:00,POLA
8.9,8.9,8.9,8.9,100,2021-07-08 11:10:00,POLA
8.9,8.9,8.9,8.9,152,2021-07-08 11:15:00,POLA
8.9,8.9,8.9,8.9,999,2021-07-08 11:25:00,POLA
8.97,8.97,8.97,8.97,100,2021-07-08 11:40:00,POLA
8.97,8.97,8.97,8.97,200,2021-07-08 11:55:00,POLA
8.99,8.99,8.99,8.99,150,2021-07-08 12:00:00,POLA
8.84,8.84,8.84,8.84,600,2021-07-08 12:40:00,POLA
8.87,8.87,8.85,8.85,1187,2021-07-08 12:50:00,POLA
8.97,8.97,8.97,8.97,100,2021-07-08 13:00:00,POLA
8.97,8.97,8.97,8.97,100,2021-07-08 13:05:00,POLA
8.97,8.97,8.78,8.78,2076,2021-07-08 13:15:00,POLA
8.75,8.8,8.75,8.8,900,2021-07-08 13:20:00,POLA
8.75,8.76,8.75,8.76,610,2021-07-08 13:25:00,POLA
8.84,8.84,8.42,8.63,58029,2021-07-08 13:30:00,POLA
8.65,8.761,8.55,8.6401,15253,2021-07-08 13:35:00,POLA
8.661,8.7356,8.61,8.61,12326,2021-07-08 13:40:00,POLA
8.605,8.607,8.1101,8.18,61684,2021-07-08 13:45:00,POLA
8.181,8.4199,8.181,8.41,26520,2021-07-08 13:50:00,POLA
8.429,8.52,8.41,8.47,20188,2021-07-08 13:55:00,POLA
8.4633,8.52,8.42,8.5077,9404,2021-07-08 14:00:00,POLA
8.5201,8.7,8.5201,8.69,16454,2021-07-08 14:05:00,POLA
8.6952,8.823,8.68,8.7337,23619,2021-07-08 14:10:00,POLA
8.72,8.8131,8.69,8.7626,8070,2021-07-08 14:15:00,POLA
8.744,8.744,8.5469,8.62,11108,2021-07-08 14:20:00,POLA
8.55,8.7285,8.55,8.7285,4310,2021-07-08 14:25:00,POLA
8.74,8.74,8.7001,8.7001,5400,2021-07-08 14:30:00,POLA
8.71,8.71,8.59,8.6699,3882,2021-07-08 14:35:00,POLA
8.67,8.7347,8.65,8.7347,6996,2021-07-08 14:40:00,POLA
8.72,8.7499,8.64,8.64,7553,2021-07-08 14:45:00,POLA
8.68,8.7299,8.66,8.67,13319,2021-07-08 14:50:00,POLA
8.69,8.69,8.6,8.69,840,2021-07-08 14:55:00,POLA
8.6999,8.6999,8.6,8.65,2310,2021-07-08 15:00:00,POLA
8.7,8.7928,8.7,8.785,1850,2021-07-08 15:05:00,POLA
8.76,8.76,8.73,8.76,300,2021-07-08 15:10:00,POLA
8.8,8.8,8.75,8.77,2429,2021-07-08 15:15:00,POLA
8.76,8.77,8.72,8.725,3835,2021-07-08 15:20:00,POLA
8.73,8.76,8.67,8.748,5578,2021-07-08 15:25:00,POLA
8.78,8.78,8.7027,8.7027,517,2021-07-08 15:30:00,POLA
8.7,8.7,8.6801,8.6801,867,2021-07-08 15:35:00,POLA
8.6833,8.7,8.6833,8.7,868,2021-07-08 15:40:00,POLA
8.72,8.7617,8.72,8.7617,3519,2021-07-08 15:45:00,POLA
8.7566,8.7771,8.75,8.7771,1348,2021-07-08 15:50:00,POLA
8.774,8.774,8.73,8.73,430,2021-07-08 15:55:00,POLA
8.76,8.78,8.75,8.7699,3150,2021-07-08 16:00:00,POLA
8.78,8.78,8.755,8.78,968,2021-07-08 16:05:00,POLA
8.74,8.76,8.7259,8.7299,700,2021-07-08 16:10:00,POLA
8.69,8.72,8.69,8.695,1320,2021-07-08 16:15:00,POLA
8.69,8.7194,8.69,8.7066,3250,2021-07-08 16:20:00,POLA
8.7099,8.75,8.7099,8.74,1780,2021-07-08 16:25:00,POLA
8.75,8.77,8.7101,8.7101,1475,2021-07-08 16:30:00,POLA
8.75,8.78,8.75,8.7694,2673,2021-07-08 16:35:00,POLA
8.7965,8.83,8.7501,8.79,3615,2021-07-08 16:40:00,POLA
8.79,8.79,8.71,8.77,6160,2021-07-08 16:45:00,POLA
8.7144,8.7699,8.7144,8.7699,470,2021-07-08 16:50:00,POLA
8.769,8.79,8.769,8.782,1803,2021-07-08 16:55:00,POLA
8.7801,8.81,8.7801,8.795,3967,2021-07-08 17:00:00,POLA
8.795,8.81,8.7701,8.7701,3114,2021-07-08 17:05:00,POLA
8.74,8.83,8.74,8.78,1100,2021-07-08 17:10:00,POLA
8.8299,8.8299,8.762,8.762,3501,2021-07-08 17:15:00,POLA
8.81,8.82,8.75,8.82,1798,2021-07-08 17:20:00,POLA
8.82,8.82,8.751,8.751,1719,2021-07-08 17:25:00,POLA
8.8172,8.8172,8.7636,8.78,1838,2021-07-08 17:30:00,POLA
8.784,8.8034,8.7801,8.7801,800,2021-07-08 17:35:00,POLA
8.7817,8.8009,8.7817,8.8,1290,2021-07-08 17:40:00,POLA
8.808,8.824,8.79,8.824,1743,2021-07-08 17:45:00,POLA
8.8101,8.8601,8.8101,8.8601,1886,2021-07-08 17:50:00,POLA
8.87,8.87,8.8001,8.8001,2471,2021-07-08 17:55:00,POLA
8.802,8.81,8.77,8.77,4230,2021-07-08 18:00:00,POLA
8.77,8.77,8.7,8.7,7738,2021-07-08 18:05:00,POLA
8.72,8.74,8.7158,8.74,303,2021-07-08 18:10:00,POLA
8.7443,8.75,8.7001,8.72,650,2021-07-08 18:15:00,POLA
8.72,8.72,8.67,8.67,1490,2021-07-08 18:20:00,POLA
8.6701,8.6701,8.6001,8.6573,4952,2021-07-08 18:25:00,POLA
8.64,8.64,8.6,8.6141,11834,2021-07-08 18:30:00,POLA
8.6369,8.6369,8.61,8.6156,749,2021-07-08 18:35:00,POLA
8.63,8.65,8.61,8.61,2184,2021-07-08 18:40:00,POLA
8.61,8.62,8.6,8.62,1000,2021-07-08 18:45:00,POLA
8.6373,8.6373,8.54,8.54,7987,2021-07-08 18:50:00,POLA
8.545,8.5674,8.52,8.54,3900,2021-07-08 18:55:00,POLA
8.5789,8.6,8.54,8.58,3900,2021-07-08 19:00:00,POLA
8.56,8.59,8.5501,8.5501,8036,2021-07-08 19:05:00,POLA
8.565,8.63,8.565,8.61,5792,2021-07-08 19:10:00,POLA
8.63,8.63,8.6001,8.62,1200,2021-07-08 19:15:00,POLA
8.65,8.68,8.62,8.62,880,2021-07-08 19:20:00,POLA
8.62,8.68,8.62,8.6501,2978,2021-07-08 19:25:00,POLA
8.68,8.68,8.63,8.6301,3609,2021-07-08 19:30:00,POLA
8.63,8.71,8.63,8.7099,4558,2021-07-08 19:35:00,POLA
8.68,8.69,8.67,8.6896,2596,2021-07-08 19:40:00,POLA
8.69,8.6906,8.67,8.675,2530,2021-07-08 19:45:00,POLA
8.6705,8.6805,8.67,8.6805,1206,2021-07-08 19:50:00,POLA
8.69,8.7,8.67,8.67,14292,2021-07-08 19:55:00,POLA
8.68,8.99,8.68,8.99,1491,2021-07-08 20:00:00,POLA
8.79,8.8,8.79,8.8,200,2021-07-08 20:05:00,POLA
8.79,8.79,8.79,8.79,100,2021-07-08 20:10:00,POLA
8.7,8.7,8.7,8.7,100,2021-07-08 20:25:00,POLA
8.79,8.79,8.79,8.79,100,2021-07-08 21:15:00,POLA
8.79,8.79,8.79,8.79,100,2021-07-08 21:20:00,POLA
8.79,8.79,8.79,8.79,100,2021-07-08 21:40:00,POLA
8.76,8.76,8.76,8.76,1000,2021-07-08 21:55:00,POLA
8.7,8.7,8.7,8.7,100,2021-07-08 22:00:00,POLA
8.75,8.75,8.75,8.75,100,2021-07-08 22:40:00,POLA
8.7,8.7,8.7,8.7,100,2021-07-08 23:05:00,POLA
8.75,8.75,8.75,8.75,100,2021-07-09 09:10:00,POLA
8.78,8.78,8.75,8.75,775,2021-07-09 11:20:00,POLA
8.75,8.75,8.75,8.75,261,2021-07-09 11:40:00,POLA
8.75,8.8,8.75,8.8,200,2021-07-09 11:45:00,POLA
8.83,8.83,8.8,8.8,274,2021-07-09 12:15:00,POLA
8.85,8.85,8.85,8.85,100,2021-07-09 12:20:00,POLA
8.84,8.85,8.84,8.85,379,2021-07-09 12:45:00,POLA
8.85,8.85,8.85,8.85,100,2021-07-09 12:55:00,POLA
8.86,8.9001,8.86,8.86,500,2021-07-09 13:00:00,POLA
8.9,8.9,8.9,8.9,100,2021-07-09 13:05:00,POLA
8.92,8.97,8.91,8.96,600,2021-07-09 13:10:00,POLA
8.95,9.0,8.95,9.0,9947,2021-07-09 13:15:00,POLA
8.86,8.88,8.86,8.88,206,2021-07-09 13:20:00,POLA
9.0,9.0,9.0,9.0,495,2021-07-09 13:25:00,POLA
9.0,9.01,8.87,8.87,31056,2021-07-09 13:30:00,POLA
8.7801,8.8807,8.7801,8.85,18157,2021-07-09 13:35:00,POLA
8.82,8.82,8.75,8.8,15699,2021-07-09 13:40:00,POLA
8.8,8.85,8.8,8.85,1401,2021-07-09 13:45:00,POLA
8.8499,8.91,8.8,8.87,2502,2021-07-09 13:50:00,POLA
8.8818,8.96,8.853,8.93,6093,2021-07-09 13:55:00,POLA
8.93,8.949,8.9001,8.93,4111,2021-07-09 14:00:00,POLA
8.9024,8.99,8.9,8.96,4763,2021-07-09 14:05:00,POLA
8.97,8.97,8.9429,8.9429,1636,2021-07-09 14:10:00,POLA
8.9643,8.97,8.8601,8.91,1500,2021-07-09 14:15:00,POLA
8.885,8.9462,8.86,8.9462,1923,2021-07-09 14:20:00,POLA
8.9499,8.9499,8.8901,8.925,1088,2021-07-09 14:25:00,POLA
8.9288,8.9288,8.88,8.88,967,2021-07-09 14:30:00,POLA
8.8601,8.92,8.8601,8.92,2711,2021-07-09 14:35:00,POLA
8.94,8.94,8.89,8.92,400,2021-07-09 14:40:00,POLA
8.9158,8.92,8.8514,8.92,1372,2021-07-09 14:45:00,POLA
8.8731,8.89,8.8101,8.8899,400,2021-07-09 14:50:00,POLA
8.81,8.89,8.81,8.89,1272,2021-07-09 14:55:00,POLA
8.811,8.89,8.81,8.84,1803,2021-07-09 15:00:00,POLA
8.8628,8.88,8.8243,8.88,1900,2021-07-09 15:05:00,POLA
8.86,8.89,8.8585,8.89,2871,2021-07-09 15:10:00,POLA
8.8581,8.8581,8.8581,8.8581,114,2021-07-09 15:15:00,POLA
8.885,8.94,8.885,8.9,786,2021-07-09 15:20:00,POLA
8.94,8.94,8.94,8.94,100,2021-07-09 15:30:00,POLA
8.9,8.924,8.83,8.924,530,2021-07-09 15:35:00,POLA
8.92,8.93,8.8401,8.8977,2426,2021-07-09 15:40:00,POLA
8.8472,8.9699,8.8472,8.9699,1150,2021-07-09 15:45:00,POLA
8.8943,8.8943,8.8943,8.8943,500,2021-07-09 15:50:00,POLA
8.97,8.98,8.9314,8.9314,2255,2021-07-09 15:55:00,POLA
8.9501,8.9501,8.9501,8.9501,100,2021-07-09 16:00:00,POLA
8.95,9.0,8.95,9.0,1817,2021-07-09 16:05:00,POLA
9.0,9.0,9.0,9.0,100,2021-07-09 16:15:00,POLA
8.9946,8.9946,8.9946,8.9946,100,2021-07-09 16:20:00,POLA
9.0,9.025,8.9955,9.025,3158,2021-07-09 16:25:00,POLA
9.025,9.025,9.0176,9.0176,2500,2021-07-09 16:30:00,POLA
9.025,9.065,8.99,8.99,3394,2021-07-09 16:35:00,POLA
8.99,9.0,8.98,8.9923,908,2021-07-09 16:40:00,POLA
9.0193,9.0193,8.98,8.99,1099,2021-07-09 16:45:00,POLA
9.1338,9.1338,9.0034,9.0034,1600,2021-07-09 16:50:00,POLA
9.05,9.07,9.0101,9.06,1800,2021-07-09 16:55:00,POLA
9.095,9.12,9.03,9.04,1700,2021-07-09 17:00:00,POLA
9.055,9.055,9.04,9.04,200,2021-07-09 17:05:00,POLA
9.055,9.055,9.0,9.0001,2137,2021-07-09 17:10:00,POLA
9.01,9.01,9.01,9.01,100,2021-07-09 17:15:00,POLA
9.01,9.01,8.95,8.951,2465,2021-07-09 17:20:00,POLA
8.95,8.95,8.93,8.935,560,2021-07-09 17:25:00,POLA
8.96,9.0,8.96,8.9933,500,2021-07-09 17:30:00,POLA
8.9253,9.0,8.9253,8.9271,400,2021-07-09 17:35:00,POLA
8.93,8.9362,8.93,8.93,771,2021-07-09 17:40:00,POLA
8.94,8.94,8.94,8.94,114,2021-07-09 17:45:00,POLA
8.9463,8.9463,8.9463,8.9463,100,2021-07-09 17:50:00,POLA
8.99,8.99,8.99,8.99,1345,2021-07-09 17:55:00,POLA
8.96,8.965,8.96,8.96,1909,2021-07-09 18:00:00,POLA
8.9699,8.97,8.9251,8.9251,1222,2021-07-09 18:05:00,POLA
8.97,8.97,8.9699,8.97,1146,2021-07-09 18:10:00,POLA
8.99,8.99,8.96,8.96,900,2021-07-09 18:15:00,POLA
8.933,8.98,8.933,8.98,2150,2021-07-09 18:20:00,POLA
8.93,8.93,8.93,8.93,250,2021-07-09 18:25:00,POLA
8.98,8.98,8.98,8.98,100,2021-07-09 18:30:00,POLA
8.94,8.94,8.92,8.9201,3550,2021-07-09 18:35:00,POLA
8.95,8.95,8.92,8.9409,312,2021-07-09 18:40:00,POLA
8.9399,8.98,8.92,8.92,6193,2021-07-09 18:45:00,POLA
8.911,8.925,8.9001,8.9001,1501,2021-07-09 18:50:00,POLA
8.9014,8.9144,8.9014,8.9144,750,2021-07-09 18:55:00,POLA
8.9175,8.9175,8.8306,8.85,3768,2021-07-09 19:00:00,POLA
8.85,8.9,8.834,8.834,1520,2021-07-09 19:05:00,POLA
8.87,8.89,8.87,8.89,907,2021-07-09 19:10:00,POLA
8.8706,8.9,8.8706,8.9,252,2021-07-09 19:15:00,POLA
8.885,8.885,8.85,8.86,550,2021-07-09 19:25:00,POLA
8.86,8.86,8.83,8.83,1623,2021-07-09 19:30:00,POLA
8.84,8.84,8.8201,8.8201,1602,2021-07-09 19:35:00,POLA
8.8752,8.8752,8.82,8.835,1132,2021-07-09 19:40:00,POLA
8.85,8.85,8.82,8.8238,1460,2021-07-09 19:45:00,POLA
8.849,8.89,8.835,8.87,9608,2021-07-09 19:50:00,POLA
8.87,8.88,8.84,8.8401,5987,2021-07-09 19:55:00,POLA
8.87,8.87,8.87,8.87,2772,2021-07-09 20:00:00,POLA
8.87,8.87,8.8,8.8,919,2021-07-09 20:40:00,POLA
8.8,8.8,8.8,8.8,200,2021-07-09 21:10:00,POLA
8.81,8.81,8.81,8.81,150,2021-07-09 21:25:00,POLA
8.8,8.8,8.7,8.7,1390,2021-07-09 22:15:00,POLA
8.94,8.94,8.94,8.94,100,2021-07-09 23:00:00,POLA
8.99,8.99,8.99,8.99,100,2021-07-12 13:20:00,POLA
8.87,8.87,8.81,8.81,512,2021-07-12 13:25:00,POLA
8.81,8.8599,8.6003,8.6003,15178,2021-07-12 13:30:00,POLA
8.695,8.695,8.61,8.65,2692,2021-07-12 13:35:00,POLA
8.6,8.6128,8.37,8.4991,27699,2021-07-12 13:40:00,POLA
8.4928,8.4997,8.4928,8.4957,1617,2021-07-12 13:45:00,POLA
8.4365,8.47,8.32,8.47,12487,2021-07-12 13:50:00,POLA
8.4171,8.4969,8.4171,8.48,6511,2021-07-12 13:55:00,POLA
8.43,8.4799,8.3,8.42,19528,2021-07-12 14:00:00,POLA
8.32,8.3899,8.32,8.33,4279,2021-07-12 14:05:00,POLA
8.391,8.41,8.335,8.37,7084,2021-07-12 14:10:00,POLA
8.398,8.4332,8.3301,8.4332,3611,2021-07-12 14:15:00,POLA
8.4149,8.4399,8.3563,8.3601,1295,2021-07-12 14:20:00,POLA
8.4213,8.5,8.4001,8.5,1200,2021-07-12 14:25:00,POLA
8.5128,8.52,8.42,8.52,3609,2021-07-12 14:30:00,POLA
8.46,8.5457,8.42,8.42,1800,2021-07-12 14:35:00,POLA
8.43,8.4555,8.43,8.4446,934,2021-07-12 14:40:00,POLA
8.4738,8.4773,8.36,8.38,4985,2021-07-12 14:45:00,POLA
8.42,8.42,8.3572,8.41,750,2021-07-12 14:50:00,POLA
8.42,8.48,8.4,8.48,900,2021-07-12 14:55:00,POLA
8.48,8.48,8.41,8.48,3206,2021-07-12 15:00:00,POLA
8.41,8.445,8.41,8.445,300,2021-07-12 15:05:00,POLA
8.41,8.41,8.36,8.3753,1115,2021-07-12 15:10:00,POLA
8.45,8.45,8.36,8.415,1040,2021-07-12 15:15:00,POLA
8.41,8.41,8.41,8.41,500,2021-07-12 15:20:00,POLA
8.43,8.4753,8.43,8.4699,3700,2021-07-12 15:25:00,POLA
8.43,8.48,8.43,8.46,1045,2021-07-12 15:30:00,POLA
8.4501,8.4501,8.4501,8.4501,1698,2021-07-12 15:35:00,POLA
8.46,8.6,8.46,8.5102,3058,2021-07-12 15:40:00,POLA
8.51,8.5291,8.51,8.5291,400,2021-07-12 15:45:00,POLA
8.55,8.5999,8.51,8.555,771,2021-07-12 15:50:00,POLA
8.5368,8.5368,8.51,8.51,700,2021-07-12 15:55:00,POLA
8.51,8.58,8.51,8.55,907,2021-07-12 16:00:00,POLA
8.57,8.57,8.55,8.56,1337,2021-07-12 16:05:00,POLA
8.57,8.59,8.57,8.58,750,2021-07-12 16:10:00,POLA
8.585,8.585,8.53,8.53,1808,2021-07-12 16:15:00,POLA
8.53,8.54,8.52,8.54,872,2021-07-12 16:20:00,POLA
8.59,8.59,8.5651,8.5651,400,2021-07-12 16:30:00,POLA
8.64,8.66,8.62,8.64,3131,2021-07-12 16:35:00,POLA
8.5672,8.5672,8.5672,8.5672,100,2021-07-12 16:40:00,POLA
8.5664,8.64,8.5664,8.64,417,2021-07-12 16:45:00,POLA
8.625,8.625,8.6,8.615,500,2021-07-12 16:50:00,POLA
8.6046,8.625,8.6046,8.625,200,2021-07-12 17:00:00,POLA
8.6,8.62,8.56,8.58,4004,2021-07-12 17:05:00,POLA
8.55,8.55,8.51,8.54,1889,2021-07-12 17:10:00,POLA
8.55,8.55,8.55,8.55,217,2021-07-12 17:15:00,POLA
8.52,8.522,8.51,8.522,4300,2021-07-12 17:20:00,POLA
8.5251,8.5251,8.52,8.52,700,2021-07-12 17:25:00,POLA
8.5237,8.524,8.48,8.52,5801,2021-07-12 17:30:00,POLA
8.46,8.4638,8.46,8.462,1000,2021-07-12 17:35:00,POLA
8.4869,8.53,8.4869,8.52,920,2021-07-12 17:40:00,POLA
8.599,8.599,8.599,8.599,100,2021-07-12 17:45:00,POLA
8.593,8.6,8.551,8.6,800,2021-07-12 17:50:00,POLA
8.52,8.56,8.52,8.56,700,2021-07-12 18:00:00,POLA
8.5201,8.5201,8.5201,8.5201,100,2021-07-12 18:05:00,POLA
8.51,8.5101,8.51,8.51,500,2021-07-12 18:10:00,POLA
8.51,8.57,8.51,8.57,400,2021-07-12 18:15:00,POLA
8.51,8.52,8.51,8.52,200,2021-07-12 18:20:00,POLA
8.5,8.5,8.5,8.5,494,2021-07-12 18:30:00,POLA
8.53,8.5577,8.5,8.5577,751,2021-07-12 18:35:00,POLA
8.58,8.58,8.53,8.531,2523,2021-07-12 18:40:00,POLA
8.5316,8.535,8.525,8.525,742,2021-07-12 18:45:00,POLA
8.525,8.525,8.525,8.525,100,2021-07-12 18:50:00,POLA
8.5,8.5406,8.5,8.528,2901,2021-07-12 18:55:00,POLA
8.52,8.53,8.5001,8.53,761,2021-07-12 19:00:00,POLA
8.55,8.59,8.55,8.59,600,2021-07-12 19:05:00,POLA
8.59,8.6,8.562,8.562,1200,2021-07-12 19:10:00,POLA
8.61,8.61,8.61,8.61,1100,2021-07-12 19:15:00,POLA
8.6023,8.6023,8.58,8.5944,500,2021-07-12 19:20:00,POLA
8.58,8.6,8.58,8.6,250,2021-07-12 19:25:00,POLA
8.58,8.59,8.55,8.5701,1819,2021-07-12 19:30:00,POLA
8.58,8.6,8.55,8.6,500,2021-07-12 19:35:00,POLA
8.594,8.594,8.55,8.55,350,2021-07-12 19:40:00,POLA
8.59,8.61,8.55,8.575,4175,2021-07-12 19:45:00,POLA
8.6,8.62,8.595,8.595,1871,2021-07-12 19:50:00,POLA
8.6001,8.62,8.56,8.59,2942,2021-07-12 19:55:00,POLA
8.62,8.62,8.62,8.62,4319,2021-07-12 20:00:00,POLA
8.52,8.52,8.52,8.52,350,2021-07-12 20:40:00,POLA
8.52,8.52,8.52,8.52,100,2021-07-12 21:35:00,POLA
8.53,8.53,8.52,8.52,300,2021-07-12 22:10:00,POLA
8.4001,8.4001,8.4001,8.4001,300,2021-07-13 12:40:00,POLA
8.45,8.5,8.45,8.5,500,2021-07-13 12:45:00,POLA
8.45,8.45,8.45,8.45,500,2021-07-13 13:10:00,POLA
8.46,8.47,8.2,8.203,12404,2021-07-13 13:30:00,POLA
8.27,8.28,8.21,8.22,5925,2021-07-13 13:35:00,POLA
8.23,8.26,8.2201,8.25,1697,2021-07-13 13:40:00,POLA
8.22,8.2899,8.17,8.2899,12160,2021-07-13 13:45:00,POLA
8.24,8.3816,8.24,8.365,2069,2021-07-13 13:50:00,POLA
8.33,8.33,8.25,8.25,2127,2021-07-13 13:55:00,POLA
8.315,8.315,8.23,8.23,7900,2021-07-13 14:00:00,POLA
8.2109,8.3,8.2058,8.3,2801,2021-07-13 14:05:00,POLA
8.3,8.38,8.2738,8.3721,3736,2021-07-13 14:10:00,POLA
8.315,8.315,8.31,8.31,300,2021-07-13 14:15:00,POLA
8.25,8.3866,8.25,8.3866,12385,2021-07-13 14:20:00,POLA
8.389,8.389,8.3,8.3,500,2021-07-13 14:25:00,POLA
8.3153,8.3153,8.28,8.28,950,2021-07-13 14:30:00,POLA
8.3144,8.3144,8.25,8.25,815,2021-07-13 14:35:00,POLA
8.25,8.27,8.25,8.26,300,2021-07-13 14:40:00,POLA
8.22,8.25,8.22,8.25,500,2021-07-13 14:45:00,POLA
8.25,8.26,8.24,8.24,525,2021-07-13 14:50:00,POLA
8.27,8.27,8.25,8.25,1000,2021-07-13 14:55:00,POLA
8.23,8.2899,8.23,8.2333,2127,2021-07-13 15:00:00,POLA
8.235,8.25,8.235,8.25,1153,2021-07-13 15:05:00,POLA
8.2445,8.2877,8.2445,8.2877,600,2021-07-13 15:10:00,POLA
8.28,8.2869,8.2,8.213,20142,2021-07-13 15:15:00,POLA
8.2207,8.2207,8.2207,8.2207,100,2021-07-13 15:20:00,POLA
8.29,8.29,8.22,8.22,956,2021-07-13 15:25:00,POLA
8.2741,8.2741,8.2741,8.2741,140,2021-07-13 15:30:00,POLA
8.2756,8.2756,8.24,8.24,600,2021-07-13 15:35:00,POLA
8.28,8.32,8.28,8.32,2992,2021-07-13 15:40:00,POLA
8.2607,8.33,8.2607,8.33,949,2021-07-13 15:45:00,POLA
8.3101,8.33,8.3101,8.33,3200,2021-07-13 15:55:00,POLA
8.3201,8.33,8.3201,8.33,200,2021-07-13 16:00:00,POLA
8.35,8.39,8.3312,8.39,2925,2021-07-13 16:10:00,POLA
8.42,8.42,8.39,8.39,2235,2021-07-13 16:15:00,POLA
8.42,8.4524,8.42,8.4524,1381,2021-07-13 16:20:00,POLA
8.47,8.49,8.47,8.48,1484,2021-07-13 16:25:00,POLA
8.46,8.4756,8.44,8.44,647,2021-07-13 16:30:00,POLA
8.45,8.45,8.38,8.38,400,2021-07-13 16:35:00,POLA
8.38,8.4383,8.38,8.4383,1600,2021-07-13 16:40:00,POLA
8.3986,8.3986,8.3986,8.3986,1000,2021-07-13 16:45:00,POLA
8.38,8.39,8.38,8.39,928,2021-07-13 16:50:00,POLA
8.373,8.405,8.373,8.405,1400,2021-07-13 17:05:00,POLA
8.38,8.42,8.37,8.3901,3149,2021-07-13 17:10:00,POLA
8.39,8.39,8.36,8.38,4422,2021-07-13 17:15:00,POLA
8.35,8.39,8.35,8.39,499,2021-07-13 17:20:00,POLA
8.385,8.385,8.3501,8.3828,650,2021-07-13 17:25:00,POLA
8.37,8.39,8.37,8.39,200,2021-07-13 17:30:00,POLA
8.38,8.38,8.3501,8.3501,300,2021-07-13 17:35:00,POLA
8.36,8.36,8.34,8.34,600,2021-07-13 17:40:00,POLA
8.33,8.33,8.33,8.33,200,2021-07-13 17:45:00,POLA
8.345,8.345,8.301,8.34,1499,2021-07-13 17:50:00,POLA
8.3201,8.3201,8.32,8.32,400,2021-07-13 17:55:00,POLA
8.31,8.31,8.31,8.31,200,2021-07-13 18:00:00,POLA
8.26,8.32,8.25,8.32,1160,2021-07-13 18:05:00,POLA
8.31,8.32,8.31,8.32,900,2021-07-13 18:10:00,POLA
8.32,8.32,8.32,8.32,336,2021-07-13 18:15:00,POLA
8.32,8.34,8.312,8.312,960,2021-07-13 18:20:00,POLA
8.31,8.31,8.31,8.31,1000,2021-07-13 18:25:00,POLA
8.31,8.33,8.3,8.3,600,2021-07-13 18:30:00,POLA
8.36,8.36,8.29,8.34,4392,2021-07-13 18:35:00,POLA
8.335,8.335,8.3,8.335,300,2021-07-13 18:40:00,POLA
8.26,8.26,8.26,8.26,100,2021-07-13 18:55:00,POLA
8.3,8.3,8.28,8.28,300,2021-07-13 19:05:00,POLA
8.3,8.3004,8.26,8.2608,2568,2021-07-13 19:15:00,POLA
8.265,8.2951,8.22,8.285,2698,2021-07-13 19:20:00,POLA
8.3,8.3,8.25,8.26,2638,2021-07-13 19:25:00,POLA
8.2722,8.2722,8.21,8.21,4595,2021-07-13 19:30:00,POLA
8.225,8.225,8.15,8.16,10160,2021-07-13 19:35:00,POLA
8.1753,8.19,8.15,8.19,2477,2021-07-13 19:40:00,POLA
8.1655,8.19,8.16,8.19,3100,2021-07-13 19:45:00,POLA
8.19,8.19,8.17,8.171,800,2021-07-13 19:50:00,POLA
8.2,8.2,8.15,8.2,5709,2021-07-13 19:55:00,POLA
8.2,8.2,8.2,8.2,2190,2021-07-13 20:00:00,POLA
8.19,8.19,8.19,8.19,100,2021-07-13 20:15:00,POLA
8.17,8.17,8.17,8.17,100,2021-07-13 20:45:00,POLA
8.17,8.17,8.17,8.17,390,2021-07-13 20:50:00,POLA
8.19,8.19,8.19,8.19,200,2021-07-13 21:05:00,POLA
8.19,8.19,8.19,8.19,140,2021-07-13 21:30:00,POLA
8.17,8.17,8.17,8.17,123,2021-07-13 22:35:00,POLA
8.17,8.17,8.17,8.17,609,2021-07-13 22:45:00,POLA
8.19,8.19,8.19,8.19,2000,2021-07-13 23:55:00,POLA
8.2,8.2,8.2,8.2,375,2021-07-14 11:15:00,POLA
8.3,8.3,8.3,8.3,100,2021-07-14 13:05:00,POLA
8.2,8.2,8.2,8.2,1900,2021-07-14 13:15:00,POLA
8.2,8.2,8.2,8.2,100,2021-07-14 13:20:00,POLA
8.28,8.4,8.26,8.3,5639,2021-07-14 13:30:00,POLA
8.2999,8.2999,8.255,8.255,750,2021-07-14 13:35:00,POLA
8.218,8.2267,8.2,8.2,925,2021-07-14 13:40:00,POLA
8.17,8.19,8.035,8.04,9705,2021-07-14 13:45:00,POLA
8.0782,8.17,8.0782,8.15,5212,2021-07-14 13:50:00,POLA
8.15,8.2,8.15,8.16,1556,2021-07-14 13:55:00,POLA
8.19,8.19,8.1,8.145,2008,2021-07-14 14:00:00,POLA
8.1,8.14,8.0801,8.121,4185,2021-07-14 14:05:00,POLA
8.1263,8.1263,8.1263,8.1263,100,2021-07-14 14:10:00,POLA
8.2,8.2,8.14,8.14,5436,2021-07-14 14:15:00,POLA
8.15,8.15,8.06,8.0743,3308,2021-07-14 14:25:00,POLA
8.06,8.06,8.02,8.03,6588,2021-07-14 14:30:00,POLA
8.03,8.05,7.88,8.05,22483,2021-07-14 14:35:00,POLA
8.0,8.0,7.9,7.9,1964,2021-07-14 14:40:00,POLA
7.88,7.96,7.88,7.884,1540,2021-07-14 14:45:00,POLA
7.91,7.96,7.9,7.96,1774,2021-07-14 14:50:00,POLA
7.99,8.0294,7.9,8.0294,2047,2021-07-14 14:55:00,POLA
7.9237,8.0287,7.9001,7.9057,2185,2021-07-14 15:00:00,POLA
7.9216,7.95,7.88,7.88,3805,2021-07-14 15:05:00,POLA
7.86,7.889,7.8,7.8,7787,2021-07-14 15:10:00,POLA
7.77,7.86,7.76,7.81,7567,2021-07-14 15:15:00,POLA
7.8,7.85,7.75,7.7657,5568,2021-07-14 15:20:00,POLA
7.75,7.7933,7.72,7.73,2208,2021-07-14 15:25:00,POLA
7.7432,7.86,7.7432,7.815,2142,2021-07-14 15:30:00,POLA
7.82,7.86,7.82,7.82,809,2021-07-14 15:35:00,POLA
7.8454,7.8454,7.8445,7.8445,496,2021-07-14 15:45:00,POLA
7.82,7.85,7.65,7.65,6441,2021-07-14 15:50:00,POLA
7.63,7.6936,7.6,7.6936,1200,2021-07-14 15:55:00,POLA
7.7,7.77,7.67,7.75,6807,2021-07-14 16:00:00,POLA
7.73,7.755,7.73,7.755,350,2021-07-14 16:05:00,POLA
7.7,7.7816,7.7,7.77,603,2021-07-14 16:10:00,POLA
7.71,7.789,7.71,7.72,2956,2021-07-14 16:15:00,POLA
7.7,7.7,7.62,7.62,1000,2021-07-14 16:20:00,POLA
7.69,7.7,7.66,7.7,600,2021-07-14 16:35:00,POLA
7.7,7.7499,7.67,7.7349,3741,2021-07-14 16:40:00,POLA
7.73,7.76,7.71,7.71,3761,2021-07-14 16:45:00,POLA
7.74,7.75,7.67,7.67,3305,2021-07-14 16:50:00,POLA
7.7363,7.7363,7.7,7.7001,2839,2021-07-14 16:55:00,POLA
7.75,7.75,7.735,7.735,460,2021-07-14 17:00:00,POLA
7.7376,7.74,7.67,7.67,1585,2021-07-14 17:05:00,POLA
7.65,7.67,7.65,7.67,2588,2021-07-14 17:10:00,POLA
7.63,7.6679,7.63,7.6679,300,2021-07-14 17:15:00,POLA
7.64,7.69,7.6301,7.6697,3865,2021-07-14 17:20:00,POLA
7.63,7.65,7.57,7.65,2074,2021-07-14 17:25:00,POLA
7.63,7.696,7.63,7.675,7128,2021-07-14 17:30:00,POLA
7.683,7.683,7.645,7.66,1200,2021-07-14 17:35:00,POLA
7.65,7.65,7.65,7.65,100,2021-07-14 17:40:00,POLA
7.61,7.7,7.61,7.6177,380,2021-07-14 17:45:00,POLA
7.64,7.64,7.64,7.64,889,2021-07-14 17:50:00,POLA
7.6655,7.6655,7.59,7.62,1230,2021-07-14 17:55:00,POLA
7.63,7.64,7.61,7.629,2488,2021-07-14 18:00:00,POLA
7.6326,7.65,7.615,7.615,675,2021-07-14 18:05:00,POLA
7.62,7.66,7.615,7.66,1600,2021-07-14 18:10:00,POLA
7.5701,7.5701,7.5701,7.5701,116,2021-07-14 18:15:00,POLA
7.636,7.636,7.5902,7.5902,3353,2021-07-14 18:20:00,POLA
7.615,7.6347,7.5501,7.5501,2075,2021-07-14 18:25:00,POLA
7.55,7.57,7.44,7.45,12344,2021-07-14 18:30:00,POLA
7.525,7.56,7.51,7.56,6329,2021-07-14 18:35:00,POLA
7.55,7.6079,7.55,7.6079,1100,2021-07-14 18:40:00,POLA
7.56,7.61,7.53,7.61,2600,2021-07-14 18:45:00,POLA
7.607,7.61,7.575,7.575,1700,2021-07-14 18:50:00,POLA
7.571,7.61,7.571,7.6,1239,2021-07-14 18:55:00,POLA
7.6007,7.62,7.5469,7.6149,6335,2021-07-14 19:00:00,POLA
7.615,7.68,7.615,7.68,7000,2021-07-14 19:05:00,POLA
7.68,7.68,7.67,7.67,8800,2021-07-14 19:10:00,POLA
7.67,7.67,7.6,7.66,2100,2021-07-14 19:15:00,POLA
7.64,7.64,7.6021,7.64,2243,2021-07-14 19:20:00,POLA
7.65,7.655,7.6,7.6002,2430,2021-07-14 19:25:00,POLA
7.6,7.6,7.55,7.55,2025,2021-07-14 19:30:00,POLA
7.5518,7.59,7.5518,7.57,2222,2021-07-14 19:35:00,POLA
7.57,7.5788,7.5,7.52,3427,2021-07-14 19:40:00,POLA
7.52,7.6,7.52,7.58,4279,2021-07-14 19:45:00,POLA
7.58,7.61,7.58,7.61,7316,2021-07-14 19:50:00,POLA
7.59,7.66,7.59,7.65,10591,2021-07-14 19:55:00,POLA
7.61,7.61,7.61,7.61,1403,2021-07-14 20:00:00,POLA
7.59,7.59,7.59,7.59,187,2021-07-14 20:05:00,POLA
7.52,7.52,7.51,7.51,211,2021-07-14 20:30:00,POLA
7.51,7.51,7.51,7.51,150,2021-07-14 20:35:00,POLA
7.51,7.5101,7.51,7.5101,250,2021-07-14 20:40:00,POLA
7.61,7.61,7.61,7.61,145,2021-07-14 21:10:00,POLA
7.61,7.61,7.61,7.61,155,2021-07-14 21:25:00,POLA
7.7499,7.75,7.7499,7.75,200,2021-07-15 12:45:00,POLA
7.5305,7.5305,7.5305,7.5305,131,2021-07-15 12:55:00,POLA
7.65,7.66,7.53,7.53,5359,2021-07-15 13:30:00,POLA
7.5101,7.5787,7.51,7.5545,2622,2021-07-15 13:35:00,POLA
7.53,7.6448,7.53,7.6,4174,2021-07-15 13:40:00,POLA
7.65,7.85,7.65,7.85,9100,2021-07-15 13:45:00,POLA
7.7208,7.79,7.68,7.77,1000,2021-07-15 13:50:00,POLA
7.78,7.97,7.72,7.7901,18939,2021-07-15 13:55:00,POLA
7.845,7.91,7.8,7.89,11840,2021-07-15 14:00:00,POLA
7.9,7.96,7.8,7.915,1992,2021-07-15 14:05:00,POLA
7.96,7.96,7.79,7.845,4100,2021-07-15 14:10:00,POLA
7.8,7.802,7.8,7.802,200,2021-07-15 14:15:00,POLA
7.79,7.79,7.66,7.7199,2584,2021-07-15 14:20:00,POLA
7.6859,7.6859,7.54,7.61,5158,2021-07-15 14:25:00,POLA
7.6,7.64,7.6,7.62,400,2021-07-15 14:30:00,POLA
7.63,7.6794,7.62,7.665,4350,2021-07-15 14:35:00,POLA
7.69,7.8,7.67,7.67,530,2021-07-15 14:40:00,POLA
7.7,7.7,7.63,7.64,1169,2021-07-15 14:45:00,POLA
7.71,7.71,7.71,7.71,100,2021-07-15 14:55:00,POLA
7.7035,7.71,7.702,7.702,623,2021-07-15 15:00:00,POLA
7.7,7.76,7.7,7.76,1300,2021-07-15 15:05:00,POLA
7.7269,7.76,7.7269,7.76,300,2021-07-15 15:10:00,POLA
7.78,7.78,7.7242,7.7242,1628,2021-07-15 15:15:00,POLA
7.72,7.72,7.68,7.68,863,2021-07-15 15:20:00,POLA
7.7074,7.7699,7.69,7.725,1050,2021-07-15 15:25:00,POLA
7.77,7.77,7.75,7.75,472,2021-07-15 15:30:00,POLA
7.691,7.691,7.691,7.691,100,2021-07-15 15:35:00,POLA
7.77,7.77,7.69,7.69,922,2021-07-15 15:40:00,POLA
7.69,7.69,7.65,7.65,1510,2021-07-15 15:50:00,POLA
7.641,7.641,7.59,7.59,7254,2021-07-15 15:55:00,POLA
7.62,7.62,7.57,7.57,700,2021-07-15 16:05:00,POLA
7.61,7.61,7.5723,7.5723,1100,2021-07-15 16:10:00,POLA
7.57,7.57,7.5208,7.5208,818,2021-07-15 16:15:00,POLA
7.5162,7.52,7.51,7.51,884,2021-07-15 16:20:00,POLA
7.5,7.5,7.45,7.45,2825,2021-07-15 16:25:00,POLA
7.58,7.59,7.58,7.59,400,2021-07-15 16:30:00,POLA
7.4702,7.4702,7.4702,7.4702,2000,2021-07-15 16:35:00,POLA
7.57,7.57,7.458,7.458,300,2021-07-15 16:40:00,POLA
7.57,7.5799,7.57,7.5799,600,2021-07-15 16:45:00,POLA
7.52,7.54,7.52,7.54,200,2021-07-15 16:50:00,POLA
7.5342,7.5342,7.41,7.4925,1738,2021-07-15 16:55:00,POLA
7.5,7.5,7.4,7.4,1372,2021-07-15 17:00:00,POLA
7.36,7.45,7.36,7.45,1680,2021-07-15 17:05:00,POLA
7.42,7.43,7.42,7.43,200,2021-07-15 17:15:00,POLA
7.44,7.45,7.41,7.42,1450,2021-07-15 17:20:00,POLA
7.42,7.4322,7.35,7.41,3598,2021-07-15 17:30:00,POLA
7.3459,7.394,7.34,7.34,1307,2021-07-15 17:35:00,POLA
7.343,7.343,7.32,7.32,1462,2021-07-15 17:40:00,POLA
7.31,7.3522,7.2631,7.2631,1175,2021-07-15 17:45:00,POLA
7.34,7.34,7.26,7.26,1612,2021-07-15 17:50:00,POLA
7.26,7.26,7.2,7.2,1799,2021-07-15 17:55:00,POLA
7.28,7.31,7.22,7.31,1218,2021-07-15 18:00:00,POLA
7.3499,7.3499,7.3499,7.3499,700,2021-07-15 18:05:00,POLA
7.35,7.35,7.34,7.34,220,2021-07-15 18:10:00,POLA
7.3,7.35,7.28,7.35,1661,2021-07-15 18:20:00,POLA
7.42,7.42,7.42,7.42,100,2021-07-15 18:25:00,POLA
7.3001,7.36,7.3001,7.36,280,2021-07-15 18:30:00,POLA
7.36,7.36,7.28,7.34,800,2021-07-15 18:35:00,POLA
7.344,7.3606,7.325,7.325,3718,2021-07-15 18:40:00,POLA
7.3,7.385,7.3,7.385,1200,2021-07-15 18:45:00,POLA
7.4001,7.41,7.4001,7.4085,2329,2021-07-15 18:50:00,POLA
7.4045,7.435,7.4045,7.435,469,2021-07-15 18:55:00,POLA
7.4,7.4005,7.4,7.4005,1200,2021-07-15 19:00:00,POLA
7.43,7.43,7.37,7.4,1100,2021-07-15 19:05:00,POLA
7.405,7.405,7.37,7.38,800,2021-07-15 19:10:00,POLA
7.38,7.38,7.29,7.29,7543,2021-07-15 19:15:00,POLA
7.29,7.365,7.29,7.365,2058,2021-07-15 19:20:00,POLA
7.39,7.4,7.3438,7.4,1022,2021-07-15 19:25:00,POLA
7.37,7.47,7.37,7.47,404,2021-07-15 19:30:00,POLA
7.47,7.47,7.47,7.47,100,2021-07-15 19:35:00,POLA
7.42,7.42,7.41,7.41,200,2021-07-15 19:40:00,POLA
7.4,7.41,7.4,7.41,700,2021-07-15 19:45:00,POLA
7.41,7.44,7.4,7.4,735,2021-07-15 19:50:00,POLA
7.44,7.51,7.42,7.51,7480,2021-07-15 19:55:00,POLA
7.46,7.46,7.46,7.46,2756,2021-07-15 20:00:00,POLA
7.7,7.7,7.7,7.7,390,2021-07-15 21:40:00,POLA
7.44,7.44,7.44,7.44,100,2021-07-15 23:30:00,POLA
7.44,7.44,7.44,7.44,100,2021-07-15 23:55:00,POLA
7.57,7.57,7.55,7.55,500,2021-07-16 13:25:00,POLA
7.5,7.6303,7.5,7.6303,3388,2021-07-16 13:30:00,POLA
7.6,7.6,7.4643,7.59,300,2021-07-16 13:35:00,POLA
7.56,7.56,7.56,7.56,250,2021-07-16 13:40:00,POLA
7.565,7.565,7.45,7.48,1744,2021-07-16 13:45:00,POLA
7.445,7.515,7.445,7.515,560,2021-07-16 13:50:00,POLA
7.5437,7.5437,7.5437,7.5437,200,2021-07-16 13:55:00,POLA
7.46,7.495,7.43,7.43,3051,2021-07-16 14:05:00,POLA
7.4,7.4,7.4,7.4,403,2021-07-16 14:15:00,POLA
7.35,7.38,7.26,7.38,3480,2021-07-16 14:25:00,POLA
7.36,7.49,7.36,7.49,454,2021-07-16 14:30:00,POLA
7.43,7.46,7.42,7.43,815,2021-07-16 14:35:00,POLA
7.3602,7.3602,7.3602,7.3602,2000,2021-07-16 14:40:00,POLA
7.4056,7.4056,7.4056,7.4056,311,2021-07-16 14:50:00,POLA
7.4,7.4732,7.4,7.4732,922,2021-07-16 14:55:00,POLA
7.4,7.4699,7.4,7.4039,1657,2021-07-16 15:10:00,POLA
7.435,7.435,7.435,7.435,393,2021-07-16 15:20:00,POLA
7.43,7.4624,7.43,7.4624,844,2021-07-16 15:30:00,POLA
7.45,7.5128,7.45,7.5128,351,2021-07-16 15:35:00,POLA
7.51,7.52,7.51,7.52,794,2021-07-16 15:40:00,POLA
7.55,7.55,7.55,7.55,100,2021-07-16 15:45:00,POLA
7.55,7.55,7.51,7.51,491,2021-07-16 15:50:00,POLA
7.46,7.46,7.456,7.456,300,2021-07-16 16:05:00,POLA
7.45,7.46,7.45,7.45,1409,2021-07-16 16:15:00,POLA
7.442,7.442,7.4106,7.4106,1200,2021-07-16 16:25:00,POLA
7.43,7.4456,7.43,7.4456,235,2021-07-16 16:30:00,POLA
7.435,7.44,7.435,7.44,300,2021-07-16 16:35:00,POLA
7.4201,7.4201,7.4201,7.4201,100,2021-07-16 16:40:00,POLA
7.45,7.475,7.45,7.475,424,2021-07-16 16:45:00,POLA
7.5,7.5433,7.5,7.5433,300,2021-07-16 16:50:00,POLA
7.54,7.5475,7.54,7.5475,600,2021-07-16 17:00:00,POLA
7.5499,7.5499,7.5499,7.5499,1100,2021-07-16 17:05:00,POLA
7.53,7.53,7.49,7.49,503,2021-07-16 17:10:00,POLA
7.46,7.485,7.45,7.485,492,2021-07-16 17:15:00,POLA
7.4535,7.4535,7.45,7.45,2517,2021-07-16 17:20:00,POLA
7.4,7.435,7.4,7.425,1368,2021-07-16 17:25:00,POLA
7.425,7.425,7.3889,7.3889,1108,2021-07-16 17:35:00,POLA
7.39,7.405,7.37,7.38,1636,2021-07-16 17:40:00,POLA
7.395,7.395,7.37,7.37,774,2021-07-16 17:45:00,POLA
7.36,7.3601,7.3101,7.34,2574,2021-07-16 17:50:00,POLA
7.37,7.37,7.31,7.31,500,2021-07-16 17:55:00,POLA
7.31,7.32,7.27,7.32,1619,2021-07-16 18:00:00,POLA
7.31,7.31,7.31,7.31,100,2021-07-16 18:05:00,POLA
7.3288,7.34,7.32,7.34,400,2021-07-16 18:10:00,POLA
7.345,7.345,7.32,7.32,200,2021-07-16 18:15:00,POLA
7.3052,7.3052,7.3052,7.3052,200,2021-07-16 18:20:00,POLA
7.34,7.35,7.31,7.35,357,2021-07-16 18:25:00,POLA
7.369,7.369,7.369,7.369,100,2021-07-16 18:30:00,POLA
7.369,7.369,7.369,7.369,135,2021-07-16 18:40:00,POLA
7.3699,7.37,7.31,7.31,1150,2021-07-16 18:50:00,POLA
7.31,7.31,7.26,7.28,2400,2021-07-16 19:00:00,POLA
7.29,7.29,7.2701,7.2701,700,2021-07-16 19:05:00,POLA
7.28,7.29,7.28,7.29,200,2021-07-16 19:10:00,POLA
7.28,7.28,7.28,7.28,100,2021-07-16 19:15:00,POLA
7.29,7.3,7.2,7.2,5564,2021-07-16 19:20:00,POLA
7.18,7.18,7.08,7.1,10916,2021-07-16 19:25:00,POLA
7.13,7.155,7.13,7.155,1359,2021-07-16 19:30:00,POLA
7.16,7.29,7.139,7.29,3309,2021-07-16 19:35:00,POLA
7.17,7.29,7.17,7.27,1965,2021-07-16 19:40:00,POLA
7.27,7.28,7.22,7.25,3165,2021-07-16 19:45:00,POLA
7.24,7.24,7.218,7.24,1300,2021-07-16 19:50:00,POLA
7.2699,7.2699,7.2,7.2699,2682,2021-07-16 19:55:00,POLA
7.2,7.2,7.2,7.2,3871,2021-07-16 20:00:00,POLA
7.18,7.18,7.18,7.18,127,2021-07-16 20:05:00,POLA
7.2,7.2,7.2,7.2,100,2021-07-16 21:00:00,POLA
7.3599,7.36,7.3599,7.36,320,2021-07-16 21:40:00,POLA
7.01,7.01,7.0,7.0,700,2021-07-19 11:30:00,POLA
6.95,7.1,6.95,7.1,4929,2021-07-19 11:35:00,POLA
6.9,6.9,6.9,6.9,220,2021-07-19 12:05:00,POLA
6.8704,7.1,6.8704,7.09,900,2021-07-19 12:25:00,POLA
6.87,6.87,6.87,6.87,125,2021-07-19 12:35:00,POLA
6.87,6.87,6.75,6.75,700,2021-07-19 12:40:00,POLA
7.1,7.1,7.1,7.1,500,2021-07-19 12:55:00,POLA
7.01,7.01,7.01,7.01,100,2021-07-19 13:05:00,POLA
6.96,7.0,6.77,6.905,8143,2021-07-19 13:30:00,POLA
6.9,7.05,6.81,7.0003,5530,2021-07-19 13:35:00,POLA
6.935,6.96,6.8156,6.8973,4639,2021-07-19 13:40:00,POLA
6.9,6.9985,6.83,6.8669,2425,2021-07-19 13:45:00,POLA
6.95,6.99,6.89,6.96,2851,2021-07-19 13:50:00,POLA
6.8559,6.91,6.85,6.91,1876,2021-07-19 13:55:00,POLA
6.94,6.94,6.8258,6.9,834,2021-07-19 14:00:00,POLA
6.9,6.94,6.9,6.94,1650,2021-07-19 14:10:00,POLA
6.8701,6.94,6.8701,6.876,1278,2021-07-19 14:15:00,POLA
6.94,7.04,6.94,6.9764,3078,2021-07-19 14:20:00,POLA
6.97,7.06,6.97,7.06,1694,2021-07-19 14:25:00,POLA
7.04,7.065,7.03,7.05,1400,2021-07-19 14:30:00,POLA
7.05,7.05,7.05,7.05,1508,2021-07-19 14:35:00,POLA
7.11,7.2201,7.09,7.2201,13513,2021-07-19 14:40:00,POLA
7.36,7.37,7.27,7.27,900,2021-07-19 14:45:00,POLA
7.299,7.37,7.27,7.31,2828,2021-07-19 14:50:00,POLA
7.3469,7.3469,7.275,7.275,200,2021-07-19 14:55:00,POLA
7.2352,7.2352,7.2352,7.2352,940,2021-07-19 15:00:00,POLA
7.321,7.321,7.3,7.31,572,2021-07-19 15:05:00,POLA
7.3,7.3554,7.3,7.3554,864,2021-07-19 15:10:00,POLA
7.31,7.36,7.3,7.36,10352,2021-07-19 15:15:00,POLA
7.3,7.3,7.3,7.3,941,2021-07-19 15:20:00,POLA
7.29,7.325,7.29,7.325,1500,2021-07-19 15:30:00,POLA
7.36,7.36,7.36,7.36,450,2021-07-19 15:35:00,POLA
7.335,7.35,7.335,7.35,900,2021-07-19 15:40:00,POLA
7.46,7.46,7.46,7.46,100,2021-07-19 15:45:00,POLA
7.4419,7.4419,7.39,7.39,220,2021-07-19 15:50:00,POLA
7.4199,7.4199,7.38,7.38,230,2021-07-19 15:55:00,POLA
7.41,7.41,7.3454,7.3454,800,2021-07-19 16:10:00,POLA
7.375,7.375,7.2683,7.2683,3094,2021-07-19 16:20:00,POLA
7.26,7.27,7.26,7.26,800,2021-07-19 16:30:00,POLA
7.275,7.3134,7.275,7.275,400,2021-07-19 16:40:00,POLA
7.28,7.28,7.2401,7.275,9250,2021-07-19 16:50:00,POLA
7.32,7.32,7.32,7.32,200,2021-07-19 16:55:00,POLA
7.3046,7.41,7.3046,7.41,211,2021-07-19 17:00:00,POLA
7.33,7.4199,7.33,7.4199,322,2021-07-19 17:05:00,POLA
7.2963,7.384,7.2963,7.384,361,2021-07-19 17:10:00,POLA
7.4,7.4,7.345,7.345,211,2021-07-19 17:15:00,POLA
7.3659,7.3659,7.3659,7.3659,500,2021-07-19 17:20:00,POLA
7.32,7.32,7.23,7.23,1284,2021-07-19 17:25:00,POLA
7.2921,7.2921,7.1785,7.1785,376,2021-07-19 17:30:00,POLA
7.171,7.3,7.171,7.3,2100,2021-07-19 17:35:00,POLA
7.26,7.26,7.26,7.26,200,2021-07-19 17:45:00,POLA
7.27,7.27,7.27,7.27,200,2021-07-19 17:50:00,POLA
7.31,7.31,7.27,7.27,350,2021-07-19 17:55:00,POLA
7.27,7.27,7.27,7.27,500,2021-07-19 18:00:00,POLA
7.28,7.32,7.28,7.28,600,2021-07-19 18:05:00,POLA
7.25,7.29,7.25,7.29,451,2021-07-19 18:10:00,POLA
7.325,7.325,7.325,7.325,100,2021-07-19 18:20:00,POLA
7.32,7.32,7.32,7.32,197,2021-07-19 18:25:00,POLA
7.335,7.4,7.305,7.31,2595,2021-07-19 18:30:00,POLA
7.31,7.31,7.24,7.24,300,2021-07-19 18:35:00,POLA
7.21,7.21,7.21,7.21,500,2021-07-19 18:40:00,POLA
7.24,7.27,7.24,7.27,2263,2021-07-19 18:50:00,POLA
7.29,7.34,7.29,7.34,450,2021-07-19 18:55:00,POLA
7.295,7.295,7.295,7.295,100,2021-07-19 19:00:00,POLA
7.32,7.39,7.32,7.39,2500,2021-07-19 19:05:00,POLA
7.39,7.39,7.3001,7.3001,700,2021-07-19 19:10:00,POLA
7.33,7.33,7.24,7.24,485,2021-07-19 19:15:00,POLA
7.24,7.24,7.24,7.24,100,2021-07-19 19:20:00,POLA
7.3055,7.37,7.29,7.29,655,2021-07-19 19:30:00,POLA
7.24,7.24,7.24,7.24,110,2021-07-19 19:35:00,POLA
7.31,7.311,7.27,7.311,4919,2021-07-19 19:40:00,POLA
7.26,7.33,7.26,7.33,300,2021-07-19 19:45:00,POLA
7.26,7.33,7.24,7.24,2250,2021-07-19 19:50:00,POLA
7.27,7.32,7.25,7.25,3200,2021-07-19 19:55:00,POLA
7.24,7.24,7.24,7.24,11429,2021-07-19 20:00:00,POLA
7.5,7.5,7.5,7.5,100,2021-07-19 20:40:00,POLA
7.25,7.25,7.24,7.24,200,2021-07-20 11:50:00,POLA
7.1083,7.1083,7.1,7.1,240,2021-07-20 12:30:00,POLA
7.35,7.35,7.2315,7.2315,4765,2021-07-20 13:30:00,POLA
7.2,7.2,7.14,7.14,930,2021-07-20 13:35:00,POLA
7.14,7.2004,7.05,7.2004,3771,2021-07-20 13:40:00,POLA
7.0982,7.0982,7.0982,7.0982,100,2021-07-20 13:50:00,POLA
7.13,7.19,7.13,7.19,400,2021-07-20 13:55:00,POLA
7.1056,7.23,7.1056,7.23,2050,2021-07-20 14:00:00,POLA
7.23,7.23,7.17,7.17,200,2021-07-20 14:05:00,POLA
7.2083,7.23,7.18,7.23,1250,2021-07-20 14:10:00,POLA
7.32,7.36,7.31,7.31,4902,2021-07-20 14:15:00,POLA
7.3,7.31,7.27,7.31,1500,2021-07-20 14:20:00,POLA
7.3387,7.3387,7.28,7.31,1700,2021-07-20 14:25:00,POLA
7.33,7.33,7.2276,7.2276,1725,2021-07-20 14:30:00,POLA
7.275,7.3023,7.22,7.3023,1000,2021-07-20 14:35:00,POLA
7.38,7.38,7.26,7.26,373,2021-07-20 14:40:00,POLA
7.31,7.37,7.25,7.37,1694,2021-07-20 14:50:00,POLA
7.335,7.335,7.335,7.335,150,2021-07-20 14:55:00,POLA
7.335,7.335,7.335,7.335,300,2021-07-20 15:00:00,POLA
7.37,7.373,7.3,7.373,1400,2021-07-20 15:05:00,POLA
7.37,7.3866,7.31,7.33,3250,2021-07-20 15:10:00,POLA
7.33,7.33,7.3,7.3,2700,2021-07-20 15:15:00,POLA
7.316,7.325,7.3,7.325,3665,2021-07-20 15:20:00,POLA
7.325,7.325,7.3,7.3,300,2021-07-20 15:25:00,POLA
7.34,7.34,7.34,7.34,185,2021-07-20 15:30:00,POLA
7.325,7.325,7.3,7.325,1900,2021-07-20 15:35:00,POLA
7.34,7.34,7.3042,7.31,772,2021-07-20 15:40:00,POLA
7.31,7.37,7.31,7.365,2779,2021-07-20 15:45:00,POLA
7.36,7.415,7.32,7.32,5230,2021-07-20 15:50:00,POLA
7.375,7.375,7.33,7.34,900,2021-07-20 15:55:00,POLA
7.365,7.38,7.35,7.365,1800,2021-07-20 16:00:00,POLA
7.3331,7.34,7.25,7.28,3612,2021-07-20 16:05:00,POLA
7.27,7.31,7.26,7.29,4205,2021-07-20 16:10:00,POLA
7.29,7.295,7.26,7.275,1400,2021-07-20 16:15:00,POLA
7.295,7.3,7.26,7.28,1300,2021-07-20 16:20:00,POLA
7.29,7.32,7.29,7.305,640,2021-07-20 16:25:00,POLA
7.2762,7.335,7.26,7.335,1075,2021-07-20 16:30:00,POLA
7.36,7.37,7.29,7.33,400,2021-07-20 16:35:00,POLA
7.33,7.39,7.33,7.39,300,2021-07-20 16:40:00,POLA
7.355,7.355,7.33,7.33,320,2021-07-20 16:45:00,POLA
7.35,7.35,7.34,7.34,1144,2021-07-20 16:50:00,POLA
7.31,7.32,7.26,7.3,2407,2021-07-20 16:55:00,POLA
7.285,7.31,7.26,7.26,4700,2021-07-20 17:00:00,POLA
7.265,7.265,7.18,7.18,6911,2021-07-20 17:05:00,POLA
7.18,7.185,7.15,7.15,4155,2021-07-20 17:10:00,POLA
7.175,7.1954,7.15,7.18,1600,2021-07-20 17:15:00,POLA
7.18,7.19,7.18,7.185,1040,2021-07-20 17:20:00,POLA
7.185,7.2,7.17,7.17,1105,2021-07-20 17:25:00,POLA
7.1609,7.18,7.1609,7.18,840,2021-07-20 17:30:00,POLA
7.2,7.21,7.19,7.19,1400,2021-07-20 17:35:00,POLA
7.31,7.319,7.23,7.23,1600,2021-07-20 17:45:00,POLA
7.2999,7.2999,7.2999,7.2999,200,2021-07-20 17:55:00,POLA
7.25,7.25,7.25,7.25,200,2021-07-20 18:00:00,POLA
7.25,7.25,7.23,7.23,1175,2021-07-20 18:05:00,POLA
7.255,7.3284,7.255,7.26,7499,2021-07-20 18:20:00,POLA
7.25,7.37,7.25,7.36,8509,2021-07-20 18:25:00,POLA
7.34,7.46,7.34,7.39,5139,2021-07-20 18:30:00,POLA
7.46,7.49,7.42,7.49,2506,2021-07-20 18:35:00,POLA
7.53,7.55,7.46,7.54,4171,2021-07-20 18:40:00,POLA
7.59,7.61,7.52,7.54,5850,2021-07-20 18:45:00,POLA
7.6,7.65,7.53,7.62,2092,2021-07-20 18:50:00,POLA
7.59,7.74,7.59,7.6018,11547,2021-07-20 18:55:00,POLA
7.585,7.605,7.58,7.605,1701,2021-07-20 19:00:00,POLA
7.605,7.6157,7.55,7.585,2748,2021-07-20 19:05:00,POLA
7.585,7.59,7.56,7.59,600,2021-07-20 19:10:00,POLA
7.605,7.61,7.55,7.605,1950,2021-07-20 19:15:00,POLA
7.605,7.65,7.57,7.625,1800,2021-07-20 19:20:00,POLA
7.645,7.65,7.6,7.6,700,2021-07-20 19:25:00,POLA
7.61,7.7,7.61,7.66,3927,2021-07-20 19:30:00,POLA
7.7,7.7,7.69,7.69,200,2021-07-20 19:35:00,POLA
7.7,7.7,7.61,7.62,4092,2021-07-20 19:40:00,POLA
7.61,7.62,7.59,7.59,1900,2021-07-20 19:50:00,POLA
7.6067,7.6071,7.51,7.55,4509,2021-07-20 19:55:00,POLA
7.51,7.51,7.51,7.51,3899,2021-07-20 20:00:00,POLA
7.5,7.5,7.5,7.5,200,2021-07-20 20:55:00,POLA
7.31,7.31,7.3,7.3,300,2021-07-20 22:55:00,POLA
7.5013,7.5013,7.5,7.5,500,2021-07-21 13:20:00,POLA
7.4035,7.644,7.4,7.58,3842,2021-07-21 13:30:00,POLA
7.62,7.7,7.61,7.7,1261,2021-07-21 13:35:00,POLA
7.62,7.62,7.52,7.62,1900,2021-07-21 13:40:00,POLA
7.7,7.7,7.7,7.7,13627,2021-07-21 13:45:00,POLA
7.7548,7.87,7.75,7.87,1600,2021-07-21 13:50:00,POLA
7.89,7.94,7.79,7.88,5097,2021-07-21 13:55:00,POLA
7.95,7.95,7.86,7.87,2667,2021-07-21 14:00:00,POLA
7.93,7.95,7.8042,7.85,2791,2021-07-21 14:05:00,POLA
7.82,7.825,7.74,7.81,857,2021-07-21 14:10:00,POLA
7.8704,7.9291,7.78,7.82,1780,2021-07-21 14:15:00,POLA
7.845,7.9299,7.845,7.86,1957,2021-07-21 14:20:00,POLA
7.9788,7.98,7.87,7.98,525,2021-07-21 14:25:00,POLA
7.925,7.925,7.82,7.83,2100,2021-07-21 14:30:00,POLA
7.8276,7.895,7.82,7.895,1932,2021-07-21 14:35:00,POLA
7.82,7.9312,7.82,7.9302,1111,2021-07-21 14:40:00,POLA
7.85,7.85,7.76,7.76,1260,2021-07-21 14:45:00,POLA
7.79,7.94,7.79,7.875,1000,2021-07-21 14:50:00,POLA
7.81,7.81,7.81,7.81,100,2021-07-21 14:55:00,POLA
7.81,7.8538,7.75,7.8538,1650,2021-07-21 15:00:00,POLA
7.75,7.82,7.75,7.75,300,2021-07-21 15:05:00,POLA
7.77,7.89,7.76,7.76,2000,2021-07-21 15:10:00,POLA
7.84,7.9,7.84,7.9,300,2021-07-21 15:15:00,POLA
7.77,7.84,7.76,7.76,400,2021-07-21 15:20:00,POLA
7.855,7.94,7.78,7.79,1734,2021-07-21 15:25:00,POLA
7.751,7.81,7.74,7.77,942,2021-07-21 15:30:00,POLA
7.89,7.8999,7.81,7.8999,700,2021-07-21 15:35:00,POLA
7.86,7.86,7.8533,7.8533,427,2021-07-21 15:40:00,POLA
7.77,7.77,7.77,7.77,100,2021-07-21 15:45:00,POLA
7.78,7.78,7.78,7.78,100,2021-07-21 15:50:00,POLA
7.77,7.77,7.77,7.77,800,2021-07-21 15:55:00,POLA
7.85,7.86,7.84,7.86,800,2021-07-21 16:00:00,POLA
7.805,7.805,7.75,7.76,600,2021-07-21 16:05:00,POLA
7.86,7.86,7.86,7.86,100,2021-07-21 16:10:00,POLA
7.78,7.78,7.78,7.78,100,2021-07-21 16:15:00,POLA
7.86,7.92,7.84,7.91,4159,2021-07-21 16:20:00,POLA
7.88,7.8899,7.865,7.875,910,2021-07-21 16:25:00,POLA
7.86,7.86,7.86,7.86,600,2021-07-21 16:30:00,POLA
7.8999,7.8999,7.8999,7.8999,100,2021-07-21 16:35:00,POLA
7.81,7.81,7.8,7.8,1205,2021-07-21 16:40:00,POLA
7.81,7.89,7.81,7.88,400,2021-07-21 16:45:00,POLA
7.83,7.83,7.83,7.83,100,2021-07-21 16:50:00,POLA
7.8,7.83,7.75,7.76,3386,2021-07-21 16:55:00,POLA
7.77,7.82,7.75,7.75,7515,2021-07-21 17:00:00,POLA
7.89,7.89,7.89,7.89,200,2021-07-21 17:10:00,POLA
7.9,7.9,7.76,7.76,200,2021-07-21 17:15:00,POLA
7.7975,7.84,7.7975,7.84,660,2021-07-21 17:20:00,POLA
7.83,7.83,7.83,7.83,135,2021-07-21 17:25:00,POLA
7.83,7.84,7.83,7.84,200,2021-07-21 17:30:00,POLA
7.84,7.84,7.84,7.84,100,2021-07-21 17:35:00,POLA
7.8,7.8,7.8,7.8,100,2021-07-21 17:40:00,POLA
7.7927,7.83,7.79,7.83,1335,2021-07-21 17:45:00,POLA
7.85,7.89,7.85,7.89,1000,2021-07-21 17:50:00,POLA
7.81,7.81,7.81,7.81,100,2021-07-21 17:55:00,POLA
7.77,7.88,7.76,7.88,700,2021-07-21 18:00:00,POLA
7.825,7.825,7.825,7.825,100,2021-07-21 18:05:00,POLA
7.8,7.83,7.75,7.82,940,2021-07-21 18:10:00,POLA
7.76,7.87,7.76,7.87,800,2021-07-21 18:15:00,POLA
7.81,7.84,7.755,7.76,1138,2021-07-21 18:20:00,POLA
7.76,7.84,7.75,7.7501,3507,2021-07-21 18:25:00,POLA
7.83,7.88,7.83,7.88,2510,2021-07-21 18:30:00,POLA
7.87,7.89,7.8534,7.89,868,2021-07-21 18:35:00,POLA
7.92,7.92,7.92,7.92,200,2021-07-21 18:40:00,POLA
7.87,7.91,7.87,7.91,487,2021-07-21 18:45:00,POLA
7.88,7.91,7.88,7.91,1323,2021-07-21 18:55:00,POLA
7.88,7.9155,7.88,7.91,478,2021-07-21 19:00:00,POLA
7.91,7.92,7.91,7.92,368,2021-07-21 19:05:00,POLA
7.94,7.95,7.94,7.95,456,2021-07-21 19:10:00,POLA
7.89,7.9618,7.89,7.92,637,2021-07-21 19:15:00,POLA
7.95,7.97,7.89,7.97,6451,2021-07-21 19:20:00,POLA
7.99,7.99,7.93,7.99,400,2021-07-21 19:25:00,POLA
7.99,7.99,7.9179,7.97,600,2021-07-21 19:30:00,POLA
7.99,8.05,7.983,8.05,13359,2021-07-21 19:35:00,POLA
8.04,8.05,8.04,8.05,900,2021-07-21 19:40:00,POLA
8.05,8.09,7.94,8.03,10703,2021-07-21 19:45:00,POLA
7.92,8.01,7.92,8.01,677,2021-07-21 19:50:00,POLA
8.01,8.01,7.91,8.0,10603,2021-07-21 19:55:00,POLA
7.92,7.92,7.92,7.92,2808,2021-07-21 20:00:00,POLA
8.15,8.15,8.15,8.15,900,2021-07-22 12:35:00,POLA
8.08,8.08,8.08,8.08,132,2021-07-22 13:00:00,POLA
8.08,8.08,8.08,8.08,1540,2021-07-22 13:05:00,POLA
8.09,8.2,8.0882,8.1201,2302,2021-07-22 13:30:00,POLA
8.08,8.0804,8.03,8.03,2153,2021-07-22 13:35:00,POLA
8.0,8.15,8.0,8.14,17084,2021-07-22 13:40:00,POLA
8.0864,8.19,8.055,8.1294,1815,2021-07-22 13:45:00,POLA
8.04,8.0796,7.8501,7.8501,3630,2021-07-22 13:50:00,POLA
7.905,7.9247,7.905,7.9247,350,2021-07-22 13:55:00,POLA
7.945,7.945,7.9,7.9,215,2021-07-22 14:00:00,POLA
7.93,7.93,7.81,7.81,750,2021-07-22 14:05:00,POLA
7.865,7.875,7.82,7.875,619,2021-07-22 14:10:00,POLA
7.865,7.865,7.865,7.865,200,2021-07-22 14:15:00,POLA
7.81,7.81,7.7746,7.7746,975,2021-07-22 14:20:00,POLA
7.77,7.8046,7.71,7.8046,3100,2021-07-22 14:25:00,POLA
7.77,7.77,7.7363,7.7363,492,2021-07-22 14:30:00,POLA
7.75,7.75,7.75,7.75,300,2021-07-22 14:35:00,POLA
7.72,7.72,7.72,7.72,100,2021-07-22 14:45:00,POLA
7.71,7.71,7.66,7.69,3219,2021-07-22 15:05:00,POLA
7.76,7.76,7.7439,7.7439,459,2021-07-22 15:25:00,POLA
7.7034,7.76,7.7034,7.76,1880,2021-07-22 15:30:00,POLA
7.74,7.7401,7.74,7.7401,200,2021-07-22 15:40:00,POLA
7.73,7.73,7.73,7.73,100,2021-07-22 15:45:00,POLA
7.74,7.74,7.74,7.74,200,2021-07-22 15:55:00,POLA
7.74,7.78,7.74,7.78,610,2021-07-22 16:00:00,POLA
7.71,7.74,7.69,7.74,3433,2021-07-22 16:25:00,POLA
7.69,7.69,7.69,7.69,600,2021-07-22 16:30:00,POLA
7.74,7.74,7.74,7.74,100,2021-07-22 16:40:00,POLA
7.747,7.747,7.71,7.73,925,2021-07-22 16:50:00,POLA
7.7501,7.7501,7.7501,7.7501,1000,2021-07-22 16:55:00,POLA
7.75,7.78,7.73,7.78,1050,2021-07-22 17:00:00,POLA
7.7512,7.7512,7.7512,7.7512,1540,2021-07-22 17:05:00,POLA
7.7501,7.765,7.7501,7.7601,2962,2021-07-22 17:10:00,POLA
7.7442,7.7442,7.7442,7.7442,100,2021-07-22 17:20:00,POLA
7.79,7.79,7.79,7.79,2000,2021-07-22 17:30:00,POLA
7.79,7.79,7.79,7.79,200,2021-07-22 17:35:00,POLA
7.75,7.75,7.72,7.72,950,2021-07-22 17:40:00,POLA
7.749,7.749,7.749,7.749,100,2021-07-22 17:45:00,POLA
7.748,7.75,7.748,7.75,300,2021-07-22 17:50:00,POLA
7.75,7.75,7.75,7.75,100,2021-07-22 17:55:00,POLA
7.7401,7.7401,7.74,7.74,523,2021-07-22 18:10:00,POLA
7.75,7.75,7.75,7.75,300,2021-07-22 18:30:00,POLA
7.7462,7.7462,7.7462,7.7462,250,2021-07-22 18:40:00,POLA
7.7101,7.717,7.7101,7.717,817,2021-07-22 19:05:00,POLA
7.77,7.77,7.77,7.77,100,2021-07-22 19:30:00,POLA
7.77,7.77,7.73,7.73,300,2021-07-22 19:35:00,POLA
7.76,7.76,7.76,7.76,100,2021-07-22 19:40:00,POLA
7.72,7.72,7.62,7.62,3524,2021-07-22 19:50:00,POLA
7.63,7.67,7.6,7.62,6303,2021-07-22 19:55:00,POLA
7.6,7.6,7.6,7.6,10779,2021-07-22 20:00:00,POLA
7.61,7.61,7.45,7.45,2771,2021-07-22 20:55:00,POLA
7.27,7.27,7.27,7.27,403,2021-07-22 21:00:00,POLA
7.5,7.5,7.5,7.5,600,2021-07-22 21:15:00,POLA
7.5,7.5,7.5,7.5,200,2021-07-22 21:25:00,POLA
7.59,7.67,7.59,7.655,3367,2021-07-23 13:30:00,POLA
7.69,7.69,7.69,7.69,250,2021-07-23 13:35:00,POLA
7.6,7.6,7.55,7.55,991,2021-07-23 13:40:00,POLA
7.591,7.63,7.5112,7.5112,1600,2021-07-23 13:45:00,POLA
7.51,7.56,7.4,7.56,3652,2021-07-23 13:50:00,POLA
7.45,7.45,7.45,7.45,1000,2021-07-23 13:55:00,POLA
7.45,7.45,7.4,7.4,1300,2021-07-23 14:00:00,POLA
7.49,7.49,7.4,7.4,1200,2021-07-23 14:05:00,POLA
7.35,7.3599,7.26,7.3599,5400,2021-07-23 14:10:00,POLA
7.35,7.37,7.35,7.35,1265,2021-07-23 14:20:00,POLA
7.35,7.35,7.3469,7.3469,220,2021-07-23 14:25:00,POLA
7.37,7.37,7.3601,7.37,1376,2021-07-23 14:30:00,POLA
7.37,7.37,7.3,7.3,5468,2021-07-23 14:35:00,POLA
7.3053,7.3053,7.3053,7.3053,350,2021-07-23 14:45:00,POLA
7.4,7.4,7.32,7.32,305,2021-07-23 14:50:00,POLA
7.33,7.33,7.27,7.29,3010,2021-07-23 14:55:00,POLA
7.2712,7.2712,7.2712,7.2712,100,2021-07-23 15:05:00,POLA
7.35,7.35,7.35,7.35,250,2021-07-23 15:10:00,POLA
7.27,7.27,7.251,7.251,1100,2021-07-23 15:15:00,POLA
7.35,7.35,7.25,7.25,7150,2021-07-23 15:20:00,POLA
7.3023,7.35,7.25,7.3,2433,2021-07-23 15:25:00,POLA
7.25,7.25,7.25,7.25,209,2021-07-23 15:30:00,POLA
7.28,7.28,7.28,7.28,100,2021-07-23 15:35:00,POLA
7.3,7.31,7.29,7.301,630,2021-07-23 15:40:00,POLA
7.3,7.3,7.195,7.2,12408,2021-07-23 15:45:00,POLA
7.2744,7.2744,7.2336,7.25,1050,2021-07-23 15:50:00,POLA
7.255,7.255,7.15,7.15,22238,2021-07-23 15:55:00,POLA
7.2,7.23,7.16,7.2,4223,2021-07-23 16:00:00,POLA
7.16,7.2136,7.16,7.18,400,2021-07-23 16:05:00,POLA
7.225,7.225,7.225,7.225,200,2021-07-23 16:10:00,POLA
7.235,7.2648,7.235,7.2648,250,2021-07-23 16:15:00,POLA
7.22,7.22,7.22,7.22,100,2021-07-23 16:25:00,POLA
7.23,7.23,7.23,7.23,200,2021-07-23 16:50:00,POLA
7.25,7.25,7.22,7.226,900,2021-07-23 16:55:00,POLA
7.28,7.28,7.205,7.279,897,2021-07-23 17:00:00,POLA
7.249,7.249,7.249,7.249,300,2021-07-23 17:05:00,POLA
7.2,7.23,7.17,7.23,600,2021-07-23 17:15:00,POLA
7.22,7.25,7.2,7.21,2100,2021-07-23 17:25:00,POLA
7.2,7.205,7.2,7.205,615,2021-07-23 17:30:00,POLA
7.205,7.205,7.18,7.18,450,2021-07-23 17:40:00,POLA
7.17,7.18,7.17,7.18,200,2021-07-23 17:45:00,POLA
7.2,7.2,7.2,7.2,1000,2021-07-23 17:50:00,POLA
7.2,7.2258,7.2,7.2258,440,2021-07-23 18:00:00,POLA
7.2228,7.2228,7.2228,7.2228,500,2021-07-23 18:10:00,POLA
7.29,7.29,7.29,7.29,100,2021-07-23 18:15:00,POLA
7.29,7.29,7.29,7.29,100,2021-07-23 18:25:00,POLA
7.2301,7.2524,7.23,7.23,378,2021-07-23 18:30:00,POLA
7.23,7.23,7.23,7.23,100,2021-07-23 18:35:00,POLA
7.289,7.29,7.289,7.29,255,2021-07-23 18:40:00,POLA
7.23,7.23,7.23,7.23,100,2021-07-23 18:45:00,POLA
7.2301,7.26,7.2301,7.26,200,2021-07-23 18:50:00,POLA
7.23,7.23,7.23,7.23,400,2021-07-23 18:55:00,POLA
7.29,7.29,7.29,7.29,100,2021-07-23 19:05:00,POLA
7.26,7.26,7.26,7.26,100,2021-07-23 19:10:00,POLA
7.245,7.28,7.245,7.28,1785,2021-07-23 19:20:00,POLA
7.3,7.32,7.26,7.27,3070,2021-07-23 19:25:00,POLA
7.28,7.28,7.28,7.28,100,2021-07-23 19:30:00,POLA
7.2601,7.2601,7.235,7.235,5105,2021-07-23 19:35:00,POLA
7.235,7.2917,7.22,7.22,8022,2021-07-23 19:40:00,POLA
7.2,7.22,7.2,7.22,860,2021-07-23 19:45:00,POLA
7.27,7.27,7.25,7.26,400,2021-07-23 19:50:00,POLA
7.29,7.29,7.27,7.29,1400,2021-07-23 19:55:00,POLA
7.29,7.29,7.29,7.29,1056,2021-07-23 20:00:00,POLA
7.49,7.49,7.49,7.49,184,2021-07-23 22:00:00,POLA
7.49,7.49,7.49,7.49,100,2021-07-23 23:10:00,POLA
7.4,7.4,7.4,7.4,100,2021-07-26 10:35:00,POLA
7.39,7.4,7.39,7.4,300,2021-07-26 11:00:00,POLA
7.49,7.49,7.49,7.49,100,2021-07-26 13:05:00,POLA
7.41,7.43,7.36,7.36,5315,2021-07-26 13:30:00,POLA
7.36,7.36,7.295,7.295,600,2021-07-26 13:35:00,POLA
7.2899,7.2899,7.2297,7.2864,300,2021-07-26 13:40:00,POLA
7.2899,7.2899,7.1676,7.1676,434,2021-07-26 13:45:00,POLA
7.26,7.41,7.26,7.41,3801,2021-07-26 13:50:00,POLA
7.41,7.41,7.41,7.41,200,2021-07-26 13:55:00,POLA
7.45,7.45,7.425,7.425,200,2021-07-26 14:00:00,POLA
7.47,7.47,7.47,7.47,300,2021-07-26 14:10:00,POLA
7.47,7.47,7.47,7.47,100,2021-07-26 14:15:00,POLA
7.436,7.53,7.436,7.52,955,2021-07-26 14:25:00,POLA
7.48,7.48,7.47,7.47,900,2021-07-26 14:30:00,POLA
7.44,7.44,7.44,7.44,100,2021-07-26 14:35:00,POLA
7.385,7.4323,7.385,7.385,750,2021-07-26 14:40:00,POLA
7.375,7.375,7.336,7.34,700,2021-07-26 14:45:00,POLA
7.3999,7.3999,7.3999,7.3999,500,2021-07-26 14:50:00,POLA
7.4,7.46,7.4,7.46,541,2021-07-26 14:55:00,POLA
7.4499,7.4499,7.4499,7.4499,400,2021-07-26 15:00:00,POLA
7.37,7.44,7.37,7.44,912,2021-07-26 15:05:00,POLA
7.38,7.38,7.38,7.38,200,2021-07-26 15:10:00,POLA
7.38,7.44,7.38,7.38,646,2021-07-26 15:15:00,POLA
7.3735,7.3735,7.37,7.37,700,2021-07-26 15:20:00,POLA
7.38,7.38,7.38,7.38,5100,2021-07-26 15:25:00,POLA
7.38,7.38,7.38,7.38,814,2021-07-26 15:30:00,POLA
7.3999,7.3999,7.3999,7.3999,2000,2021-07-26 15:35:00,POLA
7.4,7.4,7.4,7.4,100,2021-07-26 15:45:00,POLA
7.3182,7.3182,7.3182,7.3182,100,2021-07-26 15:50:00,POLA
7.39,7.39,7.39,7.39,100,2021-07-26 15:55:00,POLA
7.3153,7.3153,7.315,7.315,230,2021-07-26 16:10:00,POLA
7.31,7.31,7.25,7.25,824,2021-07-26 16:15:00,POLA
7.25,7.29,7.25,7.25,1240,2021-07-26 16:20:00,POLA
7.255,7.255,7.255,7.255,100,2021-07-26 16:25:00,POLA
7.2666,7.28,7.265,7.265,400,2021-07-26 16:30:00,POLA
7.3,7.3,7.3,7.3,100,2021-07-26 16:35:00,POLA
7.28,7.28,7.18,7.185,4576,2021-07-26 16:40:00,POLA
7.1801,7.1801,7.1801,7.1801,2400,2021-07-26 16:45:00,POLA
7.18,7.2399,7.17,7.17,1500,2021-07-26 17:00:00,POLA
7.23,7.23,7.23,7.23,100,2021-07-26 17:05:00,POLA
7.176,7.176,7.17,7.17,1300,2021-07-26 17:10:00,POLA
7.2239,7.2239,7.2239,7.2239,200,2021-07-26 17:15:00,POLA
7.23,7.23,7.18,7.2295,850,2021-07-26 17:20:00,POLA
7.185,7.29,7.185,7.29,300,2021-07-26 17:25:00,POLA
7.2799,7.2799,7.2799,7.2799,100,2021-07-26 17:30:00,POLA
7.21,7.23,7.21,7.23,200,2021-07-26 17:35:00,POLA
7.27,7.29,7.27,7.29,310,2021-07-26 17:45:00,POLA
7.28,7.28,7.28,7.28,138,2021-07-26 17:50:00,POLA
7.2163,7.2163,7.2163,7.2163,100,2021-07-26 17:55:00,POLA
7.21,7.22,7.21,7.22,400,2021-07-26 18:00:00,POLA
7.261,7.261,7.261,7.261,100,2021-07-26 18:05:00,POLA
7.215,7.215,7.215,7.215,100,2021-07-26 18:10:00,POLA
7.18,7.18,7.18,7.18,242,2021-07-26 18:15:00,POLA
7.25,7.25,7.25,7.25,1000,2021-07-26 18:20:00,POLA
7.205,7.205,7.205,7.205,200,2021-07-26 18:25:00,POLA
7.2915,7.2915,7.2915,7.2915,100,2021-07-26 18:30:00,POLA
7.21,7.21,7.21,7.21,100,2021-07-26 18:40:00,POLA
7.29,7.3144,7.29,7.3144,600,2021-07-26 18:50:00,POLA
7.21,7.21,7.2,7.2,1399,2021-07-26 19:10:00,POLA
7.17,7.17,7.17,7.17,100,2021-07-26 19:15:00,POLA
7.2294,7.2294,7.165,7.165,515,2021-07-26 19:25:00,POLA
7.26,7.26,7.26,7.26,100,2021-07-26 19:35:00,POLA
7.225,7.225,7.19,7.19,550,2021-07-26 19:40:00,POLA
7.268,7.268,7.195,7.195,900,2021-07-26 19:45:00,POLA
7.1978,7.26,7.1978,7.25,2568,2021-07-26 19:50:00,POLA
7.25,7.25,7.21,7.21,2921,2021-07-26 19:55:00,POLA
7.26,7.26,7.26,7.26,577,2021-07-26 20:00:00,POLA
7.28,7.28,7.28,7.28,100,2021-07-26 23:05:00,POLA
7.1,7.1,7.1,7.1,140,2021-07-26 23:35:00,POLA
7.28,7.28,7.28,7.28,100,2021-07-26 23:40:00,POLA
7.11,7.15,7.11,7.15,200,2021-07-27 13:25:00,POLA
7.14,7.175,7.09,7.175,2253,2021-07-27 13:30:00,POLA
7.18,7.18,7.18,7.18,6964,2021-07-27 13:35:00,POLA
7.15,7.15,6.95,7.09,11557,2021-07-27 13:40:00,POLA
6.98,6.98,6.98,6.98,6740,2021-07-27 13:45:00,POLA
6.955,7.0,6.95,6.95,1949,2021-07-27 13:50:00,POLA
6.93,6.93,6.9,6.9157,1911,2021-07-27 13:55:00,POLA
6.91,6.9565,6.88,6.88,1755,2021-07-27 14:00:00,POLA
6.8733,6.8891,6.8,6.8836,4649,2021-07-27 14:05:00,POLA
6.81,6.87,6.8001,6.87,1200,2021-07-27 14:10:00,POLA
6.85,6.9,6.81,6.81,1580,2021-07-27 14:15:00,POLA
6.845,6.94,6.82,6.9,1753,2021-07-27 14:20:00,POLA
6.82,6.8355,6.82,6.8355,3750,2021-07-27 14:25:00,POLA
6.8355,6.85,6.81,6.81,1243,2021-07-27 14:30:00,POLA
6.8,6.81,6.8,6.81,200,2021-07-27 14:35:00,POLA
6.85,6.85,6.7551,6.7551,4945,2021-07-27 14:40:00,POLA
6.759,6.85,6.75,6.81,1500,2021-07-27 14:45:00,POLA
6.848,6.86,6.8,6.8,633,2021-07-27 14:50:00,POLA
6.88,6.88,6.845,6.845,200,2021-07-27 14:55:00,POLA
6.8042,6.9149,6.8,6.8,4178,2021-07-27 15:00:00,POLA
6.91,6.91,6.91,6.91,100,2021-07-27 15:05:00,POLA
6.91,6.91,6.88,6.88,2505,2021-07-27 15:10:00,POLA
6.8,6.8172,6.8,6.8172,351,2021-07-27 15:15:00,POLA
6.79,6.84,6.7775,6.84,800,2021-07-27 15:20:00,POLA
6.77,6.8,6.73,6.75,4347,2021-07-27 15:25:00,POLA
6.74,6.7758,6.72,6.72,1461,2021-07-27 15:30:00,POLA
6.7265,6.7454,6.68,6.6835,2992,2021-07-27 15:35:00,POLA
6.73,6.74,6.67,6.74,1620,2021-07-27 15:40:00,POLA
6.72,6.7873,6.72,6.7873,892,2021-07-27 15:45:00,POLA
6.745,6.745,6.745,6.745,100,2021-07-27 15:50:00,POLA
6.745,6.7885,6.745,6.75,430,2021-07-27 15:55:00,POLA
6.7923,6.7923,6.7,6.79,1300,2021-07-27 16:00:00,POLA
6.79,6.8,6.74,6.74,3110,2021-07-27 16:05:00,POLA
6.81,6.81,6.725,6.725,600,2021-07-27 16:10:00,POLA
6.75,6.75,6.7181,6.74,4718,2021-07-27 16:15:00,POLA
6.74,6.75,6.72,6.74,2998,2021-07-27 16:20:00,POLA
6.72,6.74,6.72,6.73,942,2021-07-27 16:25:00,POLA
6.7,6.7,6.7,6.7,100,2021-07-27 16:30:00,POLA
6.7,6.7,6.66,6.7,2177,2021-07-27 16:40:00,POLA
6.6648,6.6648,6.6648,6.6648,300,2021-07-27 16:45:00,POLA
6.67,6.7305,6.67,6.7,1375,2021-07-27 16:55:00,POLA
6.71,6.71,6.66,6.66,1378,2021-07-27 17:00:00,POLA
6.66,6.6659,6.62,6.6659,1391,2021-07-27 17:05:00,POLA
6.6634,6.6634,6.621,6.621,1535,2021-07-27 17:10:00,POLA
6.63,6.66,6.63,6.64,1561,2021-07-27 17:15:00,POLA
6.658,6.66,6.658,6.66,200,2021-07-27 17:20:00,POLA
6.65,6.6999,6.65,6.6999,200,2021-07-27 17:25:00,POLA
6.6999,6.6999,6.6999,6.6999,500,2021-07-27 17:30:00,POLA
6.7076,6.71,6.655,6.6779,2094,2021-07-27 17:35:00,POLA
6.6455,6.71,6.6455,6.71,1733,2021-07-27 17:40:00,POLA
6.71,6.71,6.71,6.71,400,2021-07-27 17:45:00,POLA
6.71,6.71,6.68,6.68,700,2021-07-27 17:50:00,POLA
6.7067,6.71,6.7067,6.71,876,2021-07-27 17:55:00,POLA
6.71,6.71,6.7,6.7,1565,2021-07-27 18:00:00,POLA
6.7,6.7,6.7,6.7,100,2021-07-27 18:05:00,POLA
6.6501,6.7042,6.6501,6.7042,205,2021-07-27 18:10:00,POLA
6.71,6.72,6.71,6.72,1244,2021-07-27 18:15:00,POLA
6.72,6.77,6.72,6.74,965,2021-07-27 18:20:00,POLA
6.74,6.77,6.74,6.77,404,2021-07-27 18:25:00,POLA
6.77,6.77,6.76,6.77,1065,2021-07-27 18:30:00,POLA
6.77,6.77,6.77,6.77,100,2021-07-27 18:35:00,POLA
6.808,6.89,6.808,6.86,2480,2021-07-27 18:45:00,POLA
6.875,6.93,6.8516,6.905,1669,2021-07-27 18:50:00,POLA
6.96,6.97,6.92,6.92,936,2021-07-27 19:00:00,POLA
6.92,6.921,6.92,6.921,300,2021-07-27 19:05:00,POLA
6.92,6.92,6.8012,6.8012,1200,2021-07-27 19:10:00,POLA
6.8513,6.8513,6.8513,6.8513,300,2021-07-27 19:15:00,POLA
6.87,6.87,6.845,6.845,449,2021-07-27 19:20:00,POLA
6.81,6.89,6.8,6.88,800,2021-07-27 19:25:00,POLA
6.8768,6.8768,6.845,6.845,725,2021-07-27 19:30:00,POLA
6.81,6.82,6.8,6.82,600,2021-07-27 19:40:00,POLA
6.82,6.82,6.82,6.82,100,2021-07-27 19:45:00,POLA
6.8344,6.87,6.8001,6.84,2333,2021-07-27 19:50:00,POLA
6.85,6.9,6.83,6.89,4354,2021-07-27 19:55:00,POLA
6.87,6.87,6.87,6.87,1163,2021-07-27 20:00:00,POLA
6.67,6.67,6.67,6.67,500,2021-07-27 20:05:00,POLA
6.67,6.67,6.67,6.67,100,2021-07-27 20:10:00,POLA
6.56,6.57,6.55,6.56,2316,2021-07-27 20:15:00,POLA
6.8,6.8,6.8,6.8,100,2021-07-27 20:20:00,POLA
6.8,6.8,6.8,6.8,100,2021-07-27 20:30:00,POLA
6.79,6.8,6.79,6.8,225,2021-07-27 21:05:00,POLA
6.65,6.65,6.65,6.65,140,2021-07-28 09:30:00,POLA
6.78,6.78,6.78,6.78,200,2021-07-28 12:00:00,POLA
6.78,6.78,6.78,6.78,300,2021-07-28 13:05:00,POLA
6.71,6.84,6.65,6.84,7344,2021-07-28 13:30:00,POLA
6.95,7.08,6.95,7.08,14993,2021-07-28 13:35:00,POLA
6.97,6.97,6.92,6.92,950,2021-07-28 13:40:00,POLA
6.97,7.0699,6.97,7.0699,1325,2021-07-28 13:45:00,POLA
7.0151,7.0924,6.93,7.0924,2580,2021-07-28 13:50:00,POLA
7.0499,7.0499,6.9301,7.04,811,2021-07-28 13:55:00,POLA
7.05,7.08,7.012,7.05,1922,2021-07-28 14:00:00,POLA
7.049,7.06,7.0,7.0,1247,2021-07-28 14:05:00,POLA
6.93,6.93,6.93,6.93,300,2021-07-28 14:10:00,POLA
6.9903,6.9903,6.9903,6.9903,147,2021-07-28 14:15:00,POLA
7.0,7.0,7.0,7.0,100,2021-07-28 14:20:00,POLA
6.94,6.94,6.94,6.94,284,2021-07-28 14:25:00,POLA
6.9812,6.9812,6.85,6.8687,1030,2021-07-28 14:30:00,POLA
6.85,6.85,6.85,6.85,100,2021-07-28 14:35:00,POLA
6.86,6.86,6.86,6.86,798,2021-07-28 14:40:00,POLA
6.87,7.03,6.87,7.03,700,2021-07-28 14:55:00,POLA
6.975,7.05,6.975,7.0,8415,2021-07-28 15:00:00,POLA
7.05,7.22,7.05,7.1247,25732,2021-07-28 15:15:00,POLA
7.12,7.12,7.0515,7.0601,1225,2021-07-28 15:20:00,POLA
7.1178,7.2,7.11,7.12,1437,2021-07-28 15:25:00,POLA
7.1,7.1199,7.06,7.1199,1200,2021-07-28 15:30:00,POLA
7.12,7.12,7.02,7.0301,500,2021-07-28 15:35:00,POLA
7.12,7.15,7.0984,7.15,1009,2021-07-28 15:40:00,POLA
7.1001,7.1001,7.0901,7.0901,1100,2021-07-28 15:45:00,POLA
7.11,7.11,7.11,7.11,100,2021-07-28 16:05:00,POLA
7.1,7.18,7.1,7.1799,600,2021-07-28 16:10:00,POLA
7.146,7.1744,7.1001,7.1744,1400,2021-07-28 16:15:00,POLA
7.16,7.17,7.1394,7.1394,300,2021-07-28 16:20:00,POLA
7.13,7.14,7.13,7.14,600,2021-07-28 16:25:00,POLA
7.14,7.14,7.14,7.14,100,2021-07-28 16:30:00,POLA
7.14,7.14,7.13,7.13,1102,2021-07-28 16:35:00,POLA
7.12,7.15,7.1,7.1,1920,2021-07-28 16:50:00,POLA
7.07,7.0895,7.07,7.0895,2680,2021-07-28 16:55:00,POLA
7.13,7.13,7.13,7.13,100,2021-07-28 17:00:00,POLA
7.125,7.127,7.11,7.127,1110,2021-07-28 17:05:00,POLA
7.1,7.1,7.1,7.1,9771,2021-07-28 17:10:00,POLA
7.1369,7.1369,7.1369,7.1369,300,2021-07-28 17:25:00,POLA
7.13,7.13,7.08,7.087,2552,2021-07-28 17:30:00,POLA
7.08,7.081,7.08,7.081,400,2021-07-28 17:35:00,POLA
7.08,7.08,7.08,7.08,4991,2021-07-28 18:00:00,POLA
7.08,7.08,7.08,7.08,100,2021-07-28 18:05:00,POLA
7.05,7.12,7.05,7.05,3832,2021-07-28 18:10:00,POLA
7.12,7.12,7.12,7.12,250,2021-07-28 18:30:00,POLA
7.0936,7.12,7.0936,7.12,1000,2021-07-28 18:35:00,POLA
7.15,7.15,7.15,7.15,100,2021-07-28 18:40:00,POLA
7.15,7.15,7.1413,7.1413,1758,2021-07-28 18:45:00,POLA
7.19,7.2,7.17,7.17,3907,2021-07-28 18:50:00,POLA
7.14,7.14,7.14,7.14,1500,2021-07-28 18:55:00,POLA
7.19,7.22,7.1895,7.1895,2000,2021-07-28 19:00:00,POLA
7.1569,7.21,7.1569,7.21,350,2021-07-28 19:05:00,POLA
7.2393,7.2393,7.2,7.22,1512,2021-07-28 19:20:00,POLA
7.22,7.28,7.22,7.28,3140,2021-07-28 19:25:00,POLA
7.2833,7.29,7.27,7.27,2000,2021-07-28 19:35:00,POLA
7.29,7.29,7.17,7.25,2100,2021-07-28 19:40:00,POLA
7.26,7.26,7.245,7.245,300,2021-07-28 19:45:00,POLA
7.25,7.25,7.21,7.2167,700,2021-07-28 19:50:00,POLA
7.25,7.25,7.22,7.24,2404,2021-07-28 19:55:00,POLA
7.24,7.24,7.24,7.24,1067,2021-07-28 20:00:00,POLA
7.24,7.24,7.24,7.24,100,2021-07-28 20:35:00,POLA
7.24,7.24,7.24,7.24,400,2021-07-28 21:00:00,POLA
7.23,7.23,7.23,7.23,100,2021-07-28 21:15:00,POLA
7.2,7.2,7.2,7.2,100,2021-07-28 22:45:00,POLA
7.2,7.2,7.2,7.2,100,2021-07-29 11:00:00,POLA
7.1291,7.1291,7.1291,7.1291,100,2021-07-29 12:35:00,POLA
7.36,7.36,7.36,7.36,1141,2021-07-29 13:30:00,POLA
7.26,7.2857,7.2064,7.2857,1861,2021-07-29 13:40:00,POLA
7.21,7.21,7.134,7.134,1587,2021-07-29 13:45:00,POLA
7.13,7.13,7.1158,7.1158,1039,2021-07-29 13:55:00,POLA
7.11,7.11,7.1,7.1,591,2021-07-29 14:00:00,POLA
7.11,7.11,7.1,7.1,473,2021-07-29 14:05:00,POLA
7.105,7.105,7.05,7.0519,1959,2021-07-29 14:10:00,POLA
7.0616,7.12,7.0616,7.12,1340,2021-07-29 14:15:00,POLA
7.12,7.12,7.12,7.12,1100,2021-07-29 14:20:00,POLA
7.1542,7.1599,7.11,7.1599,950,2021-07-29 14:30:00,POLA
7.1599,7.1599,7.1599,7.1599,100,2021-07-29 14:35:00,POLA
7.114,7.114,7.11,7.11,927,2021-07-29 14:40:00,POLA
7.1538,7.16,7.1538,7.16,300,2021-07-29 14:45:00,POLA
7.2336,7.2336,7.2336,7.2336,100,2021-07-29 14:50:00,POLA
7.15,7.19,7.15,7.19,759,2021-07-29 14:55:00,POLA
7.1727,7.23,7.1727,7.23,200,2021-07-29 15:00:00,POLA
7.19,7.2212,7.19,7.2212,200,2021-07-29 15:05:00,POLA
7.19,7.2146,7.19,7.2146,622,2021-07-29 15:15:00,POLA
7.13,7.13,7.13,7.13,200,2021-07-29 15:20:00,POLA
7.21,7.21,7.17,7.17,337,2021-07-29 15:25:00,POLA
7.22,7.22,7.22,7.22,300,2021-07-29 15:30:00,POLA
7.1838,7.1838,7.1838,7.1838,700,2021-07-29 15:35:00,POLA
7.23,7.23,7.23,7.23,1000,2021-07-29 15:45:00,POLA
7.2075,7.2075,7.2,7.2,438,2021-07-29 15:50:00,POLA
7.19,7.21,7.19,7.21,500,2021-07-29 15:55:00,POLA
7.23,7.23,7.21,7.21,205,2021-07-29 16:00:00,POLA
7.2446,7.2446,7.2446,7.2446,125,2021-07-29 16:05:00,POLA
7.1902,7.1902,7.1902,7.1902,1300,2021-07-29 16:15:00,POLA
7.215,7.215,7.215,7.215,500,2021-07-29 16:20:00,POLA
7.23,7.23,7.23,7.23,180,2021-07-29 16:40:00,POLA
7.205,7.219,7.19,7.19,2912,2021-07-29 16:45:00,POLA
7.19,7.19,7.19,7.19,200,2021-07-29 16:50:00,POLA
7.22,7.25,7.22,7.25,1116,2021-07-29 16:55:00,POLA
7.26,7.26,7.26,7.26,200,2021-07-29 17:00:00,POLA
7.27,7.27,7.27,7.27,550,2021-07-29 17:05:00,POLA
7.27,7.2957,7.27,7.2957,650,2021-07-29 17:15:00,POLA
7.28,7.28,7.28,7.28,100,2021-07-29 17:20:00,POLA
7.2001,7.32,7.2001,7.2799,884,2021-07-29 17:25:00,POLA
7.21,7.23,7.21,7.23,600,2021-07-29 17:40:00,POLA
7.22,7.22,7.22,7.22,100,2021-07-29 17:50:00,POLA
7.1988,7.1988,7.1988,7.1988,700,2021-07-29 18:00:00,POLA
7.19,7.19,7.12,7.12,1269,2021-07-29 18:05:00,POLA
7.15,7.15,7.15,7.15,350,2021-07-29 18:10:00,POLA
7.14,7.14,7.14,7.14,422,2021-07-29 18:15:00,POLA
7.12,7.12,7.04,7.05,2530,2021-07-29 18:40:00,POLA
7.05,7.07,7.04,7.07,300,2021-07-29 18:45:00,POLA
7.0467,7.0467,7.0467,7.0467,100,2021-07-29 19:00:00,POLA
7.0705,7.0705,7.04,7.04,1200,2021-07-29 19:10:00,POLA
7.04,7.04,7.01,7.01,900,2021-07-29 19:15:00,POLA
7.0221,7.0221,7.0221,7.0221,700,2021-07-29 19:20:00,POLA
7.0,7.025,7.0,7.02,6634,2021-07-29 19:30:00,POLA
7.0377,7.06,7.02,7.06,2470,2021-07-29 19:35:00,POLA
7.06,7.06,7.02,7.03,1750,2021-07-29 19:40:00,POLA
7.0201,7.05,7.0,7.025,10270,2021-07-29 19:45:00,POLA
7.025,7.04,7.0,7.02,1400,2021-07-29 19:50:00,POLA
7.02,7.02,6.955,6.99,9125,2021-07-29 19:55:00,POLA
6.95,6.95,6.95,6.95,2107,2021-07-29 20:00:00,POLA
6.82,6.82,6.82,6.82,241,2021-07-30 13:15:00,POLA
6.9,6.9,6.9,6.9,5000,2021-07-30 13:20:00,POLA
6.87,6.8858,6.81,6.8858,3091,2021-07-30 13:30:00,POLA
6.8584,6.8584,6.85,6.85,1300,2021-07-30 13:35:00,POLA
6.85,6.85,6.81,6.8122,2009,2021-07-30 13:40:00,POLA
6.9,6.915,6.8965,6.915,1198,2021-07-30 13:45:00,POLA
6.9443,6.9445,6.92,6.9445,444,2021-07-30 13:50:00,POLA
6.94,7.04,6.94,7.01,3515,2021-07-30 13:55:00,POLA
6.948,7.0,6.9401,6.9401,3200,2021-07-30 14:00:00,POLA
6.99,6.99,6.95,6.99,2210,2021-07-30 14:05:00,POLA
6.99,7.06,6.99,7.06,8261,2021-07-30 14:10:00,POLA
7.0529,7.15,7.0001,7.01,11373,2021-07-30 14:15:00,POLA
7.01,7.12,7.0,7.12,2148,2021-07-30 14:20:00,POLA
7.154,7.35,7.13,7.32,6768,2021-07-30 14:25:00,POLA
7.33,7.35,7.1801,7.26,5165,2021-07-30 14:30:00,POLA
7.3699,7.3699,7.2707,7.3195,17971,2021-07-30 14:35:00,POLA
7.3188,7.4,7.31,7.33,3844,2021-07-30 14:40:00,POLA
7.303,7.303,7.18,7.18,7195,2021-07-30 14:45:00,POLA
7.1825,7.24,7.1825,7.24,1966,2021-07-30 14:55:00,POLA
7.236,7.236,7.236,7.236,500,2021-07-30 15:05:00,POLA
7.2529,7.28,7.235,7.235,1700,2021-07-30 15:10:00,POLA
7.22,7.23,7.18,7.23,3585,2021-07-30 15:15:00,POLA
7.18,7.18,7.1361,7.1361,1405,2021-07-30 15:20:00,POLA
7.21,7.21,7.21,7.21,100,2021-07-30 15:25:00,POLA
7.22,7.23,7.22,7.23,1216,2021-07-30 15:30:00,POLA
7.18,7.18,7.18,7.18,400,2021-07-30 15:35:00,POLA
7.12,7.12,7.12,7.12,100,2021-07-30 15:40:00,POLA
7.18,7.18,7.18,7.18,115,2021-07-30 15:45:00,POLA
7.21,7.21,7.21,7.21,100,2021-07-30 15:50:00,POLA
7.2169,7.3,7.2169,7.29,898,2021-07-30 16:00:00,POLA
7.3,7.33,7.2647,7.3,902,2021-07-30 16:05:00,POLA
7.33,7.33,7.26,7.274,1000,2021-07-30 16:10:00,POLA
7.2,7.2091,7.2,7.2091,200,2021-07-30 16:15:00,POLA
7.19,7.2999,7.19,7.2909,812,2021-07-30 16:20:00,POLA
7.2909,7.2909,7.2909,7.2909,100,2021-07-30 16:25:00,POLA
7.19,7.19,7.19,7.19,182,2021-07-30 16:30:00,POLA
7.2779,7.2779,7.27,7.27,650,2021-07-30 16:35:00,POLA
7.3,7.3,7.3,7.3,1311,2021-07-30 16:40:00,POLA
7.3,7.3,7.2708,7.3,1800,2021-07-30 16:45:00,POLA
7.2859,7.2899,7.255,7.255,725,2021-07-30 16:55:00,POLA
7.2601,7.2601,7.22,7.22,1409,2021-07-30 17:00:00,POLA
7.2384,7.24,7.2384,7.24,1400,2021-07-30 17:05:00,POLA
7.25,7.25,7.24,7.24,950,2021-07-30 17:10:00,POLA
7.22,7.22,7.22,7.22,200,2021-07-30 17:15:00,POLA
7.24,7.25,7.24,7.25,532,2021-07-30 17:25:00,POLA
7.2201,7.2201,7.2201,7.2201,250,2021-07-30 17:40:00,POLA
7.2226,7.2226,7.2226,7.2226,550,2021-07-30 17:50:00,POLA
7.2201,7.2347,7.2201,7.2347,1300,2021-07-30 18:00:00,POLA
7.22,7.22,7.18,7.22,1266,2021-07-30 18:05:00,POLA
7.2,7.21,7.2,7.21,447,2021-07-30 18:20:00,POLA
7.2049,7.21,7.18,7.18,2958,2021-07-30 18:30:00,POLA
7.1567,7.1567,7.09,7.09,2304,2021-07-30 18:35:00,POLA
7.1048,7.18,7.1048,7.12,775,2021-07-30 18:40:00,POLA
7.135,7.17,7.12,7.12,833,2021-07-30 18:45:00,POLA
7.17,7.1953,7.17,7.1953,395,2021-07-30 18:50:00,POLA
7.1245,7.1245,7.1245,7.1245,255,2021-07-30 19:10:00,POLA
7.2,7.2,7.2,7.2,126,2021-07-30 19:25:00,POLA
7.15,7.2155,7.09,7.09,1158,2021-07-30 19:30:00,POLA
7.104,7.104,7.1,7.1,760,2021-07-30 19:40:00,POLA
7.1181,7.14,7.1181,7.14,2028,2021-07-30 19:50:00,POLA
7.16,7.18,7.15,7.18,1200,2021-07-30 19:55:00,POLA
7.2,7.2,7.2,7.2,1474,2021-07-30 20:00:00,POLA
7.12,7.12,7.12,7.12,1000,2021-07-30 20:55:00,POLA
7.11,7.11,7.11,7.11,204,2021-07-30 21:40:00,POLA
7.22,7.22,7.22,7.22,1100,2021-08-02 11:55:00,POLA
7.3,7.3,7.3,7.3,100,2021-08-02 12:55:00,POLA
7.29,7.29,7.29,7.29,100,2021-08-02 13:20:00,POLA
7.29,7.34,7.29,7.3,3812,2021-08-02 13:30:00,POLA
7.3,7.41,7.3,7.41,1765,2021-08-02 13:35:00,POLA
7.408,7.408,7.22,7.275,3096,2021-08-02 13:40:00,POLA
7.28,7.29,7.2401,7.2725,1400,2021-08-02 13:45:00,POLA
7.288,7.288,7.2,7.2,1600,2021-08-02 13:50:00,POLA
7.21,7.21,7.21,7.21,140,2021-08-02 13:55:00,POLA
7.34,7.35,7.3201,7.3201,1150,2021-08-02 14:00:00,POLA
7.31,7.31,7.31,7.31,200,2021-08-02 14:05:00,POLA
7.2479,7.285,7.2479,7.285,300,2021-08-02 14:15:00,POLA
7.25,7.25,7.2085,7.22,3274,2021-08-02 14:20:00,POLA
7.21,7.2365,7.2,7.2,920,2021-08-02 14:25:00,POLA
7.19,7.19,7.19,7.19,1718,2021-08-02 14:30:00,POLA
7.18,7.29,7.18,7.29,1888,2021-08-02 14:35:00,POLA
7.28,7.28,7.28,7.28,976,2021-08-02 14:40:00,POLA
7.1894,7.1894,7.1894,7.1894,500,2021-08-02 14:50:00,POLA
7.24,7.34,7.24,7.34,240,2021-08-02 14:55:00,POLA
7.29,7.2917,7.29,7.2917,200,2021-08-02 15:00:00,POLA
7.29,7.29,7.21,7.21,200,2021-08-02 15:05:00,POLA
7.2066,7.28,7.2066,7.28,350,2021-08-02 15:10:00,POLA
7.19,7.19,7.18,7.18,500,2021-08-02 15:20:00,POLA
7.19,7.2,7.18,7.2,438,2021-08-02 15:25:00,POLA
7.14,7.14,7.14,7.14,200,2021-08-02 15:30:00,POLA
7.195,7.24,7.195,7.195,1044,2021-08-02 15:35:00,POLA
7.16,7.16,7.15,7.15,200,2021-08-02 15:40:00,POLA
7.16,7.16,7.11,7.11,829,2021-08-02 16:05:00,POLA
7.1,7.1,7.08,7.08,200,2021-08-02 16:10:00,POLA
7.07,7.08,7.07,7.08,200,2021-08-02 16:15:00,POLA
7.08,7.1,7.08,7.1,200,2021-08-02 16:20:00,POLA
7.07,7.07,7.07,7.07,200,2021-08-02 16:25:00,POLA
7.05,7.1199,7.03,7.0359,9310,2021-08-02 16:30:00,POLA
7.075,7.0892,7.01,7.02,1251,2021-08-02 16:35:00,POLA
7.02,7.02,6.95,6.95,1400,2021-08-02 16:40:00,POLA
6.95,7.015,6.95,7.015,2724,2021-08-02 16:45:00,POLA
6.9708,7.04,6.9708,7.04,1394,2021-08-02 16:50:00,POLA
7.01,7.0999,7.01,7.0999,2166,2021-08-02 16:55:00,POLA
7.02,7.02,7.01,7.01,200,2021-08-02 17:00:00,POLA
7.08,7.08,7.03,7.03,200,2021-08-02 17:05:00,POLA
7.02,7.1,7.02,7.1,1500,2021-08-02 17:10:00,POLA
7.1,7.14,7.1,7.14,800,2021-08-02 17:15:00,POLA
7.1,7.1,7.05,7.057,1100,2021-08-02 17:20:00,POLA
7.0578,7.11,7.0578,7.11,438,2021-08-02 17:25:00,POLA
7.1,7.1,7.1,7.1,200,2021-08-02 17:30:00,POLA
7.11,7.15,7.11,7.15,600,2021-08-02 17:35:00,POLA
7.16,7.17,7.15,7.17,700,2021-08-02 17:45:00,POLA
7.12,7.12,7.12,7.12,695,2021-08-02 17:55:00,POLA
7.18,7.18,7.18,7.18,100,2021-08-02 18:05:00,POLA
7.215,7.215,7.215,7.215,222,2021-08-02 18:10:00,POLA
7.21,7.21,7.21,7.21,100,2021-08-02 18:15:00,POLA
7.22,7.22,7.22,7.22,652,2021-08-02 18:20:00,POLA
7.13,7.13,7.12,7.12,600,2021-08-02 18:25:00,POLA
7.22,7.22,7.22,7.22,100,2021-08-02 18:35:00,POLA
7.22,7.22,7.22,7.22,142,2021-08-02 18:40:00,POLA
7.2393,7.24,7.2393,7.24,1100,2021-08-02 18:50:00,POLA
7.24,7.24,7.22,7.22,400,2021-08-02 18:55:00,POLA
7.21,7.24,7.21,7.2241,5268,2021-08-02 19:00:00,POLA
7.2,7.21,7.2,7.2,510,2021-08-02 19:15:00,POLA
7.19,7.2,7.19,7.2,618,2021-08-02 19:20:00,POLA
7.19,7.19,7.12,7.12,1576,2021-08-02 19:25:00,POLA
7.12,7.12,7.06,7.08,867,2021-08-02 19:40:00,POLA
7.06,7.08,7.06,7.06,300,2021-08-02 19:45:00,POLA
7.06,7.06,7.03,7.04,1795,2021-08-02 19:50:00,POLA
7.05,7.12,7.04,7.12,1549,2021-08-02 19:55:00,POLA
7.05,7.05,7.01,7.01,1774,2021-08-02 20:00:00,POLA
7.05,7.05,7.05,7.05,100,2021-08-03 08:20:00,POLA
7.06,7.06,7.06,7.06,249,2021-08-03 13:00:00,POLA
7.01,7.07,7.01,7.07,2097,2021-08-03 13:30:00,POLA
7.0,7.0,6.93,6.93,1255,2021-08-03 13:35:00,POLA
7.0628,7.0628,6.96,6.962,1702,2021-08-03 13:40:00,POLA
7.0,7.0,6.91,6.91,6615,2021-08-03 13:45:00,POLA
6.91,6.91,6.8,6.812,2288,2021-08-03 13:50:00,POLA
6.8523,6.8523,6.81,6.83,2632,2021-08-03 13:55:00,POLA
6.8872,6.96,6.88,6.95,2923,2021-08-03 14:00:00,POLA
6.92,6.9495,6.8286,6.9495,450,2021-08-03 14:05:00,POLA
6.86,6.86,6.8,6.8,850,2021-08-03 14:10:00,POLA
6.8442,6.9,6.8442,6.9,205,2021-08-03 14:15:00,POLA
6.9058,6.91,6.9058,6.91,400,2021-08-03 14:20:00,POLA
6.87,6.91,6.87,6.91,300,2021-08-03 14:25:00,POLA
6.83,6.8484,6.83,6.8484,588,2021-08-03 14:30:00,POLA
6.87,6.8758,6.8433,6.8433,715,2021-08-03 14:35:00,POLA
6.88,6.888,6.88,6.888,600,2021-08-03 14:40:00,POLA
6.88,6.9148,6.88,6.9148,600,2021-08-03 14:45:00,POLA
6.89,6.89,6.85,6.85,880,2021-08-03 14:50:00,POLA
6.8896,6.8896,6.8896,6.8896,150,2021-08-03 14:55:00,POLA
6.89,6.89,6.89,6.89,200,2021-08-03 15:00:00,POLA
6.89,6.89,6.89,6.89,100,2021-08-03 15:05:00,POLA
6.88,6.89,6.85,6.8515,2100,2021-08-03 15:10:00,POLA
6.875,6.8774,6.875,6.8774,200,2021-08-03 15:20:00,POLA
6.89,6.89,6.8689,6.8689,300,2021-08-03 15:25:00,POLA
6.9,6.925,6.9,6.925,600,2021-08-03 15:30:00,POLA
6.8942,6.8942,6.8942,6.8942,300,2021-08-03 15:40:00,POLA
6.95,6.99,6.95,6.98,1100,2021-08-03 15:50:00,POLA
6.9239,6.95,6.9239,6.95,604,2021-08-03 15:55:00,POLA
6.99,6.99,6.99,6.99,200,2021-08-03 16:15:00,POLA
6.99,6.99,6.99,6.99,250,2021-08-03 16:30:00,POLA
6.9201,6.9201,6.9201,6.9201,1000,2021-08-03 16:45:00,POLA
6.9252,6.95,6.9252,6.9432,300,2021-08-03 16:50:00,POLA
6.99,6.99,6.99,6.99,852,2021-08-03 17:10:00,POLA
6.97,6.97,6.95,6.95,350,2021-08-03 17:15:00,POLA
6.92,6.92,6.92,6.92,108,2021-08-03 17:20:00,POLA
6.95,6.95,6.95,6.95,600,2021-08-03 17:30:00,POLA
6.95,6.95,6.95,6.95,147,2021-08-03 17:35:00,POLA
6.93,6.93,6.93,6.93,200,2021-08-03 17:40:00,POLA
6.9301,6.94,6.9301,6.94,2661,2021-08-03 17:45:00,POLA
6.9001,6.9001,6.9001,6.9001,115,2021-08-03 17:50:00,POLA
6.92,6.9373,6.9,6.9,1538,2021-08-03 18:00:00,POLA
6.885,6.9,6.87,6.889,440,2021-08-03 18:05:00,POLA
6.87,6.91,6.87,6.91,1035,2021-08-03 18:10:00,POLA
6.94,6.94,6.94,6.94,200,2021-08-03 18:15:00,POLA
6.93,6.99,6.93,6.99,591,2021-08-03 18:20:00,POLA
6.94,6.95,6.94,6.95,200,2021-08-03 18:30:00,POLA
6.95,6.95,6.95,6.95,100,2021-08-03 18:35:00,POLA
6.96,6.96,6.96,6.96,200,2021-08-03 18:40:00,POLA
7.06,7.06,7.0,7.0,2445,2021-08-03 18:45:00,POLA
7.0264,7.0264,7.0264,7.0264,750,2021-08-03 19:00:00,POLA
7.01,7.01,7.01,7.01,300,2021-08-03 19:05:00,POLA
6.9638,6.9638,6.9638,6.9638,500,2021-08-03 19:25:00,POLA
6.96,6.99,6.95,6.99,2579,2021-08-03 19:35:00,POLA
6.92,6.98,6.92,6.98,1020,2021-08-03 19:40:00,POLA
6.975,6.975,6.91,6.96,1857,2021-08-03 19:45:00,POLA
6.92,6.93,6.92,6.9229,700,2021-08-03 19:50:00,POLA
6.96,6.96,6.92,6.93,4513,2021-08-03 19:55:00,POLA
6.96,6.96,6.96,6.96,1518,2021-08-03 20:00:00,POLA
6.85,6.85,6.85,6.85,308,2021-08-03 23:45:00,POLA
6.97,6.98,6.97,6.98,400,2021-08-04 08:00:00,POLA
6.97,6.97,6.97,6.97,1300,2021-08-04 10:50:00,POLA
6.97,6.97,6.97,6.97,465,2021-08-04 12:50:00,POLA
6.97,7.02,6.97,6.98,4244,2021-08-04 13:30:00,POLA
6.98,7.04,6.98,7.0234,2250,2021-08-04 13:35:00,POLA
7.03,7.05,6.9301,6.9301,1500,2021-08-04 13:40:00,POLA
7.01,7.03,6.92,6.9601,1370,2021-08-04 13:45:00,POLA
6.97,6.9969,6.95,6.95,350,2021-08-04 13:50:00,POLA
6.96,6.96,6.9,6.934,3199,2021-08-04 13:55:00,POLA
6.95,6.95,6.898,6.898,557,2021-08-04 14:00:00,POLA
6.9678,6.9678,6.9678,6.9678,200,2021-08-04 14:05:00,POLA
7.03,7.03,7.03,7.03,100,2021-08-04 14:10:00,POLA
6.99,7.01,6.99,7.01,200,2021-08-04 14:15:00,POLA
7.03,7.03,7.0,7.0,2285,2021-08-04 14:30:00,POLA
6.91,7.0,6.91,7.0,672,2021-08-04 14:35:00,POLA
6.9,6.9,6.9,6.9,100,2021-08-04 14:40:00,POLA
6.99,7.0,6.99,7.0,700,2021-08-04 14:45:00,POLA
7.0782,7.0782,7.0782,7.0782,800,2021-08-04 14:55:00,POLA
7.0038,7.1,7.0038,7.1,858,2021-08-04 15:00:00,POLA
7.09,7.09,7.09,7.09,100,2021-08-04 15:05:00,POLA
7.1,7.1,7.094,7.1,365,2021-08-04 15:15:00,POLA
7.038,7.079,7.038,7.055,600,2021-08-04 15:20:00,POLA
7.05,7.06,7.05,7.06,300,2021-08-04 15:25:00,POLA
7.055,7.055,7.01,7.0448,400,2021-08-04 15:30:00,POLA
7.01,7.03,6.98,6.98,2380,2021-08-04 15:35:00,POLA
6.97,6.975,6.97,6.975,400,2021-08-04 15:50:00,POLA
6.9301,6.9301,6.9301,6.9301,200,2021-08-04 16:05:00,POLA
7.0,7.0,7.0,7.0,143,2021-08-04 16:10:00,POLA
7.0,7.0,6.9274,6.9274,500,2021-08-04 16:15:00,POLA
6.9943,6.9943,6.9943,6.9943,360,2021-08-04 16:20:00,POLA
6.99,6.99,6.99,6.99,100,2021-08-04 16:25:00,POLA
6.95,6.98,6.95,6.98,1538,2021-08-04 16:40:00,POLA
6.98,6.99,6.9565,6.9788,537,2021-08-04 16:45:00,POLA
6.96,6.96,6.931,6.931,1663,2021-08-04 16:50:00,POLA
6.9704,6.9704,6.9704,6.9704,100,2021-08-04 17:00:00,POLA
6.95,6.95,6.95,6.95,100,2021-08-04 17:05:00,POLA
6.9382,6.9382,6.9382,6.9382,100,2021-08-04 17:15:00,POLA
6.91,6.91,6.91,6.91,245,2021-08-04 17:20:00,POLA
6.95,6.95,6.95,6.95,100,2021-08-04 17:25:00,POLA
6.95,6.95,6.95,6.95,100,2021-08-04 17:30:00,POLA
6.935,6.935,6.935,6.935,300,2021-08-04 17:35:00,POLA
6.9799,6.9799,6.9799,6.9799,100,2021-08-04 17:40:00,POLA
6.93,6.9492,6.93,6.9492,1551,2021-08-04 17:55:00,POLA
6.95,6.95,6.95,6.95,1000,2021-08-04 18:00:00,POLA
6.95,6.96,6.95,6.96,600,2021-08-04 18:10:00,POLA
6.9667,7.0,6.9667,7.0,2020,2021-08-04 18:15:00,POLA
7.0,7.0,7.0,7.0,200,2021-08-04 18:20:00,POLA
6.9101,7.0,6.9101,7.0,800,2021-08-04 18:25:00,POLA
6.9551,6.9551,6.935,6.935,299,2021-08-04 18:35:00,POLA
6.9301,7.0,6.9301,7.0,1100,2021-08-04 18:45:00,POLA
6.93,6.955,6.93,6.955,1350,2021-08-04 19:05:00,POLA
6.95,6.95,6.95,6.95,100,2021-08-04 19:10:00,POLA
6.9799,6.9799,6.9799,6.9799,100,2021-08-04 19:20:00,POLA
6.97,6.98,6.94,6.94,2300,2021-08-04 19:25:00,POLA
6.955,6.955,6.955,6.955,500,2021-08-04 19:30:00,POLA
6.98,6.99,6.975,6.975,500,2021-08-04 19:35:00,POLA
6.99,7.0,6.98,7.0,1430,2021-08-04 19:40:00,POLA
7.02,7.02,7.02,7.02,188,2021-08-04 19:45:00,POLA
6.9901,7.02,6.9901,7.02,3199,2021-08-04 19:50:00,POLA
7.01,7.09,6.99,7.09,4665,2021-08-04 19:55:00,POLA
7.04,7.04,7.04,7.04,1314,2021-08-04 20:00:00,POLA
6.91,6.91,6.91,6.91,150,2021-08-04 21:20:00,POLA
6.92,6.92,6.92,6.92,100,2021-08-05 12:00:00,POLA
6.92,6.92,6.92,6.92,150,2021-08-05 12:10:00,POLA
7.05,7.05,7.05,7.05,200,2021-08-05 12:45:00,POLA
6.94,7.17,6.94,7.07,12089,2021-08-05 13:30:00,POLA
7.0408,7.045,7.0,7.0,1370,2021-08-05 13:35:00,POLA
7.0028,7.0028,7.0028,7.0028,100,2021-08-05 13:40:00,POLA
7.0,7.09,6.91,6.91,5838,2021-08-05 13:45:00,POLA
7.0,7.01,6.97,6.97,3935,2021-08-05 13:50:00,POLA
7.01,7.07,7.01,7.07,800,2021-08-05 13:55:00,POLA
7.04,7.04,7.04,7.04,229,2021-08-05 14:00:00,POLA
7.0534,7.0534,7.0534,7.0534,100,2021-08-05 14:10:00,POLA
7.0,7.0,6.945,6.945,601,2021-08-05 14:15:00,POLA
6.9467,7.07,6.9467,7.07,1879,2021-08-05 14:30:00,POLA
7.05,7.07,6.99,7.07,400,2021-08-05 14:35:00,POLA
7.01,7.05,7.01,7.04,1326,2021-08-05 14:40:00,POLA
7.0,7.0,6.9258,6.9258,2200,2021-08-05 14:50:00,POLA
6.91,6.91,6.91,6.91,100,2021-08-05 14:55:00,POLA
6.9147,6.9147,6.9147,6.9147,318,2021-08-05 15:00:00,POLA
6.97,7.05,6.97,7.0499,7758,2021-08-05 15:05:00,POLA
7.06,7.15,7.0544,7.1,2570,2021-08-05 15:10:00,POLA
7.08,7.11,7.08,7.11,400,2021-08-05 15:15:00,POLA
7.0774,7.0774,7.062,7.062,375,2021-08-05 15:20:00,POLA
7.1,7.1,7.08,7.08,200,2021-08-05 15:25:00,POLA
7.109,7.109,7.109,7.109,250,2021-08-05 15:35:00,POLA
7.09,7.1,7.06,7.1,1230,2021-08-05 15:40:00,POLA
7.06,7.0699,7.05,7.0699,4909,2021-08-05 15:45:00,POLA
6.99,7.0399,6.97,6.97,900,2021-08-05 15:50:00,POLA
7.01,7.01,7.01,7.01,700,2021-08-05 15:55:00,POLA
7.04,7.07,7.04,7.07,300,2021-08-05 16:00:00,POLA
7.08,7.08,7.08,7.08,100,2021-08-05 16:10:00,POLA
7.065,7.065,7.065,7.065,138,2021-08-05 16:15:00,POLA
7.1,7.1,7.1,7.1,100,2021-08-05 16:25:00,POLA
7.05,7.0799,7.02,7.0799,732,2021-08-05 16:35:00,POLA
7.0263,7.0263,7.0263,7.0263,125,2021-08-05 16:45:00,POLA
7.0301,7.0301,7.0301,7.0301,300,2021-08-05 16:55:00,POLA
7.03,7.0463,6.981,6.981,1041,2021-08-05 17:10:00,POLA
6.993,6.993,6.993,6.993,375,2021-08-05 17:15:00,POLA
7.02,7.029,7.02,7.029,1000,2021-08-05 17:20:00,POLA
7.024,7.024,7.024,7.024,100,2021-08-05 17:30:00,POLA
6.99,6.99,6.99,6.99,100,2021-08-05 17:35:00,POLA
7.03,7.05,7.03,7.05,1300,2021-08-05 17:40:00,POLA
7.0275,7.0275,7.0275,7.0275,100,2021-08-05 17:45:00,POLA
7.065,7.065,7.065,7.065,100,2021-08-05 18:05:00,POLA
7.09,7.1406,7.09,7.09,850,2021-08-05 18:10:00,POLA
7.047,7.047,7.03,7.03,300,2021-08-05 18:20:00,POLA
7.075,7.15,7.075,7.15,3300,2021-08-05 18:40:00,POLA
7.0684,7.0684,7.0684,7.0684,100,2021-08-05 18:45:00,POLA
7.0777,7.0777,7.0777,7.0777,1000,2021-08-05 18:50:00,POLA
7.1399,7.1399,7.12,7.12,400,2021-08-05 18:55:00,POLA
7.08,7.08,7.08,7.08,100,2021-08-05 19:15:00,POLA
7.07,7.07,7.07,7.07,100,2021-08-05 19:25:00,POLA
7.07,7.07,7.07,7.07,200,2021-08-05 19:30:00,POLA
7.12,7.12,7.12,7.12,411,2021-08-05 19:35:00,POLA
7.09,7.1,7.09,7.1,564,2021-08-05 19:40:00,POLA
7.1,7.1,7.1,7.1,100,2021-08-05 19:45:00,POLA
7.09,7.1,7.09,7.1,584,2021-08-05 19:50:00,POLA
7.07,7.1,7.06,7.1,1766,2021-08-05 19:55:00,POLA
7.02,7.02,7.02,7.02,5273,2021-08-05 20:00:00,POLA
7.01,7.01,7.01,7.01,200,2021-08-06 12:40:00,POLA
7.12,7.19,7.1001,7.19,2094,2021-08-06 13:30:00,POLA
7.15,7.2,7.15,7.2,1550,2021-08-06 13:35:00,POLA
7.1,7.1,7.1,7.1,105,2021-08-06 13:40:00,POLA
7.1,7.1,7.1,7.1,150,2021-08-06 13:45:00,POLA
7.02,7.02,7.02,7.02,100,2021-08-06 13:55:00,POLA
7.0244,7.06,7.0244,7.06,560,2021-08-06 14:00:00,POLA
7.1,7.14,7.1,7.11,1617,2021-08-06 14:05:00,POLA
7.0372,7.0372,7.0336,7.0336,600,2021-08-06 14:10:00,POLA
7.065,7.065,7.065,7.065,100,2021-08-06 14:15:00,POLA
7.03,7.09,7.03,7.09,500,2021-08-06 14:20:00,POLA
7.0234,7.0234,7.0234,7.0234,200,2021-08-06 14:35:00,POLA
7.0,7.0764,7.0,7.0764,1415,2021-08-06 14:40:00,POLA
6.99,6.99,6.9,6.915,2305,2021-08-06 14:45:00,POLA
6.9248,6.955,6.92,6.955,529,2021-08-06 14:50:00,POLA
6.965,6.9765,6.9102,6.97,1800,2021-08-06 14:55:00,POLA
6.9839,6.9839,6.91,6.91,2653,2021-08-06 15:05:00,POLA
6.9741,6.9741,6.86,6.9087,6114,2021-08-06 15:10:00,POLA
6.91,6.91,6.9,6.9,557,2021-08-06 15:15:00,POLA
6.92,6.93,6.91,6.93,900,2021-08-06 15:20:00,POLA
6.94,7.0758,6.94,7.0758,2360,2021-08-06 15:25:00,POLA
7.03,7.05,6.93,7.04,1000,2021-08-06 15:35:00,POLA
7.0433,7.0433,7.0433,7.0433,358,2021-08-06 15:40:00,POLA
7.0419,7.0419,6.939,6.985,1323,2021-08-06 15:45:00,POLA
6.9368,6.98,6.9368,6.98,250,2021-08-06 15:50:00,POLA
6.964,6.964,6.93,6.93,500,2021-08-06 15:55:00,POLA
6.9154,6.9154,6.9,6.9,804,2021-08-06 16:00:00,POLA
6.9,6.9,6.88,6.9,300,2021-08-06 16:05:00,POLA
6.85,6.8954,6.8401,6.8954,500,2021-08-06 16:10:00,POLA
6.8806,6.898,6.8457,6.8905,3349,2021-08-06 16:15:00,POLA
6.9,6.9,6.872,6.872,200,2021-08-06 16:20:00,POLA
6.9077,6.91,6.9077,6.91,1162,2021-08-06 16:25:00,POLA
6.925,6.925,6.84,6.8912,1415,2021-08-06 16:30:00,POLA
6.885,6.9158,6.885,6.9158,350,2021-08-06 16:35:00,POLA
6.86,6.86,6.86,6.86,200,2021-08-06 16:45:00,POLA
6.875,6.8866,6.875,6.8866,355,2021-08-06 16:50:00,POLA
6.88,6.88,6.88,6.88,2000,2021-08-06 16:55:00,POLA
6.84,6.84,6.84,6.84,100,2021-08-06 17:00:00,POLA
6.88,6.88,6.88,6.88,300,2021-08-06 17:05:00,POLA
6.868,6.95,6.868,6.95,6112,2021-08-06 17:10:00,POLA
6.949,6.949,6.949,6.949,100,2021-08-06 17:20:00,POLA
6.89,6.89,6.89,6.89,300,2021-08-06 17:35:00,POLA
6.93,6.93,6.93,6.93,100,2021-08-06 17:40:00,POLA
6.98,7.01,6.97,6.97,600,2021-08-06 17:45:00,POLA
7.0184,7.0184,7.0184,7.0184,300,2021-08-06 17:50:00,POLA
6.999,6.999,6.999,6.999,976,2021-08-06 18:05:00,POLA
6.9136,6.99,6.9136,6.99,1200,2021-08-06 18:10:00,POLA
6.99,7.03,6.99,7.0,945,2021-08-06 18:15:00,POLA
7.0,7.0093,7.0,7.0093,200,2021-08-06 18:20:00,POLA
7.07,7.07,7.045,7.045,250,2021-08-06 18:25:00,POLA
7.035,7.035,7.035,7.035,400,2021-08-06 18:30:00,POLA
7.06,7.07,7.06,7.07,500,2021-08-06 18:35:00,POLA
6.97,6.97,6.97,6.97,100,2021-08-06 18:40:00,POLA
7.002,7.002,7.002,7.002,280,2021-08-06 19:00:00,POLA
6.9801,7.015,6.9801,7.015,350,2021-08-06 19:05:00,POLA
6.99,6.99,6.99,6.99,100,2021-08-06 19:10:00,POLA
7.02,7.02,7.02,7.02,143,2021-08-06 19:25:00,POLA
6.9849,6.9849,6.9849,6.9849,200,2021-08-06 19:30:00,POLA
6.9901,7.05,6.9901,7.05,500,2021-08-06 19:35:00,POLA
7.02,7.02,7.02,7.02,100,2021-08-06 19:45:00,POLA
7.03,7.08,7.03,7.05,2578,2021-08-06 19:50:00,POLA
7.055,7.07,7.04,7.06,3063,2021-08-06 19:55:00,POLA
7.03,7.03,7.03,7.03,1607,2021-08-06 20:00:00,POLA
6.98,6.98,6.98,6.98,297,2021-08-09 13:10:00,POLA
7.05,7.15,7.05,7.15,2638,2021-08-09 13:30:00,POLA
7.15,7.15,7.15,7.15,282,2021-08-09 13:35:00,POLA
7.0401,7.0401,7.0401,7.0401,7000,2021-08-09 13:40:00,POLA
7.0508,7.1758,7.04,7.115,822,2021-08-09 13:45:00,POLA
7.11,7.18,7.06,7.18,900,2021-08-09 13:50:00,POLA
7.19,7.29,7.18,7.29,3180,2021-08-09 13:55:00,POLA
7.25,7.25,7.25,7.25,500,2021-08-09 14:00:00,POLA
7.28,7.28,7.2,7.2045,1497,2021-08-09 14:05:00,POLA
7.262,7.262,7.2568,7.2568,1800,2021-08-09 14:10:00,POLA
7.25,7.25,7.25,7.25,100,2021-08-09 14:15:00,POLA
7.2399,7.32,7.2327,7.29,4360,2021-08-09 14:20:00,POLA
7.29,7.29,7.2501,7.2557,1453,2021-08-09 14:25:00,POLA
7.3113,7.3113,7.25,7.26,3000,2021-08-09 14:30:00,POLA
7.26,7.32,7.26,7.32,1737,2021-08-09 14:35:00,POLA
7.3,7.31,7.24,7.24,2399,2021-08-09 14:40:00,POLA
7.275,7.31,7.275,7.31,1600,2021-08-09 14:45:00,POLA
7.275,7.275,7.2616,7.2616,450,2021-08-09 14:50:00,POLA
7.31,7.35,7.31,7.319,1550,2021-08-09 14:55:00,POLA
7.35,7.3756,7.35,7.3756,2947,2021-08-09 15:00:00,POLA
7.3566,7.42,7.3566,7.42,947,2021-08-09 15:05:00,POLA
7.45,7.48,7.391,7.4,2404,2021-08-09 15:10:00,POLA
7.4,7.405,7.37,7.4,3403,2021-08-09 15:15:00,POLA
7.38,7.4,7.35,7.4,1310,2021-08-09 15:20:00,POLA
7.36,7.4001,7.36,7.4001,5129,2021-08-09 15:25:00,POLA
7.44,7.44,7.4,7.43,2158,2021-08-09 15:30:00,POLA
7.4,7.476,7.38,7.476,1454,2021-08-09 15:35:00,POLA
7.425,7.4699,7.4184,7.4184,1501,2021-08-09 15:40:00,POLA
7.412,7.45,7.412,7.44,900,2021-08-09 15:45:00,POLA
7.44,7.44,7.4151,7.4151,433,2021-08-09 15:50:00,POLA
7.41,7.4145,7.41,7.4145,300,2021-08-09 15:55:00,POLA
7.43,7.43,7.33,7.39,5105,2021-08-09 16:00:00,POLA
7.365,7.365,7.365,7.365,266,2021-08-09 16:05:00,POLA
7.38,7.43,7.38,7.43,2100,2021-08-09 16:10:00,POLA
7.44,7.44,7.44,7.44,800,2021-08-09 16:15:00,POLA
7.34,7.34,7.34,7.34,100,2021-08-09 16:20:00,POLA
7.3463,7.3463,7.3463,7.3463,100,2021-08-09 16:25:00,POLA
7.3501,7.3777,7.3501,7.3777,300,2021-08-09 16:30:00,POLA
7.4399,7.4399,7.4399,7.4399,200,2021-08-09 16:40:00,POLA
7.43,7.44,7.395,7.42,4933,2021-08-09 16:45:00,POLA
7.42,7.42,7.42,7.42,2060,2021-08-09 16:50:00,POLA
7.39,7.39,7.36,7.36,600,2021-08-09 16:55:00,POLA
7.415,7.415,7.415,7.415,145,2021-08-09 17:00:00,POLA
7.38,7.38,7.38,7.38,862,2021-08-09 17:05:00,POLA
7.3801,7.45,7.3801,7.45,275,2021-08-09 17:10:00,POLA
7.45,7.47,7.44,7.455,1935,2021-08-09 17:15:00,POLA
7.44,7.44,7.44,7.44,300,2021-08-09 17:25:00,POLA
7.48,7.48,7.48,7.48,100,2021-08-09 17:30:00,POLA
7.48,7.48,7.48,7.48,917,2021-08-09 17:40:00,POLA
7.463,7.505,7.463,7.505,3684,2021-08-09 17:45:00,POLA
7.4853,7.51,7.4853,7.51,585,2021-08-09 17:50:00,POLA
7.5452,7.55,7.5274,7.5274,910,2021-08-09 17:55:00,POLA
7.53,7.59,7.512,7.59,1900,2021-08-09 18:00:00,POLA
7.5899,7.62,7.58,7.62,3951,2021-08-09 18:05:00,POLA
7.62,7.6341,7.5152,7.5152,4100,2021-08-09 18:10:00,POLA
7.52,7.55,7.52,7.5476,800,2021-08-09 18:15:00,POLA
7.57,7.57,7.5595,7.5595,200,2021-08-09 18:20:00,POLA
7.6,7.65,7.6,7.62,2309,2021-08-09 18:25:00,POLA
7.61,7.68,7.61,7.68,2800,2021-08-09 18:30:00,POLA
7.5801,7.6999,7.5801,7.6886,1300,2021-08-09 18:35:00,POLA
7.7,7.7489,7.69,7.7199,3649,2021-08-09 18:40:00,POLA
7.72,7.72,7.66,7.7,1765,2021-08-09 18:45:00,POLA
7.625,7.6473,7.575,7.6159,2574,2021-08-09 18:50:00,POLA
7.6,7.6,7.6,7.6,100,2021-08-09 18:55:00,POLA
7.64,7.64,7.5501,7.5501,450,2021-08-09 19:00:00,POLA
7.5782,7.6242,7.5782,7.59,950,2021-08-09 19:10:00,POLA
7.63,7.63,7.6053,7.6059,1325,2021-08-09 19:15:00,POLA
7.55,7.559,7.47,7.4762,3419,2021-08-09 19:25:00,POLA
7.55,7.5931,7.4856,7.4856,1078,2021-08-09 19:30:00,POLA
7.6,7.6,7.38,7.43,5279,2021-08-09 19:35:00,POLA
7.3825,7.3825,7.3825,7.3825,100,2021-08-09 19:40:00,POLA
7.44,7.44,7.375,7.42,400,2021-08-09 19:45:00,POLA
7.42,7.42,7.37,7.37,2327,2021-08-09 19:55:00,POLA
7.41,7.41,7.41,7.41,924,2021-08-09 20:00:00,POLA
7.41,7.41,7.41,7.41,950,2021-08-10 12:15:00,POLA
7.4,7.4,7.4,7.4,300,2021-08-10 12:20:00,POLA
7.76,7.76,7.76,7.76,600,2021-08-10 12:55:00,POLA
7.6,7.6301,7.5281,7.6301,4824,2021-08-10 13:30:00,POLA
7.63,8.18,7.62,8.0,36436,2021-08-10 13:35:00,POLA
7.6733,7.95,7.6733,7.7579,1217,2021-08-10 13:40:00,POLA
7.775,7.8113,7.7438,7.7438,1099,2021-08-10 13:45:00,POLA
7.72,7.91,7.72,7.8565,3406,2021-08-10 13:50:00,POLA
7.88,7.95,7.88,7.89,4500,2021-08-10 13:55:00,POLA
7.9,7.9,7.7147,7.7621,1669,2021-08-10 14:05:00,POLA
7.74,7.8399,7.73,7.8,12610,2021-08-10 14:10:00,POLA
7.8639,7.88,7.8639,7.88,735,2021-08-10 14:15:00,POLA
7.88,7.88,7.83,7.858,2080,2021-08-10 14:20:00,POLA
7.88,7.88,7.8,7.8,1893,2021-08-10 14:25:00,POLA
7.679,7.68,7.48,7.55,29728,2021-08-10 14:30:00,POLA
7.71,7.71,7.71,7.71,381,2021-08-10 14:35:00,POLA
7.58,7.7499,7.58,7.665,1050,2021-08-10 14:40:00,POLA
7.6175,7.6175,7.6175,7.6175,300,2021-08-10 14:50:00,POLA
7.739,7.81,7.71,7.81,12268,2021-08-10 14:55:00,POLA
7.81,7.94,7.77,7.875,43054,2021-08-10 15:00:00,POLA
7.8375,7.99,7.77,7.7704,44577,2021-08-10 15:05:00,POLA
7.88,7.95,7.7301,7.95,2679,2021-08-10 15:10:00,POLA
7.7701,7.95,7.7701,7.9499,2027,2021-08-10 15:15:00,POLA
7.9158,8.0,7.78,8.0,15010,2021-08-10 15:20:00,POLA
7.94,8.03,7.94,8.0299,16024,2021-08-10 15:25:00,POLA
7.95,7.985,7.91,7.91,3694,2021-08-10 15:30:00,POLA
8.0,8.01,7.92,7.9944,5566,2021-08-10 15:40:00,POLA
7.96,7.9965,7.93,7.985,2740,2021-08-10 15:45:00,POLA
7.9805,7.9805,7.93,7.9617,4485,2021-08-10 15:50:00,POLA
7.9259,8.1,7.9259,8.058,30482,2021-08-10 15:55:00,POLA
8.1,8.12,7.98,8.05,23310,2021-08-10 16:00:00,POLA
8.08,8.12,8.05,8.1,10450,2021-08-10 16:05:00,POLA
8.1488,8.15,8.0189,8.04,1892,2021-08-10 16:10:00,POLA
8.06,8.1099,8.03,8.1,594,2021-08-10 16:15:00,POLA
8.06,8.1,8.01,8.01,1600,2021-08-10 16:25:00,POLA
8.04,8.1,8.04,8.1,1141,2021-08-10 16:30:00,POLA
8.045,8.045,8.045,8.045,1000,2021-08-10 16:35:00,POLA
8.0,8.02,7.9201,7.98,6894,2021-08-10 16:40:00,POLA
7.98,7.98,7.98,7.98,300,2021-08-10 16:45:00,POLA
7.92,7.92,7.8246,7.86,4345,2021-08-10 16:50:00,POLA
7.84,7.89,7.83,7.83,1425,2021-08-10 16:55:00,POLA
7.86,7.86,7.8549,7.8549,630,2021-08-10 17:00:00,POLA
7.8855,7.945,7.8855,7.945,1231,2021-08-10 17:05:00,POLA
7.95,7.95,7.8904,7.8904,200,2021-08-10 17:10:00,POLA
7.95,8.0,7.8401,7.85,6356,2021-08-10 17:15:00,POLA
8.0235,8.0235,8.0235,8.0235,200,2021-08-10 17:20:00,POLA
7.9,7.9999,7.9,7.92,432,2021-08-10 17:30:00,POLA
7.925,7.9469,7.925,7.9469,599,2021-08-10 17:35:00,POLA
7.9,7.92,7.9,7.92,1663,2021-08-10 17:40:00,POLA
7.9,7.91,7.9,7.91,200,2021-08-10 17:50:00,POLA
7.875,7.875,7.8301,7.8301,300,2021-08-10 17:55:00,POLA
7.875,7.875,7.875,7.875,200,2021-08-10 18:00:00,POLA
7.88,7.88,7.75,7.76,3307,2021-08-10 18:10:00,POLA
7.765,7.85,7.765,7.85,4745,2021-08-10 18:15:00,POLA
7.8199,7.82,7.795,7.82,2500,2021-08-10 18:20:00,POLA
7.7701,7.83,7.7701,7.83,300,2021-08-10 18:25:00,POLA
7.8537,7.8537,7.8537,7.8537,500,2021-08-10 18:30:00,POLA
7.79,7.79,7.79,7.79,100,2021-08-10 18:35:00,POLA
7.79,7.8544,7.79,7.8544,400,2021-08-10 18:40:00,POLA
7.8799,7.8799,7.8799,7.8799,100,2021-08-10 18:45:00,POLA
7.85,7.8752,7.85,7.85,1437,2021-08-10 18:50:00,POLA
7.7801,7.7801,7.7801,7.7801,500,2021-08-10 18:55:00,POLA
7.805,7.805,7.805,7.805,2000,2021-08-10 19:00:00,POLA
7.805,7.8122,7.805,7.8122,3000,2021-08-10 19:10:00,POLA
7.7871,7.7871,7.7871,7.7871,104,2021-08-10 19:15:00,POLA
7.8,7.8105,7.78,7.8105,3165,2021-08-10 19:20:00,POLA
7.761,7.83,7.761,7.8,4500,2021-08-10 19:25:00,POLA
7.76,7.81,7.76,7.81,1827,2021-08-10 19:30:00,POLA
7.8099,7.8099,7.73,7.731,1469,2021-08-10 19:35:00,POLA
7.75,7.8,7.731,7.8,2104,2021-08-10 19:40:00,POLA
7.8,7.8,7.74,7.74,2600,2021-08-10 19:45:00,POLA
7.741,7.78,7.741,7.78,4206,2021-08-10 19:50:00,POLA
7.79,7.79,7.66,7.68,7625,2021-08-10 19:55:00,POLA
7.76,7.76,7.76,7.76,1714,2021-08-10 20:00:00,POLA
7.64,7.64,7.64,7.64,100,2021-08-10 20:10:00,POLA
7.6264,7.6264,7.6264,7.6264,150,2021-08-10 20:15:00,POLA
7.8,7.8,7.7999,7.8,11000,2021-08-10 20:45:00,POLA
7.7,7.7,7.7,7.7,100,2021-08-10 21:20:00,POLA
7.7552,7.7552,7.7552,7.7552,100,2021-08-10 21:25:00,POLA
7.77,7.77,7.77,7.77,500,2021-08-10 21:45:00,POLA
7.75,7.75,7.75,7.75,460,2021-08-10 22:30:00,POLA
7.85,7.99,7.85,7.99,636,2021-08-10 22:55:00,POLA
8.0,8.0,8.0,8.0,1714,2021-08-10 23:10:00,POLA
7.58,7.58,7.58,7.58,341,2021-08-10 23:55:00,POLA
7.51,7.51,7.42,7.42,1668,2021-08-11 08:30:00,POLA
7.88,7.88,7.88,7.88,208,2021-08-11 10:45:00,POLA
7.61,7.61,7.61,7.61,100,2021-08-11 12:30:00,POLA
7.74,7.74,7.74,7.74,341,2021-08-11 13:00:00,POLA
7.74,7.74,7.74,7.74,490,2021-08-11 13:20:00,POLA
7.71,7.75,7.511,7.5555,6679,2021-08-11 13:30:00,POLA
7.57,7.7,7.4801,7.59,10805,2021-08-11 13:35:00,POLA
7.5901,7.5901,7.5901,7.5901,2999,2021-08-11 13:40:00,POLA
7.5901,7.7069,7.55,7.7069,5908,2021-08-11 13:45:00,POLA
7.6,7.71,7.5447,7.59,19985,2021-08-11 13:50:00,POLA
7.57,7.59,7.4849,7.525,9788,2021-08-11 13:55:00,POLA
7.5215,7.5551,7.44,7.47,7250,2021-08-11 14:00:00,POLA
7.44,7.49,7.32,7.32,7353,2021-08-11 14:05:00,POLA
7.36,7.4688,7.325,7.4,1735,2021-08-11 14:10:00,POLA
7.4,7.4,7.4,7.4,1000,2021-08-11 14:15:00,POLA
7.355,7.37,7.32,7.34,1487,2021-08-11 14:20:00,POLA
7.375,7.39,7.2801,7.2801,3116,2021-08-11 14:25:00,POLA
7.32,7.379,7.32,7.36,2748,2021-08-11 14:30:00,POLA
7.3672,7.3672,7.28,7.2961,2041,2021-08-11 14:35:00,POLA
7.3204,7.36,7.2751,7.3201,3447,2021-08-11 14:40:00,POLA
7.3265,7.3855,7.3265,7.3855,350,2021-08-11 14:45:00,POLA
7.33,7.33,7.3193,7.3193,648,2021-08-11 14:50:00,POLA
7.31,7.31,7.28,7.31,4001,2021-08-11 14:55:00,POLA
7.27,7.32,7.2578,7.2578,618,2021-08-11 15:00:00,POLA
7.25,7.25,7.1683,7.1973,6993,2021-08-11 15:05:00,POLA
7.26,7.26,7.2,7.248,500,2021-08-11 15:10:00,POLA
7.2,7.23,7.17,7.17,1692,2021-08-11 15:15:00,POLA
7.2207,7.25,7.2,7.2,415,2021-08-11 15:20:00,POLA
7.34,7.34,7.34,7.34,100,2021-08-11 15:25:00,POLA
7.24,7.24,7.24,7.24,100,2021-08-11 15:30:00,POLA
7.2,7.2,7.2,7.2,100,2021-08-11 15:35:00,POLA
7.258,7.258,7.258,7.258,138,2021-08-11 15:45:00,POLA
7.2,7.2,7.15,7.15,2343,2021-08-11 15:50:00,POLA
7.151,7.1535,7.151,7.1535,1100,2021-08-11 15:55:00,POLA
7.195,7.2111,7.195,7.2111,400,2021-08-11 16:00:00,POLA
7.24,7.2798,7.2182,7.2182,3850,2021-08-11 16:05:00,POLA
7.2,7.2671,7.2,7.2653,1300,2021-08-11 16:10:00,POLA
7.225,7.225,7.225,7.225,300,2021-08-11 16:15:00,POLA
7.2045,7.27,7.2045,7.2401,5298,2021-08-11 16:20:00,POLA
7.24,7.24,7.24,7.24,200,2021-08-11 16:25:00,POLA
7.27,7.27,7.27,7.27,100,2021-08-11 16:30:00,POLA
7.2737,7.28,7.24,7.24,1640,2021-08-11 16:35:00,POLA
7.24,7.24,7.24,7.24,100,2021-08-11 16:45:00,POLA
7.266,7.266,7.266,7.266,400,2021-08-11 16:55:00,POLA
7.27,7.27,7.26,7.26,400,2021-08-11 17:00:00,POLA
7.2001,7.28,7.2001,7.28,801,2021-08-11 17:05:00,POLA
7.29,7.29,7.245,7.245,737,2021-08-11 17:10:00,POLA
7.24,7.24,7.24,7.24,100,2021-08-11 17:15:00,POLA
7.24,7.43,7.24,7.36,35684,2021-08-11 17:20:00,POLA
7.3803,7.4692,7.26,7.26,13441,2021-08-11 17:25:00,POLA
7.26,7.26,7.23,7.23,2497,2021-08-11 17:30:00,POLA
7.3031,7.39,7.22,7.22,3600,2021-08-11 17:35:00,POLA
7.2997,7.37,7.21,7.2601,7433,2021-08-11 17:40:00,POLA
7.395,7.4773,7.31,7.33,3200,2021-08-11 17:45:00,POLA
7.38,7.48,7.31,7.38,34927,2021-08-11 17:50:00,POLA
7.34,7.42,7.28,7.38,13066,2021-08-11 17:55:00,POLA
7.3246,7.4699,7.3,7.36,7040,2021-08-11 18:00:00,POLA
7.31,7.36,7.3,7.3,14700,2021-08-11 18:05:00,POLA
7.3,7.31,7.2556,7.29,7680,2021-08-11 18:10:00,POLA
7.275,7.33,7.26,7.26,8263,2021-08-11 18:15:00,POLA
7.24,7.318,7.24,7.25,400,2021-08-11 18:20:00,POLA
7.272,7.3,7.27,7.3,1512,2021-08-11 18:25:00,POLA
7.28,7.35,7.28,7.35,1100,2021-08-11 18:35:00,POLA
7.35,7.35,7.35,7.35,300,2021-08-11 18:45:00,POLA
7.3,7.32,7.29,7.32,1746,2021-08-11 18:50:00,POLA
7.34,7.34,7.33,7.34,1576,2021-08-11 19:00:00,POLA
7.3699,7.3699,7.32,7.32,1200,2021-08-11 19:05:00,POLA
7.3201,7.3201,7.3201,7.3201,500,2021-08-11 19:10:00,POLA
7.35,7.35,7.27,7.285,6200,2021-08-11 19:15:00,POLA
7.315,7.315,7.315,7.315,100,2021-08-11 19:20:00,POLA
7.3499,7.3499,7.2782,7.29,1955,2021-08-11 19:25:00,POLA
7.265,7.29,7.26,7.27,3383,2021-08-11 19:30:00,POLA
7.26,7.2782,7.251,7.251,400,2021-08-11 19:35:00,POLA
7.25,7.31,7.25,7.28,2244,2021-08-11 19:40:00,POLA
7.2501,7.2501,7.25,7.25,2100,2021-08-11 19:45:00,POLA
7.25,7.2943,7.25,7.2943,1900,2021-08-11 19:50:00,POLA
7.29,7.29,7.25,7.27,10994,2021-08-11 19:55:00,POLA
7.26,7.26,7.26,7.26,845,2021-08-11 20:00:00,POLA
7.26,7.26,7.26,7.26,155,2021-08-11 20:05:00,POLA
7.2601,7.2601,7.2601,7.2601,700,2021-08-11 20:55:00,POLA
7.26,7.26,7.26,7.26,100,2021-08-11 21:15:00,POLA
7.31,7.31,7.31,7.31,566,2021-08-12 12:05:00,POLA
7.21,7.21,7.21,7.21,100,2021-08-12 13:25:00,POLA
7.2,7.25,7.15,7.169,16876,2021-08-12 13:30:00,POLA
7.0601,7.0853,7.0601,7.0853,7048,2021-08-12 13:35:00,POLA
7.0715,7.135,7.07,7.135,1319,2021-08-12 13:40:00,POLA
7.1,7.1,6.96,7.0,6542,2021-08-12 13:45:00,POLA
6.97,7.0299,6.95,6.9705,5993,2021-08-12 13:50:00,POLA
7.03,7.07,7.03,7.07,1083,2021-08-12 13:55:00,POLA
7.0,7.0,7.0,7.0,246,2021-08-12 14:00:00,POLA
7.0,7.0,6.98,6.98,1107,2021-08-12 14:05:00,POLA
7.0,7.0,7.0,7.0,1000,2021-08-12 14:10:00,POLA
7.04,7.04,6.98,6.98,341,2021-08-12 14:15:00,POLA
6.9871,7.06,6.9871,7.02,864,2021-08-12 14:20:00,POLA
7.1116,7.1116,7.02,7.08,3025,2021-08-12 14:25:00,POLA
7.0243,7.0243,7.0243,7.0243,350,2021-08-12 14:30:00,POLA
7.02,7.07,7.02,7.07,1200,2021-08-12 14:35:00,POLA
7.0175,7.07,7.0175,7.07,5680,2021-08-12 14:50:00,POLA
7.0072,7.0072,7.0,7.0,1270,2021-08-12 14:55:00,POLA
7.0061,7.0061,7.0061,7.0061,100,2021-08-12 15:00:00,POLA
7.0,7.04,7.0,7.04,600,2021-08-12 15:05:00,POLA
7.05,7.09,7.05,7.07,2370,2021-08-12 15:10:00,POLA
7.04,7.04,7.04,7.04,600,2021-08-12 15:20:00,POLA
7.0022,7.08,7.0022,7.08,1207,2021-08-12 15:25:00,POLA
7.045,7.045,7.045,7.045,100,2021-08-12 15:30:00,POLA
7.0525,7.0525,7.021,7.021,1500,2021-08-12 15:35:00,POLA
7.06,7.1289,7.06,7.1289,3264,2021-08-12 15:40:00,POLA
7.075,7.1206,7.075,7.1206,200,2021-08-12 15:45:00,POLA
7.1226,7.18,7.12,7.18,1859,2021-08-12 15:55:00,POLA
7.0453,7.115,7.0453,7.115,1100,2021-08-12 16:00:00,POLA
7.0501,7.0501,7.0501,7.0501,2000,2021-08-12 16:10:00,POLA
7.1699,7.1699,7.1699,7.1699,500,2021-08-12 16:15:00,POLA
7.1699,7.1699,7.1699,7.1699,900,2021-08-12 16:20:00,POLA
7.0501,7.0501,7.0501,7.0501,500,2021-08-12 16:25:00,POLA
7.1243,7.1243,7.1243,7.1243,1000,2021-08-12 16:30:00,POLA
7.14,7.14,7.02,7.02,2621,2021-08-12 16:40:00,POLA
7.02,7.02,7.02,7.02,100,2021-08-12 16:45:00,POLA
7.0138,7.08,7.0138,7.08,1023,2021-08-12 16:50:00,POLA
7.02,7.02,6.98,6.98,2647,2021-08-12 17:10:00,POLA
6.98,6.98,6.97,6.98,300,2021-08-12 17:15:00,POLA
6.97,6.97,6.97,6.97,596,2021-08-12 17:20:00,POLA
7.001,7.01,6.98,6.98,850,2021-08-12 17:25:00,POLA
6.98,7.01,6.98,6.98,808,2021-08-12 17:30:00,POLA
6.99,6.99,6.99,6.99,200,2021-08-12 17:35:00,POLA
6.99,7.03,6.99,7.0299,2255,2021-08-12 17:40:00,POLA
7.0199,7.0199,7.0099,7.01,1700,2021-08-12 17:55:00,POLA
7.0022,7.0022,7.0,7.0,1286,2021-08-12 18:00:00,POLA
7.015,7.03,7.015,7.015,300,2021-08-12 18:05:00,POLA
7.0,7.005,7.0,7.0,550,2021-08-12 18:15:00,POLA
7.0765,7.0765,7.03,7.0453,300,2021-08-12 18:20:00,POLA
7.0,7.0,7.0,7.0,100,2021-08-12 18:35:00,POLA
7.06,7.07,7.06,7.07,600,2021-08-12 18:45:00,POLA
7.04,7.04,7.02,7.02,700,2021-08-12 19:05:00,POLA
7.038,7.038,7.038,7.038,155,2021-08-12 19:15:00,POLA
7.015,7.015,7.015,7.015,200,2021-08-12 19:20:00,POLA
7.015,7.03,7.015,7.03,400,2021-08-12 19:35:00,POLA
7.05,7.05,7.0491,7.0491,400,2021-08-12 19:40:00,POLA
7.04,7.0593,7.0301,7.05,2555,2021-08-12 19:45:00,POLA
7.02,7.06,7.02,7.06,2107,2021-08-12 19:55:00,POLA
7.02,7.02,7.02,7.02,891,2021-08-12 20:00:00,POLA
7.0,7.0,7.0,7.0,999,2021-08-12 20:20:00,POLA
7.45,7.45,7.45,7.45,300,2021-08-13 11:00:00,POLA
7.06,7.06,7.06,7.06,400,2021-08-13 13:20:00,POLA
7.04,7.04,7.04,7.04,100,2021-08-13 13:25:00,POLA
7.02,7.1356,7.02,7.1177,3796,2021-08-13 13:30:00,POLA
7.03,7.03,7.01,7.01,2881,2021-08-13 13:35:00,POLA
6.98,6.98,6.9,6.98,6437,2021-08-13 13:40:00,POLA
6.97,6.97,6.9236,6.9638,2879,2021-08-13 13:45:00,POLA
6.9,6.9,6.81,6.8499,7761,2021-08-13 13:50:00,POLA
6.85,6.88,6.84,6.88,1946,2021-08-13 13:55:00,POLA
6.905,6.905,6.82,6.82,2130,2021-08-13 14:00:00,POLA
6.9,6.9,6.8441,6.9,2473,2021-08-13 14:05:00,POLA
6.9159,6.939,6.86,6.9032,900,2021-08-13 14:10:00,POLA
6.865,6.865,6.865,6.865,200,2021-08-13 14:15:00,POLA
6.8201,6.8201,6.8201,6.8201,5799,2021-08-13 14:20:00,POLA
6.82,6.82,6.7693,6.79,5656,2021-08-13 14:25:00,POLA
6.8,6.845,6.8,6.845,1031,2021-08-13 14:30:00,POLA
6.8001,6.8001,6.8,6.8,9100,2021-08-13 14:35:00,POLA
6.8,6.8142,6.7981,6.7981,5286,2021-08-13 14:40:00,POLA
6.8,6.8,6.75,6.79,3730,2021-08-13 14:45:00,POLA
6.7756,6.79,6.77,6.79,1684,2021-08-13 14:50:00,POLA
6.75,6.79,6.75,6.7833,2218,2021-08-13 14:55:00,POLA
6.7564,6.84,6.7564,6.84,2555,2021-08-13 15:00:00,POLA
6.84,6.84,6.8019,6.8019,1000,2021-08-13 15:05:00,POLA
6.83,6.83,6.81,6.81,600,2021-08-13 15:10:00,POLA
6.82,6.82,6.7803,6.7803,500,2021-08-13 15:15:00,POLA
6.78,6.78,6.72,6.72,1151,2021-08-13 15:20:00,POLA
6.76,6.7755,6.76,6.7755,530,2021-08-13 15:25:00,POLA
6.8016,6.8016,6.8016,6.8016,200,2021-08-13 15:35:00,POLA
6.79,6.795,6.79,6.795,287,2021-08-13 15:40:00,POLA
6.78,6.7867,6.754,6.76,1100,2021-08-13 15:50:00,POLA
6.76,6.804,6.76,6.804,622,2021-08-13 15:55:00,POLA
6.81,6.81,6.77,6.7715,1844,2021-08-13 16:05:00,POLA
6.74,6.74,6.73,6.73,440,2021-08-13 16:10:00,POLA
6.7613,6.7613,6.76,6.76,1100,2021-08-13 16:15:00,POLA
6.74,6.75,6.72,6.73,1605,2021-08-13 16:20:00,POLA
6.725,6.7441,6.7069,6.7441,304,2021-08-13 16:25:00,POLA
6.7,6.71,6.6549,6.67,4669,2021-08-13 16:30:00,POLA
6.685,6.685,6.669,6.669,1050,2021-08-13 16:35:00,POLA
6.68,6.695,6.67,6.67,650,2021-08-13 16:40:00,POLA
6.685,6.71,6.61,6.6334,4500,2021-08-13 16:45:00,POLA
6.6466,6.6466,6.62,6.62,600,2021-08-13 16:50:00,POLA
6.64,6.6499,6.6,6.6,3100,2021-08-13 16:55:00,POLA
6.6,6.6299,6.6,6.6,1600,2021-08-13 17:00:00,POLA
6.607,6.61,6.56,6.5855,1026,2021-08-13 17:05:00,POLA
6.5813,6.5813,6.5801,6.5801,1226,2021-08-13 17:10:00,POLA
6.58,6.5821,6.58,6.5821,1100,2021-08-13 17:15:00,POLA
6.61,6.61,6.59,6.61,650,2021-08-13 17:20:00,POLA
6.6,6.625,6.6,6.625,330,2021-08-13 17:25:00,POLA
6.6136,6.6136,6.6136,6.6136,200,2021-08-13 17:30:00,POLA
6.6,6.6,6.58,6.58,600,2021-08-13 17:35:00,POLA
6.6063,6.6099,6.5906,6.599,2731,2021-08-13 17:40:00,POLA
6.58,6.58,6.575,6.575,900,2021-08-13 17:45:00,POLA
6.58,6.6199,6.57,6.6003,4083,2021-08-13 17:50:00,POLA
6.61,6.7,6.61,6.62,14508,2021-08-13 17:55:00,POLA
6.57,6.5708,6.57,6.5708,3600,2021-08-13 18:00:00,POLA
6.615,6.615,6.6,6.6,905,2021-08-13 18:05:00,POLA
6.6178,6.6433,6.58,6.58,330,2021-08-13 18:10:00,POLA
6.63,6.63,6.63,6.63,100,2021-08-13 18:15:00,POLA
6.5866,6.5866,6.5,6.5,8542,2021-08-13 18:20:00,POLA
6.5,6.54,6.5,6.54,500,2021-08-13 18:25:00,POLA
6.56,6.56,6.54,6.54,1000,2021-08-13 18:30:00,POLA
6.5446,6.5446,6.53,6.53,400,2021-08-13 18:35:00,POLA
6.55,6.55,6.5,6.5,272,2021-08-13 18:40:00,POLA
6.5378,6.5378,6.48,6.48,6615,2021-08-13 18:45:00,POLA
6.4921,6.4921,6.43,6.48,3138,2021-08-13 18:50:00,POLA
6.5,6.5,6.5,6.5,100,2021-08-13 18:55:00,POLA
6.45,6.4576,6.45,6.4576,200,2021-08-13 19:00:00,POLA
6.52,6.52,6.52,6.52,540,2021-08-13 19:05:00,POLA
6.5,6.5,6.48,6.5,674,2021-08-13 19:10:00,POLA
6.52,6.5924,6.52,6.5924,520,2021-08-13 19:15:00,POLA
6.595,6.6,6.57,6.57,2344,2021-08-13 19:20:00,POLA
6.57,6.57,6.57,6.57,200,2021-08-13 19:25:00,POLA
6.545,6.545,6.545,6.545,100,2021-08-13 19:30:00,POLA
6.5235,6.5799,6.48,6.5799,467,2021-08-13 19:35:00,POLA
6.58,6.58,6.54,6.54,500,2021-08-13 19:40:00,POLA
6.54,6.56,6.54,6.56,814,2021-08-13 19:45:00,POLA
6.57,6.57,6.5074,6.51,1000,2021-08-13 19:50:00,POLA
6.53,6.56,6.5,6.51,2692,2021-08-13 19:55:00,POLA
6.5,6.5,6.5,6.5,552,2021-08-13 20:00:00,POLA
6.49,6.49,6.49,6.49,100,2021-08-13 20:05:00,POLA
6.49,6.49,6.49,6.49,100,2021-08-13 20:15:00,POLA
6.5,6.5,6.5,6.5,360,2021-08-13 21:00:00,POLA
6.51,6.51,6.51,6.51,300,2021-08-13 22:30:00,POLA
6.51,6.51,6.51,6.51,100,2021-08-13 23:00:00,POLA
6.6,6.6,6.6,6.6,199,2021-08-13 23:10:00,POLA
6.73,6.73,6.73,6.73,742,2021-08-13 23:50:00,POLA
6.4,6.4,6.4,6.4,364,2021-08-16 09:50:00,POLA
6.77,6.8,6.77,6.8,1100,2021-08-16 11:00:00,POLA
6.7,6.7,6.7,6.7,2563,2021-08-16 13:00:00,POLA
6.8625,6.8625,6.8625,6.8625,200,2021-08-16 13:05:00,POLA
6.7,6.7,6.7,6.7,100,2021-08-16 13:20:00,POLA
6.58,6.58,6.381,6.46,5627,2021-08-16 13:30:00,POLA
6.3638,6.395,6.21,6.31,5185,2021-08-16 13:35:00,POLA
6.2799,6.3491,6.26,6.3,4468,2021-08-16 13:40:00,POLA
6.35,6.375,6.3401,6.3401,3010,2021-08-16 13:45:00,POLA
6.35,6.375,6.35,6.3611,3563,2021-08-16 13:50:00,POLA
6.34,6.34,6.34,6.34,144,2021-08-16 13:55:00,POLA
6.2677,6.27,6.2677,6.27,630,2021-08-16 14:00:00,POLA
6.28,6.28,6.28,6.28,131,2021-08-16 14:05:00,POLA
6.3024,6.3024,6.25,6.25,1390,2021-08-16 14:10:00,POLA
6.25,6.2529,6.21,6.2143,1959,2021-08-16 14:15:00,POLA
6.234,6.234,6.13,6.15,6340,2021-08-16 14:20:00,POLA
6.165,6.17,6.01,6.055,8918,2021-08-16 14:25:00,POLA
6.055,6.18,6.04,6.15,2853,2021-08-16 14:30:00,POLA
6.18,6.2,6.1543,6.2,3637,2021-08-16 14:35:00,POLA
6.2635,6.27,6.25,6.27,430,2021-08-16 14:40:00,POLA
6.2999,6.4184,6.2842,6.345,3709,2021-08-16 14:45:00,POLA
6.2713,6.2713,6.27,6.27,1251,2021-08-16 14:50:00,POLA
6.27,6.35,6.27,6.35,750,2021-08-16 14:55:00,POLA
6.2,6.247,6.15,6.16,4892,2021-08-16 15:00:00,POLA
6.23,6.24,6.1,6.2399,2416,2021-08-16 15:05:00,POLA
6.1522,6.1522,6.1522,6.1522,100,2021-08-16 15:10:00,POLA
6.17,6.19,6.17,6.19,400,2021-08-16 15:15:00,POLA
6.17,6.17,6.16,6.16,800,2021-08-16 15:20:00,POLA
6.2035,6.2035,6.2035,6.2035,100,2021-08-16 15:25:00,POLA
6.195,6.22,6.16,6.1603,2388,2021-08-16 15:30:00,POLA
6.17,6.18,6.16,6.18,1151,2021-08-16 15:35:00,POLA
6.22,6.235,6.22,6.235,1300,2021-08-16 15:40:00,POLA
6.2151,6.2151,6.2151,6.2151,100,2021-08-16 15:45:00,POLA
6.26,6.3499,6.24,6.3499,2310,2021-08-16 15:55:00,POLA
6.255,6.255,6.21,6.21,948,2021-08-16 16:10:00,POLA
6.2934,6.2934,6.29,6.29,200,2021-08-16 16:15:00,POLA
6.28,6.28,6.28,6.28,500,2021-08-16 16:20:00,POLA
6.22,6.22,6.22,6.22,100,2021-08-16 16:25:00,POLA
6.29,6.29,6.2857,6.2857,580,2021-08-16 16:30:00,POLA
6.29,6.29,6.29,6.29,100,2021-08-16 16:35:00,POLA
6.25,6.2854,6.231,6.231,1650,2021-08-16 16:40:00,POLA
6.21,6.21,6.21,6.21,100,2021-08-16 16:45:00,POLA
6.2101,6.2101,6.2101,6.2101,200,2021-08-16 16:50:00,POLA
6.2305,6.2305,6.2305,6.2305,300,2021-08-16 17:05:00,POLA
6.2499,6.2499,6.2499,6.2499,160,2021-08-16 17:20:00,POLA
6.25,6.26,6.22,6.26,930,2021-08-16 17:25:00,POLA
6.22,6.25,6.21,6.25,1491,2021-08-16 17:35:00,POLA
6.21,6.24,6.21,6.24,309,2021-08-16 17:40:00,POLA
6.2152,6.242,6.2152,6.242,220,2021-08-16 17:45:00,POLA
6.19,6.3,6.19,6.29,5700,2021-08-16 17:55:00,POLA
6.3042,6.3042,6.3042,6.3042,288,2021-08-16 18:00:00,POLA
6.2149,6.2149,6.2149,6.2149,300,2021-08-16 18:10:00,POLA
6.2981,6.2981,6.2981,6.2981,100,2021-08-16 18:30:00,POLA
6.255,6.255,6.2148,6.2148,370,2021-08-16 18:40:00,POLA
6.2499,6.2499,6.2499,6.2499,100,2021-08-16 19:00:00,POLA
6.21,6.21,6.21,6.21,300,2021-08-16 19:15:00,POLA
6.21,6.21,6.21,6.21,300,2021-08-16 19:20:00,POLA
6.225,6.225,6.225,6.225,400,2021-08-16 19:25:00,POLA
6.2001,6.25,6.2001,6.25,1590,2021-08-16 19:30:00,POLA
6.23,6.244,6.2,6.2,4511,2021-08-16 19:35:00,POLA
6.2,6.24,6.15,6.195,6686,2021-08-16 19:40:00,POLA
6.185,6.23,6.1501,6.23,4187,2021-08-16 19:45:00,POLA
6.16,6.16,6.16,6.16,400,2021-08-16 19:50:00,POLA
6.21,6.25,6.15,6.25,3543,2021-08-16 19:55:00,POLA
6.21,6.21,6.21,6.21,1055,2021-08-16 20:00:00,POLA
6.2,6.2,6.2,6.2,650,2021-08-16 23:20:00,POLA
6.2,6.28,6.2,6.28,5620,2021-08-17 11:45:00,POLA
6.3,6.3,6.3,6.3,100,2021-08-17 12:00:00,POLA
6.47,6.5,6.47,6.5,3650,2021-08-17 12:05:00,POLA
6.06,6.06,6.06,6.06,100,2021-08-17 13:05:00,POLA
6.24,6.3,6.16,6.16,4553,2021-08-17 13:30:00,POLA
6.16,6.57,6.16,6.375,15065,2021-08-17 13:35:00,POLA
6.42,6.43,6.27,6.36,8482,2021-08-17 13:40:00,POLA
6.35,6.496,6.2276,6.3526,1018,2021-08-17 13:45:00,POLA
6.23,6.236,6.22,6.236,440,2021-08-17 13:50:00,POLA
6.16,6.18,6.16,6.18,250,2021-08-17 13:55:00,POLA
6.1078,6.145,6.1078,6.145,200,2021-08-17 14:05:00,POLA
6.1244,6.18,6.1244,6.145,1817,2021-08-17 14:10:00,POLA
6.18,6.2526,6.18,6.2526,400,2021-08-17 14:15:00,POLA
6.205,6.205,6.205,6.205,1000,2021-08-17 14:20:00,POLA
6.21,6.21,6.21,6.21,411,2021-08-17 14:25:00,POLA
6.1392,6.2791,6.1392,6.16,1241,2021-08-17 14:30:00,POLA
6.1695,6.1695,6.1695,6.1695,1000,2021-08-17 14:35:00,POLA
6.2,6.2,6.2,6.2,350,2021-08-17 14:40:00,POLA
6.13,6.13,6.13,6.13,450,2021-08-17 14:45:00,POLA
6.22,6.22,6.2018,6.2018,259,2021-08-17 14:50:00,POLA
6.2207,6.2207,6.2207,6.2207,100,2021-08-17 14:55:00,POLA
6.23,6.23,6.23,6.23,100,2021-08-17 15:00:00,POLA
6.13,6.2,6.13,6.2,451,2021-08-17 15:05:00,POLA
6.12,6.12,6.08,6.08,2458,2021-08-17 15:10:00,POLA
6.11,6.12,6.11,6.11,300,2021-08-17 15:15:00,POLA
6.09,6.09,6.01,6.01,5502,2021-08-17 15:40:00,POLA
6.09,6.09,6.09,6.09,626,2021-08-17 15:45:00,POLA
6.0832,6.09,6.05,6.09,682,2021-08-17 15:50:00,POLA
6.045,6.045,6.045,6.045,200,2021-08-17 16:00:00,POLA
6.05,6.085,6.05,6.085,500,2021-08-17 16:10:00,POLA
6.082,6.1,6.082,6.1,200,2021-08-17 16:15:00,POLA
6.06,6.06,6.06,6.06,1000,2021-08-17 16:20:00,POLA
6.115,6.115,6.0401,6.11,1400,2021-08-17 16:25:00,POLA
6.05,6.06,6.05,6.06,200,2021-08-17 16:30:00,POLA
6.095,6.095,6.0501,6.0501,400,2021-08-17 16:35:00,POLA
6.05,6.05,6.0,6.0,8987,2021-08-17 16:40:00,POLA
6.0,6.02,6.0,6.02,400,2021-08-17 16:45:00,POLA
6.0,6.0001,5.93,5.93,5537,2021-08-17 16:50:00,POLA
5.93,5.9316,5.93,5.9316,831,2021-08-17 16:55:00,POLA
5.95,5.95,5.95,5.95,5370,2021-08-17 17:00:00,POLA
5.9601,5.9601,5.9601,5.9601,138,2021-08-17 17:05:00,POLA
6.0,6.0,6.0,6.0,100,2021-08-17 17:10:00,POLA
6.01,6.1,5.9901,6.1,700,2021-08-17 17:15:00,POLA
6.0,6.13,6.0,6.13,3358,2021-08-17 17:20:00,POLA
6.05,6.059,6.03,6.05,2614,2021-08-17 17:35:00,POLA
6.04,6.07,6.0301,6.0301,5918,2021-08-17 17:40:00,POLA
6.12,6.12,6.06,6.1,1083,2021-08-17 17:45:00,POLA
6.0601,6.0601,6.0601,6.0601,100,2021-08-17 17:55:00,POLA
6.03,6.03,6.03,6.03,100,2021-08-17 18:00:00,POLA
6.02,6.05,6.0001,6.0001,1405,2021-08-17 18:10:00,POLA
6.05,6.0575,6.05,6.0575,315,2021-08-17 18:15:00,POLA
6.08,6.08,6.08,6.08,100,2021-08-17 18:30:00,POLA
6.09,6.1412,6.04,6.1412,519,2021-08-17 18:35:00,POLA
6.08,6.08,6.08,6.08,100,2021-08-17 18:40:00,POLA
6.11,6.11,6.0222,6.0222,959,2021-08-17 18:55:00,POLA
6.13,6.13,6.13,6.13,100,2021-08-17 19:00:00,POLA
6.1,6.1,6.1,6.1,150,2021-08-17 19:10:00,POLA
6.051,6.051,6.051,6.051,100,2021-08-17 19:25:00,POLA
6.08,6.15,6.08,6.15,760,2021-08-17 19:30:00,POLA
6.14,6.14,6.14,6.14,100,2021-08-17 19:35:00,POLA
6.14,6.15,6.082,6.082,500,2021-08-17 19:40:00,POLA
6.09,6.09,6.09,6.09,600,2021-08-17 19:45:00,POLA
6.11,6.13,6.11,6.13,200,2021-08-17 19:50:00,POLA
6.14,6.17,6.13,6.17,17274,2021-08-17 19:55:00,POLA
6.17,6.17,6.17,6.17,879,2021-08-17 20:00:00,POLA
6.5,6.5,6.37,6.49,3700,2021-08-17 20:20:00,POLA
6.47,6.47,6.47,6.47,230,2021-08-17 20:25:00,POLA
6.29,6.29,6.29,6.29,1000,2021-08-17 20:40:00,POLA
6.24,6.24,6.24,6.24,500,2021-08-17 20:45:00,POLA
6.2,6.2,6.1999,6.2,1950,2021-08-17 20:50:00,POLA
6.17,6.17,6.1699,6.1699,1000,2021-08-17 21:00:00,POLA
6.12,6.12,6.12,6.12,300,2021-08-17 21:40:00,POLA
6.1308,6.1308,6.13,6.13,1250,2021-08-18 12:55:00,POLA
6.14,6.175,6.14,6.15,4300,2021-08-18 13:30:00,POLA
6.15,6.1683,6.14,6.14,709,2021-08-18 13:35:00,POLA
6.11,6.11,6.0,6.0,10446,2021-08-18 13:40:00,POLA
6.0047,6.0047,6.0047,6.0047,200,2021-08-18 13:45:00,POLA
6.0,6.0,5.95,5.95,1005,2021-08-18 13:50:00,POLA
6.04,6.05,6.04,6.05,200,2021-08-18 13:55:00,POLA
6.09,6.09,6.09,6.09,999,2021-08-18 14:00:00,POLA
6.09,6.09,6.0128,6.0128,1100,2021-08-18 14:05:00,POLA
6.01,6.01,6.01,6.01,101,2021-08-18 14:20:00,POLA
6.01,6.01,6.0001,6.0001,425,2021-08-18 14:25:00,POLA
6.07,6.09,6.0501,6.0501,625,2021-08-18 14:30:00,POLA
6.0844,6.0844,6.0705,6.0705,200,2021-08-18 14:35:00,POLA
6.125,6.2,6.125,6.16,2504,2021-08-18 14:45:00,POLA
6.285,6.31,6.22,6.23,918,2021-08-18 14:50:00,POLA
6.23,6.23,6.23,6.23,100,2021-08-18 14:55:00,POLA
6.3,6.31,6.3,6.3,1200,2021-08-18 15:05:00,POLA
6.27,6.3,6.27,6.29,500,2021-08-18 15:15:00,POLA
6.29,6.35,6.29,6.3475,1320,2021-08-18 15:25:00,POLA
6.35,6.39,6.33,6.355,2400,2021-08-18 15:30:00,POLA
6.36,6.36,6.36,6.36,100,2021-08-18 15:35:00,POLA
6.31,6.359,6.3027,6.32,1379,2021-08-18 15:40:00,POLA
6.35,6.35,6.35,6.35,470,2021-08-18 15:45:00,POLA
6.38,6.38,6.38,6.38,100,2021-08-18 15:50:00,POLA
6.3799,6.45,6.36,6.45,2052,2021-08-18 15:55:00,POLA
6.45,6.45,6.43,6.43,1073,2021-08-18 16:00:00,POLA
6.47,6.47,6.47,6.47,100,2021-08-18 16:05:00,POLA
6.38,6.3922,6.36,6.36,1100,2021-08-18 16:10:00,POLA
6.44,6.44,6.396,6.396,900,2021-08-18 16:25:00,POLA
6.34,6.34,6.34,6.34,100,2021-08-18 16:40:00,POLA
6.43,6.43,6.43,6.43,100,2021-08-18 16:55:00,POLA
6.35,6.35,6.35,6.35,500,2021-08-18 17:00:00,POLA
6.35,6.35,6.35,6.35,200,2021-08-18 17:05:00,POLA
6.3961,6.3961,6.3364,6.3364,421,2021-08-18 17:10:00,POLA
6.34,6.34,6.25,6.32,5325,2021-08-18 17:15:00,POLA
6.31,6.34,6.26,6.34,1063,2021-08-18 17:20:00,POLA
6.3,6.3,6.3,6.3,202,2021-08-18 17:25:00,POLA
6.34,6.38,6.34,6.38,290,2021-08-18 17:30:00,POLA
6.35,6.35,6.35,6.35,400,2021-08-18 17:35:00,POLA
6.3,6.315,6.3,6.315,600,2021-08-18 17:40:00,POLA
6.2642,6.2642,6.2642,6.2642,200,2021-08-18 17:45:00,POLA
6.2998,6.2998,6.2998,6.2998,250,2021-08-18 17:55:00,POLA
6.32,6.33,6.32,6.33,347,2021-08-18 18:00:00,POLA
6.32,6.32,6.32,6.32,300,2021-08-18 18:10:00,POLA
6.4,6.4,6.4,6.4,200,2021-08-18 18:30:00,POLA
6.3746,6.3746,6.3746,6.3746,100,2021-08-18 18:35:00,POLA
6.325,6.37,6.325,6.37,514,2021-08-18 18:50:00,POLA
6.31,6.31,6.31,6.31,100,2021-08-18 18:55:00,POLA
6.355,6.36,6.355,6.36,700,2021-08-18 19:05:00,POLA
6.36,6.36,6.36,6.36,400,2021-08-18 19:20:00,POLA
6.34,6.35,6.33,6.35,500,2021-08-18 19:25:00,POLA
6.36,6.36,6.3,6.35,2331,2021-08-18 19:30:00,POLA
6.34,6.34,6.34,6.34,100,2021-08-18 19:35:00,POLA
6.35,6.37,6.2501,6.27,1700,2021-08-18 19:40:00,POLA
6.36,6.37,6.36,6.37,2200,2021-08-18 19:45:00,POLA
6.37,6.37,6.26,6.36,700,2021-08-18 19:50:00,POLA
6.35,6.35,6.261,6.32,2364,2021-08-18 19:55:00,POLA
6.26,6.26,6.26,6.26,3515,2021-08-18 20:00:00,POLA
6.26,6.26,6.26,6.26,100,2021-08-18 20:30:00,POLA
6.3,6.3,6.3,6.3,300,2021-08-18 22:25:00,POLA
6.01,6.01,6.01,6.01,111,2021-08-19 12:55:00,POLA
6.23,6.23,6.1158,6.1158,2655,2021-08-19 13:30:00,POLA
6.0927,6.3,6.0927,6.23,900,2021-08-19 13:35:00,POLA
6.23,6.32,6.23,6.32,1000,2021-08-19 13:50:00,POLA
6.26,6.26,6.1801,6.1801,605,2021-08-19 13:55:00,POLA
6.22,6.26,6.22,6.26,900,2021-08-19 14:00:00,POLA
6.275,6.275,6.275,6.275,1150,2021-08-19 14:10:00,POLA
6.3,6.3,6.25,6.25,1500,2021-08-19 14:15:00,POLA
6.28,6.28,6.28,6.28,1330,2021-08-19 14:20:00,POLA
6.255,6.255,6.21,6.21,1408,2021-08-19 14:25:00,POLA
6.14,6.14,5.96,5.992,8181,2021-08-19 14:30:00,POLA
6.0345,6.06,5.99,6.06,1781,2021-08-19 14:35:00,POLA
6.08,6.08,6.08,6.08,100,2021-08-19 14:40:00,POLA
6.25,6.25,6.25,6.25,1500,2021-08-19 14:45:00,POLA
6.0668,6.0668,6.0668,6.0668,540,2021-08-19 14:50:00,POLA
6.0601,6.24,6.0601,6.18,542,2021-08-19 14:55:00,POLA
6.22,6.22,6.08,6.09,1725,2021-08-19 15:05:00,POLA
6.11,6.11,6.05,6.05,2248,2021-08-19 15:10:00,POLA
6.05,6.051,6.05,6.051,200,2021-08-19 15:15:00,POLA
6.0604,6.0801,6.0604,6.0801,950,2021-08-19 15:20:00,POLA
6.05,6.05,6.05,6.05,400,2021-08-19 15:25:00,POLA
6.0801,6.0801,6.03,6.0321,1045,2021-08-19 15:30:00,POLA
6.061,6.061,6.061,6.061,100,2021-08-19 15:35:00,POLA
6.09,6.1,6.06,6.1,442,2021-08-19 15:55:00,POLA
6.12,6.15,6.12,6.15,1937,2021-08-19 16:00:00,POLA
6.15,6.15,6.15,6.15,500,2021-08-19 16:10:00,POLA
6.1177,6.1177,6.1177,6.1177,100,2021-08-19 16:15:00,POLA
6.1347,6.1347,6.1347,6.1347,1000,2021-08-19 16:25:00,POLA
6.15,6.15,6.1,6.15,300,2021-08-19 16:35:00,POLA
6.11,6.11,6.11,6.11,468,2021-08-19 16:50:00,POLA
6.1837,6.19,6.1837,6.19,229,2021-08-19 16:55:00,POLA
6.16,6.2,6.16,6.2,412,2021-08-19 17:00:00,POLA
6.16,6.16,6.16,6.16,498,2021-08-19 17:10:00,POLA
6.2,6.2,6.2,6.2,100,2021-08-19 17:15:00,POLA
6.1217,6.1217,6.1,6.1,544,2021-08-19 17:30:00,POLA
6.14,6.14,6.14,6.14,150,2021-08-19 17:35:00,POLA
6.1155,6.1155,6.1155,6.1155,100,2021-08-19 17:40:00,POLA
6.1289,6.1289,6.1289,6.1289,100,2021-08-19 17:45:00,POLA
6.1,6.1,6.1,6.1,250,2021-08-19 17:50:00,POLA
6.02,6.02,6.02,6.02,300,2021-08-19 18:00:00,POLA
6.08,6.08,5.97,5.98,2262,2021-08-19 18:15:00,POLA
5.975,6.0558,5.975,6.025,400,2021-08-19 18:20:00,POLA
5.99,6.0028,5.93,5.95,3895,2021-08-19 18:30:00,POLA
5.97,6.03,5.97,6.01,300,2021-08-19 18:35:00,POLA
6.08,6.08,6.08,6.08,100,2021-08-19 19:00:00,POLA
6.1,6.1,6.1,6.1,1000,2021-08-19 19:05:00,POLA
6.18,6.18,6.13,6.13,840,2021-08-19 19:20:00,POLA
6.16,6.16,6.16,6.16,100,2021-08-19 19:25:00,POLA
6.13,6.13,6.125,6.13,500,2021-08-19 19:50:00,POLA
6.12,6.12,6.05,6.05,1089,2021-08-19 19:55:00,POLA
6.05,6.05,6.05,6.05,1046,2021-08-19 20:00:00,POLA
6.04,6.04,6.04,6.04,170,2021-08-20 11:00:00,POLA
6.01,6.05,5.97,6.02,3146,2021-08-20 13:30:00,POLA
6.0712,6.0712,6.0712,6.0712,100,2021-08-20 13:40:00,POLA
6.1099,6.1099,5.97,5.97,1400,2021-08-20 13:45:00,POLA
6.09,6.1191,6.05,6.05,1600,2021-08-20 13:50:00,POLA
6.05,6.08,6.05,6.08,670,2021-08-20 13:55:00,POLA
6.08,6.08,6.08,6.08,1067,2021-08-20 14:10:00,POLA
6.11,6.11,6.11,6.11,101,2021-08-20 14:30:00,POLA
6.09,6.0984,6.015,6.015,1105,2021-08-20 14:35:00,POLA
6.01,6.02,6.0,6.0,1117,2021-08-20 14:40:00,POLA
6.04,6.04,6.0,6.0,2456,2021-08-20 14:45:00,POLA
5.9707,5.991,5.93,5.93,1698,2021-08-20 14:50:00,POLA
5.94,6.1,5.94,5.97,1717,2021-08-20 14:55:00,POLA
5.978,6.08,5.96,6.08,3985,2021-08-20 15:00:00,POLA
6.03,6.03,5.98,5.98,3705,2021-08-20 15:05:00,POLA
5.9923,5.9923,5.9923,5.9923,1000,2021-08-20 15:10:00,POLA
5.965,5.965,5.965,5.965,200,2021-08-20 15:15:00,POLA
6.01,6.04,6.01,6.04,600,2021-08-20 15:20:00,POLA
5.97,5.97,5.97,5.97,220,2021-08-20 15:25:00,POLA
5.93,5.93,5.93,5.93,100,2021-08-20 15:30:00,POLA
6.0001,6.0001,6.0001,6.0001,640,2021-08-20 15:35:00,POLA
5.99,6.0199,5.93,6.0199,561,2021-08-20 15:40:00,POLA
6.02,6.02,5.975,6.02,1500,2021-08-20 15:45:00,POLA
6.0199,6.0199,5.93,5.9601,9595,2021-08-20 15:50:00,POLA
5.96,6.04,5.96,6.03,12952,2021-08-20 15:55:00,POLA
6.03,6.24,6.015,6.195,60392,2021-08-20 16:00:00,POLA
6.19,6.22,6.1,6.16,22766,2021-08-20 16:05:00,POLA
6.16,6.2099,6.16,6.2099,4500,2021-08-20 16:10:00,POLA
6.1774,6.1774,6.1774,6.1774,1000,2021-08-20 16:15:00,POLA
6.14,6.14,6.1111,6.1111,3124,2021-08-20 16:20:00,POLA
6.145,6.1684,6.12,6.1684,3763,2021-08-20 16:25:00,POLA
6.1542,6.22,6.1542,6.185,5888,2021-08-20 16:30:00,POLA
6.22,6.2297,6.175,6.175,1901,2021-08-20 16:35:00,POLA
6.1999,6.1999,6.1999,6.1999,300,2021-08-20 16:40:00,POLA
6.2,6.2,6.2,6.2,400,2021-08-20 16:45:00,POLA
6.18,6.18,6.18,6.18,500,2021-08-20 16:50:00,POLA
6.15,6.15,6.135,6.135,1000,2021-08-20 16:55:00,POLA
6.15,6.15,6.1346,6.1393,2000,2021-08-20 17:00:00,POLA
6.13,6.13,6.1,6.1,2136,2021-08-20 17:10:00,POLA
6.09,6.09,6.075,6.075,416,2021-08-20 17:15:00,POLA
6.08,6.09,6.07,6.09,332,2021-08-20 17:20:00,POLA
6.09,6.09,6.09,6.09,600,2021-08-20 17:25:00,POLA
6.06,6.06,6.01,6.01,2599,2021-08-20 17:30:00,POLA
6.02,6.0299,6.0,6.005,1647,2021-08-20 17:35:00,POLA
6.04,6.04,6.0001,6.0001,918,2021-08-20 17:45:00,POLA
6.079,6.079,6.0601,6.0601,332,2021-08-20 17:50:00,POLA
6.05,6.05,6.05,6.05,100,2021-08-20 17:55:00,POLA
6.025,6.0593,6.02,6.0593,380,2021-08-20 18:00:00,POLA
6.0749,6.0749,6.0201,6.0201,300,2021-08-20 18:05:00,POLA
6.06,6.07,6.03,6.07,932,2021-08-20 18:15:00,POLA
6.05,6.07,6.05,6.052,860,2021-08-20 18:25:00,POLA
6.05,6.05,6.02,6.039,613,2021-08-20 18:30:00,POLA
6.039,6.039,6.0,6.0,741,2021-08-20 18:35:00,POLA
6.0499,6.0499,6.0499,6.0499,1500,2021-08-20 18:40:00,POLA
6.049,6.0824,6.049,6.05,774,2021-08-20 18:45:00,POLA
6.04,6.04,6.04,6.04,300,2021-08-20 18:50:00,POLA
6.035,6.07,6.0,6.0164,701,2021-08-20 18:55:00,POLA
6.01,6.01,6.01,6.01,100,2021-08-20 19:05:00,POLA
6.07,6.1,6.04,6.1,799,2021-08-20 19:10:00,POLA
6.12,6.12,6.0501,6.0501,500,2021-08-20 19:15:00,POLA
6.103,6.103,6.1,6.1,1336,2021-08-20 19:20:00,POLA
6.06,6.08,6.04,6.04,900,2021-08-20 19:25:00,POLA
6.0537,6.0537,6.0537,6.0537,200,2021-08-20 19:30:00,POLA
6.07,6.1051,6.06,6.06,789,2021-08-20 19:35:00,POLA
6.07,6.07,6.06,6.06,300,2021-08-20 19:45:00,POLA
6.05,6.08,6.05,6.07,735,2021-08-20 19:50:00,POLA
6.07,6.08,6.05,6.075,3592,2021-08-20 19:55:00,POLA
6.09,6.09,6.09,6.09,1549,2021-08-20 20:00:00,POLA
6.2,6.2,6.2,6.2,975,2021-08-20 20:15:00,POLA
6.19,6.19,6.19,6.19,114,2021-08-20 23:05:00,POLA
