open,high,low,close,volume,datetime,symbol
42.61,42.77,42.61,42.7,8709,2021-07-06 13:30:00,NATI
42.65,42.72,42.61,42.66,700,2021-07-06 13:33:00,NATI
42.621,42.621,42.621,42.621,104,2021-07-06 13:35:00,NATI
42.63,42.63,42.63,42.63,100,2021-07-06 13:36:00,NATI
42.64,42.73,42.64,42.7,699,2021-07-06 13:37:00,NATI
42.63,42.75,42.63,42.74,3242,2021-07-06 13:38:00,NATI
42.7,42.7,42.7,42.7,400,2021-07-06 13:40:00,NATI
42.72,42.72,42.72,42.72,100,2021-07-06 13:41:00,NATI
42.69,42.69,42.69,42.69,200,2021-07-06 13:42:00,NATI
42.68,42.72,42.68,42.7,300,2021-07-06 13:43:00,NATI
42.68,42.715,42.68,42.715,200,2021-07-06 13:44:00,NATI
42.68,42.68,42.61,42.63,900,2021-07-06 13:45:00,NATI
42.63,42.64,42.63,42.64,300,2021-07-06 13:46:00,NATI
42.64,42.67,42.63,42.67,1567,2021-07-06 13:47:00,NATI
42.655,42.655,42.63,42.63,200,2021-07-06 13:48:00,NATI
42.63,42.63,42.61,42.63,300,2021-07-06 13:49:00,NATI
42.63,42.63,42.63,42.63,600,2021-07-06 13:50:00,NATI
42.625,42.625,42.625,42.625,301,2021-07-06 13:51:00,NATI
42.625,42.64,42.6,42.6396,2370,2021-07-06 13:52:00,NATI
42.63,42.63,42.59,42.59,1549,2021-07-06 13:53:00,NATI
42.59,42.615,42.545,42.545,1800,2021-07-06 13:54:00,NATI
42.54,42.565,42.54,42.55,1018,2021-07-06 13:55:00,NATI
42.55,42.55,42.52,42.52,416,2021-07-06 13:56:00,NATI
42.48,42.48,42.48,42.48,100,2021-07-06 13:57:00,NATI
42.48,42.48,42.44,42.44,300,2021-07-06 13:59:00,NATI
42.51,42.51,42.5,42.5,1109,2021-07-06 14:00:00,NATI
42.47,42.47,42.43,42.43,1100,2021-07-06 14:02:00,NATI
42.43,42.455,42.43,42.45,733,2021-07-06 14:03:00,NATI
42.42,42.425,42.42,42.42,400,2021-07-06 14:04:00,NATI
42.44,42.45,42.43,42.43,1354,2021-07-06 14:05:00,NATI
42.445,42.445,42.42,42.44,900,2021-07-06 14:06:00,NATI
42.435,42.46,42.435,42.46,200,2021-07-06 14:07:00,NATI
42.435,42.435,42.435,42.435,200,2021-07-06 14:08:00,NATI
42.435,42.445,42.43,42.43,300,2021-07-06 14:09:00,NATI
42.43,42.43,42.43,42.43,200,2021-07-06 14:10:00,NATI
42.43,42.43,42.425,42.425,200,2021-07-06 14:11:00,NATI
42.425,42.425,42.425,42.425,300,2021-07-06 14:12:00,NATI
42.43,42.43,42.395,42.395,737,2021-07-06 14:13:00,NATI
42.4,42.44,42.4,42.43,1890,2021-07-06 14:14:00,NATI
42.4,42.4,42.395,42.395,360,2021-07-06 14:15:00,NATI
42.395,42.395,42.395,42.395,300,2021-07-06 14:16:00,NATI
42.4,42.455,42.4,42.44,1300,2021-07-06 14:17:00,NATI
42.43,42.45,42.42,42.45,800,2021-07-06 14:18:00,NATI
42.42,42.42,42.42,42.42,200,2021-07-06 14:19:00,NATI
42.37,42.37,42.36,42.36,412,2021-07-06 14:20:00,NATI
42.36,42.39,42.36,42.39,1100,2021-07-06 14:21:00,NATI
42.38,42.39,42.37,42.39,600,2021-07-06 14:22:00,NATI
42.36,42.36,42.36,42.36,100,2021-07-06 14:23:00,NATI
42.42,42.46,42.405,42.46,1859,2021-07-06 14:25:00,NATI
42.46,42.47,42.46,42.47,300,2021-07-06 14:26:00,NATI
42.45,42.45,42.45,42.45,200,2021-07-06 14:27:00,NATI
42.47,42.5,42.45,42.48,4096,2021-07-06 14:28:00,NATI
42.46,42.47,42.46,42.47,800,2021-07-06 14:29:00,NATI
42.47,42.48,42.47,42.48,500,2021-07-06 14:30:00,NATI
42.49,42.49,42.48,42.48,300,2021-07-06 14:31:00,NATI
42.46,42.465,42.46,42.465,1601,2021-07-06 14:32:00,NATI
42.45,42.45,42.42,42.44,1800,2021-07-06 14:33:00,NATI
42.42,42.42,42.42,42.42,100,2021-07-06 14:35:00,NATI
42.43,42.49,42.43,42.49,2359,2021-07-06 14:36:00,NATI
42.49,42.53,42.49,42.52,6743,2021-07-06 14:37:00,NATI
42.515,42.53,42.515,42.53,2200,2021-07-06 14:38:00,NATI
42.53,42.54,42.53,42.54,200,2021-07-06 14:39:00,NATI
42.53,42.53,42.515,42.515,900,2021-07-06 14:40:00,NATI
42.52,42.53,42.52,42.53,743,2021-07-06 14:41:00,NATI
42.535,42.535,42.52,42.52,500,2021-07-06 14:42:00,NATI
42.51,42.51,42.5,42.5,400,2021-07-06 14:43:00,NATI
42.52,42.55,42.52,42.55,1280,2021-07-06 14:44:00,NATI
42.53,42.545,42.5,42.51,2600,2021-07-06 14:45:00,NATI
42.5,42.5,42.48,42.48,2147,2021-07-06 14:46:00,NATI
42.475,42.5,42.47,42.5,1100,2021-07-06 14:48:00,NATI
42.47,42.48,42.47,42.48,600,2021-07-06 14:49:00,NATI
42.465,42.48,42.455,42.48,1300,2021-07-06 14:50:00,NATI
42.48,42.52,42.48,42.5,9145,2021-07-06 14:51:00,NATI
42.5,42.51,42.48,42.49,1600,2021-07-06 14:52:00,NATI
42.495,42.51,42.495,42.51,300,2021-07-06 14:53:00,NATI
42.51,42.52,42.49,42.52,1200,2021-07-06 14:54:00,NATI
42.5,42.5,42.4861,42.4861,1290,2021-07-06 14:55:00,NATI
42.48,42.48,42.48,42.48,300,2021-07-06 14:56:00,NATI
42.5,42.5,42.48,42.49,600,2021-07-06 14:57:00,NATI
42.47,42.5,42.47,42.5,700,2021-07-06 14:58:00,NATI
42.505,42.505,42.48,42.48,700,2021-07-06 14:59:00,NATI
42.47,42.49,42.47,42.48,500,2021-07-06 15:00:00,NATI
42.46,42.49,42.46,42.47,1394,2021-07-06 15:01:00,NATI
42.47,42.47,42.45,42.45,900,2021-07-06 15:02:00,NATI
42.435,42.435,42.435,42.435,300,2021-07-06 15:03:00,NATI
42.43,42.43,42.405,42.405,500,2021-07-06 15:04:00,NATI
42.39,42.44,42.39,42.44,2169,2021-07-06 15:05:00,NATI
42.425,42.47,42.425,42.47,900,2021-07-06 15:06:00,NATI
42.46,42.46,42.45,42.45,200,2021-07-06 15:07:00,NATI
42.46,42.47,42.46,42.47,1527,2021-07-06 15:08:00,NATI
42.47,42.47,42.47,42.47,200,2021-07-06 15:09:00,NATI
42.48,42.48,42.46,42.46,1800,2021-07-06 15:10:00,NATI
42.47,42.48,42.465,42.47,1301,2021-07-06 15:11:00,NATI
42.49,42.5,42.49,42.495,614,2021-07-06 15:13:00,NATI
42.51,42.535,42.51,42.53,2000,2021-07-06 15:14:00,NATI
42.53,42.54,42.5,42.5,1500,2021-07-06 15:15:00,NATI
42.51,42.54,42.51,42.535,973,2021-07-06 15:16:00,NATI
42.535,42.55,42.51,42.51,1509,2021-07-06 15:17:00,NATI
42.51,42.52,42.51,42.515,499,2021-07-06 15:18:00,NATI
42.51,42.51,42.47,42.47,1200,2021-07-06 15:19:00,NATI
42.47,42.475,42.47,42.475,300,2021-07-06 15:20:00,NATI
42.475,42.49,42.475,42.485,1276,2021-07-06 15:21:00,NATI
42.475,42.475,42.475,42.475,100,2021-07-06 15:22:00,NATI
42.47,42.48,42.47,42.47,500,2021-07-06 15:23:00,NATI
42.47,42.47,42.47,42.47,300,2021-07-06 15:24:00,NATI
42.47,42.48,42.43,42.43,2200,2021-07-06 15:25:00,NATI
42.43,42.45,42.43,42.45,2095,2021-07-06 15:26:00,NATI
42.45,42.49,42.45,42.47,1100,2021-07-06 15:27:00,NATI
42.52,42.54,42.52,42.54,700,2021-07-06 15:28:00,NATI
42.54,42.56,42.54,42.55,700,2021-07-06 15:29:00,NATI
42.56,42.56,42.52,42.52,1200,2021-07-06 15:30:00,NATI
42.52,42.52,42.52,42.52,200,2021-07-06 15:31:00,NATI
42.52,42.54,42.52,42.54,1832,2021-07-06 15:32:00,NATI
42.54,42.54,42.53,42.53,600,2021-07-06 15:33:00,NATI
42.515,42.53,42.51,42.53,1797,2021-07-06 15:34:00,NATI
42.55,42.56,42.54,42.56,800,2021-07-06 15:35:00,NATI
42.57,42.59,42.57,42.57,604,2021-07-06 15:36:00,NATI
42.57,42.61,42.57,42.61,700,2021-07-06 15:37:00,NATI
42.59,42.6,42.575,42.575,500,2021-07-06 15:38:00,NATI
42.59,42.62,42.59,42.6,1100,2021-07-06 15:39:00,NATI
42.59,42.596,42.57,42.57,1500,2021-07-06 15:40:00,NATI
42.57,42.58,42.57,42.58,200,2021-07-06 15:41:00,NATI
42.58,42.585,42.58,42.585,200,2021-07-06 15:42:00,NATI
42.59,42.59,42.57,42.58,700,2021-07-06 15:43:00,NATI
42.57,42.57,42.55,42.55,500,2021-07-06 15:44:00,NATI
42.55,42.55,42.52,42.52,780,2021-07-06 15:45:00,NATI
42.48,42.5,42.47,42.485,1819,2021-07-06 15:46:00,NATI
42.485,42.485,42.48,42.48,400,2021-07-06 15:47:00,NATI
42.49,42.49,42.47,42.475,1677,2021-07-06 15:48:00,NATI
42.47,42.48,42.47,42.47,400,2021-07-06 15:49:00,NATI
42.48,42.49,42.475,42.475,1100,2021-07-06 15:50:00,NATI
42.46,42.465,42.45,42.45,500,2021-07-06 15:51:00,NATI
42.45,42.45,42.42,42.42,500,2021-07-06 15:52:00,NATI
42.42,42.42,42.39,42.39,300,2021-07-06 15:54:00,NATI
42.41,42.41,42.39,42.39,529,2021-07-06 15:55:00,NATI
42.385,42.39,42.385,42.39,200,2021-07-06 15:56:00,NATI
42.41,42.44,42.41,42.44,2200,2021-07-06 15:57:00,NATI
42.41,42.41,42.4,42.4,400,2021-07-06 15:58:00,NATI
42.4075,42.4075,42.4,42.4,393,2021-07-06 15:59:00,NATI
42.39,42.39,42.39,42.39,500,2021-07-06 16:00:00,NATI
42.36,42.36,42.36,42.36,100,2021-07-06 16:01:00,NATI
42.37,42.37,42.35,42.35,400,2021-07-06 16:02:00,NATI
42.33,42.34,42.33,42.34,200,2021-07-06 16:03:00,NATI
42.33,42.35,42.33,42.335,929,2021-07-06 16:04:00,NATI
42.33,42.33,42.33,42.33,100,2021-07-06 16:05:00,NATI
42.34,42.35,42.34,42.35,600,2021-07-06 16:06:00,NATI
42.35,42.35,42.3,42.3,2700,2021-07-06 16:07:00,NATI
42.3,42.3,42.3,42.3,300,2021-07-06 16:08:00,NATI
42.28,42.29,42.27,42.27,800,2021-07-06 16:09:00,NATI
42.275,42.275,42.275,42.275,100,2021-07-06 16:10:00,NATI
42.29,42.315,42.28,42.29,2000,2021-07-06 16:11:00,NATI
42.3,42.3,42.275,42.275,1200,2021-07-06 16:12:00,NATI
42.29,42.29,42.29,42.29,200,2021-07-06 16:13:00,NATI
42.27,42.28,42.27,42.275,1220,2021-07-06 16:14:00,NATI
42.27,42.27,42.26,42.27,900,2021-07-06 16:15:00,NATI
42.27,42.27,42.25,42.25,500,2021-07-06 16:16:00,NATI
42.245,42.245,42.245,42.245,100,2021-07-06 16:17:00,NATI
42.245,42.245,42.22,42.22,956,2021-07-06 16:18:00,NATI
42.21,42.21,42.18,42.19,966,2021-07-06 16:19:00,NATI
42.21,42.21,42.17,42.17,2727,2021-07-06 16:20:00,NATI
42.17,42.17,42.17,42.17,200,2021-07-06 16:21:00,NATI
42.175,42.23,42.175,42.21,1600,2021-07-06 16:22:00,NATI
42.22,42.23,42.205,42.205,1400,2021-07-06 16:24:00,NATI
42.2,42.205,42.17,42.18,900,2021-07-06 16:25:00,NATI
42.15,42.15,42.15,42.15,100,2021-07-06 16:26:00,NATI
42.15,42.15,42.15,42.15,100,2021-07-06 16:27:00,NATI
42.19,42.2,42.17,42.17,1800,2021-07-06 16:28:00,NATI
42.17,42.17,42.15,42.15,900,2021-07-06 16:29:00,NATI
42.14,42.14,42.11,42.11,980,2021-07-06 16:30:00,NATI
42.12,42.16,42.12,42.16,300,2021-07-06 16:31:00,NATI
42.145,42.145,42.08,42.11,1700,2021-07-06 16:32:00,NATI
42.13,42.13,42.13,42.13,100,2021-07-06 16:34:00,NATI
42.11,42.11,42.11,42.11,600,2021-07-06 16:35:00,NATI
42.09,42.09,42.09,42.09,300,2021-07-06 16:36:00,NATI
42.08,42.09,42.07,42.07,900,2021-07-06 16:37:00,NATI
42.08,42.11,42.08,42.11,5630,2021-07-06 16:38:00,NATI
42.12,42.135,42.12,42.12,1200,2021-07-06 16:39:00,NATI
42.12,42.12,42.11,42.115,1000,2021-07-06 16:40:00,NATI
42.1,42.1,42.1,42.1,1000,2021-07-06 16:41:00,NATI
42.09,42.1,42.08,42.08,800,2021-07-06 16:42:00,NATI
42.1,42.105,42.08,42.09,2900,2021-07-06 16:43:00,NATI
42.1,42.1,42.1,42.1,100,2021-07-06 16:44:00,NATI
42.08,42.08,42.08,42.08,100,2021-07-06 16:45:00,NATI
42.095,42.095,42.06,42.06,1100,2021-07-06 16:46:00,NATI
42.06,42.08,42.06,42.08,1264,2021-07-06 16:47:00,NATI
42.085,42.085,42.07,42.07,300,2021-07-06 16:48:00,NATI
42.09,42.09,42.07,42.07,200,2021-07-06 16:49:00,NATI
42.07,42.075,42.07,42.075,300,2021-07-06 16:50:00,NATI
42.09,42.14,42.09,42.14,1300,2021-07-06 16:51:00,NATI
42.12,42.12,42.1,42.1,600,2021-07-06 16:52:00,NATI
42.1,42.1,42.1,42.1,200,2021-07-06 16:53:00,NATI
42.135,42.14,42.135,42.1375,500,2021-07-06 16:54:00,NATI
42.135,42.135,42.12,42.135,1100,2021-07-06 16:55:00,NATI
42.135,42.16,42.135,42.16,900,2021-07-06 16:56:00,NATI
42.17,42.17,42.17,42.17,942,2021-07-06 16:57:00,NATI
42.18,42.2,42.17,42.2,1600,2021-07-06 16:58:00,NATI
42.2,42.2,42.2,42.2,100,2021-07-06 16:59:00,NATI
42.2,42.2,42.2,42.2,700,2021-07-06 17:00:00,NATI
42.2,42.2,42.2,42.2,100,2021-07-06 17:01:00,NATI
42.2,42.2,42.2,42.2,800,2021-07-06 17:02:00,NATI
42.2,42.2,42.19,42.19,1000,2021-07-06 17:03:00,NATI
42.2,42.23,42.2,42.2075,1700,2021-07-06 17:04:00,NATI
42.25,42.25,42.24,42.24,1200,2021-07-06 17:05:00,NATI
42.255,42.255,42.255,42.255,1100,2021-07-06 17:06:00,NATI
42.25,42.25,42.22,42.24,1400,2021-07-06 17:07:00,NATI
42.225,42.225,42.225,42.225,100,2021-07-06 17:08:00,NATI
42.225,42.225,42.225,42.225,200,2021-07-06 17:09:00,NATI
42.23,42.23,42.21,42.23,1006,2021-07-06 17:10:00,NATI
42.22,42.23,42.21,42.23,430,2021-07-06 17:11:00,NATI
42.215,42.215,42.215,42.215,300,2021-07-06 17:12:00,NATI
42.215,42.26,42.215,42.26,500,2021-07-06 17:13:00,NATI
42.245,42.245,42.22,42.24,796,2021-07-06 17:14:00,NATI
42.23,42.23,42.22,42.22,500,2021-07-06 17:15:00,NATI
42.235,42.235,42.235,42.235,500,2021-07-06 17:16:00,NATI
42.24,42.24,42.22,42.22,606,2021-07-06 17:17:00,NATI
42.235,42.24,42.235,42.24,400,2021-07-06 17:18:00,NATI
42.23,42.245,42.23,42.245,600,2021-07-06 17:19:00,NATI
42.26,42.26,42.24,42.25,1800,2021-07-06 17:20:00,NATI
42.25,42.255,42.245,42.245,900,2021-07-06 17:22:00,NATI
42.24,42.24,42.24,42.24,400,2021-07-06 17:23:00,NATI
42.24,42.24,42.23,42.23,500,2021-07-06 17:24:00,NATI
42.24,42.27,42.24,42.24,2308,2021-07-06 17:25:00,NATI
42.245,42.245,42.22,42.22,600,2021-07-06 17:26:00,NATI
42.245,42.245,42.245,42.245,200,2021-07-06 17:27:00,NATI
42.23,42.235,42.22,42.235,300,2021-07-06 17:28:00,NATI
42.22,42.24,42.22,42.24,300,2021-07-06 17:29:00,NATI
42.22,42.22,42.22,42.22,200,2021-07-06 17:30:00,NATI
42.235,42.235,42.22,42.235,597,2021-07-06 17:31:00,NATI
42.22,42.22,42.21,42.2167,1237,2021-07-06 17:32:00,NATI
42.21,42.24,42.21,42.221,3300,2021-07-06 17:33:00,NATI
42.25,42.25,42.24,42.24,1040,2021-07-06 17:34:00,NATI
42.23,42.23,42.23,42.23,100,2021-07-06 17:35:00,NATI
42.235,42.25,42.235,42.25,600,2021-07-06 17:36:00,NATI
42.25,42.27,42.25,42.27,300,2021-07-06 17:37:00,NATI
42.27,42.27,42.27,42.27,100,2021-07-06 17:38:00,NATI
42.285,42.285,42.27,42.27,532,2021-07-06 17:39:00,NATI
42.29,42.29,42.29,42.29,500,2021-07-06 17:40:00,NATI
42.28,42.28,42.28,42.28,200,2021-07-06 17:41:00,NATI
42.28,42.28,42.28,42.28,700,2021-07-06 17:42:00,NATI
42.285,42.3,42.285,42.3,200,2021-07-06 17:43:00,NATI
42.29,42.315,42.29,42.31,1200,2021-07-06 17:44:00,NATI
42.32,42.32,42.32,42.32,100,2021-07-06 17:45:00,NATI
42.3,42.3,42.3,42.3,1100,2021-07-06 17:46:00,NATI
42.31,42.315,42.295,42.315,2713,2021-07-06 17:47:00,NATI
42.315,42.315,42.315,42.315,300,2021-07-06 17:48:00,NATI
42.32,42.32,42.31,42.315,1100,2021-07-06 17:49:00,NATI
42.315,42.315,42.315,42.315,100,2021-07-06 17:50:00,NATI
42.31,42.32,42.3,42.3,342,2021-07-06 17:52:00,NATI
42.3,42.325,42.28,42.325,1600,2021-07-06 17:53:00,NATI
42.315,42.315,42.3,42.3,400,2021-07-06 17:54:00,NATI
42.31,42.32,42.3,42.3,1792,2021-07-06 17:55:00,NATI
42.32,42.32,42.31,42.31,200,2021-07-06 17:56:00,NATI
42.3,42.315,42.3,42.3074,808,2021-07-06 17:57:00,NATI
42.31,42.33,42.31,42.315,500,2021-07-06 17:58:00,NATI
42.315,42.315,42.3,42.3,400,2021-07-06 17:59:00,NATI
42.3,42.315,42.3,42.315,613,2021-07-06 18:00:00,NATI
42.3,42.3,42.3,42.3,100,2021-07-06 18:01:00,NATI
42.3,42.3,42.3,42.3,400,2021-07-06 18:02:00,NATI
42.305,42.305,42.29,42.29,300,2021-07-06 18:03:00,NATI
42.31,42.315,42.305,42.305,2976,2021-07-06 18:04:00,NATI
42.29,42.305,42.28,42.28,600,2021-07-06 18:05:00,NATI
42.295,42.295,42.28,42.28,700,2021-07-06 18:06:00,NATI
42.29,42.31,42.29,42.3,1600,2021-07-06 18:07:00,NATI
42.3,42.3,42.3,42.3,200,2021-07-06 18:08:00,NATI
42.3,42.3,42.29,42.29,1019,2021-07-06 18:09:00,NATI
42.28,42.28,42.27,42.27,800,2021-07-06 18:10:00,NATI
42.27,42.3,42.27,42.3,2850,2021-07-06 18:11:00,NATI
42.295,42.295,42.295,42.295,500,2021-07-06 18:12:00,NATI
42.3,42.3,42.3,42.3,400,2021-07-06 18:13:00,NATI
42.29,42.3,42.29,42.295,1500,2021-07-06 18:14:00,NATI
42.295,42.31,42.29,42.3,2237,2021-07-06 18:15:00,NATI
42.305,42.33,42.3,42.33,1300,2021-07-06 18:16:00,NATI
42.34,42.35,42.34,42.35,308,2021-07-06 18:17:00,NATI
42.35,42.36,42.35,42.35,1200,2021-07-06 18:18:00,NATI
42.355,42.355,42.355,42.355,400,2021-07-06 18:19:00,NATI
42.355,42.355,42.355,42.355,1600,2021-07-06 18:21:00,NATI
42.35,42.35,42.33,42.33,900,2021-07-06 18:22:00,NATI
42.345,42.345,42.345,42.345,500,2021-07-06 18:23:00,NATI
42.345,42.345,42.345,42.345,400,2021-07-06 18:24:00,NATI
42.345,42.35,42.34,42.34,1962,2021-07-06 18:25:00,NATI
42.34,42.34,42.33,42.34,400,2021-07-06 18:26:00,NATI
42.33,42.34,42.32,42.32,900,2021-07-06 18:27:00,NATI
42.32,42.355,42.31,42.355,1800,2021-07-06 18:28:00,NATI
42.34,42.34,42.33,42.335,1200,2021-07-06 18:29:00,NATI
42.335,42.35,42.335,42.34,1059,2021-07-06 18:30:00,NATI
42.345,42.345,42.345,42.345,300,2021-07-06 18:31:00,NATI
42.37,42.4,42.365,42.4,1586,2021-07-06 18:32:00,NATI
42.4,42.415,42.4,42.415,500,2021-07-06 18:33:00,NATI
42.415,42.43,42.415,42.43,524,2021-07-06 18:34:00,NATI
42.43,42.43,42.41,42.415,1300,2021-07-06 18:35:00,NATI
42.41,42.41,42.4,42.41,700,2021-07-06 18:37:00,NATI
42.4,42.405,42.4,42.405,300,2021-07-06 18:38:00,NATI
42.405,42.42,42.4,42.4,1500,2021-07-06 18:39:00,NATI
42.4,42.4,42.39,42.39,1000,2021-07-06 18:40:00,NATI
42.39,42.41,42.39,42.4,1737,2021-07-06 18:41:00,NATI
42.39,42.405,42.39,42.405,948,2021-07-06 18:42:00,NATI
42.405,42.405,42.39,42.39,300,2021-07-06 18:43:00,NATI
42.4,42.41,42.4,42.41,259,2021-07-06 18:44:00,NATI
42.38,42.395,42.38,42.38,400,2021-07-06 18:45:00,NATI
42.41,42.425,42.41,42.415,1700,2021-07-06 18:46:00,NATI
42.415,42.415,42.415,42.415,200,2021-07-06 18:47:00,NATI
42.42,42.44,42.42,42.44,2003,2021-07-06 18:48:00,NATI
42.44,42.44,42.41,42.425,900,2021-07-06 18:49:00,NATI
42.41,42.44,42.41,42.42,600,2021-07-06 18:50:00,NATI
42.425,42.425,42.4,42.4,1100,2021-07-06 18:51:00,NATI
42.41,42.41,42.39,42.39,1220,2021-07-06 18:52:00,NATI
42.35,42.35,42.35,42.35,306,2021-07-06 18:53:00,NATI
42.35,42.37,42.35,42.36,500,2021-07-06 18:54:00,NATI
42.34,42.36,42.34,42.355,600,2021-07-06 18:55:00,NATI
42.355,42.355,42.34,42.345,800,2021-07-06 18:56:00,NATI
42.33,42.37,42.33,42.36,3000,2021-07-06 18:57:00,NATI
42.385,42.385,42.36,42.37,1200,2021-07-06 18:58:00,NATI
42.37,42.37,42.37,42.37,300,2021-07-06 18:59:00,NATI
42.365,42.365,42.365,42.365,200,2021-07-06 19:00:00,NATI
42.37,42.39,42.37,42.39,1642,2021-07-06 19:01:00,NATI
42.38,42.39,42.38,42.385,1745,2021-07-06 19:02:00,NATI
42.39,42.39,42.39,42.39,303,2021-07-06 19:03:00,NATI
42.39,42.39,42.38,42.38,400,2021-07-06 19:04:00,NATI
42.37,42.39,42.37,42.39,500,2021-07-06 19:05:00,NATI
42.375,42.39,42.37,42.39,1646,2021-07-06 19:06:00,NATI
42.4,42.46,42.4,42.45,5999,2021-07-06 19:07:00,NATI
42.45,42.45,42.42,42.435,2169,2021-07-06 19:08:00,NATI
42.435,42.44,42.435,42.44,1100,2021-07-06 19:09:00,NATI
42.44,42.47,42.43,42.47,4118,2021-07-06 19:10:00,NATI
42.49,42.51,42.49,42.51,600,2021-07-06 19:11:00,NATI
42.535,42.535,42.495,42.5,3214,2021-07-06 19:12:00,NATI
42.495,42.495,42.495,42.495,300,2021-07-06 19:13:00,NATI
42.495,42.495,42.47,42.47,1397,2021-07-06 19:14:00,NATI
42.48,42.51,42.48,42.48,1999,2021-07-06 19:16:00,NATI
42.48,42.485,42.47,42.48,700,2021-07-06 19:17:00,NATI
42.47,42.47,42.45,42.455,500,2021-07-06 19:18:00,NATI
42.455,42.46,42.43,42.45,1200,2021-07-06 19:19:00,NATI
42.45,42.45,42.45,42.45,300,2021-07-06 19:20:00,NATI
42.465,42.48,42.45,42.48,2912,2021-07-06 19:21:00,NATI
42.48,42.5,42.48,42.5,981,2021-07-06 19:22:00,NATI
42.5,42.5,42.49,42.49,1200,2021-07-06 19:23:00,NATI
42.49,42.49,42.49,42.49,500,2021-07-06 19:24:00,NATI
42.48,42.49,42.48,42.485,1361,2021-07-06 19:25:00,NATI
42.49,42.5,42.48,42.49,929,2021-07-06 19:26:00,NATI
42.5,42.5,42.49,42.49,900,2021-07-06 19:27:00,NATI
42.48,42.485,42.47,42.475,600,2021-07-06 19:28:00,NATI
42.49,42.5,42.475,42.5,2200,2021-07-06 19:29:00,NATI
42.509,42.53,42.509,42.52,2404,2021-07-06 19:30:00,NATI
42.52,42.53,42.515,42.515,1028,2021-07-06 19:31:00,NATI
42.515,42.55,42.51,42.55,2314,2021-07-06 19:32:00,NATI
42.56,42.56,42.53,42.55,2310,2021-07-06 19:33:00,NATI
42.545,42.545,42.53,42.53,700,2021-07-06 19:34:00,NATI
42.535,42.535,42.52,42.53,1000,2021-07-06 19:35:00,NATI
42.53,42.54,42.52,42.53,2313,2021-07-06 19:36:00,NATI
42.53,42.585,42.53,42.585,2600,2021-07-06 19:37:00,NATI
42.58,42.585,42.58,42.585,500,2021-07-06 19:38:00,NATI
42.585,42.6,42.54,42.55,18372,2021-07-06 19:39:00,NATI
42.54,42.545,42.53,42.545,937,2021-07-06 19:40:00,NATI
42.55,42.56,42.54,42.54,4267,2021-07-06 19:41:00,NATI
42.55,42.55,42.54,42.54,914,2021-07-06 19:42:00,NATI
42.55,42.56,42.55,42.555,7100,2021-07-06 19:43:00,NATI
42.54,42.555,42.54,42.55,1407,2021-07-06 19:44:00,NATI
42.555,42.57,42.54,42.56,1765,2021-07-06 19:45:00,NATI
42.56,42.57,42.56,42.56,1100,2021-07-06 19:46:00,NATI
42.57,42.59,42.57,42.59,1184,2021-07-06 19:47:00,NATI
42.595,42.6,42.58,42.59,1500,2021-07-06 19:48:00,NATI
42.58,42.58,42.56,42.5675,3441,2021-07-06 19:49:00,NATI
42.59,42.7,42.59,42.64,9636,2021-07-06 19:50:00,NATI
42.64,42.65,42.62,42.62,2155,2021-07-06 19:51:00,NATI
42.625,42.63,42.6,42.6,2900,2021-07-06 19:52:00,NATI
42.59,42.6,42.54,42.54,5757,2021-07-06 19:53:00,NATI
42.54,42.67,42.51,42.65,18655,2021-07-06 19:54:00,NATI
42.67,42.73,42.67,42.71,10156,2021-07-06 19:55:00,NATI
42.72,42.72,42.68,42.69,8862,2021-07-06 19:56:00,NATI
42.685,42.72,42.67,42.69,10960,2021-07-06 19:57:00,NATI
42.68,42.68,42.65,42.66,4078,2021-07-06 19:58:00,NATI
42.665,42.73,42.65,42.71,17974,2021-07-06 19:59:00,NATI
42.71,42.71,42.71,42.71,724399,2021-07-06 20:00:00,NATI
42.71,42.71,42.71,42.71,264,2021-07-06 20:02:00,NATI
42.71,42.71,42.71,42.71,1361,2021-07-06 21:12:00,NATI
42.84,42.84,42.68,42.68,9226,2021-07-07 13:30:00,NATI
42.76,42.8,42.76,42.8,300,2021-07-07 13:31:00,NATI
42.88,42.91,42.8,42.89,1031,2021-07-07 13:33:00,NATI
42.86,42.86,42.755,42.785,400,2021-07-07 13:34:00,NATI
42.93,42.93,42.93,42.93,200,2021-07-07 13:35:00,NATI
42.96,43.0,42.86,42.8631,3168,2021-07-07 13:37:00,NATI
42.87,42.87,42.68,42.68,1614,2021-07-07 13:38:00,NATI
42.78,42.84,42.77,42.77,500,2021-07-07 13:39:00,NATI
42.795,42.83,42.75,42.83,452,2021-07-07 13:41:00,NATI
42.84,42.84,42.795,42.83,800,2021-07-07 13:42:00,NATI
42.815,42.815,42.815,42.815,100,2021-07-07 13:43:00,NATI
42.9,42.9,42.9,42.9,200,2021-07-07 13:44:00,NATI
42.84,42.84,42.84,42.84,100,2021-07-07 13:45:00,NATI
42.86,42.87,42.86,42.86,500,2021-07-07 13:46:00,NATI
42.85,42.85,42.85,42.85,100,2021-07-07 13:47:00,NATI
42.91,42.94,42.91,42.925,600,2021-07-07 13:48:00,NATI
42.91,42.91,42.88,42.88,500,2021-07-07 13:49:00,NATI
42.87,42.87,42.87,42.87,100,2021-07-07 13:50:00,NATI
42.84,42.84,42.84,42.84,200,2021-07-07 13:51:00,NATI
42.79,42.79,42.79,42.79,131,2021-07-07 13:53:00,NATI
42.761,42.79,42.581,42.7,32770,2021-07-07 13:56:00,NATI
42.71,42.71,42.71,42.71,200,2021-07-07 13:57:00,NATI
42.69,42.69,42.69,42.69,100,2021-07-07 13:59:00,NATI
42.695,42.695,42.695,42.695,100,2021-07-07 14:00:00,NATI
42.65,42.66,42.62,42.62,300,2021-07-07 14:01:00,NATI
42.62,42.62,42.6,42.6,500,2021-07-07 14:02:00,NATI
42.55,42.55,42.44,42.44,600,2021-07-07 14:03:00,NATI
42.56,42.56,42.45,42.45,1100,2021-07-07 14:04:00,NATI
42.45,42.49,42.44,42.44,2200,2021-07-07 14:05:00,NATI
42.47,42.475,42.44,42.44,500,2021-07-07 14:06:00,NATI
42.45,42.45,42.38,42.38,300,2021-07-07 14:07:00,NATI
42.37,42.37,42.33,42.33,200,2021-07-07 14:08:00,NATI
42.37,42.37,42.37,42.37,200,2021-07-07 14:09:00,NATI
42.4,42.43,42.4,42.4,500,2021-07-07 14:10:00,NATI
42.37,42.41,42.36,42.38,1400,2021-07-07 14:12:00,NATI
42.4,42.44,42.4,42.43,760,2021-07-07 14:14:00,NATI
42.4,42.42,42.4,42.42,200,2021-07-07 14:15:00,NATI
42.41,42.41,42.38,42.38,300,2021-07-07 14:16:00,NATI
42.39,42.39,42.39,42.39,900,2021-07-07 14:19:00,NATI
42.37,42.38,42.36,42.37,700,2021-07-07 14:20:00,NATI
42.34,42.34,42.34,42.34,201,2021-07-07 14:21:00,NATI
42.34,42.34,42.34,42.34,100,2021-07-07 14:22:00,NATI
42.36,42.37,42.345,42.35,1312,2021-07-07 14:23:00,NATI
42.33,42.33,42.33,42.33,164,2021-07-07 14:24:00,NATI
42.3,42.3,42.28,42.29,300,2021-07-07 14:25:00,NATI
42.28,42.28,42.28,42.28,100,2021-07-07 14:26:00,NATI
42.3,42.32,42.29,42.32,971,2021-07-07 14:27:00,NATI
42.26,42.27,42.26,42.27,200,2021-07-07 14:28:00,NATI
42.23,42.23,42.23,42.23,300,2021-07-07 14:29:00,NATI
42.22,42.22,42.22,42.22,300,2021-07-07 14:30:00,NATI
42.1813,42.1813,42.18,42.18,259,2021-07-07 14:31:00,NATI
42.14,42.15,42.11,42.15,600,2021-07-07 14:32:00,NATI
42.12,42.12,42.12,42.12,100,2021-07-07 14:34:00,NATI
42.11,42.11,42.11,42.11,100,2021-07-07 14:35:00,NATI
42.11,42.11,42.09,42.1,778,2021-07-07 14:36:00,NATI
42.07,42.07,42.07,42.07,100,2021-07-07 14:38:00,NATI
42.06,42.065,42.05,42.05,313,2021-07-07 14:40:00,NATI
42.05,42.05,42.05,42.05,100,2021-07-07 14:42:00,NATI
42.02,42.02,42.02,42.02,100,2021-07-07 14:43:00,NATI
42.01,42.01,42.0,42.0,900,2021-07-07 14:44:00,NATI
41.99,42.01,41.99,42.01,537,2021-07-07 14:45:00,NATI
42.02,42.02,42.0,42.0,231,2021-07-07 14:46:00,NATI
42.04,42.07,42.025,42.07,2111,2021-07-07 14:47:00,NATI
42.07,42.07,42.065,42.065,300,2021-07-07 14:48:00,NATI
42.08,42.08,42.045,42.045,500,2021-07-07 14:49:00,NATI
42.03,42.06,42.03,42.06,636,2021-07-07 14:50:00,NATI
42.07,42.08,42.07,42.08,915,2021-07-07 14:52:00,NATI
42.07,42.07,42.06,42.06,500,2021-07-07 14:53:00,NATI
42.0799,42.0799,42.0799,42.0799,500,2021-07-07 14:54:00,NATI
42.07,42.1,42.06,42.08,1200,2021-07-07 14:55:00,NATI
42.11,42.11,42.11,42.11,100,2021-07-07 14:56:00,NATI
42.115,42.115,42.115,42.115,127,2021-07-07 14:57:00,NATI
42.1,42.12,42.1,42.12,832,2021-07-07 15:00:00,NATI
42.13,42.13,42.13,42.13,300,2021-07-07 15:01:00,NATI
42.12,42.12,42.11,42.11,500,2021-07-07 15:02:00,NATI
42.12,42.15,42.12,42.15,910,2021-07-07 15:03:00,NATI
42.17,42.21,42.17,42.21,333,2021-07-07 15:04:00,NATI
42.19,42.19,42.18,42.19,600,2021-07-07 15:07:00,NATI
42.19,42.2,42.19,42.2,200,2021-07-07 15:08:00,NATI
42.195,42.195,42.195,42.195,100,2021-07-07 15:09:00,NATI
42.18,42.18,42.18,42.18,100,2021-07-07 15:11:00,NATI
42.19,42.25,42.19,42.25,945,2021-07-07 15:12:00,NATI
42.27,42.27,42.27,42.27,300,2021-07-07 15:13:00,NATI
42.2609,42.265,42.2609,42.265,219,2021-07-07 15:14:00,NATI
42.27,42.28,42.27,42.28,299,2021-07-07 15:15:00,NATI
42.305,42.32,42.305,42.32,300,2021-07-07 15:16:00,NATI
42.34,42.34,42.34,42.34,400,2021-07-07 15:18:00,NATI
42.33,42.33,42.32,42.32,300,2021-07-07 15:19:00,NATI
42.305,42.32,42.305,42.32,311,2021-07-07 15:23:00,NATI
42.34,42.345,42.34,42.345,205,2021-07-07 15:24:00,NATI
42.33,42.33,42.33,42.33,100,2021-07-07 15:25:00,NATI
42.34,42.34,42.31,42.31,400,2021-07-07 15:26:00,NATI
42.3,42.3,42.3,42.3,100,2021-07-07 15:27:00,NATI
42.28,42.28,42.27,42.28,420,2021-07-07 15:28:00,NATI
42.29,42.29,42.28,42.28,800,2021-07-07 15:29:00,NATI
42.3,42.3,42.28,42.28,900,2021-07-07 15:30:00,NATI
42.26,42.27,42.26,42.27,600,2021-07-07 15:32:00,NATI
42.25,42.25,42.25,42.25,1217,2021-07-07 15:33:00,NATI
42.25,42.255,42.25,42.255,200,2021-07-07 15:34:00,NATI
42.27,42.28,42.25,42.25,500,2021-07-07 15:35:00,NATI
42.26,42.27,42.21,42.21,2000,2021-07-07 15:36:00,NATI
42.23,42.23,42.23,42.23,124,2021-07-07 15:37:00,NATI
42.23,42.23,42.23,42.23,300,2021-07-07 15:38:00,NATI
42.23,42.25,42.23,42.24,1400,2021-07-07 15:39:00,NATI
42.25,42.25,42.2125,42.2125,400,2021-07-07 15:40:00,NATI
42.21,42.23,42.21,42.22,700,2021-07-07 15:41:00,NATI
42.23,42.28,42.22,42.25,3326,2021-07-07 15:45:00,NATI
42.255,42.255,42.24,42.24,500,2021-07-07 15:46:00,NATI
42.24,42.26,42.24,42.26,1300,2021-07-07 15:47:00,NATI
42.25,42.25,42.25,42.25,200,2021-07-07 15:48:00,NATI
42.25,42.25,42.24,42.25,700,2021-07-07 15:49:00,NATI
42.25,42.25,42.25,42.25,418,2021-07-07 15:50:00,NATI
42.27,42.27,42.24,42.26,2574,2021-07-07 15:51:00,NATI
42.245,42.25,42.24,42.24,520,2021-07-07 15:52:00,NATI
42.23,42.23,42.22,42.23,753,2021-07-07 15:53:00,NATI
42.245,42.2525,42.245,42.2525,200,2021-07-07 15:54:00,NATI
42.26,42.28,42.25,42.25,2000,2021-07-07 15:55:00,NATI
42.25,42.25,42.25,42.25,200,2021-07-07 15:56:00,NATI
42.25,42.27,42.25,42.25,2500,2021-07-07 15:57:00,NATI
42.28,42.28,42.25,42.25,500,2021-07-07 15:59:00,NATI
42.25,42.27,42.25,42.27,300,2021-07-07 16:00:00,NATI
42.29,42.33,42.27,42.28,1200,2021-07-07 16:01:00,NATI
42.27,42.27,42.27,42.27,100,2021-07-07 16:02:00,NATI
42.31,42.31,42.29,42.29,502,2021-07-07 16:03:00,NATI
42.28,42.28,42.28,42.28,1000,2021-07-07 16:05:00,NATI
42.32,42.32,42.29,42.29,300,2021-07-07 16:07:00,NATI
42.3,42.3,42.28,42.28,202,2021-07-07 16:08:00,NATI
42.28,42.28,42.28,42.28,500,2021-07-07 16:09:00,NATI
42.3,42.3,42.25,42.25,1594,2021-07-07 16:10:00,NATI
42.26,42.27,42.25,42.25,1442,2021-07-07 16:12:00,NATI
42.275,42.28,42.25,42.25,1796,2021-07-07 16:13:00,NATI
42.255,42.255,42.2525,42.255,300,2021-07-07 16:14:00,NATI
42.2525,42.27,42.25,42.255,2900,2021-07-07 16:15:00,NATI
42.2525,42.2525,42.24,42.24,1000,2021-07-07 16:16:00,NATI
42.24,42.24,42.24,42.24,700,2021-07-07 16:17:00,NATI
42.25,42.27,42.24,42.25,3305,2021-07-07 16:18:00,NATI
42.255,42.255,42.24,42.24,417,2021-07-07 16:19:00,NATI
42.2425,42.2425,42.2425,42.2425,100,2021-07-07 16:20:00,NATI
42.24,42.26,42.24,42.24,1679,2021-07-07 16:21:00,NATI
42.235,42.235,42.235,42.235,100,2021-07-07 16:22:00,NATI
42.23,42.23,42.22,42.22,609,2021-07-07 16:23:00,NATI
42.21,42.22,42.205,42.22,700,2021-07-07 16:24:00,NATI
42.21,42.23,42.21,42.23,1415,2021-07-07 16:25:00,NATI
42.24,42.24,42.24,42.24,106,2021-07-07 16:26:00,NATI
42.26,42.26,42.25,42.25,200,2021-07-07 16:27:00,NATI
42.25,42.25,42.23,42.23,500,2021-07-07 16:29:00,NATI
42.2354,42.2354,42.2354,42.2354,201,2021-07-07 16:30:00,NATI
42.24,42.26,42.24,42.26,533,2021-07-07 16:31:00,NATI
42.255,42.26,42.255,42.26,200,2021-07-07 16:32:00,NATI
42.27,42.28,42.27,42.28,200,2021-07-07 16:33:00,NATI
42.345,42.36,42.345,42.35,916,2021-07-07 16:37:00,NATI
42.35,42.35,42.35,42.35,200,2021-07-07 16:38:00,NATI
42.35,42.35,42.35,42.35,100,2021-07-07 16:40:00,NATI
42.35,42.35,42.29,42.32,1000,2021-07-07 16:41:00,NATI
42.279,42.279,42.25,42.25,740,2021-07-07 16:44:00,NATI
42.25,42.26,42.25,42.25,2217,2021-07-07 16:45:00,NATI
42.24,42.24,42.235,42.235,200,2021-07-07 16:46:00,NATI
42.25,42.27,42.24,42.26,3000,2021-07-07 16:47:00,NATI
42.25,42.25,42.25,42.25,500,2021-07-07 16:48:00,NATI
42.26,42.26,42.25,42.25,800,2021-07-07 16:49:00,NATI
42.27,42.27,42.24,42.25,7842,2021-07-07 16:50:00,NATI
42.25,42.26,42.25,42.25,1100,2021-07-07 16:51:00,NATI
42.26,42.26,42.255,42.255,300,2021-07-07 16:52:00,NATI
42.24,42.24,42.24,42.24,300,2021-07-07 16:53:00,NATI
42.26,42.27,42.26,42.27,700,2021-07-07 16:54:00,NATI
42.32,42.32,42.32,42.32,100,2021-07-07 17:00:00,NATI
42.29,42.295,42.29,42.295,200,2021-07-07 17:01:00,NATI
42.29,42.29,42.28,42.28,700,2021-07-07 17:02:00,NATI
42.28,42.28,42.28,42.28,130,2021-07-07 17:03:00,NATI
42.27,42.27,42.25,42.25,499,2021-07-07 17:04:00,NATI
42.28,42.28,42.28,42.28,400,2021-07-07 17:05:00,NATI
42.28,42.28,42.27,42.27,200,2021-07-07 17:06:00,NATI
42.26,42.26,42.25,42.25,400,2021-07-07 17:07:00,NATI
42.245,42.245,42.245,42.245,100,2021-07-07 17:08:00,NATI
42.23,42.23,42.23,42.23,100,2021-07-07 17:10:00,NATI
42.23,42.23,42.23,42.23,600,2021-07-07 17:11:00,NATI
42.25,42.25,42.25,42.25,210,2021-07-07 17:13:00,NATI
42.25,42.25,42.25,42.25,400,2021-07-07 17:14:00,NATI
42.24,42.26,42.24,42.25,2000,2021-07-07 17:15:00,NATI
42.263,42.263,42.263,42.263,158,2021-07-07 17:16:00,NATI
42.25,42.25,42.25,42.25,500,2021-07-07 17:18:00,NATI
42.25,42.26,42.25,42.25,300,2021-07-07 17:19:00,NATI
42.24,42.24,42.24,42.24,200,2021-07-07 17:20:00,NATI
42.23,42.24,42.23,42.24,1298,2021-07-07 17:21:00,NATI
42.25,42.26,42.25,42.25,1000,2021-07-07 17:23:00,NATI
42.255,42.255,42.24,42.24,400,2021-07-07 17:24:00,NATI
42.23,42.23,42.21,42.21,300,2021-07-07 17:25:00,NATI
42.22,42.22,42.2,42.2,800,2021-07-07 17:27:00,NATI
42.22,42.23,42.2,42.2,800,2021-07-07 17:29:00,NATI
42.19,42.19,42.19,42.19,400,2021-07-07 17:30:00,NATI
42.195,42.2,42.195,42.2,500,2021-07-07 17:32:00,NATI
42.2,42.2,42.2,42.2,600,2021-07-07 17:34:00,NATI
42.2,42.21,42.2,42.21,200,2021-07-07 17:35:00,NATI
42.19,42.19,42.18,42.18,823,2021-07-07 17:36:00,NATI
42.17,42.18,42.17,42.18,400,2021-07-07 17:37:00,NATI
42.19,42.19,42.19,42.19,100,2021-07-07 17:38:00,NATI
42.18,42.19,42.18,42.19,208,2021-07-07 17:40:00,NATI
42.18,42.18,42.18,42.18,100,2021-07-07 17:41:00,NATI
42.18,42.18,42.18,42.18,100,2021-07-07 17:43:00,NATI
42.17,42.17,42.15,42.16,700,2021-07-07 17:44:00,NATI
42.16,42.1746,42.16,42.16,705,2021-07-07 17:45:00,NATI
42.175,42.19,42.175,42.19,314,2021-07-07 17:46:00,NATI
42.2015,42.2088,42.18,42.195,552,2021-07-07 17:47:00,NATI
42.195,42.195,42.195,42.195,100,2021-07-07 17:48:00,NATI
42.195,42.195,42.195,42.195,100,2021-07-07 17:49:00,NATI
42.19,42.19,42.18,42.18,900,2021-07-07 17:50:00,NATI
42.21,42.21,42.2,42.2,200,2021-07-07 17:52:00,NATI
42.2,42.2,42.2,42.2,600,2021-07-07 17:53:00,NATI
42.2,42.2,42.2,42.2,100,2021-07-07 17:54:00,NATI
42.195,42.195,42.195,42.195,100,2021-07-07 17:57:00,NATI
42.2,42.2,42.18,42.18,800,2021-07-07 17:58:00,NATI
42.185,42.185,42.18,42.18,416,2021-07-07 17:59:00,NATI
42.18,42.21,42.18,42.18,3437,2021-07-07 18:01:00,NATI
42.22,42.22,42.19,42.19,1711,2021-07-07 18:02:00,NATI
42.18,42.21,42.18,42.2,1987,2021-07-07 18:03:00,NATI
42.2,42.22,42.19,42.2,3702,2021-07-07 18:04:00,NATI
42.21,42.21,42.18,42.18,700,2021-07-07 18:05:00,NATI
42.185,42.185,42.185,42.185,104,2021-07-07 18:07:00,NATI
42.19,42.19,42.19,42.19,379,2021-07-07 18:09:00,NATI
42.1831,42.1831,42.16,42.16,718,2021-07-07 18:11:00,NATI
42.15,42.15,42.15,42.15,100,2021-07-07 18:12:00,NATI
42.13,42.13,42.11,42.11,400,2021-07-07 18:14:00,NATI
42.085,42.085,42.085,42.085,100,2021-07-07 18:15:00,NATI
42.09,42.09,42.07,42.07,200,2021-07-07 18:16:00,NATI
42.07,42.09,42.07,42.07,2054,2021-07-07 18:17:00,NATI
42.11,42.11,42.11,42.11,100,2021-07-07 18:18:00,NATI
42.14,42.14,42.14,42.14,200,2021-07-07 18:20:00,NATI
42.14,42.14,42.14,42.14,100,2021-07-07 18:21:00,NATI
42.14,42.14,42.135,42.135,300,2021-07-07 18:23:00,NATI
42.15,42.15,42.14,42.14,600,2021-07-07 18:24:00,NATI
42.145,42.145,42.14,42.14,316,2021-07-07 18:25:00,NATI
42.14,42.16,42.14,42.16,900,2021-07-07 18:26:00,NATI
42.19,42.19,42.16,42.16,200,2021-07-07 18:27:00,NATI
42.165,42.165,42.15,42.15,400,2021-07-07 18:28:00,NATI
42.13,42.13,42.13,42.13,100,2021-07-07 18:29:00,NATI
42.11,42.12,42.11,42.12,200,2021-07-07 18:30:00,NATI
42.11,42.11,42.11,42.11,100,2021-07-07 18:31:00,NATI
42.1,42.1,42.1,42.1,207,2021-07-07 18:32:00,NATI
42.09,42.12,42.09,42.12,800,2021-07-07 18:33:00,NATI
42.125,42.125,42.125,42.125,223,2021-07-07 18:35:00,NATI
42.12,42.12,42.12,42.12,203,2021-07-07 18:36:00,NATI
42.11,42.11,42.11,42.11,100,2021-07-07 18:38:00,NATI
42.08,42.08,42.08,42.08,100,2021-07-07 18:40:00,NATI
42.08,42.09,42.08,42.09,600,2021-07-07 18:41:00,NATI
42.1,42.11,42.1,42.11,224,2021-07-07 18:42:00,NATI
42.095,42.11,42.095,42.11,343,2021-07-07 18:43:00,NATI
42.1,42.1,42.1,42.1,100,2021-07-07 18:44:00,NATI
42.1,42.11,42.1,42.11,200,2021-07-07 18:45:00,NATI
42.11,42.12,42.11,42.12,200,2021-07-07 18:46:00,NATI
42.13,42.15,42.13,42.15,200,2021-07-07 18:47:00,NATI
42.155,42.16,42.155,42.16,300,2021-07-07 18:48:00,NATI
42.15,42.15,42.13,42.145,1673,2021-07-07 18:54:00,NATI
42.14,42.15,42.13,42.15,1700,2021-07-07 18:55:00,NATI
42.17,42.17,42.17,42.17,100,2021-07-07 18:57:00,NATI
42.18,42.18,42.18,42.18,300,2021-07-07 18:59:00,NATI
42.19,42.19,42.19,42.19,400,2021-07-07 19:00:00,NATI
42.22,42.22,42.22,42.22,100,2021-07-07 19:01:00,NATI
42.205,42.205,42.2,42.2,700,2021-07-07 19:02:00,NATI
42.19,42.19,42.19,42.19,100,2021-07-07 19:03:00,NATI
42.195,42.2,42.195,42.2,752,2021-07-07 19:04:00,NATI
42.2,42.205,42.2,42.205,800,2021-07-07 19:05:00,NATI
42.19,42.19,42.19,42.19,200,2021-07-07 19:06:00,NATI
42.19,42.19,42.19,42.19,100,2021-07-07 19:07:00,NATI
42.2,42.2,42.2,42.2,100,2021-07-07 19:08:00,NATI
42.2,42.2,42.1921,42.195,756,2021-07-07 19:09:00,NATI
42.2,42.205,42.2,42.2,1400,2021-07-07 19:10:00,NATI
42.2,42.2,42.19,42.19,600,2021-07-07 19:11:00,NATI
42.19,42.2,42.19,42.2,300,2021-07-07 19:13:00,NATI
42.2,42.2,42.195,42.2,600,2021-07-07 19:14:00,NATI
42.21,42.22,42.2,42.21,3732,2021-07-07 19:15:00,NATI
42.2,42.2,42.2,42.2,200,2021-07-07 19:16:00,NATI
42.2,42.2,42.195,42.2,400,2021-07-07 19:17:00,NATI
42.2,42.2,42.2,42.2,100,2021-07-07 19:18:00,NATI
42.19,42.21,42.18,42.2,2104,2021-07-07 19:19:00,NATI
42.205,42.22,42.199,42.22,858,2021-07-07 19:20:00,NATI
42.2,42.21,42.2,42.21,2300,2021-07-07 19:21:00,NATI
42.21,42.21,42.21,42.21,100,2021-07-07 19:22:00,NATI
42.2,42.21,42.2,42.2,1300,2021-07-07 19:23:00,NATI
42.2,42.2,42.2,42.2,400,2021-07-07 19:26:00,NATI
42.2,42.2,42.195,42.195,208,2021-07-07 19:27:00,NATI
42.195,42.2,42.195,42.2,200,2021-07-07 19:28:00,NATI
42.19,42.19,42.15,42.16,1500,2021-07-07 19:30:00,NATI
42.16,42.18,42.16,42.18,1300,2021-07-07 19:31:00,NATI
42.18,42.22,42.18,42.19,4324,2021-07-07 19:33:00,NATI
42.19,42.21,42.19,42.2,1400,2021-07-07 19:34:00,NATI
42.21,42.21,42.2,42.2,300,2021-07-07 19:35:00,NATI
42.19,42.19,42.16,42.17,700,2021-07-07 19:36:00,NATI
42.14,42.14,42.13,42.13,400,2021-07-07 19:38:00,NATI
42.14,42.16,42.14,42.16,1200,2021-07-07 19:39:00,NATI
42.16,42.16,42.16,42.16,100,2021-07-07 19:40:00,NATI
42.15,42.15,42.15,42.15,1176,2021-07-07 19:41:00,NATI
42.16,42.16,42.16,42.16,200,2021-07-07 19:42:00,NATI
42.15,42.17,42.15,42.17,400,2021-07-07 19:43:00,NATI
42.18,42.19,42.18,42.19,300,2021-07-07 19:44:00,NATI
42.19,42.195,42.18,42.18,1364,2021-07-07 19:45:00,NATI
42.1966,42.21,42.19,42.2,3209,2021-07-07 19:46:00,NATI
42.2,42.2,42.2,42.2,100,2021-07-07 19:47:00,NATI
42.19,42.19,42.18,42.18,900,2021-07-07 19:48:00,NATI
42.165,42.17,42.16,42.17,2450,2021-07-07 19:49:00,NATI
42.18,42.21,42.18,42.2,2164,2021-07-07 19:50:00,NATI
42.19,42.2,42.18,42.195,1525,2021-07-07 19:51:00,NATI
42.2,42.22,42.19,42.205,3198,2021-07-07 19:52:00,NATI
42.21,42.21,42.18,42.2,1617,2021-07-07 19:53:00,NATI
42.19,42.21,42.16,42.16,5346,2021-07-07 19:54:00,NATI
42.15,42.2,42.14,42.2,4730,2021-07-07 19:55:00,NATI
42.195,42.2,42.17,42.175,2906,2021-07-07 19:56:00,NATI
42.18,42.18,42.15,42.16,4400,2021-07-07 19:57:00,NATI
42.17,42.17,42.16,42.16,300,2021-07-07 19:58:00,NATI
42.16,42.18,42.15,42.16,3609,2021-07-07 19:59:00,NATI
42.16,42.16,42.16,42.16,75090,2021-07-07 20:00:00,NATI
41.61,41.61,41.34,41.4,4952,2021-07-08 13:30:00,NATI
41.52,41.52,41.4,41.4,200,2021-07-08 13:31:00,NATI
41.48,41.52,41.48,41.52,300,2021-07-08 13:32:00,NATI
41.56,41.56,41.5,41.5,212,2021-07-08 13:33:00,NATI
41.53,41.53,41.53,41.53,100,2021-07-08 13:34:00,NATI
41.46,41.46,41.46,41.46,100,2021-07-08 13:37:00,NATI
41.45,41.45,41.44,41.44,300,2021-07-08 13:38:00,NATI
41.45,41.45,41.45,41.45,142,2021-07-08 13:39:00,NATI
41.35,41.371,41.34,41.371,619,2021-07-08 13:44:00,NATI
41.31,41.31,41.31,41.31,100,2021-07-08 13:45:00,NATI
41.26,41.26,41.2,41.2,600,2021-07-08 13:46:00,NATI
41.27,41.27,41.25,41.25,614,2021-07-08 13:47:00,NATI
41.22,41.22,41.22,41.22,100,2021-07-08 13:48:00,NATI
41.19,41.25,41.17,41.25,1700,2021-07-08 13:50:00,NATI
41.29,41.3,41.29,41.3,300,2021-07-08 13:51:00,NATI
41.29,41.29,41.29,41.29,202,2021-07-08 13:52:00,NATI
41.36,41.36,41.36,41.36,380,2021-07-08 13:54:00,NATI
41.375,41.375,41.375,41.375,300,2021-07-08 13:55:00,NATI
41.38,41.425,41.38,41.425,360,2021-07-08 13:56:00,NATI
41.46,41.53,41.46,41.53,575,2021-07-08 13:58:00,NATI
41.52,41.52,41.52,41.52,200,2021-07-08 13:59:00,NATI
41.46,41.46,41.38,41.38,937,2021-07-08 14:01:00,NATI
41.35,41.35,41.35,41.35,1000,2021-07-08 14:02:00,NATI
41.34,41.365,41.33,41.35,400,2021-07-08 14:03:00,NATI
41.37,41.39,41.37,41.38,2230,2021-07-08 14:04:00,NATI
41.38,41.38,41.37,41.37,200,2021-07-08 14:05:00,NATI
41.38,41.38,41.38,41.38,102,2021-07-08 14:07:00,NATI
41.38,41.38,41.38,41.38,300,2021-07-08 14:08:00,NATI
41.37,41.38,41.37,41.37,300,2021-07-08 14:09:00,NATI
41.32,41.35,41.32,41.35,1400,2021-07-08 14:10:00,NATI
41.33,41.33,41.32,41.32,657,2021-07-08 14:11:00,NATI
41.29,41.29,41.26,41.26,972,2021-07-08 14:12:00,NATI
41.3,41.31,41.3,41.3,1720,2021-07-08 14:13:00,NATI
41.265,41.265,41.225,41.225,500,2021-07-08 14:15:00,NATI
41.25,41.25,41.24,41.24,1708,2021-07-08 14:16:00,NATI
41.24,41.26,41.24,41.26,800,2021-07-08 14:17:00,NATI
41.27,41.27,41.21,41.21,543,2021-07-08 14:18:00,NATI
41.23,41.24,41.23,41.235,514,2021-07-08 14:19:00,NATI
41.19,41.22,41.19,41.2,400,2021-07-08 14:20:00,NATI
41.18,41.18,41.18,41.18,100,2021-07-08 14:21:00,NATI
41.135,41.135,41.135,41.135,130,2021-07-08 14:23:00,NATI
41.16,41.16,41.16,41.16,230,2021-07-08 14:24:00,NATI
41.15,41.16,41.14,41.15,2278,2021-07-08 14:25:00,NATI
41.15,41.15,41.15,41.15,200,2021-07-08 14:26:00,NATI
41.15,41.17,41.15,41.165,746,2021-07-08 14:27:00,NATI
41.165,41.22,41.15,41.19,6361,2021-07-08 14:28:00,NATI
41.215,41.23,41.215,41.23,600,2021-07-08 14:29:00,NATI
41.23,41.23,41.21,41.22,719,2021-07-08 14:30:00,NATI
41.22,41.22,41.16,41.19,855,2021-07-08 14:31:00,NATI
41.195,41.21,41.18,41.19,1789,2021-07-08 14:32:00,NATI
41.155,41.18,41.155,41.17,1080,2021-07-08 14:33:00,NATI
41.165,41.165,41.15,41.15,200,2021-07-08 14:34:00,NATI
41.17,41.17,41.1,41.1,1247,2021-07-08 14:35:00,NATI
41.125,41.125,41.1,41.1,300,2021-07-08 14:36:00,NATI
41.12,41.15,41.11,41.11,1008,2021-07-08 14:37:00,NATI
41.11,41.11,41.11,41.11,100,2021-07-08 14:38:00,NATI
41.112,41.125,41.112,41.125,321,2021-07-08 14:39:00,NATI
41.14,41.14,41.12,41.12,650,2021-07-08 14:40:00,NATI
41.12,41.16,41.12,41.16,2232,2021-07-08 14:41:00,NATI
41.2,41.309,41.2,41.309,1200,2021-07-08 14:42:00,NATI
41.31,41.37,41.31,41.37,1000,2021-07-08 14:43:00,NATI
41.42,41.42,41.42,41.42,500,2021-07-08 14:46:00,NATI
41.33,41.35,41.33,41.35,300,2021-07-08 14:47:00,NATI
41.31,41.31,41.3,41.3,203,2021-07-08 14:48:00,NATI
41.31,41.34,41.3,41.34,400,2021-07-08 14:49:00,NATI
41.33,41.33,41.31,41.31,200,2021-07-08 14:50:00,NATI
41.325,41.355,41.325,41.355,308,2021-07-08 14:51:00,NATI
41.365,41.365,41.365,41.365,100,2021-07-08 14:52:00,NATI
41.4,41.4,41.35,41.4,400,2021-07-08 14:54:00,NATI
41.385,41.385,41.385,41.385,105,2021-07-08 14:55:00,NATI
41.37,41.37,41.34,41.37,1000,2021-07-08 14:58:00,NATI
41.32,41.38,41.32,41.38,500,2021-07-08 14:59:00,NATI
41.43,41.43,41.43,41.43,100,2021-07-08 15:00:00,NATI
41.43,41.43,41.4,41.4,300,2021-07-08 15:01:00,NATI
41.42,41.435,41.42,41.435,300,2021-07-08 15:02:00,NATI
41.44,41.44,41.41,41.44,300,2021-07-08 15:03:00,NATI
41.41,41.41,41.41,41.41,500,2021-07-08 15:04:00,NATI
41.44,41.44,41.41,41.41,300,2021-07-08 15:05:00,NATI
41.48,41.51,41.48,41.51,200,2021-07-08 15:06:00,NATI
41.55,41.55,41.55,41.55,293,2021-07-08 15:07:00,NATI
41.555,41.555,41.555,41.555,200,2021-07-08 15:08:00,NATI
41.555,41.56,41.555,41.56,300,2021-07-08 15:09:00,NATI
41.56,41.56,41.5477,41.5477,441,2021-07-08 15:11:00,NATI
41.555,41.56,41.53,41.53,918,2021-07-08 15:12:00,NATI
41.51,41.52,41.49,41.515,496,2021-07-08 15:13:00,NATI
41.52,41.52,41.52,41.52,177,2021-07-08 15:14:00,NATI
41.52,41.52,41.49,41.49,300,2021-07-08 15:15:00,NATI
41.43,41.46,41.4,41.45,972,2021-07-08 15:16:00,NATI
41.45,41.46,41.445,41.45,843,2021-07-08 15:17:00,NATI
41.46,41.46,41.43,41.455,2747,2021-07-08 15:18:00,NATI
41.45,41.45,41.45,41.45,200,2021-07-08 15:19:00,NATI
41.44,41.44,41.425,41.425,200,2021-07-08 15:20:00,NATI
41.425,41.43,41.41,41.425,428,2021-07-08 15:21:00,NATI
41.38,41.4,41.38,41.4,434,2021-07-08 15:22:00,NATI
41.41,41.4131,41.4,41.4131,1296,2021-07-08 15:23:00,NATI
41.405,41.415,41.4,41.4,400,2021-07-08 15:24:00,NATI
41.39,41.41,41.38,41.41,2704,2021-07-08 15:25:00,NATI
41.415,41.44,41.415,41.44,1076,2021-07-08 15:26:00,NATI
41.435,41.465,41.42,41.465,823,2021-07-08 15:28:00,NATI
41.49,41.49,41.49,41.49,100,2021-07-08 15:29:00,NATI
41.47,41.47,41.47,41.47,193,2021-07-08 15:30:00,NATI
41.435,41.435,41.42,41.42,509,2021-07-08 15:31:00,NATI
41.4,41.4,41.4,41.4,100,2021-07-08 15:32:00,NATI
41.395,41.4,41.395,41.4,200,2021-07-08 15:33:00,NATI
41.42,41.42,41.42,41.42,106,2021-07-08 15:34:00,NATI
41.4,41.4,41.39,41.39,700,2021-07-08 15:35:00,NATI
41.39,41.39,41.39,41.39,100,2021-07-08 15:37:00,NATI
41.485,41.485,41.485,41.485,103,2021-07-08 15:39:00,NATI
41.515,41.53,41.515,41.53,200,2021-07-08 15:40:00,NATI
41.545,41.545,41.545,41.545,100,2021-07-08 15:41:00,NATI
41.52,41.52,41.52,41.52,100,2021-07-08 15:42:00,NATI
41.52,41.52,41.52,41.52,200,2021-07-08 15:44:00,NATI
41.52,41.54,41.51,41.54,900,2021-07-08 15:45:00,NATI
41.545,41.545,41.525,41.54,400,2021-07-08 15:46:00,NATI
41.57,41.61,41.57,41.61,4000,2021-07-08 15:47:00,NATI
41.62,41.665,41.62,41.665,200,2021-07-08 15:49:00,NATI
41.665,41.665,41.665,41.665,100,2021-07-08 15:50:00,NATI
41.68,41.68,41.66,41.66,400,2021-07-08 15:51:00,NATI
41.64,41.64,41.63,41.63,361,2021-07-08 15:53:00,NATI
41.66,41.66,41.66,41.66,100,2021-07-08 15:54:00,NATI
41.67,41.67,41.66,41.66,300,2021-07-08 15:58:00,NATI
41.66,41.66,41.66,41.66,100,2021-07-08 15:59:00,NATI
41.645,41.645,41.645,41.645,100,2021-07-08 16:01:00,NATI
41.68,41.68,41.68,41.68,100,2021-07-08 16:02:00,NATI
41.67,41.67,41.67,41.67,200,2021-07-08 16:04:00,NATI
41.68,41.69,41.68,41.69,200,2021-07-08 16:05:00,NATI
41.685,41.685,41.685,41.685,200,2021-07-08 16:07:00,NATI
41.71,41.71,41.71,41.71,100,2021-07-08 16:09:00,NATI
41.72,41.72,41.72,41.72,100,2021-07-08 16:11:00,NATI
41.71,41.71,41.71,41.71,200,2021-07-08 16:13:00,NATI
41.7,41.72,41.7,41.72,200,2021-07-08 16:14:00,NATI
41.72,41.72,41.72,41.72,400,2021-07-08 16:15:00,NATI
41.7,41.7,41.7,41.7,463,2021-07-08 16:16:00,NATI
41.68,41.68,41.68,41.68,400,2021-07-08 16:17:00,NATI
41.65,41.65,41.65,41.65,101,2021-07-08 16:18:00,NATI
41.665,41.665,41.665,41.665,100,2021-07-08 16:19:00,NATI
41.695,41.695,41.695,41.695,100,2021-07-08 16:21:00,NATI
41.69,41.7,41.68,41.7,600,2021-07-08 16:22:00,NATI
41.65,41.66,41.65,41.66,300,2021-07-08 16:25:00,NATI
41.65,41.67,41.65,41.67,406,2021-07-08 16:26:00,NATI
41.69,41.69,41.69,41.69,200,2021-07-08 16:28:00,NATI
41.7,41.705,41.7,41.705,400,2021-07-08 16:31:00,NATI
41.72,41.72,41.72,41.72,100,2021-07-08 16:33:00,NATI
41.71,41.72,41.71,41.71,300,2021-07-08 16:34:00,NATI
41.71,41.71,41.71,41.71,100,2021-07-08 16:36:00,NATI
41.72,41.73,41.72,41.73,469,2021-07-08 16:37:00,NATI
41.74,41.74,41.74,41.74,600,2021-07-08 16:38:00,NATI
41.7311,41.7311,41.72,41.72,626,2021-07-08 16:39:00,NATI
41.7,41.7,41.68,41.69,900,2021-07-08 16:41:00,NATI
41.71,41.71,41.71,41.71,100,2021-07-08 16:42:00,NATI
41.725,41.725,41.725,41.725,100,2021-07-08 16:43:00,NATI
41.73,41.73,41.73,41.73,100,2021-07-08 16:44:00,NATI
41.74,41.74,41.74,41.74,100,2021-07-08 16:45:00,NATI
41.72,41.73,41.72,41.73,400,2021-07-08 16:47:00,NATI
41.7,41.7,41.7,41.7,300,2021-07-08 16:51:00,NATI
41.71,41.72,41.71,41.72,200,2021-07-08 16:52:00,NATI
41.72,41.72,41.72,41.72,100,2021-07-08 16:53:00,NATI
41.71,41.71,41.71,41.71,100,2021-07-08 16:54:00,NATI
41.71,41.71,41.71,41.71,300,2021-07-08 16:55:00,NATI
41.7,41.7,41.69,41.69,300,2021-07-08 16:57:00,NATI
41.67,41.67,41.64,41.64,1300,2021-07-08 16:59:00,NATI
41.65,41.65,41.63,41.63,1027,2021-07-08 17:01:00,NATI
41.63,41.63,41.63,41.63,100,2021-07-08 17:02:00,NATI
41.62,41.62,41.62,41.62,200,2021-07-08 17:04:00,NATI
41.61,41.61,41.6,41.61,734,2021-07-08 17:05:00,NATI
41.61,41.61,41.6,41.6,200,2021-07-08 17:06:00,NATI
41.6,41.6,41.59,41.6,1418,2021-07-08 17:08:00,NATI
41.58,41.58,41.58,41.58,100,2021-07-08 17:10:00,NATI
41.58,41.58,41.56,41.56,300,2021-07-08 17:11:00,NATI
41.54,41.55,41.53,41.54,1300,2021-07-08 17:14:00,NATI
41.54,41.54,41.54,41.54,300,2021-07-08 17:15:00,NATI
41.54,41.54,41.54,41.54,200,2021-07-08 17:16:00,NATI
41.54,41.55,41.54,41.55,445,2021-07-08 17:18:00,NATI
41.53,41.53,41.53,41.53,100,2021-07-08 17:19:00,NATI
41.5,41.5,41.5,41.5,200,2021-07-08 17:21:00,NATI
41.505,41.5085,41.5,41.5,925,2021-07-08 17:22:00,NATI
41.5,41.51,41.48,41.48,2216,2021-07-08 17:23:00,NATI
41.47,41.48,41.46,41.48,400,2021-07-08 17:25:00,NATI
41.475,41.52,41.475,41.485,4719,2021-07-08 17:26:00,NATI
41.52,41.53,41.52,41.53,1365,2021-07-08 17:28:00,NATI
41.56,41.565,41.56,41.565,200,2021-07-08 17:29:00,NATI
41.57,41.57,41.56,41.56,500,2021-07-08 17:30:00,NATI
41.54,41.555,41.54,41.555,451,2021-07-08 17:31:00,NATI
41.57,41.57,41.551,41.551,300,2021-07-08 17:32:00,NATI
41.59,41.59,41.58,41.58,200,2021-07-08 17:34:00,NATI
41.64,41.66,41.64,41.66,300,2021-07-08 17:36:00,NATI
41.7,41.7,41.7,41.7,100,2021-07-08 17:38:00,NATI
41.7,41.7,41.7,41.7,200,2021-07-08 17:40:00,NATI
41.69,41.69,41.67,41.68,500,2021-07-08 17:41:00,NATI
41.67,41.685,41.67,41.685,200,2021-07-08 17:42:00,NATI
41.695,41.7,41.695,41.7,3900,2021-07-08 17:44:00,NATI
41.7,41.7,41.69,41.695,1026,2021-07-08 17:45:00,NATI
41.68,41.68,41.68,41.68,400,2021-07-08 17:46:00,NATI
41.685,41.685,41.685,41.685,160,2021-07-08 17:47:00,NATI
41.66,41.66,41.66,41.66,100,2021-07-08 17:48:00,NATI
41.675,41.675,41.65,41.65,1100,2021-07-08 17:49:00,NATI
41.65,41.65,41.65,41.65,4700,2021-07-08 17:50:00,NATI
41.63,41.63,41.63,41.63,100,2021-07-08 17:53:00,NATI
41.63,41.63,41.61,41.61,300,2021-07-08 17:55:00,NATI
41.635,41.65,41.635,41.64,900,2021-07-08 17:56:00,NATI
41.645,41.645,41.645,41.645,100,2021-07-08 17:57:00,NATI
41.65,41.65,41.615,41.615,524,2021-07-08 17:58:00,NATI
41.66,41.66,41.66,41.66,100,2021-07-08 17:59:00,NATI
41.6277,41.6277,41.6277,41.6277,143,2021-07-08 18:00:00,NATI
41.62,41.63,41.62,41.63,604,2021-07-08 18:01:00,NATI
41.649,41.649,41.61,41.61,600,2021-07-08 18:05:00,NATI
41.595,41.595,41.595,41.595,200,2021-07-08 18:06:00,NATI
41.57,41.57,41.57,41.57,400,2021-07-08 18:08:00,NATI
41.586,41.61,41.586,41.61,1967,2021-07-08 18:09:00,NATI
41.62,41.62,41.62,41.62,100,2021-07-08 18:10:00,NATI
41.64,41.64,41.64,41.64,320,2021-07-08 18:11:00,NATI
41.66,41.66,41.66,41.66,273,2021-07-08 18:12:00,NATI
41.66,41.66,41.66,41.66,289,2021-07-08 18:13:00,NATI
41.655,41.655,41.64,41.64,202,2021-07-08 18:15:00,NATI
41.63,41.63,41.63,41.63,100,2021-07-08 18:16:00,NATI
41.63,41.63,41.59,41.6,700,2021-07-08 18:17:00,NATI
41.58,41.58,41.58,41.58,100,2021-07-08 18:18:00,NATI
41.55,41.55,41.55,41.55,100,2021-07-08 18:19:00,NATI
41.56,41.57,41.56,41.56,300,2021-07-08 18:20:00,NATI
41.55,41.55,41.55,41.55,100,2021-07-08 18:22:00,NATI
41.53,41.53,41.53,41.53,100,2021-07-08 18:23:00,NATI
41.54,41.55,41.54,41.55,403,2021-07-08 18:26:00,NATI
41.525,41.525,41.52,41.52,204,2021-07-08 18:27:00,NATI
41.5,41.54,41.5,41.54,500,2021-07-08 18:29:00,NATI
41.53,41.53,41.52,41.52,263,2021-07-08 18:30:00,NATI
41.53,41.53,41.5141,41.5141,654,2021-07-08 18:31:00,NATI
41.54,41.54,41.53,41.53,200,2021-07-08 18:32:00,NATI
41.525,41.525,41.51,41.51,200,2021-07-08 18:33:00,NATI
41.55,41.55,41.55,41.55,100,2021-07-08 18:34:00,NATI
41.58,41.58,41.58,41.58,100,2021-07-08 18:35:00,NATI
41.57,41.57,41.55,41.56,600,2021-07-08 18:37:00,NATI
41.56,41.56,41.56,41.56,100,2021-07-08 18:39:00,NATI
41.55,41.55,41.53,41.53,400,2021-07-08 18:40:00,NATI
41.54,41.56,41.54,41.56,400,2021-07-08 18:41:00,NATI
41.55,41.55,41.55,41.55,100,2021-07-08 18:42:00,NATI
41.54,41.54,41.53,41.539,300,2021-07-08 18:44:00,NATI
41.52,41.53,41.52,41.53,200,2021-07-08 18:45:00,NATI
41.53,41.53,41.53,41.53,100,2021-07-08 18:46:00,NATI
41.54,41.54,41.54,41.54,100,2021-07-08 18:47:00,NATI
41.51,41.51,41.5,41.5,200,2021-07-08 18:48:00,NATI
41.49,41.49,41.49,41.49,100,2021-07-08 18:50:00,NATI
41.49,41.49,41.49,41.49,244,2021-07-08 18:51:00,NATI
41.51,41.52,41.51,41.52,200,2021-07-08 18:52:00,NATI
41.5,41.5,41.5,41.5,300,2021-07-08 18:53:00,NATI
41.51,41.51,41.51,41.51,106,2021-07-08 18:54:00,NATI
41.53,41.54,41.53,41.53,859,2021-07-08 18:55:00,NATI
41.56,41.56,41.555,41.56,600,2021-07-08 18:57:00,NATI
41.58,41.58,41.58,41.58,100,2021-07-08 18:58:00,NATI
41.56,41.56,41.56,41.56,300,2021-07-08 18:59:00,NATI
41.6,41.6,41.6,41.6,100,2021-07-08 19:00:00,NATI
41.61,41.61,41.61,41.61,200,2021-07-08 19:01:00,NATI
41.62,41.62,41.62,41.62,100,2021-07-08 19:02:00,NATI
41.62,41.62,41.6,41.6,621,2021-07-08 19:03:00,NATI
41.58,41.58,41.58,41.58,100,2021-07-08 19:04:00,NATI
41.61,41.61,41.61,41.61,100,2021-07-08 19:05:00,NATI
41.61,41.61,41.61,41.61,200,2021-07-08 19:06:00,NATI
41.581,41.59,41.555,41.59,700,2021-07-08 19:08:00,NATI
41.58,41.58,41.56,41.56,700,2021-07-08 19:09:00,NATI
41.56,41.56,41.545,41.56,600,2021-07-08 19:10:00,NATI
41.56,41.56,41.56,41.56,100,2021-07-08 19:11:00,NATI
41.57,41.59,41.57,41.59,200,2021-07-08 19:12:00,NATI
41.565,41.565,41.56,41.56,700,2021-07-08 19:14:00,NATI
41.55,41.55,41.55,41.55,200,2021-07-08 19:15:00,NATI
41.52,41.54,41.52,41.54,519,2021-07-08 19:17:00,NATI
41.53,41.53,41.53,41.53,240,2021-07-08 19:19:00,NATI
41.53,41.53,41.53,41.53,200,2021-07-08 19:20:00,NATI
41.53,41.57,41.53,41.57,200,2021-07-08 19:21:00,NATI
41.58,41.58,41.56,41.58,669,2021-07-08 19:22:00,NATI
41.595,41.595,41.595,41.595,100,2021-07-08 19:23:00,NATI
41.61,41.62,41.6,41.6,1330,2021-07-08 19:24:00,NATI
41.59,41.62,41.59,41.61,1362,2021-07-08 19:25:00,NATI
41.63,41.65,41.63,41.65,1400,2021-07-08 19:26:00,NATI
41.71,41.71,41.71,41.71,298,2021-07-08 19:27:00,NATI
41.71,41.71,41.685,41.685,400,2021-07-08 19:28:00,NATI
41.72,41.72,41.69,41.69,900,2021-07-08 19:29:00,NATI
41.71,41.71,41.71,41.71,100,2021-07-08 19:30:00,NATI
41.72,41.75,41.71,41.73,3495,2021-07-08 19:31:00,NATI
41.725,41.725,41.72,41.72,600,2021-07-08 19:32:00,NATI
41.71,41.76,41.71,41.76,700,2021-07-08 19:33:00,NATI
41.755,41.755,41.74,41.74,1849,2021-07-08 19:34:00,NATI
41.735,41.75,41.73,41.73,1480,2021-07-08 19:35:00,NATI
41.75,41.75,41.75,41.75,100,2021-07-08 19:36:00,NATI
41.76,41.77,41.75,41.75,1096,2021-07-08 19:37:00,NATI
41.77,41.77,41.77,41.77,100,2021-07-08 19:38:00,NATI
41.76,41.76,41.75,41.76,1100,2021-07-08 19:39:00,NATI
41.73,41.73,41.695,41.71,1808,2021-07-08 19:40:00,NATI
41.69,41.69,41.68,41.68,200,2021-07-08 19:41:00,NATI
41.69,41.69,41.67,41.67,400,2021-07-08 19:42:00,NATI
41.66,41.67,41.66,41.67,832,2021-07-08 19:43:00,NATI
41.69,41.69,41.69,41.69,200,2021-07-08 19:44:00,NATI
41.69,41.69,41.68,41.685,1197,2021-07-08 19:45:00,NATI
41.68,41.68,41.65,41.66,900,2021-07-08 19:46:00,NATI
41.65,41.66,41.64,41.64,1605,2021-07-08 19:47:00,NATI
41.63,41.63,41.62,41.62,234,2021-07-08 19:48:00,NATI
41.62,41.63,41.61,41.62,1300,2021-07-08 19:49:00,NATI
41.61,41.61,41.55,41.59,3412,2021-07-08 19:50:00,NATI
41.59,41.64,41.59,41.64,2560,2021-07-08 19:51:00,NATI
41.64,41.655,41.64,41.64,2000,2021-07-08 19:52:00,NATI
41.66,41.69,41.66,41.68,2087,2021-07-08 19:53:00,NATI
41.68,41.71,41.66,41.66,4248,2021-07-08 19:54:00,NATI
41.665,41.72,41.66,41.72,2800,2021-07-08 19:55:00,NATI
41.72,41.76,41.72,41.76,2449,2021-07-08 19:56:00,NATI
41.745,41.76,41.73,41.75,4864,2021-07-08 19:57:00,NATI
41.75,41.78,41.74,41.78,3608,2021-07-08 19:58:00,NATI
41.77,41.8,41.76,41.79,8724,2021-07-08 19:59:00,NATI
41.77,41.77,41.77,41.77,70410,2021-07-08 20:00:00,NATI
41.77,41.77,41.77,41.77,366,2021-07-08 20:01:00,NATI
42.14,42.4,42.0,42.4,6152,2021-07-09 13:30:00,NATI
42.05,42.05,42.05,42.05,100,2021-07-09 13:32:00,NATI
41.97,41.97,41.97,41.97,100,2021-07-09 13:33:00,NATI
41.97,41.97,41.97,41.97,100,2021-07-09 13:34:00,NATI
42.14,42.14,41.98,41.98,600,2021-07-09 13:35:00,NATI
42.005,42.005,42.005,42.005,100,2021-07-09 13:37:00,NATI
41.995,42.05,41.995,42.05,390,2021-07-09 13:38:00,NATI
42.04,42.09,42.04,42.09,5400,2021-07-09 13:39:00,NATI
42.17,42.175,42.17,42.175,200,2021-07-09 13:40:00,NATI
42.195,42.195,42.145,42.145,1377,2021-07-09 13:41:00,NATI
42.09,42.09,42.09,42.09,100,2021-07-09 13:42:00,NATI
42.13,42.17,42.12,42.17,400,2021-07-09 13:47:00,NATI
42.15,42.16,42.13,42.15,1000,2021-07-09 13:49:00,NATI
42.17,42.19,42.17,42.18,505,2021-07-09 13:50:00,NATI
42.22,42.22,42.22,42.22,102,2021-07-09 13:51:00,NATI
42.21,42.22,42.16,42.195,1873,2021-07-09 13:52:00,NATI
42.205,42.205,42.205,42.205,100,2021-07-09 13:54:00,NATI
42.225,42.225,42.2,42.22,1001,2021-07-09 13:55:00,NATI
42.26,42.28,42.23,42.23,1200,2021-07-09 14:01:00,NATI
42.2329,42.2329,42.2329,42.2329,100,2021-07-09 14:02:00,NATI
42.21,42.21,42.2,42.2,200,2021-07-09 14:03:00,NATI
42.24,42.28,42.24,42.28,937,2021-07-09 14:04:00,NATI
42.26,42.28,42.26,42.28,510,2021-07-09 14:05:00,NATI
42.25,42.26,42.23,42.23,1000,2021-07-09 14:07:00,NATI
42.23,42.23,42.225,42.225,10200,2021-07-09 14:09:00,NATI
42.235,42.29,42.235,42.285,637,2021-07-09 14:10:00,NATI
42.3,42.35,42.3,42.35,600,2021-07-09 14:11:00,NATI
42.29,42.32,42.29,42.31,1500,2021-07-09 14:12:00,NATI
42.315,42.335,42.315,42.335,1800,2021-07-09 14:13:00,NATI
42.335,42.335,42.335,42.335,900,2021-07-09 14:14:00,NATI
42.33,42.33,42.33,42.33,1600,2021-07-09 14:15:00,NATI
42.335,42.35,42.325,42.325,800,2021-07-09 14:16:00,NATI
42.33,42.33,42.33,42.33,100,2021-07-09 14:18:00,NATI
42.36,42.37,42.36,42.37,300,2021-07-09 14:20:00,NATI
42.38,42.42,42.38,42.42,1875,2021-07-09 14:21:00,NATI
42.395,42.395,42.38,42.3925,1200,2021-07-09 14:23:00,NATI
42.39,42.4,42.39,42.4,318,2021-07-09 14:24:00,NATI
42.41,42.41,42.395,42.41,300,2021-07-09 14:25:00,NATI
42.38,42.38,42.37,42.38,400,2021-07-09 14:26:00,NATI
42.38,42.38,42.38,42.38,100,2021-07-09 14:27:00,NATI
42.41,42.41,42.41,42.41,100,2021-07-09 14:29:00,NATI
42.43,42.43,42.43,42.43,300,2021-07-09 14:30:00,NATI
42.45,42.45,42.45,42.45,200,2021-07-09 14:31:00,NATI
42.44,42.45,42.44,42.45,300,2021-07-09 14:32:00,NATI
42.45,42.46,42.45,42.45,386,2021-07-09 14:33:00,NATI
42.45,42.48,42.45,42.4725,1200,2021-07-09 14:34:00,NATI
42.46,42.46,42.45,42.45,231,2021-07-09 14:35:00,NATI
42.47,42.48,42.47,42.47,300,2021-07-09 14:36:00,NATI
42.47,42.51,42.47,42.51,2150,2021-07-09 14:37:00,NATI
42.51,42.51,42.5,42.51,500,2021-07-09 14:38:00,NATI
42.5125,42.5125,42.5125,42.5125,120,2021-07-09 14:41:00,NATI
42.5,42.5,42.49,42.49,300,2021-07-09 14:42:00,NATI
42.49,42.49,42.485,42.485,300,2021-07-09 14:43:00,NATI
42.48,42.48,42.48,42.48,100,2021-07-09 14:44:00,NATI
42.49,42.49,42.49,42.49,100,2021-07-09 14:45:00,NATI
42.51,42.51,42.505,42.505,344,2021-07-09 14:46:00,NATI
42.49,42.5025,42.465,42.465,543,2021-07-09 14:47:00,NATI
42.455,42.4719,42.455,42.46,341,2021-07-09 14:48:00,NATI
42.47,42.47,42.47,42.47,100,2021-07-09 14:49:00,NATI
42.495,42.495,42.495,42.495,200,2021-07-09 14:50:00,NATI
42.455,42.475,42.455,42.475,310,2021-07-09 14:52:00,NATI
42.45,42.45,42.45,42.45,200,2021-07-09 14:53:00,NATI
42.44,42.45,42.435,42.45,540,2021-07-09 14:54:00,NATI
42.43,42.43,42.42,42.42,200,2021-07-09 14:55:00,NATI
42.43,42.43,42.42,42.42,200,2021-07-09 14:56:00,NATI
42.45,42.46,42.45,42.46,200,2021-07-09 14:57:00,NATI
42.43,42.43,42.43,42.43,200,2021-07-09 14:58:00,NATI
42.45,42.45,42.445,42.445,300,2021-07-09 15:00:00,NATI
42.43,42.4325,42.415,42.42,603,2021-07-09 15:01:00,NATI
42.44,42.44,42.435,42.435,525,2021-07-09 15:02:00,NATI
42.43,42.44,42.43,42.44,300,2021-07-09 15:03:00,NATI
42.45,42.45,42.45,42.45,400,2021-07-09 15:04:00,NATI
42.46,42.47,42.46,42.46,300,2021-07-09 15:05:00,NATI
42.48,42.49,42.48,42.49,200,2021-07-09 15:08:00,NATI
42.46,42.46,42.46,42.46,300,2021-07-09 15:10:00,NATI
42.47,42.475,42.47,42.475,468,2021-07-09 15:11:00,NATI
42.49,42.49,42.49,42.49,100,2021-07-09 15:15:00,NATI
42.46,42.47,42.46,42.47,431,2021-07-09 15:18:00,NATI
42.48,42.48,42.48,42.48,100,2021-07-09 15:23:00,NATI
42.49,42.5,42.49,42.49,800,2021-07-09 15:24:00,NATI
42.51,42.51,42.51,42.51,100,2021-07-09 15:25:00,NATI
42.56,42.56,42.5399,42.55,2118,2021-07-09 15:27:00,NATI
42.54,42.54,42.53,42.53,610,2021-07-09 15:32:00,NATI
42.54,42.54,42.54,42.54,100,2021-07-09 15:33:00,NATI
42.52,42.52,42.52,42.52,164,2021-07-09 15:36:00,NATI
42.54,42.54,42.535,42.535,226,2021-07-09 15:37:00,NATI
42.53,42.555,42.53,42.555,500,2021-07-09 15:40:00,NATI
42.54,42.54,42.53,42.53,500,2021-07-09 15:41:00,NATI
42.55,42.55,42.55,42.55,100,2021-07-09 15:42:00,NATI
42.57,42.57,42.57,42.57,200,2021-07-09 15:44:00,NATI
42.584,42.597,42.584,42.597,242,2021-07-09 15:47:00,NATI
42.58,42.58,42.57,42.57,313,2021-07-09 15:48:00,NATI
42.58,42.58,42.56,42.56,246,2021-07-09 15:49:00,NATI
42.585,42.585,42.585,42.585,250,2021-07-09 15:50:00,NATI
42.62,42.64,42.62,42.64,400,2021-07-09 15:51:00,NATI
42.63,42.63,42.63,42.63,100,2021-07-09 15:53:00,NATI
42.63,42.63,42.62,42.63,400,2021-07-09 15:54:00,NATI
42.65,42.65,42.65,42.65,100,2021-07-09 15:55:00,NATI
42.65,42.65,42.64,42.64,300,2021-07-09 15:56:00,NATI
42.63,42.63,42.58,42.58,500,2021-07-09 15:58:00,NATI
42.57,42.57,42.56,42.56,1443,2021-07-09 16:05:00,NATI
42.56,42.56,42.56,42.56,200,2021-07-09 16:06:00,NATI
42.58,42.58,42.58,42.58,100,2021-07-09 16:08:00,NATI
42.56,42.56,42.56,42.56,100,2021-07-09 16:10:00,NATI
42.54,42.54,42.54,42.54,100,2021-07-09 16:11:00,NATI
42.525,42.525,42.525,42.525,107,2021-07-09 16:12:00,NATI
42.52,42.52,42.52,42.52,100,2021-07-09 16:13:00,NATI
42.53,42.53,42.53,42.53,300,2021-07-09 16:16:00,NATI
42.5,42.51,42.5,42.51,500,2021-07-09 16:17:00,NATI
42.5075,42.5075,42.5075,42.5075,100,2021-07-09 16:18:00,NATI
42.52,42.53,42.52,42.53,300,2021-07-09 16:19:00,NATI
42.515,42.515,42.515,42.515,103,2021-07-09 16:20:00,NATI
42.5,42.5,42.5,42.5,100,2021-07-09 16:22:00,NATI
42.49,42.49,42.49,42.49,100,2021-07-09 16:23:00,NATI
42.49,42.49,42.475,42.475,500,2021-07-09 16:24:00,NATI
42.48,42.48,42.48,42.48,103,2021-07-09 16:25:00,NATI
42.48,42.49,42.48,42.49,200,2021-07-09 16:27:00,NATI
42.47,42.475,42.46,42.46,617,2021-07-09 16:30:00,NATI
42.46,42.48,42.46,42.48,300,2021-07-09 16:32:00,NATI
42.49,42.5,42.49,42.5,500,2021-07-09 16:34:00,NATI
42.54,42.54,42.54,42.54,100,2021-07-09 16:40:00,NATI
42.54,42.54,42.54,42.54,100,2021-07-09 16:41:00,NATI
42.56,42.56,42.55,42.55,880,2021-07-09 16:44:00,NATI
42.5583,42.5583,42.5583,42.5583,112,2021-07-09 16:46:00,NATI
42.55,42.55,42.55,42.55,100,2021-07-09 16:47:00,NATI
42.57,42.57,42.57,42.57,400,2021-07-09 16:50:00,NATI
42.59,42.595,42.59,42.595,200,2021-07-09 16:52:00,NATI
42.6,42.6,42.58,42.58,323,2021-07-09 16:55:00,NATI
42.56,42.56,42.55,42.55,400,2021-07-09 16:58:00,NATI
42.56,42.57,42.56,42.57,300,2021-07-09 17:00:00,NATI
42.579,42.579,42.579,42.579,100,2021-07-09 17:02:00,NATI
42.57,42.57,42.57,42.57,100,2021-07-09 17:03:00,NATI
42.54,42.54,42.54,42.54,100,2021-07-09 17:04:00,NATI
42.54,42.54,42.54,42.54,600,2021-07-09 17:05:00,NATI
42.54,42.54,42.5346,42.5346,400,2021-07-09 17:07:00,NATI
42.54,42.54,42.53,42.53,400,2021-07-09 17:15:00,NATI
42.5266,42.55,42.5266,42.54,631,2021-07-09 17:16:00,NATI
42.52,42.52,42.511,42.511,634,2021-07-09 17:19:00,NATI
42.525,42.525,42.525,42.525,100,2021-07-09 17:20:00,NATI
42.53,42.53,42.53,42.53,100,2021-07-09 17:22:00,NATI
42.5237,42.5237,42.52,42.52,214,2021-07-09 17:23:00,NATI
42.54,42.55,42.54,42.54,1525,2021-07-09 17:29:00,NATI
42.56,42.58,42.56,42.58,400,2021-07-09 17:30:00,NATI
42.59,42.61,42.59,42.6,600,2021-07-09 17:31:00,NATI
42.6,42.6,42.6,42.6,100,2021-07-09 17:32:00,NATI
42.59,42.59,42.59,42.59,102,2021-07-09 17:35:00,NATI
42.59,42.59,42.59,42.59,183,2021-07-09 17:38:00,NATI
42.6,42.63,42.6,42.63,639,2021-07-09 17:40:00,NATI
42.65,42.65,42.65,42.65,100,2021-07-09 17:41:00,NATI
42.64,42.64,42.64,42.64,100,2021-07-09 17:43:00,NATI
42.62,42.62,42.62,42.62,117,2021-07-09 17:44:00,NATI
42.63,42.63,42.63,42.63,100,2021-07-09 17:46:00,NATI
42.65,42.65,42.65,42.65,100,2021-07-09 17:48:00,NATI
42.6194,42.6194,42.6194,42.6194,244,2021-07-09 17:50:00,NATI
42.649,42.649,42.649,42.649,100,2021-07-09 17:53:00,NATI
42.63,42.63,42.63,42.63,334,2021-07-09 17:54:00,NATI
42.64,42.65,42.64,42.65,500,2021-07-09 17:55:00,NATI
42.64,42.64,42.64,42.64,200,2021-07-09 17:57:00,NATI
42.655,42.655,42.655,42.655,100,2021-07-09 17:58:00,NATI
42.66,42.665,42.66,42.665,200,2021-07-09 18:02:00,NATI
42.66,42.66,42.65,42.65,500,2021-07-09 18:04:00,NATI
42.64,42.64,42.64,42.64,100,2021-07-09 18:05:00,NATI
42.62,42.6274,42.62,42.6274,395,2021-07-09 18:06:00,NATI
42.62,42.62,42.62,42.62,100,2021-07-09 18:08:00,NATI
42.6,42.6,42.6,42.6,100,2021-07-09 18:11:00,NATI
42.6,42.6,42.6,42.6,100,2021-07-09 18:13:00,NATI
42.6,42.6,42.6,42.6,100,2021-07-09 18:15:00,NATI
42.61,42.64,42.61,42.64,800,2021-07-09 18:18:00,NATI
42.64,42.64,42.63,42.63,517,2021-07-09 18:20:00,NATI
42.617,42.617,42.617,42.617,130,2021-07-09 18:22:00,NATI
42.61,42.61,42.61,42.61,100,2021-07-09 18:23:00,NATI
42.62,42.62,42.62,42.62,100,2021-07-09 18:25:00,NATI
42.645,42.645,42.645,42.645,100,2021-07-09 18:26:00,NATI
42.63,42.64,42.63,42.64,400,2021-07-09 18:27:00,NATI
42.64,42.65,42.64,42.65,200,2021-07-09 18:28:00,NATI
42.64,42.64,42.61,42.61,200,2021-07-09 18:29:00,NATI
42.62,42.62,42.62,42.62,200,2021-07-09 18:32:00,NATI
42.63,42.63,42.63,42.63,100,2021-07-09 18:33:00,NATI
42.65,42.66,42.64,42.6475,907,2021-07-09 18:36:00,NATI
42.64,42.64,42.64,42.64,300,2021-07-09 18:39:00,NATI
42.66,42.66,42.66,42.66,300,2021-07-09 18:40:00,NATI
42.68,42.68,42.68,42.68,100,2021-07-09 18:41:00,NATI
42.67,42.68,42.67,42.67,300,2021-07-09 18:42:00,NATI
42.68,42.68,42.67,42.67,309,2021-07-09 18:44:00,NATI
42.675,42.675,42.675,42.675,102,2021-07-09 18:46:00,NATI
42.66,42.66,42.66,42.66,333,2021-07-09 18:47:00,NATI
42.63,42.63,42.63,42.63,100,2021-07-09 18:49:00,NATI
42.61,42.61,42.61,42.61,100,2021-07-09 18:50:00,NATI
42.63,42.64,42.62,42.62,300,2021-07-09 18:51:00,NATI
42.65,42.65,42.65,42.65,400,2021-07-09 18:52:00,NATI
42.64,42.64,42.64,42.64,100,2021-07-09 18:53:00,NATI
42.63,42.63,42.63,42.63,100,2021-07-09 18:54:00,NATI
42.66,42.66,42.66,42.66,100,2021-07-09 18:56:00,NATI
42.65,42.65,42.65,42.65,184,2021-07-09 18:57:00,NATI
42.66,42.6628,42.655,42.6628,625,2021-07-09 18:58:00,NATI
42.67,42.67,42.66,42.66,200,2021-07-09 19:00:00,NATI
42.67,42.67,42.67,42.67,100,2021-07-09 19:01:00,NATI
42.66,42.66,42.651,42.651,1225,2021-07-09 19:02:00,NATI
42.66,42.66,42.645,42.645,300,2021-07-09 19:03:00,NATI
42.65,42.65,42.64,42.64,200,2021-07-09 19:04:00,NATI
42.64,42.65,42.63,42.65,500,2021-07-09 19:05:00,NATI
42.66,42.66,42.66,42.66,200,2021-07-09 19:06:00,NATI
42.67,42.67,42.651,42.67,814,2021-07-09 19:07:00,NATI
42.665,42.665,42.665,42.665,100,2021-07-09 19:08:00,NATI
42.665,42.665,42.665,42.665,100,2021-07-09 19:09:00,NATI
42.68,42.68,42.68,42.68,354,2021-07-09 19:10:00,NATI
42.67,42.69,42.67,42.69,329,2021-07-09 19:11:00,NATI
42.7,42.73,42.7,42.73,700,2021-07-09 19:12:00,NATI
42.72,42.74,42.72,42.735,400,2021-07-09 19:13:00,NATI
42.73,42.73,42.73,42.73,200,2021-07-09 19:14:00,NATI
42.725,42.725,42.725,42.725,100,2021-07-09 19:15:00,NATI
42.72,42.74,42.72,42.74,400,2021-07-09 19:17:00,NATI
42.74,42.74,42.735,42.735,200,2021-07-09 19:18:00,NATI
42.735,42.735,42.72,42.72,300,2021-07-09 19:19:00,NATI
42.71,42.71,42.7,42.7,500,2021-07-09 19:21:00,NATI
42.7,42.7,42.68,42.68,400,2021-07-09 19:22:00,NATI
42.68,42.68,42.67,42.67,200,2021-07-09 19:23:00,NATI
42.69,42.69,42.67,42.67,400,2021-07-09 19:24:00,NATI
42.69,42.69,42.685,42.685,540,2021-07-09 19:25:00,NATI
42.69,42.69,42.69,42.69,600,2021-07-09 19:26:00,NATI
42.67,42.69,42.67,42.69,700,2021-07-09 19:27:00,NATI
42.685,42.685,42.685,42.685,100,2021-07-09 19:28:00,NATI
42.68,42.68,42.68,42.68,100,2021-07-09 19:29:00,NATI
42.69,42.69,42.69,42.69,200,2021-07-09 19:30:00,NATI
42.69,42.695,42.69,42.695,200,2021-07-09 19:31:00,NATI
42.69,42.69,42.69,42.69,600,2021-07-09 19:32:00,NATI
42.68,42.68,42.67,42.68,1369,2021-07-09 19:33:00,NATI
42.69,42.69,42.69,42.69,600,2021-07-09 19:34:00,NATI
42.695,42.7,42.69,42.7,545,2021-07-09 19:35:00,NATI
42.73,42.73,42.72,42.72,800,2021-07-09 19:36:00,NATI
42.73,42.73,42.72,42.72,699,2021-07-09 19:37:00,NATI
42.7,42.7,42.7,42.7,210,2021-07-09 19:38:00,NATI
42.715,42.715,42.715,42.715,100,2021-07-09 19:39:00,NATI
42.71,42.71,42.71,42.71,600,2021-07-09 19:40:00,NATI
42.69,42.69,42.68,42.68,541,2021-07-09 19:41:00,NATI
42.675,42.68,42.66,42.68,1400,2021-07-09 19:42:00,NATI
42.68,42.69,42.67,42.67,1279,2021-07-09 19:43:00,NATI
42.66,42.67,42.657,42.665,651,2021-07-09 19:44:00,NATI
42.68,42.68,42.67,42.67,600,2021-07-09 19:45:00,NATI
42.665,42.69,42.665,42.69,700,2021-07-09 19:46:00,NATI
42.685,42.7,42.685,42.7,1978,2021-07-09 19:47:00,NATI
42.7,42.72,42.7,42.72,1200,2021-07-09 19:48:00,NATI
42.73,42.73,42.73,42.73,300,2021-07-09 19:49:00,NATI
42.75,42.84,42.75,42.82,8464,2021-07-09 19:50:00,NATI
42.82,42.82,42.76,42.76,2616,2021-07-09 19:51:00,NATI
42.75,42.75,42.74,42.74,1371,2021-07-09 19:52:00,NATI
42.75,42.77,42.745,42.76,1940,2021-07-09 19:53:00,NATI
42.76,42.78,42.75,42.77,1528,2021-07-09 19:54:00,NATI
42.79,42.81,42.77,42.8,2300,2021-07-09 19:55:00,NATI
42.785,42.8,42.76,42.76,1731,2021-07-09 19:56:00,NATI
42.76,42.78,42.75,42.77,2187,2021-07-09 19:57:00,NATI
42.78,42.78,42.75,42.75,1961,2021-07-09 19:58:00,NATI
42.7496,42.77,42.72,42.72,4745,2021-07-09 19:59:00,NATI
42.72,42.72,42.72,42.72,203286,2021-07-09 20:00:00,NATI
42.72,42.72,42.72,42.72,1799,2021-07-09 20:08:00,NATI
42.79,42.97,42.66,42.87,8209,2021-07-12 13:30:00,NATI
42.855,42.855,42.67,42.67,500,2021-07-12 13:31:00,NATI
42.756,42.89,42.756,42.89,1200,2021-07-12 13:32:00,NATI
42.84,42.84,42.731,42.84,1400,2021-07-12 13:33:00,NATI
42.78,42.78,42.78,42.78,100,2021-07-12 13:34:00,NATI
42.86,42.86,42.86,42.86,300,2021-07-12 13:38:00,NATI
42.82,42.8325,42.8,42.8325,480,2021-07-12 13:39:00,NATI
42.79,42.79,42.78,42.78,400,2021-07-12 13:40:00,NATI
42.84,42.85,42.81,42.81,600,2021-07-12 13:41:00,NATI
42.85,42.85,42.85,42.85,300,2021-07-12 13:42:00,NATI
42.86,42.86,42.86,42.86,100,2021-07-12 13:43:00,NATI
42.92,42.935,42.92,42.935,300,2021-07-12 13:44:00,NATI
42.94,42.94,42.9,42.9,358,2021-07-12 13:45:00,NATI
42.97,42.97,42.97,42.97,135,2021-07-12 13:47:00,NATI
42.96,42.96,42.96,42.96,100,2021-07-12 13:48:00,NATI
42.93,42.9357,42.92,42.92,576,2021-07-12 13:49:00,NATI
42.9,42.91,42.885,42.91,300,2021-07-12 13:50:00,NATI
42.86,42.92,42.86,42.92,200,2021-07-12 13:52:00,NATI
42.87,42.87,42.87,42.87,100,2021-07-12 13:54:00,NATI
42.88,42.88,42.88,42.88,100,2021-07-12 13:55:00,NATI
42.88,42.89,42.88,42.88,500,2021-07-12 13:56:00,NATI
42.94,42.95,42.92,42.92,600,2021-07-12 13:59:00,NATI
42.92,42.9216,42.92,42.9216,777,2021-07-12 14:00:00,NATI
42.925,42.925,42.88,42.89,889,2021-07-12 14:01:00,NATI
42.93,42.93,42.845,42.845,2100,2021-07-12 14:02:00,NATI
42.86,42.86,42.83,42.83,200,2021-07-12 14:03:00,NATI
42.82,42.82,42.82,42.82,300,2021-07-12 14:04:00,NATI
42.85,42.87,42.85,42.87,1020,2021-07-12 14:08:00,NATI
42.89,42.89,42.89,42.89,100,2021-07-12 14:09:00,NATI
42.84,42.84,42.84,42.84,700,2021-07-12 14:10:00,NATI
42.85,42.86,42.79,42.79,981,2021-07-12 14:11:00,NATI
42.86,42.86,42.86,42.86,155,2021-07-12 14:12:00,NATI
42.81,42.82,42.78,42.8082,630,2021-07-12 14:13:00,NATI
42.83,42.83,42.83,42.83,400,2021-07-12 14:15:00,NATI
42.83,42.83,42.83,42.83,100,2021-07-12 14:16:00,NATI
42.83,42.83,42.83,42.83,100,2021-07-12 14:17:00,NATI
42.81,42.81,42.76,42.76,828,2021-07-12 14:18:00,NATI
42.76,42.76,42.75,42.76,983,2021-07-12 14:20:00,NATI
42.77,42.77,42.77,42.77,100,2021-07-12 14:24:00,NATI
42.77,42.78,42.77,42.78,604,2021-07-12 14:27:00,NATI
42.78,42.78,42.78,42.78,271,2021-07-12 14:28:00,NATI
42.7675,42.775,42.7675,42.775,241,2021-07-12 14:30:00,NATI
42.79,42.79,42.78,42.78,424,2021-07-12 14:31:00,NATI
42.77,42.77,42.77,42.77,100,2021-07-12 14:32:00,NATI
42.77,42.77,42.77,42.77,585,2021-07-12 14:34:00,NATI
42.77,42.77,42.77,42.77,100,2021-07-12 14:35:00,NATI
42.78,42.78,42.78,42.78,230,2021-07-12 14:36:00,NATI
42.775,42.775,42.76,42.76,400,2021-07-12 14:37:00,NATI
42.75,42.76,42.735,42.74,800,2021-07-12 14:40:00,NATI
42.75,42.75,42.74,42.74,200,2021-07-12 14:41:00,NATI
42.72,42.72,42.72,42.72,100,2021-07-12 14:42:00,NATI
42.73,42.73,42.73,42.73,300,2021-07-12 14:45:00,NATI
42.71,42.71,42.71,42.71,212,2021-07-12 14:47:00,NATI
42.64,42.65,42.64,42.65,200,2021-07-12 14:49:00,NATI
42.585,42.585,42.585,42.585,111,2021-07-12 14:53:00,NATI
42.6,42.61,42.6,42.61,897,2021-07-12 14:54:00,NATI
42.64,42.64,42.64,42.64,200,2021-07-12 14:55:00,NATI
42.665,42.665,42.665,42.665,100,2021-07-12 14:57:00,NATI
42.66,42.67,42.66,42.67,200,2021-07-12 14:58:00,NATI
42.685,42.685,42.685,42.685,100,2021-07-12 15:00:00,NATI
42.67,42.67,42.67,42.67,100,2021-07-12 15:02:00,NATI
42.7,42.7,42.67,42.68,900,2021-07-12 15:04:00,NATI
42.7,42.7,42.7,42.7,205,2021-07-12 15:06:00,NATI
42.67,42.67,42.67,42.67,100,2021-07-12 15:07:00,NATI
42.66,42.66,42.62,42.62,4925,2021-07-12 15:09:00,NATI
42.63,42.63,42.63,42.63,300,2021-07-12 15:10:00,NATI
42.62,42.62,42.62,42.62,300,2021-07-12 15:11:00,NATI
42.59,42.63,42.59,42.6195,641,2021-07-12 15:12:00,NATI
42.63,42.63,42.63,42.63,100,2021-07-12 15:13:00,NATI
42.61,42.615,42.61,42.615,300,2021-07-12 15:14:00,NATI
42.58,42.59,42.58,42.59,300,2021-07-12 15:20:00,NATI
42.6,42.6,42.6,42.6,100,2021-07-12 15:26:00,NATI
42.58,42.6,42.58,42.6,1100,2021-07-12 15:29:00,NATI
42.6,42.6,42.6,42.6,300,2021-07-12 15:30:00,NATI
42.62,42.62,42.61,42.61,1011,2021-07-12 15:34:00,NATI
42.61,42.62,42.61,42.62,300,2021-07-12 15:35:00,NATI
42.63,42.63,42.63,42.63,400,2021-07-12 15:36:00,NATI
42.61,42.61,42.6,42.6,200,2021-07-12 15:38:00,NATI
42.63,42.7,42.63,42.67,5360,2021-07-12 15:40:00,NATI
42.665,42.665,42.665,42.665,122,2021-07-12 15:42:00,NATI
42.68,42.68,42.68,42.68,400,2021-07-12 15:44:00,NATI
42.69,42.69,42.69,42.69,313,2021-07-12 15:45:00,NATI
42.69,42.72,42.69,42.72,400,2021-07-12 15:46:00,NATI
42.68,42.68,42.68,42.68,200,2021-07-12 15:48:00,NATI
42.695,42.695,42.68,42.68,730,2021-07-12 15:49:00,NATI
42.71,42.71,42.71,42.71,393,2021-07-12 15:53:00,NATI
42.74,42.74,42.74,42.74,100,2021-07-12 15:56:00,NATI
42.71,42.73,42.71,42.73,200,2021-07-12 15:57:00,NATI
42.75,42.75,42.75,42.75,100,2021-07-12 16:00:00,NATI
42.74,42.765,42.74,42.765,500,2021-07-12 16:02:00,NATI
42.765,42.765,42.765,42.765,100,2021-07-12 16:03:00,NATI
42.75,42.75,42.7277,42.7277,492,2021-07-12 16:04:00,NATI
42.72,42.72,42.701,42.701,260,2021-07-12 16:07:00,NATI
42.69,42.69,42.69,42.69,200,2021-07-12 16:08:00,NATI
42.69,42.69,42.69,42.69,100,2021-07-12 16:14:00,NATI
42.72,42.72,42.72,42.72,300,2021-07-12 16:16:00,NATI
42.74,42.75,42.74,42.75,200,2021-07-12 16:17:00,NATI
42.72,42.72,42.72,42.72,300,2021-07-12 16:20:00,NATI
42.685,42.685,42.66,42.66,400,2021-07-12 16:22:00,NATI
42.635,42.635,42.61,42.61,700,2021-07-12 16:26:00,NATI
42.61,42.61,42.61,42.61,100,2021-07-12 16:28:00,NATI
42.59,42.59,42.59,42.59,100,2021-07-12 16:31:00,NATI
42.595,42.595,42.595,42.595,200,2021-07-12 16:32:00,NATI
42.595,42.61,42.595,42.61,500,2021-07-12 16:33:00,NATI
42.605,42.605,42.605,42.605,250,2021-07-12 16:35:00,NATI
42.59,42.59,42.59,42.59,100,2021-07-12 16:36:00,NATI
42.605,42.62,42.605,42.62,300,2021-07-12 16:38:00,NATI
42.6,42.6,42.6,42.6,100,2021-07-12 16:39:00,NATI
42.6,42.61,42.6,42.61,300,2021-07-12 16:41:00,NATI
42.605,42.605,42.6,42.6,300,2021-07-12 16:42:00,NATI
42.6043,42.6043,42.54,42.55,2879,2021-07-12 16:43:00,NATI
42.56,42.56,42.5,42.5,600,2021-07-12 16:44:00,NATI
42.51,42.51,42.51,42.51,100,2021-07-12 16:46:00,NATI
42.495,42.495,42.465,42.465,300,2021-07-12 16:50:00,NATI
42.465,42.48,42.465,42.48,600,2021-07-12 16:51:00,NATI
42.5,42.5,42.5,42.5,100,2021-07-12 16:52:00,NATI
42.45,42.45,42.45,42.45,100,2021-07-12 16:55:00,NATI
42.45,42.45,42.45,42.45,200,2021-07-12 16:58:00,NATI
42.45,42.45,42.45,42.45,400,2021-07-12 17:01:00,NATI
42.46,42.475,42.46,42.47,900,2021-07-12 17:02:00,NATI
42.46,42.46,42.435,42.435,1399,2021-07-12 17:03:00,NATI
42.43,42.43,42.425,42.425,400,2021-07-12 17:04:00,NATI
42.44,42.45,42.44,42.45,500,2021-07-12 17:05:00,NATI
42.445,42.445,42.445,42.445,200,2021-07-12 17:06:00,NATI
42.46,42.46,42.46,42.46,100,2021-07-12 17:07:00,NATI
42.44,42.44,42.44,42.44,100,2021-07-12 17:09:00,NATI
42.425,42.44,42.425,42.44,300,2021-07-12 17:10:00,NATI
42.44,42.44,42.44,42.44,100,2021-07-12 17:13:00,NATI
42.44,42.44,42.43,42.43,700,2021-07-12 17:14:00,NATI
42.44,42.445,42.44,42.445,400,2021-07-12 17:15:00,NATI
42.46,42.46,42.425,42.43,10919,2021-07-12 17:17:00,NATI
42.41,42.41,42.405,42.405,300,2021-07-12 17:18:00,NATI
42.41,42.43,42.41,42.41,1031,2021-07-12 17:20:00,NATI
42.41,42.41,42.39,42.39,1600,2021-07-12 17:21:00,NATI
42.37,42.385,42.37,42.385,200,2021-07-12 17:22:00,NATI
42.39,42.4,42.38,42.38,800,2021-07-12 17:25:00,NATI
42.395,42.395,42.395,42.395,100,2021-07-12 17:27:00,NATI
42.4,42.415,42.4,42.4,1553,2021-07-12 17:30:00,NATI
42.42,42.42,42.42,42.42,100,2021-07-12 17:31:00,NATI
42.42,42.445,42.42,42.445,604,2021-07-12 17:32:00,NATI
42.445,42.445,42.445,42.445,100,2021-07-12 17:33:00,NATI
42.49,42.49,42.48,42.48,300,2021-07-12 17:38:00,NATI
42.5,42.51,42.5,42.51,5380,2021-07-12 17:42:00,NATI
42.51,42.515,42.5,42.5,1000,2021-07-12 17:43:00,NATI
42.5,42.5,42.5,42.5,200,2021-07-12 17:44:00,NATI
42.49,42.49,42.49,42.49,100,2021-07-12 17:46:00,NATI
42.49,42.49,42.49,42.49,100,2021-07-12 17:47:00,NATI
42.49,42.49,42.49,42.49,100,2021-07-12 17:50:00,NATI
42.51,42.51,42.51,42.51,100,2021-07-12 17:52:00,NATI
42.52,42.52,42.52,42.52,100,2021-07-12 17:55:00,NATI
42.525,42.54,42.525,42.54,400,2021-07-12 17:58:00,NATI
42.56,42.57,42.56,42.56,500,2021-07-12 18:01:00,NATI
42.56,42.56,42.56,42.56,187,2021-07-12 18:02:00,NATI
42.55,42.55,42.54,42.54,700,2021-07-12 18:03:00,NATI
42.545,42.545,42.54,42.54,265,2021-07-12 18:06:00,NATI
42.56,42.56,42.56,42.56,400,2021-07-12 18:08:00,NATI
42.56,42.56,42.56,42.56,100,2021-07-12 18:11:00,NATI
42.57,42.58,42.56,42.56,13900,2021-07-12 18:12:00,NATI
42.56,42.56,42.56,42.56,100,2021-07-12 18:19:00,NATI
42.57,42.57,42.57,42.57,200,2021-07-12 18:20:00,NATI
42.57,42.57,42.57,42.57,100,2021-07-12 18:23:00,NATI
42.57,42.57,42.57,42.57,299,2021-07-12 18:25:00,NATI
42.56,42.58,42.56,42.58,200,2021-07-12 18:26:00,NATI
42.58,42.58,42.58,42.58,100,2021-07-12 18:27:00,NATI
42.59,42.59,42.59,42.59,100,2021-07-12 18:28:00,NATI
42.6183,42.62,42.6183,42.62,263,2021-07-12 18:31:00,NATI
42.64,42.64,42.63,42.63,300,2021-07-12 18:32:00,NATI
42.65,42.67,42.64,42.64,1294,2021-07-12 18:34:00,NATI
42.65,42.67,42.64,42.64,700,2021-07-12 18:37:00,NATI
42.63,42.63,42.63,42.63,100,2021-07-12 18:38:00,NATI
42.64,42.64,42.64,42.64,100,2021-07-12 18:41:00,NATI
42.64,42.65,42.64,42.65,300,2021-07-12 18:42:00,NATI
42.64,42.64,42.64,42.64,100,2021-07-12 18:45:00,NATI
42.64,42.64,42.64,42.64,100,2021-07-12 18:46:00,NATI
42.63,42.63,42.63,42.63,100,2021-07-12 18:47:00,NATI
42.62,42.62,42.61,42.61,200,2021-07-12 18:48:00,NATI
42.58,42.58,42.58,42.58,300,2021-07-12 18:50:00,NATI
42.61,42.63,42.61,42.63,630,2021-07-12 18:51:00,NATI
42.61,42.61,42.61,42.61,100,2021-07-12 18:53:00,NATI
42.59,42.59,42.59,42.59,300,2021-07-12 18:54:00,NATI
42.61,42.61,42.595,42.595,200,2021-07-12 18:56:00,NATI
42.585,42.585,42.585,42.585,127,2021-07-12 18:58:00,NATI
42.57,42.57,42.57,42.57,100,2021-07-12 18:59:00,NATI
42.561,42.6,42.561,42.6,787,2021-07-12 19:00:00,NATI
42.6,42.6,42.6,42.6,100,2021-07-12 19:01:00,NATI
42.58,42.58,42.58,42.58,100,2021-07-12 19:02:00,NATI
42.54,42.54,42.54,42.54,100,2021-07-12 19:04:00,NATI
42.54,42.54,42.54,42.54,100,2021-07-12 19:07:00,NATI
42.53,42.53,42.53,42.53,100,2021-07-12 19:08:00,NATI
42.55,42.55,42.55,42.55,906,2021-07-12 19:09:00,NATI
42.56,42.56,42.56,42.56,400,2021-07-12 19:12:00,NATI
42.535,42.535,42.535,42.535,100,2021-07-12 19:14:00,NATI
42.5299,42.5299,42.51,42.51,1619,2021-07-12 19:18:00,NATI
42.53,42.54,42.53,42.535,1166,2021-07-12 19:19:00,NATI
42.535,42.535,42.535,42.535,120,2021-07-12 19:20:00,NATI
42.52,42.52,42.51,42.51,700,2021-07-12 19:23:00,NATI
42.53,42.56,42.53,42.56,1200,2021-07-12 19:25:00,NATI
42.55,42.55,42.55,42.55,100,2021-07-12 19:27:00,NATI
42.54,42.54,42.531,42.531,555,2021-07-12 19:28:00,NATI
42.53,42.53,42.53,42.53,100,2021-07-12 19:29:00,NATI
42.555,42.555,42.555,42.555,100,2021-07-12 19:31:00,NATI
42.54,42.54,42.53,42.53,300,2021-07-12 19:32:00,NATI
42.53,42.53,42.52,42.53,704,2021-07-12 19:33:00,NATI
42.52,42.52,42.51,42.51,236,2021-07-12 19:34:00,NATI
42.53,42.545,42.52,42.545,1100,2021-07-12 19:35:00,NATI
42.53,42.53,42.53,42.53,100,2021-07-12 19:36:00,NATI
42.545,42.56,42.545,42.56,200,2021-07-12 19:37:00,NATI
42.535,42.535,42.51,42.53,830,2021-07-12 19:38:00,NATI
42.53,42.53,42.53,42.53,370,2021-07-12 19:40:00,NATI
42.53,42.53,42.53,42.53,200,2021-07-12 19:41:00,NATI
42.54,42.54,42.53,42.53,300,2021-07-12 19:42:00,NATI
42.52,42.52,42.51,42.51,1174,2021-07-12 19:43:00,NATI
42.5,42.5,42.5,42.5,100,2021-07-12 19:44:00,NATI
42.52,42.53,42.52,42.53,1500,2021-07-12 19:45:00,NATI
42.52,42.53,42.52,42.52,300,2021-07-12 19:46:00,NATI
42.5,42.51,42.5,42.51,400,2021-07-12 19:47:00,NATI
42.51,42.51,42.505,42.51,1210,2021-07-12 19:48:00,NATI
42.51,42.52,42.51,42.51,400,2021-07-12 19:49:00,NATI
42.52,42.6,42.52,42.54,2072,2021-07-12 19:50:00,NATI
42.535,42.535,42.535,42.535,200,2021-07-12 19:51:00,NATI
42.54,42.57,42.54,42.57,1900,2021-07-12 19:52:00,NATI
42.565,42.57,42.56,42.57,950,2021-07-12 19:53:00,NATI
42.58,42.61,42.58,42.605,1100,2021-07-12 19:54:00,NATI
42.6,42.6,42.58,42.58,1484,2021-07-12 19:55:00,NATI
42.59,42.59,42.59,42.59,1500,2021-07-12 19:56:00,NATI
42.57,42.57,42.56,42.56,1187,2021-07-12 19:57:00,NATI
42.57,42.58,42.56,42.56,2794,2021-07-12 19:58:00,NATI
42.57,42.61,42.565,42.59,3623,2021-07-12 19:59:00,NATI
42.59,42.59,42.59,42.59,41242,2021-07-12 20:00:00,NATI
42.59,42.59,42.59,42.59,125,2021-07-12 20:01:00,NATI
42.48,42.48,42.48,42.48,4141,2021-07-13 13:30:00,NATI
42.39,42.445,42.17,42.19,1158,2021-07-13 13:32:00,NATI
42.36,42.43,42.33,42.38,400,2021-07-13 13:35:00,NATI
42.345,42.44,42.345,42.44,400,2021-07-13 13:36:00,NATI
42.425,42.425,42.38,42.38,400,2021-07-13 13:38:00,NATI
42.4,42.42,42.39,42.39,300,2021-07-13 13:40:00,NATI
42.39,42.39,42.36,42.36,200,2021-07-13 13:41:00,NATI
42.39,42.39,42.34,42.34,1600,2021-07-13 13:42:00,NATI
42.33,42.33,42.29,42.29,300,2021-07-13 13:47:00,NATI
42.3,42.3,42.27,42.27,300,2021-07-13 13:49:00,NATI
42.2375,42.25,42.2375,42.25,200,2021-07-13 13:51:00,NATI
42.3,42.3,42.29,42.29,808,2021-07-13 13:54:00,NATI
42.3,42.3,42.3,42.3,300,2021-07-13 13:55:00,NATI
42.33,42.33,42.33,42.33,100,2021-07-13 13:56:00,NATI
42.32,42.32,42.32,42.32,100,2021-07-13 13:57:00,NATI
42.29,42.29,42.29,42.29,100,2021-07-13 13:58:00,NATI
42.25,42.25,42.25,42.25,100,2021-07-13 13:59:00,NATI
42.26,42.27,42.26,42.27,300,2021-07-13 14:00:00,NATI
42.26,42.26,42.26,42.26,100,2021-07-13 14:02:00,NATI
42.23,42.23,42.23,42.23,100,2021-07-13 14:06:00,NATI
42.21,42.21,42.21,42.21,100,2021-07-13 14:07:00,NATI
42.205,42.205,42.205,42.205,100,2021-07-13 14:09:00,NATI
42.22,42.24,42.22,42.24,400,2021-07-13 14:10:00,NATI
42.29,42.29,42.29,42.29,100,2021-07-13 14:13:00,NATI
42.3299,42.3299,42.3299,42.3299,123,2021-07-13 14:17:00,NATI
42.32,42.32,42.32,42.32,200,2021-07-13 14:23:00,NATI
42.311,42.311,42.311,42.311,100,2021-07-13 14:24:00,NATI
42.35,42.35,42.35,42.35,100,2021-07-13 14:26:00,NATI
42.38,42.38,42.38,42.38,100,2021-07-13 14:27:00,NATI
42.4,42.4,42.4,42.4,100,2021-07-13 14:28:00,NATI
42.41,42.41,42.41,42.41,200,2021-07-13 14:31:00,NATI
42.4,42.4,42.381,42.381,600,2021-07-13 14:34:00,NATI
42.42,42.44,42.42,42.44,700,2021-07-13 14:35:00,NATI
42.44,42.44,42.44,42.44,100,2021-07-13 14:37:00,NATI
42.42,42.42,42.39,42.39,600,2021-07-13 14:42:00,NATI
42.36,42.36,42.36,42.36,100,2021-07-13 14:44:00,NATI
42.38,42.39,42.34,42.34,1100,2021-07-13 14:45:00,NATI
42.34,42.34,42.33,42.34,300,2021-07-13 14:47:00,NATI
42.33,42.33,42.33,42.33,200,2021-07-13 14:48:00,NATI
42.34,42.34,42.34,42.34,100,2021-07-13 14:50:00,NATI
42.321,42.321,42.321,42.321,100,2021-07-13 14:54:00,NATI
42.31,42.31,42.31,42.31,600,2021-07-13 14:55:00,NATI
42.33,42.35,42.33,42.35,1138,2021-07-13 14:57:00,NATI
42.35,42.35,42.3416,42.3416,316,2021-07-13 14:58:00,NATI
42.37,42.37,42.36,42.36,300,2021-07-13 15:02:00,NATI
42.36,42.36,42.36,42.36,400,2021-07-13 15:03:00,NATI
42.37,42.37,42.37,42.37,100,2021-07-13 15:06:00,NATI
42.371,42.371,42.371,42.371,100,2021-07-13 15:07:00,NATI
42.38,42.38,42.38,42.38,200,2021-07-13 15:10:00,NATI
42.36,42.36,42.36,42.36,100,2021-07-13 15:13:00,NATI
42.341,42.341,42.341,42.341,100,2021-07-13 15:14:00,NATI
42.39,42.39,42.39,42.39,400,2021-07-13 15:15:00,NATI
42.39,42.39,42.39,42.39,100,2021-07-13 15:17:00,NATI
42.37,42.37,42.37,42.37,100,2021-07-13 15:19:00,NATI
42.37,42.37,42.37,42.37,100,2021-07-13 15:20:00,NATI
42.35,42.35,42.35,42.35,100,2021-07-13 15:22:00,NATI
42.35,42.35,42.35,42.35,100,2021-07-13 15:23:00,NATI
42.37,42.37,42.37,42.37,300,2021-07-13 15:25:00,NATI
42.4,42.4,42.4,42.4,100,2021-07-13 15:26:00,NATI
42.42,42.42,42.42,42.42,200,2021-07-13 15:28:00,NATI
42.43,42.43,42.42,42.42,536,2021-07-13 15:29:00,NATI
42.41,42.41,42.4,42.4,300,2021-07-13 15:31:00,NATI
42.39,42.39,42.39,42.39,200,2021-07-13 15:32:00,NATI
42.38,42.38,42.38,42.38,100,2021-07-13 15:33:00,NATI
42.37,42.38,42.37,42.38,600,2021-07-13 15:34:00,NATI
42.43,42.43,42.43,42.43,300,2021-07-13 15:41:00,NATI
42.4,42.4,42.4,42.4,100,2021-07-13 15:42:00,NATI
42.381,42.39,42.38,42.39,300,2021-07-13 15:43:00,NATI
42.38,42.38,42.38,42.38,100,2021-07-13 15:46:00,NATI
42.4,42.4,42.4,42.4,100,2021-07-13 15:47:00,NATI
42.42,42.425,42.42,42.425,300,2021-07-13 15:48:00,NATI
42.42,42.42,42.39,42.39,700,2021-07-13 15:52:00,NATI
42.39,42.41,42.37,42.37,800,2021-07-13 15:53:00,NATI
42.37,42.4,42.37,42.38,300,2021-07-13 15:54:00,NATI
42.3777,42.4,42.3777,42.4,403,2021-07-13 15:55:00,NATI
42.4,42.4,42.39,42.39,300,2021-07-13 15:56:00,NATI
42.41,42.42,42.41,42.42,200,2021-07-13 15:59:00,NATI
42.44,42.44,42.44,42.44,638,2021-07-13 16:01:00,NATI
42.381,42.381,42.381,42.381,100,2021-07-13 16:03:00,NATI
42.38,42.38,42.38,42.38,100,2021-07-13 16:04:00,NATI
42.36,42.36,42.36,42.36,100,2021-07-13 16:06:00,NATI
42.36,42.37,42.345,42.35,1100,2021-07-13 16:07:00,NATI
42.38,42.39,42.38,42.39,200,2021-07-13 16:10:00,NATI
42.41,42.41,42.41,42.41,100,2021-07-13 16:11:00,NATI
42.38,42.38,42.38,42.38,100,2021-07-13 16:13:00,NATI
42.4,42.4,42.39,42.39,346,2021-07-13 16:19:00,NATI
42.37,42.38,42.37,42.37,700,2021-07-13 16:22:00,NATI
42.375,42.38,42.375,42.38,200,2021-07-13 16:25:00,NATI
42.36,42.36,42.35,42.35,600,2021-07-13 16:30:00,NATI
42.32,42.33,42.32,42.33,1009,2021-07-13 16:32:00,NATI
42.3895,42.3895,42.3895,42.3895,749,2021-07-13 16:37:00,NATI
42.39,42.39,42.39,42.39,300,2021-07-13 16:38:00,NATI
42.3973,42.41,42.3973,42.41,400,2021-07-13 16:42:00,NATI
42.39,42.4,42.39,42.39,1000,2021-07-13 16:43:00,NATI
42.38,42.38,42.38,42.38,200,2021-07-13 16:44:00,NATI
42.35,42.35,42.35,42.35,100,2021-07-13 16:45:00,NATI
42.36,42.375,42.351,42.351,600,2021-07-13 16:47:00,NATI
42.375,42.375,42.375,42.375,100,2021-07-13 16:50:00,NATI
42.37,42.37,42.37,42.37,100,2021-07-13 16:51:00,NATI
42.36,42.36,42.35,42.36,600,2021-07-13 16:52:00,NATI
42.36,42.37,42.36,42.37,200,2021-07-13 16:55:00,NATI
42.341,42.341,42.341,42.341,100,2021-07-13 16:57:00,NATI
42.331,42.36,42.331,42.36,200,2021-07-13 16:59:00,NATI
42.36,42.38,42.36,42.38,600,2021-07-13 17:00:00,NATI
42.37,42.37,42.341,42.341,700,2021-07-13 17:02:00,NATI
42.34,42.34,42.34,42.34,200,2021-07-13 17:04:00,NATI
42.327,42.327,42.327,42.327,373,2021-07-13 17:06:00,NATI
42.31,42.31,42.31,42.31,200,2021-07-13 17:08:00,NATI
42.3,42.3,42.3,42.3,200,2021-07-13 17:09:00,NATI
42.3,42.3,42.3,42.3,200,2021-07-13 17:10:00,NATI
42.29,42.29,42.27,42.275,300,2021-07-13 17:11:00,NATI
42.28,42.28,42.28,42.28,200,2021-07-13 17:13:00,NATI
42.26,42.26,42.26,42.26,100,2021-07-13 17:16:00,NATI
42.19,42.19,42.19,42.19,304,2021-07-13 17:18:00,NATI
42.17,42.17,42.17,42.17,100,2021-07-13 17:19:00,NATI
42.16,42.16,42.14,42.16,400,2021-07-13 17:20:00,NATI
42.22,42.22,42.22,42.22,100,2021-07-13 17:22:00,NATI
42.21,42.21,42.21,42.21,100,2021-07-13 17:23:00,NATI
42.19,42.19,42.17,42.17,500,2021-07-13 17:25:00,NATI
42.18,42.18,42.18,42.18,100,2021-07-13 17:26:00,NATI
42.16,42.16,42.16,42.16,200,2021-07-13 17:27:00,NATI
42.17,42.19,42.17,42.19,400,2021-07-13 17:29:00,NATI
42.18,42.18,42.17,42.17,400,2021-07-13 17:30:00,NATI
42.13,42.13,42.12,42.121,800,2021-07-13 17:36:00,NATI
42.15,42.19,42.15,42.19,600,2021-07-13 17:39:00,NATI
42.18,42.21,42.18,42.191,300,2021-07-13 17:40:00,NATI
42.19,42.19,42.16,42.16,700,2021-07-13 17:41:00,NATI
42.12,42.12,42.12,42.12,300,2021-07-13 17:42:00,NATI
42.14,42.14,42.13,42.13,400,2021-07-13 17:43:00,NATI
42.18,42.18,42.18,42.18,200,2021-07-13 17:45:00,NATI
42.17,42.17,42.17,42.17,200,2021-07-13 17:46:00,NATI
42.17,42.17,42.17,42.17,400,2021-07-13 17:55:00,NATI
42.161,42.161,42.161,42.161,100,2021-07-13 17:59:00,NATI
42.16,42.16,42.14,42.14,422,2021-07-13 18:00:00,NATI
42.15,42.17,42.14,42.14,1571,2021-07-13 18:01:00,NATI
42.13,42.13,42.13,42.13,100,2021-07-13 18:02:00,NATI
42.09,42.09,42.09,42.09,200,2021-07-13 18:03:00,NATI
42.11,42.11,42.11,42.11,400,2021-07-13 18:05:00,NATI
42.14,42.14,42.14,42.14,200,2021-07-13 18:06:00,NATI
42.15,42.15,42.15,42.15,100,2021-07-13 18:07:00,NATI
42.18,42.18,42.17,42.17,500,2021-07-13 18:09:00,NATI
42.19,42.19,42.19,42.19,100,2021-07-13 18:10:00,NATI
42.22,42.22,42.22,42.22,100,2021-07-13 18:14:00,NATI
42.23,42.24,42.22,42.23,700,2021-07-13 18:18:00,NATI
42.23,42.23,42.23,42.23,200,2021-07-13 18:19:00,NATI
42.22,42.22,42.21,42.21,1000,2021-07-13 18:20:00,NATI
42.23,42.25,42.23,42.25,400,2021-07-13 18:21:00,NATI
42.24,42.24,42.235,42.235,363,2021-07-13 18:22:00,NATI
42.24,42.24,42.24,42.24,417,2021-07-13 18:25:00,NATI
42.26,42.26,42.26,42.26,100,2021-07-13 18:26:00,NATI
42.26,42.26,42.26,42.26,200,2021-07-13 18:27:00,NATI
42.25,42.25,42.24,42.24,200,2021-07-13 18:28:00,NATI
42.24,42.25,42.24,42.25,200,2021-07-13 18:31:00,NATI
42.26,42.26,42.26,42.26,200,2021-07-13 18:32:00,NATI
42.25,42.25,42.25,42.25,100,2021-07-13 18:33:00,NATI
42.27,42.27,42.27,42.27,100,2021-07-13 18:34:00,NATI
42.255,42.255,42.255,42.255,100,2021-07-13 18:36:00,NATI
42.23,42.24,42.23,42.24,200,2021-07-13 18:37:00,NATI
42.23,42.24,42.23,42.24,400,2021-07-13 18:38:00,NATI
42.23,42.23,42.21,42.21,801,2021-07-13 18:40:00,NATI
42.2,42.22,42.2,42.22,500,2021-07-13 18:41:00,NATI
42.2,42.2,42.19,42.19,405,2021-07-13 18:42:00,NATI
42.19,42.19,42.19,42.19,200,2021-07-13 18:45:00,NATI
42.18,42.18,42.18,42.18,100,2021-07-13 18:46:00,NATI
42.18,42.18,42.18,42.18,200,2021-07-13 18:48:00,NATI
42.19,42.2,42.19,42.19,400,2021-07-13 18:49:00,NATI
42.191,42.191,42.191,42.191,100,2021-07-13 18:50:00,NATI
42.19,42.19,42.19,42.19,100,2021-07-13 18:51:00,NATI
42.19,42.19,42.19,42.19,100,2021-07-13 18:52:00,NATI
42.185,42.21,42.185,42.21,400,2021-07-13 18:56:00,NATI
42.22,42.24,42.22,42.231,500,2021-07-13 18:59:00,NATI
42.23,42.25,42.22,42.25,1620,2021-07-13 19:00:00,NATI
42.26,42.26,42.25,42.25,200,2021-07-13 19:04:00,NATI
42.26,42.27,42.26,42.27,1281,2021-07-13 19:05:00,NATI
42.26,42.26,42.26,42.26,100,2021-07-13 19:06:00,NATI
42.26,42.26,42.25,42.25,500,2021-07-13 19:08:00,NATI
42.25,42.25,42.24,42.24,300,2021-07-13 19:09:00,NATI
42.22,42.22,42.21,42.22,900,2021-07-13 19:11:00,NATI
42.23,42.23,42.22,42.22,501,2021-07-13 19:12:00,NATI
42.22,42.22,42.22,42.22,400,2021-07-13 19:13:00,NATI
42.22,42.22,42.22,42.22,100,2021-07-13 19:15:00,NATI
42.22,42.23,42.22,42.23,800,2021-07-13 19:16:00,NATI
42.25,42.28,42.25,42.27,1657,2021-07-13 19:18:00,NATI
42.25,42.251,42.25,42.251,200,2021-07-13 19:19:00,NATI
42.25,42.25,42.25,42.25,200,2021-07-13 19:20:00,NATI
42.275,42.275,42.275,42.275,100,2021-07-13 19:22:00,NATI
42.25,42.25,42.245,42.25,800,2021-07-13 19:23:00,NATI
42.26,42.26,42.26,42.26,100,2021-07-13 19:24:00,NATI
42.256,42.26,42.256,42.26,587,2021-07-13 19:25:00,NATI
42.24,42.24,42.221,42.221,326,2021-07-13 19:26:00,NATI
42.24,42.26,42.24,42.26,600,2021-07-13 19:28:00,NATI
42.2693,42.2693,42.25,42.25,530,2021-07-13 19:29:00,NATI
42.25,42.25,42.25,42.25,300,2021-07-13 19:30:00,NATI
42.23,42.23,42.22,42.22,500,2021-07-13 19:31:00,NATI
42.21,42.22,42.21,42.22,733,2021-07-13 19:32:00,NATI
42.22,42.22,42.22,42.22,300,2021-07-13 19:33:00,NATI
42.22,42.25,42.22,42.25,500,2021-07-13 19:34:00,NATI
42.24,42.25,42.24,42.25,200,2021-07-13 19:35:00,NATI
42.24,42.26,42.24,42.26,200,2021-07-13 19:36:00,NATI
42.27,42.3,42.27,42.3,500,2021-07-13 19:37:00,NATI
42.31,42.31,42.28,42.28,317,2021-07-13 19:38:00,NATI
42.3,42.3,42.3,42.3,500,2021-07-13 19:39:00,NATI
42.291,42.291,42.291,42.291,100,2021-07-13 19:40:00,NATI
42.31,42.32,42.3,42.3,300,2021-07-13 19:41:00,NATI
42.32,42.325,42.32,42.325,697,2021-07-13 19:43:00,NATI
42.32,42.33,42.32,42.33,900,2021-07-13 19:44:00,NATI
42.33,42.335,42.321,42.321,1400,2021-07-13 19:45:00,NATI
42.32,42.32,42.3,42.3,400,2021-07-13 19:46:00,NATI
42.29,42.29,42.29,42.29,100,2021-07-13 19:47:00,NATI
42.28,42.28,42.26,42.26,300,2021-07-13 19:49:00,NATI
42.25,42.26,42.25,42.25,2346,2021-07-13 19:50:00,NATI
42.245,42.245,42.21,42.23,907,2021-07-13 19:51:00,NATI
42.22,42.22,42.2,42.2,700,2021-07-13 19:52:00,NATI
42.201,42.21,42.201,42.205,900,2021-07-13 19:53:00,NATI
42.21,42.24,42.12,42.17,9765,2021-07-13 19:54:00,NATI
42.19,42.19,42.15,42.15,1337,2021-07-13 19:55:00,NATI
42.16,42.18,42.16,42.17,1600,2021-07-13 19:56:00,NATI
42.17,42.2,42.16,42.2,2634,2021-07-13 19:57:00,NATI
42.2,42.21,42.185,42.185,1698,2021-07-13 19:58:00,NATI
42.18,42.21,42.18,42.2,3094,2021-07-13 19:59:00,NATI
42.2,42.2,42.2,42.2,217758,2021-07-13 20:00:00,NATI
42.44,42.44,42.35,42.35,2619,2021-07-14 13:30:00,NATI
42.5,42.57,42.5,42.57,600,2021-07-14 13:33:00,NATI
42.69,42.69,42.69,42.69,100,2021-07-14 13:35:00,NATI
42.69,42.69,42.61,42.61,498,2021-07-14 13:37:00,NATI
42.73,42.74,42.73,42.74,200,2021-07-14 13:41:00,NATI
42.66,42.66,42.64,42.65,546,2021-07-14 13:49:00,NATI
42.63,42.63,42.63,42.63,100,2021-07-14 13:50:00,NATI
42.57,42.57,42.57,42.57,500,2021-07-14 13:53:00,NATI
42.56,42.56,42.56,42.56,100,2021-07-14 13:57:00,NATI
42.56,42.56,42.56,42.56,180,2021-07-14 13:58:00,NATI
42.55,42.55,42.54,42.54,300,2021-07-14 13:59:00,NATI
42.57,42.57,42.57,42.57,100,2021-07-14 14:01:00,NATI
42.57,42.58,42.57,42.58,300,2021-07-14 14:02:00,NATI
42.55,42.55,42.55,42.55,100,2021-07-14 14:08:00,NATI
42.58,42.6,42.58,42.6,301,2021-07-14 14:09:00,NATI
42.61,42.61,42.61,42.61,100,2021-07-14 14:10:00,NATI
42.62,42.62,42.5909,42.5909,337,2021-07-14 14:11:00,NATI
42.67,42.67,42.67,42.67,100,2021-07-14 14:14:00,NATI
42.69,42.71,42.69,42.71,200,2021-07-14 14:15:00,NATI
42.7,42.7,42.7,42.7,100,2021-07-14 14:16:00,NATI
42.67,42.67,42.67,42.67,200,2021-07-14 14:19:00,NATI
42.64,42.64,42.64,42.64,200,2021-07-14 14:20:00,NATI
42.64,42.64,42.64,42.64,100,2021-07-14 14:22:00,NATI
42.59,42.59,42.59,42.59,100,2021-07-14 14:25:00,NATI
42.53,42.53,42.53,42.53,200,2021-07-14 14:27:00,NATI
42.5,42.5,42.5,42.5,200,2021-07-14 14:30:00,NATI
42.51,42.51,42.51,42.51,200,2021-07-14 14:33:00,NATI
42.48,42.48,42.48,42.48,100,2021-07-14 14:34:00,NATI
42.49,42.49,42.49,42.49,200,2021-07-14 14:35:00,NATI
42.4607,42.51,42.4607,42.51,433,2021-07-14 14:38:00,NATI
42.54,42.55,42.54,42.55,200,2021-07-14 14:42:00,NATI
42.53,42.53,42.51,42.51,776,2021-07-14 14:44:00,NATI
42.51,42.54,42.51,42.54,600,2021-07-14 14:48:00,NATI
42.57,42.57,42.56,42.56,200,2021-07-14 14:50:00,NATI
42.57,42.57,42.57,42.57,100,2021-07-14 14:57:00,NATI
42.57,42.57,42.55,42.55,300,2021-07-14 15:00:00,NATI
42.55,42.55,42.55,42.55,209,2021-07-14 15:02:00,NATI
42.52,42.52,42.52,42.52,100,2021-07-14 15:03:00,NATI
42.43,42.43,42.43,42.43,200,2021-07-14 15:11:00,NATI
42.46,42.46,42.44,42.44,200,2021-07-14 15:14:00,NATI
42.42,42.42,42.42,42.42,143,2021-07-14 15:16:00,NATI
42.44,42.44,42.44,42.44,100,2021-07-14 15:18:00,NATI
42.425,42.425,42.425,42.425,100,2021-07-14 15:19:00,NATI
42.4219,42.4219,42.4219,42.4219,550,2021-07-14 15:20:00,NATI
42.43,42.44,42.38,42.38,1100,2021-07-14 15:21:00,NATI
42.4051,42.4051,42.4051,42.4051,375,2021-07-14 15:23:00,NATI
42.34,42.34,42.34,42.34,200,2021-07-14 15:25:00,NATI
42.36,42.36,42.36,42.36,375,2021-07-14 15:27:00,NATI
42.3,42.3,42.26,42.26,300,2021-07-14 15:28:00,NATI
42.29,42.29,42.29,42.29,200,2021-07-14 15:29:00,NATI
42.3,42.3,42.295,42.295,800,2021-07-14 15:30:00,NATI
42.315,42.315,42.315,42.315,100,2021-07-14 15:31:00,NATI
42.3337,42.355,42.3337,42.34,1392,2021-07-14 15:32:00,NATI
42.35,42.35,42.35,42.35,138,2021-07-14 15:38:00,NATI
42.28,42.295,42.26,42.295,1359,2021-07-14 15:43:00,NATI
42.325,42.325,42.325,42.325,100,2021-07-14 15:44:00,NATI
42.3,42.31,42.285,42.31,535,2021-07-14 15:48:00,NATI
42.3,42.3,42.3,42.3,100,2021-07-14 15:49:00,NATI
42.29,42.29,42.28,42.28,434,2021-07-14 15:52:00,NATI
42.29,42.325,42.29,42.325,300,2021-07-14 15:53:00,NATI
42.32,42.32,42.29,42.29,500,2021-07-14 15:54:00,NATI
42.26,42.26,42.26,42.26,451,2021-07-14 15:57:00,NATI
42.26,42.27,42.26,42.27,500,2021-07-14 16:00:00,NATI
42.31,42.34,42.31,42.34,300,2021-07-14 16:01:00,NATI
42.39,42.39,42.39,42.39,100,2021-07-14 16:04:00,NATI
42.38,42.38,42.36,42.36,200,2021-07-14 16:05:00,NATI
42.36,42.36,42.36,42.36,200,2021-07-14 16:06:00,NATI
42.39,42.39,42.38,42.38,200,2021-07-14 16:07:00,NATI
42.4,42.41,42.4,42.41,700,2021-07-14 16:09:00,NATI
42.4,42.4,42.4,42.4,100,2021-07-14 16:10:00,NATI
42.43,42.43,42.42,42.42,626,2021-07-14 16:14:00,NATI
42.43,42.43,42.43,42.43,100,2021-07-14 16:17:00,NATI
42.41,42.41,42.405,42.405,300,2021-07-14 16:20:00,NATI
42.42,42.445,42.42,42.445,700,2021-07-14 16:22:00,NATI
42.44,42.44,42.44,42.44,100,2021-07-14 16:24:00,NATI
42.42,42.42,42.42,42.42,100,2021-07-14 16:25:00,NATI
42.455,42.455,42.455,42.455,100,2021-07-14 16:26:00,NATI
42.455,42.455,42.455,42.455,100,2021-07-14 16:28:00,NATI
42.45,42.47,42.45,42.47,400,2021-07-14 16:30:00,NATI
42.47,42.47,42.47,42.47,137,2021-07-14 16:32:00,NATI
42.475,42.475,42.475,42.475,100,2021-07-14 16:34:00,NATI
42.49,42.49,42.48,42.48,200,2021-07-14 16:35:00,NATI
42.5,42.51,42.5,42.5083,1197,2021-07-14 16:36:00,NATI
42.47,42.47,42.43,42.43,1454,2021-07-14 16:37:00,NATI
42.45,42.45,42.45,42.45,100,2021-07-14 16:38:00,NATI
42.48,42.48,42.48,42.48,200,2021-07-14 16:39:00,NATI
42.495,42.495,42.495,42.495,100,2021-07-14 16:40:00,NATI
42.51,42.52,42.5,42.52,600,2021-07-14 16:44:00,NATI
42.49,42.49,42.49,42.49,112,2021-07-14 16:46:00,NATI
42.495,42.495,42.495,42.495,100,2021-07-14 16:47:00,NATI
42.55,42.55,42.55,42.55,100,2021-07-14 16:55:00,NATI
42.53,42.53,42.51,42.51,438,2021-07-14 16:56:00,NATI
42.52,42.53,42.52,42.53,200,2021-07-14 16:57:00,NATI
42.52,42.52,42.52,42.52,100,2021-07-14 16:58:00,NATI
42.52,42.52,42.52,42.52,300,2021-07-14 17:00:00,NATI
42.53,42.53,42.53,42.53,147,2021-07-14 17:02:00,NATI
42.535,42.535,42.535,42.535,100,2021-07-14 17:03:00,NATI
42.52,42.52,42.4834,42.4834,957,2021-07-14 17:08:00,NATI
42.5,42.5,42.5,42.5,100,2021-07-14 17:09:00,NATI
42.48,42.48,42.48,42.48,100,2021-07-14 17:10:00,NATI
42.48,42.48,42.47,42.47,349,2021-07-14 17:11:00,NATI
42.48,42.5,42.48,42.5,800,2021-07-14 17:12:00,NATI
42.53,42.53,42.53,42.53,333,2021-07-14 17:13:00,NATI
42.505,42.505,42.505,42.505,100,2021-07-14 17:14:00,NATI
42.49,42.49,42.48,42.48,200,2021-07-14 17:15:00,NATI
42.45,42.45,42.45,42.45,100,2021-07-14 17:16:00,NATI
42.44,42.44,42.44,42.44,100,2021-07-14 17:17:00,NATI
42.45,42.45,42.45,42.45,277,2021-07-14 17:18:00,NATI
42.4874,42.49,42.47,42.47,900,2021-07-14 17:25:00,NATI
42.52,42.52,42.505,42.505,200,2021-07-14 17:37:00,NATI
42.52,42.52,42.51,42.51,200,2021-07-14 17:40:00,NATI
42.51,42.51,42.49,42.49,864,2021-07-14 17:42:00,NATI
42.5,42.5,42.49,42.49,200,2021-07-14 17:43:00,NATI
42.5,42.5,42.5,42.5,100,2021-07-14 17:44:00,NATI
42.49,42.49,42.49,42.49,500,2021-07-14 17:45:00,NATI
42.48,42.48,42.45,42.45,302,2021-07-14 17:50:00,NATI
42.47,42.47,42.47,42.47,500,2021-07-14 17:53:00,NATI
42.48,42.48,42.48,42.48,100,2021-07-14 17:55:00,NATI
42.4801,42.4801,42.48,42.48,380,2021-07-14 17:59:00,NATI
42.48,42.48,42.48,42.48,100,2021-07-14 18:00:00,NATI
42.49,42.5,42.49,42.5,200,2021-07-14 18:01:00,NATI
42.52,42.52,42.52,42.52,100,2021-07-14 18:02:00,NATI
42.52,42.5201,42.52,42.52,315,2021-07-14 18:04:00,NATI
42.52,42.52,42.51,42.51,781,2021-07-14 18:05:00,NATI
42.515,42.515,42.515,42.515,100,2021-07-14 18:08:00,NATI
42.52,42.52,42.52,42.52,300,2021-07-14 18:10:00,NATI
42.53,42.53,42.53,42.53,100,2021-07-14 18:11:00,NATI
42.535,42.56,42.535,42.54,1000,2021-07-14 18:12:00,NATI
42.55,42.55,42.55,42.55,100,2021-07-14 18:13:00,NATI
42.555,42.555,42.555,42.555,300,2021-07-14 18:15:00,NATI
42.5717,42.59,42.5717,42.59,600,2021-07-14 18:16:00,NATI
42.57,42.58,42.56,42.57,595,2021-07-14 18:18:00,NATI
42.55,42.55,42.55,42.55,100,2021-07-14 18:19:00,NATI
42.54,42.55,42.54,42.55,200,2021-07-14 18:20:00,NATI
42.57,42.57,42.57,42.57,101,2021-07-14 18:25:00,NATI
42.55,42.56,42.54,42.54,500,2021-07-14 18:26:00,NATI
42.53,42.53,42.53,42.53,516,2021-07-14 18:29:00,NATI
42.53,42.54,42.53,42.54,600,2021-07-14 18:30:00,NATI
42.52,42.52,42.52,42.52,400,2021-07-14 18:31:00,NATI
42.525,42.525,42.525,42.525,100,2021-07-14 18:37:00,NATI
42.51,42.51,42.51,42.51,247,2021-07-14 18:38:00,NATI
42.51,42.51,42.5,42.5,447,2021-07-14 18:39:00,NATI
42.495,42.495,42.495,42.495,100,2021-07-14 18:41:00,NATI
42.49,42.49,42.48,42.48,300,2021-07-14 18:43:00,NATI
42.49,42.49,42.47,42.47,358,2021-07-14 18:45:00,NATI
42.49,42.5,42.49,42.5,500,2021-07-14 18:46:00,NATI
42.495,42.495,42.495,42.495,100,2021-07-14 18:48:00,NATI
42.5,42.51,42.49,42.49,1725,2021-07-14 18:49:00,NATI
42.49,42.49,42.49,42.49,300,2021-07-14 18:50:00,NATI
42.495,42.5,42.495,42.5,300,2021-07-14 18:51:00,NATI
42.51,42.52,42.51,42.52,984,2021-07-14 18:52:00,NATI
42.53,42.53,42.51,42.51,700,2021-07-14 18:53:00,NATI
42.52,42.53,42.52,42.53,300,2021-07-14 18:54:00,NATI
42.545,42.545,42.54,42.54,200,2021-07-14 18:57:00,NATI
42.53,42.53,42.5,42.5,1091,2021-07-14 18:59:00,NATI
42.51,42.51,42.51,42.51,100,2021-07-14 19:00:00,NATI
42.52,42.52,42.52,42.52,200,2021-07-14 19:01:00,NATI
42.56,42.56,42.55,42.55,553,2021-07-14 19:04:00,NATI
42.545,42.545,42.545,42.545,400,2021-07-14 19:05:00,NATI
42.55,42.565,42.55,42.565,500,2021-07-14 19:06:00,NATI
42.56,42.56,42.56,42.56,400,2021-07-14 19:07:00,NATI
42.57,42.57,42.56,42.56,600,2021-07-14 19:14:00,NATI
42.55,42.55,42.51,42.51,992,2021-07-14 19:15:00,NATI
42.515,42.515,42.5,42.5,600,2021-07-14 19:16:00,NATI
42.51,42.51,42.51,42.51,100,2021-07-14 19:18:00,NATI
42.51,42.51,42.51,42.51,252,2021-07-14 19:19:00,NATI
42.49,42.5,42.49,42.5,400,2021-07-14 19:25:00,NATI
42.5,42.5,42.5,42.5,100,2021-07-14 19:26:00,NATI
42.49,42.49,42.48,42.48,520,2021-07-14 19:27:00,NATI
42.44,42.44,42.44,42.44,100,2021-07-14 19:28:00,NATI
42.455,42.48,42.455,42.46,1200,2021-07-14 19:29:00,NATI
42.47,42.47,42.45,42.45,303,2021-07-14 19:30:00,NATI
42.45,42.47,42.45,42.47,1000,2021-07-14 19:31:00,NATI
42.47,42.47,42.46,42.46,200,2021-07-14 19:32:00,NATI
42.48,42.48,42.48,42.48,100,2021-07-14 19:33:00,NATI
42.48,42.48,42.47,42.48,428,2021-07-14 19:34:00,NATI
42.49,42.49,42.49,42.49,400,2021-07-14 19:35:00,NATI
42.515,42.515,42.515,42.515,100,2021-07-14 19:36:00,NATI
42.53,42.53,42.53,42.53,100,2021-07-14 19:38:00,NATI
42.529,42.529,42.529,42.529,400,2021-07-14 19:39:00,NATI
42.515,42.515,42.515,42.515,200,2021-07-14 19:40:00,NATI
42.5,42.51,42.49,42.49,1274,2021-07-14 19:41:00,NATI
42.49,42.49,42.49,42.49,100,2021-07-14 19:42:00,NATI
42.5,42.505,42.5,42.5,434,2021-07-14 19:43:00,NATI
42.49,42.49,42.49,42.49,471,2021-07-14 19:44:00,NATI
42.48,42.52,42.48,42.52,746,2021-07-14 19:45:00,NATI
42.51,42.51,42.51,42.51,500,2021-07-14 19:47:00,NATI
42.505,42.505,42.5,42.5,660,2021-07-14 19:48:00,NATI
42.51,42.52,42.51,42.51,300,2021-07-14 19:49:00,NATI
42.51,42.51,42.475,42.475,2060,2021-07-14 19:50:00,NATI
42.475,42.49,42.47,42.48,1736,2021-07-14 19:51:00,NATI
42.48,42.49,42.48,42.48,400,2021-07-14 19:52:00,NATI
42.49,42.5,42.485,42.485,3520,2021-07-14 19:53:00,NATI
42.485,42.49,42.45,42.45,3017,2021-07-14 19:54:00,NATI
42.44,42.46,42.44,42.45,1425,2021-07-14 19:55:00,NATI
42.45,42.455,42.44,42.45,3622,2021-07-14 19:56:00,NATI
42.46,42.46,42.43,42.43,3787,2021-07-14 19:57:00,NATI
42.42,42.44,42.42,42.44,1584,2021-07-14 19:58:00,NATI
42.44,42.46,42.42,42.46,4111,2021-07-14 19:59:00,NATI
42.44,42.44,42.44,42.44,33682,2021-07-14 20:00:00,NATI
42.31,42.32,42.22,42.22,4450,2021-07-15 13:30:00,NATI
42.2,42.2,42.2,42.2,100,2021-07-15 13:31:00,NATI
42.21,42.21,42.21,42.21,300,2021-07-15 13:33:00,NATI
42.18,42.18,42.18,42.18,100,2021-07-15 13:35:00,NATI
42.15,42.15,42.15,42.15,100,2021-07-15 13:37:00,NATI
42.13,42.13,42.13,42.13,100,2021-07-15 13:39:00,NATI
42.07,42.07,42.04,42.04,1100,2021-07-15 13:42:00,NATI
42.01,42.01,42.01,42.01,100,2021-07-15 13:43:00,NATI
42.0,42.0,42.0,42.0,100,2021-07-15 13:44:00,NATI
42.0,42.0,42.0,42.0,445,2021-07-15 13:45:00,NATI
42.02,42.02,42.02,42.02,100,2021-07-15 13:47:00,NATI
42.06,42.06,42.06,42.06,500,2021-07-15 13:48:00,NATI
42.2,42.2,42.185,42.185,200,2021-07-15 13:50:00,NATI
42.14,42.14,42.14,42.14,100,2021-07-15 13:54:00,NATI
42.09,42.1,42.07,42.1,1000,2021-07-15 13:55:00,NATI
42.13,42.13,42.13,42.13,100,2021-07-15 13:57:00,NATI
42.12,42.24,42.12,42.23,931,2021-07-15 13:58:00,NATI
42.23,42.24,42.15,42.22,4304,2021-07-15 13:59:00,NATI
42.22,42.32,42.22,42.24,6400,2021-07-15 14:00:00,NATI
42.23,42.25,42.2,42.2,1720,2021-07-15 14:01:00,NATI
42.175,42.175,42.175,42.175,100,2021-07-15 14:02:00,NATI
42.19,42.19,42.19,42.19,100,2021-07-15 14:04:00,NATI
42.14,42.14,42.14,42.14,100,2021-07-15 14:11:00,NATI
42.135,42.135,42.135,42.135,100,2021-07-15 14:13:00,NATI
42.14,42.14,42.11,42.11,400,2021-07-15 14:15:00,NATI
42.13,42.13,42.085,42.085,400,2021-07-15 14:16:00,NATI
42.0901,42.1289,42.0901,42.1289,452,2021-07-15 14:17:00,NATI
42.04,42.04,42.015,42.015,300,2021-07-15 14:19:00,NATI
41.98,42.0,41.98,42.0,610,2021-07-15 14:24:00,NATI
41.95,41.95,41.9,41.9,600,2021-07-15 14:25:00,NATI
41.905,41.905,41.905,41.905,100,2021-07-15 14:28:00,NATI
41.95,41.95,41.95,41.95,100,2021-07-15 14:29:00,NATI
41.91,41.91,41.91,41.91,100,2021-07-15 14:30:00,NATI
41.94,41.9525,41.94,41.95,948,2021-07-15 14:33:00,NATI
41.94,41.97,41.94,41.97,300,2021-07-15 14:35:00,NATI
41.99,42.01,41.98,42.0,850,2021-07-15 14:39:00,NATI
42.005,42.005,42.005,42.005,100,2021-07-15 14:40:00,NATI
41.87,41.88,41.87,41.88,200,2021-07-15 14:45:00,NATI
41.89,41.89,41.86,41.86,1500,2021-07-15 14:47:00,NATI
41.875,41.915,41.875,41.915,400,2021-07-15 14:48:00,NATI
41.9,41.9,41.9,41.9,300,2021-07-15 14:50:00,NATI
41.92,41.93,41.92,41.93,400,2021-07-15 14:51:00,NATI
41.98,41.98,41.98,41.98,100,2021-07-15 14:52:00,NATI
41.94,41.95,41.94,41.95,200,2021-07-15 14:58:00,NATI
41.95,41.97,41.95,41.97,300,2021-07-15 14:59:00,NATI
41.97,41.98,41.96,41.96,569,2021-07-15 15:00:00,NATI
41.88,41.88,41.88,41.88,100,2021-07-15 15:02:00,NATI
41.81,41.81,41.8,41.8,500,2021-07-15 15:03:00,NATI
41.84,41.9,41.84,41.87,1100,2021-07-15 15:06:00,NATI
41.89,41.89,41.86,41.86,400,2021-07-15 15:09:00,NATI
41.8625,41.88,41.8625,41.88,300,2021-07-15 15:10:00,NATI
41.87,41.87,41.87,41.87,100,2021-07-15 15:13:00,NATI
41.895,41.895,41.895,41.895,100,2021-07-15 15:14:00,NATI
41.905,41.905,41.905,41.905,100,2021-07-15 15:15:00,NATI
41.92,41.92,41.89,41.89,200,2021-07-15 15:16:00,NATI
41.91,41.91,41.91,41.91,100,2021-07-15 15:18:00,NATI
41.91,41.91,41.9,41.9,300,2021-07-15 15:19:00,NATI
41.88,41.9,41.87,41.9,400,2021-07-15 15:20:00,NATI
41.85,41.85,41.85,41.85,200,2021-07-15 15:26:00,NATI
41.87,41.87,41.87,41.87,141,2021-07-15 15:28:00,NATI
41.87,41.91,41.87,41.91,1059,2021-07-15 15:29:00,NATI
41.88,41.88,41.88,41.88,200,2021-07-15 15:30:00,NATI
41.9,41.9,41.9,41.9,100,2021-07-15 15:31:00,NATI
41.92,41.92,41.92,41.92,100,2021-07-15 15:33:00,NATI
41.935,41.935,41.935,41.935,100,2021-07-15 15:36:00,NATI
41.96,42.0,41.96,42.0,333,2021-07-15 15:38:00,NATI
42.005,42.005,42.005,42.005,100,2021-07-15 15:40:00,NATI
41.98,41.98,41.98,41.98,100,2021-07-15 15:41:00,NATI
41.98,41.99,41.98,41.99,300,2021-07-15 15:45:00,NATI
42.01,42.01,41.99,41.99,300,2021-07-15 15:47:00,NATI
41.985,41.985,41.985,41.985,200,2021-07-15 15:48:00,NATI
41.99,41.99,41.99,41.99,100,2021-07-15 15:49:00,NATI
42.0,42.0,42.0,42.0,300,2021-07-15 15:50:00,NATI
41.98,41.98,41.98,41.98,200,2021-07-15 15:51:00,NATI
41.98,41.98,41.97,41.97,600,2021-07-15 15:56:00,NATI
41.98,41.98,41.98,41.98,230,2021-07-15 15:57:00,NATI
41.95,41.95,41.95,41.95,100,2021-07-15 15:58:00,NATI
41.96,41.96,41.96,41.96,100,2021-07-15 15:59:00,NATI
41.95,41.96,41.95,41.96,300,2021-07-15 16:00:00,NATI
41.95,41.95,41.94,41.95,600,2021-07-15 16:01:00,NATI
41.96,41.98,41.96,41.98,751,2021-07-15 16:02:00,NATI
41.96,41.96,41.96,41.96,100,2021-07-15 16:04:00,NATI
41.95,41.955,41.94,41.94,300,2021-07-15 16:06:00,NATI
41.925,41.94,41.925,41.93,429,2021-07-15 16:12:00,NATI
41.96,41.96,41.94,41.94,300,2021-07-15 16:13:00,NATI
41.89,41.89,41.88,41.88,200,2021-07-15 16:17:00,NATI
41.88,41.89,41.88,41.89,300,2021-07-15 16:19:00,NATI
41.87,41.875,41.86,41.875,500,2021-07-15 16:22:00,NATI
41.89,41.89,41.89,41.89,100,2021-07-15 16:24:00,NATI
41.87,41.87,41.86,41.86,400,2021-07-15 16:27:00,NATI
41.87,41.87,41.87,41.87,200,2021-07-15 16:28:00,NATI
41.84,41.84,41.84,41.84,100,2021-07-15 16:30:00,NATI
41.81,41.83,41.81,41.83,200,2021-07-15 16:34:00,NATI
41.85,41.85,41.84,41.84,400,2021-07-15 16:35:00,NATI
41.88,41.88,41.88,41.88,200,2021-07-15 16:37:00,NATI
41.88,41.8914,41.88,41.8914,418,2021-07-15 16:39:00,NATI
41.915,41.94,41.915,41.94,200,2021-07-15 16:42:00,NATI
41.94,41.94,41.94,41.94,100,2021-07-15 16:44:00,NATI
41.93,41.95,41.93,41.95,200,2021-07-15 16:45:00,NATI
41.93,41.93,41.93,41.93,100,2021-07-15 16:50:00,NATI
41.92,41.92,41.92,41.92,100,2021-07-15 16:52:00,NATI
41.94,41.94,41.94,41.94,200,2021-07-15 16:53:00,NATI
41.94,41.95,41.94,41.95,300,2021-07-15 16:55:00,NATI
41.94,41.94,41.94,41.94,100,2021-07-15 16:57:00,NATI
41.93,41.93,41.9,41.9,800,2021-07-15 16:59:00,NATI
41.87,41.89,41.87,41.89,251,2021-07-15 17:00:00,NATI
41.81,41.83,41.81,41.81,500,2021-07-15 17:02:00,NATI
41.82,41.82,41.82,41.82,100,2021-07-15 17:05:00,NATI
41.84,41.84,41.84,41.84,200,2021-07-15 17:06:00,NATI
41.825,41.825,41.825,41.825,100,2021-07-15 17:07:00,NATI
41.825,41.825,41.79,41.79,300,2021-07-15 17:08:00,NATI
41.81,41.81,41.79,41.79,300,2021-07-15 17:10:00,NATI
41.77,41.77,41.77,41.77,100,2021-07-15 17:11:00,NATI
41.77,41.77,41.77,41.77,100,2021-07-15 17:12:00,NATI
41.76,41.765,41.76,41.765,200,2021-07-15 17:13:00,NATI
41.75,41.75,41.74,41.75,400,2021-07-15 17:14:00,NATI
41.74,41.74,41.73,41.73,200,2021-07-15 17:15:00,NATI
41.735,41.735,41.735,41.735,100,2021-07-15 17:16:00,NATI
41.75,41.75,41.73,41.73,200,2021-07-15 17:17:00,NATI
41.72,41.72,41.72,41.72,100,2021-07-15 17:18:00,NATI
41.72,41.72,41.72,41.72,100,2021-07-15 17:19:00,NATI
41.74,41.75,41.74,41.75,800,2021-07-15 17:21:00,NATI
41.73,41.73,41.73,41.73,200,2021-07-15 17:23:00,NATI
41.76,41.76,41.76,41.76,100,2021-07-15 17:24:00,NATI
41.75,41.75,41.75,41.75,200,2021-07-15 17:25:00,NATI
41.75,41.75,41.75,41.75,200,2021-07-15 17:26:00,NATI
41.76,41.77,41.76,41.77,600,2021-07-15 17:27:00,NATI
41.76,41.76,41.745,41.745,200,2021-07-15 17:29:00,NATI
41.76,41.76,41.72,41.7404,910,2021-07-15 17:30:00,NATI
41.71,41.71,41.71,41.71,100,2021-07-15 17:31:00,NATI
41.68,41.68,41.68,41.68,100,2021-07-15 17:32:00,NATI
41.68,41.68,41.68,41.68,200,2021-07-15 17:33:00,NATI
41.66,41.66,41.66,41.66,100,2021-07-15 17:36:00,NATI
41.69,41.69,41.69,41.69,200,2021-07-15 17:37:00,NATI
41.67,41.675,41.67,41.675,315,2021-07-15 17:38:00,NATI
41.66,41.66,41.635,41.635,200,2021-07-15 17:39:00,NATI
41.655,41.655,41.655,41.655,100,2021-07-15 17:41:00,NATI
41.67,41.67,41.66,41.66,200,2021-07-15 17:42:00,NATI
41.65,41.65,41.65,41.65,100,2021-07-15 17:43:00,NATI
41.615,41.615,41.6,41.6,200,2021-07-15 17:46:00,NATI
41.625,41.635,41.625,41.635,200,2021-07-15 17:49:00,NATI
41.61,41.61,41.605,41.605,320,2021-07-15 17:50:00,NATI
41.62,41.62,41.62,41.62,200,2021-07-15 17:51:00,NATI
41.6,41.6,41.56,41.58,783,2021-07-15 17:53:00,NATI
41.585,41.585,41.585,41.585,100,2021-07-15 17:54:00,NATI
41.49,41.56,41.49,41.54,300,2021-07-15 17:55:00,NATI
41.49,41.505,41.49,41.505,300,2021-07-15 17:59:00,NATI
41.49,41.54,41.49,41.54,1762,2021-07-15 18:00:00,NATI
41.55,41.55,41.55,41.55,200,2021-07-15 18:01:00,NATI
41.57,41.57,41.57,41.57,300,2021-07-15 18:02:00,NATI
41.57,41.57,41.57,41.57,100,2021-07-15 18:04:00,NATI
41.53,41.545,41.53,41.545,300,2021-07-15 18:06:00,NATI
41.55,41.55,41.51,41.54,500,2021-07-15 18:07:00,NATI
41.56,41.56,41.54,41.54,300,2021-07-15 18:09:00,NATI
41.57,41.57,41.56,41.56,400,2021-07-15 18:10:00,NATI
41.54,41.57,41.54,41.57,300,2021-07-15 18:12:00,NATI
41.58,41.58,41.58,41.58,100,2021-07-15 18:13:00,NATI
41.57,41.57,41.57,41.57,100,2021-07-15 18:14:00,NATI
41.55,41.57,41.55,41.57,200,2021-07-15 18:15:00,NATI
41.59,41.59,41.575,41.59,734,2021-07-15 18:17:00,NATI
41.57,41.575,41.56,41.575,400,2021-07-15 18:19:00,NATI
41.59,41.59,41.59,41.59,100,2021-07-15 18:20:00,NATI
41.6108,41.6108,41.6108,41.6108,137,2021-07-15 18:21:00,NATI
41.62,41.625,41.62,41.62,411,2021-07-15 18:22:00,NATI
41.625,41.63,41.625,41.63,200,2021-07-15 18:23:00,NATI
41.64,41.64,41.63,41.63,500,2021-07-15 18:25:00,NATI
41.62,41.62,41.6,41.6,200,2021-07-15 18:26:00,NATI
41.62,41.62,41.62,41.62,200,2021-07-15 18:28:00,NATI
41.63,41.64,41.62,41.64,1700,2021-07-15 18:31:00,NATI
41.65,41.65,41.65,41.65,100,2021-07-15 18:32:00,NATI
41.61,41.61,41.6,41.6,500,2021-07-15 18:34:00,NATI
41.6,41.6,41.58,41.58,300,2021-07-15 18:35:00,NATI
41.595,41.63,41.595,41.63,722,2021-07-15 18:36:00,NATI
41.655,41.655,41.655,41.655,100,2021-07-15 18:38:00,NATI
41.67,41.67,41.67,41.67,100,2021-07-15 18:39:00,NATI
41.675,41.675,41.66,41.66,300,2021-07-15 18:40:00,NATI
41.66,41.66,41.66,41.66,100,2021-07-15 18:41:00,NATI
41.69,41.7,41.69,41.7,244,2021-07-15 18:42:00,NATI
41.695,41.695,41.695,41.695,100,2021-07-15 18:43:00,NATI
41.73,41.73,41.73,41.73,100,2021-07-15 18:44:00,NATI
41.68,41.68,41.665,41.665,600,2021-07-15 18:45:00,NATI
41.65,41.65,41.65,41.65,100,2021-07-15 18:46:00,NATI
41.67,41.68,41.67,41.68,600,2021-07-15 18:47:00,NATI
41.69,41.69,41.675,41.675,400,2021-07-15 18:49:00,NATI
41.695,41.7,41.68,41.68,800,2021-07-15 18:51:00,NATI
41.675,41.675,41.66,41.66,300,2021-07-15 18:52:00,NATI
41.65,41.66,41.635,41.635,1008,2021-07-15 18:53:00,NATI
41.635,41.67,41.635,41.67,900,2021-07-15 18:54:00,NATI
41.655,41.655,41.655,41.655,100,2021-07-15 18:56:00,NATI
41.65,41.65,41.65,41.65,100,2021-07-15 18:58:00,NATI
41.63,41.63,41.63,41.63,100,2021-07-15 18:59:00,NATI
41.64,41.66,41.64,41.65,915,2021-07-15 19:00:00,NATI
41.65,41.65,41.61,41.61,800,2021-07-15 19:02:00,NATI
41.6,41.65,41.6,41.65,2046,2021-07-15 19:03:00,NATI
41.645,41.645,41.605,41.605,1375,2021-07-15 19:04:00,NATI
41.605,41.605,41.605,41.605,200,2021-07-15 19:05:00,NATI
41.61,41.615,41.6,41.6,423,2021-07-15 19:06:00,NATI
41.6,41.6,41.56,41.56,2621,2021-07-15 19:07:00,NATI
41.57,41.6,41.57,41.6,809,2021-07-15 19:08:00,NATI
41.585,41.6,41.585,41.6,1395,2021-07-15 19:09:00,NATI
41.5798,41.5798,41.555,41.56,712,2021-07-15 19:10:00,NATI
41.56,41.56,41.56,41.56,200,2021-07-15 19:11:00,NATI
41.54,41.54,41.53,41.53,338,2021-07-15 19:12:00,NATI
41.52,41.52,41.52,41.52,100,2021-07-15 19:13:00,NATI
41.51,41.515,41.5,41.5,700,2021-07-15 19:15:00,NATI
41.5,41.51,41.5,41.51,400,2021-07-15 19:17:00,NATI
41.48,41.495,41.48,41.495,200,2021-07-15 19:18:00,NATI
41.51,41.51,41.5,41.51,2595,2021-07-15 19:19:00,NATI
41.51,41.51,41.5,41.5,500,2021-07-15 19:20:00,NATI
41.49,41.5,41.48,41.48,700,2021-07-15 19:21:00,NATI
41.5019,41.5019,41.49,41.49,629,2021-07-15 19:22:00,NATI
41.48,41.48,41.48,41.48,100,2021-07-15 19:23:00,NATI
41.49,41.5,41.49,41.5,1188,2021-07-15 19:24:00,NATI
41.4983,41.5,41.49,41.49,1319,2021-07-15 19:25:00,NATI
41.5,41.5,41.5,41.5,100,2021-07-15 19:26:00,NATI
41.5,41.5,41.48,41.48,600,2021-07-15 19:27:00,NATI
41.495,41.495,41.495,41.495,100,2021-07-15 19:29:00,NATI
41.51,41.52,41.5,41.52,2065,2021-07-15 19:30:00,NATI
41.53,41.535,41.52,41.525,900,2021-07-15 19:31:00,NATI
41.525,41.525,41.52,41.52,502,2021-07-15 19:32:00,NATI
41.52,41.52,41.51,41.51,1200,2021-07-15 19:33:00,NATI
41.48,41.51,41.48,41.51,1799,2021-07-15 19:34:00,NATI
41.52,41.52,41.515,41.52,800,2021-07-15 19:35:00,NATI
41.515,41.53,41.515,41.53,637,2021-07-15 19:36:00,NATI
41.52,41.53,41.515,41.515,700,2021-07-15 19:37:00,NATI
41.51,41.51,41.51,41.51,454,2021-07-15 19:38:00,NATI
41.5013,41.5013,41.5013,41.5013,353,2021-07-15 19:39:00,NATI
41.51,41.525,41.51,41.525,2819,2021-07-15 19:40:00,NATI
41.525,41.525,41.525,41.525,200,2021-07-15 19:41:00,NATI
41.525,41.525,41.525,41.525,402,2021-07-15 19:42:00,NATI
41.52,41.52,41.51,41.51,902,2021-07-15 19:43:00,NATI
41.51,41.51,41.51,41.51,300,2021-07-15 19:44:00,NATI
41.52,41.53,41.52,41.525,2643,2021-07-15 19:45:00,NATI
41.53,41.53,41.52,41.525,300,2021-07-15 19:46:00,NATI
41.52,41.52,41.51,41.51,700,2021-07-15 19:47:00,NATI
41.51,41.51,41.5,41.5,734,2021-07-15 19:48:00,NATI
41.51,41.55,41.51,41.55,2800,2021-07-15 19:49:00,NATI
41.54,41.545,41.52,41.535,2858,2021-07-15 19:50:00,NATI
41.535,41.57,41.53,41.57,2500,2021-07-15 19:51:00,NATI
41.56,41.56,41.535,41.54,2802,2021-07-15 19:52:00,NATI
41.54,41.545,41.51,41.52,3660,2021-07-15 19:53:00,NATI
41.53,41.545,41.51,41.52,4500,2021-07-15 19:54:00,NATI
41.53,41.53,41.48,41.5,7696,2021-07-15 19:55:00,NATI
41.5,41.52,41.495,41.5,7244,2021-07-15 19:56:00,NATI
41.5,41.525,41.5,41.525,2799,2021-07-15 19:57:00,NATI
41.52,41.525,41.49,41.51,9998,2021-07-15 19:58:00,NATI
41.53,41.54,41.49,41.5,10984,2021-07-15 19:59:00,NATI
41.54,41.54,41.54,41.54,45608,2021-07-15 20:00:00,NATI
41.54,41.54,41.54,41.54,1361,2021-07-15 20:40:00,NATI
41.83,41.83,41.83,41.83,3319,2021-07-16 13:30:00,NATI
41.8,41.81,41.8,41.81,390,2021-07-16 13:46:00,NATI
41.72,41.83,41.71,41.82,6531,2021-07-16 13:48:00,NATI
41.83,41.83,41.73,41.74,2866,2021-07-16 13:49:00,NATI
41.75,41.75,41.675,41.695,5853,2021-07-16 13:50:00,NATI
41.65,41.65,41.65,41.65,200,2021-07-16 13:51:00,NATI
41.68,41.72,41.68,41.72,400,2021-07-16 13:52:00,NATI
41.7225,41.7225,41.7225,41.7225,100,2021-07-16 13:53:00,NATI
41.76,41.775,41.76,41.775,200,2021-07-16 13:57:00,NATI
41.745,41.77,41.72,41.73,2799,2021-07-16 13:58:00,NATI
41.71,41.71,41.67,41.71,500,2021-07-16 13:59:00,NATI
41.62,41.62,41.62,41.62,100,2021-07-16 14:01:00,NATI
41.56,41.56,41.545,41.545,571,2021-07-16 14:05:00,NATI
41.57,41.57,41.57,41.57,500,2021-07-16 14:08:00,NATI
41.54,41.54,41.54,41.54,100,2021-07-16 14:11:00,NATI
41.5507,41.5507,41.5507,41.5507,119,2021-07-16 14:12:00,NATI
41.54,41.56,41.54,41.56,200,2021-07-16 14:13:00,NATI
41.51,41.51,41.48,41.48,600,2021-07-16 14:16:00,NATI
41.46,41.46,41.46,41.46,100,2021-07-16 14:20:00,NATI
41.45,41.45,41.45,41.45,100,2021-07-16 14:21:00,NATI
41.46,41.46,41.4,41.4,1288,2021-07-16 14:23:00,NATI
41.36,41.36,41.33,41.33,300,2021-07-16 14:25:00,NATI
41.37,41.37,41.37,41.37,200,2021-07-16 14:26:00,NATI
41.42,41.44,41.4,41.4,4200,2021-07-16 14:27:00,NATI
41.4,41.42,41.34,41.37,2247,2021-07-16 14:28:00,NATI
41.39,41.43,41.38,41.4,3954,2021-07-16 14:29:00,NATI
41.4,41.51,41.4,41.51,4859,2021-07-16 14:30:00,NATI
41.52,41.57,41.52,41.57,248,2021-07-16 14:31:00,NATI
41.563,41.563,41.563,41.563,100,2021-07-16 14:33:00,NATI
41.58,41.58,41.58,41.58,100,2021-07-16 14:34:00,NATI
41.55,41.55,41.52,41.52,800,2021-07-16 14:35:00,NATI
41.51,41.51,41.51,41.51,100,2021-07-16 14:36:00,NATI
41.52,41.54,41.52,41.53,798,2021-07-16 14:38:00,NATI
41.55,41.55,41.54,41.54,300,2021-07-16 14:40:00,NATI
41.54,41.54,41.54,41.54,100,2021-07-16 14:41:00,NATI
41.56,41.56,41.54,41.56,400,2021-07-16 14:42:00,NATI
41.51,41.51,41.49,41.49,300,2021-07-16 14:43:00,NATI
41.54,41.545,41.54,41.545,264,2021-07-16 14:45:00,NATI
41.545,41.545,41.545,41.545,100,2021-07-16 14:48:00,NATI
41.545,41.545,41.545,41.545,100,2021-07-16 14:50:00,NATI
41.57,41.57,41.57,41.57,499,2021-07-16 14:51:00,NATI
41.63,41.63,41.63,41.63,100,2021-07-16 14:53:00,NATI
41.62,41.63,41.615,41.63,600,2021-07-16 14:56:00,NATI
41.63,41.63,41.61,41.61,333,2021-07-16 14:58:00,NATI
41.61,41.61,41.61,41.61,100,2021-07-16 14:59:00,NATI
41.6,41.6,41.6,41.6,100,2021-07-16 15:00:00,NATI
41.65,41.65,41.65,41.65,200,2021-07-16 15:01:00,NATI
41.65,41.65,41.65,41.65,100,2021-07-16 15:02:00,NATI
41.61,41.65,41.61,41.65,203,2021-07-16 15:03:00,NATI
41.67,41.67,41.595,41.62,2200,2021-07-16 15:04:00,NATI
41.63,41.63,41.63,41.63,100,2021-07-16 15:05:00,NATI
41.6,41.6,41.58,41.6,1200,2021-07-16 15:06:00,NATI
41.64,41.65,41.64,41.65,200,2021-07-16 15:07:00,NATI
41.68,41.705,41.68,41.705,200,2021-07-16 15:09:00,NATI
41.715,41.715,41.715,41.715,100,2021-07-16 15:10:00,NATI
41.68,41.68,41.65,41.65,650,2021-07-16 15:11:00,NATI
41.6375,41.65,41.6375,41.65,371,2021-07-16 15:15:00,NATI
41.63,41.63,41.63,41.63,245,2021-07-16 15:16:00,NATI
41.615,41.615,41.615,41.615,100,2021-07-16 15:18:00,NATI
41.67,41.67,41.66,41.66,349,2021-07-16 15:21:00,NATI
41.655,41.655,41.655,41.655,100,2021-07-16 15:24:00,NATI
41.64,41.64,41.64,41.64,400,2021-07-16 15:25:00,NATI
41.645,41.645,41.645,41.645,100,2021-07-16 15:29:00,NATI
41.66,41.66,41.63,41.63,1386,2021-07-16 15:30:00,NATI
41.62,41.62,41.615,41.615,900,2021-07-16 15:34:00,NATI
41.625,41.625,41.625,41.625,100,2021-07-16 15:36:00,NATI
41.7,41.7,41.7,41.7,100,2021-07-16 15:40:00,NATI
41.6813,41.705,41.6813,41.705,225,2021-07-16 15:41:00,NATI
41.69,41.69,41.67,41.67,1134,2021-07-16 15:42:00,NATI
41.65,41.65,41.65,41.65,100,2021-07-16 15:44:00,NATI
41.63,41.63,41.63,41.63,100,2021-07-16 15:45:00,NATI
41.63,41.63,41.62,41.63,600,2021-07-16 15:46:00,NATI
41.59,41.59,41.59,41.59,100,2021-07-16 15:47:00,NATI
41.64,41.64,41.64,41.64,700,2021-07-16 15:48:00,NATI
41.68,41.7,41.68,41.7,300,2021-07-16 15:51:00,NATI
41.7,41.7,41.7,41.7,200,2021-07-16 15:53:00,NATI
41.7,41.7,41.7,41.7,400,2021-07-16 15:55:00,NATI
41.71,41.72,41.705,41.705,500,2021-07-16 15:56:00,NATI
41.705,41.705,41.69,41.69,528,2021-07-16 15:57:00,NATI
41.685,41.685,41.685,41.685,100,2021-07-16 16:00:00,NATI
41.7,41.7,41.7,41.7,200,2021-07-16 16:01:00,NATI
41.73,41.73,41.73,41.73,100,2021-07-16 16:03:00,NATI
41.74,41.74,41.7,41.7,700,2021-07-16 16:04:00,NATI
41.69,41.705,41.69,41.705,211,2021-07-16 16:05:00,NATI
41.69,41.69,41.69,41.69,650,2021-07-16 16:06:00,NATI
41.705,41.705,41.705,41.705,200,2021-07-16 16:08:00,NATI
41.705,41.73,41.705,41.72,1000,2021-07-16 16:10:00,NATI
41.72,41.72,41.72,41.72,100,2021-07-16 16:11:00,NATI
41.71,41.71,41.7,41.7,617,2021-07-16 16:12:00,NATI
41.6913,41.71,41.6913,41.7,1709,2021-07-16 16:13:00,NATI
41.7,41.7,41.7,41.7,400,2021-07-16 16:16:00,NATI
41.7,41.7,41.7,41.7,100,2021-07-16 16:17:00,NATI
41.71,41.71,41.71,41.71,100,2021-07-16 16:19:00,NATI
41.7,41.7,41.7,41.7,100,2021-07-16 16:20:00,NATI
41.7,41.7,41.69,41.69,819,2021-07-16 16:21:00,NATI
41.685,41.7,41.68,41.7,2094,2021-07-16 16:22:00,NATI
41.71,41.71,41.71,41.71,200,2021-07-16 16:23:00,NATI
41.73,41.735,41.73,41.735,400,2021-07-16 16:24:00,NATI
41.725,41.725,41.725,41.725,100,2021-07-16 16:29:00,NATI
41.71,41.71,41.71,41.71,246,2021-07-16 16:30:00,NATI
41.7,41.7,41.7,41.7,100,2021-07-16 16:31:00,NATI
41.71,41.71,41.71,41.71,600,2021-07-16 16:33:00,NATI
41.7,41.7,41.69,41.69,639,2021-07-16 16:37:00,NATI
41.6862,41.6862,41.6862,41.6862,113,2021-07-16 16:41:00,NATI
41.68,41.69,41.68,41.68,400,2021-07-16 16:42:00,NATI
41.67,41.67,41.67,41.67,100,2021-07-16 16:44:00,NATI
41.67,41.67,41.66,41.66,1343,2021-07-16 16:46:00,NATI
41.66,41.66,41.66,41.66,100,2021-07-16 16:47:00,NATI
41.665,41.665,41.665,41.665,100,2021-07-16 16:49:00,NATI
41.66,41.66,41.66,41.66,200,2021-07-16 16:50:00,NATI
41.68,41.69,41.68,41.69,991,2021-07-16 16:53:00,NATI
41.71,41.71,41.71,41.71,100,2021-07-16 16:55:00,NATI
41.7,41.72,41.7,41.705,821,2021-07-16 16:57:00,NATI
41.7,41.7,41.7,41.7,429,2021-07-16 16:58:00,NATI
41.69,41.69,41.69,41.69,500,2021-07-16 16:59:00,NATI
41.69,41.69,41.685,41.685,300,2021-07-16 17:00:00,NATI
41.68,41.68,41.68,41.68,200,2021-07-16 17:01:00,NATI
41.69,41.69,41.68,41.68,300,2021-07-16 17:02:00,NATI
41.69,41.69,41.69,41.69,100,2021-07-16 17:08:00,NATI
41.685,41.685,41.685,41.685,230,2021-07-16 17:09:00,NATI
41.68,41.68,41.66,41.66,833,2021-07-16 17:12:00,NATI
41.63,41.64,41.63,41.64,200,2021-07-16 17:15:00,NATI
41.64,41.64,41.63,41.63,419,2021-07-16 17:18:00,NATI
41.62,41.62,41.62,41.62,100,2021-07-16 17:21:00,NATI
41.63,41.63,41.63,41.63,100,2021-07-16 17:22:00,NATI
41.62,41.62,41.585,41.585,839,2021-07-16 17:23:00,NATI
41.585,41.585,41.585,41.585,200,2021-07-16 17:24:00,NATI
41.57,41.57,41.57,41.57,100,2021-07-16 17:27:00,NATI
41.57,41.57,41.57,41.57,100,2021-07-16 17:28:00,NATI
41.56,41.56,41.55,41.55,400,2021-07-16 17:29:00,NATI
41.54,41.55,41.54,41.55,400,2021-07-16 17:31:00,NATI
41.54,41.54,41.54,41.54,100,2021-07-16 17:32:00,NATI
41.53,41.53,41.52,41.52,306,2021-07-16 17:33:00,NATI
41.5,41.5,41.5,41.5,1169,2021-07-16 17:34:00,NATI
41.48,41.48,41.48,41.48,200,2021-07-16 17:36:00,NATI
41.5,41.5113,41.5,41.5113,561,2021-07-16 17:37:00,NATI
41.5,41.5,41.49,41.49,671,2021-07-16 17:39:00,NATI
41.48,41.48,41.48,41.48,100,2021-07-16 17:40:00,NATI
41.47,41.47,41.46,41.47,300,2021-07-16 17:42:00,NATI
41.455,41.455,41.455,41.455,100,2021-07-16 17:45:00,NATI
41.46,41.46,41.46,41.46,100,2021-07-16 17:46:00,NATI
41.48,41.48,41.48,41.48,100,2021-07-16 17:48:00,NATI
41.47,41.47,41.47,41.47,213,2021-07-16 17:49:00,NATI
41.4633,41.4633,41.4633,41.4633,175,2021-07-16 17:50:00,NATI
41.46,41.46,41.46,41.46,420,2021-07-16 17:54:00,NATI
41.45,41.45,41.445,41.445,428,2021-07-16 17:55:00,NATI
41.445,41.445,41.42,41.42,344,2021-07-16 18:00:00,NATI
41.41,41.41,41.41,41.41,100,2021-07-16 18:01:00,NATI
41.39,41.39,41.39,41.39,300,2021-07-16 18:04:00,NATI
41.38,41.4,41.3775,41.39,1200,2021-07-16 18:07:00,NATI
41.38,41.38,41.37,41.37,669,2021-07-16 18:08:00,NATI
41.3574,41.365,41.3574,41.365,323,2021-07-16 18:09:00,NATI
41.365,41.365,41.365,41.365,900,2021-07-16 18:10:00,NATI
41.385,41.385,41.37,41.37,200,2021-07-16 18:12:00,NATI
41.37,41.3766,41.37,41.375,441,2021-07-16 18:14:00,NATI
41.36,41.36,41.36,41.36,100,2021-07-16 18:15:00,NATI
41.375,41.39,41.375,41.39,804,2021-07-16 18:16:00,NATI
41.395,41.395,41.395,41.395,400,2021-07-16 18:17:00,NATI
41.41,41.41,41.41,41.41,200,2021-07-16 18:19:00,NATI
41.41,41.41,41.41,41.41,500,2021-07-16 18:23:00,NATI
41.415,41.415,41.415,41.415,600,2021-07-16 18:25:00,NATI
41.415,41.415,41.415,41.415,459,2021-07-16 18:26:00,NATI
41.4,41.4,41.39,41.39,200,2021-07-16 18:28:00,NATI
41.38,41.38,41.37,41.37,200,2021-07-16 18:29:00,NATI
41.37,41.37,41.37,41.37,100,2021-07-16 18:30:00,NATI
41.36,41.36,41.3384,41.3384,342,2021-07-16 18:32:00,NATI
41.33,41.33,41.33,41.33,100,2021-07-16 18:33:00,NATI
41.34,41.34,41.34,41.34,100,2021-07-16 18:34:00,NATI
41.34,41.36,41.34,41.36,300,2021-07-16 18:35:00,NATI
41.35,41.35,41.35,41.35,100,2021-07-16 18:36:00,NATI
41.35,41.35,41.335,41.335,678,2021-07-16 18:37:00,NATI
41.35,41.35,41.35,41.35,100,2021-07-16 18:41:00,NATI
41.35,41.35,41.35,41.35,100,2021-07-16 18:44:00,NATI
41.35,41.35,41.34,41.34,200,2021-07-16 18:46:00,NATI
41.34,41.34,41.34,41.34,209,2021-07-16 18:47:00,NATI
41.33,41.33,41.33,41.33,540,2021-07-16 18:48:00,NATI
41.315,41.315,41.315,41.315,100,2021-07-16 18:50:00,NATI
41.315,41.32,41.315,41.32,300,2021-07-16 18:51:00,NATI
41.31,41.31,41.31,41.31,700,2021-07-16 18:54:00,NATI
41.32,41.32,41.31,41.3175,1100,2021-07-16 18:55:00,NATI
41.31,41.31,41.3,41.3,444,2021-07-16 18:56:00,NATI
41.3,41.3,41.3,41.3,400,2021-07-16 18:57:00,NATI
41.29,41.29,41.265,41.265,300,2021-07-16 19:00:00,NATI
41.25,41.25,41.24,41.24,200,2021-07-16 19:01:00,NATI
41.2433,41.2471,41.2433,41.2471,1120,2021-07-16 19:02:00,NATI
41.245,41.245,41.245,41.245,100,2021-07-16 19:03:00,NATI
41.23,41.23,41.2,41.2,1059,2021-07-16 19:06:00,NATI
41.22,41.23,41.215,41.215,300,2021-07-16 19:07:00,NATI
41.23,41.25,41.23,41.23,1200,2021-07-16 19:09:00,NATI
41.23,41.23,41.19,41.19,1373,2021-07-16 19:10:00,NATI
41.19,41.19,41.19,41.19,200,2021-07-16 19:11:00,NATI
41.18,41.18,41.17,41.17,225,2021-07-16 19:12:00,NATI
41.17,41.17,41.15,41.15,405,2021-07-16 19:13:00,NATI
41.165,41.165,41.165,41.165,300,2021-07-16 19:14:00,NATI
41.155,41.155,41.155,41.155,100,2021-07-16 19:15:00,NATI
41.165,41.2,41.165,41.175,2233,2021-07-16 19:16:00,NATI
41.175,41.175,41.175,41.175,200,2021-07-16 19:17:00,NATI
41.18,41.18,41.175,41.175,200,2021-07-16 19:18:00,NATI
41.19,41.2,41.18,41.18,1396,2021-07-16 19:19:00,NATI
41.18,41.18,41.17,41.17,764,2021-07-16 19:20:00,NATI
41.17,41.17,41.16,41.17,933,2021-07-16 19:21:00,NATI
41.16,41.16,41.14,41.14,946,2021-07-16 19:23:00,NATI
41.14,41.14,41.13,41.13,300,2021-07-16 19:24:00,NATI
41.11,41.11,41.11,41.11,300,2021-07-16 19:25:00,NATI
41.1,41.11,41.08,41.09,1100,2021-07-16 19:26:00,NATI
41.095,41.095,41.095,41.095,200,2021-07-16 19:27:00,NATI
41.1,41.11,41.095,41.11,1800,2021-07-16 19:28:00,NATI
41.09,41.09,41.07,41.07,1226,2021-07-16 19:29:00,NATI
41.06,41.06,41.06,41.06,300,2021-07-16 19:30:00,NATI
41.07,41.07,41.07,41.07,200,2021-07-16 19:31:00,NATI
41.06,41.07,41.06,41.07,402,2021-07-16 19:32:00,NATI
41.06,41.1,41.06,41.08,1387,2021-07-16 19:33:00,NATI
41.11,41.11,41.0759,41.0759,1381,2021-07-16 19:34:00,NATI
41.06,41.06,41.055,41.055,320,2021-07-16 19:35:00,NATI
41.055,41.06,41.04,41.04,1025,2021-07-16 19:36:00,NATI
41.035,41.06,41.035,41.06,1700,2021-07-16 19:37:00,NATI
41.055,41.055,41.055,41.055,300,2021-07-16 19:38:00,NATI
41.06,41.07,41.06,41.065,1430,2021-07-16 19:39:00,NATI
41.05,41.07,41.05,41.07,550,2021-07-16 19:40:00,NATI
41.08,41.1,41.08,41.1,1000,2021-07-16 19:41:00,NATI
41.1,41.1,41.05,41.05,2299,2021-07-16 19:42:00,NATI
41.06,41.06,41.05,41.05,600,2021-07-16 19:43:00,NATI
41.05,41.05,41.04,41.04,1074,2021-07-16 19:44:00,NATI
41.055,41.055,41.04,41.04,501,2021-07-16 19:45:00,NATI
41.04,41.04,41.02,41.02,878,2021-07-16 19:46:00,NATI
41.02,41.02,41.02,41.02,550,2021-07-16 19:47:00,NATI
41.02,41.02,41.01,41.01,500,2021-07-16 19:48:00,NATI
41.02,41.04,41.01,41.04,1800,2021-07-16 19:49:00,NATI
41.07,41.1,41.04,41.055,2371,2021-07-16 19:50:00,NATI
41.07,41.08,41.07,41.07,800,2021-07-16 19:51:00,NATI
41.07,41.09,41.065,41.085,2500,2021-07-16 19:52:00,NATI
41.08,41.08,41.075,41.075,1488,2021-07-16 19:53:00,NATI
41.09,41.19,41.075,41.19,7116,2021-07-16 19:54:00,NATI
41.23,41.23,41.15,41.17,3884,2021-07-16 19:55:00,NATI
41.171,41.19,41.14,41.155,6515,2021-07-16 19:56:00,NATI
41.14,41.155,41.13,41.14,1652,2021-07-16 19:57:00,NATI
41.13,41.14,41.09,41.11,5915,2021-07-16 19:58:00,NATI
41.1,41.15,41.07,41.07,4012,2021-07-16 19:59:00,NATI
41.09,41.09,41.09,41.09,43087,2021-07-16 20:00:00,NATI
41.09,41.09,41.09,41.09,24302,2021-07-16 20:01:00,NATI
41.09,41.09,41.09,41.09,384,2021-07-16 20:04:00,NATI
42.5,42.5,40.48,40.82,5247,2021-07-19 13:30:00,NATI
40.65,40.65,40.65,40.65,100,2021-07-19 13:31:00,NATI
40.55,40.55,40.55,40.55,300,2021-07-19 13:34:00,NATI
40.54,40.64,40.54,40.64,900,2021-07-19 13:35:00,NATI
40.6,40.61,40.6,40.61,200,2021-07-19 13:36:00,NATI
40.7,40.7,40.65,40.65,700,2021-07-19 13:38:00,NATI
40.66,40.66,40.66,40.66,1000,2021-07-19 13:39:00,NATI
40.61,40.61,40.61,40.61,100,2021-07-19 13:40:00,NATI
40.52,40.52,40.52,40.52,100,2021-07-19 13:41:00,NATI
40.56,40.63,40.56,40.63,400,2021-07-19 13:43:00,NATI
40.74,40.74,40.74,40.74,100,2021-07-19 13:47:00,NATI
40.685,40.685,40.63,40.66,1961,2021-07-19 13:49:00,NATI
40.53,40.53,40.51,40.51,990,2021-07-19 13:50:00,NATI
40.44,40.44,40.44,40.44,102,2021-07-19 13:53:00,NATI
40.36,40.37,40.36,40.37,482,2021-07-19 13:54:00,NATI
40.42,40.43,40.42,40.43,300,2021-07-19 13:57:00,NATI
40.42,40.42,40.4,40.4,220,2021-07-19 13:58:00,NATI
40.4,40.44,40.39,40.43,600,2021-07-19 13:59:00,NATI
40.35,40.35,40.35,40.35,100,2021-07-19 14:01:00,NATI
40.32,40.35,40.32,40.325,500,2021-07-19 14:03:00,NATI
40.395,40.43,40.395,40.43,400,2021-07-19 14:04:00,NATI
40.45,40.45,40.43,40.43,200,2021-07-19 14:05:00,NATI
40.47,40.53,40.47,40.53,700,2021-07-19 14:07:00,NATI
40.47,40.47,40.44,40.44,400,2021-07-19 14:09:00,NATI
40.44,40.44,40.44,40.44,100,2021-07-19 14:10:00,NATI
40.49,40.49,40.47,40.47,304,2021-07-19 14:11:00,NATI
40.44,40.44,40.44,40.44,100,2021-07-19 14:12:00,NATI
40.47,40.47,40.47,40.47,100,2021-07-19 14:13:00,NATI
40.47,40.47,40.47,40.47,100,2021-07-19 14:15:00,NATI
40.47,40.47,40.44,40.44,700,2021-07-19 14:17:00,NATI
40.46,40.46,40.44,40.45,1256,2021-07-19 14:18:00,NATI
40.425,40.425,40.425,40.425,100,2021-07-19 14:19:00,NATI
40.42,40.44,40.42,40.44,300,2021-07-19 14:20:00,NATI
40.53,40.53,40.53,40.53,300,2021-07-19 14:21:00,NATI
40.53,40.53,40.53,40.53,200,2021-07-19 14:22:00,NATI
40.53,40.55,40.53,40.55,200,2021-07-19 14:23:00,NATI
40.51,40.51,40.51,40.51,100,2021-07-19 14:24:00,NATI
40.56,40.56,40.56,40.56,100,2021-07-19 14:25:00,NATI
40.53,40.57,40.53,40.56,960,2021-07-19 14:26:00,NATI
40.595,40.595,40.595,40.595,100,2021-07-19 14:27:00,NATI
40.57,40.57,40.55,40.55,1332,2021-07-19 14:28:00,NATI
40.57,40.58,40.54,40.54,1200,2021-07-19 14:29:00,NATI
40.53,40.53,40.52,40.52,200,2021-07-19 14:31:00,NATI
40.58,40.62,40.58,40.62,200,2021-07-19 14:34:00,NATI
40.59,40.59,40.59,40.59,200,2021-07-19 14:35:00,NATI
40.59,40.59,40.51,40.51,1433,2021-07-19 14:36:00,NATI
40.56,40.59,40.55,40.59,300,2021-07-19 14:38:00,NATI
40.63,40.63,40.63,40.63,100,2021-07-19 14:40:00,NATI
40.6509,40.68,40.6509,40.68,300,2021-07-19 14:41:00,NATI
40.7,40.73,40.68,40.7,400,2021-07-19 14:42:00,NATI
40.705,40.705,40.705,40.705,135,2021-07-19 14:47:00,NATI
40.76,40.76,40.735,40.735,200,2021-07-19 14:48:00,NATI
40.75,40.75,40.75,40.75,100,2021-07-19 14:49:00,NATI
40.76,40.76,40.76,40.76,100,2021-07-19 14:50:00,NATI
40.76,40.8,40.76,40.8,400,2021-07-19 14:52:00,NATI
40.785,40.785,40.75,40.765,622,2021-07-19 14:54:00,NATI
40.715,40.715,40.68,40.69,400,2021-07-19 14:55:00,NATI
40.69,40.69,40.69,40.69,100,2021-07-19 14:56:00,NATI
40.71,40.71,40.71,40.71,100,2021-07-19 14:57:00,NATI
40.71,40.73,40.69,40.73,700,2021-07-19 15:01:00,NATI
40.74,40.85,40.74,40.84,734,2021-07-19 15:02:00,NATI
40.9,40.9,40.82,40.82,200,2021-07-19 15:04:00,NATI
40.83,40.83,40.83,40.83,400,2021-07-19 15:06:00,NATI
40.85,40.85,40.85,40.85,100,2021-07-19 15:07:00,NATI
40.82,40.86,40.82,40.86,200,2021-07-19 15:09:00,NATI
40.88,40.88,40.84,40.87,556,2021-07-19 15:10:00,NATI
40.84,40.86,40.84,40.86,504,2021-07-19 15:11:00,NATI
40.845,40.87,40.83,40.86,972,2021-07-19 15:14:00,NATI
40.88,40.88,40.88,40.88,100,2021-07-19 15:15:00,NATI
40.88,40.88,40.88,40.88,210,2021-07-19 15:18:00,NATI
40.86,40.87,40.85,40.85,652,2021-07-19 15:19:00,NATI
40.86,40.87,40.84,40.85,1640,2021-07-19 15:20:00,NATI
40.83,40.83,40.83,40.83,100,2021-07-19 15:21:00,NATI
40.81,40.81,40.81,40.81,300,2021-07-19 15:22:00,NATI
40.84,40.84,40.84,40.84,617,2021-07-19 15:23:00,NATI
40.83,40.84,40.81,40.84,935,2021-07-19 15:25:00,NATI
40.8,40.85,40.8,40.85,300,2021-07-19 15:31:00,NATI
40.87,40.87,40.87,40.87,100,2021-07-19 15:32:00,NATI
40.82,40.82,40.82,40.82,100,2021-07-19 15:34:00,NATI
40.875,40.875,40.875,40.875,105,2021-07-19 15:36:00,NATI
40.87,40.87,40.87,40.87,300,2021-07-19 15:38:00,NATI
40.84,40.88,40.84,40.88,600,2021-07-19 15:39:00,NATI
40.9,40.9,40.9,40.9,100,2021-07-19 15:41:00,NATI
40.88,40.88,40.88,40.88,100,2021-07-19 15:44:00,NATI
40.94,40.94,40.94,40.94,100,2021-07-19 15:46:00,NATI
40.945,40.945,40.94,40.94,300,2021-07-19 15:47:00,NATI
40.94,40.96,40.94,40.96,727,2021-07-19 15:50:00,NATI
40.96,40.96,40.94,40.94,300,2021-07-19 15:52:00,NATI
40.92,40.92,40.9,40.91,400,2021-07-19 15:53:00,NATI
40.91,40.95,40.91,40.95,800,2021-07-19 15:54:00,NATI
40.93,40.93,40.93,40.93,299,2021-07-19 15:55:00,NATI
40.98,40.99,40.98,40.99,200,2021-07-19 15:56:00,NATI
41.01,41.01,41.01,41.01,100,2021-07-19 15:57:00,NATI
40.995,40.995,40.99,40.99,300,2021-07-19 15:58:00,NATI
41.01,41.01,41.01,41.01,101,2021-07-19 15:59:00,NATI
40.99,40.99,40.98,40.99,749,2021-07-19 16:00:00,NATI
40.97,40.97,40.94,40.95,943,2021-07-19 16:01:00,NATI
40.88,40.88,40.88,40.88,100,2021-07-19 16:02:00,NATI
40.91,40.91,40.91,40.91,300,2021-07-19 16:03:00,NATI
40.91,40.91,40.91,40.91,100,2021-07-19 16:04:00,NATI
40.86,40.86,40.85,40.85,300,2021-07-19 16:05:00,NATI
40.87,40.88,40.87,40.88,500,2021-07-19 16:08:00,NATI
40.8481,40.8481,40.8481,40.8481,1207,2021-07-19 16:14:00,NATI
40.77,40.77,40.77,40.77,100,2021-07-19 16:20:00,NATI
40.77,40.78,40.77,40.78,600,2021-07-19 16:23:00,NATI
40.79,40.79,40.75,40.75,300,2021-07-19 16:24:00,NATI
40.71,40.71,40.71,40.71,200,2021-07-19 16:28:00,NATI
40.72,40.72,40.72,40.72,100,2021-07-19 16:29:00,NATI
40.64,40.64,40.64,40.64,100,2021-07-19 16:32:00,NATI
40.64,40.64,40.64,40.64,200,2021-07-19 16:33:00,NATI
40.63,40.63,40.61,40.61,200,2021-07-19 16:34:00,NATI
40.6474,40.6474,40.6474,40.6474,148,2021-07-19 16:35:00,NATI
40.6092,40.65,40.6092,40.65,524,2021-07-19 16:37:00,NATI
40.61,40.61,40.6,40.6,300,2021-07-19 16:38:00,NATI
40.6,40.6,40.59,40.59,500,2021-07-19 16:39:00,NATI
40.57,40.57,40.57,40.57,100,2021-07-19 16:42:00,NATI
40.52,40.52,40.52,40.52,100,2021-07-19 16:43:00,NATI
40.55,40.55,40.55,40.55,232,2021-07-19 16:44:00,NATI
40.56,40.56,40.56,40.56,100,2021-07-19 16:47:00,NATI
40.52,40.52,40.52,40.52,300,2021-07-19 16:50:00,NATI
40.54,40.54,40.54,40.54,100,2021-07-19 16:51:00,NATI
40.57,40.57,40.57,40.57,200,2021-07-19 16:52:00,NATI
40.58,40.58,40.58,40.58,200,2021-07-19 16:53:00,NATI
40.56,40.56,40.56,40.56,100,2021-07-19 16:54:00,NATI
40.5666,40.5666,40.5401,40.5401,505,2021-07-19 16:55:00,NATI
40.54,40.54,40.54,40.54,100,2021-07-19 16:57:00,NATI
40.55,40.6,40.55,40.6,450,2021-07-19 17:00:00,NATI
40.6,40.6,40.6,40.6,200,2021-07-19 17:01:00,NATI
40.62,40.62,40.62,40.62,200,2021-07-19 17:03:00,NATI
40.615,40.615,40.61,40.61,400,2021-07-19 17:05:00,NATI
40.61,40.64,40.61,40.64,700,2021-07-19 17:06:00,NATI
40.68,40.68,40.68,40.68,200,2021-07-19 17:08:00,NATI
40.72,40.72,40.72,40.72,1665,2021-07-19 17:09:00,NATI
40.73,40.73,40.73,40.73,100,2021-07-19 17:10:00,NATI
40.72,40.735,40.72,40.735,710,2021-07-19 17:11:00,NATI
40.7,40.72,40.7,40.72,300,2021-07-19 17:12:00,NATI
40.69,40.71,40.68,40.68,1064,2021-07-19 17:13:00,NATI
40.66,40.665,40.64,40.665,5100,2021-07-19 17:14:00,NATI
40.7,40.7,40.7,40.7,100,2021-07-19 17:15:00,NATI
40.59,40.59,40.59,40.59,100,2021-07-19 17:19:00,NATI
40.555,40.555,40.555,40.555,100,2021-07-19 17:20:00,NATI
40.53,40.53,40.53,40.53,100,2021-07-19 17:22:00,NATI
40.5,40.55,40.5,40.55,400,2021-07-19 17:23:00,NATI
40.58,40.58,40.58,40.58,100,2021-07-19 17:24:00,NATI
40.53,40.53,40.53,40.53,100,2021-07-19 17:25:00,NATI
40.5,40.5,40.48,40.495,1000,2021-07-19 17:27:00,NATI
40.47,40.47,40.44,40.44,300,2021-07-19 17:28:00,NATI
40.44,40.48,40.44,40.46,700,2021-07-19 17:29:00,NATI
40.45,40.45,40.45,40.45,100,2021-07-19 17:30:00,NATI
40.44,40.44,40.44,40.44,100,2021-07-19 17:31:00,NATI
40.45,40.49,40.44,40.44,812,2021-07-19 17:32:00,NATI
40.43,40.43,40.38,40.38,510,2021-07-19 17:33:00,NATI
40.415,40.415,40.39,40.39,200,2021-07-19 17:34:00,NATI
40.395,40.46,40.395,40.46,331,2021-07-19 17:35:00,NATI
40.4677,40.51,40.4677,40.51,299,2021-07-19 17:36:00,NATI
40.53,40.53,40.53,40.53,100,2021-07-19 17:37:00,NATI
40.52,40.53,40.52,40.53,800,2021-07-19 17:38:00,NATI
40.55,40.55,40.51,40.51,200,2021-07-19 17:39:00,NATI
40.53,40.53,40.53,40.53,574,2021-07-19 17:40:00,NATI
40.53,40.53,40.53,40.53,300,2021-07-19 17:42:00,NATI
40.51,40.51,40.51,40.51,700,2021-07-19 17:43:00,NATI
40.47,40.47,40.46,40.46,200,2021-07-19 17:44:00,NATI
40.49,40.49,40.49,40.49,100,2021-07-19 17:45:00,NATI
40.49,40.51,40.48,40.51,400,2021-07-19 17:46:00,NATI
40.42,40.42,40.41,40.41,200,2021-07-19 17:50:00,NATI
40.43,40.43,40.42,40.42,300,2021-07-19 17:52:00,NATI
40.4895,40.4895,40.4498,40.4498,478,2021-07-19 17:55:00,NATI
40.45,40.45,40.45,40.45,100,2021-07-19 17:57:00,NATI
40.42,40.42,40.42,40.42,600,2021-07-19 17:59:00,NATI
40.46,40.46,40.42,40.4235,1150,2021-07-19 18:00:00,NATI
40.46,40.55,40.46,40.54,8622,2021-07-19 18:02:00,NATI
40.54,40.59,40.54,40.54,513,2021-07-19 18:03:00,NATI
40.53,40.53,40.52,40.52,300,2021-07-19 18:04:00,NATI
40.51,40.51,40.49,40.49,300,2021-07-19 18:05:00,NATI
40.48,40.49,40.48,40.49,200,2021-07-19 18:06:00,NATI
40.48,40.48,40.45,40.45,600,2021-07-19 18:07:00,NATI
40.46,40.46,40.46,40.46,100,2021-07-19 18:08:00,NATI
40.41,40.41,40.41,40.41,100,2021-07-19 18:09:00,NATI
40.48,40.48,40.48,40.48,300,2021-07-19 18:10:00,NATI
40.5,40.51,40.5,40.51,200,2021-07-19 18:12:00,NATI
40.51,40.51,40.495,40.495,200,2021-07-19 18:13:00,NATI
40.46,40.47,40.4332,40.4332,640,2021-07-19 18:14:00,NATI
40.48,40.48,40.48,40.48,220,2021-07-19 18:15:00,NATI
40.5,40.51,40.5,40.51,200,2021-07-19 18:16:00,NATI
40.49,40.49,40.49,40.49,100,2021-07-19 18:17:00,NATI
40.48,40.48,40.48,40.48,100,2021-07-19 18:19:00,NATI
40.51,40.51,40.51,40.51,164,2021-07-19 18:20:00,NATI
40.53,40.53,40.53,40.53,598,2021-07-19 18:21:00,NATI
40.5,40.5,40.49,40.49,635,2021-07-19 18:22:00,NATI
40.49,40.49,40.47,40.47,200,2021-07-19 18:24:00,NATI
40.46,40.46,40.46,40.46,100,2021-07-19 18:25:00,NATI
40.48,40.5,40.46,40.46,1000,2021-07-19 18:30:00,NATI
40.44,40.46,40.43,40.46,1598,2021-07-19 18:32:00,NATI
40.44,40.44,40.44,40.44,100,2021-07-19 18:34:00,NATI
40.44,40.46,40.44,40.46,200,2021-07-19 18:35:00,NATI
40.42,40.42,40.35,40.37,700,2021-07-19 18:37:00,NATI
40.4,40.4,40.4,40.4,100,2021-07-19 18:40:00,NATI
40.37,40.4,40.35,40.36,1100,2021-07-19 18:42:00,NATI
40.35,40.35,40.33,40.33,241,2021-07-19 18:44:00,NATI
40.3,40.3,40.3,40.3,100,2021-07-19 18:45:00,NATI
40.32,40.37,40.32,40.37,1000,2021-07-19 18:47:00,NATI
40.39,40.39,40.36,40.36,400,2021-07-19 18:48:00,NATI
40.38,40.4,40.361,40.4,1804,2021-07-19 18:49:00,NATI
40.39,40.39,40.37,40.37,200,2021-07-19 18:51:00,NATI
40.37,40.37,40.35,40.35,442,2021-07-19 18:52:00,NATI
40.33,40.34,40.33,40.34,200,2021-07-19 18:54:00,NATI
40.36,40.36,40.36,40.36,200,2021-07-19 18:55:00,NATI
40.38,40.38,40.38,40.38,200,2021-07-19 18:56:00,NATI
40.37,40.37,40.37,40.37,547,2021-07-19 18:58:00,NATI
40.33,40.34,40.33,40.34,900,2021-07-19 18:59:00,NATI
40.35,40.35,40.29,40.29,300,2021-07-19 19:00:00,NATI
40.33,40.35,40.33,40.34,779,2021-07-19 19:03:00,NATI
40.37,40.37,40.35,40.37,900,2021-07-19 19:04:00,NATI
40.35,40.3653,40.35,40.35,1211,2021-07-19 19:05:00,NATI
40.36,40.36,40.36,40.36,311,2021-07-19 19:07:00,NATI
40.37,40.37,40.37,40.37,100,2021-07-19 19:08:00,NATI
40.41,40.41,40.39,40.39,500,2021-07-19 19:09:00,NATI
40.385,40.385,40.35,40.38,1202,2021-07-19 19:10:00,NATI
40.42,40.42,40.42,40.42,200,2021-07-19 19:11:00,NATI
40.45,40.45,40.45,40.45,100,2021-07-19 19:13:00,NATI
40.41,40.425,40.41,40.425,300,2021-07-19 19:14:00,NATI
40.39,40.39,40.38,40.38,1152,2021-07-19 19:16:00,NATI
40.36,40.37,40.36,40.37,601,2021-07-19 19:17:00,NATI
40.353,40.353,40.353,40.353,152,2021-07-19 19:18:00,NATI
40.35,40.355,40.35,40.355,200,2021-07-19 19:19:00,NATI
40.32,40.32,40.32,40.32,100,2021-07-19 19:20:00,NATI
40.32,40.33,40.32,40.33,300,2021-07-19 19:23:00,NATI
40.32,40.32,40.32,40.32,100,2021-07-19 19:24:00,NATI
40.34,40.385,40.34,40.37,1200,2021-07-19 19:25:00,NATI
40.37,40.37,40.37,40.37,100,2021-07-19 19:26:00,NATI
40.385,40.41,40.385,40.41,300,2021-07-19 19:28:00,NATI
40.3703,40.3703,40.3703,40.3703,200,2021-07-19 19:30:00,NATI
40.4446,40.45,40.42,40.42,1850,2021-07-19 19:31:00,NATI
40.39,40.42,40.39,40.405,300,2021-07-19 19:32:00,NATI
40.39,40.39,40.38,40.38,728,2021-07-19 19:33:00,NATI
40.385,40.41,40.38,40.4,1200,2021-07-19 19:34:00,NATI
40.41,40.44,40.41,40.44,700,2021-07-19 19:35:00,NATI
40.43,40.45,40.43,40.45,401,2021-07-19 19:36:00,NATI
40.48,40.52,40.465,40.52,300,2021-07-19 19:38:00,NATI
40.49,40.5,40.485,40.5,600,2021-07-19 19:39:00,NATI
40.51,40.54,40.51,40.54,900,2021-07-19 19:40:00,NATI
40.59,40.59,40.53,40.53,4189,2021-07-19 19:41:00,NATI
40.53,40.53,40.52,40.525,400,2021-07-19 19:42:00,NATI
40.52,40.52,40.5,40.5,600,2021-07-19 19:43:00,NATI
40.5,40.5,40.49,40.49,700,2021-07-19 19:44:00,NATI
40.49,40.5,40.47,40.47,1805,2021-07-19 19:45:00,NATI
40.5,40.5,40.46,40.47,1450,2021-07-19 19:46:00,NATI
40.47,40.52,40.47,40.52,600,2021-07-19 19:47:00,NATI
40.5155,40.57,40.51,40.57,1290,2021-07-19 19:48:00,NATI
40.57,40.57,40.55,40.55,2673,2021-07-19 19:49:00,NATI
40.55,40.55,40.51,40.51,1599,2021-07-19 19:50:00,NATI
40.51,40.52,40.51,40.52,1297,2021-07-19 19:51:00,NATI
40.52,40.54,40.52,40.54,700,2021-07-19 19:52:00,NATI
40.55,40.56,40.55,40.55,2440,2021-07-19 19:53:00,NATI
40.55,40.59,40.55,40.56,4658,2021-07-19 19:54:00,NATI
40.56,40.56,40.53,40.53,2009,2021-07-19 19:55:00,NATI
40.55,40.56,40.55,40.56,2121,2021-07-19 19:56:00,NATI
40.56,40.58,40.56,40.58,2286,2021-07-19 19:57:00,NATI
40.575,40.585,40.57,40.58,3016,2021-07-19 19:58:00,NATI
40.59,40.65,40.57,40.63,8732,2021-07-19 19:59:00,NATI
40.63,40.63,40.63,40.63,53863,2021-07-19 20:00:00,NATI
40.63,40.63,40.63,40.63,2406,2021-07-19 20:01:00,NATI
40.8,40.91,40.77,40.91,2830,2021-07-20 13:30:00,NATI
40.72,40.78,40.67,40.7,1000,2021-07-20 13:31:00,NATI
40.71,40.71,40.71,40.71,100,2021-07-20 13:32:00,NATI
40.7,40.7,40.7,40.7,100,2021-07-20 13:33:00,NATI
40.76,40.76,40.76,40.76,100,2021-07-20 13:34:00,NATI
40.97,40.97,40.97,40.97,100,2021-07-20 13:36:00,NATI
40.96,40.96,40.8,40.89,400,2021-07-20 13:38:00,NATI
40.8,40.8,40.79,40.79,300,2021-07-20 13:39:00,NATI
40.78,40.78,40.78,40.78,218,2021-07-20 13:40:00,NATI
40.86,40.86,40.86,40.86,100,2021-07-20 13:41:00,NATI
40.9164,40.9164,40.905,40.905,337,2021-07-20 13:42:00,NATI
40.92,40.94,40.92,40.94,200,2021-07-20 13:45:00,NATI
40.94,40.99,40.94,40.99,300,2021-07-20 13:46:00,NATI
40.99,40.99,40.99,40.99,412,2021-07-20 13:47:00,NATI
41.03,41.03,41.03,41.03,100,2021-07-20 13:48:00,NATI
41.02,41.02,41.02,41.02,200,2021-07-20 13:50:00,NATI
41.079,41.079,41.079,41.079,100,2021-07-20 13:51:00,NATI
41.04,41.04,41.04,41.04,100,2021-07-20 13:52:00,NATI
41.06,41.07,41.05,41.06,1100,2021-07-20 13:53:00,NATI
41.05,41.07,41.05,41.07,300,2021-07-20 13:54:00,NATI
41.11,41.12,41.11,41.12,200,2021-07-20 13:55:00,NATI
41.17,41.17,41.17,41.17,100,2021-07-20 13:56:00,NATI
41.14,41.14,41.14,41.14,1400,2021-07-20 13:57:00,NATI
41.135,41.14,41.135,41.14,212,2021-07-20 13:58:00,NATI
41.18,41.19,41.18,41.19,200,2021-07-20 14:00:00,NATI
41.21,41.21,41.2,41.2,800,2021-07-20 14:02:00,NATI
41.17,41.17,41.16,41.17,1100,2021-07-20 14:03:00,NATI
41.17,41.17,41.15,41.16,400,2021-07-20 14:04:00,NATI
41.1,41.1,41.1,41.1,100,2021-07-20 14:05:00,NATI
41.14,41.14,41.09,41.09,400,2021-07-20 14:06:00,NATI
41.21,41.25,41.21,41.25,896,2021-07-20 14:11:00,NATI
41.32,41.32,41.3,41.3,300,2021-07-20 14:14:00,NATI
41.3134,41.3134,41.3134,41.3134,130,2021-07-20 14:16:00,NATI
41.36,41.38,41.36,41.38,300,2021-07-20 14:17:00,NATI
41.44,41.44,41.4393,41.4393,500,2021-07-20 14:18:00,NATI
41.45,41.45,41.45,41.45,200,2021-07-20 14:20:00,NATI
41.51,41.51,41.51,41.51,100,2021-07-20 14:21:00,NATI
41.51,41.51,41.51,41.51,100,2021-07-20 14:22:00,NATI
41.45,41.45,41.44,41.44,1017,2021-07-20 14:23:00,NATI
41.455,41.455,41.455,41.455,103,2021-07-20 14:25:00,NATI
41.45,41.45,41.41,41.41,1481,2021-07-20 14:26:00,NATI
41.425,41.445,41.425,41.445,607,2021-07-20 14:27:00,NATI
41.38,41.38,41.38,41.38,100,2021-07-20 14:28:00,NATI
41.36,41.36,41.36,41.36,100,2021-07-20 14:31:00,NATI
41.37,41.375,41.37,41.375,300,2021-07-20 14:32:00,NATI
41.38,41.39,41.37,41.39,300,2021-07-20 14:34:00,NATI
41.41,41.43,41.41,41.43,300,2021-07-20 14:35:00,NATI
41.41,41.41,41.38,41.38,300,2021-07-20 14:36:00,NATI
41.4,41.4,41.4,41.4,100,2021-07-20 14:37:00,NATI
41.4,41.4,41.4,41.4,200,2021-07-20 14:38:00,NATI
41.43,41.43,41.4,41.4,400,2021-07-20 14:39:00,NATI
41.425,41.425,41.425,41.425,100,2021-07-20 14:40:00,NATI
41.45,41.45,41.45,41.45,100,2021-07-20 14:41:00,NATI
41.46,41.48,41.46,41.48,200,2021-07-20 14:42:00,NATI
41.465,41.49,41.465,41.49,200,2021-07-20 14:44:00,NATI
41.57,41.57,41.57,41.57,200,2021-07-20 14:46:00,NATI
41.64,41.64,41.57,41.58,1529,2021-07-20 14:48:00,NATI
41.6,41.6,41.6,41.6,200,2021-07-20 14:49:00,NATI
41.595,41.595,41.595,41.595,125,2021-07-20 14:51:00,NATI
41.58,41.58,41.58,41.58,100,2021-07-20 14:52:00,NATI
41.62,41.62,41.61,41.62,300,2021-07-20 14:54:00,NATI
41.59,41.59,41.59,41.59,707,2021-07-20 14:55:00,NATI
41.54,41.55,41.54,41.55,246,2021-07-20 14:56:00,NATI
41.57,41.57,41.57,41.57,100,2021-07-20 14:57:00,NATI
41.6,41.6,41.59,41.59,636,2021-07-20 15:00:00,NATI
41.59,41.59,41.56,41.57,1400,2021-07-20 15:02:00,NATI
41.54,41.54,41.535,41.535,355,2021-07-20 15:03:00,NATI
41.56,41.56,41.56,41.56,100,2021-07-20 15:06:00,NATI
41.54,41.54,41.54,41.54,100,2021-07-20 15:07:00,NATI
41.549,41.549,41.549,41.549,100,2021-07-20 15:10:00,NATI
41.57,41.57,41.57,41.57,400,2021-07-20 15:11:00,NATI
41.53,41.56,41.53,41.56,500,2021-07-20 15:12:00,NATI
41.5,41.5,41.5,41.5,100,2021-07-20 15:14:00,NATI
41.515,41.52,41.5,41.505,1500,2021-07-20 15:15:00,NATI
41.505,41.505,41.505,41.505,300,2021-07-20 15:17:00,NATI
41.5,41.5,41.5,41.5,100,2021-07-20 15:18:00,NATI
41.53,41.53,41.53,41.53,113,2021-07-20 15:19:00,NATI
41.54,41.57,41.54,41.565,500,2021-07-20 15:20:00,NATI
41.6,41.615,41.6,41.6,945,2021-07-20 15:23:00,NATI
41.5895,41.63,41.5895,41.63,357,2021-07-20 15:24:00,NATI
41.64,41.64,41.64,41.64,200,2021-07-20 15:25:00,NATI
41.65,41.65,41.65,41.65,100,2021-07-20 15:27:00,NATI
41.62,41.62,41.62,41.62,100,2021-07-20 15:28:00,NATI
41.59,41.59,41.56,41.59,1600,2021-07-20 15:29:00,NATI
41.56,41.56,41.54,41.55,796,2021-07-20 15:32:00,NATI
41.59,41.59,41.59,41.59,100,2021-07-20 15:34:00,NATI
41.55,41.56,41.55,41.56,300,2021-07-20 15:35:00,NATI
41.57,41.57,41.57,41.57,300,2021-07-20 15:36:00,NATI
41.555,41.555,41.555,41.555,100,2021-07-20 15:38:00,NATI
41.58,41.58,41.58,41.58,200,2021-07-20 15:40:00,NATI
41.61,41.67,41.61,41.67,501,2021-07-20 15:42:00,NATI
41.67,41.67,41.67,41.67,100,2021-07-20 15:43:00,NATI
41.71,41.71,41.71,41.71,100,2021-07-20 15:44:00,NATI
41.73,41.73,41.73,41.73,100,2021-07-20 15:45:00,NATI
41.75,41.75,41.75,41.75,100,2021-07-20 15:46:00,NATI
41.75,41.76,41.74,41.74,1900,2021-07-20 15:47:00,NATI
41.77,41.77,41.77,41.77,100,2021-07-20 15:48:00,NATI
41.79,41.79,41.79,41.79,100,2021-07-20 15:49:00,NATI
41.79,41.79,41.79,41.79,100,2021-07-20 15:50:00,NATI
41.79,41.79,41.79,41.79,100,2021-07-20 15:51:00,NATI
41.77,41.8,41.7601,41.79,1175,2021-07-20 15:52:00,NATI
41.82,41.82,41.82,41.82,100,2021-07-20 15:53:00,NATI
41.82,41.82,41.82,41.82,100,2021-07-20 15:54:00,NATI
41.83,41.83,41.83,41.83,100,2021-07-20 15:55:00,NATI
41.79,41.8,41.78,41.8,2812,2021-07-20 15:56:00,NATI
41.82,41.82,41.78,41.78,300,2021-07-20 15:57:00,NATI
41.83,41.83,41.81,41.81,1210,2021-07-20 16:04:00,NATI
41.77,41.77,41.77,41.77,100,2021-07-20 16:05:00,NATI
41.73,41.73,41.73,41.73,156,2021-07-20 16:06:00,NATI
41.73,41.73,41.73,41.73,100,2021-07-20 16:07:00,NATI
41.75,41.76,41.75,41.76,300,2021-07-20 16:08:00,NATI
41.75,41.75,41.75,41.75,100,2021-07-20 16:09:00,NATI
41.76,41.765,41.76,41.765,1000,2021-07-20 16:11:00,NATI
41.79,41.79,41.76,41.78,700,2021-07-20 16:13:00,NATI
41.76,41.76,41.76,41.76,200,2021-07-20 16:15:00,NATI
41.77,41.77,41.76,41.77,413,2021-07-20 16:16:00,NATI
41.76,41.76,41.75,41.76,900,2021-07-20 16:17:00,NATI
41.77,41.77,41.77,41.77,200,2021-07-20 16:18:00,NATI
41.76,41.76,41.715,41.715,1000,2021-07-20 16:20:00,NATI
41.735,41.75,41.735,41.75,200,2021-07-20 16:21:00,NATI
41.75,41.76,41.75,41.76,516,2021-07-20 16:23:00,NATI
41.78,41.78,41.75,41.76,1700,2021-07-20 16:25:00,NATI
41.77,41.77,41.77,41.77,100,2021-07-20 16:26:00,NATI
41.85,41.865,41.83,41.865,478,2021-07-20 16:35:00,NATI
41.86,41.86,41.86,41.86,100,2021-07-20 16:36:00,NATI
41.8618,41.8618,41.8618,41.8618,177,2021-07-20 16:37:00,NATI
41.83,41.83,41.81,41.81,922,2021-07-20 16:38:00,NATI
41.83,41.83,41.83,41.83,200,2021-07-20 16:42:00,NATI
41.83,41.83,41.83,41.83,400,2021-07-20 16:45:00,NATI
41.83,41.83,41.83,41.83,113,2021-07-20 16:46:00,NATI
41.83,41.84,41.83,41.84,500,2021-07-20 16:48:00,NATI
41.85,41.86,41.85,41.86,300,2021-07-20 16:49:00,NATI
41.89,41.915,41.89,41.915,500,2021-07-20 16:51:00,NATI
41.92,41.92,41.9,41.9,1000,2021-07-20 16:54:00,NATI
41.9,41.9,41.9,41.9,300,2021-07-20 16:55:00,NATI
41.9,41.9,41.9,41.9,200,2021-07-20 16:58:00,NATI
41.89,41.89,41.89,41.89,300,2021-07-20 16:59:00,NATI
41.9,41.9,41.89,41.89,200,2021-07-20 17:00:00,NATI
41.88,41.89,41.86,41.89,1374,2021-07-20 17:02:00,NATI
41.86,41.86,41.84,41.84,400,2021-07-20 17:03:00,NATI
41.78,41.78,41.75,41.75,521,2021-07-20 17:08:00,NATI
41.741,41.76,41.74,41.75,980,2021-07-20 17:09:00,NATI
41.74,41.74,41.74,41.74,100,2021-07-20 17:10:00,NATI
41.735,41.75,41.735,41.75,423,2021-07-20 17:11:00,NATI
41.76,41.77,41.75,41.77,1000,2021-07-20 17:12:00,NATI
41.75,41.75,41.75,41.75,100,2021-07-20 17:13:00,NATI
41.78,41.78,41.765,41.765,255,2021-07-20 17:14:00,NATI
41.76,41.78,41.76,41.78,200,2021-07-20 17:15:00,NATI
41.77,41.77,41.77,41.77,700,2021-07-20 17:16:00,NATI
41.77,41.77,41.77,41.77,262,2021-07-20 17:18:00,NATI
41.7876,41.7876,41.7876,41.7876,300,2021-07-20 17:19:00,NATI
41.78,41.83,41.78,41.83,200,2021-07-20 17:20:00,NATI
41.84,41.84,41.81,41.81,200,2021-07-20 17:22:00,NATI
41.81,41.81,41.79,41.79,985,2021-07-20 17:23:00,NATI
41.76,41.76,41.76,41.76,100,2021-07-20 17:24:00,NATI
41.72,41.72,41.72,41.72,100,2021-07-20 17:27:00,NATI
41.73,41.73,41.73,41.73,200,2021-07-20 17:29:00,NATI
41.74,41.74,41.74,41.74,200,2021-07-20 17:30:00,NATI
41.74,41.74,41.74,41.74,100,2021-07-20 17:31:00,NATI
41.74,41.74,41.74,41.74,100,2021-07-20 17:33:00,NATI
41.7348,41.735,41.7348,41.735,236,2021-07-20 17:35:00,NATI
41.74,41.74,41.74,41.74,100,2021-07-20 17:36:00,NATI
41.75,41.76,41.75,41.76,500,2021-07-20 17:37:00,NATI
41.75,41.75,41.74,41.74,300,2021-07-20 17:38:00,NATI
41.76,41.76,41.75,41.75,300,2021-07-20 17:40:00,NATI
41.76,41.76,41.76,41.76,100,2021-07-20 17:43:00,NATI
41.74,41.74,41.73,41.73,700,2021-07-20 17:44:00,NATI
41.725,41.725,41.725,41.725,100,2021-07-20 17:45:00,NATI
41.67,41.67,41.65,41.65,480,2021-07-20 17:50:00,NATI
41.67,41.67,41.66,41.66,300,2021-07-20 17:52:00,NATI
41.66,41.67,41.66,41.67,647,2021-07-20 17:53:00,NATI
41.68,41.69,41.68,41.69,700,2021-07-20 17:55:00,NATI
41.715,41.715,41.715,41.715,300,2021-07-20 17:57:00,NATI
41.76,41.76,41.76,41.76,100,2021-07-20 17:58:00,NATI
41.71,41.71,41.71,41.71,100,2021-07-20 17:59:00,NATI
41.77,41.77,41.76,41.76,264,2021-07-20 18:01:00,NATI
41.81,41.81,41.79,41.79,1898,2021-07-20 18:03:00,NATI
41.8,41.8,41.8,41.8,100,2021-07-20 18:05:00,NATI
41.83,41.83,41.82,41.82,300,2021-07-20 18:06:00,NATI
41.81,41.81,41.78,41.78,753,2021-07-20 18:08:00,NATI
41.82,41.82,41.81,41.81,800,2021-07-20 18:09:00,NATI
41.79,41.79,41.77,41.77,785,2021-07-20 18:12:00,NATI
41.76,41.76,41.76,41.76,100,2021-07-20 18:13:00,NATI
41.74,41.74,41.74,41.74,200,2021-07-20 18:14:00,NATI
41.765,41.78,41.765,41.78,507,2021-07-20 18:15:00,NATI
41.8031,41.8031,41.8031,41.8031,126,2021-07-20 18:16:00,NATI
41.79,41.8,41.79,41.8,600,2021-07-20 18:17:00,NATI
41.805,41.83,41.805,41.83,1329,2021-07-20 18:19:00,NATI
41.85,41.85,41.85,41.85,100,2021-07-20 18:20:00,NATI
41.85,41.85,41.85,41.85,269,2021-07-20 18:21:00,NATI
41.85,41.85,41.84,41.84,1400,2021-07-20 18:22:00,NATI
41.825,41.825,41.825,41.825,100,2021-07-20 18:26:00,NATI
41.84,41.84,41.84,41.84,464,2021-07-20 18:28:00,NATI
41.85,41.86,41.84,41.84,600,2021-07-20 18:30:00,NATI
41.85,41.85,41.85,41.85,140,2021-07-20 18:31:00,NATI
41.86,41.86,41.85,41.85,300,2021-07-20 18:32:00,NATI
41.87,41.87,41.87,41.87,100,2021-07-20 18:33:00,NATI
41.87,41.87,41.85,41.85,700,2021-07-20 18:34:00,NATI
41.84,41.87,41.84,41.87,220,2021-07-20 18:35:00,NATI
41.87,41.87,41.87,41.87,100,2021-07-20 18:37:00,NATI
41.87,41.87,41.87,41.87,627,2021-07-20 18:38:00,NATI
41.87,41.87,41.85,41.87,1500,2021-07-20 18:39:00,NATI
41.865,41.865,41.865,41.865,200,2021-07-20 18:40:00,NATI
41.83,41.84,41.8,41.81,700,2021-07-20 18:43:00,NATI
41.79,41.79,41.78,41.78,300,2021-07-20 18:45:00,NATI
41.76,41.79,41.76,41.785,1539,2021-07-20 18:47:00,NATI
41.78,41.8,41.78,41.8,500,2021-07-20 18:50:00,NATI
41.83,41.835,41.83,41.835,401,2021-07-20 18:53:00,NATI
41.86,41.86,41.85,41.85,200,2021-07-20 18:54:00,NATI
41.81,41.81,41.78,41.78,769,2021-07-20 18:55:00,NATI
41.8,41.82,41.8,41.82,200,2021-07-20 18:56:00,NATI
41.795,41.795,41.795,41.795,100,2021-07-20 18:57:00,NATI
41.78,41.79,41.78,41.78,594,2021-07-20 18:58:00,NATI
41.775,41.79,41.775,41.79,1148,2021-07-20 19:02:00,NATI
41.78,41.78,41.78,41.78,100,2021-07-20 19:03:00,NATI
41.79,41.79,41.79,41.79,500,2021-07-20 19:05:00,NATI
41.8,41.81,41.795,41.795,669,2021-07-20 19:08:00,NATI
41.81,41.81,41.805,41.805,916,2021-07-20 19:09:00,NATI
41.83,41.83,41.83,41.83,100,2021-07-20 19:12:00,NATI
41.8136,41.8136,41.8136,41.8136,134,2021-07-20 19:13:00,NATI
41.86,41.86,41.86,41.86,100,2021-07-20 19:14:00,NATI
41.86,41.86,41.84,41.84,743,2021-07-20 19:15:00,NATI
41.84,41.84,41.84,41.84,789,2021-07-20 19:16:00,NATI
41.8264,41.83,41.8264,41.83,211,2021-07-20 19:18:00,NATI
41.82,41.82,41.8,41.8,900,2021-07-20 19:19:00,NATI
41.805,41.805,41.795,41.795,200,2021-07-20 19:20:00,NATI
41.82,41.82,41.82,41.82,300,2021-07-20 19:22:00,NATI
41.82,41.825,41.82,41.82,957,2021-07-20 19:23:00,NATI
41.84,41.84,41.84,41.84,100,2021-07-20 19:24:00,NATI
41.83,41.83,41.8,41.8,1100,2021-07-20 19:26:00,NATI
41.78,41.78,41.78,41.78,100,2021-07-20 19:27:00,NATI
41.79,41.79,41.79,41.79,100,2021-07-20 19:29:00,NATI
41.795,41.795,41.78,41.78,200,2021-07-20 19:30:00,NATI
41.79,41.79,41.79,41.79,100,2021-07-20 19:31:00,NATI
41.79,41.79,41.75,41.75,1827,2021-07-20 19:32:00,NATI
41.75,41.75,41.75,41.75,500,2021-07-20 19:33:00,NATI
41.74,41.74,41.73,41.73,300,2021-07-20 19:34:00,NATI
41.74,41.76,41.74,41.76,527,2021-07-20 19:35:00,NATI
41.77,41.77,41.76,41.76,400,2021-07-20 19:36:00,NATI
41.75,41.75,41.75,41.75,100,2021-07-20 19:37:00,NATI
41.75,41.75,41.735,41.735,1513,2021-07-20 19:38:00,NATI
41.74,41.74,41.73,41.73,800,2021-07-20 19:39:00,NATI
41.72,41.72,41.72,41.72,100,2021-07-20 19:40:00,NATI
41.72,41.72,41.71,41.71,600,2021-07-20 19:41:00,NATI
41.7,41.71,41.7,41.71,800,2021-07-20 19:42:00,NATI
41.72,41.72,41.72,41.72,358,2021-07-20 19:43:00,NATI
41.725,41.725,41.72,41.72,861,2021-07-20 19:44:00,NATI
41.72,41.72,41.7,41.7,732,2021-07-20 19:45:00,NATI
41.71,41.715,41.7,41.7,651,2021-07-20 19:46:00,NATI
41.7,41.71,41.7,41.7,300,2021-07-20 19:47:00,NATI
41.7,41.71,41.69,41.69,900,2021-07-20 19:48:00,NATI
41.7,41.71,41.68,41.71,984,2021-07-20 19:49:00,NATI
41.72,41.72,41.64,41.65,4508,2021-07-20 19:50:00,NATI
41.635,41.635,41.59,41.59,1325,2021-07-20 19:52:00,NATI
41.59,41.63,41.59,41.615,2100,2021-07-20 19:53:00,NATI
41.63,41.68,41.57,41.59,3972,2021-07-20 19:54:00,NATI
41.58,41.61,41.56,41.57,1800,2021-07-20 19:55:00,NATI
41.56,41.57,41.555,41.57,1070,2021-07-20 19:56:00,NATI
41.55,41.585,41.55,41.58,1515,2021-07-20 19:57:00,NATI
41.575,41.59,41.56,41.57,1800,2021-07-20 19:58:00,NATI
41.57,41.65,41.56,41.65,9434,2021-07-20 19:59:00,NATI
41.61,41.61,41.61,41.61,136216,2021-07-20 20:00:00,NATI
41.61,41.61,41.61,41.61,105,2021-07-20 20:01:00,NATI
41.61,41.61,41.61,41.61,7851,2021-07-20 20:02:00,NATI
41.61,41.61,41.61,41.61,17584,2021-07-20 20:04:00,NATI
41.71,41.71,41.71,41.71,1500,2021-07-21 13:30:00,NATI
41.67,41.67,41.67,41.67,100,2021-07-21 13:32:00,NATI
41.745,41.745,41.745,41.745,103,2021-07-21 13:34:00,NATI
41.72,41.75,41.72,41.75,467,2021-07-21 13:35:00,NATI
41.84,41.84,41.84,41.84,100,2021-07-21 13:41:00,NATI
41.9,41.9,41.9,41.9,106,2021-07-21 13:43:00,NATI
41.9,41.925,41.9,41.925,300,2021-07-21 13:45:00,NATI
41.925,41.925,41.92,41.92,200,2021-07-21 13:47:00,NATI
41.93,41.94,41.93,41.94,200,2021-07-21 13:48:00,NATI
42.0,42.0,41.99,41.99,295,2021-07-21 13:50:00,NATI
42.0,42.0,42.0,42.0,858,2021-07-21 13:52:00,NATI
42.005,42.005,42.005,42.005,100,2021-07-21 13:53:00,NATI
42.04,42.05,42.04,42.05,7376,2021-07-21 13:57:00,NATI
42.11,42.11,42.11,42.11,100,2021-07-21 13:58:00,NATI
42.1,42.1,42.1,42.1,123,2021-07-21 14:00:00,NATI
42.12,42.14,42.12,42.14,600,2021-07-21 14:01:00,NATI
42.11,42.11,42.11,42.11,200,2021-07-21 14:06:00,NATI
42.16,42.16,42.16,42.16,100,2021-07-21 14:08:00,NATI
42.1,42.1,42.09,42.09,600,2021-07-21 14:10:00,NATI
42.035,42.05,42.035,42.05,500,2021-07-21 14:12:00,NATI
42.05,42.07,42.05,42.07,715,2021-07-21 14:13:00,NATI
42.0499,42.0499,42.025,42.025,201,2021-07-21 14:15:00,NATI
42.01,42.03,42.0,42.03,600,2021-07-21 14:16:00,NATI
42.05,42.05,42.05,42.05,200,2021-07-21 14:20:00,NATI
42.04,42.04,42.04,42.04,100,2021-07-21 14:23:00,NATI
42.045,42.07,42.045,42.07,1142,2021-07-21 14:24:00,NATI
42.05,42.05,42.03,42.03,741,2021-07-21 14:25:00,NATI
42.0,42.01,41.978,41.995,1256,2021-07-21 14:28:00,NATI
41.89,41.89,41.89,41.89,100,2021-07-21 14:30:00,NATI
41.91,41.92,41.91,41.92,300,2021-07-21 14:31:00,NATI
41.81,41.81,41.81,41.81,100,2021-07-21 14:32:00,NATI
41.82,41.85,41.82,41.825,702,2021-07-21 14:34:00,NATI
41.88,41.88,41.88,41.88,100,2021-07-21 14:37:00,NATI
41.91,41.92,41.91,41.91,800,2021-07-21 14:38:00,NATI
41.89,41.899,41.89,41.899,200,2021-07-21 14:39:00,NATI
41.91,41.91,41.87,41.87,200,2021-07-21 14:41:00,NATI
41.89,41.91,41.89,41.9,600,2021-07-21 14:43:00,NATI
41.9,41.9,41.88,41.88,449,2021-07-21 14:44:00,NATI
41.8,41.8,41.8,41.8,100,2021-07-21 14:46:00,NATI
41.75,41.75,41.75,41.75,100,2021-07-21 14:49:00,NATI
41.77,41.78,41.77,41.775,313,2021-07-21 14:50:00,NATI
41.74,41.74,41.74,41.74,100,2021-07-21 14:52:00,NATI
41.73,41.73,41.73,41.73,400,2021-07-21 14:53:00,NATI
41.701,41.706,41.672,41.68,1390,2021-07-21 14:54:00,NATI
41.75,41.75,41.75,41.75,200,2021-07-21 14:55:00,NATI
41.73,41.73,41.73,41.73,100,2021-07-21 14:59:00,NATI
41.72,41.79,41.72,41.79,1000,2021-07-21 15:00:00,NATI
41.809,41.81,41.809,41.81,200,2021-07-21 15:01:00,NATI
41.74,41.75,41.74,41.75,700,2021-07-21 15:05:00,NATI
41.79,41.79,41.79,41.79,100,2021-07-21 15:06:00,NATI
41.82,41.88,41.78,41.88,11349,2021-07-21 15:08:00,NATI
41.85,41.85,41.85,41.85,100,2021-07-21 15:10:00,NATI
41.82,41.82,41.82,41.82,300,2021-07-21 15:12:00,NATI
41.82,41.85,41.81,41.83,900,2021-07-21 15:15:00,NATI
41.84,41.84,41.84,41.84,100,2021-07-21 15:18:00,NATI
41.87,41.87,41.85,41.85,300,2021-07-21 15:19:00,NATI
41.865,41.865,41.865,41.865,200,2021-07-21 15:20:00,NATI
41.875,41.875,41.875,41.875,100,2021-07-21 15:22:00,NATI
41.9,41.9,41.9,41.9,300,2021-07-21 15:23:00,NATI
41.89,41.89,41.89,41.89,100,2021-07-21 15:24:00,NATI
41.88,41.92,41.88,41.92,200,2021-07-21 15:25:00,NATI
41.925,41.925,41.885,41.885,1132,2021-07-21 15:27:00,NATI
41.88,41.88,41.88,41.88,100,2021-07-21 15:30:00,NATI
41.9,41.9,41.9,41.9,200,2021-07-21 15:31:00,NATI
41.94,41.95,41.94,41.95,200,2021-07-21 15:34:00,NATI
41.965,41.98,41.965,41.98,400,2021-07-21 15:36:00,NATI
41.98,41.98,41.96,41.96,200,2021-07-21 15:39:00,NATI
41.96,41.96,41.95,41.95,244,2021-07-21 15:40:00,NATI
41.96,41.96,41.96,41.96,400,2021-07-21 15:41:00,NATI
41.97,41.99,41.97,41.98,600,2021-07-21 15:42:00,NATI
41.98,41.98,41.96,41.97,548,2021-07-21 15:46:00,NATI
41.98,42.0,41.98,42.0,551,2021-07-21 15:47:00,NATI
42.01,42.06,42.01,42.06,600,2021-07-21 15:48:00,NATI
42.04,42.04,42.04,42.04,200,2021-07-21 15:51:00,NATI
42.05,42.065,42.04,42.04,1000,2021-07-21 15:53:00,NATI
42.08,42.09,42.08,42.09,200,2021-07-21 15:54:00,NATI
42.05,42.05,42.05,42.05,100,2021-07-21 15:55:00,NATI
42.05,42.06,42.01,42.01,800,2021-07-21 15:56:00,NATI
42.005,42.005,42.005,42.005,100,2021-07-21 15:57:00,NATI
41.98,42.03,41.98,42.02,1000,2021-07-21 16:00:00,NATI
42.055,42.055,42.055,42.055,100,2021-07-21 16:02:00,NATI
42.07,42.08,42.07,42.08,400,2021-07-21 16:03:00,NATI
42.06,42.06,42.05,42.05,200,2021-07-21 16:04:00,NATI
42.02,42.07,42.02,42.07,1000,2021-07-21 16:06:00,NATI
42.04,42.04,42.04,42.04,400,2021-07-21 16:10:00,NATI
42.02,42.02,42.02,42.02,200,2021-07-21 16:12:00,NATI
42.03,42.03,42.03,42.03,200,2021-07-21 16:14:00,NATI
42.035,42.035,42.02,42.02,300,2021-07-21 16:16:00,NATI
42.035,42.035,42.035,42.035,400,2021-07-21 16:18:00,NATI
42.04,42.06,42.04,42.06,800,2021-07-21 16:20:00,NATI
42.04,42.07,42.04,42.07,200,2021-07-21 16:21:00,NATI
42.08,42.08,42.08,42.08,100,2021-07-21 16:22:00,NATI
42.09,42.09,42.07,42.07,600,2021-07-21 16:24:00,NATI
42.085,42.085,42.06,42.06,1200,2021-07-21 16:26:00,NATI
42.07,42.08,42.07,42.08,1100,2021-07-21 16:27:00,NATI
42.06,42.06,42.06,42.06,100,2021-07-21 16:28:00,NATI
42.05,42.08,42.05,42.08,1300,2021-07-21 16:32:00,NATI
42.09,42.09,42.05,42.05,1753,2021-07-21 16:34:00,NATI
42.06,42.07,42.06,42.07,800,2021-07-21 16:40:00,NATI
42.07,42.07,42.07,42.07,100,2021-07-21 16:42:00,NATI
42.09,42.09,42.09,42.09,200,2021-07-21 16:43:00,NATI
42.1,42.11,42.1,42.1,600,2021-07-21 16:44:00,NATI
42.11,42.12,42.11,42.12,739,2021-07-21 16:45:00,NATI
42.1,42.1,42.09,42.095,1143,2021-07-21 16:48:00,NATI
42.1,42.1,42.0942,42.1,1320,2021-07-21 16:50:00,NATI
42.1,42.1,42.1,42.1,100,2021-07-21 16:51:00,NATI
42.11,42.13,42.11,42.13,500,2021-07-21 16:52:00,NATI
42.11,42.1266,42.11,42.1266,370,2021-07-21 16:53:00,NATI
42.125,42.125,42.11,42.11,200,2021-07-21 16:54:00,NATI
42.11,42.13,42.09,42.09,3287,2021-07-21 16:56:00,NATI
42.1,42.11,42.1,42.11,400,2021-07-21 16:57:00,NATI
42.11,42.11,42.11,42.11,200,2021-07-21 16:58:00,NATI
42.12,42.14,42.12,42.14,700,2021-07-21 17:00:00,NATI
42.12,42.12,42.12,42.12,300,2021-07-21 17:02:00,NATI
42.115,42.13,42.115,42.13,800,2021-07-21 17:04:00,NATI
42.15,42.16,42.13,42.16,300,2021-07-21 17:07:00,NATI
42.17,42.17,42.17,42.17,100,2021-07-21 17:08:00,NATI
42.16,42.17,42.16,42.17,200,2021-07-21 17:09:00,NATI
42.16,42.16,42.12,42.12,700,2021-07-21 17:11:00,NATI
42.14,42.14,42.14,42.14,400,2021-07-21 17:12:00,NATI
42.13,42.135,42.13,42.135,400,2021-07-21 17:13:00,NATI
42.13,42.13,42.13,42.13,100,2021-07-21 17:14:00,NATI
42.15,42.16,42.15,42.15,1343,2021-07-21 17:15:00,NATI
42.14,42.14,42.14,42.14,500,2021-07-21 17:16:00,NATI
42.13,42.135,42.13,42.135,300,2021-07-21 17:18:00,NATI
42.121,42.15,42.121,42.15,274,2021-07-21 17:20:00,NATI
42.15,42.15,42.15,42.15,500,2021-07-21 17:22:00,NATI
42.145,42.145,42.145,42.145,300,2021-07-21 17:24:00,NATI
42.16,42.19,42.16,42.19,1000,2021-07-21 17:25:00,NATI
42.185,42.185,42.185,42.185,100,2021-07-21 17:26:00,NATI
42.17,42.17,42.17,42.17,200,2021-07-21 17:27:00,NATI
42.18,42.18,42.18,42.18,100,2021-07-21 17:29:00,NATI
42.185,42.185,42.185,42.185,100,2021-07-21 17:31:00,NATI
42.18,42.2,42.171,42.2,1437,2021-07-21 17:32:00,NATI
42.195,42.195,42.19,42.19,200,2021-07-21 17:34:00,NATI
42.17,42.17,42.165,42.165,200,2021-07-21 17:36:00,NATI
42.16,42.16,42.16,42.16,100,2021-07-21 17:37:00,NATI
42.16,42.16,42.16,42.16,200,2021-07-21 17:38:00,NATI
42.18,42.19,42.18,42.19,500,2021-07-21 17:39:00,NATI
42.18,42.18,42.18,42.18,200,2021-07-21 17:41:00,NATI
42.17,42.17,42.17,42.17,100,2021-07-21 17:44:00,NATI
42.18,42.18,42.18,42.18,400,2021-07-21 17:45:00,NATI
42.18,42.18,42.17,42.17,600,2021-07-21 17:46:00,NATI
42.19,42.19,42.19,42.19,200,2021-07-21 17:47:00,NATI
42.18,42.18,42.18,42.18,100,2021-07-21 17:49:00,NATI
42.18,42.18,42.18,42.18,200,2021-07-21 17:50:00,NATI
42.18,42.19,42.18,42.19,300,2021-07-21 17:52:00,NATI
42.18,42.19,42.18,42.19,200,2021-07-21 17:55:00,NATI
42.18,42.2,42.18,42.195,900,2021-07-21 17:57:00,NATI
42.18,42.18,42.18,42.18,100,2021-07-21 18:02:00,NATI
42.18,42.19,42.17,42.17,600,2021-07-21 18:03:00,NATI
42.18,42.2,42.18,42.2,1320,2021-07-21 18:05:00,NATI
42.21,42.21,42.2,42.2,200,2021-07-21 18:07:00,NATI
42.2,42.2,42.16,42.16,500,2021-07-21 18:09:00,NATI
42.16,42.16,42.16,42.16,200,2021-07-21 18:10:00,NATI
42.15,42.15,42.15,42.15,200,2021-07-21 18:12:00,NATI
42.135,42.135,42.135,42.135,400,2021-07-21 18:13:00,NATI
42.095,42.095,42.095,42.095,100,2021-07-21 18:15:00,NATI
42.12,42.14,42.12,42.14,950,2021-07-21 18:16:00,NATI
42.13,42.13,42.11,42.12,7900,2021-07-21 18:18:00,NATI
42.11,42.13,42.11,42.12,700,2021-07-21 18:21:00,NATI
42.12,42.15,42.12,42.15,688,2021-07-21 18:24:00,NATI
42.17,42.18,42.17,42.18,300,2021-07-21 18:27:00,NATI
42.18,42.18,42.18,42.18,120,2021-07-21 18:28:00,NATI
42.175,42.175,42.175,42.175,100,2021-07-21 18:29:00,NATI
42.18,42.185,42.18,42.185,200,2021-07-21 18:30:00,NATI
42.191,42.191,42.19,42.19,900,2021-07-21 18:31:00,NATI
42.17,42.171,42.17,42.17,2557,2021-07-21 18:32:00,NATI
42.16,42.16,42.16,42.16,100,2021-07-21 18:35:00,NATI
42.175,42.175,42.175,42.175,800,2021-07-21 18:38:00,NATI
42.175,42.175,42.175,42.175,200,2021-07-21 18:39:00,NATI
42.16,42.16,42.16,42.16,500,2021-07-21 18:40:00,NATI
42.15,42.17,42.15,42.155,400,2021-07-21 18:42:00,NATI
42.15,42.15,42.15,42.15,300,2021-07-21 18:43:00,NATI
42.13,42.13,42.13,42.13,100,2021-07-21 18:44:00,NATI
42.12,42.17,42.12,42.16,1400,2021-07-21 18:45:00,NATI
42.15,42.15,42.14,42.14,400,2021-07-21 18:48:00,NATI
42.15,42.15,42.15,42.15,217,2021-07-21 18:50:00,NATI
42.145,42.145,42.145,42.145,200,2021-07-21 18:51:00,NATI
42.14,42.15,42.14,42.14,511,2021-07-21 18:52:00,NATI
42.16,42.16,42.16,42.16,500,2021-07-21 18:53:00,NATI
42.17,42.19,42.17,42.19,700,2021-07-21 18:54:00,NATI
42.185,42.185,42.185,42.185,100,2021-07-21 18:57:00,NATI
42.185,42.185,42.185,42.185,200,2021-07-21 18:58:00,NATI
42.18,42.19,42.18,42.18,300,2021-07-21 19:00:00,NATI
42.185,42.185,42.18,42.18,600,2021-07-21 19:02:00,NATI
42.17,42.18,42.17,42.18,2100,2021-07-21 19:03:00,NATI
42.16,42.16,42.16,42.16,100,2021-07-21 19:05:00,NATI
42.155,42.155,42.13,42.13,716,2021-07-21 19:07:00,NATI
42.14,42.15,42.14,42.15,500,2021-07-21 19:08:00,NATI
42.13,42.14,42.13,42.14,300,2021-07-21 19:09:00,NATI
42.13,42.13,42.13,42.13,100,2021-07-21 19:10:00,NATI
42.135,42.135,42.135,42.135,200,2021-07-21 19:12:00,NATI
42.13,42.13,42.12,42.12,200,2021-07-21 19:13:00,NATI
42.12,42.13,42.12,42.13,484,2021-07-21 19:14:00,NATI
42.14,42.14,42.14,42.14,246,2021-07-21 19:15:00,NATI
42.15,42.165,42.15,42.16,600,2021-07-21 19:16:00,NATI
42.175,42.18,42.17,42.17,700,2021-07-21 19:18:00,NATI
42.17,42.17,42.17,42.17,200,2021-07-21 19:19:00,NATI
42.18,42.18,42.18,42.18,500,2021-07-21 19:20:00,NATI
42.18,42.18,42.18,42.18,200,2021-07-21 19:21:00,NATI
42.17,42.17,42.16,42.16,700,2021-07-21 19:22:00,NATI
42.17,42.17,42.17,42.17,100,2021-07-21 19:23:00,NATI
42.17,42.17,42.16,42.16,900,2021-07-21 19:24:00,NATI
42.16,42.16,42.15,42.15,300,2021-07-21 19:25:00,NATI
42.16,42.16,42.13,42.13,700,2021-07-21 19:26:00,NATI
42.14,42.14,42.13,42.13,300,2021-07-21 19:27:00,NATI
42.13,42.13,42.13,42.13,200,2021-07-21 19:28:00,NATI
42.12,42.14,42.12,42.14,1280,2021-07-21 19:29:00,NATI
42.14,42.14,42.14,42.14,300,2021-07-21 19:30:00,NATI
42.16,42.17,42.16,42.16,800,2021-07-21 19:31:00,NATI
42.15,42.15,42.15,42.15,400,2021-07-21 19:32:00,NATI
42.15,42.15,42.14,42.14,300,2021-07-21 19:33:00,NATI
42.14,42.14,42.14,42.14,1000,2021-07-21 19:34:00,NATI
42.14,42.15,42.14,42.15,322,2021-07-21 19:35:00,NATI
42.15,42.155,42.15,42.15,1000,2021-07-21 19:36:00,NATI
42.15,42.155,42.15,42.155,300,2021-07-21 19:37:00,NATI
42.155,42.155,42.13,42.13,900,2021-07-21 19:38:00,NATI
42.145,42.15,42.14,42.14,1025,2021-07-21 19:39:00,NATI
42.14,42.169,42.14,42.14,423,2021-07-21 19:40:00,NATI
42.16,42.16,42.16,42.16,100,2021-07-21 19:41:00,NATI
42.189,42.189,42.175,42.18,300,2021-07-21 19:42:00,NATI
42.17,42.17,42.16,42.17,740,2021-07-21 19:43:00,NATI
42.17,42.17,42.16,42.16,400,2021-07-21 19:44:00,NATI
42.18,42.18,42.18,42.18,208,2021-07-21 19:45:00,NATI
42.185,42.185,42.18,42.18,300,2021-07-21 19:46:00,NATI
42.19,42.19,42.17,42.17,485,2021-07-21 19:47:00,NATI
42.18,42.18,42.16,42.17,1005,2021-07-21 19:48:00,NATI
42.16,42.175,42.15,42.15,1100,2021-07-21 19:49:00,NATI
42.13,42.14,42.1,42.13,2739,2021-07-21 19:50:00,NATI
42.13,42.15,42.13,42.15,2319,2021-07-21 19:51:00,NATI
42.135,42.16,42.13,42.16,1550,2021-07-21 19:52:00,NATI
42.16,42.165,42.16,42.16,1414,2021-07-21 19:53:00,NATI
42.16,42.2,42.155,42.19,5771,2021-07-21 19:54:00,NATI
42.185,42.2,42.18,42.19,1327,2021-07-21 19:55:00,NATI
42.2,42.21,42.18,42.21,2845,2021-07-21 19:56:00,NATI
42.2,42.225,42.19,42.225,1861,2021-07-21 19:57:00,NATI
42.21,42.27,42.2,42.27,2478,2021-07-21 19:58:00,NATI
42.26,42.31,42.25,42.3,8490,2021-07-21 19:59:00,NATI
42.28,42.28,42.28,42.28,79731,2021-07-21 20:00:00,NATI
42.31,42.5,42.24,42.42,10001,2021-07-22 13:30:00,NATI
42.375,42.375,42.29,42.29,400,2021-07-22 13:31:00,NATI
42.25,42.25,42.25,42.25,100,2021-07-22 13:34:00,NATI
42.11,42.25,42.08,42.25,500,2021-07-22 13:35:00,NATI
42.19,42.21,42.19,42.21,200,2021-07-22 13:37:00,NATI
41.99,41.99,41.99,41.99,100,2021-07-22 13:38:00,NATI
42.23,42.23,42.23,42.23,100,2021-07-22 13:40:00,NATI
42.23,42.23,42.23,42.23,300,2021-07-22 13:43:00,NATI
42.17,42.17,42.17,42.17,100,2021-07-22 13:46:00,NATI
42.21,42.21,42.21,42.21,100,2021-07-22 13:47:00,NATI
42.08,42.08,42.08,42.08,100,2021-07-22 13:49:00,NATI
42.13,42.13,42.05,42.085,300,2021-07-22 13:51:00,NATI
42.04,42.04,42.04,42.04,100,2021-07-22 13:54:00,NATI
41.9143,41.99,41.91,41.91,876,2021-07-22 13:57:00,NATI
41.9,41.98,41.88,41.98,900,2021-07-22 13:59:00,NATI
41.96,42.09,41.92,41.99,600,2021-07-22 14:00:00,NATI
41.93,41.93,41.93,41.93,100,2021-07-22 14:01:00,NATI
41.91,41.91,41.88,41.88,300,2021-07-22 14:06:00,NATI
41.89,41.9,41.89,41.89,500,2021-07-22 14:08:00,NATI
41.93,41.93,41.93,41.93,157,2021-07-22 14:09:00,NATI
41.94,41.94,41.935,41.935,500,2021-07-22 14:10:00,NATI
41.96,41.96,41.96,41.96,100,2021-07-22 14:13:00,NATI
41.89,41.94,41.89,41.94,400,2021-07-22 14:15:00,NATI
41.93,41.93,41.93,41.93,100,2021-07-22 14:16:00,NATI
41.93,41.93,41.93,41.93,100,2021-07-22 14:18:00,NATI
41.89,41.95,41.89,41.95,1233,2021-07-22 14:19:00,NATI
41.94,41.94,41.885,41.89,812,2021-07-22 14:22:00,NATI
41.89,41.89,41.86,41.86,500,2021-07-22 14:24:00,NATI
41.82,41.82,41.82,41.82,100,2021-07-22 14:27:00,NATI
41.88,41.89,41.83,41.83,1000,2021-07-22 14:28:00,NATI
41.84,41.84,41.84,41.84,200,2021-07-22 14:29:00,NATI
41.845,41.845,41.845,41.845,200,2021-07-22 14:31:00,NATI
41.82,41.82,41.815,41.815,400,2021-07-22 14:32:00,NATI
41.83,41.83,41.83,41.83,100,2021-07-22 14:33:00,NATI
41.83,41.83,41.81,41.81,200,2021-07-22 14:34:00,NATI
41.81,41.81,41.77,41.79,800,2021-07-22 14:36:00,NATI
41.78,41.78,41.77,41.77,300,2021-07-22 14:38:00,NATI
41.785,41.785,41.785,41.785,200,2021-07-22 14:39:00,NATI
41.79,41.82,41.79,41.8,1000,2021-07-22 14:40:00,NATI
41.86,41.86,41.86,41.86,100,2021-07-22 14:43:00,NATI
41.865,41.865,41.865,41.865,286,2021-07-22 14:44:00,NATI
41.83,41.83,41.81,41.815,400,2021-07-22 14:45:00,NATI
41.805,41.805,41.805,41.805,206,2021-07-22 14:46:00,NATI
41.805,41.805,41.805,41.805,200,2021-07-22 14:47:00,NATI
41.79,41.79,41.785,41.79,300,2021-07-22 14:48:00,NATI
41.78,41.78,41.78,41.78,100,2021-07-22 14:50:00,NATI
41.75,41.75,41.75,41.75,320,2021-07-22 14:51:00,NATI
41.78,41.78,41.77,41.77,200,2021-07-22 14:52:00,NATI
41.76,41.77,41.76,41.77,200,2021-07-22 14:53:00,NATI
41.78,41.78,41.78,41.78,200,2021-07-22 14:54:00,NATI
41.795,41.795,41.795,41.795,100,2021-07-22 14:55:00,NATI
41.78,41.78,41.78,41.78,100,2021-07-22 14:56:00,NATI
41.75,41.75,41.75,41.75,100,2021-07-22 14:57:00,NATI
41.75,41.77,41.75,41.77,200,2021-07-22 14:58:00,NATI
41.725,41.73,41.72,41.72,471,2021-07-22 14:59:00,NATI
41.7057,41.7076,41.7057,41.7076,606,2021-07-22 15:01:00,NATI
41.67,41.67,41.67,41.67,100,2021-07-22 15:02:00,NATI
41.69,41.71,41.68,41.68,800,2021-07-22 15:03:00,NATI
41.69,41.69,41.69,41.69,100,2021-07-22 15:06:00,NATI
41.69,41.695,41.69,41.69,1000,2021-07-22 15:07:00,NATI
41.67,41.67,41.67,41.67,200,2021-07-22 15:08:00,NATI
41.65,41.65,41.65,41.65,200,2021-07-22 15:10:00,NATI
41.6,41.6,41.53,41.53,400,2021-07-22 15:13:00,NATI
41.55,41.55,41.55,41.55,200,2021-07-22 15:14:00,NATI
41.55,41.57,41.53,41.53,999,2021-07-22 15:15:00,NATI
41.53,41.53,41.53,41.53,100,2021-07-22 15:19:00,NATI
41.555,41.555,41.54,41.54,200,2021-07-22 15:20:00,NATI
41.54,41.54,41.54,41.54,300,2021-07-22 15:21:00,NATI
41.53,41.54,41.53,41.54,200,2021-07-22 15:22:00,NATI
41.54,41.54,41.52,41.53,300,2021-07-22 15:23:00,NATI
41.58,41.59,41.57,41.57,517,2021-07-22 15:24:00,NATI
41.58,41.58,41.58,41.58,100,2021-07-22 15:26:00,NATI
41.585,41.585,41.531,41.531,600,2021-07-22 15:27:00,NATI
41.515,41.55,41.515,41.55,400,2021-07-22 15:28:00,NATI
41.54,41.54,41.54,41.54,100,2021-07-22 15:29:00,NATI
41.56,41.56,41.56,41.56,100,2021-07-22 15:30:00,NATI
41.58,41.58,41.58,41.58,200,2021-07-22 15:31:00,NATI
41.57,41.57,41.57,41.57,200,2021-07-22 15:34:00,NATI
41.56,41.56,41.54,41.54,300,2021-07-22 15:35:00,NATI
41.54,41.55,41.54,41.55,200,2021-07-22 15:36:00,NATI
41.61,41.61,41.61,41.61,100,2021-07-22 15:37:00,NATI
41.55,41.57,41.55,41.57,800,2021-07-22 15:45:00,NATI
41.56,41.56,41.56,41.56,100,2021-07-22 15:47:00,NATI
41.59,41.6,41.57,41.59,400,2021-07-22 15:48:00,NATI
41.595,41.61,41.595,41.61,200,2021-07-22 15:49:00,NATI
41.59,41.59,41.59,41.59,100,2021-07-22 15:50:00,NATI
41.57,41.635,41.57,41.635,500,2021-07-22 15:51:00,NATI
41.63,41.63,41.63,41.63,100,2021-07-22 15:55:00,NATI
41.635,41.635,41.61,41.61,220,2021-07-22 15:56:00,NATI
41.64,41.64,41.64,41.64,100,2021-07-22 15:57:00,NATI
41.58,41.6,41.58,41.6,200,2021-07-22 15:58:00,NATI
41.6,41.63,41.6,41.63,200,2021-07-22 16:00:00,NATI
41.57,41.57,41.57,41.57,100,2021-07-22 16:01:00,NATI
41.54,41.54,41.53,41.53,200,2021-07-22 16:04:00,NATI
41.53,41.53,41.53,41.53,100,2021-07-22 16:06:00,NATI
41.53,41.53,41.51,41.51,253,2021-07-22 16:08:00,NATI
41.5,41.51,41.49,41.51,1033,2021-07-22 16:10:00,NATI
41.5,41.5,41.5,41.5,100,2021-07-22 16:11:00,NATI
41.511,41.511,41.511,41.511,500,2021-07-22 16:12:00,NATI
41.495,41.495,41.495,41.495,100,2021-07-22 16:15:00,NATI
41.48,41.485,41.47,41.48,500,2021-07-22 16:16:00,NATI
41.49,41.49,41.49,41.49,107,2021-07-22 16:17:00,NATI
41.46,41.46,41.46,41.46,100,2021-07-22 16:19:00,NATI
41.48,41.48,41.47,41.47,200,2021-07-22 16:20:00,NATI
41.48,41.48,41.48,41.48,300,2021-07-22 16:21:00,NATI
41.51,41.52,41.5,41.52,300,2021-07-22 16:23:00,NATI
41.56,41.56,41.545,41.55,300,2021-07-22 16:28:00,NATI
41.58,41.58,41.56,41.56,300,2021-07-22 16:30:00,NATI
41.62,41.62,41.62,41.62,200,2021-07-22 16:36:00,NATI
41.62,41.62,41.62,41.62,100,2021-07-22 16:38:00,NATI
41.62,41.64,41.59,41.59,2009,2021-07-22 16:39:00,NATI
41.6,41.6,41.6,41.6,100,2021-07-22 16:42:00,NATI
41.59,41.59,41.59,41.59,100,2021-07-22 16:44:00,NATI
41.58,41.585,41.58,41.585,500,2021-07-22 16:45:00,NATI
41.58,41.58,41.58,41.58,100,2021-07-22 16:48:00,NATI
41.57,41.57,41.57,41.57,100,2021-07-22 16:50:00,NATI
41.57,41.57,41.57,41.57,100,2021-07-22 16:51:00,NATI
41.59,41.59,41.59,41.59,300,2021-07-22 16:52:00,NATI
41.615,41.63,41.615,41.63,300,2021-07-22 16:56:00,NATI
41.62,41.62,41.62,41.62,100,2021-07-22 16:59:00,NATI
41.6,41.6,41.6,41.6,100,2021-07-22 17:00:00,NATI
41.615,41.63,41.615,41.63,300,2021-07-22 17:01:00,NATI
41.635,41.635,41.635,41.635,146,2021-07-22 17:06:00,NATI
41.64,41.64,41.64,41.64,100,2021-07-22 17:07:00,NATI
41.65,41.65,41.61,41.61,497,2021-07-22 17:09:00,NATI
41.63,41.63,41.63,41.63,200,2021-07-22 17:13:00,NATI
41.62,41.62,41.62,41.62,566,2021-07-22 17:15:00,NATI
41.6,41.615,41.6,41.615,200,2021-07-22 17:16:00,NATI
41.585,41.585,41.585,41.585,100,2021-07-22 17:18:00,NATI
41.58,41.6,41.58,41.5975,1300,2021-07-22 17:19:00,NATI
41.59,41.61,41.59,41.59,15611,2021-07-22 17:25:00,NATI
41.605,41.605,41.605,41.605,200,2021-07-22 17:26:00,NATI
41.61,41.61,41.61,41.61,100,2021-07-22 17:27:00,NATI
41.6199,41.6199,41.6199,41.6199,515,2021-07-22 17:28:00,NATI
41.63,41.63,41.63,41.63,200,2021-07-22 17:29:00,NATI
41.61,41.61,41.6,41.6,200,2021-07-22 17:30:00,NATI
41.6,41.6,41.6,41.6,101,2021-07-22 17:31:00,NATI
41.59,41.61,41.59,41.61,300,2021-07-22 17:32:00,NATI
41.63,41.63,41.63,41.63,200,2021-07-22 17:33:00,NATI
41.63,41.66,41.63,41.66,200,2021-07-22 17:34:00,NATI
41.65,41.65,41.65,41.65,200,2021-07-22 17:38:00,NATI
41.65,41.65,41.65,41.65,100,2021-07-22 17:39:00,NATI
41.63,41.63,41.63,41.63,100,2021-07-22 17:40:00,NATI
41.64,41.64,41.64,41.64,100,2021-07-22 17:41:00,NATI
41.62,41.62,41.62,41.62,100,2021-07-22 17:42:00,NATI
41.64,41.64,41.64,41.64,100,2021-07-22 17:43:00,NATI
41.63,41.63,41.62,41.63,400,2021-07-22 17:44:00,NATI
41.63,41.63,41.63,41.63,100,2021-07-22 17:45:00,NATI
41.63,41.63,41.63,41.63,300,2021-07-22 17:46:00,NATI
41.63,41.63,41.61,41.61,395,2021-07-22 17:47:00,NATI
41.6496,41.6496,41.6496,41.6496,167,2021-07-22 17:48:00,NATI
41.63,41.63,41.63,41.63,100,2021-07-22 17:49:00,NATI
41.62,41.62,41.61,41.61,1000,2021-07-22 17:54:00,NATI
41.625,41.64,41.625,41.64,300,2021-07-22 17:57:00,NATI
41.68,41.68,41.66,41.68,704,2021-07-22 17:59:00,NATI
41.67,41.67,41.67,41.67,300,2021-07-22 18:00:00,NATI
41.64,41.64,41.64,41.64,100,2021-07-22 18:01:00,NATI
41.67,41.67,41.67,41.67,100,2021-07-22 18:03:00,NATI
41.67,41.67,41.67,41.67,215,2021-07-22 18:04:00,NATI
41.67,41.67,41.67,41.67,100,2021-07-22 18:05:00,NATI
41.69,41.69,41.69,41.69,200,2021-07-22 18:06:00,NATI
41.69,41.69,41.655,41.67,1126,2021-07-22 18:08:00,NATI
41.7,41.7,41.7,41.7,100,2021-07-22 18:09:00,NATI
41.68,41.68,41.68,41.68,200,2021-07-22 18:12:00,NATI
41.685,41.685,41.685,41.685,200,2021-07-22 18:15:00,NATI
41.69,41.69,41.68,41.68,200,2021-07-22 18:17:00,NATI
41.685,41.685,41.685,41.685,100,2021-07-22 18:18:00,NATI
41.685,41.705,41.685,41.705,200,2021-07-22 18:19:00,NATI
41.68,41.69,41.67,41.67,500,2021-07-22 18:20:00,NATI
41.69,41.69,41.69,41.69,200,2021-07-22 18:21:00,NATI
41.7073,41.7073,41.7073,41.7073,280,2021-07-22 18:23:00,NATI
41.685,41.69,41.68,41.68,600,2021-07-22 18:24:00,NATI
41.68,41.68,41.675,41.675,700,2021-07-22 18:25:00,NATI
41.65,41.65,41.65,41.65,200,2021-07-22 18:27:00,NATI
41.635,41.66,41.635,41.66,400,2021-07-22 18:28:00,NATI
41.67,41.69,41.67,41.69,300,2021-07-22 18:30:00,NATI
41.685,41.685,41.685,41.685,100,2021-07-22 18:31:00,NATI
41.68,41.68,41.68,41.68,100,2021-07-22 18:32:00,NATI
41.68,41.68,41.68,41.68,200,2021-07-22 18:33:00,NATI
41.695,41.695,41.695,41.695,100,2021-07-22 18:35:00,NATI
41.69,41.69,41.69,41.69,300,2021-07-22 18:36:00,NATI
41.68,41.68,41.68,41.68,100,2021-07-22 18:37:00,NATI
41.685,41.685,41.685,41.685,100,2021-07-22 18:38:00,NATI
41.6977,41.6977,41.66,41.67,1532,2021-07-22 18:40:00,NATI
41.66,41.665,41.66,41.66,600,2021-07-22 18:41:00,NATI
41.66,41.66,41.66,41.66,100,2021-07-22 18:42:00,NATI
41.64,41.64,41.64,41.64,100,2021-07-22 18:43:00,NATI
41.665,41.665,41.665,41.665,100,2021-07-22 18:47:00,NATI
41.68,41.68,41.68,41.68,204,2021-07-22 18:48:00,NATI
41.66,41.66,41.655,41.655,700,2021-07-22 18:49:00,NATI
41.65,41.655,41.65,41.655,200,2021-07-22 18:50:00,NATI
41.65,41.665,41.65,41.665,200,2021-07-22 18:51:00,NATI
41.69,41.69,41.69,41.69,200,2021-07-22 18:55:00,NATI
41.7,41.7,41.7,41.7,100,2021-07-22 18:57:00,NATI
41.73,41.745,41.73,41.745,200,2021-07-22 18:59:00,NATI
41.73,41.73,41.73,41.73,200,2021-07-22 19:00:00,NATI
41.74,41.745,41.735,41.735,400,2021-07-22 19:01:00,NATI
41.715,41.715,41.715,41.715,100,2021-07-22 19:03:00,NATI
41.71,41.71,41.71,41.71,100,2021-07-22 19:04:00,NATI
41.71,41.72,41.71,41.72,300,2021-07-22 19:05:00,NATI
41.71,41.71,41.71,41.71,400,2021-07-22 19:06:00,NATI
41.705,41.705,41.7,41.7,200,2021-07-22 19:08:00,NATI
41.7,41.71,41.7,41.7,300,2021-07-22 19:09:00,NATI
41.71,41.71,41.69,41.705,1200,2021-07-22 19:10:00,NATI
41.71,41.74,41.71,41.74,1000,2021-07-22 19:11:00,NATI
41.73,41.73,41.73,41.73,102,2021-07-22 19:12:00,NATI
41.73,41.73,41.73,41.73,100,2021-07-22 19:14:00,NATI
41.74,41.75,41.74,41.75,200,2021-07-22 19:15:00,NATI
41.72,41.725,41.72,41.725,300,2021-07-22 19:16:00,NATI
41.72,41.72,41.71,41.72,645,2021-07-22 19:17:00,NATI
41.73,41.73,41.73,41.73,100,2021-07-22 19:18:00,NATI
41.73,41.735,41.72,41.72,687,2021-07-22 19:20:00,NATI
41.71,41.72,41.71,41.72,200,2021-07-22 19:23:00,NATI
41.71,41.71,41.695,41.7,1295,2021-07-22 19:24:00,NATI
41.7,41.71,41.7,41.71,300,2021-07-22 19:25:00,NATI
41.71,41.71,41.69,41.71,1000,2021-07-22 19:27:00,NATI
41.695,41.695,41.695,41.695,200,2021-07-22 19:28:00,NATI
41.71,41.715,41.71,41.71,500,2021-07-22 19:29:00,NATI
41.7,41.7,41.7,41.7,153,2021-07-22 19:30:00,NATI
41.7,41.7,41.68,41.68,989,2021-07-22 19:31:00,NATI
41.67,41.68,41.67,41.68,200,2021-07-22 19:32:00,NATI
41.68,41.695,41.68,41.695,412,2021-07-22 19:34:00,NATI
41.685,41.685,41.68,41.68,700,2021-07-22 19:35:00,NATI
41.68,41.68,41.66,41.66,659,2021-07-22 19:36:00,NATI
41.65,41.66,41.65,41.66,303,2021-07-22 19:37:00,NATI
41.68,41.68,41.68,41.68,100,2021-07-22 19:38:00,NATI
41.66,41.66,41.635,41.635,300,2021-07-22 19:39:00,NATI
41.625,41.625,41.61,41.61,400,2021-07-22 19:40:00,NATI
41.61,41.61,41.58,41.58,800,2021-07-22 19:41:00,NATI
41.59,41.59,41.59,41.59,100,2021-07-22 19:42:00,NATI
41.59,41.62,41.59,41.62,700,2021-07-22 19:43:00,NATI
41.65,41.65,41.63,41.63,404,2021-07-22 19:44:00,NATI
41.65,41.65,41.65,41.65,400,2021-07-22 19:45:00,NATI
41.64,41.66,41.64,41.66,802,2021-07-22 19:46:00,NATI
41.65,41.65,41.65,41.65,300,2021-07-22 19:47:00,NATI
41.64,41.64,41.625,41.625,500,2021-07-22 19:48:00,NATI
41.63,41.64,41.63,41.64,300,2021-07-22 19:49:00,NATI
41.63,41.63,41.6,41.61,946,2021-07-22 19:50:00,NATI
41.59,41.615,41.59,41.615,1084,2021-07-22 19:51:00,NATI
41.615,41.62,41.615,41.62,227,2021-07-22 19:52:00,NATI
41.615,41.615,41.61,41.61,1000,2021-07-22 19:53:00,NATI
41.61,41.645,41.605,41.645,2375,2021-07-22 19:54:00,NATI
41.65,41.67,41.65,41.67,3692,2021-07-22 19:55:00,NATI
41.66,41.7,41.655,41.655,1861,2021-07-22 19:56:00,NATI
41.64,41.66,41.635,41.66,1214,2021-07-22 19:57:00,NATI
41.66,41.66,41.655,41.66,500,2021-07-22 19:58:00,NATI
41.65,41.69,41.65,41.67,1922,2021-07-22 19:59:00,NATI
41.65,41.65,41.65,41.65,28492,2021-07-22 20:00:00,NATI
41.65,41.65,41.65,41.65,2926,2021-07-22 20:01:00,NATI
41.65,41.65,41.65,41.65,245,2021-07-22 20:02:00,NATI
41.9,42.12,41.9,42.11,2760,2021-07-23 13:30:00,NATI
41.97,41.97,41.97,41.97,100,2021-07-23 13:33:00,NATI
42.06,42.07,42.06,42.07,200,2021-07-23 13:39:00,NATI
41.97,41.97,41.97,41.97,100,2021-07-23 13:42:00,NATI
42.0,42.0,41.95,41.96,2728,2021-07-23 13:43:00,NATI
41.935,41.935,41.91,41.91,300,2021-07-23 13:46:00,NATI
41.89,41.9,41.89,41.9,300,2021-07-23 13:51:00,NATI
41.9,41.9,41.9,41.9,100,2021-07-23 13:52:00,NATI
41.87,41.87,41.87,41.87,300,2021-07-23 13:55:00,NATI
41.87,41.87,41.87,41.87,212,2021-07-23 13:56:00,NATI
41.87,41.87,41.865,41.865,500,2021-07-23 13:58:00,NATI
41.89,41.89,41.89,41.89,428,2021-07-23 13:59:00,NATI
41.9,41.9,41.86,41.88,1300,2021-07-23 14:00:00,NATI
41.905,41.965,41.905,41.965,580,2021-07-23 14:01:00,NATI
41.935,41.935,41.935,41.935,100,2021-07-23 14:02:00,NATI
41.91,41.935,41.875,41.875,500,2021-07-23 14:03:00,NATI
41.93,41.93,41.93,41.93,100,2021-07-23 14:04:00,NATI
41.91,41.91,41.91,41.91,100,2021-07-23 14:07:00,NATI
41.94,41.94,41.94,41.94,100,2021-07-23 14:12:00,NATI
41.875,41.875,41.855,41.855,200,2021-07-23 14:14:00,NATI
41.91,41.91,41.91,41.91,100,2021-07-23 14:16:00,NATI
41.94,41.95,41.91,41.92,500,2021-07-23 14:19:00,NATI
41.9,41.94,41.9,41.91,540,2021-07-23 14:24:00,NATI
41.95,41.95,41.945,41.945,200,2021-07-23 14:27:00,NATI
41.94,41.94,41.94,41.94,100,2021-07-23 14:29:00,NATI
41.95,41.98,41.95,41.98,300,2021-07-23 14:30:00,NATI
41.99,41.99,41.99,41.99,100,2021-07-23 14:31:00,NATI
42.02,42.02,42.0,42.0,500,2021-07-23 14:36:00,NATI
42.02,42.02,41.99,42.005,341,2021-07-23 14:37:00,NATI
42.03,42.03,42.03,42.03,205,2021-07-23 14:38:00,NATI
42.01,42.03,42.0,42.03,600,2021-07-23 14:40:00,NATI
42.025,42.025,42.025,42.025,100,2021-07-23 14:41:00,NATI
41.94,41.99,41.94,41.99,667,2021-07-23 14:48:00,NATI
41.96,41.96,41.96,41.96,100,2021-07-23 14:49:00,NATI
41.95,41.96,41.92,41.95,1493,2021-07-23 14:50:00,NATI
41.97,42.01,41.97,42.01,911,2021-07-23 14:51:00,NATI
41.97,41.97,41.97,41.97,100,2021-07-23 14:53:00,NATI
41.985,41.985,41.985,41.985,100,2021-07-23 14:57:00,NATI
41.98,41.98,41.98,41.98,100,2021-07-23 14:58:00,NATI
41.9882,41.9882,41.9882,41.9882,184,2021-07-23 15:00:00,NATI
42.02,42.02,42.01,42.02,705,2021-07-23 15:01:00,NATI
42.025,42.05,42.025,42.05,300,2021-07-23 15:02:00,NATI
42.11,42.11,42.06,42.06,500,2021-07-23 15:05:00,NATI
42.07,42.07,42.07,42.07,100,2021-07-23 15:06:00,NATI
42.09,42.09,42.065,42.065,341,2021-07-23 15:11:00,NATI
42.07,42.11,42.07,42.11,200,2021-07-23 15:12:00,NATI
42.14,42.14,42.14,42.14,217,2021-07-23 15:15:00,NATI
42.115,42.115,42.115,42.115,100,2021-07-23 15:18:00,NATI
42.11,42.13,42.11,42.13,300,2021-07-23 15:19:00,NATI
42.14,42.14,42.135,42.135,201,2021-07-23 15:22:00,NATI
42.13,42.13,42.13,42.13,100,2021-07-23 15:24:00,NATI
42.14,42.155,42.14,42.155,408,2021-07-23 15:29:00,NATI
42.2,42.22,42.19,42.22,758,2021-07-23 15:32:00,NATI
42.225,42.225,42.225,42.225,100,2021-07-23 15:33:00,NATI
42.19,42.19,42.18,42.18,300,2021-07-23 15:35:00,NATI
42.19,42.195,42.19,42.195,200,2021-07-23 15:36:00,NATI
42.2,42.23,42.2,42.2,800,2021-07-23 15:41:00,NATI
42.22,42.22,42.22,42.22,100,2021-07-23 15:42:00,NATI
42.19,42.19,42.17,42.17,300,2021-07-23 15:44:00,NATI
42.14,42.14,42.13,42.13,200,2021-07-23 15:47:00,NATI
42.14,42.14,42.14,42.14,142,2021-07-23 15:48:00,NATI
42.12,42.12,42.12,42.12,100,2021-07-23 15:52:00,NATI
42.11,42.15,42.11,42.15,1195,2021-07-23 15:53:00,NATI
42.16,42.1872,42.14,42.1872,1145,2021-07-23 15:54:00,NATI
42.22,42.22,42.22,42.22,100,2021-07-23 15:56:00,NATI
42.188,42.188,42.1779,42.1779,472,2021-07-23 15:57:00,NATI
42.17,42.19,42.17,42.19,300,2021-07-23 15:58:00,NATI
42.105,42.105,42.105,42.105,500,2021-07-23 16:08:00,NATI
42.105,42.13,42.105,42.105,400,2021-07-23 16:09:00,NATI
42.105,42.105,42.105,42.105,671,2021-07-23 16:12:00,NATI
42.13,42.17,42.13,42.17,1326,2021-07-23 16:13:00,NATI
42.15,42.175,42.15,42.175,200,2021-07-23 16:15:00,NATI
42.17,42.17,42.17,42.17,200,2021-07-23 16:16:00,NATI
42.175,42.2,42.175,42.19,300,2021-07-23 16:17:00,NATI
42.185,42.185,42.185,42.185,100,2021-07-23 16:21:00,NATI
42.185,42.185,42.185,42.185,100,2021-07-23 16:23:00,NATI
42.185,42.185,42.17,42.18,400,2021-07-23 16:25:00,NATI
42.19,42.19,42.19,42.19,100,2021-07-23 16:26:00,NATI
42.17,42.17,42.16,42.16,555,2021-07-23 16:27:00,NATI
42.17,42.17,42.17,42.17,100,2021-07-23 16:28:00,NATI
42.175,42.175,42.175,42.175,100,2021-07-23 16:30:00,NATI
42.16,42.18,42.15,42.16,700,2021-07-23 16:33:00,NATI
42.15,42.15,42.15,42.15,100,2021-07-23 16:35:00,NATI
42.145,42.17,42.145,42.17,500,2021-07-23 16:36:00,NATI
42.2,42.2,42.2,42.2,100,2021-07-23 16:38:00,NATI
42.195,42.22,42.195,42.22,200,2021-07-23 16:40:00,NATI
42.205,42.22,42.205,42.22,200,2021-07-23 16:41:00,NATI
42.19,42.205,42.19,42.2,400,2021-07-23 16:42:00,NATI
42.1696,42.1696,42.1696,42.1696,255,2021-07-23 16:43:00,NATI
42.19,42.19,42.19,42.19,100,2021-07-23 16:45:00,NATI
42.19,42.23,42.19,42.22,912,2021-07-23 16:47:00,NATI
42.225,42.25,42.225,42.25,474,2021-07-23 16:49:00,NATI
42.24,42.24,42.24,42.24,100,2021-07-23 16:50:00,NATI
42.245,42.26,42.245,42.26,988,2021-07-23 16:51:00,NATI
42.27,42.27,42.27,42.27,200,2021-07-23 16:52:00,NATI
42.23,42.23,42.21,42.21,250,2021-07-23 16:55:00,NATI
42.225,42.225,42.225,42.225,100,2021-07-23 16:56:00,NATI
42.22,42.22,42.22,42.22,200,2021-07-23 16:58:00,NATI
42.23,42.23,42.23,42.23,200,2021-07-23 16:59:00,NATI
42.21,42.21,42.21,42.21,200,2021-07-23 17:01:00,NATI
42.24,42.24,42.24,42.24,200,2021-07-23 17:02:00,NATI
42.24,42.25,42.23,42.25,800,2021-07-23 17:05:00,NATI
42.26,42.29,42.26,42.26,300,2021-07-23 17:08:00,NATI
42.25,42.25,42.24,42.24,650,2021-07-23 17:09:00,NATI
42.24,42.24,42.24,42.24,400,2021-07-23 17:10:00,NATI
42.25,42.25,42.25,42.25,100,2021-07-23 17:12:00,NATI
42.27,42.28,42.27,42.27,700,2021-07-23 17:13:00,NATI
42.28,42.29,42.28,42.28,317,2021-07-23 17:15:00,NATI
42.26,42.26,42.26,42.26,100,2021-07-23 17:16:00,NATI
42.26,42.27,42.26,42.27,400,2021-07-23 17:17:00,NATI
42.29,42.32,42.29,42.3,1630,2021-07-23 17:18:00,NATI
42.335,42.36,42.33,42.33,300,2021-07-23 17:20:00,NATI
42.335,42.335,42.335,42.335,100,2021-07-23 17:21:00,NATI
42.33,42.33,42.33,42.33,200,2021-07-23 17:22:00,NATI
42.36,42.36,42.34,42.34,200,2021-07-23 17:23:00,NATI
42.37,42.37,42.37,42.37,100,2021-07-23 17:24:00,NATI
42.35,42.35,42.35,42.35,100,2021-07-23 17:25:00,NATI
42.34,42.34,42.34,42.34,100,2021-07-23 17:26:00,NATI
42.35,42.37,42.33,42.35,1227,2021-07-23 17:28:00,NATI
42.3639,42.3639,42.33,42.33,668,2021-07-23 17:29:00,NATI
42.355,42.355,42.355,42.355,100,2021-07-23 17:33:00,NATI
42.33,42.33,42.33,42.33,100,2021-07-23 17:35:00,NATI
42.355,42.38,42.355,42.38,500,2021-07-23 17:36:00,NATI
42.37,42.37,42.37,42.37,100,2021-07-23 17:37:00,NATI
42.39,42.39,42.39,42.39,100,2021-07-23 17:38:00,NATI
42.38,42.38,42.38,42.38,200,2021-07-23 17:40:00,NATI
42.37,42.4,42.37,42.4,700,2021-07-23 17:41:00,NATI
42.36,42.36,42.36,42.36,500,2021-07-23 17:42:00,NATI
42.35,42.37,42.33,42.37,902,2021-07-23 17:43:00,NATI
42.37,42.37,42.37,42.37,200,2021-07-23 17:45:00,NATI
42.36,42.36,42.36,42.36,100,2021-07-23 17:46:00,NATI
42.38,42.39,42.38,42.39,200,2021-07-23 17:47:00,NATI
42.39,42.39,42.39,42.39,100,2021-07-23 17:48:00,NATI
42.4,42.41,42.4,42.41,206,2021-07-23 17:49:00,NATI
42.41,42.41,42.41,42.41,400,2021-07-23 17:52:00,NATI
42.41,42.415,42.39,42.39,1494,2021-07-23 17:53:00,NATI
42.41,42.41,42.37,42.375,400,2021-07-23 17:54:00,NATI
42.385,42.385,42.385,42.385,100,2021-07-23 17:55:00,NATI
42.41,42.46,42.41,42.44,1780,2021-07-23 17:56:00,NATI
42.42,42.42,42.41,42.41,300,2021-07-23 17:58:00,NATI
42.42,42.42,42.42,42.42,100,2021-07-23 17:59:00,NATI
42.42,42.42,42.42,42.42,100,2021-07-23 18:00:00,NATI
42.43,42.43,42.41,42.42,300,2021-07-23 18:01:00,NATI
42.43,42.45,42.43,42.45,819,2021-07-23 18:04:00,NATI
42.43,42.43,42.43,42.43,300,2021-07-23 18:05:00,NATI
42.41,42.41,42.405,42.405,400,2021-07-23 18:06:00,NATI
42.4,42.43,42.4,42.43,500,2021-07-23 18:07:00,NATI
42.43,42.44,42.4,42.41,1525,2021-07-23 18:09:00,NATI
42.42,42.42,42.4,42.4,300,2021-07-23 18:10:00,NATI
42.4201,42.43,42.4201,42.43,215,2021-07-23 18:12:00,NATI
42.4047,42.42,42.4,42.42,590,2021-07-23 18:13:00,NATI
42.39,42.42,42.39,42.4,1253,2021-07-23 18:15:00,NATI
42.4,42.42,42.395,42.395,1000,2021-07-23 18:19:00,NATI
42.395,42.395,42.395,42.395,721,2021-07-23 18:21:00,NATI
42.4,42.4,42.4,42.4,416,2021-07-23 18:22:00,NATI
42.4,42.4,42.39,42.39,600,2021-07-23 18:24:00,NATI
42.38,42.38,42.38,42.38,100,2021-07-23 18:25:00,NATI
42.41,42.41,42.39,42.4,1162,2021-07-23 18:26:00,NATI
42.42,42.42,42.4,42.4,603,2021-07-23 18:27:00,NATI
42.42,42.43,42.41,42.41,300,2021-07-23 18:30:00,NATI
42.41,42.41,42.41,42.41,200,2021-07-23 18:32:00,NATI
42.405,42.405,42.39,42.39,200,2021-07-23 18:33:00,NATI
42.405,42.405,42.405,42.405,100,2021-07-23 18:34:00,NATI
42.405,42.43,42.405,42.41,1500,2021-07-23 18:35:00,NATI
42.415,42.415,42.415,42.415,200,2021-07-23 18:36:00,NATI
42.415,42.43,42.415,42.42,1010,2021-07-23 18:38:00,NATI
42.43,42.43,42.43,42.43,315,2021-07-23 18:39:00,NATI
42.41,42.415,42.41,42.415,200,2021-07-23 18:40:00,NATI
42.44,42.44,42.44,42.44,100,2021-07-23 18:42:00,NATI
42.415,42.43,42.41,42.41,931,2021-07-23 18:43:00,NATI
42.425,42.425,42.425,42.425,200,2021-07-23 18:45:00,NATI
42.425,42.43,42.41,42.43,500,2021-07-23 18:46:00,NATI
42.42,42.42,42.42,42.42,200,2021-07-23 18:47:00,NATI
42.42,42.43,42.41,42.43,600,2021-07-23 18:49:00,NATI
42.42,42.42,42.42,42.42,1153,2021-07-23 18:53:00,NATI
42.425,42.425,42.42,42.42,200,2021-07-23 18:54:00,NATI
42.43,42.44,42.43,42.43,910,2021-07-23 18:55:00,NATI
42.43,42.43,42.43,42.43,100,2021-07-23 18:56:00,NATI
42.435,42.45,42.43,42.45,800,2021-07-23 18:57:00,NATI
42.43,42.445,42.42,42.42,858,2021-07-23 18:58:00,NATI
42.4195,42.43,42.4195,42.43,216,2021-07-23 19:00:00,NATI
42.42,42.42,42.41,42.41,400,2021-07-23 19:01:00,NATI
42.4,42.43,42.4,42.43,404,2021-07-23 19:02:00,NATI
42.43,42.43,42.43,42.43,100,2021-07-23 19:04:00,NATI
42.44,42.44,42.44,42.44,100,2021-07-23 19:05:00,NATI
42.41,42.41,42.41,42.41,811,2021-07-23 19:06:00,NATI
42.399,42.41,42.38,42.4,2122,2021-07-23 19:09:00,NATI
42.42,42.42,42.42,42.42,100,2021-07-23 19:10:00,NATI
42.41,42.41,42.4,42.4,400,2021-07-23 19:11:00,NATI
42.41,42.41,42.41,42.41,100,2021-07-23 19:12:00,NATI
42.405,42.405,42.405,42.405,100,2021-07-23 19:15:00,NATI
42.39,42.41,42.38,42.41,1934,2021-07-23 19:16:00,NATI
42.43,42.435,42.42,42.435,741,2021-07-23 19:20:00,NATI
42.43,42.43,42.43,42.43,100,2021-07-23 19:21:00,NATI
42.42,42.42,42.42,42.42,100,2021-07-23 19:22:00,NATI
42.41,42.42,42.405,42.42,600,2021-07-23 19:24:00,NATI
42.415,42.415,42.415,42.415,100,2021-07-23 19:25:00,NATI
42.42,42.43,42.42,42.42,1354,2021-07-23 19:26:00,NATI
42.43,42.44,42.42,42.42,1000,2021-07-23 19:27:00,NATI
42.41,42.41,42.39,42.39,800,2021-07-23 19:28:00,NATI
42.395,42.4,42.395,42.4,300,2021-07-23 19:29:00,NATI
42.41,42.43,42.41,42.43,977,2021-07-23 19:30:00,NATI
42.43,42.43,42.43,42.43,100,2021-07-23 19:31:00,NATI
42.42,42.42,42.42,42.42,100,2021-07-23 19:32:00,NATI
42.415,42.43,42.415,42.42,460,2021-07-23 19:33:00,NATI
42.44,42.44,42.44,42.44,860,2021-07-23 19:34:00,NATI
42.43,42.45,42.43,42.45,460,2021-07-23 19:35:00,NATI
42.43,42.43,42.43,42.43,190,2021-07-23 19:36:00,NATI
42.46,42.46,42.445,42.445,200,2021-07-23 19:37:00,NATI
42.44,42.44,42.44,42.44,100,2021-07-23 19:38:00,NATI
42.45,42.45,42.44,42.44,300,2021-07-23 19:39:00,NATI
42.45,42.45,42.435,42.435,1100,2021-07-23 19:40:00,NATI
42.44,42.455,42.44,42.455,1118,2021-07-23 19:41:00,NATI
42.45,42.45,42.435,42.435,1000,2021-07-23 19:42:00,NATI
42.42,42.46,42.42,42.46,690,2021-07-23 19:43:00,NATI
42.48,42.49,42.47,42.47,659,2021-07-23 19:44:00,NATI
42.475,42.505,42.475,42.505,1740,2021-07-23 19:45:00,NATI
42.505,42.505,42.48,42.48,2359,2021-07-23 19:46:00,NATI
42.48,42.5,42.48,42.5,400,2021-07-23 19:47:00,NATI
42.495,42.5,42.49,42.49,603,2021-07-23 19:48:00,NATI
42.5,42.5,42.49,42.5,300,2021-07-23 19:49:00,NATI
42.48,42.49,42.45,42.49,2994,2021-07-23 19:50:00,NATI
42.495,42.51,42.485,42.51,1843,2021-07-23 19:51:00,NATI
42.51,42.51,42.48,42.48,1338,2021-07-23 19:52:00,NATI
42.49,42.49,42.48,42.49,920,2021-07-23 19:53:00,NATI
42.49,42.51,42.48,42.5,3525,2021-07-23 19:54:00,NATI
42.49,42.49,42.47,42.49,2626,2021-07-23 19:55:00,NATI
42.49,42.5,42.48,42.48,1570,2021-07-23 19:56:00,NATI
42.48,42.49,42.48,42.48,1807,2021-07-23 19:57:00,NATI
42.475,42.49,42.46,42.48,1650,2021-07-23 19:58:00,NATI
42.49,42.52,42.48,42.52,1302,2021-07-23 19:59:00,NATI
42.49,42.49,42.49,42.49,33752,2021-07-23 20:00:00,NATI
42.49,42.49,42.49,42.49,158,2021-07-23 20:01:00,NATI
42.48,42.48,42.46,42.46,8287,2021-07-26 13:30:00,NATI
42.46,42.5,42.45,42.5,984,2021-07-26 13:31:00,NATI
42.41,42.41,42.41,42.41,100,2021-07-26 13:32:00,NATI
42.39,42.475,42.39,42.475,400,2021-07-26 13:33:00,NATI
42.475,42.475,42.475,42.475,100,2021-07-26 13:34:00,NATI
42.48,42.48,42.48,42.48,200,2021-07-26 13:35:00,NATI
42.4,42.4,42.4,42.4,300,2021-07-26 13:36:00,NATI
42.47,42.48,42.47,42.47,300,2021-07-26 13:39:00,NATI
42.41,42.41,42.41,42.41,100,2021-07-26 13:41:00,NATI
42.39,42.39,42.39,42.39,100,2021-07-26 13:42:00,NATI
42.37,42.37,42.37,42.37,100,2021-07-26 13:44:00,NATI
42.38,42.38,42.38,42.38,100,2021-07-26 13:46:00,NATI
42.29,42.3,42.29,42.3,200,2021-07-26 13:47:00,NATI
42.28,42.28,42.26,42.26,300,2021-07-26 13:50:00,NATI
42.29,42.32,42.29,42.32,300,2021-07-26 13:52:00,NATI
42.35,42.35,42.35,42.35,100,2021-07-26 13:54:00,NATI
42.3,42.33,42.3,42.33,296,2021-07-26 14:00:00,NATI
42.21,42.21,42.21,42.21,100,2021-07-26 14:01:00,NATI
42.21,42.21,42.21,42.21,100,2021-07-26 14:02:00,NATI
42.2,42.2,42.2,42.2,200,2021-07-26 14:03:00,NATI
42.23,42.24,42.17,42.22,3688,2021-07-26 14:04:00,NATI
42.18,42.19,42.18,42.19,900,2021-07-26 14:05:00,NATI
42.14,42.14,42.1,42.1,1513,2021-07-26 14:07:00,NATI
42.115,42.13,42.115,42.13,1806,2021-07-26 14:08:00,NATI
42.11,42.24,42.1,42.24,6544,2021-07-26 14:10:00,NATI
42.2,42.205,42.19,42.19,400,2021-07-26 14:11:00,NATI
42.15,42.15,42.15,42.15,300,2021-07-26 14:12:00,NATI
42.13,42.13,42.13,42.13,100,2021-07-26 14:13:00,NATI
42.13,42.13,42.13,42.13,200,2021-07-26 14:15:00,NATI
42.07,42.07,42.07,42.07,7250,2021-07-26 14:17:00,NATI
42.08,42.08,42.08,42.08,100,2021-07-26 14:18:00,NATI
42.0821,42.105,42.0821,42.105,854,2021-07-26 14:19:00,NATI
42.125,42.125,42.125,42.125,100,2021-07-26 14:20:00,NATI
42.17,42.17,42.17,42.17,200,2021-07-26 14:21:00,NATI
42.19,42.27,42.19,42.27,200,2021-07-26 14:22:00,NATI
42.15,42.15,42.1,42.1,200,2021-07-26 14:27:00,NATI
42.11,42.11,42.11,42.11,113,2021-07-26 14:29:00,NATI
42.14,42.15,42.12,42.14,800,2021-07-26 14:30:00,NATI
42.15,42.15,42.15,42.15,100,2021-07-26 14:31:00,NATI
42.0,42.0,42.0,42.0,199,2021-07-26 14:32:00,NATI
42.02,42.02,42.02,42.02,200,2021-07-26 14:33:00,NATI
42.02,42.03,42.02,42.03,500,2021-07-26 14:34:00,NATI
42.01,42.01,42.01,42.01,400,2021-07-26 14:36:00,NATI
41.9906,41.9906,41.99,41.99,400,2021-07-26 14:37:00,NATI
42.02,42.02,42.02,42.02,100,2021-07-26 14:38:00,NATI
41.99,41.99,41.99,41.99,100,2021-07-26 14:39:00,NATI
42.01,42.02,42.01,42.02,510,2021-07-26 14:40:00,NATI
42.05,42.05,42.03,42.03,297,2021-07-26 14:42:00,NATI
42.04,42.04,42.04,42.04,100,2021-07-26 14:43:00,NATI
42.0,42.0,42.0,42.0,200,2021-07-26 14:44:00,NATI
41.96,41.99,41.96,41.99,295,2021-07-26 14:46:00,NATI
42.0,42.0,42.0,42.0,300,2021-07-26 14:47:00,NATI
41.99,41.99,41.99,41.99,300,2021-07-26 14:48:00,NATI
42.01,42.01,42.01,42.01,100,2021-07-26 14:49:00,NATI
41.975,41.975,41.975,41.975,100,2021-07-26 14:50:00,NATI
42.01,42.01,42.005,42.005,200,2021-07-26 14:55:00,NATI
42.02,42.02,42.02,42.02,300,2021-07-26 14:58:00,NATI
42.0,42.0,42.0,42.0,100,2021-07-26 14:59:00,NATI
41.97,41.97,41.97,41.97,100,2021-07-26 15:00:00,NATI
41.95,42.01,41.94,42.01,801,2021-07-26 15:01:00,NATI
42.025,42.025,42.005,42.005,1173,2021-07-26 15:02:00,NATI
41.975,41.985,41.975,41.985,200,2021-07-26 15:03:00,NATI
41.99,42.0,41.98,41.98,400,2021-07-26 15:04:00,NATI
42.0,42.0,42.0,42.0,100,2021-07-26 15:05:00,NATI
42.0,42.0,42.0,42.0,100,2021-07-26 15:06:00,NATI
42.02,42.04,42.02,42.04,627,2021-07-26 15:08:00,NATI
42.11,42.11,42.11,42.11,100,2021-07-26 15:14:00,NATI
42.135,42.135,42.135,42.135,100,2021-07-26 15:16:00,NATI
42.13,42.13,42.13,42.13,100,2021-07-26 15:17:00,NATI
42.16,42.17,42.16,42.17,500,2021-07-26 15:18:00,NATI
42.155,42.155,42.155,42.155,300,2021-07-26 15:19:00,NATI
42.14,42.15,42.14,42.15,400,2021-07-26 15:20:00,NATI
42.11,42.11,42.11,42.11,400,2021-07-26 15:21:00,NATI
42.09,42.1,42.09,42.1,400,2021-07-26 15:23:00,NATI
42.07,42.07,42.04,42.06,400,2021-07-26 15:26:00,NATI
42.05,42.07,42.05,42.07,500,2021-07-26 15:27:00,NATI
42.07,42.1,42.07,42.09,300,2021-07-26 15:28:00,NATI
42.09,42.14,42.085,42.14,900,2021-07-26 15:30:00,NATI
42.095,42.095,42.095,42.095,134,2021-07-26 15:36:00,NATI
42.11,42.15,42.1,42.14,1200,2021-07-26 15:37:00,NATI
42.14,42.14,42.12,42.12,500,2021-07-26 15:41:00,NATI
42.1,42.1,42.1,42.1,100,2021-07-26 15:42:00,NATI
42.1,42.1,42.095,42.095,300,2021-07-26 15:45:00,NATI
42.1,42.12,42.1,42.1,600,2021-07-26 15:46:00,NATI
42.12,42.12,42.12,42.12,100,2021-07-26 15:48:00,NATI
42.1,42.1,42.1,42.1,200,2021-07-26 15:50:00,NATI
42.09,42.12,42.065,42.09,4523,2021-07-26 15:53:00,NATI
42.1,42.105,42.1,42.105,303,2021-07-26 15:55:00,NATI
42.11,42.13,42.11,42.12,1353,2021-07-26 15:56:00,NATI
42.14,42.14,42.14,42.14,100,2021-07-26 15:59:00,NATI
42.1,42.1,42.09,42.09,300,2021-07-26 16:01:00,NATI
42.12,42.12,42.12,42.12,400,2021-07-26 16:05:00,NATI
42.105,42.105,42.105,42.105,100,2021-07-26 16:07:00,NATI
42.11,42.13,42.11,42.13,1001,2021-07-26 16:10:00,NATI
42.13,42.13,42.13,42.13,100,2021-07-26 16:11:00,NATI
42.1,42.12,42.1,42.12,503,2021-07-26 16:15:00,NATI
42.09,42.09,42.07,42.07,253,2021-07-26 16:16:00,NATI
42.065,42.07,42.065,42.07,600,2021-07-26 16:17:00,NATI
42.07,42.08,42.07,42.08,305,2021-07-26 16:21:00,NATI
42.08,42.08,42.08,42.08,300,2021-07-26 16:22:00,NATI
42.09,42.09,42.09,42.09,100,2021-07-26 16:23:00,NATI
42.09,42.12,42.09,42.12,1500,2021-07-26 16:25:00,NATI
42.12,42.12,42.12,42.12,200,2021-07-26 16:26:00,NATI
42.13,42.13,42.13,42.13,100,2021-07-26 16:27:00,NATI
42.13,42.13,42.13,42.13,100,2021-07-26 16:28:00,NATI
42.14,42.14,42.14,42.14,100,2021-07-26 16:29:00,NATI
42.14,42.14,42.14,42.14,100,2021-07-26 16:30:00,NATI
42.14,42.16,42.14,42.16,300,2021-07-26 16:31:00,NATI
42.15,42.15,42.15,42.15,100,2021-07-26 16:32:00,NATI
42.14,42.14,42.135,42.135,200,2021-07-26 16:33:00,NATI
42.12,42.12,42.11,42.12,427,2021-07-26 16:35:00,NATI
42.12,42.12,42.12,42.12,290,2021-07-26 16:36:00,NATI
42.12,42.12,42.12,42.12,300,2021-07-26 16:38:00,NATI
42.125,42.125,42.125,42.125,200,2021-07-26 16:39:00,NATI
42.1,42.12,42.08,42.08,500,2021-07-26 16:41:00,NATI
42.09,42.1,42.09,42.1,800,2021-07-26 16:42:00,NATI
42.1,42.1,42.1,42.1,100,2021-07-26 16:44:00,NATI
42.1,42.1,42.1,42.1,100,2021-07-26 16:45:00,NATI
42.08,42.09,42.08,42.09,300,2021-07-26 16:46:00,NATI
42.08,42.08,42.08,42.08,100,2021-07-26 16:47:00,NATI
42.105,42.105,42.105,42.105,100,2021-07-26 16:49:00,NATI
42.1,42.1,42.1,42.1,200,2021-07-26 16:51:00,NATI
42.07,42.08,42.07,42.08,809,2021-07-26 16:53:00,NATI
42.08,42.08,42.08,42.08,300,2021-07-26 16:54:00,NATI
42.13,42.13,42.13,42.13,182,2021-07-26 16:57:00,NATI
42.105,42.105,42.105,42.105,117,2021-07-26 17:02:00,NATI
42.08,42.105,42.08,42.105,677,2021-07-26 17:04:00,NATI
42.08,42.1,42.08,42.1,1300,2021-07-26 17:06:00,NATI
42.14,42.14,42.14,42.14,100,2021-07-26 17:08:00,NATI
42.1767,42.1767,42.13,42.13,212,2021-07-26 17:10:00,NATI
42.13,42.13,42.13,42.13,100,2021-07-26 17:11:00,NATI
42.1179,42.13,42.1179,42.13,618,2021-07-26 17:12:00,NATI
42.11,42.11,42.11,42.11,100,2021-07-26 17:16:00,NATI
42.105,42.12,42.105,42.12,300,2021-07-26 17:20:00,NATI
42.12,42.19,42.12,42.18,8853,2021-07-26 17:21:00,NATI
42.175,42.175,42.14,42.14,1317,2021-07-26 17:22:00,NATI
42.1433,42.156,42.1433,42.156,365,2021-07-26 17:23:00,NATI
42.14,42.14,42.14,42.14,300,2021-07-26 17:24:00,NATI
42.14,42.14,42.14,42.14,100,2021-07-26 17:25:00,NATI
42.14,42.14,42.14,42.14,200,2021-07-26 17:26:00,NATI
42.105,42.105,42.06,42.06,13000,2021-07-26 17:29:00,NATI
42.06,42.06,42.03,42.03,3997,2021-07-26 17:30:00,NATI
42.03,42.03,41.97,41.97,1000,2021-07-26 17:32:00,NATI
41.98,41.995,41.98,41.985,2700,2021-07-26 17:33:00,NATI
41.985,41.985,41.985,41.985,200,2021-07-26 17:35:00,NATI
41.97,41.97,41.97,41.97,400,2021-07-26 17:36:00,NATI
41.965,41.98,41.965,41.98,1000,2021-07-26 17:39:00,NATI
41.99,41.99,41.99,41.99,100,2021-07-26 17:41:00,NATI
41.98,41.98,41.98,41.98,200,2021-07-26 17:42:00,NATI
41.96,41.96,41.96,41.96,200,2021-07-26 17:43:00,NATI
41.96,41.96,41.94,41.94,693,2021-07-26 17:45:00,NATI
41.95,41.95,41.95,41.95,126,2021-07-26 17:46:00,NATI
41.945,41.945,41.945,41.945,163,2021-07-26 17:47:00,NATI
41.95,41.96,41.95,41.96,500,2021-07-26 17:48:00,NATI
41.955,41.98,41.955,41.98,1608,2021-07-26 17:49:00,NATI
41.98,41.98,41.98,41.98,133,2021-07-26 17:51:00,NATI
41.98,41.98,41.98,41.98,100,2021-07-26 17:52:00,NATI
41.98,41.98,41.98,41.98,200,2021-07-26 17:53:00,NATI
41.975,41.98,41.975,41.98,200,2021-07-26 17:55:00,NATI
41.98,41.98,41.97,41.97,1114,2021-07-26 17:56:00,NATI
41.98,42.0,41.98,42.0,600,2021-07-26 17:57:00,NATI
42.0,42.0,42.0,42.0,400,2021-07-26 18:00:00,NATI
41.98,41.98,41.98,41.98,700,2021-07-26 18:02:00,NATI
41.97,41.97,41.97,41.97,100,2021-07-26 18:04:00,NATI
41.98,41.99,41.97,41.975,2740,2021-07-26 18:09:00,NATI
42.0,42.0,41.96,41.96,4601,2021-07-26 18:11:00,NATI
41.96,41.96,41.9,41.92,1200,2021-07-26 18:15:00,NATI
41.92,41.95,41.92,41.945,1609,2021-07-26 18:16:00,NATI
41.95,41.95,41.95,41.95,600,2021-07-26 18:17:00,NATI
41.98,41.98,41.98,41.98,100,2021-07-26 18:18:00,NATI
41.97,41.97,41.97,41.97,500,2021-07-26 18:19:00,NATI
41.99,41.99,41.99,41.99,200,2021-07-26 18:24:00,NATI
42.015,42.015,42.015,42.015,400,2021-07-26 18:25:00,NATI
42.015,42.015,41.99,41.99,200,2021-07-26 18:26:00,NATI
41.99,41.99,41.961,41.961,300,2021-07-26 18:27:00,NATI
41.985,41.985,41.985,41.985,100,2021-07-26 18:28:00,NATI
42.0,42.0,42.0,42.0,900,2021-07-26 18:29:00,NATI
42.0,42.0024,42.0,42.0,334,2021-07-26 18:30:00,NATI
42.01,42.01,41.985,42.0,1313,2021-07-26 18:31:00,NATI
42.005,42.02,42.0,42.0,1000,2021-07-26 18:34:00,NATI
42.005,42.005,41.99,41.99,600,2021-07-26 18:35:00,NATI
41.98,41.98,41.95,41.95,300,2021-07-26 18:38:00,NATI
41.97,41.97,41.97,41.97,100,2021-07-26 18:39:00,NATI
41.965,41.98,41.965,41.98,283,2021-07-26 18:40:00,NATI
42.01,42.01,42.01,42.01,100,2021-07-26 18:43:00,NATI
41.96,41.96,41.96,41.96,100,2021-07-26 18:44:00,NATI
41.97,41.975,41.97,41.975,700,2021-07-26 18:45:00,NATI
41.975,41.975,41.975,41.975,300,2021-07-26 18:46:00,NATI
41.97,41.97,41.97,41.97,300,2021-07-26 18:47:00,NATI
41.96,41.96,41.93,41.93,1575,2021-07-26 18:48:00,NATI
41.93,41.93,41.91,41.91,1282,2021-07-26 18:51:00,NATI
41.91,41.91,41.91,41.91,200,2021-07-26 18:52:00,NATI
41.9,41.9,41.9,41.9,100,2021-07-26 18:53:00,NATI
41.92,41.92,41.905,41.905,200,2021-07-26 18:54:00,NATI
41.89,41.945,41.89,41.93,1875,2021-07-26 18:55:00,NATI
41.93,41.93,41.91,41.92,405,2021-07-26 18:57:00,NATI
41.935,41.935,41.935,41.935,127,2021-07-26 18:58:00,NATI
41.91,41.91,41.91,41.91,100,2021-07-26 18:59:00,NATI
41.93,41.93,41.93,41.93,100,2021-07-26 19:00:00,NATI
41.92,41.92,41.91,41.92,400,2021-07-26 19:02:00,NATI
41.915,41.915,41.915,41.915,100,2021-07-26 19:03:00,NATI
41.93,41.93,41.89,41.915,1149,2021-07-26 19:05:00,NATI
41.91,41.91,41.89,41.89,300,2021-07-26 19:06:00,NATI
41.88,41.88,41.85,41.85,500,2021-07-26 19:07:00,NATI
41.84,41.85,41.84,41.85,200,2021-07-26 19:08:00,NATI
41.855,41.87,41.855,41.87,600,2021-07-26 19:09:00,NATI
41.875,41.89,41.87,41.875,661,2021-07-26 19:10:00,NATI
41.875,41.88,41.87,41.88,2346,2021-07-26 19:11:00,NATI
41.89,41.925,41.89,41.92,1405,2021-07-26 19:12:00,NATI
41.94,41.955,41.94,41.955,600,2021-07-26 19:14:00,NATI
41.955,41.96,41.955,41.955,1110,2021-07-26 19:15:00,NATI
41.98,41.98,41.97,41.97,800,2021-07-26 19:17:00,NATI
41.97,41.97,41.965,41.97,500,2021-07-26 19:18:00,NATI
41.97,41.97,41.97,41.97,200,2021-07-26 19:19:00,NATI
41.97,41.97,41.97,41.97,100,2021-07-26 19:20:00,NATI
41.97,41.97,41.97,41.97,200,2021-07-26 19:21:00,NATI
41.97,41.97,41.95,41.95,864,2021-07-26 19:23:00,NATI
41.96,41.97,41.96,41.97,300,2021-07-26 19:24:00,NATI
41.97,41.98,41.97,41.97,700,2021-07-26 19:25:00,NATI
41.99,41.99,41.99,41.99,100,2021-07-26 19:26:00,NATI
41.99,41.99,41.99,41.99,200,2021-07-26 19:27:00,NATI
42.0,42.0,41.995,41.995,511,2021-07-26 19:28:00,NATI
41.99,41.99,41.99,41.99,100,2021-07-26 19:30:00,NATI
41.99,41.99,41.97,41.97,1119,2021-07-26 19:31:00,NATI
41.97,41.98,41.97,41.97,400,2021-07-26 19:32:00,NATI
41.98,41.98,41.98,41.98,100,2021-07-26 19:33:00,NATI
41.97,41.97,41.97,41.97,200,2021-07-26 19:34:00,NATI
41.98,41.985,41.98,41.98,909,2021-07-26 19:35:00,NATI
41.97,41.97,41.97,41.97,500,2021-07-26 19:36:00,NATI
41.96,41.96,41.93,41.93,615,2021-07-26 19:37:00,NATI
41.92,41.92,41.92,41.92,600,2021-07-26 19:38:00,NATI
41.911,41.911,41.91,41.91,539,2021-07-26 19:39:00,NATI
41.9,41.91,41.9,41.91,500,2021-07-26 19:40:00,NATI
41.91,41.91,41.89,41.89,1300,2021-07-26 19:41:00,NATI
41.9,41.9,41.89,41.89,400,2021-07-26 19:42:00,NATI
41.89,41.89,41.88,41.88,200,2021-07-26 19:43:00,NATI
41.87,41.87,41.87,41.87,500,2021-07-26 19:44:00,NATI
41.87,41.87,41.84,41.84,900,2021-07-26 19:45:00,NATI
41.84,41.84,41.8,41.8,1300,2021-07-26 19:46:00,NATI
41.81,41.86,41.81,41.85,4020,2021-07-26 19:47:00,NATI
41.85,41.85,41.83,41.84,800,2021-07-26 19:48:00,NATI
41.83,41.83,41.825,41.825,800,2021-07-26 19:49:00,NATI
41.81,41.84,41.78,41.84,4433,2021-07-26 19:50:00,NATI
41.84,41.84,41.83,41.84,745,2021-07-26 19:51:00,NATI
41.83,41.84,41.825,41.835,1900,2021-07-26 19:52:00,NATI
41.83,41.835,41.8,41.835,4305,2021-07-26 19:53:00,NATI
41.84,41.865,41.72,41.83,21233,2021-07-26 19:54:00,NATI
41.82,41.82,41.78,41.81,5129,2021-07-26 19:55:00,NATI
41.82,41.85,41.81,41.84,7800,2021-07-26 19:56:00,NATI
41.845,41.845,41.815,41.83,5037,2021-07-26 19:57:00,NATI
41.84,41.84,41.835,41.84,3960,2021-07-26 19:58:00,NATI
41.84,41.89,41.84,41.89,7801,2021-07-26 19:59:00,NATI
41.86,41.86,41.86,41.86,113406,2021-07-26 20:00:00,NATI
41.86,41.86,41.86,41.86,206,2021-07-26 20:01:00,NATI
41.79,41.98,41.79,41.98,3120,2021-07-27 13:30:00,NATI
41.93,41.95,41.9,41.92,900,2021-07-27 13:31:00,NATI
41.92,41.95,41.75,41.76,4344,2021-07-27 13:32:00,NATI
41.84,41.84,41.79,41.79,278,2021-07-27 13:33:00,NATI
41.82,41.83,41.82,41.83,200,2021-07-27 13:34:00,NATI
41.87,41.96,41.87,41.96,700,2021-07-27 13:35:00,NATI
41.89,41.89,41.89,41.89,100,2021-07-27 13:36:00,NATI
41.79,41.79,41.75,41.75,303,2021-07-27 13:38:00,NATI
41.73,41.73,41.73,41.73,100,2021-07-27 13:39:00,NATI
41.68,41.69,41.68,41.69,200,2021-07-27 13:42:00,NATI
41.675,41.675,41.675,41.675,100,2021-07-27 13:45:00,NATI
41.73,41.73,41.73,41.73,100,2021-07-27 13:46:00,NATI
41.655,41.68,41.655,41.68,200,2021-07-27 13:47:00,NATI
41.72,41.76,41.72,41.76,200,2021-07-27 13:50:00,NATI
41.715,41.715,41.715,41.715,163,2021-07-27 13:51:00,NATI
41.705,41.705,41.705,41.705,250,2021-07-27 13:52:00,NATI
41.76,41.76,41.76,41.76,100,2021-07-27 13:56:00,NATI
41.745,41.8,41.74,41.8,1200,2021-07-27 13:57:00,NATI
41.8,42.26,41.8,41.91,35056,2021-07-27 13:58:00,NATI
41.94,41.94,41.94,41.94,200,2021-07-27 13:59:00,NATI
42.0,42.0,41.8401,41.86,1797,2021-07-27 14:00:00,NATI
41.87,41.87,41.8601,41.87,800,2021-07-27 14:02:00,NATI
41.88,41.88,41.8,41.87,1300,2021-07-27 14:03:00,NATI
41.87,41.87,41.87,41.87,200,2021-07-27 14:04:00,NATI
41.84,41.84,41.8,41.8,902,2021-07-27 14:05:00,NATI
41.74,41.74,41.57,41.685,4664,2021-07-27 14:06:00,NATI
41.65,41.65,41.65,41.65,100,2021-07-27 14:07:00,NATI
41.63,41.63,41.6,41.6,200,2021-07-27 14:08:00,NATI
41.6,41.6,41.6,41.6,200,2021-07-27 14:10:00,NATI
41.5,41.5,41.41,41.41,1098,2021-07-27 14:13:00,NATI
41.46,41.47,41.38,41.42,900,2021-07-27 14:14:00,NATI
41.43,41.43,41.43,41.43,100,2021-07-27 14:17:00,NATI
41.51,41.51,41.51,41.51,100,2021-07-27 14:18:00,NATI
41.54,41.54,41.54,41.54,400,2021-07-27 14:20:00,NATI
41.44,41.52,41.44,41.51,400,2021-07-27 14:21:00,NATI
41.565,41.565,41.565,41.565,200,2021-07-27 14:23:00,NATI
41.565,41.565,41.565,41.565,100,2021-07-27 14:25:00,NATI
41.5481,41.5481,41.54,41.54,394,2021-07-27 14:26:00,NATI
41.555,41.555,41.5401,41.5401,200,2021-07-27 14:27:00,NATI
41.56,41.56,41.55,41.56,601,2021-07-27 14:28:00,NATI
41.55,41.55,41.55,41.55,100,2021-07-27 14:29:00,NATI
41.51,41.54,41.51,41.54,400,2021-07-27 14:31:00,NATI
41.54,41.54,41.54,41.54,300,2021-07-27 14:32:00,NATI
41.54,41.6,41.54,41.6,418,2021-07-27 14:33:00,NATI
41.59,41.59,41.59,41.59,100,2021-07-27 14:35:00,NATI
41.6,41.625,41.58,41.58,958,2021-07-27 14:36:00,NATI
41.58,41.595,41.58,41.595,200,2021-07-27 14:37:00,NATI
41.605,41.605,41.6,41.6,200,2021-07-27 14:39:00,NATI
41.55,41.55,41.55,41.55,100,2021-07-27 14:40:00,NATI
41.56,41.56,41.56,41.56,100,2021-07-27 14:41:00,NATI
41.54,41.55,41.54,41.55,654,2021-07-27 14:42:00,NATI
41.545,41.545,41.545,41.545,200,2021-07-27 14:44:00,NATI
41.5,41.5,41.5,41.5,100,2021-07-27 14:45:00,NATI
41.51,41.51,41.51,41.51,100,2021-07-27 14:46:00,NATI
41.55,41.57,41.55,41.57,500,2021-07-27 14:48:00,NATI
41.57,41.59,41.56,41.59,1210,2021-07-27 14:49:00,NATI
41.59,41.59,41.59,41.59,103,2021-07-27 14:50:00,NATI
41.615,41.615,41.615,41.615,100,2021-07-27 14:51:00,NATI
41.59,41.59,41.59,41.59,200,2021-07-27 14:52:00,NATI
41.595,41.64,41.595,41.64,500,2021-07-27 14:53:00,NATI
41.61,41.61,41.61,41.61,100,2021-07-27 14:54:00,NATI
41.62,41.645,41.62,41.645,200,2021-07-27 14:55:00,NATI
41.69,41.69,41.66,41.66,200,2021-07-27 14:56:00,NATI
41.67,41.675,41.67,41.675,200,2021-07-27 14:57:00,NATI
41.72,41.72,41.72,41.72,100,2021-07-27 14:58:00,NATI
41.69,41.69,41.69,41.69,600,2021-07-27 14:59:00,NATI
41.67,41.67,41.665,41.665,200,2021-07-27 15:00:00,NATI
41.73,41.73,41.73,41.73,100,2021-07-27 15:01:00,NATI
41.695,41.695,41.695,41.695,100,2021-07-27 15:02:00,NATI
41.695,41.695,41.695,41.695,300,2021-07-27 15:03:00,NATI
41.695,41.695,41.695,41.695,100,2021-07-27 15:04:00,NATI
41.69,41.695,41.69,41.69,300,2021-07-27 15:05:00,NATI
41.69,41.69,41.675,41.675,300,2021-07-27 15:06:00,NATI
41.68,41.68,41.68,41.68,100,2021-07-27 15:07:00,NATI
41.68,41.68,41.64,41.64,806,2021-07-27 15:08:00,NATI
41.64,41.64,41.64,41.64,200,2021-07-27 15:10:00,NATI
41.59,41.59,41.59,41.59,100,2021-07-27 15:12:00,NATI
41.61,41.61,41.605,41.605,400,2021-07-27 15:13:00,NATI
41.62,41.62,41.61,41.61,200,2021-07-27 15:14:00,NATI
41.59,41.59,41.59,41.59,109,2021-07-27 15:15:00,NATI
41.53,41.53,41.53,41.53,149,2021-07-27 15:16:00,NATI
41.54,41.54,41.49,41.525,400,2021-07-27 15:17:00,NATI
41.43,41.43,41.43,41.43,100,2021-07-27 15:19:00,NATI
41.435,41.47,41.435,41.47,600,2021-07-27 15:21:00,NATI
41.455,41.48,41.455,41.48,500,2021-07-27 15:24:00,NATI
41.475,41.475,41.475,41.475,100,2021-07-27 15:25:00,NATI
41.43,41.43,41.43,41.43,103,2021-07-27 15:26:00,NATI
41.35,41.35,41.35,41.35,231,2021-07-27 15:28:00,NATI
41.385,41.41,41.37,41.41,400,2021-07-27 15:29:00,NATI
41.38,41.39,41.38,41.38,400,2021-07-27 15:31:00,NATI
41.38,41.38,41.38,41.38,100,2021-07-27 15:33:00,NATI
41.35,41.35,41.34,41.35,600,2021-07-27 15:35:00,NATI
41.34,41.34,41.34,41.34,600,2021-07-27 15:38:00,NATI
41.36,41.36,41.36,41.36,200,2021-07-27 15:39:00,NATI
41.35,41.4,41.35,41.4,1136,2021-07-27 15:40:00,NATI
41.38,41.38,41.38,41.38,100,2021-07-27 15:41:00,NATI
41.43,41.47,41.43,41.43,1600,2021-07-27 15:42:00,NATI
41.4,41.405,41.4,41.405,300,2021-07-27 15:43:00,NATI
41.45,41.45,41.45,41.45,100,2021-07-27 15:46:00,NATI
41.465,41.52,41.465,41.49,400,2021-07-27 15:47:00,NATI
41.46,41.47,41.44,41.47,300,2021-07-27 15:49:00,NATI
41.45,41.45,41.45,41.45,200,2021-07-27 15:50:00,NATI
41.43,41.43,41.43,41.43,100,2021-07-27 15:51:00,NATI
41.48,41.48,41.47,41.47,200,2021-07-27 15:52:00,NATI
41.47,41.47,41.47,41.47,100,2021-07-27 15:53:00,NATI
41.485,41.485,41.485,41.485,100,2021-07-27 15:54:00,NATI
41.48,41.49,41.48,41.49,267,2021-07-27 15:55:00,NATI
41.465,41.48,41.465,41.48,796,2021-07-27 15:59:00,NATI
41.46,41.46,41.39,41.39,1200,2021-07-27 16:00:00,NATI
41.37,41.37,41.36,41.36,307,2021-07-27 16:02:00,NATI
41.36,41.38,41.36,41.38,800,2021-07-27 16:03:00,NATI
41.26,41.27,41.26,41.26,400,2021-07-27 16:05:00,NATI
41.27,41.27,41.27,41.27,200,2021-07-27 16:06:00,NATI
41.3,41.36,41.3,41.345,1100,2021-07-27 16:07:00,NATI
41.36,41.4,41.36,41.4,600,2021-07-27 16:08:00,NATI
41.36,41.36,41.36,41.36,100,2021-07-27 16:10:00,NATI
41.3,41.3,41.26,41.27,2202,2021-07-27 16:14:00,NATI
41.302,41.319,41.302,41.319,289,2021-07-27 16:15:00,NATI
41.25,41.26,41.22,41.25,900,2021-07-27 16:17:00,NATI
41.21,41.22,41.21,41.22,200,2021-07-27 16:18:00,NATI
41.17,41.2003,41.17,41.2003,819,2021-07-27 16:19:00,NATI
41.16,41.16,41.16,41.16,100,2021-07-27 16:20:00,NATI
41.16,41.19,41.15,41.1693,2100,2021-07-27 16:21:00,NATI
41.135,41.135,41.135,41.135,100,2021-07-27 16:23:00,NATI
41.115,41.115,41.08,41.08,500,2021-07-27 16:25:00,NATI
41.1,41.1,41.06,41.07,541,2021-07-27 16:26:00,NATI
41.05,41.05,41.03,41.03,2072,2021-07-27 16:27:00,NATI
41.03,41.05,41.03,41.05,395,2021-07-27 16:28:00,NATI
41.03,41.075,41.03,41.075,1661,2021-07-27 16:29:00,NATI
41.06,41.065,41.04,41.065,300,2021-07-27 16:30:00,NATI
41.07,41.13,41.07,41.13,1800,2021-07-27 16:31:00,NATI
41.1,41.1,41.04,41.055,827,2021-07-27 16:32:00,NATI
41.05,41.05,41.05,41.05,100,2021-07-27 16:33:00,NATI
41.01,41.01,41.0,41.0,200,2021-07-27 16:35:00,NATI
41.0,41.0,41.0,41.0,539,2021-07-27 16:38:00,NATI
40.98,40.98,40.98,40.98,100,2021-07-27 16:40:00,NATI
40.96,41.03,40.96,41.025,2300,2021-07-27 16:41:00,NATI
41.02,41.02,41.02,41.02,100,2021-07-27 16:42:00,NATI
41.005,41.02,41.005,41.02,700,2021-07-27 16:43:00,NATI
41.035,41.035,41.035,41.035,100,2021-07-27 16:46:00,NATI
41.06,41.06,41.035,41.035,200,2021-07-27 16:47:00,NATI
41.01,41.03,41.01,41.03,200,2021-07-27 16:48:00,NATI
41.01,41.01,41.01,41.01,491,2021-07-27 16:49:00,NATI
41.0,41.01,40.995,41.0,900,2021-07-27 16:50:00,NATI
40.99,40.99,40.99,40.99,200,2021-07-27 16:51:00,NATI
40.94,40.94,40.94,40.94,100,2021-07-27 16:52:00,NATI
40.935,40.935,40.92,40.92,200,2021-07-27 16:53:00,NATI
40.87,40.92,40.87,40.92,1092,2021-07-27 16:56:00,NATI
40.915,40.94,40.915,40.94,1120,2021-07-27 16:57:00,NATI
40.92,40.92,40.92,40.92,100,2021-07-27 16:59:00,NATI
40.96,40.96,40.96,40.96,100,2021-07-27 17:01:00,NATI
40.97,40.97,40.97,40.97,100,2021-07-27 17:02:00,NATI
40.97,40.98,40.95,40.95,677,2021-07-27 17:04:00,NATI
40.92,40.93,40.88,40.92,700,2021-07-27 17:05:00,NATI
40.93,40.95,40.93,40.93,11400,2021-07-27 17:06:00,NATI
40.92,40.92,40.92,40.92,100,2021-07-27 17:07:00,NATI
40.919,40.919,40.919,40.919,300,2021-07-27 17:08:00,NATI
40.91,40.91,40.9,40.91,1600,2021-07-27 17:09:00,NATI
40.91,40.93,40.91,40.92,600,2021-07-27 17:10:00,NATI
40.92,40.92,40.88,40.88,425,2021-07-27 17:11:00,NATI
40.87,40.87,40.86,40.86,300,2021-07-27 17:12:00,NATI
40.855,40.855,40.855,40.855,100,2021-07-27 17:13:00,NATI
40.8,40.82,40.8,40.82,400,2021-07-27 17:14:00,NATI
40.8,40.81,40.79,40.805,2500,2021-07-27 17:15:00,NATI
40.82,40.84,40.82,40.84,500,2021-07-27 17:16:00,NATI
40.84,40.84,40.82,40.82,316,2021-07-27 17:17:00,NATI
40.79,40.79,40.79,40.79,100,2021-07-27 17:18:00,NATI
40.8,40.805,40.8,40.8,306,2021-07-27 17:19:00,NATI
40.8,40.8,40.8,40.8,100,2021-07-27 17:20:00,NATI
40.79,40.79,40.79,40.79,100,2021-07-27 17:22:00,NATI
40.78,40.78,40.755,40.755,600,2021-07-27 17:23:00,NATI
40.73,40.73,40.72,40.72,200,2021-07-27 17:25:00,NATI
40.72,40.74,40.72,40.73,1600,2021-07-27 17:26:00,NATI
40.73,40.73,40.73,40.73,100,2021-07-27 17:27:00,NATI
40.74,40.76,40.74,40.76,1400,2021-07-27 17:28:00,NATI
40.72,40.74,40.72,40.74,200,2021-07-27 17:29:00,NATI
40.73,40.735,40.73,40.735,300,2021-07-27 17:32:00,NATI
40.735,40.735,40.71,40.71,600,2021-07-27 17:33:00,NATI
40.73,40.74,40.73,40.735,1200,2021-07-27 17:34:00,NATI
40.75,40.75,40.75,40.75,400,2021-07-27 17:35:00,NATI
40.765,40.765,40.765,40.765,100,2021-07-27 17:36:00,NATI
40.765,40.79,40.765,40.79,500,2021-07-27 17:37:00,NATI
40.79,40.81,40.79,40.8,400,2021-07-27 17:38:00,NATI
40.835,40.84,40.83,40.84,600,2021-07-27 17:40:00,NATI
40.85,40.86,40.85,40.86,669,2021-07-27 17:41:00,NATI
40.865,40.865,40.865,40.865,200,2021-07-27 17:42:00,NATI
40.87,40.88,40.87,40.88,400,2021-07-27 17:43:00,NATI
40.89,40.89,40.875,40.885,400,2021-07-27 17:44:00,NATI
40.88,40.89,40.88,40.88,1969,2021-07-27 17:46:00,NATI
40.885,40.9,40.885,40.895,400,2021-07-27 17:47:00,NATI
40.9,40.935,40.9,40.935,875,2021-07-27 17:48:00,NATI
40.935,40.99,40.935,40.9575,1200,2021-07-27 17:49:00,NATI
40.94,40.95,40.94,40.94,599,2021-07-27 17:50:00,NATI
40.92,40.92,40.91,40.91,300,2021-07-27 17:51:00,NATI
40.915,40.915,40.915,40.915,100,2021-07-27 17:52:00,NATI
40.93,40.94,40.895,40.895,2270,2021-07-27 17:55:00,NATI
40.885,40.89,40.88,40.885,600,2021-07-27 17:56:00,NATI
40.87,40.87,40.87,40.87,200,2021-07-27 17:57:00,NATI
40.875,40.875,40.85,40.85,500,2021-07-27 17:58:00,NATI
40.825,40.825,40.825,40.825,100,2021-07-27 17:59:00,NATI
40.86,40.86,40.86,40.86,200,2021-07-27 18:00:00,NATI
40.85,40.87,40.85,40.87,1400,2021-07-27 18:01:00,NATI
40.88,40.9,40.88,40.88,672,2021-07-27 18:02:00,NATI
40.88,40.88,40.86,40.86,300,2021-07-27 18:03:00,NATI
40.84,40.84,40.84,40.84,100,2021-07-27 18:05:00,NATI
40.84,40.86,40.83,40.855,1300,2021-07-27 18:07:00,NATI
40.87,40.87,40.87,40.87,100,2021-07-27 18:08:00,NATI
40.86,40.86,40.86,40.86,100,2021-07-27 18:09:00,NATI
40.86,40.865,40.86,40.865,638,2021-07-27 18:10:00,NATI
40.87,40.875,40.86,40.86,1000,2021-07-27 18:12:00,NATI
40.855,40.855,40.855,40.855,300,2021-07-27 18:13:00,NATI
40.86,40.89,40.86,40.89,1400,2021-07-27 18:14:00,NATI
40.93,40.93,40.93,40.93,100,2021-07-27 18:15:00,NATI
40.96,40.96,40.93,40.95,1500,2021-07-27 18:16:00,NATI
40.91,40.91,40.91,40.91,100,2021-07-27 18:17:00,NATI
40.92,40.92,40.92,40.92,100,2021-07-27 18:18:00,NATI
40.91,40.9111,40.91,40.9111,539,2021-07-27 18:19:00,NATI
40.93,40.94,40.93,40.94,1224,2021-07-27 18:20:00,NATI
40.935,40.935,40.935,40.935,100,2021-07-27 18:21:00,NATI
40.94,40.94,40.94,40.94,200,2021-07-27 18:22:00,NATI
40.935,40.935,40.935,40.935,300,2021-07-27 18:23:00,NATI
40.94,40.94,40.935,40.94,600,2021-07-27 18:24:00,NATI
40.945,40.965,40.945,40.96,900,2021-07-27 18:25:00,NATI
40.96,40.96,40.96,40.96,147,2021-07-27 18:26:00,NATI
40.95,40.95,40.93,40.93,599,2021-07-27 18:27:00,NATI
40.94,40.94,40.94,40.94,200,2021-07-27 18:28:00,NATI
40.94,40.94,40.94,40.94,300,2021-07-27 18:29:00,NATI
40.94,40.97,40.94,40.97,600,2021-07-27 18:30:00,NATI
40.97,40.97,40.97,40.97,300,2021-07-27 18:31:00,NATI
40.96,40.99,40.96,40.99,800,2021-07-27 18:33:00,NATI
40.99,41.03,40.99,41.03,1000,2021-07-27 18:35:00,NATI
41.035,41.08,41.035,41.08,1000,2021-07-27 18:36:00,NATI
41.08,41.08,41.08,41.08,200,2021-07-27 18:37:00,NATI
41.09,41.09,41.08,41.09,600,2021-07-27 18:38:00,NATI
41.07,41.07,41.06,41.06,500,2021-07-27 18:39:00,NATI
41.065,41.065,41.065,41.065,100,2021-07-27 18:40:00,NATI
41.065,41.065,41.065,41.065,200,2021-07-27 18:44:00,NATI
41.08,41.08,41.07,41.08,900,2021-07-27 18:45:00,NATI
41.1,41.11,41.1,41.11,800,2021-07-27 18:46:00,NATI
41.13,41.15,41.13,41.145,600,2021-07-27 18:47:00,NATI
41.15,41.15,41.14,41.14,400,2021-07-27 18:48:00,NATI
41.18,41.18,41.17,41.17,200,2021-07-27 18:49:00,NATI
41.18,41.18,41.16,41.18,800,2021-07-27 18:50:00,NATI
41.17,41.19,41.14,41.14,1100,2021-07-27 18:51:00,NATI
41.14,41.15,41.14,41.14,800,2021-07-27 18:52:00,NATI
41.15,41.15,41.15,41.15,100,2021-07-27 18:53:00,NATI
41.16,41.18,41.16,41.18,1100,2021-07-27 18:55:00,NATI
41.19,41.21,41.18,41.18,530,2021-07-27 18:56:00,NATI
41.18,41.19,41.18,41.19,600,2021-07-27 18:58:00,NATI
41.21,41.26,41.21,41.24,1400,2021-07-27 19:00:00,NATI
41.255,41.255,41.255,41.255,100,2021-07-27 19:01:00,NATI
41.25,41.26,41.25,41.255,500,2021-07-27 19:02:00,NATI
41.2664,41.2664,41.23,41.23,3707,2021-07-27 19:04:00,NATI
41.23,41.23,41.23,41.23,200,2021-07-27 19:05:00,NATI
41.25,41.25,41.24,41.24,1000,2021-07-27 19:06:00,NATI
41.24,41.24,41.2,41.2,898,2021-07-27 19:07:00,NATI
41.2,41.2,41.2,41.2,100,2021-07-27 19:08:00,NATI
41.21,41.21,41.16,41.16,600,2021-07-27 19:09:00,NATI
41.15,41.15,41.1,41.1,400,2021-07-27 19:10:00,NATI
41.115,41.12,41.09,41.12,414,2021-07-27 19:11:00,NATI
41.11,41.11,41.08,41.09,1500,2021-07-27 19:12:00,NATI
41.09,41.09,41.05,41.07,2200,2021-07-27 19:13:00,NATI
41.09,41.09,41.08,41.09,600,2021-07-27 19:14:00,NATI
41.085,41.11,41.085,41.11,1300,2021-07-27 19:15:00,NATI
41.11,41.11,41.07,41.07,1539,2021-07-27 19:16:00,NATI
41.08,41.08,41.08,41.08,100,2021-07-27 19:17:00,NATI
41.08,41.09,41.08,41.09,700,2021-07-27 19:18:00,NATI
41.09,41.09,41.08,41.085,400,2021-07-27 19:20:00,NATI
41.08,41.08,41.07,41.07,200,2021-07-27 19:21:00,NATI
41.07,41.07,41.07,41.07,200,2021-07-27 19:22:00,NATI
41.08,41.08,41.06,41.06,600,2021-07-27 19:23:00,NATI
41.07,41.08,41.07,41.08,1700,2021-07-27 19:24:00,NATI
41.07,41.08,41.07,41.08,900,2021-07-27 19:25:00,NATI
41.09,41.1,41.08,41.1,1045,2021-07-27 19:26:00,NATI
41.09,41.1,41.09,41.09,1200,2021-07-27 19:27:00,NATI
41.095,41.11,41.09,41.11,900,2021-07-27 19:28:00,NATI
41.11,41.1175,41.11,41.1175,320,2021-07-27 19:29:00,NATI
41.115,41.115,41.07,41.105,4147,2021-07-27 19:30:00,NATI
41.11,41.15,41.1075,41.145,1637,2021-07-27 19:31:00,NATI
41.16,41.16,41.15,41.15,300,2021-07-27 19:32:00,NATI
41.15,41.15,41.12,41.12,804,2021-07-27 19:34:00,NATI
41.135,41.135,41.09,41.115,2536,2021-07-27 19:35:00,NATI
41.105,41.12,41.105,41.105,622,2021-07-27 19:36:00,NATI
41.105,41.13,41.105,41.12,1922,2021-07-27 19:37:00,NATI
41.13,41.14,41.13,41.135,1900,2021-07-27 19:38:00,NATI
41.135,41.14,41.13,41.14,2355,2021-07-27 19:39:00,NATI
41.13,41.13,41.13,41.13,200,2021-07-27 19:40:00,NATI
41.12,41.12,41.08,41.08,1600,2021-07-27 19:41:00,NATI
41.08,41.11,41.08,41.11,900,2021-07-27 19:42:00,NATI
41.0975,41.12,41.095,41.12,3029,2021-07-27 19:43:00,NATI
41.11,41.11,41.1,41.1,500,2021-07-27 19:44:00,NATI
41.11,41.15,41.11,41.12,4609,2021-07-27 19:45:00,NATI
41.115,41.12,41.08,41.09,2050,2021-07-27 19:46:00,NATI
41.08,41.09,41.07,41.07,1100,2021-07-27 19:47:00,NATI
41.085,41.085,41.05,41.065,700,2021-07-27 19:48:00,NATI
41.05,41.05,41.02,41.02,3700,2021-07-27 19:49:00,NATI
41.06,41.105,41.04,41.08,4599,2021-07-27 19:50:00,NATI
41.08,41.12,41.08,41.12,4630,2021-07-27 19:51:00,NATI
41.1,41.11,41.06,41.06,3959,2021-07-27 19:52:00,NATI
41.06,41.1,41.06,41.095,7469,2021-07-27 19:53:00,NATI
41.095,41.13,41.08,41.085,5600,2021-07-27 19:54:00,NATI
41.09,41.14,41.085,41.12,6318,2021-07-27 19:55:00,NATI
41.13,41.14,41.125,41.13,6876,2021-07-27 19:56:00,NATI
41.14,41.14,41.125,41.14,8818,2021-07-27 19:57:00,NATI
41.1496,41.15,41.12,41.13,6715,2021-07-27 19:58:00,NATI
41.14,41.14,41.11,41.125,10145,2021-07-27 19:59:00,NATI
41.13,41.13,41.13,41.13,66172,2021-07-27 20:00:00,NATI
41.13,41.13,41.13,41.13,113,2021-07-27 20:01:00,NATI
41.18,41.825,41.18,41.82,4154,2021-07-28 13:30:00,NATI
41.47,41.82,41.465,41.465,1707,2021-07-28 13:31:00,NATI
41.13,41.44,41.06,41.375,864,2021-07-28 13:32:00,NATI
41.24,41.355,41.24,41.355,202,2021-07-28 13:33:00,NATI
41.3335,41.3335,41.3335,41.3335,400,2021-07-28 13:34:00,NATI
41.45,41.46,41.35,41.35,400,2021-07-28 13:35:00,NATI
41.56,41.56,41.31,41.32,1200,2021-07-28 13:36:00,NATI
41.32,41.47,41.32,41.32,4162,2021-07-28 13:37:00,NATI
41.47,41.47,41.47,41.47,200,2021-07-28 13:38:00,NATI
41.49,41.5033,41.49,41.5033,420,2021-07-28 13:39:00,NATI
41.495,41.495,41.495,41.495,113,2021-07-28 13:41:00,NATI
41.44,41.44,41.44,41.44,100,2021-07-28 13:44:00,NATI
41.55,41.6,41.52,41.565,900,2021-07-28 13:46:00,NATI
41.69,41.7,41.69,41.7,200,2021-07-28 13:47:00,NATI
41.66,41.675,41.66,41.675,380,2021-07-28 13:48:00,NATI
41.73,41.73,41.73,41.73,100,2021-07-28 13:49:00,NATI
41.68,41.685,41.63,41.685,400,2021-07-28 13:53:00,NATI
41.63,41.63,41.63,41.63,300,2021-07-28 13:54:00,NATI
41.715,41.725,41.63,41.725,400,2021-07-28 13:59:00,NATI
41.72,41.76,41.68,41.71,800,2021-07-28 14:00:00,NATI
41.7,41.7,41.64,41.65,753,2021-07-28 14:01:00,NATI
41.685,41.685,41.64,41.64,400,2021-07-28 14:02:00,NATI
41.69,41.69,41.69,41.69,100,2021-07-28 14:03:00,NATI
41.71,41.71,41.71,41.71,100,2021-07-28 14:04:00,NATI
41.715,41.715,41.68,41.68,432,2021-07-28 14:05:00,NATI
41.775,41.775,41.65,41.65,200,2021-07-28 14:07:00,NATI
41.64,41.765,41.64,41.765,200,2021-07-28 14:08:00,NATI
41.72,41.72,41.72,41.72,100,2021-07-28 14:09:00,NATI
41.65,41.69,41.65,41.67,400,2021-07-28 14:10:00,NATI
41.65,41.65,41.645,41.645,200,2021-07-28 14:11:00,NATI
41.65,41.68,41.65,41.68,355,2021-07-28 14:12:00,NATI
41.66,41.67,41.66,41.67,300,2021-07-28 14:13:00,NATI
41.67,41.68,41.66,41.66,400,2021-07-28 14:16:00,NATI
41.71,41.71,41.7,41.71,600,2021-07-28 14:20:00,NATI
41.68,41.72,41.68,41.72,400,2021-07-28 14:22:00,NATI
41.65,41.65,41.57,41.65,1795,2021-07-28 14:25:00,NATI
41.6,41.65,41.6,41.65,200,2021-07-28 14:27:00,NATI
41.71,41.73,41.71,41.73,200,2021-07-28 14:28:00,NATI
41.645,41.645,41.645,41.645,100,2021-07-28 14:31:00,NATI
41.62,41.65,41.62,41.65,400,2021-07-28 14:32:00,NATI
41.65,41.65,41.65,41.65,500,2021-07-28 14:33:00,NATI
41.72,41.72,41.72,41.72,100,2021-07-28 14:35:00,NATI
41.74,41.765,41.74,41.765,303,2021-07-28 14:38:00,NATI
41.79,41.79,41.79,41.79,580,2021-07-28 14:39:00,NATI
41.75,41.75,41.73,41.73,500,2021-07-28 14:40:00,NATI
41.7,41.7,41.7,41.7,100,2021-07-28 14:41:00,NATI
41.75,41.76,41.75,41.76,300,2021-07-28 14:42:00,NATI
41.73,41.73,41.7,41.7,400,2021-07-28 14:44:00,NATI
41.67,41.735,41.67,41.735,200,2021-07-28 14:45:00,NATI
41.79,41.79,41.765,41.7675,300,2021-07-28 14:47:00,NATI
41.81,41.82,41.8,41.82,508,2021-07-28 14:49:00,NATI
41.83,41.88,41.81,41.85,833,2021-07-28 14:51:00,NATI
41.89,41.89,41.89,41.89,100,2021-07-28 14:52:00,NATI
41.885,41.885,41.885,41.885,100,2021-07-28 14:54:00,NATI
41.92,41.92,41.88,41.88,200,2021-07-28 14:55:00,NATI
41.87,41.87,41.87,41.87,400,2021-07-28 14:58:00,NATI
41.88,41.88,41.88,41.88,100,2021-07-28 14:59:00,NATI
41.91,41.92,41.91,41.92,329,2021-07-28 15:01:00,NATI
41.885,41.885,41.88,41.88,200,2021-07-28 15:02:00,NATI
41.885,41.89,41.88,41.89,600,2021-07-28 15:03:00,NATI
41.92,41.92,41.92,41.92,200,2021-07-28 15:04:00,NATI
41.93,41.96,41.93,41.96,400,2021-07-28 15:05:00,NATI
41.94,41.95,41.91,41.95,1100,2021-07-28 15:10:00,NATI
41.95,41.95,41.93,41.93,400,2021-07-28 15:11:00,NATI
41.96,41.96,41.96,41.96,100,2021-07-28 15:13:00,NATI
41.98,41.98,41.98,41.98,101,2021-07-28 15:14:00,NATI
41.96,41.96,41.96,41.96,200,2021-07-28 15:15:00,NATI
41.99,42.04,41.98,41.98,8456,2021-07-28 15:16:00,NATI
42.02,42.04,42.02,42.04,200,2021-07-28 15:17:00,NATI
42.05,42.05,42.01,42.01,600,2021-07-28 15:18:00,NATI
42.02,42.02,42.02,42.02,167,2021-07-28 15:20:00,NATI
42.01,42.01,42.01,42.01,509,2021-07-28 15:24:00,NATI
42.075,42.075,42.075,42.075,200,2021-07-28 15:26:00,NATI
42.07,42.07,42.05,42.05,400,2021-07-28 15:28:00,NATI
42.01,42.01,42.01,42.01,100,2021-07-28 15:29:00,NATI
42.05,42.06,42.03,42.045,431,2021-07-28 15:30:00,NATI
42.01,42.03,42.0,42.0,500,2021-07-28 15:31:00,NATI
42.01,42.01,42.01,42.01,100,2021-07-28 15:32:00,NATI
42.015,42.015,42.015,42.015,100,2021-07-28 15:35:00,NATI
42.04,42.05,42.035,42.05,800,2021-07-28 15:37:00,NATI
42.08,42.08,42.055,42.055,200,2021-07-28 15:38:00,NATI
42.1,42.1,42.1,42.1,200,2021-07-28 15:39:00,NATI
42.11,42.11,42.09,42.09,200,2021-07-28 15:40:00,NATI
42.13,42.13,42.09,42.105,2464,2021-07-28 15:41:00,NATI
42.09,42.13,42.09,42.12,1600,2021-07-28 15:42:00,NATI
42.11,42.11,42.11,42.11,234,2021-07-28 15:43:00,NATI
42.11,42.11,42.08,42.11,1400,2021-07-28 15:45:00,NATI
42.12,42.12,41.99,41.995,13160,2021-07-28 15:46:00,NATI
41.98,41.98,41.94,41.94,200,2021-07-28 15:47:00,NATI
41.9,41.96,41.89,41.96,6469,2021-07-28 15:48:00,NATI
42.005,42.005,42.005,42.005,200,2021-07-28 15:50:00,NATI
42.02,42.05,42.01,42.05,1200,2021-07-28 15:51:00,NATI
42.03,42.03,42.01,42.02,500,2021-07-28 15:52:00,NATI
42.0,42.0,42.0,42.0,100,2021-07-28 15:53:00,NATI
42.05,42.05,42.05,42.05,100,2021-07-28 15:54:00,NATI
42.04,42.065,42.04,42.04,1000,2021-07-28 15:56:00,NATI
42.06,42.06,42.03,42.03,825,2021-07-28 15:57:00,NATI
42.0,42.03,41.99,42.03,5464,2021-07-28 15:58:00,NATI
42.02,42.02,42.02,42.02,100,2021-07-28 16:00:00,NATI
42.08,42.08,42.02,42.02,300,2021-07-28 16:03:00,NATI
42.02,42.02,42.01,42.01,300,2021-07-28 16:05:00,NATI
42.0,42.01,41.99,41.99,400,2021-07-28 16:07:00,NATI
42.005,42.005,42.005,42.005,100,2021-07-28 16:08:00,NATI
42.04,42.055,42.04,42.055,200,2021-07-28 16:13:00,NATI
42.09,42.09,42.09,42.09,200,2021-07-28 16:14:00,NATI
42.075,42.075,42.065,42.065,260,2021-07-28 16:15:00,NATI
42.08,42.08,42.08,42.08,100,2021-07-28 16:17:00,NATI
42.1,42.1,42.1,42.1,100,2021-07-28 16:19:00,NATI
42.1,42.1,42.06,42.08,600,2021-07-28 16:20:00,NATI
42.06,42.08,42.03,42.03,1000,2021-07-28 16:22:00,NATI
42.01,42.01,42.01,42.01,942,2021-07-28 16:23:00,NATI
42.02,42.03,42.02,42.03,200,2021-07-28 16:24:00,NATI
42.0,42.0,42.0,42.0,100,2021-07-28 16:26:00,NATI
42.01,42.01,42.01,42.01,173,2021-07-28 16:27:00,NATI
42.02,42.02,42.02,42.02,200,2021-07-28 16:29:00,NATI
42.005,42.005,41.98,41.98,300,2021-07-28 16:30:00,NATI
41.98,42.0,41.98,42.0,300,2021-07-28 16:31:00,NATI
42.02,42.02,41.97,41.97,414,2021-07-28 16:32:00,NATI
41.98,41.98,41.98,41.98,187,2021-07-28 16:34:00,NATI
41.99,41.99,41.99,41.99,100,2021-07-28 16:35:00,NATI
41.96,41.97,41.96,41.97,400,2021-07-28 16:36:00,NATI
41.95,41.95,41.95,41.95,100,2021-07-28 16:37:00,NATI
41.95,41.95,41.95,41.95,200,2021-07-28 16:40:00,NATI
41.9,41.9,41.9,41.9,100,2021-07-28 16:43:00,NATI
41.95,41.97,41.95,41.97,400,2021-07-28 16:45:00,NATI
41.975,41.975,41.93,41.93,400,2021-07-28 16:46:00,NATI
41.89,41.89,41.89,41.89,100,2021-07-28 16:47:00,NATI
41.95,41.96,41.95,41.96,300,2021-07-28 16:48:00,NATI
41.975,41.975,41.975,41.975,500,2021-07-28 16:49:00,NATI
41.97,41.97,41.97,41.97,100,2021-07-28 16:55:00,NATI
41.98,41.98,41.98,41.98,100,2021-07-28 16:56:00,NATI
41.96,41.96,41.96,41.96,100,2021-07-28 16:57:00,NATI
41.95,41.97,41.94,41.94,330,2021-07-28 16:58:00,NATI
41.955,41.955,41.955,41.955,102,2021-07-28 17:01:00,NATI
41.93,41.94,41.93,41.94,200,2021-07-28 17:05:00,NATI
41.92,41.92,41.92,41.92,100,2021-07-28 17:07:00,NATI
41.925,41.95,41.925,41.935,400,2021-07-28 17:09:00,NATI
41.96,41.96,41.96,41.96,200,2021-07-28 17:11:00,NATI
41.98,41.98,41.9776,41.9776,253,2021-07-28 17:13:00,NATI
41.95,41.97,41.95,41.95,400,2021-07-28 17:15:00,NATI
41.925,41.925,41.925,41.925,100,2021-07-28 17:16:00,NATI
41.94,41.95,41.91,41.91,800,2021-07-28 17:17:00,NATI
41.91,41.91,41.91,41.91,100,2021-07-28 17:19:00,NATI
41.92,41.94,41.92,41.92,1300,2021-07-28 17:23:00,NATI
41.94,41.94,41.94,41.94,400,2021-07-28 17:24:00,NATI
41.9,41.92,41.9,41.92,200,2021-07-28 17:25:00,NATI
41.9,41.92,41.9,41.92,200,2021-07-28 17:26:00,NATI
41.94,41.94,41.94,41.94,200,2021-07-28 17:27:00,NATI
41.91,41.94,41.91,41.94,200,2021-07-28 17:28:00,NATI
41.9,41.92,41.885,41.9,800,2021-07-28 17:29:00,NATI
41.9,41.9,41.9,41.9,221,2021-07-28 17:30:00,NATI
41.88,41.88,41.88,41.88,100,2021-07-28 17:31:00,NATI
41.87,41.87,41.75,41.75,7708,2021-07-28 17:32:00,NATI
41.78,41.78,41.78,41.78,100,2021-07-28 17:33:00,NATI
41.78,41.8,41.78,41.8,600,2021-07-28 17:34:00,NATI
41.81,41.81,41.81,41.81,100,2021-07-28 17:36:00,NATI
41.88,41.88,41.88,41.88,300,2021-07-28 17:40:00,NATI
41.865,41.865,41.865,41.865,160,2021-07-28 17:42:00,NATI
41.88,41.88,41.88,41.88,300,2021-07-28 17:43:00,NATI
41.91,41.92,41.91,41.92,300,2021-07-28 17:45:00,NATI
41.93,41.93,41.93,41.93,100,2021-07-28 17:48:00,NATI
41.9,41.92,41.78,41.8,9794,2021-07-28 17:51:00,NATI
41.81,41.825,41.81,41.825,300,2021-07-28 17:52:00,NATI
41.84,41.84,41.84,41.84,100,2021-07-28 17:53:00,NATI
41.86,41.86,41.86,41.86,200,2021-07-28 17:54:00,NATI
41.88,41.88,41.88,41.88,100,2021-07-28 17:56:00,NATI
41.9044,41.9044,41.9044,41.9044,151,2021-07-28 17:57:00,NATI
41.92,41.92,41.92,41.92,200,2021-07-28 17:59:00,NATI
41.88,41.88,41.88,41.88,200,2021-07-28 18:00:00,NATI
41.9,41.94,41.9,41.94,200,2021-07-28 18:01:00,NATI
41.96,42.0,41.96,41.995,1700,2021-07-28 18:02:00,NATI
41.96,41.96,41.91,41.91,1599,2021-07-28 18:03:00,NATI
41.95,41.95,41.95,41.95,200,2021-07-28 18:04:00,NATI
41.89,41.92,41.88,41.91,900,2021-07-28 18:05:00,NATI
41.94,41.94,41.94,41.94,100,2021-07-28 18:06:00,NATI
41.85,41.85,41.8,41.81,2700,2021-07-28 18:08:00,NATI
41.8,41.87,41.79,41.8,4216,2021-07-28 18:09:00,NATI
41.8,41.8,41.79,41.8,2700,2021-07-28 18:10:00,NATI
41.82,41.83,41.82,41.83,200,2021-07-28 18:11:00,NATI
41.92,41.94,41.92,41.94,300,2021-07-28 18:13:00,NATI
41.97,41.97,41.97,41.97,100,2021-07-28 18:15:00,NATI
41.99,41.99,41.93,41.93,300,2021-07-28 18:19:00,NATI
41.93,41.97,41.91,41.95,800,2021-07-28 18:20:00,NATI
41.95,41.95,41.95,41.95,100,2021-07-28 18:22:00,NATI
41.97,41.97,41.96,41.96,300,2021-07-28 18:23:00,NATI
41.99,42.015,41.98,42.015,700,2021-07-28 18:24:00,NATI
42.02,42.02,42.02,42.02,100,2021-07-28 18:28:00,NATI
42.04,42.04,42.04,42.04,100,2021-07-28 18:30:00,NATI
42.05,42.06,42.02,42.06,1100,2021-07-28 18:32:00,NATI
42.05,42.05,42.05,42.05,200,2021-07-28 18:33:00,NATI
42.05,42.05,42.05,42.05,200,2021-07-28 18:34:00,NATI
42.02,42.06,42.01,42.04,2844,2021-07-28 18:35:00,NATI
42.0,42.015,41.99,42.0,700,2021-07-28 18:36:00,NATI
41.99,41.99,41.99,41.99,240,2021-07-28 18:38:00,NATI
42.03,42.05,42.03,42.05,400,2021-07-28 18:39:00,NATI
42.11,42.11,42.11,42.11,200,2021-07-28 18:40:00,NATI
42.0888,42.12,42.07,42.12,1457,2021-07-28 18:44:00,NATI
42.08,42.12,42.07,42.12,520,2021-07-28 18:45:00,NATI
42.1,42.1,42.1,42.1,100,2021-07-28 18:46:00,NATI
42.13,42.15,42.12,42.13,700,2021-07-28 18:48:00,NATI
42.17,42.17,42.12,42.17,1667,2021-07-28 18:49:00,NATI
42.19,42.22,42.19,42.22,300,2021-07-28 18:51:00,NATI
42.19,42.19,42.15,42.16,1663,2021-07-28 18:53:00,NATI
42.155,42.155,42.155,42.155,100,2021-07-28 18:54:00,NATI
42.16,42.16,42.1376,42.1376,704,2021-07-28 18:55:00,NATI
42.16,42.19,42.16,42.18,300,2021-07-28 18:56:00,NATI
42.175,42.175,42.16,42.17,1393,2021-07-28 18:58:00,NATI
42.2,42.2,42.2,42.2,400,2021-07-28 18:59:00,NATI
42.23,42.23,42.23,42.23,200,2021-07-28 19:00:00,NATI
42.24,42.24,42.2,42.22,1600,2021-07-28 19:01:00,NATI
42.24,42.24,42.24,42.24,500,2021-07-28 19:02:00,NATI
42.22,42.24,42.19,42.19,900,2021-07-28 19:03:00,NATI
42.2,42.2075,42.2,42.2075,200,2021-07-28 19:04:00,NATI
42.22,42.22,42.22,42.22,100,2021-07-28 19:05:00,NATI
42.18,42.19,42.16,42.19,1100,2021-07-28 19:06:00,NATI
42.22,42.22,42.17,42.17,300,2021-07-28 19:08:00,NATI
42.195,42.195,42.195,42.195,100,2021-07-28 19:10:00,NATI
42.22,42.22,42.2,42.2,700,2021-07-28 19:12:00,NATI
42.19,42.19,42.15,42.19,1900,2021-07-28 19:13:00,NATI
42.21,42.21,42.19,42.19,1297,2021-07-28 19:14:00,NATI
42.21,42.225,42.21,42.225,721,2021-07-28 19:15:00,NATI
42.24,42.24,42.24,42.24,200,2021-07-28 19:16:00,NATI
42.2475,42.2475,42.19,42.23,700,2021-07-28 19:17:00,NATI
42.205,42.205,42.19,42.19,200,2021-07-28 19:18:00,NATI
42.22,42.22,42.22,42.22,300,2021-07-28 19:19:00,NATI
42.19,42.21,42.19,42.205,600,2021-07-28 19:20:00,NATI
42.21,42.21,42.19,42.19,1000,2021-07-28 19:21:00,NATI
42.18,42.2,42.18,42.2,300,2021-07-28 19:22:00,NATI
42.18,42.18,42.13,42.13,700,2021-07-28 19:23:00,NATI
42.15,42.15,42.15,42.15,159,2021-07-28 19:24:00,NATI
42.17,42.19,42.16,42.175,500,2021-07-28 19:25:00,NATI
42.19,42.195,42.19,42.195,500,2021-07-28 19:26:00,NATI
42.2,42.2,42.2,42.2,100,2021-07-28 19:27:00,NATI
42.19,42.19,42.18,42.18,721,2021-07-28 19:29:00,NATI
42.21,42.21,42.21,42.21,300,2021-07-28 19:30:00,NATI
42.21,42.21,42.21,42.21,200,2021-07-28 19:31:00,NATI
42.23,42.23,42.205,42.21,1453,2021-07-28 19:32:00,NATI
42.21,42.21,42.21,42.21,200,2021-07-28 19:33:00,NATI
42.21,42.21,42.19,42.21,1000,2021-07-28 19:34:00,NATI
42.195,42.195,42.18,42.18,300,2021-07-28 19:35:00,NATI
42.19,42.19,42.15,42.16,1050,2021-07-28 19:36:00,NATI
42.17,42.17,42.17,42.17,700,2021-07-28 19:37:00,NATI
42.16,42.17,42.16,42.17,400,2021-07-28 19:38:00,NATI
42.16,42.175,42.14,42.14,500,2021-07-28 19:39:00,NATI
42.15,42.15,42.13,42.14,1400,2021-07-28 19:40:00,NATI
42.14,42.14,42.14,42.14,100,2021-07-28 19:41:00,NATI
42.13,42.13,42.1179,42.13,849,2021-07-28 19:42:00,NATI
42.11,42.14,42.11,42.12,1153,2021-07-28 19:43:00,NATI
42.12,42.12,42.12,42.12,100,2021-07-28 19:44:00,NATI
42.135,42.14,42.12,42.13,700,2021-07-28 19:45:00,NATI
42.12,42.12,42.12,42.12,100,2021-07-28 19:46:00,NATI
42.1095,42.12,42.095,42.095,615,2021-07-28 19:47:00,NATI
42.1,42.11,42.09,42.1,1900,2021-07-28 19:48:00,NATI
42.09,42.1,42.09,42.09,300,2021-07-28 19:49:00,NATI
42.1,42.1,42.07,42.09,2216,2021-07-28 19:50:00,NATI
42.08,42.08,42.05,42.05,2699,2021-07-28 19:51:00,NATI
42.06,42.08,42.06,42.075,1960,2021-07-28 19:52:00,NATI
42.07,42.1,42.07,42.1,1074,2021-07-28 19:53:00,NATI
42.1,42.11,42.09,42.11,1735,2021-07-28 19:54:00,NATI
42.09,42.1,42.07,42.1,2001,2021-07-28 19:55:00,NATI
42.1,42.1,42.04,42.04,4727,2021-07-28 19:56:00,NATI
42.045,42.075,42.04,42.065,2921,2021-07-28 19:57:00,NATI
42.065,42.08,42.065,42.07,1100,2021-07-28 19:58:00,NATI
42.09,42.12,42.09,42.09,6694,2021-07-28 19:59:00,NATI
42.08,42.08,42.08,42.08,37993,2021-07-28 20:00:00,NATI
42.08,42.08,42.08,42.08,1678,2021-07-28 20:01:00,NATI
42.19,42.19,42.19,42.19,3031,2021-07-29 13:30:00,NATI
42.36,42.43,42.36,42.43,300,2021-07-29 13:35:00,NATI
42.35,42.35,42.33,42.33,400,2021-07-29 13:36:00,NATI
42.36,42.36,42.36,42.36,100,2021-07-29 13:42:00,NATI
42.33,42.34,42.33,42.33,725,2021-07-29 13:49:00,NATI
42.27,42.27,42.27,42.27,100,2021-07-29 13:52:00,NATI
42.31,42.32,42.31,42.31,809,2021-07-29 13:56:00,NATI
42.301,42.301,42.301,42.301,130,2021-07-29 13:58:00,NATI
42.33,42.33,42.28,42.28,500,2021-07-29 13:59:00,NATI
42.26,42.26,42.26,42.26,100,2021-07-29 14:07:00,NATI
42.23,42.23,42.22,42.22,810,2021-07-29 14:09:00,NATI
42.28,42.28,42.27,42.27,200,2021-07-29 14:10:00,NATI
42.28,42.31,42.28,42.31,400,2021-07-29 14:11:00,NATI
42.43,42.43,42.43,42.43,100,2021-07-29 14:13:00,NATI
42.49,42.53,42.49,42.49,523,2021-07-29 14:16:00,NATI
42.55,42.55,42.55,42.55,100,2021-07-29 14:17:00,NATI
42.54,42.54,42.54,42.54,200,2021-07-29 14:20:00,NATI
42.5805,42.5805,42.5805,42.5805,492,2021-07-29 14:23:00,NATI
42.59,42.59,42.59,42.59,100,2021-07-29 14:24:00,NATI
42.59,42.6,42.59,42.6,462,2021-07-29 14:25:00,NATI
42.55,42.55,42.55,42.55,300,2021-07-29 14:28:00,NATI
42.535,42.535,42.535,42.535,100,2021-07-29 14:29:00,NATI
42.51,42.56,42.51,42.51,300,2021-07-29 14:30:00,NATI
42.57,42.57,42.57,42.57,141,2021-07-29 14:31:00,NATI
42.5097,42.55,42.5097,42.55,293,2021-07-29 14:32:00,NATI
42.58,42.58,42.58,42.58,100,2021-07-29 14:35:00,NATI
42.6,42.6,42.56,42.56,200,2021-07-29 14:36:00,NATI
42.59,42.59,42.59,42.59,100,2021-07-29 14:37:00,NATI
42.56,42.56,42.56,42.56,100,2021-07-29 14:39:00,NATI
42.59,42.59,42.59,42.59,100,2021-07-29 14:40:00,NATI
42.59,42.59,42.59,42.59,100,2021-07-29 14:41:00,NATI
42.61,42.61,42.61,42.61,100,2021-07-29 14:42:00,NATI
42.62,42.62,42.62,42.62,100,2021-07-29 14:43:00,NATI
42.62,42.62,42.62,42.62,100,2021-07-29 14:45:00,NATI
42.63,42.63,42.63,42.63,200,2021-07-29 14:46:00,NATI
42.67,42.67,42.62,42.62,400,2021-07-29 14:47:00,NATI
42.65,42.65,42.65,42.65,100,2021-07-29 14:49:00,NATI
42.65,42.65,42.65,42.65,100,2021-07-29 14:50:00,NATI
42.65,42.65,42.65,42.65,100,2021-07-29 14:51:00,NATI
42.65,42.68,42.63,42.63,2537,2021-07-29 14:52:00,NATI
42.65,42.65,42.63,42.63,352,2021-07-29 14:53:00,NATI
42.62,42.62,42.62,42.62,100,2021-07-29 14:55:00,NATI
42.62,42.62,42.62,42.62,300,2021-07-29 14:57:00,NATI
42.62,42.63,42.53,42.555,5021,2021-07-29 14:58:00,NATI
42.51,42.51,42.51,42.51,100,2021-07-29 14:59:00,NATI
42.52,42.52,42.51,42.51,600,2021-07-29 15:00:00,NATI
42.505,42.505,42.505,42.505,100,2021-07-29 15:01:00,NATI
42.505,42.505,42.505,42.505,113,2021-07-29 15:02:00,NATI
42.54,42.54,42.54,42.54,100,2021-07-29 15:04:00,NATI
42.53,42.53,42.53,42.53,100,2021-07-29 15:06:00,NATI
42.5,42.5,42.5,42.5,100,2021-07-29 15:07:00,NATI
42.52,42.52,42.52,42.52,100,2021-07-29 15:08:00,NATI
42.51,42.51,42.47,42.47,400,2021-07-29 15:09:00,NATI
42.44,42.44,42.44,42.44,100,2021-07-29 15:10:00,NATI
42.46,42.47,42.43,42.47,700,2021-07-29 15:11:00,NATI
42.43,42.49,42.43,42.49,500,2021-07-29 15:12:00,NATI
42.44,42.44,42.44,42.44,100,2021-07-29 15:13:00,NATI
42.44,42.44,42.44,42.44,100,2021-07-29 15:14:00,NATI
42.43,42.45,42.41,42.41,500,2021-07-29 15:15:00,NATI
42.38,42.38,42.38,42.38,100,2021-07-29 15:16:00,NATI
42.39,42.39,42.365,42.365,200,2021-07-29 15:17:00,NATI
42.38,42.38,42.36,42.38,300,2021-07-29 15:18:00,NATI
42.38,42.38,42.38,42.38,200,2021-07-29 15:19:00,NATI
42.37,42.43,42.37,42.415,1103,2021-07-29 15:20:00,NATI
42.42,42.43,42.42,42.43,300,2021-07-29 15:21:00,NATI
42.425,42.44,42.425,42.44,300,2021-07-29 15:22:00,NATI
42.43,42.46,42.43,42.46,500,2021-07-29 15:24:00,NATI
42.45,42.45,42.45,42.45,100,2021-07-29 15:25:00,NATI
42.43,42.43,42.42,42.42,495,2021-07-29 15:26:00,NATI
42.38,42.38,42.38,42.38,400,2021-07-29 15:27:00,NATI
42.385,42.41,42.385,42.41,200,2021-07-29 15:31:00,NATI
42.38,42.38,42.38,42.38,100,2021-07-29 15:32:00,NATI
42.4,42.4,42.4,42.4,400,2021-07-29 15:33:00,NATI
42.38,42.38,42.38,42.38,200,2021-07-29 15:34:00,NATI
42.38,42.38,42.38,42.38,200,2021-07-29 15:36:00,NATI
42.36,42.36,42.36,42.36,400,2021-07-29 15:37:00,NATI
42.35,42.35,42.35,42.35,300,2021-07-29 15:38:00,NATI
42.36,42.4,42.36,42.4,1100,2021-07-29 15:39:00,NATI
42.44,42.45,42.44,42.45,500,2021-07-29 15:40:00,NATI
42.49,42.49,42.49,42.49,100,2021-07-29 15:42:00,NATI
42.47,42.47,42.47,42.47,100,2021-07-29 15:44:00,NATI
42.47,42.47,42.47,42.47,500,2021-07-29 15:45:00,NATI
42.52,42.52,42.52,42.52,100,2021-07-29 15:47:00,NATI
42.49,42.52,42.49,42.5,600,2021-07-29 15:48:00,NATI
42.47,42.49,42.46,42.475,1100,2021-07-29 15:49:00,NATI
42.48,42.48,42.48,42.48,325,2021-07-29 15:50:00,NATI
42.48,42.48,42.48,42.48,100,2021-07-29 15:52:00,NATI
42.48,42.49,42.48,42.49,200,2021-07-29 15:53:00,NATI
42.52,42.52,42.52,42.52,200,2021-07-29 15:56:00,NATI
42.52,42.54,42.52,42.54,300,2021-07-29 15:57:00,NATI
42.56,42.57,42.55,42.55,700,2021-07-29 15:58:00,NATI
42.55,42.55,42.53,42.54,940,2021-07-29 16:00:00,NATI
42.54,42.56,42.54,42.56,500,2021-07-29 16:01:00,NATI
42.55,42.55,42.535,42.535,200,2021-07-29 16:04:00,NATI
42.5201,42.55,42.52,42.52,1400,2021-07-29 16:05:00,NATI
42.53,42.53,42.51,42.51,400,2021-07-29 16:06:00,NATI
42.52,42.52,42.52,42.52,225,2021-07-29 16:07:00,NATI
42.53,42.53,42.53,42.53,200,2021-07-29 16:10:00,NATI
42.53,42.54,42.53,42.535,847,2021-07-29 16:11:00,NATI
42.535,42.535,42.52,42.52,593,2021-07-29 16:13:00,NATI
42.5,42.54,42.5,42.54,1600,2021-07-29 16:14:00,NATI
42.56,42.56,42.56,42.56,100,2021-07-29 16:15:00,NATI
42.61,42.61,42.61,42.61,300,2021-07-29 16:20:00,NATI
42.6,42.6,42.6,42.6,300,2021-07-29 16:21:00,NATI
42.59,42.59,42.59,42.59,100,2021-07-29 16:22:00,NATI
42.58,42.58,42.58,42.58,100,2021-07-29 16:25:00,NATI
42.54,42.54,42.52,42.52,600,2021-07-29 16:26:00,NATI
42.52,42.52,42.52,42.52,300,2021-07-29 16:27:00,NATI
42.5,42.5,42.5,42.5,100,2021-07-29 16:28:00,NATI
42.505,42.52,42.505,42.52,620,2021-07-29 16:31:00,NATI
42.51,42.51,42.49,42.49,700,2021-07-29 16:32:00,NATI
42.49,42.49,42.49,42.49,100,2021-07-29 16:33:00,NATI
42.495,42.495,42.495,42.495,100,2021-07-29 16:34:00,NATI
42.48,42.48,42.46,42.47,800,2021-07-29 16:35:00,NATI
42.46,42.46,42.45,42.45,400,2021-07-29 16:37:00,NATI
42.41,42.41,42.41,42.41,200,2021-07-29 16:38:00,NATI
42.415,42.42,42.4,42.42,1100,2021-07-29 16:40:00,NATI
42.4,42.4,42.4,42.4,100,2021-07-29 16:43:00,NATI
42.39,42.39,42.39,42.39,500,2021-07-29 16:45:00,NATI
42.365,42.41,42.365,42.4,1102,2021-07-29 16:47:00,NATI
42.375,42.39,42.36,42.36,900,2021-07-29 16:48:00,NATI
42.37,42.38,42.37,42.38,409,2021-07-29 16:49:00,NATI
42.445,42.445,42.435,42.435,300,2021-07-29 16:52:00,NATI
42.43,42.43,42.41,42.41,541,2021-07-29 16:53:00,NATI
42.41,42.41,42.39,42.39,2100,2021-07-29 16:54:00,NATI
42.41,42.41,42.41,42.41,282,2021-07-29 16:55:00,NATI
42.45,42.465,42.45,42.465,500,2021-07-29 16:59:00,NATI
42.45,42.45,42.445,42.445,1023,2021-07-29 17:05:00,NATI
42.445,42.445,42.445,42.445,100,2021-07-29 17:06:00,NATI
42.47,42.47,42.455,42.455,400,2021-07-29 17:09:00,NATI
42.44,42.44,42.44,42.44,400,2021-07-29 17:10:00,NATI
42.43,42.46,42.43,42.46,1100,2021-07-29 17:11:00,NATI
42.44,42.445,42.44,42.445,300,2021-07-29 17:15:00,NATI
42.43,42.435,42.4,42.4,1528,2021-07-29 17:17:00,NATI
42.3875,42.4,42.38,42.395,2134,2021-07-29 17:18:00,NATI
42.38,42.38,42.38,42.38,1100,2021-07-29 17:20:00,NATI
42.39,42.41,42.39,42.395,1100,2021-07-29 17:21:00,NATI
42.39,42.395,42.385,42.395,300,2021-07-29 17:24:00,NATI
42.395,42.41,42.395,42.395,867,2021-07-29 17:27:00,NATI
42.41,42.43,42.41,42.43,345,2021-07-29 17:28:00,NATI
42.43,42.445,42.43,42.445,400,2021-07-29 17:29:00,NATI
42.465,42.465,42.465,42.465,100,2021-07-29 17:30:00,NATI
42.465,42.465,42.465,42.465,100,2021-07-29 17:31:00,NATI
42.48,42.48,42.465,42.465,500,2021-07-29 17:32:00,NATI
42.45,42.45,42.45,42.45,300,2021-07-29 17:33:00,NATI
42.47,42.47,42.45,42.45,1001,2021-07-29 17:34:00,NATI
42.47,42.47,42.455,42.47,600,2021-07-29 17:35:00,NATI
42.47,42.49,42.47,42.47,600,2021-07-29 17:37:00,NATI
42.49,42.49,42.475,42.475,400,2021-07-29 17:39:00,NATI
42.49,42.49,42.49,42.49,200,2021-07-29 17:40:00,NATI
42.48,42.48,42.48,42.48,100,2021-07-29 17:43:00,NATI
42.48,42.48,42.48,42.48,500,2021-07-29 17:44:00,NATI
42.48,42.48,42.48,42.48,200,2021-07-29 17:45:00,NATI
42.5,42.5,42.49,42.49,200,2021-07-29 17:46:00,NATI
42.47,42.47,42.47,42.47,100,2021-07-29 17:47:00,NATI
42.47,42.48,42.46,42.46,700,2021-07-29 17:48:00,NATI
42.42,42.42,42.42,42.42,100,2021-07-29 17:51:00,NATI
42.41,42.41,42.4,42.4,1100,2021-07-29 17:52:00,NATI
42.4,42.41,42.4,42.4,1202,2021-07-29 17:53:00,NATI
42.4,42.4,42.39,42.4,400,2021-07-29 17:54:00,NATI
42.395,42.42,42.395,42.4,3791,2021-07-29 17:55:00,NATI
42.4,42.42,42.4,42.4,914,2021-07-29 17:56:00,NATI
42.435,42.435,42.435,42.435,100,2021-07-29 17:58:00,NATI
42.44,42.44,42.44,42.44,100,2021-07-29 17:59:00,NATI
42.47,42.47,42.47,42.47,100,2021-07-29 18:00:00,NATI
42.475,42.475,42.475,42.475,100,2021-07-29 18:01:00,NATI
42.44,42.46,42.425,42.425,818,2021-07-29 18:05:00,NATI
42.425,42.425,42.405,42.405,800,2021-07-29 18:06:00,NATI
42.395,42.395,42.395,42.395,100,2021-07-29 18:07:00,NATI
42.38,42.39,42.36,42.375,1013,2021-07-29 18:09:00,NATI
42.37,42.37,42.35,42.35,2399,2021-07-29 18:10:00,NATI
42.375,42.4,42.375,42.4,714,2021-07-29 18:13:00,NATI
42.41,42.41,42.41,42.41,400,2021-07-29 18:15:00,NATI
42.39,42.39,42.39,42.39,332,2021-07-29 18:17:00,NATI
42.41,42.43,42.41,42.43,650,2021-07-29 18:18:00,NATI
42.43,42.43,42.43,42.43,400,2021-07-29 18:19:00,NATI
42.41,42.42,42.4,42.4,500,2021-07-29 18:21:00,NATI
42.39,42.39,42.38,42.38,2177,2021-07-29 18:22:00,NATI
42.38,42.38,42.38,42.38,300,2021-07-29 18:24:00,NATI
42.375,42.375,42.375,42.375,500,2021-07-29 18:26:00,NATI
42.39,42.39,42.39,42.39,306,2021-07-29 18:27:00,NATI
42.39,42.415,42.39,42.415,481,2021-07-29 18:28:00,NATI
42.4,42.4,42.4,42.4,100,2021-07-29 18:29:00,NATI
42.405,42.405,42.38,42.385,350,2021-07-29 18:32:00,NATI
42.37,42.37,42.31,42.31,1490,2021-07-29 18:33:00,NATI
42.35,42.36,42.335,42.36,900,2021-07-29 18:35:00,NATI
42.32,42.32,42.31,42.31,636,2021-07-29 18:36:00,NATI
42.31,42.31,42.29,42.29,200,2021-07-29 18:37:00,NATI
42.26,42.26,42.26,42.26,200,2021-07-29 18:38:00,NATI
42.255,42.255,42.255,42.255,100,2021-07-29 18:39:00,NATI
42.27,42.27,42.27,42.27,100,2021-07-29 18:40:00,NATI
42.275,42.3,42.275,42.29,900,2021-07-29 18:43:00,NATI
42.3,42.3,42.28,42.29,506,2021-07-29 18:44:00,NATI
42.28,42.28,42.27,42.27,500,2021-07-29 18:45:00,NATI
42.28,42.28,42.28,42.28,100,2021-07-29 18:47:00,NATI
42.28,42.3,42.28,42.285,706,2021-07-29 18:51:00,NATI
42.27,42.275,42.25,42.25,996,2021-07-29 18:53:00,NATI
42.24,42.24,42.215,42.215,300,2021-07-29 18:54:00,NATI
42.22,42.22,42.2,42.2,801,2021-07-29 18:55:00,NATI
42.22,42.22,42.21,42.21,810,2021-07-29 18:56:00,NATI
42.21,42.21,42.21,42.21,700,2021-07-29 18:57:00,NATI
42.22,42.27,42.21,42.27,1199,2021-07-29 18:58:00,NATI
42.28,42.3,42.28,42.3,275,2021-07-29 18:59:00,NATI
42.27,42.27,42.23,42.23,1545,2021-07-29 19:00:00,NATI
42.23,42.23,42.22,42.22,300,2021-07-29 19:04:00,NATI
42.22,42.23,42.22,42.23,300,2021-07-29 19:05:00,NATI
42.22,42.23,42.22,42.225,700,2021-07-29 19:06:00,NATI
42.23,42.24,42.23,42.24,300,2021-07-29 19:07:00,NATI
42.24,42.24,42.24,42.24,100,2021-07-29 19:08:00,NATI
42.23,42.23,42.2298,42.2298,213,2021-07-29 19:09:00,NATI
42.25,42.25,42.25,42.25,100,2021-07-29 19:10:00,NATI
42.27,42.27,42.26,42.2636,2386,2021-07-29 19:12:00,NATI
42.26,42.27,42.26,42.27,200,2021-07-29 19:13:00,NATI
42.26,42.26,42.25,42.25,400,2021-07-29 19:14:00,NATI
42.27,42.29,42.27,42.29,671,2021-07-29 19:15:00,NATI
42.24,42.24,42.24,42.24,100,2021-07-29 19:16:00,NATI
42.25,42.25,42.24,42.24,500,2021-07-29 19:18:00,NATI
42.24,42.24,42.24,42.24,200,2021-07-29 19:20:00,NATI
42.24,42.26,42.23,42.26,800,2021-07-29 19:22:00,NATI
42.245,42.245,42.245,42.245,200,2021-07-29 19:23:00,NATI
42.25,42.25,42.245,42.25,300,2021-07-29 19:24:00,NATI
42.245,42.2475,42.245,42.2475,200,2021-07-29 19:25:00,NATI
42.24,42.24,42.235,42.235,300,2021-07-29 19:26:00,NATI
42.24,42.24,42.23,42.23,760,2021-07-29 19:27:00,NATI
42.23,42.25,42.23,42.25,300,2021-07-29 19:28:00,NATI
42.24,42.24,42.23,42.23,200,2021-07-29 19:29:00,NATI
42.23,42.245,42.21,42.21,2002,2021-07-29 19:30:00,NATI
42.205,42.22,42.205,42.22,200,2021-07-29 19:31:00,NATI
42.22,42.22,42.22,42.22,100,2021-07-29 19:32:00,NATI
42.22,42.25,42.22,42.25,1200,2021-07-29 19:33:00,NATI
42.23,42.23,42.23,42.23,414,2021-07-29 19:34:00,NATI
42.26,42.29,42.26,42.285,1547,2021-07-29 19:36:00,NATI
42.27,42.29,42.27,42.29,607,2021-07-29 19:37:00,NATI
42.3,42.3,42.28,42.285,609,2021-07-29 19:39:00,NATI
42.27,42.27,42.27,42.27,402,2021-07-29 19:40:00,NATI
42.26,42.26,42.25,42.25,716,2021-07-29 19:41:00,NATI
42.24,42.24,42.24,42.24,200,2021-07-29 19:42:00,NATI
42.24,42.25,42.23,42.24,700,2021-07-29 19:43:00,NATI
42.24,42.24,42.235,42.235,649,2021-07-29 19:44:00,NATI
42.25,42.25,42.24,42.24,1424,2021-07-29 19:45:00,NATI
42.24,42.24,42.23,42.23,696,2021-07-29 19:46:00,NATI
42.23,42.23,42.22,42.22,556,2021-07-29 19:47:00,NATI
42.22,42.22,42.195,42.2,1659,2021-07-29 19:48:00,NATI
42.195,42.195,42.175,42.175,300,2021-07-29 19:49:00,NATI
42.15,42.15,42.1,42.15,3923,2021-07-29 19:50:00,NATI
42.15,42.185,42.15,42.165,1208,2021-07-29 19:51:00,NATI
42.18,42.19,42.16,42.17,1692,2021-07-29 19:52:00,NATI
42.18,42.185,42.16,42.18,2500,2021-07-29 19:53:00,NATI
42.19,42.23,42.185,42.21,2200,2021-07-29 19:54:00,NATI
42.215,42.215,42.16,42.16,2206,2021-07-29 19:55:00,NATI
42.165,42.185,42.14,42.185,3128,2021-07-29 19:56:00,NATI
42.18,42.2,42.16,42.16,2381,2021-07-29 19:57:00,NATI
42.19,42.19,42.12,42.13,2961,2021-07-29 19:58:00,NATI
42.14,42.175,42.1,42.16,4705,2021-07-29 19:59:00,NATI
42.12,42.12,42.12,42.12,54293,2021-07-29 20:00:00,NATI
43.86,43.86,42.58,42.74,13334,2021-07-30 13:30:00,NATI
42.98,43.5,42.98,43.5,3323,2021-07-30 13:31:00,NATI
43.5,43.68,43.41,43.68,1250,2021-07-30 13:33:00,NATI
43.86,43.9973,43.72,43.73,1498,2021-07-30 13:34:00,NATI
43.92,43.92,43.71,43.71,200,2021-07-30 13:35:00,NATI
43.72,44.06,43.72,44.0,4305,2021-07-30 13:36:00,NATI
44.1,44.1,43.98,44.05,700,2021-07-30 13:37:00,NATI
44.05,44.05,43.85,43.93,1900,2021-07-30 13:38:00,NATI
43.8701,44.16,43.8701,44.14,2791,2021-07-30 13:39:00,NATI
44.25,44.3,44.23,44.3,664,2021-07-30 13:40:00,NATI
44.2513,44.2555,44.23,44.23,460,2021-07-30 13:41:00,NATI
44.2,44.3,44.2,44.3,2400,2021-07-30 13:42:00,NATI
44.2126,44.51,44.2126,44.38,2608,2021-07-30 13:43:00,NATI
44.42,44.42,44.39,44.39,1400,2021-07-30 13:44:00,NATI
44.37,44.46,44.37,44.425,500,2021-07-30 13:45:00,NATI
44.47,44.485,44.42,44.485,400,2021-07-30 13:46:00,NATI
44.47,44.74,44.34,44.7,15085,2021-07-30 13:47:00,NATI
44.58,44.7,44.56,44.58,1800,2021-07-30 13:48:00,NATI
44.6,44.74,44.55,44.64,2100,2021-07-30 13:49:00,NATI
44.685,44.8499,44.64,44.67,4244,2021-07-30 13:50:00,NATI
44.7,44.75,44.6,44.695,3003,2021-07-30 13:51:00,NATI
44.7546,44.7546,44.57,44.66,1095,2021-07-30 13:52:00,NATI
44.58,44.61,44.4101,44.4101,2176,2021-07-30 13:53:00,NATI
44.535,44.535,44.535,44.535,100,2021-07-30 13:54:00,NATI
44.68,44.95,44.67,44.89,3549,2021-07-30 13:55:00,NATI
44.6329,44.6329,44.6,44.6,512,2021-07-30 13:56:00,NATI
44.88,44.88,44.61,44.61,1139,2021-07-30 13:57:00,NATI
44.735,44.735,44.6,44.61,1900,2021-07-30 13:58:00,NATI
44.65,44.73,44.53,44.73,1915,2021-07-30 13:59:00,NATI
44.82,44.82,44.66,44.66,200,2021-07-30 14:00:00,NATI
44.66,44.67,44.66,44.66,397,2021-07-30 14:01:00,NATI
44.73,44.73,44.73,44.73,251,2021-07-30 14:02:00,NATI
44.8,44.8,44.72,44.79,902,2021-07-30 14:03:00,NATI
44.81,44.88,44.7494,44.7494,2015,2021-07-30 14:04:00,NATI
44.67,44.8,44.67,44.7006,1580,2021-07-30 14:05:00,NATI
44.7673,44.8,44.73,44.73,650,2021-07-30 14:06:00,NATI
44.75,44.85,44.75,44.85,700,2021-07-30 14:07:00,NATI
44.815,44.815,44.78,44.81,1788,2021-07-30 14:08:00,NATI
44.78,44.86,44.78,44.83,2000,2021-07-30 14:09:00,NATI
44.78,44.78,44.75,44.75,300,2021-07-30 14:10:00,NATI
44.74,44.83,44.74,44.83,444,2021-07-30 14:11:00,NATI
44.75,44.77,44.68,44.68,738,2021-07-30 14:12:00,NATI
44.64,44.7,44.64,44.7,200,2021-07-30 14:13:00,NATI
44.73,44.73,44.64,44.69,700,2021-07-30 14:14:00,NATI
44.7182,44.7182,44.5882,44.5882,475,2021-07-30 14:15:00,NATI
44.61,44.67,44.61,44.63,2621,2021-07-30 14:16:00,NATI
44.58,44.58,44.47,44.47,1336,2021-07-30 14:17:00,NATI
44.585,44.585,44.45,44.4898,800,2021-07-30 14:18:00,NATI
44.5,44.545,44.49,44.545,1200,2021-07-30 14:19:00,NATI
44.55,44.555,44.49,44.49,2500,2021-07-30 14:20:00,NATI
44.5422,44.5422,44.5422,44.5422,219,2021-07-30 14:22:00,NATI
44.5,44.555,44.5,44.555,200,2021-07-30 14:23:00,NATI
44.51,44.585,44.5,44.585,500,2021-07-30 14:25:00,NATI
44.545,44.6,44.52,44.52,500,2021-07-30 14:26:00,NATI
44.56,44.56,44.55,44.55,400,2021-07-30 14:27:00,NATI
44.525,44.525,44.525,44.525,100,2021-07-30 14:28:00,NATI
44.515,44.525,44.5,44.5,22037,2021-07-30 14:29:00,NATI
44.46,44.46,44.42,44.42,394,2021-07-30 14:30:00,NATI
44.5,44.505,44.46,44.46,1091,2021-07-30 14:31:00,NATI
44.46,44.495,44.46,44.495,600,2021-07-30 14:32:00,NATI
44.44,44.44,44.405,44.405,300,2021-07-30 14:33:00,NATI
44.395,44.4,44.29,44.36,1196,2021-07-30 14:34:00,NATI
44.36,44.36,44.33,44.33,300,2021-07-30 14:35:00,NATI
44.37,44.42,44.37,44.4,899,2021-07-30 14:36:00,NATI
44.4,44.4,44.4,44.4,200,2021-07-30 14:37:00,NATI
44.3,44.3,44.3,44.3,100,2021-07-30 14:39:00,NATI
44.43,44.43,44.42,44.42,490,2021-07-30 14:42:00,NATI
44.34,44.36,44.29,44.3114,3350,2021-07-30 14:43:00,NATI
44.23,44.23,44.23,44.23,100,2021-07-30 14:44:00,NATI
44.27,44.27,44.27,44.27,127,2021-07-30 14:45:00,NATI
44.235,44.27,44.235,44.2398,302,2021-07-30 14:46:00,NATI
44.2899,44.2899,44.2899,44.2899,100,2021-07-30 14:47:00,NATI
44.29,44.29,44.29,44.29,400,2021-07-30 14:48:00,NATI
44.38,44.38,44.33,44.33,400,2021-07-30 14:50:00,NATI
44.37,44.4143,44.36,44.4143,642,2021-07-30 14:51:00,NATI
44.42,44.46,44.42,44.46,306,2021-07-30 14:52:00,NATI
44.425,44.425,44.37,44.37,1390,2021-07-30 14:53:00,NATI
44.34,44.37,44.28,44.3,2111,2021-07-30 14:54:00,NATI
44.26,44.28,44.26,44.26,800,2021-07-30 14:55:00,NATI
44.25,44.25,44.2,44.2,1201,2021-07-30 14:56:00,NATI
44.185,44.185,44.185,44.185,100,2021-07-30 14:57:00,NATI
44.22,44.23,44.1601,44.18,1403,2021-07-30 14:58:00,NATI
44.18,44.18,44.18,44.18,200,2021-07-30 14:59:00,NATI
44.17,44.18,44.16,44.16,1391,2021-07-30 15:00:00,NATI
44.18,44.2,44.18,44.19,700,2021-07-30 15:01:00,NATI
44.1827,44.185,44.16,44.18,853,2021-07-30 15:02:00,NATI
44.15,44.175,44.15,44.165,300,2021-07-30 15:03:00,NATI
44.17,44.17,44.14,44.14,200,2021-07-30 15:04:00,NATI
44.155,44.17,44.12,44.12,4415,2021-07-30 15:05:00,NATI
44.13,44.16,44.13,44.16,601,2021-07-30 15:06:00,NATI
44.16,44.17,44.16,44.17,200,2021-07-30 15:07:00,NATI
44.2,44.2,44.18,44.18,1242,2021-07-30 15:08:00,NATI
44.235,44.26,44.235,44.25,1000,2021-07-30 15:09:00,NATI
44.25,44.25,44.25,44.25,800,2021-07-30 15:10:00,NATI
44.23,44.23,44.19,44.21,600,2021-07-30 15:11:00,NATI
44.185,44.185,44.15,44.185,300,2021-07-30 15:13:00,NATI
44.2,44.2,44.2,44.2,500,2021-07-30 15:14:00,NATI
44.155,44.155,44.155,44.155,100,2021-07-30 15:15:00,NATI
44.14,44.15,44.14,44.15,236,2021-07-30 15:18:00,NATI
44.145,44.145,44.105,44.105,300,2021-07-30 15:19:00,NATI
44.11,44.13,44.11,44.13,300,2021-07-30 15:20:00,NATI
44.11,44.11,44.04,44.08,634,2021-07-30 15:21:00,NATI
44.04,44.05,44.04,44.04,300,2021-07-30 15:22:00,NATI
44.05,44.06,44.05,44.06,200,2021-07-30 15:23:00,NATI
44.04,44.04,44.04,44.04,100,2021-07-30 15:24:00,NATI
44.07,44.145,44.04,44.145,3200,2021-07-30 15:26:00,NATI
44.205,44.27,44.195,44.215,2193,2021-07-30 15:28:00,NATI
44.235,44.27,44.235,44.25,910,2021-07-30 15:29:00,NATI
44.29,44.29,44.29,44.29,220,2021-07-30 15:30:00,NATI
44.29,44.35,44.29,44.35,1400,2021-07-30 15:31:00,NATI
44.27,44.27,44.26,44.26,200,2021-07-30 15:32:00,NATI
44.23,44.23,44.17,44.19,1100,2021-07-30 15:33:00,NATI
44.15,44.15,44.12,44.12,300,2021-07-30 15:34:00,NATI
44.16,44.16,44.16,44.16,400,2021-07-30 15:35:00,NATI
44.18,44.21,44.16,44.16,1120,2021-07-30 15:37:00,NATI
44.14,44.14,44.14,44.14,200,2021-07-30 15:40:00,NATI
44.11,44.11,44.055,44.055,1428,2021-07-30 15:41:00,NATI
44.055,44.06,44.055,44.06,600,2021-07-30 15:42:00,NATI
44.04,44.04,44.04,44.04,100,2021-07-30 15:43:00,NATI
44.06,44.08,44.05,44.075,1195,2021-07-30 15:44:00,NATI
44.06,44.06,44.06,44.06,100,2021-07-30 15:45:00,NATI
44.0452,44.0452,44.0452,44.0452,154,2021-07-30 15:46:00,NATI
44.055,44.06,44.01,44.03,7340,2021-07-30 15:47:00,NATI
44.05,44.05,44.01,44.05,5078,2021-07-30 15:48:00,NATI
44.04,44.04,44.02,44.02,200,2021-07-30 15:49:00,NATI
44.01,44.02,44.0,44.01,5440,2021-07-30 15:50:00,NATI
44.02,44.12,44.02,44.065,1721,2021-07-30 15:51:00,NATI
44.12,44.15,44.1,44.12,1020,2021-07-30 15:52:00,NATI
44.11,44.11,44.11,44.11,100,2021-07-30 15:53:00,NATI
44.08,44.08,44.08,44.08,100,2021-07-30 15:54:00,NATI
44.13,44.13,44.13,44.13,100,2021-07-30 15:55:00,NATI
44.14,44.1899,44.1,44.1899,1740,2021-07-30 15:56:00,NATI
44.14,44.14,44.14,44.14,100,2021-07-30 15:58:00,NATI
44.11,44.16,44.11,44.14,500,2021-07-30 15:59:00,NATI
44.18,44.18,44.14,44.14,325,2021-07-30 16:01:00,NATI
44.155,44.155,44.14,44.14,622,2021-07-30 16:02:00,NATI
44.12,44.12,44.12,44.12,400,2021-07-30 16:03:00,NATI
44.09,44.13,44.09,44.13,200,2021-07-30 16:04:00,NATI
44.09,44.09,44.08,44.08,600,2021-07-30 16:05:00,NATI
44.09,44.09,44.06,44.07,2700,2021-07-30 16:06:00,NATI
44.05,44.12,44.05,44.11,1623,2021-07-30 16:07:00,NATI
44.12,44.12,44.09,44.11,400,2021-07-30 16:09:00,NATI
44.1,44.1,44.09,44.09,400,2021-07-30 16:10:00,NATI
44.055,44.055,44.03,44.04,1000,2021-07-30 16:13:00,NATI
44.04,44.04,44.0,44.01,5558,2021-07-30 16:14:00,NATI
44.04,44.04,44.04,44.04,100,2021-07-30 16:15:00,NATI
44.09,44.11,44.07,44.1,1506,2021-07-30 16:17:00,NATI
44.075,44.1099,44.075,44.1099,600,2021-07-30 16:18:00,NATI
44.11,44.11,44.1,44.11,1400,2021-07-30 16:19:00,NATI
44.12,44.12,44.11,44.12,500,2021-07-30 16:20:00,NATI
44.08,44.11,44.08,44.095,554,2021-07-30 16:21:00,NATI
44.1199,44.1199,44.1199,44.1199,500,2021-07-30 16:22:00,NATI
44.04,44.04,44.04,44.04,100,2021-07-30 16:23:00,NATI
44.09,44.1,44.09,44.09,879,2021-07-30 16:25:00,NATI
44.11,44.11,44.105,44.105,300,2021-07-30 16:26:00,NATI
44.1125,44.12,44.1125,44.12,1000,2021-07-30 16:27:00,NATI
44.12,44.12,44.08,44.08,600,2021-07-30 16:28:00,NATI
44.11,44.11,44.07,44.07,338,2021-07-30 16:29:00,NATI
44.08,44.08,44.08,44.08,100,2021-07-30 16:30:00,NATI
44.11,44.12,44.08,44.09,1383,2021-07-30 16:31:00,NATI
44.12,44.12,44.09,44.09,361,2021-07-30 16:32:00,NATI
44.1,44.1,44.1,44.1,200,2021-07-30 16:33:00,NATI
44.1168,44.1168,44.11,44.11,450,2021-07-30 16:34:00,NATI
44.08,44.08,44.07,44.08,400,2021-07-30 16:35:00,NATI
44.04,44.04,44.04,44.04,100,2021-07-30 16:36:00,NATI
44.04,44.07,44.04,44.07,700,2021-07-30 16:37:00,NATI
44.05,44.05,44.05,44.05,200,2021-07-30 16:40:00,NATI
44.06,44.06,44.06,44.06,300,2021-07-30 16:41:00,NATI
44.04,44.04,44.02,44.02,2021,2021-07-30 16:42:00,NATI
44.02,44.065,44.0,44.04,6199,2021-07-30 16:43:00,NATI
44.04,44.08,44.04,44.08,1240,2021-07-30 16:45:00,NATI
44.03,44.04,44.03,44.04,394,2021-07-30 16:47:00,NATI
44.08,44.18,44.08,44.18,1400,2021-07-30 16:48:00,NATI
44.2,44.25,44.19,44.215,1620,2021-07-30 16:49:00,NATI
44.23,44.28,44.23,44.26,8928,2021-07-30 16:51:00,NATI
44.27,44.33,44.27,44.33,400,2021-07-30 16:52:00,NATI
44.36,44.36,44.35,44.35,200,2021-07-30 16:53:00,NATI
44.3321,44.42,44.3321,44.42,1487,2021-07-30 16:54:00,NATI
44.42,44.45,44.39,44.39,350,2021-07-30 16:55:00,NATI
44.43,44.43,44.43,44.43,100,2021-07-30 16:56:00,NATI
44.39,44.42,44.385,44.385,601,2021-07-30 16:57:00,NATI
44.42,44.47,44.42,44.42,1200,2021-07-30 16:58:00,NATI
44.49,44.54,44.48,44.54,3048,2021-07-30 16:59:00,NATI
44.49,44.5,44.485,44.485,500,2021-07-30 17:00:00,NATI
44.43,44.43,44.4,44.4,300,2021-07-30 17:01:00,NATI
44.45,44.45,44.45,44.45,400,2021-07-30 17:02:00,NATI
44.45,44.45,44.45,44.45,100,2021-07-30 17:03:00,NATI
44.46,44.52,44.46,44.52,1004,2021-07-30 17:05:00,NATI
44.53,44.56,44.52,44.54,400,2021-07-30 17:06:00,NATI
44.51,44.66,44.51,44.66,373,2021-07-30 17:07:00,NATI
44.66,44.66,44.66,44.66,100,2021-07-30 17:08:00,NATI
44.61,44.61,44.56,44.56,1702,2021-07-30 17:09:00,NATI
44.555,44.555,44.555,44.555,100,2021-07-30 17:11:00,NATI
44.51,44.58,44.51,44.555,706,2021-07-30 17:12:00,NATI
44.555,44.56,44.555,44.56,300,2021-07-30 17:13:00,NATI
44.56,44.71,44.56,44.64,3404,2021-07-30 17:14:00,NATI
44.66,44.66,44.66,44.66,200,2021-07-30 17:15:00,NATI
44.685,44.685,44.64,44.64,809,2021-07-30 17:16:00,NATI
44.61,44.75,44.61,44.74,6369,2021-07-30 17:17:00,NATI
44.74,44.75,44.7,44.7,3525,2021-07-30 17:18:00,NATI
44.75,44.79,44.715,44.79,1100,2021-07-30 17:19:00,NATI
44.74,44.75,44.73,44.74,800,2021-07-30 17:21:00,NATI
44.68,44.68,44.68,44.68,100,2021-07-30 17:22:00,NATI
44.69,44.69,44.68,44.68,500,2021-07-30 17:23:00,NATI
44.7,44.74,44.7,44.71,1600,2021-07-30 17:24:00,NATI
44.73,44.74,44.73,44.74,500,2021-07-30 17:25:00,NATI
44.715,44.74,44.69,44.74,1041,2021-07-30 17:27:00,NATI
44.735,44.735,44.735,44.735,200,2021-07-30 17:28:00,NATI
44.72,44.72,44.72,44.72,100,2021-07-30 17:29:00,NATI
44.76,44.79,44.76,44.79,400,2021-07-30 17:30:00,NATI
44.79,44.8,44.78,44.78,500,2021-07-30 17:31:00,NATI
44.77,44.8,44.77,44.8,200,2021-07-30 17:32:00,NATI
44.8,44.83,44.8,44.8,873,2021-07-30 17:33:00,NATI
44.85,44.89,44.85,44.89,864,2021-07-30 17:34:00,NATI
44.895,44.92,44.85,44.92,1049,2021-07-30 17:35:00,NATI
44.92,44.92,44.92,44.92,200,2021-07-30 17:36:00,NATI
44.86,44.91,44.86,44.91,300,2021-07-30 17:37:00,NATI
44.87,44.888,44.87,44.888,519,2021-07-30 17:38:00,NATI
44.87,44.87,44.81,44.86,1687,2021-07-30 17:39:00,NATI
44.86,44.89,44.83,44.89,922,2021-07-30 17:40:00,NATI
44.87,44.87,44.84,44.85,518,2021-07-30 17:41:00,NATI
44.835,44.835,44.8,44.8,700,2021-07-30 17:42:00,NATI
44.8,44.8,44.77,44.77,1800,2021-07-30 17:43:00,NATI
44.79,44.79,44.765,44.765,200,2021-07-30 17:44:00,NATI
44.76,44.77,44.76,44.77,300,2021-07-30 17:45:00,NATI
44.72,44.76,44.72,44.76,1000,2021-07-30 17:46:00,NATI
44.73,44.76,44.73,44.76,700,2021-07-30 17:47:00,NATI
44.84,44.84,44.74,44.76,2500,2021-07-30 17:48:00,NATI
44.78,44.78,44.75,44.77,700,2021-07-30 17:49:00,NATI
44.75,44.75,44.72,44.75,800,2021-07-30 17:50:00,NATI
44.74,44.8,44.74,44.8,1703,2021-07-30 17:51:00,NATI
44.78,44.78,44.75,44.77,1300,2021-07-30 17:53:00,NATI
44.78,44.79,44.77,44.77,600,2021-07-30 17:54:00,NATI
44.775,44.775,44.76,44.76,700,2021-07-30 17:55:00,NATI
44.8,44.81,44.75,44.8,1544,2021-07-30 17:56:00,NATI
44.805,44.805,44.805,44.805,100,2021-07-30 17:57:00,NATI
44.8,44.8,44.78,44.78,200,2021-07-30 17:58:00,NATI
44.81,44.81,44.76,44.76,500,2021-07-30 17:59:00,NATI
44.76,44.77,44.75,44.76,1200,2021-07-30 18:00:00,NATI
44.75,44.75,44.71,44.74,1613,2021-07-30 18:01:00,NATI
44.72,44.72,44.72,44.72,100,2021-07-30 18:02:00,NATI
44.7066,44.71,44.66,44.69,2007,2021-07-30 18:03:00,NATI
44.7041,44.7041,44.695,44.695,500,2021-07-30 18:05:00,NATI
44.69,44.695,44.67,44.68,2100,2021-07-30 18:06:00,NATI
44.67,44.69,44.67,44.69,994,2021-07-30 18:07:00,NATI
44.69,44.76,44.69,44.76,3285,2021-07-30 18:08:00,NATI
44.72,44.7312,44.72,44.72,600,2021-07-30 18:10:00,NATI
44.76,44.76,44.75,44.75,559,2021-07-30 18:11:00,NATI
44.77,44.77,44.76,44.76,1024,2021-07-30 18:12:00,NATI
44.75,44.75,44.69,44.71,3004,2021-07-30 18:13:00,NATI
44.66,44.66,44.66,44.66,600,2021-07-30 18:15:00,NATI
44.66,44.66,44.58,44.61,892,2021-07-30 18:16:00,NATI
44.6,44.61,44.6,44.61,200,2021-07-30 18:17:00,NATI
44.61,44.66,44.61,44.64,2900,2021-07-30 18:18:00,NATI
44.65,44.65,44.65,44.65,300,2021-07-30 18:19:00,NATI
44.64,44.64,44.64,44.64,200,2021-07-30 18:20:00,NATI
44.65,44.655,44.57,44.61,8122,2021-07-30 18:21:00,NATI
44.62,44.64,44.62,44.62,1367,2021-07-30 18:22:00,NATI
44.62,44.62,44.62,44.62,153,2021-07-30 18:23:00,NATI
44.625,44.625,44.625,44.625,100,2021-07-30 18:24:00,NATI
44.58,44.58,44.52,44.52,400,2021-07-30 18:26:00,NATI
44.53,44.53,44.53,44.53,200,2021-07-30 18:27:00,NATI
44.5,44.5,44.47,44.5,632,2021-07-30 18:28:00,NATI
44.46,44.5,44.46,44.5,200,2021-07-30 18:29:00,NATI
44.49,44.54,44.49,44.52,1300,2021-07-30 18:30:00,NATI
44.55,44.55,44.52,44.52,500,2021-07-30 18:31:00,NATI
44.51,44.51,44.51,44.51,200,2021-07-30 18:32:00,NATI
44.505,44.57,44.505,44.53,3596,2021-07-30 18:34:00,NATI
44.535,44.59,44.535,44.59,1530,2021-07-30 18:35:00,NATI
44.6,44.62,44.56,44.61,1700,2021-07-30 18:36:00,NATI
44.6,44.61,44.59,44.59,800,2021-07-30 18:37:00,NATI
44.59,44.6,44.59,44.6,720,2021-07-30 18:38:00,NATI
44.58,44.58,44.53,44.54,1135,2021-07-30 18:39:00,NATI
44.48,44.515,44.48,44.515,1100,2021-07-30 18:41:00,NATI
44.49,44.51,44.36,44.405,2518,2021-07-30 18:42:00,NATI
44.405,44.405,44.37,44.405,3464,2021-07-30 18:43:00,NATI
44.405,44.405,44.4,44.4,600,2021-07-30 18:44:00,NATI
44.4,44.43,44.3,44.355,6068,2021-07-30 18:45:00,NATI
44.355,44.37,44.355,44.37,1314,2021-07-30 18:46:00,NATI
44.38,44.41,44.38,44.4,1992,2021-07-30 18:47:00,NATI
44.39,44.39,44.365,44.365,1400,2021-07-30 18:49:00,NATI
44.365,44.37,44.35,44.35,1096,2021-07-30 18:50:00,NATI
44.365,44.365,44.365,44.365,100,2021-07-30 18:51:00,NATI
44.35,44.355,44.35,44.355,400,2021-07-30 18:52:00,NATI
44.33,44.35,44.26,44.27,2810,2021-07-30 18:53:00,NATI
44.27,44.3,44.24,44.28,5685,2021-07-30 18:54:00,NATI
44.25,44.25,44.235,44.235,279,2021-07-30 18:55:00,NATI
44.235,44.235,44.21,44.235,650,2021-07-30 18:56:00,NATI
44.24,44.25,44.15,44.15,2735,2021-07-30 18:57:00,NATI
44.13,44.17,44.1,44.12,2053,2021-07-30 18:58:00,NATI
44.155,44.17,44.095,44.1092,6355,2021-07-30 18:59:00,NATI
44.11,44.15,44.095,44.15,3304,2021-07-30 19:00:00,NATI
44.155,44.17,44.155,44.17,1449,2021-07-30 19:01:00,NATI
44.16,44.16,44.11,44.14,4706,2021-07-30 19:02:00,NATI
44.14,44.21,44.13,44.16,2873,2021-07-30 19:03:00,NATI
44.14,44.24,44.09,44.24,4636,2021-07-30 19:04:00,NATI
44.23,44.23,44.21,44.23,1300,2021-07-30 19:05:00,NATI
44.25,44.28,44.25,44.28,1621,2021-07-30 19:06:00,NATI
44.29,44.35,44.29,44.33,1425,2021-07-30 19:07:00,NATI
44.345,44.345,44.33,44.33,4996,2021-07-30 19:08:00,NATI
44.34,44.34,44.33,44.33,638,2021-07-30 19:09:00,NATI
44.335,44.335,44.31,44.32,1000,2021-07-30 19:10:00,NATI
44.315,44.315,44.3,44.3,1029,2021-07-30 19:11:00,NATI
44.31,44.32,44.28,44.28,5800,2021-07-30 19:12:00,NATI
44.3,44.3,44.28,44.28,974,2021-07-30 19:13:00,NATI
44.3,44.3,44.25,44.27,1300,2021-07-30 19:14:00,NATI
44.27,44.27,44.25,44.26,400,2021-07-30 19:15:00,NATI
44.27,44.27,44.15,44.15,4546,2021-07-30 19:16:00,NATI
44.155,44.155,44.14,44.15,600,2021-07-30 19:17:00,NATI
44.14,44.16,44.125,44.145,8297,2021-07-30 19:18:00,NATI
44.145,44.17,44.09,44.095,8190,2021-07-30 19:19:00,NATI
44.0891,44.11,44.075,44.075,3091,2021-07-30 19:20:00,NATI
44.08,44.08,44.0,44.025,7173,2021-07-30 19:21:00,NATI
44.03,44.19,44.02,44.03,31350,2021-07-30 19:22:00,NATI
44.02,44.03,44.01,44.03,528,2021-07-30 19:23:00,NATI
44.0,44.03,43.99,44.0,5304,2021-07-30 19:24:00,NATI
44.01,44.02,44.01,44.01,800,2021-07-30 19:25:00,NATI
44.01,44.04,44.01,44.03,5370,2021-07-30 19:26:00,NATI
44.035,44.07,44.025,44.06,2000,2021-07-30 19:27:00,NATI
44.07,44.1,44.07,44.1,800,2021-07-30 19:28:00,NATI
44.11,44.13,44.1,44.13,1008,2021-07-30 19:29:00,NATI
44.15,44.2,44.15,44.2,1300,2021-07-30 19:30:00,NATI
44.2,44.2,44.15,44.155,15935,2021-07-30 19:31:00,NATI
44.155,44.165,44.15,44.16,400,2021-07-30 19:32:00,NATI
44.165,44.19,44.14,44.19,5413,2021-07-30 19:33:00,NATI
44.19,44.21,44.19,44.21,900,2021-07-30 19:34:00,NATI
44.2,44.2,44.17,44.17,1837,2021-07-30 19:35:00,NATI
44.17,44.18,44.15,44.15,3811,2021-07-30 19:36:00,NATI
44.17,44.18,44.16,44.17,5500,2021-07-30 19:37:00,NATI
44.17,44.17,44.17,44.17,300,2021-07-30 19:38:00,NATI
44.18,44.18,44.15,44.155,1204,2021-07-30 19:39:00,NATI
44.155,44.155,44.11,44.12,2401,2021-07-30 19:40:00,NATI
44.105,44.105,44.035,44.06,3724,2021-07-30 19:41:00,NATI
44.055,44.055,44.04,44.055,900,2021-07-30 19:42:00,NATI
44.055,44.055,44.04,44.04,400,2021-07-30 19:43:00,NATI
44.07,44.12,44.065,44.12,5148,2021-07-30 19:44:00,NATI
44.1,44.1,44.06,44.065,900,2021-07-30 19:45:00,NATI
44.08,44.12,44.075,44.11,2312,2021-07-30 19:46:00,NATI
44.09,44.1,44.08,44.08,1083,2021-07-30 19:47:00,NATI
44.08,44.1,44.07,44.085,2402,2021-07-30 19:48:00,NATI
44.07,44.09,44.06,44.07,2100,2021-07-30 19:49:00,NATI
44.06,44.06,44.0,44.04,19701,2021-07-30 19:50:00,NATI
44.05,44.06,44.03,44.03,3700,2021-07-30 19:51:00,NATI
44.05,44.07,44.04,44.065,2207,2021-07-30 19:52:00,NATI
44.055,44.06,44.05,44.05,1472,2021-07-30 19:53:00,NATI
44.055,44.12,44.04,44.1,7731,2021-07-30 19:54:00,NATI
44.12,44.18,44.11,44.11,7250,2021-07-30 19:55:00,NATI
44.11,44.11,44.09,44.09,6072,2021-07-30 19:56:00,NATI
44.09,44.11,44.07,44.08,6076,2021-07-30 19:57:00,NATI
44.08,44.13,44.07,44.13,7466,2021-07-30 19:58:00,NATI
44.11,44.16,44.06,44.11,19789,2021-07-30 19:59:00,NATI
44.11,44.11,44.11,44.11,134435,2021-07-30 20:00:00,NATI
44.11,44.11,44.11,44.11,131,2021-07-30 20:01:00,NATI
44.11,44.11,44.11,44.11,240,2021-07-30 20:02:00,NATI
44.11,44.11,44.11,44.11,28791,2021-07-30 20:03:00,NATI
44.95,44.95,44.95,44.95,100,2021-08-02 11:57:00,NATI
44.95,44.95,44.95,44.95,100,2021-08-02 12:57:00,NATI
44.95,44.95,44.95,44.95,233,2021-08-02 13:07:00,NATI
44.75,44.75,44.75,44.75,150,2021-08-02 13:24:00,NATI
44.5,44.5,44.5,44.5,206,2021-08-02 13:27:00,NATI
44.38,44.65,44.27,44.62,20813,2021-08-02 13:30:00,NATI
44.9054,45.04,44.78,44.99,15191,2021-08-02 13:31:00,NATI
45.0,45.09,44.96,44.96,5113,2021-08-02 13:32:00,NATI
45.09,45.2628,45.05,45.19,2302,2021-08-02 13:33:00,NATI
45.23,45.3,45.1677,45.17,3686,2021-08-02 13:34:00,NATI
45.17,45.1972,45.08,45.08,827,2021-08-02 13:35:00,NATI
45.24,45.3,45.19,45.27,4382,2021-08-02 13:36:00,NATI
45.27,45.32,45.165,45.165,812,2021-08-02 13:37:00,NATI
45.25,45.28,45.13,45.22,3637,2021-08-02 13:38:00,NATI
45.16,45.16,45.09,45.09,700,2021-08-02 13:39:00,NATI
45.1,45.17,45.1,45.17,1687,2021-08-02 13:40:00,NATI
45.15,45.1587,45.125,45.13,500,2021-08-02 13:41:00,NATI
45.09,45.1,45.09,45.1,1200,2021-08-02 13:42:00,NATI
45.085,45.085,45.085,45.085,331,2021-08-02 13:43:00,NATI
45.05,45.057,44.92,44.92,8253,2021-08-02 13:44:00,NATI
44.93,45.04,44.93,45.0,1468,2021-08-02 13:45:00,NATI
45.07,45.08,45.05,45.08,2875,2021-08-02 13:46:00,NATI
45.08,45.08,44.99,45.005,913,2021-08-02 13:47:00,NATI
44.925,44.96,44.925,44.94,400,2021-08-02 13:48:00,NATI
44.915,44.915,44.865,44.865,288,2021-08-02 13:49:00,NATI
44.93,44.93,44.8,44.8601,1165,2021-08-02 13:50:00,NATI
44.62,44.62,44.62,44.62,100,2021-08-02 13:51:00,NATI
44.6301,44.648,44.515,44.515,3033,2021-08-02 13:52:00,NATI
44.6,44.62,44.55,44.59,10721,2021-08-02 13:53:00,NATI
44.5854,44.5854,44.495,44.5391,1811,2021-08-02 13:54:00,NATI
44.5,44.5399,44.5,44.5399,750,2021-08-02 13:55:00,NATI
44.46,44.46,44.46,44.46,200,2021-08-02 13:56:00,NATI
44.4814,44.5,44.4,44.4785,750,2021-08-02 13:57:00,NATI
44.4,44.485,44.4,44.485,425,2021-08-02 13:58:00,NATI
44.4827,44.51,44.43,44.5,1212,2021-08-02 13:59:00,NATI
44.57,44.67,44.57,44.67,3085,2021-08-02 14:00:00,NATI
44.7093,44.7709,44.7093,44.75,1520,2021-08-02 14:01:00,NATI
44.74,44.7699,44.66,44.7,1100,2021-08-02 14:02:00,NATI
44.66,44.7319,44.64,44.64,2543,2021-08-02 14:03:00,NATI
44.685,44.685,44.61,44.61,1971,2021-08-02 14:04:00,NATI
44.61,44.61,44.5499,44.5499,800,2021-08-02 14:05:00,NATI
44.52,44.55,44.52,44.55,579,2021-08-02 14:06:00,NATI
44.57,44.57,44.57,44.57,100,2021-08-02 14:07:00,NATI
44.5975,44.64,44.5975,44.64,400,2021-08-02 14:08:00,NATI
44.63,44.6807,44.6286,44.65,1975,2021-08-02 14:09:00,NATI
44.68,44.68,44.68,44.68,100,2021-08-02 14:10:00,NATI
44.67,44.675,44.64,44.675,1300,2021-08-02 14:11:00,NATI
44.645,44.67,44.645,44.67,900,2021-08-02 14:12:00,NATI
44.69,44.698,44.65,44.66,1510,2021-08-02 14:13:00,NATI
44.67,44.67,44.655,44.655,650,2021-08-02 14:14:00,NATI
44.689,44.6999,44.655,44.69,890,2021-08-02 14:15:00,NATI
44.7,44.7,44.66,44.7,1376,2021-08-02 14:16:00,NATI
44.71,44.71,44.692,44.692,379,2021-08-02 14:17:00,NATI
44.684,44.684,44.684,44.684,100,2021-08-02 14:18:00,NATI
44.63,44.684,44.63,44.66,650,2021-08-02 14:19:00,NATI
44.66,44.66,44.63,44.66,1386,2021-08-02 14:20:00,NATI
44.65,44.65,44.65,44.65,200,2021-08-02 14:21:00,NATI
44.6747,44.6747,44.6747,44.6747,100,2021-08-02 14:22:00,NATI
44.62,44.679,44.61,44.61,1600,2021-08-02 14:23:00,NATI
44.65,44.6689,44.64,44.6689,1942,2021-08-02 14:24:00,NATI
44.66,44.66,44.628,44.66,400,2021-08-02 14:26:00,NATI
44.69,44.74,44.69,44.74,1205,2021-08-02 14:27:00,NATI
44.7104,44.7104,44.69,44.69,220,2021-08-02 14:28:00,NATI
44.7,44.725,44.68,44.7,1600,2021-08-02 14:29:00,NATI
44.7,44.7,44.7,44.7,535,2021-08-02 14:30:00,NATI
44.75,44.75,44.65,44.65,1800,2021-08-02 14:31:00,NATI
44.6799,44.6799,44.6693,44.6693,265,2021-08-02 14:32:00,NATI
44.6679,44.68,44.6679,44.68,1100,2021-08-02 14:33:00,NATI
44.66,44.685,44.6569,44.6569,440,2021-08-02 14:34:00,NATI
44.67,44.735,44.66,44.72,800,2021-08-02 14:35:00,NATI
44.7299,44.73,44.7299,44.73,836,2021-08-02 14:36:00,NATI
44.73,44.75,44.67,44.67,1410,2021-08-02 14:37:00,NATI
44.6868,44.6868,44.63,44.63,300,2021-08-02 14:38:00,NATI
44.6999,44.6999,44.665,44.665,440,2021-08-02 14:39:00,NATI
44.64,44.64,44.54,44.54,1670,2021-08-02 14:41:00,NATI
44.54,44.56,44.54,44.56,205,2021-08-02 14:42:00,NATI
44.51,44.51,44.48,44.48,947,2021-08-02 14:43:00,NATI
44.49,44.5078,44.49,44.5078,250,2021-08-02 14:44:00,NATI
44.46,44.5,44.46,44.5,500,2021-08-02 14:45:00,NATI
44.5,44.5,44.5,44.5,100,2021-08-02 14:46:00,NATI
44.48,44.49,44.48,44.49,200,2021-08-02 14:47:00,NATI
44.5399,44.5399,44.5399,44.5399,200,2021-08-02 14:49:00,NATI
44.49,44.49,44.46,44.48,600,2021-08-02 14:50:00,NATI
44.5,44.5,44.45,44.45,300,2021-08-02 14:51:00,NATI
44.48,44.49,44.4,44.41,2983,2021-08-02 14:52:00,NATI
44.39,44.39,44.33,44.33,4762,2021-08-02 14:53:00,NATI
44.3764,44.3764,44.3589,44.3589,210,2021-08-02 14:54:00,NATI
44.32,44.355,44.3,44.35,1814,2021-08-02 14:55:00,NATI
44.37,44.445,44.37,44.445,400,2021-08-02 14:56:00,NATI
44.42,44.46,44.42,44.45,1900,2021-08-02 14:57:00,NATI
44.42,44.43,44.39,44.42,1200,2021-08-02 14:59:00,NATI
44.4,44.445,44.4,44.445,200,2021-08-02 15:00:00,NATI
44.42,44.45,44.41,44.45,500,2021-08-02 15:01:00,NATI
44.452,44.452,44.4215,44.4215,980,2021-08-02 15:02:00,NATI
44.5,44.5,44.47,44.47,900,2021-08-02 15:03:00,NATI
44.47,44.53,44.47,44.52,1300,2021-08-02 15:04:00,NATI
44.53,44.53,44.53,44.53,100,2021-08-02 15:05:00,NATI
44.54,44.6052,44.53,44.6052,811,2021-08-02 15:06:00,NATI
44.56,44.56,44.52,44.54,1100,2021-08-02 15:07:00,NATI
44.54,44.6,44.54,44.6,400,2021-08-02 15:08:00,NATI
44.62,44.62,44.62,44.62,100,2021-08-02 15:09:00,NATI
44.63,44.71,44.61,44.7,2173,2021-08-02 15:10:00,NATI
44.68,44.68,44.68,44.68,100,2021-08-02 15:11:00,NATI
44.69,44.69,44.66,44.66,400,2021-08-02 15:12:00,NATI
44.65,44.68,44.63,44.68,4053,2021-08-02 15:13:00,NATI
44.63,44.63,44.62,44.62,400,2021-08-02 15:15:00,NATI
44.58,44.58,44.58,44.58,100,2021-08-02 15:16:00,NATI
44.6204,44.63,44.6,44.6,925,2021-08-02 15:17:00,NATI
44.5767,44.59,44.56,44.5815,2195,2021-08-02 15:18:00,NATI
44.555,44.58,44.53,44.57,1300,2021-08-02 15:19:00,NATI
44.59,44.6,44.56,44.585,1300,2021-08-02 15:20:00,NATI
44.598,44.598,44.598,44.598,143,2021-08-02 15:21:00,NATI
44.61,44.6599,44.61,44.6599,200,2021-08-02 15:22:00,NATI
44.61,44.61,44.59,44.59,300,2021-08-02 15:23:00,NATI
44.61,44.61,44.61,44.61,100,2021-08-02 15:24:00,NATI
44.57,44.575,44.57,44.575,347,2021-08-02 15:25:00,NATI
44.54,44.57,44.53,44.57,1126,2021-08-02 15:29:00,NATI
44.54,44.565,44.54,44.565,200,2021-08-02 15:30:00,NATI
44.54,44.58,44.52,44.58,1948,2021-08-02 15:31:00,NATI
44.565,44.565,44.565,44.565,100,2021-08-02 15:32:00,NATI
44.59,44.59,44.59,44.59,100,2021-08-02 15:33:00,NATI
44.59,44.645,44.59,44.62,900,2021-08-02 15:34:00,NATI
44.6193,44.6193,44.6193,44.6193,100,2021-08-02 15:35:00,NATI
44.61,44.61,44.61,44.61,100,2021-08-02 15:37:00,NATI
44.62,44.65,44.61,44.61,651,2021-08-02 15:38:00,NATI
44.64,44.64,44.61,44.61,300,2021-08-02 15:39:00,NATI
44.62,44.62,44.62,44.62,700,2021-08-02 15:40:00,NATI
44.63,44.64,44.61,44.61,800,2021-08-02 15:41:00,NATI
44.62,44.62,44.62,44.62,100,2021-08-02 15:42:00,NATI
44.59,44.59,44.54,44.54,500,2021-08-02 15:43:00,NATI
44.53,44.53,44.515,44.515,300,2021-08-02 15:44:00,NATI
44.52,44.52,44.44,44.44,458,2021-08-02 15:46:00,NATI
44.43,44.43,44.43,44.43,249,2021-08-02 15:47:00,NATI
44.43,44.43,44.43,44.43,300,2021-08-02 15:48:00,NATI
44.42,44.42,44.35,44.35,4915,2021-08-02 15:49:00,NATI
44.39,44.39,44.39,44.39,200,2021-08-02 15:50:00,NATI
44.37,44.37,44.37,44.37,100,2021-08-02 15:51:00,NATI
44.36,44.36,44.31,44.33,628,2021-08-02 15:52:00,NATI
44.34,44.37,44.34,44.35,1200,2021-08-02 15:54:00,NATI
44.37,44.37,44.33,44.33,400,2021-08-02 15:55:00,NATI
44.33,44.33,44.26,44.27,1500,2021-08-02 15:57:00,NATI
44.26,44.26,44.26,44.26,999,2021-08-02 15:58:00,NATI
44.265,44.2799,44.24,44.24,1000,2021-08-02 15:59:00,NATI
44.26,44.27,44.24,44.24,900,2021-08-02 16:00:00,NATI
44.235,44.25,44.23,44.24,2165,2021-08-02 16:01:00,NATI
44.245,44.245,44.245,44.245,400,2021-08-02 16:02:00,NATI
44.25,44.27,44.25,44.25,3187,2021-08-02 16:03:00,NATI
44.25,44.26,44.235,44.255,1300,2021-08-02 16:04:00,NATI
44.26,44.26,44.26,44.26,308,2021-08-02 16:05:00,NATI
44.265,44.265,44.22,44.22,1531,2021-08-02 16:06:00,NATI
44.2,44.2,44.2,44.2,400,2021-08-02 16:07:00,NATI
44.16,44.1699,44.11,44.11,1962,2021-08-02 16:08:00,NATI
44.15,44.15,44.12,44.15,2202,2021-08-02 16:10:00,NATI
44.15,44.15,44.15,44.15,1090,2021-08-02 16:11:00,NATI
44.1499,44.255,44.137,44.255,3880,2021-08-02 16:12:00,NATI
44.25,44.25,44.25,44.25,900,2021-08-02 16:13:00,NATI
44.2652,44.2652,44.21,44.23,1056,2021-08-02 16:14:00,NATI
44.245,44.255,44.24,44.24,2122,2021-08-02 16:16:00,NATI
44.255,44.265,44.24,44.255,2700,2021-08-02 16:17:00,NATI
44.255,44.255,44.255,44.255,600,2021-08-02 16:18:00,NATI
44.27,44.27,44.22,44.22,3653,2021-08-02 16:19:00,NATI
44.2266,44.2266,44.2266,44.2266,500,2021-08-02 16:20:00,NATI
44.21,44.2392,44.17,44.22,2730,2021-08-02 16:21:00,NATI
44.24,44.265,44.2347,44.255,6509,2021-08-02 16:23:00,NATI
44.25,44.2736,44.25,44.2736,1000,2021-08-02 16:24:00,NATI
44.26,44.265,44.235,44.235,3237,2021-08-02 16:25:00,NATI
44.25,44.25,44.21,44.25,1424,2021-08-02 16:26:00,NATI
44.22,44.27,44.22,44.27,3182,2021-08-02 16:28:00,NATI
44.25,44.26,44.25,44.25,952,2021-08-02 16:29:00,NATI
44.26,44.3,44.25,44.3,1709,2021-08-02 16:30:00,NATI
44.345,44.345,44.33,44.33,300,2021-08-02 16:31:00,NATI
44.381,44.3893,44.38,44.38,990,2021-08-02 16:32:00,NATI
44.375,44.375,44.37,44.37,200,2021-08-02 16:33:00,NATI
44.385,44.43,44.385,44.4,1404,2021-08-02 16:34:00,NATI
44.39,44.39,44.22,44.3594,40181,2021-08-02 16:35:00,NATI
44.34,44.34,44.3001,44.3115,1839,2021-08-02 16:36:00,NATI
44.36,44.45,44.36,44.405,2100,2021-08-02 16:37:00,NATI
44.4227,44.4227,44.4227,44.4227,500,2021-08-02 16:38:00,NATI
44.42,44.42,44.41,44.41,1575,2021-08-02 16:40:00,NATI
44.45,44.47,44.45,44.47,600,2021-08-02 16:41:00,NATI
44.47,44.5,44.47,44.47,3700,2021-08-02 16:42:00,NATI
44.46,44.47,44.46,44.47,306,2021-08-02 16:43:00,NATI
44.4101,44.46,44.4101,44.46,350,2021-08-02 16:44:00,NATI
44.45,44.45,44.43,44.43,400,2021-08-02 16:46:00,NATI
44.42,44.485,44.41,44.465,3212,2021-08-02 16:47:00,NATI
44.44,44.4698,44.44,44.46,500,2021-08-02 16:48:00,NATI
44.445,44.445,44.44,44.44,500,2021-08-02 16:49:00,NATI
44.4322,44.4322,44.4322,44.4322,102,2021-08-02 16:50:00,NATI
44.47,44.58,44.47,44.58,3072,2021-08-02 16:51:00,NATI
44.615,44.62,44.615,44.62,200,2021-08-02 16:52:00,NATI
44.62,44.64,44.62,44.63,1152,2021-08-02 16:53:00,NATI
44.62,44.62,44.56,44.56,2500,2021-08-02 16:54:00,NATI
44.56,44.56,44.55,44.55,200,2021-08-02 16:55:00,NATI
44.5687,44.5687,44.51,44.51,1304,2021-08-02 16:56:00,NATI
44.5162,44.53,44.5162,44.53,600,2021-08-02 16:57:00,NATI
44.55,44.55,44.52,44.53,1486,2021-08-02 16:58:00,NATI
44.54,44.56,44.525,44.56,700,2021-08-02 16:59:00,NATI
44.58,44.6,44.58,44.6,900,2021-08-02 17:00:00,NATI
44.61,44.66,44.6,44.65,2603,2021-08-02 17:01:00,NATI
44.64,44.64,44.575,44.575,2300,2021-08-02 17:02:00,NATI
44.575,44.6,44.57,44.595,1300,2021-08-02 17:03:00,NATI
44.58,44.63,44.58,44.595,2648,2021-08-02 17:04:00,NATI
44.58,44.58,44.58,44.58,100,2021-08-02 17:05:00,NATI
44.55,44.55,44.55,44.55,300,2021-08-02 17:06:00,NATI
44.54,44.54,44.47,44.47,2201,2021-08-02 17:07:00,NATI
44.49,44.5,44.49,44.5,300,2021-08-02 17:08:00,NATI
44.52,44.57,44.52,44.57,1132,2021-08-02 17:09:00,NATI
44.5857,44.5857,44.5857,44.5857,365,2021-08-02 17:10:00,NATI
44.58,44.6,44.5678,44.6,406,2021-08-02 17:11:00,NATI
44.61,44.65,44.605,44.63,1383,2021-08-02 17:12:00,NATI
44.62,44.62,44.58,44.58,600,2021-08-02 17:13:00,NATI
44.53,44.56,44.5,44.55,1900,2021-08-02 17:15:00,NATI
44.54,44.54,44.495,44.495,400,2021-08-02 17:17:00,NATI
44.52,44.52,44.515,44.515,300,2021-08-02 17:18:00,NATI
44.54,44.56,44.54,44.56,1527,2021-08-02 17:20:00,NATI
44.51,44.53,44.51,44.53,200,2021-08-02 17:22:00,NATI
44.54,44.54,44.54,44.54,100,2021-08-02 17:23:00,NATI
44.56,44.61,44.55,44.6,2293,2021-08-02 17:24:00,NATI
44.61,44.62,44.57,44.57,1168,2021-08-02 17:25:00,NATI
44.58,44.58,44.58,44.58,100,2021-08-02 17:26:00,NATI
44.565,44.58,44.565,44.5787,300,2021-08-02 17:27:00,NATI
44.56,44.56,44.56,44.56,200,2021-08-02 17:28:00,NATI
44.56,44.57,44.55,44.57,800,2021-08-02 17:29:00,NATI
44.58,44.58,44.575,44.575,600,2021-08-02 17:30:00,NATI
44.59,44.59,44.55,44.56,600,2021-08-02 17:31:00,NATI
44.53,44.53,44.52,44.53,400,2021-08-02 17:32:00,NATI
44.535,44.535,44.535,44.535,100,2021-08-02 17:33:00,NATI
44.53,44.56,44.53,44.53,1300,2021-08-02 17:34:00,NATI
44.495,44.495,44.495,44.495,200,2021-08-02 17:35:00,NATI
44.5,44.5,44.5,44.5,100,2021-08-02 17:36:00,NATI
44.47,44.47,44.47,44.47,100,2021-08-02 17:38:00,NATI
44.46,44.48,44.46,44.47,450,2021-08-02 17:39:00,NATI
44.475,44.5,44.475,44.5,1155,2021-08-02 17:40:00,NATI
44.49,44.5,44.4,44.4575,5819,2021-08-02 17:41:00,NATI
44.4239,44.52,44.4239,44.485,2090,2021-08-02 17:42:00,NATI
44.49,44.49,44.49,44.49,100,2021-08-02 17:44:00,NATI
44.44,44.44,44.44,44.44,200,2021-08-02 17:45:00,NATI
44.41,44.43,44.41,44.41,1000,2021-08-02 17:46:00,NATI
44.38,44.38,44.365,44.365,300,2021-08-02 17:47:00,NATI
44.37,44.38,44.37,44.38,500,2021-08-02 17:48:00,NATI
44.35,44.35,44.34,44.35,400,2021-08-02 17:50:00,NATI
44.3609,44.3609,44.33,44.36,1600,2021-08-02 17:51:00,NATI
44.36,44.39,44.36,44.39,600,2021-08-02 17:52:00,NATI
44.375,44.375,44.375,44.375,100,2021-08-02 17:53:00,NATI
44.39,44.425,44.39,44.425,1100,2021-08-02 17:54:00,NATI
44.45,44.45,44.45,44.45,200,2021-08-02 17:55:00,NATI
44.44,44.44,44.44,44.44,1000,2021-08-02 17:56:00,NATI
44.45,44.47,44.45,44.46,2238,2021-08-02 17:57:00,NATI
44.48,44.52,44.48,44.52,600,2021-08-02 17:59:00,NATI
44.51,44.55,44.51,44.55,998,2021-08-02 18:00:00,NATI
44.55,44.55,44.54,44.54,500,2021-08-02 18:01:00,NATI
44.54,44.58,44.53,44.58,1171,2021-08-02 18:02:00,NATI
44.55,44.57,44.54,44.57,1100,2021-08-02 18:03:00,NATI
44.6,44.61,44.6,44.6,2378,2021-08-02 18:04:00,NATI
44.62,44.63,44.62,44.63,300,2021-08-02 18:05:00,NATI
44.6432,44.6432,44.6432,44.6432,100,2021-08-02 18:06:00,NATI
44.63,44.64,44.6,44.6,1370,2021-08-02 18:08:00,NATI
44.6,44.6,44.59,44.6,2344,2021-08-02 18:09:00,NATI
44.6,44.6,44.56,44.56,700,2021-08-02 18:10:00,NATI
44.6,44.6,44.58,44.59,1100,2021-08-02 18:12:00,NATI
44.59,44.595,44.58,44.58,1150,2021-08-02 18:14:00,NATI
44.58,44.58,44.57,44.57,200,2021-08-02 18:15:00,NATI
44.57,44.575,44.57,44.57,600,2021-08-02 18:16:00,NATI
44.58,44.58,44.58,44.58,406,2021-08-02 18:18:00,NATI
44.56,44.56,44.49,44.49,600,2021-08-02 18:19:00,NATI
44.48,44.48,44.48,44.48,100,2021-08-02 18:20:00,NATI
44.48,44.48,44.45,44.45,436,2021-08-02 18:21:00,NATI
44.475,44.475,44.475,44.475,100,2021-08-02 18:22:00,NATI
44.445,44.445,44.42,44.42,200,2021-08-02 18:23:00,NATI
44.42,44.45,44.42,44.45,400,2021-08-02 18:24:00,NATI
44.42,44.5297,44.42,44.5297,2089,2021-08-02 18:25:00,NATI
44.4901,44.505,44.4901,44.505,700,2021-08-02 18:26:00,NATI
44.53,44.54,44.52,44.54,2467,2021-08-02 18:29:00,NATI
44.51,44.54,44.51,44.54,400,2021-08-02 18:30:00,NATI
44.52,44.525,44.52,44.525,570,2021-08-02 18:31:00,NATI
44.52,44.52,44.49,44.49,2478,2021-08-02 18:32:00,NATI
44.49,44.4936,44.49,44.4936,900,2021-08-02 18:33:00,NATI
44.48,44.48,44.46,44.46,300,2021-08-02 18:34:00,NATI
44.46,44.49,44.46,44.49,500,2021-08-02 18:35:00,NATI
44.475,44.49,44.46,44.46,800,2021-08-02 18:37:00,NATI
44.46,44.46,44.46,44.46,100,2021-08-02 18:38:00,NATI
44.475,44.475,44.475,44.475,100,2021-08-02 18:39:00,NATI
44.49,44.5,44.42,44.46,5714,2021-08-02 18:40:00,NATI
44.41,44.41,44.4,44.4,700,2021-08-02 18:41:00,NATI
44.38,44.38,44.3,44.3,3099,2021-08-02 18:42:00,NATI
44.31,44.31,44.3,44.31,2127,2021-08-02 18:43:00,NATI
44.32,44.325,44.31,44.31,1732,2021-08-02 18:44:00,NATI
44.3,44.3,44.26,44.28,797,2021-08-02 18:45:00,NATI
44.28,44.29,44.28,44.29,420,2021-08-02 18:46:00,NATI
44.28,44.29,44.28,44.28,2320,2021-08-02 18:47:00,NATI
44.28,44.3,44.26,44.3,10199,2021-08-02 18:48:00,NATI
44.31,44.32,44.29,44.29,2100,2021-08-02 18:49:00,NATI
44.29,44.29,44.29,44.29,215,2021-08-02 18:50:00,NATI
44.3,44.3,44.28,44.28,2400,2021-08-02 18:51:00,NATI
44.285,44.285,44.2,44.2,3741,2021-08-02 18:52:00,NATI
44.18,44.18,44.18,44.18,100,2021-08-02 18:53:00,NATI
44.175,44.18,44.16,44.18,1239,2021-08-02 18:54:00,NATI
44.18,44.2,44.18,44.2,683,2021-08-02 18:55:00,NATI
44.22,44.25,44.22,44.25,900,2021-08-02 18:56:00,NATI
44.2499,44.25,44.2499,44.25,3574,2021-08-02 18:57:00,NATI
44.22,44.22,44.17,44.17,1300,2021-08-02 18:58:00,NATI
44.17,44.17,44.17,44.17,100,2021-08-02 18:59:00,NATI
44.1915,44.1915,44.14,44.17,1698,2021-08-02 19:00:00,NATI
44.17,44.2,44.17,44.17,400,2021-08-02 19:01:00,NATI
44.185,44.185,44.12,44.12,2700,2021-08-02 19:02:00,NATI
44.13,44.16,44.13,44.16,1800,2021-08-02 19:03:00,NATI
44.19,44.2,44.175,44.2,500,2021-08-02 19:04:00,NATI
44.19,44.19,44.17,44.17,1200,2021-08-02 19:05:00,NATI
44.17,44.2,44.16,44.18,913,2021-08-02 19:06:00,NATI
44.16,44.16,44.16,44.16,600,2021-08-02 19:07:00,NATI
44.14,44.14,44.09,44.095,2013,2021-08-02 19:08:00,NATI
44.095,44.1,44.03,44.0699,2534,2021-08-02 19:10:00,NATI
44.03,44.09,44.0,44.09,8601,2021-08-02 19:11:00,NATI
44.07,44.07,44.01,44.05,3699,2021-08-02 19:12:00,NATI
44.05,44.05,44.05,44.05,201,2021-08-02 19:13:00,NATI
44.045,44.045,44.005,44.005,1000,2021-08-02 19:14:00,NATI
44.0,44.01,43.98,44.01,2278,2021-08-02 19:15:00,NATI
44.0,44.03,43.97,44.03,4300,2021-08-02 19:16:00,NATI
44.06,44.08,44.06,44.06,1300,2021-08-02 19:17:00,NATI
44.07,44.13,44.0699,44.1,6081,2021-08-02 19:18:00,NATI
44.1,44.11,44.09,44.11,1200,2021-08-02 19:19:00,NATI
44.115,44.12,44.1,44.11,2209,2021-08-02 19:20:00,NATI
44.1,44.1,44.1,44.1,1100,2021-08-02 19:21:00,NATI
44.1,44.17,44.09,44.17,4900,2021-08-02 19:22:00,NATI
44.16,44.18,44.15,44.16,1994,2021-08-02 19:23:00,NATI
44.16,44.16,44.15,44.15,1249,2021-08-02 19:24:00,NATI
44.15,44.15,44.11,44.11,1094,2021-08-02 19:25:00,NATI
44.085,44.085,44.06,44.06,500,2021-08-02 19:26:00,NATI
44.03,44.03,44.03,44.03,200,2021-08-02 19:27:00,NATI
44.045,44.0575,44.02,44.02,300,2021-08-02 19:28:00,NATI
44.02,44.02,44.02,44.02,700,2021-08-02 19:29:00,NATI
44.02,44.06,44.02,44.06,4506,2021-08-02 19:30:00,NATI
44.07,44.08,44.07,44.08,700,2021-08-02 19:31:00,NATI
44.06,44.06,44.01,44.01,2096,2021-08-02 19:32:00,NATI
44.035,44.06,44.03,44.06,3302,2021-08-02 19:34:00,NATI
44.06,44.08,44.05,44.05,3390,2021-08-02 19:35:00,NATI
44.06,44.08,44.06,44.08,1700,2021-08-02 19:36:00,NATI
44.11,44.19,44.11,44.19,1800,2021-08-02 19:37:00,NATI
44.21,44.21,44.18,44.18,3676,2021-08-02 19:38:00,NATI
44.17,44.18,44.125,44.18,2798,2021-08-02 19:39:00,NATI
44.18,44.195,44.155,44.155,3100,2021-08-02 19:40:00,NATI
44.14,44.155,44.14,44.14,1000,2021-08-02 19:41:00,NATI
44.14,44.155,44.14,44.14,1100,2021-08-02 19:42:00,NATI
44.15,44.16,44.15,44.16,645,2021-08-02 19:43:00,NATI
44.16,44.16,44.115,44.115,3147,2021-08-02 19:44:00,NATI
44.12,44.13,44.12,44.12,995,2021-08-02 19:45:00,NATI
44.13,44.14,44.12,44.14,2600,2021-08-02 19:46:00,NATI
44.135,44.17,44.135,44.15,5241,2021-08-02 19:47:00,NATI
44.12,44.12,44.11,44.11,300,2021-08-02 19:48:00,NATI
44.12,44.14,44.09,44.09,3587,2021-08-02 19:49:00,NATI
44.07,44.14,44.02,44.14,6137,2021-08-02 19:50:00,NATI
44.12,44.14,44.1,44.1,5124,2021-08-02 19:51:00,NATI
44.1,44.1,44.04,44.0525,2255,2021-08-02 19:52:00,NATI
44.04,44.05,44.03,44.03,1794,2021-08-02 19:53:00,NATI
44.04,44.06,44.0,44.05,18605,2021-08-02 19:54:00,NATI
44.05,44.06,44.02,44.04,7725,2021-08-02 19:55:00,NATI
44.04,44.1,44.04,44.1,9647,2021-08-02 19:56:00,NATI
44.09,44.14,44.08,44.14,9041,2021-08-02 19:57:00,NATI
44.15,44.16,44.11,44.13,12585,2021-08-02 19:58:00,NATI
44.12,44.13,44.05,44.09,18673,2021-08-02 19:59:00,NATI
44.06,44.06,44.06,44.06,96213,2021-08-02 20:00:00,NATI
44.06,44.06,44.06,44.06,2744,2021-08-02 20:01:00,NATI
44.06,44.06,44.06,44.06,990,2021-08-02 20:03:00,NATI
44.01,44.01,44.0,44.0,1022,2021-08-03 13:27:00,NATI
44.0,44.4052,44.0,44.13,27903,2021-08-03 13:30:00,NATI
44.075,44.13,44.0,44.0524,8208,2021-08-03 13:31:00,NATI
44.06,44.06,44.06,44.06,400,2021-08-03 13:32:00,NATI
44.02,44.02,43.917,43.95,7720,2021-08-03 13:33:00,NATI
43.95,43.955,43.95,43.955,481,2021-08-03 13:34:00,NATI
43.955,43.955,43.955,43.955,200,2021-08-03 13:35:00,NATI
43.95,44.13,43.95,44.13,1100,2021-08-03 13:37:00,NATI
44.14,44.18,44.11,44.11,1708,2021-08-03 13:38:00,NATI
44.19,44.38,44.19,44.3059,2492,2021-08-03 13:39:00,NATI
44.26,44.275,44.26,44.265,2060,2021-08-03 13:40:00,NATI
44.22,44.22,44.1292,44.1973,1868,2021-08-03 13:41:00,NATI
44.17,44.17,44.11,44.11,351,2021-08-03 13:42:00,NATI
44.095,44.095,44.095,44.095,114,2021-08-03 13:43:00,NATI
44.13,44.17,44.115,44.17,700,2021-08-03 13:44:00,NATI
44.22,44.25,44.201,44.201,1386,2021-08-03 13:45:00,NATI
44.255,44.255,44.18,44.18,1000,2021-08-03 13:46:00,NATI
44.167,44.185,44.12,44.16,760,2021-08-03 13:47:00,NATI
44.1304,44.175,44.1304,44.1609,580,2021-08-03 13:48:00,NATI
44.12,44.12,44.12,44.12,105,2021-08-03 13:49:00,NATI
44.0743,44.095,44.021,44.07,750,2021-08-03 13:50:00,NATI
44.07,44.16,44.07,44.16,300,2021-08-03 13:51:00,NATI
44.22,44.22,44.155,44.17,500,2021-08-03 13:52:00,NATI
44.155,44.19,44.14,44.19,700,2021-08-03 13:53:00,NATI
44.155,44.19,44.121,44.121,808,2021-08-03 13:54:00,NATI
44.19,44.19,44.055,44.08,2293,2021-08-03 13:55:00,NATI
44.08,44.17,44.0615,44.0615,981,2021-08-03 13:56:00,NATI
44.16,44.21,44.16,44.175,781,2021-08-03 13:57:00,NATI
44.19,44.19,44.11,44.11,1700,2021-08-03 13:58:00,NATI
44.085,44.09,44.085,44.09,757,2021-08-03 13:59:00,NATI
44.095,44.21,44.05,44.1515,16902,2021-08-03 14:00:00,NATI
44.21,44.28,44.15,44.16,3080,2021-08-03 14:01:00,NATI
44.17,44.17,44.1464,44.1464,256,2021-08-03 14:02:00,NATI
44.2,44.21,44.175,44.189,571,2021-08-03 14:03:00,NATI
44.2,44.2,44.12,44.12,1000,2021-08-03 14:04:00,NATI
44.04,44.04,44.04,44.04,400,2021-08-03 14:05:00,NATI
44.06,44.06,44.0,44.025,1570,2021-08-03 14:06:00,NATI
44.03,44.03,44.0,44.0,432,2021-08-03 14:07:00,NATI
44.025,44.025,43.975,43.975,400,2021-08-03 14:08:00,NATI
43.975,43.975,43.93,43.93,300,2021-08-03 14:09:00,NATI
43.92,43.94,43.905,43.93,1195,2021-08-03 14:10:00,NATI
43.97,44.0,43.97,44.0,1005,2021-08-03 14:11:00,NATI
43.97,43.97,43.97,43.97,104,2021-08-03 14:13:00,NATI
43.97,44.0,43.97,43.98,600,2021-08-03 14:14:00,NATI
44.0,44.07,43.9999,44.065,4164,2021-08-03 14:15:00,NATI
44.0211,44.07,44.0211,44.07,227,2021-08-03 14:16:00,NATI
44.07,44.07,44.0454,44.07,516,2021-08-03 14:18:00,NATI
44.0616,44.07,44.0616,44.07,274,2021-08-03 14:20:00,NATI
44.07,44.07,44.03,44.07,2717,2021-08-03 14:21:00,NATI
44.1092,44.1092,44.0318,44.0318,352,2021-08-03 14:22:00,NATI
44.07,44.07,44.07,44.07,200,2021-08-03 14:23:00,NATI
44.0469,44.12,44.0456,44.12,881,2021-08-03 14:24:00,NATI
44.115,44.115,44.07,44.07,26500,2021-08-03 14:25:00,NATI
44.055,44.055,44.055,44.055,200,2021-08-03 14:26:00,NATI
44.055,44.055,44.0,44.0,300,2021-08-03 14:27:00,NATI
44.07,44.13,44.07,44.12,1800,2021-08-03 14:28:00,NATI
44.085,44.12,44.085,44.12,200,2021-08-03 14:29:00,NATI
44.12,44.12,44.05,44.05,300,2021-08-03 14:30:00,NATI
44.085,44.085,44.06,44.06,600,2021-08-03 14:31:00,NATI
44.01,44.05,44.01,44.05,699,2021-08-03 14:32:00,NATI
44.04,44.04,44.0,44.0,1100,2021-08-03 14:33:00,NATI
44.0,44.01,43.955,43.955,700,2021-08-03 14:34:00,NATI
43.98,44.01,43.98,44.01,552,2021-08-03 14:35:00,NATI
44.01,44.01,43.9862,43.9862,258,2021-08-03 14:36:00,NATI
44.005,44.04,43.97,44.04,400,2021-08-03 14:37:00,NATI
44.04,44.0992,44.04,44.0451,753,2021-08-03 14:38:00,NATI
44.0462,44.0462,44.0462,44.0462,111,2021-08-03 14:39:00,NATI
44.01,44.05,44.01,44.04,1888,2021-08-03 14:40:00,NATI
44.04,44.04,44.04,44.04,200,2021-08-03 14:41:00,NATI
44.0,44.009,44.0,44.009,200,2021-08-03 14:42:00,NATI
44.015,44.015,44.0,44.0,300,2021-08-03 14:43:00,NATI
44.0,44.0,43.96,43.985,1217,2021-08-03 14:44:00,NATI
43.96,43.96,43.88,43.88,1600,2021-08-03 14:45:00,NATI
43.87,43.87,43.83,43.83,300,2021-08-03 14:46:00,NATI
43.89,43.9,43.8817,43.8817,842,2021-08-03 14:47:00,NATI
43.91,43.96,43.91,43.96,600,2021-08-03 14:48:00,NATI
43.98,44.02,43.98,44.02,519,2021-08-03 14:49:00,NATI
44.03,44.04,44.03,44.04,200,2021-08-03 14:50:00,NATI
44.045,44.045,44.01,44.04,634,2021-08-03 14:51:00,NATI
43.98,43.98,43.92,43.92,298,2021-08-03 14:52:00,NATI
43.97,43.97,43.97,43.97,100,2021-08-03 14:53:00,NATI
43.925,43.925,43.925,43.925,110,2021-08-03 14:54:00,NATI
43.9,43.93,43.9,43.93,200,2021-08-03 14:55:00,NATI
43.935,43.935,43.82,43.87,700,2021-08-03 14:56:00,NATI
43.91,43.915,43.91,43.915,400,2021-08-03 14:57:00,NATI
43.91,43.91,43.91,43.91,100,2021-08-03 14:58:00,NATI
43.84,43.88,43.84,43.88,200,2021-08-03 14:59:00,NATI
43.94,43.94,43.8637,43.8637,263,2021-08-03 15:00:00,NATI
43.9,43.93,43.9,43.93,400,2021-08-03 15:01:00,NATI
43.975,43.975,43.95,43.95,200,2021-08-03 15:02:00,NATI
43.9412,43.9412,43.94,43.94,200,2021-08-03 15:03:00,NATI
43.93,43.93,43.9,43.9,234,2021-08-03 15:04:00,NATI
43.915,43.915,43.9075,43.9075,200,2021-08-03 15:05:00,NATI
43.9,43.92,43.9,43.92,400,2021-08-03 15:06:00,NATI
43.9,43.95,43.9,43.94,700,2021-08-03 15:07:00,NATI
43.9207,43.95,43.9207,43.95,291,2021-08-03 15:08:00,NATI
43.955,43.98,43.955,43.98,400,2021-08-03 15:09:00,NATI
43.95,44.0329,43.95,44.0329,1660,2021-08-03 15:10:00,NATI
44.04,44.04,44.04,44.04,200,2021-08-03 15:11:00,NATI
44.035,44.05,44.02,44.02,1600,2021-08-03 15:12:00,NATI
44.0134,44.09,44.0134,44.09,401,2021-08-03 15:13:00,NATI
44.1,44.1,44.05,44.05,348,2021-08-03 15:14:00,NATI
44.04,44.065,44.04,44.065,384,2021-08-03 15:15:00,NATI
44.08,44.08,44.07,44.07,200,2021-08-03 15:16:00,NATI
44.065,44.065,44.065,44.065,100,2021-08-03 15:18:00,NATI
44.05,44.05,44.03,44.03,200,2021-08-03 15:19:00,NATI
44.0403,44.0403,44.0403,44.0403,171,2021-08-03 15:20:00,NATI
44.055,44.055,44.055,44.055,100,2021-08-03 15:21:00,NATI
44.045,44.08,44.045,44.08,480,2021-08-03 15:22:00,NATI
44.1,44.1,44.09,44.09,1378,2021-08-03 15:23:00,NATI
44.1,44.1,44.085,44.1,400,2021-08-03 15:24:00,NATI
44.09,44.09,44.09,44.09,100,2021-08-03 15:25:00,NATI
44.07,44.07,44.07,44.07,100,2021-08-03 15:26:00,NATI
44.1,44.1,44.09,44.095,1300,2021-08-03 15:27:00,NATI
44.09,44.1,44.08,44.08,690,2021-08-03 15:28:00,NATI
44.075,44.075,44.06,44.06,200,2021-08-03 15:29:00,NATI
44.06,44.06,44.06,44.06,122,2021-08-03 15:30:00,NATI
44.065,44.065,44.065,44.065,200,2021-08-03 15:31:00,NATI
44.09,44.1,44.08,44.08,800,2021-08-03 15:32:00,NATI
44.075,44.075,44.075,44.075,206,2021-08-03 15:33:00,NATI
44.06,44.06,44.06,44.06,300,2021-08-03 15:34:00,NATI
44.0499,44.0499,44.021,44.021,300,2021-08-03 15:35:00,NATI
44.039,44.039,44.03,44.03,787,2021-08-03 15:36:00,NATI
44.015,44.015,44.001,44.015,402,2021-08-03 15:38:00,NATI
44.01,44.02,44.01,44.015,500,2021-08-03 15:39:00,NATI
44.0,44.0,44.0,44.0,100,2021-08-03 15:40:00,NATI
43.98,44.05,43.98,44.05,1000,2021-08-03 15:41:00,NATI
44.07,44.1,44.055,44.1,1300,2021-08-03 15:43:00,NATI
44.086,44.11,44.086,44.11,347,2021-08-03 15:44:00,NATI
44.12,44.15,44.12,44.12,500,2021-08-03 15:46:00,NATI
44.121,44.1326,44.121,44.1326,354,2021-08-03 15:47:00,NATI
44.13,44.13,44.13,44.13,200,2021-08-03 15:48:00,NATI
44.1178,44.1178,44.05,44.05,2493,2021-08-03 15:49:00,NATI
44.0866,44.0866,44.05,44.05,389,2021-08-03 15:50:00,NATI
44.09,44.1,44.09,44.09,400,2021-08-03 15:51:00,NATI
44.075,44.075,44.06,44.06,797,2021-08-03 15:52:00,NATI
44.055,44.055,44.055,44.055,100,2021-08-03 15:53:00,NATI
44.04,44.04,44.04,44.04,200,2021-08-03 15:54:00,NATI
44.05,44.05,44.05,44.05,200,2021-08-03 15:55:00,NATI
44.07,44.09,44.06,44.06,2700,2021-08-03 15:56:00,NATI
44.06,44.06,44.05,44.05,200,2021-08-03 15:57:00,NATI
44.02,44.03,44.02,44.03,699,2021-08-03 16:00:00,NATI
44.03,44.03,44.03,44.03,700,2021-08-03 16:01:00,NATI
44.015,44.015,44.01,44.01,300,2021-08-03 16:02:00,NATI
44.03,44.04,44.03,44.03,901,2021-08-03 16:03:00,NATI
44.01,44.01,43.99,44.005,700,2021-08-03 16:04:00,NATI
43.96,43.96,43.96,43.96,200,2021-08-03 16:05:00,NATI
43.96,43.96,43.96,43.96,106,2021-08-03 16:06:00,NATI
43.955,43.97,43.945,43.97,300,2021-08-03 16:07:00,NATI
43.95,43.955,43.95,43.955,300,2021-08-03 16:08:00,NATI
43.97,43.97,43.955,43.955,300,2021-08-03 16:09:00,NATI
43.955,43.955,43.955,43.955,225,2021-08-03 16:10:00,NATI
43.94,43.975,43.94,43.975,1000,2021-08-03 16:11:00,NATI
43.98,43.99,43.98,43.99,200,2021-08-03 16:12:00,NATI
44.01,44.05,44.005,44.01,13969,2021-08-03 16:14:00,NATI
44.0,44.015,43.995,44.015,503,2021-08-03 16:15:00,NATI
44.01,44.01,44.01,44.01,100,2021-08-03 16:16:00,NATI
43.99,44.0,43.99,44.0,500,2021-08-03 16:17:00,NATI
43.99,44.02,43.99,44.02,1000,2021-08-03 16:18:00,NATI
44.01,44.01,44.01,44.01,100,2021-08-03 16:19:00,NATI
44.0,44.01,43.991,44.0,740,2021-08-03 16:21:00,NATI
44.0,44.01,43.99,44.01,1800,2021-08-03 16:22:00,NATI
44.0,44.025,44.0,44.025,828,2021-08-03 16:23:00,NATI
44.015,44.015,44.015,44.015,100,2021-08-03 16:24:00,NATI
44.005,44.01,44.005,44.01,300,2021-08-03 16:25:00,NATI
44.02,44.03,44.02,44.03,400,2021-08-03 16:26:00,NATI
44.0255,44.03,44.0255,44.03,248,2021-08-03 16:27:00,NATI
44.03,44.03,44.03,44.03,100,2021-08-03 16:28:00,NATI
44.03,44.03,44.03,44.03,100,2021-08-03 16:29:00,NATI
44.03,44.03,44.0111,44.03,1391,2021-08-03 16:30:00,NATI
44.04,44.04,44.04,44.04,100,2021-08-03 16:31:00,NATI
44.03,44.03,44.03,44.03,200,2021-08-03 16:32:00,NATI
44.04,44.05,44.04,44.05,413,2021-08-03 16:33:00,NATI
44.05,44.07,44.04,44.04,586,2021-08-03 16:34:00,NATI
44.08,44.08,44.06,44.08,600,2021-08-03 16:35:00,NATI
44.065,44.065,44.065,44.065,100,2021-08-03 16:36:00,NATI
44.07,44.07,44.0502,44.0502,200,2021-08-03 16:37:00,NATI
44.04,44.04,44.04,44.04,100,2021-08-03 16:38:00,NATI
44.04,44.04,44.035,44.035,300,2021-08-03 16:39:00,NATI
44.02,44.02,44.0199,44.0199,300,2021-08-03 16:40:00,NATI
44.01,44.01,44.01,44.01,100,2021-08-03 16:41:00,NATI
44.005,44.005,44.0006,44.0006,1100,2021-08-03 16:42:00,NATI
44.01,44.01,44.01,44.01,200,2021-08-03 16:43:00,NATI
44.01,44.01,43.99,44.0,500,2021-08-03 16:44:00,NATI
44.0,44.025,44.0,44.025,733,2021-08-03 16:45:00,NATI
44.01,44.03,44.0,44.03,800,2021-08-03 16:46:00,NATI
44.04,44.04,44.04,44.04,100,2021-08-03 16:48:00,NATI
44.04,44.04,44.015,44.03,700,2021-08-03 16:51:00,NATI
44.04,44.04,44.025,44.025,200,2021-08-03 16:52:00,NATI
44.025,44.025,44.025,44.025,100,2021-08-03 16:53:00,NATI
44.01,44.01,44.0,44.0,200,2021-08-03 16:54:00,NATI
44.0,44.0,44.0,44.0,100,2021-08-03 16:55:00,NATI
44.0,44.005,44.0,44.0,300,2021-08-03 16:56:00,NATI
43.995,43.995,43.995,43.995,100,2021-08-03 16:57:00,NATI
43.98,44.01,43.98,44.01,400,2021-08-03 16:58:00,NATI
44.005,44.005,44.005,44.005,100,2021-08-03 16:59:00,NATI
44.005,44.005,43.99,43.99,300,2021-08-03 17:00:00,NATI
44.005,44.03,44.005,44.03,1700,2021-08-03 17:01:00,NATI
44.041,44.041,44.0351,44.0351,253,2021-08-03 17:02:00,NATI
44.06,44.06,44.06,44.06,500,2021-08-03 17:04:00,NATI
44.0662,44.07,44.0662,44.07,534,2021-08-03 17:06:00,NATI
44.07,44.07,44.07,44.07,100,2021-08-03 17:07:00,NATI
44.05,44.065,44.05,44.065,300,2021-08-03 17:08:00,NATI
44.055,44.07,44.035,44.035,500,2021-08-03 17:09:00,NATI
44.05,44.06,44.045,44.06,1423,2021-08-03 17:10:00,NATI
44.075,44.075,44.075,44.075,100,2021-08-03 17:11:00,NATI
44.1,44.1,44.07,44.07,300,2021-08-03 17:12:00,NATI
44.1,44.13,44.085,44.13,1618,2021-08-03 17:13:00,NATI
44.12,44.12,44.12,44.12,100,2021-08-03 17:14:00,NATI
44.11,44.15,44.11,44.11,300,2021-08-03 17:16:00,NATI
44.13,44.13,44.13,44.13,200,2021-08-03 17:17:00,NATI
44.11,44.13,44.11,44.11,627,2021-08-03 17:18:00,NATI
44.05,44.05,44.03,44.03,500,2021-08-03 17:19:00,NATI
44.0393,44.05,44.03,44.03,314,2021-08-03 17:20:00,NATI
44.03,44.03,43.99,43.99,610,2021-08-03 17:21:00,NATI
44.02,44.03,44.0,44.0,700,2021-08-03 17:22:00,NATI
44.02,44.02,43.99,43.99,200,2021-08-03 17:23:00,NATI
43.99,43.99,43.99,43.99,100,2021-08-03 17:24:00,NATI
44.015,44.015,44.015,44.015,100,2021-08-03 17:25:00,NATI
44.0,44.03,44.0,44.015,500,2021-08-03 17:26:00,NATI
44.03,44.04,44.03,44.03,800,2021-08-03 17:27:00,NATI
44.03,44.05,44.02,44.05,920,2021-08-03 17:29:00,NATI
44.035,44.035,44.02,44.02,500,2021-08-03 17:30:00,NATI
44.025,44.025,44.025,44.025,100,2021-08-03 17:31:00,NATI
44.025,44.025,44.025,44.025,100,2021-08-03 17:33:00,NATI
44.025,44.025,44.0,44.01,700,2021-08-03 17:34:00,NATI
43.99,44.005,43.99,44.005,200,2021-08-03 17:35:00,NATI
43.99,43.99,43.99,43.99,100,2021-08-03 17:36:00,NATI
43.99,44.0,43.99,44.0,407,2021-08-03 17:37:00,NATI
43.97,43.97,43.97,43.97,200,2021-08-03 17:38:00,NATI
43.98,44.0,43.97,44.0,2600,2021-08-03 17:39:00,NATI
44.0,44.015,44.0,44.015,400,2021-08-03 17:41:00,NATI
43.99,43.99,43.99,43.99,100,2021-08-03 17:42:00,NATI
44.01,44.01,44.005,44.005,400,2021-08-03 17:43:00,NATI
44.005,44.02,44.005,44.02,300,2021-08-03 17:44:00,NATI
44.0,44.015,44.0,44.015,358,2021-08-03 17:46:00,NATI
44.01,44.01,44.01,44.01,100,2021-08-03 17:47:00,NATI
44.02,44.05,44.02,44.05,1500,2021-08-03 17:48:00,NATI
44.04,44.04,44.03,44.03,402,2021-08-03 17:49:00,NATI
44.0271,44.0271,44.0271,44.0271,167,2021-08-03 17:50:00,NATI
44.02,44.02,44.015,44.015,300,2021-08-03 17:51:00,NATI
44.0,44.015,44.0,44.0,300,2021-08-03 17:52:00,NATI
44.02,44.02,44.0,44.0,200,2021-08-03 17:53:00,NATI
44.03,44.06,44.03,44.03,1100,2021-08-03 17:54:00,NATI
44.03,44.03,44.03,44.03,100,2021-08-03 17:55:00,NATI
44.04,44.04,44.04,44.04,261,2021-08-03 17:56:00,NATI
44.01,44.01,44.01,44.01,100,2021-08-03 17:57:00,NATI
44.01,44.02,44.01,44.02,600,2021-08-03 17:58:00,NATI
44.0,44.0,44.0,44.0,200,2021-08-03 17:59:00,NATI
44.0,44.0,44.0,44.0,200,2021-08-03 18:00:00,NATI
43.995,43.995,43.92,43.95,1000,2021-08-03 18:01:00,NATI
43.93,43.95,43.93,43.95,200,2021-08-03 18:02:00,NATI
43.96,43.99,43.96,43.98,900,2021-08-03 18:03:00,NATI
43.96,43.96,43.945,43.945,200,2021-08-03 18:04:00,NATI
43.94,43.95,43.94,43.95,200,2021-08-03 18:05:00,NATI
43.98,43.98,43.97,43.97,300,2021-08-03 18:06:00,NATI
43.97,43.97,43.97,43.97,100,2021-08-03 18:07:00,NATI
43.96,43.99,43.95,43.985,2275,2021-08-03 18:08:00,NATI
43.99,44.0,43.98,44.0,900,2021-08-03 18:09:00,NATI
44.025,44.025,44.025,44.025,100,2021-08-03 18:10:00,NATI
44.02,44.05,44.02,44.05,500,2021-08-03 18:11:00,NATI
44.05,44.055,44.045,44.045,1713,2021-08-03 18:12:00,NATI
44.04,44.04,44.0,44.03,600,2021-08-03 18:13:00,NATI
44.0,44.0199,43.98,44.0,2400,2021-08-03 18:14:00,NATI
44.005,44.03,44.005,44.03,800,2021-08-03 18:15:00,NATI
44.03,44.03,44.01,44.03,500,2021-08-03 18:16:00,NATI
44.03,44.04,44.01,44.02,400,2021-08-03 18:17:00,NATI
44.01,44.025,44.01,44.01,300,2021-08-03 18:18:00,NATI
44.02,44.03,44.02,44.02,700,2021-08-03 18:19:00,NATI
44.015,44.015,44.0,44.015,300,2021-08-03 18:20:00,NATI
44.03,44.03,44.02,44.02,700,2021-08-03 18:21:00,NATI
44.02,44.02,44.01,44.01,200,2021-08-03 18:22:00,NATI
44.0,44.0,44.0,44.0,100,2021-08-03 18:23:00,NATI
44.0,44.02,44.0,44.02,2862,2021-08-03 18:24:00,NATI
44.02,44.03,44.02,44.02,500,2021-08-03 18:25:00,NATI
44.04,44.055,44.01,44.03,1128,2021-08-03 18:26:00,NATI
44.039,44.04,44.01,44.01,300,2021-08-03 18:27:00,NATI
44.01,44.01,44.01,44.01,100,2021-08-03 18:28:00,NATI
44.025,44.025,44.01,44.01,200,2021-08-03 18:29:00,NATI
44.035,44.04,44.0175,44.04,407,2021-08-03 18:30:00,NATI
44.04,44.05,44.021,44.021,1400,2021-08-03 18:31:00,NATI
44.04,44.05,44.03,44.04,900,2021-08-03 18:32:00,NATI
44.045,44.045,44.0111,44.0111,523,2021-08-03 18:33:00,NATI
44.02,44.03,44.02,44.03,200,2021-08-03 18:34:00,NATI
44.015,44.015,44.015,44.015,200,2021-08-03 18:35:00,NATI
44.015,44.015,44.0,44.0,200,2021-08-03 18:36:00,NATI
44.01,44.01,44.0,44.01,4333,2021-08-03 18:37:00,NATI
44.02,44.025,44.01,44.02,1300,2021-08-03 18:38:00,NATI
44.02,44.05,44.02,44.05,300,2021-08-03 18:39:00,NATI
44.055,44.07,44.03,44.03,1970,2021-08-03 18:40:00,NATI
44.04,44.04,44.0099,44.0099,1099,2021-08-03 18:41:00,NATI
44.01,44.02,44.01,44.01,1200,2021-08-03 18:42:00,NATI
44.01,44.05,44.01,44.05,619,2021-08-03 18:43:00,NATI
44.03,44.05,44.03,44.03,739,2021-08-03 18:44:00,NATI
44.02,44.03,44.01,44.03,500,2021-08-03 18:45:00,NATI
44.015,44.03,44.0,44.025,500,2021-08-03 18:46:00,NATI
44.02,44.02,44.0,44.01,2964,2021-08-03 18:48:00,NATI
44.01,44.02,44.01,44.015,1200,2021-08-03 18:50:00,NATI
44.03,44.045,44.01,44.0199,1591,2021-08-03 18:51:00,NATI
44.01,44.01,44.01,44.01,400,2021-08-03 18:52:00,NATI
44.01,44.01,44.01,44.01,100,2021-08-03 18:54:00,NATI
44.02,44.03,44.02,44.03,800,2021-08-03 18:55:00,NATI
44.045,44.05,44.01,44.025,1615,2021-08-03 18:57:00,NATI
44.03,44.04,44.03,44.03,5698,2021-08-03 18:58:00,NATI
44.03,44.03,44.02,44.03,600,2021-08-03 18:59:00,NATI
44.04,44.06,44.04,44.05,4618,2021-08-03 19:00:00,NATI
44.04,44.05,44.04,44.05,700,2021-08-03 19:01:00,NATI
44.05,44.055,44.05,44.055,400,2021-08-03 19:02:00,NATI
44.05,44.05,44.04,44.04,700,2021-08-03 19:03:00,NATI
44.03,44.035,44.03,44.035,500,2021-08-03 19:04:00,NATI
44.035,44.05,44.02,44.05,1400,2021-08-03 19:05:00,NATI
44.05,44.05,44.05,44.05,100,2021-08-03 19:06:00,NATI
44.05,44.06,44.05,44.055,2902,2021-08-03 19:07:00,NATI
44.05,44.05,44.02,44.02,1800,2021-08-03 19:08:00,NATI
44.03,44.035,44.03,44.035,200,2021-08-03 19:09:00,NATI
44.035,44.035,44.035,44.035,100,2021-08-03 19:10:00,NATI
44.02,44.02,44.02,44.02,200,2021-08-03 19:11:00,NATI
44.02,44.0299,44.01,44.01,821,2021-08-03 19:12:00,NATI
44.0,44.04,44.0,44.04,2480,2021-08-03 19:13:00,NATI
44.05,44.06,44.05,44.05,642,2021-08-03 19:14:00,NATI
44.06,44.06,44.055,44.06,900,2021-08-03 19:15:00,NATI
44.05,44.06,44.05,44.06,697,2021-08-03 19:16:00,NATI
44.05,44.05,44.04,44.05,1204,2021-08-03 19:17:00,NATI
44.045,44.05,44.045,44.05,1400,2021-08-03 19:18:00,NATI
44.04,44.04,44.04,44.04,802,2021-08-03 19:19:00,NATI
44.045,44.045,44.045,44.045,100,2021-08-03 19:20:00,NATI
44.05,44.05,44.045,44.05,1900,2021-08-03 19:21:00,NATI
44.05,44.05,44.045,44.05,500,2021-08-03 19:22:00,NATI
44.05,44.07,44.04,44.07,6228,2021-08-03 19:23:00,NATI
44.08,44.08,44.06,44.06,1097,2021-08-03 19:24:00,NATI
44.07,44.07,44.05,44.05,21611,2021-08-03 19:25:00,NATI
44.04,44.055,44.02,44.02,1921,2021-08-03 19:26:00,NATI
44.0319,44.0319,44.01,44.01,400,2021-08-03 19:27:00,NATI
44.01,44.01,44.0,44.0,3114,2021-08-03 19:28:00,NATI
44.0,44.01,44.0,44.0,8872,2021-08-03 19:29:00,NATI
44.0,44.01,43.92,43.92,16487,2021-08-03 19:30:00,NATI
43.92,43.94,43.905,43.925,4600,2021-08-03 19:31:00,NATI
43.925,43.925,43.92,43.92,309,2021-08-03 19:32:00,NATI
43.92,43.92,43.915,43.915,928,2021-08-03 19:33:00,NATI
43.92,43.93,43.915,43.92,4126,2021-08-03 19:34:00,NATI
43.915,43.919,43.85,43.85,2748,2021-08-03 19:35:00,NATI
43.85,43.85,43.79,43.82,1783,2021-08-03 19:36:00,NATI
43.805,43.81,43.71,43.71,15821,2021-08-03 19:37:00,NATI
43.7,43.735,43.67,43.72,4626,2021-08-03 19:38:00,NATI
43.74,43.76,43.73,43.75,1621,2021-08-03 19:39:00,NATI
43.755,43.755,43.755,43.755,200,2021-08-03 19:40:00,NATI
43.75,43.8,43.75,43.8,2200,2021-08-03 19:41:00,NATI
43.8,43.8,43.77,43.77,200,2021-08-03 19:42:00,NATI
43.75,43.77,43.75,43.77,500,2021-08-03 19:43:00,NATI
43.76,43.775,43.71,43.71,1100,2021-08-03 19:44:00,NATI
43.68,43.72,43.67,43.72,3768,2021-08-03 19:45:00,NATI
43.74,43.74,43.72,43.72,300,2021-08-03 19:46:00,NATI
43.725,43.74,43.725,43.74,400,2021-08-03 19:47:00,NATI
43.74,43.77,43.74,43.74,1681,2021-08-03 19:48:00,NATI
43.76,43.77,43.725,43.725,3325,2021-08-03 19:49:00,NATI
43.725,43.75,43.69,43.75,5002,2021-08-03 19:50:00,NATI
43.75,43.75,43.71,43.715,1500,2021-08-03 19:51:00,NATI
43.715,43.77,43.69,43.72,4592,2021-08-03 19:52:00,NATI
43.69,43.72,43.66,43.71,7657,2021-08-03 19:53:00,NATI
43.69,43.7299,43.64,43.695,8241,2021-08-03 19:54:00,NATI
43.71,43.72,43.67,43.68,8476,2021-08-03 19:55:00,NATI
43.71,43.73,43.67,43.69,6778,2021-08-03 19:56:00,NATI
43.7,43.73,43.69,43.73,5161,2021-08-03 19:57:00,NATI
43.73,43.73,43.65,43.71,15071,2021-08-03 19:58:00,NATI
43.71,43.73,43.69,43.73,8318,2021-08-03 19:59:00,NATI
43.71,43.71,43.71,43.71,88575,2021-08-03 20:00:00,NATI
43.71,43.71,43.71,43.71,5975,2021-08-03 20:01:00,NATI
43.53,43.53,43.53,43.53,100,2021-08-04 13:29:00,NATI
43.5,43.68,43.5,43.535,5900,2021-08-04 13:30:00,NATI
43.47,43.71,43.47,43.71,500,2021-08-04 13:31:00,NATI
43.6,43.6,43.4517,43.4517,612,2021-08-04 13:32:00,NATI
43.54,43.54,43.5,43.5,300,2021-08-04 13:33:00,NATI
43.3816,43.3816,43.3816,43.3816,344,2021-08-04 13:34:00,NATI
43.51,43.51,43.51,43.51,100,2021-08-04 13:37:00,NATI
43.52,43.52,43.52,43.52,200,2021-08-04 13:40:00,NATI
43.5015,43.5015,43.5015,43.5015,1000,2021-08-04 13:41:00,NATI
43.5,43.5,43.5,43.5,100,2021-08-04 13:42:00,NATI
43.4701,43.4701,43.4701,43.4701,250,2021-08-04 13:43:00,NATI
43.47,43.49,43.47,43.49,600,2021-08-04 13:44:00,NATI
43.52,43.575,43.52,43.575,546,2021-08-04 13:45:00,NATI
43.61,43.685,43.61,43.685,494,2021-08-04 13:48:00,NATI
43.6242,43.6242,43.6242,43.6242,159,2021-08-04 13:49:00,NATI
43.719,43.719,43.69,43.715,600,2021-08-04 13:51:00,NATI
43.71,43.71,43.64,43.64,1046,2021-08-04 13:52:00,NATI
43.655,43.655,43.655,43.655,100,2021-08-04 13:53:00,NATI
43.57,43.62,43.57,43.58,600,2021-08-04 13:54:00,NATI
43.54,43.54,43.53,43.53,200,2021-08-04 13:56:00,NATI
43.565,43.565,43.565,43.565,1600,2021-08-04 13:58:00,NATI
43.56,43.56,43.56,43.56,100,2021-08-04 13:59:00,NATI
43.54,43.54,43.54,43.54,100,2021-08-04 14:00:00,NATI
43.59,43.59,43.59,43.59,200,2021-08-04 14:01:00,NATI
43.628,43.628,43.628,43.628,147,2021-08-04 14:02:00,NATI
43.66,43.66,43.66,43.66,200,2021-08-04 14:03:00,NATI
43.72,43.72,43.69,43.71,637,2021-08-04 14:05:00,NATI
43.71,43.76,43.71,43.76,1300,2021-08-04 14:06:00,NATI
43.83,43.83,43.83,43.83,143,2021-08-04 14:10:00,NATI
43.795,43.81,43.795,43.81,500,2021-08-04 14:11:00,NATI
43.79,43.79,43.77,43.77,200,2021-08-04 14:12:00,NATI
43.7358,43.74,43.7358,43.74,331,2021-08-04 14:13:00,NATI
43.72,43.72,43.72,43.72,320,2021-08-04 14:14:00,NATI
43.64,43.67,43.64,43.67,200,2021-08-04 14:15:00,NATI
43.7,43.74,43.7,43.735,485,2021-08-04 14:16:00,NATI
43.75,43.765,43.7262,43.7262,440,2021-08-04 14:17:00,NATI
43.7591,43.81,43.7591,43.81,416,2021-08-04 14:20:00,NATI
43.81,43.81,43.81,43.81,100,2021-08-04 14:22:00,NATI
43.8,43.88,43.8,43.84,1500,2021-08-04 14:25:00,NATI
43.875,43.88,43.83,43.84,1410,2021-08-04 14:28:00,NATI
43.71,43.71,43.665,43.665,308,2021-08-04 14:32:00,NATI
43.71,43.715,43.71,43.715,400,2021-08-04 14:35:00,NATI
43.725,43.725,43.725,43.725,120,2021-08-04 14:36:00,NATI
43.7834,43.81,43.7834,43.81,300,2021-08-04 14:40:00,NATI
43.785,43.785,43.785,43.785,230,2021-08-04 14:41:00,NATI
43.77,43.82,43.77,43.82,300,2021-08-04 14:42:00,NATI
43.8075,43.8075,43.79,43.79,297,2021-08-04 14:43:00,NATI
43.815,43.815,43.815,43.815,800,2021-08-04 14:44:00,NATI
43.85,43.85,43.8081,43.8081,243,2021-08-04 14:45:00,NATI
43.79,43.82,43.78,43.82,700,2021-08-04 14:46:00,NATI
43.8,43.8,43.76,43.76,433,2021-08-04 14:48:00,NATI
43.75,43.76,43.75,43.75,400,2021-08-04 14:49:00,NATI
43.75,43.75,43.75,43.75,200,2021-08-04 14:51:00,NATI
43.77,43.81,43.77,43.79,1666,2021-08-04 14:53:00,NATI
43.835,43.835,43.835,43.835,100,2021-08-04 14:54:00,NATI
43.84,43.86,43.84,43.855,300,2021-08-04 14:56:00,NATI
43.87,43.885,43.87,43.885,275,2021-08-04 14:57:00,NATI
43.9,43.9,43.9,43.9,100,2021-08-04 14:58:00,NATI
43.91,43.92,43.91,43.92,200,2021-08-04 15:00:00,NATI
43.9057,43.9057,43.9057,43.9057,100,2021-08-04 15:01:00,NATI
43.94,43.94,43.94,43.94,100,2021-08-04 15:02:00,NATI
43.94,43.94,43.94,43.94,300,2021-08-04 15:03:00,NATI
43.96,43.98,43.95,43.965,900,2021-08-04 15:04:00,NATI
43.99,43.99,43.99,43.99,100,2021-08-04 15:05:00,NATI
43.97,43.99,43.96,43.96,700,2021-08-04 15:06:00,NATI
43.96,43.96,43.95,43.95,314,2021-08-04 15:07:00,NATI
43.94,43.94,43.94,43.94,145,2021-08-04 15:08:00,NATI
43.91,43.91,43.91,43.91,100,2021-08-04 15:09:00,NATI
43.91,43.93,43.91,43.93,200,2021-08-04 15:10:00,NATI
43.9,43.9,43.88,43.885,593,2021-08-04 15:11:00,NATI
43.885,43.885,43.86,43.86,300,2021-08-04 15:12:00,NATI
43.84,43.87,43.84,43.87,300,2021-08-04 15:14:00,NATI
43.89,43.89,43.88,43.88,500,2021-08-04 15:16:00,NATI
43.88,43.88,43.88,43.88,200,2021-08-04 15:18:00,NATI
43.89,43.89,43.89,43.89,500,2021-08-04 15:19:00,NATI
43.88,43.88,43.87,43.87,600,2021-08-04 15:20:00,NATI
43.87,43.87,43.87,43.87,100,2021-08-04 15:21:00,NATI
43.865,43.89,43.85,43.89,627,2021-08-04 15:22:00,NATI
43.86,43.86,43.86,43.86,100,2021-08-04 15:24:00,NATI
43.86,43.86,43.83,43.83,500,2021-08-04 15:25:00,NATI
43.83,43.83,43.81,43.81,300,2021-08-04 15:26:00,NATI
43.83,43.84,43.83,43.83,400,2021-08-04 15:27:00,NATI
43.82,43.82,43.81,43.81,400,2021-08-04 15:28:00,NATI
43.78,43.81,43.78,43.81,1200,2021-08-04 15:32:00,NATI
43.81,43.84,43.81,43.84,1000,2021-08-04 15:33:00,NATI
43.84,43.84,43.8,43.8,1199,2021-08-04 15:35:00,NATI
43.81,43.81,43.81,43.81,100,2021-08-04 15:36:00,NATI
43.77,43.79,43.77,43.79,600,2021-08-04 15:38:00,NATI
43.79,43.795,43.79,43.795,200,2021-08-04 15:39:00,NATI
43.79,43.79,43.79,43.79,100,2021-08-04 15:40:00,NATI
43.74,43.75,43.73,43.73,1300,2021-08-04 15:42:00,NATI
43.74,43.745,43.74,43.745,200,2021-08-04 15:45:00,NATI
43.78,43.78,43.78,43.78,100,2021-08-04 15:46:00,NATI
43.78,43.785,43.75,43.775,700,2021-08-04 15:47:00,NATI
43.75,43.75,43.725,43.75,400,2021-08-04 15:50:00,NATI
43.73,43.73,43.73,43.73,671,2021-08-04 15:53:00,NATI
43.67,43.67,43.67,43.67,300,2021-08-04 15:54:00,NATI
43.7,43.72,43.7,43.72,500,2021-08-04 15:55:00,NATI
43.725,43.725,43.725,43.725,100,2021-08-04 15:56:00,NATI
43.7109,43.7109,43.7109,43.7109,160,2021-08-04 15:57:00,NATI
43.7,43.7,43.7,43.7,100,2021-08-04 15:58:00,NATI
43.69,43.69,43.68,43.68,200,2021-08-04 15:59:00,NATI
43.65,43.65,43.65,43.65,100,2021-08-04 16:01:00,NATI
43.675,43.675,43.67,43.67,207,2021-08-04 16:02:00,NATI
43.67,43.67,43.67,43.67,100,2021-08-04 16:03:00,NATI
43.66,43.66,43.66,43.66,200,2021-08-04 16:05:00,NATI
43.64,43.645,43.64,43.645,406,2021-08-04 16:08:00,NATI
43.65,43.65,43.65,43.65,392,2021-08-04 16:09:00,NATI
43.64,43.65,43.64,43.645,600,2021-08-04 16:10:00,NATI
43.66,43.68,43.66,43.68,500,2021-08-04 16:12:00,NATI
43.67,43.685,43.67,43.685,200,2021-08-04 16:13:00,NATI
43.71,43.71,43.7,43.7,300,2021-08-04 16:15:00,NATI
43.72,43.72,43.69,43.7,800,2021-08-04 16:19:00,NATI
43.68,43.7,43.68,43.7,300,2021-08-04 16:22:00,NATI
43.68,43.68,43.68,43.68,100,2021-08-04 16:25:00,NATI
43.6868,43.6868,43.6868,43.6868,149,2021-08-04 16:26:00,NATI
43.6751,43.6751,43.6751,43.6751,125,2021-08-04 16:28:00,NATI
43.7,43.7,43.695,43.695,600,2021-08-04 16:29:00,NATI
43.72,43.72,43.72,43.72,100,2021-08-04 16:30:00,NATI
43.7088,43.72,43.7088,43.72,302,2021-08-04 16:31:00,NATI
43.7,43.7,43.7,43.7,100,2021-08-04 16:32:00,NATI
43.72,43.73,43.72,43.73,500,2021-08-04 16:34:00,NATI
43.73,43.73,43.73,43.73,100,2021-08-04 16:35:00,NATI
43.735,43.755,43.735,43.755,1145,2021-08-04 16:36:00,NATI
43.77,43.785,43.77,43.785,200,2021-08-04 16:40:00,NATI
43.78,43.78,43.755,43.755,700,2021-08-04 16:41:00,NATI
43.74,43.74,43.71,43.71,567,2021-08-04 16:42:00,NATI
43.73,43.73,43.73,43.73,100,2021-08-04 16:44:00,NATI
43.76,43.76,43.76,43.76,100,2021-08-04 16:45:00,NATI
43.78,43.78,43.78,43.78,100,2021-08-04 16:48:00,NATI
43.78,43.78,43.78,43.78,100,2021-08-04 16:49:00,NATI
43.7533,43.7533,43.7533,43.7533,600,2021-08-04 16:52:00,NATI
43.76,43.76,43.76,43.76,100,2021-08-04 16:54:00,NATI
43.78,43.78,43.78,43.78,100,2021-08-04 16:55:00,NATI
43.76,43.77,43.75,43.75,400,2021-08-04 16:57:00,NATI
43.75,43.75,43.75,43.75,100,2021-08-04 16:59:00,NATI
43.78,43.79,43.77,43.785,1000,2021-08-04 17:00:00,NATI
43.8,43.805,43.8,43.805,300,2021-08-04 17:02:00,NATI
43.81,43.81,43.81,43.81,100,2021-08-04 17:03:00,NATI
43.8185,43.8185,43.8185,43.8185,202,2021-08-04 17:06:00,NATI
43.84,43.89,43.83,43.89,800,2021-08-04 17:07:00,NATI
43.87,43.87,43.87,43.87,100,2021-08-04 17:10:00,NATI
43.865,43.88,43.85,43.88,803,2021-08-04 17:12:00,NATI
43.86,43.86,43.8477,43.8477,337,2021-08-04 17:14:00,NATI
43.855,43.855,43.83,43.83,400,2021-08-04 17:15:00,NATI
43.82,43.875,43.82,43.875,700,2021-08-04 17:18:00,NATI
43.92,43.92,43.87,43.885,325,2021-08-04 17:20:00,NATI
43.895,43.895,43.895,43.895,743,2021-08-04 17:21:00,NATI
43.9,43.9,43.9,43.9,100,2021-08-04 17:23:00,NATI
43.88,43.88,43.88,43.88,100,2021-08-04 17:26:00,NATI
43.91,43.91,43.91,43.91,100,2021-08-04 17:27:00,NATI
43.915,43.95,43.915,43.93,1500,2021-08-04 17:28:00,NATI
43.95,43.95,43.9499,43.95,388,2021-08-04 17:29:00,NATI
43.93,43.93,43.93,43.93,300,2021-08-04 17:30:00,NATI
43.91,43.94,43.9,43.94,1200,2021-08-04 17:31:00,NATI
43.92,43.95,43.92,43.95,210,2021-08-04 17:34:00,NATI
43.96,43.96,43.96,43.96,300,2021-08-04 17:35:00,NATI
43.95,43.95,43.93,43.93,702,2021-08-04 17:36:00,NATI
43.93,43.93,43.93,43.93,100,2021-08-04 17:37:00,NATI
43.93,43.93,43.93,43.93,200,2021-08-04 17:40:00,NATI
43.93,43.93,43.93,43.93,400,2021-08-04 17:41:00,NATI
43.94,43.95,43.94,43.945,549,2021-08-04 17:43:00,NATI
43.97,43.97,43.96,43.96,500,2021-08-04 17:45:00,NATI
43.98,43.98,43.98,43.98,200,2021-08-04 17:48:00,NATI
44.0,44.0,44.0,44.0,100,2021-08-04 17:49:00,NATI
43.99,44.02,43.99,44.01,1920,2021-08-04 17:51:00,NATI
44.04,44.04,44.04,44.04,200,2021-08-04 17:52:00,NATI
44.04,44.04,44.04,44.04,100,2021-08-04 17:53:00,NATI
44.04,44.05,44.04,44.05,200,2021-08-04 17:54:00,NATI
44.055,44.055,44.055,44.055,100,2021-08-04 17:58:00,NATI
44.0448,44.07,44.0448,44.07,1182,2021-08-04 17:59:00,NATI
44.08,44.08,44.065,44.065,416,2021-08-04 18:00:00,NATI
44.065,44.065,44.065,44.065,100,2021-08-04 18:01:00,NATI
44.065,44.08,44.05,44.065,1400,2021-08-04 18:02:00,NATI
44.05,44.06,44.05,44.05,11200,2021-08-04 18:03:00,NATI
44.03,44.03,44.03,44.03,200,2021-08-04 18:04:00,NATI
44.03,44.03,43.98,43.98,1400,2021-08-04 18:05:00,NATI
43.975,43.975,43.975,43.975,300,2021-08-04 18:06:00,NATI
43.975,43.975,43.975,43.975,200,2021-08-04 18:07:00,NATI
43.9413,43.9413,43.9413,43.9413,117,2021-08-04 18:08:00,NATI
43.94,43.95,43.94,43.95,500,2021-08-04 18:09:00,NATI
43.97,44.0,43.97,43.99,1000,2021-08-04 18:10:00,NATI
43.99,43.99,43.99,43.99,204,2021-08-04 18:11:00,NATI
43.9812,44.005,43.9812,44.005,256,2021-08-04 18:12:00,NATI
44.0,44.0,44.0,44.0,100,2021-08-04 18:14:00,NATI
44.0,44.0,43.979,43.979,200,2021-08-04 18:15:00,NATI
44.0,44.0,44.0,44.0,100,2021-08-04 18:16:00,NATI
43.96,43.96,43.96,43.96,400,2021-08-04 18:18:00,NATI
43.98,43.98,43.96,43.96,966,2021-08-04 18:19:00,NATI
43.95,43.95,43.95,43.95,200,2021-08-04 18:20:00,NATI
43.93,43.93,43.92,43.92,400,2021-08-04 18:21:00,NATI
43.9,43.92,43.9,43.92,300,2021-08-04 18:23:00,NATI
43.89,43.905,43.89,43.905,700,2021-08-04 18:25:00,NATI
43.8966,43.91,43.88,43.89,1009,2021-08-04 18:27:00,NATI
43.85,43.86,43.85,43.86,200,2021-08-04 18:29:00,NATI
43.88,43.88,43.88,43.88,100,2021-08-04 18:32:00,NATI
43.87,43.87,43.87,43.87,100,2021-08-04 18:34:00,NATI
43.87,43.87,43.87,43.87,100,2021-08-04 18:35:00,NATI
43.83,43.83,43.83,43.83,100,2021-08-04 18:36:00,NATI
43.88,43.88,43.84,43.845,300,2021-08-04 18:37:00,NATI
43.82,43.84,43.82,43.84,1301,2021-08-04 18:41:00,NATI
43.845,43.845,43.83,43.83,475,2021-08-04 18:43:00,NATI
43.83,43.83,43.83,43.83,116,2021-08-04 18:44:00,NATI
43.825,43.825,43.81,43.81,384,2021-08-04 18:45:00,NATI
43.8,43.81,43.8,43.81,316,2021-08-04 18:46:00,NATI
43.78,43.78,43.78,43.78,100,2021-08-04 18:47:00,NATI
43.77,43.78,43.77,43.78,786,2021-08-04 18:49:00,NATI
43.75,43.75,43.75,43.75,680,2021-08-04 18:51:00,NATI
43.76,43.76,43.76,43.76,100,2021-08-04 18:53:00,NATI
43.79,43.79,43.79,43.79,100,2021-08-04 18:54:00,NATI
43.78,43.78,43.78,43.78,400,2021-08-04 18:55:00,NATI
43.77,43.77,43.77,43.77,355,2021-08-04 18:56:00,NATI
43.82,43.82,43.82,43.82,100,2021-08-04 19:00:00,NATI
43.805,43.81,43.79,43.79,900,2021-08-04 19:01:00,NATI
43.78,43.78,43.78,43.78,200,2021-08-04 19:02:00,NATI
43.78,43.78,43.78,43.78,100,2021-08-04 19:03:00,NATI
43.78,43.78,43.765,43.765,200,2021-08-04 19:04:00,NATI
43.77,43.775,43.77,43.77,400,2021-08-04 19:05:00,NATI
43.76,43.76,43.76,43.76,100,2021-08-04 19:06:00,NATI
43.74,43.755,43.73,43.755,1249,2021-08-04 19:08:00,NATI
43.745,43.745,43.73,43.73,500,2021-08-04 19:10:00,NATI
43.71,43.71,43.705,43.705,300,2021-08-04 19:11:00,NATI
43.71,43.72,43.71,43.72,700,2021-08-04 19:12:00,NATI
43.705,43.705,43.68,43.68,200,2021-08-04 19:13:00,NATI
43.68,43.68,43.64,43.65,900,2021-08-04 19:15:00,NATI
43.64,43.64,43.63,43.64,600,2021-08-04 19:16:00,NATI
43.645,43.645,43.645,43.645,200,2021-08-04 19:17:00,NATI
43.65,43.67,43.65,43.67,600,2021-08-04 19:18:00,NATI
43.655,43.655,43.655,43.655,100,2021-08-04 19:19:00,NATI
43.66,43.66,43.66,43.66,100,2021-08-04 19:20:00,NATI
43.68,43.68,43.68,43.68,300,2021-08-04 19:22:00,NATI
43.69,43.71,43.69,43.71,300,2021-08-04 19:23:00,NATI
43.7,43.7,43.68,43.68,300,2021-08-04 19:24:00,NATI
43.7,43.73,43.7,43.73,1400,2021-08-04 19:26:00,NATI
43.73,43.775,43.73,43.775,1505,2021-08-04 19:27:00,NATI
43.77,43.78,43.755,43.765,1200,2021-08-04 19:30:00,NATI
43.76,43.76,43.76,43.76,200,2021-08-04 19:31:00,NATI
43.76,43.76,43.74,43.74,1600,2021-08-04 19:32:00,NATI
43.72,43.72,43.72,43.72,100,2021-08-04 19:34:00,NATI
43.73,43.735,43.73,43.735,200,2021-08-04 19:35:00,NATI
43.73,43.73,43.73,43.73,200,2021-08-04 19:36:00,NATI
43.705,43.705,43.7,43.7,200,2021-08-04 19:37:00,NATI
43.66,43.67,43.66,43.67,300,2021-08-04 19:39:00,NATI
43.65,43.66,43.65,43.65,300,2021-08-04 19:40:00,NATI
43.67,43.69,43.67,43.69,1600,2021-08-04 19:41:00,NATI
43.68,43.68,43.665,43.67,800,2021-08-04 19:42:00,NATI
43.675,43.69,43.67,43.69,2183,2021-08-04 19:43:00,NATI
43.71,43.739,43.71,43.739,300,2021-08-04 19:44:00,NATI
43.74,43.745,43.71,43.72,1100,2021-08-04 19:45:00,NATI
43.69,43.69,43.69,43.69,500,2021-08-04 19:46:00,NATI
43.69,43.71,43.69,43.71,1049,2021-08-04 19:47:00,NATI
43.75,43.75,43.75,43.75,200,2021-08-04 19:48:00,NATI
43.75,43.76,43.73,43.73,1100,2021-08-04 19:49:00,NATI
43.72,43.72,43.66,43.66,3875,2021-08-04 19:50:00,NATI
43.65,43.65,43.61,43.645,6256,2021-08-04 19:51:00,NATI
43.63,43.67,43.62,43.67,3601,2021-08-04 19:52:00,NATI
43.67,43.67,43.59,43.6,2104,2021-08-04 19:53:00,NATI
43.63,43.659,43.5,43.6,8674,2021-08-04 19:54:00,NATI
43.6,43.68,43.6,43.68,3569,2021-08-04 19:55:00,NATI
43.66,43.67,43.655,43.67,4647,2021-08-04 19:56:00,NATI
43.67,43.68,43.66,43.68,2528,2021-08-04 19:57:00,NATI
43.675,43.75,43.675,43.74,9308,2021-08-04 19:58:00,NATI
43.74,43.74,43.59,43.6,11309,2021-08-04 19:59:00,NATI
43.6,43.65,43.59,43.65,226765,2021-08-04 20:00:00,NATI
43.65,43.65,43.65,43.65,459,2021-08-04 20:01:00,NATI
43.7,43.7,43.7,43.7,100,2021-08-05 13:29:00,NATI
43.71,43.905,43.61,43.845,9522,2021-08-05 13:30:00,NATI
43.845,43.845,43.75,43.75,700,2021-08-05 13:31:00,NATI
43.7,43.7,43.7,43.7,108,2021-08-05 13:33:00,NATI
43.665,43.665,43.665,43.665,100,2021-08-05 13:34:00,NATI
43.5501,43.66,43.5501,43.66,220,2021-08-05 13:36:00,NATI
43.56,43.56,43.56,43.56,100,2021-08-05 13:37:00,NATI
43.705,43.75,43.705,43.73,300,2021-08-05 13:40:00,NATI
43.685,43.685,43.685,43.685,100,2021-08-05 13:41:00,NATI
43.73,43.73,43.66,43.66,514,2021-08-05 13:42:00,NATI
43.67,43.67,43.67,43.67,100,2021-08-05 13:43:00,NATI
43.64,43.64,43.615,43.615,200,2021-08-05 13:44:00,NATI
43.65,43.677,43.65,43.677,325,2021-08-05 13:45:00,NATI
43.67,43.67,43.67,43.67,100,2021-08-05 13:46:00,NATI
43.67,43.71,43.67,43.71,200,2021-08-05 13:47:00,NATI
43.67,43.72,43.6322,43.6322,985,2021-08-05 13:48:00,NATI
43.67,43.67,43.67,43.67,100,2021-08-05 13:49:00,NATI
43.62,43.62,43.61,43.61,300,2021-08-05 13:50:00,NATI
43.65,43.66,43.65,43.66,718,2021-08-05 13:52:00,NATI
43.63,43.63,43.63,43.63,1000,2021-08-05 13:55:00,NATI
43.68,43.68,43.67,43.67,200,2021-08-05 13:58:00,NATI
43.69,43.7,43.69,43.7,300,2021-08-05 13:59:00,NATI
43.74,43.74,43.69,43.7,700,2021-08-05 14:03:00,NATI
43.63,43.63,43.63,43.63,600,2021-08-05 14:06:00,NATI
43.64,43.64,43.505,43.505,1251,2021-08-05 14:07:00,NATI
43.51,43.51,43.51,43.51,100,2021-08-05 14:08:00,NATI
43.485,43.485,43.485,43.485,457,2021-08-05 14:12:00,NATI
43.44,43.52,43.44,43.52,400,2021-08-05 14:13:00,NATI
43.53,43.53,43.53,43.53,200,2021-08-05 14:15:00,NATI
43.51,43.52,43.49,43.52,500,2021-08-05 14:16:00,NATI
43.5118,43.52,43.44,43.44,500,2021-08-05 14:17:00,NATI
43.48,43.49,43.48,43.49,200,2021-08-05 14:18:00,NATI
43.49,43.5,43.49,43.5,202,2021-08-05 14:25:00,NATI
43.45,43.45,43.405,43.45,700,2021-08-05 14:27:00,NATI
43.44,43.5,43.4,43.47,1000,2021-08-05 14:29:00,NATI
43.41,43.425,43.4,43.425,1301,2021-08-05 14:30:00,NATI
43.34,43.39,43.32,43.33,1535,2021-08-05 14:33:00,NATI
43.39,43.39,43.39,43.39,200,2021-08-05 14:35:00,NATI
43.37,43.38,43.3255,43.3255,1385,2021-08-05 14:36:00,NATI
43.33,43.33,43.33,43.33,100,2021-08-05 14:37:00,NATI
43.31,43.36,43.31,43.33,1227,2021-08-05 14:38:00,NATI
43.33,43.34,43.32,43.34,600,2021-08-05 14:41:00,NATI
43.33,43.33,43.324,43.324,550,2021-08-05 14:42:00,NATI
43.36,43.36,43.36,43.36,516,2021-08-05 14:44:00,NATI
43.34,43.37,43.34,43.36,1000,2021-08-05 14:45:00,NATI
43.35,43.35,43.34,43.34,500,2021-08-05 14:48:00,NATI
43.35,43.35,43.32,43.35,300,2021-08-05 14:49:00,NATI
43.35,43.36,43.35,43.36,300,2021-08-05 14:50:00,NATI
43.375,43.375,43.375,43.375,493,2021-08-05 14:51:00,NATI
43.36,43.36,43.36,43.36,100,2021-08-05 14:55:00,NATI
43.355,43.38,43.355,43.38,200,2021-08-05 14:56:00,NATI
43.36,43.39,43.36,43.37,983,2021-08-05 14:57:00,NATI
43.43,43.43,43.41,43.41,200,2021-08-05 14:58:00,NATI
43.415,43.415,43.41,43.41,200,2021-08-05 14:59:00,NATI
43.46,43.46,43.4,43.4,600,2021-08-05 15:00:00,NATI
43.4,43.4,43.4,43.4,200,2021-08-05 15:01:00,NATI
43.42,43.42,43.42,43.42,222,2021-08-05 15:02:00,NATI
43.4,43.4,43.4,43.4,200,2021-08-05 15:03:00,NATI
43.4,43.4,43.4,43.4,100,2021-08-05 15:04:00,NATI
43.4043,43.43,43.4,43.43,568,2021-08-05 15:05:00,NATI
43.4,43.4,43.4,43.4,200,2021-08-05 15:06:00,NATI
43.4,43.4,43.4,43.4,100,2021-08-05 15:09:00,NATI
43.37,43.37,43.34,43.37,3114,2021-08-05 15:10:00,NATI
43.39,43.42,43.39,43.42,1500,2021-08-05 15:13:00,NATI
43.42,43.43,43.39,43.39,900,2021-08-05 15:15:00,NATI
43.39,43.395,43.355,43.355,700,2021-08-05 15:16:00,NATI
43.35,43.35,43.35,43.35,100,2021-08-05 15:18:00,NATI
43.35,43.4,43.35,43.4,900,2021-08-05 15:21:00,NATI
43.38,43.38,43.38,43.38,100,2021-08-05 15:22:00,NATI
43.37,43.37,43.35,43.35,300,2021-08-05 15:23:00,NATI
43.355,43.4,43.355,43.38,1000,2021-08-05 15:24:00,NATI
43.38,43.38,43.38,43.38,100,2021-08-05 15:25:00,NATI
43.39,43.39,43.38,43.38,200,2021-08-05 15:26:00,NATI
43.39,43.41,43.39,43.41,664,2021-08-05 15:28:00,NATI
43.43,43.43,43.4,43.4099,1624,2021-08-05 15:29:00,NATI
43.4,43.42,43.4,43.405,1451,2021-08-05 15:30:00,NATI
43.41,43.41,43.39,43.39,900,2021-08-05 15:31:00,NATI
43.39,43.4,43.39,43.4,1124,2021-08-05 15:32:00,NATI
43.41,43.43,43.41,43.43,400,2021-08-05 15:33:00,NATI
43.41,43.41,43.41,43.41,100,2021-08-05 15:34:00,NATI
43.42,43.42,43.4,43.4,600,2021-08-05 15:35:00,NATI
43.41,43.41,43.41,43.41,200,2021-08-05 15:36:00,NATI
43.44,43.44,43.44,43.44,100,2021-08-05 15:37:00,NATI
43.44,43.44,43.385,43.385,2398,2021-08-05 15:38:00,NATI
43.34,43.34,43.34,43.34,100,2021-08-05 15:39:00,NATI
43.3,43.3,43.3,43.3,200,2021-08-05 15:41:00,NATI
43.26,43.26,43.21,43.24,1500,2021-08-05 15:42:00,NATI
43.21,43.21,43.2,43.2,800,2021-08-05 15:43:00,NATI
43.23,43.23,43.21,43.21,200,2021-08-05 15:44:00,NATI
43.22,43.22,43.18,43.18,308,2021-08-05 15:45:00,NATI
43.17,43.17,43.16,43.16,400,2021-08-05 15:46:00,NATI
43.1878,43.1878,43.14,43.17,1800,2021-08-05 15:47:00,NATI
43.17,43.19,43.17,43.19,500,2021-08-05 15:48:00,NATI
43.185,43.185,43.185,43.185,100,2021-08-05 15:50:00,NATI
43.18,43.18,43.17,43.18,1234,2021-08-05 15:51:00,NATI
43.18,43.195,43.18,43.195,200,2021-08-05 15:52:00,NATI
43.205,43.205,43.205,43.205,100,2021-08-05 15:53:00,NATI
43.19,43.19,43.19,43.19,100,2021-08-05 15:55:00,NATI
43.16,43.16,43.15,43.15,200,2021-08-05 15:57:00,NATI
43.16,43.17,43.16,43.17,300,2021-08-05 15:58:00,NATI
43.15,43.17,43.15,43.17,300,2021-08-05 15:59:00,NATI
43.17,43.19,43.17,43.19,200,2021-08-05 16:00:00,NATI
43.19,43.21,43.19,43.19,600,2021-08-05 16:01:00,NATI
43.25,43.25,43.25,43.25,100,2021-08-05 16:04:00,NATI
43.2,43.2,43.2,43.2,400,2021-08-05 16:06:00,NATI
43.19,43.22,43.19,43.22,300,2021-08-05 16:07:00,NATI
43.22,43.22,43.22,43.22,100,2021-08-05 16:10:00,NATI
43.23,43.23,43.23,43.23,100,2021-08-05 16:11:00,NATI
43.24,43.24,43.24,43.24,100,2021-08-05 16:12:00,NATI
43.25,43.28,43.25,43.28,200,2021-08-05 16:14:00,NATI
43.29,43.29,43.29,43.29,100,2021-08-05 16:15:00,NATI
43.26,43.26,43.26,43.26,100,2021-08-05 16:16:00,NATI
43.21,43.215,43.21,43.215,400,2021-08-05 16:18:00,NATI
43.21,43.21,43.21,43.21,200,2021-08-05 16:19:00,NATI
43.21,43.21,43.21,43.21,100,2021-08-05 16:20:00,NATI
43.22,43.22,43.22,43.22,200,2021-08-05 16:21:00,NATI
43.205,43.205,43.205,43.205,100,2021-08-05 16:23:00,NATI
43.21,43.21,43.21,43.21,100,2021-08-05 16:24:00,NATI
43.18,43.21,43.18,43.18,400,2021-08-05 16:25:00,NATI
43.16,43.16,43.16,43.16,100,2021-08-05 16:26:00,NATI
43.15,43.15,43.14,43.14,387,2021-08-05 16:27:00,NATI
43.12,43.12,43.12,43.12,100,2021-08-05 16:28:00,NATI
43.11,43.11,43.11,43.11,100,2021-08-05 16:29:00,NATI
43.09,43.1,43.09,43.09,400,2021-08-05 16:30:00,NATI
43.1,43.1,43.08,43.095,1200,2021-08-05 16:31:00,NATI
43.08,43.08,43.08,43.08,200,2021-08-05 16:32:00,NATI
43.08,43.08,43.08,43.08,100,2021-08-05 16:33:00,NATI
43.06,43.06,43.06,43.06,100,2021-08-05 16:35:00,NATI
43.02,43.02,43.02,43.02,100,2021-08-05 16:36:00,NATI
43.04,43.04,42.99,42.99,300,2021-08-05 16:38:00,NATI
42.97,42.97,42.97,42.97,100,2021-08-05 16:39:00,NATI
42.97,42.97,42.97,42.97,300,2021-08-05 16:40:00,NATI
42.97,42.98,42.9699,42.98,1351,2021-08-05 16:41:00,NATI
42.99,43.0,42.9747,43.0,1333,2021-08-05 16:42:00,NATI
43.01,43.01,42.99,42.99,400,2021-08-05 16:43:00,NATI
42.97,42.97,42.96,42.97,700,2021-08-05 16:44:00,NATI
42.985,42.985,42.985,42.985,100,2021-08-05 16:46:00,NATI
43.0,43.0,43.0,43.0,100,2021-08-05 16:50:00,NATI
43.0,43.0,43.0,43.0,100,2021-08-05 16:51:00,NATI
43.0,43.0,43.0,43.0,100,2021-08-05 16:52:00,NATI
42.97,42.97,42.97,42.97,500,2021-08-05 16:53:00,NATI
42.985,43.04,42.985,43.04,15705,2021-08-05 16:54:00,NATI
43.035,43.035,43.035,43.035,300,2021-08-05 16:55:00,NATI
43.035,43.035,43.025,43.025,1032,2021-08-05 16:56:00,NATI
43.03,43.03,43.01,43.01,900,2021-08-05 16:57:00,NATI
43.01,43.01,42.98,42.98,802,2021-08-05 16:58:00,NATI
42.9438,42.97,42.94,42.97,1300,2021-08-05 17:00:00,NATI
42.98,42.99,42.98,42.98,400,2021-08-05 17:01:00,NATI
42.985,42.985,42.98,42.98,200,2021-08-05 17:02:00,NATI
42.96,42.96,42.94,42.94,500,2021-08-05 17:03:00,NATI
42.95,42.95,42.94,42.94,208,2021-08-05 17:04:00,NATI
42.93,42.93,42.93,42.93,500,2021-08-05 17:06:00,NATI
42.93,42.94,42.92,42.92,1700,2021-08-05 17:07:00,NATI
42.92,42.92,42.92,42.92,100,2021-08-05 17:08:00,NATI
42.9317,42.9317,42.9317,42.9317,200,2021-08-05 17:09:00,NATI
42.9,42.94,42.9,42.94,900,2021-08-05 17:10:00,NATI
42.92,42.92,42.92,42.92,100,2021-08-05 17:11:00,NATI
42.93,42.93,42.93,42.93,200,2021-08-05 17:13:00,NATI
42.9,42.9,42.9,42.9,100,2021-08-05 17:14:00,NATI
42.9,42.9,42.9,42.9,100,2021-08-05 17:15:00,NATI
42.885,42.885,42.85,42.85,1600,2021-08-05 17:17:00,NATI
42.85,42.865,42.85,42.85,400,2021-08-05 17:18:00,NATI
42.825,42.84,42.61,42.68,69034,2021-08-05 17:19:00,NATI
42.695,42.74,42.695,42.74,1700,2021-08-05 17:20:00,NATI
42.74,42.76,42.74,42.76,500,2021-08-05 17:21:00,NATI
42.79,42.83,42.79,42.83,368,2021-08-05 17:22:00,NATI
42.84,42.85,42.84,42.85,519,2021-08-05 17:23:00,NATI
42.8489,42.8489,42.84,42.84,614,2021-08-05 17:24:00,NATI
42.845,42.88,42.845,42.88,1200,2021-08-05 17:25:00,NATI
42.88,42.88,42.86,42.865,472,2021-08-05 17:26:00,NATI
42.87,42.875,42.87,42.875,211,2021-08-05 17:27:00,NATI
42.88,42.885,42.88,42.885,200,2021-08-05 17:28:00,NATI
42.885,42.885,42.885,42.885,171,2021-08-05 17:29:00,NATI
42.885,42.89,42.885,42.89,673,2021-08-05 17:30:00,NATI
42.89,42.89,42.84,42.84,2246,2021-08-05 17:31:00,NATI
42.84,42.85,42.78,42.795,3054,2021-08-05 17:32:00,NATI
42.8,42.8,42.8,42.8,846,2021-08-05 17:33:00,NATI
42.8,42.8,42.78,42.78,900,2021-08-05 17:34:00,NATI
42.795,42.795,42.795,42.795,200,2021-08-05 17:35:00,NATI
42.795,42.795,42.77,42.775,839,2021-08-05 17:36:00,NATI
42.775,42.775,42.75,42.77,1000,2021-08-05 17:37:00,NATI
42.755,42.77,42.755,42.77,1251,2021-08-05 17:38:00,NATI
42.82,42.82,42.8,42.8,871,2021-08-05 17:40:00,NATI
42.795,42.81,42.795,42.81,500,2021-08-05 17:41:00,NATI
42.795,42.795,42.795,42.795,100,2021-08-05 17:42:00,NATI
42.795,42.81,42.795,42.81,700,2021-08-05 17:43:00,NATI
42.815,42.815,42.78,42.785,1337,2021-08-05 17:45:00,NATI
42.755,42.77,42.755,42.77,2715,2021-08-05 17:46:00,NATI
42.77,42.79,42.77,42.78,1000,2021-08-05 17:47:00,NATI
42.78,42.79,42.78,42.79,200,2021-08-05 17:49:00,NATI
42.8,42.8,42.8,42.8,100,2021-08-05 17:51:00,NATI
42.78,42.7801,42.78,42.7801,200,2021-08-05 17:52:00,NATI
42.8,42.8,42.775,42.79,500,2021-08-05 17:53:00,NATI
42.78,42.78,42.78,42.78,300,2021-08-05 17:54:00,NATI
42.79,42.79,42.79,42.79,100,2021-08-05 17:55:00,NATI
42.785,42.785,42.765,42.78,966,2021-08-05 17:56:00,NATI
42.78,42.78,42.78,42.78,100,2021-08-05 17:57:00,NATI
42.8,42.8,42.8,42.8,100,2021-08-05 17:58:00,NATI
42.81,42.82,42.81,42.815,2567,2021-08-05 18:00:00,NATI
42.81,42.81,42.8,42.8,442,2021-08-05 18:01:00,NATI
42.7813,42.8199,42.7813,42.8199,227,2021-08-05 18:02:00,NATI
42.81,42.82,42.81,42.82,700,2021-08-05 18:03:00,NATI
42.8,42.82,42.8,42.82,3220,2021-08-05 18:06:00,NATI
42.82,42.84,42.82,42.84,700,2021-08-05 18:07:00,NATI
42.815,42.815,42.815,42.815,100,2021-08-05 18:08:00,NATI
42.84,42.84,42.84,42.84,300,2021-08-05 18:09:00,NATI
42.86,42.88,42.855,42.88,400,2021-08-05 18:10:00,NATI
42.87,42.875,42.86,42.86,1272,2021-08-05 18:12:00,NATI
42.86,42.86,42.86,42.86,100,2021-08-05 18:13:00,NATI
42.845,42.8634,42.845,42.8634,1016,2021-08-05 18:14:00,NATI
42.87,42.87,42.84,42.84,2100,2021-08-05 18:15:00,NATI
42.84,42.855,42.84,42.85,779,2021-08-05 18:16:00,NATI
42.85,42.85,42.845,42.845,276,2021-08-05 18:17:00,NATI
42.83,42.83,42.82,42.82,800,2021-08-05 18:19:00,NATI
42.83,42.83,42.83,42.83,500,2021-08-05 18:20:00,NATI
42.81,42.82,42.81,42.82,400,2021-08-05 18:23:00,NATI
42.815,42.83,42.815,42.83,1719,2021-08-05 18:24:00,NATI
42.83,42.83,42.83,42.83,100,2021-08-05 18:25:00,NATI
42.82,42.82,42.8,42.8,1111,2021-08-05 18:26:00,NATI
42.8,42.8,42.77,42.78,637,2021-08-05 18:27:00,NATI
42.79,42.79,42.79,42.79,300,2021-08-05 18:28:00,NATI
42.805,42.81,42.805,42.81,600,2021-08-05 18:29:00,NATI
42.8,42.805,42.785,42.785,500,2021-08-05 18:31:00,NATI
42.8,42.8,42.8,42.8,100,2021-08-05 18:32:00,NATI
42.79,42.79,42.79,42.79,600,2021-08-05 18:33:00,NATI
42.785,42.785,42.785,42.785,200,2021-08-05 18:36:00,NATI
42.8,42.8,42.78,42.79,629,2021-08-05 18:37:00,NATI
42.76,42.76,42.755,42.755,300,2021-08-05 18:39:00,NATI
42.77,42.78,42.77,42.78,600,2021-08-05 18:40:00,NATI
42.8,42.8,42.75,42.75,1335,2021-08-05 18:42:00,NATI
42.74,42.74,42.74,42.74,500,2021-08-05 18:43:00,NATI
42.75,42.75,42.75,42.75,200,2021-08-05 18:44:00,NATI
42.75,42.765,42.74,42.74,1600,2021-08-05 18:45:00,NATI
42.72,42.72,42.72,42.72,100,2021-08-05 18:46:00,NATI
42.735,42.75,42.57,42.64,33992,2021-08-05 18:47:00,NATI
42.665,42.69,42.66,42.69,1000,2021-08-05 18:48:00,NATI
42.69,42.69,42.69,42.69,400,2021-08-05 18:49:00,NATI
42.69,42.72,42.69,42.705,1800,2021-08-05 18:50:00,NATI
42.715,42.715,42.71,42.71,300,2021-08-05 18:51:00,NATI
42.715,42.74,42.715,42.715,300,2021-08-05 18:52:00,NATI
42.74,42.75,42.74,42.75,717,2021-08-05 18:53:00,NATI
42.73,42.73,42.7,42.705,1370,2021-08-05 18:54:00,NATI
42.72,42.72,42.72,42.72,200,2021-08-05 18:55:00,NATI
42.735,42.75,42.735,42.74,1400,2021-08-05 18:56:00,NATI
42.73,42.74,42.71,42.72,900,2021-08-05 18:57:00,NATI
42.72,42.74,42.715,42.715,300,2021-08-05 18:58:00,NATI
42.71,42.73,42.71,42.725,400,2021-08-05 18:59:00,NATI
42.725,42.76,42.725,42.76,600,2021-08-05 19:00:00,NATI
42.755,42.76,42.74,42.74,744,2021-08-05 19:01:00,NATI
42.74,42.745,42.72,42.745,658,2021-08-05 19:02:00,NATI
42.735,42.75,42.735,42.745,900,2021-08-05 19:03:00,NATI
42.745,42.77,42.745,42.75,1600,2021-08-05 19:04:00,NATI
42.76,42.76,42.76,42.76,100,2021-08-05 19:05:00,NATI
42.755,42.76,42.725,42.75,2000,2021-08-05 19:06:00,NATI
42.765,42.765,42.765,42.765,100,2021-08-05 19:07:00,NATI
42.755,42.77,42.755,42.765,300,2021-08-05 19:08:00,NATI
42.76,42.76,42.735,42.755,700,2021-08-05 19:09:00,NATI
42.73,42.73,42.725,42.725,700,2021-08-05 19:10:00,NATI
42.725,42.73,42.725,42.73,744,2021-08-05 19:11:00,NATI
42.73,42.73,42.73,42.73,415,2021-08-05 19:12:00,NATI
42.735,42.735,42.67,42.685,1800,2021-08-05 19:13:00,NATI
42.685,42.685,42.68,42.68,600,2021-08-05 19:14:00,NATI
42.69,42.7,42.68,42.68,400,2021-08-05 19:15:00,NATI
42.65,42.65,42.65,42.65,100,2021-08-05 19:16:00,NATI
42.64,42.645,42.64,42.645,352,2021-08-05 19:17:00,NATI
42.64,42.65,42.64,42.64,1300,2021-08-05 19:18:00,NATI
42.645,42.645,42.645,42.645,300,2021-08-05 19:19:00,NATI
42.65,42.66,42.645,42.65,1239,2021-08-05 19:20:00,NATI
42.65,42.68,42.65,42.65,700,2021-08-05 19:21:00,NATI
42.645,42.66,42.63,42.63,700,2021-08-05 19:22:00,NATI
42.65,42.65,42.645,42.645,300,2021-08-05 19:23:00,NATI
42.645,42.645,42.6301,42.645,500,2021-08-05 19:24:00,NATI
42.65,42.65,42.64,42.65,300,2021-08-05 19:25:00,NATI
42.63,42.64,42.6,42.615,2064,2021-08-05 19:26:00,NATI
42.61,42.63,42.61,42.63,1000,2021-08-05 19:27:00,NATI
42.615,42.615,42.615,42.615,200,2021-08-05 19:29:00,NATI
42.6,42.6,42.571,42.585,2600,2021-08-05 19:30:00,NATI
42.59,42.61,42.59,42.595,500,2021-08-05 19:31:00,NATI
42.59,42.615,42.59,42.59,1400,2021-08-05 19:32:00,NATI
42.6,42.615,42.6,42.6,1348,2021-08-05 19:33:00,NATI
42.61,42.61,42.61,42.61,400,2021-08-05 19:34:00,NATI
42.62,42.63,42.62,42.63,300,2021-08-05 19:35:00,NATI
42.63,42.64,42.63,42.64,400,2021-08-05 19:36:00,NATI
42.635,42.635,42.63,42.63,600,2021-08-05 19:37:00,NATI
42.61,42.61,42.61,42.61,100,2021-08-05 19:38:00,NATI
42.605,42.605,42.59,42.595,1000,2021-08-05 19:39:00,NATI
42.595,42.595,42.595,42.595,100,2021-08-05 19:40:00,NATI
42.58,42.6,42.58,42.6,1100,2021-08-05 19:41:00,NATI
42.595,42.595,42.58,42.58,400,2021-08-05 19:42:00,NATI
42.58,42.58,42.555,42.555,1500,2021-08-05 19:43:00,NATI
42.541,42.56,42.541,42.55,2703,2021-08-05 19:44:00,NATI
42.55,42.56,42.55,42.555,1632,2021-08-05 19:45:00,NATI
42.555,42.555,42.555,42.555,300,2021-08-05 19:46:00,NATI
42.55,42.55,42.545,42.55,1298,2021-08-05 19:47:00,NATI
42.545,42.55,42.51,42.515,5077,2021-08-05 19:48:00,NATI
42.515,42.53,42.5,42.52,3322,2021-08-05 19:49:00,NATI
42.53,42.535,42.52,42.52,2000,2021-08-05 19:50:00,NATI
42.52,42.52,42.47,42.475,7373,2021-08-05 19:51:00,NATI
42.475,42.49,42.45,42.45,3142,2021-08-05 19:52:00,NATI
42.465,42.49,42.43,42.45,7045,2021-08-05 19:53:00,NATI
42.46,42.48,42.41,42.41,12414,2021-08-05 19:54:00,NATI
42.39,42.44,42.37,42.41,12222,2021-08-05 19:55:00,NATI
42.41,42.44,42.38,42.4,6600,2021-08-05 19:56:00,NATI
42.41,42.47,42.39,42.43,7056,2021-08-05 19:57:00,NATI
42.43,42.45,42.41,42.43,19609,2021-08-05 19:58:00,NATI
42.43,42.43,42.35,42.38,25201,2021-08-05 19:59:00,NATI
42.4,42.4,42.4,42.4,66233,2021-08-05 20:00:00,NATI
42.4,42.4,42.4,42.4,414,2021-08-05 20:01:00,NATI
42.14,42.14,42.14,42.14,100,2021-08-06 13:29:00,NATI
42.06,42.13,42.06,42.13,5122,2021-08-06 13:30:00,NATI
42.15,42.15,42.15,42.15,300,2021-08-06 13:31:00,NATI
42.165,42.25,42.165,42.25,948,2021-08-06 13:33:00,NATI
42.19,42.19,42.12,42.12,368,2021-08-06 13:34:00,NATI
42.09,42.12,42.05,42.12,400,2021-08-06 13:35:00,NATI
42.0,42.0,41.91,41.93,984,2021-08-06 13:36:00,NATI
41.94,41.94,41.94,41.94,200,2021-08-06 13:37:00,NATI
42.05,42.08,42.05,42.08,900,2021-08-06 13:38:00,NATI
42.12,42.17,42.12,42.12,1300,2021-08-06 13:41:00,NATI
42.18,42.18,42.18,42.18,300,2021-08-06 13:42:00,NATI
42.17,42.17,42.17,42.17,100,2021-08-06 13:43:00,NATI
42.099,42.099,42.099,42.099,157,2021-08-06 13:44:00,NATI
42.125,42.125,42.08,42.08,300,2021-08-06 13:45:00,NATI
42.04,42.04,42.0248,42.0248,630,2021-08-06 13:47:00,NATI
42.0,42.0,41.95,42.0,1015,2021-08-06 13:49:00,NATI
41.94,41.94,41.91,41.91,333,2021-08-06 13:51:00,NATI
41.865,41.87,41.75,41.75,2120,2021-08-06 13:52:00,NATI
41.74,41.74,41.73,41.73,527,2021-08-06 13:53:00,NATI
41.7,41.74,41.7,41.72,600,2021-08-06 13:54:00,NATI
41.72,41.77,41.72,41.77,2318,2021-08-06 13:55:00,NATI
41.77,41.84,41.77,41.84,1600,2021-08-06 13:56:00,NATI
41.8,41.8,41.8,41.8,100,2021-08-06 13:57:00,NATI
41.88,41.88,41.88,41.88,301,2021-08-06 13:58:00,NATI
41.88,41.88,41.84,41.84,500,2021-08-06 13:59:00,NATI
41.93,41.93,41.88,41.88,310,2021-08-06 14:00:00,NATI
41.88,41.88,41.88,41.88,100,2021-08-06 14:01:00,NATI
41.95,41.95,41.95,41.95,100,2021-08-06 14:02:00,NATI
42.04,42.09,42.04,42.09,201,2021-08-06 14:04:00,NATI
42.01,42.01,42.01,42.01,100,2021-08-06 14:05:00,NATI
42.04,42.07,42.04,42.05,500,2021-08-06 14:06:00,NATI
42.11,42.11,42.05,42.05,200,2021-08-06 14:10:00,NATI
42.0571,42.09,42.0571,42.09,1900,2021-08-06 14:11:00,NATI
42.09,42.1,42.09,42.1,200,2021-08-06 14:12:00,NATI
42.08,42.08,42.0,42.04,8196,2021-08-06 14:13:00,NATI
42.04,42.09,42.04,42.08,7133,2021-08-06 14:14:00,NATI
42.09,42.11,42.09,42.09,600,2021-08-06 14:15:00,NATI
42.07,42.07,42.03,42.05,600,2021-08-06 14:16:00,NATI
42.07,42.09,42.07,42.09,621,2021-08-06 14:17:00,NATI
42.14,42.14,42.13,42.14,400,2021-08-06 14:18:00,NATI
42.16,42.16,42.16,42.16,100,2021-08-06 14:19:00,NATI
42.14,42.14,42.13,42.13,322,2021-08-06 14:20:00,NATI
42.15,42.18,42.15,42.18,245,2021-08-06 14:22:00,NATI
42.16,42.19,42.16,42.19,400,2021-08-06 14:24:00,NATI
42.1801,42.1801,42.16,42.16,1100,2021-08-06 14:25:00,NATI
42.134,42.134,42.134,42.134,250,2021-08-06 14:27:00,NATI
42.15,42.18,42.15,42.17,1643,2021-08-06 14:28:00,NATI
42.18,42.18,42.18,42.18,200,2021-08-06 14:29:00,NATI
42.22,42.25,42.22,42.25,200,2021-08-06 14:31:00,NATI
42.25,42.3,42.25,42.3,503,2021-08-06 14:32:00,NATI
42.35,42.35,42.33,42.33,922,2021-08-06 14:35:00,NATI
42.335,42.35,42.335,42.35,300,2021-08-06 14:36:00,NATI
42.35,42.35,42.33,42.34,300,2021-08-06 14:37:00,NATI
42.31,42.31,42.31,42.31,100,2021-08-06 14:38:00,NATI
42.3,42.32,42.28,42.31,1200,2021-08-06 14:39:00,NATI
42.31,42.34,42.31,42.34,700,2021-08-06 14:40:00,NATI
42.28,42.2989,42.27,42.2989,925,2021-08-06 14:42:00,NATI
42.28,42.28,42.28,42.28,100,2021-08-06 14:43:00,NATI
42.3,42.31,42.3,42.31,400,2021-08-06 14:44:00,NATI
42.32,42.33,42.31,42.31,1700,2021-08-06 14:45:00,NATI
42.32,42.32,42.29,42.29,417,2021-08-06 14:49:00,NATI
42.29,42.29,42.285,42.29,400,2021-08-06 14:50:00,NATI
42.2776,42.2776,42.2776,42.2776,300,2021-08-06 14:51:00,NATI
42.27,42.27,42.26,42.26,200,2021-08-06 14:52:00,NATI
42.29,42.29,42.29,42.29,300,2021-08-06 14:53:00,NATI
42.29,42.3,42.29,42.3,400,2021-08-06 14:55:00,NATI
42.33,42.33,42.32,42.33,800,2021-08-06 14:57:00,NATI
42.365,42.365,42.33,42.33,900,2021-08-06 14:58:00,NATI
42.3322,42.3322,42.3322,42.3322,600,2021-08-06 15:00:00,NATI
42.35,42.37,42.35,42.37,600,2021-08-06 15:01:00,NATI
42.41,42.41,42.405,42.405,200,2021-08-06 15:04:00,NATI
42.38,42.4,42.34,42.345,800,2021-08-06 15:05:00,NATI
42.36,42.38,42.36,42.38,300,2021-08-06 15:06:00,NATI
42.39,42.39,42.39,42.39,100,2021-08-06 15:08:00,NATI
42.37,42.385,42.36,42.36,600,2021-08-06 15:10:00,NATI
42.345,42.35,42.315,42.315,600,2021-08-06 15:12:00,NATI
42.33,42.36,42.33,42.36,500,2021-08-06 15:13:00,NATI
42.3711,42.3711,42.3711,42.3711,100,2021-08-06 15:14:00,NATI
42.38,42.38,42.36,42.36,821,2021-08-06 15:15:00,NATI
42.37,42.38,42.37,42.38,318,2021-08-06 15:16:00,NATI
42.38,42.39,42.38,42.38,600,2021-08-06 15:18:00,NATI
42.42,42.42,42.42,42.42,100,2021-08-06 15:19:00,NATI
42.55,42.55,42.53,42.55,500,2021-08-06 15:23:00,NATI
42.54,42.54,42.5,42.51,1183,2021-08-06 15:25:00,NATI
42.53,42.53,42.515,42.515,230,2021-08-06 15:28:00,NATI
42.5,42.51,42.5,42.5,1408,2021-08-06 15:29:00,NATI
42.5,42.5,42.5,42.5,200,2021-08-06 15:30:00,NATI
42.52,42.52,42.51,42.51,577,2021-08-06 15:32:00,NATI
42.52,42.53,42.52,42.525,1100,2021-08-06 15:35:00,NATI
42.53,42.54,42.53,42.54,233,2021-08-06 15:36:00,NATI
42.56,42.56,42.55,42.55,800,2021-08-06 15:37:00,NATI
42.535,42.535,42.52,42.52,612,2021-08-06 15:38:00,NATI
42.53,42.5471,42.53,42.535,1005,2021-08-06 15:39:00,NATI
42.53,42.53,42.52,42.53,700,2021-08-06 15:40:00,NATI
42.52,42.56,42.52,42.54,1000,2021-08-06 15:41:00,NATI
42.57,42.59,42.57,42.59,300,2021-08-06 15:43:00,NATI
42.6,42.6,42.59,42.59,200,2021-08-06 15:44:00,NATI
42.595,42.595,42.57,42.57,1315,2021-08-06 15:45:00,NATI
42.55,42.55,42.54,42.54,200,2021-08-06 15:47:00,NATI
42.54,42.55,42.54,42.55,700,2021-08-06 15:48:00,NATI
42.56,42.56,42.55,42.55,200,2021-08-06 15:49:00,NATI
42.55,42.55,42.55,42.55,100,2021-08-06 15:54:00,NATI
42.57,42.57,42.55,42.57,1295,2021-08-06 15:55:00,NATI
42.57,42.57,42.57,42.57,100,2021-08-06 15:56:00,NATI
42.55,42.55,42.52,42.52,520,2021-08-06 15:57:00,NATI
42.52,42.52,42.52,42.52,300,2021-08-06 15:58:00,NATI
42.535,42.535,42.535,42.535,100,2021-08-06 15:59:00,NATI
42.55,42.56,42.55,42.56,400,2021-08-06 16:00:00,NATI
42.5482,42.5482,42.5482,42.5482,115,2021-08-06 16:02:00,NATI
42.54,42.54,42.515,42.52,803,2021-08-06 16:04:00,NATI
42.56,42.56,42.56,42.56,500,2021-08-06 16:05:00,NATI
42.58,42.58,42.58,42.58,200,2021-08-06 16:07:00,NATI
42.58,42.58,42.58,42.58,100,2021-08-06 16:09:00,NATI
42.59,42.59,42.59,42.59,100,2021-08-06 16:10:00,NATI
42.56,42.56,42.56,42.56,100,2021-08-06 16:13:00,NATI
42.6,42.6,42.57,42.6,615,2021-08-06 16:15:00,NATI
42.59,42.59,42.59,42.59,100,2021-08-06 16:16:00,NATI
42.59,42.6,42.59,42.59,680,2021-08-06 16:17:00,NATI
42.6,42.6,42.59,42.6,700,2021-08-06 16:18:00,NATI
42.6,42.6,42.58,42.58,921,2021-08-06 16:19:00,NATI
42.6,42.615,42.6,42.615,600,2021-08-06 16:21:00,NATI
42.62,42.65,42.62,42.65,1599,2021-08-06 16:25:00,NATI
42.66,42.66,42.65,42.6566,465,2021-08-06 16:26:00,NATI
42.65,42.67,42.65,42.67,500,2021-08-06 16:27:00,NATI
42.68,42.68,42.67,42.68,807,2021-08-06 16:28:00,NATI
42.7,42.7,42.7,42.7,100,2021-08-06 16:29:00,NATI
42.67,42.68,42.66,42.68,600,2021-08-06 16:30:00,NATI
42.67,42.67,42.67,42.67,200,2021-08-06 16:32:00,NATI
42.67,42.68,42.67,42.68,300,2021-08-06 16:33:00,NATI
42.69,42.69,42.69,42.69,100,2021-08-06 16:35:00,NATI
42.68,42.68,42.68,42.68,100,2021-08-06 16:37:00,NATI
42.65,42.67,42.65,42.67,739,2021-08-06 16:39:00,NATI
42.645,42.645,42.645,42.645,200,2021-08-06 16:45:00,NATI
42.645,42.645,42.645,42.645,100,2021-08-06 16:46:00,NATI
42.645,42.65,42.645,42.65,200,2021-08-06 16:48:00,NATI
42.63,42.635,42.63,42.635,200,2021-08-06 16:49:00,NATI
42.63,42.63,42.62,42.62,200,2021-08-06 16:50:00,NATI
42.6019,42.6019,42.6019,42.6019,104,2021-08-06 16:51:00,NATI
42.64,42.64,42.62,42.635,900,2021-08-06 16:52:00,NATI
42.64,42.64,42.64,42.64,100,2021-08-06 16:55:00,NATI
42.625,42.625,42.625,42.625,100,2021-08-06 16:56:00,NATI
42.63,42.64,42.63,42.64,527,2021-08-06 16:57:00,NATI
42.63,42.65,42.63,42.65,508,2021-08-06 16:58:00,NATI
42.64,42.64,42.64,42.64,100,2021-08-06 16:59:00,NATI
42.65,42.65,42.63,42.635,475,2021-08-06 17:00:00,NATI
42.63,42.63,42.595,42.595,700,2021-08-06 17:01:00,NATI
42.595,42.595,42.595,42.595,100,2021-08-06 17:02:00,NATI
42.595,42.595,42.595,42.595,100,2021-08-06 17:04:00,NATI
42.59,42.595,42.59,42.595,300,2021-08-06 17:06:00,NATI
42.6,42.6,42.595,42.595,200,2021-08-06 17:08:00,NATI
42.595,42.595,42.595,42.595,100,2021-08-06 17:09:00,NATI
42.6,42.61,42.6,42.6,500,2021-08-06 17:10:00,NATI
42.6,42.61,42.6,42.61,869,2021-08-06 17:11:00,NATI
42.62,42.62,42.62,42.62,100,2021-08-06 17:12:00,NATI
42.62,42.62,42.62,42.62,100,2021-08-06 17:14:00,NATI
42.61,42.62,42.61,42.62,301,2021-08-06 17:15:00,NATI
42.61,42.61,42.61,42.61,300,2021-08-06 17:18:00,NATI
42.63,42.63,42.61,42.61,200,2021-08-06 17:19:00,NATI
42.61,42.61,42.59,42.6,1825,2021-08-06 17:20:00,NATI
42.595,42.61,42.595,42.61,200,2021-08-06 17:24:00,NATI
42.595,42.595,42.59,42.59,400,2021-08-06 17:26:00,NATI
42.58,42.59,42.58,42.585,800,2021-08-06 17:27:00,NATI
42.57,42.57,42.55,42.55,1296,2021-08-06 17:28:00,NATI
42.54,42.56,42.54,42.55,808,2021-08-06 17:33:00,NATI
42.56,42.56,42.56,42.56,100,2021-08-06 17:34:00,NATI
42.56,42.56,42.55,42.56,300,2021-08-06 17:35:00,NATI
42.55,42.55,42.5374,42.5374,500,2021-08-06 17:38:00,NATI
42.53,42.53,42.5,42.51,1234,2021-08-06 17:39:00,NATI
42.52,42.52,42.52,42.52,200,2021-08-06 17:40:00,NATI
42.52,42.52,42.52,42.52,1400,2021-08-06 17:41:00,NATI
42.52,42.54,42.52,42.53,600,2021-08-06 17:42:00,NATI
42.52,42.52,42.5,42.5,882,2021-08-06 17:43:00,NATI
42.52,42.54,42.52,42.54,500,2021-08-06 17:44:00,NATI
42.57,42.61,42.57,42.58,600,2021-08-06 17:48:00,NATI
42.575,42.575,42.575,42.575,100,2021-08-06 17:51:00,NATI
42.57,42.57,42.57,42.57,100,2021-08-06 17:53:00,NATI
42.57,42.59,42.57,42.575,800,2021-08-06 17:57:00,NATI
42.56,42.56,42.52,42.55,2135,2021-08-06 17:58:00,NATI
42.57,42.59,42.57,42.58,768,2021-08-06 18:04:00,NATI
42.57,42.59,42.57,42.59,800,2021-08-06 18:05:00,NATI
42.575,42.575,42.575,42.575,315,2021-08-06 18:07:00,NATI
42.57,42.57,42.57,42.57,270,2021-08-06 18:08:00,NATI
42.59,42.59,42.59,42.59,200,2021-08-06 18:09:00,NATI
42.6,42.6,42.6,42.6,100,2021-08-06 18:11:00,NATI
42.6,42.6,42.6,42.6,200,2021-08-06 18:13:00,NATI
42.62,42.62,42.615,42.615,490,2021-08-06 18:19:00,NATI
42.61,42.62,42.61,42.62,300,2021-08-06 18:20:00,NATI
42.63,42.67,42.63,42.64,700,2021-08-06 18:22:00,NATI
42.68,42.69,42.68,42.6877,852,2021-08-06 18:25:00,NATI
42.68,42.69,42.67,42.67,1131,2021-08-06 18:27:00,NATI
42.67,42.67,42.67,42.67,100,2021-08-06 18:28:00,NATI
42.675,42.675,42.675,42.675,100,2021-08-06 18:29:00,NATI
42.69,42.7,42.69,42.7,600,2021-08-06 18:30:00,NATI
42.6968,42.6968,42.6968,42.6968,511,2021-08-06 18:32:00,NATI
42.7,42.7,42.7,42.7,455,2021-08-06 18:33:00,NATI
42.695,42.695,42.69,42.69,400,2021-08-06 18:34:00,NATI
42.68,42.68,42.67,42.67,300,2021-08-06 18:35:00,NATI
42.66,42.66,42.615,42.615,1100,2021-08-06 18:40:00,NATI
42.6,42.6,42.59,42.59,400,2021-08-06 18:41:00,NATI
42.5908,42.5908,42.58,42.58,600,2021-08-06 18:42:00,NATI
42.57,42.57,42.565,42.57,300,2021-08-06 18:43:00,NATI
42.545,42.545,42.545,42.545,100,2021-08-06 18:44:00,NATI
42.545,42.58,42.545,42.58,700,2021-08-06 18:45:00,NATI
42.55,42.55,42.55,42.55,100,2021-08-06 18:48:00,NATI
42.54,42.54,42.54,42.54,700,2021-08-06 18:52:00,NATI
42.52,42.52,42.51,42.51,700,2021-08-06 18:54:00,NATI
42.52,42.52,42.52,42.52,200,2021-08-06 18:55:00,NATI
42.52,42.54,42.52,42.52,1700,2021-08-06 18:56:00,NATI
42.54,42.55,42.54,42.55,400,2021-08-06 18:57:00,NATI
42.55,42.55,42.54,42.55,979,2021-08-06 18:59:00,NATI
42.545,42.545,42.545,42.545,100,2021-08-06 19:00:00,NATI
42.54,42.54,42.515,42.52,1500,2021-08-06 19:01:00,NATI
42.52,42.52,42.52,42.52,200,2021-08-06 19:02:00,NATI
42.51,42.52,42.49,42.49,1800,2021-08-06 19:03:00,NATI
42.465,42.48,42.465,42.48,1200,2021-08-06 19:04:00,NATI
42.48,42.51,42.48,42.505,800,2021-08-06 19:05:00,NATI
42.52,42.52,42.5,42.51,800,2021-08-06 19:06:00,NATI
42.505,42.51,42.505,42.505,624,2021-08-06 19:07:00,NATI
42.51,42.515,42.51,42.515,300,2021-08-06 19:08:00,NATI
42.52,42.52,42.51,42.51,200,2021-08-06 19:09:00,NATI
42.52,42.52,42.51,42.51,600,2021-08-06 19:10:00,NATI
42.51,42.52,42.5,42.51,1800,2021-08-06 19:11:00,NATI
42.51,42.51,42.51,42.51,100,2021-08-06 19:12:00,NATI
42.515,42.53,42.51,42.51,1400,2021-08-06 19:13:00,NATI
42.52,42.53,42.515,42.52,2300,2021-08-06 19:14:00,NATI
42.52,42.52,42.52,42.52,200,2021-08-06 19:15:00,NATI
42.53,42.55,42.52,42.54,700,2021-08-06 19:16:00,NATI
42.53,42.535,42.53,42.535,509,2021-08-06 19:17:00,NATI
42.52,42.52,42.49,42.515,1600,2021-08-06 19:18:00,NATI
42.515,42.515,42.51,42.51,600,2021-08-06 19:19:00,NATI
42.51,42.52,42.49,42.52,500,2021-08-06 19:20:00,NATI
42.49,42.52,42.49,42.52,500,2021-08-06 19:22:00,NATI
42.49,42.52,42.49,42.5,1400,2021-08-06 19:23:00,NATI
42.49,42.51,42.49,42.51,1668,2021-08-06 19:24:00,NATI
42.52,42.52,42.49,42.52,1624,2021-08-06 19:25:00,NATI
42.515,42.515,42.515,42.515,100,2021-08-06 19:26:00,NATI
42.515,42.53,42.515,42.52,2537,2021-08-06 19:27:00,NATI
42.56,42.56,42.54,42.545,700,2021-08-06 19:28:00,NATI
42.545,42.56,42.545,42.55,1000,2021-08-06 19:29:00,NATI
42.55,42.58,42.55,42.58,820,2021-08-06 19:30:00,NATI
42.565,42.565,42.51,42.53,2900,2021-08-06 19:31:00,NATI
42.53,42.53,42.51,42.51,200,2021-08-06 19:32:00,NATI
42.51,42.52,42.48,42.48,2123,2021-08-06 19:33:00,NATI
42.45,42.49,42.45,42.48,3931,2021-08-06 19:34:00,NATI
42.48,42.48,42.46,42.46,400,2021-08-06 19:35:00,NATI
42.46,42.46,42.44,42.45,2394,2021-08-06 19:36:00,NATI
42.44,42.44,42.36,42.37,2795,2021-08-06 19:37:00,NATI
42.38,42.4,42.38,42.39,1704,2021-08-06 19:38:00,NATI
42.395,42.395,42.38,42.38,500,2021-08-06 19:39:00,NATI
42.38,42.385,42.37,42.37,1707,2021-08-06 19:40:00,NATI
42.35,42.35,42.33,42.33,857,2021-08-06 19:41:00,NATI
42.33,42.35,42.31,42.32,2267,2021-08-06 19:42:00,NATI
42.31,42.32,42.29,42.32,5348,2021-08-06 19:43:00,NATI
42.32,42.34,42.32,42.32,2025,2021-08-06 19:44:00,NATI
42.32,42.38,42.32,42.38,2116,2021-08-06 19:45:00,NATI
42.365,42.42,42.35,42.41,3600,2021-08-06 19:46:00,NATI
42.42,42.43,42.365,42.39,4475,2021-08-06 19:47:00,NATI
42.39,42.41,42.39,42.4,1521,2021-08-06 19:48:00,NATI
42.39,42.4,42.35,42.38,5304,2021-08-06 19:49:00,NATI
42.38,42.4,42.365,42.38,4585,2021-08-06 19:50:00,NATI
42.4,42.4,42.36,42.36,4707,2021-08-06 19:51:00,NATI
42.37,42.39,42.34,42.34,6254,2021-08-06 19:52:00,NATI
42.34,42.34,42.31,42.31,5723,2021-08-06 19:53:00,NATI
42.315,42.32,42.29,42.29,5643,2021-08-06 19:54:00,NATI
42.29,42.31,42.25,42.29,9195,2021-08-06 19:55:00,NATI
42.26,42.3,42.25,42.26,12758,2021-08-06 19:56:00,NATI
42.27,42.31,42.25,42.25,11181,2021-08-06 19:57:00,NATI
42.265,42.29,42.24,42.27,14258,2021-08-06 19:58:00,NATI
42.26,42.32,42.25,42.29,16855,2021-08-06 19:59:00,NATI
42.29,42.29,42.29,42.29,76188,2021-08-06 20:00:00,NATI
42.29,42.29,42.29,42.29,658,2021-08-06 20:02:00,NATI
42.22,42.22,42.22,42.22,5039,2021-08-09 13:30:00,NATI
42.11,42.13,42.06,42.13,1713,2021-08-09 13:33:00,NATI
42.3,42.3,42.22,42.22,500,2021-08-09 13:34:00,NATI
42.36,42.36,42.28,42.28,300,2021-08-09 13:36:00,NATI
42.2,42.2,42.18,42.18,200,2021-08-09 13:37:00,NATI
42.1579,42.1579,42.1579,42.1579,100,2021-08-09 13:41:00,NATI
42.22,42.23,42.15,42.15,1200,2021-08-09 13:43:00,NATI
42.18,42.18,42.18,42.18,100,2021-08-09 13:44:00,NATI
42.18,42.18,42.18,42.18,200,2021-08-09 13:45:00,NATI
42.19,42.2,42.18,42.2,800,2021-08-09 13:46:00,NATI
42.28,42.28,42.28,42.28,100,2021-08-09 13:47:00,NATI
42.21,42.21,42.21,42.21,100,2021-08-09 13:48:00,NATI
42.29,42.29,42.29,42.29,100,2021-08-09 13:49:00,NATI
42.32,42.365,42.32,42.365,500,2021-08-09 13:55:00,NATI
42.368,42.368,42.368,42.368,111,2021-08-09 13:56:00,NATI
42.47,42.47,42.47,42.47,100,2021-08-09 13:57:00,NATI
42.5,42.5,42.49,42.49,208,2021-08-09 13:59:00,NATI
42.5,42.525,42.5,42.525,894,2021-08-09 14:00:00,NATI
42.58,42.58,42.58,42.58,100,2021-08-09 14:02:00,NATI
42.58,42.58,42.58,42.58,241,2021-08-09 14:03:00,NATI
42.53,42.53,42.51,42.53,1254,2021-08-09 14:05:00,NATI
42.48,42.5,42.47,42.47,300,2021-08-09 14:07:00,NATI
42.47,42.48,42.47,42.48,226,2021-08-09 14:08:00,NATI
42.46,42.46,42.44,42.44,500,2021-08-09 14:09:00,NATI
42.46,42.49,42.46,42.49,200,2021-08-09 14:10:00,NATI
42.49,42.51,42.49,42.51,200,2021-08-09 14:11:00,NATI
42.5152,42.5152,42.5152,42.5152,100,2021-08-09 14:12:00,NATI
42.51,42.51,42.51,42.51,100,2021-08-09 14:13:00,NATI
42.51,42.51,42.51,42.51,200,2021-08-09 14:14:00,NATI
42.55,42.55,42.48,42.52,1500,2021-08-09 14:15:00,NATI
42.505,42.505,42.505,42.505,100,2021-08-09 14:16:00,NATI
42.54,42.54,42.54,42.54,100,2021-08-09 14:17:00,NATI
42.57,42.57,42.57,42.57,200,2021-08-09 14:18:00,NATI
42.6177,42.71,42.6177,42.6685,2708,2021-08-09 14:22:00,NATI
42.665,42.7,42.64,42.7,1200,2021-08-09 14:24:00,NATI
42.71,42.73,42.7,42.7,766,2021-08-09 14:28:00,NATI
42.69,42.79,42.68,42.7399,1100,2021-08-09 14:29:00,NATI
42.73,42.75,42.73,42.75,466,2021-08-09 14:33:00,NATI
42.78,42.78,42.76,42.76,500,2021-08-09 14:34:00,NATI
42.78,42.78,42.78,42.78,106,2021-08-09 14:35:00,NATI
42.75,42.79,42.74,42.77,2127,2021-08-09 14:38:00,NATI
42.83,42.83,42.83,42.83,495,2021-08-09 14:46:00,NATI
42.81,42.81,42.81,42.81,400,2021-08-09 14:47:00,NATI
42.79,42.79,42.79,42.79,336,2021-08-09 14:48:00,NATI
42.71,42.71,42.67,42.71,900,2021-08-09 14:51:00,NATI
42.74,42.75,42.72,42.75,800,2021-08-09 14:56:00,NATI
42.7,42.7,42.7,42.7,128,2021-08-09 14:57:00,NATI
42.72,42.73,42.72,42.73,200,2021-08-09 15:00:00,NATI
42.73,42.73,42.73,42.73,200,2021-08-09 15:02:00,NATI
42.72,42.72,42.72,42.72,152,2021-08-09 15:04:00,NATI
42.67,42.67,42.67,42.67,100,2021-08-09 15:05:00,NATI
42.67,42.67,42.63,42.63,730,2021-08-09 15:06:00,NATI
42.64,42.68,42.64,42.68,300,2021-08-09 15:07:00,NATI
42.6525,42.6525,42.6525,42.6525,125,2021-08-09 15:08:00,NATI
42.7,42.73,42.7,42.73,400,2021-08-09 15:09:00,NATI
42.685,42.685,42.651,42.6768,1015,2021-08-09 15:10:00,NATI
42.69,42.69,42.64,42.64,306,2021-08-09 15:13:00,NATI
42.67,42.7,42.64,42.67,1700,2021-08-09 15:14:00,NATI
42.69,42.69,42.67,42.67,208,2021-08-09 15:17:00,NATI
42.68,42.68,42.66,42.66,1029,2021-08-09 15:18:00,NATI
42.68,42.68,42.68,42.68,400,2021-08-09 15:19:00,NATI
42.665,42.665,42.64,42.64,800,2021-08-09 15:21:00,NATI
42.55,42.55,42.5301,42.5301,269,2021-08-09 15:23:00,NATI
42.51,42.56,42.51,42.56,400,2021-08-09 15:24:00,NATI
42.64,42.64,42.64,42.64,400,2021-08-09 15:26:00,NATI
42.63,42.63,42.63,42.63,100,2021-08-09 15:27:00,NATI
42.64,42.65,42.64,42.65,300,2021-08-09 15:29:00,NATI
42.61,42.61,42.61,42.61,211,2021-08-09 15:31:00,NATI
42.64,42.64,42.64,42.64,200,2021-08-09 15:32:00,NATI
42.64,42.64,42.64,42.64,100,2021-08-09 15:33:00,NATI
42.61,42.61,42.61,42.61,100,2021-08-09 15:36:00,NATI
42.63,42.63,42.63,42.63,200,2021-08-09 15:38:00,NATI
42.5938,42.5938,42.5938,42.5938,322,2021-08-09 15:39:00,NATI
42.644,42.644,42.644,42.644,100,2021-08-09 15:40:00,NATI
42.63,42.63,42.63,42.63,100,2021-08-09 15:41:00,NATI
42.68,42.68,42.65,42.65,200,2021-08-09 15:43:00,NATI
42.64,42.64,42.64,42.64,100,2021-08-09 15:44:00,NATI
42.64,42.64,42.64,42.64,100,2021-08-09 15:45:00,NATI
42.67,42.69,42.67,42.69,500,2021-08-09 15:50:00,NATI
42.73,42.75,42.73,42.75,400,2021-08-09 15:53:00,NATI
42.75,42.76,42.75,42.76,686,2021-08-09 15:54:00,NATI
42.78,42.78,42.78,42.78,200,2021-08-09 15:55:00,NATI
42.76,42.76,42.74,42.75,1000,2021-08-09 15:56:00,NATI
42.8,42.8,42.8,42.8,100,2021-08-09 16:00:00,NATI
42.8,42.8,42.8,42.8,100,2021-08-09 16:01:00,NATI
42.79,42.79,42.79,42.79,400,2021-08-09 16:02:00,NATI
42.76,42.76,42.76,42.76,100,2021-08-09 16:05:00,NATI
42.79,42.7918,42.77,42.7918,319,2021-08-09 16:06:00,NATI
42.785,42.785,42.785,42.785,100,2021-08-09 16:08:00,NATI
42.81,42.81,42.81,42.81,200,2021-08-09 16:09:00,NATI
42.79,42.79,42.79,42.79,100,2021-08-09 16:10:00,NATI
42.79,42.79,42.79,42.79,100,2021-08-09 16:12:00,NATI
42.77,42.77,42.76,42.77,626,2021-08-09 16:13:00,NATI
42.8,42.805,42.8,42.805,200,2021-08-09 16:15:00,NATI
42.82,42.82,42.8,42.81,1618,2021-08-09 16:16:00,NATI
42.82,42.82,42.82,42.82,100,2021-08-09 16:17:00,NATI
42.85,42.86,42.85,42.86,400,2021-08-09 16:18:00,NATI
42.85,42.85,42.85,42.85,200,2021-08-09 16:19:00,NATI
42.86,42.86,42.86,42.86,100,2021-08-09 16:20:00,NATI
42.84,42.84,42.82,42.82,713,2021-08-09 16:21:00,NATI
42.81,42.81,42.81,42.81,100,2021-08-09 16:25:00,NATI
42.77,42.79,42.77,42.79,400,2021-08-09 16:27:00,NATI
42.76,42.76,42.76,42.76,100,2021-08-09 16:28:00,NATI
42.76,42.76,42.76,42.76,222,2021-08-09 16:29:00,NATI
42.73,42.73,42.73,42.73,100,2021-08-09 16:33:00,NATI
42.73,42.73,42.73,42.73,100,2021-08-09 16:35:00,NATI
42.73,42.73,42.71,42.72,474,2021-08-09 16:36:00,NATI
42.69,42.69,42.68,42.68,300,2021-08-09 16:42:00,NATI
42.7,42.7,42.7,42.7,200,2021-08-09 16:44:00,NATI
42.705,42.705,42.705,42.705,100,2021-08-09 16:49:00,NATI
42.705,42.705,42.705,42.705,100,2021-08-09 16:50:00,NATI
42.72,42.74,42.7,42.74,500,2021-08-09 16:51:00,NATI
42.71,42.71,42.68,42.68,769,2021-08-09 16:52:00,NATI
42.71,42.725,42.71,42.725,200,2021-08-09 16:53:00,NATI
42.69,42.69,42.69,42.69,100,2021-08-09 16:54:00,NATI
42.685,42.7,42.685,42.7,200,2021-08-09 16:56:00,NATI
42.67,42.67,42.67,42.67,100,2021-08-09 16:57:00,NATI
42.67,42.67,42.67,42.67,100,2021-08-09 16:58:00,NATI
42.655,42.68,42.655,42.68,376,2021-08-09 17:02:00,NATI
42.66,42.67,42.65,42.66,600,2021-08-09 17:06:00,NATI
42.655,42.66,42.6455,42.655,7350,2021-08-09 17:08:00,NATI
42.665,42.72,42.665,42.72,500,2021-08-09 17:09:00,NATI
42.72,42.73,42.72,42.73,200,2021-08-09 17:10:00,NATI
42.75,42.75,42.75,42.75,100,2021-08-09 17:12:00,NATI
42.76,42.76,42.74,42.74,400,2021-08-09 17:14:00,NATI
42.73,42.74,42.72,42.72,1047,2021-08-09 17:16:00,NATI
42.705,42.72,42.705,42.72,300,2021-08-09 17:26:00,NATI
42.72,42.72,42.72,42.72,100,2021-08-09 17:27:00,NATI
42.68,42.68,42.68,42.68,100,2021-08-09 17:28:00,NATI
42.67,42.67,42.66,42.66,928,2021-08-09 17:30:00,NATI
42.655,42.655,42.655,42.655,146,2021-08-09 17:32:00,NATI
42.67,42.68,42.67,42.68,1100,2021-08-09 17:33:00,NATI
42.67,42.67,42.665,42.67,300,2021-08-09 17:34:00,NATI
42.7,42.7,42.69,42.69,512,2021-08-09 17:40:00,NATI
42.67,42.67,42.67,42.67,1200,2021-08-09 17:41:00,NATI
42.69,42.69,42.69,42.69,100,2021-08-09 17:45:00,NATI
42.72,42.72,42.69,42.69,200,2021-08-09 17:46:00,NATI
42.69,42.69,42.685,42.685,500,2021-08-09 17:47:00,NATI
42.69,42.69,42.69,42.69,100,2021-08-09 17:48:00,NATI
42.69,42.69,42.69,42.69,200,2021-08-09 17:50:00,NATI
42.68,42.68,42.66,42.66,200,2021-08-09 17:52:00,NATI
42.64,42.65,42.64,42.65,219,2021-08-09 17:53:00,NATI
42.68,42.69,42.68,42.69,200,2021-08-09 17:55:00,NATI
42.69,42.69,42.69,42.69,100,2021-08-09 17:56:00,NATI
42.685,42.685,42.685,42.685,900,2021-08-09 17:57:00,NATI
42.675,42.675,42.675,42.675,100,2021-08-09 17:58:00,NATI
42.67,42.67,42.66,42.66,500,2021-08-09 17:59:00,NATI
42.67,42.69,42.67,42.69,300,2021-08-09 18:00:00,NATI
42.665,42.665,42.665,42.665,100,2021-08-09 18:03:00,NATI
42.68,42.68,42.68,42.68,200,2021-08-09 18:06:00,NATI
42.68,42.68,42.68,42.68,200,2021-08-09 18:07:00,NATI
42.67,42.68,42.67,42.68,300,2021-08-09 18:08:00,NATI
42.66,42.66,42.66,42.66,200,2021-08-09 18:09:00,NATI
42.665,42.665,42.665,42.665,100,2021-08-09 18:10:00,NATI
42.65,42.66,42.61,42.61,676,2021-08-09 18:12:00,NATI
42.625,42.625,42.625,42.625,167,2021-08-09 18:14:00,NATI
42.65,42.66,42.65,42.66,2000,2021-08-09 18:15:00,NATI
42.67,42.69,42.67,42.69,718,2021-08-09 18:16:00,NATI
42.67,42.67,42.66,42.67,300,2021-08-09 18:17:00,NATI
42.66,42.66,42.66,42.66,100,2021-08-09 18:20:00,NATI
42.655,42.655,42.655,42.655,100,2021-08-09 18:21:00,NATI
42.68,42.68,42.68,42.68,100,2021-08-09 18:22:00,NATI
42.67,42.67,42.655,42.66,700,2021-08-09 18:25:00,NATI
42.66,42.68,42.66,42.68,300,2021-08-09 18:26:00,NATI
42.68,42.68,42.68,42.68,300,2021-08-09 18:27:00,NATI
42.67,42.67,42.67,42.67,100,2021-08-09 18:28:00,NATI
42.71,42.71,42.71,42.71,100,2021-08-09 18:31:00,NATI
42.72,42.72,42.72,42.72,100,2021-08-09 18:33:00,NATI
42.72,42.73,42.72,42.73,600,2021-08-09 18:35:00,NATI
42.76,42.76,42.76,42.76,100,2021-08-09 18:36:00,NATI
42.76,42.76,42.75,42.75,1212,2021-08-09 18:39:00,NATI
42.73,42.74,42.72,42.74,500,2021-08-09 18:40:00,NATI
42.72,42.72,42.66,42.66,302,2021-08-09 18:48:00,NATI
42.66,42.66,42.66,42.66,100,2021-08-09 18:52:00,NATI
42.655,42.655,42.655,42.655,200,2021-08-09 18:53:00,NATI
42.65,42.67,42.65,42.67,500,2021-08-09 18:55:00,NATI
42.67,42.7,42.67,42.7,1268,2021-08-09 18:56:00,NATI
42.685,42.7,42.685,42.7,528,2021-08-09 18:57:00,NATI
42.7,42.7,42.7,42.7,100,2021-08-09 18:59:00,NATI
42.73,42.73,42.73,42.73,100,2021-08-09 19:00:00,NATI
42.72,42.73,42.72,42.73,268,2021-08-09 19:01:00,NATI
42.73,42.73,42.72,42.72,1161,2021-08-09 19:02:00,NATI
42.705,42.705,42.705,42.705,234,2021-08-09 19:03:00,NATI
42.69,42.69,42.69,42.69,100,2021-08-09 19:06:00,NATI
42.705,42.705,42.705,42.705,100,2021-08-09 19:07:00,NATI
42.69,42.69,42.67,42.68,1520,2021-08-09 19:08:00,NATI
42.68,42.69,42.65,42.69,7219,2021-08-09 19:11:00,NATI
42.66,42.66,42.655,42.655,563,2021-08-09 19:14:00,NATI
42.65,42.655,42.65,42.65,800,2021-08-09 19:15:00,NATI
42.65,42.65,42.65,42.65,200,2021-08-09 19:17:00,NATI
42.64,42.64,42.63,42.64,800,2021-08-09 19:18:00,NATI
42.64,42.64,42.64,42.64,200,2021-08-09 19:19:00,NATI
42.62,42.62,42.61,42.61,500,2021-08-09 19:21:00,NATI
42.61,42.61,42.6,42.6,200,2021-08-09 19:22:00,NATI
42.59,42.59,42.59,42.59,100,2021-08-09 19:23:00,NATI
42.59,42.59,42.58,42.58,433,2021-08-09 19:24:00,NATI
42.565,42.565,42.565,42.565,100,2021-08-09 19:25:00,NATI
42.56,42.56,42.56,42.56,127,2021-08-09 19:26:00,NATI
42.57,42.59,42.57,42.59,500,2021-08-09 19:29:00,NATI
42.59,42.59,42.59,42.59,411,2021-08-09 19:30:00,NATI
42.59,42.59,42.59,42.59,100,2021-08-09 19:31:00,NATI
42.5915,42.5915,42.5915,42.5915,400,2021-08-09 19:32:00,NATI
42.595,42.595,42.58,42.58,600,2021-08-09 19:33:00,NATI
42.58,42.58,42.58,42.58,200,2021-08-09 19:34:00,NATI
42.59,42.6,42.573,42.59,2788,2021-08-09 19:35:00,NATI
42.585,42.585,42.585,42.585,100,2021-08-09 19:36:00,NATI
42.58,42.58,42.57,42.57,600,2021-08-09 19:37:00,NATI
42.575,42.575,42.57,42.57,666,2021-08-09 19:38:00,NATI
42.57,42.57,42.535,42.56,1764,2021-08-09 19:40:00,NATI
42.56,42.56,42.56,42.56,2225,2021-08-09 19:41:00,NATI
42.56,42.56,42.55,42.55,200,2021-08-09 19:42:00,NATI
42.55,42.55,42.53,42.535,677,2021-08-09 19:43:00,NATI
42.52,42.52,42.52,42.52,200,2021-08-09 19:44:00,NATI
42.53,42.53,42.505,42.51,1332,2021-08-09 19:45:00,NATI
42.51,42.51,42.51,42.51,100,2021-08-09 19:46:00,NATI
42.52,42.53,42.505,42.505,1434,2021-08-09 19:47:00,NATI
42.5,42.51,42.5,42.51,200,2021-08-09 19:48:00,NATI
42.5,42.52,42.49,42.52,1399,2021-08-09 19:49:00,NATI
42.51,42.51,42.5,42.505,988,2021-08-09 19:50:00,NATI
42.51,42.53,42.51,42.53,859,2021-08-09 19:51:00,NATI
42.53,42.53,42.53,42.53,736,2021-08-09 19:52:00,NATI
42.53,42.53,42.51,42.511,1554,2021-08-09 19:53:00,NATI
42.515,42.53,42.515,42.53,1154,2021-08-09 19:54:00,NATI
42.53,42.54,42.51,42.54,3729,2021-08-09 19:55:00,NATI
42.54,42.55,42.5,42.53,3553,2021-08-09 19:56:00,NATI
42.54,42.54,42.515,42.53,1506,2021-08-09 19:57:00,NATI
42.51,42.54,42.51,42.54,1530,2021-08-09 19:58:00,NATI
42.53,42.58,42.52,42.58,4959,2021-08-09 19:59:00,NATI
42.54,42.54,42.54,42.54,41298,2021-08-09 20:00:00,NATI
42.54,42.54,42.54,42.54,472,2021-08-09 20:01:00,NATI
42.57,42.57,42.57,42.57,1761,2021-08-10 13:30:00,NATI
42.65,42.65,42.65,42.65,100,2021-08-10 13:31:00,NATI
42.5,42.5422,42.5,42.5422,200,2021-08-10 13:33:00,NATI
42.54,42.58,42.54,42.58,278,2021-08-10 13:34:00,NATI
42.65,42.71,42.595,42.71,1045,2021-08-10 13:35:00,NATI
42.72,42.72,42.72,42.72,100,2021-08-10 13:38:00,NATI
42.58,42.58,42.58,42.58,100,2021-08-10 13:39:00,NATI
42.63,42.63,42.595,42.595,300,2021-08-10 13:41:00,NATI
42.595,42.7,42.595,42.69,5805,2021-08-10 13:43:00,NATI
42.62,42.62,42.62,42.62,100,2021-08-10 13:46:00,NATI
42.6,42.6,42.6,42.6,300,2021-08-10 13:48:00,NATI
42.56,42.56,42.56,42.56,300,2021-08-10 13:52:00,NATI
42.55,42.6,42.55,42.59,1212,2021-08-10 13:53:00,NATI
42.6,42.62,42.6,42.62,800,2021-08-10 13:55:00,NATI
42.58,42.58,42.58,42.58,100,2021-08-10 13:57:00,NATI
42.62,42.62,42.62,42.62,100,2021-08-10 13:58:00,NATI
42.61,42.61,42.61,42.61,100,2021-08-10 13:59:00,NATI
42.62,42.62,42.61,42.61,300,2021-08-10 14:02:00,NATI
42.64,42.64,42.64,42.64,300,2021-08-10 14:03:00,NATI
42.6699,42.6699,42.621,42.6635,500,2021-08-10 14:04:00,NATI
42.67,42.67,42.67,42.67,100,2021-08-10 14:05:00,NATI
42.61,42.61,42.59,42.59,200,2021-08-10 14:07:00,NATI
42.6,42.6,42.6,42.6,200,2021-08-10 14:10:00,NATI
42.55,42.55,42.55,42.55,100,2021-08-10 14:11:00,NATI
42.58,42.6,42.58,42.59,300,2021-08-10 14:13:00,NATI
42.585,42.585,42.585,42.585,100,2021-08-10 14:14:00,NATI
42.62,42.62,42.6,42.6,400,2021-08-10 14:17:00,NATI
42.58,42.58,42.58,42.58,100,2021-08-10 14:18:00,NATI
42.55,42.55,42.53,42.53,200,2021-08-10 14:19:00,NATI
42.57,42.57,42.56,42.56,200,2021-08-10 14:20:00,NATI
42.535,42.535,42.5,42.5,322,2021-08-10 14:21:00,NATI
42.44,42.44,42.44,42.44,200,2021-08-10 14:28:00,NATI
42.41,42.41,42.4,42.4,200,2021-08-10 14:29:00,NATI
42.3,42.3,42.3,42.3,300,2021-08-10 14:31:00,NATI
42.25,42.25,42.25,42.25,250,2021-08-10 14:32:00,NATI
42.25,42.26,42.25,42.26,607,2021-08-10 14:33:00,NATI
42.2588,42.2588,42.2588,42.2588,200,2021-08-10 14:35:00,NATI
42.24,42.25,42.24,42.24,460,2021-08-10 14:39:00,NATI
42.21,42.21,42.19,42.19,1188,2021-08-10 14:40:00,NATI
42.1319,42.1319,42.1319,42.1319,500,2021-08-10 14:41:00,NATI
42.15,42.165,42.14,42.14,690,2021-08-10 14:43:00,NATI
42.0834,42.15,42.0834,42.15,627,2021-08-10 14:45:00,NATI
42.1189,42.1189,42.1189,42.1189,106,2021-08-10 14:46:00,NATI
42.135,42.135,42.135,42.135,200,2021-08-10 14:47:00,NATI
42.17,42.2,42.16,42.2,700,2021-08-10 14:48:00,NATI
42.195,42.195,42.195,42.195,100,2021-08-10 14:50:00,NATI
42.22,42.22,42.17,42.19,894,2021-08-10 14:51:00,NATI
42.21,42.26,42.21,42.26,300,2021-08-10 14:52:00,NATI
42.2,42.21,42.16,42.21,800,2021-08-10 14:53:00,NATI
42.17,42.17,42.17,42.17,100,2021-08-10 14:56:00,NATI
42.16,42.16,42.16,42.16,100,2021-08-10 14:57:00,NATI
42.155,42.21,42.155,42.21,900,2021-08-10 14:59:00,NATI
42.23,42.23,42.23,42.23,100,2021-08-10 15:00:00,NATI
42.25,42.25,42.25,42.25,100,2021-08-10 15:02:00,NATI
42.21,42.21,42.2,42.2,700,2021-08-10 15:03:00,NATI
42.23,42.23,42.23,42.23,207,2021-08-10 15:04:00,NATI
42.21,42.23,42.21,42.23,623,2021-08-10 15:07:00,NATI
42.26,42.26,42.26,42.26,100,2021-08-10 15:11:00,NATI
42.24,42.26,42.22,42.26,800,2021-08-10 15:12:00,NATI
42.23,42.23,42.22,42.22,953,2021-08-10 15:15:00,NATI
42.23,42.23,42.23,42.23,200,2021-08-10 15:16:00,NATI
42.25,42.25,42.25,42.25,300,2021-08-10 15:17:00,NATI
42.27,42.27,42.27,42.27,100,2021-08-10 15:20:00,NATI
42.2652,42.2652,42.2652,42.2652,195,2021-08-10 15:24:00,NATI
42.26,42.29,42.26,42.275,1100,2021-08-10 15:25:00,NATI
42.26,42.26,42.26,42.26,416,2021-08-10 15:26:00,NATI
42.25,42.25,42.25,42.25,100,2021-08-10 15:28:00,NATI
42.235,42.235,42.235,42.235,100,2021-08-10 15:32:00,NATI
42.23,42.23,42.23,42.23,100,2021-08-10 15:33:00,NATI
42.24,42.27,42.24,42.27,997,2021-08-10 15:36:00,NATI
42.24,42.24,42.24,42.24,100,2021-08-10 15:44:00,NATI
42.26,42.26,42.26,42.26,100,2021-08-10 15:45:00,NATI
42.25,42.25,42.25,42.25,200,2021-08-10 15:46:00,NATI
42.23,42.27,42.23,42.27,842,2021-08-10 15:47:00,NATI
42.24,42.24,42.24,42.24,200,2021-08-10 15:48:00,NATI
42.22,42.23,42.22,42.23,512,2021-08-10 15:50:00,NATI
42.22,42.22,42.22,42.22,200,2021-08-10 15:51:00,NATI
42.18,42.18,42.18,42.18,100,2021-08-10 15:56:00,NATI
42.19,42.19,42.19,42.19,200,2021-08-10 15:58:00,NATI
42.16,42.16,42.16,42.16,100,2021-08-10 15:59:00,NATI
42.14,42.21,42.14,42.21,1800,2021-08-10 16:02:00,NATI
42.2,42.2,42.2,42.2,100,2021-08-10 16:05:00,NATI
42.18,42.18,42.18,42.18,100,2021-08-10 16:07:00,NATI
42.19,42.2,42.19,42.2,400,2021-08-10 16:09:00,NATI
42.19,42.19,42.18,42.18,1877,2021-08-10 16:10:00,NATI
42.16,42.2,42.16,42.2,200,2021-08-10 16:12:00,NATI
42.18,42.18,42.17,42.17,200,2021-08-10 16:14:00,NATI
42.1922,42.1922,42.1922,42.1922,100,2021-08-10 16:15:00,NATI
42.17,42.2,42.17,42.2,300,2021-08-10 16:17:00,NATI
42.2,42.2,42.2,42.2,400,2021-08-10 16:18:00,NATI
42.21,42.21,42.21,42.21,100,2021-08-10 16:20:00,NATI
42.2,42.2,42.2,42.2,200,2021-08-10 16:21:00,NATI
42.195,42.195,42.195,42.195,200,2021-08-10 16:23:00,NATI
42.18,42.18,42.17,42.17,300,2021-08-10 16:24:00,NATI
42.175,42.175,42.15,42.15,200,2021-08-10 16:25:00,NATI
42.17,42.17,42.17,42.17,111,2021-08-10 16:26:00,NATI
42.16,42.16,42.15,42.16,677,2021-08-10 16:28:00,NATI
42.155,42.155,42.155,42.155,100,2021-08-10 16:30:00,NATI
42.07,42.08,42.07,42.08,400,2021-08-10 16:32:00,NATI
42.055,42.055,42.04,42.04,400,2021-08-10 16:35:00,NATI
42.01,42.05,42.01,42.0461,816,2021-08-10 16:36:00,NATI
42.05,42.05,42.05,42.05,100,2021-08-10 16:40:00,NATI
42.02,42.04,42.02,42.04,300,2021-08-10 16:42:00,NATI
42.05,42.06,42.05,42.06,300,2021-08-10 16:45:00,NATI
42.07,42.1,42.07,42.1,800,2021-08-10 16:48:00,NATI
42.065,42.065,42.065,42.065,100,2021-08-10 16:50:00,NATI
42.08,42.08,42.08,42.08,100,2021-08-10 16:51:00,NATI
42.1,42.1,42.1,42.1,100,2021-08-10 16:52:00,NATI
42.1,42.1,42.1,42.1,500,2021-08-10 16:53:00,NATI
42.12,42.13,42.12,42.13,300,2021-08-10 16:54:00,NATI
42.11,42.11,42.1,42.1,400,2021-08-10 16:55:00,NATI
42.12,42.12,42.12,42.12,200,2021-08-10 16:56:00,NATI
42.09,42.09,42.09,42.09,100,2021-08-10 16:57:00,NATI
42.1,42.1,42.1,42.1,100,2021-08-10 16:58:00,NATI
42.095,42.095,42.08,42.08,200,2021-08-10 16:59:00,NATI
42.055,42.055,42.055,42.055,100,2021-08-10 17:00:00,NATI
42.05,42.05,41.99,41.99,439,2021-08-10 17:04:00,NATI
41.99,42.025,41.99,42.025,500,2021-08-10 17:05:00,NATI
42.0,42.04,41.995,42.04,500,2021-08-10 17:06:00,NATI
41.99,42.0,41.99,41.99,600,2021-08-10 17:10:00,NATI
41.97,41.97,41.97,41.97,200,2021-08-10 17:11:00,NATI
41.99,42.02,41.98,42.02,1820,2021-08-10 17:13:00,NATI
42.04,42.04,42.04,42.04,100,2021-08-10 17:15:00,NATI
42.03,42.03,42.03,42.03,100,2021-08-10 17:16:00,NATI
42.055,42.06,42.05,42.06,900,2021-08-10 17:19:00,NATI
42.06,42.0616,42.05,42.05,1265,2021-08-10 17:20:00,NATI
42.05,42.05,42.05,42.05,200,2021-08-10 17:21:00,NATI
42.05,42.05,42.0399,42.0399,800,2021-08-10 17:22:00,NATI
42.05,42.05,42.05,42.05,100,2021-08-10 17:23:00,NATI
42.06,42.08,42.06,42.07,604,2021-08-10 17:24:00,NATI
42.1,42.1,42.1,42.1,100,2021-08-10 17:26:00,NATI
42.065,42.1,42.065,42.1,200,2021-08-10 17:28:00,NATI
42.08,42.08,42.07,42.07,700,2021-08-10 17:29:00,NATI
42.08,42.08,42.07,42.07,200,2021-08-10 17:30:00,NATI
42.05,42.05,42.05,42.05,200,2021-08-10 17:31:00,NATI
42.04,42.04,42.04,42.04,100,2021-08-10 17:33:00,NATI
42.06,42.06,42.06,42.06,100,2021-08-10 17:34:00,NATI
42.03,42.03,42.02,42.02,219,2021-08-10 17:37:00,NATI
41.99,41.99,41.99,41.99,129,2021-08-10 17:38:00,NATI
41.99,41.99,41.99,41.99,100,2021-08-10 17:39:00,NATI
42.0006,42.0006,42.0006,42.0006,139,2021-08-10 17:40:00,NATI
42.0,42.01,42.0,42.01,590,2021-08-10 17:41:00,NATI
42.0,42.0,42.0,42.0,400,2021-08-10 17:42:00,NATI
41.95,41.97,41.93,41.96,758,2021-08-10 17:45:00,NATI
41.94,41.94,41.94,41.94,300,2021-08-10 17:47:00,NATI
41.95,41.96,41.95,41.96,600,2021-08-10 17:48:00,NATI
41.96,41.96,41.96,41.96,100,2021-08-10 17:49:00,NATI
41.97,41.97,41.97,41.97,100,2021-08-10 17:50:00,NATI
41.98,42.02,41.98,42.02,2935,2021-08-10 17:51:00,NATI
41.995,42.02,41.995,42.02,329,2021-08-10 17:53:00,NATI
42.02,42.02,42.02,42.02,100,2021-08-10 17:55:00,NATI
42.02,42.06,42.02,42.06,301,2021-08-10 17:56:00,NATI
42.06,42.06,42.06,42.06,100,2021-08-10 17:57:00,NATI
42.08,42.08,42.08,42.08,100,2021-08-10 17:59:00,NATI
42.075,42.075,42.075,42.075,100,2021-08-10 18:00:00,NATI
42.075,42.1,42.075,42.1,531,2021-08-10 18:01:00,NATI
42.09,42.1,42.09,42.1,400,2021-08-10 18:02:00,NATI
42.04,42.04,42.04,42.04,135,2021-08-10 18:04:00,NATI
42.045,42.045,42.04,42.04,492,2021-08-10 18:05:00,NATI
42.03,42.06,42.03,42.04,1668,2021-08-10 18:06:00,NATI
42.08,42.08,42.05,42.05,300,2021-08-10 18:09:00,NATI
42.06,42.08,42.05,42.05,400,2021-08-10 18:10:00,NATI
42.07,42.07,42.07,42.07,300,2021-08-10 18:11:00,NATI
42.075,42.08,42.075,42.08,788,2021-08-10 18:12:00,NATI
42.08,42.08,42.08,42.08,100,2021-08-10 18:13:00,NATI
42.07,42.09,42.07,42.09,600,2021-08-10 18:16:00,NATI
42.1199,42.12,42.1199,42.12,315,2021-08-10 18:17:00,NATI
42.1025,42.1025,42.1025,42.1025,100,2021-08-10 18:18:00,NATI
42.12,42.12,42.12,42.12,100,2021-08-10 18:19:00,NATI
42.09,42.1,42.09,42.1,300,2021-08-10 18:21:00,NATI
42.08,42.08,42.08,42.08,100,2021-08-10 18:23:00,NATI
42.1,42.11,42.1,42.1,600,2021-08-10 18:24:00,NATI
42.095,42.095,42.095,42.095,137,2021-08-10 18:28:00,NATI
42.105,42.105,42.105,42.105,100,2021-08-10 18:29:00,NATI
42.11,42.12,42.11,42.12,500,2021-08-10 18:31:00,NATI
42.12,42.12,42.12,42.12,100,2021-08-10 18:33:00,NATI
42.125,42.14,42.125,42.14,400,2021-08-10 18:34:00,NATI
42.13,42.14,42.13,42.14,300,2021-08-10 18:37:00,NATI
42.13,42.13,42.12,42.12,300,2021-08-10 18:42:00,NATI
42.1,42.1,42.08,42.08,600,2021-08-10 18:43:00,NATI
42.06,42.06,42.06,42.06,100,2021-08-10 18:44:00,NATI
42.05,42.05,42.05,42.05,100,2021-08-10 18:45:00,NATI
42.065,42.065,42.05,42.05,214,2021-08-10 18:47:00,NATI
42.05,42.08,42.05,42.08,1500,2021-08-10 18:49:00,NATI
42.09,42.09,42.09,42.09,100,2021-08-10 18:50:00,NATI
42.09,42.09,42.09,42.09,200,2021-08-10 18:52:00,NATI
42.09,42.09,42.09,42.09,100,2021-08-10 18:53:00,NATI
42.09,42.09,42.09,42.09,100,2021-08-10 18:54:00,NATI
42.1,42.11,42.1,42.11,300,2021-08-10 18:59:00,NATI
42.1,42.1,42.1,42.1,100,2021-08-10 19:00:00,NATI
42.11,42.11,42.11,42.11,100,2021-08-10 19:02:00,NATI
42.1,42.12,42.1,42.12,812,2021-08-10 19:04:00,NATI
42.115,42.12,42.115,42.12,200,2021-08-10 19:05:00,NATI
42.11,42.115,42.1,42.1,900,2021-08-10 19:07:00,NATI
42.1,42.12,42.1,42.11,1000,2021-08-10 19:09:00,NATI
42.11,42.13,42.11,42.11,518,2021-08-10 19:10:00,NATI
42.09,42.1,42.09,42.1,200,2021-08-10 19:13:00,NATI
42.08,42.09,42.08,42.09,300,2021-08-10 19:14:00,NATI
42.09,42.09,42.08,42.08,540,2021-08-10 19:16:00,NATI
42.06,42.07,42.06,42.07,300,2021-08-10 19:17:00,NATI
42.06,42.06,42.06,42.06,112,2021-08-10 19:19:00,NATI
42.06,42.09,42.06,42.09,1964,2021-08-10 19:21:00,NATI
42.09,42.09,42.07,42.09,522,2021-08-10 19:23:00,NATI
42.075,42.075,42.075,42.075,100,2021-08-10 19:25:00,NATI
42.055,42.055,42.055,42.055,200,2021-08-10 19:26:00,NATI
42.06,42.06,42.055,42.055,200,2021-08-10 19:27:00,NATI
42.055,42.055,42.055,42.055,537,2021-08-10 19:28:00,NATI
42.051,42.051,42.051,42.051,100,2021-08-10 19:29:00,NATI
42.07,42.07,42.07,42.07,330,2021-08-10 19:30:00,NATI
42.07,42.07,42.07,42.07,100,2021-08-10 19:31:00,NATI
42.06,42.07,42.06,42.07,400,2021-08-10 19:32:00,NATI
42.06,42.06,42.05,42.05,300,2021-08-10 19:33:00,NATI
42.04,42.06,42.04,42.05,400,2021-08-10 19:34:00,NATI
42.05,42.1,42.05,42.1,1839,2021-08-10 19:35:00,NATI
42.09,42.09,42.07,42.07,760,2021-08-10 19:36:00,NATI
42.07,42.07,42.07,42.07,210,2021-08-10 19:37:00,NATI
42.06,42.07,42.06,42.07,500,2021-08-10 19:38:00,NATI
42.07,42.07,42.065,42.065,200,2021-08-10 19:39:00,NATI
42.06,42.11,42.06,42.11,900,2021-08-10 19:40:00,NATI
42.095,42.1,42.095,42.1,467,2021-08-10 19:41:00,NATI
42.1,42.1,42.1,42.1,500,2021-08-10 19:42:00,NATI
42.09,42.11,42.09,42.11,1108,2021-08-10 19:43:00,NATI
42.11,42.11,42.11,42.11,100,2021-08-10 19:44:00,NATI
42.11,42.13,42.11,42.13,573,2021-08-10 19:45:00,NATI
42.11,42.11,42.1,42.1,500,2021-08-10 19:46:00,NATI
42.085,42.085,42.085,42.085,200,2021-08-10 19:47:00,NATI
42.09,42.09,42.05,42.05,600,2021-08-10 19:48:00,NATI
42.055,42.07,42.055,42.07,1000,2021-08-10 19:49:00,NATI
42.08,42.12,42.06,42.08,2015,2021-08-10 19:50:00,NATI
42.065,42.08,42.06,42.06,500,2021-08-10 19:51:00,NATI
42.055,42.07,41.93,42.0,18960,2021-08-10 19:52:00,NATI
41.96,42.0,41.95,42.0,5496,2021-08-10 19:53:00,NATI
41.98,42.01,41.925,42.0,12937,2021-08-10 19:54:00,NATI
41.97,41.99,41.95,41.98,2620,2021-08-10 19:55:00,NATI
41.98,42.0,41.96,42.0,3234,2021-08-10 19:56:00,NATI
42.0,42.0,41.98,42.0,1750,2021-08-10 19:57:00,NATI
41.99,42.0,41.98,41.995,2792,2021-08-10 19:58:00,NATI
41.995,42.01,41.98,42.0,6732,2021-08-10 19:59:00,NATI
42.01,42.01,42.01,42.01,330659,2021-08-10 20:00:00,NATI
42.11,42.155,42.11,42.155,4319,2021-08-11 13:30:00,NATI
42.0,42.0,42.0,42.0,118,2021-08-11 13:40:00,NATI
42.0,42.0,42.0,42.0,100,2021-08-11 13:41:00,NATI
42.02,42.04,42.02,42.04,200,2021-08-11 13:45:00,NATI
42.0,42.0,42.0,42.0,100,2021-08-11 13:46:00,NATI
41.97,41.97,41.97,41.97,100,2021-08-11 13:51:00,NATI
41.9495,41.9495,41.92,41.92,2100,2021-08-11 13:54:00,NATI
41.92,41.95,41.92,41.95,200,2021-08-11 13:58:00,NATI
41.92,41.92,41.92,41.92,299,2021-08-11 14:01:00,NATI
41.8,41.8,41.8,41.8,300,2021-08-11 14:05:00,NATI
41.75,41.75,41.75,41.75,200,2021-08-11 14:09:00,NATI
41.7311,41.8,41.7311,41.8,700,2021-08-11 14:13:00,NATI
41.73,41.78,41.73,41.731,300,2021-08-11 14:20:00,NATI
41.72,41.72,41.63,41.635,800,2021-08-11 14:22:00,NATI
41.68,41.68,41.68,41.68,300,2021-08-11 14:23:00,NATI
41.68,41.7,41.675,41.69,400,2021-08-11 14:25:00,NATI
41.7,41.73,41.7,41.73,700,2021-08-11 14:26:00,NATI
41.72,41.72,41.72,41.72,200,2021-08-11 14:27:00,NATI
41.72,41.72,41.72,41.72,100,2021-08-11 14:30:00,NATI
41.701,41.715,41.701,41.715,260,2021-08-11 14:31:00,NATI
41.69,41.69,41.66,41.66,500,2021-08-11 14:32:00,NATI
41.62,41.655,41.62,41.655,200,2021-08-11 14:35:00,NATI
41.6402,41.69,41.6402,41.69,311,2021-08-11 14:37:00,NATI
41.69,41.7,41.69,41.7,300,2021-08-11 14:38:00,NATI
41.73,41.73,41.73,41.73,100,2021-08-11 14:39:00,NATI
41.7499,41.75,41.7499,41.75,1649,2021-08-11 14:40:00,NATI
41.75,41.78,41.745,41.78,400,2021-08-11 14:41:00,NATI
41.82,41.85,41.8,41.8,1300,2021-08-11 14:43:00,NATI
41.835,41.835,41.79,41.79,200,2021-08-11 14:45:00,NATI
41.79,41.79,41.79,41.79,100,2021-08-11 14:46:00,NATI
41.79,41.8,41.79,41.79,400,2021-08-11 14:47:00,NATI
41.805,41.805,41.805,41.805,100,2021-08-11 14:48:00,NATI
41.79,41.79,41.78,41.789,400,2021-08-11 14:49:00,NATI
41.8,41.8,41.78,41.78,200,2021-08-11 14:50:00,NATI
41.82,41.82,41.82,41.82,300,2021-08-11 14:52:00,NATI
41.81,41.81,41.8,41.8,400,2021-08-11 14:54:00,NATI
41.79,41.79,41.79,41.79,100,2021-08-11 14:55:00,NATI
41.77,41.77,41.76,41.76,500,2021-08-11 14:58:00,NATI
41.75,41.75,41.72,41.72,300,2021-08-11 15:02:00,NATI
41.72,41.72,41.68,41.68,319,2021-08-11 15:03:00,NATI
41.69,41.69,41.69,41.69,200,2021-08-11 15:05:00,NATI
41.68,41.68,41.68,41.68,100,2021-08-11 15:07:00,NATI
41.66,41.66,41.645,41.645,600,2021-08-11 15:09:00,NATI
41.63,41.63,41.63,41.63,100,2021-08-11 15:10:00,NATI
41.68,41.68,41.67,41.67,200,2021-08-11 15:12:00,NATI
41.7,41.7,41.68,41.68,1000,2021-08-11 15:13:00,NATI
41.64,41.64,41.64,41.64,100,2021-08-11 15:14:00,NATI
41.635,41.635,41.61,41.61,533,2021-08-11 15:15:00,NATI
41.63,41.63,41.63,41.63,200,2021-08-11 15:17:00,NATI
41.67,41.67,41.67,41.67,100,2021-08-11 15:20:00,NATI
41.7,41.7,41.7,41.7,100,2021-08-11 15:21:00,NATI
41.71,41.71,41.69,41.71,536,2021-08-11 15:25:00,NATI
41.691,41.735,41.691,41.735,781,2021-08-11 15:26:00,NATI
41.76,41.76,41.73,41.73,200,2021-08-11 15:27:00,NATI
41.71,41.71,41.7,41.7,500,2021-08-11 15:29:00,NATI
41.7,41.71,41.7,41.71,200,2021-08-11 15:30:00,NATI
41.725,41.725,41.725,41.725,100,2021-08-11 15:32:00,NATI
41.73,41.73,41.73,41.73,100,2021-08-11 15:33:00,NATI
41.75,41.75,41.73,41.73,400,2021-08-11 15:36:00,NATI
41.74,41.74,41.74,41.74,200,2021-08-11 15:37:00,NATI
41.7001,41.7001,41.7001,41.7001,100,2021-08-11 15:40:00,NATI
41.72,41.75,41.72,41.75,299,2021-08-11 15:41:00,NATI
41.74,41.74,41.71,41.71,300,2021-08-11 15:43:00,NATI
41.73,41.73,41.71,41.72,600,2021-08-11 15:44:00,NATI
41.71,41.74,41.71,41.74,790,2021-08-11 15:46:00,NATI
41.77,41.79,41.77,41.79,200,2021-08-11 15:48:00,NATI
41.75,41.75,41.72,41.72,600,2021-08-11 15:50:00,NATI
41.725,41.725,41.725,41.725,100,2021-08-11 15:53:00,NATI
41.72,41.735,41.72,41.735,200,2021-08-11 15:55:00,NATI
41.75,41.75,41.75,41.75,100,2021-08-11 15:57:00,NATI
41.77,41.77,41.77,41.77,100,2021-08-11 16:01:00,NATI
41.8,41.8,41.79,41.8,1213,2021-08-11 16:04:00,NATI
41.83,41.83,41.83,41.83,100,2021-08-11 16:05:00,NATI
41.8,41.8,41.8,41.8,600,2021-08-11 16:09:00,NATI
41.79,41.79,41.79,41.79,100,2021-08-11 16:11:00,NATI
41.805,41.805,41.805,41.805,100,2021-08-11 16:12:00,NATI
41.805,41.805,41.805,41.805,137,2021-08-11 16:13:00,NATI
41.8,41.82,41.8,41.805,700,2021-08-11 16:15:00,NATI
41.82,41.83,41.82,41.83,400,2021-08-11 16:16:00,NATI
41.835,41.85,41.835,41.85,200,2021-08-11 16:17:00,NATI
41.84,41.84,41.77,41.77,3245,2021-08-11 16:18:00,NATI
41.81,41.81,41.79,41.79,600,2021-08-11 16:19:00,NATI
41.785,41.785,41.785,41.785,100,2021-08-11 16:20:00,NATI
41.78,41.78,41.78,41.78,300,2021-08-11 16:21:00,NATI
41.775,41.775,41.775,41.775,400,2021-08-11 16:23:00,NATI
41.82,41.82,41.81,41.81,200,2021-08-11 16:25:00,NATI
41.815,41.815,41.815,41.815,100,2021-08-11 16:26:00,NATI
41.77,41.84,41.77,41.84,1000,2021-08-11 16:30:00,NATI
41.85,41.85,41.85,41.85,900,2021-08-11 16:31:00,NATI
41.85,41.86,41.85,41.86,200,2021-08-11 16:33:00,NATI
41.91,41.92,41.91,41.91,700,2021-08-11 16:35:00,NATI
41.92,41.92,41.92,41.92,100,2021-08-11 16:36:00,NATI
41.92,41.92,41.92,41.92,100,2021-08-11 16:38:00,NATI
41.96,41.96,41.96,41.96,100,2021-08-11 16:40:00,NATI
41.94,41.94,41.925,41.925,500,2021-08-11 16:42:00,NATI
41.91,41.91,41.91,41.91,100,2021-08-11 16:44:00,NATI
41.89,41.89,41.87,41.8789,861,2021-08-11 16:45:00,NATI
41.88,41.89,41.88,41.89,400,2021-08-11 16:46:00,NATI
41.905,41.905,41.905,41.905,100,2021-08-11 16:49:00,NATI
41.9,41.9,41.9,41.9,100,2021-08-11 16:53:00,NATI
41.9,41.9,41.9,41.9,100,2021-08-11 16:56:00,NATI
41.891,41.891,41.891,41.891,118,2021-08-11 16:57:00,NATI
41.92,41.92,41.92,41.92,100,2021-08-11 16:58:00,NATI
41.89,41.89,41.89,41.89,100,2021-08-11 16:59:00,NATI
41.89,41.9,41.89,41.9,200,2021-08-11 17:01:00,NATI
41.9,41.9,41.88,41.88,200,2021-08-11 17:02:00,NATI
41.88,41.88,41.88,41.88,100,2021-08-11 17:03:00,NATI
41.875,41.875,41.875,41.875,100,2021-08-11 17:05:00,NATI
41.88,41.88,41.88,41.88,100,2021-08-11 17:08:00,NATI
41.9,41.91,41.9,41.91,200,2021-08-11 17:09:00,NATI
41.9,41.91,41.89,41.89,600,2021-08-11 17:10:00,NATI
41.875,41.875,41.875,41.875,100,2021-08-11 17:11:00,NATI
41.8632,41.88,41.8632,41.88,459,2021-08-11 17:15:00,NATI
41.87,41.87,41.87,41.87,400,2021-08-11 17:17:00,NATI
41.85,41.85,41.85,41.85,200,2021-08-11 17:20:00,NATI
41.8527,41.8527,41.845,41.845,201,2021-08-11 17:21:00,NATI
41.85,41.85,41.85,41.85,100,2021-08-11 17:22:00,NATI
41.84,41.85,41.84,41.85,600,2021-08-11 17:23:00,NATI
41.8711,41.8711,41.8711,41.8711,104,2021-08-11 17:27:00,NATI
41.85,41.85,41.85,41.85,100,2021-08-11 17:28:00,NATI
41.88,41.88,41.88,41.88,100,2021-08-11 17:30:00,NATI
41.85,41.85,41.85,41.85,300,2021-08-11 17:32:00,NATI
41.865,41.89,41.865,41.88,300,2021-08-11 17:33:00,NATI
41.86,41.87,41.86,41.87,800,2021-08-11 17:36:00,NATI
41.86,41.86,41.86,41.86,100,2021-08-11 17:38:00,NATI
41.87,41.91,41.87,41.91,700,2021-08-11 17:40:00,NATI
41.89,41.89,41.89,41.89,700,2021-08-11 17:44:00,NATI
41.9,41.9,41.9,41.9,200,2021-08-11 17:49:00,NATI
41.8947,41.8947,41.8947,41.8947,159,2021-08-11 17:50:00,NATI
41.9098,41.9098,41.9098,41.9098,138,2021-08-11 17:52:00,NATI
41.9,41.915,41.9,41.915,400,2021-08-11 17:53:00,NATI
41.91,41.92,41.91,41.92,500,2021-08-11 17:56:00,NATI
41.92,41.92,41.92,41.92,299,2021-08-11 17:59:00,NATI
41.91,41.91,41.91,41.91,200,2021-08-11 18:01:00,NATI
41.915,41.935,41.915,41.93,600,2021-08-11 18:02:00,NATI
41.945,41.945,41.945,41.945,240,2021-08-11 18:05:00,NATI
41.95,41.96,41.95,41.96,200,2021-08-11 18:06:00,NATI
41.95,41.955,41.95,41.955,900,2021-08-11 18:07:00,NATI
41.9411,41.9411,41.9411,41.9411,125,2021-08-11 18:08:00,NATI
41.95,41.95,41.95,41.95,100,2021-08-11 18:10:00,NATI
41.95,41.96,41.95,41.955,300,2021-08-11 18:13:00,NATI
41.955,41.955,41.955,41.955,100,2021-08-11 18:14:00,NATI
41.94,41.94,41.92,41.925,600,2021-08-11 18:17:00,NATI
41.91,41.92,41.9,41.9,1157,2021-08-11 18:20:00,NATI
41.9,41.9,41.87,41.87,500,2021-08-11 18:22:00,NATI
41.88,41.89,41.88,41.89,608,2021-08-11 18:23:00,NATI
41.89,41.89,41.89,41.89,200,2021-08-11 18:24:00,NATI
41.8933,41.8933,41.8933,41.8933,213,2021-08-11 18:25:00,NATI
41.9,41.9,41.9,41.9,300,2021-08-11 18:26:00,NATI
41.9,41.9,41.9,41.9,200,2021-08-11 18:28:00,NATI
41.92,41.92,41.9,41.91,400,2021-08-11 18:30:00,NATI
41.91,41.91,41.91,41.91,100,2021-08-11 18:32:00,NATI
41.91,41.91,41.9,41.91,700,2021-08-11 18:36:00,NATI
41.9,41.9009,41.9,41.9009,400,2021-08-11 18:37:00,NATI
41.9,41.9,41.9,41.9,100,2021-08-11 18:38:00,NATI
41.9,41.91,41.9,41.91,300,2021-08-11 18:39:00,NATI
41.915,41.915,41.915,41.915,100,2021-08-11 18:40:00,NATI
41.93,41.93,41.92,41.92,400,2021-08-11 18:43:00,NATI
41.92,41.92,41.92,41.92,300,2021-08-11 18:44:00,NATI
41.91,41.91,41.89,41.89,700,2021-08-11 18:45:00,NATI
41.89,41.915,41.89,41.915,500,2021-08-11 18:46:00,NATI
41.91,41.91,41.91,41.91,200,2021-08-11 18:49:00,NATI
41.89,41.905,41.89,41.905,400,2021-08-11 18:51:00,NATI
41.905,41.905,41.905,41.905,100,2021-08-11 18:53:00,NATI
41.905,41.905,41.905,41.905,298,2021-08-11 18:54:00,NATI
41.9,41.9,41.9,41.9,100,2021-08-11 18:55:00,NATI
41.92,41.93,41.92,41.93,600,2021-08-11 18:56:00,NATI
41.92,41.92,41.92,41.92,100,2021-08-11 18:57:00,NATI
41.91,41.91,41.9,41.91,1400,2021-08-11 18:59:00,NATI
41.905,41.905,41.905,41.905,100,2021-08-11 19:00:00,NATI
41.9,41.9,41.9,41.9,100,2021-08-11 19:01:00,NATI
41.89,41.91,41.89,41.91,700,2021-08-11 19:03:00,NATI
41.9,41.905,41.9,41.905,460,2021-08-11 19:05:00,NATI
41.89,41.91,41.89,41.91,300,2021-08-11 19:06:00,NATI
41.905,41.905,41.905,41.905,100,2021-08-11 19:10:00,NATI
41.92,41.92,41.92,41.92,100,2021-08-11 19:11:00,NATI
41.93,41.93,41.93,41.93,100,2021-08-11 19:12:00,NATI
41.93,41.93,41.93,41.93,100,2021-08-11 19:13:00,NATI
41.93,41.93,41.93,41.93,100,2021-08-11 19:14:00,NATI
41.92,41.92,41.91,41.915,1100,2021-08-11 19:16:00,NATI
41.91,41.915,41.91,41.915,800,2021-08-11 19:18:00,NATI
41.91,41.925,41.91,41.925,400,2021-08-11 19:19:00,NATI
41.93,41.93,41.93,41.93,700,2021-08-11 19:20:00,NATI
41.95,41.95,41.935,41.935,238,2021-08-11 19:21:00,NATI
41.92,41.92,41.91,41.92,800,2021-08-11 19:22:00,NATI
41.91,41.91,41.9,41.9,300,2021-08-11 19:25:00,NATI
41.91,41.91,41.9,41.9,200,2021-08-11 19:26:00,NATI
41.9,41.9,41.87,41.87,1000,2021-08-11 19:27:00,NATI
41.861,41.861,41.86,41.86,200,2021-08-11 19:29:00,NATI
41.875,41.875,41.86,41.86,200,2021-08-11 19:30:00,NATI
41.82,41.82,41.81,41.81,200,2021-08-11 19:31:00,NATI
41.825,41.84,41.8198,41.835,1271,2021-08-11 19:33:00,NATI
41.81,41.81,41.81,41.81,100,2021-08-11 19:34:00,NATI
41.81,41.815,41.81,41.81,300,2021-08-11 19:35:00,NATI
41.8,41.81,41.8,41.81,600,2021-08-11 19:36:00,NATI
41.805,41.805,41.805,41.805,200,2021-08-11 19:38:00,NATI
41.81,41.82,41.81,41.81,592,2021-08-11 19:39:00,NATI
41.81,41.82,41.81,41.82,540,2021-08-11 19:40:00,NATI
41.81,41.81,41.81,41.81,400,2021-08-11 19:41:00,NATI
41.82,41.82,41.791,41.791,1000,2021-08-11 19:42:00,NATI
41.8,41.8,41.8,41.8,200,2021-08-11 19:43:00,NATI
41.79,41.79,41.78,41.79,1400,2021-08-11 19:44:00,NATI
41.775,41.785,41.775,41.78,300,2021-08-11 19:45:00,NATI
41.78,41.81,41.78,41.8,700,2021-08-11 19:46:00,NATI
41.81,41.81,41.79,41.79,1300,2021-08-11 19:47:00,NATI
41.78,41.78,41.78,41.78,200,2021-08-11 19:48:00,NATI
41.771,41.78,41.77,41.77,516,2021-08-11 19:49:00,NATI
41.77,41.77,41.72,41.76,2471,2021-08-11 19:50:00,NATI
41.77,41.8,41.77,41.79,900,2021-08-11 19:51:00,NATI
41.805,41.805,41.79,41.79,300,2021-08-11 19:52:00,NATI
41.795,41.8,41.785,41.8,938,2021-08-11 19:53:00,NATI
41.8,41.8,41.78,41.79,600,2021-08-11 19:54:00,NATI
41.78,41.78,41.76,41.78,1500,2021-08-11 19:55:00,NATI
41.79,41.79,41.78,41.79,1368,2021-08-11 19:56:00,NATI
41.79,41.79,41.76,41.76,2729,2021-08-11 19:57:00,NATI
41.76,41.76,41.71,41.71,7978,2021-08-11 19:58:00,NATI
41.725,41.725,41.61,41.67,24811,2021-08-11 19:59:00,NATI
41.67,41.67,41.67,41.67,38121,2021-08-11 20:00:00,NATI
41.66,41.66,41.58,41.58,3809,2021-08-12 13:30:00,NATI
41.5,41.5,41.38,41.38,951,2021-08-12 13:32:00,NATI
41.36,41.4033,41.36,41.4033,600,2021-08-12 13:34:00,NATI
41.38,41.407,41.38,41.407,500,2021-08-12 13:36:00,NATI
41.38,41.48,41.38,41.48,2300,2021-08-12 13:39:00,NATI
41.47,41.47,41.47,41.47,200,2021-08-12 13:42:00,NATI
41.425,41.45,41.425,41.45,200,2021-08-12 13:45:00,NATI
41.44,41.475,41.44,41.475,300,2021-08-12 13:46:00,NATI
41.4201,41.48,41.4201,41.48,600,2021-08-12 13:47:00,NATI
41.48,41.48,41.455,41.455,200,2021-08-12 13:48:00,NATI
41.41,41.41,41.41,41.41,100,2021-08-12 13:49:00,NATI
41.46,41.46,41.46,41.46,100,2021-08-12 13:50:00,NATI
41.38,41.4052,41.38,41.4052,512,2021-08-12 13:51:00,NATI
41.4,41.4,41.4,41.4,100,2021-08-12 13:53:00,NATI
41.42,41.43,41.41,41.43,400,2021-08-12 13:57:00,NATI
41.48,41.48,41.48,41.48,100,2021-08-12 13:58:00,NATI
41.44,41.445,41.41,41.42,800,2021-08-12 14:00:00,NATI
41.4,41.44,41.4,41.44,5557,2021-08-12 14:01:00,NATI
41.415,41.415,41.415,41.415,100,2021-08-12 14:02:00,NATI
41.39,41.48,41.39,41.46,1000,2021-08-12 14:03:00,NATI
41.455,41.455,41.41,41.445,1800,2021-08-12 14:05:00,NATI
41.445,41.47,41.445,41.47,200,2021-08-12 14:07:00,NATI
41.48,41.48,41.48,41.48,100,2021-08-12 14:08:00,NATI
41.48,41.51,41.48,41.51,600,2021-08-12 14:09:00,NATI
41.491,41.54,41.491,41.515,1308,2021-08-12 14:10:00,NATI
41.53,41.55,41.515,41.55,400,2021-08-12 14:11:00,NATI
41.6,41.6,41.6,41.6,1000,2021-08-12 14:13:00,NATI
41.57,41.71,41.57,41.71,4650,2021-08-12 14:14:00,NATI
41.65,41.65,41.65,41.65,200,2021-08-12 14:16:00,NATI
41.65,41.65,41.65,41.65,200,2021-08-12 14:17:00,NATI
41.68,41.7199,41.68,41.7199,1211,2021-08-12 14:22:00,NATI
41.675,41.675,41.675,41.675,100,2021-08-12 14:23:00,NATI
41.71,41.71,41.71,41.71,100,2021-08-12 14:24:00,NATI
41.715,41.74,41.69,41.735,2474,2021-08-12 14:27:00,NATI
41.76,41.78,41.76,41.78,300,2021-08-12 14:28:00,NATI
41.8107,41.8107,41.8107,41.8107,100,2021-08-12 14:30:00,NATI
41.8,41.8,41.75,41.8,816,2021-08-12 14:31:00,NATI
41.7799,41.7799,41.7799,41.7799,152,2021-08-12 14:32:00,NATI
41.745,41.745,41.745,41.745,300,2021-08-12 14:33:00,NATI
41.75,41.78,41.75,41.77,1256,2021-08-12 14:36:00,NATI
41.77,41.77,41.75,41.75,200,2021-08-12 14:37:00,NATI
41.73,41.73,41.73,41.73,122,2021-08-12 14:41:00,NATI
41.7,41.72,41.7,41.72,595,2021-08-12 14:43:00,NATI
41.675,41.675,41.675,41.675,100,2021-08-12 14:44:00,NATI
41.67,41.67,41.625,41.625,471,2021-08-12 14:45:00,NATI
41.67,41.74,41.67,41.71,1717,2021-08-12 14:49:00,NATI
41.675,41.71,41.675,41.695,300,2021-08-12 14:50:00,NATI
41.72,41.72,41.72,41.72,100,2021-08-12 14:51:00,NATI
41.72,41.72,41.7,41.72,400,2021-08-12 14:52:00,NATI
41.69,41.69,41.69,41.69,200,2021-08-12 14:55:00,NATI
41.675,41.675,41.64,41.64,300,2021-08-12 14:56:00,NATI
41.72,41.78,41.69,41.78,1300,2021-08-12 14:58:00,NATI
41.7621,41.78,41.75,41.75,806,2021-08-12 14:59:00,NATI
41.77,41.77,41.77,41.77,100,2021-08-12 15:00:00,NATI
41.76,41.78,41.76,41.78,200,2021-08-12 15:01:00,NATI
41.71,41.71,41.71,41.71,100,2021-08-12 15:02:00,NATI
41.72,41.72,41.72,41.72,100,2021-08-12 15:03:00,NATI
41.71,41.71,41.7,41.7,436,2021-08-12 15:07:00,NATI
41.7,41.7,41.7,41.7,200,2021-08-12 15:09:00,NATI
41.68,41.68,41.68,41.68,100,2021-08-12 15:11:00,NATI
41.69,41.69,41.69,41.69,100,2021-08-12 15:12:00,NATI
41.66,41.66,41.66,41.66,300,2021-08-12 15:15:00,NATI
41.69,41.69,41.69,41.69,100,2021-08-12 15:16:00,NATI
41.7,41.7,41.7,41.7,100,2021-08-12 15:18:00,NATI
41.72,41.74,41.7004,41.74,600,2021-08-12 15:22:00,NATI
41.72,41.72,41.7,41.71,700,2021-08-12 15:25:00,NATI
41.705,41.705,41.705,41.705,318,2021-08-12 15:26:00,NATI
41.73,41.74,41.73,41.74,300,2021-08-12 15:27:00,NATI
41.8,41.8,41.8,41.8,200,2021-08-12 15:29:00,NATI
41.76,41.76,41.76,41.76,200,2021-08-12 15:30:00,NATI
41.78,41.78,41.76,41.78,800,2021-08-12 15:31:00,NATI
41.8,41.8,41.8,41.8,100,2021-08-12 15:32:00,NATI
41.82,41.82,41.8,41.8,200,2021-08-12 15:34:00,NATI
41.79,41.8,41.77,41.8,900,2021-08-12 15:36:00,NATI
41.79,41.79,41.76,41.76,300,2021-08-12 15:38:00,NATI
41.8,41.8,41.765,41.77,636,2021-08-12 15:39:00,NATI
41.76,41.83,41.72,41.83,7738,2021-08-12 15:40:00,NATI
41.83,41.85,41.83,41.84,400,2021-08-12 15:41:00,NATI
41.85,41.85,41.85,41.85,100,2021-08-12 15:42:00,NATI
41.81,41.81,41.78,41.79,1600,2021-08-12 15:43:00,NATI
41.805,41.805,41.78,41.78,800,2021-08-12 15:44:00,NATI
41.8,41.8,41.78,41.78,700,2021-08-12 15:45:00,NATI
41.795,41.795,41.795,41.795,100,2021-08-12 15:46:00,NATI
41.78,41.78,41.72,41.72,1000,2021-08-12 15:47:00,NATI
41.74,41.74,41.74,41.74,100,2021-08-12 15:48:00,NATI
41.75,41.75,41.7,41.71,2900,2021-08-12 15:54:00,NATI
41.725,41.73,41.725,41.73,400,2021-08-12 15:55:00,NATI
41.73,41.75,41.73,41.73,800,2021-08-12 15:56:00,NATI
41.74,41.74,41.73,41.73,400,2021-08-12 15:57:00,NATI
41.73,41.73,41.73,41.73,200,2021-08-12 15:58:00,NATI
41.71,41.75,41.71,41.75,1200,2021-08-12 15:59:00,NATI
41.735,41.74,41.72,41.74,600,2021-08-12 16:02:00,NATI
41.7,41.7,41.7,41.7,106,2021-08-12 16:04:00,NATI
41.69,41.69,41.69,41.69,200,2021-08-12 16:06:00,NATI
41.71,41.75,41.71,41.75,1028,2021-08-12 16:09:00,NATI
41.72,41.75,41.72,41.75,700,2021-08-12 16:13:00,NATI
41.73,41.73,41.73,41.73,100,2021-08-12 16:14:00,NATI
41.7418,41.7418,41.7418,41.7418,167,2021-08-12 16:18:00,NATI
41.75,41.75,41.735,41.75,564,2021-08-12 16:19:00,NATI
41.74,41.74,41.71,41.72,1400,2021-08-12 16:20:00,NATI
41.72,41.72,41.72,41.72,200,2021-08-12 16:21:00,NATI
41.74,41.74,41.74,41.74,200,2021-08-12 16:24:00,NATI
41.73,41.73,41.73,41.73,300,2021-08-12 16:25:00,NATI
41.75,41.75,41.75,41.75,200,2021-08-12 16:26:00,NATI
41.735,41.75,41.72,41.75,1100,2021-08-12 16:28:00,NATI
41.76,41.76,41.73,41.73,300,2021-08-12 16:29:00,NATI
41.745,41.745,41.745,41.745,100,2021-08-12 16:30:00,NATI
41.76,41.76,41.74,41.74,1685,2021-08-12 16:32:00,NATI
41.72,41.72,41.72,41.72,100,2021-08-12 16:33:00,NATI
41.73,41.74,41.725,41.74,1500,2021-08-12 16:34:00,NATI
41.73,41.73,41.7198,41.73,635,2021-08-12 16:35:00,NATI
41.73,41.73,41.73,41.73,200,2021-08-12 16:36:00,NATI
41.75,41.75,41.72,41.72,517,2021-08-12 16:38:00,NATI
41.735,41.735,41.735,41.735,100,2021-08-12 16:39:00,NATI
41.75,41.75,41.72,41.75,500,2021-08-12 16:40:00,NATI
41.7443,41.7443,41.735,41.735,429,2021-08-12 16:42:00,NATI
41.7212,41.75,41.7212,41.75,920,2021-08-12 16:43:00,NATI
41.73,41.74,41.73,41.74,300,2021-08-12 16:44:00,NATI
41.73,41.73,41.7,41.71,1542,2021-08-12 16:45:00,NATI
41.73,41.74,41.72,41.735,500,2021-08-12 16:46:00,NATI
41.74,41.74,41.73,41.73,200,2021-08-12 16:49:00,NATI
41.74,41.75,41.74,41.75,346,2021-08-12 16:52:00,NATI
41.73,41.74,41.715,41.715,515,2021-08-12 16:53:00,NATI
41.72,41.72,41.72,41.72,101,2021-08-12 16:54:00,NATI
41.715,41.715,41.68,41.68,800,2021-08-12 16:55:00,NATI
41.69,41.705,41.69,41.705,435,2021-08-12 16:56:00,NATI
41.69,41.7,41.685,41.7,1200,2021-08-12 16:57:00,NATI
41.67,41.67,41.67,41.67,100,2021-08-12 16:58:00,NATI
41.67,41.685,41.66,41.685,527,2021-08-12 17:00:00,NATI
41.67,41.67,41.64,41.64,600,2021-08-12 17:02:00,NATI
41.66,41.67,41.66,41.67,400,2021-08-12 17:03:00,NATI
41.67,41.67,41.66,41.66,200,2021-08-12 17:04:00,NATI
41.65,41.67,41.63,41.67,647,2021-08-12 17:05:00,NATI
41.68,41.71,41.68,41.69,500,2021-08-12 17:06:00,NATI
41.7,41.71,41.7,41.71,300,2021-08-12 17:07:00,NATI
41.72,41.72,41.71,41.71,200,2021-08-12 17:08:00,NATI
41.7,41.715,41.7,41.715,200,2021-08-12 17:09:00,NATI
41.7,41.715,41.7,41.715,300,2021-08-12 17:11:00,NATI
41.72,41.72,41.71,41.71,200,2021-08-12 17:12:00,NATI
41.69,41.69,41.69,41.69,400,2021-08-12 17:14:00,NATI
41.71,41.71,41.71,41.71,100,2021-08-12 17:16:00,NATI
41.69,41.69,41.69,41.69,600,2021-08-12 17:17:00,NATI
41.69,41.69,41.69,41.69,100,2021-08-12 17:18:00,NATI
41.69,41.7,41.69,41.695,700,2021-08-12 17:19:00,NATI
41.69,41.7,41.68,41.69,511,2021-08-12 17:21:00,NATI
41.7,41.7,41.69,41.69,300,2021-08-12 17:22:00,NATI
41.68,41.7,41.68,41.7,200,2021-08-12 17:27:00,NATI
41.68,41.68,41.68,41.68,319,2021-08-12 17:28:00,NATI
41.6725,41.6725,41.6725,41.6725,100,2021-08-12 17:29:00,NATI
41.68,41.685,41.68,41.685,400,2021-08-12 17:30:00,NATI
41.685,41.685,41.685,41.685,100,2021-08-12 17:31:00,NATI
41.67,41.68,41.63,41.63,1200,2021-08-12 17:32:00,NATI
41.64,41.64,41.64,41.64,100,2021-08-12 17:33:00,NATI
41.65,41.65,41.65,41.65,100,2021-08-12 17:34:00,NATI
41.66,41.675,41.66,41.675,400,2021-08-12 17:37:00,NATI
41.68,41.68,41.68,41.68,300,2021-08-12 17:38:00,NATI
41.695,41.695,41.67,41.69,800,2021-08-12 17:39:00,NATI
41.66,41.66,41.65,41.65,200,2021-08-12 17:40:00,NATI
41.66,41.73,41.66,41.73,2833,2021-08-12 17:41:00,NATI
41.72,41.725,41.72,41.725,300,2021-08-12 17:42:00,NATI
41.725,41.75,41.71,41.75,1400,2021-08-12 17:43:00,NATI
41.74,41.74,41.72,41.73,700,2021-08-12 17:44:00,NATI
41.72,41.73,41.72,41.73,200,2021-08-12 17:45:00,NATI
41.71,41.71,41.68,41.705,741,2021-08-12 17:46:00,NATI
41.69,41.7,41.69,41.7,300,2021-08-12 17:47:00,NATI
41.66,41.66,41.64,41.65,600,2021-08-12 17:50:00,NATI
41.65,41.65,41.65,41.65,100,2021-08-12 17:52:00,NATI
41.66,41.66,41.655,41.655,200,2021-08-12 17:59:00,NATI
41.64,41.66,41.63,41.66,400,2021-08-12 18:00:00,NATI
41.63,41.63,41.63,41.63,100,2021-08-12 18:01:00,NATI
41.65,41.67,41.64,41.67,523,2021-08-12 18:02:00,NATI
41.65,41.65,41.65,41.65,900,2021-08-12 18:04:00,NATI
41.65,41.65,41.6,41.61,1402,2021-08-12 18:05:00,NATI
41.6,41.6,41.6,41.6,201,2021-08-12 18:06:00,NATI
41.6,41.6,41.6,41.6,10188,2021-08-12 18:07:00,NATI
41.6,41.61,41.57,41.57,1819,2021-08-12 18:08:00,NATI
41.555,41.555,41.555,41.555,100,2021-08-12 18:09:00,NATI
41.5665,41.5665,41.5665,41.5665,125,2021-08-12 18:10:00,NATI
41.55,41.55,41.55,41.55,300,2021-08-12 18:11:00,NATI
41.56,41.5607,41.56,41.5607,425,2021-08-12 18:12:00,NATI
41.55,41.55,41.55,41.55,121,2021-08-12 18:14:00,NATI
41.56,41.56,41.56,41.56,122,2021-08-12 18:16:00,NATI
41.555,41.555,41.53,41.53,34300,2021-08-12 18:18:00,NATI
41.56,41.6128,41.56,41.6,2325,2021-08-12 18:19:00,NATI
41.6,41.6,41.6,41.6,1146,2021-08-12 18:20:00,NATI
41.605,41.605,41.6,41.6,345,2021-08-12 18:21:00,NATI
41.61,41.62,41.59,41.59,1400,2021-08-12 18:22:00,NATI
41.57,41.57,41.56,41.56,400,2021-08-12 18:25:00,NATI
41.58,41.58,41.58,41.58,200,2021-08-12 18:29:00,NATI
41.58,41.58,41.565,41.565,900,2021-08-12 18:30:00,NATI
41.57,41.57,41.57,41.57,200,2021-08-12 18:31:00,NATI
41.5607,41.575,41.5607,41.575,542,2021-08-12 18:32:00,NATI
41.59,41.59,41.59,41.59,200,2021-08-12 18:33:00,NATI
41.58,41.58,41.58,41.58,200,2021-08-12 18:34:00,NATI
41.58,41.59,41.58,41.58,300,2021-08-12 18:35:00,NATI
41.59,41.59,41.58,41.58,500,2021-08-12 18:37:00,NATI
41.59,41.59,41.59,41.59,100,2021-08-12 18:38:00,NATI
41.585,41.6,41.585,41.6,342,2021-08-12 18:39:00,NATI
41.6,41.61,41.6,41.6,817,2021-08-12 18:40:00,NATI
41.6,41.6,41.59,41.59,400,2021-08-12 18:41:00,NATI
41.605,41.61,41.59,41.6,3100,2021-08-12 18:42:00,NATI
41.5936,41.5936,41.5936,41.5936,119,2021-08-12 18:45:00,NATI
41.6,41.6,41.6,41.6,100,2021-08-12 18:46:00,NATI
41.6,41.6,41.6,41.6,133,2021-08-12 18:47:00,NATI
41.6,41.6,41.58,41.58,1228,2021-08-12 18:48:00,NATI
41.58,41.58,41.58,41.58,100,2021-08-12 18:49:00,NATI
41.57,41.57,41.57,41.57,300,2021-08-12 18:50:00,NATI
41.57,41.57,41.57,41.57,100,2021-08-12 18:51:00,NATI
41.59,41.6,41.59,41.6,1100,2021-08-12 18:52:00,NATI
41.6,41.6,41.6,41.6,300,2021-08-12 18:53:00,NATI
41.6,41.6,41.6,41.6,300,2021-08-12 18:55:00,NATI
41.6,41.6,41.6,41.6,300,2021-08-12 18:56:00,NATI
41.595,41.6078,41.59,41.6078,1465,2021-08-12 18:57:00,NATI
41.6,41.6,41.6,41.6,553,2021-08-12 18:58:00,NATI
41.59,41.5995,41.58,41.5995,1024,2021-08-12 19:00:00,NATI
41.6,41.605,41.6,41.6,700,2021-08-12 19:01:00,NATI
41.59,41.59,41.59,41.59,200,2021-08-12 19:03:00,NATI
41.58,41.605,41.58,41.6,1825,2021-08-12 19:04:00,NATI
41.6,41.6,41.6,41.6,400,2021-08-12 19:05:00,NATI
41.605,41.605,41.6,41.6,900,2021-08-12 19:06:00,NATI
41.61,41.61,41.59,41.59,1295,2021-08-12 19:07:00,NATI
41.5909,41.5909,41.58,41.58,2186,2021-08-12 19:08:00,NATI
41.58,41.58,41.58,41.58,100,2021-08-12 19:10:00,NATI
41.59,41.64,41.59,41.64,1400,2021-08-12 19:11:00,NATI
41.6468,41.65,41.64,41.65,1371,2021-08-12 19:12:00,NATI
41.65,41.65,41.65,41.65,100,2021-08-12 19:13:00,NATI
41.65,41.66,41.65,41.65,883,2021-08-12 19:14:00,NATI
41.65,41.65,41.62,41.63,2117,2021-08-12 19:15:00,NATI
41.62,41.62,41.6,41.6,400,2021-08-12 19:16:00,NATI
41.581,41.6099,41.581,41.6099,1358,2021-08-12 19:17:00,NATI
41.59,41.59,41.59,41.59,100,2021-08-12 19:19:00,NATI
41.6,41.62,41.59,41.59,1716,2021-08-12 19:20:00,NATI
41.59,41.59,41.59,41.59,100,2021-08-12 19:21:00,NATI
41.5968,41.6,41.59,41.6,650,2021-08-12 19:22:00,NATI
41.58,41.58,41.57,41.58,1097,2021-08-12 19:23:00,NATI
41.59,41.6,41.59,41.6,300,2021-08-12 19:24:00,NATI
41.6,41.62,41.6,41.62,616,2021-08-12 19:26:00,NATI
41.61,41.659,41.61,41.659,427,2021-08-12 19:27:00,NATI
41.645,41.645,41.645,41.645,100,2021-08-12 19:28:00,NATI
41.63,41.63,41.6,41.6,2616,2021-08-12 19:29:00,NATI
41.58,41.58,41.58,41.58,768,2021-08-12 19:30:00,NATI
41.575,41.575,41.575,41.575,100,2021-08-12 19:31:00,NATI
41.56,41.57,41.56,41.57,700,2021-08-12 19:32:00,NATI
41.58,41.58,41.58,41.58,190,2021-08-12 19:33:00,NATI
41.59,41.59,41.58,41.58,300,2021-08-12 19:35:00,NATI
41.57,41.59,41.565,41.59,1339,2021-08-12 19:38:00,NATI
41.59,41.6,41.59,41.6,300,2021-08-12 19:39:00,NATI
41.6,41.63,41.6,41.63,400,2021-08-12 19:40:00,NATI
41.61,41.61,41.61,41.61,200,2021-08-12 19:41:00,NATI
41.6,41.6,41.6,41.6,300,2021-08-12 19:42:00,NATI
41.6,41.6,41.59,41.595,1768,2021-08-12 19:43:00,NATI
41.6,41.61,41.6,41.605,1248,2021-08-12 19:45:00,NATI
41.61,41.62,41.61,41.62,200,2021-08-12 19:46:00,NATI
41.61,41.63,41.61,41.63,700,2021-08-12 19:48:00,NATI
41.625,41.625,41.625,41.625,100,2021-08-12 19:49:00,NATI
41.62,41.63,41.61,41.615,1930,2021-08-12 19:50:00,NATI
41.625,41.635,41.62,41.635,1100,2021-08-12 19:51:00,NATI
41.635,41.635,41.63,41.63,300,2021-08-12 19:52:00,NATI
41.64,41.67,41.64,41.67,1626,2021-08-12 19:53:00,NATI
41.69,41.7,41.67,41.69,2405,2021-08-12 19:54:00,NATI
41.72,41.73,41.68,41.68,2614,2021-08-12 19:55:00,NATI
41.69,41.69,41.665,41.68,2684,2021-08-12 19:56:00,NATI
41.68,41.68,41.67,41.68,1418,2021-08-12 19:57:00,NATI
41.67,41.675,41.65,41.65,2801,2021-08-12 19:58:00,NATI
41.66,41.7,41.65,41.68,3130,2021-08-12 19:59:00,NATI
41.7,41.7,41.7,41.7,46708,2021-08-12 20:00:00,NATI
41.7,41.7,41.7,41.7,472,2021-08-12 20:01:00,NATI
41.84,41.87,41.64,41.64,3336,2021-08-13 13:30:00,NATI
41.69,41.86,41.65,41.86,2700,2021-08-13 13:31:00,NATI
41.84,41.86,41.82,41.82,2400,2021-08-13 13:32:00,NATI
41.83,41.83,41.78,41.78,2194,2021-08-13 13:33:00,NATI
41.76,41.8,41.67,41.8,1296,2021-08-13 13:34:00,NATI
41.785,41.785,41.785,41.785,100,2021-08-13 13:35:00,NATI
41.75,41.75,41.75,41.75,100,2021-08-13 13:36:00,NATI
41.735,41.799,41.73,41.799,501,2021-08-13 13:37:00,NATI
41.74,41.74,41.74,41.74,100,2021-08-13 13:38:00,NATI
41.79,41.79,41.7,41.77,1114,2021-08-13 13:39:00,NATI
41.755,41.755,41.755,41.755,100,2021-08-13 13:40:00,NATI
41.7,41.7,41.7,41.7,100,2021-08-13 13:46:00,NATI
41.71,41.73,41.685,41.685,996,2021-08-13 13:47:00,NATI
41.5,41.5,41.5,41.5,100,2021-08-13 13:51:00,NATI
41.56,41.56,41.56,41.56,100,2021-08-13 13:55:00,NATI
41.58,41.58,41.51,41.51,200,2021-08-13 13:57:00,NATI
41.5,41.5,41.5,41.5,100,2021-08-13 13:58:00,NATI
41.48,41.52,41.48,41.52,1024,2021-08-13 14:00:00,NATI
41.475,41.475,41.475,41.475,100,2021-08-13 14:01:00,NATI
41.51,41.51,41.51,41.51,200,2021-08-13 14:03:00,NATI
41.465,41.465,41.465,41.465,100,2021-08-13 14:04:00,NATI
41.5,41.54,41.5,41.54,300,2021-08-13 14:06:00,NATI
41.555,41.63,41.53,41.63,600,2021-08-13 14:10:00,NATI
41.58,41.58,41.58,41.58,100,2021-08-13 14:13:00,NATI
41.58,41.58,41.58,41.58,100,2021-08-13 14:15:00,NATI
41.61,41.61,41.61,41.61,100,2021-08-13 14:16:00,NATI
41.685,41.7,41.685,41.7,200,2021-08-13 14:17:00,NATI
41.64,41.66,41.64,41.66,200,2021-08-13 14:20:00,NATI
41.63,41.68,41.63,41.66,300,2021-08-13 14:21:00,NATI
41.69,41.705,41.67,41.67,700,2021-08-13 14:23:00,NATI
41.66,41.66,41.65,41.65,200,2021-08-13 14:24:00,NATI
41.64,41.64,41.635,41.635,200,2021-08-13 14:26:00,NATI
41.67,41.67,41.67,41.67,200,2021-08-13 14:28:00,NATI
41.66,41.66,41.66,41.66,100,2021-08-13 14:29:00,NATI
41.67,41.67,41.64,41.67,1050,2021-08-13 14:30:00,NATI
41.65,41.65,41.63,41.63,200,2021-08-13 14:33:00,NATI
41.64,41.64,41.64,41.64,100,2021-08-13 14:35:00,NATI
41.65,41.65,41.65,41.65,100,2021-08-13 14:38:00,NATI
41.65,41.65,41.65,41.65,100,2021-08-13 14:41:00,NATI
41.625,41.625,41.625,41.625,100,2021-08-13 14:42:00,NATI
41.61,41.65,41.61,41.64,400,2021-08-13 14:43:00,NATI
41.61,41.63,41.61,41.63,406,2021-08-13 14:44:00,NATI
41.63,41.64,41.63,41.64,214,2021-08-13 14:45:00,NATI
41.65,41.66,41.65,41.655,692,2021-08-13 14:46:00,NATI
41.69,41.69,41.69,41.69,100,2021-08-13 14:48:00,NATI
41.7,41.7,41.69,41.69,200,2021-08-13 14:49:00,NATI
41.7091,41.7091,41.7,41.7,421,2021-08-13 14:50:00,NATI
41.67,41.68,41.67,41.68,300,2021-08-13 14:52:00,NATI
41.66,41.67,41.66,41.67,200,2021-08-13 14:54:00,NATI
41.66,41.68,41.66,41.67,400,2021-08-13 14:56:00,NATI
41.68,41.68,41.67,41.68,700,2021-08-13 14:57:00,NATI
41.7,41.7,41.7,41.7,300,2021-08-13 14:59:00,NATI
41.7,41.71,41.7,41.7,1613,2021-08-13 15:01:00,NATI
41.68,41.68,41.68,41.68,190,2021-08-13 15:03:00,NATI
41.633,41.658,41.63,41.63,760,2021-08-13 15:05:00,NATI
41.66,41.66,41.66,41.66,100,2021-08-13 15:07:00,NATI
41.62,41.62,41.62,41.62,200,2021-08-13 15:09:00,NATI
41.6325,41.6325,41.62,41.62,300,2021-08-13 15:10:00,NATI
41.61,41.64,41.61,41.64,300,2021-08-13 15:11:00,NATI
41.621,41.65,41.621,41.65,252,2021-08-13 15:14:00,NATI
41.63,41.63,41.62,41.63,500,2021-08-13 15:15:00,NATI
41.66,41.66,41.66,41.66,100,2021-08-13 15:16:00,NATI
41.645,41.645,41.645,41.645,100,2021-08-13 15:17:00,NATI
41.66,41.66,41.66,41.66,200,2021-08-13 15:21:00,NATI
41.66,41.66,41.66,41.66,100,2021-08-13 15:22:00,NATI
41.67,41.68,41.67,41.68,200,2021-08-13 15:23:00,NATI
41.68,41.68,41.68,41.68,200,2021-08-13 15:24:00,NATI
41.6878,41.7,41.6878,41.7,2099,2021-08-13 15:25:00,NATI
41.68,41.68,41.66,41.66,1201,2021-08-13 15:26:00,NATI
41.69,41.69,41.69,41.69,100,2021-08-13 15:28:00,NATI
41.7,41.71,41.7,41.705,1746,2021-08-13 15:30:00,NATI
41.68,41.68,41.68,41.68,200,2021-08-13 15:31:00,NATI
41.69,41.69,41.69,41.69,100,2021-08-13 15:32:00,NATI
41.7,41.705,41.7,41.705,368,2021-08-13 15:33:00,NATI
41.7,41.7,41.7,41.7,100,2021-08-13 15:34:00,NATI
41.68,41.68,41.68,41.68,600,2021-08-13 15:37:00,NATI
41.665,41.665,41.665,41.665,125,2021-08-13 15:40:00,NATI
41.68,41.68,41.68,41.68,100,2021-08-13 15:42:00,NATI
41.69,41.7,41.69,41.7,700,2021-08-13 15:45:00,NATI
41.69,41.69,41.67,41.67,200,2021-08-13 15:46:00,NATI
41.6692,41.67,41.6692,41.67,200,2021-08-13 15:50:00,NATI
41.63,41.63,41.63,41.63,100,2021-08-13 15:51:00,NATI
41.67,41.67,41.655,41.655,600,2021-08-13 15:52:00,NATI
41.65,41.65,41.65,41.65,116,2021-08-13 15:53:00,NATI
41.67,41.67,41.67,41.67,100,2021-08-13 15:56:00,NATI
41.66,41.66,41.64,41.65,700,2021-08-13 15:57:00,NATI
41.66,41.67,41.66,41.67,560,2021-08-13 15:59:00,NATI
41.67,41.67,41.67,41.67,100,2021-08-13 16:00:00,NATI
41.68,41.68,41.68,41.68,100,2021-08-13 16:02:00,NATI
41.68,41.7,41.68,41.7,512,2021-08-13 16:03:00,NATI
41.715,41.715,41.69,41.69,400,2021-08-13 16:05:00,NATI
41.7,41.7,41.7,41.7,100,2021-08-13 16:07:00,NATI
41.7,41.7,41.7,41.7,100,2021-08-13 16:08:00,NATI
41.69,41.69,41.69,41.69,300,2021-08-13 16:09:00,NATI
41.64,41.64,41.64,41.64,100,2021-08-13 16:11:00,NATI
41.67,41.67,41.67,41.67,100,2021-08-13 16:12:00,NATI
41.65,41.65,41.65,41.65,100,2021-08-13 16:13:00,NATI
41.65,41.65,41.65,41.65,100,2021-08-13 16:17:00,NATI
41.65,41.66,41.64,41.64,300,2021-08-13 16:18:00,NATI
41.62,41.62,41.62,41.62,100,2021-08-13 16:20:00,NATI
41.61,41.61,41.61,41.61,100,2021-08-13 16:22:00,NATI
41.61,41.61,41.61,41.61,400,2021-08-13 16:23:00,NATI
41.59,41.6,41.59,41.6,300,2021-08-13 16:25:00,NATI
41.59,41.59,41.59,41.59,100,2021-08-13 16:27:00,NATI
41.58,41.58,41.58,41.58,100,2021-08-13 16:28:00,NATI
41.59,41.59,41.59,41.59,100,2021-08-13 16:29:00,NATI
41.6,41.605,41.59,41.605,600,2021-08-13 16:30:00,NATI
41.61,41.61,41.61,41.61,100,2021-08-13 16:32:00,NATI
41.59,41.59,41.59,41.59,100,2021-08-13 16:35:00,NATI
41.58,41.58,41.58,41.58,100,2021-08-13 16:36:00,NATI
41.59,41.59,41.59,41.59,400,2021-08-13 16:38:00,NATI
41.62,41.62,41.62,41.62,100,2021-08-13 16:40:00,NATI
41.61,41.63,41.61,41.63,700,2021-08-13 16:42:00,NATI
41.62,41.62,41.62,41.62,200,2021-08-13 16:44:00,NATI
41.63,41.63,41.63,41.63,100,2021-08-13 16:45:00,NATI
41.61,41.61,41.61,41.61,100,2021-08-13 16:47:00,NATI
41.62,41.62,41.62,41.62,100,2021-08-13 16:48:00,NATI
41.62,41.62,41.62,41.62,100,2021-08-13 16:49:00,NATI
41.63,41.64,41.62,41.64,600,2021-08-13 16:51:00,NATI
41.66,41.66,41.66,41.66,200,2021-08-13 16:52:00,NATI
41.66,41.66,41.66,41.66,100,2021-08-13 16:54:00,NATI
41.7,41.7,41.7,41.7,100,2021-08-13 16:56:00,NATI
41.7,41.7,41.7,41.7,200,2021-08-13 16:57:00,NATI
41.7099,41.71,41.7,41.705,900,2021-08-13 16:59:00,NATI
41.705,41.705,41.705,41.705,100,2021-08-13 17:00:00,NATI
41.7,41.7,41.6464,41.6904,1608,2021-08-13 17:01:00,NATI
41.68,41.68,41.68,41.68,100,2021-08-13 17:03:00,NATI
41.67,41.67,41.67,41.67,100,2021-08-13 17:06:00,NATI
41.65,41.65,41.65,41.65,100,2021-08-13 17:07:00,NATI
41.66,41.67,41.66,41.67,434,2021-08-13 17:08:00,NATI
41.6675,41.6675,41.65,41.65,200,2021-08-13 17:12:00,NATI
41.665,41.665,41.665,41.665,100,2021-08-13 17:16:00,NATI
41.68,41.68,41.66,41.66,300,2021-08-13 17:17:00,NATI
41.66,41.6661,41.655,41.6661,962,2021-08-13 17:19:00,NATI
41.66,41.66,41.66,41.66,100,2021-08-13 17:20:00,NATI
41.68,41.7,41.68,41.7,300,2021-08-13 17:22:00,NATI
41.69,41.69,41.68,41.68,301,2021-08-13 17:26:00,NATI
41.69,41.69,41.69,41.69,100,2021-08-13 17:27:00,NATI
41.695,41.695,41.695,41.695,100,2021-08-13 17:28:00,NATI
41.7,41.7,41.7,41.7,239,2021-08-13 17:29:00,NATI
41.7,41.705,41.68,41.68,900,2021-08-13 17:30:00,NATI
41.69,41.69,41.69,41.69,100,2021-08-13 17:35:00,NATI
41.67,41.67,41.67,41.67,100,2021-08-13 17:36:00,NATI
41.67,41.67,41.67,41.67,100,2021-08-13 17:39:00,NATI
41.6692,41.68,41.6692,41.68,236,2021-08-13 17:40:00,NATI
41.69,41.7,41.69,41.7,500,2021-08-13 17:41:00,NATI
41.7,41.72,41.7,41.72,1000,2021-08-13 17:42:00,NATI
41.7,41.7045,41.7,41.7,400,2021-08-13 17:44:00,NATI
41.71,41.72,41.7,41.72,1110,2021-08-13 17:45:00,NATI
41.715,41.715,41.715,41.715,100,2021-08-13 17:46:00,NATI
41.715,41.715,41.715,41.715,100,2021-08-13 17:47:00,NATI
41.725,41.725,41.725,41.725,100,2021-08-13 17:48:00,NATI
41.72,41.72,41.71,41.72,400,2021-08-13 17:50:00,NATI
41.71,41.713,41.65,41.65,2636,2021-08-13 17:51:00,NATI
41.675,41.675,41.675,41.675,100,2021-08-13 17:55:00,NATI
41.69,41.69,41.69,41.69,100,2021-08-13 17:56:00,NATI
41.69,41.7,41.69,41.7,999,2021-08-13 17:57:00,NATI
41.7,41.7,41.7,41.7,200,2021-08-13 17:58:00,NATI
41.7,41.7,41.7,41.7,100,2021-08-13 18:00:00,NATI
41.7,41.7,41.7,41.7,100,2021-08-13 18:01:00,NATI
41.7,41.7,41.7,41.7,100,2021-08-13 18:02:00,NATI
41.7,41.7,41.7,41.7,300,2021-08-13 18:03:00,NATI
41.71,41.71,41.71,41.71,100,2021-08-13 18:04:00,NATI
41.7,41.7,41.7,41.7,400,2021-08-13 18:05:00,NATI
41.7,41.7,41.7,41.7,100,2021-08-13 18:06:00,NATI
41.7,41.7,41.69,41.69,800,2021-08-13 18:07:00,NATI
41.68,41.68,41.67,41.68,400,2021-08-13 18:08:00,NATI
41.675,41.685,41.675,41.685,200,2021-08-13 18:09:00,NATI
41.69,41.69,41.69,41.69,100,2021-08-13 18:12:00,NATI
41.68,41.68,41.68,41.68,200,2021-08-13 18:16:00,NATI
41.68,41.69,41.68,41.69,300,2021-08-13 18:19:00,NATI
41.7,41.71,41.7,41.7,8126,2021-08-13 18:20:00,NATI
41.69,41.69,41.68,41.68,1100,2021-08-13 18:21:00,NATI
41.68,41.7,41.68,41.7,1203,2021-08-13 18:22:00,NATI
41.71,41.73,41.71,41.73,1000,2021-08-13 18:24:00,NATI
41.75,41.75,41.75,41.75,100,2021-08-13 18:26:00,NATI
41.75,41.78,41.75,41.765,406,2021-08-13 18:27:00,NATI
41.77,41.77,41.77,41.77,156,2021-08-13 18:28:00,NATI
41.8,41.8,41.8,41.8,100,2021-08-13 18:29:00,NATI
41.785,41.785,41.785,41.785,100,2021-08-13 18:31:00,NATI
41.79,41.79,41.79,41.79,100,2021-08-13 18:33:00,NATI
41.8,41.8,41.8,41.8,100,2021-08-13 18:35:00,NATI
41.8,41.8,41.8,41.8,100,2021-08-13 18:37:00,NATI
41.8,41.8,41.8,41.8,292,2021-08-13 18:39:00,NATI
41.81,41.81,41.775,41.79,1688,2021-08-13 18:41:00,NATI
41.7769,41.7769,41.7769,41.7769,381,2021-08-13 18:42:00,NATI
41.78,41.78,41.78,41.78,108,2021-08-13 18:44:00,NATI
41.81,41.82,41.81,41.82,400,2021-08-13 18:45:00,NATI
41.81,41.825,41.81,41.825,500,2021-08-13 18:47:00,NATI
41.87,41.87,41.87,41.87,100,2021-08-13 18:49:00,NATI
41.84,41.84,41.84,41.84,100,2021-08-13 18:51:00,NATI
41.87,41.87,41.87,41.87,100,2021-08-13 18:52:00,NATI
41.87,41.87,41.87,41.87,500,2021-08-13 18:53:00,NATI
41.87,41.87,41.87,41.87,100,2021-08-13 18:54:00,NATI
41.86,41.86,41.86,41.86,100,2021-08-13 18:55:00,NATI
41.86,41.86,41.85,41.86,700,2021-08-13 18:56:00,NATI
41.85,41.85,41.84,41.84,400,2021-08-13 18:57:00,NATI
41.83,41.83,41.83,41.83,100,2021-08-13 18:58:00,NATI
41.87,41.87,41.87,41.87,100,2021-08-13 18:59:00,NATI
41.86,41.86,41.8401,41.86,400,2021-08-13 19:01:00,NATI
41.86,41.86,41.84,41.84,1300,2021-08-13 19:02:00,NATI
41.83,41.83,41.83,41.83,300,2021-08-13 19:03:00,NATI
41.84,41.84,41.84,41.84,100,2021-08-13 19:06:00,NATI
41.82,41.82,41.82,41.82,100,2021-08-13 19:07:00,NATI
41.82,41.82,41.805,41.805,200,2021-08-13 19:09:00,NATI
41.7917,41.7917,41.7917,41.7917,259,2021-08-13 19:10:00,NATI
41.84,41.84,41.83,41.83,300,2021-08-13 19:11:00,NATI
41.85,41.85,41.85,41.85,100,2021-08-13 19:14:00,NATI
41.86,41.87,41.85,41.85,1200,2021-08-13 19:15:00,NATI
41.84,41.85,41.84,41.85,400,2021-08-13 19:16:00,NATI
41.85,41.85,41.85,41.85,100,2021-08-13 19:17:00,NATI
41.83,41.83,41.83,41.83,200,2021-08-13 19:18:00,NATI
41.83,41.83,41.83,41.83,100,2021-08-13 19:19:00,NATI
41.825,41.825,41.825,41.825,250,2021-08-13 19:20:00,NATI
41.84,41.84,41.84,41.84,100,2021-08-13 19:22:00,NATI
41.83,41.83,41.83,41.83,100,2021-08-13 19:23:00,NATI
41.82,41.82,41.82,41.82,100,2021-08-13 19:24:00,NATI
41.835,41.835,41.835,41.835,100,2021-08-13 19:25:00,NATI
41.85,41.86,41.845,41.86,540,2021-08-13 19:28:00,NATI
41.88,41.88,41.88,41.88,100,2021-08-13 19:29:00,NATI
41.86,41.89,41.82,41.82,12438,2021-08-13 19:30:00,NATI
41.82,41.835,41.82,41.835,200,2021-08-13 19:31:00,NATI
41.82,41.82,41.805,41.805,686,2021-08-13 19:32:00,NATI
41.78,41.78,41.78,41.78,700,2021-08-13 19:34:00,NATI
41.8,41.8,41.8,41.8,1600,2021-08-13 19:35:00,NATI
41.81,41.81,41.8,41.8,600,2021-08-13 19:36:00,NATI
41.8,41.8,41.8,41.8,100,2021-08-13 19:37:00,NATI
41.81,41.83,41.8,41.83,1600,2021-08-13 19:38:00,NATI
41.83,41.83,41.82,41.83,700,2021-08-13 19:39:00,NATI
41.83,41.83,41.82,41.83,686,2021-08-13 19:40:00,NATI
41.83,41.83,41.83,41.83,100,2021-08-13 19:41:00,NATI
41.83,41.83,41.825,41.825,400,2021-08-13 19:42:00,NATI
41.825,41.83,41.81,41.83,2400,2021-08-13 19:43:00,NATI
41.829,41.829,41.81,41.81,400,2021-08-13 19:44:00,NATI
41.805,41.81,41.79,41.81,1498,2021-08-13 19:45:00,NATI
41.805,41.81,41.79,41.79,900,2021-08-13 19:46:00,NATI
41.8,41.8,41.79,41.79,300,2021-08-13 19:47:00,NATI
41.78,41.78,41.77,41.77,500,2021-08-13 19:48:00,NATI
41.7676,41.78,41.7676,41.78,530,2021-08-13 19:49:00,NATI
41.79,41.81,41.79,41.81,1600,2021-08-13 19:51:00,NATI
41.81,41.82,41.8,41.82,3914,2021-08-13 19:52:00,NATI
41.84,41.85,41.83,41.83,700,2021-08-13 19:53:00,NATI
41.845,41.87,41.82,41.84,6413,2021-08-13 19:54:00,NATI
41.84,41.84,41.81,41.83,2200,2021-08-13 19:55:00,NATI
41.845,41.85,41.83,41.85,2200,2021-08-13 19:56:00,NATI
41.86,41.86,41.83,41.83,3693,2021-08-13 19:57:00,NATI
41.84,41.85,41.83,41.84,2428,2021-08-13 19:58:00,NATI
41.84,41.89,41.84,41.88,5721,2021-08-13 19:59:00,NATI
41.86,41.86,41.86,41.86,50037,2021-08-13 20:00:00,NATI
41.8,41.8,41.67,41.67,3343,2021-08-16 13:30:00,NATI
41.66,41.66,41.66,41.66,200,2021-08-16 13:31:00,NATI
41.67,41.67,41.54,41.54,400,2021-08-16 13:36:00,NATI
41.67,41.67,41.67,41.67,100,2021-08-16 13:37:00,NATI
41.7,41.74,41.66,41.68,3600,2021-08-16 13:43:00,NATI
41.6,41.62,41.58,41.58,2183,2021-08-16 13:44:00,NATI
41.64,41.64,41.6,41.6,300,2021-08-16 13:45:00,NATI
41.62,41.62,41.62,41.62,400,2021-08-16 13:46:00,NATI
41.71,41.71,41.71,41.71,100,2021-08-16 13:49:00,NATI
41.67,41.73,41.67,41.685,1400,2021-08-16 13:52:00,NATI
41.67,41.67,41.67,41.67,345,2021-08-16 13:54:00,NATI
41.7,41.75,41.64,41.75,1300,2021-08-16 13:55:00,NATI
41.69,41.8,41.69,41.76,2021,2021-08-16 13:56:00,NATI
41.8,41.8,41.79,41.79,1020,2021-08-16 13:57:00,NATI
41.79,41.8,41.78,41.8,900,2021-08-16 13:58:00,NATI
41.75,41.87,41.75,41.86,924,2021-08-16 13:59:00,NATI
41.79,41.79,41.79,41.79,100,2021-08-16 14:01:00,NATI
41.78,41.78,41.78,41.78,200,2021-08-16 14:02:00,NATI
41.85,41.85,41.85,41.85,227,2021-08-16 14:04:00,NATI
41.8,41.8,41.8,41.8,100,2021-08-16 14:07:00,NATI
41.79,41.8,41.76,41.76,500,2021-08-16 14:09:00,NATI
41.765,41.8,41.765,41.8,300,2021-08-16 14:10:00,NATI
41.7715,41.7715,41.7715,41.7715,115,2021-08-16 14:11:00,NATI
41.81,41.81,41.81,41.81,100,2021-08-16 14:12:00,NATI
41.78,41.85,41.78,41.85,800,2021-08-16 14:14:00,NATI
41.8,41.8,41.79,41.79,300,2021-08-16 14:17:00,NATI
41.76,41.76,41.74,41.74,705,2021-08-16 14:18:00,NATI
41.73,41.73,41.73,41.73,100,2021-08-16 14:20:00,NATI
41.71,41.71,41.71,41.71,800,2021-08-16 14:23:00,NATI
41.69,41.69,41.69,41.69,100,2021-08-16 14:25:00,NATI
41.75,41.75,41.75,41.75,200,2021-08-16 14:29:00,NATI
41.73,41.75,41.7,41.7,600,2021-08-16 14:30:00,NATI
41.76,41.77,41.76,41.77,510,2021-08-16 14:31:00,NATI
41.8,41.8,41.8,41.8,100,2021-08-16 14:34:00,NATI
41.81,41.81,41.81,41.81,300,2021-08-16 14:35:00,NATI
41.86,41.86,41.86,41.86,100,2021-08-16 14:39:00,NATI
41.87,41.87,41.87,41.87,100,2021-08-16 14:40:00,NATI
41.87,41.87,41.87,41.87,100,2021-08-16 14:42:00,NATI
41.89,41.89,41.89,41.89,100,2021-08-16 14:45:00,NATI
41.84,41.84,41.84,41.84,241,2021-08-16 14:46:00,NATI
41.83,41.83,41.83,41.83,500,2021-08-16 14:48:00,NATI
41.84,41.84,41.84,41.84,100,2021-08-16 14:49:00,NATI
41.87,41.87,41.87,41.87,100,2021-08-16 14:50:00,NATI
41.845,41.845,41.845,41.845,130,2021-08-16 14:51:00,NATI
41.8369,41.87,41.8369,41.87,895,2021-08-16 14:52:00,NATI
41.86,41.86,41.86,41.86,100,2021-08-16 14:53:00,NATI
41.82,41.82,41.82,41.82,322,2021-08-16 14:54:00,NATI
41.82,41.82,41.82,41.82,400,2021-08-16 14:55:00,NATI
41.77,41.775,41.77,41.775,300,2021-08-16 14:57:00,NATI
41.78,41.78,41.78,41.78,100,2021-08-16 14:59:00,NATI
41.8,41.85,41.79,41.85,600,2021-08-16 15:00:00,NATI
41.82,41.82,41.82,41.82,100,2021-08-16 15:01:00,NATI
41.79,41.79,41.79,41.79,400,2021-08-16 15:03:00,NATI
41.76,41.78,41.76,41.78,500,2021-08-16 15:04:00,NATI
41.77,41.77,41.77,41.77,100,2021-08-16 15:06:00,NATI
41.77,41.77,41.77,41.77,256,2021-08-16 15:09:00,NATI
41.76,41.76,41.76,41.76,100,2021-08-16 15:11:00,NATI
41.76,41.76,41.76,41.76,300,2021-08-16 15:15:00,NATI
41.73,41.735,41.73,41.735,400,2021-08-16 15:25:00,NATI
41.75,41.75,41.75,41.75,100,2021-08-16 15:26:00,NATI
41.73,41.75,41.73,41.75,200,2021-08-16 15:27:00,NATI
41.76,41.76,41.76,41.76,300,2021-08-16 15:30:00,NATI
41.77,41.77,41.77,41.77,200,2021-08-16 15:32:00,NATI
41.79,41.8,41.79,41.8,200,2021-08-16 15:34:00,NATI
41.83,41.83,41.83,41.83,100,2021-08-16 15:35:00,NATI
41.79,41.79,41.79,41.79,400,2021-08-16 15:38:00,NATI
41.77,41.77,41.77,41.77,500,2021-08-16 15:44:00,NATI
41.78,41.78,41.78,41.78,300,2021-08-16 15:46:00,NATI
41.79,41.79,41.79,41.79,100,2021-08-16 15:47:00,NATI
41.795,41.795,41.795,41.795,100,2021-08-16 15:48:00,NATI
41.78,41.79,41.78,41.79,800,2021-08-16 15:50:00,NATI
41.78,41.78,41.75,41.75,1100,2021-08-16 15:52:00,NATI
41.75,41.75,41.75,41.75,100,2021-08-16 15:53:00,NATI
41.75,41.75,41.75,41.75,400,2021-08-16 15:54:00,NATI
41.735,41.735,41.735,41.735,593,2021-08-16 15:56:00,NATI
41.76,41.76,41.76,41.76,100,2021-08-16 15:58:00,NATI
41.73,41.73,41.73,41.73,100,2021-08-16 16:03:00,NATI
41.68,41.69,41.68,41.68,300,2021-08-16 16:08:00,NATI
41.655,41.655,41.655,41.655,100,2021-08-16 16:15:00,NATI
41.69,41.72,41.69,41.71,900,2021-08-16 16:16:00,NATI
41.72,41.72,41.7,41.7,200,2021-08-16 16:17:00,NATI
41.69,41.69,41.69,41.69,249,2021-08-16 16:18:00,NATI
41.67,41.68,41.67,41.68,400,2021-08-16 16:19:00,NATI
41.69,41.7,41.69,41.7,400,2021-08-16 16:20:00,NATI
41.695,41.71,41.695,41.7,469,2021-08-16 16:21:00,NATI
41.75,41.75,41.75,41.75,100,2021-08-16 16:22:00,NATI
41.71,41.71,41.71,41.71,100,2021-08-16 16:24:00,NATI
41.71,41.71,41.71,41.71,100,2021-08-16 16:26:00,NATI
41.685,41.7,41.685,41.7,500,2021-08-16 16:29:00,NATI
41.69,41.705,41.6701,41.705,5125,2021-08-16 16:31:00,NATI
41.68,41.685,41.67,41.68,400,2021-08-16 16:33:00,NATI
41.685,41.685,41.685,41.685,1200,2021-08-16 16:35:00,NATI
41.665,41.665,41.665,41.665,100,2021-08-16 16:42:00,NATI
41.71,41.71,41.71,41.71,1600,2021-08-16 16:43:00,NATI
41.7,41.7,41.7,41.7,100,2021-08-16 16:44:00,NATI
41.72,41.72,41.72,41.72,100,2021-08-16 16:48:00,NATI
41.72,41.72,41.72,41.72,466,2021-08-16 16:49:00,NATI
41.72,41.74,41.7098,41.7098,420,2021-08-16 16:50:00,NATI
41.72,41.72,41.695,41.71,8093,2021-08-16 16:51:00,NATI
41.73,41.74,41.73,41.74,600,2021-08-16 16:52:00,NATI
41.715,41.715,41.715,41.715,100,2021-08-16 16:53:00,NATI
41.71,41.71,41.71,41.71,100,2021-08-16 16:54:00,NATI
41.69,41.69,41.69,41.69,100,2021-08-16 17:01:00,NATI
41.67,41.69,41.67,41.68,502,2021-08-16 17:02:00,NATI
41.68,41.7,41.68,41.68,300,2021-08-16 17:04:00,NATI
41.68,41.68,41.68,41.68,100,2021-08-16 17:06:00,NATI
41.69,41.69,41.69,41.69,100,2021-08-16 17:11:00,NATI
41.665,41.665,41.665,41.665,100,2021-08-16 17:12:00,NATI
41.67,41.67,41.67,41.67,100,2021-08-16 17:14:00,NATI
41.685,41.71,41.685,41.71,500,2021-08-16 17:15:00,NATI
41.69,41.7,41.69,41.7,1200,2021-08-16 17:17:00,NATI
41.71,41.71,41.685,41.71,1000,2021-08-16 17:22:00,NATI
41.71,41.71,41.71,41.71,172,2021-08-16 17:27:00,NATI
41.74,41.74,41.74,41.74,100,2021-08-16 17:28:00,NATI
41.74,41.74,41.74,41.74,200,2021-08-16 17:29:00,NATI
41.74,41.74,41.74,41.74,100,2021-08-16 17:30:00,NATI
41.7415,41.7415,41.7415,41.7415,316,2021-08-16 17:31:00,NATI
41.74,41.74,41.74,41.74,100,2021-08-16 17:33:00,NATI
41.76,41.76,41.76,41.76,500,2021-08-16 17:35:00,NATI
41.765,41.765,41.75,41.75,200,2021-08-16 17:36:00,NATI
41.75,41.75,41.75,41.75,200,2021-08-16 17:37:00,NATI
41.78,41.78,41.74,41.74,2665,2021-08-16 17:39:00,NATI
41.75,41.75,41.75,41.75,200,2021-08-16 17:40:00,NATI
41.74,41.7526,41.74,41.7526,359,2021-08-16 17:42:00,NATI
41.72,41.72,41.7,41.7,400,2021-08-16 17:46:00,NATI
41.681,41.681,41.67,41.67,2170,2021-08-16 17:48:00,NATI
41.69,41.7,41.69,41.7,600,2021-08-16 17:50:00,NATI
41.71,41.71,41.71,41.71,100,2021-08-16 17:52:00,NATI
41.685,41.685,41.67,41.67,200,2021-08-16 17:58:00,NATI
41.65,41.65,41.65,41.65,298,2021-08-16 18:05:00,NATI
41.67,41.68,41.67,41.68,800,2021-08-16 18:09:00,NATI
41.69,41.7,41.69,41.7,1600,2021-08-16 18:10:00,NATI
41.72,41.72,41.69,41.69,570,2021-08-16 18:12:00,NATI
41.69,41.69,41.69,41.69,100,2021-08-16 18:13:00,NATI
41.69,41.69,41.68,41.68,300,2021-08-16 18:17:00,NATI
41.67,41.67,41.67,41.67,100,2021-08-16 18:19:00,NATI
41.65,41.65,41.65,41.65,200,2021-08-16 18:24:00,NATI
41.645,41.645,41.62,41.62,600,2021-08-16 18:25:00,NATI
41.6,41.6,41.5949,41.5949,482,2021-08-16 18:28:00,NATI
41.61,41.61,41.61,41.61,100,2021-08-16 18:30:00,NATI
41.59,41.59,41.59,41.59,200,2021-08-16 18:31:00,NATI
41.57,41.6,41.57,41.6,500,2021-08-16 18:34:00,NATI
41.57,41.57,41.57,41.57,100,2021-08-16 18:38:00,NATI
41.55,41.55,41.55,41.55,200,2021-08-16 18:44:00,NATI
41.57,41.57,41.55,41.56,1300,2021-08-16 18:45:00,NATI
41.56,41.6,41.56,41.6,1500,2021-08-16 18:46:00,NATI
41.57,41.57,41.57,41.57,100,2021-08-16 18:48:00,NATI
41.6068,41.6068,41.6068,41.6068,200,2021-08-16 18:50:00,NATI
41.61,41.62,41.61,41.62,500,2021-08-16 18:52:00,NATI
41.62,41.62,41.615,41.615,500,2021-08-16 18:54:00,NATI
41.61,41.61,41.61,41.61,200,2021-08-16 18:56:00,NATI
41.6,41.6,41.59,41.6,1100,2021-08-16 18:57:00,NATI
41.63,41.63,41.63,41.63,100,2021-08-16 18:58:00,NATI
41.6,41.6,41.6,41.6,100,2021-08-16 19:00:00,NATI
41.605,41.605,41.605,41.605,100,2021-08-16 19:02:00,NATI
41.61,41.62,41.6099,41.62,895,2021-08-16 19:03:00,NATI
41.62,41.62,41.62,41.62,137,2021-08-16 19:04:00,NATI
41.625,41.625,41.625,41.625,100,2021-08-16 19:05:00,NATI
41.61,41.61,41.61,41.61,100,2021-08-16 19:06:00,NATI
41.5904,41.61,41.5904,41.61,467,2021-08-16 19:09:00,NATI
41.6,41.6,41.6,41.6,190,2021-08-16 19:11:00,NATI
41.61,41.6275,41.61,41.625,1201,2021-08-16 19:12:00,NATI
41.61,41.61,41.58,41.59,820,2021-08-16 19:13:00,NATI
41.58,41.58,41.58,41.58,100,2021-08-16 19:15:00,NATI
41.58,41.58,41.58,41.58,100,2021-08-16 19:16:00,NATI
41.57,41.57,41.57,41.57,100,2021-08-16 19:17:00,NATI
41.58,41.59,41.58,41.59,1000,2021-08-16 19:20:00,NATI
41.58,41.58,41.58,41.58,100,2021-08-16 19:21:00,NATI
41.57,41.59,41.56,41.57,700,2021-08-16 19:22:00,NATI
41.58,41.59,41.58,41.59,300,2021-08-16 19:24:00,NATI
41.599,41.599,41.59,41.59,400,2021-08-16 19:25:00,NATI
41.58,41.58,41.58,41.58,100,2021-08-16 19:26:00,NATI
41.58,41.58,41.58,41.58,200,2021-08-16 19:27:00,NATI
41.59,41.61,41.58,41.61,1007,2021-08-16 19:28:00,NATI
41.62,41.62,41.6,41.6,1100,2021-08-16 19:29:00,NATI
41.61,41.62,41.61,41.61,515,2021-08-16 19:30:00,NATI
41.61,41.61,41.6,41.6,814,2021-08-16 19:31:00,NATI
41.59,41.59,41.59,41.59,100,2021-08-16 19:32:00,NATI
41.605,41.63,41.605,41.63,1810,2021-08-16 19:33:00,NATI
41.64,41.64,41.64,41.64,100,2021-08-16 19:34:00,NATI
41.65,41.655,41.64,41.64,600,2021-08-16 19:35:00,NATI
41.63,41.63,41.59,41.59,895,2021-08-16 19:36:00,NATI
41.6,41.6,41.58,41.585,700,2021-08-16 19:39:00,NATI
41.58,41.59,41.57,41.58,1833,2021-08-16 19:40:00,NATI
41.6,41.6,41.6,41.6,100,2021-08-16 19:41:00,NATI
41.6,41.61,41.6,41.61,700,2021-08-16 19:42:00,NATI
41.6,41.6,41.58,41.58,400,2021-08-16 19:43:00,NATI
41.57,41.59,41.57,41.58,1403,2021-08-16 19:44:00,NATI
41.59,41.59,41.59,41.59,700,2021-08-16 19:45:00,NATI
41.595,41.61,41.59,41.61,1100,2021-08-16 19:46:00,NATI
41.62,41.62,41.61,41.61,402,2021-08-16 19:47:00,NATI
41.61,41.615,41.6,41.6,800,2021-08-16 19:48:00,NATI
41.589,41.6,41.589,41.6,400,2021-08-16 19:49:00,NATI
41.6,41.61,41.59,41.61,1400,2021-08-16 19:50:00,NATI
41.59,41.64,41.59,41.64,2323,2021-08-16 19:51:00,NATI
41.64,41.66,41.64,41.64,1641,2021-08-16 19:52:00,NATI
41.63,41.63,41.6,41.61,1100,2021-08-16 19:53:00,NATI
41.6,41.62,41.59,41.605,5039,2021-08-16 19:54:00,NATI
41.61,41.63,41.61,41.625,1742,2021-08-16 19:55:00,NATI
41.63,41.65,41.63,41.63,1700,2021-08-16 19:56:00,NATI
41.635,41.65,41.63,41.63,1200,2021-08-16 19:57:00,NATI
41.64,41.66,41.63,41.66,1904,2021-08-16 19:58:00,NATI
41.65,41.69,41.64,41.64,9102,2021-08-16 19:59:00,NATI
41.65,41.65,41.65,41.65,53894,2021-08-16 20:00:00,NATI
41.65,41.65,41.65,41.65,15378,2021-08-16 20:01:00,NATI
41.65,41.65,41.65,41.65,275,2021-08-16 20:04:00,NATI
41.65,41.65,41.65,41.65,9092,2021-08-16 20:12:00,NATI
41.46,41.46,41.28,41.325,5701,2021-08-17 13:30:00,NATI
41.28,41.28,41.17,41.182,1800,2021-08-17 13:31:00,NATI
41.28,41.28,41.15,41.15,400,2021-08-17 13:32:00,NATI
41.19,41.21,41.19,41.21,332,2021-08-17 13:34:00,NATI
41.23,41.24,41.21,41.21,300,2021-08-17 13:35:00,NATI
41.249,41.29,41.24,41.24,2821,2021-08-17 13:36:00,NATI
41.2798,41.2798,41.2798,41.2798,100,2021-08-17 13:37:00,NATI
41.305,41.305,41.305,41.305,100,2021-08-17 13:40:00,NATI
41.22,41.22,41.21,41.22,522,2021-08-17 13:41:00,NATI
41.2222,41.2222,41.2222,41.2222,132,2021-08-17 13:43:00,NATI
41.2,41.2,41.2,41.2,100,2021-08-17 13:45:00,NATI
41.2,41.2,41.2,41.2,400,2021-08-17 13:46:00,NATI
41.2282,41.2282,41.2282,41.2282,100,2021-08-17 13:47:00,NATI
41.15,41.15,41.15,41.15,100,2021-08-17 13:48:00,NATI
41.13,41.13,41.03,41.03,2120,2021-08-17 13:51:00,NATI
41.02,41.02,41.02,41.02,100,2021-08-17 13:52:00,NATI
41.02,41.02,41.02,41.02,100,2021-08-17 13:53:00,NATI
41.02,41.02,40.931,41.0,1382,2021-08-17 13:54:00,NATI
40.97,40.97,40.96,40.96,200,2021-08-17 13:56:00,NATI
40.92,40.955,40.92,40.955,321,2021-08-17 13:59:00,NATI
40.91,40.95,40.82,40.89,868,2021-08-17 14:00:00,NATI
40.94,40.98,40.94,40.98,414,2021-08-17 14:02:00,NATI
40.94,40.94,40.94,40.94,100,2021-08-17 14:03:00,NATI
40.9,40.9,40.88,40.88,200,2021-08-17 14:05:00,NATI
40.88,40.89,40.88,40.89,200,2021-08-17 14:07:00,NATI
40.83,40.83,40.81,40.81,588,2021-08-17 14:09:00,NATI
40.83,40.83,40.83,40.83,100,2021-08-17 14:11:00,NATI
40.76,40.76,40.76,40.76,100,2021-08-17 14:13:00,NATI
40.87,40.93,40.845,40.93,1123,2021-08-17 14:14:00,NATI
40.9195,40.9195,40.9195,40.9195,372,2021-08-17 14:15:00,NATI
40.97,41.0,40.97,40.99,400,2021-08-17 14:17:00,NATI
40.95,40.96,40.94,40.94,533,2021-08-17 14:18:00,NATI
40.88,40.88,40.88,40.88,100,2021-08-17 14:22:00,NATI
40.89,40.94,40.89,40.94,917,2021-08-17 14:25:00,NATI
40.96,40.96,40.96,40.96,100,2021-08-17 14:26:00,NATI
41.0,41.0,41.0,41.0,100,2021-08-17 14:28:00,NATI
41.0,41.0,40.98,40.98,900,2021-08-17 14:29:00,NATI
40.98,40.98,40.98,40.98,100,2021-08-17 14:31:00,NATI
40.96,40.98,40.96,40.96,649,2021-08-17 14:32:00,NATI
40.99,40.99,40.99,40.99,100,2021-08-17 14:33:00,NATI
41.02,41.05,41.02,41.05,500,2021-08-17 14:36:00,NATI
41.02,41.02,41.02,41.02,200,2021-08-17 14:37:00,NATI
41.06,41.06,41.06,41.06,300,2021-08-17 14:39:00,NATI
41.06,41.06,41.04,41.04,1332,2021-08-17 14:40:00,NATI
41.05,41.05,41.05,41.05,100,2021-08-17 14:41:00,NATI
41.05,41.08,41.05,41.08,900,2021-08-17 14:43:00,NATI
41.04,41.04,41.03,41.035,855,2021-08-17 14:46:00,NATI
40.999,41.0,40.96,41.0,460,2021-08-17 14:54:00,NATI
40.96,40.96,40.915,40.915,900,2021-08-17 14:57:00,NATI
40.86,40.86,40.84,40.84,770,2021-08-17 14:59:00,NATI
40.79,40.79,40.79,40.79,100,2021-08-17 15:00:00,NATI
40.82,40.86,40.81,40.86,1200,2021-08-17 15:01:00,NATI
40.845,40.845,40.845,40.845,100,2021-08-17 15:02:00,NATI
40.83,40.83,40.83,40.83,100,2021-08-17 15:03:00,NATI
40.82,40.82,40.78,40.78,620,2021-08-17 15:04:00,NATI
40.75,40.75,40.66,40.71,3444,2021-08-17 15:05:00,NATI
40.67,40.67,40.67,40.67,100,2021-08-17 15:06:00,NATI
40.68,40.71,40.68,40.68,909,2021-08-17 15:07:00,NATI
40.71,40.71,40.71,40.71,100,2021-08-17 15:09:00,NATI
40.69,40.69,40.68,40.68,230,2021-08-17 15:10:00,NATI
40.65,40.6573,40.55,40.55,655,2021-08-17 15:11:00,NATI
40.62,40.65,40.595,40.65,1100,2021-08-17 15:12:00,NATI
40.62,40.62,40.6,40.605,800,2021-08-17 15:15:00,NATI
40.61,40.63,40.61,40.63,500,2021-08-17 15:16:00,NATI
40.61,40.61,40.61,40.61,100,2021-08-17 15:17:00,NATI
40.6,40.6,40.6,40.6,100,2021-08-17 15:19:00,NATI
40.65,40.65,40.64,40.64,200,2021-08-17 15:20:00,NATI
40.669,40.669,40.669,40.669,140,2021-08-17 15:21:00,NATI
40.68,40.68,40.68,40.68,100,2021-08-17 15:23:00,NATI
40.66,40.66,40.635,40.66,506,2021-08-17 15:25:00,NATI
40.63,40.65,40.62,40.65,500,2021-08-17 15:26:00,NATI
40.62,40.62,40.62,40.62,100,2021-08-17 15:28:00,NATI
40.61,40.61,40.61,40.61,471,2021-08-17 15:30:00,NATI
40.61,40.63,40.61,40.63,4992,2021-08-17 15:31:00,NATI
40.66,40.7,40.66,40.7,500,2021-08-17 15:32:00,NATI
40.74,40.74,40.74,40.74,100,2021-08-17 15:34:00,NATI
40.799,40.799,40.74,40.76,849,2021-08-17 15:35:00,NATI
40.74,40.74,40.74,40.74,354,2021-08-17 15:36:00,NATI
40.66,40.67,40.57,40.575,1500,2021-08-17 15:38:00,NATI
40.62,40.62,40.62,40.62,400,2021-08-17 15:39:00,NATI
40.6,40.6,40.6,40.6,210,2021-08-17 15:42:00,NATI
40.57,40.57,40.57,40.57,100,2021-08-17 15:43:00,NATI
40.59,40.67,40.59,40.67,700,2021-08-17 15:44:00,NATI
40.69,40.71,40.69,40.71,200,2021-08-17 15:46:00,NATI
40.7,40.71,40.7,40.71,200,2021-08-17 15:47:00,NATI
40.69,40.69,40.69,40.69,200,2021-08-17 15:48:00,NATI
40.72,40.7695,40.72,40.7695,600,2021-08-17 15:49:00,NATI
40.74,40.74,40.71,40.71,1006,2021-08-17 15:50:00,NATI
40.69,40.69,40.69,40.69,200,2021-08-17 15:51:00,NATI
40.68,40.68,40.68,40.68,110,2021-08-17 15:54:00,NATI
40.65,40.65,40.64,40.64,327,2021-08-17 15:55:00,NATI
40.65,40.67,40.65,40.67,300,2021-08-17 15:57:00,NATI
40.68,40.68,40.68,40.68,100,2021-08-17 15:58:00,NATI
40.65,40.65,40.65,40.65,242,2021-08-17 16:02:00,NATI
40.679,40.69,40.679,40.69,330,2021-08-17 16:03:00,NATI
40.66,40.66,40.66,40.66,100,2021-08-17 16:04:00,NATI
40.68,40.68,40.68,40.68,100,2021-08-17 16:05:00,NATI
40.72,40.72,40.71,40.71,200,2021-08-17 16:06:00,NATI
40.69,40.69,40.69,40.69,300,2021-08-17 16:08:00,NATI
40.63,40.63,40.63,40.63,100,2021-08-17 16:10:00,NATI
40.63,40.63,40.63,40.63,100,2021-08-17 16:11:00,NATI
40.65,40.65,40.65,40.65,500,2021-08-17 16:12:00,NATI
40.65,40.65,40.65,40.65,402,2021-08-17 16:16:00,NATI
40.645,40.645,40.62,40.625,318,2021-08-17 16:17:00,NATI
40.6,40.65,40.6,40.65,1044,2021-08-17 16:18:00,NATI
40.68,40.7,40.68,40.69,400,2021-08-17 16:25:00,NATI
40.73,40.73,40.73,40.73,100,2021-08-17 16:28:00,NATI
40.75,40.75,40.72,40.73,444,2021-08-17 16:30:00,NATI
40.685,40.685,40.685,40.685,100,2021-08-17 16:31:00,NATI
40.66,40.66,40.66,40.66,100,2021-08-17 16:32:00,NATI
40.67,40.67,40.67,40.67,100,2021-08-17 16:33:00,NATI
40.66,40.66,40.66,40.66,100,2021-08-17 16:37:00,NATI
40.6,40.64,40.6,40.64,600,2021-08-17 16:39:00,NATI
40.6,40.6,40.6,40.6,332,2021-08-17 16:41:00,NATI
40.6,40.61,40.6,40.61,300,2021-08-17 16:42:00,NATI
40.63,40.65,40.62,40.65,1200,2021-08-17 16:43:00,NATI
40.59,40.59,40.561,40.561,400,2021-08-17 16:47:00,NATI
40.58,40.6,40.58,40.6,300,2021-08-17 16:48:00,NATI
40.54,40.54,40.41,40.5,8524,2021-08-17 16:50:00,NATI
40.56,40.56,40.56,40.56,200,2021-08-17 16:51:00,NATI
40.57,40.57,40.56,40.57,903,2021-08-17 16:53:00,NATI
40.54,40.54,40.54,40.54,100,2021-08-17 16:54:00,NATI
40.54,40.54,40.54,40.54,100,2021-08-17 16:55:00,NATI
40.51,40.51,40.51,40.51,116,2021-08-17 16:56:00,NATI
40.51,40.51,40.495,40.495,610,2021-08-17 16:58:00,NATI
40.485,40.485,40.485,40.485,147,2021-08-17 17:00:00,NATI
40.48,40.49,40.475,40.49,400,2021-08-17 17:01:00,NATI
40.53,40.53,40.51,40.51,200,2021-08-17 17:04:00,NATI
40.52,40.53,40.52,40.53,300,2021-08-17 17:05:00,NATI
40.51,40.53,40.51,40.53,540,2021-08-17 17:06:00,NATI
40.52,40.52,40.5,40.5,400,2021-08-17 17:07:00,NATI
40.515,40.545,40.515,40.545,500,2021-08-17 17:08:00,NATI
40.57,40.57,40.57,40.57,100,2021-08-17 17:11:00,NATI
40.58,40.59,40.58,40.59,200,2021-08-17 17:12:00,NATI
40.63,40.63,40.63,40.63,200,2021-08-17 17:14:00,NATI
40.63,40.65,40.6,40.65,1502,2021-08-17 17:15:00,NATI
40.63,40.63,40.63,40.63,100,2021-08-17 17:16:00,NATI
40.62,40.64,40.62,40.64,698,2021-08-17 17:17:00,NATI
40.61,40.63,40.6,40.63,800,2021-08-17 17:18:00,NATI
40.64,40.655,40.64,40.655,274,2021-08-17 17:20:00,NATI
40.67,40.67,40.64,40.64,200,2021-08-17 17:21:00,NATI
40.63,40.63,40.6,40.6169,17090,2021-08-17 17:22:00,NATI
40.605,40.61,40.59,40.6,1224,2021-08-17 17:23:00,NATI
40.595,40.65,40.595,40.65,519,2021-08-17 17:27:00,NATI
40.64,40.68,40.64,40.68,200,2021-08-17 17:28:00,NATI
40.68,40.68,40.68,40.68,100,2021-08-17 17:29:00,NATI
40.67,40.67,40.66,40.66,300,2021-08-17 17:30:00,NATI
40.66,40.66,40.64,40.64,1500,2021-08-17 17:31:00,NATI
40.63,40.63,40.57,40.6,4702,2021-08-17 17:33:00,NATI
40.62,40.6493,40.62,40.6493,505,2021-08-17 17:34:00,NATI
40.62,40.62,40.56,40.56,1400,2021-08-17 17:36:00,NATI
40.56,40.56,40.5,40.51,2250,2021-08-17 17:37:00,NATI
40.51,40.51,40.47,40.48,1830,2021-08-17 17:38:00,NATI
40.5,40.5,40.47,40.47,1600,2021-08-17 17:39:00,NATI
40.47,40.49,40.47,40.47,939,2021-08-17 17:40:00,NATI
40.47,40.495,40.47,40.4846,412,2021-08-17 17:41:00,NATI
40.5,40.52,40.5,40.5,1115,2021-08-17 17:43:00,NATI
40.4701,40.4701,40.46,40.46,684,2021-08-17 17:45:00,NATI
40.46,40.46,40.46,40.46,200,2021-08-17 17:46:00,NATI
40.46,40.46,40.46,40.46,113,2021-08-17 17:47:00,NATI
40.44,40.44,40.4292,40.4292,372,2021-08-17 17:48:00,NATI
40.4,40.45,40.37,40.45,1500,2021-08-17 17:49:00,NATI
40.43,40.43,40.43,40.43,100,2021-08-17 17:50:00,NATI
40.42,40.44,40.42,40.44,200,2021-08-17 17:51:00,NATI
40.47,40.5,40.47,40.5,2401,2021-08-17 17:52:00,NATI
40.48,40.48,40.48,40.48,200,2021-08-17 17:53:00,NATI
40.48,40.48,40.47,40.47,290,2021-08-17 17:54:00,NATI
40.46,40.49,40.46,40.49,400,2021-08-17 17:55:00,NATI
40.49,40.51,40.49,40.5,2138,2021-08-17 17:56:00,NATI
40.48,40.5,40.48,40.5,200,2021-08-17 17:57:00,NATI
40.49,40.5,40.49,40.5,246,2021-08-17 17:59:00,NATI
40.5,40.51,40.5,40.51,1211,2021-08-17 18:00:00,NATI
40.505,40.505,40.47,40.47,520,2021-08-17 18:01:00,NATI
40.5,40.5,40.5,40.5,160,2021-08-17 18:02:00,NATI
40.47,40.48,40.47,40.48,400,2021-08-17 18:03:00,NATI
40.47,40.47,40.47,40.47,100,2021-08-17 18:05:00,NATI
40.49,40.5,40.46,40.5,1790,2021-08-17 18:06:00,NATI
40.5,40.5,40.5,40.5,1000,2021-08-17 18:07:00,NATI
40.5,40.51,40.48,40.48,1360,2021-08-17 18:08:00,NATI
40.48,40.48,40.48,40.48,100,2021-08-17 18:09:00,NATI
40.49,40.49,40.49,40.49,159,2021-08-17 18:10:00,NATI
40.48,40.5,40.48,40.5,550,2021-08-17 18:11:00,NATI
40.5,40.5,40.5,40.5,200,2021-08-17 18:12:00,NATI
40.5,40.5,40.5,40.5,300,2021-08-17 18:13:00,NATI
40.49,40.5,40.49,40.49,600,2021-08-17 18:14:00,NATI
40.5,40.505,40.5,40.505,588,2021-08-17 18:15:00,NATI
40.5,40.53,40.49,40.51,4322,2021-08-17 18:16:00,NATI
40.49,40.5,40.49,40.49,432,2021-08-17 18:17:00,NATI
40.5,40.505,40.49,40.5,1860,2021-08-17 18:19:00,NATI
40.495,40.5,40.495,40.5,200,2021-08-17 18:20:00,NATI
40.48,40.48,40.48,40.48,400,2021-08-17 18:21:00,NATI
40.475,40.49,40.46,40.46,300,2021-08-17 18:22:00,NATI
40.49,40.5,40.49,40.49,900,2021-08-17 18:23:00,NATI
40.495,40.5,40.495,40.5,337,2021-08-17 18:24:00,NATI
40.48,40.48,40.48,40.48,100,2021-08-17 18:25:00,NATI
40.5,40.5,40.47,40.47,308,2021-08-17 18:26:00,NATI
40.45,40.48,40.44,40.48,1400,2021-08-17 18:27:00,NATI
40.48,40.48,40.48,40.48,100,2021-08-17 18:28:00,NATI
40.47,40.47,40.465,40.465,400,2021-08-17 18:29:00,NATI
40.47,40.47,40.47,40.47,119,2021-08-17 18:30:00,NATI
40.46,40.47,40.4401,40.47,1800,2021-08-17 18:32:00,NATI
40.46,40.46,40.46,40.46,100,2021-08-17 18:33:00,NATI
40.46,40.46,40.43,40.43,900,2021-08-17 18:34:00,NATI
40.42,40.42,40.4,40.402,300,2021-08-17 18:35:00,NATI
40.38,40.38,40.37,40.37,200,2021-08-17 18:36:00,NATI
40.3826,40.3826,40.38,40.38,200,2021-08-17 18:37:00,NATI
40.38,40.39,40.38,40.39,300,2021-08-17 18:38:00,NATI
40.36,40.3639,40.35,40.35,628,2021-08-17 18:39:00,NATI
40.38,40.39,40.38,40.39,900,2021-08-17 18:40:00,NATI
40.415,40.429,40.39,40.39,917,2021-08-17 18:42:00,NATI
40.405,40.405,40.405,40.405,116,2021-08-17 18:43:00,NATI
40.43,40.43,40.43,40.43,100,2021-08-17 18:44:00,NATI
40.43,40.4494,40.43,40.4494,500,2021-08-17 18:45:00,NATI
40.47,40.47,40.47,40.47,200,2021-08-17 18:46:00,NATI
40.5,40.5,40.5,40.5,100,2021-08-17 18:47:00,NATI
40.48,40.48,40.4661,40.47,545,2021-08-17 18:48:00,NATI
40.48,40.48,40.48,40.48,100,2021-08-17 18:49:00,NATI
40.5,40.5,40.5,40.5,1303,2021-08-17 18:50:00,NATI
40.5,40.51,40.5,40.5,1600,2021-08-17 18:51:00,NATI
40.48,40.48,40.46,40.46,200,2021-08-17 18:52:00,NATI
40.46,40.46,40.46,40.46,100,2021-08-17 18:53:00,NATI
40.45,40.45,40.45,40.45,200,2021-08-17 18:54:00,NATI
40.47,40.49,40.47,40.49,1000,2021-08-17 18:55:00,NATI
40.5,40.51,40.49,40.5,1700,2021-08-17 18:57:00,NATI
40.5,40.51,40.5,40.5,1306,2021-08-17 18:58:00,NATI
40.52,40.52,40.52,40.52,100,2021-08-17 18:59:00,NATI
40.5,40.5,40.4879,40.4879,529,2021-08-17 19:00:00,NATI
40.49,40.49,40.49,40.49,100,2021-08-17 19:01:00,NATI
40.48,40.5,40.48,40.5,500,2021-08-17 19:02:00,NATI
40.49,40.49,40.49,40.49,200,2021-08-17 19:03:00,NATI
40.49,40.5,40.4861,40.4861,965,2021-08-17 19:04:00,NATI
40.48,40.48,40.47,40.48,1453,2021-08-17 19:05:00,NATI
40.48,40.5,40.48,40.5,500,2021-08-17 19:06:00,NATI
40.5,40.51,40.5,40.5,600,2021-08-17 19:07:00,NATI
40.5,40.51,40.491,40.51,2300,2021-08-17 19:08:00,NATI
40.51,40.51,40.48,40.48,919,2021-08-17 19:09:00,NATI
40.47,40.49,40.47,40.49,620,2021-08-17 19:10:00,NATI
40.47,40.47,40.46,40.46,400,2021-08-17 19:13:00,NATI
40.44,40.4499,40.44,40.4499,800,2021-08-17 19:14:00,NATI
40.45,40.47,40.45,40.47,730,2021-08-17 19:15:00,NATI
40.48,40.49,40.48,40.4821,315,2021-08-17 19:17:00,NATI
40.46,40.46,40.46,40.46,555,2021-08-17 19:18:00,NATI
40.47,40.49,40.47,40.49,427,2021-08-17 19:19:00,NATI
40.47,40.489,40.46,40.489,1139,2021-08-17 19:20:00,NATI
40.4724,40.5,40.4724,40.5,698,2021-08-17 19:21:00,NATI
40.5,40.5,40.47,40.47,906,2021-08-17 19:22:00,NATI
40.46,40.48,40.455,40.48,1300,2021-08-17 19:24:00,NATI
40.51,40.51,40.48,40.509,496,2021-08-17 19:25:00,NATI
40.51,40.51,40.51,40.51,100,2021-08-17 19:26:00,NATI
40.52,40.52,40.52,40.52,300,2021-08-17 19:27:00,NATI
40.54,40.55,40.535,40.535,802,2021-08-17 19:28:00,NATI
40.53,40.53,40.53,40.53,100,2021-08-17 19:29:00,NATI
40.54,40.57,40.54,40.57,580,2021-08-17 19:30:00,NATI
40.55,40.55,40.54,40.54,600,2021-08-17 19:32:00,NATI
40.57,40.57,40.57,40.57,300,2021-08-17 19:33:00,NATI
40.56,40.56,40.55,40.56,680,2021-08-17 19:34:00,NATI
40.56,40.56,40.55,40.56,700,2021-08-17 19:35:00,NATI
40.55,40.555,40.55,40.555,664,2021-08-17 19:36:00,NATI
40.54,40.54,40.54,40.54,400,2021-08-17 19:37:00,NATI
40.53,40.54,40.49,40.495,2137,2021-08-17 19:38:00,NATI
40.51,40.54,40.51,40.54,800,2021-08-17 19:39:00,NATI
40.51,40.52,40.51,40.52,300,2021-08-17 19:40:00,NATI
40.53,40.54,40.525,40.54,1100,2021-08-17 19:41:00,NATI
40.54,40.54,40.5,40.5,1214,2021-08-17 19:42:00,NATI
40.49,40.51,40.49,40.51,700,2021-08-17 19:43:00,NATI
40.52,40.53,40.52,40.53,414,2021-08-17 19:44:00,NATI
40.53,40.53,40.51,40.52,1080,2021-08-17 19:45:00,NATI
40.5,40.53,40.49,40.53,1528,2021-08-17 19:46:00,NATI
40.54,40.57,40.54,40.55,700,2021-08-17 19:47:00,NATI
40.56,40.56,40.54,40.54,597,2021-08-17 19:48:00,NATI
40.56,40.56,40.545,40.545,713,2021-08-17 19:49:00,NATI
40.55,40.62,40.55,40.62,1500,2021-08-17 19:50:00,NATI
40.615,40.625,40.6,40.62,3996,2021-08-17 19:51:00,NATI
40.64,40.64,40.61,40.63,600,2021-08-17 19:52:00,NATI
40.63,40.64,40.6,40.6,4229,2021-08-17 19:53:00,NATI
40.605,40.64,40.59,40.59,5137,2021-08-17 19:54:00,NATI
40.6,40.6,40.59,40.6,2220,2021-08-17 19:55:00,NATI
40.61,40.63,40.61,40.62,1200,2021-08-17 19:56:00,NATI
40.61,40.63,40.61,40.615,1828,2021-08-17 19:57:00,NATI
40.62,40.63,40.61,40.62,5963,2021-08-17 19:58:00,NATI
40.61,40.61,40.59,40.61,2100,2021-08-17 19:59:00,NATI
40.58,40.58,40.58,40.58,49178,2021-08-17 20:00:00,NATI
40.58,40.58,40.58,40.58,248,2021-08-17 20:01:00,NATI
40.53,40.53,40.1401,40.29,8148,2021-08-18 13:30:00,NATI
40.41,40.41,40.27,40.41,400,2021-08-18 13:31:00,NATI
40.355,40.355,40.355,40.355,100,2021-08-18 13:32:00,NATI
40.28,40.29,40.28,40.29,589,2021-08-18 13:33:00,NATI
40.4,40.4,40.37,40.4,399,2021-08-18 13:34:00,NATI
40.48,40.51,40.48,40.51,200,2021-08-18 13:35:00,NATI
40.4657,40.4657,40.4657,40.4657,130,2021-08-18 13:36:00,NATI
40.44,40.44,40.42,40.42,315,2021-08-18 13:37:00,NATI
40.45,40.45,40.45,40.45,299,2021-08-18 13:38:00,NATI
40.44,40.49,40.44,40.49,219,2021-08-18 13:40:00,NATI
40.485,40.485,40.4825,40.4825,200,2021-08-18 13:43:00,NATI
40.44,40.45,40.43,40.45,400,2021-08-18 13:47:00,NATI
40.39,40.39,40.39,40.39,104,2021-08-18 13:50:00,NATI
40.4,40.55,40.3825,40.55,900,2021-08-18 13:51:00,NATI
40.58,40.58,40.53,40.53,200,2021-08-18 13:52:00,NATI
40.61,40.61,40.61,40.61,100,2021-08-18 13:55:00,NATI
40.66,40.7,40.66,40.7,498,2021-08-18 13:56:00,NATI
40.76,40.78,40.76,40.76,300,2021-08-18 13:59:00,NATI
40.735,40.735,40.71,40.71,200,2021-08-18 14:00:00,NATI
40.74,40.75,40.71,40.71,712,2021-08-18 14:03:00,NATI
40.695,40.705,40.695,40.705,200,2021-08-18 14:06:00,NATI
40.73,40.73,40.73,40.73,100,2021-08-18 14:07:00,NATI
40.6801,40.715,40.68,40.7034,2472,2021-08-18 14:08:00,NATI
40.68,40.68,40.68,40.68,100,2021-08-18 14:09:00,NATI
40.69,40.69,40.69,40.69,116,2021-08-18 14:10:00,NATI
40.72,40.73,40.695,40.7,711,2021-08-18 14:11:00,NATI
40.7,40.7,40.7,40.7,400,2021-08-18 14:14:00,NATI
40.7,40.74,40.67,40.67,6252,2021-08-18 14:15:00,NATI
40.71,40.71,40.6,40.665,1410,2021-08-18 14:16:00,NATI
40.63,40.6421,40.63,40.6421,400,2021-08-18 14:18:00,NATI
40.69,40.69,40.65,40.67,415,2021-08-18 14:20:00,NATI
40.7,40.73,40.7,40.7,1200,2021-08-18 14:21:00,NATI
40.69,40.69,40.69,40.69,100,2021-08-18 14:22:00,NATI
40.69,40.75,40.69,40.71,4495,2021-08-18 14:23:00,NATI
40.755,40.755,40.72,40.72,500,2021-08-18 14:24:00,NATI
40.74,40.74,40.735,40.735,358,2021-08-18 14:25:00,NATI
40.76,40.76,40.76,40.76,200,2021-08-18 14:26:00,NATI
40.71,40.71,40.71,40.71,100,2021-08-18 14:27:00,NATI
40.69,40.7,40.69,40.7,200,2021-08-18 14:28:00,NATI
40.7,40.715,40.7,40.715,200,2021-08-18 14:29:00,NATI
40.72,40.72,40.72,40.72,105,2021-08-18 14:30:00,NATI
40.74,40.74,40.7,40.7,1400,2021-08-18 14:32:00,NATI
40.72,40.72,40.7,40.7,1400,2021-08-18 14:33:00,NATI
40.7,40.7,40.7,40.7,100,2021-08-18 14:35:00,NATI
40.7,40.7,40.685,40.685,907,2021-08-18 14:36:00,NATI
40.685,40.7,40.685,40.685,308,2021-08-18 14:37:00,NATI
40.67,40.67,40.64,40.64,300,2021-08-18 14:38:00,NATI
40.61,40.61,40.61,40.61,100,2021-08-18 14:39:00,NATI
40.64,40.65,40.625,40.625,300,2021-08-18 14:40:00,NATI
40.66,40.66,40.66,40.66,100,2021-08-18 14:41:00,NATI
40.66,40.66,40.66,40.66,200,2021-08-18 14:43:00,NATI
40.69,40.69,40.69,40.69,100,2021-08-18 14:47:00,NATI
40.67,40.72,40.64,40.675,5434,2021-08-18 14:48:00,NATI
40.7191,40.7191,40.68,40.7,328,2021-08-18 14:49:00,NATI
40.7,40.7025,40.68,40.7025,400,2021-08-18 14:50:00,NATI
40.73,40.73,40.7,40.7,3000,2021-08-18 14:51:00,NATI
40.7075,40.7075,40.67,40.67,1370,2021-08-18 14:52:00,NATI
40.64,40.64,40.64,40.64,100,2021-08-18 14:53:00,NATI
40.64,40.64,40.64,40.64,106,2021-08-18 14:57:00,NATI
40.62,40.63,40.595,40.595,388,2021-08-18 14:59:00,NATI
40.61,40.65,40.61,40.65,322,2021-08-18 15:02:00,NATI
40.645,40.645,40.645,40.645,100,2021-08-18 15:05:00,NATI
40.64,40.64,40.64,40.64,219,2021-08-18 15:08:00,NATI
40.66,40.66,40.66,40.66,400,2021-08-18 15:10:00,NATI
40.64,40.64,40.64,40.64,400,2021-08-18 15:11:00,NATI
40.61,40.61,40.61,40.61,100,2021-08-18 15:12:00,NATI
40.63,40.63,40.63,40.63,200,2021-08-18 15:14:00,NATI
40.61,40.61,40.59,40.59,300,2021-08-18 15:16:00,NATI
40.63,40.63,40.62,40.62,300,2021-08-18 15:18:00,NATI
40.62,40.62,40.62,40.62,100,2021-08-18 15:19:00,NATI
40.59,40.59,40.59,40.59,100,2021-08-18 15:20:00,NATI
40.62,40.67,40.62,40.67,600,2021-08-18 15:21:00,NATI
40.6313,40.64,40.6313,40.64,227,2021-08-18 15:24:00,NATI
40.65,40.65,40.63,40.63,403,2021-08-18 15:28:00,NATI
40.62,40.62,40.62,40.62,100,2021-08-18 15:29:00,NATI
40.6125,40.6125,40.6125,40.6125,100,2021-08-18 15:31:00,NATI
40.61,40.61,40.61,40.61,100,2021-08-18 15:32:00,NATI
40.61,40.63,40.61,40.63,400,2021-08-18 15:33:00,NATI
40.64,40.64,40.59,40.59,200,2021-08-18 15:34:00,NATI
40.61,40.64,40.59,40.64,400,2021-08-18 15:35:00,NATI
40.64,40.64,40.64,40.64,100,2021-08-18 15:38:00,NATI
40.67,40.67,40.67,40.67,300,2021-08-18 15:39:00,NATI
40.7,40.7,40.695,40.695,203,2021-08-18 15:41:00,NATI
40.66,40.69,40.66,40.69,718,2021-08-18 15:43:00,NATI
40.71,40.71,40.7,40.7,900,2021-08-18 15:45:00,NATI
40.71,40.71,40.68,40.68,800,2021-08-18 15:47:00,NATI
40.701,40.701,40.701,40.701,125,2021-08-18 15:48:00,NATI
40.69,40.69,40.69,40.69,200,2021-08-18 15:49:00,NATI
40.66,40.66,40.66,40.66,100,2021-08-18 15:50:00,NATI
40.71,40.71,40.7,40.7,600,2021-08-18 15:52:00,NATI
40.7,40.7,40.7,40.7,267,2021-08-18 15:53:00,NATI
40.66,40.66,40.66,40.66,100,2021-08-18 15:54:00,NATI
40.7,40.7,40.7,40.7,100,2021-08-18 15:56:00,NATI
40.67,40.67,40.66,40.66,200,2021-08-18 15:59:00,NATI
40.68,40.68,40.68,40.68,100,2021-08-18 16:00:00,NATI
40.705,40.705,40.7,40.7,210,2021-08-18 16:01:00,NATI
40.7,40.7,40.68,40.68,1300,2021-08-18 16:03:00,NATI
40.68,40.68,40.66,40.66,1190,2021-08-18 16:04:00,NATI
40.68,40.685,40.675,40.675,300,2021-08-18 16:05:00,NATI
40.67,40.7,40.67,40.68,895,2021-08-18 16:08:00,NATI
40.7,40.7,40.69,40.69,1360,2021-08-18 16:09:00,NATI
40.7,40.7,40.7,40.7,104,2021-08-18 16:10:00,NATI
40.695,40.695,40.695,40.695,100,2021-08-18 16:13:00,NATI
40.7,40.7,40.7,40.7,200,2021-08-18 16:14:00,NATI
40.68,40.69,40.68,40.69,400,2021-08-18 16:15:00,NATI
40.7,40.7,40.7,40.7,100,2021-08-18 16:17:00,NATI
40.7,40.7,40.69,40.69,200,2021-08-18 16:18:00,NATI
40.71,40.71,40.71,40.71,100,2021-08-18 16:19:00,NATI
40.69,40.69,40.67,40.67,300,2021-08-18 16:20:00,NATI
40.66,40.66,40.65,40.65,300,2021-08-18 16:21:00,NATI
40.69,40.69,40.67,40.67,600,2021-08-18 16:22:00,NATI
40.66,40.66,40.65,40.66,400,2021-08-18 16:25:00,NATI
40.7,40.7,40.68,40.68,200,2021-08-18 16:27:00,NATI
40.66,40.66,40.66,40.66,139,2021-08-18 16:28:00,NATI
40.69,40.69,40.67,40.67,300,2021-08-18 16:29:00,NATI
40.71,40.71,40.69,40.69,200,2021-08-18 16:30:00,NATI
40.65,40.65,40.65,40.65,100,2021-08-18 16:31:00,NATI
40.7,40.7,40.7,40.7,100,2021-08-18 16:33:00,NATI
40.67,40.72,40.67,40.7197,1520,2021-08-18 16:36:00,NATI
40.7,40.7,40.7,40.7,200,2021-08-18 16:38:00,NATI
40.68,40.68,40.68,40.68,200,2021-08-18 16:43:00,NATI
40.66,40.66,40.66,40.66,100,2021-08-18 16:44:00,NATI
40.66,40.66,40.66,40.66,100,2021-08-18 16:45:00,NATI
40.67,40.67,40.665,40.665,210,2021-08-18 16:46:00,NATI
40.67,40.67,40.66,40.66,200,2021-08-18 16:47:00,NATI
40.67,40.7025,40.67,40.7025,500,2021-08-18 16:48:00,NATI
40.69,40.69,40.67,40.67,406,2021-08-18 16:49:00,NATI
40.7,40.72,40.7,40.7,500,2021-08-18 16:51:00,NATI
40.7,40.71,40.7,40.71,200,2021-08-18 16:52:00,NATI
40.699,40.699,40.699,40.699,340,2021-08-18 16:54:00,NATI
40.6824,40.6824,40.6824,40.6824,300,2021-08-18 16:55:00,NATI
40.67,40.68,40.66,40.67,500,2021-08-18 16:57:00,NATI
40.68,40.71,40.68,40.71,200,2021-08-18 17:00:00,NATI
40.69,40.709,40.68,40.709,300,2021-08-18 17:01:00,NATI
40.71,40.71,40.66,40.66,400,2021-08-18 17:02:00,NATI
40.66,40.6755,40.66,40.6755,200,2021-08-18 17:04:00,NATI
40.7,40.7,40.7,40.7,100,2021-08-18 17:05:00,NATI
40.69,40.69,40.69,40.69,200,2021-08-18 17:07:00,NATI
40.78,40.78,40.78,40.78,100,2021-08-18 17:11:00,NATI
40.77,40.8,40.77,40.8,723,2021-08-18 17:14:00,NATI
40.79,40.8001,40.79,40.8001,200,2021-08-18 17:16:00,NATI
40.81,40.81,40.81,40.81,100,2021-08-18 17:17:00,NATI
40.8199,40.8199,40.78,40.78,206,2021-08-18 17:18:00,NATI
40.785,40.785,40.78,40.78,200,2021-08-18 17:19:00,NATI
40.8,40.8,40.8,40.8,100,2021-08-18 17:20:00,NATI
40.79,40.8,40.79,40.8,600,2021-08-18 17:22:00,NATI
40.81,40.81,40.81,40.81,300,2021-08-18 17:23:00,NATI
40.81,40.81,40.8,40.805,300,2021-08-18 17:27:00,NATI
40.8389,40.87,40.8389,40.87,1007,2021-08-18 17:30:00,NATI
40.83,40.83,40.83,40.83,331,2021-08-18 17:35:00,NATI
40.85,40.85,40.83,40.83,200,2021-08-18 17:36:00,NATI
40.83,40.83,40.8,40.815,2200,2021-08-18 17:37:00,NATI
40.805,40.805,40.805,40.805,100,2021-08-18 17:38:00,NATI
40.8,40.82,40.79,40.79,1300,2021-08-18 17:40:00,NATI
40.77,40.77,40.77,40.77,100,2021-08-18 17:42:00,NATI
40.78,40.78,40.78,40.78,100,2021-08-18 17:43:00,NATI
40.78,40.78,40.78,40.78,100,2021-08-18 17:45:00,NATI
40.79,40.79,40.79,40.79,200,2021-08-18 17:46:00,NATI
40.77,40.77,40.77,40.77,100,2021-08-18 17:48:00,NATI
40.77,40.77,40.77,40.77,100,2021-08-18 17:49:00,NATI
40.8,40.81,40.8,40.8,645,2021-08-18 17:50:00,NATI
40.77,40.77,40.77,40.77,100,2021-08-18 17:55:00,NATI
40.8,40.8,40.8,40.8,100,2021-08-18 17:58:00,NATI
40.8,40.8,40.8,40.8,500,2021-08-18 18:01:00,NATI
40.8,40.81,40.77,40.79,1850,2021-08-18 18:02:00,NATI
40.79,40.79,40.79,40.79,100,2021-08-18 18:04:00,NATI
40.81,40.815,40.74,40.76,2524,2021-08-18 18:05:00,NATI
40.75,40.75,40.75,40.75,100,2021-08-18 18:06:00,NATI
40.77,40.77,40.77,40.77,100,2021-08-18 18:07:00,NATI
40.78,40.78,40.78,40.78,400,2021-08-18 18:08:00,NATI
40.81,40.81,40.79,40.8,400,2021-08-18 18:10:00,NATI
40.78,40.79,40.78,40.79,300,2021-08-18 18:11:00,NATI
40.75,40.76,40.75,40.76,600,2021-08-18 18:12:00,NATI
40.68,40.69,40.665,40.665,691,2021-08-18 18:13:00,NATI
40.7,40.7,40.7,40.7,100,2021-08-18 18:14:00,NATI
40.68,40.68,40.68,40.68,300,2021-08-18 18:15:00,NATI
40.64,40.64,40.64,40.64,100,2021-08-18 18:17:00,NATI
40.64,40.65,40.63,40.65,500,2021-08-18 18:18:00,NATI
40.67,40.69,40.67,40.69,400,2021-08-18 18:19:00,NATI
40.68,40.68,40.67,40.67,200,2021-08-18 18:21:00,NATI
40.67,40.71,40.67,40.71,373,2021-08-18 18:22:00,NATI
40.73,40.73,40.73,40.73,100,2021-08-18 18:23:00,NATI
40.75,40.75,40.75,40.75,100,2021-08-18 18:25:00,NATI
40.8,40.8,40.8,40.8,200,2021-08-18 18:28:00,NATI
40.8,40.82,40.77,40.8,2735,2021-08-18 18:29:00,NATI
40.8,40.82,40.8,40.81,2275,2021-08-18 18:30:00,NATI
40.82,40.82,40.8,40.8,346,2021-08-18 18:31:00,NATI
40.8,40.8286,40.8,40.8,607,2021-08-18 18:32:00,NATI
40.85,40.85,40.81,40.81,200,2021-08-18 18:34:00,NATI
40.85,40.85,40.85,40.85,100,2021-08-18 18:36:00,NATI
40.86,40.89,40.86,40.89,500,2021-08-18 18:37:00,NATI
40.88,40.88,40.87,40.87,500,2021-08-18 18:38:00,NATI
40.865,40.865,40.865,40.865,200,2021-08-18 18:39:00,NATI
40.85,40.85,40.83,40.83,2500,2021-08-18 18:40:00,NATI
40.88,40.88,40.88,40.88,318,2021-08-18 18:44:00,NATI
40.86,40.86,40.86,40.86,200,2021-08-18 18:45:00,NATI
40.845,40.845,40.845,40.845,100,2021-08-18 18:46:00,NATI
40.84,40.84,40.84,40.84,100,2021-08-18 18:48:00,NATI
40.87,40.87,40.83,40.83,500,2021-08-18 18:51:00,NATI
40.81,40.81,40.81,40.81,200,2021-08-18 18:54:00,NATI
40.829,40.83,40.8002,40.815,988,2021-08-18 18:55:00,NATI
40.79,40.79,40.79,40.79,100,2021-08-18 18:56:00,NATI
40.82,40.84,40.82,40.84,700,2021-08-18 18:57:00,NATI
40.82,40.82,40.82,40.82,200,2021-08-18 18:59:00,NATI
40.81,40.83,40.81,40.83,900,2021-08-18 19:00:00,NATI
40.82,40.84,40.79,40.79,1100,2021-08-18 19:01:00,NATI
40.785,40.8,40.76,40.8,1300,2021-08-18 19:02:00,NATI
40.76,40.76,40.76,40.76,100,2021-08-18 19:03:00,NATI
40.765,40.765,40.765,40.765,100,2021-08-18 19:04:00,NATI
40.78,40.78,40.78,40.78,100,2021-08-18 19:05:00,NATI
40.785,40.785,40.785,40.785,100,2021-08-18 19:06:00,NATI
40.79,40.8,40.77,40.77,1208,2021-08-18 19:07:00,NATI
40.77,40.78,40.76,40.76,708,2021-08-18 19:08:00,NATI
40.75,40.75,40.75,40.75,200,2021-08-18 19:09:00,NATI
40.75,40.77,40.75,40.76,4093,2021-08-18 19:10:00,NATI
40.76,40.765,40.74,40.76,1900,2021-08-18 19:11:00,NATI
40.75,40.77,40.75,40.77,400,2021-08-18 19:12:00,NATI
40.78,40.82,40.78,40.82,700,2021-08-18 19:13:00,NATI
40.82,40.82,40.82,40.82,100,2021-08-18 19:14:00,NATI
40.8,40.8026,40.8,40.8026,1000,2021-08-18 19:15:00,NATI
40.79,40.79,40.755,40.76,2026,2021-08-18 19:17:00,NATI
40.755,40.76,40.75,40.76,400,2021-08-18 19:18:00,NATI
40.79,40.79,40.74,40.74,400,2021-08-18 19:19:00,NATI
40.755,40.755,40.74,40.75,1100,2021-08-18 19:20:00,NATI
40.745,40.745,40.745,40.745,100,2021-08-18 19:21:00,NATI
40.73,40.73,40.72,40.72,200,2021-08-18 19:22:00,NATI
40.7,40.74,40.7,40.74,736,2021-08-18 19:24:00,NATI
40.75,40.75,40.75,40.75,100,2021-08-18 19:25:00,NATI
40.76,40.76,40.76,40.76,100,2021-08-18 19:26:00,NATI
40.77,40.78,40.73,40.78,2482,2021-08-18 19:27:00,NATI
40.77,40.77,40.75,40.76,600,2021-08-18 19:28:00,NATI
40.74,40.74,40.74,40.74,100,2021-08-18 19:29:00,NATI
40.7,40.7,40.69,40.69,300,2021-08-18 19:30:00,NATI
40.68,40.68,40.68,40.68,200,2021-08-18 19:31:00,NATI
40.64,40.64,40.64,40.64,100,2021-08-18 19:32:00,NATI
40.67,40.67,40.61,40.62,600,2021-08-18 19:33:00,NATI
40.63,40.65,40.63,40.64,500,2021-08-18 19:34:00,NATI
40.63,40.65,40.63,40.65,700,2021-08-18 19:35:00,NATI
40.64,40.64,40.6,40.62,1415,2021-08-18 19:36:00,NATI
40.61,40.62,40.565,40.565,1800,2021-08-18 19:37:00,NATI
40.57,40.57,40.56,40.56,500,2021-08-18 19:38:00,NATI
40.57,40.59,40.55,40.55,1075,2021-08-18 19:39:00,NATI
40.58,40.58,40.57,40.57,300,2021-08-18 19:40:00,NATI
40.59,40.62,40.59,40.59,1418,2021-08-18 19:41:00,NATI
40.58,40.58,40.58,40.58,200,2021-08-18 19:42:00,NATI
40.59,40.6,40.585,40.6,411,2021-08-18 19:43:00,NATI
40.595,40.595,40.595,40.595,100,2021-08-18 19:44:00,NATI
40.609,40.62,40.57,40.57,1089,2021-08-18 19:45:00,NATI
40.58,40.58,40.54,40.57,1500,2021-08-18 19:46:00,NATI
40.55,40.55,40.545,40.545,200,2021-08-18 19:47:00,NATI
40.54,40.56,40.54,40.54,690,2021-08-18 19:48:00,NATI
40.55,40.55,40.52,40.52,1613,2021-08-18 19:49:00,NATI
40.51,40.51,40.45,40.47,2500,2021-08-18 19:50:00,NATI
40.44,40.47,40.44,40.47,1351,2021-08-18 19:51:00,NATI
40.47,40.47,40.43,40.47,1399,2021-08-18 19:52:00,NATI
40.45,40.45,40.44,40.44,1037,2021-08-18 19:53:00,NATI
40.43,40.44,40.42,40.43,3900,2021-08-18 19:54:00,NATI
40.42,40.42,40.37,40.39,3224,2021-08-18 19:55:00,NATI
40.39,40.43,40.37,40.37,3500,2021-08-18 19:56:00,NATI
40.37,40.38,40.35,40.35,1600,2021-08-18 19:57:00,NATI
40.38,40.4,40.35,40.35,5425,2021-08-18 19:58:00,NATI
40.36,40.37,40.3,40.32,4223,2021-08-18 19:59:00,NATI
40.32,40.32,40.32,40.32,56433,2021-08-18 20:00:00,NATI
40.32,40.32,40.32,40.32,1300,2021-08-18 20:01:00,NATI
40.32,40.32,40.32,40.32,239800,2021-08-18 20:15:00,NATI
40.14,40.19,40.14,40.17,3959,2021-08-19 13:30:00,NATI
40.045,40.06,40.045,40.06,200,2021-08-19 13:31:00,NATI
40.11,40.13,40.06,40.06,1120,2021-08-19 13:32:00,NATI
40.125,40.19,40.125,40.1697,424,2021-08-19 13:33:00,NATI
40.19,40.19,40.19,40.19,100,2021-08-19 13:34:00,NATI
40.1854,40.19,40.125,40.125,600,2021-08-19 13:35:00,NATI
40.1,40.12,40.05,40.06,1075,2021-08-19 13:37:00,NATI
40.01,40.01,39.96,39.98,1749,2021-08-19 13:41:00,NATI
40.0,40.0,39.96,39.96,500,2021-08-19 13:43:00,NATI
39.985,39.985,39.985,39.985,374,2021-08-19 13:44:00,NATI
39.95,39.95,39.821,39.87,1600,2021-08-19 13:45:00,NATI
39.885,39.97,39.885,39.97,1100,2021-08-19 13:46:00,NATI
40.07,40.07,40.07,40.07,100,2021-08-19 13:47:00,NATI
40.03,40.03,40.03,40.03,540,2021-08-19 13:48:00,NATI
40.0,40.0,39.97,39.97,400,2021-08-19 13:49:00,NATI
39.93,39.94,39.92,39.94,300,2021-08-19 13:50:00,NATI
39.9378,39.9378,39.9378,39.9378,100,2021-08-19 13:51:00,NATI
39.93,39.9573,39.93,39.9573,300,2021-08-19 13:52:00,NATI
39.975,39.975,39.975,39.975,1233,2021-08-19 13:53:00,NATI
39.98,39.98,39.96,39.98,1016,2021-08-19 13:54:00,NATI
39.96,39.96,39.91,39.91,377,2021-08-19 13:55:00,NATI
39.91,39.91,39.91,39.91,100,2021-08-19 13:56:00,NATI
39.91,39.94,39.91,39.94,400,2021-08-19 13:57:00,NATI
39.92,39.925,39.87,39.88,3364,2021-08-19 13:58:00,NATI
39.85,39.86,39.81,39.81,750,2021-08-19 13:59:00,NATI
39.879,39.879,39.79,39.8375,1000,2021-08-19 14:00:00,NATI
39.85,39.89,39.85,39.89,800,2021-08-19 14:01:00,NATI
39.82,39.82,39.81,39.81,300,2021-08-19 14:02:00,NATI
39.87,39.9,39.87,39.9,400,2021-08-19 14:03:00,NATI
39.91,39.92,39.8875,39.92,830,2021-08-19 14:04:00,NATI
39.93,39.93,39.93,39.93,100,2021-08-19 14:05:00,NATI
39.92,39.95,39.9,39.95,699,2021-08-19 14:06:00,NATI
39.96,39.97,39.96,39.97,200,2021-08-19 14:08:00,NATI
39.97,39.97,39.97,39.97,450,2021-08-19 14:09:00,NATI
39.99,40.0,39.97,40.0,919,2021-08-19 14:10:00,NATI
40.0947,40.0947,40.0947,40.0947,109,2021-08-19 14:16:00,NATI
40.11,40.21,40.11,40.21,1253,2021-08-19 14:18:00,NATI
40.18,40.18,40.18,40.18,200,2021-08-19 14:19:00,NATI
40.1,40.1,40.1,40.1,100,2021-08-19 14:21:00,NATI
40.15,40.15,40.125,40.125,200,2021-08-19 14:22:00,NATI
40.1,40.1,40.1,40.1,3000,2021-08-19 14:24:00,NATI
40.08,40.08,40.07,40.07,500,2021-08-19 14:25:00,NATI
40.1,40.11,40.1,40.11,300,2021-08-19 14:26:00,NATI
40.115,40.115,40.115,40.115,100,2021-08-19 14:28:00,NATI
40.12,40.12,40.12,40.12,200,2021-08-19 14:29:00,NATI
40.09,40.1,40.09,40.1,200,2021-08-19 14:31:00,NATI
40.08,40.08,40.08,40.08,437,2021-08-19 14:32:00,NATI
40.06,40.07,40.04,40.07,500,2021-08-19 14:35:00,NATI
40.08,40.1,40.08,40.1,600,2021-08-19 14:36:00,NATI
40.09,40.0987,40.06,40.06,3400,2021-08-19 14:37:00,NATI
40.08,40.08,40.08,40.08,166,2021-08-19 14:38:00,NATI
40.06,40.06,40.05,40.05,500,2021-08-19 14:39:00,NATI
40.03,40.03,40.01,40.01,400,2021-08-19 14:40:00,NATI
40.02,40.04,40.02,40.04,600,2021-08-19 14:41:00,NATI
40.01,40.01,40.01,40.01,304,2021-08-19 14:46:00,NATI
39.99,39.99,39.99,39.99,100,2021-08-19 14:47:00,NATI
39.97,39.97,39.97,39.97,100,2021-08-19 14:48:00,NATI
39.975,40.0,39.975,40.0,634,2021-08-19 14:50:00,NATI
39.985,39.985,39.985,39.985,100,2021-08-19 14:51:00,NATI
39.99,39.99,39.96,39.96,1900,2021-08-19 14:52:00,NATI
39.98,40.01,39.98,40.01,400,2021-08-19 14:53:00,NATI
40.03,40.03,40.03,40.03,100,2021-08-19 14:54:00,NATI
40.04,40.04,40.04,40.04,300,2021-08-19 14:55:00,NATI
40.04,40.04,40.03,40.04,1500,2021-08-19 14:56:00,NATI
40.06,40.08,40.06,40.08,300,2021-08-19 14:57:00,NATI
40.03,40.03,40.0,40.0,400,2021-08-19 15:00:00,NATI
40.0,40.04,40.0,40.04,700,2021-08-19 15:01:00,NATI
40.08,40.1,40.08,40.1,300,2021-08-19 15:02:00,NATI
40.13,40.13,40.13,40.13,100,2021-08-19 15:05:00,NATI
40.11,40.11,40.11,40.11,100,2021-08-19 15:06:00,NATI
40.11,40.11,40.11,40.11,100,2021-08-19 15:07:00,NATI
40.08,40.095,40.07,40.08,1000,2021-08-19 15:08:00,NATI
40.02,40.02,40.02,40.02,300,2021-08-19 15:09:00,NATI
40.07,40.08,40.07,40.07,400,2021-08-19 15:10:00,NATI
40.08,40.09,40.08,40.09,200,2021-08-19 15:11:00,NATI
40.11,40.11,40.07,40.07,3080,2021-08-19 15:12:00,NATI
40.095,40.095,40.095,40.095,416,2021-08-19 15:13:00,NATI
40.07,40.07,40.045,40.045,400,2021-08-19 15:14:00,NATI
40.06,40.07,40.06,40.07,300,2021-08-19 15:16:00,NATI
40.05,40.05,40.03,40.04,300,2021-08-19 15:17:00,NATI
40.035,40.06,40.035,40.06,300,2021-08-19 15:18:00,NATI
40.07,40.07,40.05,40.06,900,2021-08-19 15:22:00,NATI
40.06,40.06,40.05,40.05,200,2021-08-19 15:23:00,NATI
40.09,40.09,40.09,40.09,400,2021-08-19 15:24:00,NATI
40.09,40.09,40.09,40.09,100,2021-08-19 15:25:00,NATI
40.05,40.05,40.03,40.03,500,2021-08-19 15:27:00,NATI
40.05,40.05,40.05,40.05,100,2021-08-19 15:31:00,NATI
40.03,40.055,40.03,40.055,600,2021-08-19 15:33:00,NATI
40.03,40.03,40.03,40.03,100,2021-08-19 15:34:00,NATI
40.0,40.0,40.0,40.0,100,2021-08-19 15:36:00,NATI
40.02,40.03,40.02,40.03,400,2021-08-19 15:37:00,NATI
40.0,40.02,40.0,40.02,503,2021-08-19 15:38:00,NATI
40.0,40.0,39.98,39.98,1400,2021-08-19 15:42:00,NATI
39.995,39.995,39.995,39.995,300,2021-08-19 15:43:00,NATI
40.02,40.02,40.02,40.02,300,2021-08-19 15:44:00,NATI
40.09,40.1,40.09,40.1,600,2021-08-19 15:46:00,NATI
40.12,40.12,40.12,40.12,100,2021-08-19 15:47:00,NATI
40.145,40.145,40.135,40.135,200,2021-08-19 15:50:00,NATI
40.12,40.13,40.12,40.12,780,2021-08-19 15:51:00,NATI
40.135,40.135,40.135,40.135,100,2021-08-19 15:52:00,NATI
40.11,40.11,40.11,40.11,650,2021-08-19 15:53:00,NATI
40.1234,40.1234,40.1234,40.1234,100,2021-08-19 15:54:00,NATI
40.1364,40.1364,40.125,40.125,504,2021-08-19 15:55:00,NATI
40.125,40.125,40.1,40.1,2600,2021-08-19 15:56:00,NATI
40.1,40.11,40.1,40.1,700,2021-08-19 15:57:00,NATI
40.07,40.07,40.07,40.07,100,2021-08-19 15:58:00,NATI
40.09,40.09,40.08,40.09,400,2021-08-19 16:00:00,NATI
40.09,40.09,40.09,40.09,100,2021-08-19 16:02:00,NATI
40.1,40.1,40.05,40.055,1200,2021-08-19 16:04:00,NATI
40.05,40.05,40.05,40.05,300,2021-08-19 16:05:00,NATI
40.03,40.03,40.03,40.03,100,2021-08-19 16:06:00,NATI
39.98,39.98,39.96,39.97,1600,2021-08-19 16:07:00,NATI
39.96,39.96,39.96,39.96,100,2021-08-19 16:08:00,NATI
39.95,39.95,39.95,39.95,225,2021-08-19 16:09:00,NATI
39.96,39.99,39.96,39.97,2822,2021-08-19 16:10:00,NATI
40.03,40.04,40.03,40.04,775,2021-08-19 16:11:00,NATI
40.03,40.03,40.01,40.02,1116,2021-08-19 16:15:00,NATI
40.02,40.03,40.0,40.0,2189,2021-08-19 16:16:00,NATI
40.0,40.005,40.0,40.005,200,2021-08-19 16:17:00,NATI
39.9947,39.9947,39.9947,39.9947,416,2021-08-19 16:18:00,NATI
40.005,40.01,40.005,40.01,200,2021-08-19 16:19:00,NATI
39.98,39.98,39.98,39.98,100,2021-08-19 16:20:00,NATI
39.985,39.985,39.96,39.96,3124,2021-08-19 16:21:00,NATI
39.98,40.0,39.98,39.98,1777,2021-08-19 16:22:00,NATI
39.98,40.0,39.98,40.0,840,2021-08-19 16:23:00,NATI
40.025,40.025,40.025,40.025,100,2021-08-19 16:24:00,NATI
40.055,40.055,40.055,40.055,100,2021-08-19 16:26:00,NATI
40.055,40.055,40.05,40.05,200,2021-08-19 16:27:00,NATI
40.04,40.05,40.04,40.05,200,2021-08-19 16:29:00,NATI
40.03,40.0699,40.02,40.0699,1530,2021-08-19 16:30:00,NATI
40.03,40.03,40.03,40.03,859,2021-08-19 16:31:00,NATI
40.02,40.05,40.01,40.05,900,2021-08-19 16:32:00,NATI
40.05,40.05,40.05,40.05,100,2021-08-19 16:33:00,NATI
40.07,40.085,40.07,40.085,800,2021-08-19 16:34:00,NATI
40.06,40.09,40.06,40.09,202,2021-08-19 16:35:00,NATI
40.0798,40.12,40.0798,40.12,500,2021-08-19 16:36:00,NATI
40.1,40.13,40.09,40.13,1940,2021-08-19 16:38:00,NATI
40.09,40.12,40.09,40.12,900,2021-08-19 16:39:00,NATI
40.12,40.12,40.11,40.11,300,2021-08-19 16:40:00,NATI
40.11,40.11,40.09,40.09,730,2021-08-19 16:41:00,NATI
40.1095,40.15,40.1,40.12,1760,2021-08-19 16:42:00,NATI
40.135,40.135,40.11,40.12,850,2021-08-19 16:44:00,NATI
40.13,40.13,40.13,40.13,100,2021-08-19 16:45:00,NATI
40.12,40.12,40.12,40.12,100,2021-08-19 16:48:00,NATI
40.13,40.13,40.13,40.13,100,2021-08-19 16:49:00,NATI
40.115,40.115,40.115,40.115,100,2021-08-19 16:54:00,NATI
40.14,40.14,40.13,40.14,1240,2021-08-19 16:55:00,NATI
40.19,40.19,40.19,40.19,100,2021-08-19 16:56:00,NATI
40.2,40.2,40.2,40.2,100,2021-08-19 16:57:00,NATI
40.21,40.21,40.21,40.21,360,2021-08-19 16:58:00,NATI
40.23,40.24,40.23,40.24,1357,2021-08-19 16:59:00,NATI
40.21,40.21,40.19,40.19,300,2021-08-19 17:00:00,NATI
40.17,40.17,40.17,40.17,626,2021-08-19 17:04:00,NATI
40.15,40.15,40.15,40.15,200,2021-08-19 17:05:00,NATI
40.13,40.135,40.1257,40.135,730,2021-08-19 17:10:00,NATI
40.14,40.2,40.14,40.19,2362,2021-08-19 17:11:00,NATI
40.1867,40.19,40.1867,40.19,287,2021-08-19 17:13:00,NATI
40.195,40.21,40.1921,40.1921,838,2021-08-19 17:15:00,NATI
40.18,40.18,40.18,40.18,300,2021-08-19 17:16:00,NATI
40.17,40.18,40.17,40.18,900,2021-08-19 17:18:00,NATI
40.2,40.2,40.2,40.2,652,2021-08-19 17:20:00,NATI
40.2,40.2,40.2,40.2,300,2021-08-19 17:21:00,NATI
40.2,40.205,40.17,40.17,1681,2021-08-19 17:23:00,NATI
40.17,40.18,40.17,40.18,500,2021-08-19 17:24:00,NATI
40.14,40.16,40.14,40.16,1073,2021-08-19 17:28:00,NATI
40.15,40.16,40.15,40.16,900,2021-08-19 17:29:00,NATI
40.15,40.15,40.15,40.15,300,2021-08-19 17:31:00,NATI
40.12,40.12,40.12,40.12,200,2021-08-19 17:32:00,NATI
40.125,40.14,40.125,40.14,1620,2021-08-19 17:34:00,NATI
40.14,40.14,40.11,40.11,300,2021-08-19 17:35:00,NATI
40.15,40.165,40.15,40.165,420,2021-08-19 17:39:00,NATI
40.24,40.26,40.24,40.26,659,2021-08-19 17:42:00,NATI
40.24,40.24,40.23,40.23,326,2021-08-19 17:43:00,NATI
40.22,40.22,40.22,40.22,100,2021-08-19 17:44:00,NATI
40.26,40.26,40.26,40.26,400,2021-08-19 17:45:00,NATI
40.236,40.236,40.2238,40.2238,232,2021-08-19 17:46:00,NATI
40.24,40.24,40.24,40.24,160,2021-08-19 17:50:00,NATI
40.26,40.26,40.26,40.26,104,2021-08-19 17:53:00,NATI
40.25,40.25,40.22,40.22,900,2021-08-19 17:55:00,NATI
40.2,40.2,40.2,40.2,400,2021-08-19 17:57:00,NATI
40.2,40.22,40.2,40.21,500,2021-08-19 17:58:00,NATI
40.2,40.2,40.17,40.175,1318,2021-08-19 17:59:00,NATI
40.19,40.22,40.19,40.22,1219,2021-08-19 18:00:00,NATI
40.21,40.21,40.18,40.18,300,2021-08-19 18:03:00,NATI
40.1715,40.1715,40.1715,40.1715,108,2021-08-19 18:04:00,NATI
40.18,40.18,40.15,40.17,879,2021-08-19 18:05:00,NATI
40.17,40.2,40.17,40.2,400,2021-08-19 18:06:00,NATI
40.18,40.18,40.18,40.18,100,2021-08-19 18:08:00,NATI
40.13,40.16,40.12,40.14,600,2021-08-19 18:11:00,NATI
40.19,40.19,40.19,40.19,100,2021-08-19 18:13:00,NATI
40.15,40.17,40.15,40.17,400,2021-08-19 18:14:00,NATI
40.145,40.145,40.145,40.145,100,2021-08-19 18:15:00,NATI
40.14,40.15,40.14,40.15,200,2021-08-19 18:16:00,NATI
40.14,40.15,40.14,40.15,200,2021-08-19 18:17:00,NATI
40.17,40.19,40.17,40.18,1268,2021-08-19 18:18:00,NATI
40.2,40.2,40.19,40.19,2900,2021-08-19 18:23:00,NATI
40.2,40.22,40.2,40.215,4212,2021-08-19 18:25:00,NATI
40.2,40.22,40.2,40.2,800,2021-08-19 18:26:00,NATI
40.2,40.2,40.2,40.2,400,2021-08-19 18:27:00,NATI
40.19,40.19,40.18,40.18,700,2021-08-19 18:28:00,NATI
40.17,40.17,40.09,40.11,1900,2021-08-19 18:29:00,NATI
40.05,40.05,40.04,40.04,701,2021-08-19 18:32:00,NATI
40.07,40.08,40.07,40.08,200,2021-08-19 18:33:00,NATI
40.11,40.11,40.11,40.11,200,2021-08-19 18:34:00,NATI
40.1,40.12,40.1,40.12,300,2021-08-19 18:35:00,NATI
40.13,40.14,40.13,40.14,200,2021-08-19 18:36:00,NATI
40.14,40.14,40.12,40.12,800,2021-08-19 18:37:00,NATI
40.14,40.14,40.14,40.14,200,2021-08-19 18:39:00,NATI
40.14,40.14,40.12,40.12,600,2021-08-19 18:40:00,NATI
40.14,40.14,40.14,40.14,100,2021-08-19 18:41:00,NATI
40.14,40.14,40.14,40.14,300,2021-08-19 18:42:00,NATI
40.16,40.16,40.16,40.16,100,2021-08-19 18:44:00,NATI
40.14,40.14,40.11,40.11,200,2021-08-19 18:45:00,NATI
40.13,40.13,40.13,40.13,200,2021-08-19 18:46:00,NATI
40.16,40.16,40.15,40.15,460,2021-08-19 18:48:00,NATI
40.12,40.12,40.12,40.12,200,2021-08-19 18:49:00,NATI
40.12,40.12,40.085,40.085,1864,2021-08-19 18:50:00,NATI
40.1,40.1,40.1,40.1,500,2021-08-19 18:51:00,NATI
40.11,40.11,40.11,40.11,200,2021-08-19 18:52:00,NATI
40.17,40.2,40.17,40.2,460,2021-08-19 18:53:00,NATI
40.2,40.24,40.2,40.24,536,2021-08-19 18:55:00,NATI
40.21,40.21,40.21,40.21,395,2021-08-19 18:57:00,NATI
40.2,40.22,40.2,40.22,678,2021-08-19 18:58:00,NATI
40.22,40.22,40.22,40.22,400,2021-08-19 18:59:00,NATI
40.24,40.25,40.24,40.25,460,2021-08-19 19:00:00,NATI
40.24,40.24,40.23,40.23,500,2021-08-19 19:01:00,NATI
40.25,40.26,40.24,40.24,600,2021-08-19 19:03:00,NATI
40.24,40.24,40.22,40.22,400,2021-08-19 19:05:00,NATI
40.235,40.235,40.235,40.235,102,2021-08-19 19:07:00,NATI
40.25,40.26,40.23,40.23,1413,2021-08-19 19:08:00,NATI
40.24,40.24,40.24,40.24,100,2021-08-19 19:09:00,NATI
40.24,40.24,40.24,40.24,370,2021-08-19 19:11:00,NATI
40.24,40.26,40.23,40.26,1100,2021-08-19 19:12:00,NATI
40.25,40.25,40.25,40.25,637,2021-08-19 19:14:00,NATI
40.23,40.24,40.23,40.24,657,2021-08-19 19:15:00,NATI
40.25,40.25,40.23,40.23,900,2021-08-19 19:16:00,NATI
40.23,40.23,40.23,40.23,200,2021-08-19 19:18:00,NATI
40.23,40.23,40.22,40.22,400,2021-08-19 19:20:00,NATI
40.19,40.21,40.19,40.21,396,2021-08-19 19:21:00,NATI
40.22,40.22,40.22,40.22,200,2021-08-19 19:22:00,NATI
40.24,40.24,40.22,40.22,400,2021-08-19 19:23:00,NATI
40.23,40.23,40.23,40.23,460,2021-08-19 19:25:00,NATI
40.23,40.23,40.23,40.23,200,2021-08-19 19:26:00,NATI
40.24,40.24,40.24,40.24,200,2021-08-19 19:27:00,NATI
40.25,40.25,40.25,40.25,720,2021-08-19 19:28:00,NATI
40.25,40.25,40.25,40.25,100,2021-08-19 19:29:00,NATI
40.25,40.25,40.23,40.23,300,2021-08-19 19:30:00,NATI
40.22,40.22,40.22,40.22,400,2021-08-19 19:31:00,NATI
40.22,40.23,40.22,40.23,640,2021-08-19 19:32:00,NATI
40.22,40.24,40.22,40.24,540,2021-08-19 19:33:00,NATI
40.24,40.24,40.23,40.23,384,2021-08-19 19:34:00,NATI
40.2273,40.24,40.2273,40.24,476,2021-08-19 19:35:00,NATI
40.24,40.25,40.24,40.24,1118,2021-08-19 19:36:00,NATI
40.24,40.24,40.23,40.23,500,2021-08-19 19:37:00,NATI
40.23,40.23,40.22,40.22,200,2021-08-19 19:38:00,NATI
40.215,40.22,40.2,40.2,1300,2021-08-19 19:39:00,NATI
40.2,40.2,40.175,40.185,3383,2021-08-19 19:40:00,NATI
40.2,40.2,40.18,40.19,654,2021-08-19 19:41:00,NATI
40.18,40.245,40.18,40.245,4941,2021-08-19 19:42:00,NATI
40.25,40.25,40.25,40.25,100,2021-08-19 19:43:00,NATI
40.24,40.26,40.23,40.24,2405,2021-08-19 19:45:00,NATI
40.25,40.28,40.25,40.26,3200,2021-08-19 19:46:00,NATI
40.26,40.26,40.235,40.24,830,2021-08-19 19:47:00,NATI
40.26,40.26,40.24,40.25,300,2021-08-19 19:48:00,NATI
40.24,40.245,40.24,40.24,1193,2021-08-19 19:49:00,NATI
40.26,40.31,40.26,40.29,2581,2021-08-19 19:50:00,NATI
40.27,40.29,40.24,40.245,1700,2021-08-19 19:51:00,NATI
40.22,40.24,40.22,40.24,1900,2021-08-19 19:52:00,NATI
40.24,40.265,40.23,40.265,3955,2021-08-19 19:53:00,NATI
40.26,40.295,40.26,40.28,5048,2021-08-19 19:54:00,NATI
40.28,40.29,40.26,40.265,11224,2021-08-19 19:55:00,NATI
40.265,40.28,40.25,40.27,5711,2021-08-19 19:56:00,NATI
40.27,40.29,40.27,40.29,2560,2021-08-19 19:57:00,NATI
40.285,40.29,40.27,40.27,3699,2021-08-19 19:58:00,NATI
40.27,40.34,40.27,40.33,14507,2021-08-19 19:59:00,NATI
40.33,40.33,40.33,40.33,32706,2021-08-19 20:00:00,NATI
40.29,40.3,40.13,40.13,3638,2021-08-20 13:30:00,NATI
40.29,40.47,40.28,40.47,3388,2021-08-20 13:31:00,NATI
40.47,40.47,40.47,40.47,100,2021-08-20 13:32:00,NATI
40.58,40.58,40.58,40.58,400,2021-08-20 13:34:00,NATI
40.295,40.415,40.28,40.33,4581,2021-08-20 13:36:00,NATI
40.39,40.39,40.39,40.39,100,2021-08-20 13:37:00,NATI
40.25,40.25,40.25,40.25,100,2021-08-20 13:38:00,NATI
40.37,40.37,40.37,40.37,323,2021-08-20 13:39:00,NATI
40.3,40.3,40.3,40.3,200,2021-08-20 13:42:00,NATI
40.34,40.34,40.34,40.34,100,2021-08-20 13:43:00,NATI
40.41,40.41,40.41,40.41,100,2021-08-20 13:44:00,NATI
40.55,40.55,40.55,40.55,700,2021-08-20 13:47:00,NATI
40.59,40.59,40.59,40.59,200,2021-08-20 13:48:00,NATI
40.59,40.6,40.54,40.56,1400,2021-08-20 13:49:00,NATI
40.51,40.51,40.51,40.51,100,2021-08-20 13:50:00,NATI
40.47,40.47,40.47,40.47,100,2021-08-20 13:52:00,NATI
40.46,40.46,40.44,40.44,200,2021-08-20 13:53:00,NATI
40.465,40.465,40.42,40.428,1916,2021-08-20 13:54:00,NATI
40.46,40.47,40.46,40.46,400,2021-08-20 13:55:00,NATI
40.44,40.44,40.44,40.44,400,2021-08-20 13:56:00,NATI
40.47,40.47,40.46,40.46,300,2021-08-20 13:57:00,NATI
40.425,40.46,40.425,40.46,1100,2021-08-20 13:58:00,NATI
40.45,40.45,40.45,40.45,112,2021-08-20 13:59:00,NATI
40.4,40.4,40.4,40.4,100,2021-08-20 14:00:00,NATI
40.47,40.5656,40.47,40.5656,2900,2021-08-20 14:01:00,NATI
40.51,40.6,40.51,40.6,2500,2021-08-20 14:03:00,NATI
40.59,40.59,40.51,40.555,3300,2021-08-20 14:04:00,NATI
40.57,40.57,40.56,40.565,962,2021-08-20 14:05:00,NATI
40.565,40.575,40.565,40.575,200,2021-08-20 14:07:00,NATI
40.54,40.57,40.54,40.57,1249,2021-08-20 14:13:00,NATI
40.57,40.585,40.57,40.585,500,2021-08-20 14:14:00,NATI
40.56,40.56,40.54,40.54,700,2021-08-20 14:16:00,NATI
40.61,40.615,40.6,40.6,400,2021-08-20 14:17:00,NATI
40.61,40.63,40.61,40.63,600,2021-08-20 14:18:00,NATI
40.625,40.6391,40.625,40.6391,570,2021-08-20 14:19:00,NATI
40.59,40.59,40.59,40.59,100,2021-08-20 14:21:00,NATI
40.59,40.59,40.59,40.59,500,2021-08-20 14:24:00,NATI
40.53,40.53,40.51,40.51,400,2021-08-20 14:27:00,NATI
40.5,40.5,40.48,40.48,500,2021-08-20 14:28:00,NATI
40.49,40.52,40.49,40.52,856,2021-08-20 14:29:00,NATI
40.55,40.55,40.535,40.535,200,2021-08-20 14:30:00,NATI
40.55,40.55,40.55,40.55,100,2021-08-20 14:31:00,NATI
40.58,40.69,40.58,40.655,9336,2021-08-20 14:33:00,NATI
40.7,40.7,40.7,40.7,100,2021-08-20 14:35:00,NATI
40.68,40.68,40.68,40.68,100,2021-08-20 14:36:00,NATI
40.7,40.73,40.7,40.73,700,2021-08-20 14:37:00,NATI
40.77,40.77,40.77,40.77,200,2021-08-20 14:38:00,NATI
40.75,40.75,40.71,40.71,900,2021-08-20 14:40:00,NATI
40.7,40.7,40.7,40.7,300,2021-08-20 14:41:00,NATI
40.68,40.69,40.68,40.69,300,2021-08-20 14:43:00,NATI
40.68,40.68,40.68,40.68,100,2021-08-20 14:44:00,NATI
40.7,40.72,40.7,40.72,360,2021-08-20 14:45:00,NATI
40.72,40.72,40.72,40.72,200,2021-08-20 14:46:00,NATI
40.7,40.7,40.7,40.7,100,2021-08-20 14:49:00,NATI
40.69,40.69,40.69,40.69,100,2021-08-20 14:51:00,NATI
40.67,40.675,40.67,40.675,200,2021-08-20 14:52:00,NATI
40.69,40.73,40.69,40.73,440,2021-08-20 14:53:00,NATI
40.75,40.75,40.75,40.75,100,2021-08-20 14:54:00,NATI
40.74,40.77,40.74,40.77,309,2021-08-20 14:57:00,NATI
40.73,40.73,40.71,40.71,348,2021-08-20 14:59:00,NATI
40.71,40.71,40.71,40.71,100,2021-08-20 15:00:00,NATI
40.71,40.71,40.71,40.71,100,2021-08-20 15:02:00,NATI
40.735,40.735,40.69,40.695,300,2021-08-20 15:04:00,NATI
40.74,40.77,40.7,40.7,1100,2021-08-20 15:06:00,NATI
40.739,40.739,40.739,40.739,100,2021-08-20 15:07:00,NATI
40.73,40.73,40.73,40.73,200,2021-08-20 15:08:00,NATI
40.77,40.77,40.745,40.745,367,2021-08-20 15:10:00,NATI
40.76,40.78,40.76,40.775,600,2021-08-20 15:12:00,NATI
40.76,40.775,40.76,40.775,200,2021-08-20 15:13:00,NATI
40.78,40.785,40.76,40.76,600,2021-08-20 15:15:00,NATI
40.8,40.8,40.8,40.8,100,2021-08-20 15:21:00,NATI
40.8163,40.8163,40.8163,40.8163,456,2021-08-20 15:25:00,NATI
40.8,40.8,40.78,40.79,1200,2021-08-20 15:26:00,NATI
40.79,40.79,40.79,40.79,100,2021-08-20 15:27:00,NATI
40.8,40.81,40.77,40.8,4300,2021-08-20 15:30:00,NATI
40.78,40.78,40.78,40.78,200,2021-08-20 15:32:00,NATI
40.78,40.79,40.78,40.79,300,2021-08-20 15:33:00,NATI
40.8,40.8216,40.8,40.8216,453,2021-08-20 15:34:00,NATI
40.82,40.82,40.8,40.8,600,2021-08-20 15:36:00,NATI
40.81,40.819,40.79,40.79,2200,2021-08-20 15:37:00,NATI
40.8,40.82,40.78,40.82,2461,2021-08-20 15:38:00,NATI
40.8273,40.83,40.82,40.82,841,2021-08-20 15:39:00,NATI
40.78,40.8,40.77,40.8,800,2021-08-20 15:41:00,NATI
40.81,40.81,40.81,40.81,200,2021-08-20 15:42:00,NATI
40.81,40.81,40.81,40.81,200,2021-08-20 15:44:00,NATI
40.82,40.82,40.82,40.82,300,2021-08-20 15:45:00,NATI
40.81,40.81,40.81,40.81,200,2021-08-20 15:46:00,NATI
40.8,40.8,40.79,40.8,1100,2021-08-20 15:47:00,NATI
40.8,40.825,40.8,40.81,400,2021-08-20 15:48:00,NATI
40.82,40.82,40.82,40.82,100,2021-08-20 15:50:00,NATI
40.8046,40.8046,40.8046,40.8046,586,2021-08-20 15:51:00,NATI
40.8,40.8,40.78,40.78,500,2021-08-20 15:52:00,NATI
40.8,40.8,40.8,40.8,100,2021-08-20 15:53:00,NATI
40.8,40.8,40.79,40.79,200,2021-08-20 15:58:00,NATI
40.8,40.8,40.8,40.8,100,2021-08-20 16:00:00,NATI
40.79,40.84,40.79,40.84,1165,2021-08-20 16:04:00,NATI
40.84,40.84,40.84,40.84,300,2021-08-20 16:07:00,NATI
40.79,40.79,40.79,40.79,100,2021-08-20 16:09:00,NATI
40.77,40.77,40.76,40.76,400,2021-08-20 16:12:00,NATI
40.76,40.76,40.76,40.76,100,2021-08-20 16:15:00,NATI
40.76,40.8,40.76,40.8,900,2021-08-20 16:16:00,NATI
40.8,40.8,40.8,40.8,100,2021-08-20 16:17:00,NATI
40.76,40.76,40.76,40.76,300,2021-08-20 16:19:00,NATI
40.79,40.79,40.79,40.79,200,2021-08-20 16:23:00,NATI
40.8,40.81,40.8,40.81,200,2021-08-20 16:25:00,NATI
40.79,40.79,40.79,40.79,100,2021-08-20 16:26:00,NATI
40.81,40.81,40.81,40.81,499,2021-08-20 16:27:00,NATI
40.87,40.87,40.86,40.86,300,2021-08-20 16:29:00,NATI
40.9,40.9,40.87,40.87,920,2021-08-20 16:34:00,NATI
40.89,40.89,40.89,40.89,100,2021-08-20 16:35:00,NATI
40.88,40.88,40.87,40.87,300,2021-08-20 16:40:00,NATI
40.88,40.88,40.88,40.88,100,2021-08-20 16:42:00,NATI
40.9,40.9,40.9,40.9,520,2021-08-20 16:43:00,NATI
40.91,40.91,40.91,40.91,400,2021-08-20 16:45:00,NATI
40.9,40.9,40.9,40.9,700,2021-08-20 16:46:00,NATI
40.9,40.9,40.9,40.9,300,2021-08-20 16:47:00,NATI
40.91,40.91,40.91,40.91,200,2021-08-20 16:48:00,NATI
40.92,40.92,40.91,40.91,600,2021-08-20 16:49:00,NATI
40.87,40.87,40.87,40.87,300,2021-08-20 16:56:00,NATI
40.87,40.89,40.85,40.85,1580,2021-08-20 17:00:00,NATI
40.88,40.88,40.88,40.88,100,2021-08-20 17:03:00,NATI
40.87,40.87,40.87,40.87,100,2021-08-20 17:04:00,NATI
40.87,40.87,40.87,40.87,100,2021-08-20 17:06:00,NATI
40.86,40.86,40.85,40.86,800,2021-08-20 17:12:00,NATI
40.87,40.87,40.87,40.87,100,2021-08-20 17:13:00,NATI
40.88,40.88,40.88,40.88,1360,2021-08-20 17:14:00,NATI
40.87,40.87,40.87,40.87,100,2021-08-20 17:15:00,NATI
40.87,40.87,40.85,40.85,1623,2021-08-20 17:17:00,NATI
40.87,40.87,40.85,40.85,560,2021-08-20 17:19:00,NATI
40.84,40.86,40.84,40.86,400,2021-08-20 17:20:00,NATI
40.84,40.84,40.84,40.84,500,2021-08-20 17:22:00,NATI
40.8102,40.8102,40.8102,40.8102,100,2021-08-20 17:24:00,NATI
40.81,40.81,40.8,40.81,1100,2021-08-20 17:25:00,NATI
40.8,40.8,40.8,40.8,100,2021-08-20 17:26:00,NATI
40.81,40.82,40.81,40.82,400,2021-08-20 17:27:00,NATI
40.82,40.82,40.82,40.82,100,2021-08-20 17:28:00,NATI
40.81,40.81,40.79,40.79,200,2021-08-20 17:29:00,NATI
40.81,40.81,40.81,40.81,400,2021-08-20 17:30:00,NATI
40.82,40.82,40.82,40.82,100,2021-08-20 17:31:00,NATI
40.8,40.8,40.78,40.79,1340,2021-08-20 17:36:00,NATI
40.79,40.8,40.79,40.8,200,2021-08-20 17:37:00,NATI
40.79,40.79,40.78,40.785,500,2021-08-20 17:39:00,NATI
40.79,40.8,40.79,40.79,500,2021-08-20 17:40:00,NATI
40.79,40.79,40.79,40.79,100,2021-08-20 17:46:00,NATI
40.81,40.81,40.81,40.81,200,2021-08-20 17:48:00,NATI
40.79,40.79,40.79,40.79,100,2021-08-20 17:49:00,NATI
40.82,40.83,40.82,40.83,620,2021-08-20 17:51:00,NATI
40.81,40.81,40.81,40.81,400,2021-08-20 17:52:00,NATI
40.815,40.815,40.815,40.815,100,2021-08-20 17:53:00,NATI
40.8,40.8,40.7904,40.791,1023,2021-08-20 17:54:00,NATI
40.791,40.7945,40.79,40.79,766,2021-08-20 17:56:00,NATI
40.79,40.8,40.79,40.8,991,2021-08-20 18:00:00,NATI
40.84,40.85,40.84,40.85,460,2021-08-20 18:05:00,NATI
40.855,40.855,40.855,40.855,144,2021-08-20 18:06:00,NATI
40.86,40.86,40.86,40.86,800,2021-08-20 18:08:00,NATI
40.85,40.85,40.85,40.85,200,2021-08-20 18:10:00,NATI
40.87,40.87,40.87,40.87,360,2021-08-20 18:12:00,NATI
40.88,40.88,40.88,40.88,200,2021-08-20 18:13:00,NATI
40.86,40.864,40.84,40.84,3400,2021-08-20 18:15:00,NATI
40.86,40.86,40.86,40.86,306,2021-08-20 18:16:00,NATI
40.87,40.87,40.87,40.87,200,2021-08-20 18:17:00,NATI
40.84,40.84,40.83,40.83,300,2021-08-20 18:20:00,NATI
40.8,40.8,40.8,40.8,100,2021-08-20 18:22:00,NATI
40.8,40.8,40.78,40.78,400,2021-08-20 18:23:00,NATI
40.775,40.81,40.775,40.81,600,2021-08-20 18:25:00,NATI
40.79,40.79,40.79,40.79,100,2021-08-20 18:26:00,NATI
40.76,40.76,40.74,40.74,300,2021-08-20 18:31:00,NATI
40.75,40.75,40.74,40.74,205,2021-08-20 18:34:00,NATI
40.72,40.72,40.72,40.72,200,2021-08-20 18:35:00,NATI
40.73,40.76,40.73,40.76,1400,2021-08-20 18:38:00,NATI
40.74,40.74,40.73,40.73,400,2021-08-20 18:44:00,NATI
40.72,40.74,40.72,40.74,600,2021-08-20 18:48:00,NATI
40.75,40.75,40.75,40.75,100,2021-08-20 18:49:00,NATI
40.73,40.73,40.73,40.73,100,2021-08-20 18:51:00,NATI
40.725,40.73,40.725,40.73,200,2021-08-20 18:52:00,NATI
40.73,40.74,40.73,40.74,740,2021-08-20 18:53:00,NATI
40.765,40.765,40.765,40.765,100,2021-08-20 18:56:00,NATI
40.76,40.76,40.76,40.76,100,2021-08-20 18:57:00,NATI
40.75,40.75,40.74,40.74,700,2021-08-20 18:58:00,NATI
40.75,40.75,40.74,40.74,360,2021-08-20 19:01:00,NATI
40.75,40.76,40.75,40.76,640,2021-08-20 19:02:00,NATI
40.76,40.76,40.75,40.75,200,2021-08-20 19:04:00,NATI
40.73,40.73,40.73,40.73,300,2021-08-20 19:06:00,NATI
40.72,40.72,40.705,40.71,1520,2021-08-20 19:07:00,NATI
40.73,40.78,40.73,40.78,702,2021-08-20 19:09:00,NATI
40.76,40.79,40.76,40.79,400,2021-08-20 19:11:00,NATI
40.78,40.78,40.78,40.78,100,2021-08-20 19:13:00,NATI
40.8,40.8,40.8,40.8,320,2021-08-20 19:15:00,NATI
40.79,40.79,40.79,40.79,100,2021-08-20 19:17:00,NATI
40.78,40.78,40.78,40.78,100,2021-08-20 19:18:00,NATI
40.78,40.78,40.78,40.78,100,2021-08-20 19:20:00,NATI
40.78,40.81,40.78,40.81,1433,2021-08-20 19:25:00,NATI
40.8,40.8,40.8,40.8,100,2021-08-20 19:27:00,NATI
40.81,40.81,40.81,40.81,200,2021-08-20 19:28:00,NATI
40.81,40.81,40.8,40.8,300,2021-08-20 19:30:00,NATI
40.8,40.8,40.8,40.8,100,2021-08-20 19:31:00,NATI
40.79,40.79,40.78,40.78,600,2021-08-20 19:32:00,NATI
40.79,40.79,40.79,40.79,100,2021-08-20 19:34:00,NATI
40.79,40.79,40.79,40.79,100,2021-08-20 19:35:00,NATI
40.8,40.8,40.79,40.79,200,2021-08-20 19:36:00,NATI
40.79,40.79,40.79,40.79,280,2021-08-20 19:37:00,NATI
40.795,40.795,40.79,40.79,300,2021-08-20 19:38:00,NATI
40.79,40.84,40.79,40.84,3100,2021-08-20 19:39:00,NATI
40.84,40.84,40.84,40.84,200,2021-08-20 19:40:00,NATI
40.82,40.82,40.82,40.82,700,2021-08-20 19:42:00,NATI
40.82,40.85,40.82,40.84,1078,2021-08-20 19:43:00,NATI
40.85,40.85,40.845,40.845,200,2021-08-20 19:44:00,NATI
40.845,40.845,40.845,40.845,100,2021-08-20 19:45:00,NATI
40.85,40.855,40.85,40.855,800,2021-08-20 19:46:00,NATI
40.855,40.855,40.855,40.855,100,2021-08-20 19:47:00,NATI
40.855,40.855,40.85,40.85,1794,2021-08-20 19:48:00,NATI
40.84,40.84,40.81,40.81,1200,2021-08-20 19:49:00,NATI
40.81,40.835,40.81,40.835,2239,2021-08-20 19:50:00,NATI
40.82,40.82,40.82,40.82,1000,2021-08-20 19:51:00,NATI
40.82,40.82,40.82,40.82,200,2021-08-20 19:52:00,NATI
40.83,40.84,40.83,40.84,800,2021-08-20 19:53:00,NATI
40.84,40.87,40.84,40.87,2654,2021-08-20 19:54:00,NATI
40.87,40.87,40.86,40.865,700,2021-08-20 19:55:00,NATI
40.87,40.89,40.865,40.885,1176,2021-08-20 19:56:00,NATI
40.89,40.915,40.88,40.915,2199,2021-08-20 19:57:00,NATI
40.92,40.92,40.88,40.89,2559,2021-08-20 19:58:00,NATI
40.89,40.9,40.86,40.9,2511,2021-08-20 19:59:00,NATI
40.9,40.9,40.9,40.9,85153,2021-08-20 20:00:00,NATI
