open,high,low,close,volume,datetime,symbol
26.04,26.04,26.02,26.02,1260,2021-07-06 13:30:00,UVSP
26.0,26.0,25.77,25.8,586,2021-07-06 13:31:00,UVSP
26.0,26.0,26.0,26.0,203,2021-07-06 13:34:00,UVSP
26.0,26.0,26.0,26.0,100,2021-07-06 13:35:00,UVSP
25.81,25.81,25.7035,25.7035,400,2021-07-06 13:45:00,UVSP
25.8,25.83,25.8,25.83,300,2021-07-06 13:50:00,UVSP
25.66,25.72,25.66,25.72,1053,2021-07-06 13:58:00,UVSP
25.71,25.71,25.71,25.71,100,2021-07-06 14:00:00,UVSP
25.31,25.39,25.28,25.39,300,2021-07-06 14:15:00,UVSP
25.34,25.42,25.34,25.42,200,2021-07-06 14:17:00,UVSP
25.3,25.46,25.3,25.42,1026,2021-07-06 14:18:00,UVSP
25.32,25.42,25.31,25.42,549,2021-07-06 14:21:00,UVSP
25.2514,25.285,25.2514,25.285,270,2021-07-06 14:26:00,UVSP
25.33,25.35,25.31,25.35,1365,2021-07-06 14:27:00,UVSP
25.35,25.35,25.35,25.35,200,2021-07-06 14:28:00,UVSP
25.36,25.36,25.36,25.36,100,2021-07-06 14:32:00,UVSP
25.35,25.35,25.35,25.35,100,2021-07-06 14:33:00,UVSP
25.35,25.35,25.35,25.35,350,2021-07-06 14:35:00,UVSP
25.4,25.4,25.4,25.4,104,2021-07-06 14:37:00,UVSP
25.44,25.44,25.44,25.44,100,2021-07-06 14:39:00,UVSP
25.47,25.47,25.47,25.47,100,2021-07-06 14:40:00,UVSP
25.49,25.49,25.49,25.49,100,2021-07-06 14:42:00,UVSP
25.405,25.405,25.405,25.405,100,2021-07-06 14:44:00,UVSP
25.35,25.35,25.35,25.35,100,2021-07-06 14:46:00,UVSP
25.38,25.4,25.38,25.4,300,2021-07-06 14:48:00,UVSP
25.35,25.43,25.3,25.41,2627,2021-07-06 14:50:00,UVSP
25.41,25.42,25.41,25.41,500,2021-07-06 14:53:00,UVSP
25.425,25.425,25.35,25.37,300,2021-07-06 14:56:00,UVSP
25.41,25.41,25.4,25.4,200,2021-07-06 14:59:00,UVSP
25.42,25.43,25.42,25.43,200,2021-07-06 15:01:00,UVSP
25.41,25.42,25.41,25.42,319,2021-07-06 15:02:00,UVSP
25.42,25.42,25.42,25.42,100,2021-07-06 15:05:00,UVSP
25.4374,25.45,25.4,25.45,300,2021-07-06 15:11:00,UVSP
25.39,25.45,25.39,25.45,200,2021-07-06 15:12:00,UVSP
25.44,25.44,25.44,25.44,200,2021-07-06 15:14:00,UVSP
25.47,25.47,25.47,25.47,100,2021-07-06 15:16:00,UVSP
25.42,25.42,25.42,25.42,100,2021-07-06 15:21:00,UVSP
25.36,25.36,25.36,25.36,100,2021-07-06 15:22:00,UVSP
25.35,25.42,25.32,25.41,900,2021-07-06 15:23:00,UVSP
25.36,25.37,25.36,25.37,200,2021-07-06 15:28:00,UVSP
25.43,25.43,25.43,25.43,300,2021-07-06 15:29:00,UVSP
25.45,25.45,25.45,25.45,100,2021-07-06 15:32:00,UVSP
25.48,25.49,25.48,25.48,700,2021-07-06 15:36:00,UVSP
25.52,25.52,25.52,25.52,300,2021-07-06 15:51:00,UVSP
25.52,25.52,25.52,25.52,100,2021-07-06 15:59:00,UVSP
25.51,25.57,25.51,25.57,2200,2021-07-06 16:00:00,UVSP
25.54,25.54,25.54,25.54,100,2021-07-06 16:10:00,UVSP
25.63,25.63,25.586,25.586,200,2021-07-06 16:11:00,UVSP
25.62,25.62,25.58,25.58,223,2021-07-06 16:15:00,UVSP
25.58,25.58,25.57,25.58,500,2021-07-06 16:17:00,UVSP
25.58,25.58,25.58,25.58,100,2021-07-06 16:19:00,UVSP
25.46,25.54,25.46,25.54,1800,2021-07-06 16:27:00,UVSP
25.47,25.47,25.46,25.46,200,2021-07-06 16:32:00,UVSP
25.45,25.5,25.45,25.5,600,2021-07-06 16:47:00,UVSP
25.48,25.48,25.48,25.48,100,2021-07-06 17:03:00,UVSP
25.58,25.58,25.58,25.58,100,2021-07-06 17:05:00,UVSP
25.55,25.55,25.55,25.55,100,2021-07-06 17:16:00,UVSP
25.54,25.54,25.54,25.54,100,2021-07-06 17:27:00,UVSP
25.56,25.56,25.56,25.56,100,2021-07-06 17:39:00,UVSP
25.61,25.61,25.61,25.61,100,2021-07-06 17:44:00,UVSP
25.58,25.58,25.565,25.565,200,2021-07-06 17:51:00,UVSP
25.57,25.57,25.57,25.57,100,2021-07-06 18:05:00,UVSP
25.59,25.61,25.59,25.61,200,2021-07-06 18:06:00,UVSP
25.56,25.61,25.56,25.57,1000,2021-07-06 18:08:00,UVSP
25.6,25.6,25.595,25.595,300,2021-07-06 18:14:00,UVSP
25.62,25.63,25.605,25.63,300,2021-07-06 18:16:00,UVSP
25.6475,25.6475,25.6475,25.6475,100,2021-07-06 18:22:00,UVSP
25.65,25.65,25.65,25.65,100,2021-07-06 18:37:00,UVSP
25.62,25.62,25.53,25.53,2079,2021-07-06 18:44:00,UVSP
25.565,25.6,25.565,25.6,560,2021-07-06 18:45:00,UVSP
25.595,25.595,25.595,25.595,100,2021-07-06 18:51:00,UVSP
25.59,25.59,25.59,25.59,100,2021-07-06 18:53:00,UVSP
25.55,25.55,25.55,25.55,100,2021-07-06 19:04:00,UVSP
25.55,25.55,25.52,25.53,400,2021-07-06 19:06:00,UVSP
25.5323,25.5323,25.5323,25.5323,383,2021-07-06 19:10:00,UVSP
25.5,25.5,25.5,25.5,700,2021-07-06 19:16:00,UVSP
25.51,25.51,25.48,25.48,700,2021-07-06 19:22:00,UVSP
25.53,25.53,25.53,25.53,100,2021-07-06 19:24:00,UVSP
25.535,25.54,25.535,25.54,200,2021-07-06 19:25:00,UVSP
25.5,25.5,25.5,25.5,2600,2021-07-06 19:33:00,UVSP
25.51,25.51,25.51,25.51,500,2021-07-06 19:34:00,UVSP
25.56,25.56,25.56,25.56,100,2021-07-06 19:40:00,UVSP
25.55,25.55,25.55,25.55,100,2021-07-06 19:42:00,UVSP
25.55,25.55,25.55,25.55,100,2021-07-06 19:43:00,UVSP
25.54,25.54,25.54,25.54,100,2021-07-06 19:44:00,UVSP
25.55,25.55,25.55,25.55,100,2021-07-06 19:46:00,UVSP
25.58,25.58,25.58,25.58,100,2021-07-06 19:48:00,UVSP
25.575,25.6,25.575,25.6,300,2021-07-06 19:49:00,UVSP
25.615,25.615,25.615,25.615,100,2021-07-06 19:50:00,UVSP
25.6,25.61,25.6,25.61,200,2021-07-06 19:51:00,UVSP
25.59,25.59,25.59,25.59,200,2021-07-06 19:52:00,UVSP
25.58,25.6,25.58,25.6,518,2021-07-06 19:53:00,UVSP
25.61,25.61,25.61,25.61,100,2021-07-06 19:54:00,UVSP
25.62,25.62,25.62,25.62,100,2021-07-06 19:55:00,UVSP
25.61,25.61,25.6,25.6,200,2021-07-06 19:56:00,UVSP
25.6,25.6,25.57,25.57,350,2021-07-06 19:57:00,UVSP
25.56,25.6,25.56,25.57,400,2021-07-06 19:58:00,UVSP
25.6,25.61,25.56,25.59,1686,2021-07-06 19:59:00,UVSP
25.6,25.6,25.6,25.6,10451,2021-07-06 20:00:00,UVSP
25.33,25.33,25.33,25.33,760,2021-07-07 13:30:00,UVSP
25.67,25.67,25.67,25.67,100,2021-07-07 13:33:00,UVSP
25.67,25.88,25.67,25.88,1814,2021-07-07 13:39:00,UVSP
25.64,25.64,25.5,25.5,1100,2021-07-07 13:42:00,UVSP
25.59,25.72,25.59,25.72,328,2021-07-07 13:45:00,UVSP
25.8,25.8,25.8,25.8,100,2021-07-07 13:46:00,UVSP
25.61,25.61,25.61,25.61,100,2021-07-07 13:47:00,UVSP
25.685,25.685,25.685,25.685,100,2021-07-07 13:48:00,UVSP
25.685,25.77,25.685,25.685,300,2021-07-07 13:49:00,UVSP
25.67,25.7,25.67,25.7,200,2021-07-07 13:52:00,UVSP
25.59,25.635,25.57,25.57,400,2021-07-07 13:53:00,UVSP
25.5,25.5,25.48,25.5,400,2021-07-07 13:55:00,UVSP
25.6018,25.61,25.6018,25.61,614,2021-07-07 14:06:00,UVSP
25.575,25.575,25.53,25.55,700,2021-07-07 14:14:00,UVSP
25.56,25.6,25.56,25.6,400,2021-07-07 14:16:00,UVSP
25.545,25.545,25.545,25.545,100,2021-07-07 14:17:00,UVSP
25.5,25.5,25.5,25.5,100,2021-07-07 14:24:00,UVSP
25.55,25.55,25.55,25.55,100,2021-07-07 14:27:00,UVSP
25.47,25.47,25.46,25.46,400,2021-07-07 14:31:00,UVSP
25.46,25.46,25.46,25.46,200,2021-07-07 14:36:00,UVSP
25.6,25.6,25.56,25.56,200,2021-07-07 14:54:00,UVSP
25.61,25.61,25.61,25.61,100,2021-07-07 15:05:00,UVSP
25.65,25.65,25.62,25.62,200,2021-07-07 15:06:00,UVSP
25.63,25.63,25.63,25.63,100,2021-07-07 15:07:00,UVSP
25.62,25.62,25.62,25.62,100,2021-07-07 15:15:00,UVSP
25.64,25.64,25.64,25.64,100,2021-07-07 15:17:00,UVSP
25.84,25.85,25.79,25.79,300,2021-07-07 15:31:00,UVSP
25.86,25.86,25.86,25.86,100,2021-07-07 15:35:00,UVSP
25.96,25.96,25.96,25.96,100,2021-07-07 15:36:00,UVSP
25.93,25.93,25.91,25.91,200,2021-07-07 15:38:00,UVSP
25.9,25.9,25.9,25.9,100,2021-07-07 15:40:00,UVSP
25.92,25.92,25.92,25.92,100,2021-07-07 15:42:00,UVSP
25.88,25.88,25.88,25.88,200,2021-07-07 15:44:00,UVSP
25.832,25.832,25.832,25.832,400,2021-07-07 16:04:00,UVSP
25.865,25.865,25.865,25.865,100,2021-07-07 16:05:00,UVSP
25.83,25.83,25.83,25.83,100,2021-07-07 16:12:00,UVSP
25.83,25.83,25.83,25.83,100,2021-07-07 16:15:00,UVSP
25.895,25.895,25.895,25.895,100,2021-07-07 16:19:00,UVSP
25.91,25.91,25.91,25.91,200,2021-07-07 16:20:00,UVSP
25.88,25.88,25.88,25.88,200,2021-07-07 16:30:00,UVSP
25.85,25.85,25.85,25.85,100,2021-07-07 16:33:00,UVSP
25.9,25.9,25.9,25.9,200,2021-07-07 16:34:00,UVSP
25.9275,25.9275,25.87,25.87,200,2021-07-07 16:36:00,UVSP
25.89,25.89,25.86,25.86,500,2021-07-07 16:40:00,UVSP
25.8,25.8,25.8,25.8,100,2021-07-07 16:44:00,UVSP
25.79,25.85,25.79,25.83,300,2021-07-07 16:51:00,UVSP
25.83,25.83,25.83,25.83,100,2021-07-07 17:06:00,UVSP
25.8,25.8,25.8,25.8,100,2021-07-07 17:07:00,UVSP
25.78,25.79,25.78,25.79,200,2021-07-07 17:11:00,UVSP
25.785,25.785,25.785,25.785,270,2021-07-07 17:19:00,UVSP
25.75,25.75,25.7,25.7,200,2021-07-07 17:20:00,UVSP
25.7275,25.7275,25.7275,25.7275,100,2021-07-07 17:31:00,UVSP
25.73,25.73,25.73,25.73,138,2021-07-07 17:38:00,UVSP
25.765,25.765,25.765,25.765,100,2021-07-07 17:45:00,UVSP
25.69,25.69,25.69,25.69,100,2021-07-07 17:51:00,UVSP
25.67,25.67,25.67,25.67,200,2021-07-07 17:54:00,UVSP
25.68,25.7,25.68,25.69,500,2021-07-07 17:57:00,UVSP
25.66,25.66,25.66,25.66,100,2021-07-07 18:00:00,UVSP
25.63,25.63,25.63,25.63,100,2021-07-07 18:03:00,UVSP
25.62,25.62,25.62,25.62,100,2021-07-07 18:11:00,UVSP
25.63,25.63,25.63,25.63,100,2021-07-07 18:12:00,UVSP
25.61,25.61,25.61,25.61,100,2021-07-07 18:13:00,UVSP
25.53,25.53,25.53,25.53,100,2021-07-07 18:14:00,UVSP
25.595,25.595,25.595,25.595,100,2021-07-07 18:16:00,UVSP
25.62,25.65,25.62,25.62,500,2021-07-07 18:18:00,UVSP
25.62,25.62,25.62,25.62,100,2021-07-07 18:19:00,UVSP
25.55,25.59,25.55,25.59,200,2021-07-07 18:31:00,UVSP
25.51,25.51,25.51,25.51,100,2021-07-07 18:35:00,UVSP
25.45,25.46,25.44,25.46,500,2021-07-07 18:40:00,UVSP
25.44,25.44,25.44,25.44,100,2021-07-07 18:42:00,UVSP
25.475,25.475,25.475,25.475,100,2021-07-07 18:44:00,UVSP
25.5,25.5,25.5,25.5,200,2021-07-07 18:53:00,UVSP
25.5,25.5,25.5,25.5,200,2021-07-07 18:55:00,UVSP
25.48,25.48,25.48,25.48,300,2021-07-07 18:56:00,UVSP
25.49,25.49,25.49,25.49,300,2021-07-07 18:57:00,UVSP
25.49,25.49,25.49,25.49,100,2021-07-07 18:58:00,UVSP
25.54,25.54,25.54,25.54,100,2021-07-07 18:59:00,UVSP
25.5,25.5,25.5,25.5,400,2021-07-07 19:06:00,UVSP
25.53,25.53,25.53,25.53,100,2021-07-07 19:07:00,UVSP
25.54,25.54,25.54,25.54,200,2021-07-07 19:09:00,UVSP
25.545,25.545,25.545,25.545,100,2021-07-07 19:10:00,UVSP
25.58,25.59,25.58,25.59,430,2021-07-07 19:12:00,UVSP
25.57,25.57,25.55,25.55,400,2021-07-07 19:18:00,UVSP
25.53,25.53,25.53,25.53,400,2021-07-07 19:23:00,UVSP
25.58,25.64,25.58,25.64,400,2021-07-07 19:28:00,UVSP
25.56,25.56,25.56,25.56,100,2021-07-07 19:31:00,UVSP
25.54,25.54,25.54,25.54,400,2021-07-07 19:37:00,UVSP
25.58,25.58,25.545,25.545,200,2021-07-07 19:39:00,UVSP
25.54,25.54,25.54,25.54,200,2021-07-07 19:43:00,UVSP
25.59,25.59,25.59,25.59,203,2021-07-07 19:45:00,UVSP
25.55,25.59,25.55,25.59,200,2021-07-07 19:46:00,UVSP
25.52,25.55,25.5,25.5,800,2021-07-07 19:50:00,UVSP
25.54,25.54,25.54,25.54,100,2021-07-07 19:51:00,UVSP
25.555,25.555,25.555,25.555,100,2021-07-07 19:52:00,UVSP
25.5,25.5,25.5,25.5,100,2021-07-07 19:53:00,UVSP
25.54,25.54,25.53,25.53,300,2021-07-07 19:54:00,UVSP
25.51,25.52,25.5,25.52,400,2021-07-07 19:55:00,UVSP
25.5,25.53,25.5,25.51,600,2021-07-07 19:56:00,UVSP
25.52,25.52,25.5,25.5,200,2021-07-07 19:57:00,UVSP
25.48,25.51,25.48,25.51,200,2021-07-07 19:58:00,UVSP
25.51,25.54,25.47,25.47,2367,2021-07-07 19:59:00,UVSP
25.48,25.48,25.48,25.48,15426,2021-07-07 20:00:00,UVSP
24.84,25.18,24.84,25.18,469,2021-07-08 13:30:00,UVSP
24.85,24.85,24.85,24.85,100,2021-07-08 13:53:00,UVSP
24.85,24.85,24.85,24.85,100,2021-07-08 13:57:00,UVSP
24.9,24.9,24.9,24.9,722,2021-07-08 14:00:00,UVSP
24.79,24.79,24.75,24.75,700,2021-07-08 14:05:00,UVSP
24.72,24.72,24.72,24.72,200,2021-07-08 14:06:00,UVSP
24.88,24.88,24.88,24.88,100,2021-07-08 14:08:00,UVSP
24.87,24.92,24.87,24.92,200,2021-07-08 14:14:00,UVSP
24.75,24.75,24.7,24.7,400,2021-07-08 14:20:00,UVSP
24.735,24.75,24.735,24.75,510,2021-07-08 14:21:00,UVSP
24.77,24.77,24.75,24.75,444,2021-07-08 14:25:00,UVSP
24.69,24.69,24.68,24.68,400,2021-07-08 14:26:00,UVSP
24.7,24.71,24.7,24.71,300,2021-07-08 14:28:00,UVSP
24.82,24.82,24.78,24.79,500,2021-07-08 14:30:00,UVSP
24.85,24.86,24.85,24.86,300,2021-07-08 14:36:00,UVSP
24.84,24.84,24.84,24.84,100,2021-07-08 14:44:00,UVSP
24.82,24.82,24.81,24.81,400,2021-07-08 14:46:00,UVSP
24.79,24.825,24.79,24.81,300,2021-07-08 14:47:00,UVSP
24.745,24.745,24.745,24.745,2400,2021-07-08 14:50:00,UVSP
24.68,24.68,24.68,24.68,100,2021-07-08 14:51:00,UVSP
24.81,24.82,24.81,24.82,296,2021-07-08 14:52:00,UVSP
24.92,24.92,24.92,24.92,100,2021-07-08 14:59:00,UVSP
24.93,24.93,24.93,24.93,100,2021-07-08 15:02:00,UVSP
24.98,24.98,24.98,24.98,100,2021-07-08 15:06:00,UVSP
25.05,25.05,25.05,25.05,300,2021-07-08 15:12:00,UVSP
25.03,25.03,25.03,25.03,200,2021-07-08 15:15:00,UVSP
25.03,25.03,24.98,24.98,200,2021-07-08 15:16:00,UVSP
25.01,25.01,25.01,25.01,100,2021-07-08 15:19:00,UVSP
25.04,25.09,25.04,25.09,200,2021-07-08 15:21:00,UVSP
25.06,25.06,25.05,25.05,300,2021-07-08 15:22:00,UVSP
25.02,25.02,24.98,24.98,200,2021-07-08 15:25:00,UVSP
24.95,24.95,24.95,24.95,100,2021-07-08 15:27:00,UVSP
24.955,24.955,24.955,24.955,100,2021-07-08 15:30:00,UVSP
25.06,25.06,25.06,25.06,200,2021-07-08 15:36:00,UVSP
25.02,25.02,25.02,25.02,100,2021-07-08 15:39:00,UVSP
25.09,25.1,25.09,25.1,300,2021-07-08 15:41:00,UVSP
25.09,25.09,25.09,25.09,100,2021-07-08 15:47:00,UVSP
25.07,25.07,25.07,25.07,100,2021-07-08 15:51:00,UVSP
25.1,25.1,25.1,25.1,100,2021-07-08 15:54:00,UVSP
25.03,25.05,25.03,25.05,200,2021-07-08 16:02:00,UVSP
25.11,25.11,25.11,25.11,100,2021-07-08 16:07:00,UVSP
25.145,25.145,25.145,25.145,500,2021-07-08 16:12:00,UVSP
25.13,25.13,25.13,25.13,100,2021-07-08 16:14:00,UVSP
25.13,25.13,25.13,25.13,100,2021-07-08 16:24:00,UVSP
25.09,25.09,25.09,25.09,300,2021-07-08 16:25:00,UVSP
25.13,25.13,25.13,25.13,100,2021-07-08 16:26:00,UVSP
25.12,25.12,25.12,25.12,200,2021-07-08 16:30:00,UVSP
25.12,25.17,25.12,25.17,500,2021-07-08 16:35:00,UVSP
25.17,25.18,25.17,25.18,200,2021-07-08 16:43:00,UVSP
25.19,25.2,25.19,25.2,200,2021-07-08 16:44:00,UVSP
25.14,25.14,25.14,25.14,100,2021-07-08 16:53:00,UVSP
25.12,25.12,25.12,25.12,100,2021-07-08 16:54:00,UVSP
25.05,25.05,25.04,25.04,600,2021-07-08 17:04:00,UVSP
25.0,25.05,25.0,25.05,400,2021-07-08 17:06:00,UVSP
24.93,24.93,24.93,24.93,100,2021-07-08 17:21:00,UVSP
24.9,24.9,24.9,24.9,100,2021-07-08 17:25:00,UVSP
24.93,24.93,24.93,24.93,258,2021-07-08 17:28:00,UVSP
24.9,24.9,24.9,24.9,375,2021-07-08 17:36:00,UVSP
24.93,24.93,24.93,24.93,100,2021-07-08 17:40:00,UVSP
24.86,24.87,24.86,24.87,600,2021-07-08 17:46:00,UVSP
24.865,24.865,24.865,24.865,568,2021-07-08 17:47:00,UVSP
24.87,24.87,24.87,24.87,756,2021-07-08 17:48:00,UVSP
24.82,24.82,24.82,24.82,100,2021-07-08 17:49:00,UVSP
24.82,24.82,24.82,24.82,100,2021-07-08 17:52:00,UVSP
24.88,24.88,24.88,24.88,100,2021-07-08 18:04:00,UVSP
24.8,24.8,24.8,24.8,200,2021-07-08 18:07:00,UVSP
24.83,24.83,24.83,24.83,200,2021-07-08 18:15:00,UVSP
24.8,24.8,24.8,24.8,100,2021-07-08 18:16:00,UVSP
24.715,24.715,24.715,24.715,100,2021-07-08 18:21:00,UVSP
24.71,24.71,24.71,24.71,100,2021-07-08 18:22:00,UVSP
24.73,24.73,24.65,24.65,300,2021-07-08 18:30:00,UVSP
24.66,24.66,24.66,24.66,100,2021-07-08 18:33:00,UVSP
24.73,24.74,24.69,24.69,800,2021-07-08 18:35:00,UVSP
24.74,24.75,24.74,24.75,200,2021-07-08 18:36:00,UVSP
24.75,24.75,24.68,24.68,400,2021-07-08 18:37:00,UVSP
24.68,24.68,24.68,24.68,100,2021-07-08 18:40:00,UVSP
24.66,24.66,24.66,24.66,100,2021-07-08 18:42:00,UVSP
24.7,24.71,24.66,24.66,600,2021-07-08 18:44:00,UVSP
24.7,24.7,24.7,24.7,100,2021-07-08 18:49:00,UVSP
24.67,24.74,24.67,24.74,300,2021-07-08 18:50:00,UVSP
24.74,24.74,24.74,24.74,200,2021-07-08 18:58:00,UVSP
24.761,24.761,24.75,24.75,1100,2021-07-08 19:00:00,UVSP
24.785,24.785,24.785,24.785,100,2021-07-08 19:03:00,UVSP
24.785,24.785,24.785,24.785,100,2021-07-08 19:04:00,UVSP
24.805,24.805,24.805,24.805,100,2021-07-08 19:06:00,UVSP
24.805,24.805,24.805,24.805,100,2021-07-08 19:07:00,UVSP
24.78,24.78,24.78,24.78,100,2021-07-08 19:10:00,UVSP
24.79,24.79,24.78,24.78,401,2021-07-08 19:11:00,UVSP
24.75,24.75,24.75,24.75,200,2021-07-08 19:12:00,UVSP
24.79,24.79,24.79,24.79,200,2021-07-08 19:13:00,UVSP
24.8,24.8,24.8,24.8,100,2021-07-08 19:20:00,UVSP
24.805,24.805,24.805,24.805,100,2021-07-08 19:21:00,UVSP
24.87,24.87,24.87,24.87,100,2021-07-08 19:27:00,UVSP
24.87,24.87,24.87,24.87,100,2021-07-08 19:28:00,UVSP
24.855,24.855,24.855,24.855,100,2021-07-08 19:31:00,UVSP
24.82,24.82,24.82,24.82,100,2021-07-08 19:35:00,UVSP
24.8,24.81,24.8,24.8,1200,2021-07-08 19:36:00,UVSP
24.75,24.75,24.75,24.75,100,2021-07-08 19:37:00,UVSP
24.76,24.76,24.76,24.76,174,2021-07-08 19:38:00,UVSP
24.77,24.77,24.77,24.77,360,2021-07-08 19:39:00,UVSP
24.735,24.735,24.735,24.735,200,2021-07-08 19:40:00,UVSP
24.75,24.75,24.75,24.75,600,2021-07-08 19:42:00,UVSP
24.75,24.76,24.71,24.76,6600,2021-07-08 19:43:00,UVSP
24.75,24.75,24.725,24.75,346,2021-07-08 19:44:00,UVSP
24.75,24.75,24.745,24.745,200,2021-07-08 19:45:00,UVSP
24.735,24.75,24.735,24.75,400,2021-07-08 19:47:00,UVSP
24.71,24.74,24.71,24.74,835,2021-07-08 19:48:00,UVSP
24.77,24.775,24.76,24.76,800,2021-07-08 19:49:00,UVSP
24.76,24.76,24.75,24.75,300,2021-07-08 19:50:00,UVSP
24.75,24.75,24.75,24.75,165,2021-07-08 19:51:00,UVSP
24.8,24.8,24.8,24.8,100,2021-07-08 19:52:00,UVSP
24.81,24.81,24.81,24.81,100,2021-07-08 19:53:00,UVSP
24.81,24.83,24.79,24.81,894,2021-07-08 19:54:00,UVSP
24.8,24.84,24.79,24.84,1083,2021-07-08 19:55:00,UVSP
24.84,24.84,24.84,24.84,100,2021-07-08 19:56:00,UVSP
24.83,24.88,24.83,24.875,1500,2021-07-08 19:57:00,UVSP
24.85,24.865,24.85,24.85,533,2021-07-08 19:58:00,UVSP
24.89,24.89,24.83,24.86,4063,2021-07-08 19:59:00,UVSP
24.86,24.86,24.86,24.86,24163,2021-07-08 20:00:00,UVSP
25.35,25.6,25.35,25.55,880,2021-07-09 13:30:00,UVSP
24.88,24.88,24.7,24.7,300,2021-07-09 13:33:00,UVSP
24.69,24.69,24.69,24.69,100,2021-07-09 13:34:00,UVSP
24.74,24.74,24.74,24.74,100,2021-07-09 13:35:00,UVSP
24.76,24.76,24.76,24.76,100,2021-07-09 13:36:00,UVSP
25.14,25.14,25.14,25.14,100,2021-07-09 13:41:00,UVSP
25.33,25.33,25.23,25.23,200,2021-07-09 13:43:00,UVSP
25.21,25.21,25.21,25.21,100,2021-07-09 13:49:00,UVSP
25.36,25.36,25.36,25.36,100,2021-07-09 13:52:00,UVSP
25.35,25.35,25.34,25.34,200,2021-07-09 13:53:00,UVSP
25.36,25.36,25.36,25.36,100,2021-07-09 13:54:00,UVSP
25.44,25.44,25.44,25.44,100,2021-07-09 13:58:00,UVSP
25.46,25.46,25.46,25.46,300,2021-07-09 14:02:00,UVSP
25.53,25.54,25.53,25.54,300,2021-07-09 14:03:00,UVSP
25.59,25.6,25.59,25.6,200,2021-07-09 14:35:00,UVSP
25.64,25.64,25.63,25.63,200,2021-07-09 14:43:00,UVSP
25.39,25.39,25.39,25.39,100,2021-07-09 14:59:00,UVSP
25.515,25.515,25.515,25.515,100,2021-07-09 15:06:00,UVSP
25.5173,25.5173,25.5173,25.5173,100,2021-07-09 15:13:00,UVSP
25.47,25.47,25.47,25.47,100,2021-07-09 15:24:00,UVSP
25.53,25.53,25.5,25.51,300,2021-07-09 15:45:00,UVSP
25.48,25.48,25.48,25.48,100,2021-07-09 15:54:00,UVSP
25.43,25.43,25.43,25.43,100,2021-07-09 15:57:00,UVSP
25.44,25.44,25.44,25.44,100,2021-07-09 16:04:00,UVSP
25.47,25.47,25.47,25.47,300,2021-07-09 16:08:00,UVSP
25.49,25.49,25.49,25.49,100,2021-07-09 16:21:00,UVSP
25.44,25.44,25.44,25.44,100,2021-07-09 16:28:00,UVSP
25.41,25.415,25.41,25.41,500,2021-07-09 16:37:00,UVSP
25.41,25.41,25.41,25.41,200,2021-07-09 16:38:00,UVSP
25.455,25.5,25.43,25.43,400,2021-07-09 16:44:00,UVSP
25.5,25.51,25.5,25.51,200,2021-07-09 16:49:00,UVSP
25.52,25.535,25.52,25.535,1319,2021-07-09 16:57:00,UVSP
25.555,25.555,25.555,25.555,100,2021-07-09 17:02:00,UVSP
25.62,25.62,25.62,25.62,100,2021-07-09 17:06:00,UVSP
25.59,25.59,25.59,25.59,700,2021-07-09 17:09:00,UVSP
25.545,25.545,25.545,25.545,5200,2021-07-09 17:18:00,UVSP
25.59,25.6,25.57,25.57,300,2021-07-09 17:19:00,UVSP
25.6,25.6,25.58,25.58,200,2021-07-09 17:24:00,UVSP
25.64,25.67,25.64,25.67,2200,2021-07-09 17:28:00,UVSP
25.66,25.66,25.66,25.66,200,2021-07-09 17:30:00,UVSP
25.7,25.7,25.7,25.7,200,2021-07-09 17:31:00,UVSP
25.7,25.7,25.7,25.7,100,2021-07-09 17:32:00,UVSP
25.67,25.67,25.65,25.65,400,2021-07-09 17:35:00,UVSP
25.69,25.69,25.69,25.69,100,2021-07-09 17:40:00,UVSP
25.74,25.77,25.72,25.77,400,2021-07-09 17:48:00,UVSP
25.77,25.77,25.77,25.77,100,2021-07-09 17:53:00,UVSP
25.76,25.78,25.76,25.78,500,2021-07-09 17:54:00,UVSP
25.77,25.77,25.77,25.77,200,2021-07-09 17:55:00,UVSP
25.72,25.76,25.702,25.76,1522,2021-07-09 18:06:00,UVSP
25.78,25.78,25.78,25.78,100,2021-07-09 18:11:00,UVSP
25.785,25.83,25.785,25.83,595,2021-07-09 18:15:00,UVSP
25.85,25.85,25.85,25.85,100,2021-07-09 18:17:00,UVSP
25.81,25.81,25.81,25.81,100,2021-07-09 18:18:00,UVSP
25.86,25.86,25.86,25.86,100,2021-07-09 18:21:00,UVSP
25.88,25.88,25.88,25.88,100,2021-07-09 18:28:00,UVSP
25.86,25.86,25.85,25.85,200,2021-07-09 18:31:00,UVSP
25.85,25.85,25.84,25.84,300,2021-07-09 18:34:00,UVSP
25.83,25.83,25.83,25.83,200,2021-07-09 18:35:00,UVSP
25.85,25.85,25.85,25.85,100,2021-07-09 18:36:00,UVSP
25.865,25.865,25.865,25.865,100,2021-07-09 18:39:00,UVSP
25.88,25.88,25.88,25.88,100,2021-07-09 18:44:00,UVSP
25.91,25.91,25.91,25.91,100,2021-07-09 18:48:00,UVSP
25.94,25.95,25.94,25.95,300,2021-07-09 18:56:00,UVSP
25.92,25.99,25.92,25.99,200,2021-07-09 18:57:00,UVSP
25.96,25.96,25.935,25.935,200,2021-07-09 19:00:00,UVSP
25.93,25.93,25.93,25.93,100,2021-07-09 19:04:00,UVSP
25.965,25.965,25.965,25.965,100,2021-07-09 19:05:00,UVSP
25.91,25.91,25.91,25.91,145,2021-07-09 19:09:00,UVSP
25.95,25.98,25.93,25.97,856,2021-07-09 19:10:00,UVSP
25.91,25.91,25.91,25.91,110,2021-07-09 19:11:00,UVSP
25.97,25.99,25.97,25.99,200,2021-07-09 19:13:00,UVSP
25.953,25.953,25.953,25.953,400,2021-07-09 19:14:00,UVSP
25.95,25.98,25.95,25.98,300,2021-07-09 19:15:00,UVSP
25.95,25.95,25.95,25.95,200,2021-07-09 19:16:00,UVSP
25.96,25.96,25.95,25.95,600,2021-07-09 19:18:00,UVSP
25.94,25.94,25.94,25.94,200,2021-07-09 19:21:00,UVSP
25.92,25.93,25.92,25.92,700,2021-07-09 19:23:00,UVSP
25.92,25.92,25.91,25.91,200,2021-07-09 19:25:00,UVSP
25.89,25.89,25.89,25.89,100,2021-07-09 19:27:00,UVSP
25.94,25.94,25.94,25.94,200,2021-07-09 19:28:00,UVSP
25.91,25.91,25.9,25.91,500,2021-07-09 19:29:00,UVSP
25.915,25.915,25.915,25.915,200,2021-07-09 19:30:00,UVSP
25.94,25.94,25.94,25.94,200,2021-07-09 19:33:00,UVSP
25.94,25.94,25.94,25.94,100,2021-07-09 19:34:00,UVSP
25.96,25.98,25.96,25.98,300,2021-07-09 19:35:00,UVSP
25.945,25.945,25.945,25.945,100,2021-07-09 19:36:00,UVSP
25.94,25.94,25.91,25.91,800,2021-07-09 19:38:00,UVSP
25.91,25.92,25.91,25.92,200,2021-07-09 19:42:00,UVSP
25.95,25.95,25.93,25.95,500,2021-07-09 19:43:00,UVSP
25.92,25.93,25.9,25.92,500,2021-07-09 19:44:00,UVSP
25.8908,25.8908,25.8908,25.8908,130,2021-07-09 19:47:00,UVSP
25.91,25.91,25.91,25.91,200,2021-07-09 19:48:00,UVSP
25.89,25.89,25.89,25.89,200,2021-07-09 19:49:00,UVSP
25.94,25.955,25.915,25.955,420,2021-07-09 19:50:00,UVSP
25.93,25.93,25.93,25.93,200,2021-07-09 19:51:00,UVSP
25.945,25.945,25.89,25.915,700,2021-07-09 19:52:00,UVSP
25.935,25.935,25.935,25.935,100,2021-07-09 19:53:00,UVSP
25.935,25.935,25.92,25.92,200,2021-07-09 19:54:00,UVSP
25.92,25.945,25.91,25.91,928,2021-07-09 19:55:00,UVSP
25.945,25.97,25.945,25.97,400,2021-07-09 19:56:00,UVSP
25.95,25.955,25.94,25.94,800,2021-07-09 19:57:00,UVSP
25.94,25.94,25.94,25.94,100,2021-07-09 19:58:00,UVSP
25.96,25.96,25.9,25.96,600,2021-07-09 19:59:00,UVSP
25.93,25.93,25.93,25.93,14088,2021-07-09 20:00:00,UVSP
25.92,25.96,25.92,25.96,4998,2021-07-12 13:30:00,UVSP
25.73,25.79,25.73,25.75,300,2021-07-12 13:35:00,UVSP
25.7,25.7,25.7,25.7,1600,2021-07-12 13:41:00,UVSP
25.89,25.89,25.89,25.89,100,2021-07-12 13:53:00,UVSP
25.9,25.9,25.88,25.88,500,2021-07-12 13:54:00,UVSP
25.89,25.89,25.89,25.89,100,2021-07-12 13:55:00,UVSP
25.88,25.88,25.88,25.88,100,2021-07-12 13:57:00,UVSP
26.01,26.01,26.01,26.01,100,2021-07-12 14:05:00,UVSP
26.22,26.22,26.14,26.14,200,2021-07-12 14:09:00,UVSP
26.11,26.11,26.11,26.11,178,2021-07-12 14:10:00,UVSP
26.13,26.13,26.13,26.13,100,2021-07-12 14:20:00,UVSP
26.13,26.13,26.13,26.13,100,2021-07-12 14:26:00,UVSP
26.115,26.115,26.115,26.115,200,2021-07-12 14:28:00,UVSP
26.115,26.18,26.115,26.18,1157,2021-07-12 14:29:00,UVSP
26.18,26.195,26.14,26.195,1417,2021-07-12 14:30:00,UVSP
26.265,26.265,26.265,26.265,100,2021-07-12 14:32:00,UVSP
26.2,26.235,26.2,26.235,1700,2021-07-12 14:33:00,UVSP
26.235,26.235,26.19,26.19,300,2021-07-12 14:34:00,UVSP
26.195,26.195,26.195,26.195,100,2021-07-12 14:36:00,UVSP
26.195,26.195,26.13,26.14,500,2021-07-12 14:37:00,UVSP
26.21,26.26,26.21,26.23,829,2021-07-12 14:40:00,UVSP
26.16,26.16,26.1,26.1,200,2021-07-12 14:47:00,UVSP
26.01,26.01,26.01,26.01,100,2021-07-12 14:51:00,UVSP
26.0,26.02,26.0,26.02,1300,2021-07-12 15:02:00,UVSP
26.13,26.13,26.11,26.11,200,2021-07-12 15:15:00,UVSP
26.13,26.13,26.13,26.13,100,2021-07-12 15:29:00,UVSP
26.21,26.21,26.21,26.21,100,2021-07-12 15:40:00,UVSP
26.25,26.25,26.24,26.25,300,2021-07-12 16:20:00,UVSP
26.17,26.17,26.17,26.17,200,2021-07-12 16:27:00,UVSP
26.18,26.19,26.18,26.19,700,2021-07-12 16:34:00,UVSP
26.22,26.22,26.22,26.22,100,2021-07-12 16:36:00,UVSP
26.2,26.21,26.2,26.21,206,2021-07-12 16:42:00,UVSP
26.2,26.2,26.2,26.2,100,2021-07-12 16:43:00,UVSP
26.21,26.21,26.21,26.21,300,2021-07-12 16:44:00,UVSP
26.215,26.215,26.215,26.215,100,2021-07-12 16:49:00,UVSP
26.215,26.215,26.215,26.215,200,2021-07-12 16:50:00,UVSP
26.18,26.18,26.18,26.18,100,2021-07-12 16:51:00,UVSP
26.2001,26.26,26.2001,26.26,359,2021-07-12 17:05:00,UVSP
26.25,26.28,26.25,26.28,400,2021-07-12 17:21:00,UVSP
26.29,26.29,26.29,26.29,100,2021-07-12 17:26:00,UVSP
26.29,26.29,26.29,26.29,100,2021-07-12 17:52:00,UVSP
26.27,26.27,26.26,26.26,200,2021-07-12 17:54:00,UVSP
26.08,26.08,26.08,26.08,100,2021-07-12 18:16:00,UVSP
26.17,26.23,26.16,26.23,700,2021-07-12 18:20:00,UVSP
26.25,26.25,26.25,26.25,100,2021-07-12 18:25:00,UVSP
26.245,26.245,26.245,26.245,100,2021-07-12 18:26:00,UVSP
26.3,26.3,26.3,26.3,100,2021-07-12 18:33:00,UVSP
26.3,26.3,26.3,26.3,100,2021-07-12 18:36:00,UVSP
26.3,26.3,26.3,26.3,100,2021-07-12 18:39:00,UVSP
26.3,26.3,26.3,26.3,400,2021-07-12 18:48:00,UVSP
26.34,26.34,26.34,26.34,100,2021-07-12 18:51:00,UVSP
26.25,26.25,26.25,26.25,100,2021-07-12 19:06:00,UVSP
26.25,26.25,26.25,26.25,100,2021-07-12 19:09:00,UVSP
26.26,26.26,26.26,26.26,300,2021-07-12 19:13:00,UVSP
26.195,26.195,26.195,26.195,100,2021-07-12 19:22:00,UVSP
26.24,26.24,26.24,26.24,100,2021-07-12 19:30:00,UVSP
26.215,26.215,26.215,26.215,100,2021-07-12 19:35:00,UVSP
26.21,26.21,26.2,26.2,200,2021-07-12 19:46:00,UVSP
26.23,26.25,26.23,26.23,500,2021-07-12 19:50:00,UVSP
26.27,26.285,26.27,26.285,200,2021-07-12 19:51:00,UVSP
26.27,26.27,26.27,26.27,100,2021-07-12 19:53:00,UVSP
26.27,26.27,26.27,26.27,400,2021-07-12 19:54:00,UVSP
26.3,26.3,26.27,26.27,500,2021-07-12 19:55:00,UVSP
26.28,26.28,26.28,26.28,100,2021-07-12 19:57:00,UVSP
26.28,26.28,26.28,26.28,100,2021-07-12 19:58:00,UVSP
26.25,26.26,26.19,26.23,2515,2021-07-12 19:59:00,UVSP
26.26,26.26,26.26,26.26,16270,2021-07-12 20:00:00,UVSP
26.26,26.26,26.26,26.26,200,2021-07-12 20:02:00,UVSP
26.18,26.18,26.15,26.15,409,2021-07-13 13:30:00,UVSP
26.26,26.26,26.05,26.255,500,2021-07-13 13:35:00,UVSP
26.25,26.25,26.25,26.25,100,2021-07-13 13:37:00,UVSP
26.4,26.4,26.4,26.4,100,2021-07-13 13:41:00,UVSP
26.11,26.34,26.11,26.34,400,2021-07-13 13:43:00,UVSP
26.19,26.24,26.19,26.24,300,2021-07-13 13:49:00,UVSP
26.0,26.055,26.0,26.055,2029,2021-07-13 13:55:00,UVSP
26.09,26.1,26.0,26.0,700,2021-07-13 13:56:00,UVSP
26.0,26.02,25.995,25.995,900,2021-07-13 13:58:00,UVSP
26.0,26.0,26.0,26.0,100,2021-07-13 13:59:00,UVSP
25.98,25.98,25.92,25.94,600,2021-07-13 14:02:00,UVSP
25.98,25.98,25.98,25.98,500,2021-07-13 14:03:00,UVSP
26.02,26.02,26.02,26.02,200,2021-07-13 14:04:00,UVSP
25.9,25.9,25.9,25.9,100,2021-07-13 14:08:00,UVSP
25.95,25.95,25.95,25.95,100,2021-07-13 14:10:00,UVSP
25.92,25.92,25.92,25.92,100,2021-07-13 14:19:00,UVSP
25.95,26.04,25.95,26.04,222,2021-07-13 14:22:00,UVSP
25.95,25.95,25.905,25.95,700,2021-07-13 14:24:00,UVSP
25.96,25.96,25.96,25.96,300,2021-07-13 14:25:00,UVSP
25.9,25.9,25.9,25.9,100,2021-07-13 14:26:00,UVSP
25.9,25.9,25.9,25.9,1600,2021-07-13 14:32:00,UVSP
25.85,25.94,25.85,25.9,300,2021-07-13 14:36:00,UVSP
25.85,25.85,25.84,25.84,400,2021-07-13 14:37:00,UVSP
25.84,25.86,25.84,25.86,300,2021-07-13 14:38:00,UVSP
25.8,25.8,25.8,25.8,100,2021-07-13 14:42:00,UVSP
25.73,25.8,25.73,25.8,300,2021-07-13 14:45:00,UVSP
25.77,25.77,25.77,25.77,104,2021-07-13 14:46:00,UVSP
25.77,25.77,25.77,25.77,100,2021-07-13 14:47:00,UVSP
25.83,25.83,25.83,25.83,300,2021-07-13 14:51:00,UVSP
25.84,25.89,25.78,25.89,600,2021-07-13 14:53:00,UVSP
25.89,25.89,25.88,25.88,200,2021-07-13 14:54:00,UVSP
25.8,25.8,25.77,25.77,500,2021-07-13 15:06:00,UVSP
25.78,25.85,25.78,25.85,200,2021-07-13 15:17:00,UVSP
25.74,25.74,25.74,25.74,100,2021-07-13 15:18:00,UVSP
25.71,25.71,25.71,25.71,100,2021-07-13 15:21:00,UVSP
25.85,25.85,25.85,25.85,200,2021-07-13 15:28:00,UVSP
25.85,25.92,25.85,25.92,1200,2021-07-13 15:29:00,UVSP
25.93,25.93,25.92,25.92,300,2021-07-13 15:30:00,UVSP
25.92,25.92,25.92,25.92,100,2021-07-13 15:31:00,UVSP
25.845,25.85,25.845,25.85,200,2021-07-13 15:36:00,UVSP
25.91,25.91,25.91,25.91,288,2021-07-13 15:37:00,UVSP
25.94,25.94,25.94,25.94,100,2021-07-13 15:38:00,UVSP
25.93,25.93,25.93,25.93,100,2021-07-13 15:49:00,UVSP
25.95,25.95,25.95,25.95,100,2021-07-13 15:50:00,UVSP
25.925,25.925,25.925,25.925,100,2021-07-13 16:16:00,UVSP
25.855,25.855,25.855,25.855,100,2021-07-13 16:19:00,UVSP
25.92,25.93,25.92,25.93,200,2021-07-13 16:20:00,UVSP
25.9,25.92,25.9,25.92,300,2021-07-13 16:25:00,UVSP
25.845,25.92,25.845,25.92,600,2021-07-13 16:26:00,UVSP
25.93,25.93,25.93,25.93,100,2021-07-13 16:27:00,UVSP
25.97,25.97,25.97,25.97,100,2021-07-13 16:30:00,UVSP
26.0,26.0,26.0,26.0,100,2021-07-13 16:42:00,UVSP
26.0,26.0,26.0,26.0,100,2021-07-13 16:43:00,UVSP
26.0,26.0,26.0,26.0,100,2021-07-13 16:46:00,UVSP
26.0,26.0,26.0,26.0,100,2021-07-13 16:48:00,UVSP
25.99,25.99,25.99,25.99,100,2021-07-13 16:50:00,UVSP
25.99,25.99,25.99,25.99,100,2021-07-13 17:01:00,UVSP
25.9389,26.0,25.9389,26.0,500,2021-07-13 17:06:00,UVSP
26.0,26.0,26.0,26.0,100,2021-07-13 17:13:00,UVSP
26.08,26.08,26.08,26.08,100,2021-07-13 17:25:00,UVSP
26.06,26.06,26.06,26.06,100,2021-07-13 17:41:00,UVSP
26.09,26.09,26.09,26.09,143,2021-07-13 17:57:00,UVSP
26.09,26.2,26.09,26.2,400,2021-07-13 17:58:00,UVSP
26.14,26.14,26.14,26.14,100,2021-07-13 18:03:00,UVSP
26.19,26.2,26.19,26.2,200,2021-07-13 18:24:00,UVSP
26.17,26.17,26.17,26.17,100,2021-07-13 18:28:00,UVSP
26.09,26.09,26.09,26.09,100,2021-07-13 18:43:00,UVSP
26.09,26.09,26.09,26.09,100,2021-07-13 18:44:00,UVSP
26.09,26.09,26.09,26.09,100,2021-07-13 18:45:00,UVSP
26.06,26.11,26.06,26.11,500,2021-07-13 18:46:00,UVSP
26.11,26.12,26.11,26.12,200,2021-07-13 18:50:00,UVSP
26.08,26.08,26.08,26.08,153,2021-07-13 19:07:00,UVSP
26.08,26.08,26.08,26.08,300,2021-07-13 19:08:00,UVSP
26.12,26.12,26.12,26.12,100,2021-07-13 19:09:00,UVSP
26.08,26.08,26.065,26.065,474,2021-07-13 19:12:00,UVSP
26.08,26.13,26.08,26.105,666,2021-07-13 19:18:00,UVSP
26.07,26.07,26.07,26.07,317,2021-07-13 19:26:00,UVSP
26.03,26.09,26.03,26.075,2034,2021-07-13 19:34:00,UVSP
26.06,26.06,26.06,26.06,296,2021-07-13 19:35:00,UVSP
26.025,26.09,26.025,26.09,900,2021-07-13 19:36:00,UVSP
26.1,26.1,26.03,26.05,1100,2021-07-13 19:37:00,UVSP
26.045,26.045,26.045,26.045,200,2021-07-13 19:38:00,UVSP
26.02,26.05,26.02,26.05,621,2021-07-13 19:40:00,UVSP
26.03,26.05,26.03,26.04,400,2021-07-13 19:41:00,UVSP
26.07,26.08,26.07,26.08,350,2021-07-13 19:44:00,UVSP
26.09,26.11,26.09,26.11,500,2021-07-13 19:45:00,UVSP
26.07,26.07,26.07,26.07,200,2021-07-13 19:46:00,UVSP
26.06,26.06,26.05,26.05,200,2021-07-13 19:47:00,UVSP
26.08,26.08,26.08,26.08,100,2021-07-13 19:49:00,UVSP
26.065,26.08,26.04,26.08,673,2021-07-13 19:50:00,UVSP
26.06,26.06,26.04,26.04,300,2021-07-13 19:51:00,UVSP
26.06,26.06,26.06,26.06,208,2021-07-13 19:54:00,UVSP
26.06,26.08,26.06,26.08,525,2021-07-13 19:55:00,UVSP
26.08,26.13,26.08,26.125,2175,2021-07-13 19:56:00,UVSP
26.125,26.13,26.12,26.12,1471,2021-07-13 19:57:00,UVSP
26.13,26.16,26.12,26.155,1800,2021-07-13 19:58:00,UVSP
26.15,26.21,26.14,26.2,15849,2021-07-13 19:59:00,UVSP
26.2,26.2,26.2,26.2,12746,2021-07-13 20:00:00,UVSP
26.2,26.2,26.2,26.2,3069,2021-07-13 20:01:00,UVSP
26.2,26.2,26.2,26.2,693,2021-07-14 12:27:00,UVSP
26.27,26.27,26.27,26.27,407,2021-07-14 13:30:00,UVSP
26.53,26.73,26.43,26.6,600,2021-07-14 13:42:00,UVSP
26.4,26.4,26.39,26.39,300,2021-07-14 13:47:00,UVSP
26.32,26.32,26.32,26.32,201,2021-07-14 13:49:00,UVSP
26.36,26.36,26.36,26.36,100,2021-07-14 13:53:00,UVSP
26.35,26.35,26.35,26.35,100,2021-07-14 13:54:00,UVSP
26.35,26.52,26.35,26.52,300,2021-07-14 14:03:00,UVSP
26.1,26.51,26.1,26.51,300,2021-07-14 14:20:00,UVSP
26.52,26.52,26.52,26.52,100,2021-07-14 14:21:00,UVSP
26.31,26.31,26.31,26.31,100,2021-07-14 14:28:00,UVSP
26.14,26.31,26.14,26.31,300,2021-07-14 14:29:00,UVSP
26.225,26.225,26.225,26.225,200,2021-07-14 14:30:00,UVSP
26.14,26.3,26.14,26.3,300,2021-07-14 14:31:00,UVSP
26.17,26.17,26.17,26.17,100,2021-07-14 14:36:00,UVSP
26.21,26.21,26.21,26.21,200,2021-07-14 14:38:00,UVSP
26.255,26.255,26.255,26.255,200,2021-07-14 14:45:00,UVSP
26.29,26.29,26.29,26.29,100,2021-07-14 14:47:00,UVSP
26.3,26.3,26.3,26.3,100,2021-07-14 14:48:00,UVSP
26.37,26.38,26.37,26.38,200,2021-07-14 14:49:00,UVSP
26.32,26.32,26.32,26.32,100,2021-07-14 14:51:00,UVSP
26.31,26.38,26.31,26.38,317,2021-07-14 14:52:00,UVSP
26.315,26.315,26.315,26.315,100,2021-07-14 14:55:00,UVSP
26.38,26.38,26.38,26.38,100,2021-07-14 14:57:00,UVSP
26.24,26.24,26.24,26.24,100,2021-07-14 15:11:00,UVSP
26.22,26.22,26.22,26.22,101,2021-07-14 15:13:00,UVSP
26.23,26.23,26.22,26.22,200,2021-07-14 15:18:00,UVSP
26.22,26.23,26.17,26.23,500,2021-07-14 15:26:00,UVSP
26.28,26.35,26.28,26.35,400,2021-07-14 15:31:00,UVSP
26.28,26.28,26.28,26.28,100,2021-07-14 15:39:00,UVSP
26.17,26.24,26.17,26.24,200,2021-07-14 15:44:00,UVSP
26.25,26.25,26.25,26.25,100,2021-07-14 15:45:00,UVSP
26.26,26.26,26.25,26.25,200,2021-07-14 15:48:00,UVSP
26.27,26.28,26.215,26.215,1330,2021-07-14 15:54:00,UVSP
26.14,26.28,26.14,26.14,700,2021-07-14 15:55:00,UVSP
26.29,26.29,26.29,26.29,100,2021-07-14 15:56:00,UVSP
26.33,26.33,26.33,26.33,200,2021-07-14 16:01:00,UVSP
26.31,26.31,26.31,26.31,100,2021-07-14 16:02:00,UVSP
26.37,26.38,26.3508,26.38,500,2021-07-14 16:08:00,UVSP
26.3,26.3,26.29,26.29,300,2021-07-14 16:16:00,UVSP
26.33,26.33,26.33,26.33,100,2021-07-14 16:17:00,UVSP
26.27,26.28,26.27,26.28,300,2021-07-14 16:29:00,UVSP
26.2,26.2,26.2,26.2,300,2021-07-14 16:34:00,UVSP
26.35,26.35,26.35,26.35,100,2021-07-14 16:35:00,UVSP
26.32,26.37,26.32,26.37,300,2021-07-14 17:06:00,UVSP
26.25,26.33,26.25,26.33,200,2021-07-14 17:15:00,UVSP
26.28,26.28,26.2396,26.2396,286,2021-07-14 17:24:00,UVSP
26.25,26.34,26.25,26.34,300,2021-07-14 17:28:00,UVSP
26.34,26.35,26.34,26.35,344,2021-07-14 17:38:00,UVSP
26.35,26.36,26.35,26.36,300,2021-07-14 17:48:00,UVSP
26.35,26.35,26.35,26.35,100,2021-07-14 17:49:00,UVSP
26.37,26.37,26.37,26.37,300,2021-07-14 17:51:00,UVSP
26.36,26.36,26.34,26.355,400,2021-07-14 17:52:00,UVSP
26.35,26.35,26.35,26.35,100,2021-07-14 17:57:00,UVSP
26.375,26.375,26.36,26.375,1000,2021-07-14 18:04:00,UVSP
26.39,26.4,26.39,26.4,3891,2021-07-14 18:05:00,UVSP
26.385,26.385,26.385,26.385,100,2021-07-14 18:06:00,UVSP
26.42,26.42,26.42,26.42,100,2021-07-14 18:12:00,UVSP
26.395,26.395,26.395,26.395,268,2021-07-14 18:13:00,UVSP
26.395,26.395,26.395,26.395,100,2021-07-14 18:14:00,UVSP
26.39,26.39,26.39,26.39,236,2021-07-14 18:16:00,UVSP
26.385,26.39,26.35,26.39,770,2021-07-14 18:20:00,UVSP
26.37,26.37,26.37,26.37,104,2021-07-14 18:22:00,UVSP
26.35,26.35,26.35,26.35,100,2021-07-14 18:24:00,UVSP
26.35,26.35,26.35,26.35,103,2021-07-14 18:28:00,UVSP
26.35,26.35,26.35,26.35,100,2021-07-14 18:33:00,UVSP
26.34,26.34,26.34,26.34,400,2021-07-14 18:34:00,UVSP
26.34,26.34,26.29,26.3,300,2021-07-14 18:35:00,UVSP
26.35,26.35,26.35,26.35,100,2021-07-14 18:38:00,UVSP
26.32,26.36,26.32,26.36,233,2021-07-14 18:39:00,UVSP
26.35,26.35,26.35,26.35,100,2021-07-14 18:43:00,UVSP
26.33,26.33,26.33,26.33,100,2021-07-14 18:44:00,UVSP
26.3486,26.36,26.3486,26.36,232,2021-07-14 18:47:00,UVSP
26.41,26.43,26.41,26.43,638,2021-07-14 18:51:00,UVSP
26.445,26.445,26.445,26.445,100,2021-07-14 18:52:00,UVSP
26.435,26.435,26.435,26.435,100,2021-07-14 18:53:00,UVSP
26.5,26.5,26.5,26.5,209,2021-07-14 19:00:00,UVSP
26.46,26.46,26.46,26.46,100,2021-07-14 19:01:00,UVSP
26.45,26.4914,26.431,26.4914,1190,2021-07-14 19:08:00,UVSP
26.475,26.475,26.475,26.475,200,2021-07-14 19:11:00,UVSP
26.5,26.5,26.5,26.5,100,2021-07-14 19:13:00,UVSP
26.45,26.45,26.45,26.45,200,2021-07-14 19:15:00,UVSP
26.44,26.44,26.44,26.44,200,2021-07-14 19:21:00,UVSP
26.41,26.435,26.41,26.435,384,2021-07-14 19:26:00,UVSP
26.435,26.435,26.435,26.435,100,2021-07-14 19:27:00,UVSP
26.43,26.43,26.43,26.43,100,2021-07-14 19:29:00,UVSP
26.43,26.43,26.425,26.425,200,2021-07-14 19:30:00,UVSP
26.42,26.42,26.4,26.4,600,2021-07-14 19:31:00,UVSP
26.39,26.39,26.37,26.39,600,2021-07-14 19:32:00,UVSP
26.39,26.39,26.39,26.39,100,2021-07-14 19:33:00,UVSP
26.37,26.4,26.37,26.4,1264,2021-07-14 19:34:00,UVSP
26.4,26.4,26.4,26.4,200,2021-07-14 19:36:00,UVSP
26.43,26.43,26.43,26.43,400,2021-07-14 19:37:00,UVSP
26.44,26.44,26.435,26.435,200,2021-07-14 19:39:00,UVSP
26.45,26.47,26.45,26.455,1239,2021-07-14 19:40:00,UVSP
26.45,26.45,26.42,26.42,610,2021-07-14 19:41:00,UVSP
26.45,26.45,26.42,26.42,500,2021-07-14 19:42:00,UVSP
26.43,26.43,26.43,26.43,200,2021-07-14 19:43:00,UVSP
26.43,26.43,26.43,26.43,100,2021-07-14 19:44:00,UVSP
26.41,26.41,26.4,26.4,1100,2021-07-14 19:50:00,UVSP
26.42,26.43,26.42,26.42,1771,2021-07-14 19:52:00,UVSP
26.44,26.44,26.425,26.44,400,2021-07-14 19:53:00,UVSP
26.45,26.45,26.45,26.45,200,2021-07-14 19:54:00,UVSP
26.48,26.49,26.48,26.48,523,2021-07-14 19:56:00,UVSP
26.46,26.46,26.46,26.46,100,2021-07-14 19:57:00,UVSP
26.46,26.54,26.44,26.54,4193,2021-07-14 19:58:00,UVSP
26.54,26.56,26.5,26.55,9523,2021-07-14 19:59:00,UVSP
26.52,26.52,26.52,26.52,22120,2021-07-14 20:00:00,UVSP
26.29,26.45,26.29,26.45,2490,2021-07-15 13:30:00,UVSP
26.4,26.4,26.4,26.4,100,2021-07-15 13:35:00,UVSP
26.505,26.505,26.505,26.505,200,2021-07-15 13:44:00,UVSP
26.43,26.6,26.43,26.6,200,2021-07-15 13:47:00,UVSP
26.41,26.41,26.41,26.41,100,2021-07-15 13:48:00,UVSP
26.42,26.42,26.42,26.42,100,2021-07-15 13:49:00,UVSP
26.37,26.37,26.37,26.37,100,2021-07-15 14:03:00,UVSP
26.45,26.63,26.45,26.63,200,2021-07-15 14:04:00,UVSP
26.45,26.45,26.45,26.45,224,2021-07-15 14:11:00,UVSP
26.51,26.51,26.51,26.51,100,2021-07-15 14:12:00,UVSP
26.62,26.7,26.62,26.7,300,2021-07-15 14:15:00,UVSP
26.63,26.63,26.63,26.63,100,2021-07-15 14:20:00,UVSP
26.54,26.54,26.54,26.54,100,2021-07-15 14:25:00,UVSP
26.71,26.73,26.71,26.73,300,2021-07-15 14:36:00,UVSP
26.69,26.69,26.69,26.69,400,2021-07-15 14:38:00,UVSP
26.66,26.66,26.6,26.6,200,2021-07-15 14:48:00,UVSP
26.82,26.82,26.8,26.8,200,2021-07-15 14:50:00,UVSP
26.825,26.92,26.825,26.89,300,2021-07-15 14:52:00,UVSP
26.935,26.935,26.935,26.935,100,2021-07-15 14:55:00,UVSP
26.87,26.87,26.87,26.87,100,2021-07-15 14:56:00,UVSP
26.815,26.815,26.815,26.815,100,2021-07-15 15:06:00,UVSP
26.81,26.82,26.745,26.745,700,2021-07-15 15:10:00,UVSP
26.83,26.83,26.755,26.79,500,2021-07-15 15:14:00,UVSP
26.79,26.79,26.79,26.79,200,2021-07-15 15:17:00,UVSP
26.75,26.76,26.75,26.76,300,2021-07-15 15:23:00,UVSP
26.7,26.7,26.7,26.7,100,2021-07-15 15:24:00,UVSP
26.755,26.755,26.755,26.755,100,2021-07-15 15:29:00,UVSP
26.78,26.79,26.78,26.785,300,2021-07-15 15:31:00,UVSP
26.96,26.96,26.96,26.96,100,2021-07-15 15:38:00,UVSP
26.97,26.99,26.97,26.99,400,2021-07-15 15:57:00,UVSP
26.95,26.95,26.95,26.95,300,2021-07-15 15:58:00,UVSP
26.9099,26.9099,26.9099,26.9099,100,2021-07-15 16:10:00,UVSP
26.84,26.84,26.84,26.84,200,2021-07-15 16:21:00,UVSP
26.91,26.92,26.91,26.92,400,2021-07-15 16:24:00,UVSP
26.82,26.865,26.82,26.86,300,2021-07-15 16:40:00,UVSP
26.86,26.86,26.86,26.86,100,2021-07-15 16:42:00,UVSP
26.865,26.865,26.86,26.86,200,2021-07-15 16:44:00,UVSP
26.865,26.91,26.86,26.86,2100,2021-07-15 16:46:00,UVSP
26.875,26.89,26.875,26.89,300,2021-07-15 16:55:00,UVSP
26.865,26.87,26.865,26.87,200,2021-07-15 16:58:00,UVSP
26.8627,26.8627,26.8627,26.8627,704,2021-07-15 17:02:00,UVSP
26.86,26.87,26.86,26.87,500,2021-07-15 17:07:00,UVSP
26.9033,26.9033,26.9033,26.9033,236,2021-07-15 17:12:00,UVSP
26.76,26.76,26.76,26.76,100,2021-07-15 17:16:00,UVSP
26.87,26.87,26.87,26.87,100,2021-07-15 17:22:00,UVSP
26.85,26.87,26.85,26.86,500,2021-07-15 17:23:00,UVSP
26.82,26.83,26.82,26.83,500,2021-07-15 17:24:00,UVSP
26.86,26.86,26.86,26.86,100,2021-07-15 17:25:00,UVSP
26.7,26.7,26.7,26.7,100,2021-07-15 17:32:00,UVSP
26.73,26.73,26.68,26.68,500,2021-07-15 17:35:00,UVSP
26.73,26.79,26.73,26.755,700,2021-07-15 17:38:00,UVSP
26.6,26.6,26.6,26.6,100,2021-07-15 17:49:00,UVSP
26.65,26.65,26.64,26.64,200,2021-07-15 17:55:00,UVSP
26.65,26.68,26.65,26.68,400,2021-07-15 17:56:00,UVSP
26.57,26.57,26.57,26.57,100,2021-07-15 17:57:00,UVSP
26.59,26.59,26.59,26.59,100,2021-07-15 18:01:00,UVSP
26.54,26.54,26.54,26.54,100,2021-07-15 18:04:00,UVSP
26.66,26.66,26.66,26.66,100,2021-07-15 18:09:00,UVSP
26.67,26.67,26.67,26.67,100,2021-07-15 18:11:00,UVSP
26.64,26.64,26.64,26.64,100,2021-07-15 18:14:00,UVSP
26.66,26.71,26.66,26.71,200,2021-07-15 18:15:00,UVSP
26.71,26.71,26.71,26.71,200,2021-07-15 18:25:00,UVSP
26.7535,26.7535,26.7535,26.7535,241,2021-07-15 18:26:00,UVSP
26.77,26.78,26.77,26.78,431,2021-07-15 18:28:00,UVSP
26.835,26.89,26.835,26.89,800,2021-07-15 18:30:00,UVSP
26.85,26.85,26.85,26.85,100,2021-07-15 18:34:00,UVSP
26.76,26.76,26.75,26.75,300,2021-07-15 18:35:00,UVSP
26.805,26.805,26.761,26.761,310,2021-07-15 18:43:00,UVSP
26.76,26.76,26.76,26.76,200,2021-07-15 18:45:00,UVSP
26.72,26.72,26.69,26.69,400,2021-07-15 18:51:00,UVSP
26.67,26.67,26.67,26.67,100,2021-07-15 18:54:00,UVSP
26.74,26.74,26.74,26.74,100,2021-07-15 18:58:00,UVSP
26.725,26.725,26.725,26.725,100,2021-07-15 19:00:00,UVSP
26.71,26.71,26.71,26.71,100,2021-07-15 19:03:00,UVSP
26.7,26.73,26.7,26.73,200,2021-07-15 19:05:00,UVSP
26.71,26.71,26.71,26.71,100,2021-07-15 19:06:00,UVSP
26.73,26.78,26.73,26.78,1400,2021-07-15 19:12:00,UVSP
26.73,26.73,26.7,26.7,200,2021-07-15 19:16:00,UVSP
26.72,26.77,26.72,26.77,400,2021-07-15 19:18:00,UVSP
26.785,26.785,26.785,26.785,100,2021-07-15 19:21:00,UVSP
26.75,26.75,26.75,26.75,100,2021-07-15 19:22:00,UVSP
26.79,26.79,26.79,26.79,100,2021-07-15 19:25:00,UVSP
26.77,26.77,26.73,26.76,400,2021-07-15 19:32:00,UVSP
26.78,26.78,26.78,26.78,100,2021-07-15 19:34:00,UVSP
26.8,26.81,26.8,26.8,311,2021-07-15 19:35:00,UVSP
26.8,26.8,26.79,26.79,300,2021-07-15 19:36:00,UVSP
26.795,26.795,26.79,26.79,300,2021-07-15 19:37:00,UVSP
26.8,26.81,26.8,26.8,1300,2021-07-15 19:38:00,UVSP
26.825,26.84,26.82,26.84,800,2021-07-15 19:43:00,UVSP
26.86,26.87,26.86,26.87,300,2021-07-15 19:46:00,UVSP
26.87,26.87,26.87,26.87,100,2021-07-15 19:48:00,UVSP
26.89,26.89,26.89,26.89,100,2021-07-15 19:49:00,UVSP
26.92,26.92,26.89,26.89,200,2021-07-15 19:50:00,UVSP
26.9,26.95,26.9,26.9425,300,2021-07-15 19:51:00,UVSP
26.935,26.935,26.92,26.925,300,2021-07-15 19:52:00,UVSP
26.93,26.94,26.93,26.94,200,2021-07-15 19:56:00,UVSP
26.94,26.94,26.92,26.94,1510,2021-07-15 19:57:00,UVSP
26.96,26.99,26.96,26.99,400,2021-07-15 19:58:00,UVSP
26.99,27.0,26.94,26.94,3962,2021-07-15 19:59:00,UVSP
26.95,26.95,26.95,26.95,15044,2021-07-15 20:00:00,UVSP
26.95,26.95,26.95,26.95,221,2021-07-15 20:01:00,UVSP
27.03,27.34,27.03,27.26,2327,2021-07-16 13:30:00,UVSP
27.09,27.15,27.08,27.11,1100,2021-07-16 13:40:00,UVSP
27.13,27.15,27.13,27.13,500,2021-07-16 13:41:00,UVSP
27.055,27.055,27.055,27.055,300,2021-07-16 13:43:00,UVSP
27.06,27.06,27.06,27.06,300,2021-07-16 13:44:00,UVSP
27.1999,27.1999,27.1999,27.1999,200,2021-07-16 13:47:00,UVSP
27.03,27.06,27.02,27.06,500,2021-07-16 13:49:00,UVSP
27.08,27.2,27.08,27.2,400,2021-07-16 13:50:00,UVSP
26.9933,26.9933,26.9933,26.9933,700,2021-07-16 13:51:00,UVSP
26.99,26.99,26.99,26.99,100,2021-07-16 13:52:00,UVSP
27.0,27.04,26.96,26.96,1238,2021-07-16 13:57:00,UVSP
27.05,27.05,27.05,27.05,100,2021-07-16 14:01:00,UVSP
26.96,26.96,26.96,26.96,400,2021-07-16 14:06:00,UVSP
26.955,26.955,26.955,26.955,300,2021-07-16 14:10:00,UVSP
26.955,26.955,26.955,26.955,100,2021-07-16 14:13:00,UVSP
26.86,27.0,26.86,27.0,1400,2021-07-16 14:16:00,UVSP
26.97,27.0,26.97,27.0,300,2021-07-16 14:18:00,UVSP
26.92,26.98,26.91,26.98,2528,2021-07-16 14:25:00,UVSP
26.89,26.89,26.83,26.89,618,2021-07-16 14:36:00,UVSP
26.76,26.9,26.76,26.9,700,2021-07-16 14:44:00,UVSP
26.93,26.97,26.93,26.97,200,2021-07-16 15:19:00,UVSP
26.98,26.98,26.98,26.98,100,2021-07-16 15:22:00,UVSP
26.9,26.93,26.9,26.93,200,2021-07-16 15:39:00,UVSP
26.975,26.975,26.975,26.975,100,2021-07-16 15:55:00,UVSP
26.95,26.95,26.95,26.95,200,2021-07-16 16:00:00,UVSP
26.92,26.95,26.92,26.95,900,2021-07-16 16:03:00,UVSP
26.935,26.94,26.935,26.94,900,2021-07-16 16:06:00,UVSP
26.895,26.895,26.895,26.895,100,2021-07-16 16:16:00,UVSP
26.94,26.94,26.94,26.94,100,2021-07-16 16:18:00,UVSP
26.95,26.95,26.93,26.95,900,2021-07-16 16:23:00,UVSP
26.85,26.95,26.85,26.95,1138,2021-07-16 16:26:00,UVSP
26.94,26.95,26.93,26.95,500,2021-07-16 16:27:00,UVSP
26.82,26.95,26.82,26.95,1579,2021-07-16 16:32:00,UVSP
26.75,26.82,26.74,26.8,600,2021-07-16 16:53:00,UVSP
26.8,26.81,26.8,26.81,300,2021-07-16 16:54:00,UVSP
26.9,26.9,26.9,26.9,100,2021-07-16 16:57:00,UVSP
26.91,26.91,26.91,26.91,142,2021-07-16 17:02:00,UVSP
26.79,26.79,26.79,26.79,300,2021-07-16 17:10:00,UVSP
26.81,26.81,26.81,26.81,100,2021-07-16 17:27:00,UVSP
26.71,26.8,26.71,26.8,358,2021-07-16 17:32:00,UVSP
26.8,26.8,26.8,26.8,100,2021-07-16 17:37:00,UVSP
26.8,26.8,26.8,26.8,200,2021-07-16 17:38:00,UVSP
26.8,26.8,26.79,26.8,1400,2021-07-16 17:42:00,UVSP
26.79,26.8,26.76,26.76,500,2021-07-16 17:51:00,UVSP
26.76,26.8,26.75,26.8,800,2021-07-16 18:00:00,UVSP
26.74,26.77,26.74,26.77,500,2021-07-16 18:02:00,UVSP
26.67,26.67,26.67,26.67,100,2021-07-16 18:20:00,UVSP
26.69,26.77,26.69,26.77,300,2021-07-16 18:23:00,UVSP
26.81,26.81,26.7,26.7,300,2021-07-16 18:29:00,UVSP
26.69,26.69,26.69,26.69,100,2021-07-16 18:30:00,UVSP
26.75,26.75,26.75,26.75,100,2021-07-16 18:31:00,UVSP
26.81,26.81,26.81,26.81,100,2021-07-16 18:33:00,UVSP
26.8,26.8,26.8,26.8,100,2021-07-16 18:35:00,UVSP
26.84,26.86,26.84,26.86,200,2021-07-16 18:44:00,UVSP
26.67,26.67,26.67,26.67,100,2021-07-16 18:50:00,UVSP
26.665,26.665,26.665,26.665,100,2021-07-16 19:00:00,UVSP
26.69,26.81,26.69,26.75,1920,2021-07-16 19:04:00,UVSP
26.74,26.74,26.74,26.74,100,2021-07-16 19:06:00,UVSP
26.68,26.68,26.615,26.615,800,2021-07-16 19:08:00,UVSP
26.73,26.73,26.73,26.73,100,2021-07-16 19:12:00,UVSP
26.75,26.75,26.75,26.75,100,2021-07-16 19:15:00,UVSP
26.7984,26.8,26.7984,26.8,241,2021-07-16 19:18:00,UVSP
26.83,26.83,26.83,26.83,100,2021-07-16 19:19:00,UVSP
26.83,26.83,26.83,26.83,100,2021-07-16 19:25:00,UVSP
26.74,26.75,26.71,26.71,600,2021-07-16 19:27:00,UVSP
26.72,26.72,26.72,26.72,300,2021-07-16 19:30:00,UVSP
26.73,26.73,26.73,26.73,100,2021-07-16 19:31:00,UVSP
26.77,26.77,26.73,26.73,200,2021-07-16 19:35:00,UVSP
26.72,26.72,26.72,26.72,100,2021-07-16 19:36:00,UVSP
26.69,26.69,26.69,26.69,100,2021-07-16 19:37:00,UVSP
26.72,26.72,26.72,26.72,100,2021-07-16 19:38:00,UVSP
26.66,26.66,26.66,26.66,100,2021-07-16 19:39:00,UVSP
26.66,26.66,26.66,26.66,100,2021-07-16 19:41:00,UVSP
26.67,26.67,26.62,26.62,400,2021-07-16 19:43:00,UVSP
26.61,26.66,26.61,26.66,200,2021-07-16 19:44:00,UVSP
26.61,26.61,26.6,26.6,300,2021-07-16 19:45:00,UVSP
26.6,26.6,26.58,26.58,200,2021-07-16 19:46:00,UVSP
26.55,26.57,26.55,26.57,600,2021-07-16 19:47:00,UVSP
26.54,26.54,26.54,26.54,100,2021-07-16 19:48:00,UVSP
26.6,26.6,26.6,26.6,200,2021-07-16 19:49:00,UVSP
26.59,26.6,26.57,26.6,500,2021-07-16 19:50:00,UVSP
26.57,26.6,26.57,26.6,200,2021-07-16 19:51:00,UVSP
26.55,26.55,26.5,26.51,600,2021-07-16 19:52:00,UVSP
26.54,26.59,26.53,26.58,900,2021-07-16 19:53:00,UVSP
26.53,26.58,26.53,26.58,600,2021-07-16 19:54:00,UVSP
26.58,26.61,26.55,26.59,818,2021-07-16 19:55:00,UVSP
26.61,26.61,26.59,26.61,300,2021-07-16 19:56:00,UVSP
26.57,26.61,26.57,26.61,1200,2021-07-16 19:57:00,UVSP
26.57,26.575,26.55,26.55,1626,2021-07-16 19:58:00,UVSP
26.56,26.565,26.51,26.51,3315,2021-07-16 19:59:00,UVSP
26.52,26.52,26.52,26.52,19607,2021-07-16 20:00:00,UVSP
26.52,26.52,26.52,26.52,511,2021-07-16 20:01:00,UVSP
26.52,26.52,26.52,26.52,7898,2021-07-16 20:02:00,UVSP
26.37,26.37,26.37,26.37,200,2021-07-19 13:27:00,UVSP
26.33,26.33,26.33,26.33,5013,2021-07-19 13:30:00,UVSP
26.17,26.22,26.15,26.185,1704,2021-07-19 13:35:00,UVSP
26.175,26.175,26.175,26.175,200,2021-07-19 13:36:00,UVSP
26.2,26.2,26.175,26.2,300,2021-07-19 13:37:00,UVSP
26.2,26.22,26.15,26.16,3750,2021-07-19 13:39:00,UVSP
26.2,26.26,26.15,26.26,1300,2021-07-19 13:41:00,UVSP
26.2,26.2,26.17,26.19,600,2021-07-19 13:42:00,UVSP
26.17,26.18,26.17,26.17,300,2021-07-19 13:43:00,UVSP
26.171,26.171,26.171,26.171,700,2021-07-19 13:47:00,UVSP
26.2,26.2,26.2,26.2,300,2021-07-19 13:49:00,UVSP
26.2,26.27,26.2,26.27,1300,2021-07-19 13:50:00,UVSP
26.2,26.2,26.2,26.2,400,2021-07-19 13:51:00,UVSP
26.19,26.19,26.15,26.15,500,2021-07-19 13:52:00,UVSP
26.21,26.21,26.21,26.21,100,2021-07-19 13:53:00,UVSP
26.25,26.25,26.25,26.25,100,2021-07-19 14:02:00,UVSP
26.2175,26.2175,26.0226,26.135,1029,2021-07-19 14:03:00,UVSP
26.21,26.21,26.21,26.21,100,2021-07-19 14:05:00,UVSP
26.15,26.15,26.15,26.15,100,2021-07-19 14:07:00,UVSP
26.15,26.15,26.15,26.15,200,2021-07-19 14:15:00,UVSP
26.13,26.13,26.13,26.13,200,2021-07-19 14:17:00,UVSP
26.04,26.14,26.0,26.13,800,2021-07-19 14:20:00,UVSP
26.14,26.14,26.14,26.14,100,2021-07-19 14:21:00,UVSP
26.16,26.17,26.16,26.17,300,2021-07-19 14:30:00,UVSP
26.25,26.25,26.25,26.25,100,2021-07-19 14:37:00,UVSP
26.3,26.3,26.3,26.3,100,2021-07-19 14:43:00,UVSP
26.22,26.22,26.22,26.22,100,2021-07-19 14:50:00,UVSP
26.09,26.09,26.09,26.09,200,2021-07-19 15:10:00,UVSP
26.15,26.15,26.15,26.15,323,2021-07-19 15:15:00,UVSP
26.16,26.16,26.16,26.16,100,2021-07-19 15:21:00,UVSP
26.15,26.17,26.15,26.17,200,2021-07-19 15:22:00,UVSP
26.2,26.21,26.2,26.21,200,2021-07-19 15:23:00,UVSP
26.21,26.21,26.21,26.21,100,2021-07-19 15:30:00,UVSP
26.24,26.24,26.24,26.24,100,2021-07-19 15:31:00,UVSP
26.26,26.26,26.26,26.26,100,2021-07-19 15:37:00,UVSP
26.21,26.21,26.2,26.2,300,2021-07-19 15:38:00,UVSP
26.26,26.26,26.26,26.26,100,2021-07-19 15:39:00,UVSP
26.22,26.22,26.18,26.18,300,2021-07-19 15:42:00,UVSP
26.18,26.18,26.16,26.16,200,2021-07-19 15:43:00,UVSP
26.24,26.24,26.24,26.24,300,2021-07-19 15:46:00,UVSP
26.12,26.12,26.12,26.12,2115,2021-07-19 15:57:00,UVSP
26.21,26.21,26.21,26.21,200,2021-07-19 16:00:00,UVSP
26.21,26.22,26.21,26.22,400,2021-07-19 16:02:00,UVSP
26.26,26.26,26.26,26.26,200,2021-07-19 16:03:00,UVSP
26.2,26.27,26.18,26.27,1000,2021-07-19 16:06:00,UVSP
26.2,26.2,26.18,26.18,200,2021-07-19 16:09:00,UVSP
26.19,26.19,26.19,26.19,100,2021-07-19 16:11:00,UVSP
26.18,26.18,26.18,26.18,100,2021-07-19 16:12:00,UVSP
26.15,26.17,26.15,26.17,200,2021-07-19 16:13:00,UVSP
26.14,26.15,26.14,26.15,300,2021-07-19 16:19:00,UVSP
26.15,26.15,26.11,26.11,300,2021-07-19 16:23:00,UVSP
26.15,26.17,26.15,26.17,700,2021-07-19 16:27:00,UVSP
26.05,26.1,26.04,26.08,1900,2021-07-19 16:31:00,UVSP
26.15,26.15,26.14,26.14,200,2021-07-19 16:32:00,UVSP
26.17,26.19,26.17,26.19,620,2021-07-19 17:01:00,UVSP
26.2,26.2,26.17,26.17,300,2021-07-19 17:08:00,UVSP
26.16,26.16,26.16,26.16,100,2021-07-19 17:10:00,UVSP
26.185,26.2,26.185,26.2,300,2021-07-19 17:11:00,UVSP
26.16,26.16,26.16,26.16,200,2021-07-19 17:13:00,UVSP
26.17,26.18,26.15,26.18,800,2021-07-19 17:14:00,UVSP
26.18,26.18,26.18,26.18,366,2021-07-19 17:16:00,UVSP
26.151,26.151,26.151,26.151,113,2021-07-19 17:18:00,UVSP
26.14,26.17,26.14,26.17,200,2021-07-19 17:20:00,UVSP
26.15,26.15,26.15,26.15,100,2021-07-19 17:24:00,UVSP
26.05,26.05,26.05,26.05,200,2021-07-19 17:27:00,UVSP
26.07,26.07,26.07,26.07,126,2021-07-19 17:30:00,UVSP
26.05,26.1,26.02,26.1,1900,2021-07-19 17:33:00,UVSP
26.09,26.09,26.09,26.09,100,2021-07-19 17:36:00,UVSP
26.03,26.03,26.01,26.01,200,2021-07-19 17:42:00,UVSP
25.92,25.92,25.92,25.92,100,2021-07-19 17:45:00,UVSP
25.93,25.93,25.92,25.92,300,2021-07-19 17:50:00,UVSP
25.94,25.99,25.94,25.99,600,2021-07-19 17:54:00,UVSP
26.0,26.0,26.0,26.0,100,2021-07-19 18:02:00,UVSP
25.91,25.91,25.91,25.91,100,2021-07-19 18:07:00,UVSP
25.93,25.93,25.93,25.93,100,2021-07-19 18:08:00,UVSP
25.97,25.97,25.97,25.97,100,2021-07-19 18:14:00,UVSP
25.93,25.94,25.93,25.94,1000,2021-07-19 18:18:00,UVSP
25.94,25.95,25.94,25.95,600,2021-07-19 18:19:00,UVSP
25.87,25.87,25.87,25.87,100,2021-07-19 18:25:00,UVSP
25.79,25.8,25.79,25.8,500,2021-07-19 18:37:00,UVSP
25.84,25.84,25.84,25.84,100,2021-07-19 18:38:00,UVSP
25.77,25.77,25.72,25.72,300,2021-07-19 18:44:00,UVSP
25.77,25.78,25.77,25.78,400,2021-07-19 18:45:00,UVSP
25.82,25.88,25.81,25.88,1200,2021-07-19 18:48:00,UVSP
25.77,25.77,25.72,25.74,700,2021-07-19 18:53:00,UVSP
25.65,25.66,25.65,25.66,400,2021-07-19 19:01:00,UVSP
25.63,25.72,25.63,25.71,2200,2021-07-19 19:10:00,UVSP
25.73,25.76,25.73,25.755,700,2021-07-19 19:11:00,UVSP
25.78,25.78,25.78,25.78,100,2021-07-19 19:12:00,UVSP
25.78,25.78,25.78,25.78,100,2021-07-19 19:13:00,UVSP
25.75,25.78,25.75,25.78,1000,2021-07-19 19:14:00,UVSP
25.77,25.775,25.77,25.77,500,2021-07-19 19:15:00,UVSP
25.75,25.78,25.75,25.78,328,2021-07-19 19:16:00,UVSP
25.78,25.78,25.78,25.78,100,2021-07-19 19:17:00,UVSP
25.75,25.75,25.73,25.75,1984,2021-07-19 19:18:00,UVSP
25.7475,25.76,25.735,25.735,500,2021-07-19 19:19:00,UVSP
25.73,25.73,25.73,25.73,100,2021-07-19 19:20:00,UVSP
25.75,25.75,25.75,25.75,1000,2021-07-19 19:22:00,UVSP
25.76,25.76,25.76,25.76,100,2021-07-19 19:25:00,UVSP
25.755,25.755,25.74,25.74,300,2021-07-19 19:30:00,UVSP
25.78,25.8,25.78,25.8,688,2021-07-19 19:32:00,UVSP
25.785,25.8,25.785,25.8,500,2021-07-19 19:33:00,UVSP
25.82,25.82,25.81,25.82,300,2021-07-19 19:34:00,UVSP
25.78,25.8,25.78,25.8,200,2021-07-19 19:35:00,UVSP
25.8,25.8,25.795,25.8,700,2021-07-19 19:36:00,UVSP
25.8,25.85,25.78,25.85,3650,2021-07-19 19:37:00,UVSP
25.84,25.84,25.79,25.79,200,2021-07-19 19:38:00,UVSP
25.82,25.83,25.82,25.83,200,2021-07-19 19:40:00,UVSP
25.82,25.82,25.79,25.79,200,2021-07-19 19:41:00,UVSP
25.79,25.79,25.79,25.79,100,2021-07-19 19:44:00,UVSP
25.8393,25.85,25.83,25.85,700,2021-07-19 19:46:00,UVSP
25.85,25.89,25.85,25.89,1475,2021-07-19 19:48:00,UVSP
25.89,25.96,25.89,25.96,900,2021-07-19 19:49:00,UVSP
25.93,25.99,25.86,25.93,2567,2021-07-19 19:50:00,UVSP
25.94,25.98,25.895,25.98,1300,2021-07-19 19:51:00,UVSP
25.98,25.99,25.92,25.98,1300,2021-07-19 19:52:00,UVSP
25.99,26.02,25.98,26.02,500,2021-07-19 19:53:00,UVSP
25.91,25.91,25.9,25.9,200,2021-07-19 19:55:00,UVSP
25.92,25.97,25.92,25.96,300,2021-07-19 19:56:00,UVSP
25.965,25.965,25.965,25.965,100,2021-07-19 19:57:00,UVSP
25.96,25.96,25.96,25.96,200,2021-07-19 19:58:00,UVSP
25.98,26.06,25.98,26.03,5251,2021-07-19 19:59:00,UVSP
26.0,26.0,26.0,26.0,18749,2021-07-19 20:00:00,UVSP
26.02,26.02,26.02,26.02,776,2021-07-20 13:30:00,UVSP
26.745,26.745,25.99,25.99,300,2021-07-20 13:44:00,UVSP
26.525,26.525,26.37,26.38,800,2021-07-20 13:52:00,UVSP
26.61,26.81,26.57,26.57,2609,2021-07-20 13:55:00,UVSP
26.58,26.58,26.575,26.575,200,2021-07-20 13:57:00,UVSP
26.75,26.75,26.75,26.75,100,2021-07-20 14:00:00,UVSP
26.685,26.77,26.685,26.75,400,2021-07-20 14:01:00,UVSP
26.76,26.76,26.76,26.76,200,2021-07-20 14:02:00,UVSP
26.72,26.72,26.58,26.58,200,2021-07-20 14:03:00,UVSP
26.6,26.6,26.6,26.6,125,2021-07-20 14:05:00,UVSP
26.74,26.74,26.72,26.72,300,2021-07-20 14:07:00,UVSP
26.71,26.71,26.71,26.71,100,2021-07-20 14:08:00,UVSP
26.73,26.84,26.73,26.84,300,2021-07-20 14:09:00,UVSP
26.785,26.785,26.785,26.785,100,2021-07-20 14:11:00,UVSP
26.94,26.95,26.94,26.95,200,2021-07-20 14:19:00,UVSP
26.96,26.96,26.96,26.96,200,2021-07-20 14:20:00,UVSP
26.99,27.01,26.99,27.01,963,2021-07-20 14:23:00,UVSP
26.8401,26.8401,26.8401,26.8401,1000,2021-07-20 14:35:00,UVSP
26.9,26.9,26.84,26.84,200,2021-07-20 14:37:00,UVSP
26.77,26.77,26.77,26.77,100,2021-07-20 14:38:00,UVSP
26.86,26.86,26.86,26.86,100,2021-07-20 14:43:00,UVSP
26.87,26.87,26.87,26.87,100,2021-07-20 14:44:00,UVSP
26.885,26.885,26.885,26.885,100,2021-07-20 14:47:00,UVSP
26.95,26.95,26.95,26.95,100,2021-07-20 14:50:00,UVSP
26.985,26.985,26.985,26.985,100,2021-07-20 15:05:00,UVSP
26.99,26.99,26.99,26.99,270,2021-07-20 15:07:00,UVSP
27.0,27.0,27.0,27.0,100,2021-07-20 15:08:00,UVSP
27.0,27.0,27.0,27.0,100,2021-07-20 15:10:00,UVSP
27.09,27.09,27.09,27.09,100,2021-07-20 15:11:00,UVSP
26.95,26.96,26.95,26.95,400,2021-07-20 15:15:00,UVSP
26.99,26.99,26.99,26.99,100,2021-07-20 15:16:00,UVSP
27.0,27.0,27.0,27.0,100,2021-07-20 15:19:00,UVSP
27.065,27.065,27.065,27.065,100,2021-07-20 15:22:00,UVSP
27.03,27.03,27.03,27.03,100,2021-07-20 15:23:00,UVSP
27.1,27.1,27.065,27.065,200,2021-07-20 15:25:00,UVSP
27.14,27.15,27.14,27.15,619,2021-07-20 15:32:00,UVSP
27.145,27.145,27.1,27.1,1000,2021-07-20 15:33:00,UVSP
27.085,27.085,27.085,27.085,100,2021-07-20 15:36:00,UVSP
27.0,27.0,27.0,27.0,200,2021-07-20 15:39:00,UVSP
27.05,27.05,27.05,27.05,100,2021-07-20 15:43:00,UVSP
27.08,27.08,27.07,27.07,200,2021-07-20 15:46:00,UVSP
27.07,27.07,27.07,27.07,132,2021-07-20 15:48:00,UVSP
27.13,27.13,27.13,27.13,100,2021-07-20 15:51:00,UVSP
27.06,27.06,27.06,27.06,100,2021-07-20 15:53:00,UVSP
27.18,27.18,27.18,27.18,100,2021-07-20 15:55:00,UVSP
27.2,27.21,27.2,27.21,300,2021-07-20 16:00:00,UVSP
27.17,27.17,27.12,27.15,500,2021-07-20 16:04:00,UVSP
27.08,27.08,27.08,27.08,100,2021-07-20 16:05:00,UVSP
27.01,27.01,27.01,27.01,100,2021-07-20 16:06:00,UVSP
27.04,27.04,27.04,27.04,100,2021-07-20 16:08:00,UVSP
27.09,27.09,27.06,27.06,200,2021-07-20 16:14:00,UVSP
27.065,27.065,27.065,27.065,100,2021-07-20 16:18:00,UVSP
27.03,27.03,27.03,27.03,100,2021-07-20 16:21:00,UVSP
27.11,27.16,27.0798,27.16,896,2021-07-20 16:22:00,UVSP
27.22,27.24,27.22,27.24,793,2021-07-20 16:33:00,UVSP
27.26,27.26,27.26,27.26,100,2021-07-20 16:34:00,UVSP
27.2,27.2,27.1,27.1,400,2021-07-20 16:38:00,UVSP
27.17,27.19,27.17,27.19,400,2021-07-20 16:40:00,UVSP
27.16,27.16,27.16,27.16,133,2021-07-20 16:42:00,UVSP
27.19,27.19,27.19,27.19,300,2021-07-20 16:50:00,UVSP
27.19,27.25,27.17,27.25,300,2021-07-20 16:55:00,UVSP
27.16,27.16,27.12,27.12,232,2021-07-20 16:57:00,UVSP
27.105,27.105,27.105,27.105,100,2021-07-20 17:02:00,UVSP
27.11,27.11,27.0,27.0,700,2021-07-20 17:10:00,UVSP
27.035,27.035,27.0,27.0,200,2021-07-20 17:11:00,UVSP
27.07,27.07,27.07,27.07,358,2021-07-20 17:13:00,UVSP
27.02,27.02,27.01,27.02,400,2021-07-20 17:16:00,UVSP
27.0,27.0,26.97,26.98,500,2021-07-20 17:17:00,UVSP
26.96,26.96,26.92,26.92,200,2021-07-20 17:19:00,UVSP
26.97,26.985,26.95,26.97,500,2021-07-20 17:25:00,UVSP
26.94,26.94,26.94,26.94,100,2021-07-20 17:27:00,UVSP
26.99,26.99,26.99,26.99,100,2021-07-20 17:37:00,UVSP
26.99,26.99,26.99,26.99,200,2021-07-20 17:39:00,UVSP
27.0,27.0,27.0,27.0,100,2021-07-20 17:41:00,UVSP
27.0,27.0,26.995,26.995,200,2021-07-20 17:42:00,UVSP
27.02,27.04,27.0,27.04,600,2021-07-20 17:43:00,UVSP
27.0,27.01,26.95,26.97,1700,2021-07-20 17:44:00,UVSP
27.01,27.01,27.01,27.01,400,2021-07-20 17:45:00,UVSP
26.96,26.96,26.96,26.96,200,2021-07-20 17:46:00,UVSP
26.95,26.95,26.95,26.95,100,2021-07-20 17:50:00,UVSP
26.89,26.95,26.89,26.95,200,2021-07-20 17:51:00,UVSP
26.97,26.97,26.97,26.97,100,2021-07-20 17:55:00,UVSP
26.925,26.925,26.925,26.925,100,2021-07-20 17:59:00,UVSP
26.95,26.99,26.95,26.97,400,2021-07-20 18:00:00,UVSP
26.99,26.99,26.99,26.99,100,2021-07-20 18:01:00,UVSP
26.98,26.98,26.93,26.96,1133,2021-07-20 18:02:00,UVSP
26.93,26.93,26.93,26.93,690,2021-07-20 18:08:00,UVSP
26.93,26.93,26.93,26.93,100,2021-07-20 18:09:00,UVSP
26.99,26.99,26.99,26.99,200,2021-07-20 18:10:00,UVSP
26.95,26.95,26.95,26.95,100,2021-07-20 18:14:00,UVSP
26.98,26.98,26.98,26.98,100,2021-07-20 18:21:00,UVSP
27.0,27.0,27.0,27.0,100,2021-07-20 18:23:00,UVSP
27.0,27.0,27.0,27.0,100,2021-07-20 18:24:00,UVSP
27.01,27.01,27.01,27.01,100,2021-07-20 18:25:00,UVSP
27.01,27.01,27.01,27.01,100,2021-07-20 18:28:00,UVSP
27.01,27.01,27.01,27.01,200,2021-07-20 18:29:00,UVSP
27.01,27.05,26.99,27.05,300,2021-07-20 18:32:00,UVSP
27.05,27.05,27.05,27.05,100,2021-07-20 18:33:00,UVSP
27.03,27.06,27.01,27.06,1100,2021-07-20 18:36:00,UVSP
27.0,27.0,27.0,27.0,300,2021-07-20 18:40:00,UVSP
27.02,27.03,27.02,27.03,300,2021-07-20 18:41:00,UVSP
27.0,27.0,26.98,26.98,200,2021-07-20 18:46:00,UVSP
27.0,27.0,26.975,27.0,442,2021-07-20 18:49:00,UVSP
26.95,26.95,26.91,26.94,700,2021-07-20 18:55:00,UVSP
26.95,26.95,26.95,26.95,100,2021-07-20 18:56:00,UVSP
26.89,26.9,26.89,26.9,300,2021-07-20 19:00:00,UVSP
26.8925,26.8925,26.8925,26.8925,100,2021-07-20 19:04:00,UVSP
26.9,26.9,26.87,26.88,1400,2021-07-20 19:06:00,UVSP
26.9,26.9,26.875,26.9,800,2021-07-20 19:09:00,UVSP
26.9,26.93,26.9,26.93,500,2021-07-20 19:10:00,UVSP
26.91,26.91,26.9,26.9,400,2021-07-20 19:11:00,UVSP
26.94,26.94,26.94,26.94,200,2021-07-20 19:12:00,UVSP
26.89,26.89,26.89,26.89,200,2021-07-20 19:14:00,UVSP
26.89,26.91,26.89,26.91,294,2021-07-20 19:15:00,UVSP
26.86,26.9,26.86,26.9,400,2021-07-20 19:17:00,UVSP
26.93,26.96,26.93,26.96,521,2021-07-20 19:18:00,UVSP
26.93,26.93,26.93,26.93,100,2021-07-20 19:26:00,UVSP
26.93,26.93,26.92,26.92,200,2021-07-20 19:31:00,UVSP
26.93,26.93,26.91,26.92,700,2021-07-20 19:32:00,UVSP
26.91,26.97,26.91,26.97,2500,2021-07-20 19:33:00,UVSP
26.97,26.97,26.97,26.97,100,2021-07-20 19:35:00,UVSP
26.95,26.97,26.95,26.97,200,2021-07-20 19:37:00,UVSP
26.98,26.99,26.98,26.99,400,2021-07-20 19:39:00,UVSP
26.96,26.96,26.95,26.95,1200,2021-07-20 19:44:00,UVSP
26.97,26.97,26.92,26.97,300,2021-07-20 19:45:00,UVSP
26.98,26.98,26.98,26.98,300,2021-07-20 19:47:00,UVSP
27.01,27.01,26.935,26.96,1210,2021-07-20 19:50:00,UVSP
26.92,26.92,26.92,26.92,300,2021-07-20 19:51:00,UVSP
26.89,26.93,26.89,26.9,1200,2021-07-20 19:52:00,UVSP
26.9,26.94,26.9,26.94,600,2021-07-20 19:53:00,UVSP
26.91,26.94,26.9,26.94,4418,2021-07-20 19:54:00,UVSP
26.94,26.94,26.84,26.86,2228,2021-07-20 19:55:00,UVSP
26.81,26.91,26.81,26.87,7013,2021-07-20 19:56:00,UVSP
26.88,26.88,26.84,26.88,2000,2021-07-20 19:57:00,UVSP
26.87,26.9,26.84,26.88,1600,2021-07-20 19:58:00,UVSP
26.9,26.91,26.83,26.91,1884,2021-07-20 19:59:00,UVSP
26.86,26.86,26.86,26.86,42170,2021-07-20 20:00:00,UVSP
26.86,26.86,26.86,26.86,3232,2021-07-20 20:01:00,UVSP
26.86,26.86,26.86,26.86,2312,2021-07-20 20:02:00,UVSP
26.86,26.86,26.86,26.86,4100,2021-07-20 20:03:00,UVSP
27.17,27.17,26.96,26.96,411,2021-07-21 13:30:00,UVSP
27.32,27.32,27.32,27.32,100,2021-07-21 13:32:00,UVSP
27.56,27.56,27.25,27.25,200,2021-07-21 13:33:00,UVSP
27.155,27.155,27.155,27.155,1000,2021-07-21 13:35:00,UVSP
27.31,27.3128,27.31,27.3128,600,2021-07-21 13:42:00,UVSP
27.4,27.4,27.4,27.4,100,2021-07-21 13:47:00,UVSP
27.35,27.39,27.35,27.37,400,2021-07-21 13:52:00,UVSP
27.35,27.5,27.35,27.5,200,2021-07-21 13:53:00,UVSP
27.3,27.3,27.3,27.3,100,2021-07-21 14:04:00,UVSP
27.23,27.23,27.23,27.23,100,2021-07-21 14:06:00,UVSP
27.36,27.36,27.36,27.36,236,2021-07-21 14:09:00,UVSP
27.33,27.33,27.33,27.33,100,2021-07-21 14:11:00,UVSP
27.36,27.36,27.36,27.36,800,2021-07-21 14:15:00,UVSP
27.34,27.34,27.34,27.34,200,2021-07-21 14:16:00,UVSP
27.3,27.3,27.3,27.3,100,2021-07-21 14:18:00,UVSP
27.32,27.32,27.32,27.32,100,2021-07-21 14:21:00,UVSP
27.32,27.35,27.32,27.35,500,2021-07-21 14:22:00,UVSP
27.21,27.21,27.21,27.21,300,2021-07-21 14:39:00,UVSP
27.2,27.2,27.2,27.2,100,2021-07-21 14:47:00,UVSP
27.03,27.04,27.03,27.04,200,2021-07-21 15:03:00,UVSP
27.08,27.08,27.08,27.08,100,2021-07-21 15:07:00,UVSP
26.99,26.99,26.99,26.99,100,2021-07-21 15:10:00,UVSP
27.1,27.1,27.1,27.1,100,2021-07-21 15:18:00,UVSP
27.09,27.09,27.09,27.09,100,2021-07-21 15:20:00,UVSP
27.08,27.08,27.08,27.08,100,2021-07-21 15:33:00,UVSP
27.12,27.12,27.12,27.12,100,2021-07-21 15:37:00,UVSP
27.1623,27.1623,27.1623,27.1623,400,2021-07-21 15:39:00,UVSP
27.2,27.2,27.2,27.2,100,2021-07-21 15:47:00,UVSP
27.33,27.33,27.33,27.33,100,2021-07-21 15:52:00,UVSP
27.23,27.23,27.23,27.23,151,2021-07-21 15:57:00,UVSP
27.21,27.21,27.21,27.21,300,2021-07-21 16:09:00,UVSP
27.23,27.23,27.23,27.23,100,2021-07-21 16:13:00,UVSP
27.17,27.17,27.17,27.17,100,2021-07-21 16:28:00,UVSP
27.18,27.18,27.18,27.18,100,2021-07-21 16:43:00,UVSP
27.25,27.25,27.25,27.25,300,2021-07-21 16:46:00,UVSP
27.15,27.15,27.15,27.15,100,2021-07-21 16:49:00,UVSP
27.27,27.27,27.27,27.27,100,2021-07-21 17:03:00,UVSP
27.25,27.25,27.25,27.25,100,2021-07-21 17:05:00,UVSP
27.17,27.17,27.17,27.17,100,2021-07-21 17:15:00,UVSP
27.13,27.13,27.13,27.13,200,2021-07-21 17:22:00,UVSP
27.17,27.22,27.17,27.22,700,2021-07-21 17:31:00,UVSP
27.3,27.3,27.21,27.21,200,2021-07-21 17:32:00,UVSP
27.17,27.17,27.17,27.17,200,2021-07-21 17:37:00,UVSP
27.225,27.225,27.225,27.225,100,2021-07-21 18:12:00,UVSP
27.19,27.19,27.19,27.19,300,2021-07-21 18:27:00,UVSP
27.25,27.25,27.25,27.25,100,2021-07-21 18:35:00,UVSP
27.21,27.21,27.21,27.21,100,2021-07-21 18:46:00,UVSP
27.31,27.31,27.2,27.2,400,2021-07-21 18:53:00,UVSP
27.23,27.23,27.23,27.23,100,2021-07-21 19:09:00,UVSP
27.23,27.23,27.23,27.23,144,2021-07-21 19:10:00,UVSP
27.214,27.25,27.214,27.25,1179,2021-07-21 19:11:00,UVSP
27.18,27.18,27.18,27.18,100,2021-07-21 19:12:00,UVSP
27.21,27.21,27.21,27.21,100,2021-07-21 19:14:00,UVSP
27.2,27.2,27.2,27.2,100,2021-07-21 19:17:00,UVSP
27.19,27.19,27.16,27.16,344,2021-07-21 19:19:00,UVSP
27.19,27.19,27.19,27.19,100,2021-07-21 19:20:00,UVSP
27.14,27.14,27.14,27.14,100,2021-07-21 19:22:00,UVSP
27.13,27.16,27.12,27.16,700,2021-07-21 19:26:00,UVSP
27.12,27.12,27.04,27.04,900,2021-07-21 19:27:00,UVSP
27.01,27.01,27.01,27.01,100,2021-07-21 19:28:00,UVSP
26.99,26.99,26.99,26.99,100,2021-07-21 19:29:00,UVSP
27.06,27.06,27.06,27.06,100,2021-07-21 19:33:00,UVSP
27.05,27.05,27.05,27.05,100,2021-07-21 19:35:00,UVSP
27.05,27.05,27.05,27.05,200,2021-07-21 19:36:00,UVSP
27.04,27.04,27.04,27.04,100,2021-07-21 19:37:00,UVSP
27.03,27.03,27.03,27.03,100,2021-07-21 19:38:00,UVSP
27.0,27.03,27.0,27.03,200,2021-07-21 19:39:00,UVSP
27.09,27.1,27.09,27.1,549,2021-07-21 19:44:00,UVSP
27.09,27.09,27.09,27.09,133,2021-07-21 19:45:00,UVSP
27.085,27.085,27.085,27.085,100,2021-07-21 19:46:00,UVSP
27.08,27.08,27.08,27.08,100,2021-07-21 19:47:00,UVSP
27.09,27.09,27.09,27.09,100,2021-07-21 19:48:00,UVSP
27.06,27.07,27.05,27.05,700,2021-07-21 19:50:00,UVSP
27.02,27.04,27.02,27.03,528,2021-07-21 19:51:00,UVSP
27.03,27.03,27.03,27.03,100,2021-07-21 19:53:00,UVSP
27.01,27.08,27.01,27.08,641,2021-07-21 19:54:00,UVSP
27.09,27.13,27.09,27.13,200,2021-07-21 19:55:00,UVSP
27.06,27.06,27.06,27.06,300,2021-07-21 19:56:00,UVSP
27.09,27.09,27.08,27.08,244,2021-07-21 19:57:00,UVSP
27.1,27.11,27.1,27.11,333,2021-07-21 19:58:00,UVSP
27.11,27.15,27.09,27.12,1591,2021-07-21 19:59:00,UVSP
27.09,27.09,27.09,27.09,25847,2021-07-21 20:00:00,UVSP
27.09,27.09,27.09,27.09,742,2021-07-21 20:01:00,UVSP
27.09,27.09,27.09,27.09,366,2021-07-21 20:04:00,UVSP
26.86,26.86,26.86,26.86,444,2021-07-22 13:30:00,UVSP
26.895,26.895,26.895,26.895,100,2021-07-22 13:34:00,UVSP
27.0,27.0,27.0,27.0,400,2021-07-22 13:36:00,UVSP
26.6092,26.99,26.6092,26.99,450,2021-07-22 13:39:00,UVSP
26.575,26.58,26.53,26.53,600,2021-07-22 13:44:00,UVSP
26.615,26.9,26.51,26.9,300,2021-07-22 13:45:00,UVSP
26.66,26.66,26.66,26.66,200,2021-07-22 14:13:00,UVSP
26.5,26.52,26.4,26.44,700,2021-07-22 14:24:00,UVSP
26.45,26.54,26.44,26.45,1100,2021-07-22 14:25:00,UVSP
26.355,26.355,26.355,26.355,250,2021-07-22 14:34:00,UVSP
26.34,26.34,26.34,26.34,100,2021-07-22 14:44:00,UVSP
26.22,26.22,26.22,26.22,100,2021-07-22 14:52:00,UVSP
26.2,26.2,26.2,26.2,100,2021-07-22 15:07:00,UVSP
26.135,26.24,26.135,26.135,600,2021-07-22 15:10:00,UVSP
26.06,26.07,26.06,26.07,200,2021-07-22 15:11:00,UVSP
26.135,26.23,26.135,26.23,400,2021-07-22 15:17:00,UVSP
26.14,26.14,26.14,26.14,100,2021-07-22 15:18:00,UVSP
26.15,26.15,26.15,26.15,100,2021-07-22 15:24:00,UVSP
26.06,26.06,26.06,26.06,100,2021-07-22 15:43:00,UVSP
26.09,26.09,26.09,26.09,100,2021-07-22 15:46:00,UVSP
26.05,26.05,26.02,26.02,200,2021-07-22 16:11:00,UVSP
25.84,25.87,25.82,25.82,2300,2021-07-22 16:15:00,UVSP
25.84,25.85,25.84,25.84,600,2021-07-22 16:16:00,UVSP
25.9,25.9,25.86,25.89,400,2021-07-22 16:21:00,UVSP
25.81,25.81,25.8,25.8,600,2021-07-22 16:26:00,UVSP
25.95,25.95,25.95,25.95,200,2021-07-22 16:47:00,UVSP
25.9,25.9,25.9,25.9,100,2021-07-22 16:50:00,UVSP
25.945,25.945,25.945,25.945,100,2021-07-22 17:10:00,UVSP
25.93,25.93,25.93,25.93,100,2021-07-22 17:19:00,UVSP
25.87,25.87,25.87,25.87,100,2021-07-22 17:31:00,UVSP
25.85,25.85,25.85,25.85,100,2021-07-22 17:40:00,UVSP
25.98,25.98,25.98,25.98,100,2021-07-22 17:45:00,UVSP
26.01,26.03,25.995,26.03,400,2021-07-22 17:58:00,UVSP
26.04,26.04,26.03,26.03,400,2021-07-22 18:00:00,UVSP
25.97,25.97,25.97,25.97,100,2021-07-22 18:06:00,UVSP
26.07,26.07,26.07,26.07,200,2021-07-22 18:15:00,UVSP
26.01,26.01,26.01,26.01,102,2021-07-22 18:20:00,UVSP
25.96,25.96,25.95,25.95,908,2021-07-22 18:45:00,UVSP
25.95,25.95,25.95,25.95,100,2021-07-22 18:47:00,UVSP
26.03,26.03,26.03,26.03,200,2021-07-22 18:53:00,UVSP
26.03,26.03,26.03,26.03,400,2021-07-22 19:00:00,UVSP
26.04,26.04,26.04,26.04,100,2021-07-22 19:02:00,UVSP
25.95,25.95,25.95,25.95,100,2021-07-22 19:06:00,UVSP
25.89,25.89,25.89,25.89,225,2021-07-22 19:11:00,UVSP
25.945,25.97,25.945,25.965,500,2021-07-22 19:15:00,UVSP
26.0,26.0,26.0,26.0,100,2021-07-22 19:16:00,UVSP
26.0,26.0,25.96,25.98,1500,2021-07-22 19:17:00,UVSP
26.01,26.01,26.01,26.01,100,2021-07-22 19:20:00,UVSP
25.995,25.995,25.995,25.995,176,2021-07-22 19:21:00,UVSP
26.055,26.055,26.05,26.05,1100,2021-07-22 19:24:00,UVSP
26.02,26.05,26.02,26.02,300,2021-07-22 19:27:00,UVSP
26.0,26.0,26.0,26.0,200,2021-07-22 19:29:00,UVSP
25.98,25.98,25.98,25.98,100,2021-07-22 19:33:00,UVSP
25.94,25.94,25.94,25.94,100,2021-07-22 19:35:00,UVSP
25.96,25.96,25.96,25.96,100,2021-07-22 19:36:00,UVSP
25.97,25.97,25.97,25.97,100,2021-07-22 19:39:00,UVSP
25.925,25.925,25.89,25.89,600,2021-07-22 19:41:00,UVSP
25.89,25.91,25.89,25.89,1072,2021-07-22 19:44:00,UVSP
25.895,25.895,25.895,25.895,100,2021-07-22 19:45:00,UVSP
25.915,25.915,25.915,25.915,100,2021-07-22 19:46:00,UVSP
25.94,25.94,25.94,25.94,100,2021-07-22 19:48:00,UVSP
25.96,25.98,25.96,25.98,600,2021-07-22 19:50:00,UVSP
26.0,26.0,26.0,26.0,100,2021-07-22 19:51:00,UVSP
26.02,26.02,25.98,25.98,400,2021-07-22 19:53:00,UVSP
26.03,26.03,26.03,26.03,100,2021-07-22 19:56:00,UVSP
25.99,25.99,25.98,25.99,1720,2021-07-22 19:57:00,UVSP
25.965,26.03,25.95,25.95,2012,2021-07-22 19:58:00,UVSP
25.97,26.01,25.92,25.97,3662,2021-07-22 19:59:00,UVSP
25.98,25.98,25.98,25.98,17610,2021-07-22 20:00:00,UVSP
26.31,26.31,26.31,26.31,348,2021-07-23 13:30:00,UVSP
26.39,26.39,26.39,26.39,100,2021-07-23 13:36:00,UVSP
26.48,26.48,26.48,26.48,100,2021-07-23 13:43:00,UVSP
26.4,26.4,26.4,26.4,100,2021-07-23 13:55:00,UVSP
25.8195,25.8195,25.8195,25.8195,600,2021-07-23 14:02:00,UVSP
26.2,26.2,26.2,26.2,100,2021-07-23 14:05:00,UVSP
26.28,26.28,26.28,26.28,100,2021-07-23 14:12:00,UVSP
26.26,26.26,26.26,26.26,100,2021-07-23 14:13:00,UVSP
26.11,26.11,26.11,26.11,200,2021-07-23 14:18:00,UVSP
26.07,26.07,26.07,26.07,100,2021-07-23 14:20:00,UVSP
26.295,26.295,26.295,26.295,100,2021-07-23 14:26:00,UVSP
26.345,26.345,26.345,26.345,100,2021-07-23 14:37:00,UVSP
26.29,26.4,26.14,26.14,400,2021-07-23 14:38:00,UVSP
26.275,26.345,26.275,26.345,500,2021-07-23 14:48:00,UVSP
26.35,26.35,26.35,26.35,100,2021-07-23 14:59:00,UVSP
26.16,26.39,26.16,26.39,200,2021-07-23 15:07:00,UVSP
26.28,26.28,26.21,26.23,400,2021-07-23 15:14:00,UVSP
26.23,26.26,26.23,26.23,300,2021-07-23 15:21:00,UVSP
26.23,26.23,26.23,26.23,100,2021-07-23 15:23:00,UVSP
26.21,26.21,26.13,26.13,444,2021-07-23 15:29:00,UVSP
26.24,26.24,26.24,26.24,200,2021-07-23 15:46:00,UVSP
26.21,26.21,26.21,26.21,100,2021-07-23 15:49:00,UVSP
26.225,26.225,26.225,26.225,200,2021-07-23 16:03:00,UVSP
26.13,26.13,26.13,26.13,500,2021-07-23 16:09:00,UVSP
26.13,26.13,26.13,26.13,100,2021-07-23 16:10:00,UVSP
26.135,26.135,26.135,26.135,100,2021-07-23 16:16:00,UVSP
26.135,26.21,26.135,26.21,300,2021-07-23 16:19:00,UVSP
26.19,26.19,26.19,26.19,100,2021-07-23 16:21:00,UVSP
26.14,26.2,26.14,26.2,241,2021-07-23 16:26:00,UVSP
26.21,26.21,26.21,26.21,200,2021-07-23 16:39:00,UVSP
26.17,26.17,26.17,26.17,100,2021-07-23 16:41:00,UVSP
26.18,26.18,26.18,26.18,158,2021-07-23 16:53:00,UVSP
26.17,26.17,26.17,26.17,200,2021-07-23 17:02:00,UVSP
26.16,26.16,26.16,26.16,100,2021-07-23 17:07:00,UVSP
26.18,26.18,26.18,26.18,100,2021-07-23 17:14:00,UVSP
26.2,26.2,26.2,26.2,100,2021-07-23 17:19:00,UVSP
26.14,26.14,26.12,26.12,200,2021-07-23 17:24:00,UVSP
26.18,26.18,26.18,26.18,100,2021-07-23 17:34:00,UVSP
26.25,26.25,26.245,26.245,300,2021-07-23 17:54:00,UVSP
26.33,26.33,26.33,26.33,100,2021-07-23 17:59:00,UVSP
26.35,26.35,26.35,26.35,100,2021-07-23 18:00:00,UVSP
26.26,26.31,26.26,26.31,200,2021-07-23 18:06:00,UVSP
26.29,26.29,26.29,26.29,100,2021-07-23 18:13:00,UVSP
26.19,26.19,26.19,26.19,100,2021-07-23 18:31:00,UVSP
26.28,26.28,26.28,26.28,200,2021-07-23 18:39:00,UVSP
26.22,26.22,26.21,26.21,300,2021-07-23 19:05:00,UVSP
26.26,26.26,26.26,26.26,100,2021-07-23 19:08:00,UVSP
26.21,26.26,26.21,26.26,202,2021-07-23 19:09:00,UVSP
26.26,26.26,26.26,26.26,100,2021-07-23 19:10:00,UVSP
26.29,26.29,26.29,26.29,100,2021-07-23 19:18:00,UVSP
26.26,26.26,26.25,26.25,200,2021-07-23 19:28:00,UVSP
26.3,26.3,26.3,26.3,200,2021-07-23 19:35:00,UVSP
26.3,26.3,26.3,26.3,100,2021-07-23 19:37:00,UVSP
26.29,26.29,26.27,26.27,200,2021-07-23 19:40:00,UVSP
26.31,26.31,26.31,26.31,200,2021-07-23 19:44:00,UVSP
26.31,26.31,26.3,26.3,400,2021-07-23 19:46:00,UVSP
26.31,26.31,26.31,26.31,100,2021-07-23 19:51:00,UVSP
26.32,26.32,26.32,26.32,339,2021-07-23 19:52:00,UVSP
26.35,26.35,26.35,26.35,100,2021-07-23 19:57:00,UVSP
26.34,26.34,26.34,26.34,200,2021-07-23 19:58:00,UVSP
26.34,26.34,26.3,26.3,2286,2021-07-23 19:59:00,UVSP
26.32,26.32,26.32,26.32,9479,2021-07-23 20:00:00,UVSP
26.38,26.38,26.38,26.38,765,2021-07-26 13:30:00,UVSP
26.78,26.78,26.64,26.73,400,2021-07-26 13:31:00,UVSP
26.43,26.43,26.43,26.43,100,2021-07-26 13:34:00,UVSP
26.48,26.48,26.48,26.48,100,2021-07-26 13:40:00,UVSP
26.26,26.975,26.26,26.94,2639,2021-07-26 13:48:00,UVSP
26.33,26.33,26.33,26.33,200,2021-07-26 13:52:00,UVSP
26.9,26.9,26.9,26.9,100,2021-07-26 13:53:00,UVSP
26.65,26.65,26.65,26.65,100,2021-07-26 13:55:00,UVSP
26.71,26.71,26.69,26.69,200,2021-07-26 13:57:00,UVSP
26.8,26.8,26.77,26.77,200,2021-07-26 13:59:00,UVSP
26.8,26.8,26.8,26.8,100,2021-07-26 14:00:00,UVSP
26.8,26.8,26.8,26.8,200,2021-07-26 14:07:00,UVSP
26.905,26.905,26.79,26.8,300,2021-07-26 14:10:00,UVSP
26.81,26.81,26.81,26.81,100,2021-07-26 14:13:00,UVSP
26.78,26.8,26.78,26.8,200,2021-07-26 14:15:00,UVSP
26.8,26.8,26.8,26.8,100,2021-07-26 14:16:00,UVSP
26.86,26.86,26.86,26.86,100,2021-07-26 14:18:00,UVSP
26.86,26.86,26.86,26.86,100,2021-07-26 14:25:00,UVSP
26.91,26.91,26.89,26.89,200,2021-07-26 14:26:00,UVSP
26.99,27.0,26.99,27.0,300,2021-07-26 14:27:00,UVSP
26.89,26.89,26.89,26.89,100,2021-07-26 14:28:00,UVSP
26.82,26.82,26.82,26.82,100,2021-07-26 14:33:00,UVSP
26.8,26.8,26.8,26.8,100,2021-07-26 14:34:00,UVSP
26.73,26.84,26.73,26.84,300,2021-07-26 14:35:00,UVSP
26.86,26.86,26.86,26.86,100,2021-07-26 14:44:00,UVSP
26.77,26.77,26.77,26.77,100,2021-07-26 14:45:00,UVSP
26.73,26.795,26.73,26.795,200,2021-07-26 14:47:00,UVSP
26.74,26.855,26.74,26.855,200,2021-07-26 14:49:00,UVSP
26.86,26.86,26.86,26.86,100,2021-07-26 14:59:00,UVSP
26.73,26.73,26.73,26.73,100,2021-07-26 15:01:00,UVSP
26.79,26.88,26.79,26.88,200,2021-07-26 15:15:00,UVSP
26.91,27.04,26.89,26.89,600,2021-07-26 15:18:00,UVSP
26.88,26.88,26.8,26.8075,600,2021-07-26 15:19:00,UVSP
26.875,26.875,26.875,26.875,800,2021-07-26 15:20:00,UVSP
26.8,26.8,26.8,26.8,100,2021-07-26 15:21:00,UVSP
26.87,26.87,26.87,26.87,100,2021-07-26 15:26:00,UVSP
26.91,26.91,26.9,26.91,300,2021-07-26 15:30:00,UVSP
26.79,26.79,26.79,26.79,100,2021-07-26 15:31:00,UVSP
26.8,26.8,26.8,26.8,200,2021-07-26 15:35:00,UVSP
26.89,26.89,26.89,26.89,100,2021-07-26 15:47:00,UVSP
26.8,26.92,26.76,26.76,4300,2021-07-26 15:49:00,UVSP
26.77,26.77,26.77,26.77,100,2021-07-26 15:50:00,UVSP
26.7846,26.83,26.76,26.76,1400,2021-07-26 15:56:00,UVSP
26.76,26.76,26.76,26.76,200,2021-07-26 15:57:00,UVSP
26.76,26.78,26.76,26.76,600,2021-07-26 15:58:00,UVSP
26.76,26.76,26.73,26.73,300,2021-07-26 16:01:00,UVSP
26.78,26.78,26.78,26.78,100,2021-07-26 16:02:00,UVSP
26.73,26.73,26.73,26.73,200,2021-07-26 16:03:00,UVSP
26.72,26.72,26.72,26.72,600,2021-07-26 16:05:00,UVSP
26.72,26.73,26.72,26.73,1000,2021-07-26 16:06:00,UVSP
26.745,26.745,26.7,26.7,800,2021-07-26 16:13:00,UVSP
26.725,26.725,26.7,26.7,2400,2021-07-26 16:21:00,UVSP
26.74,26.74,26.74,26.74,100,2021-07-26 16:22:00,UVSP
26.77,26.77,26.77,26.77,100,2021-07-26 16:29:00,UVSP
26.81,26.81,26.81,26.81,100,2021-07-26 16:32:00,UVSP
26.82,26.82,26.81,26.81,554,2021-07-26 16:35:00,UVSP
26.815,26.815,26.815,26.815,200,2021-07-26 16:39:00,UVSP
26.76,26.76,26.76,26.76,100,2021-07-26 16:41:00,UVSP
26.77,26.77,26.77,26.77,100,2021-07-26 16:45:00,UVSP
26.73,26.73,26.72,26.72,300,2021-07-26 16:52:00,UVSP
26.71,26.71,26.69,26.69,836,2021-07-26 17:06:00,UVSP
26.72,26.72,26.72,26.72,200,2021-07-26 17:07:00,UVSP
26.7503,26.7503,26.7503,26.7503,114,2021-07-26 17:09:00,UVSP
26.75,26.76,26.74,26.755,1311,2021-07-26 17:12:00,UVSP
26.755,26.755,26.755,26.755,400,2021-07-26 17:18:00,UVSP
26.755,26.77,26.74,26.74,686,2021-07-26 17:19:00,UVSP
26.74,26.74,26.74,26.74,100,2021-07-26 17:33:00,UVSP
26.765,26.765,26.765,26.765,100,2021-07-26 17:34:00,UVSP
26.765,26.79,26.765,26.79,200,2021-07-26 17:41:00,UVSP
26.81,26.81,26.81,26.81,100,2021-07-26 17:42:00,UVSP
26.77,26.77,26.75,26.75,400,2021-07-26 17:44:00,UVSP
26.77,26.77,26.77,26.77,100,2021-07-26 17:48:00,UVSP
26.77,26.77,26.77,26.77,100,2021-07-26 17:49:00,UVSP
26.775,26.775,26.775,26.775,100,2021-07-26 18:02:00,UVSP
26.74,26.74,26.74,26.74,100,2021-07-26 18:08:00,UVSP
26.755,26.77,26.755,26.76,1316,2021-07-26 18:14:00,UVSP
26.8,26.8,26.795,26.795,200,2021-07-26 18:21:00,UVSP
26.77,26.77,26.77,26.77,100,2021-07-26 18:28:00,UVSP
26.77,26.77,26.77,26.77,100,2021-07-26 18:31:00,UVSP
26.77,26.77,26.77,26.77,400,2021-07-26 18:32:00,UVSP
26.775,26.775,26.775,26.775,100,2021-07-26 18:33:00,UVSP
26.75,26.7666,26.74,26.7666,400,2021-07-26 18:34:00,UVSP
26.75,26.75,26.75,26.75,100,2021-07-26 18:38:00,UVSP
26.75,26.77,26.75,26.77,400,2021-07-26 18:39:00,UVSP
26.75,26.75,26.75,26.75,100,2021-07-26 18:41:00,UVSP
26.74,26.74,26.74,26.74,300,2021-07-26 18:43:00,UVSP
26.72,26.72,26.72,26.72,1000,2021-07-26 18:44:00,UVSP
26.69,26.69,26.69,26.69,100,2021-07-26 18:47:00,UVSP
26.69,26.69,26.69,26.69,100,2021-07-26 18:59:00,UVSP
26.7,26.7,26.7,26.7,100,2021-07-26 19:12:00,UVSP
26.7,26.74,26.7,26.7,1100,2021-07-26 19:15:00,UVSP
26.7,26.7,26.7,26.7,100,2021-07-26 19:16:00,UVSP
26.71,26.71,26.71,26.71,200,2021-07-26 19:19:00,UVSP
26.71,26.73,26.7,26.72,2300,2021-07-26 19:20:00,UVSP
26.74,26.74,26.74,26.74,100,2021-07-26 19:22:00,UVSP
26.74,26.74,26.74,26.74,300,2021-07-26 19:30:00,UVSP
26.75,26.75,26.75,26.75,300,2021-07-26 19:34:00,UVSP
26.76,26.76,26.76,26.76,100,2021-07-26 19:35:00,UVSP
26.79,26.79,26.79,26.79,100,2021-07-26 19:37:00,UVSP
26.76,26.78,26.76,26.78,300,2021-07-26 19:38:00,UVSP
26.75,26.775,26.75,26.775,200,2021-07-26 19:44:00,UVSP
26.77,26.77,26.77,26.77,400,2021-07-26 19:46:00,UVSP
26.74,26.74,26.74,26.74,100,2021-07-26 19:47:00,UVSP
26.76,26.76,26.76,26.76,151,2021-07-26 19:49:00,UVSP
26.76,26.78,26.76,26.765,900,2021-07-26 19:50:00,UVSP
26.78,26.78,26.77,26.77,511,2021-07-26 19:52:00,UVSP
26.79,26.79,26.79,26.79,100,2021-07-26 19:54:00,UVSP
26.8,26.8,26.78,26.78,300,2021-07-26 19:55:00,UVSP
26.805,26.805,26.805,26.805,100,2021-07-26 19:56:00,UVSP
26.805,26.805,26.805,26.805,100,2021-07-26 19:57:00,UVSP
26.77,26.77,26.77,26.77,400,2021-07-26 19:58:00,UVSP
26.76,26.84,26.76,26.84,3588,2021-07-26 19:59:00,UVSP
26.84,26.84,26.84,26.84,11844,2021-07-26 20:00:00,UVSP
26.78,26.975,26.78,26.975,2232,2021-07-27 13:30:00,UVSP
26.79,26.79,26.79,26.79,100,2021-07-27 13:31:00,UVSP
26.78,26.78,26.425,26.425,400,2021-07-27 13:32:00,UVSP
26.58,26.58,26.58,26.58,100,2021-07-27 13:33:00,UVSP
26.55,26.55,26.44,26.44,400,2021-07-27 13:34:00,UVSP
26.49,26.49,26.49,26.49,100,2021-07-27 13:35:00,UVSP
26.47,26.47,26.47,26.47,100,2021-07-27 13:36:00,UVSP
26.745,26.745,26.42,26.42,300,2021-07-27 13:37:00,UVSP
26.5,26.5,26.5,26.5,100,2021-07-27 13:42:00,UVSP
26.55,26.55,26.55,26.55,200,2021-07-27 13:45:00,UVSP
26.56,26.56,26.56,26.56,200,2021-07-27 13:46:00,UVSP
26.68,26.69,26.6,26.69,1200,2021-07-27 13:49:00,UVSP
26.56,26.56,26.56,26.56,100,2021-07-27 13:51:00,UVSP
26.55,26.68,26.55,26.68,692,2021-07-27 13:55:00,UVSP
26.55,26.55,26.55,26.55,100,2021-07-27 13:56:00,UVSP
26.69,26.885,26.64,26.65,1500,2021-07-27 14:23:00,UVSP
26.65,26.65,26.65,26.65,200,2021-07-27 14:24:00,UVSP
26.71,26.71,26.69,26.69,700,2021-07-27 14:29:00,UVSP
26.6943,26.6943,26.69,26.69,600,2021-07-27 14:33:00,UVSP
26.7,26.7,26.68,26.68,200,2021-07-27 14:34:00,UVSP
26.69,26.89,26.69,26.885,2200,2021-07-27 14:35:00,UVSP
26.67,26.68,26.67,26.68,400,2021-07-27 14:36:00,UVSP
26.66,26.66,26.66,26.66,100,2021-07-27 14:38:00,UVSP
26.66,26.66,26.66,26.66,100,2021-07-27 14:39:00,UVSP
26.69,26.69,26.66,26.66,300,2021-07-27 14:41:00,UVSP
26.66,26.66,26.66,26.66,100,2021-07-27 14:43:00,UVSP
26.69,26.69,26.69,26.69,100,2021-07-27 14:44:00,UVSP
26.66,26.66,26.66,26.66,100,2021-07-27 14:45:00,UVSP
26.69,26.69,26.69,26.69,100,2021-07-27 14:54:00,UVSP
26.69,26.69,26.69,26.69,400,2021-07-27 14:56:00,UVSP
26.72,26.72,26.72,26.72,100,2021-07-27 15:00:00,UVSP
27.08,27.08,26.72,27.08,2181,2021-07-27 15:04:00,UVSP
27.08,27.09,27.08,27.09,400,2021-07-27 15:05:00,UVSP
27.08,27.08,27.08,27.08,100,2021-07-27 15:06:00,UVSP
27.08,27.08,27.08,27.08,600,2021-07-27 15:08:00,UVSP
27.2,27.2,27.2,27.2,100,2021-07-27 15:12:00,UVSP
26.75,26.75,26.75,26.75,100,2021-07-27 15:36:00,UVSP
26.75,26.75,26.75,26.75,100,2021-07-27 15:38:00,UVSP
27.03,27.03,27.03,27.03,100,2021-07-27 15:50:00,UVSP
26.81,26.81,26.81,26.81,100,2021-07-27 16:33:00,UVSP
26.77,26.77,26.73,26.77,700,2021-07-27 16:41:00,UVSP
26.83,26.87,26.83,26.87,714,2021-07-27 16:42:00,UVSP
26.88,26.94,26.88,26.94,400,2021-07-27 16:46:00,UVSP
26.79,26.79,26.79,26.79,200,2021-07-27 16:55:00,UVSP
26.79,26.79,26.79,26.79,100,2021-07-27 16:56:00,UVSP
26.83,26.83,26.83,26.83,100,2021-07-27 17:07:00,UVSP
26.87,26.88,26.83,26.835,601,2021-07-27 17:09:00,UVSP
26.79,26.79,26.78,26.78,200,2021-07-27 17:17:00,UVSP
26.75,26.75,26.75,26.75,100,2021-07-27 17:42:00,UVSP
26.87,26.88,26.81,26.87,3000,2021-07-27 17:51:00,UVSP
26.86,26.86,26.86,26.86,100,2021-07-27 17:57:00,UVSP
26.85,26.85,26.85,26.85,100,2021-07-27 18:05:00,UVSP
26.85,26.85,26.85,26.85,100,2021-07-27 18:06:00,UVSP
26.88,26.88,26.8,26.8,200,2021-07-27 18:25:00,UVSP
26.79,26.79,26.79,26.79,100,2021-07-27 18:42:00,UVSP
26.85,26.85,26.84,26.84,600,2021-07-27 19:02:00,UVSP
26.84,26.85,26.84,26.85,426,2021-07-27 19:03:00,UVSP
26.85,26.85,26.85,26.85,700,2021-07-27 19:04:00,UVSP
26.85,26.85,26.85,26.85,300,2021-07-27 19:05:00,UVSP
26.79,26.83,26.79,26.83,300,2021-07-27 19:12:00,UVSP
26.87,26.87,26.87,26.87,297,2021-07-27 19:16:00,UVSP
26.87,26.87,26.87,26.87,100,2021-07-27 19:26:00,UVSP
26.885,26.885,26.885,26.885,100,2021-07-27 19:31:00,UVSP
26.81,26.81,26.81,26.81,300,2021-07-27 19:40:00,UVSP
26.75,26.75,26.75,26.75,100,2021-07-27 19:41:00,UVSP
26.77,26.77,26.77,26.77,100,2021-07-27 19:46:00,UVSP
26.76,26.76,26.76,26.76,100,2021-07-27 19:47:00,UVSP
26.79,26.79,26.79,26.79,200,2021-07-27 19:48:00,UVSP
26.82,26.82,26.82,26.82,100,2021-07-27 19:53:00,UVSP
26.84,26.84,26.82,26.82,700,2021-07-27 19:55:00,UVSP
26.83,26.83,26.83,26.83,100,2021-07-27 19:56:00,UVSP
26.83,26.84,26.83,26.84,200,2021-07-27 19:57:00,UVSP
26.82,26.82,26.82,26.82,100,2021-07-27 19:59:00,UVSP
26.82,26.82,26.82,26.82,12276,2021-07-27 20:00:00,UVSP
26.82,26.82,26.82,26.82,789,2021-07-27 20:02:00,UVSP
27.13,27.13,27.13,27.13,265,2021-07-28 13:30:00,UVSP
27.08,27.08,27.08,27.08,100,2021-07-28 13:45:00,UVSP
27.09,27.09,27.09,27.09,200,2021-07-28 13:46:00,UVSP
27.0,27.07,27.0,27.07,400,2021-07-28 13:48:00,UVSP
26.8,26.81,26.8,26.81,200,2021-07-28 13:59:00,UVSP
26.6675,26.6675,26.6675,26.6675,400,2021-07-28 14:01:00,UVSP
26.69,26.69,26.69,26.69,100,2021-07-28 14:03:00,UVSP
26.96,26.96,26.96,26.96,100,2021-07-28 14:04:00,UVSP
26.7,26.7,26.7,26.7,200,2021-07-28 14:10:00,UVSP
26.55,26.55,26.55,26.55,100,2021-07-28 14:24:00,UVSP
26.54,26.54,26.54,26.54,100,2021-07-28 14:25:00,UVSP
26.47,26.47,26.4,26.4,300,2021-07-28 14:26:00,UVSP
26.545,26.7,26.54,26.7,2623,2021-07-28 14:37:00,UVSP
26.64,26.64,26.64,26.64,200,2021-07-28 14:38:00,UVSP
26.7,26.74,26.7,26.74,200,2021-07-28 14:45:00,UVSP
26.72,26.72,26.72,26.72,100,2021-07-28 14:59:00,UVSP
26.77,26.77,26.77,26.77,100,2021-07-28 15:01:00,UVSP
26.76,26.76,26.76,26.76,200,2021-07-28 15:19:00,UVSP
26.81,26.81,26.81,26.81,100,2021-07-28 15:28:00,UVSP
26.85,26.85,26.85,26.85,100,2021-07-28 15:38:00,UVSP
26.99,26.99,26.955,26.955,200,2021-07-28 15:43:00,UVSP
26.99,27.025,26.99,27.025,200,2021-07-28 15:55:00,UVSP
26.97,26.97,26.97,26.97,100,2021-07-28 15:58:00,UVSP
27.02,27.02,27.02,27.02,150,2021-07-28 16:14:00,UVSP
26.92,26.92,26.92,26.92,100,2021-07-28 16:17:00,UVSP
27.02,27.02,27.02,27.02,300,2021-07-28 16:19:00,UVSP
26.91,26.91,26.89,26.89,300,2021-07-28 16:28:00,UVSP
26.85,26.85,26.85,26.85,200,2021-07-28 16:32:00,UVSP
26.92,26.92,26.92,26.92,100,2021-07-28 16:46:00,UVSP
26.96,26.96,26.93,26.93,400,2021-07-28 17:00:00,UVSP
26.94,26.94,26.94,26.94,100,2021-07-28 17:06:00,UVSP
27.01,27.02,27.01,27.02,200,2021-07-28 17:26:00,UVSP
26.97,26.97,26.97,26.97,100,2021-07-28 17:29:00,UVSP
26.95,26.95,26.95,26.95,100,2021-07-28 17:30:00,UVSP
27.0,27.01,27.0,27.01,300,2021-07-28 17:53:00,UVSP
27.0,27.0,27.0,27.0,100,2021-07-28 17:55:00,UVSP
27.0,27.04,27.0,27.04,212,2021-07-28 18:00:00,UVSP
27.09,27.13,27.09,27.13,200,2021-07-28 18:01:00,UVSP
27.125,27.125,27.125,27.125,100,2021-07-28 18:05:00,UVSP
26.99,26.99,26.99,26.99,100,2021-07-28 18:06:00,UVSP
27.12,27.12,27.12,27.12,300,2021-07-28 18:22:00,UVSP
27.075,27.075,27.075,27.075,558,2021-07-28 18:28:00,UVSP
27.14,27.16,27.13,27.16,600,2021-07-28 18:35:00,UVSP
27.21,27.21,27.21,27.21,100,2021-07-28 18:39:00,UVSP
27.14,27.14,27.13,27.13,400,2021-07-28 18:40:00,UVSP
27.145,27.145,27.145,27.145,100,2021-07-28 18:41:00,UVSP
27.19,27.19,27.19,27.19,101,2021-07-28 18:45:00,UVSP
27.28,27.28,27.28,27.28,117,2021-07-28 18:48:00,UVSP
27.28,27.28,27.28,27.28,100,2021-07-28 18:50:00,UVSP
27.37,27.37,27.37,27.37,200,2021-07-28 18:56:00,UVSP
27.35,27.35,27.35,27.35,100,2021-07-28 18:57:00,UVSP
27.41,27.43,27.41,27.43,200,2021-07-28 19:02:00,UVSP
27.4,27.4,27.4,27.4,100,2021-07-28 19:04:00,UVSP
27.37,27.37,27.37,27.37,200,2021-07-28 19:06:00,UVSP
27.37,27.37,27.295,27.295,400,2021-07-28 19:08:00,UVSP
27.3,27.3,27.3,27.3,100,2021-07-28 19:11:00,UVSP
27.28,27.28,27.28,27.28,100,2021-07-28 19:22:00,UVSP
27.31,27.335,27.31,27.335,411,2021-07-28 19:29:00,UVSP
27.25,27.28,27.25,27.26,400,2021-07-28 19:38:00,UVSP
27.26,27.26,27.26,27.26,100,2021-07-28 19:40:00,UVSP
27.27,27.28,27.27,27.28,340,2021-07-28 19:44:00,UVSP
27.26,27.3,27.26,27.3,200,2021-07-28 19:45:00,UVSP
27.26,27.26,27.23,27.26,400,2021-07-28 19:46:00,UVSP
27.225,27.25,27.225,27.25,300,2021-07-28 19:47:00,UVSP
27.25,27.25,27.25,27.25,100,2021-07-28 19:48:00,UVSP
27.28,27.28,27.28,27.28,200,2021-07-28 19:50:00,UVSP
27.28,27.28,27.28,27.28,100,2021-07-28 19:51:00,UVSP
27.28,27.28,27.27,27.27,200,2021-07-28 19:52:00,UVSP
27.235,27.235,27.235,27.235,100,2021-07-28 19:53:00,UVSP
27.235,27.235,27.235,27.235,100,2021-07-28 19:54:00,UVSP
27.3,27.315,27.205,27.205,1570,2021-07-28 19:55:00,UVSP
27.23,27.26,27.23,27.26,200,2021-07-28 19:56:00,UVSP
27.225,27.25,27.225,27.25,300,2021-07-28 19:57:00,UVSP
27.25,27.25,27.2,27.2,400,2021-07-28 19:58:00,UVSP
27.26,27.3,27.22,27.3,2116,2021-07-28 19:59:00,UVSP
27.3,27.3,27.3,27.3,9661,2021-07-28 20:00:00,UVSP
27.3,27.3,27.3,27.3,614,2021-07-28 20:01:00,UVSP
27.59,27.59,27.34,27.34,604,2021-07-29 13:30:00,UVSP
26.99,26.99,26.99,26.99,100,2021-07-29 13:46:00,UVSP
27.175,27.175,27.175,27.175,200,2021-07-29 13:55:00,UVSP
27.185,27.185,27.185,27.185,100,2021-07-29 13:56:00,UVSP
27.185,27.185,27.185,27.185,200,2021-07-29 13:57:00,UVSP
27.185,27.185,27.185,27.185,200,2021-07-29 13:58:00,UVSP
27.185,27.185,27.185,27.185,100,2021-07-29 13:59:00,UVSP
27.185,27.185,27.01,27.01,600,2021-07-29 14:00:00,UVSP
27.155,27.155,27.155,27.155,100,2021-07-29 14:01:00,UVSP
27.27,27.27,27.165,27.165,200,2021-07-29 14:03:00,UVSP
27.16,27.29,27.16,27.22,1300,2021-07-29 14:12:00,UVSP
27.41,27.41,27.41,27.41,100,2021-07-29 14:17:00,UVSP
27.21,27.21,27.21,27.21,100,2021-07-29 14:58:00,UVSP
27.4,27.4,27.32,27.32,200,2021-07-29 15:36:00,UVSP
27.23,27.23,27.23,27.23,100,2021-07-29 15:44:00,UVSP
27.4,27.4,27.24,27.24,1300,2021-07-29 15:54:00,UVSP
27.32,27.32,27.32,27.32,100,2021-07-29 15:55:00,UVSP
27.315,27.38,27.315,27.315,300,2021-07-29 15:58:00,UVSP
27.24,27.29,27.24,27.29,200,2021-07-29 15:59:00,UVSP
27.26,27.26,27.25,27.25,200,2021-07-29 16:00:00,UVSP
27.27,27.27,27.27,27.27,100,2021-07-29 16:09:00,UVSP
27.295,27.32,27.26,27.31,400,2021-07-29 16:19:00,UVSP
27.29,27.335,27.29,27.335,800,2021-07-29 16:20:00,UVSP
27.36,27.36,27.36,27.36,200,2021-07-29 16:24:00,UVSP
27.335,27.445,27.335,27.445,500,2021-07-29 16:40:00,UVSP
27.41,27.41,27.4,27.4,300,2021-07-29 16:41:00,UVSP
27.32,27.32,27.32,27.32,100,2021-07-29 17:00:00,UVSP
27.33,27.33,27.33,27.33,100,2021-07-29 17:08:00,UVSP
27.375,27.43,27.375,27.386,410,2021-07-29 17:13:00,UVSP
27.375,27.43,27.375,27.43,300,2021-07-29 17:15:00,UVSP
27.395,27.395,27.35,27.35,200,2021-07-29 17:22:00,UVSP
27.36,27.36,27.36,27.36,200,2021-07-29 17:28:00,UVSP
27.36,27.36,27.36,27.36,100,2021-07-29 17:31:00,UVSP
27.31,27.31,27.31,27.31,100,2021-07-29 17:50:00,UVSP
27.32,27.32,27.32,27.32,100,2021-07-29 17:51:00,UVSP
27.46,27.46,27.46,27.46,100,2021-07-29 17:58:00,UVSP
27.385,27.385,27.385,27.385,100,2021-07-29 17:59:00,UVSP
27.3289,27.3289,27.3289,27.3289,130,2021-07-29 18:16:00,UVSP
27.3,27.3,27.3,27.3,100,2021-07-29 18:26:00,UVSP
27.28,27.28,27.28,27.28,100,2021-07-29 18:27:00,UVSP
27.25,27.25,27.25,27.25,100,2021-07-29 18:32:00,UVSP
27.24,27.24,27.24,27.24,100,2021-07-29 18:33:00,UVSP
27.28,27.29,27.25,27.28,800,2021-07-29 18:35:00,UVSP
27.3,27.3,27.27,27.27,200,2021-07-29 18:36:00,UVSP
27.25,27.25,27.25,27.25,100,2021-07-29 18:39:00,UVSP
27.22,27.22,27.22,27.22,100,2021-07-29 18:40:00,UVSP
27.23,27.23,27.23,27.23,100,2021-07-29 18:44:00,UVSP
27.345,27.345,27.345,27.345,100,2021-07-29 18:47:00,UVSP
27.315,27.315,27.315,27.315,200,2021-07-29 19:05:00,UVSP
27.36,27.4,27.36,27.4,400,2021-07-29 19:25:00,UVSP
27.355,27.355,27.355,27.355,100,2021-07-29 19:27:00,UVSP
27.375,27.375,27.375,27.375,100,2021-07-29 19:29:00,UVSP
27.375,27.375,27.375,27.375,100,2021-07-29 19:33:00,UVSP
27.375,27.375,27.375,27.375,300,2021-07-29 19:34:00,UVSP
27.36,27.39,27.35,27.39,500,2021-07-29 19:35:00,UVSP
27.37,27.37,27.37,27.37,200,2021-07-29 19:40:00,UVSP
27.39,27.39,27.37,27.39,400,2021-07-29 19:42:00,UVSP
27.375,27.375,27.375,27.375,100,2021-07-29 19:43:00,UVSP
27.375,27.375,27.375,27.375,200,2021-07-29 19:47:00,UVSP
27.4,27.4,27.4,27.4,200,2021-07-29 19:49:00,UVSP
27.4,27.4,27.4,27.4,100,2021-07-29 19:50:00,UVSP
27.4,27.4,27.4,27.4,200,2021-07-29 19:51:00,UVSP
27.43,27.44,27.41,27.44,700,2021-07-29 19:53:00,UVSP
27.44,27.46,27.44,27.44,1145,2021-07-29 19:54:00,UVSP
27.43,27.43,27.39,27.405,595,2021-07-29 19:55:00,UVSP
27.405,27.415,27.405,27.415,450,2021-07-29 19:56:00,UVSP
27.4,27.4,27.36,27.4,500,2021-07-29 19:57:00,UVSP
27.405,27.405,27.405,27.405,350,2021-07-29 19:58:00,UVSP
27.38,27.44,27.38,27.44,1254,2021-07-29 19:59:00,UVSP
27.44,27.44,27.44,27.44,10385,2021-07-29 20:00:00,UVSP
27.44,27.44,27.44,27.44,304,2021-07-29 20:01:00,UVSP
27.01,27.47,27.01,27.47,728,2021-07-30 13:30:00,UVSP
27.48,27.72,27.48,27.72,1549,2021-07-30 13:37:00,UVSP
27.57,27.57,27.57,27.57,500,2021-07-30 13:51:00,UVSP
27.54,27.54,27.54,27.54,200,2021-07-30 14:19:00,UVSP
27.56,27.56,27.56,27.56,360,2021-07-30 14:26:00,UVSP
27.35,27.35,27.35,27.35,100,2021-07-30 14:40:00,UVSP
27.38,27.38,27.38,27.38,100,2021-07-30 14:55:00,UVSP
27.45,27.45,27.45,27.45,100,2021-07-30 14:57:00,UVSP
27.49,27.49,27.47,27.47,300,2021-07-30 15:02:00,UVSP
27.52,27.53,27.52,27.52,400,2021-07-30 15:13:00,UVSP
27.49,27.49,27.49,27.49,100,2021-07-30 15:17:00,UVSP
27.5,27.5,27.41,27.41,1800,2021-07-30 15:20:00,UVSP
27.45,27.45,27.405,27.405,400,2021-07-30 15:28:00,UVSP
27.435,27.48,27.39,27.48,900,2021-07-30 15:34:00,UVSP
27.48,27.48,27.34,27.48,500,2021-07-30 15:35:00,UVSP
27.36,27.36,27.36,27.36,100,2021-07-30 15:38:00,UVSP
27.39,27.39,27.39,27.39,100,2021-07-30 15:39:00,UVSP
27.4,27.4,27.36,27.36,500,2021-07-30 15:41:00,UVSP
27.42,27.44,27.35,27.35,600,2021-07-30 16:02:00,UVSP
27.33,27.33,27.33,27.33,100,2021-07-30 16:29:00,UVSP
27.35,27.38,27.35,27.38,200,2021-07-30 16:31:00,UVSP
27.3,27.3,27.24,27.24,300,2021-07-30 16:54:00,UVSP
27.22,27.23,27.22,27.23,200,2021-07-30 16:58:00,UVSP
27.16,27.16,27.16,27.16,100,2021-07-30 17:03:00,UVSP
27.16,27.16,27.13,27.13,200,2021-07-30 17:05:00,UVSP
27.165,27.165,27.165,27.165,150,2021-07-30 17:07:00,UVSP
27.13,27.22,27.13,27.22,200,2021-07-30 17:10:00,UVSP
27.12,27.12,27.12,27.12,100,2021-07-30 17:23:00,UVSP
27.13,27.13,27.13,27.13,100,2021-07-30 17:34:00,UVSP
27.21,27.25,27.21,27.25,800,2021-07-30 17:46:00,UVSP
27.2,27.25,27.2,27.25,300,2021-07-30 17:50:00,UVSP
27.15,27.155,27.11,27.15,500,2021-07-30 18:03:00,UVSP
27.11,27.11,27.11,27.11,100,2021-07-30 18:06:00,UVSP
27.18,27.22,27.16,27.22,1100,2021-07-30 18:12:00,UVSP
27.2,27.22,27.2,27.22,300,2021-07-30 18:21:00,UVSP
27.17,27.17,27.15,27.17,747,2021-07-30 18:24:00,UVSP
27.12,27.12,27.12,27.12,100,2021-07-30 18:26:00,UVSP
27.11,27.11,27.11,27.11,100,2021-07-30 18:29:00,UVSP
27.07,27.07,27.07,27.07,100,2021-07-30 18:32:00,UVSP
27.07,27.07,27.07,27.07,100,2021-07-30 18:51:00,UVSP
27.05,27.05,27.05,27.05,100,2021-07-30 18:57:00,UVSP
27.08,27.08,27.08,27.08,100,2021-07-30 18:58:00,UVSP
27.085,27.085,27.085,27.085,100,2021-07-30 19:03:00,UVSP
27.15,27.2,27.15,27.2,1600,2021-07-30 19:06:00,UVSP
27.175,27.25,27.175,27.24,2300,2021-07-30 19:07:00,UVSP
27.2,27.2,27.2,27.2,100,2021-07-30 19:10:00,UVSP
27.27,27.27,27.27,27.27,100,2021-07-30 19:19:00,UVSP
27.22,27.29,27.21,27.29,400,2021-07-30 19:23:00,UVSP
27.21,27.21,27.21,27.21,138,2021-07-30 19:25:00,UVSP
27.22,27.24,27.22,27.24,200,2021-07-30 19:27:00,UVSP
27.26,27.3,27.24,27.27,3199,2021-07-30 19:32:00,UVSP
27.25,27.25,27.25,27.25,100,2021-07-30 19:37:00,UVSP
27.3,27.3,27.265,27.3,500,2021-07-30 19:39:00,UVSP
27.26,27.3,27.26,27.275,700,2021-07-30 19:45:00,UVSP
27.2414,27.29,27.2414,27.29,200,2021-07-30 19:47:00,UVSP
27.31,27.31,27.31,27.31,100,2021-07-30 19:48:00,UVSP
27.3,27.3,27.3,27.3,215,2021-07-30 19:50:00,UVSP
27.3,27.305,27.275,27.275,2059,2021-07-30 19:51:00,UVSP
27.29,27.3,27.29,27.3,300,2021-07-30 19:52:00,UVSP
27.3,27.3,27.3,27.3,200,2021-07-30 19:53:00,UVSP
27.3,27.3,27.3,27.3,272,2021-07-30 19:54:00,UVSP
27.3792,27.3792,27.35,27.35,311,2021-07-30 19:55:00,UVSP
27.315,27.33,27.3,27.3,800,2021-07-30 19:56:00,UVSP
27.29,27.29,27.29,27.29,133,2021-07-30 19:57:00,UVSP
27.29,27.29,27.29,27.29,874,2021-07-30 19:58:00,UVSP
27.29,27.34,27.29,27.31,2080,2021-07-30 19:59:00,UVSP
27.36,27.36,27.36,27.36,17954,2021-07-30 20:00:00,UVSP
27.36,27.36,27.36,27.36,5064,2021-07-30 20:01:00,UVSP
27.36,27.36,27.36,27.36,5944,2021-07-30 20:04:00,UVSP
27.44,27.44,27.32,27.32,517,2021-08-02 13:30:00,UVSP
27.9598,28.0,27.9598,28.0,773,2021-08-02 13:45:00,UVSP
28.08,28.08,28.08,28.08,100,2021-08-02 13:49:00,UVSP
28.1328,28.1328,27.96,27.96,350,2021-08-02 13:51:00,UVSP
27.92,27.92,27.72,27.72,900,2021-08-02 13:53:00,UVSP
27.67,27.67,27.67,27.67,100,2021-08-02 13:54:00,UVSP
27.58,27.58,27.58,27.58,100,2021-08-02 13:56:00,UVSP
27.54,27.54,27.54,27.54,100,2021-08-02 13:58:00,UVSP
27.51,27.51,27.51,27.51,100,2021-08-02 14:01:00,UVSP
27.39,27.39,27.39,27.39,100,2021-08-02 14:13:00,UVSP
27.44,27.44,27.44,27.44,300,2021-08-02 14:20:00,UVSP
27.26,27.26,27.26,27.26,100,2021-08-02 14:21:00,UVSP
27.45,27.48,27.34,27.34,400,2021-08-02 14:22:00,UVSP
27.47,27.47,27.345,27.345,300,2021-08-02 14:23:00,UVSP
27.42,27.51,27.42,27.51,300,2021-08-02 14:24:00,UVSP
27.5,27.5,27.5,27.5,200,2021-08-02 14:34:00,UVSP
27.5732,27.5732,27.5732,27.5732,177,2021-08-02 14:39:00,UVSP
27.44,27.44,27.44,27.44,200,2021-08-02 14:41:00,UVSP
27.425,27.425,27.425,27.425,100,2021-08-02 14:42:00,UVSP
27.36,27.36,27.36,27.36,100,2021-08-02 14:46:00,UVSP
27.23,27.23,27.23,27.23,100,2021-08-02 14:47:00,UVSP
27.19,27.2,27.19,27.2,200,2021-08-02 14:56:00,UVSP
27.19,27.19,27.19,27.19,100,2021-08-02 15:02:00,UVSP
27.19,27.28,27.19,27.26,800,2021-08-02 15:04:00,UVSP
27.17,27.17,27.17,27.17,200,2021-08-02 15:05:00,UVSP
27.19,27.19,27.14,27.14,200,2021-08-02 15:07:00,UVSP
27.2,27.2,27.2,27.2,100,2021-08-02 15:12:00,UVSP
27.21,27.21,27.21,27.21,100,2021-08-02 15:13:00,UVSP
27.06,27.06,27.045,27.045,200,2021-08-02 15:18:00,UVSP
26.95,26.95,26.95,26.95,100,2021-08-02 15:23:00,UVSP
27.04,27.04,27.04,27.04,400,2021-08-02 15:29:00,UVSP
27.04,27.13,27.04,27.13,1700,2021-08-02 15:36:00,UVSP
27.09,27.13,27.09,27.13,200,2021-08-02 15:38:00,UVSP
27.0,27.08,27.0,27.08,400,2021-08-02 15:39:00,UVSP
27.05,27.05,27.05,27.05,100,2021-08-02 15:43:00,UVSP
27.075,27.075,27.075,27.075,100,2021-08-02 15:44:00,UVSP
27.05,27.08,27.02,27.07,900,2021-08-02 15:52:00,UVSP
26.94,26.94,26.94,26.94,100,2021-08-02 15:53:00,UVSP
27.01,27.01,27.01,27.01,300,2021-08-02 16:00:00,UVSP
27.03,27.03,27.03,27.03,100,2021-08-02 16:02:00,UVSP
26.97,26.97,26.97,26.97,100,2021-08-02 16:06:00,UVSP
26.99,26.99,26.99,26.99,900,2021-08-02 16:17:00,UVSP
26.99,26.99,26.99,26.99,100,2021-08-02 16:19:00,UVSP
26.9,26.99,26.9,26.99,700,2021-08-02 16:23:00,UVSP
26.99,26.99,26.99,26.99,100,2021-08-02 16:24:00,UVSP
26.99,26.99,26.99,26.99,300,2021-08-02 16:25:00,UVSP
27.0,27.0,27.0,27.0,255,2021-08-02 16:28:00,UVSP
27.07,27.07,27.07,27.07,100,2021-08-02 16:35:00,UVSP
27.11,27.11,27.11,27.11,100,2021-08-02 16:37:00,UVSP
27.15,27.15,27.15,27.15,100,2021-08-02 16:40:00,UVSP
27.15,27.15,27.15,27.15,1000,2021-08-02 16:41:00,UVSP
27.18,27.19,27.18,27.19,400,2021-08-02 16:48:00,UVSP
27.18,27.18,27.18,27.18,100,2021-08-02 16:49:00,UVSP
27.21,27.21,27.21,27.21,400,2021-08-02 16:51:00,UVSP
27.09,27.09,27.09,27.09,100,2021-08-02 17:05:00,UVSP
27.055,27.055,27.055,27.055,200,2021-08-02 17:15:00,UVSP
26.98,26.98,26.98,26.98,100,2021-08-02 17:17:00,UVSP
27.055,27.12,27.0,27.0,1200,2021-08-02 17:22:00,UVSP
26.98,27.045,26.98,27.045,200,2021-08-02 17:49:00,UVSP
26.92,26.92,26.92,26.92,200,2021-08-02 18:00:00,UVSP
26.94,27.005,26.94,27.005,200,2021-08-02 18:11:00,UVSP
27.01,27.01,27.01,27.01,100,2021-08-02 18:18:00,UVSP
26.96,26.96,26.96,26.96,100,2021-08-02 18:21:00,UVSP
26.901,26.901,26.901,26.901,100,2021-08-02 18:32:00,UVSP
26.9,26.9,26.9,26.9,200,2021-08-02 18:33:00,UVSP
26.9,26.9,26.9,26.9,200,2021-08-02 18:35:00,UVSP
26.83,26.83,26.83,26.83,300,2021-08-02 18:40:00,UVSP
26.9799,26.9799,26.82,26.82,1200,2021-08-02 18:42:00,UVSP
26.82,26.82,26.82,26.82,100,2021-08-02 18:43:00,UVSP
26.82,26.82,26.82,26.82,100,2021-08-02 18:44:00,UVSP
26.81,26.81,26.81,26.81,100,2021-08-02 18:50:00,UVSP
26.81,26.81,26.81,26.81,100,2021-08-02 19:01:00,UVSP
26.8,26.83,26.77,26.77,800,2021-08-02 19:07:00,UVSP
26.76,26.79,26.76,26.77,300,2021-08-02 19:09:00,UVSP
26.77,26.79,26.7312,26.74,700,2021-08-02 19:15:00,UVSP
26.81,26.83,26.81,26.82,1400,2021-08-02 19:21:00,UVSP
26.8,26.83,26.8,26.83,200,2021-08-02 19:25:00,UVSP
26.81,26.81,26.8,26.8,300,2021-08-02 19:32:00,UVSP
26.85,26.85,26.85,26.85,200,2021-08-02 19:38:00,UVSP
26.83,26.83,26.81,26.81,500,2021-08-02 19:39:00,UVSP
26.8,26.8,26.73,26.73,1196,2021-08-02 19:45:00,UVSP
26.65,26.69,26.64,26.64,1100,2021-08-02 19:46:00,UVSP
26.695,26.695,26.695,26.695,100,2021-08-02 19:49:00,UVSP
26.73,26.75,26.68,26.75,1000,2021-08-02 19:50:00,UVSP
26.76,26.76,26.76,26.76,100,2021-08-02 19:51:00,UVSP
26.68,26.68,26.68,26.68,100,2021-08-02 19:52:00,UVSP
26.67,26.71,26.67,26.71,700,2021-08-02 19:54:00,UVSP
26.7,26.7,26.7,26.7,200,2021-08-02 19:55:00,UVSP
26.71,26.71,26.7,26.71,1479,2021-08-02 19:56:00,UVSP
26.7,26.7,26.69,26.69,800,2021-08-02 19:57:00,UVSP
26.7,26.71,26.7,26.7,800,2021-08-02 19:58:00,UVSP
26.7,26.71,26.66,26.66,3697,2021-08-02 19:59:00,UVSP
26.7,26.7,26.7,26.7,13536,2021-08-02 20:00:00,UVSP
26.67,26.67,26.48,26.48,1212,2021-08-03 13:30:00,UVSP
26.53,26.53,26.53,26.53,100,2021-08-03 13:33:00,UVSP
26.5,26.5,26.5,26.5,200,2021-08-03 13:34:00,UVSP
26.51,26.51,26.51,26.51,100,2021-08-03 13:36:00,UVSP
26.41,26.41,26.41,26.41,200,2021-08-03 13:37:00,UVSP
26.4,26.47,26.4,26.44,500,2021-08-03 13:38:00,UVSP
26.46,26.46,26.36,26.36,400,2021-08-03 13:40:00,UVSP
26.44,26.44,26.44,26.44,100,2021-08-03 13:44:00,UVSP
26.32,26.32,26.32,26.32,100,2021-08-03 13:55:00,UVSP
26.31,26.52,26.31,26.52,1625,2021-08-03 13:59:00,UVSP
26.3207,26.3207,26.3207,26.3207,100,2021-08-03 14:02:00,UVSP
26.31,26.31,26.31,26.31,100,2021-08-03 14:11:00,UVSP
26.31,26.31,26.31,26.31,100,2021-08-03 14:32:00,UVSP
26.38,26.415,26.38,26.415,500,2021-08-03 14:35:00,UVSP
26.39,26.56,26.39,26.56,2333,2021-08-03 14:46:00,UVSP
26.53,26.53,26.53,26.53,200,2021-08-03 14:49:00,UVSP
26.51,26.51,26.5,26.5,200,2021-08-03 14:53:00,UVSP
26.41,26.41,26.41,26.41,200,2021-08-03 14:55:00,UVSP
26.55,26.59,26.55,26.59,200,2021-08-03 15:14:00,UVSP
26.73,26.73,26.73,26.73,100,2021-08-03 15:30:00,UVSP
26.76,26.76,26.68,26.68,900,2021-08-03 16:10:00,UVSP
26.645,26.645,26.645,26.645,100,2021-08-03 16:12:00,UVSP
26.63,26.63,26.63,26.63,200,2021-08-03 16:15:00,UVSP
26.61,26.61,26.61,26.61,200,2021-08-03 16:18:00,UVSP
26.6497,26.66,26.61,26.66,708,2021-08-03 16:39:00,UVSP
26.67,26.67,26.67,26.67,1500,2021-08-03 16:52:00,UVSP
26.7,26.7,26.7,26.7,200,2021-08-03 17:00:00,UVSP
26.75,26.75,26.75,26.75,100,2021-08-03 17:14:00,UVSP
26.77,26.79,26.725,26.7275,2500,2021-08-03 17:25:00,UVSP
26.725,26.76,26.725,26.74,1742,2021-08-03 17:26:00,UVSP
26.7,26.7,26.7,26.7,100,2021-08-03 17:31:00,UVSP
26.72,26.73,26.72,26.73,400,2021-08-03 17:32:00,UVSP
26.74,26.74,26.74,26.74,100,2021-08-03 17:33:00,UVSP
26.73,26.73,26.73,26.73,200,2021-08-03 17:34:00,UVSP
26.73,26.73,26.73,26.73,600,2021-08-03 17:35:00,UVSP
26.75,26.75,26.75,26.75,100,2021-08-03 17:36:00,UVSP
26.73,26.73,26.73,26.73,900,2021-08-03 17:38:00,UVSP
26.73,26.73,26.73,26.73,400,2021-08-03 17:39:00,UVSP
26.74,26.74,26.74,26.74,100,2021-08-03 17:41:00,UVSP
26.75,26.75,26.75,26.75,200,2021-08-03 17:42:00,UVSP
26.72,26.72,26.72,26.72,100,2021-08-03 17:44:00,UVSP
26.71,26.72,26.71,26.72,200,2021-08-03 17:47:00,UVSP
26.77,26.78,26.77,26.78,200,2021-08-03 17:48:00,UVSP
26.75,26.75,26.75,26.75,100,2021-08-03 17:51:00,UVSP
26.82,26.82,26.82,26.82,200,2021-08-03 17:53:00,UVSP
26.84,26.84,26.84,26.84,100,2021-08-03 18:00:00,UVSP
26.82,26.86,26.82,26.86,200,2021-08-03 18:10:00,UVSP
26.85,26.85,26.85,26.85,100,2021-08-03 18:21:00,UVSP
26.89,26.89,26.85,26.85,600,2021-08-03 18:23:00,UVSP
26.885,26.885,26.885,26.885,100,2021-08-03 18:26:00,UVSP
26.94,26.95,26.94,26.95,500,2021-08-03 18:30:00,UVSP
26.95,26.95,26.95,26.95,100,2021-08-03 18:32:00,UVSP
26.99,27.0,26.99,26.99,700,2021-08-03 18:34:00,UVSP
26.98,26.985,26.97,26.97,1001,2021-08-03 18:35:00,UVSP
27.05,27.07,27.05,27.05,400,2021-08-03 18:41:00,UVSP
27.07,27.07,27.07,27.07,100,2021-08-03 18:42:00,UVSP
27.065,27.065,27.065,27.065,100,2021-08-03 18:44:00,UVSP
27.02,27.02,27.01,27.01,300,2021-08-03 18:46:00,UVSP
26.96,26.96,26.96,26.96,100,2021-08-03 18:50:00,UVSP
26.96,26.96,26.96,26.96,100,2021-08-03 18:51:00,UVSP
26.91,26.91,26.91,26.91,120,2021-08-03 18:53:00,UVSP
26.91,26.96,26.91,26.95,700,2021-08-03 18:54:00,UVSP
26.91,26.91,26.91,26.91,100,2021-08-03 18:55:00,UVSP
26.95,26.95,26.95,26.95,300,2021-08-03 18:56:00,UVSP
26.92,26.92,26.92,26.92,100,2021-08-03 19:01:00,UVSP
26.93,26.93,26.93,26.93,100,2021-08-03 19:06:00,UVSP
26.92,26.92,26.92,26.92,100,2021-08-03 19:10:00,UVSP
26.91,26.91,26.91,26.91,100,2021-08-03 19:13:00,UVSP
26.96,26.96,26.93,26.93,300,2021-08-03 19:16:00,UVSP
26.96,26.96,26.935,26.935,300,2021-08-03 19:17:00,UVSP
26.98,26.98,26.98,26.98,100,2021-08-03 19:18:00,UVSP
26.93,26.93,26.92,26.92,500,2021-08-03 19:20:00,UVSP
26.9,26.9,26.9,26.9,100,2021-08-03 19:22:00,UVSP
26.9,26.9,26.9,26.9,200,2021-08-03 19:34:00,UVSP
26.9,26.9,26.885,26.885,300,2021-08-03 19:39:00,UVSP
26.88,26.88,26.86,26.88,400,2021-08-03 19:40:00,UVSP
26.85,26.85,26.85,26.85,100,2021-08-03 19:42:00,UVSP
26.82,26.82,26.82,26.82,200,2021-08-03 19:46:00,UVSP
26.9,26.91,26.88,26.88,500,2021-08-03 19:50:00,UVSP
26.89,26.89,26.87,26.87,279,2021-08-03 19:51:00,UVSP
26.86,26.86,26.86,26.86,100,2021-08-03 19:52:00,UVSP
26.93,26.93,26.93,26.93,100,2021-08-03 19:54:00,UVSP
26.91,26.91,26.88,26.9,1779,2021-08-03 19:55:00,UVSP
26.87,26.93,26.87,26.93,300,2021-08-03 19:56:00,UVSP
26.93,26.93,26.93,26.93,391,2021-08-03 19:57:00,UVSP
26.93,26.97,26.93,26.97,671,2021-08-03 19:58:00,UVSP
26.98,27.02,26.96,26.99,1868,2021-08-03 19:59:00,UVSP
26.99,26.99,26.99,26.99,32994,2021-08-03 20:00:00,UVSP
26.99,26.99,26.99,26.99,1385,2021-08-03 20:01:00,UVSP
26.75,26.75,26.75,26.75,1414,2021-08-04 13:30:00,UVSP
26.79,26.79,26.79,26.79,100,2021-08-04 13:55:00,UVSP
26.78,26.78,26.78,26.78,100,2021-08-04 13:56:00,UVSP
26.68,26.68,26.68,26.68,100,2021-08-04 13:59:00,UVSP
26.66,26.73,26.64,26.69,4446,2021-08-04 14:01:00,UVSP
26.85,26.85,26.85,26.85,200,2021-08-04 14:18:00,UVSP
26.78,26.78,26.75,26.75,500,2021-08-04 14:32:00,UVSP
26.75,26.76,26.75,26.76,800,2021-08-04 14:34:00,UVSP
26.83,26.83,26.83,26.83,121,2021-08-04 14:38:00,UVSP
26.96,26.96,26.96,26.96,100,2021-08-04 14:46:00,UVSP
26.98,26.98,26.97,26.97,300,2021-08-04 14:48:00,UVSP
26.9,26.9,26.9,26.9,200,2021-08-04 15:03:00,UVSP
26.91,26.91,26.9,26.91,400,2021-08-04 15:27:00,UVSP
26.76,26.76,26.76,26.76,100,2021-08-04 15:56:00,UVSP
26.75,26.75,26.75,26.75,200,2021-08-04 16:00:00,UVSP
26.8133,26.8133,26.8133,26.8133,200,2021-08-04 16:06:00,UVSP
26.77,26.77,26.77,26.77,100,2021-08-04 16:09:00,UVSP
26.77,26.77,26.77,26.77,100,2021-08-04 16:25:00,UVSP
26.86,26.86,26.86,26.86,100,2021-08-04 16:40:00,UVSP
26.8,26.8,26.8,26.8,100,2021-08-04 16:43:00,UVSP
26.83,26.83,26.83,26.83,200,2021-08-04 16:50:00,UVSP
26.86,26.87,26.86,26.87,900,2021-08-04 17:00:00,UVSP
26.87,26.87,26.87,26.87,100,2021-08-04 17:03:00,UVSP
26.87,26.87,26.87,26.87,100,2021-08-04 17:04:00,UVSP
26.87,26.87,26.87,26.87,100,2021-08-04 17:05:00,UVSP
26.87,26.87,26.87,26.87,300,2021-08-04 17:11:00,UVSP
26.86,26.86,26.84,26.84,400,2021-08-04 17:15:00,UVSP
26.86,26.86,26.86,26.86,100,2021-08-04 17:20:00,UVSP
26.86,26.86,26.85,26.86,820,2021-08-04 17:29:00,UVSP
26.86,26.86,26.86,26.86,100,2021-08-04 17:34:00,UVSP
26.92,26.92,26.92,26.92,100,2021-08-04 17:51:00,UVSP
26.93,26.93,26.93,26.93,100,2021-08-04 18:04:00,UVSP
26.93,26.93,26.93,26.93,105,2021-08-04 18:08:00,UVSP
26.9675,27.01,26.9675,27.01,200,2021-08-04 18:17:00,UVSP
26.86,26.86,26.86,26.86,100,2021-08-04 18:25:00,UVSP
26.82,26.86,26.82,26.86,200,2021-08-04 18:28:00,UVSP
26.85,26.85,26.81,26.85,300,2021-08-04 18:30:00,UVSP
26.86,26.86,26.86,26.86,100,2021-08-04 18:34:00,UVSP
26.82,26.82,26.82,26.82,100,2021-08-04 18:35:00,UVSP
26.855,26.855,26.855,26.855,100,2021-08-04 18:36:00,UVSP
26.85,26.85,26.85,26.85,100,2021-08-04 18:39:00,UVSP
26.86,26.86,26.86,26.86,100,2021-08-04 19:02:00,UVSP
26.865,26.865,26.865,26.865,100,2021-08-04 19:03:00,UVSP
26.87,26.87,26.87,26.87,373,2021-08-04 19:07:00,UVSP
26.89,26.92,26.89,26.9,2000,2021-08-04 19:25:00,UVSP
26.9,26.9,26.9,26.9,200,2021-08-04 19:28:00,UVSP
26.89,26.9,26.89,26.9,1300,2021-08-04 19:37:00,UVSP
26.9,26.9,26.9,26.9,600,2021-08-04 19:38:00,UVSP
26.86,26.86,26.86,26.86,100,2021-08-04 19:44:00,UVSP
26.86,26.86,26.86,26.86,200,2021-08-04 19:49:00,UVSP
26.85,26.85,26.85,26.85,100,2021-08-04 19:50:00,UVSP
26.8,26.8,26.8,26.8,101,2021-08-04 19:53:00,UVSP
26.8,26.8,26.8,26.8,397,2021-08-04 19:54:00,UVSP
26.81,26.82,26.8,26.8,1530,2021-08-04 19:55:00,UVSP
26.815,26.815,26.8,26.81,1000,2021-08-04 19:56:00,UVSP
26.81,26.81,26.81,26.81,100,2021-08-04 19:58:00,UVSP
26.83,26.86,26.81,26.86,1557,2021-08-04 19:59:00,UVSP
26.84,26.84,26.84,26.84,13160,2021-08-04 20:00:00,UVSP
26.84,26.84,26.84,26.84,292,2021-08-04 20:01:00,UVSP
26.91,26.91,26.91,26.91,176,2021-08-05 13:30:00,UVSP
26.94,26.94,26.94,26.94,201,2021-08-05 13:48:00,UVSP
27.2,27.25,27.2,27.25,1089,2021-08-05 14:08:00,UVSP
27.25,27.25,27.2,27.2,906,2021-08-05 14:09:00,UVSP
27.2,27.32,27.2,27.32,1218,2021-08-05 14:10:00,UVSP
27.11,27.11,27.11,27.11,100,2021-08-05 14:24:00,UVSP
27.22,27.24,27.22,27.24,500,2021-08-05 14:27:00,UVSP
27.18,27.18,27.16,27.16,200,2021-08-05 14:31:00,UVSP
27.16,27.16,27.16,27.16,4169,2021-08-05 14:35:00,UVSP
27.18,27.18,27.145,27.145,200,2021-08-05 15:02:00,UVSP
27.24,27.24,27.24,27.24,100,2021-08-05 15:04:00,UVSP
27.36,27.36,27.194,27.327,1500,2021-08-05 15:19:00,UVSP
27.34,27.34,27.34,27.34,100,2021-08-05 15:28:00,UVSP
27.32,27.32,27.32,27.32,100,2021-08-05 15:53:00,UVSP
27.26,27.26,27.25,27.25,200,2021-08-05 15:55:00,UVSP
27.35,27.35,27.34,27.34,300,2021-08-05 16:08:00,UVSP
27.33,27.33,27.33,27.33,400,2021-08-05 16:09:00,UVSP
27.33,27.33,27.33,27.33,100,2021-08-05 16:10:00,UVSP
27.16,27.16,27.0,27.0,4062,2021-08-05 16:39:00,UVSP
27.19,27.19,27.19,27.19,400,2021-08-05 16:55:00,UVSP
27.18,27.18,27.18,27.18,100,2021-08-05 16:57:00,UVSP
27.175,27.175,27.175,27.175,100,2021-08-05 17:08:00,UVSP
27.15,27.15,27.15,27.15,100,2021-08-05 17:20:00,UVSP
27.16,27.16,27.16,27.16,200,2021-08-05 17:34:00,UVSP
27.1394,27.1394,27.1394,27.1394,435,2021-08-05 17:39:00,UVSP
27.16,27.16,27.14,27.15,2200,2021-08-05 17:44:00,UVSP
27.15,27.15,27.13,27.13,300,2021-08-05 17:50:00,UVSP
27.15,27.15,27.13,27.13,200,2021-08-05 17:53:00,UVSP
27.13,27.13,27.13,27.13,100,2021-08-05 17:55:00,UVSP
27.125,27.125,27.125,27.125,100,2021-08-05 17:57:00,UVSP
27.05,27.0768,27.0,27.0768,1628,2021-08-05 17:59:00,UVSP
27.0,27.0,27.0,27.0,100,2021-08-05 18:01:00,UVSP
27.025,27.025,27.025,27.025,135,2021-08-05 18:04:00,UVSP
27.02,27.02,27.0,27.0,300,2021-08-05 18:09:00,UVSP
27.04,27.06,27.04,27.06,300,2021-08-05 18:11:00,UVSP
27.07,27.07,27.07,27.07,100,2021-08-05 18:13:00,UVSP
27.07,27.07,27.07,27.07,300,2021-08-05 18:29:00,UVSP
27.05,27.05,27.05,27.05,100,2021-08-05 18:32:00,UVSP
27.02,27.02,27.02,27.02,180,2021-08-05 18:38:00,UVSP
27.03,27.03,27.03,27.03,100,2021-08-05 18:40:00,UVSP
27.0,27.0,27.0,27.0,15202,2021-08-05 18:50:00,UVSP
26.985,26.985,26.985,26.985,100,2021-08-05 18:55:00,UVSP
27.0,27.0,27.0,27.0,100,2021-08-05 18:59:00,UVSP
27.01,27.01,27.01,27.01,200,2021-08-05 19:04:00,UVSP
27.03,27.03,27.03,27.03,100,2021-08-05 19:07:00,UVSP
27.06,27.06,27.06,27.06,300,2021-08-05 19:08:00,UVSP
27.065,27.065,27.065,27.065,288,2021-08-05 19:09:00,UVSP
27.065,27.065,27.065,27.065,100,2021-08-05 19:10:00,UVSP
27.06,27.08,27.06,27.08,200,2021-08-05 19:14:00,UVSP
27.08,27.08,27.08,27.08,100,2021-08-05 19:19:00,UVSP
27.12,27.16,27.12,27.16,300,2021-08-05 19:29:00,UVSP
27.11,27.11,27.11,27.11,100,2021-08-05 19:31:00,UVSP
27.13,27.13,27.13,27.13,100,2021-08-05 19:35:00,UVSP
27.12,27.12,27.12,27.12,200,2021-08-05 19:38:00,UVSP
27.13,27.13,27.13,27.13,200,2021-08-05 19:42:00,UVSP
27.1408,27.1408,27.1408,27.1408,186,2021-08-05 19:47:00,UVSP
27.11,27.11,27.11,27.11,100,2021-08-05 19:49:00,UVSP
27.14,27.15,27.14,27.15,200,2021-08-05 19:50:00,UVSP
27.13,27.13,27.13,27.13,416,2021-08-05 19:51:00,UVSP
27.12,27.12,27.11,27.11,300,2021-08-05 19:52:00,UVSP
27.12,27.12,27.12,27.12,100,2021-08-05 19:54:00,UVSP
27.12,27.12,27.11,27.12,800,2021-08-05 19:55:00,UVSP
27.1,27.1,27.1,27.1,175,2021-08-05 19:56:00,UVSP
27.1,27.12,27.1,27.12,500,2021-08-05 19:57:00,UVSP
27.14,27.2,27.14,27.14,1742,2021-08-05 19:59:00,UVSP
27.14,27.14,27.14,27.14,13832,2021-08-05 20:00:00,UVSP
27.58,27.58,27.58,27.58,802,2021-08-06 13:30:00,UVSP
27.59,27.59,27.59,27.59,300,2021-08-06 13:36:00,UVSP
27.6,27.6,27.6,27.6,100,2021-08-06 13:50:00,UVSP
27.58,27.66,27.56,27.58,600,2021-08-06 13:52:00,UVSP
27.79,27.79,27.79,27.79,100,2021-08-06 13:59:00,UVSP
27.5015,27.5015,27.5015,27.5015,1027,2021-08-06 14:02:00,UVSP
27.86,27.86,27.86,27.86,100,2021-08-06 14:05:00,UVSP
27.83,27.83,27.83,27.83,100,2021-08-06 14:14:00,UVSP
27.71,27.71,27.71,27.71,100,2021-08-06 14:21:00,UVSP
27.88,27.88,27.88,27.88,100,2021-08-06 14:22:00,UVSP
27.9,27.975,27.9,27.975,558,2021-08-06 14:25:00,UVSP
28.0,28.0,28.0,28.0,200,2021-08-06 14:26:00,UVSP
27.84,27.84,27.81,27.81,200,2021-08-06 14:28:00,UVSP
27.985,27.985,27.985,27.985,100,2021-08-06 14:30:00,UVSP
28.015,28.015,28.015,28.015,100,2021-08-06 14:31:00,UVSP
28.01,28.02,28.01,28.02,200,2021-08-06 14:35:00,UVSP
28.035,28.035,28.035,28.035,100,2021-08-06 14:40:00,UVSP
27.94,27.94,27.94,27.94,124,2021-08-06 14:41:00,UVSP
28.04,28.04,28.04,28.04,100,2021-08-06 14:45:00,UVSP
28.04,28.04,28.04,28.04,100,2021-08-06 14:46:00,UVSP
28.05,28.05,28.05,28.05,100,2021-08-06 14:47:00,UVSP
28.07,28.07,28.01,28.01,500,2021-08-06 14:48:00,UVSP
28.01,28.075,27.98,28.07,1000,2021-08-06 14:50:00,UVSP
28.08,28.08,28.06,28.08,484,2021-08-06 14:55:00,UVSP
28.245,28.245,28.245,28.245,100,2021-08-06 15:00:00,UVSP
28.24,28.29,28.24,28.29,302,2021-08-06 15:02:00,UVSP
28.4,28.4,28.4,28.4,100,2021-08-06 15:05:00,UVSP
28.385,28.385,28.385,28.385,100,2021-08-06 15:11:00,UVSP
28.38,28.38,28.38,28.38,100,2021-08-06 15:17:00,UVSP
28.345,28.345,28.16,28.16,300,2021-08-06 15:23:00,UVSP
28.37,28.38,28.37,28.38,200,2021-08-06 15:29:00,UVSP
28.3564,28.36,28.3564,28.36,800,2021-08-06 15:36:00,UVSP
28.24,28.24,28.24,28.24,100,2021-08-06 15:41:00,UVSP
28.23,28.27,28.23,28.27,400,2021-08-06 15:42:00,UVSP
28.28,28.28,28.28,28.28,560,2021-08-06 15:45:00,UVSP
28.35,28.35,28.29,28.29,200,2021-08-06 15:50:00,UVSP
28.21,28.33,28.21,28.33,1120,2021-08-06 15:52:00,UVSP
28.24,28.24,28.24,28.24,100,2021-08-06 15:55:00,UVSP
28.27,28.27,28.27,28.27,200,2021-08-06 15:56:00,UVSP
28.34,28.34,28.34,28.34,200,2021-08-06 15:57:00,UVSP
28.35,28.35,28.35,28.35,100,2021-08-06 15:58:00,UVSP
28.33,28.33,28.33,28.33,100,2021-08-06 15:59:00,UVSP
28.34,28.35,28.34,28.35,573,2021-08-06 16:00:00,UVSP
28.375,28.375,28.32,28.35,800,2021-08-06 16:01:00,UVSP
28.35,28.35,28.35,28.35,200,2021-08-06 16:20:00,UVSP
28.4,28.46,28.4,28.46,600,2021-08-06 16:21:00,UVSP
28.36,28.36,28.34,28.34,400,2021-08-06 16:23:00,UVSP
28.325,28.35,28.325,28.35,1100,2021-08-06 16:27:00,UVSP
28.28,28.28,28.28,28.28,200,2021-08-06 16:29:00,UVSP
28.26,28.26,28.25,28.25,450,2021-08-06 16:30:00,UVSP
28.27,28.27,28.27,28.27,100,2021-08-06 16:34:00,UVSP
28.23,28.24,28.23,28.24,200,2021-08-06 16:35:00,UVSP
28.31,28.37,28.31,28.37,500,2021-08-06 16:44:00,UVSP
28.3,28.3,28.29,28.29,400,2021-08-06 16:45:00,UVSP
28.22,28.34,28.22,28.34,200,2021-08-06 16:46:00,UVSP
28.23,28.3,28.23,28.3,300,2021-08-06 17:02:00,UVSP
28.25,28.25,28.25,28.25,200,2021-08-06 17:05:00,UVSP
28.26,28.26,28.17,28.17,400,2021-08-06 17:06:00,UVSP
28.2,28.2,28.2,28.2,367,2021-08-06 17:08:00,UVSP
28.17,28.18,28.17,28.18,2300,2021-08-06 17:35:00,UVSP
28.13,28.15,28.11,28.15,905,2021-08-06 17:41:00,UVSP
28.1,28.1,28.1,28.1,236,2021-08-06 17:53:00,UVSP
28.105,28.105,28.105,28.105,100,2021-08-06 18:11:00,UVSP
28.19,28.19,28.19,28.19,100,2021-08-06 18:21:00,UVSP
28.24,28.24,28.24,28.24,100,2021-08-06 18:22:00,UVSP
28.25,28.25,28.25,28.25,100,2021-08-06 18:38:00,UVSP
28.0957,28.0957,28.0957,28.0957,2000,2021-08-06 19:14:00,UVSP
28.08,28.08,28.08,28.08,101,2021-08-06 19:18:00,UVSP
28.11,28.16,28.11,28.16,300,2021-08-06 19:25:00,UVSP
28.12,28.12,28.12,28.12,100,2021-08-06 19:36:00,UVSP
28.1,28.1,28.1,28.1,100,2021-08-06 19:45:00,UVSP
28.12,28.12,28.12,28.12,217,2021-08-06 19:47:00,UVSP
28.159,28.159,28.159,28.159,147,2021-08-06 19:48:00,UVSP
28.08,28.08,28.08,28.08,200,2021-08-06 19:49:00,UVSP
28.08,28.11,28.07,28.11,700,2021-08-06 19:51:00,UVSP
28.09,28.11,28.09,28.11,597,2021-08-06 19:54:00,UVSP
28.16,28.18,28.16,28.18,300,2021-08-06 19:57:00,UVSP
28.15,28.22,28.15,28.22,600,2021-08-06 19:58:00,UVSP
28.22,28.26,28.17,28.26,2440,2021-08-06 19:59:00,UVSP
28.25,28.25,28.25,28.25,8584,2021-08-06 20:00:00,UVSP
27.91,28.1,27.91,28.1,349,2021-08-09 13:30:00,UVSP
27.8375,27.8375,27.8375,27.8375,100,2021-08-09 13:31:00,UVSP
27.88,27.88,27.88,27.88,100,2021-08-09 13:33:00,UVSP
28.0,28.15,27.88,28.15,3300,2021-08-09 13:35:00,UVSP
28.18,28.19,28.18,28.19,200,2021-08-09 13:37:00,UVSP
28.1143,28.1143,28.1143,28.1143,321,2021-08-09 13:41:00,UVSP
28.02,28.14,28.0,28.14,300,2021-08-09 13:42:00,UVSP
28.17,28.17,28.16,28.16,200,2021-08-09 13:45:00,UVSP
28.07,28.11,28.07,28.11,200,2021-08-09 13:48:00,UVSP
28.1,28.1,28.01,28.01,300,2021-08-09 13:50:00,UVSP
28.1,28.1,28.1,28.1,100,2021-08-09 13:51:00,UVSP
28.0,28.0,28.0,28.0,200,2021-08-09 13:52:00,UVSP
28.0,28.0,28.0,28.0,100,2021-08-09 13:56:00,UVSP
28.09,28.2,28.09,28.09,700,2021-08-09 14:01:00,UVSP
28.15,28.17,28.0,28.0,2400,2021-08-09 14:03:00,UVSP
28.16,28.16,28.16,28.16,100,2021-08-09 14:05:00,UVSP
28.1,28.1,28.1,28.1,100,2021-08-09 14:07:00,UVSP
28.0,28.05,28.0,28.05,200,2021-08-09 14:08:00,UVSP
28.015,28.015,28.015,28.015,200,2021-08-09 14:12:00,UVSP
28.0,28.0,28.0,28.0,100,2021-08-09 14:13:00,UVSP
28.095,28.095,28.095,28.095,100,2021-08-09 14:24:00,UVSP
28.0,28.0,28.0,28.0,100,2021-08-09 14:31:00,UVSP
28.01,28.01,28.01,28.01,149,2021-08-09 14:38:00,UVSP
28.03,28.03,28.03,28.03,100,2021-08-09 14:39:00,UVSP
28.03,28.03,28.03,28.03,400,2021-08-09 14:40:00,UVSP
28.01,28.01,28.01,28.01,100,2021-08-09 14:52:00,UVSP
28.12,28.13,28.09,28.12,1292,2021-08-09 14:56:00,UVSP
28.05,28.05,28.05,28.05,100,2021-08-09 15:00:00,UVSP
28.14,28.14,28.14,28.14,100,2021-08-09 15:02:00,UVSP
28.15,28.15,28.15,28.15,100,2021-08-09 15:10:00,UVSP
28.19,28.19,28.18,28.18,595,2021-08-09 15:15:00,UVSP
28.19,28.19,28.19,28.19,100,2021-08-09 15:20:00,UVSP
28.16,28.16,28.16,28.16,100,2021-08-09 15:21:00,UVSP
28.15,28.15,28.15,28.15,100,2021-08-09 15:26:00,UVSP
28.19,28.19,28.19,28.19,100,2021-08-09 15:36:00,UVSP
28.21,28.21,28.21,28.21,100,2021-08-09 15:37:00,UVSP
28.17,28.17,28.17,28.17,200,2021-08-09 15:39:00,UVSP
28.19,28.19,28.19,28.19,100,2021-08-09 15:57:00,UVSP
28.14,28.14,28.14,28.14,100,2021-08-09 16:02:00,UVSP
28.185,28.185,28.185,28.185,296,2021-08-09 16:12:00,UVSP
28.18,28.18,28.17,28.17,200,2021-08-09 16:17:00,UVSP
28.22,28.22,28.22,28.22,100,2021-08-09 16:25:00,UVSP
28.22,28.22,28.21,28.21,300,2021-08-09 16:26:00,UVSP
28.205,28.22,28.205,28.21,300,2021-08-09 16:27:00,UVSP
28.23,28.23,28.2,28.2,300,2021-08-09 16:28:00,UVSP
28.25,28.25,28.25,28.25,100,2021-08-09 16:29:00,UVSP
28.26,28.26,28.26,28.26,100,2021-08-09 16:39:00,UVSP
28.26,28.26,28.26,28.26,100,2021-08-09 16:51:00,UVSP
28.26,28.26,28.26,28.26,100,2021-08-09 16:59:00,UVSP
28.3,28.3,28.3,28.3,100,2021-08-09 17:05:00,UVSP
28.3,28.3,28.3,28.3,200,2021-08-09 17:06:00,UVSP
28.35,28.35,28.35,28.35,100,2021-08-09 17:07:00,UVSP
28.32,28.32,28.31,28.31,300,2021-08-09 17:08:00,UVSP
28.29,28.29,28.24,28.24,200,2021-08-09 17:11:00,UVSP
28.265,28.265,28.265,28.265,100,2021-08-09 17:22:00,UVSP
28.32,28.32,28.32,28.32,100,2021-08-09 17:29:00,UVSP
28.26,28.26,28.26,28.26,200,2021-08-09 17:32:00,UVSP
28.265,28.265,28.265,28.265,300,2021-08-09 17:41:00,UVSP
28.25,28.25,28.24,28.24,1882,2021-08-09 17:54:00,UVSP
28.24,28.24,28.24,28.24,100,2021-08-09 17:55:00,UVSP
28.25,28.25,28.25,28.25,200,2021-08-09 17:56:00,UVSP
28.245,28.25,28.245,28.25,600,2021-08-09 17:57:00,UVSP
28.23,28.23,28.23,28.23,100,2021-08-09 18:00:00,UVSP
28.21,28.21,28.21,28.21,100,2021-08-09 18:09:00,UVSP
28.27,28.27,28.27,28.27,100,2021-08-09 18:33:00,UVSP
28.28,28.28,28.28,28.28,100,2021-08-09 18:36:00,UVSP
28.21,28.21,28.19,28.19,423,2021-08-09 18:38:00,UVSP
28.19,28.19,28.19,28.19,100,2021-08-09 18:40:00,UVSP
28.18,28.18,28.18,28.18,100,2021-08-09 18:41:00,UVSP
28.2,28.2,28.19,28.19,200,2021-08-09 18:50:00,UVSP
28.19,28.19,28.19,28.19,100,2021-08-09 18:56:00,UVSP
28.15,28.15,28.15,28.15,100,2021-08-09 19:06:00,UVSP
28.12,28.15,28.1,28.15,600,2021-08-09 19:07:00,UVSP
28.14,28.14,28.12,28.14,400,2021-08-09 19:22:00,UVSP
28.08,28.08,28.08,28.08,100,2021-08-09 19:39:00,UVSP
28.05,28.05,28.05,28.05,100,2021-08-09 19:42:00,UVSP
28.01,28.01,28.01,28.01,200,2021-08-09 19:47:00,UVSP
28.015,28.015,28.015,28.015,450,2021-08-09 19:49:00,UVSP
27.98,27.98,27.95,27.95,431,2021-08-09 19:50:00,UVSP
28.0,28.0,28.0,28.0,100,2021-08-09 19:51:00,UVSP
27.92,27.92,27.92,27.92,100,2021-08-09 19:53:00,UVSP
27.96,27.97,27.94,27.94,500,2021-08-09 19:54:00,UVSP
27.94,27.94,27.9,27.9,200,2021-08-09 19:55:00,UVSP
27.9,27.91,27.9,27.91,200,2021-08-09 19:56:00,UVSP
27.9,27.92,27.88,27.92,1046,2021-08-09 19:57:00,UVSP
27.9,27.9,27.89,27.89,400,2021-08-09 19:58:00,UVSP
27.91,27.94,27.87,27.87,1324,2021-08-09 19:59:00,UVSP
27.91,27.91,27.91,27.91,9598,2021-08-09 20:00:00,UVSP
27.65,27.65,27.65,27.65,100,2021-08-10 13:29:00,UVSP
27.6,27.6,27.52,27.52,1515,2021-08-10 13:30:00,UVSP
27.75,27.75,27.75,27.75,100,2021-08-10 13:35:00,UVSP
27.63,27.63,27.63,27.63,500,2021-08-10 13:36:00,UVSP
27.74,27.74,27.74,27.74,100,2021-08-10 13:44:00,UVSP
27.6475,27.6475,27.6475,27.6475,540,2021-08-10 13:57:00,UVSP
28.0,28.0,28.0,28.0,100,2021-08-10 14:25:00,UVSP
27.71,27.885,27.71,27.885,200,2021-08-10 14:26:00,UVSP
28.04,28.05,28.04,28.05,200,2021-08-10 14:31:00,UVSP
27.91,27.91,27.91,27.91,100,2021-08-10 14:36:00,UVSP
28.05,28.05,27.96,27.96,200,2021-08-10 14:38:00,UVSP
28.09,28.1,28.09,28.1,447,2021-08-10 14:41:00,UVSP
27.98,27.98,27.96,27.96,200,2021-08-10 14:42:00,UVSP
28.01,28.01,28.01,28.01,100,2021-08-10 14:43:00,UVSP
28.12,28.12,28.12,28.12,100,2021-08-10 14:45:00,UVSP
27.995,28.04,27.995,28.04,200,2021-08-10 15:02:00,UVSP
28.07,28.07,28.03,28.03,200,2021-08-10 15:15:00,UVSP
28.09,28.09,28.09,28.09,1015,2021-08-10 15:20:00,UVSP
28.06,28.06,28.06,28.06,300,2021-08-10 15:32:00,UVSP
28.1,28.1,28.1,28.1,100,2021-08-10 15:58:00,UVSP
28.03,28.03,27.94,27.94,200,2021-08-10 16:05:00,UVSP
27.9,27.9,27.9,27.9,100,2021-08-10 16:07:00,UVSP
28.02,28.02,28.02,28.02,100,2021-08-10 16:10:00,UVSP
27.95,27.95,27.95,27.95,200,2021-08-10 16:18:00,UVSP
27.93,27.93,27.93,27.93,100,2021-08-10 16:23:00,UVSP
27.97,27.97,27.97,27.97,100,2021-08-10 16:27:00,UVSP
27.97,27.97,27.97,27.97,194,2021-08-10 16:29:00,UVSP
27.92,27.92,27.92,27.92,200,2021-08-10 16:31:00,UVSP
27.92,27.92,27.92,27.92,100,2021-08-10 16:35:00,UVSP
27.975,27.975,27.975,27.975,100,2021-08-10 16:39:00,UVSP
28.01,28.01,28.01,28.01,100,2021-08-10 17:02:00,UVSP
28.02,28.02,28.02,28.02,100,2021-08-10 17:59:00,UVSP
28.02,28.02,28.02,28.02,100,2021-08-10 18:17:00,UVSP
28.03,28.03,28.03,28.03,100,2021-08-10 18:18:00,UVSP
28.01,28.01,28.01,28.01,100,2021-08-10 18:22:00,UVSP
28.01,28.01,28.01,28.01,100,2021-08-10 18:23:00,UVSP
28.02,28.02,28.02,28.02,100,2021-08-10 18:29:00,UVSP
28.01,28.01,28.01,28.01,200,2021-08-10 18:35:00,UVSP
28.05,28.05,28.05,28.05,100,2021-08-10 18:45:00,UVSP
28.01,28.01,28.01,28.01,100,2021-08-10 18:54:00,UVSP
28.01,28.01,28.01,28.01,100,2021-08-10 18:59:00,UVSP
28.0,28.0,28.0,28.0,100,2021-08-10 19:12:00,UVSP
28.02,28.02,28.02,28.02,200,2021-08-10 19:19:00,UVSP
28.04,28.04,28.04,28.04,100,2021-08-10 19:22:00,UVSP
28.05,28.05,28.05,28.05,100,2021-08-10 19:28:00,UVSP
28.05,28.05,28.05,28.05,100,2021-08-10 19:30:00,UVSP
28.01,28.01,28.01,28.01,100,2021-08-10 19:38:00,UVSP
28.025,28.025,28.025,28.025,100,2021-08-10 19:40:00,UVSP
28.045,28.045,28.045,28.045,100,2021-08-10 19:42:00,UVSP
28.08,28.11,28.08,28.09,500,2021-08-10 19:43:00,UVSP
28.075,28.075,28.075,28.075,100,2021-08-10 19:48:00,UVSP
28.05,28.05,28.05,28.05,100,2021-08-10 19:50:00,UVSP
28.05,28.05,28.05,28.05,300,2021-08-10 19:52:00,UVSP
28.07,28.08,28.06,28.08,600,2021-08-10 19:53:00,UVSP
28.095,28.11,28.095,28.11,200,2021-08-10 19:54:00,UVSP
28.08,28.08,28.08,28.08,300,2021-08-10 19:55:00,UVSP
28.05,28.065,28.05,28.065,200,2021-08-10 19:57:00,UVSP
28.055,28.055,28.03,28.03,600,2021-08-10 19:58:00,UVSP
28.07,28.15,28.07,28.1,1313,2021-08-10 19:59:00,UVSP
28.1,28.1,28.1,28.1,9506,2021-08-10 20:00:00,UVSP
27.92,28.11,26.94,26.94,308,2021-08-11 13:30:00,UVSP
27.77,27.77,27.77,27.77,100,2021-08-11 13:31:00,UVSP
27.5036,27.5036,27.5036,27.5036,350,2021-08-11 13:32:00,UVSP
27.8,27.8,27.8,27.8,100,2021-08-11 13:33:00,UVSP
28.06,28.06,28.06,28.06,100,2021-08-11 13:35:00,UVSP
27.94,27.99,27.94,27.97,900,2021-08-11 13:44:00,UVSP
27.93,27.93,27.93,27.93,300,2021-08-11 13:55:00,UVSP
27.8776,27.8776,27.8776,27.8776,244,2021-08-11 13:58:00,UVSP
27.87,27.87,27.87,27.87,100,2021-08-11 14:03:00,UVSP
27.894,27.894,27.894,27.894,193,2021-08-11 14:10:00,UVSP
28.01,28.01,28.01,28.01,342,2021-08-11 14:12:00,UVSP
28.03,28.1,28.03,28.06,400,2021-08-11 15:23:00,UVSP
28.05,28.05,28.05,28.05,100,2021-08-11 15:24:00,UVSP
28.12,28.12,27.9958,27.9958,1100,2021-08-11 15:35:00,UVSP
28.01,28.01,28.01,28.01,100,2021-08-11 15:37:00,UVSP
28.035,28.035,28.035,28.035,100,2021-08-11 15:43:00,UVSP
27.99,27.99,27.98,27.98,200,2021-08-11 15:50:00,UVSP
28.0125,28.03,28.0125,28.03,200,2021-08-11 15:51:00,UVSP
27.96,27.96,27.96,27.96,100,2021-08-11 16:03:00,UVSP
27.93,27.93,27.93,27.93,100,2021-08-11 16:08:00,UVSP
27.92,27.92,27.92,27.92,100,2021-08-11 16:14:00,UVSP
27.965,27.965,27.965,27.965,100,2021-08-11 16:18:00,UVSP
27.93,27.93,27.93,27.93,200,2021-08-11 16:20:00,UVSP
27.91,27.91,27.91,27.91,100,2021-08-11 16:21:00,UVSP
27.86,27.86,27.86,27.86,100,2021-08-11 16:23:00,UVSP
27.95,27.95,27.95,27.95,100,2021-08-11 16:54:00,UVSP
27.88,27.88,27.88,27.88,100,2021-08-11 17:18:00,UVSP
27.89,27.89,27.89,27.89,200,2021-08-11 17:20:00,UVSP
27.86,27.86,27.86,27.86,100,2021-08-11 17:25:00,UVSP
27.891,27.891,27.891,27.891,100,2021-08-11 17:42:00,UVSP
27.95,27.95,27.95,27.95,100,2021-08-11 18:07:00,UVSP
27.94,27.95,27.94,27.95,300,2021-08-11 18:10:00,UVSP
27.98,28.0,27.98,28.0,400,2021-08-11 18:11:00,UVSP
27.92,27.92,27.92,27.92,100,2021-08-11 18:14:00,UVSP
27.98,27.98,27.98,27.98,100,2021-08-11 18:23:00,UVSP
27.94,27.94,27.91,27.91,1000,2021-08-11 18:24:00,UVSP
27.98,27.98,27.98,27.98,100,2021-08-11 18:26:00,UVSP
27.96,28.005,27.95,28.005,1000,2021-08-11 18:35:00,UVSP
27.95,27.95,27.95,27.95,100,2021-08-11 18:37:00,UVSP
27.95,27.95,27.95,27.95,100,2021-08-11 18:41:00,UVSP
27.98,27.98,27.98,27.98,100,2021-08-11 18:45:00,UVSP
28.02,28.02,28.02,28.02,100,2021-08-11 18:54:00,UVSP
28.0,28.0,28.0,28.0,200,2021-08-11 18:58:00,UVSP
28.06,28.06,28.06,28.06,500,2021-08-11 19:03:00,UVSP
28.03,28.03,28.025,28.025,500,2021-08-11 19:04:00,UVSP
27.99,27.99,27.99,27.99,100,2021-08-11 19:05:00,UVSP
28.04,28.06,28.04,28.06,500,2021-08-11 19:12:00,UVSP
28.0596,28.0596,28.0596,28.0596,100,2021-08-11 19:13:00,UVSP
28.04,28.04,28.025,28.025,300,2021-08-11 19:14:00,UVSP
28.05,28.06,28.05,28.06,400,2021-08-11 19:15:00,UVSP
28.06,28.06,28.06,28.06,100,2021-08-11 19:18:00,UVSP
28.06,28.06,28.06,28.06,100,2021-08-11 19:21:00,UVSP
28.06,28.06,28.06,28.06,948,2021-08-11 19:23:00,UVSP
28.05,28.05,28.05,28.05,300,2021-08-11 19:24:00,UVSP
28.06,28.06,28.06,28.06,100,2021-08-11 19:25:00,UVSP
28.06,28.06,28.06,28.06,400,2021-08-11 19:26:00,UVSP
28.06,28.06,28.06,28.06,700,2021-08-11 19:27:00,UVSP
28.06,28.06,28.06,28.06,200,2021-08-11 19:28:00,UVSP
28.05,28.05,28.05,28.05,100,2021-08-11 19:30:00,UVSP
28.06,28.06,28.03,28.03,200,2021-08-11 19:32:00,UVSP
28.045,28.045,28.045,28.045,700,2021-08-11 19:33:00,UVSP
28.06,28.06,28.05,28.05,500,2021-08-11 19:36:00,UVSP
28.06,28.06,28.05,28.05,200,2021-08-11 19:37:00,UVSP
28.06,28.06,28.06,28.06,2627,2021-08-11 19:40:00,UVSP
28.06,28.06,28.05,28.05,1180,2021-08-11 19:41:00,UVSP
28.06,28.06,28.06,28.06,300,2021-08-11 19:42:00,UVSP
28.06,28.06,28.05,28.05,1000,2021-08-11 19:43:00,UVSP
28.06,28.06,28.06,28.06,600,2021-08-11 19:45:00,UVSP
28.08,28.08,28.08,28.08,100,2021-08-11 19:46:00,UVSP
28.075,28.075,28.075,28.075,100,2021-08-11 19:47:00,UVSP
28.075,28.075,28.06,28.06,200,2021-08-11 19:48:00,UVSP
28.04,28.04,28.04,28.04,100,2021-08-11 19:50:00,UVSP
28.06,28.06,28.06,28.06,200,2021-08-11 19:51:00,UVSP
28.07,28.07,28.07,28.07,100,2021-08-11 19:52:00,UVSP
28.05,28.05,28.05,28.05,100,2021-08-11 19:53:00,UVSP
28.09,28.09,28.09,28.09,100,2021-08-11 19:56:00,UVSP
28.09,28.09,28.09,28.09,400,2021-08-11 19:57:00,UVSP
28.1,28.15,28.1,28.15,2621,2021-08-11 19:58:00,UVSP
28.14,28.2,28.14,28.2,1046,2021-08-11 19:59:00,UVSP
28.14,28.14,28.14,28.14,9502,2021-08-11 20:00:00,UVSP
28.15,28.15,27.91,27.91,650,2021-08-12 13:30:00,UVSP
28.4,28.4,28.4,28.4,100,2021-08-12 13:37:00,UVSP
27.0174,27.84,27.0174,27.84,3600,2021-08-12 13:40:00,UVSP
28.165,28.165,28.085,28.085,200,2021-08-12 13:46:00,UVSP
28.02,28.02,28.02,28.02,1000,2021-08-12 13:47:00,UVSP
28.02,28.02,28.02,28.02,3000,2021-08-12 13:49:00,UVSP
27.89,27.89,27.77,27.77,400,2021-08-12 14:19:00,UVSP
27.74,27.74,27.73,27.73,242,2021-08-12 14:31:00,UVSP
27.73,27.73,27.67,27.67,200,2021-08-12 14:38:00,UVSP
27.75,27.75,27.71,27.74,400,2021-08-12 14:39:00,UVSP
27.62,27.63,27.62,27.62,400,2021-08-12 14:53:00,UVSP
27.63,27.63,27.63,27.63,100,2021-08-12 14:54:00,UVSP
27.56,27.56,27.56,27.56,100,2021-08-12 15:07:00,UVSP
27.57,27.61,27.57,27.61,200,2021-08-12 15:08:00,UVSP
27.56,27.56,27.55,27.55,900,2021-08-12 15:09:00,UVSP
27.52,27.52,27.52,27.52,100,2021-08-12 15:11:00,UVSP
27.6,27.6,27.6,27.6,100,2021-08-12 15:12:00,UVSP
27.56,27.56,27.56,27.56,1371,2021-08-12 15:14:00,UVSP
27.57,27.58,27.51,27.51,800,2021-08-12 15:15:00,UVSP
27.51,27.51,27.51,27.51,100,2021-08-12 15:16:00,UVSP
27.67,27.67,27.67,27.67,100,2021-08-12 15:17:00,UVSP
27.55,27.6,27.54,27.54,3522,2021-08-12 15:19:00,UVSP
27.54,27.63,27.54,27.56,1414,2021-08-12 15:20:00,UVSP
27.57,27.64,27.57,27.57,300,2021-08-12 15:21:00,UVSP
27.57,27.57,27.53,27.53,500,2021-08-12 15:22:00,UVSP
27.55,27.65,27.55,27.58,1772,2021-08-12 15:24:00,UVSP
27.54,27.5652,27.54,27.55,300,2021-08-12 15:25:00,UVSP
27.56,27.56,27.56,27.56,100,2021-08-12 15:35:00,UVSP
27.53,27.64,27.53,27.64,400,2021-08-12 15:36:00,UVSP
27.65,27.65,27.56,27.56,891,2021-08-12 15:37:00,UVSP
27.66,27.7,27.54,27.54,400,2021-08-12 15:41:00,UVSP
27.68,27.68,27.68,27.68,100,2021-08-12 15:54:00,UVSP
27.69,27.69,27.69,27.69,100,2021-08-12 15:55:00,UVSP
27.56,27.61,27.54,27.54,1972,2021-08-12 15:57:00,UVSP
27.54,27.54,27.54,27.54,200,2021-08-12 15:58:00,UVSP
27.53,27.53,27.53,27.53,226,2021-08-12 16:00:00,UVSP
27.62,27.63,27.54,27.54,2030,2021-08-12 16:02:00,UVSP
27.52,27.52,27.52,27.52,100,2021-08-12 16:03:00,UVSP
27.53,27.6,27.49,27.49,700,2021-08-12 16:05:00,UVSP
27.5,27.63,27.5,27.63,400,2021-08-12 16:07:00,UVSP
27.68,27.68,27.53,27.53,2300,2021-08-12 16:08:00,UVSP
27.51,27.51,27.51,27.51,100,2021-08-12 16:09:00,UVSP
27.65,27.66,27.53,27.53,500,2021-08-12 16:10:00,UVSP
27.54,27.61,27.53,27.61,700,2021-08-12 16:11:00,UVSP
27.54,27.55,27.51,27.51,1700,2021-08-12 16:12:00,UVSP
27.52,27.52,27.52,27.52,100,2021-08-12 16:13:00,UVSP
27.53,27.53,27.53,27.53,100,2021-08-12 16:14:00,UVSP
27.56,27.58,27.53,27.53,500,2021-08-12 16:15:00,UVSP
27.52,27.52,27.52,27.52,100,2021-08-12 16:16:00,UVSP
27.61,27.61,27.61,27.61,100,2021-08-12 16:17:00,UVSP
27.52,27.63,27.52,27.63,600,2021-08-12 16:18:00,UVSP
27.64,27.64,27.53,27.55,1300,2021-08-12 16:19:00,UVSP
27.53,27.53,27.53,27.53,100,2021-08-12 16:21:00,UVSP
27.54,27.54,27.53,27.53,400,2021-08-12 16:23:00,UVSP
27.52,27.65,27.5,27.5,700,2021-08-12 16:24:00,UVSP
27.64,27.64,27.64,27.64,100,2021-08-12 16:25:00,UVSP
27.64,27.64,27.64,27.64,100,2021-08-12 16:32:00,UVSP
27.61,27.61,27.53,27.55,4331,2021-08-12 16:33:00,UVSP
27.57,27.57,27.53,27.53,400,2021-08-12 16:38:00,UVSP
27.63,27.63,27.63,27.63,100,2021-08-12 16:39:00,UVSP
27.67,27.68,27.67,27.68,200,2021-08-12 16:43:00,UVSP
27.58,27.58,27.58,27.58,119,2021-08-12 16:49:00,UVSP
27.69,27.69,27.69,27.69,200,2021-08-12 16:51:00,UVSP
27.6,27.6,27.59,27.59,200,2021-08-12 16:52:00,UVSP
27.69,27.69,27.69,27.69,100,2021-08-12 17:06:00,UVSP
27.69,27.69,27.67,27.67,400,2021-08-12 17:08:00,UVSP
27.69,27.69,27.69,27.69,100,2021-08-12 17:12:00,UVSP
27.64,27.64,27.64,27.64,100,2021-08-12 17:14:00,UVSP
27.699,27.699,27.699,27.699,154,2021-08-12 17:33:00,UVSP
27.73,27.73,27.73,27.73,100,2021-08-12 17:36:00,UVSP
27.69,27.69,27.69,27.69,100,2021-08-12 17:40:00,UVSP
27.65,27.7,27.65,27.69,500,2021-08-12 18:01:00,UVSP
27.74,27.74,27.73,27.73,300,2021-08-12 18:05:00,UVSP
27.71,27.71,27.71,27.71,100,2021-08-12 18:06:00,UVSP
27.73,27.73,27.73,27.73,300,2021-08-12 18:10:00,UVSP
27.77,27.81,27.77,27.81,200,2021-08-12 18:25:00,UVSP
27.825,27.86,27.825,27.86,400,2021-08-12 18:36:00,UVSP
27.86,27.88,27.86,27.88,200,2021-08-12 18:38:00,UVSP
27.91,27.91,27.91,27.91,200,2021-08-12 18:39:00,UVSP
27.82,27.82,27.82,27.82,100,2021-08-12 19:04:00,UVSP
27.85,27.85,27.85,27.85,200,2021-08-12 19:06:00,UVSP
27.85,27.85,27.85,27.85,100,2021-08-12 19:25:00,UVSP
27.86,27.86,27.86,27.86,113,2021-08-12 19:30:00,UVSP
27.86,27.86,27.86,27.86,100,2021-08-12 19:36:00,UVSP
27.86,27.86,27.86,27.86,100,2021-08-12 19:38:00,UVSP
27.87,27.87,27.87,27.87,100,2021-08-12 19:42:00,UVSP
27.87,27.87,27.86,27.86,300,2021-08-12 19:43:00,UVSP
27.865,27.865,27.865,27.865,100,2021-08-12 19:46:00,UVSP
27.88,27.88,27.88,27.88,100,2021-08-12 19:48:00,UVSP
27.93,27.93,27.93,27.93,100,2021-08-12 19:52:00,UVSP
27.91,27.91,27.87,27.89,1194,2021-08-12 19:53:00,UVSP
27.87,27.87,27.87,27.87,100,2021-08-12 19:54:00,UVSP
27.88,27.88,27.85,27.85,800,2021-08-12 19:56:00,UVSP
27.8,27.8,27.78,27.8,1130,2021-08-12 19:57:00,UVSP
27.8,27.82,27.78,27.78,700,2021-08-12 19:58:00,UVSP
27.78,27.83,27.76,27.83,2132,2021-08-12 19:59:00,UVSP
27.76,27.76,27.76,27.76,17062,2021-08-12 20:00:00,UVSP
27.78,27.78,27.78,27.78,109,2021-08-13 13:30:00,UVSP
27.74,27.74,27.74,27.74,900,2021-08-13 13:51:00,UVSP
27.7,27.7,27.7,27.7,100,2021-08-13 14:03:00,UVSP
27.7,27.7,27.7,27.7,100,2021-08-13 14:10:00,UVSP
27.64,27.64,27.64,27.64,200,2021-08-13 14:24:00,UVSP
27.61,27.61,27.61,27.61,135,2021-08-13 14:25:00,UVSP
27.6,27.6,27.6,27.6,600,2021-08-13 14:26:00,UVSP
27.6,27.6,27.6,27.6,100,2021-08-13 14:32:00,UVSP
27.59,27.59,27.59,27.59,100,2021-08-13 14:33:00,UVSP
27.64,27.64,27.64,27.64,200,2021-08-13 14:39:00,UVSP
27.6,27.6,27.6,27.6,400,2021-08-13 14:42:00,UVSP
27.58,27.58,27.58,27.58,100,2021-08-13 14:45:00,UVSP
27.62,27.62,27.62,27.62,170,2021-08-13 14:49:00,UVSP
27.58,27.58,27.58,27.58,100,2021-08-13 14:51:00,UVSP
27.58,27.58,27.58,27.58,100,2021-08-13 14:54:00,UVSP
27.62,27.62,27.62,27.62,100,2021-08-13 15:01:00,UVSP
27.68,27.68,27.67,27.67,200,2021-08-13 15:21:00,UVSP
27.63,27.63,27.63,27.63,100,2021-08-13 15:41:00,UVSP
27.65,27.65,27.65,27.65,100,2021-08-13 15:42:00,UVSP
27.66,27.66,27.66,27.66,200,2021-08-13 15:47:00,UVSP
27.68,27.68,27.68,27.68,100,2021-08-13 15:48:00,UVSP
27.66,27.66,27.65,27.65,200,2021-08-13 15:55:00,UVSP
27.655,27.655,27.655,27.655,107,2021-08-13 15:59:00,UVSP
27.705,27.705,27.705,27.705,748,2021-08-13 16:06:00,UVSP
27.68,27.68,27.68,27.68,200,2021-08-13 16:08:00,UVSP
27.66,27.66,27.66,27.66,100,2021-08-13 16:13:00,UVSP
27.65,27.653,27.65,27.653,205,2021-08-13 16:14:00,UVSP
27.62,27.62,27.62,27.62,100,2021-08-13 16:22:00,UVSP
27.57,27.57,27.54,27.54,600,2021-08-13 16:31:00,UVSP
27.52,27.52,27.52,27.52,100,2021-08-13 16:32:00,UVSP
27.55,27.55,27.52,27.52,200,2021-08-13 16:33:00,UVSP
27.48,27.48,27.48,27.48,100,2021-08-13 16:36:00,UVSP
27.59,27.6,27.58,27.58,400,2021-08-13 16:39:00,UVSP
27.6,27.6,27.6,27.6,100,2021-08-13 16:51:00,UVSP
27.55,27.55,27.55,27.55,100,2021-08-13 17:00:00,UVSP
27.54,27.54,27.54,27.54,100,2021-08-13 17:06:00,UVSP
27.55,27.55,27.54,27.54,200,2021-08-13 18:01:00,UVSP
27.52,27.52,27.52,27.52,100,2021-08-13 18:09:00,UVSP
27.51,27.51,27.51,27.51,100,2021-08-13 18:24:00,UVSP
27.5,27.5,27.49,27.49,280,2021-08-13 18:30:00,UVSP
27.47,27.47,27.47,27.47,100,2021-08-13 18:37:00,UVSP
27.42,27.42,27.42,27.42,429,2021-08-13 18:48:00,UVSP
27.38,27.38,27.38,27.38,100,2021-08-13 18:50:00,UVSP
27.48,27.48,27.46,27.46,500,2021-08-13 19:14:00,UVSP
27.54,27.54,27.54,27.54,100,2021-08-13 19:23:00,UVSP
27.5,27.5,27.5,27.5,200,2021-08-13 19:25:00,UVSP
27.475,27.475,27.475,27.475,137,2021-08-13 19:26:00,UVSP
27.44,27.44,27.44,27.44,200,2021-08-13 19:28:00,UVSP
27.43,27.43,27.42,27.42,300,2021-08-13 19:30:00,UVSP
27.45,27.465,27.45,27.465,200,2021-08-13 19:48:00,UVSP
27.43,27.43,27.43,27.43,100,2021-08-13 19:49:00,UVSP
27.42,27.42,27.41,27.41,300,2021-08-13 19:50:00,UVSP
27.44,27.45,27.41,27.42,700,2021-08-13 19:51:00,UVSP
27.38,27.4,27.33,27.35,1075,2021-08-13 19:54:00,UVSP
27.32,27.32,27.3,27.3,434,2021-08-13 19:55:00,UVSP
27.33,27.33,27.33,27.33,100,2021-08-13 19:56:00,UVSP
27.36,27.36,27.36,27.36,253,2021-08-13 19:57:00,UVSP
27.36,27.38,27.32,27.38,586,2021-08-13 19:58:00,UVSP
27.41,27.44,27.38,27.44,1452,2021-08-13 19:59:00,UVSP
27.42,27.42,27.42,27.42,18753,2021-08-13 20:00:00,UVSP
27.42,27.42,27.42,27.42,112,2021-08-13 20:01:00,UVSP
27.24,27.35,27.24,27.34,335,2021-08-16 13:30:00,UVSP
27.13,27.13,27.01,27.02,300,2021-08-16 13:35:00,UVSP
27.0,27.065,27.0,27.01,2500,2021-08-16 13:41:00,UVSP
27.11,27.11,27.11,27.11,100,2021-08-16 13:43:00,UVSP
27.08,27.08,27.08,27.08,100,2021-08-16 13:50:00,UVSP
27.04,27.04,27.04,27.04,200,2021-08-16 13:53:00,UVSP
27.16,27.22,27.16,27.22,300,2021-08-16 14:02:00,UVSP
27.34,27.34,27.34,27.34,100,2021-08-16 14:06:00,UVSP
27.49,27.56,27.49,27.56,200,2021-08-16 14:12:00,UVSP
27.57,27.57,27.57,27.57,100,2021-08-16 14:13:00,UVSP
27.48,27.48,27.46,27.46,200,2021-08-16 14:21:00,UVSP
27.38,27.38,27.38,27.38,173,2021-08-16 14:29:00,UVSP
27.48,27.48,27.48,27.48,100,2021-08-16 14:45:00,UVSP
27.5,27.54,27.46,27.49,1400,2021-08-16 15:11:00,UVSP
27.57,27.57,27.55,27.55,200,2021-08-16 15:23:00,UVSP
27.52,27.54,27.52,27.54,400,2021-08-16 15:41:00,UVSP
27.53,27.55,27.53,27.55,490,2021-08-16 15:43:00,UVSP
27.65,27.65,27.65,27.65,100,2021-08-16 15:48:00,UVSP
27.57,27.57,27.54,27.54,300,2021-08-16 15:49:00,UVSP
27.56,27.56,27.56,27.56,100,2021-08-16 15:55:00,UVSP
27.55,27.55,27.55,27.55,100,2021-08-16 16:04:00,UVSP
27.45,27.45,27.45,27.45,100,2021-08-16 16:08:00,UVSP
27.51,27.51,27.51,27.51,200,2021-08-16 16:22:00,UVSP
27.45,27.47,27.45,27.47,200,2021-08-16 16:43:00,UVSP
27.52,27.52,27.52,27.52,100,2021-08-16 16:50:00,UVSP
27.51,27.52,27.51,27.52,500,2021-08-16 16:51:00,UVSP
27.53,27.53,27.53,27.53,100,2021-08-16 16:57:00,UVSP
27.52,27.52,27.52,27.52,200,2021-08-16 17:00:00,UVSP
27.5,27.5,27.5,27.5,100,2021-08-16 17:11:00,UVSP
27.46,27.46,27.41,27.41,400,2021-08-16 17:21:00,UVSP
27.38,27.38,27.38,27.38,300,2021-08-16 17:33:00,UVSP
27.41,27.41,27.39,27.39,200,2021-08-16 18:02:00,UVSP
27.38,27.38,27.34,27.34,500,2021-08-16 18:19:00,UVSP
27.3,27.3,27.3,27.3,100,2021-08-16 18:22:00,UVSP
27.25,27.25,27.25,27.25,100,2021-08-16 18:26:00,UVSP
27.24,27.24,27.24,27.24,100,2021-08-16 18:30:00,UVSP
27.215,27.215,27.215,27.215,100,2021-08-16 18:38:00,UVSP
27.24,27.25,27.24,27.25,400,2021-08-16 18:42:00,UVSP
27.21,27.21,27.19,27.19,200,2021-08-16 18:44:00,UVSP
27.3,27.31,27.3,27.31,300,2021-08-16 18:50:00,UVSP
27.31,27.36,27.31,27.31,800,2021-08-16 18:51:00,UVSP
27.33,27.33,27.33,27.33,100,2021-08-16 18:55:00,UVSP
27.35,27.35,27.35,27.35,200,2021-08-16 19:07:00,UVSP
27.43,27.43,27.43,27.43,100,2021-08-16 19:20:00,UVSP
27.39,27.39,27.39,27.39,500,2021-08-16 19:23:00,UVSP
27.34,27.34,27.34,27.34,100,2021-08-16 19:33:00,UVSP
27.29,27.29,27.29,27.29,100,2021-08-16 19:37:00,UVSP
27.28,27.28,27.28,27.28,100,2021-08-16 19:42:00,UVSP
27.28,27.3,27.28,27.3,500,2021-08-16 19:46:00,UVSP
27.27,27.31,27.27,27.31,200,2021-08-16 19:48:00,UVSP
27.29,27.3,27.29,27.3,219,2021-08-16 19:55:00,UVSP
27.32,27.32,27.31,27.32,398,2021-08-16 19:57:00,UVSP
27.32,27.32,27.32,27.32,429,2021-08-16 19:58:00,UVSP
27.33,27.34,27.33,27.33,1000,2021-08-16 19:59:00,UVSP
27.32,27.32,27.32,27.32,12780,2021-08-16 20:00:00,UVSP
27.22,27.55,27.22,27.22,1048,2021-08-17 13:30:00,UVSP
27.16,27.445,27.02,27.445,2789,2021-08-17 13:32:00,UVSP
27.17,27.22,27.17,27.22,200,2021-08-17 13:34:00,UVSP
27.195,27.195,27.195,27.195,100,2021-08-17 13:36:00,UVSP
27.1905,27.2,27.1905,27.1905,400,2021-08-17 13:40:00,UVSP
27.12,27.16,27.12,27.16,400,2021-08-17 13:54:00,UVSP
27.06,27.06,27.06,27.06,100,2021-08-17 14:02:00,UVSP
27.2,27.2,27.18,27.18,300,2021-08-17 14:10:00,UVSP
27.28,27.28,27.28,27.28,1000,2021-08-17 14:11:00,UVSP
27.21,27.21,27.21,27.21,100,2021-08-17 14:25:00,UVSP
27.21,27.21,27.21,27.21,100,2021-08-17 14:32:00,UVSP
27.2,27.2,27.13,27.13,300,2021-08-17 14:39:00,UVSP
27.12,27.12,27.12,27.12,100,2021-08-17 14:52:00,UVSP
27.1095,27.1095,27.095,27.095,400,2021-08-17 14:57:00,UVSP
27.01,27.01,27.01,27.01,100,2021-08-17 14:58:00,UVSP
27.0,27.02,26.98,26.99,1778,2021-08-17 15:10:00,UVSP
27.02,27.02,27.02,27.02,100,2021-08-17 15:19:00,UVSP
27.02,27.02,27.02,27.02,1200,2021-08-17 15:21:00,UVSP
26.96,26.96,26.96,26.96,100,2021-08-17 15:24:00,UVSP
27.0,27.0,26.95,27.0,800,2021-08-17 15:25:00,UVSP
27.0,27.0,27.0,27.0,100,2021-08-17 15:26:00,UVSP
27.12,27.12,27.12,27.12,100,2021-08-17 15:33:00,UVSP
27.08,27.08,27.08,27.08,100,2021-08-17 15:34:00,UVSP
27.115,27.115,27.09,27.09,300,2021-08-17 15:55:00,UVSP
27.07,27.07,27.07,27.07,100,2021-08-17 16:02:00,UVSP
27.06,27.06,27.0,27.0,800,2021-08-17 16:09:00,UVSP
27.0,27.0,27.0,27.0,100,2021-08-17 16:14:00,UVSP
27.0,27.0,27.0,27.0,200,2021-08-17 16:17:00,UVSP
26.95,26.95,26.95,26.95,100,2021-08-17 16:30:00,UVSP
26.91,26.91,26.91,26.91,249,2021-08-17 16:35:00,UVSP
26.85,26.85,26.85,26.85,100,2021-08-17 16:41:00,UVSP
26.89,26.9,26.89,26.9,300,2021-08-17 16:43:00,UVSP
26.86,26.86,26.85,26.85,1043,2021-08-17 16:48:00,UVSP
26.88,26.89,26.87,26.87,500,2021-08-17 16:49:00,UVSP
26.87,26.87,26.87,26.87,100,2021-08-17 16:50:00,UVSP
26.85,26.87,26.85,26.87,515,2021-08-17 16:55:00,UVSP
26.85,26.85,26.85,26.85,400,2021-08-17 17:00:00,UVSP
26.86,26.87,26.86,26.86,400,2021-08-17 17:01:00,UVSP
26.93,26.93,26.93,26.93,100,2021-08-17 17:07:00,UVSP
26.93,26.93,26.93,26.93,100,2021-08-17 17:13:00,UVSP
26.94,26.94,26.94,26.94,100,2021-08-17 17:18:00,UVSP
26.975,26.975,26.975,26.975,100,2021-08-17 17:19:00,UVSP
26.91,26.91,26.91,26.91,100,2021-08-17 17:23:00,UVSP
27.0,27.0,27.0,27.0,100,2021-08-17 17:26:00,UVSP
26.97,26.97,26.945,26.945,400,2021-08-17 17:40:00,UVSP
26.9,26.9,26.9,26.9,100,2021-08-17 17:44:00,UVSP
26.99,26.99,26.98,26.98,200,2021-08-17 17:53:00,UVSP
26.9,26.9,26.9,26.9,100,2021-08-17 18:01:00,UVSP
26.99,26.99,26.99,26.99,100,2021-08-17 18:11:00,UVSP
27.02,27.02,27.02,27.02,100,2021-08-17 18:19:00,UVSP
27.02,27.02,27.02,27.02,100,2021-08-17 18:21:00,UVSP
26.95,27.01,26.95,27.01,200,2021-08-17 18:25:00,UVSP
26.92,26.92,26.92,26.92,100,2021-08-17 18:29:00,UVSP
26.84,26.84,26.84,26.84,100,2021-08-17 18:30:00,UVSP
26.85,26.85,26.85,26.85,100,2021-08-17 18:38:00,UVSP
26.85,26.85,26.85,26.85,100,2021-08-17 18:43:00,UVSP
27.0,27.0,27.0,27.0,200,2021-08-17 18:54:00,UVSP
27.06,27.06,27.06,27.06,100,2021-08-17 19:05:00,UVSP
27.14,27.14,27.14,27.14,100,2021-08-17 19:09:00,UVSP
27.08,27.08,27.08,27.08,100,2021-08-17 19:16:00,UVSP
27.09,27.13,27.09,27.13,200,2021-08-17 19:19:00,UVSP
27.01,27.01,27.01,27.01,100,2021-08-17 19:27:00,UVSP
27.05,27.05,27.05,27.05,200,2021-08-17 19:33:00,UVSP
27.08,27.08,27.08,27.08,100,2021-08-17 19:35:00,UVSP
27.06,27.06,27.06,27.06,100,2021-08-17 19:37:00,UVSP
27.025,27.025,27.025,27.025,100,2021-08-17 19:40:00,UVSP
27.02,27.03,26.99,26.99,400,2021-08-17 19:43:00,UVSP
26.975,27.0,26.975,27.0,300,2021-08-17 19:44:00,UVSP
26.98,26.98,26.98,26.98,100,2021-08-17 19:45:00,UVSP
27.04,27.04,27.04,27.04,100,2021-08-17 19:46:00,UVSP
27.02,27.02,26.94,26.94,200,2021-08-17 19:47:00,UVSP
26.995,26.995,26.995,26.995,200,2021-08-17 19:48:00,UVSP
26.99,27.07,26.99,27.065,700,2021-08-17 19:50:00,UVSP
27.065,27.065,27.065,27.065,100,2021-08-17 19:51:00,UVSP
27.07,27.07,27.05,27.05,500,2021-08-17 19:53:00,UVSP
27.03,27.03,27.025,27.025,300,2021-08-17 19:54:00,UVSP
27.02,27.06,27.02,27.06,500,2021-08-17 19:55:00,UVSP
27.07,27.07,27.07,27.07,100,2021-08-17 19:56:00,UVSP
27.065,27.065,27.05,27.05,300,2021-08-17 19:57:00,UVSP
27.04,27.045,27.04,27.045,400,2021-08-17 19:58:00,UVSP
27.02,27.02,27.0,27.02,1726,2021-08-17 19:59:00,UVSP
27.0,27.0,27.0,27.0,9569,2021-08-17 20:00:00,UVSP
27.0,27.0,27.0,27.0,2380,2021-08-17 20:01:00,UVSP
27.0,27.18,27.0,27.18,693,2021-08-18 13:30:00,UVSP
27.01,27.1875,26.98,26.98,5900,2021-08-18 13:32:00,UVSP
27.0,27.0,27.0,27.0,100,2021-08-18 13:48:00,UVSP
27.01,27.01,27.01,27.01,100,2021-08-18 13:50:00,UVSP
27.0,27.0,27.0,27.0,100,2021-08-18 13:51:00,UVSP
27.06,27.06,27.06,27.06,300,2021-08-18 13:55:00,UVSP
27.22,27.22,27.22,27.22,100,2021-08-18 14:06:00,UVSP
27.12,27.12,27.12,27.12,100,2021-08-18 14:07:00,UVSP
27.1015,27.24,27.1015,27.24,1100,2021-08-18 14:17:00,UVSP
27.28,27.29,27.28,27.29,200,2021-08-18 14:28:00,UVSP
27.29,27.33,27.29,27.33,200,2021-08-18 14:33:00,UVSP
27.34,27.34,27.34,27.34,100,2021-08-18 14:34:00,UVSP
27.35,27.35,27.35,27.35,300,2021-08-18 14:36:00,UVSP
27.4025,27.4025,27.4025,27.4025,100,2021-08-18 14:37:00,UVSP
27.35,27.35,27.35,27.35,100,2021-08-18 14:38:00,UVSP
27.395,27.395,27.395,27.395,100,2021-08-18 14:46:00,UVSP
27.395,27.395,27.395,27.395,100,2021-08-18 14:49:00,UVSP
27.34,27.34,27.34,27.34,100,2021-08-18 14:53:00,UVSP
27.3,27.3,27.3,27.3,200,2021-08-18 14:54:00,UVSP
27.34,27.34,27.34,27.34,100,2021-08-18 15:40:00,UVSP
27.28,27.28,27.28,27.28,100,2021-08-18 15:50:00,UVSP
27.435,27.435,27.435,27.435,100,2021-08-18 16:06:00,UVSP
27.15,27.17,27.15,27.17,200,2021-08-18 16:24:00,UVSP
27.24,27.24,27.24,27.24,100,2021-08-18 16:34:00,UVSP
27.27,27.31,27.27,27.31,400,2021-08-18 16:44:00,UVSP
27.33,27.33,27.33,27.33,100,2021-08-18 17:11:00,UVSP
27.38,27.38,27.38,27.38,100,2021-08-18 17:23:00,UVSP
27.35,27.35,27.35,27.35,100,2021-08-18 17:25:00,UVSP
27.3368,27.3368,27.3368,27.3368,217,2021-08-18 17:30:00,UVSP
27.345,27.345,27.345,27.345,100,2021-08-18 17:35:00,UVSP
27.38,27.39,27.38,27.39,200,2021-08-18 18:05:00,UVSP
27.32,27.32,27.32,27.32,100,2021-08-18 18:06:00,UVSP
27.36,27.36,27.36,27.36,100,2021-08-18 18:09:00,UVSP
27.3,27.3,27.3,27.3,400,2021-08-18 18:12:00,UVSP
27.25,27.25,27.25,27.25,100,2021-08-18 18:13:00,UVSP
27.16,27.16,27.16,27.16,100,2021-08-18 18:21:00,UVSP
27.28,27.28,27.28,27.28,100,2021-08-18 18:24:00,UVSP
27.2,27.2,27.2,27.2,100,2021-08-18 18:25:00,UVSP
27.28,27.28,27.28,27.28,200,2021-08-18 18:27:00,UVSP
27.34,27.34,27.34,27.34,173,2021-08-18 18:31:00,UVSP
27.41,27.41,27.41,27.41,100,2021-08-18 18:32:00,UVSP
27.34,27.34,27.34,27.34,100,2021-08-18 18:33:00,UVSP
27.45,27.45,27.45,27.45,100,2021-08-18 18:34:00,UVSP
27.35,27.35,27.35,27.35,100,2021-08-18 18:35:00,UVSP
27.45,27.45,27.45,27.45,100,2021-08-18 18:36:00,UVSP
27.43,27.43,27.43,27.43,100,2021-08-18 18:39:00,UVSP
27.45,27.45,27.45,27.45,200,2021-08-18 18:44:00,UVSP
27.34,27.34,27.34,27.34,100,2021-08-18 18:54:00,UVSP
27.29,27.29,27.29,27.29,200,2021-08-18 19:00:00,UVSP
27.28,27.28,27.28,27.28,100,2021-08-18 19:07:00,UVSP
27.27,27.27,27.27,27.27,100,2021-08-18 19:09:00,UVSP
27.24,27.26,27.24,27.26,300,2021-08-18 19:18:00,UVSP
27.27,27.27,27.27,27.27,100,2021-08-18 19:20:00,UVSP
27.24,27.24,27.21,27.21,200,2021-08-18 19:22:00,UVSP
27.21,27.21,27.21,27.21,200,2021-08-18 19:23:00,UVSP
27.03,27.03,27.03,27.03,100,2021-08-18 19:29:00,UVSP
27.04,27.07,27.02,27.07,500,2021-08-18 19:31:00,UVSP
27.02,27.04,27.02,27.04,300,2021-08-18 19:36:00,UVSP
27.035,27.035,27.035,27.035,100,2021-08-18 19:37:00,UVSP
27.08,27.08,27.08,27.08,169,2021-08-18 19:40:00,UVSP
27.12,27.12,27.12,27.12,100,2021-08-18 19:43:00,UVSP
27.07,27.07,27.04,27.04,300,2021-08-18 19:45:00,UVSP
27.06,27.06,27.025,27.025,200,2021-08-18 19:46:00,UVSP
27.0,27.0,27.0,27.0,200,2021-08-18 19:47:00,UVSP
26.99,26.99,26.99,26.99,100,2021-08-18 19:49:00,UVSP
26.98,26.995,26.95,26.995,900,2021-08-18 19:50:00,UVSP
27.0,27.02,27.0,27.0,1500,2021-08-18 19:52:00,UVSP
27.0,27.0,27.0,27.0,700,2021-08-18 19:53:00,UVSP
27.0,27.0,27.0,27.0,200,2021-08-18 19:54:00,UVSP
27.0,27.0,26.95,27.0,5613,2021-08-18 19:55:00,UVSP
27.0,27.01,27.0,27.0,1035,2021-08-18 19:56:00,UVSP
27.005,27.005,27.0,27.0,700,2021-08-18 19:57:00,UVSP
27.005,27.005,27.005,27.005,200,2021-08-18 19:58:00,UVSP
26.95,26.975,26.95,26.975,512,2021-08-18 19:59:00,UVSP
26.95,26.95,26.95,26.95,6905,2021-08-18 20:00:00,UVSP
26.95,26.95,26.95,26.95,462,2021-08-18 20:01:00,UVSP
26.77,26.77,26.77,26.77,1269,2021-08-19 13:30:00,UVSP
27.025,27.025,26.65,26.65,300,2021-08-19 13:39:00,UVSP
26.965,27.0194,26.965,27.0194,200,2021-08-19 13:46:00,UVSP
26.94,26.94,26.94,26.94,100,2021-08-19 13:49:00,UVSP
27.0,27.0,27.0,27.0,100,2021-08-19 13:50:00,UVSP
27.0,27.0,27.0,27.0,100,2021-08-19 13:57:00,UVSP
26.96,26.96,26.95,26.95,200,2021-08-19 14:00:00,UVSP
26.91,26.91,26.91,26.91,100,2021-08-19 14:08:00,UVSP
26.94,26.9495,26.94,26.94,300,2021-08-19 14:14:00,UVSP
26.97,26.97,26.97,26.97,100,2021-08-19 14:18:00,UVSP
26.91,26.91,26.91,26.91,100,2021-08-19 14:19:00,UVSP
26.9,26.9,26.9,26.9,100,2021-08-19 14:22:00,UVSP
26.85,26.85,26.85,26.85,100,2021-08-19 14:30:00,UVSP
26.73,26.73,26.73,26.73,399,2021-08-19 14:38:00,UVSP
26.7,26.7,26.7,26.7,100,2021-08-19 14:45:00,UVSP
26.62,26.62,26.62,26.62,100,2021-08-19 14:49:00,UVSP
26.71,26.86,26.71,26.86,300,2021-08-19 14:57:00,UVSP
26.76,26.76,26.76,26.76,100,2021-08-19 15:00:00,UVSP
26.74,26.74,26.65,26.65,200,2021-08-19 15:01:00,UVSP
26.74,26.74,26.74,26.74,100,2021-08-19 15:03:00,UVSP
26.79,26.79,26.79,26.79,200,2021-08-19 15:04:00,UVSP
26.64,26.64,26.64,26.64,100,2021-08-19 15:13:00,UVSP
26.59,26.59,26.53,26.53,200,2021-08-19 15:17:00,UVSP
26.43,26.43,26.43,26.43,100,2021-08-19 15:39:00,UVSP
26.56,26.56,26.56,26.56,100,2021-08-19 15:41:00,UVSP
26.58,26.58,26.58,26.58,100,2021-08-19 15:44:00,UVSP
26.58,26.58,26.58,26.58,100,2021-08-19 15:45:00,UVSP
26.73,26.81,26.705,26.71,700,2021-08-19 15:46:00,UVSP
26.75,26.79,26.75,26.79,350,2021-08-19 15:50:00,UVSP
26.69,26.69,26.69,26.69,100,2021-08-19 15:55:00,UVSP
26.66,26.66,26.66,26.66,100,2021-08-19 16:09:00,UVSP
26.7,26.7,26.7,26.7,200,2021-08-19 16:10:00,UVSP
26.76,26.77,26.76,26.76,400,2021-08-19 16:26:00,UVSP
26.76,26.76,26.76,26.76,100,2021-08-19 16:28:00,UVSP
26.68,26.72,26.68,26.72,300,2021-08-19 16:31:00,UVSP
26.72,26.72,26.71,26.71,300,2021-08-19 16:38:00,UVSP
26.81,26.84,26.81,26.84,300,2021-08-19 16:41:00,UVSP
26.78,26.78,26.78,26.78,100,2021-08-19 16:43:00,UVSP
26.83,26.83,26.83,26.83,100,2021-08-19 16:59:00,UVSP
26.75,26.75,26.69,26.69,200,2021-08-19 17:05:00,UVSP
26.7,26.7,26.7,26.7,100,2021-08-19 17:15:00,UVSP
26.72,26.72,26.72,26.72,100,2021-08-19 17:16:00,UVSP
26.68,26.68,26.68,26.68,215,2021-08-19 17:27:00,UVSP
26.51,26.51,26.51,26.51,100,2021-08-19 17:36:00,UVSP
26.6,26.6,26.6,26.6,100,2021-08-19 17:39:00,UVSP
26.57,26.57,26.57,26.57,100,2021-08-19 17:40:00,UVSP
26.62,26.62,26.62,26.62,100,2021-08-19 17:45:00,UVSP
26.56,26.56,26.56,26.56,100,2021-08-19 17:55:00,UVSP
26.55,26.55,26.55,26.55,100,2021-08-19 18:00:00,UVSP
26.56,26.57,26.56,26.57,300,2021-08-19 18:01:00,UVSP
26.52,26.52,26.52,26.52,200,2021-08-19 18:08:00,UVSP
26.55,26.55,26.55,26.55,100,2021-08-19 18:14:00,UVSP
26.58,26.58,26.58,26.58,100,2021-08-19 18:18:00,UVSP
26.6,26.63,26.6,26.63,200,2021-08-19 18:29:00,UVSP
26.55,26.62,26.55,26.62,500,2021-08-19 18:30:00,UVSP
26.58,26.58,26.58,26.58,100,2021-08-19 18:31:00,UVSP
26.66,26.66,26.6506,26.6506,200,2021-08-19 18:37:00,UVSP
26.67,26.67,26.67,26.67,100,2021-08-19 18:40:00,UVSP
26.63,26.635,26.63,26.635,400,2021-08-19 18:50:00,UVSP
26.72,26.74,26.72,26.74,300,2021-08-19 18:53:00,UVSP
26.77,26.78,26.77,26.78,300,2021-08-19 19:01:00,UVSP
26.79,26.79,26.79,26.79,100,2021-08-19 19:23:00,UVSP
26.8,26.84,26.8,26.8,400,2021-08-19 19:31:00,UVSP
26.81,26.81,26.81,26.81,100,2021-08-19 19:33:00,UVSP
26.835,26.835,26.835,26.835,200,2021-08-19 19:34:00,UVSP
26.8,26.8,26.8,26.8,100,2021-08-19 19:37:00,UVSP
26.78,26.78,26.78,26.78,200,2021-08-19 19:38:00,UVSP
26.77,26.77,26.75,26.77,500,2021-08-19 19:39:00,UVSP
26.75,26.75,26.75,26.75,100,2021-08-19 19:40:00,UVSP
26.72,26.72,26.69,26.69,600,2021-08-19 19:41:00,UVSP
26.71,26.71,26.71,26.71,100,2021-08-19 19:42:00,UVSP
26.76,26.78,26.76,26.78,300,2021-08-19 19:44:00,UVSP
26.77,26.77,26.75,26.75,200,2021-08-19 19:45:00,UVSP
26.72,26.72,26.72,26.72,100,2021-08-19 19:49:00,UVSP
26.77,26.77,26.77,26.77,100,2021-08-19 19:50:00,UVSP
26.79,26.79,26.79,26.79,311,2021-08-19 19:52:00,UVSP
26.75,26.75,26.75,26.75,100,2021-08-19 19:53:00,UVSP
26.79,26.815,26.79,26.815,500,2021-08-19 19:55:00,UVSP
26.825,26.825,26.77,26.77,200,2021-08-19 19:58:00,UVSP
26.76,26.79,26.72,26.73,958,2021-08-19 19:59:00,UVSP
26.8,26.8,26.8,26.8,19887,2021-08-19 20:00:00,UVSP
26.9,26.9,26.9,26.9,100,2021-08-20 13:29:00,UVSP
26.92,26.92,26.89,26.89,4612,2021-08-20 13:30:00,UVSP
26.965,26.965,26.965,26.965,100,2021-08-20 13:33:00,UVSP
26.935,26.935,26.935,26.935,100,2021-08-20 13:36:00,UVSP
27.245,27.245,27.245,27.245,200,2021-08-20 13:37:00,UVSP
26.895,26.895,26.895,26.895,100,2021-08-20 13:52:00,UVSP
27.1,27.1,27.06,27.06,200,2021-08-20 13:54:00,UVSP
27.02,27.02,27.02,27.02,100,2021-08-20 13:57:00,UVSP
26.865,26.865,26.865,26.865,100,2021-08-20 14:00:00,UVSP
26.885,26.885,26.885,26.885,100,2021-08-20 14:06:00,UVSP
27.02,27.02,27.02,27.02,100,2021-08-20 14:24:00,UVSP
26.925,26.925,26.925,26.925,100,2021-08-20 14:25:00,UVSP
27.01,27.01,27.01,27.01,100,2021-08-20 14:28:00,UVSP
27.01,27.01,27.01,27.01,100,2021-08-20 14:29:00,UVSP
27.01,27.01,26.94,26.97,500,2021-08-20 14:32:00,UVSP
27.03,27.03,27.03,27.03,100,2021-08-20 14:42:00,UVSP
26.94,26.94,26.94,26.94,100,2021-08-20 14:44:00,UVSP
26.91,26.935,26.865,26.865,500,2021-08-20 14:46:00,UVSP
26.81,26.81,26.81,26.81,100,2021-08-20 14:47:00,UVSP
26.86,26.86,26.86,26.86,100,2021-08-20 14:54:00,UVSP
26.805,26.805,26.805,26.805,100,2021-08-20 14:57:00,UVSP
26.83,26.83,26.83,26.83,100,2021-08-20 15:00:00,UVSP
26.84,26.84,26.84,26.84,100,2021-08-20 15:01:00,UVSP
26.84,26.84,26.84,26.84,100,2021-08-20 15:03:00,UVSP
26.855,26.94,26.855,26.94,391,2021-08-20 15:04:00,UVSP
26.96,26.96,26.94,26.94,200,2021-08-20 15:12:00,UVSP
26.97,26.97,26.97,26.97,100,2021-08-20 15:20:00,UVSP
27.08,27.08,27.08,27.08,100,2021-08-20 15:28:00,UVSP
27.2,27.2,27.2,27.2,100,2021-08-20 15:46:00,UVSP
27.08,27.08,27.06,27.06,381,2021-08-20 15:51:00,UVSP
27.11,27.11,27.11,27.11,300,2021-08-20 16:00:00,UVSP
27.14,27.14,27.14,27.14,100,2021-08-20 16:26:00,UVSP
27.09,27.14,27.09,27.14,200,2021-08-20 16:29:00,UVSP
27.24,27.25,27.24,27.24,500,2021-08-20 16:36:00,UVSP
27.31,27.31,27.31,27.31,100,2021-08-20 16:38:00,UVSP
27.26,27.28,27.25,27.27,800,2021-08-20 16:43:00,UVSP
27.26,27.26,27.26,27.26,100,2021-08-20 16:44:00,UVSP
27.3,27.34,27.3,27.34,800,2021-08-20 16:49:00,UVSP
27.31,27.31,27.31,27.31,300,2021-08-20 16:50:00,UVSP
27.24,27.24,27.24,27.24,100,2021-08-20 16:52:00,UVSP
27.23,27.23,27.23,27.23,300,2021-08-20 16:57:00,UVSP
27.22,27.22,27.22,27.22,100,2021-08-20 17:01:00,UVSP
27.23,27.28,27.23,27.23,1200,2021-08-20 17:06:00,UVSP
27.28,27.28,27.28,27.28,100,2021-08-20 17:17:00,UVSP
27.28,27.28,27.28,27.28,800,2021-08-20 17:21:00,UVSP
27.25,27.26,27.25,27.26,307,2021-08-20 17:29:00,UVSP
27.22,27.22,27.22,27.22,100,2021-08-20 17:30:00,UVSP
27.17,27.17,27.17,27.17,100,2021-08-20 17:37:00,UVSP
27.14,27.14,27.13,27.13,200,2021-08-20 17:40:00,UVSP
27.09,27.09,27.09,27.09,100,2021-08-20 17:42:00,UVSP
27.125,27.125,27.125,27.125,100,2021-08-20 17:50:00,UVSP
27.125,27.125,27.125,27.125,200,2021-08-20 17:52:00,UVSP
27.21,27.22,27.21,27.22,400,2021-08-20 18:04:00,UVSP
27.22,27.22,27.22,27.22,300,2021-08-20 18:07:00,UVSP
27.21,27.21,27.21,27.21,100,2021-08-20 18:10:00,UVSP
27.24,27.24,27.24,27.24,100,2021-08-20 18:11:00,UVSP
27.23,27.23,27.23,27.23,100,2021-08-20 18:12:00,UVSP
27.24,27.28,27.24,27.28,600,2021-08-20 18:13:00,UVSP
27.22,27.22,27.22,27.22,100,2021-08-20 18:18:00,UVSP
27.22,27.22,27.22,27.22,200,2021-08-20 18:19:00,UVSP
27.22,27.22,27.22,27.22,200,2021-08-20 18:21:00,UVSP
27.23,27.23,27.23,27.23,200,2021-08-20 18:23:00,UVSP
27.16,27.16,27.16,27.16,100,2021-08-20 18:24:00,UVSP
27.23,27.23,27.12,27.12,300,2021-08-20 18:32:00,UVSP
27.18,27.18,27.18,27.18,100,2021-08-20 18:33:00,UVSP
27.09,27.09,27.09,27.09,100,2021-08-20 18:50:00,UVSP
27.1,27.145,27.1,27.145,200,2021-08-20 18:55:00,UVSP
27.1,27.15,27.1,27.13,500,2021-08-20 19:01:00,UVSP
27.1,27.14,27.1,27.14,200,2021-08-20 19:04:00,UVSP
27.135,27.135,27.09,27.09,200,2021-08-20 19:11:00,UVSP
27.13,27.13,27.13,27.13,200,2021-08-20 19:23:00,UVSP
27.13,27.16,27.13,27.15,700,2021-08-20 19:25:00,UVSP
27.17,27.17,27.15,27.15,300,2021-08-20 19:26:00,UVSP
27.14,27.14,27.14,27.14,100,2021-08-20 19:34:00,UVSP
27.13,27.14,27.13,27.14,337,2021-08-20 19:42:00,UVSP
27.14,27.14,27.12,27.12,200,2021-08-20 19:43:00,UVSP
27.13,27.14,27.12,27.12,1000,2021-08-20 19:44:00,UVSP
27.16,27.16,27.14,27.15,800,2021-08-20 19:45:00,UVSP
27.14,27.15,27.14,27.14,500,2021-08-20 19:46:00,UVSP
27.09,27.09,27.09,27.09,100,2021-08-20 19:47:00,UVSP
27.13,27.13,27.13,27.13,100,2021-08-20 19:49:00,UVSP
27.13,27.13,27.13,27.13,100,2021-08-20 19:51:00,UVSP
27.15,27.15,27.15,27.15,100,2021-08-20 19:53:00,UVSP
27.155,27.155,27.155,27.155,100,2021-08-20 19:54:00,UVSP
27.15,27.15,27.15,27.15,100,2021-08-20 19:55:00,UVSP
27.17,27.17,27.17,27.17,100,2021-08-20 19:56:00,UVSP
27.22,27.22,27.2,27.2,600,2021-08-20 19:57:00,UVSP
27.215,27.215,27.16,27.16,400,2021-08-20 19:58:00,UVSP
27.21,27.23,27.15,27.23,800,2021-08-20 19:59:00,UVSP
27.24,27.24,27.24,27.24,48267,2021-08-20 20:00:00,UVSP
27.24,27.24,27.24,27.24,2330,2021-08-20 20:01:00,UVSP
