open,high,low,close,volume,datetime,symbol
1.06,1.06,1.04,1.04,7302,2021-05-10 13:30:00,ARPO
1.05,1.07,1.04,1.04,3400,2021-05-10 13:33:00,ARPO
1.04,1.04,1.04,1.04,1250,2021-05-10 13:36:00,ARPO
1.0442,1.0699,1.0442,1.0699,4900,2021-05-10 13:38:00,ARPO
1.0664,1.0664,1.0664,1.0664,680,2021-05-10 13:39:00,ARPO
1.06,1.06,1.05,1.05,799,2021-05-10 13:40:00,ARPO
1.04,1.04,1.04,1.04,13917,2021-05-10 13:41:00,ARPO
1.039,1.039,1.039,1.039,5000,2021-05-10 13:43:00,ARPO
1.03,1.07,1.02,1.07,57178,2021-05-10 13:44:00,ARPO
1.0699,1.0699,1.0699,1.0699,5315,2021-05-10 13:45:00,ARPO
1.0683,1.0683,1.0683,1.0683,725,2021-05-10 13:46:00,ARPO
1.0425,1.0425,1.0425,1.0425,400,2021-05-10 13:51:00,ARPO
1.0433,1.0433,1.0433,1.0433,100,2021-05-10 13:53:00,ARPO
1.04,1.04,1.04,1.04,3200,2021-05-10 13:55:00,ARPO
1.04,1.05,1.04,1.045,13200,2021-05-10 13:56:00,ARPO
1.0407,1.0407,1.04,1.04,321,2021-05-10 13:57:00,ARPO
1.0489,1.0489,1.04,1.04,600,2021-05-10 14:02:00,ARPO
1.0401,1.0401,1.04,1.04,250,2021-05-10 14:04:00,ARPO
1.045,1.045,1.04,1.04,780,2021-05-10 14:08:00,ARPO
1.0415,1.0415,1.04,1.04,300,2021-05-10 14:09:00,ARPO
1.045,1.045,1.045,1.045,100,2021-05-10 14:11:00,ARPO
1.0401,1.043,1.03,1.03,4655,2021-05-10 14:14:00,ARPO
1.04,1.04,1.04,1.04,300,2021-05-10 14:17:00,ARPO
1.0467,1.0467,1.03,1.03,1455,2021-05-10 14:18:00,ARPO
1.0316,1.0316,1.03,1.03,1440,2021-05-10 14:19:00,ARPO
1.03,1.0499,1.03,1.03,1427,2021-05-10 14:25:00,ARPO
1.0499,1.0499,1.03,1.03,600,2021-05-10 14:26:00,ARPO
1.05,1.05,1.03,1.0318,13616,2021-05-10 14:27:00,ARPO
1.03,1.035,1.02,1.02,12623,2021-05-10 14:28:00,ARPO
1.03,1.03,1.02,1.02,3400,2021-05-10 14:30:00,ARPO
1.02,1.0268,1.02,1.0268,550,2021-05-10 14:31:00,ARPO
1.0207,1.025,1.02,1.025,1350,2021-05-10 14:33:00,ARPO
1.03,1.03,1.02,1.025,15500,2021-05-10 14:34:00,ARPO
1.02,1.025,1.01,1.02,16519,2021-05-10 14:35:00,ARPO
1.0292,1.0292,1.0292,1.0292,500,2021-05-10 14:40:00,ARPO
1.03,1.03,1.03,1.03,2000,2021-05-10 14:41:00,ARPO
1.0216,1.025,1.0216,1.025,350,2021-05-10 14:42:00,ARPO
1.0216,1.0216,1.0216,1.0216,100,2021-05-10 14:43:00,ARPO
1.025,1.025,1.0215,1.0216,400,2021-05-10 14:44:00,ARPO
1.025,1.025,1.0243,1.0243,200,2021-05-10 14:45:00,ARPO
1.0216,1.0216,1.0216,1.0216,100,2021-05-10 14:46:00,ARPO
1.021,1.021,1.021,1.021,500,2021-05-10 14:47:00,ARPO
1.0201,1.0201,1.02,1.02,415,2021-05-10 14:48:00,ARPO
1.025,1.0283,1.0214,1.0214,600,2021-05-10 14:49:00,ARPO
1.02,1.02,1.02,1.02,2735,2021-05-10 14:55:00,ARPO
1.0205,1.0205,1.02,1.02,2700,2021-05-10 15:01:00,ARPO
1.0217,1.03,1.0217,1.03,620,2021-05-10 15:02:00,ARPO
1.0218,1.0218,1.02,1.02,200,2021-05-10 15:03:00,ARPO
1.025,1.03,1.02,1.02,6832,2021-05-10 15:07:00,ARPO
1.025,1.025,1.025,1.025,100,2021-05-10 15:11:00,ARPO
1.0206,1.0206,1.02,1.02,810,2021-05-10 15:12:00,ARPO
1.0217,1.0217,1.0217,1.0217,100,2021-05-10 15:15:00,ARPO
1.0299,1.0299,1.02,1.0282,360,2021-05-10 15:20:00,ARPO
1.0201,1.025,1.02,1.025,750,2021-05-10 15:22:00,ARPO
1.025,1.025,1.025,1.025,100,2021-05-10 15:25:00,ARPO
1.0201,1.0201,1.02,1.02,1800,2021-05-10 15:26:00,ARPO
1.0201,1.0201,1.0201,1.0201,100,2021-05-10 15:27:00,ARPO
1.03,1.03,1.02,1.025,13100,2021-05-10 15:33:00,ARPO
1.025,1.025,1.025,1.025,100,2021-05-10 15:35:00,ARPO
1.02,1.025,1.02,1.025,450,2021-05-10 15:39:00,ARPO
1.0213,1.0213,1.0213,1.0213,100,2021-05-10 15:41:00,ARPO
1.025,1.0273,1.025,1.0273,500,2021-05-10 15:44:00,ARPO
1.025,1.03,1.025,1.03,3155,2021-05-10 15:45:00,ARPO
1.0307,1.0307,1.0307,1.0307,100,2021-05-10 15:46:00,ARPO
1.04,1.04,1.03,1.0307,13546,2021-05-10 15:47:00,ARPO
1.0332,1.0332,1.03,1.03,200,2021-05-10 15:48:00,ARPO
1.035,1.0399,1.03,1.0317,13192,2021-05-10 15:49:00,ARPO
1.035,1.035,1.035,1.035,600,2021-05-10 15:50:00,ARPO
1.0317,1.035,1.0317,1.035,300,2021-05-10 15:51:00,ARPO
1.0318,1.0399,1.0317,1.0317,400,2021-05-10 15:52:00,ARPO
1.0317,1.0317,1.0317,1.0317,100,2021-05-10 15:53:00,ARPO
1.0345,1.035,1.03,1.035,900,2021-05-10 15:54:00,ARPO
1.035,1.035,1.0317,1.0317,300,2021-05-10 15:55:00,ARPO
1.035,1.035,1.035,1.035,200,2021-05-10 15:56:00,ARPO
1.0399,1.0399,1.0399,1.0399,250,2021-05-10 15:57:00,ARPO
1.035,1.035,1.035,1.035,197,2021-05-10 15:59:00,ARPO
1.0348,1.0348,1.0318,1.0318,200,2021-05-10 16:01:00,ARPO
1.0348,1.0348,1.0348,1.0348,100,2021-05-10 16:02:00,ARPO
1.03,1.03,1.03,1.03,2162,2021-05-10 16:04:00,ARPO
1.035,1.035,1.0338,1.0338,200,2021-05-10 16:05:00,ARPO
1.0399,1.0399,1.0399,1.0399,1000,2021-05-10 16:08:00,ARPO
1.0319,1.0319,1.0319,1.0319,100,2021-05-10 16:12:00,ARPO
1.033,1.033,1.033,1.033,100,2021-05-10 16:16:00,ARPO
1.035,1.035,1.035,1.035,100,2021-05-10 16:17:00,ARPO
1.032,1.032,1.032,1.032,100,2021-05-10 16:18:00,ARPO
1.035,1.037,1.03,1.03,900,2021-05-10 16:21:00,ARPO
1.035,1.035,1.0321,1.0321,400,2021-05-10 16:22:00,ARPO
1.035,1.035,1.035,1.035,100,2021-05-10 16:23:00,ARPO
1.0321,1.035,1.0321,1.0321,300,2021-05-10 16:24:00,ARPO
1.0321,1.035,1.0321,1.035,200,2021-05-10 16:25:00,ARPO
1.0321,1.0347,1.0321,1.0321,300,2021-05-10 16:26:00,ARPO
1.0321,1.0321,1.0321,1.0321,300,2021-05-10 16:27:00,ARPO
1.037,1.037,1.03,1.035,808,2021-05-10 16:28:00,ARPO
1.035,1.035,1.03,1.03,6792,2021-05-10 16:30:00,ARPO
1.0321,1.035,1.0321,1.035,200,2021-05-10 16:31:00,ARPO
1.0321,1.037,1.03,1.03,400,2021-05-10 16:32:00,ARPO
1.035,1.035,1.0321,1.0321,200,2021-05-10 16:33:00,ARPO
1.0321,1.0321,1.0321,1.0321,100,2021-05-10 16:34:00,ARPO
1.037,1.037,1.03,1.03,400,2021-05-10 16:36:00,ARPO
1.0301,1.035,1.03,1.035,16500,2021-05-10 16:37:00,ARPO
1.035,1.035,1.03,1.03,1900,2021-05-10 16:38:00,ARPO
1.0392,1.0392,1.03,1.035,3300,2021-05-10 16:39:00,ARPO
1.03,1.03,1.03,1.03,500,2021-05-10 16:41:00,ARPO
1.03,1.03,1.03,1.03,9984,2021-05-10 16:42:00,ARPO
1.0305,1.0305,1.0305,1.0305,1000,2021-05-10 16:43:00,ARPO
1.0305,1.035,1.03,1.035,2700,2021-05-10 16:44:00,ARPO
1.031,1.031,1.03,1.03,4300,2021-05-10 16:45:00,ARPO
1.0305,1.0305,1.0305,1.0305,1000,2021-05-10 16:46:00,ARPO
1.0305,1.035,1.03,1.035,1800,2021-05-10 16:47:00,ARPO
1.0301,1.0301,1.0301,1.0301,100,2021-05-10 16:49:00,ARPO
1.03,1.0301,1.03,1.0301,1700,2021-05-10 16:51:00,ARPO
1.025,1.025,1.025,1.025,100,2021-05-10 16:53:00,ARPO
1.02,1.0201,1.02,1.02,14440,2021-05-10 16:54:00,ARPO
1.02,1.02,1.02,1.02,100,2021-05-10 16:55:00,ARPO
1.023,1.025,1.02,1.025,800,2021-05-10 16:56:00,ARPO
1.029,1.029,1.02,1.02,300,2021-05-10 16:57:00,ARPO
1.0245,1.0299,1.02,1.02,400,2021-05-10 16:58:00,ARPO
1.02,1.02,1.02,1.02,300,2021-05-10 17:00:00,ARPO
1.02,1.02,1.02,1.02,200,2021-05-10 17:02:00,ARPO
1.025,1.025,1.025,1.025,100,2021-05-10 17:03:00,ARPO
1.0278,1.03,1.02,1.03,500,2021-05-10 17:05:00,ARPO
1.0299,1.0299,1.02,1.02,212,2021-05-10 17:07:00,ARPO
1.0299,1.0299,1.0299,1.0299,120,2021-05-10 17:09:00,ARPO
1.0277,1.03,1.02,1.02,300,2021-05-10 17:10:00,ARPO
1.0277,1.03,1.02,1.02,500,2021-05-10 17:11:00,ARPO
1.0277,1.03,1.02,1.02,600,2021-05-10 17:12:00,ARPO
1.0259,1.0259,1.02,1.02,200,2021-05-10 17:13:00,ARPO
1.02,1.02,1.02,1.02,200,2021-05-10 17:14:00,ARPO
1.0276,1.03,1.02,1.02,500,2021-05-10 17:15:00,ARPO
1.0276,1.03,1.025,1.025,300,2021-05-10 17:16:00,ARPO
1.02,1.02,1.02,1.02,100,2021-05-10 17:20:00,ARPO
1.0287,1.03,1.02,1.02,2600,2021-05-10 17:21:00,ARPO
1.0299,1.0299,1.02,1.02,1400,2021-05-10 17:22:00,ARPO
1.025,1.025,1.025,1.025,100,2021-05-10 17:32:00,ARPO
1.025,1.025,1.025,1.025,100,2021-05-10 17:37:00,ARPO
1.02,1.03,1.02,1.02,2650,2021-05-10 17:42:00,ARPO
1.025,1.04,1.02,1.04,21528,2021-05-10 17:43:00,ARPO
1.035,1.035,1.035,1.035,100,2021-05-10 17:45:00,ARPO
1.04,1.04,1.02,1.02,5400,2021-05-10 17:49:00,ARPO
1.02,1.02,1.02,1.02,2653,2021-05-10 17:54:00,ARPO
1.03,1.035,1.03,1.035,800,2021-05-10 17:55:00,ARPO
1.0321,1.0321,1.0321,1.0321,199,2021-05-10 17:57:00,ARPO
1.035,1.035,1.035,1.035,100,2021-05-10 17:58:00,ARPO
1.0399,1.0399,1.0399,1.0399,9400,2021-05-10 18:00:00,ARPO
1.03,1.03,1.02,1.025,4950,2021-05-10 18:03:00,ARPO
1.025,1.025,1.025,1.025,100,2021-05-10 18:05:00,ARPO
1.02,1.025,1.02,1.025,700,2021-05-10 18:08:00,ARPO
1.02,1.02,1.02,1.02,700,2021-05-10 18:09:00,ARPO
1.025,1.025,1.02,1.02,900,2021-05-10 18:10:00,ARPO
1.02,1.02,1.02,1.02,800,2021-05-10 18:11:00,ARPO
1.02,1.03,1.02,1.02,1600,2021-05-10 18:12:00,ARPO
1.025,1.025,1.02,1.02,1500,2021-05-10 18:13:00,ARPO
1.02,1.0216,1.02,1.02,1700,2021-05-10 18:14:00,ARPO
1.02,1.03,1.02,1.02,800,2021-05-10 18:15:00,ARPO
1.02,1.03,1.02,1.025,1900,2021-05-10 18:16:00,ARPO
1.02,1.02,1.02,1.02,900,2021-05-10 18:17:00,ARPO
1.02,1.02,1.02,1.02,400,2021-05-10 18:18:00,ARPO
1.0287,1.0287,1.0287,1.0287,500,2021-05-10 18:19:00,ARPO
1.0219,1.0219,1.0219,1.0219,322,2021-05-10 18:22:00,ARPO
1.0225,1.0225,1.0225,1.0225,100,2021-05-10 18:25:00,ARPO
1.02,1.02,1.02,1.02,6100,2021-05-10 18:28:00,ARPO
1.02,1.02,1.02,1.02,1100,2021-05-10 18:29:00,ARPO
1.02,1.02,1.02,1.02,1600,2021-05-10 18:30:00,ARPO
1.02,1.0233,1.02,1.02,6400,2021-05-10 18:31:00,ARPO
1.02,1.0286,1.02,1.02,14249,2021-05-10 18:32:00,ARPO
1.02,1.02,1.02,1.02,9700,2021-05-10 18:33:00,ARPO
1.02,1.025,1.02,1.025,5100,2021-05-10 18:34:00,ARPO
1.02,1.02,1.02,1.02,5900,2021-05-10 18:35:00,ARPO
1.02,1.0201,1.02,1.02,6300,2021-05-10 18:36:00,ARPO
1.02,1.0201,1.02,1.02,5700,2021-05-10 18:37:00,ARPO
1.0203,1.0203,1.0203,1.0203,5000,2021-05-10 18:38:00,ARPO
1.02,1.025,1.02,1.02,9700,2021-05-10 18:39:00,ARPO
1.02,1.0201,1.01,1.0117,12800,2021-05-10 18:40:00,ARPO
1.0117,1.0117,1.01,1.01,10000,2021-05-10 18:41:00,ARPO
1.0274,1.0274,1.01,1.01,700,2021-05-10 18:43:00,ARPO
1.01,1.0202,1.01,1.01,27398,2021-05-10 18:44:00,ARPO
1.01,1.015,1.0,1.0,49753,2021-05-10 18:45:00,ARPO
1.0,1.01,0.99,0.99,51364,2021-05-10 18:46:00,ARPO
0.99,1.0,0.9843,1.0,11900,2021-05-10 18:47:00,ARPO
0.99,0.9901,0.99,0.99,1251,2021-05-10 18:49:00,ARPO
0.989799,0.989799,0.98,0.98,13053,2021-05-10 18:50:00,ARPO
0.98,0.98,0.9721,0.9721,28191,2021-05-10 18:51:00,ARPO
0.98,0.98,0.98,0.98,1886,2021-05-10 18:52:00,ARPO
0.9802,0.9894,0.974,0.9894,33100,2021-05-10 18:53:00,ARPO
0.9741,0.9894,0.97,0.9893,44678,2021-05-10 18:54:00,ARPO
0.9893,0.9893,0.9762,0.9893,13950,2021-05-10 18:55:00,ARPO
0.98,0.9893,0.9701,0.9893,33778,2021-05-10 18:56:00,ARPO
0.97975,0.9798,0.9541,0.97,22001,2021-05-10 18:57:00,ARPO
0.9747,0.9795,0.97,0.97,1505,2021-05-10 18:58:00,ARPO
0.9689,0.969,0.96882,0.96882,7000,2021-05-10 18:59:00,ARPO
0.9688,0.9747,0.9688,0.9747,7633,2021-05-10 19:00:00,ARPO
0.988799,0.9889,0.98445,0.9888,700,2021-05-10 19:01:00,ARPO
0.988799,0.988799,0.988799,0.988799,4000,2021-05-10 19:02:00,ARPO
0.9888,0.9888,0.9888,0.9888,1000,2021-05-10 19:03:00,ARPO
0.98,0.98,0.97,0.97,13400,2021-05-10 19:05:00,ARPO
0.9794,0.98,0.9794,0.98,2300,2021-05-10 19:07:00,ARPO
0.981915,0.981915,0.9794,0.9794,500,2021-05-10 19:08:00,ARPO
0.9794,0.98,0.9794,0.98,1600,2021-05-10 19:09:00,ARPO
0.98,0.9889,0.98,0.98,1300,2021-05-10 19:10:00,ARPO
0.98,0.9889,0.98,0.9889,1600,2021-05-10 19:11:00,ARPO
0.9889,0.9889,0.9889,0.9889,100,2021-05-10 19:18:00,ARPO
0.9888,0.9888,0.9888,0.9888,100,2021-05-10 19:19:00,ARPO
0.984449,0.984449,0.984449,0.984449,1000,2021-05-10 19:21:00,ARPO
0.984451,0.984451,0.984449,0.984449,3150,2021-05-10 19:22:00,ARPO
0.9845,1.01,0.9845,0.9965,33300,2021-05-10 19:24:00,ARPO
1.0,1.0,0.9908,0.9908,1100,2021-05-10 19:26:00,ARPO
0.9908,0.9965,0.9908,0.9965,814,2021-05-10 19:27:00,ARPO
1.0,1.0,0.9983,0.9983,1000,2021-05-10 19:28:00,ARPO
0.9999,0.9999,0.9999,0.9999,900,2021-05-10 19:29:00,ARPO
0.999,0.999,0.9951,0.9951,450,2021-05-10 19:32:00,ARPO
0.9918,0.9929,0.9918,0.9929,10329,2021-05-10 19:33:00,ARPO
0.9951,0.9951,0.9929,0.9929,12000,2021-05-10 19:34:00,ARPO
0.9909,0.9909,0.9909,0.9909,400,2021-05-10 19:35:00,ARPO
0.9908,0.9995,0.9902,0.9948,20496,2021-05-10 19:36:00,ARPO
0.9938,1.0288,0.9938,1.02,108500,2021-05-10 19:37:00,ARPO
1.025,1.03,1.02,1.0253,31796,2021-05-10 19:38:00,ARPO
1.02,1.02,1.0034,1.015,42312,2021-05-10 19:39:00,ARPO
1.015,1.0399,1.015,1.0301,28800,2021-05-10 19:40:00,ARPO
1.03,1.0399,1.03,1.03,5200,2021-05-10 19:41:00,ARPO
1.03,1.0302,1.02,1.02,8400,2021-05-10 19:42:00,ARPO
1.02,1.02,1.02,1.02,1600,2021-05-10 19:43:00,ARPO
1.026,1.026,1.01,1.02,10900,2021-05-10 19:44:00,ARPO
1.02,1.02,1.01,1.02,4265,2021-05-10 19:45:00,ARPO
1.03,1.03,1.03,1.03,200,2021-05-10 19:53:00,ARPO
1.03,1.0392,1.03,1.035,2248,2021-05-10 19:54:00,ARPO
1.03,1.04,1.03,1.04,6058,2021-05-10 19:56:00,ARPO
1.0305,1.04,1.0301,1.0301,19165,2021-05-10 19:57:00,ARPO
1.03,1.03,1.03,1.03,2446,2021-05-10 19:58:00,ARPO
1.03,1.03,1.0224,1.0224,2100,2021-05-10 19:59:00,ARPO
1.03,1.03,1.03,1.03,3394,2021-05-10 20:00:00,ARPO
1.03,1.03,1.03,1.03,1683,2021-05-10 20:02:00,ARPO
1.0101,1.0101,1.0101,1.0101,100,2021-05-10 20:33:00,ARPO
1.02,1.02,1.02,1.02,4000,2021-05-10 20:54:00,ARPO
1.03,1.03,1.03,1.03,4200,2021-05-10 20:55:00,ARPO
1.02,1.02,1.02,1.02,100,2021-05-10 20:59:00,ARPO
1.04,1.04,1.04,1.04,10000,2021-05-10 21:43:00,ARPO
1.05,1.05,1.05,1.05,250,2021-05-10 21:46:00,ARPO
1.0301,1.0301,1.0301,1.0301,100,2021-05-10 21:53:00,ARPO
1.03,1.03,1.03,1.03,100,2021-05-10 21:55:00,ARPO
1.04,1.04,1.04,1.04,100,2021-05-10 21:57:00,ARPO
1.0399,1.0399,1.0399,1.0399,100,2021-05-10 21:58:00,ARPO
1.04,1.04,1.04,1.04,100,2021-05-10 21:59:00,ARPO
1.03,1.03,1.03,1.03,500,2021-05-10 22:01:00,ARPO
1.03,1.03,1.03,1.03,100,2021-05-10 22:02:00,ARPO
1.06,1.0699,1.06,1.0699,4948,2021-05-10 22:18:00,ARPO
1.03,1.03,1.03,1.03,1500,2021-05-10 22:42:00,ARPO
1.03,1.03,1.03,1.03,500,2021-05-10 23:49:00,ARPO
1.03,1.03,1.03,1.03,125,2021-05-11 11:00:00,ARPO
1.03,1.03,1.03,1.03,473,2021-05-11 11:28:00,ARPO
0.99,0.99,0.99,0.99,500,2021-05-11 12:07:00,ARPO
0.99,0.99,0.99,0.99,200,2021-05-11 12:09:00,ARPO
0.99,0.99,0.99,0.99,450,2021-05-11 12:16:00,ARPO
0.99,0.99,0.99,0.99,1000,2021-05-11 12:18:00,ARPO
1.01,1.01,1.01,1.01,356,2021-05-11 12:21:00,ARPO
0.99,0.99,0.99,0.99,3141,2021-05-11 12:31:00,ARPO
0.9901,0.9901,0.9901,0.9901,500,2021-05-11 12:39:00,ARPO
1.0,1.0,1.0,1.0,990,2021-05-11 13:00:00,ARPO
1.0,1.0,1.0,1.0,118,2021-05-11 13:18:00,ARPO
0.99,0.9925,0.9875,0.9896,12904,2021-05-11 13:30:00,ARPO
0.9897,0.9897,0.9897,0.9897,800,2021-05-11 13:31:00,ARPO
0.9901,0.9902,0.9901,0.9902,1008,2021-05-11 13:32:00,ARPO
0.998,1.0,0.9967,1.0,4050,2021-05-11 13:33:00,ARPO
1.0001,1.005,1.0001,1.005,1376,2021-05-11 13:37:00,ARPO
1.01,1.01,1.01,1.01,300,2021-05-11 13:38:00,ARPO
1.0,1.005,1.0,1.0,22222,2021-05-11 13:43:00,ARPO
1.005,1.01,1.0,1.0,12044,2021-05-11 13:44:00,ARPO
1.005,1.005,1.005,1.005,500,2021-05-11 13:45:00,ARPO
1.005,1.005,1.0,1.005,5200,2021-05-11 13:46:00,ARPO
1.005,1.005,1.0,1.005,12900,2021-05-11 13:48:00,ARPO
1.005,1.005,1.005,1.005,500,2021-05-11 13:49:00,ARPO
1.0,1.005,1.0,1.005,3050,2021-05-11 13:50:00,ARPO
1.0,1.005,1.0,1.005,17500,2021-05-11 13:54:00,ARPO
1.005,1.005,1.005,1.005,400,2021-05-11 13:55:00,ARPO
1.005,1.005,1.0,1.0,1100,2021-05-11 13:56:00,ARPO
1.005,1.0083,1.0,1.005,6310,2021-05-11 13:57:00,ARPO
1.005,1.005,1.0,1.005,2300,2021-05-11 13:58:00,ARPO
1.0,1.0,1.0,1.0,100,2021-05-11 13:59:00,ARPO
1.0071,1.0071,1.0,1.005,3900,2021-05-11 14:00:00,ARPO
1.005,1.01,1.0,1.0,3300,2021-05-11 14:02:00,ARPO
1.01,1.01,1.0099,1.0099,203,2021-05-11 14:03:00,ARPO
1.0083,1.0083,1.0083,1.0083,107,2021-05-11 14:04:00,ARPO
1.0092,1.01,1.0,1.0,3210,2021-05-11 14:05:00,ARPO
1.01,1.01,1.01,1.01,1000,2021-05-11 14:09:00,ARPO
1.01,1.01,1.01,1.01,200,2021-05-11 14:11:00,ARPO
1.0,1.0,1.0,1.0,600,2021-05-11 14:12:00,ARPO
1.0,1.0,1.0,1.0,500,2021-05-11 14:13:00,ARPO
1.0099,1.01,1.0,1.01,10266,2021-05-11 14:16:00,ARPO
1.0099,1.0099,1.0099,1.0099,100,2021-05-11 14:20:00,ARPO
1.01,1.01,1.0,1.001,5150,2021-05-11 14:21:00,ARPO
1.005,1.0082,1.0,1.0082,750,2021-05-11 14:23:00,ARPO
1.01,1.01,1.01,1.01,500,2021-05-11 14:24:00,ARPO
1.0,1.005,1.0,1.005,8700,2021-05-11 14:25:00,ARPO
1.0099,1.0099,1.0,1.0,200,2021-05-11 14:26:00,ARPO
1.005,1.005,1.0,1.0,1100,2021-05-11 14:31:00,ARPO
1.0,1.0,1.0,1.0,100,2021-05-11 14:32:00,ARPO
1.0022,1.0022,1.0,1.0,200,2021-05-11 14:33:00,ARPO
1.0001,1.001,1.0,1.0,5350,2021-05-11 14:34:00,ARPO
1.0,1.002,1.0,1.002,600,2021-05-11 14:35:00,ARPO
1.0022,1.0022,1.0022,1.0022,102,2021-05-11 14:37:00,ARPO
1.0001,1.0029,1.0,1.0,1700,2021-05-11 14:39:00,ARPO
1.0015,1.0015,1.0,1.0,695,2021-05-11 14:42:00,ARPO
1.0021,1.0021,1.0021,1.0021,200,2021-05-11 14:44:00,ARPO
1.005,1.01,1.0,1.0,18500,2021-05-11 14:47:00,ARPO
1.005,1.01,1.0,1.0,42575,2021-05-11 14:48:00,ARPO
1.0006,1.01,1.0,1.01,5289,2021-05-11 14:49:00,ARPO
1.01,1.01,1.0,1.0001,4250,2021-05-11 14:50:00,ARPO
1.005,1.005,1.005,1.005,200,2021-05-11 14:52:00,ARPO
1.0099,1.0099,1.0,1.0,6000,2021-05-11 14:55:00,ARPO
1.0099,1.01,1.0,1.01,4900,2021-05-11 14:56:00,ARPO
1.01,1.01,1.01,1.01,300,2021-05-11 14:57:00,ARPO
1.0081,1.0081,1.0081,1.0081,110,2021-05-11 15:00:00,ARPO
1.0099,1.01,1.0,1.0,8800,2021-05-11 15:01:00,ARPO
1.0099,1.0099,1.0,1.0,4800,2021-05-11 15:03:00,ARPO
1.0,1.005,1.0,1.0,5400,2021-05-11 15:08:00,ARPO
1.0,1.0,1.0,1.0,500,2021-05-11 15:09:00,ARPO
1.0079,1.0079,1.0079,1.0079,100,2021-05-11 15:10:00,ARPO
1.01,1.01,1.01,1.01,100,2021-05-11 15:12:00,ARPO
1.0024,1.0024,1.0024,1.0024,100,2021-05-11 15:13:00,ARPO
1.009,1.009,1.009,1.009,194,2021-05-11 15:14:00,ARPO
1.01,1.01,1.0,1.0,400,2021-05-11 15:15:00,ARPO
1.002,1.002,1.002,1.002,380,2021-05-11 15:17:00,ARPO
1.01,1.01,1.01,1.01,100,2021-05-11 15:18:00,ARPO
1.01,1.01,1.0041,1.005,4262,2021-05-11 15:19:00,ARPO
1.01,1.02,1.01,1.02,12700,2021-05-11 15:20:00,ARPO
1.02,1.02,1.01,1.015,1600,2021-05-11 15:24:00,ARPO
1.02,1.02,1.01,1.01,4800,2021-05-11 15:25:00,ARPO
1.01,1.02,1.01,1.02,2297,2021-05-11 15:26:00,ARPO
1.0183,1.0183,1.0183,1.0183,100,2021-05-11 15:27:00,ARPO
1.0117,1.0117,1.0117,1.0117,100,2021-05-11 15:35:00,ARPO
1.02,1.02,1.02,1.02,100,2021-05-11 15:40:00,ARPO
1.0117,1.0117,1.0117,1.0117,100,2021-05-11 15:45:00,ARPO
1.02,1.02,1.02,1.02,100,2021-05-11 15:48:00,ARPO
1.0145,1.0145,1.0117,1.0117,200,2021-05-11 15:49:00,ARPO
1.02,1.02,1.02,1.02,100,2021-05-11 15:50:00,ARPO
1.02,1.02,1.01,1.015,800,2021-05-11 15:53:00,ARPO
1.02,1.02,1.02,1.02,100,2021-05-11 15:57:00,ARPO
1.015,1.015,1.015,1.015,100,2021-05-11 15:58:00,ARPO
1.01,1.015,1.01,1.015,3050,2021-05-11 16:04:00,ARPO
1.01,1.01,1.01,1.01,100,2021-05-11 16:07:00,ARPO
1.0108,1.0108,1.0108,1.0108,160,2021-05-11 16:11:00,ARPO
1.0101,1.0101,1.01,1.01,1000,2021-05-11 16:15:00,ARPO
1.015,1.015,1.015,1.015,100,2021-05-11 16:16:00,ARPO
1.0121,1.0121,1.0121,1.0121,100,2021-05-11 16:24:00,ARPO
1.0153,1.0153,1.0153,1.0153,100,2021-05-11 16:25:00,ARPO
1.0121,1.0121,1.0121,1.0121,100,2021-05-11 16:26:00,ARPO
1.015,1.015,1.01,1.01,700,2021-05-11 16:28:00,ARPO
1.015,1.015,1.015,1.015,100,2021-05-11 16:33:00,ARPO
1.0121,1.0121,1.0121,1.0121,100,2021-05-11 16:34:00,ARPO
1.0183,1.0185,1.0183,1.0185,425,2021-05-11 16:35:00,ARPO
1.02,1.02,1.01,1.01,400,2021-05-11 16:36:00,ARPO
1.0121,1.0121,1.0121,1.0121,100,2021-05-11 16:41:00,ARPO
1.015,1.015,1.0121,1.0121,200,2021-05-11 16:43:00,ARPO
1.01,1.01,1.01,1.01,400,2021-05-11 16:46:00,ARPO
1.0154,1.0154,1.01,1.01,6806,2021-05-11 16:47:00,ARPO
1.015,1.015,1.015,1.015,100,2021-05-11 16:51:00,ARPO
1.01,1.0101,1.01,1.0101,200,2021-05-11 16:52:00,ARPO
1.01,1.01,1.01,1.01,100,2021-05-11 16:53:00,ARPO
1.0186,1.0186,1.01,1.01,1400,2021-05-11 16:54:00,ARPO
1.0126,1.0126,1.0126,1.0126,100,2021-05-11 16:59:00,ARPO
1.01,1.017,1.01,1.0101,400,2021-05-11 17:01:00,ARPO
1.01,1.015,1.01,1.015,23596,2021-05-11 17:02:00,ARPO
1.01,1.0102,1.0,1.01,23298,2021-05-11 17:07:00,ARPO
1.0099,1.01,1.005,1.01,7631,2021-05-11 17:11:00,ARPO
1.01,1.01,1.01,1.01,2000,2021-05-11 17:14:00,ARPO
1.0109,1.0109,1.0109,1.0109,3500,2021-05-11 17:19:00,ARPO
1.0116,1.0116,1.0116,1.0116,470,2021-05-11 17:21:00,ARPO
1.02,1.02,1.02,1.02,190,2021-05-11 17:37:00,ARPO
1.0199,1.0199,1.0199,1.0199,1700,2021-05-11 17:38:00,ARPO
1.0119,1.0119,1.0119,1.0119,100,2021-05-11 17:41:00,ARPO
1.01,1.01,1.01,1.01,500,2021-05-11 17:42:00,ARPO
1.012,1.012,1.012,1.012,138,2021-05-11 17:44:00,ARPO
1.01,1.01,1.01,1.01,200,2021-05-11 17:46:00,ARPO
1.015,1.015,1.015,1.015,100,2021-05-11 17:52:00,ARPO
1.0101,1.0101,1.0101,1.0101,200,2021-05-11 17:54:00,ARPO
1.01,1.02,1.01,1.01,3100,2021-05-11 17:58:00,ARPO
1.015,1.015,1.015,1.015,100,2021-05-11 18:01:00,ARPO
1.02,1.02,1.02,1.02,100,2021-05-11 18:06:00,ARPO
1.0127,1.0127,1.0127,1.0127,100,2021-05-11 18:09:00,ARPO
1.0142,1.0142,1.0142,1.0142,100,2021-05-11 18:12:00,ARPO
1.019,1.02,1.019,1.02,10200,2021-05-11 18:14:00,ARPO
1.01,1.01,1.01,1.01,2000,2021-05-11 18:19:00,ARPO
1.0101,1.0101,1.0101,1.0101,3000,2021-05-11 18:21:00,ARPO
1.0101,1.02,1.0101,1.02,3627,2021-05-11 18:25:00,ARPO
1.02,1.02,1.02,1.02,3200,2021-05-11 18:26:00,ARPO
1.02,1.02,1.02,1.02,7027,2021-05-11 18:27:00,ARPO
1.02,1.02,1.02,1.02,1300,2021-05-11 18:28:00,ARPO
1.0293,1.0293,1.0293,1.0293,3000,2021-05-11 18:30:00,ARPO
1.025,1.025,1.025,1.025,100,2021-05-11 18:33:00,ARPO
1.0299,1.0299,1.0299,1.0299,100,2021-05-11 18:35:00,ARPO
1.0299,1.0299,1.0299,1.0299,500,2021-05-11 18:40:00,ARPO
1.0225,1.0225,1.0225,1.0225,100,2021-05-11 18:47:00,ARPO
1.0299,1.0299,1.0299,1.0299,100,2021-05-11 18:51:00,ARPO
1.0211,1.0211,1.0211,1.0211,100,2021-05-11 19:06:00,ARPO
1.0299,1.0299,1.0299,1.0299,100,2021-05-11 19:09:00,ARPO
1.0212,1.0212,1.0212,1.0212,2000,2021-05-11 19:10:00,ARPO
1.03,1.03,1.03,1.03,500,2021-05-11 19:13:00,ARPO
1.0226,1.0226,1.0226,1.0226,100,2021-05-11 19:14:00,ARPO
1.021,1.021,1.021,1.021,100,2021-05-11 19:16:00,ARPO
1.03,1.03,1.03,1.03,11844,2021-05-11 19:20:00,ARPO
1.037,1.037,1.037,1.037,100,2021-05-11 19:21:00,ARPO
1.032,1.032,1.03,1.03,2100,2021-05-11 19:22:00,ARPO
1.035,1.035,1.035,1.035,100,2021-05-11 19:23:00,ARPO
1.032,1.032,1.032,1.032,100,2021-05-11 19:24:00,ARPO
1.04,1.04,1.04,1.04,100,2021-05-11 19:25:00,ARPO
1.03,1.03,1.03,1.03,100,2021-05-11 19:26:00,ARPO
1.039,1.039,1.039,1.039,5000,2021-05-11 19:28:00,ARPO
1.03,1.04,1.03,1.04,20100,2021-05-11 19:29:00,ARPO
1.03,1.03,1.03,1.03,200,2021-05-11 19:32:00,ARPO
1.032,1.032,1.032,1.032,100,2021-05-11 19:38:00,ARPO
1.04,1.04,1.032,1.032,200,2021-05-11 19:39:00,ARPO
1.0354,1.0354,1.0354,1.0354,300,2021-05-11 19:40:00,ARPO
1.0339,1.0339,1.0339,1.0339,500,2021-05-11 19:45:00,ARPO
1.0329,1.0329,1.0329,1.0329,100,2021-05-11 19:46:00,ARPO
1.035,1.038,1.033,1.033,300,2021-05-11 19:47:00,ARPO
1.04,1.04,1.038,1.038,210,2021-05-11 19:49:00,ARPO
1.035,1.0399,1.035,1.035,400,2021-05-11 19:50:00,ARPO
1.0336,1.04,1.0336,1.035,4300,2021-05-11 19:51:00,ARPO
1.03,1.03,1.03,1.03,20000,2021-05-11 19:54:00,ARPO
1.035,1.035,1.035,1.035,200,2021-05-11 19:55:00,ARPO
1.04,1.04,1.035,1.035,200,2021-05-11 19:56:00,ARPO
1.04,1.04,1.0383,1.0383,2500,2021-05-11 19:57:00,ARPO
1.0341,1.0341,1.0301,1.0306,30100,2021-05-11 19:58:00,ARPO
1.035,1.0399,1.03,1.0399,20793,2021-05-11 19:59:00,ARPO
1.03,1.0301,1.03,1.0301,3200,2021-05-11 20:00:00,ARPO
1.05,1.05,1.05,1.05,500,2021-05-11 22:05:00,ARPO
1.06,1.06,1.06,1.06,500,2021-05-11 22:07:00,ARPO
1.05,1.05,1.05,1.05,100,2021-05-11 22:11:00,ARPO
1.05,1.05,1.05,1.05,9897,2021-05-11 22:12:00,ARPO
1.05,1.05,1.05,1.05,300,2021-05-11 22:17:00,ARPO
1.02,1.02,1.02,1.02,1000,2021-05-12 13:08:00,ARPO
1.03,1.03,1.03,1.03,496,2021-05-12 13:30:00,ARPO
1.02,1.0219,1.02,1.0219,2000,2021-05-12 13:32:00,ARPO
1.0294,1.0294,1.0294,1.0294,500,2021-05-12 13:33:00,ARPO
1.02,1.03,1.02,1.03,22421,2021-05-12 13:34:00,ARPO
1.0308,1.0308,1.0308,1.0308,1000,2021-05-12 13:36:00,ARPO
1.0399,1.0399,1.0399,1.0399,100,2021-05-12 13:40:00,ARPO
1.04,1.04,1.04,1.04,113,2021-05-12 13:42:00,ARPO
1.035,1.035,1.035,1.035,100,2021-05-12 13:44:00,ARPO
1.03,1.03,1.03,1.03,100,2021-05-12 13:46:00,ARPO
1.0318,1.0318,1.0318,1.0318,200,2021-05-12 13:47:00,ARPO
1.04,1.04,1.04,1.04,2800,2021-05-12 13:49:00,ARPO
1.035,1.038,1.03,1.03,2200,2021-05-12 13:51:00,ARPO
1.0392,1.0392,1.0392,1.0392,3000,2021-05-12 13:52:00,ARPO
1.0326,1.0326,1.0326,1.0326,100,2021-05-12 13:53:00,ARPO
1.035,1.035,1.035,1.035,100,2021-05-12 13:54:00,ARPO
1.035,1.037,1.035,1.037,200,2021-05-12 13:56:00,ARPO
1.0327,1.0327,1.0327,1.0327,100,2021-05-12 13:57:00,ARPO
1.03,1.0327,1.03,1.0327,300,2021-05-12 13:59:00,ARPO
1.035,1.035,1.035,1.035,100,2021-05-12 14:00:00,ARPO
1.035,1.035,1.035,1.035,1000,2021-05-12 14:01:00,ARPO
1.04,1.04,1.04,1.04,200,2021-05-12 14:02:00,ARPO
1.0317,1.0317,1.0317,1.0317,1000,2021-05-12 14:03:00,ARPO
1.035,1.04,1.035,1.0399,15815,2021-05-12 14:05:00,ARPO
1.04,1.05,1.04,1.05,1400,2021-05-12 14:06:00,ARPO
1.05,1.05,1.045,1.045,4749,2021-05-12 14:07:00,ARPO
1.045,1.0467,1.0445,1.0467,400,2021-05-12 14:08:00,ARPO
1.05,1.05,1.05,1.05,200,2021-05-12 14:09:00,ARPO
1.05,1.05,1.05,1.05,15709,2021-05-12 14:10:00,ARPO
1.0499,1.05,1.0499,1.05,5100,2021-05-12 14:12:00,ARPO
1.05,1.05,1.0411,1.0411,500,2021-05-12 14:13:00,ARPO
1.0411,1.0411,1.0411,1.0411,100,2021-05-12 14:16:00,ARPO
1.05,1.05,1.05,1.05,200,2021-05-12 14:18:00,ARPO
1.045,1.045,1.045,1.045,6000,2021-05-12 14:19:00,ARPO
1.0499,1.05,1.0499,1.05,5100,2021-05-12 14:20:00,ARPO
1.05,1.05,1.05,1.05,3100,2021-05-12 14:21:00,ARPO
1.0404,1.0404,1.0404,1.0404,4500,2021-05-12 14:23:00,ARPO
1.0494,1.0494,1.0494,1.0494,1500,2021-05-12 14:24:00,ARPO
1.05,1.06,1.05,1.0559,20350,2021-05-12 14:25:00,ARPO
1.054,1.054,1.054,1.054,100,2021-05-12 14:29:00,ARPO
1.0409,1.0409,1.0409,1.0409,6000,2021-05-12 14:30:00,ARPO
1.0401,1.0401,1.0401,1.0401,4225,2021-05-12 14:33:00,ARPO
1.05,1.05,1.043,1.043,200,2021-05-12 14:36:00,ARPO
1.04,1.05,1.04,1.05,20200,2021-05-12 14:38:00,ARPO
1.05,1.05,1.05,1.05,200,2021-05-12 14:39:00,ARPO
1.0486,1.0486,1.0486,1.0486,100,2021-05-12 14:41:00,ARPO
1.05,1.0518,1.05,1.0518,200,2021-05-12 14:42:00,ARPO
1.05,1.0594,1.05,1.0594,3168,2021-05-12 14:43:00,ARPO
1.0538,1.0538,1.05,1.05,200,2021-05-12 14:44:00,ARPO
1.0518,1.0518,1.0518,1.0518,100,2021-05-12 14:45:00,ARPO
1.06,1.06,1.05,1.05,1100,2021-05-12 14:46:00,ARPO
1.05,1.057,1.05,1.057,300,2021-05-12 14:47:00,ARPO
1.0518,1.0518,1.0518,1.0518,100,2021-05-12 14:48:00,ARPO
1.0518,1.055,1.0518,1.0518,400,2021-05-12 14:49:00,ARPO
1.054,1.054,1.05,1.05,200,2021-05-12 14:50:00,ARPO
1.06,1.06,1.06,1.06,10000,2021-05-12 14:53:00,ARPO
1.06,1.06,1.0514,1.0514,400,2021-05-12 14:56:00,ARPO
1.05,1.06,1.05,1.06,300,2021-05-12 14:57:00,ARPO
1.06,1.06,1.06,1.06,100,2021-05-12 15:00:00,ARPO
1.055,1.055,1.055,1.055,200,2021-05-12 15:01:00,ARPO
1.0518,1.0518,1.0518,1.0518,100,2021-05-12 15:05:00,ARPO
1.0518,1.0543,1.05,1.05,300,2021-05-12 15:06:00,ARPO
1.0518,1.0518,1.0516,1.0516,350,2021-05-12 15:07:00,ARPO
1.0542,1.055,1.05,1.055,300,2021-05-12 15:09:00,ARPO
1.0518,1.0518,1.05,1.05,200,2021-05-12 15:10:00,ARPO
1.057,1.057,1.05,1.05,508,2021-05-12 15:11:00,ARPO
1.05,1.06,1.05,1.06,200,2021-05-12 15:12:00,ARPO
1.0545,1.0545,1.05,1.05,200,2021-05-12 15:13:00,ARPO
1.0544,1.06,1.05,1.06,300,2021-05-12 15:14:00,ARPO
1.06,1.06,1.06,1.06,400,2021-05-12 15:15:00,ARPO
1.0517,1.0517,1.0517,1.0517,100,2021-05-12 15:20:00,ARPO
1.057,1.057,1.057,1.057,100,2021-05-12 15:22:00,ARPO
1.0544,1.0544,1.05,1.05,200,2021-05-12 15:23:00,ARPO
1.0517,1.0517,1.0517,1.0517,100,2021-05-12 15:24:00,ARPO
1.0517,1.0517,1.0517,1.0517,100,2021-05-12 15:25:00,ARPO
1.0517,1.0517,1.0516,1.0516,200,2021-05-12 15:28:00,ARPO
1.055,1.06,1.0516,1.0516,300,2021-05-12 15:30:00,ARPO
1.055,1.055,1.055,1.055,100,2021-05-12 15:31:00,ARPO
1.058,1.058,1.05,1.05,1300,2021-05-12 15:32:00,ARPO
1.06,1.06,1.0501,1.0501,1300,2021-05-12 15:33:00,ARPO
1.0518,1.0518,1.0518,1.0518,100,2021-05-12 15:36:00,ARPO
1.055,1.058,1.055,1.058,1100,2021-05-12 15:37:00,ARPO
1.055,1.06,1.055,1.06,200,2021-05-12 15:38:00,ARPO
1.0599,1.06,1.0599,1.06,4556,2021-05-12 15:39:00,ARPO
1.05,1.0599,1.05,1.0599,200,2021-05-12 15:40:00,ARPO
1.0516,1.06,1.0516,1.06,200,2021-05-12 15:41:00,ARPO
1.055,1.055,1.055,1.055,2000,2021-05-12 15:43:00,ARPO
1.0573,1.06,1.05,1.05,27751,2021-05-12 15:44:00,ARPO
1.0473,1.05,1.0473,1.05,3000,2021-05-12 15:45:00,ARPO
1.05,1.05,1.05,1.05,300,2021-05-12 15:46:00,ARPO
1.0412,1.0412,1.0412,1.0412,500,2021-05-12 15:48:00,ARPO
1.05,1.05,1.0473,1.05,8000,2021-05-12 15:51:00,ARPO
1.0485,1.05,1.0473,1.05,2500,2021-05-12 15:52:00,ARPO
1.05,1.05,1.05,1.05,100,2021-05-12 15:53:00,ARPO
1.048,1.048,1.048,1.048,25000,2021-05-12 15:56:00,ARPO
1.05,1.05,1.05,1.05,100,2021-05-12 15:57:00,ARPO
1.0473,1.05,1.0473,1.05,6000,2021-05-12 15:58:00,ARPO
1.0489,1.05,1.0489,1.05,20000,2021-05-12 15:59:00,ARPO
1.05,1.05,1.0489,1.05,10000,2021-05-12 16:00:00,ARPO
1.05,1.05,1.05,1.05,6200,2021-05-12 16:01:00,ARPO
1.05,1.05,1.05,1.05,975,2021-05-12 16:02:00,ARPO
1.045,1.045,1.045,1.045,3000,2021-05-12 16:03:00,ARPO
1.05,1.06,1.05,1.06,31874,2021-05-12 16:04:00,ARPO
1.052,1.052,1.052,1.052,1000,2021-05-12 16:05:00,ARPO
1.06,1.07,1.06,1.0662,74557,2021-05-12 16:08:00,ARPO
1.07,1.07,1.07,1.07,225,2021-05-12 16:10:00,ARPO
1.07,1.07,1.07,1.07,100,2021-05-12 16:11:00,ARPO
1.07,1.07,1.07,1.07,100,2021-05-12 16:12:00,ARPO
1.0627,1.0627,1.0627,1.0627,114,2021-05-12 16:13:00,ARPO
1.07,1.08,1.07,1.08,3300,2021-05-12 16:14:00,ARPO
1.0762,1.08,1.073,1.074,15790,2021-05-12 16:15:00,ARPO
1.08,1.08,1.08,1.08,7337,2021-05-12 16:16:00,ARPO
1.0706,1.08,1.0706,1.08,2437,2021-05-12 16:17:00,ARPO
1.0762,1.09,1.0762,1.09,4432,2021-05-12 16:18:00,ARPO
1.081,1.081,1.08,1.08,25862,2021-05-12 16:19:00,ARPO
1.08,1.08,1.08,1.08,10000,2021-05-12 16:20:00,ARPO
1.08,1.08,1.08,1.08,3000,2021-05-12 16:22:00,ARPO
1.0807,1.0807,1.0807,1.0807,2000,2021-05-12 16:23:00,ARPO
1.0811,1.0811,1.0806,1.0806,4000,2021-05-12 16:24:00,ARPO
1.085,1.085,1.085,1.085,100,2021-05-12 16:26:00,ARPO
1.0899,1.09,1.0899,1.09,11100,2021-05-12 16:27:00,ARPO
1.09,1.09,1.09,1.09,400,2021-05-12 16:31:00,ARPO
1.085,1.085,1.085,1.085,100,2021-05-12 16:32:00,ARPO
1.083,1.09,1.083,1.09,300,2021-05-12 16:33:00,ARPO
1.0811,1.0811,1.0811,1.0811,1000,2021-05-12 16:34:00,ARPO
1.09,1.09,1.09,1.09,1000,2021-05-12 16:36:00,ARPO
1.0879,1.0879,1.0879,1.0879,100,2021-05-12 16:38:00,ARPO
1.082,1.082,1.082,1.082,100,2021-05-12 16:39:00,ARPO
1.0883,1.0883,1.0883,1.0883,462,2021-05-12 16:41:00,ARPO
1.0899,1.0899,1.0829,1.0829,7100,2021-05-12 16:42:00,ARPO
1.082,1.082,1.082,1.082,100,2021-05-12 16:43:00,ARPO
1.085,1.085,1.085,1.085,100,2021-05-12 16:44:00,ARPO
1.09,1.09,1.0873,1.088,10381,2021-05-12 16:45:00,ARPO
1.09,1.09,1.09,1.09,10300,2021-05-12 16:46:00,ARPO
1.09,1.11,1.09,1.11,18897,2021-05-12 16:48:00,ARPO
1.12,1.12,1.115,1.115,500,2021-05-12 16:49:00,ARPO
1.1101,1.13,1.1101,1.1235,19789,2021-05-12 16:51:00,ARPO
1.118,1.118,1.1101,1.1101,3500,2021-05-12 16:52:00,ARPO
1.1278,1.13,1.12,1.1261,6457,2021-05-12 16:53:00,ARPO
1.12,1.12,1.12,1.12,1004,2021-05-12 16:54:00,ARPO
1.12,1.12,1.11,1.1101,2700,2021-05-12 16:56:00,ARPO
1.112,1.112,1.1101,1.1101,5000,2021-05-12 16:57:00,ARPO
1.112,1.112,1.112,1.112,1000,2021-05-12 16:59:00,ARPO
1.115,1.1188,1.115,1.1188,225,2021-05-12 17:00:00,ARPO
1.115,1.12,1.1101,1.12,5100,2021-05-12 17:01:00,ARPO
1.1162,1.12,1.11,1.11,1500,2021-05-12 17:02:00,ARPO
1.1189,1.1189,1.115,1.115,2100,2021-05-12 17:04:00,ARPO
1.1148,1.12,1.1148,1.12,1200,2021-05-12 17:06:00,ARPO
1.117,1.117,1.117,1.117,1000,2021-05-12 17:07:00,ARPO
1.115,1.115,1.115,1.115,1200,2021-05-12 17:09:00,ARPO
1.12,1.12,1.115,1.115,1230,2021-05-12 17:10:00,ARPO
1.11,1.11,1.11,1.11,3253,2021-05-12 17:11:00,ARPO
1.11,1.11,1.11,1.11,5000,2021-05-12 17:12:00,ARPO
1.11,1.1115,1.11,1.11,32207,2021-05-12 17:13:00,ARPO
1.11,1.1101,1.1,1.1,6049,2021-05-12 17:14:00,ARPO
1.11,1.11,1.11,1.11,500,2021-05-12 17:15:00,ARPO
1.115,1.115,1.115,1.115,500,2021-05-12 17:16:00,ARPO
1.11,1.1101,1.11,1.1101,3874,2021-05-12 17:17:00,ARPO
1.12,1.12,1.12,1.12,1200,2021-05-12 17:18:00,ARPO
1.1175,1.1175,1.1107,1.1107,3100,2021-05-12 17:19:00,ARPO
1.12,1.12,1.12,1.12,1000,2021-05-12 17:20:00,ARPO
1.1111,1.12,1.1111,1.12,2000,2021-05-12 17:21:00,ARPO
1.115,1.115,1.115,1.115,1000,2021-05-12 17:22:00,ARPO
1.12,1.12,1.115,1.115,1200,2021-05-12 17:23:00,ARPO
1.12,1.125,1.115,1.125,19750,2021-05-12 17:24:00,ARPO
1.121,1.13,1.121,1.1211,2826,2021-05-12 17:25:00,ARPO
1.1211,1.1211,1.121,1.121,4000,2021-05-12 17:26:00,ARPO
1.12,1.12,1.12,1.12,2000,2021-05-12 17:28:00,ARPO
1.13,1.13,1.1211,1.1211,1600,2021-05-12 17:29:00,ARPO
1.1211,1.1296,1.1211,1.1296,13470,2021-05-12 17:30:00,ARPO
1.125,1.125,1.12,1.12,2200,2021-05-12 17:32:00,ARPO
1.13,1.13,1.13,1.13,100,2021-05-12 17:34:00,ARPO
1.12,1.13,1.12,1.13,6694,2021-05-12 17:36:00,ARPO
1.125,1.125,1.125,1.125,1000,2021-05-12 17:37:00,ARPO
1.121,1.1252,1.12,1.1216,6444,2021-05-12 17:38:00,ARPO
1.1201,1.13,1.12,1.13,3100,2021-05-12 17:39:00,ARPO
1.125,1.125,1.125,1.125,222,2021-05-12 17:41:00,ARPO
1.13,1.13,1.13,1.13,11000,2021-05-12 17:42:00,ARPO
1.1281,1.1281,1.1215,1.1215,1100,2021-05-12 17:43:00,ARPO
1.13,1.13,1.125,1.125,200,2021-05-12 17:44:00,ARPO
1.13,1.13,1.1242,1.13,300,2021-05-12 17:45:00,ARPO
1.125,1.125,1.125,1.125,344,2021-05-12 17:46:00,ARPO
1.13,1.13,1.128,1.128,200,2021-05-12 17:50:00,ARPO
1.13,1.13,1.13,1.13,1744,2021-05-12 17:51:00,ARPO
1.13,1.13,1.13,1.13,244,2021-05-12 17:52:00,ARPO
1.1281,1.1281,1.1281,1.1281,250,2021-05-12 17:54:00,ARPO
1.13,1.13,1.1201,1.1201,2100,2021-05-12 17:55:00,ARPO
1.1214,1.1214,1.1214,1.1214,1000,2021-05-12 17:58:00,ARPO
1.13,1.13,1.13,1.13,25344,2021-05-12 17:59:00,ARPO
1.125,1.125,1.125,1.125,380,2021-05-12 18:00:00,ARPO
1.125,1.125,1.125,1.125,2000,2021-05-12 18:01:00,ARPO
1.13,1.13,1.13,1.13,2250,2021-05-12 18:02:00,ARPO
1.1207,1.13,1.1207,1.13,5100,2021-05-12 18:03:00,ARPO
1.13,1.13,1.125,1.125,600,2021-05-12 18:06:00,ARPO
1.13,1.13,1.13,1.13,2000,2021-05-12 18:07:00,ARPO
1.1201,1.13,1.1201,1.13,322,2021-05-12 18:08:00,ARPO
1.125,1.125,1.125,1.125,100,2021-05-12 18:12:00,ARPO
1.1201,1.1201,1.12,1.12,5100,2021-05-12 18:13:00,ARPO
1.13,1.13,1.13,1.13,16804,2021-05-12 18:14:00,ARPO
1.13,1.13,1.122,1.122,1000,2021-05-12 18:16:00,ARPO
1.1229,1.13,1.1229,1.13,2000,2021-05-12 18:18:00,ARPO
1.13,1.13,1.13,1.13,940,2021-05-12 18:19:00,ARPO
1.125,1.125,1.125,1.125,200,2021-05-12 18:21:00,ARPO
1.13,1.138,1.13,1.138,6150,2021-05-12 18:22:00,ARPO
1.13,1.13,1.13,1.13,1153,2021-05-12 18:23:00,ARPO
1.14,1.14,1.138,1.14,10141,2021-05-12 18:24:00,ARPO
1.135,1.135,1.135,1.135,200,2021-05-12 18:26:00,ARPO
1.14,1.14,1.13,1.13,17416,2021-05-12 18:30:00,ARPO
1.1301,1.1301,1.1301,1.1301,1000,2021-05-12 18:31:00,ARPO
1.14,1.1487,1.14,1.1487,12650,2021-05-12 18:33:00,ARPO
1.1499,1.15,1.1499,1.15,16800,2021-05-12 18:34:00,ARPO
1.15,1.16,1.15,1.16,3525,2021-05-12 18:35:00,ARPO
1.15,1.15,1.15,1.15,2100,2021-05-12 18:36:00,ARPO
1.1568,1.16,1.1568,1.16,23050,2021-05-12 18:37:00,ARPO
1.16,1.17,1.152,1.152,1200,2021-05-12 18:38:00,ARPO
1.15,1.15,1.15,1.15,250,2021-05-12 18:41:00,ARPO
1.15,1.16,1.15,1.16,3951,2021-05-12 18:42:00,ARPO
1.17,1.17,1.16,1.17,4205,2021-05-12 18:43:00,ARPO
1.165,1.18,1.165,1.17,31230,2021-05-12 18:44:00,ARPO
1.171,1.171,1.17,1.17,19104,2021-05-12 18:45:00,ARPO
1.17,1.19,1.17,1.18,37189,2021-05-12 18:46:00,ARPO
1.1867,1.19,1.1867,1.19,1200,2021-05-12 18:47:00,ARPO
1.18,1.18,1.171,1.18,7800,2021-05-12 18:48:00,ARPO
1.17,1.19,1.17,1.19,72154,2021-05-12 18:49:00,ARPO
1.1999,1.2,1.19,1.1902,35302,2021-05-12 18:50:00,ARPO
1.19,1.2,1.18,1.182,29467,2021-05-12 18:51:00,ARPO
1.185,1.19,1.18,1.19,6754,2021-05-12 18:52:00,ARPO
1.18,1.185,1.18,1.185,9400,2021-05-12 18:53:00,ARPO
1.18,1.18,1.18,1.18,1700,2021-05-12 18:54:00,ARPO
1.18,1.18,1.18,1.18,1000,2021-05-12 18:56:00,ARPO
1.18,1.18,1.18,1.18,300,2021-05-12 18:57:00,ARPO
1.1746,1.1746,1.1746,1.1746,100,2021-05-12 18:58:00,ARPO
1.18,1.19,1.18,1.18,6550,2021-05-12 18:59:00,ARPO
1.18,1.18,1.18,1.18,1000,2021-05-12 19:00:00,ARPO
1.1801,1.1814,1.1801,1.1814,700,2021-05-12 19:01:00,ARPO
1.18,1.18,1.18,1.18,200,2021-05-12 19:02:00,ARPO
1.18,1.18,1.18,1.18,6904,2021-05-12 19:03:00,ARPO
1.18,1.19,1.18,1.1815,2225,2021-05-12 19:04:00,ARPO
1.185,1.185,1.17,1.17,12769,2021-05-12 19:05:00,ARPO
1.1701,1.1701,1.1701,1.1701,1400,2021-05-12 19:06:00,ARPO
1.175,1.18,1.175,1.18,6221,2021-05-12 19:07:00,ARPO
1.18,1.18,1.1778,1.1799,3178,2021-05-12 19:08:00,ARPO
1.1714,1.1714,1.17,1.17,1440,2021-05-12 19:09:00,ARPO
1.17,1.18,1.17,1.18,7793,2021-05-12 19:10:00,ARPO
1.17,1.18,1.17,1.18,8014,2021-05-12 19:11:00,ARPO
1.1785,1.1785,1.17,1.17,10000,2021-05-12 19:14:00,ARPO
1.17,1.17,1.167,1.167,200,2021-05-12 19:17:00,ARPO
1.17,1.17,1.1689,1.17,800,2021-05-12 19:18:00,ARPO
1.17,1.17,1.16,1.17,1400,2021-05-12 19:19:00,ARPO
1.1601,1.17,1.16,1.16,37754,2021-05-12 19:20:00,ARPO
1.16,1.17,1.16,1.16,5100,2021-05-12 19:21:00,ARPO
1.16,1.17,1.16,1.17,2600,2021-05-12 19:22:00,ARPO
1.17,1.17,1.1644,1.1678,1090,2021-05-12 19:23:00,ARPO
1.1618,1.1618,1.16,1.16,12246,2021-05-12 19:24:00,ARPO
1.16,1.16,1.16,1.16,509,2021-05-12 19:25:00,ARPO
1.16,1.17,1.16,1.17,4400,2021-05-12 19:26:00,ARPO
1.16,1.1615,1.16,1.1615,984,2021-05-12 19:27:00,ARPO
1.16,1.16,1.155,1.155,3206,2021-05-12 19:28:00,ARPO
1.16,1.16,1.1586,1.1586,440,2021-05-12 19:29:00,ARPO
1.152,1.16,1.152,1.16,1100,2021-05-12 19:31:00,ARPO
1.1512,1.1512,1.1512,1.1512,2284,2021-05-12 19:34:00,ARPO
1.15,1.1588,1.15,1.15,19800,2021-05-12 19:35:00,ARPO
1.145,1.145,1.145,1.145,700,2021-05-12 19:36:00,ARPO
1.14,1.145,1.14,1.145,7100,2021-05-12 19:37:00,ARPO
1.1404,1.145,1.13,1.135,29892,2021-05-12 19:38:00,ARPO
1.138,1.14,1.1306,1.1395,18400,2021-05-12 19:39:00,ARPO
1.135,1.135,1.1313,1.1313,774,2021-05-12 19:40:00,ARPO
1.14,1.14,1.1314,1.1314,10290,2021-05-12 19:41:00,ARPO
1.14,1.14,1.1317,1.1317,2600,2021-05-12 19:42:00,ARPO
1.14,1.14,1.1321,1.14,4772,2021-05-12 19:43:00,ARPO
1.14,1.15,1.135,1.1415,27495,2021-05-12 19:44:00,ARPO
1.142,1.145,1.142,1.145,4000,2021-05-12 19:45:00,ARPO
1.15,1.15,1.15,1.15,2903,2021-05-12 19:46:00,ARPO
1.1493,1.1499,1.149,1.1499,3550,2021-05-12 19:47:00,ARPO
1.15,1.15,1.15,1.15,11738,2021-05-12 19:49:00,ARPO
1.1401,1.1401,1.1401,1.1401,100,2021-05-12 19:50:00,ARPO
1.145,1.145,1.145,1.145,200,2021-05-12 19:51:00,ARPO
1.1417,1.15,1.14,1.14,1619,2021-05-12 19:52:00,ARPO
1.1452,1.15,1.14,1.147,3500,2021-05-12 19:53:00,ARPO
1.14,1.1458,1.14,1.1458,200,2021-05-12 19:54:00,ARPO
1.145,1.15,1.145,1.15,4800,2021-05-12 19:55:00,ARPO
1.1473,1.15,1.1473,1.1494,2172,2021-05-12 19:57:00,ARPO
1.15,1.15,1.14,1.1462,825,2021-05-12 19:58:00,ARPO
1.1491,1.15,1.14,1.15,4508,2021-05-12 19:59:00,ARPO
1.16,1.16,1.16,1.16,4691,2021-05-12 20:00:00,ARPO
1.1599,1.1599,1.1599,1.1599,100,2021-05-12 20:05:00,ARPO
1.1301,1.16,1.1301,1.16,1100,2021-05-12 20:07:00,ARPO
1.17,1.17,1.17,1.17,500,2021-05-12 20:10:00,ARPO
1.1399,1.1399,1.1399,1.1399,100,2021-05-12 20:17:00,ARPO
1.1301,1.1301,1.1301,1.1301,700,2021-05-12 20:18:00,ARPO
1.1301,1.14,1.1301,1.14,1750,2021-05-12 20:21:00,ARPO
1.14,1.14,1.14,1.14,4762,2021-05-12 20:22:00,ARPO
1.14,1.14,1.14,1.14,250,2021-05-12 20:29:00,ARPO
1.14,1.14,1.1301,1.1301,620,2021-05-12 20:31:00,ARPO
1.13,1.13,1.13,1.13,5194,2021-05-12 20:33:00,ARPO
1.14,1.14,1.14,1.14,800,2021-05-12 20:39:00,ARPO
1.15,1.15,1.15,1.15,250,2021-05-12 20:40:00,ARPO
1.13,1.13,1.13,1.13,100,2021-05-12 21:49:00,ARPO
1.15,1.15,1.15,1.15,200,2021-05-12 22:59:00,ARPO
1.1301,1.1301,1.1301,1.1301,100,2021-05-12 23:12:00,ARPO
1.15,1.15,1.15,1.15,500,2021-05-13 09:59:00,ARPO
1.15,1.15,1.15,1.15,300,2021-05-13 11:35:00,ARPO
1.14,1.14,1.14,1.14,400,2021-05-13 12:36:00,ARPO
1.14,1.14,1.14,1.14,2000,2021-05-13 12:58:00,ARPO
1.15,1.16,1.15,1.1522,6175,2021-05-13 13:30:00,ARPO
1.15,1.18,1.145,1.18,24127,2021-05-13 13:31:00,ARPO
1.18,1.18,1.18,1.18,2433,2021-05-13 13:32:00,ARPO
1.1701,1.1763,1.17,1.17,9100,2021-05-13 13:33:00,ARPO
1.18,1.18,1.1743,1.1743,19578,2021-05-13 13:34:00,ARPO
1.18,1.18,1.18,1.18,6647,2021-05-13 13:35:00,ARPO
1.18,1.18,1.18,1.18,2800,2021-05-13 13:36:00,ARPO
1.18,1.18,1.18,1.18,100,2021-05-13 13:37:00,ARPO
1.175,1.175,1.16,1.16,16300,2021-05-13 13:38:00,ARPO
1.16,1.16,1.16,1.16,9695,2021-05-13 13:39:00,ARPO
1.1501,1.1599,1.1501,1.1599,500,2021-05-13 13:40:00,ARPO
1.16,1.16,1.16,1.16,2200,2021-05-13 13:43:00,ARPO
1.165,1.165,1.16,1.16,7700,2021-05-13 13:44:00,ARPO
1.15,1.15,1.15,1.15,43391,2021-05-13 13:45:00,ARPO
1.14,1.145,1.11,1.11,32358,2021-05-13 13:47:00,ARPO
1.12,1.13,1.12,1.1263,5650,2021-05-13 13:48:00,ARPO
1.13,1.14,1.13,1.1308,8375,2021-05-13 13:49:00,ARPO
1.1301,1.1301,1.13,1.13,3800,2021-05-13 13:50:00,ARPO
1.1305,1.1305,1.13,1.13,2300,2021-05-13 13:51:00,ARPO
1.13,1.1301,1.13,1.1301,205,2021-05-13 13:53:00,ARPO
1.13,1.14,1.13,1.13,10600,2021-05-13 13:54:00,ARPO
1.13,1.13,1.13,1.13,100,2021-05-13 13:56:00,ARPO
1.13,1.13,1.13,1.13,100,2021-05-13 13:57:00,ARPO
1.13,1.13,1.13,1.13,200,2021-05-13 13:59:00,ARPO
1.1395,1.1395,1.13,1.13,2900,2021-05-13 14:00:00,ARPO
1.13,1.13,1.13,1.13,200,2021-05-13 14:01:00,ARPO
1.14,1.14,1.13,1.14,22900,2021-05-13 14:02:00,ARPO
1.13,1.13,1.13,1.13,8200,2021-05-13 14:03:00,ARPO
1.135,1.14,1.13,1.13,26234,2021-05-13 14:09:00,ARPO
1.1306,1.1306,1.13,1.13,1400,2021-05-13 14:10:00,ARPO
1.13,1.13,1.12,1.12,20272,2021-05-13 14:14:00,ARPO
1.12,1.13,1.12,1.125,13335,2021-05-13 14:15:00,ARPO
1.129,1.129,1.129,1.129,1000,2021-05-13 14:16:00,ARPO
1.125,1.125,1.1223,1.1223,1200,2021-05-13 14:17:00,ARPO
1.125,1.125,1.125,1.125,100,2021-05-13 14:19:00,ARPO
1.125,1.13,1.125,1.13,6000,2021-05-13 14:21:00,ARPO
1.13,1.13,1.13,1.13,8100,2021-05-13 14:23:00,ARPO
1.13,1.13,1.13,1.13,400,2021-05-13 14:24:00,ARPO
1.13,1.14,1.13,1.14,8334,2021-05-13 14:28:00,ARPO
1.13,1.13,1.13,1.13,100,2021-05-13 14:29:00,ARPO
1.14,1.14,1.135,1.135,200,2021-05-13 14:30:00,ARPO
1.1327,1.135,1.1327,1.135,200,2021-05-13 14:31:00,ARPO
1.1319,1.1321,1.13,1.13,2600,2021-05-13 14:32:00,ARPO
1.13,1.13,1.13,1.13,5000,2021-05-13 14:33:00,ARPO
1.13,1.135,1.13,1.13,14300,2021-05-13 14:36:00,ARPO
1.13,1.135,1.12,1.12,22975,2021-05-13 14:43:00,ARPO
1.12,1.12,1.12,1.12,2600,2021-05-13 14:44:00,ARPO
1.12,1.12,1.11,1.115,15546,2021-05-13 14:45:00,ARPO
1.1161,1.1161,1.1161,1.1161,1500,2021-05-13 14:46:00,ARPO
1.115,1.115,1.115,1.115,650,2021-05-13 14:48:00,ARPO
1.1101,1.1112,1.11,1.1112,2200,2021-05-13 14:49:00,ARPO
1.1106,1.1106,1.1106,1.1106,5000,2021-05-13 14:51:00,ARPO
1.1195,1.1195,1.11,1.11,5200,2021-05-13 14:52:00,ARPO
1.1146,1.1146,1.1146,1.1146,300,2021-05-13 14:54:00,ARPO
1.11,1.11,1.11,1.11,100,2021-05-13 14:56:00,ARPO
1.1158,1.1158,1.1158,1.1158,400,2021-05-13 14:58:00,ARPO
1.12,1.12,1.11,1.11,1200,2021-05-13 15:01:00,ARPO
1.115,1.115,1.115,1.115,200,2021-05-13 15:04:00,ARPO
1.1106,1.115,1.11,1.11,7600,2021-05-13 15:15:00,ARPO
1.11,1.11,1.11,1.11,200,2021-05-13 15:17:00,ARPO
1.115,1.115,1.115,1.115,900,2021-05-13 15:19:00,ARPO
1.12,1.12,1.11,1.11,5068,2021-05-13 15:26:00,ARPO
1.1111,1.1111,1.11,1.11,1100,2021-05-13 15:27:00,ARPO
1.12,1.12,1.11,1.11,17511,2021-05-13 15:29:00,ARPO
1.12,1.12,1.1175,1.1175,360,2021-05-13 15:33:00,ARPO
1.11,1.11,1.11,1.11,100,2021-05-13 15:34:00,ARPO
1.12,1.12,1.11,1.11,1000,2021-05-13 15:35:00,ARPO
1.11,1.11,1.11,1.11,200,2021-05-13 15:36:00,ARPO
1.115,1.12,1.11,1.11,12700,2021-05-13 15:41:00,ARPO
1.11,1.11,1.11,1.11,1000,2021-05-13 15:42:00,ARPO
1.12,1.12,1.1,1.1,36450,2021-05-13 15:45:00,ARPO
1.1,1.1,1.09,1.09,11300,2021-05-13 15:46:00,ARPO
1.095,1.095,1.095,1.095,250,2021-05-13 15:48:00,ARPO
1.1,1.1,1.09,1.09,1335,2021-05-13 15:49:00,ARPO
1.09,1.0908,1.09,1.0908,1000,2021-05-13 15:50:00,ARPO
1.0915,1.095,1.0915,1.095,300,2021-05-13 15:51:00,ARPO
1.09,1.1,1.09,1.1,600,2021-05-13 15:52:00,ARPO
1.1,1.108,1.1,1.105,10562,2021-05-13 15:53:00,ARPO
1.1,1.1,1.1,1.1,2000,2021-05-13 15:57:00,ARPO
1.1,1.1,1.1,1.1,3050,2021-05-13 15:59:00,ARPO
1.1079,1.1079,1.1001,1.1001,1100,2021-05-13 16:00:00,ARPO
1.1017,1.1017,1.1,1.1,292,2021-05-13 16:06:00,ARPO
1.1,1.1,1.1,1.1,100,2021-05-13 16:10:00,ARPO
1.1099,1.1099,1.1099,1.1099,100,2021-05-13 16:14:00,ARPO
1.105,1.105,1.1,1.1,2200,2021-05-13 16:15:00,ARPO
1.1012,1.1012,1.1012,1.1012,300,2021-05-13 16:17:00,ARPO
1.1004,1.1004,1.1,1.1,4900,2021-05-13 16:22:00,ARPO
1.095,1.098,1.09,1.09,2695,2021-05-13 16:32:00,ARPO
1.0917,1.0917,1.0917,1.0917,870,2021-05-13 16:34:00,ARPO
1.09,1.09,1.09,1.09,200,2021-05-13 16:38:00,ARPO
1.095,1.095,1.092,1.092,200,2021-05-13 16:39:00,ARPO
1.095,1.095,1.095,1.095,5000,2021-05-13 16:43:00,ARPO
1.0938,1.0938,1.0938,1.0938,100,2021-05-13 16:45:00,ARPO
1.092,1.092,1.092,1.092,100,2021-05-13 16:50:00,ARPO
1.095,1.095,1.095,1.095,100,2021-05-13 16:53:00,ARPO
1.0925,1.0925,1.09,1.09,10000,2021-05-13 16:55:00,ARPO
1.09,1.09,1.09,1.09,7900,2021-05-13 16:56:00,ARPO
1.09,1.09,1.09,1.09,4773,2021-05-13 16:57:00,ARPO
1.091,1.091,1.09,1.09,2800,2021-05-13 17:00:00,ARPO
1.0942,1.0942,1.09,1.09,2600,2021-05-13 17:08:00,ARPO
1.09,1.09,1.09,1.09,338,2021-05-13 17:09:00,ARPO
1.0901,1.0901,1.0901,1.0901,1600,2021-05-13 17:12:00,ARPO
1.095,1.095,1.07,1.07,19422,2021-05-13 17:13:00,ARPO
1.0799,1.0799,1.0799,1.0799,2000,2021-05-13 17:14:00,ARPO
1.0717,1.0717,1.0717,1.0717,100,2021-05-13 17:15:00,ARPO
1.0795,1.0795,1.0795,1.0795,2500,2021-05-13 17:16:00,ARPO
1.08,1.081,1.075,1.08,21269,2021-05-13 17:17:00,ARPO
1.08,1.08,1.0795,1.0795,2100,2021-05-13 17:18:00,ARPO
1.08,1.08,1.08,1.08,9617,2021-05-13 17:19:00,ARPO
1.085,1.085,1.085,1.085,100,2021-05-13 17:23:00,ARPO
1.085,1.085,1.08,1.08,11340,2021-05-13 17:33:00,ARPO
1.08,1.08,1.08,1.08,900,2021-05-13 17:34:00,ARPO
1.0805,1.0805,1.0805,1.0805,1300,2021-05-13 17:36:00,ARPO
1.08,1.08,1.07,1.07,3685,2021-05-13 17:37:00,ARPO
1.073,1.073,1.073,1.073,1500,2021-05-13 17:38:00,ARPO
1.07,1.07,1.07,1.07,396,2021-05-13 17:39:00,ARPO
1.07,1.07,1.06,1.0601,2912,2021-05-13 17:40:00,ARPO
1.0692,1.0692,1.0692,1.0692,1000,2021-05-13 17:41:00,ARPO
1.07,1.07,1.07,1.07,1200,2021-05-13 17:42:00,ARPO
1.07,1.07,1.07,1.07,800,2021-05-13 17:43:00,ARPO
1.07,1.07,1.06,1.06,1100,2021-05-13 17:44:00,ARPO
1.0637,1.0637,1.0637,1.0637,500,2021-05-13 17:45:00,ARPO
1.07,1.07,1.065,1.065,2700,2021-05-13 17:47:00,ARPO
1.065,1.065,1.065,1.065,750,2021-05-13 17:48:00,ARPO
1.0699,1.0699,1.0699,1.0699,110,2021-05-13 17:53:00,ARPO
1.0699,1.0699,1.06,1.06,10286,2021-05-13 17:54:00,ARPO
1.06,1.06,1.06,1.06,100,2021-05-13 17:56:00,ARPO
1.0615,1.0615,1.0615,1.0615,100,2021-05-13 17:58:00,ARPO
1.065,1.065,1.065,1.065,400,2021-05-13 18:03:00,ARPO
1.065,1.065,1.065,1.065,100,2021-05-13 18:04:00,ARPO
1.065,1.075,1.065,1.075,23200,2021-05-13 18:06:00,ARPO
1.075,1.08,1.07,1.07,84234,2021-05-13 18:08:00,ARPO
1.07,1.07,1.065,1.0682,3600,2021-05-13 18:09:00,ARPO
1.07,1.07,1.07,1.07,400,2021-05-13 18:10:00,ARPO
1.07,1.07,1.07,1.07,300,2021-05-13 18:11:00,ARPO
1.065,1.065,1.065,1.065,2554,2021-05-13 18:13:00,ARPO
1.06,1.06,1.06,1.06,200,2021-05-13 18:17:00,ARPO
1.065,1.065,1.065,1.065,180,2021-05-13 18:24:00,ARPO
1.07,1.07,1.07,1.07,100,2021-05-13 18:26:00,ARPO
1.07,1.07,1.07,1.07,100,2021-05-13 18:33:00,ARPO
1.07,1.07,1.0601,1.0601,3700,2021-05-13 18:34:00,ARPO
1.0616,1.08,1.0616,1.0701,23416,2021-05-13 18:38:00,ARPO
1.0784,1.0784,1.0784,1.0784,300,2021-05-13 18:39:00,ARPO
1.08,1.08,1.08,1.08,10000,2021-05-13 18:40:00,ARPO
1.075,1.08,1.075,1.075,10341,2021-05-13 18:42:00,ARPO
1.075,1.075,1.07,1.07,200,2021-05-13 18:43:00,ARPO
1.075,1.075,1.075,1.075,100,2021-05-13 18:45:00,ARPO
1.0713,1.0713,1.0713,1.0713,450,2021-05-13 18:46:00,ARPO
1.07,1.07,1.06,1.06,15300,2021-05-13 18:48:00,ARPO
1.0663,1.0663,1.0663,1.0663,600,2021-05-13 18:51:00,ARPO
1.0656,1.0656,1.0656,1.0656,200,2021-05-13 18:53:00,ARPO
1.06,1.06,1.06,1.06,100,2021-05-13 18:54:00,ARPO
1.065,1.065,1.065,1.065,100,2021-05-13 18:59:00,ARPO
1.065,1.065,1.065,1.065,600,2021-05-13 19:01:00,ARPO
1.0601,1.0601,1.0601,1.0601,100,2021-05-13 19:04:00,ARPO
1.0683,1.0683,1.06,1.06,600,2021-05-13 19:06:00,ARPO
1.0616,1.0616,1.0616,1.0616,100,2021-05-13 19:08:00,ARPO
1.065,1.065,1.065,1.065,100,2021-05-13 19:10:00,ARPO
1.0695,1.0695,1.065,1.065,2600,2021-05-13 19:11:00,ARPO
1.06,1.065,1.06,1.065,8100,2021-05-13 19:19:00,ARPO
1.0601,1.065,1.055,1.055,18239,2021-05-13 19:22:00,ARPO
1.06,1.06,1.06,1.06,1820,2021-05-13 19:23:00,ARPO
1.06,1.06,1.06,1.06,100,2021-05-13 19:31:00,ARPO
1.055,1.055,1.05,1.05,500,2021-05-13 19:35:00,ARPO
1.06,1.06,1.06,1.06,100,2021-05-13 19:37:00,ARPO
1.0599,1.0599,1.0599,1.0599,100,2021-05-13 19:38:00,ARPO
1.06,1.06,1.06,1.06,200,2021-05-13 19:39:00,ARPO
1.06,1.06,1.06,1.06,200,2021-05-13 19:42:00,ARPO
1.06,1.06,1.06,1.06,100,2021-05-13 19:43:00,ARPO
1.05,1.055,1.05,1.05,7800,2021-05-13 19:45:00,ARPO
1.0587,1.0587,1.055,1.055,200,2021-05-13 19:46:00,ARPO
1.055,1.055,1.055,1.055,299,2021-05-13 19:47:00,ARPO
1.06,1.06,1.06,1.06,4000,2021-05-13 19:49:00,ARPO
1.055,1.055,1.055,1.055,200,2021-05-13 19:50:00,ARPO
1.055,1.055,1.055,1.055,600,2021-05-13 19:53:00,ARPO
1.0594,1.0594,1.0594,1.0594,500,2021-05-13 19:54:00,ARPO
1.055,1.055,1.055,1.055,500,2021-05-13 19:55:00,ARPO
1.06,1.06,1.06,1.06,29494,2021-05-13 19:56:00,ARPO
1.065,1.075,1.065,1.075,16700,2021-05-13 19:57:00,ARPO
1.075,1.08,1.075,1.075,12030,2021-05-13 19:58:00,ARPO
1.07,1.08,1.07,1.08,5805,2021-05-13 19:59:00,ARPO
1.07,1.07,1.07,1.07,5235,2021-05-13 20:00:00,ARPO
1.08,1.08,1.08,1.08,500,2021-05-13 21:12:00,ARPO
1.06,1.06,1.06,1.06,500,2021-05-13 22:09:00,ARPO
1.08,1.08,1.08,1.08,410,2021-05-13 22:56:00,ARPO
1.06,1.06,1.06,1.06,500,2021-05-13 23:03:00,ARPO
1.08,1.08,1.08,1.08,600,2021-05-13 23:38:00,ARPO
1.06,1.06,1.06,1.06,200,2021-05-13 23:56:00,ARPO
1.03,1.03,1.03,1.03,200,2021-05-14 10:46:00,ARPO
1.13,1.13,1.13,1.13,700,2021-05-14 13:10:00,ARPO
1.08,1.09,1.08,1.09,2181,2021-05-14 13:30:00,ARPO
1.088,1.09,1.088,1.09,3160,2021-05-14 13:32:00,ARPO
1.091,1.091,1.09,1.09,2200,2021-05-14 13:33:00,ARPO
1.0923,1.0923,1.0923,1.0923,100,2021-05-14 13:34:00,ARPO
1.0914,1.0925,1.09,1.0925,3100,2021-05-14 13:35:00,ARPO
1.09,1.09,1.09,1.09,8600,2021-05-14 13:36:00,ARPO
1.09,1.0909,1.09,1.0909,200,2021-05-14 13:37:00,ARPO
1.095,1.095,1.095,1.095,100,2021-05-14 13:38:00,ARPO
1.09,1.09,1.09,1.09,10300,2021-05-14 13:39:00,ARPO
1.093,1.093,1.093,1.093,100,2021-05-14 13:40:00,ARPO
1.095,1.0994,1.095,1.0994,800,2021-05-14 13:41:00,ARPO
1.09,1.09,1.09,1.09,100,2021-05-14 13:42:00,ARPO
1.09,1.0901,1.09,1.09,19571,2021-05-14 13:44:00,ARPO
1.095,1.095,1.095,1.095,200,2021-05-14 13:45:00,ARPO
1.0935,1.0935,1.0935,1.0935,100,2021-05-14 13:46:00,ARPO
1.0933,1.0933,1.0916,1.0916,300,2021-05-14 13:47:00,ARPO
1.0916,1.0916,1.0916,1.0916,200,2021-05-14 13:48:00,ARPO
1.0916,1.0991,1.0916,1.0916,411,2021-05-14 13:49:00,ARPO
1.0933,1.0933,1.0933,1.0933,200,2021-05-14 13:50:00,ARPO
1.0916,1.0916,1.0916,1.0916,200,2021-05-14 13:51:00,ARPO
1.0916,1.0916,1.081,1.081,25009,2021-05-14 13:54:00,ARPO
1.0825,1.0825,1.0825,1.0825,100,2021-05-14 13:57:00,ARPO
1.09,1.09,1.09,1.09,20631,2021-05-14 13:58:00,ARPO
1.0933,1.0933,1.0933,1.0933,100,2021-05-14 13:59:00,ARPO
1.0918,1.1,1.09,1.1,23707,2021-05-14 14:00:00,ARPO
1.1,1.105,1.1,1.1015,3700,2021-05-14 14:01:00,ARPO
1.11,1.11,1.1,1.1,20200,2021-05-14 14:02:00,ARPO
1.11,1.11,1.1,1.1,2336,2021-05-14 14:04:00,ARPO
1.105,1.11,1.105,1.11,15300,2021-05-14 14:05:00,ARPO
1.105,1.105,1.105,1.105,200,2021-05-14 14:06:00,ARPO
1.1099,1.1099,1.1099,1.1099,5000,2021-05-14 14:07:00,ARPO
1.1009,1.1009,1.1009,1.1009,700,2021-05-14 14:08:00,ARPO
1.1,1.101,1.1,1.101,600,2021-05-14 14:09:00,ARPO
1.1016,1.1016,1.1016,1.1016,100,2021-05-14 14:10:00,ARPO
1.1016,1.105,1.101,1.1016,800,2021-05-14 14:11:00,ARPO
1.105,1.105,1.101,1.101,300,2021-05-14 14:12:00,ARPO
1.101,1.105,1.1,1.105,2218,2021-05-14 14:13:00,ARPO
1.1033,1.1033,1.1033,1.1033,100,2021-05-14 14:14:00,ARPO
1.1001,1.1018,1.1001,1.1018,1100,2021-05-14 14:16:00,ARPO
1.1,1.105,1.1,1.105,1300,2021-05-14 14:17:00,ARPO
1.105,1.105,1.1017,1.1017,450,2021-05-14 14:18:00,ARPO
1.1031,1.1031,1.1031,1.1031,100,2021-05-14 14:19:00,ARPO
1.1,1.1,1.1,1.1,400,2021-05-14 14:21:00,ARPO
1.105,1.1096,1.105,1.105,8257,2021-05-14 14:24:00,ARPO
1.1017,1.12,1.1017,1.12,19900,2021-05-14 14:26:00,ARPO
1.1207,1.125,1.1207,1.125,300,2021-05-14 14:27:00,ARPO
1.1209,1.13,1.12,1.13,5900,2021-05-14 14:28:00,ARPO
1.125,1.125,1.125,1.125,100,2021-05-14 14:29:00,ARPO
1.125,1.125,1.115,1.115,5525,2021-05-14 14:30:00,ARPO
1.12,1.13,1.12,1.13,23699,2021-05-14 14:31:00,ARPO
1.12,1.12,1.12,1.12,200,2021-05-14 14:35:00,ARPO
1.1225,1.1225,1.12,1.12,700,2021-05-14 14:36:00,ARPO
1.125,1.125,1.125,1.125,100,2021-05-14 14:37:00,ARPO
1.1225,1.1225,1.1225,1.1225,100,2021-05-14 14:38:00,ARPO
1.1225,1.1225,1.1225,1.1225,100,2021-05-14 14:39:00,ARPO
1.1217,1.1217,1.1217,1.1217,770,2021-05-14 14:40:00,ARPO
1.1299,1.1299,1.12,1.125,5300,2021-05-14 14:41:00,ARPO
1.125,1.125,1.12,1.125,700,2021-05-14 14:42:00,ARPO
1.1225,1.1225,1.1225,1.1225,100,2021-05-14 14:43:00,ARPO
1.125,1.125,1.125,1.125,5100,2021-05-14 14:44:00,ARPO
1.1225,1.1225,1.1225,1.1225,200,2021-05-14 14:46:00,ARPO
1.1225,1.125,1.1222,1.125,300,2021-05-14 14:47:00,ARPO
1.1212,1.125,1.12,1.12,3592,2021-05-14 14:48:00,ARPO
1.1225,1.1225,1.12,1.1207,5200,2021-05-14 14:49:00,ARPO
1.125,1.125,1.1234,1.1234,200,2021-05-14 14:52:00,ARPO
1.12,1.12,1.12,1.12,100,2021-05-14 14:53:00,ARPO
1.125,1.125,1.12,1.12,1400,2021-05-14 14:56:00,ARPO
1.125,1.125,1.12,1.12,800,2021-05-14 14:57:00,ARPO
1.1224,1.1224,1.1224,1.1224,100,2021-05-14 15:00:00,ARPO
1.125,1.125,1.125,1.125,100,2021-05-14 15:02:00,ARPO
1.1224,1.1224,1.1224,1.1224,100,2021-05-14 15:03:00,ARPO
1.12,1.1224,1.12,1.12,550,2021-05-14 15:04:00,ARPO
1.1224,1.1224,1.1224,1.1224,100,2021-05-14 15:05:00,ARPO
1.125,1.125,1.125,1.125,600,2021-05-14 15:07:00,ARPO
1.1299,1.1299,1.1299,1.1299,5000,2021-05-14 15:08:00,ARPO
1.1273,1.1293,1.12,1.12,10200,2021-05-14 15:10:00,ARPO
1.12,1.12,1.12,1.12,200,2021-05-14 15:11:00,ARPO
1.12,1.1225,1.12,1.1225,1600,2021-05-14 15:12:00,ARPO
1.12,1.12,1.12,1.12,100,2021-05-14 15:13:00,ARPO
1.125,1.125,1.1225,1.1225,200,2021-05-14 15:14:00,ARPO
1.12,1.12,1.12,1.12,1150,2021-05-14 15:22:00,ARPO
1.125,1.125,1.125,1.125,300,2021-05-14 15:23:00,ARPO
1.1224,1.1224,1.1224,1.1224,100,2021-05-14 15:26:00,ARPO
1.1208,1.1208,1.1208,1.1208,100,2021-05-14 15:30:00,ARPO
1.125,1.125,1.1224,1.1224,200,2021-05-14 15:31:00,ARPO
1.125,1.125,1.125,1.125,100,2021-05-14 15:32:00,ARPO
1.1224,1.1224,1.12,1.1217,800,2021-05-14 15:33:00,ARPO
1.1214,1.1214,1.1214,1.1214,1000,2021-05-14 15:35:00,ARPO
1.1246,1.1246,1.1246,1.1246,400,2021-05-14 15:36:00,ARPO
1.125,1.125,1.125,1.125,500,2021-05-14 15:40:00,ARPO
1.13,1.13,1.13,1.13,16971,2021-05-14 15:42:00,ARPO
1.13,1.13,1.13,1.13,8334,2021-05-14 15:43:00,ARPO
1.14,1.14,1.14,1.14,10470,2021-05-14 15:45:00,ARPO
1.141,1.15,1.141,1.15,1050,2021-05-14 15:46:00,ARPO
1.1495,1.1495,1.1495,1.1495,5000,2021-05-14 15:47:00,ARPO
1.145,1.145,1.14,1.14,32301,2021-05-14 15:49:00,ARPO
1.1411,1.1411,1.1411,1.1411,390,2021-05-14 15:52:00,ARPO
1.1407,1.1407,1.14,1.14,1200,2021-05-14 15:54:00,ARPO
1.145,1.145,1.145,1.145,100,2021-05-14 15:55:00,ARPO
1.145,1.148,1.145,1.148,10000,2021-05-14 15:56:00,ARPO
1.15,1.15,1.15,1.15,500,2021-05-14 15:57:00,ARPO
1.141,1.141,1.141,1.141,700,2021-05-14 16:01:00,ARPO
1.145,1.145,1.145,1.145,100,2021-05-14 16:03:00,ARPO
1.1406,1.1406,1.14,1.14,1800,2021-05-14 16:04:00,ARPO
1.145,1.145,1.145,1.145,100,2021-05-14 16:05:00,ARPO
1.14,1.14,1.14,1.14,300,2021-05-14 16:08:00,ARPO
1.1407,1.1407,1.14,1.14,1200,2021-05-14 16:09:00,ARPO
1.15,1.15,1.15,1.15,8774,2021-05-14 16:15:00,ARPO
1.15,1.15,1.15,1.15,8500,2021-05-14 16:17:00,ARPO
1.145,1.145,1.145,1.145,100,2021-05-14 16:20:00,ARPO
1.1437,1.1437,1.1437,1.1437,900,2021-05-14 16:22:00,ARPO
1.14,1.1441,1.14,1.1441,600,2021-05-14 16:23:00,ARPO
1.14,1.1446,1.14,1.1446,300,2021-05-14 16:24:00,ARPO
1.14,1.14,1.14,1.14,100,2021-05-14 16:25:00,ARPO
1.1407,1.1407,1.1407,1.1407,1000,2021-05-14 16:30:00,ARPO
1.14,1.1418,1.14,1.1418,200,2021-05-14 16:32:00,ARPO
1.145,1.145,1.14,1.14,800,2021-05-14 16:33:00,ARPO
1.1417,1.145,1.1417,1.145,200,2021-05-14 16:34:00,ARPO
1.1417,1.145,1.1417,1.145,300,2021-05-14 16:35:00,ARPO
1.1417,1.1417,1.14,1.14,300,2021-05-14 16:36:00,ARPO
1.1417,1.1438,1.1417,1.1418,300,2021-05-14 16:37:00,ARPO
1.1418,1.1443,1.1418,1.1418,300,2021-05-14 16:38:00,ARPO
1.1443,1.1443,1.1418,1.1418,200,2021-05-14 16:39:00,ARPO
1.145,1.145,1.145,1.145,2000,2021-05-14 16:41:00,ARPO
1.1434,1.1434,1.14,1.14,4169,2021-05-14 16:50:00,ARPO
1.14,1.1422,1.14,1.1422,200,2021-05-14 16:52:00,ARPO
1.145,1.145,1.1436,1.1436,200,2021-05-14 16:53:00,ARPO
1.1401,1.145,1.1401,1.145,200,2021-05-14 16:54:00,ARPO
1.14,1.1422,1.14,1.1422,400,2021-05-14 16:55:00,ARPO
1.14,1.1422,1.14,1.1422,500,2021-05-14 16:56:00,ARPO
1.14,1.14,1.14,1.14,200,2021-05-14 16:57:00,ARPO
1.14,1.14,1.14,1.14,700,2021-05-14 16:58:00,ARPO
1.14,1.14,1.14,1.14,3379,2021-05-14 16:59:00,ARPO
1.14,1.14,1.14,1.14,3300,2021-05-14 17:00:00,ARPO
1.135,1.1353,1.135,1.1353,500,2021-05-14 17:01:00,ARPO
1.1353,1.1353,1.1353,1.1353,500,2021-05-14 17:02:00,ARPO
1.132,1.132,1.132,1.132,100,2021-05-14 17:03:00,ARPO
1.1301,1.1301,1.13,1.1301,12100,2021-05-14 17:05:00,ARPO
1.13,1.13,1.12,1.12,19300,2021-05-14 17:06:00,ARPO
1.1226,1.1226,1.1226,1.1226,125,2021-05-14 17:15:00,ARPO
1.13,1.13,1.13,1.13,100,2021-05-14 17:17:00,ARPO
1.12,1.12,1.12,1.12,100,2021-05-14 17:32:00,ARPO
1.12,1.12,1.12,1.12,1200,2021-05-14 17:33:00,ARPO
1.125,1.13,1.125,1.13,16000,2021-05-14 17:43:00,ARPO
1.12,1.12,1.12,1.12,500,2021-05-14 17:46:00,ARPO
1.12,1.12,1.12,1.12,100,2021-05-14 17:49:00,ARPO
1.12,1.12,1.12,1.12,6000,2021-05-14 17:50:00,ARPO
1.1291,1.1291,1.1291,1.1291,100,2021-05-14 17:52:00,ARPO
1.122,1.13,1.12,1.12,12040,2021-05-14 17:55:00,ARPO
1.12,1.12,1.12,1.12,1000,2021-05-14 17:56:00,ARPO
1.1201,1.1201,1.1201,1.1201,7000,2021-05-14 18:00:00,ARPO
1.125,1.125,1.125,1.125,400,2021-05-14 18:05:00,ARPO
1.129,1.129,1.129,1.129,300,2021-05-14 18:11:00,ARPO
1.125,1.13,1.125,1.125,7209,2021-05-14 18:12:00,ARPO
1.12,1.12,1.12,1.12,1700,2021-05-14 18:13:00,ARPO
1.12,1.12,1.12,1.12,359,2021-05-14 18:17:00,ARPO
1.12,1.12,1.12,1.12,9900,2021-05-14 18:19:00,ARPO
1.12,1.12,1.12,1.12,1500,2021-05-14 18:20:00,ARPO
1.12,1.12,1.12,1.12,500,2021-05-14 18:22:00,ARPO
1.12,1.12,1.12,1.12,1400,2021-05-14 18:39:00,ARPO
1.1201,1.1201,1.1201,1.1201,100,2021-05-14 18:47:00,ARPO
1.12,1.1241,1.12,1.12,920,2021-05-14 18:51:00,ARPO
1.125,1.125,1.125,1.125,2350,2021-05-14 18:55:00,ARPO
1.12,1.12,1.12,1.12,900,2021-05-14 18:58:00,ARPO
1.12,1.12,1.12,1.12,100,2021-05-14 19:00:00,ARPO
1.12,1.12,1.12,1.12,200,2021-05-14 19:01:00,ARPO
1.1273,1.13,1.125,1.128,8041,2021-05-14 19:06:00,ARPO
1.13,1.13,1.13,1.13,10000,2021-05-14 19:08:00,ARPO
1.1292,1.13,1.1292,1.13,3800,2021-05-14 19:09:00,ARPO
1.13,1.13,1.1258,1.13,12080,2021-05-14 19:10:00,ARPO
1.13,1.14,1.13,1.14,10400,2021-05-14 19:11:00,ARPO
1.135,1.14,1.135,1.14,500,2021-05-14 19:12:00,ARPO
1.136,1.1456,1.136,1.1456,18676,2021-05-14 19:13:00,ARPO
1.145,1.145,1.145,1.145,300,2021-05-14 19:14:00,ARPO
1.145,1.145,1.145,1.145,300,2021-05-14 19:15:00,ARPO
1.1401,1.1492,1.1401,1.1492,4435,2021-05-14 19:20:00,ARPO
1.1499,1.1499,1.1499,1.1499,1000,2021-05-14 19:22:00,ARPO
1.145,1.145,1.145,1.145,2000,2021-05-14 19:23:00,ARPO
1.15,1.15,1.15,1.15,1825,2021-05-14 19:24:00,ARPO
1.15,1.1529,1.15,1.1529,26122,2021-05-14 19:26:00,ARPO
1.155,1.155,1.15,1.15,1998,2021-05-14 19:28:00,ARPO
1.1595,1.1595,1.1595,1.1595,10000,2021-05-14 19:29:00,ARPO
1.155,1.155,1.155,1.155,100,2021-05-14 19:31:00,ARPO
1.16,1.16,1.16,1.16,500,2021-05-14 19:32:00,ARPO
1.1594,1.1594,1.1594,1.1594,9000,2021-05-14 19:33:00,ARPO
1.16,1.17,1.16,1.17,33260,2021-05-14 19:34:00,ARPO
1.17,1.17,1.1699,1.1699,950,2021-05-14 19:35:00,ARPO
1.17,1.17,1.1699,1.17,2536,2021-05-14 19:36:00,ARPO
1.17,1.17,1.17,1.17,1800,2021-05-14 19:37:00,ARPO
1.17,1.1722,1.17,1.1722,4300,2021-05-14 19:38:00,ARPO
1.177,1.18,1.17,1.175,32700,2021-05-14 19:39:00,ARPO
1.17,1.175,1.17,1.17,20600,2021-05-14 19:40:00,ARPO
1.175,1.175,1.17,1.17,8300,2021-05-14 19:41:00,ARPO
1.17,1.1774,1.17,1.1774,207,2021-05-14 19:42:00,ARPO
1.17,1.17,1.17,1.17,560,2021-05-14 19:43:00,ARPO
1.17,1.173,1.16,1.165,15390,2021-05-14 19:44:00,ARPO
1.16,1.1623,1.16,1.1623,200,2021-05-14 19:45:00,ARPO
1.16,1.1623,1.16,1.1623,200,2021-05-14 19:46:00,ARPO
1.16,1.1623,1.16,1.1623,200,2021-05-14 19:47:00,ARPO
1.165,1.17,1.165,1.17,4115,2021-05-14 19:48:00,ARPO
1.16,1.17,1.16,1.17,4200,2021-05-14 19:49:00,ARPO
1.1621,1.1621,1.1621,1.1621,10000,2021-05-14 19:51:00,ARPO
1.16,1.17,1.16,1.17,3406,2021-05-14 19:52:00,ARPO
1.16,1.16,1.16,1.16,10000,2021-05-14 19:53:00,ARPO
1.16,1.16,1.16,1.16,200,2021-05-14 19:54:00,ARPO
1.165,1.165,1.165,1.165,100,2021-05-14 19:55:00,ARPO
1.16,1.18,1.16,1.16,9850,2021-05-14 19:56:00,ARPO
1.16,1.17,1.16,1.16,18246,2021-05-14 19:57:00,ARPO
1.17,1.17,1.16,1.165,8424,2021-05-14 19:58:00,ARPO
1.165,1.1699,1.16,1.1699,10700,2021-05-14 19:59:00,ARPO
1.16,1.16,1.16,1.16,355,2021-05-14 20:00:00,ARPO
1.1799,1.1799,1.1799,1.1799,2118,2021-05-14 20:52:00,ARPO
1.16,1.16,1.16,1.16,100,2021-05-14 20:54:00,ARPO
1.16,1.16,1.16,1.16,106,2021-05-14 23:09:00,ARPO
1.51,1.63,1.3,1.36,254221,2021-05-17 11:30:00,ARPO
1.35,1.35,1.29,1.29,145585,2021-05-17 11:31:00,ARPO
1.28,1.38,1.26,1.29,139919,2021-05-17 11:32:00,ARPO
1.31,1.31,1.25,1.28,87415,2021-05-17 11:33:00,ARPO
1.28,1.28,1.22,1.22,65220,2021-05-17 11:34:00,ARPO
1.22,1.24,1.2,1.2,84158,2021-05-17 11:35:00,ARPO
1.19,1.23,1.18,1.23,62314,2021-05-17 11:36:00,ARPO
1.23,1.26,1.2,1.24,163199,2021-05-17 11:37:00,ARPO
1.24,1.24,1.22,1.22,14357,2021-05-17 11:38:00,ARPO
1.22,1.23,1.2,1.23,8944,2021-05-17 11:39:00,ARPO
1.22,1.3,1.22,1.29,87080,2021-05-17 11:40:00,ARPO
1.27,1.29,1.24,1.27,62104,2021-05-17 11:41:00,ARPO
1.27,1.27,1.25,1.26,38257,2021-05-17 11:42:00,ARPO
1.26,1.27,1.25,1.26,37258,2021-05-17 11:43:00,ARPO
1.25,1.25,1.24,1.24,9995,2021-05-17 11:44:00,ARPO
1.23,1.23,1.22,1.22,41887,2021-05-17 11:45:00,ARPO
1.23,1.23,1.22,1.22,6927,2021-05-17 11:46:00,ARPO
1.22,1.22,1.21,1.22,31081,2021-05-17 11:47:00,ARPO
1.22,1.23,1.22,1.22,13001,2021-05-17 11:48:00,ARPO
1.23,1.25,1.23,1.25,47710,2021-05-17 11:49:00,ARPO
1.26,1.27,1.24,1.25,41257,2021-05-17 11:50:00,ARPO
1.25,1.26,1.25,1.26,49231,2021-05-17 11:51:00,ARPO
1.25,1.26,1.25,1.25,25869,2021-05-17 11:52:00,ARPO
1.25,1.25,1.25,1.25,2800,2021-05-17 11:53:00,ARPO
1.26,1.26,1.25,1.26,53132,2021-05-17 11:54:00,ARPO
1.26,1.27,1.26,1.26,6603,2021-05-17 11:55:00,ARPO
1.26,1.26,1.26,1.26,6393,2021-05-17 11:56:00,ARPO
1.26,1.26,1.26,1.26,13586,2021-05-17 11:57:00,ARPO
1.25,1.26,1.25,1.26,10348,2021-05-17 11:58:00,ARPO
1.27,1.33,1.27,1.33,96910,2021-05-17 11:59:00,ARPO
1.33,1.38,1.32,1.35,214996,2021-05-17 12:00:00,ARPO
1.34,1.44,1.33,1.37,187399,2021-05-17 12:01:00,ARPO
1.37,1.38,1.34,1.36,216059,2021-05-17 12:02:00,ARPO
1.35,1.41,1.34,1.4,199231,2021-05-17 12:03:00,ARPO
1.4,1.4,1.38,1.3801,78543,2021-05-17 12:04:00,ARPO
1.38,1.42,1.38,1.41,104122,2021-05-17 12:05:00,ARPO
1.41,1.44,1.39,1.39,274322,2021-05-17 12:06:00,ARPO
1.4,1.41,1.39,1.41,179832,2021-05-17 12:07:00,ARPO
1.4,1.41,1.39,1.4,184326,2021-05-17 12:08:00,ARPO
1.4,1.4,1.38,1.39,119420,2021-05-17 12:09:00,ARPO
1.38,1.38,1.36,1.36,35299,2021-05-17 12:10:00,ARPO
1.3601,1.37,1.35,1.37,192159,2021-05-17 12:11:00,ARPO
1.37,1.38,1.37,1.37,140250,2021-05-17 12:12:00,ARPO
1.37,1.39,1.37,1.38,53574,2021-05-17 12:13:00,ARPO
1.39,1.39,1.36,1.36,142241,2021-05-17 12:14:00,ARPO
1.36,1.37,1.36,1.37,46488,2021-05-17 12:15:00,ARPO
1.36,1.37,1.36,1.37,25923,2021-05-17 12:16:00,ARPO
1.37,1.39,1.37,1.39,122713,2021-05-17 12:17:00,ARPO
1.39,1.39,1.38,1.38,32957,2021-05-17 12:18:00,ARPO
1.38,1.39,1.38,1.39,10249,2021-05-17 12:19:00,ARPO
1.38,1.39,1.37,1.38,48930,2021-05-17 12:20:00,ARPO
1.37,1.38,1.37,1.38,13924,2021-05-17 12:21:00,ARPO
1.38,1.38,1.37,1.37,78766,2021-05-17 12:22:00,ARPO
1.37,1.39,1.37,1.39,38691,2021-05-17 12:23:00,ARPO
1.39,1.4,1.35,1.35,163653,2021-05-17 12:24:00,ARPO
1.35,1.38,1.35,1.38,66513,2021-05-17 12:25:00,ARPO
1.37,1.37,1.35,1.35,34566,2021-05-17 12:26:00,ARPO
1.3501,1.37,1.35,1.36,61598,2021-05-17 12:27:00,ARPO
1.36,1.36,1.34,1.34,36059,2021-05-17 12:28:00,ARPO
1.34,1.36,1.33,1.35,84498,2021-05-17 12:29:00,ARPO
1.35,1.36,1.35,1.35,13940,2021-05-17 12:30:00,ARPO
1.35,1.3501,1.33,1.33,65956,2021-05-17 12:31:00,ARPO
1.34,1.34,1.31,1.31,95011,2021-05-17 12:32:00,ARPO
1.31,1.33,1.31,1.33,128033,2021-05-17 12:33:00,ARPO
1.33,1.33,1.31,1.31,63356,2021-05-17 12:34:00,ARPO
1.32,1.34,1.31,1.34,103664,2021-05-17 12:35:00,ARPO
1.34,1.34,1.31,1.32,115120,2021-05-17 12:36:00,ARPO
1.32,1.32,1.29,1.31,160608,2021-05-17 12:37:00,ARPO
1.31,1.32,1.3,1.3,114735,2021-05-17 12:38:00,ARPO
1.31,1.32,1.3,1.31,46019,2021-05-17 12:39:00,ARPO
1.31,1.31,1.28,1.29,147037,2021-05-17 12:40:00,ARPO
1.29,1.31,1.29,1.31,87978,2021-05-17 12:41:00,ARPO
1.3,1.33,1.3,1.31,99108,2021-05-17 12:42:00,ARPO
1.31,1.33,1.31,1.33,63666,2021-05-17 12:43:00,ARPO
1.32,1.33,1.32,1.33,44842,2021-05-17 12:44:00,ARPO
1.33,1.34,1.32,1.34,75277,2021-05-17 12:45:00,ARPO
1.34,1.37,1.34,1.36,227788,2021-05-17 12:46:00,ARPO
1.36,1.37,1.36,1.37,96843,2021-05-17 12:47:00,ARPO
1.36,1.37,1.33,1.34,103054,2021-05-17 12:48:00,ARPO
1.33,1.34,1.32,1.32,121561,2021-05-17 12:49:00,ARPO
1.33,1.34,1.33,1.34,62204,2021-05-17 12:50:00,ARPO
1.33,1.33,1.32,1.33,31429,2021-05-17 12:51:00,ARPO
1.32,1.33,1.32,1.33,17790,2021-05-17 12:52:00,ARPO
1.33,1.34,1.32,1.34,80903,2021-05-17 12:53:00,ARPO
1.34,1.34,1.32,1.33,57614,2021-05-17 12:54:00,ARPO
1.33,1.33,1.32,1.32,30440,2021-05-17 12:55:00,ARPO
1.32,1.32,1.32,1.32,24610,2021-05-17 12:56:00,ARPO
1.33,1.33,1.32,1.33,17764,2021-05-17 12:57:00,ARPO
1.33,1.33,1.32,1.33,6141,2021-05-17 12:58:00,ARPO
1.33,1.33,1.32,1.33,3441,2021-05-17 12:59:00,ARPO
1.32,1.34,1.32,1.34,67656,2021-05-17 13:00:00,ARPO
1.34,1.35,1.33,1.35,51445,2021-05-17 13:01:00,ARPO
1.35,1.36,1.35,1.36,20499,2021-05-17 13:02:00,ARPO
1.35,1.36,1.35,1.36,31495,2021-05-17 13:03:00,ARPO
1.36,1.36,1.35,1.36,25958,2021-05-17 13:04:00,ARPO
1.35,1.37,1.35,1.35,94721,2021-05-17 13:05:00,ARPO
1.35,1.36,1.35,1.36,21553,2021-05-17 13:06:00,ARPO
1.37,1.37,1.37,1.37,16853,2021-05-17 13:07:00,ARPO
1.37,1.38,1.36,1.38,42382,2021-05-17 13:08:00,ARPO
1.38,1.39,1.37,1.39,64882,2021-05-17 13:09:00,ARPO
1.39,1.39,1.38,1.38,81510,2021-05-17 13:10:00,ARPO
1.38,1.4,1.38,1.4,118859,2021-05-17 13:11:00,ARPO
1.39,1.43,1.39,1.4,344944,2021-05-17 13:12:00,ARPO
1.4,1.42,1.4,1.41,111173,2021-05-17 13:13:00,ARPO
1.41,1.43,1.41,1.42,120416,2021-05-17 13:14:00,ARPO
1.425,1.43,1.41,1.41,78232,2021-05-17 13:15:00,ARPO
1.41,1.42,1.4,1.41,37061,2021-05-17 13:16:00,ARPO
1.4,1.41,1.4,1.4,108330,2021-05-17 13:17:00,ARPO
1.4,1.41,1.4,1.41,9059,2021-05-17 13:18:00,ARPO
1.4,1.41,1.4,1.4,59959,2021-05-17 13:19:00,ARPO
1.4,1.4,1.38,1.4,156742,2021-05-17 13:20:00,ARPO
1.39,1.4,1.35,1.35,215008,2021-05-17 13:21:00,ARPO
1.36,1.37,1.35,1.35,146288,2021-05-17 13:22:00,ARPO
1.36,1.37,1.34,1.35,223344,2021-05-17 13:23:00,ARPO
1.36,1.37,1.36,1.36,74850,2021-05-17 13:24:00,ARPO
1.36,1.37,1.35,1.36,59273,2021-05-17 13:25:00,ARPO
1.36,1.37,1.35,1.36,81641,2021-05-17 13:26:00,ARPO
1.36,1.37,1.35,1.36,113043,2021-05-17 13:27:00,ARPO
1.35,1.36,1.33,1.36,131700,2021-05-17 13:28:00,ARPO
1.36,1.42,1.36,1.4,314309,2021-05-17 13:29:00,ARPO
1.4,1.45,1.38,1.4,2074695,2021-05-17 13:30:00,ARPO
1.4,1.49,1.38,1.49,2356149,2021-05-17 13:31:00,ARPO
1.482,1.52,1.42,1.44,2170330,2021-05-17 13:32:00,ARPO
1.44,1.4482,1.39,1.425,1304801,2021-05-17 13:33:00,ARPO
1.43,1.43,1.37,1.3751,1198383,2021-05-17 13:34:00,ARPO
1.37,1.4,1.37,1.38,903177,2021-05-17 13:35:00,ARPO
1.38,1.41,1.38,1.409,1064076,2021-05-17 13:36:00,ARPO
1.408,1.41,1.38,1.39,879373,2021-05-17 13:37:00,ARPO
1.395,1.41,1.39,1.4,563695,2021-05-17 13:38:00,ARPO
1.4,1.41,1.36,1.4,1416879,2021-05-17 13:39:00,ARPO
1.41,1.47,1.4,1.45,1937120,2021-05-17 13:40:00,ARPO
1.445,1.46,1.4,1.42,1154127,2021-05-17 13:41:00,ARPO
1.415,1.46,1.41,1.455,804316,2021-05-17 13:42:00,ARPO
1.4585,1.47,1.41,1.4199,1525421,2021-05-17 13:43:00,ARPO
1.42,1.42,1.41,1.42,519615,2021-05-17 13:44:00,ARPO
1.415,1.42,1.38,1.39,1329503,2021-05-17 13:45:00,ARPO
1.395,1.4,1.37,1.38,582233,2021-05-17 13:46:00,ARPO
1.3783,1.38,1.32,1.3477,1614453,2021-05-17 13:47:00,ARPO
1.345,1.37,1.33,1.36,897489,2021-05-17 13:48:00,ARPO
1.36,1.38,1.35,1.38,315187,2021-05-17 13:49:00,ARPO
1.375,1.38,1.36,1.365,305059,2021-05-17 13:50:00,ARPO
1.3686,1.37,1.34,1.3488,284286,2021-05-17 13:51:00,ARPO
1.3413,1.36,1.34,1.36,248904,2021-05-17 13:52:00,ARPO
1.36,1.37,1.35,1.3682,220932,2021-05-17 13:53:00,ARPO
1.3682,1.39,1.36,1.385,344298,2021-05-17 13:54:00,ARPO
1.39,1.41,1.38,1.3999,678291,2021-05-17 13:55:00,ARPO
1.39,1.4,1.38,1.39,358425,2021-05-17 13:56:00,ARPO
1.385,1.39,1.36,1.39,326170,2021-05-17 13:57:00,ARPO
1.38,1.39,1.36,1.363,179464,2021-05-17 13:58:00,ARPO
1.36,1.37,1.36,1.3625,210333,2021-05-17 13:59:00,ARPO
1.3686,1.37,1.34,1.345,391040,2021-05-17 14:00:00,ARPO
1.345,1.345,1.33,1.34,338863,2021-05-17 14:01:00,ARPO
1.33,1.37,1.33,1.36,614303,2021-05-17 14:02:00,ARPO
1.35,1.37,1.35,1.37,205515,2021-05-17 14:03:00,ARPO
1.37,1.37,1.36,1.3684,255380,2021-05-17 14:04:00,ARPO
1.3622,1.37,1.35,1.36,347392,2021-05-17 14:05:00,ARPO
1.35,1.37,1.34,1.36,305956,2021-05-17 14:06:00,ARPO
1.3573,1.37,1.35,1.3699,279510,2021-05-17 14:07:00,ARPO
1.36,1.37,1.36,1.37,150782,2021-05-17 14:08:00,ARPO
1.365,1.37,1.36,1.361,90043,2021-05-17 14:09:00,ARPO
1.36,1.37,1.36,1.37,435602,2021-05-17 14:10:00,ARPO
1.37,1.37,1.34,1.35,504759,2021-05-17 14:11:00,ARPO
1.347,1.35,1.34,1.35,143107,2021-05-17 14:12:00,ARPO
1.3471,1.35,1.32,1.3283,193903,2021-05-17 14:13:00,ARPO
1.32,1.36,1.32,1.346,365842,2021-05-17 14:14:00,ARPO
1.345,1.35,1.34,1.345,97861,2021-05-17 14:15:00,ARPO
1.3479,1.35,1.34,1.35,163884,2021-05-17 14:16:00,ARPO
1.34,1.36,1.34,1.36,47704,2021-05-17 14:17:00,ARPO
1.3582,1.36,1.35,1.36,90312,2021-05-17 14:18:00,ARPO
1.36,1.36,1.35,1.36,90285,2021-05-17 14:19:00,ARPO
1.358,1.4,1.3518,1.39,430801,2021-05-17 14:20:00,ARPO
1.393,1.4,1.38,1.385,302026,2021-05-17 14:21:00,ARPO
1.38,1.43,1.38,1.425,1227736,2021-05-17 14:22:00,ARPO
1.425,1.43,1.4,1.41,369685,2021-05-17 14:23:00,ARPO
1.4,1.42,1.4,1.411,383542,2021-05-17 14:24:00,ARPO
1.415,1.42,1.4,1.418,323671,2021-05-17 14:25:00,ARPO
1.415,1.44,1.41,1.421,605831,2021-05-17 14:26:00,ARPO
1.425,1.43,1.41,1.4119,122759,2021-05-17 14:27:00,ARPO
1.41,1.42,1.41,1.4109,84875,2021-05-17 14:28:00,ARPO
1.42,1.42,1.4,1.4008,539690,2021-05-17 14:29:00,ARPO
1.4091,1.42,1.4,1.4183,187659,2021-05-17 14:30:00,ARPO
1.41,1.44,1.41,1.44,457696,2021-05-17 14:31:00,ARPO
1.435,1.44,1.42,1.4299,267655,2021-05-17 14:32:00,ARPO
1.4273,1.43,1.401,1.41,275513,2021-05-17 14:33:00,ARPO
1.41,1.42,1.37,1.38,826362,2021-05-17 14:34:00,ARPO
1.38,1.39,1.37,1.3801,328212,2021-05-17 14:35:00,ARPO
1.385,1.39,1.38,1.39,184221,2021-05-17 14:36:00,ARPO
1.39,1.39,1.38,1.39,157634,2021-05-17 14:37:00,ARPO
1.3896,1.41,1.3896,1.41,281156,2021-05-17 14:38:00,ARPO
1.409,1.42,1.4082,1.4158,284280,2021-05-17 14:39:00,ARPO
1.42,1.49,1.41,1.485,1295898,2021-05-17 14:40:00,ARPO
1.49,1.49,1.47,1.47,645413,2021-05-17 14:41:00,ARPO
1.48,1.5,1.47,1.495,993759,2021-05-17 14:42:00,ARPO
1.5,1.547,1.49,1.5175,1497530,2021-05-17 14:43:00,ARPO
1.51,1.52,1.5,1.5185,999456,2021-05-17 14:44:00,ARPO
1.5187,1.53,1.5,1.51,598474,2021-05-17 14:45:00,ARPO
1.51,1.52,1.5,1.5,520071,2021-05-17 14:46:00,ARPO
1.505,1.54,1.5,1.53,405248,2021-05-17 14:47:00,ARPO
1.5391,1.57,1.53,1.555,970072,2021-05-17 14:48:00,ARPO
1.56,1.56,1.53,1.55,468798,2021-05-17 14:49:00,ARPO
1.55,1.56,1.53,1.54,419688,2021-05-17 14:50:00,ARPO
1.5411,1.55,1.53,1.53,337512,2021-05-17 14:51:00,ARPO
1.5388,1.56,1.52,1.5595,480726,2021-05-17 14:52:00,ARPO
1.555,1.56,1.53,1.545,444834,2021-05-17 14:53:00,ARPO
1.55,1.65,1.54,1.645,1828245,2021-05-17 14:54:00,ARPO
1.65,1.87,1.65,1.87,1855246,2021-05-17 14:55:00,ARPO
1.65,1.9,1.65,1.76,2356773,2021-05-17 15:00:00,ARPO
1.765,1.82,1.68,1.73,2120736,2021-05-17 15:01:00,ARPO
1.73,1.75,1.68,1.75,939978,2021-05-17 15:02:00,ARPO
1.75,1.76,1.68,1.74,996526,2021-05-17 15:03:00,ARPO
1.74,1.85,1.69,1.705,2335727,2021-05-17 15:04:00,ARPO
1.7007,1.73,1.66,1.7217,1045205,2021-05-17 15:05:00,ARPO
1.72,1.74,1.69,1.7014,810169,2021-05-17 15:06:00,ARPO
1.705,1.8,1.7,1.7518,1015876,2021-05-17 15:07:00,ARPO
1.76,1.79,1.74,1.74,1012386,2021-05-17 15:08:00,ARPO
1.74,1.8,1.71,1.77,823222,2021-05-17 15:09:00,ARPO
1.7781,1.8,1.74,1.7789,1128696,2021-05-17 15:10:00,ARPO
1.77,1.85,1.72,1.845,1803139,2021-05-17 15:11:00,ARPO
1.831,1.86,1.81,1.82,1946776,2021-05-17 15:12:00,ARPO
1.83,1.839,1.77,1.78,1238923,2021-05-17 15:13:00,ARPO
1.7799,1.79,1.73,1.78,1048074,2021-05-17 15:14:00,ARPO
1.7796,1.78,1.68,1.69,1097900,2021-05-17 15:15:00,ARPO
1.6896,1.72,1.66,1.7,1205501,2021-05-17 15:16:00,ARPO
1.7,1.71,1.67,1.6899,579170,2021-05-17 15:17:00,ARPO
1.68,1.69,1.64,1.6601,954470,2021-05-17 15:18:00,ARPO
1.67,1.69,1.65,1.66,394784,2021-05-17 15:19:00,ARPO
1.66,1.69,1.66,1.6689,345474,2021-05-17 15:20:00,ARPO
1.668,1.68,1.63,1.64,617794,2021-05-17 15:21:00,ARPO
1.65,1.68,1.64,1.675,413677,2021-05-17 15:22:00,ARPO
1.6701,1.71,1.67,1.7,727793,2021-05-17 15:23:00,ARPO
1.69,1.7,1.66,1.66,382603,2021-05-17 15:24:00,ARPO
1.66,1.68,1.64,1.6598,337397,2021-05-17 15:25:00,ARPO
1.66,1.68,1.65,1.67,261966,2021-05-17 15:26:00,ARPO
1.67,1.7,1.67,1.6898,412675,2021-05-17 15:27:00,ARPO
1.69,1.7,1.67,1.671,424187,2021-05-17 15:28:00,ARPO
1.6766,1.69,1.64,1.6511,405207,2021-05-17 15:29:00,ARPO
1.66,1.68,1.65,1.68,396768,2021-05-17 15:30:00,ARPO
1.67,1.68,1.62,1.62,663427,2021-05-17 15:31:00,ARPO
1.62,1.63,1.58,1.595,1148978,2021-05-17 15:32:00,ARPO
1.6,1.62,1.5901,1.62,310736,2021-05-17 15:33:00,ARPO
1.62,1.62,1.58,1.592,441802,2021-05-17 15:34:00,ARPO
1.59,1.62,1.59,1.609,223953,2021-05-17 15:35:00,ARPO
1.6094,1.67,1.605,1.64,755779,2021-05-17 15:36:00,ARPO
1.65,1.68,1.64,1.6549,493116,2021-05-17 15:37:00,ARPO
1.6586,1.66,1.63,1.65,271461,2021-05-17 15:38:00,ARPO
1.645,1.68,1.63,1.6797,427136,2021-05-17 15:39:00,ARPO
1.6785,1.71,1.67,1.705,1175611,2021-05-17 15:40:00,ARPO
1.7,1.7019,1.67,1.67,726788,2021-05-17 15:41:00,ARPO
1.6721,1.7,1.6721,1.689,404753,2021-05-17 15:42:00,ARPO
1.68,1.72,1.68,1.71,1105132,2021-05-17 15:43:00,ARPO
1.705,1.72,1.68,1.691,610774,2021-05-17 15:44:00,ARPO
1.6901,1.72,1.6882,1.69,452211,2021-05-17 15:45:00,ARPO
1.69,1.75,1.67,1.7199,1464539,2021-05-17 15:46:00,ARPO
1.72,1.74,1.71,1.7289,467780,2021-05-17 15:47:00,ARPO
1.73,1.75,1.71,1.7321,770213,2021-05-17 15:48:00,ARPO
1.7307,1.7499,1.71,1.725,635899,2021-05-17 15:49:00,ARPO
1.72,1.75,1.71,1.7498,634140,2021-05-17 15:50:00,ARPO
1.75,1.79,1.73,1.73,1063388,2021-05-17 15:51:00,ARPO
1.73,1.74,1.71,1.7118,452020,2021-05-17 15:52:00,ARPO
1.715,1.73,1.7,1.7001,575982,2021-05-17 15:53:00,ARPO
1.705,1.73,1.7,1.7293,368303,2021-05-17 15:54:00,ARPO
1.72,1.74,1.71,1.72,452649,2021-05-17 15:55:00,ARPO
1.7113,1.8699,1.71,1.72,378660,2021-05-17 15:56:00,ARPO
1.72,1.76,1.72,1.7594,550010,2021-05-17 15:57:00,ARPO
1.7501,1.76,1.71,1.72,701216,2021-05-17 15:58:00,ARPO
1.7292,1.74,1.71,1.7101,290562,2021-05-17 15:59:00,ARPO
1.71,1.73,1.68,1.7,755124,2021-05-17 16:00:00,ARPO
1.7,1.72,1.69,1.71,494908,2021-05-17 16:01:00,ARPO
1.71,1.74,1.7098,1.73,368850,2021-05-17 16:02:00,ARPO
1.73,1.74,1.72,1.7305,271886,2021-05-17 16:03:00,ARPO
1.7304,1.7399,1.72,1.73,223343,2021-05-17 16:04:00,ARPO
1.73,1.74,1.72,1.73,300066,2021-05-17 16:05:00,ARPO
1.74,1.76,1.72,1.7287,461083,2021-05-17 16:06:00,ARPO
1.7285,1.73,1.7,1.71,366354,2021-05-17 16:07:00,ARPO
1.71,1.72,1.7,1.715,163464,2021-05-17 16:08:00,ARPO
1.715,1.72,1.7,1.71,228058,2021-05-17 16:09:00,ARPO
1.71,1.78,1.68,1.7715,1435682,2021-05-17 16:10:00,ARPO
1.78,1.82,1.73,1.7494,2210752,2021-05-17 16:11:00,ARPO
1.7494,1.77,1.72,1.7497,801305,2021-05-17 16:12:00,ARPO
1.75,1.77,1.72,1.735,797695,2021-05-17 16:13:00,ARPO
1.735,1.77,1.73,1.77,534655,2021-05-17 16:14:00,ARPO
1.7649,1.77,1.74,1.765,304298,2021-05-17 16:15:00,ARPO
1.765,1.8,1.74,1.7404,939850,2021-05-17 16:16:00,ARPO
1.7416,1.77,1.7,1.7599,1071547,2021-05-17 16:17:00,ARPO
1.7588,1.76,1.74,1.743,274099,2021-05-17 16:18:00,ARPO
1.748,1.82,1.73,1.82,825688,2021-05-17 16:19:00,ARPO
1.82,1.84,1.77,1.8003,1005891,2021-05-17 16:20:00,ARPO
1.81,1.81,1.78,1.805,600156,2021-05-17 16:21:00,ARPO
1.805,1.83,1.79,1.8294,878323,2021-05-17 16:22:00,ARPO
1.82,1.83,1.79,1.7954,845509,2021-05-17 16:23:00,ARPO
1.7984,1.84,1.77,1.83,1038130,2021-05-17 16:24:00,ARPO
1.83,1.87,1.77,1.772,3102549,2021-05-17 16:25:00,ARPO
1.77,1.83,1.77,1.7973,907496,2021-05-17 16:26:00,ARPO
1.79,1.83,1.79,1.8181,671465,2021-05-17 16:27:00,ARPO
1.815,1.82,1.8,1.8079,389241,2021-05-17 16:28:00,ARPO
1.81,1.83,1.8,1.8199,408591,2021-05-17 16:29:00,ARPO
1.818,1.83,1.81,1.825,281942,2021-05-17 16:30:00,ARPO
1.825,1.86,1.82,1.835,792852,2021-05-17 16:31:00,ARPO
1.84,1.86,1.83,1.845,1148604,2021-05-17 16:32:00,ARPO
1.8484,1.85,1.82,1.8301,522076,2021-05-17 16:33:00,ARPO
1.828,1.84,1.82,1.835,329055,2021-05-17 16:34:00,ARPO
1.84,1.84,1.78,1.8,878192,2021-05-17 16:35:00,ARPO
1.799,1.8,1.77,1.7889,1510370,2021-05-17 16:36:00,ARPO
1.7886,1.79,1.63,1.7089,2245151,2021-05-17 16:37:00,ARPO
1.7,1.72,1.67,1.6901,1249890,2021-05-17 16:38:00,ARPO
1.695,1.73,1.69,1.7298,701104,2021-05-17 16:39:00,ARPO
1.7278,1.73,1.7,1.728,626032,2021-05-17 16:40:00,ARPO
1.73,1.73,1.7,1.7195,419962,2021-05-17 16:41:00,ARPO
1.71,1.72,1.66,1.6602,1114312,2021-05-17 16:42:00,ARPO
1.6608,1.67,1.64,1.66,1185812,2021-05-17 16:43:00,ARPO
1.66,1.68,1.65,1.6799,429432,2021-05-17 16:44:00,ARPO
1.675,1.69,1.67,1.69,644286,2021-05-17 16:45:00,ARPO
1.69,1.7,1.68,1.68,569273,2021-05-17 16:46:00,ARPO
1.68,1.6873,1.66,1.68,321921,2021-05-17 16:47:00,ARPO
1.6799,1.69,1.67,1.675,260586,2021-05-17 16:48:00,ARPO
1.6701,1.675,1.61,1.64,1210966,2021-05-17 16:49:00,ARPO
1.64,1.66,1.63,1.64,427571,2021-05-17 16:50:00,ARPO
1.6303,1.65,1.62,1.6416,411619,2021-05-17 16:51:00,ARPO
1.6478,1.67,1.64,1.6401,822692,2021-05-17 16:52:00,ARPO
1.645,1.66,1.62,1.6578,508134,2021-05-17 16:53:00,ARPO
1.6599,1.67,1.63,1.65,690233,2021-05-17 16:54:00,ARPO
1.6476,1.66,1.64,1.655,257158,2021-05-17 16:55:00,ARPO
1.655,1.66,1.54,1.57,2127162,2021-05-17 16:56:00,ARPO
1.575,1.61,1.55,1.58,916645,2021-05-17 16:57:00,ARPO
1.57,1.58,1.49,1.53,2325970,2021-05-17 16:58:00,ARPO
1.53,1.54,1.52,1.53,394936,2021-05-17 16:59:00,ARPO
1.535,1.55,1.52,1.5301,356639,2021-05-17 17:00:00,ARPO
1.535,1.54,1.51,1.53,359475,2021-05-17 17:01:00,ARPO
1.5291,1.54,1.52,1.54,132585,2021-05-17 17:02:00,ARPO
1.5399,1.54,1.51,1.525,239719,2021-05-17 17:03:00,ARPO
1.52,1.525,1.49,1.5092,504616,2021-05-17 17:04:00,ARPO
1.5001,1.52,1.5,1.51,229498,2021-05-17 17:05:00,ARPO
1.5173,1.52,1.5,1.5082,236109,2021-05-17 17:06:00,ARPO
1.5022,1.51,1.48,1.49,632854,2021-05-17 17:07:00,ARPO
1.485,1.5,1.48,1.495,236856,2021-05-17 17:08:00,ARPO
1.499,1.52,1.49,1.5075,336947,2021-05-17 17:09:00,ARPO
1.505,1.52,1.5,1.52,441362,2021-05-17 17:10:00,ARPO
1.52,1.52,1.5,1.5119,351455,2021-05-17 17:11:00,ARPO
1.51,1.52,1.5025,1.51,161037,2021-05-17 17:12:00,ARPO
1.5094,1.52,1.5,1.505,208770,2021-05-17 17:13:00,ARPO
1.5084,1.51,1.48,1.4951,504162,2021-05-17 17:14:00,ARPO
1.5,1.5084,1.49,1.5084,131608,2021-05-17 17:15:00,ARPO
1.505,1.51,1.5,1.5,146886,2021-05-17 17:16:00,ARPO
1.5,1.5209,1.5,1.52,275161,2021-05-17 17:17:00,ARPO
1.5202,1.53,1.51,1.5108,189924,2021-05-17 17:18:00,ARPO
1.52,1.53,1.51,1.52,173594,2021-05-17 17:19:00,ARPO
1.53,1.54,1.52,1.525,338249,2021-05-17 17:20:00,ARPO
1.5281,1.54,1.52,1.525,191368,2021-05-17 17:21:00,ARPO
1.52,1.53,1.52,1.525,81827,2021-05-17 17:22:00,ARPO
1.52,1.53,1.5,1.5099,455396,2021-05-17 17:23:00,ARPO
1.5081,1.53,1.5,1.5217,391818,2021-05-17 17:24:00,ARPO
1.5207,1.53,1.51,1.52,125677,2021-05-17 17:25:00,ARPO
1.52,1.53,1.51,1.5203,106125,2021-05-17 17:26:00,ARPO
1.525,1.53,1.51,1.5112,121529,2021-05-17 17:27:00,ARPO
1.5179,1.56,1.5179,1.56,647005,2021-05-17 17:28:00,ARPO
1.56,1.56,1.54,1.5475,361226,2021-05-17 17:29:00,ARPO
1.55,1.56,1.54,1.54,300670,2021-05-17 17:30:00,ARPO
1.55,1.57,1.5427,1.5587,197448,2021-05-17 17:31:00,ARPO
1.56,1.57,1.55,1.57,240302,2021-05-17 17:32:00,ARPO
1.56,1.59,1.56,1.59,451724,2021-05-17 17:33:00,ARPO
1.5801,1.59,1.5601,1.575,309725,2021-05-17 17:34:00,ARPO
1.58,1.58,1.55,1.565,238704,2021-05-17 17:35:00,ARPO
1.56,1.57,1.56,1.56,61049,2021-05-17 17:36:00,ARPO
1.555,1.555,1.44,1.45,1102871,2021-05-17 17:37:00,ARPO
1.4503,1.48,1.45,1.46,495038,2021-05-17 17:38:00,ARPO
1.461,1.47,1.46,1.47,155879,2021-05-17 17:39:00,ARPO
1.465,1.48,1.46,1.46,278687,2021-05-17 17:40:00,ARPO
1.4677,1.47,1.46,1.465,79099,2021-05-17 17:41:00,ARPO
1.4695,1.47,1.44,1.4508,385509,2021-05-17 17:42:00,ARPO
1.4519,1.46,1.45,1.46,61890,2021-05-17 17:43:00,ARPO
1.455,1.52,1.45,1.505,479297,2021-05-17 17:44:00,ARPO
1.505,1.51,1.5,1.51,166549,2021-05-17 17:45:00,ARPO
1.5097,1.51,1.5,1.5,87422,2021-05-17 17:46:00,ARPO
1.505,1.51,1.5,1.5,42103,2021-05-17 17:47:00,ARPO
1.5099,1.51,1.5,1.51,42370,2021-05-17 17:48:00,ARPO
1.505,1.51,1.5,1.505,67864,2021-05-17 17:49:00,ARPO
1.51,1.51,1.5,1.5087,30718,2021-05-17 17:50:00,ARPO
1.505,1.51,1.5,1.51,66253,2021-05-17 17:51:00,ARPO
1.5019,1.52,1.5,1.501,87328,2021-05-17 17:52:00,ARPO
1.505,1.52,1.5,1.52,93601,2021-05-17 17:53:00,ARPO
1.52,1.56,1.52,1.5301,506912,2021-05-17 17:54:00,ARPO
1.535,1.56,1.53,1.5401,204595,2021-05-17 17:55:00,ARPO
1.545,1.56,1.54,1.56,139324,2021-05-17 17:56:00,ARPO
1.555,1.56,1.54,1.545,114402,2021-05-17 17:57:00,ARPO
1.54,1.55,1.53,1.545,109840,2021-05-17 17:58:00,ARPO
1.545,1.56,1.54,1.545,302828,2021-05-17 17:59:00,ARPO
1.5408,1.56,1.54,1.555,194054,2021-05-17 18:00:00,ARPO
1.5504,1.56,1.53,1.54,165237,2021-05-17 18:01:00,ARPO
1.535,1.5389,1.52,1.5387,132652,2021-05-17 18:02:00,ARPO
1.5304,1.54,1.525,1.53,36316,2021-05-17 18:03:00,ARPO
1.53,1.555,1.53,1.55,68724,2021-05-17 18:04:00,ARPO
1.555,1.555,1.53,1.54,99500,2021-05-17 18:05:00,ARPO
1.53,1.5375,1.52,1.525,54857,2021-05-17 18:06:00,ARPO
1.525,1.5299,1.51,1.51,51707,2021-05-17 18:07:00,ARPO
1.51,1.54,1.51,1.5302,37319,2021-05-17 18:08:00,ARPO
1.535,1.535,1.5203,1.5285,27265,2021-05-17 18:09:00,ARPO
1.53,1.53,1.5201,1.5201,7282,2021-05-17 18:10:00,ARPO
1.523,1.5399,1.5225,1.53,53198,2021-05-17 18:11:00,ARPO
1.535,1.57,1.5214,1.5591,361852,2021-05-17 18:12:00,ARPO
1.56,1.58,1.5551,1.57,198855,2021-05-17 18:13:00,ARPO
1.5699,1.58,1.56,1.575,177895,2021-05-17 18:14:00,ARPO
1.575,1.58,1.57,1.5707,84307,2021-05-17 18:15:00,ARPO
1.5773,1.59,1.57,1.585,370688,2021-05-17 18:16:00,ARPO
1.5817,1.61,1.58,1.5975,636748,2021-05-17 18:17:00,ARPO
1.5996,1.6,1.57,1.5782,285030,2021-05-17 18:18:00,ARPO
1.58,1.59,1.575,1.585,103402,2021-05-17 18:19:00,ARPO
1.5807,1.59,1.58,1.59,76928,2021-05-17 18:20:00,ARPO
1.585,1.61,1.58,1.6,444108,2021-05-17 18:21:00,ARPO
1.6,1.62,1.6,1.61,410588,2021-05-17 18:22:00,ARPO
1.605,1.61,1.59,1.6,149300,2021-05-17 18:23:00,ARPO
1.605,1.63,1.6,1.6299,268895,2021-05-17 18:24:00,ARPO
1.63,1.64,1.62,1.62,294987,2021-05-17 18:25:00,ARPO
1.6274,1.63,1.61,1.625,155870,2021-05-17 18:26:00,ARPO
1.625,1.625,1.6,1.61,186635,2021-05-17 18:27:00,ARPO
1.6026,1.62,1.6,1.6001,116879,2021-05-17 18:28:00,ARPO
1.61,1.615,1.6,1.6018,80273,2021-05-17 18:29:00,ARPO
1.6016,1.62,1.6,1.62,157315,2021-05-17 18:30:00,ARPO
1.6117,1.62,1.61,1.6111,60658,2021-05-17 18:31:00,ARPO
1.6109,1.619,1.61,1.61,63016,2021-05-17 18:32:00,ARPO
1.61,1.62,1.6,1.61,103628,2021-05-17 18:33:00,ARPO
1.6075,1.61,1.6,1.6021,84378,2021-05-17 18:34:00,ARPO
1.6,1.61,1.53,1.5401,644546,2021-05-17 18:35:00,ARPO
1.55,1.55,1.51,1.5402,497569,2021-05-17 18:36:00,ARPO
1.54,1.55,1.52,1.5402,271647,2021-05-17 18:37:00,ARPO
1.545,1.55,1.54,1.5409,82043,2021-05-17 18:38:00,ARPO
1.54,1.55,1.53,1.54,119560,2021-05-17 18:39:00,ARPO
1.54,1.57,1.53,1.5516,316085,2021-05-17 18:40:00,ARPO
1.555,1.58,1.55,1.575,243969,2021-05-17 18:41:00,ARPO
1.5773,1.58,1.56,1.56,163881,2021-05-17 18:42:00,ARPO
1.56,1.57,1.555,1.57,91655,2021-05-17 18:43:00,ARPO
1.565,1.57,1.55,1.5526,67202,2021-05-17 18:44:00,ARPO
1.5501,1.57,1.55,1.5593,122461,2021-05-17 18:45:00,ARPO
1.555,1.57,1.55,1.565,157652,2021-05-17 18:46:00,ARPO
1.565,1.565,1.55,1.56,31013,2021-05-17 18:47:00,ARPO
1.555,1.58,1.55,1.5717,144990,2021-05-17 18:48:00,ARPO
1.575,1.59,1.575,1.585,106247,2021-05-17 18:49:00,ARPO
1.585,1.6,1.58,1.5901,117389,2021-05-17 18:50:00,ARPO
1.6,1.62,1.59,1.605,285047,2021-05-17 18:51:00,ARPO
1.61,1.61,1.6,1.605,45552,2021-05-17 18:52:00,ARPO
1.6,1.605,1.58,1.595,158219,2021-05-17 18:53:00,ARPO
1.595,1.6,1.58,1.595,79642,2021-05-17 18:54:00,ARPO
1.599,1.6,1.58,1.5885,50100,2021-05-17 18:55:00,ARPO
1.59,1.6,1.585,1.585,68687,2021-05-17 18:56:00,ARPO
1.5852,1.6,1.58,1.595,77758,2021-05-17 18:57:00,ARPO
1.6,1.61,1.59,1.61,151449,2021-05-17 18:58:00,ARPO
1.6001,1.62,1.6,1.619,118113,2021-05-17 18:59:00,ARPO
1.615,1.62,1.61,1.62,97088,2021-05-17 19:00:00,ARPO
1.6108,1.62,1.61,1.61,63047,2021-05-17 19:01:00,ARPO
1.61,1.62,1.61,1.61,73334,2021-05-17 19:02:00,ARPO
1.615,1.6199,1.59,1.5901,147169,2021-05-17 19:03:00,ARPO
1.5901,1.61,1.59,1.59,125965,2021-05-17 19:04:00,ARPO
1.591,1.6,1.58,1.59,163027,2021-05-17 19:05:00,ARPO
1.5946,1.61,1.59,1.6,60305,2021-05-17 19:06:00,ARPO
1.6,1.62,1.6,1.6102,134637,2021-05-17 19:07:00,ARPO
1.615,1.62,1.61,1.6118,34064,2021-05-17 19:08:00,ARPO
1.6101,1.62,1.61,1.6109,29916,2021-05-17 19:09:00,ARPO
1.61,1.62,1.61,1.6117,60255,2021-05-17 19:10:00,ARPO
1.62,1.62,1.59,1.6018,176681,2021-05-17 19:11:00,ARPO
1.61,1.61,1.58,1.595,206660,2021-05-17 19:12:00,ARPO
1.595,1.61,1.59,1.6,86616,2021-05-17 19:13:00,ARPO
1.6,1.6099,1.6,1.6001,35375,2021-05-17 19:14:00,ARPO
1.605,1.61,1.59,1.5919,122595,2021-05-17 19:15:00,ARPO
1.59,1.62,1.59,1.615,261599,2021-05-17 19:16:00,ARPO
1.6173,1.62,1.61,1.611,70638,2021-05-17 19:17:00,ARPO
1.61,1.62,1.6,1.6092,110694,2021-05-17 19:18:00,ARPO
1.6,1.61,1.6,1.6,105126,2021-05-17 19:19:00,ARPO
1.605,1.62,1.59,1.62,416513,2021-05-17 19:20:00,ARPO
1.61,1.66,1.61,1.6599,483808,2021-05-17 19:21:00,ARPO
1.66,1.66,1.61,1.62,461331,2021-05-17 19:22:00,ARPO
1.625,1.63,1.61,1.6285,276537,2021-05-17 19:23:00,ARPO
1.63,1.639,1.59,1.61,517664,2021-05-17 19:24:00,ARPO
1.6,1.62,1.6,1.61,367636,2021-05-17 19:25:00,ARPO
1.615,1.6199,1.6098,1.6102,118973,2021-05-17 19:26:00,ARPO
1.6176,1.65,1.61,1.6404,662569,2021-05-17 19:27:00,ARPO
1.65,1.65,1.6201,1.6201,239572,2021-05-17 19:28:00,ARPO
1.63,1.66,1.61,1.66,369906,2021-05-17 19:29:00,ARPO
1.6515,1.73,1.65,1.7012,1166466,2021-05-17 19:30:00,ARPO
1.705,1.73,1.7,1.715,442478,2021-05-17 19:31:00,ARPO
1.715,1.74,1.71,1.7323,431525,2021-05-17 19:32:00,ARPO
1.735,1.74,1.69,1.71,554137,2021-05-17 19:33:00,ARPO
1.71,1.73,1.69,1.725,483471,2021-05-17 19:34:00,ARPO
1.725,1.74,1.72,1.725,532766,2021-05-17 19:35:00,ARPO
1.73,1.73,1.7,1.71,277456,2021-05-17 19:36:00,ARPO
1.7023,1.72,1.69,1.69,273094,2021-05-17 19:37:00,ARPO
1.69,1.7,1.64,1.66,715605,2021-05-17 19:38:00,ARPO
1.66,1.72,1.66,1.7,288095,2021-05-17 19:39:00,ARPO
1.695,1.73,1.69,1.722,701973,2021-05-17 19:40:00,ARPO
1.7227,1.77,1.69,1.6901,1163656,2021-05-17 19:41:00,ARPO
1.695,1.7157,1.66,1.69,619822,2021-05-17 19:42:00,ARPO
1.6852,1.71,1.6852,1.695,286177,2021-05-17 19:43:00,ARPO
1.692,1.71,1.67,1.685,516578,2021-05-17 19:44:00,ARPO
1.6802,1.7,1.65,1.66,323097,2021-05-17 19:45:00,ARPO
1.6607,1.679,1.65,1.67,211489,2021-05-17 19:46:00,ARPO
1.665,1.67,1.65,1.66,239360,2021-05-17 19:47:00,ARPO
1.66,1.67,1.63,1.6388,228302,2021-05-17 19:48:00,ARPO
1.64,1.6484,1.61,1.61,380245,2021-05-17 19:49:00,ARPO
1.6192,1.63,1.59,1.619,889561,2021-05-17 19:50:00,ARPO
1.61,1.64,1.61,1.635,254074,2021-05-17 19:51:00,ARPO
1.6306,1.64,1.61,1.64,381986,2021-05-17 19:52:00,ARPO
1.64,1.65,1.625,1.64,252320,2021-05-17 19:53:00,ARPO
1.64,1.66,1.63,1.64,278535,2021-05-17 19:54:00,ARPO
1.65,1.68,1.64,1.66,639694,2021-05-17 19:55:00,ARPO
1.665,1.67,1.64,1.64,131508,2021-05-17 19:56:00,ARPO
1.64,1.68,1.61,1.655,489755,2021-05-17 19:57:00,ARPO
1.66,1.68,1.64,1.6799,603354,2021-05-17 19:58:00,ARPO
1.68,1.69,1.65,1.65,506495,2021-05-17 19:59:00,ARPO
1.66,1.66,1.63,1.63,99443,2021-05-17 20:00:00,ARPO
1.65,1.7,1.65,1.66,51128,2021-05-17 20:01:00,ARPO
1.67,1.69,1.65,1.67,52249,2021-05-17 20:02:00,ARPO
1.67,1.71,1.64,1.71,126532,2021-05-17 20:03:00,ARPO
1.71,1.73,1.67,1.69,93440,2021-05-17 20:04:00,ARPO
1.705,1.72,1.68,1.69,28671,2021-05-17 20:05:00,ARPO
1.7,1.7,1.67,1.68,29621,2021-05-17 20:06:00,ARPO
1.68,1.69,1.67,1.68,26518,2021-05-17 20:07:00,ARPO
1.68,1.71,1.67,1.7,65961,2021-05-17 20:08:00,ARPO
1.7,1.72,1.699,1.71,80678,2021-05-17 20:09:00,ARPO
1.71,1.75,1.7,1.73,109787,2021-05-17 20:10:00,ARPO
1.73,1.76,1.72,1.73,75982,2021-05-17 20:11:00,ARPO
1.72,1.73,1.71,1.72,49215,2021-05-17 20:12:00,ARPO
1.73,1.76,1.73,1.73,94299,2021-05-17 20:13:00,ARPO
1.72,1.76,1.72,1.76,72094,2021-05-17 20:14:00,ARPO
1.76,1.78,1.76,1.78,69621,2021-05-17 20:15:00,ARPO
1.78,1.84,1.77,1.8101,127229,2021-05-17 20:16:00,ARPO
1.82,1.82,1.78,1.8,111200,2021-05-17 20:17:00,ARPO
1.8,1.8,1.75,1.75,44159,2021-05-17 20:18:00,ARPO
1.75,1.78,1.75,1.75,37382,2021-05-17 20:19:00,ARPO
1.76,1.77,1.76,1.77,18417,2021-05-17 20:20:00,ARPO
1.77,1.78,1.76,1.76,32313,2021-05-17 20:21:00,ARPO
1.77,1.7701,1.76,1.77,20293,2021-05-17 20:22:00,ARPO
1.78,1.78,1.77,1.77,20139,2021-05-17 20:23:00,ARPO
1.78,1.78,1.75,1.76,26612,2021-05-17 20:24:00,ARPO
1.7601,1.7701,1.76,1.77,31920,2021-05-17 20:25:00,ARPO
1.77,1.78,1.77,1.77,4130,2021-05-17 20:26:00,ARPO
1.77,1.77,1.75,1.76,28872,2021-05-17 20:27:00,ARPO
1.75,1.76,1.75,1.76,34798,2021-05-17 20:28:00,ARPO
1.75,1.77,1.75,1.76,18173,2021-05-17 20:29:00,ARPO
1.75,1.76,1.72,1.72,35164,2021-05-17 20:30:00,ARPO
1.71,1.71,1.58,1.59,266900,2021-05-17 20:31:00,ARPO
1.59,1.62,1.58,1.6096,182373,2021-05-17 20:32:00,ARPO
1.6,1.61,1.55,1.5901,95752,2021-05-17 20:33:00,ARPO
1.59,1.59,1.54,1.57,89202,2021-05-17 20:34:00,ARPO
1.57,1.57,1.5,1.53,262992,2021-05-17 20:35:00,ARPO
1.54,1.56,1.54,1.55,55028,2021-05-17 20:36:00,ARPO
1.55,1.55,1.54,1.55,25588,2021-05-17 20:37:00,ARPO
1.55,1.57,1.55,1.57,21819,2021-05-17 20:38:00,ARPO
1.56,1.58,1.56,1.57,31212,2021-05-17 20:39:00,ARPO
1.58,1.59,1.57,1.58,32621,2021-05-17 20:40:00,ARPO
1.59,1.59,1.57,1.58,14257,2021-05-17 20:41:00,ARPO
1.58,1.59,1.58,1.59,40295,2021-05-17 20:42:00,ARPO
1.6,1.62,1.58,1.58,37317,2021-05-17 20:43:00,ARPO
1.59,1.59,1.58,1.59,17914,2021-05-17 20:44:00,ARPO
1.59,1.59,1.55,1.57,17272,2021-05-17 20:45:00,ARPO
1.56,1.56,1.55,1.56,10675,2021-05-17 20:46:00,ARPO
1.56,1.57,1.55,1.56,13329,2021-05-17 20:47:00,ARPO
1.58,1.58,1.56,1.57,5999,2021-05-17 20:48:00,ARPO
1.57,1.58,1.57,1.58,8347,2021-05-17 20:49:00,ARPO
1.59,1.59,1.57,1.57,20304,2021-05-17 20:50:00,ARPO
1.58,1.59,1.58,1.58,12073,2021-05-17 20:51:00,ARPO
1.58,1.58,1.57,1.58,7220,2021-05-17 20:52:00,ARPO
1.58,1.58,1.54,1.56,56746,2021-05-17 20:53:00,ARPO
1.56,1.56,1.56,1.56,2228,2021-05-17 20:54:00,ARPO
1.56,1.56,1.56,1.56,1590,2021-05-17 20:55:00,ARPO
1.56,1.56,1.55,1.55,2505,2021-05-17 20:56:00,ARPO
1.55,1.55,1.52,1.52,21164,2021-05-17 20:57:00,ARPO
1.53,1.54,1.52,1.53,53234,2021-05-17 20:58:00,ARPO
1.53,1.55,1.52,1.55,26049,2021-05-17 20:59:00,ARPO
1.54,1.55,1.53,1.53,9118,2021-05-17 21:00:00,ARPO
1.53,1.53,1.51,1.53,16254,2021-05-17 21:01:00,ARPO
1.53,1.55,1.53,1.54,8710,2021-05-17 21:02:00,ARPO
1.54,1.54,1.53,1.54,6209,2021-05-17 21:03:00,ARPO
1.53,1.54,1.52,1.53,4900,2021-05-17 21:04:00,ARPO
1.54,1.54,1.52,1.53,3481,2021-05-17 21:05:00,ARPO
1.53,1.53,1.52,1.52,6108,2021-05-17 21:06:00,ARPO
1.53,1.53,1.53,1.53,4255,2021-05-17 21:07:00,ARPO
1.54,1.55,1.54,1.55,4646,2021-05-17 21:08:00,ARPO
1.54,1.54,1.54,1.54,2100,2021-05-17 21:09:00,ARPO
1.54,1.54,1.54,1.54,401,2021-05-17 21:10:00,ARPO
1.54,1.54,1.54,1.54,2000,2021-05-17 21:11:00,ARPO
1.54,1.54,1.54,1.54,1097,2021-05-17 21:12:00,ARPO
1.54,1.55,1.53,1.55,4518,2021-05-17 21:13:00,ARPO
1.55,1.55,1.54,1.55,4100,2021-05-17 21:14:00,ARPO
1.55,1.55,1.55,1.55,2875,2021-05-17 21:15:00,ARPO
1.55,1.55,1.54,1.55,2150,2021-05-17 21:16:00,ARPO
1.56,1.57,1.55,1.57,11012,2021-05-17 21:17:00,ARPO
1.57,1.57,1.53,1.53,14614,2021-05-17 21:18:00,ARPO
1.53,1.56,1.53,1.56,6255,2021-05-17 21:19:00,ARPO
1.54,1.54,1.53,1.53,1000,2021-05-17 21:20:00,ARPO
1.54,1.55,1.54,1.54,7428,2021-05-17 21:21:00,ARPO
1.54,1.56,1.54,1.56,6061,2021-05-17 21:22:00,ARPO
1.56,1.56,1.55,1.56,2049,2021-05-17 21:23:00,ARPO
1.56,1.57,1.56,1.57,6650,2021-05-17 21:24:00,ARPO
1.57,1.59,1.57,1.58,26757,2021-05-17 21:25:00,ARPO
1.58,1.59,1.56,1.57,7714,2021-05-17 21:26:00,ARPO
1.56,1.57,1.55,1.55,7286,2021-05-17 21:27:00,ARPO
1.56,1.56,1.55,1.56,2025,2021-05-17 21:28:00,ARPO
1.56,1.57,1.56,1.56,7106,2021-05-17 21:30:00,ARPO
1.56,1.56,1.55,1.56,2565,2021-05-17 21:31:00,ARPO
1.55,1.55,1.55,1.55,100,2021-05-17 21:32:00,ARPO
1.55,1.55,1.55,1.55,8636,2021-05-17 21:33:00,ARPO
1.55,1.56,1.54,1.54,12309,2021-05-17 21:34:00,ARPO
1.54,1.55,1.53,1.55,16957,2021-05-17 21:35:00,ARPO
1.54,1.54,1.53,1.53,14500,2021-05-17 21:36:00,ARPO
1.53,1.54,1.52,1.53,25500,2021-05-17 21:37:00,ARPO
1.54,1.54,1.53,1.54,2176,2021-05-17 21:38:00,ARPO
1.54,1.54,1.54,1.54,6798,2021-05-17 21:39:00,ARPO
1.54,1.54,1.53,1.53,1490,2021-05-17 21:40:00,ARPO
1.53,1.55,1.53,1.54,11567,2021-05-17 21:41:00,ARPO
1.54,1.55,1.54,1.55,8933,2021-05-17 21:42:00,ARPO
1.55,1.55,1.55,1.55,200,2021-05-17 21:43:00,ARPO
1.56,1.56,1.56,1.56,564,2021-05-17 21:44:00,ARPO
1.56,1.6,1.56,1.6,32170,2021-05-17 21:46:00,ARPO
1.59,1.6,1.57,1.59,8834,2021-05-17 21:47:00,ARPO
1.57,1.57,1.57,1.57,13696,2021-05-17 21:48:00,ARPO
1.56,1.56,1.56,1.56,518,2021-05-17 21:49:00,ARPO
1.56,1.56,1.56,1.56,3196,2021-05-17 21:51:00,ARPO
1.56,1.57,1.55,1.56,21464,2021-05-17 21:52:00,ARPO
1.55,1.55,1.54,1.54,13158,2021-05-17 21:53:00,ARPO
1.54,1.54,1.54,1.54,314,2021-05-17 21:54:00,ARPO
1.55,1.55,1.55,1.55,1649,2021-05-17 21:55:00,ARPO
1.55,1.55,1.54,1.55,9073,2021-05-17 21:56:00,ARPO
1.55,1.55,1.55,1.55,4033,2021-05-17 21:57:00,ARPO
1.55,1.55,1.55,1.55,500,2021-05-17 21:58:00,ARPO
1.55,1.56,1.55,1.55,5146,2021-05-17 21:59:00,ARPO
1.55,1.55,1.55,1.55,500,2021-05-17 22:00:00,ARPO
1.54,1.55,1.54,1.54,2920,2021-05-17 22:01:00,ARPO
1.54,1.54,1.54,1.54,1200,2021-05-17 22:02:00,ARPO
1.54,1.54,1.54,1.54,100,2021-05-17 22:03:00,ARPO
1.55,1.55,1.55,1.55,1090,2021-05-17 22:04:00,ARPO
1.55,1.56,1.55,1.56,466,2021-05-17 22:05:00,ARPO
1.55,1.55,1.55,1.55,1305,2021-05-17 22:06:00,ARPO
1.54,1.54,1.54,1.54,5268,2021-05-17 22:07:00,ARPO
1.54,1.54,1.54,1.54,300,2021-05-17 22:12:00,ARPO
1.55,1.55,1.54,1.54,1549,2021-05-17 22:13:00,ARPO
1.55,1.56,1.55,1.56,13097,2021-05-17 22:14:00,ARPO
1.57,1.57,1.57,1.57,6607,2021-05-17 22:17:00,ARPO
1.57,1.58,1.56,1.58,8533,2021-05-17 22:18:00,ARPO
1.57,1.57,1.57,1.57,15439,2021-05-17 22:19:00,ARPO
1.56,1.58,1.55,1.58,3561,2021-05-17 22:20:00,ARPO
1.57,1.57,1.56,1.56,5099,2021-05-17 22:21:00,ARPO
1.56,1.56,1.56,1.56,500,2021-05-17 22:22:00,ARPO
1.56,1.56,1.56,1.56,1100,2021-05-17 22:24:00,ARPO
1.56,1.57,1.56,1.57,14536,2021-05-17 22:25:00,ARPO
1.57,1.57,1.57,1.57,250,2021-05-17 22:26:00,ARPO
1.57,1.57,1.57,1.57,1750,2021-05-17 22:27:00,ARPO
1.56,1.56,1.56,1.56,6254,2021-05-17 22:28:00,ARPO
1.55,1.55,1.55,1.55,1966,2021-05-17 22:29:00,ARPO
1.56,1.56,1.56,1.56,100,2021-05-17 22:30:00,ARPO
1.55,1.55,1.55,1.55,500,2021-05-17 22:32:00,ARPO
1.56,1.56,1.56,1.56,1350,2021-05-17 22:34:00,ARPO
1.57,1.57,1.57,1.57,100,2021-05-17 22:36:00,ARPO
1.56,1.56,1.56,1.56,2482,2021-05-17 22:40:00,ARPO
1.56,1.56,1.56,1.56,3868,2021-05-17 22:41:00,ARPO
1.55,1.55,1.55,1.55,11958,2021-05-17 22:42:00,ARPO
1.56,1.56,1.56,1.56,1000,2021-05-17 22:43:00,ARPO
1.56,1.56,1.56,1.56,100,2021-05-17 22:44:00,ARPO
1.55,1.55,1.55,1.55,30961,2021-05-17 22:45:00,ARPO
1.54,1.55,1.54,1.55,1790,2021-05-17 22:46:00,ARPO
1.55,1.56,1.55,1.56,5119,2021-05-17 22:50:00,ARPO
1.56,1.57,1.56,1.57,491,2021-05-17 22:51:00,ARPO
1.56,1.56,1.56,1.56,6000,2021-05-17 22:52:00,ARPO
1.56,1.56,1.56,1.56,1000,2021-05-17 22:53:00,ARPO
1.56,1.56,1.55,1.55,1260,2021-05-17 22:54:00,ARPO
1.56,1.57,1.56,1.57,5986,2021-05-17 22:55:00,ARPO
1.57,1.57,1.57,1.57,1089,2021-05-17 22:56:00,ARPO
1.57,1.57,1.57,1.57,2250,2021-05-17 22:57:00,ARPO
1.57,1.57,1.56,1.56,4808,2021-05-17 22:58:00,ARPO
1.56,1.56,1.56,1.56,2745,2021-05-17 22:59:00,ARPO
1.57,1.57,1.57,1.57,1500,2021-05-17 23:00:00,ARPO
1.56,1.56,1.56,1.56,2292,2021-05-17 23:01:00,ARPO
1.56,1.56,1.56,1.56,539,2021-05-17 23:02:00,ARPO
1.56,1.56,1.56,1.56,200,2021-05-17 23:03:00,ARPO
1.56,1.56,1.56,1.56,200,2021-05-17 23:04:00,ARPO
1.56,1.56,1.56,1.56,18650,2021-05-17 23:05:00,ARPO
1.55,1.55,1.55,1.55,330,2021-05-17 23:06:00,ARPO
1.55,1.55,1.55,1.55,18200,2021-05-17 23:07:00,ARPO
1.56,1.56,1.55,1.55,6238,2021-05-17 23:08:00,ARPO
1.55,1.55,1.55,1.55,100,2021-05-17 23:10:00,ARPO
1.56,1.56,1.55,1.55,1630,2021-05-17 23:11:00,ARPO
1.55,1.55,1.55,1.55,1129,2021-05-17 23:12:00,ARPO
1.55,1.55,1.55,1.55,128,2021-05-17 23:13:00,ARPO
1.56,1.57,1.56,1.57,3325,2021-05-17 23:14:00,ARPO
1.58,1.58,1.58,1.58,9966,2021-05-17 23:15:00,ARPO
1.58,1.59,1.58,1.59,6503,2021-05-17 23:16:00,ARPO
1.6,1.6,1.58,1.58,751,2021-05-17 23:17:00,ARPO
1.58,1.58,1.58,1.58,730,2021-05-17 23:18:00,ARPO
1.59,1.59,1.59,1.59,5000,2021-05-17 23:19:00,ARPO
1.59,1.59,1.59,1.59,894,2021-05-17 23:20:00,ARPO
1.59,1.6,1.59,1.6,20366,2021-05-17 23:21:00,ARPO
1.6,1.6,1.6,1.6,1062,2021-05-17 23:22:00,ARPO
1.6,1.6,1.59,1.59,950,2021-05-17 23:24:00,ARPO
1.58,1.58,1.58,1.58,400,2021-05-17 23:27:00,ARPO
1.58,1.58,1.58,1.58,100,2021-05-17 23:29:00,ARPO
1.59,1.59,1.59,1.59,978,2021-05-17 23:30:00,ARPO
1.6,1.6,1.6,1.6,150,2021-05-17 23:31:00,ARPO
1.6,1.6,1.58,1.58,1211,2021-05-17 23:32:00,ARPO
1.59,1.59,1.59,1.59,200,2021-05-17 23:33:00,ARPO
1.58,1.58,1.58,1.58,9555,2021-05-17 23:34:00,ARPO
1.59,1.59,1.59,1.59,3323,2021-05-17 23:35:00,ARPO
1.59,1.59,1.59,1.59,208,2021-05-17 23:38:00,ARPO
1.59,1.59,1.59,1.59,3089,2021-05-17 23:39:00,ARPO
1.6,1.6,1.59,1.59,3555,2021-05-17 23:40:00,ARPO
1.6,1.6,1.6,1.6,668,2021-05-17 23:41:00,ARPO
1.6,1.6,1.59,1.59,1582,2021-05-17 23:42:00,ARPO
1.6,1.6,1.6,1.6,1563,2021-05-17 23:43:00,ARPO
1.6,1.6,1.59,1.59,15647,2021-05-17 23:44:00,ARPO
1.6,1.6,1.59,1.59,2000,2021-05-17 23:45:00,ARPO
1.59,1.59,1.59,1.59,900,2021-05-17 23:46:00,ARPO
1.59,1.59,1.59,1.59,8614,2021-05-17 23:47:00,ARPO
1.6,1.61,1.59,1.61,8995,2021-05-17 23:49:00,ARPO
1.6,1.6,1.6,1.6,1000,2021-05-17 23:50:00,ARPO
1.6,1.6,1.59,1.59,2370,2021-05-17 23:51:00,ARPO
1.6,1.6,1.59,1.59,6219,2021-05-17 23:52:00,ARPO
1.59,1.59,1.58,1.58,12314,2021-05-17 23:53:00,ARPO
1.58,1.58,1.57,1.58,2274,2021-05-17 23:54:00,ARPO
1.57,1.57,1.55,1.55,4246,2021-05-17 23:55:00,ARPO
1.55,1.55,1.54,1.54,8809,2021-05-17 23:56:00,ARPO
1.55,1.57,1.55,1.57,1075,2021-05-17 23:57:00,ARPO
1.56,1.56,1.54,1.55,29731,2021-05-17 23:58:00,ARPO
1.56,1.56,1.55,1.55,9996,2021-05-17 23:59:00,ARPO
1.65,1.65,1.56,1.57,3812,2021-05-18 08:00:00,ARPO
1.57,1.57,1.57,1.57,597,2021-05-18 08:01:00,ARPO
1.56,1.56,1.55,1.55,2852,2021-05-18 08:02:00,ARPO
1.57,1.57,1.57,1.57,192,2021-05-18 08:03:00,ARPO
1.58,1.58,1.58,1.58,100,2021-05-18 08:04:00,ARPO
1.59,1.59,1.58,1.58,1053,2021-05-18 08:06:00,ARPO
1.59,1.59,1.59,1.59,600,2021-05-18 08:07:00,ARPO
1.58,1.58,1.58,1.58,1757,2021-05-18 08:08:00,ARPO
1.57,1.57,1.57,1.57,1401,2021-05-18 08:09:00,ARPO
1.57,1.57,1.56,1.56,1830,2021-05-18 08:10:00,ARPO
1.57,1.58,1.57,1.58,770,2021-05-18 08:11:00,ARPO
1.57,1.57,1.55,1.56,1654,2021-05-18 08:12:00,ARPO
1.56,1.56,1.56,1.56,300,2021-05-18 08:13:00,ARPO
1.56,1.56,1.55,1.55,997,2021-05-18 08:14:00,ARPO
1.56,1.56,1.56,1.56,133,2021-05-18 08:15:00,ARPO
1.55,1.55,1.55,1.55,614,2021-05-18 08:16:00,ARPO
1.54,1.54,1.54,1.54,1397,2021-05-18 08:17:00,ARPO
1.54,1.54,1.54,1.54,1500,2021-05-18 08:19:00,ARPO
1.54,1.54,1.54,1.54,593,2021-05-18 08:20:00,ARPO
1.55,1.55,1.55,1.55,321,2021-05-18 08:21:00,ARPO
1.55,1.55,1.55,1.55,179,2021-05-18 08:22:00,ARPO
1.56,1.56,1.56,1.56,478,2021-05-18 08:23:00,ARPO
1.55,1.56,1.54,1.54,1081,2021-05-18 08:25:00,ARPO
1.56,1.56,1.56,1.56,135,2021-05-18 08:26:00,ARPO
1.55,1.55,1.55,1.55,100,2021-05-18 08:27:00,ARPO
1.56,1.56,1.56,1.56,300,2021-05-18 08:28:00,ARPO
1.55,1.55,1.55,1.55,810,2021-05-18 08:31:00,ARPO
1.57,1.57,1.57,1.57,264,2021-05-18 08:32:00,ARPO
1.57,1.57,1.57,1.57,1000,2021-05-18 08:34:00,ARPO
1.56,1.56,1.56,1.56,100,2021-05-18 08:36:00,ARPO
1.56,1.56,1.56,1.56,200,2021-05-18 08:45:00,ARPO
1.55,1.55,1.51,1.51,15962,2021-05-18 08:47:00,ARPO
1.51,1.51,1.51,1.51,2240,2021-05-18 08:48:00,ARPO
1.52,1.52,1.52,1.52,600,2021-05-18 08:58:00,ARPO
1.52,1.52,1.52,1.52,696,2021-05-18 09:03:00,ARPO
1.53,1.53,1.53,1.53,101,2021-05-18 09:06:00,ARPO
1.53,1.53,1.53,1.53,488,2021-05-18 09:07:00,ARPO
1.52,1.52,1.52,1.52,503,2021-05-18 09:09:00,ARPO
1.53,1.54,1.53,1.54,1321,2021-05-18 09:10:00,ARPO
1.54,1.54,1.54,1.54,100,2021-05-18 09:13:00,ARPO
1.53,1.53,1.52,1.52,3510,2021-05-18 09:16:00,ARPO
1.51,1.51,1.51,1.51,505,2021-05-18 09:17:00,ARPO
1.53,1.53,1.53,1.53,9812,2021-05-18 09:21:00,ARPO
1.53,1.53,1.53,1.53,200,2021-05-18 09:22:00,ARPO
1.52,1.53,1.52,1.53,429,2021-05-18 09:23:00,ARPO
1.53,1.53,1.53,1.53,100,2021-05-18 09:26:00,ARPO
1.53,1.53,1.53,1.53,570,2021-05-18 09:34:00,ARPO
1.53,1.53,1.53,1.53,100,2021-05-18 09:36:00,ARPO
1.53,1.53,1.53,1.53,452,2021-05-18 09:39:00,ARPO
1.53,1.53,1.52,1.52,999,2021-05-18 09:41:00,ARPO
1.52,1.52,1.52,1.52,251,2021-05-18 09:43:00,ARPO
1.52,1.52,1.52,1.52,890,2021-05-18 09:46:00,ARPO
1.52,1.52,1.52,1.52,490,2021-05-18 09:49:00,ARPO
1.52,1.52,1.52,1.52,833,2021-05-18 09:52:00,ARPO
1.53,1.53,1.53,1.53,4900,2021-05-18 09:58:00,ARPO
1.52,1.53,1.52,1.53,751,2021-05-18 10:00:00,ARPO
1.53,1.53,1.53,1.53,114,2021-05-18 10:08:00,ARPO
1.53,1.53,1.53,1.53,200,2021-05-18 10:09:00,ARPO
1.52,1.52,1.52,1.52,193,2021-05-18 10:13:00,ARPO
1.53,1.54,1.53,1.54,2262,2021-05-18 10:15:00,ARPO
1.54,1.54,1.54,1.54,200,2021-05-18 10:16:00,ARPO
1.54,1.55,1.54,1.55,820,2021-05-18 10:17:00,ARPO
1.54,1.54,1.54,1.54,246,2021-05-18 10:18:00,ARPO
1.55,1.55,1.55,1.55,100,2021-05-18 10:19:00,ARPO
1.55,1.55,1.55,1.55,129,2021-05-18 10:20:00,ARPO
1.53,1.53,1.53,1.53,300,2021-05-18 10:24:00,ARPO
1.53,1.53,1.53,1.53,300,2021-05-18 10:26:00,ARPO
1.53,1.53,1.53,1.53,102,2021-05-18 10:27:00,ARPO
1.52,1.52,1.52,1.52,122,2021-05-18 10:28:00,ARPO
1.52,1.52,1.52,1.52,100,2021-05-18 10:31:00,ARPO
1.52,1.52,1.52,1.52,1357,2021-05-18 10:33:00,ARPO
1.54,1.54,1.54,1.54,327,2021-05-18 10:35:00,ARPO
1.52,1.52,1.52,1.52,893,2021-05-18 10:46:00,ARPO
1.52,1.55,1.52,1.55,1004,2021-05-18 10:47:00,ARPO
1.53,1.53,1.53,1.53,500,2021-05-18 10:48:00,ARPO
1.53,1.53,1.53,1.53,1500,2021-05-18 10:49:00,ARPO
1.53,1.53,1.53,1.53,300,2021-05-18 10:51:00,ARPO
1.53,1.53,1.52,1.53,3431,2021-05-18 10:53:00,ARPO
1.53,1.53,1.53,1.53,573,2021-05-18 10:54:00,ARPO
1.54,1.54,1.53,1.53,2296,2021-05-18 11:00:00,ARPO
1.53,1.53,1.53,1.53,1026,2021-05-18 11:02:00,ARPO
1.52,1.52,1.52,1.52,2256,2021-05-18 11:06:00,ARPO
1.52,1.52,1.52,1.52,2579,2021-05-18 11:09:00,ARPO
1.52,1.53,1.52,1.52,6081,2021-05-18 11:10:00,ARPO
1.53,1.55,1.53,1.55,16199,2021-05-18 11:13:00,ARPO
1.56,1.56,1.56,1.56,3161,2021-05-18 11:14:00,ARPO
1.56,1.57,1.56,1.56,1700,2021-05-18 11:15:00,ARPO
1.56,1.56,1.55,1.55,3172,2021-05-18 11:16:00,ARPO
1.56,1.57,1.56,1.57,3176,2021-05-18 11:18:00,ARPO
1.57,1.57,1.56,1.56,1512,2021-05-18 11:21:00,ARPO
1.56,1.56,1.56,1.56,2000,2021-05-18 11:25:00,ARPO
1.56,1.56,1.52,1.52,5020,2021-05-18 11:26:00,ARPO
1.55,1.55,1.55,1.55,100,2021-05-18 11:30:00,ARPO
1.55,1.55,1.55,1.55,100,2021-05-18 11:31:00,ARPO
1.55,1.55,1.55,1.55,1042,2021-05-18 11:33:00,ARPO
1.55,1.55,1.55,1.55,300,2021-05-18 11:40:00,ARPO
1.55,1.55,1.55,1.55,1033,2021-05-18 11:41:00,ARPO
1.56,1.56,1.56,1.56,2314,2021-05-18 11:46:00,ARPO
1.55,1.55,1.55,1.55,300,2021-05-18 11:48:00,ARPO
1.56,1.56,1.56,1.56,100,2021-05-18 11:49:00,ARPO
1.55,1.55,1.55,1.55,300,2021-05-18 11:50:00,ARPO
1.55,1.55,1.55,1.55,1300,2021-05-18 11:51:00,ARPO
1.55,1.55,1.55,1.55,885,2021-05-18 11:52:00,ARPO
1.55,1.56,1.55,1.56,1264,2021-05-18 11:54:00,ARPO
1.56,1.56,1.56,1.56,1355,2021-05-18 11:57:00,ARPO
1.56,1.56,1.55,1.55,900,2021-05-18 11:59:00,ARPO
1.55,1.55,1.55,1.55,2000,2021-05-18 12:00:00,ARPO
1.57,1.57,1.57,1.57,2884,2021-05-18 12:03:00,ARPO
1.57,1.57,1.56,1.56,315,2021-05-18 12:04:00,ARPO
1.57,1.57,1.57,1.57,300,2021-05-18 12:05:00,ARPO
1.56,1.56,1.56,1.56,820,2021-05-18 12:06:00,ARPO
1.56,1.56,1.56,1.56,2000,2021-05-18 12:07:00,ARPO
1.57,1.57,1.56,1.57,3066,2021-05-18 12:09:00,ARPO
1.57,1.62,1.57,1.61,41638,2021-05-18 12:10:00,ARPO
1.6,1.62,1.6,1.62,4630,2021-05-18 12:11:00,ARPO
1.63,1.64,1.62,1.6399,15189,2021-05-18 12:12:00,ARPO
1.6399,1.6399,1.63,1.6399,4449,2021-05-18 12:13:00,ARPO
1.63,1.64,1.63,1.64,8613,2021-05-18 12:14:00,ARPO
1.64,1.64,1.63,1.63,1600,2021-05-18 12:15:00,ARPO
1.63,1.64,1.63,1.64,9498,2021-05-18 12:16:00,ARPO
1.63,1.65,1.63,1.65,16043,2021-05-18 12:17:00,ARPO
1.66,1.66,1.63,1.6399,8534,2021-05-18 12:18:00,ARPO
1.63,1.63,1.63,1.63,936,2021-05-18 12:19:00,ARPO
1.63,1.64,1.63,1.64,200,2021-05-18 12:20:00,ARPO
1.64,1.64,1.63,1.63,5200,2021-05-18 12:21:00,ARPO
1.63,1.64,1.63,1.64,9500,2021-05-18 12:22:00,ARPO
1.65,1.65,1.63,1.63,2500,2021-05-18 12:23:00,ARPO
1.65,1.65,1.6499,1.6499,2300,2021-05-18 12:24:00,ARPO
1.63,1.6373,1.63,1.63,2606,2021-05-18 12:25:00,ARPO
1.64,1.64,1.63,1.63,2584,2021-05-18 12:26:00,ARPO
1.63,1.6301,1.63,1.6301,3000,2021-05-18 12:27:00,ARPO
1.63,1.64,1.63,1.64,4385,2021-05-18 12:28:00,ARPO
1.63,1.64,1.63,1.64,400,2021-05-18 12:30:00,ARPO
1.63,1.63,1.63,1.63,2300,2021-05-18 12:31:00,ARPO
1.63,1.63,1.63,1.63,15611,2021-05-18 12:32:00,ARPO
1.62,1.62,1.62,1.62,2545,2021-05-18 12:33:00,ARPO
1.63,1.63,1.62,1.62,1204,2021-05-18 12:35:00,ARPO
1.62,1.63,1.62,1.62,1407,2021-05-18 12:36:00,ARPO
1.6201,1.6201,1.62,1.62,700,2021-05-18 12:37:00,ARPO
1.62,1.62,1.62,1.62,5112,2021-05-18 12:38:00,ARPO
1.62,1.6201,1.62,1.62,4734,2021-05-18 12:39:00,ARPO
1.62,1.62,1.62,1.62,2235,2021-05-18 12:40:00,ARPO
1.62,1.6201,1.61,1.61,6785,2021-05-18 12:41:00,ARPO
1.61,1.61,1.6,1.6,7652,2021-05-18 12:42:00,ARPO
1.61,1.62,1.61,1.62,6779,2021-05-18 12:43:00,ARPO
1.61,1.61,1.6,1.6,4698,2021-05-18 12:44:00,ARPO
1.61,1.61,1.6,1.6,1300,2021-05-18 12:45:00,ARPO
1.6001,1.6001,1.6001,1.6001,100,2021-05-18 12:46:00,ARPO
1.6,1.6,1.57,1.57,3024,2021-05-18 12:47:00,ARPO
1.57,1.59,1.57,1.59,5953,2021-05-18 12:48:00,ARPO
1.59,1.59,1.59,1.59,1100,2021-05-18 12:49:00,ARPO
1.59,1.59,1.58,1.5801,5398,2021-05-18 12:50:00,ARPO
1.59,1.59,1.58,1.59,3968,2021-05-18 12:52:00,ARPO
1.59,1.59,1.59,1.59,151,2021-05-18 12:53:00,ARPO
1.61,1.61,1.6,1.61,7806,2021-05-18 12:54:00,ARPO
1.61,1.62,1.61,1.61,2477,2021-05-18 12:55:00,ARPO
1.62,1.62,1.62,1.62,2321,2021-05-18 12:57:00,ARPO
1.62,1.62,1.59,1.6,19451,2021-05-18 12:58:00,ARPO
1.6,1.6,1.6,1.6,100,2021-05-18 13:00:00,ARPO
1.6,1.61,1.6,1.61,2458,2021-05-18 13:01:00,ARPO
1.6001,1.6001,1.6,1.6,3680,2021-05-18 13:02:00,ARPO
1.6,1.6,1.6,1.6,650,2021-05-18 13:03:00,ARPO
1.6,1.6,1.6,1.6,1500,2021-05-18 13:04:00,ARPO
1.6,1.6,1.6,1.6,750,2021-05-18 13:06:00,ARPO
1.61,1.61,1.6,1.6,1000,2021-05-18 13:07:00,ARPO
1.61,1.61,1.6,1.6,1502,2021-05-18 13:08:00,ARPO
1.61,1.61,1.6,1.6,1200,2021-05-18 13:09:00,ARPO
1.6,1.61,1.6,1.61,973,2021-05-18 13:10:00,ARPO
1.6,1.6,1.6,1.6,8980,2021-05-18 13:11:00,ARPO
1.6,1.61,1.6,1.6,3640,2021-05-18 13:13:00,ARPO
1.6,1.6,1.6,1.6,2200,2021-05-18 13:14:00,ARPO
1.6,1.6,1.6,1.6,575,2021-05-18 13:15:00,ARPO
1.6,1.6,1.59,1.59,7000,2021-05-18 13:16:00,ARPO
1.59,1.6,1.59,1.6,4393,2021-05-18 13:17:00,ARPO
1.5901,1.6,1.5901,1.6,10176,2021-05-18 13:18:00,ARPO
1.6,1.61,1.6,1.6,5916,2021-05-18 13:19:00,ARPO
1.61,1.61,1.6001,1.6001,1190,2021-05-18 13:20:00,ARPO
1.6001,1.6001,1.6,1.6,6440,2021-05-18 13:22:00,ARPO
1.6,1.6001,1.6,1.6,1500,2021-05-18 13:24:00,ARPO
1.61,1.61,1.6,1.61,9452,2021-05-18 13:25:00,ARPO
1.61,1.61,1.6,1.6,6800,2021-05-18 13:26:00,ARPO
1.6,1.61,1.59,1.61,14303,2021-05-18 13:27:00,ARPO
1.62,1.67,1.61,1.66,60085,2021-05-18 13:28:00,ARPO
1.67,1.69,1.66,1.68,48847,2021-05-18 13:29:00,ARPO
1.68,1.7,1.61,1.62,523576,2021-05-18 13:30:00,ARPO
1.611,1.63,1.59,1.6,115258,2021-05-18 13:31:00,ARPO
1.595,1.6,1.56,1.5803,217204,2021-05-18 13:32:00,ARPO
1.581,1.59,1.56,1.5822,112876,2021-05-18 13:33:00,ARPO
1.585,1.59,1.57,1.5702,105669,2021-05-18 13:34:00,ARPO
1.575,1.59,1.57,1.59,36283,2021-05-18 13:35:00,ARPO
1.585,1.64,1.585,1.6095,140214,2021-05-18 13:36:00,ARPO
1.605,1.62,1.6,1.62,79164,2021-05-18 13:37:00,ARPO
1.62,1.62,1.59,1.595,74749,2021-05-18 13:38:00,ARPO
1.6,1.62,1.59,1.6188,36548,2021-05-18 13:39:00,ARPO
1.615,1.62,1.59,1.595,48963,2021-05-18 13:40:00,ARPO
1.5996,1.6,1.57,1.5716,100975,2021-05-18 13:41:00,ARPO
1.57,1.58,1.56,1.565,97747,2021-05-18 13:42:00,ARPO
1.5692,1.57,1.56,1.565,85988,2021-05-18 13:43:00,ARPO
1.56,1.5795,1.56,1.575,104638,2021-05-18 13:44:00,ARPO
1.573,1.575,1.55,1.5519,107564,2021-05-18 13:45:00,ARPO
1.55,1.56,1.54,1.5401,128868,2021-05-18 13:46:00,ARPO
1.54,1.56,1.54,1.55,65286,2021-05-18 13:47:00,ARPO
1.555,1.555,1.54,1.54,15605,2021-05-18 13:48:00,ARPO
1.545,1.55,1.54,1.5497,28771,2021-05-18 13:49:00,ARPO
1.55,1.56,1.55,1.56,44437,2021-05-18 13:50:00,ARPO
1.56,1.58,1.55,1.565,162547,2021-05-18 13:51:00,ARPO
1.5684,1.58,1.56,1.56,116439,2021-05-18 13:52:00,ARPO
1.5695,1.58,1.56,1.566,76816,2021-05-18 13:53:00,ARPO
1.56,1.58,1.54,1.5701,219434,2021-05-18 13:54:00,ARPO
1.57,1.58,1.57,1.58,27489,2021-05-18 13:55:00,ARPO
1.5782,1.58,1.57,1.575,17848,2021-05-18 13:56:00,ARPO
1.58,1.62,1.58,1.6185,133943,2021-05-18 13:57:00,ARPO
1.62,1.66,1.61,1.65,181343,2021-05-18 13:58:00,ARPO
1.655,1.66,1.62,1.62,64125,2021-05-18 13:59:00,ARPO
1.62,1.66,1.62,1.6301,119766,2021-05-18 14:00:00,ARPO
1.6395,1.65,1.63,1.635,20825,2021-05-18 14:01:00,ARPO
1.6393,1.64,1.63,1.635,29283,2021-05-18 14:02:00,ARPO
1.6311,1.65,1.63,1.645,31372,2021-05-18 14:03:00,ARPO
1.6473,1.67,1.64,1.665,88547,2021-05-18 14:04:00,ARPO
1.66,1.665,1.64,1.645,68570,2021-05-18 14:05:00,ARPO
1.64,1.65,1.615,1.615,110770,2021-05-18 14:06:00,ARPO
1.61,1.6299,1.61,1.6215,17124,2021-05-18 14:07:00,ARPO
1.625,1.63,1.62,1.63,21695,2021-05-18 14:08:00,ARPO
1.63,1.64,1.63,1.6353,28050,2021-05-18 14:09:00,ARPO
1.635,1.6499,1.63,1.6319,31483,2021-05-18 14:10:00,ARPO
1.635,1.64,1.61,1.6101,43546,2021-05-18 14:11:00,ARPO
1.6108,1.625,1.61,1.625,39765,2021-05-18 14:12:00,ARPO
1.6214,1.63,1.61,1.61,26337,2021-05-18 14:13:00,ARPO
1.6101,1.615,1.6,1.6012,64606,2021-05-18 14:14:00,ARPO
1.6,1.62,1.6,1.615,27341,2021-05-18 14:15:00,ARPO
1.6103,1.62,1.61,1.6198,8912,2021-05-18 14:16:00,ARPO
1.615,1.64,1.6147,1.6299,41433,2021-05-18 14:17:00,ARPO
1.62,1.63,1.62,1.625,5750,2021-05-18 14:18:00,ARPO
1.63,1.63,1.625,1.625,4233,2021-05-18 14:19:00,ARPO
1.63,1.64,1.6225,1.64,19613,2021-05-18 14:20:00,ARPO
1.64,1.66,1.6398,1.66,121008,2021-05-18 14:21:00,ARPO
1.655,1.66,1.645,1.6482,51500,2021-05-18 14:22:00,ARPO
1.65,1.66,1.6401,1.65,12535,2021-05-18 14:23:00,ARPO
1.65,1.66,1.65,1.6506,12725,2021-05-18 14:24:00,ARPO
1.655,1.66,1.65,1.655,15729,2021-05-18 14:25:00,ARPO
1.655,1.67,1.65,1.67,89676,2021-05-18 14:26:00,ARPO
1.67,1.67,1.65,1.6554,78818,2021-05-18 14:27:00,ARPO
1.655,1.6682,1.65,1.66,13717,2021-05-18 14:28:00,ARPO
1.66,1.67,1.65,1.655,19590,2021-05-18 14:29:00,ARPO
1.66,1.66,1.65,1.6517,9895,2021-05-18 14:30:00,ARPO
1.65,1.65,1.64,1.642,38511,2021-05-18 14:31:00,ARPO
1.65,1.65,1.64,1.6401,15253,2021-05-18 14:32:00,ARPO
1.6411,1.65,1.64,1.65,5522,2021-05-18 14:33:00,ARPO
1.65,1.65,1.64,1.64,39818,2021-05-18 14:34:00,ARPO
1.65,1.66,1.64,1.65,45081,2021-05-18 14:35:00,ARPO
1.66,1.66,1.65,1.66,4500,2021-05-18 14:36:00,ARPO
1.66,1.67,1.655,1.67,32750,2021-05-18 14:37:00,ARPO
1.66,1.6695,1.65,1.66,66600,2021-05-18 14:38:00,ARPO
1.6599,1.74,1.655,1.73,349669,2021-05-18 14:39:00,ARPO
1.74,1.75,1.695,1.7,236391,2021-05-18 14:40:00,ARPO
1.71,1.74,1.7,1.7307,99768,2021-05-18 14:41:00,ARPO
1.7381,1.74,1.7,1.72,132110,2021-05-18 14:42:00,ARPO
1.72,1.72,1.7,1.7,126088,2021-05-18 14:43:00,ARPO
1.69,1.7,1.69,1.695,32083,2021-05-18 14:44:00,ARPO
1.6992,1.7,1.69,1.6922,3966,2021-05-18 14:45:00,ARPO
1.7,1.71,1.69,1.7,99065,2021-05-18 14:46:00,ARPO
1.705,1.72,1.7,1.72,39136,2021-05-18 14:47:00,ARPO
1.7106,1.72,1.71,1.7111,25377,2021-05-18 14:48:00,ARPO
1.71,1.74,1.71,1.732,75584,2021-05-18 14:49:00,ARPO
1.735,1.77,1.73,1.7399,201252,2021-05-18 14:50:00,ARPO
1.73,1.76,1.73,1.74,57305,2021-05-18 14:51:00,ARPO
1.7395,1.75,1.71,1.7193,66261,2021-05-18 14:52:00,ARPO
1.715,1.7193,1.71,1.7117,7160,2021-05-18 14:53:00,ARPO
1.71,1.72,1.71,1.715,35145,2021-05-18 14:54:00,ARPO
1.71,1.73,1.71,1.73,31439,2021-05-18 14:55:00,ARPO
1.73,1.73,1.71,1.71,18639,2021-05-18 14:56:00,ARPO
1.71,1.73,1.7,1.725,50513,2021-05-18 14:57:00,ARPO
1.725,1.76,1.72,1.7598,104385,2021-05-18 14:58:00,ARPO
1.76,1.76,1.73,1.7495,80460,2021-05-18 14:59:00,ARPO
1.745,1.76,1.74,1.7578,63236,2021-05-18 15:00:00,ARPO
1.76,1.77,1.75,1.755,60257,2021-05-18 15:01:00,ARPO
1.76,1.77,1.7569,1.765,108476,2021-05-18 15:02:00,ARPO
1.765,1.77,1.76,1.7636,61460,2021-05-18 15:03:00,ARPO
1.76,1.77,1.74,1.76,141836,2021-05-18 15:04:00,ARPO
1.76,1.77,1.75,1.7519,53455,2021-05-18 15:05:00,ARPO
1.76,1.76,1.75,1.7561,7394,2021-05-18 15:06:00,ARPO
1.7527,1.7599,1.75,1.75,53504,2021-05-18 15:07:00,ARPO
1.75,1.7574,1.72,1.7301,122325,2021-05-18 15:08:00,ARPO
1.7308,1.76,1.73,1.7504,30088,2021-05-18 15:09:00,ARPO
1.75,1.79,1.75,1.7787,223779,2021-05-18 15:10:00,ARPO
1.779,1.79,1.76,1.77,101503,2021-05-18 15:11:00,ARPO
1.77,1.78,1.76,1.7604,44350,2021-05-18 15:12:00,ARPO
1.765,1.77,1.76,1.77,54170,2021-05-18 15:13:00,ARPO
1.7697,1.78,1.7697,1.77,46781,2021-05-18 15:14:00,ARPO
1.7706,1.78,1.77,1.77,16877,2021-05-18 15:15:00,ARPO
1.77,1.77,1.75,1.75,24828,2021-05-18 15:16:00,ARPO
1.7514,1.7699,1.7514,1.765,16461,2021-05-18 15:17:00,ARPO
1.77,1.77,1.76,1.7601,7985,2021-05-18 15:18:00,ARPO
1.77,1.78,1.7623,1.78,27761,2021-05-18 15:19:00,ARPO
1.78,1.8,1.775,1.8,115221,2021-05-18 15:20:00,ARPO
1.8,1.83,1.788,1.83,240440,2021-05-18 15:21:00,ARPO
1.82,1.83,1.805,1.8299,110277,2021-05-18 15:22:00,ARPO
1.827,1.87,1.82,1.84,357104,2021-05-18 15:23:00,ARPO
1.8393,1.84,1.83,1.8309,57311,2021-05-18 15:24:00,ARPO
1.832,1.99,1.82,1.9599,672877,2021-05-18 15:25:00,ARPO
1.95,1.98,1.92,1.9503,305939,2021-05-18 15:26:00,ARPO
1.955,1.96,1.91,1.925,206417,2021-05-18 15:27:00,ARPO
1.925,1.96,1.92,1.925,397195,2021-05-18 15:28:00,ARPO
1.93,1.9338,1.89,1.89,245632,2021-05-18 15:29:00,ARPO
1.8986,1.9,1.87,1.8806,325975,2021-05-18 15:30:00,ARPO
1.89,1.89,1.87,1.88,66324,2021-05-18 15:31:00,ARPO
1.8707,1.88,1.85,1.85,120778,2021-05-18 15:32:00,ARPO
1.8593,1.87,1.84,1.8689,216596,2021-05-18 15:33:00,ARPO
1.87,1.87,1.85,1.855,47698,2021-05-18 15:34:00,ARPO
1.8515,1.86,1.832,1.855,108481,2021-05-18 15:35:00,ARPO
1.85,1.87,1.85,1.87,56144,2021-05-18 15:36:00,ARPO
1.87,1.87,1.78,1.7999,546887,2021-05-18 15:37:00,ARPO
1.795,1.815,1.79,1.7982,280618,2021-05-18 15:38:00,ARPO
1.7942,1.81,1.79,1.81,42596,2021-05-18 15:39:00,ARPO
1.81,1.82,1.8,1.8101,139087,2021-05-18 15:40:00,ARPO
1.8199,1.82,1.78,1.79,63301,2021-05-18 15:41:00,ARPO
1.785,1.81,1.785,1.81,39521,2021-05-18 15:42:00,ARPO
1.8043,1.83,1.8,1.818,121731,2021-05-18 15:43:00,ARPO
1.82,1.83,1.8,1.8,123989,2021-05-18 15:44:00,ARPO
1.8,1.8,1.79,1.795,23485,2021-05-18 15:45:00,ARPO
1.8,1.81,1.79,1.81,28599,2021-05-18 15:46:00,ARPO
1.81,1.82,1.805,1.805,25038,2021-05-18 15:47:00,ARPO
1.801,1.82,1.801,1.82,33416,2021-05-18 15:48:00,ARPO
1.82,1.83,1.805,1.81,68932,2021-05-18 15:49:00,ARPO
1.815,1.82,1.8,1.8,84843,2021-05-18 15:50:00,ARPO
1.7989,1.8,1.78,1.7907,85260,2021-05-18 15:51:00,ARPO
1.7993,1.82,1.79,1.805,41872,2021-05-18 15:52:00,ARPO
1.805,1.84,1.8,1.8294,73858,2021-05-18 15:53:00,ARPO
1.83,1.85,1.825,1.85,119899,2021-05-18 15:54:00,ARPO
1.85,1.88,1.83,1.83,210112,2021-05-18 15:55:00,ARPO
1.83,1.839,1.81,1.8116,61460,2021-05-18 15:56:00,ARPO
1.815,1.85,1.81,1.8404,102182,2021-05-18 15:57:00,ARPO
1.85,1.85,1.822,1.825,138166,2021-05-18 15:58:00,ARPO
1.83,1.83,1.81,1.81,53755,2021-05-18 15:59:00,ARPO
1.815,1.84,1.815,1.8399,27485,2021-05-18 16:00:00,ARPO
1.83,1.835,1.82,1.82,5522,2021-05-18 16:01:00,ARPO
1.82,1.83,1.8117,1.8299,60328,2021-05-18 16:02:00,ARPO
1.8294,1.8294,1.82,1.8222,28427,2021-05-18 16:03:00,ARPO
1.8293,1.83,1.82,1.82,6576,2021-05-18 16:04:00,ARPO
1.82,1.82,1.79,1.79,240486,2021-05-18 16:05:00,ARPO
1.79,1.79,1.78,1.7812,85819,2021-05-18 16:06:00,ARPO
1.79,1.79,1.78,1.78,43933,2021-05-18 16:07:00,ARPO
1.78,1.79,1.78,1.785,37652,2021-05-18 16:08:00,ARPO
1.78,1.79,1.75,1.76,187471,2021-05-18 16:09:00,ARPO
1.755,1.78,1.755,1.77,87395,2021-05-18 16:10:00,ARPO
1.7728,1.7775,1.7519,1.765,58375,2021-05-18 16:11:00,ARPO
1.77,1.78,1.765,1.775,30859,2021-05-18 16:12:00,ARPO
1.78,1.78,1.771,1.775,27100,2021-05-18 16:13:00,ARPO
1.78,1.79,1.77,1.79,62446,2021-05-18 16:14:00,ARPO
1.79,1.79,1.75,1.76,131447,2021-05-18 16:15:00,ARPO
1.75,1.77,1.75,1.76,47847,2021-05-18 16:16:00,ARPO
1.765,1.77,1.76,1.765,32270,2021-05-18 16:17:00,ARPO
1.77,1.7802,1.76,1.775,64206,2021-05-18 16:18:00,ARPO
1.7796,1.79,1.7796,1.78,99980,2021-05-18 16:19:00,ARPO
1.7838,1.79,1.78,1.79,19100,2021-05-18 16:20:00,ARPO
1.79,1.79,1.78,1.79,53050,2021-05-18 16:21:00,ARPO
1.79,1.81,1.785,1.805,72340,2021-05-18 16:22:00,ARPO
1.8,1.81,1.78,1.795,41443,2021-05-18 16:23:00,ARPO
1.7963,1.81,1.79,1.8,8538,2021-05-18 16:24:00,ARPO
1.805,1.81,1.79,1.79,28477,2021-05-18 16:25:00,ARPO
1.7999,1.8057,1.79,1.8,27815,2021-05-18 16:26:00,ARPO
1.79,1.8,1.79,1.7905,23389,2021-05-18 16:27:00,ARPO
1.79,1.795,1.79,1.795,412,2021-05-18 16:28:00,ARPO
1.7901,1.7992,1.79,1.7982,16250,2021-05-18 16:29:00,ARPO
1.7905,1.8,1.78,1.78,34531,2021-05-18 16:30:00,ARPO
1.7888,1.7899,1.78,1.7899,4907,2021-05-18 16:31:00,ARPO
1.79,1.79,1.78,1.785,7718,2021-05-18 16:32:00,ARPO
1.7899,1.8,1.7802,1.8,28372,2021-05-18 16:33:00,ARPO
1.8,1.8,1.7912,1.7921,2400,2021-05-18 16:34:00,ARPO
1.8,1.8,1.79,1.8,4025,2021-05-18 16:35:00,ARPO
1.7983,1.8,1.76,1.77,43406,2021-05-18 16:36:00,ARPO
1.765,1.775,1.762,1.77,27984,2021-05-18 16:37:00,ARPO
1.77,1.78,1.7698,1.78,25999,2021-05-18 16:38:00,ARPO
1.7711,1.78,1.74,1.74,89572,2021-05-18 16:39:00,ARPO
1.74,1.76,1.74,1.75,80739,2021-05-18 16:40:00,ARPO
1.76,1.7696,1.75,1.76,17648,2021-05-18 16:41:00,ARPO
1.762,1.77,1.7615,1.765,2808,2021-05-18 16:42:00,ARPO
1.765,1.77,1.762,1.77,1400,2021-05-18 16:43:00,ARPO
1.761,1.78,1.761,1.775,12531,2021-05-18 16:44:00,ARPO
1.78,1.78,1.77,1.78,1652,2021-05-18 16:45:00,ARPO
1.78,1.79,1.77,1.785,12172,2021-05-18 16:46:00,ARPO
1.79,1.79,1.78,1.7836,10832,2021-05-18 16:47:00,ARPO
1.785,1.82,1.785,1.815,89090,2021-05-18 16:48:00,ARPO
1.8105,1.8499,1.805,1.82,192583,2021-05-18 16:49:00,ARPO
1.825,1.85,1.82,1.8401,69940,2021-05-18 16:50:00,ARPO
1.84,1.87,1.84,1.855,288320,2021-05-18 16:51:00,ARPO
1.85,1.85,1.831,1.831,20003,2021-05-18 16:52:00,ARPO
1.8368,1.8399,1.83,1.83,17062,2021-05-18 16:53:00,ARPO
1.83,1.8399,1.83,1.835,6851,2021-05-18 16:54:00,ARPO
1.8394,1.84,1.83,1.8302,28710,2021-05-18 16:55:00,ARPO
1.84,1.84,1.83,1.83,9600,2021-05-18 16:56:00,ARPO
1.835,1.84,1.82,1.84,20862,2021-05-18 16:57:00,ARPO
1.833,1.85,1.833,1.848,36286,2021-05-18 16:58:00,ARPO
1.85,1.86,1.845,1.8538,41607,2021-05-18 16:59:00,ARPO
1.855,1.86,1.85,1.8566,42139,2021-05-18 17:00:00,ARPO
1.86,1.95,1.8599,1.9,478841,2021-05-18 17:01:00,ARPO
1.9,1.91,1.88,1.8894,77129,2021-05-18 17:02:00,ARPO
1.88,1.8896,1.87,1.87,39252,2021-05-18 17:03:00,ARPO
1.88,1.92,1.871,1.91,108094,2021-05-18 17:04:00,ARPO
1.9092,1.92,1.87,1.895,145615,2021-05-18 17:05:00,ARPO
1.8951,1.9,1.885,1.89,27091,2021-05-18 17:06:00,ARPO
1.89,1.895,1.88,1.88,37534,2021-05-18 17:07:00,ARPO
1.88,1.8896,1.87,1.885,39331,2021-05-18 17:08:00,ARPO
1.8801,1.9,1.8801,1.9,37297,2021-05-18 17:09:00,ARPO
1.9,1.93,1.8997,1.9,109440,2021-05-18 17:10:00,ARPO
1.9,1.925,1.9,1.915,34923,2021-05-18 17:11:00,ARPO
1.9199,1.92,1.9,1.9009,35650,2021-05-18 17:12:00,ARPO
1.902,1.91,1.89,1.8988,13956,2021-05-18 17:13:00,ARPO
1.9,1.91,1.895,1.905,19349,2021-05-18 17:14:00,ARPO
1.9092,1.93,1.9,1.9154,94335,2021-05-18 17:15:00,ARPO
1.9101,1.92,1.91,1.9103,29743,2021-05-18 17:16:00,ARPO
1.92,1.92,1.885,1.89,102259,2021-05-18 17:17:00,ARPO
1.89,1.89,1.87,1.8808,48711,2021-05-18 17:18:00,ARPO
1.89,1.92,1.89,1.9002,31744,2021-05-18 17:19:00,ARPO
1.9,1.9,1.89,1.89,8449,2021-05-18 17:20:00,ARPO
1.88,1.89,1.88,1.8813,20154,2021-05-18 17:21:00,ARPO
1.8897,1.9,1.88,1.89,38506,2021-05-18 17:22:00,ARPO
1.9,1.9,1.89,1.89,4825,2021-05-18 17:23:00,ARPO
1.9,1.91,1.8999,1.9,24935,2021-05-18 17:24:00,ARPO
1.9001,1.91,1.8999,1.9,61425,2021-05-18 17:25:00,ARPO
1.9,1.91,1.9,1.9,9040,2021-05-18 17:26:00,ARPO
1.907,1.91,1.9,1.905,7848,2021-05-18 17:27:00,ARPO
1.9,1.9099,1.9,1.9099,20160,2021-05-18 17:28:00,ARPO
1.9002,1.9002,1.88,1.8807,41710,2021-05-18 17:29:00,ARPO
1.8899,1.8899,1.88,1.885,41792,2021-05-18 17:30:00,ARPO
1.88,1.89,1.88,1.89,19213,2021-05-18 17:31:00,ARPO
1.8901,1.9,1.88,1.885,20253,2021-05-18 17:32:00,ARPO
1.88,1.8817,1.83,1.84,377751,2021-05-18 17:33:00,ARPO
1.83,1.845,1.8,1.81,236121,2021-05-18 17:34:00,ARPO
1.8,1.84,1.8,1.835,138876,2021-05-18 17:35:00,ARPO
1.84,1.84,1.82,1.8204,87618,2021-05-18 17:36:00,ARPO
1.83,1.88,1.82,1.86,205862,2021-05-18 17:37:00,ARPO
1.86,1.86,1.85,1.85,50524,2021-05-18 17:38:00,ARPO
1.85,1.87,1.83,1.8601,45571,2021-05-18 17:39:00,ARPO
1.8677,1.88,1.855,1.88,79469,2021-05-18 17:40:00,ARPO
1.88,1.89,1.8716,1.89,31629,2021-05-18 17:41:00,ARPO
1.885,1.89,1.87,1.875,33697,2021-05-18 17:42:00,ARPO
1.88,1.89,1.88,1.88,25831,2021-05-18 17:43:00,ARPO
1.8807,1.89,1.88,1.89,15610,2021-05-18 17:44:00,ARPO
1.89,1.89,1.88,1.882,10060,2021-05-18 17:45:00,ARPO
1.89,1.89,1.87,1.875,36375,2021-05-18 17:46:00,ARPO
1.8796,1.885,1.8796,1.88,12833,2021-05-18 17:47:00,ARPO
1.87,1.88,1.87,1.87,17827,2021-05-18 17:48:00,ARPO
1.87,1.88,1.87,1.87,32545,2021-05-18 17:49:00,ARPO
1.87,1.87,1.82,1.84,81236,2021-05-18 17:50:00,ARPO
1.83,1.855,1.8298,1.8377,37949,2021-05-18 17:51:00,ARPO
1.8399,1.84,1.82,1.82,20855,2021-05-18 17:52:00,ARPO
1.83,1.84,1.8216,1.839,22900,2021-05-18 17:53:00,ARPO
1.84,1.8599,1.835,1.855,22066,2021-05-18 17:54:00,ARPO
1.8597,1.8597,1.8499,1.8499,8070,2021-05-18 17:55:00,ARPO
1.845,1.845,1.83,1.84,18100,2021-05-18 17:56:00,ARPO
1.8307,1.85,1.8307,1.85,42441,2021-05-18 17:57:00,ARPO
1.8599,1.86,1.83,1.83,52447,2021-05-18 17:58:00,ARPO
1.83,1.86,1.82,1.8511,35344,2021-05-18 17:59:00,ARPO
1.855,1.859,1.82,1.85,31586,2021-05-18 18:00:00,ARPO
1.85,1.85,1.83,1.835,61222,2021-05-18 18:01:00,ARPO
1.8301,1.84,1.83,1.835,2500,2021-05-18 18:02:00,ARPO
1.83,1.85,1.81,1.81,64930,2021-05-18 18:03:00,ARPO
1.815,1.825,1.81,1.82,41921,2021-05-18 18:04:00,ARPO
1.815,1.82,1.81,1.8108,76085,2021-05-18 18:05:00,ARPO
1.812,1.84,1.812,1.83,39612,2021-05-18 18:06:00,ARPO
1.835,1.835,1.8278,1.83,4500,2021-05-18 18:07:00,ARPO
1.825,1.83,1.82,1.825,15111,2021-05-18 18:08:00,ARPO
1.8293,1.83,1.82,1.83,4650,2021-05-18 18:09:00,ARPO
1.83,1.84,1.8213,1.84,22738,2021-05-18 18:10:00,ARPO
1.8393,1.84,1.83,1.83,3400,2021-05-18 18:11:00,ARPO
1.84,1.84,1.835,1.84,3500,2021-05-18 18:12:00,ARPO
1.84,1.85,1.835,1.85,24634,2021-05-18 18:13:00,ARPO
1.85,1.86,1.84,1.86,47879,2021-05-18 18:14:00,ARPO
1.855,1.86,1.855,1.86,7900,2021-05-18 18:15:00,ARPO
1.8501,1.88,1.83,1.835,51299,2021-05-18 18:16:00,ARPO
1.835,1.85,1.835,1.845,5986,2021-05-18 18:17:00,ARPO
1.84,1.85,1.84,1.84,8829,2021-05-18 18:18:00,ARPO
1.8401,1.845,1.8292,1.8299,22979,2021-05-18 18:19:00,ARPO
1.825,1.8294,1.825,1.8293,1250,2021-05-18 18:20:00,ARPO
1.83,1.83,1.825,1.83,2200,2021-05-18 18:21:00,ARPO
1.83,1.8402,1.825,1.835,10427,2021-05-18 18:22:00,ARPO
1.8399,1.84,1.8399,1.84,5301,2021-05-18 18:23:00,ARPO
1.85,1.8606,1.845,1.8606,34946,2021-05-18 18:24:00,ARPO
1.87,1.87,1.85,1.8601,46727,2021-05-18 18:25:00,ARPO
1.8505,1.8589,1.85,1.85,4900,2021-05-18 18:26:00,ARPO
1.8539,1.8595,1.8506,1.855,4100,2021-05-18 18:27:00,ARPO
1.86,1.87,1.855,1.8606,15669,2021-05-18 18:28:00,ARPO
1.87,1.87,1.84,1.8501,67553,2021-05-18 18:29:00,ARPO
1.845,1.85,1.845,1.85,1600,2021-05-18 18:30:00,ARPO
1.849,1.85,1.84,1.8496,5099,2021-05-18 18:31:00,ARPO
1.85,1.85,1.84,1.85,3675,2021-05-18 18:32:00,ARPO
1.8497,1.86,1.84,1.845,13422,2021-05-18 18:33:00,ARPO
1.84,1.845,1.83,1.83,23068,2021-05-18 18:34:00,ARPO
1.83,1.83,1.81,1.81,30672,2021-05-18 18:35:00,ARPO
1.82,1.84,1.8111,1.82,37113,2021-05-18 18:36:00,ARPO
1.82,1.8294,1.81,1.8112,23354,2021-05-18 18:37:00,ARPO
1.815,1.83,1.8114,1.825,18973,2021-05-18 18:38:00,ARPO
1.821,1.845,1.821,1.8401,22790,2021-05-18 18:39:00,ARPO
1.8306,1.835,1.8303,1.8303,1904,2021-05-18 18:40:00,ARPO
1.8391,1.84,1.83,1.835,5652,2021-05-18 18:41:00,ARPO
1.835,1.835,1.825,1.825,3790,2021-05-18 18:42:00,ARPO
1.825,1.825,1.82,1.825,734,2021-05-18 18:43:00,ARPO
1.83,1.83,1.82,1.83,26200,2021-05-18 18:44:00,ARPO
1.84,1.84,1.83,1.84,35569,2021-05-18 18:45:00,ARPO
1.8349,1.85,1.8349,1.8415,26500,2021-05-18 18:46:00,ARPO
1.85,1.86,1.8422,1.85,65623,2021-05-18 18:47:00,ARPO
1.855,1.87,1.85,1.86,118081,2021-05-18 18:48:00,ARPO
1.855,1.86,1.8482,1.86,86471,2021-05-18 18:49:00,ARPO
1.86,1.88,1.85,1.8681,91881,2021-05-18 18:50:00,ARPO
1.8612,1.89,1.8612,1.8801,163851,2021-05-18 18:51:00,ARPO
1.875,1.875,1.86,1.86,31515,2021-05-18 18:52:00,ARPO
1.868,1.87,1.86,1.87,10199,2021-05-18 18:53:00,ARPO
1.8699,1.88,1.865,1.871,48176,2021-05-18 18:54:00,ARPO
1.87,1.9,1.87,1.88,108199,2021-05-18 18:55:00,ARPO
1.88,1.89,1.875,1.89,96841,2021-05-18 18:56:00,ARPO
1.88,1.885,1.85,1.87,58252,2021-05-18 18:57:00,ARPO
1.87,1.87,1.85,1.8589,35192,2021-05-18 18:58:00,ARPO
1.855,1.87,1.85,1.86,44977,2021-05-18 18:59:00,ARPO
1.8607,1.87,1.86,1.865,8595,2021-05-18 19:00:00,ARPO
1.86,1.865,1.85,1.8595,25570,2021-05-18 19:01:00,ARPO
1.8501,1.865,1.8501,1.86,13700,2021-05-18 19:02:00,ARPO
1.8613,1.88,1.8613,1.875,129967,2021-05-18 19:03:00,ARPO
1.88,1.88,1.865,1.868,61552,2021-05-18 19:04:00,ARPO
1.8698,1.87,1.86,1.8683,17100,2021-05-18 19:05:00,ARPO
1.87,1.88,1.86,1.88,60532,2021-05-18 19:06:00,ARPO
1.875,1.88,1.8745,1.875,21902,2021-05-18 19:07:00,ARPO
1.88,1.88,1.85,1.8595,106878,2021-05-18 19:08:00,ARPO
1.857,1.8689,1.8507,1.8689,28612,2021-05-18 19:09:00,ARPO
1.87,1.872,1.86,1.87,32446,2021-05-18 19:10:00,ARPO
1.865,1.865,1.855,1.855,5550,2021-05-18 19:11:00,ARPO
1.851,1.855,1.83,1.835,87715,2021-05-18 19:12:00,ARPO
1.835,1.84,1.83,1.83,10945,2021-05-18 19:13:00,ARPO
1.8319,1.84,1.83,1.835,7989,2021-05-18 19:14:00,ARPO
1.84,1.85,1.83,1.8404,16750,2021-05-18 19:15:00,ARPO
1.85,1.86,1.8408,1.85,22330,2021-05-18 19:16:00,ARPO
1.85,1.855,1.8301,1.8301,25972,2021-05-18 19:17:00,ARPO
1.8399,1.8399,1.83,1.83,14573,2021-05-18 19:18:00,ARPO
1.84,1.85,1.84,1.85,15550,2021-05-18 19:19:00,ARPO
1.8458,1.85,1.8401,1.85,2500,2021-05-18 19:20:00,ARPO
1.85,1.86,1.84,1.8481,30217,2021-05-18 19:21:00,ARPO
1.85,1.85,1.83,1.835,50476,2021-05-18 19:22:00,ARPO
1.835,1.845,1.835,1.845,7566,2021-05-18 19:23:00,ARPO
1.84,1.855,1.84,1.85,43898,2021-05-18 19:24:00,ARPO
1.85,1.86,1.85,1.855,15400,2021-05-18 19:25:00,ARPO
1.855,1.86,1.85,1.8501,39165,2021-05-18 19:26:00,ARPO
1.85,1.855,1.85,1.852,2726,2021-05-18 19:27:00,ARPO
1.85,1.86,1.85,1.86,11687,2021-05-18 19:28:00,ARPO
1.8534,1.88,1.85,1.88,234461,2021-05-18 19:29:00,ARPO
1.88,1.93,1.87,1.93,604206,2021-05-18 19:30:00,ARPO
1.94,1.94,1.901,1.91,84518,2021-05-18 19:31:00,ARPO
1.915,1.915,1.88,1.88,116697,2021-05-18 19:32:00,ARPO
1.885,1.92,1.88,1.9091,92025,2021-05-18 19:33:00,ARPO
1.9,1.91,1.8916,1.902,39515,2021-05-18 19:34:00,ARPO
1.9,1.905,1.88,1.89,59242,2021-05-18 19:35:00,ARPO
1.9,1.9,1.89,1.8999,4850,2021-05-18 19:36:00,ARPO
1.9,1.91,1.89,1.9,131581,2021-05-18 19:37:00,ARPO
1.9001,1.92,1.9,1.9099,40906,2021-05-18 19:38:00,ARPO
1.905,1.9078,1.89,1.9,103653,2021-05-18 19:39:00,ARPO
1.8988,1.92,1.89,1.91,60305,2021-05-18 19:40:00,ARPO
1.92,1.94,1.9138,1.94,97077,2021-05-18 19:41:00,ARPO
1.93,1.94,1.92,1.9295,234253,2021-05-18 19:42:00,ARPO
1.92,1.94,1.92,1.9342,27781,2021-05-18 19:43:00,ARPO
1.935,1.95,1.93,1.95,118976,2021-05-18 19:44:00,ARPO
1.945,1.95,1.92,1.945,204868,2021-05-18 19:45:00,ARPO
1.9415,1.95,1.92,1.94,108435,2021-05-18 19:46:00,ARPO
1.93,1.94,1.92,1.93,24673,2021-05-18 19:47:00,ARPO
1.92,1.9299,1.92,1.925,95114,2021-05-18 19:48:00,ARPO
1.9299,1.97,1.925,1.96,247054,2021-05-18 19:49:00,ARPO
1.96,1.97,1.95,1.9699,181188,2021-05-18 19:50:00,ARPO
1.96,1.97,1.95,1.955,64868,2021-05-18 19:51:00,ARPO
1.955,1.96,1.95,1.9513,15029,2021-05-18 19:52:00,ARPO
1.951,1.97,1.95,1.9595,81823,2021-05-18 19:53:00,ARPO
1.9596,1.96,1.94,1.95,117344,2021-05-18 19:54:00,ARPO
1.95,1.96,1.95,1.9501,22784,2021-05-18 19:55:00,ARPO
1.955,1.98,1.95,1.98,232798,2021-05-18 19:56:00,ARPO
1.975,1.98,1.94,1.9599,138939,2021-05-18 19:57:00,ARPO
1.955,1.96,1.9401,1.96,78463,2021-05-18 19:58:00,ARPO
1.96,1.96,1.93,1.95,270493,2021-05-18 19:59:00,ARPO
1.97,1.97,1.94,1.97,100858,2021-05-18 20:00:00,ARPO
1.96,1.96,1.96,1.96,680,2021-05-18 20:01:00,ARPO
1.96,1.96,1.94,1.94,1866,2021-05-18 20:02:00,ARPO
1.96,1.96,1.94,1.94,1969,2021-05-18 20:03:00,ARPO
1.94,1.94,1.94,1.94,490,2021-05-18 20:04:00,ARPO
1.9302,1.9302,1.91,1.91,8065,2021-05-18 20:05:00,ARPO
1.9,1.9001,1.9,1.9,12521,2021-05-18 20:06:00,ARPO
1.9,1.9,1.89,1.9,2350,2021-05-18 20:07:00,ARPO
1.9,1.91,1.9,1.9,3887,2021-05-18 20:08:00,ARPO
1.91,1.93,1.91,1.93,1870,2021-05-18 20:09:00,ARPO
1.93,1.96,1.93,1.9301,7811,2021-05-18 20:10:00,ARPO
1.94,1.95,1.94,1.95,450,2021-05-18 20:12:00,ARPO
1.94,1.94,1.94,1.94,250,2021-05-18 20:13:00,ARPO
1.93,1.93,1.92,1.92,260,2021-05-18 20:15:00,ARPO
1.92,1.92,1.92,1.92,150,2021-05-18 20:16:00,ARPO
1.93,1.93,1.93,1.93,8015,2021-05-18 20:17:00,ARPO
1.95,1.95,1.95,1.95,675,2021-05-18 20:18:00,ARPO
1.94,1.94,1.94,1.94,200,2021-05-18 20:19:00,ARPO
1.93,1.93,1.93,1.93,300,2021-05-18 20:20:00,ARPO
1.93,1.93,1.93,1.93,100,2021-05-18 20:21:00,ARPO
1.93,1.93,1.93,1.93,2100,2021-05-18 20:22:00,ARPO
1.92,1.97,1.92,1.97,7202,2021-05-18 20:23:00,ARPO
1.95,1.96,1.95,1.96,598,2021-05-18 20:24:00,ARPO
1.95,1.95,1.95,1.95,100,2021-05-18 20:27:00,ARPO
1.95,1.95,1.95,1.95,1000,2021-05-18 20:28:00,ARPO
1.95,1.96,1.95,1.96,300,2021-05-18 20:29:00,ARPO
1.95,1.95,1.95,1.95,1496,2021-05-18 20:30:00,ARPO
1.96,1.97,1.95,1.9699,6856,2021-05-18 20:31:00,ARPO
1.97,1.99,1.96,1.97,19136,2021-05-18 20:32:00,ARPO
1.98,1.98,1.97,1.97,4570,2021-05-18 20:33:00,ARPO
1.97,1.98,1.97,1.98,1700,2021-05-18 20:34:00,ARPO
1.97,1.9701,1.97,1.9701,600,2021-05-18 20:35:00,ARPO
1.97,1.98,1.96,1.98,3400,2021-05-18 20:36:00,ARPO
1.97,1.97,1.93,1.94,7598,2021-05-18 20:37:00,ARPO
1.95,1.95,1.94,1.94,5100,2021-05-18 20:38:00,ARPO
1.95,1.95,1.95,1.95,300,2021-05-18 20:39:00,ARPO
1.94,1.94,1.9,1.9,14591,2021-05-18 20:40:00,ARPO
1.92,1.92,1.92,1.92,280,2021-05-18 20:41:00,ARPO
1.91,1.91,1.91,1.91,698,2021-05-18 20:42:00,ARPO
1.93,1.93,1.93,1.93,851,2021-05-18 20:44:00,ARPO
1.93,1.93,1.93,1.93,205,2021-05-18 20:45:00,ARPO
1.92,1.93,1.92,1.93,1730,2021-05-18 20:47:00,ARPO
1.95,1.95,1.95,1.95,8443,2021-05-18 20:49:00,ARPO
1.95,1.95,1.95,1.95,357,2021-05-18 20:50:00,ARPO
1.94,1.95,1.94,1.95,700,2021-05-18 20:51:00,ARPO
1.95,1.95,1.95,1.95,100,2021-05-18 20:53:00,ARPO
1.95,1.95,1.93,1.93,2545,2021-05-18 21:00:00,ARPO
1.93,1.93,1.92,1.92,940,2021-05-18 21:01:00,ARPO
1.9201,1.9201,1.92,1.92,500,2021-05-18 21:02:00,ARPO
1.92,1.92,1.92,1.92,699,2021-05-18 21:03:00,ARPO
1.92,1.92,1.91,1.92,8700,2021-05-18 21:04:00,ARPO
1.91,1.91,1.91,1.91,500,2021-05-18 21:05:00,ARPO
1.91,1.95,1.91,1.91,4527,2021-05-18 21:08:00,ARPO
1.95,1.95,1.95,1.95,3463,2021-05-18 21:09:00,ARPO
1.91,1.91,1.91,1.91,100,2021-05-18 21:10:00,ARPO
1.91,1.91,1.91,1.91,100,2021-05-18 21:12:00,ARPO
1.92,1.92,1.92,1.92,500,2021-05-18 21:14:00,ARPO
1.92,1.92,1.92,1.92,100,2021-05-18 21:15:00,ARPO
1.91,1.91,1.91,1.91,2600,2021-05-18 21:17:00,ARPO
1.902,1.91,1.902,1.91,550,2021-05-18 21:18:00,ARPO
1.91,1.91,1.91,1.91,7450,2021-05-18 21:25:00,ARPO
1.91,1.91,1.91,1.91,200,2021-05-18 21:30:00,ARPO
1.92,1.92,1.92,1.92,1409,2021-05-18 21:34:00,ARPO
1.93,1.93,1.93,1.93,518,2021-05-18 21:36:00,ARPO
1.93,1.93,1.93,1.93,1270,2021-05-18 21:37:00,ARPO
1.92,1.92,1.92,1.92,493,2021-05-18 21:38:00,ARPO
1.91,1.91,1.91,1.91,972,2021-05-18 21:44:00,ARPO
1.93,1.93,1.93,1.93,217,2021-05-18 21:54:00,ARPO
1.91,1.91,1.91,1.91,200,2021-05-18 21:56:00,ARPO
1.91,1.91,1.91,1.91,10635,2021-05-18 21:57:00,ARPO
1.9,1.91,1.9,1.9,4020,2021-05-18 21:58:00,ARPO
1.89,1.9,1.89,1.9,2007,2021-05-18 21:59:00,ARPO
1.9,1.9,1.89,1.89,2500,2021-05-18 22:00:00,ARPO
1.89,1.89,1.89,1.89,2000,2021-05-18 22:02:00,ARPO
1.8901,1.8901,1.8901,1.8901,2500,2021-05-18 22:05:00,ARPO
1.89,1.89,1.89,1.89,495,2021-05-18 22:07:00,ARPO
1.89,1.9,1.89,1.89,749,2021-05-18 22:09:00,ARPO
1.9,1.91,1.9,1.91,10409,2021-05-18 22:10:00,ARPO
1.93,1.93,1.93,1.93,2479,2021-05-18 22:15:00,ARPO
1.93,1.95,1.93,1.95,2232,2021-05-18 22:17:00,ARPO
1.94,1.94,1.94,1.94,500,2021-05-18 22:19:00,ARPO
1.9399,1.9399,1.9399,1.9399,2268,2021-05-18 22:20:00,ARPO
1.93,1.93,1.93,1.93,500,2021-05-18 22:21:00,ARPO
1.94,1.94,1.94,1.94,220,2021-05-18 22:22:00,ARPO
1.9,1.9,1.9,1.9,3700,2021-05-18 22:23:00,ARPO
1.91,1.91,1.9,1.9,2060,2021-05-18 22:24:00,ARPO
1.9,1.9,1.9,1.9,1800,2021-05-18 22:25:00,ARPO
1.93,1.93,1.9,1.9,1385,2021-05-18 22:27:00,ARPO
1.9,1.9,1.9,1.9,635,2021-05-18 22:28:00,ARPO
1.89,1.89,1.89,1.89,1365,2021-05-18 22:29:00,ARPO
1.9,1.9,1.9,1.9,600,2021-05-18 22:30:00,ARPO
1.9,1.9,1.9,1.9,100,2021-05-18 22:31:00,ARPO
1.9,1.9,1.9,1.9,200,2021-05-18 22:35:00,ARPO
1.89,1.9,1.89,1.9,1254,2021-05-18 22:39:00,ARPO
1.91,1.91,1.91,1.91,100,2021-05-18 22:42:00,ARPO
1.91,1.91,1.91,1.91,128,2021-05-18 22:47:00,ARPO
1.9,1.9,1.9,1.9,150,2021-05-18 22:48:00,ARPO
1.9,1.9,1.9,1.9,190,2021-05-18 22:50:00,ARPO
1.9,1.9,1.9,1.9,708,2021-05-18 22:53:00,ARPO
1.92,1.92,1.92,1.92,220,2021-05-18 22:54:00,ARPO
1.92,1.92,1.92,1.92,1000,2021-05-18 22:55:00,ARPO
1.94,1.94,1.94,1.94,381,2021-05-18 23:01:00,ARPO
1.94,1.94,1.94,1.94,250,2021-05-18 23:10:00,ARPO
1.91,1.91,1.91,1.91,1000,2021-05-18 23:14:00,ARPO
1.9,1.9,1.9,1.9,474,2021-05-18 23:15:00,ARPO
1.91,1.91,1.91,1.91,4658,2021-05-18 23:20:00,ARPO
1.92,1.92,1.92,1.92,100,2021-05-18 23:25:00,ARPO
1.92,1.92,1.92,1.92,131,2021-05-18 23:26:00,ARPO
1.92,1.95,1.92,1.95,8580,2021-05-18 23:28:00,ARPO
1.95,1.95,1.95,1.95,100,2021-05-18 23:30:00,ARPO
1.95,1.95,1.95,1.95,500,2021-05-18 23:39:00,ARPO
1.91,1.94,1.91,1.94,850,2021-05-18 23:45:00,ARPO
1.92,1.94,1.92,1.94,700,2021-05-18 23:46:00,ARPO
1.94,1.95,1.94,1.95,4171,2021-05-18 23:47:00,ARPO
1.95,1.96,1.95,1.96,15121,2021-05-18 23:48:00,ARPO
1.95,1.96,1.95,1.96,600,2021-05-18 23:51:00,ARPO
1.96,1.96,1.9,1.9,5126,2021-05-18 23:52:00,ARPO
1.9,1.9,1.9,1.9,600,2021-05-18 23:53:00,ARPO
1.9,1.9,1.9,1.9,6500,2021-05-18 23:56:00,ARPO
1.89,1.9,1.89,1.9,4700,2021-05-18 23:57:00,ARPO
1.9,1.9,1.9,1.9,10071,2021-05-18 23:58:00,ARPO
1.95,1.95,1.95,1.95,100,2021-05-18 23:59:00,ARPO
1.88,1.88,1.86,1.86,3076,2021-05-19 08:23:00,ARPO
1.85,1.85,1.85,1.85,1500,2021-05-19 08:24:00,ARPO
1.85,1.85,1.85,1.85,300,2021-05-19 08:25:00,ARPO
1.81,1.81,1.81,1.81,1000,2021-05-19 08:26:00,ARPO
1.85,1.85,1.85,1.85,750,2021-05-19 08:31:00,ARPO
1.85,1.85,1.85,1.85,200,2021-05-19 08:32:00,ARPO
1.85,1.85,1.85,1.85,487,2021-05-19 08:33:00,ARPO
1.83,1.83,1.83,1.83,299,2021-05-19 08:38:00,ARPO
1.83,1.83,1.83,1.83,359,2021-05-19 08:42:00,ARPO
1.83,1.83,1.83,1.83,200,2021-05-19 08:45:00,ARPO
1.86,1.86,1.86,1.86,1800,2021-05-19 08:49:00,ARPO
1.89,1.89,1.89,1.89,1000,2021-05-19 08:56:00,ARPO
1.87,1.87,1.87,1.87,300,2021-05-19 09:20:00,ARPO
1.88,1.88,1.87,1.87,586,2021-05-19 09:22:00,ARPO
1.88,1.88,1.88,1.88,200,2021-05-19 10:03:00,ARPO
1.87,1.87,1.87,1.87,300,2021-05-19 10:08:00,ARPO
1.87,1.87,1.87,1.87,1106,2021-05-19 10:10:00,ARPO
1.87,1.87,1.87,1.87,500,2021-05-19 10:13:00,ARPO
1.87,1.87,1.87,1.87,100,2021-05-19 10:17:00,ARPO
1.87,1.87,1.87,1.87,799,2021-05-19 10:33:00,ARPO
1.87,1.87,1.87,1.87,1447,2021-05-19 10:35:00,ARPO
1.86,1.86,1.85,1.85,950,2021-05-19 10:37:00,ARPO
1.85,1.85,1.85,1.85,1000,2021-05-19 10:40:00,ARPO
1.85,1.85,1.85,1.85,644,2021-05-19 10:41:00,ARPO
1.84,1.84,1.84,1.84,1104,2021-05-19 10:42:00,ARPO
1.88,1.88,1.88,1.88,958,2021-05-19 10:55:00,ARPO
1.88,1.88,1.88,1.88,100,2021-05-19 11:00:00,ARPO
1.85,1.85,1.85,1.85,290,2021-05-19 11:02:00,ARPO
1.85,1.85,1.84,1.84,510,2021-05-19 11:03:00,ARPO
1.85,1.85,1.85,1.85,500,2021-05-19 11:05:00,ARPO
1.85,1.85,1.85,1.85,700,2021-05-19 11:15:00,ARPO
1.85,1.85,1.85,1.85,1000,2021-05-19 11:17:00,ARPO
1.84,1.84,1.83,1.83,3462,2021-05-19 11:18:00,ARPO
1.84,1.84,1.84,1.84,500,2021-05-19 11:19:00,ARPO
1.84,1.84,1.84,1.84,2000,2021-05-19 11:20:00,ARPO
1.86,1.87,1.86,1.87,1392,2021-05-19 11:27:00,ARPO
1.86,1.86,1.86,1.86,115,2021-05-19 11:28:00,ARPO
1.86,1.86,1.86,1.86,300,2021-05-19 11:29:00,ARPO
1.87,1.87,1.87,1.87,322,2021-05-19 11:38:00,ARPO
1.87,1.87,1.87,1.87,5447,2021-05-19 11:43:00,ARPO
1.85,1.85,1.85,1.85,200,2021-05-19 11:45:00,ARPO
1.87,1.87,1.87,1.87,700,2021-05-19 11:47:00,ARPO
1.85,1.85,1.85,1.85,100,2021-05-19 11:54:00,ARPO
1.87,1.87,1.87,1.87,100,2021-05-19 11:55:00,ARPO
1.85,1.85,1.85,1.85,1350,2021-05-19 11:56:00,ARPO
1.84,1.84,1.84,1.84,200,2021-05-19 12:00:00,ARPO
1.83,1.83,1.83,1.83,8500,2021-05-19 12:01:00,ARPO
1.84,1.84,1.83,1.83,1080,2021-05-19 12:04:00,ARPO
1.825,1.825,1.825,1.825,159,2021-05-19 12:05:00,ARPO
1.82,1.83,1.81,1.83,1210,2021-05-19 12:06:00,ARPO
1.82,1.82,1.82,1.82,600,2021-05-19 12:08:00,ARPO
1.8201,1.8201,1.82,1.82,600,2021-05-19 12:10:00,ARPO
1.82,1.82,1.82,1.82,1500,2021-05-19 12:11:00,ARPO
1.82,1.83,1.82,1.83,950,2021-05-19 12:13:00,ARPO
1.82,1.82,1.82,1.82,206,2021-05-19 12:18:00,ARPO
1.83,1.83,1.83,1.83,416,2021-05-19 12:21:00,ARPO
1.83,1.84,1.83,1.84,382,2021-05-19 12:27:00,ARPO
1.84,1.85,1.84,1.85,1960,2021-05-19 12:28:00,ARPO
1.85,1.85,1.85,1.85,500,2021-05-19 12:29:00,ARPO
1.8401,1.85,1.8401,1.85,1242,2021-05-19 12:31:00,ARPO
1.84,1.84,1.84,1.84,1500,2021-05-19 12:32:00,ARPO
1.84,1.84,1.84,1.84,498,2021-05-19 12:33:00,ARPO
1.85,1.85,1.85,1.85,5511,2021-05-19 12:34:00,ARPO
1.85,1.87,1.85,1.87,2473,2021-05-19 12:35:00,ARPO
1.87,1.9,1.87,1.9,11948,2021-05-19 12:37:00,ARPO
1.91,1.9101,1.91,1.91,11650,2021-05-19 12:38:00,ARPO
1.91,1.91,1.91,1.91,3200,2021-05-19 12:39:00,ARPO
1.91,1.91,1.91,1.91,3186,2021-05-19 12:40:00,ARPO
1.91,1.91,1.91,1.91,1600,2021-05-19 12:41:00,ARPO
1.89,1.89,1.89,1.89,100,2021-05-19 12:42:00,ARPO
1.88,1.88,1.88,1.88,900,2021-05-19 12:43:00,ARPO
1.88,1.88,1.88,1.88,500,2021-05-19 12:44:00,ARPO
1.8799,1.88,1.8799,1.88,1500,2021-05-19 12:45:00,ARPO
1.88,1.88,1.88,1.88,100,2021-05-19 12:47:00,ARPO
1.87,1.87,1.87,1.87,200,2021-05-19 12:49:00,ARPO
1.87,1.87,1.87,1.87,250,2021-05-19 12:54:00,ARPO
1.88,1.88,1.88,1.88,1593,2021-05-19 12:55:00,ARPO
1.88,1.88,1.88,1.88,100,2021-05-19 12:57:00,ARPO
1.89,1.89,1.88,1.88,2281,2021-05-19 12:58:00,ARPO
1.87,1.87,1.87,1.87,100,2021-05-19 12:59:00,ARPO
1.88,1.89,1.86,1.86,9661,2021-05-19 13:00:00,ARPO
1.86,1.86,1.85,1.85,1340,2021-05-19 13:01:00,ARPO
1.86,1.86,1.85,1.85,6457,2021-05-19 13:02:00,ARPO
1.85,1.85,1.85,1.85,4478,2021-05-19 13:03:00,ARPO
1.85,1.8501,1.85,1.85,594,2021-05-19 13:04:00,ARPO
1.85,1.85,1.85,1.85,1375,2021-05-19 13:05:00,ARPO
1.85,1.85,1.85,1.85,300,2021-05-19 13:06:00,ARPO
1.85,1.85,1.85,1.85,200,2021-05-19 13:07:00,ARPO
1.85,1.85,1.85,1.85,200,2021-05-19 13:08:00,ARPO
1.85,1.85,1.84,1.84,10158,2021-05-19 13:09:00,ARPO
1.84,1.84,1.84,1.84,1700,2021-05-19 13:10:00,ARPO
1.84,1.8401,1.84,1.8401,3650,2021-05-19 13:11:00,ARPO
1.84,1.85,1.84,1.85,2636,2021-05-19 13:12:00,ARPO
1.86,1.86,1.86,1.86,1000,2021-05-19 13:13:00,ARPO
1.86,1.86,1.86,1.86,100,2021-05-19 13:14:00,ARPO
1.85,1.85,1.85,1.85,201,2021-05-19 13:15:00,ARPO
1.8501,1.8501,1.8501,1.8501,100,2021-05-19 13:16:00,ARPO
1.85,1.85,1.85,1.85,1700,2021-05-19 13:17:00,ARPO
1.85,1.86,1.85,1.86,2640,2021-05-19 13:18:00,ARPO
1.85,1.85,1.85,1.85,100,2021-05-19 13:20:00,ARPO
1.85,1.85,1.84,1.84,3304,2021-05-19 13:21:00,ARPO
1.84,1.84,1.84,1.84,100,2021-05-19 13:23:00,ARPO
1.83,1.83,1.83,1.83,2440,2021-05-19 13:24:00,ARPO
1.83,1.83,1.81,1.81,7225,2021-05-19 13:25:00,ARPO
1.82,1.82,1.81,1.81,3317,2021-05-19 13:26:00,ARPO
1.82,1.82,1.81,1.82,13616,2021-05-19 13:27:00,ARPO
1.82,1.82,1.82,1.82,3000,2021-05-19 13:28:00,ARPO
1.82,1.82,1.82,1.82,980,2021-05-19 13:29:00,ARPO
1.81,1.82,1.8,1.814,86726,2021-05-19 13:30:00,ARPO
1.805,1.84,1.8,1.8354,73637,2021-05-19 13:31:00,ARPO
1.85,1.85,1.83,1.831,59710,2021-05-19 13:32:00,ARPO
1.84,1.87,1.8303,1.8584,104594,2021-05-19 13:33:00,ARPO
1.86,1.86,1.84,1.852,43173,2021-05-19 13:34:00,ARPO
1.85,1.91,1.85,1.91,98609,2021-05-19 13:35:00,ARPO
1.91,1.91,1.9,1.91,60719,2021-05-19 13:36:00,ARPO
1.91,1.9199,1.87,1.8713,55066,2021-05-19 13:37:00,ARPO
1.875,1.88,1.8637,1.8719,58246,2021-05-19 13:38:00,ARPO
1.87,1.9,1.87,1.898,52212,2021-05-19 13:39:00,ARPO
1.9,1.93,1.89,1.9299,79639,2021-05-19 13:40:00,ARPO
1.9207,1.9256,1.91,1.915,64846,2021-05-19 13:41:00,ARPO
1.92,1.93,1.9,1.93,50940,2021-05-19 13:42:00,ARPO
1.93,1.97,1.925,1.9303,107628,2021-05-19 13:43:00,ARPO
1.93,1.96,1.92,1.93,110135,2021-05-19 13:44:00,ARPO
1.94,1.94,1.93,1.94,19369,2021-05-19 13:45:00,ARPO
1.935,1.9496,1.935,1.94,23474,2021-05-19 13:46:00,ARPO
1.931,1.94,1.93,1.9315,52864,2021-05-19 13:47:00,ARPO
1.935,1.935,1.9,1.9017,26247,2021-05-19 13:48:00,ARPO
1.9,1.93,1.9,1.93,29074,2021-05-19 13:49:00,ARPO
1.9299,1.93,1.9,1.91,72281,2021-05-19 13:50:00,ARPO
1.9199,1.9201,1.91,1.915,20849,2021-05-19 13:51:00,ARPO
1.9111,1.92,1.91,1.915,19913,2021-05-19 13:52:00,ARPO
1.915,1.915,1.892,1.91,65678,2021-05-19 13:53:00,ARPO
1.91,1.99,1.9005,1.99,204830,2021-05-19 13:54:00,ARPO
1.9899,2.04,1.98,1.98,378947,2021-05-19 13:55:00,ARPO
1.9899,1.9899,1.92,1.96,258605,2021-05-19 13:56:00,ARPO
1.965,1.965,1.92,1.93,84667,2021-05-19 13:57:00,ARPO
1.94,1.96,1.92,1.92,80712,2021-05-19 13:58:00,ARPO
1.9219,1.99,1.9219,1.98,132303,2021-05-19 13:59:00,ARPO
1.9723,2.08,1.9723,2.03,322932,2021-05-19 14:00:00,ARPO
2.03,2.03,1.99,2.0,132724,2021-05-19 14:01:00,ARPO
2.005,2.01,1.98,1.995,120365,2021-05-19 14:02:00,ARPO
2.0,2.0,1.945,1.97,145394,2021-05-19 14:03:00,ARPO
1.9715,1.98,1.955,1.97,81955,2021-05-19 14:04:00,ARPO
1.97,1.97,1.95,1.9697,82568,2021-05-19 14:05:00,ARPO
1.965,1.97,1.96,1.9613,51476,2021-05-19 14:06:00,ARPO
1.97,2.01,1.968,2.005,160294,2021-05-19 14:07:00,ARPO
2.005,2.02,2.0,2.0,68434,2021-05-19 14:08:00,ARPO
2.0,2.01,1.98,1.98,89688,2021-05-19 14:09:00,ARPO
1.98,1.99,1.97,1.9799,99656,2021-05-19 14:10:00,ARPO
1.97,1.98,1.95,1.9537,163628,2021-05-19 14:11:00,ARPO
1.955,1.98,1.9503,1.975,42359,2021-05-19 14:12:00,ARPO
1.975,1.98,1.96,1.98,37469,2021-05-19 14:13:00,ARPO
1.975,1.98,1.96,1.97,66349,2021-05-19 14:14:00,ARPO
1.97,2.0,1.97,2.0,77329,2021-05-19 14:15:00,ARPO
1.995,2.0,1.9655,1.97,68256,2021-05-19 14:16:00,ARPO
1.971,1.986,1.971,1.9803,57119,2021-05-19 14:17:00,ARPO
1.98,1.98,1.97,1.98,21220,2021-05-19 14:18:00,ARPO
1.98,1.99,1.975,1.98,33231,2021-05-19 14:19:00,ARPO
1.975,1.99,1.975,1.98,7527,2021-05-19 14:20:00,ARPO
1.985,1.9899,1.96,1.97,36180,2021-05-19 14:21:00,ARPO
1.98,1.9899,1.9619,1.9619,40692,2021-05-19 14:22:00,ARPO
1.97,1.98,1.96,1.97,8664,2021-05-19 14:23:00,ARPO
1.97,1.9801,1.97,1.98,25913,2021-05-19 14:24:00,ARPO
1.98,2.0,1.98,1.99,88975,2021-05-19 14:25:00,ARPO
1.98,2.02,1.98,2.01,151118,2021-05-19 14:26:00,ARPO
2.02,2.07,2.01,2.0699,165920,2021-05-19 14:27:00,ARPO
2.0617,2.07,2.03,2.04,112919,2021-05-19 14:28:00,ARPO
2.0301,2.04,2.02,2.0299,40986,2021-05-19 14:29:00,ARPO
2.03,2.07,2.02,2.04,185899,2021-05-19 14:30:00,ARPO
2.032,2.04,2.01,2.015,53452,2021-05-19 14:31:00,ARPO
2.01,2.025,2.01,2.01,42694,2021-05-19 14:32:00,ARPO
2.02,2.02,2.0,2.0,62701,2021-05-19 14:33:00,ARPO
2.01,2.02,2.0,2.01,62703,2021-05-19 14:34:00,ARPO
2.01,2.02,2.0,2.0,34702,2021-05-19 14:35:00,ARPO
2.0001,2.01,2.0,2.0,27088,2021-05-19 14:36:00,ARPO
2.0,2.01,1.99,1.99,73199,2021-05-19 14:37:00,ARPO
1.99,1.99,1.98,1.9842,93989,2021-05-19 14:38:00,ARPO
1.99,1.99,1.98,1.98,7701,2021-05-19 14:39:00,ARPO
1.98,1.99,1.98,1.985,9391,2021-05-19 14:40:00,ARPO
1.98,1.99,1.98,1.9895,13300,2021-05-19 14:41:00,ARPO
1.9884,2.01,1.985,2.0,144626,2021-05-19 14:42:00,ARPO
2.0,2.01,2.0,2.0,37300,2021-05-19 14:43:00,ARPO
2.01,2.0317,2.005,2.022,87474,2021-05-19 14:44:00,ARPO
2.025,2.0295,2.01,2.015,70650,2021-05-19 14:45:00,ARPO
2.015,2.05,2.015,2.0465,82516,2021-05-19 14:46:00,ARPO
2.045,2.08,2.045,2.0721,226393,2021-05-19 14:47:00,ARPO
2.07,2.07,2.03,2.045,155437,2021-05-19 14:48:00,ARPO
2.04,2.06,2.04,2.04,78845,2021-05-19 14:49:00,ARPO
2.0401,2.05,2.03,2.03,56481,2021-05-19 14:50:00,ARPO
2.035,2.04,2.03,2.03,8711,2021-05-19 14:51:00,ARPO
2.04,2.04,2.01,2.015,61524,2021-05-19 14:52:00,ARPO
2.0162,2.04,2.01,2.04,76175,2021-05-19 14:53:00,ARPO
2.04,2.06,2.035,2.06,60279,2021-05-19 14:54:00,ARPO
2.06,2.07,2.06,2.062,41160,2021-05-19 14:55:00,ARPO
2.062,2.07,2.01,2.0158,133645,2021-05-19 14:56:00,ARPO
2.0188,2.02,2.01,2.02,73446,2021-05-19 14:57:00,ARPO
2.02,2.04,2.01,2.04,49861,2021-05-19 14:58:00,ARPO
2.035,2.05,2.03,2.0314,65106,2021-05-19 14:59:00,ARPO
2.04,2.04,2.0315,2.0385,11456,2021-05-19 15:00:00,ARPO
2.04,2.06,2.032,2.045,56429,2021-05-19 15:01:00,ARPO
2.05,2.07,2.0485,2.065,78706,2021-05-19 15:02:00,ARPO
2.07,2.08,2.05,2.0501,130636,2021-05-19 15:03:00,ARPO
2.0579,2.0592,2.04,2.05,19160,2021-05-19 15:04:00,ARPO
2.045,2.06,2.0401,2.0498,38340,2021-05-19 15:05:00,ARPO
2.0444,2.05,2.03,2.03,89334,2021-05-19 15:06:00,ARPO
2.03,2.032,2.02,2.0258,12248,2021-05-19 15:07:00,ARPO
2.0295,2.0499,2.02,2.0499,49571,2021-05-19 15:08:00,ARPO
2.05,2.05,2.025,2.025,25163,2021-05-19 15:09:00,ARPO
2.0228,2.03,2.0201,2.0201,17805,2021-05-19 15:10:00,ARPO
2.02,2.04,2.02,2.02,121704,2021-05-19 15:11:00,ARPO
2.0156,2.02,2.01,2.015,25481,2021-05-19 15:12:00,ARPO
2.02,2.02,2.0,2.0,55315,2021-05-19 15:13:00,ARPO
2.0,2.0002,1.98,1.99,127201,2021-05-19 15:14:00,ARPO
1.98,2.0,1.98,1.9801,64541,2021-05-19 15:15:00,ARPO
1.9879,1.99,1.96,1.961,91100,2021-05-19 15:16:00,ARPO
1.9608,1.965,1.95,1.95,86231,2021-05-19 15:17:00,ARPO
1.9582,1.9594,1.95,1.95,77953,2021-05-19 15:18:00,ARPO
1.9527,1.97,1.95,1.9645,40780,2021-05-19 15:19:00,ARPO
1.9614,1.98,1.95,1.959,86205,2021-05-19 15:20:00,ARPO
1.96,1.9602,1.93,1.93,171620,2021-05-19 15:21:00,ARPO
1.9338,1.94,1.9,1.905,293856,2021-05-19 15:22:00,ARPO
1.9016,1.93,1.89,1.9297,264418,2021-05-19 15:23:00,ARPO
1.92,1.93,1.9098,1.915,50553,2021-05-19 15:24:00,ARPO
1.91,1.94,1.91,1.935,52680,2021-05-19 15:25:00,ARPO
1.935,1.95,1.92,1.92,65901,2021-05-19 15:26:00,ARPO
1.9299,1.93,1.92,1.92,17337,2021-05-19 15:27:00,ARPO
1.9294,1.9294,1.91,1.91,19077,2021-05-19 15:28:00,ARPO
1.92,1.92,1.91,1.9101,11771,2021-05-19 15:29:00,ARPO
1.91,1.92,1.91,1.9199,7899,2021-05-19 15:30:00,ARPO
1.9191,1.9199,1.91,1.91,47037,2021-05-19 15:31:00,ARPO
1.909,1.91,1.9,1.9016,15697,2021-05-19 15:32:00,ARPO
1.9027,1.91,1.9,1.91,37058,2021-05-19 15:33:00,ARPO
1.9089,1.93,1.905,1.919,59184,2021-05-19 15:34:00,ARPO
1.9188,1.9196,1.9,1.9,36809,2021-05-19 15:35:00,ARPO
1.905,1.92,1.9,1.9,51142,2021-05-19 15:36:00,ARPO
1.91,1.91,1.9,1.9099,27017,2021-05-19 15:37:00,ARPO
1.91,1.9113,1.89,1.9,64670,2021-05-19 15:38:00,ARPO
1.9,1.9,1.89,1.895,10105,2021-05-19 15:39:00,ARPO
1.9,1.94,1.9,1.935,88118,2021-05-19 15:40:00,ARPO
1.93,1.95,1.93,1.95,98230,2021-05-19 15:41:00,ARPO
1.95,1.98,1.945,1.98,419461,2021-05-19 15:42:00,ARPO
1.9722,2.01,1.9715,2.0,129169,2021-05-19 15:43:00,ARPO
2.0,2.005,1.99,1.99,71632,2021-05-19 15:44:00,ARPO
1.99,2.0,1.98,1.9904,61113,2021-05-19 15:45:00,ARPO
1.99,2.0,1.99,2.0,65271,2021-05-19 15:46:00,ARPO
1.9983,2.0,1.99,1.9907,25150,2021-05-19 15:47:00,ARPO
1.9989,2.0,1.99,2.0,14420,2021-05-19 15:48:00,ARPO
1.99,2.0,1.99,1.9901,13141,2021-05-19 15:49:00,ARPO
1.9926,1.9983,1.9926,1.9983,1350,2021-05-19 15:50:00,ARPO
2.0,2.0,1.99,1.99,51940,2021-05-19 15:51:00,ARPO
1.995,1.995,1.98,1.98,67178,2021-05-19 15:52:00,ARPO
1.985,1.9894,1.98,1.989,4621,2021-05-19 15:53:00,ARPO
1.989,1.99,1.9808,1.99,4789,2021-05-19 15:54:00,ARPO
1.995,2.0,1.99,1.998,5895,2021-05-19 15:55:00,ARPO
1.9982,2.03,1.995,2.03,220361,2021-05-19 15:56:00,ARPO
2.03,2.06,2.02,2.03,188773,2021-05-19 15:57:00,ARPO
2.03,2.03,2.01,2.02,147837,2021-05-19 15:58:00,ARPO
2.01,2.0184,2.0,2.01,51453,2021-05-19 15:59:00,ARPO
2.005,2.02,2.005,2.015,52988,2021-05-19 16:00:00,ARPO
2.01,2.0191,2.002,2.0106,67806,2021-05-19 16:01:00,ARPO
2.0106,2.015,2.0,2.01,40269,2021-05-19 16:02:00,ARPO
2.0,2.005,1.99,1.9999,20678,2021-05-19 16:03:00,ARPO
1.99,2.01,1.99,2.0097,15757,2021-05-19 16:04:00,ARPO
2.005,2.01,2.0,2.01,3600,2021-05-19 16:05:00,ARPO
2.005,2.01,2.001,2.01,2925,2021-05-19 16:06:00,ARPO
2.0001,2.01,2.0001,2.0077,4666,2021-05-19 16:07:00,ARPO
2.005,2.02,2.005,2.02,14622,2021-05-19 16:08:00,ARPO
2.02,2.02,2.01,2.0184,11631,2021-05-19 16:09:00,ARPO
2.015,2.03,2.015,2.03,76243,2021-05-19 16:10:00,ARPO
2.0274,2.03,2.025,2.025,26900,2021-05-19 16:11:00,ARPO
2.025,2.03,2.025,2.025,9000,2021-05-19 16:12:00,ARPO
2.025,2.0296,2.0223,2.025,2098,2021-05-19 16:13:00,ARPO
2.02,2.03,2.02,2.03,51052,2021-05-19 16:14:00,ARPO
2.025,2.03,2.02,2.03,7353,2021-05-19 16:15:00,ARPO
2.03,2.03,2.0207,2.0284,19118,2021-05-19 16:16:00,ARPO
2.0286,2.03,2.028,2.03,12869,2021-05-19 16:17:00,ARPO
2.02,2.03,1.99,2.0,111155,2021-05-19 16:18:00,ARPO
1.99,1.995,1.99,1.995,1500,2021-05-19 16:19:00,ARPO
1.9914,1.9914,1.9914,1.9914,1250,2021-05-19 16:20:00,ARPO
1.99,1.9999,1.99,1.9996,21000,2021-05-19 16:21:00,ARPO
1.9999,2.0,1.9977,2.0,1450,2021-05-19 16:22:00,ARPO
2.0,2.02,2.0,2.0119,34412,2021-05-19 16:23:00,ARPO
2.015,2.015,2.003,2.0082,13825,2021-05-19 16:24:00,ARPO
2.01,2.02,1.9949,1.9949,28624,2021-05-19 16:25:00,ARPO
2.0,2.005,2.0,2.005,11231,2021-05-19 16:26:00,ARPO
2.01,2.01,2.0,2.0009,1803,2021-05-19 16:27:00,ARPO
2.001,2.01,2.0,2.0007,8500,2021-05-19 16:28:00,ARPO
2.0099,2.01,2.0013,2.0023,3776,2021-05-19 16:29:00,ARPO
2.0095,2.02,2.0095,2.0162,11236,2021-05-19 16:30:00,ARPO
2.02,2.03,2.02,2.025,47421,2021-05-19 16:31:00,ARPO
2.0274,2.03,2.02,2.025,23827,2021-05-19 16:32:00,ARPO
2.02,2.02,2.0011,2.0099,31194,2021-05-19 16:33:00,ARPO
2.01,2.02,2.0058,2.0118,5575,2021-05-19 16:34:00,ARPO
2.02,2.025,2.02,2.0201,37323,2021-05-19 16:35:00,ARPO
2.02,2.02,2.0101,2.02,28835,2021-05-19 16:36:00,ARPO
2.0108,2.06,2.0108,2.045,208168,2021-05-19 16:37:00,ARPO
2.0479,2.06,2.03,2.04,151245,2021-05-19 16:38:00,ARPO
2.04,2.04,2.02,2.0274,114634,2021-05-19 16:39:00,ARPO
2.0274,2.03,2.0232,2.0299,41818,2021-05-19 16:40:00,ARPO
2.03,2.03,2.025,2.0298,46823,2021-05-19 16:41:00,ARPO
2.03,2.04,2.0211,2.0283,69302,2021-05-19 16:42:00,ARPO
2.03,2.04,2.0277,2.04,45928,2021-05-19 16:43:00,ARPO
2.04,2.0473,2.03,2.03,76204,2021-05-19 16:44:00,ARPO
2.0384,2.0384,2.0,2.0005,48011,2021-05-19 16:45:00,ARPO
2.01,2.0102,1.98,2.0102,48137,2021-05-19 16:46:00,ARPO
2.01,2.0199,1.99,2.0001,26524,2021-05-19 16:47:00,ARPO
2.005,2.01,1.99,2.01,15415,2021-05-19 16:48:00,ARPO
2.005,2.01,1.9923,2.0,15111,2021-05-19 16:49:00,ARPO
2.0,2.005,1.995,2.0,23315,2021-05-19 16:50:00,ARPO
2.01,2.01,1.99,2.01,63011,2021-05-19 16:51:00,ARPO
2.0166,2.0199,2.01,2.0199,44259,2021-05-19 16:52:00,ARPO
2.02,2.02,2.01,2.02,9474,2021-05-19 16:53:00,ARPO
2.02,2.02,2.01,2.02,13127,2021-05-19 16:54:00,ARPO
2.02,2.02,2.015,2.02,2200,2021-05-19 16:55:00,ARPO
2.02,2.02,2.01,2.02,11979,2021-05-19 16:56:00,ARPO
2.02,2.02,2.0199,2.02,2690,2021-05-19 16:57:00,ARPO
2.02,2.02,2.015,2.02,7550,2021-05-19 16:58:00,ARPO
2.02,2.02,2.0121,2.02,4524,2021-05-19 16:59:00,ARPO
2.02,2.03,2.01,2.03,21096,2021-05-19 17:00:00,ARPO
2.03,2.03,2.025,2.03,5401,2021-05-19 17:01:00,ARPO
2.025,2.04,2.025,2.04,20295,2021-05-19 17:02:00,ARPO
2.0389,2.05,2.03,2.04,48735,2021-05-19 17:03:00,ARPO
2.04,2.06,2.04,2.0483,104054,2021-05-19 17:04:00,ARPO
2.05,2.06,2.04,2.045,89127,2021-05-19 17:05:00,ARPO
2.045,2.05,2.0406,2.045,9650,2021-05-19 17:06:00,ARPO
2.05,2.06,2.045,2.06,28161,2021-05-19 17:07:00,ARPO
2.0501,2.06,2.04,2.05,96837,2021-05-19 17:08:00,ARPO
2.045,2.045,2.035,2.035,54648,2021-05-19 17:09:00,ARPO
2.035,2.04,2.032,2.035,10500,2021-05-19 17:10:00,ARPO
2.035,2.0399,2.03,2.035,13668,2021-05-19 17:11:00,ARPO
2.035,2.04,2.03,2.032,44577,2021-05-19 17:12:00,ARPO
2.035,2.04,2.02,2.03,61402,2021-05-19 17:13:00,ARPO
2.03,2.04,2.025,2.04,22625,2021-05-19 17:14:00,ARPO
2.04,2.04,2.04,2.04,797,2021-05-19 17:15:00,ARPO
2.035,2.05,2.035,2.05,31537,2021-05-19 17:16:00,ARPO
2.05,2.05,2.03,2.0322,40357,2021-05-19 17:17:00,ARPO
2.035,2.04,2.035,2.04,33515,2021-05-19 17:18:00,ARPO
2.04,2.04,2.035,2.04,33775,2021-05-19 17:19:00,ARPO
2.04,2.055,2.03,2.0514,90278,2021-05-19 17:20:00,ARPO
2.055,2.08,2.05,2.08,120007,2021-05-19 17:21:00,ARPO
2.075,2.08,2.07,2.077,40583,2021-05-19 17:22:00,ARPO
2.078,2.08,2.05,2.052,79519,2021-05-19 17:23:00,ARPO
2.05,2.06,2.05,2.05,82042,2021-05-19 17:24:00,ARPO
2.05,2.06,2.05,2.055,10850,2021-05-19 17:25:00,ARPO
2.055,2.0592,2.0519,2.0519,4100,2021-05-19 17:26:00,ARPO
2.055,2.07,2.055,2.065,22880,2021-05-19 17:27:00,ARPO
2.065,2.07,2.0501,2.065,41177,2021-05-19 17:28:00,ARPO
2.065,2.065,2.05,2.06,29187,2021-05-19 17:29:00,ARPO
2.06,2.07,2.06,2.065,68182,2021-05-19 17:30:00,ARPO
2.0685,2.1,2.0601,2.0985,347331,2021-05-19 17:31:00,ARPO
2.0906,2.13,2.0901,2.12,180903,2021-05-19 17:32:00,ARPO
2.125,2.125,2.0907,2.1,158377,2021-05-19 17:33:00,ARPO
2.0993,2.12,2.095,2.1,44041,2021-05-19 17:34:00,ARPO
2.109,2.11,2.1,2.1,72145,2021-05-19 17:35:00,ARPO
2.1019,2.11,2.1001,2.1099,12864,2021-05-19 17:36:00,ARPO
2.11,2.11,2.1,2.105,3350,2021-05-19 17:37:00,ARPO
2.109,2.17,2.109,2.15,251047,2021-05-19 17:38:00,ARPO
2.145,2.23,2.14,2.2095,279322,2021-05-19 17:39:00,ARPO
2.2,2.215,2.165,2.215,173587,2021-05-19 17:40:00,ARPO
2.2199,2.2199,2.17,2.19,96869,2021-05-19 17:41:00,ARPO
2.19,2.2,2.1825,2.19,49476,2021-05-19 17:42:00,ARPO
2.185,2.2,2.16,2.1694,97094,2021-05-19 17:43:00,ARPO
2.1699,2.21,2.16,2.2,123690,2021-05-19 17:44:00,ARPO
2.2,2.21,2.18,2.19,76240,2021-05-19 17:45:00,ARPO
2.1899,2.24,2.15,2.23,178338,2021-05-19 17:46:00,ARPO
2.21,2.211,2.17,2.17,239251,2021-05-19 17:47:00,ARPO
2.175,2.2,2.17,2.19,60550,2021-05-19 17:48:00,ARPO
2.1903,2.2,2.17,2.175,90888,2021-05-19 17:49:00,ARPO
2.17,2.175,2.15,2.1599,65067,2021-05-19 17:50:00,ARPO
2.1517,2.1603,2.145,2.153,45871,2021-05-19 17:51:00,ARPO
2.1599,2.1599,2.1305,2.1401,72152,2021-05-19 17:52:00,ARPO
2.15,2.16,2.11,2.125,201975,2021-05-19 17:53:00,ARPO
2.1276,2.1385,2.1201,2.125,30750,2021-05-19 17:54:00,ARPO
2.125,2.14,2.1201,2.14,18975,2021-05-19 17:55:00,ARPO
2.14,2.15,2.12,2.1308,78980,2021-05-19 17:56:00,ARPO
2.135,2.14,2.11,2.13,78292,2021-05-19 17:57:00,ARPO
2.13,2.16,2.13,2.1497,71452,2021-05-19 17:58:00,ARPO
2.145,2.1699,2.145,2.15,59750,2021-05-19 17:59:00,ARPO
2.15,2.16,2.14,2.155,10730,2021-05-19 18:00:00,ARPO
2.159,2.18,2.1509,2.17,76604,2021-05-19 18:01:00,ARPO
2.17,2.18,2.15,2.15,58357,2021-05-19 18:02:00,ARPO
2.1599,2.1702,2.15,2.1701,32299,2021-05-19 18:03:00,ARPO
2.18,2.18,2.155,2.165,44919,2021-05-19 18:04:00,ARPO
2.1695,2.17,2.16,2.1602,6000,2021-05-19 18:05:00,ARPO
2.16,2.1602,2.13,2.135,33887,2021-05-19 18:06:00,ARPO
2.15,2.15,2.135,2.135,14400,2021-05-19 18:07:00,ARPO
2.14,2.14,2.12,2.125,27824,2021-05-19 18:08:00,ARPO
2.125,2.165,2.125,2.15,50250,2021-05-19 18:09:00,ARPO
2.155,2.17,2.1401,2.17,36498,2021-05-19 18:10:00,ARPO
2.17,2.17,2.15,2.1506,19140,2021-05-19 18:11:00,ARPO
2.1501,2.165,2.1501,2.165,10772,2021-05-19 18:12:00,ARPO
2.165,2.165,2.16,2.16,1450,2021-05-19 18:13:00,ARPO
2.1599,2.16,2.1591,2.1591,1500,2021-05-19 18:14:00,ARPO
2.155,2.16,2.15,2.15,8820,2021-05-19 18:15:00,ARPO
2.15,2.16,2.1397,2.1399,16105,2021-05-19 18:16:00,ARPO
2.1385,2.19,2.1301,2.19,104712,2021-05-19 18:17:00,ARPO
2.19,2.19,2.165,2.1889,105959,2021-05-19 18:18:00,ARPO
2.1896,2.2,2.18,2.195,71578,2021-05-19 18:19:00,ARPO
2.195,2.21,2.18,2.1898,131115,2021-05-19 18:20:00,ARPO
2.185,2.2,2.18,2.18,29678,2021-05-19 18:21:00,ARPO
2.185,2.2,2.18,2.1866,38582,2021-05-19 18:22:00,ARPO
2.19,2.195,2.1801,2.19,28620,2021-05-19 18:23:00,ARPO
2.19,2.19,2.18,2.185,9705,2021-05-19 18:24:00,ARPO
2.182,2.19,2.15,2.175,72251,2021-05-19 18:25:00,ARPO
2.175,2.19,2.16,2.168,31663,2021-05-19 18:26:00,ARPO
2.17,2.18,2.16,2.18,10730,2021-05-19 18:27:00,ARPO
2.18,2.18,2.1701,2.18,10445,2021-05-19 18:28:00,ARPO
2.18,2.19,2.175,2.19,11820,2021-05-19 18:29:00,ARPO
2.2,2.2,2.18,2.19,101347,2021-05-19 18:30:00,ARPO
2.19,2.2,2.18,2.19,57827,2021-05-19 18:31:00,ARPO
2.19,2.209,2.1801,2.2,171331,2021-05-19 18:32:00,ARPO
2.2,2.2,2.16,2.165,92410,2021-05-19 18:33:00,ARPO
2.165,2.18,2.1616,2.1794,30846,2021-05-19 18:34:00,ARPO
2.18,2.2,2.1715,2.195,53704,2021-05-19 18:35:00,ARPO
2.195,2.205,2.1901,2.205,39180,2021-05-19 18:36:00,ARPO
2.205,2.21,2.18,2.1905,60870,2021-05-19 18:37:00,ARPO
2.195,2.21,2.19,2.2059,30819,2021-05-19 18:38:00,ARPO
2.2099,2.2099,2.17,2.19,53571,2021-05-19 18:39:00,ARPO
2.1802,2.19,2.1802,2.19,15429,2021-05-19 18:40:00,ARPO
2.19,2.19,2.1801,2.19,24043,2021-05-19 18:41:00,ARPO
2.1804,2.2,2.18,2.2,104506,2021-05-19 18:42:00,ARPO
2.195,2.2,2.18,2.185,70603,2021-05-19 18:43:00,ARPO
2.1805,2.19,2.16,2.1699,66593,2021-05-19 18:44:00,ARPO
2.1699,2.1699,2.11,2.12,116417,2021-05-19 18:45:00,ARPO
2.1101,2.125,2.09,2.115,147772,2021-05-19 18:46:00,ARPO
2.12,2.1294,2.11,2.12,74086,2021-05-19 18:47:00,ARPO
2.13,2.13,2.11,2.125,20404,2021-05-19 18:48:00,ARPO
2.12,2.14,2.109,2.13,133139,2021-05-19 18:49:00,ARPO
2.13,2.15,2.1209,2.14,28483,2021-05-19 18:50:00,ARPO
2.15,2.15,2.1318,2.14,10968,2021-05-19 18:51:00,ARPO
2.1352,2.14,2.132,2.132,1644,2021-05-19 18:52:00,ARPO
2.13,2.135,2.12,2.125,17950,2021-05-19 18:53:00,ARPO
2.12,2.14,2.12,2.135,32761,2021-05-19 18:54:00,ARPO
2.1301,2.1396,2.112,2.1199,13287,2021-05-19 18:55:00,ARPO
2.115,2.1191,2.1104,2.1191,1840,2021-05-19 18:56:00,ARPO
2.12,2.13,2.1199,2.1286,3656,2021-05-19 18:57:00,ARPO
2.13,2.15,2.13,2.1412,19551,2021-05-19 18:58:00,ARPO
2.147,2.15,2.14,2.149,16117,2021-05-19 18:59:00,ARPO
2.14,2.145,2.12,2.12,27997,2021-05-19 19:00:00,ARPO
2.1201,2.13,2.11,2.1197,42200,2021-05-19 19:01:00,ARPO
2.115,2.125,2.09,2.0903,67543,2021-05-19 19:02:00,ARPO
2.09,2.0922,2.0797,2.08,85711,2021-05-19 19:03:00,ARPO
2.07,2.1,2.07,2.0916,40936,2021-05-19 19:04:00,ARPO
2.1,2.1,2.075,2.0892,29123,2021-05-19 19:05:00,ARPO
2.085,2.09,2.08,2.09,4011,2021-05-19 19:06:00,ARPO
2.085,2.1,2.0804,2.1,31829,2021-05-19 19:07:00,ARPO
2.095,2.1147,2.095,2.105,28284,2021-05-19 19:08:00,ARPO
2.1008,2.105,2.075,2.1,22041,2021-05-19 19:09:00,ARPO
2.1,2.11,2.0995,2.11,4444,2021-05-19 19:10:00,ARPO
2.1,2.105,2.08,2.09,23409,2021-05-19 19:11:00,ARPO
2.0819,2.1,2.0819,2.099,22327,2021-05-19 19:12:00,ARPO
2.0906,2.1,2.08,2.0835,24833,2021-05-19 19:13:00,ARPO
2.09,2.09,2.0801,2.09,4205,2021-05-19 19:14:00,ARPO
2.082,2.115,2.082,2.11,89745,2021-05-19 19:15:00,ARPO
2.11,2.111,2.07,2.0762,67642,2021-05-19 19:16:00,ARPO
2.075,2.13,2.075,2.1201,50913,2021-05-19 19:17:00,ARPO
2.13,2.13,2.08,2.09,91955,2021-05-19 19:18:00,ARPO
2.1,2.107,2.09,2.09,25811,2021-05-19 19:19:00,ARPO
2.0999,2.107,2.0801,2.105,54817,2021-05-19 19:20:00,ARPO
2.1,2.13,2.1,2.115,53570,2021-05-19 19:21:00,ARPO
2.1199,2.1207,2.11,2.11,15047,2021-05-19 19:22:00,ARPO
2.115,2.115,2.1,2.1108,17557,2021-05-19 19:23:00,ARPO
2.11,2.12,2.11,2.11,19337,2021-05-19 19:24:00,ARPO
2.115,2.1191,2.08,2.0991,98200,2021-05-19 19:25:00,ARPO
2.1,2.11,2.0901,2.1006,27657,2021-05-19 19:26:00,ARPO
2.105,2.105,2.1008,2.1008,1603,2021-05-19 19:27:00,ARPO
2.11,2.11,2.105,2.11,2800,2021-05-19 19:28:00,ARPO
2.105,2.11,2.1,2.11,4190,2021-05-19 19:29:00,ARPO
2.1,2.11,2.1,2.11,11512,2021-05-19 19:30:00,ARPO
2.1099,2.12,2.1092,2.12,11596,2021-05-19 19:31:00,ARPO
2.12,2.15,2.1173,2.1397,124784,2021-05-19 19:32:00,ARPO
2.139,2.17,2.13,2.16,122620,2021-05-19 19:33:00,ARPO
2.16,2.17,2.1497,2.15,77252,2021-05-19 19:34:00,ARPO
2.145,2.19,2.1401,2.185,62592,2021-05-19 19:35:00,ARPO
2.19,2.195,2.17,2.1799,98981,2021-05-19 19:36:00,ARPO
2.1799,2.22,2.16,2.1996,169127,2021-05-19 19:37:00,ARPO
2.19,2.2,2.19,2.1901,102000,2021-05-19 19:38:00,ARPO
2.19,2.2,2.17,2.17,82601,2021-05-19 19:39:00,ARPO
2.175,2.1895,2.164,2.18,65259,2021-05-19 19:40:00,ARPO
2.185,2.19,2.16,2.16,45423,2021-05-19 19:41:00,ARPO
2.16,2.17,2.16,2.165,26373,2021-05-19 19:42:00,ARPO
2.16,2.17,2.16,2.16,13929,2021-05-19 19:43:00,ARPO
2.165,2.185,2.1602,2.18,54946,2021-05-19 19:44:00,ARPO
2.18,2.19,2.17,2.18,74523,2021-05-19 19:45:00,ARPO
2.19,2.19,2.15,2.15,65112,2021-05-19 19:46:00,ARPO
2.155,2.17,2.15,2.16,29944,2021-05-19 19:47:00,ARPO
2.16,2.1699,2.15,2.15,28575,2021-05-19 19:48:00,ARPO
2.1583,2.16,2.15,2.16,42372,2021-05-19 19:49:00,ARPO
2.155,2.18,2.15,2.16,114379,2021-05-19 19:50:00,ARPO
2.165,2.18,2.16,2.16,66491,2021-05-19 19:51:00,ARPO
2.1699,2.19,2.16,2.185,52990,2021-05-19 19:52:00,ARPO
2.18,2.2,2.18,2.2,139827,2021-05-19 19:53:00,ARPO
2.195,2.2,2.18,2.18,126443,2021-05-19 19:54:00,ARPO
2.17,2.2,2.17,2.185,59802,2021-05-19 19:55:00,ARPO
2.19,2.2,2.18,2.2,42243,2021-05-19 19:56:00,ARPO
2.195,2.2,2.17,2.2,100645,2021-05-19 19:57:00,ARPO
2.195,2.22,2.19,2.215,148314,2021-05-19 19:58:00,ARPO
2.21,2.22,2.19,2.21,182155,2021-05-19 19:59:00,ARPO
2.22,2.22,2.2,2.2,61286,2021-05-19 20:00:00,ARPO
2.19,2.19,2.15,2.15,600,2021-05-19 20:01:00,ARPO
2.15,2.17,2.13,2.13,5042,2021-05-19 20:02:00,ARPO
2.14,2.14,2.13,2.13,1952,2021-05-19 20:03:00,ARPO
2.16,2.16,2.16,2.16,203,2021-05-19 20:06:00,ARPO
2.16,2.16,2.16,2.16,100,2021-05-19 20:07:00,ARPO
2.15,2.15,2.15,2.15,500,2021-05-19 20:08:00,ARPO
2.1501,2.1501,2.15,2.15,1400,2021-05-19 20:09:00,ARPO
2.16,2.16,2.16,2.16,1000,2021-05-19 20:11:00,ARPO
2.17,2.17,2.17,2.17,500,2021-05-19 20:12:00,ARPO
2.19,2.19,2.1601,2.1601,200,2021-05-19 20:13:00,ARPO
2.1601,2.1601,2.1601,2.1601,900,2021-05-19 20:14:00,ARPO
2.1601,2.17,2.1601,2.17,2000,2021-05-19 20:15:00,ARPO
2.16,2.16,2.16,2.16,3932,2021-05-19 20:16:00,ARPO
2.16,2.16,2.16,2.16,3492,2021-05-19 20:17:00,ARPO
2.16,2.16,2.16,2.16,138,2021-05-19 20:18:00,ARPO
2.1701,2.1701,2.1701,2.1701,1000,2021-05-19 20:19:00,ARPO
2.1701,2.18,2.1701,2.18,3000,2021-05-19 20:20:00,ARPO
2.1701,2.1701,2.1701,2.1701,2000,2021-05-19 20:21:00,ARPO
2.18,2.18,2.17,2.17,300,2021-05-19 20:22:00,ARPO
2.1701,2.1701,2.1701,2.1701,1000,2021-05-19 20:24:00,ARPO
2.17,2.1701,2.17,2.1701,1331,2021-05-19 20:25:00,ARPO
2.18,2.2,2.18,2.2,5408,2021-05-19 20:26:00,ARPO
2.2,2.2199,2.2,2.2199,3650,2021-05-19 20:27:00,ARPO
2.2,2.22,2.2,2.22,898,2021-05-19 20:28:00,ARPO
2.22,2.22,2.2,2.2,1375,2021-05-19 20:30:00,ARPO
2.2,2.2,2.2,2.2,1000,2021-05-19 20:31:00,ARPO
2.22,2.24,2.22,2.23,27890,2021-05-19 20:32:00,ARPO
2.23,2.2599,2.23,2.25,24437,2021-05-19 20:33:00,ARPO
2.25,2.25,2.24,2.24,904,2021-05-19 20:34:00,ARPO
2.24,2.24,2.24,2.24,364,2021-05-19 20:35:00,ARPO
2.23,2.23,2.23,2.23,1500,2021-05-19 20:37:00,ARPO
2.22,2.22,2.22,2.22,250,2021-05-19 20:38:00,ARPO
2.2,2.2,2.2,2.2,700,2021-05-19 20:39:00,ARPO
2.18,2.18,2.18,2.18,1000,2021-05-19 20:40:00,ARPO
2.18,2.22,2.18,2.21,2018,2021-05-19 20:41:00,ARPO
2.2,2.2,2.2,2.2,1190,2021-05-19 20:44:00,ARPO
2.2,2.21,2.2,2.21,1163,2021-05-19 20:45:00,ARPO
2.21,2.22,2.21,2.22,2254,2021-05-19 20:46:00,ARPO
2.22,2.22,2.22,2.22,1000,2021-05-19 20:47:00,ARPO
2.24,2.24,2.24,2.24,533,2021-05-19 20:48:00,ARPO
2.24,2.24,2.24,2.24,700,2021-05-19 20:49:00,ARPO
2.22,2.2201,2.22,2.2201,2000,2021-05-19 20:52:00,ARPO
2.22,2.22,2.22,2.22,6040,2021-05-19 20:53:00,ARPO
2.22,2.22,2.2,2.2,3005,2021-05-19 20:54:00,ARPO
2.2,2.2,2.2,2.2,500,2021-05-19 20:55:00,ARPO
2.2,2.2,2.2,2.2,200,2021-05-19 20:56:00,ARPO
2.21,2.21,2.2,2.2,12988,2021-05-19 20:59:00,ARPO
2.21,2.21,2.2,2.2,1669,2021-05-19 21:03:00,ARPO
2.2,2.2,2.2,2.2,190,2021-05-19 21:04:00,ARPO
2.2099,2.2099,2.2099,2.2099,2000,2021-05-19 21:05:00,ARPO
2.21,2.25,2.21,2.25,10288,2021-05-19 21:06:00,ARPO
2.23,2.23,2.23,2.23,9000,2021-05-19 21:08:00,ARPO
2.23,2.25,2.23,2.25,4555,2021-05-19 21:09:00,ARPO
2.2501,2.26,2.2501,2.26,6300,2021-05-19 21:10:00,ARPO
2.26,2.28,2.26,2.28,6572,2021-05-19 21:11:00,ARPO
2.28,2.28,2.28,2.28,500,2021-05-19 21:12:00,ARPO
2.28,2.28,2.26,2.26,2142,2021-05-19 21:13:00,ARPO
2.26,2.26,2.26,2.26,2500,2021-05-19 21:14:00,ARPO
2.26,2.26,2.25,2.25,14100,2021-05-19 21:15:00,ARPO
2.25,2.26,2.25,2.25,2940,2021-05-19 21:16:00,ARPO
2.25,2.25,2.25,2.25,10000,2021-05-19 21:17:00,ARPO
2.26,2.28,2.26,2.28,1821,2021-05-19 21:18:00,ARPO
2.28,2.28,2.26,2.26,7201,2021-05-19 21:19:00,ARPO
2.26,2.27,2.26,2.26,6603,2021-05-19 21:20:00,ARPO
2.2599,2.27,2.2599,2.26,6335,2021-05-19 21:21:00,ARPO
2.26,2.26,2.25,2.25,3849,2021-05-19 21:22:00,ARPO
2.25,2.2501,2.2,2.2,47230,2021-05-19 21:23:00,ARPO
2.2,2.2,2.15,2.15,6799,2021-05-19 21:24:00,ARPO
2.15,2.15,2.14,2.14,21937,2021-05-19 21:25:00,ARPO
2.14,2.14,2.14,2.14,21400,2021-05-19 21:26:00,ARPO
2.1399,2.14,2.1399,2.14,6833,2021-05-19 21:27:00,ARPO
2.14,2.14,2.14,2.14,3485,2021-05-19 21:28:00,ARPO
2.15,2.15,2.14,2.15,839,2021-05-19 21:29:00,ARPO
2.15,2.15,2.15,2.15,5798,2021-05-19 21:30:00,ARPO
2.1499,2.15,2.1499,2.15,400,2021-05-19 21:31:00,ARPO
2.1499,2.15,2.1499,2.1499,700,2021-05-19 21:32:00,ARPO
2.15,2.15,2.1499,2.1499,200,2021-05-19 21:33:00,ARPO
2.15,2.15,2.15,2.15,1450,2021-05-19 21:34:00,ARPO
2.14,2.14,2.14,2.14,535,2021-05-19 21:35:00,ARPO
2.14,2.15,2.14,2.15,26500,2021-05-19 21:36:00,ARPO
2.15,2.15,2.15,2.15,400,2021-05-19 21:37:00,ARPO
2.15,2.15,2.14,2.15,28871,2021-05-19 21:38:00,ARPO
2.15,2.15,2.15,2.15,300,2021-05-19 21:40:00,ARPO
2.1401,2.1401,2.14,2.14,1326,2021-05-19 21:42:00,ARPO
2.1401,2.1401,2.14,2.1401,600,2021-05-19 21:43:00,ARPO
2.1401,2.15,2.1401,2.15,200,2021-05-19 21:44:00,ARPO
2.15,2.15,2.15,2.15,5110,2021-05-19 21:45:00,ARPO
2.15,2.15,2.15,2.15,300,2021-05-19 21:46:00,ARPO
2.15,2.15,2.15,2.15,100,2021-05-19 21:47:00,ARPO
2.15,2.15,2.15,2.15,100,2021-05-19 21:48:00,ARPO
2.14,2.15,2.14,2.15,8489,2021-05-19 21:49:00,ARPO
2.15,2.15,2.15,2.15,1000,2021-05-19 21:50:00,ARPO
2.15,2.15,2.15,2.15,100,2021-05-19 21:51:00,ARPO
2.14,2.14,2.14,2.14,2150,2021-05-19 21:52:00,ARPO
2.13,2.13,2.08,2.08,7430,2021-05-19 21:53:00,ARPO
2.14,2.14,2.14,2.14,100,2021-05-19 21:54:00,ARPO
2.14,2.14,2.14,2.14,100,2021-05-19 21:56:00,ARPO
2.13,2.13,2.13,2.13,100,2021-05-19 21:57:00,ARPO
2.13,2.13,2.13,2.13,2000,2021-05-19 21:58:00,ARPO
2.13,2.13,2.13,2.13,999,2021-05-19 22:00:00,ARPO
2.11,2.11,2.1,2.1,600,2021-05-19 22:01:00,ARPO
2.09,2.09,2.07,2.07,4754,2021-05-19 22:02:00,ARPO
2.08,2.11,2.08,2.08,455,2021-05-19 22:03:00,ARPO
2.09,2.09,2.09,2.09,200,2021-05-19 22:04:00,ARPO
2.12,2.13,2.12,2.13,900,2021-05-19 22:07:00,ARPO
2.11,2.11,2.11,2.11,100,2021-05-19 22:08:00,ARPO
2.11,2.11,2.11,2.11,331,2021-05-19 22:11:00,ARPO
2.1,2.11,2.1,2.11,1350,2021-05-19 22:14:00,ARPO
2.11,2.11,2.1,2.1,400,2021-05-19 22:15:00,ARPO
2.1,2.1,2.09,2.09,2600,2021-05-19 22:16:00,ARPO
2.09,2.1,2.09,2.09,3100,2021-05-19 22:17:00,ARPO
2.09,2.1,2.09,2.1,500,2021-05-19 22:18:00,ARPO
2.09,2.09,2.09,2.09,200,2021-05-19 22:19:00,ARPO
2.08,2.09,2.08,2.09,600,2021-05-19 22:20:00,ARPO
2.1,2.1,2.1,2.1,4231,2021-05-19 22:21:00,ARPO
2.1,2.1,2.1,2.1,220,2021-05-19 22:22:00,ARPO
2.1,2.1,2.1,2.1,300,2021-05-19 22:23:00,ARPO
2.1,2.1,2.09,2.09,3393,2021-05-19 22:24:00,ARPO
2.1,2.1,2.1,2.1,2685,2021-05-19 22:25:00,ARPO
2.09,2.1,2.09,2.1,1900,2021-05-19 22:26:00,ARPO
2.1,2.1,2.1,2.1,600,2021-05-19 22:27:00,ARPO
2.1,2.1,2.09,2.1,3078,2021-05-19 22:28:00,ARPO
2.1,2.1,2.1,2.1,300,2021-05-19 22:29:00,ARPO
2.1,2.1,2.1,2.1,300,2021-05-19 22:30:00,ARPO
2.1,2.1,2.1,2.1,1000,2021-05-19 22:31:00,ARPO
2.1,2.1,2.1,2.1,440,2021-05-19 22:32:00,ARPO
2.1,2.1,2.1,2.1,100,2021-05-19 22:34:00,ARPO
2.1,2.1,2.1,2.1,100,2021-05-19 22:35:00,ARPO
2.1,2.1,2.1,2.1,1250,2021-05-19 22:36:00,ARPO
2.1,2.1,2.1,2.1,100,2021-05-19 22:37:00,ARPO
2.1,2.1,2.1,2.1,100,2021-05-19 22:38:00,ARPO
2.1,2.1,2.1,2.1,100,2021-05-19 22:39:00,ARPO
2.09,2.09,2.08,2.08,2972,2021-05-19 22:43:00,ARPO
2.08,2.08,2.08,2.08,2400,2021-05-19 22:44:00,ARPO
2.08,2.08,2.07,2.08,4200,2021-05-19 22:45:00,ARPO
2.08,2.08,2.07,2.07,200,2021-05-19 22:46:00,ARPO
2.07,2.07,2.07,2.07,1000,2021-05-19 22:48:00,ARPO
2.09,2.09,2.09,2.09,100,2021-05-19 22:50:00,ARPO
2.09,2.09,2.09,2.09,2000,2021-05-19 22:55:00,ARPO
2.09,2.09,2.09,2.09,1000,2021-05-19 22:58:00,ARPO
2.08,2.08,2.08,2.08,300,2021-05-19 23:05:00,ARPO
2.08,2.09,2.08,2.08,673,2021-05-19 23:09:00,ARPO
2.08,2.08,2.08,2.08,100,2021-05-19 23:12:00,ARPO
2.07,2.07,2.07,2.07,726,2021-05-19 23:13:00,ARPO
2.07,2.07,2.07,2.07,100,2021-05-19 23:16:00,ARPO
2.08,2.08,2.08,2.08,410,2021-05-19 23:18:00,ARPO
2.09,2.09,2.09,2.09,100,2021-05-19 23:19:00,ARPO
2.09,2.09,2.09,2.09,250,2021-05-19 23:20:00,ARPO
2.09,2.09,2.09,2.09,100,2021-05-19 23:22:00,ARPO
2.09,2.09,2.08,2.09,3100,2021-05-19 23:24:00,ARPO
2.09,2.09,2.09,2.09,500,2021-05-19 23:25:00,ARPO
2.09,2.09,2.09,2.09,140,2021-05-19 23:26:00,ARPO
2.09,2.09,2.08,2.08,1367,2021-05-19 23:27:00,ARPO
2.07,2.07,2.07,2.07,1000,2021-05-19 23:31:00,ARPO
2.08,2.08,2.08,2.08,454,2021-05-19 23:33:00,ARPO
2.09,2.09,2.09,2.09,693,2021-05-19 23:41:00,ARPO
2.1,2.1,2.1,2.1,250,2021-05-19 23:42:00,ARPO
2.09,2.09,2.09,2.09,191,2021-05-19 23:43:00,ARPO
2.09,2.09,2.09,2.09,300,2021-05-19 23:45:00,ARPO
2.09,2.09,2.09,2.09,1203,2021-05-19 23:46:00,ARPO
2.09,2.09,2.09,2.09,803,2021-05-19 23:49:00,ARPO
2.09,2.09,2.09,2.09,500,2021-05-19 23:50:00,ARPO
2.09,2.09,2.08,2.08,2350,2021-05-19 23:52:00,ARPO
2.09,2.09,2.09,2.09,100,2021-05-19 23:53:00,ARPO
2.09,2.1,2.09,2.1,200,2021-05-19 23:54:00,ARPO
2.1,2.1,2.1,2.1,2153,2021-05-19 23:56:00,ARPO
2.1,2.1,2.1,2.1,500,2021-05-19 23:58:00,ARPO
2.18,2.2,2.18,2.2,1370,2021-05-20 08:05:00,ARPO
2.09,2.09,2.09,2.09,282,2021-05-20 08:08:00,ARPO
2.11,2.11,2.11,2.11,351,2021-05-20 08:16:00,ARPO
2.16,2.16,2.15,2.15,1031,2021-05-20 08:23:00,ARPO
2.15,2.15,2.15,2.15,1400,2021-05-20 08:24:00,ARPO
2.14,2.14,2.14,2.14,600,2021-05-20 08:27:00,ARPO
2.13,2.13,2.13,2.13,1000,2021-05-20 08:33:00,ARPO
2.13,2.13,2.13,2.13,4500,2021-05-20 08:47:00,ARPO
2.13,2.13,2.13,2.13,1897,2021-05-20 08:48:00,ARPO
2.13,2.13,2.13,2.13,100,2021-05-20 08:51:00,ARPO
2.15,2.15,2.15,2.15,100,2021-05-20 08:52:00,ARPO
2.13,2.13,2.13,2.13,100,2021-05-20 09:05:00,ARPO
2.14,2.14,2.14,2.14,200,2021-05-20 09:08:00,ARPO
2.14,2.14,2.14,2.14,400,2021-05-20 09:11:00,ARPO
2.14,2.14,2.14,2.14,200,2021-05-20 09:15:00,ARPO
2.14,2.14,2.13,2.13,7400,2021-05-20 09:16:00,ARPO
2.14,2.14,2.14,2.14,200,2021-05-20 09:18:00,ARPO
2.13,2.13,2.13,2.13,800,2021-05-20 09:20:00,ARPO
2.13,2.13,2.13,2.13,5769,2021-05-20 09:21:00,ARPO
2.13,2.13,2.13,2.13,1200,2021-05-20 09:39:00,ARPO
2.13,2.13,2.13,2.13,1200,2021-05-20 09:45:00,ARPO
2.13,2.13,2.13,2.13,307,2021-05-20 09:50:00,ARPO
2.11,2.11,2.1,2.1,400,2021-05-20 10:11:00,ARPO
2.1,2.1,2.1,2.1,3317,2021-05-20 10:23:00,ARPO
2.1,2.1,2.1,2.1,5000,2021-05-20 10:25:00,ARPO
2.1,2.1,2.1,2.1,200,2021-05-20 10:29:00,ARPO
2.09,2.09,2.09,2.09,949,2021-05-20 10:36:00,ARPO
2.08,2.08,2.08,2.08,375,2021-05-20 10:40:00,ARPO
2.08,2.08,2.08,2.08,500,2021-05-20 10:41:00,ARPO
2.08,2.08,2.08,2.08,200,2021-05-20 10:46:00,ARPO
2.07,2.07,2.07,2.07,500,2021-05-20 10:48:00,ARPO
2.08,2.08,2.08,2.08,200,2021-05-20 10:49:00,ARPO
2.07,2.07,2.07,2.07,262,2021-05-20 10:52:00,ARPO
2.08,2.08,2.08,2.08,600,2021-05-20 10:53:00,ARPO
2.07,2.07,2.07,2.07,738,2021-05-20 10:55:00,ARPO
2.07,2.07,2.07,2.07,200,2021-05-20 10:56:00,ARPO
2.07,2.07,2.07,2.07,100,2021-05-20 10:59:00,ARPO
2.07,2.07,2.07,2.07,500,2021-05-20 11:06:00,ARPO
2.08,2.08,2.08,2.08,100,2021-05-20 11:07:00,ARPO
2.061,2.061,2.06,2.06,712,2021-05-20 11:08:00,ARPO
2.07,2.07,2.07,2.07,600,2021-05-20 11:09:00,ARPO
2.07,2.07,2.07,2.07,385,2021-05-20 11:10:00,ARPO
2.09,2.1,2.09,2.1,3463,2021-05-20 11:31:00,ARPO
2.1,2.1,2.1,2.1,6600,2021-05-20 11:32:00,ARPO
2.1,2.1,2.1,2.1,350,2021-05-20 11:41:00,ARPO
2.08,2.08,2.08,2.08,100,2021-05-20 11:54:00,ARPO
2.07,2.07,2.06,2.06,8011,2021-05-20 11:57:00,ARPO
2.06,2.06,2.06,2.06,4004,2021-05-20 11:58:00,ARPO
2.05,2.05,2.05,2.05,200,2021-05-20 11:59:00,ARPO
2.08,2.08,2.08,2.08,800,2021-05-20 12:00:00,ARPO
2.09,2.09,2.09,2.09,100,2021-05-20 12:01:00,ARPO
2.089,2.1,2.089,2.099,1400,2021-05-20 12:04:00,ARPO
2.07,2.07,2.07,2.07,140,2021-05-20 12:07:00,ARPO
2.09,2.09,2.09,2.09,400,2021-05-20 12:10:00,ARPO
2.08,2.08,2.08,2.08,120,2021-05-20 12:23:00,ARPO
2.08,2.08,2.08,2.08,100,2021-05-20 12:29:00,ARPO
2.1,2.1,2.1,2.1,430,2021-05-20 12:31:00,ARPO
2.1,2.1,2.1,2.1,200,2021-05-20 12:32:00,ARPO
2.09,2.1,2.09,2.1,300,2021-05-20 12:33:00,ARPO
2.09,2.09,2.09,2.09,200,2021-05-20 12:35:00,ARPO
2.0901,2.0901,2.0901,2.0901,200,2021-05-20 12:36:00,ARPO
2.1,2.1,2.1,2.1,100,2021-05-20 12:38:00,ARPO
2.1,2.1,2.1,2.1,1000,2021-05-20 12:39:00,ARPO
2.0901,2.0901,2.0901,2.0901,580,2021-05-20 12:40:00,ARPO
2.1,2.1,2.1,2.1,1910,2021-05-20 12:43:00,ARPO
2.09,2.1,2.09,2.1,1181,2021-05-20 12:44:00,ARPO
2.1,2.1,2.1,2.1,200,2021-05-20 12:45:00,ARPO
2.0829,2.0829,2.0829,2.0829,100,2021-05-20 12:46:00,ARPO
2.0829,2.0829,2.0829,2.0829,100,2021-05-20 12:48:00,ARPO
2.09,2.09,2.09,2.09,200,2021-05-20 12:50:00,ARPO
2.0801,2.0801,2.08,2.0801,10190,2021-05-20 12:53:00,ARPO
2.08,2.08,2.08,2.08,5985,2021-05-20 12:58:00,ARPO
2.08,2.08,2.08,2.08,1630,2021-05-20 13:00:00,ARPO
2.08,2.08,2.08,2.08,400,2021-05-20 13:01:00,ARPO
2.08,2.08,2.08,2.08,500,2021-05-20 13:02:00,ARPO
2.08,2.08,2.08,2.08,250,2021-05-20 13:03:00,ARPO
2.07,2.07,2.05,2.05,4734,2021-05-20 13:05:00,ARPO
2.05,2.05,2.05,2.05,850,2021-05-20 13:06:00,ARPO
2.05,2.05,2.05,2.05,100,2021-05-20 13:08:00,ARPO
2.05,2.05,2.05,2.05,119,2021-05-20 13:09:00,ARPO
2.07,2.07,2.07,2.07,1200,2021-05-20 13:10:00,ARPO
2.07,2.07,2.07,2.07,14256,2021-05-20 13:11:00,ARPO
2.07,2.07,2.07,2.07,500,2021-05-20 13:13:00,ARPO
2.07,2.0701,2.07,2.07,10776,2021-05-20 13:14:00,ARPO
2.07,2.08,2.07,2.07,10750,2021-05-20 13:16:00,ARPO
2.08,2.08,2.07,2.07,10926,2021-05-20 13:17:00,ARPO
2.07,2.07,2.06,2.06,2819,2021-05-20 13:18:00,ARPO
2.06,2.06,2.06,2.06,850,2021-05-20 13:19:00,ARPO
2.05,2.05,2.04,2.05,5906,2021-05-20 13:20:00,ARPO
2.04,2.05,2.04,2.05,213,2021-05-20 13:21:00,ARPO
2.05,2.07,2.05,2.05,9371,2021-05-20 13:22:00,ARPO
2.05,2.05,2.05,2.05,1621,2021-05-20 13:23:00,ARPO
2.06,2.06,2.06,2.06,1000,2021-05-20 13:24:00,ARPO
2.06,2.06,2.02,2.04,14489,2021-05-20 13:25:00,ARPO
2.03,2.04,2.03,2.04,800,2021-05-20 13:26:00,ARPO
2.04,2.04,2.01,2.02,15290,2021-05-20 13:27:00,ARPO
2.02,2.02,2.01,2.02,18123,2021-05-20 13:28:00,ARPO
2.03,2.03,2.0,2.0,35535,2021-05-20 13:29:00,ARPO
2.0,2.02,1.94,2.0096,329988,2021-05-20 13:30:00,ARPO
2.0099,2.086,2.0,2.08,125701,2021-05-20 13:31:00,ARPO
2.09,2.09,2.03,2.035,64383,2021-05-20 13:32:00,ARPO
2.0301,2.0301,1.9205,1.93,314355,2021-05-20 13:33:00,ARPO
1.925,2.01,1.92,2.0,265599,2021-05-20 13:34:00,ARPO
2.0005,2.0094,1.98,1.9899,66755,2021-05-20 13:35:00,ARPO
1.99,2.01,1.98,2.0,107500,2021-05-20 13:36:00,ARPO
1.99,1.995,1.93,1.94,122757,2021-05-20 13:37:00,ARPO
1.939,1.94,1.8913,1.899,189932,2021-05-20 13:38:00,ARPO
1.895,1.91,1.89,1.9,418611,2021-05-20 13:39:00,ARPO
1.89,1.9,1.86,1.865,226538,2021-05-20 13:40:00,ARPO
1.8601,1.91,1.86,1.8905,164358,2021-05-20 13:41:00,ARPO
1.895,1.9,1.89,1.8905,88393,2021-05-20 13:42:00,ARPO
1.9,1.9,1.8488,1.8488,156661,2021-05-20 13:43:00,ARPO
1.8499,1.86,1.84,1.86,98554,2021-05-20 13:44:00,ARPO
1.855,1.86,1.84,1.85,103047,2021-05-20 13:45:00,ARPO
1.845,1.9,1.843,1.89,390084,2021-05-20 13:46:00,ARPO
1.8809,1.9099,1.87,1.9,270256,2021-05-20 13:47:00,ARPO
1.9,1.9081,1.88,1.89,67544,2021-05-20 13:48:00,ARPO
1.895,1.9,1.88,1.8941,91378,2021-05-20 13:49:00,ARPO
1.895,1.91,1.895,1.905,118875,2021-05-20 13:50:00,ARPO
1.9005,1.905,1.88,1.8819,60448,2021-05-20 13:51:00,ARPO
1.885,1.89,1.88,1.8801,23530,2021-05-20 13:52:00,ARPO
1.8892,1.8892,1.88,1.885,19726,2021-05-20 13:53:00,ARPO
1.8817,1.89,1.88,1.88,23173,2021-05-20 13:54:00,ARPO
1.8897,1.89,1.88,1.8843,31075,2021-05-20 13:55:00,ARPO
1.8895,1.89,1.85,1.85,140289,2021-05-20 13:56:00,ARPO
1.85,1.86,1.83,1.84,99567,2021-05-20 13:57:00,ARPO
1.84,1.84,1.83,1.834,118447,2021-05-20 13:58:00,ARPO
1.83,1.84,1.82,1.83,115912,2021-05-20 13:59:00,ARPO
1.82,1.83,1.81,1.8108,174943,2021-05-20 14:00:00,ARPO
1.815,1.82,1.78,1.7883,239573,2021-05-20 14:01:00,ARPO
1.79,1.8,1.78,1.785,573171,2021-05-20 14:02:00,ARPO
1.7801,1.785,1.77,1.775,119089,2021-05-20 14:03:00,ARPO
1.77,1.79,1.77,1.78,219322,2021-05-20 14:04:00,ARPO
1.7801,1.8,1.78,1.7981,443794,2021-05-20 14:05:00,ARPO
1.798,1.825,1.79,1.8183,276418,2021-05-20 14:06:00,ARPO
1.8158,1.83,1.81,1.82,105368,2021-05-20 14:07:00,ARPO
1.8121,1.83,1.81,1.83,51705,2021-05-20 14:08:00,ARPO
1.8206,1.825,1.78,1.8144,199358,2021-05-20 14:09:00,ARPO
1.81,1.83,1.81,1.8218,125368,2021-05-20 14:10:00,ARPO
1.829,1.83,1.82,1.8299,41437,2021-05-20 14:11:00,ARPO
1.825,1.845,1.82,1.82,72835,2021-05-20 14:12:00,ARPO
1.8205,1.84,1.82,1.84,113865,2021-05-20 14:13:00,ARPO
1.84,1.84,1.8301,1.84,37792,2021-05-20 14:14:00,ARPO
1.84,1.85,1.83,1.84,63983,2021-05-20 14:15:00,ARPO
1.8415,1.85,1.83,1.83,75981,2021-05-20 14:16:00,ARPO
1.83,1.83,1.8201,1.8216,26017,2021-05-20 14:17:00,ARPO
1.82,1.83,1.8001,1.81,48826,2021-05-20 14:18:00,ARPO
1.8,1.83,1.795,1.82,103949,2021-05-20 14:19:00,ARPO
1.83,1.84,1.82,1.84,41241,2021-05-20 14:20:00,ARPO
1.835,1.84,1.83,1.83,12502,2021-05-20 14:21:00,ARPO
1.83,1.84,1.8,1.815,35712,2021-05-20 14:22:00,ARPO
1.812,1.82,1.81,1.8101,17692,2021-05-20 14:23:00,ARPO
1.8101,1.82,1.8101,1.82,21317,2021-05-20 14:24:00,ARPO
1.8101,1.83,1.8101,1.82,94677,2021-05-20 14:25:00,ARPO
1.8196,1.83,1.8154,1.8296,27400,2021-05-20 14:26:00,ARPO
1.8278,1.83,1.81,1.81,79526,2021-05-20 14:27:00,ARPO
1.81,1.82,1.805,1.815,10751,2021-05-20 14:28:00,ARPO
1.8189,1.82,1.8101,1.82,8885,2021-05-20 14:29:00,ARPO
1.82,1.82,1.8108,1.8195,12146,2021-05-20 14:30:00,ARPO
1.82,1.82,1.8195,1.82,4198,2021-05-20 14:31:00,ARPO
1.81,1.82,1.81,1.8195,4700,2021-05-20 14:32:00,ARPO
1.82,1.82,1.81,1.8196,29350,2021-05-20 14:33:00,ARPO
1.82,1.83,1.815,1.825,60988,2021-05-20 14:34:00,ARPO
1.83,1.84,1.8201,1.835,77779,2021-05-20 14:35:00,ARPO
1.84,1.85,1.83,1.8499,93718,2021-05-20 14:36:00,ARPO
1.8482,1.8482,1.82,1.8292,30214,2021-05-20 14:37:00,ARPO
1.83,1.84,1.825,1.8399,10479,2021-05-20 14:38:00,ARPO
1.84,1.85,1.8383,1.845,83593,2021-05-20 14:39:00,ARPO
1.85,1.85,1.842,1.842,38935,2021-05-20 14:40:00,ARPO
1.8439,1.85,1.8439,1.8499,34096,2021-05-20 14:41:00,ARPO
1.85,1.85,1.84,1.85,2666,2021-05-20 14:42:00,ARPO
1.85,1.87,1.85,1.87,69591,2021-05-20 14:43:00,ARPO
1.87,1.9,1.86,1.8782,169505,2021-05-20 14:44:00,ARPO
1.88,1.89,1.87,1.8701,54835,2021-05-20 14:45:00,ARPO
1.8783,1.88,1.85,1.86,51391,2021-05-20 14:46:00,ARPO
1.8688,1.88,1.8605,1.87,19552,2021-05-20 14:47:00,ARPO
1.8701,1.8701,1.86,1.87,13748,2021-05-20 14:48:00,ARPO
1.86,1.87,1.86,1.87,4345,2021-05-20 14:49:00,ARPO
1.861,1.87,1.86,1.8693,9509,2021-05-20 14:50:00,ARPO
1.86,1.87,1.86,1.87,5850,2021-05-20 14:51:00,ARPO
1.8697,1.87,1.865,1.8699,12841,2021-05-20 14:52:00,ARPO
1.865,1.87,1.86,1.865,7509,2021-05-20 14:53:00,ARPO
1.865,1.87,1.8601,1.87,8914,2021-05-20 14:54:00,ARPO
1.87,1.87,1.865,1.87,5411,2021-05-20 14:55:00,ARPO
1.8625,1.89,1.8625,1.89,41214,2021-05-20 14:56:00,ARPO
1.8801,1.9,1.8732,1.895,69690,2021-05-20 14:57:00,ARPO
1.89,1.9,1.8882,1.892,36884,2021-05-20 14:58:00,ARPO
1.9,1.9,1.89,1.9,74799,2021-05-20 14:59:00,ARPO
1.9,1.91,1.892,1.892,68218,2021-05-20 15:00:00,ARPO
1.9,1.9,1.85,1.86,72601,2021-05-20 15:01:00,ARPO
1.86,1.86,1.85,1.852,22909,2021-05-20 15:02:00,ARPO
1.85,1.88,1.85,1.87,98052,2021-05-20 15:03:00,ARPO
1.87,1.88,1.865,1.88,43657,2021-05-20 15:04:00,ARPO
1.8708,1.875,1.86,1.87,11889,2021-05-20 15:05:00,ARPO
1.87,1.87,1.8508,1.8575,14454,2021-05-20 15:06:00,ARPO
1.86,1.87,1.85,1.87,14562,2021-05-20 15:07:00,ARPO
1.87,1.87,1.8627,1.8639,4352,2021-05-20 15:08:00,ARPO
1.861,1.861,1.83,1.85,173243,2021-05-20 15:09:00,ARPO
1.84,1.8693,1.84,1.8613,54892,2021-05-20 15:10:00,ARPO
1.87,1.87,1.845,1.8475,10848,2021-05-20 15:11:00,ARPO
1.84,1.845,1.83,1.83,48661,2021-05-20 15:12:00,ARPO
1.838,1.85,1.835,1.845,28455,2021-05-20 15:13:00,ARPO
1.8401,1.85,1.84,1.84,9753,2021-05-20 15:14:00,ARPO
1.845,1.85,1.84,1.85,20589,2021-05-20 15:15:00,ARPO
1.8495,1.87,1.8495,1.87,64264,2021-05-20 15:16:00,ARPO
1.86,1.86,1.851,1.86,12050,2021-05-20 15:17:00,ARPO
1.8599,1.86,1.85,1.86,10287,2021-05-20 15:18:00,ARPO
1.86,1.86,1.855,1.86,1976,2021-05-20 15:19:00,ARPO
1.86,1.86,1.8597,1.86,2000,2021-05-20 15:20:00,ARPO
1.86,1.86,1.8501,1.86,2739,2021-05-20 15:21:00,ARPO
1.86,1.86,1.855,1.855,570,2021-05-20 15:22:00,ARPO
1.86,1.86,1.855,1.86,6438,2021-05-20 15:23:00,ARPO
1.86,1.88,1.86,1.88,110218,2021-05-20 15:24:00,ARPO
1.8799,1.89,1.87,1.88,55600,2021-05-20 15:25:00,ARPO
1.88,1.88,1.8711,1.88,22526,2021-05-20 15:26:00,ARPO
1.88,1.89,1.86,1.8601,84783,2021-05-20 15:27:00,ARPO
1.85,1.87,1.85,1.86,19850,2021-05-20 15:28:00,ARPO
1.87,1.87,1.865,1.87,1600,2021-05-20 15:29:00,ARPO
1.8601,1.87,1.86,1.865,3933,2021-05-20 15:30:00,ARPO
1.865,1.87,1.8601,1.8601,5493,2021-05-20 15:31:00,ARPO
1.8692,1.8692,1.8621,1.8621,1333,2021-05-20 15:32:00,ARPO
1.865,1.9,1.865,1.8999,145393,2021-05-20 15:33:00,ARPO
1.8997,1.9,1.88,1.8812,40726,2021-05-20 15:34:00,ARPO
1.89,1.89,1.8843,1.89,5378,2021-05-20 15:35:00,ARPO
1.885,1.8899,1.88,1.8899,4704,2021-05-20 15:36:00,ARPO
1.8801,1.89,1.8801,1.89,1700,2021-05-20 15:37:00,ARPO
1.885,1.89,1.8824,1.8899,7760,2021-05-20 15:38:00,ARPO
1.8897,1.9,1.8897,1.9,16700,2021-05-20 15:39:00,ARPO
1.9,1.9,1.89,1.89,24676,2021-05-20 15:40:00,ARPO
1.8908,1.9,1.8908,1.899,650,2021-05-20 15:41:00,ARPO
1.895,1.9,1.895,1.895,700,2021-05-20 15:42:00,ARPO
1.895,1.9,1.87,1.88,36243,2021-05-20 15:43:00,ARPO
1.88,1.88,1.88,1.88,700,2021-05-20 15:44:00,ARPO
1.8769,1.8769,1.8769,1.8769,200,2021-05-20 15:45:00,ARPO
1.875,1.88,1.875,1.8794,1570,2021-05-20 15:46:00,ARPO
1.88,1.88,1.8701,1.88,2665,2021-05-20 15:47:00,ARPO
1.87,1.87,1.87,1.87,200,2021-05-20 15:48:00,ARPO
1.88,1.88,1.87,1.88,3728,2021-05-20 15:49:00,ARPO
1.88,1.88,1.873,1.875,7027,2021-05-20 15:50:00,ARPO
1.875,1.88,1.875,1.8799,2219,2021-05-20 15:51:00,ARPO
1.875,1.88,1.8701,1.88,13007,2021-05-20 15:52:00,ARPO
1.88,1.88,1.87,1.8704,34017,2021-05-20 15:53:00,ARPO
1.87,1.87,1.86,1.865,47487,2021-05-20 15:54:00,ARPO
1.865,1.865,1.85,1.852,19147,2021-05-20 15:55:00,ARPO
1.8501,1.86,1.8501,1.8599,14963,2021-05-20 15:56:00,ARPO
1.8592,1.86,1.855,1.855,3083,2021-05-20 15:57:00,ARPO
1.8513,1.88,1.85,1.88,52998,2021-05-20 15:58:00,ARPO
1.8791,1.8791,1.865,1.87,14323,2021-05-20 15:59:00,ARPO
1.8699,1.87,1.8693,1.87,3446,2021-05-20 16:00:00,ARPO
1.87,1.87,1.8601,1.8601,567,2021-05-20 16:01:00,ARPO
1.8696,1.87,1.865,1.865,1785,2021-05-20 16:02:00,ARPO
1.8666,1.87,1.8601,1.87,800,2021-05-20 16:03:00,ARPO
1.8683,1.87,1.86,1.8619,16160,2021-05-20 16:04:00,ARPO
1.8688,1.8688,1.86,1.86,700,2021-05-20 16:05:00,ARPO
1.865,1.87,1.865,1.87,2700,2021-05-20 16:06:00,ARPO
1.865,1.865,1.8601,1.8601,200,2021-05-20 16:07:00,ARPO
1.8687,1.8687,1.8687,1.8687,100,2021-05-20 16:08:00,ARPO
1.8608,1.8608,1.8608,1.8608,405,2021-05-20 16:09:00,ARPO
1.8601,1.868,1.8601,1.865,2002,2021-05-20 16:10:00,ARPO
1.868,1.87,1.86,1.8688,883,2021-05-20 16:11:00,ARPO
1.8692,1.87,1.865,1.865,8220,2021-05-20 16:12:00,ARPO
1.87,1.87,1.87,1.87,820,2021-05-20 16:13:00,ARPO
1.87,1.87,1.87,1.87,1800,2021-05-20 16:14:00,ARPO
1.87,1.87,1.863,1.87,17076,2021-05-20 16:15:00,ARPO
1.8694,1.88,1.8617,1.88,18997,2021-05-20 16:16:00,ARPO
1.88,1.88,1.875,1.88,3339,2021-05-20 16:17:00,ARPO
1.88,1.88,1.8799,1.88,5486,2021-05-20 16:18:00,ARPO
1.89,1.9,1.8853,1.9,22288,2021-05-20 16:19:00,ARPO
1.9,1.91,1.895,1.9001,27520,2021-05-20 16:20:00,ARPO
1.91,1.91,1.9004,1.91,27676,2021-05-20 16:21:00,ARPO
1.91,1.91,1.9,1.905,2270,2021-05-20 16:22:00,ARPO
1.9,1.91,1.9,1.9099,23268,2021-05-20 16:23:00,ARPO
1.91,1.91,1.9,1.909,15464,2021-05-20 16:24:00,ARPO
1.905,1.92,1.905,1.9186,70407,2021-05-20 16:25:00,ARPO
1.9199,1.9199,1.88,1.89,79323,2021-05-20 16:26:00,ARPO
1.89,1.89,1.88,1.89,1709,2021-05-20 16:27:00,ARPO
1.89,1.89,1.885,1.89,3344,2021-05-20 16:28:00,ARPO
1.89,1.89,1.87,1.875,72165,2021-05-20 16:29:00,ARPO
1.88,1.88,1.87,1.8786,8364,2021-05-20 16:30:00,ARPO
1.875,1.88,1.875,1.8799,1699,2021-05-20 16:31:00,ARPO
1.88,1.88,1.8777,1.8777,500,2021-05-20 16:32:00,ARPO
1.88,1.88,1.8712,1.88,17639,2021-05-20 16:33:00,ARPO
1.88,1.88,1.87,1.8716,7500,2021-05-20 16:34:00,ARPO
1.88,1.88,1.8713,1.875,6733,2021-05-20 16:35:00,ARPO
1.8717,1.8717,1.87,1.87,689,2021-05-20 16:36:00,ARPO
1.87,1.88,1.87,1.88,300,2021-05-20 16:37:00,ARPO
1.875,1.88,1.87,1.8701,2943,2021-05-20 16:38:00,ARPO
1.88,1.88,1.86,1.87,48041,2021-05-20 16:39:00,ARPO
1.8681,1.87,1.86,1.8601,2021,2021-05-20 16:40:00,ARPO
1.8655,1.87,1.85,1.8509,57562,2021-05-20 16:41:00,ARPO
1.855,1.86,1.84,1.85,11100,2021-05-20 16:42:00,ARPO
1.845,1.85,1.84,1.845,3254,2021-05-20 16:43:00,ARPO
1.85,1.85,1.83,1.84,19717,2021-05-20 16:44:00,ARPO
1.84,1.84,1.83,1.84,16008,2021-05-20 16:45:00,ARPO
1.8401,1.85,1.8401,1.85,1100,2021-05-20 16:46:00,ARPO
1.8477,1.87,1.8477,1.86,23089,2021-05-20 16:47:00,ARPO
1.86,1.86,1.85,1.855,4203,2021-05-20 16:48:00,ARPO
1.8505,1.86,1.85,1.86,7294,2021-05-20 16:49:00,ARPO
1.85,1.85,1.845,1.85,21157,2021-05-20 16:50:00,ARPO
1.85,1.85,1.85,1.85,300,2021-05-20 16:51:00,ARPO
1.85,1.85,1.845,1.85,1335,2021-05-20 16:52:00,ARPO
1.8495,1.85,1.84,1.84,1700,2021-05-20 16:53:00,ARPO
1.85,1.85,1.845,1.85,5565,2021-05-20 16:54:00,ARPO
1.85,1.85,1.845,1.85,12937,2021-05-20 16:55:00,ARPO
1.8588,1.86,1.85,1.855,5641,2021-05-20 16:56:00,ARPO
1.86,1.86,1.855,1.86,5042,2021-05-20 16:57:00,ARPO
1.86,1.86,1.85,1.86,6493,2021-05-20 16:58:00,ARPO
1.86,1.87,1.86,1.8607,2237,2021-05-20 16:59:00,ARPO
1.87,1.87,1.86,1.865,10553,2021-05-20 17:00:00,ARPO
1.865,1.87,1.86,1.865,12813,2021-05-20 17:01:00,ARPO
1.8636,1.87,1.86,1.865,89400,2021-05-20 17:02:00,ARPO
1.87,1.87,1.865,1.865,100339,2021-05-20 17:03:00,ARPO
1.87,1.87,1.865,1.865,52622,2021-05-20 17:04:00,ARPO
1.865,1.88,1.8601,1.8701,363390,2021-05-20 17:05:00,ARPO
1.8705,1.88,1.87,1.88,9950,2021-05-20 17:06:00,ARPO
1.88,1.88,1.8723,1.88,2500,2021-05-20 17:07:00,ARPO
1.88,1.89,1.8777,1.8821,40343,2021-05-20 17:08:00,ARPO
1.89,1.89,1.885,1.89,13323,2021-05-20 17:09:00,ARPO
1.89,1.89,1.8801,1.885,5254,2021-05-20 17:10:00,ARPO
1.885,1.89,1.885,1.8887,1500,2021-05-20 17:11:00,ARPO
1.89,1.89,1.89,1.89,100,2021-05-20 17:12:00,ARPO
1.89,1.89,1.88,1.89,10640,2021-05-20 17:13:00,ARPO
1.89,1.89,1.8887,1.89,1216,2021-05-20 17:14:00,ARPO
1.8871,1.89,1.885,1.8878,1968,2021-05-20 17:15:00,ARPO
1.89,1.89,1.89,1.89,3500,2021-05-20 17:16:00,ARPO
1.89,1.9,1.885,1.8999,49120,2021-05-20 17:17:00,ARPO
1.9,1.92,1.9,1.92,47999,2021-05-20 17:18:00,ARPO
1.92,1.92,1.915,1.92,10630,2021-05-20 17:19:00,ARPO
1.92,1.94,1.92,1.94,63665,2021-05-20 17:20:00,ARPO
1.93,1.93,1.92,1.92,6433,2021-05-20 17:21:00,ARPO
1.93,1.93,1.905,1.905,27807,2021-05-20 17:22:00,ARPO
1.905,1.91,1.905,1.91,12174,2021-05-20 17:23:00,ARPO
1.91,1.91,1.9014,1.908,4925,2021-05-20 17:24:00,ARPO
1.905,1.92,1.905,1.92,15032,2021-05-20 17:25:00,ARPO
1.92,1.92,1.915,1.915,2700,2021-05-20 17:26:00,ARPO
1.9191,1.9191,1.915,1.915,3600,2021-05-20 17:27:00,ARPO
1.9175,1.92,1.9175,1.92,656,2021-05-20 17:28:00,ARPO
1.9199,1.92,1.9199,1.92,4380,2021-05-20 17:29:00,ARPO
1.9144,1.915,1.91,1.91,17157,2021-05-20 17:30:00,ARPO
1.915,1.92,1.89,1.89,36499,2021-05-20 17:31:00,ARPO
1.89,1.9,1.89,1.895,7141,2021-05-20 17:32:00,ARPO
1.895,1.9,1.87,1.88,54251,2021-05-20 17:33:00,ARPO
1.8793,1.89,1.8779,1.8875,7640,2021-05-20 17:34:00,ARPO
1.89,1.89,1.885,1.89,7449,2021-05-20 17:35:00,ARPO
1.89,1.89,1.89,1.89,100,2021-05-20 17:36:00,ARPO
1.8893,1.89,1.885,1.89,3199,2021-05-20 17:37:00,ARPO
1.8895,1.89,1.8895,1.89,929,2021-05-20 17:38:00,ARPO
1.89,1.9,1.89,1.899,8009,2021-05-20 17:39:00,ARPO
1.8914,1.9094,1.8901,1.905,20537,2021-05-20 17:40:00,ARPO
1.91,1.91,1.901,1.905,2169,2021-05-20 17:41:00,ARPO
1.91,1.91,1.905,1.905,3000,2021-05-20 17:42:00,ARPO
1.905,1.91,1.905,1.905,5100,2021-05-20 17:43:00,ARPO
1.9,1.91,1.9,1.905,11776,2021-05-20 17:44:00,ARPO
1.9,1.91,1.9,1.91,7600,2021-05-20 17:46:00,ARPO
1.91,1.91,1.905,1.905,559,2021-05-20 17:47:00,ARPO
1.905,1.91,1.905,1.91,1100,2021-05-20 17:48:00,ARPO
1.9092,1.91,1.9,1.91,2500,2021-05-20 17:49:00,ARPO
1.91,1.92,1.91,1.92,5662,2021-05-20 17:50:00,ARPO
1.92,1.92,1.9179,1.9185,2843,2021-05-20 17:51:00,ARPO
1.9178,1.9178,1.91,1.91,4416,2021-05-20 17:52:00,ARPO
1.91,1.91,1.905,1.91,3400,2021-05-20 17:53:00,ARPO
1.91,1.91,1.91,1.91,3200,2021-05-20 17:54:00,ARPO
1.91,1.91,1.905,1.9095,11200,2021-05-20 17:55:00,ARPO
1.905,1.91,1.905,1.9093,3465,2021-05-20 17:56:00,ARPO
1.91,1.91,1.905,1.905,1156,2021-05-20 17:57:00,ARPO
1.905,1.91,1.905,1.9097,3391,2021-05-20 17:58:00,ARPO
1.905,1.91,1.905,1.91,3093,2021-05-20 17:59:00,ARPO
1.92,1.92,1.91,1.92,7880,2021-05-20 18:00:00,ARPO
1.915,1.92,1.91,1.92,989,2021-05-20 18:01:00,ARPO
1.92,1.92,1.92,1.92,935,2021-05-20 18:02:00,ARPO
1.92,1.92,1.92,1.92,2100,2021-05-20 18:03:00,ARPO
1.9104,1.92,1.9104,1.9186,2000,2021-05-20 18:04:00,ARPO
1.92,1.92,1.915,1.92,839,2021-05-20 18:05:00,ARPO
1.9101,1.92,1.9101,1.9117,2050,2021-05-20 18:06:00,ARPO
1.915,1.92,1.9119,1.92,2154,2021-05-20 18:07:00,ARPO
1.91,1.92,1.91,1.92,2745,2021-05-20 18:08:00,ARPO
1.92,1.92,1.915,1.92,24917,2021-05-20 18:09:00,ARPO
1.9116,1.92,1.9116,1.92,1169,2021-05-20 18:10:00,ARPO
1.915,1.92,1.911,1.92,1439,2021-05-20 18:11:00,ARPO
1.92,1.92,1.92,1.92,1300,2021-05-20 18:12:00,ARPO
1.92,1.92,1.915,1.92,739,2021-05-20 18:13:00,ARPO
1.916,1.92,1.916,1.92,1262,2021-05-20 18:14:00,ARPO
1.92,1.92,1.9199,1.92,1400,2021-05-20 18:15:00,ARPO
1.92,1.92,1.92,1.92,1350,2021-05-20 18:16:00,ARPO
1.92,1.92,1.91,1.91,3758,2021-05-20 18:17:00,ARPO
1.92,1.92,1.91,1.9198,14202,2021-05-20 18:18:00,ARPO
1.92,1.92,1.92,1.92,650,2021-05-20 18:19:00,ARPO
1.92,1.92,1.91,1.92,14038,2021-05-20 18:20:00,ARPO
1.92,1.93,1.92,1.925,21524,2021-05-20 18:21:00,ARPO
1.93,1.95,1.93,1.95,68267,2021-05-20 18:22:00,ARPO
1.9499,1.95,1.9499,1.95,4400,2021-05-20 18:23:00,ARPO
1.9499,1.98,1.9499,1.975,59943,2021-05-20 18:24:00,ARPO
1.98,1.99,1.97,1.9701,66318,2021-05-20 18:25:00,ARPO
1.98,2.01,1.975,2.0099,261653,2021-05-20 18:26:00,ARPO
2.0001,2.01,1.98,1.99,45554,2021-05-20 18:27:00,ARPO
1.99,1.99,1.9608,1.97,57939,2021-05-20 18:28:00,ARPO
1.98,1.98,1.96,1.97,14873,2021-05-20 18:29:00,ARPO
1.97,1.97,1.93,1.95,57989,2021-05-20 18:30:00,ARPO
1.95,1.95,1.94,1.94,19850,2021-05-20 18:31:00,ARPO
1.935,1.935,1.91,1.925,69747,2021-05-20 18:32:00,ARPO
1.92,1.93,1.92,1.93,16856,2021-05-20 18:33:00,ARPO
1.925,1.93,1.92,1.93,12830,2021-05-20 18:34:00,ARPO
1.9224,1.94,1.9214,1.9314,18473,2021-05-20 18:35:00,ARPO
1.94,1.94,1.93,1.9392,5252,2021-05-20 18:36:00,ARPO
1.94,1.95,1.94,1.9499,33339,2021-05-20 18:37:00,ARPO
1.95,1.97,1.943,1.9699,60881,2021-05-20 18:38:00,ARPO
1.97,1.97,1.9642,1.9699,9382,2021-05-20 18:39:00,ARPO
1.9644,1.97,1.955,1.955,15476,2021-05-20 18:40:00,ARPO
1.96,1.98,1.96,1.98,65689,2021-05-20 18:41:00,ARPO
1.985,1.99,1.985,1.99,235611,2021-05-20 18:42:00,ARPO
1.99,2.01,1.99,1.995,38020,2021-05-20 18:43:00,ARPO
1.9994,2.01,1.995,2.01,27315,2021-05-20 18:44:00,ARPO
2.01,2.02,2.01,2.0199,17212,2021-05-20 18:45:00,ARPO
2.015,2.02,2.0113,2.0199,9803,2021-05-20 18:46:00,ARPO
2.0199,2.0199,2.0,2.0,50193,2021-05-20 18:47:00,ARPO
2.005,2.01,2.0001,2.0099,5973,2021-05-20 18:48:00,ARPO
2.01,2.01,2.01,2.01,1200,2021-05-20 18:49:00,ARPO
2.01,2.01,2.0,2.005,15208,2021-05-20 18:50:00,ARPO
2.01,2.02,2.01,2.02,17311,2021-05-20 18:51:00,ARPO
2.02,2.04,2.02,2.0362,47516,2021-05-20 18:52:00,ARPO
2.0394,2.06,2.0301,2.06,68061,2021-05-20 18:53:00,ARPO
2.055,2.06,2.05,2.06,40686,2021-05-20 18:54:00,ARPO
2.055,2.06,2.05,2.0506,32567,2021-05-20 18:55:00,ARPO
2.06,2.06,2.035,2.0396,31319,2021-05-20 18:56:00,ARPO
2.04,2.0499,2.03,2.0357,31200,2021-05-20 18:57:00,ARPO
2.035,2.04,2.0304,2.04,14799,2021-05-20 18:58:00,ARPO
2.0355,2.04,2.03,2.03,25801,2021-05-20 18:59:00,ARPO
2.03,2.04,2.03,2.035,6074,2021-05-20 19:00:00,ARPO
2.035,2.05,2.035,2.05,36928,2021-05-20 19:01:00,ARPO
2.05,2.09,2.05,2.09,148248,2021-05-20 19:02:00,ARPO
2.09,2.09,2.05,2.06,43859,2021-05-20 19:03:00,ARPO
2.0501,2.07,2.05,2.07,19687,2021-05-20 19:04:00,ARPO
2.063,2.07,2.05,2.055,16477,2021-05-20 19:05:00,ARPO
2.05,2.06,2.05,2.055,5900,2021-05-20 19:06:00,ARPO
2.0501,2.055,2.04,2.05,30694,2021-05-20 19:07:00,ARPO
2.045,2.045,2.035,2.0362,9862,2021-05-20 19:08:00,ARPO
2.04,2.05,2.04,2.045,9167,2021-05-20 19:09:00,ARPO
2.05,2.07,2.05,2.07,18806,2021-05-20 19:10:00,ARPO
2.065,2.07,2.05,2.06,13439,2021-05-20 19:11:00,ARPO
2.06,2.06,2.05,2.055,3628,2021-05-20 19:12:00,ARPO
2.051,2.06,2.0501,2.06,11625,2021-05-20 19:13:00,ARPO
2.05,2.07,2.05,2.06,8979,2021-05-20 19:14:00,ARPO
2.07,2.07,2.06,2.07,11826,2021-05-20 19:15:00,ARPO
2.07,2.07,2.065,2.07,5050,2021-05-20 19:16:00,ARPO
2.07,2.0786,2.0606,2.0786,14425,2021-05-20 19:17:00,ARPO
2.0701,2.08,2.07,2.075,16243,2021-05-20 19:18:00,ARPO
2.0704,2.1,2.07,2.085,75261,2021-05-20 19:19:00,ARPO
2.09,2.11,2.09,2.105,69028,2021-05-20 19:20:00,ARPO
2.105,2.105,2.09,2.095,19931,2021-05-20 19:21:00,ARPO
2.095,2.1,2.09,2.092,33008,2021-05-20 19:22:00,ARPO
2.1,2.1,2.0901,2.1,30738,2021-05-20 19:23:00,ARPO
2.0995,2.1,2.0901,2.0909,9804,2021-05-20 19:24:00,ARPO
2.0911,2.11,2.0911,2.105,54076,2021-05-20 19:25:00,ARPO
2.105,2.11,2.105,2.11,13071,2021-05-20 19:26:00,ARPO
2.105,2.11,2.1,2.105,9548,2021-05-20 19:27:00,ARPO
2.11,2.11,2.08,2.09,45068,2021-05-20 19:28:00,ARPO
2.08,2.0875,2.07,2.08,27324,2021-05-20 19:29:00,ARPO
2.075,2.08,2.07,2.08,32830,2021-05-20 19:30:00,ARPO
2.0714,2.075,2.04,2.04,67279,2021-05-20 19:31:00,ARPO
2.0401,2.05,2.0401,2.0499,3921,2021-05-20 19:32:00,ARPO
2.04,2.07,2.04,2.069,58350,2021-05-20 19:33:00,ARPO
2.065,2.07,2.065,2.07,23955,2021-05-20 19:34:00,ARPO
2.07,2.077,2.06,2.07,64262,2021-05-20 19:35:00,ARPO
2.065,2.079,2.065,2.0701,12909,2021-05-20 19:36:00,ARPO
2.0701,2.08,2.0605,2.0699,60262,2021-05-20 19:37:00,ARPO
2.07,2.07,2.04,2.045,34833,2021-05-20 19:38:00,ARPO
2.04,2.05,2.04,2.05,13469,2021-05-20 19:39:00,ARPO
2.0417,2.05,2.0417,2.05,1900,2021-05-20 19:40:00,ARPO
2.045,2.05,2.0208,2.025,40947,2021-05-20 19:41:00,ARPO
2.0299,2.03,2.02,2.025,23434,2021-05-20 19:42:00,ARPO
2.025,2.03,2.02,2.025,15712,2021-05-20 19:43:00,ARPO
2.0201,2.025,2.02,2.0201,7130,2021-05-20 19:44:00,ARPO
2.02,2.03,2.02,2.03,13121,2021-05-20 19:45:00,ARPO
2.035,2.04,2.0301,2.035,19030,2021-05-20 19:46:00,ARPO
2.035,2.04,2.0301,2.0394,5355,2021-05-20 19:47:00,ARPO
2.035,2.04,2.0321,2.035,12963,2021-05-20 19:48:00,ARPO
2.04,2.05,2.035,2.05,17409,2021-05-20 19:49:00,ARPO
2.0494,2.05,2.04,2.045,13382,2021-05-20 19:50:00,ARPO
2.05,2.05,2.02,2.03,36794,2021-05-20 19:51:00,ARPO
2.02,2.05,2.02,2.045,30155,2021-05-20 19:52:00,ARPO
2.045,2.05,2.025,2.025,21894,2021-05-20 19:53:00,ARPO
2.03,2.04,2.0295,2.03,46515,2021-05-20 19:54:00,ARPO
2.04,2.045,2.03,2.04,31075,2021-05-20 19:55:00,ARPO
2.04,2.06,2.035,2.06,45004,2021-05-20 19:56:00,ARPO
2.055,2.08,2.055,2.07,58118,2021-05-20 19:57:00,ARPO
2.075,2.08,2.07,2.075,42031,2021-05-20 19:58:00,ARPO
2.07,2.08,2.05,2.05,62635,2021-05-20 19:59:00,ARPO
2.05,2.05,2.0,2.0,17114,2021-05-20 20:00:00,ARPO
1.99,1.99,1.99,1.99,150,2021-05-20 20:01:00,ARPO
2.01,2.01,2.01,2.01,300,2021-05-20 20:02:00,ARPO
2.0101,2.0101,2.0101,2.0101,500,2021-05-20 20:05:00,ARPO
2.01,2.01,2.01,2.01,220,2021-05-20 20:18:00,ARPO
2.01,2.01,2.01,2.01,266,2021-05-20 20:19:00,ARPO
2.01,2.01,2.01,2.01,100,2021-05-20 20:20:00,ARPO
2.0101,2.0101,2.0101,2.0101,100,2021-05-20 20:22:00,ARPO
2.01,2.01,2.01,2.01,7400,2021-05-20 20:23:00,ARPO
2.0101,2.0101,2.0101,2.0101,100,2021-05-20 20:24:00,ARPO
2.01,2.01,2.01,2.01,305,2021-05-20 20:25:00,ARPO
2.0101,2.0101,2.01,2.01,200,2021-05-20 20:26:00,ARPO
2.01,2.0101,2.01,2.0101,450,2021-05-20 20:27:00,ARPO
2.0101,2.0101,2.0101,2.0101,100,2021-05-20 20:28:00,ARPO
2.01,2.01,2.01,2.01,4700,2021-05-20 20:29:00,ARPO
2.0199,2.0199,2.0199,2.0199,245,2021-05-20 20:30:00,ARPO
2.0101,2.0101,2.01,2.01,494,2021-05-20 20:31:00,ARPO
2.0101,2.0101,2.0101,2.0101,100,2021-05-20 20:32:00,ARPO
2.01,2.01,2.01,2.01,154,2021-05-20 20:37:00,ARPO
2.0101,2.0101,2.0101,2.0101,300,2021-05-20 20:38:00,ARPO
2.02,2.02,2.02,2.02,500,2021-05-20 20:39:00,ARPO
2.01,2.01,2.01,2.01,611,2021-05-20 20:40:00,ARPO
2.0101,2.0101,2.0101,2.0101,1000,2021-05-20 20:41:00,ARPO
2.01,2.01,2.01,2.01,3843,2021-05-20 20:42:00,ARPO
1.99,1.99,1.99,1.99,1984,2021-05-20 20:45:00,ARPO
2.01,2.01,2.01,2.01,2095,2021-05-20 20:48:00,ARPO
2.01,2.01,2.01,2.01,250,2021-05-20 20:50:00,ARPO
2.01,2.01,1.99,1.99,4947,2021-05-20 20:52:00,ARPO
1.98,1.98,1.98,1.98,150,2021-05-20 20:56:00,ARPO
1.98,1.98,1.98,1.98,5000,2021-05-20 21:02:00,ARPO
2.02,2.02,2.02,2.02,1961,2021-05-20 21:07:00,ARPO
2.02,2.03,2.02,2.03,3739,2021-05-20 21:09:00,ARPO
2.04,2.04,2.04,2.04,781,2021-05-20 21:11:00,ARPO
1.99,1.99,1.99,1.99,320,2021-05-20 21:27:00,ARPO
2.0,2.0,1.99,1.99,500,2021-05-20 21:35:00,ARPO
1.99,1.99,1.99,1.99,400,2021-05-20 21:37:00,ARPO
1.99,1.99,1.99,1.99,454,2021-05-20 21:43:00,ARPO
1.99,1.99,1.99,1.99,328,2021-05-20 21:46:00,ARPO
1.99,1.99,1.99,1.99,500,2021-05-20 21:48:00,ARPO
2.0001,2.0001,2.0001,2.0001,100,2021-05-20 21:53:00,ARPO
2.01,2.01,2.01,2.01,100,2021-05-20 21:55:00,ARPO
2.01,2.01,2.01,2.01,400,2021-05-20 21:56:00,ARPO
1.99,1.99,1.99,1.99,1078,2021-05-20 22:10:00,ARPO
1.98,1.98,1.98,1.98,2500,2021-05-20 22:16:00,ARPO
1.99,1.99,1.99,1.99,1410,2021-05-20 22:17:00,ARPO
1.99,1.99,1.99,1.99,532,2021-05-20 22:22:00,ARPO
2.03,2.03,2.03,2.03,499,2021-05-20 22:42:00,ARPO
2.03,2.03,2.03,2.03,132,2021-05-20 22:48:00,ARPO
2.03,2.03,2.03,2.03,300,2021-05-20 22:51:00,ARPO
2.03,2.03,2.03,2.03,1000,2021-05-20 23:03:00,ARPO
2.03,2.03,2.03,2.03,100,2021-05-20 23:08:00,ARPO
2.02,2.02,2.02,2.02,100,2021-05-20 23:29:00,ARPO
1.99,1.99,1.99,1.99,1063,2021-05-20 23:33:00,ARPO
1.97,1.97,1.97,1.97,244,2021-05-21 08:04:00,ARPO
1.97,1.97,1.97,1.97,300,2021-05-21 08:14:00,ARPO
1.9,1.9,1.9,1.9,200,2021-05-21 08:22:00,ARPO
1.88,1.97,1.88,1.97,302,2021-05-21 08:23:00,ARPO
1.9,1.9,1.9,1.9,298,2021-05-21 08:24:00,ARPO
1.97,1.97,1.97,1.97,151,2021-05-21 09:05:00,ARPO
1.92,1.92,1.92,1.92,200,2021-05-21 09:18:00,ARPO
1.93,1.93,1.93,1.93,264,2021-05-21 09:25:00,ARPO
1.92,1.92,1.92,1.92,196,2021-05-21 09:30:00,ARPO
1.92,1.92,1.92,1.92,942,2021-05-21 09:33:00,ARPO
1.97,1.97,1.97,1.97,135,2021-05-21 09:53:00,ARPO
1.97,1.97,1.97,1.97,171,2021-05-21 10:21:00,ARPO
1.96,1.96,1.96,1.96,527,2021-05-21 10:38:00,ARPO
1.96,1.96,1.96,1.96,134,2021-05-21 10:46:00,ARPO
1.96,1.96,1.96,1.96,339,2021-05-21 10:48:00,ARPO
1.96,1.96,1.96,1.96,451,2021-05-21 10:50:00,ARPO
1.97,1.97,1.97,1.97,4209,2021-05-21 10:51:00,ARPO
1.97,1.97,1.97,1.97,499,2021-05-21 11:03:00,ARPO
1.96,1.96,1.96,1.96,765,2021-05-21 11:05:00,ARPO
2.04,2.04,2.04,2.04,300,2021-05-21 11:17:00,ARPO
1.99,1.99,1.99,1.99,100,2021-05-21 11:24:00,ARPO
2.0,2.0,2.0,2.0,625,2021-05-21 11:25:00,ARPO
2.0,2.0,2.0,2.0,199,2021-05-21 11:26:00,ARPO
2.04,2.04,2.04,2.04,600,2021-05-21 11:28:00,ARPO
2.04,2.04,2.04,2.04,3564,2021-05-21 11:29:00,ARPO
2.01,2.01,2.01,2.01,2000,2021-05-21 11:51:00,ARPO
2.01,2.01,2.0,2.0,589,2021-05-21 11:53:00,ARPO
2.01,2.01,2.01,2.01,300,2021-05-21 12:00:00,ARPO
2.01,2.01,2.01,2.01,400,2021-05-21 12:02:00,ARPO
2.0001,2.0001,2.0001,2.0001,200,2021-05-21 12:11:00,ARPO
2.0001,2.0001,2.0001,2.0001,100,2021-05-21 12:14:00,ARPO
2.0001,2.0001,2.0001,2.0001,700,2021-05-21 12:15:00,ARPO
2.01,2.01,2.01,2.01,124,2021-05-21 12:17:00,ARPO
1.99,1.99,1.99,1.99,100,2021-05-21 12:28:00,ARPO
1.98,1.99,1.98,1.99,704,2021-05-21 13:01:00,ARPO
1.97,1.97,1.97,1.97,219,2021-05-21 13:04:00,ARPO
1.99,1.99,1.99,1.99,300,2021-05-21 13:07:00,ARPO
1.99,1.99,1.99,1.99,200,2021-05-21 13:09:00,ARPO
1.99,1.99,1.99,1.99,100,2021-05-21 13:10:00,ARPO
1.99,1.99,1.99,1.99,1300,2021-05-21 13:11:00,ARPO
2.0,2.0,2.0,2.0,2494,2021-05-21 13:12:00,ARPO
2.0,2.0,2.0,2.0,2000,2021-05-21 13:14:00,ARPO
2.0,2.0,2.0,2.0,2000,2021-05-21 13:15:00,ARPO
2.0,2.0,2.0,2.0,2000,2021-05-21 13:16:00,ARPO
2.0,2.0,2.0,2.0,2000,2021-05-21 13:18:00,ARPO
2.0,2.01,2.0,2.01,953,2021-05-21 13:19:00,ARPO
1.99,1.99,1.99,1.99,4600,2021-05-21 13:24:00,ARPO
1.97,1.97,1.97,1.97,100,2021-05-21 13:27:00,ARPO
1.99,1.99,1.97,1.972,23326,2021-05-21 13:30:00,ARPO
1.99,1.99,1.99,1.99,600,2021-05-21 13:31:00,ARPO
1.98,1.98,1.95,1.95,5596,2021-05-21 13:32:00,ARPO
1.9401,1.97,1.9401,1.965,9881,2021-05-21 13:33:00,ARPO
1.965,1.992,1.965,1.99,35666,2021-05-21 13:34:00,ARPO
1.99,2.0,1.985,2.0,13741,2021-05-21 13:35:00,ARPO
2.005,2.02,1.9996,2.015,22168,2021-05-21 13:36:00,ARPO
2.02,2.0383,2.0155,2.025,26846,2021-05-21 13:37:00,ARPO
2.0293,2.04,2.025,2.035,19599,2021-05-21 13:38:00,ARPO
2.035,2.035,2.0204,2.0295,6403,2021-05-21 13:39:00,ARPO
2.03,2.05,2.025,2.0395,15242,2021-05-21 13:40:00,ARPO
2.0399,2.05,2.0399,2.05,9927,2021-05-21 13:41:00,ARPO
2.045,2.09,2.045,2.0602,76265,2021-05-21 13:42:00,ARPO
2.0691,2.07,2.0484,2.07,47540,2021-05-21 13:43:00,ARPO
2.07,2.08,2.065,2.075,14978,2021-05-21 13:44:00,ARPO
2.0701,2.11,2.07,2.11,42377,2021-05-21 13:45:00,ARPO
2.11,2.15,2.11,2.145,80449,2021-05-21 13:46:00,ARPO
2.15,2.19,2.14,2.1504,158950,2021-05-21 13:47:00,ARPO
2.1599,2.1599,2.07,2.11,104409,2021-05-21 13:48:00,ARPO
2.105,2.13,2.1001,2.1201,29176,2021-05-21 13:49:00,ARPO
2.12,2.12,2.07,2.085,59363,2021-05-21 13:50:00,ARPO
2.085,2.085,2.07,2.07,12397,2021-05-21 13:51:00,ARPO
2.0707,2.08,2.07,2.0708,3440,2021-05-21 13:52:00,ARPO
2.0781,2.08,2.075,2.075,1428,2021-05-21 13:53:00,ARPO
2.0799,2.09,2.075,2.085,10519,2021-05-21 13:54:00,ARPO
2.084,2.0901,2.0801,2.0901,10324,2021-05-21 13:55:00,ARPO
2.1,2.1,2.08,2.081,4911,2021-05-21 13:56:00,ARPO
2.0801,2.1195,2.0801,2.115,39727,2021-05-21 13:57:00,ARPO
2.113,2.1286,2.11,2.12,16581,2021-05-21 13:58:00,ARPO
2.116,2.15,2.115,2.15,91560,2021-05-21 13:59:00,ARPO
2.14,2.15,2.14,2.1484,44583,2021-05-21 14:00:00,ARPO
2.145,2.148,2.14,2.1406,3854,2021-05-21 14:01:00,ARPO
2.15,2.15,2.1401,2.15,2500,2021-05-21 14:02:00,ARPO
2.145,2.15,2.13,2.14,10131,2021-05-21 14:03:00,ARPO
2.1301,2.15,2.13,2.15,47741,2021-05-21 14:04:00,ARPO
2.1499,2.15,2.13,2.135,20376,2021-05-21 14:05:00,ARPO
2.135,2.1398,2.1301,2.1321,8380,2021-05-21 14:06:00,ARPO
2.13,2.13,2.11,2.1101,12113,2021-05-21 14:07:00,ARPO
2.12,2.13,2.115,2.13,7190,2021-05-21 14:08:00,ARPO
2.13,2.13,2.125,2.125,4206,2021-05-21 14:09:00,ARPO
2.1201,2.1252,2.1201,2.125,4400,2021-05-21 14:10:00,ARPO
2.125,2.1291,2.1201,2.1291,1968,2021-05-21 14:11:00,ARPO
2.129,2.14,2.125,2.1399,34460,2021-05-21 14:12:00,ARPO
2.135,2.14,2.13,2.1379,59008,2021-05-21 14:13:00,ARPO
2.14,2.14,2.13,2.1353,9032,2021-05-21 14:14:00,ARPO
2.1308,2.1399,2.1308,2.1392,4300,2021-05-21 14:15:00,ARPO
2.13,2.14,2.13,2.14,1825,2021-05-21 14:16:00,ARPO
2.13,2.14,2.13,2.13,3195,2021-05-21 14:17:00,ARPO
2.13,2.14,2.13,2.14,1458,2021-05-21 14:18:00,ARPO
2.1382,2.14,2.13,2.1302,7314,2021-05-21 14:19:00,ARPO
2.135,2.14,2.11,2.1197,11327,2021-05-21 14:20:00,ARPO
2.12,2.13,2.1175,2.13,8120,2021-05-21 14:21:00,ARPO
2.135,2.155,2.1317,2.1407,34751,2021-05-21 14:22:00,ARPO
2.145,2.15,2.1401,2.15,7350,2021-05-21 14:23:00,ARPO
2.15,2.1599,2.14,2.145,19368,2021-05-21 14:24:00,ARPO
2.15,2.15,2.1401,2.15,8451,2021-05-21 14:25:00,ARPO
2.1488,2.15,2.145,2.145,700,2021-05-21 14:26:00,ARPO
2.14,2.15,2.14,2.145,7938,2021-05-21 14:27:00,ARPO
2.1405,2.15,2.1405,2.145,9700,2021-05-21 14:28:00,ARPO
2.15,2.15,2.14,2.15,12699,2021-05-21 14:29:00,ARPO
2.15,2.15,2.1401,2.1401,5126,2021-05-21 14:30:00,ARPO
2.145,2.18,2.145,2.1601,81761,2021-05-21 14:31:00,ARPO
2.165,2.17,2.16,2.165,25200,2021-05-21 14:32:00,ARPO
2.165,2.19,2.165,2.19,96550,2021-05-21 14:33:00,ARPO
2.1887,2.19,2.18,2.1809,36119,2021-05-21 14:34:00,ARPO
2.187,2.19,2.15,2.1505,41827,2021-05-21 14:35:00,ARPO
2.1599,2.16,2.15,2.155,4262,2021-05-21 14:36:00,ARPO
2.15,2.155,2.15,2.1505,3562,2021-05-21 14:37:00,ARPO
2.1501,2.155,2.15,2.155,52500,2021-05-21 14:38:00,ARPO
2.1597,2.16,2.152,2.152,19000,2021-05-21 14:39:00,ARPO
2.16,2.16,2.155,2.16,107315,2021-05-21 14:40:00,ARPO
2.1504,2.16,2.145,2.16,16741,2021-05-21 14:41:00,ARPO
2.155,2.17,2.155,2.1635,4000,2021-05-21 14:42:00,ARPO
2.16,2.18,2.16,2.18,2300,2021-05-21 14:43:00,ARPO
2.175,2.19,2.175,2.19,39130,2021-05-21 14:44:00,ARPO
2.185,2.19,2.18,2.19,13621,2021-05-21 14:45:00,ARPO
2.185,2.2,2.1812,2.1999,39525,2021-05-21 14:46:00,ARPO
2.1999,2.25,2.195,2.2497,284343,2021-05-21 14:47:00,ARPO
2.25,2.26,2.23,2.2381,64911,2021-05-21 14:48:00,ARPO
2.2301,2.27,2.23,2.2332,165950,2021-05-21 14:49:00,ARPO
2.2399,2.25,2.23,2.24,54814,2021-05-21 14:50:00,ARPO
2.24,2.249,2.24,2.24,11634,2021-05-21 14:51:00,ARPO
2.2409,2.27,2.24,2.2562,64204,2021-05-21 14:52:00,ARPO
2.26,2.28,2.25,2.27,97541,2021-05-21 14:53:00,ARPO
2.2699,2.3,2.2699,2.295,88825,2021-05-21 14:54:00,ARPO
2.2978,2.3,2.27,2.3,106228,2021-05-21 14:55:00,ARPO
2.2999,2.43,2.2999,2.4241,365749,2021-05-21 14:56:00,ARPO
2.43,2.43,2.38,2.38,139682,2021-05-21 14:57:00,ARPO
2.385,2.49,2.38,2.4701,255351,2021-05-21 14:58:00,ARPO
2.48,2.4997,2.44,2.44,214254,2021-05-21 14:59:00,ARPO
2.45,2.45,2.42,2.4274,68075,2021-05-21 15:00:00,ARPO
2.41,2.49,2.41,2.465,168977,2021-05-21 15:01:00,ARPO
2.47,2.48,2.4405,2.4486,89113,2021-05-21 15:02:00,ARPO
2.442,2.45,2.41,2.445,125071,2021-05-21 15:03:00,ARPO
2.4401,2.45,2.39,2.3901,77987,2021-05-21 15:04:00,ARPO
2.3928,2.405,2.385,2.391,114897,2021-05-21 15:05:00,ARPO
2.395,2.405,2.371,2.38,89939,2021-05-21 15:06:00,ARPO
2.3701,2.4,2.35,2.3982,137056,2021-05-21 15:07:00,ARPO
2.391,2.4,2.35,2.355,78054,2021-05-21 15:08:00,ARPO
2.3508,2.37,2.3508,2.3694,52814,2021-05-21 15:09:00,ARPO
2.3601,2.37,2.3527,2.355,40014,2021-05-21 15:10:00,ARPO
2.36,2.37,2.35,2.358,43758,2021-05-21 15:11:00,ARPO
2.355,2.36,2.33,2.345,87936,2021-05-21 15:12:00,ARPO
2.345,2.35,2.33,2.3304,70783,2021-05-21 15:13:00,ARPO
2.34,2.34,2.31,2.31,76727,2021-05-21 15:14:00,ARPO
2.31,2.32,2.28,2.29,182246,2021-05-21 15:15:00,ARPO
2.2936,2.3,2.29,2.295,19291,2021-05-21 15:16:00,ARPO
2.295,2.3,2.29,2.3,102604,2021-05-21 15:17:00,ARPO
2.3,2.33,2.3,2.329,215169,2021-05-21 15:18:00,ARPO
2.3201,2.34,2.32,2.33,78532,2021-05-21 15:19:00,ARPO
2.3201,2.3392,2.31,2.33,62156,2021-05-21 15:20:00,ARPO
2.33,2.33,2.3101,2.315,34189,2021-05-21 15:21:00,ARPO
2.3109,2.32,2.3,2.3,55201,2021-05-21 15:22:00,ARPO
2.295,2.3,2.2901,2.2999,28172,2021-05-21 15:23:00,ARPO
2.2971,2.3295,2.2901,2.3258,89007,2021-05-21 15:24:00,ARPO
2.33,2.3476,2.3201,2.3399,59982,2021-05-21 15:25:00,ARPO
2.33,2.34,2.305,2.33,78987,2021-05-21 15:26:00,ARPO
2.3201,2.321,2.3,2.32,30970,2021-05-21 15:27:00,ARPO
2.3199,2.34,2.3101,2.34,55180,2021-05-21 15:28:00,ARPO
2.335,2.335,2.3199,2.3304,27050,2021-05-21 15:29:00,ARPO
2.331,2.331,2.32,2.33,21229,2021-05-21 15:30:00,ARPO
2.3205,2.34,2.3116,2.34,30169,2021-05-21 15:31:00,ARPO
2.33,2.33,2.29,2.2904,71895,2021-05-21 15:32:00,ARPO
2.2905,2.3,2.29,2.3,20412,2021-05-21 15:33:00,ARPO
2.3,2.32,2.3,2.3138,20502,2021-05-21 15:34:00,ARPO
2.3194,2.32,2.315,2.32,9927,2021-05-21 15:35:00,ARPO
2.33,2.34,2.325,2.34,55308,2021-05-21 15:36:00,ARPO
2.34,2.37,2.336,2.35,130818,2021-05-21 15:37:00,ARPO
2.35,2.3501,2.34,2.3499,26995,2021-05-21 15:38:00,ARPO
2.3488,2.35,2.34,2.34,36053,2021-05-21 15:39:00,ARPO
2.3445,2.3499,2.33,2.335,20908,2021-05-21 15:40:00,ARPO
2.34,2.34,2.32,2.325,14340,2021-05-21 15:41:00,ARPO
2.3246,2.33,2.3,2.3099,47903,2021-05-21 15:42:00,ARPO
2.3096,2.34,2.305,2.337,19000,2021-05-21 15:43:00,ARPO
2.3375,2.3375,2.315,2.3199,8504,2021-05-21 15:44:00,ARPO
2.32,2.32,2.305,2.305,27654,2021-05-21 15:45:00,ARPO
2.31,2.32,2.3001,2.3037,13697,2021-05-21 15:46:00,ARPO
2.31,2.31,2.3,2.3,20846,2021-05-21 15:47:00,ARPO
2.3001,2.31,2.3,2.305,2508,2021-05-21 15:48:00,ARPO
2.31,2.32,2.305,2.3179,9041,2021-05-21 15:49:00,ARPO
2.31,2.3185,2.31,2.3183,6891,2021-05-21 15:50:00,ARPO
2.315,2.3199,2.3,2.305,27932,2021-05-21 15:51:00,ARPO
2.3016,2.32,2.3,2.318,22026,2021-05-21 15:52:00,ARPO
2.315,2.3199,2.3,2.3,73217,2021-05-21 15:53:00,ARPO
2.291,2.3,2.235,2.2481,132056,2021-05-21 15:54:00,ARPO
2.24,2.25,2.21,2.22,79562,2021-05-21 15:55:00,ARPO
2.215,2.24,2.19,2.1969,91653,2021-05-21 15:56:00,ARPO
2.1999,2.21,2.1999,2.2095,24647,2021-05-21 15:57:00,ARPO
2.2001,2.21,2.2001,2.21,7800,2021-05-21 15:58:00,ARPO
2.21,2.21,2.19,2.1904,22038,2021-05-21 15:59:00,ARPO
2.1901,2.21,2.19,2.21,25992,2021-05-21 16:00:00,ARPO
2.2001,2.21,2.2001,2.205,7100,2021-05-21 16:01:00,ARPO
2.205,2.21,2.2,2.2,9697,2021-05-21 16:02:00,ARPO
2.2,2.2001,2.18,2.19,42672,2021-05-21 16:03:00,ARPO
2.1801,2.19,2.17,2.1701,41048,2021-05-21 16:04:00,ARPO
2.1699,2.18,2.16,2.17,48769,2021-05-21 16:05:00,ARPO
2.17,2.17,2.16,2.1604,42909,2021-05-21 16:06:00,ARPO
2.165,2.18,2.1601,2.17,18976,2021-05-21 16:07:00,ARPO
2.18,2.18,2.17,2.17,7152,2021-05-21 16:08:00,ARPO
2.18,2.18,2.1601,2.1604,45568,2021-05-21 16:09:00,ARPO
2.1684,2.17,2.16,2.165,2172,2021-05-21 16:10:00,ARPO
2.16,2.1691,2.16,2.165,3200,2021-05-21 16:11:00,ARPO
2.165,2.17,2.165,2.17,4791,2021-05-21 16:12:00,ARPO
2.165,2.18,2.165,2.1736,14504,2021-05-21 16:13:00,ARPO
2.17,2.18,2.17,2.1775,9490,2021-05-21 16:14:00,ARPO
2.18,2.18,2.172,2.1799,1865,2021-05-21 16:15:00,ARPO
2.1768,2.18,2.1768,2.1782,5462,2021-05-21 16:16:00,ARPO
2.18,2.18,2.1706,2.1706,3680,2021-05-21 16:17:00,ARPO
2.1701,2.18,2.1701,2.18,18253,2021-05-21 16:18:00,ARPO
2.18,2.181,2.1707,2.181,24424,2021-05-21 16:19:00,ARPO
2.185,2.19,2.1739,2.1795,13635,2021-05-21 16:20:00,ARPO
2.1799,2.1805,2.175,2.18,10591,2021-05-21 16:21:00,ARPO
2.18,2.18,2.1601,2.1601,9110,2021-05-21 16:22:00,ARPO
2.16,2.1611,2.159,2.159,10262,2021-05-21 16:23:00,ARPO
2.16,2.16,2.135,2.135,39178,2021-05-21 16:24:00,ARPO
2.1399,2.16,2.1399,2.1511,16239,2021-05-21 16:25:00,ARPO
2.154,2.16,2.151,2.16,5600,2021-05-21 16:26:00,ARPO
2.152,2.16,2.1501,2.1599,6620,2021-05-21 16:27:00,ARPO
2.16,2.17,2.151,2.1618,13288,2021-05-21 16:28:00,ARPO
2.165,2.17,2.161,2.1647,4904,2021-05-21 16:29:00,ARPO
2.165,2.17,2.16,2.1699,12800,2021-05-21 16:30:00,ARPO
2.1656,2.17,2.165,2.17,1250,2021-05-21 16:31:00,ARPO
2.165,2.17,2.15,2.155,42661,2021-05-21 16:32:00,ARPO
2.16,2.16,2.1496,2.1496,8997,2021-05-21 16:33:00,ARPO
2.15,2.15,2.14,2.14,5980,2021-05-21 16:34:00,ARPO
2.141,2.141,2.13,2.1385,13278,2021-05-21 16:35:00,ARPO
2.13,2.13,2.125,2.125,7300,2021-05-21 16:36:00,ARPO
2.13,2.13,2.12,2.125,17239,2021-05-21 16:37:00,ARPO
2.1225,2.13,2.11,2.1184,16071,2021-05-21 16:38:00,ARPO
2.115,2.12,2.115,2.12,900,2021-05-21 16:39:00,ARPO
2.1273,2.13,2.12,2.12,4152,2021-05-21 16:40:00,ARPO
2.125,2.14,2.125,2.135,15465,2021-05-21 16:41:00,ARPO
2.135,2.14,2.1301,2.1301,8635,2021-05-21 16:42:00,ARPO
2.14,2.15,2.13,2.1494,38213,2021-05-21 16:43:00,ARPO
2.15,2.16,2.145,2.1575,28702,2021-05-21 16:44:00,ARPO
2.1505,2.16,2.14,2.15,16165,2021-05-21 16:45:00,ARPO
2.14,2.14,2.14,2.14,1834,2021-05-21 16:46:00,ARPO
2.1392,2.1399,2.1391,2.1399,3000,2021-05-21 16:47:00,ARPO
2.135,2.14,2.135,2.14,5900,2021-05-21 16:48:00,ARPO
2.1399,2.14,2.13,2.13,10500,2021-05-21 16:49:00,ARPO
2.1396,2.1396,2.13,2.13,5000,2021-05-21 16:50:00,ARPO
2.1324,2.1324,2.1324,2.1324,1000,2021-05-21 16:51:00,ARPO
2.1306,2.1306,2.09,2.09,64828,2021-05-21 16:52:00,ARPO
2.09,2.1,2.09,2.095,6850,2021-05-21 16:53:00,ARPO
2.095,2.11,2.0901,2.095,28972,2021-05-21 16:54:00,ARPO
2.094,2.1,2.09,2.09,11059,2021-05-21 16:55:00,ARPO
2.1,2.1,2.09,2.09,24646,2021-05-21 16:56:00,ARPO
2.085,2.09,2.08,2.0801,15736,2021-05-21 16:57:00,ARPO
2.085,2.085,2.0705,2.08,18089,2021-05-21 16:58:00,ARPO
2.0799,2.08,2.0704,2.08,11375,2021-05-21 16:59:00,ARPO
2.08,2.09,2.0701,2.08,12797,2021-05-21 17:00:00,ARPO
2.08,2.08,2.0799,2.0799,7307,2021-05-21 17:01:00,ARPO
2.07,2.07,2.065,2.065,9223,2021-05-21 17:02:00,ARPO
2.065,2.07,2.0616,2.0616,1768,2021-05-21 17:03:00,ARPO
2.0699,2.0699,2.05,2.06,33555,2021-05-21 17:04:00,ARPO
2.06,2.06,2.05,2.06,32280,2021-05-21 17:05:00,ARPO
2.0532,2.06,2.05,2.06,7329,2021-05-21 17:06:00,ARPO
2.07,2.08,2.07,2.0734,18428,2021-05-21 17:07:00,ARPO
2.079,2.0799,2.07,2.0799,6620,2021-05-21 17:08:00,ARPO
2.08,2.08,2.03,2.0414,140665,2021-05-21 17:09:00,ARPO
2.045,2.05,2.01,2.025,133856,2021-05-21 17:10:00,ARPO
2.0292,2.0299,2.0206,2.0265,12296,2021-05-21 17:11:00,ARPO
2.02,2.02,2.01,2.01,10565,2021-05-21 17:12:00,ARPO
2.0193,2.0193,2.0,2.005,42732,2021-05-21 17:13:00,ARPO
2.0,2.01,1.99,1.995,50239,2021-05-21 17:14:00,ARPO
2.0,2.01,1.99,2.01,10753,2021-05-21 17:15:00,ARPO
2.0099,2.0099,2.0,2.0,12347,2021-05-21 17:16:00,ARPO
2.0,2.0,1.98,1.9905,23554,2021-05-21 17:17:00,ARPO
1.9901,1.9995,1.99,1.992,3600,2021-05-21 17:18:00,ARPO
1.995,2.0,1.99,2.0,15960,2021-05-21 17:19:00,ARPO
2.0,2.04,2.0,2.04,45014,2021-05-21 17:20:00,ARPO
2.0301,2.04,2.02,2.03,60493,2021-05-21 17:21:00,ARPO
2.02,2.03,2.02,2.0292,101945,2021-05-21 17:22:00,ARPO
2.0201,2.03,2.02,2.025,16319,2021-05-21 17:23:00,ARPO
2.025,2.03,2.02,2.025,2500,2021-05-21 17:24:00,ARPO
2.0299,2.0299,2.0212,2.0212,2020,2021-05-21 17:25:00,ARPO
2.0295,2.0295,2.0295,2.0295,273,2021-05-21 17:26:00,ARPO
2.025,2.03,2.025,2.03,3430,2021-05-21 17:27:00,ARPO
2.035,2.0399,2.02,2.025,6814,2021-05-21 17:28:00,ARPO
2.025,2.04,2.025,2.0301,39062,2021-05-21 17:29:00,ARPO
2.04,2.05,2.03,2.035,30858,2021-05-21 17:30:00,ARPO
2.035,2.04,2.02,2.025,125629,2021-05-21 17:31:00,ARPO
2.03,2.0399,2.0201,2.0299,8320,2021-05-21 17:32:00,ARPO
2.025,2.03,2.025,2.025,6584,2021-05-21 17:33:00,ARPO
2.025,2.03,2.0,2.0104,44716,2021-05-21 17:34:00,ARPO
2.01,2.02,2.01,2.02,3460,2021-05-21 17:35:00,ARPO
2.0201,2.03,2.02,2.03,16946,2021-05-21 17:36:00,ARPO
2.03,2.035,2.02,2.02,70780,2021-05-21 17:37:00,ARPO
2.02,2.02,2.0,2.01,60940,2021-05-21 17:38:00,ARPO
2.01,2.0132,2.0,2.0001,31732,2021-05-21 17:39:00,ARPO
2.009,2.01,2.009,2.01,2500,2021-05-21 17:40:00,ARPO
2.005,2.005,1.98,1.9927,46408,2021-05-21 17:41:00,ARPO
1.99,1.99,1.98,1.9881,2571,2021-05-21 17:42:00,ARPO
1.98,1.9899,1.97,1.9811,41901,2021-05-21 17:43:00,ARPO
1.981,1.981,1.98,1.98,4600,2021-05-21 17:44:00,ARPO
1.98,2.0,1.98,1.9899,26589,2021-05-21 17:45:00,ARPO
1.99,2.05,1.99,2.0399,189242,2021-05-21 17:46:00,ARPO
2.0301,2.0499,2.03,2.0301,109478,2021-05-21 17:47:00,ARPO
2.04,2.04,2.03,2.04,43350,2021-05-21 17:48:00,ARPO
2.0301,2.04,2.0301,2.0301,10492,2021-05-21 17:49:00,ARPO
2.03,2.03,2.0204,2.0299,4733,2021-05-21 17:50:00,ARPO
2.03,2.0378,2.03,2.0378,1722,2021-05-21 17:51:00,ARPO
2.035,2.035,2.0,2.0099,15750,2021-05-21 17:52:00,ARPO
2.0104,2.03,2.0104,2.0201,9612,2021-05-21 17:53:00,ARPO
2.03,2.0301,2.021,2.0301,8113,2021-05-21 17:54:00,ARPO
2.03,2.03,2.0101,2.015,21443,2021-05-21 17:55:00,ARPO
2.015,2.0299,2.015,2.0299,5600,2021-05-21 17:56:00,ARPO
2.0282,2.0282,2.02,2.025,14200,2021-05-21 17:57:00,ARPO
2.02,2.02,2.02,2.02,3042,2021-05-21 17:58:00,ARPO
2.02,2.02,2.015,2.015,4100,2021-05-21 17:59:00,ARPO
2.0182,2.0196,2.0158,2.0158,719,2021-05-21 18:00:00,ARPO
2.02,2.02,2.01,2.02,3378,2021-05-21 18:01:00,ARPO
2.02,2.0294,2.02,2.02,5435,2021-05-21 18:02:00,ARPO
2.0101,2.02,2.01,2.0118,1560,2021-05-21 18:05:00,ARPO
2.0195,2.0195,2.015,2.018,895,2021-05-21 18:06:00,ARPO
2.02,2.02,2.0058,2.0138,17575,2021-05-21 18:07:00,ARPO
2.02,2.03,2.01,2.01,36700,2021-05-21 18:08:00,ARPO
2.015,2.025,2.015,2.02,1756,2021-05-21 18:09:00,ARPO
2.025,2.025,2.0201,2.0201,7303,2021-05-21 18:10:00,ARPO
2.02,2.02,2.0,2.0196,26179,2021-05-21 18:11:00,ARPO
2.015,2.0201,2.01,2.01,12801,2021-05-21 18:12:00,ARPO
2.0099,2.0139,2.0077,2.0112,5846,2021-05-21 18:13:00,ARPO
2.0117,2.0117,2.0,2.01,19696,2021-05-21 18:14:00,ARPO
2.015,2.02,2.0109,2.0199,6300,2021-05-21 18:15:00,ARPO
2.02,2.02,2.0196,2.0196,600,2021-05-21 18:16:00,ARPO
2.0109,2.03,2.0109,2.0287,8094,2021-05-21 18:17:00,ARPO
2.0275,2.0275,2.0191,2.0191,5194,2021-05-21 18:18:00,ARPO
2.0199,2.02,2.005,2.005,9153,2021-05-21 18:19:00,ARPO
2.0096,2.015,2.0066,2.0136,2900,2021-05-21 18:20:00,ARPO
2.02,2.02,2.01,2.01,6969,2021-05-21 18:21:00,ARPO
2.0194,2.02,2.0192,2.0192,1775,2021-05-21 18:22:00,ARPO
2.015,2.027,2.015,2.02,7200,2021-05-21 18:23:00,ARPO
2.025,2.03,2.025,2.03,2850,2021-05-21 18:24:00,ARPO
2.0201,2.03,2.02,2.025,18191,2021-05-21 18:25:00,ARPO
2.0205,2.0205,2.015,2.02,5252,2021-05-21 18:26:00,ARPO
2.01,2.01,2.01,2.01,3251,2021-05-21 18:28:00,ARPO
2.0095,2.0095,2.0,2.007,7220,2021-05-21 18:29:00,ARPO
2.005,2.02,2.005,2.02,10000,2021-05-21 18:30:00,ARPO
2.0101,2.015,2.0101,2.015,1200,2021-05-21 18:31:00,ARPO
2.0101,2.0101,2.0073,2.01,8200,2021-05-21 18:32:00,ARPO
2.0096,2.01,2.0,2.002,11886,2021-05-21 18:33:00,ARPO
2.005,2.005,2.0,2.0,533,2021-05-21 18:34:00,ARPO
2.0041,2.005,2.0,2.0,12900,2021-05-21 18:35:00,ARPO
2.0001,2.01,2.0,2.0096,4440,2021-05-21 18:36:00,ARPO
2.0095,2.01,2.0001,2.01,11010,2021-05-21 18:37:00,ARPO
2.0096,2.0096,2.0,2.005,2565,2021-05-21 18:38:00,ARPO
2.0006,2.0016,2.0006,2.0016,10550,2021-05-21 18:39:00,ARPO
2.01,2.01,2.005,2.005,300,2021-05-21 18:42:00,ARPO
2.0012,2.0099,2.0012,2.0099,3000,2021-05-21 18:43:00,ARPO
2.0082,2.01,2.0,2.0,1835,2021-05-21 18:44:00,ARPO
2.005,2.01,2.005,2.0099,16700,2021-05-21 18:45:00,ARPO
2.0001,2.005,2.0001,2.005,1600,2021-05-21 18:46:00,ARPO
2.005,2.01,2.005,2.01,1410,2021-05-21 18:48:00,ARPO
2.01,2.01,2.005,2.0099,1725,2021-05-21 18:49:00,ARPO
2.01,2.015,2.007,2.01,7882,2021-05-21 18:50:00,ARPO
2.0096,2.01,2.0026,2.01,1700,2021-05-21 18:51:00,ARPO
2.01,2.02,2.0025,2.01,7706,2021-05-21 18:52:00,ARPO
2.01,2.01,2.0093,2.0093,950,2021-05-21 18:53:00,ARPO
2.01,2.01,2.0093,2.0093,300,2021-05-21 18:54:00,ARPO
2.0099,2.0099,2.0,2.005,6101,2021-05-21 18:56:00,ARPO
2.005,2.0099,2.005,2.005,1700,2021-05-21 18:57:00,ARPO
2.005,2.005,2.0017,2.0017,1650,2021-05-21 18:58:00,ARPO
2.005,2.0088,2.0,2.005,3800,2021-05-21 18:59:00,ARPO
2.0023,2.01,2.0019,2.0027,1565,2021-05-21 19:00:00,ARPO
2.009,2.0092,2.009,2.0092,280,2021-05-21 19:01:00,ARPO
2.01,2.01,2.0014,2.0014,2400,2021-05-21 19:02:00,ARPO
2.0,2.005,2.0,2.005,200,2021-05-21 19:03:00,ARPO
2.005,2.005,2.0,2.0,500,2021-05-21 19:04:00,ARPO
2.005,2.0099,2.005,2.008,350,2021-05-21 19:05:00,ARPO
2.005,2.005,1.98,1.985,53438,2021-05-21 19:06:00,ARPO
1.9875,1.9875,1.95,1.955,65894,2021-05-21 19:07:00,ARPO
1.9517,1.9684,1.9517,1.9601,4061,2021-05-21 19:08:00,ARPO
1.97,1.97,1.945,1.9599,23467,2021-05-21 19:09:00,ARPO
1.955,1.9599,1.95,1.9586,20471,2021-05-21 19:10:00,ARPO
1.9599,1.9599,1.95,1.95,11433,2021-05-21 19:11:00,ARPO
1.95,1.955,1.945,1.945,21523,2021-05-21 19:12:00,ARPO
1.945,1.945,1.93,1.93,29747,2021-05-21 19:13:00,ARPO
1.9301,2.0,1.93,1.97,131862,2021-05-21 19:14:00,ARPO
1.96,2.01,1.94,2.0001,155459,2021-05-21 19:15:00,ARPO
2.005,2.01,2.0,2.005,17580,2021-05-21 19:16:00,ARPO
2.005,2.01,1.985,2.005,21200,2021-05-21 19:17:00,ARPO
2.0075,2.0075,1.99,1.995,3600,2021-05-21 19:18:00,ARPO
1.9995,1.9995,1.99,1.99,6811,2021-05-21 19:19:00,ARPO
1.99,1.999,1.985,1.9912,2480,2021-05-21 19:20:00,ARPO
2.0,2.0,1.9912,1.9918,9000,2021-05-21 19:21:00,ARPO
1.995,2.0,1.9901,1.9958,8993,2021-05-21 19:22:00,ARPO
2.01,2.02,2.0,2.02,21080,2021-05-21 19:24:00,ARPO
2.02,2.0209,2.01,2.0204,17413,2021-05-21 19:25:00,ARPO
2.02,2.04,2.015,2.0285,43099,2021-05-21 19:26:00,ARPO
2.0285,2.0299,2.015,2.015,13731,2021-05-21 19:27:00,ARPO
2.015,2.025,2.01,2.015,16427,2021-05-21 19:28:00,ARPO
2.02,2.03,2.015,2.02,12989,2021-05-21 19:29:00,ARPO
2.0185,2.0199,2.0,2.0,8157,2021-05-21 19:30:00,ARPO
2.005,2.01,2.005,2.0099,4350,2021-05-21 19:31:00,ARPO
2.01,2.0123,2.01,2.0123,3908,2021-05-21 19:32:00,ARPO
2.015,2.02,2.015,2.015,800,2021-05-21 19:33:00,ARPO
2.015,2.02,2.0111,2.015,3700,2021-05-21 19:34:00,ARPO
2.0101,2.02,2.0101,2.011,4000,2021-05-21 19:35:00,ARPO
2.011,2.0218,2.0101,2.0203,11573,2021-05-21 19:36:00,ARPO
2.0201,2.0275,2.01,2.01,12600,2021-05-21 19:37:00,ARPO
2.01,2.015,2.01,2.015,2984,2021-05-21 19:38:00,ARPO
2.0101,2.0111,2.0101,2.0111,1900,2021-05-21 19:39:00,ARPO
2.02,2.02,2.015,2.015,500,2021-05-21 19:40:00,ARPO
2.015,2.02,2.015,2.019,9900,2021-05-21 19:41:00,ARPO
2.02,2.0201,2.005,2.005,30803,2021-05-21 19:42:00,ARPO
2.005,2.01,2.005,2.01,300,2021-05-21 19:43:00,ARPO
2.0099,2.01,2.0044,2.005,1352,2021-05-21 19:44:00,ARPO
2.01,2.01,2.0,2.0,1900,2021-05-21 19:45:00,ARPO
2.01,2.01,1.99,1.995,36641,2021-05-21 19:46:00,ARPO
1.9901,2.0,1.99,1.99,3480,2021-05-21 19:47:00,ARPO
1.995,2.0,1.9901,2.0,6955,2021-05-21 19:48:00,ARPO
2.0,2.0,1.995,1.995,3084,2021-05-21 19:49:00,ARPO
2.0,2.0001,1.995,2.0,16218,2021-05-21 19:50:00,ARPO
2.0,2.0,1.99,1.9901,5200,2021-05-21 19:51:00,ARPO
1.9911,1.995,1.99,1.995,4221,2021-05-21 19:52:00,ARPO
1.995,2.0,1.9911,2.0,5300,2021-05-21 19:53:00,ARPO
2.0,2.0,1.99,1.995,25833,2021-05-21 19:54:00,ARPO
2.0,2.0,1.99,1.9901,9150,2021-05-21 19:55:00,ARPO
2.0,2.0,1.9901,1.995,84781,2021-05-21 19:56:00,ARPO
1.995,2.0,1.99,2.0,35611,2021-05-21 19:57:00,ARPO
2.0,2.0,1.99,2.0,22171,2021-05-21 19:58:00,ARPO
1.995,2.025,1.99,1.9911,124296,2021-05-21 19:59:00,ARPO
2.02,2.02,1.96,1.96,44004,2021-05-21 20:00:00,ARPO
2.02,2.02,2.02,2.02,9544,2021-05-21 20:01:00,ARPO
2.02,2.02,2.02,2.02,100,2021-05-21 20:05:00,ARPO
2.02,2.02,2.02,2.02,4339,2021-05-21 20:06:00,ARPO
2.03,2.03,2.03,2.03,1000,2021-05-21 20:09:00,ARPO
2.03,2.05,2.03,2.05,6554,2021-05-21 20:10:00,ARPO
2.04,2.05,2.04,2.05,1500,2021-05-21 20:12:00,ARPO
2.0401,2.0401,2.0401,2.0401,800,2021-05-21 20:13:00,ARPO
2.04,2.04,2.04,2.04,400,2021-05-21 20:14:00,ARPO
2.03,2.03,2.03,2.03,557,2021-05-21 20:15:00,ARPO
2.02,2.02,2.02,2.02,1000,2021-05-21 20:17:00,ARPO
2.03,2.03,2.03,2.03,500,2021-05-21 20:19:00,ARPO
2.02,2.02,2.02,2.02,4226,2021-05-21 20:28:00,ARPO
2.02,2.02,2.02,2.02,235,2021-05-21 20:32:00,ARPO
2.03,2.03,2.03,2.03,1100,2021-05-21 20:35:00,ARPO
2.04,2.04,2.04,2.04,1400,2021-05-21 20:36:00,ARPO
2.03,2.03,2.03,2.03,399,2021-05-21 20:38:00,ARPO
2.0201,2.0201,2.0201,2.0201,100,2021-05-21 20:45:00,ARPO
2.0201,2.03,2.0201,2.03,346,2021-05-21 20:46:00,ARPO
2.0201,2.0201,2.0201,2.0201,100,2021-05-21 20:47:00,ARPO
2.0201,2.0201,2.0201,2.0201,700,2021-05-21 20:48:00,ARPO
2.02,2.02,2.02,2.02,100,2021-05-21 20:49:00,ARPO
2.02,2.02,2.02,2.02,100,2021-05-21 20:50:00,ARPO
2.0201,2.0201,2.0201,2.0201,100,2021-05-21 20:51:00,ARPO
2.0201,2.0201,2.0201,2.0201,100,2021-05-21 20:52:00,ARPO
2.02,2.04,2.02,2.04,300,2021-05-21 20:53:00,ARPO
2.04,2.04,2.04,2.04,900,2021-05-21 20:55:00,ARPO
2.04,2.04,2.04,2.04,251,2021-05-21 20:56:00,ARPO
2.05,2.05,2.05,2.05,200,2021-05-21 20:58:00,ARPO
2.0401,2.0401,2.0401,2.0401,3200,2021-05-21 20:59:00,ARPO
2.04,2.045,2.04,2.045,900,2021-05-21 21:01:00,ARPO
2.0401,2.0401,2.0401,2.0401,1000,2021-05-21 21:02:00,ARPO
2.04,2.04,2.04,2.04,100,2021-05-21 21:04:00,ARPO
2.04,2.04,2.04,2.04,101,2021-05-21 21:08:00,ARPO
2.045,2.045,2.045,2.045,1000,2021-05-21 21:27:00,ARPO
2.04,2.04,2.04,2.04,100,2021-05-21 21:28:00,ARPO
2.04,2.04,2.04,2.04,1733,2021-05-21 21:29:00,ARPO
2.04,2.04,2.04,2.04,400,2021-05-21 21:30:00,ARPO
2.04,2.04,2.04,2.04,500,2021-05-21 21:44:00,ARPO
2.04,2.04,2.04,2.04,799,2021-05-21 21:45:00,ARPO
2.05,2.05,2.05,2.05,100,2021-05-21 21:47:00,ARPO
2.05,2.05,2.05,2.05,100,2021-05-21 21:53:00,ARPO
2.04,2.04,2.04,2.04,780,2021-05-21 21:55:00,ARPO
2.0301,2.0301,2.0301,2.0301,100,2021-05-21 21:56:00,ARPO
2.0301,2.0301,2.0301,2.0301,200,2021-05-21 21:57:00,ARPO
2.03,2.03,2.03,2.03,100,2021-05-21 21:58:00,ARPO
2.02,2.02,2.02,2.02,300,2021-05-21 22:12:00,ARPO
2.02,2.02,2.02,2.02,131,2021-05-21 22:15:00,ARPO
2.01,2.01,2.01,2.01,700,2021-05-21 22:36:00,ARPO
2.01,2.01,2.01,2.01,379,2021-05-21 22:40:00,ARPO
2.01,2.01,2.01,2.01,141,2021-05-21 22:51:00,ARPO
2.01,2.01,2.01,2.01,159,2021-05-21 22:54:00,ARPO
2.0,2.0099,2.0,2.0099,200,2021-05-21 23:41:00,ARPO
2.0,2.0,2.0,2.0,199,2021-05-21 23:42:00,ARPO
2.02,2.02,2.02,2.02,300,2021-05-21 23:44:00,ARPO
2.03,2.0301,2.03,2.0301,200,2021-05-21 23:45:00,ARPO
2.03,2.03,2.03,2.03,100,2021-05-21 23:46:00,ARPO
2.02,2.02,2.02,2.02,105,2021-05-21 23:50:00,ARPO
