open,high,low,close,volume,datetime,symbol
71.98,71.98,71.98,71.98,678,2021-05-10 13:30:00,CFO
72.0016,72.0016,72.0016,72.0016,700,2021-05-10 13:33:00,CFO
71.91,71.91,71.91,71.91,100,2021-05-10 13:35:00,CFO
71.92,71.92,71.92,71.92,200,2021-05-10 13:42:00,CFO
71.91,71.91,71.91,71.91,100,2021-05-10 13:46:00,CFO
71.97,71.97,71.97,71.97,100,2021-05-10 13:50:00,CFO
72.02,72.02,72.02,72.02,102,2021-05-10 13:57:00,CFO
72.07,72.07,72.07,72.07,100,2021-05-10 14:05:00,CFO
72.1,72.1,72.1,72.1,100,2021-05-10 14:09:00,CFO
72.15,72.15,72.15,72.15,200,2021-05-10 14:16:00,CFO
72.09,72.09,72.09,72.09,204,2021-05-10 14:31:00,CFO
72.0503,72.0503,72.0503,72.0503,450,2021-05-10 14:32:00,CFO
72.045,72.045,72.045,72.045,145,2021-05-10 14:36:00,CFO
72.045,72.045,72.045,72.045,107,2021-05-10 14:46:00,CFO
72.07,72.07,72.028,72.028,4707,2021-05-10 14:49:00,CFO
72.09,72.09,72.09,72.09,400,2021-05-10 14:54:00,CFO
72.18,72.18,72.18,72.18,100,2021-05-10 15:16:00,CFO
72.29,72.29,72.29,72.29,100,2021-05-10 15:22:00,CFO
72.2501,72.2501,72.2501,72.2501,1400,2021-05-10 15:54:00,CFO
72.19,72.19,72.19,72.19,100,2021-05-10 16:29:00,CFO
72.21,72.21,72.21,72.21,345,2021-05-10 16:35:00,CFO
72.126,72.126,72.126,72.126,255,2021-05-10 16:58:00,CFO
72.14,72.14,72.14,72.14,160,2021-05-10 17:05:00,CFO
72.11,72.11,72.11,72.11,100,2021-05-10 17:40:00,CFO
72.1501,72.1501,72.1501,72.1501,300,2021-05-10 17:48:00,CFO
72.1,72.1,72.1,72.1,100,2021-05-10 18:04:00,CFO
71.95,71.95,71.95,71.95,152,2021-05-10 18:17:00,CFO
71.94,71.94,71.94,71.94,100,2021-05-10 18:20:00,CFO
71.8241,71.8241,71.8241,71.8241,150,2021-05-10 18:38:00,CFO
71.815,71.815,71.815,71.815,133,2021-05-10 18:41:00,CFO
71.805,71.805,71.805,71.805,199,2021-05-10 18:43:00,CFO
71.7099,71.7099,71.7099,71.7099,120,2021-05-10 18:54:00,CFO
71.7801,71.7801,71.7801,71.7801,279,2021-05-10 19:03:00,CFO
71.79,71.79,71.79,71.79,1583,2021-05-10 19:09:00,CFO
71.855,71.855,71.855,71.855,144,2021-05-10 19:13:00,CFO
71.735,71.735,71.735,71.735,197,2021-05-10 19:21:00,CFO
71.73,71.73,71.73,71.73,300,2021-05-10 19:22:00,CFO
71.741,71.7429,71.741,71.7429,546,2021-05-10 19:24:00,CFO
71.7718,71.7718,71.7718,71.7718,390,2021-05-10 19:31:00,CFO
71.78,71.78,71.78,71.78,450,2021-05-10 19:37:00,CFO
71.6767,71.6767,71.6767,71.6767,359,2021-05-10 19:52:00,CFO
71.645,71.645,71.645,71.645,481,2021-05-10 19:53:00,CFO
71.66,71.68,71.66,71.68,1300,2021-05-10 19:54:00,CFO
71.64,71.64,71.64,71.64,185,2021-05-10 19:55:00,CFO
71.61,71.61,71.57,71.57,700,2021-05-10 19:57:00,CFO
71.56,71.56,71.56,71.56,355,2021-05-10 19:58:00,CFO
71.54,71.54,71.54,71.54,280,2021-05-10 19:59:00,CFO
70.62,70.62,70.62,70.62,5337,2021-05-11 13:30:00,CFO
70.82,70.87,70.785,70.83,1800,2021-05-11 13:31:00,CFO
70.72,70.72,70.72,70.72,100,2021-05-11 13:35:00,CFO
70.77,70.78,70.77,70.78,700,2021-05-11 13:36:00,CFO
70.76,70.76,70.76,70.76,300,2021-05-11 13:38:00,CFO
70.79,70.79,70.79,70.79,100,2021-05-11 13:42:00,CFO
70.8,70.82,70.8,70.82,200,2021-05-11 13:43:00,CFO
70.8793,70.8793,70.8793,70.8793,400,2021-05-11 13:44:00,CFO
70.82,70.84,70.81,70.84,600,2021-05-11 13:50:00,CFO
70.88,70.88,70.88,70.88,100,2021-05-11 13:56:00,CFO
70.92,70.92,70.92,70.92,282,2021-05-11 13:57:00,CFO
71.105,71.105,71.105,71.105,253,2021-05-11 14:04:00,CFO
71.045,71.045,71.045,71.045,204,2021-05-11 14:07:00,CFO
70.805,70.805,70.805,70.805,269,2021-05-11 14:19:00,CFO
70.889,70.89,70.889,70.89,316,2021-05-11 14:21:00,CFO
70.73,70.73,70.71,70.71,2000,2021-05-11 14:24:00,CFO
70.59,70.61,70.59,70.61,400,2021-05-11 14:26:00,CFO
70.554,70.56,70.53,70.53,1613,2021-05-11 14:30:00,CFO
70.48,70.48,70.48,70.48,263,2021-05-11 14:31:00,CFO
70.46,70.46,70.44,70.44,525,2021-05-11 14:33:00,CFO
70.485,70.485,70.485,70.485,122,2021-05-11 14:34:00,CFO
70.43,70.43,70.405,70.405,235,2021-05-11 14:37:00,CFO
70.26,70.26,70.25,70.25,1300,2021-05-11 14:46:00,CFO
70.405,70.405,70.405,70.405,127,2021-05-11 14:49:00,CFO
70.45,70.45,70.45,70.45,145,2021-05-11 14:50:00,CFO
70.45,70.45,70.45,70.45,100,2021-05-11 15:07:00,CFO
70.4499,70.4499,70.4499,70.4499,549,2021-05-11 15:08:00,CFO
70.449,70.449,70.449,70.449,250,2021-05-11 15:11:00,CFO
70.49,70.49,70.49,70.49,109,2021-05-11 15:15:00,CFO
70.67,70.68,70.67,70.68,2200,2021-05-11 15:26:00,CFO
70.71,70.71,70.71,70.71,1700,2021-05-11 15:29:00,CFO
70.74,70.74,70.73,70.73,1500,2021-05-11 15:31:00,CFO
70.76,70.76,70.76,70.76,283,2021-05-11 15:33:00,CFO
70.77,70.77,70.77,70.77,100,2021-05-11 15:34:00,CFO
70.77,70.77,70.77,70.77,100,2021-05-11 15:36:00,CFO
70.8,70.805,70.8,70.805,900,2021-05-11 15:37:00,CFO
70.8,70.8,70.8,70.8,100,2021-05-11 15:39:00,CFO
70.75,70.75,70.75,70.75,300,2021-05-11 15:42:00,CFO
70.7115,70.7115,70.7115,70.7115,323,2021-05-11 15:43:00,CFO
70.68,70.68,70.68,70.68,100,2021-05-11 15:46:00,CFO
70.75,70.75,70.75,70.75,100,2021-05-11 15:48:00,CFO
70.78,70.78,70.78,70.78,200,2021-05-11 15:49:00,CFO
70.75,70.75,70.75,70.75,100,2021-05-11 15:52:00,CFO
70.83,70.83,70.83,70.83,100,2021-05-11 15:57:00,CFO
70.82,70.82,70.82,70.82,565,2021-05-11 15:59:00,CFO
70.75,70.75,70.75,70.75,500,2021-05-11 16:00:00,CFO
70.78,70.78,70.78,70.78,2200,2021-05-11 16:01:00,CFO
70.75,70.75,70.75,70.75,1270,2021-05-11 16:06:00,CFO
70.68,70.68,70.68,70.68,100,2021-05-11 16:27:00,CFO
70.66,70.66,70.66,70.66,100,2021-05-11 16:39:00,CFO
70.6633,70.6633,70.6633,70.6633,315,2021-05-11 16:40:00,CFO
70.4797,70.4797,70.4797,70.4797,3650,2021-05-11 16:57:00,CFO
70.46,70.46,70.46,70.46,100,2021-05-11 16:59:00,CFO
70.5492,70.5492,70.5492,70.5492,451,2021-05-11 17:09:00,CFO
70.64,70.64,70.64,70.64,2200,2021-05-11 17:26:00,CFO
70.725,70.725,70.725,70.725,100,2021-05-11 17:31:00,CFO
70.75,70.75,70.75,70.75,400,2021-05-11 17:35:00,CFO
70.8176,70.8176,70.8176,70.8176,411,2021-05-11 17:48:00,CFO
70.7957,70.7957,70.7957,70.7957,604,2021-05-11 17:52:00,CFO
70.73,70.73,70.67,70.67,1160,2021-05-11 17:54:00,CFO
70.71,70.71,70.71,70.71,813,2021-05-11 17:55:00,CFO
70.735,70.735,70.735,70.735,130,2021-05-11 17:56:00,CFO
70.84,70.84,70.84,70.84,100,2021-05-11 18:03:00,CFO
70.69,70.7,70.69,70.69,400,2021-05-11 18:30:00,CFO
70.6101,70.6101,70.6101,70.6101,2189,2021-05-11 18:36:00,CFO
70.61,70.61,70.61,70.61,400,2021-05-11 18:41:00,CFO
70.7,70.705,70.7,70.705,1432,2021-05-11 18:47:00,CFO
70.76,70.769,70.76,70.769,357,2021-05-11 19:04:00,CFO
70.745,70.75,70.745,70.75,300,2021-05-11 19:09:00,CFO
70.7001,70.7001,70.7001,70.7001,358,2021-05-11 19:10:00,CFO
70.665,70.665,70.665,70.665,341,2021-05-11 19:15:00,CFO
70.66,70.66,70.66,70.66,100,2021-05-11 19:33:00,CFO
70.6,70.6,70.6,70.6,100,2021-05-11 19:35:00,CFO
70.56,70.56,70.56,70.56,100,2021-05-11 19:37:00,CFO
70.57,70.57,70.57,70.57,100,2021-05-11 19:40:00,CFO
70.5731,70.5731,70.5731,70.5731,350,2021-05-11 19:41:00,CFO
70.62,70.62,70.62,70.62,100,2021-05-11 19:45:00,CFO
70.66,70.66,70.66,70.66,100,2021-05-11 19:48:00,CFO
70.7,70.7,70.7,70.7,100,2021-05-11 19:50:00,CFO
70.74,70.74,70.74,70.74,173,2021-05-11 19:52:00,CFO
70.67,70.67,70.66,70.66,316,2021-05-11 19:55:00,CFO
70.73,70.74,70.73,70.74,728,2021-05-11 19:58:00,CFO
70.71,70.73,70.71,70.73,2053,2021-05-11 19:59:00,CFO
70.37,70.37,70.37,70.37,2384,2021-05-12 13:30:00,CFO
70.4584,70.4584,70.4584,70.4584,300,2021-05-12 13:33:00,CFO
70.41,70.41,70.41,70.41,300,2021-05-12 13:43:00,CFO
70.38,70.39,70.38,70.39,300,2021-05-12 13:45:00,CFO
70.39,70.41,70.39,70.41,500,2021-05-12 13:46:00,CFO
70.35,70.35,70.35,70.35,300,2021-05-12 13:47:00,CFO
70.32,70.32,70.32,70.32,500,2021-05-12 13:53:00,CFO
70.3,70.3,70.3,70.3,200,2021-05-12 13:56:00,CFO
70.24,70.24,70.24,70.24,100,2021-05-12 13:57:00,CFO
70.23,70.23,70.23,70.23,100,2021-05-12 13:58:00,CFO
70.24,70.24,70.23,70.23,4900,2021-05-12 14:06:00,CFO
70.23,70.23,70.23,70.23,100,2021-05-12 14:30:00,CFO
70.05,70.05,70.05,70.05,259,2021-05-12 14:51:00,CFO
70.12,70.12,70.12,70.12,300,2021-05-12 15:07:00,CFO
70.11,70.11,70.11,70.11,100,2021-05-12 15:19:00,CFO
70.032,70.032,70.032,70.032,115,2021-05-12 15:45:00,CFO
69.99,69.99,69.98,69.98,453,2021-05-12 15:48:00,CFO
69.65,69.65,69.65,69.65,2755,2021-05-12 16:12:00,CFO
69.59,69.59,69.59,69.59,100,2021-05-12 16:15:00,CFO
69.6849,69.6849,69.6849,69.6849,194,2021-05-12 16:26:00,CFO
69.73,69.73,69.725,69.725,512,2021-05-12 16:33:00,CFO
69.68,69.68,69.68,69.68,200,2021-05-12 16:36:00,CFO
69.57,69.57,69.57,69.57,100,2021-05-12 16:40:00,CFO
69.6033,69.6033,69.6033,69.6033,121,2021-05-12 16:47:00,CFO
69.66,69.66,69.66,69.66,100,2021-05-12 16:51:00,CFO
69.6438,69.6438,69.6438,69.6438,1259,2021-05-12 17:24:00,CFO
69.63,69.63,69.61,69.61,329,2021-05-12 17:30:00,CFO
69.65,69.65,69.65,69.65,100,2021-05-12 17:38:00,CFO
69.62,69.62,69.62,69.62,130,2021-05-12 17:42:00,CFO
69.615,69.615,69.615,69.615,197,2021-05-12 17:43:00,CFO
69.61,69.61,69.61,69.61,258,2021-05-12 17:47:00,CFO
69.54,69.54,69.54,69.54,539,2021-05-12 17:51:00,CFO
69.5906,69.5906,69.5906,69.5906,1400,2021-05-12 17:54:00,CFO
69.49,69.49,69.49,69.49,200,2021-05-12 18:18:00,CFO
69.51,69.51,69.51,69.51,115,2021-05-12 18:20:00,CFO
69.45,69.45,69.45,69.45,4342,2021-05-12 18:36:00,CFO
69.58,69.58,69.58,69.58,1244,2021-05-12 18:39:00,CFO
69.555,69.57,69.555,69.57,405,2021-05-12 18:44:00,CFO
69.63,69.63,69.63,69.63,100,2021-05-12 18:48:00,CFO
69.46,69.46,69.46,69.46,500,2021-05-12 19:05:00,CFO
69.5,69.5,69.4925,69.4925,732,2021-05-12 19:07:00,CFO
69.519,69.519,69.519,69.519,204,2021-05-12 19:09:00,CFO
69.41,69.41,69.41,69.41,100,2021-05-12 19:14:00,CFO
69.39,69.39,69.39,69.39,100,2021-05-12 19:15:00,CFO
69.4,69.4,69.4,69.4,160,2021-05-12 19:16:00,CFO
69.2001,69.2001,69.2001,69.2001,105,2021-05-12 19:31:00,CFO
69.17,69.17,69.17,69.17,500,2021-05-12 19:41:00,CFO
69.2697,69.2697,69.2697,69.2697,1000,2021-05-12 19:47:00,CFO
69.17,69.17,69.17,69.17,100,2021-05-12 19:50:00,CFO
69.15,69.15,69.15,69.15,600,2021-05-12 19:51:00,CFO
69.12,69.12,69.12,69.12,296,2021-05-12 19:54:00,CFO
69.08,69.08,69.08,69.08,100,2021-05-12 19:55:00,CFO
69.08,69.08,69.08,69.08,400,2021-05-12 19:56:00,CFO
69.11,69.11,69.11,69.11,268,2021-05-12 19:57:00,CFO
69.17,69.17,69.14,69.14,303,2021-05-12 19:59:00,CFO
69.25,69.25,69.25,69.25,389,2021-05-13 13:30:00,CFO
69.6,69.6,69.6,69.6,100,2021-05-13 13:39:00,CFO
69.75,69.75,69.75,69.75,100,2021-05-13 13:46:00,CFO
69.81,69.81,69.81,69.81,100,2021-05-13 13:48:00,CFO
69.8524,69.8524,69.8524,69.8524,336,2021-05-13 13:52:00,CFO
69.85,69.85,69.85,69.85,700,2021-05-13 13:53:00,CFO
69.9445,69.9445,69.9445,69.9445,113,2021-05-13 14:00:00,CFO
69.94,69.94,69.94,69.94,100,2021-05-13 14:08:00,CFO
69.925,69.925,69.925,69.925,125,2021-05-13 14:10:00,CFO
70.011,70.011,70.011,70.011,144,2021-05-13 14:14:00,CFO
70.04,70.04,70.04,70.04,240,2021-05-13 14:20:00,CFO
70.11,70.11,70.11,70.11,100,2021-05-13 14:22:00,CFO
70.1001,70.1001,70.1001,70.1001,3660,2021-05-13 14:25:00,CFO
70.0911,70.0911,70.0911,70.0911,357,2021-05-13 14:38:00,CFO
70.105,70.105,70.105,70.105,127,2021-05-13 14:39:00,CFO
70.021,70.021,70.021,70.021,428,2021-05-13 14:45:00,CFO
70.085,70.085,70.085,70.085,336,2021-05-13 14:46:00,CFO
70.085,70.085,70.085,70.085,300,2021-05-13 14:49:00,CFO
70.03,70.03,70.03,70.03,125,2021-05-13 14:51:00,CFO
70.19,70.19,70.19,70.19,100,2021-05-13 15:00:00,CFO
70.1282,70.1282,70.1282,70.1282,612,2021-05-13 15:01:00,CFO
70.12,70.13,70.12,70.13,408,2021-05-13 15:04:00,CFO
70.12,70.12,70.1199,70.1199,860,2021-05-13 15:07:00,CFO
70.07,70.07,70.07,70.07,425,2021-05-13 15:39:00,CFO
69.92,69.92,69.92,69.92,225,2021-05-13 15:45:00,CFO
69.95,69.95,69.9499,69.9499,904,2021-05-13 15:46:00,CFO
70.03,70.03,70.015,70.015,846,2021-05-13 15:50:00,CFO
69.95,69.95,69.95,69.95,100,2021-05-13 15:57:00,CFO
69.94,69.94,69.94,69.94,600,2021-05-13 15:58:00,CFO
70.0193,70.0193,70.0193,70.0193,150,2021-05-13 16:04:00,CFO
70.054,70.054,70.054,70.054,450,2021-05-13 16:20:00,CFO
70.09,70.09,70.09,70.09,150,2021-05-13 16:21:00,CFO
70.12,70.12,70.12,70.12,100,2021-05-13 16:28:00,CFO
70.14,70.14,70.14,70.14,112,2021-05-13 16:31:00,CFO
70.125,70.125,70.125,70.125,908,2021-05-13 16:39:00,CFO
70.15,70.15,70.15,70.15,100,2021-05-13 16:50:00,CFO
69.9656,69.9656,69.9656,69.9656,500,2021-05-13 16:58:00,CFO
69.97,69.97,69.9699,69.9699,406,2021-05-13 17:02:00,CFO
69.9737,69.9737,69.9737,69.9737,800,2021-05-13 17:20:00,CFO
69.93,69.93,69.93,69.93,629,2021-05-13 17:23:00,CFO
69.8708,69.8708,69.8708,69.8708,250,2021-05-13 17:26:00,CFO
69.9383,69.9383,69.9383,69.9383,157,2021-05-13 17:29:00,CFO
69.76,69.76,69.76,69.76,100,2021-05-13 17:49:00,CFO
69.77,69.77,69.77,69.77,100,2021-05-13 17:51:00,CFO
70.1,70.1,70.1,70.1,160,2021-05-13 18:20:00,CFO
70.175,70.175,70.175,70.175,190,2021-05-13 18:21:00,CFO
70.2,70.21,70.1999,70.21,2069,2021-05-13 18:25:00,CFO
70.2475,70.2475,70.2475,70.2475,1560,2021-05-13 18:31:00,CFO
70.288,70.288,70.261,70.261,561,2021-05-13 18:38:00,CFO
70.271,70.285,70.271,70.285,425,2021-05-13 18:39:00,CFO
70.2744,70.281,70.2744,70.281,764,2021-05-13 18:40:00,CFO
70.27,70.27,70.27,70.27,223,2021-05-13 18:47:00,CFO
70.26,70.26,70.26,70.26,112,2021-05-13 18:53:00,CFO
70.29,70.29,70.2899,70.2899,400,2021-05-13 18:54:00,CFO
70.31,70.31,70.31,70.31,100,2021-05-13 19:05:00,CFO
70.32,70.32,70.32,70.32,100,2021-05-13 19:08:00,CFO
70.33,70.33,70.33,70.33,100,2021-05-13 19:11:00,CFO
70.265,70.265,70.265,70.265,253,2021-05-13 19:14:00,CFO
70.3,70.3,70.3,70.3,100,2021-05-13 19:20:00,CFO
70.33,70.33,70.33,70.33,199,2021-05-13 19:25:00,CFO
70.37,70.37,70.37,70.37,100,2021-05-13 19:27:00,CFO
70.4221,70.4221,70.4221,70.4221,1000,2021-05-13 19:35:00,CFO
70.445,70.445,70.445,70.445,253,2021-05-13 19:45:00,CFO
70.46,70.49,70.46,70.4754,490,2021-05-13 19:46:00,CFO
70.279,70.279,70.279,70.279,3200,2021-05-13 19:57:00,CFO
70.2,70.21,70.2,70.21,205,2021-05-13 19:59:00,CFO
70.21,70.21,70.21,70.21,201,2021-05-13 20:00:00,CFO
70.81,70.81,70.81,70.81,400,2021-05-14 13:29:00,CFO
70.66,70.66,70.66,70.66,3657,2021-05-14 13:30:00,CFO
70.73,70.73,70.73,70.73,300,2021-05-14 13:46:00,CFO
70.74,70.74,70.74,70.74,300,2021-05-14 13:48:00,CFO
70.7561,70.7561,70.7561,70.7561,113,2021-05-14 14:09:00,CFO
70.8677,70.8677,70.8677,70.8677,1528,2021-05-14 14:23:00,CFO
70.855,70.855,70.855,70.855,300,2021-05-14 14:26:00,CFO
70.855,70.855,70.855,70.855,204,2021-05-14 14:27:00,CFO
70.86,70.86,70.86,70.86,487,2021-05-14 14:28:00,CFO
70.83,70.83,70.83,70.83,473,2021-05-14 14:29:00,CFO
70.84,70.84,70.84,70.84,168,2021-05-14 14:48:00,CFO
70.8582,70.8582,70.8582,70.8582,264,2021-05-14 14:50:00,CFO
70.88,70.88,70.88,70.88,217,2021-05-14 14:52:00,CFO
70.8,70.8,70.8,70.8,683,2021-05-14 15:04:00,CFO
70.91,70.91,70.91,70.91,363,2021-05-14 15:17:00,CFO
70.92,70.92,70.92,70.92,100,2021-05-14 15:18:00,CFO
70.929,70.929,70.929,70.929,286,2021-05-14 15:44:00,CFO
70.95,70.95,70.95,70.95,100,2021-05-14 15:46:00,CFO
70.96,70.96,70.96,70.96,139,2021-05-14 16:02:00,CFO
70.965,70.965,70.965,70.965,268,2021-05-14 16:08:00,CFO
71.0,71.0,71.0,71.0,100,2021-05-14 16:13:00,CFO
71.019,71.019,71.019,71.019,140,2021-05-14 16:34:00,CFO
71.04,71.04,71.04,71.04,420,2021-05-14 16:35:00,CFO
71.04,71.04,71.04,71.04,700,2021-05-14 16:42:00,CFO
71.06,71.06,71.06,71.06,100,2021-05-14 16:49:00,CFO
71.06,71.06,71.06,71.06,1565,2021-05-14 16:55:00,CFO
71.05,71.05,71.05,71.05,366,2021-05-14 16:56:00,CFO
71.09,71.09,71.09,71.09,100,2021-05-14 17:22:00,CFO
71.109,71.109,71.1,71.1,750,2021-05-14 17:31:00,CFO
71.07,71.07,71.07,71.07,187,2021-05-14 17:34:00,CFO
71.08,71.08,71.08,71.08,295,2021-05-14 17:41:00,CFO
71.09,71.09,71.0899,71.0899,1032,2021-05-14 17:51:00,CFO
71.065,71.065,71.065,71.065,800,2021-05-14 17:54:00,CFO
71.09,71.09,71.09,71.09,100,2021-05-14 17:55:00,CFO
71.09,71.09,71.0892,71.0892,200,2021-05-14 18:00:00,CFO
71.1396,71.1396,71.1396,71.1396,474,2021-05-14 18:18:00,CFO
71.1001,71.1001,71.1001,71.1001,183,2021-05-14 18:24:00,CFO
71.13,71.13,71.13,71.13,100,2021-05-14 18:28:00,CFO
71.16,71.16,71.16,71.16,113,2021-05-14 18:35:00,CFO
71.21,71.21,71.21,71.21,105,2021-05-14 18:56:00,CFO
71.2,71.2,71.2,71.2,100,2021-05-14 19:00:00,CFO
71.145,71.145,71.14,71.14,300,2021-05-14 19:28:00,CFO
71.07,71.07,71.0379,71.0379,727,2021-05-14 19:38:00,CFO
71.06,71.06,71.06,71.06,800,2021-05-14 19:41:00,CFO
71.11,71.11,71.1,71.1,200,2021-05-14 19:50:00,CFO
71.16,71.16,71.16,71.16,500,2021-05-14 19:54:00,CFO
71.15,71.15,71.15,71.15,391,2021-05-14 19:55:00,CFO
71.12,71.12,71.11,71.11,975,2021-05-14 19:57:00,CFO
71.1,71.1,71.09,71.09,381,2021-05-14 19:59:00,CFO
70.95,70.95,70.95,70.95,1331,2021-05-17 13:30:00,CFO
70.96,70.96,70.96,70.96,144,2021-05-17 13:38:00,CFO
70.96,70.96,70.96,70.96,100,2021-05-17 13:41:00,CFO
70.77,70.77,70.76,70.77,800,2021-05-17 13:49:00,CFO
70.63,70.63,70.63,70.63,200,2021-05-17 13:51:00,CFO
70.66,70.66,70.66,70.66,100,2021-05-17 13:54:00,CFO
70.6899,70.6899,70.6899,70.6899,125,2021-05-17 14:12:00,CFO
70.8,70.8,70.8,70.8,417,2021-05-17 14:17:00,CFO
70.49,70.49,70.49,70.49,575,2021-05-17 14:34:00,CFO
70.68,70.68,70.68,70.68,354,2021-05-17 14:38:00,CFO
70.7,70.7,70.7,70.7,255,2021-05-17 14:41:00,CFO
70.69,70.69,70.69,70.69,970,2021-05-17 14:48:00,CFO
70.56,70.56,70.56,70.56,142,2021-05-17 15:03:00,CFO
70.65,70.65,70.65,70.65,282,2021-05-17 15:05:00,CFO
70.54,70.54,70.54,70.54,130,2021-05-17 15:11:00,CFO
70.66,70.66,70.66,70.66,100,2021-05-17 15:21:00,CFO
70.6,70.6,70.6,70.6,100,2021-05-17 15:30:00,CFO
70.61,70.61,70.61,70.61,100,2021-05-17 15:55:00,CFO
70.575,70.575,70.575,70.575,106,2021-05-17 15:57:00,CFO
70.69,70.69,70.69,70.69,201,2021-05-17 16:20:00,CFO
70.74,70.74,70.74,70.74,100,2021-05-17 16:28:00,CFO
70.75,70.75,70.75,70.75,100,2021-05-17 17:03:00,CFO
70.63,70.63,70.63,70.63,100,2021-05-17 17:45:00,CFO
70.7,70.7,70.7,70.7,120,2021-05-17 17:48:00,CFO
70.68,70.68,70.68,70.68,245,2021-05-17 18:02:00,CFO
70.72,70.72,70.72,70.72,1060,2021-05-17 18:05:00,CFO
70.7198,70.7198,70.7198,70.7198,790,2021-05-17 18:09:00,CFO
70.71,70.71,70.71,70.71,100,2021-05-17 18:11:00,CFO
70.6901,70.6901,70.6901,70.6901,2697,2021-05-17 18:17:00,CFO
70.7262,70.7262,70.7262,70.7262,428,2021-05-17 18:25:00,CFO
70.74,70.74,70.74,70.74,100,2021-05-17 18:27:00,CFO
70.797,70.8,70.797,70.8,353,2021-05-17 18:32:00,CFO
70.71,70.71,70.71,70.71,145,2021-05-17 18:41:00,CFO
70.83,70.83,70.83,70.83,100,2021-05-17 19:00:00,CFO
70.831,70.831,70.831,70.831,1415,2021-05-17 19:10:00,CFO
70.87,70.87,70.87,70.87,135,2021-05-17 19:11:00,CFO
70.84,70.84,70.84,70.84,800,2021-05-17 19:15:00,CFO
70.805,70.805,70.805,70.805,122,2021-05-17 19:17:00,CFO
70.7969,70.7969,70.7969,70.7969,220,2021-05-17 19:26:00,CFO
70.77,70.77,70.77,70.77,200,2021-05-17 19:27:00,CFO
70.74,70.74,70.73,70.73,300,2021-05-17 19:36:00,CFO
70.79,70.79,70.79,70.79,100,2021-05-17 19:49:00,CFO
70.77,70.77,70.77,70.77,278,2021-05-17 19:59:00,CFO
70.92,70.92,70.92,70.92,2082,2021-05-18 13:30:00,CFO
70.74,70.74,70.74,70.74,133,2021-05-18 13:34:00,CFO
70.725,70.725,70.725,70.725,211,2021-05-18 13:40:00,CFO
70.655,70.655,70.655,70.655,282,2021-05-18 13:52:00,CFO
70.605,70.605,70.605,70.605,146,2021-05-18 14:06:00,CFO
70.67,70.6745,70.66,70.66,768,2021-05-18 14:36:00,CFO
70.668,70.668,70.668,70.668,475,2021-05-18 15:18:00,CFO
70.7,70.7,70.7,70.7,100,2021-05-18 15:24:00,CFO
70.6679,70.6679,70.6679,70.6679,350,2021-05-18 15:26:00,CFO
70.62,70.62,70.62,70.62,100,2021-05-18 15:33:00,CFO
70.61,70.61,70.61,70.61,100,2021-05-18 15:42:00,CFO
70.61,70.61,70.61,70.61,109,2021-05-18 15:44:00,CFO
70.61,70.61,70.61,70.61,283,2021-05-18 15:52:00,CFO
70.59,70.59,70.58,70.584,400,2021-05-18 15:55:00,CFO
70.59,70.59,70.59,70.59,101,2021-05-18 16:07:00,CFO
70.5902,70.5902,70.5902,70.5902,124,2021-05-18 16:16:00,CFO
70.615,70.615,70.61,70.61,368,2021-05-18 16:18:00,CFO
70.6399,70.64,70.6399,70.64,524,2021-05-18 16:22:00,CFO
70.625,70.625,70.625,70.625,238,2021-05-18 16:23:00,CFO
70.659,70.66,70.659,70.66,1000,2021-05-18 16:28:00,CFO
70.65,70.66,70.65,70.66,656,2021-05-18 16:34:00,CFO
70.65,70.65,70.65,70.65,100,2021-05-18 16:41:00,CFO
70.65,70.65,70.65,70.65,100,2021-05-18 16:44:00,CFO
70.68,70.68,70.68,70.68,100,2021-05-18 16:56:00,CFO
70.65,70.65,70.65,70.65,200,2021-05-18 16:58:00,CFO
70.65,70.65,70.65,70.65,300,2021-05-18 17:00:00,CFO
70.65,70.65,70.65,70.65,100,2021-05-18 17:02:00,CFO
70.64,70.64,70.64,70.64,439,2021-05-18 17:10:00,CFO
70.64,70.64,70.64,70.64,100,2021-05-18 17:11:00,CFO
70.678,70.68,70.678,70.68,1500,2021-05-18 17:26:00,CFO
70.66,70.66,70.66,70.66,361,2021-05-18 17:39:00,CFO
70.7185,70.7185,70.7185,70.7185,100,2021-05-18 17:47:00,CFO
70.699,70.699,70.699,70.699,291,2021-05-18 17:51:00,CFO
70.69,70.69,70.69,70.69,100,2021-05-18 17:55:00,CFO
70.6268,70.6268,70.6268,70.6268,142,2021-05-18 18:09:00,CFO
70.6411,70.6411,70.6411,70.6411,139,2021-05-18 18:17:00,CFO
70.55,70.55,70.55,70.55,100,2021-05-18 18:30:00,CFO
70.53,70.53,70.53,70.53,537,2021-05-18 18:32:00,CFO
70.525,70.525,70.525,70.525,150,2021-05-18 18:33:00,CFO
70.45,70.45,70.45,70.45,390,2021-05-18 18:52:00,CFO
70.41,70.41,70.41,70.41,146,2021-05-18 18:55:00,CFO
70.441,70.441,70.441,70.441,200,2021-05-18 18:56:00,CFO
70.53,70.53,70.53,70.53,100,2021-05-18 19:09:00,CFO
70.5099,70.5099,70.5033,70.5033,1132,2021-05-18 19:11:00,CFO
70.4798,70.4798,70.4798,70.4798,1294,2021-05-18 19:12:00,CFO
70.49,70.49,70.49,70.49,550,2021-05-18 19:18:00,CFO
70.5,70.5,70.5,70.5,538,2021-05-18 19:23:00,CFO
70.5074,70.5074,70.5074,70.5074,300,2021-05-18 19:24:00,CFO
70.54,70.54,70.54,70.54,100,2021-05-18 19:32:00,CFO
70.58,70.58,70.58,70.58,283,2021-05-18 19:43:00,CFO
70.5,70.5,70.5,70.5,200,2021-05-18 19:46:00,CFO
70.27,70.27,70.27,70.27,203,2021-05-18 19:56:00,CFO
70.18,70.18,70.18,70.18,404,2021-05-18 20:00:00,CFO
69.26,69.26,69.25,69.25,1000,2021-05-19 13:29:00,CFO
69.33,69.33,69.29,69.32,1517,2021-05-19 13:30:00,CFO
69.32,69.32,69.32,69.32,200,2021-05-19 13:32:00,CFO
69.19,69.2,69.18,69.2,2000,2021-05-19 14:04:00,CFO
69.02,69.02,69.02,69.02,409,2021-05-19 14:12:00,CFO
69.1,69.1,69.1,69.1,500,2021-05-19 14:13:00,CFO
69.04,69.04,69.04,69.04,225,2021-05-19 14:15:00,CFO
69.229,69.229,69.229,69.229,207,2021-05-19 14:36:00,CFO
69.09,69.09,69.075,69.075,250,2021-05-19 14:39:00,CFO
69.065,69.065,69.065,69.065,124,2021-05-19 14:47:00,CFO
69.259,69.259,69.259,69.259,168,2021-05-19 14:57:00,CFO
69.25,69.25,69.2432,69.2432,1332,2021-05-19 15:01:00,CFO
69.175,69.175,69.175,69.175,150,2021-05-19 15:04:00,CFO
69.23,69.23,69.23,69.23,100,2021-05-19 15:06:00,CFO
69.369,69.369,69.369,69.369,737,2021-05-19 15:11:00,CFO
69.37,69.37,69.37,69.37,503,2021-05-19 15:13:00,CFO
69.38,69.38,69.38,69.38,1460,2021-05-19 15:15:00,CFO
69.43,69.43,69.43,69.43,115,2021-05-19 15:24:00,CFO
69.445,69.445,69.445,69.445,100,2021-05-19 15:30:00,CFO
69.315,69.32,69.315,69.32,200,2021-05-19 15:48:00,CFO
69.355,69.355,69.355,69.355,164,2021-05-19 15:50:00,CFO
69.42,69.42,69.42,69.42,100,2021-05-19 16:02:00,CFO
69.4299,69.43,69.4295,69.4295,520,2021-05-19 16:03:00,CFO
69.465,69.465,69.465,69.465,370,2021-05-19 16:07:00,CFO
69.525,69.525,69.525,69.525,719,2021-05-19 16:29:00,CFO
69.5,69.5,69.5,69.5,172,2021-05-19 16:31:00,CFO
69.53,69.53,69.53,69.53,736,2021-05-19 16:37:00,CFO
69.619,69.619,69.619,69.619,178,2021-05-19 16:43:00,CFO
69.59,69.59,69.59,69.59,150,2021-05-19 16:45:00,CFO
69.57,69.57,69.57,69.57,100,2021-05-19 16:47:00,CFO
69.55,69.55,69.55,69.55,286,2021-05-19 16:48:00,CFO
69.5801,69.5801,69.5801,69.5801,460,2021-05-19 16:59:00,CFO
69.6799,69.6799,69.6799,69.6799,100,2021-05-19 17:02:00,CFO
69.681,69.681,69.681,69.681,1439,2021-05-19 17:11:00,CFO
69.665,69.68,69.665,69.68,400,2021-05-19 17:29:00,CFO
69.52,69.52,69.52,69.52,144,2021-05-19 18:06:00,CFO
69.435,69.435,69.435,69.435,132,2021-05-19 18:12:00,CFO
69.38,69.38,69.38,69.38,100,2021-05-19 18:18:00,CFO
69.73,69.73,69.73,69.73,150,2021-05-19 18:26:00,CFO
69.7137,69.7137,69.7137,69.7137,101,2021-05-19 18:27:00,CFO
69.716,69.716,69.716,69.716,172,2021-05-19 18:29:00,CFO
69.56,69.56,69.56,69.56,121,2021-05-19 18:58:00,CFO
69.525,69.525,69.525,69.525,251,2021-05-19 18:59:00,CFO
69.72,69.72,69.72,69.72,338,2021-05-19 19:24:00,CFO
69.69,69.69,69.69,69.69,982,2021-05-19 19:26:00,CFO
69.65,69.66,69.65,69.66,1262,2021-05-19 19:45:00,CFO
69.7034,69.7034,69.7034,69.7034,144,2021-05-19 19:50:00,CFO
69.74,69.74,69.74,69.74,100,2021-05-19 19:53:00,CFO
69.82,69.82,69.82,69.82,133,2021-05-19 19:58:00,CFO
69.92,69.92,69.92,69.92,404,2021-05-20 13:30:00,CFO
70.01,70.01,70.01,70.01,300,2021-05-20 13:39:00,CFO
70.05,70.05,70.05,70.05,700,2021-05-20 13:44:00,CFO
70.21,70.219,70.21,70.219,300,2021-05-20 13:56:00,CFO
70.2372,70.2372,70.2372,70.2372,636,2021-05-20 14:02:00,CFO
70.2295,70.2295,70.2295,70.2295,669,2021-05-20 14:08:00,CFO
70.2394,70.2394,70.2394,70.2394,171,2021-05-20 14:34:00,CFO
70.2943,70.2943,70.2943,70.2943,569,2021-05-20 14:49:00,CFO
70.3204,70.3204,70.3204,70.3204,150,2021-05-20 14:59:00,CFO
70.38,70.38,70.38,70.38,4536,2021-05-20 15:01:00,CFO
70.365,70.365,70.365,70.365,278,2021-05-20 15:03:00,CFO
70.3812,70.3812,70.3812,70.3812,929,2021-05-20 15:04:00,CFO
70.385,70.385,70.385,70.385,100,2021-05-20 15:17:00,CFO
70.6,70.6,70.6,70.6,262,2021-05-20 15:53:00,CFO
70.51,70.51,70.51,70.51,300,2021-05-20 16:04:00,CFO
70.46,70.46,70.46,70.46,135,2021-05-20 16:06:00,CFO
70.509,70.509,70.509,70.509,355,2021-05-20 16:08:00,CFO
70.4644,70.4644,70.4644,70.4644,200,2021-05-20 16:18:00,CFO
70.459,70.459,70.459,70.459,189,2021-05-20 16:22:00,CFO
70.45,70.45,70.45,70.45,800,2021-05-20 16:24:00,CFO
70.449,70.46,70.449,70.45,2929,2021-05-20 16:25:00,CFO
70.399,70.399,70.399,70.399,300,2021-05-20 16:46:00,CFO
70.4396,70.4396,70.4396,70.4396,300,2021-05-20 16:56:00,CFO
70.4519,70.4519,70.4519,70.4519,284,2021-05-20 17:03:00,CFO
70.55,70.55,70.55,70.55,142,2021-05-20 17:25:00,CFO
70.55,70.55,70.54,70.54,200,2021-05-20 17:26:00,CFO
70.5579,70.5579,70.5579,70.5579,215,2021-05-20 17:39:00,CFO
70.539,70.539,70.539,70.539,150,2021-05-20 18:02:00,CFO
70.5001,70.559,70.5001,70.559,725,2021-05-20 18:06:00,CFO
70.52,70.52,70.52,70.52,142,2021-05-20 18:11:00,CFO
70.55,70.55,70.55,70.55,673,2021-05-20 18:14:00,CFO
70.51,70.51,70.51,70.51,450,2021-05-20 18:16:00,CFO
70.5559,70.5559,70.5559,70.5559,183,2021-05-20 18:31:00,CFO
70.5581,70.5581,70.5581,70.5581,263,2021-05-20 18:45:00,CFO
70.57,70.57,70.57,70.57,196,2021-05-20 19:02:00,CFO
70.62,70.62,70.62,70.62,193,2021-05-20 19:18:00,CFO
70.699,70.699,70.699,70.699,126,2021-05-20 19:30:00,CFO
70.5801,70.5801,70.5801,70.5801,300,2021-05-20 19:40:00,CFO
70.596,70.61,70.596,70.61,800,2021-05-20 19:45:00,CFO
70.529,70.529,70.529,70.529,206,2021-05-20 19:54:00,CFO
70.52,70.52,70.52,70.52,400,2021-05-20 19:55:00,CFO
70.48,70.48,70.47,70.47,531,2021-05-20 19:59:00,CFO
70.74,70.77,70.74,70.76,827,2021-05-21 13:30:00,CFO
70.82,70.82,70.82,70.82,100,2021-05-21 13:32:00,CFO
71.03,71.04,71.03,71.04,300,2021-05-21 13:39:00,CFO
71.02,71.02,71.02,71.02,100,2021-05-21 13:45:00,CFO
70.99,70.99,70.99,70.99,100,2021-05-21 13:46:00,CFO
70.92,70.92,70.92,70.92,200,2021-05-21 13:48:00,CFO
70.945,70.945,70.945,70.945,140,2021-05-21 13:51:00,CFO
70.99,70.99,70.99,70.99,200,2021-05-21 13:55:00,CFO
71.01,71.01,71.01,71.01,100,2021-05-21 14:05:00,CFO
70.8968,70.8968,70.8968,70.8968,294,2021-05-21 14:24:00,CFO
70.945,70.945,70.945,70.945,588,2021-05-21 14:31:00,CFO
70.94,70.94,70.94,70.94,100,2021-05-21 14:35:00,CFO
70.865,70.865,70.865,70.865,125,2021-05-21 14:40:00,CFO
70.98,70.98,70.98,70.98,134,2021-05-21 15:11:00,CFO
70.855,70.855,70.855,70.855,150,2021-05-21 15:32:00,CFO
70.73,70.73,70.73,70.73,1017,2021-05-21 15:59:00,CFO
70.72,70.779,70.72,70.779,240,2021-05-21 16:04:00,CFO
70.75,70.75,70.75,70.75,434,2021-05-21 16:06:00,CFO
70.6431,70.6431,70.6431,70.6431,376,2021-05-21 16:18:00,CFO
70.6301,70.6301,70.6301,70.6301,121,2021-05-21 16:25:00,CFO
70.485,70.485,70.485,70.485,162,2021-05-21 16:58:00,CFO
70.52,70.52,70.52,70.52,595,2021-05-21 17:04:00,CFO
70.555,70.555,70.555,70.555,325,2021-05-21 17:06:00,CFO
70.66,70.66,70.66,70.66,100,2021-05-21 17:38:00,CFO
70.6449,70.6449,70.6449,70.6449,585,2021-05-21 17:46:00,CFO
70.66,70.66,70.66,70.66,2200,2021-05-21 17:54:00,CFO
70.7,70.7,70.7,70.7,360,2021-05-21 18:08:00,CFO
70.7,70.7,70.7,70.7,335,2021-05-21 18:12:00,CFO
70.69,70.69,70.69,70.69,375,2021-05-21 18:15:00,CFO
70.69,70.69,70.69,70.69,650,2021-05-21 18:17:00,CFO
70.63,70.64,70.63,70.64,630,2021-05-21 18:37:00,CFO
70.61,70.61,70.61,70.61,250,2021-05-21 18:45:00,CFO
70.6,70.6,70.6,70.6,300,2021-05-21 18:46:00,CFO
70.64,70.64,70.64,70.64,530,2021-05-21 18:57:00,CFO
70.63,70.63,70.63,70.63,300,2021-05-21 19:08:00,CFO
70.67,70.695,70.67,70.695,290,2021-05-21 19:14:00,CFO
70.69,70.69,70.69,70.69,170,2021-05-21 19:17:00,CFO
70.71,70.71,70.71,70.71,350,2021-05-21 19:29:00,CFO
70.7083,70.7083,70.7083,70.7083,150,2021-05-21 19:37:00,CFO
70.671,70.671,70.671,70.671,230,2021-05-21 19:38:00,CFO
70.6421,70.6421,70.6421,70.6421,100,2021-05-21 19:42:00,CFO
70.645,70.645,70.645,70.645,100,2021-05-21 19:43:00,CFO
70.69,70.69,70.69,70.69,114,2021-05-21 19:53:00,CFO
70.59,70.59,70.57,70.57,300,2021-05-21 19:59:00,CFO
