open,high,low,close,volume,datetime,symbol
75.28,75.28,75.28,75.28,1583,2020-09-14 13:30:00,RARE
75.5387,76.11,75.51,75.51,2322,2020-09-14 13:35:00,RARE
75.6838,76.03,75.52,76.03,1435,2020-09-14 13:40:00,RARE
75.9298,76.44,75.89,76.4134,2000,2020-09-14 13:45:00,RARE
76.26,76.26,76.13,76.13,400,2020-09-14 13:50:00,RARE
76.16,76.35,76.16,76.35,300,2020-09-14 13:55:00,RARE
76.4,76.59,76.3,76.59,800,2020-09-14 14:00:00,RARE
76.59,76.92,76.57,76.68,1607,2020-09-14 14:05:00,RARE
76.72,77.08,76.615,76.765,1834,2020-09-14 14:10:00,RARE
77.02,77.02,76.89,76.89,600,2020-09-14 14:15:00,RARE
77.06,77.15,76.86,77.06,1100,2020-09-14 14:20:00,RARE
77.235,77.29,77.04,77.26,1872,2020-09-14 14:25:00,RARE
77.2125,77.355,77.095,77.34,1100,2020-09-14 14:30:00,RARE
77.54,77.54,77.43,77.43,600,2020-09-14 14:35:00,RARE
77.405,77.405,77.27,77.36,1217,2020-09-14 14:40:00,RARE
77.24,77.36,77.24,77.36,1200,2020-09-14 14:45:00,RARE
77.22,77.49,77.16,77.49,2600,2020-09-14 14:50:00,RARE
77.46,78.25,77.46,78.25,2200,2020-09-14 14:55:00,RARE
78.14,78.14,77.98,77.98,1450,2020-09-14 15:00:00,RARE
78.03,78.03,78.01,78.01,600,2020-09-14 15:05:00,RARE
78.005,78.005,77.77,77.885,1368,2020-09-14 15:10:00,RARE
78.105,78.17,77.89,77.925,1500,2020-09-14 15:15:00,RARE
78.12,78.36,78.08,78.185,2700,2020-09-14 15:20:00,RARE
78.11,78.24,77.84,78.09,2600,2020-09-14 15:25:00,RARE
78.05,78.22,77.985,77.99,7730,2020-09-14 15:30:00,RARE
78.09,78.09,77.95,78.0,3900,2020-09-14 15:35:00,RARE
77.92,78.03,77.89,78.0,5392,2020-09-14 15:40:00,RARE
77.98,77.98,77.54,77.7,8002,2020-09-14 15:45:00,RARE
77.74,77.74,77.66,77.695,800,2020-09-14 15:50:00,RARE
77.655,77.655,77.35,77.51,7775,2020-09-14 15:55:00,RARE
77.64,77.65,77.55,77.56,800,2020-09-14 16:00:00,RARE
77.52,77.615,77.45,77.615,2495,2020-09-14 16:05:00,RARE
77.65,77.65,77.53,77.555,2100,2020-09-14 16:10:00,RARE
77.47,77.64,77.435,77.51,2404,2020-09-14 16:15:00,RARE
77.5,77.66,77.475,77.66,700,2020-09-14 16:20:00,RARE
77.71,77.83,77.6,77.6,3200,2020-09-14 16:25:00,RARE
77.59,77.59,77.495,77.495,1497,2020-09-14 16:30:00,RARE
77.56,77.57,77.52,77.52,500,2020-09-14 16:35:00,RARE
77.59,77.74,77.53,77.645,2100,2020-09-14 16:40:00,RARE
77.605,77.65,77.495,77.53,1506,2020-09-14 16:45:00,RARE
77.58,77.64,77.45,77.45,4548,2020-09-14 16:50:00,RARE
77.5175,77.67,77.47,77.631,2600,2020-09-14 16:55:00,RARE
77.665,77.7,77.44,77.54,4650,2020-09-14 17:00:00,RARE
77.61,77.61,77.34,77.39,1100,2020-09-14 17:05:00,RARE
77.6,77.65,77.54,77.56,3805,2020-09-14 17:10:00,RARE
77.43,77.43,77.36,77.38,600,2020-09-14 17:15:00,RARE
77.255,77.31,77.255,77.3,800,2020-09-14 17:20:00,RARE
77.24,77.42,77.185,77.38,1000,2020-09-14 17:25:00,RARE
77.425,77.425,77.22,77.32,900,2020-09-14 17:30:00,RARE
77.31,77.595,77.3,77.59,2800,2020-09-14 17:35:00,RARE
77.6,77.6,77.28,77.39,4772,2020-09-14 17:40:00,RARE
77.33,77.44,77.32,77.335,7978,2020-09-14 17:45:00,RARE
77.37,77.43,77.19,77.19,2160,2020-09-14 17:50:00,RARE
77.22,77.31,77.22,77.235,925,2020-09-14 17:55:00,RARE
77.08,77.16,77.08,77.16,800,2020-09-14 18:00:00,RARE
77.17,77.31,77.14,77.25,1800,2020-09-14 18:05:00,RARE
77.205,77.47,77.19,77.38,2304,2020-09-14 18:10:00,RARE
77.38,77.44,77.21,77.21,2219,2020-09-14 18:15:00,RARE
77.2,77.33,77.15,77.18,3682,2020-09-14 18:20:00,RARE
77.16,77.16,76.8,76.95,1500,2020-09-14 18:25:00,RARE
77.005,77.1,76.89,76.96,1900,2020-09-14 18:30:00,RARE
76.95,77.03,76.89,76.89,1000,2020-09-14 18:35:00,RARE
76.9,77.12,76.89,76.91,3000,2020-09-14 18:40:00,RARE
76.96,77.19,76.96,77.13,2500,2020-09-14 18:45:00,RARE
77.06,77.06,76.51,76.55,4996,2020-09-14 18:50:00,RARE
76.49,76.69,76.28,76.61,2700,2020-09-14 18:55:00,RARE
76.61,76.69,76.57,76.57,1500,2020-09-14 19:00:00,RARE
76.62,76.855,76.61,76.855,2100,2020-09-14 19:05:00,RARE
76.74,76.74,76.55,76.68,1700,2020-09-14 19:10:00,RARE
76.67,76.88,76.67,76.865,3100,2020-09-14 19:15:00,RARE
76.95,76.95,76.62,76.62,1800,2020-09-14 19:20:00,RARE
76.62,76.93,76.62,76.82,2400,2020-09-14 19:25:00,RARE
76.87,76.945,76.82,76.945,3130,2020-09-14 19:30:00,RARE
76.98,77.07,76.95,76.9998,5454,2020-09-14 19:35:00,RARE
77.0,77.12,76.945,77.025,8861,2020-09-14 19:40:00,RARE
76.98,77.17,76.905,76.97,14652,2020-09-14 19:45:00,RARE
77.02,77.09,76.51,76.65,38656,2020-09-14 19:50:00,RARE
76.67,77.32,76.67,77.15,59282,2020-09-14 19:55:00,RARE
77.24,77.24,77.24,77.24,153124,2020-09-14 20:00:00,RARE
78.0,78.62,77.36,78.62,2738,2020-09-15 13:30:00,RARE
78.035,78.61,78.035,78.61,200,2020-09-15 13:35:00,RARE
78.95,78.95,78.34,78.765,1600,2020-09-15 13:40:00,RARE
78.61,78.82,78.59,78.74,2911,2020-09-15 13:45:00,RARE
78.81,79.25,78.75,79.25,2110,2020-09-15 13:50:00,RARE
79.36,80.0,79.295,80.0,3667,2020-09-15 13:55:00,RARE
79.7775,79.7775,79.51,79.57,1100,2020-09-15 14:00:00,RARE
79.65,80.17,79.535,80.17,13883,2020-09-15 14:05:00,RARE
80.33,80.46,80.09,80.19,9269,2020-09-15 14:10:00,RARE
80.33,80.68,80.144,80.585,1800,2020-09-15 14:15:00,RARE
80.75,81.0,80.51,80.51,4200,2020-09-15 14:20:00,RARE
80.515,80.635,80.515,80.635,300,2020-09-15 14:25:00,RARE
80.8,80.93,80.58,80.76,1200,2020-09-15 14:30:00,RARE
80.91,80.92,80.47,80.47,2100,2020-09-15 14:35:00,RARE
80.33,80.33,79.98,80.05,1823,2020-09-15 14:40:00,RARE
80.05,80.18,80.02,80.08,3370,2020-09-15 14:45:00,RARE
80.18,80.27,80.18,80.27,570,2020-09-15 14:50:00,RARE
80.19,80.51,80.19,80.45,3500,2020-09-15 14:55:00,RARE
80.47,80.755,80.47,80.755,700,2020-09-15 15:00:00,RARE
80.87,80.89,80.41,80.64,3546,2020-09-15 15:05:00,RARE
80.62,80.66,80.35,80.37,800,2020-09-15 15:10:00,RARE
80.47,80.62,80.47,80.62,500,2020-09-15 15:15:00,RARE
80.73,80.79,80.66,80.66,1500,2020-09-15 15:20:00,RARE
80.73,80.75,80.62,80.72,1500,2020-09-15 15:25:00,RARE
80.76,80.76,80.7,80.7,200,2020-09-15 15:30:00,RARE
80.73,80.97,80.61,80.97,1895,2020-09-15 15:35:00,RARE
81.05,81.05,80.84,80.965,2500,2020-09-15 15:40:00,RARE
80.91,81.09,80.62,80.67,4150,2020-09-15 15:45:00,RARE
80.7,80.7,80.47,80.54,1400,2020-09-15 15:50:00,RARE
80.62,80.62,80.36,80.36,900,2020-09-15 15:55:00,RARE
80.34,80.39,80.34,80.39,500,2020-09-15 16:00:00,RARE
80.3,80.35,80.25,80.33,2180,2020-09-15 16:05:00,RARE
80.36,80.36,80.25,80.29,600,2020-09-15 16:10:00,RARE
80.53,80.57,80.425,80.55,1858,2020-09-15 16:15:00,RARE
80.685,80.76,80.61,80.76,1461,2020-09-15 16:20:00,RARE
80.74,80.96,80.74,80.845,1200,2020-09-15 16:25:00,RARE
80.84,80.95,80.83,80.94,1335,2020-09-15 16:30:00,RARE
80.83,81.07,80.82,81.07,1203,2020-09-15 16:35:00,RARE
81.1,81.11,81.01,81.105,2543,2020-09-15 16:40:00,RARE
81.03,81.055,80.79,80.94,4050,2020-09-15 16:45:00,RARE
81.03,81.03,81.03,81.03,100,2020-09-15 16:50:00,RARE
81.1,81.18,81.065,81.14,1100,2020-09-15 16:55:00,RARE
81.24,81.36,81.24,81.32,761,2020-09-15 17:00:00,RARE
81.26,81.27,81.23,81.23,400,2020-09-15 17:05:00,RARE
81.21,81.265,81.17,81.26,600,2020-09-15 17:10:00,RARE
81.33,81.36,81.27,81.315,828,2020-09-15 17:15:00,RARE
81.26,81.33,81.23,81.33,800,2020-09-15 17:20:00,RARE
81.46,81.525,81.4,81.525,1500,2020-09-15 17:25:00,RARE
81.57,81.57,81.52,81.57,300,2020-09-15 17:30:00,RARE
81.49,81.49,81.42,81.43,608,2020-09-15 17:35:00,RARE
81.41,81.59,81.41,81.59,1600,2020-09-15 17:40:00,RARE
81.66,81.66,81.6,81.6,200,2020-09-15 17:45:00,RARE
81.71,81.86,81.67,81.86,500,2020-09-15 17:50:00,RARE
81.88,82.02,81.81,82.02,2400,2020-09-15 17:55:00,RARE
81.99,82.14,81.79,81.79,4300,2020-09-15 18:00:00,RARE
81.795,81.795,81.69,81.79,1400,2020-09-15 18:05:00,RARE
81.805,82.23,81.805,82.23,2600,2020-09-15 18:10:00,RARE
82.23,82.37,82.2,82.3,1855,2020-09-15 18:15:00,RARE
82.29,82.36,82.15,82.3161,2600,2020-09-15 18:20:00,RARE
82.36,82.46,82.3,82.3,2681,2020-09-15 18:25:00,RARE
82.27,82.27,81.89,81.955,3500,2020-09-15 18:30:00,RARE
81.95,82.26,81.95,82.26,4100,2020-09-15 18:35:00,RARE
82.28,82.41,82.22,82.355,4200,2020-09-15 18:40:00,RARE
82.45,82.45,82.35,82.405,2100,2020-09-15 18:45:00,RARE
82.41,82.48,82.26,82.26,2854,2020-09-15 18:50:00,RARE
82.42,82.48,82.37,82.46,2000,2020-09-15 18:55:00,RARE
82.47,82.47,82.27,82.325,2200,2020-09-15 19:00:00,RARE
82.27,82.27,81.69,81.86,3400,2020-09-15 19:05:00,RARE
81.82,82.06,81.82,81.94,2860,2020-09-15 19:10:00,RARE
81.9,82.085,81.77,81.99,2498,2020-09-15 19:15:00,RARE
81.89,81.935,81.82,81.87,2701,2020-09-15 19:20:00,RARE
81.88,82.07,81.88,82.02,3200,2020-09-15 19:25:00,RARE
82.03,82.12,81.58,81.62,4207,2020-09-15 19:30:00,RARE
81.63,81.63,81.34,81.49,3600,2020-09-15 19:35:00,RARE
81.43,81.64,81.36,81.555,5625,2020-09-15 19:40:00,RARE
81.52,81.68,81.5,81.65,6600,2020-09-15 19:45:00,RARE
81.5,82.06,81.5,82.06,12721,2020-09-15 19:50:00,RARE
82.02,82.06,81.15,81.23,84983,2020-09-15 19:55:00,RARE
81.23,81.23,81.23,81.23,34218,2020-09-15 20:00:00,RARE
81.49,82.9971,81.13,82.9971,1536,2020-09-16 13:30:00,RARE
81.67,81.67,81.6,81.6,200,2020-09-16 13:35:00,RARE
82.68,82.73,82.115,82.115,500,2020-09-16 13:40:00,RARE
81.79,82.08,81.76,81.885,1200,2020-09-16 13:45:00,RARE
82.3402,82.64,82.3402,82.395,650,2020-09-16 13:50:00,RARE
82.07,82.59,82.07,82.52,531,2020-09-16 13:55:00,RARE
82.5,82.5,82.045,82.045,1302,2020-09-16 14:00:00,RARE
82.73,82.73,82.43,82.43,300,2020-09-16 14:05:00,RARE
82.72,82.72,82.17,82.34,1400,2020-09-16 14:10:00,RARE
82.52,82.555,82.52,82.555,400,2020-09-16 14:15:00,RARE
82.915,82.915,82.86,82.86,200,2020-09-16 14:20:00,RARE
82.7,83.22,82.69,83.16,4008,2020-09-16 14:25:00,RARE
83.14,83.227,82.825,83.03,3659,2020-09-16 14:30:00,RARE
83.04,83.05,82.82,82.94,3303,2020-09-16 14:35:00,RARE
83.0,83.08,82.94,82.975,2698,2020-09-16 14:40:00,RARE
83.0,83.32,82.945,83.19,17156,2020-09-16 14:45:00,RARE
83.27,83.4067,83.24,83.405,1200,2020-09-16 14:50:00,RARE
83.41,83.53,83.16,83.16,3000,2020-09-16 14:55:00,RARE
83.08,83.425,82.98,83.425,1500,2020-09-16 15:00:00,RARE
83.41,83.44,82.925,82.925,5680,2020-09-16 15:05:00,RARE
82.79,82.79,82.45,82.66,2100,2020-09-16 15:10:00,RARE
82.67,82.77,82.6,82.74,2263,2020-09-16 15:15:00,RARE
82.75,82.88,82.65,82.65,900,2020-09-16 15:20:00,RARE
82.76,82.81,82.6,82.72,1600,2020-09-16 15:25:00,RARE
82.8,82.895,82.75,82.75,800,2020-09-16 15:30:00,RARE
82.685,82.79,82.46,82.46,1400,2020-09-16 15:35:00,RARE
82.49,82.59,82.49,82.5,600,2020-09-16 15:40:00,RARE
82.435,82.435,82.3068,82.3068,300,2020-09-16 15:45:00,RARE
82.2,82.2,82.18,82.18,300,2020-09-16 15:50:00,RARE
82.37,82.54,82.315,82.54,500,2020-09-16 15:55:00,RARE
82.62,82.75,82.22,82.249,6600,2020-09-16 16:00:00,RARE
82.25,82.25,82.2,82.22,1930,2020-09-16 16:05:00,RARE
82.23,82.25,82.18,82.25,947,2020-09-16 16:10:00,RARE
82.24,82.59,82.2,82.59,5553,2020-09-16 16:15:00,RARE
82.57,82.675,82.5,82.61,1900,2020-09-16 16:20:00,RARE
82.74,82.885,82.55,82.55,2600,2020-09-16 16:25:00,RARE
82.565,82.64,82.54,82.59,1995,2020-09-16 16:30:00,RARE
82.57,82.76,82.56,82.76,800,2020-09-16 16:35:00,RARE
82.705,82.705,82.38,82.49,4289,2020-09-16 16:40:00,RARE
82.44,82.48,82.11,82.19,1972,2020-09-16 16:45:00,RARE
82.3,82.62,82.26,82.61,2000,2020-09-16 16:50:00,RARE
82.61,82.79,82.52,82.79,9409,2020-09-16 16:55:00,RARE
82.72,82.99,82.715,82.99,1011,2020-09-16 17:00:00,RARE
82.98,82.98,82.7,82.7,1000,2020-09-16 17:05:00,RARE
82.76,82.89,82.76,82.88,700,2020-09-16 17:10:00,RARE
83.04,83.095,83.04,83.08,300,2020-09-16 17:15:00,RARE
83.04,83.1669,83.01,83.01,1552,2020-09-16 17:20:00,RARE
83.08,83.11,82.89,82.96,900,2020-09-16 17:25:00,RARE
82.93,82.93,82.88,82.89,800,2020-09-16 17:30:00,RARE
82.89,82.91,82.875,82.88,500,2020-09-16 17:35:00,RARE
82.935,83.14,82.935,83.14,800,2020-09-16 17:40:00,RARE
83.08,83.09,83.01,83.03,900,2020-09-16 17:45:00,RARE
83.0,83.21,83.0,83.21,600,2020-09-16 17:50:00,RARE
83.4,83.48,83.4,83.48,2700,2020-09-16 17:55:00,RARE
83.48,83.65,83.175,83.19,4600,2020-09-16 18:00:00,RARE
83.43,83.56,83.22,83.22,700,2020-09-16 18:05:00,RARE
83.35,83.465,83.34,83.465,800,2020-09-16 18:10:00,RARE
83.53,83.54,83.36,83.53,2896,2020-09-16 18:15:00,RARE
83.58,83.58,83.29,83.29,700,2020-09-16 18:20:00,RARE
83.255,83.44,83.21,83.44,6200,2020-09-16 18:25:00,RARE
83.55,83.55,83.36,83.37,1200,2020-09-16 18:30:00,RARE
83.38,83.39,83.25,83.36,2136,2020-09-16 18:35:00,RARE
83.51,83.51,83.3,83.33,2560,2020-09-16 18:40:00,RARE
83.235,83.235,82.91,82.96,1953,2020-09-16 18:45:00,RARE
82.985,83.14,82.85,82.85,1500,2020-09-16 18:50:00,RARE
82.89,82.985,82.8,82.81,2075,2020-09-16 18:55:00,RARE
82.96,83.005,82.88,82.908,1675,2020-09-16 19:00:00,RARE
83.0,83.0,82.73,82.75,2000,2020-09-16 19:05:00,RARE
82.83,82.83,82.345,82.4,1300,2020-09-16 19:10:00,RARE
82.41,82.44,82.21,82.33,1309,2020-09-16 19:15:00,RARE
82.38,82.59,82.35,82.37,1801,2020-09-16 19:20:00,RARE
82.335,82.36,82.26,82.36,400,2020-09-16 19:25:00,RARE
82.325,82.33,82.12,82.15,1400,2020-09-16 19:30:00,RARE
82.3,82.45,82.02,82.11,2800,2020-09-16 19:35:00,RARE
82.0,82.23,81.94,82.23,5200,2020-09-16 19:40:00,RARE
82.29,82.53,82.28,82.37,2700,2020-09-16 19:45:00,RARE
82.4,82.53,82.29,82.43,6582,2020-09-16 19:50:00,RARE
82.48,82.75,82.27,82.38,33289,2020-09-16 19:55:00,RARE
82.4,82.4,82.4,82.4,93778,2020-09-16 20:00:00,RARE
82.0,82.0,82.0,82.0,100,2020-09-16 20:05:00,RARE
81.02,81.02,80.48,80.48,2153,2020-09-17 13:30:00,RARE
80.5,81.0,80.49,80.52,1300,2020-09-17 13:35:00,RARE
80.47,80.47,80.44,80.44,373,2020-09-17 13:40:00,RARE
80.93,81.18,80.93,81.18,600,2020-09-17 13:45:00,RARE
81.45,81.45,81.45,81.45,100,2020-09-17 13:50:00,RARE
81.63,81.66,81.63,81.66,300,2020-09-17 13:55:00,RARE
81.735,81.735,81.645,81.645,200,2020-09-17 14:00:00,RARE
81.58,82.02,81.58,82.02,1012,2020-09-17 14:05:00,RARE
82.06,82.06,81.73,81.75,400,2020-09-17 14:10:00,RARE
81.95,82.16,81.86,82.09,3279,2020-09-17 14:15:00,RARE
82.1,82.38,81.777,81.777,900,2020-09-17 14:20:00,RARE
81.8475,82.02,81.47,81.8,1835,2020-09-17 14:25:00,RARE
81.78,81.985,81.66,81.985,700,2020-09-17 14:30:00,RARE
82.1,82.1,81.97,81.97,500,2020-09-17 14:35:00,RARE
82.05,82.065,81.92,82.06,500,2020-09-17 14:40:00,RARE
82.21,82.21,81.89,82.095,1264,2020-09-17 14:45:00,RARE
82.29,82.33,82.26,82.29,1300,2020-09-17 14:50:00,RARE
82.19,82.19,81.84,81.925,700,2020-09-17 14:55:00,RARE
81.91,82.01,81.8578,81.8578,2619,2020-09-17 15:00:00,RARE
82.07,82.21,82.0,82.1,1000,2020-09-17 15:05:00,RARE
82.23,82.32,82.23,82.32,300,2020-09-17 15:10:00,RARE
82.32,82.39,82.17,82.18,500,2020-09-17 15:15:00,RARE
82.09,82.2,82.05,82.07,1200,2020-09-17 15:20:00,RARE
82.05,82.17,82.0,82.0,1000,2020-09-17 15:25:00,RARE
82.15,82.16,82.04,82.04,1100,2020-09-17 15:30:00,RARE
82.03,82.03,81.95,81.97,6600,2020-09-17 15:35:00,RARE
81.79,82.0,81.69,82.0,2660,2020-09-17 15:40:00,RARE
81.95,81.955,81.95,81.95,300,2020-09-17 15:45:00,RARE
81.85,81.85,81.73,81.73,410,2020-09-17 15:50:00,RARE
81.79,81.79,81.57,81.57,600,2020-09-17 15:55:00,RARE
81.51,81.51,81.3,81.44,700,2020-09-17 16:00:00,RARE
81.51,81.53,81.25,81.49,8332,2020-09-17 16:05:00,RARE
81.5,81.52,81.37,81.5,2400,2020-09-17 16:10:00,RARE
81.47,81.51,81.19,81.37,3689,2020-09-17 16:15:00,RARE
81.47,81.54,81.36,81.45,1300,2020-09-17 16:20:00,RARE
81.375,81.7,81.36,81.67,1600,2020-09-17 16:25:00,RARE
81.68,81.77,81.68,81.77,400,2020-09-17 16:30:00,RARE
81.88,81.88,81.88,81.88,100,2020-09-17 16:35:00,RARE
81.77,81.77,81.58,81.6,800,2020-09-17 16:45:00,RARE
81.72,81.81,81.68,81.68,500,2020-09-17 16:50:00,RARE
81.78,81.78,81.67,81.72,1000,2020-09-17 16:55:00,RARE
81.7644,81.7644,81.66,81.75,515,2020-09-17 17:00:00,RARE
81.77,82.07,81.77,82.07,2102,2020-09-17 17:05:00,RARE
82.15,82.15,81.82,81.83,2200,2020-09-17 17:10:00,RARE
81.82,81.82,81.635,81.71,1522,2020-09-17 17:15:00,RARE
81.65,81.8,81.64,81.8,700,2020-09-17 17:20:00,RARE
82.015,82.15,81.98,82.04,1000,2020-09-17 17:25:00,RARE
82.12,82.37,82.095,82.22,1200,2020-09-17 17:30:00,RARE
82.22,82.28,82.14,82.16,1706,2020-09-17 17:35:00,RARE
82.225,82.225,81.93,82.01,4005,2020-09-17 17:40:00,RARE
82.02,82.07,81.96,81.97,2855,2020-09-17 17:45:00,RARE
81.98,82.03,81.95,81.97,1350,2020-09-17 17:50:00,RARE
82.02,82.02,81.9,81.92,1800,2020-09-17 17:55:00,RARE
82.04,82.06,81.915,82.03,1300,2020-09-17 18:00:00,RARE
82.04,82.07,81.94,81.94,5821,2020-09-17 18:05:00,RARE
81.94,82.4299,81.93,82.4299,9821,2020-09-17 18:10:00,RARE
82.45,82.61,82.44,82.44,1727,2020-09-17 18:15:00,RARE
82.43,82.43,82.21,82.3,1300,2020-09-17 18:20:00,RARE
82.24,82.31,82.18,82.27,1900,2020-09-17 18:25:00,RARE
82.14,82.28,82.07,82.09,1022,2020-09-17 18:30:00,RARE
82.1,82.21,82.1,82.12,2190,2020-09-17 18:35:00,RARE
82.26,82.5,82.18,82.45,1800,2020-09-17 18:40:00,RARE
82.45,82.62,82.43,82.62,824,2020-09-17 18:45:00,RARE
82.5,82.69,82.44,82.68,1916,2020-09-17 18:50:00,RARE
82.53,82.59,82.52,82.59,600,2020-09-17 18:55:00,RARE
82.6,82.6,82.27,82.29,1700,2020-09-17 19:00:00,RARE
82.24,82.35,82.24,82.35,500,2020-09-17 19:05:00,RARE
82.37,82.5,82.37,82.5,300,2020-09-17 19:10:00,RARE
82.54,82.54,82.35,82.47,1400,2020-09-17 19:15:00,RARE
82.47,82.52,82.425,82.47,2602,2020-09-17 19:20:00,RARE
82.47,82.47,82.21,82.28,3100,2020-09-17 19:25:00,RARE
82.21,82.39,82.21,82.39,1100,2020-09-17 19:30:00,RARE
82.375,82.48,82.29,82.48,938,2020-09-17 19:35:00,RARE
82.53,82.58,82.35,82.35,1500,2020-09-17 19:40:00,RARE
82.31,82.31,82.115,82.17,2100,2020-09-17 19:45:00,RARE
82.17,82.46,82.14,82.43,6417,2020-09-17 19:50:00,RARE
82.44,82.48,82.18,82.18,31479,2020-09-17 19:55:00,RARE
82.42,82.42,82.42,82.42,72045,2020-09-17 20:00:00,RARE
82.42,82.42,82.42,82.42,12825,2020-09-17 20:20:00,RARE
83.73,84.09,83.73,83.985,80175,2020-09-18 13:30:00,RARE
83.5,83.5,83.08,83.3,2049,2020-09-18 13:35:00,RARE
83.37,83.48,83.37,83.48,432,2020-09-18 13:40:00,RARE
83.49,83.86,83.36,83.67,5400,2020-09-18 13:45:00,RARE
83.83,84.46,83.83,84.46,3317,2020-09-18 13:50:00,RARE
84.585,84.585,84.385,84.385,1455,2020-09-18 13:55:00,RARE
84.31,84.58,84.1196,84.57,5660,2020-09-18 14:00:00,RARE
84.59,84.63,84.35,84.3568,1790,2020-09-18 14:05:00,RARE
84.265,84.265,83.96,84.17,2837,2020-09-18 14:10:00,RARE
84.26,84.26,83.92,83.92,600,2020-09-18 14:15:00,RARE
83.73,83.94,83.73,83.91,400,2020-09-18 14:20:00,RARE
84.18,84.4,83.96,84.4,3000,2020-09-18 14:25:00,RARE
84.52,84.63,84.42,84.42,500,2020-09-18 14:30:00,RARE
84.66,84.68,84.6,84.68,800,2020-09-18 14:35:00,RARE
84.67,84.8,84.5,84.68,1513,2020-09-18 14:40:00,RARE
84.69,84.69,84.23,84.23,800,2020-09-18 14:45:00,RARE
84.23,84.24,84.1,84.13,2020,2020-09-18 14:50:00,RARE
84.31,84.31,83.8,83.82,2450,2020-09-18 14:55:00,RARE
83.815,83.86,83.72,83.86,3410,2020-09-18 15:00:00,RARE
83.895,84.02,83.69,83.825,7006,2020-09-18 15:05:00,RARE
83.825,83.89,83.72,83.74,2541,2020-09-18 15:10:00,RARE
83.89,84.04,83.62,83.62,800,2020-09-18 15:15:00,RARE
83.73,83.98,83.73,83.89,600,2020-09-18 15:20:00,RARE
83.94,83.96,83.74,83.81,1900,2020-09-18 15:25:00,RARE
83.74,83.74,83.64,83.69,400,2020-09-18 15:30:00,RARE
83.41,83.41,83.36,83.36,300,2020-09-18 15:35:00,RARE
83.39,83.48,83.22,83.235,3700,2020-09-18 15:40:00,RARE
83.2225,83.34,83.15,83.32,4683,2020-09-18 15:45:00,RARE
83.22,83.22,82.955,82.955,1600,2020-09-18 15:50:00,RARE
82.87,83.06,82.87,83.02,1000,2020-09-18 15:55:00,RARE
83.02,83.12,83.02,83.02,2000,2020-09-18 16:00:00,RARE
83.09,83.25,83.09,83.225,400,2020-09-18 16:05:00,RARE
83.0,83.0,82.84,82.84,500,2020-09-18 16:10:00,RARE
82.73,82.74,82.52,82.55,1612,2020-09-18 16:15:00,RARE
82.52,82.52,82.4,82.47,662,2020-09-18 16:20:00,RARE
82.39,82.52,82.39,82.48,600,2020-09-18 16:25:00,RARE
81.95,81.95,81.82,81.89,1070,2020-09-18 16:30:00,RARE
81.88,81.88,81.77,81.84,455,2020-09-18 16:35:00,RARE
81.78,81.78,81.48,81.6,2633,2020-09-18 16:40:00,RARE
81.59,81.59,81.13,81.16,2800,2020-09-18 16:45:00,RARE
81.16,81.23,81.16,81.22,500,2020-09-18 16:50:00,RARE
81.15,81.29,81.1,81.25,1000,2020-09-18 16:55:00,RARE
81.07,81.12,81.03,81.12,1000,2020-09-18 17:00:00,RARE
80.99,80.99,80.93,80.93,300,2020-09-18 17:05:00,RARE
80.95,81.09,80.95,81.09,600,2020-09-18 17:10:00,RARE
80.89,80.89,80.755,80.87,1000,2020-09-18 17:15:00,RARE
80.82,80.82,80.7,80.7,300,2020-09-18 17:20:00,RARE
80.52,80.53,80.11,80.11,600,2020-09-18 17:25:00,RARE
80.12,80.26,80.0,80.19,3250,2020-09-18 17:30:00,RARE
80.23,80.23,80.01,80.14,1500,2020-09-18 17:35:00,RARE
80.45,80.45,80.45,80.45,100,2020-09-18 17:40:00,RARE
80.66,80.66,80.66,80.66,100,2020-09-18 17:45:00,RARE
80.895,80.97,80.86,80.905,500,2020-09-18 17:55:00,RARE
80.81,80.89,80.775,80.89,700,2020-09-18 18:00:00,RARE
81.01,81.12,81.01,81.12,400,2020-09-18 18:05:00,RARE
81.18,81.26,81.17,81.17,600,2020-09-18 18:10:00,RARE
81.185,81.25,81.02,81.02,1500,2020-09-18 18:15:00,RARE
81.1,81.317,81.1,81.317,500,2020-09-18 18:20:00,RARE
81.31,81.34,81.17,81.19,900,2020-09-18 18:25:00,RARE
81.27,81.35,81.27,81.35,200,2020-09-18 18:30:00,RARE
81.38,81.51,81.38,81.49,900,2020-09-18 18:35:00,RARE
81.63,81.64,81.24,81.28,700,2020-09-18 18:40:00,RARE
81.44,81.44,81.32,81.32,300,2020-09-18 18:45:00,RARE
81.5,81.59,81.31,81.5,800,2020-09-18 18:50:00,RARE
81.58,81.66,81.58,81.66,300,2020-09-18 18:55:00,RARE
81.92,81.935,81.85,81.935,538,2020-09-18 19:00:00,RARE
81.85,82.045,81.82,82.045,1000,2020-09-18 19:05:00,RARE
82.06,82.06,81.76,81.76,600,2020-09-18 19:10:00,RARE
81.7,81.87,81.7,81.76,900,2020-09-18 19:15:00,RARE
81.73,81.91,81.73,81.91,703,2020-09-18 19:20:00,RARE
81.9,81.9,81.9,81.9,200,2020-09-18 19:25:00,RARE
81.99,81.99,81.68,81.96,1603,2020-09-18 19:30:00,RARE
81.99,82.11,81.885,81.93,2000,2020-09-18 19:35:00,RARE
81.94,82.19,81.89,82.16,3003,2020-09-18 19:40:00,RARE
82.18,82.235,82.14,82.19,1500,2020-09-18 19:45:00,RARE
82.22,83.16,82.22,83.08,37691,2020-09-18 19:50:00,RARE
82.99,83.16,82.71,82.95,15110,2020-09-18 19:55:00,RARE
82.87,82.87,82.87,82.87,337460,2020-09-18 20:00:00,RARE
82.8717,82.8717,82.8717,82.8717,185,2020-09-18 20:25:00,RARE
81.5,81.5,80.86,80.86,3491,2020-09-21 13:30:00,RARE
80.37,80.74,80.27,80.32,1000,2020-09-21 13:35:00,RARE
80.57,81.3819,80.53,81.3819,1300,2020-09-21 13:40:00,RARE
81.375,81.98,81.375,81.98,1000,2020-09-21 13:45:00,RARE
82.38,82.39,81.99,82.145,900,2020-09-21 13:50:00,RARE
82.165,83.62,82.165,83.62,3100,2020-09-21 13:55:00,RARE
83.39,83.84,82.02,82.02,3661,2020-09-21 14:00:00,RARE
82.1,82.6,81.81,82.38,2400,2020-09-21 14:05:00,RARE
82.35,82.35,82.27,82.29,500,2020-09-21 14:10:00,RARE
81.96,82.03,81.8,81.85,1300,2020-09-21 14:15:00,RARE
82.06,82.06,81.27,81.3,1635,2020-09-21 14:20:00,RARE
81.15,81.17,81.09,81.09,584,2020-09-21 14:25:00,RARE
80.89,81.19,80.89,80.915,1600,2020-09-21 14:30:00,RARE
81.02,81.22,80.89,80.89,900,2020-09-21 14:35:00,RARE
80.88,81.03,80.83,81.01,500,2020-09-21 14:40:00,RARE
80.96,81.435,80.96,81.375,1000,2020-09-21 14:45:00,RARE
81.15,81.425,81.15,81.42,1200,2020-09-21 14:50:00,RARE
81.4,81.74,81.23,81.23,1200,2020-09-21 14:55:00,RARE
81.26,81.47,81.26,81.44,800,2020-09-21 15:00:00,RARE
81.39,81.4201,81.39,81.4,1300,2020-09-21 15:05:00,RARE
81.26,81.26,81.1,81.11,700,2020-09-21 15:10:00,RARE
80.95,80.98,80.69,80.71,1108,2020-09-21 15:15:00,RARE
80.81,80.82,80.52,80.71,1500,2020-09-21 15:20:00,RARE
80.71,80.81,80.6,80.8,500,2020-09-21 15:25:00,RARE
80.75,80.93,80.37,80.37,1600,2020-09-21 15:30:00,RARE
80.33,80.67,80.3,80.45,1800,2020-09-21 15:35:00,RARE
80.63,80.71,80.42,80.59,1300,2020-09-21 15:40:00,RARE
80.6,80.68,80.6,80.68,400,2020-09-21 15:45:00,RARE
80.8,81.04,80.59,81.01,1000,2020-09-21 15:50:00,RARE
80.85,80.93,80.8,80.91,900,2020-09-21 15:55:00,RARE
80.83,80.94,80.69,80.94,1600,2020-09-21 16:00:00,RARE
80.96,81.11,80.82,80.91,1742,2020-09-21 16:05:00,RARE
80.89,80.97,80.51,80.53,1200,2020-09-21 16:10:00,RARE
80.44,80.62,80.26,80.62,1100,2020-09-21 16:15:00,RARE
80.44,80.44,80.2,80.335,2000,2020-09-21 16:20:00,RARE
80.34,80.53,80.3,80.3,2605,2020-09-21 16:25:00,RARE
80.235,80.29,80.09,80.26,1276,2020-09-21 16:30:00,RARE
80.22,80.41,80.22,80.41,1200,2020-09-21 16:35:00,RARE
80.46,80.57,80.37,80.37,900,2020-09-21 16:40:00,RARE
80.35,80.35,80.15,80.26,1300,2020-09-21 16:45:00,RARE
80.29,80.34,80.2,80.32,2200,2020-09-21 16:50:00,RARE
80.27,80.33,80.15,80.33,2300,2020-09-21 16:55:00,RARE
80.47,80.47,80.28,80.37,1401,2020-09-21 17:00:00,RARE
80.3,80.46,80.3,80.4,700,2020-09-21 17:05:00,RARE
80.43,80.53,80.43,80.44,1000,2020-09-21 17:10:00,RARE
80.51,80.54,80.37,80.54,1400,2020-09-21 17:15:00,RARE
80.7,80.83,80.7,80.83,300,2020-09-21 17:20:00,RARE
80.79,81.0,80.79,80.89,1200,2020-09-21 17:25:00,RARE
80.99,81.02,80.79,80.88,2700,2020-09-21 17:30:00,RARE
80.825,80.9,80.825,80.9,400,2020-09-21 17:35:00,RARE
80.82,80.82,80.67,80.72,1969,2020-09-21 17:40:00,RARE
80.65,80.67,80.49,80.49,500,2020-09-21 17:45:00,RARE
80.495,80.55,80.35,80.39,2110,2020-09-21 17:50:00,RARE
80.29,80.38,80.24,80.38,1600,2020-09-21 17:55:00,RARE
80.24,80.33,80.2,80.33,1000,2020-09-21 18:00:00,RARE
80.25,80.36,80.22,80.36,1500,2020-09-21 18:05:00,RARE
80.36,80.41,80.2,80.2,1400,2020-09-21 18:10:00,RARE
80.23,80.23,80.1,80.19,600,2020-09-21 18:15:00,RARE
80.24,80.3,80.19,80.25,1000,2020-09-21 18:20:00,RARE
80.21,80.3,80.21,80.3,500,2020-09-21 18:25:00,RARE
80.18,80.18,80.07,80.12,900,2020-09-21 18:30:00,RARE
80.08,80.19,80.08,80.19,2200,2020-09-21 18:35:00,RARE
80.13,80.2,80.0,80.03,2707,2020-09-21 18:40:00,RARE
79.96,80.06,79.96,80.04,500,2020-09-21 18:45:00,RARE
80.08,80.26,80.08,80.21,1400,2020-09-21 18:50:00,RARE
80.3,80.51,80.3,80.51,1005,2020-09-21 18:55:00,RARE
80.55,80.77,80.55,80.68,1800,2020-09-21 19:00:00,RARE
80.73,80.73,80.66,80.68,800,2020-09-21 19:05:00,RARE
80.58,80.63,80.47,80.63,1200,2020-09-21 19:10:00,RARE
80.585,80.62,80.24,80.39,1499,2020-09-21 19:15:00,RARE
80.35,80.39,80.3,80.39,870,2020-09-21 19:20:00,RARE
80.34,80.4,80.31,80.4,1300,2020-09-21 19:25:00,RARE
80.39,80.39,79.95,80.15,2900,2020-09-21 19:30:00,RARE
80.12,80.28,80.11,80.22,2627,2020-09-21 19:35:00,RARE
80.19,80.37,80.19,80.33,3346,2020-09-21 19:40:00,RARE
80.365,80.44,80.29,80.29,2200,2020-09-21 19:45:00,RARE
80.21,80.43,80.19,80.41,6940,2020-09-21 19:50:00,RARE
80.41,80.63,80.34,80.58,22374,2020-09-21 19:55:00,RARE
80.45,80.45,80.45,80.45,83980,2020-09-21 20:00:00,RARE
80.37,80.37,80.37,80.37,100,2020-09-21 20:25:00,RARE
80.53,81.155,80.15,80.15,1999,2020-09-22 13:30:00,RARE
80.56,80.62,80.28,80.55,800,2020-09-22 13:35:00,RARE
80.1,80.5,80.005,80.5,1000,2020-09-22 13:40:00,RARE
79.98,80.23,79.69,79.69,5700,2020-09-22 13:45:00,RARE
79.44,79.6975,79.44,79.5647,1300,2020-09-22 13:50:00,RARE
79.555,79.595,79.12,79.595,900,2020-09-22 13:55:00,RARE
79.73,79.73,79.39,79.39,200,2020-09-22 14:00:00,RARE
79.56,79.58,79.23,79.33,700,2020-09-22 14:05:00,RARE
79.19,79.19,78.7,78.7,1200,2020-09-22 14:10:00,RARE
78.935,78.935,78.35,78.35,1100,2020-09-22 14:15:00,RARE
78.475,78.475,78.475,78.475,100,2020-09-22 14:20:00,RARE
78.48,78.675,78.38,78.665,1000,2020-09-22 14:25:00,RARE
78.66,78.77,78.66,78.77,300,2020-09-22 14:30:00,RARE
78.78,78.79,78.35,78.64,1852,2020-09-22 14:35:00,RARE
78.505,78.8,78.36,78.5,1500,2020-09-22 14:40:00,RARE
78.5,78.5,78.16,78.16,500,2020-09-22 14:45:00,RARE
78.12,78.12,78.02,78.02,300,2020-09-22 14:50:00,RARE
78.045,78.16,77.79,77.79,2834,2020-09-22 14:55:00,RARE
77.89,77.89,77.56,77.61,1648,2020-09-22 15:00:00,RARE
77.82,78.08,77.82,78.08,2739,2020-09-22 15:05:00,RARE
78.15,78.22,77.91,78.22,1400,2020-09-22 15:10:00,RARE
78.31,78.37,78.31,78.37,200,2020-09-22 15:15:00,RARE
78.41,78.62,78.38,78.62,700,2020-09-22 15:20:00,RARE
78.69,78.69,78.48,78.67,600,2020-09-22 15:25:00,RARE
78.77,78.77,78.67,78.67,400,2020-09-22 15:30:00,RARE
78.6,78.98,78.6,78.98,819,2020-09-22 15:35:00,RARE
79.12,79.265,79.12,79.24,800,2020-09-22 15:40:00,RARE
79.24,79.8,79.24,79.8,2300,2020-09-22 15:45:00,RARE
79.8,79.8,79.66,79.79,1207,2020-09-22 15:50:00,RARE
79.94,80.16,79.94,80.16,300,2020-09-22 15:55:00,RARE
80.07,80.17,80.07,80.17,400,2020-09-22 16:00:00,RARE
80.07,80.07,80.07,80.07,100,2020-09-22 16:05:00,RARE
80.25,80.4,80.25,80.34,600,2020-09-22 16:15:00,RARE
80.21,80.23,80.21,80.21,300,2020-09-22 16:20:00,RARE
80.15,80.3,80.07,80.3,1496,2020-09-22 16:25:00,RARE
80.44,80.5,80.3625,80.39,1076,2020-09-22 16:30:00,RARE
80.41,80.48,80.4008,80.4008,536,2020-09-22 16:35:00,RARE
80.6,80.6,80.6,80.6,500,2020-09-22 16:40:00,RARE
80.49,80.58,80.48,80.53,500,2020-09-22 16:45:00,RARE
80.48,80.48,80.31,80.345,600,2020-09-22 16:50:00,RARE
80.4,80.4,80.28,80.32,500,2020-09-22 16:55:00,RARE
80.54,80.54,80.39,80.39,800,2020-09-22 17:00:00,RARE
80.32,80.5,80.32,80.5,800,2020-09-22 17:05:00,RARE
80.61,80.61,80.61,80.61,171,2020-09-22 17:10:00,RARE
80.62,80.62,80.62,80.62,375,2020-09-22 17:15:00,RARE
80.75,80.75,80.75,80.75,200,2020-09-22 17:20:00,RARE
80.65,80.65,80.62,80.62,600,2020-09-22 17:25:00,RARE
80.63,80.86,80.63,80.73,3667,2020-09-22 17:30:00,RARE
80.78,80.78,80.69,80.69,1574,2020-09-22 17:35:00,RARE
80.99,80.99,80.99,80.99,100,2020-09-22 17:40:00,RARE
81.0321,81.19,81.0321,81.19,696,2020-09-22 17:45:00,RARE
81.21,81.365,81.21,81.3,2400,2020-09-22 17:50:00,RARE
81.24,81.31,81.24,81.31,600,2020-09-22 17:55:00,RARE
81.37,81.48,81.34,81.48,749,2020-09-22 18:00:00,RARE
81.51,81.51,81.43,81.43,600,2020-09-22 18:05:00,RARE
81.32,81.32,81.1401,81.31,1300,2020-09-22 18:10:00,RARE
81.46,81.58,81.46,81.57,2900,2020-09-22 18:15:00,RARE
81.88,81.88,81.75,81.79,1000,2020-09-22 18:20:00,RARE
81.7972,81.7972,81.7972,81.7972,370,2020-09-22 18:25:00,RARE
81.735,81.735,81.735,81.735,100,2020-09-22 18:30:00,RARE
81.855,81.94,81.77,81.94,1100,2020-09-22 18:35:00,RARE
82.045,82.045,81.9,81.93,2500,2020-09-22 18:40:00,RARE
81.88,81.895,81.78,81.78,300,2020-09-22 18:45:00,RARE
81.62,81.65,81.5,81.5,600,2020-09-22 18:55:00,RARE
81.495,81.51,81.44,81.46,1200,2020-09-22 19:00:00,RARE
81.5,81.67,81.5,81.58,1446,2020-09-22 19:05:00,RARE
81.55,81.55,81.46,81.5,2100,2020-09-22 19:10:00,RARE
81.5,81.75,81.49,81.75,6479,2020-09-22 19:15:00,RARE
81.64,81.84,81.5,81.84,6337,2020-09-22 19:20:00,RARE
81.96,82.03,81.91,81.91,1650,2020-09-22 19:25:00,RARE
81.85,82.0,81.815,82.0,5312,2020-09-22 19:30:00,RARE
82.01,82.11,81.98,82.07,2254,2020-09-22 19:35:00,RARE
82.11,82.15,82.11,82.15,800,2020-09-22 19:40:00,RARE
82.15,82.2,82.15,82.18,703,2020-09-22 19:45:00,RARE
82.32,82.74,82.32,82.74,7741,2020-09-22 19:50:00,RARE
82.82,82.86,82.51,82.81,26677,2020-09-22 19:55:00,RARE
82.81,82.81,82.81,82.81,141723,2020-09-22 20:00:00,RARE
83.07,83.49,83.07,83.49,2721,2020-09-23 13:30:00,RARE
82.97,82.97,82.81,82.81,500,2020-09-23 13:35:00,RARE
83.4047,83.895,83.27,83.895,1952,2020-09-23 13:40:00,RARE
83.49,83.8,83.15,83.8,1212,2020-09-23 13:45:00,RARE
83.43,83.67,83.4,83.615,1918,2020-09-23 13:50:00,RARE
83.7671,84.1,83.7671,84.1,904,2020-09-23 13:55:00,RARE
84.28,85.0,84.28,84.9,3279,2020-09-23 14:00:00,RARE
84.7,84.7,84.07,84.07,700,2020-09-23 14:05:00,RARE
83.97,84.0,83.755,83.805,1758,2020-09-23 14:10:00,RARE
83.795,83.795,83.755,83.78,500,2020-09-23 14:15:00,RARE
83.62,83.62,83.4,83.47,4800,2020-09-23 14:20:00,RARE
83.56,83.96,83.56,83.96,800,2020-09-23 14:25:00,RARE
84.31,84.64,84.31,84.64,600,2020-09-23 14:30:00,RARE
84.38,84.38,84.2,84.2,1792,2020-09-23 14:35:00,RARE
84.38,84.67,84.37,84.67,1500,2020-09-23 14:40:00,RARE
84.8,84.915,84.8,84.86,1243,2020-09-23 14:45:00,RARE
84.92,85.27,84.84,84.89,12805,2020-09-23 14:50:00,RARE
84.97,85.22,84.89,84.89,1410,2020-09-23 14:55:00,RARE
85.095,85.38,85.05,85.38,1976,2020-09-23 15:00:00,RARE
85.41,85.7907,85.41,85.7907,4535,2020-09-23 15:05:00,RARE
85.77,85.77,85.6,85.6,2200,2020-09-23 15:10:00,RARE
85.66,85.825,85.63,85.63,600,2020-09-23 15:15:00,RARE
85.63,85.74,85.6,85.66,3200,2020-09-23 15:20:00,RARE
85.73,85.8,85.6,85.62,2035,2020-09-23 15:25:00,RARE
85.66,85.7057,85.25,85.25,2207,2020-09-23 15:30:00,RARE
85.26,85.33,85.04,85.22,1400,2020-09-23 15:35:00,RARE
85.31,85.31,85.075,85.16,1400,2020-09-23 15:40:00,RARE
85.16,85.17,84.82,84.82,2100,2020-09-23 15:45:00,RARE
84.9,84.94,84.63,84.705,1600,2020-09-23 15:50:00,RARE
84.7,84.86,84.63,84.63,1300,2020-09-23 15:55:00,RARE
84.46,84.46,84.105,84.27,2900,2020-09-23 16:00:00,RARE
84.21,84.21,83.93,84.2,6485,2020-09-23 16:05:00,RARE
84.245,84.31,84.12,84.15,1700,2020-09-23 16:10:00,RARE
84.13,84.37,84.1,84.13,3807,2020-09-23 16:15:00,RARE
84.145,84.145,83.8,83.925,4607,2020-09-23 16:20:00,RARE
83.94,84.375,83.895,84.37,5012,2020-09-23 16:25:00,RARE
84.33,84.477,84.32,84.477,1018,2020-09-23 16:30:00,RARE
84.39,84.67,84.39,84.66,900,2020-09-23 16:35:00,RARE
84.88,85.09,84.79,84.9,1100,2020-09-23 16:40:00,RARE
85.04,85.16,84.935,85.02,1100,2020-09-23 16:45:00,RARE
84.86,85.1,84.85,85.01,1316,2020-09-23 16:50:00,RARE
85.12,85.27,84.9401,85.175,700,2020-09-23 16:55:00,RARE
85.2,85.2,84.84,84.84,1300,2020-09-23 17:00:00,RARE
84.83,84.83,84.73,84.785,1011,2020-09-23 17:05:00,RARE
84.73,84.78,84.73,84.76,800,2020-09-23 17:10:00,RARE
84.83,84.83,84.455,84.455,1700,2020-09-23 17:15:00,RARE
84.505,84.57,84.505,84.57,500,2020-09-23 17:20:00,RARE
84.46,84.5,84.24,84.26,1100,2020-09-23 17:25:00,RARE
84.22,84.48,84.18,84.45,2000,2020-09-23 17:30:00,RARE
84.48,84.54,84.48,84.54,300,2020-09-23 17:35:00,RARE
84.6,84.6,84.37,84.37,1200,2020-09-23 17:40:00,RARE
84.33,84.33,84.19,84.32,1410,2020-09-23 17:45:00,RARE
84.28,84.42,84.28,84.3,1100,2020-09-23 17:50:00,RARE
84.36,84.38,83.98,83.98,3185,2020-09-23 17:55:00,RARE
83.87,83.88,83.61,83.86,2100,2020-09-23 18:00:00,RARE
83.92,83.94,83.77,83.77,2115,2020-09-23 18:05:00,RARE
83.76,83.76,83.445,83.61,1624,2020-09-23 18:10:00,RARE
83.52,83.52,82.91,82.91,2600,2020-09-23 18:15:00,RARE
83.18,83.18,82.85,82.85,2920,2020-09-23 18:20:00,RARE
82.82,83.2275,82.82,83.12,830,2020-09-23 18:25:00,RARE
83.25,83.48,82.97,83.48,2100,2020-09-23 18:30:00,RARE
83.5572,83.6,83.4,83.535,1905,2020-09-23 18:35:00,RARE
83.52,83.5525,83.28,83.315,2846,2020-09-23 18:40:00,RARE
83.42,83.425,83.09,83.28,2250,2020-09-23 18:45:00,RARE
83.34,83.73,83.3,83.58,2300,2020-09-23 18:50:00,RARE
83.45,83.54,83.3,83.3,2937,2020-09-23 18:55:00,RARE
83.32,83.34,82.95,82.95,2980,2020-09-23 19:00:00,RARE
82.85,83.0,82.7,83.0,800,2020-09-23 19:05:00,RARE
83.23,83.42,83.23,83.38,1400,2020-09-23 19:10:00,RARE
83.275,83.275,82.99,83.18,3077,2020-09-23 19:15:00,RARE
83.08,83.35,83.065,83.14,1300,2020-09-23 19:20:00,RARE
83.06,83.09,82.81,82.995,2705,2020-09-23 19:25:00,RARE
83.05,83.05,82.81,82.91,4100,2020-09-23 19:30:00,RARE
82.92,83.07,82.8,83.06,2900,2020-09-23 19:35:00,RARE
83.31,83.31,83.005,83.11,3312,2020-09-23 19:40:00,RARE
83.24,83.24,82.76,82.84,4969,2020-09-23 19:45:00,RARE
82.96,82.96,82.43,82.54,9031,2020-09-23 19:50:00,RARE
82.71,82.75,82.39,82.74,21833,2020-09-23 19:55:00,RARE
82.74,82.74,82.74,82.74,50942,2020-09-23 20:00:00,RARE
82.41,82.91,80.73,80.73,2225,2020-09-24 13:30:00,RARE
80.44,82.5,80.44,81.94,2200,2020-09-24 13:35:00,RARE
82.03,82.15,81.22,81.47,1200,2020-09-24 13:40:00,RARE
81.8054,81.8054,81.8054,81.8054,181,2020-09-24 13:45:00,RARE
81.25,81.5051,81.2,81.32,814,2020-09-24 13:50:00,RARE
81.22,81.8,80.96,81.76,4091,2020-09-24 13:55:00,RARE
81.72,81.74,81.635,81.69,700,2020-09-24 14:00:00,RARE
81.88,81.88,81.79,81.85,600,2020-09-24 14:05:00,RARE
81.72,81.73,81.57,81.57,300,2020-09-24 14:10:00,RARE
81.6,81.6,81.6,81.6,100,2020-09-24 14:15:00,RARE
81.06,81.1,80.675,80.675,850,2020-09-24 14:20:00,RARE
80.5,80.53,80.49,80.53,500,2020-09-24 14:25:00,RARE
80.46,80.5,79.8,79.9486,2814,2020-09-24 14:30:00,RARE
79.78,80.16,79.69,79.87,1628,2020-09-24 14:35:00,RARE
80.2,80.255,79.94,79.94,2070,2020-09-24 14:40:00,RARE
80.04,80.33,80.04,80.16,2400,2020-09-24 14:45:00,RARE
80.31,80.3322,80.17,80.3075,900,2020-09-24 14:50:00,RARE
80.47,80.88,80.41,80.51,1900,2020-09-24 14:55:00,RARE
80.75,80.89,80.71,80.77,1000,2020-09-24 15:00:00,RARE
80.63,80.63,79.9,79.9,800,2020-09-24 15:05:00,RARE
80.06,80.31,80.06,80.31,600,2020-09-24 15:10:00,RARE
80.32,80.32,80.19,80.19,500,2020-09-24 15:15:00,RARE
80.0,80.57,79.79,80.48,1200,2020-09-24 15:20:00,RARE
80.6,80.6,80.6,80.6,100,2020-09-24 15:25:00,RARE
80.77,81.09,80.77,80.86,2000,2020-09-24 15:30:00,RARE
80.92,81.29,80.92,81.29,600,2020-09-24 15:35:00,RARE
81.3,81.365,81.29,81.29,300,2020-09-24 15:40:00,RARE
81.29,81.29,81.26,81.26,400,2020-09-24 15:45:00,RARE
80.89,80.89,80.89,80.89,100,2020-09-24 15:50:00,RARE
80.735,81.22,80.62,81.22,600,2020-09-24 15:55:00,RARE
81.35,81.35,81.17,81.3,700,2020-09-24 16:00:00,RARE
81.49,81.49,81.49,81.49,100,2020-09-24 16:05:00,RARE
81.44,81.6302,81.44,81.6302,765,2020-09-24 16:10:00,RARE
81.8,81.86,81.68,81.68,400,2020-09-24 16:15:00,RARE
81.75,81.75,81.56,81.56,400,2020-09-24 16:20:00,RARE
81.64,81.79,81.64,81.79,400,2020-09-24 16:25:00,RARE
81.29,81.31,81.29,81.31,200,2020-09-24 16:30:00,RARE
81.39,81.51,81.35,81.51,1325,2020-09-24 16:35:00,RARE
81.54,81.6299,81.45,81.6259,2518,2020-09-24 16:45:00,RARE
81.69,81.76,81.55,81.55,500,2020-09-24 16:50:00,RARE
81.86,81.94,81.86,81.94,503,2020-09-24 16:55:00,RARE
81.81,81.93,81.74,81.89,1200,2020-09-24 17:00:00,RARE
81.84,81.84,81.56,81.56,1800,2020-09-24 17:05:00,RARE
81.56,81.73,81.52,81.52,4049,2020-09-24 17:10:00,RARE
81.54,81.63,81.35,81.35,1556,2020-09-24 17:15:00,RARE
81.24,81.345,81.07,81.07,2139,2020-09-24 17:20:00,RARE
81.03,81.23,81.03,81.2,1689,2020-09-24 17:25:00,RARE
81.2,81.26,81.16,81.2,3540,2020-09-24 17:30:00,RARE
81.09,81.09,80.9,81.06,950,2020-09-24 17:35:00,RARE
81.09,81.2,81.09,81.11,600,2020-09-24 17:40:00,RARE
81.1,81.2,81.1,81.18,1200,2020-09-24 17:45:00,RARE
81.015,81.08,80.86,80.86,1319,2020-09-24 17:50:00,RARE
80.77,80.96,80.77,80.92,1200,2020-09-24 17:55:00,RARE
80.65,80.74,80.59,80.74,1320,2020-09-24 18:00:00,RARE
80.66,80.66,80.43,80.43,1400,2020-09-24 18:05:00,RARE
80.45,80.45,80.33,80.4,500,2020-09-24 18:10:00,RARE
80.45,80.57,80.12,80.12,300,2020-09-24 18:15:00,RARE
79.94,80.01,79.91,79.92,1000,2020-09-24 18:20:00,RARE
80.0,80.06,79.97,79.99,600,2020-09-24 18:25:00,RARE
79.84,79.95,79.73,79.73,500,2020-09-24 18:30:00,RARE
79.54,79.84,79.49,79.84,1000,2020-09-24 18:35:00,RARE
79.85,79.89,79.85,79.89,300,2020-09-24 18:40:00,RARE
79.79,79.86,79.74,79.74,1300,2020-09-24 18:45:00,RARE
79.57,79.7,79.57,79.62,1040,2020-09-24 18:50:00,RARE
79.62,79.68,79.4,79.4,1482,2020-09-24 18:55:00,RARE
79.27,79.33,79.1,79.17,1900,2020-09-24 19:00:00,RARE
79.21,79.31,79.17,79.31,300,2020-09-24 19:05:00,RARE
79.35,79.475,79.35,79.475,600,2020-09-24 19:10:00,RARE
79.43,79.47,79.29,79.29,600,2020-09-24 19:15:00,RARE
79.22,79.22,78.92,78.98,3501,2020-09-24 19:20:00,RARE
78.97,79.02,78.85,78.95,1000,2020-09-24 19:25:00,RARE
79.05,79.36,79.0,79.33,2344,2020-09-24 19:30:00,RARE
79.41,79.7,79.09,79.7,500,2020-09-24 19:35:00,RARE
79.57,79.84,79.57,79.75,1200,2020-09-24 19:40:00,RARE
79.985,80.1,79.79,79.81,900,2020-09-24 19:45:00,RARE
79.83,80.1,79.7,80.1,1700,2020-09-24 19:50:00,RARE
80.08,80.24,79.94,80.17,10467,2020-09-24 19:55:00,RARE
80.01,80.01,80.01,80.01,45761,2020-09-24 20:00:00,RARE
80.03,80.77,79.9,80.77,3668,2020-09-25 13:30:00,RARE
80.53,80.91,80.47,80.47,858,2020-09-25 13:40:00,RARE
80.06,80.06,79.7231,79.7231,550,2020-09-25 13:45:00,RARE
79.785,80.495,79.785,79.99,1712,2020-09-25 13:50:00,RARE
80.345,81.2,80.345,81.2,2800,2020-09-25 13:55:00,RARE
81.2,81.2,80.51,80.705,2200,2020-09-25 14:00:00,RARE
81.2,81.2,81.045,81.045,8079,2020-09-25 14:05:00,RARE
81.2,81.58,81.2,81.58,1198,2020-09-25 14:10:00,RARE
81.34,82.25,81.3,82.075,1610,2020-09-25 14:15:00,RARE
82.24,82.24,82.105,82.105,323,2020-09-25 14:20:00,RARE
81.95,81.95,81.86,81.87,364,2020-09-25 14:25:00,RARE
81.55,81.77,81.55,81.71,1080,2020-09-25 14:30:00,RARE
81.8,81.93,81.725,81.815,1046,2020-09-25 14:40:00,RARE
81.58,81.7436,81.58,81.63,655,2020-09-25 14:50:00,RARE
81.49,81.64,81.48,81.61,600,2020-09-25 14:55:00,RARE
81.64,81.64,81.44,81.44,509,2020-09-25 15:00:00,RARE
81.325,81.325,81.21,81.21,200,2020-09-25 15:05:00,RARE
81.26,81.26,81.16,81.16,400,2020-09-25 15:10:00,RARE
81.19,81.48,81.19,81.42,400,2020-09-25 15:15:00,RARE
81.34,81.48,81.257,81.45,1712,2020-09-25 15:20:00,RARE
81.4,81.4,81.27,81.3,1207,2020-09-25 15:25:00,RARE
81.265,81.37,81.265,81.365,504,2020-09-25 15:30:00,RARE
81.315,81.37,81.13,81.2116,1458,2020-09-25 15:35:00,RARE
81.3,81.3,81.13,81.14,900,2020-09-25 15:40:00,RARE
81.11,81.11,80.99,80.99,200,2020-09-25 15:45:00,RARE
80.94,81.01,80.85,80.87,1400,2020-09-25 15:50:00,RARE
80.81,80.98,80.81,80.91,400,2020-09-25 15:55:00,RARE
80.94,81.095,80.91,81.08,1318,2020-09-25 16:00:00,RARE
81.105,81.31,81.09,81.28,2343,2020-09-25 16:05:00,RARE
81.2,81.32,81.12,81.235,1136,2020-09-25 16:10:00,RARE
81.32,81.4,80.95,80.95,1700,2020-09-25 16:15:00,RARE
80.94,80.95,80.78,80.85,1200,2020-09-25 16:20:00,RARE
80.92,80.92,80.77,80.92,1701,2020-09-25 16:25:00,RARE
80.96,80.96,80.72,80.77,1700,2020-09-25 16:30:00,RARE
80.79,80.79,80.7,80.75,500,2020-09-25 16:35:00,RARE
80.83,80.96,80.83,80.9,1630,2020-09-25 16:40:00,RARE
81.01,81.04,80.89,80.89,1100,2020-09-25 16:45:00,RARE
80.98,81.07,80.98,81.03,1345,2020-09-25 16:50:00,RARE
81.005,81.21,81.005,81.05,1615,2020-09-25 16:55:00,RARE
81.11,81.155,81.06,81.06,314,2020-09-25 17:00:00,RARE
81.06,81.11,80.91,80.91,1500,2020-09-25 17:05:00,RARE
80.95,80.95,80.79,80.79,900,2020-09-25 17:10:00,RARE
80.89,80.89,80.66,80.8,1348,2020-09-25 17:15:00,RARE
80.82,80.93,80.82,80.87,1400,2020-09-25 17:20:00,RARE
80.9,81.04,80.9,81.04,1400,2020-09-25 17:25:00,RARE
81.02,81.12,80.99,81.11,800,2020-09-25 17:30:00,RARE
81.08,81.2,81.08,81.14,600,2020-09-25 17:35:00,RARE
81.35,81.52,81.28,81.331,1417,2020-09-25 17:40:00,RARE
81.35,81.35,81.18,81.3,2100,2020-09-25 17:45:00,RARE
81.335,81.45,81.31,81.42,600,2020-09-25 17:50:00,RARE
81.44,81.53,81.41,81.41,500,2020-09-25 17:55:00,RARE
81.44,81.54,81.41,81.54,300,2020-09-25 18:00:00,RARE
81.53,81.54,81.3,81.3,1400,2020-09-25 18:05:00,RARE
81.44,81.44,81.27,81.27,700,2020-09-25 18:10:00,RARE
81.33,81.385,81.285,81.385,800,2020-09-25 18:15:00,RARE
81.45,81.56,81.375,81.49,1500,2020-09-25 18:20:00,RARE
81.45,81.45,81.375,81.385,1100,2020-09-25 18:25:00,RARE
81.375,81.375,81.265,81.33,1100,2020-09-25 18:30:00,RARE
81.395,81.56,81.38,81.49,1100,2020-09-25 18:35:00,RARE
81.63,81.64,81.63,81.63,500,2020-09-25 18:40:00,RARE
81.72,81.89,81.65,81.84,600,2020-09-25 18:45:00,RARE
81.84,81.88,81.84,81.88,400,2020-09-25 18:50:00,RARE
82.03,82.07,81.84,81.99,1400,2020-09-25 18:55:00,RARE
82.05,82.07,81.96,81.96,700,2020-09-25 19:00:00,RARE
81.96,81.98,81.76,81.91,1400,2020-09-25 19:05:00,RARE
81.92,81.92,81.74,81.91,1300,2020-09-25 19:10:00,RARE
81.91,82.1,81.9,82.06,1300,2020-09-25 19:15:00,RARE
82.03,82.1,81.95,81.99,1900,2020-09-25 19:20:00,RARE
81.97,82.15,81.95,82.15,1625,2020-09-25 19:25:00,RARE
82.07,82.1,81.88,81.88,1471,2020-09-25 19:30:00,RARE
81.885,81.98,81.78,81.78,2300,2020-09-25 19:35:00,RARE
81.75,81.8,81.615,81.8,1900,2020-09-25 19:40:00,RARE
81.84,81.93,81.68,81.87,3200,2020-09-25 19:45:00,RARE
81.93,82.17,81.78,82.17,5091,2020-09-25 19:50:00,RARE
82.04,82.13,81.92,81.965,16906,2020-09-25 19:55:00,RARE
82.07,82.07,82.07,82.07,54104,2020-09-25 20:00:00,RARE
82.07,82.07,82.07,82.07,2284,2020-09-25 20:10:00,RARE
82.07,82.07,82.07,82.07,13682,2020-09-25 20:30:00,RARE
82.9,82.9,81.96,81.96,2704,2020-09-28 13:30:00,RARE
82.1666,82.1666,82.1666,82.1666,500,2020-09-28 13:35:00,RARE
82.125,82.34,81.87,81.87,600,2020-09-28 13:40:00,RARE
82.0,82.0,82.0,82.0,100,2020-09-28 13:45:00,RARE
81.55,81.55,81.045,81.045,436,2020-09-28 13:50:00,RARE
81.645,81.74,81.24,81.73,500,2020-09-28 13:55:00,RARE
81.52,81.9,81.52,81.9,200,2020-09-28 14:05:00,RARE
81.66,81.985,81.66,81.985,1100,2020-09-28 14:10:00,RARE
82.0,82.0,82.0,82.0,100,2020-09-28 14:15:00,RARE
82.12,82.1343,82.12,82.1343,1000,2020-09-28 14:20:00,RARE
82.52,82.64,82.325,82.325,1800,2020-09-28 14:25:00,RARE
82.205,82.485,82.205,82.485,300,2020-09-28 14:30:00,RARE
82.31,82.355,82.09,82.195,1100,2020-09-28 14:35:00,RARE
82.195,82.31,82.11,82.11,1200,2020-09-28 14:40:00,RARE
82.38,82.405,82.26,82.28,632,2020-09-28 14:50:00,RARE
82.22,82.22,82.22,82.22,100,2020-09-28 14:55:00,RARE
82.15,82.2089,82.15,82.16,1000,2020-09-28 15:00:00,RARE
82.23,82.47,82.15,82.47,1900,2020-09-28 15:05:00,RARE
82.705,82.88,82.68,82.68,700,2020-09-28 15:10:00,RARE
82.745,82.82,82.63,82.73,1200,2020-09-28 15:15:00,RARE
82.69,82.69,82.55,82.64,1200,2020-09-28 15:20:00,RARE
82.51,82.55,82.43,82.43,700,2020-09-28 15:25:00,RARE
82.445,82.75,82.445,82.59,800,2020-09-28 15:30:00,RARE
82.625,82.625,82.35,82.425,1984,2020-09-28 15:35:00,RARE
82.475,82.5959,82.4,82.5629,1300,2020-09-28 15:40:00,RARE
82.56,82.56,82.36,82.36,800,2020-09-28 15:45:00,RARE
82.44,82.47,82.425,82.44,400,2020-09-28 15:50:00,RARE
82.39,82.45,82.32,82.44,600,2020-09-28 15:55:00,RARE
82.41,82.42,82.165,82.39,900,2020-09-28 16:00:00,RARE
82.55,82.76,82.55,82.76,500,2020-09-28 16:05:00,RARE
82.74,82.9,82.74,82.9,600,2020-09-28 16:10:00,RARE
82.905,82.95,82.815,82.83,1000,2020-09-28 16:15:00,RARE
82.8,82.9,82.8,82.88,400,2020-09-28 16:20:00,RARE
82.86,82.98,82.83,82.84,900,2020-09-28 16:25:00,RARE
82.85,82.955,82.795,82.9,600,2020-09-28 16:30:00,RARE
82.84,83.03,82.84,82.955,500,2020-09-28 16:35:00,RARE
83.04,83.15,83.04,83.1,700,2020-09-28 16:40:00,RARE
83.118,83.21,83.105,83.21,700,2020-09-28 16:45:00,RARE
83.135,83.135,83.125,83.125,400,2020-09-28 16:50:00,RARE
83.115,83.185,83.1,83.1,1130,2020-09-28 16:55:00,RARE
82.91,82.91,82.68,82.68,900,2020-09-28 17:00:00,RARE
82.585,82.67,82.585,82.67,712,2020-09-28 17:05:00,RARE
82.62,82.84,82.62,82.84,600,2020-09-28 17:10:00,RARE
82.855,82.855,82.75,82.75,540,2020-09-28 17:15:00,RARE
82.68,82.815,82.68,82.815,500,2020-09-28 17:20:00,RARE
82.98,82.98,82.98,82.98,100,2020-09-28 17:25:00,RARE
83.02,83.085,83.02,83.085,399,2020-09-28 17:30:00,RARE
83.11,83.11,82.88,82.88,1000,2020-09-28 17:35:00,RARE
82.78,82.8,82.78,82.8,600,2020-09-28 17:40:00,RARE
82.77,82.88,82.76,82.88,300,2020-09-28 17:45:00,RARE
82.89,82.96,82.89,82.96,600,2020-09-28 17:50:00,RARE
82.87,82.88,82.8,82.8,1000,2020-09-28 17:55:00,RARE
82.77,82.77,82.63,82.63,800,2020-09-28 18:00:00,RARE
82.65,82.725,82.61,82.61,400,2020-09-28 18:05:00,RARE
82.72,82.98,82.72,82.95,900,2020-09-28 18:10:00,RARE
83.04,83.04,82.91,82.91,400,2020-09-28 18:15:00,RARE
82.89,82.91,82.81,82.81,720,2020-09-28 18:20:00,RARE
82.67,82.81,82.67,82.74,1100,2020-09-28 18:25:00,RARE
82.61,82.65,82.56,82.56,1000,2020-09-28 18:30:00,RARE
82.625,82.65,82.5,82.63,1000,2020-09-28 18:35:00,RARE
82.65,82.755,82.65,82.75,400,2020-09-28 18:40:00,RARE
82.74,82.83,82.71,82.805,975,2020-09-28 18:45:00,RARE
82.81,82.81,82.78,82.78,600,2020-09-28 18:50:00,RARE
82.805,82.805,82.67,82.75,1000,2020-09-28 18:55:00,RARE
82.81,82.81,82.63,82.63,900,2020-09-28 19:00:00,RARE
82.74,82.8,82.73,82.73,1500,2020-09-28 19:05:00,RARE
82.715,82.95,82.715,82.95,900,2020-09-28 19:10:00,RARE
82.86,83.03,82.85,82.98,900,2020-09-28 19:15:00,RARE
83.015,83.015,82.91,82.91,900,2020-09-28 19:20:00,RARE
83.02,83.08,83.0,83.0,1000,2020-09-28 19:25:00,RARE
83.03,83.03,82.65,82.65,1900,2020-09-28 19:30:00,RARE
82.81,82.86,82.61,82.61,3000,2020-09-28 19:35:00,RARE
82.55,82.68,82.5,82.61,4200,2020-09-28 19:40:00,RARE
82.64,82.64,82.46,82.5,4055,2020-09-28 19:45:00,RARE
82.53,82.58,82.33,82.5,2514,2020-09-28 19:50:00,RARE
82.48,82.61,82.42,82.5,15658,2020-09-28 19:55:00,RARE
82.5,82.5,82.5,82.5,52837,2020-09-28 20:00:00,RARE
82.5,82.5,82.5,82.5,2545,2020-09-28 20:45:00,RARE
82.73,82.73,82.3,82.3,1035,2020-09-29 13:30:00,RARE
82.93,82.93,82.72,82.72,200,2020-09-29 13:35:00,RARE
82.69,82.69,82.69,82.69,200,2020-09-29 13:40:00,RARE
82.585,82.9,82.585,82.9,1680,2020-09-29 13:45:00,RARE
82.975,83.24,82.86,83.11,847,2020-09-29 13:50:00,RARE
83.23,83.5,83.165,83.165,900,2020-09-29 13:55:00,RARE
83.28,83.88,83.08,83.77,1200,2020-09-29 14:00:00,RARE
83.93,84.24,83.93,84.24,2148,2020-09-29 14:05:00,RARE
84.345,84.53,84.345,84.52,300,2020-09-29 14:10:00,RARE
84.3,84.3,83.76,83.76,720,2020-09-29 14:15:00,RARE
83.67,83.86,83.62,83.86,2400,2020-09-29 14:20:00,RARE
83.99,84.09,83.835,83.89,1500,2020-09-29 14:25:00,RARE
83.77,83.77,83.49,83.49,1200,2020-09-29 14:30:00,RARE
83.67,83.81,83.46,83.58,3151,2020-09-29 14:35:00,RARE
83.59,83.74,83.45,83.54,3714,2020-09-29 14:40:00,RARE
83.49,83.66,83.43,83.46,2700,2020-09-29 14:45:00,RARE
83.5,83.8,83.39,83.7,4265,2020-09-29 14:50:00,RARE
83.78,83.81,83.71,83.8,1572,2020-09-29 14:55:00,RARE
83.79,84.15,83.69,84.14,2300,2020-09-29 15:00:00,RARE
84.3,84.61,84.3,84.49,2100,2020-09-29 15:05:00,RARE
84.53,84.95,84.53,84.95,345,2020-09-29 15:10:00,RARE
84.99,85.29,84.865,85.22,5847,2020-09-29 15:15:00,RARE
85.35,85.7299,85.35,85.37,1400,2020-09-29 15:20:00,RARE
85.46,85.46,85.46,85.46,100,2020-09-29 15:25:00,RARE
85.5,85.52,85.47,85.47,400,2020-09-29 15:30:00,RARE
85.55,85.55,85.39,85.41,946,2020-09-29 15:35:00,RARE
85.19,85.19,84.65,84.65,700,2020-09-29 15:40:00,RARE
84.665,84.75,84.29,84.42,5100,2020-09-29 15:45:00,RARE
84.4,84.82,84.4,84.68,2830,2020-09-29 15:50:00,RARE
84.71,84.89,84.38,84.43,6148,2020-09-29 15:55:00,RARE
84.54,84.57,84.29,84.29,6320,2020-09-29 16:00:00,RARE
84.1927,84.38,84.07,84.38,2500,2020-09-29 16:05:00,RARE
84.4,84.45,84.4,84.43,713,2020-09-29 16:10:00,RARE
84.48,84.68,84.37,84.54,1469,2020-09-29 16:15:00,RARE
84.55,84.57,84.33,84.34,700,2020-09-29 16:20:00,RARE
84.33,84.39,84.17,84.39,300,2020-09-29 16:25:00,RARE
84.57,84.57,84.57,84.57,100,2020-09-29 16:30:00,RARE
84.62,84.75,84.61,84.75,700,2020-09-29 16:35:00,RARE
84.75,84.89,84.71,84.86,1300,2020-09-29 16:40:00,RARE
84.83,84.83,84.66,84.66,200,2020-09-29 16:45:00,RARE
84.66,84.66,84.48,84.48,300,2020-09-29 16:50:00,RARE
84.5,84.59,84.42,84.44,4292,2020-09-29 16:55:00,RARE
84.42,84.45,84.24,84.27,900,2020-09-29 17:00:00,RARE
84.125,84.125,83.83,83.87,600,2020-09-29 17:05:00,RARE
83.98,83.98,83.86,83.86,500,2020-09-29 17:10:00,RARE
83.89,83.95,83.85,83.925,1956,2020-09-29 17:15:00,RARE
83.87,83.87,83.71,83.78,700,2020-09-29 17:20:00,RARE
83.86,83.93,83.79,83.79,500,2020-09-29 17:25:00,RARE
84.04,84.04,84.04,84.04,100,2020-09-29 17:30:00,RARE
83.97,84.04,83.94,84.02,904,2020-09-29 17:35:00,RARE
83.98,84.06,83.98,84.01,505,2020-09-29 17:40:00,RARE
83.93,83.94,83.93,83.94,300,2020-09-29 17:45:00,RARE
83.86,84.01,83.86,83.94,1300,2020-09-29 17:50:00,RARE
83.79,83.79,83.72,83.72,200,2020-09-29 17:55:00,RARE
83.72,83.89,83.72,83.89,4827,2020-09-29 18:00:00,RARE
83.76,83.92,83.65,83.92,700,2020-09-29 18:05:00,RARE
83.98,84.07,83.97,84.04,1000,2020-09-29 18:10:00,RARE
84.03,84.37,84.03,84.33,1825,2020-09-29 18:15:00,RARE
84.26,84.26,84.2,84.2,300,2020-09-29 18:20:00,RARE
84.28,84.435,84.27,84.36,1800,2020-09-29 18:25:00,RARE
84.46,84.46,84.34,84.34,1169,2020-09-29 18:30:00,RARE
84.34,84.61,84.33,84.59,1000,2020-09-29 18:35:00,RARE
84.63,84.85,84.59,84.78,1100,2020-09-29 18:40:00,RARE
84.88,84.95,84.56,84.56,1862,2020-09-29 18:45:00,RARE
84.59,84.59,84.47,84.47,2447,2020-09-29 18:50:00,RARE
84.4764,84.51,84.37,84.37,2372,2020-09-29 18:55:00,RARE
84.38,84.59,84.38,84.59,5426,2020-09-29 19:00:00,RARE
84.52,84.745,84.51,84.745,400,2020-09-29 19:05:00,RARE
84.76,84.83,84.75,84.75,500,2020-09-29 19:10:00,RARE
84.75,84.86,84.67,84.86,900,2020-09-29 19:15:00,RARE
84.79,84.82,84.675,84.82,2300,2020-09-29 19:20:00,RARE
84.76,85.08,84.72,85.03,6582,2020-09-29 19:25:00,RARE
85.01,85.14,85.01,85.03,1200,2020-09-29 19:30:00,RARE
84.98,84.99,84.79,84.7901,1106,2020-09-29 19:35:00,RARE
84.87,84.965,84.87,84.965,2010,2020-09-29 19:40:00,RARE
85.01,85.31,84.99,85.12,2000,2020-09-29 19:45:00,RARE
85.19,85.41,85.13,85.3,7019,2020-09-29 19:50:00,RARE
85.24,85.35,85.0,85.1,17100,2020-09-29 19:55:00,RARE
85.1,85.1,85.1,85.1,74973,2020-09-29 20:00:00,RARE
85.1,85.1,85.1,85.1,1321,2020-09-29 20:25:00,RARE
85.46,85.74,83.42,85.533,2044,2020-09-30 13:30:00,RARE
85.6352,85.637,84.97,85.61,720,2020-09-30 13:35:00,RARE
85.45,85.54,85.45,85.4535,400,2020-09-30 13:40:00,RARE
85.52,86.09,85.49,86.09,2500,2020-09-30 13:45:00,RARE
86.125,86.125,85.53,85.53,500,2020-09-30 13:50:00,RARE
85.49,85.69,85.49,85.65,300,2020-09-30 13:55:00,RARE
85.33,85.56,85.33,85.335,400,2020-09-30 14:00:00,RARE
85.28,85.35,84.972,84.972,2900,2020-09-30 14:05:00,RARE
84.815,85.31,84.815,85.025,2930,2020-09-30 14:10:00,RARE
85.05,85.13,85.01,85.12,500,2020-09-30 14:15:00,RARE
85.25,85.31,85.25,85.31,200,2020-09-30 14:20:00,RARE
85.33,85.36,84.975,85.16,900,2020-09-30 14:25:00,RARE
85.2,85.2,85.2,85.2,100,2020-09-30 14:30:00,RARE
85.56,85.68,85.46,85.46,400,2020-09-30 14:35:00,RARE
85.6,85.86,85.57,85.78,1181,2020-09-30 14:40:00,RARE
85.79,85.98,85.79,85.98,714,2020-09-30 14:45:00,RARE
85.83,85.84,85.83,85.83,300,2020-09-30 14:50:00,RARE
85.56,85.62,85.56,85.62,400,2020-09-30 15:00:00,RARE
85.77,85.77,85.77,85.77,100,2020-09-30 15:05:00,RARE
86.04,86.26,85.95,86.06,900,2020-09-30 15:15:00,RARE
85.92,85.985,85.88,85.985,300,2020-09-30 15:20:00,RARE
86.12,86.3329,86.12,86.3329,667,2020-09-30 15:30:00,RARE
86.21,86.21,86.165,86.165,200,2020-09-30 15:35:00,RARE
86.11,86.19,86.11,86.19,350,2020-09-30 15:40:00,RARE
86.51,86.63,86.41,86.41,800,2020-09-30 15:50:00,RARE
86.41,86.41,86.2,86.4,400,2020-09-30 15:55:00,RARE
86.47,86.65,86.47,86.65,715,2020-09-30 16:05:00,RARE
86.71,86.71,86.58,86.58,700,2020-09-30 16:10:00,RARE
86.42,86.45,86.29,86.4,1466,2020-09-30 16:15:00,RARE
86.315,86.315,86.315,86.315,200,2020-09-30 16:20:00,RARE
86.27,86.28,86.1,86.155,700,2020-09-30 16:25:00,RARE
86.11,86.11,86.0,86.025,400,2020-09-30 16:30:00,RARE
86.03,86.03,85.91,85.91,1000,2020-09-30 16:35:00,RARE
85.92,85.97,85.8,85.9,1000,2020-09-30 16:40:00,RARE
85.9048,85.9048,85.74,85.74,820,2020-09-30 16:45:00,RARE
85.83,85.91,85.75,85.9,500,2020-09-30 16:50:00,RARE
85.85,85.9,85.7,85.7,400,2020-09-30 16:55:00,RARE
85.77,85.78,85.55,85.55,1350,2020-09-30 17:00:00,RARE
85.69,85.69,85.63,85.63,300,2020-09-30 17:05:00,RARE
85.725,85.725,85.57,85.635,920,2020-09-30 17:10:00,RARE
85.46,85.57,85.46,85.48,900,2020-09-30 17:15:00,RARE
85.5,85.5,85.3,85.33,1509,2020-09-30 17:20:00,RARE
85.275,85.34,85.2,85.2,1900,2020-09-30 17:25:00,RARE
85.2,85.205,85.05,85.155,2712,2020-09-30 17:30:00,RARE
85.24,85.25,85.15,85.15,500,2020-09-30 17:35:00,RARE
85.06,85.21,85.01,85.21,900,2020-09-30 17:40:00,RARE
85.005,85.13,84.92,85.02,1666,2020-09-30 17:45:00,RARE
85.065,85.09,84.9835,84.9835,750,2020-09-30 17:50:00,RARE
84.985,85.08,84.985,85.08,680,2020-09-30 17:55:00,RARE
85.06,85.08,84.95,85.03,2315,2020-09-30 18:00:00,RARE
85.09,85.09,84.95,84.97,500,2020-09-30 18:05:00,RARE
84.98,85.03,84.9,84.9,1300,2020-09-30 18:10:00,RARE
85.02,85.02,84.51,84.51,952,2020-09-30 18:15:00,RARE
84.5,84.52,84.0,84.0,2050,2020-09-30 18:20:00,RARE
83.89,84.02,83.83,83.96,1815,2020-09-30 18:25:00,RARE
83.76,83.82,83.73,83.82,534,2020-09-30 18:30:00,RARE
83.68,83.68,83.43,83.43,1700,2020-09-30 18:35:00,RARE
83.47,83.64,83.24,83.24,617,2020-09-30 18:40:00,RARE
83.16,83.16,82.69,82.69,1878,2020-09-30 18:45:00,RARE
82.81,83.17,82.78,82.78,1500,2020-09-30 18:50:00,RARE
82.7501,83.04,82.7501,83.03,972,2020-09-30 18:55:00,RARE
82.8401,83.08,82.74,82.74,1500,2020-09-30 19:00:00,RARE
82.72,82.87,82.58,82.77,1700,2020-09-30 19:05:00,RARE
82.67,82.67,82.15,82.395,3123,2020-09-30 19:10:00,RARE
82.15,82.46,81.92,82.285,2187,2020-09-30 19:15:00,RARE
82.225,82.225,81.82,81.82,1844,2020-09-30 19:20:00,RARE
81.77,82.145,81.765,82.145,2703,2020-09-30 19:25:00,RARE
82.06,82.17,81.76,81.98,3501,2020-09-30 19:30:00,RARE
82.0,82.5,82.0,82.5,1700,2020-09-30 19:35:00,RARE
82.47,82.66,82.32,82.555,3817,2020-09-30 19:40:00,RARE
82.37,82.76,82.14,82.58,3594,2020-09-30 19:45:00,RARE
82.48,82.65,82.17,82.32,9548,2020-09-30 19:50:00,RARE
82.28,82.55,82.21,82.25,22812,2020-09-30 19:55:00,RARE
82.19,82.19,82.19,82.19,56388,2020-09-30 20:00:00,RARE
82.5,83.815,82.43,82.78,4834,2020-10-01 13:30:00,RARE
82.77,83.11,82.67,83.11,1399,2020-10-01 13:35:00,RARE
83.01,83.01,82.72,82.9391,2884,2020-10-01 13:40:00,RARE
83.06,84.066,83.06,84.066,2707,2020-10-01 13:45:00,RARE
84.04,84.835,83.94,84.7,3993,2020-10-01 13:50:00,RARE
84.71,84.95,84.12,84.12,3200,2020-10-01 13:55:00,RARE
83.95,84.89,83.95,84.86,2200,2020-10-01 14:00:00,RARE
84.67,85.03,84.67,84.84,1000,2020-10-01 14:05:00,RARE
84.84,84.84,83.9,84.14,1123,2020-10-01 14:10:00,RARE
83.98,84.47,83.45,84.26,2800,2020-10-01 14:15:00,RARE
84.33,84.6,84.33,84.33,1200,2020-10-01 14:20:00,RARE
84.09,84.2,84.07,84.07,717,2020-10-01 14:25:00,RARE
84.1,84.335,84.1,84.335,500,2020-10-01 14:30:00,RARE
84.4,84.41,84.39,84.39,400,2020-10-01 14:35:00,RARE
84.44,84.47,84.09,84.09,800,2020-10-01 14:40:00,RARE
84.03,84.22,84.03,84.18,1500,2020-10-01 14:50:00,RARE
84.23,84.23,84.11,84.18,400,2020-10-01 14:55:00,RARE
84.33,84.33,84.05,84.31,1200,2020-10-01 15:00:00,RARE
84.43,84.43,84.06,84.1,1100,2020-10-01 15:05:00,RARE
83.85,83.98,83.85,83.98,500,2020-10-01 15:10:00,RARE
83.93,84.01,83.79,83.79,900,2020-10-01 15:15:00,RARE
83.62,83.67,83.46,83.54,1300,2020-10-01 15:20:00,RARE
83.53,83.66,83.455,83.61,1850,2020-10-01 15:25:00,RARE
83.68,83.68,83.48,83.525,750,2020-10-01 15:30:00,RARE
83.61,83.73,83.46,83.46,1500,2020-10-01 15:35:00,RARE
83.6,83.6,83.44,83.535,2740,2020-10-01 15:40:00,RARE
83.58,83.73,83.5,83.5,2059,2020-10-01 15:45:00,RARE
83.39,83.59,83.39,83.55,919,2020-10-01 15:50:00,RARE
83.44,83.44,83.44,83.44,327,2020-10-01 15:55:00,RARE
83.54,83.55,83.34,83.54,700,2020-10-01 16:00:00,RARE
83.6,83.6,83.53,83.53,520,2020-10-01 16:05:00,RARE
83.56,83.7,83.47,83.7,1039,2020-10-01 16:10:00,RARE
83.47,83.81,83.47,83.81,3879,2020-10-01 16:15:00,RARE
84.06,84.11,83.94,84.0,1384,2020-10-01 16:20:00,RARE
84.09,84.16,84.09,84.16,800,2020-10-01 16:25:00,RARE
84.05,84.1,83.97,84.03,2106,2020-10-01 16:30:00,RARE
83.98,84.1,83.98,84.1,1000,2020-10-01 16:35:00,RARE
84.21,84.295,84.21,84.295,600,2020-10-01 16:40:00,RARE
84.19,84.31,84.09,84.31,1483,2020-10-01 16:45:00,RARE
84.2,84.22,83.99,84.22,1982,2020-10-01 16:50:00,RARE
84.04,84.13,84.04,84.1,1100,2020-10-01 16:55:00,RARE
84.17,84.2,84.105,84.16,500,2020-10-01 17:00:00,RARE
84.24,84.25,84.17,84.21,1055,2020-10-01 17:05:00,RARE
84.29,84.29,84.08,84.08,1400,2020-10-01 17:10:00,RARE
84.06,84.06,83.79,83.8,1400,2020-10-01 17:15:00,RARE
83.78,83.94,83.78,83.94,4000,2020-10-01 17:20:00,RARE
83.94,84.06,83.91,83.91,1400,2020-10-01 17:25:00,RARE
84.12,84.25,84.07,84.1,800,2020-10-01 17:30:00,RARE
84.25,84.25,84.19,84.19,500,2020-10-01 17:35:00,RARE
84.2,84.25,84.18,84.21,1400,2020-10-01 17:40:00,RARE
84.19,84.24,84.13,84.2,1305,2020-10-01 17:45:00,RARE
84.16,84.16,84.06,84.06,700,2020-10-01 17:50:00,RARE
84.15,84.41,84.13,84.24,7160,2020-10-01 17:55:00,RARE
84.15,84.26,83.71,84.05,1916,2020-10-01 18:00:00,RARE
84.05,84.27,83.97,84.23,1500,2020-10-01 18:05:00,RARE
84.22,84.66,84.21,84.66,1900,2020-10-01 18:10:00,RARE
84.56,84.64,84.5,84.59,1300,2020-10-01 18:15:00,RARE
84.53,84.63,84.53,84.53,800,2020-10-01 18:20:00,RARE
84.78,84.785,84.7,84.785,1009,2020-10-01 18:25:00,RARE
84.97,84.97,84.83,84.845,1946,2020-10-01 18:30:00,RARE
84.92,85.0,84.89,84.905,1404,2020-10-01 18:35:00,RARE
84.85,84.89,84.65,84.79,3258,2020-10-01 18:40:00,RARE
84.83,84.83,84.5,84.585,1100,2020-10-01 18:45:00,RARE
84.55,84.57,84.4,84.49,2711,2020-10-01 18:50:00,RARE
84.5,84.58,84.5,84.56,1100,2020-10-01 18:55:00,RARE
84.64,85.17,84.565,85.05,8568,2020-10-01 19:00:00,RARE
85.04,85.2,85.02,85.2,2115,2020-10-01 19:05:00,RARE
85.29,85.5,85.22,85.22,3128,2020-10-01 19:10:00,RARE
85.16,85.29,84.99,85.1,2776,2020-10-01 19:15:00,RARE
85.06,85.08,84.94,85.08,1904,2020-10-01 19:20:00,RARE
85.075,85.31,84.95,85.265,3718,2020-10-01 19:25:00,RARE
85.18,85.35,85.18,85.23,3464,2020-10-01 19:30:00,RARE
85.22,85.39,85.21,85.21,3103,2020-10-01 19:35:00,RARE
85.26,85.34,85.14,85.17,4666,2020-10-01 19:40:00,RARE
85.2,85.415,85.18,85.415,4912,2020-10-01 19:45:00,RARE
85.37,85.38,85.1,85.19,9143,2020-10-01 19:50:00,RARE
85.26,85.72,85.13,85.71,38091,2020-10-01 19:55:00,RARE
85.71,85.71,85.71,85.71,34939,2020-10-01 20:00:00,RARE
84.36,84.805,84.36,84.805,2453,2020-10-02 13:30:00,RARE
84.8,86.46,84.8,86.05,28329,2020-10-02 13:35:00,RARE
86.34,86.46,85.78,86.46,801,2020-10-02 13:40:00,RARE
86.8,87.0799,86.79,86.9899,3599,2020-10-02 13:45:00,RARE
86.7484,87.11,86.7,87.04,11140,2020-10-02 13:50:00,RARE
87.1,87.36,86.87,87.08,4856,2020-10-02 13:55:00,RARE
87.09,87.44,87.06,87.44,1525,2020-10-02 14:00:00,RARE
87.43,87.69,87.23,87.53,2510,2020-10-02 14:05:00,RARE
87.6308,87.75,87.32,87.5,6637,2020-10-02 14:10:00,RARE
87.65,87.73,87.2615,87.49,2228,2020-10-02 14:15:00,RARE
87.39,87.45,87.1,87.34,4495,2020-10-02 14:20:00,RARE
87.12,87.33,87.0,87.15,2906,2020-10-02 14:25:00,RARE
87.0,87.2999,86.8204,87.08,4169,2020-10-02 14:30:00,RARE
87.0408,87.09,86.8734,87.0,9062,2020-10-02 14:35:00,RARE
86.99,87.04,86.29,86.45,14091,2020-10-02 14:40:00,RARE
86.35,86.8499,86.35,86.5141,1195,2020-10-02 14:45:00,RARE
86.48,86.62,85.89,85.89,2647,2020-10-02 14:50:00,RARE
85.99,86.51,85.9,86.305,11049,2020-10-02 14:55:00,RARE
86.355,86.52,86.2,86.2,2900,2020-10-02 15:00:00,RARE
86.15,86.15,85.98,85.98,800,2020-10-02 15:05:00,RARE
85.79,85.9,85.31,85.575,1150,2020-10-02 15:10:00,RARE
85.452,85.52,85.17,85.339,3828,2020-10-02 15:15:00,RARE
85.41,85.41,84.93,84.93,800,2020-10-02 15:25:00,RARE
84.8,84.89,84.55,84.61,2252,2020-10-02 15:30:00,RARE
84.55,84.82,84.47,84.47,6661,2020-10-02 15:35:00,RARE
84.47,84.68,84.36,84.65,1200,2020-10-02 15:40:00,RARE
84.67,85.02,84.67,84.98,1800,2020-10-02 15:45:00,RARE
85.0,85.17,84.22,84.22,3100,2020-10-02 15:50:00,RARE
84.25,84.29,84.01,84.21,1899,2020-10-02 15:55:00,RARE
84.215,84.215,83.48,83.48,1300,2020-10-02 16:00:00,RARE
83.35,83.895,83.35,83.74,1500,2020-10-02 16:05:00,RARE
83.74,84.18,83.74,84.09,1900,2020-10-02 16:10:00,RARE
84.01,84.34,83.7,84.21,9467,2020-10-02 16:15:00,RARE
84.37,84.495,84.315,84.495,1714,2020-10-02 16:20:00,RARE
84.66,84.66,84.41,84.5,700,2020-10-02 16:25:00,RARE
84.55,84.55,84.49,84.5,900,2020-10-02 16:30:00,RARE
84.52,84.74,84.52,84.74,316,2020-10-02 16:35:00,RARE
84.54,84.54,84.54,84.54,100,2020-10-02 16:40:00,RARE
84.59,84.61,84.475,84.475,600,2020-10-02 16:45:00,RARE
84.515,84.555,84.44,84.555,950,2020-10-02 16:50:00,RARE
84.54,84.61,84.42,84.435,1100,2020-10-02 16:55:00,RARE
84.41,84.52,84.35,84.505,2219,2020-10-02 17:00:00,RARE
84.475,84.5,84.425,84.495,1300,2020-10-02 17:05:00,RARE
84.475,84.645,84.475,84.56,500,2020-10-02 17:10:00,RARE
84.56,84.71,84.555,84.71,1524,2020-10-02 17:15:00,RARE
84.785,85.01,84.785,84.9,400,2020-10-02 17:20:00,RARE
84.9,84.9,84.5,84.51,4601,2020-10-02 17:25:00,RARE
84.5,84.54,84.37,84.44,3203,2020-10-02 17:30:00,RARE
84.53,84.53,84.5,84.525,300,2020-10-02 17:35:00,RARE
84.525,84.525,84.21,84.21,1400,2020-10-02 17:40:00,RARE
84.2,84.5,84.2,84.48,800,2020-10-02 17:45:00,RARE
84.48,84.49,84.23,84.39,3005,2020-10-02 17:50:00,RARE
84.41,84.54,84.3,84.54,3344,2020-10-02 17:55:00,RARE
84.43,84.67,84.43,84.54,900,2020-10-02 18:00:00,RARE
84.65,84.65,84.42,84.5,700,2020-10-02 18:05:00,RARE
84.485,84.49,84.26,84.365,1600,2020-10-02 18:10:00,RARE
84.415,84.495,84.355,84.355,1200,2020-10-02 18:15:00,RARE
84.39,84.49,84.32,84.39,3500,2020-10-02 18:20:00,RARE
84.4,84.4,84.24,84.33,2500,2020-10-02 18:25:00,RARE
84.35,84.55,84.31,84.55,3400,2020-10-02 18:30:00,RARE
84.415,84.47,84.405,84.405,1100,2020-10-02 18:35:00,RARE
84.3,84.535,84.21,84.535,3000,2020-10-02 18:40:00,RARE
84.55,84.63,84.55,84.63,500,2020-10-02 18:45:00,RARE
84.61,84.72,84.52,84.72,1200,2020-10-02 18:50:00,RARE
84.82,85.0,84.82,85.0,1100,2020-10-02 18:55:00,RARE
85.1,85.1,84.84,85.1,1700,2020-10-02 19:00:00,RARE
85.05,85.12,84.93,84.975,900,2020-10-02 19:05:00,RARE
84.975,84.98,84.48,84.53,1395,2020-10-02 19:10:00,RARE
84.31,84.64,84.31,84.515,9700,2020-10-02 19:15:00,RARE
84.59,84.59,84.5,84.565,700,2020-10-02 19:20:00,RARE
84.65,84.65,84.49,84.545,500,2020-10-02 19:25:00,RARE
84.52,84.545,84.39,84.4433,1300,2020-10-02 19:30:00,RARE
84.46,84.71,84.445,84.63,1031,2020-10-02 19:35:00,RARE
84.625,84.625,84.51,84.59,1100,2020-10-02 19:40:00,RARE
84.63,84.63,84.45,84.56,2020,2020-10-02 19:45:00,RARE
84.61,84.855,84.4314,84.5,6416,2020-10-02 19:50:00,RARE
84.44,84.57,84.4,84.53,25858,2020-10-02 19:55:00,RARE
84.4,84.4,84.4,84.4,38076,2020-10-02 20:00:00,RARE
84.4,84.4,84.4,84.4,2933,2020-10-02 21:20:00,RARE
84.54,86.54,84.54,86.535,3016,2020-10-05 13:30:00,RARE
86.21,86.56,86.085,86.56,500,2020-10-05 13:40:00,RARE
86.59,87.21,86.27,87.21,3586,2020-10-05 13:45:00,RARE
87.145,87.155,87.08,87.1,400,2020-10-05 13:50:00,RARE
87.1,87.26,86.928,87.11,1549,2020-10-05 13:55:00,RARE
87.115,87.86,87.085,87.67,1200,2020-10-05 14:00:00,RARE
87.84,87.99,87.84,87.99,1060,2020-10-05 14:05:00,RARE
87.86,88.3531,87.86,88.3,3884,2020-10-05 14:10:00,RARE
88.27,88.29,87.63,87.72,17900,2020-10-05 14:15:00,RARE
87.66,87.99,87.66,87.99,600,2020-10-05 14:20:00,RARE
88.0,88.09,87.8,87.85,4273,2020-10-05 14:25:00,RARE
87.915,88.0,87.65,87.65,1734,2020-10-05 14:30:00,RARE
87.43,87.43,87.17,87.17,1100,2020-10-05 14:35:00,RARE
87.09,87.25,87.09,87.12,900,2020-10-05 14:45:00,RARE
87.24,87.27,87.145,87.27,500,2020-10-05 14:50:00,RARE
87.14,87.14,86.77,87.02,1950,2020-10-05 15:00:00,RARE
87.25,87.29,87.23,87.29,900,2020-10-05 15:05:00,RARE
87.595,87.595,87.38,87.38,1400,2020-10-05 15:10:00,RARE
87.74,87.74,87.49,87.5,1300,2020-10-05 15:15:00,RARE
87.335,87.62,87.335,87.62,1698,2020-10-05 15:20:00,RARE
87.59,87.59,87.48,87.48,200,2020-10-05 15:25:00,RARE
87.49,87.51,87.46,87.49,400,2020-10-05 15:35:00,RARE
87.575,87.575,87.25,87.55,2601,2020-10-05 15:40:00,RARE
87.73,87.765,87.73,87.765,200,2020-10-05 15:45:00,RARE
87.8,87.83,87.719,87.83,1300,2020-10-05 15:50:00,RARE
87.835,87.835,87.685,87.8175,1175,2020-10-05 15:55:00,RARE
87.705,87.96,87.705,87.835,1020,2020-10-05 16:00:00,RARE
87.845,87.845,87.74,87.845,570,2020-10-05 16:05:00,RARE
87.91,87.96,87.53,87.61,1500,2020-10-05 16:10:00,RARE
87.34,87.45,87.34,87.45,200,2020-10-05 16:15:00,RARE
87.53,87.8,87.35,87.8,1451,2020-10-05 16:20:00,RARE
87.8,87.8,87.71,87.77,600,2020-10-05 16:25:00,RARE
87.585,87.9,87.585,87.83,1800,2020-10-05 16:30:00,RARE
87.82,87.84,87.73,87.73,700,2020-10-05 16:35:00,RARE
87.81,87.81,87.81,87.81,100,2020-10-05 16:40:00,RARE
87.86,87.94,87.74,87.74,800,2020-10-05 16:45:00,RARE
87.81,88.05,87.81,88.05,7724,2020-10-05 16:50:00,RARE
88.09,88.1,87.86,88.0,5319,2020-10-05 16:55:00,RARE
87.92,88.02,87.91,88.02,1400,2020-10-05 17:00:00,RARE
88.02,88.02,87.95,87.97,4207,2020-10-05 17:05:00,RARE
88.0,88.03,87.9,88.03,11853,2020-10-05 17:10:00,RARE
88.0,88.1799,87.99,88.08,8119,2020-10-05 17:15:00,RARE
88.06,88.75,88.0001,88.75,3700,2020-10-05 17:20:00,RARE
88.64,88.9,88.64,88.9,827,2020-10-05 17:25:00,RARE
88.85,88.85,88.53,88.75,6472,2020-10-05 17:30:00,RARE
88.75,88.75,88.75,88.75,1065,2020-10-05 17:35:00,RARE
89.0,89.211,89.0,89.0455,5338,2020-10-05 17:40:00,RARE
89.105,89.105,89.105,89.105,100,2020-10-05 17:45:00,RARE
88.86,88.89,88.77,88.89,500,2020-10-05 17:50:00,RARE
88.74,88.802,88.42,88.65,2400,2020-10-05 17:55:00,RARE
88.66,88.71,88.66,88.71,200,2020-10-05 18:00:00,RARE
88.49,88.53,88.43,88.53,2600,2020-10-05 18:05:00,RARE
88.455,88.59,88.33,88.59,3100,2020-10-05 18:10:00,RARE
88.53,88.68,88.495,88.68,2100,2020-10-05 18:15:00,RARE
88.575,88.8191,88.575,88.8136,1564,2020-10-05 18:20:00,RARE
88.78,88.84,88.6,88.83,2100,2020-10-05 18:25:00,RARE
88.8,88.83,88.68,88.74,1400,2020-10-05 18:30:00,RARE
88.79,88.93,88.79,88.9,1200,2020-10-05 18:35:00,RARE
88.985,89.12,88.985,89.12,3855,2020-10-05 18:40:00,RARE
89.11,89.18,88.93,88.93,7732,2020-10-05 18:45:00,RARE
89.06,89.09,89.01,89.05,1246,2020-10-05 18:50:00,RARE
89.065,89.31,89.065,89.31,716,2020-10-05 18:55:00,RARE
89.36,89.4,89.24,89.39,1200,2020-10-05 19:00:00,RARE
89.33,89.6,89.31,89.6,1100,2020-10-05 19:05:00,RARE
89.59,89.6,89.51,89.58,1100,2020-10-05 19:10:00,RARE
89.55,89.67,89.52,89.67,4339,2020-10-05 19:15:00,RARE
89.57,89.57,89.18,89.18,3045,2020-10-05 19:20:00,RARE
89.31,89.32,89.13,89.15,1432,2020-10-05 19:25:00,RARE
89.13,89.25,89.12,89.12,1479,2020-10-05 19:30:00,RARE
89.21,89.23,89.06,89.13,1140,2020-10-05 19:35:00,RARE
89.14,89.3,89.14,89.25,1835,2020-10-05 19:40:00,RARE
89.32,89.44,89.18,89.39,4800,2020-10-05 19:45:00,RARE
89.335,89.5,89.21,89.5,5905,2020-10-05 19:50:00,RARE
89.49,89.49,89.17,89.17,13155,2020-10-05 19:55:00,RARE
89.25,89.25,89.25,89.25,42122,2020-10-05 20:00:00,RARE
90.0,90.0,90.0,90.0,100,2020-10-05 22:10:00,RARE
89.83,89.9299,88.9,89.9299,4136,2020-10-06 13:30:00,RARE
89.565,89.93,89.565,89.93,200,2020-10-06 13:35:00,RARE
89.88,90.0,89.516,89.765,29280,2020-10-06 13:40:00,RARE
89.77,89.8825,89.54,89.54,1040,2020-10-06 13:45:00,RARE
89.502,89.9499,89.49,89.49,700,2020-10-06 13:50:00,RARE
89.69,89.83,89.69,89.83,600,2020-10-06 13:55:00,RARE
89.77,90.19,89.77,89.99,14195,2020-10-06 14:00:00,RARE
90.12,90.34,90.12,90.28,3812,2020-10-06 14:05:00,RARE
90.255,90.7,90.255,90.7,900,2020-10-06 14:10:00,RARE
90.555,90.56,90.4202,90.56,1575,2020-10-06 14:15:00,RARE
90.445,90.595,90.08,90.08,7218,2020-10-06 14:20:00,RARE
90.0,90.3,90.0,90.23,2699,2020-10-06 14:25:00,RARE
90.2,90.2,89.95,89.98,800,2020-10-06 14:30:00,RARE
90.15,90.59,90.15,90.59,2050,2020-10-06 14:35:00,RARE
90.405,90.58,90.405,90.41,1600,2020-10-06 14:40:00,RARE
90.58,90.58,90.2401,90.56,1126,2020-10-06 14:45:00,RARE
90.56,90.56,90.45,90.54,700,2020-10-06 14:50:00,RARE
90.545,90.545,90.315,90.455,1934,2020-10-06 14:55:00,RARE
90.46,90.57,90.45,90.53,1138,2020-10-06 15:00:00,RARE
90.44,90.53,90.36,90.45,1800,2020-10-06 15:05:00,RARE
90.33,90.45,90.28,90.33,1700,2020-10-06 15:10:00,RARE
90.14,90.14,90.14,90.14,273,2020-10-06 15:15:00,RARE
90.25,90.36,90.25,90.36,300,2020-10-06 15:20:00,RARE
90.29,90.515,89.89,89.9,19432,2020-10-06 15:25:00,RARE
89.58,89.595,89.58,89.58,500,2020-10-06 15:30:00,RARE
89.57,89.57,89.57,89.57,100,2020-10-06 15:35:00,RARE
89.58,89.97,89.4593,89.755,10100,2020-10-06 15:40:00,RARE
89.69,89.725,89.69,89.725,200,2020-10-06 15:45:00,RARE
89.715,89.74,89.4275,89.445,1220,2020-10-06 15:50:00,RARE
89.445,89.62,89.445,89.62,300,2020-10-06 15:55:00,RARE
89.685,89.8,89.55,89.8,1086,2020-10-06 16:00:00,RARE
89.9,90.01,89.89,90.01,1702,2020-10-06 16:10:00,RARE
90.01,90.01,89.665,89.665,2500,2020-10-06 16:15:00,RARE
89.665,89.82,89.665,89.82,400,2020-10-06 16:20:00,RARE
89.695,89.82,89.695,89.695,300,2020-10-06 16:25:00,RARE
89.735,89.86,89.735,89.86,400,2020-10-06 16:30:00,RARE
89.86,90.0,89.86,89.975,913,2020-10-06 16:35:00,RARE
90.02,90.035,90.02,90.035,200,2020-10-06 16:40:00,RARE
90.16,90.16,90.035,90.035,200,2020-10-06 16:45:00,RARE
90.16,90.24,90.16,90.23,900,2020-10-06 16:50:00,RARE
90.26,90.36,90.18,90.18,1100,2020-10-06 16:55:00,RARE
90.08,90.13,90.005,90.13,1906,2020-10-06 17:00:00,RARE
90.1899,90.32,90.16,90.32,900,2020-10-06 17:05:00,RARE
90.3752,90.43,90.34,90.43,935,2020-10-06 17:10:00,RARE
90.44,90.5,90.32,90.49,1500,2020-10-06 17:15:00,RARE
90.54,90.54,90.42,90.53,448,2020-10-06 17:20:00,RARE
90.54,90.54,90.54,90.54,400,2020-10-06 17:25:00,RARE
90.57,90.75,90.57,90.75,2309,2020-10-06 17:30:00,RARE
90.68,90.8692,90.54,90.68,1593,2020-10-06 17:35:00,RARE
90.665,90.78,90.665,90.78,300,2020-10-06 17:40:00,RARE
90.66,90.6864,90.32,90.355,2053,2020-10-06 17:45:00,RARE
90.32,90.41,90.32,90.345,400,2020-10-06 17:50:00,RARE
90.495,90.555,90.495,90.555,550,2020-10-06 17:55:00,RARE
90.78,90.835,90.73,90.82,500,2020-10-06 18:00:00,RARE
90.75,91.1769,90.75,91.095,1801,2020-10-06 18:05:00,RARE
91.14,91.23,91.0,91.12,2800,2020-10-06 18:10:00,RARE
91.24,91.43,91.24,91.24,500,2020-10-06 18:15:00,RARE
91.33,91.57,91.26,91.51,600,2020-10-06 18:20:00,RARE
91.365,91.56,91.02,91.02,2223,2020-10-06 18:25:00,RARE
91.13,91.475,91.13,91.36,900,2020-10-06 18:30:00,RARE
91.345,91.38,91.095,91.265,3000,2020-10-06 18:35:00,RARE
91.27,91.27,91.12,91.14,2021,2020-10-06 18:40:00,RARE
91.14,91.14,90.5,90.5,3200,2020-10-06 18:45:00,RARE
90.01,90.11,89.47,89.52,2035,2020-10-06 18:50:00,RARE
89.2201,89.425,88.87,89.21,1777,2020-10-06 18:55:00,RARE
89.235,89.45,88.66,89.1,2450,2020-10-06 19:00:00,RARE
88.83,89.155,88.29,88.42,2500,2020-10-06 19:05:00,RARE
88.7,89.07,88.69,88.89,1374,2020-10-06 19:10:00,RARE
88.89,89.39,88.715,88.995,2442,2020-10-06 19:15:00,RARE
88.95,88.95,88.59,88.65,5034,2020-10-06 19:20:00,RARE
88.605,88.92,88.465,88.92,2000,2020-10-06 19:25:00,RARE
88.885,89.52,88.885,89.36,1600,2020-10-06 19:30:00,RARE
89.5,89.59,89.235,89.455,3300,2020-10-06 19:35:00,RARE
89.67,89.67,89.35,89.35,3325,2020-10-06 19:40:00,RARE
89.44,89.495,89.0,89.04,2300,2020-10-06 19:45:00,RARE
89.14,89.18,88.735,89.04,9254,2020-10-06 19:50:00,RARE
89.065,89.16,88.655,88.655,25576,2020-10-06 19:55:00,RARE
88.89,88.89,88.89,88.89,36384,2020-10-06 20:00:00,RARE
89.94,89.94,88.91,89.09,1227,2020-10-07 13:30:00,RARE
89.98,89.98,89.98,89.98,100,2020-10-07 13:35:00,RARE
90.0,90.145,89.96,90.145,1297,2020-10-07 13:40:00,RARE
90.2745,90.2745,90.2745,90.2745,100,2020-10-07 13:45:00,RARE
90.41,90.41,90.41,90.41,100,2020-10-07 13:50:00,RARE
90.04,90.05,89.51,89.9,1177,2020-10-07 13:55:00,RARE
90.24,90.25,90.24,90.25,200,2020-10-07 14:10:00,RARE
90.39,90.39,89.98,90.19,600,2020-10-07 14:15:00,RARE
90.27,90.73,90.27,90.37,1204,2020-10-07 14:20:00,RARE
90.42,90.76,90.36,90.75,1000,2020-10-07 14:30:00,RARE
90.94,91.145,90.825,91.145,979,2020-10-07 14:35:00,RARE
90.9,91.37,90.7,91.37,3411,2020-10-07 14:40:00,RARE
91.3,91.515,91.19,91.19,1549,2020-10-07 14:45:00,RARE
91.5,91.73,91.35,91.5,3042,2020-10-07 14:50:00,RARE
91.35,91.5,91.11,91.32,3976,2020-10-07 14:55:00,RARE
91.45,91.58,91.28,91.58,1140,2020-10-07 15:00:00,RARE
91.6,91.68,91.5,91.68,700,2020-10-07 15:05:00,RARE
91.72,91.95,91.65,91.89,1726,2020-10-07 15:10:00,RARE
91.81,92.14,91.75,92.14,3065,2020-10-07 15:15:00,RARE
92.35,92.35,92.06,92.06,1657,2020-10-07 15:20:00,RARE
92.2,92.35,92.2,92.34,943,2020-10-07 15:25:00,RARE
92.4216,92.5,91.97,92.2,1803,2020-10-07 15:30:00,RARE
91.9806,92.35,91.9806,92.35,950,2020-10-07 15:35:00,RARE
92.36,92.42,92.17,92.41,729,2020-10-07 15:40:00,RARE
92.42,92.42,92.06,92.215,2097,2020-10-07 15:45:00,RARE
92.31,92.36,92.31,92.36,900,2020-10-07 15:50:00,RARE
92.3216,92.38,92.3216,92.38,250,2020-10-07 15:55:00,RARE
92.45,92.8,92.45,92.715,4885,2020-10-07 16:00:00,RARE
92.85,93.26,92.8042,92.885,11362,2020-10-07 16:05:00,RARE
93.0,93.0,92.92,92.92,3624,2020-10-07 16:10:00,RARE
92.9,92.96,92.77,92.96,3150,2020-10-07 16:15:00,RARE
92.86,92.86,92.63,92.75,1400,2020-10-07 16:20:00,RARE
92.74,92.74,92.38,92.43,1373,2020-10-07 16:25:00,RARE
92.65,92.72,92.34,92.635,1608,2020-10-07 16:30:00,RARE
92.5996,92.7757,92.5996,92.75,1717,2020-10-07 16:35:00,RARE
92.66,92.76,92.66,92.76,327,2020-10-07 16:40:00,RARE
92.835,92.92,92.74,92.88,1725,2020-10-07 16:45:00,RARE
92.96,93.0575,92.89,93.025,3211,2020-10-07 16:50:00,RARE
92.97,93.07,92.87,92.9,2100,2020-10-07 16:55:00,RARE
92.99,93.24,92.99,93.24,1000,2020-10-07 17:00:00,RARE
93.24,93.425,93.23,93.345,2000,2020-10-07 17:05:00,RARE
93.35,93.35,93.165,93.165,1500,2020-10-07 17:10:00,RARE
93.11,93.27,93.11,93.27,518,2020-10-07 17:15:00,RARE
93.36,93.505,93.18,93.505,1874,2020-10-07 17:20:00,RARE
93.47,93.61,93.47,93.6,1200,2020-10-07 17:25:00,RARE
93.48,93.49,93.36,93.36,1611,2020-10-07 17:30:00,RARE
93.38,93.38,93.18,93.32,1868,2020-10-07 17:35:00,RARE
93.37,93.6,93.37,93.6,2050,2020-10-07 17:40:00,RARE
93.63,93.65,93.48,93.5,3367,2020-10-07 17:45:00,RARE
93.6,93.86,93.585,93.78,4404,2020-10-07 17:50:00,RARE
93.66,93.68,93.4,93.4,2593,2020-10-07 17:55:00,RARE
93.31,93.67,93.27,93.63,1860,2020-10-07 18:00:00,RARE
93.55,93.62,93.23,93.47,1900,2020-10-07 18:05:00,RARE
93.44,93.51,93.2801,93.38,1337,2020-10-07 18:10:00,RARE
93.51,93.77,93.3255,93.64,3240,2020-10-07 18:15:00,RARE
93.735,93.77,93.66,93.76,1429,2020-10-07 18:20:00,RARE
93.75,93.88,93.62,93.62,2181,2020-10-07 18:25:00,RARE
93.62,93.725,93.5888,93.725,1105,2020-10-07 18:30:00,RARE
93.66,93.73,93.6,93.73,2054,2020-10-07 18:35:00,RARE
93.68,94.215,93.675,94.21,4787,2020-10-07 18:40:00,RARE
94.13,94.21,93.88,93.98,5470,2020-10-07 18:45:00,RARE
93.88,94.06,93.8,94.0,1904,2020-10-07 18:50:00,RARE
93.995,94.17,93.995,94.16,1893,2020-10-07 18:55:00,RARE
94.17,94.23,94.09,94.17,2742,2020-10-07 19:00:00,RARE
94.23,94.3,94.16,94.16,2280,2020-10-07 19:05:00,RARE
94.26,94.38,94.26,94.33,993,2020-10-07 19:10:00,RARE
94.33,94.415,94.01,94.037,3824,2020-10-07 19:15:00,RARE
94.215,94.5,94.215,94.5,2525,2020-10-07 19:20:00,RARE
94.5,94.67,94.48,94.67,3191,2020-10-07 19:25:00,RARE
94.67,94.76,94.48,94.56,4082,2020-10-07 19:30:00,RARE
94.54,94.695,94.47,94.62,3295,2020-10-07 19:35:00,RARE
94.58,94.58,94.32,94.455,8103,2020-10-07 19:40:00,RARE
94.48,94.565,94.37,94.435,6432,2020-10-07 19:45:00,RARE
94.49,94.88,94.49,94.585,9703,2020-10-07 19:50:00,RARE
94.53,94.61,94.2,94.2,25581,2020-10-07 19:55:00,RARE
94.2,94.2,94.2,94.2,80697,2020-10-07 20:00:00,RARE
94.67,94.7015,93.1901,93.71,15612,2020-10-08 13:30:00,RARE
93.655,93.91,93.41,93.91,1486,2020-10-08 13:35:00,RARE
93.8255,94.21,93.8,93.96,1480,2020-10-08 13:40:00,RARE
93.97,93.97,93.29,93.29,1565,2020-10-08 13:45:00,RARE
93.29,94.0085,93.29,94.0085,1650,2020-10-08 13:50:00,RARE
94.44,94.83,94.35,94.35,1352,2020-10-08 13:55:00,RARE
94.85,94.9,94.3742,94.42,1455,2020-10-08 14:00:00,RARE
94.48,95.66,94.36,95.38,56015,2020-10-08 14:05:00,RARE
95.565,96.58,95.565,96.44,2180,2020-10-08 14:10:00,RARE
96.13,96.42,96.07,96.125,5771,2020-10-08 14:15:00,RARE
96.125,96.23,95.44,95.44,13471,2020-10-08 14:20:00,RARE
95.31,95.86,95.31,95.86,5608,2020-10-08 14:25:00,RARE
95.84,95.92,95.285,95.385,3936,2020-10-08 14:30:00,RARE
95.51,95.55,95.17,95.315,1420,2020-10-08 14:35:00,RARE
95.2,95.73,95.2,95.72,900,2020-10-08 14:40:00,RARE
95.91,96.29,95.725,95.91,3479,2020-10-08 14:45:00,RARE
95.85,95.85,95.39,95.395,2261,2020-10-08 14:50:00,RARE
95.2191,95.49,95.2191,95.385,1127,2020-10-08 14:55:00,RARE
95.49,95.836,95.49,95.52,2285,2020-10-08 15:00:00,RARE
95.6332,95.74,95.53,95.53,1000,2020-10-08 15:05:00,RARE
95.38,95.6999,95.38,95.605,1715,2020-10-08 15:10:00,RARE
95.52,95.52,95.31,95.31,2090,2020-10-08 15:15:00,RARE
95.21,95.35,95.2,95.2,5061,2020-10-08 15:20:00,RARE
95.3,95.6,95.18,95.6,4576,2020-10-08 15:25:00,RARE
95.64,95.745,95.3001,95.3001,1100,2020-10-08 15:30:00,RARE
95.73,96.09,95.73,96.09,1301,2020-10-08 15:35:00,RARE
96.01,96.01,95.57,95.57,400,2020-10-08 15:40:00,RARE
95.7,95.79,95.61,95.79,300,2020-10-08 15:45:00,RARE
95.61,95.62,95.38,95.48,900,2020-10-08 15:50:00,RARE
95.64,95.71,95.63,95.65,700,2020-10-08 15:55:00,RARE
95.73,95.9,95.55,95.9,11700,2020-10-08 16:00:00,RARE
95.65,95.88,95.5401,95.5401,1145,2020-10-08 16:05:00,RARE
95.55,95.55,95.05,95.2,40801,2020-10-08 16:10:00,RARE
95.45,95.45,95.195,95.295,493,2020-10-08 16:15:00,RARE
95.295,95.36,95.21,95.23,1362,2020-10-08 16:20:00,RARE
95.3,95.4,95.29,95.295,4527,2020-10-08 16:25:00,RARE
95.36,95.46,95.28,95.28,6600,2020-10-08 16:30:00,RARE
95.275,95.275,94.28,94.505,4828,2020-10-08 16:35:00,RARE
94.39,94.485,94.39,94.4451,1901,2020-10-08 16:40:00,RARE
94.3962,94.47,94.01,94.01,1833,2020-10-08 16:45:00,RARE
94.13,94.22,93.685,93.78,3684,2020-10-08 16:50:00,RARE
93.9,93.9,93.48,93.69,2400,2020-10-08 16:55:00,RARE
93.39,93.51,93.11,93.11,2840,2020-10-08 17:00:00,RARE
93.12,93.2,92.96,93.135,3200,2020-10-08 17:05:00,RARE
93.07,93.3,93.07,93.25,1010,2020-10-08 17:10:00,RARE
93.25,93.25,92.995,92.995,1000,2020-10-08 17:15:00,RARE
93.005,93.21,93.0,93.155,1425,2020-10-08 17:20:00,RARE
93.25,93.61,93.25,93.61,1370,2020-10-08 17:25:00,RARE
93.64,93.7483,93.58,93.58,930,2020-10-08 17:30:00,RARE
93.475,93.535,93.39,93.44,1400,2020-10-08 17:35:00,RARE
93.46,93.99,93.46,93.99,800,2020-10-08 17:40:00,RARE
93.99,93.99,93.78,93.945,869,2020-10-08 17:45:00,RARE
93.935,94.105,93.92,93.92,604,2020-10-08 17:50:00,RARE
93.99,93.99,93.83,93.925,1000,2020-10-08 17:55:00,RARE
94.05,94.05,93.85,93.85,400,2020-10-08 18:00:00,RARE
93.99,94.1999,93.92,94.09,2415,2020-10-08 18:05:00,RARE
93.99,94.16,93.99,93.99,1600,2020-10-08 18:10:00,RARE
94.015,94.22,94.0,94.005,1900,2020-10-08 18:15:00,RARE
94.0,94.12,93.88,93.88,1100,2020-10-08 18:20:00,RARE
94.0,94.0,93.755,93.755,60390,2020-10-08 18:25:00,RARE
93.63,93.81,93.51,93.76,3751,2020-10-08 18:30:00,RARE
93.72,93.72,93.685,93.685,200,2020-10-08 18:35:00,RARE
93.66,93.725,93.62,93.725,300,2020-10-08 18:40:00,RARE
93.745,93.84,93.67,93.84,2745,2020-10-08 18:45:00,RARE
93.82,94.04,93.82,94.04,1500,2020-10-08 18:50:00,RARE
94.07,94.43,94.0,94.3,3015,2020-10-08 18:55:00,RARE
94.22,94.28,94.19,94.28,500,2020-10-08 19:00:00,RARE
94.49,94.49,94.49,94.49,100,2020-10-08 19:05:00,RARE
94.65,94.77,94.58,94.58,1750,2020-10-08 19:10:00,RARE
94.59,94.59,94.195,94.43,1000,2020-10-08 19:15:00,RARE
94.53,94.55,94.28,94.28,1100,2020-10-08 19:20:00,RARE
94.45,94.605,94.45,94.605,300,2020-10-08 19:25:00,RARE
94.71,94.75,94.39,94.52,3100,2020-10-08 19:30:00,RARE
94.55,94.67,94.43,94.44,1700,2020-10-08 19:35:00,RARE
94.45,94.465,94.29,94.39,3412,2020-10-08 19:40:00,RARE
94.29,94.39,94.22,94.39,3000,2020-10-08 19:45:00,RARE
94.31,94.49,94.16,94.35,5941,2020-10-08 19:50:00,RARE
94.375,94.58,94.27,94.57,10183,2020-10-08 19:55:00,RARE
94.43,94.43,94.43,94.43,41981,2020-10-08 20:00:00,RARE
95.0,95.0,93.15,94.3572,5863,2020-10-09 13:30:00,RARE
94.97,95.155,94.275,94.48,4357,2020-10-09 13:35:00,RARE
95.1,95.22,94.47,94.72,2090,2020-10-09 13:40:00,RARE
94.61,95.0,94.61,95.0,500,2020-10-09 13:45:00,RARE
94.99,95.05,94.61,94.98,800,2020-10-09 13:50:00,RARE
95.1102,95.49,94.555,94.995,877,2020-10-09 13:55:00,RARE
94.52,94.52,94.06,94.07,770,2020-10-09 14:00:00,RARE
94.11,94.11,93.38,94.0,1300,2020-10-09 14:05:00,RARE
94.55,94.61,94.52,94.52,300,2020-10-09 14:10:00,RARE
94.47,94.62,94.47,94.62,300,2020-10-09 14:15:00,RARE
94.725,94.91,94.485,94.86,450,2020-10-09 14:20:00,RARE
95.0,95.02,94.79,95.02,1405,2020-10-09 14:25:00,RARE
95.015,95.015,95.015,95.015,200,2020-10-09 14:30:00,RARE
95.16,95.18,94.95,94.95,996,2020-10-09 14:35:00,RARE
94.81,94.83,94.68,94.83,800,2020-10-09 14:40:00,RARE
94.92,95.0,94.885,94.885,700,2020-10-09 14:45:00,RARE
94.88,94.88,94.51,94.51,1000,2020-10-09 14:50:00,RARE
94.43,94.45,94.43,94.45,200,2020-10-09 14:55:00,RARE
94.71,94.99,94.71,94.805,1700,2020-10-09 15:00:00,RARE
94.92,95.035,94.91,95.0,2100,2020-10-09 15:05:00,RARE
95.1,95.19,94.75,94.9,1400,2020-10-09 15:10:00,RARE
94.79,94.79,94.79,94.79,100,2020-10-09 15:15:00,RARE
94.9,94.9,94.9,94.9,301,2020-10-09 15:20:00,RARE
94.955,94.955,94.955,94.955,100,2020-10-09 15:30:00,RARE
95.0,95.44,95.0,95.325,14583,2020-10-09 15:35:00,RARE
95.34,95.34,95.34,95.34,100,2020-10-09 15:40:00,RARE
95.34,95.96,95.34,95.88,3282,2020-10-09 15:45:00,RARE
95.92,96.14,95.92,96.075,1843,2020-10-09 15:50:00,RARE
95.97,96.2,95.8,95.8,5741,2020-10-09 15:55:00,RARE
95.86,95.88,95.69,95.78,1100,2020-10-09 16:00:00,RARE
95.68,95.68,95.55,95.625,600,2020-10-09 16:05:00,RARE
95.625,95.78,95.385,95.78,3425,2020-10-09 16:10:00,RARE
95.765,95.98,95.7525,95.7525,4466,2020-10-09 16:15:00,RARE
95.83,95.945,95.82,95.92,2179,2020-10-09 16:20:00,RARE
95.93,95.97,95.9,95.9,400,2020-10-09 16:25:00,RARE
95.99,96.16,95.96,96.16,1700,2020-10-09 16:30:00,RARE
96.175,96.25,96.0778,96.25,2238,2020-10-09 16:35:00,RARE
96.36,96.5,96.31,96.3401,3921,2020-10-09 16:40:00,RARE
96.36,96.36,96.0,96.005,2400,2020-10-09 16:45:00,RARE
95.92,96.12,95.92,96.05,600,2020-10-09 16:50:00,RARE
96.06,96.11,95.91,96.06,1535,2020-10-09 16:55:00,RARE
95.975,95.975,95.68,95.7,1706,2020-10-09 17:00:00,RARE
95.655,95.74,95.655,95.74,200,2020-10-09 17:05:00,RARE
95.475,95.475,95.475,95.475,100,2020-10-09 17:10:00,RARE
95.4,95.41,95.23,95.23,400,2020-10-09 17:15:00,RARE
95.11,95.11,94.27,94.27,13126,2020-10-09 17:20:00,RARE
94.69,95.15,94.69,95.035,4850,2020-10-09 17:25:00,RARE
95.125,95.125,94.99,95.0,1621,2020-10-09 17:30:00,RARE
95.0,95.12,94.84,94.9223,1305,2020-10-09 17:35:00,RARE
94.88,94.96,94.74,94.8,650,2020-10-09 17:40:00,RARE
94.7903,94.7903,94.7903,94.7903,215,2020-10-09 17:45:00,RARE
94.7,94.77,94.66,94.77,1056,2020-10-09 17:50:00,RARE
94.78,94.78,94.59,94.73,400,2020-10-09 17:55:00,RARE
94.67,94.67,94.37,94.55,700,2020-10-09 18:00:00,RARE
94.54,94.54,94.46,94.51,700,2020-10-09 18:10:00,RARE
94.57,94.57,94.52,94.52,500,2020-10-09 18:15:00,RARE
94.49,94.54,94.49,94.54,200,2020-10-09 18:20:00,RARE
94.72,94.95,94.72,94.845,1300,2020-10-09 18:25:00,RARE
94.78,94.83,94.78,94.8,600,2020-10-09 18:30:00,RARE
94.76,94.845,94.55,94.55,2500,2020-10-09 18:35:00,RARE
94.5586,94.62,94.3,94.3,3120,2020-10-09 18:45:00,RARE
94.285,94.37,94.21,94.34,1100,2020-10-09 18:50:00,RARE
94.37,94.395,94.36,94.395,300,2020-10-09 18:55:00,RARE
94.365,94.53,94.3625,94.53,900,2020-10-09 19:00:00,RARE
94.65,94.78,94.49,94.5,1700,2020-10-09 19:05:00,RARE
94.53,94.64,94.53,94.64,600,2020-10-09 19:10:00,RARE
94.655,94.655,94.58,94.63,500,2020-10-09 19:15:00,RARE
94.61,94.67,94.6,94.66,1303,2020-10-09 19:20:00,RARE
94.72,94.72,94.72,94.72,100,2020-10-09 19:25:00,RARE
94.76,94.81,94.6725,94.68,1000,2020-10-09 19:30:00,RARE
94.68,94.68,94.68,94.68,100,2020-10-09 19:35:00,RARE
94.76,94.76,94.52,94.545,1945,2020-10-09 19:40:00,RARE
94.5,94.53,94.23,94.25,4400,2020-10-09 19:45:00,RARE
94.33,94.435,94.28,94.345,4302,2020-10-09 19:50:00,RARE
94.3,94.46,94.19,94.46,10167,2020-10-09 19:55:00,RARE
94.45,94.45,94.45,94.45,32335,2020-10-09 20:00:00,RARE
94.4,94.4,94.4,94.4,105,2020-10-12 12:20:00,RARE
94.45,95.0,93.7,93.7,6271,2020-10-12 13:30:00,RARE
93.7,93.97,93.19,93.19,662,2020-10-12 13:35:00,RARE
92.83,94.055,92.6,94.055,3700,2020-10-12 13:40:00,RARE
94.095,94.095,94.095,94.095,100,2020-10-12 13:45:00,RARE
94.1,94.15,93.99,93.99,1500,2020-10-12 13:50:00,RARE
93.99,94.309,93.77,93.96,1630,2020-10-12 13:55:00,RARE
93.98,94.86,93.98,94.85,1666,2020-10-12 14:00:00,RARE
94.39,94.945,94.39,94.945,200,2020-10-12 14:05:00,RARE
94.68,94.705,94.41,94.46,1000,2020-10-12 14:10:00,RARE
94.7,95.0,94.43,94.47,3300,2020-10-12 14:15:00,RARE
94.95,95.01,94.53,94.765,2445,2020-10-12 14:20:00,RARE
94.825,94.825,94.495,94.495,700,2020-10-12 14:25:00,RARE
94.97,95.08,94.56,95.08,600,2020-10-12 14:30:00,RARE
95.05,95.26,94.865,95.25,700,2020-10-12 14:35:00,RARE
95.07,95.52,95.07,95.09,6117,2020-10-12 14:40:00,RARE
95.21,95.22,95.0001,95.22,800,2020-10-12 14:45:00,RARE
95.3,95.355,95.3,95.355,700,2020-10-12 14:50:00,RARE
95.4,95.68,95.4,95.485,16352,2020-10-12 14:55:00,RARE
95.485,96.1,95.485,95.91,5408,2020-10-12 15:00:00,RARE
96.1,96.47,95.92,96.37,14465,2020-10-12 15:05:00,RARE
96.41,96.48,95.9,95.99,2103,2020-10-12 15:10:00,RARE
96.0,96.21,96.0,96.115,700,2020-10-12 15:15:00,RARE
96.01,96.01,95.38,95.39,1700,2020-10-12 15:20:00,RARE
95.53,95.55,95.53,95.55,200,2020-10-12 15:25:00,RARE
95.415,95.52,95.15,95.45,900,2020-10-12 15:30:00,RARE
95.29,95.55,95.29,95.55,200,2020-10-12 15:35:00,RARE
95.5717,95.69,95.22,95.22,1817,2020-10-12 15:40:00,RARE
95.5,95.83,95.5,95.625,2677,2020-10-12 15:45:00,RARE
95.72,95.72,95.62,95.69,300,2020-10-12 15:50:00,RARE
95.69,95.69,95.665,95.665,300,2020-10-12 15:55:00,RARE
95.805,96.105,95.69,96.105,4953,2020-10-12 16:05:00,RARE
96.22,96.24,96.105,96.23,800,2020-10-12 16:10:00,RARE
96.05,96.27,96.04,96.27,1508,2020-10-12 16:15:00,RARE
96.17,96.17,95.99,96.07,1500,2020-10-12 16:20:00,RARE
96.15,96.22,96.0,96.16,500,2020-10-12 16:25:00,RARE
96.11,96.32,96.11,96.32,700,2020-10-12 16:30:00,RARE
96.28,96.28,95.995,95.995,1000,2020-10-12 16:35:00,RARE
96.0,96.05,95.92,95.99,1100,2020-10-12 16:40:00,RARE
96.0,96.0,95.98,95.98,600,2020-10-12 16:45:00,RARE
96.02,96.02,96.02,96.02,100,2020-10-12 16:50:00,RARE
95.875,95.875,95.875,95.875,190,2020-10-12 16:55:00,RARE
95.795,95.795,95.775,95.775,300,2020-10-12 17:00:00,RARE
95.77,95.77,95.63,95.655,800,2020-10-12 17:05:00,RARE
95.7547,95.7547,95.66,95.66,200,2020-10-12 17:10:00,RARE
95.705,95.9333,95.7,95.795,1889,2020-10-12 17:15:00,RARE
95.87,95.9,95.61,95.725,1216,2020-10-12 17:20:00,RARE
95.725,96.0,95.725,95.93,1200,2020-10-12 17:25:00,RARE
96.03,96.03,95.87,95.87,700,2020-10-12 17:30:00,RARE
95.875,95.975,95.875,95.975,300,2020-10-12 17:35:00,RARE
95.87,95.88,95.87,95.87,300,2020-10-12 17:40:00,RARE
95.79,96.01,95.73,95.73,1000,2020-10-12 17:45:00,RARE
95.74,95.91,95.74,95.91,200,2020-10-12 17:50:00,RARE
95.745,95.79,95.73,95.79,400,2020-10-12 17:55:00,RARE
95.85,95.88,95.79,95.88,800,2020-10-12 18:00:00,RARE
95.7,95.8,95.675,95.77,800,2020-10-12 18:05:00,RARE
95.68,95.79,95.68,95.68,500,2020-10-12 18:10:00,RARE
95.55,95.82,95.55,95.82,1000,2020-10-12 18:15:00,RARE
95.87,96.035,95.78,96.035,600,2020-10-12 18:20:00,RARE
96.035,96.12,95.99,96.12,900,2020-10-12 18:25:00,RARE
96.03,96.42,96.03,96.15,6673,2020-10-12 18:30:00,RARE
96.2,96.2,95.97,95.97,3300,2020-10-12 18:35:00,RARE
95.84,95.84,95.65,95.72,700,2020-10-12 18:40:00,RARE
95.675,95.69,95.6075,95.615,2000,2020-10-12 18:45:00,RARE
95.66,95.85,95.53,95.85,6876,2020-10-12 18:50:00,RARE
95.81,95.87,95.7,95.78,2400,2020-10-12 18:55:00,RARE
95.79,95.91,95.77,95.825,1982,2020-10-12 19:00:00,RARE
95.88,95.88,95.69,95.69,2900,2020-10-12 19:05:00,RARE
95.61,95.65,95.54,95.575,1423,2020-10-12 19:10:00,RARE
95.67,95.8,95.67,95.73,700,2020-10-12 19:15:00,RARE
95.9,95.9,95.74,95.82,2973,2020-10-12 19:20:00,RARE
95.83,95.83,95.7,95.76,2004,2020-10-12 19:25:00,RARE
95.79,95.85,95.65,95.695,17505,2020-10-12 19:30:00,RARE
95.69,95.83,95.65,95.695,5539,2020-10-12 19:35:00,RARE
95.72,95.72,95.57,95.6302,9755,2020-10-12 19:40:00,RARE
95.655,95.78,95.615,95.65,10972,2020-10-12 19:45:00,RARE
95.5,95.66,95.42,95.56,10247,2020-10-12 19:50:00,RARE
95.6,95.6,95.34,95.42,15532,2020-10-12 19:55:00,RARE
95.5,95.5,95.5,95.5,22890,2020-10-12 20:00:00,RARE
95.28,95.28,94.03,94.35,3250,2020-10-13 13:30:00,RARE
94.28,95.84,94.28,95.565,15490,2020-10-13 13:35:00,RARE
95.84,95.99,95.1801,95.1801,1500,2020-10-13 13:40:00,RARE
95.27,95.7,95.12,95.12,700,2020-10-13 13:45:00,RARE
95.555,95.85,95.555,95.63,600,2020-10-13 13:50:00,RARE
95.635,95.77,95.635,95.77,1011,2020-10-13 13:55:00,RARE
95.85,95.93,95.27,95.27,1312,2020-10-13 14:00:00,RARE
95.6,95.6,95.305,95.305,400,2020-10-13 14:05:00,RARE
95.395,95.395,94.83,95.01,2022,2020-10-13 14:10:00,RARE
95.035,95.035,94.6,94.6,500,2020-10-13 14:15:00,RARE
94.6,94.93,94.6,94.82,500,2020-10-13 14:20:00,RARE
94.76,94.955,94.75,94.75,300,2020-10-13 14:25:00,RARE
94.66,94.75,94.66,94.75,200,2020-10-13 14:30:00,RARE
94.735,94.76,94.21,94.25,4104,2020-10-13 14:35:00,RARE
94.32,94.35,94.21,94.21,681,2020-10-13 14:40:00,RARE
94.305,94.305,94.08,94.08,400,2020-10-13 14:45:00,RARE
94.18,94.45,93.97,94.45,1400,2020-10-13 14:50:00,RARE
94.43,95.03,94.43,95.03,10500,2020-10-13 14:55:00,RARE
94.85,95.0,94.59,94.72,2791,2020-10-13 15:00:00,RARE
94.7675,94.93,94.7675,94.93,200,2020-10-13 15:05:00,RARE
94.97,95.12,94.75,95.1,600,2020-10-13 15:10:00,RARE
95.29,95.41,95.29,95.41,500,2020-10-13 15:15:00,RARE
95.24,95.24,95.24,95.24,100,2020-10-13 15:20:00,RARE
95.2875,95.2875,95.07,95.07,1000,2020-10-13 15:25:00,RARE
95.4,95.51,95.4,95.51,200,2020-10-13 15:30:00,RARE
95.4,95.5139,95.38,95.5139,458,2020-10-13 15:35:00,RARE
95.365,95.37,95.24,95.37,300,2020-10-13 15:40:00,RARE
95.47,95.47,95.465,95.47,400,2020-10-13 15:45:00,RARE
95.7,95.97,95.7,95.95,315,2020-10-13 15:50:00,RARE
95.59,95.8,95.59,95.8,200,2020-10-13 15:55:00,RARE
95.97,96.05,95.97,95.985,2701,2020-10-13 16:00:00,RARE
95.9,95.9,95.81,95.81,200,2020-10-13 16:05:00,RARE
95.85,95.85,95.41,95.62,600,2020-10-13 16:10:00,RARE
95.8,95.8454,95.8,95.8454,550,2020-10-13 16:15:00,RARE
95.8498,95.8521,95.775,95.775,1300,2020-10-13 16:20:00,RARE
95.94,95.95,95.75,95.87,2600,2020-10-13 16:25:00,RARE
96.04,96.13,95.97,96.13,2201,2020-10-13 16:30:00,RARE
96.19,96.19,96.05,96.18,600,2020-10-13 16:35:00,RARE
96.1,96.4,96.1,96.4,1449,2020-10-13 16:40:00,RARE
96.33,96.42,96.33,96.42,500,2020-10-13 16:45:00,RARE
96.4,96.5,96.4,96.47,900,2020-10-13 16:50:00,RARE
96.53,96.79,96.53,96.79,1439,2020-10-13 16:55:00,RARE
96.78,97.0375,96.76,97.0375,4231,2020-10-13 17:00:00,RARE
97.03,97.05,96.83,96.83,1689,2020-10-13 17:05:00,RARE
96.79,97.14,96.79,97.14,4058,2020-10-13 17:10:00,RARE
97.18,97.25,97.18,97.25,740,2020-10-13 17:15:00,RARE
97.15,97.15,96.97,96.97,1000,2020-10-13 17:20:00,RARE
97.035,97.12,96.97,96.97,900,2020-10-13 17:25:00,RARE
97.03,97.11,97.03,97.11,701,2020-10-13 17:30:00,RARE
97.23,97.24,97.23,97.23,300,2020-10-13 17:35:00,RARE
97.08,97.18,97.08,97.18,200,2020-10-13 17:40:00,RARE
97.17,97.25,97.16,97.25,800,2020-10-13 17:45:00,RARE
97.24,97.71,97.24,97.71,2400,2020-10-13 17:50:00,RARE
97.66,97.66,97.415,97.455,3321,2020-10-13 17:55:00,RARE
97.3,97.54,97.3,97.54,1100,2020-10-13 18:00:00,RARE
97.445,97.64,97.34,97.585,3433,2020-10-13 18:10:00,RARE
97.7,97.75,97.695,97.695,1500,2020-10-13 18:15:00,RARE
97.63,97.69,97.62,97.63,500,2020-10-13 18:20:00,RARE
97.76,97.89,97.5,97.5,899,2020-10-13 18:25:00,RARE
97.36,97.4,97.21,97.4,1200,2020-10-13 18:30:00,RARE
97.26,97.4373,97.26,97.4373,550,2020-10-13 18:35:00,RARE
97.3,97.3,97.3,97.3,100,2020-10-13 18:40:00,RARE
97.36,97.36,97.2404,97.2404,300,2020-10-13 18:45:00,RARE
97.43,97.43,97.42,97.42,200,2020-10-13 18:50:00,RARE
97.4438,97.6095,97.4438,97.56,400,2020-10-13 18:55:00,RARE
97.58,97.71,97.58,97.71,500,2020-10-13 19:00:00,RARE
97.71,97.72,97.585,97.585,300,2020-10-13 19:05:00,RARE
97.71,97.78,97.71,97.78,300,2020-10-13 19:10:00,RARE
97.97,98.05,97.9699,98.04,11140,2020-10-13 19:15:00,RARE
97.99,98.05,97.99,98.04,2000,2020-10-13 19:20:00,RARE
97.97,97.99,97.9,97.99,1300,2020-10-13 19:25:00,RARE
97.99,97.99,97.65,97.8893,4567,2020-10-13 19:30:00,RARE
97.95,98.0,97.63,97.72,11207,2020-10-13 19:35:00,RARE
97.65,97.84,97.63,97.71,2400,2020-10-13 19:40:00,RARE
97.54,97.81,97.54,97.79,2100,2020-10-13 19:45:00,RARE
97.715,97.8,97.61,97.64,2820,2020-10-13 19:50:00,RARE
97.42,97.76,97.33,97.395,12797,2020-10-13 19:55:00,RARE
97.4,97.4,97.4,97.4,27239,2020-10-13 20:00:00,RARE
97.4,97.4,97.4,97.4,1989,2020-10-13 20:05:00,RARE
97.4,97.4,97.4,97.4,1961,2020-10-13 21:25:00,RARE
96.6,97.62,96.6,97.13,4829,2020-10-14 13:30:00,RARE
97.67,98.005,97.67,98.005,300,2020-10-14 13:35:00,RARE
97.225,97.8778,97.225,97.8778,300,2020-10-14 13:40:00,RARE
97.36,97.47,97.31,97.47,300,2020-10-14 13:50:00,RARE
97.97,97.98,97.97,97.98,200,2020-10-14 13:55:00,RARE
97.665,97.94,97.36,97.94,400,2020-10-14 14:00:00,RARE
97.97,98.31,97.87,97.9,2100,2020-10-14 14:05:00,RARE
98.2,98.225,98.13,98.225,400,2020-10-14 14:10:00,RARE
98.41,98.51,98.41,98.51,300,2020-10-14 14:15:00,RARE
98.52,98.61,98.442,98.61,600,2020-10-14 14:20:00,RARE
98.35,98.42,97.89,97.89,1530,2020-10-14 14:25:00,RARE
97.86,97.89,97.76,97.85,900,2020-10-14 14:30:00,RARE
97.825,97.86,97.825,97.86,300,2020-10-14 14:35:00,RARE
98.02,98.205,97.93,98.205,574,2020-10-14 14:40:00,RARE
98.54,98.69,98.4553,98.6,1600,2020-10-14 14:45:00,RARE
98.45,98.75,98.435,98.75,1900,2020-10-14 14:50:00,RARE
98.685,98.76,98.62,98.7381,1116,2020-10-14 14:55:00,RARE
98.95,98.95,98.855,98.855,200,2020-10-14 15:00:00,RARE
98.98,98.98,98.89,98.89,200,2020-10-14 15:05:00,RARE
99.0,99.0,98.95,98.95,400,2020-10-14 15:10:00,RARE
98.8,99.01,98.79,99.01,700,2020-10-14 15:15:00,RARE
98.81,99.0,98.7,99.0,830,2020-10-14 15:20:00,RARE
99.25,99.25,99.25,99.25,100,2020-10-14 15:25:00,RARE
99.25,99.25,98.95,99.19,300,2020-10-14 15:35:00,RARE
99.02,99.16,99.02,99.16,991,2020-10-14 15:40:00,RARE
99.06,99.14,98.48,98.48,700,2020-10-14 15:45:00,RARE
98.505,98.505,98.3009,98.3009,1550,2020-10-14 15:55:00,RARE
98.23,98.23,98.1,98.23,1200,2020-10-14 16:00:00,RARE
98.33,98.33,97.92,97.94,1863,2020-10-14 16:05:00,RARE
97.7906,97.7906,97.7906,97.7906,100,2020-10-14 16:10:00,RARE
97.81,97.81,97.41,97.41,719,2020-10-14 16:15:00,RARE
97.3,97.325,96.46,96.52,13160,2020-10-14 16:20:00,RARE
96.56,96.63,96.16,96.16,500,2020-10-14 16:25:00,RARE
96.53,96.53,95.985,96.06,2750,2020-10-14 16:30:00,RARE
95.9993,96.095,95.9993,96.095,400,2020-10-14 16:35:00,RARE
96.23,96.52,96.23,96.41,5767,2020-10-14 16:40:00,RARE
96.41,96.41,96.31,96.37,1000,2020-10-14 16:45:00,RARE
96.4,96.4,96.22,96.37,800,2020-10-14 16:50:00,RARE
96.41,96.41,95.89,95.89,1443,2020-10-14 16:55:00,RARE
95.8224,95.8224,95.82,95.82,653,2020-10-14 17:00:00,RARE
95.665,95.665,95.665,95.665,100,2020-10-14 17:05:00,RARE
95.55,95.635,95.33,95.33,1100,2020-10-14 17:10:00,RARE
95.345,95.925,95.345,95.925,2200,2020-10-14 17:15:00,RARE
95.92,95.97,95.79,95.79,1900,2020-10-14 17:20:00,RARE
95.665,95.665,95.57,95.57,300,2020-10-14 17:25:00,RARE
95.52,95.56,95.5,95.5,300,2020-10-14 17:30:00,RARE
95.365,95.6,95.36,95.6,1500,2020-10-14 17:35:00,RARE
95.64,95.68,95.53,95.59,2100,2020-10-14 17:40:00,RARE
95.64,95.64,95.33,95.53,800,2020-10-14 17:45:00,RARE
95.46,95.46,91.3,92.565,51681,2020-10-14 17:50:00,RARE
92.645,93.17,92.64,92.86,2518,2020-10-14 17:55:00,RARE
93.045,93.35,92.9,93.14,1831,2020-10-14 18:00:00,RARE
93.15,93.54,93.15,93.425,11353,2020-10-14 18:05:00,RARE
93.415,94.13,93.415,93.9175,1330,2020-10-14 18:10:00,RARE
93.92,93.92,93.25,93.25,2116,2020-10-14 18:15:00,RARE
93.2244,93.38,92.97,92.97,2010,2020-10-14 18:20:00,RARE
92.91,93.13,92.75,92.75,1413,2020-10-14 18:25:00,RARE
92.77,92.95,92.07,92.07,2100,2020-10-14 18:30:00,RARE
91.89,92.49,91.89,92.08,3692,2020-10-14 18:35:00,RARE
92.355,92.61,92.17,92.17,2400,2020-10-14 18:40:00,RARE
92.04,92.45,91.72,92.26,2455,2020-10-14 18:45:00,RARE
92.33,92.33,92.16,92.33,2544,2020-10-14 18:50:00,RARE
92.32,92.45,92.04,92.18,1566,2020-10-14 18:55:00,RARE
92.08,92.47,92.02,92.45,1800,2020-10-14 19:00:00,RARE
92.407,93.09,92.407,93.09,1648,2020-10-14 19:05:00,RARE
92.765,93.09,92.76,92.86,5307,2020-10-14 19:10:00,RARE
93.035,93.13,92.93,93.13,1423,2020-10-14 19:15:00,RARE
93.16,93.21,93.03,93.12,2300,2020-10-14 19:20:00,RARE
93.05,93.38,93.05,93.3,2935,2020-10-14 19:25:00,RARE
93.38,93.535,93.3,93.44,3190,2020-10-14 19:30:00,RARE
93.22,93.22,92.86,93.125,1991,2020-10-14 19:35:00,RARE
93.255,93.44,93.07,93.249,3911,2020-10-14 19:40:00,RARE
93.32,93.32,93.07,93.07,1000,2020-10-14 19:45:00,RARE
93.04,93.17,92.7,93.115,6571,2020-10-14 19:50:00,RARE
93.06,93.09,92.66,92.68,21180,2020-10-14 19:55:00,RARE
92.69,92.69,92.69,92.69,28131,2020-10-14 20:00:00,RARE
89.41,89.41,89.0,89.0,1689,2020-10-15 12:45:00,RARE
88.0,89.51,87.2726,89.0543,21306,2020-10-15 13:30:00,RARE
89.68,90.74,89.63,90.74,2730,2020-10-15 13:35:00,RARE
90.68,92.0,90.68,92.0,2500,2020-10-15 13:40:00,RARE
91.92,91.92,91.35,91.57,1342,2020-10-15 13:45:00,RARE
91.42,92.35,91.4,92.35,2539,2020-10-15 13:50:00,RARE
92.005,92.01,90.86,90.86,2000,2020-10-15 13:55:00,RARE
90.5,90.5,90.5,90.5,200,2020-10-15 14:00:00,RARE
90.52,91.06,89.63,89.709,13456,2020-10-15 14:05:00,RARE
89.615,90.66,89.25,90.63,4542,2020-10-15 14:10:00,RARE
90.445,91.08,90.445,90.65,400,2020-10-15 14:15:00,RARE
90.82,91.92,90.75,91.87,1200,2020-10-15 14:20:00,RARE
92.26,92.26,91.37,91.525,1100,2020-10-15 14:25:00,RARE
91.64,91.97,91.54,91.91,1500,2020-10-15 14:30:00,RARE
91.72,91.72,91.18,91.24,1016,2020-10-15 14:35:00,RARE
90.98,91.37,90.98,91.37,1000,2020-10-15 14:40:00,RARE
91.56,91.69,91.55,91.55,800,2020-10-15 14:45:00,RARE
91.85,91.89,91.66,91.88,615,2020-10-15 14:50:00,RARE
91.74,92.68,91.69,92.68,2050,2020-10-15 14:55:00,RARE
92.45,92.61,92.38,92.61,1200,2020-10-15 15:00:00,RARE
92.38,92.38,92.365,92.365,600,2020-10-15 15:05:00,RARE
92.67,92.75,92.45,92.68,1600,2020-10-15 15:10:00,RARE
93.26,93.31,93.26,93.31,2700,2020-10-15 15:15:00,RARE
93.15,93.38,93.11,93.37,1385,2020-10-15 15:20:00,RARE
93.29,93.29,92.66,92.66,1100,2020-10-15 15:25:00,RARE
92.59,93.18,92.59,92.7401,4307,2020-10-15 15:30:00,RARE
92.935,93.0,92.84,92.84,1000,2020-10-15 15:35:00,RARE
92.84,92.93,92.73,92.93,1795,2020-10-15 15:40:00,RARE
92.97,93.16,92.84,92.84,1519,2020-10-15 15:45:00,RARE
93.065,93.19,93.065,93.13,810,2020-10-15 15:50:00,RARE
93.02,93.17,92.77,92.77,600,2020-10-15 15:55:00,RARE
92.65,92.66,92.38,92.46,2200,2020-10-15 16:00:00,RARE
92.42,92.85,92.42,92.77,1656,2020-10-15 16:05:00,RARE
93.0,93.2,92.91,92.91,2006,2020-10-15 16:15:00,RARE
93.06,93.17,93.005,93.045,2139,2020-10-15 16:20:00,RARE
92.98,93.04,92.92,93.0,1207,2020-10-15 16:25:00,RARE
92.89,93.06,92.83,92.84,2366,2020-10-15 16:30:00,RARE
92.8382,93.06,92.74,93.05,904,2020-10-15 16:35:00,RARE
93.06,93.095,92.95,92.95,819,2020-10-15 16:40:00,RARE
93.02,93.215,93.02,93.215,1300,2020-10-15 16:45:00,RARE
93.39,93.41,93.21,93.41,601,2020-10-15 16:50:00,RARE
93.42,93.445,93.07,93.15,3449,2020-10-15 16:55:00,RARE
93.25,93.27,93.17,93.27,617,2020-10-15 17:00:00,RARE
93.24,93.26,92.96,93.07,3221,2020-10-15 17:05:00,RARE
93.09,93.13,92.95,92.95,5618,2020-10-15 17:10:00,RARE
93.065,93.19,92.97,92.97,700,2020-10-15 17:15:00,RARE
92.98,93.285,92.95,93.125,2504,2020-10-15 17:20:00,RARE
93.39,93.39,93.26,93.26,541,2020-10-15 17:30:00,RARE
93.16,93.16,92.66,92.86,2912,2020-10-15 17:35:00,RARE
92.93,93.16,92.93,92.98,2609,2020-10-15 17:40:00,RARE
93.0,93.115,92.99,93.05,815,2020-10-15 17:45:00,RARE
93.03,93.2,93.02,93.2,4000,2020-10-15 17:50:00,RARE
93.18,93.25,93.07,93.07,1500,2020-10-15 17:55:00,RARE
93.16,93.17,92.93,92.93,1300,2020-10-15 18:00:00,RARE
93.04,93.15,92.87,92.91,900,2020-10-15 18:05:00,RARE
92.72,92.72,92.53,92.72,1817,2020-10-15 18:10:00,RARE
92.79,92.99,92.79,92.99,1426,2020-10-15 18:15:00,RARE
93.04,93.06,92.87,92.87,1200,2020-10-15 18:20:00,RARE
92.96,93.36,92.92,93.36,1117,2020-10-15 18:25:00,RARE
93.27,93.27,93.05,93.12,900,2020-10-15 18:30:00,RARE
93.17,93.47,93.15,93.37,1007,2020-10-15 18:35:00,RARE
93.41,93.7,93.33,93.33,1419,2020-10-15 18:40:00,RARE
93.37,93.5,93.345,93.41,500,2020-10-15 18:45:00,RARE
93.61,93.76,93.53,93.64,1400,2020-10-15 18:50:00,RARE
93.74,93.93,93.66,93.93,2000,2020-10-15 18:55:00,RARE
94.05,94.35,94.045,94.33,1600,2020-10-15 19:00:00,RARE
94.26,94.26,94.04,94.135,1591,2020-10-15 19:05:00,RARE
94.135,94.2476,94.135,94.19,1200,2020-10-15 19:10:00,RARE
94.1,94.185,93.93,94.07,2326,2020-10-15 19:15:00,RARE
94.155,94.155,94.035,94.035,600,2020-10-15 19:20:00,RARE
94.055,94.27,94.055,94.175,1200,2020-10-15 19:25:00,RARE
94.09,94.28,94.04,94.185,2400,2020-10-15 19:30:00,RARE
94.27,94.27,94.11,94.23,3800,2020-10-15 19:35:00,RARE
94.19,94.56,94.15,94.275,5957,2020-10-15 19:40:00,RARE
94.29,94.29,93.58,93.58,2591,2020-10-15 19:45:00,RARE
93.36,93.77,93.23,93.77,5477,2020-10-15 19:50:00,RARE
93.75,93.76,93.42,93.75,12521,2020-10-15 19:55:00,RARE
93.77,93.77,93.77,93.77,40950,2020-10-15 20:00:00,RARE
93.11,93.11,92.67,92.67,1200,2020-10-16 13:25:00,RARE
92.09,94.1539,91.84,93.1,20322,2020-10-16 13:30:00,RARE
93.13,94.49,93.13,94.49,400,2020-10-16 13:35:00,RARE
94.39,94.95,94.02,94.2398,2000,2020-10-16 13:40:00,RARE
94.555,94.77,94.12,94.77,300,2020-10-16 13:45:00,RARE
94.5,94.79,94.15,94.78,2420,2020-10-16 13:50:00,RARE
94.65,94.67,94.6,94.64,720,2020-10-16 13:55:00,RARE
94.46,94.46,93.85,94.11,2842,2020-10-16 14:00:00,RARE
94.3,95.0536,94.0,95.0536,2707,2020-10-16 14:05:00,RARE
94.965,94.965,94.63,94.63,600,2020-10-16 14:10:00,RARE
94.555,94.81,94.51,94.75,700,2020-10-16 14:15:00,RARE
94.95,95.4526,94.95,95.235,900,2020-10-16 14:20:00,RARE
95.235,95.3,95.055,95.15,1199,2020-10-16 14:25:00,RARE
95.45,95.64,95.39,95.39,1100,2020-10-16 14:30:00,RARE
95.53,95.86,95.41,95.85,1600,2020-10-16 14:35:00,RARE
95.685,95.9,95.6,95.9,1200,2020-10-16 14:40:00,RARE
95.82,95.82,95.29,95.29,1100,2020-10-16 14:45:00,RARE
95.329,95.41,95.14,95.315,1050,2020-10-16 14:50:00,RARE
95.35,95.525,95.08,95.18,700,2020-10-16 14:55:00,RARE
95.19,95.245,95.08,95.245,1121,2020-10-16 15:00:00,RARE
95.18,95.18,95.18,95.18,100,2020-10-16 15:05:00,RARE
95.2,95.2,94.9,95.065,2200,2020-10-16 15:10:00,RARE
95.08,95.28,95.0375,95.0375,2897,2020-10-16 15:15:00,RARE
95.01,95.01,94.76,94.76,589,2020-10-16 15:20:00,RARE
94.55,94.74,94.465,94.74,500,2020-10-16 15:25:00,RARE
94.845,94.92,94.84,94.92,300,2020-10-16 15:30:00,RARE
94.99,94.99,94.7181,94.925,1225,2020-10-16 15:35:00,RARE
94.99,94.99,94.7633,94.7633,1300,2020-10-16 15:40:00,RARE
94.71,94.71,94.625,94.6578,700,2020-10-16 15:45:00,RARE
94.73,94.77,94.68,94.77,700,2020-10-16 15:50:00,RARE
94.835,95.04,94.82,95.04,1200,2020-10-16 15:55:00,RARE
95.25,95.25,95.08,95.14,400,2020-10-16 16:00:00,RARE
95.14,95.21,94.98,94.98,1300,2020-10-16 16:05:00,RARE
94.93,94.93,94.93,94.93,100,2020-10-16 16:10:00,RARE
95.11,95.11,94.93,94.93,300,2020-10-16 16:15:00,RARE
94.96,94.96,94.79,94.9,950,2020-10-16 16:20:00,RARE
94.82,94.92,94.7,94.7,1500,2020-10-16 16:25:00,RARE
94.6,94.6,94.2,94.34,9000,2020-10-16 16:30:00,RARE
94.59,94.8,94.45,94.45,1000,2020-10-16 16:35:00,RARE
94.69,94.8,94.685,94.685,6700,2020-10-16 16:40:00,RARE
94.725,94.95,94.725,94.785,900,2020-10-16 16:45:00,RARE
94.785,94.785,90.85,92.47,54767,2020-10-16 16:50:00,RARE
92.44,92.83,92.22,92.22,1437,2020-10-16 16:55:00,RARE
92.22,92.89,92.1,92.86,2967,2020-10-16 17:00:00,RARE
92.89,92.89,92.475,92.63,2027,2020-10-16 17:05:00,RARE
92.545,92.545,92.34,92.355,600,2020-10-16 17:10:00,RARE
92.355,92.355,91.92,92.03,2700,2020-10-16 17:15:00,RARE
91.9,92.085,91.88,91.88,500,2020-10-16 17:20:00,RARE
91.97,92.27,91.875,92.27,1076,2020-10-16 17:25:00,RARE
92.275,92.275,92.02,92.02,800,2020-10-16 17:30:00,RARE
92.06,92.06,91.75,91.83,1700,2020-10-16 17:35:00,RARE
91.75,91.87,91.475,91.475,1175,2020-10-16 17:40:00,RARE
91.59,91.89,91.53,91.89,2300,2020-10-16 17:45:00,RARE
91.95,92.35,91.85,92.35,5359,2020-10-16 17:50:00,RARE
92.17,92.33,92.12,92.14,1200,2020-10-16 17:55:00,RARE
92.2366,92.33,91.82,91.82,1350,2020-10-16 18:00:00,RARE
91.89,92.1,91.89,92.1,500,2020-10-16 18:05:00,RARE
92.07,92.07,91.84,91.84,1000,2020-10-16 18:10:00,RARE
91.81,91.9,91.81,91.845,500,2020-10-16 18:15:00,RARE
91.915,92.27,91.915,92.095,3084,2020-10-16 18:20:00,RARE
92.095,92.46,91.99,92.41,1716,2020-10-16 18:25:00,RARE
92.315,92.41,92.315,92.365,700,2020-10-16 18:30:00,RARE
92.32,92.42,92.255,92.42,703,2020-10-16 18:35:00,RARE
92.43,92.48,92.34,92.35,1200,2020-10-16 18:40:00,RARE
92.44,92.47,92.33,92.47,900,2020-10-16 18:45:00,RARE
92.42,92.61,92.42,92.61,1000,2020-10-16 18:50:00,RARE
92.63,92.63,92.47,92.47,932,2020-10-16 18:55:00,RARE
92.49,92.56,92.395,92.56,1038,2020-10-16 19:00:00,RARE
92.365,92.51,92.18,92.18,1446,2020-10-16 19:05:00,RARE
92.165,92.29,92.165,92.19,400,2020-10-16 19:10:00,RARE
92.05,92.05,91.86,91.925,800,2020-10-16 19:15:00,RARE
91.85,91.86,91.6,91.7575,1052,2020-10-16 19:20:00,RARE
91.82,91.935,91.82,91.84,800,2020-10-16 19:25:00,RARE
91.76,91.88,91.76,91.78,2900,2020-10-16 19:30:00,RARE
91.87,91.87,91.71,91.82,1500,2020-10-16 19:35:00,RARE
91.77,91.81,91.625,91.74,2300,2020-10-16 19:40:00,RARE
91.83,91.95,91.75,91.95,2501,2020-10-16 19:45:00,RARE
91.96,91.97,91.495,91.84,5303,2020-10-16 19:50:00,RARE
91.89,92.17,91.79,91.865,6402,2020-10-16 19:55:00,RARE
91.97,91.97,91.97,91.97,195024,2020-10-16 20:00:00,RARE
92.56,92.56,92.29,92.29,2599,2020-10-19 13:30:00,RARE
91.135,91.9318,91.135,91.535,670,2020-10-19 13:35:00,RARE
91.975,92.37,91.77,91.88,710,2020-10-19 13:40:00,RARE
91.91,92.14,91.76,91.86,1158,2020-10-19 13:45:00,RARE
91.76,92.3999,91.75,91.75,1231,2020-10-19 13:50:00,RARE
92.21,92.21,91.91,91.91,4396,2020-10-19 13:55:00,RARE
91.83,91.93,91.5,91.53,3333,2020-10-19 14:00:00,RARE
91.73,91.73,91.455,91.455,1800,2020-10-19 14:05:00,RARE
91.41,91.41,91.1058,91.1058,770,2020-10-19 14:10:00,RARE
91.275,91.755,91.275,91.755,1000,2020-10-19 14:15:00,RARE
91.81,91.81,91.62,91.74,565,2020-10-19 14:20:00,RARE
91.765,91.93,91.765,91.9,1600,2020-10-19 14:25:00,RARE
91.78,91.9,91.65,91.65,315,2020-10-19 14:30:00,RARE
91.73,91.745,91.38,91.39,1000,2020-10-19 14:35:00,RARE
91.48,91.825,91.37,91.825,1297,2020-10-19 14:40:00,RARE
91.63,91.74,91.3,91.3,1200,2020-10-19 14:45:00,RARE
91.4,91.85,91.4,91.85,472,2020-10-19 14:50:00,RARE
91.715,91.95,91.59,91.95,4042,2020-10-19 14:55:00,RARE
92.29,92.7,92.27,92.7,1200,2020-10-19 15:00:00,RARE
92.58,92.61,92.49,92.53,1700,2020-10-19 15:05:00,RARE
92.36,92.36,92.01,92.15,2400,2020-10-19 15:10:00,RARE
92.205,92.29,91.97,92.135,1700,2020-10-19 15:15:00,RARE
91.84,91.865,91.66,91.865,808,2020-10-19 15:20:00,RARE
91.905,92.26,91.825,92.14,2750,2020-10-19 15:25:00,RARE
92.14,92.14,91.69,92.07,2909,2020-10-19 15:30:00,RARE
92.31,92.355,92.14,92.275,2015,2020-10-19 15:35:00,RARE
92.275,92.43,92.225,92.43,1165,2020-10-19 15:40:00,RARE
92.355,92.64,92.355,92.47,500,2020-10-19 15:45:00,RARE
92.305,92.64,92.305,92.53,600,2020-10-19 15:50:00,RARE
92.58,92.63,92.5,92.52,1100,2020-10-19 15:55:00,RARE
92.505,93.0,92.41,93.0,1526,2020-10-19 16:00:00,RARE
93.05,93.05,92.81,92.975,700,2020-10-19 16:05:00,RARE
92.81,93.07,92.78,92.95,400,2020-10-19 16:10:00,RARE
92.94,92.9416,92.865,92.9416,858,2020-10-19 16:15:00,RARE
92.78,92.78,92.765,92.765,400,2020-10-19 16:20:00,RARE
92.74,92.97,92.74,92.97,500,2020-10-19 16:25:00,RARE
92.87,92.955,92.84,92.955,400,2020-10-19 16:30:00,RARE
92.85,92.85,92.75,92.75,200,2020-10-19 16:35:00,RARE
92.735,92.735,92.6,92.6299,1100,2020-10-19 16:40:00,RARE
92.595,92.595,92.44,92.54,500,2020-10-19 16:45:00,RARE
92.48,92.48,92.48,92.48,100,2020-10-19 16:50:00,RARE
92.58,92.58,92.58,92.58,100,2020-10-19 16:55:00,RARE
92.5,92.5,92.39,92.39,214,2020-10-19 17:00:00,RARE
92.605,92.63,92.56,92.56,300,2020-10-19 17:05:00,RARE
92.63,92.63,92.59,92.61,400,2020-10-19 17:10:00,RARE
92.564,92.855,92.564,92.855,800,2020-10-19 17:15:00,RARE
92.96,92.96,92.38,92.42,1700,2020-10-19 17:20:00,RARE
92.44,92.44,92.305,92.305,400,2020-10-19 17:25:00,RARE
92.22,92.2333,92.18,92.18,799,2020-10-19 17:30:00,RARE
92.29,92.29,92.29,92.29,100,2020-10-19 17:35:00,RARE
92.27,92.29,92.09,92.09,700,2020-10-19 17:40:00,RARE
92.29,92.31,91.91,92.01,950,2020-10-19 17:45:00,RARE
91.91,91.91,91.76,91.76,900,2020-10-19 17:50:00,RARE
91.925,91.925,91.75,91.865,1200,2020-10-19 17:55:00,RARE
91.97,91.98,91.85,91.87,510,2020-10-19 18:00:00,RARE
91.84,91.93,91.8,91.93,400,2020-10-19 18:05:00,RARE
91.885,92.2,91.86,92.06,1524,2020-10-19 18:10:00,RARE
92.19,92.19,92.125,92.19,400,2020-10-19 18:15:00,RARE
92.18,92.23,92.13,92.135,780,2020-10-19 18:20:00,RARE
92.14,92.1694,92.08,92.1694,693,2020-10-19 18:25:00,RARE
92.16,92.16,91.77,91.77,900,2020-10-19 18:30:00,RARE
91.67,91.745,91.66,91.69,600,2020-10-19 18:35:00,RARE
91.715,91.715,91.48,91.5,1168,2020-10-19 18:40:00,RARE
91.5,91.76,91.415,91.645,2740,2020-10-19 18:45:00,RARE
91.76,91.76,91.5,91.75,1345,2020-10-19 18:50:00,RARE
91.735,91.77,91.61,91.61,600,2020-10-19 18:55:00,RARE
91.59,91.59,91.48,91.495,1300,2020-10-19 19:00:00,RARE
91.5,91.64,91.49,91.63,2343,2020-10-19 19:05:00,RARE
91.74,91.74,91.5,91.68,1800,2020-10-19 19:10:00,RARE
91.57,91.57,91.2701,91.445,2470,2020-10-19 19:15:00,RARE
91.41,91.53,91.41,91.465,3391,2020-10-19 19:20:00,RARE
91.455,91.57,91.38,91.49,1100,2020-10-19 19:25:00,RARE
91.6,91.78,91.545,91.66,1600,2020-10-19 19:30:00,RARE
91.75,91.81,91.52,91.6,2400,2020-10-19 19:35:00,RARE
91.55,91.87,91.5,91.55,1700,2020-10-19 19:40:00,RARE
91.555,91.77,91.555,91.77,2200,2020-10-19 19:45:00,RARE
91.63,91.63,90.55,90.68,43509,2020-10-19 19:50:00,RARE
90.52,91.36,90.52,91.36,22816,2020-10-19 19:55:00,RARE
91.15,91.15,91.15,91.15,45723,2020-10-19 20:00:00,RARE
91.26,92.22,86.8481,92.21,3921,2020-10-20 13:30:00,RARE
91.5,91.6294,91.45,91.6294,520,2020-10-20 13:35:00,RARE
91.54,91.77,91.53,91.57,1904,2020-10-20 13:40:00,RARE
91.54,91.92,91.48,91.9,4263,2020-10-20 13:45:00,RARE
91.85,91.85,91.85,91.85,400,2020-10-20 13:50:00,RARE
91.5,91.8,91.43,91.68,814,2020-10-20 13:55:00,RARE
91.3,91.3,91.3,91.3,100,2020-10-20 14:00:00,RARE
91.48,91.66,91.47,91.66,400,2020-10-20 14:05:00,RARE
91.54,91.55,91.37,91.37,900,2020-10-20 14:10:00,RARE
90.98,90.98,90.19,90.19,900,2020-10-20 14:15:00,RARE
90.0,90.13,89.62,89.84,3700,2020-10-20 14:20:00,RARE
90.06,90.7456,89.79,90.02,6950,2020-10-20 14:25:00,RARE
89.99,89.99,89.79,89.875,655,2020-10-20 14:30:00,RARE
90.04,90.095,89.945,89.98,900,2020-10-20 14:35:00,RARE
90.0,90.0,89.76,89.94,1503,2020-10-20 14:40:00,RARE
89.955,90.09,89.79,89.79,603,2020-10-20 14:45:00,RARE
89.935,90.565,89.8,90.44,7016,2020-10-20 14:50:00,RARE
90.49,90.49,90.05,90.15,3600,2020-10-20 14:55:00,RARE
90.1,90.1,89.65,89.97,2560,2020-10-20 15:00:00,RARE
89.97,90.04,89.9,90.04,400,2020-10-20 15:05:00,RARE
90.03,90.13,89.9,89.9,1300,2020-10-20 15:10:00,RARE
89.84,89.84,89.7101,89.7101,300,2020-10-20 15:15:00,RARE
89.68,89.68,89.68,89.68,100,2020-10-20 15:20:00,RARE
89.715,89.72,89.53,89.57,1394,2020-10-20 15:25:00,RARE
89.51,89.53,89.45,89.53,400,2020-10-20 15:30:00,RARE
89.285,89.325,89.25,89.25,1000,2020-10-20 15:35:00,RARE
89.27,89.3,89.035,89.035,2300,2020-10-20 15:40:00,RARE
89.0301,89.09,89.01,89.02,931,2020-10-20 15:45:00,RARE
89.05,89.05,88.86,88.92,1662,2020-10-20 15:50:00,RARE
88.89,89.3,88.88,89.3,1100,2020-10-20 15:55:00,RARE
89.32,89.32,89.32,89.32,200,2020-10-20 16:00:00,RARE
89.35,89.3555,89.14,89.225,2556,2020-10-20 16:05:00,RARE
89.225,89.23,89.0,89.0,1700,2020-10-20 16:10:00,RARE
89.05,89.16,89.0,89.16,1254,2020-10-20 16:15:00,RARE
89.34,89.36,89.14,89.14,813,2020-10-20 16:20:00,RARE
89.16,89.16,89.16,89.16,100,2020-10-20 16:25:00,RARE
89.15,89.46,89.15,89.46,1370,2020-10-20 16:30:00,RARE
89.79,89.79,89.73,89.73,1350,2020-10-20 16:35:00,RARE
89.84,89.97,89.84,89.97,200,2020-10-20 16:40:00,RARE
90.02,90.04,89.5,89.5,2000,2020-10-20 16:45:00,RARE
89.435,89.69,89.35,89.61,7638,2020-10-20 16:50:00,RARE
89.71,89.81,89.57,89.69,4195,2020-10-20 16:55:00,RARE
89.82,90.34,89.81,89.88,8305,2020-10-20 17:00:00,RARE
90.02,90.13,89.75,90.0,11320,2020-10-20 17:05:00,RARE
90.06,90.22,90.05,90.22,900,2020-10-20 17:10:00,RARE
90.255,90.29,90.125,90.29,2141,2020-10-20 17:15:00,RARE
90.09,90.09,89.85,89.85,893,2020-10-20 17:20:00,RARE
89.7,89.71,89.64,89.64,700,2020-10-20 17:25:00,RARE
89.59,89.59,89.44,89.44,600,2020-10-20 17:30:00,RARE
89.59,89.71,89.42,89.71,3500,2020-10-20 17:35:00,RARE
89.85,90.0,89.85,89.995,1763,2020-10-20 17:40:00,RARE
89.99,90.11,89.99,90.1,1193,2020-10-20 17:45:00,RARE
89.98,89.98,89.98,89.98,100,2020-10-20 17:50:00,RARE
89.94,90.13,89.925,90.13,1477,2020-10-20 17:55:00,RARE
90.18,90.47,90.155,90.47,600,2020-10-20 18:00:00,RARE
90.52,90.52,90.3983,90.3983,440,2020-10-20 18:05:00,RARE
90.415,90.66,90.415,90.47,1950,2020-10-20 18:10:00,RARE
90.48,90.52,90.4,90.52,500,2020-10-20 18:15:00,RARE
90.39,90.39,89.965,90.0,700,2020-10-20 18:20:00,RARE
90.0,90.135,90.0,90.02,400,2020-10-20 18:25:00,RARE
90.0,90.19,90.0,90.19,200,2020-10-20 18:30:00,RARE
90.025,90.15,90.025,90.13,400,2020-10-20 18:35:00,RARE
90.13,90.3,90.13,90.3,800,2020-10-20 18:40:00,RARE
90.15,90.19,90.105,90.105,489,2020-10-20 18:45:00,RARE
90.19,90.19,90.06,90.11,700,2020-10-20 18:50:00,RARE
90.02,90.1,89.915,90.1,2000,2020-10-20 18:55:00,RARE
90.105,90.25,90.1,90.24,600,2020-10-20 19:00:00,RARE
90.11,90.13,89.99,89.99,1721,2020-10-20 19:05:00,RARE
89.99,90.035,89.86,90.0,2647,2020-10-20 19:10:00,RARE
90.05,90.16,89.995,90.14,600,2020-10-20 19:15:00,RARE
90.21,90.21,90.035,90.19,1500,2020-10-20 19:20:00,RARE
90.09,90.24,90.09,90.21,1197,2020-10-20 19:25:00,RARE
90.21,90.245,90.0,90.0,2753,2020-10-20 19:30:00,RARE
90.0,90.07,89.92,89.98,2923,2020-10-20 19:35:00,RARE
90.08,90.28,90.02,90.28,1751,2020-10-20 19:40:00,RARE
90.23,90.28,89.88,90.01,4495,2020-10-20 19:45:00,RARE
90.06,90.17,89.905,90.1,3392,2020-10-20 19:50:00,RARE
90.12,90.12,90.0,90.06,16892,2020-10-20 19:55:00,RARE
90.0,90.0,90.0,90.0,27763,2020-10-20 20:00:00,RARE
90.0,90.0,90.0,90.0,28852,2020-10-20 20:30:00,RARE
90.56,90.56,90.56,90.56,2646,2020-10-21 13:30:00,RARE
90.99,91.27,90.795,90.795,700,2020-10-21 13:40:00,RARE
90.43,91.25,90.43,91.25,200,2020-10-21 13:45:00,RARE
90.34,90.34,90.0,90.175,1406,2020-10-21 13:50:00,RARE
89.8713,89.986,89.8713,89.986,600,2020-10-21 13:55:00,RARE
89.6,89.87,88.66,89.845,2312,2020-10-21 14:00:00,RARE
89.84,90.32,89.84,90.32,1000,2020-10-21 14:05:00,RARE
90.07,90.07,89.9,89.9,452,2020-10-21 14:10:00,RARE
89.985,90.18,89.985,90.18,200,2020-10-21 14:15:00,RARE
90.13,90.17,90.13,90.17,200,2020-10-21 14:20:00,RARE
89.74,89.74,89.45,89.53,400,2020-10-21 14:25:00,RARE
89.8,89.8,89.8,89.8,100,2020-10-21 14:30:00,RARE
89.54,89.61,89.42,89.61,400,2020-10-21 14:35:00,RARE
89.615,89.74,89.45,89.715,550,2020-10-21 14:40:00,RARE
89.52,89.52,88.83,89.106,565,2020-10-21 14:45:00,RARE
88.94,88.97,88.62,88.82,900,2020-10-21 14:50:00,RARE
89.01,89.075,88.87,89.075,576,2020-10-21 14:55:00,RARE
88.86,88.93,88.66,88.93,1163,2020-10-21 15:00:00,RARE
88.695,88.78,88.55,88.6,4466,2020-10-21 15:30:00,RARE
88.57,88.69,88.3042,88.69,2240,2020-10-21 15:35:00,RARE
88.84,89.22,88.84,89.03,1600,2020-10-21 15:40:00,RARE
89.25,89.25,88.83,88.925,1200,2020-10-21 15:45:00,RARE
88.82,89.086,88.82,89.086,626,2020-10-21 15:50:00,RARE
89.11,89.11,88.62,88.62,1450,2020-10-21 15:55:00,RARE
88.78,88.93,88.775,88.93,1400,2020-10-21 16:00:00,RARE
88.95,89.045,88.94,89.045,800,2020-10-21 16:05:00,RARE
88.86,88.96,88.6,88.96,1400,2020-10-21 16:10:00,RARE
88.945,89.28,88.945,89.2,2000,2020-10-21 16:20:00,RARE
89.04,89.04,89.04,89.04,600,2020-10-21 16:25:00,RARE
89.34,89.34,88.97,89.01,2398,2020-10-21 16:30:00,RARE
88.97,88.97,88.97,88.97,200,2020-10-21 16:35:00,RARE
89.045,89.05,88.95,89.05,600,2020-10-21 16:40:00,RARE
89.33,89.33,88.79,88.79,1200,2020-10-21 16:50:00,RARE
89.046,89.046,89.046,89.046,200,2020-10-21 16:55:00,RARE
88.75,88.75,88.75,88.75,200,2020-10-21 17:00:00,RARE
88.9,88.9,88.66,88.66,600,2020-10-21 17:05:00,RARE
88.76,88.88,88.76,88.76,1838,2020-10-21 17:10:00,RARE
88.91,89.1,88.91,89.1,600,2020-10-21 17:20:00,RARE
89.15,89.15,88.9,88.9,4200,2020-10-21 17:25:00,RARE
89.17,89.26,89.17,89.26,600,2020-10-21 17:30:00,RARE
89.12,89.2425,89.12,89.2425,400,2020-10-21 17:35:00,RARE
89.3,89.51,89.3,89.51,800,2020-10-21 17:40:00,RARE
89.64,89.64,89.64,89.64,200,2020-10-21 17:45:00,RARE
89.66,89.66,89.58,89.58,800,2020-10-21 17:50:00,RARE
89.47,89.52,89.47,89.52,1060,2020-10-21 18:00:00,RARE
89.495,89.56,89.46,89.525,1600,2020-10-21 18:10:00,RARE
89.55,89.55,89.55,89.55,200,2020-10-21 18:15:00,RARE
89.38,89.59,89.38,89.4,600,2020-10-21 18:20:00,RARE
89.505,89.505,89.505,89.505,470,2020-10-21 18:25:00,RARE
89.355,89.355,89.355,89.355,400,2020-10-21 18:30:00,RARE
89.27,89.27,89.16,89.16,600,2020-10-21 18:35:00,RARE
89.24,89.24,88.95,88.95,600,2020-10-21 18:40:00,RARE
88.98,89.24,88.96,89.17,1200,2020-10-21 18:45:00,RARE
89.33,89.33,89.125,89.125,1510,2020-10-21 18:50:00,RARE
89.13,89.13,89.12,89.12,800,2020-10-21 18:55:00,RARE
89.265,89.46,89.245,89.32,2400,2020-10-21 19:00:00,RARE
89.22,89.48,89.0,89.0,6600,2020-10-21 19:05:00,RARE
89.0408,89.39,89.0133,89.39,1030,2020-10-21 19:10:00,RARE
89.1,89.1,89.09,89.09,400,2020-10-21 19:15:00,RARE
89.06,89.11,88.83,89.06,4444,2020-10-21 19:20:00,RARE
88.92,89.05,88.79,88.995,1300,2020-10-21 19:25:00,RARE
88.945,89.0,88.73,88.73,2000,2020-10-21 19:30:00,RARE
88.75,88.87,88.57,88.7,4864,2020-10-21 19:35:00,RARE
88.59,88.75,88.53,88.75,5816,2020-10-21 19:40:00,RARE
88.61,88.85,88.475,88.5,15112,2020-10-21 19:45:00,RARE
88.5,88.81,88.5,88.78,10178,2020-10-21 19:50:00,RARE
88.75,89.17,88.75,89.1,56530,2020-10-21 19:55:00,RARE
89.13,89.13,89.13,89.13,79282,2020-10-21 20:00:00,RARE
89.62,91.14,89.62,91.14,1786,2020-10-22 13:30:00,RARE
90.02,91.14,90.02,90.2,2900,2020-10-22 13:35:00,RARE
90.38,91.7961,90.38,91.5,1600,2020-10-22 13:40:00,RARE
91.79,92.145,91.71,91.91,2300,2020-10-22 13:45:00,RARE
91.87,91.87,91.51,91.56,600,2020-10-22 13:50:00,RARE
91.79,92.17,91.79,92.0475,1317,2020-10-22 13:55:00,RARE
91.725,91.91,91.37,91.91,600,2020-10-22 14:00:00,RARE
91.56,91.56,90.606,90.606,1200,2020-10-22 14:05:00,RARE
90.6,90.98,90.51,90.84,1519,2020-10-22 14:10:00,RARE
90.51,90.625,90.25,90.625,300,2020-10-22 14:15:00,RARE
90.66,91.1,90.385,91.1,400,2020-10-22 14:20:00,RARE
90.8,91.1,90.66,91.1,3550,2020-10-22 14:25:00,RARE
90.97,90.97,90.7,90.8,4204,2020-10-22 14:30:00,RARE
90.97,91.06,90.87,90.9,2100,2020-10-22 14:35:00,RARE
90.77,90.77,90.375,90.375,1043,2020-10-22 14:40:00,RARE
90.545,90.545,90.2401,90.2433,400,2020-10-22 14:45:00,RARE
90.53,90.77,90.45,90.77,400,2020-10-22 14:50:00,RARE
90.96,91.22,90.96,91.17,600,2020-10-22 14:55:00,RARE
91.41,91.51,91.13,91.13,1100,2020-10-22 15:00:00,RARE
91.14,91.22,90.97,91.02,600,2020-10-22 15:05:00,RARE
90.88,91.21,90.87,91.21,1815,2020-10-22 15:10:00,RARE
91.265,91.265,90.83,90.83,700,2020-10-22 15:15:00,RARE
91.04,91.04,90.965,90.965,400,2020-10-22 15:20:00,RARE
91.045,91.0898,91.045,91.0898,212,2020-10-22 15:25:00,RARE
91.34,91.41,91.245,91.41,700,2020-10-22 15:30:00,RARE
91.275,91.44,91.19,91.295,1300,2020-10-22 15:35:00,RARE
91.59,91.61,91.45,91.45,1377,2020-10-22 15:40:00,RARE
91.555,91.71,91.555,91.63,300,2020-10-22 15:45:00,RARE
91.75,91.75,91.43,91.43,725,2020-10-22 15:50:00,RARE
91.385,91.55,91.2494,91.31,600,2020-10-22 15:55:00,RARE
91.41,91.415,91.19,91.19,500,2020-10-22 16:00:00,RARE
91.17,91.22,91.17,91.22,300,2020-10-22 16:05:00,RARE
91.325,91.325,91.18,91.18,300,2020-10-22 16:10:00,RARE
91.375,91.58,91.19,91.19,900,2020-10-22 16:15:00,RARE
91.41,91.41,91.17,91.32,1600,2020-10-22 16:20:00,RARE
91.18,91.43,91.18,91.305,400,2020-10-22 16:25:00,RARE
91.33,91.33,91.31,91.31,200,2020-10-22 16:35:00,RARE
91.4,91.4,91.155,91.295,1100,2020-10-22 16:40:00,RARE
91.33,91.33,91.12,91.33,700,2020-10-22 16:45:00,RARE
91.41,91.46,91.22,91.46,400,2020-10-22 16:50:00,RARE
91.415,91.44,91.34,91.34,500,2020-10-22 16:55:00,RARE
91.65,91.65,91.27,91.34,700,2020-10-22 17:00:00,RARE
91.69,91.78,91.66,91.78,1100,2020-10-22 17:05:00,RARE
91.86,92.0,91.83,91.87,1400,2020-10-22 17:10:00,RARE
91.78,91.78,91.54,91.665,829,2020-10-22 17:15:00,RARE
91.5948,91.5948,91.42,91.42,500,2020-10-22 17:20:00,RARE
91.58,91.58,91.39,91.39,900,2020-10-22 17:25:00,RARE
91.37,91.4,91.31,91.4,600,2020-10-22 17:30:00,RARE
91.43,91.57,91.415,91.57,400,2020-10-22 17:35:00,RARE
91.62,91.65,91.48,91.58,1300,2020-10-22 17:40:00,RARE
91.48,91.66,91.43,91.485,500,2020-10-22 17:45:00,RARE
91.4,91.535,91.4,91.4,400,2020-10-22 17:50:00,RARE
91.39,91.44,91.38,91.38,500,2020-10-22 17:55:00,RARE
91.495,91.68,91.44,91.44,1000,2020-10-22 18:00:00,RARE
91.51,91.5299,91.42,91.5299,982,2020-10-22 18:05:00,RARE
91.52,91.52,91.37,91.45,700,2020-10-22 18:10:00,RARE
91.425,91.59,91.425,91.58,400,2020-10-22 18:15:00,RARE
91.595,92.0,91.595,92.0,3567,2020-10-22 18:20:00,RARE
92.005,92.03,91.835,91.835,900,2020-10-22 18:25:00,RARE
91.93,91.93,91.93,91.93,100,2020-10-22 18:30:00,RARE
91.87,91.88,91.67,91.71,1300,2020-10-22 18:35:00,RARE
91.755,91.755,91.755,91.755,200,2020-10-22 18:40:00,RARE
91.79,91.79,91.79,91.79,100,2020-10-22 18:45:00,RARE
91.87,92.04,91.87,92.04,800,2020-10-22 18:50:00,RARE
91.87,91.94,91.79,91.92,700,2020-10-22 18:55:00,RARE
91.815,91.815,91.72,91.73,900,2020-10-22 19:00:00,RARE
91.68,91.735,91.68,91.715,600,2020-10-22 19:05:00,RARE
91.72,91.79,91.695,91.695,600,2020-10-22 19:10:00,RARE
91.7,91.7,91.57,91.7,1100,2020-10-22 19:15:00,RARE
91.71,91.71,91.61,91.695,700,2020-10-22 19:20:00,RARE
91.76,91.815,91.75,91.75,700,2020-10-22 19:25:00,RARE
91.82,91.83,91.71,91.82,1000,2020-10-22 19:30:00,RARE
91.83,91.98,91.83,91.935,700,2020-10-22 19:35:00,RARE
91.97,92.21,91.97,92.06,2110,2020-10-22 19:40:00,RARE
92.01,92.45,91.97,92.45,7937,2020-10-22 19:45:00,RARE
92.57,92.63,92.09,92.12,8514,2020-10-22 19:50:00,RARE
92.12,92.215,91.795,92.12,15672,2020-10-22 19:55:00,RARE
91.9,91.9,91.9,91.9,95929,2020-10-22 20:00:00,RARE
91.9,91.9,91.9,91.9,4760,2020-10-22 21:25:00,RARE
93.89,93.9,93.89,93.9,500,2020-10-23 12:00:00,RARE
92.0,93.9464,92.0,93.5,5126,2020-10-23 13:30:00,RARE
93.68,94.61,93.68,94.28,2839,2020-10-23 13:35:00,RARE
93.735,94.26,93.41,93.44,1086,2020-10-23 13:40:00,RARE
93.245,93.72,93.245,93.72,200,2020-10-23 13:45:00,RARE
92.99,93.34,92.6175,93.34,1000,2020-10-23 13:50:00,RARE
93.67,93.67,92.6542,92.6542,1227,2020-10-23 13:55:00,RARE
92.295,92.66,92.05,92.27,1010,2020-10-23 14:00:00,RARE
92.15,92.65,92.15,92.515,1400,2020-10-23 14:05:00,RARE
92.67,92.83,92.4,92.83,1800,2020-10-23 14:10:00,RARE
92.6,92.6,92.41,92.485,900,2020-10-23 14:15:00,RARE
91.83,91.83,91.67,91.67,700,2020-10-23 14:20:00,RARE
91.64,92.06,91.64,92.01,1200,2020-10-23 14:25:00,RARE
91.58,91.79,91.56,91.565,700,2020-10-23 14:35:00,RARE
91.81,92.02,91.81,91.84,1000,2020-10-23 14:40:00,RARE
91.8073,91.875,91.8073,91.875,1100,2020-10-23 14:45:00,RARE
91.98,91.98,91.715,91.715,1000,2020-10-23 14:50:00,RARE
91.68,91.71,91.67,91.67,400,2020-10-23 14:55:00,RARE
91.88,92.08,91.75,92.08,900,2020-10-23 15:00:00,RARE
91.96,91.96,91.57,91.68,1284,2020-10-23 15:05:00,RARE
91.98,92.01,91.16,91.22,3700,2020-10-23 15:10:00,RARE
91.11,91.11,91.11,91.11,200,2020-10-23 15:15:00,RARE
91.57,91.57,90.78,90.79,1120,2020-10-23 15:20:00,RARE
91.01,91.62,90.77,91.42,21301,2020-10-23 15:25:00,RARE
91.26,91.28,91.26,91.28,200,2020-10-23 15:30:00,RARE
91.53,91.53,91.18,91.18,741,2020-10-23 15:35:00,RARE
91.16,91.42,91.16,91.42,535,2020-10-23 15:40:00,RARE
91.25,91.25,90.88,90.89,800,2020-10-23 15:45:00,RARE
91.03,91.03,91.03,91.03,100,2020-10-23 15:55:00,RARE
91.22,91.46,91.1331,91.1331,920,2020-10-23 16:00:00,RARE
91.1,91.1,90.64,90.785,2800,2020-10-23 16:05:00,RARE
90.785,91.1,90.64,91.1,700,2020-10-23 16:10:00,RARE
90.735,91.23,90.57,91.04,5959,2020-10-23 16:15:00,RARE
91.23,91.23,90.69,91.2005,5898,2020-10-23 16:20:00,RARE
91.27,91.36,91.09,91.15,950,2020-10-23 16:25:00,RARE
91.39,91.4,91.2,91.4,3502,2020-10-23 16:30:00,RARE
91.48,91.499,91.375,91.375,300,2020-10-23 16:35:00,RARE
91.53,91.53,91.53,91.53,100,2020-10-23 16:40:00,RARE
91.625,91.625,91.625,91.625,100,2020-10-23 16:45:00,RARE
91.68,91.9,91.605,91.9,800,2020-10-23 16:50:00,RARE
92.09,92.09,92.06,92.06,200,2020-10-23 16:55:00,RARE
91.82,91.82,91.82,91.82,100,2020-10-23 17:00:00,RARE
91.84,91.84,91.7,91.835,300,2020-10-23 17:05:00,RARE
91.68,91.83,91.64,91.82,1153,2020-10-23 17:20:00,RARE
91.745,91.86,91.745,91.77,2114,2020-10-23 17:25:00,RARE
91.815,91.815,91.815,91.815,100,2020-10-23 17:30:00,RARE
91.97,92.14,91.945,91.945,600,2020-10-23 17:35:00,RARE
91.955,92.27,91.955,92.27,400,2020-10-23 17:40:00,RARE
92.31,92.41,92.31,92.41,400,2020-10-23 17:50:00,RARE
92.5,92.86,92.5,92.84,2178,2020-10-23 17:55:00,RARE
92.91,92.91,92.815,92.87,1200,2020-10-23 18:00:00,RARE
93.01,93.07,92.865,93.07,1904,2020-10-23 18:05:00,RARE
93.0212,93.23,92.9,93.18,3213,2020-10-23 18:10:00,RARE
92.92,93.19,92.92,93.0,600,2020-10-23 18:15:00,RARE
92.86,92.99,92.84,92.8602,1100,2020-10-23 18:20:00,RARE
93.13,93.13,93.13,93.13,100,2020-10-23 18:25:00,RARE
93.17,93.34,93.13,93.33,2000,2020-10-23 18:35:00,RARE
93.41,93.41,93.27,93.31,600,2020-10-23 18:40:00,RARE
93.34,93.34,93.3,93.3,200,2020-10-23 18:45:00,RARE
93.3,93.42,93.295,93.42,300,2020-10-23 18:50:00,RARE
93.05,93.16,93.04,93.16,300,2020-10-23 18:55:00,RARE
93.025,93.11,92.88,92.97,900,2020-10-23 19:00:00,RARE
93.17,93.32,93.025,93.32,1236,2020-10-23 19:05:00,RARE
93.58,93.58,93.58,93.58,200,2020-10-23 19:10:00,RARE
93.545,93.56,93.545,93.56,323,2020-10-23 19:15:00,RARE
93.64,93.8,93.45,93.8,1800,2020-10-23 19:20:00,RARE
93.81,93.84,93.81,93.84,379,2020-10-23 19:25:00,RARE
93.55,93.92,93.46,93.92,3000,2020-10-23 19:30:00,RARE
93.785,93.785,93.42,93.49,2320,2020-10-23 19:35:00,RARE
93.59,93.6,93.39,93.6,1444,2020-10-23 19:40:00,RARE
93.51,93.55,93.35,93.48,3493,2020-10-23 19:45:00,RARE
93.36,93.52,92.96,93.08,6122,2020-10-23 19:50:00,RARE
92.98,93.235,92.92,93.15,21248,2020-10-23 19:55:00,RARE
93.06,93.06,93.06,93.06,42139,2020-10-23 20:00:00,RARE
93.05,93.05,93.05,93.05,100,2020-10-23 20:15:00,RARE
92.26,93.06,91.42,93.06,3497,2020-10-26 13:30:00,RARE
92.6,93.69,92.59,93.4,2800,2020-10-26 13:35:00,RARE
92.915,93.8,92.915,93.41,1900,2020-10-26 13:40:00,RARE
93.785,93.785,93.785,93.785,100,2020-10-26 13:45:00,RARE
93.97,94.8,93.97,94.645,1000,2020-10-26 13:50:00,RARE
94.555,94.625,94.07,94.07,2103,2020-10-26 13:55:00,RARE
93.14,93.515,93.14,93.51,5300,2020-10-26 14:00:00,RARE
93.71,93.86,92.77,92.77,1200,2020-10-26 14:05:00,RARE
92.69,93.13,92.69,92.955,1000,2020-10-26 14:10:00,RARE
92.915,92.915,92.3,92.3,1300,2020-10-26 14:15:00,RARE
92.405,92.405,91.69,91.69,300,2020-10-26 14:20:00,RARE
91.84,91.87,91.68,91.87,600,2020-10-26 14:25:00,RARE
91.75,91.97,91.69,91.97,1211,2020-10-26 14:30:00,RARE
91.795,91.795,91.5,91.62,700,2020-10-26 14:35:00,RARE
91.92,91.92,91.86,91.92,300,2020-10-26 14:40:00,RARE
91.92,91.92,91.54,91.54,800,2020-10-26 14:45:00,RARE
91.4,91.45,91.19,91.19,2181,2020-10-26 14:50:00,RARE
91.175,91.175,91.02,91.14,600,2020-10-26 14:55:00,RARE
91.065,91.065,90.71,90.89,1097,2020-10-26 15:00:00,RARE
90.77,90.83,90.755,90.755,660,2020-10-26 15:05:00,RARE
90.99,91.05,90.88,91.05,400,2020-10-26 15:10:00,RARE
90.78,90.93,90.7,90.7,700,2020-10-26 15:15:00,RARE
90.69,91.24,90.69,91.22,1100,2020-10-26 15:20:00,RARE
91.36,91.77,90.99,90.99,600,2020-10-26 15:25:00,RARE
91.01,91.29,90.69,91.29,2300,2020-10-26 15:30:00,RARE
91.07,91.3,90.98,91.12,820,2020-10-26 15:35:00,RARE
91.28,91.28,90.97,91.115,400,2020-10-26 15:40:00,RARE
90.935,91.275,90.91,90.92,1300,2020-10-26 15:45:00,RARE
90.85,91.06,90.71,91.06,300,2020-10-26 15:50:00,RARE
90.71,91.0,90.71,91.0,1100,2020-10-26 15:55:00,RARE
90.875,91.13,90.875,91.085,1500,2020-10-26 16:00:00,RARE
91.19,91.29,90.97,91.175,1325,2020-10-26 16:05:00,RARE
91.18,91.405,91.06,91.405,2725,2020-10-26 16:10:00,RARE
91.2,91.405,91.145,91.405,400,2020-10-26 16:15:00,RARE
91.12,91.12,90.88,90.9175,1000,2020-10-26 16:25:00,RARE
91.0,91.02,90.775,90.97,950,2020-10-26 16:30:00,RARE
90.64,90.77,90.43,90.53,700,2020-10-26 16:35:00,RARE
90.78,90.78,90.7,90.7,300,2020-10-26 16:40:00,RARE
90.58,90.635,90.45,90.5,2049,2020-10-26 16:45:00,RARE
90.565,90.59,90.5,90.5,1184,2020-10-26 16:50:00,RARE
90.5,90.64,90.48,90.64,5351,2020-10-26 16:55:00,RARE
90.84,90.88,90.78,90.88,300,2020-10-26 17:00:00,RARE
90.97,91.04,90.72,90.795,1700,2020-10-26 17:05:00,RARE
90.81,90.81,90.54,90.55,1370,2020-10-26 17:15:00,RARE
90.5,90.65,90.5,90.65,600,2020-10-26 17:20:00,RARE
90.46,90.555,90.42,90.45,1700,2020-10-26 17:25:00,RARE
90.5,90.545,90.39,90.48,2756,2020-10-26 17:30:00,RARE
90.49,90.74,90.46,90.74,1640,2020-10-26 17:35:00,RARE
90.82,90.83,90.48,90.5,2245,2020-10-26 17:40:00,RARE
90.72,90.89,90.72,90.82,600,2020-10-26 17:45:00,RARE
90.81,90.905,90.74,90.905,1100,2020-10-26 17:50:00,RARE
90.905,91.08,90.905,91.08,862,2020-10-26 17:55:00,RARE
91.19,91.22,91.0506,91.11,1400,2020-10-26 18:00:00,RARE
91.09,91.19,91.02,91.19,1000,2020-10-26 18:05:00,RARE
91.155,91.5396,91.125,91.5396,1420,2020-10-26 18:10:00,RARE
91.355,91.52,91.355,91.47,1447,2020-10-26 18:15:00,RARE
91.38,91.38,91.145,91.33,1272,2020-10-26 18:20:00,RARE
91.45,91.49,91.33,91.48,1180,2020-10-26 18:25:00,RARE
91.5,91.5,91.36,91.5,300,2020-10-26 18:30:00,RARE
91.4,91.4,91.145,91.355,1680,2020-10-26 18:35:00,RARE
91.37,91.5,91.37,91.46,500,2020-10-26 18:40:00,RARE
91.31,91.31,91.005,91.005,900,2020-10-26 18:45:00,RARE
91.135,91.285,91.135,91.23,2036,2020-10-26 18:50:00,RARE
91.09,91.175,91.09,91.175,700,2020-10-26 18:55:00,RARE
91.105,91.22,91.0,91.0,1184,2020-10-26 19:00:00,RARE
91.0,91.1,91.0,91.07,2414,2020-10-26 19:05:00,RARE
91.15,91.15,90.99,91.0,3614,2020-10-26 19:10:00,RARE
91.0,91.09,90.99,91.0,3992,2020-10-26 19:15:00,RARE
91.07,91.1,90.99,90.99,2750,2020-10-26 19:20:00,RARE
91.0,91.08,90.99,91.045,2329,2020-10-26 19:25:00,RARE
91.05,91.22,90.99,91.16,5933,2020-10-26 19:30:00,RARE
91.23,91.28,91.13,91.21,2125,2020-10-26 19:35:00,RARE
91.26,91.385,91.08,91.115,2777,2020-10-26 19:40:00,RARE
91.04,91.135,90.97,91.035,9543,2020-10-26 19:45:00,RARE
91.0,91.135,90.895,91.07,22351,2020-10-26 19:50:00,RARE
91.07,91.29,90.995,91.17,15929,2020-10-26 19:55:00,RARE
91.25,91.25,91.25,91.25,43329,2020-10-26 20:00:00,RARE
91.0,91.357,90.03,90.24,17542,2020-10-27 13:30:00,RARE
90.24,90.25,90.13,90.13,21821,2020-10-27 13:35:00,RARE
90.13,90.74,90.11,90.715,8515,2020-10-27 13:40:00,RARE
90.71,90.74,90.22,90.53,4400,2020-10-27 13:45:00,RARE
90.73,90.84,90.655,90.84,3319,2020-10-27 13:50:00,RARE
90.76,90.84,90.6,90.84,2400,2020-10-27 13:55:00,RARE
90.91,91.36,90.9,91.18,7300,2020-10-27 14:00:00,RARE
91.07,91.18,90.9,90.9,12224,2020-10-27 14:05:00,RARE
90.85,91.115,90.74,91.1,1000,2020-10-27 14:10:00,RARE
91.075,91.08,90.905,91.08,400,2020-10-27 14:15:00,RARE
90.8,90.9,90.67,90.855,2000,2020-10-27 14:20:00,RARE
91.0399,91.18,90.895,90.925,3286,2020-10-27 14:25:00,RARE
90.915,91.005,90.88,90.88,300,2020-10-27 14:30:00,RARE
90.88,91.18,90.88,90.995,6865,2020-10-27 14:35:00,RARE
91.05,91.16,90.87,91.105,3520,2020-10-27 14:40:00,RARE
91.18,91.565,91.11,91.565,3700,2020-10-27 14:45:00,RARE
91.6,91.81,91.51,91.61,1951,2020-10-27 14:50:00,RARE
91.585,91.8,91.49,91.79,1712,2020-10-27 14:55:00,RARE
91.735,91.8,91.52,91.73,3241,2020-10-27 15:00:00,RARE
91.68,91.69,91.54,91.54,1000,2020-10-27 15:05:00,RARE
91.6,91.69,91.54,91.67,1401,2020-10-27 15:10:00,RARE
91.7,91.735,91.69,91.735,800,2020-10-27 15:15:00,RARE
91.8,92.165,91.73,92.165,5132,2020-10-27 15:20:00,RARE
92.175,92.24,92.175,92.24,5587,2020-10-27 15:25:00,RARE
92.225,92.455,92.01,92.455,12204,2020-10-27 15:30:00,RARE
92.52,93.33,92.52,93.23,21894,2020-10-27 15:35:00,RARE
93.16,94.14,93.08,93.57,6100,2020-10-27 15:40:00,RARE
94.19,94.74,94.19,94.59,2631,2020-10-27 15:45:00,RARE
94.71,94.805,94.42,94.52,1960,2020-10-27 15:50:00,RARE
94.64,95.36,94.61,95.315,4654,2020-10-27 15:55:00,RARE
95.26,95.505,95.13,95.33,12428,2020-10-27 16:00:00,RARE
95.33,95.51,95.325,95.5,3836,2020-10-27 16:05:00,RARE
95.47,95.65,95.36,95.55,1800,2020-10-27 16:10:00,RARE
95.8447,96.0,95.63,96.0,2313,2020-10-27 16:15:00,RARE
96.29,96.6,96.185,96.43,2196,2020-10-27 16:20:00,RARE
96.47,96.88,96.35,96.7,5673,2020-10-27 16:25:00,RARE
96.59,96.895,96.46,96.605,4610,2020-10-27 16:30:00,RARE
96.61,97.24,96.61,97.0192,12365,2020-10-27 16:35:00,RARE
97.13,97.98,97.13,97.92,17524,2020-10-27 16:40:00,RARE
97.875,98.99,97.77,98.94,18065,2020-10-27 16:45:00,RARE
98.835,99.01,98.49,98.99,14569,2020-10-27 16:50:00,RARE
98.99,99.18,98.14,98.14,8082,2020-10-27 16:55:00,RARE
98.14,98.3,97.4462,98.21,6568,2020-10-27 17:00:00,RARE
98.255,98.255,97.21,97.24,4409,2020-10-27 17:05:00,RARE
97.21,97.395,96.77,96.79,2022,2020-10-27 17:10:00,RARE
96.865,97.7099,96.75,97.34,9680,2020-10-27 17:15:00,RARE
97.55,98.0,97.34,97.87,3509,2020-10-27 17:20:00,RARE
97.86,97.915,97.5,97.88,5156,2020-10-27 17:25:00,RARE
98.0033,98.0033,97.6,97.6,1200,2020-10-27 17:30:00,RARE
97.62,98.295,97.31,98.055,4532,2020-10-27 17:35:00,RARE
97.94,97.94,97.94,97.94,400,2020-10-27 17:40:00,RARE
98.12,98.36,98.03,98.31,3221,2020-10-27 17:45:00,RARE
98.425,98.63,98.31,98.63,1318,2020-10-27 17:50:00,RARE
98.71,98.74,98.54,98.665,13274,2020-10-27 17:55:00,RARE
98.61,98.63,97.92,97.92,5091,2020-10-27 18:00:00,RARE
98.1499,98.1499,97.82,97.95,1034,2020-10-27 18:05:00,RARE
97.82,98.11,97.685,98.01,6126,2020-10-27 18:10:00,RARE
98.01,98.01,97.89,97.95,1600,2020-10-27 18:15:00,RARE
97.995,98.24,97.995,98.24,900,2020-10-27 18:20:00,RARE
98.46,98.855,98.35,98.855,7284,2020-10-27 18:25:00,RARE
99.0,99.0,98.53,98.595,2809,2020-10-27 18:30:00,RARE
98.61,99.22,98.61,99.12,3631,2020-10-27 18:35:00,RARE
99.0,99.18,98.91,99.025,2400,2020-10-27 18:40:00,RARE
98.96,99.0,98.76,98.88,3868,2020-10-27 18:45:00,RARE
98.75,98.96,98.73,98.96,2218,2020-10-27 18:50:00,RARE
98.965,99.66,98.965,99.445,4859,2020-10-27 18:55:00,RARE
99.51,99.79,99.08,99.14,6100,2020-10-27 19:00:00,RARE
99.0952,99.45,98.94,99.45,3250,2020-10-27 19:05:00,RARE
99.23,99.47,99.09,99.3945,4637,2020-10-27 19:10:00,RARE
99.21,99.285,98.99,99.07,3414,2020-10-27 19:15:00,RARE
99.05,99.24,98.9,99.08,4384,2020-10-27 19:20:00,RARE
99.01,99.23,98.99,99.08,1700,2020-10-27 19:25:00,RARE
99.03,99.08,98.97,99.015,4652,2020-10-27 19:30:00,RARE
99.09,99.52,99.07,99.34,4778,2020-10-27 19:35:00,RARE
99.24,99.45,98.76,98.76,16096,2020-10-27 19:40:00,RARE
98.77,98.915,98.49,98.57,5854,2020-10-27 19:45:00,RARE
98.5,98.5,97.78,97.78,16217,2020-10-27 19:50:00,RARE
97.66,97.94,97.43,97.67,33221,2020-10-27 19:55:00,RARE
97.44,97.44,97.44,97.44,51291,2020-10-27 20:00:00,RARE
97.44,97.44,97.44,97.44,12896,2020-10-27 21:20:00,RARE
97.44,97.44,97.44,97.44,9760,2020-10-27 21:30:00,RARE
97.0,97.0,97.0,97.0,250,2020-10-27 21:40:00,RARE
96.17,97.44,96.17,97.0,2500,2020-10-28 11:45:00,RARE
97.0,97.0,97.0,97.0,100,2020-10-28 11:50:00,RARE
95.01,95.01,95.0,95.0,3205,2020-10-28 13:05:00,RARE
92.58,94.21,90.5,94.21,13882,2020-10-28 13:30:00,RARE
95.22,97.01,95.22,96.59,9619,2020-10-28 13:35:00,RARE
96.54,96.54,93.5759,95.36,4500,2020-10-28 13:40:00,RARE
94.4,94.4,94.4,94.4,200,2020-10-28 13:45:00,RARE
93.91,94.1662,93.43,93.525,5332,2020-10-28 13:50:00,RARE
93.47,94.665,93.47,94.665,3220,2020-10-28 13:55:00,RARE
94.2101,94.685,93.88,94.1185,2162,2020-10-28 14:00:00,RARE
94.65,94.65,94.3,94.3,300,2020-10-28 14:05:00,RARE
94.27,94.645,94.06,94.06,1400,2020-10-28 14:10:00,RARE
94.2,94.98,94.08,94.1668,1801,2020-10-28 14:15:00,RARE
94.15,94.5,93.74,94.4,3600,2020-10-28 14:20:00,RARE
94.04,94.62,94.04,94.605,2343,2020-10-28 14:25:00,RARE
94.61,95.12,94.54,95.12,1300,2020-10-28 14:30:00,RARE
95.4,97.1,95.36,96.0945,10360,2020-10-28 14:35:00,RARE
96.0882,96.5,95.95,96.445,17249,2020-10-28 14:40:00,RARE
95.8001,96.49,95.17,95.97,12250,2020-10-28 14:45:00,RARE
96.17,97.48,96.17,96.585,2900,2020-10-28 14:50:00,RARE
96.59,96.65,95.9633,96.155,2800,2020-10-28 14:55:00,RARE
95.9301,96.76,95.9301,96.125,2600,2020-10-28 15:00:00,RARE
96.125,96.67,96.125,96.125,1100,2020-10-28 15:05:00,RARE
96.515,96.91,96.13,96.59,1700,2020-10-28 15:10:00,RARE
96.85,97.44,96.67,97.38,5269,2020-10-28 15:15:00,RARE
97.6999,98.29,97.295,97.8552,5232,2020-10-28 15:20:00,RARE
97.86,98.1,97.62,97.845,6009,2020-10-28 15:25:00,RARE
98.025,100.0,97.83,99.94,15966,2020-10-28 15:30:00,RARE
99.89,100.0,98.79,98.79,6846,2020-10-28 15:35:00,RARE
98.03,99.715,98.03,98.865,3704,2020-10-28 15:40:00,RARE
99.1,99.6394,98.675,99.0,7268,2020-10-28 15:45:00,RARE
99.44,99.74,98.57,99.305,2731,2020-10-28 15:50:00,RARE
99.28,99.56,99.11,99.41,3963,2020-10-28 15:55:00,RARE
99.15,99.15,97.875,98.08,6233,2020-10-28 16:00:00,RARE
97.89,98.04,97.46,97.545,2100,2020-10-28 16:05:00,RARE
97.64,98.32,97.455,98.32,12464,2020-10-28 16:10:00,RARE
98.1,98.4,97.81,98.2,2537,2020-10-28 16:15:00,RARE
97.93,98.13,96.68,97.245,5943,2020-10-28 16:20:00,RARE
97.29,97.46,95.12,95.485,7059,2020-10-28 16:25:00,RARE
94.77,95.73,94.48,95.07,1900,2020-10-28 16:30:00,RARE
95.1,95.71,94.43,94.51,3600,2020-10-28 16:35:00,RARE
94.45,94.945,94.45,94.6001,3115,2020-10-28 16:40:00,RARE
94.695,95.74,94.69,95.74,2507,2020-10-28 16:45:00,RARE
95.52,96.39,95.52,96.39,4187,2020-10-28 16:50:00,RARE
96.415,96.415,96.09,96.276,2110,2020-10-28 16:55:00,RARE
96.395,96.428,95.66,95.875,8538,2020-10-28 17:00:00,RARE
96.13,96.56,96.13,96.245,1958,2020-10-28 17:05:00,RARE
96.24,96.4147,95.6,95.6,1613,2020-10-28 17:10:00,RARE
95.564,95.564,94.88,94.9,8735,2020-10-28 17:15:00,RARE
94.745,95.015,93.83,93.83,3500,2020-10-28 17:20:00,RARE
94.235,94.5,93.09,93.781,27559,2020-10-28 17:25:00,RARE
94.02,94.65,93.92,94.04,4900,2020-10-28 17:30:00,RARE
94.04,95.1121,94.04,94.74,1900,2020-10-28 17:35:00,RARE
94.74,94.74,93.54,93.91,2800,2020-10-28 17:40:00,RARE
93.56,94.98,93.56,94.735,3100,2020-10-28 17:45:00,RARE
94.745,94.9,94.34,94.69,6182,2020-10-28 17:50:00,RARE
94.5682,94.5682,93.94,94.39,4950,2020-10-28 17:55:00,RARE
94.52,94.705,94.38,94.4,1500,2020-10-28 18:00:00,RARE
94.26,94.66,94.26,94.66,1500,2020-10-28 18:05:00,RARE
94.52,94.52,93.875,94.3,2184,2020-10-28 18:10:00,RARE
94.34,94.44,94.21,94.44,3400,2020-10-28 18:15:00,RARE
94.47,94.58,94.39,94.55,4148,2020-10-28 18:20:00,RARE
94.51,94.68,94.37,94.62,1900,2020-10-28 18:25:00,RARE
94.74,95.77,94.62,95.51,7854,2020-10-28 18:30:00,RARE
95.29,95.39,94.8,95.04,3666,2020-10-28 18:35:00,RARE
94.79,95.465,94.79,95.465,2704,2020-10-28 18:40:00,RARE
95.28,95.5921,95.16,95.52,2680,2020-10-28 18:45:00,RARE
95.515,95.68,95.31,95.35,810,2020-10-28 18:50:00,RARE
95.045,95.4143,95.045,95.255,2900,2020-10-28 18:55:00,RARE
95.68,95.89,95.46,95.485,1800,2020-10-28 19:00:00,RARE
95.485,95.7462,95.38,95.58,2300,2020-10-28 19:05:00,RARE
95.58,95.74,95.295,95.3,10689,2020-10-28 19:10:00,RARE
95.2,95.245,94.92,94.94,5638,2020-10-28 19:15:00,RARE
94.93,95.21,94.59,95.21,2200,2020-10-28 19:20:00,RARE
95.39,96.43,95.39,95.8,4037,2020-10-28 19:25:00,RARE
95.725,96.13,95.725,95.84,2459,2020-10-28 19:30:00,RARE
95.97,96.08,95.66,95.81,5745,2020-10-28 19:35:00,RARE
95.89,96.34,95.73,96.06,4358,2020-10-28 19:40:00,RARE
96.015,96.11,95.59,95.66,8017,2020-10-28 19:45:00,RARE
95.59,95.75,94.88,95.44,13202,2020-10-28 19:50:00,RARE
95.43,95.56,95.01,95.13,34677,2020-10-28 19:55:00,RARE
95.0,95.0,95.0,95.0,51580,2020-10-28 20:00:00,RARE
95.0,95.0,95.0,95.0,4835,2020-10-28 20:45:00,RARE
94.26,94.69,94.06,94.06,410,2020-10-28 23:00:00,RARE
93.76,93.76,93.76,93.76,100,2020-10-29 09:35:00,RARE
94.44,94.44,94.44,94.44,100,2020-10-29 10:15:00,RARE
93.75,93.81,93.75,93.8,611,2020-10-29 11:05:00,RARE
94.05,94.05,94.05,94.05,100,2020-10-29 11:40:00,RARE
94.0,94.0,94.0,94.0,125,2020-10-29 11:45:00,RARE
94.02,94.17,92.0,92.0,9279,2020-10-29 11:50:00,RARE
91.82,91.82,90.5,90.5,3406,2020-10-29 11:55:00,RARE
90.5,91.89,90.5,91.4,2500,2020-10-29 12:00:00,RARE
91.44,91.8,91.44,91.79,506,2020-10-29 12:05:00,RARE
91.51,91.51,91.2,91.22,1062,2020-10-29 12:10:00,RARE
91.1,91.1,91.1,91.1,271,2020-10-29 12:15:00,RARE
91.4,91.4,91.4,91.4,2800,2020-10-29 12:20:00,RARE
91.4,91.4,91.4,91.4,600,2020-10-29 12:25:00,RARE
91.12,91.7,91.1,91.7,3855,2020-10-29 12:30:00,RARE
91.6,91.8,91.6,91.6,800,2020-10-29 12:35:00,RARE
91.69,91.8,91.5,91.6,2700,2020-10-29 12:40:00,RARE
91.5,91.7,91.45,91.7,7300,2020-10-29 12:45:00,RARE
91.53,92.09,91.53,92.0,13379,2020-10-29 12:50:00,RARE
92.0,92.48,92.0,92.48,4520,2020-10-29 12:55:00,RARE
92.6,92.7,92.51,92.51,2830,2020-10-29 13:00:00,RARE
92.51,92.64,92.31,92.64,3370,2020-10-29 13:05:00,RARE
92.5,92.7,92.5,92.55,5800,2020-10-29 13:10:00,RARE
92.7751,92.8,92.6,92.75,7155,2020-10-29 13:15:00,RARE
92.61,92.61,92.0,92.0,1150,2020-10-29 13:20:00,RARE
92.0,93.0,92.0,93.0,5517,2020-10-29 13:25:00,RARE
92.22,95.0,91.95,94.92,124759,2020-10-29 13:30:00,RARE
94.86,94.97,93.69,94.83,54034,2020-10-29 13:35:00,RARE
94.83,97.79,94.415,97.35,67583,2020-10-29 13:40:00,RARE
97.35,97.35,95.1256,95.35,27346,2020-10-29 13:45:00,RARE
95.34,96.15,94.89,95.42,34934,2020-10-29 13:50:00,RARE
95.29,96.19,95.085,96.075,24856,2020-10-29 13:55:00,RARE
96.0211,97.0,95.62,96.85,15329,2020-10-29 14:00:00,RARE
96.99,97.8,96.65,96.95,22491,2020-10-29 14:05:00,RARE
96.92,97.15,95.7,95.85,14624,2020-10-29 14:10:00,RARE
95.855,96.47,95.855,95.995,13544,2020-10-29 14:15:00,RARE
96.09,96.36,95.88,95.975,8443,2020-10-29 14:20:00,RARE
95.89,96.37,95.89,96.16,19496,2020-10-29 14:25:00,RARE
96.15,96.3,95.39,95.45,8612,2020-10-29 14:30:00,RARE
95.395,95.44,94.5,95.0125,16597,2020-10-29 14:35:00,RARE
95.015,95.08,94.89,95.075,24589,2020-10-29 14:40:00,RARE
95.08,95.1,93.29,93.88,17630,2020-10-29 14:45:00,RARE
93.71,93.75,93.01,93.59,12717,2020-10-29 14:50:00,RARE
93.47,93.96,93.21,93.315,7843,2020-10-29 14:55:00,RARE
93.58,94.5,93.39,94.04,13703,2020-10-29 15:00:00,RARE
94.0,94.47,93.67,94.47,10482,2020-10-29 15:05:00,RARE
94.49,94.49,93.79,94.25,8797,2020-10-29 15:10:00,RARE
93.86,94.25,93.83,94.24,6701,2020-10-29 15:15:00,RARE
94.25,94.76,94.1,94.155,5610,2020-10-29 15:20:00,RARE
94.18,94.36,94.01,94.25,5855,2020-10-29 15:25:00,RARE
94.25,94.44,93.715,94.06,10334,2020-10-29 15:30:00,RARE
93.89,93.995,93.41,93.58,18283,2020-10-29 15:35:00,RARE
93.435,94.26,93.435,94.17,12509,2020-10-29 15:40:00,RARE
94.19,94.56,94.135,94.33,9087,2020-10-29 15:45:00,RARE
94.25,95.03,94.25,94.97,4821,2020-10-29 15:50:00,RARE
94.87,95.21,94.35,94.35,9318,2020-10-29 15:55:00,RARE
94.48,94.705,93.93,94.625,7782,2020-10-29 16:00:00,RARE
94.625,95.2278,94.365,94.805,8910,2020-10-29 16:05:00,RARE
94.41,95.25,94.295,94.78,11529,2020-10-29 16:10:00,RARE
94.595,94.73,94.335,94.42,4108,2020-10-29 16:15:00,RARE
94.46,94.64,94.18,94.63,12778,2020-10-29 16:20:00,RARE
94.56,95.22,94.56,95.01,4774,2020-10-29 16:25:00,RARE
94.935,95.05,94.36,94.56,4543,2020-10-29 16:30:00,RARE
94.565,94.7,94.36,94.47,31387,2020-10-29 16:35:00,RARE
94.55,94.93,94.39,94.86,12294,2020-10-29 16:40:00,RARE
94.86,94.955,94.585,94.83,4408,2020-10-29 16:45:00,RARE
94.9,95.23,94.56,94.56,2875,2020-10-29 16:50:00,RARE
94.5497,94.73,94.46,94.7,3543,2020-10-29 16:55:00,RARE
94.62,94.83,94.46,94.6304,7734,2020-10-29 17:00:00,RARE
94.85,95.11,94.21,94.21,9889,2020-10-29 17:05:00,RARE
94.155,94.195,93.61,93.82,7122,2020-10-29 17:10:00,RARE
93.84,94.11,93.485,93.715,8297,2020-10-29 17:15:00,RARE
93.885,94.28,93.885,93.96,4665,2020-10-29 17:20:00,RARE
94.015,94.02,93.76,93.85,2938,2020-10-29 17:25:00,RARE
93.85,94.12,93.48,93.48,6775,2020-10-29 17:30:00,RARE
93.655,93.96,93.29,93.955,10474,2020-10-29 17:35:00,RARE
93.96,94.0,93.51,93.63,14681,2020-10-29 17:40:00,RARE
93.8,94.12,93.56,93.56,5798,2020-10-29 17:45:00,RARE
93.71,94.11,93.58,94.01,12534,2020-10-29 17:50:00,RARE
93.96,94.15,93.91,94.0,9263,2020-10-29 17:55:00,RARE
94.0,94.2899,93.9,94.17,7369,2020-10-29 18:00:00,RARE
94.24,94.42,94.105,94.195,7826,2020-10-29 18:05:00,RARE
94.18,94.44,94.12,94.335,5845,2020-10-29 18:10:00,RARE
94.28,94.85,94.28,94.7,12378,2020-10-29 18:15:00,RARE
94.73,94.75,94.43,94.515,10615,2020-10-29 18:20:00,RARE
94.47,94.56,94.35,94.56,7600,2020-10-29 18:25:00,RARE
94.52,94.655,94.46,94.54,3430,2020-10-29 18:30:00,RARE
94.58,94.62,93.86,93.99,7634,2020-10-29 18:35:00,RARE
93.97,94.495,93.97,94.47,8041,2020-10-29 18:40:00,RARE
94.495,94.495,94.17,94.47,6300,2020-10-29 18:45:00,RARE
94.465,94.58,94.34,94.51,4399,2020-10-29 18:50:00,RARE
94.57,95.01,94.57,94.885,3468,2020-10-29 18:55:00,RARE
94.96,95.765,94.96,95.59,8653,2020-10-29 19:00:00,RARE
95.63,96.02,95.4,96.02,8499,2020-10-29 19:05:00,RARE
95.925,96.15,95.46,95.46,8989,2020-10-29 19:10:00,RARE
95.4601,95.71,95.08,95.6,7998,2020-10-29 19:15:00,RARE
95.68,95.71,95.11,95.5599,16497,2020-10-29 19:20:00,RARE
95.485,95.57,95.25,95.44,12414,2020-10-29 19:25:00,RARE
95.38,95.58,95.2201,95.36,12126,2020-10-29 19:30:00,RARE
95.44,95.44,95.22,95.37,12852,2020-10-29 19:35:00,RARE
95.36,95.7,95.35,95.7,17117,2020-10-29 19:40:00,RARE
95.7,96.13,95.53,95.88,21300,2020-10-29 19:45:00,RARE
95.93,96.37,95.59,95.779,20097,2020-10-29 19:50:00,RARE
95.68,95.68,94.84,94.85,49509,2020-10-29 19:55:00,RARE
95.0,95.0,95.0,95.0,108952,2020-10-29 20:00:00,RARE
94.84,97.39,93.84,97.39,10715,2020-10-30 13:30:00,RARE
97.3,98.39,96.41,96.41,11851,2020-10-30 13:35:00,RARE
96.205,96.95,94.72,96.48,8296,2020-10-30 13:40:00,RARE
96.095,96.94,95.72,96.88,6257,2020-10-30 13:45:00,RARE
96.455,97.48,96.06,97.29,15443,2020-10-30 13:50:00,RARE
97.36,98.11,97.25,98.11,9568,2020-10-30 13:55:00,RARE
98.375,99.36,98.375,99.15,9120,2020-10-30 14:00:00,RARE
99.24,99.5852,98.97,99.55,11475,2020-10-30 14:05:00,RARE
99.63,99.63,98.86,98.89,3048,2020-10-30 14:10:00,RARE
98.56,99.2,98.5,99.12,5582,2020-10-30 14:15:00,RARE
99.295,99.455,98.86,98.86,1766,2020-10-30 14:20:00,RARE
98.95,98.95,97.67,97.855,14725,2020-10-30 14:25:00,RARE
97.7906,97.7906,96.82,96.895,5862,2020-10-30 14:30:00,RARE
96.696,97.25,96.66,96.85,7091,2020-10-30 14:35:00,RARE
96.7915,96.7915,95.94,96.155,6033,2020-10-30 14:40:00,RARE
96.39,97.015,95.97,96.17,3881,2020-10-30 14:45:00,RARE
96.42,97.02,96.42,97.01,2583,2020-10-30 14:50:00,RARE
97.025,97.555,97.025,97.115,2793,2020-10-30 14:55:00,RARE
97.115,97.36,96.4193,96.5,13373,2020-10-30 15:00:00,RARE
96.64,96.81,96.2,96.25,4061,2020-10-30 15:05:00,RARE
96.3923,96.78,96.0,96.41,35448,2020-10-30 15:10:00,RARE
96.5354,96.69,96.4,96.61,3600,2020-10-30 15:15:00,RARE
96.79,97.1,96.71,97.09,1939,2020-10-30 15:20:00,RARE
97.09,97.31,97.09,97.26,3538,2020-10-30 15:25:00,RARE
97.11,97.44,97.08,97.3132,4613,2020-10-30 15:30:00,RARE
97.275,98.4065,97.275,98.37,6962,2020-10-30 15:35:00,RARE
98.445,98.5,97.9835,98.42,2816,2020-10-30 15:40:00,RARE
98.57,98.955,98.47,98.955,2222,2020-10-30 15:45:00,RARE
98.94,99.0,98.48,98.64,2653,2020-10-30 15:50:00,RARE
98.7,98.75,98.12,98.27,4368,2020-10-30 15:55:00,RARE
98.23,98.645,98.21,98.645,2756,2020-10-30 16:00:00,RARE
98.99,99.36,98.89,99.36,2650,2020-10-30 16:05:00,RARE
99.35,99.66,99.31,99.5889,5111,2020-10-30 16:10:00,RARE
99.53,99.7,99.35,99.7,5078,2020-10-30 16:15:00,RARE
99.74,99.74,99.59,99.59,2670,2020-10-30 16:20:00,RARE
99.575,99.74,99.51,99.595,5225,2020-10-30 16:25:00,RARE
99.52,99.585,99.02,99.14,1600,2020-10-30 16:30:00,RARE
99.27,99.545,99.23,99.3,3037,2020-10-30 16:35:00,RARE
99.425,99.605,99.425,99.58,1322,2020-10-30 16:40:00,RARE
99.47,99.47,99.15,99.18,1949,2020-10-30 16:45:00,RARE
99.14,99.74,98.9901,99.58,3652,2020-10-30 16:50:00,RARE
99.66,99.66,99.47,99.64,1895,2020-10-30 16:55:00,RARE
99.74,99.74,99.47,99.555,4794,2020-10-30 17:00:00,RARE
99.61,99.93,99.5036,99.73,7778,2020-10-30 17:05:00,RARE
99.795,99.795,99.57,99.59,8014,2020-10-30 17:10:00,RARE
99.56,100.09,99.56,99.75,19031,2020-10-30 17:15:00,RARE
99.64,99.92,99.64,99.8,3600,2020-10-30 17:20:00,RARE
99.79,100.41,99.79,100.4,43595,2020-10-30 17:25:00,RARE
100.42,100.86,100.4,100.6994,6084,2020-10-30 17:30:00,RARE
100.6544,101.2317,100.15,100.4,19086,2020-10-30 17:35:00,RARE
100.25,100.62,100.23,100.565,5837,2020-10-30 17:40:00,RARE
100.62,100.965,100.585,100.81,5472,2020-10-30 17:45:00,RARE
100.74,100.795,100.33,100.74,3092,2020-10-30 17:50:00,RARE
100.74,101.3,100.74,101.3,5291,2020-10-30 17:55:00,RARE
101.21,101.38,100.745,101.38,5868,2020-10-30 18:00:00,RARE
101.3,101.38,101.12,101.38,7055,2020-10-30 18:05:00,RARE
101.2553,101.31,100.58,100.63,10011,2020-10-30 18:10:00,RARE
100.63,100.725,100.4502,100.5481,9267,2020-10-30 18:15:00,RARE
100.565,100.8,100.38,100.45,4080,2020-10-30 18:20:00,RARE
100.42,100.43,99.92,100.01,9000,2020-10-30 18:25:00,RARE
100.02,100.18,99.995,100.18,8146,2020-10-30 18:30:00,RARE
100.13,100.5,100.13,100.24,4711,2020-10-30 18:35:00,RARE
100.23,100.23,100.08,100.08,1700,2020-10-30 18:40:00,RARE
100.045,100.3,99.73,100.3,9373,2020-10-30 18:45:00,RARE
100.3,100.3,99.7045,100.18,8236,2020-10-30 18:50:00,RARE
100.1,100.245,99.88,100.0,8195,2020-10-30 18:55:00,RARE
100.01,100.43,99.98,100.2389,5487,2020-10-30 19:00:00,RARE
100.38,100.39,99.8772,99.885,7565,2020-10-30 19:05:00,RARE
99.91,100.25,99.87,100.07,7756,2020-10-30 19:10:00,RARE
100.07,100.25,99.84,100.11,9123,2020-10-30 19:15:00,RARE
100.22,100.37,100.0,100.0,9980,2020-10-30 19:20:00,RARE
100.0,100.18,99.83,100.12,9875,2020-10-30 19:25:00,RARE
100.12,100.3535,100.05,100.3535,11665,2020-10-30 19:30:00,RARE
100.37,101.0,100.345,100.735,15283,2020-10-30 19:35:00,RARE
100.82,100.97,100.55,100.97,10819,2020-10-30 19:40:00,RARE
100.96,101.4199,100.8917,101.34,17306,2020-10-30 19:45:00,RARE
101.3,102.145,100.7,101.13,33343,2020-10-30 19:50:00,RARE
101.24,101.26,100.23,100.51,97663,2020-10-30 19:55:00,RARE
100.5,100.5,100.5,100.5,221978,2020-10-30 20:00:00,RARE
102.0,102.0,101.5,101.5,200,2020-10-30 20:35:00,RARE
100.5,100.5,100.02,100.02,669,2020-11-02 14:25:00,RARE
100.02,101.44,99.465,99.465,22442,2020-11-02 14:30:00,RARE
99.3152,101.07,99.27,101.07,5493,2020-11-02 14:35:00,RARE
101.065,101.24,99.11,100.07,10025,2020-11-02 14:40:00,RARE
100.2452,100.36,99.775,99.78,4888,2020-11-02 14:45:00,RARE
99.93,100.15,99.605,99.805,3927,2020-11-02 14:50:00,RARE
99.74,99.96,99.11,99.16,7933,2020-11-02 14:55:00,RARE
99.11,99.11,97.74,98.09,6292,2020-11-02 15:00:00,RARE
97.98,100.16,97.98,100.15,11322,2020-11-02 15:05:00,RARE
100.06,100.76,99.22,100.76,14510,2020-11-02 15:10:00,RARE
100.66,101.54,100.57,101.01,4619,2020-11-02 15:15:00,RARE
101.02,101.02,99.9939,100.775,16750,2020-11-02 15:20:00,RARE
101.0,101.48,100.81,101.43,4486,2020-11-02 15:25:00,RARE
101.24,101.41,100.5054,100.98,14810,2020-11-02 15:30:00,RARE
100.815,100.815,99.18,99.495,7168,2020-11-02 15:35:00,RARE
99.34,99.86,99.25,99.53,8142,2020-11-02 15:40:00,RARE
99.8,100.7,99.63,99.92,20413,2020-11-02 15:45:00,RARE
100.62,100.95,100.5601,100.805,3278,2020-11-02 15:50:00,RARE
100.88,101.14,100.47,100.47,9732,2020-11-02 15:55:00,RARE
100.585,100.7,99.15,99.56,4753,2020-11-02 16:00:00,RARE
99.53,100.11,97.8,98.32,20475,2020-11-02 16:05:00,RARE
98.32,98.32,97.69,98.165,5775,2020-11-02 16:10:00,RARE
98.15,98.15,97.23,97.56,4784,2020-11-02 16:15:00,RARE
97.33,97.8,97.25,97.51,8705,2020-11-02 16:20:00,RARE
97.76,98.33,97.76,98.0,5540,2020-11-02 16:25:00,RARE
98.0,98.44,97.74,97.745,4462,2020-11-02 16:30:00,RARE
97.735,97.75,97.57,97.75,2620,2020-11-02 16:35:00,RARE
97.82,97.82,96.02,96.9,21583,2020-11-02 16:40:00,RARE
97.03,97.145,96.38,96.53,4268,2020-11-02 16:45:00,RARE
96.525,97.04,96.525,97.04,5868,2020-11-02 16:50:00,RARE
97.16,97.32,96.56,96.68,3558,2020-11-02 16:55:00,RARE
96.56,96.875,96.51,96.85,4640,2020-11-02 17:00:00,RARE
96.94,97.26,96.9,97.03,3631,2020-11-02 17:05:00,RARE
97.185,97.25,96.27,96.515,6871,2020-11-02 17:10:00,RARE
96.64,96.69,96.27,96.585,4897,2020-11-02 17:15:00,RARE
96.53,96.8,96.495,96.63,3900,2020-11-02 17:20:00,RARE
96.57,96.7099,96.15,96.3101,46037,2020-11-02 17:25:00,RARE
96.28,96.305,96.02,96.265,19032,2020-11-02 17:30:00,RARE
96.1601,96.78,96.1601,96.365,7113,2020-11-02 17:35:00,RARE
96.42,96.44,94.89,95.12,21809,2020-11-02 17:40:00,RARE
95.35,95.58,94.89,95.53,3451,2020-11-02 17:45:00,RARE
95.54,96.265,95.54,96.265,4253,2020-11-02 17:50:00,RARE
96.295,97.24,96.295,97.15,9417,2020-11-02 17:55:00,RARE
97.25,97.25,96.69,96.855,7325,2020-11-02 18:00:00,RARE
97.11,97.27,96.61,96.62,7794,2020-11-02 18:05:00,RARE
96.52,96.605,96.025,96.09,7273,2020-11-02 18:10:00,RARE
96.09,96.38,95.97,95.97,6232,2020-11-02 18:15:00,RARE
95.96,96.17,95.74,96.02,5720,2020-11-02 18:20:00,RARE
96.14,96.36,96.14,96.335,3719,2020-11-02 18:25:00,RARE
96.265,96.265,93.56,93.5926,48538,2020-11-02 18:30:00,RARE
93.835,94.08,93.42,93.5,8402,2020-11-02 18:35:00,RARE
93.57,93.7399,91.17,93.41,39409,2020-11-02 18:40:00,RARE
93.68,94.35,93.68,94.26,3845,2020-11-02 18:45:00,RARE
94.46,94.46,93.5,93.5,3519,2020-11-02 18:50:00,RARE
93.5,93.79,93.5,93.51,12793,2020-11-02 18:55:00,RARE
93.57,93.9,93.29,93.9,3102,2020-11-02 19:00:00,RARE
94.02,94.47,94.02,94.42,1659,2020-11-02 19:05:00,RARE
94.42,95.52,94.42,95.51,4964,2020-11-02 19:10:00,RARE
95.49,95.53,95.25,95.53,1650,2020-11-02 19:15:00,RARE
95.52,95.53,95.2988,95.3824,2450,2020-11-02 19:20:00,RARE
95.49,95.51,94.825,94.825,3241,2020-11-02 19:25:00,RARE
95.06,95.06,94.74,94.94,5542,2020-11-02 19:30:00,RARE
95.08,95.14,94.62,94.95,4864,2020-11-02 19:35:00,RARE
95.13,95.17,94.91,95.02,2245,2020-11-02 19:40:00,RARE
94.9826,95.13,94.73,94.75,4452,2020-11-02 19:45:00,RARE
94.705,94.96,94.705,94.865,3035,2020-11-02 19:50:00,RARE
94.8506,95.09,94.8358,94.9501,5478,2020-11-02 19:55:00,RARE
95.035,95.09,94.91,94.975,9829,2020-11-02 20:00:00,RARE
94.975,95.28,94.81,95.28,5238,2020-11-02 20:05:00,RARE
95.35,95.86,95.33,95.58,3771,2020-11-02 20:10:00,RARE
95.675,95.82,95.335,95.4192,6641,2020-11-02 20:15:00,RARE
95.38,95.45,95.28,95.37,6605,2020-11-02 20:20:00,RARE
95.41,95.42,95.105,95.165,9168,2020-11-02 20:25:00,RARE
95.24,95.67,94.98,95.56,10890,2020-11-02 20:30:00,RARE
95.71,95.75,95.475,95.605,7599,2020-11-02 20:35:00,RARE
95.71,95.73,95.59,95.655,3884,2020-11-02 20:40:00,RARE
95.72,96.42,95.655,96.36,11155,2020-11-02 20:45:00,RARE
96.14,96.27,95.69,95.77,16204,2020-11-02 20:50:00,RARE
95.73,95.88,95.515,95.54,55461,2020-11-02 20:55:00,RARE
95.53,95.53,95.53,95.53,481524,2020-11-02 21:00:00,RARE
95.95,97.81,95.95,97.21,10010,2020-11-03 14:30:00,RARE
95.94,96.4,95.78,96.13,1660,2020-11-03 14:35:00,RARE
96.0,96.0,95.081,95.12,2770,2020-11-03 14:40:00,RARE
95.2748,96.87,95.2748,96.87,1550,2020-11-03 14:45:00,RARE
96.32,97.49,96.31,97.49,2905,2020-11-03 14:50:00,RARE
97.56,98.755,97.35,98.3,7075,2020-11-03 14:55:00,RARE
98.43,98.54,98.03,98.4,3127,2020-11-03 15:00:00,RARE
98.16,98.56,97.9084,98.505,927,2020-11-03 15:05:00,RARE
98.5,98.515,97.85,97.85,748,2020-11-03 15:10:00,RARE
97.89,98.437,97.71,98.43,2540,2020-11-03 15:15:00,RARE
98.73,98.73,98.18,98.3363,1400,2020-11-03 15:20:00,RARE
98.18,98.53,98.02,98.02,4462,2020-11-03 15:25:00,RARE
97.93,98.15,97.7,97.72,2700,2020-11-03 15:30:00,RARE
97.86,97.96,97.67,97.865,2017,2020-11-03 15:35:00,RARE
97.77,97.89,97.67,97.775,1800,2020-11-03 15:40:00,RARE
97.81,98.15,97.731,98.15,2873,2020-11-03 15:45:00,RARE
98.15,98.7,98.15,98.53,4745,2020-11-03 15:50:00,RARE
98.61,99.0,98.58,99.0,2601,2020-11-03 15:55:00,RARE
99.0,99.06,98.58,98.78,3359,2020-11-03 16:00:00,RARE
98.72,98.99,98.59,98.99,1300,2020-11-03 16:05:00,RARE
98.76,99.17,98.75,99.17,3756,2020-11-03 16:10:00,RARE
99.0863,99.155,98.71,98.71,7107,2020-11-03 16:15:00,RARE
98.565,98.565,98.17,98.17,3645,2020-11-03 16:20:00,RARE
98.3,98.35,98.14,98.34,1810,2020-11-03 16:25:00,RARE
98.31,98.43,98.3,98.425,803,2020-11-03 16:30:00,RARE
98.67,98.69,98.48,98.5968,2183,2020-11-03 16:35:00,RARE
98.65,98.65,98.38,98.57,1719,2020-11-03 16:40:00,RARE
98.74,98.8,98.66,98.68,1325,2020-11-03 16:45:00,RARE
98.65,98.85,98.64,98.8,1200,2020-11-03 16:50:00,RARE
98.75,98.86,98.75,98.86,800,2020-11-03 16:55:00,RARE
98.83,99.01,98.83,98.92,600,2020-11-03 17:00:00,RARE
99.02,99.34,99.02,99.1718,1230,2020-11-03 17:05:00,RARE
99.315,99.42,99.18,99.18,3133,2020-11-03 17:10:00,RARE
99.25,99.33,99.18,99.33,800,2020-11-03 17:15:00,RARE
99.275,99.41,99.2522,99.2522,500,2020-11-03 17:20:00,RARE
99.44,99.83,99.44,99.54,2637,2020-11-03 17:25:00,RARE
99.44,99.44,99.29,99.315,1858,2020-11-03 17:30:00,RARE
99.26,99.295,99.24,99.295,600,2020-11-03 17:35:00,RARE
99.37,99.4,98.8,98.8,1900,2020-11-03 17:40:00,RARE
98.91,99.07,98.74,98.905,5821,2020-11-03 17:45:00,RARE
98.73,98.73,98.21,98.24,2005,2020-11-03 17:50:00,RARE
98.2,98.47,98.15,98.47,2073,2020-11-03 17:55:00,RARE
98.47,98.72,98.47,98.53,1435,2020-11-03 18:00:00,RARE
98.39,98.56,98.39,98.495,1450,2020-11-03 18:05:00,RARE
98.62,98.93,98.59,98.84,2900,2020-11-03 18:10:00,RARE
98.835,98.835,98.48,98.55,2200,2020-11-03 18:15:00,RARE
98.48,98.655,98.48,98.655,1418,2020-11-03 18:20:00,RARE
98.655,98.72,98.655,98.72,1000,2020-11-03 18:25:00,RARE
98.72,98.85,98.72,98.8,2600,2020-11-03 18:30:00,RARE
98.8,98.8499,98.38,98.6,2949,2020-11-03 18:35:00,RARE
98.811,98.92,98.79,98.92,300,2020-11-03 18:40:00,RARE
99.0,99.33,98.93,99.26,2802,2020-11-03 18:45:00,RARE
99.27,99.27,99.2,99.25,500,2020-11-03 18:50:00,RARE
99.34,99.44,99.34,99.44,400,2020-11-03 18:55:00,RARE
99.41,99.6,99.31,99.33,2526,2020-11-03 19:00:00,RARE
99.41,99.73,99.41,99.62,2230,2020-11-03 19:05:00,RARE
99.6,99.97,99.6,99.935,1300,2020-11-03 19:10:00,RARE
99.895,99.895,99.78,99.78,2199,2020-11-03 19:15:00,RARE
99.84,99.92,99.67,99.67,2300,2020-11-03 19:20:00,RARE
99.7446,99.77,99.51,99.51,3439,2020-11-03 19:25:00,RARE
99.53,99.76,99.43,99.72,5837,2020-11-03 19:30:00,RARE
99.83,100.0,99.79,99.79,6695,2020-11-03 19:35:00,RARE
99.85,99.98,99.73,99.97,4067,2020-11-03 19:40:00,RARE
99.92,100.37,99.92,100.295,8295,2020-11-03 19:45:00,RARE
100.37,100.95,100.29,100.74,3057,2020-11-03 19:50:00,RARE
100.91,101.0,100.73,100.98,3613,2020-11-03 19:55:00,RARE
100.85,100.91,100.32,100.375,7952,2020-11-03 20:00:00,RARE
100.44,100.45,100.31,100.43,2050,2020-11-03 20:05:00,RARE
100.43,100.83,100.34,100.79,1800,2020-11-03 20:10:00,RARE
100.715,101.1107,100.65,100.99,10045,2020-11-03 20:15:00,RARE
101.14,101.25,100.93,101.01,5495,2020-11-03 20:20:00,RARE
101.0,101.62,100.91,101.62,4817,2020-11-03 20:25:00,RARE
101.45,102.01,101.43,102.01,2200,2020-11-03 20:30:00,RARE
101.95,102.07,101.63,101.95,6988,2020-11-03 20:35:00,RARE
102.05,102.34,101.85,102.22,12970,2020-11-03 20:40:00,RARE
102.32,102.39,101.62,101.915,18867,2020-11-03 20:45:00,RARE
102.0,102.38,101.96,102.37,37500,2020-11-03 20:50:00,RARE
102.4,102.77,102.0,102.0,53327,2020-11-03 20:55:00,RARE
102.0,102.0,102.0,102.0,103983,2020-11-03 21:00:00,RARE
102.0,102.0,102.0,102.0,200,2020-11-03 21:15:00,RARE
102.0,102.0,102.0,102.0,28852,2020-11-03 21:25:00,RARE
102.01,102.01,102.01,102.01,200,2020-11-03 22:15:00,RARE
103.38,109.46,102.9,109.46,21255,2020-11-04 14:30:00,RARE
109.85,113.77,108.0,109.095,15273,2020-11-04 14:35:00,RARE
109.8499,109.8499,107.3801,109.125,5889,2020-11-04 14:40:00,RARE
108.69,108.69,107.22,108.06,2335,2020-11-04 14:45:00,RARE
108.46,108.47,106.29,107.105,4441,2020-11-04 14:50:00,RARE
107.25,108.99,106.86,108.99,5167,2020-11-04 14:55:00,RARE
108.9478,109.56,108.54,109.48,11587,2020-11-04 15:00:00,RARE
109.165,109.41,108.7223,109.06,7115,2020-11-04 15:05:00,RARE
109.095,109.71,109.095,109.71,6782,2020-11-04 15:10:00,RARE
109.87,111.6991,109.87,111.6991,7023,2020-11-04 15:15:00,RARE
111.71,111.98,110.83,111.2881,8905,2020-11-04 15:20:00,RARE
111.0022,111.0022,109.86,110.3,4871,2020-11-04 15:25:00,RARE
110.515,111.615,110.3,111.11,5728,2020-11-04 15:30:00,RARE
111.35,111.98,110.665,111.09,5328,2020-11-04 15:35:00,RARE
111.6956,111.86,111.1,111.285,7977,2020-11-04 15:40:00,RARE
111.5,111.65,111.21,111.465,6650,2020-11-04 15:45:00,RARE
111.5701,112.98,111.5701,112.555,14623,2020-11-04 15:50:00,RARE
112.41,112.62,111.81,111.81,1725,2020-11-04 15:55:00,RARE
111.94,112.31,111.33,111.36,3261,2020-11-04 16:00:00,RARE
111.43,111.92,111.0722,111.77,3460,2020-11-04 16:05:00,RARE
111.82,111.88,111.14,111.3325,3808,2020-11-04 16:10:00,RARE
111.54,112.31,111.2501,111.81,5671,2020-11-04 16:15:00,RARE
111.7,111.76,111.48,111.74,2625,2020-11-04 16:20:00,RARE
111.89,111.95,111.44,111.95,3968,2020-11-04 16:25:00,RARE
112.01,112.62,111.95,112.62,4339,2020-11-04 16:30:00,RARE
112.34,112.36,112.03,112.15,3775,2020-11-04 16:35:00,RARE
112.065,112.5847,111.905,112.1014,1339,2020-11-04 16:40:00,RARE
111.89,112.345,111.31,112.345,3700,2020-11-04 16:45:00,RARE
112.25,112.3706,111.72,112.01,11661,2020-11-04 16:50:00,RARE
111.82,112.28,111.82,112.2,1800,2020-11-04 16:55:00,RARE
112.3,112.98,112.2301,112.98,58422,2020-11-04 17:00:00,RARE
112.98,113.04,112.8,112.89,8986,2020-11-04 17:05:00,RARE
112.98,113.86,112.88,113.86,4816,2020-11-04 17:10:00,RARE
113.6858,113.6858,113.41,113.565,1400,2020-11-04 17:15:00,RARE
113.37,113.6263,113.29,113.6263,1350,2020-11-04 17:20:00,RARE
113.4692,113.64,113.22,113.59,8093,2020-11-04 17:25:00,RARE
113.69,114.165,113.61,113.63,12097,2020-11-04 17:30:00,RARE
113.59,113.7349,113.26,113.33,2970,2020-11-04 17:35:00,RARE
113.5156,113.68,113.09,113.235,4265,2020-11-04 17:40:00,RARE
113.07,113.355,112.865,113.2193,2221,2020-11-04 17:45:00,RARE
113.11,113.2013,112.86,113.1569,80860,2020-11-04 17:50:00,RARE
113.25,113.25,112.6,112.7325,3200,2020-11-04 17:55:00,RARE
112.61,112.75,112.38,112.46,856,2020-11-04 18:00:00,RARE
112.54,112.646,112.2,112.35,3291,2020-11-04 18:05:00,RARE
112.47,112.56,111.945,112.045,3155,2020-11-04 18:10:00,RARE
111.8921,112.35,111.78,112.33,3480,2020-11-04 18:15:00,RARE
112.99,113.76,112.99,113.75,1743,2020-11-04 18:20:00,RARE
113.183,113.42,113.01,113.245,2462,2020-11-04 18:25:00,RARE
112.94,113.1712,112.73,112.92,3000,2020-11-04 18:30:00,RARE
112.875,113.08,112.8358,112.865,725,2020-11-04 18:35:00,RARE
113.08,113.24,112.47,112.78,5195,2020-11-04 18:40:00,RARE
113.08,113.2534,112.82,112.97,1400,2020-11-04 18:45:00,RARE
112.87,113.505,112.74,113.28,3902,2020-11-04 18:50:00,RARE
113.44,113.505,113.15,113.505,2905,2020-11-04 18:55:00,RARE
113.4,113.995,113.33,113.995,1761,2020-11-04 19:00:00,RARE
113.78,114.0,113.54,113.575,1000,2020-11-04 19:05:00,RARE
113.73,114.11,113.7039,113.95,4880,2020-11-04 19:10:00,RARE
113.9426,114.07,113.85,113.98,1489,2020-11-04 19:15:00,RARE
113.94,113.98,113.24,113.24,4295,2020-11-04 19:20:00,RARE
113.23,113.5443,112.9,113.07,5600,2020-11-04 19:25:00,RARE
113.27,113.27,112.71,112.72,7018,2020-11-04 19:30:00,RARE
112.71,112.77,112.1201,112.28,4643,2020-11-04 19:35:00,RARE
112.33,112.33,112.2,112.235,1400,2020-11-04 19:40:00,RARE
112.1706,112.73,112.1706,112.34,3300,2020-11-04 19:45:00,RARE
112.44,112.8792,112.44,112.8792,2290,2020-11-04 19:50:00,RARE
112.86,112.865,112.57,112.57,2100,2020-11-04 19:55:00,RARE
112.77,113.186,112.43,112.43,5136,2020-11-04 20:00:00,RARE
112.29,112.865,112.06,112.865,3600,2020-11-04 20:05:00,RARE
112.85,112.88,112.76,112.79,1908,2020-11-04 20:10:00,RARE
112.84,112.84,112.36,112.4,2200,2020-11-04 20:15:00,RARE
112.53,112.9,112.53,112.9,6130,2020-11-04 20:20:00,RARE
113.05,113.26,112.59,112.59,5637,2020-11-04 20:25:00,RARE
112.75,112.76,112.15,112.31,4900,2020-11-04 20:30:00,RARE
112.195,113.13,112.195,112.73,5825,2020-11-04 20:35:00,RARE
112.815,112.815,112.41,112.41,2345,2020-11-04 20:40:00,RARE
112.51,113.21,112.51,113.05,6065,2020-11-04 20:45:00,RARE
113.5,114.09,113.21,113.63,11877,2020-11-04 20:50:00,RARE
113.63,113.941,113.36,113.53,26022,2020-11-04 20:55:00,RARE
113.53,113.53,113.53,113.53,87082,2020-11-04 21:00:00,RARE
114.0,114.0,114.0,114.0,224,2020-11-05 14:25:00,RARE
113.17,113.5,112.36,113.5,12544,2020-11-05 14:30:00,RARE
113.55,114.875,113.52,114.43,11242,2020-11-05 14:35:00,RARE
114.63,115.7934,114.5,114.65,9372,2020-11-05 14:40:00,RARE
114.26,115.355,114.16,114.9995,14015,2020-11-05 14:45:00,RARE
114.99,115.8733,114.7964,115.3446,5100,2020-11-05 14:50:00,RARE
115.5899,115.5899,114.93,114.93,23335,2020-11-05 14:55:00,RARE
115.08,115.335,115.08,115.13,5735,2020-11-05 15:00:00,RARE
115.15,115.15,114.9,115.0,11719,2020-11-05 15:05:00,RARE
115.005,115.27,114.85,115.0575,6894,2020-11-05 15:10:00,RARE
115.135,115.3,114.97,115.2,7700,2020-11-05 15:15:00,RARE
115.19,115.35,114.59,114.74,6308,2020-11-05 15:20:00,RARE
114.69,114.74,114.51,114.67,2909,2020-11-05 15:25:00,RARE
114.59,115.15,114.59,115.15,1532,2020-11-05 15:30:00,RARE
115.235,115.41,115.04,115.04,3460,2020-11-05 15:35:00,RARE
114.535,114.63,114.51,114.53,2940,2020-11-05 15:40:00,RARE
114.4063,114.59,114.0858,114.59,1400,2020-11-05 15:45:00,RARE
114.56,115.1059,114.56,115.1059,3417,2020-11-05 15:50:00,RARE
115.105,115.28,115.05,115.05,1700,2020-11-05 15:55:00,RARE
115.16,115.33,115.01,115.01,4883,2020-11-05 16:00:00,RARE
115.01,115.12,114.87,115.1,2033,2020-11-05 16:05:00,RARE
115.0,115.2975,115.0,115.18,3200,2020-11-05 16:10:00,RARE
115.185,115.19,115.04,115.04,2100,2020-11-05 16:15:00,RARE
115.05,115.24,115.0,115.0,3400,2020-11-05 16:20:00,RARE
115.3,115.3,115.16,115.24,2200,2020-11-05 16:25:00,RARE
115.25,115.46,115.22,115.22,1929,2020-11-05 16:30:00,RARE
115.2805,115.37,115.13,115.37,700,2020-11-05 16:35:00,RARE
115.27,115.39,115.095,115.095,9470,2020-11-05 16:40:00,RARE
114.7719,114.8498,114.7719,114.8432,405,2020-11-05 16:45:00,RARE
114.81,115.21,114.66,115.0775,5806,2020-11-05 16:50:00,RARE
115.05,115.1,114.76,114.97,3099,2020-11-05 16:55:00,RARE
114.9329,115.085,114.89,115.07,1571,2020-11-05 17:00:00,RARE
115.07,115.07,114.98,114.98,2500,2020-11-05 17:05:00,RARE
115.0,115.0,114.86,114.86,1400,2020-11-05 17:10:00,RARE
114.73,115.05,114.71,114.9,2800,2020-11-05 17:15:00,RARE
114.905,114.905,114.49,114.57,3900,2020-11-05 17:20:00,RARE
114.515,114.6,114.48,114.48,500,2020-11-05 17:25:00,RARE
114.38,114.38,113.7,114.0287,3300,2020-11-05 17:30:00,RARE
113.965,114.07,113.8601,113.95,400,2020-11-05 17:35:00,RARE
114.02,114.22,113.96,114.22,2393,2020-11-05 17:40:00,RARE
114.33,114.33,114.33,114.33,100,2020-11-05 17:45:00,RARE
114.45,114.49,114.32,114.45,1500,2020-11-05 17:50:00,RARE
114.45,114.53,114.37,114.39,2676,2020-11-05 17:55:00,RARE
114.39,114.39,114.39,114.39,200,2020-11-05 18:00:00,RARE
114.24,114.26,114.03,114.07,2200,2020-11-05 18:05:00,RARE
114.07,114.11,113.54,113.5737,3737,2020-11-05 18:10:00,RARE
113.54,113.54,112.94,113.11,3592,2020-11-05 18:15:00,RARE
113.1199,113.1199,112.82,113.005,3358,2020-11-05 18:20:00,RARE
112.92,112.93,112.5,112.5,6824,2020-11-05 18:25:00,RARE
112.635,112.88,112.635,112.82,1744,2020-11-05 18:30:00,RARE
112.83,112.84,112.7,112.79,1558,2020-11-05 18:35:00,RARE
112.75,112.815,112.6,112.79,2678,2020-11-05 18:40:00,RARE
112.7,113.13,112.7,112.945,4731,2020-11-05 18:45:00,RARE
112.885,112.92,112.79,112.92,2052,2020-11-05 18:50:00,RARE
112.895,112.98,112.895,112.98,355,2020-11-05 18:55:00,RARE
113.1,113.365,113.025,113.365,2381,2020-11-05 19:00:00,RARE
113.585,113.585,113.37,113.41,2047,2020-11-05 19:05:00,RARE
113.3742,113.3742,113.31,113.3694,485,2020-11-05 19:10:00,RARE
113.4,113.76,113.4,113.76,1200,2020-11-05 19:15:00,RARE
113.76,113.98,113.68,113.945,2163,2020-11-05 19:20:00,RARE
113.9,113.9,113.1405,113.47,22206,2020-11-05 19:25:00,RARE
113.52,113.53,113.29,113.32,600,2020-11-05 19:30:00,RARE
113.43,113.64,113.345,113.6,2301,2020-11-05 19:35:00,RARE
113.78,113.9,113.64,113.9,1020,2020-11-05 19:40:00,RARE
113.94,114.14,113.1,113.1,9916,2020-11-05 19:45:00,RARE
113.07,113.27,112.81,113.105,7736,2020-11-05 19:50:00,RARE
113.105,113.355,112.97,113.28,5986,2020-11-05 19:55:00,RARE
113.27,114.13,113.21,114.1,4100,2020-11-05 20:00:00,RARE
114.415,114.635,114.415,114.55,2200,2020-11-05 20:05:00,RARE
114.48,114.5,114.37,114.38,1200,2020-11-05 20:10:00,RARE
114.44,114.69,114.37,114.69,1843,2020-11-05 20:15:00,RARE
114.52,114.53,114.35,114.43,2062,2020-11-05 20:20:00,RARE
114.43,114.52,114.29,114.4225,1700,2020-11-05 20:25:00,RARE
114.58,114.58,114.29,114.46,2787,2020-11-05 20:30:00,RARE
114.37,114.4455,113.645,113.93,6896,2020-11-05 20:35:00,RARE
113.8225,114.2,113.77,113.88,5625,2020-11-05 20:40:00,RARE
113.96,114.19,113.77,113.99,9483,2020-11-05 20:45:00,RARE
114.13,114.53,114.12,114.47,4991,2020-11-05 20:50:00,RARE
114.3,114.54,114.1999,114.1999,23357,2020-11-05 20:55:00,RARE
114.41,114.41,114.41,114.41,37699,2020-11-05 21:00:00,RARE
114.41,114.41,114.41,114.41,277,2020-11-05 22:15:00,RARE
114.41,114.41,113.7404,114.21,4891,2020-11-06 14:30:00,RARE
113.66,114.33,113.325,113.39,2020,2020-11-06 14:35:00,RARE
112.64,113.93,112.64,113.93,600,2020-11-06 14:40:00,RARE
113.695,113.695,113.695,113.695,100,2020-11-06 14:45:00,RARE
113.92,113.92,113.6,113.6,200,2020-11-06 14:50:00,RARE
113.73,113.73,112.93,112.93,1280,2020-11-06 14:55:00,RARE
113.47,113.47,112.6001,112.6001,300,2020-11-06 15:00:00,RARE
113.63,114.17,113.12,113.535,800,2020-11-06 15:05:00,RARE
113.575,114.28,113.55,114.24,3899,2020-11-06 15:10:00,RARE
114.03,115.46,113.95,115.02,7417,2020-11-06 15:15:00,RARE
114.89,114.89,114.01,114.24,3647,2020-11-06 15:20:00,RARE
114.58,114.82,114.23,114.385,600,2020-11-06 15:25:00,RARE
114.664,114.664,114.09,114.34,700,2020-11-06 15:30:00,RARE
114.385,114.385,114.0,114.1825,1906,2020-11-06 15:35:00,RARE
113.71,113.76,113.26,113.26,700,2020-11-06 15:40:00,RARE
113.05,113.05,112.995,112.995,500,2020-11-06 15:45:00,RARE
112.62,113.3,112.435,113.1,5497,2020-11-06 15:50:00,RARE
113.53,114.0,113.3,113.511,4297,2020-11-06 15:55:00,RARE
113.7,114.21,113.68,113.96,4850,2020-11-06 16:00:00,RARE
114.4,114.62,114.35,114.445,3589,2020-11-06 16:05:00,RARE
113.87,114.42,113.87,114.42,1072,2020-11-06 16:10:00,RARE
114.17,114.32,114.06,114.32,1483,2020-11-06 16:15:00,RARE
114.14,114.32,113.91,113.91,1304,2020-11-06 16:20:00,RARE
114.23,114.48,113.97,114.36,10792,2020-11-06 16:25:00,RARE
114.3,114.62,114.3,114.6,1300,2020-11-06 16:30:00,RARE
114.68,114.925,114.45,114.47,1597,2020-11-06 16:35:00,RARE
114.635,114.635,114.07,114.1,3510,2020-11-06 16:40:00,RARE
114.2,114.2,113.82,114.07,1802,2020-11-06 16:45:00,RARE
113.73,113.73,113.275,113.3,1200,2020-11-06 16:55:00,RARE
113.245,113.31,112.96,113.3,400,2020-11-06 17:00:00,RARE
113.31,113.33,113.125,113.125,400,2020-11-06 17:05:00,RARE
113.33,113.52,113.33,113.52,400,2020-11-06 17:10:00,RARE
113.41,113.54,113.41,113.54,200,2020-11-06 17:15:00,RARE
113.38,113.63,113.27,113.63,1199,2020-11-06 17:20:00,RARE
113.48,113.485,113.48,113.485,800,2020-11-06 17:25:00,RARE
113.315,113.54,113.315,113.46,1792,2020-11-06 17:30:00,RARE
113.3988,113.55,113.315,113.5,3800,2020-11-06 17:35:00,RARE
113.42,113.74,113.41,113.65,1600,2020-11-06 17:40:00,RARE
113.57,113.57,113.3326,113.57,1300,2020-11-06 17:45:00,RARE
113.44,113.74,113.35,113.55,6260,2020-11-06 17:50:00,RARE
113.59,113.675,113.57,113.57,500,2020-11-06 17:55:00,RARE
113.56,113.71,113.515,113.69,900,2020-11-06 18:05:00,RARE
113.835,113.99,113.835,113.87,400,2020-11-06 18:10:00,RARE
114.09,114.09,113.75,113.75,300,2020-11-06 18:15:00,RARE
113.78,113.79,113.57,113.79,400,2020-11-06 18:20:00,RARE
113.8,113.95,113.7072,113.825,700,2020-11-06 18:25:00,RARE
113.69,113.81,113.57,113.81,500,2020-11-06 18:30:00,RARE
113.83,113.83,113.735,113.735,200,2020-11-06 18:35:00,RARE
113.76,113.76,113.6,113.61,400,2020-11-06 18:45:00,RARE
113.61,113.665,113.02,113.02,5614,2020-11-06 18:50:00,RARE
112.99,112.99,112.84,112.89,800,2020-11-06 18:55:00,RARE
112.8,112.8211,112.75,112.75,400,2020-11-06 19:00:00,RARE
112.755,112.96,112.465,112.96,1311,2020-11-06 19:05:00,RARE
112.52,113.21,112.52,113.14,7700,2020-11-06 19:10:00,RARE
113.3,113.46,113.2113,113.4,1500,2020-11-06 19:15:00,RARE
113.405,113.405,113.22,113.22,200,2020-11-06 19:20:00,RARE
113.255,113.31,113.18,113.255,500,2020-11-06 19:25:00,RARE
113.265,113.265,112.89,112.89,7752,2020-11-06 19:30:00,RARE
112.86,112.86,112.48,112.48,816,2020-11-06 19:35:00,RARE
112.51,112.965,112.51,112.845,3500,2020-11-06 19:40:00,RARE
112.98,112.98,112.98,112.98,100,2020-11-06 19:45:00,RARE
113.22,113.3,113.11,113.11,1200,2020-11-06 19:55:00,RARE
113.225,113.32,112.86,113.19,2627,2020-11-06 20:00:00,RARE
113.045,113.42,113.045,113.42,1400,2020-11-06 20:05:00,RARE
113.385,113.43,113.23,113.23,700,2020-11-06 20:10:00,RARE
113.17,113.255,111.75,111.8082,5460,2020-11-06 20:15:00,RARE
111.95,112.33,111.51,112.055,3261,2020-11-06 20:20:00,RARE
111.7,112.31,111.56,112.31,2290,2020-11-06 20:25:00,RARE
111.9,112.29,111.62,111.62,3000,2020-11-06 20:30:00,RARE
111.98,112.12,111.84,111.9732,2900,2020-11-06 20:35:00,RARE
112.14,112.37,111.87,112.3699,2300,2020-11-06 20:40:00,RARE
112.49,112.49,112.265,112.385,1900,2020-11-06 20:45:00,RARE
112.21,112.27,111.22,111.28,10019,2020-11-06 20:50:00,RARE
111.22,111.735,111.22,111.4,16784,2020-11-06 20:55:00,RARE
111.42,111.42,111.42,111.42,85812,2020-11-06 21:00:00,RARE
114.18,114.26,113.67,114.26,1000,2020-11-09 14:25:00,RARE
114.08,115.7,112.22,112.655,14407,2020-11-09 14:30:00,RARE
112.4,112.4,111.08,111.19,2600,2020-11-09 14:35:00,RARE
112.41,113.835,112.075,113.835,1700,2020-11-09 14:40:00,RARE
114.02,114.5,113.825,114.4,1100,2020-11-09 14:45:00,RARE
114.65,115.22,113.68,115.22,7301,2020-11-09 14:50:00,RARE
114.67,115.5,114.2401,114.46,3178,2020-11-09 14:55:00,RARE
114.7876,114.84,113.0,114.3675,27814,2020-11-09 15:00:00,RARE
114.17,114.86,113.63,114.86,2190,2020-11-09 15:05:00,RARE
114.01,115.5,114.01,115.5,4834,2020-11-09 15:10:00,RARE
115.505,116.455,115.505,116.455,5078,2020-11-09 15:15:00,RARE
116.44,116.63,115.74,116.5,2096,2020-11-09 15:20:00,RARE
116.86,117.42,116.37,116.37,4049,2020-11-09 15:25:00,RARE
116.625,116.78,116.05,116.14,1930,2020-11-09 15:30:00,RARE
116.23,117.12,116.23,117.12,2931,2020-11-09 15:35:00,RARE
117.11,117.98,117.015,117.2301,6580,2020-11-09 15:40:00,RARE
117.085,117.8,117.085,117.6,2516,2020-11-09 15:45:00,RARE
117.72,118.37,117.57,118.37,8115,2020-11-09 15:50:00,RARE
118.53,118.8,117.93,117.93,2038,2020-11-09 15:55:00,RARE
118.17,118.32,117.475,118.015,2279,2020-11-09 16:00:00,RARE
117.965,118.36,117.829,118.085,2151,2020-11-09 16:05:00,RARE
118.393,118.47,117.46,118.1,4070,2020-11-09 16:10:00,RARE
118.44,118.8,118.0,118.3,3771,2020-11-09 16:15:00,RARE
118.67,118.6725,117.71,118.455,4221,2020-11-09 16:20:00,RARE
118.22,118.45,117.12,117.4614,2400,2020-11-09 16:25:00,RARE
117.21,117.22,115.015,115.15,4874,2020-11-09 16:30:00,RARE
115.13,115.16,114.12,114.12,2400,2020-11-09 16:35:00,RARE
114.16,114.6941,113.7,114.615,4400,2020-11-09 16:40:00,RARE
114.32,114.545,113.8,114.545,1326,2020-11-09 16:45:00,RARE
114.1839,114.77,114.1839,114.77,535,2020-11-09 16:50:00,RARE
114.535,114.83,114.02,114.83,2834,2020-11-09 16:55:00,RARE
115.12,115.26,114.27,114.74,5030,2020-11-09 17:00:00,RARE
114.895,115.31,114.7,115.31,4940,2020-11-09 17:05:00,RARE
115.345,115.53,115.345,115.53,400,2020-11-09 17:10:00,RARE
115.28,115.63,115.2,115.31,1467,2020-11-09 17:15:00,RARE
115.14,115.38,114.98,115.2,1574,2020-11-09 17:20:00,RARE
115.47,115.76,115.15,115.15,2244,2020-11-09 17:25:00,RARE
115.57,116.01,115.57,115.98,1146,2020-11-09 17:30:00,RARE
116.18,116.53,115.93,116.405,3022,2020-11-09 17:35:00,RARE
116.315,116.82,116.315,116.67,2307,2020-11-09 17:40:00,RARE
116.68,116.88,116.1838,116.38,2708,2020-11-09 17:45:00,RARE
116.213,116.57,116.12,116.3,1300,2020-11-09 17:50:00,RARE
116.445,116.65,116.3,116.65,2700,2020-11-09 17:55:00,RARE
116.402,116.59,116.402,116.59,1027,2020-11-09 18:00:00,RARE
116.59,116.83,116.41,116.41,1000,2020-11-09 18:05:00,RARE
116.84,116.9,116.495,116.7,2468,2020-11-09 18:10:00,RARE
116.595,116.595,116.37,116.37,300,2020-11-09 18:15:00,RARE
116.55,116.76,116.37,116.58,1387,2020-11-09 18:20:00,RARE
116.63,116.66,116.5,116.61,627,2020-11-09 18:25:00,RARE
116.71,116.71,116.41,116.41,1000,2020-11-09 18:30:00,RARE
116.08,116.08,115.79,115.98,1000,2020-11-09 18:35:00,RARE
115.63,115.8059,115.22,115.22,2362,2020-11-09 18:40:00,RARE
115.24,115.47,115.22,115.26,1200,2020-11-09 18:45:00,RARE
115.32,115.81,115.32,115.65,3718,2020-11-09 18:50:00,RARE
115.68,115.91,115.55,115.91,2200,2020-11-09 18:55:00,RARE
116.215,116.215,115.79,115.79,1901,2020-11-09 19:00:00,RARE
115.99,115.99,115.23,115.465,3708,2020-11-09 19:05:00,RARE
115.63,115.81,115.49,115.77,3867,2020-11-09 19:10:00,RARE
115.61,115.61,115.09,115.11,2600,2020-11-09 19:15:00,RARE
115.11,115.19,114.66,114.9,4144,2020-11-09 19:20:00,RARE
115.16,115.28,114.73,115.155,1500,2020-11-09 19:25:00,RARE
115.175,115.42,114.98,115.17,1400,2020-11-09 19:30:00,RARE
115.17,115.24,114.58,114.58,2057,2020-11-09 19:35:00,RARE
115.06,115.15,114.74,115.13,700,2020-11-09 19:40:00,RARE
114.91,115.4,114.87,115.235,1350,2020-11-09 19:45:00,RARE
115.345,115.51,115.115,115.115,1500,2020-11-09 19:50:00,RARE
114.6,115.0,114.6,114.99,400,2020-11-09 19:55:00,RARE
115.01,115.63,115.01,115.49,5077,2020-11-09 20:00:00,RARE
115.38,115.52,115.08,115.4,1400,2020-11-09 20:05:00,RARE
115.14,115.27,114.79,114.97,5442,2020-11-09 20:10:00,RARE
115.12,115.17,114.89,114.91,7204,2020-11-09 20:15:00,RARE
114.68,114.7192,114.03,114.33,5511,2020-11-09 20:20:00,RARE
114.43,114.53,114.185,114.185,1300,2020-11-09 20:25:00,RARE
114.185,114.82,114.185,114.72,5085,2020-11-09 20:30:00,RARE
114.74,114.865,114.605,114.63,4600,2020-11-09 20:35:00,RARE
114.65,114.79,114.275,114.51,4863,2020-11-09 20:40:00,RARE
114.23,114.74,114.23,114.495,8401,2020-11-09 20:45:00,RARE
114.33,114.645,114.105,114.345,11761,2020-11-09 20:50:00,RARE
114.285,114.32,113.65,113.78,37756,2020-11-09 20:55:00,RARE
113.72,113.72,113.72,113.72,47702,2020-11-09 21:00:00,RARE
113.87,115.995,113.87,113.99,6394,2020-11-10 14:30:00,RARE
113.77,115.3596,113.5,114.01,13498,2020-11-10 14:35:00,RARE
112.09,112.135,112.09,112.105,585,2020-11-10 14:40:00,RARE
112.54,114.01,111.25,114.01,3164,2020-11-10 14:45:00,RARE
114.1,114.78,112.69,112.69,3044,2020-11-10 14:50:00,RARE
113.105,114.35,113.055,114.35,1300,2020-11-10 14:55:00,RARE
114.36,114.85,113.66,114.73,5145,2020-11-10 15:00:00,RARE
114.885,114.885,113.97,114.56,2007,2020-11-10 15:05:00,RARE
114.88,115.81,114.88,115.055,9881,2020-11-10 15:10:00,RARE
115.2,115.76,115.145,115.76,2920,2020-11-10 15:15:00,RARE
115.39,115.4,114.595,114.785,1926,2020-11-10 15:20:00,RARE
114.64,114.96,114.53,114.825,3504,2020-11-10 15:25:00,RARE
114.825,115.59,114.825,115.59,1300,2020-11-10 15:30:00,RARE
115.81,115.98,115.25,115.25,5612,2020-11-10 15:35:00,RARE
115.155,116.02,114.8982,115.875,4307,2020-11-10 15:40:00,RARE
115.885,115.885,115.1,115.28,4298,2020-11-10 15:45:00,RARE
115.375,115.97,115.375,115.82,1976,2020-11-10 15:50:00,RARE
115.61,115.98,115.61,115.615,1300,2020-11-10 15:55:00,RARE
115.35,116.155,115.35,116.085,6200,2020-11-10 16:00:00,RARE
116.085,116.48,115.94,116.38,3900,2020-11-10 16:05:00,RARE
116.23,116.645,115.77,115.77,2418,2020-11-10 16:10:00,RARE
116.12,116.1934,115.76,116.11,2436,2020-11-10 16:15:00,RARE
116.175,116.48,115.69,116.42,2900,2020-11-10 16:20:00,RARE
116.47,116.71,115.89,115.89,1315,2020-11-10 16:25:00,RARE
116.19,116.6,116.09,116.09,1100,2020-11-10 16:30:00,RARE
116.49,116.6,116.155,116.155,500,2020-11-10 16:35:00,RARE
116.39,116.91,116.0,116.58,2000,2020-11-10 16:40:00,RARE
116.84,116.84,116.1,116.11,600,2020-11-10 16:45:00,RARE
116.47,116.47,116.47,116.47,100,2020-11-10 16:50:00,RARE
115.76,116.0099,115.76,115.99,1000,2020-11-10 16:55:00,RARE
115.99,116.8,115.97,116.5881,2730,2020-11-10 17:00:00,RARE
116.6965,117.33,116.625,116.9,2996,2020-11-10 17:05:00,RARE
117.14,117.48,116.93,117.14,1600,2020-11-10 17:10:00,RARE
116.8887,117.19,116.46,116.72,2180,2020-11-10 17:15:00,RARE
116.82,117.11,116.52,117.11,1100,2020-11-10 17:20:00,RARE
117.05,117.05,116.25,116.32,1000,2020-11-10 17:25:00,RARE
116.54,117.02,116.36,117.02,1724,2020-11-10 17:30:00,RARE
116.9191,117.48,116.9191,117.295,10534,2020-11-10 17:35:00,RARE
117.39,117.48,117.17,117.27,4120,2020-11-10 17:40:00,RARE
117.315,117.81,117.18,117.675,3436,2020-11-10 17:45:00,RARE
117.84,118.0,117.59,117.59,2712,2020-11-10 17:50:00,RARE
117.46,117.545,116.26,116.51,3000,2020-11-10 17:55:00,RARE
116.6437,116.6437,116.6437,116.6437,200,2020-11-10 18:00:00,RARE
116.3,116.4,116.0,116.4,1619,2020-11-10 18:05:00,RARE
116.4,116.4,115.91,115.91,2500,2020-11-10 18:10:00,RARE
115.95,116.21,115.93,116.21,500,2020-11-10 18:15:00,RARE
116.0,116.0,115.29,115.29,1171,2020-11-10 18:20:00,RARE
115.55,115.63,115.28,115.6,800,2020-11-10 18:25:00,RARE
115.39,115.76,115.2377,115.2377,738,2020-11-10 18:30:00,RARE
115.47,115.89,115.47,115.75,880,2020-11-10 18:35:00,RARE
116.08,116.22,115.81,115.81,2567,2020-11-10 18:40:00,RARE
115.955,115.955,115.59,115.79,1200,2020-11-10 18:45:00,RARE
116.05,116.08,116.0,116.03,500,2020-11-10 18:50:00,RARE
116.3,116.3,115.97,116.0,600,2020-11-10 18:55:00,RARE
116.0,117.0062,116.0,116.575,3134,2020-11-10 19:00:00,RARE
116.61,116.79,116.61,116.665,1200,2020-11-10 19:05:00,RARE
116.53,116.61,116.28,116.39,2700,2020-11-10 19:10:00,RARE
116.4,116.4,116.01,116.01,501,2020-11-10 19:15:00,RARE
116.215,116.5,116.18,116.5,3765,2020-11-10 19:20:00,RARE
116.38,116.38,115.86,115.86,300,2020-11-10 19:25:00,RARE
116.26,116.41,116.1875,116.3,2900,2020-11-10 19:30:00,RARE
116.39,116.48,116.26,116.26,800,2020-11-10 19:35:00,RARE
116.42,116.58,116.305,116.44,2800,2020-11-10 19:40:00,RARE
116.46,116.62,116.38,116.6,850,2020-11-10 19:45:00,RARE
116.47,116.47,115.88,115.94,5436,2020-11-10 19:50:00,RARE
116.045,116.2,115.93,116.2,4228,2020-11-10 19:55:00,RARE
116.17,116.3,116.1125,116.24,1767,2020-11-10 20:00:00,RARE
116.27,116.27,116.165,116.165,1300,2020-11-10 20:05:00,RARE
116.29,117.255,116.28,117.09,3900,2020-11-10 20:10:00,RARE
116.99,117.23,116.84,117.23,1331,2020-11-10 20:15:00,RARE
117.3,117.455,116.88,116.935,5744,2020-11-10 20:20:00,RARE
116.835,117.4,116.6037,117.4,2349,2020-11-10 20:25:00,RARE
117.21,117.6,117.13,117.43,1740,2020-11-10 20:30:00,RARE
117.61,117.61,117.21,117.44,2300,2020-11-10 20:35:00,RARE
117.385,117.58,117.18,117.58,2200,2020-11-10 20:40:00,RARE
117.8,117.98,117.26,117.67,3200,2020-11-10 20:45:00,RARE
117.61,117.94,117.29,117.43,6124,2020-11-10 20:50:00,RARE
117.39,117.65,117.23,117.65,18174,2020-11-10 20:55:00,RARE
117.48,117.48,117.48,117.48,39145,2020-11-10 21:00:00,RARE
118.92,119.99,118.2722,118.32,5787,2020-11-11 14:30:00,RARE
119.5899,119.5899,118.16,118.85,1100,2020-11-11 14:35:00,RARE
119.0,119.5959,118.88,119.25,2569,2020-11-11 14:40:00,RARE
118.97,119.0,117.66,118.465,10108,2020-11-11 14:45:00,RARE
118.47,119.57,118.47,119.23,1104,2020-11-11 14:50:00,RARE
119.4,119.69,118.815,118.815,1465,2020-11-11 14:55:00,RARE
119.56,119.85,119.56,119.68,1055,2020-11-11 15:00:00,RARE
119.38,119.6,118.85,118.93,1200,2020-11-11 15:05:00,RARE
118.83,119.8621,118.825,119.565,2807,2020-11-11 15:10:00,RARE
119.45,119.45,119.45,119.45,200,2020-11-11 15:15:00,RARE
119.06,119.22,118.33,119.22,1400,2020-11-11 15:20:00,RARE
118.51,118.66,118.51,118.66,300,2020-11-11 15:25:00,RARE
118.27,118.75,118.27,118.75,550,2020-11-11 15:30:00,RARE
118.82,118.83,118.8,118.83,600,2020-11-11 15:35:00,RARE
119.17,119.34,119.085,119.34,500,2020-11-11 15:40:00,RARE
118.73,118.73,118.68,118.68,300,2020-11-11 15:45:00,RARE
118.42,118.42,118.42,118.42,400,2020-11-11 15:55:00,RARE
119.26,119.26,119.26,119.26,200,2020-11-11 16:05:00,RARE
119.24,119.95,119.17,119.295,4252,2020-11-11 16:10:00,RARE
119.52,119.68,119.52,119.59,700,2020-11-11 16:15:00,RARE
119.6,119.98,119.47,119.68,800,2020-11-11 16:20:00,RARE
119.75,120.24,119.52,119.93,9567,2020-11-11 16:25:00,RARE
119.925,120.24,119.9,119.9,1800,2020-11-11 16:30:00,RARE
119.9,120.24,119.9,120.084,2000,2020-11-11 16:35:00,RARE
120.24,120.24,120.0,120.24,9351,2020-11-11 16:40:00,RARE
120.36,120.36,120.36,120.36,100,2020-11-11 16:45:00,RARE
120.34,120.44,120.2817,120.44,625,2020-11-11 16:50:00,RARE
120.86,121.3,120.86,121.3,560,2020-11-11 16:55:00,RARE
121.5,121.655,121.02,121.655,1855,2020-11-11 17:05:00,RARE
121.66,121.88,121.66,121.77,1000,2020-11-11 17:10:00,RARE
121.74,122.05,121.56,122.05,3312,2020-11-11 17:15:00,RARE
122.21,122.51,121.8302,121.85,10484,2020-11-11 17:20:00,RARE
121.75,121.75,121.01,121.195,2900,2020-11-11 17:25:00,RARE
121.3299,121.3299,121.1227,121.1227,600,2020-11-11 17:30:00,RARE
121.1016,121.3,121.1016,121.29,877,2020-11-11 17:35:00,RARE
121.29,121.545,121.29,121.5,1400,2020-11-11 17:40:00,RARE
121.595,121.71,121.1486,121.71,1475,2020-11-11 17:45:00,RARE
121.67,121.71,121.09,121.09,1214,2020-11-11 17:50:00,RARE
121.44,121.44,121.21,121.21,200,2020-11-11 17:55:00,RARE
121.355,121.69,121.215,121.69,1525,2020-11-11 18:00:00,RARE
121.289,121.289,121.289,121.289,300,2020-11-11 18:05:00,RARE
121.515,121.515,121.515,121.515,100,2020-11-11 18:10:00,RARE
121.5,121.525,121.26,121.3,1273,2020-11-11 18:15:00,RARE
121.293,121.5,121.293,121.5,300,2020-11-11 18:20:00,RARE
121.46,121.46,120.96,120.96,1189,2020-11-11 18:25:00,RARE
121.1018,121.25,121.1018,121.25,700,2020-11-11 18:30:00,RARE
121.01,121.01,121.01,121.01,560,2020-11-11 18:35:00,RARE
121.3476,121.64,121.07,121.25,2500,2020-11-11 18:40:00,RARE
121.49,121.575,121.39,121.39,500,2020-11-11 18:45:00,RARE
121.37,121.58,121.35,121.35,1300,2020-11-11 18:50:00,RARE
121.24,121.28,121.09,121.09,300,2020-11-11 18:55:00,RARE
121.24,121.5,118.86,119.13,22766,2020-11-11 19:00:00,RARE
119.23,119.4166,119.14,119.275,1225,2020-11-11 19:05:00,RARE
119.32,119.68,119.15,119.68,2870,2020-11-11 19:10:00,RARE
119.685,119.7038,119.45,119.54,1315,2020-11-11 19:15:00,RARE
119.52,119.82,119.52,119.82,1200,2020-11-11 19:20:00,RARE
120.41,120.46,120.115,120.41,2100,2020-11-11 19:30:00,RARE
120.05,120.11,119.96,119.9901,3525,2020-11-11 19:35:00,RARE
120.37,120.41,120.245,120.26,600,2020-11-11 19:40:00,RARE
120.37,120.37,118.66,119.0,13638,2020-11-11 19:45:00,RARE
118.77,119.81,118.75,119.435,4920,2020-11-11 19:50:00,RARE
119.57,119.81,119.1961,119.81,1500,2020-11-11 19:55:00,RARE
119.7358,119.98,119.51,119.79,4940,2020-11-11 20:00:00,RARE
119.755,120.47,119.75,120.47,4050,2020-11-11 20:05:00,RARE
120.12,120.38,120.0,120.24,1374,2020-11-11 20:10:00,RARE
120.67,120.71,120.13,120.64,800,2020-11-11 20:15:00,RARE
120.66,120.66,119.755,119.755,1662,2020-11-11 20:20:00,RARE
119.86,119.86,119.58,119.58,300,2020-11-11 20:25:00,RARE
119.65,119.99,119.65,119.99,1500,2020-11-11 20:30:00,RARE
120.0,120.31,119.79,120.31,1093,2020-11-11 20:35:00,RARE
120.0454,120.34,119.875,119.91,2461,2020-11-11 20:40:00,RARE
119.9057,120.41,119.9057,120.34,3159,2020-11-11 20:45:00,RARE
120.33,120.94,120.1,120.94,7474,2020-11-11 20:50:00,RARE
120.765,121.18,120.53,120.77,13993,2020-11-11 20:55:00,RARE
120.68,120.68,120.68,120.68,61289,2020-11-11 21:00:00,RARE
120.25,120.25,120.25,120.25,100,2020-11-11 21:20:00,RARE
120.25,120.25,119.86,119.86,308,2020-11-11 21:25:00,RARE
120.68,120.68,120.68,120.68,1760,2020-11-11 22:00:00,RARE
118.44,118.44,118.44,118.44,100,2020-11-12 09:00:00,RARE
118.29,118.66,116.06,117.825,24160,2020-11-12 14:30:00,RARE
118.37,119.41,117.94,119.41,2423,2020-11-12 14:35:00,RARE
119.57,120.64,119.42,120.64,2630,2020-11-12 14:40:00,RARE
120.63,122.13,120.63,121.31,2500,2020-11-12 14:45:00,RARE
121.51,122.58,121.075,122.58,1300,2020-11-12 14:50:00,RARE
122.94,123.14,121.69,122.82,3650,2020-11-12 14:55:00,RARE
123.08,123.35,122.62,123.25,3400,2020-11-12 15:00:00,RARE
122.835,123.17,121.6,121.6,4893,2020-11-12 15:05:00,RARE
121.99,122.41,121.67,121.67,1500,2020-11-12 15:10:00,RARE
121.98,122.5,121.21,121.21,7005,2020-11-12 15:15:00,RARE
121.64,121.64,121.21,121.5,1000,2020-11-12 15:20:00,RARE
121.11,121.11,120.27,120.7101,1994,2020-11-12 15:25:00,RARE
120.605,120.7471,120.0501,120.0501,1200,2020-11-12 15:30:00,RARE
120.6929,120.6981,120.4,120.465,800,2020-11-12 15:35:00,RARE
120.35,120.9,120.15,120.9,3211,2020-11-12 15:40:00,RARE
120.42,120.47,119.75,119.96,1701,2020-11-12 15:45:00,RARE
120.17,120.17,119.43,119.74,3393,2020-11-12 15:50:00,RARE
119.65,120.365,119.65,120.365,1522,2020-11-12 15:55:00,RARE
120.92,120.92,120.92,120.92,100,2020-11-12 16:00:00,RARE
120.53,121.0147,120.19,121.0147,1360,2020-11-12 16:05:00,RARE
120.665,121.03,120.55,120.74,600,2020-11-12 16:10:00,RARE
120.74,120.77,120.37,120.37,2030,2020-11-12 16:15:00,RARE
119.96,119.96,119.4,119.4,1400,2020-11-12 16:20:00,RARE
119.775,119.775,119.45,119.675,800,2020-11-12 16:25:00,RARE
119.65,119.85,119.4,119.85,2238,2020-11-12 16:30:00,RARE
119.6557,119.73,118.99,118.99,2865,2020-11-12 16:35:00,RARE
118.36,118.99,118.36,118.745,2137,2020-11-12 16:40:00,RARE
118.98,118.98,118.44,118.44,300,2020-11-12 16:45:00,RARE
118.51,118.77,118.32,118.59,1805,2020-11-12 16:50:00,RARE
118.45,118.76,118.15,118.62,2222,2020-11-12 16:55:00,RARE
118.26,118.3775,117.95,118.005,2317,2020-11-12 17:00:00,RARE
117.8,117.955,117.63,117.64,2359,2020-11-12 17:05:00,RARE
117.63,117.78,113.3,114.955,54479,2020-11-12 17:10:00,RARE
115.015,116.01,114.77,115.26,11572,2020-11-12 17:15:00,RARE
115.26,115.98,115.26,115.675,6700,2020-11-12 17:20:00,RARE
115.65,115.65,114.88,114.985,4243,2020-11-12 17:25:00,RARE
114.985,115.06,114.48,114.56,3725,2020-11-12 17:30:00,RARE
114.56,114.56,114.1753,114.4,5885,2020-11-12 17:35:00,RARE
114.3,114.31,113.85,114.17,3235,2020-11-12 17:40:00,RARE
114.25,114.55,113.36,113.6078,5834,2020-11-12 17:45:00,RARE
113.5,113.68,113.35,113.39,5863,2020-11-12 17:50:00,RARE
113.63,113.64,112.63,113.02,8063,2020-11-12 17:55:00,RARE
113.035,113.035,112.27,112.38,4965,2020-11-12 18:00:00,RARE
112.37,112.37,111.69,112.295,7617,2020-11-12 18:05:00,RARE
112.12,113.22,112.12,112.86,3900,2020-11-12 18:10:00,RARE
112.885,113.04,111.88,112.38,4214,2020-11-12 18:15:00,RARE
112.63,113.2,112.41,112.945,2600,2020-11-12 18:20:00,RARE
113.18,113.68,113.04,113.68,1200,2020-11-12 18:25:00,RARE
113.47,114.06,113.2501,113.52,1326,2020-11-12 18:30:00,RARE
113.565,113.65,113.565,113.58,800,2020-11-12 18:35:00,RARE
113.4349,113.79,113.38,113.79,1825,2020-11-12 18:40:00,RARE
113.57,114.47,113.57,114.47,2200,2020-11-12 18:45:00,RARE
114.845,115.41,114.845,115.255,1810,2020-11-12 18:55:00,RARE
115.4375,115.97,115.06,115.78,3572,2020-11-12 19:00:00,RARE
115.77,115.7825,115.19,115.515,2200,2020-11-12 19:05:00,RARE
115.27,115.5,114.98,115.1075,1579,2020-11-12 19:10:00,RARE
115.4141,115.4141,114.89,114.91,2300,2020-11-12 19:15:00,RARE
114.93,115.5,114.93,114.95,1300,2020-11-12 19:20:00,RARE
115.2542,115.2542,115.06,115.06,2000,2020-11-12 19:25:00,RARE
115.0767,115.14,114.98,115.085,1388,2020-11-12 19:30:00,RARE
114.88,114.9925,114.77,114.77,990,2020-11-12 19:35:00,RARE
114.62,114.62,114.06,114.06,601,2020-11-12 19:40:00,RARE
114.12,114.24,114.08,114.24,900,2020-11-12 19:45:00,RARE
114.38,114.94,114.38,114.715,1200,2020-11-12 19:50:00,RARE
114.9,115.61,114.7919,115.61,1375,2020-11-12 19:55:00,RARE
115.6,115.89,115.21,115.26,4758,2020-11-12 20:00:00,RARE
115.24,115.415,115.15,115.15,2200,2020-11-12 20:05:00,RARE
115.335,115.445,115.29,115.29,600,2020-11-12 20:10:00,RARE
115.32,115.46,115.27,115.355,3008,2020-11-12 20:15:00,RARE
115.52,115.52,115.19,115.38,4267,2020-11-12 20:20:00,RARE
115.26,115.38,114.86,114.86,2965,2020-11-12 20:25:00,RARE
114.84,115.04,114.73,114.93,1540,2020-11-12 20:30:00,RARE
114.81,115.085,114.79,115.085,2400,2020-11-12 20:35:00,RARE
115.24,115.53,115.11,115.43,1400,2020-11-12 20:40:00,RARE
115.45,115.54,115.115,115.13,5985,2020-11-12 20:45:00,RARE
114.97,115.31,114.77,115.03,8222,2020-11-12 20:50:00,RARE
115.11,115.65,115.11,115.49,16635,2020-11-12 20:55:00,RARE
115.48,115.48,115.48,115.48,163668,2020-11-12 21:00:00,RARE
116.88,118.1575,116.88,117.8399,4512,2020-11-13 14:30:00,RARE
117.045,118.0,116.99,117.73,1300,2020-11-13 14:35:00,RARE
117.7,117.74,116.95,116.95,1800,2020-11-13 14:40:00,RARE
116.91,116.91,116.32,116.7,1572,2020-11-13 14:45:00,RARE
116.96,116.96,116.96,116.96,100,2020-11-13 14:55:00,RARE
116.83,117.0,116.47,116.725,3200,2020-11-13 15:00:00,RARE
116.83,116.92,116.8,116.92,300,2020-11-13 15:05:00,RARE
116.88,117.125,116.875,117.125,3200,2020-11-13 15:10:00,RARE
116.945,117.11,116.94,116.94,700,2020-11-13 15:20:00,RARE
117.11,117.465,116.8162,117.245,2622,2020-11-13 15:25:00,RARE
117.485,117.69,117.35,117.35,2928,2020-11-13 15:30:00,RARE
117.535,117.535,116.76,116.93,1500,2020-11-13 15:35:00,RARE
116.38,116.57,116.265,116.395,2000,2020-11-13 15:40:00,RARE
116.34,116.67,116.0654,116.0654,1700,2020-11-13 15:45:00,RARE
116.27,116.29,115.82,116.29,2852,2020-11-13 15:50:00,RARE
116.1,116.1,115.85,115.98,700,2020-11-13 15:55:00,RARE
115.77,115.86,115.51,115.73,2200,2020-11-13 16:00:00,RARE
115.9039,116.52,115.89,116.52,1000,2020-11-13 16:05:00,RARE
116.315,116.57,116.17,116.57,300,2020-11-13 16:10:00,RARE
116.7,116.7,116.38,116.41,3000,2020-11-13 16:15:00,RARE
116.36,116.385,116.23,116.23,400,2020-11-13 16:20:00,RARE
116.27,116.6263,116.235,116.5637,2100,2020-11-13 16:25:00,RARE
116.68,116.945,116.68,116.945,900,2020-11-13 16:30:00,RARE
116.58,116.73,116.58,116.73,600,2020-11-13 16:35:00,RARE
116.62,116.75,116.545,116.75,1200,2020-11-13 16:40:00,RARE
116.77,116.77,116.44,116.44,900,2020-11-13 16:45:00,RARE
116.57,116.7875,116.57,116.7,900,2020-11-13 16:50:00,RARE
116.8,116.81,116.54,116.54,1200,2020-11-13 16:55:00,RARE
116.5942,116.84,116.5942,116.84,1100,2020-11-13 17:00:00,RARE
117.03,117.03,116.575,116.575,1759,2020-11-13 17:05:00,RARE
116.81,116.83,116.63,116.675,1238,2020-11-13 17:10:00,RARE
116.79,116.79,116.57,116.57,200,2020-11-13 17:15:00,RARE
116.41,116.56,116.35,116.56,800,2020-11-13 17:20:00,RARE
116.435,116.51,116.35,116.35,500,2020-11-13 17:25:00,RARE
116.41,116.5,116.39,116.5,600,2020-11-13 17:30:00,RARE
116.65,116.65,116.39,116.39,1350,2020-11-13 17:35:00,RARE
116.34,116.53,116.3,116.53,1400,2020-11-13 17:40:00,RARE
116.88,116.88,116.73,116.77,600,2020-11-13 17:45:00,RARE
116.8442,117.022,116.78,116.795,4905,2020-11-13 17:50:00,RARE
116.79,117.07,116.72,116.8901,1500,2020-11-13 17:55:00,RARE
116.94,116.94,116.68,116.83,1000,2020-11-13 18:00:00,RARE
116.81,116.81,116.81,116.81,300,2020-11-13 18:05:00,RARE
116.69,116.69,116.57,116.665,800,2020-11-13 18:10:00,RARE
116.67,116.81,116.57,116.58,1600,2020-11-13 18:15:00,RARE
116.51,116.55,116.35,116.41,853,2020-11-13 18:20:00,RARE
116.33,116.52,116.22,116.23,2000,2020-11-13 18:25:00,RARE
116.24,116.245,116.11,116.11,1500,2020-11-13 18:30:00,RARE
116.153,116.26,116.153,116.2375,1200,2020-11-13 18:35:00,RARE
116.29,116.44,116.125,116.44,1536,2020-11-13 18:45:00,RARE
116.3,116.67,116.3,116.67,200,2020-11-13 18:50:00,RARE
116.84,116.84,116.84,116.84,1500,2020-11-13 18:55:00,RARE
116.81,116.81,116.52,116.52,400,2020-11-13 19:00:00,RARE
116.76,117.24,116.6768,117.24,900,2020-11-13 19:05:00,RARE
117.3,117.32,117.01,117.32,1700,2020-11-13 19:10:00,RARE
117.2601,117.37,117.2037,117.21,1071,2020-11-13 19:15:00,RARE
117.47,117.52,117.37,117.37,557,2020-11-13 19:20:00,RARE
117.45,117.45,116.94,117.055,1600,2020-11-13 19:25:00,RARE
116.9449,117.01,116.65,116.65,800,2020-11-13 19:30:00,RARE
116.7175,117.095,116.71,117.095,1045,2020-11-13 19:35:00,RARE
117.133,117.257,117.133,117.257,400,2020-11-13 19:40:00,RARE
117.27,117.32,117.2312,117.2312,600,2020-11-13 19:45:00,RARE
117.25,117.76,117.19,117.55,1624,2020-11-13 19:50:00,RARE
117.61,117.61,117.6,117.605,445,2020-11-13 19:55:00,RARE
117.75,117.76,117.6,117.6,300,2020-11-13 20:00:00,RARE
117.46,117.83,117.39,117.82,500,2020-11-13 20:05:00,RARE
117.8,117.805,117.4779,117.4779,2500,2020-11-13 20:10:00,RARE
117.4,117.4,117.27,117.4,2400,2020-11-13 20:15:00,RARE
117.3499,117.59,117.17,117.37,1400,2020-11-13 20:20:00,RARE
117.2,117.6,117.2,117.41,2135,2020-11-13 20:25:00,RARE
117.45,117.6279,117.4,117.4,761,2020-11-13 20:30:00,RARE
117.3711,117.41,117.305,117.4,1556,2020-11-13 20:35:00,RARE
117.43,117.71,117.38,117.575,2000,2020-11-13 20:40:00,RARE
117.625,117.635,117.2517,117.2517,3500,2020-11-13 20:45:00,RARE
117.25,117.3,117.025,117.3,2794,2020-11-13 20:50:00,RARE
117.31,117.51,117.03,117.03,8504,2020-11-13 20:55:00,RARE
117.22,117.22,117.22,117.22,37107,2020-11-13 21:00:00,RARE
117.22,117.22,117.22,117.22,153,2020-11-13 22:35:00,RARE
118.15,118.84,115.95,115.95,5643,2020-11-16 14:30:00,RARE
117.0,117.0,116.995,116.995,200,2020-11-16 14:35:00,RARE
117.9,118.5899,117.185,117.8048,7025,2020-11-16 14:40:00,RARE
117.67,117.67,117.12,117.4,1000,2020-11-16 14:45:00,RARE
117.84,118.2404,117.84,117.8849,1490,2020-11-16 14:50:00,RARE
117.7,118.09,117.55,118.09,1807,2020-11-16 14:55:00,RARE
118.01,118.22,118.01,118.21,520,2020-11-16 15:00:00,RARE
118.22,118.335,117.79,117.79,600,2020-11-16 15:05:00,RARE
117.77,117.77,117.543,117.71,800,2020-11-16 15:10:00,RARE
117.65,117.985,117.4589,117.985,900,2020-11-16 15:15:00,RARE
118.38,118.38,117.9977,118.065,2056,2020-11-16 15:20:00,RARE
118.15,118.25,117.8,117.87,1000,2020-11-16 15:25:00,RARE
118.33,118.42,118.0,118.06,8903,2020-11-16 15:30:00,RARE
118.07,118.2,117.77,117.83,4800,2020-11-16 15:35:00,RARE
117.75,118.11,117.75,118.11,400,2020-11-16 15:40:00,RARE
118.38,118.38,117.8,117.83,5342,2020-11-16 15:45:00,RARE
117.9446,117.9446,117.9446,117.9446,300,2020-11-16 15:50:00,RARE
117.79,117.79,117.6078,117.61,500,2020-11-16 15:55:00,RARE
117.52,118.2,117.52,118.18,4803,2020-11-16 16:00:00,RARE
118.17,118.41,118.17,118.41,700,2020-11-16 16:05:00,RARE
118.49,118.64,118.3,118.59,900,2020-11-16 16:10:00,RARE
118.59,118.78,118.2495,118.78,1297,2020-11-16 16:15:00,RARE
118.8,118.85,118.12,118.126,2758,2020-11-16 16:20:00,RARE
118.145,118.65,118.0,118.65,300,2020-11-16 16:35:00,RARE
118.83,119.0,118.59,119.0,1200,2020-11-16 16:40:00,RARE
119.0,119.18,119.0,119.1228,826,2020-11-16 16:45:00,RARE
118.78,118.78,118.77,118.77,400,2020-11-16 16:50:00,RARE
118.54,118.54,118.2,118.2,200,2020-11-16 17:00:00,RARE
118.16,118.83,118.16,118.73,1400,2020-11-16 17:05:00,RARE
118.57,118.82,118.45,118.45,795,2020-11-16 17:10:00,RARE
118.43,118.43,118.29,118.33,600,2020-11-16 17:15:00,RARE
118.2519,118.2519,118.2519,118.2519,300,2020-11-16 17:20:00,RARE
118.11,118.3199,117.8643,117.869,1000,2020-11-16 17:25:00,RARE
117.87,118.1799,117.87,118.1799,500,2020-11-16 17:30:00,RARE
117.925,118.02,117.69,117.84,2600,2020-11-16 17:35:00,RARE
117.85,117.8804,117.76,117.8804,782,2020-11-16 17:40:00,RARE
117.65,117.7592,117.65,117.74,1200,2020-11-16 17:45:00,RARE
117.54,117.54,117.5106,117.5106,400,2020-11-16 17:50:00,RARE
117.55,117.78,117.55,117.78,5277,2020-11-16 17:55:00,RARE
117.74,117.75,117.085,117.18,5378,2020-11-16 18:00:00,RARE
117.16,117.51,117.16,117.44,1842,2020-11-16 18:05:00,RARE
117.385,117.47,117.19,117.19,1200,2020-11-16 18:10:00,RARE
117.11,117.11,117.11,117.11,100,2020-11-16 18:15:00,RARE
117.085,117.085,116.91,117.05,3799,2020-11-16 18:20:00,RARE
117.2999,117.2999,116.6758,116.69,900,2020-11-16 18:25:00,RARE
116.67,116.9897,116.42,116.97,2810,2020-11-16 18:30:00,RARE
117.12,117.3798,117.03,117.03,800,2020-11-16 18:35:00,RARE
117.01,117.08,116.85,116.9887,813,2020-11-16 18:40:00,RARE
116.83,116.84,116.83,116.83,300,2020-11-16 18:45:00,RARE
116.765,117.05,116.765,116.88,1361,2020-11-16 18:50:00,RARE
117.06,117.06,116.84,116.86,500,2020-11-16 18:55:00,RARE
116.82,116.82,116.58,116.6174,1000,2020-11-16 19:00:00,RARE
116.56,116.72,116.44,116.72,1500,2020-11-16 19:05:00,RARE
116.88,116.89,116.795,116.8545,900,2020-11-16 19:10:00,RARE
116.9,116.9,116.9,116.9,400,2020-11-16 19:15:00,RARE
117.19,117.37,117.19,117.2667,600,2020-11-16 19:20:00,RARE
117.1878,117.3075,117.1878,117.29,856,2020-11-16 19:25:00,RARE
117.45,117.52,117.45,117.52,900,2020-11-16 19:30:00,RARE
117.95,117.95,117.95,117.95,100,2020-11-16 19:35:00,RARE
117.9,117.9334,117.83,117.83,900,2020-11-16 19:40:00,RARE
117.71,117.8265,117.69,117.69,1120,2020-11-16 19:45:00,RARE
117.655,117.655,117.39,117.39,600,2020-11-16 19:50:00,RARE
117.37,117.73,117.37,117.73,1200,2020-11-16 19:55:00,RARE
117.79,118.0,117.7228,117.78,1200,2020-11-16 20:00:00,RARE
117.8725,117.8725,117.6,117.64,1301,2020-11-16 20:05:00,RARE
117.8259,117.8259,117.54,117.73,1300,2020-11-16 20:10:00,RARE
117.56,117.71,117.53,117.53,500,2020-11-16 20:15:00,RARE
117.53,117.705,117.45,117.705,1470,2020-11-16 20:20:00,RARE
117.8,117.8,117.65,117.65,200,2020-11-16 20:25:00,RARE
117.685,118.0,117.6,117.6,1041,2020-11-16 20:30:00,RARE
117.7,117.72,117.52,117.56,1700,2020-11-16 20:35:00,RARE
117.6,117.83,117.54,117.77,1300,2020-11-16 20:40:00,RARE
117.9,118.11,117.6335,117.79,3299,2020-11-16 20:45:00,RARE
117.74,118.43,117.74,118.36,2803,2020-11-16 20:50:00,RARE
118.36,118.69,118.19,118.66,18869,2020-11-16 20:55:00,RARE
118.67,118.67,118.67,118.67,86816,2020-11-16 21:00:00,RARE
118.24,118.24,116.68,117.66,2264,2020-11-17 14:30:00,RARE
117.67,117.67,117.37,117.37,400,2020-11-17 14:35:00,RARE
117.2,117.405,115.87,117.405,1800,2020-11-17 14:45:00,RARE
116.16,116.59,116.16,116.55,300,2020-11-17 14:50:00,RARE
116.59,116.6,116.0226,116.16,770,2020-11-17 14:55:00,RARE
115.98,116.3383,115.98,116.15,800,2020-11-17 15:00:00,RARE
116.48,116.48,114.83,115.41,7505,2020-11-17 15:05:00,RARE
115.285,115.285,114.5,114.68,500,2020-11-17 15:15:00,RARE
114.6,115.53,114.4401,115.0,1600,2020-11-17 15:20:00,RARE
115.2435,115.455,114.73,115.43,4250,2020-11-17 15:25:00,RARE
115.42,115.7263,115.42,115.7263,300,2020-11-17 15:30:00,RARE
116.29,116.37,115.88,116.045,2408,2020-11-17 15:40:00,RARE
116.0,116.0,115.79,116.0,1500,2020-11-17 15:50:00,RARE
116.31,116.31,115.9323,116.0659,1410,2020-11-17 15:55:00,RARE
115.93,116.02,115.93,116.01,1508,2020-11-17 16:00:00,RARE
115.99,115.99,115.79,115.79,1500,2020-11-17 16:05:00,RARE
115.695,115.82,115.43,115.595,2786,2020-11-17 16:10:00,RARE
115.575,115.82,115.42,115.82,2088,2020-11-17 16:15:00,RARE
116.13,116.46,116.13,116.46,500,2020-11-17 16:20:00,RARE
116.88,117.41,116.79,117.41,1916,2020-11-17 16:30:00,RARE
117.83,117.99,117.4,117.4,810,2020-11-17 16:35:00,RARE
117.605,117.68,117.26,117.555,853,2020-11-17 16:40:00,RARE
117.61,117.91,117.61,117.66,300,2020-11-17 16:45:00,RARE
117.92,118.06,117.92,118.06,300,2020-11-17 16:50:00,RARE
118.09,118.09,118.09,118.09,100,2020-11-17 16:55:00,RARE
118.19,118.53,118.07,118.22,1810,2020-11-17 17:00:00,RARE
118.01,118.01,118.01,118.01,400,2020-11-17 17:05:00,RARE
118.17,118.32,118.17,118.17,400,2020-11-17 17:10:00,RARE
118.34,118.34,118.145,118.29,1200,2020-11-17 17:15:00,RARE
117.98,117.9975,117.98,117.9975,500,2020-11-17 17:20:00,RARE
117.945,118.33,117.945,118.33,500,2020-11-17 17:25:00,RARE
118.36,118.36,117.97,117.97,400,2020-11-17 17:30:00,RARE
118.09,118.09,118.02,118.06,700,2020-11-17 17:35:00,RARE
118.16,118.16,118.07,118.07,300,2020-11-17 17:40:00,RARE
118.2305,118.44,118.21,118.21,700,2020-11-17 17:45:00,RARE
118.66,118.66,118.35,118.35,200,2020-11-17 17:50:00,RARE
118.28,118.6,118.25,118.45,700,2020-11-17 17:55:00,RARE
118.52,118.52,118.38,118.52,400,2020-11-17 18:00:00,RARE
118.21,118.395,117.95,118.02,1725,2020-11-17 18:10:00,RARE
118.29,118.36,118.2836,118.2836,700,2020-11-17 18:15:00,RARE
118.56,118.56,118.37,118.37,353,2020-11-17 18:20:00,RARE
118.6,118.68,118.6,118.63,600,2020-11-17 18:25:00,RARE
118.34,118.34,118.29,118.29,500,2020-11-17 18:30:00,RARE
118.385,118.46,118.385,118.46,200,2020-11-17 18:35:00,RARE
118.49,118.76,118.49,118.53,1055,2020-11-17 18:40:00,RARE
118.61,118.61,118.36,118.36,200,2020-11-17 18:50:00,RARE
118.505,118.505,118.505,118.505,100,2020-11-17 18:55:00,RARE
118.62,118.77,118.495,118.76,1400,2020-11-17 19:00:00,RARE
118.52,118.72,118.48,118.72,600,2020-11-17 19:05:00,RARE
118.73,119.18,118.73,119.18,1273,2020-11-17 19:15:00,RARE
119.23,119.27,119.14,119.14,1731,2020-11-17 19:20:00,RARE
119.108,119.12,119.0,119.12,600,2020-11-17 19:25:00,RARE
118.87,119.0,118.87,118.8975,600,2020-11-17 19:30:00,RARE
118.91,119.05,118.91,119.05,200,2020-11-17 19:35:00,RARE
119.04,119.24,119.04,119.24,200,2020-11-17 19:40:00,RARE
119.33,119.33,119.155,119.155,300,2020-11-17 19:45:00,RARE
119.145,119.37,118.94,119.0058,3267,2020-11-17 19:50:00,RARE
119.03,119.03,119.03,119.03,100,2020-11-17 19:55:00,RARE
118.8689,119.05,118.77,119.05,1551,2020-11-17 20:00:00,RARE
119.05,119.13,118.88,119.01,1602,2020-11-17 20:05:00,RARE
118.895,118.93,118.7,118.92,900,2020-11-17 20:10:00,RARE
118.79,119.11,118.73,119.11,1652,2020-11-17 20:15:00,RARE
119.07,119.07,118.85,118.92,400,2020-11-17 20:20:00,RARE
118.99,119.54,118.99,119.54,800,2020-11-17 20:25:00,RARE
119.65,119.7,119.49,119.62,800,2020-11-17 20:30:00,RARE
119.47,119.74,119.47,119.54,1519,2020-11-17 20:35:00,RARE
119.51,119.51,119.26,119.27,800,2020-11-17 20:40:00,RARE
119.66,119.66,119.34,119.64,2200,2020-11-17 20:45:00,RARE
119.39,119.64,119.22,119.26,3396,2020-11-17 20:50:00,RARE
119.2,119.51,118.96,119.51,9208,2020-11-17 20:55:00,RARE
119.37,119.37,119.37,119.37,67872,2020-11-17 21:00:00,RARE
120.0,120.0,119.1,119.38,5567,2020-11-18 14:30:00,RARE
119.75,119.8,119.75,119.8,300,2020-11-18 14:35:00,RARE
119.6334,119.675,118.74,119.35,2150,2020-11-18 14:40:00,RARE
118.28,118.28,118.28,118.28,100,2020-11-18 14:45:00,RARE
118.11,118.1335,117.578,118.1335,625,2020-11-18 14:50:00,RARE
118.245,118.245,116.93,118.12,3874,2020-11-18 14:55:00,RARE
117.99,117.99,117.99,117.99,290,2020-11-18 15:00:00,RARE
117.8,118.81,117.8,117.8128,1819,2020-11-18 15:05:00,RARE
118.59,118.72,117.6201,118.295,2300,2020-11-18 15:10:00,RARE
118.18,118.18,118.18,118.18,100,2020-11-18 15:15:00,RARE
117.96,118.205,117.96,118.0,1670,2020-11-18 15:20:00,RARE
117.9,117.95,117.51,117.51,700,2020-11-18 15:25:00,RARE
117.37,117.55,116.75,116.75,1520,2020-11-18 15:30:00,RARE
116.84,116.84,115.53,115.53,5700,2020-11-18 15:35:00,RARE
115.55,115.73,114.93,115.595,11416,2020-11-18 15:40:00,RARE
115.7,116.27,115.36,116.27,1200,2020-11-18 15:45:00,RARE
116.3675,116.46,116.15,116.46,1761,2020-11-18 15:50:00,RARE
116.62,116.82,116.62,116.82,300,2020-11-18 15:55:00,RARE
116.87,117.28,116.87,116.9725,900,2020-11-18 16:00:00,RARE
116.9,117.15,116.815,116.815,653,2020-11-18 16:05:00,RARE
116.85,117.12,116.53,116.75,700,2020-11-18 16:10:00,RARE
117.28,117.44,117.235,117.235,400,2020-11-18 16:15:00,RARE
117.45,117.6,117.275,117.5,1200,2020-11-18 16:20:00,RARE
117.33,117.35,116.76,116.82,2064,2020-11-18 16:30:00,RARE
116.81,116.81,116.81,116.81,100,2020-11-18 16:35:00,RARE
116.755,116.81,116.29,116.7097,5075,2020-11-18 16:40:00,RARE
116.61,117.09,116.61,117.09,1300,2020-11-18 16:45:00,RARE
117.16,117.41,116.97,117.39,500,2020-11-18 16:50:00,RARE
117.5,117.5,116.79,116.79,1354,2020-11-18 16:55:00,RARE
117.16,117.2757,116.995,117.2757,2100,2020-11-18 17:00:00,RARE
117.025,117.025,116.26,116.5525,1400,2020-11-18 17:05:00,RARE
116.455,116.625,116.39,116.625,2000,2020-11-18 17:10:00,RARE
116.7999,116.8,116.1,116.185,4300,2020-11-18 17:15:00,RARE
116.1,116.12,115.78,115.78,700,2020-11-18 17:20:00,RARE
115.86,116.12,115.84,116.12,1213,2020-11-18 17:25:00,RARE
115.995,116.09,115.91,116.0075,3508,2020-11-18 17:30:00,RARE
116.15,116.5,116.145,116.5,2742,2020-11-18 17:35:00,RARE
116.48,116.48,116.3819,116.3819,900,2020-11-18 17:40:00,RARE
116.445,116.69,116.21,116.21,300,2020-11-18 17:45:00,RARE
116.17,116.36,116.17,116.3,500,2020-11-18 17:50:00,RARE
116.52,117.2099,116.335,117.2,1900,2020-11-18 17:55:00,RARE
117.17,117.26,116.85,117.19,800,2020-11-18 18:00:00,RARE
117.01,117.63,117.01,117.45,2852,2020-11-18 18:10:00,RARE
117.3141,117.41,117.3141,117.41,900,2020-11-18 18:15:00,RARE
117.25,117.55,117.25,117.55,400,2020-11-18 18:20:00,RARE
117.4891,117.585,117.1,117.18,2112,2020-11-18 18:25:00,RARE
117.07,117.29,117.05,117.29,1799,2020-11-18 18:30:00,RARE
117.07,117.2,116.86,116.95,1600,2020-11-18 18:35:00,RARE
116.97,117.03,116.97,116.98,400,2020-11-18 18:40:00,RARE
116.55,116.55,116.47,116.47,948,2020-11-18 18:45:00,RARE
116.345,116.4647,116.33,116.4647,1300,2020-11-18 18:50:00,RARE
116.25,116.4413,116.24,116.24,700,2020-11-18 18:55:00,RARE
116.26,116.6,116.26,116.6,1200,2020-11-18 19:00:00,RARE
116.98,117.145,116.98,117.145,400,2020-11-18 19:05:00,RARE
116.995,116.995,116.47,116.49,2500,2020-11-18 19:10:00,RARE
116.7,116.73,116.55,116.72,1700,2020-11-18 19:15:00,RARE
116.7,116.72,116.43,116.43,1257,2020-11-18 19:20:00,RARE
116.463,116.463,116.23,116.23,1400,2020-11-18 19:25:00,RARE
115.985,116.41,115.98,116.41,2600,2020-11-18 19:30:00,RARE
116.3,116.3,115.785,115.9,3028,2020-11-18 19:35:00,RARE
115.9,115.9054,115.76,115.831,2905,2020-11-18 19:40:00,RARE
115.69,115.92,115.32,115.32,3880,2020-11-18 19:45:00,RARE
115.4816,115.66,115.4816,115.49,1500,2020-11-18 19:50:00,RARE
115.525,115.61,115.22,115.36,3176,2020-11-18 19:55:00,RARE
115.36,115.5,115.15,115.15,800,2020-11-18 20:00:00,RARE
115.12,115.27,115.01,115.25,2700,2020-11-18 20:05:00,RARE
115.28,115.42,115.16,115.19,810,2020-11-18 20:10:00,RARE
115.02,115.44,115.02,115.07,1510,2020-11-18 20:15:00,RARE
115.155,115.34,115.04,115.28,700,2020-11-18 20:20:00,RARE
115.23,115.36,115.22,115.35,800,2020-11-18 20:25:00,RARE
115.375,115.38,115.14,115.305,1100,2020-11-18 20:30:00,RARE
115.315,115.4,115.18,115.35,3809,2020-11-18 20:35:00,RARE
115.26,115.37,115.02,115.37,3661,2020-11-18 20:40:00,RARE
115.16,115.44,115.16,115.22,2700,2020-11-18 20:45:00,RARE
115.07,115.1,114.02,114.11,20120,2020-11-18 20:50:00,RARE
113.9,114.23,113.9,114.0,10393,2020-11-18 20:55:00,RARE
114.05,114.05,114.05,114.05,68388,2020-11-18 21:00:00,RARE
112.52,112.52,112.52,112.52,150,2020-11-19 14:10:00,RARE
113.09,114.19,113.09,114.19,6824,2020-11-19 14:30:00,RARE
114.37,115.25,114.37,115.17,1248,2020-11-19 14:35:00,RARE
115.49,115.64,114.94,115.25,2300,2020-11-19 14:40:00,RARE
114.86,114.86,114.545,114.595,700,2020-11-19 14:45:00,RARE
114.505,114.505,114.505,114.505,100,2020-11-19 14:50:00,RARE
114.73,116.67,114.73,116.66,2900,2020-11-19 14:55:00,RARE
116.67,116.67,116.08,116.375,515,2020-11-19 15:00:00,RARE
115.13,115.685,115.13,115.685,400,2020-11-19 15:05:00,RARE
115.42,115.86,115.33,115.33,700,2020-11-19 15:10:00,RARE
115.86,116.2,115.74,116.17,2393,2020-11-19 15:15:00,RARE
116.5186,116.5186,116.47,116.47,200,2020-11-19 15:20:00,RARE
116.59,116.73,116.445,116.73,1700,2020-11-19 15:25:00,RARE
116.8,116.98,116.42,116.42,1000,2020-11-19 15:30:00,RARE
116.08,116.24,116.07,116.24,300,2020-11-19 15:35:00,RARE
116.34,116.79,116.235,116.62,1800,2020-11-19 15:40:00,RARE
116.63,116.63,116.555,116.58,600,2020-11-19 15:45:00,RARE
116.555,116.555,116.25,116.305,500,2020-11-19 15:50:00,RARE
116.46,116.51,116.43,116.43,533,2020-11-19 15:55:00,RARE
116.48,116.95,116.37,116.5115,1197,2020-11-19 16:00:00,RARE
116.39,116.4,115.98,115.98,1500,2020-11-19 16:05:00,RARE
115.915,115.915,115.085,115.29,1700,2020-11-19 16:10:00,RARE
115.395,115.69,115.395,115.555,500,2020-11-19 16:20:00,RARE
115.58,115.94,115.58,115.76,1200,2020-11-19 16:30:00,RARE
115.63,115.82,115.63,115.82,200,2020-11-19 16:35:00,RARE
115.695,115.695,115.44,115.455,600,2020-11-19 16:40:00,RARE
115.61,115.61,115.38,115.38,400,2020-11-19 16:45:00,RARE
115.405,115.405,114.89,115.11,1422,2020-11-19 16:50:00,RARE
115.11,115.11,115.11,115.11,100,2020-11-19 16:55:00,RARE
115.28,115.32,115.11,115.32,322,2020-11-19 17:00:00,RARE
115.01,115.2,115.01,115.13,500,2020-11-19 17:05:00,RARE
115.1,115.11,114.96,115.11,400,2020-11-19 17:10:00,RARE
114.92,115.01,114.73,114.73,500,2020-11-19 17:15:00,RARE
114.7,114.93,114.64,114.66,1200,2020-11-19 17:20:00,RARE
114.625,114.67,114.13,114.44,1500,2020-11-19 17:25:00,RARE
114.2,114.28,113.99,114.195,1072,2020-11-19 17:30:00,RARE
114.22,114.53,114.185,114.31,2216,2020-11-19 17:35:00,RARE
114.29,114.29,113.81,114.15,1800,2020-11-19 17:40:00,RARE
113.82,113.92,113.66,113.86,700,2020-11-19 17:45:00,RARE
113.9,113.9,113.62,113.86,1100,2020-11-19 17:50:00,RARE
113.85,113.85,113.75,113.75,700,2020-11-19 18:00:00,RARE
113.82,113.82,113.82,113.82,200,2020-11-19 18:05:00,RARE
113.69,113.695,113.5,113.55,900,2020-11-19 18:10:00,RARE
113.34,113.34,113.12,113.12,280,2020-11-19 18:15:00,RARE
113.11,113.24,112.88,113.24,1008,2020-11-19 18:20:00,RARE
113.01,113.24,113.0,113.0,600,2020-11-19 18:25:00,RARE
113.22,113.25,112.78,113.19,3001,2020-11-19 18:30:00,RARE
113.19,113.28,112.95,112.95,2350,2020-11-19 18:35:00,RARE
112.92,113.1,112.92,112.99,400,2020-11-19 18:40:00,RARE
113.02,113.02,112.75,112.8,2900,2020-11-19 18:45:00,RARE
112.9,112.915,112.72,112.9,1301,2020-11-19 18:50:00,RARE
112.75,113.54,112.75,113.4,7309,2020-11-19 18:55:00,RARE
113.36,113.41,113.16,113.24,1105,2020-11-19 19:00:00,RARE
113.335,113.49,113.15,113.49,700,2020-11-19 19:05:00,RARE
113.14,113.63,113.14,113.63,500,2020-11-19 19:10:00,RARE
113.24,113.58,113.19,113.47,1100,2020-11-19 19:15:00,RARE
113.62,113.91,113.51,113.75,3029,2020-11-19 19:20:00,RARE
113.665,113.685,113.55,113.685,500,2020-11-19 19:25:00,RARE
113.81,113.81,113.56,113.6,1894,2020-11-19 19:30:00,RARE
113.57,113.75,113.455,113.61,3350,2020-11-19 19:35:00,RARE
113.39,113.64,113.31,113.565,1684,2020-11-19 19:40:00,RARE
113.59,113.59,113.55,113.575,300,2020-11-19 19:45:00,RARE
113.49,113.49,113.17,113.18,1112,2020-11-19 19:50:00,RARE
113.055,113.055,112.81,112.81,1523,2020-11-19 19:55:00,RARE
112.815,112.8338,112.61,112.8338,2008,2020-11-19 20:00:00,RARE
112.61,112.68,112.01,112.51,5014,2020-11-19 20:05:00,RARE
112.3,112.3,112.01,112.01,900,2020-11-19 20:10:00,RARE
112.08,112.24,111.93,112.24,4004,2020-11-19 20:15:00,RARE
112.325,112.41,111.97,111.99,1500,2020-11-19 20:20:00,RARE
112.0,112.0,111.8,111.92,1900,2020-11-19 20:25:00,RARE
111.84,112.14,111.785,112.0,3000,2020-11-19 20:30:00,RARE
112.09,112.32,111.98,112.32,1600,2020-11-19 20:35:00,RARE
112.07,112.6,112.07,112.59,2300,2020-11-19 20:40:00,RARE
112.55,112.82,112.55,112.66,2818,2020-11-19 20:45:00,RARE
112.59,113.12,112.56,113.035,4978,2020-11-19 20:50:00,RARE
113.02,113.17,112.75,112.84,21220,2020-11-19 20:55:00,RARE
112.82,112.82,112.82,112.82,107341,2020-11-19 21:00:00,RARE
112.29,112.4,111.12,111.404,21138,2020-11-20 14:30:00,RARE
111.37,112.5,111.18,111.74,600,2020-11-20 14:35:00,RARE
111.7917,111.7917,111.7917,111.7917,500,2020-11-20 14:40:00,RARE
112.29,112.29,111.37,111.87,1000,2020-11-20 14:45:00,RARE
111.37,111.37,110.33,110.46,1472,2020-11-20 14:50:00,RARE
110.2052,113.18,110.205,113.18,2975,2020-11-20 14:55:00,RARE
113.41,113.41,111.56,111.56,675,2020-11-20 15:00:00,RARE
112.6956,113.42,112.6956,113.42,300,2020-11-20 15:05:00,RARE
113.38,113.41,113.0,113.025,500,2020-11-20 15:10:00,RARE
113.0,113.49,112.9,113.0,5958,2020-11-20 15:15:00,RARE
113.4,114.025,113.4,113.7835,600,2020-11-20 15:20:00,RARE
113.78,113.78,113.665,113.665,300,2020-11-20 15:25:00,RARE
112.7,113.43,112.61,113.43,800,2020-11-20 15:30:00,RARE
113.42,113.42,113.09,113.35,400,2020-11-20 15:35:00,RARE
113.32,113.37,113.16,113.16,400,2020-11-20 15:40:00,RARE
113.0,113.25,113.0,113.25,400,2020-11-20 15:45:00,RARE
113.055,113.055,112.74,112.74,215,2020-11-20 15:50:00,RARE
113.09,113.09,113.09,113.09,100,2020-11-20 15:55:00,RARE
113.19,113.37,112.82,112.94,7304,2020-11-20 16:00:00,RARE
113.06,113.36,113.06,113.19,1000,2020-11-20 16:05:00,RARE
113.29,113.34,113.29,113.34,293,2020-11-20 16:10:00,RARE
113.19,113.495,113.19,113.19,1000,2020-11-20 16:15:00,RARE
113.435,113.435,113.435,113.435,100,2020-11-20 16:20:00,RARE
113.19,113.19,113.19,113.19,100,2020-11-20 16:25:00,RARE
113.47,113.61,113.35,113.35,1131,2020-11-20 16:30:00,RARE
113.58,113.6,113.4,113.47,1157,2020-11-20 16:35:00,RARE
113.35,113.37,113.34,113.37,300,2020-11-20 16:40:00,RARE
112.91,112.91,112.77,112.77,612,2020-11-20 16:45:00,RARE
112.74,113.55,112.74,113.07,1500,2020-11-20 16:50:00,RARE
113.47,113.64,113.47,113.585,700,2020-11-20 16:55:00,RARE
113.585,114.37,113.58,114.065,8013,2020-11-20 17:00:00,RARE
114.06,114.6,114.0,114.54,16037,2020-11-20 17:05:00,RARE
114.57,114.78,113.97,113.97,1114,2020-11-20 17:10:00,RARE
113.87,114.17,113.7743,114.17,300,2020-11-20 17:15:00,RARE
114.0,114.08,114.0,114.08,300,2020-11-20 17:20:00,RARE
114.0,114.04,113.99,114.0,625,2020-11-20 17:25:00,RARE
113.95,113.95,113.76,113.76,300,2020-11-20 17:30:00,RARE
113.46,113.46,113.11,113.11,700,2020-11-20 17:35:00,RARE
113.12,113.12,113.12,113.12,100,2020-11-20 17:40:00,RARE
113.3,113.86,113.3,113.86,700,2020-11-20 17:45:00,RARE
113.71,113.98,113.5,113.5,2368,2020-11-20 17:50:00,RARE
113.71,113.98,113.71,113.98,200,2020-11-20 17:55:00,RARE
113.58,113.77,113.58,113.77,200,2020-11-20 18:00:00,RARE
113.68,113.68,113.68,113.68,100,2020-11-20 18:10:00,RARE
113.95,113.95,113.95,113.95,100,2020-11-20 18:15:00,RARE
114.025,114.025,114.0,114.0,1200,2020-11-20 18:20:00,RARE
113.8,113.83,113.68,113.68,500,2020-11-20 18:25:00,RARE
113.57,113.57,113.5,113.5,537,2020-11-20 18:30:00,RARE
113.86,114.2,113.86,114.09,1709,2020-11-20 18:40:00,RARE
114.1,114.1,113.74,113.74,1594,2020-11-20 18:45:00,RARE
113.61,113.61,113.61,113.61,100,2020-11-20 18:50:00,RARE
113.71,113.71,113.71,113.71,100,2020-11-20 18:55:00,RARE
113.95,113.95,113.95,113.95,100,2020-11-20 19:00:00,RARE
113.8265,113.8265,113.66,113.73,400,2020-11-20 19:05:00,RARE
114.2,114.39,114.0,114.125,1146,2020-11-20 19:10:00,RARE
113.84,114.22,113.84,114.15,450,2020-11-20 19:15:00,RARE
113.86,113.91,113.86,113.91,200,2020-11-20 19:20:00,RARE
113.71,113.71,113.71,113.71,100,2020-11-20 19:25:00,RARE
113.73,113.79,113.73,113.79,600,2020-11-20 19:30:00,RARE
113.8,113.8,113.8,113.8,100,2020-11-20 19:35:00,RARE
113.65,113.71,113.51,113.7,400,2020-11-20 19:40:00,RARE
113.61,113.62,113.5,113.5,400,2020-11-20 19:45:00,RARE
113.43,113.68,113.43,113.68,500,2020-11-20 19:50:00,RARE
113.755,113.92,113.54,113.78,700,2020-11-20 20:00:00,RARE
113.92,114.09,113.85,113.85,600,2020-11-20 20:05:00,RARE
113.8,113.92,113.5,113.51,3742,2020-11-20 20:10:00,RARE
113.63,113.63,113.2,113.28,900,2020-11-20 20:15:00,RARE
113.28,113.28,113.13,113.18,700,2020-11-20 20:20:00,RARE
113.325,113.325,113.325,113.325,100,2020-11-20 20:25:00,RARE
113.21,113.39,113.1691,113.1691,500,2020-11-20 20:30:00,RARE
113.41,113.45,113.22,113.45,1000,2020-11-20 20:35:00,RARE
113.52,113.98,113.46,113.8025,1000,2020-11-20 20:40:00,RARE
113.88,114.12,113.71,114.12,1402,2020-11-20 20:45:00,RARE
114.36,114.36,113.6,114.26,3838,2020-11-20 20:50:00,RARE
114.18,114.62,113.79,114.37,19182,2020-11-20 20:55:00,RARE
114.37,114.37,114.37,114.37,67770,2020-11-20 21:00:00,RARE
115.27,117.0,115.14,115.14,4068,2020-11-23 14:30:00,RARE
114.99,116.4165,114.99,116.0644,645,2020-11-23 14:35:00,RARE
115.2949,115.495,115.1,115.1,300,2020-11-23 14:40:00,RARE
115.325,115.325,114.19,114.77,1500,2020-11-23 14:45:00,RARE
115.77,115.87,115.62,115.62,300,2020-11-23 14:50:00,RARE
115.645,115.9,115.645,115.77,300,2020-11-23 14:55:00,RARE
115.79,116.36,115.4,115.485,1500,2020-11-23 15:00:00,RARE
115.08,115.08,114.39,114.39,500,2020-11-23 15:05:00,RARE
114.695,114.695,114.505,114.505,200,2020-11-23 15:15:00,RARE
114.27,114.27,113.57,113.8256,800,2020-11-23 15:20:00,RARE
113.875,114.09,113.875,114.08,998,2020-11-23 15:25:00,RARE
114.11,114.99,114.11,114.615,400,2020-11-23 15:30:00,RARE
114.87,114.87,114.87,114.87,100,2020-11-23 15:35:00,RARE
115.2,115.62,115.19,115.62,1285,2020-11-23 15:40:00,RARE
115.62,116.4,115.62,116.24,900,2020-11-23 15:45:00,RARE
116.315,116.315,115.875,116.1,1604,2020-11-23 15:50:00,RARE
115.695,116.14,115.45,115.45,2054,2020-11-23 15:55:00,RARE
115.85,115.85,115.8,115.85,600,2020-11-23 16:00:00,RARE
116.39,116.39,115.44,115.44,4700,2020-11-23 16:05:00,RARE
115.38,115.4,114.615,114.75,700,2020-11-23 16:10:00,RARE
114.9,114.915,114.52,114.52,2300,2020-11-23 16:15:00,RARE
114.39,114.75,114.33,114.495,1400,2020-11-23 16:20:00,RARE
115.2,115.29,114.865,114.865,300,2020-11-23 16:25:00,RARE
115.31,115.32,114.6,114.6,700,2020-11-23 16:30:00,RARE
114.875,115.205,114.875,115.205,300,2020-11-23 16:35:00,RARE
115.05,115.47,115.05,115.47,300,2020-11-23 16:40:00,RARE
115.85,116.49,115.85,116.49,532,2020-11-23 16:45:00,RARE
115.84,116.34,115.81,116.34,600,2020-11-23 16:50:00,RARE
116.0,116.0,115.75,115.75,200,2020-11-23 16:55:00,RARE
115.82,115.82,115.595,115.595,300,2020-11-23 17:00:00,RARE
115.6,115.66,115.19,115.19,1200,2020-11-23 17:05:00,RARE
114.88,115.6,114.88,115.6,721,2020-11-23 17:10:00,RARE
115.4,115.74,115.4,115.56,300,2020-11-23 17:15:00,RARE
115.92,115.92,115.92,115.92,200,2020-11-23 17:20:00,RARE
115.865,116.28,115.865,116.28,498,2020-11-23 17:25:00,RARE
115.985,115.985,115.985,115.985,100,2020-11-23 17:35:00,RARE
115.9585,115.9585,115.69,115.69,370,2020-11-23 17:40:00,RARE
115.8271,115.8271,115.38,115.38,400,2020-11-23 17:45:00,RARE
115.35,115.7,115.27,115.575,1000,2020-11-23 17:50:00,RARE
115.71,115.87,115.71,115.87,200,2020-11-23 17:55:00,RARE
116.08,116.33,116.08,116.33,1301,2020-11-23 18:00:00,RARE
116.155,116.3,116.155,116.26,819,2020-11-23 18:05:00,RARE
116.1,116.25,115.89,116.11,2178,2020-11-23 18:10:00,RARE
115.825,116.1,115.78,115.8,2240,2020-11-23 18:15:00,RARE
116.0165,116.02,115.9,115.96,800,2020-11-23 18:20:00,RARE
116.025,116.025,116.025,116.025,100,2020-11-23 18:25:00,RARE
116.34,116.34,115.72,115.935,1814,2020-11-23 18:30:00,RARE
115.89,115.89,115.6701,115.6701,400,2020-11-23 18:35:00,RARE
115.96,116.03,115.545,115.545,700,2020-11-23 18:40:00,RARE
115.57,115.57,115.48,115.545,882,2020-11-23 18:45:00,RARE
115.54,115.65,115.52,115.65,300,2020-11-23 18:50:00,RARE
115.595,115.82,115.56,115.72,800,2020-11-23 18:55:00,RARE
115.86,116.08,115.86,116.08,200,2020-11-23 19:05:00,RARE
115.83,115.83,115.81,115.81,200,2020-11-23 19:10:00,RARE
115.83,115.93,115.83,115.83,400,2020-11-23 19:15:00,RARE
115.82,115.9,115.76,115.78,900,2020-11-23 19:20:00,RARE
115.63,115.63,115.63,115.63,100,2020-11-23 19:25:00,RARE
115.46,115.575,115.185,115.575,624,2020-11-23 19:30:00,RARE
115.57,115.57,115.57,115.57,100,2020-11-23 19:35:00,RARE
115.57,115.57,115.495,115.495,200,2020-11-23 19:40:00,RARE
115.42,115.735,115.39,115.735,1400,2020-11-23 19:45:00,RARE
115.57,115.7225,115.56,115.56,700,2020-11-23 19:50:00,RARE
115.96,116.001,115.96,116.001,315,2020-11-23 19:55:00,RARE
116.05,116.47,115.875,116.05,2400,2020-11-23 20:00:00,RARE
115.84,115.88,115.76,115.8,885,2020-11-23 20:10:00,RARE
115.69,115.69,115.245,115.245,1100,2020-11-23 20:15:00,RARE
115.13,115.13,114.94,115.01,1300,2020-11-23 20:20:00,RARE
115.03,115.1,114.93,115.1,1500,2020-11-23 20:25:00,RARE
114.9883,114.9883,114.79,114.91,965,2020-11-23 20:30:00,RARE
114.91,114.93,114.74,114.93,2813,2020-11-23 20:35:00,RARE
114.93,114.93,114.53,114.665,4925,2020-11-23 20:40:00,RARE
114.74,115.09,114.74,114.9,2900,2020-11-23 20:45:00,RARE
114.86,115.08,114.805,114.86,1800,2020-11-23 20:50:00,RARE
114.885,115.16,114.55,114.96,11902,2020-11-23 20:55:00,RARE
114.69,114.69,114.69,114.69,37594,2020-11-23 21:00:00,RARE
115.56,115.98,115.56,115.98,3989,2020-11-24 14:30:00,RARE
116.03,116.03,114.9425,115.0,3452,2020-11-24 14:35:00,RARE
115.1,115.15,114.0,114.26,1800,2020-11-24 14:40:00,RARE
114.69,115.63,114.64,114.9422,1821,2020-11-24 14:45:00,RARE
115.47,115.48,115.19,115.48,300,2020-11-24 14:50:00,RARE
116.07,116.91,116.07,116.39,1637,2020-11-24 14:55:00,RARE
116.22,117.02,116.1075,116.86,2100,2020-11-24 15:00:00,RARE
117.15,117.71,117.14,117.14,2572,2020-11-24 15:05:00,RARE
117.07,117.07,117.07,117.07,100,2020-11-24 15:10:00,RARE
117.01,117.09,116.65,116.65,500,2020-11-24 15:15:00,RARE
117.25,117.57,116.96,117.57,520,2020-11-24 15:20:00,RARE
117.59,117.59,116.8,117.48,1000,2020-11-24 15:25:00,RARE
117.39,117.9,117.165,117.655,800,2020-11-24 15:30:00,RARE
117.97,117.98,116.77,117.06,11637,2020-11-24 15:35:00,RARE
117.02,117.02,115.65,116.35,14672,2020-11-24 15:40:00,RARE
116.31,116.71,115.57,115.57,4683,2020-11-24 15:45:00,RARE
115.55,116.06,115.55,116.06,500,2020-11-24 15:50:00,RARE
116.0,116.22,115.7,115.79,3021,2020-11-24 15:55:00,RARE
116.02,116.31,115.74,115.85,2365,2020-11-24 16:00:00,RARE
115.865,115.97,115.865,115.97,300,2020-11-24 16:05:00,RARE
115.83,115.83,115.58,115.81,1400,2020-11-24 16:10:00,RARE
115.89,115.89,115.8,115.8,300,2020-11-24 16:15:00,RARE
116.125,116.37,115.36,115.36,5200,2020-11-24 16:20:00,RARE
115.51,115.73,115.51,115.66,300,2020-11-24 16:25:00,RARE
115.48,115.48,114.95,114.95,1200,2020-11-24 16:30:00,RARE
115.125,115.2,115.125,115.2,400,2020-11-24 16:35:00,RARE
114.94,115.36,114.865,115.3,1000,2020-11-24 16:40:00,RARE
115.69,116.56,115.69,116.08,1299,2020-11-24 16:45:00,RARE
115.9,116.22,115.61,116.02,4978,2020-11-24 16:50:00,RARE
116.07,116.15,115.91,115.91,1800,2020-11-24 16:55:00,RARE
115.54,115.54,115.54,115.54,200,2020-11-24 17:00:00,RARE
115.87,115.87,115.84,115.84,200,2020-11-24 17:05:00,RARE
116.14,116.14,115.75,115.78,2800,2020-11-24 17:10:00,RARE
115.82,116.16,115.82,115.85,2646,2020-11-24 17:15:00,RARE
115.7,115.765,115.67,115.765,900,2020-11-24 17:20:00,RARE
115.98,116.2,115.87,116.035,1700,2020-11-24 17:25:00,RARE
116.0886,116.0886,116.03,116.03,409,2020-11-24 17:30:00,RARE
116.045,116.0797,115.87,115.88,7300,2020-11-24 17:35:00,RARE
115.91,116.39,115.8,116.33,4546,2020-11-24 17:40:00,RARE
116.535,117.86,116.535,117.86,600,2020-11-24 17:45:00,RARE
117.91,117.97,117.86,117.97,500,2020-11-24 17:50:00,RARE
117.52,117.52,117.1,117.1,2769,2020-11-24 17:55:00,RARE
117.1,117.58,117.1,117.58,300,2020-11-24 18:00:00,RARE
117.41,117.98,117.41,117.98,8751,2020-11-24 18:05:00,RARE
117.98,118.23,117.82,118.03,5334,2020-11-24 18:10:00,RARE
117.86,117.86,117.47,117.74,3052,2020-11-24 18:15:00,RARE
117.29,117.69,117.29,117.69,504,2020-11-24 18:20:00,RARE
117.63,117.63,117.6,117.6,915,2020-11-24 18:25:00,RARE
117.57,117.57,117.53,117.53,900,2020-11-24 18:30:00,RARE
117.41,117.52,117.41,117.52,1414,2020-11-24 18:35:00,RARE
117.83,117.83,117.76,117.76,200,2020-11-24 18:40:00,RARE
118.03,118.03,117.62,117.735,1200,2020-11-24 18:45:00,RARE
117.9,117.94,117.28,117.28,1800,2020-11-24 18:50:00,RARE
117.13,117.13,117.13,117.13,140,2020-11-24 18:55:00,RARE
117.4975,117.4975,117.14,117.48,747,2020-11-24 19:00:00,RARE
117.43,117.81,117.43,117.665,500,2020-11-24 19:05:00,RARE
117.84,117.91,117.67,117.67,1200,2020-11-24 19:10:00,RARE
118.0599,118.0599,118.0599,118.0599,186,2020-11-24 19:15:00,RARE
118.22,118.22,117.73,117.73,1200,2020-11-24 19:20:00,RARE
117.9,117.9,117.715,117.78,400,2020-11-24 19:25:00,RARE
117.79,117.815,117.64,117.815,400,2020-11-24 19:30:00,RARE
117.75,117.98,117.66,117.97,1500,2020-11-24 19:35:00,RARE
117.825,117.825,117.67,117.8,547,2020-11-24 19:40:00,RARE
118.0,118.19,118.0,118.19,16788,2020-11-24 19:45:00,RARE
118.12,118.51,118.11,118.51,1218,2020-11-24 19:50:00,RARE
118.465,118.68,118.33,118.4,900,2020-11-24 19:55:00,RARE
118.31,118.48,118.23,118.23,2540,2020-11-24 20:00:00,RARE
118.37,118.53,118.37,118.47,1800,2020-11-24 20:05:00,RARE
118.74,118.79,118.54,118.54,1700,2020-11-24 20:10:00,RARE
118.71,118.71,118.605,118.605,200,2020-11-24 20:15:00,RARE
118.69,118.85,118.55,118.76,3197,2020-11-24 20:20:00,RARE
118.725,118.86,118.63,118.75,800,2020-11-24 20:25:00,RARE
118.98,118.98,118.66,118.96,1600,2020-11-24 20:30:00,RARE
118.83,118.835,118.4,118.4,3104,2020-11-24 20:35:00,RARE
118.12,118.4,118.005,118.2,2900,2020-11-24 20:40:00,RARE
118.21,118.44,117.93,118.38,4613,2020-11-24 20:45:00,RARE
118.38,119.27,118.13,119.27,10512,2020-11-24 20:50:00,RARE
119.27,119.49,118.625,118.81,22869,2020-11-24 20:55:00,RARE
118.88,118.88,118.88,118.88,79043,2020-11-24 21:00:00,RARE
118.88,118.88,118.88,118.88,6639,2020-11-24 21:55:00,RARE
119.65,121.47,118.2597,120.0,10542,2020-11-25 14:30:00,RARE
120.105,121.48,120.1,120.83,3457,2020-11-25 14:35:00,RARE
121.37,121.46,120.35,121.37,2136,2020-11-25 14:40:00,RARE
121.46,122.63,121.19,122.63,5449,2020-11-25 14:45:00,RARE
122.22,122.35,121.38,121.75,2148,2020-11-25 14:50:00,RARE
122.11,124.0,121.985,124.0,8753,2020-11-25 14:55:00,RARE
123.3857,124.36,122.45,122.45,6936,2020-11-25 15:00:00,RARE
122.575,123.0399,121.75,122.035,3690,2020-11-25 15:05:00,RARE
121.86,121.945,121.29,121.51,3198,2020-11-25 15:10:00,RARE
121.88,121.88,121.29,121.63,4649,2020-11-25 15:15:00,RARE
121.45,122.72,121.34,122.67,3260,2020-11-25 15:20:00,RARE
122.5,123.06,122.42,122.42,1730,2020-11-25 15:25:00,RARE
121.84,122.21,121.75,121.75,2483,2020-11-25 15:30:00,RARE
121.645,121.645,121.22,121.39,1682,2020-11-25 15:35:00,RARE
121.13,122.5,121.07,122.32,5146,2020-11-25 15:40:00,RARE
122.13,122.5,121.18,121.29,9330,2020-11-25 15:45:00,RARE
121.22,121.58,121.22,121.55,1332,2020-11-25 15:50:00,RARE
121.2,121.39,121.05,121.05,600,2020-11-25 15:55:00,RARE
121.285,121.35,121.07,121.31,1615,2020-11-25 16:00:00,RARE
121.22,121.705,121.22,121.705,1487,2020-11-25 16:05:00,RARE
121.74,121.7589,121.28,121.6,1075,2020-11-25 16:10:00,RARE
121.43,121.46,120.73,120.73,8695,2020-11-25 16:15:00,RARE
120.6,120.6,119.6,119.6,1604,2020-11-25 16:20:00,RARE
119.41,119.65,119.15,119.19,3011,2020-11-25 16:25:00,RARE
119.03,119.19,119.01,119.01,1000,2020-11-25 16:30:00,RARE
118.67,119.005,118.48,118.9057,1356,2020-11-25 16:35:00,RARE
119.18,119.54,118.965,119.4,4430,2020-11-25 16:40:00,RARE
119.28,119.86,119.27,119.54,3717,2020-11-25 16:45:00,RARE
119.395,119.84,119.35,119.72,2100,2020-11-25 16:50:00,RARE
119.73,120.13,119.7,120.05,1899,2020-11-25 16:55:00,RARE
119.42,119.61,119.36,119.36,1100,2020-11-25 17:00:00,RARE
119.52,120.03,119.41,119.605,2474,2020-11-25 17:05:00,RARE
119.82,120.05,119.465,119.465,3774,2020-11-25 17:10:00,RARE
119.36,119.68,119.29,119.29,700,2020-11-25 17:15:00,RARE
119.32,119.43,119.29,119.36,4323,2020-11-25 17:20:00,RARE
119.23,119.23,119.18,119.18,300,2020-11-25 17:25:00,RARE
119.18,119.18,118.76,118.76,700,2020-11-25 17:30:00,RARE
118.705,118.81,118.705,118.81,653,2020-11-25 17:35:00,RARE
118.91,120.19,118.91,120.19,6652,2020-11-25 17:40:00,RARE
120.62,120.62,120.61,120.61,2594,2020-11-25 17:45:00,RARE
120.15,120.31,119.86,119.86,900,2020-11-25 17:50:00,RARE
119.54,119.66,119.54,119.66,600,2020-11-25 17:55:00,RARE
119.5725,119.79,119.42,119.79,300,2020-11-25 18:00:00,RARE
119.27,120.18,119.26,120.18,702,2020-11-25 18:05:00,RARE
119.89,119.96,119.8,119.96,1337,2020-11-25 18:10:00,RARE
120.02,120.27,120.0,120.27,650,2020-11-25 18:15:00,RARE
120.48,120.79,120.14,120.14,1400,2020-11-25 18:20:00,RARE
120.59,120.87,120.17,120.38,2500,2020-11-25 18:25:00,RARE
120.18,120.99,120.02,120.02,7243,2020-11-25 18:30:00,RARE
120.15,120.31,120.01,120.21,1100,2020-11-25 18:35:00,RARE
119.96,119.96,119.74,119.75,800,2020-11-25 18:40:00,RARE
119.8905,119.8905,119.56,119.56,273,2020-11-25 18:45:00,RARE
119.89,120.38,119.89,119.99,1457,2020-11-25 18:50:00,RARE
120.2,120.2,120.2,120.2,100,2020-11-25 18:55:00,RARE
119.85,120.19,119.85,120.08,2100,2020-11-25 19:00:00,RARE
120.06,120.4,120.06,120.4,700,2020-11-25 19:05:00,RARE
119.59,120.36,119.59,120.135,2616,2020-11-25 19:10:00,RARE
120.31,121.11,120.31,121.11,2000,2020-11-25 19:15:00,RARE
120.555,121.05,120.26,120.8,2405,2020-11-25 19:20:00,RARE
120.77,121.12,120.545,120.745,6819,2020-11-25 19:25:00,RARE
120.25,120.85,120.25,120.459,1653,2020-11-25 19:35:00,RARE
120.31,120.4621,120.31,120.35,1100,2020-11-25 19:40:00,RARE
120.2,120.52,120.2,120.5,400,2020-11-25 19:45:00,RARE
120.5348,120.655,120.16,120.29,11076,2020-11-25 19:50:00,RARE
120.25,120.28,119.61,119.9,3985,2020-11-25 19:55:00,RARE
120.12,120.12,119.885,120.035,900,2020-11-25 20:00:00,RARE
119.89,119.94,119.68,119.78,2199,2020-11-25 20:05:00,RARE
119.84,119.93,119.62,119.62,750,2020-11-25 20:10:00,RARE
119.55,119.55,119.1,119.27,2783,2020-11-25 20:15:00,RARE
119.28,119.56,119.045,119.56,1500,2020-11-25 20:20:00,RARE
119.21,119.21,119.18,119.18,300,2020-11-25 20:25:00,RARE
119.28,119.79,119.15,119.79,3210,2020-11-25 20:30:00,RARE
119.875,120.0,119.5,119.64,7744,2020-11-25 20:35:00,RARE
119.55,119.59,119.22,119.34,4530,2020-11-25 20:40:00,RARE
119.4044,119.58,119.4044,119.42,1783,2020-11-25 20:45:00,RARE
119.48,119.95,119.35,119.87,11030,2020-11-25 20:50:00,RARE
119.91,119.95,119.48,119.83,18144,2020-11-25 20:55:00,RARE
119.83,119.83,119.83,119.83,38674,2020-11-25 21:00:00,RARE
120.5,121.56,120.5,121.56,1972,2020-11-27 14:30:00,RARE
120.06,120.985,120.06,120.22,705,2020-11-27 14:35:00,RARE
120.59,120.605,120.59,120.605,200,2020-11-27 14:40:00,RARE
121.0,121.77,120.8,120.8,1843,2020-11-27 14:45:00,RARE
121.285,121.285,121.215,121.215,200,2020-11-27 14:50:00,RARE
121.66,122.6,121.16,122.6,920,2020-11-27 14:55:00,RARE
122.26,122.595,122.21,122.595,300,2020-11-27 15:00:00,RARE
122.74,123.07,122.0,122.145,2193,2020-11-27 15:05:00,RARE
122.11,122.4,121.55,122.09,2208,2020-11-27 15:10:00,RARE
122.25,122.6,122.25,122.6,400,2020-11-27 15:15:00,RARE
122.71,122.71,122.59,122.59,300,2020-11-27 15:20:00,RARE
122.5,122.7,122.35,122.7,700,2020-11-27 15:30:00,RARE
122.65,122.66,122.56,122.58,400,2020-11-27 15:35:00,RARE
122.42,122.67,121.15,121.15,1100,2020-11-27 15:40:00,RARE
121.355,121.355,120.51,120.92,1108,2020-11-27 15:45:00,RARE
120.855,121.28,120.53,121.085,3872,2020-11-27 15:50:00,RARE
121.11,122.04,121.11,121.21,3398,2020-11-27 15:55:00,RARE
121.16,121.62,121.16,121.55,1299,2020-11-27 16:00:00,RARE
121.64,122.14,121.64,122.14,200,2020-11-27 16:05:00,RARE
122.01,122.01,121.675,121.915,1700,2020-11-27 16:10:00,RARE
121.89,121.9,121.43,121.55,2192,2020-11-27 16:15:00,RARE
121.2,121.475,121.155,121.315,1300,2020-11-27 16:20:00,RARE
121.53,121.55,121.24,121.31,1908,2020-11-27 16:25:00,RARE
121.05,121.6675,121.05,121.6675,500,2020-11-27 16:30:00,RARE
121.33,121.6,121.24,121.6,800,2020-11-27 16:35:00,RARE
121.42,121.42,121.42,121.42,100,2020-11-27 16:40:00,RARE
120.995,121.12,120.995,121.115,1000,2020-11-27 16:45:00,RARE
121.075,121.92,121.075,121.87,8994,2020-11-27 16:50:00,RARE
122.03,122.17,121.855,121.9,3261,2020-11-27 16:55:00,RARE
121.92,122.13,121.75,121.75,1700,2020-11-27 17:00:00,RARE
121.74,121.79,121.52,121.52,3300,2020-11-27 17:05:00,RARE
121.5,121.82,121.43,121.82,2775,2020-11-27 17:10:00,RARE
121.87,122.1,121.87,121.9,1200,2020-11-27 17:15:00,RARE
121.97,121.97,121.62,121.67,1116,2020-11-27 17:20:00,RARE
121.76,121.97,121.69,121.84,1446,2020-11-27 17:25:00,RARE
121.61,121.81,121.61,121.81,800,2020-11-27 17:30:00,RARE
121.815,121.815,121.42,121.46,15570,2020-11-27 17:35:00,RARE
121.48,121.48,121.12,121.34,1146,2020-11-27 17:40:00,RARE
121.49,121.71,121.47,121.71,400,2020-11-27 17:45:00,RARE
121.75,122.5,121.71,122.45,3270,2020-11-27 17:50:00,RARE
122.56,122.76,122.15,122.37,12842,2020-11-27 17:55:00,RARE
122.42,122.42,122.42,122.42,35441,2020-11-27 18:00:00,RARE
122.42,122.42,122.42,122.42,825,2020-11-27 18:10:00,RARE
122.42,122.42,122.42,122.42,312,2020-11-27 21:35:00,RARE
122.56,124.13,122.56,123.21,9133,2020-11-30 14:30:00,RARE
124.02,124.02,122.66,122.66,2372,2020-11-30 14:35:00,RARE
122.75,123.57,121.825,121.825,5946,2020-11-30 14:40:00,RARE
121.8,123.02,120.15,120.88,2400,2020-11-30 14:45:00,RARE
120.935,120.935,120.02,120.648,1200,2020-11-30 14:50:00,RARE
120.02,120.79,119.42,120.335,5300,2020-11-30 14:55:00,RARE
119.9342,121.44,119.31,120.945,2384,2020-11-30 15:00:00,RARE
121.14,121.76,120.8201,121.26,1150,2020-11-30 15:05:00,RARE
120.89,120.89,120.16,120.16,1221,2020-11-30 15:10:00,RARE
120.085,120.085,119.365,119.78,800,2020-11-30 15:15:00,RARE
119.65,119.65,119.2,119.2,400,2020-11-30 15:20:00,RARE
119.35,119.81,119.33,119.81,1618,2020-11-30 15:25:00,RARE
119.96,119.96,119.19,119.19,200,2020-11-30 15:30:00,RARE
119.29,119.29,119.11,119.11,400,2020-11-30 15:35:00,RARE
119.05,119.05,118.455,118.55,2563,2020-11-30 15:40:00,RARE
118.34,118.87,118.19,118.19,1299,2020-11-30 15:45:00,RARE
118.11,118.44,117.7898,118.195,1500,2020-11-30 15:50:00,RARE
118.02,118.02,117.55,117.72,1706,2020-11-30 15:55:00,RARE
117.58,118.26,117.52,118.12,2800,2020-11-30 16:00:00,RARE
118.43,118.81,118.42,118.81,700,2020-11-30 16:05:00,RARE
119.03,119.76,118.84,119.76,2001,2020-11-30 16:10:00,RARE
119.4,119.7,119.21,119.28,1209,2020-11-30 16:15:00,RARE
119.16,119.33,119.03,119.09,929,2020-11-30 16:20:00,RARE
119.35,119.47,119.32,119.41,1301,2020-11-30 16:25:00,RARE
119.28,119.395,118.99,118.99,500,2020-11-30 16:30:00,RARE
118.79,119.1999,118.66,118.7644,1748,2020-11-30 16:35:00,RARE
118.99,119.32,118.83,119.14,1561,2020-11-30 16:40:00,RARE
118.98,119.115,118.11,118.11,900,2020-11-30 16:45:00,RARE
118.0,118.5,118.0,118.5,925,2020-11-30 16:50:00,RARE
118.72,118.72,117.88,117.88,800,2020-11-30 16:55:00,RARE
117.895,118.405,117.895,118.405,1000,2020-11-30 17:00:00,RARE
118.76,118.77,118.76,118.77,400,2020-11-30 17:05:00,RARE
118.31,118.74,118.3,118.59,1740,2020-11-30 17:10:00,RARE
118.72,118.82,118.5,118.5,1734,2020-11-30 17:15:00,RARE
118.43,118.43,118.35,118.35,500,2020-11-30 17:20:00,RARE
118.32,118.65,118.32,118.65,1800,2020-11-30 17:25:00,RARE
118.42,118.42,118.2,118.2,1136,2020-11-30 17:30:00,RARE
118.19,118.19,117.96,117.96,400,2020-11-30 17:35:00,RARE
117.865,117.865,117.865,117.865,799,2020-11-30 17:40:00,RARE
117.755,118.22,117.62,118.22,3028,2020-11-30 17:45:00,RARE
118.46,118.625,118.46,118.625,2019,2020-11-30 17:50:00,RARE
118.34,118.47,117.99,117.99,1347,2020-11-30 17:55:00,RARE
117.94,118.56,117.78,118.56,3136,2020-11-30 18:00:00,RARE
118.27,118.55,118.26,118.26,700,2020-11-30 18:05:00,RARE
118.39,118.685,118.3,118.61,2221,2020-11-30 18:10:00,RARE
118.575,118.67,118.315,118.505,1693,2020-11-30 18:15:00,RARE
118.585,118.97,118.585,118.97,1600,2020-11-30 18:20:00,RARE
118.815,118.96,118.6,118.6,3518,2020-11-30 18:25:00,RARE
118.54,118.75,118.54,118.6,1200,2020-11-30 18:30:00,RARE
118.43,118.77,118.05,118.76,2120,2020-11-30 18:35:00,RARE
118.54,118.6,118.42,118.42,920,2020-11-30 18:40:00,RARE
118.47,118.63,118.47,118.54,1469,2020-11-30 18:45:00,RARE
118.605,118.605,118.22,118.22,620,2020-11-30 18:50:00,RARE
118.16,118.25,118.15,118.25,1300,2020-11-30 18:55:00,RARE
118.3,118.35,118.2,118.35,700,2020-11-30 19:00:00,RARE
118.43,118.58,118.305,118.475,1957,2020-11-30 19:05:00,RARE
118.485,118.485,118.04,118.04,950,2020-11-30 19:10:00,RARE
118.02,118.115,117.99,118.115,300,2020-11-30 19:15:00,RARE
118.0,118.62,118.0,118.62,2634,2020-11-30 19:20:00,RARE
118.37,118.535,118.325,118.44,1800,2020-11-30 19:25:00,RARE
118.42,118.5,118.23,118.5,1000,2020-11-30 19:30:00,RARE
118.48,118.48,118.23,118.47,400,2020-11-30 19:35:00,RARE
118.48,118.5,118.355,118.5,1000,2020-11-30 19:40:00,RARE
118.455,118.5,118.4,118.4,12891,2020-11-30 19:45:00,RARE
118.33,118.33,117.83,117.95,1100,2020-11-30 19:50:00,RARE
118.105,118.49,118.105,118.325,800,2020-11-30 19:55:00,RARE
118.34,118.5,118.21,118.48,1695,2020-11-30 20:00:00,RARE
118.5,118.5,118.33,118.385,7628,2020-11-30 20:05:00,RARE
118.35,118.5,118.27,118.5,2846,2020-11-30 20:10:00,RARE
118.5,118.57,118.31,118.5,9100,2020-11-30 20:15:00,RARE
118.41,118.41,118.22,118.29,1200,2020-11-30 20:20:00,RARE
118.32,118.47,118.32,118.47,1500,2020-11-30 20:25:00,RARE
118.355,118.5,118.355,118.49,8214,2020-11-30 20:30:00,RARE
118.5,118.5,118.24,118.41,3741,2020-11-30 20:35:00,RARE
118.35,118.5,118.35,118.5,3418,2020-11-30 20:40:00,RARE
118.4873,118.5,118.42,118.44,9289,2020-11-30 20:45:00,RARE
118.49,119.6,117.74,118.48,56300,2020-11-30 20:50:00,RARE
118.16,119.17,118.16,118.81,27628,2020-11-30 20:55:00,RARE
118.54,118.54,118.54,118.54,160978,2020-11-30 21:00:00,RARE
118.54,118.54,118.54,118.54,1985,2020-11-30 22:25:00,RARE
120.2,120.22,116.3,120.22,5040,2020-12-01 14:30:00,RARE
117.5822,118.88,117.5822,118.88,5659,2020-12-01 14:35:00,RARE
119.05,119.49,118.3,118.3,525,2020-12-01 14:40:00,RARE
119.18,120.17,118.465,119.895,16000,2020-12-01 14:45:00,RARE
119.78,120.27,118.63,119.76,3106,2020-12-01 14:50:00,RARE
119.896,120.48,119.76,120.48,300,2020-12-01 14:55:00,RARE
119.76,120.3,119.76,120.3,586,2020-12-01 15:00:00,RARE
120.87,120.87,119.76,120.26,17071,2020-12-01 15:05:00,RARE
119.9,120.105,118.4,118.7152,13069,2020-12-01 15:10:00,RARE
119.18,119.86,118.43,118.935,8642,2020-12-01 15:15:00,RARE
118.935,119.57,118.62,119.25,5620,2020-12-01 15:20:00,RARE
119.06,119.75,118.99,119.29,7379,2020-12-01 15:25:00,RARE
119.38,120.03,119.24,119.24,2277,2020-12-01 15:30:00,RARE
118.91,119.14,117.21,117.21,2800,2020-12-01 15:35:00,RARE
117.505,117.505,117.21,117.21,203,2020-12-01 15:40:00,RARE
118.05,118.11,117.16,117.16,1107,2020-12-01 15:45:00,RARE
117.4283,117.92,117.4283,117.92,753,2020-12-01 15:50:00,RARE
117.88,118.02,117.6362,118.02,904,2020-12-01 15:55:00,RARE
117.96,118.646,117.83,118.07,2592,2020-12-01 16:00:00,RARE
118.4,119.04,118.0701,119.0,800,2020-12-01 16:05:00,RARE
118.52,119.065,118.48,118.63,900,2020-12-01 16:10:00,RARE
118.91,118.91,118.81,118.89,700,2020-12-01 16:15:00,RARE
118.89,118.89,118.89,118.89,119,2020-12-01 16:20:00,RARE
118.88,118.88,118.38,118.38,302,2020-12-01 16:25:00,RARE
118.8,118.8,118.26,118.26,600,2020-12-01 16:30:00,RARE
118.16,118.17,118.01,118.17,600,2020-12-01 16:35:00,RARE
118.365,118.365,118.365,118.365,100,2020-12-01 16:40:00,RARE
118.2896,118.2896,118.01,118.17,2771,2020-12-01 16:45:00,RARE
118.04,118.57,118.0058,118.265,400,2020-12-01 16:50:00,RARE
117.82,118.4,117.54,117.66,2400,2020-12-01 16:55:00,RARE
118.27,118.355,118.18,118.27,700,2020-12-01 17:00:00,RARE
118.52,118.62,118.52,118.62,200,2020-12-01 17:05:00,RARE
118.575,118.77,118.5,118.77,600,2020-12-01 17:10:00,RARE
118.56,118.68,118.56,118.68,200,2020-12-01 17:15:00,RARE
118.585,119.31,118.585,119.31,2300,2020-12-01 17:20:00,RARE
119.51,119.64,119.435,119.54,1200,2020-12-01 17:25:00,RARE
119.845,119.91,119.45,119.76,3105,2020-12-01 17:30:00,RARE
119.69,120.07,119.46,119.46,6070,2020-12-01 17:35:00,RARE
119.09,119.19,119.09,119.19,538,2020-12-01 17:40:00,RARE
118.82,119.07,118.82,118.91,900,2020-12-01 17:45:00,RARE
118.97,119.01,118.76,118.76,700,2020-12-01 17:50:00,RARE
118.5,118.5,118.5,118.5,100,2020-12-01 17:55:00,RARE
118.55,119.06,118.465,118.5,1636,2020-12-01 18:00:00,RARE
118.5,118.72,118.25,118.67,4890,2020-12-01 18:05:00,RARE
118.67,119.13,118.42,119.13,1000,2020-12-01 18:10:00,RARE
119.0,119.24,118.91,119.065,4100,2020-12-01 18:15:00,RARE
119.04,119.12,118.895,118.95,2501,2020-12-01 18:20:00,RARE
119.0,119.24,118.99,119.0775,2300,2020-12-01 18:25:00,RARE
119.075,119.15,118.92,118.92,2200,2020-12-01 18:30:00,RARE
118.52,118.625,118.45,118.625,800,2020-12-01 18:35:00,RARE
118.665,118.77,118.665,118.77,400,2020-12-01 18:40:00,RARE
118.97,119.16,118.97,119.03,400,2020-12-01 18:45:00,RARE
118.92,119.1,118.92,119.1,500,2020-12-01 18:50:00,RARE
118.81,118.98,118.81,118.98,300,2020-12-01 18:55:00,RARE
118.95,119.05,118.9,119.0,1463,2020-12-01 19:00:00,RARE
119.1,119.1,118.79,118.79,1029,2020-12-01 19:05:00,RARE
118.79,119.05,118.79,119.05,700,2020-12-01 19:10:00,RARE
119.025,119.17,118.87,119.005,2886,2020-12-01 19:15:00,RARE
118.95,119.06,118.83,118.83,1080,2020-12-01 19:20:00,RARE
118.64,118.9,118.64,118.9,600,2020-12-01 19:25:00,RARE
118.76,118.775,118.6,118.6,500,2020-12-01 19:30:00,RARE
118.59,118.7,118.49,118.49,360,2020-12-01 19:35:00,RARE
118.82,118.92,118.755,118.92,500,2020-12-01 19:40:00,RARE
119.01,119.01,118.82,118.82,300,2020-12-01 19:45:00,RARE
118.75,119.03,118.59,119.03,1153,2020-12-01 19:50:00,RARE
118.825,119.0,118.73,118.73,500,2020-12-01 19:55:00,RARE
118.77,119.11,118.64,118.64,736,2020-12-01 20:00:00,RARE
118.54,118.65,118.27,118.4,600,2020-12-01 20:05:00,RARE
118.675,118.675,118.4,118.4,500,2020-12-01 20:10:00,RARE
118.41,118.425,118.26,118.285,900,2020-12-01 20:15:00,RARE
118.28,118.28,118.19,118.19,200,2020-12-01 20:20:00,RARE
118.33,118.44,118.33,118.43,1836,2020-12-01 20:25:00,RARE
118.445,118.445,118.095,118.095,800,2020-12-01 20:30:00,RARE
118.21,118.21,117.75,117.85,1902,2020-12-01 20:35:00,RARE
117.835,117.835,117.52,117.72,1800,2020-12-01 20:40:00,RARE
117.85,118.16,117.67,117.92,1600,2020-12-01 20:45:00,RARE
117.78,118.135,117.58,117.98,3506,2020-12-01 20:50:00,RARE
117.62,117.82,117.25,117.39,16962,2020-12-01 20:55:00,RARE
117.38,117.38,117.38,117.38,44204,2020-12-01 21:00:00,RARE
116.91,116.91,116.15,116.15,1950,2020-12-02 14:30:00,RARE
116.68,117.555,116.68,117.3,500,2020-12-02 14:35:00,RARE
117.33,117.755,116.58,116.58,400,2020-12-02 14:40:00,RARE
117.565,117.565,116.01,116.01,350,2020-12-02 14:45:00,RARE
115.98,116.05,115.585,115.585,400,2020-12-02 14:50:00,RARE
115.15,116.83,115.15,116.83,600,2020-12-02 14:55:00,RARE
116.19,117.3,116.19,116.905,1300,2020-12-02 15:00:00,RARE
116.825,116.92,116.61,116.92,300,2020-12-02 15:10:00,RARE
117.06,117.38,117.005,117.27,1909,2020-12-02 15:20:00,RARE
117.16,117.16,116.97,116.97,700,2020-12-02 15:25:00,RARE
116.76,116.95,116.61,116.93,900,2020-12-02 15:30:00,RARE
117.2736,117.2736,117.2736,117.2736,100,2020-12-02 15:35:00,RARE
117.64,117.79,117.37,117.37,900,2020-12-02 15:40:00,RARE
117.32,117.365,117.265,117.265,300,2020-12-02 15:45:00,RARE
117.03,117.29,117.03,117.29,846,2020-12-02 15:50:00,RARE
117.41,117.41,117.25,117.25,400,2020-12-02 15:55:00,RARE
117.41,118.0,117.41,117.9,2298,2020-12-02 16:00:00,RARE
118.09,118.09,118.06,118.06,800,2020-12-02 16:05:00,RARE
117.81,117.81,117.445,117.61,600,2020-12-02 16:15:00,RARE
117.61,117.63,117.4,117.4,704,2020-12-02 16:20:00,RARE
117.4,117.4,117.4,117.4,100,2020-12-02 16:25:00,RARE
117.37,117.4,116.97,116.97,500,2020-12-02 16:30:00,RARE
116.99,116.99,116.66,116.83,2079,2020-12-02 16:40:00,RARE
116.54,116.65,116.54,116.65,300,2020-12-02 16:45:00,RARE
116.82,116.82,116.82,116.82,100,2020-12-02 16:50:00,RARE
116.87,116.87,116.87,116.87,100,2020-12-02 16:55:00,RARE
117.16,117.19,117.115,117.115,300,2020-12-02 17:00:00,RARE
117.53,117.57,117.53,117.57,200,2020-12-02 17:10:00,RARE
117.31,117.68,117.31,117.68,300,2020-12-02 17:20:00,RARE
117.81,118.06,117.81,118.06,300,2020-12-02 17:25:00,RARE
118.16,118.16,117.81,117.98,700,2020-12-02 17:30:00,RARE
117.78,118.19,117.78,118.19,400,2020-12-02 17:35:00,RARE
117.7318,117.7318,117.7318,117.7318,300,2020-12-02 17:40:00,RARE
117.71,117.71,117.71,117.71,100,2020-12-02 17:45:00,RARE
117.8053,117.91,117.8053,117.91,402,2020-12-02 17:50:00,RARE
117.87,117.91,117.87,117.91,200,2020-12-02 17:55:00,RARE
117.92,117.92,117.73,117.73,300,2020-12-02 18:00:00,RARE
117.775,117.79,117.66,117.66,400,2020-12-02 18:05:00,RARE
117.79,117.82,117.79,117.8,455,2020-12-02 18:10:00,RARE
117.76,117.76,117.755,117.755,200,2020-12-02 18:15:00,RARE
117.62,117.87,117.55,117.755,7832,2020-12-02 18:20:00,RARE
117.82,117.89,117.64,117.88,5750,2020-12-02 18:25:00,RARE
117.88,118.37,117.66,118.265,800,2020-12-02 18:30:00,RARE
118.46,118.71,118.45,118.7,1200,2020-12-02 18:35:00,RARE
118.69,119.13,118.55,118.55,1604,2020-12-02 18:40:00,RARE
118.87,118.87,118.465,118.52,1105,2020-12-02 18:45:00,RARE
118.555,118.6,118.425,118.425,900,2020-12-02 18:50:00,RARE
118.365,118.4,118.3,118.3,883,2020-12-02 18:55:00,RARE
118.22,118.22,118.0,118.035,3600,2020-12-02 19:00:00,RARE
118.085,118.24,117.6236,117.685,2423,2020-12-02 19:05:00,RARE
117.76,118.215,117.76,118.05,3233,2020-12-02 19:10:00,RARE
118.15,118.42,118.07,118.33,3518,2020-12-02 19:15:00,RARE
118.38,118.61,118.11,118.2,3348,2020-12-02 19:20:00,RARE
118.52,118.52,118.4,118.4,1404,2020-12-02 19:25:00,RARE
118.48,118.67,118.41,118.42,3072,2020-12-02 19:30:00,RARE
118.55,118.55,118.095,118.36,4015,2020-12-02 19:35:00,RARE
118.43,118.43,118.07,118.16,3900,2020-12-02 19:40:00,RARE
118.07,118.07,117.89,117.89,200,2020-12-02 19:45:00,RARE
117.9,117.9,117.49,117.7,2001,2020-12-02 19:50:00,RARE
117.81,117.81,117.63,117.76,600,2020-12-02 19:55:00,RARE
117.82,117.82,117.805,117.805,200,2020-12-02 20:00:00,RARE
117.83,118.07,117.7545,118.07,977,2020-12-02 20:05:00,RARE
118.37,118.37,117.93,117.99,1300,2020-12-02 20:10:00,RARE
118.1,118.14,117.74,117.74,500,2020-12-02 20:15:00,RARE
117.84,117.86,117.6,117.71,800,2020-12-02 20:20:00,RARE
117.63,117.63,117.53,117.63,700,2020-12-02 20:25:00,RARE
117.63,117.75,117.6,117.75,667,2020-12-02 20:30:00,RARE
117.74,117.74,117.585,117.6,1797,2020-12-02 20:35:00,RARE
117.55,118.16,117.535,118.16,1400,2020-12-02 20:40:00,RARE
118.27,118.48,118.16,118.26,800,2020-12-02 20:45:00,RARE
118.3,118.3,117.845,117.85,4320,2020-12-02 20:50:00,RARE
117.95,118.01,117.55,117.71,15636,2020-12-02 20:55:00,RARE
117.98,117.98,117.98,117.98,71489,2020-12-02 21:00:00,RARE
117.98,117.98,117.98,117.98,12200,2020-12-02 22:20:00,RARE
117.95,119.62,117.95,119.62,1679,2020-12-03 14:30:00,RARE
118.52,118.52,118.52,118.52,100,2020-12-03 14:35:00,RARE
119.08,119.08,118.225,118.225,600,2020-12-03 14:40:00,RARE
119.05,119.05,118.59,118.59,500,2020-12-03 14:45:00,RARE
118.59,119.35,118.59,119.35,300,2020-12-03 14:50:00,RARE
118.44,120.29,118.44,120.29,14956,2020-12-03 14:55:00,RARE
120.35,120.55,119.92,120.5,4417,2020-12-03 15:00:00,RARE
120.1433,120.65,120.1433,120.65,400,2020-12-03 15:05:00,RARE
120.65,121.49,120.65,121.45,2000,2020-12-03 15:10:00,RARE
121.5,122.23,120.565,120.565,6719,2020-12-03 15:15:00,RARE
120.89,121.38,120.66,121.0,16800,2020-12-03 15:20:00,RARE
120.695,121.34,120.58,121.34,4900,2020-12-03 15:25:00,RARE
121.62,121.86,121.47,121.71,1600,2020-12-03 15:30:00,RARE
121.45,121.65,120.85,121.285,6412,2020-12-03 15:35:00,RARE
121.195,121.41,121.195,121.41,200,2020-12-03 15:40:00,RARE
121.0,121.35,120.885,121.35,800,2020-12-03 15:45:00,RARE
121.33,121.52,121.23,121.455,1371,2020-12-03 15:50:00,RARE
121.5,121.5695,121.23,121.4605,3656,2020-12-03 15:55:00,RARE
121.615,121.615,121.615,121.615,100,2020-12-03 16:00:00,RARE
121.72,121.76,121.345,121.345,1453,2020-12-03 16:05:00,RARE
121.14,121.68,121.07,121.25,2119,2020-12-03 16:10:00,RARE
121.62,121.975,121.39,121.51,5100,2020-12-03 16:15:00,RARE
121.54,121.97,121.54,121.77,1600,2020-12-03 16:20:00,RARE
121.77,121.8,121.43,121.62,2929,2020-12-03 16:25:00,RARE
121.48,121.95,121.3283,121.95,1700,2020-12-03 16:30:00,RARE
121.67,121.92,121.67,121.74,800,2020-12-03 16:35:00,RARE
121.69,121.81,121.38,121.475,680,2020-12-03 16:40:00,RARE
121.15,121.46,121.02,121.46,1200,2020-12-03 16:45:00,RARE
121.0,121.4,121.0,121.4,685,2020-12-03 16:50:00,RARE
121.49,121.68,121.425,121.66,2006,2020-12-03 16:55:00,RARE
121.73,121.84,121.65,121.84,837,2020-12-03 17:00:00,RARE
121.4663,121.555,121.2,121.5,3393,2020-12-03 17:05:00,RARE
121.885,122.025,121.865,122.025,1000,2020-12-03 17:10:00,RARE
122.03,122.2599,121.9715,121.9715,800,2020-12-03 17:15:00,RARE
122.0,122.48,122.0,122.48,1000,2020-12-03 17:20:00,RARE
122.48,122.48,122.35,122.35,583,2020-12-03 17:25:00,RARE
122.48,122.48,122.245,122.47,9531,2020-12-03 17:30:00,RARE
122.47,122.47,121.95,122.22,9628,2020-12-03 17:35:00,RARE
122.16,122.28,122.16,122.28,600,2020-12-03 17:40:00,RARE
122.22,122.22,122.22,122.22,100,2020-12-03 17:45:00,RARE
122.38,122.38,122.13,122.15,500,2020-12-03 17:50:00,RARE
122.12,122.4,122.11,122.4,824,2020-12-03 17:55:00,RARE
122.28,122.28,122.185,122.185,200,2020-12-03 18:05:00,RARE
122.02,122.02,121.77,121.97,1439,2020-12-03 18:10:00,RARE
122.32,122.32,122.32,122.32,200,2020-12-03 18:15:00,RARE
122.37,122.38,122.37,122.38,300,2020-12-03 18:20:00,RARE
122.48,122.6,122.415,122.6,3153,2020-12-03 18:25:00,RARE
122.37,122.37,121.95,122.1,2989,2020-12-03 18:30:00,RARE
122.0,122.37,121.81,122.0001,10113,2020-12-03 18:35:00,RARE
122.15,122.15,121.95,122.15,2546,2020-12-03 18:40:00,RARE
122.0,122.18,122.0,122.18,200,2020-12-03 18:45:00,RARE
122.27,122.57,122.27,122.4204,1205,2020-12-03 18:50:00,RARE
122.295,122.46,122.0,122.46,1698,2020-12-03 18:55:00,RARE
122.51,122.51,122.25,122.25,445,2020-12-03 19:00:00,RARE
122.48,122.66,122.48,122.66,900,2020-12-03 19:05:00,RARE
122.5,122.77,122.5,122.76,28600,2020-12-03 19:10:00,RARE
122.49,122.49,122.105,122.41,4100,2020-12-03 19:15:00,RARE
122.445,122.59,122.425,122.55,3400,2020-12-03 19:20:00,RARE
122.47,122.62,122.27,122.51,2500,2020-12-03 19:25:00,RARE
122.67,122.78,122.67,122.78,200,2020-12-03 19:30:00,RARE
122.85,123.1,122.85,123.1,1279,2020-12-03 19:35:00,RARE
123.05,123.05,123.01,123.01,200,2020-12-03 19:40:00,RARE
122.86,123.16,122.82,123.16,1013,2020-12-03 19:45:00,RARE
123.04,123.08,122.91,123.08,800,2020-12-03 19:50:00,RARE
123.045,123.045,122.9,123.0049,543,2020-12-03 20:00:00,RARE
122.9,123.18,122.87,123.06,3970,2020-12-03 20:05:00,RARE
123.02,123.23,122.95,123.1,3800,2020-12-03 20:10:00,RARE
123.06,123.13,122.96,123.11,1488,2020-12-03 20:15:00,RARE
123.24,123.24,123.24,123.24,1299,2020-12-03 20:20:00,RARE
123.24,123.25,122.99,122.99,1513,2020-12-03 20:25:00,RARE
123.09,123.48,123.09,123.46,1483,2020-12-03 20:30:00,RARE
123.63,123.66,123.52,123.65,2081,2020-12-03 20:35:00,RARE
123.712,123.712,122.675,123.12,3730,2020-12-03 20:40:00,RARE
123.23,123.78,123.145,123.685,7160,2020-12-03 20:45:00,RARE
123.78,124.26,123.36,123.465,8551,2020-12-03 20:50:00,RARE
123.62,124.55,123.39,123.84,76057,2020-12-03 20:55:00,RARE
124.14,124.14,124.14,124.14,26172,2020-12-03 21:00:00,RARE
124.54,126.89,124.165,126.04,14416,2020-12-04 14:30:00,RARE
126.03,126.03,124.6,125.54,1300,2020-12-04 14:35:00,RARE
126.0,126.0,124.42,126.0,1170,2020-12-04 14:40:00,RARE
125.9771,127.33,125.9771,127.33,7328,2020-12-04 14:45:00,RARE
127.62,128.31,127.04,128.23,8310,2020-12-04 14:50:00,RARE
128.03,128.03,127.86,127.86,400,2020-12-04 14:55:00,RARE
127.47,128.02,126.51,126.92,2800,2020-12-04 15:00:00,RARE
126.915,126.915,126.2,126.2657,1700,2020-12-04 15:05:00,RARE
126.375,127.33,126.0,127.26,3100,2020-12-04 15:10:00,RARE
126.88,127.48,126.88,127.48,700,2020-12-04 15:15:00,RARE
127.96,127.96,127.49,127.92,300,2020-12-04 15:20:00,RARE
127.5,128.02,127.48,128.02,804,2020-12-04 15:25:00,RARE
127.485,128.88,127.485,128.88,5315,2020-12-04 15:30:00,RARE
128.6,129.0706,128.6,128.85,2481,2020-12-04 15:35:00,RARE
128.73,128.8,128.54,128.7694,1826,2020-12-04 15:40:00,RARE
128.71,129.2,128.69,129.2,3640,2020-12-04 15:45:00,RARE
128.83,129.115,128.55,128.55,1650,2020-12-04 15:50:00,RARE
128.62,128.62,128.42,128.61,811,2020-12-04 15:55:00,RARE
128.866,129.07,128.51,128.51,1264,2020-12-04 16:00:00,RARE
128.44,128.5,128.43,128.5,300,2020-12-04 16:05:00,RARE
128.62,128.97,128.15,128.97,2259,2020-12-04 16:10:00,RARE
129.29,129.48,129.0,129.36,1600,2020-12-04 16:15:00,RARE
129.1,129.48,128.83,129.145,4799,2020-12-04 16:20:00,RARE
129.48,129.48,129.335,129.335,704,2020-12-04 16:25:00,RARE
129.395,129.91,128.83,129.62,2460,2020-12-04 16:30:00,RARE
129.6,129.9,129.23,129.475,3590,2020-12-04 16:35:00,RARE
129.54,129.83,129.4431,129.78,518,2020-12-04 16:40:00,RARE
129.5771,129.82,129.3,129.65,700,2020-12-04 16:45:00,RARE
129.73,129.9,129.6,129.685,2900,2020-12-04 16:50:00,RARE
129.87,129.9,129.5,129.57,2746,2020-12-04 16:55:00,RARE
129.56,129.83,129.28,129.48,700,2020-12-04 17:00:00,RARE
129.69,129.79,128.715,128.715,1906,2020-12-04 17:05:00,RARE
128.51,129.36,128.4,129.21,3443,2020-12-04 17:10:00,RARE
129.17,129.38,129.09,129.2,900,2020-12-04 17:15:00,RARE
129.02,129.05,128.46,128.69,7085,2020-12-04 17:20:00,RARE
128.78,128.78,128.4,128.4,700,2020-12-04 17:25:00,RARE
128.76,128.98,128.76,128.76,1120,2020-12-04 17:30:00,RARE
128.62,128.92,128.62,128.84,1100,2020-12-04 17:35:00,RARE
128.88,129.0,128.74,128.87,1200,2020-12-04 17:40:00,RARE
129.04,129.29,128.88,128.99,2300,2020-12-04 17:45:00,RARE
129.0,129.02,128.74,128.99,1275,2020-12-04 17:50:00,RARE
128.91,128.95,128.83,128.89,1097,2020-12-04 17:55:00,RARE
128.9,129.14,128.88,129.03,1101,2020-12-04 18:00:00,RARE
129.1099,129.11,128.7,128.74,800,2020-12-04 18:05:00,RARE
128.69,128.92,128.34,128.34,1531,2020-12-04 18:10:00,RARE
128.505,128.62,128.505,128.53,700,2020-12-04 18:15:00,RARE
128.51,128.74,128.51,128.575,1200,2020-12-04 18:20:00,RARE
128.68,128.82,128.68,128.76,950,2020-12-04 18:25:00,RARE
128.75,129.0,128.71,129.0,700,2020-12-04 18:30:00,RARE
129.105,129.215,128.88,128.88,1441,2020-12-04 18:35:00,RARE
128.73,128.73,128.39,128.68,700,2020-12-04 18:40:00,RARE
128.72,129.0,128.535,129.0,1100,2020-12-04 18:45:00,RARE
128.575,128.575,128.02,128.07,2374,2020-12-04 18:50:00,RARE
128.065,128.38,128.01,128.34,2091,2020-12-04 18:55:00,RARE
128.64,129.03,128.4981,128.87,1477,2020-12-04 19:00:00,RARE
129.15,129.15,128.92,129.015,2111,2020-12-04 19:05:00,RARE
128.81,128.81,128.43,128.56,1500,2020-12-04 19:10:00,RARE
128.33,128.38,128.3,128.33,1962,2020-12-04 19:15:00,RARE
128.33,128.61,128.31,128.31,500,2020-12-04 19:20:00,RARE
128.32,128.76,128.22,128.76,3681,2020-12-04 19:25:00,RARE
128.685,128.985,128.68,128.72,1504,2020-12-04 19:30:00,RARE
128.875,128.9425,128.825,128.825,711,2020-12-04 19:35:00,RARE
129.035,129.17,129.025,129.15,1016,2020-12-04 19:40:00,RARE
129.115,129.47,129.115,129.47,800,2020-12-04 19:45:00,RARE
129.18,129.2206,128.54,128.54,3225,2020-12-04 19:50:00,RARE
128.64,128.65,128.63,128.63,400,2020-12-04 19:55:00,RARE
128.735,128.93,128.55,128.55,2731,2020-12-04 20:00:00,RARE
128.57,128.78,128.57,128.78,300,2020-12-04 20:05:00,RARE
128.79,128.9422,128.72,128.75,1754,2020-12-04 20:10:00,RARE
128.86,128.91,128.54,128.54,1400,2020-12-04 20:15:00,RARE
128.91,129.0,128.66,128.66,1000,2020-12-04 20:20:00,RARE
128.8,129.025,128.48,128.71,1774,2020-12-04 20:25:00,RARE
128.72,128.95,128.535,128.73,1546,2020-12-04 20:30:00,RARE
128.73,128.85,128.395,128.395,2400,2020-12-04 20:35:00,RARE
128.335,129.0,128.335,128.995,1825,2020-12-04 20:40:00,RARE
128.85,129.0,128.52,128.54,3816,2020-12-04 20:45:00,RARE
128.8,129.0,128.68,128.75,6518,2020-12-04 20:50:00,RARE
128.805,128.805,128.32,128.41,15976,2020-12-04 20:55:00,RARE
128.53,128.53,128.53,128.53,129965,2020-12-04 21:00:00,RARE
128.53,128.53,128.53,128.53,537,2020-12-04 22:05:00,RARE
127.19,129.3657,127.19,129.3657,7527,2020-12-07 14:30:00,RARE
129.8,129.8,129.11,129.28,1606,2020-12-07 14:35:00,RARE
129.325,129.81,129.105,129.28,11800,2020-12-07 14:40:00,RARE
129.18,129.75,129.04,129.245,3167,2020-12-07 14:45:00,RARE
129.245,129.25,128.815,128.9,11711,2020-12-07 14:50:00,RARE
128.9,129.22,128.52,128.52,15386,2020-12-07 14:55:00,RARE
128.59,128.7,128.11,128.11,2638,2020-12-07 15:00:00,RARE
128.11,128.11,127.69,127.705,1900,2020-12-07 15:05:00,RARE
127.92,128.53,127.685,128.14,1758,2020-12-07 15:10:00,RARE
128.615,128.89,128.05,128.53,2300,2020-12-07 15:15:00,RARE
128.19,129.12,128.19,128.63,1560,2020-12-07 15:20:00,RARE
128.77,129.25,128.605,129.25,2070,2020-12-07 15:25:00,RARE
129.02,129.31,128.51,128.92,2300,2020-12-07 15:30:00,RARE
129.09,129.09,128.195,128.705,3893,2020-12-07 15:35:00,RARE
128.59,128.59,128.16,128.33,4216,2020-12-07 15:40:00,RARE
128.185,128.225,127.81,128.1507,6299,2020-12-07 15:45:00,RARE
128.2,128.49,128.2,128.3,883,2020-12-07 15:50:00,RARE
128.38,128.78,128.21,128.44,3104,2020-12-07 15:55:00,RARE
128.83,128.84,128.24,128.67,2508,2020-12-07 16:00:00,RARE
128.465,128.95,128.4155,128.4155,1772,2020-12-07 16:05:00,RARE
128.98,129.16,128.735,128.78,1599,2020-12-07 16:10:00,RARE
129.035,129.06,128.59,128.59,800,2020-12-07 16:15:00,RARE
128.97,129.02,128.82,128.98,1300,2020-12-07 16:20:00,RARE
129.13,129.13,128.85,129.11,600,2020-12-07 16:25:00,RARE
129.085,129.4,128.935,129.25,1700,2020-12-07 16:30:00,RARE
129.38,129.63,129.3192,129.455,1050,2020-12-07 16:35:00,RARE
129.455,129.7,129.4,129.56,2869,2020-12-07 16:40:00,RARE
129.72,129.74,129.62,129.64,600,2020-12-07 16:45:00,RARE
129.64,129.64,129.35,129.35,1200,2020-12-07 16:50:00,RARE
129.23,129.55,129.01,129.55,1823,2020-12-07 16:55:00,RARE
129.53,129.75,129.43,129.545,1400,2020-12-07 17:00:00,RARE
129.34,129.52,129.175,129.52,1365,2020-12-07 17:05:00,RARE
129.53,129.78,129.27,129.27,2200,2020-12-07 17:10:00,RARE
129.39,129.435,129.305,129.305,1000,2020-12-07 17:15:00,RARE
129.23,129.43,129.18,129.19,1600,2020-12-07 17:20:00,RARE
129.185,129.185,128.705,128.71,1000,2020-12-07 17:25:00,RARE
128.825,128.93,128.63,128.635,1991,2020-12-07 17:30:00,RARE
128.46,128.77,128.34,128.36,1800,2020-12-07 17:35:00,RARE
128.255,128.26,127.885,128.02,1600,2020-12-07 17:40:00,RARE
128.01,128.48,128.01,128.135,1971,2020-12-07 17:45:00,RARE
128.115,128.32,127.96,128.125,1300,2020-12-07 17:50:00,RARE
128.18,128.305,128.08,128.08,1000,2020-12-07 17:55:00,RARE
128.12,128.14,128.11,128.11,1000,2020-12-07 18:00:00,RARE
128.24,128.24,127.83,127.84,1534,2020-12-07 18:05:00,RARE
127.84,127.84,127.515,127.67,2319,2020-12-07 18:10:00,RARE
127.605,127.605,127.39,127.57,1284,2020-12-07 18:15:00,RARE
127.45,127.71,127.23,127.67,1464,2020-12-07 18:20:00,RARE
127.79,127.795,127.65,127.75,1100,2020-12-07 18:25:00,RARE
127.9,128.09,127.835,128.06,1001,2020-12-07 18:30:00,RARE
128.045,128.045,127.845,127.93,1340,2020-12-07 18:35:00,RARE
127.985,127.985,127.7,127.84,1300,2020-12-07 18:40:00,RARE
127.81,127.835,127.69,127.835,600,2020-12-07 18:45:00,RARE
127.99,128.11,127.61,128.11,3600,2020-12-07 18:50:00,RARE
128.065,128.6,128.065,128.43,1100,2020-12-07 18:55:00,RARE
128.43,128.6,128.26,128.26,1848,2020-12-07 19:00:00,RARE
128.12,128.45,128.115,128.37,2755,2020-12-07 19:05:00,RARE
128.195,128.195,127.82,128.11,2233,2020-12-07 19:10:00,RARE
128.1,128.29,128.1,128.21,1400,2020-12-07 19:15:00,RARE
128.17,128.365,128.17,128.205,1400,2020-12-07 19:20:00,RARE
128.36,128.56,128.07,128.105,1800,2020-12-07 19:25:00,RARE
128.26,128.34,128.18,128.27,1000,2020-12-07 19:30:00,RARE
128.17,128.33,128.17,128.26,800,2020-12-07 19:35:00,RARE
128.28,128.42,128.18,128.305,1200,2020-12-07 19:40:00,RARE
128.39,128.54,128.04,128.22,1417,2020-12-07 19:45:00,RARE
128.24,128.39,128.19,128.19,1408,2020-12-07 19:50:00,RARE
128.065,128.24,127.88,127.88,2805,2020-12-07 19:55:00,RARE
127.91,128.31,127.865,128.31,3815,2020-12-07 20:00:00,RARE
128.05,128.22,128.05,128.075,1682,2020-12-07 20:05:00,RARE
128.19,128.19,127.82,128.14,3010,2020-12-07 20:10:00,RARE
128.14,128.49,128.14,128.43,2435,2020-12-07 20:15:00,RARE
128.425,129.01,128.425,128.99,2200,2020-12-07 20:20:00,RARE
129.02,129.17,128.8,129.17,2300,2020-12-07 20:25:00,RARE
129.21,129.4,129.13,129.13,1300,2020-12-07 20:30:00,RARE
129.205,129.71,129.205,129.63,4600,2020-12-07 20:35:00,RARE
129.64,129.79,129.44,129.79,3832,2020-12-07 20:40:00,RARE
129.78,129.8,129.38,129.5,4748,2020-12-07 20:45:00,RARE
129.505,129.85,129.505,129.56,13469,2020-12-07 20:50:00,RARE
129.59,130.06,129.47,129.93,79421,2020-12-07 20:55:00,RARE
129.93,129.93,129.93,129.93,56855,2020-12-07 21:00:00,RARE
130.4,130.4,130.4,130.4,191,2020-12-07 21:55:00,RARE
129.93,129.93,129.93,129.93,20905,2020-12-07 22:05:00,RARE
129.87,132.12,129.87,131.94,3643,2020-12-08 14:30:00,RARE
131.75,132.45,129.37,129.37,6683,2020-12-08 14:35:00,RARE
130.61,131.99,130.61,131.605,700,2020-12-08 14:40:00,RARE
129.57,132.33,129.57,131.21,1438,2020-12-08 14:45:00,RARE
130.73,131.1713,130.73,131.1713,200,2020-12-08 14:50:00,RARE
131.12,131.18,131.12,131.18,400,2020-12-08 14:55:00,RARE
131.54,131.89,131.2,131.515,1016,2020-12-08 15:00:00,RARE
131.55,131.55,131.21,131.35,1238,2020-12-08 15:05:00,RARE
131.66,131.695,131.52,131.695,700,2020-12-08 15:10:00,RARE
131.585,131.6,131.385,131.385,1300,2020-12-08 15:15:00,RARE
131.58,131.6,131.49,131.49,500,2020-12-08 15:20:00,RARE
131.48,132.17,131.48,132.17,1200,2020-12-08 15:25:00,RARE
132.0,132.14,131.4201,131.85,4000,2020-12-08 15:30:00,RARE
131.785,131.93,131.6,131.93,3300,2020-12-08 15:35:00,RARE
131.77,131.99,131.51,131.51,1302,2020-12-08 15:40:00,RARE
131.4,131.73,131.305,131.7,1064,2020-12-08 15:45:00,RARE
131.66,131.66,131.43,131.435,400,2020-12-08 15:50:00,RARE
131.835,131.855,131.83,131.8321,452,2020-12-08 15:55:00,RARE
131.81,132.15,131.5925,132.07,2990,2020-12-08 16:00:00,RARE
132.34,132.34,131.93,131.965,700,2020-12-08 16:05:00,RARE
131.84,131.84,131.79,131.84,300,2020-12-08 16:10:00,RARE
132.13,132.36,132.06,132.06,400,2020-12-08 16:15:00,RARE
132.72,133.55,132.475,133.55,3369,2020-12-08 16:20:00,RARE
133.01,133.56,133.01,133.56,3217,2020-12-08 16:25:00,RARE
133.54,133.64,133.17,133.62,1828,2020-12-08 16:30:00,RARE
133.79,134.53,133.53,134.175,7076,2020-12-08 16:35:00,RARE
133.825,134.17,132.64,133.18,5265,2020-12-08 16:40:00,RARE
133.425,134.08,133.425,133.8,1100,2020-12-08 16:45:00,RARE
134.0,134.87,133.98,134.85,3000,2020-12-08 16:50:00,RARE
134.66,135.19,134.62,134.62,5536,2020-12-08 16:55:00,RARE
134.5854,134.5854,134.03,134.4,1888,2020-12-08 17:00:00,RARE
134.52,134.88,134.01,134.01,3038,2020-12-08 17:05:00,RARE
134.1,134.63,134.04,134.52,3317,2020-12-08 17:10:00,RARE
134.35,134.45,134.02,134.43,3099,2020-12-08 17:15:00,RARE
134.3,134.82,134.28,134.59,2300,2020-12-08 17:20:00,RARE
134.71,134.77,134.4,134.55,3200,2020-12-08 17:25:00,RARE
134.65,134.98,134.13,134.34,2904,2020-12-08 17:30:00,RARE
134.53,134.73,134.47,134.54,1400,2020-12-08 17:35:00,RARE
134.655,134.655,134.13,134.535,1696,2020-12-08 17:40:00,RARE
134.495,135.55,134.495,135.055,4693,2020-12-08 17:45:00,RARE
135.05,135.53,135.0,135.095,4500,2020-12-08 17:50:00,RARE
135.21,135.24,135.0,135.23,1490,2020-12-08 17:55:00,RARE
135.375,135.74,135.375,135.395,1000,2020-12-08 18:00:00,RARE
135.59,135.8,134.86,135.0,9305,2020-12-08 18:05:00,RARE
135.2,135.2,134.8601,135.18,1900,2020-12-08 18:10:00,RARE
135.18,135.39,134.86,134.98,3268,2020-12-08 18:15:00,RARE
134.96,135.51,134.96,135.4,4837,2020-12-08 18:20:00,RARE
135.03,135.47,134.8075,135.47,1880,2020-12-08 18:25:00,RARE
135.49,135.5699,135.11,135.46,1700,2020-12-08 18:30:00,RARE
135.325,135.79,135.12,135.78,1548,2020-12-08 18:35:00,RARE
135.54,135.8,135.46,135.79,1481,2020-12-08 18:40:00,RARE
135.79,135.8,135.365,135.365,2792,2020-12-08 18:45:00,RARE
135.37,135.4,135.23,135.35,1519,2020-12-08 18:50:00,RARE
135.24,135.625,135.23,135.625,1137,2020-12-08 18:55:00,RARE
135.48,135.63,135.47,135.62,900,2020-12-08 19:00:00,RARE
135.71,135.8,135.51,135.8,13995,2020-12-08 19:05:00,RARE
135.8,136.55,135.75,136.55,11930,2020-12-08 19:10:00,RARE
136.26,136.32,135.81,136.08,6859,2020-12-08 19:15:00,RARE
136.27,136.48,136.07,136.44,7234,2020-12-08 19:20:00,RARE
136.44,136.55,136.33,136.45,3000,2020-12-08 19:25:00,RARE
136.58,136.71,136.33,136.54,3710,2020-12-08 19:30:00,RARE
136.7,137.43,136.7,137.43,2547,2020-12-08 19:35:00,RARE
137.53,137.89,137.17,137.44,2986,2020-12-08 19:40:00,RARE
137.36,137.36,136.8,137.22,2304,2020-12-08 19:45:00,RARE
136.99,137.7,136.985,137.17,2000,2020-12-08 19:50:00,RARE
137.13,137.31,136.8,136.83,1468,2020-12-08 19:55:00,RARE
136.69,137.54,136.69,137.29,3163,2020-12-08 20:00:00,RARE
137.1,137.4,136.83,136.83,3331,2020-12-08 20:05:00,RARE
136.8156,137.04,136.7449,137.04,2312,2020-12-08 20:10:00,RARE
137.205,137.205,136.615,136.89,2558,2020-12-08 20:15:00,RARE
136.96,136.96,136.5501,136.5501,1350,2020-12-08 20:20:00,RARE
136.87,137.42,136.715,137.42,1049,2020-12-08 20:25:00,RARE
137.3,137.85,136.97,137.09,5201,2020-12-08 20:30:00,RARE
137.145,137.41,137.005,137.15,4190,2020-12-08 20:35:00,RARE
137.24,137.26,137.13,137.26,4052,2020-12-08 20:40:00,RARE
137.22,137.36,137.095,137.36,4877,2020-12-08 20:45:00,RARE
137.36,138.52,137.36,137.9,12818,2020-12-08 20:50:00,RARE
137.9,138.28,137.53,137.595,16583,2020-12-08 20:55:00,RARE
137.68,137.68,137.68,137.68,45884,2020-12-08 21:00:00,RARE
137.68,137.68,137.68,137.68,5662,2020-12-08 22:30:00,RARE
137.61,137.61,137.61,137.61,100,2020-12-09 14:25:00,RARE
137.73,138.38,136.88,136.88,8663,2020-12-09 14:30:00,RARE
136.41,138.17,136.41,138.17,1058,2020-12-09 14:35:00,RARE
138.22,139.85,138.16,139.85,1100,2020-12-09 14:40:00,RARE
139.75,139.87,139.02,139.02,996,2020-12-09 14:45:00,RARE
139.065,140.47,139.03,140.47,3700,2020-12-09 14:50:00,RARE
140.055,140.88,139.9029,140.82,3650,2020-12-09 14:55:00,RARE
141.04,142.3,140.93,141.615,2945,2020-12-09 15:00:00,RARE
141.8758,141.8758,140.5,140.93,4674,2020-12-09 15:05:00,RARE
141.1,141.15,140.4,140.88,4000,2020-12-09 15:10:00,RARE
140.45,140.61,140.31,140.5,1910,2020-12-09 15:15:00,RARE
140.38,140.585,139.9,140.585,3413,2020-12-09 15:20:00,RARE
140.43,140.65,140.03,140.03,3651,2020-12-09 15:25:00,RARE
140.195,140.3,139.9,139.92,3254,2020-12-09 15:30:00,RARE
140.075,140.075,139.04,139.05,7224,2020-12-09 15:35:00,RARE
139.0,139.0,138.55,138.95,2300,2020-12-09 15:40:00,RARE
138.95,139.39,138.765,139.39,944,2020-12-09 15:45:00,RARE
139.38,139.75,139.175,139.335,2400,2020-12-09 15:50:00,RARE
139.51,139.51,138.54,138.54,5907,2020-12-09 15:55:00,RARE
138.545,138.59,137.33,137.37,3199,2020-12-09 16:00:00,RARE
137.36,138.16,137.36,138.16,727,2020-12-09 16:05:00,RARE
137.81,138.58,137.81,138.395,700,2020-12-09 16:10:00,RARE
138.65,138.905,138.27,138.53,1699,2020-12-09 16:15:00,RARE
138.27,138.75,138.26,138.75,600,2020-12-09 16:20:00,RARE
138.35,138.85,138.26,138.56,1600,2020-12-09 16:25:00,RARE
138.55,138.85,137.56,137.92,7186,2020-12-09 16:30:00,RARE
137.995,138.22,137.55,137.55,1600,2020-12-09 16:35:00,RARE
137.7075,137.76,136.9,136.95,4517,2020-12-09 16:40:00,RARE
136.999,137.345,136.9,136.9,1302,2020-12-09 16:45:00,RARE
137.2045,137.33,136.82,136.84,5386,2020-12-09 16:50:00,RARE
137.165,137.46,136.88,137.155,1076,2020-12-09 16:55:00,RARE
136.93,137.12,136.78,136.81,2000,2020-12-09 17:00:00,RARE
136.84,137.0,136.81,136.86,700,2020-12-09 17:05:00,RARE
137.05,137.54,137.05,137.435,1600,2020-12-09 17:10:00,RARE
137.26,137.26,136.81,136.81,5400,2020-12-09 17:15:00,RARE
136.79,136.895,136.69,136.86,3500,2020-12-09 17:20:00,RARE
137.005,138.92,136.78,138.01,17825,2020-12-09 17:25:00,RARE
138.2857,139.01,137.19,137.19,8895,2020-12-09 17:30:00,RARE
137.0,137.48,136.77,136.77,5128,2020-12-09 17:35:00,RARE
136.7,136.75,136.7,136.72,300,2020-12-09 17:40:00,RARE
136.58,136.58,135.24,135.725,2393,2020-12-09 17:45:00,RARE
135.37,136.02,135.37,135.705,746,2020-12-09 17:50:00,RARE
135.42,135.715,135.125,135.125,1100,2020-12-09 17:55:00,RARE
134.77,134.77,134.63,134.63,500,2020-12-09 18:00:00,RARE
134.02,134.08,133.28,133.915,3176,2020-12-09 18:05:00,RARE
133.915,133.985,133.4,133.4,1201,2020-12-09 18:10:00,RARE
133.42,133.42,132.74,132.75,2200,2020-12-09 18:15:00,RARE
133.09,133.63,132.91,133.21,3286,2020-12-09 18:20:00,RARE
132.8478,132.8478,132.47,132.47,500,2020-12-09 18:25:00,RARE
132.85,132.87,131.73,131.73,4200,2020-12-09 18:30:00,RARE
131.32,131.755,131.14,131.14,3543,2020-12-09 18:35:00,RARE
131.48,131.48,130.67,131.06,2777,2020-12-09 18:40:00,RARE
131.0,131.21,130.56,130.56,7477,2020-12-09 18:45:00,RARE
130.725,130.97,130.46,130.52,2901,2020-12-09 18:50:00,RARE
130.55,130.89,129.42,129.825,7449,2020-12-09 18:55:00,RARE
129.805,129.805,129.21,129.21,3545,2020-12-09 19:00:00,RARE
129.515,130.09,129.18,129.88,4000,2020-12-09 19:05:00,RARE
129.68,130.36,129.68,130.025,3328,2020-12-09 19:10:00,RARE
129.89,130.46,129.72,130.3,3546,2020-12-09 19:15:00,RARE
130.6,130.62,130.27,130.27,3059,2020-12-09 19:20:00,RARE
130.575,130.575,129.73,130.02,2855,2020-12-09 19:25:00,RARE
130.31,130.69,130.01,130.69,3062,2020-12-09 19:30:00,RARE
130.61,130.76,130.48,130.66,3804,2020-12-09 19:35:00,RARE
130.69,130.79,129.91,129.94,7100,2020-12-09 19:40:00,RARE
129.93,130.195,129.93,130.19,2711,2020-12-09 19:45:00,RARE
130.19,130.46,130.09,130.37,3831,2020-12-09 19:50:00,RARE
130.28,130.46,130.17,130.17,2701,2020-12-09 19:55:00,RARE
130.3,130.46,130.18,130.18,2919,2020-12-09 20:00:00,RARE
130.31,130.45,130.17,130.17,4411,2020-12-09 20:05:00,RARE
130.16,130.29,130.16,130.27,300,2020-12-09 20:10:00,RARE
130.16,130.275,129.99,129.99,1975,2020-12-09 20:15:00,RARE
129.945,129.95,128.385,128.77,7600,2020-12-09 20:20:00,RARE
128.77,128.785,128.54,128.73,800,2020-12-09 20:25:00,RARE
128.55,128.71,128.39,128.71,2718,2020-12-09 20:30:00,RARE
128.42,128.59,128.1,128.465,8816,2020-12-09 20:35:00,RARE
128.61,129.31,128.585,129.3051,3300,2020-12-09 20:40:00,RARE
129.2377,129.2377,128.73,128.73,2367,2020-12-09 20:45:00,RARE
128.5,128.52,128.03,128.48,6450,2020-12-09 20:50:00,RARE
128.45,129.26,128.3093,129.1,26988,2020-12-09 20:55:00,RARE
128.87,128.87,128.87,128.87,64610,2020-12-09 21:00:00,RARE
128.87,128.87,128.87,128.87,8020,2020-12-09 22:05:00,RARE
127.77,131.03,127.77,130.52,2552,2020-12-10 14:30:00,RARE
130.0415,130.0415,127.9,129.08,800,2020-12-10 14:35:00,RARE
128.2081,129.015,128.2081,128.57,1346,2020-12-10 14:40:00,RARE
129.11,129.91,129.11,129.91,451,2020-12-10 14:45:00,RARE
130.67,130.88,130.67,130.67,300,2020-12-10 14:50:00,RARE
129.79,130.84,129.0,129.97,2400,2020-12-10 14:55:00,RARE
131.7826,132.34,131.48,131.83,750,2020-12-10 15:00:00,RARE
131.47,132.7712,131.42,132.15,2915,2020-12-10 15:05:00,RARE
132.63,132.89,132.165,132.88,500,2020-12-10 15:10:00,RARE
131.71,133.86,131.57,133.86,1475,2020-12-10 15:15:00,RARE
133.87,133.87,133.43,133.87,300,2020-12-10 15:20:00,RARE
133.26,133.42,132.595,132.955,1245,2020-12-10 15:25:00,RARE
133.08,133.09,132.82,132.82,400,2020-12-10 15:30:00,RARE
132.56,132.81,132.24,132.31,808,2020-12-10 15:35:00,RARE
132.61,133.25,132.61,133.195,2100,2020-12-10 15:40:00,RARE
133.09,133.49,133.09,133.49,300,2020-12-10 15:45:00,RARE
133.6865,133.9,133.6865,133.9,200,2020-12-10 15:50:00,RARE
134.2835,135.14,134.2835,134.46,2279,2020-12-10 15:55:00,RARE
134.45,134.6448,134.16,134.16,300,2020-12-10 16:00:00,RARE
134.29,134.29,133.23,133.23,3872,2020-12-10 16:05:00,RARE
133.32,133.32,133.09,133.12,400,2020-12-10 16:10:00,RARE
133.27,133.5,133.17,133.5,1400,2020-12-10 16:15:00,RARE
134.35,134.35,133.71,133.97,1500,2020-12-10 16:20:00,RARE
133.76,134.13,133.76,134.08,700,2020-12-10 16:25:00,RARE
134.11,134.11,133.71,133.71,650,2020-12-10 16:30:00,RARE
133.84,133.84,133.145,133.23,800,2020-12-10 16:35:00,RARE
133.275,133.29,133.15,133.285,800,2020-12-10 16:40:00,RARE
133.16,133.49,132.93,133.49,1600,2020-12-10 16:45:00,RARE
133.05,133.05,133.05,133.05,100,2020-12-10 16:50:00,RARE
132.81,133.22,132.81,132.81,500,2020-12-10 16:55:00,RARE
133.21,133.595,132.99,132.99,2900,2020-12-10 17:00:00,RARE
133.19,133.4,133.19,133.4,300,2020-12-10 17:05:00,RARE
133.78,133.78,133.425,133.44,1851,2020-12-10 17:10:00,RARE
133.43,133.64,133.15,133.4,1300,2020-12-10 17:15:00,RARE
133.425,133.49,133.21,133.445,700,2020-12-10 17:20:00,RARE
133.34,133.69,133.28,133.36,2837,2020-12-10 17:25:00,RARE
133.48,134.54,133.48,134.24,1000,2020-12-10 17:30:00,RARE
134.55,135.1,134.2,135.1,1500,2020-12-10 17:35:00,RARE
135.09,135.09,134.63,134.63,600,2020-12-10 17:40:00,RARE
135.05,135.05,134.39,134.39,2900,2020-12-10 17:45:00,RARE
134.5478,134.99,134.48,134.48,1300,2020-12-10 17:50:00,RARE
134.43,135.42,134.43,135.42,800,2020-12-10 17:55:00,RARE
135.53,135.53,135.215,135.215,200,2020-12-10 18:00:00,RARE
134.89,135.44,133.53,133.87,2577,2020-12-10 18:05:00,RARE
133.855,134.27,133.32,133.32,2518,2020-12-10 18:10:00,RARE
133.38,133.63,132.45,132.45,4651,2020-12-10 18:15:00,RARE
132.73,133.485,132.48,133.35,5652,2020-12-10 18:20:00,RARE
133.25,134.01,133.02,133.96,9531,2020-12-10 18:25:00,RARE
133.671,133.69,133.25,133.53,2437,2020-12-10 18:30:00,RARE
133.42,133.64,133.3,133.37,1900,2020-12-10 18:35:00,RARE
133.25,133.25,132.86,133.175,4600,2020-12-10 18:40:00,RARE
133.21,133.21,133.09,133.09,400,2020-12-10 18:45:00,RARE
133.205,133.66,133.205,133.555,1689,2020-12-10 18:50:00,RARE
133.71,134.215,133.41,134.215,2804,2020-12-10 18:55:00,RARE
133.895,133.895,133.4,133.4,2200,2020-12-10 19:00:00,RARE
133.7,133.98,133.32,133.45,5045,2020-12-10 19:05:00,RARE
133.46,133.46,132.02,132.04,17926,2020-12-10 19:10:00,RARE
131.77,132.47,131.77,132.1,4957,2020-12-10 19:15:00,RARE
132.1,132.38,131.06,131.06,2840,2020-12-10 19:20:00,RARE
131.35,131.9,131.315,131.82,4483,2020-12-10 19:25:00,RARE
131.68,131.68,130.9101,131.55,7227,2020-12-10 19:30:00,RARE
131.585,131.86,131.1,131.1,1200,2020-12-10 19:35:00,RARE
131.27,132.29,131.17,132.29,5973,2020-12-10 19:40:00,RARE
132.01,132.24,132.005,132.005,500,2020-12-10 19:45:00,RARE
132.23,132.23,131.65,132.075,6500,2020-12-10 19:50:00,RARE
132.08,132.205,131.935,132.085,1500,2020-12-10 19:55:00,RARE
132.02,132.08,131.66,131.89,4416,2020-12-10 20:00:00,RARE
131.9,132.14,131.665,132.015,4618,2020-12-10 20:05:00,RARE
132.015,132.93,132.015,132.88,2100,2020-12-10 20:10:00,RARE
132.88,133.58,132.6101,133.49,3051,2020-12-10 20:15:00,RARE
133.515,134.385,133.28,134.385,2700,2020-12-10 20:20:00,RARE
134.21,134.385,133.52,133.58,4400,2020-12-10 20:25:00,RARE
133.41,134.15,133.34,134.03,3100,2020-12-10 20:30:00,RARE
133.875,134.69,133.875,134.525,4300,2020-12-10 20:35:00,RARE
134.595,134.93,134.44,134.74,3929,2020-12-10 20:40:00,RARE
134.5997,134.85,133.77,133.95,5910,2020-12-10 20:45:00,RARE
134.29,134.81,134.03,134.2,6966,2020-12-10 20:50:00,RARE
134.345,134.82,133.74,133.74,25235,2020-12-10 20:55:00,RARE
134.19,134.19,134.19,134.19,80469,2020-12-10 21:00:00,RARE
134.19,134.19,134.19,134.19,8889,2020-12-10 22:40:00,RARE
133.65,134.65,133.65,133.79,2690,2020-12-11 14:30:00,RARE
134.09,134.09,133.915,133.915,200,2020-12-11 14:35:00,RARE
133.58,134.96,132.69,134.93,14195,2020-12-11 14:40:00,RARE
134.92,136.64,133.93,136.1,9458,2020-12-11 14:45:00,RARE
136.98,137.55,136.21,137.135,3316,2020-12-11 14:50:00,RARE
137.54,139.005,137.405,138.495,3144,2020-12-11 14:55:00,RARE
138.47,139.415,137.11,138.655,4340,2020-12-11 15:00:00,RARE
138.86,139.4,138.26,139.23,5300,2020-12-11 15:05:00,RARE
139.305,139.57,138.99,139.52,2800,2020-12-11 15:10:00,RARE
139.015,139.27,138.8013,139.27,982,2020-12-11 15:15:00,RARE
139.035,139.96,139.035,139.76,600,2020-12-11 15:20:00,RARE
139.76,139.76,139.3,139.68,5136,2020-12-11 15:25:00,RARE
139.51,140.0,139.3304,139.99,4642,2020-12-11 15:30:00,RARE
139.89,139.96,139.625,139.96,700,2020-12-11 15:35:00,RARE
139.44,139.93,139.24,139.92,2400,2020-12-11 15:40:00,RARE
139.545,139.59,139.26,139.3,800,2020-12-11 15:45:00,RARE
139.63,139.9415,139.15,139.38,1387,2020-12-11 15:50:00,RARE
139.185,139.75,139.05,139.745,1207,2020-12-11 15:55:00,RARE
139.68,139.7,139.22,139.22,2100,2020-12-11 16:00:00,RARE
139.405,139.545,139.17,139.415,2453,2020-12-11 16:05:00,RARE
139.46,139.75,139.244,139.72,5085,2020-12-11 16:10:00,RARE
139.71,139.93,139.49,139.7337,8678,2020-12-11 16:15:00,RARE
139.765,140.0,139.6,139.795,2176,2020-12-11 16:20:00,RARE
139.76,140.445,139.76,140.445,7466,2020-12-11 16:25:00,RARE
140.45,141.61,140.45,141.5206,2800,2020-12-11 16:30:00,RARE
141.285,141.4,140.37,140.495,3003,2020-12-11 16:35:00,RARE
140.495,140.62,139.705,139.83,8327,2020-12-11 16:40:00,RARE
139.93,141.16,139.79,140.62,2530,2020-12-11 16:45:00,RARE
140.95,141.44,140.72,141.44,1400,2020-12-11 16:50:00,RARE
140.92,141.19,140.795,140.965,1700,2020-12-11 16:55:00,RARE
141.455,143.02,141.455,142.635,7124,2020-12-11 17:00:00,RARE
142.615,143.54,142.57,142.96,14425,2020-12-11 17:05:00,RARE
142.67,142.67,142.17,142.45,2275,2020-12-11 17:10:00,RARE
142.43,142.75,141.87,142.17,11373,2020-12-11 17:15:00,RARE
141.62,141.73,140.6201,140.94,3248,2020-12-11 17:20:00,RARE
140.83,142.4,140.83,142.33,5695,2020-12-11 17:25:00,RARE
142.96,142.96,142.35,142.53,2747,2020-12-11 17:30:00,RARE
142.31,142.31,141.53,141.57,3200,2020-12-11 17:35:00,RARE
141.75,141.88,141.49,141.715,2100,2020-12-11 17:40:00,RARE
141.75,141.75,141.75,141.75,100,2020-12-11 17:45:00,RARE
141.755,142.695,141.755,142.695,1339,2020-12-11 17:50:00,RARE
142.5662,143.11,142.5662,142.84,2114,2020-12-11 17:55:00,RARE
142.995,143.78,142.77,143.78,4147,2020-12-11 18:00:00,RARE
143.46,144.19,143.2,143.375,8000,2020-12-11 18:05:00,RARE
143.37,144.18,143.22,144.02,9575,2020-12-11 18:10:00,RARE
143.705,144.0,143.705,143.9,2065,2020-12-11 18:15:00,RARE
143.9,144.52,143.74,144.32,16462,2020-12-11 18:20:00,RARE
144.51,145.13,144.51,145.02,12675,2020-12-11 18:25:00,RARE
145.18,145.5099,144.7957,145.28,3366,2020-12-11 18:30:00,RARE
145.44,145.6,145.27,145.52,3900,2020-12-11 18:35:00,RARE
145.51,145.55,144.85,145.02,2990,2020-12-11 18:40:00,RARE
145.02,145.33,145.02,145.325,1914,2020-12-11 18:45:00,RARE
145.0201,145.25,145.0201,145.215,359,2020-12-11 18:50:00,RARE
145.2,145.58,145.2,145.22,5879,2020-12-11 18:55:00,RARE
145.195,145.27,145.02,145.08,6718,2020-12-11 19:00:00,RARE
144.915,144.915,144.6001,144.67,3883,2020-12-11 19:05:00,RARE
144.67,145.07,144.56,144.59,12836,2020-12-11 19:10:00,RARE
144.3883,144.863,144.19,144.86,14482,2020-12-11 19:15:00,RARE
144.77,145.23,144.505,145.06,10800,2020-12-11 19:20:00,RARE
145.19,145.19,144.675,144.78,12781,2020-12-11 19:25:00,RARE
144.755,144.9,144.755,144.785,1012,2020-12-11 19:30:00,RARE
144.78,144.78,144.14,144.68,16475,2020-12-11 19:35:00,RARE
144.675,144.77,144.23,144.49,6395,2020-12-11 19:40:00,RARE
144.435,145.84,144.17,145.8304,12614,2020-12-11 19:45:00,RARE
145.85,146.15,145.552,145.93,4070,2020-12-11 19:50:00,RARE
145.93,146.01,145.93,146.01,200,2020-12-11 19:55:00,RARE
145.97,146.18,145.63,145.745,1722,2020-12-11 20:00:00,RARE
145.75,145.75,145.465,145.465,1724,2020-12-11 20:05:00,RARE
145.81,145.93,145.81,145.93,200,2020-12-11 20:10:00,RARE
145.87,146.22,145.87,146.2094,2312,2020-12-11 20:15:00,RARE
146.19,146.65,146.19,146.445,600,2020-12-11 20:20:00,RARE
146.5,146.6,146.215,146.6,2500,2020-12-11 20:25:00,RARE
146.7394,146.88,146.425,146.695,2138,2020-12-11 20:30:00,RARE
146.7,146.7,145.87,146.025,4161,2020-12-11 20:35:00,RARE
146.21,146.35,145.48,145.5,5057,2020-12-11 20:40:00,RARE
145.68,145.84,145.32,145.41,6307,2020-12-11 20:45:00,RARE
145.13,145.71,145.06,145.38,10832,2020-12-11 20:50:00,RARE
145.24,145.24,144.66,144.93,17737,2020-12-11 20:55:00,RARE
144.94,144.94,144.94,144.94,34031,2020-12-11 21:00:00,RARE
145.8,150.0,145.8,149.385,49268,2020-12-14 14:30:00,RARE
149.38,151.36,149.14,150.55,28547,2020-12-14 14:35:00,RARE
150.53,152.24,150.01,151.64,3579,2020-12-14 14:40:00,RARE
151.665,152.19,151.1,151.695,1625,2020-12-14 14:45:00,RARE
151.685,152.03,150.27,150.63,7352,2020-12-14 14:50:00,RARE
151.17,152.7,151.17,152.02,4996,2020-12-14 14:55:00,RARE
152.3,153.53,152.3,153.28,5700,2020-12-14 15:00:00,RARE
153.17,153.61,152.73,152.88,20158,2020-12-14 15:05:00,RARE
153.03,155.0,152.88,154.235,18997,2020-12-14 15:10:00,RARE
154.03,154.5,153.735,154.0,17694,2020-12-14 15:15:00,RARE
153.985,154.22,153.455,153.69,1300,2020-12-14 15:20:00,RARE
153.435,154.465,152.61,154.265,15511,2020-12-14 15:25:00,RARE
154.05,154.4634,153.81,154.33,10146,2020-12-14 15:30:00,RARE
154.74,155.73,154.565,155.73,3270,2020-12-14 15:35:00,RARE
155.85,156.1533,155.06,155.68,4556,2020-12-14 15:40:00,RARE
156.14,156.16,154.2,154.545,7573,2020-12-14 15:45:00,RARE
154.62,155.42,154.2,154.755,83850,2020-12-14 15:50:00,RARE
154.74,156.07,154.69,155.27,34192,2020-12-14 15:55:00,RARE
155.82,156.52,155.25,156.2426,4235,2020-12-14 16:00:00,RARE
156.52,157.545,156.52,157.49,5832,2020-12-14 16:05:00,RARE
157.4,158.285,157.4,158.01,2289,2020-12-14 16:10:00,RARE
157.745,157.745,156.57,156.57,3170,2020-12-14 16:15:00,RARE
156.17,156.99,155.9099,156.93,1820,2020-12-14 16:20:00,RARE
156.94,157.415,156.73,156.995,7117,2020-12-14 16:25:00,RARE
157.278,157.278,156.69,157.18,7132,2020-12-14 16:30:00,RARE
157.33,157.79,156.66,157.05,7926,2020-12-14 16:35:00,RARE
157.07,157.07,156.33,156.625,3237,2020-12-14 16:40:00,RARE
156.33,156.36,155.67,155.67,1339,2020-12-14 16:45:00,RARE
155.88,155.99,154.01,154.19,2500,2020-12-14 16:50:00,RARE
154.07,154.81,154.05,154.11,1750,2020-12-14 16:55:00,RARE
154.58,154.58,153.13,153.38,7403,2020-12-14 17:00:00,RARE
153.705,154.67,153.705,154.67,1900,2020-12-14 17:05:00,RARE
154.63,154.84,154.37,154.505,6153,2020-12-14 17:10:00,RARE
154.745,155.4599,154.745,155.3381,1695,2020-12-14 17:15:00,RARE
155.45,156.05,155.45,156.04,1900,2020-12-14 17:20:00,RARE
155.68,156.24,155.67,156.24,1700,2020-12-14 17:25:00,RARE
156.135,157.02,156.135,156.77,850,2020-12-14 17:30:00,RARE
157.13,157.31,156.82,157.075,1905,2020-12-14 17:35:00,RARE
156.965,156.965,156.81,156.885,2035,2020-12-14 17:40:00,RARE
156.875,156.875,156.34,156.37,1351,2020-12-14 17:45:00,RARE
156.4,157.185,156.07,157.0,18038,2020-12-14 17:50:00,RARE
156.99,157.16,156.435,156.75,14932,2020-12-14 17:55:00,RARE
156.85,156.89,155.51,155.865,17810,2020-12-14 18:00:00,RARE
155.66,155.99,155.45,155.72,18148,2020-12-14 18:05:00,RARE
155.55,156.19,155.55,155.975,9890,2020-12-14 18:10:00,RARE
155.98,156.16,155.26,155.26,8794,2020-12-14 18:15:00,RARE
154.74,155.15,154.485,154.485,2594,2020-12-14 18:20:00,RARE
154.18,155.165,154.15,154.89,4896,2020-12-14 18:25:00,RARE
155.19,155.19,153.655,153.655,6436,2020-12-14 18:30:00,RARE
153.6,153.73,153.28,153.5,1425,2020-12-14 18:35:00,RARE
153.31,153.31,152.14,152.41,5566,2020-12-14 18:40:00,RARE
151.575,151.95,151.24,151.34,1630,2020-12-14 18:45:00,RARE
151.93,154.66,151.84,154.66,2525,2020-12-14 18:50:00,RARE
154.205,154.205,152.92,153.86,1844,2020-12-14 18:55:00,RARE
153.8434,154.13,153.8434,154.13,999,2020-12-14 19:00:00,RARE
154.03,154.3699,153.49,154.3699,5238,2020-12-14 19:05:00,RARE
154.11,154.11,152.92,152.92,7058,2020-12-14 19:10:00,RARE
152.92,153.58,152.92,153.55,1500,2020-12-14 19:15:00,RARE
153.67,153.775,153.32,153.775,2223,2020-12-14 19:20:00,RARE
153.765,154.4,153.76,154.25,3614,2020-12-14 19:25:00,RARE
154.48,154.64,154.22,154.27,1758,2020-12-14 19:30:00,RARE
154.24,154.24,152.64,152.64,4272,2020-12-14 19:35:00,RARE
152.66,153.83,152.66,153.5,900,2020-12-14 19:40:00,RARE
153.83,154.2954,153.66,153.9318,5400,2020-12-14 19:45:00,RARE
153.9306,154.2867,153.66,154.28,2600,2020-12-14 19:50:00,RARE
154.36,155.12,154.36,155.1,1569,2020-12-14 19:55:00,RARE
155.29,155.6,154.94,155.6,3476,2020-12-14 20:00:00,RARE
155.84,155.99,155.44,155.44,2203,2020-12-14 20:05:00,RARE
155.53,155.59,155.12,155.58,2400,2020-12-14 20:10:00,RARE
154.65,155.61,154.65,155.3,1230,2020-12-14 20:15:00,RARE
155.265,155.74,155.12,155.74,2051,2020-12-14 20:20:00,RARE
155.66,156.0,155.57,155.57,4589,2020-12-14 20:25:00,RARE
155.745,155.745,155.255,155.255,1812,2020-12-14 20:30:00,RARE
155.21,155.21,154.03,154.91,3791,2020-12-14 20:35:00,RARE
154.38,154.41,153.74,154.25,5303,2020-12-14 20:40:00,RARE
154.25,154.5,153.91,154.5,5932,2020-12-14 20:45:00,RARE
154.68,154.98,153.88,153.88,20538,2020-12-14 20:50:00,RARE
153.88,154.22,153.12,153.25,18882,2020-12-14 20:55:00,RARE
153.22,153.22,153.22,153.22,129546,2020-12-14 21:00:00,RARE
153.22,153.22,153.22,153.22,8618,2020-12-14 22:50:00,RARE
154.77,156.2,154.01,154.01,4980,2020-12-15 14:30:00,RARE
154.9795,155.61,154.01,155.61,800,2020-12-15 14:35:00,RARE
154.67,155.46,154.47,155.46,3522,2020-12-15 14:40:00,RARE
155.06,156.335,154.93,155.06,10598,2020-12-15 14:45:00,RARE
154.9592,156.63,154.86,156.63,7800,2020-12-15 14:50:00,RARE
156.19,157.08,155.815,157.08,1800,2020-12-15 14:55:00,RARE
156.0,156.86,154.79,155.6,14457,2020-12-15 15:00:00,RARE
155.28,156.02,155.28,155.9689,1530,2020-12-15 15:05:00,RARE
156.24,156.29,155.71,155.71,1631,2020-12-15 15:10:00,RARE
156.015,156.41,156.01,156.41,1000,2020-12-15 15:15:00,RARE
156.48,157.25,156.41,157.25,1090,2020-12-15 15:20:00,RARE
157.4,157.83,157.4,157.6,1508,2020-12-15 15:25:00,RARE
157.08,157.57,157.08,157.4,1900,2020-12-15 15:30:00,RARE
157.375,157.56,157.15,157.34,2709,2020-12-15 15:35:00,RARE
157.34,157.98,156.88,157.98,4200,2020-12-15 15:40:00,RARE
158.09,158.09,157.58,157.58,600,2020-12-15 15:45:00,RARE
157.375,157.52,157.01,157.48,2539,2020-12-15 15:50:00,RARE
157.16,157.31,157.01,157.31,2093,2020-12-15 15:55:00,RARE
157.305,157.4599,157.01,157.15,12267,2020-12-15 16:00:00,RARE
157.15,157.86,156.52,157.86,35243,2020-12-15 16:05:00,RARE
157.85,157.88,157.39,157.7775,1500,2020-12-15 16:10:00,RARE
157.77,157.77,157.095,157.35,6900,2020-12-15 16:15:00,RARE
157.65,157.65,156.06,156.06,3800,2020-12-15 16:20:00,RARE
155.88,156.1,154.32,154.73,4500,2020-12-15 16:25:00,RARE
154.65,155.12,154.21,154.59,2266,2020-12-15 16:30:00,RARE
154.67,155.125,154.665,154.94,1800,2020-12-15 16:35:00,RARE
155.26,156.76,155.26,156.65,2800,2020-12-15 16:40:00,RARE
156.46,157.355,156.46,156.92,1669,2020-12-15 16:45:00,RARE
157.41,157.42,156.74,156.74,2828,2020-12-15 16:50:00,RARE
156.56,157.22,156.56,157.22,2200,2020-12-15 16:55:00,RARE
157.11,157.7,157.02,157.7,800,2020-12-15 17:00:00,RARE
157.64,158.53,157.62,158.53,2600,2020-12-15 17:05:00,RARE
158.73,159.1,158.65,159.09,1906,2020-12-15 17:10:00,RARE
158.9,159.15,158.76,158.85,959,2020-12-15 17:15:00,RARE
158.98,158.98,158.31,158.31,1000,2020-12-15 17:20:00,RARE
158.84,158.9,158.55,158.8375,750,2020-12-15 17:25:00,RARE
158.48,158.61,158.31,158.52,1097,2020-12-15 17:30:00,RARE
158.465,159.06,158.31,159.025,1744,2020-12-15 17:35:00,RARE
159.0,159.29,158.91,158.99,3098,2020-12-15 17:40:00,RARE
159.06,159.06,157.985,157.985,1700,2020-12-15 17:45:00,RARE
157.98,158.29,157.76,157.76,1200,2020-12-15 17:50:00,RARE
157.54,157.605,157.125,157.245,1314,2020-12-15 17:55:00,RARE
157.12,157.3099,156.8,156.91,1099,2020-12-15 18:00:00,RARE
156.771,157.38,156.77,157.38,4755,2020-12-15 18:05:00,RARE
157.38,157.51,157.11,157.315,1200,2020-12-15 18:10:00,RARE
157.15,157.305,157.15,157.305,500,2020-12-15 18:15:00,RARE
157.16,157.16,156.71,156.71,1255,2020-12-15 18:20:00,RARE
156.28,156.67,156.1,156.6688,1670,2020-12-15 18:25:00,RARE
156.585,156.63,156.32,156.63,1400,2020-12-15 18:30:00,RARE
156.26,157.11,156.26,157.05,1409,2020-12-15 18:35:00,RARE
157.17,157.17,156.94,156.94,1100,2020-12-15 18:40:00,RARE
157.06,157.22,156.94,156.94,700,2020-12-15 18:45:00,RARE
157.06,157.06,156.77,156.77,1000,2020-12-15 18:50:00,RARE
157.11,157.32,156.985,157.32,1842,2020-12-15 18:55:00,RARE
157.1862,157.71,157.1862,157.71,1100,2020-12-15 19:00:00,RARE
157.8,157.83,157.65,157.715,1540,2020-12-15 19:05:00,RARE
157.82,158.24,157.62,158.24,1700,2020-12-15 19:10:00,RARE
158.16,158.175,157.885,157.885,2200,2020-12-15 19:15:00,RARE
158.16,158.27,157.83,158.27,1278,2020-12-15 19:20:00,RARE
158.43,158.54,158.285,158.335,1127,2020-12-15 19:25:00,RARE
158.25,158.25,157.67,157.67,900,2020-12-15 19:30:00,RARE
157.6244,157.76,157.435,157.76,1276,2020-12-15 19:35:00,RARE
157.66,157.85,157.66,157.66,838,2020-12-15 19:40:00,RARE
157.54,157.54,157.1,157.1,800,2020-12-15 19:45:00,RARE
157.08,157.69,156.995,157.31,3005,2020-12-15 19:50:00,RARE
157.25,157.45,157.25,157.415,2100,2020-12-15 19:55:00,RARE
157.36,157.72,157.35,157.72,2300,2020-12-15 20:00:00,RARE
157.76,157.87,157.48,157.51,800,2020-12-15 20:05:00,RARE
157.52,157.52,157.35,157.42,750,2020-12-15 20:10:00,RARE
157.47,158.13,157.47,157.9,4552,2020-12-15 20:15:00,RARE
157.89,158.25,157.83,158.25,1900,2020-12-15 20:20:00,RARE
158.2,158.57,158.15,158.57,1200,2020-12-15 20:25:00,RARE
158.36,159.11,158.36,158.74,1600,2020-12-15 20:30:00,RARE
158.51,159.24,158.51,158.71,3100,2020-12-15 20:35:00,RARE
158.45,159.0,158.44,158.935,1900,2020-12-15 20:40:00,RARE
158.86,158.955,158.44,158.615,4138,2020-12-15 20:45:00,RARE
158.5,158.745,157.61,158.59,10930,2020-12-15 20:50:00,RARE
158.65,159.275,158.51,159.2,27247,2020-12-15 20:55:00,RARE
158.88,158.88,158.88,158.88,47412,2020-12-15 21:00:00,RARE
160.0,160.0,158.9,159.48,5776,2020-12-16 14:30:00,RARE
159.93,161.83,159.7,160.58,15109,2020-12-16 14:35:00,RARE
160.475,162.27,160.33,161.52,2633,2020-12-16 14:40:00,RARE
162.09,162.09,159.6,159.63,4108,2020-12-16 14:45:00,RARE
159.91,159.91,158.97,159.37,2957,2020-12-16 14:50:00,RARE
159.3004,160.88,159.3004,160.88,4929,2020-12-16 14:55:00,RARE
159.78,161.025,159.78,160.2,3037,2020-12-16 15:00:00,RARE
160.545,160.55,159.855,159.89,1738,2020-12-16 15:05:00,RARE
160.2,160.45,159.19,159.19,1503,2020-12-16 15:10:00,RARE
159.6,160.43,159.265,160.07,5897,2020-12-16 15:15:00,RARE
159.7,159.82,159.21,159.815,1724,2020-12-16 15:20:00,RARE
160.1014,161.32,160.1014,160.8216,1247,2020-12-16 15:25:00,RARE
160.5558,161.29,160.34,161.29,412,2020-12-16 15:30:00,RARE
161.46,162.077,160.76,162.077,11745,2020-12-16 15:35:00,RARE
161.63,163.0,161.63,163.0,2658,2020-12-16 15:40:00,RARE
162.9,163.65,162.65,163.65,11596,2020-12-16 15:45:00,RARE
164.07,164.15,162.73,162.73,5128,2020-12-16 15:50:00,RARE
163.18,163.72,162.75,163.72,3275,2020-12-16 15:55:00,RARE
163.65,164.1,162.87,163.22,14200,2020-12-16 16:00:00,RARE
163.22,163.57,163.13,163.13,2500,2020-12-16 16:05:00,RARE
163.14,163.47,162.49,162.82,1140,2020-12-16 16:10:00,RARE
162.3,162.55,161.88,162.22,2100,2020-12-16 16:15:00,RARE
162.09,162.11,161.646,161.76,1428,2020-12-16 16:20:00,RARE
161.86,161.86,161.14,161.14,2900,2020-12-16 16:25:00,RARE
161.16,161.16,160.48,160.49,700,2020-12-16 16:30:00,RARE
160.35,160.55,160.161,160.298,1700,2020-12-16 16:35:00,RARE
160.3,160.3,159.54,160.02,2168,2020-12-16 16:40:00,RARE
160.02,160.77,159.844,160.77,3559,2020-12-16 16:45:00,RARE
160.69,160.825,160.4,160.825,2400,2020-12-16 16:50:00,RARE
160.98,161.12,160.95,160.95,3670,2020-12-16 16:55:00,RARE
160.995,161.03,160.85,160.89,1709,2020-12-16 17:00:00,RARE
160.855,161.14,160.855,161.12,1700,2020-12-16 17:05:00,RARE
160.925,160.925,160.72,160.88,800,2020-12-16 17:10:00,RARE
160.9,161.13,160.9,161.07,1143,2020-12-16 17:15:00,RARE
161.07,161.07,160.88,160.88,300,2020-12-16 17:20:00,RARE
161.01,161.165,160.93,161.1425,700,2020-12-16 17:25:00,RARE
161.035,161.035,160.73,160.73,1000,2020-12-16 17:30:00,RARE
160.54,160.55,160.53,160.53,400,2020-12-16 17:35:00,RARE
160.605,160.605,159.815,159.815,1400,2020-12-16 17:40:00,RARE
159.84,159.88,159.67,159.845,1700,2020-12-16 17:45:00,RARE
159.78,159.78,159.095,159.14,2100,2020-12-16 17:50:00,RARE
159.31,159.48,159.15,159.15,1404,2020-12-16 17:55:00,RARE
159.395,159.4601,159.24,159.4,565,2020-12-16 18:00:00,RARE
159.27,159.27,158.63,158.67,1009,2020-12-16 18:05:00,RARE
158.48,159.35,158.45,159.35,3850,2020-12-16 18:10:00,RARE
159.35,159.52,159.27,159.52,1495,2020-12-16 18:15:00,RARE
159.465,159.6099,159.42,159.6,1500,2020-12-16 18:20:00,RARE
159.59,159.67,159.491,159.491,1500,2020-12-16 18:25:00,RARE
159.42,159.73,159.42,159.43,400,2020-12-16 18:30:00,RARE
159.87,160.4475,159.85,160.31,1771,2020-12-16 18:35:00,RARE
160.17,160.17,159.63,159.63,1200,2020-12-16 18:40:00,RARE
159.54,160.04,159.54,160.04,1706,2020-12-16 18:45:00,RARE
159.785,160.08,159.57,159.57,300,2020-12-16 18:50:00,RARE
159.59,159.875,159.59,159.875,422,2020-12-16 18:55:00,RARE
160.16,160.16,159.73,159.73,400,2020-12-16 19:00:00,RARE
159.7,159.72,159.18,159.18,1800,2020-12-16 19:05:00,RARE
159.2,159.25,159.2,159.25,200,2020-12-16 19:10:00,RARE
159.19,159.47,159.11,159.137,1200,2020-12-16 19:15:00,RARE
160.13,160.175,160.13,160.175,380,2020-12-16 19:20:00,RARE
160.22,160.22,159.92,159.96,300,2020-12-16 19:25:00,RARE
160.27,160.27,159.97,159.97,500,2020-12-16 19:30:00,RARE
160.09,160.82,160.09,160.82,1770,2020-12-16 19:35:00,RARE
160.8,160.92,160.36,160.92,1939,2020-12-16 19:40:00,RARE
160.94,161.324,160.94,161.324,1370,2020-12-16 19:45:00,RARE
161.46,161.6,161.21,161.21,2000,2020-12-16 19:50:00,RARE
161.35,161.35,161.2,161.2,300,2020-12-16 19:55:00,RARE
161.325,161.58,161.0,161.0,700,2020-12-16 20:00:00,RARE
161.265,161.27,160.98,160.98,500,2020-12-16 20:05:00,RARE
160.6309,161.42,160.6309,161.195,6200,2020-12-16 20:10:00,RARE
161.21,161.27,160.985,161.12,1300,2020-12-16 20:15:00,RARE
161.28,161.45,161.08,161.245,1844,2020-12-16 20:20:00,RARE
161.56,161.57,160.61,160.86,1600,2020-12-16 20:25:00,RARE
161.08,161.51,160.905,161.17,3192,2020-12-16 20:30:00,RARE
161.35,161.39,160.0,160.0,2372,2020-12-16 20:35:00,RARE
160.38,160.75,160.045,160.74,2100,2020-12-16 20:40:00,RARE
160.62,161.125,160.61,160.86,2500,2020-12-16 20:45:00,RARE
160.77,161.64,160.51,161.33,5620,2020-12-16 20:50:00,RARE
161.28,161.39,160.61,160.9,13580,2020-12-16 20:55:00,RARE
160.86,160.86,160.86,160.86,74917,2020-12-16 21:00:00,RARE
162.03,164.23,162.03,163.185,3438,2020-12-17 14:30:00,RARE
162.69,162.69,161.53,161.53,326,2020-12-17 14:35:00,RARE
162.5568,162.76,162.5568,162.76,430,2020-12-17 14:40:00,RARE
162.82,163.779,162.76,163.779,1342,2020-12-17 14:45:00,RARE
163.5003,163.5003,163.05,163.05,870,2020-12-17 14:50:00,RARE
162.76,163.17,162.0523,162.65,700,2020-12-17 14:55:00,RARE
163.16,163.86,163.04,163.22,714,2020-12-17 15:00:00,RARE
163.83,164.31,163.73,163.73,807,2020-12-17 15:05:00,RARE
164.16,164.59,164.05,164.22,3210,2020-12-17 15:10:00,RARE
164.56,164.65,164.23,164.57,700,2020-12-17 15:15:00,RARE
164.71,165.64,164.71,165.42,1718,2020-12-17 15:20:00,RARE
165.37,165.38,165.37,165.38,300,2020-12-17 15:25:00,RARE
165.2614,165.8991,165.2614,165.47,475,2020-12-17 15:30:00,RARE
165.23,165.24,165.12,165.12,400,2020-12-17 15:35:00,RARE
165.11,165.58,164.82,165.36,2813,2020-12-17 15:45:00,RARE
165.3371,165.65,165.3371,165.415,459,2020-12-17 15:50:00,RARE
165.62,165.74,165.25,165.25,1240,2020-12-17 15:55:00,RARE
165.18,165.25,165.03,165.03,505,2020-12-17 16:00:00,RARE
165.24,165.47,165.22,165.22,919,2020-12-17 16:05:00,RARE
165.8,165.8,165.64,165.64,340,2020-12-17 16:10:00,RARE
166.01,166.32,165.86,165.86,2296,2020-12-17 16:15:00,RARE
165.78,166.2,165.78,166.2,319,2020-12-17 16:20:00,RARE
166.33,166.95,166.33,166.95,14796,2020-12-17 16:25:00,RARE
166.72,166.96,165.73,165.75,5327,2020-12-17 16:30:00,RARE
165.74,165.74,165.4,165.4,300,2020-12-17 16:35:00,RARE
165.01,165.55,164.82,165.55,1800,2020-12-17 16:40:00,RARE
165.8496,165.8496,165.56,165.79,875,2020-12-17 16:45:00,RARE
165.39,165.39,164.97,164.97,1309,2020-12-17 16:50:00,RARE
165.05,165.13,164.82,165.11,1923,2020-12-17 16:55:00,RARE
165.23,165.43,164.9,165.09,4111,2020-12-17 17:00:00,RARE
165.095,165.26,165.0,165.0,500,2020-12-17 17:05:00,RARE
165.0116,165.34,165.0116,165.21,1572,2020-12-17 17:10:00,RARE
164.98,165.49,164.98,165.49,694,2020-12-17 17:15:00,RARE
165.5,165.8,165.5,165.8,3177,2020-12-17 17:20:00,RARE
165.81,166.1,165.77,166.1,1125,2020-12-17 17:25:00,RARE
166.25,166.25,165.7,165.77,3745,2020-12-17 17:30:00,RARE
165.7629,165.7629,165.7629,165.7629,200,2020-12-17 17:35:00,RARE
165.98,166.09,165.97,165.97,400,2020-12-17 17:40:00,RARE
166.3,166.34,165.07,165.07,6442,2020-12-17 17:45:00,RARE
165.09,165.59,164.88,165.435,11863,2020-12-17 17:50:00,RARE
165.495,165.82,165.495,165.82,21495,2020-12-17 17:55:00,RARE
165.51,165.9,165.51,165.7,600,2020-12-17 18:00:00,RARE
165.68,165.82,165.65,165.82,600,2020-12-17 18:05:00,RARE
165.95,166.27,165.71,165.71,1200,2020-12-17 18:10:00,RARE
165.71,165.77,165.22,165.22,1715,2020-12-17 18:15:00,RARE
165.305,165.305,164.985,165.04,505,2020-12-17 18:20:00,RARE
165.06,165.18,164.995,164.995,1040,2020-12-17 18:25:00,RARE
164.87,164.87,164.77,164.77,500,2020-12-17 18:30:00,RARE
164.99,165.25,164.99,165.25,1115,2020-12-17 18:35:00,RARE
165.32,165.765,165.26,165.64,30100,2020-12-17 18:40:00,RARE
165.645,165.645,165.25,165.395,2251,2020-12-17 18:45:00,RARE
165.35,165.4932,165.23,165.38,977,2020-12-17 18:50:00,RARE
165.19,165.3,164.8,164.8,1400,2020-12-17 18:55:00,RARE
164.96,165.05,164.8069,165.05,900,2020-12-17 19:00:00,RARE
165.01,165.19,164.98,164.98,700,2020-12-17 19:05:00,RARE
165.13,165.33,165.01,165.205,2926,2020-12-17 19:10:00,RARE
165.2,165.2,164.99,165.045,2900,2020-12-17 19:15:00,RARE
165.11,165.27,164.73,164.95,2600,2020-12-17 19:20:00,RARE
164.84,165.065,164.7,164.885,1473,2020-12-17 19:25:00,RARE
164.9,165.14,164.83,165.0225,2100,2020-12-17 19:30:00,RARE
165.07,165.07,164.87,164.88,3300,2020-12-17 19:35:00,RARE
165.0,165.05,164.85,165.0,1900,2020-12-17 19:40:00,RARE
165.03,165.13,164.99,165.115,1500,2020-12-17 19:45:00,RARE
165.17,165.23,164.88,164.95,2400,2020-12-17 19:50:00,RARE
164.86,165.2175,164.84,165.07,1700,2020-12-17 19:55:00,RARE
165.115,165.115,164.9275,165.02,1500,2020-12-17 20:00:00,RARE
165.0,165.03,164.81,164.9137,1733,2020-12-17 20:05:00,RARE
164.9,165.02,164.87,164.98,1600,2020-12-17 20:10:00,RARE
164.97,165.1,164.9,164.9,4077,2020-12-17 20:15:00,RARE
165.1,165.1,164.93,165.0,2108,2020-12-17 20:20:00,RARE
164.93,165.06,164.85,164.91,2000,2020-12-17 20:25:00,RARE
164.92,165.1,164.8,165.07,3700,2020-12-17 20:30:00,RARE
165.07,165.07,164.82,164.82,1900,2020-12-17 20:35:00,RARE
164.92,165.05,164.55,164.72,7880,2020-12-17 20:40:00,RARE
164.5,165.1,164.37,165.0,4000,2020-12-17 20:45:00,RARE
164.88,165.17,164.88,165.0,16161,2020-12-17 20:50:00,RARE
165.04,165.09,164.23,164.65,26627,2020-12-17 20:55:00,RARE
164.56,164.56,164.56,164.56,56894,2020-12-17 21:00:00,RARE
163.64,164.58,163.5644,163.815,152962,2020-12-18 14:30:00,RARE
163.22,164.07,163.13,164.065,1846,2020-12-18 14:35:00,RARE
164.08,165.35,163.99,164.275,6284,2020-12-18 14:40:00,RARE
163.7,163.945,162.825,163.78,1195,2020-12-18 14:45:00,RARE
164.3339,164.92,163.35,164.4689,2544,2020-12-18 14:50:00,RARE
164.89,165.35,164.77,165.11,3600,2020-12-18 14:55:00,RARE
164.91,165.35,164.79,165.0,26319,2020-12-18 15:00:00,RARE
165.0,165.12,164.81,164.81,2139,2020-12-18 15:05:00,RARE
164.94,165.27,164.1,165.27,800,2020-12-18 15:10:00,RARE
164.96,165.04,164.47,164.47,2458,2020-12-18 15:15:00,RARE
164.92,164.92,164.715,164.86,411,2020-12-18 15:20:00,RARE
164.885,165.24,164.81,164.91,1400,2020-12-18 15:25:00,RARE
164.74,165.02,164.62,164.62,1100,2020-12-18 15:30:00,RARE
164.8,164.8,164.11,164.11,400,2020-12-18 15:35:00,RARE
164.04,164.73,163.74,164.585,2330,2020-12-18 15:40:00,RARE
164.71,164.785,164.71,164.785,200,2020-12-18 15:45:00,RARE
164.69,165.115,164.65,164.71,4085,2020-12-18 15:50:00,RARE
164.87,165.35,164.87,165.065,11358,2020-12-18 15:55:00,RARE
165.0575,165.55,165.02,165.32,5400,2020-12-18 16:00:00,RARE
165.46,165.46,165.02,165.145,1502,2020-12-18 16:05:00,RARE
165.31,165.505,163.7501,164.855,18547,2020-12-18 16:10:00,RARE
164.72,164.87,164.5,164.87,1612,2020-12-18 16:15:00,RARE
164.915,164.915,164.37,164.645,1700,2020-12-18 16:20:00,RARE
164.885,165.0,164.675,164.68,2660,2020-12-18 16:25:00,RARE
164.68,164.84,164.37,164.57,1851,2020-12-18 16:30:00,RARE
164.74,164.86,164.74,164.86,541,2020-12-18 16:35:00,RARE
164.53,164.89,164.53,164.89,913,2020-12-18 16:40:00,RARE
165.0,165.0,164.7,164.895,2217,2020-12-18 16:45:00,RARE
164.61,164.61,164.28,164.28,386,2020-12-18 16:50:00,RARE
164.11,164.485,164.1,164.18,2107,2020-12-18 16:55:00,RARE
164.15,164.15,163.995,164.09,322,2020-12-18 17:00:00,RARE
163.87,164.479,163.84,164.479,1860,2020-12-18 17:05:00,RARE
164.46,165.54,164.46,165.47,5981,2020-12-18 17:10:00,RARE
165.395,165.69,165.33,165.67,3640,2020-12-18 17:15:00,RARE
165.52,165.68,165.52,165.68,1891,2020-12-18 17:20:00,RARE
165.7,166.07,165.56,165.56,3708,2020-12-18 17:25:00,RARE
165.22,165.39,165.01,165.39,1100,2020-12-18 17:30:00,RARE
165.36,165.36,164.96,165.08,1116,2020-12-18 17:35:00,RARE
164.875,165.29,164.75,165.12,2051,2020-12-18 17:40:00,RARE
165.53,165.57,165.01,165.04,2921,2020-12-18 17:45:00,RARE
164.98,164.98,164.235,164.55,3277,2020-12-18 17:50:00,RARE
164.515,164.59,164.29,164.57,1590,2020-12-18 17:55:00,RARE
164.64,164.65,164.36,164.43,1600,2020-12-18 18:00:00,RARE
164.502,164.83,164.502,164.8107,725,2020-12-18 18:05:00,RARE
164.92,164.92,164.53,164.62,1625,2020-12-18 18:10:00,RARE
164.48,164.6,164.36,164.6,1288,2020-12-18 18:15:00,RARE
164.6,164.605,164.23,164.27,1200,2020-12-18 18:20:00,RARE
164.56,164.92,164.56,164.6,2905,2020-12-18 18:25:00,RARE
164.72,164.93,164.72,164.77,1600,2020-12-18 18:30:00,RARE
165.0,165.09,165.0,165.09,700,2020-12-18 18:35:00,RARE
165.14,165.6,165.14,165.6,700,2020-12-18 18:40:00,RARE
165.74,165.74,165.13,165.37,2200,2020-12-18 18:45:00,RARE
165.52,165.73,165.52,165.73,500,2020-12-18 18:50:00,RARE
165.87,165.93,165.78,165.93,1000,2020-12-18 18:55:00,RARE
166.14,166.48,165.975,166.28,1700,2020-12-18 19:00:00,RARE
166.31,166.32,165.98,166.32,2104,2020-12-18 19:05:00,RARE
166.165,166.32,166.11,166.11,1300,2020-12-18 19:10:00,RARE
166.01,166.52,165.98,166.31,1105,2020-12-18 19:15:00,RARE
166.58,166.59,166.24,166.4147,1500,2020-12-18 19:20:00,RARE
166.13,166.64,166.13,166.53,1100,2020-12-18 19:25:00,RARE
166.67,166.76,166.4,166.62,2100,2020-12-18 19:30:00,RARE
166.58,166.595,166.58,166.595,400,2020-12-18 19:35:00,RARE
166.7,166.7,166.19,166.19,2000,2020-12-18 19:40:00,RARE
166.26,166.45,166.26,166.435,502,2020-12-18 19:45:00,RARE
166.42,166.6,166.26,166.6,1003,2020-12-18 19:50:00,RARE
166.29,166.42,166.11,166.365,700,2020-12-18 19:55:00,RARE
166.63,166.63,165.64,165.755,3302,2020-12-18 20:00:00,RARE
165.84,165.92,164.09,164.09,11357,2020-12-18 20:05:00,RARE
164.09,164.85,164.0,164.77,7089,2020-12-18 20:10:00,RARE
164.93,165.03,164.69,164.96,1600,2020-12-18 20:15:00,RARE
164.855,164.855,164.29,164.53,1900,2020-12-18 20:20:00,RARE
164.375,164.57,164.375,164.495,1200,2020-12-18 20:25:00,RARE
164.33,164.9,164.2306,164.73,2844,2020-12-18 20:30:00,RARE
164.45,164.98,164.39,164.79,4650,2020-12-18 20:35:00,RARE
164.78,165.38,164.74,165.3,3700,2020-12-18 20:40:00,RARE
165.3,165.91,165.3,165.605,4977,2020-12-18 20:45:00,RARE
165.38,168.39,163.91,168.39,34548,2020-12-18 20:50:00,RARE
167.66,168.32,165.67,168.04,66165,2020-12-18 20:55:00,RARE
168.04,168.05,168.04,168.04,551374,2020-12-18 21:00:00,RARE
168.04,168.04,168.04,168.04,47099,2020-12-18 21:15:00,RARE
168.04,168.04,168.04,168.04,59891,2020-12-18 22:35:00,RARE
169.85,169.85,169.85,169.85,100,2020-12-19 00:55:00,RARE
168.04,168.04,168.04,168.04,100,2020-12-21 13:55:00,RARE
163.67,167.0,161.98,167.0,18421,2020-12-21 14:30:00,RARE
165.85,167.36,165.15,166.035,3937,2020-12-21 14:35:00,RARE
165.395,165.58,162.94,162.94,3595,2020-12-21 14:40:00,RARE
162.49,164.3,162.48,164.23,3477,2020-12-21 14:45:00,RARE
165.3,166.72,165.3,166.69,2004,2020-12-21 14:50:00,RARE
167.29,167.29,165.71,165.9137,3439,2020-12-21 14:55:00,RARE
165.77,166.74,165.77,166.47,3846,2020-12-21 15:00:00,RARE
165.82,165.82,164.325,165.17,2630,2020-12-21 15:05:00,RARE
165.43,166.34,164.28,164.28,1600,2020-12-21 15:10:00,RARE
163.81,164.2,163.225,163.255,3856,2020-12-21 15:15:00,RARE
163.55,164.54,163.3301,164.54,3794,2020-12-21 15:20:00,RARE
165.14,166.05,164.86,165.12,2100,2020-12-21 15:25:00,RARE
164.93,165.42,164.19,164.57,8683,2020-12-21 15:30:00,RARE
164.67,165.42,164.505,165.42,8529,2020-12-21 15:35:00,RARE
165.4,167.0,165.4,166.175,25503,2020-12-21 15:40:00,RARE
166.0,166.0,164.44,164.85,5812,2020-12-21 15:45:00,RARE
164.845,165.1,164.56,164.94,10968,2020-12-21 15:50:00,RARE
164.775,166.44,164.37,166.44,3449,2020-12-21 15:55:00,RARE
166.74,166.99,165.39,165.39,2100,2020-12-21 16:00:00,RARE
166.28,166.33,165.76,166.33,500,2020-12-21 16:05:00,RARE
166.39,166.59,165.65,166.3,1555,2020-12-21 16:10:00,RARE
166.57,166.855,166.33,166.595,2200,2020-12-21 16:15:00,RARE
166.33,166.33,165.9283,166.3,316,2020-12-21 16:20:00,RARE
166.2,166.7,166.2,166.47,843,2020-12-21 16:25:00,RARE
166.83,166.83,166.545,166.545,200,2020-12-21 16:30:00,RARE
166.37,167.4,166.37,167.025,3200,2020-12-21 16:35:00,RARE
167.025,167.1928,166.32,166.4,9239,2020-12-21 16:40:00,RARE
166.63,167.05,166.4,166.86,2100,2020-12-21 16:45:00,RARE
166.67,166.905,166.65,166.86,2700,2020-12-21 16:50:00,RARE
166.86,167.05,166.36,166.86,3489,2020-12-21 16:55:00,RARE
166.86,167.35,166.86,167.07,1412,2020-12-21 17:00:00,RARE
167.04,167.161,167.04,167.05,1500,2020-12-21 17:05:00,RARE
167.33,167.33,166.73,166.73,700,2020-12-21 17:10:00,RARE
166.6,166.6,166.06,166.06,300,2020-12-21 17:15:00,RARE
166.33,166.38,165.9,166.01,12294,2020-12-21 17:20:00,RARE
166.22,166.25,166.02,166.23,700,2020-12-21 17:25:00,RARE
166.145,167.06,166.145,167.06,6007,2020-12-21 17:30:00,RARE
166.69,166.69,166.35,166.47,1029,2020-12-21 17:35:00,RARE
166.47,166.52,166.2,166.2,1500,2020-12-21 17:40:00,RARE
166.12,166.58,166.1,166.58,700,2020-12-21 17:45:00,RARE
165.9696,166.79,165.9696,166.79,2313,2020-12-21 17:50:00,RARE
166.7,166.7,166.675,166.68,800,2020-12-21 17:55:00,RARE
166.68,167.03,166.525,166.7,2370,2020-12-21 18:00:00,RARE
166.78,167.17,166.72,167.04,5223,2020-12-21 18:05:00,RARE
167.105,167.12,166.94,167.12,300,2020-12-21 18:10:00,RARE
167.25,167.37,166.88,166.88,1500,2020-12-21 18:15:00,RARE
166.86,166.88,166.69,166.88,1100,2020-12-21 18:20:00,RARE
166.79,166.79,166.3,166.405,1400,2020-12-21 18:25:00,RARE
166.445,166.66,166.44,166.62,3207,2020-12-21 18:30:00,RARE
166.66,166.68,166.49,166.491,900,2020-12-21 18:35:00,RARE
166.47,166.9,166.175,166.175,3652,2020-12-21 18:40:00,RARE
166.0,167.07,166.0,166.97,4080,2020-12-21 18:45:00,RARE
167.17,167.38,166.85,167.3,4200,2020-12-21 18:50:00,RARE
167.29,167.655,167.29,167.39,2437,2020-12-21 18:55:00,RARE
167.385,167.405,167.3,167.405,400,2020-12-21 19:00:00,RARE
167.16,167.41,166.95,167.24,3799,2020-12-21 19:05:00,RARE
167.41,167.435,167.41,167.435,331,2020-12-21 19:10:00,RARE
167.33,167.44,167.26,167.26,1882,2020-12-21 19:15:00,RARE
167.41,167.53,167.06,167.14,2300,2020-12-21 19:20:00,RARE
167.205,167.36,167.07,167.36,600,2020-12-21 19:25:00,RARE
167.43,167.43,167.28,167.41,300,2020-12-21 19:30:00,RARE
167.445,167.91,167.445,167.655,1200,2020-12-21 19:35:00,RARE
167.63,167.79,167.41,167.525,1530,2020-12-21 19:40:00,RARE
167.4,167.4,167.4,167.4,100,2020-12-21 19:45:00,RARE
167.8,168.0,167.68,167.845,1700,2020-12-21 19:50:00,RARE
167.76,167.93,167.74,167.79,1385,2020-12-21 19:55:00,RARE
167.825,168.03,167.825,167.995,656,2020-12-21 20:00:00,RARE
167.82,167.82,167.46,167.46,940,2020-12-21 20:05:00,RARE
167.45,167.605,167.17,167.17,1879,2020-12-21 20:10:00,RARE
167.215,167.215,167.215,167.215,500,2020-12-21 20:15:00,RARE
167.22,167.5,167.22,167.2725,800,2020-12-21 20:20:00,RARE
167.4,167.6019,167.08,167.22,1300,2020-12-21 20:25:00,RARE
167.26,167.35,167.21,167.21,1100,2020-12-21 20:30:00,RARE
167.36,167.42,167.2,167.36,1500,2020-12-21 20:35:00,RARE
167.4,167.4,167.1,167.27,1821,2020-12-21 20:40:00,RARE
167.135,167.705,167.13,167.59,5989,2020-12-21 20:45:00,RARE
167.68,167.68,167.215,167.37,9370,2020-12-21 20:50:00,RARE
167.33,167.825,167.13,167.14,28852,2020-12-21 20:55:00,RARE
167.4,167.4,167.4,167.4,47520,2020-12-21 21:00:00,RARE
167.4,167.4,167.4,167.4,17723,2020-12-21 22:00:00,RARE
169.18,169.59,167.4,168.555,4450,2020-12-22 14:30:00,RARE
167.42,168.165,166.28,168.02,1000,2020-12-22 14:35:00,RARE
167.795,168.73,167.795,168.25,900,2020-12-22 14:40:00,RARE
168.25,168.25,167.925,167.97,400,2020-12-22 14:45:00,RARE
167.96,169.8,166.4847,168.7,8870,2020-12-22 14:50:00,RARE
168.335,170.01,168.26,170.01,3260,2020-12-22 14:55:00,RARE
169.42,170.26,169.115,169.115,1900,2020-12-22 15:00:00,RARE
170.1,170.47,168.87,169.66,1939,2020-12-22 15:05:00,RARE
169.665,169.665,168.48,168.48,1323,2020-12-22 15:10:00,RARE
169.41,169.47,168.42,169.21,1500,2020-12-22 15:15:00,RARE
169.235,169.37,168.465,169.37,3100,2020-12-22 15:20:00,RARE
169.38,170.0,168.655,169.585,48170,2020-12-22 15:25:00,RARE
169.585,170.48,169.53,169.54,4192,2020-12-22 15:30:00,RARE
169.53,170.85,169.53,170.85,1350,2020-12-22 15:35:00,RARE
170.94,171.44,170.81,170.81,1914,2020-12-22 15:40:00,RARE
171.1,171.34,170.72,170.92,1900,2020-12-22 15:45:00,RARE
170.41,170.5,170.2,170.285,1236,2020-12-22 15:50:00,RARE
170.35,171.555,170.26,171.555,3193,2020-12-22 15:55:00,RARE
171.555,171.9739,171.12,171.59,7200,2020-12-22 16:00:00,RARE
171.27,172.42,171.27,172.42,1100,2020-12-22 16:05:00,RARE
173.12,173.805,172.8226,173.78,1348,2020-12-22 16:10:00,RARE
173.705,173.79,173.157,173.34,3278,2020-12-22 16:15:00,RARE
173.605,173.605,172.69,172.77,1100,2020-12-22 16:20:00,RARE
171.84,173.06,171.84,173.06,1700,2020-12-22 16:30:00,RARE
173.24,173.24,172.1971,172.51,2350,2020-12-22 16:35:00,RARE
172.54,172.55,172.3601,172.51,602,2020-12-22 16:40:00,RARE
172.485,172.485,171.58,171.58,1300,2020-12-22 16:45:00,RARE
172.14,172.35,171.97,172.05,1673,2020-12-22 16:50:00,RARE
172.215,172.45,171.315,171.315,3957,2020-12-22 16:55:00,RARE
171.275,172.11,171.275,172.11,1286,2020-12-22 17:00:00,RARE
172.0279,172.085,171.71,171.835,4225,2020-12-22 17:05:00,RARE
172.06,172.43,172.06,172.255,16000,2020-12-22 17:10:00,RARE
172.42,172.43,171.96,172.01,4700,2020-12-22 17:15:00,RARE
172.585,172.585,172.585,172.585,100,2020-12-22 17:20:00,RARE
172.4615,173.04,172.4615,172.67,1574,2020-12-22 17:25:00,RARE
172.57,172.57,172.57,172.57,100,2020-12-22 17:30:00,RARE
172.97,173.4686,172.97,173.4686,1100,2020-12-22 17:35:00,RARE
173.52,173.52,173.19,173.48,955,2020-12-22 17:40:00,RARE
173.67,173.78,173.05,173.6404,12146,2020-12-22 17:45:00,RARE
173.99,174.5704,173.99,174.5704,415,2020-12-22 17:50:00,RARE
174.52,174.66,174.15,174.405,1140,2020-12-22 17:55:00,RARE
174.3995,174.63,174.25,174.28,3200,2020-12-22 18:00:00,RARE
174.16,174.16,173.76,173.76,600,2020-12-22 18:05:00,RARE
173.78,174.17,173.66,174.17,1700,2020-12-22 18:10:00,RARE
174.13,174.525,174.02,174.525,900,2020-12-22 18:15:00,RARE
174.9,175.58,174.83,175.15,32982,2020-12-22 18:20:00,RARE
175.32,175.32,174.96,174.96,1000,2020-12-22 18:25:00,RARE
174.95,175.11,174.53,174.62,800,2020-12-22 18:30:00,RARE
174.47,174.84,174.47,174.84,630,2020-12-22 18:35:00,RARE
174.75,174.75,174.11,174.14,1800,2020-12-22 18:40:00,RARE
174.11,174.11,173.99,173.99,600,2020-12-22 18:45:00,RARE
173.755,173.755,173.755,173.755,100,2020-12-22 18:50:00,RARE
173.52,173.96,172.895,173.04,4708,2020-12-22 18:55:00,RARE
173.085,173.165,173.085,173.165,234,2020-12-22 19:00:00,RARE
173.195,173.4663,173.195,173.4663,949,2020-12-22 19:05:00,RARE
173.4,173.425,173.05,173.05,1600,2020-12-22 19:10:00,RARE
173.05,173.41,173.04,173.36,1123,2020-12-22 19:15:00,RARE
173.36,173.62,173.31,173.315,2000,2020-12-22 19:20:00,RARE
173.45,173.62,173.32,173.435,2400,2020-12-22 19:25:00,RARE
173.4725,173.59,173.36,173.44,3206,2020-12-22 19:30:00,RARE
173.57,173.58,172.56,172.56,5129,2020-12-22 19:35:00,RARE
172.765,173.015,172.485,173.015,4803,2020-12-22 19:40:00,RARE
172.9408,173.015,172.9408,173.015,320,2020-12-22 19:45:00,RARE
173.13,173.45,172.92,172.92,1300,2020-12-22 19:50:00,RARE
172.865,173.02,172.84,172.84,1100,2020-12-22 19:55:00,RARE
172.91,173.295,172.85,172.93,700,2020-12-22 20:00:00,RARE
173.0,173.185,172.73,173.185,3100,2020-12-22 20:05:00,RARE
173.485,173.56,173.21,173.465,2300,2020-12-22 20:10:00,RARE
173.68,173.6953,173.33,173.515,868,2020-12-22 20:15:00,RARE
173.52,173.575,173.21,173.21,852,2020-12-22 20:20:00,RARE
173.335,173.335,173.15,173.23,700,2020-12-22 20:25:00,RARE
173.1,173.65,172.38,172.7,8441,2020-12-22 20:30:00,RARE
172.7,173.05,172.51,172.72,4500,2020-12-22 20:35:00,RARE
172.72,172.955,172.395,172.63,7540,2020-12-22 20:40:00,RARE
172.63,173.34,172.32,172.98,4889,2020-12-22 20:45:00,RARE
173.19,173.47,172.58,172.99,7907,2020-12-22 20:50:00,RARE
172.84,173.19,172.74,173.08,20936,2020-12-22 20:55:00,RARE
173.0,173.0,173.0,173.0,73204,2020-12-22 21:00:00,RARE
173.0,173.0,173.0,173.0,491,2020-12-22 21:25:00,RARE
173.0,173.0,173.0,173.0,34000,2020-12-22 21:40:00,RARE
173.0,173.0,173.0,173.0,15059,2020-12-22 22:35:00,RARE
173.0,173.0,173.0,173.0,15059,2020-12-22 23:00:00,RARE
174.28,174.28,170.15,170.15,5931,2020-12-23 14:30:00,RARE
171.715,172.49,170.63,171.764,1400,2020-12-23 14:35:00,RARE
171.905,172.12,169.4934,169.4934,9245,2020-12-23 14:40:00,RARE
169.87,170.03,168.0439,170.03,1700,2020-12-23 14:45:00,RARE
170.0299,171.29,169.15,170.35,7026,2020-12-23 14:50:00,RARE
171.125,171.125,168.41,170.67,1900,2020-12-23 14:55:00,RARE
169.975,169.975,168.73,168.905,3700,2020-12-23 15:00:00,RARE
168.735,169.6898,168.11,169.33,11551,2020-12-23 15:05:00,RARE
169.495,172.18,169.495,172.18,2790,2020-12-23 15:10:00,RARE
171.73,171.73,169.58,170.7,1700,2020-12-23 15:15:00,RARE
170.905,171.7,170.905,171.7,1050,2020-12-23 15:20:00,RARE
171.165,172.49,170.91,170.91,3307,2020-12-23 15:25:00,RARE
170.91,172.35,170.91,172.35,2100,2020-12-23 15:30:00,RARE
172.5,172.85,171.995,172.62,2367,2020-12-23 15:35:00,RARE
172.33,172.33,171.26,171.26,3200,2020-12-23 15:40:00,RARE
171.56,172.1,171.31,172.065,8906,2020-12-23 15:45:00,RARE
172.065,172.12,172.065,172.12,506,2020-12-23 15:50:00,RARE
172.56,173.13,172.29,172.29,3449,2020-12-23 15:55:00,RARE
172.39,172.78,172.39,172.78,400,2020-12-23 16:05:00,RARE
172.99,173.0,172.74,172.74,673,2020-12-23 16:10:00,RARE
173.435,173.4599,173.435,173.4599,200,2020-12-23 16:20:00,RARE
173.41,173.46,172.48,172.91,4315,2020-12-23 16:25:00,RARE
172.92,174.165,172.92,174.165,972,2020-12-23 16:30:00,RARE
173.73,174.05,173.73,174.05,300,2020-12-23 16:35:00,RARE
174.29,174.36,174.02,174.02,600,2020-12-23 16:45:00,RARE
173.83,173.855,173.66,173.8155,800,2020-12-23 16:50:00,RARE
174.02,174.02,173.82,174.0,550,2020-12-23 16:55:00,RARE
174.04,174.04,173.69,173.7,659,2020-12-23 17:00:00,RARE
173.66,173.7,173.545,173.7,400,2020-12-23 17:05:00,RARE
173.935,174.43,173.87,174.43,1600,2020-12-23 17:10:00,RARE
174.13,174.2,174.125,174.2,395,2020-12-23 17:15:00,RARE
174.57,174.57,174.57,174.57,100,2020-12-23 17:20:00,RARE
174.21,174.405,174.17,174.17,301,2020-12-23 17:25:00,RARE
174.14,174.19,174.1,174.19,1000,2020-12-23 17:30:00,RARE
174.41,175.175,174.31,175.175,1000,2020-12-23 17:35:00,RARE
175.02,175.48,174.82,175.48,800,2020-12-23 17:40:00,RARE
175.09,175.33,174.95,174.95,687,2020-12-23 17:45:00,RARE
175.035,175.375,175.03,175.165,1054,2020-12-23 17:50:00,RARE
175.97,176.0,175.97,176.0,600,2020-12-23 17:55:00,RARE
176.075,176.76,175.835,176.76,3400,2020-12-23 18:00:00,RARE
176.375,176.375,175.73,175.925,1692,2020-12-23 18:05:00,RARE
175.67,176.505,175.67,176.505,1500,2020-12-23 18:15:00,RARE
176.265,176.53,176.15,176.53,1200,2020-12-23 18:20:00,RARE
176.17,176.6,176.17,176.435,733,2020-12-23 18:25:00,RARE
176.075,176.9119,175.84,176.555,1900,2020-12-23 18:30:00,RARE
176.56,176.71,176.45,176.46,656,2020-12-23 18:35:00,RARE
177.065,177.065,176.11,176.11,1638,2020-12-23 18:40:00,RARE
176.385,176.385,176.385,176.385,200,2020-12-23 18:45:00,RARE
176.32,176.775,176.32,176.515,600,2020-12-23 18:50:00,RARE
176.565,176.565,176.565,176.565,100,2020-12-23 18:55:00,RARE
176.56,176.56,176.56,176.56,100,2020-12-23 19:00:00,RARE
176.8,177.26,176.8,176.915,900,2020-12-23 19:05:00,RARE
177.37,177.37,176.915,177.0676,700,2020-12-23 19:10:00,RARE
177.37,177.37,176.66,176.695,1000,2020-12-23 19:15:00,RARE
176.9,177.305,176.73,176.79,1800,2020-12-23 19:20:00,RARE
177.08,177.08,176.83,176.83,300,2020-12-23 19:25:00,RARE
176.785,176.96,176.68,176.82,1418,2020-12-23 19:30:00,RARE
176.82,177.13,176.68,176.795,5340,2020-12-23 19:35:00,RARE
176.715,176.945,176.5,176.945,2742,2020-12-23 19:40:00,RARE
176.76,176.805,176.46,176.665,1700,2020-12-23 19:45:00,RARE
176.665,176.665,176.16,176.16,1600,2020-12-23 19:50:00,RARE
176.05,176.42,176.05,176.185,2600,2020-12-23 19:55:00,RARE
176.185,176.56,176.0,176.375,11240,2020-12-23 20:00:00,RARE
176.4,176.785,176.4,176.63,400,2020-12-23 20:05:00,RARE
176.93,177.05,176.62,177.05,2640,2020-12-23 20:10:00,RARE
176.925,177.06,176.79,176.93,2397,2020-12-23 20:15:00,RARE
176.77,176.89,176.77,176.89,300,2020-12-23 20:20:00,RARE
176.91,177.0,176.5,176.95,2327,2020-12-23 20:25:00,RARE
176.83,177.0,176.54,176.97,6954,2020-12-23 20:30:00,RARE
177.105,177.16,176.47,177.16,6116,2020-12-23 20:35:00,RARE
176.985,177.66,176.98,177.63,14500,2020-12-23 20:40:00,RARE
177.45,177.61,177.18,177.61,1977,2020-12-23 20:45:00,RARE
177.62,177.76,177.32,177.705,5509,2020-12-23 20:50:00,RARE
177.75,177.965,177.24,177.39,12000,2020-12-23 20:55:00,RARE
177.39,177.39,177.39,177.39,32511,2020-12-23 21:00:00,RARE
177.39,177.39,177.39,177.39,3091,2020-12-23 22:15:00,RARE
179.09,179.09,168.7577,176.295,5028,2020-12-24 14:30:00,RARE
176.25,176.25,176.25,176.25,100,2020-12-24 14:35:00,RARE
177.845,178.49,177.845,178.49,350,2020-12-24 14:40:00,RARE
178.96,178.96,178.96,178.96,170,2020-12-24 14:45:00,RARE
178.72,178.76,177.065,178.73,970,2020-12-24 14:55:00,RARE
177.86,177.86,177.86,177.86,100,2020-12-24 15:00:00,RARE
177.84,179.12,177.275,179.12,5355,2020-12-24 15:05:00,RARE
178.45,178.885,177.92,177.92,1315,2020-12-24 15:10:00,RARE
178.25,178.25,178.25,178.25,200,2020-12-24 15:15:00,RARE
178.172,178.172,178.172,178.172,279,2020-12-24 15:20:00,RARE
178.105,178.35,177.53,177.73,600,2020-12-24 15:30:00,RARE
177.0901,178.63,177.0901,178.475,1177,2020-12-24 15:35:00,RARE
179.03,179.49,178.415,178.415,1300,2020-12-24 15:40:00,RARE
179.43,179.63,179.43,179.63,500,2020-12-24 15:45:00,RARE
179.647,179.647,178.19,178.265,2125,2020-12-24 15:55:00,RARE
178.22,178.42,178.12,178.33,800,2020-12-24 16:00:00,RARE
178.53,179.1,176.81,177.56,5000,2020-12-24 16:05:00,RARE
177.19,177.45,176.71,176.89,1900,2020-12-24 16:10:00,RARE
176.98,177.22,176.98,177.22,700,2020-12-24 16:15:00,RARE
177.42,177.42,176.47,176.47,2500,2020-12-24 16:20:00,RARE
176.4021,176.775,176.4021,176.425,1461,2020-12-24 16:25:00,RARE
176.71,176.97,176.44,176.74,1303,2020-12-24 16:30:00,RARE
177.0,177.39,176.3899,177.0,1300,2020-12-24 16:35:00,RARE
176.19,177.62,176.19,177.4249,1200,2020-12-24 16:40:00,RARE
177.8,178.02,177.8,178.02,400,2020-12-24 16:45:00,RARE
177.5,177.5,177.03,177.03,1335,2020-12-24 16:50:00,RARE
176.76,177.113,176.76,177.113,350,2020-12-24 16:55:00,RARE
177.47,177.5,177.4502,177.4502,400,2020-12-24 17:00:00,RARE
177.23,177.49,176.43,176.43,1066,2020-12-24 17:05:00,RARE
176.85,177.5,176.85,177.5,982,2020-12-24 17:10:00,RARE
177.49,177.49,176.45,176.45,1773,2020-12-24 17:15:00,RARE
176.87,176.87,176.87,176.87,100,2020-12-24 17:20:00,RARE
177.24,177.4,176.57,176.57,670,2020-12-24 17:25:00,RARE
176.59,176.59,174.98,174.98,3000,2020-12-24 17:30:00,RARE
175.67,175.67,174.02,174.02,1700,2020-12-24 17:35:00,RARE
174.405,174.5,174.02,174.06,1900,2020-12-24 17:40:00,RARE
174.11,174.13,174.02,174.02,900,2020-12-24 17:45:00,RARE
174.04,174.16,173.15,173.28,6729,2020-12-24 17:50:00,RARE
173.3,173.6,172.8,172.86,40003,2020-12-24 17:55:00,RARE
172.87,172.87,172.87,172.87,19066,2020-12-24 18:00:00,RARE
172.82,172.82,172.82,172.82,100,2020-12-28 14:05:00,RARE
175.11,175.87,173.03,173.03,5551,2020-12-28 14:30:00,RARE
173.35,173.35,171.375,171.655,5681,2020-12-28 14:35:00,RARE
171.66,173.87,171.66,172.58,2962,2020-12-28 14:40:00,RARE
173.97,173.97,171.55,171.64,4344,2020-12-28 14:45:00,RARE
172.565,173.15,171.19,171.31,6110,2020-12-28 14:50:00,RARE
172.35,173.16,171.6847,172.08,2065,2020-12-28 14:55:00,RARE
172.87,172.87,171.62,172.2,5637,2020-12-28 15:00:00,RARE
172.02,172.245,171.49,171.88,9594,2020-12-28 15:05:00,RARE
171.94,171.94,171.24,171.635,11714,2020-12-28 15:10:00,RARE
171.685,171.8882,170.76,171.13,12691,2020-12-28 15:15:00,RARE
170.95,171.46,170.76,171.46,4724,2020-12-28 15:20:00,RARE
171.04,171.61,170.76,170.9575,9161,2020-12-28 15:25:00,RARE
170.8396,171.29,170.8396,170.99,4547,2020-12-28 15:30:00,RARE
171.15,171.46,171.145,171.22,2251,2020-12-28 15:35:00,RARE
171.26,171.56,171.06,171.35,7813,2020-12-28 15:40:00,RARE
171.49,171.49,171.24,171.445,2116,2020-12-28 15:45:00,RARE
171.3625,173.4501,171.355,173.265,25374,2020-12-28 15:50:00,RARE
173.46,173.625,172.04,172.37,12709,2020-12-28 15:55:00,RARE
172.64,172.64,171.55,171.55,8444,2020-12-28 16:00:00,RARE
171.87,172.25,171.87,172.0,3650,2020-12-28 16:05:00,RARE
172.37,172.37,171.95,172.0,2721,2020-12-28 16:10:00,RARE
172.1,172.1,171.66,171.94,2020,2020-12-28 16:15:00,RARE
172.08,172.2,171.79,171.965,10328,2020-12-28 16:20:00,RARE
171.98,172.87,171.9604,172.82,34698,2020-12-28 16:25:00,RARE
172.82,173.26,172.33,172.33,9766,2020-12-28 16:30:00,RARE
172.57,172.58,172.01,172.09,2633,2020-12-28 16:35:00,RARE
172.315,172.315,171.8,171.97,1984,2020-12-28 16:40:00,RARE
171.97,172.055,171.67,171.86,900,2020-12-28 16:45:00,RARE
172.29,172.62,172.0,172.37,3708,2020-12-28 16:50:00,RARE
172.17,172.72,172.11,172.15,1440,2020-12-28 16:55:00,RARE
172.405,172.585,172.2,172.32,2810,2020-12-28 17:00:00,RARE
172.23,172.415,172.18,172.415,1500,2020-12-28 17:05:00,RARE
172.24,172.595,172.24,172.595,1339,2020-12-28 17:10:00,RARE
172.75,173.25,172.56,172.715,8782,2020-12-28 17:15:00,RARE
172.51,172.93,172.36,172.8,11468,2020-12-28 17:20:00,RARE
172.81,173.0,172.51,172.85,2783,2020-12-28 17:25:00,RARE
172.53,172.53,172.37,172.37,1206,2020-12-28 17:30:00,RARE
172.38,172.76,172.38,172.42,1300,2020-12-28 17:35:00,RARE
172.4,172.63,172.29,172.63,2100,2020-12-28 17:40:00,RARE
172.63,173.05,172.52,172.72,3000,2020-12-28 17:45:00,RARE
172.72,172.775,172.02,172.21,2912,2020-12-28 17:50:00,RARE
172.05,172.25,172.02,172.25,400,2020-12-28 17:55:00,RARE
172.02,172.72,172.02,172.575,2400,2020-12-28 18:00:00,RARE
172.39,172.855,172.33,172.855,3200,2020-12-28 18:05:00,RARE
172.72,172.91,172.5,172.5,2155,2020-12-28 18:10:00,RARE
172.47,172.47,172.08,172.11,2991,2020-12-28 18:15:00,RARE
172.11,172.46,172.11,172.37,1500,2020-12-28 18:20:00,RARE
172.2,173.3,172.19,173.3,3600,2020-12-28 18:25:00,RARE
173.225,173.29,172.54,172.62,11801,2020-12-28 18:30:00,RARE
172.61,172.99,172.57,172.705,2500,2020-12-28 18:35:00,RARE
172.61,172.75,172.12,172.12,1600,2020-12-28 18:40:00,RARE
171.86,172.35,171.86,172.18,2400,2020-12-28 18:45:00,RARE
172.03,172.03,171.34,171.43,2226,2020-12-28 18:50:00,RARE
171.28,171.57,171.25,171.33,600,2020-12-28 18:55:00,RARE
171.33,171.43,171.09,171.33,600,2020-12-28 19:00:00,RARE
171.34,171.61,171.34,171.555,800,2020-12-28 19:05:00,RARE
171.36,172.36,171.34,172.36,2487,2020-12-28 19:10:00,RARE
172.65,173.2,172.44,172.95,1915,2020-12-28 19:15:00,RARE
172.81,173.235,172.71,173.19,1500,2020-12-28 19:20:00,RARE
173.19,173.195,172.93,173.195,600,2020-12-28 19:25:00,RARE
172.93,173.14,172.79,173.12,900,2020-12-28 19:30:00,RARE
172.98,173.095,172.59,172.59,2508,2020-12-28 19:35:00,RARE
172.73,172.86,172.36,172.39,1800,2020-12-28 19:40:00,RARE
172.49,172.78,172.36,172.78,1335,2020-12-28 19:45:00,RARE
172.31,172.525,172.24,172.525,705,2020-12-28 19:50:00,RARE
172.4,172.63,172.26,172.605,1600,2020-12-28 19:55:00,RARE
172.5,172.5,172.18,172.26,1300,2020-12-28 20:00:00,RARE
172.45,172.45,171.7,171.7,710,2020-12-28 20:05:00,RARE
171.445,171.88,171.445,171.665,1500,2020-12-28 20:10:00,RARE
171.86,171.97,171.77,171.77,700,2020-12-28 20:15:00,RARE
171.73,172.135,171.64,172.135,2000,2020-12-28 20:20:00,RARE
172.08,172.08,171.25,171.35,2797,2020-12-28 20:25:00,RARE
171.55,172.27,171.55,172.09,1400,2020-12-28 20:30:00,RARE
171.86,171.94,171.055,171.31,3619,2020-12-28 20:35:00,RARE
171.36,171.42,171.01,171.01,2710,2020-12-28 20:40:00,RARE
171.055,171.265,170.87,170.94,4807,2020-12-28 20:45:00,RARE
170.76,171.05,170.65,170.65,8468,2020-12-28 20:50:00,RARE
170.81,170.83,169.88,169.89,22034,2020-12-28 20:55:00,RARE
169.89,169.89,169.89,169.89,17391,2020-12-28 21:00:00,RARE
169.89,169.89,169.89,169.89,3344,2020-12-28 22:10:00,RARE
168.75,171.305,168.2,169.85,5354,2020-12-29 14:30:00,RARE
169.71,169.71,166.26,166.5978,10065,2020-12-29 14:35:00,RARE
166.26,166.5674,163.11,163.19,10718,2020-12-29 14:40:00,RARE
162.425,163.26,161.53,162.42,9709,2020-12-29 14:45:00,RARE
162.3487,162.395,160.52,160.53,5920,2020-12-29 14:50:00,RARE
160.54,161.0,158.73,158.86,10726,2020-12-29 14:55:00,RARE
158.92,159.255,157.58,158.4,8727,2020-12-29 15:00:00,RARE
158.7516,158.7516,156.95,157.385,9085,2020-12-29 15:05:00,RARE
157.0,157.77,156.93,156.93,9045,2020-12-29 15:10:00,RARE
156.995,157.165,154.46,155.19,10339,2020-12-29 15:15:00,RARE
154.905,157.04,154.905,155.395,11084,2020-12-29 15:20:00,RARE
155.97,156.93,154.49,156.63,19712,2020-12-29 15:25:00,RARE
156.485,156.63,155.71,155.71,15805,2020-12-29 15:30:00,RARE
155.91,156.5,155.67,156.31,21738,2020-12-29 15:35:00,RARE
156.485,156.54,155.52,155.52,11122,2020-12-29 15:40:00,RARE
155.52,155.7,154.7105,155.12,15597,2020-12-29 15:45:00,RARE
155.27,155.45,154.52,155.255,5341,2020-12-29 15:50:00,RARE
155.1879,155.76,154.8,155.51,13727,2020-12-29 15:55:00,RARE
155.7887,155.7887,154.825,154.96,5836,2020-12-29 16:00:00,RARE
154.895,155.12,153.6667,153.93,13591,2020-12-29 16:05:00,RARE
153.94,154.05,152.61,152.91,11231,2020-12-29 16:10:00,RARE
152.98,152.9979,151.28,151.79,9378,2020-12-29 16:15:00,RARE
151.44,151.79,150.47,150.49,15897,2020-12-29 16:20:00,RARE
150.825,151.56,150.68,150.96,23306,2020-12-29 16:25:00,RARE
150.83,151.6912,150.02,150.275,16319,2020-12-29 16:30:00,RARE
150.1,150.33,149.06,149.06,19085,2020-12-29 16:35:00,RARE
149.21,149.21,147.475,147.75,18669,2020-12-29 16:40:00,RARE
148.015,150.28,148.0,149.815,21930,2020-12-29 16:45:00,RARE
149.93,150.0125,147.92,147.92,10170,2020-12-29 16:50:00,RARE
147.88,148.74,147.18,148.74,8626,2020-12-29 16:55:00,RARE
148.93,149.975,148.785,149.9,8662,2020-12-29 17:00:00,RARE
149.8,149.97,149.19,149.7,6121,2020-12-29 17:05:00,RARE
149.81,150.95,149.81,150.665,9102,2020-12-29 17:10:00,RARE
150.67,150.885,150.1,150.1,8561,2020-12-29 17:15:00,RARE
149.92,151.26,149.75,151.065,15809,2020-12-29 17:20:00,RARE
151.035,151.17,150.68,150.815,11194,2020-12-29 17:25:00,RARE
150.815,151.35,150.55,150.765,8314,2020-12-29 17:30:00,RARE
150.54,150.5492,148.7,149.46,7984,2020-12-29 17:35:00,RARE
149.17,149.32,147.7003,148.61,15616,2020-12-29 17:40:00,RARE
148.61,149.115,148.05,148.52,18954,2020-12-29 17:45:00,RARE
148.335,148.74,148.065,148.065,10445,2020-12-29 17:50:00,RARE
147.9401,148.235,147.8608,148.03,3196,2020-12-29 17:55:00,RARE
148.02,148.41,146.4,147.905,15495,2020-12-29 18:00:00,RARE
148.035,148.2224,147.73,147.8796,3317,2020-12-29 18:05:00,RARE
148.0,149.5717,147.845,149.34,9642,2020-12-29 18:10:00,RARE
149.18,150.2056,148.9179,149.855,15152,2020-12-29 18:15:00,RARE
149.855,150.04,149.26,149.51,7766,2020-12-29 18:20:00,RARE
149.51,149.7811,149.38,149.39,7364,2020-12-29 18:25:00,RARE
149.445,149.59,149.24,149.3725,2700,2020-12-29 18:30:00,RARE
149.23,149.23,148.88,148.88,1205,2020-12-29 18:35:00,RARE
148.88,148.99,147.93,148.565,7087,2020-12-29 18:40:00,RARE
148.565,148.811,148.36,148.49,2642,2020-12-29 18:45:00,RARE
148.555,148.555,147.93,148.285,6300,2020-12-29 18:50:00,RARE
147.98,148.045,147.34,147.41,2784,2020-12-29 18:55:00,RARE
147.39,147.39,146.295,146.7303,7576,2020-12-29 19:00:00,RARE
146.53,146.57,144.4917,144.55,39391,2020-12-29 19:05:00,RARE
144.55,145.42,144.02,145.42,20079,2020-12-29 19:10:00,RARE
145.8,146.13,145.479,145.7306,11066,2020-12-29 19:15:00,RARE
145.8075,145.815,144.4801,144.82,11579,2020-12-29 19:20:00,RARE
144.78,144.79,144.22,144.56,5488,2020-12-29 19:25:00,RARE
144.785,145.24,144.58,144.9,12086,2020-12-29 19:30:00,RARE
144.795,145.05,144.6228,144.9494,14590,2020-12-29 19:35:00,RARE
145.0,145.08,144.78,144.855,11088,2020-12-29 19:40:00,RARE
144.85,145.03,144.1632,144.1632,9166,2020-12-29 19:45:00,RARE
144.53,145.02,144.42,144.835,6497,2020-12-29 19:50:00,RARE
144.84,144.84,144.02,144.425,7639,2020-12-29 19:55:00,RARE
144.42,144.7,143.831,144.3341,19557,2020-12-29 20:00:00,RARE
144.37,144.44,142.8,143.03,8509,2020-12-29 20:05:00,RARE
143.02,143.4,142.85,143.11,11877,2020-12-29 20:10:00,RARE
142.88,143.25,142.39,142.62,13289,2020-12-29 20:15:00,RARE
142.5,142.5,141.96,142.39,21533,2020-12-29 20:20:00,RARE
142.43,143.39,142.07,143.39,10005,2020-12-29 20:25:00,RARE
143.28,145.085,143.28,144.565,15951,2020-12-29 20:30:00,RARE
144.565,145.685,144.03,144.04,17422,2020-12-29 20:35:00,RARE
144.03,145.02,143.98,145.02,8728,2020-12-29 20:40:00,RARE
144.81,145.19,144.41,145.09,18922,2020-12-29 20:45:00,RARE
145.05,147.04,145.05,146.62,43180,2020-12-29 20:50:00,RARE
146.79,147.87,146.52,146.94,64571,2020-12-29 20:55:00,RARE
147.44,147.44,147.44,147.44,42138,2020-12-29 21:00:00,RARE
147.1,147.1,147.1,147.1,100,2020-12-29 21:15:00,RARE
147.1,147.1,147.1,147.1,200,2020-12-29 21:20:00,RARE
148.5,149.21,148.15,148.84,13833,2020-12-30 14:30:00,RARE
148.83,150.495,148.8101,150.215,21915,2020-12-30 14:35:00,RARE
150.11,150.24,148.26,148.505,11292,2020-12-30 14:40:00,RARE
148.43,149.15,147.975,148.5,11770,2020-12-30 14:45:00,RARE
148.67,150.45,148.1904,148.55,17359,2020-12-30 14:50:00,RARE
148.45,149.05,146.96,147.18,14255,2020-12-30 14:55:00,RARE
147.385,147.525,145.9701,146.0,25133,2020-12-30 15:00:00,RARE
145.98,147.67,145.73,147.55,14452,2020-12-30 15:05:00,RARE
147.635,148.1,145.78,146.345,13060,2020-12-30 15:10:00,RARE
146.345,148.09,146.3,148.09,5311,2020-12-30 15:15:00,RARE
148.805,148.87,146.55,147.89,20656,2020-12-30 15:20:00,RARE
148.15,149.0,148.03,148.61,1400,2020-12-30 15:25:00,RARE
148.785,148.785,147.04,147.04,6183,2020-12-30 15:30:00,RARE
146.79,146.87,144.72,145.23,9369,2020-12-30 15:35:00,RARE
144.75,145.14,144.02,144.02,5732,2020-12-30 15:40:00,RARE
144.27,145.4,143.8705,145.015,15576,2020-12-30 15:45:00,RARE
144.81,144.94,144.2742,144.7,11779,2020-12-30 15:50:00,RARE
144.585,144.93,143.7401,144.32,7581,2020-12-30 15:55:00,RARE
144.395,144.45,143.3945,143.83,7188,2020-12-30 16:00:00,RARE
143.985,144.34,143.455,144.34,4980,2020-12-30 16:05:00,RARE
144.42,144.9399,143.37,144.02,17202,2020-12-30 16:10:00,RARE
144.02,144.19,143.47,143.59,12425,2020-12-30 16:15:00,RARE
143.595,144.16,143.475,143.53,4844,2020-12-30 16:20:00,RARE
143.39,143.45,142.64,142.79,8330,2020-12-30 16:25:00,RARE
142.63,144.4,142.1601,144.4,7885,2020-12-30 16:30:00,RARE
144.03,144.115,143.795,143.81,2000,2020-12-30 16:35:00,RARE
143.745,143.9,143.34,143.56,5388,2020-12-30 16:40:00,RARE
143.43,143.6794,142.16,142.26,13944,2020-12-30 16:45:00,RARE
142.15,142.15,140.81,140.94,14659,2020-12-30 16:50:00,RARE
141.01,141.17,140.08,140.82,10165,2020-12-30 16:55:00,RARE
140.655,142.0,140.655,141.63,6499,2020-12-30 17:00:00,RARE
141.54,141.54,140.97,141.1,4980,2020-12-30 17:05:00,RARE
141.15,141.175,140.7701,141.0,6717,2020-12-30 17:10:00,RARE
141.0,141.97,140.9606,141.2828,12943,2020-12-30 17:15:00,RARE
141.07,141.4,139.98,140.855,18860,2020-12-30 17:20:00,RARE
140.76,140.87,140.45,140.54,16110,2020-12-30 17:25:00,RARE
140.645,140.77,140.11,140.11,3615,2020-12-30 17:30:00,RARE
140.2,140.53,140.12,140.455,4628,2020-12-30 17:35:00,RARE
140.48,140.94,140.38,140.94,3316,2020-12-30 17:40:00,RARE
141.0,141.0,139.78,140.645,6057,2020-12-30 17:45:00,RARE
140.635,140.88,140.43,140.58,7500,2020-12-30 17:50:00,RARE
140.61,140.875,140.45,140.7,7393,2020-12-30 17:55:00,RARE
140.7,141.065,140.7,141.065,23281,2020-12-30 18:00:00,RARE
141.0,141.0,140.34,140.52,8281,2020-12-30 18:05:00,RARE
140.38,140.485,139.8587,140.17,6294,2020-12-30 18:10:00,RARE
140.2,140.38,140.12,140.35,3700,2020-12-30 18:15:00,RARE
140.665,140.665,140.27,140.31,4962,2020-12-30 18:20:00,RARE
140.425,140.425,140.01,140.125,3436,2020-12-30 18:25:00,RARE
140.1,140.38,140.1,140.255,5115,2020-12-30 18:30:00,RARE
140.35,140.98,140.05,140.05,10535,2020-12-30 18:35:00,RARE
140.2,140.24,140.0,140.02,7162,2020-12-30 18:40:00,RARE
140.285,140.74,140.02,140.02,5925,2020-12-30 18:45:00,RARE
140.1175,140.21,139.9,139.96,4804,2020-12-30 18:50:00,RARE
139.96,140.24,139.37,139.37,11911,2020-12-30 18:55:00,RARE
139.49,139.49,138.9,139.115,12899,2020-12-30 19:00:00,RARE
139.18,139.315,138.76,139.04,9440,2020-12-30 19:05:00,RARE
138.93,139.13,138.525,139.13,15405,2020-12-30 19:10:00,RARE
139.36,140.31,139.2708,139.885,4118,2020-12-30 19:15:00,RARE
139.785,140.28,139.63,140.0,8063,2020-12-30 19:20:00,RARE
139.97,140.235,139.66,140.235,7631,2020-12-30 19:25:00,RARE
140.225,140.69,139.9,140.53,22536,2020-12-30 19:30:00,RARE
140.56,142.99,140.56,142.225,10173,2020-12-30 19:35:00,RARE
142.22,143.0,141.44,143.0,9312,2020-12-30 19:40:00,RARE
142.6001,143.61,142.0806,142.74,3523,2020-12-30 19:45:00,RARE
142.85,143.55,142.701,142.845,5387,2020-12-30 19:50:00,RARE
142.745,143.42,142.07,143.2504,6316,2020-12-30 19:55:00,RARE
143.28,143.65,142.86,143.15,7055,2020-12-30 20:00:00,RARE
143.095,143.69,142.9,143.69,7300,2020-12-30 20:05:00,RARE
143.755,145.955,143.755,145.955,11710,2020-12-30 20:10:00,RARE
145.82,145.82,143.84,144.42,12735,2020-12-30 20:15:00,RARE
144.32,145.17,144.14,144.55,8303,2020-12-30 20:20:00,RARE
144.744,145.07,144.39,145.03,7823,2020-12-30 20:25:00,RARE
144.85,145.075,144.1,144.1,5577,2020-12-30 20:30:00,RARE
143.925,145.01,143.925,144.915,7424,2020-12-30 20:35:00,RARE
144.76,145.22,144.74,144.82,6400,2020-12-30 20:40:00,RARE
145.14,145.14,144.62,144.75,9389,2020-12-30 20:45:00,RARE
144.7,145.25,144.07,144.07,18882,2020-12-30 20:50:00,RARE
144.26,145.0,143.93,144.7,36808,2020-12-30 20:55:00,RARE
144.37,144.37,144.37,144.37,41291,2020-12-30 21:00:00,RARE
144.99,145.725,143.875,143.875,104086,2020-12-31 14:30:00,RARE
143.93,144.22,143.55,144.22,2800,2020-12-31 14:35:00,RARE
144.22,144.23,143.05,143.06,1843,2020-12-31 14:40:00,RARE
143.29,143.47,142.23,142.24,3200,2020-12-31 14:45:00,RARE
142.24,142.3,141.71,141.84,2179,2020-12-31 14:50:00,RARE
141.71,142.11,140.92,141.885,4513,2020-12-31 14:55:00,RARE
142.19,142.295,141.6,141.85,4519,2020-12-31 15:00:00,RARE
141.71,142.14,140.21,141.35,5920,2020-12-31 15:05:00,RARE
141.46,142.91,141.26,142.855,2068,2020-12-31 15:10:00,RARE
142.7,143.015,142.3,142.77,2200,2020-12-31 15:15:00,RARE
142.39,142.75,140.99,140.99,3431,2020-12-31 15:20:00,RARE
140.83,141.735,140.83,141.315,2600,2020-12-31 15:25:00,RARE
141.56,141.82,141.22,141.615,2007,2020-12-31 15:30:00,RARE
141.45,141.82,141.43,141.67,2472,2020-12-31 15:35:00,RARE
141.835,143.47,141.835,143.43,7933,2020-12-31 15:40:00,RARE
143.15,144.22,143.15,144.04,10505,2020-12-31 15:45:00,RARE
143.985,144.15,143.305,143.5,3474,2020-12-31 15:50:00,RARE
143.56,144.0,143.45,143.79,2402,2020-12-31 15:55:00,RARE
143.705,144.19,143.56,143.775,1400,2020-12-31 16:00:00,RARE
143.8,143.81,143.13,143.13,2799,2020-12-31 16:05:00,RARE
143.25,143.25,142.655,143.09,2800,2020-12-31 16:10:00,RARE
143.215,143.475,143.215,143.475,300,2020-12-31 16:15:00,RARE
143.52,143.72,143.08,143.52,3950,2020-12-31 16:20:00,RARE
143.47,143.515,143.08,143.515,2501,2020-12-31 16:25:00,RARE
143.475,143.5,143.07,143.07,800,2020-12-31 16:30:00,RARE
142.95,142.97,142.24,142.41,1300,2020-12-31 16:35:00,RARE
142.42,142.42,141.9,141.9,1900,2020-12-31 16:40:00,RARE
141.72,141.94,141.72,141.94,1800,2020-12-31 16:45:00,RARE
141.75,141.75,141.43,141.635,1600,2020-12-31 16:50:00,RARE
141.52,141.52,141.06,141.21,1400,2020-12-31 16:55:00,RARE
141.06,141.35,141.06,141.325,1700,2020-12-31 17:00:00,RARE
141.42,141.52,141.23,141.4,2490,2020-12-31 17:05:00,RARE
141.4,141.41,141.31,141.35,2100,2020-12-31 17:10:00,RARE
141.3,141.67,141.3,141.365,2499,2020-12-31 17:15:00,RARE
141.34,141.345,140.89,140.895,2500,2020-12-31 17:20:00,RARE
141.01,141.09,140.76,140.76,1212,2020-12-31 17:25:00,RARE
140.78,141.03,140.56,140.755,1501,2020-12-31 17:30:00,RARE
140.78,140.815,140.42,140.54,1999,2020-12-31 17:35:00,RARE
140.635,140.8,140.575,140.725,700,2020-12-31 17:40:00,RARE
140.83,141.23,140.83,141.17,1689,2020-12-31 17:45:00,RARE
140.94,141.53,140.87,141.105,3500,2020-12-31 17:50:00,RARE
140.955,141.105,140.955,141.015,1600,2020-12-31 17:55:00,RARE
140.89,141.09,140.89,140.95,1200,2020-12-31 18:00:00,RARE
140.93,141.08,140.845,140.845,1500,2020-12-31 18:05:00,RARE
140.845,140.845,140.42,140.42,1900,2020-12-31 18:10:00,RARE
140.51,140.61,140.47,140.47,1700,2020-12-31 18:15:00,RARE
140.215,140.215,139.7,139.73,3912,2020-12-31 18:20:00,RARE
139.68,140.11,139.655,139.8,2700,2020-12-31 18:25:00,RARE
139.86,140.39,139.78,140.18,700,2020-12-31 18:30:00,RARE
140.4,140.455,140.11,140.3,2000,2020-12-31 18:35:00,RARE
140.26,140.425,140.08,140.42,1900,2020-12-31 18:40:00,RARE
140.28,140.31,140.05,140.1,3300,2020-12-31 18:45:00,RARE
140.13,140.4,140.13,140.28,2580,2020-12-31 18:50:00,RARE
140.46,140.53,140.19,140.52,1408,2020-12-31 18:55:00,RARE
140.62,141.27,140.55,141.16,3453,2020-12-31 19:00:00,RARE
141.27,141.31,141.15,141.31,900,2020-12-31 19:05:00,RARE
141.31,141.51,141.21,141.23,2291,2020-12-31 19:10:00,RARE
141.25,141.25,140.92,141.045,900,2020-12-31 19:15:00,RARE
141.2,141.33,140.89,140.89,1472,2020-12-31 19:20:00,RARE
141.065,141.065,140.5,140.74,1900,2020-12-31 19:25:00,RARE
140.57,140.82,140.33,140.33,1200,2020-12-31 19:30:00,RARE
140.3,140.33,139.54,139.815,7968,2020-12-31 19:35:00,RARE
139.81,139.81,139.64,139.711,2400,2020-12-31 19:40:00,RARE
139.6,139.69,139.45,139.51,1300,2020-12-31 19:45:00,RARE
139.63,139.63,139.0,139.52,4464,2020-12-31 19:50:00,RARE
139.625,139.625,138.9,138.9,1500,2020-12-31 19:55:00,RARE
138.85,139.13,138.72,139.13,1600,2020-12-31 20:00:00,RARE
139.005,139.02,138.38,138.94,4168,2020-12-31 20:05:00,RARE
139.045,139.14,138.83,139.015,2748,2020-12-31 20:10:00,RARE
138.87,139.13,138.62,138.62,3106,2020-12-31 20:15:00,RARE
138.56,138.815,138.535,138.7,3025,2020-12-31 20:20:00,RARE
138.45,138.63,138.06,138.06,3300,2020-12-31 20:25:00,RARE
138.29,138.74,138.12,138.71,6104,2020-12-31 20:30:00,RARE
138.86,139.73,138.78,139.36,3634,2020-12-31 20:35:00,RARE
139.58,139.73,139.36,139.47,2328,2020-12-31 20:40:00,RARE
139.47,139.47,138.939,139.0,9502,2020-12-31 20:45:00,RARE
139.2,140.335,138.78,138.87,20529,2020-12-31 20:50:00,RARE
139.29,139.42,137.8317,138.07,65466,2020-12-31 20:55:00,RARE
138.43,138.43,138.43,138.43,275759,2020-12-31 21:00:00,RARE
137.75,137.75,137.75,137.75,384,2020-12-31 21:10:00,RARE
137.34,137.34,137.34,137.34,222,2020-12-31 21:30:00,RARE
137.55,137.55,137.55,137.55,100,2020-12-31 21:35:00,RARE
137.55,137.55,137.55,137.55,100,2020-12-31 21:40:00,RARE
138.43,138.43,138.43,138.43,17083,2020-12-31 21:55:00,RARE
138.54,138.54,134.81,134.81,9373,2021-01-04 14:30:00,RARE
135.02,136.465,135.02,135.82,12068,2021-01-04 14:35:00,RARE
135.72,136.97,135.46,136.645,7500,2021-01-04 14:40:00,RARE
136.95,137.03,135.6506,136.105,16666,2021-01-04 14:45:00,RARE
135.8,137.03,135.52,136.87,32788,2021-01-04 14:50:00,RARE
136.87,137.05,136.275,136.29,23923,2021-01-04 14:55:00,RARE
136.29,138.46,136.29,137.94,21834,2021-01-04 15:00:00,RARE
137.875,138.6672,136.74,137.06,6581,2021-01-04 15:05:00,RARE
136.79,138.57,136.79,138.49,6708,2021-01-04 15:10:00,RARE
138.12,138.46,137.83,138.08,6752,2021-01-04 15:15:00,RARE
137.91,138.36,137.82,137.83,8064,2021-01-04 15:20:00,RARE
137.995,138.21,137.38,137.38,7003,2021-01-04 15:25:00,RARE
137.275,137.39,136.3,137.39,16148,2021-01-04 15:30:00,RARE
137.47,137.562,137.1,137.375,2913,2021-01-04 15:35:00,RARE
137.395,138.24,137.395,137.58,5500,2021-01-04 15:40:00,RARE
137.38,138.127,137.14,137.765,5312,2021-01-04 15:45:00,RARE
137.765,137.765,135.88,136.5799,10559,2021-01-04 15:50:00,RARE
136.56,136.61,135.38,136.61,5578,2021-01-04 15:55:00,RARE
136.58,137.57,136.43,137.06,3829,2021-01-04 16:00:00,RARE
137.11,138.28,137.07,137.78,5708,2021-01-04 16:05:00,RARE
137.41,137.835,137.41,137.805,1810,2021-01-04 16:10:00,RARE
138.17,138.5715,137.425,137.425,18081,2021-01-04 16:15:00,RARE
137.61,138.32,137.44,137.9141,7366,2021-01-04 16:20:00,RARE
137.935,138.2056,137.515,138.14,8460,2021-01-04 16:25:00,RARE
137.8,137.8,137.32,137.6775,1600,2021-01-04 16:30:00,RARE
137.685,137.685,137.0,137.625,4700,2021-01-04 16:35:00,RARE
137.44,137.6699,136.92,136.92,4016,2021-01-04 16:40:00,RARE
136.59,137.59,136.59,137.365,6292,2021-01-04 16:45:00,RARE
137.5,137.5,136.815,136.815,17608,2021-01-04 16:50:00,RARE
136.84,137.2495,136.76,136.86,8406,2021-01-04 16:55:00,RARE
136.76,137.37,136.485,136.485,7873,2021-01-04 17:00:00,RARE
136.485,137.19,135.94,135.94,8975,2021-01-04 17:05:00,RARE
135.694,136.1497,135.5899,136.07,8011,2021-01-04 17:10:00,RARE
135.925,137.03,135.61,136.91,11601,2021-01-04 17:15:00,RARE
136.7101,137.43,136.7101,137.32,4813,2021-01-04 17:20:00,RARE
137.56,137.59,137.128,137.24,1000,2021-01-04 17:25:00,RARE
137.2525,137.75,137.24,137.6,3682,2021-01-04 17:30:00,RARE
137.82,137.82,136.83,136.93,2404,2021-01-04 17:35:00,RARE
136.68,137.05,136.68,136.9878,1900,2021-01-04 17:40:00,RARE
137.05,137.2,136.69,136.69,1600,2021-01-04 17:45:00,RARE
136.75,137.095,136.74,136.9689,2180,2021-01-04 17:50:00,RARE
137.23,137.23,136.84,136.94,1900,2021-01-04 17:55:00,RARE
137.06,137.53,137.06,137.39,1600,2021-01-04 18:00:00,RARE
137.5168,137.75,137.24,137.75,4250,2021-01-04 18:05:00,RARE
137.62,137.98,137.23,137.59,14680,2021-01-04 18:10:00,RARE
137.29,137.83,137.0,137.14,12544,2021-01-04 18:15:00,RARE
137.0,137.15,136.69,137.13,3647,2021-01-04 18:20:00,RARE
137.29,137.6,137.1375,137.26,3940,2021-01-04 18:25:00,RARE
137.33,137.33,136.8,136.8,717,2021-01-04 18:30:00,RARE
136.87,137.1,136.66,137.0358,3220,2021-01-04 18:35:00,RARE
137.01,137.3962,136.76,136.76,5594,2021-01-04 18:40:00,RARE
136.68,137.07,136.63,137.07,1700,2021-01-04 18:45:00,RARE
136.8,137.06,136.8,136.86,2674,2021-01-04 18:50:00,RARE
136.86,136.86,136.47,136.47,4581,2021-01-04 18:55:00,RARE
136.2929,136.84,136.2929,136.625,2100,2021-01-04 19:00:00,RARE
136.45,136.68,136.27,136.27,1700,2021-01-04 19:05:00,RARE
136.26,136.26,135.6634,136.1333,4400,2021-01-04 19:10:00,RARE
135.997,136.73,135.997,136.635,2161,2021-01-04 19:15:00,RARE
136.79,137.12,136.65,136.86,4200,2021-01-04 19:20:00,RARE
136.89,136.96,136.8,136.855,1400,2021-01-04 19:25:00,RARE
136.95,137.01,136.71,136.765,3700,2021-01-04 19:30:00,RARE
136.78,136.78,136.29,136.3,2301,2021-01-04 19:35:00,RARE
135.94,136.13,135.8,136.09,2076,2021-01-04 19:40:00,RARE
136.06,136.44,135.9,136.25,3200,2021-01-04 19:45:00,RARE
136.3911,136.57,136.34,136.45,2000,2021-01-04 19:50:00,RARE
136.325,137.6,136.325,137.17,5828,2021-01-04 19:55:00,RARE
137.135,137.42,137.0679,137.38,2113,2021-01-04 20:00:00,RARE
136.99,137.41,136.83,137.36,3800,2021-01-04 20:05:00,RARE
137.1,137.4068,136.95,137.0,3700,2021-01-04 20:10:00,RARE
137.1,137.11,136.47,136.925,4500,2021-01-04 20:15:00,RARE
136.93,137.12,136.74,137.03,2200,2021-01-04 20:20:00,RARE
137.0,137.18,136.96,136.97,5123,2021-01-04 20:25:00,RARE
136.94,136.99,136.44,136.5679,9160,2021-01-04 20:30:00,RARE
136.59,136.72,136.38,136.5,1800,2021-01-04 20:35:00,RARE
136.67,136.75,136.46,136.64,6176,2021-01-04 20:40:00,RARE
136.59,136.73,136.44,136.51,6160,2021-01-04 20:45:00,RARE
136.49,136.49,136.05,136.255,10028,2021-01-04 20:50:00,RARE
136.2,136.69,136.13,136.67,25847,2021-01-04 20:55:00,RARE
136.47,136.47,136.47,136.47,71823,2021-01-04 21:00:00,RARE
137.36,138.66,136.99,138.41,5733,2021-01-05 14:30:00,RARE
137.551,139.97,137.27,139.97,4742,2021-01-05 14:35:00,RARE
140.23,140.81,139.83,139.835,1668,2021-01-05 14:40:00,RARE
139.94,140.09,139.07,140.055,3491,2021-01-05 14:45:00,RARE
140.055,140.055,139.03,139.26,2120,2021-01-05 14:50:00,RARE
139.245,139.49,138.9,139.01,1850,2021-01-05 14:55:00,RARE
139.17,139.17,138.353,138.67,1430,2021-01-05 15:00:00,RARE
138.715,139.32,138.715,139.2,800,2021-01-05 15:05:00,RARE
139.67,139.68,137.525,137.525,4864,2021-01-05 15:10:00,RARE
137.52,137.52,137.29,137.3067,1200,2021-01-05 15:15:00,RARE
137.285,137.74,136.78,137.74,3100,2021-01-05 15:20:00,RARE
137.49,138.78,136.9633,138.77,2746,2021-01-05 15:25:00,RARE
138.77,138.77,137.875,138.59,2058,2021-01-05 15:30:00,RARE
138.57,138.85,137.4919,137.57,2933,2021-01-05 15:35:00,RARE
137.335,137.69,137.2,137.36,2021,2021-01-05 15:45:00,RARE
137.21,137.21,136.69,136.73,2500,2021-01-05 15:50:00,RARE
136.6715,136.74,135.73,135.73,4400,2021-01-05 15:55:00,RARE
135.64,136.48,135.6288,135.81,3400,2021-01-05 16:00:00,RARE
136.57,136.57,135.68,136.07,1709,2021-01-05 16:05:00,RARE
136.38,137.5,136.38,137.101,2300,2021-01-05 16:10:00,RARE
136.83,136.83,135.945,136.45,1300,2021-01-05 16:15:00,RARE
136.48,136.98,136.1656,136.2248,2200,2021-01-05 16:20:00,RARE
136.46,136.69,135.6821,136.69,1215,2021-01-05 16:25:00,RARE
135.62,136.38,135.47,136.38,2390,2021-01-05 16:30:00,RARE
136.54,136.6,135.76,136.12,4100,2021-01-05 16:35:00,RARE
136.01,136.01,135.63,135.8292,1800,2021-01-05 16:40:00,RARE
136.0425,136.545,135.62,135.62,700,2021-01-05 16:45:00,RARE
135.395,135.99,134.885,135.255,2229,2021-01-05 16:50:00,RARE
135.07,135.67,134.84,134.84,2800,2021-01-05 16:55:00,RARE
135.02,135.02,134.96,134.96,200,2021-01-05 17:00:00,RARE
134.948,135.13,134.76,134.985,3681,2021-01-05 17:05:00,RARE
134.68,134.9601,134.51,134.64,4291,2021-01-05 17:10:00,RARE
135.05,135.94,135.05,135.94,1400,2021-01-05 17:15:00,RARE
135.2701,135.28,134.94,135.08,1827,2021-01-05 17:20:00,RARE
135.32,135.381,134.89,135.07,2600,2021-01-05 17:25:00,RARE
135.0996,135.24,134.72,135.24,2126,2021-01-05 17:30:00,RARE
135.49,135.49,135.02,135.02,1200,2021-01-05 17:35:00,RARE
135.3,135.46,134.61,134.7233,3600,2021-01-05 17:40:00,RARE
134.96,135.17,134.7029,134.86,2200,2021-01-05 17:45:00,RARE
134.77,135.38,134.71,134.71,3242,2021-01-05 17:50:00,RARE
135.0195,135.0195,134.2323,134.48,4611,2021-01-05 17:55:00,RARE
134.6449,134.6449,133.78,133.78,1700,2021-01-05 18:00:00,RARE
133.74,134.39,133.59,133.63,3137,2021-01-05 18:05:00,RARE
133.59,133.99,133.36,133.75,4400,2021-01-05 18:10:00,RARE
133.51,133.51,133.29,133.29,1200,2021-01-05 18:15:00,RARE
133.48,133.8925,133.19,133.73,2315,2021-01-05 18:20:00,RARE
133.785,133.8908,133.46,133.58,2146,2021-01-05 18:25:00,RARE
133.6346,133.83,133.6346,133.6925,1600,2021-01-05 18:30:00,RARE
133.705,133.94,133.61,133.76,2018,2021-01-05 18:35:00,RARE
133.67,133.67,133.41,133.57,1000,2021-01-05 18:40:00,RARE
133.64,133.9825,133.21,133.35,3298,2021-01-05 18:45:00,RARE
133.4,133.96,133.4,133.73,4344,2021-01-05 18:50:00,RARE
133.75,133.815,133.24,133.35,6646,2021-01-05 18:55:00,RARE
133.71,133.8,133.575,133.76,3600,2021-01-05 19:00:00,RARE
133.71,134.2,133.61,134.2,2400,2021-01-05 19:05:00,RARE
133.94,134.14,133.79,133.79,1102,2021-01-05 19:10:00,RARE
133.95,134.15,133.95,134.15,375,2021-01-05 19:15:00,RARE
134.15,134.21,134.02,134.21,1000,2021-01-05 19:20:00,RARE
134.32,134.32,133.7,134.01,800,2021-01-05 19:25:00,RARE
134.12,134.39,133.83,134.02,1900,2021-01-05 19:30:00,RARE
133.8252,134.21,133.8252,134.03,2500,2021-01-05 19:35:00,RARE
134.44,135.1,134.44,134.94,2867,2021-01-05 19:40:00,RARE
134.94,135.065,134.68,134.98,2309,2021-01-05 19:45:00,RARE
134.9874,134.9874,134.55,134.75,1500,2021-01-05 19:50:00,RARE
134.7,134.7,134.3733,134.66,1800,2021-01-05 19:55:00,RARE
134.629,135.02,134.55,135.02,1893,2021-01-05 20:00:00,RARE
134.9618,135.085,134.81,135.085,1000,2021-01-05 20:05:00,RARE
134.8333,135.24,134.72,135.24,3364,2021-01-05 20:10:00,RARE
135.0,135.0,134.64,134.67,1900,2021-01-05 20:15:00,RARE
134.71,134.73,134.1,134.44,2059,2021-01-05 20:20:00,RARE
134.52,134.52,134.18,134.28,1773,2021-01-05 20:25:00,RARE
134.43,134.9569,134.075,134.7812,3700,2021-01-05 20:30:00,RARE
134.9499,135.2,134.66,134.7117,3580,2021-01-05 20:35:00,RARE
134.64,135.1,134.5501,135.0,2600,2021-01-05 20:40:00,RARE
135.0579,135.27,134.78,134.78,5328,2021-01-05 20:45:00,RARE
135.03,135.4467,134.82,134.95,9685,2021-01-05 20:50:00,RARE
135.0,135.13,134.77,134.99,25022,2021-01-05 20:55:00,RARE
134.99,134.99,134.99,134.99,48237,2021-01-05 21:00:00,RARE
134.99,134.99,134.99,134.99,3036,2021-01-05 22:10:00,RARE
133.4,135.66,133.4,133.83,6314,2021-01-06 14:30:00,RARE
134.314,134.37,132.2381,134.37,4063,2021-01-06 14:35:00,RARE
133.77,133.77,133.26,133.555,700,2021-01-06 14:40:00,RARE
133.59,133.59,131.84,133.07,3596,2021-01-06 14:50:00,RARE
133.07,135.0,133.06,135.0,13053,2021-01-06 14:55:00,RARE
135.94,135.94,133.0142,134.05,7203,2021-01-06 15:00:00,RARE
134.23,134.53,133.73,133.96,3199,2021-01-06 15:05:00,RARE
133.96,134.27,133.59,134.0691,1227,2021-01-06 15:10:00,RARE
133.62,134.23,133.62,134.13,1100,2021-01-06 15:15:00,RARE
134.6,135.14,134.475,134.935,2405,2021-01-06 15:20:00,RARE
134.97,134.97,134.67,134.67,300,2021-01-06 15:25:00,RARE
134.7,135.34,134.67,135.34,909,2021-01-06 15:30:00,RARE
135.31,135.71,135.0133,135.2701,1890,2021-01-06 15:35:00,RARE
135.455,135.91,135.2206,135.4,4618,2021-01-06 15:40:00,RARE
135.6,135.67,135.285,135.64,4209,2021-01-06 15:45:00,RARE
135.76,136.0,135.34,135.67,3799,2021-01-06 15:50:00,RARE
135.69,136.0,135.11,135.47,4267,2021-01-06 15:55:00,RARE
135.67,135.835,135.52,135.63,1000,2021-01-06 16:00:00,RARE
135.51,135.63,135.23,135.63,2096,2021-01-06 16:05:00,RARE
135.606,135.606,135.25,135.25,1171,2021-01-06 16:10:00,RARE
135.43,135.9838,135.43,135.53,2660,2021-01-06 16:15:00,RARE
135.99,136.4034,135.825,136.28,10828,2021-01-06 16:20:00,RARE
136.58,136.75,136.1,136.75,1600,2021-01-06 16:25:00,RARE
136.9443,137.24,136.74,137.05,5882,2021-01-06 16:30:00,RARE
137.22,137.6543,136.4325,136.65,2600,2021-01-06 16:35:00,RARE
136.3154,137.15,136.3154,136.9,2465,2021-01-06 16:40:00,RARE
137.14,137.15,136.715,136.715,2349,2021-01-06 16:45:00,RARE
136.55,137.1,136.55,137.1,1000,2021-01-06 16:50:00,RARE
136.63,136.82,136.23,136.415,1700,2021-01-06 16:55:00,RARE
136.545,137.1,136.545,136.6,700,2021-01-06 17:00:00,RARE
137.09,137.485,136.64,137.485,2560,2021-01-06 17:05:00,RARE
137.67,138.2,137.66,138.16,2600,2021-01-06 17:10:00,RARE
138.09,138.5,137.55,137.765,8515,2021-01-06 17:15:00,RARE
137.76,138.14,137.575,137.6969,2200,2021-01-06 17:20:00,RARE
137.69,137.89,137.44,137.735,2700,2021-01-06 17:25:00,RARE
137.48,137.7,136.96,137.045,3108,2021-01-06 17:30:00,RARE
137.045,137.42,136.32,136.36,4988,2021-01-06 17:35:00,RARE
136.4366,136.8,136.16,136.8,3708,2021-01-06 17:40:00,RARE
137.02,137.02,136.325,136.51,4525,2021-01-06 17:45:00,RARE
136.6,137.28,136.59,137.1484,3198,2021-01-06 17:50:00,RARE
137.115,137.115,136.41,136.506,3400,2021-01-06 17:55:00,RARE
136.65,136.65,136.13,136.425,2000,2021-01-06 18:00:00,RARE
136.205,136.86,136.205,136.57,4801,2021-01-06 18:05:00,RARE
136.86,137.67,136.79,137.02,5010,2021-01-06 18:10:00,RARE
137.0,137.16,136.445,136.92,15872,2021-01-06 18:15:00,RARE
136.71,137.13,136.59,136.795,3698,2021-01-06 18:20:00,RARE
136.55,137.29,136.43,137.29,3229,2021-01-06 18:25:00,RARE
137.29,137.47,136.97,136.97,3828,2021-01-06 18:30:00,RARE
137.23,137.765,137.225,137.54,4875,2021-01-06 18:35:00,RARE
137.66,137.96,137.62,137.84,3970,2021-01-06 18:40:00,RARE
138.06,138.06,137.715,137.715,1900,2021-01-06 18:45:00,RARE
137.68,137.69,137.3865,137.435,3100,2021-01-06 18:50:00,RARE
137.28,137.82,137.28,137.54,1909,2021-01-06 18:55:00,RARE
137.64,137.775,137.475,137.6703,1600,2021-01-06 19:00:00,RARE
137.35,137.81,137.18,137.4736,6519,2021-01-06 19:05:00,RARE
137.46,137.46,136.32,136.76,5025,2021-01-06 19:10:00,RARE
136.61,136.61,135.4244,135.4244,2800,2021-01-06 19:15:00,RARE
135.53,136.14,135.34,136.1166,4107,2021-01-06 19:20:00,RARE
135.888,135.888,134.49,134.685,5729,2021-01-06 19:25:00,RARE
134.81,134.92,134.09,134.09,5851,2021-01-06 19:30:00,RARE
134.1,134.44,133.66,134.15,10906,2021-01-06 19:35:00,RARE
134.105,134.86,133.88,134.38,6600,2021-01-06 19:40:00,RARE
134.305,134.46,133.02,133.46,6358,2021-01-06 19:45:00,RARE
133.6599,134.471,133.1934,134.471,3511,2021-01-06 19:50:00,RARE
134.635,135.59,134.61,135.59,2000,2021-01-06 19:55:00,RARE
135.515,135.515,134.86,135.08,2665,2021-01-06 20:00:00,RARE
135.15,135.65,134.94,135.21,2408,2021-01-06 20:05:00,RARE
135.405,136.073,135.37,135.77,5500,2021-01-06 20:10:00,RARE
135.655,136.87,135.55,136.87,10662,2021-01-06 20:15:00,RARE
136.79,137.025,136.34,136.695,2200,2021-01-06 20:20:00,RARE
136.695,137.79,136.695,137.585,8186,2021-01-06 20:25:00,RARE
137.53,137.53,136.23,136.635,3075,2021-01-06 20:30:00,RARE
136.75,136.96,135.55,135.55,5643,2021-01-06 20:35:00,RARE
135.65,136.52,135.46,136.1084,4262,2021-01-06 20:40:00,RARE
136.215,136.57,135.85,136.105,13842,2021-01-06 20:45:00,RARE
136.44,138.1428,136.04,138.1428,9549,2021-01-06 20:50:00,RARE
137.68,137.68,136.55,137.49,39687,2021-01-06 20:55:00,RARE
137.49,137.49,137.49,137.49,39305,2021-01-06 21:00:00,RARE
137.49,137.49,137.49,137.49,3818,2021-01-06 22:00:00,RARE
138.05,140.37,138.04,139.635,8397,2021-01-07 14:30:00,RARE
139.635,141.77,139.635,141.09,17243,2021-01-07 14:35:00,RARE
140.7425,141.3,140.14,141.3,2631,2021-01-07 14:40:00,RARE
140.47,140.47,139.28,139.79,3949,2021-01-07 14:45:00,RARE
140.77,142.87,140.687,142.36,20605,2021-01-07 14:50:00,RARE
142.4,142.985,142.22,142.22,7676,2021-01-07 14:55:00,RARE
141.02,141.27,139.88,139.88,1000,2021-01-07 15:00:00,RARE
140.28,141.53,140.09,140.83,3200,2021-01-07 15:05:00,RARE
140.94,141.03,140.03,140.31,2184,2021-01-07 15:10:00,RARE
140.375,140.45,139.9,140.3141,1976,2021-01-07 15:15:00,RARE
140.5,142.595,140.5,142.595,12314,2021-01-07 15:20:00,RARE
142.4,143.03,142.17,142.36,6492,2021-01-07 15:25:00,RARE
142.07,142.92,141.73,142.92,2595,2021-01-07 15:30:00,RARE
142.48,143.72,142.12,142.52,6111,2021-01-07 15:35:00,RARE
142.15,142.53,141.74,141.74,3419,2021-01-07 15:40:00,RARE
141.59,142.205,141.58,142.12,3600,2021-01-07 15:45:00,RARE
142.2905,142.76,141.92,142.3069,3806,2021-01-07 15:50:00,RARE
142.67,142.67,142.08,142.44,4514,2021-01-07 15:55:00,RARE
142.71,143.22,142.35,142.75,4572,2021-01-07 16:00:00,RARE
142.655,142.69,142.46,142.69,1500,2021-01-07 16:05:00,RARE
142.72,143.02,142.52,142.94,3900,2021-01-07 16:10:00,RARE
143.13,143.344,142.71,142.86,4400,2021-01-07 16:15:00,RARE
142.855,143.07,142.52,142.615,5502,2021-01-07 16:20:00,RARE
142.605,143.17,142.6001,143.17,3029,2021-01-07 16:25:00,RARE
143.36,143.73,143.046,143.73,3646,2021-01-07 16:30:00,RARE
143.725,144.01,143.11,143.69,4440,2021-01-07 16:35:00,RARE
143.66,143.69,143.2066,143.2066,7640,2021-01-07 16:40:00,RARE
143.215,143.6,143.19,143.6,4716,2021-01-07 16:45:00,RARE
143.75,143.83,143.1,143.22,5083,2021-01-07 16:50:00,RARE
143.215,143.73,142.895,143.73,5000,2021-01-07 16:55:00,RARE
143.73,144.0565,143.37,143.7438,6644,2021-01-07 17:00:00,RARE
143.33,143.425,143.065,143.18,3200,2021-01-07 17:05:00,RARE
143.06,143.9405,143.055,143.885,4769,2021-01-07 17:10:00,RARE
143.615,143.81,143.11,143.11,1134,2021-01-07 17:15:00,RARE
143.2535,143.91,143.1,143.74,3700,2021-01-07 17:20:00,RARE
143.73,143.92,143.675,143.8,1700,2021-01-07 17:25:00,RARE
143.805,144.28,143.79,143.925,2500,2021-01-07 17:30:00,RARE
144.08,144.08,143.7,143.93,2100,2021-01-07 17:35:00,RARE
144.0,144.0,143.07,143.07,700,2021-01-07 17:40:00,RARE
143.05,143.28,142.5701,142.705,2864,2021-01-07 17:45:00,RARE
142.755,142.755,142.3916,142.45,2600,2021-01-07 17:50:00,RARE
142.445,143.069,142.15,142.96,3579,2021-01-07 17:55:00,RARE
142.8122,143.33,142.805,143.22,2300,2021-01-07 18:00:00,RARE
143.195,143.195,142.645,142.9475,2200,2021-01-07 18:05:00,RARE
142.78,142.78,142.24,142.54,2582,2021-01-07 18:10:00,RARE
142.555,142.645,142.29,142.4318,9300,2021-01-07 18:15:00,RARE
142.5,142.75,142.475,142.7,14514,2021-01-07 18:20:00,RARE
142.79,142.85,142.3799,142.655,13639,2021-01-07 18:25:00,RARE
142.41,143.2487,142.41,142.84,19552,2021-01-07 18:30:00,RARE
142.8873,143.01,142.4205,142.4205,5000,2021-01-07 18:35:00,RARE
142.485,142.485,141.645,142.1675,3300,2021-01-07 18:40:00,RARE
142.22,142.655,142.22,142.57,2574,2021-01-07 18:45:00,RARE
142.865,143.765,142.865,143.68,17851,2021-01-07 18:50:00,RARE
143.74,144.55,143.74,144.41,10637,2021-01-07 18:55:00,RARE
144.22,144.26,143.8556,144.215,3891,2021-01-07 19:00:00,RARE
144.29,144.45,144.29,144.3,1100,2021-01-07 19:05:00,RARE
144.48,144.7934,144.37,144.42,2663,2021-01-07 19:10:00,RARE
144.27,144.86,144.17,144.46,21384,2021-01-07 19:15:00,RARE
144.26,144.44,143.715,143.73,15494,2021-01-07 19:20:00,RARE
143.725,144.31,143.6373,144.31,8899,2021-01-07 19:25:00,RARE
144.1549,144.5,144.07,144.305,2014,2021-01-07 19:30:00,RARE
144.18,144.515,144.18,144.515,1710,2021-01-07 19:35:00,RARE
144.62,144.7199,144.4,144.5,2380,2021-01-07 19:40:00,RARE
144.685,144.8269,144.52,144.52,1080,2021-01-07 19:45:00,RARE
144.23,144.48,143.875,144.48,2591,2021-01-07 19:50:00,RARE
144.515,144.69,144.21,144.615,681,2021-01-07 19:55:00,RARE
144.48,145.09,144.48,144.98,2150,2021-01-07 20:00:00,RARE
144.94,145.105,144.31,144.4,3100,2021-01-07 20:05:00,RARE
144.375,144.375,143.78,144.0,4510,2021-01-07 20:10:00,RARE
143.93,144.23,143.74,143.77,2995,2021-01-07 20:15:00,RARE
143.77,144.04,143.76,144.02,2191,2021-01-07 20:20:00,RARE
144.1,144.1,143.51,144.02,6771,2021-01-07 20:25:00,RARE
144.1,144.73,144.075,144.73,4307,2021-01-07 20:30:00,RARE
144.64,144.73,144.36,144.52,8776,2021-01-07 20:35:00,RARE
144.48,144.85,144.48,144.81,3202,2021-01-07 20:40:00,RARE
144.9,145.06,144.75,144.75,6800,2021-01-07 20:45:00,RARE
144.45,145.37,144.315,145.37,10050,2021-01-07 20:50:00,RARE
145.445,145.6,144.88,145.41,22610,2021-01-07 20:55:00,RARE
145.4,145.4,145.4,145.4,63868,2021-01-07 21:00:00,RARE
145.4,145.4,145.4,145.4,16010,2021-01-07 22:15:00,RARE
147.02,147.02,147.02,147.02,100,2021-01-08 14:15:00,RARE
145.45,147.0,145.41,147.0,15400,2021-01-08 14:30:00,RARE
147.155,147.99,146.3301,147.0975,4506,2021-01-08 14:35:00,RARE
147.31,148.0,146.465,147.88,3345,2021-01-08 14:40:00,RARE
147.99,149.085,147.64,149.085,26601,2021-01-08 14:45:00,RARE
149.5699,150.9793,149.2117,150.0587,4100,2021-01-08 14:50:00,RARE
150.98,151.44,149.59,150.2083,3763,2021-01-08 14:55:00,RARE
150.2083,150.225,148.71,149.375,14623,2021-01-08 15:00:00,RARE
148.9,149.89,148.2401,149.88,3600,2021-01-08 15:05:00,RARE
149.82,149.91,148.07,148.885,7337,2021-01-08 15:10:00,RARE
148.46,149.73,148.46,149.73,2200,2021-01-08 15:15:00,RARE
149.18,149.59,147.97,147.97,3725,2021-01-08 15:20:00,RARE
148.07,148.54,147.24,147.49,8414,2021-01-08 15:25:00,RARE
147.73,148.09,147.645,148.025,2021,2021-01-08 15:30:00,RARE
147.74,147.74,146.83,147.45,1400,2021-01-08 15:35:00,RARE
147.76,148.65,147.6,148.65,1800,2021-01-08 15:40:00,RARE
148.76,149.101,148.18,148.82,7573,2021-01-08 15:45:00,RARE
148.865,148.95,148.51,148.72,1000,2021-01-08 15:50:00,RARE
148.5872,149.07,148.5872,148.745,1403,2021-01-08 15:55:00,RARE
149.0,149.21,148.26,148.55,6471,2021-01-08 16:00:00,RARE
148.535,149.105,148.3,148.975,17847,2021-01-08 16:05:00,RARE
148.5,149.86,148.2,148.72,26152,2021-01-08 16:10:00,RARE
148.87,149.28,148.4182,149.09,19875,2021-01-08 16:15:00,RARE
148.935,149.0825,146.8781,147.27,16697,2021-01-08 16:20:00,RARE
146.85,148.37,146.85,148.06,5177,2021-01-08 16:25:00,RARE
148.14,149.4757,148.14,149.17,44784,2021-01-08 16:30:00,RARE
148.97,149.0,148.82,148.82,2514,2021-01-08 16:35:00,RARE
149.0122,149.48,148.7702,148.7702,2123,2021-01-08 16:40:00,RARE
149.1,149.42,149.0849,149.42,2046,2021-01-08 16:45:00,RARE
149.24,149.68,149.04,149.43,9114,2021-01-08 16:50:00,RARE
149.605,150.62,149.605,150.62,4285,2021-01-08 16:55:00,RARE
150.83,151.21,149.55,149.62,11446,2021-01-08 17:00:00,RARE
149.739,150.865,149.56,150.789,12025,2021-01-08 17:05:00,RARE
150.78,151.47,150.7205,151.395,11669,2021-01-08 17:10:00,RARE
151.26,152.64,151.225,151.505,11173,2021-01-08 17:15:00,RARE
151.48,151.67,151.095,151.67,2832,2021-01-08 17:20:00,RARE
151.755,152.96,151.74,152.86,11927,2021-01-08 17:25:00,RARE
152.39,152.79,152.2575,152.4501,4770,2021-01-08 17:30:00,RARE
152.7316,153.155,152.39,152.39,2961,2021-01-08 17:35:00,RARE
152.266,152.49,151.9,151.91,6521,2021-01-08 17:40:00,RARE
152.02,152.48,151.81,152.445,9315,2021-01-08 17:45:00,RARE
152.4,152.6267,152.17,152.17,1484,2021-01-08 17:50:00,RARE
152.12,152.485,152.12,152.335,2200,2021-01-08 17:55:00,RARE
151.94,152.57,151.84,152.005,10071,2021-01-08 18:00:00,RARE
152.2699,152.64,152.18,152.3283,9713,2021-01-08 18:05:00,RARE
152.245,152.625,152.07,152.18,8091,2021-01-08 18:10:00,RARE
151.62,151.7805,150.0091,150.1683,5300,2021-01-08 18:15:00,RARE
150.2,150.2,148.734,149.49,1992,2021-01-08 18:20:00,RARE
149.515,150.36,149.515,150.345,35500,2021-01-08 18:25:00,RARE
150.325,150.325,148.11,148.11,1284,2021-01-08 18:30:00,RARE
148.91,148.99,148.11,148.84,1819,2021-01-08 18:35:00,RARE
148.38,148.68,147.38,148.16,2215,2021-01-08 18:40:00,RARE
148.1833,148.655,148.1833,148.655,700,2021-01-08 18:45:00,RARE
148.98,149.15,148.336,148.63,5478,2021-01-08 18:50:00,RARE
148.43,149.15,147.8919,147.8919,5725,2021-01-08 18:55:00,RARE
148.2,148.7,147.96,148.7,17247,2021-01-08 19:00:00,RARE
148.565,148.565,147.7349,147.7349,3306,2021-01-08 19:05:00,RARE
148.405,149.55,148.2335,149.55,30656,2021-01-08 19:10:00,RARE
149.54,150.0,148.3,148.3,32292,2021-01-08 19:15:00,RARE
148.985,149.24,148.9,149.15,1900,2021-01-08 19:20:00,RARE
149.02,149.24,148.68,148.75,1674,2021-01-08 19:25:00,RARE
148.735,148.735,148.08,148.3,1491,2021-01-08 19:30:00,RARE
148.5,148.5,147.235,147.872,3200,2021-01-08 19:35:00,RARE
147.99,147.99,147.09,147.38,2813,2021-01-08 19:40:00,RARE
147.2398,147.2398,146.39,146.985,3134,2021-01-08 19:45:00,RARE
147.32,147.73,147.32,147.73,1000,2021-01-08 19:50:00,RARE
147.435,147.7,147.3,147.63,1810,2021-01-08 19:55:00,RARE
147.21,147.65,146.95,146.95,4546,2021-01-08 20:00:00,RARE
147.165,147.94,147.165,147.94,1358,2021-01-08 20:05:00,RARE
147.985,148.1,147.622,147.955,4080,2021-01-08 20:10:00,RARE
147.7666,147.77,147.7666,147.77,700,2021-01-08 20:15:00,RARE
147.615,148.745,147.31,148.735,10833,2021-01-08 20:20:00,RARE
148.735,151.0,148.26,151.0,19937,2021-01-08 20:25:00,RARE
150.44,151.1,150.32,150.5,23624,2021-01-08 20:30:00,RARE
150.435,150.96,150.14,150.25,12023,2021-01-08 20:35:00,RARE
150.35,150.599,149.95,150.07,8821,2021-01-08 20:40:00,RARE
150.04,150.84,149.81,150.005,16662,2021-01-08 20:45:00,RARE
149.66,151.16,149.66,151.1,12841,2021-01-08 20:50:00,RARE
150.935,151.52,150.58,150.58,39355,2021-01-08 20:55:00,RARE
150.59,150.59,150.59,150.59,38525,2021-01-08 21:00:00,RARE
150.83,152.8,145.42,146.37,20972,2021-01-11 14:30:00,RARE
145.0,146.32,142.86,143.45,9435,2021-01-11 14:35:00,RARE
143.51,145.0,143.42,144.74,5401,2021-01-11 14:40:00,RARE
144.725,145.97,144.45,144.5195,11579,2021-01-11 14:45:00,RARE
144.99,147.17,144.62,146.345,5500,2021-01-11 14:50:00,RARE
146.14,146.81,145.918,146.21,6815,2021-01-11 14:55:00,RARE
145.65,146.03,144.26,144.715,6538,2021-01-11 15:00:00,RARE
144.55,145.9987,144.228,145.27,30823,2021-01-11 15:05:00,RARE
145.0,145.96,144.2445,145.03,18385,2021-01-11 15:10:00,RARE
144.5897,145.49,143.45,143.46,5943,2021-01-11 15:15:00,RARE
143.3,143.6169,143.0,143.5718,6400,2021-01-11 15:20:00,RARE
143.32,144.71,143.32,144.61,5200,2021-01-11 15:25:00,RARE
144.53,145.4532,144.16,145.16,8922,2021-01-11 15:30:00,RARE
145.16,145.195,143.68,144.025,10539,2021-01-11 15:35:00,RARE
143.56,144.3,142.0111,142.56,17099,2021-01-11 15:40:00,RARE
142.67,143.375,141.83,142.22,12528,2021-01-11 15:45:00,RARE
142.785,143.11,142.045,142.63,3100,2021-01-11 15:50:00,RARE
142.37,142.75,141.6,141.645,2700,2021-01-11 15:55:00,RARE
141.77,142.31,141.02,141.12,2550,2021-01-11 16:00:00,RARE
141.3088,142.04,141.245,141.61,6200,2021-01-11 16:05:00,RARE
141.47,141.65,141.19,141.4325,5948,2021-01-11 16:10:00,RARE
141.425,141.49,141.12,141.235,3700,2021-01-11 16:15:00,RARE
141.44,141.9,141.44,141.725,3500,2021-01-11 16:20:00,RARE
141.72,142.3,141.715,142.3,4557,2021-01-11 16:25:00,RARE
142.75,143.47,142.17,142.92,10220,2021-01-11 16:30:00,RARE
142.88,143.2,142.19,143.06,8000,2021-01-11 16:35:00,RARE
142.9077,143.46,142.6,143.22,22834,2021-01-11 16:40:00,RARE
143.2,143.35,142.7,142.725,2970,2021-01-11 16:45:00,RARE
142.6769,143.1,142.6769,142.72,4466,2021-01-11 16:50:00,RARE
142.49,142.59,142.14,142.14,3500,2021-01-11 16:55:00,RARE
142.14,142.39,141.64,142.25,10469,2021-01-11 17:00:00,RARE
142.31,142.35,142.0304,142.13,4199,2021-01-11 17:05:00,RARE
141.885,142.14,141.16,141.22,5126,2021-01-11 17:10:00,RARE
141.37,141.535,140.45,140.6,2471,2021-01-11 17:15:00,RARE
140.4001,141.55,140.4,141.55,3961,2021-01-11 17:20:00,RARE
141.38,141.48,140.67,141.48,6501,2021-01-11 17:30:00,RARE
141.48,141.75,141.38,141.62,12407,2021-01-11 17:35:00,RARE
141.71,142.045,141.7,142.045,2447,2021-01-11 17:40:00,RARE
142.05,143.085,142.05,142.775,800,2021-01-11 17:45:00,RARE
143.1,143.1,142.702,142.702,905,2021-01-11 17:50:00,RARE
142.69,142.75,142.35,142.4828,1500,2021-01-11 17:55:00,RARE
142.44,142.77,142.44,142.76,735,2021-01-11 18:00:00,RARE
142.765,142.765,142.425,142.425,1800,2021-01-11 18:05:00,RARE
142.3183,142.57,142.3183,142.4172,2636,2021-01-11 18:10:00,RARE
142.44,142.56,141.6,141.6,5282,2021-01-11 18:15:00,RARE
141.42,141.88,141.365,141.88,2300,2021-01-11 18:20:00,RARE
141.68,141.82,141.68,141.82,1200,2021-01-11 18:25:00,RARE
141.84,142.59,141.84,142.56,1100,2021-01-11 18:30:00,RARE
142.61,143.16,142.51,143.16,2506,2021-01-11 18:35:00,RARE
142.99,143.6,142.99,143.355,1555,2021-01-11 18:40:00,RARE
143.58,143.77,143.55,143.595,1400,2021-01-11 18:45:00,RARE
143.84,144.12,143.73,143.73,1100,2021-01-11 18:50:00,RARE
144.24,144.51,143.8883,143.8883,1334,2021-01-11 18:55:00,RARE
144.17,144.17,143.2,143.89,4161,2021-01-11 19:00:00,RARE
143.9,144.025,143.7,143.7,1130,2021-01-11 19:05:00,RARE
143.499,144.1,143.28,144.1,1000,2021-01-11 19:10:00,RARE
143.59,143.98,143.22,143.5199,2800,2021-01-11 19:15:00,RARE
143.24,143.48,142.8413,143.02,1500,2021-01-11 19:20:00,RARE
142.75,142.84,142.3454,142.3454,1200,2021-01-11 19:25:00,RARE
142.46,142.76,142.46,142.76,1200,2021-01-11 19:30:00,RARE
142.6011,142.66,142.6011,142.62,550,2021-01-11 19:35:00,RARE
142.65,142.725,142.43,142.515,1600,2021-01-11 19:40:00,RARE
142.515,142.555,142.45,142.54,1200,2021-01-11 19:45:00,RARE
142.4794,142.4794,141.83,142.09,1600,2021-01-11 19:50:00,RARE
142.1934,142.52,142.1934,142.5,1100,2021-01-11 19:55:00,RARE
142.48,142.48,141.98,142.33,1246,2021-01-11 20:00:00,RARE
142.315,142.315,141.8873,141.8873,1400,2021-01-11 20:05:00,RARE
142.0405,142.14,141.9,141.9,1459,2021-01-11 20:10:00,RARE
141.93,142.1,141.0,141.14,4576,2021-01-11 20:15:00,RARE
141.205,141.205,140.44,140.54,2942,2021-01-11 20:20:00,RARE
140.76,140.98,140.7,140.7,600,2021-01-11 20:25:00,RARE
140.84,141.295,140.84,141.23,1700,2021-01-11 20:30:00,RARE
141.13,141.285,141.1,141.1,1800,2021-01-11 20:35:00,RARE
141.2,141.37,140.79,140.97,12645,2021-01-11 20:40:00,RARE
140.965,141.655,140.965,141.5575,5354,2021-01-11 20:45:00,RARE
141.22,141.59,141.18,141.25,11094,2021-01-11 20:50:00,RARE
141.29,142.02,141.29,141.95,41099,2021-01-11 20:55:00,RARE
141.74,141.74,141.74,141.74,40548,2021-01-11 21:00:00,RARE
141.74,141.74,141.74,141.74,26600,2021-01-11 21:05:00,RARE
141.74,141.74,141.74,141.74,21567,2021-01-11 21:20:00,RARE
141.0,141.0,141.0,141.0,100,2021-01-12 12:00:00,RARE
141.47,143.44,141.47,141.725,11775,2021-01-12 14:30:00,RARE
141.89,142.44,141.68,142.0343,5539,2021-01-12 14:35:00,RARE
140.9901,141.91,140.9901,141.68,7198,2021-01-12 14:40:00,RARE
141.3664,141.8,140.095,140.74,1450,2021-01-12 14:45:00,RARE
140.7,141.0,140.29,141.0,3070,2021-01-12 14:50:00,RARE
141.315,142.035,140.6045,141.325,1540,2021-01-12 14:55:00,RARE
141.5,141.89,140.85,141.89,1909,2021-01-12 15:00:00,RARE
141.85,141.85,141.3,141.35,600,2021-01-12 15:05:00,RARE
141.36,142.0,141.1,141.1,5200,2021-01-12 15:10:00,RARE
141.59,141.59,140.385,140.975,700,2021-01-12 15:15:00,RARE
140.86,141.18,140.56,140.56,3611,2021-01-12 15:20:00,RARE
140.77,140.93,140.17,140.53,4276,2021-01-12 15:25:00,RARE
140.53,140.92,140.17,140.41,1807,2021-01-12 15:30:00,RARE
140.3,140.83,140.05,140.05,1200,2021-01-12 15:35:00,RARE
140.33,140.58,140.09,140.33,5105,2021-01-12 15:40:00,RARE
140.0459,140.0459,139.0,139.8315,4131,2021-01-12 15:45:00,RARE
139.845,139.845,139.26,139.49,597,2021-01-12 15:50:00,RARE
139.46,139.5,139.46,139.5,200,2021-01-12 15:55:00,RARE
139.485,139.485,137.77,138.2837,8401,2021-01-12 16:00:00,RARE
138.0262,138.14,137.31,137.31,4922,2021-01-12 16:05:00,RARE
137.4917,137.69,137.2207,137.27,4997,2021-01-12 16:10:00,RARE
137.52,138.14,137.2,137.23,6309,2021-01-12 16:15:00,RARE
137.08,138.26,137.01,138.03,2400,2021-01-12 16:20:00,RARE
138.23,139.06,138.13,138.71,16338,2021-01-12 16:25:00,RARE
138.83,138.98,138.39,138.885,3396,2021-01-12 16:30:00,RARE
138.69,139.69,138.69,139.1477,4650,2021-01-12 16:35:00,RARE
139.31,139.51,139.14,139.22,13816,2021-01-12 16:40:00,RARE
138.65,139.27,138.65,138.68,500,2021-01-12 16:45:00,RARE
138.71,138.71,138.25,138.27,1503,2021-01-12 16:50:00,RARE
138.3049,138.48,138.3049,138.47,600,2021-01-12 16:55:00,RARE
138.01,138.47,137.91,138.12,6338,2021-01-12 17:00:00,RARE
137.94,138.04,137.2,137.385,16446,2021-01-12 17:05:00,RARE
137.2,137.39,136.71,136.71,10642,2021-01-12 17:10:00,RARE
136.77,137.51,136.36,137.51,3038,2021-01-12 17:15:00,RARE
137.64,137.64,137.3,137.3,400,2021-01-12 17:20:00,RARE
137.72,138.32,137.72,138.11,900,2021-01-12 17:25:00,RARE
138.07,138.12,137.79,137.79,1300,2021-01-12 17:30:00,RARE
138.02,138.24,137.88,137.9,1600,2021-01-12 17:35:00,RARE
137.66,137.95,137.48,137.925,1434,2021-01-12 17:40:00,RARE
138.12,138.28,137.65,138.24,4620,2021-01-12 17:45:00,RARE
138.1718,138.635,138.1718,138.55,1206,2021-01-12 17:50:00,RARE
138.31,138.79,137.97,138.545,3320,2021-01-12 17:55:00,RARE
138.585,138.6679,138.3001,138.3001,1109,2021-01-12 18:00:00,RARE
138.465,138.63,138.435,138.6,1225,2021-01-12 18:05:00,RARE
138.39,138.71,138.02,138.02,2409,2021-01-12 18:10:00,RARE
137.88,138.08,137.7147,137.7147,1437,2021-01-12 18:15:00,RARE
137.63,137.7,137.51,137.6462,1300,2021-01-12 18:20:00,RARE
137.42,137.68,137.31,137.48,3422,2021-01-12 18:25:00,RARE
137.34,137.45,136.845,137.35,5108,2021-01-12 18:30:00,RARE
137.54,137.54,136.9,136.9,800,2021-01-12 18:35:00,RARE
137.1,137.24,136.305,136.525,4914,2021-01-12 18:40:00,RARE
136.58,136.84,136.5206,136.66,6962,2021-01-12 18:45:00,RARE
136.8,136.8433,136.46,136.46,900,2021-01-12 18:50:00,RARE
136.45,137.0,136.44,136.7911,3934,2021-01-12 18:55:00,RARE
136.775,137.32,136.606,137.32,1305,2021-01-12 19:00:00,RARE
137.19,137.19,136.93,137.16,2501,2021-01-12 19:05:00,RARE
137.34,137.525,137.12,137.19,2271,2021-01-12 19:10:00,RARE
137.13,137.31,136.98,137.155,4744,2021-01-12 19:15:00,RARE
137.19,137.2,136.725,136.885,3906,2021-01-12 19:20:00,RARE
137.0,137.3,136.995,137.3,3791,2021-01-12 19:25:00,RARE
137.21,137.65,137.16,137.65,4521,2021-01-12 19:30:00,RARE
137.61,137.66,136.82,137.0964,2800,2021-01-12 19:35:00,RARE
137.29,137.5462,137.23,137.315,3000,2021-01-12 19:40:00,RARE
137.13,138.1691,137.13,137.92,2700,2021-01-12 19:45:00,RARE
137.935,138.29,137.46,138.26,4134,2021-01-12 19:50:00,RARE
138.4181,138.4181,138.1915,138.255,2300,2021-01-12 19:55:00,RARE
138.005,138.0663,137.41,137.53,3068,2021-01-12 20:00:00,RARE
137.45,137.74,137.2,137.55,2695,2021-01-12 20:05:00,RARE
137.46,137.46,137.3,137.4031,900,2021-01-12 20:10:00,RARE
137.4,137.455,137.18,137.41,2247,2021-01-12 20:15:00,RARE
137.3577,137.43,137.315,137.39,1108,2021-01-12 20:20:00,RARE
137.325,137.38,137.14,137.23,4851,2021-01-12 20:25:00,RARE
137.15,138.12,137.15,138.005,4500,2021-01-12 20:30:00,RARE
138.0,138.11,137.7,137.815,13405,2021-01-12 20:35:00,RARE
137.93,138.06,137.2573,137.2573,7693,2021-01-12 20:40:00,RARE
137.38,137.81,137.14,137.75,10518,2021-01-12 20:45:00,RARE
137.82,137.945,137.43,137.635,14038,2021-01-12 20:50:00,RARE
137.58,137.825,137.2,137.48,32907,2021-01-12 20:55:00,RARE
137.64,137.64,137.64,137.64,62950,2021-01-12 21:00:00,RARE
135.63,135.63,135.63,135.63,100,2021-01-13 09:05:00,RARE
137.5,139.16,136.745,139.16,14530,2021-01-13 14:30:00,RARE
137.49,139.24,137.49,139.24,1784,2021-01-13 14:35:00,RARE
138.315,138.745,137.11,138.04,15754,2021-01-13 14:40:00,RARE
137.84,138.11,137.185,137.285,6727,2021-01-13 14:45:00,RARE
137.28,138.39,137.14,137.65,11831,2021-01-13 14:50:00,RARE
137.66,139.2,137.565,139.2,14342,2021-01-13 14:55:00,RARE
138.79,139.17,137.9,138.02,9205,2021-01-13 15:00:00,RARE
137.885,138.67,137.885,138.5,2032,2021-01-13 15:05:00,RARE
138.67,138.79,138.1805,138.79,3600,2021-01-13 15:10:00,RARE
138.99,139.15,138.53,138.83,4882,2021-01-13 15:15:00,RARE
139.1425,139.43,138.14,138.3101,5806,2021-01-13 15:20:00,RARE
138.3676,138.62,137.99,138.3,2800,2021-01-13 15:25:00,RARE
138.29,138.29,138.0,138.145,3471,2021-01-13 15:30:00,RARE
138.23,139.16,138.23,139.16,4606,2021-01-13 15:35:00,RARE
139.0786,139.34,138.05,138.31,5853,2021-01-13 15:40:00,RARE
138.315,139.12,138.0,139.11,5700,2021-01-13 15:45:00,RARE
139.0,139.17,138.78,139.0,8565,2021-01-13 15:50:00,RARE
139.06,139.21,138.53,138.785,4733,2021-01-13 15:55:00,RARE
138.65,138.83,138.4,138.4,1700,2021-01-13 16:00:00,RARE
138.495,138.6511,138.15,138.15,835,2021-01-13 16:05:00,RARE
138.1772,138.4009,137.5058,137.745,5680,2021-01-13 16:10:00,RARE
137.745,138.205,137.465,137.465,8295,2021-01-13 16:15:00,RARE
137.35,138.4,137.35,138.09,2296,2021-01-13 16:20:00,RARE
138.15,138.15,137.33,137.57,3614,2021-01-13 16:25:00,RARE
137.77,137.98,137.36,137.46,8376,2021-01-13 16:30:00,RARE
137.59,137.785,137.44,137.55,3830,2021-01-13 16:35:00,RARE
137.6371,137.75,137.4434,137.4434,2200,2021-01-13 16:40:00,RARE
137.3612,137.3612,137.3612,137.3612,700,2021-01-13 16:45:00,RARE
137.21,137.22,136.445,136.88,3912,2021-01-13 16:50:00,RARE
137.2,137.2,136.9,137.05,400,2021-01-13 16:55:00,RARE
137.2,137.56,137.2,137.56,600,2021-01-13 17:00:00,RARE
137.5,137.75,137.395,137.5,4524,2021-01-13 17:05:00,RARE
137.54,137.73,137.36,137.4,2700,2021-01-13 17:10:00,RARE
137.27,137.57,137.225,137.57,2425,2021-01-13 17:15:00,RARE
137.51,137.51,137.11,137.11,2205,2021-01-13 17:20:00,RARE
137.12,137.19,136.54,137.02,2800,2021-01-13 17:25:00,RARE
137.0,137.23,136.64,136.97,2201,2021-01-13 17:30:00,RARE
136.97,136.97,136.97,136.97,700,2021-01-13 17:35:00,RARE
136.945,136.945,136.945,136.945,100,2021-01-13 17:40:00,RARE
137.0,137.24,136.73,136.945,3139,2021-01-13 17:45:00,RARE
136.8419,136.8419,136.8419,136.8419,355,2021-01-13 17:50:00,RARE
136.69,136.7,136.5,136.5,800,2021-01-13 17:55:00,RARE
136.4,136.4,136.4,136.4,100,2021-01-13 18:00:00,RARE
136.4034,136.44,135.72,136.1148,2409,2021-01-13 18:05:00,RARE
136.05,136.61,136.04,136.45,4050,2021-01-13 18:10:00,RARE
136.3299,136.4,136.1639,136.39,2633,2021-01-13 18:15:00,RARE
136.39,136.69,136.34,136.56,2105,2021-01-13 18:20:00,RARE
136.52,136.6947,136.28,136.41,2800,2021-01-13 18:25:00,RARE
136.56,136.62,136.155,136.38,1097,2021-01-13 18:30:00,RARE
136.35,136.35,136.25,136.25,400,2021-01-13 18:35:00,RARE
136.09,136.09,136.04,136.04,548,2021-01-13 18:40:00,RARE
135.995,136.26,135.99,136.07,2300,2021-01-13 18:45:00,RARE
136.28,136.62,136.28,136.62,1105,2021-01-13 18:50:00,RARE
136.41,136.61,136.21,136.325,2515,2021-01-13 18:55:00,RARE
136.54,137.15,136.25,136.87,27782,2021-01-13 19:00:00,RARE
136.72,137.55,136.72,137.0,3331,2021-01-13 19:05:00,RARE
136.83,137.355,136.54,137.205,3835,2021-01-13 19:10:00,RARE
137.01,137.09,136.89,136.895,2916,2021-01-13 19:15:00,RARE
136.895,137.23,136.895,137.0,3216,2021-01-13 19:20:00,RARE
137.11,137.5131,136.975,137.395,1546,2021-01-13 19:25:00,RARE
137.4,137.97,137.12,137.97,3642,2021-01-13 19:30:00,RARE
137.81,137.81,137.385,137.385,2513,2021-01-13 19:35:00,RARE
137.465,137.465,137.1,137.15,3900,2021-01-13 19:40:00,RARE
137.22,137.25,136.44,136.59,5586,2021-01-13 19:45:00,RARE
136.59,136.98,136.535,136.98,3240,2021-01-13 19:50:00,RARE
136.8,136.94,136.6,136.83,3002,2021-01-13 19:55:00,RARE
136.65,136.89,136.15,136.15,2500,2021-01-13 20:00:00,RARE
135.93,136.51,135.8132,135.92,2844,2021-01-13 20:05:00,RARE
135.9379,136.47,135.9379,136.14,1700,2021-01-13 20:10:00,RARE
136.46,136.46,135.37,135.4973,8572,2021-01-13 20:15:00,RARE
135.39,136.09,135.22,135.975,4442,2021-01-13 20:20:00,RARE
135.975,135.975,135.0001,135.085,13936,2021-01-13 20:25:00,RARE
135.14,135.91,135.14,135.715,15763,2021-01-13 20:30:00,RARE
135.715,136.14,135.665,135.67,6877,2021-01-13 20:35:00,RARE
135.75,135.86,135.19,135.33,8977,2021-01-13 20:40:00,RARE
135.315,135.54,134.79,134.79,13596,2021-01-13 20:45:00,RARE
134.74,134.76,133.85,134.27,13897,2021-01-13 20:50:00,RARE
134.265,134.88,133.925,134.67,13698,2021-01-13 20:55:00,RARE
134.71,134.71,134.71,134.71,119193,2021-01-13 21:00:00,RARE
134.54,135.74,134.54,135.25,3826,2021-01-14 14:30:00,RARE
135.49,135.78,134.62,135.78,1924,2021-01-14 14:35:00,RARE
135.79,136.06,134.23,136.06,5814,2021-01-14 14:40:00,RARE
135.99,135.99,134.99,135.93,5077,2021-01-14 14:45:00,RARE
135.595,135.93,135.5,135.93,1149,2021-01-14 14:50:00,RARE
135.97,136.86,135.63,136.71,1524,2021-01-14 14:55:00,RARE
136.91,137.13,136.91,137.13,200,2021-01-14 15:00:00,RARE
136.14,136.59,136.14,136.14,1015,2021-01-14 15:05:00,RARE
136.37,136.59,136.24,136.59,1330,2021-01-14 15:10:00,RARE
136.13,136.24,135.99,135.9975,1700,2021-01-14 15:15:00,RARE
136.23,136.39,135.92,136.39,1809,2021-01-14 15:20:00,RARE
136.162,136.88,136.162,136.88,1241,2021-01-14 15:25:00,RARE
137.3,137.61,137.06,137.06,2233,2021-01-14 15:30:00,RARE
137.21,137.24,136.735,136.77,1600,2021-01-14 15:35:00,RARE
137.04,137.045,136.825,136.95,1873,2021-01-14 15:40:00,RARE
136.99,137.575,136.99,137.575,2301,2021-01-14 15:45:00,RARE
137.34,137.67,137.34,137.44,1508,2021-01-14 15:50:00,RARE
137.37,138.275,137.25,138.275,2713,2021-01-14 15:55:00,RARE
137.95,138.43,137.64,138.43,1400,2021-01-14 16:00:00,RARE
138.385,138.49,138.23,138.32,2409,2021-01-14 16:05:00,RARE
138.21,139.11,138.21,138.78,2321,2021-01-14 16:10:00,RARE
138.66,138.66,138.16,138.2,1018,2021-01-14 16:15:00,RARE
138.2136,138.42,137.83,137.83,2541,2021-01-14 16:20:00,RARE
138.0,138.13,137.71,138.0,6235,2021-01-14 16:25:00,RARE
138.35,138.58,138.21,138.43,1302,2021-01-14 16:30:00,RARE
138.09,138.41,138.09,138.41,500,2021-01-14 16:35:00,RARE
138.19,138.4,137.715,138.195,4139,2021-01-14 16:40:00,RARE
138.27,138.42,138.0,138.42,1100,2021-01-14 16:45:00,RARE
138.8,138.87,138.28,138.28,900,2021-01-14 16:50:00,RARE
138.435,138.62,138.28,138.47,1400,2021-01-14 16:55:00,RARE
138.37,139.38,138.37,138.77,3910,2021-01-14 17:00:00,RARE
138.61,139.01,138.61,139.01,2000,2021-01-14 17:05:00,RARE
138.85,138.85,138.5,138.56,1445,2021-01-14 17:10:00,RARE
138.49,138.79,138.355,138.79,1900,2021-01-14 17:15:00,RARE
139.1,139.1,138.66,138.77,600,2021-01-14 17:20:00,RARE
138.86,139.17,138.86,138.9,1500,2021-01-14 17:25:00,RARE
138.76,138.88,138.735,138.88,400,2021-01-14 17:30:00,RARE
138.6,138.615,138.13,138.13,900,2021-01-14 17:35:00,RARE
138.3,138.32,138.18,138.26,1529,2021-01-14 17:40:00,RARE
138.26,138.44,137.97,138.31,1700,2021-01-14 17:45:00,RARE
138.46,138.69,138.46,138.69,200,2021-01-14 17:50:00,RARE
138.42,139.1,138.42,139.09,2000,2021-01-14 17:55:00,RARE
138.81,138.81,138.44,138.72,1000,2021-01-14 18:00:00,RARE
138.58,138.73,138.44,138.61,800,2021-01-14 18:05:00,RARE
138.685,138.86,138.395,138.67,4800,2021-01-14 18:10:00,RARE
138.68,139.0,138.45,138.46,3222,2021-01-14 18:15:00,RARE
138.7,138.8,138.505,138.765,4750,2021-01-14 18:20:00,RARE
138.94,138.94,138.7,138.7,800,2021-01-14 18:25:00,RARE
138.57,138.7,138.505,138.51,3000,2021-01-14 18:30:00,RARE
138.41,138.46,138.07,138.16,790,2021-01-14 18:35:00,RARE
138.32,138.46,138.06,138.06,3020,2021-01-14 18:40:00,RARE
138.2,138.2,138.03,138.19,1400,2021-01-14 18:45:00,RARE
138.17,138.17,137.775,137.775,1000,2021-01-14 18:50:00,RARE
137.93,138.54,137.85,138.54,2245,2021-01-14 18:55:00,RARE
138.18,138.52,138.17,138.17,1955,2021-01-14 19:00:00,RARE
138.17,138.17,137.975,137.975,600,2021-01-14 19:05:00,RARE
138.1068,138.2,137.89,138.2,898,2021-01-14 19:10:00,RARE
138.03,138.19,137.88,138.19,600,2021-01-14 19:15:00,RARE
138.025,138.26,137.93,138.16,1340,2021-01-14 19:20:00,RARE
138.16,138.29,138.12,138.29,1300,2021-01-14 19:25:00,RARE
138.29,138.57,138.21,138.47,1909,2021-01-14 19:30:00,RARE
138.45,138.465,138.16,138.3,4753,2021-01-14 19:35:00,RARE
138.63,139.08,138.615,139.05,1645,2021-01-14 19:40:00,RARE
139.01,139.02,138.46,138.61,3876,2021-01-14 19:45:00,RARE
138.62,138.76,138.5,138.76,1900,2021-01-14 19:50:00,RARE
138.64,138.81,138.425,138.465,6667,2021-01-14 19:55:00,RARE
138.56,138.76,138.5,138.5,3511,2021-01-14 20:00:00,RARE
138.59,138.71,138.42,138.7,2506,2021-01-14 20:05:00,RARE
138.59,138.67,138.5,138.61,3594,2021-01-14 20:10:00,RARE
138.54,138.67,138.315,138.315,3892,2021-01-14 20:15:00,RARE
138.56,138.635,138.32,138.51,4217,2021-01-14 20:20:00,RARE
138.67,138.74,138.38,138.6,2599,2021-01-14 20:25:00,RARE
138.685,138.89,138.54,138.71,9609,2021-01-14 20:30:00,RARE
138.95,140.22,138.95,140.22,3905,2021-01-14 20:35:00,RARE
140.225,140.33,139.62,139.62,3438,2021-01-14 20:40:00,RARE
139.62,139.99,139.62,139.67,3567,2021-01-14 20:45:00,RARE
139.48,139.61,139.07,139.32,14477,2021-01-14 20:50:00,RARE
139.53,140.08,139.36,139.995,21272,2021-01-14 20:55:00,RARE
139.87,139.87,139.87,139.87,58377,2021-01-14 21:00:00,RARE
138.63,139.005,138.0,138.0,24954,2021-01-15 14:30:00,RARE
138.0,138.0,137.17,137.73,800,2021-01-15 14:35:00,RARE
137.06,138.043,136.91,137.61,1813,2021-01-15 14:40:00,RARE
138.08,140.04,138.02,140.04,4356,2021-01-15 14:45:00,RARE
140.16,140.91,139.4682,140.51,7907,2021-01-15 14:50:00,RARE
140.46,140.51,139.6601,139.79,1718,2021-01-15 14:55:00,RARE
140.38,140.42,138.31,138.31,3941,2021-01-15 15:00:00,RARE
138.65,138.82,136.88,137.03,19531,2021-01-15 15:05:00,RARE
137.6,139.1299,137.11,138.5006,8150,2021-01-15 15:10:00,RARE
138.75,138.75,137.76,137.865,1800,2021-01-15 15:15:00,RARE
137.545,138.82,136.86,138.79,6100,2021-01-15 15:20:00,RARE
137.7028,138.96,137.7028,138.7092,2165,2021-01-15 15:25:00,RARE
139.59,139.85,139.335,139.85,1317,2021-01-15 15:30:00,RARE
139.97,140.55,139.9285,140.095,2805,2021-01-15 15:35:00,RARE
139.865,140.41,139.725,139.86,3395,2021-01-15 15:40:00,RARE
139.88,140.73,139.66,140.23,11435,2021-01-15 15:45:00,RARE
140.51,141.86,140.35,141.01,5000,2021-01-15 15:50:00,RARE
140.98,141.0,140.255,140.98,2406,2021-01-15 15:55:00,RARE
140.46,140.46,139.24,140.0,16098,2021-01-15 16:00:00,RARE
140.01,140.4,139.7,139.96,2000,2021-01-15 16:05:00,RARE
139.96,140.65,139.45,140.38,8042,2021-01-15 16:10:00,RARE
140.08,140.45,139.95,140.17,4102,2021-01-15 16:15:00,RARE
140.18,140.34,139.56,140.12,3900,2021-01-15 16:20:00,RARE
140.13,141.22,140.13,141.22,2000,2021-01-15 16:25:00,RARE
141.26,141.7,140.91,141.7,1900,2021-01-15 16:30:00,RARE
141.73,141.84,140.785,140.785,3801,2021-01-15 16:35:00,RARE
141.06,141.34,140.63,140.98,2500,2021-01-15 16:40:00,RARE
140.975,141.0017,140.01,140.01,3514,2021-01-15 16:45:00,RARE
140.22,140.23,139.53,140.0,3602,2021-01-15 16:50:00,RARE
140.0,140.1,139.8,140.05,3100,2021-01-15 16:55:00,RARE
140.05,140.2821,139.8,139.91,2300,2021-01-15 17:00:00,RARE
140.115,140.75,139.69,140.33,5100,2021-01-15 17:05:00,RARE
140.34,140.91,140.15,140.6,3300,2021-01-15 17:10:00,RARE
141.085,141.085,140.45,140.45,5303,2021-01-15 17:15:00,RARE
140.67,140.72,139.6719,140.08,6647,2021-01-15 17:20:00,RARE
140.115,140.4,139.88,140.33,4700,2021-01-15 17:25:00,RARE
140.3,140.33,139.85,140.21,6900,2021-01-15 17:30:00,RARE
140.38,140.86,140.19,140.5049,5000,2021-01-15 17:35:00,RARE
140.66,140.66,139.77,140.01,5646,2021-01-15 17:40:00,RARE
139.955,140.11,139.895,139.895,5302,2021-01-15 17:45:00,RARE
139.8399,140.4,139.79,140.4,7097,2021-01-15 17:50:00,RARE
140.41,140.65,140.0468,140.25,3004,2021-01-15 17:55:00,RARE
140.345,141.16,140.265,140.74,3259,2021-01-15 18:00:00,RARE
141.03,141.79,140.86,141.39,2400,2021-01-15 18:05:00,RARE
141.79,141.8,141.48,141.64,2600,2021-01-15 18:10:00,RARE
141.515,141.72,141.4,141.545,2800,2021-01-15 18:15:00,RARE
141.55,141.72,141.14,141.14,2000,2021-01-15 18:20:00,RARE
141.19,141.24,140.99,140.99,1300,2021-01-15 18:25:00,RARE
140.95,140.97,140.685,140.685,1600,2021-01-15 18:30:00,RARE
140.62,141.0,140.22,140.9,2400,2021-01-15 18:35:00,RARE
141.0,141.15,140.81,140.98,7346,2021-01-15 18:40:00,RARE
140.96,141.14,140.83,141.0,8616,2021-01-15 18:45:00,RARE
140.92,141.235,140.92,141.0,2836,2021-01-15 18:50:00,RARE
141.0,141.06,140.23,140.31,11022,2021-01-15 18:55:00,RARE
140.66,140.91,140.255,140.55,1903,2021-01-15 19:00:00,RARE
140.525,140.76,140.39,140.39,2003,2021-01-15 19:05:00,RARE
140.4184,140.56,140.09,140.09,2000,2021-01-15 19:10:00,RARE
140.44,141.03,140.39,141.03,3121,2021-01-15 19:15:00,RARE
140.99,141.03,140.39,140.51,2500,2021-01-15 19:20:00,RARE
140.31,140.6,139.69,139.78,5806,2021-01-15 19:25:00,RARE
139.68,139.9416,139.38,139.4701,5733,2021-01-15 19:30:00,RARE
139.88,139.88,139.535,139.66,2100,2021-01-15 19:35:00,RARE
139.68,139.71,138.78,139.0397,3900,2021-01-15 19:40:00,RARE
138.7927,139.28,138.7927,139.08,1911,2021-01-15 19:45:00,RARE
138.96,139.03,138.63,138.99,4820,2021-01-15 19:50:00,RARE
138.6147,138.78,138.35,138.35,1300,2021-01-15 19:55:00,RARE
138.33,138.48,138.03,138.48,1356,2021-01-15 20:00:00,RARE
138.4,138.4,137.745,137.949,1053,2021-01-15 20:05:00,RARE
137.6,138.2,137.6,138.075,2796,2021-01-15 20:10:00,RARE
138.03,138.18,137.84,137.84,1000,2021-01-15 20:15:00,RARE
137.795,137.795,136.69,137.63,6189,2021-01-15 20:20:00,RARE
137.5,137.99,137.39,137.92,2599,2021-01-15 20:25:00,RARE
138.14,138.32,137.75,138.205,4244,2021-01-15 20:30:00,RARE
138.02,138.21,137.83,137.97,4615,2021-01-15 20:35:00,RARE
137.97,138.12,137.23,137.32,4449,2021-01-15 20:40:00,RARE
137.16,137.93,137.08,137.48,4846,2021-01-15 20:45:00,RARE
137.43,137.85,137.19,137.85,9902,2021-01-15 20:50:00,RARE
138.15,138.46,137.74,137.92,21649,2021-01-15 20:55:00,RARE
137.97,137.97,137.97,137.97,264231,2021-01-15 21:00:00,RARE
137.0,137.0,137.0,137.0,246,2021-01-15 21:30:00,RARE
137.97,137.97,137.97,137.97,38486,2021-01-15 22:05:00,RARE
140.6,141.935,139.71,139.71,5619,2021-01-19 14:30:00,RARE
138.5,140.34,138.5,140.07,3100,2021-01-19 14:35:00,RARE
140.64,141.51,139.27,139.27,1017,2021-01-19 14:40:00,RARE
139.06,139.94,138.62,138.62,1100,2021-01-19 14:45:00,RARE
138.22,139.34,138.13,138.13,600,2021-01-19 14:50:00,RARE
138.13,139.6,138.13,139.59,1707,2021-01-19 14:55:00,RARE
138.82,139.65,138.105,139.65,2060,2021-01-19 15:00:00,RARE
139.955,140.34,138.23,139.39,2400,2021-01-19 15:05:00,RARE
138.23,139.5,138.23,138.86,17641,2021-01-19 15:10:00,RARE
138.6,138.785,137.47,137.57,1400,2021-01-19 15:15:00,RARE
138.12,138.12,137.47,137.47,531,2021-01-19 15:20:00,RARE
137.505,137.6,136.84,137.23,1700,2021-01-19 15:25:00,RARE
137.45,137.77,136.88,137.565,5839,2021-01-19 15:30:00,RARE
137.59,137.84,137.29,137.33,1400,2021-01-19 15:35:00,RARE
137.29,137.29,136.43,136.95,2200,2021-01-19 15:40:00,RARE
137.06,137.65,136.93,137.31,1500,2021-01-19 15:45:00,RARE
137.305,137.68,136.93,137.0,1500,2021-01-19 15:50:00,RARE
137.34,137.34,136.22,136.595,2200,2021-01-19 15:55:00,RARE
136.22,137.67,136.22,137.64,2379,2021-01-19 16:00:00,RARE
136.98,138.43,136.98,138.2006,5286,2021-01-19 16:05:00,RARE
138.2,139.0,138.08,138.98,22722,2021-01-19 16:10:00,RARE
138.99,139.1,138.53,138.6,15494,2021-01-19 16:15:00,RARE
138.565,138.91,138.35,138.35,10320,2021-01-19 16:20:00,RARE
138.35,139.0,138.34,138.66,7546,2021-01-19 16:25:00,RARE
138.66,138.66,137.88,138.1,2085,2021-01-19 16:30:00,RARE
138.23,138.97,137.85,138.97,1217,2021-01-19 16:35:00,RARE
139.16,139.18,139.16,139.18,300,2021-01-19 16:40:00,RARE
139.76,140.18,139.76,140.015,1303,2021-01-19 16:45:00,RARE
140.29,140.84,140.29,140.555,600,2021-01-19 16:50:00,RARE
140.575,141.205,140.08,141.11,800,2021-01-19 16:55:00,RARE
140.595,140.84,140.255,140.51,647,2021-01-19 17:00:00,RARE
140.18,140.22,139.2,139.32,1600,2021-01-19 17:05:00,RARE
139.4,139.9274,139.4,139.895,747,2021-01-19 17:10:00,RARE
139.865,140.0,139.77,140.0,400,2021-01-19 17:15:00,RARE
140.0,140.2369,139.97,140.05,960,2021-01-19 17:20:00,RARE
139.86,140.31,139.86,140.31,1609,2021-01-19 17:25:00,RARE
140.475,140.485,140.45,140.45,400,2021-01-19 17:30:00,RARE
140.375,140.375,140.02,140.02,1000,2021-01-19 17:35:00,RARE
139.83,140.09,139.73,139.82,5627,2021-01-19 17:40:00,RARE
139.99,140.17,139.75,140.17,6708,2021-01-19 17:45:00,RARE
139.8716,139.8733,139.42,139.445,1687,2021-01-19 17:50:00,RARE
139.305,139.66,139.21,139.21,2877,2021-01-19 17:55:00,RARE
139.04,139.62,139.04,139.62,4460,2021-01-19 18:00:00,RARE
140.0,140.69,139.75,140.69,1310,2021-01-19 18:05:00,RARE
140.485,141.29,140.3553,141.29,2500,2021-01-19 18:10:00,RARE
141.18,141.29,141.07,141.28,600,2021-01-19 18:15:00,RARE
141.08,141.41,140.86,141.41,2393,2021-01-19 18:20:00,RARE
141.305,141.305,140.94,140.94,1199,2021-01-19 18:25:00,RARE
140.94,141.45,140.715,140.715,2300,2021-01-19 18:30:00,RARE
140.775,140.84,140.345,140.84,2213,2021-01-19 18:35:00,RARE
141.05,141.06,140.37,140.63,942,2021-01-19 18:40:00,RARE
140.78,141.09,140.74,140.74,500,2021-01-19 18:45:00,RARE
140.71,140.83,140.46,140.66,1500,2021-01-19 18:50:00,RARE
140.83,141.1,140.41,140.93,2600,2021-01-19 18:55:00,RARE
140.83,141.17,140.54,140.82,5300,2021-01-19 19:00:00,RARE
140.81,141.3,140.77,140.97,4240,2021-01-19 19:05:00,RARE
141.1,141.23,140.76,140.9,2020,2021-01-19 19:10:00,RARE
140.855,141.1,140.76,141.1,1100,2021-01-19 19:15:00,RARE
141.005,141.07,140.71,140.86,800,2021-01-19 19:20:00,RARE
141.0,141.05,140.67,140.87,1728,2021-01-19 19:25:00,RARE
141.075,141.28,140.89,140.905,2590,2021-01-19 19:30:00,RARE
140.72,141.12,140.72,141.05,1112,2021-01-19 19:35:00,RARE
141.39,141.39,140.23,140.23,5200,2021-01-19 19:40:00,RARE
140.0,140.46,139.98,140.32,3840,2021-01-19 19:45:00,RARE
140.2,140.54,140.04,140.415,1908,2021-01-19 19:50:00,RARE
140.27,140.42,140.03,140.03,760,2021-01-19 19:55:00,RARE
139.93,140.63,139.93,140.63,4975,2021-01-19 20:00:00,RARE
140.56,140.6,140.05,140.14,2542,2021-01-19 20:05:00,RARE
140.17,140.37,140.02,140.205,1200,2021-01-19 20:10:00,RARE
140.44,140.44,139.93,140.04,1332,2021-01-19 20:15:00,RARE
140.145,140.3,139.67,140.0,2700,2021-01-19 20:20:00,RARE
140.0,140.12,140.0,140.12,400,2021-01-19 20:25:00,RARE
139.92,140.12,139.78,139.92,2064,2021-01-19 20:30:00,RARE
139.8,139.8,139.4,139.68,1714,2021-01-19 20:35:00,RARE
139.48,139.78,138.905,139.12,8658,2021-01-19 20:40:00,RARE
139.075,139.27,138.81,138.915,4931,2021-01-19 20:45:00,RARE
139.07,139.51,138.68,138.68,13864,2021-01-19 20:50:00,RARE
138.92,139.1,138.26,138.69,25433,2021-01-19 20:55:00,RARE
138.87,138.87,138.87,138.87,58441,2021-01-19 21:00:00,RARE
138.87,138.87,138.87,138.87,21405,2021-01-19 22:25:00,RARE
138.65,139.41,138.65,139.41,4777,2021-01-20 14:30:00,RARE
139.66,139.88,139.24,139.79,2200,2021-01-20 14:35:00,RARE
139.05,139.05,138.935,138.935,318,2021-01-20 14:40:00,RARE
138.69,138.69,137.8,138.4,1482,2021-01-20 14:45:00,RARE
138.5,138.89,138.5,138.89,260,2021-01-20 14:50:00,RARE
138.655,138.69,138.585,138.69,500,2021-01-20 15:00:00,RARE
139.07,140.0235,138.54,140.0235,2036,2021-01-20 15:05:00,RARE
140.61,140.61,139.75,139.75,3410,2021-01-20 15:10:00,RARE
139.75,139.81,137.74,138.125,20659,2021-01-20 15:15:00,RARE
138.13,138.42,137.75,138.0,3332,2021-01-20 15:20:00,RARE
138.18,138.34,138.02,138.2225,1200,2021-01-20 15:25:00,RARE
138.32,138.49,137.91,138.34,9145,2021-01-20 15:30:00,RARE
138.245,138.3,137.95,137.9999,4215,2021-01-20 15:35:00,RARE
138.04,138.08,137.69,138.0,2400,2021-01-20 15:40:00,RARE
138.0,138.19,137.96,138.0,2666,2021-01-20 15:45:00,RARE
137.66,137.66,137.195,137.195,300,2021-01-20 15:50:00,RARE
137.17,137.28,136.73,137.175,1007,2021-01-20 15:55:00,RARE
136.85,137.03,136.46,136.975,2128,2021-01-20 16:00:00,RARE
136.37,137.55,136.28,137.23,11967,2021-01-20 16:05:00,RARE
137.16,137.48,137.16,137.44,1907,2021-01-20 16:10:00,RARE
137.265,137.94,137.265,137.94,2319,2021-01-20 16:15:00,RARE
137.735,137.84,137.585,137.585,800,2021-01-20 16:20:00,RARE
137.58,137.94,137.58,137.94,315,2021-01-20 16:25:00,RARE
138.0,138.02,137.25,137.64,1400,2021-01-20 16:30:00,RARE
137.53,137.79,137.53,137.79,600,2021-01-20 16:35:00,RARE
137.9,138.0,137.62,137.97,1700,2021-01-20 16:40:00,RARE
137.865,137.93,137.08,137.08,7975,2021-01-20 16:45:00,RARE
137.5,137.64,136.55,136.73,4304,2021-01-20 16:50:00,RARE
137.04,137.37,136.62,136.91,2626,2021-01-20 16:55:00,RARE
137.03,137.2,136.68,137.07,4126,2021-01-20 17:00:00,RARE
136.85,137.0,136.57,136.99,2713,2021-01-20 17:05:00,RARE
137.11,137.11,136.51,136.75,3332,2021-01-20 17:10:00,RARE
136.89,137.0,136.245,136.245,1400,2021-01-20 17:15:00,RARE
136.11,136.18,135.47,136.18,1250,2021-01-20 17:20:00,RARE
136.0656,136.22,135.965,136.22,407,2021-01-20 17:25:00,RARE
136.085,136.24,135.9,136.005,500,2021-01-20 17:30:00,RARE
136.26,136.26,135.46,135.5,3973,2021-01-20 17:35:00,RARE
135.33,135.53,135.23,135.26,1534,2021-01-20 17:40:00,RARE
135.25,135.3,135.0,135.025,2493,2021-01-20 17:45:00,RARE
135.02,135.28,134.86,135.11,3807,2021-01-20 17:50:00,RARE
135.11,135.47,134.91,135.005,7546,2021-01-20 17:55:00,RARE
135.01,135.29,135.0,135.05,3122,2021-01-20 18:00:00,RARE
134.92,134.98,134.83,134.98,1122,2021-01-20 18:05:00,RARE
135.0,135.15,135.0,135.085,800,2021-01-20 18:10:00,RARE
135.09,135.15,134.95,134.95,2944,2021-01-20 18:15:00,RARE
135.02,135.09,134.65,134.905,1847,2021-01-20 18:20:00,RARE
135.0,135.0,134.58,134.88,1800,2021-01-20 18:25:00,RARE
135.0,135.12,135.0,135.0,1500,2021-01-20 18:30:00,RARE
135.12,135.15,134.54,134.58,4800,2021-01-20 18:35:00,RARE
134.81,135.1,134.67,134.67,1768,2021-01-20 18:40:00,RARE
134.91,135.1,134.79,134.89,1800,2021-01-20 18:45:00,RARE
135.0,135.46,135.0,135.46,2557,2021-01-20 18:50:00,RARE
135.59,136.19,135.59,136.19,500,2021-01-20 18:55:00,RARE
135.82,135.82,135.575,135.73,1000,2021-01-20 19:00:00,RARE
135.52,136.035,135.4,135.89,1486,2021-01-20 19:05:00,RARE
135.92,136.05,135.84,136.04,1100,2021-01-20 19:10:00,RARE
136.14,136.25,135.3704,135.3704,2692,2021-01-20 19:15:00,RARE
135.165,135.3,134.88,134.9,2879,2021-01-20 19:20:00,RARE
135.0,135.08,134.67,134.67,1200,2021-01-20 19:25:00,RARE
134.96,135.05,134.78,134.8,1760,2021-01-20 19:30:00,RARE
134.97,135.0,134.81,134.92,3070,2021-01-20 19:35:00,RARE
134.8,135.05,134.74,135.0,1716,2021-01-20 19:40:00,RARE
135.0,135.87,135.0,135.705,6125,2021-01-20 19:45:00,RARE
135.705,136.34,135.54,136.34,7412,2021-01-20 19:50:00,RARE
136.385,137.215,135.825,135.825,8374,2021-01-20 19:55:00,RARE
135.685,136.11,135.685,135.79,2220,2021-01-20 20:00:00,RARE
135.785,135.94,135.08,135.08,1991,2021-01-20 20:05:00,RARE
135.59,135.6,135.1,135.1,500,2021-01-20 20:10:00,RARE
135.32,135.46,135.0,135.29,5324,2021-01-20 20:15:00,RARE
135.02,135.095,135.0,135.095,1012,2021-01-20 20:20:00,RARE
135.04,135.27,135.04,135.18,1200,2021-01-20 20:25:00,RARE
135.35,135.37,134.9147,134.9147,2600,2021-01-20 20:30:00,RARE
134.83,134.93,134.77,134.79,1700,2021-01-20 20:35:00,RARE
134.7,134.9,134.52,134.75,6600,2021-01-20 20:40:00,RARE
134.56,135.78,134.48,134.85,21717,2021-01-20 20:45:00,RARE
134.73,135.9,134.61,135.07,14979,2021-01-20 20:50:00,RARE
135.53,135.69,134.87,135.26,31299,2021-01-20 20:55:00,RARE
135.15,135.15,135.15,135.15,27254,2021-01-20 21:00:00,RARE
136.62,136.62,135.11,135.945,2871,2021-01-21 14:30:00,RARE
135.39,135.39,135.39,135.39,100,2021-01-21 14:35:00,RARE
135.06,135.06,133.1,133.74,2000,2021-01-21 14:40:00,RARE
133.735,134.53,133.735,134.46,4422,2021-01-21 14:45:00,RARE
133.485,134.56,133.39,133.39,1300,2021-01-21 14:50:00,RARE
133.425,133.425,131.19,132.425,6210,2021-01-21 14:55:00,RARE
131.6,134.68,131.6,133.63,22653,2021-01-21 15:00:00,RARE
133.64,134.5438,133.64,134.5438,1250,2021-01-21 15:05:00,RARE
134.67,134.76,134.13,134.3495,2920,2021-01-21 15:10:00,RARE
134.4,134.815,133.5,133.79,17758,2021-01-21 15:15:00,RARE
133.7,133.92,132.39,132.555,5086,2021-01-21 15:20:00,RARE
132.445,133.39,132.235,132.925,3297,2021-01-21 15:25:00,RARE
133.26,133.26,132.41,132.55,4200,2021-01-21 15:30:00,RARE
132.76,133.33,132.66,133.33,1000,2021-01-21 15:35:00,RARE
133.0,133.78,133.0,133.5,8750,2021-01-21 15:40:00,RARE
133.54,134.065,133.275,134.065,10142,2021-01-21 15:45:00,RARE
133.865,134.2,133.55,134.01,27912,2021-01-21 15:50:00,RARE
134.26,134.85,133.67,133.67,1687,2021-01-21 15:55:00,RARE
133.685,134.24,133.03,133.2,4200,2021-01-21 16:00:00,RARE
133.115,133.33,132.55,132.99,1634,2021-01-21 16:05:00,RARE
132.52,132.84,132.0,132.0,4805,2021-01-21 16:10:00,RARE
132.03,132.48,132.03,132.48,1100,2021-01-21 16:15:00,RARE
132.375,134.06,132.375,132.79,11268,2021-01-21 16:20:00,RARE
133.04,133.1,132.935,133.1,318,2021-01-21 16:25:00,RARE
133.105,133.19,132.8,132.965,1100,2021-01-21 16:30:00,RARE
132.86,132.95,132.49,132.9,800,2021-01-21 16:35:00,RARE
132.73,132.95,132.64,132.64,1900,2021-01-21 16:40:00,RARE
132.64,132.8,132.64,132.72,1150,2021-01-21 16:45:00,RARE
132.52,132.77,132.33,132.33,1400,2021-01-21 16:50:00,RARE
132.34,132.6,132.34,132.4,1100,2021-01-21 16:55:00,RARE
132.64,132.74,132.39,132.5,2351,2021-01-21 17:00:00,RARE
132.5,132.5,132.14,132.3,3258,2021-01-21 17:05:00,RARE
132.46,132.75,131.4169,131.42,5819,2021-01-21 17:10:00,RARE
131.83,132.03,131.7,131.7,1200,2021-01-21 17:15:00,RARE
131.74,132.3,131.44,132.0006,7196,2021-01-21 17:20:00,RARE
131.79,131.94,131.755,131.835,3300,2021-01-21 17:25:00,RARE
131.66,131.7,131.42,131.42,2925,2021-01-21 17:30:00,RARE
131.48,131.87,131.48,131.655,2300,2021-01-21 17:35:00,RARE
131.635,132.3,131.41,132.18,7678,2021-01-21 17:40:00,RARE
132.42,132.92,132.42,132.67,1100,2021-01-21 17:45:00,RARE
132.69,132.69,131.88,132.0595,2990,2021-01-21 17:50:00,RARE
132.06,132.18,131.9,132.18,1610,2021-01-21 17:55:00,RARE
132.205,132.43,132.14,132.305,1300,2021-01-21 18:00:00,RARE
132.23,132.23,131.85,132.09,1300,2021-01-21 18:05:00,RARE
132.06,132.405,131.82,132.09,11721,2021-01-21 18:10:00,RARE
132.23,133.12,131.99,132.97,27758,2021-01-21 18:15:00,RARE
133.01,133.41,132.76,132.89,2996,2021-01-21 18:20:00,RARE
133.0,133.17,133.0,133.14,700,2021-01-21 18:25:00,RARE
133.39,133.475,133.04,133.07,2900,2021-01-21 18:30:00,RARE
133.08,134.0,133.07,134.0,1100,2021-01-21 18:35:00,RARE
133.75,134.26,133.59,134.015,1900,2021-01-21 18:40:00,RARE
134.0,134.25,133.95,134.225,800,2021-01-21 18:45:00,RARE
134.03,134.345,133.89,134.05,1000,2021-01-21 18:50:00,RARE
134.055,134.095,134.055,134.09,600,2021-01-21 18:55:00,RARE
134.15,134.67,134.15,134.63,1800,2021-01-21 19:00:00,RARE
134.455,134.47,134.31,134.41,1400,2021-01-21 19:05:00,RARE
134.455,134.53,134.02,134.02,3400,2021-01-21 19:10:00,RARE
133.9,134.05,133.73,134.005,6313,2021-01-21 19:15:00,RARE
133.86,133.86,133.82,133.82,300,2021-01-21 19:20:00,RARE
133.59,133.63,133.39,133.5,2704,2021-01-21 19:25:00,RARE
133.38,133.58,133.315,133.53,5500,2021-01-21 19:30:00,RARE
133.58,133.87,133.43,133.805,7582,2021-01-21 19:35:00,RARE
133.81,133.81,133.19,133.19,1283,2021-01-21 19:40:00,RARE
133.26,133.26,133.25,133.25,2641,2021-01-21 19:45:00,RARE
133.4,133.72,133.35,133.35,1084,2021-01-21 19:50:00,RARE
133.44,133.875,133.44,133.875,1300,2021-01-21 19:55:00,RARE
133.72,133.82,133.55,133.55,1300,2021-01-21 20:00:00,RARE
133.55,133.76,133.55,133.6175,1200,2021-01-21 20:05:00,RARE
133.58,133.85,133.58,133.6675,600,2021-01-21 20:10:00,RARE
133.665,133.665,133.13,133.47,1900,2021-01-21 20:15:00,RARE
133.5,133.67,133.46,133.46,1700,2021-01-21 20:20:00,RARE
133.365,133.69,133.17,133.585,1210,2021-01-21 20:25:00,RARE
133.73,133.76,133.37,133.46,1605,2021-01-21 20:30:00,RARE
133.48,133.655,133.35,133.51,900,2021-01-21 20:35:00,RARE
133.43,133.52,133.13,133.24,6021,2021-01-21 20:40:00,RARE
133.1291,133.62,133.1,133.33,2031,2021-01-21 20:45:00,RARE
133.19,133.71,133.02,133.68,19231,2021-01-21 20:50:00,RARE
133.7,133.91,133.01,133.09,25930,2021-01-21 20:55:00,RARE
133.09,133.09,133.09,133.09,38949,2021-01-21 21:00:00,RARE
131.74,133.47,131.74,133.3755,4513,2021-01-22 14:30:00,RARE
133.265,134.325,133.265,134.08,1400,2021-01-22 14:35:00,RARE
133.62,134.19,133.06,133.6509,2813,2021-01-22 14:40:00,RARE
133.54,134.62,133.4,134.62,1200,2021-01-22 14:45:00,RARE
133.79,133.79,133.1654,133.1654,936,2021-01-22 14:50:00,RARE
132.97,133.875,132.97,133.62,1900,2021-01-22 14:55:00,RARE
133.74,134.35,133.5309,134.35,1400,2021-01-22 15:00:00,RARE
134.21,134.6,134.21,134.56,1636,2021-01-22 15:05:00,RARE
134.23,134.23,133.57,133.57,2500,2021-01-22 15:10:00,RARE
133.3,134.16,133.3,133.865,1971,2021-01-22 15:15:00,RARE
133.85,133.9455,133.85,133.8917,3800,2021-01-22 15:20:00,RARE
133.87,133.87,133.87,133.87,300,2021-01-22 15:25:00,RARE
134.18,134.955,134.08,134.955,3106,2021-01-22 15:30:00,RARE
134.96,134.97,134.44,134.44,1200,2021-01-22 15:35:00,RARE
134.62,135.28,134.44,134.7517,2956,2021-01-22 15:40:00,RARE
134.48,135.19,134.48,134.99,4241,2021-01-22 15:45:00,RARE
134.74,135.3,134.74,135.28,2503,2021-01-22 15:50:00,RARE
135.0701,135.345,135.0448,135.255,1000,2021-01-22 15:55:00,RARE
135.05,135.05,134.77,134.77,500,2021-01-22 16:00:00,RARE
134.78,135.71,134.78,135.71,2563,2021-01-22 16:05:00,RARE
135.57,135.7456,135.2,135.48,1365,2021-01-22 16:10:00,RARE
135.39,135.6,135.2211,135.41,1126,2021-01-22 16:15:00,RARE
135.46,135.46,134.99,135.39,1100,2021-01-22 16:20:00,RARE
135.11,135.11,134.755,135.06,2448,2021-01-22 16:25:00,RARE
134.7,134.75,134.7,134.73,370,2021-01-22 16:30:00,RARE
134.67,134.85,134.67,134.85,935,2021-01-22 16:35:00,RARE
134.69,135.2517,134.63,135.2517,1300,2021-01-22 16:40:00,RARE
134.93,135.51,134.82,135.3099,18382,2021-01-22 16:45:00,RARE
134.9974,135.38,134.9974,135.08,2979,2021-01-22 16:50:00,RARE
135.11,135.24,134.29,134.58,4119,2021-01-22 16:55:00,RARE
134.44,135.11,134.21,134.8389,3639,2021-01-22 17:00:00,RARE
134.67,135.44,134.67,134.9752,4195,2021-01-22 17:05:00,RARE
135.195,135.43,135.11,135.115,1400,2021-01-22 17:10:00,RARE
134.96,135.28,134.835,135.02,1316,2021-01-22 17:15:00,RARE
135.02,135.32,134.765,135.32,1400,2021-01-22 17:20:00,RARE
135.0725,135.0725,134.71,135.02,4106,2021-01-22 17:25:00,RARE
134.91,135.13,134.91,135.13,900,2021-01-22 17:30:00,RARE
135.445,135.47,135.3,135.3,800,2021-01-22 17:35:00,RARE
135.22,136.0222,135.22,135.875,2200,2021-01-22 17:40:00,RARE
135.815,135.99,135.62,135.725,1000,2021-01-22 17:45:00,RARE
135.725,136.09,135.725,135.91,400,2021-01-22 17:50:00,RARE
135.915,136.95,135.915,136.76,3600,2021-01-22 17:55:00,RARE
136.685,137.9,136.685,137.88,3500,2021-01-22 18:00:00,RARE
137.94,138.7,137.915,137.98,1000,2021-01-22 18:05:00,RARE
137.96,139.04,137.955,138.81,4781,2021-01-22 18:10:00,RARE
138.535,138.535,137.34,137.575,5224,2021-01-22 18:15:00,RARE
137.89,138.12,137.53,137.62,2090,2021-01-22 18:20:00,RARE
137.94,138.06,137.6,138.06,400,2021-01-22 18:25:00,RARE
137.58,138.28,137.55,138.125,4500,2021-01-22 18:30:00,RARE
137.96,138.25,137.4,138.25,4620,2021-01-22 18:35:00,RARE
138.26,138.6105,137.62,138.06,2045,2021-01-22 18:40:00,RARE
137.65,137.68,137.4,137.625,1500,2021-01-22 18:45:00,RARE
137.68,137.95,137.63,137.844,1700,2021-01-22 18:50:00,RARE
137.49,138.451,137.4,138.451,4200,2021-01-22 18:55:00,RARE
138.19,138.46,137.7,138.09,1446,2021-01-22 19:00:00,RARE
138.09,138.47,137.73,138.315,1900,2021-01-22 19:05:00,RARE
138.11,138.42,137.71,138.37,2872,2021-01-22 19:10:00,RARE
138.47,138.7,137.87,137.93,6700,2021-01-22 19:15:00,RARE
137.94,138.43,137.94,138.265,2055,2021-01-22 19:20:00,RARE
138.27,138.43,138.22,138.23,1556,2021-01-22 19:25:00,RARE
138.14,138.5,138.14,138.4,1200,2021-01-22 19:30:00,RARE
138.4,138.55,138.25,138.275,700,2021-01-22 19:35:00,RARE
138.29,138.66,138.25,138.37,1337,2021-01-22 19:40:00,RARE
138.52,138.97,138.39,138.805,1100,2021-01-22 19:45:00,RARE
138.785,139.51,138.6,138.9,2000,2021-01-22 19:50:00,RARE
139.01,140.56,139.01,140.19,4857,2021-01-22 19:55:00,RARE
140.04,140.46,139.59,139.625,1863,2021-01-22 20:00:00,RARE
139.56,140.343,139.375,139.55,4000,2021-01-22 20:05:00,RARE
139.6,139.7,139.29,139.499,700,2021-01-22 20:10:00,RARE
139.27,139.5,139.09,139.33,3200,2021-01-22 20:15:00,RARE
139.22,139.5,139.125,139.427,2443,2021-01-22 20:20:00,RARE
139.4377,139.9,139.22,139.22,3700,2021-01-22 20:25:00,RARE
139.52,139.98,139.21,139.43,4400,2021-01-22 20:30:00,RARE
139.585,140.09,139.3601,139.9,2300,2021-01-22 20:35:00,RARE
139.7101,140.17,139.53,139.73,6178,2021-01-22 20:40:00,RARE
139.62,139.95,139.5328,139.82,4800,2021-01-22 20:45:00,RARE
139.82,140.86,139.82,140.86,11934,2021-01-22 20:50:00,RARE
140.778,140.85,140.11,140.47,26498,2021-01-22 20:55:00,RARE
140.47,140.47,140.47,140.47,73858,2021-01-22 21:00:00,RARE
140.79,143.3697,140.58,141.86,7298,2021-01-25 14:30:00,RARE
143.35,143.47,142.63,143.47,1430,2021-01-25 14:35:00,RARE
143.28,144.0,143.28,143.97,2400,2021-01-25 14:40:00,RARE
143.43,143.43,141.91,142.55,2988,2021-01-25 14:45:00,RARE
142.49,142.51,142.04,142.04,1514,2021-01-25 14:50:00,RARE
142.36,142.91,141.7416,142.43,5950,2021-01-25 14:55:00,RARE
142.39,142.67,141.8889,142.445,4605,2021-01-25 15:00:00,RARE
142.27,142.5,141.79,142.045,6441,2021-01-25 15:05:00,RARE
142.045,142.35,140.59,141.575,7859,2021-01-25 15:10:00,RARE
141.57,142.185,141.325,142.185,4740,2021-01-25 15:15:00,RARE
142.12,142.365,141.9511,142.015,3016,2021-01-25 15:20:00,RARE
141.701,142.49,141.701,142.49,3183,2021-01-25 15:25:00,RARE
142.9693,143.905,142.5,143.895,1448,2021-01-25 15:30:00,RARE
143.09,143.52,142.1693,142.1693,7042,2021-01-25 15:35:00,RARE
142.37,143.335,142.37,143.335,2347,2021-01-25 15:40:00,RARE
143.12,143.12,143.12,143.12,100,2021-01-25 15:45:00,RARE
143.08,143.08,142.08,142.08,2956,2021-01-25 15:50:00,RARE
141.77,142.36,141.56,142.14,4705,2021-01-25 15:55:00,RARE
142.16,142.22,141.27,141.27,6351,2021-01-25 16:00:00,RARE
140.55,140.55,138.6733,139.4,3309,2021-01-25 16:05:00,RARE
139.18,141.25,138.92,141.0167,3972,2021-01-25 16:10:00,RARE
140.81,141.84,140.81,141.84,1101,2021-01-25 16:15:00,RARE
142.13,142.13,141.8751,141.8751,400,2021-01-25 16:20:00,RARE
141.22,141.97,139.62,140.355,3186,2021-01-25 16:25:00,RARE
140.34,141.93,140.3,141.93,2376,2021-01-25 16:30:00,RARE
141.4,142.01,141.15,141.91,700,2021-01-25 16:35:00,RARE
142.18,143.0,141.9,143.0,3978,2021-01-25 16:40:00,RARE
142.735,143.25,142.29,143.25,600,2021-01-25 16:45:00,RARE
142.775,143.21,142.775,143.21,200,2021-01-25 16:50:00,RARE
142.78,144.51,142.78,143.87,5974,2021-01-25 16:55:00,RARE
143.78,143.78,143.25,143.25,600,2021-01-25 17:00:00,RARE
143.94,144.02,143.2301,143.7759,3445,2021-01-25 17:05:00,RARE
143.85,143.99,143.1,143.36,3500,2021-01-25 17:10:00,RARE
143.5427,143.7054,142.6,143.01,9338,2021-01-25 17:15:00,RARE
143.04,143.27,142.61,142.61,4222,2021-01-25 17:20:00,RARE
142.76,143.33,142.68,143.015,1060,2021-01-25 17:25:00,RARE
142.85,143.52,142.82,143.52,2108,2021-01-25 17:30:00,RARE
143.7016,143.76,143.25,143.25,1925,2021-01-25 17:35:00,RARE
143.23,143.84,143.12,143.52,1794,2021-01-25 17:40:00,RARE
143.52,144.55,143.52,144.505,5422,2021-01-25 17:45:00,RARE
144.475,144.475,144.02,144.265,2700,2021-01-25 17:50:00,RARE
144.52,144.7567,144.31,144.5127,3040,2021-01-25 17:55:00,RARE
144.485,144.49,144.2,144.2,800,2021-01-25 18:00:00,RARE
143.9801,144.26,143.9801,144.06,2650,2021-01-25 18:05:00,RARE
144.106,144.9,144.106,144.775,3500,2021-01-25 18:10:00,RARE
144.84,145.74,144.84,145.3111,12548,2021-01-25 18:15:00,RARE
145.76,146.0717,145.26,145.26,2590,2021-01-25 18:20:00,RARE
145.615,145.78,145.39,145.41,2300,2021-01-25 18:25:00,RARE
145.68,146.16,145.49,146.16,5646,2021-01-25 18:30:00,RARE
146.5478,146.67,145.99,146.3,3416,2021-01-25 18:35:00,RARE
146.35,146.68,146.1179,146.33,4105,2021-01-25 18:40:00,RARE
146.71,147.4487,146.71,147.372,2250,2021-01-25 18:45:00,RARE
147.07,147.12,146.094,146.3,3448,2021-01-25 18:50:00,RARE
146.5299,146.53,145.66,145.91,4521,2021-01-25 18:55:00,RARE
145.78,145.8247,145.0912,145.6,2940,2021-01-25 19:00:00,RARE
145.5,146.02,145.42,145.8,2200,2021-01-25 19:05:00,RARE
145.58,145.72,144.59,145.3204,4807,2021-01-25 19:10:00,RARE
145.48,145.88,145.1,145.88,2200,2021-01-25 19:15:00,RARE
145.92,146.312,145.84,145.84,4733,2021-01-25 19:20:00,RARE
145.71,146.17,145.58,146.05,3112,2021-01-25 19:25:00,RARE
146.05,146.3425,146.05,146.3,1800,2021-01-25 19:30:00,RARE
146.19,146.36,145.875,145.9195,2849,2021-01-25 19:35:00,RARE
146.08,146.15,145.8903,145.8903,3200,2021-01-25 19:40:00,RARE
146.05,146.08,145.57,145.57,3000,2021-01-25 19:45:00,RARE
145.435,145.61,144.96,144.96,3310,2021-01-25 19:50:00,RARE
144.97,145.4678,144.905,145.1,2530,2021-01-25 19:55:00,RARE
145.14,145.31,145.05,145.14,3000,2021-01-25 20:00:00,RARE
145.2,145.29,144.66,145.12,4566,2021-01-25 20:05:00,RARE
144.87,145.09,144.58,144.82,4355,2021-01-25 20:10:00,RARE
144.88,145.7999,144.35,145.609,4515,2021-01-25 20:15:00,RARE
145.472,145.93,145.29,145.63,3435,2021-01-25 20:20:00,RARE
145.69,146.03,145.35,145.35,2300,2021-01-25 20:25:00,RARE
145.62,145.8,145.3512,145.755,3452,2021-01-25 20:30:00,RARE
146.07,146.3,145.3983,145.77,5130,2021-01-25 20:35:00,RARE
145.86,146.24,145.72,146.23,5749,2021-01-25 20:40:00,RARE
146.36,146.6,146.24,146.46,7308,2021-01-25 20:45:00,RARE
146.6,146.99,146.17,146.39,9694,2021-01-25 20:50:00,RARE
146.5,146.88,146.27,146.77,17535,2021-01-25 20:55:00,RARE
146.76,146.76,146.76,146.76,41484,2021-01-25 21:00:00,RARE
147.67,148.19,147.36,148.19,3477,2021-01-26 14:30:00,RARE
148.34,148.49,146.435,146.435,3158,2021-01-26 14:35:00,RARE
146.86,147.465,146.59,146.95,3600,2021-01-26 14:40:00,RARE
145.96,146.545,145.96,146.545,400,2021-01-26 14:45:00,RARE
145.842,146.97,145.4677,145.4677,2956,2021-01-26 14:50:00,RARE
145.19,146.15,145.19,146.15,1159,2021-01-26 14:55:00,RARE
147.58,147.65,146.845,147.65,992,2021-01-26 15:00:00,RARE
147.65,148.09,147.38,147.735,1700,2021-01-26 15:05:00,RARE
147.39,147.8,146.48,146.68,1973,2021-01-26 15:10:00,RARE
146.75,146.75,145.8,146.56,1500,2021-01-26 15:15:00,RARE
145.54,145.54,145.4768,145.515,1234,2021-01-26 15:20:00,RARE
146.02,146.02,145.3,145.545,700,2021-01-26 15:25:00,RARE
145.82,145.83,145.485,145.625,1908,2021-01-26 15:30:00,RARE
145.875,145.99,144.44,144.5,2400,2021-01-26 15:35:00,RARE
144.27,144.5,144.23,144.48,700,2021-01-26 15:40:00,RARE
144.17,144.35,143.99,144.3,1326,2021-01-26 15:45:00,RARE
144.32,144.48,143.25,143.25,1500,2021-01-26 15:50:00,RARE
143.31,143.53,143.035,143.495,1050,2021-01-26 15:55:00,RARE
143.36,143.71,143.11,143.475,838,2021-01-26 16:00:00,RARE
143.25,143.425,142.5346,142.81,2799,2021-01-26 16:05:00,RARE
142.47,143.21,142.47,142.9994,2427,2021-01-26 16:10:00,RARE
143.25,143.7012,143.01,143.22,1794,2021-01-26 16:15:00,RARE
142.71,143.215,142.69,143.215,1232,2021-01-26 16:20:00,RARE
143.69,143.78,143.69,143.78,400,2021-01-26 16:25:00,RARE
143.48,143.61,143.25,143.46,1300,2021-01-26 16:30:00,RARE
143.62,143.62,143.065,143.065,1200,2021-01-26 16:35:00,RARE
143.29,143.62,142.82,142.82,1600,2021-01-26 16:40:00,RARE
142.59,142.59,142.59,142.59,400,2021-01-26 16:45:00,RARE
142.56,142.56,142.03,142.03,1200,2021-01-26 16:50:00,RARE
142.03,142.92,141.5906,142.92,1235,2021-01-26 16:55:00,RARE
143.06,143.67,143.06,143.67,1419,2021-01-26 17:00:00,RARE
144.16,144.24,143.66,143.82,2851,2021-01-26 17:05:00,RARE
144.13,144.39,143.67,143.67,1592,2021-01-26 17:10:00,RARE
143.59,144.01,143.44,143.87,1249,2021-01-26 17:15:00,RARE
143.61,143.61,143.22,143.22,1276,2021-01-26 17:20:00,RARE
142.88,142.885,142.7,142.8,1100,2021-01-26 17:25:00,RARE
143.17,143.28,142.94,143.28,800,2021-01-26 17:30:00,RARE
143.4,143.41,143.0527,143.0527,974,2021-01-26 17:35:00,RARE
143.27,143.41,142.65,142.65,3206,2021-01-26 17:40:00,RARE
142.94,143.895,142.94,143.68,1800,2021-01-26 17:50:00,RARE
143.64,143.645,143.11,143.13,2198,2021-01-26 17:55:00,RARE
143.04,143.16,142.85,143.15,2497,2021-01-26 18:00:00,RARE
143.14,143.14,143.14,143.14,100,2021-01-26 18:05:00,RARE
143.11,143.3,143.11,143.3,400,2021-01-26 18:10:00,RARE
143.53,143.97,143.53,143.86,900,2021-01-26 18:15:00,RARE
144.05,144.5,143.815,144.5,1300,2021-01-26 18:20:00,RARE
144.02,144.39,143.83,144.09,1100,2021-01-26 18:25:00,RARE
143.86,144.07,143.55,143.71,2360,2021-01-26 18:30:00,RARE
144.06,144.11,143.725,143.725,2203,2021-01-26 18:35:00,RARE
143.69,143.69,143.15,143.29,2104,2021-01-26 18:40:00,RARE
143.17,143.205,143.17,143.19,700,2021-01-26 18:45:00,RARE
143.21,143.22,143.11,143.22,400,2021-01-26 18:50:00,RARE
143.12,143.22,142.94,143.22,900,2021-01-26 18:55:00,RARE
142.98,143.28,142.98,143.28,300,2021-01-26 19:00:00,RARE
143.09,143.42,143.09,143.42,910,2021-01-26 19:05:00,RARE
143.41,143.42,143.16,143.22,1801,2021-01-26 19:10:00,RARE
143.29,143.38,143.27,143.27,1205,2021-01-26 19:15:00,RARE
143.51,143.51,143.29,143.29,600,2021-01-26 19:20:00,RARE
143.05,143.29,143.05,143.06,300,2021-01-26 19:25:00,RARE
143.47,143.655,143.46,143.655,788,2021-01-26 19:30:00,RARE
143.695,144.105,143.51,143.875,1585,2021-01-26 19:35:00,RARE
143.65,143.93,143.34,143.34,2520,2021-01-26 19:40:00,RARE
143.28,143.4,143.03,143.03,600,2021-01-26 19:45:00,RARE
143.005,143.005,142.63,142.63,700,2021-01-26 19:50:00,RARE
142.92,142.98,142.69,142.69,1000,2021-01-26 19:55:00,RARE
142.615,142.91,142.49,142.91,600,2021-01-26 20:00:00,RARE
142.61,142.61,142.2,142.34,1300,2021-01-26 20:05:00,RARE
142.03,142.15,141.89,142.13,1000,2021-01-26 20:10:00,RARE
142.17,142.17,141.59,141.865,3648,2021-01-26 20:15:00,RARE
141.79,141.79,141.21,141.74,2305,2021-01-26 20:20:00,RARE
141.77,141.78,140.18,140.18,6956,2021-01-26 20:25:00,RARE
139.96,140.065,139.46,139.78,4415,2021-01-26 20:30:00,RARE
139.52,140.01,139.2701,139.2701,3546,2021-01-26 20:35:00,RARE
139.4,139.62,138.93,139.4,5600,2021-01-26 20:40:00,RARE
139.36,139.75,139.27,139.75,7290,2021-01-26 20:45:00,RARE
139.36,140.1,139.25,140.1,10322,2021-01-26 20:50:00,RARE
140.1,140.26,139.41,140.02,22262,2021-01-26 20:55:00,RARE
139.97,139.97,139.97,139.97,26461,2021-01-26 21:00:00,RARE
139.97,139.97,139.97,139.97,9441,2021-01-26 22:10:00,RARE
136.81,136.81,136.81,136.81,100,2021-01-27 14:25:00,RARE
135.88,135.88,132.99,133.0,9489,2021-01-27 14:30:00,RARE
133.65,135.16,132.67,133.765,3484,2021-01-27 14:35:00,RARE
134.97,135.1,132.4943,135.08,1200,2021-01-27 14:40:00,RARE
132.93,135.38,132.855,132.87,2849,2021-01-27 14:45:00,RARE
132.76,132.88,130.2192,131.88,4170,2021-01-27 14:50:00,RARE
132.09,135.07,131.04,135.06,3500,2021-01-27 14:55:00,RARE
134.07,136.5399,134.07,136.5399,2651,2021-01-27 15:00:00,RARE
136.035,136.88,135.325,136.13,5363,2021-01-27 15:05:00,RARE
136.07,137.47,135.348,136.64,2900,2021-01-27 15:10:00,RARE
136.8899,138.24,136.68,137.42,2100,2021-01-27 15:15:00,RARE
137.2,138.22,137.2,137.71,1800,2021-01-27 15:20:00,RARE
137.79,138.5,136.94,138.39,4889,2021-01-27 15:25:00,RARE
138.29,139.31,137.36,138.007,3182,2021-01-27 15:30:00,RARE
138.235,138.63,136.25,137.5,2000,2021-01-27 15:35:00,RARE
138.01,138.68,137.56,137.65,1738,2021-01-27 15:40:00,RARE
137.865,138.7,137.09,138.59,3160,2021-01-27 15:45:00,RARE
138.14,138.14,136.1361,136.455,4618,2021-01-27 15:50:00,RARE
136.91,138.03,136.45,137.035,3257,2021-01-27 15:55:00,RARE
137.39,138.07,136.45,138.07,2600,2021-01-27 16:00:00,RARE
138.01,138.62,137.56,137.565,2700,2021-01-27 16:05:00,RARE
137.625,138.09,136.74,137.58,6640,2021-01-27 16:10:00,RARE
137.06,137.39,135.8,136.52,6674,2021-01-27 16:15:00,RARE
136.29,138.08,136.2,138.02,8233,2021-01-27 16:20:00,RARE
137.81,138.43,137.27,138.43,4100,2021-01-27 16:25:00,RARE
138.14,138.525,137.47,137.68,2800,2021-01-27 16:30:00,RARE
137.38,137.74,137.02,137.24,2027,2021-01-27 16:35:00,RARE
137.18,137.77,137.18,137.49,700,2021-01-27 16:40:00,RARE
136.922,137.5203,136.3014,136.6105,4689,2021-01-27 16:45:00,RARE
136.55,137.0,136.42,136.42,500,2021-01-27 16:50:00,RARE
136.31,136.36,135.53,135.6025,1298,2021-01-27 16:55:00,RARE
135.81,137.0,135.75,135.99,5534,2021-01-27 17:00:00,RARE
136.15,136.945,136.02,136.945,300,2021-01-27 17:05:00,RARE
136.37,136.65,136.37,136.65,400,2021-01-27 17:10:00,RARE
137.8,137.97,137.8,137.825,620,2021-01-27 17:15:00,RARE
138.22,139.13,137.74,137.87,2157,2021-01-27 17:20:00,RARE
137.345,137.7,137.325,137.7,775,2021-01-27 17:30:00,RARE
137.53,137.73,137.12,137.1202,1000,2021-01-27 17:35:00,RARE
138.13,138.13,137.91,137.91,412,2021-01-27 17:40:00,RARE
139.26,139.26,139.17,139.26,300,2021-01-27 17:45:00,RARE
138.3,139.3292,138.3,139.07,440,2021-01-27 17:50:00,RARE
139.38,139.78,139.006,139.725,2627,2021-01-27 17:55:00,RARE
139.58,140.15,139.57,139.66,2500,2021-01-27 18:00:00,RARE
139.87,139.96,139.83,139.96,500,2021-01-27 18:05:00,RARE
140.02,140.405,139.94,140.405,3213,2021-01-27 18:10:00,RARE
140.335,140.335,139.9,139.9,700,2021-01-27 18:15:00,RARE
139.99,139.99,139.35,139.35,1200,2021-01-27 18:20:00,RARE
139.55,140.135,139.35,139.68,2000,2021-01-27 18:25:00,RARE
140.15,140.15,138.65,138.65,500,2021-01-27 18:30:00,RARE
139.22,139.45,138.665,139.03,1470,2021-01-27 18:35:00,RARE
138.96,139.3548,138.66,138.66,2514,2021-01-27 18:40:00,RARE
138.66,139.35,138.62,139.1,600,2021-01-27 18:45:00,RARE
138.96,139.01,138.72,138.7211,860,2021-01-27 18:50:00,RARE
139.19,139.19,138.613,138.83,1600,2021-01-27 18:55:00,RARE
138.98,139.21,138.71,138.85,2800,2021-01-27 19:00:00,RARE
138.78,138.92,138.4201,138.8442,2800,2021-01-27 19:05:00,RARE
138.67,138.72,138.36,138.605,5318,2021-01-27 19:10:00,RARE
138.59,138.68,137.97,138.155,8846,2021-01-27 19:15:00,RARE
138.06,138.18,137.4,137.88,4972,2021-01-27 19:20:00,RARE
137.7079,137.91,137.195,137.51,4520,2021-01-27 19:25:00,RARE
136.73,136.73,136.41,136.51,700,2021-01-27 19:30:00,RARE
135.64,137.26,135.58,137.26,2800,2021-01-27 19:35:00,RARE
137.18,137.76,136.82,137.26,2500,2021-01-27 19:40:00,RARE
137.36,137.36,136.17,136.17,3200,2021-01-27 19:45:00,RARE
136.44,136.44,135.48,135.895,2098,2021-01-27 19:50:00,RARE
136.08,136.5,135.66,136.235,2903,2021-01-27 19:55:00,RARE
135.97,136.613,135.8426,136.24,3590,2021-01-27 20:00:00,RARE
136.05,136.73,135.92,136.2,1500,2021-01-27 20:05:00,RARE
136.09,136.255,135.64,136.255,3115,2021-01-27 20:10:00,RARE
136.14,137.07,136.1,136.51,2400,2021-01-27 20:15:00,RARE
135.94,136.46,135.42,135.42,4627,2021-01-27 20:20:00,RARE
135.63,136.3,134.56,135.11,4241,2021-01-27 20:25:00,RARE
135.08,136.23,135.0054,135.28,4251,2021-01-27 20:30:00,RARE
135.0013,136.26,135.0013,136.26,3865,2021-01-27 20:35:00,RARE
136.24,136.92,135.68,135.97,6997,2021-01-27 20:40:00,RARE
135.875,136.52,134.88,136.15,11251,2021-01-27 20:45:00,RARE
136.36,137.38,136.07,137.31,10303,2021-01-27 20:50:00,RARE
136.79,137.045,135.91,135.96,16746,2021-01-27 20:55:00,RARE
136.16,136.16,136.16,136.16,66556,2021-01-27 21:00:00,RARE
138.99,138.99,138.99,138.99,3062,2021-01-28 14:30:00,RARE
139.6,139.6,139.59,139.59,200,2021-01-28 14:35:00,RARE
139.87,141.0,138.64,140.37,1500,2021-01-28 14:40:00,RARE
141.86,141.95,139.1,139.1,3753,2021-01-28 14:45:00,RARE
139.08,140.32,139.08,140.32,300,2021-01-28 14:50:00,RARE
138.985,140.78,138.8,139.66,1600,2021-01-28 14:55:00,RARE
140.4,141.08,139.41,140.25,3597,2021-01-28 15:00:00,RARE
138.45,140.08,138.45,140.08,600,2021-01-28 15:05:00,RARE
140.12,140.12,139.39,139.86,600,2021-01-28 15:10:00,RARE
140.01,140.64,139.47,140.44,4256,2021-01-28 15:15:00,RARE
140.42,141.33,140.42,140.79,3022,2021-01-28 15:20:00,RARE
140.79,140.79,139.7301,139.7301,800,2021-01-28 15:25:00,RARE
140.46,141.85,140.46,141.85,900,2021-01-28 15:30:00,RARE
141.79,142.19,141.27,141.7,2000,2021-01-28 15:35:00,RARE
141.71,141.71,139.04,139.04,2339,2021-01-28 15:40:00,RARE
138.27,139.68,138.27,139.68,1500,2021-01-28 15:45:00,RARE
139.675,140.075,139.49,139.76,700,2021-01-28 15:50:00,RARE
139.705,140.24,139.2,139.725,800,2021-01-28 15:55:00,RARE
139.67,139.7,139.25,139.7,400,2021-01-28 16:00:00,RARE
139.27,140.06,138.99,139.2,700,2021-01-28 16:05:00,RARE
139.25,139.62,138.98,139.06,4627,2021-01-28 16:10:00,RARE
139.155,139.4,138.56,138.56,3675,2021-01-28 16:15:00,RARE
138.675,138.675,137.72,137.75,900,2021-01-28 16:20:00,RARE
137.73,137.73,137.01,137.18,2400,2021-01-28 16:25:00,RARE
137.3,138.41,137.245,138.41,1220,2021-01-28 16:30:00,RARE
138.89,139.015,138.205,138.205,1400,2021-01-28 16:35:00,RARE
139.06,139.68,138.85,139.64,2000,2021-01-28 16:40:00,RARE
139.64,140.45,139.64,140.45,1400,2021-01-28 16:45:00,RARE
140.14,140.94,140.14,140.31,1002,2021-01-28 16:50:00,RARE
140.47,140.71,140.2007,140.2007,1290,2021-01-28 16:55:00,RARE
140.4,140.9,140.4,140.585,600,2021-01-28 17:00:00,RARE
140.58,141.02,140.58,141.0,1213,2021-01-28 17:05:00,RARE
141.17,141.28,140.62,141.17,2400,2021-01-28 17:10:00,RARE
141.37,141.645,140.88,141.62,3869,2021-01-28 17:15:00,RARE
141.62,141.98,141.52,141.81,5200,2021-01-28 17:20:00,RARE
141.64,141.98,141.47,141.69,4416,2021-01-28 17:25:00,RARE
141.67,141.82,141.5,141.78,1110,2021-01-28 17:30:00,RARE
141.55,141.81,141.06,141.06,5090,2021-01-28 17:35:00,RARE
141.03,141.72,141.03,141.315,1307,2021-01-28 17:40:00,RARE
141.81,141.98,141.59,141.85,1500,2021-01-28 17:45:00,RARE
141.535,141.933,141.485,141.485,2465,2021-01-28 17:50:00,RARE
141.5,141.73,141.31,141.485,1100,2021-01-28 17:55:00,RARE
141.6826,142.279,141.35,141.8499,3438,2021-01-28 18:00:00,RARE
141.82,141.82,140.91,141.01,2105,2021-01-28 18:05:00,RARE
141.01,141.01,140.19,140.27,3827,2021-01-28 18:10:00,RARE
140.115,141.12,139.96,141.12,3371,2021-01-28 18:15:00,RARE
141.49,142.14,141.31,141.565,4106,2021-01-28 18:20:00,RARE
141.99,142.703,141.87,142.57,1751,2021-01-28 18:25:00,RARE
142.34,142.61,141.9801,142.61,3720,2021-01-28 18:30:00,RARE
142.45,142.91,142.45,142.52,4212,2021-01-28 18:35:00,RARE
142.565,142.74,142.26,142.74,2406,2021-01-28 18:40:00,RARE
142.6,142.67,142.32,142.335,2100,2021-01-28 18:45:00,RARE
142.427,142.46,141.8036,142.355,5179,2021-01-28 18:50:00,RARE
142.33,142.66,141.92,142.55,4570,2021-01-28 18:55:00,RARE
142.5101,142.82,142.4601,142.82,2000,2021-01-28 19:00:00,RARE
142.78,142.83,142.12,142.25,1900,2021-01-28 19:05:00,RARE
142.434,142.75,142.14,142.645,2895,2021-01-28 19:10:00,RARE
142.54,144.2051,142.32,143.77,5327,2021-01-28 19:15:00,RARE
143.38,143.38,142.06,142.08,2140,2021-01-28 19:20:00,RARE
142.298,142.87,142.298,142.87,2400,2021-01-28 19:25:00,RARE
143.26,143.26,142.2419,142.405,2080,2021-01-28 19:30:00,RARE
142.4,142.55,141.85,142.14,3530,2021-01-28 19:35:00,RARE
142.28,142.49,142.08,142.49,1000,2021-01-28 19:40:00,RARE
142.74,142.74,142.08,142.22,2000,2021-01-28 19:45:00,RARE
142.01,142.185,141.2776,141.455,4399,2021-01-28 19:50:00,RARE
141.535,142.16,141.41,141.86,1800,2021-01-28 19:55:00,RARE
141.94,142.08,141.75,141.75,500,2021-01-28 20:00:00,RARE
142.02,142.02,140.74,140.91,3502,2021-01-28 20:05:00,RARE
140.91,141.69,140.4,141.69,6343,2021-01-28 20:10:00,RARE
141.29,141.39,140.49,141.05,3445,2021-01-28 20:15:00,RARE
141.05,141.58,140.94,141.28,1800,2021-01-28 20:20:00,RARE
141.57,141.57,140.61,140.625,3500,2021-01-28 20:25:00,RARE
140.46,141.14,140.34,140.49,3632,2021-01-28 20:30:00,RARE
140.57,140.99,140.3234,140.99,3850,2021-01-28 20:35:00,RARE
140.9,142.25,140.9,142.25,4600,2021-01-28 20:40:00,RARE
142.39,142.39,141.47,142.01,5408,2021-01-28 20:45:00,RARE
142.01,142.06,140.935,141.14,9443,2021-01-28 20:50:00,RARE
140.89,141.25,140.01,140.89,17181,2021-01-28 20:55:00,RARE
140.6,140.6,140.6,140.6,31552,2021-01-28 21:00:00,RARE
140.6,140.6,140.6,140.6,2118,2021-01-28 22:25:00,RARE
139.81,139.81,136.3258,139.585,3974,2021-01-29 14:30:00,RARE
139.55,139.81,138.735,139.55,6411,2021-01-29 14:35:00,RARE
138.63,140.49,138.63,139.0496,3666,2021-01-29 14:40:00,RARE
140.3,142.62,140.3,142.62,1900,2021-01-29 14:45:00,RARE
142.54,143.98,142.47,143.0004,734,2021-01-29 14:50:00,RARE
144.18,144.18,142.66,143.9969,2415,2021-01-29 14:55:00,RARE
143.98,143.98,142.11,142.33,1760,2021-01-29 15:00:00,RARE
141.72,141.91,141.07,141.07,1300,2021-01-29 15:05:00,RARE
141.91,141.92,141.91,141.92,533,2021-01-29 15:10:00,RARE
142.45,142.7711,142.375,142.375,800,2021-01-29 15:15:00,RARE
142.325,142.325,142.27,142.27,200,2021-01-29 15:20:00,RARE
141.92,141.99,141.195,141.77,2020,2021-01-29 15:25:00,RARE
141.595,141.595,141.07,141.07,200,2021-01-29 15:30:00,RARE
141.16,141.55,140.5501,140.5501,900,2021-01-29 15:35:00,RARE
141.2099,141.44,140.55,140.55,1300,2021-01-29 15:40:00,RARE
140.3392,140.3392,139.33,139.66,680,2021-01-29 15:45:00,RARE
139.92,140.42,139.92,140.41,1000,2021-01-29 15:50:00,RARE
140.41,140.41,140.41,140.41,100,2021-01-29 15:55:00,RARE
140.18,140.86,139.5368,139.76,3720,2021-01-29 16:00:00,RARE
139.53,140.11,139.1077,140.11,1720,2021-01-29 16:05:00,RARE
139.24,139.24,137.98,138.6904,2426,2021-01-29 16:10:00,RARE
138.21,139.0,138.17,139.0,1800,2021-01-29 16:15:00,RARE
138.37,138.56,137.99,138.53,1000,2021-01-29 16:20:00,RARE
138.48,138.92,138.035,138.2978,2639,2021-01-29 16:25:00,RARE
138.29,139.5,138.28,139.04,4800,2021-01-29 16:30:00,RARE
138.76,139.42,138.58,139.42,1800,2021-01-29 16:35:00,RARE
139.76,139.9,139.2,139.9,1000,2021-01-29 16:40:00,RARE
139.69,141.1056,139.65,140.97,1600,2021-01-29 16:45:00,RARE
140.34,140.8,140.23,140.725,1500,2021-01-29 16:50:00,RARE
140.725,141.2,140.295,141.17,1400,2021-01-29 16:55:00,RARE
140.55,140.555,140.55,140.555,200,2021-01-29 17:00:00,RARE
141.21,141.29,140.43,140.8,2500,2021-01-29 17:05:00,RARE
140.96,140.96,140.2465,140.63,1400,2021-01-29 17:10:00,RARE
140.33,140.4449,139.9042,140.105,2100,2021-01-29 17:15:00,RARE
139.57,139.7,139.11,139.11,2393,2021-01-29 17:20:00,RARE
138.44,140.03,138.44,139.71,1733,2021-01-29 17:25:00,RARE
139.54,139.54,138.84,138.84,1144,2021-01-29 17:30:00,RARE
138.51,138.51,137.28,137.38,1000,2021-01-29 17:35:00,RARE
137.45,137.9132,137.38,137.38,1376,2021-01-29 17:40:00,RARE
137.39,137.39,136.3,136.3,4781,2021-01-29 17:45:00,RARE
136.72,138.48,136.72,138.48,1339,2021-01-29 17:50:00,RARE
137.83,137.83,137.19,137.5373,1300,2021-01-29 17:55:00,RARE
137.52,138.59,137.52,138.59,500,2021-01-29 18:00:00,RARE
138.02,138.25,137.65,137.65,1300,2021-01-29 18:05:00,RARE
137.65,137.66,136.69,136.95,800,2021-01-29 18:10:00,RARE
136.54,136.68,136.4,136.6546,1679,2021-01-29 18:15:00,RARE
136.79,137.04,136.6759,137.04,620,2021-01-29 18:20:00,RARE
137.38,138.58,137.38,138.49,1100,2021-01-29 18:25:00,RARE
138.48,138.49,138.06,138.43,1800,2021-01-29 18:30:00,RARE
138.58,139.21,138.58,139.21,600,2021-01-29 18:35:00,RARE
138.53,139.09,138.5,139.09,600,2021-01-29 18:40:00,RARE
139.04,139.04,138.0,138.0,700,2021-01-29 18:45:00,RARE
137.95,138.3926,137.95,138.135,2364,2021-01-29 18:50:00,RARE
137.9681,137.9681,137.33,137.5396,1600,2021-01-29 18:55:00,RARE
137.6,138.64,137.435,138.29,1324,2021-01-29 19:00:00,RARE
137.91,138.15,137.5109,138.15,1070,2021-01-29 19:05:00,RARE
138.47,138.6304,138.2281,138.6304,1100,2021-01-29 19:10:00,RARE
138.87,138.87,138.525,138.525,200,2021-01-29 19:15:00,RARE
138.98,139.02,138.03,138.03,3700,2021-01-29 19:20:00,RARE
138.46,138.46,138.1,138.225,700,2021-01-29 19:25:00,RARE
137.55,137.81,137.21,137.33,2000,2021-01-29 19:30:00,RARE
137.62,137.67,136.76,136.76,2600,2021-01-29 19:35:00,RARE
136.94,137.84,136.7,137.84,2241,2021-01-29 19:40:00,RARE
137.79,137.88,137.43,137.43,500,2021-01-29 19:45:00,RARE
137.49,137.59,137.18,137.38,1245,2021-01-29 19:55:00,RARE
137.65,138.25,137.65,138.25,800,2021-01-29 20:00:00,RARE
138.295,138.77,138.295,138.77,200,2021-01-29 20:05:00,RARE
138.8799,138.8799,138.42,138.42,1600,2021-01-29 20:10:00,RARE
138.2401,138.48,138.14,138.14,1000,2021-01-29 20:15:00,RARE
138.79,138.79,138.3019,138.3019,400,2021-01-29 20:20:00,RARE
138.68,138.805,138.525,138.62,800,2021-01-29 20:25:00,RARE
138.66,138.99,138.56,138.99,600,2021-01-29 20:30:00,RARE
138.9,138.94,138.56,138.73,1500,2021-01-29 20:35:00,RARE
138.565,139.16,138.37,138.37,1731,2021-01-29 20:40:00,RARE
138.47,138.8,138.27,138.73,2000,2021-01-29 20:45:00,RARE
138.91,139.57,138.73,138.95,5062,2021-01-29 20:50:00,RARE
138.97,139.79,138.43,138.43,8312,2021-01-29 20:55:00,RARE
138.59,138.59,138.59,138.59,72411,2021-01-29 21:00:00,RARE
138.59,138.59,138.59,138.59,3592,2021-01-29 22:50:00,RARE
140.36,142.55,140.36,142.4529,5050,2021-02-01 14:30:00,RARE
142.0,142.98,140.43,140.81,7262,2021-02-01 14:35:00,RARE
140.9853,142.98,140.9853,142.0,1231,2021-02-01 14:40:00,RARE
142.0,142.915,140.5057,141.76,1459,2021-02-01 14:45:00,RARE
142.445,142.445,140.42,140.42,4344,2021-02-01 14:50:00,RARE
141.0198,142.98,141.0198,142.98,5100,2021-02-01 14:55:00,RARE
141.8,142.84,141.22,142.84,1100,2021-02-01 15:00:00,RARE
142.87,142.92,141.5,142.885,920,2021-02-01 15:05:00,RARE
141.27,141.94,140.86,141.76,3977,2021-02-01 15:10:00,RARE
142.2,142.2,140.94,140.94,1910,2021-02-01 15:15:00,RARE
140.91,141.925,140.91,141.925,1037,2021-02-01 15:20:00,RARE
142.35,142.35,141.13,141.13,400,2021-02-01 15:25:00,RARE
140.81,141.48,140.5,140.63,1622,2021-02-01 15:30:00,RARE
140.35,140.92,140.02,140.92,3131,2021-02-01 15:35:00,RARE
140.23,141.96,140.02,141.96,2300,2021-02-01 15:40:00,RARE
140.76,141.42,140.76,141.42,1200,2021-02-01 15:45:00,RARE
140.44,141.115,139.875,141.115,900,2021-02-01 15:50:00,RARE
140.95,140.99,140.03,140.44,2524,2021-02-01 15:55:00,RARE
141.05,141.13,140.0,140.33,1000,2021-02-01 16:00:00,RARE
140.595,141.045,140.3,141.045,1497,2021-02-01 16:05:00,RARE
140.9,141.14,140.235,141.06,1300,2021-02-01 16:10:00,RARE
140.97,141.27,140.97,141.27,1241,2021-02-01 16:15:00,RARE
141.0,141.0,140.96,141.0,319,2021-02-01 16:20:00,RARE
141.2,141.2,140.8401,141.2,1016,2021-02-01 16:25:00,RARE
140.42,140.42,140.06,140.06,437,2021-02-01 16:30:00,RARE
140.22,140.3,139.58,140.3,3214,2021-02-01 16:35:00,RARE
140.63,141.65,140.6201,140.9,21911,2021-02-01 16:40:00,RARE
140.94,141.65,140.85,141.65,30521,2021-02-01 16:45:00,RARE
141.1325,142.75,141.1325,142.75,5916,2021-02-01 16:50:00,RARE
142.72,142.72,142.69,142.69,300,2021-02-01 16:55:00,RARE
142.91,142.98,142.57,142.66,1300,2021-02-01 17:00:00,RARE
142.72,142.89,142.13,142.13,900,2021-02-01 17:05:00,RARE
142.31,142.97,142.05,142.96,2275,2021-02-01 17:10:00,RARE
142.98,142.98,142.35,142.69,2621,2021-02-01 17:15:00,RARE
142.69,142.71,141.67,142.47,2422,2021-02-01 17:20:00,RARE
142.79,142.98,142.64,142.695,1300,2021-02-01 17:25:00,RARE
142.97,143.16,142.58,143.0,13181,2021-02-01 17:30:00,RARE
143.17,143.96,143.09,143.12,7697,2021-02-01 17:35:00,RARE
143.39,143.76,143.03,143.45,1000,2021-02-01 17:40:00,RARE
143.42,143.67,143.4,143.4,1700,2021-02-01 17:45:00,RARE
143.585,143.81,143.31,143.81,750,2021-02-01 17:50:00,RARE
144.18,144.51,143.74,144.3212,1787,2021-02-01 17:55:00,RARE
144.8,144.87,144.0,144.87,2478,2021-02-01 18:00:00,RARE
144.0311,144.57,143.81,144.365,1940,2021-02-01 18:05:00,RARE
144.0938,144.0938,144.0938,144.0938,400,2021-02-01 18:10:00,RARE
144.21,144.21,143.75,143.827,4314,2021-02-01 18:15:00,RARE
143.85,144.0,143.55,143.9,1400,2021-02-01 18:20:00,RARE
143.913,144.04,143.6,143.92,700,2021-02-01 18:25:00,RARE
143.5,144.0699,143.45,144.0699,1550,2021-02-01 18:30:00,RARE
143.72,143.945,143.4001,143.87,2908,2021-02-01 18:35:00,RARE
144.06,144.51,143.63,144.51,1000,2021-02-01 18:40:00,RARE
144.97,145.0,144.31,144.36,800,2021-02-01 18:45:00,RARE
144.32,144.72,144.19,144.31,1187,2021-02-01 18:50:00,RARE
144.4375,144.91,144.32,144.91,2384,2021-02-01 18:55:00,RARE
144.63,144.98,144.61,144.61,900,2021-02-01 19:00:00,RARE
144.7517,145.46,144.4701,144.9,8098,2021-02-01 19:05:00,RARE
144.75,145.03,144.64,144.99,4973,2021-02-01 19:10:00,RARE
145.035,145.035,145.035,145.035,100,2021-02-01 19:15:00,RARE
145.015,145.015,144.565,144.565,1447,2021-02-01 19:20:00,RARE
144.57,144.88,144.45,144.88,1437,2021-02-01 19:25:00,RARE
145.18,145.21,145.14,145.19,400,2021-02-01 19:30:00,RARE
144.79,145.5,144.745,145.5,1284,2021-02-01 19:35:00,RARE
145.6,146.8999,145.6,146.32,2270,2021-02-01 19:40:00,RARE
146.16,146.29,145.4383,145.4383,1100,2021-02-01 19:45:00,RARE
145.5866,145.93,145.465,145.7067,1461,2021-02-01 19:50:00,RARE
145.6,145.6,144.92,144.965,1640,2021-02-01 19:55:00,RARE
144.93,145.33,144.93,145.33,1161,2021-02-01 20:00:00,RARE
145.75,145.75,145.26,145.26,400,2021-02-01 20:05:00,RARE
145.45,145.45,145.235,145.315,1282,2021-02-01 20:10:00,RARE
145.58,145.58,144.7,145.02,1598,2021-02-01 20:15:00,RARE
145.16,145.3,144.84,145.29,1103,2021-02-01 20:20:00,RARE
145.29,146.76,145.235,145.81,3227,2021-02-01 20:25:00,RARE
145.97,146.02,145.37,145.51,2701,2021-02-01 20:30:00,RARE
145.61,145.61,145.305,145.42,3351,2021-02-01 20:35:00,RARE
145.27,145.75,145.12,145.63,3550,2021-02-01 20:40:00,RARE
145.35,145.99,145.33,145.715,3700,2021-02-01 20:45:00,RARE
145.72,145.92,145.465,145.71,4267,2021-02-01 20:50:00,RARE
145.71,146.12,145.25,145.58,11201,2021-02-01 20:55:00,RARE
145.63,145.63,145.63,145.63,87817,2021-02-01 21:00:00,RARE
148.48,150.0,148.48,148.96,3444,2021-02-02 14:30:00,RARE
148.89,151.09,148.89,151.09,4039,2021-02-02 14:35:00,RARE
150.1,150.1,150.1,150.1,892,2021-02-02 14:40:00,RARE
149.485,149.485,149.485,149.485,111,2021-02-02 14:45:00,RARE
148.52,148.52,145.65,146.01,2902,2021-02-02 14:50:00,RARE
146.605,147.24,146.09,147.14,6011,2021-02-02 14:55:00,RARE
148.0065,148.0065,147.73,147.73,368,2021-02-02 15:05:00,RARE
147.585,148.24,147.57,147.57,1107,2021-02-02 15:10:00,RARE
147.675,148.17,147.675,148.17,200,2021-02-02 15:20:00,RARE
147.57,148.13,147.09,147.325,1050,2021-02-02 15:25:00,RARE
147.14,147.675,147.01,147.675,1775,2021-02-02 15:30:00,RARE
147.595,147.71,147.4,147.6,1950,2021-02-02 15:35:00,RARE
147.45,147.51,146.58,146.76,2000,2021-02-02 15:40:00,RARE
147.17,149.27,147.17,149.03,4608,2021-02-02 15:45:00,RARE
149.03,149.51,148.9,149.02,1000,2021-02-02 15:50:00,RARE
149.26,149.26,148.65,149.225,3107,2021-02-02 15:55:00,RARE
149.24,150.0,148.6,149.86,24553,2021-02-02 16:00:00,RARE
149.96,150.33,149.48,150.33,10200,2021-02-02 16:05:00,RARE
150.2099,151.0,150.2,150.77,1100,2021-02-02 16:10:00,RARE
150.55,150.93,150.315,150.585,4357,2021-02-02 16:15:00,RARE
150.86,151.345,150.86,151.11,1819,2021-02-02 16:20:00,RARE
151.27,151.27,150.755,150.99,900,2021-02-02 16:25:00,RARE
150.77,150.89,150.77,150.89,500,2021-02-02 16:30:00,RARE
150.95,151.0,150.82,150.9936,3437,2021-02-02 16:35:00,RARE
151.21,151.21,151.01,151.01,200,2021-02-02 16:40:00,RARE
150.75,151.0,150.75,150.75,331,2021-02-02 16:45:00,RARE
150.93,150.94,150.92,150.92,500,2021-02-02 16:50:00,RARE
150.89,151.25,150.89,151.25,1500,2021-02-02 16:55:00,RARE
151.64,151.64,151.63,151.63,200,2021-02-02 17:00:00,RARE
151.68,151.87,151.58,151.7,1500,2021-02-02 17:05:00,RARE
151.7,151.97,151.64,151.927,787,2021-02-02 17:10:00,RARE
151.9329,151.9329,151.29,151.36,1400,2021-02-02 17:15:00,RARE
151.6134,151.6134,150.86,150.86,1834,2021-02-02 17:20:00,RARE
151.16,151.18,150.935,150.935,913,2021-02-02 17:25:00,RARE
150.85,151.0,150.85,151.0,280,2021-02-02 17:30:00,RARE
150.865,150.865,150.83,150.85,1000,2021-02-02 17:35:00,RARE
150.85,151.23,150.85,151.23,500,2021-02-02 17:40:00,RARE
151.165,151.24,150.9,150.9,400,2021-02-02 17:45:00,RARE
150.89,150.89,150.89,150.89,100,2021-02-02 17:50:00,RARE
150.605,150.77,150.4,150.77,1200,2021-02-02 17:55:00,RARE
150.74,150.795,150.5357,150.54,525,2021-02-02 18:00:00,RARE
150.54,150.94,150.54,150.94,1380,2021-02-02 18:05:00,RARE
151.11,151.11,151.11,151.11,150,2021-02-02 18:10:00,RARE
151.285,151.285,151.12,151.12,300,2021-02-02 18:15:00,RARE
150.46,151.0,150.46,151.0,1000,2021-02-02 18:20:00,RARE
151.36,151.98,151.21,151.98,2400,2021-02-02 18:25:00,RARE
151.725,152.23,151.725,152.23,2119,2021-02-02 18:30:00,RARE
152.08,152.08,151.735,152.08,900,2021-02-02 18:35:00,RARE
151.735,152.16,151.58,151.58,3308,2021-02-02 18:40:00,RARE
151.67,151.67,151.47,151.47,608,2021-02-02 18:45:00,RARE
151.22,151.56,151.22,151.39,1300,2021-02-02 18:50:00,RARE
151.397,151.43,151.242,151.242,902,2021-02-02 18:55:00,RARE
151.47,151.47,151.11,151.15,800,2021-02-02 19:00:00,RARE
151.03,151.03,150.945,150.945,349,2021-02-02 19:05:00,RARE
151.0,151.38,150.995,151.38,800,2021-02-02 19:10:00,RARE
151.2,151.2,151.2,151.2,100,2021-02-02 19:15:00,RARE
151.21,151.21,151.14,151.14,300,2021-02-02 19:20:00,RARE
151.0,151.13,151.0,151.13,858,2021-02-02 19:25:00,RARE
151.32,151.32,151.165,151.32,1030,2021-02-02 19:30:00,RARE
151.36,151.42,151.0,151.0,800,2021-02-02 19:35:00,RARE
151.2,151.2,151.2,151.2,100,2021-02-02 19:40:00,RARE
151.01,151.19,151.0,151.19,300,2021-02-02 19:45:00,RARE
151.0,151.54,150.92,151.54,1300,2021-02-02 19:50:00,RARE
151.504,151.845,151.504,151.845,1366,2021-02-02 19:55:00,RARE
151.865,151.94,151.7,151.94,500,2021-02-02 20:00:00,RARE
152.38,152.38,152.38,152.38,100,2021-02-02 20:05:00,RARE
152.235,152.38,152.03,152.19,2300,2021-02-02 20:10:00,RARE
152.305,152.73,152.225,152.73,800,2021-02-02 20:15:00,RARE
152.95,153.22,152.85,152.86,2074,2021-02-02 20:20:00,RARE
152.62,153.17,152.62,153.17,1600,2021-02-02 20:25:00,RARE
153.26,153.36,153.135,153.33,1400,2021-02-02 20:30:00,RARE
153.305,153.44,152.99,153.24,1700,2021-02-02 20:35:00,RARE
152.87,153.26,152.78,152.78,1449,2021-02-02 20:40:00,RARE
152.78,153.16,152.55,152.72,2386,2021-02-02 20:45:00,RARE
152.92,153.16,152.69,152.69,4091,2021-02-02 20:50:00,RARE
153.01,153.235,152.43,152.77,11798,2021-02-02 20:55:00,RARE
153.15,153.15,153.15,153.15,61287,2021-02-02 21:00:00,RARE
153.15,153.15,153.15,153.15,1041,2021-02-02 21:50:00,RARE
153.75,155.6,153.39,154.51,4034,2021-02-03 14:30:00,RARE
155.01,155.01,153.38,154.63,1500,2021-02-03 14:35:00,RARE
153.78,154.9,153.78,154.9,200,2021-02-03 14:40:00,RARE
154.9,155.38,154.675,155.33,725,2021-02-03 14:45:00,RARE
154.11,154.64,151.81,151.81,2113,2021-02-03 14:50:00,RARE
152.57,153.68,152.5,153.2,1230,2021-02-03 14:55:00,RARE
153.335,153.96,153.18,153.535,1223,2021-02-03 15:00:00,RARE
153.25,153.25,152.41,152.41,900,2021-02-03 15:05:00,RARE
152.41,152.41,151.52,151.52,700,2021-02-03 15:10:00,RARE
152.45,152.485,151.23,152.15,951,2021-02-03 15:15:00,RARE
151.24,151.62,150.54,150.54,3700,2021-02-03 15:20:00,RARE
150.38,150.855,149.86,150.52,1179,2021-02-03 15:25:00,RARE
150.3,150.54,150.3,150.54,310,2021-02-03 15:30:00,RARE
150.93,151.275,149.7803,150.37,1391,2021-02-03 15:35:00,RARE
150.38,151.11,150.37,150.855,801,2021-02-03 15:40:00,RARE
150.85,150.92,150.65,150.65,400,2021-02-03 15:45:00,RARE
150.5,150.54,149.98,150.28,1200,2021-02-03 15:50:00,RARE
150.57,150.63,150.23,150.63,400,2021-02-03 15:55:00,RARE
150.22,150.22,149.43,149.43,1388,2021-02-03 16:00:00,RARE
149.455,149.475,149.1119,149.1119,1012,2021-02-03 16:05:00,RARE
149.11,149.11,147.75,147.755,1550,2021-02-03 16:10:00,RARE
147.19,147.41,146.465,146.71,1914,2021-02-03 16:15:00,RARE
147.32,147.32,146.62,146.965,536,2021-02-03 16:20:00,RARE
146.44,146.86,146.16,146.275,5040,2021-02-03 16:25:00,RARE
146.46,146.46,145.67,145.67,2560,2021-02-03 16:30:00,RARE
145.735,146.01,145.655,145.77,4500,2021-02-03 16:35:00,RARE
145.8,146.11,145.8,146.11,1300,2021-02-03 16:40:00,RARE
146.24,146.25,145.81,145.83,1550,2021-02-03 16:45:00,RARE
145.44,146.04,145.44,146.0,1000,2021-02-03 16:50:00,RARE
145.63,145.85,145.37,145.85,500,2021-02-03 16:55:00,RARE
145.64,145.97,145.38,145.48,1000,2021-02-03 17:00:00,RARE
145.64,146.25,145.42,145.91,28153,2021-02-03 17:05:00,RARE
145.77,146.59,145.715,145.715,22910,2021-02-03 17:10:00,RARE
146.07,146.225,145.87,146.05,2183,2021-02-03 17:15:00,RARE
145.935,146.6,145.935,146.6,3300,2021-02-03 17:20:00,RARE
146.56,146.56,145.73,146.135,7586,2021-02-03 17:25:00,RARE
145.82,146.12,145.6,145.6,5624,2021-02-03 17:30:00,RARE
145.85,146.205,145.84,146.2,3718,2021-02-03 17:35:00,RARE
146.34,146.5,146.34,146.5,900,2021-02-03 17:40:00,RARE
146.4,146.65,146.4,146.605,400,2021-02-03 17:45:00,RARE
146.66,146.66,146.66,146.66,300,2021-02-03 17:50:00,RARE
146.86,147.0,146.62,146.62,1800,2021-02-03 17:55:00,RARE
146.51,146.51,146.255,146.255,900,2021-02-03 18:00:00,RARE
146.14,146.14,146.14,146.14,100,2021-02-03 18:05:00,RARE
146.28,146.42,146.21,146.39,2064,2021-02-03 18:10:00,RARE
146.39,146.54,146.39,146.54,818,2021-02-03 18:15:00,RARE
146.47,146.55,146.41,146.55,900,2021-02-03 18:20:00,RARE
146.555,146.57,146.497,146.5,720,2021-02-03 18:25:00,RARE
146.49,146.49,146.2,146.35,800,2021-02-03 18:30:00,RARE
146.5,146.58,146.49,146.57,1700,2021-02-03 18:35:00,RARE
146.48,146.76,146.48,146.76,1170,2021-02-03 18:40:00,RARE
146.88,147.01,146.8,147.0,8604,2021-02-03 18:45:00,RARE
146.975,148.81,146.95,148.28,25706,2021-02-03 18:50:00,RARE
148.41,149.37,148.01,149.37,17472,2021-02-03 18:55:00,RARE
149.36,149.36,147.64,148.23,9580,2021-02-03 19:00:00,RARE
147.89,147.89,147.18,147.475,2202,2021-02-03 19:05:00,RARE
147.18,147.6798,146.86,147.51,2885,2021-02-03 19:10:00,RARE
147.3252,147.425,147.18,147.27,902,2021-02-03 19:15:00,RARE
147.54,147.67,147.135,147.64,14803,2021-02-03 19:20:00,RARE
147.64,147.64,147.3004,147.37,2736,2021-02-03 19:25:00,RARE
147.06,147.36,147.06,147.25,950,2021-02-03 19:30:00,RARE
147.12,147.68,147.12,147.39,2606,2021-02-03 19:35:00,RARE
147.58,147.58,147.315,147.57,400,2021-02-03 19:40:00,RARE
147.06,147.32,146.91,147.18,1437,2021-02-03 19:45:00,RARE
147.22,147.6,147.19,147.6,42788,2021-02-03 19:50:00,RARE
147.67,148.18,147.525,147.94,1700,2021-02-03 19:55:00,RARE
148.01,148.37,148.01,148.37,600,2021-02-03 20:00:00,RARE
148.09,148.21,148.0,148.155,1000,2021-02-03 20:05:00,RARE
148.125,148.235,147.98,147.98,2700,2021-02-03 20:10:00,RARE
148.09,148.25,147.98,148.2,9480,2021-02-03 20:15:00,RARE
148.14,148.32,148.02,148.32,5794,2021-02-03 20:20:00,RARE
148.39,148.53,148.0,148.08,2794,2021-02-03 20:25:00,RARE
148.225,148.35,148.0,148.325,2021,2021-02-03 20:30:00,RARE
148.36,149.59,148.36,149.59,3550,2021-02-03 20:35:00,RARE
149.19,149.37,148.905,149.37,8615,2021-02-03 20:40:00,RARE
149.33,150.01,149.33,149.935,3757,2021-02-03 20:45:00,RARE
150.11,150.64,149.77,150.64,9896,2021-02-03 20:50:00,RARE
150.35,150.58,150.06,150.34,21473,2021-02-03 20:55:00,RARE
150.24,150.24,150.24,150.24,44551,2021-02-03 21:00:00,RARE
151.38,151.38,149.43,150.34,4044,2021-02-04 14:30:00,RARE
149.27,149.71,149.27,149.71,200,2021-02-04 14:35:00,RARE
150.23,150.67,150.23,150.67,400,2021-02-04 14:40:00,RARE
150.31,150.9,150.31,150.7,1001,2021-02-04 14:45:00,RARE
150.99,151.19,150.61,150.91,6103,2021-02-04 14:50:00,RARE
151.1,151.28,150.9,151.28,1440,2021-02-04 14:55:00,RARE
150.99,150.99,150.32,150.32,306,2021-02-04 15:00:00,RARE
150.835,151.27,150.835,151.14,911,2021-02-04 15:10:00,RARE
151.95,151.95,151.36,151.63,4661,2021-02-04 15:15:00,RARE
151.5,152.48,151.5,152.48,5089,2021-02-04 15:20:00,RARE
152.5849,152.5849,151.695,151.695,1650,2021-02-04 15:25:00,RARE
151.99,151.99,151.38,151.38,500,2021-02-04 15:30:00,RARE
151.81,152.07,150.78,152.07,2900,2021-02-04 15:35:00,RARE
150.94,152.96,150.94,152.96,1700,2021-02-04 15:40:00,RARE
152.345,153.065,151.76,152.96,9024,2021-02-04 15:45:00,RARE
153.205,153.99,152.89,152.89,4483,2021-02-04 15:50:00,RARE
152.81,153.0,152.51,152.54,1100,2021-02-04 15:55:00,RARE
152.55,153.9895,152.5,153.9885,24064,2021-02-04 16:00:00,RARE
153.9805,154.27,152.49,152.62,8621,2021-02-04 16:05:00,RARE
152.19,152.19,152.13,152.13,200,2021-02-04 16:10:00,RARE
152.64,152.64,151.775,151.775,1100,2021-02-04 16:15:00,RARE
151.58,152.1,151.58,152.1,1649,2021-02-04 16:20:00,RARE
151.8,152.22,151.8,152.22,1200,2021-02-04 16:25:00,RARE
151.965,152.65,151.965,152.65,500,2021-02-04 16:30:00,RARE
152.74,152.93,152.66,152.93,800,2021-02-04 16:35:00,RARE
153.06,153.38,152.93,153.38,826,2021-02-04 16:40:00,RARE
153.23,153.62,153.23,153.62,400,2021-02-04 16:45:00,RARE
153.56,153.8,153.37,153.8,2500,2021-02-04 16:50:00,RARE
153.38,153.92,153.38,153.92,250,2021-02-04 16:55:00,RARE
154.04,154.04,153.52,153.89,1790,2021-02-04 17:00:00,RARE
153.64,153.75,153.5,153.75,1200,2021-02-04 17:05:00,RARE
153.3,153.33,152.9609,153.33,1727,2021-02-04 17:10:00,RARE
153.16,153.65,153.16,153.54,719,2021-02-04 17:15:00,RARE
153.61,153.92,153.61,153.92,500,2021-02-04 17:25:00,RARE
153.85,154.4,153.85,154.4,2000,2021-02-04 17:30:00,RARE
153.92,153.92,153.87,153.87,602,2021-02-04 17:35:00,RARE
153.315,153.7,153.315,153.34,1106,2021-02-04 17:40:00,RARE
153.03,153.56,152.86,153.2,2417,2021-02-04 17:45:00,RARE
153.2,153.2,152.38,153.175,2508,2021-02-04 17:50:00,RARE
153.57,153.57,152.905,153.37,1700,2021-02-04 17:55:00,RARE
152.74,153.14,152.74,153.06,1400,2021-02-04 18:05:00,RARE
152.84,153.02,152.84,152.9235,1400,2021-02-04 18:10:00,RARE
153.03,153.03,152.78,152.99,1528,2021-02-04 18:15:00,RARE
152.99,153.36,152.99,153.36,600,2021-02-04 18:20:00,RARE
153.39,154.155,153.39,153.96,2004,2021-02-04 18:25:00,RARE
154.28,154.525,154.13,154.13,1331,2021-02-04 18:30:00,RARE
154.455,154.455,154.115,154.115,450,2021-02-04 18:35:00,RARE
154.37,154.37,154.37,154.37,100,2021-02-04 18:45:00,RARE
154.35,154.35,154.35,154.35,100,2021-02-04 18:55:00,RARE
154.145,154.37,154.145,154.37,700,2021-02-04 19:00:00,RARE
154.23,154.28,154.23,154.28,300,2021-02-04 19:05:00,RARE
154.27,154.27,153.82,153.865,900,2021-02-04 19:10:00,RARE
153.91,153.97,153.91,153.93,500,2021-02-04 19:15:00,RARE
153.5,153.72,153.5,153.72,300,2021-02-04 19:20:00,RARE
153.575,153.63,153.5505,153.5505,400,2021-02-04 19:25:00,RARE
153.16,153.4,153.16,153.4,300,2021-02-04 19:30:00,RARE
153.31,153.35,153.11,153.11,1354,2021-02-04 19:35:00,RARE
153.14,153.36,153.14,153.36,260,2021-02-04 19:40:00,RARE
153.285,153.285,153.24,153.24,226,2021-02-04 19:45:00,RARE
153.21,153.5,153.21,153.3902,500,2021-02-04 19:50:00,RARE
153.34,154.07,153.22,154.07,1100,2021-02-04 20:00:00,RARE
154.03,154.26,153.955,153.955,600,2021-02-04 20:05:00,RARE
153.78,153.78,153.55,153.57,400,2021-02-04 20:10:00,RARE
153.67,154.11,153.64,153.9,2100,2021-02-04 20:15:00,RARE
153.84,153.98,153.75,153.98,2055,2021-02-04 20:20:00,RARE
154.18,154.18,153.85,153.85,700,2021-02-04 20:25:00,RARE
153.73,153.91,152.855,152.855,1530,2021-02-04 20:30:00,RARE
153.135,154.04,153.135,154.04,2998,2021-02-04 20:35:00,RARE
154.01,154.01,153.66,153.905,3270,2021-02-04 20:40:00,RARE
153.905,154.24,153.82,154.0,3341,2021-02-04 20:45:00,RARE
154.15,154.55,154.03,154.19,3314,2021-02-04 20:50:00,RARE
154.2,155.11,153.865,155.11,23422,2021-02-04 20:55:00,RARE
155.0,155.0,155.0,155.0,22574,2021-02-04 21:00:00,RARE
157.3,157.37,155.95,155.95,4088,2021-02-05 14:30:00,RARE
156.19,157.39,155.37,155.66,1297,2021-02-05 14:35:00,RARE
155.74,156.705,155.74,156.37,500,2021-02-05 14:40:00,RARE
156.87,158.56,156.845,157.6,1829,2021-02-05 14:45:00,RARE
157.59,158.13,157.59,157.98,1320,2021-02-05 14:50:00,RARE
157.31,158.2,156.9,158.07,1375,2021-02-05 14:55:00,RARE
157.325,157.325,156.98,156.98,200,2021-02-05 15:00:00,RARE
156.78,156.78,156.32,156.32,850,2021-02-05 15:05:00,RARE
156.32,156.91,156.32,156.91,513,2021-02-05 15:10:00,RARE
156.22,156.22,156.22,156.22,100,2021-02-05 15:15:00,RARE
156.475,156.99,156.475,156.99,500,2021-02-05 15:20:00,RARE
156.99,157.37,156.6907,157.37,700,2021-02-05 15:25:00,RARE
156.84,157.97,156.13,157.97,5492,2021-02-05 15:30:00,RARE
157.86,158.53,157.86,158.2,901,2021-02-05 15:35:00,RARE
158.33,159.26,157.62,159.26,8074,2021-02-05 15:40:00,RARE
159.0,159.92,159.0,159.76,15789,2021-02-05 15:45:00,RARE
159.9336,160.17,159.71,159.75,1851,2021-02-05 15:50:00,RARE
160.01,160.655,159.88,160.64,1697,2021-02-05 15:55:00,RARE
160.575,160.575,160.3551,160.3551,340,2021-02-05 16:00:00,RARE
160.695,161.0,160.58,160.64,3400,2021-02-05 16:05:00,RARE
160.77,160.84,160.23,160.23,2532,2021-02-05 16:10:00,RARE
160.28,160.45,160.24,160.26,700,2021-02-05 16:15:00,RARE
160.74,160.74,160.53,160.53,300,2021-02-05 16:20:00,RARE
160.99,160.99,160.6772,160.6772,347,2021-02-05 16:25:00,RARE
160.58,160.93,160.58,160.89,1100,2021-02-05 16:30:00,RARE
161.09,161.18,161.09,161.18,775,2021-02-05 16:35:00,RARE
161.47,161.54,161.47,161.54,400,2021-02-05 16:40:00,RARE
161.39,161.52,161.39,161.52,300,2021-02-05 16:45:00,RARE
161.16,161.19,161.16,161.17,500,2021-02-05 16:50:00,RARE
161.0,161.0,160.32,160.32,1315,2021-02-05 16:55:00,RARE
160.3,160.41,160.3,160.41,463,2021-02-05 17:00:00,RARE
160.3,160.32,159.78,160.015,2740,2021-02-05 17:05:00,RARE
160.02,160.02,159.7165,159.7165,805,2021-02-05 17:10:00,RARE
159.865,159.87,159.85,159.85,300,2021-02-05 17:15:00,RARE
160.01,160.17,159.86,159.86,1100,2021-02-05 17:20:00,RARE
159.86,159.89,159.66,159.88,1700,2021-02-05 17:25:00,RARE
159.89,159.98,159.685,159.77,1500,2021-02-05 17:30:00,RARE
159.53,159.74,159.53,159.74,300,2021-02-05 17:35:00,RARE
159.59,159.59,159.174,159.35,1200,2021-02-05 17:40:00,RARE
159.33,159.43,159.32,159.325,700,2021-02-05 17:45:00,RARE
159.6,159.61,159.465,159.61,400,2021-02-05 17:50:00,RARE
159.87,159.87,159.57,159.87,900,2021-02-05 17:55:00,RARE
159.93,159.96,159.75,159.78,506,2021-02-05 18:00:00,RARE
159.775,159.87,159.67,159.79,2258,2021-02-05 18:05:00,RARE
159.62,159.62,159.475,159.6,776,2021-02-05 18:10:00,RARE
159.6,159.61,159.37,159.61,1400,2021-02-05 18:15:00,RARE
159.31,159.67,159.31,159.67,458,2021-02-05 18:20:00,RARE
159.4185,159.77,159.4185,159.77,300,2021-02-05 18:25:00,RARE
159.74,160.38,159.74,160.285,1337,2021-02-05 18:30:00,RARE
160.58,160.695,160.53,160.53,400,2021-02-05 18:35:00,RARE
160.61,160.65,160.51,160.51,1105,2021-02-05 18:40:00,RARE
160.3,160.3,160.29,160.29,200,2021-02-05 18:45:00,RARE
160.04,160.57,160.04,160.57,400,2021-02-05 18:50:00,RARE
160.56,160.61,160.53,160.53,400,2021-02-05 18:55:00,RARE
160.57,160.675,160.33,160.33,932,2021-02-05 19:00:00,RARE
160.45,160.45,160.45,160.45,100,2021-02-05 19:10:00,RARE
160.45,160.515,160.4,160.4,300,2021-02-05 19:15:00,RARE
160.685,160.81,160.68,160.735,800,2021-02-05 19:20:00,RARE
160.73,160.785,160.73,160.785,200,2021-02-05 19:25:00,RARE
161.0,161.125,160.92,160.92,700,2021-02-05 19:30:00,RARE
161.04,161.375,161.04,161.06,1144,2021-02-05 19:35:00,RARE
161.27,161.47,161.1,161.47,500,2021-02-05 19:40:00,RARE
161.91,162.24,161.91,162.24,602,2021-02-05 19:45:00,RARE
161.93,161.99,161.865,161.99,400,2021-02-05 19:50:00,RARE
161.955,162.14,161.955,162.14,300,2021-02-05 19:55:00,RARE
161.81,162.2,161.7821,162.16,1136,2021-02-05 20:00:00,RARE
162.3087,162.4,162.05,162.08,1563,2021-02-05 20:05:00,RARE
162.125,162.5,162.03,162.2,1280,2021-02-05 20:10:00,RARE
162.53,162.53,161.99,161.99,2000,2021-02-05 20:15:00,RARE
162.3,162.3,161.81,161.97,1800,2021-02-05 20:20:00,RARE
162.21,162.22,162.035,162.22,2400,2021-02-05 20:25:00,RARE
162.22,162.63,162.22,162.45,1286,2021-02-05 20:30:00,RARE
162.74,163.13,162.32,162.88,1800,2021-02-05 20:35:00,RARE
162.9,162.9,162.42,162.6593,2999,2021-02-05 20:40:00,RARE
162.37,162.81,162.14,162.19,3900,2021-02-05 20:45:00,RARE
162.36,162.71,161.96,162.43,3639,2021-02-05 20:50:00,RARE
162.19,162.37,161.76,162.1,16878,2021-02-05 20:55:00,RARE
162.22,162.22,162.22,162.22,27446,2021-02-05 21:00:00,RARE
164.41,164.41,162.49,162.59,3747,2021-02-08 14:30:00,RARE
163.517,163.517,162.73,162.73,320,2021-02-08 14:35:00,RARE
162.59,162.785,162.58,162.785,2830,2021-02-08 14:40:00,RARE
162.58,162.62,161.1501,161.1501,1976,2021-02-08 14:45:00,RARE
161.16,161.16,160.3,160.78,3531,2021-02-08 14:50:00,RARE
161.175,162.18,161.175,161.87,1300,2021-02-08 14:55:00,RARE
161.17,162.11,160.99,162.11,312,2021-02-08 15:00:00,RARE
161.545,161.545,161.545,161.545,100,2021-02-08 15:05:00,RARE
161.855,161.89,161.53,161.79,936,2021-02-08 15:10:00,RARE
161.53,161.785,160.89,160.89,1246,2021-02-08 15:15:00,RARE
160.71,160.71,160.11,160.11,400,2021-02-08 15:20:00,RARE
160.0,160.405,159.78,160.29,10003,2021-02-08 15:25:00,RARE
159.85,159.85,159.39,159.59,1642,2021-02-08 15:30:00,RARE
159.6,159.6,158.28,158.455,1341,2021-02-08 15:35:00,RARE
158.46,158.9705,158.02,158.55,3035,2021-02-08 15:40:00,RARE
158.59,158.59,158.33,158.41,700,2021-02-08 15:45:00,RARE
158.87,159.24,158.44,159.02,3473,2021-02-08 15:50:00,RARE
158.69,159.29,158.44,159.29,1199,2021-02-08 15:55:00,RARE
159.735,159.735,159.09,159.09,700,2021-02-08 16:00:00,RARE
159.77,159.77,159.52,159.76,700,2021-02-08 16:05:00,RARE
159.75,160.345,159.41,159.625,1205,2021-02-08 16:10:00,RARE
159.95,160.16,159.57,159.97,2643,2021-02-08 16:15:00,RARE
159.97,161.4,159.93,161.4,1502,2021-02-08 16:20:00,RARE
161.38,161.43,160.03,160.565,3573,2021-02-08 16:25:00,RARE
160.255,160.47,159.785,160.145,2102,2021-02-08 16:30:00,RARE
160.145,160.145,159.58,159.6599,900,2021-02-08 16:35:00,RARE
160.08,160.08,159.74,159.74,400,2021-02-08 16:40:00,RARE
159.32,160.19,159.32,159.62,1780,2021-02-08 16:45:00,RARE
159.92,160.18,159.92,160.08,300,2021-02-08 16:50:00,RARE
160.21,160.32,160.01,160.22,3227,2021-02-08 16:55:00,RARE
160.2,160.77,160.17,160.77,400,2021-02-08 17:00:00,RARE
160.73,160.85,160.28,160.28,4155,2021-02-08 17:05:00,RARE
160.27,160.27,159.94,159.94,1295,2021-02-08 17:10:00,RARE
160.12,160.28,159.78,160.17,18790,2021-02-08 17:15:00,RARE
160.08,160.1,159.83,159.83,600,2021-02-08 17:20:00,RARE
160.075,160.075,159.405,159.61,5440,2021-02-08 17:25:00,RARE
159.93,160.03,159.93,160.015,800,2021-02-08 17:30:00,RARE
160.19,160.2,160.03,160.03,1143,2021-02-08 17:35:00,RARE
159.92,159.97,159.79,159.97,807,2021-02-08 17:40:00,RARE
159.82,161.15,159.82,161.15,1284,2021-02-08 17:45:00,RARE
160.71,160.715,160.42,160.42,973,2021-02-08 17:50:00,RARE
160.13,160.74,160.13,160.47,841,2021-02-08 17:55:00,RARE
160.465,160.47,160.02,160.33,3300,2021-02-08 18:00:00,RARE
160.22,160.41,159.76,159.91,1400,2021-02-08 18:05:00,RARE
159.96,160.32,159.845,160.29,659,2021-02-08 18:10:00,RARE
160.255,160.75,160.255,160.53,1841,2021-02-08 18:15:00,RARE
160.69,160.7,160.52,160.56,5657,2021-02-08 18:20:00,RARE
160.68,160.68,160.33,160.335,1802,2021-02-08 18:25:00,RARE
160.28,160.92,160.23,160.92,4668,2021-02-08 18:30:00,RARE
160.94,160.94,160.94,160.94,100,2021-02-08 18:35:00,RARE
161.08,161.645,161.08,161.645,300,2021-02-08 18:40:00,RARE
161.66,162.54,161.66,162.15,8258,2021-02-08 18:45:00,RARE
162.195,162.35,161.99,162.26,4900,2021-02-08 18:50:00,RARE
163.1,163.26,162.865,163.26,400,2021-02-08 18:55:00,RARE
163.195,163.4,162.83,163.35,2100,2021-02-08 19:00:00,RARE
163.19,163.55,162.4,162.58,2074,2021-02-08 19:05:00,RARE
162.56,162.65,162.43,162.44,900,2021-02-08 19:10:00,RARE
162.39,162.74,161.99,162.175,10898,2021-02-08 19:15:00,RARE
162.19,162.25,162.04,162.25,4800,2021-02-08 19:20:00,RARE
162.01,162.17,161.99,162.045,3404,2021-02-08 19:25:00,RARE
162.045,162.21,161.99,162.05,13319,2021-02-08 19:30:00,RARE
162.08,162.37,162.0,162.25,5819,2021-02-08 19:35:00,RARE
162.215,162.61,162.05,162.37,5300,2021-02-08 19:40:00,RARE
162.64,162.64,162.35,162.35,900,2021-02-08 19:45:00,RARE
162.43,162.75,162.43,162.65,1400,2021-02-08 19:50:00,RARE
162.62,163.15,162.62,162.845,1100,2021-02-08 19:55:00,RARE
162.77,162.925,162.5,162.855,4114,2021-02-08 20:00:00,RARE
162.87,162.93,162.68,162.85,2920,2021-02-08 20:05:00,RARE
163.01,163.585,163.01,163.165,1253,2021-02-08 20:10:00,RARE
163.15,163.73,162.99,163.585,1244,2021-02-08 20:15:00,RARE
163.865,163.94,163.36,163.94,3239,2021-02-08 20:20:00,RARE
163.795,164.195,163.795,163.96,3093,2021-02-08 20:25:00,RARE
164.19,164.465,164.06,164.06,1888,2021-02-08 20:30:00,RARE
164.31,164.54,164.31,164.54,3101,2021-02-08 20:35:00,RARE
164.78,165.95,164.78,165.67,6943,2021-02-08 20:40:00,RARE
165.915,166.17,165.115,165.39,9319,2021-02-08 20:45:00,RARE
165.45,165.8,165.31,165.62,7551,2021-02-08 20:50:00,RARE
165.45,166.05,165.26,165.45,20937,2021-02-08 20:55:00,RARE
165.84,165.84,165.84,165.84,84111,2021-02-08 21:00:00,RARE
166.56,166.56,165.06,166.35,2589,2021-02-09 14:30:00,RARE
165.7427,166.28,165.7427,165.9534,500,2021-02-09 14:35:00,RARE
165.55,167.38,164.83,167.33,4639,2021-02-09 14:40:00,RARE
167.38,168.09,167.18,167.65,9050,2021-02-09 14:45:00,RARE
167.44,168.03,166.5,166.57,2601,2021-02-09 14:50:00,RARE
166.755,166.755,166.18,166.45,3500,2021-02-09 14:55:00,RARE
166.45,167.3,166.13,166.525,1443,2021-02-09 15:00:00,RARE
166.2515,166.925,166.2515,166.925,1727,2021-02-09 15:05:00,RARE
167.31,167.94,167.31,167.57,500,2021-02-09 15:10:00,RARE
167.84,168.14,167.84,168.14,741,2021-02-09 15:15:00,RARE
168.22,168.47,167.87,168.21,2701,2021-02-09 15:20:00,RARE
168.62,169.045,168.62,168.82,1000,2021-02-09 15:25:00,RARE
168.73,168.73,168.13,168.63,1680,2021-02-09 15:30:00,RARE
168.43,168.535,168.33,168.515,700,2021-02-09 15:35:00,RARE
168.64,168.82,168.64,168.73,1000,2021-02-09 15:40:00,RARE
169.0,169.0,168.8,169.0,1504,2021-02-09 15:45:00,RARE
169.01,169.73,169.01,169.73,1883,2021-02-09 15:50:00,RARE
169.765,170.05,169.47,169.47,4741,2021-02-09 15:55:00,RARE
169.33,169.49,169.17,169.33,900,2021-02-09 16:00:00,RARE
169.6,169.77,169.5,169.77,2199,2021-02-09 16:05:00,RARE
169.785,169.98,168.875,168.875,2509,2021-02-09 16:10:00,RARE
168.665,169.65,168.38,169.48,1796,2021-02-09 16:15:00,RARE
169.3264,170.35,168.91,170.345,2189,2021-02-09 16:20:00,RARE
170.47,171.5,170.18,171.5,1850,2021-02-09 16:25:00,RARE
171.055,171.45,170.63,171.0,1865,2021-02-09 16:30:00,RARE
171.35,171.36,171.35,171.36,200,2021-02-09 16:35:00,RARE
171.0,171.54,170.2,170.2,3703,2021-02-09 16:40:00,RARE
170.81,171.1,170.54,170.83,400,2021-02-09 16:50:00,RARE
170.94,170.94,170.07,170.28,2521,2021-02-09 16:55:00,RARE
170.22,170.45,170.22,170.435,1239,2021-02-09 17:00:00,RARE
170.7,170.73,170.2,170.2,1300,2021-02-09 17:05:00,RARE
170.53,170.67,170.1,170.67,700,2021-02-09 17:10:00,RARE
170.63,170.63,170.29,170.29,1500,2021-02-09 17:15:00,RARE
170.64,170.64,170.6,170.6,300,2021-02-09 17:20:00,RARE
170.5,170.5,170.2544,170.2544,1927,2021-02-09 17:25:00,RARE
170.09,170.3,170.09,170.27,300,2021-02-09 17:30:00,RARE
170.27,170.28,169.8,170.1,1888,2021-02-09 17:35:00,RARE
170.0451,170.55,170.0451,170.54,610,2021-02-09 17:40:00,RARE
170.42,170.93,170.42,170.93,1059,2021-02-09 17:45:00,RARE
170.98,171.25,170.949,171.125,1496,2021-02-09 17:50:00,RARE
171.53,171.87,170.68,170.815,3824,2021-02-09 17:55:00,RARE
170.65,170.77,170.33,170.33,1600,2021-02-09 18:00:00,RARE
170.25,170.59,170.25,170.59,600,2021-02-09 18:05:00,RARE
170.39,170.39,169.86,169.86,1404,2021-02-09 18:10:00,RARE
169.82,170.22,169.82,169.97,2460,2021-02-09 18:15:00,RARE
170.325,170.325,170.04,170.04,300,2021-02-09 18:20:00,RARE
169.54,169.82,169.16,169.16,2338,2021-02-09 18:25:00,RARE
168.83,168.83,168.58,168.58,200,2021-02-09 18:30:00,RARE
168.46,168.61,168.08,168.08,500,2021-02-09 18:35:00,RARE
168.0912,168.64,168.01,168.01,1045,2021-02-09 18:40:00,RARE
167.8513,167.8513,167.45,167.45,600,2021-02-09 18:45:00,RARE
167.03,167.65,167.03,167.64,400,2021-02-09 18:50:00,RARE
167.595,167.63,167.16,167.63,1870,2021-02-09 18:55:00,RARE
167.54,167.8035,167.46,167.46,700,2021-02-09 19:00:00,RARE
167.18,167.18,167.18,167.18,100,2021-02-09 19:05:00,RARE
167.03,167.32,166.85,166.85,1087,2021-02-09 19:10:00,RARE
166.8572,166.8572,166.8572,166.8572,100,2021-02-09 19:15:00,RARE
167.55,167.56,167.37,167.56,1296,2021-02-09 19:25:00,RARE
167.36,167.56,167.33,167.56,900,2021-02-09 19:30:00,RARE
167.83,167.88,167.52,167.88,300,2021-02-09 19:35:00,RARE
167.39,167.515,167.39,167.515,700,2021-02-09 19:40:00,RARE
167.42,167.42,167.27,167.27,400,2021-02-09 19:45:00,RARE
167.26,167.26,166.91,167.23,1614,2021-02-09 19:50:00,RARE
167.285,167.42,167.28,167.42,485,2021-02-09 19:55:00,RARE
167.65,167.74,167.65,167.73,300,2021-02-09 20:00:00,RARE
167.26,167.42,167.26,167.42,400,2021-02-09 20:05:00,RARE
167.41,167.43,167.18,167.18,300,2021-02-09 20:10:00,RARE
167.2,167.2,166.91,166.95,900,2021-02-09 20:15:00,RARE
166.92,166.92,166.76,166.76,400,2021-02-09 20:20:00,RARE
166.22,166.22,165.785,165.83,2492,2021-02-09 20:25:00,RARE
166.24,167.5,166.24,166.5,2100,2021-02-09 20:30:00,RARE
166.96,167.42,166.71,166.96,900,2021-02-09 20:35:00,RARE
167.65,167.65,167.31,167.51,700,2021-02-09 20:40:00,RARE
167.33,167.515,167.12,167.36,2664,2021-02-09 20:45:00,RARE
167.31,167.56,166.97,167.4,3984,2021-02-09 20:50:00,RARE
167.45,167.75,167.16,167.72,12241,2021-02-09 20:55:00,RARE
167.73,167.73,167.73,167.73,28771,2021-02-09 21:00:00,RARE
171.0,171.0,171.0,171.0,200,2021-02-10 12:40:00,RARE
172.0,172.0,172.0,172.0,100,2021-02-10 13:00:00,RARE
169.03,169.03,166.1,166.875,4271,2021-02-10 14:30:00,RARE
166.13,167.44,165.61,167.44,4188,2021-02-10 14:35:00,RARE
168.87,168.91,167.67,168.19,1500,2021-02-10 14:40:00,RARE
168.43,168.43,167.48,167.8,1238,2021-02-10 14:45:00,RARE
167.4,168.5,167.38,168.315,4721,2021-02-10 14:50:00,RARE
168.49,168.95,168.235,168.315,16416,2021-02-10 14:55:00,RARE
168.54,169.47,168.085,168.085,3192,2021-02-10 15:00:00,RARE
168.535,168.92,168.53,168.92,900,2021-02-10 15:05:00,RARE
168.23,168.475,167.7,167.78,1350,2021-02-10 15:10:00,RARE
168.095,169.98,167.7,169.08,11646,2021-02-10 15:15:00,RARE
168.61,168.84,166.98,166.98,1989,2021-02-10 15:20:00,RARE
166.2,168.02,166.2,167.66,5384,2021-02-10 15:25:00,RARE
166.73,167.08,165.34,166.09,4700,2021-02-10 15:30:00,RARE
166.09,167.21,162.21,167.2,88792,2021-02-10 15:35:00,RARE
167.0,168.34,164.01,164.31,19542,2021-02-10 15:40:00,RARE
163.85,165.32,161.37,161.895,15250,2021-02-10 15:45:00,RARE
161.895,163.71,160.8,162.85,3305,2021-02-10 15:50:00,RARE
163.145,164.07,162.2,163.75,1807,2021-02-10 15:55:00,RARE
164.43,166.87,164.43,165.24,9200,2021-02-10 16:00:00,RARE
165.795,165.795,164.11,164.69,3600,2021-02-10 16:05:00,RARE
164.7,164.98,163.77,163.77,1200,2021-02-10 16:10:00,RARE
164.315,164.79,163.9,164.5,4771,2021-02-10 16:15:00,RARE
165.1,166.32,164.805,166.18,4200,2021-02-10 16:20:00,RARE
166.32,168.22,166.32,167.38,6021,2021-02-10 16:25:00,RARE
165.95,167.27,165.95,167.27,600,2021-02-10 16:30:00,RARE
167.28,168.92,167.14,168.92,1400,2021-02-10 16:35:00,RARE
167.9,168.8,167.83,168.19,1100,2021-02-10 16:40:00,RARE
167.97,168.05,167.36,167.68,400,2021-02-10 16:45:00,RARE
168.03,168.86,168.03,168.86,1200,2021-02-10 16:50:00,RARE
168.68,169.16,168.23,168.23,600,2021-02-10 16:55:00,RARE
168.71,168.8,167.24,167.24,1159,2021-02-10 17:00:00,RARE
166.63,167.56,166.63,166.94,900,2021-02-10 17:05:00,RARE
167.52,167.81,167.52,167.81,600,2021-02-10 17:10:00,RARE
167.81,167.87,167.34,167.58,865,2021-02-10 17:15:00,RARE
167.36,167.49,166.5,166.5,2000,2021-02-10 17:20:00,RARE
166.68,166.68,165.49,165.71,3899,2021-02-10 17:25:00,RARE
166.0,166.05,165.37,165.91,720,2021-02-10 17:30:00,RARE
166.32,166.36,166.115,166.115,500,2021-02-10 17:35:00,RARE
166.34,166.62,166.33,166.5391,1012,2021-02-10 17:40:00,RARE
166.58,167.2,166.555,167.2,700,2021-02-10 17:45:00,RARE
167.26,167.27,167.12,167.225,628,2021-02-10 17:50:00,RARE
167.52,167.63,167.38,167.63,1003,2021-02-10 17:55:00,RARE
167.65,167.86,167.56,167.84,1200,2021-02-10 18:00:00,RARE
167.91,168.24,167.87,168.0204,7690,2021-02-10 18:05:00,RARE
168.01,168.12,167.72,168.12,1500,2021-02-10 18:10:00,RARE
167.475,167.76,167.475,167.76,200,2021-02-10 18:15:00,RARE
167.82,168.14,167.82,168.14,709,2021-02-10 18:20:00,RARE
168.3,168.7,168.3,168.7,300,2021-02-10 18:25:00,RARE
168.7,168.7,168.02,168.02,400,2021-02-10 18:30:00,RARE
168.55,168.55,167.94,167.94,400,2021-02-10 18:35:00,RARE
168.35,168.35,168.35,168.35,100,2021-02-10 18:40:00,RARE
168.095,168.28,168.095,168.16,551,2021-02-10 18:45:00,RARE
168.22,168.28,167.48,167.48,625,2021-02-10 18:50:00,RARE
168.04,168.04,167.49,167.93,400,2021-02-10 18:55:00,RARE
167.8,168.49,167.8,168.35,800,2021-02-10 19:00:00,RARE
168.28,168.28,167.69,168.24,600,2021-02-10 19:05:00,RARE
168.24,168.24,167.84,168.08,800,2021-02-10 19:10:00,RARE
167.995,167.995,167.77,167.77,200,2021-02-10 19:15:00,RARE
167.66,167.83,167.46,167.82,1100,2021-02-10 19:20:00,RARE
168.06,168.06,167.85,167.99,998,2021-02-10 19:25:00,RARE
167.94,168.55,167.94,168.55,600,2021-02-10 19:30:00,RARE
168.34,168.35,167.89,168.06,500,2021-02-10 19:35:00,RARE
168.4,168.4,168.4,168.4,136,2021-02-10 19:40:00,RARE
168.35,168.55,168.225,168.55,500,2021-02-10 19:45:00,RARE
168.53,168.73,168.53,168.73,400,2021-02-10 19:50:00,RARE
169.0,175.0,168.86,172.715,19100,2021-02-10 19:55:00,RARE
171.89,171.89,170.54,170.548,2153,2021-02-10 20:00:00,RARE
170.54,170.64,170.0,170.0,1700,2021-02-10 20:05:00,RARE
169.51,169.61,168.99,168.99,700,2021-02-10 20:10:00,RARE
168.93,168.93,168.455,168.455,1000,2021-02-10 20:15:00,RARE
168.755,169.05,168.3,168.3,2088,2021-02-10 20:20:00,RARE
168.1,169.04,168.1,169.04,1000,2021-02-10 20:25:00,RARE
169.17,169.28,168.7,168.74,2000,2021-02-10 20:30:00,RARE
168.64,168.9,168.22,168.22,3755,2021-02-10 20:35:00,RARE
168.1,168.57,168.07,168.18,1300,2021-02-10 20:40:00,RARE
168.255,168.39,167.88,168.09,2000,2021-02-10 20:45:00,RARE
167.64,168.65,165.94,167.09,8418,2021-02-10 20:50:00,RARE
167.085,168.06,166.78,167.49,22782,2021-02-10 20:55:00,RARE
167.22,167.22,167.22,167.22,34099,2021-02-10 21:00:00,RARE
167.22,167.22,167.22,167.22,158,2021-02-10 21:25:00,RARE
169.98,171.51,167.0,167.0,5532,2021-02-11 14:30:00,RARE
166.16,167.33,165.79,165.79,900,2021-02-11 14:35:00,RARE
166.05,166.05,166.05,166.05,100,2021-02-11 14:40:00,RARE
166.91,168.64,166.67,166.82,700,2021-02-11 14:45:00,RARE
166.2402,166.2402,166.2402,166.2402,265,2021-02-11 14:50:00,RARE
165.97,165.97,165.97,165.97,100,2021-02-11 14:55:00,RARE
165.93,166.0199,164.81,164.81,644,2021-02-11 15:00:00,RARE
165.41,165.81,164.8,165.55,3778,2021-02-11 15:05:00,RARE
165.99,165.99,164.98,164.98,1000,2021-02-11 15:10:00,RARE
164.845,165.25,164.4139,164.4139,1000,2021-02-11 15:15:00,RARE
164.67,164.905,163.815,163.94,4000,2021-02-11 15:20:00,RARE
164.31,164.31,163.7801,164.075,600,2021-02-11 15:25:00,RARE
164.23,164.48,164.225,164.36,500,2021-02-11 15:30:00,RARE
164.635,165.48,164.635,165.24,1700,2021-02-11 15:35:00,RARE
165.67,165.67,165.04,165.04,200,2021-02-11 15:40:00,RARE
165.041,165.16,164.6,164.99,3180,2021-02-11 15:45:00,RARE
164.215,164.35,163.63,164.35,3078,2021-02-11 15:50:00,RARE
164.79,164.79,164.79,164.79,100,2021-02-11 15:55:00,RARE
164.085,164.3425,163.32,163.32,2000,2021-02-11 16:00:00,RARE
163.715,164.26,163.715,164.26,1200,2021-02-11 16:05:00,RARE
164.36,164.5,164.07,164.12,900,2021-02-11 16:10:00,RARE
164.51,164.51,163.765,164.21,1652,2021-02-11 16:15:00,RARE
164.1,164.12,164.1,164.12,400,2021-02-11 16:20:00,RARE
164.71,164.79,164.71,164.79,200,2021-02-11 16:25:00,RARE
164.615,164.615,164.105,164.43,600,2021-02-11 16:30:00,RARE
164.74,164.74,164.74,164.74,100,2021-02-11 16:35:00,RARE
164.76,164.82,164.3,164.505,1184,2021-02-11 16:40:00,RARE
164.355,164.48,163.93,163.93,1400,2021-02-11 16:45:00,RARE
164.2,164.29,163.94,163.995,750,2021-02-11 16:50:00,RARE
164.08,164.23,164.08,164.23,300,2021-02-11 16:55:00,RARE
163.84,163.84,163.32,163.32,764,2021-02-11 17:00:00,RARE
163.15,163.15,161.84,162.12,1526,2021-02-11 17:05:00,RARE
162.24,162.45,161.78,162.41,2100,2021-02-11 17:10:00,RARE
162.08,162.3,161.68,161.68,2100,2021-02-11 17:15:00,RARE
161.93,162.94,161.675,162.12,2520,2021-02-11 17:20:00,RARE
162.04,162.27,160.33,160.9,1288,2021-02-11 17:25:00,RARE
161.16,161.76,161.16,161.76,200,2021-02-11 17:30:00,RARE
161.49,162.12,161.49,161.78,900,2021-02-11 17:35:00,RARE
161.77,162.17,160.61,160.61,1100,2021-02-11 17:40:00,RARE
160.61,161.11,160.12,161.0096,1564,2021-02-11 17:45:00,RARE
160.46,160.46,159.64,160.29,1672,2021-02-11 17:50:00,RARE
160.3,161.395,160.27,161.06,2200,2021-02-11 17:55:00,RARE
161.21,161.81,161.12,161.575,1800,2021-02-11 18:00:00,RARE
161.1,161.4,160.41,161.23,800,2021-02-11 18:05:00,RARE
161.41,161.41,161.41,161.41,100,2021-02-11 18:10:00,RARE
162.12,162.42,161.56,161.72,1300,2021-02-11 18:15:00,RARE
161.57,161.64,160.775,161.58,900,2021-02-11 18:25:00,RARE
161.63,162.3,161.6,162.3,400,2021-02-11 18:30:00,RARE
162.03,162.03,162.0,162.0,300,2021-02-11 18:35:00,RARE
161.88,161.88,161.81,161.81,200,2021-02-11 18:40:00,RARE
161.9575,161.9575,160.99,161.32,800,2021-02-11 18:45:00,RARE
161.33,161.34,161.33,161.34,200,2021-02-11 18:50:00,RARE
161.82,162.23,161.82,162.23,600,2021-02-11 18:55:00,RARE
161.81,162.08,161.21,161.21,1000,2021-02-11 19:00:00,RARE
161.77,161.77,161.77,161.77,200,2021-02-11 19:05:00,RARE
161.64,161.67,161.37,161.67,1000,2021-02-11 19:10:00,RARE
160.82,160.82,160.82,160.82,100,2021-02-11 19:15:00,RARE
160.89,160.9,160.07,160.07,500,2021-02-11 19:20:00,RARE
160.51,160.84,160.51,160.84,200,2021-02-11 19:25:00,RARE
160.6,160.82,160.265,160.265,1327,2021-02-11 19:30:00,RARE
159.99,160.4,159.99,160.19,400,2021-02-11 19:35:00,RARE
160.44,161.05,160.44,161.05,700,2021-02-11 19:40:00,RARE
161.065,161.61,161.065,161.28,300,2021-02-11 19:45:00,RARE
161.64,162.26,161.64,162.0,1800,2021-02-11 19:50:00,RARE
162.0,162.19,161.96,162.19,500,2021-02-11 19:55:00,RARE
161.975,161.975,161.92,161.935,307,2021-02-11 20:00:00,RARE
161.925,162.54,161.925,162.52,1533,2021-02-11 20:05:00,RARE
162.37,162.37,161.815,161.815,600,2021-02-11 20:10:00,RARE
162.42,162.42,161.94,162.38,1500,2021-02-11 20:15:00,RARE
162.4,163.07,162.4,162.9,2200,2021-02-11 20:20:00,RARE
162.99,163.7,162.91,163.7,3172,2021-02-11 20:25:00,RARE
163.565,163.73,163.27,163.39,4576,2021-02-11 20:30:00,RARE
163.35,163.39,162.25,162.59,5700,2021-02-11 20:35:00,RARE
162.375,162.74,162.11,162.31,3300,2021-02-11 20:40:00,RARE
162.46,162.9,162.38,162.51,4391,2021-02-11 20:45:00,RARE
162.88,164.01,162.21,162.41,13152,2021-02-11 20:50:00,RARE
162.5885,163.01,161.64,161.83,27257,2021-02-11 20:55:00,RARE
162.78,162.78,162.78,162.78,26929,2021-02-11 21:00:00,RARE
162.78,162.78,162.78,162.78,6535,2021-02-11 22:00:00,RARE
161.8899,161.8899,161.8899,161.8899,400,2021-02-12 13:45:00,RARE
155.76,155.76,148.3218,149.5,12838,2021-02-12 14:30:00,RARE
148.26,153.51,148.22,150.46,6525,2021-02-12 14:35:00,RARE
150.46,151.44,149.72,150.79,8700,2021-02-12 14:40:00,RARE
150.52,151.25,149.06,149.875,11262,2021-02-12 14:45:00,RARE
149.88,150.5,149.47,149.74,6450,2021-02-12 14:50:00,RARE
149.735,151.71,149.0,151.6464,5200,2021-02-12 14:55:00,RARE
151.72,155.37,151.25,153.575,20379,2021-02-12 15:00:00,RARE
153.41,154.54,152.7,153.58,4188,2021-02-12 15:05:00,RARE
153.0358,153.41,151.54,152.025,10100,2021-02-12 15:10:00,RARE
151.79,152.77,151.01,152.4999,2500,2021-02-12 15:15:00,RARE
151.1,152.23,150.49,151.54,4215,2021-02-12 15:20:00,RARE
151.55,152.13,150.98,151.44,3772,2021-02-12 15:25:00,RARE
151.39,151.39,150.38,150.86,4157,2021-02-12 15:30:00,RARE
150.855,151.12,149.755,149.835,1700,2021-02-12 15:35:00,RARE
149.83,151.73,149.83,151.73,7498,2021-02-12 15:40:00,RARE
152.035,152.065,150.11,150.875,2011,2021-02-12 15:45:00,RARE
150.77,151.77,149.75,149.75,2316,2021-02-12 15:50:00,RARE
149.82,150.145,149.0,149.49,3800,2021-02-12 15:55:00,RARE
149.6,149.87,149.26,149.56,2200,2021-02-12 16:00:00,RARE
149.56,151.39,149.11,151.39,5752,2021-02-12 16:05:00,RARE
151.138,152.005,151.138,151.245,3075,2021-02-12 16:10:00,RARE
150.88,152.51,150.88,151.925,18852,2021-02-12 16:15:00,RARE
151.41,151.41,150.76,150.76,2600,2021-02-12 16:20:00,RARE
150.44,150.45,149.39,149.655,1900,2021-02-12 16:25:00,RARE
149.91,151.07,149.91,150.455,3400,2021-02-12 16:30:00,RARE
150.53,150.85,150.24,150.75,1700,2021-02-12 16:35:00,RARE
150.46,150.65,149.925,150.46,7530,2021-02-12 16:40:00,RARE
150.6566,151.275,150.6566,151.17,1029,2021-02-12 16:45:00,RARE
151.165,151.165,150.38,150.63,3771,2021-02-12 16:50:00,RARE
150.69,150.71,149.88,149.925,5804,2021-02-12 16:55:00,RARE
149.56,150.0,149.56,149.855,1388,2021-02-12 17:00:00,RARE
149.855,150.05,149.69,150.05,1200,2021-02-12 17:05:00,RARE
150.26,150.26,149.47,149.47,3961,2021-02-12 17:10:00,RARE
149.66,149.66,148.05,148.585,19558,2021-02-12 17:15:00,RARE
148.35,149.36,148.03,148.89,11863,2021-02-12 17:20:00,RARE
148.7,148.7,147.51,148.4998,16781,2021-02-12 17:25:00,RARE
148.55,149.32,148.3149,149.32,4822,2021-02-12 17:30:00,RARE
149.1,149.54,149.1,149.1,1200,2021-02-12 17:35:00,RARE
149.1,149.5,148.91,149.17,3120,2021-02-12 17:40:00,RARE
149.29,149.3,148.135,148.35,6102,2021-02-12 17:45:00,RARE
148.67,148.71,148.28,148.3,2250,2021-02-12 17:50:00,RARE
148.5,148.7,148.5,148.54,905,2021-02-12 17:55:00,RARE
148.68,148.69,147.84,147.84,3610,2021-02-12 18:00:00,RARE
148.02,148.19,147.83,148.19,2899,2021-02-12 18:05:00,RARE
148.3,148.43,147.52,147.69,5578,2021-02-12 18:10:00,RARE
147.65,147.65,146.8,146.8,4750,2021-02-12 18:15:00,RARE
146.45,146.99,146.45,146.99,1300,2021-02-12 18:20:00,RARE
146.54,146.9645,146.54,146.585,1200,2021-02-12 18:25:00,RARE
146.51,146.85,146.41,146.6219,3256,2021-02-12 18:30:00,RARE
146.68,146.86,146.51,146.52,1000,2021-02-12 18:35:00,RARE
146.51,146.7,145.8,146.35,7299,2021-02-12 18:40:00,RARE
146.39,146.565,146.15,146.4285,1200,2021-02-12 18:45:00,RARE
146.43,147.72,146.43,147.72,2800,2021-02-12 18:50:00,RARE
147.93,149.36,147.92,149.35,11062,2021-02-12 18:55:00,RARE
149.1856,149.1856,148.445,148.92,2095,2021-02-12 19:00:00,RARE
148.985,149.33,148.795,149.0,4392,2021-02-12 19:05:00,RARE
149.2303,149.2303,148.925,149.0,4200,2021-02-12 19:10:00,RARE
148.94,149.0,148.34,148.36,5240,2021-02-12 19:15:00,RARE
148.35,148.78,148.35,148.76,4800,2021-02-12 19:20:00,RARE
148.83,149.0,148.7,149.0,5962,2021-02-12 19:25:00,RARE
149.0,149.48,148.93,149.25,5158,2021-02-12 19:30:00,RARE
149.19,150.15,149.19,150.0,4584,2021-02-12 19:35:00,RARE
150.15,151.42,150.0,151.42,29985,2021-02-12 19:40:00,RARE
151.41,151.69,150.2009,150.2009,3908,2021-02-12 19:45:00,RARE
150.75,150.87,150.296,150.585,2300,2021-02-12 19:50:00,RARE
150.8,151.28,150.62,150.87,4197,2021-02-12 19:55:00,RARE
150.99,151.59,150.99,151.16,4801,2021-02-12 20:00:00,RARE
151.145,151.145,150.52,150.73,5726,2021-02-12 20:05:00,RARE
150.87,151.51,150.54,151.51,4256,2021-02-12 20:10:00,RARE
151.83,151.95,151.38,151.58,3602,2021-02-12 20:15:00,RARE
151.74,151.74,150.985,150.985,3525,2021-02-12 20:20:00,RARE
150.86,151.18,150.7306,151.18,4417,2021-02-12 20:25:00,RARE
151.15,151.93,150.91,151.93,5564,2021-02-12 20:30:00,RARE
151.98,152.24,151.61,152.21,7266,2021-02-12 20:35:00,RARE
152.05,152.05,150.46,150.57,6027,2021-02-12 20:40:00,RARE
150.635,150.83,150.15,150.83,9170,2021-02-12 20:45:00,RARE
151.05,151.48,150.04,150.05,18997,2021-02-12 20:50:00,RARE
150.15,150.69,150.06,150.54,48706,2021-02-12 20:55:00,RARE
150.26,150.26,150.26,150.26,25992,2021-02-12 21:00:00,RARE
150.34,151.69,150.34,151.365,5028,2021-02-16 14:30:00,RARE
151.33,151.56,150.57,150.57,400,2021-02-16 14:35:00,RARE
150.26,150.38,149.198,149.198,623,2021-02-16 14:40:00,RARE
149.2,149.2,148.17,148.17,32794,2021-02-16 14:45:00,RARE
148.58,148.94,147.0,147.0,3377,2021-02-16 14:50:00,RARE
146.77,147.13,146.24,146.24,1912,2021-02-16 14:55:00,RARE
146.78,146.95,145.92,146.69,1200,2021-02-16 15:00:00,RARE
146.59,147.32,145.8864,146.645,2507,2021-02-16 15:05:00,RARE
146.63,147.87,146.63,147.545,3800,2021-02-16 15:10:00,RARE
147.15,148.0,147.15,147.35,2728,2021-02-16 15:15:00,RARE
147.715,147.715,146.78,146.78,1877,2021-02-16 15:20:00,RARE
147.17,147.17,146.02,146.08,1000,2021-02-16 15:25:00,RARE
146.165,146.43,145.24,145.24,1700,2021-02-16 15:30:00,RARE
145.16,145.38,144.44,144.665,1741,2021-02-16 15:35:00,RARE
144.69,144.98,144.51,144.755,4030,2021-02-16 15:40:00,RARE
144.8,145.64,144.8,145.3,2967,2021-02-16 15:45:00,RARE
145.3,145.5,145.01,145.01,4240,2021-02-16 15:50:00,RARE
144.98,145.56,144.98,145.41,3601,2021-02-16 15:55:00,RARE
145.73,146.67,145.73,146.67,2635,2021-02-16 16:00:00,RARE
146.59,146.82,146.47,146.545,1800,2021-02-16 16:05:00,RARE
146.68,146.8699,146.34,146.85,900,2021-02-16 16:10:00,RARE
146.55,147.11,146.55,147.11,5686,2021-02-16 16:15:00,RARE
146.92,147.27,146.13,146.13,2515,2021-02-16 16:20:00,RARE
146.3,146.54,146.0,146.13,2800,2021-02-16 16:25:00,RARE
146.16,146.29,145.715,146.02,12529,2021-02-16 16:30:00,RARE
146.38,146.38,146.38,146.38,100,2021-02-16 16:35:00,RARE
146.57,146.59,146.445,146.47,600,2021-02-16 16:40:00,RARE
146.44,146.56,146.25,146.405,1865,2021-02-16 16:45:00,RARE
146.4,146.4,146.24,146.285,1300,2021-02-16 16:50:00,RARE
146.28,146.285,145.14,145.33,8687,2021-02-16 16:55:00,RARE
145.33,146.38,145.27,145.71,3065,2021-02-16 17:00:00,RARE
145.56,145.56,145.355,145.495,4208,2021-02-16 17:05:00,RARE
145.61,146.14,145.48,146.14,1503,2021-02-16 17:10:00,RARE
146.03,146.03,145.87,145.87,600,2021-02-16 17:15:00,RARE
146.225,146.535,146.07,146.3001,871,2021-02-16 17:20:00,RARE
146.7,147.26,146.7,147.26,1300,2021-02-16 17:25:00,RARE
147.29,147.29,146.51,146.51,1300,2021-02-16 17:30:00,RARE
147.0,147.03,146.44,146.73,1000,2021-02-16 17:35:00,RARE
146.95,147.18,146.82,146.835,1300,2021-02-16 17:40:00,RARE
146.56,146.56,146.42,146.42,300,2021-02-16 17:45:00,RARE
146.54,146.6,146.54,146.6,300,2021-02-16 17:50:00,RARE
146.67,146.67,146.15,146.34,1600,2021-02-16 17:55:00,RARE
146.35,146.68,146.35,146.66,1200,2021-02-16 18:00:00,RARE
146.6,146.76,146.13,146.37,2087,2021-02-16 18:05:00,RARE
146.23,146.23,146.04,146.04,975,2021-02-16 18:10:00,RARE
146.02,146.1,145.87,145.87,900,2021-02-16 18:15:00,RARE
145.81,145.81,145.8,145.8,300,2021-02-16 18:20:00,RARE
145.62,145.73,145.39,145.73,1700,2021-02-16 18:25:00,RARE
145.59,145.685,145.55,145.585,700,2021-02-16 18:30:00,RARE
145.595,145.595,145.36,145.475,3929,2021-02-16 18:35:00,RARE
145.54,145.54,144.99,145.05,3062,2021-02-16 18:40:00,RARE
145.37,145.74,145.37,145.74,1100,2021-02-16 18:45:00,RARE
145.75,145.86,145.58,145.58,1200,2021-02-16 18:50:00,RARE
145.57,145.63,145.34,145.34,800,2021-02-16 18:55:00,RARE
145.355,145.47,145.18,145.18,1000,2021-02-16 19:00:00,RARE
145.22,145.32,145.16,145.31,1259,2021-02-16 19:05:00,RARE
145.24,145.665,145.24,145.53,4232,2021-02-16 19:10:00,RARE
145.495,145.5,145.31,145.31,2400,2021-02-16 19:15:00,RARE
145.34,145.51,145.25,145.475,2400,2021-02-16 19:20:00,RARE
145.555,145.555,145.4,145.45,2380,2021-02-16 19:25:00,RARE
145.5,145.78,145.425,145.78,5367,2021-02-16 19:30:00,RARE
145.6501,145.83,145.6501,145.76,1500,2021-02-16 19:35:00,RARE
145.6339,145.77,145.5401,145.6601,1520,2021-02-16 19:40:00,RARE
145.7,145.7,145.43,145.49,2100,2021-02-16 19:45:00,RARE
145.59,145.7,145.26,145.3129,6409,2021-02-16 19:50:00,RARE
145.195,145.82,145.195,145.82,3187,2021-02-16 19:55:00,RARE
145.55,145.8,145.4701,145.75,2100,2021-02-16 20:00:00,RARE
145.51,145.615,145.51,145.615,300,2021-02-16 20:05:00,RARE
145.49,145.65,145.27,145.38,3435,2021-02-16 20:10:00,RARE
145.33,145.33,145.1001,145.155,1100,2021-02-16 20:15:00,RARE
145.21,145.26,145.11,145.11,1618,2021-02-16 20:20:00,RARE
145.15,145.635,145.15,145.635,6782,2021-02-16 20:25:00,RARE
145.66,145.74,145.44,145.66,11441,2021-02-16 20:30:00,RARE
145.74,145.75,145.315,145.315,4196,2021-02-16 20:35:00,RARE
145.38,145.38,145.0625,145.2,3260,2021-02-16 20:40:00,RARE
145.19,145.405,144.9801,145.315,16907,2021-02-16 20:45:00,RARE
145.19,145.45,145.07,145.14,40070,2021-02-16 20:50:00,RARE
145.06,145.15,144.0601,144.46,33518,2021-02-16 20:55:00,RARE
144.34,144.34,144.34,144.34,33464,2021-02-16 21:00:00,RARE
144.34,144.34,144.34,144.34,2798,2021-02-16 21:45:00,RARE
145.0,145.0,145.0,145.0,100,2021-02-17 14:00:00,RARE
143.38,143.38,139.28,141.86,28243,2021-02-17 14:30:00,RARE
141.91,142.95,141.51,141.51,1800,2021-02-17 14:35:00,RARE
141.935,143.13,140.97,142.6,22753,2021-02-17 14:40:00,RARE
143.94,144.89,143.61,143.69,2670,2021-02-17 14:45:00,RARE
144.13,144.13,142.41,142.655,3698,2021-02-17 14:50:00,RARE
142.19,143.08,141.5,142.2319,1826,2021-02-17 14:55:00,RARE
141.755,142.4,141.745,141.81,2503,2021-02-17 15:00:00,RARE
141.905,142.5,141.905,142.5,1507,2021-02-17 15:05:00,RARE
143.0,143.33,142.13,143.07,2000,2021-02-17 15:10:00,RARE
142.625,142.625,142.18,142.31,700,2021-02-17 15:15:00,RARE
142.86,143.38,142.4,142.73,3802,2021-02-17 15:20:00,RARE
143.0,143.05,142.02,142.02,1600,2021-02-17 15:25:00,RARE
142.125,142.125,141.825,141.98,1853,2021-02-17 15:30:00,RARE
141.965,142.69,141.63,142.68,2806,2021-02-17 15:35:00,RARE
142.44,142.44,141.98,142.11,1400,2021-02-17 15:40:00,RARE
142.21,142.67,141.8938,142.36,1696,2021-02-17 15:45:00,RARE
142.05,142.2,141.74,142.005,2500,2021-02-17 15:50:00,RARE
142.01,142.53,142.01,142.53,1194,2021-02-17 15:55:00,RARE
141.96,141.96,141.37,141.56,1000,2021-02-17 16:00:00,RARE
141.24,141.5,140.85,141.38,2475,2021-02-17 16:05:00,RARE
141.315,141.71,141.01,141.71,3400,2021-02-17 16:10:00,RARE
141.21,141.27,141.08,141.08,800,2021-02-17 16:15:00,RARE
140.85,141.035,140.78,140.78,700,2021-02-17 16:20:00,RARE
140.29,141.68,139.94,141.68,2600,2021-02-17 16:25:00,RARE
141.5,141.5,140.9,140.9,700,2021-02-17 16:30:00,RARE
140.655,140.655,140.645,140.645,200,2021-02-17 16:35:00,RARE
140.26,140.83,140.26,140.64,2900,2021-02-17 16:40:00,RARE
140.5,140.5,140.305,140.305,500,2021-02-17 16:45:00,RARE
140.3,140.385,140.02,140.385,800,2021-02-17 16:50:00,RARE
140.72,141.37,140.72,141.37,403,2021-02-17 16:55:00,RARE
142.0399,142.12,141.65,142.12,1375,2021-02-17 17:00:00,RARE
142.04,142.15,141.42,142.15,1307,2021-02-17 17:05:00,RARE
141.995,142.59,141.91,141.91,800,2021-02-17 17:10:00,RARE
141.96,142.18,141.26,141.6571,2150,2021-02-17 17:15:00,RARE
141.31,141.45,140.79,140.8593,2000,2021-02-17 17:20:00,RARE
141.32,141.32,140.88,140.88,500,2021-02-17 17:25:00,RARE
140.965,141.195,140.905,141.0,1586,2021-02-17 17:30:00,RARE
141.5,141.5,141.26,141.41,2300,2021-02-17 17:35:00,RARE
141.65,141.93,141.5,141.93,3165,2021-02-17 17:40:00,RARE
142.04,142.04,142.015,142.015,302,2021-02-17 17:45:00,RARE
142.245,142.44,142.1,142.1,700,2021-02-17 17:50:00,RARE
142.16,142.65,142.16,142.46,1038,2021-02-17 17:55:00,RARE
142.86,142.86,142.37,142.37,911,2021-02-17 18:00:00,RARE
143.08,143.08,142.875,142.875,300,2021-02-17 18:05:00,RARE
143.23,143.23,143.0,143.0,400,2021-02-17 18:10:00,RARE
142.65,143.18,142.65,143.14,1840,2021-02-17 18:15:00,RARE
142.74,142.83,142.62,142.62,700,2021-02-17 18:20:00,RARE
142.55,142.94,142.13,142.92,6542,2021-02-17 18:25:00,RARE
142.68,142.98,142.28,142.28,16953,2021-02-17 18:30:00,RARE
142.26,142.26,141.86,141.86,1065,2021-02-17 18:35:00,RARE
142.01,142.17,141.7,142.17,600,2021-02-17 18:40:00,RARE
142.14,142.14,141.9,141.9,900,2021-02-17 18:45:00,RARE
142.0,142.51,142.0,142.325,1806,2021-02-17 18:50:00,RARE
142.17,142.7,142.17,142.44,1352,2021-02-17 18:55:00,RARE
142.815,143.01,141.955,141.955,5646,2021-02-17 19:00:00,RARE
141.96,142.15,141.64,141.86,6257,2021-02-17 19:05:00,RARE
142.26,142.26,141.74,141.81,3101,2021-02-17 19:10:00,RARE
141.89,142.33,141.79,142.17,1900,2021-02-17 19:15:00,RARE
142.17,142.46,142.08,142.2,1800,2021-02-17 19:20:00,RARE
142.07,142.12,141.58,141.765,900,2021-02-17 19:25:00,RARE
141.59,141.93,141.59,141.93,300,2021-02-17 19:30:00,RARE
141.76,141.76,141.15,141.15,1104,2021-02-17 19:35:00,RARE
141.15,141.28,141.0,141.26,2234,2021-02-17 19:40:00,RARE
141.455,141.79,141.455,141.63,700,2021-02-17 19:45:00,RARE
142.09,142.09,141.77,142.05,1208,2021-02-17 19:50:00,RARE
141.97,142.24,141.95,142.11,1800,2021-02-17 19:55:00,RARE
142.305,143.23,142.305,142.69,3500,2021-02-17 20:00:00,RARE
142.8,144.17,142.79,143.5,3022,2021-02-17 20:05:00,RARE
143.52,143.52,143.52,143.52,100,2021-02-17 20:10:00,RARE
143.52,143.94,143.26,143.56,2300,2021-02-17 20:15:00,RARE
143.41,143.96,143.41,143.96,900,2021-02-17 20:20:00,RARE
144.12,144.18,143.84,144.04,53260,2021-02-17 20:25:00,RARE
143.95,144.06,143.63,143.79,1500,2021-02-17 20:30:00,RARE
143.73,143.98,143.62,143.81,2050,2021-02-17 20:35:00,RARE
144.0,144.03,143.6,143.86,2471,2021-02-17 20:40:00,RARE
143.86,143.87,143.4,143.525,2200,2021-02-17 20:45:00,RARE
143.57,143.815,143.04,143.11,7000,2021-02-17 20:50:00,RARE
142.95,143.56,142.88,143.09,9242,2021-02-17 20:55:00,RARE
143.11,143.11,143.11,143.11,42409,2021-02-17 21:00:00,RARE
141.6,141.7,140.575,140.8,8045,2021-02-18 14:30:00,RARE
141.7,142.66,141.33,142.66,500,2021-02-18 14:35:00,RARE
142.66,142.75,142.66,142.75,212,2021-02-18 14:40:00,RARE
142.27,143.02,142.27,143.01,1226,2021-02-18 14:45:00,RARE
142.72,144.3892,142.7,144.3892,42791,2021-02-18 14:50:00,RARE
143.74,144.88,143.74,144.65,2695,2021-02-18 14:55:00,RARE
144.9,144.9,143.67,144.46,18056,2021-02-18 15:00:00,RARE
144.24,144.66,143.99,144.1301,1400,2021-02-18 15:05:00,RARE
145.05,146.395,144.805,145.12,12500,2021-02-18 15:10:00,RARE
145.155,145.155,143.2006,143.2006,2407,2021-02-18 15:15:00,RARE
143.47,143.5,143.47,143.5,200,2021-02-18 15:20:00,RARE
143.65,143.665,142.48,142.61,2700,2021-02-18 15:25:00,RARE
142.645,143.55,141.9,143.55,8421,2021-02-18 15:30:00,RARE
143.82,144.3615,143.82,144.14,706,2021-02-18 15:35:00,RARE
144.39,144.39,143.8654,143.8654,389,2021-02-18 15:40:00,RARE
143.86,144.09,143.57,143.945,2202,2021-02-18 15:45:00,RARE
144.1,144.355,143.68,144.355,1222,2021-02-18 15:50:00,RARE
144.36,144.96,143.95,144.96,1931,2021-02-18 15:55:00,RARE
145.14,145.29,144.77,145.265,3023,2021-02-18 16:00:00,RARE
145.315,145.85,145.315,145.37,1100,2021-02-18 16:05:00,RARE
145.47,145.88,145.08,145.31,2800,2021-02-18 16:10:00,RARE
145.24,145.28,143.83,144.43,5633,2021-02-18 16:15:00,RARE
144.72,145.03,144.72,144.92,1800,2021-02-18 16:20:00,RARE
144.95,144.95,144.74,144.74,200,2021-02-18 16:25:00,RARE
144.45,144.7,144.45,144.7,200,2021-02-18 16:30:00,RARE
144.44,144.44,144.17,144.35,600,2021-02-18 16:35:00,RARE
144.09,144.12,143.9325,143.9325,2200,2021-02-18 16:40:00,RARE
144.1,144.36,143.79,144.08,3209,2021-02-18 16:45:00,RARE
144.04,144.2,144.04,144.2,500,2021-02-18 16:50:00,RARE
144.08,144.08,143.91,143.91,400,2021-02-18 16:55:00,RARE
144.08,144.08,143.44,143.48,7590,2021-02-18 17:00:00,RARE
143.4,143.4,142.47,142.85,1900,2021-02-18 17:05:00,RARE
142.855,143.13,142.855,142.97,600,2021-02-18 17:10:00,RARE
143.02,143.02,142.805,143.02,300,2021-02-18 17:15:00,RARE
143.18,143.55,143.18,143.55,300,2021-02-18 17:20:00,RARE
143.55,143.55,143.28,143.49,1500,2021-02-18 17:25:00,RARE
143.655,144.19,143.655,144.0,2400,2021-02-18 17:30:00,RARE
143.91,145.05,143.91,145.05,1000,2021-02-18 17:35:00,RARE
144.8,144.99,144.71,144.96,700,2021-02-18 17:40:00,RARE
144.83,144.83,144.26,144.6,2511,2021-02-18 17:45:00,RARE
144.315,144.315,144.09,144.11,854,2021-02-18 17:50:00,RARE
144.0,144.45,144.0,144.1,2795,2021-02-18 17:55:00,RARE
144.05,144.05,143.65,143.65,865,2021-02-18 18:00:00,RARE
143.49,143.49,143.33,143.42,1206,2021-02-18 18:05:00,RARE
143.41,143.63,143.38,143.63,2100,2021-02-18 18:10:00,RARE
143.77,144.08,143.77,144.08,300,2021-02-18 18:15:00,RARE
143.95,144.37,143.93,144.37,900,2021-02-18 18:20:00,RARE
144.49,144.85,144.29,144.85,900,2021-02-18 18:25:00,RARE
144.96,145.25,144.88,144.88,3457,2021-02-18 18:30:00,RARE
144.895,145.03,144.89,144.92,700,2021-02-18 18:35:00,RARE
144.75,144.83,144.57,144.83,1700,2021-02-18 18:40:00,RARE
144.9,145.25,144.88,144.88,600,2021-02-18 18:45:00,RARE
145.185,145.46,145.11,145.21,18317,2021-02-18 18:55:00,RARE
145.02,145.41,145.02,145.305,722,2021-02-18 19:00:00,RARE
145.29,145.53,145.29,145.39,305,2021-02-18 19:05:00,RARE
145.53,145.81,145.53,145.69,1600,2021-02-18 19:10:00,RARE
145.87,145.92,145.35,145.42,1600,2021-02-18 19:15:00,RARE
145.19,145.61,145.16,145.37,16195,2021-02-18 19:20:00,RARE
145.505,145.68,145.3,145.3,1400,2021-02-18 19:25:00,RARE
145.095,145.1,144.85,144.85,800,2021-02-18 19:30:00,RARE
144.86,144.86,144.62,144.695,934,2021-02-18 19:35:00,RARE
144.56,144.855,144.56,144.855,1100,2021-02-18 19:40:00,RARE
144.915,144.915,144.915,144.915,100,2021-02-18 19:45:00,RARE
144.81,144.905,144.81,144.905,200,2021-02-18 19:50:00,RARE
145.01,145.26,144.92,145.26,1107,2021-02-18 19:55:00,RARE
145.03,145.14,144.8,145.01,1600,2021-02-18 20:00:00,RARE
145.25,145.33,145.11,145.11,6298,2021-02-18 20:05:00,RARE
145.02,145.15,145.0,145.06,700,2021-02-18 20:10:00,RARE
145.23,145.26,144.52,144.52,3988,2021-02-18 20:15:00,RARE
144.8,144.81,144.66,144.76,400,2021-02-18 20:20:00,RARE
144.61,144.85,144.61,144.85,400,2021-02-18 20:25:00,RARE
144.68,144.81,143.91,143.91,2300,2021-02-18 20:30:00,RARE
143.87,143.96,143.83,143.96,1000,2021-02-18 20:35:00,RARE
143.79,143.95,143.695,143.855,1200,2021-02-18 20:40:00,RARE
143.83,143.95,143.44,143.44,2400,2021-02-18 20:45:00,RARE
143.41,143.41,142.55,142.815,11173,2021-02-18 20:50:00,RARE
142.68,143.39,142.17,143.01,35728,2021-02-18 20:55:00,RARE
143.0,143.0,143.0,143.0,51049,2021-02-18 21:00:00,RARE
144.27,144.29,144.19,144.19,500,2021-02-19 14:25:00,RARE
143.84,146.76,143.84,146.76,22635,2021-02-19 14:30:00,RARE
145.305,147.0,144.5539,146.4,31774,2021-02-19 14:35:00,RARE
146.95,146.95,145.81,145.81,900,2021-02-19 14:40:00,RARE
145.31,146.49,144.505,146.0,50277,2021-02-19 14:45:00,RARE
146.0285,146.11,145.14,146.0,15088,2021-02-19 14:50:00,RARE
146.03,148.3944,146.0,147.415,38300,2021-02-19 14:55:00,RARE
147.415,149.97,147.1,148.11,44344,2021-02-19 15:00:00,RARE
148.11,149.89,148.02,149.1,57228,2021-02-19 15:05:00,RARE
148.71,148.72,148.64,148.7,1300,2021-02-19 15:10:00,RARE
149.04,149.55,148.51,149.16,6439,2021-02-19 15:15:00,RARE
149.06,149.59,149.06,149.59,600,2021-02-19 15:20:00,RARE
149.58,149.89,148.93,148.93,29057,2021-02-19 15:25:00,RARE
148.79,149.36,148.61,149.02,2600,2021-02-19 15:30:00,RARE
149.135,149.135,148.68,148.68,3005,2021-02-19 15:35:00,RARE
148.8,149.13,148.8,149.0,1800,2021-02-19 15:40:00,RARE
149.0,149.055,148.58,148.725,1405,2021-02-19 15:45:00,RARE
148.86,149.185,148.71,148.71,14904,2021-02-19 15:50:00,RARE
148.47,149.0,148.38,148.715,1920,2021-02-19 15:55:00,RARE
148.835,148.835,148.63,148.64,666,2021-02-19 16:00:00,RARE
148.94,149.0,148.45,148.8,1921,2021-02-19 16:05:00,RARE
148.91,149.0,148.7,148.805,3698,2021-02-19 16:10:00,RARE
148.61,148.875,148.3388,148.56,2778,2021-02-19 16:15:00,RARE
148.655,148.685,148.43,148.43,306,2021-02-19 16:20:00,RARE
148.51,148.99,148.0,148.71,4100,2021-02-19 16:25:00,RARE
148.795,148.805,148.62,148.805,580,2021-02-19 16:30:00,RARE
148.63,148.88,148.2,148.31,1800,2021-02-19 16:35:00,RARE
148.4,149.065,148.4,148.79,7160,2021-02-19 16:40:00,RARE
148.685,148.685,147.5,147.5,1300,2021-02-19 16:45:00,RARE
147.5,148.0,147.5,148.0,800,2021-02-19 16:50:00,RARE
148.62,148.62,147.79,147.79,1800,2021-02-19 16:55:00,RARE
148.87,148.87,148.87,148.87,1000,2021-02-19 17:00:00,RARE
148.47,148.67,147.93,147.93,2560,2021-02-19 17:05:00,RARE
148.055,148.64,147.88,148.64,2194,2021-02-19 17:10:00,RARE
148.45,148.45,148.0,148.0,2400,2021-02-19 17:15:00,RARE
147.94,148.0995,147.63,147.63,2549,2021-02-19 17:20:00,RARE
147.63,147.63,147.44,147.47,15800,2021-02-19 17:25:00,RARE
147.55,147.93,147.42,147.91,9011,2021-02-19 17:30:00,RARE
147.7,147.95,147.7,147.94,4202,2021-02-19 17:35:00,RARE
147.79,147.79,147.38,147.535,8026,2021-02-19 17:40:00,RARE
147.67,148.0,147.67,147.67,1750,2021-02-19 17:45:00,RARE
147.56,147.66,146.98,147.1,1200,2021-02-19 17:50:00,RARE
147.42,147.42,147.41,147.41,300,2021-02-19 17:55:00,RARE
147.33,147.63,147.32,147.58,800,2021-02-19 18:05:00,RARE
147.78,148.13,147.78,147.9998,6563,2021-02-19 18:10:00,RARE
147.82,148.16,147.67,148.16,800,2021-02-19 18:15:00,RARE
147.94,148.07,147.94,148.07,400,2021-02-19 18:20:00,RARE
148.07,148.343,148.07,148.17,1600,2021-02-19 18:25:00,RARE
148.35,148.35,148.265,148.265,300,2021-02-19 18:30:00,RARE
148.54,148.69,148.54,148.69,600,2021-02-19 18:35:00,RARE
148.98,148.98,148.62,148.62,500,2021-02-19 18:40:00,RARE
148.64,148.85,148.49,148.85,500,2021-02-19 18:45:00,RARE
148.48,148.48,148.35,148.38,1000,2021-02-19 18:50:00,RARE
148.65,149.09,148.65,148.93,600,2021-02-19 18:55:00,RARE
149.385,149.385,149.27,149.36,800,2021-02-19 19:05:00,RARE
149.39,149.5,149.305,149.38,2765,2021-02-19 19:10:00,RARE
149.62,149.75,149.28,149.47,2991,2021-02-19 19:15:00,RARE
149.14,149.14,148.79,148.79,943,2021-02-19 19:20:00,RARE
148.66,148.66,148.66,148.66,200,2021-02-19 19:25:00,RARE
148.68,148.78,148.66,148.78,900,2021-02-19 19:30:00,RARE
148.89,148.89,148.425,148.51,1978,2021-02-19 19:35:00,RARE
148.66,148.66,147.91,147.91,2039,2021-02-19 19:40:00,RARE
147.92,148.22,147.92,148.0,600,2021-02-19 19:45:00,RARE
148.01,148.4,147.98,148.18,1500,2021-02-19 19:50:00,RARE
148.2,148.21,148.2,148.21,200,2021-02-19 19:55:00,RARE
148.46,148.72,148.27,148.505,400,2021-02-19 20:00:00,RARE
148.27,148.27,147.61,147.81,1500,2021-02-19 20:05:00,RARE
147.91,147.99,147.76,147.83,600,2021-02-19 20:10:00,RARE
147.81,148.11,147.56,147.865,2614,2021-02-19 20:15:00,RARE
147.97,148.12,147.83,147.905,1600,2021-02-19 20:20:00,RARE
147.885,148.15,147.885,148.01,1100,2021-02-19 20:25:00,RARE
147.9,148.31,147.77,148.015,6721,2021-02-19 20:30:00,RARE
148.07,148.22,147.93,148.19,3280,2021-02-19 20:35:00,RARE
148.19,148.55,148.19,148.29,3028,2021-02-19 20:40:00,RARE
148.39,148.47,147.86,147.86,2240,2021-02-19 20:45:00,RARE
147.74,147.84,147.5,147.53,17047,2021-02-19 20:50:00,RARE
147.51,148.44,147.5,148.15,16848,2021-02-19 20:55:00,RARE
148.14,148.14,148.14,148.14,48995,2021-02-19 21:00:00,RARE
146.27,146.27,146.27,146.27,2757,2021-02-22 14:30:00,RARE
145.67,145.67,145.67,145.67,100,2021-02-22 14:35:00,RARE
145.31,145.67,145.05,145.67,1100,2021-02-22 14:40:00,RARE
146.2,146.85,146.01,146.85,12700,2021-02-22 14:45:00,RARE
146.35,147.54,146.35,147.255,800,2021-02-22 14:50:00,RARE
147.91,148.66,147.91,147.98,901,2021-02-22 14:55:00,RARE
148.0,148.06,147.64,147.64,1400,2021-02-22 15:00:00,RARE
147.23,147.57,146.13,146.19,22477,2021-02-22 15:05:00,RARE
146.24,147.34,146.145,147.34,11334,2021-02-22 15:10:00,RARE
147.14,147.14,146.1,146.1,300,2021-02-22 15:15:00,RARE
145.81,145.8886,145.603,145.603,1641,2021-02-22 15:20:00,RARE
145.54,145.545,145.53,145.545,400,2021-02-22 15:25:00,RARE
145.02,145.02,144.33,144.355,300,2021-02-22 15:30:00,RARE
144.0,144.46,143.83,144.46,1900,2021-02-22 15:35:00,RARE
144.64,144.67,144.64,144.67,300,2021-02-22 15:40:00,RARE
144.99,145.68,144.94,145.61,1000,2021-02-22 15:45:00,RARE
145.24,145.38,144.565,144.565,1800,2021-02-22 15:50:00,RARE
144.65,145.01,144.35,144.96,2500,2021-02-22 15:55:00,RARE
144.7,144.7,144.005,144.27,4953,2021-02-22 16:00:00,RARE
144.295,144.56,143.99,144.555,1000,2021-02-22 16:05:00,RARE
144.0,144.58,143.91,144.57,3947,2021-02-22 16:10:00,RARE
144.68,145.38,144.36,145.25,4972,2021-02-22 16:15:00,RARE
145.55,145.81,145.55,145.81,700,2021-02-22 16:20:00,RARE
146.04,146.06,146.04,146.06,200,2021-02-22 16:25:00,RARE
145.515,145.67,145.495,145.55,600,2021-02-22 16:30:00,RARE
145.85,146.07,145.66,145.66,1050,2021-02-22 16:40:00,RARE
146.08,146.08,145.895,145.895,300,2021-02-22 16:45:00,RARE
146.15,146.74,146.03,146.66,5330,2021-02-22 16:50:00,RARE
146.8,147.52,146.8,147.3433,1078,2021-02-22 16:55:00,RARE
147.41,147.51,147.14,147.14,1000,2021-02-22 17:00:00,RARE
147.19,147.28,147.03,147.28,3308,2021-02-22 17:05:00,RARE
147.0,147.0,146.59,146.94,900,2021-02-22 17:10:00,RARE
147.03,147.05,147.03,147.05,500,2021-02-22 17:15:00,RARE
147.03,147.03,146.17,146.17,1180,2021-02-22 17:20:00,RARE
145.92,146.0864,145.92,146.04,1050,2021-02-22 17:25:00,RARE
146.08,146.08,146.08,146.08,100,2021-02-22 17:30:00,RARE
146.12,146.24,145.9,146.24,900,2021-02-22 17:35:00,RARE
146.52,146.67,146.2,146.4496,1500,2021-02-22 17:40:00,RARE
146.61,146.61,146.61,146.61,100,2021-02-22 17:45:00,RARE
146.62,146.63,146.62,146.63,400,2021-02-22 17:50:00,RARE
146.72,146.99,146.72,146.99,666,2021-02-22 17:55:00,RARE
146.69,146.69,146.69,146.69,100,2021-02-22 18:00:00,RARE
146.71,146.71,146.54,146.54,300,2021-02-22 18:05:00,RARE
146.68,146.69,146.48,146.65,1500,2021-02-22 18:10:00,RARE
146.65,146.65,146.24,146.24,500,2021-02-22 18:15:00,RARE
146.11,146.21,145.94,145.94,700,2021-02-22 18:20:00,RARE
145.94,146.0,145.48,145.805,960,2021-02-22 18:25:00,RARE
145.82,145.82,145.65,145.78,500,2021-02-22 18:30:00,RARE
145.835,145.98,145.71,145.73,1610,2021-02-22 18:35:00,RARE
145.73,145.76,145.73,145.76,200,2021-02-22 18:40:00,RARE
145.73,145.94,145.55,145.725,5694,2021-02-22 18:45:00,RARE
146.1,146.21,145.93,145.93,600,2021-02-22 18:50:00,RARE
146.03,146.03,145.57,145.89,900,2021-02-22 18:55:00,RARE
145.75,145.75,145.55,145.725,500,2021-02-22 19:00:00,RARE
145.55,145.55,145.06,145.06,800,2021-02-22 19:05:00,RARE
144.86,144.975,144.373,144.373,1300,2021-02-22 19:10:00,RARE
144.63,145.12,144.63,144.75,1100,2021-02-22 19:15:00,RARE
144.7,144.93,144.5,144.93,600,2021-02-22 19:20:00,RARE
144.84,145.12,144.74,144.84,600,2021-02-22 19:25:00,RARE
144.97,145.35,144.79,144.91,800,2021-02-22 19:30:00,RARE
144.91,144.91,144.76,144.76,300,2021-02-22 19:35:00,RARE
144.75,145.225,144.75,145.19,1300,2021-02-22 19:40:00,RARE
145.35,145.35,145.18,145.18,1177,2021-02-22 19:45:00,RARE
145.26,145.26,144.52,144.78,2400,2021-02-22 19:50:00,RARE
144.97,145.3,144.97,145.135,2320,2021-02-22 19:55:00,RARE
145.135,145.31,145.01,145.21,1800,2021-02-22 20:00:00,RARE
145.145,145.69,145.145,145.69,2741,2021-02-22 20:05:00,RARE
145.71,145.94,145.71,145.88,2900,2021-02-22 20:10:00,RARE
145.99,146.41,145.88,146.3,2676,2021-02-22 20:15:00,RARE
146.42,146.515,145.89,145.94,2600,2021-02-22 20:20:00,RARE
146.28,146.29,145.56,145.605,4600,2021-02-22 20:25:00,RARE
145.41,145.94,145.315,145.62,4850,2021-02-22 20:30:00,RARE
145.62,145.7,145.2,145.47,3105,2021-02-22 20:35:00,RARE
145.28,145.28,144.365,144.57,9727,2021-02-22 20:40:00,RARE
144.86,145.57,144.69,145.295,10550,2021-02-22 20:45:00,RARE
145.12,146.39,144.65,146.0,43648,2021-02-22 20:50:00,RARE
145.895,145.895,144.68,144.83,10422,2021-02-22 20:55:00,RARE
144.69,144.69,144.69,144.69,71510,2021-02-22 21:00:00,RARE
144.69,144.69,144.69,144.69,15513,2021-02-22 22:00:00,RARE
141.89,141.89,136.79,137.44,5246,2021-02-23 14:30:00,RARE
137.08,139.22,137.08,138.79,3801,2021-02-23 14:35:00,RARE
138.96,139.1,136.14,136.14,6327,2021-02-23 14:40:00,RARE
135.9115,137.87,135.575,137.87,2274,2021-02-23 14:45:00,RARE
138.08,141.84,137.66,139.87,7019,2021-02-23 14:50:00,RARE
140.8255,141.24,138.61,140.67,3517,2021-02-23 14:55:00,RARE
138.99,139.41,137.21,138.555,4689,2021-02-23 15:00:00,RARE
139.07,139.25,137.66,139.19,19593,2021-02-23 15:05:00,RARE
139.0,139.52,138.15,138.6537,3769,2021-02-23 15:10:00,RARE
138.08,138.46,136.58,137.315,4575,2021-02-23 15:15:00,RARE
137.365,138.19,136.87,137.46,3396,2021-02-23 15:20:00,RARE
138.23,139.25,137.785,138.76,2200,2021-02-23 15:25:00,RARE
138.095,138.34,136.97,137.195,3400,2021-02-23 15:30:00,RARE
137.5448,137.5448,135.81,136.53,7713,2021-02-23 15:35:00,RARE
136.55,138.05,136.35,137.495,21400,2021-02-23 15:40:00,RARE
137.52,138.785,137.52,138.785,3800,2021-02-23 15:45:00,RARE
138.235,138.53,137.75,137.975,1400,2021-02-23 15:50:00,RARE
138.02,138.07,136.51,136.85,5055,2021-02-23 15:55:00,RARE
136.755,137.13,136.5,136.995,3765,2021-02-23 16:00:00,RARE
136.78,137.3,136.61,137.3,5400,2021-02-23 16:05:00,RARE
137.43,137.43,136.79,136.96,533,2021-02-23 16:10:00,RARE
137.04,137.24,136.72,136.75,2801,2021-02-23 16:15:00,RARE
136.715,136.92,136.47,136.645,5734,2021-02-23 16:20:00,RARE
136.71,136.8918,136.39,136.715,1013,2021-02-23 16:25:00,RARE
136.7375,137.66,136.715,137.515,1600,2021-02-23 16:30:00,RARE
137.81,137.97,136.69,136.75,2412,2021-02-23 16:35:00,RARE
136.685,136.75,136.25,136.49,2786,2021-02-23 16:40:00,RARE
136.75,136.86,136.145,136.71,4569,2021-02-23 16:45:00,RARE
136.555,137.2,136.555,136.75,1520,2021-02-23 16:50:00,RARE
136.62,136.91,136.51,136.89,3600,2021-02-23 16:55:00,RARE
136.68,137.95,136.09,137.565,12900,2021-02-23 17:00:00,RARE
137.05,137.125,136.41,136.465,2600,2021-02-23 17:05:00,RARE
136.615,136.78,136.365,136.37,2100,2021-02-23 17:10:00,RARE
136.62,136.96,136.02,136.96,1800,2021-02-23 17:15:00,RARE
136.875,137.075,136.57,137.075,1000,2021-02-23 17:20:00,RARE
137.07,137.235,136.82,137.235,700,2021-02-23 17:25:00,RARE
137.2,137.625,137.2,137.28,1691,2021-02-23 17:30:00,RARE
136.74,136.8,136.375,136.54,1503,2021-02-23 17:35:00,RARE
136.55,136.83,136.55,136.83,1826,2021-02-23 17:40:00,RARE
136.55,137.39,136.33,137.39,1400,2021-02-23 17:45:00,RARE
137.15,137.59,136.9,137.4,1301,2021-02-23 17:50:00,RARE
137.57,137.66,137.08,137.32,1900,2021-02-23 17:55:00,RARE
136.97,137.59,136.57,137.25,2075,2021-02-23 18:00:00,RARE
137.34,137.395,137.315,137.315,400,2021-02-23 18:05:00,RARE
137.64,138.01,137.38,138.01,1400,2021-02-23 18:10:00,RARE
138.04,138.2,138.03,138.2,5019,2021-02-23 18:15:00,RARE
138.3,138.75,138.19,138.75,1500,2021-02-23 18:20:00,RARE
138.61,139.14,138.61,139.05,1000,2021-02-23 18:25:00,RARE
139.115,139.12,138.65,139.12,2305,2021-02-23 18:30:00,RARE
139.06,139.25,138.84,139.07,900,2021-02-23 18:35:00,RARE
139.045,139.045,137.695,137.94,2677,2021-02-23 18:40:00,RARE
138.59,138.59,138.08,138.33,900,2021-02-23 18:45:00,RARE
137.87,138.56,137.87,138.56,1200,2021-02-23 18:50:00,RARE
138.62,139.02,138.62,139.02,600,2021-02-23 18:55:00,RARE
138.71,138.86,138.4,138.4,700,2021-02-23 19:00:00,RARE
138.33,139.01,138.33,138.83,900,2021-02-23 19:05:00,RARE
138.64,138.72,138.19,138.62,2600,2021-02-23 19:10:00,RARE
138.67,138.67,138.27,138.4,700,2021-02-23 19:15:00,RARE
138.19,138.98,138.19,138.87,2631,2021-02-23 19:20:00,RARE
138.97,139.95,138.93,139.95,2400,2021-02-23 19:25:00,RARE
139.64,139.84,139.63,139.69,1012,2021-02-23 19:30:00,RARE
139.37,139.37,138.87,139.12,800,2021-02-23 19:35:00,RARE
138.77,139.22,138.425,139.07,2500,2021-02-23 19:40:00,RARE
138.82,139.19,138.63,138.85,1700,2021-02-23 19:45:00,RARE
138.99,139.4,138.82,139.3,1318,2021-02-23 19:50:00,RARE
139.37,139.64,138.98,139.585,700,2021-02-23 19:55:00,RARE
139.66,139.98,139.27,139.98,1300,2021-02-23 20:00:00,RARE
139.92,140.66,139.92,140.605,1463,2021-02-23 20:05:00,RARE
141.11,141.35,140.85,141.27,1600,2021-02-23 20:10:00,RARE
140.965,141.75,140.965,141.29,5787,2021-02-23 20:15:00,RARE
141.32,141.8,141.32,141.8,2400,2021-02-23 20:20:00,RARE
141.92,142.6,141.92,142.025,3400,2021-02-23 20:25:00,RARE
142.28,142.56,141.63,141.755,1700,2021-02-23 20:30:00,RARE
141.49,142.36,141.49,142.085,3500,2021-02-23 20:35:00,RARE
142.15,142.33,141.37,141.79,3500,2021-02-23 20:40:00,RARE
141.66,142.04,141.66,141.875,3900,2021-02-23 20:45:00,RARE
141.5,141.51,140.16,140.16,12914,2021-02-23 20:50:00,RARE
140.16,140.54,139.53,140.29,13701,2021-02-23 20:55:00,RARE
140.22,140.22,140.22,140.22,43539,2021-02-23 21:00:00,RARE
140.22,140.22,140.22,140.22,4822,2021-02-23 22:10:00,RARE
140.0,142.93,139.39,139.39,4156,2021-02-24 14:30:00,RARE
140.29,141.05,139.74,140.16,2119,2021-02-24 14:40:00,RARE
141.12,141.22,139.705,140.06,8362,2021-02-24 14:45:00,RARE
139.54,139.54,138.73,139.12,1405,2021-02-24 14:50:00,RARE
139.5,140.0,139.24,139.24,1100,2021-02-24 14:55:00,RARE
139.315,139.63,138.99,139.115,1942,2021-02-24 15:00:00,RARE
138.45,138.53,138.2,138.52,547,2021-02-24 15:05:00,RARE
138.035,138.035,137.53,137.905,670,2021-02-24 15:10:00,RARE
138.525,138.525,138.525,138.525,101,2021-02-24 15:15:00,RARE
138.62,138.77,138.13,138.44,1500,2021-02-24 15:20:00,RARE
138.89,138.9,138.77,138.77,586,2021-02-24 15:25:00,RARE
138.86,139.55,138.53,139.325,2368,2021-02-24 15:30:00,RARE
139.38,139.705,139.38,139.705,605,2021-02-24 15:35:00,RARE
139.82,140.055,139.63,140.0,2560,2021-02-24 15:40:00,RARE
140.0,140.21,139.71,139.95,1800,2021-02-24 15:45:00,RARE
139.6013,140.13,139.6013,140.13,1238,2021-02-24 15:50:00,RARE
139.79,140.42,139.79,140.29,6311,2021-02-24 15:55:00,RARE
140.39,141.06,140.21,140.67,5989,2021-02-24 16:00:00,RARE
140.65,140.98,140.42,140.8,6867,2021-02-24 16:05:00,RARE
140.67,141.05,140.49,140.81,1100,2021-02-24 16:10:00,RARE
141.23,141.51,140.955,141.395,3678,2021-02-24 16:15:00,RARE
141.965,142.33,141.965,142.33,1170,2021-02-24 16:20:00,RARE
142.5,142.5,142.01,142.025,803,2021-02-24 16:25:00,RARE
142.275,142.275,141.83,142.02,1434,2021-02-24 16:30:00,RARE
141.93,142.36,141.59,141.84,1192,2021-02-24 16:35:00,RARE
141.76,141.76,140.91,140.91,1300,2021-02-24 16:40:00,RARE
141.235,141.41,141.235,141.41,400,2021-02-24 16:45:00,RARE
141.6,142.15,141.51,141.92,1700,2021-02-24 16:50:00,RARE
142.0333,142.94,142.025,142.7,1100,2021-02-24 16:55:00,RARE
142.725,143.15,142.69,142.94,4911,2021-02-24 17:00:00,RARE
142.76,142.76,142.5,142.55,600,2021-02-24 17:05:00,RARE
142.52,142.54,142.14,142.48,1400,2021-02-24 17:10:00,RARE
142.5,142.71,142.5,142.62,400,2021-02-24 17:15:00,RARE
142.85,142.88,142.615,142.615,1200,2021-02-24 17:20:00,RARE
142.82,142.82,142.51,142.51,545,2021-02-24 17:25:00,RARE
142.665,142.665,142.53,142.6,700,2021-02-24 17:30:00,RARE
142.47,142.47,142.34,142.345,800,2021-02-24 17:35:00,RARE
142.54,142.56,142.18,142.18,1000,2021-02-24 17:40:00,RARE
142.1803,142.37,141.71,141.71,1017,2021-02-24 17:45:00,RARE
141.96,142.42,141.94,142.04,900,2021-02-24 17:50:00,RARE
142.2392,142.2392,141.5,141.62,1300,2021-02-24 17:55:00,RARE
141.43,141.43,141.1282,141.21,900,2021-02-24 18:00:00,RARE
140.94,141.86,140.94,141.52,500,2021-02-24 18:05:00,RARE
141.75,142.6499,141.75,142.6499,678,2021-02-24 18:10:00,RARE
142.19,142.19,141.97,142.03,800,2021-02-24 18:15:00,RARE
141.9,142.12,141.9,142.1,674,2021-02-24 18:20:00,RARE
142.41,142.57,142.41,142.57,600,2021-02-24 18:25:00,RARE
142.92,142.96,142.7605,142.7605,600,2021-02-24 18:30:00,RARE
142.99,143.61,142.86,143.6,1900,2021-02-24 18:35:00,RARE
143.65,144.0,143.01,143.99,28341,2021-02-24 18:40:00,RARE
143.94,143.94,143.4,143.4,992,2021-02-24 18:45:00,RARE
143.515,143.7,143.5,143.68,600,2021-02-24 18:50:00,RARE
143.58,143.71,143.58,143.71,300,2021-02-24 18:55:00,RARE
143.2,143.295,142.5,142.5,1500,2021-02-24 19:05:00,RARE
143.09,143.09,142.56,142.56,200,2021-02-24 19:10:00,RARE
143.14,143.15,142.83,143.01,700,2021-02-24 19:15:00,RARE
143.18,143.52,143.18,143.35,1100,2021-02-24 19:20:00,RARE
143.33,143.45,143.225,143.45,300,2021-02-24 19:25:00,RARE
143.0,143.36,143.0,143.065,300,2021-02-24 19:30:00,RARE
142.91,142.94,142.91,142.94,200,2021-02-24 19:35:00,RARE
143.02,143.45,142.85,142.85,900,2021-02-24 19:40:00,RARE
142.61,142.69,142.6,142.65,1000,2021-02-24 19:45:00,RARE
142.27,142.5,142.27,142.5,200,2021-02-24 19:50:00,RARE
142.41,142.67,142.37,142.37,300,2021-02-24 19:55:00,RARE
142.11,142.87,142.11,142.14,1038,2021-02-24 20:00:00,RARE
142.52,142.52,142.16,142.16,200,2021-02-24 20:05:00,RARE
142.23,142.23,142.09,142.14,500,2021-02-24 20:10:00,RARE
142.02,142.11,141.48,141.83,1302,2021-02-24 20:15:00,RARE
141.87,141.96,141.62,141.96,700,2021-02-24 20:20:00,RARE
141.56,142.39,141.48,142.39,400,2021-02-24 20:25:00,RARE
142.06,142.51,142.06,142.51,700,2021-02-24 20:30:00,RARE
142.555,142.84,142.5,142.84,900,2021-02-24 20:35:00,RARE
142.69,142.8,142.625,142.76,600,2021-02-24 20:40:00,RARE
142.67,142.89,142.67,142.685,600,2021-02-24 20:45:00,RARE
142.555,142.72,142.15,142.43,2234,2021-02-24 20:50:00,RARE
142.43,143.02,141.94,143.02,14452,2021-02-24 20:55:00,RARE
142.73,142.73,142.73,142.73,32856,2021-02-24 21:00:00,RARE
142.73,142.73,142.73,142.73,210,2021-02-24 21:05:00,RARE
142.73,142.73,142.73,142.73,4400,2021-02-24 21:30:00,RARE
142.55,142.56,142.26,142.405,2546,2021-02-25 14:30:00,RARE
144.09,144.35,143.94,143.96,900,2021-02-25 14:40:00,RARE
144.62,145.0,143.47,144.8894,18868,2021-02-25 14:45:00,RARE
144.84,146.44,144.53,146.44,20587,2021-02-25 14:50:00,RARE
146.43,146.43,146.25,146.25,375,2021-02-25 14:55:00,RARE
146.0,146.05,145.36,145.48,1026,2021-02-25 15:00:00,RARE
144.85,145.42,144.78,144.78,500,2021-02-25 15:05:00,RARE
144.515,145.01,144.515,144.58,523,2021-02-25 15:10:00,RARE
144.37,145.85,144.37,145.77,1900,2021-02-25 15:15:00,RARE
145.81,146.91,145.27,145.27,1570,2021-02-25 15:20:00,RARE
145.3717,145.3717,143.81,144.49,8327,2021-02-25 15:25:00,RARE
144.84,145.36,144.08,145.36,2263,2021-02-25 15:30:00,RARE
144.54,144.95,144.54,144.76,556,2021-02-25 15:35:00,RARE
144.66,144.67,144.34,144.67,300,2021-02-25 15:40:00,RARE
144.25,144.25,143.555,143.555,2892,2021-02-25 15:45:00,RARE
143.45,143.81,143.31,143.81,700,2021-02-25 15:50:00,RARE
143.81,144.41,143.61,144.36,800,2021-02-25 15:55:00,RARE
144.5,144.94,144.5,144.575,500,2021-02-25 16:00:00,RARE
144.1,144.18,144.1,144.125,300,2021-02-25 16:05:00,RARE
144.37,144.72,144.36,144.435,5173,2021-02-25 16:10:00,RARE
144.74,144.74,144.74,144.74,100,2021-02-25 16:15:00,RARE
144.46,144.93,144.46,144.93,200,2021-02-25 16:20:00,RARE
144.55,144.55,144.19,144.19,600,2021-02-25 16:25:00,RARE
144.64,144.805,144.4524,144.505,476,2021-02-25 16:30:00,RARE
144.16,144.27,143.7,144.07,3131,2021-02-25 16:35:00,RARE
143.74,143.97,143.735,143.97,1427,2021-02-25 16:40:00,RARE
143.455,143.455,142.8,142.995,2300,2021-02-25 16:45:00,RARE
142.885,143.09,142.885,143.09,200,2021-02-25 16:50:00,RARE
143.555,143.555,143.0,143.11,1939,2021-02-25 16:55:00,RARE
143.025,143.57,142.72,142.75,7746,2021-02-25 17:00:00,RARE
142.13,142.335,142.13,142.335,900,2021-02-25 17:05:00,RARE
142.39,142.75,142.01,142.685,800,2021-02-25 17:10:00,RARE
142.4,142.63,142.4,142.63,200,2021-02-25 17:15:00,RARE
142.07,142.07,141.66,141.8685,600,2021-02-25 17:20:00,RARE
141.58,141.58,140.69,140.69,400,2021-02-25 17:25:00,RARE
140.58,140.58,140.07,140.135,1419,2021-02-25 17:30:00,RARE
139.85,140.28,139.785,140.28,1576,2021-02-25 17:35:00,RARE
140.81,140.81,140.28,140.28,1800,2021-02-25 17:40:00,RARE
140.54,140.65,140.11,140.11,3448,2021-02-25 17:45:00,RARE
140.05,140.05,139.19,139.19,530,2021-02-25 17:50:00,RARE
139.03,139.03,138.1,138.67,1000,2021-02-25 17:55:00,RARE
138.36,140.0,138.36,140.0,1869,2021-02-25 18:00:00,RARE
139.99,140.11,139.55,140.11,1500,2021-02-25 18:05:00,RARE
140.42,140.66,140.075,140.66,1780,2021-02-25 18:10:00,RARE
140.27,140.63,140.0,140.52,8061,2021-02-25 18:15:00,RARE
140.41,140.64,139.79,140.0,4972,2021-02-25 18:20:00,RARE
139.63,140.26,139.46,139.79,2200,2021-02-25 18:25:00,RARE
139.63,139.63,138.87,139.05,1100,2021-02-25 18:30:00,RARE
138.525,139.73,138.525,139.73,700,2021-02-25 18:35:00,RARE
139.37,140.06,139.37,140.06,900,2021-02-25 18:40:00,RARE
139.69,140.0,139.63,139.63,800,2021-02-25 18:45:00,RARE
139.64,139.64,139.04,139.04,200,2021-02-25 18:55:00,RARE
139.04,139.685,139.03,139.685,700,2021-02-25 19:00:00,RARE
140.0,140.28,139.57,140.085,2703,2021-02-25 19:05:00,RARE
140.0,140.82,140.0,140.37,1529,2021-02-25 19:10:00,RARE
140.23,140.435,140.13,140.35,2620,2021-02-25 19:15:00,RARE
140.57,140.59,139.88,139.88,1442,2021-02-25 19:20:00,RARE
139.79,140.02,139.68,139.91,2101,2021-02-25 19:25:00,RARE
139.77,140.27,139.77,140.0,2517,2021-02-25 19:30:00,RARE
139.97,139.97,139.52,139.52,758,2021-02-25 19:35:00,RARE
139.255,139.69,139.255,139.33,600,2021-02-25 19:40:00,RARE
139.72,139.97,139.64,139.96,614,2021-02-25 19:45:00,RARE
139.73,139.93,139.64,139.64,300,2021-02-25 19:50:00,RARE
139.345,139.4,139.31,139.4,400,2021-02-25 19:55:00,RARE
139.56,139.63,139.18,139.18,700,2021-02-25 20:00:00,RARE
139.32,139.32,139.02,139.07,400,2021-02-25 20:05:00,RARE
138.8,138.8,138.365,138.365,500,2021-02-25 20:10:00,RARE
138.35,138.43,138.0,138.245,1850,2021-02-25 20:15:00,RARE
138.49,138.59,138.03,138.14,400,2021-02-25 20:20:00,RARE
137.87,138.5,137.525,137.625,500,2021-02-25 20:25:00,RARE
137.43,138.2,137.21,137.8,1500,2021-02-25 20:30:00,RARE
136.9433,137.03,136.6,136.82,2434,2021-02-25 20:35:00,RARE
137.04,137.27,136.43,137.2,1502,2021-02-25 20:40:00,RARE
137.73,137.99,137.06,137.14,6108,2021-02-25 20:45:00,RARE
137.11,137.34,136.49,136.61,6313,2021-02-25 20:50:00,RARE
137.14,137.16,136.18,136.42,11188,2021-02-25 20:55:00,RARE
136.25,136.25,136.25,136.25,31110,2021-02-25 21:00:00,RARE
138.06,140.91,138.06,138.74,6168,2021-02-26 14:30:00,RARE
138.63,140.25,138.28,140.25,817,2021-02-26 14:35:00,RARE
140.84,142.03,140.24,140.93,800,2021-02-26 14:40:00,RARE
140.31,140.31,138.46,138.56,2430,2021-02-26 14:45:00,RARE
138.13,138.15,136.76,137.505,1700,2021-02-26 14:50:00,RARE
136.88,137.445,136.01,136.52,4260,2021-02-26 14:55:00,RARE
135.39,137.2,135.39,137.2,1300,2021-02-26 15:00:00,RARE
136.655,136.805,135.265,135.57,500,2021-02-26 15:05:00,RARE
135.07,136.26,134.53,136.07,800,2021-02-26 15:10:00,RARE
135.48,136.67,134.95,134.95,3958,2021-02-26 15:15:00,RARE
135.3,135.8,135.3,135.42,700,2021-02-26 15:20:00,RARE
135.645,136.26,134.96,135.21,1343,2021-02-26 15:25:00,RARE
135.35,136.035,135.23,135.97,1000,2021-02-26 15:30:00,RARE
136.16,137.25,135.69,137.25,5541,2021-02-26 15:35:00,RARE
137.19,137.79,137.19,137.37,400,2021-02-26 15:40:00,RARE
137.47,138.38,137.41,138.2,2986,2021-02-26 15:45:00,RARE
138.16,138.43,137.4,137.67,3493,2021-02-26 15:50:00,RARE
137.19,138.06,137.14,137.815,51037,2021-02-26 15:55:00,RARE
138.02,138.49,137.84,138.37,1100,2021-02-26 16:00:00,RARE
138.61,138.805,138.51,138.805,1624,2021-02-26 16:05:00,RARE
138.85,139.1,138.32,138.35,700,2021-02-26 16:10:00,RARE
138.46,138.46,137.68,137.68,1873,2021-02-26 16:15:00,RARE
137.42,137.95,137.42,137.86,1200,2021-02-26 16:20:00,RARE
138.01,138.2,137.87,137.87,3618,2021-02-26 16:25:00,RARE
138.1,138.38,138.1,138.38,2033,2021-02-26 16:30:00,RARE
138.47,138.5,138.35,138.47,1424,2021-02-26 16:35:00,RARE
138.8,138.8,138.15,138.15,1609,2021-02-26 16:40:00,RARE
138.06,138.44,137.92,138.44,1800,2021-02-26 16:45:00,RARE
138.54,138.54,138.285,138.285,300,2021-02-26 16:50:00,RARE
138.19,138.9,138.19,138.8,1449,2021-02-26 16:55:00,RARE
138.94,139.1,138.94,139.0,701,2021-02-26 17:00:00,RARE
138.85,139.24,138.71,139.24,1700,2021-02-26 17:05:00,RARE
139.19,139.47,139.19,139.44,1600,2021-02-26 17:10:00,RARE
139.53,139.78,139.53,139.58,600,2021-02-26 17:15:00,RARE
139.71,140.14,139.69,140.13,700,2021-02-26 17:20:00,RARE
139.97,139.97,139.33,139.64,1000,2021-02-26 17:25:00,RARE
139.99,140.16,139.86,140.16,500,2021-02-26 17:30:00,RARE
140.26,140.31,140.115,140.25,900,2021-02-26 17:35:00,RARE
140.12,140.42,140.05,140.11,1600,2021-02-26 17:40:00,RARE
140.08,140.31,139.97,140.04,1100,2021-02-26 17:45:00,RARE
140.39,141.23,140.27,140.96,1997,2021-02-26 17:50:00,RARE
140.61,140.92,140.025,140.09,700,2021-02-26 17:55:00,RARE
140.31,140.31,139.62,140.09,600,2021-02-26 18:00:00,RARE
139.9,140.22,139.9,140.22,520,2021-02-26 18:05:00,RARE
140.18,140.5,140.18,140.5,500,2021-02-26 18:10:00,RARE
140.48,141.06,140.48,141.06,1042,2021-02-26 18:15:00,RARE
141.155,141.155,141.155,141.155,100,2021-02-26 18:20:00,RARE
141.07,141.19,141.05,141.19,1300,2021-02-26 18:25:00,RARE
140.73,140.73,140.05,140.1123,1538,2021-02-26 18:30:00,RARE
139.62,139.62,139.62,139.62,100,2021-02-26 18:35:00,RARE
139.81,139.91,139.81,139.91,600,2021-02-26 18:40:00,RARE
140.405,140.405,139.92,140.19,1100,2021-02-26 18:45:00,RARE
140.11,140.16,139.84,140.16,500,2021-02-26 18:50:00,RARE
140.09,140.695,140.09,140.205,1830,2021-02-26 18:55:00,RARE
140.275,140.275,140.05,140.05,400,2021-02-26 19:00:00,RARE
140.02,140.29,139.74,140.05,4643,2021-02-26 19:05:00,RARE
139.94,140.08,139.38,140.08,1065,2021-02-26 19:10:00,RARE
140.13,140.16,138.97,138.97,1300,2021-02-26 19:15:00,RARE
138.97,138.97,138.93,138.93,200,2021-02-26 19:20:00,RARE
139.2,139.61,138.97,139.56,900,2021-02-26 19:25:00,RARE
139.485,140.6,139.4,140.6,4042,2021-02-26 19:30:00,RARE
140.61,141.02,140.11,140.57,1800,2021-02-26 19:35:00,RARE
140.58,140.805,140.57,140.62,700,2021-02-26 19:40:00,RARE
140.34,140.34,140.095,140.22,465,2021-02-26 19:45:00,RARE
140.265,140.265,140.05,140.05,200,2021-02-26 19:50:00,RARE
139.79,139.92,139.55,139.92,1070,2021-02-26 19:55:00,RARE
139.92,140.51,139.84,140.51,1600,2021-02-26 20:00:00,RARE
140.54,140.93,140.35,140.93,1300,2021-02-26 20:05:00,RARE
141.06,141.06,140.54,140.745,900,2021-02-26 20:10:00,RARE
140.88,141.14,140.83,141.0,1700,2021-02-26 20:15:00,RARE
140.83,140.84,140.54,140.84,1100,2021-02-26 20:20:00,RARE
140.63,140.85,140.63,140.85,600,2021-02-26 20:25:00,RARE
140.74,141.18,140.43,140.935,3112,2021-02-26 20:30:00,RARE
140.914,141.76,140.914,141.76,2290,2021-02-26 20:35:00,RARE
141.99,142.05,141.73,141.81,2278,2021-02-26 20:40:00,RARE
142.06,142.29,141.84,142.19,2570,2021-02-26 20:45:00,RARE
142.19,142.19,141.55,141.845,4714,2021-02-26 20:50:00,RARE
141.75,142.26,141.23,141.23,15331,2021-02-26 20:55:00,RARE
141.54,141.54,141.54,141.54,116149,2021-02-26 21:00:00,RARE
141.54,141.54,141.54,141.54,6025,2021-02-26 21:10:00,RARE
142.64,143.5999,142.43,143.155,6561,2021-03-01 14:30:00,RARE
143.61,145.0,143.08,143.47,3371,2021-03-01 14:35:00,RARE
143.63,144.95,143.1,144.84,2920,2021-03-01 14:40:00,RARE
144.3,144.475,143.79,143.82,1100,2021-03-01 14:45:00,RARE
143.01,143.01,141.61,141.615,2075,2021-03-01 14:50:00,RARE
141.595,141.67,140.81,140.81,1474,2021-03-01 14:55:00,RARE
141.345,141.9,141.345,141.9,1200,2021-03-01 15:00:00,RARE
142.31,142.65,141.73,141.73,1700,2021-03-01 15:05:00,RARE
142.24,142.26,142.03,142.26,394,2021-03-01 15:10:00,RARE
142.64,142.67,142.64,142.64,500,2021-03-01 15:15:00,RARE
143.11,143.11,142.375,142.375,809,2021-03-01 15:20:00,RARE
142.47,142.47,142.02,142.02,600,2021-03-01 15:25:00,RARE
141.55,141.55,141.32,141.32,200,2021-03-01 15:30:00,RARE
141.2794,141.92,141.2794,141.78,800,2021-03-01 15:35:00,RARE
141.55,142.01,141.3176,142.01,949,2021-03-01 15:40:00,RARE
142.01,142.03,141.75,141.75,400,2021-03-01 15:45:00,RARE
141.65,142.52,141.62,142.52,1515,2021-03-01 15:50:00,RARE
142.318,142.505,141.85,141.85,6424,2021-03-01 15:55:00,RARE
141.84,142.18,141.66,142.18,1344,2021-03-01 16:00:00,RARE
141.5,141.72,141.435,141.5,750,2021-03-01 16:05:00,RARE
141.43,141.43,140.78,140.78,998,2021-03-01 16:10:00,RARE
140.65,141.06,140.53,140.68,1200,2021-03-01 16:15:00,RARE
140.41,140.68,140.36,140.36,1627,2021-03-01 16:20:00,RARE
140.16,140.29,139.87,140.22,4177,2021-03-01 16:25:00,RARE
140.42,141.5,140.32,141.5,1600,2021-03-01 16:30:00,RARE
141.52,141.92,141.52,141.58,700,2021-03-01 16:35:00,RARE
141.57,141.68,141.35,141.68,500,2021-03-01 16:40:00,RARE
141.82,141.91,141.77,141.91,800,2021-03-01 16:45:00,RARE
142.125,142.48,142.125,142.48,766,2021-03-01 16:50:00,RARE
142.03,142.29,142.03,142.21,300,2021-03-01 16:55:00,RARE
142.17,142.17,141.18,141.18,500,2021-03-01 17:00:00,RARE
141.41,141.81,141.36,141.59,2800,2021-03-01 17:05:00,RARE
141.52,141.77,141.52,141.77,600,2021-03-01 17:10:00,RARE
141.7,141.73,141.24,141.73,1200,2021-03-01 17:15:00,RARE
141.595,141.8475,141.595,141.8475,600,2021-03-01 17:20:00,RARE
141.79,141.96,141.79,141.95,700,2021-03-01 17:25:00,RARE
141.89,142.37,141.89,142.37,860,2021-03-01 17:30:00,RARE
142.345,142.36,142.2,142.215,1100,2021-03-01 17:35:00,RARE
142.2,142.22,142.02,142.13,500,2021-03-01 17:40:00,RARE
142.09,142.49,142.01,142.49,1400,2021-03-01 17:45:00,RARE
142.75,142.87,142.64,142.83,900,2021-03-01 17:50:00,RARE
142.87,142.87,141.99,142.3,1375,2021-03-01 17:55:00,RARE
142.41,142.6,142.331,142.45,1100,2021-03-01 18:00:00,RARE
142.54,142.56,142.39,142.39,410,2021-03-01 18:05:00,RARE
142.4,142.46,142.125,142.125,1005,2021-03-01 18:10:00,RARE
142.02,142.31,142.02,142.31,1200,2021-03-01 18:15:00,RARE
142.35,142.59,142.3038,142.3038,1320,2021-03-01 18:20:00,RARE
142.37,142.61,142.37,142.61,500,2021-03-01 18:25:00,RARE
142.82,142.92,142.79,142.88,600,2021-03-01 18:30:00,RARE
143.03,143.08,142.67,142.88,2349,2021-03-01 18:35:00,RARE
142.89,143.1,142.89,142.94,1216,2021-03-01 18:40:00,RARE
142.84,142.87,142.62,142.78,1241,2021-03-01 18:45:00,RARE
142.62,142.62,142.39,142.39,200,2021-03-01 18:50:00,RARE
142.47,142.63,142.2,142.63,700,2021-03-01 18:55:00,RARE
142.58,142.6,142.0855,142.0855,1103,2021-03-01 19:00:00,RARE
142.19,142.2,141.99,141.99,700,2021-03-01 19:05:00,RARE
141.97,142.2,141.97,142.2,400,2021-03-01 19:10:00,RARE
142.12,142.12,141.83,141.83,500,2021-03-01 19:15:00,RARE
141.83,141.83,140.96,140.96,2691,2021-03-01 19:20:00,RARE
140.85,140.88,140.84,140.86,800,2021-03-01 19:25:00,RARE
141.15,141.28,140.92,141.11,1600,2021-03-01 19:30:00,RARE
141.25,141.3,141.12,141.14,700,2021-03-01 19:35:00,RARE
141.044,141.3489,140.98,141.12,3250,2021-03-01 19:40:00,RARE
141.07,141.29,141.07,141.19,1200,2021-03-01 19:45:00,RARE
141.29,141.29,141.2,141.235,300,2021-03-01 19:50:00,RARE
141.12,141.14,141.01,141.02,600,2021-03-01 19:55:00,RARE
140.88,141.085,140.86,141.085,800,2021-03-01 20:00:00,RARE
141.0,141.0,140.7,140.86,1100,2021-03-01 20:05:00,RARE
140.57,140.65,140.3,140.3,1200,2021-03-01 20:10:00,RARE
140.39,140.73,140.3,140.58,2400,2021-03-01 20:15:00,RARE
140.585,140.73,140.42,140.575,2140,2021-03-01 20:20:00,RARE
140.75,141.1,140.73,141.1,4255,2021-03-01 20:25:00,RARE
141.24,141.985,141.24,141.98,2279,2021-03-01 20:30:00,RARE
142.21,142.31,142.08,142.08,2273,2021-03-01 20:35:00,RARE
142.18,142.29,141.66,141.715,2695,2021-03-01 20:40:00,RARE
141.6,142.02,141.6,141.84,2142,2021-03-01 20:45:00,RARE
141.82,142.56,141.7,142.53,6268,2021-03-01 20:50:00,RARE
142.54,142.68,142.09,142.59,17626,2021-03-01 20:55:00,RARE
142.47,142.47,142.47,142.47,49258,2021-03-01 21:00:00,RARE
142.6,142.6,142.6,142.6,200,2021-03-01 21:05:00,RARE
143.0,143.0,143.0,143.0,180,2021-03-02 00:25:00,RARE
139.51,141.8,134.41,138.67,1700,2021-03-02 14:25:00,RARE
138.16,141.02,138.16,139.96,28425,2021-03-02 14:30:00,RARE
139.07,141.35,138.8,141.35,600,2021-03-02 14:35:00,RARE
141.72,142.08,141.54,142.08,700,2021-03-02 14:40:00,RARE
142.6,143.01,141.36,141.7,9701,2021-03-02 14:45:00,RARE
141.7,142.9,141.7,142.9,6649,2021-03-02 14:50:00,RARE
143.0,143.68,142.6606,143.68,1080,2021-03-02 14:55:00,RARE
143.68,144.28,143.0,144.28,1738,2021-03-02 15:00:00,RARE
143.87,144.33,143.75,144.13,1300,2021-03-02 15:05:00,RARE
143.77,143.77,142.87,142.87,600,2021-03-02 15:10:00,RARE
142.87,143.595,142.87,143.59,1231,2021-03-02 15:15:00,RARE
143.27,143.27,142.955,143.26,2200,2021-03-02 15:20:00,RARE
142.895,143.23,142.895,143.07,600,2021-03-02 15:25:00,RARE
143.31,144.0,143.31,144.0,300,2021-03-02 15:30:00,RARE
144.29,144.29,143.98,144.07,700,2021-03-02 15:35:00,RARE
143.98,143.98,143.2,143.86,600,2021-03-02 15:40:00,RARE
143.77,143.93,143.77,143.93,501,2021-03-02 15:45:00,RARE
144.2196,144.2196,144.2196,144.2196,117,2021-03-02 15:50:00,RARE
144.75,144.75,143.6583,143.6583,678,2021-03-02 15:55:00,RARE
143.62,144.32,143.62,144.32,710,2021-03-02 16:00:00,RARE
144.13,144.35,144.13,144.26,300,2021-03-02 16:05:00,RARE
144.03,144.03,143.66,143.66,650,2021-03-02 16:10:00,RARE
143.69,143.8,143.0,143.8,1620,2021-03-02 16:15:00,RARE
143.675,143.71,143.38,143.64,600,2021-03-02 16:20:00,RARE
143.33,144.15,143.035,143.86,1433,2021-03-02 16:25:00,RARE
143.96,143.96,143.11,143.11,962,2021-03-02 16:30:00,RARE
143.42,143.42,142.945,143.27,400,2021-03-02 16:35:00,RARE
142.79,142.79,142.35,142.35,600,2021-03-02 16:40:00,RARE
142.57,143.15,142.32,142.95,1739,2021-03-02 16:45:00,RARE
142.49,143.06,142.32,143.06,600,2021-03-02 16:50:00,RARE
143.23,143.55,143.23,143.29,2500,2021-03-02 16:55:00,RARE
143.14,143.205,142.88,143.205,1090,2021-03-02 17:00:00,RARE
143.01,143.215,143.01,143.18,3101,2021-03-02 17:05:00,RARE
143.17,144.04,143.17,143.8,7386,2021-03-02 17:10:00,RARE
144.0,144.76,143.885,144.5,5482,2021-03-02 17:15:00,RARE
144.595,144.595,143.8706,144.09,3084,2021-03-02 17:20:00,RARE
143.92,144.175,143.8593,144.0,2443,2021-03-02 17:25:00,RARE
143.995,144.07,143.57,143.57,1072,2021-03-02 17:30:00,RARE
143.4751,143.8,143.455,143.8,1631,2021-03-02 17:35:00,RARE
143.67,143.8285,143.67,143.8285,200,2021-03-02 17:40:00,RARE
143.675,143.675,143.44,143.44,600,2021-03-02 17:45:00,RARE
143.44,143.725,143.44,143.6,1494,2021-03-02 17:50:00,RARE
143.34,143.985,143.33,143.985,3231,2021-03-02 17:55:00,RARE
144.25,144.25,143.96,144.1,2662,2021-03-02 18:00:00,RARE
144.255,144.38,144.24,144.38,300,2021-03-02 18:05:00,RARE
144.41,144.44,144.05,144.33,1611,2021-03-02 18:10:00,RARE
144.52,144.52,144.13,144.15,605,2021-03-02 18:15:00,RARE
144.005,144.33,143.955,144.33,1324,2021-03-02 18:20:00,RARE
144.05,144.19,144.01,144.19,1100,2021-03-02 18:25:00,RARE
144.03,144.32,143.59,144.0,6605,2021-03-02 18:30:00,RARE
143.85,144.1,143.65,144.1,5957,2021-03-02 18:35:00,RARE
143.99,144.08,143.74,144.08,304,2021-03-02 18:40:00,RARE
143.94,144.1,143.92,143.96,900,2021-03-02 18:45:00,RARE
143.925,144.0,143.84,143.84,300,2021-03-02 18:50:00,RARE
143.915,144.0,143.79,144.0,700,2021-03-02 18:55:00,RARE
144.0,144.23,143.84,143.88,1545,2021-03-02 19:00:00,RARE
143.86,144.09,143.27,143.59,8388,2021-03-02 19:05:00,RARE
143.23,143.28,142.8003,142.8003,3916,2021-03-02 19:10:00,RARE
142.87,142.87,142.6,142.6,400,2021-03-02 19:15:00,RARE
142.32,143.22,142.32,143.22,1970,2021-03-02 19:20:00,RARE
143.05,143.05,142.93,142.93,300,2021-03-02 19:25:00,RARE
142.53,142.54,142.32,142.39,1305,2021-03-02 19:30:00,RARE
142.39,142.54,142.34,142.52,600,2021-03-02 19:35:00,RARE
142.69,142.69,142.33,142.33,200,2021-03-02 19:40:00,RARE
142.205,142.44,142.205,142.44,600,2021-03-02 19:45:00,RARE
142.53,143.1,142.4,143.1,2846,2021-03-02 19:50:00,RARE
143.24,144.0,143.225,143.28,6909,2021-03-02 19:55:00,RARE
143.3691,143.54,143.3691,143.4605,978,2021-03-02 20:00:00,RARE
143.55,143.72,143.5,143.69,700,2021-03-02 20:05:00,RARE
143.78,143.78,142.94,142.94,1805,2021-03-02 20:10:00,RARE
143.095,143.13,142.67,142.715,1700,2021-03-02 20:15:00,RARE
142.46,142.46,142.2,142.2,600,2021-03-02 20:20:00,RARE
141.93,142.36,141.1,141.63,11031,2021-03-02 20:25:00,RARE
141.5,142.14,140.73,141.78,4768,2021-03-02 20:30:00,RARE
141.83,141.94,141.02,141.02,8581,2021-03-02 20:35:00,RARE
140.94,140.94,139.53,140.85,5838,2021-03-02 20:40:00,RARE
140.395,140.76,140.05,140.7,1800,2021-03-02 20:45:00,RARE
140.17,140.48,139.52,140.2,4804,2021-03-02 20:50:00,RARE
140.09,140.83,139.63,139.64,17539,2021-03-02 20:55:00,RARE
139.93,139.93,139.93,139.93,37627,2021-03-02 21:00:00,RARE
140.0,140.0,140.0,140.0,100,2021-03-03 12:15:00,RARE
138.0,138.0,138.0,138.0,100,2021-03-03 14:10:00,RARE
135.18,135.18,128.0,130.27,5400,2021-03-03 14:25:00,RARE
130.64,132.59,129.37,131.15,111136,2021-03-03 14:30:00,RARE
130.92,132.355,130.51,132.355,10794,2021-03-03 14:35:00,RARE
132.01,132.69,126.52,127.27,40776,2021-03-03 14:40:00,RARE
128.46,129.4,125.705,129.14,8226,2021-03-03 14:45:00,RARE
129.03,131.5,129.03,130.99,19240,2021-03-03 14:50:00,RARE
130.52,130.8599,129.655,129.655,10883,2021-03-03 14:55:00,RARE
129.46,129.78,125.64,129.78,15152,2021-03-03 15:00:00,RARE
129.08,129.47,128.14,128.915,3477,2021-03-03 15:05:00,RARE
128.91,129.19,127.99,128.7,8200,2021-03-03 15:10:00,RARE
128.635,128.655,127.0159,127.77,2802,2021-03-03 15:15:00,RARE
128.45,128.47,126.83,127.58,4834,2021-03-03 15:20:00,RARE
127.64,128.26,127.635,127.9,7829,2021-03-03 15:25:00,RARE
127.6,127.965,126.835,127.965,3521,2021-03-03 15:30:00,RARE
127.97,128.85,127.97,128.66,1300,2021-03-03 15:35:00,RARE
128.78,128.98,128.42,128.42,1690,2021-03-03 15:40:00,RARE
128.93,129.265,128.73,129.265,1000,2021-03-03 15:45:00,RARE
129.29,129.74,129.15,129.74,958,2021-03-03 15:50:00,RARE
129.8,130.62,129.8,130.62,1600,2021-03-03 15:55:00,RARE
130.6,130.95,130.33,130.68,1691,2021-03-03 16:00:00,RARE
131.18,131.24,130.85,130.88,2126,2021-03-03 16:05:00,RARE
130.87,131.1,130.32,130.91,2112,2021-03-03 16:10:00,RARE
131.055,132.0,131.03,131.965,2486,2021-03-03 16:15:00,RARE
132.05,132.66,131.93,132.47,6578,2021-03-03 16:20:00,RARE
132.595,133.51,132.54,133.27,7638,2021-03-03 16:25:00,RARE
133.26,133.33,132.68,132.69,4635,2021-03-03 16:30:00,RARE
132.95,133.065,132.73,132.855,10400,2021-03-03 16:35:00,RARE
132.855,132.925,130.29,130.3596,12221,2021-03-03 16:40:00,RARE
130.3325,131.325,130.3325,131.0204,15242,2021-03-03 16:45:00,RARE
131.305,131.47,131.305,131.47,900,2021-03-03 16:50:00,RARE
131.41,131.42,130.3404,130.35,4500,2021-03-03 16:55:00,RARE
129.67,130.25,129.67,130.03,838,2021-03-03 17:00:00,RARE
130.125,130.25,129.7,129.9,4717,2021-03-03 17:05:00,RARE
130.14,131.005,130.14,131.005,1874,2021-03-03 17:10:00,RARE
130.82,130.82,130.56,130.56,200,2021-03-03 17:15:00,RARE
130.49,130.73,130.01,130.58,4282,2021-03-03 17:20:00,RARE
130.42,130.42,129.84,129.88,1100,2021-03-03 17:25:00,RARE
130.215,131.0,130.165,131.0,3200,2021-03-03 17:30:00,RARE
130.925,130.985,130.405,130.62,4421,2021-03-03 17:35:00,RARE
130.55,130.89,130.17,130.89,2682,2021-03-03 17:40:00,RARE
130.84,131.265,130.84,131.185,2991,2021-03-03 17:45:00,RARE
131.2,131.37,131.1,131.1,400,2021-03-03 17:50:00,RARE
131.09,131.23,130.175,130.18,3300,2021-03-03 17:55:00,RARE
130.12,130.195,129.46,129.68,2235,2021-03-03 18:00:00,RARE
129.68,129.89,129.555,129.89,2000,2021-03-03 18:05:00,RARE
130.34,130.42,130.12,130.13,900,2021-03-03 18:10:00,RARE
130.08,131.3534,130.08,131.3534,1400,2021-03-03 18:15:00,RARE
131.56,131.64,131.56,131.64,300,2021-03-03 18:20:00,RARE
131.36,131.8,131.36,131.8,200,2021-03-03 18:25:00,RARE
131.65,131.65,131.21,131.21,1373,2021-03-03 18:30:00,RARE
131.13,131.3,130.56,130.73,1011,2021-03-03 18:35:00,RARE
130.57,130.86,130.13,130.8,900,2021-03-03 18:40:00,RARE
130.3301,130.5299,129.99,130.5299,1300,2021-03-03 18:45:00,RARE
130.15,130.37,129.9,129.91,2400,2021-03-03 18:50:00,RARE
129.94,129.98,129.74,129.89,1300,2021-03-03 18:55:00,RARE
129.92,129.95,129.675,129.675,1997,2021-03-03 19:00:00,RARE
129.665,129.82,129.235,129.505,4065,2021-03-03 19:05:00,RARE
129.575,129.94,129.57,129.74,2931,2021-03-03 19:10:00,RARE
129.79,129.79,129.465,129.47,2365,2021-03-03 19:15:00,RARE
129.68,130.06,129.68,129.8,1813,2021-03-03 19:20:00,RARE
130.17,130.3,129.58,129.74,2800,2021-03-03 19:25:00,RARE
129.925,129.925,128.77,128.97,26700,2021-03-03 19:30:00,RARE
128.97,129.81,128.58,129.26,3300,2021-03-03 19:35:00,RARE
129.56,129.56,128.84,128.84,900,2021-03-03 19:40:00,RARE
128.8,128.8,128.2,128.2,3132,2021-03-03 19:45:00,RARE
128.2,128.4,127.8601,128.2801,5398,2021-03-03 19:50:00,RARE
128.53,129.615,128.37,129.15,3458,2021-03-03 19:55:00,RARE
129.305,129.59,129.11,129.34,1300,2021-03-03 20:00:00,RARE
129.53,129.54,129.03,129.1,1500,2021-03-03 20:05:00,RARE
129.26,129.7,128.76,128.76,1300,2021-03-03 20:10:00,RARE
128.33,128.42,128.11,128.11,2100,2021-03-03 20:15:00,RARE
128.24,128.24,126.77,126.96,2908,2021-03-03 20:20:00,RARE
126.97,127.115,126.51,127.115,2788,2021-03-03 20:25:00,RARE
127.04,127.775,127.04,127.63,3444,2021-03-03 20:30:00,RARE
127.36,127.36,126.49,126.655,2703,2021-03-03 20:35:00,RARE
126.24,126.77,126.24,126.55,4416,2021-03-03 20:40:00,RARE
126.58,127.11,126.4001,126.85,3310,2021-03-03 20:45:00,RARE
126.66,126.8,126.0,126.0,10526,2021-03-03 20:50:00,RARE
125.67,126.21,125.275,125.34,22739,2021-03-03 20:55:00,RARE
125.3,125.3,125.3,125.3,31309,2021-03-03 21:00:00,RARE
125.3,126.03,124.4245,125.99,5461,2021-03-04 14:30:00,RARE
125.39,126.045,125.3,125.74,3061,2021-03-04 14:35:00,RARE
125.65,126.145,125.31,125.31,1626,2021-03-04 14:40:00,RARE
125.3,125.485,121.7,121.71,3571,2021-03-04 14:45:00,RARE
121.87,122.4,121.41,121.86,4900,2021-03-04 14:50:00,RARE
121.99,121.99,119.6598,120.97,2410,2021-03-04 14:55:00,RARE
121.81,122.94,121.4,121.91,2936,2021-03-04 15:00:00,RARE
121.39,121.74,120.21,120.9,3789,2021-03-04 15:05:00,RARE
120.62,121.28,120.08,121.28,4104,2021-03-04 15:10:00,RARE
121.3,121.745,120.14,120.67,4441,2021-03-04 15:15:00,RARE
120.98,121.17,120.14,121.17,1300,2021-03-04 15:20:00,RARE
121.71,121.89,120.73,121.725,1062,2021-03-04 15:25:00,RARE
121.96,122.12,121.24,122.12,1965,2021-03-04 15:30:00,RARE
122.38,122.81,122.2,122.675,4474,2021-03-04 15:35:00,RARE
122.685,122.9,122.315,122.895,2709,2021-03-04 15:40:00,RARE
122.86,124.01,122.85,123.5,5314,2021-03-04 15:45:00,RARE
123.25,123.84,122.665,122.665,1402,2021-03-04 15:50:00,RARE
122.66,123.62,122.66,123.585,3030,2021-03-04 15:55:00,RARE
123.59,123.885,122.975,123.67,1704,2021-03-04 16:00:00,RARE
123.77,123.77,123.115,123.57,1300,2021-03-04 16:05:00,RARE
123.05,123.23,122.6,122.6,1100,2021-03-04 16:10:00,RARE
122.23,123.31,122.09,123.31,1402,2021-03-04 16:15:00,RARE
123.12,123.51,122.94,123.51,2739,2021-03-04 16:20:00,RARE
123.55,123.55,123.16,123.16,800,2021-03-04 16:25:00,RARE
123.07,123.56,123.06,123.06,1600,2021-03-04 16:30:00,RARE
123.115,123.735,122.97,123.56,1900,2021-03-04 16:35:00,RARE
123.775,124.16,123.775,124.09,1920,2021-03-04 16:40:00,RARE
124.24,124.65,124.11,124.21,2415,2021-03-04 16:45:00,RARE
124.38,124.41,123.72,123.82,2800,2021-03-04 16:50:00,RARE
123.73,123.73,123.24,123.31,700,2021-03-04 16:55:00,RARE
123.56,123.945,123.31,123.945,7039,2021-03-04 17:00:00,RARE
123.96,124.11,123.81,123.925,800,2021-03-04 17:05:00,RARE
123.6,123.6,122.78,122.84,1000,2021-03-04 17:10:00,RARE
123.29,123.64,123.29,123.64,300,2021-03-04 17:15:00,RARE
123.14,123.4,122.1,122.1,1355,2021-03-04 17:20:00,RARE
121.74,122.02,121.59,121.76,900,2021-03-04 17:25:00,RARE
121.76,121.8,121.09,121.1,1455,2021-03-04 17:30:00,RARE
121.03,121.28,120.595,121.16,2208,2021-03-04 17:35:00,RARE
121.22,121.22,120.89,120.89,300,2021-03-04 17:40:00,RARE
120.9,120.9,120.695,120.695,645,2021-03-04 17:45:00,RARE
120.24,120.69,120.11,120.11,2208,2021-03-04 17:50:00,RARE
119.26,119.71,119.25,119.385,1487,2021-03-04 17:55:00,RARE
119.46,119.76,119.31,119.605,2700,2021-03-04 18:00:00,RARE
119.7625,119.7625,118.14,118.15,3000,2021-03-04 18:05:00,RARE
117.915,118.09,117.56,117.56,3800,2021-03-04 18:10:00,RARE
117.46,118.67,117.33,118.66,8376,2021-03-04 18:15:00,RARE
118.16,118.23,117.54,118.23,1500,2021-03-04 18:20:00,RARE
117.75,118.37,117.74,118.21,3400,2021-03-04 18:25:00,RARE
118.03,118.28,117.19,117.515,3076,2021-03-04 18:30:00,RARE
117.41,117.72,117.005,117.72,3093,2021-03-04 18:35:00,RARE
117.21,117.47,117.13,117.4,1736,2021-03-04 18:40:00,RARE
117.37,117.65,117.03,117.21,1800,2021-03-04 18:45:00,RARE
117.065,117.065,116.61,116.86,1800,2021-03-04 18:50:00,RARE
116.735,117.04,116.58,116.6,2130,2021-03-04 18:55:00,RARE
116.45,116.91,116.44,116.495,4397,2021-03-04 19:00:00,RARE
116.62,118.56,116.51,118.56,7485,2021-03-04 19:05:00,RARE
118.215,118.56,117.95,118.56,1234,2021-03-04 19:10:00,RARE
118.81,119.11,118.27,119.11,4716,2021-03-04 19:15:00,RARE
119.45,120.16,119.39,120.08,891,2021-03-04 19:20:00,RARE
120.72,121.42,120.72,120.98,2104,2021-03-04 19:25:00,RARE
120.85,120.85,119.9767,120.51,1405,2021-03-04 19:30:00,RARE
119.99,120.21,119.67,119.99,3752,2021-03-04 19:35:00,RARE
120.21,121.155,120.21,121.13,400,2021-03-04 19:40:00,RARE
121.53,121.53,120.94,121.28,1015,2021-03-04 19:45:00,RARE
121.26,121.26,120.14,120.9,3600,2021-03-04 19:50:00,RARE
120.78,120.905,120.72,120.72,600,2021-03-04 19:55:00,RARE
120.85,121.1,119.94,119.94,2100,2021-03-04 20:00:00,RARE
120.24,120.475,120.16,120.33,1441,2021-03-04 20:05:00,RARE
119.93,119.93,119.16,119.43,4057,2021-03-04 20:10:00,RARE
119.215,119.25,118.83,118.935,1092,2021-03-04 20:15:00,RARE
118.64,118.76,118.26,118.26,1357,2021-03-04 20:20:00,RARE
118.32,119.5,118.27,119.5,5484,2021-03-04 20:25:00,RARE
119.21,120.0,119.21,119.58,3700,2021-03-04 20:30:00,RARE
119.41,119.59,118.9,119.11,4129,2021-03-04 20:35:00,RARE
119.12,119.62,119.06,119.29,4160,2021-03-04 20:40:00,RARE
119.38,119.42,118.95,119.32,6101,2021-03-04 20:45:00,RARE
119.1801,119.31,118.46,118.55,6020,2021-03-04 20:50:00,RARE
118.52,118.75,118.14,118.45,23996,2021-03-04 20:55:00,RARE
118.63,118.63,118.63,118.63,44026,2021-03-04 21:00:00,RARE
120.84,120.84,117.23,119.13,6057,2021-03-05 14:30:00,RARE
118.01,118.01,117.0,117.0,1078,2021-03-05 14:35:00,RARE
117.51,117.51,115.29,115.38,1400,2021-03-05 14:40:00,RARE
115.86,117.01,115.85,116.8,1900,2021-03-05 14:45:00,RARE
115.875,116.52,115.77,115.89,2100,2021-03-05 14:50:00,RARE
115.92,115.97,114.48,115.84,4277,2021-03-05 14:55:00,RARE
115.86,115.91,114.68,114.68,1234,2021-03-05 15:00:00,RARE
115.46,116.8,115.46,115.995,2700,2021-03-05 15:05:00,RARE
116.27,116.59,116.06,116.56,800,2021-03-05 15:10:00,RARE
115.05,115.53,113.73,113.73,16739,2021-03-05 15:15:00,RARE
113.31,114.74,113.04,113.96,4000,2021-03-05 15:20:00,RARE
114.63,114.84,113.51,113.51,6605,2021-03-05 15:25:00,RARE
113.34,114.1,112.28,113.23,4814,2021-03-05 15:30:00,RARE
113.1,113.77,112.78,113.075,4450,2021-03-05 15:35:00,RARE
112.73,112.81,111.05,111.05,12484,2021-03-05 15:40:00,RARE
111.395,112.24,111.395,111.955,9763,2021-03-05 15:45:00,RARE
112.09,112.83,111.76,112.46,9096,2021-03-05 15:50:00,RARE
112.425,112.61,111.64,111.94,4034,2021-03-05 15:55:00,RARE
111.93,112.58,111.47,111.74,2458,2021-03-05 16:00:00,RARE
111.65,111.925,111.2567,111.2567,2822,2021-03-05 16:05:00,RARE
111.19,111.57,110.91,111.23,2490,2021-03-05 16:10:00,RARE
111.29,111.435,110.66,111.235,2900,2021-03-05 16:15:00,RARE
111.0,111.67,110.96,111.27,2200,2021-03-05 16:20:00,RARE
111.44,112.0,111.03,111.91,2600,2021-03-05 16:25:00,RARE
112.1,112.39,111.87,112.15,5310,2021-03-05 16:30:00,RARE
112.26,114.0,112.26,113.61,3500,2021-03-05 16:35:00,RARE
113.12,113.74,112.04,113.66,6614,2021-03-05 16:40:00,RARE
113.37,114.14,112.99,113.5,4293,2021-03-05 16:45:00,RARE
113.28,114.0,113.18,113.71,3820,2021-03-05 16:50:00,RARE
114.08,114.585,113.96,114.185,2400,2021-03-05 16:55:00,RARE
114.06,114.7,114.05,114.185,6687,2021-03-05 17:00:00,RARE
114.17,114.56,113.55,114.4596,3011,2021-03-05 17:05:00,RARE
113.97,114.79,113.97,114.67,2109,2021-03-05 17:10:00,RARE
114.67,115.2129,114.5779,115.025,2650,2021-03-05 17:15:00,RARE
115.82,116.77,115.63,116.77,2100,2021-03-05 17:20:00,RARE
116.59,116.77,116.12,116.67,12727,2021-03-05 17:25:00,RARE
116.61,117.2,116.36,116.65,1600,2021-03-05 17:30:00,RARE
116.11,116.795,115.74,116.795,2810,2021-03-05 17:35:00,RARE
116.36,117.44,115.97,117.37,1925,2021-03-05 17:40:00,RARE
117.13,117.175,116.147,116.76,1957,2021-03-05 17:45:00,RARE
116.18,116.98,116.15,116.63,5441,2021-03-05 17:50:00,RARE
116.525,116.96,116.48,116.96,1200,2021-03-05 17:55:00,RARE
116.955,117.24,115.46,115.46,1186,2021-03-05 18:00:00,RARE
116.14,116.43,116.01,116.38,1600,2021-03-05 18:05:00,RARE
116.375,116.5,116.14,116.5,1300,2021-03-05 18:10:00,RARE
116.64,117.51,116.565,117.45,1760,2021-03-05 18:15:00,RARE
117.07,117.12,117.07,117.12,200,2021-03-05 18:20:00,RARE
117.36,117.63,117.2,117.44,2129,2021-03-05 18:25:00,RARE
117.78,117.9,117.43,117.63,2431,2021-03-05 18:30:00,RARE
117.565,118.14,117.34,118.05,3701,2021-03-05 18:35:00,RARE
118.02,119.0,118.02,118.13,11656,2021-03-05 18:40:00,RARE
118.25,118.52,117.965,117.965,1300,2021-03-05 18:45:00,RARE
117.635,118.01,116.73,116.73,1200,2021-03-05 18:50:00,RARE
116.81,117.46,116.81,117.46,1900,2021-03-05 18:55:00,RARE
117.54,117.54,116.68,116.68,508,2021-03-05 19:00:00,RARE
116.79,117.14,116.45,117.12,2053,2021-03-05 19:05:00,RARE
116.19,116.76,116.19,116.645,2200,2021-03-05 19:10:00,RARE
116.71,117.23,115.96,115.96,1400,2021-03-05 19:15:00,RARE
115.92,116.81,115.92,116.63,1500,2021-03-05 19:20:00,RARE
116.885,117.7,116.63,117.58,1100,2021-03-05 19:25:00,RARE
118.04,118.87,118.04,118.655,1100,2021-03-05 19:30:00,RARE
118.99,119.0,118.055,118.055,4079,2021-03-05 19:35:00,RARE
118.26,118.26,117.61,117.61,700,2021-03-05 19:40:00,RARE
117.78,118.0,117.34,117.68,2200,2021-03-05 19:45:00,RARE
117.79,118.07,117.78,118.07,1500,2021-03-05 19:50:00,RARE
117.875,118.47,117.875,118.22,2475,2021-03-05 19:55:00,RARE
118.325,118.84,118.325,118.73,1400,2021-03-05 20:00:00,RARE
118.86,118.86,118.17,118.33,900,2021-03-05 20:05:00,RARE
118.46,118.46,117.995,118.39,1100,2021-03-05 20:10:00,RARE
118.1,118.51,118.09,118.19,900,2021-03-05 20:15:00,RARE
118.04,118.4,118.03,118.25,1300,2021-03-05 20:20:00,RARE
118.32,118.76,118.17,118.215,2400,2021-03-05 20:25:00,RARE
118.4,118.4,117.64,117.98,1700,2021-03-05 20:30:00,RARE
118.1,118.51,118.1,118.51,3000,2021-03-05 20:35:00,RARE
118.515,118.515,118.02,118.095,3000,2021-03-05 20:40:00,RARE
118.1185,118.52,117.93,118.31,3293,2021-03-05 20:45:00,RARE
118.5,119.0,118.385,118.91,22064,2021-03-05 20:50:00,RARE
118.9,119.1,118.41,118.44,35212,2021-03-05 20:55:00,RARE
118.5,118.5,118.5,118.5,47799,2021-03-05 21:00:00,RARE
118.6,118.6,116.915,116.915,4544,2021-03-08 14:30:00,RARE
116.915,119.05,116.915,118.355,9600,2021-03-08 14:35:00,RARE
118.425,121.715,118.425,120.715,8075,2021-03-08 14:40:00,RARE
121.21,121.55,119.51,119.94,1503,2021-03-08 14:45:00,RARE
119.0,119.39,118.61,119.145,2900,2021-03-08 14:50:00,RARE
119.2,120.17,119.0,119.63,4102,2021-03-08 14:55:00,RARE
120.37,120.945,119.87,119.955,16935,2021-03-08 15:00:00,RARE
120.46,121.505,120.36,120.64,20295,2021-03-08 15:05:00,RARE
121.03,121.03,120.65,120.65,517,2021-03-08 15:10:00,RARE
118.67,118.67,118.67,118.67,100,2021-03-08 15:15:00,RARE
119.89,120.48,119.69,119.69,946,2021-03-08 15:20:00,RARE
119.97,120.08,119.05,119.965,1800,2021-03-08 15:25:00,RARE
120.24,120.24,119.65,119.68,17409,2021-03-08 15:30:00,RARE
119.87,120.57,119.785,120.53,3510,2021-03-08 15:35:00,RARE
120.57,121.24,120.0,120.775,19486,2021-03-08 15:40:00,RARE
121.03,121.17,120.515,120.56,4716,2021-03-08 15:45:00,RARE
120.46,121.03,120.26,120.885,3360,2021-03-08 15:50:00,RARE
120.885,121.27,120.31,120.31,2879,2021-03-08 15:55:00,RARE
120.77,120.92,120.77,120.92,700,2021-03-08 16:00:00,RARE
120.76,121.1,120.06,120.345,2400,2021-03-08 16:05:00,RARE
120.18,120.18,120.18,120.18,100,2021-03-08 16:10:00,RARE
119.54,119.67,119.355,119.67,600,2021-03-08 16:15:00,RARE
119.87,120.37,119.805,119.805,600,2021-03-08 16:20:00,RARE
119.71,119.78,119.34,119.44,2214,2021-03-08 16:25:00,RARE
119.47,119.62,119.34,119.35,4817,2021-03-08 16:30:00,RARE
119.36,119.91,119.36,119.91,3039,2021-03-08 16:35:00,RARE
119.65,119.65,119.0,119.0,1924,2021-03-08 16:40:00,RARE
119.11,119.35,118.99,119.015,3000,2021-03-08 16:45:00,RARE
119.005,119.58,118.9,119.49,3200,2021-03-08 16:50:00,RARE
119.67,119.82,119.67,119.7,700,2021-03-08 16:55:00,RARE
119.0,119.27,118.99,119.0,5182,2021-03-08 17:00:00,RARE
119.085,119.78,119.085,119.675,1300,2021-03-08 17:05:00,RARE
119.47,119.57,119.1,119.1,1300,2021-03-08 17:10:00,RARE
119.1,119.19,118.69,118.71,700,2021-03-08 17:15:00,RARE
118.9,119.16,118.695,118.95,1100,2021-03-08 17:20:00,RARE
119.48,119.48,119.31,119.31,600,2021-03-08 17:25:00,RARE
119.29,119.295,117.98,117.98,2698,2021-03-08 17:30:00,RARE
118.65,118.65,118.65,118.65,100,2021-03-08 17:35:00,RARE
117.935,118.23,117.8,117.8,700,2021-03-08 17:40:00,RARE
117.83,117.97,117.34,117.56,1600,2021-03-08 17:45:00,RARE
117.49,117.8,117.49,117.8,300,2021-03-08 17:50:00,RARE
117.85,118.13,117.47,117.47,700,2021-03-08 17:55:00,RARE
117.44,117.61,117.18,117.29,800,2021-03-08 18:00:00,RARE
117.66,117.97,117.505,117.97,400,2021-03-08 18:05:00,RARE
117.7,117.715,117.68,117.68,500,2021-03-08 18:10:00,RARE
117.6375,118.06,117.6375,117.78,700,2021-03-08 18:15:00,RARE
117.76,117.76,116.9,117.47,1300,2021-03-08 18:20:00,RARE
117.02,117.51,117.02,117.17,1909,2021-03-08 18:25:00,RARE
117.06,117.06,116.685,116.685,600,2021-03-08 18:30:00,RARE
116.74,116.74,116.55,116.55,800,2021-03-08 18:35:00,RARE
116.17,116.17,115.54,115.54,1500,2021-03-08 18:40:00,RARE
115.81,115.98,115.47,115.47,2229,2021-03-08 18:45:00,RARE
115.275,115.83,115.22,115.46,1200,2021-03-08 18:50:00,RARE
115.63,115.63,115.02,115.17,1605,2021-03-08 18:55:00,RARE
115.33,115.49,115.33,115.49,400,2021-03-08 19:00:00,RARE
115.69,116.62,115.685,116.24,1100,2021-03-08 19:05:00,RARE
116.43,116.66,116.43,116.45,8300,2021-03-08 19:10:00,RARE
116.91,116.945,115.86,115.86,2000,2021-03-08 19:15:00,RARE
116.54,116.96,116.1,116.655,1500,2021-03-08 19:20:00,RARE
116.435,117.54,116.435,117.17,9157,2021-03-08 19:25:00,RARE
116.97,117.27,116.8,116.965,5948,2021-03-08 19:30:00,RARE
117.14,117.22,116.92,116.92,1300,2021-03-08 19:35:00,RARE
116.79,116.92,116.14,116.14,800,2021-03-08 19:40:00,RARE
116.34,116.34,115.72,115.72,938,2021-03-08 19:45:00,RARE
116.09,116.43,115.95,116.27,1800,2021-03-08 19:50:00,RARE
116.15,116.15,115.42,115.42,510,2021-03-08 19:55:00,RARE
115.02,115.27,114.92,114.92,2314,2021-03-08 20:00:00,RARE
114.54,115.04,114.54,114.61,1900,2021-03-08 20:05:00,RARE
114.3,114.31,113.59,113.86,2400,2021-03-08 20:10:00,RARE
113.82,114.31,113.6,113.6,1705,2021-03-08 20:15:00,RARE
113.92,114.14,113.53,113.68,3169,2021-03-08 20:20:00,RARE
113.795,114.87,113.795,114.87,700,2021-03-08 20:25:00,RARE
114.21,115.57,114.21,115.4,1272,2021-03-08 20:30:00,RARE
115.4,115.45,114.95,115.05,1000,2021-03-08 20:35:00,RARE
114.76,115.51,114.61,115.45,2300,2021-03-08 20:40:00,RARE
115.42,115.45,114.62,115.37,7066,2021-03-08 20:45:00,RARE
115.08,115.77,115.08,115.3,9287,2021-03-08 20:50:00,RARE
115.57,115.57,114.79,114.8,21398,2021-03-08 20:55:00,RARE
115.0,115.0,115.0,115.0,35003,2021-03-08 21:00:00,RARE
119.56,122.0,119.56,121.69,5159,2021-03-09 14:30:00,RARE
121.665,124.15,121.665,123.14,4432,2021-03-09 14:35:00,RARE
123.26,123.71,122.45,123.61,2391,2021-03-09 14:40:00,RARE
123.74,124.0,122.74,122.74,3990,2021-03-09 14:45:00,RARE
122.8,123.23,122.75,123.19,1793,2021-03-09 14:50:00,RARE
123.15,123.19,123.15,123.19,325,2021-03-09 14:55:00,RARE
123.425,124.32,123.1,124.13,5229,2021-03-09 15:00:00,RARE
124.38,124.57,124.365,124.365,300,2021-03-09 15:05:00,RARE
124.43,125.28,123.9681,124.885,1125,2021-03-09 15:10:00,RARE
124.995,126.25,124.995,126.01,1503,2021-03-09 15:15:00,RARE
126.29,126.5,125.64,125.64,1800,2021-03-09 15:20:00,RARE
125.59,126.34,125.59,126.06,2600,2021-03-09 15:25:00,RARE
126.06,126.205,125.4564,125.92,5320,2021-03-09 15:30:00,RARE
125.77,126.14,125.77,125.965,1202,2021-03-09 15:35:00,RARE
125.67,126.22,125.67,125.98,10823,2021-03-09 15:40:00,RARE
126.035,126.3,125.715,125.715,4332,2021-03-09 15:45:00,RARE
125.62,125.94,125.52,125.67,15298,2021-03-09 15:50:00,RARE
125.63,125.9,125.44,125.63,1500,2021-03-09 15:55:00,RARE
125.51,125.81,124.86,125.77,1800,2021-03-09 16:00:00,RARE
126.14,126.3,126.055,126.13,3719,2021-03-09 16:05:00,RARE
126.15,126.235,125.79,126.06,5355,2021-03-09 16:10:00,RARE
126.2,126.77,126.2,126.47,1887,2021-03-09 16:15:00,RARE
126.59,127.07,126.33,126.54,2241,2021-03-09 16:20:00,RARE
126.51,126.59,126.39,126.39,900,2021-03-09 16:25:00,RARE
126.31,126.34,125.88,126.135,1112,2021-03-09 16:30:00,RARE
125.91,125.96,125.61,125.66,700,2021-03-09 16:35:00,RARE
125.64,125.64,125.13,125.2,1400,2021-03-09 16:40:00,RARE
125.045,125.045,124.265,124.86,2900,2021-03-09 16:45:00,RARE
124.86,125.08,124.545,124.545,2000,2021-03-09 16:50:00,RARE
124.485,124.65,124.255,124.37,9737,2021-03-09 16:55:00,RARE
124.43,124.92,124.25,124.86,2100,2021-03-09 17:00:00,RARE
124.86,125.075,124.75,125.075,1538,2021-03-09 17:05:00,RARE
125.12,125.4,125.12,125.3,1100,2021-03-09 17:10:00,RARE
125.43,125.75,125.28,125.28,700,2021-03-09 17:15:00,RARE
125.01,125.28,125.01,125.27,300,2021-03-09 17:20:00,RARE
125.37,125.77,125.34,125.63,903,2021-03-09 17:25:00,RARE
125.87,126.37,125.85,126.305,4107,2021-03-09 17:30:00,RARE
126.665,126.835,126.55,126.71,1539,2021-03-09 17:35:00,RARE
126.45,127.23,126.26,127.23,2000,2021-03-09 17:40:00,RARE
126.975,126.975,126.975,126.975,100,2021-03-09 17:45:00,RARE
126.77,126.88,126.68,126.8066,1066,2021-03-09 17:50:00,RARE
127.33,127.33,126.93,127.05,813,2021-03-09 17:55:00,RARE
127.05,127.43,126.81,127.43,1800,2021-03-09 18:00:00,RARE
127.36,127.57,126.93,126.93,600,2021-03-09 18:05:00,RARE
127.07,127.325,127.07,127.325,600,2021-03-09 18:10:00,RARE
127.335,127.335,126.76,126.76,707,2021-03-09 18:15:00,RARE
126.91,127.14,126.75,126.75,500,2021-03-09 18:20:00,RARE
126.975,127.49,126.62,126.62,1700,2021-03-09 18:25:00,RARE
126.36,127.045,126.26,126.9142,2280,2021-03-09 18:30:00,RARE
126.875,127.06,126.785,127.06,1148,2021-03-09 18:35:00,RARE
127.0825,127.26,126.94,127.095,1350,2021-03-09 18:40:00,RARE
127.26,127.29,126.95,127.29,1634,2021-03-09 18:45:00,RARE
127.32,127.445,127.03,127.445,1241,2021-03-09 18:50:00,RARE
127.55,127.55,127.51,127.51,200,2021-03-09 18:55:00,RARE
127.62,127.8563,127.47,127.6,2371,2021-03-09 19:00:00,RARE
127.34,127.77,127.34,127.77,1300,2021-03-09 19:05:00,RARE
127.72,128.12,127.21,127.21,1400,2021-03-09 19:15:00,RARE
127.285,127.39,126.94,126.97,1301,2021-03-09 19:20:00,RARE
126.82,127.16,126.69,126.815,2964,2021-03-09 19:25:00,RARE
127.02,127.18,126.365,126.64,4532,2021-03-09 19:30:00,RARE
126.56,126.61,126.24,126.25,1100,2021-03-09 19:35:00,RARE
126.53,127.05,126.425,127.05,1532,2021-03-09 19:40:00,RARE
126.745,126.745,126.31,126.31,2614,2021-03-09 19:45:00,RARE
126.48,126.5,126.21,126.32,1500,2021-03-09 19:50:00,RARE
126.18,126.57,126.03,126.03,1400,2021-03-09 19:55:00,RARE
126.03,126.08,125.69,125.79,3350,2021-03-09 20:00:00,RARE
125.85,125.85,125.26,125.305,6763,2021-03-09 20:05:00,RARE
125.37,125.41,124.92,124.93,1810,2021-03-09 20:10:00,RARE
124.9,125.03,124.61,124.91,16237,2021-03-09 20:15:00,RARE
124.815,125.39,124.815,125.355,2915,2021-03-09 20:20:00,RARE
125.39,125.4,125.085,125.085,1172,2021-03-09 20:25:00,RARE
125.1,125.46,125.03,125.25,5910,2021-03-09 20:30:00,RARE
125.26,125.29,124.88,125.29,9749,2021-03-09 20:35:00,RARE
125.435,125.435,124.35,124.35,45053,2021-03-09 20:40:00,RARE
124.35,124.88,124.35,124.505,4300,2021-03-09 20:45:00,RARE
124.63,124.705,124.39,124.62,9114,2021-03-09 20:50:00,RARE
124.41,124.52,123.71,124.5,12713,2021-03-09 20:55:00,RARE
124.22,124.22,124.22,124.22,61698,2021-03-09 21:00:00,RARE
124.22,124.22,124.22,124.22,20489,2021-03-09 22:15:00,RARE
127.55,128.07,126.75,126.75,6050,2021-03-10 14:30:00,RARE
125.415,125.945,125.13,125.945,300,2021-03-10 14:35:00,RARE
126.19,127.2,126.04,126.64,3207,2021-03-10 14:40:00,RARE
127.0,127.0,127.0,127.0,100,2021-03-10 14:45:00,RARE
127.325,127.76,126.71,127.0,11629,2021-03-10 14:50:00,RARE
127.0,127.11,126.92,126.96,2800,2021-03-10 14:55:00,RARE
127.04,127.16,126.76,126.76,3400,2021-03-10 15:00:00,RARE
127.05,128.05,126.93,127.79,38014,2021-03-10 15:05:00,RARE
127.5,127.94,126.95,127.73,9406,2021-03-10 15:10:00,RARE
127.52,127.685,127.18,127.32,2500,2021-03-10 15:15:00,RARE
127.04,127.04,125.67,125.68,914,2021-03-10 15:20:00,RARE
125.49,125.955,124.65,124.65,1000,2021-03-10 15:25:00,RARE
125.59,125.69,125.59,125.69,300,2021-03-10 15:30:00,RARE
126.0,126.27,124.35,124.35,2500,2021-03-10 15:35:00,RARE
124.05,124.07,124.0,124.07,400,2021-03-10 15:40:00,RARE
124.53,125.08,124.53,124.63,639,2021-03-10 15:45:00,RARE
123.62,124.03,123.61,123.96,700,2021-03-10 15:50:00,RARE
124.36,124.7494,123.81,124.555,800,2021-03-10 15:55:00,RARE
124.555,124.94,124.23,124.555,1100,2021-03-10 16:00:00,RARE
124.84,124.99,123.98,124.0004,9157,2021-03-10 16:05:00,RARE
124.02,124.04,123.865,124.0,4608,2021-03-10 16:10:00,RARE
124.04,124.17,123.5,123.5,3900,2021-03-10 16:15:00,RARE
123.36,123.93,123.36,123.535,500,2021-03-10 16:20:00,RARE
123.57,124.01,123.57,123.95,1244,2021-03-10 16:25:00,RARE
124.19,124.42,123.57,123.815,2600,2021-03-10 16:30:00,RARE
123.56,123.98,123.36,123.37,1800,2021-03-10 16:35:00,RARE
123.23,123.28,123.0,123.27,500,2021-03-10 16:40:00,RARE
123.31,123.57,123.19,123.57,700,2021-03-10 16:45:00,RARE
123.79,123.83,123.53,123.53,700,2021-03-10 16:50:00,RARE
123.67,123.69,122.995,122.995,1500,2021-03-10 16:55:00,RARE
123.17,123.3,123.05,123.1107,600,2021-03-10 17:00:00,RARE
122.94,122.94,122.65,122.66,400,2021-03-10 17:05:00,RARE
122.57,123.5,122.57,123.5,1664,2021-03-10 17:10:00,RARE
123.45,123.5,123.45,123.5,200,2021-03-10 17:15:00,RARE
123.66,123.66,123.05,123.2,600,2021-03-10 17:20:00,RARE
123.22,123.27,122.42,122.73,1400,2021-03-10 17:25:00,RARE
122.78,123.06,122.19,122.19,600,2021-03-10 17:30:00,RARE
122.61,122.61,122.0,122.0,300,2021-03-10 17:35:00,RARE
122.31,122.35,122.31,122.35,400,2021-03-10 17:40:00,RARE
122.25,122.68,122.25,122.48,500,2021-03-10 17:45:00,RARE
122.69,123.15,122.56,122.56,900,2021-03-10 17:50:00,RARE
122.67,122.74,122.26,122.74,600,2021-03-10 17:55:00,RARE
122.75,122.96,122.58,122.96,400,2021-03-10 18:00:00,RARE
122.97,123.45,122.875,123.45,800,2021-03-10 18:05:00,RARE
123.32,123.5,123.12,123.12,1800,2021-03-10 18:10:00,RARE
123.41,123.42,122.37,122.37,1500,2021-03-10 18:15:00,RARE
122.515,122.535,121.69,122.055,9456,2021-03-10 18:20:00,RARE
121.87,122.08,121.45,121.925,1000,2021-03-10 18:25:00,RARE
121.91,121.91,121.03,121.25,1458,2021-03-10 18:30:00,RARE
121.24,121.24,120.85,120.85,900,2021-03-10 18:35:00,RARE
120.5,120.64,120.5,120.64,200,2021-03-10 18:40:00,RARE
120.65,120.87,120.6,120.87,400,2021-03-10 18:45:00,RARE
120.81,121.04,120.51,121.04,2900,2021-03-10 18:50:00,RARE
120.98,121.51,120.98,121.24,1408,2021-03-10 18:55:00,RARE
121.01,121.27,121.01,121.23,600,2021-03-10 19:00:00,RARE
121.37,121.64,121.315,121.38,1000,2021-03-10 19:05:00,RARE
121.65,121.81,121.47,121.47,800,2021-03-10 19:10:00,RARE
122.0,122.02,121.89,121.89,900,2021-03-10 19:15:00,RARE
121.83,121.83,121.08,121.55,1200,2021-03-10 19:20:00,RARE
121.52,121.79,121.52,121.79,600,2021-03-10 19:25:00,RARE
121.94,121.94,121.82,121.93,1000,2021-03-10 19:30:00,RARE
121.83,121.88,121.79,121.88,400,2021-03-10 19:35:00,RARE
122.0,122.02,122.0,122.02,514,2021-03-10 19:40:00,RARE
122.01,122.12,121.8,121.81,2800,2021-03-10 19:45:00,RARE
122.15,122.15,121.81,121.81,2509,2021-03-10 19:50:00,RARE
121.945,121.945,121.71,121.71,500,2021-03-10 19:55:00,RARE
121.59,122.08,121.0,121.095,3262,2021-03-10 20:00:00,RARE
120.98,120.98,120.83,120.83,400,2021-03-10 20:05:00,RARE
120.89,121.06,120.56,120.71,3016,2021-03-10 20:10:00,RARE
120.81,120.89,120.45,120.675,2200,2021-03-10 20:15:00,RARE
120.71,120.85,120.42,120.53,4005,2021-03-10 20:20:00,RARE
120.54,120.615,119.86,119.86,2502,2021-03-10 20:25:00,RARE
120.1,120.27,119.98,120.11,5050,2021-03-10 20:30:00,RARE
120.21,120.65,120.12,120.39,5400,2021-03-10 20:35:00,RARE
120.6,120.82,120.53,120.57,2600,2021-03-10 20:40:00,RARE
120.57,120.99,120.52,120.6,7974,2021-03-10 20:45:00,RARE
120.55,120.625,119.8,119.8,13776,2021-03-10 20:50:00,RARE
119.73,120.2798,119.51,119.95,20160,2021-03-10 20:55:00,RARE
119.96,119.96,119.96,119.96,35408,2021-03-10 21:00:00,RARE
119.96,119.96,119.96,119.96,6403,2021-03-10 22:30:00,RARE
123.78,123.78,120.48,122.025,8970,2021-03-11 14:30:00,RARE
121.75,122.65,121.51,121.51,2379,2021-03-11 14:35:00,RARE
121.74,121.76,121.58,121.58,500,2021-03-11 14:40:00,RARE
121.76,122.1,121.755,121.785,2193,2021-03-11 14:45:00,RARE
122.0,122.79,121.63,122.5,2847,2021-03-11 14:50:00,RARE
122.58,122.58,121.49,122.04,4020,2021-03-11 14:55:00,RARE
122.0,122.235,121.78,122.0,12439,2021-03-11 15:00:00,RARE
122.25,122.61,121.73,121.73,8438,2021-03-11 15:05:00,RARE
122.0,122.065,121.25,121.25,5416,2021-03-11 15:10:00,RARE
121.28,121.69,119.81,120.0,7285,2021-03-11 15:15:00,RARE
120.0,121.39,120.0,121.38,600,2021-03-11 15:20:00,RARE
121.94,122.13,121.35,122.13,1400,2021-03-11 15:25:00,RARE
122.0,122.38,121.855,122.02,5372,2021-03-11 15:30:00,RARE
122.19,122.68,122.18,122.68,800,2021-03-11 15:35:00,RARE
122.52,122.52,122.52,122.52,100,2021-03-11 15:40:00,RARE
122.45,123.14,122.45,123.0,1494,2021-03-11 15:45:00,RARE
122.83,123.0,122.82,122.84,753,2021-03-11 15:50:00,RARE
122.71,123.2,122.71,122.995,2478,2021-03-11 15:55:00,RARE
123.0125,123.13,122.9,123.1294,4300,2021-03-11 16:00:00,RARE
123.37,123.37,123.13,123.27,600,2021-03-11 16:05:00,RARE
123.38,123.52,123.23,123.23,1292,2021-03-11 16:10:00,RARE
123.19,123.4,123.15,123.325,500,2021-03-11 16:15:00,RARE
123.58,124.32,123.402,124.32,900,2021-03-11 16:20:00,RARE
124.38,124.53,124.07,124.07,1644,2021-03-11 16:25:00,RARE
123.81,123.995,123.75,123.75,1500,2021-03-11 16:30:00,RARE
124.12,124.23,124.11,124.23,400,2021-03-11 16:35:00,RARE
124.045,124.045,123.9,123.95,602,2021-03-11 16:40:00,RARE
124.24,124.75,124.24,124.75,900,2021-03-11 16:45:00,RARE
125.14,125.14,124.84,124.8591,450,2021-03-11 16:50:00,RARE
124.27,124.445,124.14,124.28,500,2021-03-11 16:55:00,RARE
124.145,124.2,123.82,123.82,500,2021-03-11 17:00:00,RARE
124.07,124.3,124.0,124.3,1698,2021-03-11 17:05:00,RARE
124.23,124.25,123.96,124.19,2000,2021-03-11 17:10:00,RARE
124.13,124.74,123.98,124.13,2300,2021-03-11 17:15:00,RARE
124.19,124.68,124.12,124.68,300,2021-03-11 17:20:00,RARE
124.19,124.19,123.7372,123.7372,389,2021-03-11 17:25:00,RARE
123.8842,123.8842,123.8842,123.8842,100,2021-03-11 17:30:00,RARE
123.75,124.635,123.75,124.63,900,2021-03-11 17:35:00,RARE
124.39,124.39,124.18,124.2303,993,2021-03-11 17:40:00,RARE
124.285,124.285,123.92,123.92,902,2021-03-11 17:45:00,RARE
123.98,124.05,123.155,123.5,17296,2021-03-11 17:50:00,RARE
123.505,123.86,123.36,123.745,2300,2021-03-11 17:55:00,RARE
123.61,123.955,123.5,123.955,2294,2021-03-11 18:00:00,RARE
124.08,124.12,123.8,124.06,9126,2021-03-11 18:05:00,RARE
123.77,124.26,123.77,123.89,6775,2021-03-11 18:10:00,RARE
123.895,124.2,123.895,124.01,1414,2021-03-11 18:15:00,RARE
124.025,124.335,123.99,124.335,10008,2021-03-11 18:20:00,RARE
124.96,125.11,124.71,125.08,6604,2021-03-11 18:25:00,RARE
125.83,125.84,125.83,125.84,200,2021-03-11 18:30:00,RARE
125.8359,126.66,125.65,126.66,906,2021-03-11 18:35:00,RARE
126.08,126.57,126.08,126.33,500,2021-03-11 18:40:00,RARE
126.31,126.31,126.31,126.31,100,2021-03-11 18:45:00,RARE
126.14,126.35,125.57,125.665,3384,2021-03-11 18:50:00,RARE
125.4,125.63,125.4,125.42,400,2021-03-11 18:55:00,RARE
125.44,125.9099,125.32,125.32,825,2021-03-11 19:00:00,RARE
125.49,125.49,125.06,125.13,700,2021-03-11 19:05:00,RARE
125.25,125.29,125.25,125.29,200,2021-03-11 19:10:00,RARE
125.26,125.26,124.87,124.87,500,2021-03-11 19:15:00,RARE
125.12,125.39,125.02,125.38,400,2021-03-11 19:20:00,RARE
125.33,125.33,125.205,125.205,300,2021-03-11 19:25:00,RARE
125.05,125.06,125.04,125.06,300,2021-03-11 19:30:00,RARE
125.2,125.2,124.73,125.1,1100,2021-03-11 19:35:00,RARE
125.3,125.3,125.3,125.3,100,2021-03-11 19:40:00,RARE
125.26,125.36,125.1,125.1,500,2021-03-11 19:45:00,RARE
125.22,125.655,125.22,125.655,300,2021-03-11 19:50:00,RARE
125.28,125.465,125.28,125.465,400,2021-03-11 19:55:00,RARE
125.66,125.9,125.6,125.9,600,2021-03-11 20:00:00,RARE
125.97,126.03,125.73,126.0,1000,2021-03-11 20:05:00,RARE
125.695,125.695,125.695,125.695,100,2021-03-11 20:10:00,RARE
125.765,125.765,125.3,125.3,1336,2021-03-11 20:15:00,RARE
125.37,125.39,125.37,125.37,546,2021-03-11 20:20:00,RARE
125.64,125.92,125.44,125.8,1250,2021-03-11 20:25:00,RARE
125.95,126.37,125.69,125.845,2401,2021-03-11 20:30:00,RARE
125.845,126.13,125.75,125.88,1700,2021-03-11 20:35:00,RARE
126.16,126.4,126.15,126.31,2034,2021-03-11 20:40:00,RARE
126.1,126.4,126.02,126.19,1813,2021-03-11 20:45:00,RARE
126.09,127.13,125.95,126.98,13425,2021-03-11 20:50:00,RARE
126.96,126.98,126.24,126.85,21018,2021-03-11 20:55:00,RARE
126.85,126.85,126.85,126.85,51221,2021-03-11 21:00:00,RARE
124.55,124.55,123.95,123.97,2740,2021-03-12 14:30:00,RARE
124.49,124.92,123.0,123.0,1900,2021-03-12 14:35:00,RARE
123.29,124.25,123.085,124.25,1000,2021-03-12 14:40:00,RARE
124.005,124.57,123.7,124.57,800,2021-03-12 14:45:00,RARE
125.23,125.23,124.96,124.96,200,2021-03-12 14:50:00,RARE
125.0745,125.35,125.0745,125.12,341,2021-03-12 14:55:00,RARE
124.98,125.81,124.97,125.81,1101,2021-03-12 15:00:00,RARE
125.545,125.545,125.38,125.38,300,2021-03-12 15:05:00,RARE
125.415,125.48,124.4,125.155,1220,2021-03-12 15:10:00,RARE
125.37,125.76,125.19,125.76,1200,2021-03-12 15:15:00,RARE
125.02,125.13,124.69,124.69,600,2021-03-12 15:20:00,RARE
125.03,125.03,125.02,125.02,200,2021-03-12 15:25:00,RARE
124.73,125.37,124.73,124.98,1500,2021-03-12 15:30:00,RARE
125.13,125.38,125.02,125.2405,1200,2021-03-12 15:35:00,RARE
125.0,125.17,124.84,125.17,938,2021-03-12 15:40:00,RARE
125.21,125.32,124.84,125.32,1071,2021-03-12 15:45:00,RARE
124.85,125.03,124.25,124.51,700,2021-03-12 15:50:00,RARE
124.395,124.63,124.395,124.63,230,2021-03-12 15:55:00,RARE
124.32,125.04,124.32,124.58,2832,2021-03-12 16:00:00,RARE
125.06,125.06,125.06,125.06,100,2021-03-12 16:05:00,RARE
125.23,126.21,125.17,126.21,1100,2021-03-12 16:10:00,RARE
125.83,126.265,125.83,126.265,700,2021-03-12 16:15:00,RARE
126.1,126.1,126.1,126.1,100,2021-03-12 16:20:00,RARE
125.91,126.28,125.91,126.28,212,2021-03-12 16:25:00,RARE
126.31,126.58,126.19,126.19,926,2021-03-12 16:30:00,RARE
126.39,126.58,126.39,126.58,300,2021-03-12 16:35:00,RARE
126.32,126.85,126.32,126.85,200,2021-03-12 16:40:00,RARE
126.8,126.91,126.8,126.91,400,2021-03-12 16:45:00,RARE
126.71,126.85,126.71,126.85,300,2021-03-12 16:50:00,RARE
126.525,126.6,126.38,126.6,400,2021-03-12 16:55:00,RARE
126.15,126.55,126.15,126.55,600,2021-03-12 17:05:00,RARE
126.06,126.06,125.63,125.84,500,2021-03-12 17:10:00,RARE
125.65,125.86,125.46,125.46,1100,2021-03-12 17:15:00,RARE
125.52,125.52,125.435,125.435,200,2021-03-12 17:20:00,RARE
125.3,125.68,125.3,125.68,1900,2021-03-12 17:25:00,RARE
125.97,125.97,125.97,125.97,100,2021-03-12 17:30:00,RARE
125.55,125.55,125.55,125.55,300,2021-03-12 17:40:00,RARE
125.67,125.97,125.21,125.97,600,2021-03-12 17:45:00,RARE
125.44,126.24,125.44,126.24,2100,2021-03-12 17:50:00,RARE
126.39,126.6,126.39,126.6,300,2021-03-12 17:55:00,RARE
126.74,126.74,126.7,126.73,403,2021-03-12 18:00:00,RARE
126.78,126.8,126.44,126.62,5024,2021-03-12 18:05:00,RARE
126.325,126.71,126.325,126.65,541,2021-03-12 18:10:00,RARE
126.75,126.76,126.48,126.76,720,2021-03-12 18:15:00,RARE
125.83,126.2,125.7,126.2,8600,2021-03-12 18:25:00,RARE
126.41,126.51,126.41,126.51,200,2021-03-12 18:30:00,RARE
126.2,126.2,126.0,126.11,600,2021-03-12 18:35:00,RARE
126.4,126.4,126.22,126.22,200,2021-03-12 18:40:00,RARE
126.0711,126.0711,126.0711,126.0711,145,2021-03-12 18:45:00,RARE
126.04,126.18,125.82,126.18,300,2021-03-12 18:50:00,RARE
125.77,126.01,125.65,125.65,600,2021-03-12 19:00:00,RARE
125.7,125.7,125.7,125.7,100,2021-03-12 19:05:00,RARE
125.27,125.27,125.27,125.27,100,2021-03-12 19:10:00,RARE
125.18,125.18,124.8,125.0,400,2021-03-12 19:15:00,RARE
125.19,125.2,124.845,124.845,400,2021-03-12 19:20:00,RARE
125.0,125.0,125.0,125.0,100,2021-03-12 19:25:00,RARE
125.0,125.53,125.0,125.41,800,2021-03-12 19:30:00,RARE
125.1,125.31,125.02,125.115,3932,2021-03-12 19:35:00,RARE
125.11,125.53,125.11,125.4,1824,2021-03-12 19:40:00,RARE
125.51,125.6,125.3,125.6,2482,2021-03-12 19:45:00,RARE
125.69,125.72,125.69,125.72,200,2021-03-12 19:50:00,RARE
125.82,126.12,125.82,126.12,434,2021-03-12 19:55:00,RARE
125.91,126.01,125.755,125.755,700,2021-03-12 20:00:00,RARE
125.86,126.315,125.825,126.22,1000,2021-03-12 20:05:00,RARE
126.2,126.535,126.19,126.395,1278,2021-03-12 20:10:00,RARE
126.41,126.6,126.12,126.43,1200,2021-03-12 20:15:00,RARE
126.1899,126.56,126.1899,126.24,927,2021-03-12 20:20:00,RARE
126.395,126.59,126.3,126.3,900,2021-03-12 20:25:00,RARE
125.975,126.76,125.975,126.76,1100,2021-03-12 20:30:00,RARE
126.67,126.94,126.56,126.94,1300,2021-03-12 20:35:00,RARE
127.06,127.09,126.67,127.09,800,2021-03-12 20:40:00,RARE
126.98,126.98,126.29,126.29,1300,2021-03-12 20:45:00,RARE
126.63,127.02,126.46,127.01,4202,2021-03-12 20:50:00,RARE
127.03,127.17,126.66,126.93,8646,2021-03-12 20:55:00,RARE
126.95,126.95,126.95,126.95,52432,2021-03-12 21:00:00,RARE
126.95,126.95,126.95,126.95,633,2021-03-12 21:05:00,RARE
125.64,125.68,123.89,125.68,4783,2021-03-15 13:30:00,RARE
125.475,125.66,125.375,125.66,826,2021-03-15 13:45:00,RARE
125.64,125.66,124.55,124.63,5426,2021-03-15 13:50:00,RARE
124.97,125.84,124.91,125.84,2414,2021-03-15 13:55:00,RARE
125.86,126.72,125.86,126.72,500,2021-03-15 14:00:00,RARE
126.57,126.68,125.68,125.9,435,2021-03-15 14:05:00,RARE
126.1,127.015,126.1,126.71,1172,2021-03-15 14:10:00,RARE
127.25,127.31,127.16,127.31,300,2021-03-15 14:15:00,RARE
127.4,127.4,126.57,126.9,570,2021-03-15 14:20:00,RARE
126.66,126.9871,126.62,126.86,2036,2021-03-15 14:25:00,RARE
126.45,127.53,126.45,127.53,1200,2021-03-15 14:30:00,RARE
127.25,127.25,125.8,126.205,2053,2021-03-15 14:35:00,RARE
126.63,126.82,126.415,126.415,1400,2021-03-15 14:40:00,RARE
126.69,126.97,126.63,126.63,300,2021-03-15 14:45:00,RARE
126.845,126.98,126.58,126.98,500,2021-03-15 14:50:00,RARE
126.77,127.07,126.42,127.07,2026,2021-03-15 14:55:00,RARE
127.01,127.74,127.01,127.67,2003,2021-03-15 15:00:00,RARE
127.8,127.8,127.54,127.54,300,2021-03-15 15:05:00,RARE
127.94,128.01,127.71,127.95,1904,2021-03-15 15:10:00,RARE
127.71,127.95,127.66,127.95,500,2021-03-15 15:15:00,RARE
127.62,127.77,127.44,127.525,1800,2021-03-15 15:20:00,RARE
127.44,127.53,126.71,126.9,2800,2021-03-15 15:25:00,RARE
127.08,127.17,126.65,126.65,3053,2021-03-15 15:30:00,RARE
126.49,126.49,126.49,126.49,100,2021-03-15 15:35:00,RARE
126.62,127.04,126.62,127.04,700,2021-03-15 15:40:00,RARE
127.28,127.51,127.28,127.51,200,2021-03-15 15:45:00,RARE
127.66,127.77,127.66,127.77,400,2021-03-15 15:50:00,RARE
128.2,128.2,127.99,127.99,455,2021-03-15 15:55:00,RARE
128.02,128.42,128.02,128.34,1605,2021-03-15 16:00:00,RARE
128.48,128.48,128.47,128.47,200,2021-03-15 16:05:00,RARE
128.485,128.485,128.14,128.36,900,2021-03-15 16:15:00,RARE
128.05,128.13,128.05,128.105,500,2021-03-15 16:20:00,RARE
128.25,128.25,128.25,128.25,100,2021-03-15 16:25:00,RARE
127.89,128.23,127.89,128.23,1028,2021-03-15 16:30:00,RARE
128.59,128.66,128.46,128.61,1100,2021-03-15 16:35:00,RARE
128.22,128.42,128.165,128.41,800,2021-03-15 16:40:00,RARE
128.31,128.31,128.2,128.225,479,2021-03-15 16:45:00,RARE
128.53,128.53,128.215,128.215,540,2021-03-15 16:50:00,RARE
128.61,128.84,128.61,128.84,300,2021-03-15 16:55:00,RARE
129.04,129.15,129.04,129.15,200,2021-03-15 17:00:00,RARE
128.75,128.91,128.75,128.91,1400,2021-03-15 17:05:00,RARE
128.665,128.67,128.49,128.49,670,2021-03-15 17:10:00,RARE
128.085,128.085,128.06,128.06,300,2021-03-15 17:15:00,RARE
128.27,128.28,128.085,128.28,840,2021-03-15 17:20:00,RARE
128.84,128.84,128.84,128.84,100,2021-03-15 17:25:00,RARE
128.5,128.89,128.37,128.89,1370,2021-03-15 17:30:00,RARE
128.65,129.05,128.65,128.815,400,2021-03-15 17:40:00,RARE
128.82,128.96,128.76,128.93,2127,2021-03-15 17:45:00,RARE
128.76,128.88,128.6,128.84,1721,2021-03-15 17:50:00,RARE
128.67,128.67,128.47,128.58,500,2021-03-15 17:55:00,RARE
128.62,128.62,128.27,128.315,500,2021-03-15 18:00:00,RARE
128.245,128.25,128.015,128.22,700,2021-03-15 18:05:00,RARE
128.14,128.14,127.98,128.01,300,2021-03-15 18:10:00,RARE
128.165,128.165,128.165,128.165,114,2021-03-15 18:15:00,RARE
128.21,128.31,128.21,128.31,400,2021-03-15 18:20:00,RARE
128.48,128.5,128.27,128.5,600,2021-03-15 18:30:00,RARE
128.31,128.75,128.31,128.75,1131,2021-03-15 18:35:00,RARE
129.0,129.0,128.875,128.95,300,2021-03-15 18:40:00,RARE
129.165,129.165,129.15,129.15,200,2021-03-15 18:45:00,RARE
129.38,129.4,129.145,129.25,1184,2021-03-15 18:50:00,RARE
129.37,129.49,129.11,129.47,3119,2021-03-15 18:55:00,RARE
129.355,129.83,129.355,129.65,2572,2021-03-15 19:00:00,RARE
129.33,129.35,129.16,129.35,1000,2021-03-15 19:05:00,RARE
129.19,129.46,128.83,129.0,1600,2021-03-15 19:10:00,RARE
129.02,129.16,128.74,128.96,1226,2021-03-15 19:15:00,RARE
128.875,128.875,128.685,128.83,800,2021-03-15 19:20:00,RARE
128.51,128.84,128.25,128.41,1337,2021-03-15 19:25:00,RARE
128.395,128.68,128.395,128.57,600,2021-03-15 19:30:00,RARE
128.465,128.92,128.38,128.875,2020,2021-03-15 19:35:00,RARE
128.99,128.99,128.57,128.81,2500,2021-03-15 19:40:00,RARE
128.8,129.02,128.57,129.0,4428,2021-03-15 19:45:00,RARE
129.01,129.56,128.75,129.19,6684,2021-03-15 19:50:00,RARE
128.99,129.67,128.99,129.405,15280,2021-03-15 19:55:00,RARE
129.27,129.27,129.27,129.27,32273,2021-03-15 20:00:00,RARE
131.37,133.82,128.94,130.16,7551,2021-03-16 13:30:00,RARE
130.51,133.06,130.09,130.09,45897,2021-03-16 13:35:00,RARE
130.18,133.08,130.18,133.08,6753,2021-03-16 13:40:00,RARE
132.9,133.22,131.75,132.0,22458,2021-03-16 13:45:00,RARE
132.0,132.98,131.31,132.0763,5825,2021-03-16 13:50:00,RARE
132.5,133.0,132.07,132.39,1838,2021-03-16 13:55:00,RARE
132.05,132.89,131.89,132.37,2437,2021-03-16 14:00:00,RARE
132.32,132.335,131.66,132.22,4500,2021-03-16 14:05:00,RARE
132.22,132.325,132.22,132.23,820,2021-03-16 14:10:00,RARE
132.46,132.46,131.92,131.92,800,2021-03-16 14:15:00,RARE
131.7,131.8025,131.03,131.03,799,2021-03-16 14:20:00,RARE
131.71,131.78,131.47,131.47,600,2021-03-16 14:25:00,RARE
131.45,131.63,131.105,131.3,1911,2021-03-16 14:30:00,RARE
131.58,131.73,131.445,131.605,814,2021-03-16 14:35:00,RARE
131.88,132.11,131.63,131.75,1084,2021-03-16 14:40:00,RARE
131.725,131.905,131.725,131.905,200,2021-03-16 14:45:00,RARE
131.97,132.18,131.64,131.64,2600,2021-03-16 14:50:00,RARE
131.9495,131.9495,131.42,131.445,603,2021-03-16 14:55:00,RARE
131.445,131.445,130.81,130.815,600,2021-03-16 15:00:00,RARE
130.86,130.86,130.58,130.805,500,2021-03-16 15:05:00,RARE
130.54,131.49,130.52,131.11,2849,2021-03-16 15:10:00,RARE
131.16,131.2,131.16,131.2,500,2021-03-16 15:15:00,RARE
131.135,131.405,130.82,130.82,5099,2021-03-16 15:20:00,RARE
131.09,131.09,130.7,130.7,1000,2021-03-16 15:25:00,RARE
130.66,131.01,130.66,131.01,400,2021-03-16 15:30:00,RARE
131.01,131.26,130.98,131.26,400,2021-03-16 15:35:00,RARE
131.35,131.47,131.0,131.0,39811,2021-03-16 15:40:00,RARE
131.0,131.0,130.0,130.265,8832,2021-03-16 15:45:00,RARE
130.03,130.13,129.82,129.89,2200,2021-03-16 15:50:00,RARE
130.055,130.055,130.055,130.055,200,2021-03-16 15:55:00,RARE
129.64,130.16,129.64,129.875,400,2021-03-16 16:00:00,RARE
129.925,129.925,129.39,129.67,3543,2021-03-16 16:05:00,RARE
129.67,129.95,129.6,129.84,5400,2021-03-16 16:10:00,RARE
129.67,129.67,129.18,129.18,1474,2021-03-16 16:15:00,RARE
129.03,129.07,128.99,129.0,700,2021-03-16 16:20:00,RARE
128.75,129.0,128.51,128.86,2324,2021-03-16 16:25:00,RARE
129.25,129.45,129.205,129.45,1254,2021-03-16 16:30:00,RARE
129.34,129.71,129.34,129.575,1200,2021-03-16 16:35:00,RARE
129.75,129.79,129.54,129.54,300,2021-03-16 16:40:00,RARE
129.695,129.73,129.695,129.73,300,2021-03-16 16:45:00,RARE
129.71,129.79,129.71,129.77,1200,2021-03-16 16:55:00,RARE
129.88,130.045,129.65,130.02,134054,2021-03-16 17:00:00,RARE
130.05,130.05,129.345,129.72,1344,2021-03-16 17:05:00,RARE
129.72,129.95,129.57,129.95,723,2021-03-16 17:10:00,RARE
130.01,130.06,128.99,129.34,1373,2021-03-16 17:15:00,RARE
128.74,129.53,128.74,129.45,4313,2021-03-16 17:25:00,RARE
129.35,129.54,129.17,129.17,2095,2021-03-16 17:30:00,RARE
129.285,129.285,128.85,129.19,4459,2021-03-16 17:35:00,RARE
129.14,129.64,129.14,129.64,4956,2021-03-16 17:40:00,RARE
129.64,129.665,129.64,129.665,200,2021-03-16 17:45:00,RARE
129.47,129.77,129.47,129.75,5853,2021-03-16 17:55:00,RARE
129.69,129.69,129.15,129.15,2942,2021-03-16 18:00:00,RARE
129.0,129.0,128.58,128.695,1300,2021-03-16 18:05:00,RARE
128.84,128.89,128.69,128.69,800,2021-03-16 18:10:00,RARE
128.79,128.93,128.215,128.34,9283,2021-03-16 18:15:00,RARE
127.98,128.02,126.72,126.89,2427,2021-03-16 18:20:00,RARE
127.0,127.45,126.97,127.045,2400,2021-03-16 18:25:00,RARE
127.39,127.39,126.82,127.005,1300,2021-03-16 18:30:00,RARE
126.9323,126.9323,125.54,125.54,1408,2021-03-16 18:35:00,RARE
125.63,125.96,125.0,125.0,4546,2021-03-16 18:40:00,RARE
125.28,125.63,125.18,125.63,800,2021-03-16 18:45:00,RARE
125.57,126.1,125.36,126.09,1300,2021-03-16 18:50:00,RARE
126.26,126.695,126.26,126.65,931,2021-03-16 18:55:00,RARE
126.35,126.65,126.12,126.65,1803,2021-03-16 19:00:00,RARE
126.77,127.4,126.585,127.4,1928,2021-03-16 19:05:00,RARE
127.12,127.27,126.82,127.17,1418,2021-03-16 19:10:00,RARE
127.115,127.28,126.855,126.855,1600,2021-03-16 19:15:00,RARE
126.725,127.08,126.61,127.08,1400,2021-03-16 19:20:00,RARE
127.21,127.46,127.21,127.35,700,2021-03-16 19:25:00,RARE
127.24,127.95,127.24,127.95,1100,2021-03-16 19:30:00,RARE
127.85,128.19,127.782,128.19,2345,2021-03-16 19:35:00,RARE
128.2,129.08,128.05,128.05,4165,2021-03-16 19:40:00,RARE
128.29,128.62,128.11,128.11,4003,2021-03-16 19:45:00,RARE
127.97,129.35,127.19,129.04,11078,2021-03-16 19:50:00,RARE
129.05,129.28,128.47,129.24,42603,2021-03-16 19:55:00,RARE
129.26,129.26,129.26,129.26,82316,2021-03-16 20:00:00,RARE
129.26,129.26,129.26,129.26,7227,2021-03-16 21:15:00,RARE
127.26,127.26,127.26,127.26,2189,2021-03-17 13:30:00,RARE
124.86,124.86,124.86,124.86,100,2021-03-17 13:40:00,RARE
126.01,126.01,125.46,125.46,5100,2021-03-17 13:45:00,RARE
125.955,126.54,125.38,126.135,2400,2021-03-17 13:50:00,RARE
126.21,126.21,126.21,126.21,100,2021-03-17 13:55:00,RARE
126.05,126.8,125.71,126.8,12000,2021-03-17 14:00:00,RARE
126.365,126.365,125.41,125.48,505,2021-03-17 14:05:00,RARE
125.34,126.05,125.34,126.05,800,2021-03-17 14:10:00,RARE
126.95,126.95,126.665,126.665,200,2021-03-17 14:15:00,RARE
126.41,126.41,126.41,126.41,100,2021-03-17 14:20:00,RARE
127.28,127.32,126.87,127.005,500,2021-03-17 14:25:00,RARE
126.61,126.72,126.55,126.72,700,2021-03-17 14:30:00,RARE
127.06,127.26,126.7517,127.085,1100,2021-03-17 14:35:00,RARE
126.38,126.38,126.18,126.18,300,2021-03-17 14:40:00,RARE
125.56,126.39,125.56,126.31,2900,2021-03-17 14:45:00,RARE
126.19,126.34,125.96,126.34,400,2021-03-17 14:50:00,RARE
126.73,126.89,126.49,126.89,600,2021-03-17 14:55:00,RARE
126.19,126.19,126.01,126.01,200,2021-03-17 15:00:00,RARE
126.115,126.115,126.115,126.115,100,2021-03-17 15:05:00,RARE
125.775,126.83,125.775,126.715,6047,2021-03-17 15:15:00,RARE
127.45,127.51,126.875,127.38,905,2021-03-17 15:20:00,RARE
127.02,127.44,127.02,127.44,200,2021-03-17 15:25:00,RARE
127.065,127.4,127.065,127.4,500,2021-03-17 15:30:00,RARE
127.22,127.22,126.85,127.02,500,2021-03-17 15:40:00,RARE
127.165,127.63,127.165,127.63,400,2021-03-17 15:45:00,RARE
127.29,127.6,127.29,127.6,500,2021-03-17 15:50:00,RARE
127.22,127.22,127.0,127.0,1080,2021-03-17 15:55:00,RARE
127.105,127.71,127.105,127.44,12100,2021-03-17 16:00:00,RARE
127.205,127.36,127.205,127.36,500,2021-03-17 16:05:00,RARE
127.59,127.68,127.5,127.53,700,2021-03-17 16:10:00,RARE
127.58,127.74,127.53,127.63,1059,2021-03-17 16:15:00,RARE
127.66,127.66,127.45,127.45,300,2021-03-17 16:20:00,RARE
127.45,127.485,127.28,127.45,1200,2021-03-17 16:25:00,RARE
127.24,127.24,126.99,127.09,700,2021-03-17 16:30:00,RARE
127.05,127.29,127.05,127.29,1000,2021-03-17 16:35:00,RARE
127.265,127.47,127.265,127.47,500,2021-03-17 16:40:00,RARE
127.2,127.225,126.95,127.02,1700,2021-03-17 16:45:00,RARE
127.025,127.19,127.025,127.19,300,2021-03-17 16:50:00,RARE
127.075,127.2,127.0675,127.2,400,2021-03-17 16:55:00,RARE
126.96,127.0,126.72,126.72,1065,2021-03-17 17:00:00,RARE
126.575,126.575,126.575,126.575,100,2021-03-17 17:05:00,RARE
126.92,126.96,126.91,126.96,300,2021-03-17 17:10:00,RARE
126.37,127.0,126.37,127.0,300,2021-03-17 17:15:00,RARE
126.9,126.9,126.895,126.895,300,2021-03-17 17:20:00,RARE
127.03,127.03,127.0,127.0,200,2021-03-17 17:25:00,RARE
127.27,127.33,127.155,127.21,405,2021-03-17 17:30:00,RARE
127.43,127.71,127.43,127.71,400,2021-03-17 17:35:00,RARE
127.8,128.21,127.8,128.2,2230,2021-03-17 17:40:00,RARE
128.07,128.22,128.03,128.04,903,2021-03-17 17:45:00,RARE
127.82,127.82,127.26,127.26,1811,2021-03-17 17:50:00,RARE
127.49,127.49,126.96,126.96,700,2021-03-17 17:55:00,RARE
127.78,128.78,127.78,128.75,1900,2021-03-17 18:00:00,RARE
128.74,129.54,128.74,129.04,7270,2021-03-17 18:05:00,RARE
129.42,130.37,129.42,130.0216,1547,2021-03-17 18:10:00,RARE
130.44,130.44,129.43,129.57,1670,2021-03-17 18:15:00,RARE
129.36,129.59,129.0,129.44,2312,2021-03-17 18:20:00,RARE
128.77,129.41,128.75,129.06,1100,2021-03-17 18:25:00,RARE
128.99,128.99,128.22,128.47,2022,2021-03-17 18:30:00,RARE
128.75,128.98,128.44,128.98,1100,2021-03-17 18:35:00,RARE
129.215,130.68,129.215,130.68,3200,2021-03-17 18:40:00,RARE
130.41,130.56,129.96,129.96,1300,2021-03-17 18:45:00,RARE
130.0,130.28,129.73,129.89,2906,2021-03-17 18:50:00,RARE
130.3,130.3,129.92,130.155,1500,2021-03-17 18:55:00,RARE
130.155,130.26,129.375,129.64,32958,2021-03-17 19:00:00,RARE
129.55,130.31,129.48,129.53,6264,2021-03-17 19:05:00,RARE
129.56,129.6575,128.61,129.03,10390,2021-03-17 19:10:00,RARE
129.22,129.22,129.03,129.15,600,2021-03-17 19:15:00,RARE
129.11,129.11,128.59,128.59,13600,2021-03-17 19:20:00,RARE
128.85,129.17,128.68,128.68,1100,2021-03-17 19:25:00,RARE
128.89,128.95,128.63,128.7,1200,2021-03-17 19:30:00,RARE
128.42,128.42,127.72,127.72,950,2021-03-17 19:35:00,RARE
127.82,128.2,127.64,128.09,1700,2021-03-17 19:40:00,RARE
128.14,128.77,127.89,128.46,7030,2021-03-17 19:45:00,RARE
128.26,129.435,127.93,129.435,10924,2021-03-17 19:50:00,RARE
129.14,129.8,128.68,128.88,32656,2021-03-17 19:55:00,RARE
128.88,128.88,128.88,128.88,51918,2021-03-17 20:00:00,RARE
128.88,128.88,128.88,128.88,373,2021-03-17 21:50:00,RARE
126.78,126.78,125.3,125.7,2815,2021-03-18 13:30:00,RARE
126.915,126.915,126.915,126.915,175,2021-03-18 13:35:00,RARE
125.46,127.17,125.46,126.95,10705,2021-03-18 13:40:00,RARE
126.5,127.275,125.01,125.2,9400,2021-03-18 13:45:00,RARE
125.31,125.39,125.025,125.39,1493,2021-03-18 13:50:00,RARE
125.42,125.45,124.62,124.81,4159,2021-03-18 13:55:00,RARE
125.23,125.23,123.97,123.97,1300,2021-03-18 14:00:00,RARE
123.96,125.09,123.96,124.25,6357,2021-03-18 14:05:00,RARE
124.4,125.0,124.38,125.0,1141,2021-03-18 14:10:00,RARE
124.59,125.24,124.48,125.2,4400,2021-03-18 14:15:00,RARE
125.0,125.62,124.865,124.865,3926,2021-03-18 14:20:00,RARE
125.01,125.37,124.69,125.0,1300,2021-03-18 14:25:00,RARE
124.78,124.78,124.78,124.78,100,2021-03-18 14:30:00,RARE
124.47,124.8,124.29,124.8,411,2021-03-18 14:35:00,RARE
124.91,125.13,124.87,124.87,6148,2021-03-18 14:40:00,RARE
125.0,125.0,124.81,125.0,400,2021-03-18 14:45:00,RARE
124.94,125.0,124.94,125.0,400,2021-03-18 14:50:00,RARE
125.0,125.0,124.72,125.0,400,2021-03-18 14:55:00,RARE
124.75,125.25,124.75,125.02,1400,2021-03-18 15:00:00,RARE
125.0,125.005,124.88,124.88,900,2021-03-18 15:05:00,RARE
125.06,125.07,124.56,124.56,1230,2021-03-18 15:10:00,RARE
124.81,124.81,124.65,124.65,200,2021-03-18 15:15:00,RARE
124.63,124.64,124.62,124.62,400,2021-03-18 15:20:00,RARE
124.61,125.2,124.56,125.2,800,2021-03-18 15:25:00,RARE
125.27,125.32,125.12,125.32,500,2021-03-18 15:30:00,RARE
125.16,125.48,125.16,125.365,400,2021-03-18 15:35:00,RARE
125.42,125.42,125.275,125.28,511,2021-03-18 15:40:00,RARE
125.34,125.41,125.25,125.26,1100,2021-03-18 15:45:00,RARE
125.1,125.1,124.69,124.69,600,2021-03-18 15:50:00,RARE
124.57,124.82,124.525,124.82,300,2021-03-18 15:55:00,RARE
125.04,125.115,125.03,125.11,600,2021-03-18 16:00:00,RARE
125.3,125.5,125.08,125.345,30125,2021-03-18 16:05:00,RARE
125.46,126.3,125.45,126.3,1400,2021-03-18 16:10:00,RARE
126.25,126.401,126.17,126.18,1522,2021-03-18 16:15:00,RARE
125.8,125.985,125.69,125.69,900,2021-03-18 16:20:00,RARE
125.75,126.095,125.75,126.095,600,2021-03-18 16:25:00,RARE
125.66,125.66,125.61,125.61,200,2021-03-18 16:35:00,RARE
125.825,125.825,125.41,125.41,16047,2021-03-18 16:40:00,RARE
125.475,125.475,124.89,124.89,8200,2021-03-18 16:45:00,RARE
124.5,124.5,123.64,123.64,800,2021-03-18 16:50:00,RARE
123.63,123.63,123.345,123.5,925,2021-03-18 16:55:00,RARE
123.6325,123.8,123.6325,123.8,745,2021-03-18 17:00:00,RARE
124.14,124.14,123.51,123.51,2271,2021-03-18 17:05:00,RARE
123.84,124.33,123.84,124.33,5792,2021-03-18 17:10:00,RARE
124.44,124.44,124.24,124.39,300,2021-03-18 17:15:00,RARE
124.54,124.54,124.37,124.37,200,2021-03-18 17:20:00,RARE
124.33,124.33,124.33,124.33,200,2021-03-18 17:25:00,RARE
124.35,124.35,124.01,124.07,1500,2021-03-18 17:30:00,RARE
124.22,124.26,124.16,124.26,600,2021-03-18 17:35:00,RARE
124.37,124.54,124.31,124.31,600,2021-03-18 17:40:00,RARE
124.4146,124.5,124.27,124.38,600,2021-03-18 17:45:00,RARE
124.18,124.53,124.18,124.53,300,2021-03-18 17:50:00,RARE
124.56,124.56,124.49,124.49,200,2021-03-18 17:55:00,RARE
124.47,124.47,124.16,124.16,400,2021-03-18 18:00:00,RARE
123.91,123.93,123.79,123.85,1000,2021-03-18 18:05:00,RARE
123.77,123.77,123.26,123.42,600,2021-03-18 18:10:00,RARE
122.92,123.2,122.86,123.005,900,2021-03-18 18:15:00,RARE
122.835,122.865,122.64,122.64,500,2021-03-18 18:20:00,RARE
122.45,122.9,122.36,122.9,2793,2021-03-18 18:25:00,RARE
122.749,122.87,122.29,122.63,2325,2021-03-18 18:30:00,RARE
122.47,123.16,122.47,123.0,3129,2021-03-18 18:35:00,RARE
122.82,122.82,122.82,122.82,100,2021-03-18 18:40:00,RARE
122.65,122.65,122.295,122.295,300,2021-03-18 18:45:00,RARE
122.45,122.67,122.38,122.67,2100,2021-03-18 18:50:00,RARE
122.76,122.76,122.56,122.56,200,2021-03-18 18:55:00,RARE
122.565,123.035,122.2,123.035,2300,2021-03-18 19:00:00,RARE
123.02,123.02,122.32,122.64,1060,2021-03-18 19:05:00,RARE
122.65,122.69,122.34,122.52,500,2021-03-18 19:10:00,RARE
122.27,122.42,121.785,121.785,1227,2021-03-18 19:15:00,RARE
121.65,121.65,121.14,121.215,1121,2021-03-18 19:20:00,RARE
121.19,121.79,121.05,121.62,1800,2021-03-18 19:25:00,RARE
121.58,121.58,121.08,121.08,900,2021-03-18 19:30:00,RARE
121.115,121.115,120.52,120.64,1900,2021-03-18 19:35:00,RARE
120.82,120.82,120.22,120.37,4678,2021-03-18 19:40:00,RARE
120.36,120.365,119.1677,119.47,6912,2021-03-18 19:45:00,RARE
119.13,120.71,119.13,120.415,6716,2021-03-18 19:50:00,RARE
120.48,120.68,119.52,119.52,19957,2021-03-18 19:55:00,RARE
119.99,119.99,119.99,119.99,49186,2021-03-18 20:00:00,RARE
119.45,122.48,119.45,122.48,187578,2021-03-19 13:30:00,RARE
118.7,119.99,118.6025,119.545,2900,2021-03-19 13:35:00,RARE
120.845,120.845,118.5,119.73,13089,2021-03-19 13:40:00,RARE
119.465,120.46,119.44,119.99,1128,2021-03-19 13:45:00,RARE
119.58,121.82,119.58,121.035,6786,2021-03-19 13:50:00,RARE
121.48,121.94,121.3,121.94,1400,2021-03-19 13:55:00,RARE
121.045,121.045,119.185,119.28,5535,2021-03-19 14:00:00,RARE
119.195,119.195,118.11,118.11,1000,2021-03-19 14:05:00,RARE
118.14,119.31,117.18,119.31,6019,2021-03-19 14:10:00,RARE
118.58,120.05,118.58,119.37,5725,2021-03-19 14:15:00,RARE
119.195,119.84,119.09,119.19,2670,2021-03-19 14:20:00,RARE
119.85,121.01,119.79,121.01,3320,2021-03-19 14:25:00,RARE
120.34,120.47,119.71,119.86,4225,2021-03-19 14:30:00,RARE
119.94,121.22,119.94,121.22,3700,2021-03-19 14:35:00,RARE
121.3966,121.67,121.33,121.59,4354,2021-03-19 14:40:00,RARE
121.62,121.79,121.3,121.47,8257,2021-03-19 14:45:00,RARE
121.56,122.1114,121.45,122.1114,1500,2021-03-19 14:50:00,RARE
121.95,122.3,121.57,122.105,5620,2021-03-19 14:55:00,RARE
122.14,122.41,122.095,122.095,1300,2021-03-19 15:00:00,RARE
121.79,122.13,121.1,121.1,4098,2021-03-19 15:05:00,RARE
121.08,121.19,120.62,120.95,5303,2021-03-19 15:10:00,RARE
121.4,121.72,120.84,121.38,4440,2021-03-19 15:15:00,RARE
121.0,121.4,120.59,120.59,3867,2021-03-19 15:20:00,RARE
120.46,121.29,120.075,121.29,5348,2021-03-19 15:25:00,RARE
121.36,121.89,121.36,121.89,1785,2021-03-19 15:30:00,RARE
121.56,121.84,120.99,121.84,2800,2021-03-19 15:35:00,RARE
121.47,121.47,120.8,120.885,4260,2021-03-19 15:40:00,RARE
120.585,120.98,120.36,120.52,4916,2021-03-19 15:45:00,RARE
120.61,120.89,120.43,120.5,2099,2021-03-19 15:50:00,RARE
120.7,121.1,120.7,121.1,4159,2021-03-19 15:55:00,RARE
121.2,121.52,121.1,121.38,2707,2021-03-19 16:00:00,RARE
121.21,121.37,120.98,121.35,2810,2021-03-19 16:05:00,RARE
120.88,121.37,120.675,121.37,3650,2021-03-19 16:10:00,RARE
120.93,120.99,120.82,120.965,5365,2021-03-19 16:15:00,RARE
120.97,121.19,120.685,120.8,2513,2021-03-19 16:20:00,RARE
120.61,120.61,120.14,120.22,3994,2021-03-19 16:25:00,RARE
120.11,120.11,119.88,120.1,3100,2021-03-19 16:30:00,RARE
120.39,120.39,120.15,120.2,981,2021-03-19 16:35:00,RARE
120.195,120.49,120.195,120.49,400,2021-03-19 16:40:00,RARE
120.64,121.05,120.64,121.05,1500,2021-03-19 16:45:00,RARE
121.03,121.11,120.89,120.89,1095,2021-03-19 16:50:00,RARE
120.88,121.52,120.88,121.52,1880,2021-03-19 16:55:00,RARE
121.68,121.72,121.32,121.32,1600,2021-03-19 17:00:00,RARE
121.06,121.31,121.03,121.31,3300,2021-03-19 17:05:00,RARE
121.28,122.01,121.23,121.78,2048,2021-03-19 17:10:00,RARE
121.74,121.74,121.64,121.64,472,2021-03-19 17:15:00,RARE
121.74,122.43,121.74,122.38,5200,2021-03-19 17:20:00,RARE
122.74,122.74,122.565,122.565,200,2021-03-19 17:25:00,RARE
122.59,122.59,122.36,122.47,2343,2021-03-19 17:30:00,RARE
122.48,122.58,121.83,122.33,2868,2021-03-19 17:35:00,RARE
122.4,122.55,122.3004,122.4,1542,2021-03-19 17:40:00,RARE
122.505,122.505,122.5,122.5,310,2021-03-19 17:45:00,RARE
122.37,122.37,122.18,122.18,2624,2021-03-19 17:55:00,RARE
122.17,122.38,122.17,122.38,2532,2021-03-19 18:00:00,RARE
122.17,122.17,121.36,121.41,2189,2021-03-19 18:05:00,RARE
121.41,121.59,121.325,121.56,2233,2021-03-19 18:10:00,RARE
121.42,121.42,121.17,121.17,400,2021-03-19 18:15:00,RARE
121.275,121.69,121.14,121.64,3353,2021-03-19 18:20:00,RARE
121.68,121.97,121.68,121.97,800,2021-03-19 18:25:00,RARE
121.88,122.29,121.71,122.29,1800,2021-03-19 18:30:00,RARE
122.37,122.37,122.32,122.32,300,2021-03-19 18:35:00,RARE
122.18,122.33,121.97,122.13,2749,2021-03-19 18:40:00,RARE
122.26,122.29,122.21,122.275,700,2021-03-19 18:45:00,RARE
122.225,122.46,122.225,122.46,1500,2021-03-19 18:50:00,RARE
122.38,122.905,122.38,122.905,2000,2021-03-19 18:55:00,RARE
122.76,122.82,122.76,122.82,300,2021-03-19 19:00:00,RARE
122.78,122.78,122.78,122.78,200,2021-03-19 19:05:00,RARE
122.735,122.745,122.46,122.565,1710,2021-03-19 19:10:00,RARE
122.49,122.73,122.46,122.7,1000,2021-03-19 19:15:00,RARE
122.65,122.81,122.61,122.74,1741,2021-03-19 19:20:00,RARE
122.755,123.09,122.74,123.09,1500,2021-03-19 19:25:00,RARE
123.25,123.7,123.19,123.7,1300,2021-03-19 19:30:00,RARE
123.7,124.44,123.7,123.99,6698,2021-03-19 19:35:00,RARE
123.97,124.04,123.58,124.04,3970,2021-03-19 19:40:00,RARE
123.82,124.15,123.62,123.93,4625,2021-03-19 19:45:00,RARE
124.0,126.22,123.59,125.8,86641,2021-03-19 19:50:00,RARE
126.12,126.46,123.99,124.74,36851,2021-03-19 19:55:00,RARE
124.73,124.73,124.73,124.73,250499,2021-03-19 20:00:00,RARE
125.36,126.1,125.36,125.39,3756,2021-03-22 13:30:00,RARE
125.16,126.27,124.22,124.98,1714,2021-03-22 13:35:00,RARE
124.65,125.075,124.4,124.4,1500,2021-03-22 13:40:00,RARE
123.9,123.93,123.85,123.85,500,2021-03-22 13:45:00,RARE
123.53,123.785,122.05,123.42,1800,2021-03-22 13:50:00,RARE
123.39,124.02,123.39,124.02,200,2021-03-22 13:55:00,RARE
123.88,123.88,123.27,123.27,400,2021-03-22 14:00:00,RARE
123.25,123.49,122.85,122.88,900,2021-03-22 14:05:00,RARE
123.04,123.385,122.95,122.95,500,2021-03-22 14:10:00,RARE
123.23,123.26,123.23,123.26,200,2021-03-22 14:15:00,RARE
123.54,123.92,123.32,123.92,1200,2021-03-22 14:20:00,RARE
124.01,124.43,123.75,123.885,800,2021-03-22 14:25:00,RARE
123.7,123.7,123.25,123.25,700,2021-03-22 14:30:00,RARE
122.85,123.1,122.85,122.8954,516,2021-03-22 14:35:00,RARE
123.01,123.725,123.01,123.56,813,2021-03-22 14:40:00,RARE
123.7,123.85,123.55,123.58,900,2021-03-22 14:50:00,RARE
123.59,124.325,123.59,123.825,6886,2021-03-22 14:55:00,RARE
124.23,124.37,124.19,124.21,500,2021-03-22 15:00:00,RARE
124.55,124.55,124.505,124.505,200,2021-03-22 15:05:00,RARE
124.78,124.78,124.78,124.78,100,2021-03-22 15:10:00,RARE
124.47,124.68,124.455,124.455,300,2021-03-22 15:15:00,RARE
124.835,124.835,124.835,124.835,131,2021-03-22 15:20:00,RARE
124.785,125.1,124.785,125.1,400,2021-03-22 15:25:00,RARE
124.86,125.23,124.86,125.2156,700,2021-03-22 15:30:00,RARE
125.27,125.76,125.27,125.76,1254,2021-03-22 15:35:00,RARE
125.7,125.705,125.49,125.695,560,2021-03-22 15:40:00,RARE
125.63,125.63,125.63,125.63,100,2021-03-22 15:50:00,RARE
125.06,125.66,125.06,125.595,800,2021-03-22 15:55:00,RARE
125.61,125.61,125.45,125.45,200,2021-03-22 16:00:00,RARE
125.605,125.605,125.36,125.49,1131,2021-03-22 16:05:00,RARE
125.55,125.695,125.5,125.53,500,2021-03-22 16:10:00,RARE
125.67,125.67,125.34,125.34,400,2021-03-22 16:15:00,RARE
125.35,125.48,125.34,125.48,400,2021-03-22 16:20:00,RARE
125.49,125.55,124.9,124.98,6600,2021-03-22 16:25:00,RARE
124.95,124.95,124.17,124.37,2700,2021-03-22 16:30:00,RARE
124.34,124.34,123.96,123.99,1100,2021-03-22 16:35:00,RARE
124.315,124.56,124.315,124.56,600,2021-03-22 16:40:00,RARE
124.74,124.81,124.61,124.7,600,2021-03-22 16:45:00,RARE
124.405,124.69,124.405,124.69,400,2021-03-22 16:50:00,RARE
124.82,124.82,124.63,124.63,200,2021-03-22 16:55:00,RARE
124.695,124.7,124.56,124.565,1500,2021-03-22 17:00:00,RARE
124.56,124.76,124.42,124.68,2732,2021-03-22 17:05:00,RARE
124.84,124.92,124.65,124.65,1100,2021-03-22 17:10:00,RARE
124.64,124.65,124.64,124.65,300,2021-03-22 17:15:00,RARE
124.845,125.01,124.845,125.01,575,2021-03-22 17:20:00,RARE
125.015,125.015,124.88,124.88,600,2021-03-22 17:25:00,RARE
125.1,125.48,125.0,125.48,600,2021-03-22 17:30:00,RARE
125.805,126.15,125.69,126.08,1900,2021-03-22 17:40:00,RARE
125.91,126.06,125.595,125.595,4388,2021-03-22 17:45:00,RARE
125.36,125.455,125.36,125.455,200,2021-03-22 17:50:00,RARE
125.6365,125.6365,125.07,125.125,2114,2021-03-22 17:55:00,RARE
125.07,125.08,124.5704,124.74,2039,2021-03-22 18:00:00,RARE
124.81,125.16,124.81,125.11,400,2021-03-22 18:05:00,RARE
125.0842,125.12,125.0842,125.12,403,2021-03-22 18:10:00,RARE
125.26,125.26,125.1,125.135,500,2021-03-22 18:15:00,RARE
124.79,124.79,124.78,124.78,300,2021-03-22 18:20:00,RARE
124.67,124.9,124.67,124.9,910,2021-03-22 18:25:00,RARE
125.19,125.2,124.83,124.83,400,2021-03-22 18:30:00,RARE
125.025,125.04,124.74,124.95,900,2021-03-22 18:35:00,RARE
125.015,125.25,124.82,125.25,4048,2021-03-22 18:40:00,RARE
125.26,125.29,124.8,125.04,6528,2021-03-22 18:45:00,RARE
124.91,125.02,124.8,125.0,2645,2021-03-22 18:50:00,RARE
124.85,125.27,124.82,125.27,2905,2021-03-22 18:55:00,RARE
125.06,125.06,125.0,125.0,200,2021-03-22 19:00:00,RARE
125.14,125.24,124.92,124.98,1100,2021-03-22 19:05:00,RARE
124.93,124.93,124.85,124.85,800,2021-03-22 19:10:00,RARE
124.57,124.79,124.275,124.33,1505,2021-03-22 19:15:00,RARE
124.3,124.4425,123.99,124.07,900,2021-03-22 19:20:00,RARE
124.32,124.52,124.25,124.46,1200,2021-03-22 19:25:00,RARE
124.34,124.42,124.23,124.23,1500,2021-03-22 19:30:00,RARE
123.94,123.94,123.41,123.51,1210,2021-03-22 19:35:00,RARE
123.44,123.65,123.23,123.23,700,2021-03-22 19:40:00,RARE
123.19,123.5,123.06,123.5,800,2021-03-22 19:45:00,RARE
123.28,123.3,122.88,123.05,5925,2021-03-22 19:50:00,RARE
122.9025,123.59,122.87,123.58,5796,2021-03-22 19:55:00,RARE
123.57,123.57,123.57,123.57,54604,2021-03-22 20:00:00,RARE
123.57,123.57,123.57,123.57,23226,2021-03-22 22:00:00,RARE
121.03,122.92,121.03,122.92,5061,2021-03-23 13:30:00,RARE
121.05,123.5599,119.42,121.77,15906,2021-03-23 13:35:00,RARE
121.78,122.64,120.95,121.19,3568,2021-03-23 13:40:00,RARE
121.3,121.3,119.925,119.925,1064,2021-03-23 13:45:00,RARE
119.925,120.08,119.505,119.775,900,2021-03-23 13:50:00,RARE
119.905,120.19,119.905,120.19,685,2021-03-23 13:55:00,RARE
120.15,121.43,120.035,120.75,6012,2021-03-23 14:00:00,RARE
120.07,120.07,119.545,119.545,300,2021-03-23 14:05:00,RARE
119.57,119.76,118.61,119.42,800,2021-03-23 14:10:00,RARE
119.22,119.22,118.16,118.87,690,2021-03-23 14:15:00,RARE
118.97,119.14,118.56,118.56,400,2021-03-23 14:20:00,RARE
119.17,119.45,118.86,119.22,950,2021-03-23 14:25:00,RARE
118.88,119.37,118.88,119.35,2009,2021-03-23 14:30:00,RARE
119.37,119.37,118.84,119.16,947,2021-03-23 14:35:00,RARE
118.8775,119.08,118.645,118.875,700,2021-03-23 14:40:00,RARE
119.11,120.51,119.11,120.46,2200,2021-03-23 14:45:00,RARE
120.56,120.56,120.18,120.52,400,2021-03-23 14:50:00,RARE
120.62,120.63,120.06,120.09,3570,2021-03-23 14:55:00,RARE
120.315,120.325,120.05,120.06,901,2021-03-23 15:00:00,RARE
119.65,119.955,119.65,119.955,200,2021-03-23 15:05:00,RARE
119.7,119.995,119.7,119.99,600,2021-03-23 15:10:00,RARE
120.0,120.23,119.73,120.05,500,2021-03-23 15:15:00,RARE
120.16,120.82,120.09,120.82,5144,2021-03-23 15:20:00,RARE
121.44,121.605,120.64,121.07,5358,2021-03-23 15:25:00,RARE
120.99,121.07,119.95,119.95,1500,2021-03-23 15:30:00,RARE
120.06,120.06,120.0,120.0,200,2021-03-23 15:35:00,RARE
119.52,119.52,119.52,119.52,100,2021-03-23 15:40:00,RARE
119.56,119.95,119.5,119.5,720,2021-03-23 15:45:00,RARE
119.44,119.94,119.44,119.525,10900,2021-03-23 15:50:00,RARE
119.35,120.195,119.35,120.16,3336,2021-03-23 16:00:00,RARE
119.99,119.99,119.99,119.99,100,2021-03-23 16:05:00,RARE
120.18,120.18,119.805,120.04,1189,2021-03-23 16:10:00,RARE
120.31,120.39,120.165,120.35,400,2021-03-23 16:15:00,RARE
120.15,120.225,119.74,120.07,700,2021-03-23 16:20:00,RARE
120.53,120.91,120.38,120.85,1400,2021-03-23 16:25:00,RARE
120.41,120.9,120.41,120.9,275,2021-03-23 16:35:00,RARE
120.98,121.3,120.91,121.3,3622,2021-03-23 16:40:00,RARE
121.27,121.47,121.21,121.29,1470,2021-03-23 16:45:00,RARE
121.325,121.325,120.86,120.895,597,2021-03-23 16:50:00,RARE
121.075,121.12,121.02,121.09,1900,2021-03-23 16:55:00,RARE
121.16,121.16,120.715,120.85,400,2021-03-23 17:00:00,RARE
120.89,121.15,120.86,120.89,800,2021-03-23 17:05:00,RARE
121.01,121.15,120.97,120.97,300,2021-03-23 17:10:00,RARE
120.84,121.11,120.82,121.11,1100,2021-03-23 17:15:00,RARE
121.16,121.16,120.91,120.96,700,2021-03-23 17:20:00,RARE
120.675,120.675,120.675,120.675,100,2021-03-23 17:25:00,RARE
120.76,120.81,120.51,120.81,700,2021-03-23 17:30:00,RARE
120.465,120.495,120.15,120.15,2400,2021-03-23 17:40:00,RARE
120.18,120.63,120.18,120.63,500,2021-03-23 17:45:00,RARE
120.43,120.43,120.4,120.4,357,2021-03-23 17:50:00,RARE
120.415,120.49,120.0,120.27,3700,2021-03-23 17:55:00,RARE
120.12,120.53,120.12,120.53,400,2021-03-23 18:00:00,RARE
120.285,120.36,119.95,119.95,3394,2021-03-23 18:05:00,RARE
120.055,120.1,119.7,119.7,2600,2021-03-23 18:10:00,RARE
119.84,120.035,119.77,120.0,1700,2021-03-23 18:15:00,RARE
120.05,120.17,120.0,120.0,800,2021-03-23 18:20:00,RARE
119.89,119.89,119.44,119.755,838,2021-03-23 18:25:00,RARE
119.61,119.61,119.425,119.425,208,2021-03-23 18:30:00,RARE
119.59,119.63,119.59,119.63,200,2021-03-23 18:35:00,RARE
119.075,119.075,118.8,118.86,700,2021-03-23 18:40:00,RARE
118.74,118.74,118.62,118.62,300,2021-03-23 18:50:00,RARE
118.16,118.43,117.98,118.43,500,2021-03-23 18:55:00,RARE
118.135,118.28,118.075,118.17,800,2021-03-23 19:00:00,RARE
118.42,118.42,118.245,118.245,600,2021-03-23 19:05:00,RARE
117.89,117.93,117.65,117.65,1600,2021-03-23 19:10:00,RARE
117.59,117.59,117.1775,117.1775,200,2021-03-23 19:15:00,RARE
116.86,117.3,116.76,117.09,3323,2021-03-23 19:20:00,RARE
116.77,117.47,116.77,117.47,700,2021-03-23 19:25:00,RARE
117.15,117.23,116.91,117.04,607,2021-03-23 19:30:00,RARE
116.9925,117.18,116.82,117.02,2715,2021-03-23 19:35:00,RARE
116.975,117.56,116.89,117.365,4009,2021-03-23 19:40:00,RARE
117.29,117.71,117.29,117.475,7183,2021-03-23 19:45:00,RARE
117.36,118.16,117.0,118.11,10336,2021-03-23 19:50:00,RARE
117.99,118.26,116.91,117.0,58861,2021-03-23 19:55:00,RARE
117.0,117.0,117.0,117.0,63885,2021-03-23 20:00:00,RARE
119.42,119.42,119.42,119.42,2638,2021-03-24 13:30:00,RARE
119.48,119.48,118.405,118.405,323,2021-03-24 13:35:00,RARE
117.26,117.94,116.64,116.64,600,2021-03-24 13:40:00,RARE
117.485,118.11,116.65,117.05,4096,2021-03-24 13:45:00,RARE
116.89,118.25,116.89,118.25,3288,2021-03-24 13:50:00,RARE
117.76,118.42,117.17,117.17,1955,2021-03-24 13:55:00,RARE
117.03,117.03,115.88,116.06,4045,2021-03-24 14:00:00,RARE
116.02,116.42,115.52,115.75,2400,2021-03-24 14:05:00,RARE
115.43,115.43,114.57,114.81,2479,2021-03-24 14:10:00,RARE
114.575,114.575,113.985,114.12,2100,2021-03-24 14:15:00,RARE
114.34,114.92,114.34,114.91,1100,2021-03-24 14:20:00,RARE
114.87,115.07,114.87,115.07,600,2021-03-24 14:25:00,RARE
115.2,115.38,114.97,115.28,2131,2021-03-24 14:30:00,RARE
115.51,116.62,115.49,116.61,2500,2021-03-24 14:35:00,RARE
116.65,116.65,116.25,116.49,2213,2021-03-24 14:40:00,RARE
116.91,117.535,116.91,117.535,502,2021-03-24 14:45:00,RARE
117.44,117.66,117.175,117.66,2372,2021-03-24 14:50:00,RARE
117.58,117.71,117.44,117.465,800,2021-03-24 14:55:00,RARE
117.4,117.685,117.4,117.685,200,2021-03-24 15:00:00,RARE
117.82,117.99,117.82,117.99,500,2021-03-24 15:05:00,RARE
117.505,117.505,116.95,116.95,831,2021-03-24 15:10:00,RARE
116.95,116.95,116.36,116.36,798,2021-03-24 15:15:00,RARE
116.02,116.02,115.92,115.92,200,2021-03-24 15:20:00,RARE
116.1,116.8,115.98,116.48,1398,2021-03-24 15:25:00,RARE
116.565,116.96,116.49,116.49,400,2021-03-24 15:30:00,RARE
116.31,116.31,116.055,116.055,500,2021-03-24 15:35:00,RARE
115.93,117.07,115.93,116.9,2900,2021-03-24 15:40:00,RARE
116.86,116.86,116.67,116.67,300,2021-03-24 15:45:00,RARE
116.575,116.575,116.575,116.575,100,2021-03-24 15:50:00,RARE
115.84,115.84,115.84,115.84,100,2021-03-24 15:55:00,RARE
116.28,116.495,116.175,116.495,1200,2021-03-24 16:00:00,RARE
116.31,117.51,116.215,117.51,1700,2021-03-24 16:05:00,RARE
117.16,117.47,117.08,117.47,600,2021-03-24 16:10:00,RARE
117.05,117.05,116.93,116.93,700,2021-03-24 16:15:00,RARE
116.99,116.99,116.99,116.99,100,2021-03-24 16:20:00,RARE
116.745,116.745,116.105,116.35,676,2021-03-24 16:25:00,RARE
116.3,116.39,115.97,116.39,3904,2021-03-24 16:30:00,RARE
116.3,116.75,116.3,116.56,3794,2021-03-24 16:35:00,RARE
116.53,116.53,116.505,116.505,400,2021-03-24 16:40:00,RARE
116.485,116.485,116.02,116.07,1478,2021-03-24 16:45:00,RARE
115.9,115.9,115.48,115.48,200,2021-03-24 16:50:00,RARE
115.59,115.705,115.47,115.55,1295,2021-03-24 16:55:00,RARE
115.4,115.4,115.04,115.04,4517,2021-03-24 17:00:00,RARE
114.85,115.29,114.85,115.2,920,2021-03-24 17:05:00,RARE
115.01,115.01,114.7,114.7,405,2021-03-24 17:10:00,RARE
114.53,114.53,114.16,114.16,1100,2021-03-24 17:15:00,RARE
114.2,114.36,114.0,114.01,3300,2021-03-24 17:20:00,RARE
114.01,115.11,114.0,114.85,2800,2021-03-24 17:25:00,RARE
114.895,115.37,114.895,115.33,905,2021-03-24 17:30:00,RARE
115.47,115.7,115.35,115.52,400,2021-03-24 17:35:00,RARE
115.28,115.28,114.52,114.52,700,2021-03-24 17:40:00,RARE
114.61,115.31,114.61,115.26,1304,2021-03-24 17:45:00,RARE
115.35,115.55,115.315,115.55,700,2021-03-24 17:50:00,RARE
115.44,115.51,115.43,115.51,400,2021-03-24 17:55:00,RARE
115.065,115.41,115.065,115.13,1008,2021-03-24 18:00:00,RARE
115.07,115.1,115.07,115.1,400,2021-03-24 18:05:00,RARE
115.0,115.0,115.0,115.0,100,2021-03-24 18:10:00,RARE
114.94,115.12,114.66,114.81,992,2021-03-24 18:15:00,RARE
114.81,114.81,114.81,114.81,300,2021-03-24 18:20:00,RARE
114.72,114.72,114.22,114.62,1300,2021-03-24 18:25:00,RARE
114.3,114.34,114.1,114.11,800,2021-03-24 18:30:00,RARE
114.11,114.46,113.83,113.83,1491,2021-03-24 18:35:00,RARE
113.505,113.83,113.505,113.73,1300,2021-03-24 18:40:00,RARE
113.83,114.34,113.68,114.34,500,2021-03-24 18:45:00,RARE
114.1,114.16,113.52,113.52,1215,2021-03-24 18:50:00,RARE
113.76,113.79,113.24,113.26,1800,2021-03-24 18:55:00,RARE
113.51,113.51,113.09,113.09,1000,2021-03-24 19:00:00,RARE
113.21,113.22,112.72,112.72,2506,2021-03-24 19:05:00,RARE
112.815,112.875,112.395,112.615,3825,2021-03-24 19:10:00,RARE
112.56,112.97,112.3,112.69,2637,2021-03-24 19:15:00,RARE
112.685,113.2,112.64,113.04,9803,2021-03-24 19:20:00,RARE
113.03,113.46,112.94,113.46,3900,2021-03-24 19:25:00,RARE
113.2,113.58,112.64,112.77,3571,2021-03-24 19:30:00,RARE
112.755,112.76,112.25,112.4,4000,2021-03-24 19:35:00,RARE
112.27,112.27,111.135,111.22,12351,2021-03-24 19:40:00,RARE
111.23,111.73,111.08,111.435,10971,2021-03-24 19:45:00,RARE
111.435,111.56,110.86,111.01,43361,2021-03-24 19:50:00,RARE
111.075,111.51,110.73,110.95,58396,2021-03-24 19:55:00,RARE
110.95,110.95,110.95,110.95,38552,2021-03-24 20:00:00,RARE
110.14,110.14,107.2301,108.07,10655,2021-03-25 13:30:00,RARE
108.09,109.98,108.09,109.93,2400,2021-03-25 13:35:00,RARE
109.93,110.12,109.29,109.6,4835,2021-03-25 13:40:00,RARE
109.38,109.38,108.05,108.09,2760,2021-03-25 13:45:00,RARE
108.08,108.08,106.44,106.985,12059,2021-03-25 13:50:00,RARE
107.05,107.5,106.34,107.035,10094,2021-03-25 13:55:00,RARE
107.075,108.0,107.015,107.81,21912,2021-03-25 14:00:00,RARE
107.55,108.14,107.5,107.905,13518,2021-03-25 14:05:00,RARE
107.915,108.22,107.69,107.7004,7502,2021-03-25 14:10:00,RARE
107.765,107.765,107.07,107.315,5349,2021-03-25 14:15:00,RARE
107.305,107.77,107.305,107.39,7927,2021-03-25 14:20:00,RARE
107.46,108.43,107.46,107.5,7162,2021-03-25 14:25:00,RARE
107.22,107.61,106.91,107.085,7991,2021-03-25 14:30:00,RARE
106.865,107.18,106.535,106.7,2771,2021-03-25 14:35:00,RARE
106.51,106.52,105.76,105.89,3331,2021-03-25 14:40:00,RARE
106.05,106.26,105.99,105.99,3648,2021-03-25 14:45:00,RARE
105.74,105.86,105.18,105.35,2300,2021-03-25 14:50:00,RARE
105.29,105.7,105.29,105.7,2659,2021-03-25 14:55:00,RARE
105.43,106.05,105.43,105.82,6157,2021-03-25 15:00:00,RARE
105.78,105.83,105.15,105.25,7079,2021-03-25 15:05:00,RARE
105.32,106.0,105.14,105.6,11497,2021-03-25 15:10:00,RARE
105.68,105.87,105.58,105.86,1350,2021-03-25 15:15:00,RARE
105.82,105.82,104.91,104.955,6054,2021-03-25 15:20:00,RARE
104.97,105.29,104.61,105.08,6700,2021-03-25 15:25:00,RARE
105.195,105.32,104.82,105.32,29162,2021-03-25 15:30:00,RARE
105.68,105.99,105.39,105.99,7602,2021-03-25 15:35:00,RARE
106.0,106.0,105.24,105.24,1328,2021-03-25 15:40:00,RARE
105.265,105.27,104.585,104.585,5550,2021-03-25 15:45:00,RARE
104.56,104.9,104.44,104.44,800,2021-03-25 15:50:00,RARE
104.44,104.77,103.95,104.65,3303,2021-03-25 15:55:00,RARE
104.65,105.62,104.465,105.62,5365,2021-03-25 16:00:00,RARE
105.92,106.5,105.77,106.5,29368,2021-03-25 16:05:00,RARE
106.73,107.76,106.73,107.12,27814,2021-03-25 16:10:00,RARE
106.85,107.7775,106.85,107.715,4851,2021-03-25 16:15:00,RARE
107.6,107.6,106.96,107.06,2709,2021-03-25 16:20:00,RARE
107.265,107.38,107.04,107.27,8471,2021-03-25 16:25:00,RARE
107.27,107.61,106.65,106.86,4825,2021-03-25 16:30:00,RARE
106.96,107.0,106.09,106.365,2424,2021-03-25 16:35:00,RARE
106.38,106.545,106.14,106.32,6086,2021-03-25 16:40:00,RARE
106.325,106.5,106.08,106.11,7566,2021-03-25 16:45:00,RARE
106.085,106.23,105.56,105.61,4522,2021-03-25 16:50:00,RARE
105.68,105.95,105.16,105.33,2973,2021-03-25 16:55:00,RARE
105.42,105.42,104.39,104.5,5125,2021-03-25 17:00:00,RARE
104.63,104.64,104.01,104.46,31942,2021-03-25 17:05:00,RARE
104.56,105.16,104.56,105.0,6000,2021-03-25 17:10:00,RARE
105.44,105.56,104.86,104.92,2100,2021-03-25 17:15:00,RARE
104.95,105.03,104.27,104.835,2850,2021-03-25 17:20:00,RARE
104.97,104.99,104.185,104.24,6900,2021-03-25 17:25:00,RARE
104.41,105.19,104.26,104.47,12742,2021-03-25 17:30:00,RARE
104.58,104.64,103.9,103.9,2300,2021-03-25 17:35:00,RARE
103.7091,104.165,103.59,103.59,5094,2021-03-25 17:40:00,RARE
103.84,103.84,102.9001,103.35,4600,2021-03-25 17:45:00,RARE
103.345,104.13,103.345,104.13,25600,2021-03-25 17:50:00,RARE
104.44,104.44,103.72,103.72,6700,2021-03-25 17:55:00,RARE
103.55,103.83,103.28,103.83,900,2021-03-25 18:00:00,RARE
103.805,105.295,103.805,104.89,26543,2021-03-25 18:05:00,RARE
104.69,105.33,104.5,105.05,3970,2021-03-25 18:10:00,RARE
105.14,106.545,105.14,106.545,700,2021-03-25 18:15:00,RARE
106.55,107.11,106.19,106.41,3210,2021-03-25 18:20:00,RARE
106.97,107.18,106.26,106.26,4600,2021-03-25 18:25:00,RARE
106.42,107.12,106.42,106.84,1700,2021-03-25 18:30:00,RARE
107.05,108.795,106.95,108.285,3569,2021-03-25 18:35:00,RARE
108.11,108.55,108.11,108.55,1200,2021-03-25 18:40:00,RARE
108.87,109.09,108.87,109.09,1100,2021-03-25 18:45:00,RARE
109.06,109.95,108.9,109.76,2699,2021-03-25 18:50:00,RARE
109.765,109.81,108.82,109.38,5300,2021-03-25 18:55:00,RARE
109.38,109.72,109.23,109.66,2300,2021-03-25 19:00:00,RARE
109.65,110.0,109.445,109.89,7973,2021-03-25 19:05:00,RARE
109.975,110.75,109.915,110.52,2893,2021-03-25 19:10:00,RARE
110.62,111.07,110.36,111.07,1748,2021-03-25 19:15:00,RARE
110.855,111.06,110.61,110.83,2200,2021-03-25 19:20:00,RARE
110.52,110.6,110.4,110.535,2778,2021-03-25 19:25:00,RARE
110.67,111.1,110.46,110.89,2803,2021-03-25 19:30:00,RARE
110.84,110.93,110.58,110.76,2600,2021-03-25 19:35:00,RARE
110.76,111.66,110.76,111.54,3783,2021-03-25 19:40:00,RARE
111.54,111.7,111.32,111.375,2843,2021-03-25 19:45:00,RARE
111.36,111.55,111.02,111.24,5757,2021-03-25 19:50:00,RARE
111.09,111.17,110.18,110.95,26951,2021-03-25 19:55:00,RARE
110.82,110.82,110.82,110.82,39671,2021-03-25 20:00:00,RARE
111.36,111.36,109.985,109.985,3338,2021-03-26 13:30:00,RARE
109.325,109.65,109.17,109.17,627,2021-03-26 13:35:00,RARE
110.11,111.78,109.14,111.68,5713,2021-03-26 13:40:00,RARE
110.14,110.14,109.83,109.83,863,2021-03-26 13:45:00,RARE
109.81,109.81,107.5,107.5,900,2021-03-26 13:50:00,RARE
107.965,109.96,107.965,109.805,12829,2021-03-26 13:55:00,RARE
110.35,110.72,109.53,110.2,5115,2021-03-26 14:00:00,RARE
109.88,111.18,109.845,110.68,2622,2021-03-26 14:05:00,RARE
110.68,110.73,110.68,110.68,900,2021-03-26 14:10:00,RARE
110.97,111.15,110.19,110.59,2394,2021-03-26 14:15:00,RARE
110.23,111.01,109.85,109.85,729,2021-03-26 14:20:00,RARE
109.615,110.68,109.505,110.37,900,2021-03-26 14:25:00,RARE
110.36,110.825,110.35,110.825,300,2021-03-26 14:30:00,RARE
110.83,111.54,110.83,111.54,1100,2021-03-26 14:35:00,RARE
111.42,111.42,111.11,111.155,701,2021-03-26 14:40:00,RARE
111.28,111.28,110.8,110.85,300,2021-03-26 14:45:00,RARE
110.6,110.6,109.88,110.21,900,2021-03-26 14:50:00,RARE
109.76,109.76,109.57,109.57,700,2021-03-26 14:55:00,RARE
109.41,109.42,109.41,109.42,200,2021-03-26 15:00:00,RARE
109.815,109.84,109.36,109.44,1100,2021-03-26 15:05:00,RARE
109.09,109.09,108.81,108.81,1100,2021-03-26 15:10:00,RARE
108.9,109.03,108.14,108.86,2200,2021-03-26 15:15:00,RARE
108.47,108.47,107.43,107.46,2400,2021-03-26 15:20:00,RARE
107.49,107.49,106.21,106.21,4898,2021-03-26 15:25:00,RARE
106.15,107.42,106.11,107.04,3508,2021-03-26 15:30:00,RARE
107.28,107.49,106.81,107.0,1601,2021-03-26 15:35:00,RARE
106.83,107.53,106.83,107.53,3414,2021-03-26 15:40:00,RARE
107.05,107.05,106.39,106.59,3315,2021-03-26 15:45:00,RARE
106.595,106.71,106.42,106.56,900,2021-03-26 15:50:00,RARE
106.71,107.17,106.7,107.17,1000,2021-03-26 15:55:00,RARE
107.38,107.61,107.075,107.58,1800,2021-03-26 16:00:00,RARE
107.58,107.72,107.24,107.325,1100,2021-03-26 16:05:00,RARE
107.46,107.93,107.46,107.93,1112,2021-03-26 16:10:00,RARE
107.78,107.93,107.41,107.93,4900,2021-03-26 16:15:00,RARE
107.75,108.18,107.75,108.18,500,2021-03-26 16:20:00,RARE
108.1,108.6,108.1,108.58,1000,2021-03-26 16:25:00,RARE
108.39,108.475,108.09,108.29,2323,2021-03-26 16:30:00,RARE
108.095,108.12,107.92,108.015,900,2021-03-26 16:35:00,RARE
108.025,108.24,107.88,108.07,2012,2021-03-26 16:40:00,RARE
108.09,108.09,107.49,107.59,6220,2021-03-26 16:45:00,RARE
107.45,107.59,107.04,107.205,3222,2021-03-26 16:50:00,RARE
107.23,107.23,106.855,107.06,1969,2021-03-26 16:55:00,RARE
107.12,107.7,107.12,107.7,2530,2021-03-26 17:00:00,RARE
107.71,107.94,107.615,107.76,1400,2021-03-26 17:05:00,RARE
107.84,107.98,107.69,107.69,1200,2021-03-26 17:10:00,RARE
107.82,107.83,107.45,107.47,2023,2021-03-26 17:15:00,RARE
107.39,107.82,107.39,107.82,1381,2021-03-26 17:20:00,RARE
107.51,107.89,107.49,107.77,1123,2021-03-26 17:25:00,RARE
107.76,108.73,107.76,108.595,7600,2021-03-26 17:30:00,RARE
108.595,108.595,108.36,108.36,1943,2021-03-26 17:35:00,RARE
108.36,108.375,107.53,107.81,1498,2021-03-26 17:40:00,RARE
107.65,107.65,106.56,106.56,17345,2021-03-26 17:45:00,RARE
106.71,106.92,106.445,106.445,400,2021-03-26 17:50:00,RARE
106.42,106.42,105.77,105.77,1490,2021-03-26 17:55:00,RARE
106.13,106.3,105.84,106.3,1000,2021-03-26 18:00:00,RARE
105.86,105.86,105.67,105.67,200,2021-03-26 18:05:00,RARE
105.52,105.56,104.89,105.13,1000,2021-03-26 18:10:00,RARE
104.98,105.3,104.89,105.29,1750,2021-03-26 18:15:00,RARE
105.33,105.33,104.68,104.81,9200,2021-03-26 18:20:00,RARE
104.87,105.66,104.61,104.61,15065,2021-03-26 18:25:00,RARE
104.97,104.97,103.91,104.175,2488,2021-03-26 18:30:00,RARE
103.93,104.745,103.93,104.57,2900,2021-03-26 18:35:00,RARE
104.77,104.92,104.55,104.655,1700,2021-03-26 18:40:00,RARE
104.57,104.57,104.01,104.17,2500,2021-03-26 18:45:00,RARE
104.15,104.92,103.975,104.88,3102,2021-03-26 18:50:00,RARE
104.6,105.42,104.23,105.42,2800,2021-03-26 18:55:00,RARE
105.34,105.37,104.86,105.0,2600,2021-03-26 19:00:00,RARE
105.13,105.34,104.89,105.27,5900,2021-03-26 19:05:00,RARE
105.35,105.86,105.215,105.86,3100,2021-03-26 19:10:00,RARE
105.7,106.14,105.56,106.14,1700,2021-03-26 19:15:00,RARE
105.94,106.1,105.675,105.97,1820,2021-03-26 19:20:00,RARE
105.76,106.84,105.75,106.84,2900,2021-03-26 19:25:00,RARE
106.56,106.83,106.49,106.605,2500,2021-03-26 19:30:00,RARE
106.37,106.95,106.32,106.87,3900,2021-03-26 19:35:00,RARE
106.91,106.97,106.635,106.865,3835,2021-03-26 19:40:00,RARE
106.9,107.32,106.89,107.32,3823,2021-03-26 19:45:00,RARE
107.23,107.94,107.23,107.94,16083,2021-03-26 19:50:00,RARE
107.94,108.78,107.81,108.63,32514,2021-03-26 19:55:00,RARE
108.64,108.64,108.64,108.64,43804,2021-03-26 20:00:00,RARE
108.64,108.64,108.64,108.64,1296,2021-03-26 21:20:00,RARE
108.25,108.25,106.635,106.645,3488,2021-03-29 13:30:00,RARE
107.86,107.86,106.51,106.525,1100,2021-03-29 13:35:00,RARE
107.19,107.985,106.615,107.985,2500,2021-03-29 13:40:00,RARE
107.37,107.615,106.98,107.615,1715,2021-03-29 13:45:00,RARE
107.62,107.625,107.615,107.615,500,2021-03-29 13:50:00,RARE
107.615,107.615,106.725,106.725,3351,2021-03-29 13:55:00,RARE
106.445,107.99,106.445,107.99,1600,2021-03-29 14:00:00,RARE
107.87,107.94,107.35,107.685,2400,2021-03-29 14:05:00,RARE
108.01,108.48,108.01,108.39,1207,2021-03-29 14:10:00,RARE
108.09,108.12,107.77,107.77,300,2021-03-29 14:15:00,RARE
107.655,108.13,107.455,107.455,1200,2021-03-29 14:20:00,RARE
107.455,107.525,107.24,107.41,1300,2021-03-29 14:25:00,RARE
107.13,108.16,107.13,107.625,1700,2021-03-29 14:30:00,RARE
107.63,108.703,107.63,108.703,700,2021-03-29 14:35:00,RARE
108.83,108.83,108.16,108.16,1000,2021-03-29 14:40:00,RARE
108.76,108.76,107.01,107.01,2069,2021-03-29 14:45:00,RARE
107.49,107.54,106.715,106.74,2438,2021-03-29 14:50:00,RARE
106.25,106.37,105.9179,106.105,1743,2021-03-29 14:55:00,RARE
105.8,106.255,105.72,105.72,1100,2021-03-29 15:00:00,RARE
105.61,105.735,105.235,105.47,1217,2021-03-29 15:05:00,RARE
105.5,105.77,105.0,105.29,1200,2021-03-29 15:10:00,RARE
105.63,105.65,104.9,105.12,3000,2021-03-29 15:15:00,RARE
104.8,105.0,104.66,104.97,1700,2021-03-29 15:20:00,RARE
104.97,105.16,104.97,105.13,810,2021-03-29 15:25:00,RARE
105.15,105.635,105.0,105.635,1653,2021-03-29 15:30:00,RARE
105.615,105.96,105.31,105.59,3621,2021-03-29 15:35:00,RARE
105.56,106.19,105.56,106.19,1400,2021-03-29 15:40:00,RARE
106.19,106.37,106.03,106.035,800,2021-03-29 15:45:00,RARE
106.03,106.56,105.89,106.56,1779,2021-03-29 15:50:00,RARE
107.32,107.32,106.95,106.99,400,2021-03-29 15:55:00,RARE
106.975,107.385,106.975,107.385,600,2021-03-29 16:00:00,RARE
107.07,107.37,106.76,106.85,6639,2021-03-29 16:05:00,RARE
106.59,106.96,106.5,106.52,2011,2021-03-29 16:10:00,RARE
106.55,106.89,106.395,106.55,2257,2021-03-29 16:15:00,RARE
106.83,106.83,106.28,106.56,1500,2021-03-29 16:20:00,RARE
106.54,106.99,106.54,106.99,600,2021-03-29 16:25:00,RARE
107.42,107.59,107.185,107.59,500,2021-03-29 16:30:00,RARE
107.34,107.75,107.205,107.69,1398,2021-03-29 16:35:00,RARE
107.87,108.22,107.87,107.915,672,2021-03-29 16:40:00,RARE
107.895,107.92,107.5,107.89,2720,2021-03-29 16:45:00,RARE
107.94,108.28,107.835,108.245,800,2021-03-29 16:50:00,RARE
108.355,108.69,108.355,108.43,900,2021-03-29 16:55:00,RARE
108.65,108.85,108.395,108.555,774,2021-03-29 17:00:00,RARE
108.65,108.665,108.565,108.65,4572,2021-03-29 17:05:00,RARE
108.9,109.26,108.585,108.9,6069,2021-03-29 17:10:00,RARE
108.8404,108.93,108.27,108.8,11206,2021-03-29 17:15:00,RARE
108.81,109.08,108.64,109.01,2662,2021-03-29 17:20:00,RARE
109.025,109.025,108.62,108.64,1936,2021-03-29 17:25:00,RARE
108.66,109.38,108.62,109.38,3037,2021-03-29 17:30:00,RARE
109.68,109.68,108.94,109.06,1178,2021-03-29 17:35:00,RARE
108.92,109.06,108.76,108.875,1850,2021-03-29 17:40:00,RARE
108.7,109.21,108.58,109.21,800,2021-03-29 17:45:00,RARE
108.57,108.71,108.3555,108.46,1431,2021-03-29 17:50:00,RARE
108.48,108.5796,107.98,108.2,5379,2021-03-29 17:55:00,RARE
107.73,107.925,107.405,107.405,500,2021-03-29 18:00:00,RARE
107.34,107.34,107.15,107.15,200,2021-03-29 18:05:00,RARE
106.92,107.46,106.92,107.37,1400,2021-03-29 18:10:00,RARE
107.65,108.32,107.15,107.42,2400,2021-03-29 18:15:00,RARE
107.555,107.555,107.21,107.25,600,2021-03-29 18:20:00,RARE
107.47,107.65,107.47,107.51,630,2021-03-29 18:25:00,RARE
107.715,107.715,107.13,107.13,2093,2021-03-29 18:30:00,RARE
106.9,106.9,106.65,106.81,1156,2021-03-29 18:35:00,RARE
106.59,106.88,106.59,106.69,1000,2021-03-29 18:40:00,RARE
106.68,107.38,106.68,106.765,1400,2021-03-29 18:45:00,RARE
106.6,107.135,106.4,106.79,1026,2021-03-29 18:50:00,RARE
107.27,107.27,106.47,106.69,400,2021-03-29 18:55:00,RARE
106.43,106.94,106.43,106.64,1200,2021-03-29 19:00:00,RARE
106.77,107.565,106.74,107.55,7355,2021-03-29 19:05:00,RARE
107.38,107.92,107.15,107.92,4702,2021-03-29 19:10:00,RARE
107.56,108.47,107.53,108.47,7357,2021-03-29 19:15:00,RARE
108.47,108.56,107.8,108.4,11490,2021-03-29 19:20:00,RARE
108.32,108.39,108.02,108.035,1600,2021-03-29 19:25:00,RARE
108.12,108.26,107.975,107.975,2080,2021-03-29 19:30:00,RARE
107.965,108.21,107.95,108.075,1400,2021-03-29 19:35:00,RARE
108.03,108.03,107.225,107.225,2600,2021-03-29 19:40:00,RARE
107.1153,107.75,107.1153,107.36,3994,2021-03-29 19:45:00,RARE
107.45,107.48,106.79,106.88,5518,2021-03-29 19:50:00,RARE
106.69,107.3,106.6,106.71,11701,2021-03-29 19:55:00,RARE
106.9,106.9,106.9,106.9,42137,2021-03-29 20:00:00,RARE
107.1,107.1,105.01,105.94,3720,2021-03-30 13:30:00,RARE
106.115,106.45,106.11,106.45,700,2021-03-30 13:35:00,RARE
106.445,107.6,106.29,107.6,11642,2021-03-30 13:40:00,RARE
107.19,107.31,106.955,107.02,700,2021-03-30 13:45:00,RARE
107.2,108.055,107.2,107.995,1300,2021-03-30 13:50:00,RARE
107.915,109.04,107.62,108.735,2812,2021-03-30 13:55:00,RARE
108.95,110.14,108.95,109.35,6463,2021-03-30 14:00:00,RARE
109.74,110.54,109.74,110.54,1748,2021-03-30 14:05:00,RARE
110.46,111.51,110.46,111.48,600,2021-03-30 14:10:00,RARE
111.44,111.44,110.04,110.04,2600,2021-03-30 14:15:00,RARE
110.07,110.23,109.55,109.795,1993,2021-03-30 14:20:00,RARE
109.545,110.11,109.54,109.76,4600,2021-03-30 14:25:00,RARE
110.03,110.67,110.015,110.67,1500,2021-03-30 14:30:00,RARE
110.68,110.84,110.68,110.84,1542,2021-03-30 14:35:00,RARE
110.945,111.65,110.84,111.65,3700,2021-03-30 14:40:00,RARE
111.43,112.12,111.34,111.945,6558,2021-03-30 14:45:00,RARE
111.89,111.89,111.255,111.33,4300,2021-03-30 14:50:00,RARE
111.395,111.99,111.305,111.99,1200,2021-03-30 14:55:00,RARE
112.04,112.99,111.93,112.63,2805,2021-03-30 15:00:00,RARE
112.69,112.935,112.47,112.935,1300,2021-03-30 15:05:00,RARE
113.015,114.13,113.005,114.13,800,2021-03-30 15:10:00,RARE
113.63,113.9382,113.2225,113.5,1907,2021-03-30 15:15:00,RARE
113.78,114.25,113.09,113.73,17734,2021-03-30 15:20:00,RARE
113.86,114.55,113.7,114.125,15385,2021-03-30 15:25:00,RARE
114.01,114.53,114.0,114.2,5451,2021-03-30 15:30:00,RARE
114.38,115.14,114.2,114.73,7094,2021-03-30 15:35:00,RARE
114.725,114.725,114.465,114.66,900,2021-03-30 15:40:00,RARE
114.64,114.64,113.935,114.215,20216,2021-03-30 15:45:00,RARE
114.145,114.5,113.96,114.12,7483,2021-03-30 15:50:00,RARE
114.2,114.45,114.13,114.275,7455,2021-03-30 15:55:00,RARE
114.36,114.74,114.2,114.67,4030,2021-03-30 16:00:00,RARE
114.5,114.63,114.14,114.32,2900,2021-03-30 16:05:00,RARE
114.32,114.32,113.87,114.3,46459,2021-03-30 16:10:00,RARE
114.21,114.295,112.7,112.7,21998,2021-03-30 16:15:00,RARE
112.68,112.7,112.26,112.6,1802,2021-03-30 16:20:00,RARE
112.89,113.3,112.72,112.74,1400,2021-03-30 16:25:00,RARE
112.95,112.95,112.83,112.84,600,2021-03-30 16:30:00,RARE
112.83,112.885,111.97,112.82,3138,2021-03-30 16:35:00,RARE
112.595,113.1,112.03,112.03,900,2021-03-30 16:40:00,RARE
111.92,113.05,111.84,112.78,2552,2021-03-30 16:45:00,RARE
112.55,113.005,112.54,113.0,2600,2021-03-30 16:50:00,RARE
113.045,113.75,112.67,112.67,5400,2021-03-30 16:55:00,RARE
112.29,112.29,111.68,112.025,600,2021-03-30 17:00:00,RARE
111.86,112.095,111.67,111.8932,711,2021-03-30 17:05:00,RARE
111.845,112.02,111.795,111.99,2722,2021-03-30 17:10:00,RARE
112.12,112.4,111.93,112.21,1300,2021-03-30 17:15:00,RARE
112.77,112.77,112.26,112.3,500,2021-03-30 17:20:00,RARE
112.465,113.26,112.2,112.98,3646,2021-03-30 17:25:00,RARE
112.86,112.94,111.9949,111.9949,5534,2021-03-30 17:30:00,RARE
111.99,112.31,111.96,112.07,2159,2021-03-30 17:35:00,RARE
112.065,112.58,112.065,112.14,700,2021-03-30 17:40:00,RARE
112.24,112.24,112.04,112.04,1240,2021-03-30 17:45:00,RARE
112.04,112.355,111.93,112.355,2645,2021-03-30 17:50:00,RARE
112.355,112.355,111.58,111.58,3600,2021-03-30 17:55:00,RARE
111.54,111.57,111.3,111.445,500,2021-03-30 18:00:00,RARE
111.76,112.0,111.59,111.59,3455,2021-03-30 18:05:00,RARE
111.33,111.92,111.33,111.73,2614,2021-03-30 18:10:00,RARE
111.675,112.19,111.475,111.73,3022,2021-03-30 18:15:00,RARE
111.715,111.82,111.55,111.82,3377,2021-03-30 18:20:00,RARE
111.645,111.86,111.58,111.86,700,2021-03-30 18:25:00,RARE
111.91,112.22,111.735,112.0,18801,2021-03-30 18:30:00,RARE
112.0,112.255,111.9,112.03,6000,2021-03-30 18:35:00,RARE
111.615,111.81,111.49,111.49,300,2021-03-30 18:40:00,RARE
111.56,111.68,111.35,111.35,695,2021-03-30 18:45:00,RARE
111.52,112.07,111.52,111.99,900,2021-03-30 18:50:00,RARE
112.0,112.32,112.0,112.25,1000,2021-03-30 18:55:00,RARE
112.63,112.63,112.11,112.11,800,2021-03-30 19:00:00,RARE
112.21,112.68,112.21,112.5,4301,2021-03-30 19:05:00,RARE
112.495,112.7,112.405,112.7,2302,2021-03-30 19:10:00,RARE
112.89,113.24,112.68,113.24,567,2021-03-30 19:15:00,RARE
112.955,113.21,112.92,113.11,1400,2021-03-30 19:20:00,RARE
112.895,113.23,112.895,113.1,3832,2021-03-30 19:25:00,RARE
113.17,113.34,113.06,113.34,7799,2021-03-30 19:30:00,RARE
113.34,113.41,112.94,112.94,10612,2021-03-30 19:35:00,RARE
112.49,112.55,111.68,111.68,2300,2021-03-30 19:40:00,RARE
111.86,112.08,111.23,111.79,5225,2021-03-30 19:45:00,RARE
112.28,112.74,111.69,112.19,17285,2021-03-30 19:50:00,RARE
111.86,112.33,111.34,112.06,30137,2021-03-30 19:55:00,RARE
112.06,112.06,112.06,112.06,40878,2021-03-30 20:00:00,RARE
112.55,114.11,112.55,114.11,3665,2021-03-31 13:30:00,RARE
114.27,114.27,113.08,113.08,1000,2021-03-31 13:35:00,RARE
113.63,113.63,112.71,113.2222,1284,2021-03-31 13:40:00,RARE
112.845,115.34,112.845,115.08,5898,2021-03-31 13:45:00,RARE
115.075,116.69,114.32,114.32,8048,2021-03-31 13:50:00,RARE
114.32,115.205,114.17,114.89,9231,2021-03-31 13:55:00,RARE
114.82,114.97,114.11,114.11,2000,2021-03-31 14:00:00,RARE
114.67,114.67,113.91,114.0,700,2021-03-31 14:05:00,RARE
113.91,114.05,113.17,113.94,4534,2021-03-31 14:10:00,RARE
114.05,114.14,113.73,113.73,1200,2021-03-31 14:15:00,RARE
114.13,114.45,113.515,113.515,2200,2021-03-31 14:20:00,RARE
113.5,114.7,113.38,113.38,1800,2021-03-31 14:25:00,RARE
113.41,113.41,112.86,113.145,1400,2021-03-31 14:30:00,RARE
113.34,113.41,113.12,113.24,1700,2021-03-31 14:35:00,RARE
113.39,114.16,113.39,114.16,1705,2021-03-31 14:40:00,RARE
114.03,114.43,113.85,114.165,1200,2021-03-31 14:45:00,RARE
114.44,114.78,113.79,114.08,1967,2021-03-31 14:50:00,RARE
114.195,114.84,113.86,114.225,4228,2021-03-31 14:55:00,RARE
114.24,114.51,113.43,113.43,4738,2021-03-31 15:00:00,RARE
113.415,113.7,113.415,113.43,1000,2021-03-31 15:05:00,RARE
113.38,113.69,113.24,113.39,1807,2021-03-31 15:10:00,RARE
113.295,113.295,112.795,112.94,2200,2021-03-31 15:15:00,RARE
112.7,112.7,112.14,112.3785,5748,2021-03-31 15:20:00,RARE
112.24,112.24,111.36,111.695,1817,2021-03-31 15:25:00,RARE
111.95,112.1,111.86,111.875,5932,2021-03-31 15:30:00,RARE
111.955,112.39,111.91,112.39,2700,2021-03-31 15:35:00,RARE
112.49,112.585,111.85,111.975,1835,2021-03-31 15:40:00,RARE
111.98,112.17,111.85,111.85,1800,2021-03-31 15:45:00,RARE
111.73,111.91,111.66,111.7,1200,2021-03-31 15:55:00,RARE
111.685,111.77,110.88,111.77,7892,2021-03-31 16:00:00,RARE
111.6,111.89,110.89,110.89,6367,2021-03-31 16:05:00,RARE
111.065,111.61,110.82,111.38,8070,2021-03-31 16:10:00,RARE
111.4,111.4,110.97,111.08,2115,2021-03-31 16:15:00,RARE
111.23,111.46,111.05,111.15,4199,2021-03-31 16:20:00,RARE
111.15,112.05,111.15,112.05,7749,2021-03-31 16:25:00,RARE
112.22,112.66,112.22,112.66,800,2021-03-31 16:30:00,RARE
112.49,112.67,112.195,112.235,1875,2021-03-31 16:35:00,RARE
112.41,112.99,112.41,112.99,3444,2021-03-31 16:40:00,RARE
112.98,113.17,112.98,113.17,6000,2021-03-31 16:45:00,RARE
113.125,113.34,113.125,113.25,600,2021-03-31 16:50:00,RARE
113.22,113.235,112.74,112.78,3974,2021-03-31 16:55:00,RARE
112.915,113.16,112.76,113.16,400,2021-03-31 17:00:00,RARE
112.94,113.43,112.94,113.37,1000,2021-03-31 17:05:00,RARE
113.34,113.72,113.28,113.54,2900,2021-03-31 17:10:00,RARE
113.535,114.12,113.535,114.12,1200,2021-03-31 17:15:00,RARE
114.32,114.74,114.32,114.7,700,2021-03-31 17:20:00,RARE
114.55,114.84,114.55,114.715,700,2021-03-31 17:25:00,RARE
114.725,114.86,114.45,114.64,1396,2021-03-31 17:30:00,RARE
114.39,114.65,114.39,114.495,1500,2021-03-31 17:35:00,RARE
114.26,114.51,114.08,114.27,400,2021-03-31 17:40:00,RARE
114.17,114.48,114.08,114.48,300,2021-03-31 17:45:00,RARE
114.08,114.67,113.98,114.67,1326,2021-03-31 17:50:00,RARE
114.67,114.67,114.23,114.23,900,2021-03-31 17:55:00,RARE
114.14,114.24,113.93,114.18,500,2021-03-31 18:00:00,RARE
114.185,114.185,113.51,113.53,600,2021-03-31 18:05:00,RARE
113.83,114.31,113.35,114.14,2300,2021-03-31 18:10:00,RARE
114.295,114.74,114.295,114.74,800,2021-03-31 18:15:00,RARE
115.135,115.46,115.09,115.24,1400,2021-03-31 18:20:00,RARE
115.4,115.54,115.32,115.32,500,2021-03-31 18:25:00,RARE
115.54,115.54,114.89,114.89,1630,2021-03-31 18:30:00,RARE
114.36,115.03,114.36,114.85,900,2021-03-31 18:35:00,RARE
115.02,115.02,114.51,114.91,2030,2021-03-31 18:40:00,RARE
114.96,114.96,114.44,114.85,600,2021-03-31 18:45:00,RARE
114.855,114.89,114.65,114.89,1200,2021-03-31 18:50:00,RARE
115.04,115.04,114.465,114.715,5100,2021-03-31 18:55:00,RARE
115.02,115.45,114.815,115.09,800,2021-03-31 19:00:00,RARE
115.2,115.41,115.2,115.41,400,2021-03-31 19:05:00,RARE
115.2,115.4,115.08,115.08,2700,2021-03-31 19:10:00,RARE
115.285,115.54,114.57,114.57,2500,2021-03-31 19:15:00,RARE
114.91,114.98,114.73,114.775,1020,2021-03-31 19:20:00,RARE
114.67,114.67,114.39,114.515,1972,2021-03-31 19:25:00,RARE
114.49,114.97,114.36,114.97,2053,2021-03-31 19:30:00,RARE
114.86,114.87,114.555,114.71,2296,2021-03-31 19:35:00,RARE
114.41,114.8,114.295,114.295,2500,2021-03-31 19:40:00,RARE
114.32,114.62,114.26,114.41,3645,2021-03-31 19:45:00,RARE
114.6,115.05,114.34,114.34,12364,2021-03-31 19:50:00,RARE
114.225,114.76,113.61,113.79,33448,2021-03-31 19:55:00,RARE
113.86,113.86,113.86,113.86,424089,2021-03-31 20:00:00,RARE
115.0,115.0,115.0,115.0,200,2021-04-01 13:25:00,RARE
115.55,115.55,112.605,112.605,16344,2021-04-01 13:30:00,RARE
113.25,113.95,112.23,112.88,7271,2021-04-01 13:35:00,RARE
113.45,113.62,111.47,112.115,7226,2021-04-01 13:40:00,RARE
112.095,112.745,112.095,112.735,1400,2021-04-01 13:45:00,RARE
112.28,113.21,111.52,112.445,3666,2021-04-01 13:50:00,RARE
112.255,112.91,111.9,112.795,2225,2021-04-01 13:55:00,RARE
113.16,114.89,113.15,113.9,8328,2021-04-01 14:00:00,RARE
113.76,114.88,113.65,114.55,1800,2021-04-01 14:05:00,RARE
114.83,115.92,114.83,115.87,2800,2021-04-01 14:10:00,RARE
115.66,115.93,114.92,115.13,2400,2021-04-01 14:15:00,RARE
114.68,115.22,114.21,115.22,1265,2021-04-01 14:20:00,RARE
115.43,115.875,115.26,115.26,1418,2021-04-01 14:25:00,RARE
115.26,115.505,114.66,115.505,2100,2021-04-01 14:30:00,RARE
115.52,115.52,115.13,115.21,1100,2021-04-01 14:35:00,RARE
114.87,115.58,114.8,115.33,1300,2021-04-01 14:40:00,RARE
115.24,115.795,114.9,115.5,2100,2021-04-01 14:45:00,RARE
115.425,115.455,114.75,114.7794,1905,2021-04-01 14:50:00,RARE
114.57,114.94,114.065,114.775,3268,2021-04-01 14:55:00,RARE
114.92,115.3,114.88,114.99,1500,2021-04-01 15:00:00,RARE
114.82,114.82,114.05,114.09,1600,2021-04-01 15:05:00,RARE
114.0,114.15,113.86,113.9,2000,2021-04-01 15:10:00,RARE
113.87,114.055,113.11,113.95,28561,2021-04-01 15:15:00,RARE
114.075,114.075,113.46,113.46,580,2021-04-01 15:20:00,RARE
113.82,114.05,113.675,113.975,1200,2021-04-01 15:25:00,RARE
114.1,114.65,113.9,114.34,3114,2021-04-01 15:30:00,RARE
114.33,114.51,113.88,114.29,3163,2021-04-01 15:35:00,RARE
114.1,114.11,113.42,113.42,1700,2021-04-01 15:40:00,RARE
113.68,114.43,113.32,114.12,1700,2021-04-01 15:45:00,RARE
114.3575,114.47,114.15,114.15,700,2021-04-01 15:50:00,RARE
114.145,114.71,114.145,114.37,1227,2021-04-01 15:55:00,RARE
114.34,114.48,114.295,114.4,1700,2021-04-01 16:00:00,RARE
114.29,114.55,114.29,114.35,2300,2021-04-01 16:05:00,RARE
114.31,114.56,114.25,114.56,1400,2021-04-01 16:10:00,RARE
114.395,114.83,114.1,114.83,1522,2021-04-01 16:15:00,RARE
114.77,114.79,114.67,114.79,900,2021-04-01 16:20:00,RARE
114.73,114.94,114.71,114.71,1000,2021-04-01 16:25:00,RARE
114.75,114.83,114.63,114.79,2036,2021-04-01 16:30:00,RARE
114.71,114.71,114.71,114.71,100,2021-04-01 16:35:00,RARE
114.54,114.62,114.41,114.52,1200,2021-04-01 16:40:00,RARE
114.44,114.44,114.165,114.165,900,2021-04-01 16:45:00,RARE
113.92,114.39,113.92,114.155,1000,2021-04-01 16:50:00,RARE
114.14,114.14,113.88,113.95,500,2021-04-01 16:55:00,RARE
114.02,114.34,113.88,114.3,900,2021-04-01 17:00:00,RARE
114.0,114.035,113.96,114.035,700,2021-04-01 17:05:00,RARE
113.91,114.29,113.91,114.05,3638,2021-04-01 17:10:00,RARE
114.27,114.27,113.22,113.22,500,2021-04-01 17:15:00,RARE
113.62,113.83,113.3,113.3,900,2021-04-01 17:20:00,RARE
113.48,113.48,113.0,113.0,1300,2021-04-01 17:25:00,RARE
113.34,113.6,113.27,113.6,1600,2021-04-01 17:30:00,RARE
113.84,113.84,113.71,113.795,300,2021-04-01 17:35:00,RARE
113.57,113.6067,113.15,113.16,1700,2021-04-01 17:40:00,RARE
113.15,113.15,112.37,112.92,2210,2021-04-01 17:45:00,RARE
113.045,113.32,113.04,113.04,1000,2021-04-01 17:50:00,RARE
112.96,113.1,112.71,112.98,1400,2021-04-01 17:55:00,RARE
113.0,113.27,112.96,113.145,900,2021-04-01 18:00:00,RARE
113.36,113.55,113.05,113.24,1400,2021-04-01 18:05:00,RARE
113.39,113.83,113.33,113.83,800,2021-04-01 18:10:00,RARE
113.63,113.82,113.36,113.565,782,2021-04-01 18:15:00,RARE
113.45,113.83,113.45,113.575,1211,2021-04-01 18:20:00,RARE
113.45,113.625,113.4,113.54,1770,2021-04-01 18:25:00,RARE
113.55,113.72,113.46,113.605,1700,2021-04-01 18:30:00,RARE
113.525,113.94,113.25,113.94,2859,2021-04-01 18:35:00,RARE
113.64,113.64,113.2,113.2,825,2021-04-01 18:40:00,RARE
113.13,113.36,113.11,113.11,2780,2021-04-01 18:45:00,RARE
113.21,113.37,113.0,113.0,1758,2021-04-01 18:50:00,RARE
113.18,113.43,112.72,112.72,1200,2021-04-01 18:55:00,RARE
112.61,112.765,112.37,112.37,2000,2021-04-01 19:00:00,RARE
112.68,112.905,112.28,112.905,2019,2021-04-01 19:05:00,RARE
112.46,112.46,112.07,112.09,500,2021-04-01 19:10:00,RARE
111.81,112.19,111.81,112.19,2635,2021-04-01 19:15:00,RARE
112.05,112.51,112.05,112.46,1200,2021-04-01 19:20:00,RARE
112.51,112.72,112.2,112.72,2951,2021-04-01 19:25:00,RARE
112.72,113.12,112.58,112.93,2357,2021-04-01 19:30:00,RARE
113.0,113.0,112.7675,112.835,1500,2021-04-01 19:35:00,RARE
112.565,112.66,112.22,112.27,4334,2021-04-01 19:40:00,RARE
112.44,112.81,112.37,112.64,2700,2021-04-01 19:45:00,RARE
112.8,113.35,112.5,113.35,8884,2021-04-01 19:50:00,RARE
113.2,113.33,112.61,113.1,12458,2021-04-01 19:55:00,RARE
113.2,113.2,113.2,113.2,41199,2021-04-01 20:00:00,RARE
113.2,113.2,113.2,113.2,32847,2021-04-01 21:05:00,RARE
114.82,120.0,114.16,114.97,7576,2021-04-05 13:30:00,RARE
114.55,115.1,114.105,114.98,800,2021-04-05 13:40:00,RARE
115.1,115.58,115.1,115.58,400,2021-04-05 13:45:00,RARE
115.78,115.78,114.625,115.29,700,2021-04-05 14:00:00,RARE
114.76,115.1,114.11,114.87,1992,2021-04-05 14:05:00,RARE
114.86,114.87,114.12,114.44,2587,2021-04-05 14:10:00,RARE
114.78,114.87,114.11,114.21,900,2021-04-05 14:15:00,RARE
114.22,114.39,114.22,114.22,500,2021-04-05 14:20:00,RARE
114.87,114.9,114.45,114.45,700,2021-04-05 14:25:00,RARE
114.12,114.36,114.02,114.12,552,2021-04-05 14:30:00,RARE
113.86,113.86,113.3,113.3,400,2021-04-05 14:35:00,RARE
113.53,113.53,113.33,113.33,500,2021-04-05 14:40:00,RARE
113.35,113.35,113.35,113.35,15000,2021-04-05 14:45:00,RARE
112.98,113.34,112.67,113.185,2302,2021-04-05 14:50:00,RARE
113.07,113.07,112.21,112.54,500,2021-04-05 14:55:00,RARE
112.34,112.47,112.32,112.47,700,2021-04-05 15:00:00,RARE
112.45,112.61,112.42,112.49,500,2021-04-05 15:05:00,RARE
112.56,112.82,112.04,112.57,2100,2021-04-05 15:10:00,RARE
112.41,112.41,112.41,112.41,100,2021-04-05 15:15:00,RARE
112.81,113.44,112.785,113.44,5141,2021-04-05 15:20:00,RARE
113.5,113.55,113.425,113.47,1600,2021-04-05 15:25:00,RARE
113.89,113.89,113.56,113.67,658,2021-04-05 15:30:00,RARE
113.5,113.57,113.37,113.465,2103,2021-04-05 15:35:00,RARE
113.45,113.52,113.4,113.52,1200,2021-04-05 15:40:00,RARE
113.43,113.43,113.13,113.13,442,2021-04-05 15:45:00,RARE
112.69,112.69,112.69,112.69,100,2021-04-05 15:50:00,RARE
112.85,112.87,111.8,112.34,2829,2021-04-05 15:55:00,RARE
112.37,112.37,111.86,111.86,200,2021-04-05 16:00:00,RARE
111.85,112.01,111.85,112.01,200,2021-04-05 16:05:00,RARE
111.805,111.805,111.805,111.805,100,2021-04-05 16:10:00,RARE
111.98,111.98,111.98,111.98,100,2021-04-05 16:15:00,RARE
111.97,111.97,111.66,111.66,1200,2021-04-05 16:20:00,RARE
111.75,112.01,111.75,112.01,1933,2021-04-05 16:25:00,RARE
112.16,112.2,112.07,112.2,300,2021-04-05 16:30:00,RARE
112.11,112.67,112.11,112.67,1750,2021-04-05 16:45:00,RARE
112.35,112.75,112.35,112.74,500,2021-04-05 16:50:00,RARE
112.44,112.44,112.44,112.44,400,2021-04-05 16:55:00,RARE
112.07,112.07,112.07,112.07,100,2021-04-05 17:00:00,RARE
112.29,112.54,112.26,112.47,2239,2021-04-05 17:05:00,RARE
112.29,112.6,112.04,112.495,9416,2021-04-05 17:10:00,RARE
112.49,112.75,112.44,112.52,4500,2021-04-05 17:15:00,RARE
112.46,112.47,112.3,112.3,400,2021-04-05 17:20:00,RARE
112.445,112.46,112.445,112.46,272,2021-04-05 17:25:00,RARE
112.42,112.57,112.2,112.55,1145,2021-04-05 17:30:00,RARE
112.44,112.69,112.44,112.57,600,2021-04-05 17:35:00,RARE
112.7,112.7,112.54,112.54,1850,2021-04-05 17:40:00,RARE
112.545,112.69,112.45,112.595,1200,2021-04-05 17:45:00,RARE
112.45,112.84,112.43,112.51,5912,2021-04-05 17:50:00,RARE
112.43,112.43,112.43,112.43,100,2021-04-05 17:55:00,RARE
112.48,112.48,112.48,112.48,100,2021-04-05 18:00:00,RARE
112.49,112.98,112.49,112.93,1953,2021-04-05 18:05:00,RARE
112.81,113.18,112.81,112.91,400,2021-04-05 18:10:00,RARE
113.01,113.07,113.0,113.0,1000,2021-04-05 18:15:00,RARE
113.24,113.54,113.24,113.31,500,2021-04-05 18:20:00,RARE
113.06,113.06,113.05,113.05,200,2021-04-05 18:25:00,RARE
113.05,113.09,113.03,113.055,564,2021-04-05 18:30:00,RARE
113.09,113.09,112.7,112.885,700,2021-04-05 18:35:00,RARE
112.77,112.815,112.62,112.62,1200,2021-04-05 18:40:00,RARE
112.7,112.81,112.66,112.79,2100,2021-04-05 18:45:00,RARE
112.855,113.0,112.85,113.0,400,2021-04-05 18:50:00,RARE
113.13,113.13,113.13,113.13,100,2021-04-05 18:55:00,RARE
113.075,113.21,112.94,112.94,1290,2021-04-05 19:00:00,RARE
112.75,113.185,112.75,113.04,2900,2021-04-05 19:05:00,RARE
113.1638,113.32,113.16,113.16,1400,2021-04-05 19:10:00,RARE
113.13,113.24,113.13,113.145,300,2021-04-05 19:15:00,RARE
112.99,113.09,112.96,113.035,939,2021-04-05 19:20:00,RARE
113.05,113.2,112.91,113.04,1345,2021-04-05 19:25:00,RARE
112.68,112.76,112.57,112.59,3081,2021-04-05 19:30:00,RARE
112.51,113.19,112.51,113.04,3638,2021-04-05 19:35:00,RARE
112.8,113.02,112.8,113.01,2500,2021-04-05 19:40:00,RARE
112.91,113.44,112.8415,113.17,2463,2021-04-05 19:45:00,RARE
113.32,113.79,113.04,113.12,5784,2021-04-05 19:50:00,RARE
113.32,113.67,112.98,113.6,9622,2021-04-05 19:55:00,RARE
113.42,113.42,113.42,113.42,35341,2021-04-05 20:00:00,RARE
113.42,113.42,113.42,113.42,2783,2021-04-05 21:05:00,RARE
113.01,115.4,111.815,112.75,3193,2021-04-06 13:30:00,RARE
111.75,113.32,111.75,112.55,3790,2021-04-06 13:40:00,RARE
112.66,113.18,112.55,113.02,2951,2021-04-06 13:45:00,RARE
112.75,112.75,112.73,112.73,200,2021-04-06 13:50:00,RARE
112.99,113.26,112.99,113.26,400,2021-04-06 13:55:00,RARE
113.06,113.06,112.295,112.295,3477,2021-04-06 14:00:00,RARE
112.385,112.385,111.44,111.44,3471,2021-04-06 14:05:00,RARE
111.12,111.59,110.885,111.5,3906,2021-04-06 14:10:00,RARE
111.485,111.61,111.07,111.205,1500,2021-04-06 14:15:00,RARE
111.27,111.535,111.225,111.535,300,2021-04-06 14:20:00,RARE
111.505,111.52,111.505,111.52,200,2021-04-06 14:25:00,RARE
111.73,111.85,111.36,111.5,5700,2021-04-06 14:30:00,RARE
111.67,112.25,111.67,112.25,2179,2021-04-06 14:35:00,RARE
112.6,112.64,112.26,112.41,1200,2021-04-06 14:40:00,RARE
112.32,112.74,112.32,112.74,500,2021-04-06 14:45:00,RARE
112.75,112.75,112.23,112.475,2200,2021-04-06 14:50:00,RARE
112.5,112.6,112.5,112.6,4750,2021-04-06 14:55:00,RARE
112.29,112.81,111.96,112.1,1858,2021-04-06 15:00:00,RARE
111.71,111.89,111.71,111.89,305,2021-04-06 15:05:00,RARE
112.38,112.38,112.05,112.14,300,2021-04-06 15:10:00,RARE
112.04,112.32,111.9,112.32,967,2021-04-06 15:15:00,RARE
112.66,112.66,112.54,112.585,400,2021-04-06 15:20:00,RARE
112.565,112.71,112.43,112.52,1219,2021-04-06 15:25:00,RARE
112.51,112.56,112.28,112.56,315,2021-04-06 15:30:00,RARE
112.53,112.56,112.53,112.56,598,2021-04-06 15:35:00,RARE
112.59,112.61,112.46,112.61,1110,2021-04-06 15:40:00,RARE
112.595,112.68,112.595,112.64,812,2021-04-06 15:45:00,RARE
112.85,112.92,112.82,112.82,400,2021-04-06 15:50:00,RARE
112.95,113.225,112.95,113.225,415,2021-04-06 15:55:00,RARE
113.24,113.24,112.97,112.97,500,2021-04-06 16:00:00,RARE
113.03,113.145,112.98,113.145,545,2021-04-06 16:05:00,RARE
113.13,113.13,112.7372,112.83,2204,2021-04-06 16:10:00,RARE
112.82,112.82,112.46,112.46,510,2021-04-06 16:15:00,RARE
112.35,112.43,112.35,112.43,300,2021-04-06 16:20:00,RARE
112.465,112.81,112.34,112.8,5097,2021-04-06 16:25:00,RARE
112.76,112.76,112.47,112.55,2685,2021-04-06 16:30:00,RARE
112.55,112.62,112.5175,112.62,300,2021-04-06 16:35:00,RARE
112.66,112.66,112.56,112.62,517,2021-04-06 16:40:00,RARE
112.68,112.78,112.39,112.48,1421,2021-04-06 16:45:00,RARE
112.48,112.48,112.48,112.48,300,2021-04-06 16:50:00,RARE
112.5,112.9,112.44,112.5,16622,2021-04-06 16:55:00,RARE
112.54,112.59,112.4,112.4,1315,2021-04-06 17:00:00,RARE
112.4,112.4,112.03,112.14,800,2021-04-06 17:05:00,RARE
111.92,112.0,111.75,111.75,787,2021-04-06 17:10:00,RARE
111.71,111.74,111.41,111.41,1200,2021-04-06 17:15:00,RARE
111.47,111.54,111.47,111.54,400,2021-04-06 17:20:00,RARE
111.44,111.49,111.2548,111.49,3150,2021-04-06 17:25:00,RARE
111.645,111.79,111.645,111.79,200,2021-04-06 17:30:00,RARE
111.73,111.91,111.73,111.91,1000,2021-04-06 17:35:00,RARE
112.03,112.03,112.03,112.03,100,2021-04-06 17:40:00,RARE
111.91,112.11,111.91,111.985,700,2021-04-06 17:45:00,RARE
112.14,112.14,111.96,111.96,300,2021-04-06 17:50:00,RARE
112.08,112.08,111.92,111.99,700,2021-04-06 17:55:00,RARE
112.12,112.13,112.01,112.01,838,2021-04-06 18:00:00,RARE
111.93,111.94,111.82,111.94,800,2021-04-06 18:05:00,RARE
111.8,112.0,111.8,112.0,300,2021-04-06 18:10:00,RARE
111.85,111.915,111.47,111.71,3293,2021-04-06 18:15:00,RARE
111.635,111.78,111.5,111.65,1100,2021-04-06 18:20:00,RARE
111.625,111.78,111.575,111.66,4470,2021-04-06 18:25:00,RARE
111.64,111.64,111.32,111.325,500,2021-04-06 18:30:00,RARE
111.18,111.19,110.9,110.99,1834,2021-04-06 18:35:00,RARE
110.955,110.995,110.955,110.995,470,2021-04-06 18:40:00,RARE
111.03,111.32,111.03,111.32,1100,2021-04-06 18:45:00,RARE
111.1,111.14,110.85,111.12,800,2021-04-06 18:50:00,RARE
110.94,110.99,110.94,110.94,300,2021-04-06 18:55:00,RARE
111.03,111.13,110.2139,110.29,2537,2021-04-06 19:00:00,RARE
110.43,110.45,109.31,109.5,15063,2021-04-06 19:05:00,RARE
109.46,109.67,109.35,109.35,5708,2021-04-06 19:10:00,RARE
109.35,109.35,108.76,109.19,3764,2021-04-06 19:15:00,RARE
109.015,109.08,108.77,108.865,3226,2021-04-06 19:20:00,RARE
108.865,108.955,108.6,108.82,2046,2021-04-06 19:25:00,RARE
108.78,110.18,108.78,110.18,1828,2021-04-06 19:30:00,RARE
109.89,110.325,109.89,110.16,2260,2021-04-06 19:35:00,RARE
110.11,110.195,109.92,110.11,2618,2021-04-06 19:40:00,RARE
110.0,110.01,109.62,109.72,3310,2021-04-06 19:45:00,RARE
109.72,109.72,109.17,109.55,7006,2021-04-06 19:50:00,RARE
109.52,109.94,109.14,109.14,64211,2021-04-06 19:55:00,RARE
109.19,109.19,109.19,109.19,39444,2021-04-06 20:00:00,RARE
108.74,109.96,108.74,108.96,2189,2021-04-07 13:30:00,RARE
108.33,108.505,108.33,108.505,300,2021-04-07 13:35:00,RARE
108.0,108.7,107.885,108.31,1216,2021-04-07 13:40:00,RARE
107.73,108.14,107.73,108.1,300,2021-04-07 13:45:00,RARE
108.335,108.87,107.94,108.55,8277,2021-04-07 13:50:00,RARE
108.66,108.75,108.01,108.34,1818,2021-04-07 13:55:00,RARE
108.99,109.085,108.99,109.085,300,2021-04-07 14:00:00,RARE
108.94,108.9508,108.4099,108.9508,1189,2021-04-07 14:05:00,RARE
108.715,109.55,108.49,109.55,2107,2021-04-07 14:10:00,RARE
109.67,110.04,109.64,109.935,1345,2021-04-07 14:15:00,RARE
110.4,110.88,110.29,110.88,675,2021-04-07 14:20:00,RARE
110.41,111.11,110.41,110.71,1141,2021-04-07 14:25:00,RARE
110.35,110.35,110.12,110.12,300,2021-04-07 14:30:00,RARE
109.96,110.8,109.96,110.8,1436,2021-04-07 14:35:00,RARE
110.87,110.9,110.53,110.775,1100,2021-04-07 14:40:00,RARE
110.485,110.485,110.07,110.1,700,2021-04-07 14:45:00,RARE
109.875,109.875,109.875,109.875,100,2021-04-07 14:50:00,RARE
109.98,110.11,109.98,110.0291,514,2021-04-07 14:55:00,RARE
109.71,110.15,109.56,109.56,1300,2021-04-07 15:00:00,RARE
109.61,109.95,109.61,109.95,600,2021-04-07 15:05:00,RARE
110.21,110.28,110.21,110.26,300,2021-04-07 15:10:00,RARE
110.51,110.51,110.35,110.35,800,2021-04-07 15:15:00,RARE
110.02,110.13,110.005,110.12,1182,2021-04-07 15:20:00,RARE
109.88,109.88,109.88,109.88,100,2021-04-07 15:25:00,RARE
109.92,109.94,109.92,109.94,200,2021-04-07 15:30:00,RARE
109.7011,109.95,109.41,109.55,700,2021-04-07 15:35:00,RARE
108.92,108.96,108.92,108.955,300,2021-04-07 15:40:00,RARE
109.335,109.51,108.8,108.8,4167,2021-04-07 15:45:00,RARE
108.88,109.0,108.77,109.0,806,2021-04-07 15:50:00,RARE
108.69,108.845,108.6,108.845,300,2021-04-07 15:55:00,RARE
108.59,109.0,108.58,108.89,6795,2021-04-07 16:00:00,RARE
108.58,108.72,108.52,108.52,500,2021-04-07 16:05:00,RARE
108.13,108.54,108.09,108.54,1000,2021-04-07 16:10:00,RARE
108.38,108.52,108.38,108.52,500,2021-04-07 16:15:00,RARE
108.54,108.71,108.54,108.71,500,2021-04-07 16:20:00,RARE
108.83,108.83,108.09,108.1,2364,2021-04-07 16:25:00,RARE
108.42,108.63,108.42,108.57,900,2021-04-07 16:30:00,RARE
108.63,108.63,108.3,108.3,953,2021-04-07 16:35:00,RARE
108.325,108.6,108.325,108.395,1414,2021-04-07 16:40:00,RARE
108.455,108.455,108.455,108.455,100,2021-04-07 16:45:00,RARE
108.41,108.51,108.17,108.3626,561,2021-04-07 16:50:00,RARE
108.39,108.77,108.39,108.77,700,2021-04-07 16:55:00,RARE
108.58,108.78,108.58,108.595,1209,2021-04-07 17:00:00,RARE
108.5,108.54,108.42,108.42,600,2021-04-07 17:05:00,RARE
108.51,108.51,108.2,108.2,700,2021-04-07 17:10:00,RARE
108.14,108.6,108.14,108.44,975,2021-04-07 17:15:00,RARE
108.53,108.53,108.32,108.4,600,2021-04-07 17:20:00,RARE
108.69,108.69,108.64,108.64,200,2021-04-07 17:25:00,RARE
108.67,108.75,108.64,108.75,500,2021-04-07 17:30:00,RARE
108.605,108.79,108.5,108.5,1100,2021-04-07 17:35:00,RARE
108.56,108.76,108.52,108.69,921,2021-04-07 17:40:00,RARE
108.6,108.6,108.53,108.57,400,2021-04-07 17:45:00,RARE
108.59,108.59,108.19,108.19,579,2021-04-07 17:50:00,RARE
108.27,108.28,107.475,107.475,2327,2021-04-07 17:55:00,RARE
107.555,108.25,107.555,107.99,1545,2021-04-07 18:00:00,RARE
107.95,108.26,107.78,108.18,2105,2021-04-07 18:05:00,RARE
108.38,108.53,108.19,108.39,500,2021-04-07 18:10:00,RARE
108.28,108.42,108.09,108.09,600,2021-04-07 18:15:00,RARE
108.22,108.22,107.85,107.96,774,2021-04-07 18:20:00,RARE
107.64,107.73,107.28,107.49,1679,2021-04-07 18:25:00,RARE
107.5,107.5,107.245,107.4,522,2021-04-07 18:30:00,RARE
107.04,107.12,106.91,107.12,1300,2021-04-07 18:35:00,RARE
107.01,107.01,106.66,106.85,1200,2021-04-07 18:40:00,RARE
106.9,107.3,106.9,107.16,1700,2021-04-07 18:45:00,RARE
107.43,107.43,107.17,107.17,700,2021-04-07 18:50:00,RARE
107.085,107.13,106.715,106.715,1913,2021-04-07 18:55:00,RARE
106.785,106.97,106.64,106.88,1421,2021-04-07 19:00:00,RARE
107.04,107.04,106.645,106.645,1858,2021-04-07 19:05:00,RARE
106.45,106.58,106.14,106.58,1588,2021-04-07 19:10:00,RARE
106.16,106.16,105.665,105.745,5605,2021-04-07 19:15:00,RARE
106.02,106.11,105.81,105.87,1355,2021-04-07 19:20:00,RARE
105.77,105.84,105.28,105.37,4174,2021-04-07 19:25:00,RARE
105.385,105.48,104.92,105.02,3083,2021-04-07 19:30:00,RARE
105.0,105.34,104.72,105.34,4647,2021-04-07 19:35:00,RARE
105.14,105.38,105.03,105.38,3557,2021-04-07 19:40:00,RARE
105.37,105.43,104.83,105.115,5891,2021-04-07 19:45:00,RARE
105.03,105.27,104.72,105.1325,12588,2021-04-07 19:50:00,RARE
105.15,105.68,105.0,105.1,29831,2021-04-07 19:55:00,RARE
105.27,105.27,105.27,105.27,37296,2021-04-07 20:00:00,RARE
107.23,107.25,106.1,106.1,2975,2021-04-08 13:30:00,RARE
107.54,108.21,106.44,106.44,2007,2021-04-08 13:35:00,RARE
106.21,106.3,106.2,106.3,915,2021-04-08 13:40:00,RARE
106.3,106.36,105.48,105.5,1092,2021-04-08 13:45:00,RARE
106.42,106.42,105.65,105.65,1193,2021-04-08 13:50:00,RARE
105.78,106.08,105.39,105.865,600,2021-04-08 13:55:00,RARE
105.82,106.235,105.54,105.54,3315,2021-04-08 14:00:00,RARE
105.675,105.95,104.89,105.21,3539,2021-04-08 14:05:00,RARE
105.45,105.46,104.48,104.48,1605,2021-04-08 14:10:00,RARE
104.09,104.85,104.07,104.07,5385,2021-04-08 14:15:00,RARE
103.98,104.4,103.51,104.135,8962,2021-04-08 14:20:00,RARE
104.125,104.125,103.23,103.81,3769,2021-04-08 14:25:00,RARE
103.94,104.01,103.35,103.455,20205,2021-04-08 14:30:00,RARE
103.57,104.0078,103.08,103.31,29183,2021-04-08 14:35:00,RARE
103.53,105.58,103.43,105.25,13363,2021-04-08 14:40:00,RARE
105.07,106.135,105.07,105.89,1649,2021-04-08 14:45:00,RARE
105.52,105.64,105.46,105.51,836,2021-04-08 14:50:00,RARE
105.59,105.9,105.5,105.73,1674,2021-04-08 14:55:00,RARE
105.81,105.81,105.32,105.32,1850,2021-04-08 15:00:00,RARE
105.56,105.9,105.455,105.9,2200,2021-04-08 15:05:00,RARE
105.78,105.88,105.72,105.72,700,2021-04-08 15:10:00,RARE
105.72,105.72,105.13,105.41,2209,2021-04-08 15:15:00,RARE
105.39,105.7,105.32,105.39,1353,2021-04-08 15:20:00,RARE
105.37,105.53,105.13,105.46,1912,2021-04-08 15:25:00,RARE
105.27,105.35,105.07,105.335,1286,2021-04-08 15:30:00,RARE
105.37,105.71,105.37,105.65,1400,2021-04-08 15:35:00,RARE
105.47,105.9,105.47,105.9,808,2021-04-08 15:40:00,RARE
105.89,105.9,105.84,105.9,3474,2021-04-08 15:45:00,RARE
105.91,106.0,105.68,106.0,1393,2021-04-08 15:50:00,RARE
106.06,106.13,105.82,105.82,800,2021-04-08 15:55:00,RARE
106.04,106.0905,105.93,105.93,500,2021-04-08 16:00:00,RARE
105.87,105.87,105.34,105.34,2488,2021-04-08 16:05:00,RARE
105.28,105.28,104.89,104.9,900,2021-04-08 16:10:00,RARE
105.21,105.605,105.21,105.43,1600,2021-04-08 16:15:00,RARE
105.24,105.93,105.24,105.7,1700,2021-04-08 16:20:00,RARE
106.03,106.14,105.855,106.0,1432,2021-04-08 16:25:00,RARE
106.0,106.18,105.98,106.17,1870,2021-04-08 16:30:00,RARE
106.14,106.53,106.14,106.53,3077,2021-04-08 16:35:00,RARE
106.29,106.29,105.92,105.92,500,2021-04-08 16:40:00,RARE
105.75,105.93,105.61,105.82,2300,2021-04-08 16:45:00,RARE
105.75,106.06,105.73,106.06,300,2021-04-08 16:50:00,RARE
106.21,106.21,105.99,105.99,700,2021-04-08 16:55:00,RARE
105.75,105.75,105.7,105.745,800,2021-04-08 17:00:00,RARE
105.75,105.87,105.725,105.725,1224,2021-04-08 17:05:00,RARE
105.72,106.07,105.59,105.88,8230,2021-04-08 17:10:00,RARE
105.87,106.2,105.85,106.06,1700,2021-04-08 17:15:00,RARE
105.98,106.81,105.91,106.775,7000,2021-04-08 17:20:00,RARE
106.52,106.62,106.5,106.62,2800,2021-04-08 17:25:00,RARE
106.595,106.69,106.46,106.585,4931,2021-04-08 17:30:00,RARE
106.58,106.58,106.48,106.53,800,2021-04-08 17:35:00,RARE
106.5,106.88,106.385,106.88,3149,2021-04-08 17:40:00,RARE
106.91,106.96,106.475,106.68,2600,2021-04-08 17:45:00,RARE
106.73,106.74,106.65,106.65,804,2021-04-08 17:50:00,RARE
106.75,106.76,106.32,106.34,1600,2021-04-08 17:55:00,RARE
106.395,106.675,106.395,106.675,1100,2021-04-08 18:00:00,RARE
106.59,106.71,106.5175,106.7,1754,2021-04-08 18:05:00,RARE
106.71,106.97,106.71,106.71,800,2021-04-08 18:10:00,RARE
106.67,106.71,106.49,106.49,502,2021-04-08 18:15:00,RARE
106.565,106.73,106.565,106.6,870,2021-04-08 18:20:00,RARE
106.5,106.87,106.46,106.755,1700,2021-04-08 18:25:00,RARE
106.94,106.99,106.695,106.695,4319,2021-04-08 18:30:00,RARE
106.595,106.63,106.595,106.63,600,2021-04-08 18:35:00,RARE
106.75,106.83,106.6,106.735,2892,2021-04-08 18:40:00,RARE
106.84,106.84,106.62,106.785,2464,2021-04-08 18:45:00,RARE
106.785,106.8,106.69,106.69,1106,2021-04-08 18:50:00,RARE
106.67,107.275,106.67,107.275,1900,2021-04-08 18:55:00,RARE
107.31,107.39,107.21,107.24,2863,2021-04-08 19:00:00,RARE
107.28,107.61,107.28,107.38,8170,2021-04-08 19:05:00,RARE
107.385,107.46,106.93,107.1,12043,2021-04-08 19:10:00,RARE
107.12,107.29,107.02,107.23,1800,2021-04-08 19:15:00,RARE
107.23,107.31,106.965,107.085,2404,2021-04-08 19:20:00,RARE
106.99,107.365,106.99,107.315,1600,2021-04-08 19:25:00,RARE
107.358,107.49,107.35,107.42,1617,2021-04-08 19:30:00,RARE
107.41,107.47,106.94,106.98,6011,2021-04-08 19:35:00,RARE
107.01,107.01,106.01,106.165,5668,2021-04-08 19:40:00,RARE
106.145,106.26,105.8625,105.97,13079,2021-04-08 19:45:00,RARE
105.98,106.53,105.87,106.25,26275,2021-04-08 19:50:00,RARE
106.25,106.67,105.79,106.27,26141,2021-04-08 19:55:00,RARE
106.55,106.55,106.55,106.55,45364,2021-04-08 20:00:00,RARE
106.55,106.55,106.55,106.55,1110,2021-04-08 20:05:00,RARE
105.91,105.91,105.91,105.91,2747,2021-04-09 13:30:00,RARE
105.54,105.54,103.61,103.61,600,2021-04-09 13:35:00,RARE
104.9,104.9,104.9,104.9,100,2021-04-09 13:40:00,RARE
104.18,104.435,104.18,104.435,200,2021-04-09 13:45:00,RARE
104.64,104.992,104.26,104.665,1024,2021-04-09 13:50:00,RARE
104.14,104.38,104.1,104.3139,500,2021-04-09 13:55:00,RARE
104.51,104.52,103.325,103.325,1635,2021-04-09 14:00:00,RARE
103.3,103.59,103.14,103.56,400,2021-04-09 14:05:00,RARE
103.75,103.91,103.16,103.5,2468,2021-04-09 14:10:00,RARE
103.29,103.84,103.24,103.84,1570,2021-04-09 14:15:00,RARE
104.28,104.37,104.23,104.37,500,2021-04-09 14:20:00,RARE
103.87,103.87,103.43,103.495,1084,2021-04-09 14:25:00,RARE
103.62,103.62,103.61,103.61,400,2021-04-09 14:30:00,RARE
104.015,104.015,104.015,104.015,100,2021-04-09 14:35:00,RARE
103.81,103.85,103.15,103.43,2400,2021-04-09 14:40:00,RARE
103.5,103.865,103.47,103.78,2200,2021-04-09 14:45:00,RARE
103.71,103.76,103.43,103.48,1600,2021-04-09 14:50:00,RARE
103.58,103.855,103.29,103.59,3827,2021-04-09 14:55:00,RARE
103.5,103.59,103.09,103.15,3060,2021-04-09 15:00:00,RARE
102.995,103.66,102.995,103.3955,4492,2021-04-09 15:05:00,RARE
103.5,103.78,103.5,103.655,1500,2021-04-09 15:10:00,RARE
103.675,103.71,103.48,103.53,3189,2021-04-09 15:15:00,RARE
103.52,103.52,103.215,103.37,2202,2021-04-09 15:20:00,RARE
103.45,103.46,103.26,103.26,400,2021-04-09 15:25:00,RARE
103.2,103.39,102.87,103.36,5905,2021-04-09 15:30:00,RARE
103.56,103.56,102.93,102.93,3296,2021-04-09 15:35:00,RARE
102.87,102.87,102.71,102.82,400,2021-04-09 15:40:00,RARE
102.62,103.05,102.55,102.8,1100,2021-04-09 15:45:00,RARE
102.82,102.85,102.79,102.79,500,2021-04-09 15:50:00,RARE
102.79,102.855,102.42,102.42,1000,2021-04-09 15:55:00,RARE
102.54,102.76,102.425,102.425,3644,2021-04-09 16:00:00,RARE
102.52,102.63,102.395,102.5,1882,2021-04-09 16:05:00,RARE
102.37,102.5,102.03,102.11,1100,2021-04-09 16:10:00,RARE
102.24,102.28,102.04,102.15,1400,2021-04-09 16:15:00,RARE
102.2,102.52,102.2,102.52,900,2021-04-09 16:20:00,RARE
102.43,102.605,102.43,102.56,1508,2021-04-09 16:25:00,RARE
102.52,102.52,102.4,102.48,949,2021-04-09 16:30:00,RARE
102.64,102.64,102.18,102.18,1190,2021-04-09 16:35:00,RARE
101.95,102.26,101.95,102.26,1001,2021-04-09 16:40:00,RARE
102.215,102.47,102.215,102.25,800,2021-04-09 16:45:00,RARE
102.11,102.315,102.09,102.315,700,2021-04-09 16:50:00,RARE
102.43,102.43,102.345,102.4,600,2021-04-09 16:55:00,RARE
102.59,102.655,102.54,102.655,400,2021-04-09 17:00:00,RARE
102.46,102.66,102.29,102.38,1300,2021-04-09 17:05:00,RARE
102.36,102.47,102.24,102.24,1000,2021-04-09 17:10:00,RARE
102.22,102.4,102.22,102.24,1400,2021-04-09 17:15:00,RARE
102.28,102.28,102.05,102.05,900,2021-04-09 17:20:00,RARE
102.06,102.08,101.88,102.08,1400,2021-04-09 17:25:00,RARE
101.955,102.07,101.9,101.985,1382,2021-04-09 17:30:00,RARE
101.985,101.985,101.76,101.85,1600,2021-04-09 17:35:00,RARE
101.94,101.95,101.79,101.84,1713,2021-04-09 17:40:00,RARE
101.91,102.06,101.91,102.0,1300,2021-04-09 17:45:00,RARE
102.055,102.055,101.3,101.47,14077,2021-04-09 17:50:00,RARE
101.61,101.75,101.48,101.51,800,2021-04-09 17:55:00,RARE
101.625,101.74,101.625,101.66,1861,2021-04-09 18:00:00,RARE
101.73,101.8,101.635,101.74,2639,2021-04-09 18:05:00,RARE
101.62,101.78,101.59,101.74,1200,2021-04-09 18:10:00,RARE
101.755,101.785,101.62,101.64,2300,2021-04-09 18:15:00,RARE
101.76,101.79,101.61,101.66,2800,2021-04-09 18:20:00,RARE
101.755,101.755,101.28,101.28,2000,2021-04-09 18:25:00,RARE
101.37,101.38,101.15,101.26,1565,2021-04-09 18:30:00,RARE
101.44,101.63,101.36,101.47,800,2021-04-09 18:35:00,RARE
101.54,101.68,101.54,101.65,1400,2021-04-09 18:40:00,RARE
101.58,101.65,101.22,101.46,4956,2021-04-09 18:45:00,RARE
101.41,101.52,101.255,101.52,1612,2021-04-09 18:50:00,RARE
101.495,101.98,101.495,101.98,1522,2021-04-09 18:55:00,RARE
102.27,102.27,102.08,102.2,2941,2021-04-09 19:00:00,RARE
102.21,102.28,102.06,102.06,2099,2021-04-09 19:05:00,RARE
102.18,102.19,101.82,101.945,1700,2021-04-09 19:10:00,RARE
102.02,102.28,102.01,102.28,900,2021-04-09 19:15:00,RARE
102.29,102.45,102.29,102.39,500,2021-04-09 19:20:00,RARE
102.395,102.79,102.395,102.79,1240,2021-04-09 19:25:00,RARE
103.07,103.25,102.87,103.19,2000,2021-04-09 19:30:00,RARE
103.36,103.36,103.13,103.17,2734,2021-04-09 19:35:00,RARE
103.04,103.15,102.935,103.13,1700,2021-04-09 19:40:00,RARE
103.04,103.37,103.01,103.25,2850,2021-04-09 19:45:00,RARE
103.5,103.66,103.25,103.565,6965,2021-04-09 19:50:00,RARE
103.6,103.75,103.22,103.44,32105,2021-04-09 19:55:00,RARE
103.48,103.48,103.48,103.48,35945,2021-04-09 20:00:00,RARE
103.76,103.83,102.715,102.92,2464,2021-04-12 13:30:00,RARE
102.335,103.36,101.21,101.92,900,2021-04-12 13:35:00,RARE
101.775,102.395,101.05,101.795,1000,2021-04-12 13:40:00,RARE
101.51,101.58,101.51,101.58,300,2021-04-12 13:45:00,RARE
100.965,101.29,100.965,101.29,300,2021-04-12 13:50:00,RARE
101.05,101.29,99.9,100.2,4770,2021-04-12 13:55:00,RARE
99.89,101.41,99.89,100.55,3167,2021-04-12 14:00:00,RARE
100.715,101.21,100.53,101.02,1387,2021-04-12 14:05:00,RARE
100.57,101.395,100.57,101.395,1051,2021-04-12 14:10:00,RARE
101.56,101.68,101.44,101.58,1637,2021-04-12 14:15:00,RARE
101.66,101.7,101.4,101.69,1200,2021-04-12 14:20:00,RARE
101.71,101.83,101.48,101.55,500,2021-04-12 14:25:00,RARE
101.59,101.59,101.12,101.12,400,2021-04-12 14:30:00,RARE
101.33,101.33,101.02,101.22,943,2021-04-12 14:35:00,RARE
101.24,101.24,100.93,101.02,4500,2021-04-12 14:40:00,RARE
101.12,101.55,101.065,101.55,2636,2021-04-12 14:45:00,RARE
101.61,101.695,101.31,101.44,4396,2021-04-12 14:50:00,RARE
101.4,101.49,100.89,100.89,4170,2021-04-12 14:55:00,RARE
100.93,101.13,100.93,101.01,2400,2021-04-12 15:00:00,RARE
100.92,100.92,100.05,100.17,2950,2021-04-12 15:05:00,RARE
100.14,100.77,99.73,100.77,9258,2021-04-12 15:10:00,RARE
100.615,100.89,100.615,100.83,3152,2021-04-12 15:15:00,RARE
100.985,101.16,100.62,100.62,1700,2021-04-12 15:20:00,RARE
100.405,100.78,100.405,100.77,1212,2021-04-12 15:25:00,RARE
100.86,101.05,100.74,101.05,2816,2021-04-12 15:30:00,RARE
100.78,101.05,100.68,101.05,1229,2021-04-12 15:35:00,RARE
101.04,101.075,100.95,101.075,3400,2021-04-12 15:40:00,RARE
101.09,101.1,100.535,100.535,4937,2021-04-12 15:45:00,RARE
100.55,100.57,100.4,100.415,617,2021-04-12 15:50:00,RARE
100.445,101.21,100.445,100.965,3107,2021-04-12 15:55:00,RARE
101.135,101.135,100.695,100.825,1800,2021-04-12 16:00:00,RARE
100.795,100.96,100.66,100.66,14271,2021-04-12 16:05:00,RARE
100.73,100.88,100.585,100.71,13182,2021-04-12 16:10:00,RARE
100.645,100.91,100.575,100.67,28951,2021-04-12 16:15:00,RARE
100.7,100.8,100.55,100.55,18803,2021-04-12 16:20:00,RARE
100.6,101.105,100.52,101.105,63115,2021-04-12 16:25:00,RARE
101.07,101.22,100.94,101.0,21008,2021-04-12 16:30:00,RARE
100.92,101.07,100.7,101.0,3933,2021-04-12 16:35:00,RARE
101.09,101.09,100.91,101.0,2081,2021-04-12 16:40:00,RARE
100.9,101.09,100.9,101.04,2600,2021-04-12 16:45:00,RARE
101.095,101.42,101.09,101.42,2054,2021-04-12 16:50:00,RARE
101.445,101.61,101.39,101.61,1218,2021-04-12 16:55:00,RARE
101.82,101.975,101.82,101.88,2148,2021-04-12 17:00:00,RARE
101.99,101.99,101.87,101.87,1000,2021-04-12 17:05:00,RARE
102.0,102.06,101.57,101.57,1977,2021-04-12 17:10:00,RARE
101.555,101.86,101.555,101.62,6959,2021-04-12 17:15:00,RARE
101.72,101.76,101.51,101.62,1100,2021-04-12 17:20:00,RARE
101.73,102.02,101.73,102.02,1304,2021-04-12 17:25:00,RARE
102.025,102.09,101.76,101.76,900,2021-04-12 17:30:00,RARE
101.84,101.85,101.51,101.51,1545,2021-04-12 17:35:00,RARE
101.39,101.39,101.15,101.31,1100,2021-04-12 17:40:00,RARE
101.31,101.31,100.92,101.165,1200,2021-04-12 17:45:00,RARE
100.9,101.0,100.83,100.895,900,2021-04-12 17:50:00,RARE
100.89,101.01,100.755,100.805,1917,2021-04-12 17:55:00,RARE
100.85,100.96,100.755,100.79,779,2021-04-12 18:00:00,RARE
100.6,100.73,100.6,100.615,800,2021-04-12 18:05:00,RARE
100.67,100.91,100.425,100.6,9794,2021-04-12 18:10:00,RARE
100.55,100.59,100.03,100.56,16217,2021-04-12 18:15:00,RARE
100.505,100.52,100.505,100.52,212,2021-04-12 18:20:00,RARE
100.565,100.66,100.48,100.48,800,2021-04-12 18:25:00,RARE
100.55,100.7,100.55,100.57,500,2021-04-12 18:30:00,RARE
100.71,101.045,100.71,101.0,3153,2021-04-12 18:35:00,RARE
100.99,101.63,100.9,101.63,5000,2021-04-12 18:40:00,RARE
101.805,101.95,101.65,101.94,1100,2021-04-12 18:45:00,RARE
101.85,101.91,101.83,101.91,1045,2021-04-12 18:50:00,RARE
101.845,102.05,101.845,101.93,1900,2021-04-12 18:55:00,RARE
101.83,102.0,101.77,101.77,400,2021-04-12 19:00:00,RARE
101.99,102.085,101.82,101.83,2700,2021-04-12 19:05:00,RARE
101.87,102.005,101.87,102.005,1000,2021-04-12 19:10:00,RARE
101.955,101.955,101.7,101.85,1100,2021-04-12 19:15:00,RARE
101.83,101.85,101.545,101.57,700,2021-04-12 19:20:00,RARE
101.61,101.625,101.46,101.5,809,2021-04-12 19:25:00,RARE
101.47,101.5,101.35,101.5,2100,2021-04-12 19:30:00,RARE
101.36,101.38,101.08,101.21,2100,2021-04-12 19:35:00,RARE
101.3,101.305,101.16,101.21,3159,2021-04-12 19:40:00,RARE
101.18,101.25,100.73,100.73,6205,2021-04-12 19:45:00,RARE
100.695,100.87,99.81,99.81,29932,2021-04-12 19:50:00,RARE
99.81,100.61,99.61,100.385,24485,2021-04-12 19:55:00,RARE
100.53,100.53,100.53,100.53,49611,2021-04-12 20:00:00,RARE
102.47,102.47,102.47,102.47,3945,2021-04-13 13:30:00,RARE
103.86,103.86,103.86,103.86,100,2021-04-13 13:35:00,RARE
102.89,103.38,102.758,102.758,461,2021-04-13 13:40:00,RARE
102.75,102.75,102.11,102.275,1324,2021-04-13 13:45:00,RARE
102.41,102.41,101.53,101.79,780,2021-04-13 13:50:00,RARE
102.255,102.72,101.78,102.285,974,2021-04-13 13:55:00,RARE
102.285,102.63,101.91,102.63,900,2021-04-13 14:00:00,RARE
102.21,102.32,102.085,102.32,411,2021-04-13 14:05:00,RARE
102.57,102.66,102.57,102.66,300,2021-04-13 14:10:00,RARE
102.66,103.0,102.47,102.97,1800,2021-04-13 14:15:00,RARE
102.77,103.2,102.77,103.015,400,2021-04-13 14:20:00,RARE
103.24,103.29,103.11,103.21,2052,2021-04-13 14:25:00,RARE
103.3,104.0,103.09,103.75,1100,2021-04-13 14:30:00,RARE
103.84,103.959,103.195,103.54,1978,2021-04-13 14:35:00,RARE
103.23,103.61,103.22,103.37,3900,2021-04-13 14:40:00,RARE
103.57,103.7,103.35,103.42,1000,2021-04-13 14:45:00,RARE
103.36,103.405,103.245,103.405,500,2021-04-13 14:50:00,RARE
103.5,103.68,103.35,103.3997,800,2021-04-13 14:55:00,RARE
103.38,103.47,103.26,103.345,800,2021-04-13 15:00:00,RARE
103.13,103.63,103.11,103.62,2275,2021-04-13 15:05:00,RARE
103.47,103.62,102.93,102.93,900,2021-04-13 15:10:00,RARE
102.64,102.755,102.31,102.475,4988,2021-04-13 15:15:00,RARE
102.2,102.2,101.87,102.065,1200,2021-04-13 15:20:00,RARE
101.885,102.16,101.885,102.15,600,2021-04-13 15:25:00,RARE
102.39,102.39,102.23,102.23,300,2021-04-13 15:30:00,RARE
102.26,102.26,101.795,101.85,1300,2021-04-13 15:35:00,RARE
102.0,102.06,102.0,102.06,500,2021-04-13 15:40:00,RARE
102.1,102.1,101.8413,101.8413,1088,2021-04-13 15:45:00,RARE
102.0,102.0,101.72,101.88,1006,2021-04-13 15:50:00,RARE
101.815,102.135,101.815,102.13,1200,2021-04-13 15:55:00,RARE
102.425,102.425,102.17,102.17,500,2021-04-13 16:00:00,RARE
102.01,102.01,102.01,102.01,100,2021-04-13 16:05:00,RARE
102.23,102.23,102.01,102.01,819,2021-04-13 16:10:00,RARE
101.85,101.935,101.65,101.6813,1100,2021-04-13 16:15:00,RARE
101.53,101.92,101.44,101.44,1615,2021-04-13 16:20:00,RARE
101.92,101.92,101.68,101.76,700,2021-04-13 16:25:00,RARE
101.76,101.9,101.62,101.9,800,2021-04-13 16:30:00,RARE
101.91,102.12,101.91,102.12,500,2021-04-13 16:35:00,RARE
102.195,102.195,102.195,102.195,100,2021-04-13 16:40:00,RARE
101.76,102.41,101.76,102.215,6168,2021-04-13 16:45:00,RARE
102.32,102.43,102.0,102.3125,3000,2021-04-13 16:50:00,RARE
102.41,102.92,102.41,102.87,3136,2021-04-13 16:55:00,RARE
102.89,104.13,102.89,103.765,6926,2021-04-13 17:00:00,RARE
104.16,104.17,103.68,103.68,1200,2021-04-13 17:05:00,RARE
103.92,103.92,103.29,103.37,400,2021-04-13 17:10:00,RARE
103.37,103.815,103.18,103.765,3110,2021-04-13 17:15:00,RARE
104.02,104.09,103.7,104.09,700,2021-04-13 17:20:00,RARE
103.91,104.035,103.72,104.035,1400,2021-04-13 17:25:00,RARE
104.1,104.32,103.95,103.95,2071,2021-04-13 17:30:00,RARE
103.985,104.12,103.71,103.71,700,2021-04-13 17:35:00,RARE
103.78,103.79,103.56,103.74,600,2021-04-13 17:40:00,RARE
103.78,103.78,103.62,103.62,200,2021-04-13 17:45:00,RARE
103.54,103.54,103.27,103.29,400,2021-04-13 17:50:00,RARE
103.28,103.47,103.28,103.43,400,2021-04-13 17:55:00,RARE
103.51,103.54,103.195,103.49,1719,2021-04-13 18:00:00,RARE
103.62,103.98,103.62,103.88,800,2021-04-13 18:05:00,RARE
103.72,103.8,103.585,103.585,400,2021-04-13 18:10:00,RARE
103.605,103.615,103.46,103.47,1000,2021-04-13 18:15:00,RARE
103.63,103.9,103.63,103.9,415,2021-04-13 18:20:00,RARE
103.8,104.19,103.7,104.19,1200,2021-04-13 18:25:00,RARE
104.29,104.295,104.15,104.2,600,2021-04-13 18:30:00,RARE
104.29,104.35,104.08,104.08,400,2021-04-13 18:35:00,RARE
104.0,104.29,103.97,104.235,500,2021-04-13 18:40:00,RARE
104.34,104.34,104.08,104.085,600,2021-04-13 18:45:00,RARE
104.01,104.22,104.01,104.04,500,2021-04-13 18:50:00,RARE
104.13,104.425,104.13,104.425,2636,2021-04-13 18:55:00,RARE
104.64,104.64,104.47,104.56,1347,2021-04-13 19:00:00,RARE
104.64,104.9,104.64,104.9,1036,2021-04-13 19:05:00,RARE
105.015,105.34,104.85,105.275,3216,2021-04-13 19:10:00,RARE
105.48,106.0,105.42,105.545,2918,2021-04-13 19:15:00,RARE
105.67,106.0,105.67,105.94,2710,2021-04-13 19:20:00,RARE
105.845,105.91,105.6925,105.9,1400,2021-04-13 19:25:00,RARE
105.895,106.07,105.59,106.07,3415,2021-04-13 19:30:00,RARE
106.09,106.17,105.92,106.135,4617,2021-04-13 19:35:00,RARE
106.135,107.08,106.135,106.98,10080,2021-04-13 19:40:00,RARE
106.98,107.075,106.555,106.89,7232,2021-04-13 19:45:00,RARE
106.53,107.09,106.17,106.85,26305,2021-04-13 19:50:00,RARE
106.97,107.06,106.37,106.63,23746,2021-04-13 19:55:00,RARE
106.59,106.59,106.59,106.59,44898,2021-04-13 20:00:00,RARE
107.74,107.74,107.56,107.56,4469,2021-04-14 13:30:00,RARE
108.26,108.26,108.26,108.26,100,2021-04-14 13:35:00,RARE
108.46,108.49,108.33,108.33,421,2021-04-14 13:40:00,RARE
108.47,109.34,107.24,108.235,7772,2021-04-14 13:45:00,RARE
107.8,107.8,107.8,107.8,200,2021-04-14 13:50:00,RARE
108.54,110.14,108.24,110.14,1600,2021-04-14 13:55:00,RARE
109.425,110.2,109.1,109.99,425,2021-04-14 14:00:00,RARE
110.385,110.58,109.78,110.58,500,2021-04-14 14:05:00,RARE
110.57,111.0,110.19,111.0,1500,2021-04-14 14:10:00,RARE
110.945,110.965,110.945,110.965,200,2021-04-14 14:15:00,RARE
110.97,111.11,110.02,110.37,1900,2021-04-14 14:20:00,RARE
110.39,110.845,109.99,110.115,1230,2021-04-14 14:25:00,RARE
110.685,111.59,110.685,111.59,700,2021-04-14 14:30:00,RARE
110.98,111.25,110.84,111.1,1160,2021-04-14 14:35:00,RARE
110.81,111.005,110.66,110.685,600,2021-04-14 14:40:00,RARE
111.14,111.625,111.07,111.07,1096,2021-04-14 14:45:00,RARE
111.53,111.675,111.02,111.24,1272,2021-04-14 14:50:00,RARE
111.31,111.4,110.99,111.33,1000,2021-04-14 14:55:00,RARE
111.335,111.335,110.98,110.98,500,2021-04-14 15:00:00,RARE
110.65,110.9,110.65,110.8,900,2021-04-14 15:05:00,RARE
110.51,110.59,110.51,110.55,900,2021-04-14 15:10:00,RARE
110.37,110.595,110.3,110.3,1755,2021-04-14 15:15:00,RARE
109.795,109.795,109.42,109.42,1000,2021-04-14 15:20:00,RARE
109.565,109.79,109.25,109.47,1300,2021-04-14 15:25:00,RARE
109.67,109.815,109.67,109.815,424,2021-04-14 15:30:00,RARE
109.82,110.45,109.82,110.45,600,2021-04-14 15:35:00,RARE
110.54,110.72,110.19,110.19,600,2021-04-14 15:40:00,RARE
110.385,110.86,110.385,110.51,800,2021-04-14 15:45:00,RARE
110.66,110.66,110.33,110.33,379,2021-04-14 15:50:00,RARE
110.465,110.63,110.37,110.63,1100,2021-04-14 15:55:00,RARE
110.76,110.76,110.18,110.18,1500,2021-04-14 16:00:00,RARE
109.825,110.05,109.825,110.05,200,2021-04-14 16:05:00,RARE
110.22,110.46,110.1,110.46,1200,2021-04-14 16:10:00,RARE
110.265,110.44,110.265,110.44,500,2021-04-14 16:15:00,RARE
110.19,110.19,110.19,110.19,100,2021-04-14 16:20:00,RARE
110.11,110.28,110.11,110.26,2431,2021-04-14 16:25:00,RARE
109.99,110.19,109.99,110.19,200,2021-04-14 16:30:00,RARE
110.2,110.43,110.15,110.43,400,2021-04-14 16:35:00,RARE
110.51,110.65,109.68,109.68,1700,2021-04-14 16:40:00,RARE
109.76,110.15,109.76,110.095,510,2021-04-14 16:45:00,RARE
110.07,110.36,109.95,110.06,6200,2021-04-14 16:50:00,RARE
109.97,109.97,109.59,109.69,1600,2021-04-14 16:55:00,RARE
109.825,110.065,109.72,109.89,2200,2021-04-14 17:00:00,RARE
109.94,110.22,109.94,110.22,600,2021-04-14 17:05:00,RARE
110.36,110.36,110.13,110.28,500,2021-04-14 17:10:00,RARE
110.32,110.385,110.16,110.16,1300,2021-04-14 17:15:00,RARE
110.27,110.27,110.0,110.0,800,2021-04-14 17:20:00,RARE
110.015,110.015,110.0,110.0,474,2021-04-14 17:25:00,RARE
110.1006,110.1006,109.92,109.92,1740,2021-04-14 17:30:00,RARE
110.04,110.04,109.85,109.95,1254,2021-04-14 17:35:00,RARE
109.95,109.95,109.865,109.91,364,2021-04-14 17:40:00,RARE
110.21,110.25,110.01,110.01,1000,2021-04-14 17:45:00,RARE
110.0,110.04,109.75,109.75,1984,2021-04-14 17:50:00,RARE
109.76,109.85,108.86,108.86,800,2021-04-14 17:55:00,RARE
108.93,109.13,108.6741,109.13,800,2021-04-14 18:00:00,RARE
109.25,109.25,108.73,108.96,2428,2021-04-14 18:05:00,RARE
108.945,109.29,108.815,109.29,700,2021-04-14 18:10:00,RARE
109.33,109.33,109.33,109.33,111,2021-04-14 18:15:00,RARE
109.57,109.65,109.54,109.65,500,2021-04-14 18:20:00,RARE
109.73,109.73,109.44,109.44,1000,2021-04-14 18:25:00,RARE
109.49,109.49,109.46,109.46,400,2021-04-14 18:30:00,RARE
109.45,109.69,109.43,109.69,1346,2021-04-14 18:35:00,RARE
109.79,109.97,109.68,109.97,1000,2021-04-14 18:40:00,RARE
109.94,109.94,109.34,109.5264,1400,2021-04-14 18:45:00,RARE
109.32,109.32,108.87,109.04,831,2021-04-14 18:50:00,RARE
108.86,109.15,108.86,108.955,1100,2021-04-14 18:55:00,RARE
108.865,108.865,108.33,108.53,1750,2021-04-14 19:00:00,RARE
108.26,108.27,107.84,107.89,1500,2021-04-14 19:05:00,RARE
107.83,108.23,107.78,108.0,800,2021-04-14 19:10:00,RARE
107.91,108.35,107.72,108.31,2801,2021-04-14 19:15:00,RARE
108.28,108.56,108.21,108.53,2183,2021-04-14 19:20:00,RARE
108.61,108.686,108.4,108.4,1700,2021-04-14 19:25:00,RARE
108.34,108.4,108.16,108.28,1700,2021-04-14 19:30:00,RARE
108.55,108.55,108.17,108.48,2660,2021-04-14 19:35:00,RARE
108.33,108.33,108.02,108.03,2252,2021-04-14 19:40:00,RARE
108.17,108.225,108.1,108.15,1683,2021-04-14 19:45:00,RARE
108.17,108.47,108.03,108.03,6292,2021-04-14 19:50:00,RARE
107.73,108.02,107.7,107.74,14890,2021-04-14 19:55:00,RARE
107.97,107.97,107.97,107.97,26977,2021-04-14 20:00:00,RARE
108.88,108.88,108.88,108.88,2481,2021-04-15 13:30:00,RARE
109.495,109.495,109.05,109.05,300,2021-04-15 13:35:00,RARE
110.15,110.62,110.15,110.62,300,2021-04-15 13:40:00,RARE
110.55,110.55,109.2,109.21,2301,2021-04-15 13:45:00,RARE
109.47,109.76,109.16,109.76,500,2021-04-15 13:50:00,RARE
109.95,110.34,109.95,110.34,400,2021-04-15 13:55:00,RARE
109.27,109.46,108.49,108.49,400,2021-04-15 14:00:00,RARE
108.63,108.92,108.19,108.19,5438,2021-04-15 14:05:00,RARE
107.79,108.02,107.63,107.93,800,2021-04-15 14:10:00,RARE
107.86,107.88,107.33,107.43,1100,2021-04-15 14:15:00,RARE
108.225,108.5,108.225,108.5,1000,2021-04-15 14:20:00,RARE
108.53,108.97,108.435,108.94,800,2021-04-15 14:25:00,RARE
108.93,108.93,108.01,108.01,1500,2021-04-15 14:30:00,RARE
108.2215,108.2215,108.2215,108.2215,150,2021-04-15 14:35:00,RARE
108.125,108.75,107.95,108.75,1000,2021-04-15 14:40:00,RARE
108.72,109.28,108.72,108.97,1085,2021-04-15 14:45:00,RARE
108.967,109.71,108.95,109.71,517,2021-04-15 14:50:00,RARE
109.78,110.0,109.15,109.15,1500,2021-04-15 14:55:00,RARE
109.15,109.15,108.74,109.15,800,2021-04-15 15:00:00,RARE
108.59,109.1603,108.59,109.1603,389,2021-04-15 15:05:00,RARE
108.73,108.73,108.48,108.615,1456,2021-04-15 15:10:00,RARE
108.565,108.565,108.3,108.3,813,2021-04-15 15:15:00,RARE
108.5,108.54,108.5,108.53,310,2021-04-15 15:20:00,RARE
108.51,108.53,108.51,108.53,500,2021-04-15 15:25:00,RARE
108.775,108.775,108.4,108.71,300,2021-04-15 15:30:00,RARE
108.78,109.36,108.76,109.36,1100,2021-04-15 15:35:00,RARE
109.295,109.46,109.295,109.46,600,2021-04-15 15:40:00,RARE
109.7867,109.7867,109.21,109.44,614,2021-04-15 15:45:00,RARE
109.49,109.545,109.31,109.545,500,2021-04-15 15:50:00,RARE
109.33,109.505,109.28,109.505,1400,2021-04-15 15:55:00,RARE
109.33,109.35,108.975,108.975,951,2021-04-15 16:00:00,RARE
108.96,108.96,108.96,108.96,200,2021-04-15 16:05:00,RARE
108.72,109.02,108.72,108.775,600,2021-04-15 16:10:00,RARE
108.9,109.08,108.83,108.935,1600,2021-04-15 16:15:00,RARE
109.09,109.17,109.09,109.17,300,2021-04-15 16:20:00,RARE
108.92,109.075,108.645,108.645,1324,2021-04-15 16:25:00,RARE
108.72,108.91,108.67,108.91,600,2021-04-15 16:30:00,RARE
108.73,108.73,108.73,108.73,200,2021-04-15 16:35:00,RARE
108.67,108.67,108.31,108.31,514,2021-04-15 16:40:00,RARE
108.34,108.4,108.1804,108.23,1500,2021-04-15 16:45:00,RARE
108.13,108.18,108.13,108.18,200,2021-04-15 16:50:00,RARE
107.99,108.43,107.99,108.31,300,2021-04-15 16:55:00,RARE
108.39,108.52,108.39,108.52,200,2021-04-15 17:00:00,RARE
108.41,108.455,108.41,108.455,200,2021-04-15 17:05:00,RARE
108.33,108.33,108.08,108.08,576,2021-04-15 17:10:00,RARE
108.2,108.52,108.2,108.39,600,2021-04-15 17:15:00,RARE
108.27,108.65,108.27,108.65,700,2021-04-15 17:20:00,RARE
108.7,108.7,108.46,108.46,538,2021-04-15 17:25:00,RARE
108.53,108.76,108.53,108.76,700,2021-04-15 17:30:00,RARE
108.98,109.08,108.84,108.99,1005,2021-04-15 17:35:00,RARE
109.28,109.28,109.28,109.28,200,2021-04-15 17:40:00,RARE
109.105,109.105,108.6,108.6,1204,2021-04-15 17:45:00,RARE
108.79,108.99,108.71,108.71,1200,2021-04-15 17:50:00,RARE
108.71,109.15,108.71,109.15,3571,2021-04-15 17:55:00,RARE
109.23,109.26,109.19,109.26,700,2021-04-15 18:00:00,RARE
109.33,109.47,109.33,109.355,600,2021-04-15 18:05:00,RARE
109.595,109.61,109.24,109.24,1395,2021-04-15 18:10:00,RARE
109.5,109.685,109.5,109.685,637,2021-04-15 18:15:00,RARE
109.92,109.92,109.92,109.92,100,2021-04-15 18:20:00,RARE
109.83,109.97,109.83,109.97,200,2021-04-15 18:25:00,RARE
109.96,110.07,109.915,110.07,759,2021-04-15 18:30:00,RARE
110.17,110.43,110.14,110.23,1300,2021-04-15 18:35:00,RARE
110.23,110.23,109.92,109.92,800,2021-04-15 18:40:00,RARE
109.97,110.1,109.97,110.08,900,2021-04-15 18:45:00,RARE
110.12,110.39,110.07,110.08,1000,2021-04-15 18:50:00,RARE
110.11,110.11,110.06,110.11,300,2021-04-15 18:55:00,RARE
110.08,110.24,110.08,110.24,600,2021-04-15 19:00:00,RARE
110.56,110.56,110.07,110.07,700,2021-04-15 19:05:00,RARE
109.92,109.99,109.61,109.61,800,2021-04-15 19:10:00,RARE
109.525,109.735,109.525,109.735,400,2021-04-15 19:15:00,RARE
109.87,110.02,109.78,110.01,1442,2021-04-15 19:20:00,RARE
110.01,110.01,109.64,109.67,1209,2021-04-15 19:25:00,RARE
109.83,110.28,109.83,110.135,2029,2021-04-15 19:30:00,RARE
110.2,110.23,110.03,110.23,3229,2021-04-15 19:35:00,RARE
110.01,110.12,109.8,110.075,2091,2021-04-15 19:40:00,RARE
110.08,110.27,109.91,109.91,3402,2021-04-15 19:45:00,RARE
109.97,110.102,109.81,109.89,3070,2021-04-15 19:50:00,RARE
109.9,109.91,109.36,109.84,12303,2021-04-15 19:55:00,RARE
109.58,109.58,109.58,109.58,22307,2021-04-15 20:00:00,RARE
109.58,109.58,109.58,109.58,19452,2021-04-15 21:10:00,RARE
110.73,110.73,109.91,109.91,9405,2021-04-16 13:30:00,RARE
109.62,109.62,108.39,108.7,3225,2021-04-16 13:35:00,RARE
109.02,109.16,108.51,109.16,912,2021-04-16 13:40:00,RARE
108.9,109.7096,108.74,109.7096,2456,2021-04-16 13:45:00,RARE
109.5,109.5,108.91,108.91,1419,2021-04-16 13:50:00,RARE
109.75,109.75,109.34,109.64,1408,2021-04-16 13:55:00,RARE
109.26,109.26,108.275,108.275,1299,2021-04-16 14:00:00,RARE
108.47,108.63,108.19,108.63,2400,2021-04-16 14:05:00,RARE
108.58,108.87,108.405,108.405,1492,2021-04-16 14:10:00,RARE
108.33,108.675,108.31,108.425,1757,2021-04-16 14:15:00,RARE
108.46,108.495,107.91,108.125,8060,2021-04-16 14:20:00,RARE
108.24,108.29,107.9,108.05,4055,2021-04-16 14:25:00,RARE
108.025,108.08,107.8,107.88,9200,2021-04-16 14:30:00,RARE
107.84,108.1009,107.84,108.04,1661,2021-04-16 14:35:00,RARE
108.13,108.22,108.05,108.21,1263,2021-04-16 14:40:00,RARE
108.095,108.66,108.09,108.61,700,2021-04-16 14:45:00,RARE
109.09,109.09,108.8,108.84,1200,2021-04-16 14:50:00,RARE
108.89,108.89,108.6,108.78,1201,2021-04-16 14:55:00,RARE
108.625,108.83,108.47,108.585,10530,2021-04-16 15:00:00,RARE
108.78,108.78,108.56,108.56,1077,2021-04-16 15:05:00,RARE
108.42,108.42,108.14,108.14,1037,2021-04-16 15:10:00,RARE
107.66,107.77,107.66,107.77,620,2021-04-16 15:15:00,RARE
107.84,108.06,107.84,108.06,1019,2021-04-16 15:20:00,RARE
108.1,108.265,107.93,108.25,1500,2021-04-16 15:25:00,RARE
108.35,108.54,108.15,108.51,4527,2021-04-16 15:30:00,RARE
108.59,108.94,108.46,108.94,2400,2021-04-16 15:35:00,RARE
109.06,109.06,109.03,109.03,300,2021-04-16 15:40:00,RARE
108.82,108.91,108.745,108.745,600,2021-04-16 15:45:00,RARE
108.68,108.705,108.51,108.7,2300,2021-04-16 15:50:00,RARE
108.71,108.93,108.65,108.93,712,2021-04-16 15:55:00,RARE
108.81,108.85,108.7,108.705,500,2021-04-16 16:00:00,RARE
108.73,108.73,108.57,108.57,600,2021-04-16 16:05:00,RARE
108.55,108.78,108.53,108.78,1683,2021-04-16 16:10:00,RARE
108.74,108.745,108.74,108.745,300,2021-04-16 16:15:00,RARE
108.86,108.86,108.86,108.86,100,2021-04-16 16:20:00,RARE
109.02,109.1,108.99,108.99,400,2021-04-16 16:25:00,RARE
108.9,109.1,108.83,108.83,800,2021-04-16 16:30:00,RARE
108.825,108.825,108.79,108.79,200,2021-04-16 16:35:00,RARE
108.71,108.74,108.64,108.64,700,2021-04-16 16:40:00,RARE
108.755,108.78,108.69,108.78,700,2021-04-16 16:45:00,RARE
108.78,108.78,108.57,108.65,3020,2021-04-16 16:50:00,RARE
108.69,108.99,108.69,108.99,1000,2021-04-16 16:55:00,RARE
108.83,108.84,108.52,108.5994,1076,2021-04-16 17:00:00,RARE
108.5,108.57,108.104,108.34,1500,2021-04-16 17:05:00,RARE
108.28,108.39,108.205,108.205,918,2021-04-16 17:10:00,RARE
108.06,108.25,108.06,108.25,400,2021-04-16 17:15:00,RARE
108.155,108.24,108.08,108.24,862,2021-04-16 17:20:00,RARE
108.3,108.3,108.15,108.2,700,2021-04-16 17:25:00,RARE
108.13,108.51,108.13,108.51,2122,2021-04-16 17:30:00,RARE
108.57,108.715,108.5,108.5,1540,2021-04-16 17:35:00,RARE
108.5,108.59,108.495,108.59,1400,2021-04-16 17:40:00,RARE
108.6,108.665,108.55,108.55,1100,2021-04-16 17:45:00,RARE
108.4925,108.4925,108.32,108.42,1580,2021-04-16 17:50:00,RARE
108.32,108.45,108.19,108.3375,6913,2021-04-16 17:55:00,RARE
108.4,108.67,108.39,108.67,500,2021-04-16 18:00:00,RARE
108.685,108.78,108.68,108.73,901,2021-04-16 18:05:00,RARE
108.79,108.79,108.52,108.62,1317,2021-04-16 18:10:00,RARE
108.68,108.76,108.595,108.76,679,2021-04-16 18:15:00,RARE
108.92,108.92,108.67,108.67,200,2021-04-16 18:20:00,RARE
108.76,109.14,108.76,109.14,800,2021-04-16 18:25:00,RARE
109.175,109.3,109.17,109.3,1200,2021-04-16 18:30:00,RARE
109.18,109.285,109.18,109.285,600,2021-04-16 18:35:00,RARE
109.3,109.41,109.09,109.41,800,2021-04-16 18:40:00,RARE
109.25,109.295,109.1,109.1,1000,2021-04-16 18:45:00,RARE
109.13,109.26,109.085,109.26,711,2021-04-16 18:50:00,RARE
109.43,109.43,109.43,109.43,100,2021-04-16 18:55:00,RARE
109.33,109.44,109.18,109.18,2302,2021-04-16 19:00:00,RARE
109.16,109.185,109.15,109.185,300,2021-04-16 19:05:00,RARE
109.185,109.27,109.185,109.27,500,2021-04-16 19:10:00,RARE
109.535,109.535,109.48,109.535,600,2021-04-16 19:15:00,RARE
109.535,109.535,109.29,109.29,1533,2021-04-16 19:20:00,RARE
109.28,109.28,109.115,109.115,900,2021-04-16 19:25:00,RARE
109.06,109.06,108.6,108.6,800,2021-04-16 19:30:00,RARE
108.705,108.725,108.34,108.475,1700,2021-04-16 19:35:00,RARE
108.49,108.795,108.475,108.73,1400,2021-04-16 19:40:00,RARE
108.72,108.78,108.6,108.6,2534,2021-04-16 19:45:00,RARE
108.72,109.33,108.595,109.33,5919,2021-04-16 19:50:00,RARE
109.3425,109.3425,108.73,108.73,8601,2021-04-16 19:55:00,RARE
108.72,108.72,108.72,108.72,141177,2021-04-16 20:00:00,RARE
108.72,108.72,108.72,108.72,1929,2021-04-16 20:55:00,RARE
106.48,107.83,106.48,107.0,4750,2021-04-19 13:30:00,RARE
106.93,108.33,106.93,108.33,800,2021-04-19 13:35:00,RARE
109.01,109.01,109.01,109.01,100,2021-04-19 13:45:00,RARE
108.63,109.07,108.63,109.07,400,2021-04-19 13:50:00,RARE
108.42,108.42,108.16,108.3,1387,2021-04-19 13:55:00,RARE
107.81,108.39,106.65,106.65,2317,2021-04-19 14:00:00,RARE
106.61,106.61,106.03,106.17,840,2021-04-19 14:05:00,RARE
105.81,106.25,105.81,106.25,200,2021-04-19 14:10:00,RARE
106.19,106.52,106.03,106.03,700,2021-04-19 14:15:00,RARE
105.52,105.66,105.465,105.66,745,2021-04-19 14:20:00,RARE
106.22,106.22,105.79,105.79,400,2021-04-19 14:25:00,RARE
105.59,105.59,105.38,105.38,500,2021-04-19 14:30:00,RARE
105.17,105.76,105.16,105.76,2276,2021-04-19 14:35:00,RARE
105.76,105.89,104.73,104.73,4224,2021-04-19 14:40:00,RARE
104.925,104.925,104.15,104.65,600,2021-04-19 14:45:00,RARE
105.2,105.2,104.51,104.51,607,2021-04-19 14:55:00,RARE
104.48,104.84,104.41,104.67,1310,2021-04-19 15:00:00,RARE
104.08,104.77,104.08,104.42,1539,2021-04-19 15:05:00,RARE
104.39,104.7,104.27,104.64,400,2021-04-19 15:10:00,RARE
104.69,105.19,104.46,105.0225,1600,2021-04-19 15:15:00,RARE
105.24,105.24,104.84,104.92,700,2021-04-19 15:20:00,RARE
104.87,104.87,104.87,104.87,100,2021-04-19 15:25:00,RARE
104.79,104.79,104.44,104.545,1000,2021-04-19 15:30:00,RARE
104.62,105.045,104.62,105.045,1000,2021-04-19 15:35:00,RARE
105.33,105.33,105.03,105.12,600,2021-04-19 15:40:00,RARE
104.98,104.98,104.86,104.86,400,2021-04-19 15:45:00,RARE
105.08,105.26,105.07,105.26,400,2021-04-19 15:50:00,RARE
105.16,105.16,104.68,104.68,600,2021-04-19 15:55:00,RARE
104.61,104.61,104.16,104.28,1105,2021-04-19 16:00:00,RARE
104.36,104.8996,104.32,104.8996,1000,2021-04-19 16:05:00,RARE
104.87,105.06,104.87,105.06,200,2021-04-19 16:10:00,RARE
104.915,104.915,104.915,104.915,200,2021-04-19 16:15:00,RARE
104.97,105.36,104.97,105.17,1064,2021-04-19 16:20:00,RARE
104.77,104.77,104.3663,104.3663,617,2021-04-19 16:25:00,RARE
104.28,104.28,104.06,104.06,300,2021-04-19 16:30:00,RARE
104.24,104.41,104.205,104.35,1332,2021-04-19 16:35:00,RARE
104.06,104.06,104.03,104.03,200,2021-04-19 16:40:00,RARE
103.88,104.12,103.86,103.92,1169,2021-04-19 16:45:00,RARE
104.11,104.43,104.11,104.43,500,2021-04-19 16:50:00,RARE
104.55,104.55,104.55,104.55,100,2021-04-19 16:55:00,RARE
104.79,104.9843,104.79,104.9843,817,2021-04-19 17:00:00,RARE
105.1,105.1,104.89,105.06,500,2021-04-19 17:05:00,RARE
105.13,105.35,105.13,105.35,1036,2021-04-19 17:10:00,RARE
105.225,105.45,105.02,105.02,4970,2021-04-19 17:15:00,RARE
105.06,105.06,105.04,105.04,300,2021-04-19 17:20:00,RARE
104.75,104.75,104.6,104.6,200,2021-04-19 17:25:00,RARE
104.8883,105.02,104.78,105.01,2155,2021-04-19 17:30:00,RARE
104.97,105.65,104.94,105.65,800,2021-04-19 17:35:00,RARE
105.76,105.76,105.52,105.665,500,2021-04-19 17:45:00,RARE
105.9,106.21,105.68,105.68,1858,2021-04-19 18:00:00,RARE
105.57,105.57,105.47,105.55,500,2021-04-19 18:05:00,RARE
105.44,105.67,105.44,105.67,500,2021-04-19 18:10:00,RARE
105.7199,105.7199,105.38,105.61,3349,2021-04-19 18:15:00,RARE
105.595,105.77,105.595,105.77,200,2021-04-19 18:20:00,RARE
106.02,106.02,106.02,106.02,100,2021-04-19 18:25:00,RARE
105.87,105.89,105.69,105.69,600,2021-04-19 18:30:00,RARE
105.58,105.58,105.35,105.5,1000,2021-04-19 18:35:00,RARE
105.57,105.57,105.57,105.57,100,2021-04-19 18:40:00,RARE
105.36,105.66,105.36,105.66,700,2021-04-19 18:45:00,RARE
105.52,105.52,105.17,105.17,1209,2021-04-19 18:50:00,RARE
105.22,105.22,105.03,105.03,400,2021-04-19 18:55:00,RARE
104.94,105.095,104.94,105.095,200,2021-04-19 19:00:00,RARE
105.27,105.53,105.27,105.3,1200,2021-04-19 19:05:00,RARE
105.29,105.49,105.29,105.49,200,2021-04-19 19:10:00,RARE
105.11,105.12,104.89,104.89,1384,2021-04-19 19:15:00,RARE
105.06,105.13,104.635,104.945,5415,2021-04-19 19:20:00,RARE
104.89,105.22,104.89,104.945,500,2021-04-19 19:25:00,RARE
104.99,105.01,104.99,105.01,200,2021-04-19 19:30:00,RARE
105.2,105.2,104.9,104.95,413,2021-04-19 19:35:00,RARE
104.78,104.87,104.59,104.72,700,2021-04-19 19:40:00,RARE
104.6619,104.77,104.45,104.46,1467,2021-04-19 19:45:00,RARE
104.36,104.805,104.14,104.73,4686,2021-04-19 19:50:00,RARE
104.87,105.4,104.785,105.25,13494,2021-04-19 19:55:00,RARE
105.39,105.39,105.39,105.39,48484,2021-04-19 20:00:00,RARE
104.28,104.28,102.65,102.65,3490,2021-04-20 13:30:00,RARE
105.24,106.08,105.24,106.08,1140,2021-04-20 13:35:00,RARE
106.51,106.51,106.51,106.51,130,2021-04-20 13:40:00,RARE
108.565,108.565,108.565,108.565,100,2021-04-20 13:45:00,RARE
107.1,107.21,105.76,105.76,800,2021-04-20 13:50:00,RARE
106.85,106.85,104.21,105.44,4000,2021-04-20 13:55:00,RARE
104.76,105.64,104.37,105.64,711,2021-04-20 14:00:00,RARE
105.29,105.7,105.235,105.235,1095,2021-04-20 14:05:00,RARE
104.46,104.525,104.46,104.51,400,2021-04-20 14:10:00,RARE
104.79,105.06,104.695,105.06,1734,2021-04-20 14:15:00,RARE
104.4519,104.4519,104.4519,104.4519,1196,2021-04-20 14:20:00,RARE
105.12,105.19,104.84,104.84,800,2021-04-20 14:25:00,RARE
104.7,105.09,104.7,104.87,1300,2021-04-20 14:30:00,RARE
104.74,104.74,104.4,104.4,1221,2021-04-20 14:35:00,RARE
104.39,104.46,103.51,103.51,400,2021-04-20 14:40:00,RARE
103.605,103.83,103.295,103.42,1400,2021-04-20 14:45:00,RARE
103.32,103.32,103.07,103.07,400,2021-04-20 14:50:00,RARE
102.87,103.4,102.57,103.4,1800,2021-04-20 14:55:00,RARE
103.48,103.48,103.38,103.38,300,2021-04-20 15:00:00,RARE
103.33,103.52,103.33,103.52,700,2021-04-20 15:05:00,RARE
103.68,103.85,103.6,103.85,1842,2021-04-20 15:10:00,RARE
103.93,103.93,103.36,103.36,1000,2021-04-20 15:15:00,RARE
103.0,103.0,102.36,102.58,1300,2021-04-20 15:20:00,RARE
102.74,102.96,102.74,102.8,300,2021-04-20 15:25:00,RARE
102.68,103.22,102.67,103.22,1136,2021-04-20 15:30:00,RARE
102.79,102.88,102.545,102.77,3132,2021-04-20 15:35:00,RARE
102.79,102.91,102.3,102.37,2100,2021-04-20 15:40:00,RARE
102.55,102.685,102.115,102.64,2031,2021-04-20 15:45:00,RARE
102.74,103.05,102.73,103.05,600,2021-04-20 15:50:00,RARE
103.48,103.725,103.36,103.36,52100,2021-04-20 15:55:00,RARE
103.5,104.31,103.25,104.31,14268,2021-04-20 16:00:00,RARE
104.13,104.48,103.85,104.03,6797,2021-04-20 16:05:00,RARE
104.03,104.52,104.03,104.39,2446,2021-04-20 16:10:00,RARE
104.58,104.7,104.06,104.12,5415,2021-04-20 16:15:00,RARE
103.94,104.36,103.86,104.36,4390,2021-04-20 16:20:00,RARE
104.39,104.42,103.88,103.88,1674,2021-04-20 16:25:00,RARE
103.9,103.9,103.845,103.855,400,2021-04-20 16:30:00,RARE
103.87,104.21,103.87,103.985,2072,2021-04-20 16:35:00,RARE
103.815,103.815,103.56,103.67,500,2021-04-20 16:40:00,RARE
103.53,103.8,103.5,103.79,2268,2021-04-20 16:45:00,RARE
103.79,104.05,103.74,104.05,2755,2021-04-20 16:50:00,RARE
104.18,104.29,104.18,104.29,400,2021-04-20 16:55:00,RARE
104.04,104.04,104.04,104.04,100,2021-04-20 17:00:00,RARE
104.02,104.03,103.82,103.92,2234,2021-04-20 17:05:00,RARE
103.84,103.91,103.76,103.87,3000,2021-04-20 17:10:00,RARE
103.87,104.04,103.67,104.04,2811,2021-04-20 17:15:00,RARE
103.92,103.97,103.63,103.64,1906,2021-04-20 17:20:00,RARE
103.46,103.58,103.42,103.555,3019,2021-04-20 17:25:00,RARE
103.62,104.09,103.62,104.09,2832,2021-04-20 17:30:00,RARE
103.97,104.23,103.97,104.23,1499,2021-04-20 17:35:00,RARE
104.14,104.14,103.88,103.9,2200,2021-04-20 17:40:00,RARE
104.02,104.17,103.975,104.09,1300,2021-04-20 17:45:00,RARE
104.05,104.19,104.05,104.19,800,2021-04-20 17:50:00,RARE
104.19,104.19,104.01,104.01,200,2021-04-20 17:55:00,RARE
104.05,104.24,103.97,104.13,2677,2021-04-20 18:00:00,RARE
104.14,104.18,103.84,104.06,4153,2021-04-20 18:05:00,RARE
103.935,103.96,103.8,103.915,1398,2021-04-20 18:10:00,RARE
103.84,104.05,103.82,103.895,2097,2021-04-20 18:15:00,RARE
104.06,104.14,103.88,103.88,1199,2021-04-20 18:20:00,RARE
103.85,104.05,103.85,103.93,2599,2021-04-20 18:25:00,RARE
104.0122,104.08,103.92,103.92,1800,2021-04-20 18:30:00,RARE
103.84,103.92,103.61,103.61,2306,2021-04-20 18:35:00,RARE
103.7,104.14,103.67,104.14,2714,2021-04-20 18:40:00,RARE
104.0,104.23,104.0,104.23,813,2021-04-20 18:45:00,RARE
104.13,104.13,103.85,103.85,1000,2021-04-20 18:50:00,RARE
103.855,103.855,103.775,103.845,1729,2021-04-20 18:55:00,RARE
103.92,104.85,103.92,104.85,3524,2021-04-20 19:00:00,RARE
104.64,104.94,104.64,104.91,1602,2021-04-20 19:05:00,RARE
105.03,105.03,104.79,104.85,500,2021-04-20 19:10:00,RARE
104.855,104.99,104.32,104.32,1613,2021-04-20 19:15:00,RARE
104.41,104.72,104.41,104.6575,2219,2021-04-20 19:20:00,RARE
104.7,104.87,104.7,104.87,2265,2021-04-20 19:25:00,RARE
104.82,105.11,104.77,104.99,2871,2021-04-20 19:30:00,RARE
104.99,105.28,104.99,105.28,2812,2021-04-20 19:35:00,RARE
105.3,105.33,105.19,105.19,2897,2021-04-20 19:40:00,RARE
105.14,105.14,104.8,104.905,2807,2021-04-20 19:45:00,RARE
104.81,104.81,104.51,104.6625,7886,2021-04-20 19:50:00,RARE
104.69,105.16,104.53,105.14,24644,2021-04-20 19:55:00,RARE
104.99,104.99,104.99,104.99,44040,2021-04-20 20:00:00,RARE
104.99,104.99,104.99,104.99,620,2021-04-20 21:15:00,RARE
104.63,104.63,104.63,104.63,2443,2021-04-21 13:30:00,RARE
104.92,104.98,104.57,104.98,2180,2021-04-21 13:35:00,RARE
104.59,105.21,103.77,103.77,4722,2021-04-21 13:40:00,RARE
103.92,104.6,103.78,104.6,4199,2021-04-21 13:45:00,RARE
105.14,105.14,103.63,104.285,5697,2021-04-21 13:50:00,RARE
104.665,104.9394,104.2,104.9394,400,2021-04-21 13:55:00,RARE
105.78,106.675,105.56,106.675,400,2021-04-21 14:00:00,RARE
106.05,106.1243,106.05,106.1243,276,2021-04-21 14:05:00,RARE
106.655,106.86,106.65,106.86,600,2021-04-21 14:10:00,RARE
106.7,106.7,106.38,106.38,200,2021-04-21 14:15:00,RARE
107.23,107.23,107.23,107.23,100,2021-04-21 14:20:00,RARE
107.49,107.49,107.34,107.34,300,2021-04-21 14:30:00,RARE
107.8,108.18,107.77,108.04,600,2021-04-21 14:35:00,RARE
107.77,107.77,107.77,107.77,300,2021-04-21 14:40:00,RARE
108.2,108.28,108.2,108.22,732,2021-04-21 14:45:00,RARE
107.42,107.72,107.255,107.71,1200,2021-04-21 14:50:00,RARE
107.44,107.44,107.26,107.26,500,2021-04-21 14:55:00,RARE
107.38,107.38,107.21,107.21,400,2021-04-21 15:05:00,RARE
106.79,107.22,106.79,107.22,1000,2021-04-21 15:10:00,RARE
107.27,107.43,107.27,107.27,400,2021-04-21 15:15:00,RARE
107.18,107.18,106.89,106.89,300,2021-04-21 15:20:00,RARE
106.85,106.89,106.57,106.57,852,2021-04-21 15:25:00,RARE
106.47,106.6,106.21,106.21,600,2021-04-21 15:30:00,RARE
106.79,106.79,106.78,106.78,400,2021-04-21 15:35:00,RARE
107.095,107.58,107.095,107.48,300,2021-04-21 15:40:00,RARE
107.63,107.63,107.52,107.58,500,2021-04-21 15:45:00,RARE
107.43,107.51,107.28,107.51,1100,2021-04-21 15:50:00,RARE
107.6,107.79,107.6,107.79,400,2021-04-21 15:55:00,RARE
107.865,107.865,107.62,107.63,1400,2021-04-21 16:00:00,RARE
107.48,107.56,107.48,107.56,200,2021-04-21 16:05:00,RARE
107.05,107.47,107.03,107.08,1200,2021-04-21 16:10:00,RARE
106.97,107.17,106.88,106.88,500,2021-04-21 16:15:00,RARE
106.945,107.32,106.945,107.32,700,2021-04-21 16:20:00,RARE
107.08,107.16,106.9442,106.9442,2790,2021-04-21 16:25:00,RARE
106.94,106.94,106.63,106.63,500,2021-04-21 16:30:00,RARE
106.865,107.36,106.865,107.115,1100,2021-04-21 16:35:00,RARE
107.06,107.06,106.8,106.8,977,2021-04-21 16:40:00,RARE
106.8,106.8,106.8,106.8,100,2021-04-21 16:45:00,RARE
107.0,107.0,106.63,106.63,200,2021-04-21 16:50:00,RARE
106.86,106.86,106.54,106.54,300,2021-04-21 16:55:00,RARE
106.845,106.845,106.46,106.46,200,2021-04-21 17:00:00,RARE
107.06,107.21,106.9,107.08,1160,2021-04-21 17:05:00,RARE
107.14,107.4,107.14,107.2,1331,2021-04-21 17:10:00,RARE
107.27,107.34,107.27,107.34,200,2021-04-21 17:15:00,RARE
107.31,107.42,107.31,107.42,300,2021-04-21 17:25:00,RARE
107.415,107.415,107.415,107.415,100,2021-04-21 17:30:00,RARE
107.45,107.52,107.38,107.38,900,2021-04-21 17:35:00,RARE
107.32,107.63,107.32,107.63,500,2021-04-21 17:40:00,RARE
107.66,107.74,107.64,107.74,400,2021-04-21 17:45:00,RARE
107.915,107.915,107.915,107.915,100,2021-04-21 17:50:00,RARE
107.83,107.97,107.83,107.97,200,2021-04-21 17:55:00,RARE
107.945,107.945,107.945,107.945,100,2021-04-21 18:00:00,RARE
108.07,108.16,108.02,108.095,1100,2021-04-21 18:05:00,RARE
107.9765,108.235,107.9,108.235,820,2021-04-21 18:10:00,RARE
108.015,108.13,108.015,108.13,381,2021-04-21 18:15:00,RARE
108.105,108.19,107.825,107.835,4000,2021-04-21 18:20:00,RARE
107.81,108.2899,107.79,108.2899,1641,2021-04-21 18:25:00,RARE
108.22,108.275,108.22,108.275,400,2021-04-21 18:30:00,RARE
108.1422,108.1422,108.115,108.115,553,2021-04-21 18:35:00,RARE
107.91,107.91,107.7,107.7,855,2021-04-21 18:45:00,RARE
107.4237,107.84,107.4237,107.695,1019,2021-04-21 18:50:00,RARE
108.13,108.13,107.8862,107.93,962,2021-04-21 18:55:00,RARE
108.08,108.21,108.08,108.21,200,2021-04-21 19:00:00,RARE
108.24,108.93,108.17,108.9,2408,2021-04-21 19:05:00,RARE
109.02,109.37,108.86,109.23,2810,2021-04-21 19:10:00,RARE
109.19,109.235,109.09,109.13,854,2021-04-21 19:15:00,RARE
109.1,109.1,108.84,108.84,800,2021-04-21 19:20:00,RARE
108.89,108.92,108.6,108.63,900,2021-04-21 19:25:00,RARE
108.61,109.26,108.61,109.26,5364,2021-04-21 19:30:00,RARE
109.26,109.26,108.56,108.6506,1327,2021-04-21 19:35:00,RARE
108.64,108.94,108.54,108.94,2054,2021-04-21 19:40:00,RARE
108.96,109.035,108.69,108.69,1837,2021-04-21 19:45:00,RARE
108.645,108.785,108.25,108.58,4361,2021-04-21 19:50:00,RARE
108.31,109.16,108.22,109.14,17103,2021-04-21 19:55:00,RARE
109.14,109.14,109.14,109.14,40849,2021-04-21 20:00:00,RARE
109.57,109.57,108.565,108.565,2228,2021-04-22 13:30:00,RARE
108.5196,108.5196,108.5196,108.5196,117,2021-04-22 13:35:00,RARE
107.33,107.33,106.34,106.34,3400,2021-04-22 13:40:00,RARE
106.88,107.34,106.88,107.34,300,2021-04-22 13:45:00,RARE
107.065,107.41,107.065,107.14,400,2021-04-22 13:50:00,RARE
107.1,107.62,106.96,107.19,5898,2021-04-22 13:55:00,RARE
106.62,107.11,106.58,107.03,860,2021-04-22 14:00:00,RARE
107.24,107.24,106.83,106.87,1997,2021-04-22 14:05:00,RARE
106.65,107.25,106.33,107.24,3100,2021-04-22 14:10:00,RARE
107.355,107.355,106.92,107.005,500,2021-04-22 14:15:00,RARE
107.35,107.62,106.94,107.62,1500,2021-04-22 14:20:00,RARE
108.265,109.05,108.26,108.67,661,2021-04-22 14:25:00,RARE
108.88,109.21,108.87,109.185,24061,2021-04-22 14:30:00,RARE
109.145,109.9,109.145,109.9,1020,2021-04-22 14:35:00,RARE
110.0,110.2,109.85,110.2,1222,2021-04-22 14:40:00,RARE
110.33,110.33,110.085,110.2,400,2021-04-22 14:45:00,RARE
110.24,110.32,110.115,110.3,800,2021-04-22 14:50:00,RARE
110.04,110.27,110.04,110.24,1451,2021-04-22 14:55:00,RARE
110.26,110.37,110.04,110.04,973,2021-04-22 15:00:00,RARE
109.82,110.41,109.71,110.41,1000,2021-04-22 15:05:00,RARE
110.44,110.48,110.15,110.43,1390,2021-04-22 15:10:00,RARE
110.13,110.205,109.96,110.205,500,2021-04-22 15:15:00,RARE
110.1,110.53,110.1,110.41,600,2021-04-22 15:20:00,RARE
110.52,110.73,110.5,110.58,1100,2021-04-22 15:25:00,RARE
110.54,111.02,110.4,110.87,1400,2021-04-22 15:30:00,RARE
110.9,111.04,110.9,111.04,600,2021-04-22 15:35:00,RARE
111.1,111.39,111.06,111.39,2190,2021-04-22 15:40:00,RARE
111.47,111.63,111.25,111.25,1200,2021-04-22 15:45:00,RARE
111.3,111.425,110.935,111.4,1800,2021-04-22 15:50:00,RARE
111.39,111.39,111.22,111.26,400,2021-04-22 15:55:00,RARE
111.59,111.61,110.88,110.88,1140,2021-04-22 16:00:00,RARE
110.77,111.0,110.54,110.54,300,2021-04-22 16:05:00,RARE
110.7,111.1,110.7,111.1,1600,2021-04-22 16:10:00,RARE
111.09,111.11,110.77,110.95,1700,2021-04-22 16:15:00,RARE
110.925,111.3,110.84,111.26,1200,2021-04-22 16:20:00,RARE
111.15,111.25,111.15,111.24,800,2021-04-22 16:25:00,RARE
111.205,111.3,111.04,111.22,1062,2021-04-22 16:30:00,RARE
111.2,111.53,111.2,111.5,2444,2021-04-22 16:35:00,RARE
111.43,111.55,111.4,111.52,1599,2021-04-22 16:40:00,RARE
111.52,111.56,111.485,111.485,800,2021-04-22 16:45:00,RARE
111.46,111.79,111.37,111.79,1800,2021-04-22 16:50:00,RARE
111.67,111.8,111.35,111.68,2009,2021-04-22 16:55:00,RARE
111.63,111.91,111.61,111.91,1000,2021-04-22 17:00:00,RARE
111.84,111.87,111.17,111.17,3600,2021-04-22 17:05:00,RARE
110.8143,110.8143,110.53,110.74,1100,2021-04-22 17:10:00,RARE
110.625,110.78,109.68,109.98,800,2021-04-22 17:15:00,RARE
109.805,109.93,108.83,109.28,20581,2021-04-22 17:20:00,RARE
109.47,110.4,109.38,110.03,1821,2021-04-22 17:25:00,RARE
110.08,110.085,109.74,109.79,400,2021-04-22 17:30:00,RARE
109.78,110.18,109.76,109.95,3200,2021-04-22 17:35:00,RARE
109.72,110.0,109.02,109.02,1200,2021-04-22 17:40:00,RARE
109.32,109.6,109.18,109.18,900,2021-04-22 17:45:00,RARE
109.14,109.14,107.82,107.82,600,2021-04-22 17:50:00,RARE
107.57,108.12,107.36,108.0853,3163,2021-04-22 17:55:00,RARE
107.86,108.19,107.78,108.13,3897,2021-04-22 18:00:00,RARE
108.18,109.17,108.18,109.17,3930,2021-04-22 18:05:00,RARE
108.775,109.08,108.515,109.05,4142,2021-04-22 18:10:00,RARE
109.04,109.04,108.66,108.665,900,2021-04-22 18:15:00,RARE
108.82,108.99,108.785,108.85,400,2021-04-22 18:20:00,RARE
108.69,109.57,108.525,109.54,1300,2021-04-22 18:25:00,RARE
109.44,109.44,109.27,109.41,300,2021-04-22 18:30:00,RARE
108.84,109.24,108.84,109.24,915,2021-04-22 18:35:00,RARE
109.11,109.46,109.11,109.28,1000,2021-04-22 18:40:00,RARE
109.27,109.275,108.78,108.78,1600,2021-04-22 18:45:00,RARE
108.99,108.99,108.845,108.845,500,2021-04-22 18:50:00,RARE
108.89,109.12,108.89,108.94,1000,2021-04-22 18:55:00,RARE
108.96,109.21,108.89,109.2,1600,2021-04-22 19:00:00,RARE
109.2,109.655,108.9,108.97,3200,2021-04-22 19:05:00,RARE
109.03,109.21,108.95,109.21,1900,2021-04-22 19:10:00,RARE
109.045,109.16,108.7,108.7,600,2021-04-22 19:15:00,RARE
108.72,108.895,108.555,108.555,400,2021-04-22 19:20:00,RARE
108.37,108.97,108.37,108.56,1800,2021-04-22 19:25:00,RARE
108.61,109.33,108.6,109.275,2600,2021-04-22 19:30:00,RARE
109.37,109.53,109.305,109.32,1600,2021-04-22 19:35:00,RARE
109.42,109.69,109.28,109.28,1900,2021-04-22 19:40:00,RARE
109.41,109.62,109.195,109.22,4570,2021-04-22 19:45:00,RARE
109.31,109.42,109.05,109.34,4738,2021-04-22 19:50:00,RARE
109.405,109.5,108.64,108.66,21225,2021-04-22 19:55:00,RARE
108.87,108.87,108.87,108.87,84972,2021-04-22 20:00:00,RARE
110.1,110.1,109.02,109.505,2608,2021-04-23 13:30:00,RARE
109.11,110.04,109.11,110.03,5589,2021-04-23 13:35:00,RARE
110.04,110.23,109.39,110.23,2833,2021-04-23 13:40:00,RARE
110.19,110.19,110.15,110.15,800,2021-04-23 13:45:00,RARE
109.61,109.96,109.61,109.96,200,2021-04-23 13:50:00,RARE
109.45,110.05,109.45,109.54,800,2021-04-23 13:55:00,RARE
109.63,109.82,109.62,109.82,500,2021-04-23 14:00:00,RARE
109.98,110.35,109.7,109.9,800,2021-04-23 14:05:00,RARE
109.73,109.73,109.27,109.55,950,2021-04-23 14:10:00,RARE
109.04,110.03,109.04,110.03,2183,2021-04-23 14:15:00,RARE
109.91,109.92,109.53,109.77,913,2021-04-23 14:20:00,RARE
109.6,109.6,109.6,109.6,100,2021-04-23 14:25:00,RARE
109.66,110.01,109.56,109.75,1635,2021-04-23 14:30:00,RARE
109.59,109.8,109.4,109.68,1700,2021-04-23 14:35:00,RARE
109.83,109.83,109.22,109.22,600,2021-04-23 14:40:00,RARE
109.43,109.62,109.065,109.45,900,2021-04-23 14:45:00,RARE
108.62,108.62,108.62,108.62,100,2021-04-23 14:50:00,RARE
108.22,108.6,107.96,108.04,2217,2021-04-23 14:55:00,RARE
108.48,108.6,108.2,108.25,900,2021-04-23 15:00:00,RARE
108.19,108.19,107.49,107.49,500,2021-04-23 15:05:00,RARE
107.8,107.8,106.98,106.99,1319,2021-04-23 15:10:00,RARE
107.066,107.63,106.98,107.61,1870,2021-04-23 15:15:00,RARE
108.235,108.235,108.235,108.235,100,2021-04-23 15:20:00,RARE
107.76,108.28,107.73,107.75,1070,2021-04-23 15:25:00,RARE
108.17,108.17,107.77,107.82,400,2021-04-23 15:30:00,RARE
107.81,108.43,107.81,108.19,2410,2021-04-23 15:35:00,RARE
108.145,108.145,107.88,107.88,300,2021-04-23 15:40:00,RARE
107.84,108.135,107.81,107.83,400,2021-04-23 15:45:00,RARE
107.92,108.11,107.86,108.11,1500,2021-04-23 15:50:00,RARE
107.755,107.755,107.665,107.665,200,2021-04-23 15:55:00,RARE
107.57,107.61,107.39,107.61,1233,2021-04-23 16:00:00,RARE
107.81,108.3,107.81,108.3,610,2021-04-23 16:05:00,RARE
108.3,108.3,108.155,108.155,499,2021-04-23 16:10:00,RARE
107.94,107.94,107.61,107.61,700,2021-04-23 16:15:00,RARE
107.56,107.91,107.56,107.91,1700,2021-04-23 16:20:00,RARE
107.61,107.97,107.61,107.97,1640,2021-04-23 16:30:00,RARE
107.865,108.0167,107.835,107.95,2780,2021-04-23 16:35:00,RARE
107.85,108.02,107.74,108.02,2117,2021-04-23 16:40:00,RARE
107.99,108.04,107.78,108.04,849,2021-04-23 16:45:00,RARE
107.97,107.97,107.85,107.87,900,2021-04-23 16:50:00,RARE
107.96,108.44,107.96,108.43,3032,2021-04-23 16:55:00,RARE
108.52,108.69,108.52,108.69,500,2021-04-23 17:00:00,RARE
108.69,109.03,108.51,108.935,3593,2021-04-23 17:05:00,RARE
108.93,108.94,108.63,108.687,1874,2021-04-23 17:10:00,RARE
108.79,109.06,108.79,109.06,1241,2021-04-23 17:15:00,RARE
109.09,109.15,109.01,109.01,600,2021-04-23 17:25:00,RARE
109.085,109.19,108.99,109.19,2413,2021-04-23 17:30:00,RARE
109.23,110.22,109.16,109.94,7826,2021-04-23 17:35:00,RARE
109.92,110.48,109.87,110.48,1300,2021-04-23 17:40:00,RARE
110.13,110.13,110.01,110.01,300,2021-04-23 17:45:00,RARE
110.24,110.41,109.84,109.94,1300,2021-04-23 17:50:00,RARE
109.88,110.17,109.71,110.17,700,2021-04-23 17:55:00,RARE
110.17,110.23,110.1219,110.1219,710,2021-04-23 18:00:00,RARE
109.99,110.84,109.99,110.84,6390,2021-04-23 18:05:00,RARE
110.35,110.76,109.99,110.23,3468,2021-04-23 18:10:00,RARE
110.05,110.14,109.8,109.805,1670,2021-04-23 18:15:00,RARE
109.65,109.8,109.6,109.65,900,2021-04-23 18:20:00,RARE
109.78,110.07,109.77,109.99,3475,2021-04-23 18:25:00,RARE
110.23,110.5,110.09,110.5,1600,2021-04-23 18:30:00,RARE
110.33,110.49,110.33,110.375,324,2021-04-23 18:35:00,RARE
110.375,110.54,109.94,110.2,1586,2021-04-23 18:40:00,RARE
110.045,110.41,110.02,110.28,3000,2021-04-23 18:45:00,RARE
110.39,110.53,110.39,110.53,500,2021-04-23 18:50:00,RARE
110.38,110.45,110.38,110.45,200,2021-04-23 18:55:00,RARE
110.425,110.5,110.325,110.325,700,2021-04-23 19:00:00,RARE
110.49,110.66,110.49,110.575,1020,2021-04-23 19:05:00,RARE
110.68,110.82,110.47,110.82,1615,2021-04-23 19:10:00,RARE
110.62,110.65,110.515,110.65,500,2021-04-23 19:15:00,RARE
110.515,110.65,110.39,110.51,800,2021-04-23 19:20:00,RARE
110.41,110.76,110.41,110.69,1769,2021-04-23 19:25:00,RARE
110.81,110.81,110.545,110.64,2680,2021-04-23 19:30:00,RARE
110.56,110.665,110.54,110.57,1000,2021-04-23 19:35:00,RARE
110.41,110.51,110.34,110.41,3300,2021-04-23 19:40:00,RARE
110.28,110.605,110.12,110.26,5269,2021-04-23 19:45:00,RARE
109.99,110.17,109.77,109.84,8722,2021-04-23 19:50:00,RARE
109.77,109.97,109.47,109.88,12472,2021-04-23 19:55:00,RARE
109.87,109.87,109.87,109.87,52464,2021-04-23 20:00:00,RARE
110.63,111.13,110.11,110.11,3812,2021-04-26 13:30:00,RARE
110.06,110.145,110.06,110.145,300,2021-04-26 13:45:00,RARE
110.79,111.31,109.56,110.97,5240,2021-04-26 13:50:00,RARE
111.42,111.95,111.275,111.95,2306,2021-04-26 13:55:00,RARE
111.73,112.545,111.71,111.71,800,2021-04-26 14:00:00,RARE
112.25,112.25,112.25,112.25,100,2021-04-26 14:05:00,RARE
111.71,111.71,111.71,111.71,200,2021-04-26 14:10:00,RARE
111.69,112.02,111.465,112.02,585,2021-04-26 14:15:00,RARE
111.98,112.92,111.98,112.92,500,2021-04-26 14:20:00,RARE
112.595,112.88,112.595,112.88,800,2021-04-26 14:25:00,RARE
113.02,113.32,112.39,112.6246,3490,2021-04-26 14:30:00,RARE
112.84,112.99,112.84,112.99,545,2021-04-26 14:35:00,RARE
112.86,112.86,112.17,112.17,1800,2021-04-26 14:40:00,RARE
111.84,111.84,111.77,111.77,200,2021-04-26 14:45:00,RARE
111.87,111.87,111.87,111.87,100,2021-04-26 14:50:00,RARE
112.21,112.29,112.21,112.29,400,2021-04-26 14:55:00,RARE
112.37,112.73,112.37,112.73,300,2021-04-26 15:00:00,RARE
112.73,113.4,112.73,113.34,1079,2021-04-26 15:05:00,RARE
113.34,113.34,112.92,112.92,700,2021-04-26 15:10:00,RARE
113.07,113.32,113.07,113.32,400,2021-04-26 15:15:00,RARE
113.45,113.45,113.13,113.13,300,2021-04-26 15:20:00,RARE
112.66,112.81,112.47,112.47,500,2021-04-26 15:25:00,RARE
112.44,112.65,112.44,112.625,673,2021-04-26 15:30:00,RARE
112.31,113.08,112.31,113.08,2266,2021-04-26 15:35:00,RARE
113.0,113.0,112.64,112.815,500,2021-04-26 15:40:00,RARE
112.96,113.12,112.87,112.9925,900,2021-04-26 15:45:00,RARE
112.86,113.03,112.86,113.02,843,2021-04-26 15:50:00,RARE
113.105,113.53,113.105,113.53,300,2021-04-26 15:55:00,RARE
113.485,113.66,113.485,113.6,500,2021-04-26 16:00:00,RARE
113.75,113.77,113.6648,113.77,500,2021-04-26 16:05:00,RARE
113.74,113.92,113.345,113.345,1925,2021-04-26 16:10:00,RARE
113.7,113.7,113.7,113.7,100,2021-04-26 16:15:00,RARE
113.73,113.75,113.47,113.635,7140,2021-04-26 16:20:00,RARE
113.28,113.52,113.28,113.52,500,2021-04-26 16:30:00,RARE
113.46,113.46,113.46,113.46,100,2021-04-26 16:35:00,RARE
113.52,113.54,113.4,113.4,500,2021-04-26 16:40:00,RARE
113.5,113.5,113.19,113.42,1400,2021-04-26 16:45:00,RARE
113.265,113.65,113.265,113.65,300,2021-04-26 16:50:00,RARE
113.715,113.715,113.515,113.515,600,2021-04-26 16:55:00,RARE
113.57,113.64,113.57,113.64,400,2021-04-26 17:00:00,RARE
113.64,113.68,113.64,113.68,400,2021-04-26 17:05:00,RARE
113.64,113.64,113.425,113.58,400,2021-04-26 17:10:00,RARE
113.56,113.61,113.49,113.58,1500,2021-04-26 17:15:00,RARE
113.45,113.45,113.45,113.45,200,2021-04-26 17:20:00,RARE
113.39,113.67,113.315,113.65,1308,2021-04-26 17:25:00,RARE
113.7,113.7,113.69,113.69,400,2021-04-26 17:30:00,RARE
113.82,113.82,113.46,113.46,800,2021-04-26 17:35:00,RARE
113.48,113.54,113.36,113.36,532,2021-04-26 17:40:00,RARE
113.44,113.72,113.44,113.72,700,2021-04-26 17:45:00,RARE
113.82,114.29,113.82,114.29,407,2021-04-26 17:50:00,RARE
114.29,114.3,114.13,114.13,300,2021-04-26 17:55:00,RARE
113.97,114.46,113.97,114.45,861,2021-04-26 18:00:00,RARE
114.22,114.22,114.19,114.19,200,2021-04-26 18:05:00,RARE
114.04,114.09,114.015,114.08,800,2021-04-26 18:10:00,RARE
114.27,114.27,113.975,114.17,320,2021-04-26 18:15:00,RARE
113.985,114.46,113.985,114.46,400,2021-04-26 18:20:00,RARE
114.3,114.3,114.3,114.3,100,2021-04-26 18:25:00,RARE
114.4,114.44,114.34,114.44,1000,2021-04-26 18:30:00,RARE
114.31,114.31,114.22,114.289,400,2021-04-26 18:35:00,RARE
114.155,114.27,114.065,114.27,400,2021-04-26 18:40:00,RARE
114.24,114.54,114.24,114.44,2270,2021-04-26 18:45:00,RARE
114.45,114.465,114.235,114.46,700,2021-04-26 18:50:00,RARE
114.55,114.74,114.515,114.73,500,2021-04-26 18:55:00,RARE
114.56,114.63,114.35,114.35,700,2021-04-26 19:00:00,RARE
114.405,114.405,114.0,114.08,1149,2021-04-26 19:05:00,RARE
114.025,114.29,113.78,113.815,8916,2021-04-26 19:10:00,RARE
113.91,114.04,113.855,114.04,3349,2021-04-26 19:15:00,RARE
113.865,114.04,113.865,113.97,1107,2021-04-26 19:20:00,RARE
113.97,114.26,113.68,113.94,4379,2021-04-26 19:25:00,RARE
113.935,114.22,113.8,114.13,4077,2021-04-26 19:30:00,RARE
114.18,114.32,114.15,114.32,2100,2021-04-26 19:35:00,RARE
114.25,114.26,114.185,114.24,1500,2021-04-26 19:40:00,RARE
114.22,114.3,114.0,114.0364,3775,2021-04-26 19:45:00,RARE
114.14,114.86,114.13,114.86,8610,2021-04-26 19:50:00,RARE
114.9,115.0,114.41,114.88,32079,2021-04-26 19:55:00,RARE
114.87,114.87,114.87,114.87,51262,2021-04-26 20:00:00,RARE
115.07,116.145,114.62,115.705,5512,2021-04-27 13:30:00,RARE
115.42,115.42,114.28,114.525,1054,2021-04-27 13:35:00,RARE
114.525,114.525,113.5,113.859,1414,2021-04-27 13:40:00,RARE
113.79,114.64,113.52,114.64,3737,2021-04-27 13:45:00,RARE
114.15,114.15,113.18,113.18,3047,2021-04-27 13:50:00,RARE
113.815,114.34,113.76,113.76,1110,2021-04-27 13:55:00,RARE
113.52,114.18,112.9,113.94,765,2021-04-27 14:00:00,RARE
113.73,113.73,113.525,113.525,1096,2021-04-27 14:05:00,RARE
113.135,113.62,112.91,112.93,800,2021-04-27 14:10:00,RARE
112.63,113.19,112.3,113.045,2511,2021-04-27 14:15:00,RARE
112.42,113.12,112.42,113.01,315,2021-04-27 14:20:00,RARE
113.32,113.36,112.9831,113.33,1154,2021-04-27 14:25:00,RARE
113.78,113.78,113.39,113.615,700,2021-04-27 14:30:00,RARE
113.04,113.04,112.71,112.71,200,2021-04-27 14:35:00,RARE
112.93,113.15,112.93,113.15,500,2021-04-27 14:40:00,RARE
113.28,113.28,113.15,113.15,200,2021-04-27 14:45:00,RARE
113.16,113.55,113.16,113.33,1300,2021-04-27 14:50:00,RARE
113.22,113.395,113.22,113.395,200,2021-04-27 14:55:00,RARE
113.72,113.92,113.24,113.24,1476,2021-04-27 15:00:00,RARE
113.25,113.5,113.25,113.5,200,2021-04-27 15:05:00,RARE
113.2,113.68,113.2,113.68,1200,2021-04-27 15:10:00,RARE
113.58,113.58,113.38,113.39,600,2021-04-27 15:15:00,RARE
113.42,113.46,113.315,113.46,300,2021-04-27 15:20:00,RARE
113.31,113.31,113.245,113.245,200,2021-04-27 15:25:00,RARE
113.43,113.43,113.27,113.27,300,2021-04-27 15:30:00,RARE
113.34,113.58,113.34,113.54,1600,2021-04-27 15:35:00,RARE
113.58,113.58,113.53,113.53,500,2021-04-27 15:40:00,RARE
113.28,113.34,113.04,113.07,685,2021-04-27 15:45:00,RARE
113.13,113.28,113.13,113.28,400,2021-04-27 15:50:00,RARE
113.58,113.71,113.2,113.2,4500,2021-04-27 15:55:00,RARE
113.63,113.69,112.95,112.95,8624,2021-04-27 16:00:00,RARE
112.84,112.905,112.78,112.905,800,2021-04-27 16:05:00,RARE
112.11,112.4,112.11,112.24,900,2021-04-27 16:10:00,RARE
112.41,112.72,112.41,112.72,1270,2021-04-27 16:15:00,RARE
112.72,112.985,112.5,112.625,20200,2021-04-27 16:20:00,RARE
112.53,112.65,112.51,112.61,1200,2021-04-27 16:25:00,RARE
112.64,112.81,112.51,112.81,1500,2021-04-27 16:30:00,RARE
112.792,113.02,112.67,113.02,1127,2021-04-27 16:35:00,RARE
113.0,113.33,112.93,113.32,3379,2021-04-27 16:40:00,RARE
113.26,113.26,113.01,113.16,906,2021-04-27 16:45:00,RARE
113.24,113.31,112.96,113.31,1400,2021-04-27 16:50:00,RARE
113.3,113.3,113.04,113.04,700,2021-04-27 16:55:00,RARE
112.98,113.17,112.63,113.17,2400,2021-04-27 17:00:00,RARE
113.175,113.43,113.04,113.04,800,2021-04-27 17:05:00,RARE
112.89,113.09,112.89,113.09,900,2021-04-27 17:10:00,RARE
113.105,113.26,112.96,113.26,907,2021-04-27 17:15:00,RARE
113.0,113.25,113.0,113.25,300,2021-04-27 17:20:00,RARE
113.31,113.4,113.11,113.11,700,2021-04-27 17:25:00,RARE
113.06,113.06,112.74,112.74,400,2021-04-27 17:30:00,RARE
112.78,113.09,112.78,112.95,700,2021-04-27 17:35:00,RARE
112.82,113.045,112.8,113.045,503,2021-04-27 17:40:00,RARE
113.08,113.08,112.84,113.0,1400,2021-04-27 17:45:00,RARE
113.01,113.0992,112.95,113.0992,608,2021-04-27 17:50:00,RARE
113.04,113.13,113.01,113.01,900,2021-04-27 17:55:00,RARE
113.11,113.35,112.9,112.99,3124,2021-04-27 18:00:00,RARE
113.005,113.02,112.8,112.8,400,2021-04-27 18:05:00,RARE
112.75,112.91,112.66,112.91,800,2021-04-27 18:10:00,RARE
112.9,113.0,112.66,112.87,1000,2021-04-27 18:15:00,RARE
112.94,112.94,112.86,112.86,405,2021-04-27 18:20:00,RARE
112.925,112.925,112.49,112.49,1000,2021-04-27 18:25:00,RARE
112.44,112.51,112.42,112.46,1200,2021-04-27 18:30:00,RARE
112.49,112.55,112.28,112.55,1900,2021-04-27 18:35:00,RARE
112.47,113.19,112.47,113.09,7949,2021-04-27 18:40:00,RARE
113.18,113.42,113.135,113.42,2300,2021-04-27 18:45:00,RARE
113.395,113.48,113.28,113.285,1616,2021-04-27 18:50:00,RARE
113.285,113.54,113.28,113.41,2800,2021-04-27 18:55:00,RARE
113.51,113.57,113.1783,113.335,2150,2021-04-27 19:00:00,RARE
113.33,113.43,113.105,113.12,2604,2021-04-27 19:05:00,RARE
113.12,113.31,113.11,113.285,1958,2021-04-27 19:10:00,RARE
113.285,113.48,113.19,113.39,3917,2021-04-27 19:15:00,RARE
113.48,113.6,113.37,113.5,800,2021-04-27 19:20:00,RARE
113.365,113.365,113.2,113.27,700,2021-04-27 19:25:00,RARE
113.335,113.71,113.27,113.49,2900,2021-04-27 19:30:00,RARE
113.42,113.62,113.37,113.44,2800,2021-04-27 19:35:00,RARE
113.51,113.67,113.47,113.67,2400,2021-04-27 19:40:00,RARE
113.61,113.61,113.395,113.395,1400,2021-04-27 19:45:00,RARE
113.57,113.7,113.37,113.48,6112,2021-04-27 19:50:00,RARE
113.48,113.72,113.29,113.56,14423,2021-04-27 19:55:00,RARE
113.36,113.36,113.36,113.36,32252,2021-04-27 20:00:00,RARE
112.24,112.24,110.59,110.59,2694,2021-04-28 13:30:00,RARE
111.91,112.515,111.63,112.515,1123,2021-04-28 13:40:00,RARE
112.4,114.0,112.4,113.96,6886,2021-04-28 13:45:00,RARE
113.92,114.31,113.225,113.55,4297,2021-04-28 13:50:00,RARE
113.88,114.19,113.8,113.87,1539,2021-04-28 13:55:00,RARE
114.06,114.71,114.06,114.68,2000,2021-04-28 14:00:00,RARE
114.53,114.98,114.38,114.795,1977,2021-04-28 14:05:00,RARE
114.62,115.005,114.54,115.005,1498,2021-04-28 14:10:00,RARE
115.15,115.23,115.12,115.23,601,2021-04-28 14:15:00,RARE
115.45,115.45,114.6,114.6,4751,2021-04-28 14:20:00,RARE
114.62,114.75,113.95,113.95,3451,2021-04-28 14:25:00,RARE
113.87,114.58,113.805,114.255,1251,2021-04-28 14:30:00,RARE
114.71,114.71,113.9,113.9,1308,2021-04-28 14:35:00,RARE
114.05,114.18,113.85,114.13,2420,2021-04-28 14:45:00,RARE
114.325,114.37,113.76,113.76,300,2021-04-28 14:50:00,RARE
114.38,114.53,114.38,114.53,200,2021-04-28 14:55:00,RARE
114.495,114.495,113.98,114.155,1000,2021-04-28 15:00:00,RARE
114.145,114.56,114.01,114.195,1400,2021-04-28 15:05:00,RARE
113.995,113.995,113.995,113.995,500,2021-04-28 15:10:00,RARE
113.68,113.78,113.365,113.71,2290,2021-04-28 15:15:00,RARE
114.01,114.01,114.01,114.01,100,2021-04-28 15:20:00,RARE
113.77,114.2,113.77,114.2,415,2021-04-28 15:25:00,RARE
114.0,114.39,114.0,114.39,578,2021-04-28 15:30:00,RARE
115.0,115.13,114.45,115.13,694,2021-04-28 15:35:00,RARE
115.13,115.14,114.32,114.65,1689,2021-04-28 15:40:00,RARE
114.625,114.625,114.625,114.625,100,2021-04-28 15:45:00,RARE
114.4,114.75,114.4,114.545,300,2021-04-28 15:50:00,RARE
114.37,114.44,114.15,114.44,964,2021-04-28 16:00:00,RARE
114.18,114.18,114.18,114.18,100,2021-04-28 16:05:00,RARE
114.38,114.665,114.38,114.665,800,2021-04-28 16:10:00,RARE
114.95,114.95,114.95,114.95,200,2021-04-28 16:15:00,RARE
114.88,114.88,114.88,114.88,100,2021-04-28 16:20:00,RARE
115.34,115.43,114.78,115.33,836,2021-04-28 16:25:00,RARE
115.42,115.45,114.82,115.0725,5404,2021-04-28 16:30:00,RARE
115.245,115.25,115.245,115.25,510,2021-04-28 16:35:00,RARE
115.12,115.12,115.1,115.1,310,2021-04-28 16:40:00,RARE
115.185,115.36,115.185,115.36,294,2021-04-28 16:45:00,RARE
115.33,115.49,115.33,115.47,1901,2021-04-28 16:50:00,RARE
115.42,115.42,115.15,115.385,300,2021-04-28 16:55:00,RARE
115.47,115.75,115.47,115.75,615,2021-04-28 17:00:00,RARE
115.58,115.58,115.58,115.58,100,2021-04-28 17:05:00,RARE
115.74,116.15,115.74,116.15,2764,2021-04-28 17:10:00,RARE
115.8,116.18,115.8,116.18,1000,2021-04-28 17:15:00,RARE
116.2,116.2,115.88,115.88,700,2021-04-28 17:20:00,RARE
115.7,115.7,115.7,115.7,100,2021-04-28 17:30:00,RARE
115.37,115.65,115.37,115.65,200,2021-04-28 17:35:00,RARE
115.39,115.46,115.39,115.46,300,2021-04-28 17:45:00,RARE
115.54,115.57,115.5,115.5,300,2021-04-28 17:50:00,RARE
115.31,115.46,115.2173,115.28,1250,2021-04-28 17:55:00,RARE
115.32,116.26,115.32,115.57,1711,2021-04-28 18:00:00,RARE
115.71,115.71,115.71,115.71,100,2021-04-28 18:05:00,RARE
115.85,115.85,115.64,115.64,200,2021-04-28 18:10:00,RARE
115.725,116.04,115.725,115.925,620,2021-04-28 18:15:00,RARE
115.9,116.06,115.74,115.895,400,2021-04-28 18:20:00,RARE
115.84,115.88,115.67,115.71,1750,2021-04-28 18:25:00,RARE
115.48,115.7,115.35,115.385,800,2021-04-28 18:30:00,RARE
115.63,116.1,115.63,115.905,2978,2021-04-28 18:35:00,RARE
115.97,116.3,115.96,116.08,1900,2021-04-28 18:40:00,RARE
116.315,116.455,115.605,115.605,2550,2021-04-28 18:45:00,RARE
115.78,115.875,115.67,115.7,800,2021-04-28 18:50:00,RARE
115.785,115.84,115.69,115.75,785,2021-04-28 18:55:00,RARE
115.54,115.54,115.27,115.27,1100,2021-04-28 19:00:00,RARE
115.09,115.09,114.27,114.49,3739,2021-04-28 19:05:00,RARE
114.39,114.64,113.735,114.64,5958,2021-04-28 19:10:00,RARE
114.2,114.72,114.2,114.515,2925,2021-04-28 19:15:00,RARE
114.96,114.96,114.505,114.79,1500,2021-04-28 19:20:00,RARE
114.82,115.685,114.82,115.53,3345,2021-04-28 19:25:00,RARE
115.35,115.475,115.04,115.35,2473,2021-04-28 19:30:00,RARE
115.39,116.1,115.39,115.535,3827,2021-04-28 19:35:00,RARE
115.46,115.46,114.95,114.99,2770,2021-04-28 19:40:00,RARE
115.15,115.34,115.015,115.09,4164,2021-04-28 19:45:00,RARE
115.05,115.05,114.29,114.29,2986,2021-04-28 19:50:00,RARE
114.28,115.13,114.26,114.905,19072,2021-04-28 19:55:00,RARE
114.85,114.85,114.85,114.85,26435,2021-04-28 20:00:00,RARE
114.85,114.85,114.85,114.85,10019,2021-04-28 21:40:00,RARE
116.05,116.84,113.48,114.19,4393,2021-04-29 13:30:00,RARE
114.25,114.5,114.25,114.5,1000,2021-04-29 13:35:00,RARE
114.5,114.5,114.49,114.49,757,2021-04-29 13:40:00,RARE
114.62,115.5,114.54,115.275,2300,2021-04-29 13:45:00,RARE
115.49,115.49,114.31,114.85,1200,2021-04-29 13:50:00,RARE
114.86,114.86,114.86,114.86,100,2021-04-29 13:55:00,RARE
114.54,114.695,113.73,113.73,1600,2021-04-29 14:00:00,RARE
113.78,114.44,113.75,113.75,800,2021-04-29 14:05:00,RARE
114.25,114.28,114.13,114.13,400,2021-04-29 14:10:00,RARE
113.82,113.84,113.44,113.52,1300,2021-04-29 14:15:00,RARE
113.16,113.87,113.16,113.87,2582,2021-04-29 14:20:00,RARE
114.01,114.17,113.35,113.36,4410,2021-04-29 14:25:00,RARE
113.26,113.4,112.66,112.66,1400,2021-04-29 14:30:00,RARE
112.6671,112.6671,112.05,112.35,1618,2021-04-29 14:35:00,RARE
112.64,112.96,112.63,112.96,600,2021-04-29 14:40:00,RARE
112.815,112.815,112.575,112.575,600,2021-04-29 14:45:00,RARE
112.545,113.5,112.545,113.5,900,2021-04-29 14:50:00,RARE
113.42,113.64,113.42,113.64,700,2021-04-29 14:55:00,RARE
113.82,114.27,113.73,114.27,800,2021-04-29 15:00:00,RARE
114.005,114.22,113.55,113.75,1400,2021-04-29 15:05:00,RARE
113.68,113.68,113.65,113.65,200,2021-04-29 15:10:00,RARE
113.74,113.74,113.25,113.25,1102,2021-04-29 15:15:00,RARE
113.43,113.43,113.13,113.43,1541,2021-04-29 15:20:00,RARE
113.425,113.425,113.425,113.425,200,2021-04-29 15:25:00,RARE
113.435,113.62,113.01,113.01,2700,2021-04-29 15:30:00,RARE
112.92,113.05,112.9,113.05,700,2021-04-29 15:35:00,RARE
113.07,113.24,113.07,113.24,500,2021-04-29 15:40:00,RARE
113.13,113.71,113.1,113.55,2100,2021-04-29 15:45:00,RARE
113.46,113.59,113.36,113.59,500,2021-04-29 15:50:00,RARE
113.39,113.39,112.45,112.45,1200,2021-04-29 15:55:00,RARE
112.24,112.24,112.02,112.02,800,2021-04-29 16:00:00,RARE
112.22,112.25,111.56,111.76,1900,2021-04-29 16:05:00,RARE
111.65,112.11,111.63,112.11,2000,2021-04-29 16:10:00,RARE
111.97,112.685,111.86,112.685,900,2021-04-29 16:15:00,RARE
112.76,112.775,112.68,112.68,400,2021-04-29 16:20:00,RARE
112.82,112.96,112.44,112.66,1100,2021-04-29 16:25:00,RARE
112.56,112.845,112.545,112.845,1400,2021-04-29 16:30:00,RARE
112.8,112.87,112.52,112.52,623,2021-04-29 16:35:00,RARE
112.54,112.54,112.47,112.47,200,2021-04-29 16:40:00,RARE
112.3,112.3,112.3,112.3,100,2021-04-29 16:45:00,RARE
112.51,113.01,112.51,112.85,1800,2021-04-29 16:50:00,RARE
112.655,112.655,112.655,112.655,100,2021-04-29 16:55:00,RARE
112.79,112.81,112.49,112.63,1100,2021-04-29 17:00:00,RARE
112.79,113.1,112.19,112.385,2000,2021-04-29 17:05:00,RARE
112.325,113.01,112.325,113.01,1050,2021-04-29 17:10:00,RARE
113.09,113.43,112.96,112.96,1330,2021-04-29 17:15:00,RARE
112.93,112.95,112.74,112.74,300,2021-04-29 17:20:00,RARE
112.975,113.1975,112.975,113.1975,700,2021-04-29 17:25:00,RARE
113.38,113.475,113.13,113.23,1400,2021-04-29 17:30:00,RARE
113.03,113.03,112.72,112.72,700,2021-04-29 17:35:00,RARE
112.705,113.14,112.67,113.14,1400,2021-04-29 17:40:00,RARE
112.88,112.88,112.815,112.815,200,2021-04-29 17:45:00,RARE
112.74,112.885,112.55,112.55,800,2021-04-29 17:50:00,RARE
112.91,113.02,112.91,113.02,600,2021-04-29 17:55:00,RARE
113.03,113.22,112.935,113.22,700,2021-04-29 18:00:00,RARE
113.26,113.61,113.1201,113.255,2392,2021-04-29 18:10:00,RARE
113.16,113.43,113.155,113.295,2592,2021-04-29 18:15:00,RARE
113.21,113.21,113.21,113.21,300,2021-04-29 18:20:00,RARE
113.125,113.19,113.125,113.19,300,2021-04-29 18:25:00,RARE
113.19,113.3,113.19,113.3,400,2021-04-29 18:30:00,RARE
113.36,113.72,113.295,113.62,1240,2021-04-29 18:35:00,RARE
113.72,113.835,113.54,113.555,1400,2021-04-29 18:40:00,RARE
113.555,113.555,113.555,113.555,200,2021-04-29 18:45:00,RARE
113.54,113.72,113.54,113.66,1605,2021-04-29 18:50:00,RARE
113.55,113.61,113.475,113.57,1500,2021-04-29 18:55:00,RARE
113.57,113.67,113.57,113.67,1100,2021-04-29 19:00:00,RARE
113.67,113.73,113.45,113.495,4468,2021-04-29 19:05:00,RARE
113.5,113.59,113.5,113.565,700,2021-04-29 19:10:00,RARE
113.66,113.66,112.61,112.61,2300,2021-04-29 19:15:00,RARE
112.77,113.13,112.77,112.975,1100,2021-04-29 19:20:00,RARE
112.975,112.975,112.52,112.665,1336,2021-04-29 19:25:00,RARE
112.56,112.81,112.56,112.81,500,2021-04-29 19:30:00,RARE
112.94,113.15,112.84,112.94,1801,2021-04-29 19:35:00,RARE
112.84,113.0,112.8,112.87,2100,2021-04-29 19:40:00,RARE
112.82,113.53,112.82,113.35,3317,2021-04-29 19:45:00,RARE
113.225,114.24,113.125,113.79,6894,2021-04-29 19:50:00,RARE
113.72,113.81,113.135,113.28,14699,2021-04-29 19:55:00,RARE
113.51,113.51,113.51,113.51,25896,2021-04-29 20:00:00,RARE
113.51,113.51,113.51,113.51,16182,2021-04-29 21:20:00,RARE
111.92,113.135,111.31,112.28,4118,2021-04-30 13:30:00,RARE
113.74,113.74,113.05,113.05,200,2021-04-30 13:35:00,RARE
113.31,113.31,113.31,113.31,200,2021-04-30 13:40:00,RARE
112.95,113.31,112.72,112.775,1400,2021-04-30 13:45:00,RARE
113.33,113.7,113.27,113.7,400,2021-04-30 13:55:00,RARE
114.25,114.25,113.06,113.16,766,2021-04-30 14:00:00,RARE
113.525,113.76,113.4,113.7,500,2021-04-30 14:05:00,RARE
114.26,114.48,113.95,114.09,1700,2021-04-30 14:10:00,RARE
114.41,114.47,114.225,114.225,400,2021-04-30 14:15:00,RARE
114.5792,114.5792,114.12,114.12,200,2021-04-30 14:20:00,RARE
114.05,114.3,114.04,114.3,600,2021-04-30 14:25:00,RARE
114.19,115.13,114.19,115.0,3383,2021-04-30 14:30:00,RARE
115.105,115.395,114.64,114.64,2906,2021-04-30 14:35:00,RARE
114.49,114.525,114.24,114.24,500,2021-04-30 14:40:00,RARE
114.47,114.47,114.31,114.335,400,2021-04-30 14:45:00,RARE
114.3,114.3,113.79,113.79,800,2021-04-30 14:50:00,RARE
113.81,113.93,113.63,113.8,700,2021-04-30 14:55:00,RARE
113.67,113.7,113.485,113.485,300,2021-04-30 15:00:00,RARE
113.35,113.48,113.25,113.31,600,2021-04-30 15:05:00,RARE
113.48,113.48,113.29,113.29,200,2021-04-30 15:10:00,RARE
113.52,113.74,113.5,113.52,800,2021-04-30 15:15:00,RARE
113.26,113.73,113.13,113.43,1600,2021-04-30 15:20:00,RARE
113.505,113.54,113.31,113.34,700,2021-04-30 15:25:00,RARE
113.5,114.01,113.5,113.78,1200,2021-04-30 15:30:00,RARE
113.55,113.715,113.55,113.55,500,2021-04-30 15:35:00,RARE
113.76,113.76,113.22,113.22,1000,2021-04-30 15:40:00,RARE
113.2,113.2,113.03,113.035,300,2021-04-30 15:45:00,RARE
113.27,113.27,113.21,113.215,400,2021-04-30 15:50:00,RARE
113.37,113.46,112.97,113.195,1200,2021-04-30 15:55:00,RARE
112.99,112.99,112.78,112.83,700,2021-04-30 16:00:00,RARE
113.16,113.16,113.0,113.0,700,2021-04-30 16:05:00,RARE
113.075,113.075,112.9,112.9,200,2021-04-30 16:10:00,RARE
112.61,112.62,112.31,112.31,900,2021-04-30 16:15:00,RARE
112.62,112.62,112.24,112.24,400,2021-04-30 16:20:00,RARE
112.22,112.44,112.22,112.44,212,2021-04-30 16:25:00,RARE
112.46,112.46,111.985,112.18,3500,2021-04-30 16:30:00,RARE
112.09,112.2,111.97,112.2,500,2021-04-30 16:35:00,RARE
112.12,112.31,111.91,111.91,1300,2021-04-30 16:40:00,RARE
112.29,112.32,112.2,112.2,300,2021-04-30 16:45:00,RARE
112.29,112.55,112.0,112.0,1967,2021-04-30 16:50:00,RARE
112.08,112.43,112.08,112.29,1700,2021-04-30 16:55:00,RARE
112.28,112.28,112.17,112.19,300,2021-04-30 17:00:00,RARE
112.17,112.64,112.1,112.64,900,2021-04-30 17:05:00,RARE
112.91,112.91,112.56,112.69,600,2021-04-30 17:10:00,RARE
112.44,112.61,112.42,112.61,700,2021-04-30 17:15:00,RARE
112.71,112.78,112.66,112.78,700,2021-04-30 17:20:00,RARE
112.8,112.82,112.645,112.645,825,2021-04-30 17:25:00,RARE
112.48,112.63,112.44,112.61,1200,2021-04-30 17:30:00,RARE
112.7,112.7,112.26,112.26,300,2021-04-30 17:35:00,RARE
112.33,112.33,111.92,111.97,1470,2021-04-30 17:40:00,RARE
111.92,111.92,111.66,111.775,1236,2021-04-30 17:45:00,RARE
111.85,111.85,111.55,111.59,1300,2021-04-30 17:50:00,RARE
111.44,111.44,110.895,111.085,2500,2021-04-30 17:55:00,RARE
111.23,111.25,110.85,111.01,3175,2021-04-30 18:00:00,RARE
111.22,111.69,111.18,111.69,800,2021-04-30 18:05:00,RARE
111.66,111.86,111.64,111.76,1408,2021-04-30 18:10:00,RARE
111.89,111.98,111.73,111.98,800,2021-04-30 18:15:00,RARE
111.88,111.96,111.69,111.69,1000,2021-04-30 18:20:00,RARE
111.73,111.73,111.6,111.64,800,2021-04-30 18:25:00,RARE
111.66,111.73,111.54,111.73,700,2021-04-30 18:30:00,RARE
111.7,111.8,111.58,111.75,2800,2021-04-30 18:35:00,RARE
111.635,111.87,111.59,111.59,1292,2021-04-30 18:40:00,RARE
111.57,111.625,111.295,111.295,913,2021-04-30 18:45:00,RARE
111.19,111.34,111.07,111.23,1159,2021-04-30 18:50:00,RARE
111.38,111.38,110.98,111.0,2500,2021-04-30 18:55:00,RARE
111.08,111.2,111.08,111.14,800,2021-04-30 19:00:00,RARE
111.0781,111.18,110.9,110.975,1522,2021-04-30 19:05:00,RARE
110.99,111.17,110.8,110.8,1000,2021-04-30 19:10:00,RARE
110.68,110.74,110.63,110.74,1166,2021-04-30 19:15:00,RARE
110.8,111.38,110.8,111.29,1200,2021-04-30 19:20:00,RARE
111.38,111.38,111.1,111.31,1000,2021-04-30 19:25:00,RARE
111.22,111.29,110.76,110.99,2100,2021-04-30 19:30:00,RARE
110.78,111.065,110.78,110.83,1900,2021-04-30 19:35:00,RARE
110.74,111.02,110.74,110.93,1400,2021-04-30 19:40:00,RARE
110.885,110.97,110.63,110.88,2675,2021-04-30 19:45:00,RARE
111.02,111.61,111.015,111.23,7750,2021-04-30 19:50:00,RARE
111.46,111.91,111.35,111.35,29588,2021-04-30 19:55:00,RARE
111.64,111.64,111.64,111.64,66757,2021-04-30 20:00:00,RARE
111.64,111.64,111.64,111.64,18699,2021-04-30 21:40:00,RARE
112.02,112.02,112.02,112.02,100,2021-05-03 13:25:00,RARE
111.96,113.63,111.96,112.5168,5645,2021-05-03 13:30:00,RARE
112.555,112.555,110.73,110.73,915,2021-05-03 13:35:00,RARE
110.825,110.83,109.58,109.58,8277,2021-05-03 13:40:00,RARE
109.785,109.785,109.785,109.785,100,2021-05-03 13:45:00,RARE
109.55,109.74,109.18,109.51,1549,2021-05-03 13:50:00,RARE
109.73,110.12,109.73,109.845,1185,2021-05-03 13:55:00,RARE
109.84,110.12,109.53,109.53,2950,2021-05-03 14:00:00,RARE
109.4087,110.13,109.4087,109.97,2371,2021-05-03 14:05:00,RARE
109.86,110.13,109.71,110.05,1500,2021-05-03 14:10:00,RARE
110.13,110.44,110.01,110.2,2200,2021-05-03 14:15:00,RARE
110.35,110.45,110.165,110.29,1836,2021-05-03 14:20:00,RARE
109.97,109.97,109.075,109.395,900,2021-05-03 14:25:00,RARE
109.09,109.23,109.09,109.23,200,2021-05-03 14:30:00,RARE
109.13,109.19,108.79,108.87,2100,2021-05-03 14:35:00,RARE
108.89,109.04,108.795,108.91,1000,2021-05-03 14:40:00,RARE
108.765,108.8,108.44,108.47,1500,2021-05-03 14:45:00,RARE
108.58,108.735,108.2101,108.2101,600,2021-05-03 14:50:00,RARE
108.5499,108.94,108.5499,108.59,1805,2021-05-03 14:55:00,RARE
108.57,108.94,108.57,108.77,600,2021-05-03 15:00:00,RARE
108.84,109.21,108.84,108.94,1300,2021-05-03 15:05:00,RARE
108.72,108.775,108.26,108.295,1750,2021-05-03 15:10:00,RARE
108.3,108.75,108.3,108.57,1300,2021-05-03 15:15:00,RARE
108.27,108.71,108.27,108.655,700,2021-05-03 15:20:00,RARE
108.665,108.9,108.29,108.39,1300,2021-05-03 15:25:00,RARE
108.285,108.65,108.17,108.65,1150,2021-05-03 15:30:00,RARE
108.74,108.98,108.69,108.69,1092,2021-05-03 15:35:00,RARE
108.7,108.965,108.59,108.965,1139,2021-05-03 15:40:00,RARE
109.06,109.27,108.94,109.18,1250,2021-05-03 15:45:00,RARE
109.06,109.06,108.91,108.93,800,2021-05-03 15:50:00,RARE
108.965,108.97,108.715,108.715,1921,2021-05-03 15:55:00,RARE
108.58,108.71,108.36,108.47,1814,2021-05-03 16:00:00,RARE
108.66,108.66,107.95,108.095,4855,2021-05-03 16:05:00,RARE
108.275,108.48,108.09,108.32,1364,2021-05-03 16:10:00,RARE
108.33,108.745,108.33,108.59,2066,2021-05-03 16:15:00,RARE
108.36,108.89,108.36,108.89,10820,2021-05-03 16:20:00,RARE
108.89,108.9,108.5,108.545,2100,2021-05-03 16:25:00,RARE
108.545,108.545,108.36,108.41,600,2021-05-03 16:30:00,RARE
108.52,108.52,108.22,108.22,1905,2021-05-03 16:35:00,RARE
108.245,108.31,108.05,108.05,1000,2021-05-03 16:40:00,RARE
107.95,108.035,107.77,107.84,1300,2021-05-03 16:45:00,RARE
107.88,108.055,107.88,108.055,800,2021-05-03 16:50:00,RARE
107.99,108.04,107.8,107.925,1900,2021-05-03 16:55:00,RARE
107.9,108.08,107.9,108.075,1100,2021-05-03 17:00:00,RARE
108.075,108.1,107.58,107.58,2000,2021-05-03 17:05:00,RARE
107.71,107.71,107.535,107.535,300,2021-05-03 17:10:00,RARE
107.72,107.78,107.565,107.69,2915,2021-05-03 17:15:00,RARE
107.72,107.72,107.675,107.675,400,2021-05-03 17:20:00,RARE
107.75,107.92,107.75,107.9,1200,2021-05-03 17:25:00,RARE
107.86,107.895,107.82,107.8406,800,2021-05-03 17:30:00,RARE
107.82,107.82,107.82,107.82,300,2021-05-03 17:35:00,RARE
108.0,108.11,107.85,108.05,2400,2021-05-03 17:40:00,RARE
107.84,107.84,107.83,107.83,332,2021-05-03 17:45:00,RARE
107.82,107.95,107.59,107.59,1101,2021-05-03 17:50:00,RARE
107.6,107.6,107.32,107.32,600,2021-05-03 17:55:00,RARE
107.46,107.52,107.11,107.18,2251,2021-05-03 18:00:00,RARE
107.165,107.165,106.99,106.99,600,2021-05-03 18:05:00,RARE
106.87,106.98,106.84,106.865,1300,2021-05-03 18:10:00,RARE
106.895,107.16,106.895,107.16,900,2021-05-03 18:15:00,RARE
107.19,107.19,106.96,106.96,1300,2021-05-03 18:20:00,RARE
107.08,107.115,106.98,107.09,500,2021-05-03 18:25:00,RARE
106.92,107.18,106.92,107.12,1200,2021-05-03 18:30:00,RARE
107.15,107.15,106.95,106.95,300,2021-05-03 18:35:00,RARE
106.96,106.96,106.71,106.735,1500,2021-05-03 18:40:00,RARE
106.7,106.77,106.7,106.77,300,2021-05-03 18:45:00,RARE
106.72,106.78,106.57,106.67,2000,2021-05-03 18:50:00,RARE
106.69,106.79,106.55,106.79,2000,2021-05-03 18:55:00,RARE
106.78,106.78,106.63,106.68,1500,2021-05-03 19:00:00,RARE
106.62,106.72,106.52,106.72,2720,2021-05-03 19:05:00,RARE
106.73,107.29,106.73,107.29,1900,2021-05-03 19:10:00,RARE
107.22,107.23,106.98,107.23,2800,2021-05-03 19:15:00,RARE
107.0758,107.22,107.0758,107.13,1867,2021-05-03 19:20:00,RARE
107.02,107.111,106.87,107.01,4378,2021-05-03 19:25:00,RARE
106.91,106.96,106.55,106.55,3803,2021-05-03 19:30:00,RARE
106.55,106.68,106.34,106.68,5873,2021-05-03 19:35:00,RARE
106.5,106.66,106.45,106.45,1117,2021-05-03 19:40:00,RARE
106.44,106.44,106.17,106.17,3104,2021-05-03 19:45:00,RARE
106.28,106.67,106.19,106.67,11766,2021-05-03 19:50:00,RARE
106.67,106.68,106.14,106.35,31872,2021-05-03 19:55:00,RARE
106.51,106.51,106.51,106.51,34346,2021-05-03 20:00:00,RARE
105.68,105.68,103.211,104.105,2180,2021-05-04 13:30:00,RARE
104.26,107.06,104.26,106.96,12205,2021-05-04 13:35:00,RARE
106.585,106.585,105.435,105.435,2400,2021-05-04 13:40:00,RARE
104.34,105.24,104.34,104.35,10902,2021-05-04 13:50:00,RARE
104.02,104.64,103.54,103.91,1400,2021-05-04 13:55:00,RARE
103.085,103.62,102.4,102.535,7538,2021-05-04 14:00:00,RARE
102.84,103.68,102.24,102.6,16130,2021-05-04 14:05:00,RARE
102.65,102.8,102.06,102.53,8081,2021-05-04 14:10:00,RARE
102.28,103.05,102.02,102.545,16154,2021-05-04 14:15:00,RARE
102.48,103.07,102.39,102.91,10485,2021-05-04 14:20:00,RARE
103.115,103.6,103.115,103.6,2967,2021-05-04 14:25:00,RARE
103.385,104.08,103.295,104.045,2735,2021-05-04 14:30:00,RARE
104.15,104.48,104.13,104.48,800,2021-05-04 14:35:00,RARE
104.5,104.74,104.37,104.74,400,2021-05-04 14:40:00,RARE
104.65,104.76,104.39,104.39,800,2021-05-04 14:45:00,RARE
104.58,104.58,104.52,104.52,412,2021-05-04 14:50:00,RARE
104.71,104.72,104.06,104.06,1200,2021-05-04 14:55:00,RARE
103.88,104.745,103.88,104.745,1600,2021-05-04 15:00:00,RARE
104.5,104.55,104.35,104.395,11405,2021-05-04 15:05:00,RARE
104.395,104.395,103.48,103.48,5847,2021-05-04 15:10:00,RARE
103.26,103.31,103.085,103.16,1090,2021-05-04 15:15:00,RARE
103.0,103.14,102.86,102.86,1600,2021-05-04 15:20:00,RARE
102.63,103.16,102.36,103.16,900,2021-05-04 15:25:00,RARE
103.4,103.43,103.24,103.24,585,2021-05-04 15:35:00,RARE
103.0,103.15,102.78,102.78,500,2021-05-04 15:40:00,RARE
102.88,102.88,102.75,102.85,300,2021-05-04 15:45:00,RARE
102.71,102.78,102.65,102.65,300,2021-05-04 15:50:00,RARE
102.59,102.59,102.4,102.4,800,2021-05-04 15:55:00,RARE
102.57,102.96,102.57,102.96,817,2021-05-04 16:00:00,RARE
103.17,103.175,103.17,103.175,200,2021-05-04 16:05:00,RARE
103.375,103.56,103.375,103.56,751,2021-05-04 16:10:00,RARE
103.56,103.81,103.33,103.55,1189,2021-05-04 16:15:00,RARE
103.415,103.52,103.415,103.52,200,2021-05-04 16:20:00,RARE
103.575,103.75,103.575,103.575,600,2021-05-04 16:25:00,RARE
103.53,103.53,103.2,103.22,700,2021-05-04 16:30:00,RARE
103.26,103.26,102.72,102.86,2550,2021-05-04 16:35:00,RARE
102.935,102.94,102.73,102.89,1600,2021-05-04 16:40:00,RARE
103.02,103.19,102.99,103.11,1613,2021-05-04 16:45:00,RARE
103.34,103.6,103.34,103.6,700,2021-05-04 16:50:00,RARE
103.715,103.86,103.46,103.84,1000,2021-05-04 16:55:00,RARE
104.0,104.0,103.97,103.995,600,2021-05-04 17:00:00,RARE
104.11,104.235,104.1,104.17,900,2021-05-04 17:05:00,RARE
104.245,104.245,104.06,104.07,1100,2021-05-04 17:10:00,RARE
104.11,104.37,104.11,104.12,1900,2021-05-04 17:15:00,RARE
104.12,104.225,104.065,104.165,1600,2021-05-04 17:20:00,RARE
104.025,104.31,104.025,104.18,1400,2021-05-04 17:25:00,RARE
103.96,104.045,103.96,104.045,400,2021-05-04 17:30:00,RARE
104.17,104.18,103.95,103.975,1323,2021-05-04 17:35:00,RARE
103.82,103.82,103.545,103.58,1400,2021-05-04 17:40:00,RARE
103.63,103.75,103.52,103.75,2100,2021-05-04 17:45:00,RARE
103.8925,103.8925,103.46,103.48,900,2021-05-04 17:50:00,RARE
103.28,103.37,103.255,103.285,1100,2021-05-04 17:55:00,RARE
102.96,102.96,102.76,102.82,1500,2021-05-04 18:00:00,RARE
102.805,102.805,102.42,102.755,2200,2021-05-04 18:05:00,RARE
102.715,103.1,102.68,103.1,500,2021-05-04 18:10:00,RARE
103.38,103.495,103.38,103.495,700,2021-05-04 18:15:00,RARE
103.315,103.4,103.07,103.07,900,2021-05-04 18:20:00,RARE
102.95,102.98,102.65,102.65,2500,2021-05-04 18:25:00,RARE
102.94,103.015,102.795,102.96,800,2021-05-04 18:30:00,RARE
103.03,103.03,102.7,102.7,779,2021-05-04 18:35:00,RARE
102.9,103.0,102.64,102.895,866,2021-05-04 18:40:00,RARE
102.885,102.96,102.57,102.74,2100,2021-05-04 18:45:00,RARE
102.73,102.73,102.595,102.63,3279,2021-05-04 18:50:00,RARE
102.76,102.76,102.32,102.38,1100,2021-05-04 18:55:00,RARE
102.335,102.34,101.86,101.86,6802,2021-05-04 19:00:00,RARE
101.86,102.14,101.67,102.09,3700,2021-05-04 19:05:00,RARE
102.19,102.39,101.995,101.9975,6099,2021-05-04 19:10:00,RARE
101.955,102.01,101.72,101.8,6321,2021-05-04 19:15:00,RARE
101.755,101.755,101.31,101.33,2300,2021-05-04 19:20:00,RARE
101.32,101.37,100.925,101.305,9381,2021-05-04 19:25:00,RARE
101.22,101.75,101.22,101.65,3500,2021-05-04 19:30:00,RARE
101.68,101.9,101.67,101.7425,3745,2021-05-04 19:35:00,RARE
101.8,101.8,101.245,101.345,7507,2021-05-04 19:40:00,RARE
101.26,101.265,100.925,101.0,5439,2021-05-04 19:45:00,RARE
100.945,101.93,100.945,101.59,9274,2021-05-04 19:50:00,RARE
101.59,101.88,101.05,101.87,22062,2021-05-04 19:55:00,RARE
101.85,101.85,101.85,101.85,53819,2021-05-04 20:00:00,RARE
101.86,105.82,101.51,105.37,16496,2021-05-05 13:30:00,RARE
105.41,105.51,103.235,105.16,1600,2021-05-05 13:35:00,RARE
105.3,105.64,104.685,105.64,900,2021-05-05 13:40:00,RARE
105.14,105.66,105.14,105.66,347,2021-05-05 13:45:00,RARE
104.51,106.22,104.51,105.62,3965,2021-05-05 13:50:00,RARE
106.04,106.89,105.33,106.05,2485,2021-05-05 13:55:00,RARE
106.23,106.99,106.23,106.5906,896,2021-05-05 14:00:00,RARE
105.92,106.84,105.92,106.84,804,2021-05-05 14:05:00,RARE
107.76,109.1199,107.19,108.4507,1834,2021-05-05 14:10:00,RARE
109.12,109.7,108.6,109.0,5702,2021-05-05 14:15:00,RARE
109.3275,109.5,107.2001,107.2001,4704,2021-05-05 14:20:00,RARE
107.505,107.76,107.44,107.68,600,2021-05-05 14:25:00,RARE
108.39,108.47,107.34,107.34,500,2021-05-05 14:30:00,RARE
107.25,107.82,106.765,107.82,1900,2021-05-05 14:35:00,RARE
107.83,108.98,107.5,108.46,2751,2021-05-05 14:40:00,RARE
108.8,108.93,108.8,108.93,300,2021-05-05 14:45:00,RARE
108.68,109.5,108.59,108.64,3359,2021-05-05 14:50:00,RARE
108.77,108.8,108.07,108.07,16775,2021-05-05 14:55:00,RARE
107.88,108.1495,107.87,108.11,1335,2021-05-05 15:00:00,RARE
108.38,108.46,108.38,108.46,300,2021-05-05 15:05:00,RARE
108.39,108.39,108.135,108.135,200,2021-05-05 15:10:00,RARE
107.83,108.4,107.81,108.05,1200,2021-05-05 15:15:00,RARE
107.93,108.56,107.93,108.432,900,2021-05-05 15:20:00,RARE
108.53,108.6,108.365,108.45,500,2021-05-05 15:25:00,RARE
108.33,108.58,108.32,108.58,700,2021-05-05 15:30:00,RARE
108.36,108.49,108.08,108.14,1500,2021-05-05 15:35:00,RARE
108.05,108.47,107.93,108.135,1100,2021-05-05 15:40:00,RARE
108.145,108.145,108.08,108.08,200,2021-05-05 15:45:00,RARE
108.24,108.24,107.39,107.39,1454,2021-05-05 15:50:00,RARE
107.34,107.38,107.145,107.38,1598,2021-05-05 15:55:00,RARE
107.76,107.89,107.43,107.645,1300,2021-05-05 16:00:00,RARE
107.85,107.85,107.56,107.56,400,2021-05-05 16:05:00,RARE
107.54,107.62,107.04,107.04,500,2021-05-05 16:10:00,RARE
106.755,107.06,106.64,107.06,956,2021-05-05 16:15:00,RARE
106.74,106.98,106.41,106.98,490,2021-05-05 16:20:00,RARE
106.58,106.65,106.54,106.65,830,2021-05-05 16:25:00,RARE
106.45,106.66,106.055,106.14,1003,2021-05-05 16:30:00,RARE
106.26,106.26,105.545,105.545,400,2021-05-05 16:35:00,RARE
105.94,105.94,105.55,105.55,1606,2021-05-05 16:40:00,RARE
105.805,106.17,105.805,106.17,408,2021-05-05 16:45:00,RARE
106.32,106.56,106.125,106.125,1107,2021-05-05 16:50:00,RARE
106.19,106.19,105.53,105.53,1000,2021-05-05 16:55:00,RARE
105.815,106.18,105.71,105.8,10900,2021-05-05 17:00:00,RARE
106.23,106.29,106.0,106.2175,1013,2021-05-05 17:05:00,RARE
106.31,106.495,106.31,106.405,2200,2021-05-05 17:10:00,RARE
106.65,106.65,106.51,106.51,700,2021-05-05 17:15:00,RARE
106.75,107.18,106.75,107.18,800,2021-05-05 17:20:00,RARE
107.56,107.86,107.46,107.73,1100,2021-05-05 17:25:00,RARE
107.66,107.83,107.525,107.6,900,2021-05-05 17:30:00,RARE
107.77,108.2,107.77,108.16,1112,2021-05-05 17:35:00,RARE
108.3,108.34,108.04,108.17,2359,2021-05-05 17:40:00,RARE
108.3699,108.3699,107.64,107.64,2918,2021-05-05 17:45:00,RARE
107.65,108.15,107.45,108.085,4668,2021-05-05 17:50:00,RARE
107.85,108.22,107.775,107.775,1200,2021-05-05 17:55:00,RARE
107.575,107.91,107.53,107.91,2209,2021-05-05 18:00:00,RARE
107.5038,107.56,107.17,107.37,1791,2021-05-05 18:05:00,RARE
107.45,107.45,106.235,106.64,10037,2021-05-05 18:10:00,RARE
107.16,107.22,107.05,107.19,700,2021-05-05 18:15:00,RARE
107.24,107.55,107.2,107.55,1057,2021-05-05 18:20:00,RARE
107.33,107.72,107.33,107.67,5420,2021-05-05 18:25:00,RARE
107.89,108.2,107.85,108.2,810,2021-05-05 18:30:00,RARE
108.17,108.36,107.67,107.93,1920,2021-05-05 18:35:00,RARE
108.01,108.01,107.45,107.77,2000,2021-05-05 18:40:00,RARE
108.03,108.15,107.86,108.15,400,2021-05-05 18:45:00,RARE
107.84,107.93,107.375,107.63,1795,2021-05-05 18:50:00,RARE
107.53,107.61,106.5,106.5,750,2021-05-05 18:55:00,RARE
106.96,107.24,106.24,106.42,1500,2021-05-05 19:00:00,RARE
106.48,106.71,105.365,105.725,2500,2021-05-05 19:05:00,RARE
105.49,105.615,104.96,105.42,3918,2021-05-05 19:10:00,RARE
105.42,105.6,104.6,105.03,4000,2021-05-05 19:15:00,RARE
105.21,105.21,104.225,104.81,1070,2021-05-05 19:20:00,RARE
104.69,105.48,104.48,105.31,1800,2021-05-05 19:25:00,RARE
105.58,105.835,105.33,105.47,1500,2021-05-05 19:30:00,RARE
105.41,106.15,105.41,105.81,4011,2021-05-05 19:35:00,RARE
105.76,106.51,105.295,106.18,3500,2021-05-05 19:40:00,RARE
106.0,106.73,105.46,106.295,9951,2021-05-05 19:45:00,RARE
106.11,106.82,105.74,106.82,9711,2021-05-05 19:50:00,RARE
107.2,107.2,106.04,106.22,19226,2021-05-05 19:55:00,RARE
106.01,106.01,106.01,106.01,55727,2021-05-05 20:00:00,RARE
107.02,107.1,107.02,107.1,333,2021-05-05 20:05:00,RARE
108.01,108.05,108.01,108.05,262,2021-05-05 20:15:00,RARE
108.06,108.07,108.06,108.07,400,2021-05-05 20:20:00,RARE
108.09,108.09,108.07,108.07,500,2021-05-05 20:30:00,RARE
110.0001,114.07,110.0001,114.07,200,2021-05-06 13:25:00,RARE
115.43,119.54,114.88,119.54,46096,2021-05-06 13:30:00,RARE
118.96,118.96,114.61,116.345,11151,2021-05-06 13:35:00,RARE
116.15,116.33,112.9523,113.345,8609,2021-05-06 13:40:00,RARE
113.34,113.61,112.12,113.01,5804,2021-05-06 13:45:00,RARE
112.93,113.38,112.15,112.495,10801,2021-05-06 13:50:00,RARE
113.21,113.34,111.79,112.47,3790,2021-05-06 13:55:00,RARE
112.4187,113.48,111.99,113.09,4898,2021-05-06 14:00:00,RARE
113.33,113.33,111.835,112.2,3205,2021-05-06 14:05:00,RARE
112.35,112.92,111.975,112.56,4466,2021-05-06 14:10:00,RARE
112.23,112.45,111.38,111.645,3424,2021-05-06 14:15:00,RARE
111.9,112.16,111.03,111.4854,3400,2021-05-06 14:20:00,RARE
112.3,112.3,111.39,111.74,1725,2021-05-06 14:25:00,RARE
111.74,111.74,110.86,111.14,2588,2021-05-06 14:30:00,RARE
111.26,112.02,111.26,112.0,4119,2021-05-06 14:35:00,RARE
112.15,112.15,111.5,111.75,4996,2021-05-06 14:40:00,RARE
111.95,112.09,111.66,111.93,9094,2021-05-06 14:45:00,RARE
111.93,112.54,111.77,112.165,2496,2021-05-06 14:50:00,RARE
112.54,112.63,111.85,112.21,4000,2021-05-06 14:55:00,RARE
112.21,112.36,111.81,112.24,4908,2021-05-06 15:00:00,RARE
112.12,112.205,111.57,112.035,5600,2021-05-06 15:05:00,RARE
112.24,112.45,111.9,112.23,2500,2021-05-06 15:10:00,RARE
112.24,112.7,112.07,112.53,5508,2021-05-06 15:15:00,RARE
112.7,113.51,112.7,113.3271,2284,2021-05-06 15:20:00,RARE
113.65,113.67,113.26,113.46,3110,2021-05-06 15:25:00,RARE
113.54,113.6,113.17,113.41,4620,2021-05-06 15:30:00,RARE
113.26,113.74,113.26,113.72,3877,2021-05-06 15:35:00,RARE
113.56,113.89,113.46,113.525,1500,2021-05-06 15:40:00,RARE
113.53,113.75,113.14,113.44,6445,2021-05-06 15:45:00,RARE
113.41,113.93,113.41,113.705,4103,2021-05-06 15:50:00,RARE
113.71,113.88,113.16,113.16,5419,2021-05-06 15:55:00,RARE
113.01,113.19,112.69,113.0,3300,2021-05-06 16:00:00,RARE
112.78,112.78,111.6012,111.9,4043,2021-05-06 16:05:00,RARE
111.92,112.55,111.8,112.495,10933,2021-05-06 16:10:00,RARE
112.41,113.79,112.3,113.61,24297,2021-05-06 16:15:00,RARE
113.47,113.91,113.28,113.52,27712,2021-05-06 16:20:00,RARE
113.51,113.86,113.5,113.52,5053,2021-05-06 16:25:00,RARE
113.5,113.52,113.2556,113.29,6028,2021-05-06 16:30:00,RARE
113.18,113.55,113.02,113.12,16590,2021-05-06 16:35:00,RARE
112.95,112.95,112.26,112.725,5211,2021-05-06 16:40:00,RARE
112.67,113.27,112.66,113.26,7945,2021-05-06 16:45:00,RARE
113.23,113.45,112.88,113.32,17291,2021-05-06 16:50:00,RARE
113.37,113.68,113.12,113.38,5824,2021-05-06 16:55:00,RARE
113.34,114.16,113.34,113.74,11630,2021-05-06 17:00:00,RARE
113.73,114.05,113.53,113.5699,13436,2021-05-06 17:05:00,RARE
113.52,113.5994,113.22,113.36,3344,2021-05-06 17:10:00,RARE
113.44,113.61,113.13,113.13,7558,2021-05-06 17:15:00,RARE
113.0,113.2794,112.88,112.91,1823,2021-05-06 17:20:00,RARE
113.0,113.305,113.0,113.2,800,2021-05-06 17:25:00,RARE
113.08,113.32,113.08,113.32,400,2021-05-06 17:30:00,RARE
113.205,113.42,113.205,113.355,1000,2021-05-06 17:35:00,RARE
113.2846,113.36,113.12,113.36,1918,2021-05-06 17:40:00,RARE
113.13,113.29,113.02,113.28,3036,2021-05-06 17:45:00,RARE
113.25,113.25,112.43,112.43,5798,2021-05-06 17:50:00,RARE
112.5,112.79,111.77,111.77,1893,2021-05-06 17:55:00,RARE
111.88,112.3,111.88,112.1,2100,2021-05-06 18:00:00,RARE
112.04,112.32,112.04,112.32,1400,2021-05-06 18:05:00,RARE
112.4,112.71,112.28,112.7,3665,2021-05-06 18:10:00,RARE
112.72,113.16,112.56,113.09,16943,2021-05-06 18:15:00,RARE
113.08,113.16,112.8352,113.05,7069,2021-05-06 18:20:00,RARE
113.14,113.2,112.7,112.85,8900,2021-05-06 18:25:00,RARE
112.76,113.08,112.5,112.885,23344,2021-05-06 18:30:00,RARE
112.79,112.79,112.31,112.55,27830,2021-05-06 18:35:00,RARE
112.6,112.87,112.6,112.68,2001,2021-05-06 18:40:00,RARE
112.94,112.98,112.79,112.8,1911,2021-05-06 18:45:00,RARE
112.8,113.12,112.79,113.09,2600,2021-05-06 18:50:00,RARE
113.05,113.23,112.9,113.16,9327,2021-05-06 18:55:00,RARE
113.1,113.12,112.91,113.105,2950,2021-05-06 19:00:00,RARE
113.1,113.41,112.995,113.41,2300,2021-05-06 19:05:00,RARE
113.53,114.11,113.45,114.11,2945,2021-05-06 19:10:00,RARE
113.96,114.15,113.63,113.63,3035,2021-05-06 19:15:00,RARE
113.655,113.96,113.655,113.69,3262,2021-05-06 19:20:00,RARE
113.73,114.51,113.73,114.35,3517,2021-05-06 19:25:00,RARE
114.35,114.65,114.35,114.5,9368,2021-05-06 19:30:00,RARE
114.53,115.33,114.515,115.03,6111,2021-05-06 19:35:00,RARE
115.085,115.45,114.87,115.25,12298,2021-05-06 19:40:00,RARE
115.25,116.18,115.25,116.18,7764,2021-05-06 19:45:00,RARE
116.0,116.1,115.16,115.27,23177,2021-05-06 19:50:00,RARE
115.35,115.86,115.065,115.72,34585,2021-05-06 19:55:00,RARE
115.71,115.71,115.71,115.71,60962,2021-05-06 20:00:00,RARE
113.86,113.86,113.86,113.86,1100,2021-05-07 13:25:00,RARE
113.98,116.78,113.42,116.78,23405,2021-05-07 13:30:00,RARE
115.63,117.5,115.63,117.35,800,2021-05-07 13:35:00,RARE
116.64,116.99,115.76,116.07,2531,2021-05-07 13:40:00,RARE
115.74,115.74,114.17,114.17,310,2021-05-07 13:45:00,RARE
114.19,114.19,114.035,114.035,300,2021-05-07 13:50:00,RARE
113.58,114.82,113.4,114.74,9694,2021-05-07 13:55:00,RARE
114.22,114.22,113.97,113.97,400,2021-05-07 14:00:00,RARE
113.9,114.04,112.92,112.92,2272,2021-05-07 14:05:00,RARE
113.035,114.53,113.035,114.53,5206,2021-05-07 14:10:00,RARE
114.64,115.39,114.64,115.16,2256,2021-05-07 14:15:00,RARE
114.91,115.35,114.31,114.31,8464,2021-05-07 14:20:00,RARE
114.01,114.03,113.34,113.34,1227,2021-05-07 14:25:00,RARE
112.93,113.42,112.85,112.94,2843,2021-05-07 14:30:00,RARE
112.94,113.52,112.94,113.52,2274,2021-05-07 14:35:00,RARE
113.52,113.74,113.52,113.69,1900,2021-05-07 14:40:00,RARE
113.55,113.63,113.2,113.2,3725,2021-05-07 14:45:00,RARE
113.18,113.72,113.17,113.18,2102,2021-05-07 14:50:00,RARE
113.34,113.35,113.11,113.26,1600,2021-05-07 14:55:00,RARE
113.19,113.2075,112.93,113.09,2101,2021-05-07 15:00:00,RARE
112.83,113.225,112.83,113.17,1100,2021-05-07 15:05:00,RARE
113.1,113.2,112.5,112.5,2303,2021-05-07 15:10:00,RARE
112.53,112.95,112.44,112.775,1900,2021-05-07 15:15:00,RARE
112.59,112.69,112.32,112.32,1300,2021-05-07 15:20:00,RARE
112.18,112.38,112.045,112.38,900,2021-05-07 15:25:00,RARE
112.32,113.42,112.32,113.35,5065,2021-05-07 15:30:00,RARE
113.43,113.43,112.83,113.055,3500,2021-05-07 15:35:00,RARE
113.18,113.5,113.17,113.5,1100,2021-05-07 15:40:00,RARE
113.7,113.87,113.7,113.87,267,2021-05-07 15:45:00,RARE
113.54,113.54,113.25,113.53,1300,2021-05-07 15:50:00,RARE
113.41,113.94,113.41,113.9176,5919,2021-05-07 15:55:00,RARE
113.64,113.745,113.04,113.23,4602,2021-05-07 16:00:00,RARE
113.25,113.56,113.23,113.52,1800,2021-05-07 16:05:00,RARE
113.55,113.55,113.34,113.42,500,2021-05-07 16:10:00,RARE
113.43,113.47,113.43,113.44,945,2021-05-07 16:15:00,RARE
113.34,113.48,113.23,113.48,1800,2021-05-07 16:20:00,RARE
113.51,113.52,113.06,113.135,1700,2021-05-07 16:25:00,RARE
113.16,113.49,113.16,113.36,900,2021-05-07 16:30:00,RARE
113.54,113.55,113.22,113.22,2399,2021-05-07 16:35:00,RARE
113.22,113.51,113.08,113.22,18103,2021-05-07 16:40:00,RARE
113.43,113.72,113.4,113.72,2881,2021-05-07 16:45:00,RARE
113.71,113.8,113.45,113.49,2900,2021-05-07 16:50:00,RARE
113.51,113.62,113.478,113.57,800,2021-05-07 16:55:00,RARE
113.48,113.48,113.22,113.24,1558,2021-05-07 17:00:00,RARE
113.23,113.45,113.12,113.16,8414,2021-05-07 17:05:00,RARE
113.29,113.43,112.94,113.2,7669,2021-05-07 17:10:00,RARE
113.41,113.43,112.956,113.13,21970,2021-05-07 17:15:00,RARE
113.06,113.62,113.01,113.45,2138,2021-05-07 17:20:00,RARE
113.44,113.555,113.12,113.195,6213,2021-05-07 17:25:00,RARE
113.2,113.75,113.2,113.75,3500,2021-05-07 17:30:00,RARE
113.475,113.48,113.21,113.285,2177,2021-05-07 17:35:00,RARE
113.32,113.75,113.29,113.75,3789,2021-05-07 17:40:00,RARE
113.57,113.78,113.5,113.5,2300,2021-05-07 17:45:00,RARE
113.43,113.62,113.31,113.535,2000,2021-05-07 17:50:00,RARE
113.61,113.63,113.42,113.53,800,2021-05-07 17:55:00,RARE
113.5,113.5,113.145,113.32,3946,2021-05-07 18:00:00,RARE
113.4,113.4,113.09,113.335,5377,2021-05-07 18:05:00,RARE
113.26,113.5096,113.05,113.32,7929,2021-05-07 18:10:00,RARE
113.3,113.35,113.135,113.25,3400,2021-05-07 18:15:00,RARE
113.24,113.4,113.15,113.29,26314,2021-05-07 18:20:00,RARE
113.37,113.63,113.35,113.5,3700,2021-05-07 18:25:00,RARE
113.5,113.51,113.41,113.42,6425,2021-05-07 18:30:00,RARE
113.44,113.55,113.27,113.5,14897,2021-05-07 18:35:00,RARE
113.38,113.49,113.14,113.235,3442,2021-05-07 18:40:00,RARE
113.23,113.7,113.19,113.7,8497,2021-05-07 18:45:00,RARE
113.8,113.85,113.745,113.745,800,2021-05-07 18:50:00,RARE
113.83,113.89,113.83,113.89,400,2021-05-07 18:55:00,RARE
113.79,113.98,113.66,113.88,4734,2021-05-07 19:00:00,RARE
113.88,114.17,113.82,113.82,1700,2021-05-07 19:05:00,RARE
113.93,114.0,113.92,113.925,613,2021-05-07 19:10:00,RARE
113.89,113.94,113.75,113.88,5531,2021-05-07 19:15:00,RARE
113.96,114.05,113.75,113.95,2469,2021-05-07 19:20:00,RARE
113.96,114.04,113.83,113.85,1610,2021-05-07 19:25:00,RARE
113.91,113.98,113.75,113.845,4081,2021-05-07 19:30:00,RARE
113.835,113.98,113.81,113.93,19781,2021-05-07 19:35:00,RARE
113.95,114.05,113.83,113.901,5082,2021-05-07 19:40:00,RARE
113.8977,114.09,113.85,113.96,6107,2021-05-07 19:45:00,RARE
113.96,114.11,113.81,113.91,26276,2021-05-07 19:50:00,RARE
113.86,114.67,113.86,114.59,51078,2021-05-07 19:55:00,RARE
114.53,114.53,114.53,114.53,45276,2021-05-07 20:00:00,RARE
113.08,113.08,113.08,113.08,200,2021-05-07 20:30:00,RARE
112.33,112.42,110.815,110.815,5264,2021-05-10 13:30:00,RARE
111.4,111.4,110.58,110.755,1563,2021-05-10 13:35:00,RARE
110.33,110.33,109.395,109.395,1000,2021-05-10 13:40:00,RARE
109.21,110.37,109.21,110.37,6365,2021-05-10 13:45:00,RARE
110.01,110.09,109.935,109.935,503,2021-05-10 13:50:00,RARE
109.9242,110.58,109.9242,110.58,2580,2021-05-10 13:55:00,RARE
110.6,110.6,109.93,109.935,1500,2021-05-10 14:00:00,RARE
110.01,110.19,109.51,109.97,2448,2021-05-10 14:05:00,RARE
110.06,110.61,110.06,110.61,1500,2021-05-10 14:10:00,RARE
111.03,111.13,110.475,110.74,2900,2021-05-10 14:15:00,RARE
110.62,110.795,109.44,109.83,9239,2021-05-10 14:20:00,RARE
109.78,109.99,109.47,109.725,1240,2021-05-10 14:25:00,RARE
109.72,109.72,109.25,109.42,1700,2021-05-10 14:30:00,RARE
108.82,109.3,108.82,109.3,11240,2021-05-10 14:35:00,RARE
109.2049,109.38,108.79,109.38,9653,2021-05-10 14:40:00,RARE
109.185,109.185,108.32,108.32,14297,2021-05-10 14:45:00,RARE
108.07,109.2637,108.07,109.2637,9851,2021-05-10 14:50:00,RARE
109.185,109.2,109.08,109.12,400,2021-05-10 14:55:00,RARE
109.4,109.42,108.52,108.52,709,2021-05-10 15:00:00,RARE
108.65,109.06,108.65,109.06,3100,2021-05-10 15:05:00,RARE
109.08,109.12,108.82,108.82,700,2021-05-10 15:10:00,RARE
108.7,109.07,108.54,108.98,12548,2021-05-10 15:15:00,RARE
108.9,109.05,108.851,109.05,700,2021-05-10 15:20:00,RARE
109.13,109.14,108.99,109.0,400,2021-05-10 15:25:00,RARE
109.26,109.29,108.91,109.22,15133,2021-05-10 15:30:00,RARE
108.87,108.89,108.56,108.655,2400,2021-05-10 15:35:00,RARE
108.6,108.87,108.6,108.85,2636,2021-05-10 15:40:00,RARE
108.99,109.5,108.99,109.5,643,2021-05-10 15:45:00,RARE
109.51,109.66,109.43,109.565,1042,2021-05-10 15:50:00,RARE
109.65,109.84,109.56,109.67,1734,2021-05-10 15:55:00,RARE
109.5875,109.68,109.42,109.42,700,2021-05-10 16:00:00,RARE
109.53,109.84,109.52,109.84,2700,2021-05-10 16:05:00,RARE
109.86,109.91,109.8,109.91,300,2021-05-10 16:10:00,RARE
109.87,109.9025,109.665,109.68,3353,2021-05-10 16:15:00,RARE
109.6,109.96,109.6,109.88,10073,2021-05-10 16:20:00,RARE
109.99,109.99,109.2007,109.43,9012,2021-05-10 16:25:00,RARE
109.53,109.89,109.26,109.58,12246,2021-05-10 16:30:00,RARE
109.42,109.695,109.34,109.63,6774,2021-05-10 16:35:00,RARE
109.46,109.73,109.43,109.44,7842,2021-05-10 16:40:00,RARE
109.56,109.61,109.44,109.44,3543,2021-05-10 16:45:00,RARE
109.37,109.8,109.37,109.72,3722,2021-05-10 16:50:00,RARE
109.58,109.69,109.415,109.525,5494,2021-05-10 16:55:00,RARE
109.52,109.715,109.51,109.585,6298,2021-05-10 17:00:00,RARE
109.555,109.79,109.45,109.655,10075,2021-05-10 17:05:00,RARE
109.64,110.15,109.64,110.15,1300,2021-05-10 17:10:00,RARE
110.25,110.27,110.12,110.24,910,2021-05-10 17:15:00,RARE
110.215,110.51,110.215,110.51,600,2021-05-10 17:20:00,RARE
110.455,110.455,110.455,110.455,100,2021-05-10 17:25:00,RARE
110.51,110.51,110.175,110.175,1400,2021-05-10 17:30:00,RARE
110.175,110.37,109.99,110.18,2491,2021-05-10 17:35:00,RARE
110.36,110.36,110.34,110.34,261,2021-05-10 17:40:00,RARE
110.306,110.41,110.05,110.185,4400,2021-05-10 17:45:00,RARE
110.17,110.385,110.11,110.385,5052,2021-05-10 17:50:00,RARE
110.385,110.89,110.385,110.82,2322,2021-05-10 17:55:00,RARE
110.59,110.598,110.27,110.396,11531,2021-05-10 18:00:00,RARE
110.38,110.545,110.38,110.54,4587,2021-05-10 18:05:00,RARE
110.41,110.51,110.27,110.355,4444,2021-05-10 18:10:00,RARE
110.35,110.35,109.23,109.815,6947,2021-05-10 18:15:00,RARE
109.74,109.815,109.27,109.6,5742,2021-05-10 18:20:00,RARE
109.74,110.05,109.38,109.47,22573,2021-05-10 18:25:00,RARE
109.29,109.83,109.05,109.745,15874,2021-05-10 18:30:00,RARE
109.735,109.74,109.26,109.58,6498,2021-05-10 18:35:00,RARE
109.49,109.65,109.42,109.54,8520,2021-05-10 18:40:00,RARE
109.57,109.77,109.47,109.47,2929,2021-05-10 18:45:00,RARE
109.37,109.695,109.25,109.46,13829,2021-05-10 18:50:00,RARE
109.37,109.5,109.005,109.5,10465,2021-05-10 18:55:00,RARE
109.55,110.33,109.54,110.16,4332,2021-05-10 19:00:00,RARE
110.365,110.365,109.83,110.0,2073,2021-05-10 19:05:00,RARE
110.19,110.19,109.38,109.38,1001,2021-05-10 19:10:00,RARE
109.61,110.0,109.61,109.81,3536,2021-05-10 19:15:00,RARE
109.815,109.88,109.54,109.8,3038,2021-05-10 19:20:00,RARE
109.68,109.92,109.63,109.86,4336,2021-05-10 19:25:00,RARE
109.76,109.98,109.59,109.939,6354,2021-05-10 19:30:00,RARE
109.71,109.71,109.14,109.505,7660,2021-05-10 19:35:00,RARE
109.46,109.759,109.45,109.58,16791,2021-05-10 19:40:00,RARE
109.645,109.87,109.515,109.66,11707,2021-05-10 19:45:00,RARE
109.56,109.64,109.175,109.175,38716,2021-05-10 19:50:00,RARE
109.17,109.33,108.74,109.33,67600,2021-05-10 19:55:00,RARE
109.25,109.25,109.25,109.25,64236,2021-05-10 20:00:00,RARE
109.25,109.25,109.25,109.25,16909,2021-05-10 21:25:00,RARE
104.74,104.74,104.74,104.74,100,2021-05-11 13:25:00,RARE
104.56,108.615,103.15,106.58,13958,2021-05-11 13:30:00,RARE
106.665,107.24,106.09,107.17,3207,2021-05-11 13:35:00,RARE
107.22,108.37,106.54,107.84,10433,2021-05-11 13:40:00,RARE
107.915,108.93,107.16,107.16,8931,2021-05-11 13:45:00,RARE
107.255,107.84,106.81,107.67,1997,2021-05-11 13:50:00,RARE
107.37,108.84,107.04,108.7425,6400,2021-05-11 13:55:00,RARE
108.875,109.29,107.94,108.22,18130,2021-05-11 14:00:00,RARE
107.8,107.955,106.309,106.59,3100,2021-05-11 14:05:00,RARE
106.49,106.8,105.69,106.39,14572,2021-05-11 14:10:00,RARE
106.41,107.02,105.24,107.02,7825,2021-05-11 14:15:00,RARE
107.09,107.35,106.3801,106.6,8365,2021-05-11 14:20:00,RARE
106.9,106.9,105.49,105.685,7613,2021-05-11 14:25:00,RARE
105.89,106.89,105.48,106.41,19267,2021-05-11 14:30:00,RARE
106.34,106.55,105.69,105.7,3870,2021-05-11 14:35:00,RARE
105.99,106.905,105.99,106.65,3842,2021-05-11 14:40:00,RARE
106.49,107.33,105.98,107.075,7174,2021-05-11 14:45:00,RARE
107.12,107.12,106.6,106.75,9418,2021-05-11 14:50:00,RARE
107.0,107.35,106.59,106.59,2100,2021-05-11 14:55:00,RARE
106.66,106.9063,106.59,106.84,1978,2021-05-11 15:00:00,RARE
106.705,107.58,106.705,107.47,6697,2021-05-11 15:05:00,RARE
107.245,108.0,107.245,107.945,26418,2021-05-11 15:10:00,RARE
108.16,109.14,108.16,109.14,2193,2021-05-11 15:15:00,RARE
109.03,109.14,108.43,108.43,3595,2021-05-11 15:20:00,RARE
108.715,109.51,108.71,109.265,3300,2021-05-11 15:25:00,RARE
109.41,109.41,109.05,109.19,1082,2021-05-11 15:30:00,RARE
109.085,109.76,109.085,109.555,3252,2021-05-11 15:35:00,RARE
109.535,109.76,109.15,109.57,1900,2021-05-11 15:40:00,RARE
109.57,109.708,109.555,109.555,1396,2021-05-11 15:45:00,RARE
109.62,110.4,109.62,110.4,2955,2021-05-11 15:50:00,RARE
110.47,110.72,110.05,110.17,1600,2021-05-11 15:55:00,RARE
110.105,110.43,110.035,110.215,5495,2021-05-11 16:00:00,RARE
110.2,110.35,110.07,110.07,600,2021-05-11 16:05:00,RARE
110.07,110.26,109.94,110.26,2433,2021-05-11 16:10:00,RARE
110.26,110.47,110.04,110.15,1400,2021-05-11 16:15:00,RARE
110.17,110.32,110.01,110.18,1500,2021-05-11 16:20:00,RARE
110.25,110.38,109.89,109.94,3879,2021-05-11 16:25:00,RARE
109.96,110.06,109.47,109.855,18676,2021-05-11 16:30:00,RARE
109.855,110.185,109.855,110.135,4021,2021-05-11 16:35:00,RARE
110.085,110.6,109.88,109.88,13361,2021-05-11 16:40:00,RARE
109.935,109.96,109.19,109.2,2562,2021-05-11 16:45:00,RARE
109.25,109.25,108.74,108.74,900,2021-05-11 16:50:00,RARE
108.89,109.54,108.89,109.54,5156,2021-05-11 16:55:00,RARE
109.59,110.14,109.48,110.1,5348,2021-05-11 17:00:00,RARE
109.9,110.175,109.9,109.9234,3090,2021-05-11 17:05:00,RARE
109.95,109.95,109.7,109.89,1100,2021-05-11 17:10:00,RARE
109.73,110.3,109.73,110.3,4010,2021-05-11 17:15:00,RARE
110.43,110.44,110.17,110.17,900,2021-05-11 17:20:00,RARE
110.425,110.425,110.22,110.22,400,2021-05-11 17:25:00,RARE
110.46,110.55,110.265,110.55,6217,2021-05-11 17:30:00,RARE
110.565,110.565,110.17,110.32,1764,2021-05-11 17:35:00,RARE
110.125,110.155,109.975,109.975,1190,2021-05-11 17:40:00,RARE
109.91,110.0916,109.91,109.91,1408,2021-05-11 17:45:00,RARE
109.81,109.855,108.88,108.88,3530,2021-05-11 17:50:00,RARE
108.7,109.17,108.7,109.005,2300,2021-05-11 17:55:00,RARE
109.17,109.67,109.15,109.46,6593,2021-05-11 18:00:00,RARE
109.59,109.62,109.0,109.11,2000,2021-05-11 18:05:00,RARE
108.78,108.9855,108.55,108.8,14204,2021-05-11 18:10:00,RARE
108.89,109.32,108.89,109.32,561,2021-05-11 18:15:00,RARE
109.46,109.75,109.42,109.69,5794,2021-05-11 18:20:00,RARE
109.69,110.43,109.56,110.43,1500,2021-05-11 18:25:00,RARE
110.1,110.1,109.45,109.62,800,2021-05-11 18:30:00,RARE
109.46,109.48,109.13,109.13,1067,2021-05-11 18:35:00,RARE
109.27,109.45,108.92,108.92,3436,2021-05-11 18:40:00,RARE
108.81,109.65,108.81,109.41,4506,2021-05-11 18:45:00,RARE
109.19,109.375,108.99,109.21,2396,2021-05-11 18:50:00,RARE
109.31,109.55,108.86,108.97,1200,2021-05-11 18:55:00,RARE
108.98,109.12,108.84,109.0,1400,2021-05-11 19:00:00,RARE
108.89,108.94,108.65,108.72,1700,2021-05-11 19:05:00,RARE
108.52,109.11,108.44,109.11,9806,2021-05-11 19:10:00,RARE
109.225,109.99,109.225,109.99,1400,2021-05-11 19:15:00,RARE
109.47,109.86,109.47,109.77,1700,2021-05-11 19:20:00,RARE
109.61,109.61,109.375,109.45,1200,2021-05-11 19:25:00,RARE
109.455,109.455,108.815,108.815,6100,2021-05-11 19:30:00,RARE
108.775,108.9,108.61,108.65,3583,2021-05-11 19:35:00,RARE
108.7,108.82,108.57,108.63,5064,2021-05-11 19:40:00,RARE
108.75,108.87,108.27,108.545,7816,2021-05-11 19:45:00,RARE
108.5,108.5,108.17,108.355,22369,2021-05-11 19:50:00,RARE
108.355,108.64,108.17,108.57,44503,2021-05-11 19:55:00,RARE
108.48,108.48,108.48,108.48,44153,2021-05-11 20:00:00,RARE
108.5378,108.5378,108.5378,108.5378,375,2021-05-12 12:55:00,RARE
106.22,106.22,106.22,106.22,6957,2021-05-12 13:30:00,RARE
108.52,108.89,108.08,108.08,700,2021-05-12 13:35:00,RARE
108.46,108.46,107.88,107.88,200,2021-05-12 13:40:00,RARE
107.8,108.97,107.8,108.97,800,2021-05-12 13:45:00,RARE
108.57,108.655,108.075,108.075,680,2021-05-12 13:50:00,RARE
106.7,106.71,106.7,106.7,700,2021-05-12 13:55:00,RARE
105.97,106.71,105.91,106.71,500,2021-05-12 14:00:00,RARE
106.24,107.52,106.24,107.52,3594,2021-05-12 14:05:00,RARE
107.06,107.53,106.66,107.45,2227,2021-05-12 14:10:00,RARE
107.32,107.56,107.05,107.56,1212,2021-05-12 14:15:00,RARE
107.55,107.68,107.14,107.22,1200,2021-05-12 14:20:00,RARE
107.34,107.64,107.02,107.24,2400,2021-05-12 14:25:00,RARE
107.13,107.13,106.54,106.54,553,2021-05-12 14:30:00,RARE
106.145,106.37,105.69,105.96,2519,2021-05-12 14:35:00,RARE
106.03,106.22,105.66,105.84,4610,2021-05-12 14:40:00,RARE
105.84,105.98,105.675,105.675,2000,2021-05-12 14:45:00,RARE
105.74,105.86,104.99,105.24,1300,2021-05-12 14:50:00,RARE
105.32,105.58,104.991,105.58,6532,2021-05-12 14:55:00,RARE
105.58,105.98,105.58,105.98,800,2021-05-12 15:00:00,RARE
106.05,106.43,106.05,106.295,3858,2021-05-12 15:05:00,RARE
106.3,106.51,106.15,106.41,3541,2021-05-12 15:10:00,RARE
106.51,106.51,106.14,106.35,1592,2021-05-12 15:15:00,RARE
106.17,106.17,105.745,105.95,900,2021-05-12 15:20:00,RARE
105.76,105.76,105.27,105.405,700,2021-05-12 15:25:00,RARE
105.5,105.5,104.7,104.725,4042,2021-05-12 15:30:00,RARE
104.86,105.81,104.69,105.81,6940,2021-05-12 15:35:00,RARE
105.66,106.05,105.0543,106.05,7210,2021-05-12 15:40:00,RARE
105.78,106.39,105.78,106.335,700,2021-05-12 15:45:00,RARE
106.24,106.27,106.14,106.14,500,2021-05-12 15:50:00,RARE
106.18,106.38,105.93,105.96,2132,2021-05-12 15:55:00,RARE
106.05,106.09,105.75,106.09,1300,2021-05-12 16:00:00,RARE
106.19,106.36,106.15,106.36,500,2021-05-12 16:05:00,RARE
106.35,106.35,105.6,105.6,600,2021-05-12 16:10:00,RARE
105.42,105.51,105.02,105.29,2222,2021-05-12 16:15:00,RARE
105.4,105.79,105.34,105.735,2809,2021-05-12 16:20:00,RARE
105.84,106.03,105.84,106.03,900,2021-05-12 16:25:00,RARE
105.85,105.92,105.685,105.845,700,2021-05-12 16:30:00,RARE
105.88,105.88,105.42,105.42,1080,2021-05-12 16:35:00,RARE
105.5,105.99,105.5,105.99,2402,2021-05-12 16:40:00,RARE
105.84,106.54,105.84,106.33,1000,2021-05-12 16:45:00,RARE
106.48,106.48,106.48,106.48,100,2021-05-12 16:50:00,RARE
106.42,106.42,106.05,106.35,509,2021-05-12 16:55:00,RARE
106.36,107.1,106.36,107.1,2105,2021-05-12 17:00:00,RARE
107.19,107.32,107.09,107.185,900,2021-05-12 17:05:00,RARE
107.2,107.5,107.2,107.38,1500,2021-05-12 17:10:00,RARE
107.23,107.58,107.23,107.3,7300,2021-05-12 17:15:00,RARE
107.32,107.32,107.15,107.15,500,2021-05-12 17:20:00,RARE
107.29,107.39,107.24,107.24,1051,2021-05-12 17:25:00,RARE
107.2,107.2,106.7,106.855,2100,2021-05-12 17:30:00,RARE
106.57,107.01,106.57,106.99,726,2021-05-12 17:35:00,RARE
107.0,107.12,107.0,107.06,600,2021-05-12 17:40:00,RARE
107.02,107.04,106.47,106.47,1603,2021-05-12 17:45:00,RARE
106.56,106.71,106.525,106.71,1516,2021-05-12 17:50:00,RARE
106.74,106.86,106.6,106.6,1150,2021-05-12 17:55:00,RARE
106.67,106.93,106.67,106.88,1910,2021-05-12 18:00:00,RARE
106.75,106.86,106.66,106.675,1100,2021-05-12 18:05:00,RARE
106.52,106.58,106.09,106.23,1500,2021-05-12 18:10:00,RARE
106.31,106.395,106.16,106.395,1800,2021-05-12 18:15:00,RARE
106.4,106.48,106.32,106.34,2000,2021-05-12 18:20:00,RARE
106.15,106.34,106.13,106.13,700,2021-05-12 18:25:00,RARE
106.19,106.35,105.72,106.35,2200,2021-05-12 18:30:00,RARE
106.03,106.24,106.02,106.13,1394,2021-05-12 18:35:00,RARE
106.16,106.29,106.11,106.29,1200,2021-05-12 18:40:00,RARE
106.15,106.5,106.15,106.5,1600,2021-05-12 18:45:00,RARE
106.61,106.61,106.09,106.09,1200,2021-05-12 18:50:00,RARE
106.245,106.805,106.095,106.425,12484,2021-05-12 18:55:00,RARE
106.25,106.32,105.7117,106.09,19622,2021-05-12 19:00:00,RARE
106.0,106.23,105.875,106.19,7560,2021-05-12 19:05:00,RARE
106.1,106.48,106.1,106.39,5882,2021-05-12 19:10:00,RARE
106.39,106.39,106.18,106.275,4100,2021-05-12 19:15:00,RARE
106.36,106.74,106.36,106.47,6000,2021-05-12 19:20:00,RARE
106.33,106.87,106.32,106.87,2898,2021-05-12 19:25:00,RARE
106.68,106.99,106.44,106.865,4585,2021-05-12 19:30:00,RARE
106.83,107.035,106.77,106.84,6085,2021-05-12 19:35:00,RARE
106.825,107.16,106.785,107.05,6200,2021-05-12 19:40:00,RARE
106.995,107.17,106.9,106.948,5423,2021-05-12 19:45:00,RARE
106.9,106.9,105.98,106.025,17641,2021-05-12 19:50:00,RARE
105.93,106.76,105.92,106.4,38245,2021-05-12 19:55:00,RARE
106.4,106.4,106.4,106.4,57534,2021-05-12 20:00:00,RARE
106.4,106.4,106.4,106.4,1633,2021-05-12 21:20:00,RARE
108.72,108.72,108.72,108.72,2490,2021-05-13 13:30:00,RARE
109.4446,109.4446,108.59,108.64,1122,2021-05-13 13:35:00,RARE
108.06,108.43,108.06,108.43,200,2021-05-13 13:40:00,RARE
107.67,107.685,106.22,106.22,1200,2021-05-13 13:45:00,RARE
106.75,107.91,106.64,107.91,1074,2021-05-13 13:50:00,RARE
106.96,108.47,106.96,108.09,2067,2021-05-13 13:55:00,RARE
107.86,108.23,107.86,108.23,1800,2021-05-13 14:00:00,RARE
109.105,109.55,108.91,108.91,900,2021-05-13 14:05:00,RARE
109.04,109.29,108.49,108.49,821,2021-05-13 14:10:00,RARE
108.83,108.83,108.27,108.78,1100,2021-05-13 14:15:00,RARE
108.815,109.0,108.32,109.0,600,2021-05-13 14:20:00,RARE
108.78,109.13,108.08,108.46,900,2021-05-13 14:25:00,RARE
108.39,108.67,108.28,108.54,700,2021-05-13 14:30:00,RARE
108.45,108.45,107.315,107.315,1884,2021-05-13 14:35:00,RARE
106.92,106.92,106.92,106.92,100,2021-05-13 14:40:00,RARE
106.38,107.61,106.375,107.61,1200,2021-05-13 14:45:00,RARE
107.58,107.79,107.21,107.56,909,2021-05-13 14:50:00,RARE
106.7488,106.8574,106.6,106.6,908,2021-05-13 14:55:00,RARE
106.65,106.66,106.215,106.41,2400,2021-05-13 15:00:00,RARE
105.69,106.02,105.36,106.02,1600,2021-05-13 15:05:00,RARE
105.74,105.8,105.34,105.34,1351,2021-05-13 15:10:00,RARE
105.54,105.73,105.54,105.575,703,2021-05-13 15:15:00,RARE
105.34,105.36,105.03,105.36,1224,2021-05-13 15:20:00,RARE
105.27,105.49,104.94,105.01,1200,2021-05-13 15:25:00,RARE
105.07,105.57,105.07,105.57,882,2021-05-13 15:30:00,RARE
105.47,105.47,105.47,105.47,100,2021-05-13 15:35:00,RARE
105.28,105.28,104.55,104.55,1200,2021-05-13 15:40:00,RARE
104.56,104.81,104.56,104.71,1648,2021-05-13 15:45:00,RARE
104.68,104.97,104.68,104.72,900,2021-05-13 15:50:00,RARE
104.93,105.1,104.82,104.82,1192,2021-05-13 15:55:00,RARE
104.82,105.27,104.76,104.76,500,2021-05-13 16:00:00,RARE
104.23,104.4,104.23,104.4,300,2021-05-13 16:05:00,RARE
104.5,104.82,104.5,104.82,700,2021-05-13 16:10:00,RARE
104.75,104.75,104.5,104.5,985,2021-05-13 16:15:00,RARE
104.52,104.52,104.52,104.52,100,2021-05-13 16:20:00,RARE
104.645,104.645,104.4,104.425,833,2021-05-13 16:25:00,RARE
104.55,105.06,104.55,104.935,1551,2021-05-13 16:30:00,RARE
104.69,104.69,104.55,104.66,600,2021-05-13 16:35:00,RARE
104.52,104.55,104.095,104.34,7346,2021-05-13 16:40:00,RARE
104.245,104.5,104.245,104.455,500,2021-05-13 16:45:00,RARE
104.27,104.27,104.185,104.185,300,2021-05-13 16:50:00,RARE
103.86,103.9275,103.26,103.26,1895,2021-05-13 16:55:00,RARE
103.36,103.765,103.36,103.765,714,2021-05-13 17:00:00,RARE
103.89,104.09,103.89,104.09,400,2021-05-13 17:05:00,RARE
103.99,104.025,103.675,103.675,1200,2021-05-13 17:10:00,RARE
103.705,103.755,103.12,103.41,1342,2021-05-13 17:15:00,RARE
103.42,103.42,102.56,102.56,967,2021-05-13 17:20:00,RARE
102.755,103.28,102.755,103.24,1700,2021-05-13 17:25:00,RARE
102.65,102.705,102.65,102.705,400,2021-05-13 17:30:00,RARE
102.77,102.77,102.29,102.46,1385,2021-05-13 17:35:00,RARE
102.65,103.01,102.55,103.0,2675,2021-05-13 17:40:00,RARE
103.12,103.145,102.95,103.12,1400,2021-05-13 17:45:00,RARE
103.0,103.715,102.95,103.715,1800,2021-05-13 17:50:00,RARE
104.0025,104.0025,103.64,103.64,500,2021-05-13 17:55:00,RARE
103.7525,104.6,103.7525,104.25,1100,2021-05-13 18:00:00,RARE
104.51,105.175,104.46,105.175,500,2021-05-13 18:05:00,RARE
104.82,105.0,104.7,105.0,600,2021-05-13 18:10:00,RARE
105.1,105.2,104.775,104.86,3700,2021-05-13 18:15:00,RARE
105.055,105.385,104.76,105.05,1100,2021-05-13 18:20:00,RARE
104.725,104.99,104.725,104.99,600,2021-05-13 18:25:00,RARE
105.09,105.18,104.83,105.11,1509,2021-05-13 18:30:00,RARE
105.41,106.23,105.21,106.23,600,2021-05-13 18:35:00,RARE
106.23,106.23,105.77,106.01,1200,2021-05-13 18:40:00,RARE
105.97,105.97,105.775,105.935,500,2021-05-13 18:45:00,RARE
105.993,106.37,105.76,106.15,7587,2021-05-13 18:50:00,RARE
106.06,106.06,105.76,105.76,900,2021-05-13 18:55:00,RARE
105.93,106.35,105.765,106.12,1100,2021-05-13 19:00:00,RARE
106.29,106.57,106.29,106.57,900,2021-05-13 19:05:00,RARE
106.41,106.52,105.93,105.93,800,2021-05-13 19:10:00,RARE
105.93,106.255,105.93,106.2,700,2021-05-13 19:15:00,RARE
106.28,106.28,105.6,105.76,700,2021-05-13 19:20:00,RARE
105.8,106.06,105.605,105.605,1100,2021-05-13 19:25:00,RARE
105.865,106.32,105.865,106.32,700,2021-05-13 19:30:00,RARE
106.25,106.47,106.13,106.47,1300,2021-05-13 19:35:00,RARE
106.2,106.88,106.19,106.7,2408,2021-05-13 19:40:00,RARE
106.73,106.87,106.54,106.87,1905,2021-05-13 19:45:00,RARE
106.88,107.24,106.505,106.86,11584,2021-05-13 19:50:00,RARE
106.71,106.91,106.51,106.71,41599,2021-05-13 19:55:00,RARE
106.71,106.71,106.71,106.71,58594,2021-05-13 20:00:00,RARE
108.08,108.19,108.08,108.19,3153,2021-05-14 13:30:00,RARE
107.9,108.72,106.76,107.58,2405,2021-05-14 13:35:00,RARE
107.5716,107.5716,107.5716,107.5716,1500,2021-05-14 13:45:00,RARE
108.97,108.97,108.015,108.81,600,2021-05-14 13:50:00,RARE
109.64,109.845,109.64,109.835,1264,2021-05-14 13:55:00,RARE
109.64,110.72,109.64,110.72,2775,2021-05-14 14:00:00,RARE
110.315,110.54,109.85,109.85,2235,2021-05-14 14:05:00,RARE
110.65,110.65,110.65,110.65,100,2021-05-14 14:10:00,RARE
110.56,110.8,109.88,110.36,1200,2021-05-14 14:20:00,RARE
110.58,111.25,110.58,110.75,400,2021-05-14 14:25:00,RARE
111.24,111.76,111.24,111.76,500,2021-05-14 14:30:00,RARE
111.22,111.65,111.125,111.55,1089,2021-05-14 14:35:00,RARE
111.59,111.59,111.31,111.31,523,2021-05-14 14:40:00,RARE
111.03,111.365,111.02,111.14,400,2021-05-14 14:45:00,RARE
111.79,111.81,111.68,111.81,500,2021-05-14 14:50:00,RARE
111.555,111.555,111.555,111.555,100,2021-05-14 14:55:00,RARE
111.04,111.04,110.82,110.82,700,2021-05-14 15:00:00,RARE
110.8,110.88,110.53,110.72,707,2021-05-14 15:05:00,RARE
110.73,111.07,110.64,111.07,1700,2021-05-14 15:10:00,RARE
111.075,111.25,111.075,111.15,1000,2021-05-14 15:15:00,RARE
111.0,111.24,110.91,110.92,700,2021-05-14 15:20:00,RARE
110.86,110.91,110.32,110.33,949,2021-05-14 15:25:00,RARE
110.49,110.59,110.2654,110.59,965,2021-05-14 15:30:00,RARE
110.65,110.81,110.57,110.81,1000,2021-05-14 15:35:00,RARE
110.46,110.46,110.19,110.21,400,2021-05-14 15:40:00,RARE
110.345,110.65,110.34,110.65,1106,2021-05-14 15:45:00,RARE
110.635,110.79,110.445,110.4995,5226,2021-05-14 15:50:00,RARE
110.32,110.49,110.32,110.46,1000,2021-05-14 15:55:00,RARE
110.46,110.68,110.46,110.68,400,2021-05-14 16:00:00,RARE
110.61,110.7,110.39,110.49,4000,2021-05-14 16:05:00,RARE
110.58,110.59,110.262,110.375,1171,2021-05-14 16:10:00,RARE
110.38,110.6333,110.38,110.6333,800,2021-05-14 16:15:00,RARE
110.535,110.885,110.39,110.56,1400,2021-05-14 16:20:00,RARE
110.69,110.69,110.45,110.59,800,2021-05-14 16:25:00,RARE
110.47,110.55,110.33,110.55,400,2021-05-14 16:30:00,RARE
110.22,110.22,109.99,110.185,800,2021-05-14 16:35:00,RARE
110.195,110.51,110.195,110.34,800,2021-05-14 16:40:00,RARE
110.51,110.76,110.51,110.76,593,2021-05-14 16:45:00,RARE
110.73,110.73,110.48,110.48,800,2021-05-14 16:50:00,RARE
110.56,110.75,110.56,110.58,1200,2021-05-14 16:55:00,RARE
110.5,110.52,110.3,110.3,400,2021-05-14 17:00:00,RARE
110.01,110.01,110.01,110.01,100,2021-05-14 17:05:00,RARE
109.98,110.23,109.935,110.23,700,2021-05-14 17:10:00,RARE
109.7812,110.29,109.7812,110.29,2461,2021-05-14 17:15:00,RARE
110.105,110.24,110.0651,110.24,405,2021-05-14 17:20:00,RARE
110.3,110.41,110.24,110.34,1200,2021-05-14 17:25:00,RARE
110.32,110.33,110.17,110.2,700,2021-05-14 17:30:00,RARE
110.07,110.39,110.07,110.39,700,2021-05-14 17:35:00,RARE
110.11,110.11,110.02,110.02,400,2021-05-14 17:40:00,RARE
110.11,110.11,109.84,109.84,1300,2021-05-14 17:45:00,RARE
109.9,109.96,109.83,109.96,1000,2021-05-14 17:50:00,RARE
109.96,109.96,109.805,109.805,433,2021-05-14 17:55:00,RARE
109.81,109.825,109.81,109.81,1100,2021-05-14 18:00:00,RARE
109.81,109.845,109.72,109.72,500,2021-05-14 18:05:00,RARE
109.8,109.83,109.46,109.46,1600,2021-05-14 18:10:00,RARE
109.43,109.44,109.305,109.33,981,2021-05-14 18:15:00,RARE
109.34,109.525,109.34,109.45,4529,2021-05-14 18:20:00,RARE
109.6,109.9,109.6,109.79,6107,2021-05-14 18:25:00,RARE
110.3,110.78,110.3,110.75,2285,2021-05-14 18:30:00,RARE
110.735,110.9,110.735,110.9,400,2021-05-14 18:35:00,RARE
111.02,111.39,111.02,111.39,800,2021-05-14 18:40:00,RARE
111.43,111.43,111.03,111.15,1700,2021-05-14 18:45:00,RARE
111.17,111.39,111.17,111.39,1000,2021-05-14 18:50:00,RARE
111.5,111.85,111.5,111.81,2156,2021-05-14 18:55:00,RARE
111.845,111.845,111.14,111.14,2911,2021-05-14 19:00:00,RARE
111.29,111.5,111.245,111.245,1000,2021-05-14 19:05:00,RARE
111.22,111.45,111.2,111.45,800,2021-05-14 19:10:00,RARE
111.49,111.74,111.49,111.74,2353,2021-05-14 19:15:00,RARE
111.65,111.76,111.58,111.71,1300,2021-05-14 19:20:00,RARE
111.58,111.58,111.15,111.15,1000,2021-05-14 19:25:00,RARE
111.335,111.45,111.03,111.035,1606,2021-05-14 19:30:00,RARE
111.02,111.12,110.87,111.12,1826,2021-05-14 19:35:00,RARE
111.035,111.11,110.53,110.53,3800,2021-05-14 19:40:00,RARE
110.67,110.84,110.63,110.705,3700,2021-05-14 19:45:00,RARE
110.63,110.83,110.55,110.76,6911,2021-05-14 19:50:00,RARE
110.78,110.94,110.75,110.93,38907,2021-05-14 19:55:00,RARE
110.88,110.88,110.88,110.88,46303,2021-05-14 20:00:00,RARE
110.61,111.0,109.51,110.25,10277,2021-05-17 13:30:00,RARE
110.85,113.02,110.85,112.0,30218,2021-05-17 13:35:00,RARE
112.405,112.405,111.19,111.19,2315,2021-05-17 13:40:00,RARE
111.1,111.5,111.09,111.5,500,2021-05-17 13:45:00,RARE
111.435,112.36,110.48,110.75,2108,2021-05-17 13:50:00,RARE
110.75,110.96,109.9,109.9,6178,2021-05-17 13:55:00,RARE
109.72,110.1,109.655,109.69,1600,2021-05-17 14:00:00,RARE
109.67,110.315,109.67,110.125,1500,2021-05-17 14:05:00,RARE
110.0,110.64,109.85,110.465,3200,2021-05-17 14:10:00,RARE
110.455,110.455,110.11,110.39,506,2021-05-17 14:15:00,RARE
110.16,110.3,109.96,109.96,1200,2021-05-17 14:20:00,RARE
109.9,109.9,109.38,109.56,606,2021-05-17 14:25:00,RARE
109.13,109.145,109.12,109.145,500,2021-05-17 14:30:00,RARE
109.27,109.78,109.27,109.78,1100,2021-05-17 14:35:00,RARE
109.575,109.83,109.575,109.82,400,2021-05-17 14:40:00,RARE
110.11,110.7,110.08,110.56,5910,2021-05-17 14:45:00,RARE
110.595,111.195,110.595,111.195,700,2021-05-17 14:50:00,RARE
110.93,110.97,110.785,110.88,1004,2021-05-17 14:55:00,RARE
110.885,111.08,110.35,110.61,1500,2021-05-17 15:00:00,RARE
110.22,110.25,109.91,109.91,1000,2021-05-17 15:10:00,RARE
109.7,110.17,109.7,109.97,2400,2021-05-17 15:15:00,RARE
110.02,110.22,110.02,110.11,800,2021-05-17 15:20:00,RARE
110.005,110.005,110.005,110.005,100,2021-05-17 15:25:00,RARE
109.98,110.01,109.85,110.01,1200,2021-05-17 15:30:00,RARE
110.05,110.06,109.77,109.85,700,2021-05-17 15:35:00,RARE
110.04,110.3,109.85,110.05,2259,2021-05-17 15:40:00,RARE
109.98,110.12,109.68,109.88,4011,2021-05-17 15:45:00,RARE
109.84,109.84,109.7204,109.7204,337,2021-05-17 15:50:00,RARE
109.52,109.63,109.19,109.44,1600,2021-05-17 15:55:00,RARE
109.44,109.48,109.27,109.27,1100,2021-05-17 16:00:00,RARE
109.54,109.58,109.31,109.31,821,2021-05-17 16:05:00,RARE
109.22,109.22,109.22,109.22,100,2021-05-17 16:10:00,RARE
108.86,108.86,108.86,108.86,200,2021-05-17 16:15:00,RARE
108.77,108.86,108.76,108.835,700,2021-05-17 16:20:00,RARE
108.96,108.97,108.7601,108.7601,1050,2021-05-17 16:25:00,RARE
108.885,109.02,108.88,108.88,1000,2021-05-17 16:30:00,RARE
108.99,109.28,108.99,109.28,800,2021-05-17 16:35:00,RARE
109.28,110.005,109.28,109.765,1449,2021-05-17 16:40:00,RARE
109.745,109.86,109.73,109.73,400,2021-05-17 16:45:00,RARE
109.76,109.83,109.72,109.77,500,2021-05-17 16:50:00,RARE
109.86,109.87,109.77,109.77,700,2021-05-17 16:55:00,RARE
109.815,110.05,109.815,110.05,1647,2021-05-17 17:00:00,RARE
109.89,109.9,109.8,109.8,500,2021-05-17 17:05:00,RARE
109.505,109.68,109.29,109.68,1200,2021-05-17 17:10:00,RARE
109.5,109.68,109.36,109.68,1200,2021-05-17 17:15:00,RARE
109.68,109.68,109.67,109.68,2000,2021-05-17 17:20:00,RARE
109.625,109.715,109.62,109.715,1062,2021-05-17 17:25:00,RARE
109.64,109.68,109.21,109.21,2436,2021-05-17 17:30:00,RARE
109.46,109.61,109.25,109.45,3200,2021-05-17 17:35:00,RARE
109.085,109.085,109.085,109.085,100,2021-05-17 17:40:00,RARE
108.9,109.0,108.9,108.97,400,2021-05-17 17:45:00,RARE
108.75,108.84,108.5,108.84,3000,2021-05-17 17:50:00,RARE
108.85,108.95,108.84,108.88,500,2021-05-17 17:55:00,RARE
108.94,108.96,108.79,108.89,2300,2021-05-17 18:00:00,RARE
108.895,109.02,108.895,108.965,600,2021-05-17 18:05:00,RARE
109.04,109.36,109.04,109.09,2700,2021-05-17 18:10:00,RARE
109.38,109.49,109.25,109.25,830,2021-05-17 18:15:00,RARE
109.23,109.5,109.23,109.415,1203,2021-05-17 18:20:00,RARE
109.385,109.385,108.9,109.26,3500,2021-05-17 18:25:00,RARE
109.24,109.51,109.18,109.49,2156,2021-05-17 18:30:00,RARE
109.54,109.55,109.08,109.15,4428,2021-05-17 18:35:00,RARE
109.29,109.41,109.265,109.265,400,2021-05-17 18:40:00,RARE
109.2,109.55,109.18,109.44,5962,2021-05-17 18:45:00,RARE
109.37,109.76,109.325,109.69,3430,2021-05-17 18:50:00,RARE
109.605,109.85,109.605,109.83,2500,2021-05-17 18:55:00,RARE
109.96,110.12,109.77,109.865,1400,2021-05-17 19:00:00,RARE
109.845,109.98,109.845,109.98,300,2021-05-17 19:05:00,RARE
109.84,109.85,109.53,109.77,3183,2021-05-17 19:10:00,RARE
109.91,109.91,109.81,109.81,200,2021-05-17 19:15:00,RARE
109.87,110.15,109.62,110.15,4700,2021-05-17 19:20:00,RARE
110.15,110.56,109.995,110.27,7220,2021-05-17 19:25:00,RARE
110.425,110.895,110.29,110.76,7797,2021-05-17 19:30:00,RARE
110.87,111.2,110.87,110.91,13080,2021-05-17 19:35:00,RARE
110.91,111.235,110.82,111.235,5210,2021-05-17 19:40:00,RARE
111.115,111.115,110.22,110.22,8137,2021-05-17 19:45:00,RARE
110.16,110.42,110.09,110.32,6620,2021-05-17 19:50:00,RARE
110.24,110.55,110.24,110.29,19984,2021-05-17 19:55:00,RARE
110.29,110.29,110.29,110.29,30139,2021-05-17 20:00:00,RARE
110.29,110.29,110.29,110.29,9626,2021-05-17 21:20:00,RARE
108.98,108.98,108.88,108.98,500,2021-05-18 13:25:00,RARE
110.12,111.0,109.5566,110.12,6148,2021-05-18 13:30:00,RARE
110.0,110.87,108.92,110.87,2562,2021-05-18 13:35:00,RARE
109.96,109.96,109.96,109.96,225,2021-05-18 13:40:00,RARE
110.39,111.59,110.39,111.59,1500,2021-05-18 13:45:00,RARE
112.27,112.78,111.29,112.78,3176,2021-05-18 13:50:00,RARE
112.57,112.57,112.53,112.53,200,2021-05-18 13:55:00,RARE
112.995,112.995,111.99,112.6,2091,2021-05-18 14:00:00,RARE
112.76,112.98,112.29,112.29,700,2021-05-18 14:05:00,RARE
112.96,112.97,112.24,112.97,1167,2021-05-18 14:10:00,RARE
112.9,114.045,112.835,114.0,2210,2021-05-18 14:15:00,RARE
114.49,114.5,114.085,114.27,1534,2021-05-18 14:20:00,RARE
114.12,114.745,114.12,114.745,926,2021-05-18 14:25:00,RARE
114.65,114.75,114.65,114.75,200,2021-05-18 14:30:00,RARE
114.66,115.2,114.66,115.065,1794,2021-05-18 14:35:00,RARE
114.86,114.86,114.665,114.665,413,2021-05-18 14:40:00,RARE
114.8549,115.23,114.82,115.23,981,2021-05-18 14:45:00,RARE
115.25,115.25,114.375,114.375,7106,2021-05-18 14:50:00,RARE
114.35,114.46,114.215,114.345,1600,2021-05-18 14:55:00,RARE
114.39,114.39,114.127,114.39,550,2021-05-18 15:00:00,RARE
114.26,114.26,114.26,114.26,100,2021-05-18 15:05:00,RARE
114.365,114.37,113.96,114.145,887,2021-05-18 15:10:00,RARE
114.03,114.075,113.95,114.075,400,2021-05-18 15:15:00,RARE
113.96,113.96,113.68,113.81,800,2021-05-18 15:20:00,RARE
113.65,113.9,113.32,113.32,650,2021-05-18 15:25:00,RARE
113.15,113.15,113.15,113.15,100,2021-05-18 15:30:00,RARE
113.06,113.06,112.97,112.97,200,2021-05-18 15:35:00,RARE
112.83,113.27,112.83,113.17,900,2021-05-18 15:40:00,RARE
113.2825,113.56,113.15,113.56,446,2021-05-18 15:45:00,RARE
113.5,113.62,113.385,113.385,1355,2021-05-18 15:50:00,RARE
113.4,113.93,113.4,113.705,1875,2021-05-18 15:55:00,RARE
113.51,113.92,113.5,113.5,700,2021-05-18 16:00:00,RARE
113.56,113.7,113.545,113.7,862,2021-05-18 16:05:00,RARE
113.66,113.67,113.59,113.59,598,2021-05-18 16:10:00,RARE
113.87,113.87,113.43,113.52,1400,2021-05-18 16:15:00,RARE
113.44,113.8,113.44,113.795,3940,2021-05-18 16:20:00,RARE
113.89,114.3,113.89,114.14,2087,2021-05-18 16:25:00,RARE
114.3,114.3,114.17,114.18,609,2021-05-18 16:30:00,RARE
114.12,114.33,114.12,114.33,500,2021-05-18 16:35:00,RARE
114.31,114.34,114.12,114.12,1344,2021-05-18 16:40:00,RARE
114.08,114.32,113.94,113.94,1691,2021-05-18 16:45:00,RARE
113.83,113.83,113.83,113.83,100,2021-05-18 16:50:00,RARE
113.86,113.93,113.82,113.82,600,2021-05-18 16:55:00,RARE
113.645,113.645,113.645,113.645,200,2021-05-18 17:00:00,RARE
113.7,113.83,113.61,113.76,1615,2021-05-18 17:05:00,RARE
113.69,114.0,113.69,113.92,2613,2021-05-18 17:10:00,RARE
113.75,113.75,113.46,113.7,3089,2021-05-18 17:15:00,RARE
113.705,114.17,113.705,114.12,2176,2021-05-18 17:20:00,RARE
114.1,114.26,114.1,114.26,200,2021-05-18 17:25:00,RARE
114.31,114.32,114.11,114.11,1200,2021-05-18 17:30:00,RARE
113.54,113.69,113.495,113.69,600,2021-05-18 17:35:00,RARE
113.71,113.71,113.5,113.5,500,2021-05-18 17:40:00,RARE
113.5,113.62,113.435,113.49,1300,2021-05-18 17:45:00,RARE
113.445,113.57,113.445,113.57,1100,2021-05-18 17:50:00,RARE
113.44,113.62,113.38,113.61,900,2021-05-18 17:55:00,RARE
113.65,113.68,113.48,113.56,1400,2021-05-18 18:00:00,RARE
113.64,113.89,113.64,113.84,1709,2021-05-18 18:05:00,RARE
113.77,113.91,113.77,113.91,500,2021-05-18 18:10:00,RARE
114.03,114.075,113.88,113.88,900,2021-05-18 18:15:00,RARE
113.87,113.97,113.69,113.93,2690,2021-05-18 18:20:00,RARE
113.78,113.78,113.57,113.68,3700,2021-05-18 18:25:00,RARE
113.67,113.72,113.18,113.22,6470,2021-05-18 18:30:00,RARE
113.22,113.38,112.77,112.77,6272,2021-05-18 18:35:00,RARE
112.5,112.5,112.03,112.26,600,2021-05-18 18:40:00,RARE
111.98,112.03,111.765,112.03,800,2021-05-18 18:45:00,RARE
112.12,112.12,112.0781,112.0781,258,2021-05-18 18:50:00,RARE
111.97,112.06,111.94,112.03,602,2021-05-18 18:55:00,RARE
112.05,112.42,112.05,112.42,1687,2021-05-18 19:00:00,RARE
112.41,112.41,112.07,112.07,500,2021-05-18 19:05:00,RARE
111.97,112.2,111.78,111.78,1107,2021-05-18 19:10:00,RARE
111.78,112.19,111.77,112.19,2983,2021-05-18 19:15:00,RARE
112.18,112.48,112.15,112.48,600,2021-05-18 19:20:00,RARE
112.67,112.67,112.52,112.52,500,2021-05-18 19:25:00,RARE
112.58,112.795,112.46,112.46,1200,2021-05-18 19:30:00,RARE
112.58,112.69,112.49,112.69,800,2021-05-18 19:35:00,RARE
112.71,112.87,112.71,112.72,1200,2021-05-18 19:40:00,RARE
112.66,112.66,112.02,112.13,2759,2021-05-18 19:45:00,RARE
112.12,112.12,111.51,111.6,5510,2021-05-18 19:50:00,RARE
111.53,111.66,111.26,111.49,18622,2021-05-18 19:55:00,RARE
111.43,111.43,111.43,111.43,20183,2021-05-18 20:00:00,RARE
109.68,109.68,109.31,109.6,3490,2021-05-19 13:30:00,RARE
110.34,110.34,110.34,110.34,248,2021-05-19 13:35:00,RARE
109.65,110.13,109.61,109.61,900,2021-05-19 13:40:00,RARE
110.92,110.92,110.21,110.82,1544,2021-05-19 13:45:00,RARE
111.5,112.78,110.945,110.945,1400,2021-05-19 13:50:00,RARE
111.7,111.96,111.11,111.11,1300,2021-05-19 13:55:00,RARE
110.56,111.2,110.45,110.68,1100,2021-05-19 14:00:00,RARE
109.81,110.31,109.81,110.28,1207,2021-05-19 14:05:00,RARE
110.645,111.185,110.24,111.0266,1400,2021-05-19 14:10:00,RARE
110.58,110.58,110.58,110.58,100,2021-05-19 14:15:00,RARE
110.855,111.81,110.855,111.56,1000,2021-05-19 14:20:00,RARE
111.33,112.13,110.83,110.83,1004,2021-05-19 14:25:00,RARE
110.82,111.44,109.8,109.8,500,2021-05-19 14:30:00,RARE
109.52,109.52,109.15,109.15,500,2021-05-19 14:35:00,RARE
109.06,110.34,109.03,110.25,1100,2021-05-19 14:40:00,RARE
110.15,110.49,110.1,110.36,938,2021-05-19 14:45:00,RARE
110.53,110.53,110.53,110.53,100,2021-05-19 14:50:00,RARE
110.44,111.0,110.44,110.84,1100,2021-05-19 14:55:00,RARE
110.28,110.33,109.8,109.82,700,2021-05-19 15:00:00,RARE
109.63,110.6,109.63,110.6,609,2021-05-19 15:05:00,RARE
110.71,110.86,110.57,110.84,800,2021-05-19 15:10:00,RARE
110.24,110.38,110.24,110.38,200,2021-05-19 15:15:00,RARE
109.96,110.085,109.96,110.085,200,2021-05-19 15:20:00,RARE
109.675,109.68,109.375,109.44,1382,2021-05-19 15:30:00,RARE
109.44,109.89,109.4,109.785,2676,2021-05-19 15:35:00,RARE
109.76,109.79,109.585,109.73,400,2021-05-19 15:40:00,RARE
109.83,109.91,109.44,109.44,600,2021-05-19 15:45:00,RARE
109.48,109.48,109.025,109.025,480,2021-05-19 15:50:00,RARE
109.12,109.505,108.99,109.285,1100,2021-05-19 15:55:00,RARE
109.08,109.08,108.54,108.82,2693,2021-05-19 16:00:00,RARE
108.9,109.09,108.7,108.75,3898,2021-05-19 16:05:00,RARE
108.73,108.735,108.73,108.735,200,2021-05-19 16:10:00,RARE
108.95,109.065,108.95,109.0,600,2021-05-19 16:15:00,RARE
109.1,109.12,108.95,109.03,500,2021-05-19 16:20:00,RARE
108.8,108.965,108.75,108.915,1103,2021-05-19 16:25:00,RARE
108.91,108.91,108.83,108.91,300,2021-05-19 16:30:00,RARE
108.7,108.78,108.7,108.76,750,2021-05-19 16:35:00,RARE
108.82,108.92,108.805,108.89,500,2021-05-19 16:40:00,RARE
108.845,108.845,108.845,108.845,100,2021-05-19 16:45:00,RARE
108.845,108.845,108.41,108.54,721,2021-05-19 16:50:00,RARE
108.35,108.35,108.35,108.35,100,2021-05-19 16:55:00,RARE
108.34,108.685,108.26,108.485,2800,2021-05-19 17:00:00,RARE
108.615,108.89,108.595,108.86,4066,2021-05-19 17:10:00,RARE
108.71,108.85,108.525,108.525,1721,2021-05-19 17:20:00,RARE
108.47,108.76,108.47,108.76,800,2021-05-19 17:25:00,RARE
108.765,108.8,108.36,108.36,2581,2021-05-19 17:30:00,RARE
108.325,108.61,108.325,108.605,876,2021-05-19 17:35:00,RARE
108.53,108.75,108.48,108.75,2800,2021-05-19 17:40:00,RARE
108.73,108.73,108.46,108.46,1500,2021-05-19 17:45:00,RARE
108.67,108.78,108.54,108.77,1000,2021-05-19 17:50:00,RARE
108.65,108.99,108.48,108.99,3938,2021-05-19 17:55:00,RARE
108.85,109.285,108.6,108.6,2601,2021-05-19 18:00:00,RARE
107.95,108.46,107.71,108.46,904,2021-05-19 18:05:00,RARE
108.57,108.57,108.27,108.52,2975,2021-05-19 18:10:00,RARE
108.5,108.5,108.055,108.23,2909,2021-05-19 18:15:00,RARE
108.48,109.73,108.48,109.73,1846,2021-05-19 18:20:00,RARE
109.36,109.63,109.3,109.63,800,2021-05-19 18:25:00,RARE
109.555,109.96,109.32,109.32,682,2021-05-19 18:30:00,RARE
109.25,109.25,108.79,109.17,920,2021-05-19 18:35:00,RARE
109.11,109.15,108.98,109.15,409,2021-05-19 18:40:00,RARE
109.27,109.27,108.7007,108.7007,545,2021-05-19 18:45:00,RARE
109.07,109.07,108.5337,108.5337,6124,2021-05-19 18:50:00,RARE
108.77,108.97,108.66,108.9,1734,2021-05-19 18:55:00,RARE
108.7,108.84,108.7,108.72,400,2021-05-19 19:00:00,RARE
108.74,108.99,108.73,108.94,400,2021-05-19 19:05:00,RARE
109.18,109.42,109.17,109.24,1100,2021-05-19 19:10:00,RARE
109.12,109.22,109.12,109.15,600,2021-05-19 19:15:00,RARE
108.99,109.22,108.91,109.15,1000,2021-05-19 19:20:00,RARE
109.43,109.43,109.215,109.36,600,2021-05-19 19:25:00,RARE
109.09,109.235,108.95,108.95,1000,2021-05-19 19:30:00,RARE
109.08,109.1,108.93,108.98,500,2021-05-19 19:35:00,RARE
108.72,108.72,108.38,108.52,1700,2021-05-19 19:40:00,RARE
108.52,108.61,108.27,108.39,1908,2021-05-19 19:45:00,RARE
108.31,108.325,108.13,108.22,4076,2021-05-19 19:50:00,RARE
108.26,108.95,108.14,108.71,23075,2021-05-19 19:55:00,RARE
108.62,108.62,108.62,108.62,30144,2021-05-19 20:00:00,RARE
109.33,110.48,109.33,110.48,2204,2021-05-20 13:30:00,RARE
109.86,111.0,109.86,110.965,2691,2021-05-20 13:45:00,RARE
110.23,110.23,109.515,109.515,200,2021-05-20 13:50:00,RARE
109.49,111.22,108.94,110.16,6948,2021-05-20 13:55:00,RARE
110.6,110.99,110.6,110.99,200,2021-05-20 14:00:00,RARE
111.54,111.78,111.54,111.78,400,2021-05-20 14:05:00,RARE
111.504,111.55,111.2111,111.2111,333,2021-05-20 14:10:00,RARE
111.617,112.1,111.617,112.1,650,2021-05-20 14:15:00,RARE
112.1,112.92,112.1,112.87,5655,2021-05-20 14:20:00,RARE
112.91,113.34,112.61,113.2,6053,2021-05-20 14:25:00,RARE
113.205,113.42,113.17,113.42,700,2021-05-20 14:30:00,RARE
113.415,113.415,112.98,112.98,1100,2021-05-20 14:35:00,RARE
113.145,113.62,113.145,113.62,400,2021-05-20 14:40:00,RARE
113.685,113.685,113.215,113.47,1518,2021-05-20 14:45:00,RARE
113.33,113.59,113.33,113.59,300,2021-05-20 14:50:00,RARE
113.24,113.54,113.24,113.54,1000,2021-05-20 14:55:00,RARE
113.5,113.61,113.5,113.61,200,2021-05-20 15:00:00,RARE
113.61,113.61,113.13,113.315,1500,2021-05-20 15:05:00,RARE
113.49,113.98,113.49,113.98,1341,2021-05-20 15:10:00,RARE
113.755,113.755,113.755,113.755,100,2021-05-20 15:15:00,RARE
113.645,113.645,113.52,113.52,200,2021-05-20 15:20:00,RARE
113.57,113.95,113.3,113.95,700,2021-05-20 15:25:00,RARE
113.82,113.82,113.82,113.82,100,2021-05-20 15:30:00,RARE
113.96,114.35,113.96,114.18,2530,2021-05-20 15:35:00,RARE
114.33,114.74,114.24,114.24,1074,2021-05-20 15:40:00,RARE
114.48,114.66,114.48,114.649,474,2021-05-20 15:45:00,RARE
114.65,114.98,114.58,114.97,1534,2021-05-20 15:50:00,RARE
114.86,114.94,114.84,114.93,500,2021-05-20 15:55:00,RARE
114.98,114.98,114.55,114.55,2060,2021-05-20 16:00:00,RARE
114.63,114.7,114.5,114.5,1350,2021-05-20 16:05:00,RARE
114.495,114.495,114.015,114.015,1000,2021-05-20 16:10:00,RARE
114.0,114.27,113.99,114.14,9731,2021-05-20 16:15:00,RARE
114.0,114.12,113.8301,113.96,3302,2021-05-20 16:20:00,RARE
114.12,114.12,113.4,113.4,1200,2021-05-20 16:25:00,RARE
113.42,113.76,113.11,113.1825,3828,2021-05-20 16:30:00,RARE
113.226,113.34,112.4,112.62,5344,2021-05-20 16:35:00,RARE
112.62,112.79,112.62,112.69,800,2021-05-20 16:40:00,RARE
112.93,113.23,112.93,113.04,750,2021-05-20 16:45:00,RARE
113.3,113.3,113.21,113.21,200,2021-05-20 16:50:00,RARE
113.18,113.28,112.85,112.85,11671,2021-05-20 16:55:00,RARE
112.84,112.98,112.74,112.98,800,2021-05-20 17:00:00,RARE
112.81,112.81,112.64,112.64,300,2021-05-20 17:05:00,RARE
112.71,113.0,112.71,113.0,724,2021-05-20 17:10:00,RARE
112.82,112.87,112.73,112.87,1200,2021-05-20 17:20:00,RARE
112.96,112.96,112.785,112.85,1000,2021-05-20 17:25:00,RARE
112.815,112.95,112.815,112.88,1845,2021-05-20 17:30:00,RARE
112.79,112.79,112.57,112.57,1162,2021-05-20 17:35:00,RARE
112.43,112.56,112.34,112.36,2080,2021-05-20 17:40:00,RARE
112.33,112.44,112.07,112.085,13435,2021-05-20 17:45:00,RARE
112.0,112.09,111.66,111.66,10684,2021-05-20 17:50:00,RARE
111.68,111.68,111.42,111.42,400,2021-05-20 17:55:00,RARE
111.57,111.97,111.355,111.97,4716,2021-05-20 18:00:00,RARE
112.0,112.07,111.65,111.65,3228,2021-05-20 18:05:00,RARE
111.74,111.75,111.45,111.48,1400,2021-05-20 18:10:00,RARE
111.66,111.66,111.66,111.66,100,2021-05-20 18:15:00,RARE
111.68,111.82,111.56,111.61,800,2021-05-20 18:20:00,RARE
111.47,111.51,111.24,111.46,800,2021-05-20 18:25:00,RARE
111.44,111.44,111.15,111.37,1058,2021-05-20 18:30:00,RARE
111.455,111.455,111.39,111.39,200,2021-05-20 18:35:00,RARE
111.52,111.63,111.25,111.25,597,2021-05-20 18:40:00,RARE
111.5,111.52,111.5,111.52,300,2021-05-20 18:45:00,RARE
111.52,111.52,111.3,111.41,1100,2021-05-20 18:50:00,RARE
111.55,112.03,111.55,112.03,5081,2021-05-20 18:55:00,RARE
112.01,112.13,111.86,112.02,3800,2021-05-20 19:00:00,RARE
112.0,112.0,111.83,111.975,1000,2021-05-20 19:05:00,RARE
112.09,112.19,111.95,111.95,2862,2021-05-20 19:10:00,RARE
111.92,112.1,111.92,112.1,878,2021-05-20 19:15:00,RARE
112.18,112.2,112.095,112.14,2400,2021-05-20 19:20:00,RARE
112.19,112.19,111.94,112.01,3891,2021-05-20 19:25:00,RARE
112.04,112.11,111.795,112.0775,7621,2021-05-20 19:30:00,RARE
112.02,112.045,111.835,111.835,600,2021-05-20 19:35:00,RARE
111.75,111.88,111.73,111.88,1200,2021-05-20 19:40:00,RARE
111.88,112.1,111.83,111.96,3802,2021-05-20 19:45:00,RARE
111.79,111.91,111.57,111.85,6100,2021-05-20 19:50:00,RARE
111.695,112.0,111.6,111.83,16334,2021-05-20 19:55:00,RARE
111.84,111.84,111.84,111.84,34994,2021-05-20 20:00:00,RARE
113.12,113.41,113.12,113.41,9231,2021-05-21 13:30:00,RARE
112.49,112.49,112.48,112.48,500,2021-05-21 13:35:00,RARE
111.705,111.705,111.705,111.705,108,2021-05-21 13:40:00,RARE
111.66,111.66,111.23,111.32,900,2021-05-21 13:45:00,RARE
111.37,111.52,110.94,110.94,800,2021-05-21 13:50:00,RARE
111.38,112.23,111.38,112.01,2282,2021-05-21 13:55:00,RARE
111.88,112.4,111.88,112.4,2100,2021-05-21 14:00:00,RARE
112.22,112.22,111.28,111.58,1293,2021-05-21 14:05:00,RARE
111.52,111.62,111.52,111.62,400,2021-05-21 14:10:00,RARE
111.2,111.2,110.72,110.82,2625,2021-05-21 14:15:00,RARE
110.96,111.25,110.8,111.23,3315,2021-05-21 14:20:00,RARE
111.2,111.23,110.53,110.94,5645,2021-05-21 14:25:00,RARE
110.785,110.97,110.785,110.88,800,2021-05-21 14:30:00,RARE
110.48,110.48,109.66,109.66,600,2021-05-21 14:35:00,RARE
109.66,109.98,109.66,109.92,1226,2021-05-21 14:40:00,RARE
109.59,109.59,109.59,109.59,100,2021-05-21 14:45:00,RARE
109.66,110.9,109.66,110.67,2100,2021-05-21 14:50:00,RARE
110.69,111.29,110.69,111.29,500,2021-05-21 14:55:00,RARE
111.37,111.37,111.14,111.14,801,2021-05-21 15:00:00,RARE
110.94,111.055,110.94,111.055,200,2021-05-21 15:05:00,RARE
111.065,111.065,110.93,110.93,400,2021-05-21 15:10:00,RARE
110.82,110.82,110.75,110.75,300,2021-05-21 15:15:00,RARE
110.75,111.025,110.49,110.84,1500,2021-05-21 15:20:00,RARE
110.775,110.775,110.33,110.445,800,2021-05-21 15:25:00,RARE
110.445,110.71,110.24,110.64,2829,2021-05-21 15:30:00,RARE
110.735,111.17,110.65,111.17,5945,2021-05-21 15:35:00,RARE
111.16,111.17,110.96,111.09,3403,2021-05-21 15:40:00,RARE
111.09,111.09,110.95,111.03,900,2021-05-21 15:45:00,RARE
111.04,111.04,110.775,110.81,2825,2021-05-21 15:50:00,RARE
110.59,110.66,110.4,110.56,7061,2021-05-21 15:55:00,RARE
110.66,110.7,110.445,110.445,851,2021-05-21 16:00:00,RARE
110.435,110.48,110.05,110.065,2657,2021-05-21 16:05:00,RARE
109.74,110.06,109.61,109.91,4806,2021-05-21 16:10:00,RARE
109.865,110.0,109.64,109.64,800,2021-05-21 16:15:00,RARE
109.86,110.01,109.86,109.885,1113,2021-05-21 16:20:00,RARE
109.8,109.83,109.68,109.83,700,2021-05-21 16:25:00,RARE
109.93,110.0,109.83,109.83,800,2021-05-21 16:30:00,RARE
109.83,110.05,109.83,110.01,2200,2021-05-21 16:35:00,RARE
109.86,109.99,109.86,109.945,500,2021-05-21 16:40:00,RARE
109.88,109.9,109.88,109.9,200,2021-05-21 16:45:00,RARE
109.79,109.87,109.59,109.59,2243,2021-05-21 16:50:00,RARE
109.67,109.75,109.61,109.685,1000,2021-05-21 16:55:00,RARE
109.65,109.75,109.65,109.69,700,2021-05-21 17:05:00,RARE
109.54,109.54,109.54,109.54,100,2021-05-21 17:10:00,RARE
109.47,109.6,109.285,109.32,3116,2021-05-21 17:15:00,RARE
109.49,109.73,109.49,109.64,1172,2021-05-21 17:20:00,RARE
109.65,109.65,109.46,109.46,400,2021-05-21 17:25:00,RARE
109.51,110.03,109.51,109.995,3949,2021-05-21 17:30:00,RARE
109.89,109.95,109.64,109.64,825,2021-05-21 17:35:00,RARE
109.65,109.88,109.63,109.88,1000,2021-05-21 17:40:00,RARE
109.915,110.05,109.915,110.01,1500,2021-05-21 17:45:00,RARE
110.015,110.015,110.015,110.015,145,2021-05-21 17:50:00,RARE
109.93,109.93,109.46,109.46,1300,2021-05-21 17:55:00,RARE
109.47,109.47,109.33,109.33,200,2021-05-21 18:00:00,RARE
109.5,109.81,109.5,109.71,1935,2021-05-21 18:05:00,RARE
109.81,109.83,109.61,109.61,6642,2021-05-21 18:10:00,RARE
109.52,109.57,109.15,109.27,2936,2021-05-21 18:15:00,RARE
109.245,109.245,108.85,108.96,27596,2021-05-21 18:20:00,RARE
108.97,109.15,108.79,108.795,10896,2021-05-21 18:25:00,RARE
108.88,108.965,108.78,108.96,1500,2021-05-21 18:30:00,RARE
109.03,109.045,108.79,108.96,2200,2021-05-21 18:35:00,RARE
108.91,109.21,108.91,109.08,9314,2021-05-21 18:40:00,RARE
109.09,109.21,109.0,109.12,16743,2021-05-21 18:45:00,RARE
109.15,109.2,108.99,108.995,17580,2021-05-21 18:50:00,RARE
108.95,108.95,108.79,108.815,1932,2021-05-21 18:55:00,RARE
108.955,109.01,108.27,108.27,6160,2021-05-21 19:00:00,RARE
108.33,108.37,107.88,108.115,3000,2021-05-21 19:05:00,RARE
108.24,108.43,108.11,108.115,3115,2021-05-21 19:10:00,RARE
108.115,108.46,108.06,108.46,1300,2021-05-21 19:15:00,RARE
108.34,108.365,108.03,108.0835,4785,2021-05-21 19:20:00,RARE
108.15,108.18,108.03,108.13,2932,2021-05-21 19:25:00,RARE
108.22,108.22,107.98,108.015,2400,2021-05-21 19:30:00,RARE
108.09,108.33,107.93,107.95,5048,2021-05-21 19:35:00,RARE
108.06,108.06,107.6,107.69,4514,2021-05-21 19:40:00,RARE
107.63,107.7,107.32,107.63,6342,2021-05-21 19:45:00,RARE
107.595,107.96,107.57,107.7,10490,2021-05-21 19:50:00,RARE
107.74,107.92,107.21,107.34,32453,2021-05-21 19:55:00,RARE
107.34,107.34,107.34,107.34,37381,2021-05-21 20:00:00,RARE
107.33,107.33,107.33,107.33,100,2021-05-24 12:45:00,RARE
108.24,109.1888,107.35,107.35,3919,2021-05-24 13:30:00,RARE
108.37,108.53,107.37,108.53,819,2021-05-24 13:35:00,RARE
108.4,108.4,108.4,108.4,100,2021-05-24 13:40:00,RARE
108.41,108.82,108.06,108.82,4169,2021-05-24 13:45:00,RARE
108.785,109.04,107.54,107.54,12919,2021-05-24 13:50:00,RARE
107.67,107.67,107.34,107.34,1130,2021-05-24 13:55:00,RARE
107.64,108.02,107.64,108.0,1761,2021-05-24 14:00:00,RARE
107.7,108.07,107.7,108.07,1023,2021-05-24 14:05:00,RARE
108.115,108.29,107.82,107.89,17138,2021-05-24 14:10:00,RARE
108.0,108.1,107.995,107.995,434,2021-05-24 14:15:00,RARE
107.8,107.93,107.62,107.775,1174,2021-05-24 14:20:00,RARE
107.72,107.72,107.38,107.5775,2417,2021-05-24 14:25:00,RARE
107.82,107.82,106.96,106.96,5750,2021-05-24 14:30:00,RARE
106.87,107.39,106.87,107.39,1948,2021-05-24 14:35:00,RARE
107.38,107.51,107.1,107.13,2968,2021-05-24 14:40:00,RARE
107.065,107.1,106.85,106.88,3118,2021-05-24 14:45:00,RARE
106.99,107.06,106.99,107.06,600,2021-05-24 14:50:00,RARE
107.09,107.19,106.75,106.88,2481,2021-05-24 14:55:00,RARE
107.02,107.52,107.02,107.08,4481,2021-05-24 15:00:00,RARE
107.08,107.26,107.01,107.09,3764,2021-05-24 15:05:00,RARE
107.07,107.39,107.045,107.14,9522,2021-05-24 15:10:00,RARE
107.15,107.15,107.0,107.0,1191,2021-05-24 15:15:00,RARE
107.15,107.32,107.055,107.14,5214,2021-05-24 15:20:00,RARE
107.19,107.19,106.96,107.05,4469,2021-05-24 15:25:00,RARE
107.11,107.26,106.985,107.0,5345,2021-05-24 15:30:00,RARE
107.0,107.21,106.94,107.1,2100,2021-05-24 15:35:00,RARE
107.065,107.115,106.98,107.02,800,2021-05-24 15:40:00,RARE
107.09,107.1,106.91,107.04,1600,2021-05-24 15:45:00,RARE
106.95,106.965,106.62,106.62,3200,2021-05-24 15:50:00,RARE
106.5663,106.5663,106.22,106.22,1107,2021-05-24 15:55:00,RARE
106.23,106.28,106.13,106.26,828,2021-05-24 16:00:00,RARE
106.27,106.28,106.14,106.2,600,2021-05-24 16:05:00,RARE
106.12,106.12,105.99,106.01,603,2021-05-24 16:10:00,RARE
105.95,106.27,105.95,106.27,300,2021-05-24 16:15:00,RARE
106.21,106.25,106.0225,106.0225,1722,2021-05-24 16:20:00,RARE
105.98,105.98,105.695,105.82,700,2021-05-24 16:25:00,RARE
106.1,106.1,105.86,105.86,1650,2021-05-24 16:30:00,RARE
105.85,105.89,105.74,105.87,1700,2021-05-24 16:35:00,RARE
105.78,106.21,105.78,105.99,3557,2021-05-24 16:40:00,RARE
105.95,106.01,105.95,106.01,400,2021-05-24 16:45:00,RARE
106.07,106.07,105.93,105.93,200,2021-05-24 16:50:00,RARE
105.91,106.1,105.91,106.1,500,2021-05-24 16:55:00,RARE
106.025,106.13,105.96,106.01,1061,2021-05-24 17:00:00,RARE
105.9,106.17,105.86,106.17,2186,2021-05-24 17:05:00,RARE
106.1,106.11,105.86,105.99,1661,2021-05-24 17:10:00,RARE
106.05,106.06,106.0,106.0,600,2021-05-24 17:15:00,RARE
106.1,106.3,106.1,106.2,800,2021-05-24 17:20:00,RARE
106.28,106.28,105.95,105.95,2890,2021-05-24 17:25:00,RARE
105.94,106.17,105.93,105.93,300,2021-05-24 17:30:00,RARE
106.06,106.09,105.98,106.09,524,2021-05-24 17:35:00,RARE
106.09,106.15,105.96,106.07,2200,2021-05-24 17:40:00,RARE
106.07,106.21,105.98,105.98,1460,2021-05-24 17:45:00,RARE
105.98,106.17,105.98,106.01,2574,2021-05-24 17:50:00,RARE
106.01,106.02,105.99,106.02,500,2021-05-24 17:55:00,RARE
106.07,106.07,105.98,106.05,2703,2021-05-24 18:00:00,RARE
106.03,106.06,105.73,105.755,1600,2021-05-24 18:05:00,RARE
105.83,105.91,105.83,105.91,400,2021-05-24 18:10:00,RARE
105.94,105.94,105.94,105.94,100,2021-05-24 18:15:00,RARE
105.92,106.02,105.9,105.91,600,2021-05-24 18:20:00,RARE
105.98,105.98,105.915,105.915,400,2021-05-24 18:25:00,RARE
105.89,106.06,105.8,106.06,1700,2021-05-24 18:30:00,RARE
106.03,106.12,105.95,105.95,2800,2021-05-24 18:35:00,RARE
105.94,106.03,105.86,105.89,1700,2021-05-24 18:40:00,RARE
106.02,106.06,105.9,105.97,800,2021-05-24 18:45:00,RARE
105.98,106.1,105.91,105.91,5942,2021-05-24 18:50:00,RARE
105.9,106.11,105.9,106.05,5520,2021-05-24 18:55:00,RARE
105.97,106.12,105.94,105.961,13441,2021-05-24 19:00:00,RARE
105.88,106.16,105.82,106.16,1500,2021-05-24 19:05:00,RARE
105.96,106.095,105.93,105.97,2686,2021-05-24 19:10:00,RARE
106.025,106.12,105.97,106.05,9172,2021-05-24 19:15:00,RARE
106.02,106.07,105.83,105.85,5511,2021-05-24 19:20:00,RARE
105.855,105.855,105.555,105.555,1223,2021-05-24 19:25:00,RARE
105.6,105.69,105.52,105.58,1600,2021-05-24 19:30:00,RARE
105.745,105.985,105.705,105.82,2000,2021-05-24 19:35:00,RARE
105.76,105.87,105.68,105.72,3835,2021-05-24 19:40:00,RARE
105.65,105.77,105.65,105.735,1580,2021-05-24 19:45:00,RARE
105.64,105.78,105.41,105.76,4635,2021-05-24 19:50:00,RARE
105.67,105.81,105.36,105.59,13851,2021-05-24 19:55:00,RARE
105.59,105.59,105.59,105.59,23570,2021-05-24 20:00:00,RARE
105.59,105.59,105.59,105.59,2875,2021-05-24 21:05:00,RARE
105.59,105.59,105.59,105.59,1460,2021-05-24 21:45:00,RARE
105.91,106.51,105.91,106.51,2538,2021-05-25 13:30:00,RARE
106.63,107.4,106.61,107.0,1100,2021-05-25 13:40:00,RARE
106.485,106.55,106.485,106.55,200,2021-05-25 13:45:00,RARE
106.81,107.0,106.61,106.61,4042,2021-05-25 13:50:00,RARE
106.78,106.78,106.39,106.39,300,2021-05-25 13:55:00,RARE
106.065,107.785,106.065,107.065,9105,2021-05-25 14:00:00,RARE
107.08,107.08,106.265,106.265,4024,2021-05-25 14:05:00,RARE
106.1595,106.525,106.05,106.14,22849,2021-05-25 14:10:00,RARE
106.125,106.36,105.89,106.08,12747,2021-05-25 14:15:00,RARE
105.99,106.28,105.8,106.15,4737,2021-05-25 14:20:00,RARE
106.165,107.1375,106.0,106.865,18132,2021-05-25 14:25:00,RARE
106.82,106.929,106.22,106.22,700,2021-05-25 14:30:00,RARE
106.59,106.74,106.4906,106.64,500,2021-05-25 14:35:00,RARE
106.96,106.96,106.63,106.7,3000,2021-05-25 14:40:00,RARE
106.81,106.85,106.14,106.25,7042,2021-05-25 14:45:00,RARE
106.23,106.23,105.82,106.12,1578,2021-05-25 14:50:00,RARE
106.16,106.51,106.015,106.3132,7742,2021-05-25 14:55:00,RARE
106.32,106.37,105.86,105.9,11444,2021-05-25 15:00:00,RARE
105.94,105.94,105.66,105.66,639,2021-05-25 15:05:00,RARE
105.71,105.71,105.71,105.71,100,2021-05-25 15:10:00,RARE
105.57,105.75,105.5,105.75,2000,2021-05-25 15:15:00,RARE
105.93,105.93,105.7,105.7,300,2021-05-25 15:20:00,RARE
105.58,105.63,105.58,105.6,400,2021-05-25 15:25:00,RARE
105.5,105.5,105.455,105.5,400,2021-05-25 15:30:00,RARE
105.645,105.83,105.645,105.83,814,2021-05-25 15:35:00,RARE
105.815,105.815,105.63,105.67,500,2021-05-25 15:40:00,RARE
105.815,105.9,105.815,105.85,400,2021-05-25 15:45:00,RARE
105.545,105.595,105.47,105.595,300,2021-05-25 15:50:00,RARE
105.8,106.09,105.74,106.03,1270,2021-05-25 15:55:00,RARE
106.18,106.24,105.93,105.93,700,2021-05-25 16:00:00,RARE
105.785,105.785,105.085,105.13,8921,2021-05-25 16:05:00,RARE
105.1,105.9,105.1,105.3,24260,2021-05-25 16:10:00,RARE
105.28,105.33,104.7,104.7,25075,2021-05-25 16:15:00,RARE
104.7,105.02,104.7,104.99,1500,2021-05-25 16:20:00,RARE
105.0,105.08,104.95,105.055,2200,2021-05-25 16:25:00,RARE
105.07,105.845,105.04,105.8,12072,2021-05-25 16:30:00,RARE
105.91,105.91,105.0,105.0,9371,2021-05-25 16:35:00,RARE
105.07,105.1,104.85,104.955,8677,2021-05-25 16:40:00,RARE
104.95,105.12,104.9,105.0,13136,2021-05-25 16:45:00,RARE
105.0,105.01,104.83,104.98,4525,2021-05-25 16:50:00,RARE
104.98,104.99,104.8,104.89,3630,2021-05-25 16:55:00,RARE
104.9,104.9,104.5,104.5,2407,2021-05-25 17:00:00,RARE
104.455,104.89,104.455,104.79,1634,2021-05-25 17:05:00,RARE
104.75,104.89,104.75,104.8,1669,2021-05-25 17:10:00,RARE
104.79,104.98,104.79,104.96,1400,2021-05-25 17:15:00,RARE
104.91,105.05,104.89,104.925,1915,2021-05-25 17:20:00,RARE
104.85,104.875,104.595,104.87,900,2021-05-25 17:25:00,RARE
104.75,105.0,104.75,104.845,1799,2021-05-25 17:30:00,RARE
104.83,105.0,104.55,105.0,1399,2021-05-25 17:35:00,RARE
104.87,104.87,104.775,104.775,500,2021-05-25 17:40:00,RARE
104.805,104.92,104.805,104.83,2000,2021-05-25 17:45:00,RARE
104.83,104.83,104.52,104.605,500,2021-05-25 17:50:00,RARE
104.75,104.78,104.62,104.665,1100,2021-05-25 17:55:00,RARE
104.58,104.58,104.095,104.1,7445,2021-05-25 18:00:00,RARE
104.07,104.16,103.72,103.95,2300,2021-05-25 18:05:00,RARE
103.835,103.84,103.72,103.72,880,2021-05-25 18:10:00,RARE
103.71,103.95,103.68,103.91,1800,2021-05-25 18:15:00,RARE
103.96,104.055,103.85,103.85,1593,2021-05-25 18:20:00,RARE
103.77,103.85,103.61,103.75,1400,2021-05-25 18:25:00,RARE
103.83,104.11,103.83,103.84,1500,2021-05-25 18:30:00,RARE
103.78,104.1794,103.78,104.069,13200,2021-05-25 18:35:00,RARE
104.07,104.12,103.98,104.02,2700,2021-05-25 18:40:00,RARE
103.96,103.96,103.78,103.78,1267,2021-05-25 18:45:00,RARE
103.85,103.97,103.55,103.9,13291,2021-05-25 18:50:00,RARE
103.825,103.97,103.82,103.9,900,2021-05-25 18:55:00,RARE
103.89,104.02,103.45,103.55,1979,2021-05-25 19:00:00,RARE
103.68,103.95,103.65,103.89,1500,2021-05-25 19:05:00,RARE
103.79,103.825,103.68,103.78,900,2021-05-25 19:10:00,RARE
103.815,103.815,103.5,103.5,4806,2021-05-25 19:15:00,RARE
103.58,103.78,103.5,103.73,3026,2021-05-25 19:20:00,RARE
103.84,104.03,103.76,103.76,1300,2021-05-25 19:25:00,RARE
103.91,103.995,103.73,103.865,8866,2021-05-25 19:30:00,RARE
104.05,104.19,103.92,103.92,4376,2021-05-25 19:35:00,RARE
104.04,104.24,103.96,104.09,1800,2021-05-25 19:40:00,RARE
103.95,104.05,103.75,103.77,3712,2021-05-25 19:45:00,RARE
103.45,103.84,103.31,103.84,9342,2021-05-25 19:50:00,RARE
103.75,104.14,103.54,103.61,24928,2021-05-25 19:55:00,RARE
103.83,103.83,103.83,103.83,43460,2021-05-25 20:00:00,RARE
105.1,105.1,103.02,104.55,4558,2021-05-26 13:30:00,RARE
103.0,104.08,102.8,103.418,4279,2021-05-26 13:35:00,RARE
103.3,104.39,103.1,104.07,2339,2021-05-26 13:40:00,RARE
104.09,104.09,103.66,103.6996,3884,2021-05-26 13:45:00,RARE
103.51,103.83,102.59,102.6,4423,2021-05-26 13:50:00,RARE
102.22,102.22,102.11,102.11,200,2021-05-26 13:55:00,RARE
102.43,102.76,102.295,102.465,1200,2021-05-26 14:00:00,RARE
103.05,103.53,103.05,103.53,200,2021-05-26 14:05:00,RARE
103.7,104.3,103.7,104.085,2558,2021-05-26 14:15:00,RARE
103.87,104.37,103.87,104.25,4462,2021-05-26 14:20:00,RARE
104.06,104.17,103.745,104.0,4657,2021-05-26 14:25:00,RARE
104.0,104.23,103.99,104.13,1519,2021-05-26 14:30:00,RARE
104.23,104.23,103.98,104.1,800,2021-05-26 14:35:00,RARE
104.095,104.3,104.035,104.18,1734,2021-05-26 14:40:00,RARE
104.125,104.26,104.06,104.06,1813,2021-05-26 14:45:00,RARE
104.1,104.31,103.92,104.11,11134,2021-05-26 14:50:00,RARE
104.02,104.17,103.82,104.005,14571,2021-05-26 14:55:00,RARE
104.005,104.07,103.74,103.74,2836,2021-05-26 15:00:00,RARE
103.79,103.8,103.62,103.62,500,2021-05-26 15:05:00,RARE
103.66,103.72,103.65,103.65,900,2021-05-26 15:10:00,RARE
103.67,104.54,103.66,104.36,8300,2021-05-26 15:15:00,RARE
104.2,104.2,104.2,104.2,100,2021-05-26 15:20:00,RARE
104.4,104.4,104.235,104.24,1231,2021-05-26 15:25:00,RARE
104.2,104.2,103.85,104.19,3400,2021-05-26 15:30:00,RARE
104.285,104.285,103.98,104.005,5860,2021-05-26 15:35:00,RARE
104.08,104.13,103.985,104.13,800,2021-05-26 15:40:00,RARE
104.16,104.16,104.05,104.05,400,2021-05-26 15:45:00,RARE
104.09,104.1,103.9,104.02,4400,2021-05-26 15:50:00,RARE
104.0,104.14,104.0,104.01,600,2021-05-26 15:55:00,RARE
104.025,104.1058,103.95,104.0,529,2021-05-26 16:00:00,RARE
104.14,104.14,104.02,104.02,600,2021-05-26 16:05:00,RARE
103.97,104.09,103.95,103.95,1004,2021-05-26 16:10:00,RARE
103.965,104.07,103.965,103.985,2400,2021-05-26 16:15:00,RARE
103.98,104.05,103.85,103.85,2900,2021-05-26 16:20:00,RARE
104.03,104.03,103.92,104.0,7410,2021-05-26 16:25:00,RARE
103.98,104.14,103.95,104.12,4900,2021-05-26 16:30:00,RARE
104.035,104.15,103.85,104.0,18145,2021-05-26 16:35:00,RARE
103.975,104.04,103.975,104.0,400,2021-05-26 16:40:00,RARE
103.95,104.04,103.88,104.0,1200,2021-05-26 16:45:00,RARE
103.85,103.85,103.765,103.8,1000,2021-05-26 16:50:00,RARE
103.73,103.915,103.72,103.82,1600,2021-05-26 16:55:00,RARE
103.85,103.85,103.69,103.69,800,2021-05-26 17:00:00,RARE
103.66,103.86,103.44,103.44,1400,2021-05-26 17:05:00,RARE
103.57,103.665,103.57,103.58,500,2021-05-26 17:10:00,RARE
103.57,103.62,103.55,103.55,400,2021-05-26 17:15:00,RARE
103.565,103.75,103.54,103.75,2200,2021-05-26 17:20:00,RARE
103.92,103.96,103.92,103.96,1100,2021-05-26 17:25:00,RARE
103.96,103.96,103.435,103.49,12001,2021-05-26 17:30:00,RARE
103.475,103.5,103.13,103.13,664,2021-05-26 17:35:00,RARE
103.255,103.465,103.255,103.465,400,2021-05-26 17:40:00,RARE
103.38,103.425,103.3,103.3,400,2021-05-26 17:45:00,RARE
103.325,103.325,103.13,103.24,700,2021-05-26 17:50:00,RARE
103.11,103.545,103.1,103.545,800,2021-05-26 17:55:00,RARE
103.285,103.46,103.285,103.46,200,2021-05-26 18:00:00,RARE
103.4,103.47,103.27,103.315,794,2021-05-26 18:05:00,RARE
103.35,103.49,103.08,103.1,12128,2021-05-26 18:10:00,RARE
103.085,103.165,102.96,103.165,300,2021-05-26 18:15:00,RARE
103.09,103.095,103.01,103.08,1100,2021-05-26 18:20:00,RARE
102.98,102.98,102.78,102.78,2330,2021-05-26 18:25:00,RARE
102.93,102.935,102.81,102.935,1200,2021-05-26 18:30:00,RARE
102.935,102.99,102.925,102.93,1000,2021-05-26 18:35:00,RARE
102.955,103.13,102.955,103.13,1000,2021-05-26 18:40:00,RARE
103.19,103.26,102.99,102.99,1900,2021-05-26 18:45:00,RARE
103.18,103.18,103.02,103.02,2701,2021-05-26 18:50:00,RARE
103.09,103.255,103.0,103.22,3879,2021-05-26 18:55:00,RARE
103.245,103.34,103.0,103.035,4219,2021-05-26 19:00:00,RARE
103.02,103.11,102.89,102.945,2300,2021-05-26 19:05:00,RARE
102.94,103.29,102.94,103.07,2200,2021-05-26 19:10:00,RARE
103.145,103.155,102.78,102.78,2547,2021-05-26 19:15:00,RARE
102.89,102.93,102.79,102.93,1800,2021-05-26 19:20:00,RARE
102.84,102.89,102.84,102.88,800,2021-05-26 19:25:00,RARE
102.99,103.145,102.94,103.04,2500,2021-05-26 19:30:00,RARE
103.1,103.13,102.83,102.88,2100,2021-05-26 19:35:00,RARE
102.93,103.065,102.84,103.065,1800,2021-05-26 19:40:00,RARE
103.05,103.22,102.8901,102.945,2066,2021-05-26 19:45:00,RARE
102.945,103.08,102.785,103.08,5095,2021-05-26 19:50:00,RARE
102.88,103.31,102.8,102.92,21736,2021-05-26 19:55:00,RARE
102.9,102.9,102.9,102.9,34171,2021-05-26 20:00:00,RARE
102.9,102.9,102.9,102.9,3347,2021-05-26 21:35:00,RARE
103.69,103.69,102.85,102.85,2856,2021-05-27 13:30:00,RARE
103.34,103.36,102.09,102.325,2700,2021-05-27 13:35:00,RARE
102.55,103.16,102.19,102.2,5975,2021-05-27 13:40:00,RARE
102.08,102.12,101.78,101.945,3999,2021-05-27 13:45:00,RARE
102.11,102.11,101.41,101.41,3224,2021-05-27 13:50:00,RARE
101.475,102.09,101.475,102.0,2110,2021-05-27 13:55:00,RARE
101.84,102.06,101.75,102.0,1985,2021-05-27 14:00:00,RARE
101.89,102.11,101.61,102.0,2501,2021-05-27 14:05:00,RARE
101.81,101.81,101.62,101.62,700,2021-05-27 14:10:00,RARE
101.49,101.83,101.47,101.75,1304,2021-05-27 14:15:00,RARE
102.0,102.19,101.95,102.08,12934,2021-05-27 14:20:00,RARE
102.01,102.63,102.0,102.63,32661,2021-05-27 14:25:00,RARE
102.95,103.15,102.905,103.0,1600,2021-05-27 14:30:00,RARE
103.08,103.37,103.01,103.015,14285,2021-05-27 14:35:00,RARE
102.96,103.15,102.9,103.06,3045,2021-05-27 14:40:00,RARE
102.97,103.03,102.87,102.99,1964,2021-05-27 14:45:00,RARE
102.94,102.97,102.5793,102.62,1325,2021-05-27 14:50:00,RARE
102.73,102.84,102.69,102.7,2362,2021-05-27 14:55:00,RARE
102.7,103.28,102.7,103.28,6700,2021-05-27 15:00:00,RARE
103.15,103.62,103.15,103.55,22404,2021-05-27 15:05:00,RARE
103.64,104.185,103.29,104.145,9862,2021-05-27 15:10:00,RARE
104.205,104.37,103.9015,104.175,2335,2021-05-27 15:15:00,RARE
104.14,104.46,104.14,104.46,1000,2021-05-27 15:20:00,RARE
104.22,104.48,103.98,104.26,6284,2021-05-27 15:25:00,RARE
104.22,104.52,104.2,104.52,1500,2021-05-27 15:30:00,RARE
104.49,104.51,104.05,104.149,4706,2021-05-27 15:35:00,RARE
104.16,104.16,103.97,104.0,2200,2021-05-27 15:40:00,RARE
104.1,104.27,104.025,104.27,1000,2021-05-27 15:45:00,RARE
104.12,104.12,103.72,103.72,500,2021-05-27 15:50:00,RARE
103.77,103.92,103.69,103.75,2894,2021-05-27 15:55:00,RARE
103.75,103.75,103.7,103.7,200,2021-05-27 16:00:00,RARE
103.75,103.75,103.6,103.69,500,2021-05-27 16:05:00,RARE
103.63,103.63,103.63,103.63,200,2021-05-27 16:10:00,RARE
103.635,103.83,103.635,103.66,2000,2021-05-27 16:15:00,RARE
103.65,103.65,103.27,103.34,1900,2021-05-27 16:20:00,RARE
103.305,103.44,103.19,103.3,1800,2021-05-27 16:25:00,RARE
103.34,103.36,103.04,103.26,2100,2021-05-27 16:30:00,RARE
103.34,103.46,103.2,103.2,700,2021-05-27 16:35:00,RARE
103.31,103.38,103.18,103.19,2000,2021-05-27 16:40:00,RARE
103.28,103.59,103.28,103.475,900,2021-05-27 16:45:00,RARE
103.39,103.39,103.16,103.25,1700,2021-05-27 16:50:00,RARE
103.38,103.42,103.31,103.355,1000,2021-05-27 16:55:00,RARE
103.48,103.5,103.205,103.205,4508,2021-05-27 17:00:00,RARE
103.25,103.29,103.13,103.27,1200,2021-05-27 17:05:00,RARE
103.16,103.33,103.12,103.12,900,2021-05-27 17:10:00,RARE
103.14,103.26,103.11,103.26,1900,2021-05-27 17:15:00,RARE
103.21,103.25,103.145,103.16,1100,2021-05-27 17:20:00,RARE
103.17,103.17,103.08,103.08,600,2021-05-27 17:25:00,RARE
103.21,103.45,103.12,103.35,2300,2021-05-27 17:30:00,RARE
103.7,103.705,103.47,103.56,2789,2021-05-27 17:35:00,RARE
103.63,103.63,103.34,103.34,1720,2021-05-27 17:40:00,RARE
103.33,103.33,103.0,103.19,33332,2021-05-27 17:45:00,RARE
103.38,103.445,103.18,103.31,2382,2021-05-27 17:50:00,RARE
103.51,103.51,103.24,103.38,16100,2021-05-27 17:55:00,RARE
103.2,103.64,103.2,103.39,1800,2021-05-27 18:00:00,RARE
103.26,103.29,103.0,103.08,12664,2021-05-27 18:05:00,RARE
103.005,103.01,102.78,102.83,1200,2021-05-27 18:10:00,RARE
102.925,103.08,102.78,103.08,1133,2021-05-27 18:15:00,RARE
103.175,103.27,103.01,103.065,21878,2021-05-27 18:20:00,RARE
103.14,103.265,102.9926,103.08,13216,2021-05-27 18:25:00,RARE
103.06,103.265,103.06,103.115,1421,2021-05-27 18:30:00,RARE
103.145,103.2,103.09,103.14,800,2021-05-27 18:35:00,RARE
103.215,103.31,103.065,103.2,17173,2021-05-27 18:40:00,RARE
103.2,103.39,103.19,103.19,5305,2021-05-27 18:45:00,RARE
103.27,103.39,103.27,103.33,2088,2021-05-27 18:50:00,RARE
103.47,103.47,103.24,103.24,1149,2021-05-27 18:55:00,RARE
103.21,103.21,102.83,102.86,5323,2021-05-27 19:00:00,RARE
102.8,102.83,102.67,102.69,1900,2021-05-27 19:05:00,RARE
102.705,102.82,102.67,102.76,2300,2021-05-27 19:10:00,RARE
102.76,103.11,102.76,103.005,3500,2021-05-27 19:15:00,RARE
103.05,103.08,102.7,102.74,7200,2021-05-27 19:20:00,RARE
102.76,102.88,102.71,102.88,900,2021-05-27 19:25:00,RARE
102.99,102.99,102.87,102.915,1400,2021-05-27 19:30:00,RARE
102.89,103.0,102.82,102.95,6720,2021-05-27 19:35:00,RARE
102.95,103.09,102.92,102.95,4900,2021-05-27 19:40:00,RARE
103.0,103.11,102.86,102.86,11664,2021-05-27 19:45:00,RARE
103.0,103.53,102.91,103.53,22364,2021-05-27 19:50:00,RARE
103.59,103.85,103.31,103.37,16160,2021-05-27 19:55:00,RARE
103.54,103.54,103.54,103.54,64978,2021-05-27 20:00:00,RARE
103.54,103.54,103.54,103.54,1644,2021-05-27 21:20:00,RARE
103.54,103.54,103.54,103.54,146,2021-05-28 13:05:00,RARE
104.22,105.35,104.22,105.35,3424,2021-05-28 13:30:00,RARE
104.435,104.52,103.235,103.85,1931,2021-05-28 13:40:00,RARE
104.02,104.58,103.32,103.94,5857,2021-05-28 13:45:00,RARE
103.98,105.99,103.98,104.64,1871,2021-05-28 13:50:00,RARE
104.64,104.64,104.64,104.64,100,2021-05-28 13:55:00,RARE
104.84,105.88,104.68,104.68,3668,2021-05-28 14:00:00,RARE
103.99,104.8,103.99,104.53,500,2021-05-28 14:05:00,RARE
104.22,105.06,104.21,105.03,4710,2021-05-28 14:10:00,RARE
105.01,105.05,104.39,104.42,4200,2021-05-28 14:15:00,RARE
104.23,104.55,104.1,104.28,600,2021-05-28 14:20:00,RARE
103.72,103.72,103.56,103.58,500,2021-05-28 14:25:00,RARE
103.39,104.05,103.39,103.68,1829,2021-05-28 14:30:00,RARE
103.63,103.71,103.45,103.46,500,2021-05-28 14:35:00,RARE
103.7432,103.8,103.71,103.71,600,2021-05-28 14:40:00,RARE
103.595,103.63,103.37,103.37,555,2021-05-28 14:45:00,RARE
103.12,103.12,103.0,103.0,900,2021-05-28 14:50:00,RARE
103.08,103.16,102.95,103.035,1333,2021-05-28 14:55:00,RARE
103.13,103.21,102.645,102.9268,3588,2021-05-28 15:00:00,RARE
102.61,102.83,102.61,102.61,500,2021-05-28 15:05:00,RARE
102.26,102.71,102.26,102.38,2030,2021-05-28 15:10:00,RARE
102.65,102.65,102.22,102.22,400,2021-05-28 15:15:00,RARE
102.3,102.3,102.3,102.3,100,2021-05-28 15:20:00,RARE
102.08,102.255,101.67,101.845,2359,2021-05-28 15:25:00,RARE
101.83,101.94,101.7,101.76,600,2021-05-28 15:30:00,RARE
101.815,102.0,101.44,101.83,1569,2021-05-28 15:35:00,RARE
101.81,101.95,101.68,101.95,600,2021-05-28 15:40:00,RARE
101.87,102.17,101.87,102.01,800,2021-05-28 15:45:00,RARE
102.16,102.17,101.865,101.865,2400,2021-05-28 15:50:00,RARE
101.62,101.88,101.55,101.76,2394,2021-05-28 15:55:00,RARE
101.69,101.69,101.69,101.69,200,2021-05-28 16:00:00,RARE
101.39,101.4134,101.25,101.25,800,2021-05-28 16:05:00,RARE
101.245,101.48,101.245,101.48,600,2021-05-28 16:10:00,RARE
101.36,101.58,101.22,101.385,4127,2021-05-28 16:15:00,RARE
101.27,101.28,100.95,100.95,4472,2021-05-28 16:20:00,RARE
100.955,101.58,100.955,101.58,500,2021-05-28 16:25:00,RARE
101.76,101.76,101.76,101.76,100,2021-05-28 16:30:00,RARE
102.06,102.06,101.78,101.955,7218,2021-05-28 16:35:00,RARE
101.94,102.04,101.82,101.99,9061,2021-05-28 16:40:00,RARE
102.085,102.34,102.085,102.305,6285,2021-05-28 16:45:00,RARE
102.575,102.58,102.575,102.58,300,2021-05-28 16:50:00,RARE
102.36,102.48,102.36,102.48,300,2021-05-28 16:55:00,RARE
102.41,102.58,102.4,102.58,600,2021-05-28 17:00:00,RARE
102.4,102.42,102.4,102.42,1000,2021-05-28 17:05:00,RARE
102.24,102.24,102.03,102.03,200,2021-05-28 17:10:00,RARE
101.99,102.08,101.99,102.08,200,2021-05-28 17:15:00,RARE
101.98,101.99,101.98,101.99,200,2021-05-28 17:20:00,RARE
101.69,101.97,101.63,101.86,800,2021-05-28 17:25:00,RARE
101.64,101.64,101.64,101.64,100,2021-05-28 17:30:00,RARE
101.7,101.76,101.6,101.6,1905,2021-05-28 17:35:00,RARE
101.55,101.79,101.55,101.79,900,2021-05-28 17:40:00,RARE
101.78,102.28,101.78,102.28,1923,2021-05-28 17:45:00,RARE
102.315,102.41,102.315,102.4,800,2021-05-28 17:50:00,RARE
102.4,102.5,102.39,102.39,1900,2021-05-28 17:55:00,RARE
102.39,102.64,102.39,102.53,1300,2021-05-28 18:00:00,RARE
102.4,102.63,102.4,102.555,1913,2021-05-28 18:05:00,RARE
102.555,102.78,102.555,102.78,825,2021-05-28 18:10:00,RARE
102.88,103.03,102.88,102.98,300,2021-05-28 18:15:00,RARE
102.95,103.06,102.935,102.935,819,2021-05-28 18:20:00,RARE
102.935,103.16,102.895,103.16,1000,2021-05-28 18:25:00,RARE
103.07,103.16,102.98,103.06,5938,2021-05-28 18:30:00,RARE
103.03,103.17,103.03,103.16,1100,2021-05-28 18:35:00,RARE
103.11,103.11,103.01,103.01,400,2021-05-28 18:40:00,RARE
103.11,103.39,103.02,103.39,1500,2021-05-28 18:45:00,RARE
103.07,103.3,103.07,103.3,800,2021-05-28 18:50:00,RARE
103.08,103.08,103.08,103.08,200,2021-05-28 18:55:00,RARE
103.07,103.1,102.95,102.95,500,2021-05-28 19:00:00,RARE
103.09,103.09,102.81,103.0,600,2021-05-28 19:05:00,RARE
102.91,102.91,102.645,102.71,600,2021-05-28 19:10:00,RARE
102.67,102.82,102.53,102.73,700,2021-05-28 19:15:00,RARE
102.72,102.72,102.72,102.72,100,2021-05-28 19:20:00,RARE
102.72,102.72,102.47,102.47,500,2021-05-28 19:25:00,RARE
102.46,102.575,102.46,102.51,900,2021-05-28 19:30:00,RARE
102.48,102.51,102.47,102.5,400,2021-05-28 19:35:00,RARE
102.42,102.49,101.93,101.93,1100,2021-05-28 19:40:00,RARE
101.98,101.98,101.84,101.84,400,2021-05-28 19:45:00,RARE
101.98,102.09,101.7,102.0,9507,2021-05-28 19:50:00,RARE
101.825,102.05,101.53,101.84,16240,2021-05-28 19:55:00,RARE
101.71,101.71,101.71,101.71,38604,2021-05-28 20:00:00,RARE
