open,high,low,close,volume,datetime,symbol
258.01,258.01,258.01,258.01,100,2020-09-14 12:00:00,WIX
258.5,258.5,258.5,258.5,108,2020-09-14 12:55:00,WIX
258.5,259.88,258.5,259.88,200,2020-09-14 13:15:00,WIX
258.91,259.475,257.38,257.38,6321,2020-09-14 13:30:00,WIX
258.4,258.78,257.22,258.69,4234,2020-09-14 13:35:00,WIX
258.02,259.13,258.02,258.8163,3684,2020-09-14 13:40:00,WIX
258.645,260.4941,258.645,259.6574,12834,2020-09-14 13:45:00,WIX
259.94,259.99,258.78,258.78,2000,2020-09-14 13:50:00,WIX
259.54,259.94,258.77,259.83,800,2020-09-14 13:55:00,WIX
259.58,259.58,258.38,258.795,1778,2020-09-14 14:00:00,WIX
258.315,258.37,257.28,257.28,1961,2020-09-14 14:05:00,WIX
257.93,258.55,257.4,258.05,5900,2020-09-14 14:10:00,WIX
258.43,258.43,257.57,257.785,1898,2020-09-14 14:15:00,WIX
257.78,258.5,257.06,257.06,6699,2020-09-14 14:20:00,WIX
257.1,257.6595,256.83,256.855,3592,2020-09-14 14:25:00,WIX
256.73,256.871,256.07,256.675,2016,2020-09-14 14:30:00,WIX
256.785,257.45,256.57,256.8,2254,2020-09-14 14:35:00,WIX
256.53,256.53,255.5,255.98,9043,2020-09-14 14:40:00,WIX
255.01,255.01,254.62,254.74,22710,2020-09-14 14:45:00,WIX
254.72,256.0,254.4,255.86,7584,2020-09-14 14:50:00,WIX
255.98,257.8,255.79,257.8,10900,2020-09-14 14:55:00,WIX
257.83,258.3,257.82,258.3,616,2020-09-14 15:00:00,WIX
258.99,259.48,258.77,259.32,6144,2020-09-14 15:05:00,WIX
258.62,259.055,257.97,259.055,1020,2020-09-14 15:10:00,WIX
259.085,260.15,259.085,260.15,1970,2020-09-14 15:15:00,WIX
260.3705,261.0483,260.12,260.53,2700,2020-09-14 15:20:00,WIX
260.1,260.42,258.85,259.15,3000,2020-09-14 15:25:00,WIX
259.265,259.265,258.0,258.08,1892,2020-09-14 15:30:00,WIX
258.43,258.43,257.32,258.2,2460,2020-09-14 15:35:00,WIX
258.66,258.66,257.87,257.87,600,2020-09-14 15:40:00,WIX
258.13,258.155,257.24,257.27,1950,2020-09-14 15:45:00,WIX
257.75,258.67,257.16,258.67,2230,2020-09-14 15:50:00,WIX
258.86,259.06,258.33,258.5727,1953,2020-09-14 15:55:00,WIX
258.7116,259.4299,258.71,259.4299,1600,2020-09-14 16:00:00,WIX
258.8,258.8,258.46,258.6599,700,2020-09-14 16:05:00,WIX
258.96,259.115,258.48,258.48,1200,2020-09-14 16:10:00,WIX
257.82,257.82,257.19,257.19,1000,2020-09-14 16:15:00,WIX
257.0,257.31,256.1,257.31,740,2020-09-14 16:20:00,WIX
257.53,257.56,257.04,257.12,975,2020-09-14 16:25:00,WIX
257.18,257.18,256.0,256.0,2100,2020-09-14 16:30:00,WIX
256.14,256.56,255.48,255.69,7908,2020-09-14 16:35:00,WIX
255.94,256.82,255.92,256.82,2580,2020-09-14 16:40:00,WIX
256.75,257.12,256.4426,256.7,2250,2020-09-14 16:45:00,WIX
256.565,256.79,256.17,256.17,700,2020-09-14 16:50:00,WIX
256.03,256.25,255.8,256.25,2679,2020-09-14 16:55:00,WIX
256.53,256.53,256.09,256.21,1454,2020-09-14 17:00:00,WIX
256.51,256.51,255.935,255.935,1440,2020-09-14 17:05:00,WIX
255.91,255.91,255.73,255.73,300,2020-09-14 17:10:00,WIX
255.44,255.44,254.82,254.84,500,2020-09-14 17:15:00,WIX
254.91,255.1,254.36,254.55,1803,2020-09-14 17:20:00,WIX
254.5836,255.43,254.5836,255.08,1445,2020-09-14 17:25:00,WIX
255.02,255.02,254.15,254.39,1100,2020-09-14 17:30:00,WIX
254.87,255.19,254.86,255.17,500,2020-09-14 17:35:00,WIX
255.4,255.83,255.25,255.83,1814,2020-09-14 17:40:00,WIX
255.37,255.975,255.37,255.82,900,2020-09-14 17:45:00,WIX
255.89,256.12,255.705,256.12,900,2020-09-14 17:50:00,WIX
256.01,256.5299,255.9,256.14,1896,2020-09-14 17:55:00,WIX
255.84,255.84,255.12,255.44,2193,2020-09-14 18:00:00,WIX
255.72,255.89,255.56,255.88,1100,2020-09-14 18:05:00,WIX
255.64,255.755,255.45,255.68,2126,2020-09-14 18:10:00,WIX
255.68,255.895,255.49,255.58,1200,2020-09-14 18:15:00,WIX
255.69,256.46,255.69,256.265,1100,2020-09-14 18:20:00,WIX
255.9,255.9,255.17,255.505,1570,2020-09-14 18:25:00,WIX
255.7,256.18,255.5,255.82,1600,2020-09-14 18:30:00,WIX
255.8265,255.89,255.78,255.89,1308,2020-09-14 18:35:00,WIX
256.19,256.19,255.97,255.97,300,2020-09-14 18:40:00,WIX
255.69,255.96,255.36,255.76,1300,2020-09-14 18:45:00,WIX
255.78,256.42,255.64,255.76,5706,2020-09-14 18:50:00,WIX
255.55,256.1,255.3051,256.1,1306,2020-09-14 18:55:00,WIX
256.08,256.19,255.585,255.64,2400,2020-09-14 19:00:00,WIX
256.05,256.08,255.62,255.94,1000,2020-09-14 19:05:00,WIX
255.85,256.29,255.81,256.08,2700,2020-09-14 19:10:00,WIX
256.08,256.62,255.88,256.51,1900,2020-09-14 19:15:00,WIX
256.46,256.46,255.65,255.96,2726,2020-09-14 19:20:00,WIX
256.09,256.555,256.09,256.26,2200,2020-09-14 19:25:00,WIX
256.46,256.46,255.7225,256.1,2395,2020-09-14 19:30:00,WIX
256.02,256.345,255.65,256.18,5113,2020-09-14 19:35:00,WIX
256.1594,256.32,255.47,255.47,8416,2020-09-14 19:40:00,WIX
255.455,255.455,254.85,255.285,12395,2020-09-14 19:45:00,WIX
255.12,255.13,254.32,254.52,17616,2020-09-14 19:50:00,WIX
254.62,254.87,254.11,254.46,32815,2020-09-14 19:55:00,WIX
254.55,254.55,254.55,254.55,27950,2020-09-14 20:00:00,WIX
254.55,254.55,254.55,254.55,13614,2020-09-14 20:30:00,WIX
255.1,255.1,255.1,255.1,100,2020-09-14 21:35:00,WIX
257.02,257.02,257.02,257.02,800,2020-09-14 22:20:00,WIX
257.75,257.75,256.01,256.01,909,2020-09-14 23:40:00,WIX
258.94,258.99,256.815,256.815,8482,2020-09-15 13:30:00,WIX
257.53,259.22,256.82,258.4994,3544,2020-09-15 13:35:00,WIX
259.25,260.27,258.62,260.18,4376,2020-09-15 13:40:00,WIX
259.56,260.47,259.2,260.1535,3835,2020-09-15 13:45:00,WIX
259.78,261.69,259.78,261.31,2800,2020-09-15 13:50:00,WIX
261.18,261.68,260.13,261.28,4629,2020-09-15 13:55:00,WIX
261.64,261.64,260.4,260.54,1900,2020-09-15 14:00:00,WIX
259.935,260.465,259.0,260.465,3213,2020-09-15 14:05:00,WIX
260.235,260.355,257.8047,258.1,8259,2020-09-15 14:10:00,WIX
258.3,258.5282,256.85,256.85,2300,2020-09-15 14:15:00,WIX
257.06,257.07,256.0,256.0,2892,2020-09-15 14:20:00,WIX
256.37,257.06,255.875,256.99,3151,2020-09-15 14:25:00,WIX
256.915,256.93,256.435,256.435,900,2020-09-15 14:30:00,WIX
256.83,257.345,255.11,255.41,7471,2020-09-15 14:35:00,WIX
255.1,255.385,254.01,254.01,3915,2020-09-15 14:40:00,WIX
254.36,254.42,254.0,254.1,1489,2020-09-15 14:45:00,WIX
254.27,254.89,254.055,254.89,1200,2020-09-15 14:50:00,WIX
255.3643,256.58,255.3643,256.235,2409,2020-09-15 14:55:00,WIX
255.98,257.43,255.98,257.137,1200,2020-09-15 15:00:00,WIX
257.4401,258.12,257.32,257.95,1997,2020-09-15 15:05:00,WIX
257.79,257.8,257.0,257.33,1300,2020-09-15 15:10:00,WIX
256.94,256.94,256.44,256.44,822,2020-09-15 15:15:00,WIX
256.765,256.87,256.4,256.62,3300,2020-09-15 15:20:00,WIX
256.45,256.94,256.37,256.63,2442,2020-09-15 15:25:00,WIX
257.1359,257.945,256.99,257.945,900,2020-09-15 15:30:00,WIX
258.45,258.58,258.07,258.07,1000,2020-09-15 15:35:00,WIX
258.335,258.815,258.335,258.34,3330,2020-09-15 15:40:00,WIX
258.25,258.3,258.16,258.29,500,2020-09-15 15:45:00,WIX
257.44,257.855,256.56,256.56,1898,2020-09-15 15:50:00,WIX
256.995,256.995,256.54,256.93,1100,2020-09-15 15:55:00,WIX
257.85,258.45,257.6,258.45,4500,2020-09-15 16:00:00,WIX
259.2799,259.37,258.395,258.395,3198,2020-09-15 16:05:00,WIX
258.5376,258.5376,257.05,257.07,3797,2020-09-15 16:10:00,WIX
256.88,257.54,256.335,257.18,4500,2020-09-15 16:15:00,WIX
257.38,257.38,257.36,257.36,200,2020-09-15 16:20:00,WIX
257.47,257.81,257.15,257.81,900,2020-09-15 16:25:00,WIX
257.665,257.95,257.665,257.67,846,2020-09-15 16:30:00,WIX
257.805,257.9,257.21,257.23,3000,2020-09-15 16:35:00,WIX
257.56,258.165,257.56,257.93,400,2020-09-15 16:40:00,WIX
257.9,257.97,257.135,257.135,2898,2020-09-15 16:45:00,WIX
257.5299,257.5299,257.33,257.42,500,2020-09-15 16:50:00,WIX
257.46,257.53,257.18,257.5,500,2020-09-15 16:55:00,WIX
257.5,257.85,257.26,257.26,900,2020-09-15 17:00:00,WIX
257.33,258.06,257.33,258.06,1226,2020-09-15 17:05:00,WIX
257.9,257.9,257.9,257.9,100,2020-09-15 17:10:00,WIX
257.6,257.6,257.6,257.6,100,2020-09-15 17:15:00,WIX
258.11,258.11,257.56,257.56,914,2020-09-15 17:20:00,WIX
257.695,257.82,257.57,257.65,3015,2020-09-15 17:25:00,WIX
257.89,258.37,257.72,258.3101,5400,2020-09-15 17:30:00,WIX
258.4358,259.29,258.405,258.85,10099,2020-09-15 17:35:00,WIX
259.14,259.3,258.8,258.87,6818,2020-09-15 17:40:00,WIX
258.91,259.25,258.91,259.22,1820,2020-09-15 17:45:00,WIX
259.01,259.5,259.01,259.26,5034,2020-09-15 17:50:00,WIX
259.285,259.45,258.1901,258.47,5746,2020-09-15 17:55:00,WIX
258.62,258.8156,257.58,257.822,7491,2020-09-15 18:00:00,WIX
258.0269,258.0269,256.725,257.02,3925,2020-09-15 18:05:00,WIX
256.853,257.845,256.853,257.7272,2240,2020-09-15 18:10:00,WIX
257.87,258.535,257.87,258.345,2334,2020-09-15 18:15:00,WIX
258.3,258.74,258.26,258.74,1601,2020-09-15 18:20:00,WIX
258.6899,259.43,258.66,259.29,3247,2020-09-15 18:25:00,WIX
259.17,259.25,258.76,258.8802,3310,2020-09-15 18:30:00,WIX
259.05,259.29,258.85,259.2563,1701,2020-09-15 18:35:00,WIX
259.135,262.0,259.09,261.541,18658,2020-09-15 18:40:00,WIX
261.26,261.55,261.086,261.086,1829,2020-09-15 18:45:00,WIX
261.43,261.43,260.5591,260.605,1550,2020-09-15 18:50:00,WIX
260.85,261.1,260.59,260.8,2500,2020-09-15 18:55:00,WIX
260.93,260.93,260.29,260.39,2850,2020-09-15 19:00:00,WIX
260.37,260.37,259.4,259.65,4567,2020-09-15 19:05:00,WIX
259.61,260.235,259.195,260.07,4834,2020-09-15 19:10:00,WIX
260.32,260.32,259.75,259.75,2841,2020-09-15 19:15:00,WIX
260.02,260.1,259.22,259.55,3539,2020-09-15 19:20:00,WIX
259.58,260.57,259.4,260.45,4492,2020-09-15 19:25:00,WIX
260.72,260.72,259.04,259.04,3004,2020-09-15 19:30:00,WIX
259.13,259.3433,257.14,257.535,16389,2020-09-15 19:35:00,WIX
257.705,258.6,257.405,258.54,7241,2020-09-15 19:40:00,WIX
258.3,259.55,258.3,259.185,5207,2020-09-15 19:45:00,WIX
259.45,259.45,258.54,259.33,11932,2020-09-15 19:50:00,WIX
259.22,260.31,258.95,260.31,25222,2020-09-15 19:55:00,WIX
260.04,260.04,260.04,260.04,24463,2020-09-15 20:00:00,WIX
260.04,260.04,260.04,260.04,2200,2020-09-15 20:10:00,WIX
260.04,260.04,260.04,260.04,5472,2020-09-15 20:30:00,WIX
264.0,264.0,264.0,264.0,151,2020-09-16 11:55:00,WIX
261.51,262.1175,260.66,261.0,12708,2020-09-16 13:30:00,WIX
261.485,262.74,261.0,261.9005,2122,2020-09-16 13:35:00,WIX
262.92,263.2,261.91,261.91,2563,2020-09-16 13:40:00,WIX
261.0,261.0,258.5,258.53,1930,2020-09-16 13:45:00,WIX
258.0,259.16,257.31,259.16,1612,2020-09-16 13:50:00,WIX
258.8779,258.8779,258.5285,258.83,400,2020-09-16 13:55:00,WIX
258.15,258.15,257.01,257.565,2248,2020-09-16 14:00:00,WIX
257.4382,257.75,256.95,257.75,3767,2020-09-16 14:05:00,WIX
257.64,258.12,257.185,257.4,2275,2020-09-16 14:10:00,WIX
257.55,257.55,255.29,255.93,3462,2020-09-16 14:15:00,WIX
256.11,257.22,255.95,257.21,3534,2020-09-16 14:20:00,WIX
257.1134,257.1134,256.29,256.74,2151,2020-09-16 14:25:00,WIX
256.85,256.9415,256.33,256.5,2172,2020-09-16 14:30:00,WIX
256.86,256.86,255.98,256.1,2250,2020-09-16 14:35:00,WIX
256.3399,256.3399,254.16,254.16,7508,2020-09-16 14:40:00,WIX
253.31,253.595,252.67,253.03,7260,2020-09-16 14:45:00,WIX
253.07,253.97,252.7,253.75,5541,2020-09-16 14:50:00,WIX
254.24,254.78,254.1935,254.1935,1200,2020-09-16 14:55:00,WIX
254.06,254.95,254.06,254.95,1500,2020-09-16 15:00:00,WIX
254.89,255.3281,254.6,254.6,3000,2020-09-16 15:05:00,WIX
254.71,255.54,254.37,255.54,5927,2020-09-16 15:10:00,WIX
255.645,255.84,254.93,255.25,1840,2020-09-16 15:15:00,WIX
255.74,256.0,255.719,255.86,3900,2020-09-16 15:20:00,WIX
255.41,255.46,255.06,255.06,1300,2020-09-16 15:25:00,WIX
255.32,256.0,255.32,256.0,911,2020-09-16 15:30:00,WIX
255.868,256.27,255.72,255.8213,1525,2020-09-16 15:35:00,WIX
255.68,255.7448,255.47,255.47,600,2020-09-16 15:40:00,WIX
255.5781,255.6,255.5781,255.6,200,2020-09-16 15:45:00,WIX
255.18,255.66,255.14,255.66,3000,2020-09-16 15:50:00,WIX
255.65,256.035,255.21,255.8,2398,2020-09-16 15:55:00,WIX
256.01,257.35,255.98,257.35,2773,2020-09-16 16:00:00,WIX
257.36,257.99,257.29,257.865,4100,2020-09-16 16:05:00,WIX
257.98,258.13,257.51,257.77,2220,2020-09-16 16:10:00,WIX
257.9145,257.9145,257.53,257.53,470,2020-09-16 16:15:00,WIX
257.34,257.85,257.04,257.78,1411,2020-09-16 16:25:00,WIX
257.5,257.755,256.74,256.74,700,2020-09-16 16:30:00,WIX
256.7,257.16,256.67,257.13,900,2020-09-16 16:35:00,WIX
257.28,257.28,257.22,257.22,500,2020-09-16 16:40:00,WIX
256.75,256.9728,256.75,256.9728,1746,2020-09-16 16:45:00,WIX
256.98,257.2,256.88,257.2,600,2020-09-16 16:50:00,WIX
257.93,257.93,257.93,257.93,370,2020-09-16 16:55:00,WIX
257.725,258.38,257.5559,258.38,700,2020-09-16 17:00:00,WIX
257.94,258.02,257.44,257.44,800,2020-09-16 17:05:00,WIX
257.32,257.6067,256.7,257.6067,1934,2020-09-16 17:10:00,WIX
257.58,257.58,257.345,257.345,300,2020-09-16 17:15:00,WIX
256.8607,257.1499,256.76,257.1499,626,2020-09-16 17:20:00,WIX
256.53,256.72,256.14,256.72,1280,2020-09-16 17:25:00,WIX
256.845,256.845,256.33,256.45,400,2020-09-16 17:30:00,WIX
255.94,255.94,255.76,255.76,200,2020-09-16 17:35:00,WIX
255.93,256.42,255.93,255.95,1604,2020-09-16 17:40:00,WIX
256.44,256.44,256.44,256.44,100,2020-09-16 17:45:00,WIX
256.535,256.7,256.01,256.01,1856,2020-09-16 17:50:00,WIX
256.2,256.2,255.88,256.11,1750,2020-09-16 17:55:00,WIX
256.47,257.34,256.47,257.315,1000,2020-09-16 18:00:00,WIX
256.775,257.9,256.53,256.64,1600,2020-09-16 18:05:00,WIX
256.68,257.45,256.39,256.92,900,2020-09-16 18:10:00,WIX
257.65,258.54,257.65,258.3207,1000,2020-09-16 18:15:00,WIX
258.41,258.41,257.64,258.01,1050,2020-09-16 18:20:00,WIX
257.43,257.62,257.28,257.62,900,2020-09-16 18:25:00,WIX
257.78,257.78,257.47,257.47,300,2020-09-16 18:30:00,WIX
257.05,257.19,257.0405,257.0405,370,2020-09-16 18:35:00,WIX
257.582,257.582,257.1,257.32,643,2020-09-16 18:40:00,WIX
256.51,256.51,255.33,255.33,1817,2020-09-16 18:45:00,WIX
255.35,255.555,254.8,254.8,2679,2020-09-16 18:50:00,WIX
254.91,255.28,254.7,255.28,3141,2020-09-16 18:55:00,WIX
255.15,255.555,255.03,255.08,1646,2020-09-16 19:00:00,WIX
255.05,255.44,254.84,254.84,1200,2020-09-16 19:05:00,WIX
254.8347,254.8347,254.05,254.38,2561,2020-09-16 19:10:00,WIX
254.41,254.9,253.96,254.9,2700,2020-09-16 19:15:00,WIX
254.8,254.905,254.22,254.22,2170,2020-09-16 19:20:00,WIX
253.965,254.17,253.5801,254.07,1594,2020-09-16 19:25:00,WIX
253.62,253.9,252.775,253.8,2008,2020-09-16 19:30:00,WIX
254.0728,254.2116,253.36,253.36,3945,2020-09-16 19:35:00,WIX
253.0,254.4,253.0,254.22,5786,2020-09-16 19:40:00,WIX
254.11,255.71,254.11,254.775,6009,2020-09-16 19:45:00,WIX
254.48,254.91,253.63,254.02,8590,2020-09-16 19:50:00,WIX
253.79,254.21,253.57,254.095,7995,2020-09-16 19:55:00,WIX
254.26,254.26,254.26,254.26,12446,2020-09-16 20:00:00,WIX
254.26,254.26,254.26,254.26,8526,2020-09-16 20:30:00,WIX
246.19,248.81,243.99,246.09,12391,2020-09-17 13:30:00,WIX
245.53,246.69,245.43,246.5,1161,2020-09-17 13:35:00,WIX
246.78,247.5,245.1178,245.86,7494,2020-09-17 13:40:00,WIX
246.19,247.85,246.19,247.45,2603,2020-09-17 13:45:00,WIX
247.43,248.67,246.6273,248.47,5066,2020-09-17 13:50:00,WIX
248.48,249.7,248.46,249.33,2453,2020-09-17 13:55:00,WIX
249.78,249.9,248.95,248.95,3474,2020-09-17 14:00:00,WIX
248.98,250.2695,248.94,249.94,2600,2020-09-17 14:05:00,WIX
250.2056,250.2056,249.32,249.44,3632,2020-09-17 14:10:00,WIX
249.39,249.39,248.481,249.18,1400,2020-09-17 14:15:00,WIX
249.27,249.575,247.64,247.64,1802,2020-09-17 14:20:00,WIX
247.29,247.29,246.12,246.64,1300,2020-09-17 14:25:00,WIX
246.74,247.77,246.15,247.72,6900,2020-09-17 14:30:00,WIX
248.44,248.8,247.46,248.77,6230,2020-09-17 14:35:00,WIX
249.035,250.16,249.035,250.075,6000,2020-09-17 14:40:00,WIX
250.29,250.89,249.99,249.99,9500,2020-09-17 14:45:00,WIX
250.31,250.5,249.75,250.27,2100,2020-09-17 14:50:00,WIX
250.02,250.03,248.54,248.7189,2200,2020-09-17 14:55:00,WIX
249.72,250.84,249.7,250.3257,3275,2020-09-17 15:00:00,WIX
250.49,251.82,250.3,251.59,3307,2020-09-17 15:05:00,WIX
251.76,252.18,251.1,251.1,3199,2020-09-17 15:10:00,WIX
251.09,251.23,250.22,250.45,4648,2020-09-17 15:15:00,WIX
250.24,250.48,249.8884,250.05,2813,2020-09-17 15:20:00,WIX
250.03,250.97,249.75,250.97,2810,2020-09-17 15:25:00,WIX
251.16,251.31,250.2501,250.2501,2600,2020-09-17 15:30:00,WIX
250.51,250.61,250.315,250.48,1100,2020-09-17 15:35:00,WIX
250.39,250.39,249.0,249.0,2000,2020-09-17 15:40:00,WIX
248.19,248.21,247.49,247.92,2082,2020-09-17 15:45:00,WIX
248.0139,248.0139,247.55,247.86,1648,2020-09-17 15:50:00,WIX
247.87,248.21,247.87,248.01,891,2020-09-17 15:55:00,WIX
247.83,248.75,247.82,248.51,1822,2020-09-17 16:00:00,WIX
248.72,248.72,247.7,247.97,1900,2020-09-17 16:05:00,WIX
248.01,248.01,247.07,247.2792,1045,2020-09-17 16:10:00,WIX
247.81,247.82,247.35,247.55,1998,2020-09-17 16:15:00,WIX
248.08,248.51,247.74,248.07,1920,2020-09-17 16:20:00,WIX
247.65,248.205,247.465,248.12,1863,2020-09-17 16:25:00,WIX
247.87,248.36,247.765,248.36,612,2020-09-17 16:30:00,WIX
248.15,248.685,248.14,248.6397,1987,2020-09-17 16:35:00,WIX
248.45,249.11,248.28,248.3195,1317,2020-09-17 16:40:00,WIX
248.21,248.21,247.5,247.71,1325,2020-09-17 16:45:00,WIX
248.21,248.28,247.98,248.28,800,2020-09-17 16:50:00,WIX
248.6347,249.215,248.62,249.215,2033,2020-09-17 16:55:00,WIX
249.37,249.58,248.8911,249.1601,2999,2020-09-17 17:00:00,WIX
249.59,250.74,249.59,250.73,1612,2020-09-17 17:05:00,WIX
250.28,250.28,249.83,249.83,700,2020-09-17 17:10:00,WIX
250.0,250.0,249.49,249.49,1314,2020-09-17 17:15:00,WIX
249.84,249.92,249.73,249.77,800,2020-09-17 17:20:00,WIX
250.48,250.89,250.48,250.89,697,2020-09-17 17:25:00,WIX
250.76,251.4154,250.76,251.27,500,2020-09-17 17:30:00,WIX
251.65,252.19,251.42,251.42,1998,2020-09-17 17:35:00,WIX
252.135,252.905,251.57,252.905,3418,2020-09-17 17:40:00,WIX
252.49,252.68,252.23,252.68,909,2020-09-17 17:45:00,WIX
252.775,252.775,252.065,252.17,1700,2020-09-17 17:50:00,WIX
251.91,252.03,251.695,252.0294,694,2020-09-17 17:55:00,WIX
252.04,252.3,251.73,252.15,1940,2020-09-17 18:00:00,WIX
252.49,252.97,252.35,252.62,2157,2020-09-17 18:05:00,WIX
252.81,253.56,252.81,253.41,1324,2020-09-17 18:10:00,WIX
253.19,253.32,252.93,253.155,1200,2020-09-17 18:15:00,WIX
253.11,253.11,252.78,252.93,1541,2020-09-17 18:20:00,WIX
252.93,252.93,251.33,251.57,1300,2020-09-17 18:25:00,WIX
251.34,251.48,250.93,251.145,1500,2020-09-17 18:30:00,WIX
251.1355,251.532,250.86,250.86,1798,2020-09-17 18:35:00,WIX
251.11,252.24,251.055,252.24,900,2020-09-17 18:40:00,WIX
251.97,252.29,251.76,251.78,1100,2020-09-17 18:45:00,WIX
252.06,252.09,251.59,252.08,1748,2020-09-17 18:50:00,WIX
252.08,252.54,252.06,252.54,1104,2020-09-17 18:55:00,WIX
252.54,252.54,251.49,251.55,2400,2020-09-17 19:00:00,WIX
251.46,252.02,251.38,252.02,2200,2020-09-17 19:05:00,WIX
252.27,253.03,252.27,253.01,3460,2020-09-17 19:10:00,WIX
253.01,253.01,252.48,252.85,1891,2020-09-17 19:15:00,WIX
252.86,253.05,251.82,251.9327,3802,2020-09-17 19:20:00,WIX
251.72,251.91,251.28,251.66,1400,2020-09-17 19:25:00,WIX
251.57,253.18,251.57,253.18,3400,2020-09-17 19:30:00,WIX
253.17,253.17,252.37,253.04,3200,2020-09-17 19:35:00,WIX
253.48,253.76,252.87,253.0,5500,2020-09-17 19:40:00,WIX
252.9,253.97,252.62,253.775,7940,2020-09-17 19:45:00,WIX
253.75,254.37,253.57,254.19,8839,2020-09-17 19:50:00,WIX
254.19,254.19,253.33,253.33,14240,2020-09-17 19:55:00,WIX
253.39,253.39,253.39,253.39,18180,2020-09-17 20:00:00,WIX
253.39,253.39,253.39,253.39,9337,2020-09-17 20:35:00,WIX
256.5,256.5,256.5,256.5,800,2020-09-17 23:35:00,WIX
256.67,256.98,254.735,255.24,7612,2020-09-18 13:30:00,WIX
254.805,255.05,253.455,254.4,1300,2020-09-18 13:35:00,WIX
253.77,254.98,253.18,254.98,2400,2020-09-18 13:40:00,WIX
255.42,256.55,253.28,253.29,4200,2020-09-18 13:45:00,WIX
253.2,253.65,253.2,253.65,701,2020-09-18 13:50:00,WIX
253.64,253.94,253.64,253.68,1200,2020-09-18 13:55:00,WIX
254.1,254.8725,253.945,254.8725,1005,2020-09-18 14:00:00,WIX
256.05,256.49,255.35,255.35,1600,2020-09-18 14:05:00,WIX
255.36,255.36,254.65,254.78,2750,2020-09-18 14:10:00,WIX
255.15,255.31,254.05,254.05,1300,2020-09-18 14:15:00,WIX
253.65,254.22,253.11,253.84,2600,2020-09-18 14:20:00,WIX
253.04,253.04,251.76,252.115,914,2020-09-18 14:25:00,WIX
252.45,252.71,251.39,252.7,1301,2020-09-18 14:30:00,WIX
252.14,252.38,251.52,251.98,1954,2020-09-18 14:35:00,WIX
251.88,253.0,251.88,253.0,1362,2020-09-18 14:40:00,WIX
252.5,252.5,251.64,251.64,2020,2020-09-18 14:45:00,WIX
251.8,251.94,250.58,250.58,1101,2020-09-18 14:50:00,WIX
250.57,250.74,250.15,250.435,1186,2020-09-18 14:55:00,WIX
250.35,251.025,250.22,251.025,1500,2020-09-18 15:00:00,WIX
251.51,251.98,251.35,251.35,1120,2020-09-18 15:05:00,WIX
251.16,251.16,250.35,251.01,1700,2020-09-18 15:10:00,WIX
251.55,251.55,250.56,250.56,2420,2020-09-18 15:15:00,WIX
250.98,252.31,250.98,252.04,1605,2020-09-18 15:20:00,WIX
252.02,252.02,251.3,251.67,1800,2020-09-18 15:25:00,WIX
251.2081,251.67,250.95,250.95,500,2020-09-18 15:30:00,WIX
250.822,251.11,250.28,251.11,1300,2020-09-18 15:35:00,WIX
250.74,250.74,250.21,250.21,500,2020-09-18 15:40:00,WIX
250.86,251.615,250.8027,251.615,1250,2020-09-18 15:45:00,WIX
251.74,251.74,251.3347,251.51,700,2020-09-18 15:50:00,WIX
251.72,252.19,251.72,252.19,800,2020-09-18 15:55:00,WIX
251.59,251.79,251.27,251.59,1000,2020-09-18 16:00:00,WIX
251.78,252.949,251.715,252.79,1100,2020-09-18 16:05:00,WIX
252.82,252.9,251.79,251.91,1400,2020-09-18 16:10:00,WIX
251.8,251.99,251.421,251.421,1182,2020-09-18 16:15:00,WIX
251.685,251.99,251.44,251.99,1000,2020-09-18 16:20:00,WIX
251.92,252.2,251.56,251.845,1500,2020-09-18 16:25:00,WIX
251.68,251.68,250.7,250.7,1183,2020-09-18 16:30:00,WIX
250.68,250.8,250.34,250.68,600,2020-09-18 16:35:00,WIX
250.48,250.71,250.38,250.62,700,2020-09-18 16:40:00,WIX
250.69,251.07,250.4,250.64,2700,2020-09-18 16:45:00,WIX
250.3,250.705,250.2,250.59,1000,2020-09-18 16:50:00,WIX
250.77,251.05,250.56,250.93,900,2020-09-18 16:55:00,WIX
251.11,251.325,250.86,250.88,1300,2020-09-18 17:00:00,WIX
250.8,250.8,250.1,250.38,2100,2020-09-18 17:05:00,WIX
250.24,250.63,249.2,250.46,9260,2020-09-18 17:10:00,WIX
250.595,250.595,249.85,249.85,800,2020-09-18 17:15:00,WIX
250.085,250.322,249.8,249.8,500,2020-09-18 17:20:00,WIX
249.775,249.775,248.85,249.13,2752,2020-09-18 17:25:00,WIX
248.775,250.08,248.37,250.08,2500,2020-09-18 17:30:00,WIX
249.93,250.225,249.43,250.14,3090,2020-09-18 17:35:00,WIX
250.41,250.6,249.99,250.4,3200,2020-09-18 17:40:00,WIX
250.35,250.45,250.07,250.07,2600,2020-09-18 17:45:00,WIX
250.34,250.54,250.1,250.34,3000,2020-09-18 17:50:00,WIX
250.335,251.095,250.22,251.095,2644,2020-09-18 17:55:00,WIX
250.89,251.02,250.22,250.535,2122,2020-09-18 18:00:00,WIX
250.43,250.74,249.95,250.07,3425,2020-09-18 18:05:00,WIX
250.06,250.28,249.48,249.72,4050,2020-09-18 18:10:00,WIX
249.72,249.72,249.35,249.35,1200,2020-09-18 18:15:00,WIX
249.55,250.49,249.46,250.085,3658,2020-09-18 18:20:00,WIX
249.96,250.16,249.66,249.66,2400,2020-09-18 18:25:00,WIX
249.64,250.44,249.64,250.44,2300,2020-09-18 18:30:00,WIX
250.25,250.32,249.633,250.09,1875,2020-09-18 18:35:00,WIX
250.27,250.38,250.02,250.02,1404,2020-09-18 18:40:00,WIX
250.42,250.93,250.25,250.93,1500,2020-09-18 18:45:00,WIX
250.45,251.25,250.41,251.18,2345,2020-09-18 18:50:00,WIX
251.35,251.66,251.08,251.66,1800,2020-09-18 18:55:00,WIX
251.61,252.39,251.38,252.38,3000,2020-09-18 19:00:00,WIX
252.09,252.54,251.81,251.87,1972,2020-09-18 19:05:00,WIX
251.64,252.02,251.44,251.605,1258,2020-09-18 19:10:00,WIX
251.91,252.16,251.8,252.01,1438,2020-09-18 19:15:00,WIX
252.055,252.22,251.815,252.18,900,2020-09-18 19:20:00,WIX
252.21,252.68,252.21,252.38,2000,2020-09-18 19:25:00,WIX
252.68,253.225,252.57,253.115,4600,2020-09-18 19:30:00,WIX
253.285,253.66,253.13,253.13,3148,2020-09-18 19:35:00,WIX
253.0,253.26,252.65,252.86,5125,2020-09-18 19:40:00,WIX
252.885,253.47,252.885,253.29,7828,2020-09-18 19:45:00,WIX
253.18,253.19,251.83,252.22,26462,2020-09-18 19:50:00,WIX
252.22,252.665,251.7,251.93,22037,2020-09-18 19:55:00,WIX
251.94,252.28,251.93,252.28,437257,2020-09-18 20:00:00,WIX
245.5004,245.5004,245.5004,245.5004,100,2020-09-21 12:30:00,WIX
247.0,247.0,247.0,247.0,350,2020-09-21 13:20:00,WIX
247.85,252.74,246.0101,251.31,12273,2020-09-21 13:30:00,WIX
248.51,248.51,246.82,246.82,1174,2020-09-21 13:35:00,WIX
247.48,249.065,246.0,247.9401,9805,2020-09-21 13:40:00,WIX
248.155,250.95,248.155,250.68,2425,2020-09-21 13:45:00,WIX
251.42,254.99,251.18,254.99,2105,2020-09-21 13:50:00,WIX
253.6,254.1995,252.15,253.25,3449,2020-09-21 13:55:00,WIX
253.31,253.31,251.07,251.6946,2433,2020-09-21 14:00:00,WIX
252.08,252.345,251.11,252.03,2890,2020-09-21 14:05:00,WIX
251.88,252.77,251.88,252.77,2327,2020-09-21 14:10:00,WIX
252.39,252.49,251.75,252.105,2487,2020-09-21 14:15:00,WIX
251.89,252.07,251.01,251.01,1200,2020-09-21 14:20:00,WIX
251.5,251.9662,250.66,250.68,1665,2020-09-21 14:25:00,WIX
249.27,249.64,248.84,249.32,2100,2020-09-21 14:30:00,WIX
249.095,249.095,247.41,247.55,3748,2020-09-21 14:35:00,WIX
247.05,247.715,246.12,247.4,3070,2020-09-21 14:40:00,WIX
247.46,248.83,247.46,248.21,7858,2020-09-21 14:45:00,WIX
248.525,249.3,247.98,249.055,5528,2020-09-21 14:50:00,WIX
248.89,249.6346,248.27,249.54,2675,2020-09-21 14:55:00,WIX
249.49,249.9425,248.79,249.895,2510,2020-09-21 15:00:00,WIX
249.54,250.98,249.13,250.97,3756,2020-09-21 15:05:00,WIX
250.66,250.66,249.35,249.35,2610,2020-09-21 15:10:00,WIX
249.12,249.57,248.01,248.14,6255,2020-09-21 15:15:00,WIX
248.58,249.315,248.17,248.25,2489,2020-09-21 15:20:00,WIX
248.02,249.65,247.89,249.415,2500,2020-09-21 15:25:00,WIX
249.1,249.59,248.7,249.515,2100,2020-09-21 15:30:00,WIX
249.17,250.39,248.73,249.515,2151,2020-09-21 15:35:00,WIX
249.7,249.96,249.7,249.94,500,2020-09-21 15:40:00,WIX
250.15,250.92,250.14,250.86,1140,2020-09-21 15:45:00,WIX
251.06,251.85,250.68,251.735,1100,2020-09-21 15:50:00,WIX
251.89,253.58,251.73,252.88,3647,2020-09-21 15:55:00,WIX
253.665,253.665,252.58,252.95,3288,2020-09-21 16:00:00,WIX
253.06,253.59,252.9,253.025,2453,2020-09-21 16:05:00,WIX
252.86,253.31,252.65,252.77,1700,2020-09-21 16:10:00,WIX
252.7,253.375,252.69,253.09,2700,2020-09-21 16:15:00,WIX
253.515,253.54,252.65,253.54,1900,2020-09-21 16:20:00,WIX
253.0,253.925,253.0,253.89,2350,2020-09-21 16:25:00,WIX
253.74,254.45,253.57,253.72,3508,2020-09-21 16:30:00,WIX
253.77,254.25,253.64,253.64,3914,2020-09-21 16:35:00,WIX
253.54,253.92,253.015,253.015,1900,2020-09-21 16:40:00,WIX
253.05,253.51,252.83,253.01,2542,2020-09-21 16:45:00,WIX
253.0735,253.32,252.67,253.285,2049,2020-09-21 16:50:00,WIX
253.08,253.23,252.08,252.24,1967,2020-09-21 16:55:00,WIX
252.71,252.93,252.29,252.36,1200,2020-09-21 17:00:00,WIX
252.25,253.5,252.25,253.115,3711,2020-09-21 17:05:00,WIX
253.155,253.805,252.975,253.805,5600,2020-09-21 17:10:00,WIX
254.035,254.18,253.67,253.905,2900,2020-09-21 17:15:00,WIX
253.71,254.24,253.5,253.94,3125,2020-09-21 17:20:00,WIX
253.71,253.89,253.28,253.38,2600,2020-09-21 17:25:00,WIX
253.7,253.93,253.38,253.38,900,2020-09-21 17:30:00,WIX
253.24,253.82,253.24,253.8,1289,2020-09-21 17:35:00,WIX
253.76,253.97,252.8,253.245,16100,2020-09-21 17:40:00,WIX
253.26,253.31,252.825,253.09,7600,2020-09-21 17:45:00,WIX
253.25,253.28,252.52,253.0,5223,2020-09-21 17:50:00,WIX
252.86,253.35,252.39,252.82,6550,2020-09-21 17:55:00,WIX
252.6,253.21,252.57,253.21,2400,2020-09-21 18:00:00,WIX
252.75,252.75,252.06,252.095,2439,2020-09-21 18:05:00,WIX
252.23,252.25,251.53,251.79,2137,2020-09-21 18:10:00,WIX
251.9,252.18,250.75,250.75,3206,2020-09-21 18:15:00,WIX
251.12,251.67,251.12,251.67,700,2020-09-21 18:20:00,WIX
251.7072,252.265,251.67,251.67,1359,2020-09-21 18:25:00,WIX
251.61,251.61,251.15,251.16,1577,2020-09-21 18:30:00,WIX
251.24,251.69,251.12,251.69,1400,2020-09-21 18:35:00,WIX
251.53,251.9,251.38,251.51,1820,2020-09-21 18:40:00,WIX
251.62,252.1,251.35,251.68,3244,2020-09-21 18:45:00,WIX
251.72,252.41,251.72,252.28,2388,2020-09-21 18:50:00,WIX
252.03,252.88,252.03,252.37,3800,2020-09-21 18:55:00,WIX
252.31,252.54,251.87,252.285,3300,2020-09-21 19:00:00,WIX
252.1,252.81,252.1,252.31,3200,2020-09-21 19:05:00,WIX
252.37,252.37,251.92,252.03,2900,2020-09-21 19:10:00,WIX
252.28,252.98,252.255,252.47,1800,2020-09-21 19:15:00,WIX
252.6,253.07,252.33,252.945,1827,2020-09-21 19:20:00,WIX
252.66,252.83,252.52,252.63,2400,2020-09-21 19:25:00,WIX
252.74,252.94,251.55,251.97,3893,2020-09-21 19:30:00,WIX
252.35,252.61,251.85,252.38,6923,2020-09-21 19:35:00,WIX
252.36,252.87,251.97,252.742,4310,2020-09-21 19:40:00,WIX
252.87,253.98,252.56,253.59,6002,2020-09-21 19:45:00,WIX
253.46,254.19,253.46,253.9006,10000,2020-09-21 19:50:00,WIX
254.11,254.63,253.96,254.22,9543,2020-09-21 19:55:00,WIX
254.52,254.52,254.52,254.52,21918,2020-09-21 20:00:00,WIX
254.52,254.52,254.5,254.5,22870,2020-09-21 20:30:00,WIX
256.0,256.0,256.0,256.0,200,2020-09-22 09:40:00,WIX
256.49,257.22,255.3,255.3,7413,2020-09-22 13:30:00,WIX
255.03,255.03,251.9775,252.33,8650,2020-09-22 13:35:00,WIX
251.915,252.36,250.54,251.755,12260,2020-09-22 13:40:00,WIX
251.41,252.58,250.98,252.465,3800,2020-09-22 13:45:00,WIX
252.79,252.79,251.08,251.37,4806,2020-09-22 13:50:00,WIX
251.63,254.445,251.62,253.94,3610,2020-09-22 13:55:00,WIX
254.37,254.37,253.29,254.05,3414,2020-09-22 14:00:00,WIX
254.36,254.36,253.06,253.26,1100,2020-09-22 14:05:00,WIX
253.13,253.82,252.83,253.05,3729,2020-09-22 14:10:00,WIX
253.27,253.49,250.515,250.515,2900,2020-09-22 14:15:00,WIX
250.4,250.62,248.57,249.53,6400,2020-09-22 14:20:00,WIX
249.6,250.71,249.32,250.05,4114,2020-09-22 14:25:00,WIX
250.54,251.22,250.23,251.01,1600,2020-09-22 14:30:00,WIX
251.055,252.4297,251.055,251.63,2200,2020-09-22 14:35:00,WIX
251.83,251.96,250.76,250.76,1400,2020-09-22 14:40:00,WIX
250.69,251.19,250.02,250.08,2832,2020-09-22 14:45:00,WIX
249.92,251.57,249.92,250.11,10464,2020-09-22 14:50:00,WIX
250.09,250.28,249.42,249.42,7216,2020-09-22 14:55:00,WIX
249.27,249.97,249.12,249.12,2566,2020-09-22 15:00:00,WIX
249.52,249.985,248.74,249.96,2400,2020-09-22 15:05:00,WIX
250.25,250.395,249.5,249.8501,3410,2020-09-22 15:10:00,WIX
250.09,251.014,250.035,250.05,8069,2020-09-22 15:15:00,WIX
250.29,250.65,249.82,250.65,1450,2020-09-22 15:20:00,WIX
250.54,251.43,250.48,251.33,1400,2020-09-22 15:25:00,WIX
251.13,251.455,250.93,250.93,2112,2020-09-22 15:30:00,WIX
251.07,252.58,251.02,252.58,1100,2020-09-22 15:35:00,WIX
253.17,253.95,253.17,253.29,1550,2020-09-22 15:40:00,WIX
253.285,253.63,253.08,253.345,620,2020-09-22 15:45:00,WIX
253.26,253.26,252.67,252.67,1620,2020-09-22 15:50:00,WIX
252.8901,254.035,252.8901,253.82,1139,2020-09-22 15:55:00,WIX
254.13,254.575,253.83,253.83,1773,2020-09-22 16:00:00,WIX
254.15,254.38,253.99,254.38,400,2020-09-22 16:05:00,WIX
254.8,254.99,254.64,254.735,1150,2020-09-22 16:10:00,WIX
254.825,254.83,254.41,254.44,1400,2020-09-22 16:15:00,WIX
254.11,254.77,254.11,254.45,800,2020-09-22 16:20:00,WIX
254.27,254.27,253.725,254.0,800,2020-09-22 16:25:00,WIX
254.39,255.22,254.39,255.215,1500,2020-09-22 16:30:00,WIX
255.04,255.04,254.81,254.81,500,2020-09-22 16:35:00,WIX
254.8,255.07,254.8,255.07,694,2020-09-22 16:40:00,WIX
254.72,254.905,253.97,254.01,1000,2020-09-22 16:45:00,WIX
254.37,254.37,254.06,254.21,500,2020-09-22 16:50:00,WIX
254.5,254.64,254.16,254.59,1100,2020-09-22 16:55:00,WIX
254.82,255.6,254.82,255.54,2903,2020-09-22 17:00:00,WIX
255.42,255.98,255.42,255.98,600,2020-09-22 17:05:00,WIX
256.035,256.39,256.035,256.31,400,2020-09-22 17:10:00,WIX
256.0901,256.68,256.0901,256.49,900,2020-09-22 17:15:00,WIX
256.38,256.38,255.43,256.035,2900,2020-09-22 17:20:00,WIX
255.96,256.35,255.96,256.1,997,2020-09-22 17:25:00,WIX
256.11,256.27,255.7,255.7,3107,2020-09-22 17:30:00,WIX
255.85,256.0,255.52,255.52,3600,2020-09-22 17:35:00,WIX
256.0,256.0,255.76,255.76,1400,2020-09-22 17:40:00,WIX
255.87,256.0,255.76,255.84,6929,2020-09-22 17:45:00,WIX
255.89,256.44,255.82,256.44,4782,2020-09-22 17:50:00,WIX
256.5,257.26,256.255,256.39,3516,2020-09-22 17:55:00,WIX
256.63,257.55,256.63,257.365,950,2020-09-22 18:00:00,WIX
257.27,257.495,256.99,256.99,1000,2020-09-22 18:05:00,WIX
256.95,257.18,256.95,257.055,400,2020-09-22 18:10:00,WIX
257.95,257.95,257.64,257.82,900,2020-09-22 18:15:00,WIX
257.69,257.8,256.84,256.84,1600,2020-09-22 18:20:00,WIX
257.18,257.32,257.15,257.15,1050,2020-09-22 18:25:00,WIX
257.5,257.72,257.37,257.5,1300,2020-09-22 18:30:00,WIX
257.5,257.595,257.2757,257.5,1620,2020-09-22 18:35:00,WIX
257.95,257.95,257.41,257.41,1100,2020-09-22 18:40:00,WIX
257.49,257.5193,257.34,257.4,900,2020-09-22 18:45:00,WIX
257.82,257.98,257.64,257.65,810,2020-09-22 18:50:00,WIX
257.47,258.02,257.4469,257.78,1527,2020-09-22 18:55:00,WIX
257.6,258.0,257.6,257.82,300,2020-09-22 19:00:00,WIX
257.92,258.66,257.92,258.05,1100,2020-09-22 19:05:00,WIX
258.11,258.11,257.35,257.6573,4581,2020-09-22 19:10:00,WIX
257.31,258.2315,257.16,257.975,1600,2020-09-22 19:15:00,WIX
257.82,258.4799,257.82,257.97,1900,2020-09-22 19:20:00,WIX
258.8,259.17,258.68,258.68,1670,2020-09-22 19:25:00,WIX
258.845,258.845,258.09,258.3,2400,2020-09-22 19:30:00,WIX
258.59,258.98,258.445,258.6575,2200,2020-09-22 19:35:00,WIX
258.61,259.265,258.56,259.16,2600,2020-09-22 19:40:00,WIX
259.25,259.58,258.835,258.835,4285,2020-09-22 19:45:00,WIX
258.65,259.72,258.36,259.46,9081,2020-09-22 19:50:00,WIX
259.34,259.39,258.79,259.28,16862,2020-09-22 19:55:00,WIX
259.27,259.27,259.27,259.27,25274,2020-09-22 20:00:00,WIX
259.27,259.27,259.27,259.27,14229,2020-09-22 20:30:00,WIX
258.9399,259.04,256.02,256.2,7479,2020-09-23 13:30:00,WIX
257.785,258.55,257.785,258.55,300,2020-09-23 13:35:00,WIX
257.98,258.07,257.685,257.695,1468,2020-09-23 13:40:00,WIX
258.86,259.19,258.385,258.665,2800,2020-09-23 13:45:00,WIX
258.545,259.69,258.545,258.55,2000,2020-09-23 13:50:00,WIX
258.315,258.88,257.42,257.42,1335,2020-09-23 13:55:00,WIX
257.9398,258.68,257.515,258.68,1500,2020-09-23 14:00:00,WIX
258.2899,258.2899,256.22,256.22,916,2020-09-23 14:05:00,WIX
256.33,256.406,255.18,256.33,2825,2020-09-23 14:10:00,WIX
255.89,255.89,254.66,254.66,2021,2020-09-23 14:15:00,WIX
254.6958,254.88,253.88,254.88,1732,2020-09-23 14:20:00,WIX
255.6,257.265,255.6,257.265,1405,2020-09-23 14:25:00,WIX
257.33,257.4,256.7,256.7,1900,2020-09-23 14:30:00,WIX
255.96,257.7,255.32,257.7,8300,2020-09-23 14:35:00,WIX
257.73,258.94,257.73,258.755,3032,2020-09-23 14:40:00,WIX
258.94,259.38,258.94,259.015,2300,2020-09-23 14:45:00,WIX
259.01,259.01,258.1101,258.62,2200,2020-09-23 14:50:00,WIX
258.78,258.8,256.99,257.28,2967,2020-09-23 14:55:00,WIX
257.415,257.705,257.135,257.135,700,2020-09-23 15:00:00,WIX
257.22,258.0578,257.2,258.0578,1000,2020-09-23 15:05:00,WIX
258.365,258.95,258.165,258.235,1721,2020-09-23 15:10:00,WIX
258.65,259.25,258.64,258.945,1440,2020-09-23 15:15:00,WIX
258.95,258.95,257.93,257.98,1140,2020-09-23 15:20:00,WIX
257.96,257.96,257.365,257.63,2400,2020-09-23 15:25:00,WIX
257.15,257.22,257.0,257.06,497,2020-09-23 15:30:00,WIX
256.725,256.945,255.97,256.945,1943,2020-09-23 15:35:00,WIX
256.66,256.6975,256.16,256.4,600,2020-09-23 15:40:00,WIX
255.68,255.68,254.612,255.36,1192,2020-09-23 15:45:00,WIX
254.43,255.04,254.26,255.04,1300,2020-09-23 15:50:00,WIX
255.07,255.23,254.92,254.92,1200,2020-09-23 15:55:00,WIX
254.58,255.49,254.58,255.24,1100,2020-09-23 16:00:00,WIX
254.8,255.27,254.75,255.0601,1545,2020-09-23 16:05:00,WIX
255.27,255.35,255.08,255.23,600,2020-09-23 16:10:00,WIX
255.56,255.97,255.15,255.15,1000,2020-09-23 16:15:00,WIX
255.23,255.23,254.79,255.045,811,2020-09-23 16:20:00,WIX
255.34,255.57,254.9939,255.22,600,2020-09-23 16:25:00,WIX
255.45,255.86,255.45,255.66,700,2020-09-23 16:30:00,WIX
255.59,256.19,255.59,256.19,1100,2020-09-23 16:35:00,WIX
256.42,256.875,256.42,256.875,1200,2020-09-23 16:40:00,WIX
256.61,256.61,256.49,256.49,419,2020-09-23 16:45:00,WIX
256.66,256.78,256.6,256.67,1100,2020-09-23 16:50:00,WIX
257.03,257.445,256.99,257.445,870,2020-09-23 16:55:00,WIX
256.63,256.63,256.475,256.475,200,2020-09-23 17:00:00,WIX
256.64,257.12,256.64,256.8431,600,2020-09-23 17:05:00,WIX
257.05,257.3,256.98,257.1,1700,2020-09-23 17:10:00,WIX
257.56,257.65,257.28,257.65,700,2020-09-23 17:15:00,WIX
257.45,257.81,257.36,257.76,2778,2020-09-23 17:20:00,WIX
257.905,257.905,256.84,256.98,1337,2020-09-23 17:25:00,WIX
256.9,257.41,256.755,257.1,700,2020-09-23 17:30:00,WIX
257.33,257.37,256.745,256.835,1100,2020-09-23 17:35:00,WIX
256.6,256.75,256.6,256.68,400,2020-09-23 17:40:00,WIX
256.03,256.32,255.67,255.95,1611,2020-09-23 17:45:00,WIX
256.0,256.0,255.09,255.09,1485,2020-09-23 17:50:00,WIX
255.41,255.41,254.94,255.23,600,2020-09-23 17:55:00,WIX
254.91,254.91,253.585,254.24,2020,2020-09-23 18:00:00,WIX
254.445,254.445,253.24,253.39,1300,2020-09-23 18:05:00,WIX
253.39,253.66,253.26,253.27,2238,2020-09-23 18:10:00,WIX
253.47,253.47,251.5701,252.27,4225,2020-09-23 18:15:00,WIX
252.09,252.09,251.279,251.45,1463,2020-09-23 18:20:00,WIX
251.5,252.61,251.47,252.3,2300,2020-09-23 18:25:00,WIX
252.25,252.56,251.7,252.42,2414,2020-09-23 18:30:00,WIX
252.18,252.25,251.94,251.94,1100,2020-09-23 18:35:00,WIX
251.965,251.965,250.81,251.43,2300,2020-09-23 18:40:00,WIX
251.53,251.53,250.11,250.2,2419,2020-09-23 18:45:00,WIX
250.74,251.56,250.74,250.85,1035,2020-09-23 18:50:00,WIX
250.72,250.75,250.0,250.06,3623,2020-09-23 18:55:00,WIX
249.88,250.46,248.9301,248.9301,3100,2020-09-23 19:00:00,WIX
248.71,249.92,248.42,249.92,7746,2020-09-23 19:05:00,WIX
250.1,250.83,250.09,250.83,1548,2020-09-23 19:10:00,WIX
251.03,251.03,250.33,250.72,2800,2020-09-23 19:15:00,WIX
250.91,251.375,250.75,251.265,2800,2020-09-23 19:20:00,WIX
250.69,251.0,250.12,250.96,3800,2020-09-23 19:25:00,WIX
250.87,251.11,250.41,250.75,1800,2020-09-23 19:30:00,WIX
250.55,251.57,250.48,251.319,3435,2020-09-23 19:35:00,WIX
251.76,252.07,251.31,251.35,4300,2020-09-23 19:40:00,WIX
251.48,251.64,249.845,250.31,6960,2020-09-23 19:45:00,WIX
249.85,249.99,249.09,249.09,7201,2020-09-23 19:50:00,WIX
249.01,250.84,249.01,250.445,25449,2020-09-23 19:55:00,WIX
250.22,250.22,250.22,250.22,20671,2020-09-23 20:00:00,WIX
250.45,250.45,250.45,250.45,300,2020-09-23 20:05:00,WIX
250.22,250.22,250.22,250.22,309,2020-09-24 10:45:00,WIX
247.0,247.0,247.0,247.0,200,2020-09-24 12:55:00,WIX
247.24,248.055,245.4601,246.685,8126,2020-09-24 13:30:00,WIX
246.26,246.615,245.3387,245.69,3100,2020-09-24 13:35:00,WIX
245.01,245.885,244.09,245.885,1400,2020-09-24 13:40:00,WIX
245.67,248.0,245.5,248.0,7168,2020-09-24 13:45:00,WIX
247.995,248.805,246.92,247.375,3517,2020-09-24 13:50:00,WIX
246.99,246.99,245.19,246.0,3947,2020-09-24 13:55:00,WIX
247.09,249.17,247.09,247.92,2649,2020-09-24 14:00:00,WIX
249.215,249.9695,248.34,248.52,1854,2020-09-24 14:05:00,WIX
247.98,248.935,247.69,248.935,1730,2020-09-24 14:10:00,WIX
248.5937,248.91,247.87,248.195,4539,2020-09-24 14:15:00,WIX
247.79,247.79,244.49,244.49,3892,2020-09-24 14:20:00,WIX
244.5,245.05,242.24,243.83,5253,2020-09-24 14:25:00,WIX
243.5,243.55,242.41,242.72,3041,2020-09-24 14:30:00,WIX
242.25,243.15,241.6,242.145,4237,2020-09-24 14:35:00,WIX
242.4,243.715,242.4,243.08,1711,2020-09-24 14:40:00,WIX
243.6,246.0293,243.6,245.56,3920,2020-09-24 14:45:00,WIX
245.15,245.73,244.435,245.505,2945,2020-09-24 14:50:00,WIX
245.13,245.83,244.34,245.83,3313,2020-09-24 14:55:00,WIX
245.4,245.84,244.125,244.5,2407,2020-09-24 15:00:00,WIX
244.18,244.59,242.7589,243.66,2556,2020-09-24 15:05:00,WIX
245.4,245.73,245.09,245.73,2422,2020-09-24 15:10:00,WIX
245.5,245.5,244.715,244.895,3712,2020-09-24 15:15:00,WIX
244.38,246.05,244.38,245.575,5012,2020-09-24 15:20:00,WIX
245.37,245.86,244.54,244.54,9156,2020-09-24 15:25:00,WIX
244.87,245.74,244.87,245.51,7748,2020-09-24 15:30:00,WIX
245.49,245.89,245.06,245.49,7936,2020-09-24 15:35:00,WIX
245.68,246.6475,245.245,245.46,2100,2020-09-24 15:40:00,WIX
245.51,245.865,244.22,244.45,4298,2020-09-24 15:45:00,WIX
244.865,245.485,244.37,244.37,1729,2020-09-24 15:50:00,WIX
244.41,245.99,244.41,245.935,3809,2020-09-24 15:55:00,WIX
246.095,246.23,245.705,246.09,5189,2020-09-24 16:00:00,WIX
246.25,247.925,246.25,247.67,1899,2020-09-24 16:05:00,WIX
247.26,247.94,247.26,247.94,1227,2020-09-24 16:10:00,WIX
248.0,248.17,246.45,246.805,2655,2020-09-24 16:15:00,WIX
246.9,247.95,246.9,247.75,2084,2020-09-24 16:20:00,WIX
248.03,248.3,247.84,247.895,1819,2020-09-24 16:25:00,WIX
247.685,247.685,245.77,246.04,2152,2020-09-24 16:30:00,WIX
246.1,247.32,246.1,246.95,11724,2020-09-24 16:35:00,WIX
246.85,247.69,246.85,247.69,3000,2020-09-24 16:40:00,WIX
248.0,248.23,247.71,247.71,1233,2020-09-24 16:45:00,WIX
248.0,248.03,247.165,247.42,1052,2020-09-24 16:50:00,WIX
247.64,248.09,247.64,248.09,600,2020-09-24 16:55:00,WIX
248.25,248.26,247.655,247.825,1300,2020-09-24 17:00:00,WIX
248.025,248.075,247.61,247.84,1800,2020-09-24 17:05:00,WIX
247.84,248.68,247.84,248.65,3450,2020-09-24 17:10:00,WIX
249.06,249.06,248.41,248.56,3823,2020-09-24 17:15:00,WIX
248.56,249.16,248.56,249.16,1781,2020-09-24 17:20:00,WIX
249.105,251.034,249.105,251.0,3950,2020-09-24 17:25:00,WIX
251.45,251.45,250.32,250.36,1930,2020-09-24 17:30:00,WIX
250.06,251.34,249.85,250.82,1822,2020-09-24 17:35:00,WIX
251.34,251.66,250.55,250.97,2134,2020-09-24 17:40:00,WIX
251.12,251.75,251.12,251.31,2642,2020-09-24 17:45:00,WIX
251.4748,251.63,249.055,249.055,1915,2020-09-24 17:50:00,WIX
249.005,250.09,248.72,249.71,1500,2020-09-24 17:55:00,WIX
249.9,249.9,247.79,249.48,3300,2020-09-24 18:00:00,WIX
249.94,250.46,249.66,250.285,3310,2020-09-24 18:05:00,WIX
250.28,250.28,249.29,249.72,1849,2020-09-24 18:10:00,WIX
249.91,250.05,248.805,248.805,1400,2020-09-24 18:15:00,WIX
248.6025,248.88,248.195,248.32,2800,2020-09-24 18:20:00,WIX
248.28,249.199,248.28,248.92,2700,2020-09-24 18:25:00,WIX
248.83,249.26,248.605,249.08,1500,2020-09-24 18:30:00,WIX
248.98,249.77,248.94,249.77,1393,2020-09-24 18:35:00,WIX
249.8,250.94,249.8,250.42,1350,2020-09-24 18:40:00,WIX
250.065,250.065,248.62,248.9,1600,2020-09-24 18:45:00,WIX
248.945,249.44,248.14,248.32,3082,2020-09-24 18:50:00,WIX
248.52,248.96,247.545,247.88,4963,2020-09-24 18:55:00,WIX
247.8035,247.8035,247.24,247.66,1900,2020-09-24 19:00:00,WIX
247.8,248.57,247.8,248.52,2951,2020-09-24 19:05:00,WIX
248.46,250.01,247.83,250.01,4929,2020-09-24 19:10:00,WIX
249.82,249.82,249.2,249.49,1800,2020-09-24 19:15:00,WIX
248.795,248.825,247.62,248.15,2862,2020-09-24 19:20:00,WIX
248.04,248.0999,247.51,247.79,3004,2020-09-24 19:25:00,WIX
247.59,247.625,246.67,246.995,1900,2020-09-24 19:30:00,WIX
247.135,248.25,246.52,248.25,1800,2020-09-24 19:35:00,WIX
248.39,248.72,248.04,248.105,3587,2020-09-24 19:40:00,WIX
248.3,248.67,247.38,247.38,4717,2020-09-24 19:45:00,WIX
247.16,248.43,247.105,248.43,4166,2020-09-24 19:50:00,WIX
248.72,248.93,248.09,248.59,11248,2020-09-24 19:55:00,WIX
248.46,248.46,248.46,248.46,20052,2020-09-24 20:00:00,WIX
245.11,245.11,245.11,245.11,100,2020-09-24 20:25:00,WIX
248.46,248.46,248.46,248.46,2430,2020-09-24 20:35:00,WIX
249.65,250.145,247.91,247.91,10566,2020-09-25 13:30:00,WIX
248.23,249.025,246.7132,246.7132,10457,2020-09-25 13:35:00,WIX
247.4226,248.56,247.4226,248.13,1005,2020-09-25 13:40:00,WIX
246.86,246.86,246.51,246.51,300,2020-09-25 13:45:00,WIX
246.48,248.135,246.48,247.85,705,2020-09-25 13:50:00,WIX
248.4,249.2441,246.98,248.94,1677,2020-09-25 13:55:00,WIX
248.47,249.05,248.31,248.31,659,2020-09-25 14:00:00,WIX
248.86,249.23,248.53,248.74,2100,2020-09-25 14:05:00,WIX
248.91,248.91,248.38,248.38,800,2020-09-25 14:10:00,WIX
248.86,250.58,248.86,249.85,2666,2020-09-25 14:15:00,WIX
250.1,250.5675,249.99,249.995,2464,2020-09-25 14:20:00,WIX
250.171,250.44,249.59,249.81,4700,2020-09-25 14:25:00,WIX
249.77,249.96,248.82,249.16,4582,2020-09-25 14:30:00,WIX
248.96,249.24,247.93,248.47,3586,2020-09-25 14:35:00,WIX
249.09,249.09,247.875,247.875,700,2020-09-25 14:40:00,WIX
248.67,248.68,247.88,247.88,406,2020-09-25 14:45:00,WIX
248.17,248.6,247.97,248.295,800,2020-09-25 14:50:00,WIX
247.64,247.88,247.27,247.56,1000,2020-09-25 14:55:00,WIX
248.06,248.42,246.97,248.42,1966,2020-09-25 15:00:00,WIX
248.48,248.79,248.18,248.79,1900,2020-09-25 15:05:00,WIX
248.91,250.26,248.56,250.14,10887,2020-09-25 15:10:00,WIX
250.09,250.51,249.6,250.3,22040,2020-09-25 15:15:00,WIX
250.2,250.33,249.54,250.115,6774,2020-09-25 15:20:00,WIX
250.0,250.165,248.81,249.075,4385,2020-09-25 15:25:00,WIX
249.02,249.305,248.52,249.305,1699,2020-09-25 15:30:00,WIX
249.37,249.425,248.8117,248.8117,1035,2020-09-25 15:35:00,WIX
248.945,249.58,248.86,249.58,2749,2020-09-25 15:40:00,WIX
249.815,249.815,249.34,249.66,1663,2020-09-25 15:45:00,WIX
249.56,249.73,249.36,249.36,1404,2020-09-25 15:50:00,WIX
249.55,249.55,248.75,248.75,900,2020-09-25 15:55:00,WIX
248.73,249.63,248.73,249.63,700,2020-09-25 16:00:00,WIX
249.58,250.3,249.58,250.3,700,2020-09-25 16:05:00,WIX
249.95,250.22,249.445,250.0,1238,2020-09-25 16:10:00,WIX
250.22,250.22,248.24,249.17,1547,2020-09-25 16:15:00,WIX
249.4,249.62,249.19,249.62,750,2020-09-25 16:20:00,WIX
249.39,249.7,249.39,249.7,500,2020-09-25 16:25:00,WIX
249.7,249.7,248.93,248.93,500,2020-09-25 16:30:00,WIX
249.57,249.75,249.47,249.75,500,2020-09-25 16:40:00,WIX
249.64,249.84,249.48,249.56,1900,2020-09-25 16:45:00,WIX
249.42,249.53,249.09,249.2,1100,2020-09-25 16:50:00,WIX
249.16,249.56,249.15,249.2875,1800,2020-09-25 16:55:00,WIX
248.83,249.09,248.68,249.045,1892,2020-09-25 17:00:00,WIX
248.95,249.595,248.95,249.51,1200,2020-09-25 17:05:00,WIX
249.88,249.88,248.72,248.925,2571,2020-09-25 17:10:00,WIX
249.1,249.265,248.76,248.76,300,2020-09-25 17:15:00,WIX
248.915,249.01,248.55,248.69,1300,2020-09-25 17:20:00,WIX
248.63,248.95,248.605,248.8,900,2020-09-25 17:25:00,WIX
248.91,249.23,248.54,248.55,2759,2020-09-25 17:30:00,WIX
248.42,248.805,248.2,248.795,1631,2020-09-25 17:35:00,WIX
249.01,249.065,248.89,248.98,500,2020-09-25 17:40:00,WIX
249.285,249.48,249.14,249.48,2216,2020-09-25 17:45:00,WIX
249.585,249.905,249.545,249.905,1789,2020-09-25 17:50:00,WIX
249.74,249.74,248.79,248.965,7401,2020-09-25 17:55:00,WIX
248.84,249.18,248.66,248.66,1264,2020-09-25 18:00:00,WIX
248.68,250.11,248.68,250.11,1931,2020-09-25 18:05:00,WIX
249.915,250.25,249.66,249.8,1425,2020-09-25 18:10:00,WIX
250.01,250.64,249.9,250.45,2706,2020-09-25 18:15:00,WIX
250.06,250.46,250.06,250.3775,900,2020-09-25 18:20:00,WIX
250.7,250.7,249.76,249.99,2867,2020-09-25 18:25:00,WIX
249.63,249.67,249.32,249.525,1340,2020-09-25 18:30:00,WIX
249.525,250.07,249.525,249.78,3164,2020-09-25 18:35:00,WIX
249.7,249.85,249.27,249.545,2197,2020-09-25 18:40:00,WIX
249.43,249.69,248.77,249.0,4018,2020-09-25 18:45:00,WIX
249.0,249.785,249.0,249.59,4335,2020-09-25 18:50:00,WIX
249.34,249.34,248.68,248.845,5540,2020-09-25 18:55:00,WIX
249.0,250.22,248.8,250.22,3126,2020-09-25 19:00:00,WIX
249.94,251.04,249.91,251.0,19976,2020-09-25 19:05:00,WIX
250.97,251.0849,249.98,249.98,11266,2020-09-25 19:10:00,WIX
250.22,251.09,249.73,250.64,6937,2020-09-25 19:15:00,WIX
250.5,251.41,249.67,250.16,7576,2020-09-25 19:20:00,WIX
250.245,250.39,249.32,249.32,6515,2020-09-25 19:25:00,WIX
249.49,250.2,248.91,249.0,7711,2020-09-25 19:30:00,WIX
249.005,249.31,248.7,248.85,6826,2020-09-25 19:35:00,WIX
249.18,249.495,248.98,249.46,7939,2020-09-25 19:40:00,WIX
249.09,249.59,248.855,249.34,6406,2020-09-25 19:45:00,WIX
249.16,249.54,248.81,249.54,12507,2020-09-25 19:50:00,WIX
249.54,249.55,247.99,247.99,58034,2020-09-25 19:55:00,WIX
248.25,249.3,248.25,249.3,22882,2020-09-25 20:00:00,WIX
249.0,249.0,249.0,249.0,150,2020-09-25 21:55:00,WIX
248.25,248.25,248.25,248.25,100,2020-09-25 22:10:00,WIX
251.25,251.25,251.25,251.25,100,2020-09-28 12:30:00,WIX
253.99,253.99,251.54,251.54,9756,2020-09-28 13:30:00,WIX
252.51,254.0,252.51,253.955,2968,2020-09-28 13:35:00,WIX
253.94,255.03,253.33,253.33,4197,2020-09-28 13:40:00,WIX
253.11,254.2,251.74,251.74,2996,2020-09-28 13:45:00,WIX
251.39,253.76,251.3381,253.76,3000,2020-09-28 13:50:00,WIX
253.27,253.62,252.85,252.85,1100,2020-09-28 13:55:00,WIX
253.55,255.555,252.9,254.88,3153,2020-09-28 14:00:00,WIX
255.095,255.9842,253.68,255.65,3636,2020-09-28 14:05:00,WIX
255.82,257.27,255.71,257.09,2882,2020-09-28 14:10:00,WIX
256.86,257.76,256.1,256.435,2700,2020-09-28 14:15:00,WIX
256.51,256.51,255.05,255.36,3882,2020-09-28 14:20:00,WIX
255.335,255.44,254.7,254.7,1830,2020-09-28 14:25:00,WIX
254.27,254.42,253.86,253.905,1466,2020-09-28 14:30:00,WIX
253.78,253.78,252.71,253.74,1851,2020-09-28 14:35:00,WIX
253.825,254.1,253.04,253.73,1500,2020-09-28 14:40:00,WIX
253.74,253.74,253.05,253.165,1196,2020-09-28 14:45:00,WIX
253.12,253.403,252.63,252.895,3370,2020-09-28 14:50:00,WIX
252.72,253.58,252.72,252.99,1200,2020-09-28 14:55:00,WIX
253.17,254.5086,252.91,254.5086,1100,2020-09-28 15:00:00,WIX
254.53,255.65,254.33,255.65,1020,2020-09-28 15:05:00,WIX
255.62,255.62,255.1,255.4252,1000,2020-09-28 15:10:00,WIX
255.005,255.005,254.09,254.51,500,2020-09-28 15:15:00,WIX
254.65,254.77,254.1085,254.65,1150,2020-09-28 15:20:00,WIX
254.65,254.65,253.84,254.33,1400,2020-09-28 15:25:00,WIX
254.15,254.54,254.15,254.49,500,2020-09-28 15:30:00,WIX
253.88,254.09,253.88,254.09,500,2020-09-28 15:35:00,WIX
254.055,254.055,252.85,253.27,1104,2020-09-28 15:40:00,WIX
253.55,253.59,252.03,252.65,1300,2020-09-28 15:45:00,WIX
252.96,253.48,252.655,253.1,1125,2020-09-28 15:50:00,WIX
252.24,252.24,251.52,251.925,8566,2020-09-28 15:55:00,WIX
251.56,251.78,251.405,251.78,400,2020-09-28 16:00:00,WIX
251.42,251.66,251.35,251.5,1100,2020-09-28 16:05:00,WIX
251.84,251.88,251.62,251.63,500,2020-09-28 16:10:00,WIX
251.775,251.7875,250.54,250.54,1904,2020-09-28 16:15:00,WIX
250.68,250.8246,250.59,250.8246,600,2020-09-28 16:20:00,WIX
250.98,251.36,250.98,251.36,700,2020-09-28 16:25:00,WIX
251.99,252.3,251.73,252.3,1300,2020-09-28 16:30:00,WIX
252.46,252.82,252.21,252.225,1950,2020-09-28 16:35:00,WIX
252.19,252.19,251.95,252.19,600,2020-09-28 16:40:00,WIX
252.04,252.04,251.97,251.97,200,2020-09-28 16:45:00,WIX
252.035,252.295,252.0,252.1,1480,2020-09-28 16:50:00,WIX
252.22,252.22,252.21,252.21,200,2020-09-28 16:55:00,WIX
252.25,252.25,251.75,252.19,1435,2020-09-28 17:00:00,WIX
252.18,252.295,252.08,252.08,300,2020-09-28 17:05:00,WIX
252.28,252.35,251.75,251.82,1017,2020-09-28 17:10:00,WIX
251.9,253.2,251.9,253.2,766,2020-09-28 17:15:00,WIX
253.125,254.0,253.125,253.99,2950,2020-09-28 17:20:00,WIX
253.78,253.94,253.51,253.51,1400,2020-09-28 17:25:00,WIX
253.67,254.35,253.5101,254.35,1162,2020-09-28 17:30:00,WIX
254.34,254.385,253.91,254.18,1500,2020-09-28 17:35:00,WIX
254.47,254.795,253.99,253.99,1110,2020-09-28 17:40:00,WIX
253.99,254.66,253.99,254.66,700,2020-09-28 17:45:00,WIX
254.735,254.83,254.5,254.705,1020,2020-09-28 17:50:00,WIX
254.98,255.215,254.78,254.93,1750,2020-09-28 17:55:00,WIX
254.89,254.89,254.34,254.34,1040,2020-09-28 18:00:00,WIX
254.33,255.58,254.33,255.58,1800,2020-09-28 18:05:00,WIX
255.59,255.77,255.16,255.22,2263,2020-09-28 18:10:00,WIX
255.23,255.5099,254.93,254.93,1839,2020-09-28 18:15:00,WIX
254.91,254.91,254.58,254.68,700,2020-09-28 18:20:00,WIX
254.6,255.51,254.58,255.51,1200,2020-09-28 18:25:00,WIX
255.495,256.0,255.295,255.7,1500,2020-09-28 18:30:00,WIX
255.34,255.8,255.275,255.676,1325,2020-09-28 18:35:00,WIX
255.475,255.9,255.475,255.81,500,2020-09-28 18:40:00,WIX
255.69,255.9335,255.34,255.56,800,2020-09-28 18:45:00,WIX
255.21,255.9816,255.21,255.87,1520,2020-09-28 18:50:00,WIX
255.72,256.24,255.49,256.0,3296,2020-09-28 18:55:00,WIX
256.16,256.16,255.46,255.62,2600,2020-09-28 19:00:00,WIX
255.415,255.835,255.41,255.475,1573,2020-09-28 19:05:00,WIX
255.465,255.84,255.36,255.655,1245,2020-09-28 19:10:00,WIX
255.5,255.5,255.05,255.225,1600,2020-09-28 19:15:00,WIX
255.24,255.61,255.13,255.25,2000,2020-09-28 19:20:00,WIX
255.34,255.636,254.71,254.95,3200,2020-09-28 19:25:00,WIX
254.59,254.69,253.89,254.69,2600,2020-09-28 19:30:00,WIX
254.565,254.69,254.18,254.32,2100,2020-09-28 19:35:00,WIX
254.295,255.25,254.22,254.95,3455,2020-09-28 19:40:00,WIX
254.91,255.1,254.52,254.52,4500,2020-09-28 19:45:00,WIX
254.51,254.76,254.3,254.69,4140,2020-09-28 19:50:00,WIX
254.4,254.79,253.86,253.91,17191,2020-09-28 19:55:00,WIX
254.67,254.67,254.67,254.67,17070,2020-09-28 20:00:00,WIX
254.67,254.67,254.67,254.67,392,2020-09-28 20:40:00,WIX
254.67,254.67,254.67,254.67,800,2020-09-29 12:30:00,WIX
253.38,254.67,253.0,254.44,6096,2020-09-29 13:30:00,WIX
255.78,255.78,254.42,254.5,1500,2020-09-29 13:35:00,WIX
255.49,255.505,253.71,254.39,1663,2020-09-29 13:40:00,WIX
254.605,255.1,253.6078,253.6078,2000,2020-09-29 13:45:00,WIX
254.53,255.095,254.115,255.02,700,2020-09-29 13:50:00,WIX
255.01,255.22,254.6223,255.0,700,2020-09-29 13:55:00,WIX
255.075,255.075,254.44,255.0,616,2020-09-29 14:00:00,WIX
255.22,258.59,255.22,258.29,4769,2020-09-29 14:05:00,WIX
258.39,258.8299,258.07,258.17,4503,2020-09-29 14:10:00,WIX
258.04,258.3492,256.97,257.56,12900,2020-09-29 14:15:00,WIX
256.92,256.92,255.54,256.0775,1725,2020-09-29 14:20:00,WIX
256.07,257.0,256.07,256.67,1506,2020-09-29 14:25:00,WIX
256.43,256.43,255.31,255.31,1130,2020-09-29 14:30:00,WIX
254.885,254.885,253.675,253.97,1790,2020-09-29 14:35:00,WIX
254.15,255.49,254.15,255.49,843,2020-09-29 14:40:00,WIX
255.79,255.79,255.14,255.14,2014,2020-09-29 14:45:00,WIX
255.25,256.16,255.0152,256.16,5066,2020-09-29 14:50:00,WIX
256.95,257.34,256.6,256.6,570,2020-09-29 14:55:00,WIX
256.83,256.87,256.24,256.87,1000,2020-09-29 15:00:00,WIX
257.51,257.69,257.34,257.575,2000,2020-09-29 15:05:00,WIX
257.93,258.52,257.74,258.21,3800,2020-09-29 15:10:00,WIX
258.32,259.28,258.21,259.1897,2951,2020-09-29 15:15:00,WIX
259.02,259.77,258.96,259.7,1900,2020-09-29 15:20:00,WIX
259.61,260.0,259.05,259.075,4557,2020-09-29 15:25:00,WIX
259.04,259.07,258.2227,258.355,1100,2020-09-29 15:30:00,WIX
258.7,259.0,258.19,258.685,1187,2020-09-29 15:35:00,WIX
258.735,258.735,258.01,258.29,1100,2020-09-29 15:40:00,WIX
258.295,258.56,258.04,258.04,3400,2020-09-29 15:45:00,WIX
258.24,258.61,258.02,258.39,2305,2020-09-29 15:50:00,WIX
258.34,258.365,257.93,257.93,700,2020-09-29 15:55:00,WIX
257.73,258.06,257.27,257.27,2300,2020-09-29 16:00:00,WIX
257.175,257.175,256.76,257.1,1200,2020-09-29 16:05:00,WIX
256.68,257.01,256.67,256.81,7690,2020-09-29 16:10:00,WIX
256.84,257.13,256.7,257.02,1500,2020-09-29 16:15:00,WIX
256.9,256.9,256.47,256.79,1300,2020-09-29 16:20:00,WIX
256.9,256.9,256.9,256.9,100,2020-09-29 16:25:00,WIX
256.8897,256.8897,256.47,256.81,1100,2020-09-29 16:30:00,WIX
257.11,257.11,256.39,256.66,709,2020-09-29 16:35:00,WIX
256.685,257.23,256.54,257.23,1000,2020-09-29 16:40:00,WIX
256.97,257.04,256.86,256.86,300,2020-09-29 16:45:00,WIX
256.56,256.66,256.44,256.63,800,2020-09-29 16:50:00,WIX
256.52,257.3245,256.38,256.62,2135,2020-09-29 16:55:00,WIX
256.56,256.56,255.41,255.41,1865,2020-09-29 17:00:00,WIX
255.24,255.32,254.92,255.315,1501,2020-09-29 17:05:00,WIX
255.435,255.45,255.4,255.4,400,2020-09-29 17:10:00,WIX
255.43,255.43,255.33,255.33,300,2020-09-29 17:15:00,WIX
255.61,255.705,255.55,255.6,600,2020-09-29 17:20:00,WIX
255.615,256.1,255.55,255.96,1104,2020-09-29 17:25:00,WIX
256.152,256.46,255.51,255.865,1800,2020-09-29 17:30:00,WIX
255.7,255.95,255.49,255.95,4266,2020-09-29 17:35:00,WIX
255.44,255.44,255.08,255.08,700,2020-09-29 17:40:00,WIX
255.0,255.2,254.87,254.96,4400,2020-09-29 17:45:00,WIX
254.88,255.64,254.88,255.64,400,2020-09-29 17:50:00,WIX
255.33,256.0,255.33,255.71,3299,2020-09-29 17:55:00,WIX
255.7,255.92,255.7,255.92,300,2020-09-29 18:00:00,WIX
255.79,255.91,255.54,255.55,1000,2020-09-29 18:05:00,WIX
255.63,255.905,255.58,255.84,1300,2020-09-29 18:10:00,WIX
255.55,255.87,255.55,255.87,200,2020-09-29 18:15:00,WIX
255.78,255.925,255.72,255.875,660,2020-09-29 18:20:00,WIX
255.7995,255.7995,255.32,255.69,823,2020-09-29 18:25:00,WIX
255.88,256.03,255.35,256.03,2690,2020-09-29 18:30:00,WIX
255.87,255.87,255.57,255.62,600,2020-09-29 18:35:00,WIX
255.7502,255.882,255.36,255.36,700,2020-09-29 18:40:00,WIX
255.35,255.47,255.23,255.395,800,2020-09-29 18:45:00,WIX
255.54,255.96,255.54,255.76,2793,2020-09-29 18:50:00,WIX
255.885,255.885,255.885,255.885,300,2020-09-29 18:55:00,WIX
255.91,256.195,255.91,256.125,1700,2020-09-29 19:00:00,WIX
256.01,256.2435,255.68,256.1,3800,2020-09-29 19:05:00,WIX
256.2313,256.775,256.19,256.74,2077,2020-09-29 19:10:00,WIX
256.58,256.94,256.58,256.84,900,2020-09-29 19:15:00,WIX
256.65,256.725,255.87,256.21,2400,2020-09-29 19:20:00,WIX
255.98,255.98,255.01,255.01,4000,2020-09-29 19:25:00,WIX
254.98,256.405,254.83,256.405,6313,2020-09-29 19:30:00,WIX
256.585,256.99,256.11,256.8,9473,2020-09-29 19:35:00,WIX
256.78,257.19,256.63,256.63,5749,2020-09-29 19:40:00,WIX
256.43,256.92,256.43,256.62,5217,2020-09-29 19:45:00,WIX
256.67,256.69,256.1,256.28,3830,2020-09-29 19:50:00,WIX
256.04,256.04,255.29,255.29,13731,2020-09-29 19:55:00,WIX
255.5,255.5,255.5,255.5,24787,2020-09-29 20:00:00,WIX
253.5,253.5,253.5,253.5,200,2020-09-30 09:25:00,WIX
254.0,255.08,253.1,253.79,9558,2020-09-30 13:30:00,WIX
253.62,253.66,252.55,252.77,3655,2020-09-30 13:35:00,WIX
253.5,254.1,253.12,253.86,2050,2020-09-30 13:40:00,WIX
254.16,256.06,254.16,256.06,2940,2020-09-30 13:45:00,WIX
256.755,257.62,256.755,257.4,803,2020-09-30 13:50:00,WIX
257.155,259.0,256.52,258.39,4422,2020-09-30 13:55:00,WIX
258.64,259.0,257.0,257.5,8271,2020-09-30 14:00:00,WIX
257.0,259.37,256.62,259.37,8380,2020-09-30 14:05:00,WIX
258.73,260.38,258.73,259.47,4245,2020-09-30 14:10:00,WIX
258.61,258.61,257.5105,257.5105,2533,2020-09-30 14:15:00,WIX
257.92,259.0,257.92,258.53,1450,2020-09-30 14:20:00,WIX
259.28,259.86,258.01,258.01,1590,2020-09-30 14:25:00,WIX
257.96,258.78,257.49,258.295,2801,2020-09-30 14:30:00,WIX
258.19,258.24,257.61,257.69,1100,2020-09-30 14:35:00,WIX
257.81,257.83,256.85,257.284,2230,2020-09-30 14:40:00,WIX
256.93,257.53,255.91,255.91,1900,2020-09-30 14:45:00,WIX
255.98,256.42,255.98,256.42,1200,2020-09-30 14:50:00,WIX
256.74,256.74,256.45,256.74,900,2020-09-30 14:55:00,WIX
256.835,257.07,256.835,257.07,300,2020-09-30 15:00:00,WIX
257.17,257.65,257.17,257.43,1273,2020-09-30 15:05:00,WIX
257.51,257.94,256.77,257.845,4100,2020-09-30 15:10:00,WIX
257.765,258.48,257.765,258.48,200,2020-09-30 15:15:00,WIX
258.41,258.41,257.99,257.99,800,2020-09-30 15:20:00,WIX
258.36,258.76,258.1,258.76,700,2020-09-30 15:25:00,WIX
258.81,259.43,258.63,258.83,2126,2020-09-30 15:30:00,WIX
258.42,259.08,258.42,259.08,2100,2020-09-30 15:35:00,WIX
259.11,260.0,259.06,259.8464,2158,2020-09-30 15:40:00,WIX
259.71,260.0,259.51,259.7,3056,2020-09-30 15:45:00,WIX
259.69,259.69,259.32,259.5501,1894,2020-09-30 15:50:00,WIX
259.22,259.22,259.02,259.07,1000,2020-09-30 15:55:00,WIX
259.42,260.54,259.42,260.54,700,2020-09-30 16:00:00,WIX
260.465,260.7,260.32,260.445,1200,2020-09-30 16:05:00,WIX
260.705,260.705,260.23,260.23,1500,2020-09-30 16:10:00,WIX
260.35,260.35,259.48,259.48,1100,2020-09-30 16:15:00,WIX
259.585,259.59,259.24,259.59,1214,2020-09-30 16:20:00,WIX
259.485,259.485,259.46,259.46,500,2020-09-30 16:25:00,WIX
259.409,259.54,259.32,259.54,1450,2020-09-30 16:30:00,WIX
259.595,259.7,259.08,259.16,2050,2020-09-30 16:35:00,WIX
259.16,259.16,258.19,258.35,1100,2020-09-30 16:40:00,WIX
258.8858,258.8858,258.8858,258.8858,150,2020-09-30 16:45:00,WIX
258.12,258.12,258.12,258.12,100,2020-09-30 16:50:00,WIX
258.42,258.69,258.42,258.58,900,2020-09-30 16:55:00,WIX
258.51,258.51,257.5766,257.5766,900,2020-09-30 17:00:00,WIX
257.665,257.665,257.525,257.61,900,2020-09-30 17:05:00,WIX
257.62,257.975,257.42,257.57,2375,2020-09-30 17:10:00,WIX
257.3715,258.2306,257.37,258.2306,3799,2020-09-30 17:15:00,WIX
258.155,258.35,258.0,258.06,2704,2020-09-30 17:20:00,WIX
258.04,258.04,257.98,257.98,500,2020-09-30 17:25:00,WIX
258.09,258.58,257.88,258.58,2700,2020-09-30 17:30:00,WIX
258.54,258.74,258.3,258.32,2466,2020-09-30 17:35:00,WIX
257.865,258.0,257.74,257.83,2000,2020-09-30 17:40:00,WIX
257.7775,258.27,257.7775,258.27,2565,2020-09-30 17:45:00,WIX
258.78,258.78,258.38,258.38,500,2020-09-30 17:50:00,WIX
258.83,259.09,258.66,258.66,1450,2020-09-30 17:55:00,WIX
258.82,259.242,258.82,258.92,893,2020-09-30 18:00:00,WIX
259.0646,259.36,258.96,259.0477,1130,2020-09-30 18:05:00,WIX
259.18,259.18,258.635,258.76,1200,2020-09-30 18:10:00,WIX
258.9899,258.9899,258.17,258.7,1047,2020-09-30 18:15:00,WIX
258.73,259.04,258.07,258.07,2325,2020-09-30 18:20:00,WIX
257.815,259.235,257.53,258.94,3232,2020-09-30 18:25:00,WIX
258.54,258.7625,258.5,258.5,700,2020-09-30 18:30:00,WIX
258.7,258.7,257.91,258.14,2652,2020-09-30 18:35:00,WIX
258.01,258.075,257.54,257.54,1300,2020-09-30 18:40:00,WIX
257.63,257.63,256.51,256.51,2100,2020-09-30 18:45:00,WIX
256.52,257.32,256.48,257.01,2400,2020-09-30 18:50:00,WIX
257.01,258.55,256.97,258.225,2002,2020-09-30 18:55:00,WIX
258.33,258.33,257.51,257.51,2400,2020-09-30 19:00:00,WIX
257.925,258.255,257.6,258.255,700,2020-09-30 19:05:00,WIX
258.4,258.4,256.76,257.19,2700,2020-09-30 19:10:00,WIX
256.46,256.46,255.49,255.49,2400,2020-09-30 19:15:00,WIX
255.49,255.69,255.2225,255.62,1824,2020-09-30 19:20:00,WIX
255.82,256.495,255.44,256.465,2200,2020-09-30 19:25:00,WIX
256.37,256.37,255.41,255.755,2300,2020-09-30 19:30:00,WIX
255.73,256.5,255.66,256.09,4064,2020-09-30 19:35:00,WIX
255.995,256.61,255.9,255.91,3106,2020-09-30 19:40:00,WIX
255.73,256.9344,255.55,256.78,5400,2020-09-30 19:45:00,WIX
256.94,257.0,254.9,255.01,24875,2020-09-30 19:50:00,WIX
254.91,255.7,254.53,254.86,33874,2020-09-30 19:55:00,WIX
254.85,254.85,254.85,254.85,99333,2020-09-30 20:00:00,WIX
254.85,254.85,254.85,254.85,196,2020-09-30 20:10:00,WIX
254.85,254.85,254.85,254.85,2383,2020-10-01 12:20:00,WIX
259.0,259.165,257.02,259.165,11609,2020-10-01 13:30:00,WIX
258.775,260.01,258.5001,259.185,1798,2020-10-01 13:35:00,WIX
257.59,258.02,256.72,257.665,10800,2020-10-01 13:40:00,WIX
257.33,257.96,257.33,257.74,2406,2020-10-01 13:45:00,WIX
258.98,259.47,258.77,259.21,800,2020-10-01 13:50:00,WIX
259.0,259.43,258.41,259.1,2050,2020-10-01 13:55:00,WIX
258.94,259.48,258.23,259.085,16713,2020-10-01 14:00:00,WIX
259.15,259.22,258.02,258.02,2280,2020-10-01 14:05:00,WIX
258.76,258.76,256.785,257.96,1050,2020-10-01 14:10:00,WIX
258.26,258.95,258.11,258.95,1600,2020-10-01 14:15:00,WIX
259.09,259.79,258.58,258.64,2000,2020-10-01 14:20:00,WIX
258.14,258.93,258.14,258.93,1200,2020-10-01 14:25:00,WIX
259.115,260.72,259.115,260.45,2506,2020-10-01 14:30:00,WIX
260.35,262.29,260.35,262.0563,8194,2020-10-01 14:35:00,WIX
262.165,262.165,261.64,261.87,2600,2020-10-01 14:40:00,WIX
262.0,262.71,261.57,262.71,2076,2020-10-01 14:45:00,WIX
262.325,263.84,262.06,263.6,4700,2020-10-01 14:50:00,WIX
263.6,263.74,262.665,263.61,2248,2020-10-01 14:55:00,WIX
264.0,264.33,262.9,264.32,4330,2020-10-01 15:00:00,WIX
263.925,264.55,263.545,263.545,2731,2020-10-01 15:05:00,WIX
263.38,264.71,263.07,264.7,4523,2020-10-01 15:10:00,WIX
264.5,264.75,263.978,264.304,2300,2020-10-01 15:15:00,WIX
264.0,264.27,263.9,264.19,1930,2020-10-01 15:20:00,WIX
264.195,264.34,263.71,263.865,4551,2020-10-01 15:25:00,WIX
263.98,264.6577,263.95,264.17,2050,2020-10-01 15:30:00,WIX
264.355,264.355,263.76,263.955,2800,2020-10-01 15:35:00,WIX
264.14,264.14,263.5753,263.69,2577,2020-10-01 15:40:00,WIX
263.53,264.01,263.01,263.02,3307,2020-10-01 15:45:00,WIX
262.76,262.76,262.2859,262.29,1114,2020-10-01 15:50:00,WIX
262.21,262.21,261.7,261.96,300,2020-10-01 15:55:00,WIX
261.93,262.12,261.65,262.12,1000,2020-10-01 16:00:00,WIX
262.12,262.45,261.92,262.27,935,2020-10-01 16:05:00,WIX
262.945,263.2899,262.6601,262.6601,900,2020-10-01 16:10:00,WIX
263.06,263.26,262.44,263.2,2006,2020-10-01 16:15:00,WIX
263.54,263.555,263.075,263.2059,2200,2020-10-01 16:20:00,WIX
263.0,263.0,262.7,262.715,500,2020-10-01 16:25:00,WIX
262.84,263.42,262.84,263.3,1100,2020-10-01 16:30:00,WIX
263.43,263.45,262.98,263.27,2060,2020-10-01 16:35:00,WIX
264.0,264.54,263.4601,264.0,3891,2020-10-01 16:40:00,WIX
264.73,265.85,264.615,265.85,3183,2020-10-01 16:50:00,WIX
265.37,265.8499,264.98,265.0,3000,2020-10-01 16:55:00,WIX
265.05,265.6,265.05,265.28,650,2020-10-01 17:00:00,WIX
265.12,265.44,264.98,265.43,1100,2020-10-01 17:05:00,WIX
265.01,265.01,264.91,264.91,300,2020-10-01 17:10:00,WIX
265.075,265.075,264.63,264.7336,700,2020-10-01 17:15:00,WIX
265.08,265.63,265.08,265.63,1000,2020-10-01 17:20:00,WIX
265.72,265.72,265.1747,265.4,2300,2020-10-01 17:25:00,WIX
265.4699,266.41,265.4699,265.66,4902,2020-10-01 17:30:00,WIX
266.44,266.65,266.34,266.34,340,2020-10-01 17:35:00,WIX
266.9,267.05,266.54,266.565,3500,2020-10-01 17:40:00,WIX
266.64,267.22,266.46,266.89,2387,2020-10-01 17:45:00,WIX
266.935,266.935,266.8527,266.8527,300,2020-10-01 17:50:00,WIX
267.37,267.545,266.8,266.8,1977,2020-10-01 17:55:00,WIX
266.8,267.36,265.75,265.86,1703,2020-10-01 18:00:00,WIX
265.98,266.07,265.94,266.07,300,2020-10-01 18:05:00,WIX
266.1725,266.55,265.51,265.51,528,2020-10-01 18:10:00,WIX
265.24,265.24,264.56,265.07,1084,2020-10-01 18:15:00,WIX
265.33,265.92,265.33,265.54,820,2020-10-01 18:20:00,WIX
265.62,266.8399,265.62,266.575,1325,2020-10-01 18:25:00,WIX
266.745,266.875,266.61,266.61,1978,2020-10-01 18:30:00,WIX
266.86,266.95,266.62,266.62,1016,2020-10-01 18:35:00,WIX
266.78,266.78,266.265,266.63,900,2020-10-01 18:40:00,WIX
266.39,266.91,266.375,266.91,2047,2020-10-01 18:45:00,WIX
266.9,267.675,266.81,267.675,2300,2020-10-01 18:50:00,WIX
267.55,268.3299,267.55,267.7919,3055,2020-10-01 18:55:00,WIX
267.75,267.75,267.36,267.57,1700,2020-10-01 19:00:00,WIX
267.1825,267.2871,267.06,267.145,1500,2020-10-01 19:05:00,WIX
267.29,267.29,266.41,266.41,703,2020-10-01 19:10:00,WIX
266.5101,266.6859,266.26,266.63,670,2020-10-01 19:15:00,WIX
266.93,267.24,266.27,266.82,8577,2020-10-01 19:20:00,WIX
266.88,266.88,265.94,266.6,1545,2020-10-01 19:25:00,WIX
266.95,267.4429,266.64,267.4429,6277,2020-10-01 19:30:00,WIX
267.28,267.28,266.26,267.0,4646,2020-10-01 19:35:00,WIX
267.04,267.22,266.47,266.7075,2322,2020-10-01 19:40:00,WIX
266.56,267.28,266.13,267.28,8526,2020-10-01 19:45:00,WIX
267.5,267.945,266.75,267.785,12328,2020-10-01 19:50:00,WIX
267.86,270.0,267.775,269.63,87421,2020-10-01 19:55:00,WIX
269.45,269.45,269.45,269.45,30633,2020-10-01 20:00:00,WIX
269.45,269.45,269.45,269.45,343,2020-10-01 20:10:00,WIX
269.45,269.45,269.45,269.45,8703,2020-10-01 20:20:00,WIX
269.45,269.45,269.45,269.45,288,2020-10-01 20:30:00,WIX
269.4,269.4,269.4,269.4,227,2020-10-01 20:50:00,WIX
269.45,269.45,269.45,269.45,199,2020-10-01 21:45:00,WIX
269.45,269.45,269.45,269.45,500,2020-10-01 22:15:00,WIX
265.41,265.41,265.41,265.41,100,2020-10-02 08:05:00,WIX
260.0,260.0,260.0,260.0,100,2020-10-02 12:25:00,WIX
257.0,257.0,257.0,257.0,385,2020-10-02 12:30:00,WIX
260.0,260.0,260.0,260.0,625,2020-10-02 12:35:00,WIX
259.0001,259.0001,259.0,259.0,250,2020-10-02 13:10:00,WIX
258.5,258.5,258.5,258.5,100,2020-10-02 13:20:00,WIX
261.0,267.94,260.02,267.94,18490,2020-10-02 13:30:00,WIX
266.39,270.0,265.66,269.25,8449,2020-10-02 13:35:00,WIX
270.0,270.0,266.16,268.725,9036,2020-10-02 13:40:00,WIX
269.32,269.32,265.642,266.93,4468,2020-10-02 13:45:00,WIX
266.68,266.68,264.43,265.02,2393,2020-10-02 13:50:00,WIX
265.66,266.54,264.271,266.25,2996,2020-10-02 13:55:00,WIX
265.9,266.08,264.0,264.8,2700,2020-10-02 14:00:00,WIX
265.292,266.19,264.66,265.69,1821,2020-10-02 14:05:00,WIX
265.45,266.105,265.01,266.105,700,2020-10-02 14:10:00,WIX
267.25,267.48,266.4,266.49,1200,2020-10-02 14:15:00,WIX
266.4815,266.97,265.75,265.83,2460,2020-10-02 14:20:00,WIX
265.755,266.45,265.3,266.0,2958,2020-10-02 14:25:00,WIX
265.955,265.955,264.7316,265.515,2600,2020-10-02 14:30:00,WIX
265.16,265.18,263.63,263.7,3203,2020-10-02 14:35:00,WIX
263.52,264.03,262.55,262.55,1564,2020-10-02 14:40:00,WIX
262.41,264.48,262.39,263.79,1100,2020-10-02 14:45:00,WIX
264.1499,264.1499,262.75,262.75,841,2020-10-02 14:50:00,WIX
263.15,263.94,262.9,263.19,1525,2020-10-02 14:55:00,WIX
263.06,263.22,262.59,262.76,3940,2020-10-02 15:00:00,WIX
262.5,263.32,262.5,262.83,3360,2020-10-02 15:05:00,WIX
262.83,263.9857,262.83,263.28,2800,2020-10-02 15:10:00,WIX
263.36,264.085,262.9,264.03,2495,2020-10-02 15:15:00,WIX
263.53,263.53,262.5,262.58,1122,2020-10-02 15:20:00,WIX
262.35,262.62,261.48,261.76,2780,2020-10-02 15:25:00,WIX
261.43,261.95,261.0,261.0,6460,2020-10-02 15:30:00,WIX
260.68,260.95,258.76,259.35,7254,2020-10-02 15:35:00,WIX
259.01,259.05,258.01,258.48,4858,2020-10-02 15:40:00,WIX
259.02,259.71,258.32,258.5,3010,2020-10-02 15:45:00,WIX
258.8575,259.3891,258.13,258.13,1600,2020-10-02 15:50:00,WIX
257.72,258.29,256.68,258.29,5919,2020-10-02 15:55:00,WIX
258.15,258.17,254.47,255.63,9889,2020-10-02 16:00:00,WIX
255.63,256.67,255.0,255.895,8104,2020-10-02 16:05:00,WIX
256.31,258.08,255.95,256.78,5800,2020-10-02 16:10:00,WIX
257.23,258.1103,256.495,257.5,3200,2020-10-02 16:15:00,WIX
257.9016,258.28,257.2,257.34,3640,2020-10-02 16:20:00,WIX
257.7065,257.89,256.19,256.311,4520,2020-10-02 16:25:00,WIX
256.59,256.8,255.1,256.19,3300,2020-10-02 16:30:00,WIX
256.2363,257.5,256.2363,256.6,2483,2020-10-02 16:35:00,WIX
256.42,256.42,255.38,255.925,1300,2020-10-02 16:40:00,WIX
255.6,256.02,255.59,255.82,3218,2020-10-02 16:45:00,WIX
255.65,255.96,255.06,255.27,3700,2020-10-02 16:50:00,WIX
255.39,255.65,254.06,254.19,7536,2020-10-02 16:55:00,WIX
254.29,254.6699,253.64,253.77,8844,2020-10-02 17:00:00,WIX
253.53,253.75,252.97,253.58,6881,2020-10-02 17:05:00,WIX
253.74,254.52,253.54,254.02,4929,2020-10-02 17:10:00,WIX
253.92,254.289,253.2,253.9,5531,2020-10-02 17:15:00,WIX
253.73,254.9,253.73,254.685,4100,2020-10-02 17:20:00,WIX
254.72,254.72,253.51,253.91,4100,2020-10-02 17:25:00,WIX
254.005,254.005,252.37,252.37,15629,2020-10-02 17:30:00,WIX
253.47,254.01,253.28,254.01,4100,2020-10-02 17:35:00,WIX
254.03,254.03,252.0,252.445,4678,2020-10-02 17:40:00,WIX
252.18,253.1499,251.86,252.19,7803,2020-10-02 17:45:00,WIX
252.495,252.79,252.02,252.33,3301,2020-10-02 17:50:00,WIX
252.405,252.6089,251.9,252.29,5800,2020-10-02 17:55:00,WIX
252.35,253.515,252.19,253.515,4400,2020-10-02 18:00:00,WIX
253.72,254.625,253.72,254.39,7875,2020-10-02 18:05:00,WIX
254.3,254.3,253.01,253.01,2806,2020-10-02 18:10:00,WIX
253.0,253.26,252.4881,252.5507,4800,2020-10-02 18:15:00,WIX
252.79,253.15,252.27,252.72,3900,2020-10-02 18:20:00,WIX
252.3,253.03,252.18,252.4411,3234,2020-10-02 18:25:00,WIX
252.128,252.76,251.0,251.775,9708,2020-10-02 18:30:00,WIX
251.72,251.99,251.0,251.0,1475,2020-10-02 18:35:00,WIX
251.0,251.2,250.3901,250.9,3910,2020-10-02 18:40:00,WIX
251.125,251.28,250.69,251.0304,1900,2020-10-02 18:45:00,WIX
250.75,251.02,250.35,250.88,3350,2020-10-02 18:50:00,WIX
251.295,251.81,251.12,251.46,4241,2020-10-02 18:55:00,WIX
251.73,252.07,251.28,252.07,3837,2020-10-02 19:00:00,WIX
251.81,252.965,251.54,252.635,4793,2020-10-02 19:05:00,WIX
252.38,253.345,252.31,252.39,7971,2020-10-02 19:10:00,WIX
252.29,253.31,252.24,253.31,3220,2020-10-02 19:15:00,WIX
252.96,253.67,252.74,252.92,7501,2020-10-02 19:20:00,WIX
252.94,254.1769,252.92,253.768,7050,2020-10-02 19:25:00,WIX
253.57,254.55,253.17,254.55,6943,2020-10-02 19:30:00,WIX
254.13,255.34,253.58,255.31,12762,2020-10-02 19:35:00,WIX
255.48,255.565,254.66,255.04,10991,2020-10-02 19:40:00,WIX
254.92,255.64,254.36,254.45,10260,2020-10-02 19:45:00,WIX
254.47,254.61,253.71,253.96,16087,2020-10-02 19:50:00,WIX
254.24,254.76,253.43,253.43,29999,2020-10-02 19:55:00,WIX
253.57,253.57,253.57,253.57,24042,2020-10-02 20:00:00,WIX
253.4,253.4,253.38,253.38,748,2020-10-02 21:25:00,WIX
256.0,256.0,256.0,256.0,208,2020-10-05 12:30:00,WIX
257.98,258.0,257.98,258.0,300,2020-10-05 12:45:00,WIX
258.08,258.08,258.08,258.08,100,2020-10-05 13:05:00,WIX
258.2,258.2,258.2,258.2,100,2020-10-05 13:10:00,WIX
258.17,259.93,255.0,256.24,15114,2020-10-05 13:30:00,WIX
255.9526,255.9526,253.95,254.7653,4835,2020-10-05 13:35:00,WIX
255.4,256.72,255.325,256.3,1500,2020-10-05 13:40:00,WIX
256.87,257.91,256.47,257.285,1980,2020-10-05 13:45:00,WIX
257.5,258.99,256.61,258.745,4334,2020-10-05 13:50:00,WIX
259.25,259.42,257.57,258.93,2865,2020-10-05 13:55:00,WIX
258.25,261.6521,258.25,259.76,7333,2020-10-05 14:00:00,WIX
259.375,260.0,259.375,259.75,1100,2020-10-05 14:05:00,WIX
259.6084,259.8,258.4273,259.8,1157,2020-10-05 14:10:00,WIX
259.025,259.53,258.732,259.53,1186,2020-10-05 14:15:00,WIX
259.535,260.0,259.09,259.14,1800,2020-10-05 14:20:00,WIX
258.765,260.66,258.765,259.81,4193,2020-10-05 14:25:00,WIX
259.905,260.45,259.78,260.07,2275,2020-10-05 14:30:00,WIX
260.15,260.16,258.765,258.765,3098,2020-10-05 14:35:00,WIX
258.11,259.24,258.11,258.9,2600,2020-10-05 14:40:00,WIX
259.13,259.13,258.2,258.915,7405,2020-10-05 14:45:00,WIX
259.255,259.77,259.1032,259.77,2585,2020-10-05 14:50:00,WIX
260.0,260.39,258.28,259.04,3500,2020-10-05 14:55:00,WIX
259.05,259.17,258.35,258.84,2400,2020-10-05 15:00:00,WIX
259.0,259.3,258.29,258.895,2425,2020-10-05 15:05:00,WIX
259.0,260.37,259.0,260.035,5753,2020-10-05 15:10:00,WIX
260.04,260.24,259.54,259.56,2200,2020-10-05 15:15:00,WIX
259.69,260.37,259.4724,259.935,2450,2020-10-05 15:20:00,WIX
259.945,260.13,258.76,259.6,4200,2020-10-05 15:25:00,WIX
259.9,260.1,259.64,259.64,1200,2020-10-05 15:30:00,WIX
259.78,260.43,259.78,260.425,4679,2020-10-05 15:35:00,WIX
260.2,260.31,259.79,260.25,2398,2020-10-05 15:40:00,WIX
260.09,260.99,260.09,260.99,600,2020-10-05 15:45:00,WIX
260.925,261.28,260.71,261.115,1800,2020-10-05 15:50:00,WIX
261.38,261.8199,260.52,260.52,6535,2020-10-05 15:55:00,WIX
260.78,261.35,260.62,261.35,3590,2020-10-05 16:00:00,WIX
261.32,262.41,261.32,262.265,2617,2020-10-05 16:05:00,WIX
262.27,263.17,262.0401,262.65,4755,2020-10-05 16:10:00,WIX
262.32,262.32,262.0,262.0,900,2020-10-05 16:15:00,WIX
261.91,262.23,261.76,262.23,2200,2020-10-05 16:20:00,WIX
262.29,262.5,262.185,262.385,2140,2020-10-05 16:25:00,WIX
262.27,262.275,261.62,261.63,2200,2020-10-05 16:30:00,WIX
261.75,262.15,261.68,262.15,2208,2020-10-05 16:35:00,WIX
262.13,262.97,262.13,262.61,1800,2020-10-05 16:40:00,WIX
262.77,263.83,262.56,263.0,1853,2020-10-05 16:45:00,WIX
263.45,264.42,263.45,263.83,5997,2020-10-05 16:50:00,WIX
263.86,264.5,263.71,264.5,1300,2020-10-05 16:55:00,WIX
264.74,264.74,264.06,264.415,3690,2020-10-05 17:00:00,WIX
264.46,264.71,264.11,264.605,3481,2020-10-05 17:05:00,WIX
264.515,265.79,264.515,265.66,8279,2020-10-05 17:10:00,WIX
265.94,266.8,265.78,266.8,5805,2020-10-05 17:15:00,WIX
266.64,266.66,265.58,266.17,14519,2020-10-05 17:20:00,WIX
265.935,265.935,264.695,264.935,7977,2020-10-05 17:25:00,WIX
264.5701,264.765,263.445,264.175,7666,2020-10-05 17:30:00,WIX
264.265,264.99,264.01,264.77,3800,2020-10-05 17:35:00,WIX
264.98,265.095,264.3975,265.095,3515,2020-10-05 17:40:00,WIX
265.24,265.82,265.15,265.46,7656,2020-10-05 17:45:00,WIX
265.16,265.66,264.75,265.38,3807,2020-10-05 17:50:00,WIX
265.615,267.01,265.615,266.6,12279,2020-10-05 17:55:00,WIX
266.545,266.545,264.77,264.77,2235,2020-10-05 18:00:00,WIX
264.9,265.86,264.46,265.61,3402,2020-10-05 18:05:00,WIX
265.465,266.0,265.2,265.775,2616,2020-10-05 18:10:00,WIX
265.61,265.78,265.39,265.6405,3472,2020-10-05 18:15:00,WIX
265.63,266.46,265.63,266.005,1946,2020-10-05 18:20:00,WIX
266.25,266.25,265.33,265.99,1932,2020-10-05 18:25:00,WIX
265.5,266.47,265.5,265.94,1550,2020-10-05 18:30:00,WIX
266.44,266.925,266.21,266.7456,3490,2020-10-05 18:35:00,WIX
266.65,266.95,266.62,266.74,1999,2020-10-05 18:40:00,WIX
266.64,266.74,265.937,265.95,2888,2020-10-05 18:45:00,WIX
265.965,266.4,265.955,266.325,1600,2020-10-05 18:50:00,WIX
266.455,266.71,265.965,266.71,1820,2020-10-05 18:55:00,WIX
266.72,267.07,266.49,266.94,4695,2020-10-05 19:00:00,WIX
266.63,267.51,266.63,267.38,4447,2020-10-05 19:05:00,WIX
267.0261,268.2699,266.94,267.74,5900,2020-10-05 19:10:00,WIX
267.53,268.29,267.53,267.835,5601,2020-10-05 19:15:00,WIX
267.835,267.99,266.74,267.97,6749,2020-10-05 19:20:00,WIX
267.67,268.73,267.38,267.815,5700,2020-10-05 19:25:00,WIX
267.75,267.99,266.87,266.965,9260,2020-10-05 19:30:00,WIX
266.82,266.925,265.995,265.995,9041,2020-10-05 19:35:00,WIX
265.86,266.58,265.525,266.395,11862,2020-10-05 19:40:00,WIX
266.55,268.5,266.455,268.46,12583,2020-10-05 19:45:00,WIX
268.96,269.16,267.48,267.5053,25613,2020-10-05 19:50:00,WIX
267.73,268.97,267.5,267.64,46481,2020-10-05 19:55:00,WIX
267.91,267.91,267.91,267.91,33861,2020-10-05 20:00:00,WIX
267.4,267.4,267.4,267.4,100,2020-10-05 20:05:00,WIX
268.0,268.0,268.0,268.0,100,2020-10-06 11:10:00,WIX
267.0,269.46,267.0,268.8025,10884,2020-10-06 13:30:00,WIX
269.38,270.27,267.8376,269.93,6435,2020-10-06 13:35:00,WIX
270.16,272.39,270.16,271.3825,8101,2020-10-06 13:40:00,WIX
271.0,271.87,269.0,271.0933,3423,2020-10-06 13:45:00,WIX
270.81,270.9215,269.0,269.97,6170,2020-10-06 13:50:00,WIX
269.79,271.76,269.79,271.5195,4235,2020-10-06 13:55:00,WIX
271.7502,274.31,271.57,274.31,12603,2020-10-06 14:00:00,WIX
273.84,273.84,271.8501,273.15,2539,2020-10-06 14:05:00,WIX
273.15,274.5292,273.0975,273.73,4645,2020-10-06 14:10:00,WIX
273.47,273.7,272.53,273.19,1715,2020-10-06 14:15:00,WIX
273.29,273.3,272.45,272.76,3634,2020-10-06 14:20:00,WIX
272.43,273.3,271.86,273.23,3695,2020-10-06 14:25:00,WIX
272.98,272.98,271.9033,272.76,4310,2020-10-06 14:30:00,WIX
272.93,273.3,272.575,272.935,3647,2020-10-06 14:35:00,WIX
273.29,273.3,270.955,271.08,9177,2020-10-06 14:40:00,WIX
270.885,271.73,270.6,270.6,3161,2020-10-06 14:45:00,WIX
270.56,271.26,270.0,270.06,2327,2020-10-06 14:50:00,WIX
269.71,271.33,269.71,271.33,2294,2020-10-06 14:55:00,WIX
271.44,271.54,270.07,271.05,2999,2020-10-06 15:00:00,WIX
270.435,270.51,269.9225,270.35,3407,2020-10-06 15:05:00,WIX
270.34,270.55,269.76,269.965,5624,2020-10-06 15:10:00,WIX
269.68,270.25,269.66,269.66,2400,2020-10-06 15:15:00,WIX
269.75,269.75,268.5611,269.0,2136,2020-10-06 15:20:00,WIX
268.9599,268.9599,268.23,268.33,1202,2020-10-06 15:25:00,WIX
268.62,270.67,268.585,270.21,3245,2020-10-06 15:30:00,WIX
269.8489,270.84,269.8489,270.84,1927,2020-10-06 15:35:00,WIX
270.75,270.89,270.31,270.66,4018,2020-10-06 15:40:00,WIX
270.39,270.59,269.5,269.5,3000,2020-10-06 15:45:00,WIX
268.26,268.62,267.83,267.83,1050,2020-10-06 15:50:00,WIX
268.085,268.23,267.085,267.68,5210,2020-10-06 15:55:00,WIX
267.56,267.56,267.09,267.315,1450,2020-10-06 16:00:00,WIX
267.315,267.895,267.165,267.71,3393,2020-10-06 16:05:00,WIX
268.1034,268.35,267.23,268.35,3208,2020-10-06 16:10:00,WIX
268.205,268.34,267.62,267.62,1540,2020-10-06 16:15:00,WIX
267.12,267.445,265.38,266.225,7718,2020-10-06 16:20:00,WIX
266.27,266.48,266.01,266.01,1100,2020-10-06 16:25:00,WIX
266.405,266.405,265.84,266.37,800,2020-10-06 16:30:00,WIX
266.28,266.765,266.28,266.765,1360,2020-10-06 16:35:00,WIX
266.2495,266.78,266.0186,266.0186,700,2020-10-06 16:40:00,WIX
266.87,268.72,266.87,268.72,2950,2020-10-06 16:45:00,WIX
268.5521,268.79,268.14,268.495,3731,2020-10-06 16:50:00,WIX
268.77,268.77,268.5,268.66,400,2020-10-06 16:55:00,WIX
268.225,268.62,267.75,267.76,1900,2020-10-06 17:00:00,WIX
267.93,269.32,267.825,269.32,1412,2020-10-06 17:05:00,WIX
268.94,268.94,268.53,268.53,600,2020-10-06 17:10:00,WIX
268.85,269.35,268.77,269.0,1753,2020-10-06 17:15:00,WIX
268.68,268.9584,268.47,268.9584,450,2020-10-06 17:20:00,WIX
268.975,269.655,268.975,269.655,850,2020-10-06 17:25:00,WIX
269.9,270.17,269.61,270.17,2755,2020-10-06 17:30:00,WIX
270.205,270.705,270.205,270.705,1400,2020-10-06 17:35:00,WIX
270.95,270.95,270.06,270.43,3876,2020-10-06 17:40:00,WIX
270.17,271.4584,269.555,269.95,2200,2020-10-06 17:45:00,WIX
270.1256,270.15,269.65,269.945,1000,2020-10-06 17:50:00,WIX
270.29,270.29,269.755,269.755,3700,2020-10-06 17:55:00,WIX
269.6605,269.6605,269.32,269.48,1443,2020-10-06 18:00:00,WIX
269.82,270.1,269.64,269.77,1229,2020-10-06 18:05:00,WIX
269.555,269.82,269.555,269.82,400,2020-10-06 18:10:00,WIX
269.63,269.82,269.2301,269.73,1418,2020-10-06 18:15:00,WIX
269.6476,270.24,269.45,269.8643,7502,2020-10-06 18:20:00,WIX
269.765,270.14,269.57,269.815,2575,2020-10-06 18:25:00,WIX
269.9,270.58,269.59,270.46,1964,2020-10-06 18:30:00,WIX
270.32,270.75,270.31,270.75,1812,2020-10-06 18:35:00,WIX
270.84,270.84,270.245,270.83,4064,2020-10-06 18:40:00,WIX
271.02,271.23,270.1159,270.2699,4567,2020-10-06 18:45:00,WIX
270.1799,270.1899,267.11,267.54,6600,2020-10-06 18:50:00,WIX
267.35,268.82,266.22,267.3375,5465,2020-10-06 18:55:00,WIX
267.0,267.46,265.2091,265.3913,4015,2020-10-06 19:00:00,WIX
265.39,265.6275,262.6,263.33,5962,2020-10-06 19:05:00,WIX
264.81,266.15,263.98,266.02,4450,2020-10-06 19:10:00,WIX
266.38,266.82,265.1213,265.935,2310,2020-10-06 19:15:00,WIX
266.27,266.4,264.96,265.1801,2672,2020-10-06 19:20:00,WIX
265.6944,266.67,265.55,266.67,3410,2020-10-06 19:25:00,WIX
266.79,267.2,265.59,266.31,5385,2020-10-06 19:30:00,WIX
266.82,266.95,265.89,265.89,3262,2020-10-06 19:35:00,WIX
266.33,266.63,265.18,266.63,2890,2020-10-06 19:40:00,WIX
265.7,265.8857,264.645,265.8857,6564,2020-10-06 19:45:00,WIX
265.64,265.64,264.55,265.33,7429,2020-10-06 19:50:00,WIX
265.73,265.75,264.55,264.55,23319,2020-10-06 19:55:00,WIX
265.38,265.38,265.38,265.38,11076,2020-10-06 20:00:00,WIX
268.6,271.495,268.6,271.17,9593,2020-10-07 13:30:00,WIX
271.24,271.24,269.9,270.99,2731,2020-10-07 13:35:00,WIX
270.84,270.88,270.78,270.88,1700,2020-10-07 13:40:00,WIX
272.41,272.41,270.45,271.0,1734,2020-10-07 13:45:00,WIX
271.05,271.8,270.665,271.8,1438,2020-10-07 13:50:00,WIX
272.4272,272.4272,268.0,268.0,4762,2020-10-07 13:55:00,WIX
268.96,270.16,268.96,269.745,1600,2020-10-07 14:00:00,WIX
269.5848,272.44,269.285,272.44,2380,2020-10-07 14:05:00,WIX
272.28,272.3,271.0001,271.18,1414,2020-10-07 14:10:00,WIX
271.665,271.68,270.56,270.56,2400,2020-10-07 14:15:00,WIX
270.03,271.18,269.68,270.3,4842,2020-10-07 14:20:00,WIX
270.32,271.66,269.7919,270.87,9369,2020-10-07 14:25:00,WIX
271.21,271.21,270.0001,270.37,1598,2020-10-07 14:30:00,WIX
269.87,270.56,269.64,270.355,5977,2020-10-07 14:35:00,WIX
270.65,272.1,270.6,272.1,4057,2020-10-07 14:40:00,WIX
272.31,272.347,271.415,272.11,1900,2020-10-07 14:45:00,WIX
272.11,272.79,271.1741,272.557,3595,2020-10-07 14:50:00,WIX
272.61,273.3,272.61,273.01,6082,2020-10-07 14:55:00,WIX
273.26,274.66,273.055,274.43,7607,2020-10-07 15:00:00,WIX
274.35,275.16,274.17,274.805,4044,2020-10-07 15:05:00,WIX
274.805,275.05,273.8845,274.516,6778,2020-10-07 15:10:00,WIX
274.63,275.19,274.42,275.05,3048,2020-10-07 15:15:00,WIX
274.99,275.85,274.64,275.77,2250,2020-10-07 15:20:00,WIX
275.635,275.74,275.37,275.575,2401,2020-10-07 15:25:00,WIX
275.75,275.97,275.41,275.41,1258,2020-10-07 15:30:00,WIX
275.325,275.59,275.21,275.52,1800,2020-10-07 15:35:00,WIX
275.81,277.16,275.81,277.16,4844,2020-10-07 15:40:00,WIX
277.26,277.59,277.12,277.165,2012,2020-10-07 15:45:00,WIX
277.33,277.33,276.335,276.44,2381,2020-10-07 15:50:00,WIX
276.435,276.96,276.33,276.33,3004,2020-10-07 15:55:00,WIX
276.33,277.44,276.17,277.0,1171,2020-10-07 16:00:00,WIX
277.1,277.52,277.03,277.181,3005,2020-10-07 16:05:00,WIX
277.16,277.835,277.15,277.62,4107,2020-10-07 16:10:00,WIX
277.6084,279.0,277.6084,277.9432,14707,2020-10-07 16:15:00,WIX
278.265,278.66,277.12,277.53,3800,2020-10-07 16:20:00,WIX
277.57,277.8445,276.25,277.34,1700,2020-10-07 16:25:00,WIX
277.04,277.94,277.04,277.39,2151,2020-10-07 16:30:00,WIX
277.51,277.965,277.51,277.965,1029,2020-10-07 16:35:00,WIX
277.99,279.0,277.99,279.0,11382,2020-10-07 16:40:00,WIX
279.41,281.0,279.41,281.0,16312,2020-10-07 16:45:00,WIX
280.95,282.87,280.3,282.095,11799,2020-10-07 16:50:00,WIX
282.095,282.54,281.2572,282.16,5201,2020-10-07 16:55:00,WIX
282.775,282.91,281.895,281.895,4200,2020-10-07 17:00:00,WIX
282.27,282.27,280.81,281.09,3620,2020-10-07 17:05:00,WIX
280.86,281.09,280.4349,280.91,5186,2020-10-07 17:10:00,WIX
280.855,280.855,280.52,280.685,1300,2020-10-07 17:15:00,WIX
280.59,280.86,280.255,280.69,1903,2020-10-07 17:20:00,WIX
280.82,280.87,280.05,280.05,1100,2020-10-07 17:25:00,WIX
280.335,280.46,280.07,280.46,3594,2020-10-07 17:30:00,WIX
280.32,280.93,280.32,280.66,1500,2020-10-07 17:35:00,WIX
280.65,280.9,280.36,280.74,2430,2020-10-07 17:40:00,WIX
280.87,281.15,280.61,280.61,1537,2020-10-07 17:45:00,WIX
280.64,280.87,280.45,280.46,2318,2020-10-07 17:50:00,WIX
280.09,280.09,278.3023,279.4,1988,2020-10-07 17:55:00,WIX
278.51,279.35,278.01,279.04,2935,2020-10-07 18:00:00,WIX
279.0671,279.64,278.88,279.5,7395,2020-10-07 18:05:00,WIX
279.67,279.695,279.42,279.45,1799,2020-10-07 18:10:00,WIX
279.285,279.8168,279.115,279.595,2132,2020-10-07 18:15:00,WIX
279.81,280.05,279.608,280.0351,1504,2020-10-07 18:20:00,WIX
279.912,279.99,278.7721,278.865,3050,2020-10-07 18:25:00,WIX
278.6916,279.2,278.6916,279.2,847,2020-10-07 18:30:00,WIX
278.97,279.2473,278.72,278.955,2241,2020-10-07 18:35:00,WIX
278.96,278.96,278.16,278.16,18255,2020-10-07 18:40:00,WIX
278.55,279.28,278.3,279.28,1892,2020-10-07 18:45:00,WIX
279.23,279.24,278.92,279.13,800,2020-10-07 18:50:00,WIX
279.58,280.6,279.41,280.37,3082,2020-10-07 18:55:00,WIX
280.17,280.39,279.651,279.745,3754,2020-10-07 19:00:00,WIX
279.58,280.1,279.47,280.1,1318,2020-10-07 19:05:00,WIX
280.1,280.73,280.07,280.07,4774,2020-10-07 19:10:00,WIX
280.4771,280.56,280.02,280.02,2800,2020-10-07 19:15:00,WIX
280.21,280.21,278.94,280.175,5962,2020-10-07 19:20:00,WIX
280.3,280.78,279.865,279.865,2615,2020-10-07 19:25:00,WIX
280.215,280.625,279.92,279.92,2737,2020-10-07 19:30:00,WIX
280.29,280.99,280.03,280.98,3214,2020-10-07 19:35:00,WIX
280.95,281.01,280.3,280.3,6894,2020-10-07 19:40:00,WIX
280.63,281.38,280.63,281.36,7430,2020-10-07 19:45:00,WIX
281.47,282.79,281.26,282.79,20483,2020-10-07 19:50:00,WIX
282.77,282.87,281.64,281.82,24761,2020-10-07 19:55:00,WIX
281.81,281.81,281.81,281.81,22440,2020-10-07 20:00:00,WIX
281.81,281.81,281.81,281.81,8703,2020-10-07 20:30:00,WIX
288.7154,288.7154,288.7154,288.7154,200,2020-10-08 12:35:00,WIX
287.39,287.39,287.39,287.39,100,2020-10-08 13:25:00,WIX
287.54,288.92,286.73,288.085,17777,2020-10-08 13:30:00,WIX
287.71,290.72,287.7,290.72,15392,2020-10-08 13:35:00,WIX
290.675,291.96,285.02,285.02,12604,2020-10-08 13:40:00,WIX
285.01,286.32,283.48,283.48,6207,2020-10-08 13:45:00,WIX
283.335,286.08,283.12,284.665,3800,2020-10-08 13:50:00,WIX
284.62,285.82,283.91,284.51,4672,2020-10-08 13:55:00,WIX
285.4493,285.4493,282.64,282.975,5582,2020-10-08 14:00:00,WIX
282.56,283.1,282.13,283.02,3014,2020-10-08 14:05:00,WIX
282.68,284.2416,282.68,284.2416,5461,2020-10-08 14:10:00,WIX
283.745,283.81,281.29,282.99,5306,2020-10-08 14:15:00,WIX
282.34,283.19,280.71,280.71,7956,2020-10-08 14:20:00,WIX
280.95,281.06,279.43,281.02,10677,2020-10-08 14:25:00,WIX
281.08,281.33,279.8,280.12,3023,2020-10-08 14:30:00,WIX
280.21,280.21,279.03,279.41,3720,2020-10-08 14:35:00,WIX
279.38,281.1962,278.55,280.46,4919,2020-10-08 14:40:00,WIX
280.855,281.49,278.5401,278.5401,6482,2020-10-08 14:45:00,WIX
278.8242,279.62,278.06,278.06,3608,2020-10-08 14:50:00,WIX
278.41,279.54,278.01,278.8482,2925,2020-10-08 14:55:00,WIX
278.86,281.68,278.86,281.68,4017,2020-10-08 15:00:00,WIX
281.89,281.89,279.85,280.13,6015,2020-10-08 15:05:00,WIX
279.94,280.23,279.27,280.23,3329,2020-10-08 15:10:00,WIX
280.48,281.02,280.43,281.02,2113,2020-10-08 15:15:00,WIX
280.75,281.045,279.69,280.335,3451,2020-10-08 15:20:00,WIX
280.23,280.23,279.345,279.51,2500,2020-10-08 15:25:00,WIX
279.74,279.94,278.52,278.64,4300,2020-10-08 15:30:00,WIX
278.715,279.545,278.675,279.5,4888,2020-10-08 15:35:00,WIX
279.46,279.4632,278.57,279.03,4245,2020-10-08 15:40:00,WIX
279.01,279.1,278.435,278.67,2600,2020-10-08 15:45:00,WIX
278.655,278.93,277.3252,277.3252,2249,2020-10-08 15:50:00,WIX
277.625,278.14,277.625,278.14,1091,2020-10-08 15:55:00,WIX
278.37,278.52,277.915,278.265,3649,2020-10-08 16:00:00,WIX
278.52,279.72,278.52,279.69,4000,2020-10-08 16:05:00,WIX
280.01,280.43,280.0,280.4099,1400,2020-10-08 16:10:00,WIX
280.18,280.18,279.14,279.23,3361,2020-10-08 16:15:00,WIX
279.73,279.8799,278.66,278.66,2500,2020-10-08 16:20:00,WIX
278.41,278.41,277.33,277.42,2300,2020-10-08 16:25:00,WIX
277.01,277.8341,276.51,277.73,3902,2020-10-08 16:30:00,WIX
277.93,278.13,277.505,277.72,1215,2020-10-08 16:35:00,WIX
277.17,277.84,277.0,277.05,9980,2020-10-08 16:40:00,WIX
278.03,278.03,277.42,277.855,600,2020-10-08 16:45:00,WIX
277.8224,278.19,277.7767,278.19,881,2020-10-08 16:50:00,WIX
278.07,278.12,277.31,277.885,3095,2020-10-08 16:55:00,WIX
278.05,278.6,276.675,276.99,16609,2020-10-08 17:00:00,WIX
276.885,278.31,276.885,278.31,2831,2020-10-08 17:05:00,WIX
278.335,278.79,278.09,278.245,8643,2020-10-08 17:10:00,WIX
278.11,278.38,277.23,277.65,6831,2020-10-08 17:15:00,WIX
277.6,277.85,277.28,277.32,4897,2020-10-08 17:20:00,WIX
277.5,278.3,277.5,278.12,9137,2020-10-08 17:25:00,WIX
278.11,278.29,277.01,277.2,35789,2020-10-08 17:30:00,WIX
277.11,277.9,277.11,277.5387,2235,2020-10-08 17:35:00,WIX
277.77,278.305,277.475,277.5064,7507,2020-10-08 17:40:00,WIX
277.66,278.03,277.36,277.625,2480,2020-10-08 17:45:00,WIX
277.57,278.355,277.57,278.21,2675,2020-10-08 17:50:00,WIX
277.87,278.23,277.35,278.23,2600,2020-10-08 17:55:00,WIX
278.32,278.32,277.66,277.97,20393,2020-10-08 18:00:00,WIX
278.4,279.37,278.4,279.37,3150,2020-10-08 18:05:00,WIX
279.36,279.36,279.03,279.03,1980,2020-10-08 18:10:00,WIX
278.86,279.4,278.54,279.4,2695,2020-10-08 18:15:00,WIX
278.99,279.43,278.74,278.84,3558,2020-10-08 18:20:00,WIX
279.29,279.45,279.002,279.18,2600,2020-10-08 18:25:00,WIX
279.21,279.86,278.56,279.71,3357,2020-10-08 18:30:00,WIX
279.52,279.95,279.47,279.67,3000,2020-10-08 18:35:00,WIX
279.8,280.72,279.7,280.72,2299,2020-10-08 18:40:00,WIX
280.695,281.02,280.57,280.9,3302,2020-10-08 18:45:00,WIX
281.05,281.05,280.13,280.2642,1400,2020-10-08 18:50:00,WIX
280.115,280.37,279.7,279.8,2703,2020-10-08 18:55:00,WIX
279.7,279.7,278.71,279.37,3819,2020-10-08 19:00:00,WIX
279.5,279.66,279.03,279.22,2500,2020-10-08 19:05:00,WIX
279.155,279.44,279.0,279.02,2826,2020-10-08 19:10:00,WIX
278.9,278.92,278.22,278.89,3839,2020-10-08 19:15:00,WIX
279.03,279.03,278.01,278.77,13450,2020-10-08 19:20:00,WIX
278.915,279.2,278.79,279.04,5010,2020-10-08 19:25:00,WIX
279.03,279.51,278.76,278.78,3946,2020-10-08 19:30:00,WIX
278.76,279.355,278.64,279.24,4507,2020-10-08 19:35:00,WIX
279.37,279.74,278.64,279.34,12420,2020-10-08 19:40:00,WIX
279.33,279.58,279.095,279.14,7857,2020-10-08 19:45:00,WIX
279.14,280.0625,278.99,279.715,14280,2020-10-08 19:50:00,WIX
279.84,280.05,279.28,280.05,32963,2020-10-08 19:55:00,WIX
279.67,279.67,279.67,279.67,17400,2020-10-08 20:00:00,WIX
279.67,279.67,279.67,279.67,212,2020-10-08 20:05:00,WIX
280.1,280.1,280.1,280.1,100,2020-10-08 20:25:00,WIX
281.0,281.0,281.0,281.0,100,2020-10-08 22:05:00,WIX
282.4,282.4,282.4,282.4,100,2020-10-08 23:30:00,WIX
282.0,282.0,282.0,282.0,100,2020-10-08 23:40:00,WIX
281.01,281.01,281.01,281.01,100,2020-10-09 11:00:00,WIX
283.9,283.9,281.02,282.13,15166,2020-10-09 13:30:00,WIX
281.86,284.43,281.61,284.2,7798,2020-10-09 13:35:00,WIX
284.545,286.43,284.394,284.394,11700,2020-10-09 13:40:00,WIX
284.252,284.87,283.58,284.01,5824,2020-10-09 13:45:00,WIX
284.84,285.9599,284.3001,284.53,3450,2020-10-09 13:50:00,WIX
284.65,285.0321,283.74,284.99,2420,2020-10-09 13:55:00,WIX
283.7883,286.34,283.7883,286.34,2765,2020-10-09 14:00:00,WIX
285.76,285.76,285.14,285.28,3608,2020-10-09 14:05:00,WIX
285.5279,286.0,285.3701,285.5632,1804,2020-10-09 14:10:00,WIX
285.48,286.6,285.39,285.9699,3443,2020-10-09 14:15:00,WIX
285.7556,287.8,285.53,287.42,11557,2020-10-09 14:20:00,WIX
287.07,287.32,286.01,286.01,10905,2020-10-09 14:25:00,WIX
286.0,287.375,285.85,287.08,3815,2020-10-09 14:30:00,WIX
287.02,288.0,287.015,287.455,2670,2020-10-09 14:35:00,WIX
287.485,287.96,287.3778,287.495,4380,2020-10-09 14:40:00,WIX
287.77,289.0,287.765,288.29,6136,2020-10-09 14:45:00,WIX
288.5409,288.5409,287.59,287.59,2963,2020-10-09 14:50:00,WIX
287.425,287.71,287.3,287.3,914,2020-10-09 14:55:00,WIX
287.28,288.05,287.28,287.89,1892,2020-10-09 15:00:00,WIX
288.075,288.12,287.48,288.12,3028,2020-10-09 15:05:00,WIX
288.28,288.45,288.06,288.1,5220,2020-10-09 15:10:00,WIX
288.07,288.16,287.52,287.75,1524,2020-10-09 15:15:00,WIX
287.475,288.07,287.475,287.905,2358,2020-10-09 15:20:00,WIX
287.8994,288.77,287.8994,288.66,1535,2020-10-09 15:25:00,WIX
288.5934,289.0,288.12,288.29,4038,2020-10-09 15:30:00,WIX
288.29,289.0,288.12,288.69,10088,2020-10-09 15:35:00,WIX
288.765,288.85,288.2,288.35,6389,2020-10-09 15:40:00,WIX
288.425,288.76,288.425,288.6416,1620,2020-10-09 15:45:00,WIX
288.76,288.995,288.06,288.725,2896,2020-10-09 15:50:00,WIX
288.59,288.705,286.78,286.91,2950,2020-10-09 15:55:00,WIX
286.885,287.755,286.885,287.755,2050,2020-10-09 16:00:00,WIX
287.7,287.7,287.0296,287.67,1853,2020-10-09 16:05:00,WIX
287.4,287.64,287.0,287.22,1084,2020-10-09 16:10:00,WIX
287.64,288.105,287.64,287.86,1380,2020-10-09 16:15:00,WIX
287.875,288.1055,287.86,287.94,1761,2020-10-09 16:20:00,WIX
287.87,287.915,287.32,287.71,1724,2020-10-09 16:25:00,WIX
287.52,287.55,286.655,287.47,9624,2020-10-09 16:30:00,WIX
287.47,289.0,287.28,288.94,4005,2020-10-09 16:35:00,WIX
288.98,289.2035,288.6335,289.02,3362,2020-10-09 16:40:00,WIX
289.15,289.79,289.15,289.79,2800,2020-10-09 16:45:00,WIX
289.83,290.75,289.82,290.5113,7515,2020-10-09 16:50:00,WIX
290.5691,290.8,289.7104,290.125,3595,2020-10-09 16:55:00,WIX
290.24,291.2119,290.24,291.145,1515,2020-10-09 17:00:00,WIX
291.47,292.86,291.47,292.15,3531,2020-10-09 17:05:00,WIX
292.1488,292.55,291.65,292.09,4020,2020-10-09 17:10:00,WIX
292.08,292.35,291.92,292.235,1926,2020-10-09 17:15:00,WIX
291.93,292.3699,291.79,291.7901,4111,2020-10-09 17:20:00,WIX
291.36,292.08,291.355,292.03,1600,2020-10-09 17:25:00,WIX
291.945,291.945,291.0,291.39,1828,2020-10-09 17:30:00,WIX
291.3057,291.34,290.4047,290.775,3207,2020-10-09 17:35:00,WIX
290.95,291.36,290.7101,291.35,1500,2020-10-09 17:40:00,WIX
291.34,292.16,291.34,291.6301,2870,2020-10-09 17:45:00,WIX
292.11,292.11,291.57,291.57,700,2020-10-09 17:50:00,WIX
291.746,292.54,291.42,292.3282,4897,2020-10-09 17:55:00,WIX
292.07,292.22,292.07,292.22,400,2020-10-09 18:00:00,WIX
292.17,292.43,291.735,291.9946,1700,2020-10-09 18:05:00,WIX
291.75,292.76,291.51,292.74,1686,2020-10-09 18:10:00,WIX
292.88,292.88,292.48,292.48,3001,2020-10-09 18:15:00,WIX
292.035,292.43,290.9943,291.82,2429,2020-10-09 18:20:00,WIX
291.25,291.56,291.25,291.27,853,2020-10-09 18:25:00,WIX
291.17,291.17,290.31,291.12,2104,2020-10-09 18:30:00,WIX
290.94,291.42,290.525,290.955,2674,2020-10-09 18:35:00,WIX
290.835,291.38,290.692,291.135,1500,2020-10-09 18:40:00,WIX
290.9619,291.19,290.6126,290.6126,1975,2020-10-09 18:45:00,WIX
290.74,291.66,290.74,291.66,2406,2020-10-09 18:50:00,WIX
291.5597,291.8199,291.31,291.81,1447,2020-10-09 18:55:00,WIX
291.62,291.792,291.0807,291.792,1600,2020-10-09 19:00:00,WIX
291.92,291.92,291.1,291.1,2259,2020-10-09 19:05:00,WIX
291.52,291.74,291.26,291.56,2624,2020-10-09 19:10:00,WIX
291.41,291.9157,291.41,291.83,5408,2020-10-09 19:15:00,WIX
292.0,292.08,291.3,291.45,5324,2020-10-09 19:20:00,WIX
291.4,293.125,291.4,293.125,7258,2020-10-09 19:25:00,WIX
293.03,293.05,292.23,292.42,5528,2020-10-09 19:30:00,WIX
292.33,292.52,291.74,291.74,7064,2020-10-09 19:35:00,WIX
291.455,291.455,290.7207,290.99,8478,2020-10-09 19:40:00,WIX
290.78,291.54,290.69,291.54,8690,2020-10-09 19:45:00,WIX
291.54,292.32,291.39,292.23,11032,2020-10-09 19:50:00,WIX
292.16,292.28,291.77,291.83,20802,2020-10-09 19:55:00,WIX
291.82,291.82,291.62,291.62,13359,2020-10-09 20:00:00,WIX
293.0,293.0,293.0,293.0,445,2020-10-09 20:05:00,WIX
293.0,293.0,293.0,293.0,100,2020-10-09 23:20:00,WIX
292.01,292.01,292.01,292.01,100,2020-10-12 10:50:00,WIX
294.01,294.01,294.01,294.01,100,2020-10-12 11:00:00,WIX
297.01,297.01,297.01,297.01,100,2020-10-12 11:30:00,WIX
298.0,298.0,298.0,298.0,100,2020-10-12 11:55:00,WIX
296.2,296.2,296.2,296.2,137,2020-10-12 12:05:00,WIX
295.0,295.0,295.0,295.0,100,2020-10-12 12:15:00,WIX
295.26,296.02,291.0,294.24,27169,2020-10-12 13:30:00,WIX
294.94,296.02,293.5,293.5,7709,2020-10-12 13:35:00,WIX
292.99,293.7482,290.5589,290.5589,6274,2020-10-12 13:40:00,WIX
290.675,291.645,288.75,289.5,14847,2020-10-12 13:45:00,WIX
289.01,289.2526,286.9394,289.025,8999,2020-10-12 13:50:00,WIX
288.56,289.4857,288.1023,289.4857,4124,2020-10-12 13:55:00,WIX
289.48,289.48,287.11,288.935,2275,2020-10-12 14:00:00,WIX
288.97,290.68,288.97,289.845,8080,2020-10-12 14:05:00,WIX
290.135,290.7157,289.5,290.7157,3690,2020-10-12 14:10:00,WIX
290.83,292.15,290.3975,291.98,3061,2020-10-12 14:15:00,WIX
291.415,292.34,290.35,291.28,8250,2020-10-12 14:20:00,WIX
291.25,291.43,290.965,291.4,1800,2020-10-12 14:25:00,WIX
291.45,291.53,290.23,290.93,3700,2020-10-12 14:30:00,WIX
291.27,291.665,291.01,291.165,1623,2020-10-12 14:35:00,WIX
291.02,291.78,291.02,291.09,1000,2020-10-12 14:40:00,WIX
290.8,291.5,290.8,290.81,2120,2020-10-12 14:45:00,WIX
291.055,291.17,290.045,290.71,9881,2020-10-12 14:50:00,WIX
291.06,291.81,291.06,291.51,900,2020-10-12 14:55:00,WIX
291.81,291.82,291.43,291.82,1900,2020-10-12 15:00:00,WIX
291.66,292.33,291.66,292.11,771,2020-10-12 15:05:00,WIX
292.04,292.39,290.85,290.85,1275,2020-10-12 15:10:00,WIX
291.07,291.205,290.76,290.93,1800,2020-10-12 15:15:00,WIX
290.85,290.945,290.32,290.92,8195,2020-10-12 15:20:00,WIX
290.79,291.3,290.79,291.1,1050,2020-10-12 15:25:00,WIX
290.99,290.99,290.465,290.59,4710,2020-10-12 15:30:00,WIX
290.59,290.59,288.56,289.05,2245,2020-10-12 15:35:00,WIX
289.0,289.535,289.0,289.1141,1749,2020-10-12 15:40:00,WIX
289.5,289.71,287.7,287.7,1000,2020-10-12 15:45:00,WIX
288.02,288.42,286.93,286.93,3029,2020-10-12 15:50:00,WIX
287.21,288.835,287.21,288.835,2600,2020-10-12 15:55:00,WIX
288.88,289.93,288.23,289.93,2761,2020-10-12 16:00:00,WIX
289.9,289.9,289.09,289.37,1190,2020-10-12 16:05:00,WIX
289.055,290.45,289.055,290.45,2500,2020-10-12 16:10:00,WIX
290.2601,290.2601,289.65,289.9791,900,2020-10-12 16:15:00,WIX
289.96,290.005,289.66,289.724,1100,2020-10-12 16:20:00,WIX
290.2,290.23,289.77,289.77,500,2020-10-12 16:25:00,WIX
289.54,289.98,289.54,289.8711,1165,2020-10-12 16:30:00,WIX
289.745,289.92,289.34,289.48,777,2020-10-12 16:35:00,WIX
289.56,291.03,289.56,291.03,1000,2020-10-12 16:40:00,WIX
291.4199,292.07,291.2929,292.02,2942,2020-10-12 16:45:00,WIX
292.03,292.03,291.0,291.16,2979,2020-10-12 16:50:00,WIX
291.16,291.285,290.34,290.64,1300,2020-10-12 16:55:00,WIX
290.92,291.452,290.41,290.41,884,2020-10-12 17:00:00,WIX
290.63,290.63,289.83,289.83,2062,2020-10-12 17:05:00,WIX
289.94,290.025,289.79,289.79,400,2020-10-12 17:10:00,WIX
289.99,291.57,289.99,291.29,1000,2020-10-12 17:15:00,WIX
291.09,291.245,291.0,291.1059,1100,2020-10-12 17:20:00,WIX
291.52,291.52,290.39,290.39,700,2020-10-12 17:25:00,WIX
290.39,290.895,290.39,290.67,1003,2020-10-12 17:30:00,WIX
290.96,291.61,290.8745,291.61,903,2020-10-12 17:35:00,WIX
291.8,291.8,291.045,291.045,869,2020-10-12 17:40:00,WIX
291.31,291.48,290.66,291.305,1620,2020-10-12 17:45:00,WIX
291.395,291.615,291.395,291.615,300,2020-10-12 17:50:00,WIX
291.3093,291.47,291.3093,291.45,700,2020-10-12 17:55:00,WIX
291.65,292.0,291.6,291.6,524,2020-10-12 18:00:00,WIX
291.775,291.99,291.61,291.85,1310,2020-10-12 18:05:00,WIX
292.04,292.18,292.0,292.17,1300,2020-10-12 18:10:00,WIX
291.3812,291.51,291.335,291.335,300,2020-10-12 18:15:00,WIX
291.4,291.88,291.35,291.88,1500,2020-10-12 18:20:00,WIX
291.75,291.97,291.2525,291.57,1165,2020-10-12 18:25:00,WIX
290.94,291.8,290.94,291.8,1458,2020-10-12 18:30:00,WIX
291.65,291.65,291.0798,291.0798,1152,2020-10-12 18:35:00,WIX
290.72,290.72,290.0504,290.43,2300,2020-10-12 18:40:00,WIX
290.64,292.34,290.64,292.295,2699,2020-10-12 18:45:00,WIX
292.095,292.26,291.0,291.0,2286,2020-10-12 18:50:00,WIX
291.06,291.08,290.645,291.035,1053,2020-10-12 18:55:00,WIX
291.4,291.545,290.78,291.545,2100,2020-10-12 19:00:00,WIX
291.18,291.63,291.18,291.58,1600,2020-10-12 19:05:00,WIX
290.93,291.42,290.75,291.0,3578,2020-10-12 19:10:00,WIX
290.98,291.19,290.085,290.5,3615,2020-10-12 19:15:00,WIX
290.3434,290.59,289.61,290.04,4559,2020-10-12 19:20:00,WIX
290.19,290.95,289.73,290.95,2600,2020-10-12 19:25:00,WIX
290.95,291.26,290.387,290.575,5614,2020-10-12 19:30:00,WIX
290.41,290.5,290.05,290.3,3132,2020-10-12 19:35:00,WIX
290.185,291.05,290.13,291.05,2800,2020-10-12 19:40:00,WIX
290.97,291.19,290.645,290.88,4479,2020-10-12 19:45:00,WIX
290.865,291.9799,290.75,291.48,9015,2020-10-12 19:50:00,WIX
291.405,291.776,289.9,290.385,21678,2020-10-12 19:55:00,WIX
290.56,290.56,290.56,290.56,11592,2020-10-12 20:00:00,WIX
289.0,289.0,289.0,289.0,350,2020-10-12 20:25:00,WIX
290.56,290.56,290.56,290.56,100,2020-10-12 23:00:00,WIX
292.89,293.73,292.16,293.42,7113,2020-10-13 13:30:00,WIX
293.0,295.73,293.0,293.365,8995,2020-10-13 13:35:00,WIX
292.58,294.72,292.58,294.2144,1100,2020-10-13 13:40:00,WIX
294.02,295.0844,293.27,294.8254,5709,2020-10-13 13:45:00,WIX
294.5792,295.55,294.47,294.5,2050,2020-10-13 13:50:00,WIX
295.24,295.64,294.74,294.9913,1600,2020-10-13 13:55:00,WIX
295.45,295.45,293.8,293.8,2302,2020-10-13 14:00:00,WIX
293.925,294.1,292.9,293.9114,1768,2020-10-13 14:05:00,WIX
294.35,294.35,292.48,293.55,2518,2020-10-13 14:10:00,WIX
293.555,294.0,293.0,293.0,1300,2020-10-13 14:15:00,WIX
293.21,294.39,293.21,294.39,963,2020-10-13 14:20:00,WIX
294.9019,294.9019,294.605,294.83,500,2020-10-13 14:25:00,WIX
294.4,294.9268,293.762,293.79,1200,2020-10-13 14:30:00,WIX
293.985,294.55,293.24,294.55,1204,2020-10-13 14:35:00,WIX
294.265,294.9199,294.0737,294.0737,401,2020-10-13 14:40:00,WIX
294.18,294.38,293.95,293.95,926,2020-10-13 14:45:00,WIX
294.385,295.5,294.385,295.135,9524,2020-10-13 14:50:00,WIX
294.76,294.8999,294.28,294.28,800,2020-10-13 14:55:00,WIX
294.59,294.89,294.29,294.46,1339,2020-10-13 15:00:00,WIX
294.73,295.07,294.73,295.07,200,2020-10-13 15:05:00,WIX
295.19,295.58,294.51,295.58,2500,2020-10-13 15:10:00,WIX
295.395,295.395,294.99,295.32,723,2020-10-13 15:15:00,WIX
295.42,295.54,295.3,295.3,500,2020-10-13 15:20:00,WIX
295.31,295.65,295.31,295.59,700,2020-10-13 15:25:00,WIX
295.59,296.21,295.3026,296.21,2203,2020-10-13 15:30:00,WIX
296.535,296.89,296.38,296.89,2900,2020-10-13 15:35:00,WIX
296.99,296.99,295.5201,295.5201,2812,2020-10-13 15:40:00,WIX
295.95,296.31,294.51,294.5782,17650,2020-10-13 15:45:00,WIX
294.835,295.09,294.58,294.765,8856,2020-10-13 15:50:00,WIX
295.315,295.69,295.315,295.69,400,2020-10-13 15:55:00,WIX
296.04,296.245,296.04,296.245,600,2020-10-13 16:00:00,WIX
296.065,296.5,296.0,296.5,1137,2020-10-13 16:05:00,WIX
296.275,296.35,295.35,296.32,6500,2020-10-13 16:10:00,WIX
296.26,296.325,295.4,295.4,3225,2020-10-13 16:15:00,WIX
295.45,295.7,295.07,295.4241,1100,2020-10-13 16:20:00,WIX
295.725,296.15,295.54,296.15,400,2020-10-13 16:25:00,WIX
296.35,296.8003,296.065,296.065,3350,2020-10-13 16:30:00,WIX
295.39,296.14,295.36,296.015,800,2020-10-13 16:35:00,WIX
295.825,296.32,295.825,296.32,537,2020-10-13 16:40:00,WIX
296.305,296.61,295.8,296.15,1300,2020-10-13 16:45:00,WIX
296.365,296.365,296.075,296.285,762,2020-10-13 16:50:00,WIX
296.3,296.545,295.82,296.07,4300,2020-10-13 16:55:00,WIX
296.075,296.23,294.7,294.91,4539,2020-10-13 17:00:00,WIX
294.985,295.88,294.85,294.89,2250,2020-10-13 17:05:00,WIX
295.13,295.28,294.65,294.705,10302,2020-10-13 17:10:00,WIX
294.84,295.6,294.48,295.5,2171,2020-10-13 17:15:00,WIX
294.94,295.0,294.31,294.605,2937,2020-10-13 17:20:00,WIX
294.8757,294.8757,294.8757,294.8757,101,2020-10-13 17:25:00,WIX
294.8438,295.81,294.7721,295.48,2700,2020-10-13 17:30:00,WIX
295.336,295.336,294.6781,294.87,1319,2020-10-13 17:35:00,WIX
294.6035,294.77,294.42,294.42,400,2020-10-13 17:40:00,WIX
294.64,295.7009,294.64,295.7009,1100,2020-10-13 17:45:00,WIX
295.04,295.15,294.9,294.935,2585,2020-10-13 17:50:00,WIX
294.6901,294.75,293.24,293.7,1722,2020-10-13 17:55:00,WIX
293.57,293.68,293.08,293.61,1775,2020-10-13 18:00:00,WIX
293.56,294.56,293.53,294.065,1900,2020-10-13 18:05:00,WIX
294.155,295.05,294.155,294.97,4676,2020-10-13 18:10:00,WIX
294.6925,295.12,294.6925,295.12,400,2020-10-13 18:15:00,WIX
294.9,295.5115,294.73,295.5115,1340,2020-10-13 18:20:00,WIX
295.41,296.26,295.41,296.05,3495,2020-10-13 18:25:00,WIX
295.27,296.0012,295.26,295.995,3917,2020-10-13 18:30:00,WIX
295.81,295.81,295.59,295.59,1301,2020-10-13 18:35:00,WIX
295.89,295.89,295.19,295.545,1150,2020-10-13 18:40:00,WIX
295.505,295.53,295.505,295.53,704,2020-10-13 18:45:00,WIX
295.63,296.42,295.47,295.94,1900,2020-10-13 18:50:00,WIX
295.74,296.65,295.1,295.355,7360,2020-10-13 18:55:00,WIX
295.355,295.6,295.355,295.58,2500,2020-10-13 19:00:00,WIX
295.59,296.41,295.59,296.3,7948,2020-10-13 19:05:00,WIX
296.065,296.61,295.92,295.92,1800,2020-10-13 19:10:00,WIX
296.12,296.72,295.72,296.695,4976,2020-10-13 19:15:00,WIX
296.69,296.99,296.57,296.69,1808,2020-10-13 19:20:00,WIX
296.885,296.885,295.41,296.105,3136,2020-10-13 19:25:00,WIX
296.0,296.76,295.88,296.68,2678,2020-10-13 19:30:00,WIX
296.695,297.1725,296.3,296.3,5585,2020-10-13 19:35:00,WIX
296.5,296.805,296.39,296.585,2549,2020-10-13 19:40:00,WIX
296.66,297.01,296.04,296.32,6675,2020-10-13 19:45:00,WIX
296.51,296.83,295.88,296.755,12359,2020-10-13 19:50:00,WIX
296.695,296.695,295.505,295.64,19379,2020-10-13 19:55:00,WIX
295.64,295.64,295.64,295.64,12475,2020-10-13 20:00:00,WIX
297.2,298.59,296.02,298.435,8179,2020-10-14 13:30:00,WIX
298.25,298.739,296.06,296.84,6438,2020-10-14 13:35:00,WIX
296.39,297.77,295.69,295.69,3625,2020-10-14 13:40:00,WIX
296.45,297.1847,295.0,295.23,4602,2020-10-14 13:45:00,WIX
295.125,296.319,294.0947,296.0,16706,2020-10-14 13:50:00,WIX
295.6894,296.47,294.65,294.99,18493,2020-10-14 13:55:00,WIX
295.0,295.23,290.51,290.76,12984,2020-10-14 14:00:00,WIX
290.91,291.95,290.4444,291.95,2125,2020-10-14 14:05:00,WIX
292.385,292.857,291.13,291.695,8400,2020-10-14 14:10:00,WIX
291.29,291.995,290.55,290.56,3000,2020-10-14 14:15:00,WIX
290.83,291.8,290.83,291.335,1892,2020-10-14 14:20:00,WIX
291.0,291.325,289.955,290.5,4029,2020-10-14 14:25:00,WIX
290.08,290.49,287.59,287.59,5756,2020-10-14 14:30:00,WIX
287.59,288.98,287.59,288.98,2355,2020-10-14 14:35:00,WIX
289.39,289.8,288.31,288.89,3583,2020-10-14 14:40:00,WIX
289.625,290.6,289.11,290.59,2299,2020-10-14 14:45:00,WIX
290.555,290.56,290.555,290.56,500,2020-10-14 14:50:00,WIX
290.48,290.64,290.15,290.52,2800,2020-10-14 14:55:00,WIX
290.11,290.27,289.99,290.015,700,2020-10-14 15:00:00,WIX
290.2299,290.45,290.045,290.22,1200,2020-10-14 15:05:00,WIX
290.365,290.95,290.285,290.285,1400,2020-10-14 15:10:00,WIX
290.1,290.1,289.17,289.3575,1500,2020-10-14 15:15:00,WIX
289.26,289.26,288.19,288.19,2898,2020-10-14 15:20:00,WIX
288.57,289.0,288.0,288.0,7892,2020-10-14 15:25:00,WIX
287.68,287.68,287.19,287.59,2618,2020-10-14 15:30:00,WIX
287.61,288.49,287.485,287.63,2600,2020-10-14 15:35:00,WIX
287.35,287.62,287.0,287.485,2698,2020-10-14 15:40:00,WIX
287.52,287.59,286.96,287.59,3950,2020-10-14 15:45:00,WIX
287.5,287.5,284.49,284.943,11177,2020-10-14 15:50:00,WIX
285.29,285.3,283.46,283.655,6062,2020-10-14 15:55:00,WIX
283.47,283.91,283.03,283.62,3365,2020-10-14 16:00:00,WIX
283.457,284.9973,283.457,284.58,4440,2020-10-14 16:05:00,WIX
285.41,285.41,284.695,284.695,1527,2020-10-14 16:10:00,WIX
284.9694,284.9694,282.445,282.68,11248,2020-10-14 16:15:00,WIX
282.6999,283.395,282.1456,282.46,2625,2020-10-14 16:20:00,WIX
282.53,283.31,282.53,283.31,882,2020-10-14 16:25:00,WIX
283.545,284.09,283.07,284.09,1304,2020-10-14 16:30:00,WIX
284.73,285.58,284.09,285.21,3952,2020-10-14 16:35:00,WIX
285.34,286.28,285.34,285.47,1419,2020-10-14 16:40:00,WIX
285.5,287.22,285.28,286.975,6124,2020-10-14 16:45:00,WIX
286.9531,286.9531,286.6225,286.72,671,2020-10-14 16:50:00,WIX
287.04,288.1699,286.5,287.7537,9496,2020-10-14 16:55:00,WIX
287.83,288.215,287.83,288.215,400,2020-10-14 17:00:00,WIX
288.49,288.49,287.5,287.5,1967,2020-10-14 17:05:00,WIX
287.5,287.5,286.5,286.85,2018,2020-10-14 17:10:00,WIX
286.75,287.295,286.75,287.1,1945,2020-10-14 17:15:00,WIX
287.0944,287.53,287.0944,287.48,800,2020-10-14 17:20:00,WIX
287.98,288.245,287.64,287.64,1300,2020-10-14 17:25:00,WIX
287.43,287.43,286.55,286.57,700,2020-10-14 17:30:00,WIX
286.49,287.34,286.49,287.34,300,2020-10-14 17:35:00,WIX
288.29,288.88,288.29,288.88,1300,2020-10-14 17:40:00,WIX
288.97,288.97,288.45,288.47,500,2020-10-14 17:45:00,WIX
288.39,289.0722,288.29,288.29,1540,2020-10-14 17:50:00,WIX
288.49,288.65,288.435,288.435,470,2020-10-14 17:55:00,WIX
288.85,288.85,288.6,288.8,400,2020-10-14 18:00:00,WIX
288.92,289.99,288.92,289.99,600,2020-10-14 18:05:00,WIX
289.63,289.89,289.41,289.7968,1445,2020-10-14 18:10:00,WIX
289.52,289.52,288.46,288.63,4327,2020-10-14 18:15:00,WIX
288.3112,288.48,288.1482,288.1482,833,2020-10-14 18:20:00,WIX
287.71,287.71,287.66,287.66,200,2020-10-14 18:30:00,WIX
287.21,287.48,286.4601,286.64,2220,2020-10-14 18:35:00,WIX
286.3866,287.3566,286.38,287.1,1838,2020-10-14 18:40:00,WIX
287.15,287.59,287.04,287.59,700,2020-10-14 18:45:00,WIX
287.65,288.0187,287.27,288.0187,1550,2020-10-14 18:50:00,WIX
287.54,289.305,287.54,289.285,2000,2020-10-14 18:55:00,WIX
289.235,289.235,287.925,288.77,2618,2020-10-14 19:00:00,WIX
288.865,288.92,288.67,288.735,500,2020-10-14 19:05:00,WIX
289.11,289.28,288.57,289.14,2700,2020-10-14 19:10:00,WIX
288.94,289.15,288.81,289.15,1400,2020-10-14 19:15:00,WIX
288.91,289.1,288.91,289.05,700,2020-10-14 19:20:00,WIX
288.88,289.0,288.875,289.0,1289,2020-10-14 19:25:00,WIX
288.91,290.08,288.91,289.695,2400,2020-10-14 19:30:00,WIX
289.87,289.87,288.62,289.1233,1962,2020-10-14 19:35:00,WIX
289.29,289.8938,289.015,289.8938,1840,2020-10-14 19:40:00,WIX
289.69,289.69,288.58,288.7231,1565,2020-10-14 19:45:00,WIX
288.58,288.84,288.32,288.39,8720,2020-10-14 19:50:00,WIX
288.22,288.59,287.66,287.66,12974,2020-10-14 19:55:00,WIX
287.67,287.67,287.67,287.67,16902,2020-10-14 20:00:00,WIX
288.0,288.0,288.0,288.0,100,2020-10-14 21:10:00,WIX
282.5,282.5,282.5,282.5,100,2020-10-15 12:45:00,WIX
281.0,281.0,281.0,281.0,121,2020-10-15 13:05:00,WIX
281.1212,281.1212,281.1212,281.1212,150,2020-10-15 13:20:00,WIX
281.0,281.0,280.14,280.14,270,2020-10-15 13:25:00,WIX
279.17,282.5,277.0,282.03,17821,2020-10-15 13:30:00,WIX
282.59,282.59,280.3,280.31,3000,2020-10-15 13:35:00,WIX
280.22,284.17,279.935,284.17,8741,2020-10-15 13:40:00,WIX
284.15,284.835,282.02,282.02,2800,2020-10-15 13:45:00,WIX
282.54,285.46,282.54,285.37,4633,2020-10-15 13:50:00,WIX
285.8,285.8,284.2703,285.57,2700,2020-10-15 13:55:00,WIX
285.08,285.65,283.12,283.5025,2342,2020-10-15 14:00:00,WIX
284.03,284.83,283.44,283.92,1840,2020-10-15 14:05:00,WIX
283.86,284.48,283.49,284.18,3288,2020-10-15 14:10:00,WIX
284.19,285.86,283.81,283.81,2076,2020-10-15 14:15:00,WIX
284.22,285.915,284.22,285.02,3280,2020-10-15 14:20:00,WIX
285.61,285.9,283.66,284.19,2420,2020-10-15 14:25:00,WIX
283.445,283.445,282.28,282.28,1470,2020-10-15 14:30:00,WIX
281.57,281.57,278.815,278.975,3070,2020-10-15 14:35:00,WIX
278.81,279.16,277.42,278.9,3222,2020-10-15 14:40:00,WIX
279.2,280.0,278.92,279.55,3377,2020-10-15 14:45:00,WIX
279.585,279.98,279.075,279.28,3597,2020-10-15 14:50:00,WIX
279.525,279.74,279.42,279.595,900,2020-10-15 14:55:00,WIX
279.58,279.82,278.39,278.95,3273,2020-10-15 15:00:00,WIX
278.806,280.95,278.806,280.95,3060,2020-10-15 15:05:00,WIX
280.56,281.41,280.0001,281.41,3550,2020-10-15 15:10:00,WIX
281.15,281.58,280.95,281.58,700,2020-10-15 15:15:00,WIX
281.82,282.66,281.6901,282.05,1000,2020-10-15 15:20:00,WIX
282.36,283.4618,282.35,283.4618,3234,2020-10-15 15:25:00,WIX
283.5,284.24,283.22,283.93,1100,2020-10-15 15:30:00,WIX
283.95,284.98,283.95,284.92,2028,2020-10-15 15:35:00,WIX
284.65,285.03,284.6,285.0299,1115,2020-10-15 15:40:00,WIX
284.81,284.84,283.0,283.0,1400,2020-10-15 15:45:00,WIX
283.02,283.02,282.69,282.69,300,2020-10-15 15:50:00,WIX
282.84,282.85,282.15,282.71,1500,2020-10-15 15:55:00,WIX
282.825,283.0,282.58,282.59,1353,2020-10-15 16:00:00,WIX
282.96,283.77,282.6472,282.69,900,2020-10-15 16:05:00,WIX
282.25,282.25,282.25,282.25,100,2020-10-15 16:10:00,WIX
282.01,282.71,282.01,282.64,946,2020-10-15 16:15:00,WIX
282.96,282.97,282.22,282.4575,1500,2020-10-15 16:20:00,WIX
282.3738,282.605,282.19,282.375,1200,2020-10-15 16:25:00,WIX
282.1,282.5629,282.1,282.15,700,2020-10-15 16:30:00,WIX
281.78,281.8,281.42,281.8,700,2020-10-15 16:35:00,WIX
281.67,281.67,281.0,281.29,1125,2020-10-15 16:40:00,WIX
281.41,281.9824,281.12,281.71,2390,2020-10-15 16:45:00,WIX
281.715,283.29,281.715,283.29,3313,2020-10-15 16:50:00,WIX
283.21,283.21,283.16,283.16,300,2020-10-15 16:55:00,WIX
282.8948,283.04,282.89,282.89,1300,2020-10-15 17:05:00,WIX
282.74,283.07,282.68,282.68,800,2020-10-15 17:10:00,WIX
282.54,282.54,281.5099,281.5099,497,2020-10-15 17:15:00,WIX
282.18,282.21,282.18,282.21,300,2020-10-15 17:20:00,WIX
281.96,282.52,281.96,282.0863,1060,2020-10-15 17:25:00,WIX
281.76,282.12,281.26,282.12,898,2020-10-15 17:30:00,WIX
282.89,282.89,282.89,282.89,100,2020-10-15 17:35:00,WIX
283.21,283.58,283.21,283.45,700,2020-10-15 17:40:00,WIX
283.4068,283.4068,283.05,283.05,200,2020-10-15 17:45:00,WIX
282.865,283.01,282.865,283.01,1030,2020-10-15 17:50:00,WIX
283.0,283.0,282.82,282.9067,1000,2020-10-15 17:55:00,WIX
282.725,283.29,282.725,283.29,750,2020-10-15 18:00:00,WIX
283.3,283.3,282.81,282.81,963,2020-10-15 18:05:00,WIX
282.88,282.88,282.26,282.8,1739,2020-10-15 18:10:00,WIX
282.8,282.898,282.6746,282.898,500,2020-10-15 18:15:00,WIX
282.99,283.0,282.99,283.0,250,2020-10-15 18:20:00,WIX
282.6,282.6,282.6,282.6,100,2020-10-15 18:25:00,WIX
282.7968,282.98,282.75,282.75,419,2020-10-15 18:30:00,WIX
282.56,282.56,281.88,281.92,1320,2020-10-15 18:35:00,WIX
281.9,281.9,281.23,281.23,600,2020-10-15 18:40:00,WIX
281.0,281.33,281.0,281.215,1069,2020-10-15 18:45:00,WIX
281.3,281.3,281.0,281.0,800,2020-10-15 18:50:00,WIX
281.0,281.255,280.92,281.255,1443,2020-10-15 18:55:00,WIX
281.275,281.858,281.275,281.805,1225,2020-10-15 19:00:00,WIX
281.54,282.21,281.54,282.21,800,2020-10-15 19:05:00,WIX
282.622,283.17,282.622,283.02,1000,2020-10-15 19:10:00,WIX
283.01,283.75,283.01,283.75,1000,2020-10-15 19:15:00,WIX
283.75,284.0,283.7469,284.0,677,2020-10-15 19:20:00,WIX
284.0,284.24,283.78,284.13,2000,2020-10-15 19:25:00,WIX
283.99,284.095,283.35,283.35,1991,2020-10-15 19:30:00,WIX
283.44,283.51,283.13,283.43,1600,2020-10-15 19:35:00,WIX
283.275,284.49,283.275,284.35,6421,2020-10-15 19:40:00,WIX
284.42,284.6,283.33,283.33,5009,2020-10-15 19:45:00,WIX
283.21,284.0621,282.915,283.45,5874,2020-10-15 19:50:00,WIX
283.31,283.92,282.91,283.7,10585,2020-10-15 19:55:00,WIX
283.5,283.5,283.5,283.5,18329,2020-10-15 20:00:00,WIX
283.5,283.5,283.5,283.5,2263,2020-10-15 20:35:00,WIX
284.0,284.0,284.0,284.0,100,2020-10-15 23:35:00,WIX
286.95,287.01,285.4301,286.41,7185,2020-10-16 13:30:00,WIX
286.06,286.8,286.06,286.8,510,2020-10-16 13:35:00,WIX
285.94,286.53,285.94,286.53,3652,2020-10-16 13:40:00,WIX
286.46,286.805,285.0101,285.07,6170,2020-10-16 13:45:00,WIX
285.01,285.01,284.0,284.385,4485,2020-10-16 13:50:00,WIX
284.74,286.03,284.455,284.455,1100,2020-10-16 13:55:00,WIX
284.465,285.155,284.465,285.145,2883,2020-10-16 14:00:00,WIX
285.365,285.365,284.42,284.52,1400,2020-10-16 14:05:00,WIX
284.175,284.34,283.66,283.95,2100,2020-10-16 14:10:00,WIX
284.2099,284.705,284.2099,284.51,2091,2020-10-16 14:15:00,WIX
284.76,285.675,284.58,284.7749,3585,2020-10-16 14:20:00,WIX
285.3439,285.3439,284.21,284.39,2405,2020-10-16 14:25:00,WIX
284.98,284.98,284.5,284.5,300,2020-10-16 14:30:00,WIX
284.36,284.7599,283.09,283.92,1664,2020-10-16 14:35:00,WIX
284.0,284.0,283.095,283.11,988,2020-10-16 14:40:00,WIX
283.36,283.36,281.03,281.5,4910,2020-10-16 14:45:00,WIX
281.1329,281.1329,281.1329,281.1329,120,2020-10-16 14:50:00,WIX
282.0,282.0,281.3,281.33,1000,2020-10-16 14:55:00,WIX
281.65,281.65,281.11,281.145,610,2020-10-16 15:00:00,WIX
281.66,282.065,280.32,280.32,1159,2020-10-16 15:05:00,WIX
280.28,280.35,279.82,280.35,2685,2020-10-16 15:10:00,WIX
280.24,281.15,278.46,280.35,1780,2020-10-16 15:15:00,WIX
279.62,279.62,279.22,279.22,300,2020-10-16 15:20:00,WIX
279.303,280.45,279.2513,280.45,1530,2020-10-16 15:25:00,WIX
280.6,281.4,280.52,280.77,2583,2020-10-16 15:30:00,WIX
281.1943,281.58,280.545,280.545,3141,2020-10-16 15:35:00,WIX
280.84,281.43,280.66,280.66,1017,2020-10-16 15:40:00,WIX
280.5,281.0,280.5,280.74,606,2020-10-16 15:45:00,WIX
281.0,281.2,281.0,281.2,748,2020-10-16 15:50:00,WIX
280.85,280.85,280.8,280.8,200,2020-10-16 15:55:00,WIX
281.49,281.84,281.2,281.36,1259,2020-10-16 16:00:00,WIX
281.66,281.66,280.445,280.45,1200,2020-10-16 16:05:00,WIX
280.5888,280.7,279.9101,280.38,3182,2020-10-16 16:10:00,WIX
280.52,280.52,280.01,280.01,956,2020-10-16 16:15:00,WIX
279.62,279.82,279.25,279.25,2936,2020-10-16 16:20:00,WIX
279.47,279.7778,279.295,279.7778,920,2020-10-16 16:25:00,WIX
279.38,279.69,278.78,278.78,700,2020-10-16 16:30:00,WIX
278.51,278.57,277.98,277.98,1620,2020-10-16 16:35:00,WIX
278.21,278.21,277.98,277.98,321,2020-10-16 16:40:00,WIX
278.415,279.06,278.415,278.64,1604,2020-10-16 16:45:00,WIX
278.57,279.0236,278.02,278.305,1200,2020-10-16 16:50:00,WIX
278.755,279.2197,278.755,279.2197,689,2020-10-16 16:55:00,WIX
278.87,280.6199,278.87,280.28,13815,2020-10-16 17:00:00,WIX
279.8,279.92,279.55,279.86,971,2020-10-16 17:05:00,WIX
280.015,280.015,279.52,279.52,413,2020-10-16 17:10:00,WIX
279.69,279.69,278.38,278.64,4131,2020-10-16 17:15:00,WIX
278.83,279.17,278.4,278.8816,1886,2020-10-16 17:20:00,WIX
278.9,279.2156,278.32,278.85,1659,2020-10-16 17:25:00,WIX
278.58,278.6,278.16,278.415,5397,2020-10-16 17:30:00,WIX
278.63,278.84,278.58,278.615,3410,2020-10-16 17:35:00,WIX
278.455,278.7513,278.0303,278.0303,6690,2020-10-16 17:40:00,WIX
278.26,278.9,278.26,278.9,600,2020-10-16 17:45:00,WIX
279.57,279.71,279.45,279.6,500,2020-10-16 17:50:00,WIX
279.65,279.65,279.2,279.42,1700,2020-10-16 17:55:00,WIX
279.521,279.67,278.43,278.43,700,2020-10-16 18:00:00,WIX
279.905,279.91,279.82,279.82,600,2020-10-16 18:05:00,WIX
279.5,279.95,279.29,279.29,3260,2020-10-16 18:10:00,WIX
279.0273,279.0273,278.7584,278.7584,200,2020-10-16 18:15:00,WIX
278.78,279.14,278.78,278.905,1670,2020-10-16 18:20:00,WIX
278.695,278.85,278.57,278.72,1668,2020-10-16 18:25:00,WIX
278.8,279.42,278.8,278.92,1300,2020-10-16 18:30:00,WIX
278.94,279.335,278.64,279.256,1060,2020-10-16 18:35:00,WIX
278.82,278.93,278.0142,278.26,2766,2020-10-16 18:40:00,WIX
278.24,278.26,277.28,278.2383,5718,2020-10-16 18:45:00,WIX
278.08,278.25,277.84,277.85,1912,2020-10-16 18:50:00,WIX
278.08,278.56,277.66,278.155,3224,2020-10-16 18:55:00,WIX
278.13,278.205,277.725,277.9,4000,2020-10-16 19:00:00,WIX
277.93,277.93,277.4,277.4,1308,2020-10-16 19:05:00,WIX
277.45,277.96,277.44,277.6622,1918,2020-10-16 19:10:00,WIX
277.71,278.27,277.71,278.075,2903,2020-10-16 19:15:00,WIX
278.2604,278.2604,277.6201,277.99,1700,2020-10-16 19:20:00,WIX
277.9636,279.2,277.7729,278.91,3614,2020-10-16 19:25:00,WIX
278.695,278.695,277.89,277.91,1659,2020-10-16 19:30:00,WIX
278.19,278.32,277.77,277.77,2898,2020-10-16 19:35:00,WIX
277.5,277.5743,277.1391,277.32,3532,2020-10-16 19:40:00,WIX
277.19,277.6099,277.1061,277.11,5346,2020-10-16 19:45:00,WIX
277.25,277.365,275.95,275.95,7972,2020-10-16 19:50:00,WIX
276.27,276.7099,275.77,276.36,19670,2020-10-16 19:55:00,WIX
276.36,276.36,276.36,276.36,20572,2020-10-16 20:00:00,WIX
279.01,281.17,279.01,281.15,9909,2020-10-19 13:30:00,WIX
280.56,283.23,280.56,283.23,3789,2020-10-19 13:35:00,WIX
283.355,284.7199,282.22,282.22,6732,2020-10-19 13:40:00,WIX
282.93,283.59,282.633,283.2,1100,2020-10-19 13:45:00,WIX
283.215,283.215,281.23,281.23,1450,2020-10-19 13:50:00,WIX
281.9,282.22,280.05,280.05,2878,2020-10-19 13:55:00,WIX
280.16,281.5927,279.12,281.5927,1933,2020-10-19 14:00:00,WIX
281.31,281.7,280.75,280.75,4667,2020-10-19 14:05:00,WIX
280.49,280.49,279.04,279.8793,1404,2020-10-19 14:10:00,WIX
280.33,281.63,280.17,281.63,1164,2020-10-19 14:15:00,WIX
280.82,281.59,280.655,281.59,2201,2020-10-19 14:20:00,WIX
281.69,282.87,281.69,282.87,715,2020-10-19 14:25:00,WIX
282.65,282.8,281.68,281.68,1937,2020-10-19 14:30:00,WIX
281.04,281.05,279.38,279.89,1600,2020-10-19 14:35:00,WIX
279.88,280.53,279.7,279.7,874,2020-10-19 14:40:00,WIX
279.66,279.9533,279.5664,279.62,1300,2020-10-19 14:45:00,WIX
280.0,281.35,280.0,281.25,1262,2020-10-19 14:50:00,WIX
280.71,281.3527,280.27,281.3527,515,2020-10-19 14:55:00,WIX
280.79,282.41,280.79,282.41,1700,2020-10-19 15:00:00,WIX
282.165,282.76,282.11,282.61,1200,2020-10-19 15:05:00,WIX
282.94,283.15,282.92,283.15,600,2020-10-19 15:10:00,WIX
283.55,283.94,283.13,283.13,3032,2020-10-19 15:15:00,WIX
282.65,282.8,282.31,282.31,600,2020-10-19 15:20:00,WIX
282.43,283.06,282.2654,283.06,705,2020-10-19 15:25:00,WIX
283.44,283.59,282.83,282.83,2496,2020-10-19 15:30:00,WIX
282.54,283.64,282.54,283.53,1330,2020-10-19 15:35:00,WIX
283.72,284.4,282.39,282.39,2546,2020-10-19 15:40:00,WIX
282.23,282.23,282.17,282.17,800,2020-10-19 15:45:00,WIX
282.145,282.579,282.01,282.579,1215,2020-10-19 15:50:00,WIX
281.93,282.235,281.83,281.865,1300,2020-10-19 15:55:00,WIX
282.0,282.595,282.0,282.0,2000,2020-10-19 16:00:00,WIX
281.67,282.6563,281.67,282.3,826,2020-10-19 16:05:00,WIX
282.15,282.15,281.0,281.0,400,2020-10-19 16:10:00,WIX
281.62,281.62,281.58,281.58,900,2020-10-19 16:15:00,WIX
281.3,281.59,280.84,280.84,900,2020-10-19 16:20:00,WIX
280.9302,281.305,280.9302,281.305,900,2020-10-19 16:25:00,WIX
281.71,281.71,281.49,281.6,1577,2020-10-19 16:30:00,WIX
281.6,281.9,281.5296,281.5296,1802,2020-10-19 16:35:00,WIX
281.4,281.77,281.4,281.77,500,2020-10-19 16:40:00,WIX
281.55,281.9954,281.42,281.7,2800,2020-10-19 16:45:00,WIX
281.4853,281.4853,280.31,280.69,400,2020-10-19 16:50:00,WIX
280.81,281.58,280.49,281.58,23400,2020-10-19 16:55:00,WIX
281.31,281.57,280.63,280.63,3200,2020-10-19 17:00:00,WIX
280.525,281.0,280.525,281.0,2199,2020-10-19 17:05:00,WIX
280.7933,281.67,280.7933,281.495,1100,2020-10-19 17:10:00,WIX
281.32,281.32,280.69,280.985,2655,2020-10-19 17:15:00,WIX
280.985,281.06,280.45,280.45,1300,2020-10-19 17:20:00,WIX
280.13,280.86,280.13,280.86,1600,2020-10-19 17:25:00,WIX
280.815,280.815,279.6758,279.6758,1300,2020-10-19 17:30:00,WIX
280.115,280.2929,280.0,280.23,954,2020-10-19 17:35:00,WIX
280.1036,280.1036,280.06,280.06,200,2020-10-19 17:40:00,WIX
279.715,279.715,279.0,279.2919,1790,2020-10-19 17:45:00,WIX
279.045,279.88,278.74,278.79,19985,2020-10-19 17:50:00,WIX
278.73,279.03,278.36,279.005,1821,2020-10-19 17:55:00,WIX
278.8,278.8,278.27,278.4,500,2020-10-19 18:00:00,WIX
278.39,278.8,278.39,278.8,800,2020-10-19 18:05:00,WIX
278.65,278.98,278.4,278.62,2283,2020-10-19 18:10:00,WIX
279.08,279.96,279.08,279.63,700,2020-10-19 18:15:00,WIX
279.43,279.43,279.375,279.38,400,2020-10-19 18:20:00,WIX
279.64,279.965,279.64,279.965,350,2020-10-19 18:25:00,WIX
279.53,280.17,279.53,279.88,1699,2020-10-19 18:30:00,WIX
279.6617,279.6617,279.22,279.22,700,2020-10-19 18:35:00,WIX
279.5,279.5,278.57,278.57,1009,2020-10-19 18:40:00,WIX
278.45,278.82,278.03,278.445,700,2020-10-19 18:45:00,WIX
278.105,278.38,278.105,278.38,643,2020-10-19 18:50:00,WIX
278.45,279.0588,278.44,278.865,1090,2020-10-19 18:55:00,WIX
278.4,278.4,277.43,278.2,300,2020-10-19 19:00:00,WIX
277.65,277.65,277.225,277.65,2442,2020-10-19 19:05:00,WIX
277.9,278.19,277.62,278.19,3735,2020-10-19 19:10:00,WIX
278.39,279.01,277.92,277.92,2500,2020-10-19 19:15:00,WIX
278.11,278.11,276.15,276.19,2101,2020-10-19 19:20:00,WIX
276.34,277.77,276.34,277.77,2987,2020-10-19 19:25:00,WIX
278.1,278.25,277.67,277.67,1986,2020-10-19 19:30:00,WIX
277.52,277.72,277.18,277.54,3100,2020-10-19 19:35:00,WIX
277.46,277.8699,276.885,276.885,5632,2020-10-19 19:40:00,WIX
277.07,277.95,277.07,277.76,6141,2020-10-19 19:45:00,WIX
277.63,277.63,276.42,277.17,12301,2020-10-19 19:50:00,WIX
277.46,278.31,277.04,278.31,17152,2020-10-19 19:55:00,WIX
278.3,278.3,278.3,278.3,28998,2020-10-19 20:00:00,WIX
280.43,280.56,280.05,280.05,4129,2020-10-20 13:30:00,WIX
278.87,279.75,278.87,279.75,607,2020-10-20 13:35:00,WIX
279.75,281.7899,279.74,281.7899,2090,2020-10-20 13:40:00,WIX
280.97,281.78,280.52,280.52,2195,2020-10-20 13:45:00,WIX
280.12,280.61,279.04,279.04,3857,2020-10-20 13:50:00,WIX
278.89,280.5054,278.89,280.5054,500,2020-10-20 13:55:00,WIX
280.67,281.5,280.67,281.5,603,2020-10-20 14:00:00,WIX
282.33,282.41,281.7701,281.7701,800,2020-10-20 14:05:00,WIX
282.4674,282.4674,281.45,281.53,1650,2020-10-20 14:10:00,WIX
281.3,281.94,281.26,281.94,900,2020-10-20 14:15:00,WIX
281.565,281.565,281.19,281.19,1303,2020-10-20 14:20:00,WIX
281.305,281.75,281.07,281.55,5976,2020-10-20 14:25:00,WIX
281.4463,282.21,281.4463,281.54,1100,2020-10-20 14:30:00,WIX
281.435,282.12,281.28,281.72,1800,2020-10-20 14:35:00,WIX
281.92,283.108,281.92,282.25,3890,2020-10-20 14:40:00,WIX
282.91,282.91,281.05,281.05,1300,2020-10-20 14:45:00,WIX
281.74,282.0,281.16,281.16,1249,2020-10-20 14:50:00,WIX
281.18,281.18,280.0,280.005,2775,2020-10-20 14:55:00,WIX
280.07,280.1,278.76,278.76,725,2020-10-20 15:00:00,WIX
278.75,279.15,278.69,278.84,700,2020-10-20 15:05:00,WIX
279.21,279.97,279.21,279.97,1301,2020-10-20 15:10:00,WIX
280.0,280.08,279.915,279.965,1550,2020-10-20 15:15:00,WIX
279.62,280.68,279.62,280.68,1000,2020-10-20 15:20:00,WIX
281.02,281.21,279.97,279.97,2493,2020-10-20 15:25:00,WIX
279.97,280.5,279.77,279.865,3349,2020-10-20 15:30:00,WIX
279.55,280.5,279.55,279.97,2600,2020-10-20 15:35:00,WIX
280.325,280.325,279.45,279.88,4400,2020-10-20 15:40:00,WIX
280.65,281.54,280.59,281.18,800,2020-10-20 15:45:00,WIX
280.73,281.49,280.73,281.28,3100,2020-10-20 15:50:00,WIX
281.08,281.48,280.65,281.48,600,2020-10-20 15:55:00,WIX
281.5,281.5,281.37,281.37,300,2020-10-20 16:00:00,WIX
280.82,281.48,280.78,281.48,1630,2020-10-20 16:05:00,WIX
281.965,282.13,281.74,281.79,685,2020-10-20 16:10:00,WIX
281.65,281.9,281.41,281.4487,900,2020-10-20 16:15:00,WIX
281.76,281.85,281.32,281.85,400,2020-10-20 16:20:00,WIX
281.06,281.06,281.06,281.06,100,2020-10-20 16:25:00,WIX
281.33,281.33,280.815,281.27,800,2020-10-20 16:30:00,WIX
280.75,280.75,280.75,280.75,100,2020-10-20 16:35:00,WIX
280.79,281.15,280.62,280.6828,1150,2020-10-20 16:40:00,WIX
280.62,280.84,280.2717,280.84,1526,2020-10-20 16:45:00,WIX
280.89,281.3798,280.49,281.26,2450,2020-10-20 16:50:00,WIX
281.34,281.38,280.7943,280.95,800,2020-10-20 16:55:00,WIX
280.65,281.24,280.65,281.1138,900,2020-10-20 17:00:00,WIX
281.09,281.09,281.09,281.09,200,2020-10-20 17:05:00,WIX
280.73,281.15,280.3822,281.15,800,2020-10-20 17:10:00,WIX
281.5,281.64,281.39,281.64,591,2020-10-20 17:15:00,WIX
281.67,281.67,281.31,281.57,896,2020-10-20 17:20:00,WIX
281.47,281.86,281.35,281.61,800,2020-10-20 17:25:00,WIX
281.21,281.73,281.21,281.305,900,2020-10-20 17:30:00,WIX
281.19,281.54,281.19,281.3033,1832,2020-10-20 17:35:00,WIX
281.3,281.4884,281.3,281.4884,200,2020-10-20 17:40:00,WIX
281.5,281.5,281.5,281.5,200,2020-10-20 17:45:00,WIX
281.4879,282.0,280.94,281.9926,1450,2020-10-20 17:55:00,WIX
282.605,282.6638,282.26,282.285,800,2020-10-20 18:00:00,WIX
281.98,282.215,281.87,281.87,600,2020-10-20 18:05:00,WIX
282.545,282.85,282.545,282.85,200,2020-10-20 18:10:00,WIX
282.9,282.9,282.4914,282.4914,400,2020-10-20 18:15:00,WIX
282.36,282.465,281.76,282.05,1925,2020-10-20 18:20:00,WIX
282.05,282.095,282.05,282.095,240,2020-10-20 18:30:00,WIX
282.22,282.24,281.92,281.92,400,2020-10-20 18:35:00,WIX
281.99,282.065,281.99,282.065,500,2020-10-20 18:40:00,WIX
281.5485,281.97,281.28,281.54,800,2020-10-20 18:45:00,WIX
281.3,281.33,281.3,281.3,600,2020-10-20 18:50:00,WIX
280.99,281.12,280.92,281.12,300,2020-10-20 18:55:00,WIX
281.27,281.43,281.27,281.4,500,2020-10-20 19:00:00,WIX
280.95,280.96,280.12,280.4617,1917,2020-10-20 19:05:00,WIX
280.0,280.26,279.41,279.4737,675,2020-10-20 19:10:00,WIX
279.17,279.4299,278.7,279.0726,1631,2020-10-20 19:15:00,WIX
278.8,279.51,278.78,279.14,1490,2020-10-20 19:20:00,WIX
278.99,279.095,278.65,278.925,1400,2020-10-20 19:25:00,WIX
279.0294,279.05,278.35,278.35,1480,2020-10-20 19:30:00,WIX
278.31,278.66,278.23,278.62,1600,2020-10-20 19:35:00,WIX
279.17,280.0,279.17,279.37,15500,2020-10-20 19:40:00,WIX
279.55,279.58,278.6,279.17,2100,2020-10-20 19:45:00,WIX
279.17,279.185,278.495,279.02,3275,2020-10-20 19:50:00,WIX
278.6,278.92,278.3,278.75,4793,2020-10-20 19:55:00,WIX
278.65,278.91,278.65,278.91,11605,2020-10-20 20:00:00,WIX
280.0,280.0,280.0,280.0,100,2020-10-20 23:25:00,WIX
279.0,279.0,279.0,279.0,500,2020-10-21 13:05:00,WIX
281.83,282.28,280.115,281.57,6047,2020-10-21 13:30:00,WIX
281.08,281.08,279.17,280.6,1300,2020-10-21 13:35:00,WIX
281.25,282.98,281.25,281.7681,3980,2020-10-21 13:40:00,WIX
282.55,283.39,281.14,283.39,3672,2020-10-21 13:45:00,WIX
282.7353,282.7353,280.36,281.4177,951,2020-10-21 13:50:00,WIX
281.27,283.45,280.4,283.45,2050,2020-10-21 13:55:00,WIX
283.4,284.2069,283.4,283.4927,1459,2020-10-21 14:00:00,WIX
282.67,282.67,281.0,281.0,1710,2020-10-21 14:05:00,WIX
280.495,281.5,279.77,280.885,2370,2020-10-21 14:10:00,WIX
280.09,280.885,279.94,279.94,300,2020-10-21 14:15:00,WIX
281.21,281.21,279.47,279.935,2089,2020-10-21 14:20:00,WIX
279.6702,280.295,278.5302,279.74,2200,2020-10-21 14:25:00,WIX
280.75,280.97,280.0625,280.85,1400,2020-10-21 14:30:00,WIX
280.225,280.33,279.47,280.33,2100,2020-10-21 14:35:00,WIX
280.0813,280.24,279.84,280.24,606,2020-10-21 14:40:00,WIX
279.84,280.085,278.0,278.0,2380,2020-10-21 14:45:00,WIX
277.25,278.4,276.74,276.99,3816,2020-10-21 14:50:00,WIX
276.4673,277.285,276.4673,277.23,450,2020-10-21 14:55:00,WIX
276.85,277.415,276.85,277.2992,700,2020-10-21 15:00:00,WIX
276.7953,276.7953,276.7953,276.7953,100,2020-10-21 15:05:00,WIX
275.12,275.12,274.745,275.1,1000,2020-10-21 15:30:00,WIX
275.39,276.0,275.37,276.0,3000,2020-10-21 15:35:00,WIX
275.96,276.0,275.63,275.8357,3042,2020-10-21 15:40:00,WIX
276.13,276.13,276.13,276.13,200,2020-10-21 15:45:00,WIX
276.23,276.3,275.72,275.87,3234,2020-10-21 15:50:00,WIX
275.06,275.06,274.72,274.95,1200,2020-10-21 15:55:00,WIX
274.3,274.695,274.0,274.695,1686,2020-10-21 16:00:00,WIX
275.182,275.182,274.72,275.01,1400,2020-10-21 16:05:00,WIX
274.53,274.71,274.13,274.19,3356,2020-10-21 16:10:00,WIX
274.03,274.94,274.03,274.94,1000,2020-10-21 16:15:00,WIX
274.95,276.45,274.95,275.435,3600,2020-10-21 16:20:00,WIX
275.97,275.97,275.5,275.5,750,2020-10-21 16:25:00,WIX
275.26,275.26,275.26,275.26,200,2020-10-21 16:30:00,WIX
274.515,274.515,273.79,273.79,1400,2020-10-21 16:35:00,WIX
274.39,274.85,273.83,273.83,2200,2020-10-21 16:40:00,WIX
274.38,274.57,274.14,274.14,2394,2020-10-21 16:45:00,WIX
274.315,274.315,274.14,274.14,400,2020-10-21 16:50:00,WIX
274.24,274.575,273.52,273.52,1400,2020-10-21 16:55:00,WIX
273.3,274.1,273.3,274.1,1250,2020-10-21 17:00:00,WIX
273.775,274.315,273.58,274.01,1400,2020-10-21 17:05:00,WIX
274.04,274.1692,273.453,273.581,1846,2020-10-21 17:10:00,WIX
273.71,274.23,273.71,274.23,600,2020-10-21 17:15:00,WIX
274.22,276.03,274.22,275.88,4854,2020-10-21 17:20:00,WIX
275.765,275.9143,275.3538,275.3538,1386,2020-10-21 17:25:00,WIX
275.2,275.2,274.92,275.0473,2000,2020-10-21 17:30:00,WIX
275.3778,275.3778,274.82,274.82,1504,2020-10-21 17:35:00,WIX
274.03,274.49,274.03,274.49,600,2020-10-21 17:40:00,WIX
274.71,275.14,274.6,275.14,4600,2020-10-21 17:45:00,WIX
275.32,275.58,275.01,275.58,2800,2020-10-21 17:50:00,WIX
274.8,275.15,274.61,274.72,2250,2020-10-21 18:00:00,WIX
274.27,274.27,274.27,274.27,200,2020-10-21 18:05:00,WIX
274.95,275.48,274.665,274.665,2954,2020-10-21 18:10:00,WIX
274.43,274.45,273.59,274.35,6400,2020-10-21 18:15:00,WIX
273.67,273.93,272.9,272.93,4948,2020-10-21 18:20:00,WIX
272.93,273.77,272.93,273.77,5308,2020-10-21 18:25:00,WIX
273.47,273.88,273.43,273.88,7208,2020-10-21 18:30:00,WIX
273.815,273.815,273.21,273.21,1000,2020-10-21 18:35:00,WIX
273.41,273.895,273.3,273.38,8476,2020-10-21 18:40:00,WIX
273.35,273.36,273.19,273.35,3578,2020-10-21 18:45:00,WIX
273.55,274.125,273.55,274.125,420,2020-10-21 18:50:00,WIX
273.485,273.8996,273.485,273.73,4240,2020-10-21 18:55:00,WIX
274.1,274.1,273.13,273.13,400,2020-10-21 19:00:00,WIX
273.66,273.66,272.92,272.92,1200,2020-10-21 19:05:00,WIX
272.8,273.99,272.7,273.5972,10022,2020-10-21 19:10:00,WIX
273.8,273.975,273.8,273.975,600,2020-10-21 19:15:00,WIX
274.16,274.16,273.64,274.035,1700,2020-10-21 19:20:00,WIX
274.05,274.85,273.89,274.225,5154,2020-10-21 19:25:00,WIX
274.26,274.39,272.8,272.8,3632,2020-10-21 19:30:00,WIX
273.04,273.175,272.78,273.175,15368,2020-10-21 19:35:00,WIX
272.8,273.01,272.76,272.865,18070,2020-10-21 19:40:00,WIX
272.8,272.97,270.84,271.13,27858,2020-10-21 19:45:00,WIX
271.28,272.19,271.28,271.66,8072,2020-10-21 19:50:00,WIX
271.85,272.45,271.61,271.61,19738,2020-10-21 19:55:00,WIX
271.54,271.54,271.54,271.54,21480,2020-10-21 20:00:00,WIX
271.54,271.54,271.54,271.54,1776,2020-10-21 20:30:00,WIX
271.54,271.54,271.54,271.54,14,2020-10-21 21:15:00,WIX
271.48,272.66,271.48,272.66,5998,2020-10-22 13:30:00,WIX
273.02,273.02,273.01,273.01,412,2020-10-22 13:35:00,WIX
273.99,274.81,272.7,274.26,2704,2020-10-22 13:40:00,WIX
274.99,276.97,274.89,275.57,1775,2020-10-22 13:45:00,WIX
276.98,277.47,275.6412,277.46,800,2020-10-22 13:50:00,WIX
277.1,277.37,276.345,276.345,980,2020-10-22 13:55:00,WIX
275.0,275.46,274.2801,275.46,643,2020-10-22 14:00:00,WIX
274.78,275.3527,273.1251,273.1251,1081,2020-10-22 14:05:00,WIX
273.01,273.01,271.25,271.25,1000,2020-10-22 14:10:00,WIX
271.84,272.1615,270.5,270.5,2884,2020-10-22 14:15:00,WIX
270.355,271.37,269.725,269.725,3114,2020-10-22 14:20:00,WIX
269.24,269.24,267.03,268.8268,4704,2020-10-22 14:25:00,WIX
268.615,268.69,268.215,268.215,915,2020-10-22 14:30:00,WIX
268.87,268.87,267.92,267.92,725,2020-10-22 14:35:00,WIX
267.35,267.35,264.62,264.62,4767,2020-10-22 14:40:00,WIX
265.08,266.68,264.885,266.25,2381,2020-10-22 14:45:00,WIX
266.235,267.215,265.26,267.215,1304,2020-10-22 14:50:00,WIX
266.17,266.455,266.1,266.455,781,2020-10-22 14:55:00,WIX
266.23,267.1499,266.23,266.99,860,2020-10-22 15:00:00,WIX
266.58,266.58,265.57,265.57,1785,2020-10-22 15:05:00,WIX
264.65,265.975,264.65,265.84,1995,2020-10-22 15:10:00,WIX
266.315,266.385,265.59,265.59,1634,2020-10-22 15:15:00,WIX
266.0,266.15,265.62,265.6206,5127,2020-10-22 15:20:00,WIX
265.47,265.47,264.67,264.845,7134,2020-10-22 15:25:00,WIX
265.03,265.82,265.03,265.27,10126,2020-10-22 15:30:00,WIX
265.31,267.02,265.15,267.02,2578,2020-10-22 15:35:00,WIX
266.65,267.73,266.605,267.0445,800,2020-10-22 15:40:00,WIX
267.32,267.78,267.32,267.46,3593,2020-10-22 15:45:00,WIX
267.96,268.46,266.79,266.79,3997,2020-10-22 15:50:00,WIX
267.18,267.225,267.14,267.16,718,2020-10-22 15:55:00,WIX
267.01,267.16,266.31,267.01,1700,2020-10-22 16:00:00,WIX
266.95,267.44,266.74,267.44,876,2020-10-22 16:05:00,WIX
267.19,267.39,266.84,266.84,1200,2020-10-22 16:10:00,WIX
267.52,267.52,266.21,266.21,1000,2020-10-22 16:15:00,WIX
266.21,266.35,265.77,265.77,800,2020-10-22 16:20:00,WIX
265.42,265.615,265.42,265.615,200,2020-10-22 16:25:00,WIX
265.03,265.03,264.25,264.39,1419,2020-10-22 16:30:00,WIX
264.2,264.2,263.51,263.51,1943,2020-10-22 16:35:00,WIX
263.48,263.77,263.22,263.57,1400,2020-10-22 16:40:00,WIX
263.753,264.34,263.69,264.25,1931,2020-10-22 16:45:00,WIX
264.26,264.26,263.91,263.91,700,2020-10-22 16:50:00,WIX
264.1,264.1,264.1,264.1,100,2020-10-22 16:55:00,WIX
264.465,264.88,264.07,264.88,2064,2020-10-22 17:00:00,WIX
264.82,265.0,264.405,265.0,406,2020-10-22 17:05:00,WIX
265.28,266.06,265.1132,265.28,2326,2020-10-22 17:10:00,WIX
265.45,265.45,264.69,265.12,1600,2020-10-22 17:15:00,WIX
265.11,265.1822,264.735,265.01,700,2020-10-22 17:20:00,WIX
265.46,265.77,265.36,265.36,461,2020-10-22 17:25:00,WIX
265.36,265.57,265.18,265.57,2009,2020-10-22 17:30:00,WIX
265.34,266.245,265.34,266.0,1200,2020-10-22 17:35:00,WIX
266.28,267.0,266.02,266.98,1736,2020-10-22 17:40:00,WIX
266.79,267.235,266.625,266.72,3700,2020-10-22 17:45:00,WIX
266.66,267.0499,266.135,267.0499,1500,2020-10-22 17:50:00,WIX
266.94,266.94,266.485,266.485,1200,2020-10-22 17:55:00,WIX
266.77,266.94,266.6,266.625,1272,2020-10-22 18:00:00,WIX
266.49,266.49,265.8,265.8,1360,2020-10-22 18:05:00,WIX
265.84,266.2417,265.84,266.215,1100,2020-10-22 18:10:00,WIX
266.07,266.52,266.06,266.425,650,2020-10-22 18:15:00,WIX
266.21,266.41,266.21,266.29,1212,2020-10-22 18:20:00,WIX
266.26,266.26,265.35,265.41,2655,2020-10-22 18:25:00,WIX
265.27,265.55,265.13,265.34,1600,2020-10-22 18:30:00,WIX
265.46,266.01,265.15,265.41,1910,2020-10-22 18:35:00,WIX
265.2,265.5,265.03,265.03,2000,2020-10-22 18:40:00,WIX
265.0,265.2,264.86,265.16,1300,2020-10-22 18:45:00,WIX
265.0,265.195,265.0,265.035,611,2020-10-22 18:50:00,WIX
265.03,265.04,264.75,264.865,560,2020-10-22 18:55:00,WIX
264.51,264.9,264.27,264.9,1649,2020-10-22 19:00:00,WIX
264.71,264.8142,263.67,263.875,3135,2020-10-22 19:05:00,WIX
263.93,264.04,263.14,263.36,1179,2020-10-22 19:10:00,WIX
263.69,264.13,263.6,264.13,2935,2020-10-22 19:15:00,WIX
264.07,264.58,264.07,264.45,1700,2020-10-22 19:20:00,WIX
264.3,264.62,264.08,264.45,2232,2020-10-22 19:25:00,WIX
264.35,264.35,263.75,263.88,3036,2020-10-22 19:30:00,WIX
263.73,264.09,263.455,263.455,6448,2020-10-22 19:35:00,WIX
263.5,264.795,263.5,263.995,4745,2020-10-22 19:40:00,WIX
263.89,264.38,263.56,264.38,4738,2020-10-22 19:45:00,WIX
264.38,265.32,264.0,264.0,13137,2020-10-22 19:50:00,WIX
264.13,264.58,263.81,264.58,12629,2020-10-22 19:55:00,WIX
264.16,264.16,264.16,264.16,14375,2020-10-22 20:00:00,WIX
264.16,264.16,264.16,264.16,402,2020-10-22 20:15:00,WIX
265.0,265.0,265.0,265.0,100,2020-10-22 23:10:00,WIX
264.99,264.99,264.99,264.99,600,2020-10-22 23:25:00,WIX
263.5,265.85,263.195,264.685,12657,2020-10-23 13:30:00,WIX
264.348,266.88,263.89,266.88,5900,2020-10-23 13:35:00,WIX
266.45,266.47,265.555,266.0,2144,2020-10-23 13:40:00,WIX
266.57,268.7,266.25,267.565,4188,2020-10-23 13:45:00,WIX
266.615,267.44,266.1239,267.24,3350,2020-10-23 13:50:00,WIX
267.08,268.43,266.59,267.28,4369,2020-10-23 13:55:00,WIX
267.54,267.765,265.855,267.71,2925,2020-10-23 14:00:00,WIX
267.385,267.79,267.19,267.62,3600,2020-10-23 14:05:00,WIX
267.25,268.7,267.0034,268.61,3818,2020-10-23 14:10:00,WIX
269.275,270.115,268.8401,269.75,3211,2020-10-23 14:15:00,WIX
269.7917,270.27,269.31,269.51,1795,2020-10-23 14:20:00,WIX
269.315,271.52,269.315,271.52,2000,2020-10-23 14:25:00,WIX
270.92,271.94,270.86,271.54,275161,2020-10-23 14:30:00,WIX
271.78,271.99,270.915,270.915,3400,2020-10-23 14:35:00,WIX
270.87,271.495,270.335,270.72,45305,2020-10-23 14:40:00,WIX
270.98,271.13,270.76,270.913,1024,2020-10-23 14:45:00,WIX
270.76,271.11,270.06,270.355,3949,2020-10-23 14:50:00,WIX
270.7,271.77,270.7,271.255,2223,2020-10-23 14:55:00,WIX
271.565,272.595,271.54,272.595,1209,2020-10-23 15:00:00,WIX
272.93,274.16,272.5501,273.83,3700,2020-10-23 15:05:00,WIX
274.08,274.08,273.4,273.915,1200,2020-10-23 15:10:00,WIX
273.74,274.36,273.74,274.325,1600,2020-10-23 15:15:00,WIX
274.66,274.83,272.64,272.64,1941,2020-10-23 15:20:00,WIX
272.455,273.53,272.4,273.53,1312,2020-10-23 15:25:00,WIX
273.24,274.47,273.24,274.11,1500,2020-10-23 15:30:00,WIX
273.705,273.705,273.0,273.11,588,2020-10-23 15:35:00,WIX
272.48,273.005,272.3475,272.42,800,2020-10-23 15:40:00,WIX
272.695,272.695,271.69,271.69,1000,2020-10-23 15:45:00,WIX
271.71,271.87,271.22,271.7884,16147,2020-10-23 15:50:00,WIX
271.7,272.77,271.7,272.45,2215,2020-10-23 15:55:00,WIX
272.525,272.525,271.9042,271.9042,2033,2020-10-23 16:00:00,WIX
272.44,273.1,272.44,273.1,500,2020-10-23 16:05:00,WIX
273.1,273.64,272.71,272.71,1100,2020-10-23 16:10:00,WIX
273.01,273.372,270.95,271.245,1118,2020-10-23 16:15:00,WIX
271.36,272.29,271.36,271.98,1050,2020-10-23 16:20:00,WIX
271.97,272.47,271.97,272.47,600,2020-10-23 16:25:00,WIX
272.39,273.08,272.2,273.08,4308,2020-10-23 16:30:00,WIX
273.47,273.47,272.08,272.08,3300,2020-10-23 16:35:00,WIX
272.26,272.43,271.52,271.785,23800,2020-10-23 16:40:00,WIX
272.14,272.4,271.8,272.4,2407,2020-10-23 16:45:00,WIX
272.01,272.43,272.01,272.115,2320,2020-10-23 16:50:00,WIX
272.15,272.205,271.82,271.82,900,2020-10-23 16:55:00,WIX
271.78,272.02,271.635,272.01,800,2020-10-23 17:00:00,WIX
272.445,272.445,272.445,272.445,500,2020-10-23 17:05:00,WIX
272.27,272.27,271.895,271.94,1000,2020-10-23 17:10:00,WIX
272.155,272.155,271.6489,272.12,320,2020-10-23 17:15:00,WIX
272.15,272.265,271.98,271.98,1000,2020-10-23 17:20:00,WIX
271.57,271.94,271.57,271.87,900,2020-10-23 17:25:00,WIX
271.66,272.545,271.66,272.49,2436,2020-10-23 17:30:00,WIX
272.48,272.48,271.99,271.99,1666,2020-10-23 17:35:00,WIX
271.4,272.0,271.4,272.0,2000,2020-10-23 17:40:00,WIX
271.51,271.555,271.38,271.38,500,2020-10-23 17:45:00,WIX
271.57,272.02,271.53,272.02,1400,2020-10-23 17:50:00,WIX
272.235,272.235,271.74,271.835,1100,2020-10-23 17:55:00,WIX
272.025,272.025,272.025,272.025,100,2020-10-23 18:00:00,WIX
272.13,272.13,271.48,271.49,7600,2020-10-23 18:05:00,WIX
271.77,271.905,271.77,271.905,600,2020-10-23 18:10:00,WIX
272.04,272.1671,272.03,272.1671,1688,2020-10-23 18:15:00,WIX
271.9,272.16,271.9,271.915,812,2020-10-23 18:20:00,WIX
271.97,271.99,271.75,271.96,1100,2020-10-23 18:25:00,WIX
271.64,271.64,270.7766,270.7766,1400,2020-10-23 18:30:00,WIX
270.75,270.75,270.27,270.3,3100,2020-10-23 18:35:00,WIX
270.21,270.61,270.12,270.12,400,2020-10-23 18:40:00,WIX
270.31,270.72,269.96,270.72,1000,2020-10-23 18:45:00,WIX
270.56,270.56,270.06,270.06,800,2020-10-23 18:50:00,WIX
270.06,270.54,270.06,270.25,900,2020-10-23 18:55:00,WIX
270.415,270.62,270.06,270.505,1106,2020-10-23 19:00:00,WIX
270.5,270.95,270.115,270.75,14214,2020-10-23 19:05:00,WIX
270.83,271.02,270.68,270.805,1022,2020-10-23 19:10:00,WIX
270.945,271.45,270.7,271.06,1200,2020-10-23 19:15:00,WIX
270.94,271.6,270.92,271.105,900,2020-10-23 19:20:00,WIX
271.38,271.47,271.0532,271.305,1401,2020-10-23 19:25:00,WIX
271.23,271.23,270.76,271.14,1900,2020-10-23 19:30:00,WIX
271.23,271.73,271.23,271.5,1500,2020-10-23 19:35:00,WIX
271.76,271.76,271.015,271.24,3150,2020-10-23 19:40:00,WIX
271.1,271.62,271.1,271.38,3400,2020-10-23 19:45:00,WIX
271.3,271.3,270.68,270.68,5800,2020-10-23 19:50:00,WIX
271.07,271.98,270.72,271.88,11537,2020-10-23 19:55:00,WIX
271.87,271.87,271.87,271.87,26236,2020-10-23 20:00:00,WIX
269.0,269.0,269.0,269.0,500,2020-10-23 21:40:00,WIX
263.0,263.0,263.0,263.0,113,2020-10-23 22:55:00,WIX
271.0,271.0,271.0,271.0,385,2020-10-23 23:10:00,WIX
269.71,269.71,269.71,269.71,100,2020-10-26 12:05:00,WIX
266.8,266.8,266.8,266.8,100,2020-10-26 13:25:00,WIX
265.45,270.35,265.45,270.35,10473,2020-10-26 13:30:00,WIX
269.65,271.25,269.4792,269.755,7099,2020-10-26 13:35:00,WIX
270.17,270.89,269.29,270.37,3161,2020-10-26 13:40:00,WIX
270.31,270.96,270.13,270.915,900,2020-10-26 13:45:00,WIX
270.9,271.87,270.695,270.82,3720,2020-10-26 13:50:00,WIX
270.885,271.108,270.2,270.2,2381,2020-10-26 13:55:00,WIX
270.75,271.34,269.74,270.775,3050,2020-10-26 14:00:00,WIX
271.2,271.395,269.03,269.54,3078,2020-10-26 14:05:00,WIX
269.88,269.88,268.325,268.6452,900,2020-10-26 14:10:00,WIX
268.59,270.76,268.59,270.55,4750,2020-10-26 14:15:00,WIX
270.16,270.57,268.112,268.2,4838,2020-10-26 14:20:00,WIX
268.2482,268.2482,266.5,267.0,2850,2020-10-26 14:25:00,WIX
267.4,267.406,266.0,266.88,1822,2020-10-26 14:30:00,WIX
266.77,267.55,266.63,267.55,2150,2020-10-26 14:35:00,WIX
267.23,267.75,266.88,267.75,800,2020-10-26 14:40:00,WIX
267.915,268.0,267.04,267.04,3380,2020-10-26 14:45:00,WIX
267.42,267.42,266.46,266.57,3050,2020-10-26 14:50:00,WIX
265.93,266.63,265.2,266.63,5626,2020-10-26 14:55:00,WIX
265.86,265.86,264.06,264.3,1600,2020-10-26 15:00:00,WIX
264.35,264.99,264.35,264.6,1509,2020-10-26 15:05:00,WIX
264.45,265.6341,264.45,265.385,2614,2020-10-26 15:10:00,WIX
265.675,265.675,263.55,263.9675,5177,2020-10-26 15:15:00,WIX
264.21,265.24,264.21,264.93,2100,2020-10-26 15:20:00,WIX
264.93,264.93,264.12,264.12,680,2020-10-26 15:25:00,WIX
264.58,264.58,263.55,263.69,2013,2020-10-26 15:30:00,WIX
263.86,264.01,262.57,263.155,5939,2020-10-26 15:35:00,WIX
263.47,263.57,263.39,263.57,700,2020-10-26 15:40:00,WIX
263.5,263.76,263.39,263.56,3951,2020-10-26 15:45:00,WIX
263.41,265.74,263.27,265.37,3765,2020-10-26 15:50:00,WIX
265.37,265.5,264.34,265.25,4270,2020-10-26 15:55:00,WIX
264.75,264.75,264.75,264.75,1400,2020-10-26 16:00:00,WIX
264.42,266.0,264.42,266.0,800,2020-10-26 16:05:00,WIX
266.16,266.5,266.0,266.0075,1500,2020-10-26 16:10:00,WIX
266.1,267.04,265.792,266.89,2252,2020-10-26 16:15:00,WIX
266.46,266.5,265.35,266.05,1900,2020-10-26 16:20:00,WIX
266.06,266.395,265.61,265.61,1228,2020-10-26 16:25:00,WIX
265.14,265.45,264.88,265.39,700,2020-10-26 16:30:00,WIX
264.86,265.01,264.2,264.21,3404,2020-10-26 16:35:00,WIX
265.02,265.02,264.21,264.6077,445,2020-10-26 16:40:00,WIX
264.2,264.21,263.5,263.5,1465,2020-10-26 16:45:00,WIX
263.159,263.159,262.3,262.3,1722,2020-10-26 16:50:00,WIX
262.57,263.045,262.57,262.75,2823,2020-10-26 16:55:00,WIX
262.63,262.86,261.77,261.995,1611,2020-10-26 17:00:00,WIX
262.17,262.67,262.12,262.44,1010,2020-10-26 17:05:00,WIX
262.75,262.92,262.4383,262.4383,1600,2020-10-26 17:10:00,WIX
262.65,262.66,261.62,261.745,2300,2020-10-26 17:15:00,WIX
262.25,262.54,261.0475,261.0475,2131,2020-10-26 17:20:00,WIX
261.71,261.72,260.42,260.61,1375,2020-10-26 17:25:00,WIX
260.22,260.35,259.58,259.95,3107,2020-10-26 17:30:00,WIX
260.397,260.925,260.397,260.925,400,2020-10-26 17:35:00,WIX
261.025,262.05,260.587,261.67,3012,2020-10-26 17:40:00,WIX
261.63,262.15,261.63,262.15,500,2020-10-26 17:45:00,WIX
262.37,262.58,262.16,262.58,400,2020-10-26 17:50:00,WIX
263.0,263.69,262.87,263.36,2356,2020-10-26 17:55:00,WIX
263.6618,264.3,263.29,264.02,3200,2020-10-26 18:00:00,WIX
264.29,264.8,264.0,264.0975,2849,2020-10-26 18:05:00,WIX
264.465,264.465,263.59,263.74,1300,2020-10-26 18:10:00,WIX
263.8541,264.48,263.8541,264.23,500,2020-10-26 18:15:00,WIX
264.05,264.87,263.85,264.87,1900,2020-10-26 18:20:00,WIX
264.93,265.155,264.74,264.95,1002,2020-10-26 18:25:00,WIX
265.055,265.5,265.055,265.325,1499,2020-10-26 18:30:00,WIX
265.285,266.0,265.28,266.0,800,2020-10-26 18:35:00,WIX
266.02,266.38,265.44,265.445,1600,2020-10-26 18:40:00,WIX
265.64,265.64,264.25,264.25,2200,2020-10-26 18:45:00,WIX
264.55,265.1114,264.545,264.6,1665,2020-10-26 18:50:00,WIX
264.98,264.98,264.21,264.385,1600,2020-10-26 18:55:00,WIX
264.395,265.16,264.35,264.43,3178,2020-10-26 19:00:00,WIX
264.455,264.455,263.545,264.05,1400,2020-10-26 19:05:00,WIX
264.265,264.465,264.07,264.07,1400,2020-10-26 19:10:00,WIX
264.365,264.61,263.94,263.94,1613,2020-10-26 19:15:00,WIX
264.14,264.495,264.14,264.23,800,2020-10-26 19:20:00,WIX
264.1,264.36,263.78,264.36,2200,2020-10-26 19:25:00,WIX
264.34,264.34,263.64,264.07,1300,2020-10-26 19:30:00,WIX
263.9,264.17,263.58,264.02,1700,2020-10-26 19:35:00,WIX
264.25,264.54,264.0,264.335,3601,2020-10-26 19:40:00,WIX
264.33,264.33,263.57,263.84,3000,2020-10-26 19:45:00,WIX
263.84,265.0,263.84,264.75,5904,2020-10-26 19:50:00,WIX
264.8,265.49,264.49,265.49,15775,2020-10-26 19:55:00,WIX
265.69,265.69,265.69,265.69,12786,2020-10-26 20:00:00,WIX
265.69,265.69,265.69,265.69,467,2020-10-26 20:40:00,WIX
265.69,265.69,265.69,265.69,51034,2020-10-26 20:50:00,WIX
266.0,266.0,266.0,266.0,180,2020-10-26 21:25:00,WIX
264.37,266.51,262.5781,265.75,10887,2020-10-27 13:30:00,WIX
266.33,269.99,265.65,268.99,5082,2020-10-27 13:35:00,WIX
269.0,270.64,268.0201,269.825,3970,2020-10-27 13:40:00,WIX
269.02,269.782,266.55,266.56,2852,2020-10-27 13:45:00,WIX
267.33,268.99,266.845,266.845,1000,2020-10-27 13:50:00,WIX
267.445,268.19,266.62,266.62,1000,2020-10-27 13:55:00,WIX
267.0309,267.36,265.02,265.02,1055,2020-10-27 14:00:00,WIX
265.01,265.82,265.01,265.25,1300,2020-10-27 14:05:00,WIX
265.86,265.87,264.485,265.0,3466,2020-10-27 14:10:00,WIX
264.26,264.38,262.73,262.73,2243,2020-10-27 14:15:00,WIX
263.21,263.77,263.06,263.125,2620,2020-10-27 14:20:00,WIX
263.53,264.16,262.8501,263.05,11350,2020-10-27 14:25:00,WIX
262.94,264.62,262.94,264.335,4832,2020-10-27 14:30:00,WIX
264.4062,265.78,264.32,265.2609,1977,2020-10-27 14:35:00,WIX
265.395,265.57,264.47,265.57,2074,2020-10-27 14:40:00,WIX
265.755,267.0,265.28,266.932,3924,2020-10-27 14:45:00,WIX
266.73,267.15,266.59,266.71,800,2020-10-27 14:50:00,WIX
266.93,267.55,266.93,267.37,1922,2020-10-27 14:55:00,WIX
267.16,267.38,266.3404,267.02,2470,2020-10-27 15:00:00,WIX
267.11,267.645,266.78,267.48,1174,2020-10-27 15:05:00,WIX
267.645,268.0,267.38,268.0,1976,2020-10-27 15:10:00,WIX
268.25,268.63,267.97,268.36,1900,2020-10-27 15:15:00,WIX
268.24,268.46,268.03,268.03,2149,2020-10-27 15:20:00,WIX
268.29,268.52,267.4616,267.4616,1100,2020-10-27 15:25:00,WIX
267.39,267.94,267.18,267.5,3408,2020-10-27 15:30:00,WIX
267.2,267.29,266.744,266.744,2709,2020-10-27 15:35:00,WIX
266.96,267.81,266.96,267.78,700,2020-10-27 15:40:00,WIX
268.18,268.28,267.89,267.92,1390,2020-10-27 15:45:00,WIX
267.77,268.085,267.77,268.085,800,2020-10-27 15:50:00,WIX
267.79,268.09,267.675,268.09,933,2020-10-27 15:55:00,WIX
267.92,268.085,266.8441,266.8441,700,2020-10-27 16:00:00,WIX
266.715,266.715,266.715,266.715,300,2020-10-27 16:05:00,WIX
266.475,266.475,265.455,265.455,500,2020-10-27 16:10:00,WIX
265.1737,266.08,265.1737,266.08,3159,2020-10-27 16:15:00,WIX
266.25,266.29,265.75,265.75,700,2020-10-27 16:20:00,WIX
266.26,266.26,265.97,265.97,300,2020-10-27 16:25:00,WIX
266.29,266.44,265.735,265.735,1400,2020-10-27 16:30:00,WIX
266.06,266.45,266.06,266.25,1766,2020-10-27 16:35:00,WIX
266.7157,266.96,266.0992,266.0992,1690,2020-10-27 16:40:00,WIX
266.24,266.66,266.24,266.66,1424,2020-10-27 16:45:00,WIX
267.09,267.09,267.09,267.09,100,2020-10-27 16:50:00,WIX
267.16,267.505,266.56,267.2378,2380,2020-10-27 16:55:00,WIX
266.905,267.38,266.905,267.16,1100,2020-10-27 17:00:00,WIX
267.55,267.67,267.26,267.44,1866,2020-10-27 17:05:00,WIX
267.12,267.13,266.785,266.9799,727,2020-10-27 17:10:00,WIX
266.97,267.175,266.64,266.64,1358,2020-10-27 17:15:00,WIX
267.025,267.37,266.82,266.92,1200,2020-10-27 17:20:00,WIX
266.64,266.64,265.83,265.83,2816,2020-10-27 17:25:00,WIX
265.9694,266.01,265.78,265.9,2606,2020-10-27 17:30:00,WIX
265.92,266.89,265.92,266.43,2203,2020-10-27 17:35:00,WIX
266.58,266.89,266.58,266.89,709,2020-10-27 17:40:00,WIX
267.48,267.48,267.3614,267.3614,490,2020-10-27 17:45:00,WIX
267.45,267.64,266.95,266.95,1600,2020-10-27 17:50:00,WIX
266.82,267.695,266.71,267.63,3746,2020-10-27 17:55:00,WIX
267.74,267.74,267.38,267.38,500,2020-10-27 18:00:00,WIX
267.59,268.075,267.475,268.075,1733,2020-10-27 18:05:00,WIX
267.93,268.105,267.8,267.8,600,2020-10-27 18:10:00,WIX
267.9421,267.9421,267.6,267.6,644,2020-10-27 18:15:00,WIX
267.48,267.61,267.34,267.34,1276,2020-10-27 18:20:00,WIX
267.34,267.62,267.195,267.62,1111,2020-10-27 18:25:00,WIX
267.55,267.55,266.615,266.615,5061,2020-10-27 18:30:00,WIX
266.62,267.02,266.04,266.04,3700,2020-10-27 18:35:00,WIX
265.91,266.17,265.64,266.05,1857,2020-10-27 18:40:00,WIX
265.81,266.63,265.56,266.23,4703,2020-10-27 18:45:00,WIX
266.07,266.6148,266.07,266.36,1500,2020-10-27 18:50:00,WIX
266.15,266.83,266.15,266.75,1900,2020-10-27 18:55:00,WIX
266.41,266.9399,266.39,266.5,1500,2020-10-27 19:00:00,WIX
266.5,266.72,266.41,266.55,700,2020-10-27 19:05:00,WIX
266.61,266.94,266.29,266.29,3294,2020-10-27 19:10:00,WIX
266.3073,266.65,266.28,266.65,2394,2020-10-27 19:15:00,WIX
266.8,267.43,266.7,267.43,2609,2020-10-27 19:20:00,WIX
267.36,268.32,267.2,267.89,1700,2020-10-27 19:25:00,WIX
267.89,268.225,267.89,268.225,2505,2020-10-27 19:30:00,WIX
268.37,269.275,268.195,269.275,3515,2020-10-27 19:35:00,WIX
269.36,269.36,268.76,268.96,2828,2020-10-27 19:40:00,WIX
268.96,269.04,268.01,268.65,6176,2020-10-27 19:45:00,WIX
268.65,268.67,267.755,268.32,4734,2020-10-27 19:50:00,WIX
268.11,268.27,267.84,267.95,13871,2020-10-27 19:55:00,WIX
268.0,268.0,268.0,268.0,15707,2020-10-27 20:00:00,WIX
266.01,266.01,266.01,266.01,200,2020-10-27 23:25:00,WIX
263.0,263.02,263.0,263.02,200,2020-10-28 13:00:00,WIX
261.12,263.9,260.9193,263.48,12342,2020-10-28 13:30:00,WIX
262.5661,263.51,261.22,261.568,4447,2020-10-28 13:35:00,WIX
261.4868,262.0779,259.06,260.65,1904,2020-10-28 13:40:00,WIX
260.81,262.66,260.81,261.98,1500,2020-10-28 13:45:00,WIX
261.21,261.91,259.07,259.2,2633,2020-10-28 13:50:00,WIX
259.05,262.425,259.05,262.425,1907,2020-10-28 13:55:00,WIX
261.99,263.2399,260.2,260.875,2517,2020-10-28 14:00:00,WIX
260.5,261.365,260.5,261.365,1936,2020-10-28 14:05:00,WIX
261.5,261.5,259.93,259.93,1411,2020-10-28 14:10:00,WIX
261.15,261.18,259.7,259.895,1965,2020-10-28 14:15:00,WIX
260.0,260.14,259.29,259.315,2232,2020-10-28 14:20:00,WIX
259.95,259.95,258.25,259.23,4414,2020-10-28 14:25:00,WIX
258.99,260.7,258.985,260.7,1207,2020-10-28 14:30:00,WIX
260.54,261.7107,260.54,261.35,1619,2020-10-28 14:35:00,WIX
261.74,262.34,261.74,262.34,1777,2020-10-28 14:40:00,WIX
262.195,262.195,261.31,261.31,1936,2020-10-28 14:45:00,WIX
261.36,261.43,260.8925,261.43,1947,2020-10-28 14:50:00,WIX
261.48,261.48,259.115,260.04,2327,2020-10-28 14:55:00,WIX
259.96,260.71,259.5,259.95,2600,2020-10-28 15:00:00,WIX
260.285,261.04,259.8839,260.89,1800,2020-10-28 15:05:00,WIX
260.27,261.14,260.27,260.495,1100,2020-10-28 15:10:00,WIX
261.18,261.19,260.85,261.19,1600,2020-10-28 15:15:00,WIX
260.86,260.86,260.0564,260.0564,1439,2020-10-28 15:20:00,WIX
260.355,260.86,260.09,260.86,1900,2020-10-28 15:25:00,WIX
260.29,260.495,259.885,260.0,1799,2020-10-28 15:30:00,WIX
260.05,261.36,260.05,261.245,3300,2020-10-28 15:35:00,WIX
261.23,262.31,260.95,261.78,2905,2020-10-28 15:40:00,WIX
261.73,261.835,261.35,261.835,600,2020-10-28 15:45:00,WIX
259.84,261.035,259.51,259.51,2898,2020-10-28 15:50:00,WIX
260.11,260.31,259.35,259.57,1742,2020-10-28 15:55:00,WIX
259.625,260.0,259.6,259.88,1959,2020-10-28 16:00:00,WIX
259.84,260.42,259.63,259.77,1826,2020-10-28 16:05:00,WIX
259.89,260.89,259.89,260.61,1300,2020-10-28 16:10:00,WIX
261.01,261.4724,260.9601,260.9601,800,2020-10-28 16:15:00,WIX
260.93,261.15,260.56,261.1499,510,2020-10-28 16:20:00,WIX
260.56,260.83,260.0,260.83,1800,2020-10-28 16:25:00,WIX
260.2419,260.845,260.17,260.17,2037,2020-10-28 16:30:00,WIX
260.0,260.61,260.0,260.44,5500,2020-10-28 16:35:00,WIX
260.52,261.31,260.25,261.31,4290,2020-10-28 16:40:00,WIX
261.28,261.28,261.09,261.09,200,2020-10-28 16:45:00,WIX
260.84,261.05,260.84,260.95,852,2020-10-28 16:50:00,WIX
261.15,261.635,261.02,261.39,1950,2020-10-28 16:55:00,WIX
261.84,262.08,261.525,261.8,1300,2020-10-28 17:00:00,WIX
261.66,261.85,260.93,260.93,1500,2020-10-28 17:05:00,WIX
260.83,261.41,260.83,261.1775,700,2020-10-28 17:10:00,WIX
261.05,261.4,260.75,261.1402,700,2020-10-28 17:15:00,WIX
261.205,261.2371,260.96,261.2371,2010,2020-10-28 17:20:00,WIX
261.31,262.525,261.2802,262.525,1339,2020-10-28 17:25:00,WIX
262.82,263.14,262.755,263.1175,1877,2020-10-28 17:30:00,WIX
263.015,264.0,262.79,263.5958,2337,2020-10-28 17:35:00,WIX
263.22,263.6,262.97,262.97,1462,2020-10-28 17:40:00,WIX
263.6,264.71,263.6,264.58,2311,2020-10-28 17:45:00,WIX
264.58,266.5,264.45,266.23,7979,2020-10-28 17:50:00,WIX
266.14,266.62,265.8901,266.62,1672,2020-10-28 17:55:00,WIX
266.895,267.0,266.4,266.87,3757,2020-10-28 18:00:00,WIX
266.835,266.84,266.27,266.4761,1727,2020-10-28 18:05:00,WIX
266.67,267.03,266.0,266.0,1001,2020-10-28 18:10:00,WIX
266.03,266.75,265.58,266.095,2405,2020-10-28 18:15:00,WIX
266.2,267.18,266.2,267.03,1651,2020-10-28 18:20:00,WIX
266.975,266.975,266.19,266.19,1700,2020-10-28 18:25:00,WIX
266.2525,266.2525,265.15,265.2645,2771,2020-10-28 18:30:00,WIX
265.4696,265.4696,264.68,264.755,4863,2020-10-28 18:35:00,WIX
264.71,265.16,264.7,265.1225,1321,2020-10-28 18:40:00,WIX
264.96,264.96,263.69,263.69,1004,2020-10-28 18:45:00,WIX
263.75,264.251,263.75,263.9,700,2020-10-28 18:50:00,WIX
264.0583,265.8,264.0583,265.43,2236,2020-10-28 18:55:00,WIX
265.915,265.915,264.46,264.46,1269,2020-10-28 19:00:00,WIX
264.32,265.29,264.32,264.82,1631,2020-10-28 19:05:00,WIX
264.67,265.25,264.57,264.895,1400,2020-10-28 19:10:00,WIX
264.71,264.71,264.01,264.01,2071,2020-10-28 19:15:00,WIX
264.01,266.07,263.865,266.07,7492,2020-10-28 19:20:00,WIX
265.86,266.12,264.945,264.95,1747,2020-10-28 19:25:00,WIX
265.045,266.01,265.045,265.67,4391,2020-10-28 19:30:00,WIX
265.62,265.62,263.6,264.08,4727,2020-10-28 19:35:00,WIX
264.57,264.84,263.96,263.96,5187,2020-10-28 19:40:00,WIX
263.965,264.32,263.75,263.75,4425,2020-10-28 19:45:00,WIX
263.34,264.2611,262.5,262.72,8395,2020-10-28 19:50:00,WIX
262.97,263.57,262.54,262.56,14355,2020-10-28 19:55:00,WIX
262.87,262.87,262.87,262.87,24608,2020-10-28 20:00:00,WIX
263.99,263.99,263.99,263.99,350,2020-10-28 22:55:00,WIX
266.12,267.76,265.09,266.9799,4968,2020-10-29 13:30:00,WIX
266.1464,266.1464,263.75,265.33,2578,2020-10-29 13:35:00,WIX
265.32,265.32,263.6747,264.575,1200,2020-10-29 13:40:00,WIX
265.29,266.1,263.7018,264.08,6381,2020-10-29 13:45:00,WIX
263.89,264.62,262.06,262.31,14491,2020-10-29 13:50:00,WIX
262.57,264.66,262.51,263.75,10123,2020-10-29 13:55:00,WIX
263.36,265.85,263.36,265.09,13297,2020-10-29 14:00:00,WIX
265.09,266.24,263.61,265.5,10411,2020-10-29 14:05:00,WIX
265.59,265.59,263.275,263.275,3020,2020-10-29 14:10:00,WIX
263.705,265.0077,263.06,264.81,12598,2020-10-29 14:15:00,WIX
263.93,264.025,263.52,264.025,1335,2020-10-29 14:20:00,WIX
264.21,264.82,263.575,264.82,531,2020-10-29 14:25:00,WIX
264.82,264.82,262.015,262.015,2600,2020-10-29 14:30:00,WIX
261.53,262.49,261.37,262.0201,1200,2020-10-29 14:35:00,WIX
262.64,262.64,261.54,262.5087,2101,2020-10-29 14:40:00,WIX
262.61,262.7,261.73,262.42,2000,2020-10-29 14:45:00,WIX
262.0,262.36,261.26,261.7091,4565,2020-10-29 14:50:00,WIX
262.12,263.1,261.67,263.1,1558,2020-10-29 14:55:00,WIX
262.94,264.05,262.74,264.0,900,2020-10-29 15:00:00,WIX
263.7,264.12,263.01,263.94,2803,2020-10-29 15:05:00,WIX
264.66,265.53,264.41,265.53,2120,2020-10-29 15:10:00,WIX
265.605,266.42,265.0964,266.42,1500,2020-10-29 15:15:00,WIX
266.06,266.4786,265.495,265.495,700,2020-10-29 15:20:00,WIX
266.07,266.5,265.9,266.5,900,2020-10-29 15:25:00,WIX
266.4509,266.61,265.89,266.61,1100,2020-10-29 15:30:00,WIX
266.03,266.31,265.81,266.01,500,2020-10-29 15:35:00,WIX
266.055,266.37,265.69,265.69,704,2020-10-29 15:40:00,WIX
265.1575,266.01,265.1575,265.84,1506,2020-10-29 15:45:00,WIX
266.15,266.2177,265.88,266.19,720,2020-10-29 15:50:00,WIX
265.985,266.55,264.69,265.19,1600,2020-10-29 15:55:00,WIX
265.63,265.865,265.2582,265.865,760,2020-10-29 16:00:00,WIX
265.325,265.325,265.325,265.325,100,2020-10-29 16:05:00,WIX
265.89,265.89,264.91,264.91,300,2020-10-29 16:10:00,WIX
265.455,266.43,265.455,265.955,1900,2020-10-29 16:15:00,WIX
266.05,266.7,266.02,266.43,1947,2020-10-29 16:20:00,WIX
266.08,266.3963,266.08,266.3963,340,2020-10-29 16:25:00,WIX
266.63,266.63,265.72,265.72,1100,2020-10-29 16:30:00,WIX
266.1,266.25,265.47,265.47,1200,2020-10-29 16:40:00,WIX
265.42,265.56,265.345,265.55,800,2020-10-29 16:45:00,WIX
265.16,265.26,264.96,265.26,723,2020-10-29 16:50:00,WIX
265.28,265.28,265.04,265.04,300,2020-10-29 16:55:00,WIX
265.04,265.36,264.96,265.16,900,2020-10-29 17:00:00,WIX
265.45,266.02,265.43,265.43,800,2020-10-29 17:05:00,WIX
265.86,266.21,265.735,266.21,500,2020-10-29 17:10:00,WIX
265.81,265.97,265.42,265.97,1000,2020-10-29 17:15:00,WIX
266.03,266.5258,266.025,266.5258,900,2020-10-29 17:20:00,WIX
266.44,266.88,266.215,266.88,700,2020-10-29 17:25:00,WIX
266.89,266.9,266.23,266.45,600,2020-10-29 17:30:00,WIX
266.345,266.57,266.345,266.57,281,2020-10-29 17:35:00,WIX
266.33,266.38,266.2,266.2,300,2020-10-29 17:40:00,WIX
265.775,265.94,265.425,265.425,900,2020-10-29 17:45:00,WIX
264.87,265.36,264.87,265.105,700,2020-10-29 17:50:00,WIX
265.115,265.115,264.54,264.54,1120,2020-10-29 17:55:00,WIX
264.65,265.04,264.65,264.785,1600,2020-10-29 18:00:00,WIX
264.98,265.1174,263.965,263.965,2000,2020-10-29 18:05:00,WIX
263.7938,264.045,263.7938,264.045,600,2020-10-29 18:10:00,WIX
264.23,264.83,263.87,264.83,4128,2020-10-29 18:15:00,WIX
264.07,264.2725,263.5,263.9,1727,2020-10-29 18:20:00,WIX
264.03,264.72,264.03,264.59,2837,2020-10-29 18:25:00,WIX
264.59,264.78,264.455,264.78,500,2020-10-29 18:30:00,WIX
264.9997,265.13,264.37,264.535,854,2020-10-29 18:35:00,WIX
264.75,265.5463,264.75,265.08,1529,2020-10-29 18:40:00,WIX
265.08,265.27,264.725,265.04,1100,2020-10-29 18:45:00,WIX
265.0,265.0,264.02,264.045,900,2020-10-29 18:50:00,WIX
264.67,264.85,264.405,264.75,1400,2020-10-29 18:55:00,WIX
264.333,265.6676,264.32,265.6676,3377,2020-10-29 19:00:00,WIX
265.77,266.34,265.48,265.815,1813,2020-10-29 19:05:00,WIX
265.78,266.25,265.78,266.185,827,2020-10-29 19:10:00,WIX
265.81,266.0,265.34,265.815,1500,2020-10-29 19:15:00,WIX
265.95,265.95,265.39,265.705,900,2020-10-29 19:20:00,WIX
265.93,265.99,264.655,265.13,2103,2020-10-29 19:25:00,WIX
265.13,265.3,264.81,265.075,2225,2020-10-29 19:30:00,WIX
265.27,265.27,264.69,265.27,4266,2020-10-29 19:35:00,WIX
265.02,265.62,265.02,265.04,3000,2020-10-29 19:40:00,WIX
265.03,266.4,264.85,266.14,4735,2020-10-29 19:45:00,WIX
266.48,266.5,265.15,265.15,8955,2020-10-29 19:50:00,WIX
265.205,265.205,263.96,263.96,25927,2020-10-29 19:55:00,WIX
264.09,264.09,264.09,264.09,15464,2020-10-29 20:00:00,WIX
262.93,262.9796,262.0,262.14,5881,2020-10-30 13:30:00,WIX
262.38,262.44,262.05,262.08,1818,2020-10-30 13:35:00,WIX
261.51,261.51,257.095,257.095,6097,2020-10-30 13:40:00,WIX
257.0,257.51,255.0,255.01,4224,2020-10-30 13:45:00,WIX
254.85,256.92,253.44,255.41,5248,2020-10-30 13:50:00,WIX
255.91,256.52,255.25,255.96,1927,2020-10-30 13:55:00,WIX
256.0,257.39,255.1239,255.825,3275,2020-10-30 14:00:00,WIX
255.39,257.29,255.02,255.26,7530,2020-10-30 14:05:00,WIX
255.48,256.1723,254.5,255.12,3400,2020-10-30 14:10:00,WIX
254.6606,255.04,251.26,251.98,14291,2020-10-30 14:15:00,WIX
251.49,252.99,251.49,252.27,6450,2020-10-30 14:20:00,WIX
252.17,252.23,250.9,251.96,6530,2020-10-30 14:25:00,WIX
251.97,252.8,251.02,251.28,5426,2020-10-30 14:30:00,WIX
251.32,251.67,248.78,250.09,11100,2020-10-30 14:35:00,WIX
250.7,250.7,249.37,250.11,3950,2020-10-30 14:40:00,WIX
249.705,250.08,247.5,247.65,5059,2020-10-30 14:45:00,WIX
247.67,248.48,247.16,247.86,15779,2020-10-30 14:50:00,WIX
248.125,248.76,247.61,247.61,5011,2020-10-30 14:55:00,WIX
247.82,250.61,247.75,249.96,7344,2020-10-30 15:00:00,WIX
249.81,250.58,249.09,249.72,10344,2020-10-30 15:05:00,WIX
249.7,251.26,249.57,251.04,9781,2020-10-30 15:10:00,WIX
250.38,250.58,248.38,249.05,3200,2020-10-30 15:15:00,WIX
249.24,249.84,248.51,249.84,2633,2020-10-30 15:20:00,WIX
249.425,249.83,248.6,248.63,2300,2020-10-30 15:25:00,WIX
248.3,248.61,247.61,247.98,3468,2020-10-30 15:30:00,WIX
247.98,248.05,246.8401,247.26,3470,2020-10-30 15:35:00,WIX
247.5,247.59,246.63,247.59,2749,2020-10-30 15:40:00,WIX
247.36,247.74,246.94,247.74,1400,2020-10-30 15:45:00,WIX
247.515,247.78,245.58,246.39,5319,2020-10-30 15:50:00,WIX
246.21,246.46,245.94,246.24,1748,2020-10-30 15:55:00,WIX
246.25,247.42,246.05,247.22,3001,2020-10-30 16:00:00,WIX
247.21,247.555,246.8,247.43,3947,2020-10-30 16:05:00,WIX
247.8912,248.9599,247.45,248.65,3182,2020-10-30 16:10:00,WIX
248.71,249.94,248.26,249.55,3225,2020-10-30 16:15:00,WIX
249.76,250.91,249.56,250.5924,4688,2020-10-30 16:20:00,WIX
250.685,252.905,250.685,252.905,5057,2020-10-30 16:25:00,WIX
253.0505,253.77,252.125,252.49,3054,2020-10-30 16:30:00,WIX
252.4,252.52,251.48,252.52,4500,2020-10-30 16:35:00,WIX
252.265,252.78,251.96,252.115,3782,2020-10-30 16:40:00,WIX
251.96,252.24,251.3737,251.685,3909,2020-10-30 16:45:00,WIX
251.1805,251.81,250.53,251.81,2327,2020-10-30 16:50:00,WIX
251.6,251.6,250.845,251.29,1500,2020-10-30 16:55:00,WIX
251.21,251.505,250.89,251.13,1520,2020-10-30 17:00:00,WIX
250.835,251.34,250.51,250.91,1500,2020-10-30 17:05:00,WIX
251.34,251.34,250.67,250.87,1800,2020-10-30 17:10:00,WIX
250.05,250.335,250.0,250.107,3800,2020-10-30 17:15:00,WIX
250.0,250.04,248.75,250.04,2700,2020-10-30 17:20:00,WIX
249.45,250.12,248.955,250.12,1900,2020-10-30 17:25:00,WIX
250.085,250.29,249.5,249.5,1800,2020-10-30 17:30:00,WIX
249.5,249.64,248.73,248.95,1968,2020-10-30 17:35:00,WIX
249.09,249.09,248.555,248.885,1400,2020-10-30 17:40:00,WIX
248.39,249.32,247.96,248.38,13549,2020-10-30 17:45:00,WIX
248.345,248.94,247.12,247.375,3970,2020-10-30 17:50:00,WIX
247.44,248.17,247.38,247.38,4600,2020-10-30 17:55:00,WIX
247.5,247.72,246.64,247.69,5325,2020-10-30 18:00:00,WIX
248.065,249.12,248.065,249.0,1800,2020-10-30 18:05:00,WIX
249.12,249.29,248.08,248.71,3300,2020-10-30 18:10:00,WIX
248.71,249.39,248.47,249.39,1700,2020-10-30 18:15:00,WIX
249.66,249.75,248.54,248.54,3240,2020-10-30 18:20:00,WIX
248.01,248.57,247.55,248.57,3855,2020-10-30 18:25:00,WIX
248.265,248.82,247.89,247.89,2700,2020-10-30 18:30:00,WIX
247.99,248.62,247.7,248.575,2100,2020-10-30 18:35:00,WIX
248.31,248.41,247.71,247.848,3015,2020-10-30 18:40:00,WIX
247.62,248.245,247.54,247.795,5376,2020-10-30 18:45:00,WIX
247.0,247.69,246.26,246.98,2900,2020-10-30 18:50:00,WIX
246.74,247.06,246.2,246.54,4169,2020-10-30 18:55:00,WIX
246.38,247.0,246.185,247.0,4181,2020-10-30 19:00:00,WIX
246.85,246.87,246.08,246.4,2715,2020-10-30 19:05:00,WIX
246.39,247.0,246.19,246.61,4300,2020-10-30 19:10:00,WIX
246.87,247.67,246.49,247.31,11600,2020-10-30 19:15:00,WIX
247.42,247.64,247.1,247.36,4605,2020-10-30 19:20:00,WIX
247.33,248.135,246.8,246.8,7271,2020-10-30 19:25:00,WIX
246.77,246.9,246.23,246.9,5089,2020-10-30 19:30:00,WIX
246.958,247.05,246.25,246.49,10935,2020-10-30 19:35:00,WIX
246.67,246.91,245.73,246.27,27400,2020-10-30 19:40:00,WIX
246.37,247.2912,245.99,246.13,20106,2020-10-30 19:45:00,WIX
245.62,246.23,245.2,245.21,21676,2020-10-30 19:50:00,WIX
245.51,247.52,244.81,247.33,37484,2020-10-30 19:55:00,WIX
247.33,247.33,247.32,247.32,46539,2020-10-30 20:00:00,WIX
247.32,247.32,247.32,247.32,6200,2020-10-30 20:05:00,WIX
247.65,247.65,247.65,247.65,100,2020-10-30 21:05:00,WIX
248.5,248.5,248.5,248.5,220,2020-11-02 12:25:00,WIX
249.6575,249.6575,249.6575,249.6575,100,2020-11-02 13:00:00,WIX
249.78,249.78,249.78,249.78,500,2020-11-02 14:00:00,WIX
250.0,253.9,250.0,253.9,11491,2020-11-02 14:30:00,WIX
253.0,255.0,252.025,255.0,4508,2020-11-02 14:35:00,WIX
255.3226,256.99,253.73,254.97,2277,2020-11-02 14:40:00,WIX
255.99,258.52,255.29,258.52,8071,2020-11-02 14:45:00,WIX
256.9887,258.87,256.91,258.2,2058,2020-11-02 14:50:00,WIX
258.77,259.64,256.2,258.0,5522,2020-11-02 14:55:00,WIX
257.68,257.68,256.23,257.56,3678,2020-11-02 15:00:00,WIX
257.39,257.39,256.4453,256.76,1100,2020-11-02 15:05:00,WIX
257.3299,258.6099,257.3,258.105,2294,2020-11-02 15:10:00,WIX
257.65,258.1837,257.53,257.53,1000,2020-11-02 15:15:00,WIX
257.56,257.56,256.02,256.02,1648,2020-11-02 15:20:00,WIX
257.0,257.89,256.95,257.71,1000,2020-11-02 15:25:00,WIX
256.88,256.92,256.11,256.11,1410,2020-11-02 15:30:00,WIX
256.02,256.02,253.59,253.9,1279,2020-11-02 15:35:00,WIX
253.79,254.1254,252.54,252.935,1805,2020-11-02 15:40:00,WIX
252.04,254.3777,252.04,254.3777,627,2020-11-02 15:45:00,WIX
254.78,254.79,254.05,254.67,1000,2020-11-02 15:50:00,WIX
254.5983,254.92,254.05,254.25,3098,2020-11-02 15:55:00,WIX
254.65,254.655,253.68,253.68,500,2020-11-02 16:00:00,WIX
253.46,254.06,253.33,253.745,2123,2020-11-02 16:05:00,WIX
254.09,254.41,252.6907,253.06,2200,2020-11-02 16:10:00,WIX
252.87,252.87,251.21,251.79,1638,2020-11-02 16:15:00,WIX
251.38,251.7,250.6346,251.0,2259,2020-11-02 16:20:00,WIX
250.65,251.062,249.71,250.46,4734,2020-11-02 16:25:00,WIX
250.62,251.0058,250.32,250.76,800,2020-11-02 16:30:00,WIX
250.99,250.99,250.46,250.46,200,2020-11-02 16:35:00,WIX
251.26,251.335,250.53,251.335,2400,2020-11-02 16:40:00,WIX
251.71,252.315,251.35,252.315,500,2020-11-02 16:45:00,WIX
251.73,253.58,251.465,253.54,12162,2020-11-02 16:50:00,WIX
253.4,253.4,252.0,252.165,2028,2020-11-02 16:55:00,WIX
251.82,252.07,251.29,252.07,1000,2020-11-02 17:00:00,WIX
251.87,252.25,251.69,252.085,2900,2020-11-02 17:05:00,WIX
252.28,252.28,251.61,251.61,1200,2020-11-02 17:10:00,WIX
250.81,250.81,250.67,250.67,200,2020-11-02 17:15:00,WIX
251.17,251.21,251.17,251.21,200,2020-11-02 17:20:00,WIX
251.06,251.12,251.06,251.12,200,2020-11-02 17:25:00,WIX
251.38,251.38,250.98,250.98,1100,2020-11-02 17:30:00,WIX
250.25,250.525,250.01,250.525,1052,2020-11-02 17:35:00,WIX
251.06,251.06,249.78,249.78,2978,2020-11-02 17:40:00,WIX
249.935,250.66,249.925,250.66,2500,2020-11-02 17:45:00,WIX
250.45,250.8,249.7,249.7,1400,2020-11-02 17:50:00,WIX
250.135,250.135,249.81,250.03,800,2020-11-02 17:55:00,WIX
250.03,250.38,249.54,250.38,3500,2020-11-02 18:00:00,WIX
249.785,250.73,249.48,250.285,3500,2020-11-02 18:05:00,WIX
250.25,250.71,250.0,250.0,1200,2020-11-02 18:10:00,WIX
250.4,250.45,249.805,249.805,900,2020-11-02 18:15:00,WIX
249.66,250.71,249.375,250.71,2509,2020-11-02 18:20:00,WIX
250.375,250.95,250.22,250.6389,1430,2020-11-02 18:25:00,WIX
250.91,250.93,250.58,250.73,4079,2020-11-02 18:30:00,WIX
250.74,251.05,250.0,250.0,7396,2020-11-02 18:35:00,WIX
250.055,251.125,250.055,251.125,1100,2020-11-02 18:40:00,WIX
250.84,251.0,250.12,250.75,5249,2020-11-02 18:45:00,WIX
251.14,251.14,250.0,250.0,1200,2020-11-02 18:50:00,WIX
250.0,250.0,249.19,249.955,3097,2020-11-02 18:55:00,WIX
250.01,250.165,249.24,249.24,1000,2020-11-02 19:00:00,WIX
249.58,250.0,248.43,248.99,2495,2020-11-02 19:05:00,WIX
250.045,250.27,250.0,250.0,500,2020-11-02 19:10:00,WIX
249.32,249.99,249.31,249.99,600,2020-11-02 19:15:00,WIX
250.0,250.28,249.37,250.0,3812,2020-11-02 19:20:00,WIX
249.97,250.0,249.46,249.63,1800,2020-11-02 19:25:00,WIX
249.71,250.0,249.71,249.78,900,2020-11-02 19:30:00,WIX
250.04,250.12,249.13,250.12,1500,2020-11-02 19:35:00,WIX
249.99,250.18,249.895,249.895,600,2020-11-02 19:40:00,WIX
249.65,250.63,249.6,250.45,3744,2020-11-02 19:45:00,WIX
250.445,250.545,249.56,249.56,1520,2020-11-02 19:50:00,WIX
249.85,250.2,249.85,250.2,700,2020-11-02 19:55:00,WIX
250.29,250.6354,250.0,250.145,1570,2020-11-02 20:00:00,WIX
250.2636,250.2636,249.72,249.99,840,2020-11-02 20:05:00,WIX
250.64,251.0,250.5975,251.0,400,2020-11-02 20:10:00,WIX
251.23,251.24,250.55,250.55,900,2020-11-02 20:15:00,WIX
251.14,251.36,250.925,251.24,2400,2020-11-02 20:20:00,WIX
250.72,251.84,250.72,251.84,7275,2020-11-02 20:25:00,WIX
252.65,252.65,251.57,251.57,2514,2020-11-02 20:30:00,WIX
251.055,251.9024,251.035,251.18,2929,2020-11-02 20:35:00,WIX
251.67,252.26,251.4,252.26,9140,2020-11-02 20:40:00,WIX
252.08,252.4846,251.2,251.68,5830,2020-11-02 20:45:00,WIX
251.46,252.24,251.0,251.55,8535,2020-11-02 20:50:00,WIX
251.595,253.25,251.595,252.86,14295,2020-11-02 20:55:00,WIX
253.24,253.24,253.24,253.24,15682,2020-11-02 21:00:00,WIX
252.8,252.8,252.8,252.8,250,2020-11-02 21:05:00,WIX
253.24,253.24,253.24,253.24,9055,2020-11-02 21:30:00,WIX
255.51,256.22,253.0,253.8229,8537,2020-11-03 14:30:00,WIX
253.8697,254.37,252.0,253.73,6295,2020-11-03 14:35:00,WIX
254.84,256.449,253.74,253.74,3908,2020-11-03 14:40:00,WIX
254.015,255.5,254.0,255.5,1239,2020-11-03 14:45:00,WIX
255.47,256.22,254.54,254.54,6304,2020-11-03 14:50:00,WIX
254.5721,254.5721,253.9,253.96,876,2020-11-03 14:55:00,WIX
254.02,255.36,253.37,255.225,3108,2020-11-03 15:00:00,WIX
255.01,255.5536,254.59,255.5536,972,2020-11-03 15:05:00,WIX
255.8,255.8,254.4908,254.59,2056,2020-11-03 15:10:00,WIX
254.77,255.5,254.2799,255.33,3130,2020-11-03 15:15:00,WIX
255.665,256.58,255.0,255.025,5884,2020-11-03 15:20:00,WIX
254.4772,254.9897,253.82,254.015,1446,2020-11-03 15:25:00,WIX
254.89,255.015,254.27,254.27,3895,2020-11-03 15:30:00,WIX
253.75,253.75,252.8,252.8099,2625,2020-11-03 15:35:00,WIX
252.63,253.17,252.17,253.17,2676,2020-11-03 15:40:00,WIX
253.08,253.33,252.78,253.07,4000,2020-11-03 15:45:00,WIX
252.79,253.3,252.15,252.75,5203,2020-11-03 15:50:00,WIX
252.75,254.335,252.75,253.9,1770,2020-11-03 15:55:00,WIX
254.08,254.305,253.5,253.7,1905,2020-11-03 16:00:00,WIX
253.935,253.955,253.11,253.31,4240,2020-11-03 16:05:00,WIX
253.44,253.46,251.82,252.07,5615,2020-11-03 16:10:00,WIX
252.06,252.42,251.58,252.23,3400,2020-11-03 16:15:00,WIX
252.42,252.6597,251.77,252.19,2000,2020-11-03 16:20:00,WIX
251.87,252.0,251.4502,251.975,1901,2020-11-03 16:25:00,WIX
251.945,252.075,251.68,251.94,1918,2020-11-03 16:30:00,WIX
251.68,251.99,251.29,251.99,4484,2020-11-03 16:35:00,WIX
251.83,251.91,251.36,251.91,4666,2020-11-03 16:40:00,WIX
251.5,251.99,251.19,251.52,3047,2020-11-03 16:45:00,WIX
251.32,251.42,250.61,250.695,947,2020-11-03 16:50:00,WIX
250.5,250.5,250.0,250.485,4934,2020-11-03 16:55:00,WIX
250.625,250.625,250.0,250.14,15507,2020-11-03 17:00:00,WIX
250.235,250.965,250.235,250.53,1400,2020-11-03 17:05:00,WIX
251.035,251.325,251.035,251.325,700,2020-11-03 17:10:00,WIX
251.53,252.42,251.18,251.66,22739,2020-11-03 17:15:00,WIX
251.815,252.53,251.06,252.53,12341,2020-11-03 17:20:00,WIX
252.08,252.41,251.57,252.135,11859,2020-11-03 17:25:00,WIX
252.16,252.84,251.74,251.74,8018,2020-11-03 17:30:00,WIX
251.51,252.5625,251.45,252.295,4584,2020-11-03 17:35:00,WIX
252.405,252.405,251.65,252.18,1949,2020-11-03 17:40:00,WIX
251.9,252.79,251.6,252.675,5854,2020-11-03 17:45:00,WIX
252.46,252.7,252.0,252.0,4020,2020-11-03 17:50:00,WIX
251.97,252.155,251.71,252.13,2139,2020-11-03 17:55:00,WIX
251.96,252.15,250.9,251.26,14026,2020-11-03 18:00:00,WIX
251.095,251.1,250.5,250.86,4427,2020-11-03 18:05:00,WIX
250.9,251.06,250.32,250.34,4651,2020-11-03 18:10:00,WIX
250.32,250.75,249.19,249.19,3692,2020-11-03 18:15:00,WIX
249.12,249.12,248.64,248.685,1384,2020-11-03 18:20:00,WIX
248.635,248.635,247.44,248.19,2537,2020-11-03 18:25:00,WIX
248.62,249.24,248.605,249.04,2347,2020-11-03 18:30:00,WIX
249.24,249.24,248.14,248.48,5738,2020-11-03 18:35:00,WIX
248.28,248.59,248.12,248.59,1178,2020-11-03 18:40:00,WIX
248.53,248.53,246.2,247.24,4601,2020-11-03 18:45:00,WIX
247.355,247.49,246.6502,246.6502,3147,2020-11-03 18:50:00,WIX
246.26,246.53,245.76,246.53,3175,2020-11-03 18:55:00,WIX
246.21,246.55,245.91,246.11,3669,2020-11-03 19:00:00,WIX
246.49,246.49,245.3,245.41,3692,2020-11-03 19:05:00,WIX
245.43,246.3,245.42,245.82,2626,2020-11-03 19:10:00,WIX
245.4206,245.695,245.15,245.15,2682,2020-11-03 19:15:00,WIX
245.44,246.4,245.44,246.4,3600,2020-11-03 19:20:00,WIX
246.58,246.7,246.1,246.1,1415,2020-11-03 19:25:00,WIX
245.98,246.18,245.68,246.065,2397,2020-11-03 19:30:00,WIX
246.005,246.005,245.12,245.27,5935,2020-11-03 19:35:00,WIX
245.6,246.67,245.34,246.24,5845,2020-11-03 19:40:00,WIX
246.65,246.8538,246.29,246.8,3529,2020-11-03 19:45:00,WIX
246.7,247.1299,246.32,246.995,4390,2020-11-03 19:50:00,WIX
246.995,246.995,246.39,246.785,6104,2020-11-03 19:55:00,WIX
246.58,246.61,245.77,245.77,3377,2020-11-03 20:00:00,WIX
245.85,246.16,245.02,245.125,3872,2020-11-03 20:05:00,WIX
245.25,245.8213,245.05,245.365,1072,2020-11-03 20:10:00,WIX
245.445,245.565,245.02,245.2,3828,2020-11-03 20:15:00,WIX
245.27,245.67,244.45,245.19,28106,2020-11-03 20:20:00,WIX
244.925,245.5,244.7,245.08,6872,2020-11-03 20:25:00,WIX
245.425,245.56,245.19,245.31,9426,2020-11-03 20:30:00,WIX
245.405,245.405,244.81,245.11,7557,2020-11-03 20:35:00,WIX
245.11,245.45,244.44,244.8,8878,2020-11-03 20:40:00,WIX
244.8,245.15,244.35,244.77,10498,2020-11-03 20:45:00,WIX
244.62,245.67,243.5,244.99,37945,2020-11-03 20:50:00,WIX
244.99,245.72,244.51,244.69,35995,2020-11-03 20:55:00,WIX
244.85,244.85,244.55,244.55,27003,2020-11-03 21:00:00,WIX
244.0,244.0,244.0,244.0,100,2020-11-03 21:10:00,WIX
244.85,244.85,244.85,244.85,8314,2020-11-03 21:25:00,WIX
244.85,244.85,244.85,244.85,452,2020-11-03 21:40:00,WIX
246.86,246.86,246.86,246.86,500,2020-11-03 23:55:00,WIX
247.0,247.0,247.0,247.0,117,2020-11-04 00:25:00,WIX
249.04,250.3,249.04,250.3,900,2020-11-04 12:00:00,WIX
251.0,251.0,251.0,251.0,100,2020-11-04 13:00:00,WIX
250.987,250.987,250.987,250.987,100,2020-11-04 13:05:00,WIX
249.0,249.0,249.0,249.0,100,2020-11-04 13:30:00,WIX
250.99,259.375,250.2,259.2,22783,2020-11-04 14:30:00,WIX
258.49,259.2,255.37,256.6284,7684,2020-11-04 14:35:00,WIX
257.685,258.513,254.5,257.91,9959,2020-11-04 14:40:00,WIX
257.96,257.96,255.98,256.25,6550,2020-11-04 14:45:00,WIX
256.495,258.0,256.26,257.45,7713,2020-11-04 14:50:00,WIX
256.72,259.485,256.47,259.485,7356,2020-11-04 14:55:00,WIX
260.0,261.91,258.52,261.27,14143,2020-11-04 15:00:00,WIX
261.5,262.44,260.74,262.43,1600,2020-11-04 15:05:00,WIX
262.04,263.85,261.57,263.32,4637,2020-11-04 15:10:00,WIX
263.9799,263.9799,261.87,262.2,2409,2020-11-04 15:15:00,WIX
262.756,263.5,262.23,262.76,7054,2020-11-04 15:20:00,WIX
263.374,264.36,262.2,262.835,10834,2020-11-04 15:25:00,WIX
262.98,264.455,262.35,264.455,3686,2020-11-04 15:30:00,WIX
263.95,264.4,263.18,263.27,4000,2020-11-04 15:35:00,WIX
263.6,264.4,263.46,263.67,2500,2020-11-04 15:40:00,WIX
264.0,264.4,263.01,263.4,9169,2020-11-04 15:45:00,WIX
263.325,263.815,263.03,263.33,11330,2020-11-04 15:50:00,WIX
263.13,264.0,262.7,263.025,12396,2020-11-04 15:55:00,WIX
262.68,263.65,262.68,263.33,9977,2020-11-04 16:00:00,WIX
263.73,263.73,262.5567,262.5567,6846,2020-11-04 16:05:00,WIX
262.59,263.42,262.29,262.81,9813,2020-11-04 16:10:00,WIX
263.02,263.17,262.22,262.98,7890,2020-11-04 16:15:00,WIX
263.09,263.62,262.2623,262.5,19508,2020-11-04 16:20:00,WIX
262.85,263.06,261.87,262.39,9572,2020-11-04 16:25:00,WIX
262.365,262.805,261.49,261.88,9382,2020-11-04 16:30:00,WIX
262.54,262.99,261.63,262.15,6122,2020-11-04 16:35:00,WIX
261.97,262.335,261.54,262.335,5014,2020-11-04 16:40:00,WIX
262.44,262.56,262.13,262.14,9816,2020-11-04 16:45:00,WIX
262.22,262.545,261.57,262.545,15454,2020-11-04 16:50:00,WIX
262.55,262.805,262.22,262.49,6391,2020-11-04 16:55:00,WIX
262.17,262.505,261.78,262.44,9968,2020-11-04 17:00:00,WIX
262.41,262.84,262.15,262.3,5580,2020-11-04 17:05:00,WIX
262.22,262.565,261.585,262.14,14699,2020-11-04 17:10:00,WIX
262.395,264.42,261.98,264.42,13801,2020-11-04 17:15:00,WIX
264.11,265.68,263.97,265.68,1873,2020-11-04 17:20:00,WIX
264.99,265.895,264.99,265.895,3153,2020-11-04 17:25:00,WIX
265.91,266.86,265.47,265.64,7680,2020-11-04 17:30:00,WIX
265.46,265.89,265.06,265.06,3200,2020-11-04 17:35:00,WIX
264.885,265.63,264.6,265.63,3351,2020-11-04 17:40:00,WIX
265.55,265.55,264.77,265.22,3328,2020-11-04 17:45:00,WIX
264.91,265.13,264.32,264.57,3200,2020-11-04 17:50:00,WIX
264.19,264.6,264.19,264.19,700,2020-11-04 17:55:00,WIX
264.09,264.2,263.21,263.4177,3419,2020-11-04 18:00:00,WIX
263.14,263.26,262.17,262.85,2367,2020-11-04 18:05:00,WIX
262.39,262.81,262.24,262.5086,1100,2020-11-04 18:10:00,WIX
263.0,263.58,263.0,263.21,1732,2020-11-04 18:15:00,WIX
263.24,263.73,263.0,263.73,2002,2020-11-04 18:20:00,WIX
263.5,264.005,263.36,263.6016,2284,2020-11-04 18:25:00,WIX
264.3291,265.37,264.3291,265.05,1200,2020-11-04 18:30:00,WIX
265.07,265.23,264.55,264.56,2892,2020-11-04 18:35:00,WIX
264.58,264.6,262.35,262.55,5600,2020-11-04 18:40:00,WIX
263.0177,263.46,262.88,262.88,1250,2020-11-04 18:45:00,WIX
262.86,263.265,262.24,263.265,2700,2020-11-04 18:50:00,WIX
263.255,264.62,263.225,264.62,1100,2020-11-04 18:55:00,WIX
263.74,264.36,263.62,264.11,3400,2020-11-04 19:00:00,WIX
264.3122,265.16,264.3122,264.66,1418,2020-11-04 19:05:00,WIX
264.78,266.3,264.6445,265.72,4910,2020-11-04 19:10:00,WIX
265.58,266.48,265.0601,266.3548,2255,2020-11-04 19:15:00,WIX
266.27,267.94,266.25,267.94,10451,2020-11-04 19:20:00,WIX
267.22,268.0,266.99,267.07,5503,2020-11-04 19:25:00,WIX
267.13,267.13,266.02,266.435,2100,2020-11-04 19:30:00,WIX
266.44,266.47,266.09,266.23,834,2020-11-04 19:35:00,WIX
266.1,266.28,265.925,266.21,1391,2020-11-04 19:40:00,WIX
267.0,268.69,267.0,267.63,1871,2020-11-04 19:45:00,WIX
267.435,267.98,267.13,267.98,1900,2020-11-04 19:50:00,WIX
268.0,268.26,266.85,268.08,2300,2020-11-04 19:55:00,WIX
268.04,268.42,267.27,267.385,2300,2020-11-04 20:00:00,WIX
267.18,267.73,267.01,267.46,3295,2020-11-04 20:05:00,WIX
267.27,267.27,266.15,266.5595,4161,2020-11-04 20:10:00,WIX
266.77,266.77,265.315,265.315,10536,2020-11-04 20:15:00,WIX
265.46,266.91,265.45,266.91,5706,2020-11-04 20:20:00,WIX
266.97,266.97,265.39,265.565,3400,2020-11-04 20:25:00,WIX
265.68,266.14,264.7,265.14,6371,2020-11-04 20:30:00,WIX
265.04,266.02,265.04,265.85,4962,2020-11-04 20:35:00,WIX
265.36,265.62,264.14,264.17,8600,2020-11-04 20:40:00,WIX
264.11,265.84,264.11,265.59,13402,2020-11-04 20:45:00,WIX
265.46,266.62,265.35,266.21,15855,2020-11-04 20:50:00,WIX
266.275,266.4999,265.06,266.0,23294,2020-11-04 20:55:00,WIX
266.11,266.11,266.11,266.11,29437,2020-11-04 21:00:00,WIX
266.11,266.11,266.11,266.11,1190,2020-11-04 21:40:00,WIX
273.39,273.39,273.39,273.39,200,2020-11-05 13:05:00,WIX
274.49,276.175,271.81,274.98,17201,2020-11-05 14:30:00,WIX
273.0,274.99,271.76,272.0,2715,2020-11-05 14:35:00,WIX
272.19,273.05,269.25,270.1821,6878,2020-11-05 14:40:00,WIX
269.34,271.19,268.81,270.6,3372,2020-11-05 14:45:00,WIX
270.605,271.48,269.635,270.39,5989,2020-11-05 14:50:00,WIX
271.19,273.3577,271.07,272.68,5902,2020-11-05 14:55:00,WIX
272.81,275.0,272.81,274.23,3144,2020-11-05 15:00:00,WIX
273.66,274.99,273.2,274.98,6100,2020-11-05 15:05:00,WIX
274.435,275.61,272.965,272.965,11783,2020-11-05 15:10:00,WIX
272.5031,273.2,272.5031,273.2,1546,2020-11-05 15:15:00,WIX
273.11,273.11,270.56,271.26,5025,2020-11-05 15:20:00,WIX
271.375,272.25,271.375,272.25,300,2020-11-05 15:25:00,WIX
271.63,273.06,271.63,271.94,6097,2020-11-05 15:30:00,WIX
272.4,272.4,272.15,272.15,468,2020-11-05 15:35:00,WIX
271.61,272.3,271.53,272.3,2600,2020-11-05 15:40:00,WIX
272.015,273.4369,270.99,273.4369,19091,2020-11-05 15:45:00,WIX
273.18,274.38,272.645,274.38,5559,2020-11-05 15:50:00,WIX
274.0498,274.625,274.0498,274.515,2550,2020-11-05 15:55:00,WIX
274.525,275.0,274.525,275.0,16415,2020-11-05 16:00:00,WIX
275.0,276.19,274.77,275.03,3707,2020-11-05 16:05:00,WIX
274.67,275.93,274.67,275.47,1328,2020-11-05 16:10:00,WIX
275.93,276.41,274.27,275.0,3532,2020-11-05 16:15:00,WIX
275.65,276.2,275.44,275.835,1000,2020-11-05 16:20:00,WIX
275.83,276.06,275.83,276.06,1200,2020-11-05 16:25:00,WIX
276.26,276.74,275.98,276.12,914,2020-11-05 16:30:00,WIX
275.29,275.29,274.43,274.63,700,2020-11-05 16:35:00,WIX
274.71,275.965,274.24,275.255,3254,2020-11-05 16:40:00,WIX
275.78,276.31,275.76,276.31,700,2020-11-05 16:45:00,WIX
276.055,276.055,274.27,274.67,1500,2020-11-05 16:50:00,WIX
275.32,275.32,275.32,275.32,100,2020-11-05 16:55:00,WIX
275.435,276.0,275.435,275.63,1532,2020-11-05 17:00:00,WIX
276.0,276.0,275.4,275.4,765,2020-11-05 17:05:00,WIX
276.2,276.2,275.73,275.73,2175,2020-11-05 17:10:00,WIX
275.96,277.52,275.96,276.62,3172,2020-11-05 17:15:00,WIX
276.44,276.64,275.64,276.64,2800,2020-11-05 17:20:00,WIX
276.59,276.97,276.4,276.475,1950,2020-11-05 17:25:00,WIX
276.86,276.86,276.11,276.27,1600,2020-11-05 17:30:00,WIX
275.93,276.53,275.93,276.47,500,2020-11-05 17:35:00,WIX
276.505,277.5099,276.505,276.97,2560,2020-11-05 17:40:00,WIX
276.865,277.39,276.865,277.39,1450,2020-11-05 17:45:00,WIX
277.52,277.67,277.24,277.395,1200,2020-11-05 17:50:00,WIX
277.5644,277.7,276.87,276.87,8001,2020-11-05 17:55:00,WIX
276.97,277.28,276.805,277.28,1665,2020-11-05 18:00:00,WIX
277.21,277.22,277.0401,277.0401,477,2020-11-05 18:05:00,WIX
277.18,277.44,277.05,277.44,2134,2020-11-05 18:10:00,WIX
277.195,277.6632,277.02,277.6632,1264,2020-11-05 18:15:00,WIX
277.49,277.5,277.05,277.1,748,2020-11-05 18:20:00,WIX
277.125,277.45,277.11,277.11,900,2020-11-05 18:25:00,WIX
276.91,277.74,276.795,277.08,12327,2020-11-05 18:30:00,WIX
277.335,278.0,277.335,277.71,3680,2020-11-05 18:35:00,WIX
277.78,278.0,277.54,277.71,2300,2020-11-05 18:40:00,WIX
277.855,278.0,277.73,277.85,2400,2020-11-05 18:45:00,WIX
277.99,278.0,277.82,277.8575,15126,2020-11-05 18:50:00,WIX
277.78,278.48,277.78,278.48,2122,2020-11-05 18:55:00,WIX
278.5,278.5,278.21,278.26,1811,2020-11-05 19:00:00,WIX
278.03,278.5,277.7375,278.5,4099,2020-11-05 19:05:00,WIX
278.225,278.5,278.225,278.25,1000,2020-11-05 19:10:00,WIX
278.5,278.73,278.28,278.73,5500,2020-11-05 19:15:00,WIX
279.0,279.36,279.0,279.3,2300,2020-11-05 19:20:00,WIX
279.405,279.53,278.95,279.3416,1100,2020-11-05 19:25:00,WIX
279.375,279.39,278.47,278.47,1600,2020-11-05 19:30:00,WIX
278.41,278.53,277.94,278.53,2485,2020-11-05 19:35:00,WIX
279.14,279.25,279.0,279.0,700,2020-11-05 19:40:00,WIX
279.4,279.555,279.19,279.365,2909,2020-11-05 19:45:00,WIX
279.55,280.08,279.48,280.08,4779,2020-11-05 19:50:00,WIX
280.38,280.57,280.26,280.35,1301,2020-11-05 19:55:00,WIX
280.25,280.25,279.58,280.09,3260,2020-11-05 20:00:00,WIX
279.72,280.0,279.68,279.785,1800,2020-11-05 20:05:00,WIX
279.98,280.35,279.49,279.49,8897,2020-11-05 20:10:00,WIX
279.69,279.7,278.58,279.26,7911,2020-11-05 20:15:00,WIX
279.08,279.87,279.06,279.505,3298,2020-11-05 20:20:00,WIX
279.31,279.32,278.3,278.305,4993,2020-11-05 20:25:00,WIX
278.37,278.86,278.11,278.11,6250,2020-11-05 20:30:00,WIX
278.39,278.42,277.62,278.355,24421,2020-11-05 20:35:00,WIX
278.54,278.78,278.01,278.365,9982,2020-11-05 20:40:00,WIX
278.19,278.19,277.24,277.68,8098,2020-11-05 20:45:00,WIX
277.45,278.39,277.3,277.74,8680,2020-11-05 20:50:00,WIX
277.77,278.63,277.59,278.4,22153,2020-11-05 20:55:00,WIX
278.12,278.12,278.12,278.12,26673,2020-11-05 21:00:00,WIX
278.12,278.12,278.12,278.12,14024,2020-11-05 21:05:00,WIX
278.12,278.12,278.12,278.12,750,2020-11-05 21:40:00,WIX
277.99,277.99,277.99,277.99,100,2020-11-05 23:25:00,WIX
270.0,270.0,270.0,270.0,350,2020-11-06 10:55:00,WIX
270.0,270.0,270.0,270.0,491,2020-11-06 13:10:00,WIX
272.0,272.0,272.0,272.0,100,2020-11-06 14:15:00,WIX
274.42,274.42,269.93,271.68,12511,2020-11-06 14:30:00,WIX
272.23,272.24,270.99,270.99,5552,2020-11-06 14:35:00,WIX
270.65,272.52,270.65,272.52,8880,2020-11-06 14:40:00,WIX
271.535,272.74,271.09,272.28,6241,2020-11-06 14:45:00,WIX
272.5,274.0855,272.01,273.11,1379,2020-11-06 14:50:00,WIX
273.11,273.11,271.91,272.02,3016,2020-11-06 14:55:00,WIX
273.0,273.33,273.0,273.33,967,2020-11-06 15:00:00,WIX
274.185,274.37,274.185,274.37,1400,2020-11-06 15:05:00,WIX
275.0,275.0,274.99,275.0,572,2020-11-06 15:10:00,WIX
276.0,276.4,275.73,276.25,2400,2020-11-06 15:15:00,WIX
275.62,276.8,275.59,276.62,3990,2020-11-06 15:20:00,WIX
277.78,278.99,277.78,278.61,1144,2020-11-06 15:25:00,WIX
278.9999,279.5,277.475,277.505,2225,2020-11-06 15:30:00,WIX
278.32,278.32,277.95,278.1204,500,2020-11-06 15:35:00,WIX
277.48,277.875,276.96,277.875,2600,2020-11-06 15:40:00,WIX
277.94,278.705,277.78,278.305,1800,2020-11-06 15:45:00,WIX
278.25,279.1,277.71,279.1,1402,2020-11-06 15:50:00,WIX
278.57,279.0,278.01,278.01,4787,2020-11-06 15:55:00,WIX
277.99,278.32,277.0001,278.245,2400,2020-11-06 16:00:00,WIX
278.3,279.09,278.25,279.09,523,2020-11-06 16:05:00,WIX
278.73,279.015,277.69,277.715,1377,2020-11-06 16:10:00,WIX
278.35,279.0,278.35,279.0,300,2020-11-06 16:15:00,WIX
278.31,278.7425,278.31,278.7425,300,2020-11-06 16:20:00,WIX
279.16,279.315,278.54,278.8,3200,2020-11-06 16:25:00,WIX
279.035,279.155,279.015,279.035,943,2020-11-06 16:30:00,WIX
279.48,279.525,278.88,279.2,9300,2020-11-06 16:35:00,WIX
279.0,279.0,278.375,278.375,300,2020-11-06 16:40:00,WIX
277.86,278.68,277.86,278.675,1100,2020-11-06 16:45:00,WIX
278.66,279.41,278.134,279.0,9055,2020-11-06 16:50:00,WIX
279.0,279.41,278.5,279.0,4695,2020-11-06 16:55:00,WIX
278.865,279.14,278.865,278.87,1350,2020-11-06 17:00:00,WIX
278.6,279.34,278.37,278.99,3406,2020-11-06 17:05:00,WIX
278.985,279.0,278.25,278.59,628,2020-11-06 17:10:00,WIX
277.9,278.25,277.56,277.56,2300,2020-11-06 17:15:00,WIX
277.6406,278.5,277.6406,277.85,3000,2020-11-06 17:20:00,WIX
277.8,277.8,277.725,277.725,500,2020-11-06 17:25:00,WIX
277.72,278.69,277.72,278.62,2147,2020-11-06 17:30:00,WIX
277.75,277.8728,277.75,277.8728,463,2020-11-06 17:35:00,WIX
278.3,278.885,278.18,278.8,4272,2020-11-06 17:40:00,WIX
278.93,278.93,278.335,278.84,2200,2020-11-06 17:45:00,WIX
278.48,278.6,278.48,278.57,700,2020-11-06 17:50:00,WIX
279.235,279.8,279.09,279.71,4556,2020-11-06 17:55:00,WIX
280.0,280.195,280.0,280.115,10100,2020-11-06 18:00:00,WIX
279.75,280.228,279.75,280.0,707,2020-11-06 18:05:00,WIX
279.88,280.66,279.865,280.405,11200,2020-11-06 18:10:00,WIX
280.526,280.526,279.75,279.75,500,2020-11-06 18:15:00,WIX
279.54,280.47,279.18,280.47,5100,2020-11-06 18:20:00,WIX
280.07,280.07,280.0,280.0,200,2020-11-06 18:25:00,WIX
279.91,280.2441,279.91,280.15,300,2020-11-06 18:30:00,WIX
280.15,280.316,280.0,280.1804,1100,2020-11-06 18:35:00,WIX
280.43,280.64,280.43,280.5,600,2020-11-06 18:40:00,WIX
279.855,280.205,279.855,280.205,450,2020-11-06 18:45:00,WIX
280.18,280.18,280.0,280.0,1000,2020-11-06 18:50:00,WIX
280.01,280.205,280.01,280.205,510,2020-11-06 18:55:00,WIX
280.11,280.47,279.87,280.47,1401,2020-11-06 19:00:00,WIX
280.41,281.295,280.41,281.265,3600,2020-11-06 19:05:00,WIX
281.11,281.88,281.11,281.715,1870,2020-11-06 19:10:00,WIX
281.86,281.86,281.16,281.26,1540,2020-11-06 19:15:00,WIX
281.01,281.21,280.96,280.96,1400,2020-11-06 19:20:00,WIX
280.27,280.555,279.975,280.15,2605,2020-11-06 19:25:00,WIX
280.29,280.61,280.26,280.61,400,2020-11-06 19:30:00,WIX
280.7,281.73,280.7,281.73,2000,2020-11-06 19:35:00,WIX
281.24,281.735,281.24,281.46,2887,2020-11-06 19:40:00,WIX
281.35,281.43,280.92,281.43,1945,2020-11-06 19:45:00,WIX
281.54,281.93,281.25,281.32,3100,2020-11-06 19:50:00,WIX
281.25,281.64,281.11,281.64,2155,2020-11-06 19:55:00,WIX
281.85,281.85,280.83,281.73,6357,2020-11-06 20:00:00,WIX
281.94,282.45,281.34,282.1,6735,2020-11-06 20:05:00,WIX
282.42,282.61,282.28,282.38,600,2020-11-06 20:10:00,WIX
282.37,282.88,281.835,281.835,4193,2020-11-06 20:15:00,WIX
282.11,282.11,281.57,281.9,1682,2020-11-06 20:20:00,WIX
281.74,282.24,281.74,281.99,1800,2020-11-06 20:25:00,WIX
282.03,282.84,281.99,282.42,4960,2020-11-06 20:30:00,WIX
282.41,282.41,281.75,281.8,2720,2020-11-06 20:35:00,WIX
281.92,283.58,281.92,283.4539,5150,2020-11-06 20:40:00,WIX
283.58,285.78,283.52,285.36,21994,2020-11-06 20:45:00,WIX
285.69,287.18,285.48,286.92,22049,2020-11-06 20:50:00,WIX
286.94,286.94,285.48,286.29,30972,2020-11-06 20:55:00,WIX
286.29,286.29,286.29,286.29,25191,2020-11-06 21:00:00,WIX
286.5,286.5,286.5,286.5,100,2020-11-07 00:50:00,WIX
287.26,287.26,287.26,287.26,100,2020-11-09 12:00:00,WIX
287.27,287.27,287.0,287.0,400,2020-11-09 12:10:00,WIX
290.0,290.0,290.0,290.0,100,2020-11-09 12:15:00,WIX
286.29,286.29,286.29,286.29,100,2020-11-09 12:25:00,WIX
285.0,285.0,280.3,280.3,399,2020-11-09 12:35:00,WIX
276.0,276.0,276.0,276.0,100,2020-11-09 12:40:00,WIX
275.0,275.0,275.0,275.0,200,2020-11-09 12:45:00,WIX
270.0,270.0,266.47,266.47,950,2020-11-09 12:50:00,WIX
270.0,270.0,270.0,270.0,1409,2020-11-09 13:00:00,WIX
270.0,270.0,270.0,270.0,835,2020-11-09 13:10:00,WIX
270.0,270.0,270.0,270.0,232,2020-11-09 13:15:00,WIX
270.0,270.0,270.0,270.0,1189,2020-11-09 13:20:00,WIX
272.0,272.0,272.0,272.0,650,2020-11-09 13:30:00,WIX
272.0,272.0,272.0,272.0,891,2020-11-09 13:35:00,WIX
271.77,271.77,271.77,271.77,100,2020-11-09 13:50:00,WIX
271.0,271.0,270.07,270.07,1785,2020-11-09 14:05:00,WIX
269.39,270.8764,257.5201,257.57,36649,2020-11-09 14:30:00,WIX
258.01,258.83,251.45,255.925,24571,2020-11-09 14:35:00,WIX
255.92,255.97,251.5,253.02,25808,2020-11-09 14:40:00,WIX
253.02,254.74,250.89,254.5674,55945,2020-11-09 14:45:00,WIX
254.07,255.0,250.9,251.57,17763,2020-11-09 14:50:00,WIX
251.57,253.0299,250.89,251.025,25004,2020-11-09 14:55:00,WIX
251.695,254.46,251.1,253.875,11815,2020-11-09 15:00:00,WIX
254.46,254.52,253.05,253.455,32786,2020-11-09 15:05:00,WIX
253.273,254.305,252.725,253.99,9207,2020-11-09 15:10:00,WIX
253.985,254.42,252.26,254.27,23120,2020-11-09 15:15:00,WIX
254.07,257.97,254.07,256.975,12906,2020-11-09 15:20:00,WIX
257.24,259.27,257.24,257.5753,14442,2020-11-09 15:25:00,WIX
257.87,260.9899,257.87,260.495,13208,2020-11-09 15:30:00,WIX
260.09,260.49,258.2,258.49,10252,2020-11-09 15:35:00,WIX
258.7799,260.0293,258.2,259.82,19317,2020-11-09 15:40:00,WIX
259.81,260.125,257.77,257.995,17190,2020-11-09 15:45:00,WIX
257.995,259.75,257.78,259.47,41503,2020-11-09 15:50:00,WIX
259.465,261.05,259.02,260.7944,19386,2020-11-09 15:55:00,WIX
260.06,260.13,258.33,258.43,7644,2020-11-09 16:00:00,WIX
258.43,259.265,257.01,259.265,16795,2020-11-09 16:05:00,WIX
258.83,259.82,257.795,257.795,17328,2020-11-09 16:10:00,WIX
257.57,259.67,257.0,259.67,8636,2020-11-09 16:15:00,WIX
260.56,262.13,259.54,260.58,23055,2020-11-09 16:20:00,WIX
261.025,261.67,260.5268,260.5268,9862,2020-11-09 16:25:00,WIX
260.33,263.88,259.8,263.62,17533,2020-11-09 16:30:00,WIX
263.76,263.91,261.8501,262.9284,7650,2020-11-09 16:35:00,WIX
262.31,262.345,259.195,259.255,8301,2020-11-09 16:40:00,WIX
259.355,259.355,258.125,258.99,6286,2020-11-09 16:45:00,WIX
258.96,259.51,258.69,258.96,16990,2020-11-09 16:50:00,WIX
259.23,259.24,258.325,258.37,18007,2020-11-09 16:55:00,WIX
258.52,259.0835,257.54,257.615,9696,2020-11-09 17:00:00,WIX
257.57,259.355,257.37,259.355,14809,2020-11-09 17:05:00,WIX
259.11,259.11,257.41,257.43,16074,2020-11-09 17:10:00,WIX
257.415,258.2585,257.0,257.0,7302,2020-11-09 17:15:00,WIX
256.9,257.48,256.54,256.985,19041,2020-11-09 17:20:00,WIX
256.73,257.29,256.53,256.63,8622,2020-11-09 17:25:00,WIX
256.56,257.06,256.46,256.58,18642,2020-11-09 17:30:00,WIX
256.57,256.79,256.1,256.305,8303,2020-11-09 17:35:00,WIX
256.3,256.3,255.52,255.8,5400,2020-11-09 17:40:00,WIX
255.9032,256.16,254.71,254.79,18669,2020-11-09 17:45:00,WIX
254.895,254.895,254.055,254.51,6217,2020-11-09 17:50:00,WIX
254.5425,254.98,254.26,254.98,5699,2020-11-09 17:55:00,WIX
255.13,255.4,254.7,254.7792,6219,2020-11-09 18:00:00,WIX
254.84,255.23,254.65,254.895,19193,2020-11-09 18:05:00,WIX
254.98,255.49,254.68,254.68,6105,2020-11-09 18:10:00,WIX
254.6,254.74,254.055,254.285,8394,2020-11-09 18:15:00,WIX
254.21,254.56,254.2,254.4365,6016,2020-11-09 18:20:00,WIX
254.36,254.59,254.2301,254.45,20352,2020-11-09 18:25:00,WIX
254.43,255.035,254.01,255.035,13044,2020-11-09 18:30:00,WIX
255.03,256.07,254.86,255.98,24900,2020-11-09 18:35:00,WIX
255.8258,255.8258,254.43,254.43,3979,2020-11-09 18:40:00,WIX
254.345,255.9,254.1,255.9,16523,2020-11-09 18:45:00,WIX
255.9047,256.1999,255.07,255.325,2611,2020-11-09 18:50:00,WIX
255.13,256.46,254.925,256.127,5178,2020-11-09 18:55:00,WIX
256.11,256.3999,255.44,255.44,8156,2020-11-09 19:00:00,WIX
255.32,256.0,255.32,255.75,7398,2020-11-09 19:05:00,WIX
256.0,256.94,255.6001,256.39,14290,2020-11-09 19:10:00,WIX
256.555,256.555,255.41,255.5225,8936,2020-11-09 19:15:00,WIX
255.635,256.2475,255.6,255.77,7636,2020-11-09 19:20:00,WIX
255.6,256.4498,254.865,254.865,15484,2020-11-09 19:25:00,WIX
254.64,254.97,254.5,254.95,6856,2020-11-09 19:30:00,WIX
254.94,255.96,254.78,255.095,7781,2020-11-09 19:35:00,WIX
254.92,255.36,254.815,255.07,3716,2020-11-09 19:40:00,WIX
255.04,255.63,254.65,254.87,19546,2020-11-09 19:45:00,WIX
254.74,255.035,254.2501,254.43,20639,2020-11-09 19:50:00,WIX
254.48,254.71,254.2,254.63,9721,2020-11-09 19:55:00,WIX
254.53,256.0873,254.53,256.0873,7548,2020-11-09 20:00:00,WIX
256.0877,256.745,255.99,256.4,15392,2020-11-09 20:05:00,WIX
256.41,256.59,255.17,255.245,22118,2020-11-09 20:10:00,WIX
255.245,255.52,255.04,255.46,27761,2020-11-09 20:15:00,WIX
255.46,255.54,254.25,254.5,39173,2020-11-09 20:20:00,WIX
254.45,254.655,254.1,254.415,22309,2020-11-09 20:25:00,WIX
254.59,255.35,254.08,254.55,17846,2020-11-09 20:30:00,WIX
254.55,255.35,254.51,255.23,19105,2020-11-09 20:35:00,WIX
255.16,256.95,254.97,256.95,23532,2020-11-09 20:40:00,WIX
257.04,257.33,254.08,254.68,24496,2020-11-09 20:45:00,WIX
254.46,254.8275,254.08,254.7,30064,2020-11-09 20:50:00,WIX
254.66,255.36,254.0,254.0,52649,2020-11-09 20:55:00,WIX
254.0,254.0,254.0,254.0,21103,2020-11-09 21:00:00,WIX
254.0,254.0,254.0,254.0,5403,2020-11-09 21:20:00,WIX
250.86,250.86,250.86,250.86,100,2020-11-10 11:00:00,WIX
251.0,251.0,251.0,251.0,518,2020-11-10 13:00:00,WIX
250.0,250.0,249.0,249.0,274,2020-11-10 13:15:00,WIX
250.96,250.98,250.96,250.98,470,2020-11-10 13:55:00,WIX
252.8,253.035,250.51,251.01,34879,2020-11-10 14:30:00,WIX
250.65,250.65,247.01,248.02,12353,2020-11-10 14:35:00,WIX
248.69,249.1,247.0,247.285,13499,2020-11-10 14:40:00,WIX
246.97,246.97,244.31,245.955,11270,2020-11-10 14:45:00,WIX
246.4,248.02,245.64,245.925,6601,2020-11-10 14:50:00,WIX
245.62,246.99,245.01,245.205,9137,2020-11-10 14:55:00,WIX
245.39,245.39,242.02,243.73,18906,2020-11-10 15:00:00,WIX
243.43,244.215,242.51,243.305,12669,2020-11-10 15:05:00,WIX
242.63,242.91,241.01,241.3,11080,2020-11-10 15:10:00,WIX
241.15,241.445,238.355,241.0,16010,2020-11-10 15:15:00,WIX
241.3,241.31,239.01,239.51,12494,2020-11-10 15:20:00,WIX
239.505,239.66,236.1781,236.44,15051,2020-11-10 15:25:00,WIX
236.51,238.42,236.51,236.8539,11998,2020-11-10 15:30:00,WIX
237.21,237.71,236.2,236.84,11287,2020-11-10 15:35:00,WIX
236.525,236.83,235.02,235.195,31377,2020-11-10 15:40:00,WIX
235.195,235.995,234.0291,235.995,27019,2020-11-10 15:45:00,WIX
236.235,240.21,236.235,239.45,28862,2020-11-10 15:50:00,WIX
239.4,239.68,238.16,238.47,47590,2020-11-10 15:55:00,WIX
238.51,239.69,238.21,239.255,14695,2020-11-10 16:00:00,WIX
239.44,240.2,238.17,239.62,23999,2020-11-10 16:05:00,WIX
239.605,240.48,238.5,238.55,25101,2020-11-10 16:10:00,WIX
238.71,238.85,237.3,238.18,17678,2020-11-10 16:15:00,WIX
237.98,238.33,237.037,237.39,47028,2020-11-10 16:20:00,WIX
237.62,241.375,237.61,241.24,13501,2020-11-10 16:25:00,WIX
241.46,242.37,240.25,241.17,11279,2020-11-10 16:30:00,WIX
241.17,243.91,241.02,243.395,16221,2020-11-10 16:35:00,WIX
243.86,246.76,243.47,246.76,9092,2020-11-10 16:40:00,WIX
245.8701,247.7899,245.8701,246.49,5512,2020-11-10 16:45:00,WIX
246.49,246.49,245.3058,246.1,9515,2020-11-10 16:50:00,WIX
245.87,246.835,245.52,245.775,7188,2020-11-10 16:55:00,WIX
245.55,247.6815,245.21,246.02,6382,2020-11-10 17:00:00,WIX
245.83,246.86,244.97,246.855,3423,2020-11-10 17:05:00,WIX
246.45,246.45,245.73,245.74,4082,2020-11-10 17:10:00,WIX
245.7334,245.95,245.32,245.34,2100,2020-11-10 17:15:00,WIX
245.61,245.61,244.33,244.625,3600,2020-11-10 17:20:00,WIX
244.625,244.63,243.3125,243.3125,3000,2020-11-10 17:25:00,WIX
243.34,244.95,243.13,244.58,5695,2020-11-10 17:30:00,WIX
244.5,244.94,243.385,244.94,10157,2020-11-10 17:35:00,WIX
244.94,245.98,244.18,245.15,7402,2020-11-10 17:40:00,WIX
245.02,246.55,244.95,244.95,15814,2020-11-10 17:45:00,WIX
244.96,246.5038,244.96,245.18,6397,2020-11-10 17:50:00,WIX
245.72,245.829,245.18,245.48,4326,2020-11-10 17:55:00,WIX
245.36,246.94,245.36,246.645,5725,2020-11-10 18:00:00,WIX
246.93,246.94,245.1,245.465,2065,2020-11-10 18:05:00,WIX
245.1,245.1,243.73,243.73,1000,2020-11-10 18:10:00,WIX
242.8,243.52,241.62,241.64,4007,2020-11-10 18:15:00,WIX
241.59,242.11,240.57,240.57,3478,2020-11-10 18:20:00,WIX
240.93,240.93,240.0,240.0,4232,2020-11-10 18:25:00,WIX
239.62,240.08,239.16,239.505,8796,2020-11-10 18:30:00,WIX
239.17,240.625,239.17,240.27,5700,2020-11-10 18:35:00,WIX
240.25,240.26,239.725,239.9303,3132,2020-11-10 18:40:00,WIX
239.67,240.09,239.0337,239.63,6808,2020-11-10 18:45:00,WIX
239.625,241.91,239.625,241.89,5207,2020-11-10 18:50:00,WIX
241.7,242.39,241.21,242.0,6508,2020-11-10 18:55:00,WIX
241.53,241.53,240.95,241.265,3496,2020-11-10 19:00:00,WIX
241.38,242.68,241.38,241.83,4571,2020-11-10 19:05:00,WIX
241.48,241.61,239.88,240.52,6425,2020-11-10 19:10:00,WIX
240.4,240.65,239.61,240.19,7162,2020-11-10 19:15:00,WIX
240.21,240.36,238.48,239.8125,6200,2020-11-10 19:20:00,WIX
240.0593,240.38,238.39,238.705,12065,2020-11-10 19:25:00,WIX
238.89,239.485,237.94,239.245,9854,2020-11-10 19:30:00,WIX
239.01,240.43,238.19,239.77,6150,2020-11-10 19:35:00,WIX
239.45,239.745,238.63,238.845,4924,2020-11-10 19:40:00,WIX
238.6,238.7,238.0,238.585,4020,2020-11-10 19:45:00,WIX
238.585,240.8,238.21,240.78,8384,2020-11-10 19:50:00,WIX
240.79,240.79,239.72,240.23,5382,2020-11-10 19:55:00,WIX
239.84,240.44,239.4,239.53,9132,2020-11-10 20:00:00,WIX
239.515,239.515,238.13,238.78,6700,2020-11-10 20:05:00,WIX
238.66,239.0,238.44,238.48,4436,2020-11-10 20:10:00,WIX
238.37,239.67,238.23,239.56,9444,2020-11-10 20:15:00,WIX
239.29,239.68,239.01,239.611,9115,2020-11-10 20:20:00,WIX
239.5,240.365,239.4,239.54,11133,2020-11-10 20:25:00,WIX
239.525,240.495,239.525,239.86,14675,2020-11-10 20:30:00,WIX
239.88,240.22,238.735,239.67,19409,2020-11-10 20:35:00,WIX
239.67,241.81,239.36,241.72,12410,2020-11-10 20:40:00,WIX
241.85,242.0,240.37,241.03,21608,2020-11-10 20:45:00,WIX
241.15,242.92,240.78,242.1,31246,2020-11-10 20:50:00,WIX
242.35,244.1762,242.245,244.1762,49912,2020-11-10 20:55:00,WIX
244.17,244.17,244.17,244.17,20745,2020-11-10 21:00:00,WIX
244.17,244.17,244.17,244.17,245,2020-11-10 22:10:00,WIX
250.0,250.0,250.0,250.0,409,2020-11-10 23:10:00,WIX
248.5,250.0,248.5,250.0,300,2020-11-10 23:15:00,WIX
250.0,250.0,250.0,250.0,150,2020-11-10 23:20:00,WIX
250.0,250.0,250.0,250.0,288,2020-11-10 23:25:00,WIX
250.01,250.01,250.01,250.01,500,2020-11-10 23:30:00,WIX
250.0099,250.0099,250.0099,250.0099,1000,2020-11-11 00:05:00,WIX
251.0,251.0,251.0,251.0,100,2020-11-11 13:55:00,WIX
251.0,251.0,251.0,251.0,100,2020-11-11 14:20:00,WIX
252.92,252.92,252.92,252.92,600,2020-11-11 14:25:00,WIX
251.52,256.67,251.52,254.66,27975,2020-11-11 14:30:00,WIX
254.45,257.81,253.93,256.89,14380,2020-11-11 14:35:00,WIX
256.74,259.61,255.2733,259.23,19195,2020-11-11 14:40:00,WIX
259.23,261.09,257.7583,261.0,20780,2020-11-11 14:45:00,WIX
262.02,264.4308,260.72,262.405,25259,2020-11-11 14:50:00,WIX
262.36,264.75,261.24,263.16,23202,2020-11-11 14:55:00,WIX
263.775,264.34,259.61,260.0325,33456,2020-11-11 15:00:00,WIX
259.19,262.7725,259.17,259.775,32243,2020-11-11 15:05:00,WIX
259.945,261.98,258.45,261.1016,16408,2020-11-11 15:10:00,WIX
261.9,264.0,261.725,262.43,9619,2020-11-11 15:15:00,WIX
262.42,265.0,261.7801,264.97,10686,2020-11-11 15:20:00,WIX
263.58,264.91,262.47,264.0866,4480,2020-11-11 15:25:00,WIX
264.11,265.01,263.105,264.3,9940,2020-11-11 15:30:00,WIX
264.29,264.3,262.04,263.91,3014,2020-11-11 15:35:00,WIX
263.29,264.08,262.5,263.11,4929,2020-11-11 15:40:00,WIX
263.42,264.69,263.0,263.18,5483,2020-11-11 15:45:00,WIX
263.465,264.6399,263.465,264.12,23198,2020-11-11 15:50:00,WIX
264.64,267.89,264.64,267.55,10476,2020-11-11 15:55:00,WIX
266.96,268.69,266.325,268.495,10119,2020-11-11 16:00:00,WIX
268.31,268.38,266.39,267.03,7335,2020-11-11 16:05:00,WIX
267.78,267.99,266.83,267.98,5404,2020-11-11 16:10:00,WIX
267.99,267.99,266.17,267.345,5575,2020-11-11 16:15:00,WIX
267.0,267.94,267.0,267.38,1026,2020-11-11 16:20:00,WIX
267.82,268.88,267.265,267.265,2760,2020-11-11 16:25:00,WIX
266.615,266.906,265.7,266.27,3270,2020-11-11 16:30:00,WIX
266.04,266.6,265.3001,266.6,3990,2020-11-11 16:35:00,WIX
266.94,267.41,266.1201,266.73,1400,2020-11-11 16:40:00,WIX
266.685,269.9,266.0,269.9,8673,2020-11-11 16:45:00,WIX
269.45,270.86,269.23,269.285,10399,2020-11-11 16:50:00,WIX
269.775,271.0,269.265,271.0,5260,2020-11-11 16:55:00,WIX
270.0,271.0,268.5,269.558,3332,2020-11-11 17:00:00,WIX
268.64,269.3,267.43,267.975,4882,2020-11-11 17:05:00,WIX
267.26,268.05,267.01,267.385,5402,2020-11-11 17:10:00,WIX
267.695,267.695,265.9001,266.44,1943,2020-11-11 17:15:00,WIX
266.495,267.03,266.0945,266.64,1326,2020-11-11 17:20:00,WIX
266.07,266.515,265.79,266.515,4290,2020-11-11 17:25:00,WIX
266.4,267.33,266.4,267.15,3916,2020-11-11 17:30:00,WIX
266.9389,267.71,266.88,267.3001,2270,2020-11-11 17:35:00,WIX
267.92,269.2699,267.751,268.59,6084,2020-11-11 17:40:00,WIX
268.2281,268.52,267.94,267.96,2061,2020-11-11 17:45:00,WIX
268.245,268.53,267.44,267.53,10402,2020-11-11 17:50:00,WIX
267.53,269.82,267.17,269.53,7666,2020-11-11 17:55:00,WIX
268.995,269.99,268.62,268.87,4404,2020-11-11 18:00:00,WIX
268.94,269.6,268.685,269.6,1250,2020-11-11 18:05:00,WIX
269.73,271.91,269.0738,271.67,6278,2020-11-11 18:10:00,WIX
271.63,273.0,271.35,271.41,3365,2020-11-11 18:15:00,WIX
271.865,272.64,270.83,271.0,5909,2020-11-11 18:20:00,WIX
270.0001,271.9791,270.0001,271.475,3542,2020-11-11 18:25:00,WIX
271.43,271.84,270.425,270.46,4200,2020-11-11 18:30:00,WIX
270.17,271.43,270.17,271.08,2830,2020-11-11 18:35:00,WIX
271.0,272.0,271.0,271.83,2790,2020-11-11 18:40:00,WIX
271.54,271.6611,271.0,271.0,4635,2020-11-11 18:45:00,WIX
270.66,271.67,270.42,271.64,6494,2020-11-11 18:50:00,WIX
271.645,272.42,271.3,271.39,4004,2020-11-11 18:55:00,WIX
271.47,273.0,271.47,272.53,2620,2020-11-11 19:00:00,WIX
272.17,272.735,272.17,272.41,1400,2020-11-11 19:05:00,WIX
272.41,272.41,271.67,272.0,3005,2020-11-11 19:10:00,WIX
271.75,272.78,271.51,272.385,8133,2020-11-11 19:15:00,WIX
272.69,272.69,271.26,272.4,15629,2020-11-11 19:20:00,WIX
272.4,272.4,271.1301,272.03,2379,2020-11-11 19:25:00,WIX
271.98,272.39,271.705,272.0,4209,2020-11-11 19:30:00,WIX
271.84,272.5,271.545,272.02,2379,2020-11-11 19:35:00,WIX
272.0799,272.35,271.05,271.545,9895,2020-11-11 19:40:00,WIX
271.7219,271.7219,270.0,270.2,4495,2020-11-11 19:45:00,WIX
270.305,270.89,269.81,270.22,6327,2020-11-11 19:50:00,WIX
270.04,270.67,270.04,270.44,3980,2020-11-11 19:55:00,WIX
270.25,270.88,270.12,270.12,3305,2020-11-11 20:00:00,WIX
270.28,270.9,269.96,270.81,22304,2020-11-11 20:05:00,WIX
270.92,271.57,270.202,271.57,6061,2020-11-11 20:10:00,WIX
271.385,271.57,270.84,271.39,3085,2020-11-11 20:15:00,WIX
271.355,271.36,269.94,270.075,6098,2020-11-11 20:20:00,WIX
270.083,270.22,269.45,270.2,14717,2020-11-11 20:25:00,WIX
270.07,270.4,269.655,270.12,8200,2020-11-11 20:30:00,WIX
269.985,271.46,269.84,271.14,8275,2020-11-11 20:35:00,WIX
271.3,271.5,270.22,270.39,20949,2020-11-11 20:40:00,WIX
270.39,270.9,269.9,270.9,23237,2020-11-11 20:45:00,WIX
271.04,271.33,270.23,270.94,18891,2020-11-11 20:50:00,WIX
270.63,271.24,269.17,269.78,42571,2020-11-11 20:55:00,WIX
269.78,269.78,269.78,269.78,25298,2020-11-11 21:00:00,WIX
269.78,269.78,269.78,269.78,3800,2020-11-11 21:25:00,WIX
269.78,269.78,269.78,269.78,866,2020-11-11 21:40:00,WIX
269.75,269.75,269.75,269.75,100,2020-11-11 22:35:00,WIX
269.77,269.77,269.77,269.77,410,2020-11-11 23:25:00,WIX
265.5,265.5,265.5,265.5,100,2020-11-12 13:00:00,WIX
265.058,265.058,265.058,265.058,100,2020-11-12 13:10:00,WIX
265.52,265.52,265.52,265.52,500,2020-11-12 13:15:00,WIX
264.01,264.01,263.63,263.63,790,2020-11-12 13:25:00,WIX
263.44,263.44,263.44,263.44,100,2020-11-12 13:30:00,WIX
263.44,263.44,263.44,263.44,100,2020-11-12 13:35:00,WIX
264.0,264.0,263.5001,264.0,961,2020-11-12 13:40:00,WIX
263.5,263.5,263.5,263.5,219,2020-11-12 13:45:00,WIX
264.4,264.4,264.4,264.4,130,2020-11-12 13:55:00,WIX
266.0505,266.0505,266.0,266.0,300,2020-11-12 14:25:00,WIX
265.15,272.0,265.15,269.6229,35041,2020-11-12 14:30:00,WIX
268.8221,268.8221,259.37,259.51,23090,2020-11-12 14:35:00,WIX
259.51,260.21,255.19,258.361,24434,2020-11-12 14:40:00,WIX
257.725,258.885,250.24,251.5,25598,2020-11-12 14:45:00,WIX
253.1264,259.99,253.1264,256.21,22568,2020-11-12 14:50:00,WIX
257.8,257.8,254.74,257.46,10797,2020-11-12 14:55:00,WIX
257.2111,257.6305,250.7801,251.61,24877,2020-11-12 15:00:00,WIX
252.46,255.99,251.93,255.75,18935,2020-11-12 15:05:00,WIX
255.3982,257.99,253.01,257.02,22596,2020-11-12 15:10:00,WIX
257.51,257.515,254.12,255.19,17134,2020-11-12 15:15:00,WIX
254.64,255.3324,253.4288,254.75,6814,2020-11-12 15:20:00,WIX
255.1,257.16,255.1,255.9,7332,2020-11-12 15:25:00,WIX
255.9,256.54,255.45,256.3122,6303,2020-11-12 15:30:00,WIX
256.23,257.96,255.79,257.31,4268,2020-11-12 15:35:00,WIX
257.63,258.17,254.6,254.6,9668,2020-11-12 15:40:00,WIX
254.6,255.99,253.5801,255.055,8829,2020-11-12 15:45:00,WIX
255.33,255.94,253.58,254.115,19428,2020-11-12 15:50:00,WIX
254.2,254.77,253.445,253.6772,12072,2020-11-12 15:55:00,WIX
253.98,255.57,252.84,253.04,22855,2020-11-12 16:00:00,WIX
253.05,253.695,251.94,252.315,10503,2020-11-12 16:05:00,WIX
252.3467,253.32,251.23,251.485,11381,2020-11-12 16:10:00,WIX
251.5,252.7,250.25,252.7,16372,2020-11-12 16:15:00,WIX
252.315,253.13,251.54,252.54,6464,2020-11-12 16:20:00,WIX
252.8,254.64,252.795,254.55,5624,2020-11-12 16:25:00,WIX
254.55,254.9565,253.25,253.25,15210,2020-11-12 16:30:00,WIX
253.815,254.07,252.03,253.04,5689,2020-11-12 16:35:00,WIX
252.66,252.785,251.0,252.66,7228,2020-11-12 16:40:00,WIX
252.68,253.71,251.82,252.7,10892,2020-11-12 16:45:00,WIX
252.83,254.4,252.83,253.755,12801,2020-11-12 16:50:00,WIX
253.74,254.08,253.42,253.9,8370,2020-11-12 16:55:00,WIX
254.09,254.5,253.16,254.05,10647,2020-11-12 17:00:00,WIX
253.96,254.4094,253.28,254.03,8916,2020-11-12 17:05:00,WIX
254.29,254.685,253.52,254.38,4950,2020-11-12 17:10:00,WIX
254.48,256.0,254.48,255.38,16786,2020-11-12 17:15:00,WIX
255.6,255.76,253.45,253.45,6923,2020-11-12 17:20:00,WIX
253.81,254.68,253.7,253.9866,11140,2020-11-12 17:25:00,WIX
254.3382,255.385,254.045,255.385,4133,2020-11-12 17:30:00,WIX
255.76,255.76,254.9,254.9,4308,2020-11-12 17:35:00,WIX
255.07,255.575,254.1,254.55,7466,2020-11-12 17:40:00,WIX
254.45,254.6,253.26,254.07,20769,2020-11-12 17:45:00,WIX
254.04,254.04,253.2,253.94,8090,2020-11-12 17:50:00,WIX
253.99,254.51,253.99,254.3,4140,2020-11-12 17:55:00,WIX
254.37,254.5,253.22,253.95,7111,2020-11-12 18:00:00,WIX
253.98,254.29,253.44,254.0,2547,2020-11-12 18:05:00,WIX
254.07,254.18,253.26,254.18,3471,2020-11-12 18:10:00,WIX
254.18,254.44,253.81,253.985,1907,2020-11-12 18:15:00,WIX
253.79,254.16,253.03,253.145,3500,2020-11-12 18:20:00,WIX
253.125,253.76,253.03,253.505,12996,2020-11-12 18:25:00,WIX
253.5963,253.93,253.34,253.75,9730,2020-11-12 18:30:00,WIX
253.595,254.5,253.585,254.5,2609,2020-11-12 18:35:00,WIX
254.47,254.47,253.87,254.0372,2209,2020-11-12 18:40:00,WIX
254.0,254.0,253.23,253.35,5624,2020-11-12 18:45:00,WIX
253.58,255.12,253.29,254.98,6614,2020-11-12 18:50:00,WIX
254.72,254.7811,254.0,254.01,1500,2020-11-12 18:55:00,WIX
253.65,254.56,253.48,254.15,4060,2020-11-12 19:00:00,WIX
254.2499,254.2499,253.48,253.545,2291,2020-11-12 19:05:00,WIX
253.72,253.72,253.18,253.49,22650,2020-11-12 19:10:00,WIX
253.63,254.285,253.45,254.285,5294,2020-11-12 19:15:00,WIX
253.74,253.885,253.4,253.48,3200,2020-11-12 19:20:00,WIX
253.4625,254.01,253.4625,253.735,3900,2020-11-12 19:25:00,WIX
253.5,254.11,253.315,253.92,6529,2020-11-12 19:30:00,WIX
254.12,254.99,254.12,254.91,3199,2020-11-12 19:35:00,WIX
254.91,255.05,253.915,253.915,3100,2020-11-12 19:40:00,WIX
253.91,254.45,253.85,253.91,7519,2020-11-12 19:45:00,WIX
254.06,254.47,253.68,254.01,4419,2020-11-12 19:50:00,WIX
254.21,254.23,253.86,253.86,2600,2020-11-12 19:55:00,WIX
253.86,253.86,253.2566,253.7131,13803,2020-11-12 20:00:00,WIX
253.55,254.2,253.51,253.84,7859,2020-11-12 20:05:00,WIX
254.02,254.45,253.69,253.92,7561,2020-11-12 20:10:00,WIX
253.655,253.66,251.67,251.67,11151,2020-11-12 20:15:00,WIX
251.995,253.15,251.86,253.05,10026,2020-11-12 20:20:00,WIX
252.985,253.36,252.52,252.715,17092,2020-11-12 20:25:00,WIX
252.59,253.03,251.51,252.74,34791,2020-11-12 20:30:00,WIX
252.9,253.0,251.62,252.01,14840,2020-11-12 20:35:00,WIX
252.0,252.08,251.02,251.03,9384,2020-11-12 20:40:00,WIX
251.0936,252.08,250.75,252.08,25923,2020-11-12 20:45:00,WIX
252.47,254.18,251.57,254.17,26048,2020-11-12 20:50:00,WIX
254.14,255.49,253.81,254.76,70610,2020-11-12 20:55:00,WIX
255.07,255.07,255.07,255.07,43544,2020-11-12 21:00:00,WIX
255.65,255.65,255.65,255.65,120,2020-11-12 21:20:00,WIX
255.7,255.7,255.7,255.7,100,2020-11-12 21:25:00,WIX
256.0,256.0,256.0,256.0,798,2020-11-13 00:50:00,WIX
259.36,259.36,259.36,259.36,100,2020-11-13 12:30:00,WIX
259.34,259.35,259.34,259.35,200,2020-11-13 12:35:00,WIX
258.32,258.32,258.32,258.32,200,2020-11-13 13:25:00,WIX
257.0,257.0,257.0,257.0,140,2020-11-13 13:35:00,WIX
257.0,257.0,256.01,256.01,817,2020-11-13 14:25:00,WIX
255.76,256.98,248.5,250.02,28084,2020-11-13 14:30:00,WIX
250.01,251.17,247.0,251.09,8341,2020-11-13 14:35:00,WIX
251.78,252.66,250.69,251.32,9434,2020-11-13 14:40:00,WIX
251.1,252.67,250.92,251.36,4054,2020-11-13 14:45:00,WIX
251.29,252.85,250.46,251.3199,3905,2020-11-13 14:50:00,WIX
251.78,253.44,251.21,251.26,5812,2020-11-13 14:55:00,WIX
251.0,251.26,249.22,250.98,8852,2020-11-13 15:00:00,WIX
250.1465,251.72,248.79,250.91,8517,2020-11-13 15:05:00,WIX
251.025,251.6,250.0354,251.59,20002,2020-11-13 15:10:00,WIX
251.69,251.7,249.51,250.505,9382,2020-11-13 15:15:00,WIX
250.51,251.57,250.51,251.045,2415,2020-11-13 15:20:00,WIX
250.14,250.5,249.25,250.2714,1883,2020-11-13 15:25:00,WIX
249.895,250.59,248.5,248.69,8562,2020-11-13 15:30:00,WIX
248.5,249.16,248.48,248.99,5331,2020-11-13 15:35:00,WIX
249.08,249.65,248.06,248.06,3848,2020-11-13 15:40:00,WIX
248.37,249.09,248.0,248.82,1993,2020-11-13 15:45:00,WIX
248.82,248.82,246.13,247.17,8947,2020-11-13 15:50:00,WIX
247.045,247.045,244.4,245.31,10068,2020-11-13 15:55:00,WIX
245.925,246.465,245.03,246.055,4827,2020-11-13 16:00:00,WIX
245.61,247.2,245.61,246.05,18540,2020-11-13 16:05:00,WIX
245.93,247.28,245.4,245.78,8432,2020-11-13 16:10:00,WIX
246.47,248.23,246.39,247.785,3713,2020-11-13 16:15:00,WIX
247.265,248.0,247.25,247.64,3354,2020-11-13 16:20:00,WIX
247.65,247.9294,246.58,247.2,3613,2020-11-13 16:25:00,WIX
247.37,247.37,245.2526,245.5,6312,2020-11-13 16:30:00,WIX
245.15,246.55,245.15,246.55,8140,2020-11-13 16:35:00,WIX
246.11,246.2485,245.4,245.4,1550,2020-11-13 16:40:00,WIX
245.7,246.4262,245.46,245.774,3715,2020-11-13 16:45:00,WIX
245.95,245.95,245.28,245.71,1333,2020-11-13 16:50:00,WIX
245.6,246.59,245.15,246.0,9634,2020-11-13 16:55:00,WIX
246.03,246.66,245.49,246.3589,16694,2020-11-13 17:00:00,WIX
246.39,246.39,245.13,245.13,2289,2020-11-13 17:05:00,WIX
245.17,245.6351,244.4,244.58,3526,2020-11-13 17:10:00,WIX
244.0,244.85,243.86,244.675,3567,2020-11-13 17:15:00,WIX
244.455,244.5903,243.7,244.0138,5068,2020-11-13 17:20:00,WIX
244.129,245.165,244.129,244.5638,2300,2020-11-13 17:25:00,WIX
244.375,244.9386,243.945,244.37,1881,2020-11-13 17:30:00,WIX
244.13,244.978,244.13,244.978,2000,2020-11-13 17:35:00,WIX
244.26,244.41,243.98,244.06,3080,2020-11-13 17:40:00,WIX
244.37,244.88,243.59,243.91,12056,2020-11-13 17:45:00,WIX
244.27,244.27,242.55,242.59,5877,2020-11-13 17:50:00,WIX
242.3601,244.06,242.3601,243.64,4690,2020-11-13 17:55:00,WIX
243.98,243.98,243.25,243.52,3536,2020-11-13 18:00:00,WIX
243.51,244.67,243.24,244.035,3300,2020-11-13 18:05:00,WIX
244.32,244.32,243.75,243.81,1700,2020-11-13 18:10:00,WIX
243.78,243.94,243.01,243.775,4219,2020-11-13 18:15:00,WIX
243.95,246.99,243.95,246.0,10294,2020-11-13 18:20:00,WIX
245.99,247.97,245.6301,247.97,7095,2020-11-13 18:25:00,WIX
247.5567,247.56,246.91,247.49,5075,2020-11-13 18:30:00,WIX
246.95,247.66,246.39,247.66,5672,2020-11-13 18:35:00,WIX
247.205,247.79,247.13,247.42,3201,2020-11-13 18:40:00,WIX
247.14,247.7399,246.94,247.115,2460,2020-11-13 18:45:00,WIX
247.25,248.51,246.98,248.005,5822,2020-11-13 18:50:00,WIX
247.965,248.99,247.73,248.52,5305,2020-11-13 18:55:00,WIX
248.53,248.53,247.4,247.4,4123,2020-11-13 19:00:00,WIX
247.225,247.5712,245.7,246.21,6302,2020-11-13 19:05:00,WIX
245.75,245.88,244.81,244.81,2668,2020-11-13 19:10:00,WIX
244.965,245.26,244.58,245.115,3669,2020-11-13 19:15:00,WIX
245.32,245.775,245.135,245.265,4061,2020-11-13 19:20:00,WIX
245.19,245.6385,244.5,244.5,3833,2020-11-13 19:25:00,WIX
244.565,244.75,244.21,244.43,4667,2020-11-13 19:30:00,WIX
244.43,246.7629,244.24,246.335,4310,2020-11-13 19:35:00,WIX
246.42,246.44,245.6873,245.83,2759,2020-11-13 19:40:00,WIX
245.5186,245.75,244.73,244.73,4536,2020-11-13 19:45:00,WIX
244.81,244.9453,244.18,244.18,900,2020-11-13 19:50:00,WIX
244.18,245.42,244.18,244.53,7016,2020-11-13 19:55:00,WIX
244.56,245.65,244.56,245.595,5936,2020-11-13 20:00:00,WIX
245.59,245.59,245.21,245.29,2500,2020-11-13 20:05:00,WIX
245.46,245.56,244.6,244.8,9085,2020-11-13 20:10:00,WIX
244.7,245.445,243.83,245.365,20075,2020-11-13 20:15:00,WIX
245.365,246.015,245.08,245.6,17656,2020-11-13 20:20:00,WIX
245.8,246.13,245.6,245.6,4024,2020-11-13 20:25:00,WIX
245.61,246.01,245.51,245.555,7254,2020-11-13 20:30:00,WIX
245.46,245.46,244.265,244.955,18613,2020-11-13 20:35:00,WIX
244.99,245.11,243.9,244.7,12806,2020-11-13 20:40:00,WIX
244.72,244.83,244.185,244.52,13503,2020-11-13 20:45:00,WIX
244.31,244.89,243.28,243.28,29230,2020-11-13 20:50:00,WIX
243.19,245.25,243.19,244.56,61807,2020-11-13 20:55:00,WIX
244.26,244.26,244.26,244.26,24319,2020-11-13 21:00:00,WIX
244.26,244.5,244.26,244.5,5066,2020-11-13 21:10:00,WIX
244.5,244.5,244.5,244.5,100,2020-11-13 21:45:00,WIX
244.52,244.52,244.52,244.52,161,2020-11-13 23:50:00,WIX
243.8,243.8,243.8,243.8,245,2020-11-16 12:05:00,WIX
243.51,243.51,241.0,241.0,810,2020-11-16 13:05:00,WIX
240.0019,240.0019,240.0019,240.0019,150,2020-11-16 13:10:00,WIX
242.0,242.0,240.102,240.102,272,2020-11-16 13:30:00,WIX
240.99,240.99,240.99,240.99,100,2020-11-16 14:15:00,WIX
239.15,240.11,239.15,240.11,600,2020-11-16 14:25:00,WIX
238.7,242.0,233.2301,235.36,39214,2020-11-16 14:30:00,WIX
234.69,240.84,233.76,240.04,29686,2020-11-16 14:35:00,WIX
241.03,242.03,240.2,240.7,20479,2020-11-16 14:40:00,WIX
240.695,241.2,238.61,239.0,9698,2020-11-16 14:45:00,WIX
239.095,239.41,236.62,237.92,6410,2020-11-16 14:50:00,WIX
237.12,238.345,236.59,237.0627,5569,2020-11-16 14:55:00,WIX
237.0222,238.77,236.66,238.77,11241,2020-11-16 15:00:00,WIX
237.97,238.51,237.5,238.475,12276,2020-11-16 15:05:00,WIX
238.4798,238.74,238.03,238.69,3637,2020-11-16 15:10:00,WIX
239.0,240.99,238.36,239.05,8482,2020-11-16 15:15:00,WIX
239.39,240.55,239.04,240.0,5678,2020-11-16 15:20:00,WIX
240.0,240.45,239.09,239.7775,7436,2020-11-16 15:25:00,WIX
239.99,240.47,239.93,240.0705,2786,2020-11-16 15:30:00,WIX
240.085,240.36,238.0,238.0,5374,2020-11-16 15:35:00,WIX
237.78,238.97,237.64,238.73,3157,2020-11-16 15:40:00,WIX
239.11,239.83,238.59,239.83,2300,2020-11-16 15:45:00,WIX
239.58,240.24,239.37,240.2,11679,2020-11-16 15:50:00,WIX
240.5,240.5,239.2,239.824,3551,2020-11-16 15:55:00,WIX
239.78,239.95,239.61,239.66,1768,2020-11-16 16:00:00,WIX
239.18,239.18,237.58,238.48,8606,2020-11-16 16:05:00,WIX
238.505,239.25,238.505,239.03,4445,2020-11-16 16:10:00,WIX
238.8,238.8,237.6,237.8,3094,2020-11-16 16:15:00,WIX
238.07,238.36,237.22,238.36,5724,2020-11-16 16:20:00,WIX
238.62,239.02,237.67,238.5,8300,2020-11-16 16:25:00,WIX
238.69,239.095,238.21,238.6,9419,2020-11-16 16:30:00,WIX
238.95,240.5,238.875,239.9044,1948,2020-11-16 16:35:00,WIX
239.89,240.44,239.78,240.09,1424,2020-11-16 16:40:00,WIX
239.8001,240.84,239.8,239.8,6732,2020-11-16 16:45:00,WIX
240.21,241.72,240.03,241.275,29940,2020-11-16 16:50:00,WIX
241.43,242.14,241.25,241.92,12030,2020-11-16 16:55:00,WIX
241.88,242.81,241.88,242.075,4050,2020-11-16 17:00:00,WIX
242.1648,242.3801,241.19,241.19,2700,2020-11-16 17:05:00,WIX
241.315,241.92,241.2905,241.41,2425,2020-11-16 17:10:00,WIX
241.35,241.51,241.35,241.3579,750,2020-11-16 17:15:00,WIX
241.45,241.54,241.19,241.54,971,2020-11-16 17:20:00,WIX
241.46,242.09,241.46,241.5901,3193,2020-11-16 17:25:00,WIX
241.69,241.76,241.15,241.22,2342,2020-11-16 17:30:00,WIX
240.93,241.02,240.47,240.83,2187,2020-11-16 17:35:00,WIX
240.92,241.25,240.25,240.4,3565,2020-11-16 17:40:00,WIX
240.5,242.38,240.5,241.38,6178,2020-11-16 17:45:00,WIX
241.54,241.77,241.18,241.7,10270,2020-11-16 17:50:00,WIX
241.54,242.35,241.34,242.35,2284,2020-11-16 17:55:00,WIX
242.2502,242.69,242.0,242.0,4196,2020-11-16 18:00:00,WIX
241.77,242.73,241.77,242.4484,1669,2020-11-16 18:05:00,WIX
242.58,243.7,242.58,242.92,4571,2020-11-16 18:10:00,WIX
242.95,243.7,242.9101,243.61,1470,2020-11-16 18:15:00,WIX
243.4783,244.105,243.45,243.76,3543,2020-11-16 18:20:00,WIX
243.68,243.72,243.28,243.36,2583,2020-11-16 18:25:00,WIX
243.238,244.0,243.0,244.0,2245,2020-11-16 18:30:00,WIX
244.205,245.0,244.0135,244.88,3991,2020-11-16 18:35:00,WIX
244.87,245.38,244.4,245.38,6303,2020-11-16 18:40:00,WIX
244.7501,245.68,244.7501,245.28,1706,2020-11-16 18:45:00,WIX
244.8,245.59,244.445,245.23,10493,2020-11-16 18:50:00,WIX
245.29,246.15,244.6109,244.65,5806,2020-11-16 18:55:00,WIX
244.65,244.8,244.0,244.0,1200,2020-11-16 19:00:00,WIX
244.04,244.55,243.73,244.55,6104,2020-11-16 19:05:00,WIX
244.62,245.04,244.2,244.44,7562,2020-11-16 19:10:00,WIX
244.24,244.44,243.85,243.92,1270,2020-11-16 19:15:00,WIX
243.715,244.375,243.55,244.375,2762,2020-11-16 19:20:00,WIX
244.16,244.52,243.84,244.14,800,2020-11-16 19:25:00,WIX
244.06,244.08,243.27,243.89,4939,2020-11-16 19:30:00,WIX
243.85,243.85,243.29,243.85,1366,2020-11-16 19:35:00,WIX
243.42,243.88,243.06,243.29,1868,2020-11-16 19:40:00,WIX
243.2506,243.77,242.89,242.89,1686,2020-11-16 19:45:00,WIX
243.09,243.18,242.55,242.88,2427,2020-11-16 19:50:00,WIX
242.721,243.35,242.69,242.71,2918,2020-11-16 19:55:00,WIX
243.08,243.23,242.69,242.71,3170,2020-11-16 20:00:00,WIX
242.56,242.89,242.55,242.63,5400,2020-11-16 20:05:00,WIX
242.47,242.6119,241.65,242.58,4133,2020-11-16 20:10:00,WIX
242.26,243.07,242.07,242.51,2610,2020-11-16 20:15:00,WIX
242.35,242.41,241.77,242.045,3173,2020-11-16 20:20:00,WIX
241.91,242.11,240.61,240.97,5866,2020-11-16 20:25:00,WIX
241.08,241.08,240.0,240.93,11618,2020-11-16 20:30:00,WIX
240.54,241.83,240.54,241.0,11341,2020-11-16 20:35:00,WIX
241.0,241.47,240.89,241.445,13531,2020-11-16 20:40:00,WIX
241.445,241.67,240.61,240.81,19868,2020-11-16 20:45:00,WIX
240.58,243.26,240.41,241.43,63984,2020-11-16 20:50:00,WIX
241.43,242.25,241.1,241.38,51296,2020-11-16 20:55:00,WIX
241.44,241.44,241.44,241.44,44006,2020-11-16 21:00:00,WIX
241.44,241.44,241.44,241.44,26152,2020-11-16 21:45:00,WIX
242.01,242.01,242.01,242.01,200,2020-11-16 22:55:00,WIX
241.55,241.55,241.55,241.55,100,2020-11-16 23:45:00,WIX
244.3543,244.3543,244.3543,244.3543,500,2020-11-17 13:55:00,WIX
245.7999,245.7999,245.7999,245.7999,161,2020-11-17 14:20:00,WIX
248.25,248.25,245.8,248.08,2095,2020-11-17 14:25:00,WIX
249.09,251.93,247.64,248.85,29845,2020-11-17 14:30:00,WIX
249.46,250.9899,248.12,248.695,6740,2020-11-17 14:35:00,WIX
248.45,250.9148,248.16,248.86,7665,2020-11-17 14:40:00,WIX
249.2679,249.8,248.03,249.165,4800,2020-11-17 14:45:00,WIX
249.165,249.165,247.5,248.88,7120,2020-11-17 14:50:00,WIX
248.88,249.5797,246.38,246.38,9238,2020-11-17 14:55:00,WIX
246.97,247.85,245.01,245.35,5058,2020-11-17 15:00:00,WIX
245.35,246.44,244.64,246.43,2942,2020-11-17 15:05:00,WIX
247.68,248.4955,247.67,247.69,2634,2020-11-17 15:10:00,WIX
247.69,247.69,246.67,246.99,5560,2020-11-17 15:15:00,WIX
246.515,248.62,246.355,246.84,6069,2020-11-17 15:20:00,WIX
247.67,248.23,247.18,247.96,12063,2020-11-17 15:25:00,WIX
247.51,248.58,246.59,246.635,4000,2020-11-17 15:30:00,WIX
247.3287,248.95,246.95,248.64,4701,2020-11-17 15:35:00,WIX
248.64,249.35,248.365,249.05,4515,2020-11-17 15:40:00,WIX
249.3,249.4,248.46,248.78,3451,2020-11-17 15:45:00,WIX
248.525,249.13,248.31,248.74,3018,2020-11-17 15:50:00,WIX
249.05,249.34,248.25,248.555,5611,2020-11-17 15:55:00,WIX
248.565,248.6025,247.495,248.115,6198,2020-11-17 16:00:00,WIX
248.145,248.635,247.28,248.075,1904,2020-11-17 16:05:00,WIX
247.87,247.975,247.13,247.81,1300,2020-11-17 16:10:00,WIX
247.3,247.6,245.42,246.315,3967,2020-11-17 16:15:00,WIX
247.04,247.04,245.02,245.735,2153,2020-11-17 16:20:00,WIX
245.11,245.845,244.3901,245.21,3890,2020-11-17 16:25:00,WIX
245.0,245.3859,244.0,244.85,9260,2020-11-17 16:30:00,WIX
244.89,245.49,244.7,245.33,8078,2020-11-17 16:35:00,WIX
245.33,246.6899,245.03,245.78,2544,2020-11-17 16:40:00,WIX
246.1855,246.1855,245.32,245.44,1527,2020-11-17 16:45:00,WIX
245.645,246.09,245.22,245.4,1200,2020-11-17 16:50:00,WIX
245.76,247.76,245.76,247.22,1899,2020-11-17 16:55:00,WIX
247.4296,247.85,247.29,247.75,2273,2020-11-17 17:00:00,WIX
247.88,248.18,247.52,247.73,1900,2020-11-17 17:05:00,WIX
247.685,248.06,247.55,248.005,1500,2020-11-17 17:10:00,WIX
247.9,248.28,247.415,247.415,2897,2020-11-17 17:15:00,WIX
247.15,247.15,246.36,246.945,700,2020-11-17 17:20:00,WIX
246.995,247.78,246.61,246.74,1900,2020-11-17 17:25:00,WIX
247.41,247.41,246.88,246.88,2110,2020-11-17 17:30:00,WIX
247.24,247.47,246.9,247.115,1500,2020-11-17 17:35:00,WIX
246.5,247.05,246.4,246.4,1125,2020-11-17 17:40:00,WIX
246.465,246.64,245.7,246.0583,1500,2020-11-17 17:45:00,WIX
245.9,246.33,245.68,245.81,4200,2020-11-17 17:50:00,WIX
245.795,246.34,245.0,245.65,16459,2020-11-17 17:55:00,WIX
245.635,246.35,245.555,246.336,4691,2020-11-17 18:00:00,WIX
246.01,246.2697,245.46,245.67,2544,2020-11-17 18:05:00,WIX
245.67,246.0394,245.33,245.51,3900,2020-11-17 18:10:00,WIX
245.52,246.19,245.46,245.71,2600,2020-11-17 18:15:00,WIX
245.75,246.22,245.615,246.15,2044,2020-11-17 18:20:00,WIX
246.15,246.33,245.945,245.9767,2155,2020-11-17 18:25:00,WIX
246.11,246.11,245.505,245.89,2300,2020-11-17 18:30:00,WIX
245.665,245.8975,245.05,245.69,5200,2020-11-17 18:35:00,WIX
245.6,245.6,245.0,245.15,2100,2020-11-17 18:40:00,WIX
245.0,245.25,244.57,245.08,3462,2020-11-17 18:45:00,WIX
244.93,245.08,244.88,244.88,1400,2020-11-17 18:50:00,WIX
244.83,245.27,244.56,245.27,5515,2020-11-17 18:55:00,WIX
245.41,245.9199,245.34,245.435,9436,2020-11-17 19:00:00,WIX
245.435,246.85,245.435,246.03,3548,2020-11-17 19:05:00,WIX
246.82,247.495,246.73,247.28,2335,2020-11-17 19:10:00,WIX
247.47,247.47,246.935,247.15,2800,2020-11-17 19:15:00,WIX
247.0,247.34,247.0,247.34,725,2020-11-17 19:20:00,WIX
247.19,247.4671,246.81,246.99,2700,2020-11-17 19:25:00,WIX
247.4481,247.56,247.07,247.23,3853,2020-11-17 19:30:00,WIX
247.445,247.96,247.34,247.77,1100,2020-11-17 19:35:00,WIX
247.58,247.74,247.42,247.7,1600,2020-11-17 19:40:00,WIX
247.56,247.6,246.66,246.86,2622,2020-11-17 19:45:00,WIX
246.865,247.25,246.43,247.25,2572,2020-11-17 19:50:00,WIX
247.44,248.095,247.44,248.095,3791,2020-11-17 19:55:00,WIX
248.155,248.38,247.09,247.31,4000,2020-11-17 20:00:00,WIX
247.2815,247.57,247.11,247.285,2300,2020-11-17 20:05:00,WIX
247.29,247.36,246.59,246.875,2900,2020-11-17 20:10:00,WIX
247.01,247.8,247.01,247.62,2200,2020-11-17 20:15:00,WIX
247.52,248.31,247.426,247.9,5217,2020-11-17 20:20:00,WIX
247.92,248.015,247.14,248.015,3072,2020-11-17 20:25:00,WIX
247.7,247.9,247.3,247.51,3772,2020-11-17 20:30:00,WIX
247.505,248.1,246.77,248.1,14772,2020-11-17 20:35:00,WIX
248.32,248.32,246.95,247.28,9810,2020-11-17 20:40:00,WIX
246.9944,247.98,246.91,247.6725,7550,2020-11-17 20:45:00,WIX
247.4,248.63,247.22,247.68,10909,2020-11-17 20:50:00,WIX
247.575,249.98,247.575,248.8,51776,2020-11-17 20:55:00,WIX
249.05,249.05,249.05,249.05,28745,2020-11-17 21:00:00,WIX
249.05,249.05,249.05,249.05,245,2020-11-17 21:55:00,WIX
248.24,248.24,248.24,248.24,100,2020-11-17 23:50:00,WIX
249.05,251.48,249.05,250.69,19822,2020-11-18 14:30:00,WIX
251.6,253.48,250.75,253.35,5244,2020-11-18 14:35:00,WIX
253.3,253.3,250.84,252.35,2295,2020-11-18 14:40:00,WIX
251.08,252.65,248.5626,248.76,7090,2020-11-18 14:45:00,WIX
249.125,250.7299,248.34,250.7299,2143,2020-11-18 14:50:00,WIX
249.08,250.03,248.32,248.5,5690,2020-11-18 14:55:00,WIX
248.97,248.97,247.01,247.4542,3409,2020-11-18 15:00:00,WIX
247.37,248.99,247.01,247.75,4432,2020-11-18 15:05:00,WIX
248.02,248.79,247.81,247.82,2595,2020-11-18 15:10:00,WIX
248.61,248.61,246.135,246.687,3296,2020-11-18 15:15:00,WIX
246.1972,246.57,245.1,245.1,2885,2020-11-18 15:20:00,WIX
245.4603,245.725,244.4,245.43,12799,2020-11-18 15:25:00,WIX
246.02,246.34,245.31,245.43,4379,2020-11-18 15:30:00,WIX
244.87,245.605,244.835,245.605,6320,2020-11-18 15:35:00,WIX
245.62,246.41,245.62,246.06,1600,2020-11-18 15:40:00,WIX
245.99,247.33,245.96,245.96,5862,2020-11-18 15:45:00,WIX
246.28,246.855,246.14,246.855,1962,2020-11-18 15:50:00,WIX
246.74,247.98,246.74,247.65,1853,2020-11-18 15:55:00,WIX
247.85,247.85,246.815,247.125,2250,2020-11-18 16:00:00,WIX
246.92,247.15,246.355,246.97,1750,2020-11-18 16:05:00,WIX
246.95,247.73,246.61,247.73,4080,2020-11-18 16:10:00,WIX
246.64,246.64,246.2042,246.2042,500,2020-11-18 16:15:00,WIX
246.23,246.47,246.205,246.47,1600,2020-11-18 16:20:00,WIX
246.38,247.01,246.31,246.61,7093,2020-11-18 16:25:00,WIX
246.67,246.83,246.12,246.18,5150,2020-11-18 16:30:00,WIX
246.43,246.65,245.9,246.65,4981,2020-11-18 16:35:00,WIX
246.66,247.27,246.5994,246.5994,8430,2020-11-18 16:40:00,WIX
246.65,246.76,246.14,246.395,5260,2020-11-18 16:45:00,WIX
246.68,246.68,245.295,245.38,2423,2020-11-18 16:50:00,WIX
245.5999,245.5999,245.0,245.265,1608,2020-11-18 16:55:00,WIX
245.565,246.0,245.5254,245.54,1588,2020-11-18 17:00:00,WIX
245.45,245.6999,245.125,245.125,2499,2020-11-18 17:05:00,WIX
245.24,245.25,244.62,244.8,4138,2020-11-18 17:10:00,WIX
244.65,245.32,244.49,245.315,2150,2020-11-18 17:15:00,WIX
245.32,245.65,245.18,245.46,1540,2020-11-18 17:20:00,WIX
245.655,246.1,245.655,246.1,2526,2020-11-18 17:25:00,WIX
246.05,246.58,245.845,246.25,3000,2020-11-18 17:30:00,WIX
246.455,246.63,246.275,246.63,3144,2020-11-18 17:35:00,WIX
246.43,246.56,246.2,246.315,2587,2020-11-18 17:40:00,WIX
246.19,247.02,246.07,246.62,3209,2020-11-18 17:45:00,WIX
246.685,246.69,245.66,245.85,2901,2020-11-18 17:50:00,WIX
245.85,246.43,245.85,246.43,1320,2020-11-18 17:55:00,WIX
246.33,246.43,245.89,246.43,2000,2020-11-18 18:00:00,WIX
246.44,247.43,246.06,247.4,4618,2020-11-18 18:05:00,WIX
247.18,247.335,246.8,247.335,2000,2020-11-18 18:10:00,WIX
247.44,247.69,246.99,247.21,8316,2020-11-18 18:15:00,WIX
247.3,247.73,247.3,247.62,1628,2020-11-18 18:20:00,WIX
248.0363,248.135,247.36,247.36,1450,2020-11-18 18:25:00,WIX
247.5,247.6,247.41,247.56,1207,2020-11-18 18:30:00,WIX
247.41,247.665,247.21,247.41,1007,2020-11-18 18:35:00,WIX
247.5263,248.19,247.315,248.05,3458,2020-11-18 18:40:00,WIX
248.19,248.39,247.41,247.41,1762,2020-11-18 18:45:00,WIX
247.37,247.4,247.0,247.15,1303,2020-11-18 18:50:00,WIX
247.14,247.31,247.135,247.24,1400,2020-11-18 18:55:00,WIX
247.12,247.905,247.0,247.51,2768,2020-11-18 19:00:00,WIX
247.55,248.21,247.55,248.21,1191,2020-11-18 19:05:00,WIX
248.175,248.175,247.68,247.68,1000,2020-11-18 19:10:00,WIX
247.65,247.7888,247.12,247.595,2826,2020-11-18 19:15:00,WIX
247.59,248.0,247.59,247.905,1250,2020-11-18 19:20:00,WIX
247.78,248.52,247.78,247.91,7813,2020-11-18 19:25:00,WIX
248.3,248.96,248.3,248.96,1101,2020-11-18 19:30:00,WIX
249.0444,249.79,248.415,249.605,17677,2020-11-18 19:35:00,WIX
249.605,249.605,249.16,249.36,5143,2020-11-18 19:40:00,WIX
249.64,250.81,249.64,250.315,4815,2020-11-18 19:45:00,WIX
250.57,251.0,250.47,250.835,12209,2020-11-18 19:50:00,WIX
250.76,250.8,250.21,250.47,2000,2020-11-18 19:55:00,WIX
250.385,250.57,250.22,250.22,5512,2020-11-18 20:00:00,WIX
250.36,250.38,249.0,249.02,9798,2020-11-18 20:05:00,WIX
249.0,250.63,247.8989,250.63,54405,2020-11-18 20:10:00,WIX
250.705,250.88,250.03,250.24,1845,2020-11-18 20:15:00,WIX
250.05,250.47,249.61,249.79,2100,2020-11-18 20:20:00,WIX
250.05,250.07,249.64,250.0,1900,2020-11-18 20:25:00,WIX
250.09,250.51,249.73,250.33,2964,2020-11-18 20:30:00,WIX
250.01,250.01,248.84,249.54,3600,2020-11-18 20:35:00,WIX
249.65,249.65,248.71,248.87,3713,2020-11-18 20:40:00,WIX
248.85,249.75,248.81,249.2525,6658,2020-11-18 20:45:00,WIX
249.49,249.68,248.48,248.55,6512,2020-11-18 20:50:00,WIX
248.66,249.58,248.03,248.15,15325,2020-11-18 20:55:00,WIX
248.17,248.17,248.17,248.17,25452,2020-11-18 21:00:00,WIX
247.24,247.24,247.24,247.24,3000,2020-11-18 21:15:00,WIX
248.0,248.0,248.0,248.0,100,2020-11-18 23:30:00,WIX
250.05,252.23,248.01,251.85,16586,2020-11-19 14:30:00,WIX
251.36,252.82,250.46,251.2525,8004,2020-11-19 14:35:00,WIX
251.39,252.61,250.81,252.61,5937,2020-11-19 14:40:00,WIX
252.61,252.61,251.02,251.06,4118,2020-11-19 14:45:00,WIX
251.4331,253.65,251.4331,253.65,6907,2020-11-19 14:50:00,WIX
253.49,254.9,253.25,254.44,4717,2020-11-19 14:55:00,WIX
254.9,255.41,253.84,253.99,2714,2020-11-19 15:00:00,WIX
253.95,255.625,253.6,255.625,2839,2020-11-19 15:05:00,WIX
255.26,255.26,254.0,254.3108,3807,2020-11-19 15:10:00,WIX
254.32,254.63,253.84,254.24,2260,2020-11-19 15:15:00,WIX
254.19,254.4475,253.655,254.09,1562,2020-11-19 15:20:00,WIX
253.9101,255.0,253.9101,254.5,6635,2020-11-19 15:25:00,WIX
254.47,255.0,253.7,253.9221,4671,2020-11-19 15:30:00,WIX
254.145,255.0,253.6,254.535,6347,2020-11-19 15:35:00,WIX
254.425,254.745,254.31,254.31,1593,2020-11-19 15:40:00,WIX
254.44,254.62,253.32,254.62,8970,2020-11-19 15:45:00,WIX
254.6,255.0,254.18,254.4,22178,2020-11-19 15:50:00,WIX
254.54,254.79,254.54,254.79,400,2020-11-19 15:55:00,WIX
254.6996,255.5,254.6996,255.5,5430,2020-11-19 16:00:00,WIX
255.595,255.68,254.42,254.79,9937,2020-11-19 16:05:00,WIX
254.49,254.81,254.39,254.81,917,2020-11-19 16:10:00,WIX
254.9325,255.625,254.72,255.625,2165,2020-11-19 16:15:00,WIX
255.63,256.425,255.63,256.285,3505,2020-11-19 16:20:00,WIX
256.09,256.91,256.0,256.9,1600,2020-11-19 16:25:00,WIX
257.0,257.5,256.74,256.74,4367,2020-11-19 16:30:00,WIX
256.92,257.33,256.92,257.07,2850,2020-11-19 16:35:00,WIX
257.175,257.6922,256.86,256.86,2514,2020-11-19 16:40:00,WIX
256.67,257.17,256.63,257.17,1601,2020-11-19 16:45:00,WIX
257.06,257.06,256.8,256.8,1610,2020-11-19 16:50:00,WIX
257.0,258.075,256.84,258.04,4590,2020-11-19 16:55:00,WIX
258.06,258.5,257.3,257.3,4058,2020-11-19 17:00:00,WIX
256.94,257.975,256.94,257.74,2655,2020-11-19 17:05:00,WIX
257.59,257.72,257.27,257.5,1438,2020-11-19 17:10:00,WIX
257.58,257.58,257.12,257.27,3359,2020-11-19 17:15:00,WIX
257.225,257.63,256.825,257.14,5707,2020-11-19 17:20:00,WIX
257.08,257.5,257.045,257.045,10220,2020-11-19 17:25:00,WIX
257.0,257.23,256.55,256.55,8038,2020-11-19 17:30:00,WIX
256.65,256.9,256.43,256.43,5123,2020-11-19 17:35:00,WIX
256.7,256.84,255.44,255.48,9363,2020-11-19 17:40:00,WIX
255.13,255.13,254.19,254.82,1737,2020-11-19 17:45:00,WIX
254.33,254.73,254.289,254.635,1600,2020-11-19 17:50:00,WIX
254.68,255.17,254.53,255.1563,2534,2020-11-19 17:55:00,WIX
255.16,255.95,254.875,255.6505,9393,2020-11-19 18:00:00,WIX
256.0,256.22,255.51,255.97,6361,2020-11-19 18:05:00,WIX
255.88,256.09,255.705,256.03,1600,2020-11-19 18:10:00,WIX
255.83,257.2,255.56,257.15,6614,2020-11-19 18:15:00,WIX
257.06,257.33,256.405,256.405,5207,2020-11-19 18:20:00,WIX
257.23,258.12,257.13,257.77,2373,2020-11-19 18:25:00,WIX
257.375,257.87,257.375,257.8126,320,2020-11-19 18:30:00,WIX
257.83,257.8712,257.83,257.8712,255,2020-11-19 18:35:00,WIX
257.83,257.88,256.85,256.85,1400,2020-11-19 18:40:00,WIX
257.06,257.06,256.08,256.19,2027,2020-11-19 18:45:00,WIX
256.51,256.9202,256.46,256.9202,642,2020-11-19 18:50:00,WIX
256.53,256.9,256.53,256.66,700,2020-11-19 18:55:00,WIX
256.521,256.521,255.725,255.8,2170,2020-11-19 19:00:00,WIX
256.125,256.43,255.88,255.88,6300,2020-11-19 19:05:00,WIX
255.83,256.07,255.685,255.685,400,2020-11-19 19:10:00,WIX
255.87,256.35,255.87,256.32,500,2020-11-19 19:15:00,WIX
256.545,256.545,256.21,256.21,818,2020-11-19 19:20:00,WIX
256.665,256.665,256.505,256.535,400,2020-11-19 19:25:00,WIX
256.955,257.03,256.5,257.03,720,2020-11-19 19:30:00,WIX
257.175,257.34,256.56,257.2915,1547,2020-11-19 19:35:00,WIX
257.29,257.39,256.96,256.96,912,2020-11-19 19:40:00,WIX
257.3,257.3,256.23,256.55,9162,2020-11-19 19:50:00,WIX
256.73,256.965,256.5006,256.965,700,2020-11-19 19:55:00,WIX
256.8825,256.95,256.46,256.46,2732,2020-11-19 20:00:00,WIX
256.36,256.85,256.3,256.44,3903,2020-11-19 20:05:00,WIX
256.47,256.68,256.2,256.68,7054,2020-11-19 20:10:00,WIX
256.59,256.79,256.295,256.79,10311,2020-11-19 20:15:00,WIX
256.72,256.72,256.43,256.62,2115,2020-11-19 20:20:00,WIX
256.57,256.59,256.24,256.44,8676,2020-11-19 20:25:00,WIX
256.495,256.85,256.115,256.85,5046,2020-11-19 20:30:00,WIX
256.85,257.36,256.67,257.02,3715,2020-11-19 20:35:00,WIX
257.23,257.5,256.99,257.5,5802,2020-11-19 20:40:00,WIX
257.49,258.28,257.333,257.66,12148,2020-11-19 20:45:00,WIX
257.15,257.7499,256.88,257.16,16857,2020-11-19 20:50:00,WIX
257.2,257.75,257.03,257.65,31286,2020-11-19 20:55:00,WIX
257.34,258.4899,257.34,258.4899,21626,2020-11-19 21:00:00,WIX
257.75,257.75,257.75,257.75,43200,2020-11-20 14:10:00,WIX
259.29,259.38,256.05,257.35,16050,2020-11-20 14:30:00,WIX
257.41,258.36,254.47,255.13,7600,2020-11-20 14:35:00,WIX
254.98,258.82,254.98,257.45,8632,2020-11-20 14:40:00,WIX
257.465,258.025,257.4,257.645,1914,2020-11-20 14:45:00,WIX
257.395,257.395,256.05,256.05,1821,2020-11-20 14:50:00,WIX
255.87,256.715,254.5359,255.95,20258,2020-11-20 14:55:00,WIX
255.95,257.22,255.95,257.19,9281,2020-11-20 15:00:00,WIX
257.76,258.885,257.76,258.82,3500,2020-11-20 15:05:00,WIX
258.788,258.788,256.33,256.3957,13746,2020-11-20 15:10:00,WIX
256.37,258.015,256.37,258.015,5152,2020-11-20 15:15:00,WIX
257.9,259.58,257.9,259.295,3005,2020-11-20 15:20:00,WIX
259.25,260.41,259.25,259.85,5256,2020-11-20 15:25:00,WIX
259.51,259.51,258.34,259.1,3546,2020-11-20 15:30:00,WIX
259.0,259.59,258.85,258.85,2910,2020-11-20 15:35:00,WIX
258.895,258.965,257.73,257.73,6924,2020-11-20 15:40:00,WIX
257.43,257.93,257.25,257.35,2825,2020-11-20 15:45:00,WIX
256.935,257.57,256.93,257.1,1020,2020-11-20 15:50:00,WIX
256.95,256.95,256.595,256.595,800,2020-11-20 15:55:00,WIX
256.22,256.77,256.22,256.33,1000,2020-11-20 16:00:00,WIX
256.0125,256.89,256.0125,256.755,3700,2020-11-20 16:05:00,WIX
256.72,257.0,256.72,256.89,1400,2020-11-20 16:10:00,WIX
256.89,258.0,256.845,257.255,3700,2020-11-20 16:15:00,WIX
256.85,257.11,256.0502,256.695,2200,2020-11-20 16:20:00,WIX
256.83,256.985,256.63,256.67,1700,2020-11-20 16:25:00,WIX
256.815,258.38,256.34,258.38,1900,2020-11-20 16:30:00,WIX
258.24,259.155,258.24,259.155,1088,2020-11-20 16:35:00,WIX
259.08,259.08,258.68,259.04,1800,2020-11-20 16:40:00,WIX
259.24,259.79,259.1,259.41,2500,2020-11-20 16:45:00,WIX
259.0388,259.17,258.48,258.79,2517,2020-11-20 16:50:00,WIX
258.37,259.06,258.19,258.19,1600,2020-11-20 16:55:00,WIX
258.59,259.05,258.28,258.67,1500,2020-11-20 17:00:00,WIX
258.65,258.65,258.28,258.486,1000,2020-11-20 17:05:00,WIX
258.735,258.9594,258.34,258.9594,5671,2020-11-20 17:10:00,WIX
258.77,259.13,258.615,259.13,4439,2020-11-20 17:15:00,WIX
258.91,259.39,258.87,259.39,1500,2020-11-20 17:20:00,WIX
259.36,259.6926,259.305,259.5468,720,2020-11-20 17:25:00,WIX
259.45,259.45,259.27,259.27,881,2020-11-20 17:30:00,WIX
259.0,260.3,258.58,260.3,4071,2020-11-20 17:35:00,WIX
259.97,260.284,259.595,260.17,4069,2020-11-20 17:40:00,WIX
260.14,260.65,260.1235,260.36,1606,2020-11-20 17:45:00,WIX
260.21,260.4225,260.035,260.035,900,2020-11-20 17:50:00,WIX
260.16,260.5,260.16,260.5,671,2020-11-20 17:55:00,WIX
259.93,260.055,259.425,259.46,2295,2020-11-20 18:00:00,WIX
259.345,259.55,259.22,259.51,1000,2020-11-20 18:10:00,WIX
259.53,259.53,258.97,259.34,500,2020-11-20 18:15:00,WIX
259.315,259.86,259.19,259.3979,2813,2020-11-20 18:20:00,WIX
259.72,259.87,259.59,259.8,1434,2020-11-20 18:25:00,WIX
259.85,259.85,259.62,259.78,1615,2020-11-20 18:30:00,WIX
260.07,260.33,259.83,260.33,862,2020-11-20 18:35:00,WIX
260.16,260.245,259.03,259.03,2049,2020-11-20 18:40:00,WIX
258.89,258.89,258.335,258.335,1000,2020-11-20 18:45:00,WIX
258.125,258.125,258.06,258.1,500,2020-11-20 18:50:00,WIX
257.88,258.5,257.86,258.49,2308,2020-11-20 18:55:00,WIX
258.5,258.735,258.5,258.735,460,2020-11-20 19:00:00,WIX
258.67,259.38,258.52,259.19,7382,2020-11-20 19:05:00,WIX
259.086,259.265,258.8234,258.8234,5813,2020-11-20 19:10:00,WIX
258.78,258.78,257.99,258.52,6224,2020-11-20 19:15:00,WIX
258.9,258.9,258.12,258.215,4024,2020-11-20 19:20:00,WIX
258.39,258.48,258.39,258.48,400,2020-11-20 19:25:00,WIX
259.07,259.2,258.64,259.13,1640,2020-11-20 19:30:00,WIX
259.35,259.5,258.77,258.77,6548,2020-11-20 19:35:00,WIX
258.73,258.96,258.125,258.555,2700,2020-11-20 19:40:00,WIX
258.4,258.4,257.96,257.96,1894,2020-11-20 19:45:00,WIX
258.02,258.096,257.3,258.0,1446,2020-11-20 19:50:00,WIX
257.83,257.83,257.0,257.1,1058,2020-11-20 19:55:00,WIX
257.41,257.45,257.19,257.195,1300,2020-11-20 20:00:00,WIX
257.02,257.575,257.02,257.575,1600,2020-11-20 20:05:00,WIX
257.46,257.495,256.67,256.7321,1840,2020-11-20 20:10:00,WIX
256.505,257.29,256.4148,256.4148,2172,2020-11-20 20:15:00,WIX
256.32,257.275,256.32,257.07,3911,2020-11-20 20:20:00,WIX
256.79,258.05,256.79,257.65,2878,2020-11-20 20:25:00,WIX
257.64,258.15,257.64,257.93,5394,2020-11-20 20:30:00,WIX
257.92,258.55,257.8,258.55,1000,2020-11-20 20:35:00,WIX
258.48,258.58,258.14,258.33,6179,2020-11-20 20:40:00,WIX
258.2441,259.48,258.2441,259.37,8034,2020-11-20 20:45:00,WIX
259.12,259.12,257.43,257.46,5767,2020-11-20 20:50:00,WIX
257.27,258.1051,256.51,256.86,26429,2020-11-20 20:55:00,WIX
256.67,256.67,256.67,256.67,16151,2020-11-20 21:00:00,WIX
256.89,256.89,256.89,256.89,100,2020-11-20 23:05:00,WIX
256.01,256.01,256.01,256.01,150,2020-11-21 00:25:00,WIX
256.89,256.89,256.89,256.89,332,2020-11-21 00:30:00,WIX
256.0,257.7723,254.1097,254.1097,10860,2020-11-23 14:30:00,WIX
254.98,255.0,253.1744,253.2334,1640,2020-11-23 14:35:00,WIX
253.2949,253.62,252.21,253.24,3632,2020-11-23 14:40:00,WIX
253.95,255.5,253.95,254.9,2550,2020-11-23 14:45:00,WIX
254.9,255.365,254.0,255.1594,3519,2020-11-23 14:50:00,WIX
254.62,255.326,254.52,254.6331,1400,2020-11-23 14:55:00,WIX
255.03,255.85,253.2745,253.67,5574,2020-11-23 15:00:00,WIX
253.0,253.065,251.28,251.56,3683,2020-11-23 15:05:00,WIX
251.13,254.295,250.725,254.295,8721,2020-11-23 15:10:00,WIX
252.7,253.0965,251.36,251.6621,2400,2020-11-23 15:15:00,WIX
251.25,251.8078,250.35,250.7911,9575,2020-11-23 15:20:00,WIX
250.3,251.7719,248.91,251.1908,6561,2020-11-23 15:25:00,WIX
250.89,252.66,250.89,252.2269,3442,2020-11-23 15:30:00,WIX
252.5,252.63,252.0,252.0,2608,2020-11-23 15:35:00,WIX
252.065,253.265,251.6274,252.155,9999,2020-11-23 15:40:00,WIX
251.96,251.96,251.6543,251.6543,300,2020-11-23 15:45:00,WIX
251.85,252.77,251.85,252.39,1163,2020-11-23 15:50:00,WIX
252.63,253.395,252.63,252.73,8141,2020-11-23 15:55:00,WIX
252.54,252.88,252.39,252.54,3707,2020-11-23 16:00:00,WIX
252.5825,252.69,252.05,252.205,2773,2020-11-23 16:05:00,WIX
251.78,252.13,250.36,250.5,2388,2020-11-23 16:10:00,WIX
250.78,250.78,250.37,250.37,3462,2020-11-23 16:15:00,WIX
250.41,251.2441,250.26,250.725,1575,2020-11-23 16:20:00,WIX
250.72,251.26,250.72,251.01,3700,2020-11-23 16:25:00,WIX
250.88,251.5,250.63,250.63,1736,2020-11-23 16:30:00,WIX
251.115,251.9,251.11,251.77,6522,2020-11-23 16:35:00,WIX
251.67,251.845,251.305,251.79,6068,2020-11-23 16:40:00,WIX
251.84,252.5727,251.75,252.5727,3876,2020-11-23 16:45:00,WIX
252.705,253.5,252.55,253.4592,3166,2020-11-23 16:50:00,WIX
253.58,254.24,253.58,254.19,900,2020-11-23 16:55:00,WIX
253.84,253.84,253.0,253.22,2500,2020-11-23 17:00:00,WIX
252.96,252.98,252.4842,252.5,1150,2020-11-23 17:05:00,WIX
252.49,252.74,252.27,252.595,3400,2020-11-23 17:10:00,WIX
252.98,253.13,252.77,252.91,2000,2020-11-23 17:15:00,WIX
252.98,253.18,252.83,253.01,1613,2020-11-23 17:20:00,WIX
252.98,253.09,252.45,253.005,3536,2020-11-23 17:25:00,WIX
253.4615,253.4615,253.4615,253.4615,100,2020-11-23 17:30:00,WIX
252.72,253.22,252.45,253.22,8000,2020-11-23 17:35:00,WIX
253.19,253.19,252.8,252.8,500,2020-11-23 17:40:00,WIX
252.745,252.745,251.87,252.125,1700,2020-11-23 17:45:00,WIX
251.9,252.34,251.9,252.34,433,2020-11-23 17:50:00,WIX
252.73,252.8,252.48,252.8,700,2020-11-23 17:55:00,WIX
252.88,253.62,252.88,253.23,1550,2020-11-23 18:00:00,WIX
253.27,253.995,253.195,253.995,700,2020-11-23 18:05:00,WIX
253.96,254.305,253.96,254.305,200,2020-11-23 18:10:00,WIX
254.27,254.59,253.81,254.59,3000,2020-11-23 18:15:00,WIX
254.3,254.65,254.3,254.65,700,2020-11-23 18:20:00,WIX
254.54,254.93,254.54,254.93,300,2020-11-23 18:25:00,WIX
255.0,255.46,254.96,255.08,900,2020-11-23 18:30:00,WIX
254.82,255.48,254.81,255.07,3291,2020-11-23 18:35:00,WIX
255.05,255.1,254.775,254.965,2140,2020-11-23 18:40:00,WIX
254.97,255.5,254.73,255.5,1300,2020-11-23 18:45:00,WIX
255.7099,255.7099,255.24,255.24,200,2020-11-23 18:50:00,WIX
255.13,255.13,254.53,254.7,2001,2020-11-23 18:55:00,WIX
254.44,254.44,253.77,253.8589,730,2020-11-23 19:00:00,WIX
254.04,254.355,253.92,253.92,1000,2020-11-23 19:05:00,WIX
254.36,254.715,254.2,254.715,1100,2020-11-23 19:10:00,WIX
254.71,254.71,254.4,254.4,700,2020-11-23 19:15:00,WIX
253.7901,254.645,253.7901,254.41,1000,2020-11-23 19:20:00,WIX
254.435,254.435,254.08,254.11,5416,2020-11-23 19:25:00,WIX
253.76,253.96,253.61,253.88,1100,2020-11-23 19:30:00,WIX
253.6,254.33,253.49,254.33,9187,2020-11-23 19:35:00,WIX
253.95,254.0,253.54,253.71,1943,2020-11-23 19:40:00,WIX
253.58,253.58,253.28,253.28,625,2020-11-23 19:45:00,WIX
253.1,253.84,253.01,253.71,2301,2020-11-23 19:50:00,WIX
253.86,253.86,252.48,252.48,1754,2020-11-23 19:55:00,WIX
252.62,253.13,252.34,252.385,3438,2020-11-23 20:00:00,WIX
252.34,253.01,252.34,252.41,7161,2020-11-23 20:05:00,WIX
252.45,252.69,252.19,252.69,1800,2020-11-23 20:10:00,WIX
251.75,251.88,251.43,251.43,1817,2020-11-23 20:15:00,WIX
251.4,251.82,250.99,251.07,4090,2020-11-23 20:20:00,WIX
251.195,251.38,251.04,251.23,5148,2020-11-23 20:25:00,WIX
251.15,251.54,250.59,250.59,8691,2020-11-23 20:30:00,WIX
250.56,250.92,250.11,250.3,10613,2020-11-23 20:35:00,WIX
250.36,250.53,249.76,250.13,9841,2020-11-23 20:40:00,WIX
250.08,250.13,249.38,249.41,10034,2020-11-23 20:45:00,WIX
249.55,249.86,248.32,248.35,13127,2020-11-23 20:50:00,WIX
248.25,248.95,247.86,248.71,26583,2020-11-23 20:55:00,WIX
248.61,248.61,248.61,248.61,25992,2020-11-23 21:00:00,WIX
248.61,248.61,248.61,248.61,4650,2020-11-23 21:10:00,WIX
248.7,248.7,248.7,248.7,100,2020-11-23 22:25:00,WIX
250.0,250.0,250.0,250.0,300,2020-11-24 13:10:00,WIX
249.58,251.0,248.65,249.44,18158,2020-11-24 14:30:00,WIX
249.15,249.15,247.0,247.4,6022,2020-11-24 14:35:00,WIX
247.4,247.4,244.37,245.42,7179,2020-11-24 14:40:00,WIX
245.59,245.98,244.8,245.95,6925,2020-11-24 14:45:00,WIX
246.6,248.29,246.25,247.825,4216,2020-11-24 14:50:00,WIX
247.8293,248.24,245.74,246.91,11659,2020-11-24 14:55:00,WIX
246.9486,247.43,245.82,246.5,5546,2020-11-24 15:00:00,WIX
246.365,247.76,246.36,247.2854,2415,2020-11-24 15:05:00,WIX
247.295,247.295,246.36,246.47,1312,2020-11-24 15:10:00,WIX
246.16,246.505,245.5,245.6,4000,2020-11-24 15:15:00,WIX
245.98,245.99,244.37,245.04,6318,2020-11-24 15:20:00,WIX
244.945,245.755,244.25,244.6,4704,2020-11-24 15:25:00,WIX
244.6,245.69,244.6,245.24,3001,2020-11-24 15:30:00,WIX
245.31,246.36,245.0215,245.8797,1455,2020-11-24 15:35:00,WIX
245.88,246.64,245.88,246.5,2356,2020-11-24 15:40:00,WIX
246.4789,246.4789,244.3,244.35,5020,2020-11-24 15:45:00,WIX
244.75,244.75,243.57,243.72,4003,2020-11-24 15:50:00,WIX
243.625,244.46,243.52,244.46,4458,2020-11-24 15:55:00,WIX
244.76,244.94,244.3,244.57,3412,2020-11-24 16:00:00,WIX
244.52,244.65,243.785,243.785,1590,2020-11-24 16:05:00,WIX
243.94,244.93,243.94,244.3718,2984,2020-11-24 16:10:00,WIX
244.56,244.97,244.44,244.68,2029,2020-11-24 16:15:00,WIX
244.91,244.93,244.01,244.01,1790,2020-11-24 16:20:00,WIX
244.105,245.09,244.105,244.415,15593,2020-11-24 16:25:00,WIX
244.64,244.92,243.87,244.17,11767,2020-11-24 16:30:00,WIX
244.06,244.19,243.025,243.55,6387,2020-11-24 16:35:00,WIX
244.0,244.0,242.6701,242.77,6980,2020-11-24 16:40:00,WIX
242.87,243.695,242.845,243.695,3793,2020-11-24 16:45:00,WIX
243.605,243.77,242.65,243.0999,4436,2020-11-24 16:50:00,WIX
242.6301,243.47,242.32,242.77,5562,2020-11-24 16:55:00,WIX
243.085,243.181,242.33,243.181,1850,2020-11-24 17:00:00,WIX
243.17,243.17,242.72,242.8127,1100,2020-11-24 17:05:00,WIX
242.74,243.07,242.447,242.84,1300,2020-11-24 17:10:00,WIX
242.98,243.5699,242.55,243.5699,2218,2020-11-24 17:15:00,WIX
243.49,244.0,243.2727,243.7005,4244,2020-11-24 17:20:00,WIX
243.83,243.94,243.39,243.63,2586,2020-11-24 17:25:00,WIX
243.85,244.0999,243.16,243.295,1958,2020-11-24 17:30:00,WIX
243.31,243.31,243.0,243.01,2389,2020-11-24 17:35:00,WIX
243.085,243.085,242.65,242.78,1816,2020-11-24 17:40:00,WIX
242.8623,243.09,242.62,242.72,1922,2020-11-24 17:45:00,WIX
242.94,243.0,242.45,242.77,976,2020-11-24 17:50:00,WIX
242.645,242.84,242.36,242.84,1400,2020-11-24 17:55:00,WIX
242.655,242.655,242.21,242.6,2664,2020-11-24 18:00:00,WIX
242.66,242.78,242.2167,242.61,2600,2020-11-24 18:05:00,WIX
242.38,242.9,242.32,242.715,2030,2020-11-24 18:10:00,WIX
242.8,242.8,242.4,242.53,1604,2020-11-24 18:15:00,WIX
242.53,242.65,242.189,242.189,2397,2020-11-24 18:20:00,WIX
242.07,242.13,241.73,242.09,1800,2020-11-24 18:25:00,WIX
242.4,242.76,242.28,242.31,1500,2020-11-24 18:30:00,WIX
242.48,242.9,242.2,242.51,6516,2020-11-24 18:35:00,WIX
242.74,244.74,242.74,244.555,22230,2020-11-24 18:40:00,WIX
244.5691,244.62,244.34,244.53,3029,2020-11-24 18:45:00,WIX
244.34,244.34,243.7401,244.0,1851,2020-11-24 18:50:00,WIX
244.05,244.11,243.53,243.87,3124,2020-11-24 18:55:00,WIX
244.025,244.49,244.025,244.39,2424,2020-11-24 19:00:00,WIX
244.45,245.22,244.11,245.22,7130,2020-11-24 19:05:00,WIX
245.35,245.44,244.54,245.0,4579,2020-11-24 19:10:00,WIX
244.78,244.78,244.56,244.705,1600,2020-11-24 19:15:00,WIX
244.71,245.396,244.705,244.96,3300,2020-11-24 19:20:00,WIX
244.84,244.84,244.38,244.38,1300,2020-11-24 19:25:00,WIX
244.43,245.255,244.43,245.255,1720,2020-11-24 19:30:00,WIX
245.265,245.265,245.0,245.08,2633,2020-11-24 19:35:00,WIX
245.075,245.36,244.91,244.95,3946,2020-11-24 19:40:00,WIX
245.07,245.37,244.92,245.195,2518,2020-11-24 19:45:00,WIX
245.235,245.59,244.95,244.95,3497,2020-11-24 19:50:00,WIX
244.97,244.97,244.09,244.41,4200,2020-11-24 19:55:00,WIX
244.2477,245.16,243.98,244.51,17316,2020-11-24 20:00:00,WIX
244.295,244.565,244.215,244.51,4297,2020-11-24 20:05:00,WIX
244.64,245.51,244.64,245.27,34422,2020-11-24 20:10:00,WIX
245.0,245.2083,245.0,245.2,950,2020-11-24 20:15:00,WIX
245.04,245.78,245.04,245.78,6000,2020-11-24 20:20:00,WIX
245.6339,246.22,245.6101,245.97,7360,2020-11-24 20:25:00,WIX
245.935,246.68,245.69,246.67,8474,2020-11-24 20:30:00,WIX
246.515,246.5875,245.66,245.66,5599,2020-11-24 20:35:00,WIX
245.5,246.175,244.32,245.185,19538,2020-11-24 20:40:00,WIX
245.23,246.18,245.23,246.0,32057,2020-11-24 20:45:00,WIX
246.155,247.96,246.155,247.15,12644,2020-11-24 20:50:00,WIX
247.17,247.75,246.84,247.7,34364,2020-11-24 20:55:00,WIX
247.43,247.43,247.43,247.43,12606,2020-11-24 21:00:00,WIX
247.0,247.0,247.0,247.0,500,2020-11-24 21:10:00,WIX
247.43,247.43,247.43,247.43,43246,2020-11-24 21:55:00,WIX
247.01,247.01,247.01,247.01,106,2020-11-24 22:10:00,WIX
248.56,248.56,248.56,248.56,100,2020-11-25 14:25:00,WIX
249.36,251.55,248.0,250.955,13475,2020-11-25 14:30:00,WIX
250.305,250.885,249.71,249.71,2905,2020-11-25 14:35:00,WIX
250.64,252.0,249.9354,251.73,4631,2020-11-25 14:40:00,WIX
252.23,253.435,251.69,252.74,6969,2020-11-25 14:45:00,WIX
253.48,254.215,252.3,253.45,6354,2020-11-25 14:50:00,WIX
253.84,254.45,253.12,254.45,6205,2020-11-25 14:55:00,WIX
255.0,255.74,253.5002,253.86,7606,2020-11-25 15:00:00,WIX
253.8822,254.44,252.49,254.36,5440,2020-11-25 15:05:00,WIX
253.91,254.535,253.54,254.09,2807,2020-11-25 15:10:00,WIX
254.005,254.46,253.92,254.29,807,2020-11-25 15:15:00,WIX
254.36,256.53,254.36,256.25,8201,2020-11-25 15:20:00,WIX
256.45,257.0,255.505,255.645,4844,2020-11-25 15:25:00,WIX
255.87,256.51,255.76,255.76,3376,2020-11-25 15:30:00,WIX
255.935,256.275,255.37,256.215,3116,2020-11-25 15:35:00,WIX
256.215,256.47,254.42,254.72,10316,2020-11-25 15:40:00,WIX
254.99,255.725,254.58,255.32,4216,2020-11-25 15:45:00,WIX
255.17,255.7,254.42,254.78,3005,2020-11-25 15:50:00,WIX
254.76,254.76,253.12,253.345,7720,2020-11-25 15:55:00,WIX
253.345,254.0,253.345,253.69,2595,2020-11-25 16:00:00,WIX
253.7037,253.77,253.01,253.4,2537,2020-11-25 16:05:00,WIX
253.16,253.34,252.14,253.085,2508,2020-11-25 16:10:00,WIX
252.7,252.97,251.85,251.85,1300,2020-11-25 16:15:00,WIX
251.84,251.84,250.88,251.045,2138,2020-11-25 16:20:00,WIX
251.045,252.58,251.045,252.48,5064,2020-11-25 16:25:00,WIX
252.38,252.78,252.08,252.155,2042,2020-11-25 16:30:00,WIX
252.47,252.66,251.935,252.07,2008,2020-11-25 16:35:00,WIX
252.125,253.0,251.42,253.0,3600,2020-11-25 16:40:00,WIX
252.6564,252.675,252.425,252.48,1800,2020-11-25 16:45:00,WIX
252.32,252.685,252.32,252.665,800,2020-11-25 16:50:00,WIX
252.7311,253.2,252.7311,253.05,787,2020-11-25 16:55:00,WIX
253.25,253.35,252.63,253.35,2780,2020-11-25 17:00:00,WIX
253.42,253.42,253.08,253.235,2100,2020-11-25 17:05:00,WIX
253.5,253.67,253.035,253.27,1795,2020-11-25 17:10:00,WIX
253.465,253.465,253.02,253.02,1100,2020-11-25 17:15:00,WIX
253.26,253.67,252.88,253.31,2988,2020-11-25 17:20:00,WIX
253.54,254.035,253.54,253.76,2804,2020-11-25 17:25:00,WIX
253.71,253.8519,253.28,253.53,2500,2020-11-25 17:30:00,WIX
253.595,253.87,253.595,253.86,800,2020-11-25 17:35:00,WIX
254.34,254.35,253.4332,254.04,1400,2020-11-25 17:40:00,WIX
254.21,254.37,253.77,253.82,1600,2020-11-25 17:45:00,WIX
253.845,254.2825,253.6,254.2825,1000,2020-11-25 17:50:00,WIX
254.01,254.25,253.815,253.815,800,2020-11-25 17:55:00,WIX
253.82,254.59,253.82,254.539,2227,2020-11-25 18:00:00,WIX
254.49,254.645,254.08,254.25,2822,2020-11-25 18:05:00,WIX
254.37,254.61,254.14,254.14,1700,2020-11-25 18:10:00,WIX
254.47,254.52,254.12,254.52,2609,2020-11-25 18:15:00,WIX
254.3801,254.565,254.23,254.23,1275,2020-11-25 18:20:00,WIX
254.31,254.31,254.165,254.165,700,2020-11-25 18:25:00,WIX
253.94,253.94,253.59,253.78,1104,2020-11-25 18:30:00,WIX
253.745,254.15,253.745,254.15,1600,2020-11-25 18:35:00,WIX
254.06,254.06,253.5301,253.96,996,2020-11-25 18:40:00,WIX
253.96,254.23,253.805,254.09,2194,2020-11-25 18:45:00,WIX
254.245,254.245,254.025,254.09,500,2020-11-25 18:50:00,WIX
254.23,254.695,254.23,254.41,2100,2020-11-25 18:55:00,WIX
254.41,254.41,254.2166,254.35,1050,2020-11-25 19:00:00,WIX
254.25,254.555,254.25,254.485,1065,2020-11-25 19:05:00,WIX
254.47,254.47,254.05,254.05,600,2020-11-25 19:10:00,WIX
254.06,254.65,254.06,254.52,800,2020-11-25 19:15:00,WIX
254.355,254.68,254.355,254.52,400,2020-11-25 19:20:00,WIX
254.555,254.6,254.1763,254.1763,970,2020-11-25 19:25:00,WIX
254.595,255.0,254.39,255.0,1100,2020-11-25 19:30:00,WIX
255.01,255.01,254.77,254.91,1093,2020-11-25 19:35:00,WIX
255.0,255.3,254.64,255.01,2326,2020-11-25 19:40:00,WIX
255.005,255.14,254.75,254.75,900,2020-11-25 19:45:00,WIX
255.14,255.31,254.9919,255.14,1600,2020-11-25 19:50:00,WIX
255.1,255.3,254.905,254.905,2881,2020-11-25 19:55:00,WIX
254.77,255.27,254.7,255.265,1300,2020-11-25 20:00:00,WIX
255.09,255.56,254.9,255.56,2112,2020-11-25 20:05:00,WIX
255.565,255.83,255.5,255.56,1700,2020-11-25 20:10:00,WIX
255.375,255.375,254.87,254.91,921,2020-11-25 20:15:00,WIX
255.0226,255.0226,254.1,255.0,3090,2020-11-25 20:20:00,WIX
255.0,255.0,254.07,254.22,1700,2020-11-25 20:25:00,WIX
254.1,254.625,254.1,254.565,2600,2020-11-25 20:30:00,WIX
254.4,254.4,253.63,253.66,5001,2020-11-25 20:35:00,WIX
253.83,253.83,251.26,252.03,6950,2020-11-25 20:40:00,WIX
251.83,252.03,250.64,250.64,11949,2020-11-25 20:45:00,WIX
250.8,251.76,250.305,250.305,25361,2020-11-25 20:50:00,WIX
250.27,251.22,249.55,251.14,55862,2020-11-25 20:55:00,WIX
250.78,250.78,250.78,250.78,27172,2020-11-25 21:00:00,WIX
250.78,250.78,250.78,250.78,1841,2020-11-25 21:05:00,WIX
252.21,252.21,252.21,252.21,280,2020-11-25 23:55:00,WIX
256.15,256.74,254.08,255.485,10053,2020-11-27 14:30:00,WIX
254.13,255.085,251.03,251.03,4549,2020-11-27 14:35:00,WIX
251.4,254.67,251.4,254.22,4329,2020-11-27 14:40:00,WIX
253.7,254.43,252.85,253.49,4291,2020-11-27 14:45:00,WIX
253.77,254.45,253.0,254.45,3695,2020-11-27 14:50:00,WIX
253.955,255.99,253.955,255.66,5521,2020-11-27 14:55:00,WIX
255.95,256.49,254.66,256.065,3803,2020-11-27 15:00:00,WIX
256.2,257.7247,256.2,257.1581,5694,2020-11-27 15:05:00,WIX
257.2,257.8553,257.107,257.436,1393,2020-11-27 15:10:00,WIX
257.17,257.84,257.17,257.24,13090,2020-11-27 15:15:00,WIX
257.37,257.99,257.14,257.14,3031,2020-11-27 15:20:00,WIX
256.92,257.1912,255.39,255.39,1992,2020-11-27 15:25:00,WIX
255.58,256.245,255.58,256.245,500,2020-11-27 15:30:00,WIX
256.0,257.0,255.75,257.0,4705,2020-11-27 15:35:00,WIX
256.55,257.13,256.17,256.39,1741,2020-11-27 15:40:00,WIX
256.555,256.555,255.6,255.6,900,2020-11-27 15:45:00,WIX
255.6042,256.14,255.6042,256.04,600,2020-11-27 15:50:00,WIX
255.75,256.0,255.75,256.0,432,2020-11-27 15:55:00,WIX
256.09,256.53,255.5801,255.66,1147,2020-11-27 16:00:00,WIX
256.2,256.2125,255.82,256.2125,600,2020-11-27 16:05:00,WIX
256.205,257.2,256.205,256.4479,2870,2020-11-27 16:10:00,WIX
256.64,256.89,256.36,256.36,910,2020-11-27 16:15:00,WIX
256.41,256.7,255.99,256.7,1825,2020-11-27 16:20:00,WIX
256.41,257.79,256.41,257.14,3783,2020-11-27 16:25:00,WIX
257.08,258.84,257.08,258.84,5713,2020-11-27 16:30:00,WIX
258.585,258.65,256.845,256.845,7306,2020-11-27 16:35:00,WIX
256.95,256.95,256.0958,256.0958,1450,2020-11-27 16:40:00,WIX
256.06,256.38,255.5,255.61,4003,2020-11-27 16:45:00,WIX
255.85,256.52,255.85,256.3,2700,2020-11-27 16:50:00,WIX
256.64,257.0,256.28,257.0,1700,2020-11-27 16:55:00,WIX
257.255,257.881,257.255,257.625,2404,2020-11-27 17:00:00,WIX
257.63,257.93,256.65,256.83,2663,2020-11-27 17:05:00,WIX
257.2,257.5,256.6456,257.236,6069,2020-11-27 17:10:00,WIX
257.58,257.795,257.375,257.795,1800,2020-11-27 17:15:00,WIX
257.66,257.66,256.87,257.5,4306,2020-11-27 17:20:00,WIX
257.795,257.795,257.19,257.51,1656,2020-11-27 17:25:00,WIX
257.525,257.83,257.21,257.54,1200,2020-11-27 17:30:00,WIX
257.47,257.79,256.72,257.35,5188,2020-11-27 17:35:00,WIX
257.12,257.42,256.97,257.42,5627,2020-11-27 17:40:00,WIX
257.58,257.58,256.9601,257.2725,3700,2020-11-27 17:45:00,WIX
257.28,258.98,257.17,258.67,6552,2020-11-27 17:50:00,WIX
258.55,258.98,257.83,258.97,10719,2020-11-27 17:55:00,WIX
258.62,258.62,258.62,258.62,8150,2020-11-27 18:00:00,WIX
258.62,258.62,258.62,258.62,530,2020-11-27 18:10:00,WIX
258.62,258.62,258.62,258.62,10783,2020-11-27 20:05:00,WIX
258.62,258.62,258.62,258.62,313,2020-11-27 21:10:00,WIX
260.0,261.89,256.89,258.915,21431,2020-11-30 14:30:00,WIX
257.53,258.96,257.53,257.9,1393,2020-11-30 14:35:00,WIX
258.64,259.4345,257.49,258.24,5378,2020-11-30 14:40:00,WIX
258.34,258.9436,257.38,257.6,900,2020-11-30 14:45:00,WIX
257.83,259.04,257.28,258.04,2500,2020-11-30 14:50:00,WIX
258.73,259.99,258.24,259.79,14081,2020-11-30 14:55:00,WIX
259.0,259.5,258.0,258.74,3612,2020-11-30 15:00:00,WIX
258.4,259.105,257.44,257.44,16323,2020-11-30 15:05:00,WIX
257.89,258.24,255.44,256.38,27133,2020-11-30 15:10:00,WIX
256.27,256.365,254.43,255.4948,2561,2020-11-30 15:15:00,WIX
255.51,256.46,255.2491,255.5387,1455,2020-11-30 15:20:00,WIX
255.53,255.53,253.275,253.57,1700,2020-11-30 15:25:00,WIX
253.91,254.02,253.35,253.775,1200,2020-11-30 15:30:00,WIX
253.0,253.06,251.7,251.781,5793,2020-11-30 15:35:00,WIX
252.2,252.2,249.41,249.9,5051,2020-11-30 15:40:00,WIX
249.06,251.16,248.935,250.855,5611,2020-11-30 15:45:00,WIX
250.76,251.905,250.29,251.835,4099,2020-11-30 15:50:00,WIX
251.81,252.18,251.81,252.15,1300,2020-11-30 15:55:00,WIX
251.61,252.77,251.45,252.77,1100,2020-11-30 16:00:00,WIX
252.36,254.14,251.965,253.05,3000,2020-11-30 16:05:00,WIX
253.02,254.42,253.02,253.75,933,2020-11-30 16:10:00,WIX
253.745,254.5,253.56,253.949,5134,2020-11-30 16:15:00,WIX
254.11,254.12,253.39,253.805,1955,2020-11-30 16:20:00,WIX
253.8216,254.2,253.5,253.975,5708,2020-11-30 16:25:00,WIX
253.86,254.45,253.28,253.57,3939,2020-11-30 16:30:00,WIX
253.3,254.0,253.17,254.0,5494,2020-11-30 16:35:00,WIX
253.87,255.35,253.87,255.12,13193,2020-11-30 16:40:00,WIX
255.1,255.455,255.1,255.455,1000,2020-11-30 16:45:00,WIX
255.609,255.609,254.9801,255.26,2150,2020-11-30 16:50:00,WIX
254.97,254.97,253.635,254.6,603,2020-11-30 16:55:00,WIX
253.79,254.78,253.79,254.5,3792,2020-11-30 17:00:00,WIX
254.2315,254.2315,253.945,253.945,507,2020-11-30 17:05:00,WIX
254.22,255.8499,254.22,255.8499,1699,2020-11-30 17:10:00,WIX
255.1897,255.74,255.1897,255.48,1400,2020-11-30 17:15:00,WIX
255.33,255.63,254.45,254.5,1607,2020-11-30 17:20:00,WIX
254.905,255.0,254.05,254.475,1836,2020-11-30 17:25:00,WIX
254.46,255.36,254.46,255.36,870,2020-11-30 17:30:00,WIX
255.215,255.215,254.2305,254.2305,500,2020-11-30 17:35:00,WIX
255.15,255.62,255.15,255.18,1000,2020-11-30 17:40:00,WIX
255.15,255.15,254.34,254.36,1411,2020-11-30 17:45:00,WIX
254.36,255.365,254.36,255.365,1104,2020-11-30 17:50:00,WIX
255.44,256.15,254.85,254.85,2188,2020-11-30 17:55:00,WIX
255.85,255.85,253.65,253.65,1210,2020-11-30 18:00:00,WIX
253.8401,255.18,253.8401,254.98,947,2020-11-30 18:05:00,WIX
255.0,255.17,254.36,254.515,3191,2020-11-30 18:10:00,WIX
254.78,255.19,254.78,255.04,2824,2020-11-30 18:15:00,WIX
255.04,255.34,254.86,255.0,4578,2020-11-30 18:20:00,WIX
254.94,255.28,254.68,255.065,1468,2020-11-30 18:25:00,WIX
255.065,255.33,254.83,255.07,3770,2020-11-30 18:30:00,WIX
255.22,255.335,255.12,255.335,528,2020-11-30 18:35:00,WIX
255.3,255.38,255.04,255.04,3152,2020-11-30 18:40:00,WIX
254.74,255.03,254.7,255.03,400,2020-11-30 18:45:00,WIX
254.77,255.29,254.17,254.17,600,2020-11-30 18:50:00,WIX
254.2,254.35,253.975,253.975,1700,2020-11-30 18:55:00,WIX
254.19,254.61,254.08,254.505,1800,2020-11-30 19:00:00,WIX
254.45,255.46,254.27,255.16,5757,2020-11-30 19:05:00,WIX
254.91,255.335,254.89,255.335,900,2020-11-30 19:10:00,WIX
255.25,255.66,254.89,255.195,1713,2020-11-30 19:15:00,WIX
255.27,255.41,254.8,254.82,4390,2020-11-30 19:20:00,WIX
254.95,255.54,254.9,255.39,2238,2020-11-30 19:30:00,WIX
255.67,255.79,255.08,255.42,3048,2020-11-30 19:35:00,WIX
255.81,255.81,255.3,255.3,992,2020-11-30 19:40:00,WIX
255.27,255.685,255.27,255.685,400,2020-11-30 19:45:00,WIX
255.755,255.96,255.755,255.79,1000,2020-11-30 19:50:00,WIX
255.91,255.91,255.45,255.68,5244,2020-11-30 19:55:00,WIX
255.75,256.48,255.75,255.765,2504,2020-11-30 20:00:00,WIX
255.76,256.155,255.25,255.74,1843,2020-11-30 20:05:00,WIX
256.0,256.0,255.28,255.28,1400,2020-11-30 20:10:00,WIX
255.53,255.67,255.23,255.34,1726,2020-11-30 20:15:00,WIX
255.385,255.63,254.79,254.79,1800,2020-11-30 20:20:00,WIX
254.67,254.67,253.87,253.87,1100,2020-11-30 20:25:00,WIX
253.96,254.94,253.96,254.395,2850,2020-11-30 20:30:00,WIX
254.52,255.023,254.4175,254.9125,2495,2020-11-30 20:35:00,WIX
254.81,255.085,254.02,255.08,3905,2020-11-30 20:40:00,WIX
254.79,255.4799,254.68,255.435,5013,2020-11-30 20:45:00,WIX
255.44,255.95,254.937,255.385,7530,2020-11-30 20:50:00,WIX
255.26,255.66,254.63,255.15,10979,2020-11-30 20:55:00,WIX
255.43,255.43,255.43,255.43,241466,2020-11-30 21:00:00,WIX
255.39807,255.39807,255.39807,255.39807,3580,2020-11-30 22:10:00,WIX
255.43,255.43,255.43,255.43,31886,2020-11-30 22:25:00,WIX
258.0,258.5,253.54,253.655,13821,2020-12-01 14:30:00,WIX
254.04,255.1,253.0,253.0,6468,2020-12-01 14:35:00,WIX
252.1,254.43,252.1,253.68,4640,2020-12-01 14:40:00,WIX
253.84,253.85,251.27,251.65,7602,2020-12-01 14:45:00,WIX
252.435,254.19,252.435,253.8,2814,2020-12-01 14:50:00,WIX
254.42,254.45,253.37,253.67,3469,2020-12-01 14:55:00,WIX
254.24,255.2281,254.1501,254.74,1200,2020-12-01 15:00:00,WIX
253.96,254.41,253.01,254.41,4012,2020-12-01 15:05:00,WIX
254.6933,254.6933,252.53,253.0748,3808,2020-12-01 15:10:00,WIX
252.7,254.99,252.65,254.66,27922,2020-12-01 15:15:00,WIX
254.16,254.16,251.81,252.37,3626,2020-12-01 15:20:00,WIX
252.18,252.36,251.69,251.7166,600,2020-12-01 15:25:00,WIX
251.5975,252.0,250.4,250.72,2501,2020-12-01 15:30:00,WIX
250.92,251.22,249.57,249.72,5501,2020-12-01 15:35:00,WIX
249.92,251.99,249.87,251.99,3719,2020-12-01 15:40:00,WIX
251.9,251.9394,250.915,251.64,10329,2020-12-01 15:45:00,WIX
251.64,252.55,251.64,251.755,2435,2020-12-01 15:50:00,WIX
252.065,252.065,251.27,251.9496,1500,2020-12-01 15:55:00,WIX
252.23,252.43,251.695,251.974,1401,2020-12-01 16:00:00,WIX
252.095,252.945,251.78,252.945,3033,2020-12-01 16:05:00,WIX
252.36,252.694,252.1,252.6799,900,2020-12-01 16:10:00,WIX
252.375,252.8,252.36,252.8,1205,2020-12-01 16:15:00,WIX
252.483,252.7,252.23,252.465,1900,2020-12-01 16:20:00,WIX
252.7,252.8,252.0,252.625,3004,2020-12-01 16:25:00,WIX
252.405,252.74,251.96,252.625,5372,2020-12-01 16:30:00,WIX
253.0,253.02,252.0,252.09,2503,2020-12-01 16:35:00,WIX
252.32,252.46,252.23,252.46,1047,2020-12-01 16:40:00,WIX
252.31,252.31,252.16,252.205,500,2020-12-01 16:45:00,WIX
251.84,251.84,251.275,251.535,1052,2020-12-01 16:50:00,WIX
251.535,251.59,251.27,251.27,1604,2020-12-01 16:55:00,WIX
251.35,251.43,251.33,251.43,500,2020-12-01 17:00:00,WIX
251.09,251.355,250.31,251.345,2878,2020-12-01 17:05:00,WIX
251.78,251.99,251.3585,251.3585,890,2020-12-01 17:10:00,WIX
251.05,251.07,250.97,251.07,600,2020-12-01 17:15:00,WIX
251.21,251.43,251.11,251.12,1185,2020-12-01 17:20:00,WIX
251.2362,251.2362,250.825,250.89,2100,2020-12-01 17:25:00,WIX
250.81,251.265,250.81,251.265,829,2020-12-01 17:30:00,WIX
251.23,251.23,250.5,250.82,1382,2020-12-01 17:35:00,WIX
250.49,250.49,249.75,249.76,2050,2020-12-01 17:40:00,WIX
249.805,251.2399,249.805,251.12,1285,2020-12-01 17:45:00,WIX
250.5124,251.01,250.36,250.62,2957,2020-12-01 17:50:00,WIX
250.69,250.88,250.4,250.47,1000,2020-12-01 17:55:00,WIX
250.21,251.16,250.205,251.16,2700,2020-12-01 18:00:00,WIX
250.62,251.795,250.31,251.795,3237,2020-12-01 18:05:00,WIX
252.26,252.26,251.53,251.53,2494,2020-12-01 18:10:00,WIX
251.765,251.8596,251.73,251.74,1321,2020-12-01 18:15:00,WIX
251.74,251.96,251.59,251.8,1500,2020-12-01 18:20:00,WIX
251.72,252.6,251.59,252.6,3200,2020-12-01 18:25:00,WIX
252.75,252.75,251.85,252.09,3999,2020-12-01 18:30:00,WIX
251.59,252.22,251.35,251.35,4943,2020-12-01 18:35:00,WIX
251.96,251.96,251.77,251.9031,690,2020-12-01 18:40:00,WIX
251.965,252.47,251.96,252.31,1294,2020-12-01 18:45:00,WIX
252.315,252.55,251.47,251.69,4028,2020-12-01 18:50:00,WIX
252.23,252.23,251.48,251.48,1000,2020-12-01 18:55:00,WIX
251.33,251.33,250.77,250.81,4247,2020-12-01 19:00:00,WIX
250.88,251.1562,250.57,251.0,1535,2020-12-01 19:05:00,WIX
251.0,251.05,250.55,250.79,4537,2020-12-01 19:10:00,WIX
250.85,251.09,250.35,250.5,1153,2020-12-01 19:15:00,WIX
251.0,251.0,250.45,250.45,900,2020-12-01 19:20:00,WIX
250.495,250.495,249.66,249.66,2880,2020-12-01 19:25:00,WIX
249.77,250.07,249.47,249.47,1608,2020-12-01 19:30:00,WIX
249.05,249.94,249.05,249.72,2929,2020-12-01 19:35:00,WIX
249.44,249.815,249.44,249.81,4900,2020-12-01 19:40:00,WIX
249.75,249.91,249.13,249.13,2816,2020-12-01 19:45:00,WIX
249.15,249.29,248.4,249.0,5847,2020-12-01 19:50:00,WIX
248.67,249.1623,248.64,248.75,2611,2020-12-01 19:55:00,WIX
248.6478,248.84,248.12,248.75,5999,2020-12-01 20:00:00,WIX
248.5,248.56,248.2,248.4,1300,2020-12-01 20:05:00,WIX
248.2,248.372,247.08,247.315,5624,2020-12-01 20:10:00,WIX
247.305,248.2078,247.13,247.91,4906,2020-12-01 20:15:00,WIX
247.76,248.52,247.64,248.52,5328,2020-12-01 20:20:00,WIX
248.2368,248.52,247.67,247.93,7910,2020-12-01 20:25:00,WIX
248.115,248.62,247.55,247.915,5173,2020-12-01 20:30:00,WIX
247.89,247.92,247.125,247.565,6406,2020-12-01 20:35:00,WIX
247.485,248.0625,247.3,247.96,9323,2020-12-01 20:40:00,WIX
248.065,248.61,247.9,248.605,12504,2020-12-01 20:45:00,WIX
248.58,250.62,248.47,250.455,13474,2020-12-01 20:50:00,WIX
250.28,250.42,249.19,249.86,27785,2020-12-01 20:55:00,WIX
249.73,249.73,249.73,249.73,28866,2020-12-01 21:00:00,WIX
249.73,249.73,249.73,249.73,19468,2020-12-01 21:10:00,WIX
246.38,247.06,244.0,244.0,11111,2020-12-02 14:30:00,WIX
243.625,247.07,243.032,247.0,2967,2020-12-02 14:35:00,WIX
247.04,248.36,246.1,246.61,5150,2020-12-02 14:40:00,WIX
245.36,246.54,245.36,246.54,200,2020-12-02 14:45:00,WIX
246.53,248.0,246.53,247.2758,1625,2020-12-02 14:50:00,WIX
249.24,249.26,248.07,248.4126,1194,2020-12-02 14:55:00,WIX
248.64,249.85,248.64,249.4,2705,2020-12-02 15:00:00,WIX
249.415,250.89,249.395,250.79,2541,2020-12-02 15:05:00,WIX
250.597,251.57,250.27,250.425,2802,2020-12-02 15:10:00,WIX
251.0,251.0675,249.93,250.29,4396,2020-12-02 15:15:00,WIX
250.97,251.36,250.21,250.69,3660,2020-12-02 15:20:00,WIX
250.13,251.31,249.83,250.03,712,2020-12-02 15:25:00,WIX
249.895,250.38,249.76,249.81,500,2020-12-02 15:30:00,WIX
249.94,250.29,249.11,249.71,2520,2020-12-02 15:35:00,WIX
249.705,250.5,249.45,250.5,3920,2020-12-02 15:40:00,WIX
249.97,249.97,249.28,249.28,1100,2020-12-02 15:45:00,WIX
249.02,249.415,248.31,248.91,2381,2020-12-02 15:50:00,WIX
248.74,250.23,248.74,249.59,1528,2020-12-02 15:55:00,WIX
249.88,250.795,249.88,250.7062,1928,2020-12-02 16:00:00,WIX
250.785,251.45,250.08,251.45,3261,2020-12-02 16:05:00,WIX
251.5,251.73,251.2,251.2,1000,2020-12-02 16:10:00,WIX
251.1975,251.1975,250.5,251.06,3103,2020-12-02 16:15:00,WIX
251.46,251.46,250.66,250.69,300,2020-12-02 16:20:00,WIX
250.58,250.92,250.42,250.92,1645,2020-12-02 16:25:00,WIX
251.3,251.46,250.79,251.46,574,2020-12-02 16:30:00,WIX
250.93,250.93,250.17,250.265,600,2020-12-02 16:35:00,WIX
250.895,251.34,250.01,250.575,2113,2020-12-02 16:40:00,WIX
250.099,250.78,250.099,250.77,400,2020-12-02 16:45:00,WIX
250.845,250.845,250.67,250.67,521,2020-12-02 16:50:00,WIX
251.08,251.08,250.76,250.83,900,2020-12-02 16:55:00,WIX
250.59,250.99,250.58,250.99,300,2020-12-02 17:00:00,WIX
251.44,251.7525,251.04,251.7525,2331,2020-12-02 17:05:00,WIX
251.725,251.78,250.845,250.845,2120,2020-12-02 17:10:00,WIX
250.78,251.24,250.78,251.01,1300,2020-12-02 17:15:00,WIX
250.89,250.89,250.3003,250.3003,1888,2020-12-02 17:20:00,WIX
250.17,250.255,249.84,249.84,1406,2020-12-02 17:25:00,WIX
249.95,249.95,249.1527,249.17,2400,2020-12-02 17:30:00,WIX
249.225,249.285,249.0,249.12,2400,2020-12-02 17:35:00,WIX
248.775,248.775,247.92,248.0,2565,2020-12-02 17:40:00,WIX
247.93,248.145,247.4821,248.145,1713,2020-12-02 17:45:00,WIX
247.355,247.92,247.2102,247.74,3700,2020-12-02 17:50:00,WIX
247.8,248.25,247.8,248.095,1800,2020-12-02 17:55:00,WIX
248.1,248.1,247.24,247.24,1604,2020-12-02 18:00:00,WIX
247.55,247.55,247.195,247.33,1118,2020-12-02 18:05:00,WIX
247.7,248.43,247.68,248.43,900,2020-12-02 18:10:00,WIX
248.05,248.435,247.99,247.99,1222,2020-12-02 18:15:00,WIX
247.89,247.94,247.87,247.94,400,2020-12-02 18:20:00,WIX
247.855,247.855,247.5,247.62,402,2020-12-02 18:25:00,WIX
247.55,247.55,246.915,246.915,823,2020-12-02 18:30:00,WIX
247.31,247.75,247.17,247.695,788,2020-12-02 18:35:00,WIX
247.43,247.44,246.8475,247.155,1500,2020-12-02 18:40:00,WIX
247.215,247.3,246.805,247.3,2160,2020-12-02 18:45:00,WIX
246.69,247.25,246.69,247.18,600,2020-12-02 18:50:00,WIX
246.885,247.045,246.6,246.835,1200,2020-12-02 18:55:00,WIX
246.88,247.07,246.74,246.74,300,2020-12-02 19:00:00,WIX
246.71,246.745,246.1209,246.1209,990,2020-12-02 19:05:00,WIX
246.36,247.27,246.36,246.89,1800,2020-12-02 19:10:00,WIX
247.26,248.41,247.26,248.41,700,2020-12-02 19:15:00,WIX
248.35,248.35,247.71,247.71,1535,2020-12-02 19:20:00,WIX
247.76,247.92,247.76,247.92,300,2020-12-02 19:25:00,WIX
247.85,248.1109,247.78,248.1109,500,2020-12-02 19:30:00,WIX
247.78,248.0,247.59,248.0,500,2020-12-02 19:35:00,WIX
247.87,247.92,247.87,247.92,200,2020-12-02 19:40:00,WIX
248.105,248.3,247.88,247.98,830,2020-12-02 19:45:00,WIX
248.255,248.255,248.255,248.255,180,2020-12-02 19:50:00,WIX
248.2,248.2,247.97,248.2,3100,2020-12-02 19:55:00,WIX
248.28,249.2618,248.28,249.195,800,2020-12-02 20:00:00,WIX
248.95,248.95,248.43,248.61,2200,2020-12-02 20:05:00,WIX
248.56,248.92,248.56,248.69,600,2020-12-02 20:10:00,WIX
248.75,248.975,248.5,248.975,3026,2020-12-02 20:15:00,WIX
249.2,249.35,249.05,249.35,924,2020-12-02 20:20:00,WIX
249.06,249.605,249.04,249.605,2885,2020-12-02 20:25:00,WIX
249.665,250.12,249.37,249.635,2504,2020-12-02 20:30:00,WIX
249.43,250.35,249.19,250.04,3506,2020-12-02 20:35:00,WIX
249.57,251.28,249.46,251.27,4168,2020-12-02 20:40:00,WIX
251.14,251.8726,250.43,251.8,9285,2020-12-02 20:45:00,WIX
251.63,251.63,250.61,251.052,9317,2020-12-02 20:50:00,WIX
250.95,251.99,250.95,251.3401,23335,2020-12-02 20:55:00,WIX
251.34,251.34,251.34,251.34,37536,2020-12-02 21:00:00,WIX
250.7,253.77,249.155,253.77,10940,2020-12-03 14:30:00,WIX
254.4,256.999,254.21,256.05,8972,2020-12-03 14:35:00,WIX
255.527,256.12,255.36,255.785,3440,2020-12-03 14:40:00,WIX
256.5,257.69,256.35,257.69,4687,2020-12-03 14:45:00,WIX
257.66,259.5,257.41,258.0,6943,2020-12-03 14:50:00,WIX
258.05,258.2943,256.6,257.94,3179,2020-12-03 14:55:00,WIX
258.76,259.48,258.53,258.64,5152,2020-12-03 15:00:00,WIX
259.33,261.4,259.155,260.93,20157,2020-12-03 15:05:00,WIX
260.8,260.83,259.9175,259.9882,9655,2020-12-03 15:10:00,WIX
260.29,260.64,259.17,259.17,3293,2020-12-03 15:15:00,WIX
259.0,259.45,258.71,258.71,2650,2020-12-03 15:20:00,WIX
259.0,259.82,258.73,258.73,1200,2020-12-03 15:25:00,WIX
257.885,259.12,257.46,258.89,7146,2020-12-03 15:30:00,WIX
258.24,258.24,257.06,257.06,1000,2020-12-03 15:35:00,WIX
256.8636,257.28,256.66,257.28,804,2020-12-03 15:40:00,WIX
257.455,258.055,257.356,257.65,2005,2020-12-03 15:45:00,WIX
257.65,258.205,257.19,258.075,3800,2020-12-03 15:50:00,WIX
258.16,258.18,257.415,258.155,6286,2020-12-03 15:55:00,WIX
257.67,257.76,257.33,257.76,1022,2020-12-03 16:00:00,WIX
258.0,258.0,257.045,257.055,4177,2020-12-03 16:05:00,WIX
256.97,257.7,256.56,256.56,4252,2020-12-03 16:10:00,WIX
256.84,257.715,256.84,257.715,1700,2020-12-03 16:15:00,WIX
257.98,258.56,257.85,258.09,2805,2020-12-03 16:20:00,WIX
258.7418,258.7418,257.5,257.615,1146,2020-12-03 16:25:00,WIX
257.46,257.665,257.435,257.63,4200,2020-12-03 16:30:00,WIX
257.04,257.04,256.45,256.69,500,2020-12-03 16:35:00,WIX
256.601,257.1,256.53,256.53,700,2020-12-03 16:40:00,WIX
256.43,256.43,256.43,256.43,100,2020-12-03 16:45:00,WIX
256.22,256.29,255.55,256.29,3765,2020-12-03 16:50:00,WIX
256.45,256.9664,256.45,256.9664,200,2020-12-03 16:55:00,WIX
256.805,257.45,256.805,256.9815,800,2020-12-03 17:00:00,WIX
257.27,257.27,256.35,256.35,1280,2020-12-03 17:05:00,WIX
256.7,256.73,256.39,256.39,500,2020-12-03 17:10:00,WIX
256.7,256.71,256.7,256.71,200,2020-12-03 17:15:00,WIX
257.07,257.3281,257.07,257.075,1381,2020-12-03 17:20:00,WIX
256.965,256.965,256.71,256.77,400,2020-12-03 17:25:00,WIX
256.87,257.02,256.87,257.02,1194,2020-12-03 17:30:00,WIX
256.78,256.78,256.46,256.5913,1510,2020-12-03 17:35:00,WIX
256.6,256.6,255.93,255.93,1162,2020-12-03 17:40:00,WIX
255.34,255.9,255.04,255.04,24838,2020-12-03 17:45:00,WIX
255.13,255.13,254.12,254.51,4403,2020-12-03 17:50:00,WIX
254.76,255.0,254.41,254.41,800,2020-12-03 17:55:00,WIX
254.8718,254.8718,254.32,254.32,200,2020-12-03 18:00:00,WIX
254.2,254.47,254.15,254.47,800,2020-12-03 18:05:00,WIX
254.62,255.04,254.61,255.0,939,2020-12-03 18:10:00,WIX
255.1847,256.06,255.06,255.82,1452,2020-12-03 18:15:00,WIX
255.9,256.12,255.9,256.12,2183,2020-12-03 18:20:00,WIX
256.135,256.17,255.9001,256.04,2675,2020-12-03 18:25:00,WIX
256.05,256.09,255.67,255.67,2251,2020-12-03 18:30:00,WIX
255.38,255.38,254.56,254.56,1700,2020-12-03 18:35:00,WIX
254.26,255.0,254.26,255.0,1000,2020-12-03 18:40:00,WIX
255.6,255.6,255.6,255.6,100,2020-12-03 18:45:00,WIX
255.29,255.29,254.64,254.7235,1168,2020-12-03 18:50:00,WIX
254.515,254.74,254.515,254.53,500,2020-12-03 18:55:00,WIX
254.35,254.57,254.35,254.55,600,2020-12-03 19:00:00,WIX
254.37,254.851,254.37,254.851,845,2020-12-03 19:10:00,WIX
254.57,254.59,254.56,254.56,400,2020-12-03 19:15:00,WIX
254.8871,254.8871,253.89,254.27,4868,2020-12-03 19:20:00,WIX
254.205,254.45,254.18,254.18,600,2020-12-03 19:25:00,WIX
254.6739,254.6739,254.2,254.2,450,2020-12-03 19:30:00,WIX
254.725,254.725,254.725,254.725,100,2020-12-03 19:35:00,WIX
254.85,255.0,254.0,254.0,944,2020-12-03 19:40:00,WIX
254.0,254.18,253.535,254.07,1783,2020-12-03 19:45:00,WIX
254.25,254.25,254.13,254.14,400,2020-12-03 19:50:00,WIX
254.65,254.65,254.65,254.65,100,2020-12-03 19:55:00,WIX
254.45,254.45,254.44,254.44,300,2020-12-03 20:00:00,WIX
254.57,254.625,254.4,254.4,300,2020-12-03 20:10:00,WIX
254.54,254.55,253.69,253.69,4000,2020-12-03 20:15:00,WIX
253.27,253.875,252.94,253.63,3107,2020-12-03 20:20:00,WIX
253.64,254.07,253.13,253.13,3789,2020-12-03 20:25:00,WIX
253.25,254.13,253.25,253.7078,1717,2020-12-03 20:30:00,WIX
253.67,254.46,253.64,254.22,3100,2020-12-03 20:35:00,WIX
253.94,254.09,253.72,253.795,1500,2020-12-03 20:40:00,WIX
253.61,253.96,253.19,253.44,3668,2020-12-03 20:45:00,WIX
253.6,253.75,253.02,253.33,4079,2020-12-03 20:50:00,WIX
253.44,253.78,253.13,253.19,11616,2020-12-03 20:55:00,WIX
253.2,253.43,253.2,253.43,15782,2020-12-03 21:00:00,WIX
253.43,253.43,253.43,253.43,3800,2020-12-04 13:05:00,WIX
256.0,256.0,256.0,256.0,400,2020-12-04 13:40:00,WIX
253.91,254.5,252.1,253.1584,7804,2020-12-04 14:30:00,WIX
253.165,255.53,252.59,255.53,6300,2020-12-04 14:35:00,WIX
255.53,255.53,253.75,254.14,7165,2020-12-04 14:40:00,WIX
254.13,254.13,252.6,253.275,7076,2020-12-04 14:45:00,WIX
253.275,253.875,252.69,253.875,4742,2020-12-04 14:50:00,WIX
254.03,254.84,253.66,254.65,4104,2020-12-04 14:55:00,WIX
254.785,255.75,254.555,254.655,3737,2020-12-04 15:00:00,WIX
254.96,255.94,254.645,255.565,5381,2020-12-04 15:05:00,WIX
255.43,255.7278,254.7686,254.81,3598,2020-12-04 15:10:00,WIX
254.83,255.3139,254.61,254.965,3966,2020-12-04 15:15:00,WIX
255.33,256.0,255.175,255.79,5566,2020-12-04 15:20:00,WIX
255.35,256.025,254.84,255.08,4179,2020-12-04 15:25:00,WIX
255.14,255.5,254.75,255.29,5840,2020-12-04 15:30:00,WIX
255.295,255.65,255.17,255.43,4007,2020-12-04 15:35:00,WIX
255.63,256.65,255.51,256.59,5663,2020-12-04 15:40:00,WIX
256.79,256.88,256.0,256.365,3929,2020-12-04 15:45:00,WIX
256.09,256.34,255.44,255.865,5606,2020-12-04 15:50:00,WIX
256.025,256.03,255.64,255.8,3328,2020-12-04 15:55:00,WIX
255.62,255.795,254.96,255.26,6203,2020-12-04 16:00:00,WIX
254.93,255.13,254.35,254.935,5979,2020-12-04 16:05:00,WIX
254.935,255.24,254.615,255.185,5119,2020-12-04 16:10:00,WIX
255.24,256.18,255.19,256.18,4466,2020-12-04 16:15:00,WIX
256.265,256.83,256.265,256.72,5260,2020-12-04 16:20:00,WIX
256.7,257.58,256.7,257.58,4921,2020-12-04 16:25:00,WIX
257.58,258.255,257.52,257.695,15652,2020-12-04 16:30:00,WIX
257.695,258.52,257.67,257.905,3785,2020-12-04 16:35:00,WIX
257.91,257.92,257.065,257.31,3960,2020-12-04 16:40:00,WIX
257.4,257.4,256.54,257.11,5398,2020-12-04 16:45:00,WIX
256.96,257.17,256.66,256.82,3961,2020-12-04 16:50:00,WIX
256.86,257.07,256.1,256.22,2732,2020-12-04 16:55:00,WIX
256.22,256.6999,256.0,256.13,5324,2020-12-04 17:00:00,WIX
256.14,256.45,256.14,256.425,3608,2020-12-04 17:05:00,WIX
256.29,256.79,256.29,256.755,3348,2020-12-04 17:10:00,WIX
256.92,257.82,256.72,257.74,4588,2020-12-04 17:15:00,WIX
257.795,258.6699,257.795,258.435,3870,2020-12-04 17:20:00,WIX
258.285,258.45,258.07,258.17,3666,2020-12-04 17:25:00,WIX
258.165,258.62,258.165,258.62,7848,2020-12-04 17:30:00,WIX
258.66,258.81,257.51,258.0,3892,2020-12-04 17:35:00,WIX
257.53,257.655,257.53,257.615,2658,2020-12-04 17:40:00,WIX
257.74,257.745,257.32,257.51,4995,2020-12-04 17:45:00,WIX
257.6,257.76,257.21,257.7,4125,2020-12-04 17:50:00,WIX
257.695,257.715,257.48,257.685,3685,2020-12-04 17:55:00,WIX
257.685,257.685,256.68,257.055,2794,2020-12-04 18:00:00,WIX
257.055,257.9436,256.97,257.645,2589,2020-12-04 18:05:00,WIX
257.635,257.72,257.56,257.56,2606,2020-12-04 18:10:00,WIX
257.475,257.48,257.185,257.44,3198,2020-12-04 18:15:00,WIX
257.38,257.455,255.93,255.93,3417,2020-12-04 18:20:00,WIX
255.92,256.175,255.92,256.095,4221,2020-12-04 18:25:00,WIX
256.09,256.665,256.085,256.665,4918,2020-12-04 18:30:00,WIX
256.665,256.785,255.66,255.97,3023,2020-12-04 18:35:00,WIX
255.78,255.975,255.545,255.545,2853,2020-12-04 18:40:00,WIX
255.735,255.735,255.01,255.01,5444,2020-12-04 18:45:00,WIX
255.3,255.395,254.18,254.57,3046,2020-12-04 18:50:00,WIX
254.57,255.33,254.25,255.11,2787,2020-12-04 18:55:00,WIX
255.38,255.835,254.38,254.38,3855,2020-12-04 19:00:00,WIX
254.58,254.915,254.58,254.915,3043,2020-12-04 19:05:00,WIX
254.835,254.915,254.725,254.85,2458,2020-12-04 19:10:00,WIX
255.12,256.11,255.12,255.89,3014,2020-12-04 19:15:00,WIX
255.995,256.14,255.1478,255.775,4338,2020-12-04 19:20:00,WIX
255.765,255.89,255.13,255.26,2537,2020-12-04 19:25:00,WIX
255.205,255.555,255.185,255.27,2666,2020-12-04 19:30:00,WIX
255.485,255.62,255.29,255.62,2504,2020-12-04 19:35:00,WIX
255.62,255.7012,255.395,255.7012,3333,2020-12-04 19:40:00,WIX
255.5,255.975,255.5,255.825,3414,2020-12-04 19:45:00,WIX
255.49,255.93,255.48,255.745,2892,2020-12-04 19:50:00,WIX
255.69,255.87,255.02,255.16,3547,2020-12-04 19:55:00,WIX
255.26,255.26,254.98,254.98,3119,2020-12-04 20:00:00,WIX
255.12,255.57,254.785,254.81,3254,2020-12-04 20:05:00,WIX
254.775,255.1,254.5,254.835,3495,2020-12-04 20:10:00,WIX
254.61,255.175,254.375,254.635,2929,2020-12-04 20:15:00,WIX
254.89,254.9153,254.43,254.84,2927,2020-12-04 20:20:00,WIX
254.815,254.825,254.74,254.74,3025,2020-12-04 20:25:00,WIX
254.735,254.875,254.17,254.4,3883,2020-12-04 20:30:00,WIX
254.44,254.55,253.7,253.8466,5565,2020-12-04 20:35:00,WIX
253.84,255.115,253.84,254.89,5460,2020-12-04 20:40:00,WIX
255.1,255.48,254.38,255.02,10207,2020-12-04 20:45:00,WIX
254.635,255.43,254.57,255.42,10809,2020-12-04 20:50:00,WIX
255.6,256.0,255.07,256.0,17335,2020-12-04 20:55:00,WIX
255.83,255.83,255.83,255.83,9967,2020-12-04 21:00:00,WIX
255.83,255.83,255.83,255.83,1834,2020-12-04 21:30:00,WIX
257.85,259.6,257.23,259.02,14798,2020-12-07 14:30:00,WIX
259.085,260.5318,259.07,260.5318,4822,2020-12-07 14:35:00,WIX
260.9218,260.9218,258.97,258.97,2100,2020-12-07 14:40:00,WIX
258.4401,259.886,257.6,257.61,1134,2020-12-07 14:45:00,WIX
257.06,257.5607,256.41,257.495,2860,2020-12-07 14:50:00,WIX
257.305,257.515,256.06,256.105,1358,2020-12-07 14:55:00,WIX
256.395,256.91,256.26,256.485,1726,2020-12-07 15:00:00,WIX
256.472,256.9053,255.063,255.825,3334,2020-12-07 15:05:00,WIX
256.035,256.035,254.59,254.82,1980,2020-12-07 15:10:00,WIX
255.03,255.03,254.685,254.855,700,2020-12-07 15:15:00,WIX
255.5504,256.16,255.5,256.08,1760,2020-12-07 15:20:00,WIX
255.75,256.0098,254.36,254.44,3781,2020-12-07 15:25:00,WIX
254.5,255.08,254.39,254.7,2433,2020-12-07 15:30:00,WIX
255.1499,255.1499,253.86,253.86,5209,2020-12-07 15:35:00,WIX
253.58,254.23,253.54,254.165,4658,2020-12-07 15:40:00,WIX
253.31,254.7,253.31,254.7,1600,2020-12-07 15:45:00,WIX
254.84,254.96,253.55,254.53,2400,2020-12-07 15:50:00,WIX
254.63,254.63,254.18,254.18,300,2020-12-07 15:55:00,WIX
254.27,255.94,254.27,255.94,3700,2020-12-07 16:00:00,WIX
256.06,257.81,255.4,257.35,4070,2020-12-07 16:05:00,WIX
257.15,257.34,257.15,257.34,400,2020-12-07 16:10:00,WIX
257.15,257.17,256.5863,256.5863,1000,2020-12-07 16:15:00,WIX
256.94,257.47,256.6173,257.0268,2330,2020-12-07 16:20:00,WIX
257.035,258.0,256.66,258.0,3013,2020-12-07 16:25:00,WIX
258.22,258.61,257.77,257.94,2700,2020-12-07 16:30:00,WIX
257.31,257.31,256.1952,256.1952,700,2020-12-07 16:35:00,WIX
256.6,257.56,256.59,257.08,1600,2020-12-07 16:40:00,WIX
257.26,257.449,257.26,257.449,300,2020-12-07 16:45:00,WIX
257.185,257.185,256.99,257.055,440,2020-12-07 16:50:00,WIX
256.91,257.46,256.74,257.23,1540,2020-12-07 16:55:00,WIX
256.65,256.65,256.25,256.25,435,2020-12-07 17:00:00,WIX
256.135,256.23,256.0,256.135,658,2020-12-07 17:05:00,WIX
256.53,256.53,256.14,256.4813,800,2020-12-07 17:10:00,WIX
256.14,256.24,255.8,256.24,1900,2020-12-07 17:15:00,WIX
256.05,256.18,255.86,256.18,1300,2020-12-07 17:20:00,WIX
256.36,256.91,256.2,256.9,7417,2020-12-07 17:25:00,WIX
256.61,257.48,256.6,256.92,14533,2020-12-07 17:30:00,WIX
256.775,256.81,256.04,256.2,5730,2020-12-07 17:35:00,WIX
256.4,257.13,256.31,257.13,1400,2020-12-07 17:40:00,WIX
256.765,256.765,255.79,256.22,1600,2020-12-07 17:45:00,WIX
256.3,256.525,256.255,256.29,1900,2020-12-07 17:50:00,WIX
256.39,256.97,256.39,256.53,835,2020-12-07 17:55:00,WIX
256.67,256.75,256.595,256.75,750,2020-12-07 18:00:00,WIX
256.53,256.53,256.23,256.345,448,2020-12-07 18:05:00,WIX
256.4,256.4,255.8044,256.348,1404,2020-12-07 18:10:00,WIX
256.28,256.92,256.28,256.5,1578,2020-12-07 18:15:00,WIX
256.71,256.99,256.56,256.99,509,2020-12-07 18:20:00,WIX
256.45,256.45,256.11,256.11,800,2020-12-07 18:25:00,WIX
256.19,256.315,256.19,256.315,600,2020-12-07 18:30:00,WIX
256.315,257.25,256.31,257.25,5574,2020-12-07 18:35:00,WIX
257.07,258.17,257.04,258.17,2302,2020-12-07 18:40:00,WIX
257.93,258.12,257.83,257.94,2308,2020-12-07 18:45:00,WIX
257.96,258.3,257.69,257.69,5278,2020-12-07 18:50:00,WIX
258.03,258.3,257.8817,257.95,850,2020-12-07 18:55:00,WIX
257.94,257.96,257.09,257.725,2879,2020-12-07 19:00:00,WIX
257.74,258.25,257.74,258.25,500,2020-12-07 19:05:00,WIX
258.0572,258.13,258.04,258.04,800,2020-12-07 19:10:00,WIX
258.0,258.48,258.0,258.47,1743,2020-12-07 19:15:00,WIX
258.93,258.93,258.61,258.66,900,2020-12-07 19:20:00,WIX
258.94,259.15,258.443,258.443,1970,2020-12-07 19:25:00,WIX
258.59,258.85,258.59,258.63,816,2020-12-07 19:30:00,WIX
258.62,258.67,258.41,258.41,700,2020-12-07 19:35:00,WIX
258.29,259.095,258.23,259.04,2947,2020-12-07 19:40:00,WIX
258.73,258.84,258.39,258.72,790,2020-12-07 19:45:00,WIX
258.81,258.81,258.275,258.77,1191,2020-12-07 19:50:00,WIX
258.67,258.79,258.35,258.6,600,2020-12-07 19:55:00,WIX
258.4,258.4,257.57,258.21,3554,2020-12-07 20:00:00,WIX
257.97,258.03,257.585,257.79,719,2020-12-07 20:05:00,WIX
257.7,257.9485,257.555,257.7428,3690,2020-12-07 20:10:00,WIX
257.89,258.1,257.73,258.1,1300,2020-12-07 20:15:00,WIX
258.115,258.115,257.49,257.85,1533,2020-12-07 20:20:00,WIX
257.61,258.03,257.465,257.65,1694,2020-12-07 20:25:00,WIX
257.6,257.772,257.41,257.525,3317,2020-12-07 20:30:00,WIX
257.47,257.7,257.36,257.7,2500,2020-12-07 20:35:00,WIX
257.86,257.86,257.13,257.37,4073,2020-12-07 20:40:00,WIX
257.43,257.46,256.74,256.84,4996,2020-12-07 20:45:00,WIX
256.67,256.93,256.4,256.84,5134,2020-12-07 20:50:00,WIX
256.715,257.06,256.31,256.93,20404,2020-12-07 20:55:00,WIX
256.93,256.93,256.93,256.93,22986,2020-12-07 21:00:00,WIX
256.93,256.93,256.93,256.93,9548,2020-12-08 14:20:00,WIX
256.9,257.62,255.522,255.9504,5277,2020-12-08 14:30:00,WIX
256.87,257.73,255.2601,255.2601,4573,2020-12-08 14:35:00,WIX
256.0,256.84,255.4897,256.84,4299,2020-12-08 14:40:00,WIX
257.14,257.18,254.23,254.69,6566,2020-12-08 14:45:00,WIX
254.59,255.4059,254.46,255.4059,1096,2020-12-08 14:50:00,WIX
255.0,256.105,254.66,256.105,2100,2020-12-08 14:55:00,WIX
256.135,256.81,255.61,256.81,5317,2020-12-08 15:00:00,WIX
256.25,256.29,256.0,256.086,1374,2020-12-08 15:05:00,WIX
256.31,256.95,255.9,256.56,2700,2020-12-08 15:10:00,WIX
256.5,256.5,254.28,255.0,2508,2020-12-08 15:15:00,WIX
254.32,255.0,253.7966,254.115,3367,2020-12-08 15:20:00,WIX
254.29,255.41,254.29,255.41,800,2020-12-08 15:25:00,WIX
255.13,255.58,255.13,255.365,500,2020-12-08 15:30:00,WIX
255.5,255.92,255.5,255.76,700,2020-12-08 15:35:00,WIX
256.23,256.23,255.66,255.66,1031,2020-12-08 15:40:00,WIX
256.41,256.86,255.5465,256.05,4200,2020-12-08 15:45:00,WIX
255.87,256.69,255.87,256.69,1000,2020-12-08 15:50:00,WIX
256.4,257.45,256.27,257.31,4000,2020-12-08 15:55:00,WIX
257.31,257.31,256.62,256.62,904,2020-12-08 16:00:00,WIX
256.62,256.62,255.965,255.98,500,2020-12-08 16:05:00,WIX
255.6,255.9,255.22,255.8,1700,2020-12-08 16:10:00,WIX
255.63,256.5941,253.69,253.82,18426,2020-12-08 16:15:00,WIX
254.72,255.25,253.97,253.97,1704,2020-12-08 16:20:00,WIX
254.955,255.515,254.955,255.515,600,2020-12-08 16:25:00,WIX
255.3899,255.96,255.3899,255.96,300,2020-12-08 16:30:00,WIX
256.095,256.095,255.73,255.73,200,2020-12-08 16:35:00,WIX
255.785,255.785,255.19,255.69,597,2020-12-08 16:40:00,WIX
254.97,254.97,254.6087,254.85,1334,2020-12-08 16:45:00,WIX
254.5,254.715,254.1,254.1657,950,2020-12-08 16:50:00,WIX
254.59,254.81,254.14,254.655,1773,2020-12-08 16:55:00,WIX
254.17,255.005,254.17,254.895,1900,2020-12-08 17:00:00,WIX
254.5512,254.7,253.09,253.09,2234,2020-12-08 17:05:00,WIX
253.585,253.78,253.3609,253.3609,1100,2020-12-08 17:10:00,WIX
253.315,253.54,251.52,252.25,7341,2020-12-08 17:15:00,WIX
252.295,252.91,252.295,252.91,2267,2020-12-08 17:20:00,WIX
252.59,252.85,252.575,252.575,400,2020-12-08 17:25:00,WIX
252.57,252.57,252.27,252.27,614,2020-12-08 17:30:00,WIX
252.6,252.92,252.4952,252.92,1300,2020-12-08 17:35:00,WIX
253.18,253.18,252.55,252.55,497,2020-12-08 17:40:00,WIX
252.045,252.13,251.605,251.7536,1714,2020-12-08 17:45:00,WIX
252.03,252.83,252.03,252.29,3317,2020-12-08 17:50:00,WIX
252.26,252.38,252.11,252.14,500,2020-12-08 17:55:00,WIX
252.2,253.05,252.2,252.75,2100,2020-12-08 18:00:00,WIX
252.69,252.98,252.69,252.96,1800,2020-12-08 18:05:00,WIX
253.435,253.88,253.25,253.26,1459,2020-12-08 18:10:00,WIX
253.525,253.66,252.79,252.99,3927,2020-12-08 18:15:00,WIX
252.57,253.145,252.57,253.025,1825,2020-12-08 18:20:00,WIX
252.945,253.315,252.945,253.315,1466,2020-12-08 18:25:00,WIX
253.1,253.1,252.6,253.09,774,2020-12-08 18:30:00,WIX
253.2,253.735,253.16,253.73,1900,2020-12-08 18:35:00,WIX
253.735,254.0,253.495,253.81,2300,2020-12-08 18:40:00,WIX
253.83,253.83,253.34,253.735,1500,2020-12-08 18:45:00,WIX
253.305,253.6,253.07,253.07,820,2020-12-08 18:50:00,WIX
253.27,253.47,253.26,253.26,500,2020-12-08 18:55:00,WIX
253.115,253.115,253.115,253.115,100,2020-12-08 19:00:00,WIX
253.05,253.25,252.85,253.25,1000,2020-12-08 19:05:00,WIX
253.21,253.35,253.21,253.35,301,2020-12-08 19:10:00,WIX
253.455,253.455,252.54,252.57,1320,2020-12-08 19:15:00,WIX
252.505,252.8339,252.505,252.7,609,2020-12-08 19:20:00,WIX
253.08,253.415,252.92,253.415,405,2020-12-08 19:25:00,WIX
253.0,253.0,252.94,253.0,300,2020-12-08 19:30:00,WIX
252.755,253.22,252.5,252.84,1193,2020-12-08 19:35:00,WIX
252.64,252.71,252.64,252.705,600,2020-12-08 19:40:00,WIX
253.03,253.045,252.82,252.82,800,2020-12-08 19:45:00,WIX
252.94,253.2,252.74,252.99,2653,2020-12-08 19:50:00,WIX
252.86,253.035,252.32,252.7043,1300,2020-12-08 19:55:00,WIX
252.615,252.79,252.425,252.425,525,2020-12-08 20:00:00,WIX
252.21,252.39,252.21,252.39,400,2020-12-08 20:05:00,WIX
252.41,252.43,252.34,252.395,1100,2020-12-08 20:10:00,WIX
252.31,252.32,251.79,251.79,5078,2020-12-08 20:15:00,WIX
251.895,252.159,251.82,251.88,5602,2020-12-08 20:20:00,WIX
251.775,252.175,251.66,251.925,1100,2020-12-08 20:25:00,WIX
251.985,252.0,251.52,251.72,2557,2020-12-08 20:30:00,WIX
251.55,251.7,251.01,251.7,4498,2020-12-08 20:35:00,WIX
251.7,251.84,251.29,251.67,3200,2020-12-08 20:40:00,WIX
251.5708,251.69,250.99,251.0,10665,2020-12-08 20:45:00,WIX
250.72,250.93,250.2,250.36,11362,2020-12-08 20:50:00,WIX
250.28,251.43,250.28,251.43,11920,2020-12-08 20:55:00,WIX
251.17,251.17,251.17,251.17,27262,2020-12-08 21:00:00,WIX
251.17,251.2,251.17,251.2,7945,2020-12-08 22:30:00,WIX
251.17,251.17,251.17,251.17,40874,2020-12-08 22:35:00,WIX
252.0,252.0,252.0,252.0,100,2020-12-09 00:05:00,WIX
254.0,254.0,254.0,254.0,150,2020-12-09 10:25:00,WIX
254.21,254.21,254.21,254.21,140,2020-12-09 11:40:00,WIX
254.21,255.0,254.21,255.0,578,2020-12-09 12:00:00,WIX
255.0,255.0,255.0,255.0,280,2020-12-09 12:05:00,WIX
255.0,255.77,255.0,255.77,950,2020-12-09 12:30:00,WIX
255.0,255.0,255.0,255.0,500,2020-12-09 13:20:00,WIX
255.0,255.0,255.0,255.0,113,2020-12-09 14:00:00,WIX
256.53,256.53,256.53,256.53,100,2020-12-09 14:20:00,WIX
257.1,257.1,253.4695,253.54,14885,2020-12-09 14:30:00,WIX
253.995,254.92,252.42,253.95,3656,2020-12-09 14:35:00,WIX
253.16,254.84,253.0,254.07,9125,2020-12-09 14:40:00,WIX
253.47,254.08,252.3,253.52,4083,2020-12-09 14:45:00,WIX
253.99,254.38,252.63,252.71,3860,2020-12-09 14:50:00,WIX
253.7023,254.14,253.05,253.57,5805,2020-12-09 14:55:00,WIX
253.615,253.615,252.39,252.66,4803,2020-12-09 15:00:00,WIX
252.9115,252.9115,251.7432,252.46,2000,2020-12-09 15:05:00,WIX
252.08,252.74,251.54,251.85,5763,2020-12-09 15:10:00,WIX
251.85,253.285,251.21,253.095,3840,2020-12-09 15:15:00,WIX
253.06,253.28,252.05,252.07,3334,2020-12-09 15:20:00,WIX
252.46,253.28,252.22,253.0,5000,2020-12-09 15:25:00,WIX
252.78,252.94,252.2,252.38,2206,2020-12-09 15:30:00,WIX
252.6,252.6,251.31,252.11,4825,2020-12-09 15:35:00,WIX
251.98,252.78,251.9301,252.505,2200,2020-12-09 15:40:00,WIX
252.4,253.79,252.4,253.3,6935,2020-12-09 15:45:00,WIX
253.32,253.32,252.1,252.87,5321,2020-12-09 15:50:00,WIX
252.985,253.49,252.68,252.8529,11330,2020-12-09 15:55:00,WIX
253.02,253.37,252.0,253.37,7080,2020-12-09 16:00:00,WIX
253.09,253.605,252.925,253.51,5992,2020-12-09 16:05:00,WIX
253.3,253.62,252.55,253.295,9133,2020-12-09 16:10:00,WIX
253.295,253.61,253.02,253.11,7111,2020-12-09 16:15:00,WIX
253.235,253.38,252.84,253.25,4110,2020-12-09 16:20:00,WIX
253.265,253.265,252.57,252.88,14728,2020-12-09 16:25:00,WIX
252.945,253.54,252.51,252.5519,18673,2020-12-09 16:30:00,WIX
252.7,252.91,252.235,252.42,23795,2020-12-09 16:35:00,WIX
252.425,253.19,251.91,253.19,18449,2020-12-09 16:40:00,WIX
253.29,253.29,252.1,252.6,2500,2020-12-09 16:45:00,WIX
252.97,254.65,252.97,253.645,63463,2020-12-09 16:50:00,WIX
253.705,255.85,253.46,255.07,114829,2020-12-09 16:55:00,WIX
255.195,255.23,253.94,254.12,69718,2020-12-09 17:00:00,WIX
254.02,254.5,253.49,253.49,25643,2020-12-09 17:05:00,WIX
253.175,253.175,252.595,252.855,3883,2020-12-09 17:10:00,WIX
252.67,252.67,251.3,251.3,2314,2020-12-09 17:15:00,WIX
251.405,251.405,250.49,250.78,3752,2020-12-09 17:20:00,WIX
250.79,250.865,249.65,250.35,8356,2020-12-09 17:25:00,WIX
250.35,250.62,249.29,249.44,6781,2020-12-09 17:30:00,WIX
249.71,250.33,248.805,248.805,4850,2020-12-09 17:35:00,WIX
248.79,249.07,246.46,248.084,15590,2020-12-09 17:40:00,WIX
248.21,248.25,246.46,246.46,8993,2020-12-09 17:45:00,WIX
246.6,247.915,246.19,247.91,9200,2020-12-09 17:50:00,WIX
247.72,248.0,247.41,247.865,4439,2020-12-09 17:55:00,WIX
247.87,248.73,246.88,247.06,8909,2020-12-09 18:00:00,WIX
247.09,248.84,247.09,248.14,6435,2020-12-09 18:05:00,WIX
248.41,249.37,248.15,248.53,3801,2020-12-09 18:10:00,WIX
248.42,248.71,248.18,248.46,2650,2020-12-09 18:15:00,WIX
248.84,249.24,248.59,248.5901,1700,2020-12-09 18:20:00,WIX
248.59,248.75,246.45,246.85,7796,2020-12-09 18:25:00,WIX
247.22,248.14,245.9904,245.9904,3439,2020-12-09 18:30:00,WIX
246.195,247.16,246.19,247.04,2340,2020-12-09 18:35:00,WIX
246.79,246.79,245.02,246.33,6405,2020-12-09 18:40:00,WIX
246.1157,246.6,245.91,246.6,1314,2020-12-09 18:45:00,WIX
246.98,246.98,245.975,246.22,3689,2020-12-09 18:50:00,WIX
246.37,246.37,244.21,244.21,2900,2020-12-09 18:55:00,WIX
244.205,246.56,244.205,246.56,33303,2020-12-09 19:00:00,WIX
246.89,247.95,246.77,247.065,5011,2020-12-09 19:05:00,WIX
247.17,248.2,247.17,248.07,3290,2020-12-09 19:10:00,WIX
247.9,247.9,245.8,246.9906,41377,2020-12-09 19:15:00,WIX
247.4347,247.72,247.02,247.02,5381,2020-12-09 19:20:00,WIX
247.25,247.71,247.0,247.18,3650,2020-12-09 19:25:00,WIX
247.195,247.375,246.47,247.08,3200,2020-12-09 19:30:00,WIX
247.09,247.54,246.995,247.15,2741,2020-12-09 19:35:00,WIX
247.275,247.275,246.3,246.51,1400,2020-12-09 19:40:00,WIX
246.545,247.52,246.545,247.02,8455,2020-12-09 19:45:00,WIX
247.05,247.35,246.82,247.2,3298,2020-12-09 19:50:00,WIX
247.45,249.715,247.13,249.715,13913,2020-12-09 19:55:00,WIX
249.245,249.485,248.29,248.29,4710,2020-12-09 20:00:00,WIX
247.865,249.47,247.865,249.47,3046,2020-12-09 20:05:00,WIX
249.49,249.49,248.55,248.69,2970,2020-12-09 20:10:00,WIX
248.705,249.195,248.22,248.73,6000,2020-12-09 20:15:00,WIX
248.79,248.81,247.94,248.39,3329,2020-12-09 20:20:00,WIX
248.24,248.24,247.27,247.42,11367,2020-12-09 20:25:00,WIX
247.74,248.05,247.38,247.79,7739,2020-12-09 20:30:00,WIX
247.67,248.75,246.95,248.08,17106,2020-12-09 20:35:00,WIX
248.08,249.72,247.5,249.24,13038,2020-12-09 20:40:00,WIX
249.07,250.0,248.7106,249.71,10163,2020-12-09 20:45:00,WIX
249.74,250.86,248.73,248.73,17185,2020-12-09 20:50:00,WIX
249.0,249.49,248.18,248.27,75394,2020-12-09 20:55:00,WIX
248.27,248.27,248.27,248.27,38698,2020-12-09 21:00:00,WIX
248.27,248.27,248.27,248.27,24500,2020-12-09 21:05:00,WIX
248.27,248.27,248.27,248.27,61200,2020-12-09 21:10:00,WIX
248.8,248.8,248.8,248.8,100,2020-12-09 21:40:00,WIX
248.27,248.27,248.27,248.27,3244,2020-12-09 22:05:00,WIX
248.27,248.27,248.27,248.27,42675,2020-12-09 22:50:00,WIX
249.08,249.08,249.08,249.08,400,2020-12-10 12:10:00,WIX
245.61,246.71,244.11,244.11,15613,2020-12-10 14:30:00,WIX
243.91,247.47,243.71,247.175,13122,2020-12-10 14:35:00,WIX
247.175,252.22,247.175,251.86,14951,2020-12-10 14:40:00,WIX
251.69,253.68,251.41,253.63,6130,2020-12-10 14:45:00,WIX
253.395,254.54,252.05,252.905,10455,2020-12-10 14:50:00,WIX
253.5547,253.8,252.03,252.655,50114,2020-12-10 14:55:00,WIX
253.45,253.79,251.21,251.885,20344,2020-12-10 15:00:00,WIX
252.31,252.73,251.598,251.855,10367,2020-12-10 15:05:00,WIX
252.125,253.4205,251.27,251.955,13330,2020-12-10 15:10:00,WIX
252.337,254.81,251.51,254.0,4553,2020-12-10 15:15:00,WIX
254.32,256.4016,254.32,255.345,10525,2020-12-10 15:20:00,WIX
255.0,256.77,254.24,256.75,9278,2020-12-10 15:25:00,WIX
256.8,257.61,255.86,256.23,7645,2020-12-10 15:30:00,WIX
256.9635,257.6,256.71,257.455,4428,2020-12-10 15:35:00,WIX
257.14,257.26,256.4462,256.49,17820,2020-12-10 15:40:00,WIX
256.5,256.89,255.97,256.19,9921,2020-12-10 15:45:00,WIX
256.365,256.9168,255.91,256.42,9252,2020-12-10 15:50:00,WIX
257.0,257.0,255.61,256.33,3691,2020-12-10 15:55:00,WIX
256.435,257.16,256.435,256.87,4803,2020-12-10 16:00:00,WIX
256.97,257.58,256.67,257.58,2696,2020-12-10 16:05:00,WIX
257.213,258.42,257.213,257.55,6494,2020-12-10 16:10:00,WIX
257.793,258.57,257.695,258.01,6288,2020-12-10 16:15:00,WIX
258.19,259.78,257.735,259.0,7437,2020-12-10 16:20:00,WIX
258.735,259.38,258.59,259.09,3362,2020-12-10 16:25:00,WIX
259.42,259.97,258.5,258.67,4881,2020-12-10 16:30:00,WIX
258.5,258.5,257.86,258.5,1456,2020-12-10 16:35:00,WIX
258.09,258.84,258.055,258.84,1034,2020-12-10 16:40:00,WIX
258.86,259.65,258.86,259.43,5497,2020-12-10 16:45:00,WIX
259.43,259.6,258.715,259.16,4080,2020-12-10 16:50:00,WIX
258.99,259.15,257.65,258.95,18337,2020-12-10 16:55:00,WIX
258.8,259.09,256.525,258.465,17675,2020-12-10 17:00:00,WIX
258.185,259.5,258.175,259.5,4904,2020-12-10 17:05:00,WIX
259.37,259.37,258.265,258.66,1736,2020-12-10 17:10:00,WIX
258.27,258.92,258.27,258.92,4417,2020-12-10 17:15:00,WIX
258.89,259.2,258.27,258.28,5753,2020-12-10 17:20:00,WIX
258.465,258.55,257.77,258.47,4162,2020-12-10 17:25:00,WIX
258.5,259.48,258.5,259.22,2800,2020-12-10 17:30:00,WIX
259.21,260.0,259.02,260.0,8714,2020-12-10 17:35:00,WIX
260.1,260.82,260.1,260.81,1700,2020-12-10 17:40:00,WIX
260.82,261.0,260.61,260.8,3389,2020-12-10 17:45:00,WIX
261.0,261.1,260.28,260.46,16920,2020-12-10 17:50:00,WIX
260.46,261.358,260.46,261.358,4292,2020-12-10 17:55:00,WIX
261.59,263.07,261.59,262.835,8580,2020-12-10 18:00:00,WIX
263.065,263.44,262.54,263.44,7343,2020-12-10 18:05:00,WIX
263.49,264.55,263.49,263.82,6286,2020-12-10 18:10:00,WIX
264.0,264.6,263.73,264.185,6777,2020-12-10 18:15:00,WIX
264.32,264.49,263.73,264.12,8100,2020-12-10 18:20:00,WIX
264.07,265.21,264.07,265.21,11263,2020-12-10 18:25:00,WIX
265.21,265.7899,264.74,265.355,8194,2020-12-10 18:30:00,WIX
265.355,265.355,264.175,265.325,5064,2020-12-10 18:35:00,WIX
265.12,265.34,264.53,265.29,6700,2020-12-10 18:40:00,WIX
265.08,265.325,264.48,265.325,2844,2020-12-10 18:45:00,WIX
265.15,266.685,265.095,266.685,5465,2020-12-10 18:50:00,WIX
266.69,268.01,266.185,267.83,17007,2020-12-10 18:55:00,WIX
267.9999,267.9999,265.98,266.55,6249,2020-12-10 19:00:00,WIX
266.85,267.4,266.49,267.06,3903,2020-12-10 19:05:00,WIX
267.06,267.375,266.8,267.08,3556,2020-12-10 19:10:00,WIX
267.07,267.56,266.84,267.1,4051,2020-12-10 19:15:00,WIX
267.25,268.39,266.84,268.33,5994,2020-12-10 19:20:00,WIX
268.33,268.62,267.8,268.523,11702,2020-12-10 19:25:00,WIX
268.32,268.54,268.1,268.285,5086,2020-12-10 19:30:00,WIX
268.2,268.545,267.99,268.45,12916,2020-12-10 19:35:00,WIX
268.415,268.86,268.415,268.86,7813,2020-12-10 19:40:00,WIX
268.805,268.93,266.44,266.57,10513,2020-12-10 19:45:00,WIX
266.45,266.65,265.58,266.19,7206,2020-12-10 19:50:00,WIX
266.145,266.69,265.41,265.665,24821,2020-12-10 19:55:00,WIX
265.9,266.645,265.67,266.425,18000,2020-12-10 20:00:00,WIX
266.56,266.95,266.38,266.87,4986,2020-12-10 20:05:00,WIX
266.725,267.86,266.715,267.5,4065,2020-12-10 20:10:00,WIX
267.97,268.02,267.59,267.66,6099,2020-12-10 20:15:00,WIX
267.59,268.09,267.47,267.85,3987,2020-12-10 20:20:00,WIX
267.79,268.925,267.66,268.36,7326,2020-12-10 20:25:00,WIX
268.46,268.81,268.17,268.81,4289,2020-12-10 20:30:00,WIX
268.712,269.4,268.59,269.15,10252,2020-12-10 20:35:00,WIX
269.14,269.19,268.3832,268.3832,7482,2020-12-10 20:40:00,WIX
268.69,268.9474,268.1,268.12,13638,2020-12-10 20:45:00,WIX
268.56,271.7,268.13,270.79,38210,2020-12-10 20:50:00,WIX
271.62,272.08,270.635,271.78,74498,2020-12-10 20:55:00,WIX
271.78,271.78,271.78,271.78,53154,2020-12-10 21:00:00,WIX
272.0002,272.0002,272.0002,272.0002,100,2020-12-10 21:10:00,WIX
272.25,272.25,272.25,272.25,100,2020-12-10 21:15:00,WIX
271.78,271.78,271.78,271.78,304,2020-12-10 21:20:00,WIX
270.0002,270.0002,270.0002,270.0002,105,2020-12-10 22:10:00,WIX
269.5,269.5,269.5,269.5,300,2020-12-10 23:45:00,WIX
269.75,269.75,269.75,269.75,100,2020-12-11 00:00:00,WIX
268.63,270.0,266.12,267.02,16067,2020-12-11 14:30:00,WIX
266.54,268.445,266.54,268.38,1900,2020-12-11 14:35:00,WIX
267.18,268.36,264.3396,264.54,9845,2020-12-11 14:40:00,WIX
264.54,266.62,263.99,266.0,2561,2020-12-11 14:45:00,WIX
266.02,269.83,265.06,269.83,4626,2020-12-11 14:50:00,WIX
268.6,268.905,265.4,266.82,2900,2020-12-11 14:55:00,WIX
266.06,268.08,266.03,267.355,2500,2020-12-11 15:00:00,WIX
267.415,267.47,266.54,266.61,1700,2020-12-11 15:05:00,WIX
266.5,266.5,265.02,265.385,2355,2020-12-11 15:10:00,WIX
265.0,266.175,264.81,266.175,2744,2020-12-11 15:15:00,WIX
266.39,267.035,266.29,266.489,1919,2020-12-11 15:20:00,WIX
266.085,266.77,265.65,266.45,2398,2020-12-11 15:25:00,WIX
266.41,266.41,265.4,265.695,400,2020-12-11 15:30:00,WIX
265.79,265.79,264.24,264.24,4371,2020-12-11 15:35:00,WIX
264.445,265.56,264.0,265.09,4076,2020-12-11 15:40:00,WIX
264.88,265.59,264.64,264.86,2784,2020-12-11 15:45:00,WIX
264.8,265.19,262.68,263.19,5233,2020-12-11 15:50:00,WIX
262.92,262.92,262.22,262.5938,1581,2020-12-11 15:55:00,WIX
262.64,263.1499,262.32,263.1499,3000,2020-12-11 16:00:00,WIX
263.205,263.4,262.75,262.8,1700,2020-12-11 16:05:00,WIX
262.95,263.09,262.61,262.62,1500,2020-12-11 16:10:00,WIX
262.56,262.75,262.3,262.75,1600,2020-12-11 16:15:00,WIX
262.81,263.02,261.34,261.488,2236,2020-12-11 16:20:00,WIX
261.56,261.57,260.8476,260.87,3250,2020-12-11 16:25:00,WIX
260.765,262.99,260.765,262.99,5407,2020-12-11 16:30:00,WIX
262.51,262.51,261.63,261.645,2960,2020-12-11 16:35:00,WIX
261.699,261.699,260.4,260.4,1308,2020-12-11 16:40:00,WIX
260.8082,261.21,260.6,261.21,1400,2020-12-11 16:45:00,WIX
261.29,261.29,261.03,261.03,500,2020-12-11 16:50:00,WIX
261.39,261.415,261.0,261.0,1300,2020-12-11 16:55:00,WIX
261.35,261.8508,261.35,261.74,900,2020-12-11 17:00:00,WIX
262.14,262.15,261.74,261.74,800,2020-12-11 17:05:00,WIX
261.0,261.15,260.82,261.15,600,2020-12-11 17:10:00,WIX
260.99,261.1,260.66,261.02,900,2020-12-11 17:15:00,WIX
260.53,260.53,259.51,259.82,3947,2020-12-11 17:20:00,WIX
259.86,260.09,259.4,260.09,2357,2020-12-11 17:25:00,WIX
259.895,260.134,259.61,260.03,1561,2020-12-11 17:30:00,WIX
259.58,260.54,259.58,259.8001,1413,2020-12-11 17:35:00,WIX
260.225,260.73,260.07,260.07,1900,2020-12-11 17:40:00,WIX
260.0,260.0,259.47,259.75,1918,2020-12-11 17:45:00,WIX
259.35,260.42,259.35,260.42,800,2020-12-11 17:50:00,WIX
260.0,260.73,260.0,260.52,2552,2020-12-11 17:55:00,WIX
260.205,261.29,260.205,261.2778,7698,2020-12-11 18:00:00,WIX
261.26,261.81,261.26,261.635,3000,2020-12-11 18:05:00,WIX
261.34,261.77,261.31,261.375,900,2020-12-11 18:10:00,WIX
261.57,261.625,260.895,261.1,2364,2020-12-11 18:15:00,WIX
261.05,261.44,260.87,261.125,2020,2020-12-11 18:20:00,WIX
261.045,261.32,260.86,260.86,1400,2020-12-11 18:25:00,WIX
261.1,261.92,261.1,261.855,1570,2020-12-11 18:30:00,WIX
261.85,262.5,261.69,261.69,3139,2020-12-11 18:35:00,WIX
261.65,262.205,261.31,261.75,1800,2020-12-11 18:40:00,WIX
261.83,262.03,261.71,262.03,600,2020-12-11 18:45:00,WIX
262.28,262.5,261.6464,261.6464,1831,2020-12-11 18:50:00,WIX
262.05,262.07,261.62,261.88,955,2020-12-11 18:55:00,WIX
261.88,261.88,261.1788,261.19,1134,2020-12-11 19:00:00,WIX
261.345,261.74,261.25,261.495,1100,2020-12-11 19:05:00,WIX
261.81,261.81,261.43,261.465,1700,2020-12-11 19:10:00,WIX
261.72,262.4,261.5,262.0096,3000,2020-12-11 19:15:00,WIX
262.15,262.33,261.89,261.98,1495,2020-12-11 19:20:00,WIX
261.89,262.18,261.815,262.0,2553,2020-12-11 19:25:00,WIX
262.01,262.5,262.01,262.34,1715,2020-12-11 19:30:00,WIX
262.19,262.37,261.98,262.18,1700,2020-12-11 19:35:00,WIX
262.36,262.45,261.72,262.29,2900,2020-12-11 19:40:00,WIX
262.18,262.25,262.1,262.1,678,2020-12-11 19:45:00,WIX
261.89,262.38,261.89,262.11,2000,2020-12-11 19:50:00,WIX
262.095,262.5,262.095,262.5,900,2020-12-11 19:55:00,WIX
262.26,262.59,261.97,262.155,5132,2020-12-11 20:00:00,WIX
262.38,262.47,261.8,262.16,3094,2020-12-11 20:05:00,WIX
262.195,262.85,262.19,262.85,4360,2020-12-11 20:10:00,WIX
262.87,263.45,262.79,263.32,4752,2020-12-11 20:15:00,WIX
263.46,263.46,262.8,262.8,2100,2020-12-11 20:20:00,WIX
262.93,263.03,262.48,262.72,2200,2020-12-11 20:25:00,WIX
263.01,263.61,262.68,263.425,14418,2020-12-11 20:30:00,WIX
263.57,263.86,263.18,263.2,4524,2020-12-11 20:35:00,WIX
263.35,264.41,263.07,264.03,8703,2020-12-11 20:40:00,WIX
264.04,265.99,264.04,265.99,10302,2020-12-11 20:45:00,WIX
265.935,266.4,264.74,266.195,22083,2020-12-11 20:50:00,WIX
266.39,267.08,265.47,265.9502,50724,2020-12-11 20:55:00,WIX
266.41,266.41,266.41,266.41,30091,2020-12-11 21:00:00,WIX
266.41,266.41,266.41,266.41,44431,2020-12-11 21:05:00,WIX
266.41,266.41,266.41,266.41,45473,2020-12-11 22:00:00,WIX
266.7619,266.7619,266.7619,266.7619,100,2020-12-11 22:55:00,WIX
264.6,267.22,264.6,265.05,13290,2020-12-14 14:30:00,WIX
265.45,268.05,264.82,267.5643,3618,2020-12-14 14:35:00,WIX
267.1801,267.6,265.7,265.7,2579,2020-12-14 14:40:00,WIX
266.62,267.15,265.68,266.49,2100,2020-12-14 14:45:00,WIX
266.0,266.0,264.06,264.88,1087,2020-12-14 14:50:00,WIX
264.32,265.49,264.21,265.315,2045,2020-12-14 14:55:00,WIX
265.93,266.78,261.61,262.81,11718,2020-12-14 15:00:00,WIX
262.96,263.63,262.9,263.25,2613,2020-12-14 15:05:00,WIX
263.49,265.3215,263.37,264.45,1400,2020-12-14 15:10:00,WIX
264.73,264.8,263.56,263.56,5525,2020-12-14 15:15:00,WIX
263.3,265.05,263.3,264.19,6830,2020-12-14 15:20:00,WIX
264.18,264.18,263.29,263.815,1650,2020-12-14 15:25:00,WIX
263.4,263.4,261.54,261.6,4374,2020-12-14 15:30:00,WIX
262.19,262.87,261.77,262.87,2200,2020-12-14 15:35:00,WIX
262.85,263.05,262.52,262.845,1460,2020-12-14 15:40:00,WIX
263.13,263.18,262.05,262.23,3576,2020-12-14 15:45:00,WIX
261.95,262.89,261.865,262.89,8339,2020-12-14 15:50:00,WIX
263.09,263.54,262.655,262.655,1174,2020-12-14 15:55:00,WIX
262.49,263.17,262.36,263.17,1300,2020-12-14 16:00:00,WIX
262.75,263.17,262.47,263.16,1045,2020-12-14 16:05:00,WIX
263.26,263.99,262.63,263.52,1700,2020-12-14 16:10:00,WIX
263.64,265.0,263.5,265.0,1500,2020-12-14 16:15:00,WIX
264.93,265.08,264.04,264.81,1521,2020-12-14 16:20:00,WIX
264.805,265.06,264.01,264.01,1268,2020-12-14 16:25:00,WIX
263.77,264.34,263.24,264.3,1200,2020-12-14 16:30:00,WIX
263.97,263.97,263.56,263.56,300,2020-12-14 16:35:00,WIX
263.56,264.6,263.56,264.405,3035,2020-12-14 16:40:00,WIX
264.71,265.0,264.37,264.37,1850,2020-12-14 16:45:00,WIX
264.46,264.66,264.24,264.44,1200,2020-12-14 16:50:00,WIX
264.63,265.24,264.45,265.24,4250,2020-12-14 16:55:00,WIX
264.795,264.86,264.54,264.77,1298,2020-12-14 17:00:00,WIX
264.56,264.76,264.48,264.48,1198,2020-12-14 17:05:00,WIX
264.58,264.58,263.87,264.21,1200,2020-12-14 17:10:00,WIX
264.3728,264.6,263.95,264.58,1940,2020-12-14 17:15:00,WIX
264.76,265.1874,264.7,264.7,330,2020-12-14 17:20:00,WIX
264.955,265.195,264.6,264.6,1974,2020-12-14 17:25:00,WIX
264.45,265.24,264.45,265.15,2232,2020-12-14 17:30:00,WIX
265.24,265.49,265.015,265.3,4117,2020-12-14 17:35:00,WIX
265.35,265.35,265.35,265.35,150,2020-12-14 17:40:00,WIX
265.03,265.54,265.03,265.285,3833,2020-12-14 17:45:00,WIX
265.05,265.445,264.6,264.94,7769,2020-12-14 17:50:00,WIX
265.27,265.27,265.2,265.2,200,2020-12-14 17:55:00,WIX
264.39,264.39,264.11,264.11,200,2020-12-14 18:00:00,WIX
264.09,264.11,262.97,263.09,2432,2020-12-14 18:05:00,WIX
262.49,262.97,262.435,262.765,1000,2020-12-14 18:10:00,WIX
263.17,263.35,262.96,262.96,540,2020-12-14 18:15:00,WIX
263.155,263.71,263.155,263.384,600,2020-12-14 18:20:00,WIX
263.435,263.905,263.295,263.42,1625,2020-12-14 18:25:00,WIX
263.44,263.82,263.01,263.01,1007,2020-12-14 18:30:00,WIX
262.5101,263.05,262.5101,263.05,530,2020-12-14 18:35:00,WIX
262.9,262.9,262.36,262.385,2237,2020-12-14 18:40:00,WIX
262.82,262.93,262.15,262.445,1600,2020-12-14 18:45:00,WIX
262.18,263.06,262.18,262.97,600,2020-12-14 18:50:00,WIX
263.12,263.64,263.04,263.64,662,2020-12-14 18:55:00,WIX
263.285,263.285,263.04,263.06,1345,2020-12-14 19:00:00,WIX
263.245,263.4,262.77,262.8647,1821,2020-12-14 19:05:00,WIX
263.04,263.29,262.42,262.57,3504,2020-12-14 19:10:00,WIX
262.29,262.29,261.58,261.9,3137,2020-12-14 19:15:00,WIX
261.865,262.13,261.865,262.13,426,2020-12-14 19:20:00,WIX
262.44,262.76,262.43,262.76,1300,2020-12-14 19:25:00,WIX
262.49,262.49,261.54,261.54,1361,2020-12-14 19:30:00,WIX
261.64,261.64,261.0,261.0,1100,2020-12-14 19:35:00,WIX
261.18,261.915,261.13,261.915,1081,2020-12-14 19:40:00,WIX
261.63,262.14,261.4,262.14,2487,2020-12-14 19:45:00,WIX
261.53,262.03,261.51,261.51,500,2020-12-14 19:50:00,WIX
261.73,262.25,261.73,262.25,1005,2020-12-14 19:55:00,WIX
262.09,262.17,261.85,261.89,867,2020-12-14 20:00:00,WIX
262.135,262.135,261.34,261.52,1450,2020-12-14 20:05:00,WIX
261.7,261.95,261.505,261.73,1729,2020-12-14 20:10:00,WIX
261.77,261.84,261.56,261.82,2041,2020-12-14 20:15:00,WIX
261.8,261.8,261.495,261.65,1093,2020-12-14 20:20:00,WIX
261.65,261.65,261.4,261.47,1200,2020-12-14 20:25:00,WIX
261.32,261.32,260.6801,260.76,4916,2020-12-14 20:30:00,WIX
260.63,261.0,260.63,260.8,2015,2020-12-14 20:35:00,WIX
260.82,261.38,260.5,260.84,4788,2020-12-14 20:40:00,WIX
260.75,261.27,260.595,261.15,7202,2020-12-14 20:45:00,WIX
260.96,261.38,260.43,261.12,8272,2020-12-14 20:50:00,WIX
261.125,261.22,260.66,260.94,30912,2020-12-14 20:55:00,WIX
260.94,260.94,260.94,260.94,28907,2020-12-14 21:00:00,WIX
260.22,260.22,260.2,260.2,1100,2020-12-14 21:15:00,WIX
260.94,260.94,260.94,260.94,11451,2020-12-14 22:50:00,WIX
261.35,261.35,261.35,261.35,244,2020-12-15 00:45:00,WIX
264.3,264.3,264.3,264.3,180,2020-12-15 14:20:00,WIX
260.42,262.5596,260.07,261.06,9794,2020-12-15 14:30:00,WIX
261.59,262.0,260.41,260.41,2410,2020-12-15 14:35:00,WIX
260.74,261.5,260.27,260.59,5653,2020-12-15 14:40:00,WIX
260.4,260.4,257.3,259.0,10801,2020-12-15 14:45:00,WIX
259.0,259.3,258.6,258.6,584,2020-12-15 14:50:00,WIX
258.74,259.055,258.41,258.86,3709,2020-12-15 14:55:00,WIX
258.86,259.2,258.52,258.96,1454,2020-12-15 15:00:00,WIX
259.95,260.7747,259.11,259.26,2413,2020-12-15 15:05:00,WIX
259.13,259.13,258.33,258.865,1001,2020-12-15 15:10:00,WIX
258.41,259.09,258.23,258.54,1493,2020-12-15 15:15:00,WIX
259.115,260.16,259.115,260.0,1603,2020-12-15 15:20:00,WIX
260.03,260.15,259.58,259.58,3925,2020-12-15 15:25:00,WIX
259.63,260.21,259.34,259.48,2000,2020-12-15 15:30:00,WIX
259.345,259.498,258.5,259.498,3870,2020-12-15 15:35:00,WIX
258.73,259.25,258.73,259.25,900,2020-12-15 15:40:00,WIX
259.2,259.71,258.9,259.01,1773,2020-12-15 15:45:00,WIX
258.9209,258.9209,258.221,258.66,1855,2020-12-15 15:50:00,WIX
258.935,258.935,257.77,257.77,2527,2020-12-15 15:55:00,WIX
257.785,257.785,256.67,256.8122,3151,2020-12-15 16:00:00,WIX
256.5,256.5,255.47,256.24,6134,2020-12-15 16:05:00,WIX
256.325,257.005,256.05,257.005,2621,2020-12-15 16:10:00,WIX
257.005,257.15,256.35,257.0,4616,2020-12-15 16:15:00,WIX
256.62,256.94,256.18,256.94,1800,2020-12-15 16:20:00,WIX
256.92,256.92,256.2,256.23,2293,2020-12-15 16:25:00,WIX
256.68,257.5,256.68,257.5,1999,2020-12-15 16:30:00,WIX
257.49,257.72,256.79,257.7093,1600,2020-12-15 16:35:00,WIX
257.4622,258.0,257.02,257.2,26806,2020-12-15 16:40:00,WIX
257.045,257.045,256.24,256.265,4513,2020-12-15 16:45:00,WIX
256.5,256.84,256.0589,256.49,2316,2020-12-15 16:50:00,WIX
256.745,257.53,256.745,257.19,1500,2020-12-15 16:55:00,WIX
257.52,258.99,257.205,258.745,17588,2020-12-15 17:00:00,WIX
258.82,259.35,258.4,259.35,4198,2020-12-15 17:05:00,WIX
259.58,259.7752,259.31,259.31,1200,2020-12-15 17:10:00,WIX
259.465,260.25,259.3,260.15,3408,2020-12-15 17:15:00,WIX
259.97,260.24,259.97,260.2,700,2020-12-15 17:20:00,WIX
260.19,260.24,259.64,260.08,2170,2020-12-15 17:25:00,WIX
260.095,260.1121,259.73,260.1121,1669,2020-12-15 17:30:00,WIX
260.03,260.39,260.0,260.13,1504,2020-12-15 17:35:00,WIX
259.945,259.945,259.22,259.48,1225,2020-12-15 17:40:00,WIX
259.48,259.56,259.2,259.55,1700,2020-12-15 17:45:00,WIX
259.55,260.0,259.16,259.55,1800,2020-12-15 17:50:00,WIX
259.4,259.55,258.67,258.82,1000,2020-12-15 17:55:00,WIX
258.735,258.86,258.53,258.53,1000,2020-12-15 18:00:00,WIX
258.85,259.4,258.85,259.025,1600,2020-12-15 18:05:00,WIX
258.71,258.71,257.91,258.38,12162,2020-12-15 18:10:00,WIX
258.4,258.4,257.53,257.87,2594,2020-12-15 18:15:00,WIX
257.83,257.83,257.09,257.305,2300,2020-12-15 18:20:00,WIX
257.2,257.264,256.66,257.17,2334,2020-12-15 18:25:00,WIX
257.5,257.5,257.2872,257.2872,1522,2020-12-15 18:30:00,WIX
257.5,257.99,257.26,257.99,1485,2020-12-15 18:35:00,WIX
257.745,257.745,257.38,257.68,1600,2020-12-15 18:40:00,WIX
257.67,257.67,257.3,257.6,1100,2020-12-15 18:45:00,WIX
257.44,258.35,257.44,257.96,2964,2020-12-15 18:50:00,WIX
258.16,258.17,257.57,257.84,2702,2020-12-15 18:55:00,WIX
257.5,258.17,257.18,258.17,1961,2020-12-15 19:00:00,WIX
258.17,258.17,257.19,257.355,2829,2020-12-15 19:05:00,WIX
257.6,257.67,257.24,257.64,1300,2020-12-15 19:10:00,WIX
257.63,257.63,257.23,257.3,2334,2020-12-15 19:15:00,WIX
257.135,258.14,257.0,258.14,20129,2020-12-15 19:20:00,WIX
257.81,258.0,257.56,257.5795,11407,2020-12-15 19:25:00,WIX
257.74,257.9,257.58,257.627,3542,2020-12-15 19:30:00,WIX
257.9,257.9,257.445,257.56,4775,2020-12-15 19:35:00,WIX
257.475,257.54,257.09,257.52,1725,2020-12-15 19:40:00,WIX
257.41,257.6,257.305,257.6,1600,2020-12-15 19:45:00,WIX
257.84,257.92,257.587,257.8815,3200,2020-12-15 19:50:00,WIX
257.72,258.28,257.5501,258.28,4350,2020-12-15 19:55:00,WIX
258.28,258.5,258.07,258.461,3910,2020-12-15 20:00:00,WIX
258.29,258.461,257.28,257.28,15822,2020-12-15 20:05:00,WIX
257.46,258.0,257.07,257.69,4759,2020-12-15 20:10:00,WIX
257.74,258.02,257.32,257.57,4479,2020-12-15 20:15:00,WIX
257.77,258.3715,257.77,258.3715,3357,2020-12-15 20:20:00,WIX
258.215,258.3723,257.795,258.1933,4358,2020-12-15 20:25:00,WIX
258.065,258.34,257.81,258.125,6366,2020-12-15 20:30:00,WIX
258.23,258.954,258.23,258.255,7188,2020-12-15 20:35:00,WIX
258.305,258.6258,258.305,258.5,5145,2020-12-15 20:40:00,WIX
258.61,260.03,258.61,260.03,7717,2020-12-15 20:45:00,WIX
259.8,260.9,259.8,260.9,9419,2020-12-15 20:50:00,WIX
260.91,261.43,260.6301,261.43,25185,2020-12-15 20:55:00,WIX
260.94,260.94,260.94,260.94,25344,2020-12-15 21:00:00,WIX
260.94,260.94,260.94,260.94,204,2020-12-15 21:10:00,WIX
262.8,262.8,262.8,262.8,100,2020-12-15 22:30:00,WIX
260.94,260.94,260.94,260.94,13955,2020-12-15 23:00:00,WIX
264.26,264.26,264.26,264.26,118,2020-12-16 14:20:00,WIX
265.88,265.88,264.69,265.02,533,2020-12-16 14:25:00,WIX
265.11,265.11,262.36,262.78,13742,2020-12-16 14:30:00,WIX
263.0,265.37,262.81,264.0,6285,2020-12-16 14:35:00,WIX
263.68,264.99,263.485,264.2901,2114,2020-12-16 14:40:00,WIX
264.75,267.85,264.75,266.52,10219,2020-12-16 14:45:00,WIX
266.77,269.78,266.3,269.25,8253,2020-12-16 14:50:00,WIX
269.75,270.795,268.9,270.04,7791,2020-12-16 14:55:00,WIX
269.96,271.235,269.5532,270.77,7453,2020-12-16 15:00:00,WIX
271.0,273.0,270.615,271.9547,12378,2020-12-16 15:05:00,WIX
271.5754,271.605,270.37,270.775,2842,2020-12-16 15:10:00,WIX
271.16,271.78,269.57,270.0496,5733,2020-12-16 15:15:00,WIX
270.23,270.87,269.58,269.985,4763,2020-12-16 15:20:00,WIX
269.985,272.7,269.985,271.83,33370,2020-12-16 15:25:00,WIX
272.68,274.83,272.635,274.17,11280,2020-12-16 15:30:00,WIX
274.035,277.15,274.01,276.8856,15282,2020-12-16 15:35:00,WIX
276.56,277.4,276.45,276.98,14653,2020-12-16 15:40:00,WIX
277.02,277.505,276.1832,276.5744,3250,2020-12-16 15:45:00,WIX
276.37,277.65,276.37,277.14,5488,2020-12-16 15:50:00,WIX
277.29,277.48,275.75,276.075,7223,2020-12-16 15:55:00,WIX
276.43,276.74,275.8708,276.58,3902,2020-12-16 16:00:00,WIX
276.75,276.78,275.08,275.19,5034,2020-12-16 16:05:00,WIX
275.34,276.44,274.77,276.3,4398,2020-12-16 16:10:00,WIX
276.42,276.665,274.34,274.35,5068,2020-12-16 16:15:00,WIX
275.1001,275.1001,274.03,274.315,1904,2020-12-16 16:20:00,WIX
273.815,274.08,273.28,273.64,2581,2020-12-16 16:25:00,WIX
273.4116,273.415,272.78,273.01,3700,2020-12-16 16:30:00,WIX
273.07,273.16,272.67,272.67,1800,2020-12-16 16:35:00,WIX
273.04,273.42,272.5298,272.785,10209,2020-12-16 16:40:00,WIX
272.69,273.0,272.2425,272.525,2382,2020-12-16 16:45:00,WIX
272.54,272.84,272.29,272.781,3382,2020-12-16 16:50:00,WIX
272.72,273.18,272.25,272.59,19301,2020-12-16 16:55:00,WIX
272.57,272.62,271.9383,272.145,15574,2020-12-16 17:00:00,WIX
272.145,273.135,272.07,272.71,11057,2020-12-16 17:05:00,WIX
272.52,272.65,271.485,272.04,7298,2020-12-16 17:10:00,WIX
272.3,272.3,271.29,272.155,1616,2020-12-16 17:15:00,WIX
272.3,272.4,272.21,272.24,2456,2020-12-16 17:20:00,WIX
272.31,272.8,272.2972,272.79,1800,2020-12-16 17:25:00,WIX
272.66,272.66,272.02,272.37,3600,2020-12-16 17:30:00,WIX
272.56,272.64,271.56,271.84,8454,2020-12-16 17:35:00,WIX
271.845,272.14,271.76,272.03,2200,2020-12-16 17:40:00,WIX
271.91,271.965,271.69,271.845,2639,2020-12-16 17:45:00,WIX
272.025,272.065,271.73,271.99,3661,2020-12-16 17:50:00,WIX
271.725,271.8,271.56,271.57,1662,2020-12-16 17:55:00,WIX
271.57,271.98,271.57,271.72,3306,2020-12-16 18:00:00,WIX
271.41,272.0,271.41,271.7891,5575,2020-12-16 18:05:00,WIX
271.46,271.96,271.44,271.545,7139,2020-12-16 18:10:00,WIX
271.61,271.61,271.47,271.495,900,2020-12-16 18:15:00,WIX
271.51,271.75,271.51,271.75,1161,2020-12-16 18:20:00,WIX
271.5639,271.6685,270.71,270.85,3865,2020-12-16 18:25:00,WIX
270.62,271.47,270.59,271.34,2200,2020-12-16 18:30:00,WIX
271.475,271.475,270.845,270.905,1600,2020-12-16 18:35:00,WIX
270.78,270.983,270.38,270.38,3800,2020-12-16 18:40:00,WIX
270.49,270.49,269.78,270.0,1500,2020-12-16 18:45:00,WIX
270.0,270.01,269.25,269.25,4562,2020-12-16 18:50:00,WIX
269.095,269.4268,268.09,268.261,3242,2020-12-16 18:55:00,WIX
268.12,268.345,267.515,267.9,10035,2020-12-16 19:00:00,WIX
267.985,267.985,266.7,266.87,2425,2020-12-16 19:05:00,WIX
266.87,268.3099,266.87,267.5,9269,2020-12-16 19:10:00,WIX
267.53,268.0,266.715,266.96,4863,2020-12-16 19:15:00,WIX
267.21,269.9,267.21,269.67,5570,2020-12-16 19:20:00,WIX
269.515,269.52,268.79,268.9759,2050,2020-12-16 19:25:00,WIX
269.34,269.81,269.04,269.04,3600,2020-12-16 19:30:00,WIX
269.17,270.17,269.17,270.17,2750,2020-12-16 19:35:00,WIX
269.86,269.86,268.28,268.465,2225,2020-12-16 19:40:00,WIX
268.31,268.93,268.31,268.81,2700,2020-12-16 19:45:00,WIX
268.69,269.395,268.37,269.395,2500,2020-12-16 19:50:00,WIX
269.43,269.88,269.125,269.245,2015,2020-12-16 19:55:00,WIX
269.385,269.52,268.9,268.955,3400,2020-12-16 20:00:00,WIX
268.76,269.0,268.13,268.13,4500,2020-12-16 20:05:00,WIX
268.06,268.335,267.6,268.1603,7400,2020-12-16 20:10:00,WIX
267.88,268.15,267.61,268.04,4950,2020-12-16 20:15:00,WIX
268.0086,268.24,267.8,268.24,8584,2020-12-16 20:20:00,WIX
268.32,268.91,268.28,268.87,8712,2020-12-16 20:25:00,WIX
268.85,268.85,267.87,268.61,18650,2020-12-16 20:30:00,WIX
268.755,269.16,268.7523,268.865,2904,2020-12-16 20:35:00,WIX
268.865,269.06,268.0,268.0,14595,2020-12-16 20:40:00,WIX
268.0,268.98,267.8,268.2731,6938,2020-12-16 20:45:00,WIX
268.42,268.42,267.51,267.98,11732,2020-12-16 20:50:00,WIX
268.135,268.71,267.26,268.3,45830,2020-12-16 20:55:00,WIX
267.91,267.91,267.91,267.91,36647,2020-12-16 21:00:00,WIX
267.91,267.91,267.91,267.91,3712,2020-12-16 22:15:00,WIX
270.5,270.5,270.5,270.5,100,2020-12-16 23:45:00,WIX
267.91,267.91,267.91,267.91,3660,2020-12-17 14:10:00,WIX
271.37,274.56,271.37,274.275,13431,2020-12-17 14:30:00,WIX
273.94,274.785,272.0,274.29,5053,2020-12-17 14:35:00,WIX
274.09,276.155,274.09,275.4943,6357,2020-12-17 14:40:00,WIX
274.54,275.0,272.8195,273.85,2287,2020-12-17 14:45:00,WIX
274.54,274.945,272.72,274.0026,1200,2020-12-17 14:50:00,WIX
274.64,275.19,273.73,274.175,5530,2020-12-17 14:55:00,WIX
274.185,274.385,272.0001,272.18,12406,2020-12-17 15:00:00,WIX
272.99,273.42,272.28,272.94,3500,2020-12-17 15:05:00,WIX
273.08,273.99,273.0,273.395,11118,2020-12-17 15:10:00,WIX
273.48,273.49,272.94,273.45,1700,2020-12-17 15:15:00,WIX
273.885,276.5,273.885,276.12,6821,2020-12-17 15:20:00,WIX
276.0,276.5,275.49,276.43,3754,2020-12-17 15:25:00,WIX
276.41,277.11,275.56,276.66,4854,2020-12-17 15:30:00,WIX
276.86,276.86,275.74,275.77,2831,2020-12-17 15:35:00,WIX
275.97,276.25,273.94,273.96,5260,2020-12-17 15:40:00,WIX
274.8,275.0,272.878,273.18,5745,2020-12-17 15:45:00,WIX
273.19,274.18,273.18,274.13,2687,2020-12-17 15:50:00,WIX
273.79,273.96,270.96,270.96,7136,2020-12-17 15:55:00,WIX
271.05,273.21,271.01,272.935,3689,2020-12-17 16:00:00,WIX
273.25,274.03,272.47,272.47,1400,2020-12-17 16:05:00,WIX
272.815,272.97,271.11,271.17,3961,2020-12-17 16:10:00,WIX
271.3,271.95,270.5571,270.5571,3407,2020-12-17 16:15:00,WIX
270.55,273.15,270.1,273.13,5112,2020-12-17 16:20:00,WIX
273.225,273.92,272.6,273.92,3716,2020-12-17 16:25:00,WIX
273.76,273.76,272.88,273.2821,1100,2020-12-17 16:30:00,WIX
273.3,273.3,271.38,271.96,3296,2020-12-17 16:35:00,WIX
271.96,272.42,271.0,272.3042,8439,2020-12-17 16:40:00,WIX
272.16,272.19,271.28,271.28,2842,2020-12-17 16:45:00,WIX
271.3099,271.685,271.165,271.35,1811,2020-12-17 16:50:00,WIX
271.075,272.09,271.075,272.09,2173,2020-12-17 16:55:00,WIX
272.57,272.57,271.71,272.55,1411,2020-12-17 17:00:00,WIX
272.58,272.85,272.17,272.17,1550,2020-12-17 17:05:00,WIX
271.85,272.07,271.74,271.755,758,2020-12-17 17:10:00,WIX
272.035,272.3,271.75,272.19,600,2020-12-17 17:15:00,WIX
271.95,272.14,271.9,271.94,1300,2020-12-17 17:20:00,WIX
271.85,272.665,271.72,272.33,2200,2020-12-17 17:25:00,WIX
272.555,272.97,272.555,272.97,500,2020-12-17 17:30:00,WIX
272.635,272.635,272.07,272.47,1518,2020-12-17 17:35:00,WIX
273.04,273.28,272.64,272.64,1300,2020-12-17 17:40:00,WIX
273.64,273.705,273.4,273.705,1100,2020-12-17 17:45:00,WIX
273.98,274.28,273.78,274.12,1476,2020-12-17 17:50:00,WIX
274.29,274.29,273.54,273.84,2300,2020-12-17 17:55:00,WIX
273.84,274.32,273.23,273.962,8218,2020-12-17 18:00:00,WIX
273.89,273.98,273.29,273.29,6665,2020-12-17 18:05:00,WIX
273.51,273.51,271.905,271.905,7071,2020-12-17 18:10:00,WIX
271.63,271.72,271.41,271.5,900,2020-12-17 18:15:00,WIX
271.76,272.7,271.75,272.13,2868,2020-12-17 18:20:00,WIX
271.97,272.15,271.79,272.14,900,2020-12-17 18:25:00,WIX
272.165,272.505,271.965,271.965,2231,2020-12-17 18:30:00,WIX
271.906,272.27,271.906,272.15,1150,2020-12-17 18:35:00,WIX
272.2,272.93,272.2,272.7,2000,2020-12-17 18:40:00,WIX
272.71,273.25,272.55,273.03,2100,2020-12-17 18:45:00,WIX
273.085,273.085,272.83,272.89,1100,2020-12-17 18:50:00,WIX
272.94,272.97,272.64,272.64,800,2020-12-17 18:55:00,WIX
272.83,273.18,272.7552,272.84,1616,2020-12-17 19:00:00,WIX
272.965,273.155,272.68,273.14,1162,2020-12-17 19:05:00,WIX
273.49,273.98,273.3447,273.855,1200,2020-12-17 19:10:00,WIX
273.84,274.7,273.84,273.935,2867,2020-12-17 19:15:00,WIX
273.79,274.18,273.5,274.18,1230,2020-12-17 19:20:00,WIX
274.18,274.18,273.31,273.515,2460,2020-12-17 19:25:00,WIX
273.62,273.64,272.92,273.15,2500,2020-12-17 19:30:00,WIX
273.0,273.1529,272.56,272.57,1853,2020-12-17 19:35:00,WIX
272.81,272.81,271.911,271.92,2100,2020-12-17 19:40:00,WIX
271.92,272.82,271.91,272.55,4360,2020-12-17 19:45:00,WIX
273.12,273.12,272.19,272.19,1970,2020-12-17 19:50:00,WIX
272.46,273.08,271.76,271.76,2201,2020-12-17 19:55:00,WIX
271.75,272.07,271.14,271.14,3000,2020-12-17 20:00:00,WIX
271.25,271.3,270.92,271.12,3809,2020-12-17 20:05:00,WIX
271.395,271.565,271.315,271.565,684,2020-12-17 20:10:00,WIX
271.63,271.63,271.08,271.3,3082,2020-12-17 20:15:00,WIX
271.43,271.69,271.19,271.275,2485,2020-12-17 20:20:00,WIX
271.19,271.43,270.61,270.61,1600,2020-12-17 20:25:00,WIX
270.77,271.21,270.38,271.07,3676,2020-12-17 20:30:00,WIX
270.92,271.295,270.91,271.2314,3481,2020-12-17 20:35:00,WIX
270.85,271.18,270.34,270.38,5146,2020-12-17 20:40:00,WIX
270.38,271.21,270.38,270.7,6566,2020-12-17 20:45:00,WIX
271.06,272.0,270.64,271.88,10252,2020-12-17 20:50:00,WIX
271.73,272.125,269.81,269.83,47815,2020-12-17 20:55:00,WIX
270.05,270.05,270.05,270.05,35035,2020-12-17 21:00:00,WIX
270.0,270.0,270.0,270.0,100,2020-12-18 13:10:00,WIX
268.5,268.5,268.5,268.5,100,2020-12-18 13:45:00,WIX
271.38,271.38,268.36,268.405,10684,2020-12-18 14:30:00,WIX
267.805,268.0,266.79,267.66,3966,2020-12-18 14:35:00,WIX
267.3,267.58,266.23,266.65,3360,2020-12-18 14:40:00,WIX
266.455,267.36,265.5,266.38,11984,2020-12-18 14:45:00,WIX
266.36,266.45,264.83,265.615,7118,2020-12-18 14:50:00,WIX
266.0,266.27,265.01,265.71,2063,2020-12-18 14:55:00,WIX
266.095,266.19,264.1,264.1,3412,2020-12-18 15:00:00,WIX
264.47,265.29,264.0,265.105,3213,2020-12-18 15:05:00,WIX
264.75,266.6813,264.75,266.185,7297,2020-12-18 15:10:00,WIX
265.87,266.49,265.63,266.11,3200,2020-12-18 15:15:00,WIX
266.49,266.5,265.995,266.255,1500,2020-12-18 15:20:00,WIX
266.255,266.95,266.255,266.47,1597,2020-12-18 15:25:00,WIX
266.04,266.89,266.04,266.89,436,2020-12-18 15:30:00,WIX
266.6532,266.87,266.01,266.8029,1123,2020-12-18 15:35:00,WIX
266.79,266.9,266.31,266.31,3000,2020-12-18 15:40:00,WIX
266.565,267.0,266.35,266.68,3666,2020-12-18 15:45:00,WIX
266.75,267.0,266.58,266.715,1425,2020-12-18 15:50:00,WIX
266.99,267.5,266.99,267.32,4000,2020-12-18 15:55:00,WIX
267.5,267.85,267.31,267.655,5251,2020-12-18 16:00:00,WIX
267.37,268.0,266.98,267.095,3533,2020-12-18 16:05:00,WIX
267.23,267.23,266.35,266.7,3502,2020-12-18 16:10:00,WIX
266.3975,266.62,266.0,266.0,1047,2020-12-18 16:15:00,WIX
266.7,267.44,266.0,267.44,3942,2020-12-18 16:20:00,WIX
266.82,267.09,266.33,266.33,1400,2020-12-18 16:25:00,WIX
266.8,266.8,266.0,266.8,2693,2020-12-18 16:30:00,WIX
266.76,266.965,266.48,266.5,3977,2020-12-18 16:35:00,WIX
266.65,266.95,266.26,266.81,2654,2020-12-18 16:40:00,WIX
266.83,266.955,266.71,266.955,738,2020-12-18 16:45:00,WIX
266.965,267.16,266.69,266.725,1801,2020-12-18 16:50:00,WIX
266.99,266.99,266.52,266.52,700,2020-12-18 16:55:00,WIX
267.0,267.0,266.35,266.4025,2800,2020-12-18 17:00:00,WIX
266.7,267.0,266.445,266.52,2761,2020-12-18 17:05:00,WIX
266.55,267.215,266.52,267.215,2908,2020-12-18 17:10:00,WIX
267.03,267.7,267.03,267.7,2118,2020-12-18 17:15:00,WIX
267.72,268.77,267.72,268.535,3117,2020-12-18 17:20:00,WIX
268.695,268.72,268.45,268.72,1423,2020-12-18 17:25:00,WIX
268.6,268.6,268.44,268.44,748,2020-12-18 17:30:00,WIX
268.85,269.0,268.69,269.0,4036,2020-12-18 17:35:00,WIX
268.74,269.0,268.74,269.0,700,2020-12-18 17:40:00,WIX
269.065,269.2,268.82,269.17,2917,2020-12-18 17:45:00,WIX
269.2214,269.24,269.2214,269.24,545,2020-12-18 17:50:00,WIX
269.36,269.36,268.7563,269.0,2429,2020-12-18 17:55:00,WIX
269.0,269.405,268.82,269.32,3771,2020-12-18 18:00:00,WIX
269.3,269.5,269.27,269.41,1029,2020-12-18 18:05:00,WIX
269.53,269.75,269.4345,269.74,920,2020-12-18 18:10:00,WIX
269.91,270.18,269.85,270.1,1975,2020-12-18 18:15:00,WIX
270.1,270.21,269.8,270.02,2740,2020-12-18 18:20:00,WIX
269.97,270.0,269.68,270.0,1900,2020-12-18 18:25:00,WIX
269.76,270.085,269.76,270.085,911,2020-12-18 18:30:00,WIX
270.25,270.25,269.79,270.24,3152,2020-12-18 18:35:00,WIX
269.8118,270.7,269.8118,270.68,3301,2020-12-18 18:40:00,WIX
270.9,271.465,270.7,270.82,11910,2020-12-18 18:45:00,WIX
270.96,271.33,270.91,271.2442,3684,2020-12-18 18:50:00,WIX
271.25,271.415,270.7,271.415,2587,2020-12-18 18:55:00,WIX
271.78,272.25,271.6545,272.04,1182,2020-12-18 19:00:00,WIX
271.785,272.0,271.52,271.695,1200,2020-12-18 19:05:00,WIX
271.615,272.465,271.5975,272.44,1600,2020-12-18 19:10:00,WIX
272.625,272.8,272.34,272.8,1400,2020-12-18 19:15:00,WIX
272.87,272.97,272.66,272.85,700,2020-12-18 19:20:00,WIX
273.08,273.3787,273.08,273.3787,400,2020-12-18 19:25:00,WIX
273.37,274.33,273.37,274.33,3682,2020-12-18 19:30:00,WIX
274.16,274.43,274.0,274.43,1160,2020-12-18 19:35:00,WIX
274.23,274.23,273.63,273.95,1156,2020-12-18 19:40:00,WIX
273.885,274.03,273.63,273.82,1535,2020-12-18 19:45:00,WIX
274.11,274.11,273.55,273.625,1900,2020-12-18 19:50:00,WIX
273.482,273.68,272.655,272.655,7095,2020-12-18 19:55:00,WIX
272.56,272.765,272.0,272.09,3235,2020-12-18 20:00:00,WIX
272.09,272.69,272.0,272.35,10650,2020-12-18 20:05:00,WIX
272.43,272.8584,271.86,271.86,2088,2020-12-18 20:10:00,WIX
271.845,272.49,271.845,272.19,400,2020-12-18 20:15:00,WIX
272.2,272.2,271.92,272.094,915,2020-12-18 20:20:00,WIX
272.28,272.71,271.89,272.71,1800,2020-12-18 20:25:00,WIX
272.38,272.57,272.275,272.42,1600,2020-12-18 20:30:00,WIX
272.67,272.71,272.01,272.03,2100,2020-12-18 20:35:00,WIX
272.02,272.4,272.02,272.2,1600,2020-12-18 20:40:00,WIX
272.4,272.7056,272.05,272.05,4762,2020-12-18 20:45:00,WIX
271.81,273.48,271.81,273.165,11956,2020-12-18 20:50:00,WIX
273.57,274.12,272.418,273.8,19084,2020-12-18 20:55:00,WIX
273.45,273.45,273.45,273.45,62183,2020-12-18 21:00:00,WIX
273.45,273.45,273.45,273.45,8202,2020-12-18 21:15:00,WIX
271.0288,275.8889,270.2,275.8889,17461,2020-12-21 14:30:00,WIX
273.86,275.82,273.86,274.41,5590,2020-12-21 14:35:00,WIX
274.25,274.25,271.53,271.5401,2200,2020-12-21 14:40:00,WIX
271.855,272.32,269.31,269.89,14475,2020-12-21 14:45:00,WIX
270.5,270.5,269.75,269.76,1900,2020-12-21 14:50:00,WIX
271.49,272.855,270.975,271.97,1621,2020-12-21 14:55:00,WIX
270.51,271.55,270.22,270.32,1773,2020-12-21 15:00:00,WIX
269.9632,269.9632,268.5,268.99,4636,2020-12-21 15:05:00,WIX
268.9881,268.9881,266.64,266.695,1337,2020-12-21 15:10:00,WIX
267.34,268.09,266.0,266.26,2120,2020-12-21 15:15:00,WIX
266.89,267.0,265.58,267.0,1400,2020-12-21 15:20:00,WIX
266.76,267.49,266.75,267.17,1400,2020-12-21 15:25:00,WIX
267.39,267.97,267.39,267.575,1000,2020-12-21 15:30:00,WIX
267.39,268.67,267.39,268.67,500,2020-12-21 15:35:00,WIX
268.38,268.9162,268.337,268.9162,1714,2020-12-21 15:40:00,WIX
268.11,269.03,267.5,267.74,1432,2020-12-21 15:45:00,WIX
268.89,268.89,267.84,268.25,1346,2020-12-21 15:50:00,WIX
268.01,268.01,267.53,267.53,676,2020-12-21 15:55:00,WIX
267.62,267.62,267.4633,267.4633,900,2020-12-21 16:00:00,WIX
267.03,267.09,266.25,266.32,2502,2020-12-21 16:05:00,WIX
267.11,267.11,265.5,265.66,7476,2020-12-21 16:10:00,WIX
265.7085,266.6,265.7085,266.6,1246,2020-12-21 16:15:00,WIX
266.6,268.25,266.6,268.25,1710,2020-12-21 16:20:00,WIX
268.245,268.93,268.245,268.565,714,2020-12-21 16:25:00,WIX
268.9,269.59,268.6456,269.59,1123,2020-12-21 16:30:00,WIX
269.79,270.56,269.78,270.56,2200,2020-12-21 16:35:00,WIX
269.7337,270.45,269.7337,269.84,1775,2020-12-21 16:40:00,WIX
270.51,270.52,269.665,270.2899,1900,2020-12-21 16:45:00,WIX
270.29,270.29,269.41,269.41,800,2020-12-21 16:50:00,WIX
269.58,269.58,269.0,269.045,1036,2020-12-21 16:55:00,WIX
269.4,269.66,269.18,269.18,3919,2020-12-21 17:00:00,WIX
269.455,270.05,269.455,270.05,3214,2020-12-21 17:05:00,WIX
269.94,271.52,269.94,270.13,4394,2020-12-21 17:10:00,WIX
269.95,269.99,269.89,269.89,349,2020-12-21 17:15:00,WIX
269.56,270.39,269.56,269.74,900,2020-12-21 17:20:00,WIX
270.09,270.5,270.09,270.38,500,2020-12-21 17:25:00,WIX
270.105,270.71,269.69,269.7761,3305,2020-12-21 17:30:00,WIX
269.575,269.7,269.575,269.7,300,2020-12-21 17:35:00,WIX
269.53,269.94,269.53,269.9295,615,2020-12-21 17:40:00,WIX
269.9,270.15,269.3,270.0,3700,2020-12-21 17:45:00,WIX
269.665,269.99,269.23,269.99,800,2020-12-21 17:50:00,WIX
269.6,269.855,269.205,269.85,2554,2020-12-21 17:55:00,WIX
269.59,269.87,269.04,269.04,2544,2020-12-21 18:00:00,WIX
269.02,269.11,268.775,269.0,2018,2020-12-21 18:05:00,WIX
269.055,269.055,268.935,268.935,725,2020-12-21 18:10:00,WIX
269.05,269.7,269.05,269.7,2797,2020-12-21 18:15:00,WIX
269.82,269.82,269.55,269.65,1562,2020-12-21 18:20:00,WIX
269.61,269.805,269.34,269.38,1073,2020-12-21 18:25:00,WIX
269.785,269.82,269.57,269.62,2792,2020-12-21 18:30:00,WIX
269.61,269.61,269.3011,269.3011,403,2020-12-21 18:35:00,WIX
269.14,269.5,269.025,269.48,800,2020-12-21 18:40:00,WIX
269.32,269.32,269.11,269.11,200,2020-12-21 18:45:00,WIX
269.45,269.5,268.655,268.655,1389,2020-12-21 18:50:00,WIX
268.83,268.975,268.705,268.93,800,2020-12-21 18:55:00,WIX
268.6,268.935,268.57,268.57,1529,2020-12-21 19:00:00,WIX
268.48,268.77,268.48,268.59,1906,2020-12-21 19:05:00,WIX
268.6,268.86,267.6,267.6,2123,2020-12-21 19:10:00,WIX
267.2,267.6499,266.89,267.14,6320,2020-12-21 19:15:00,WIX
267.14,268.37,267.09,268.255,8746,2020-12-21 19:20:00,WIX
268.2,268.32,267.54,267.7,5167,2020-12-21 19:25:00,WIX
267.92,268.32,267.68,267.83,3008,2020-12-21 19:30:00,WIX
267.895,267.895,267.195,267.195,3731,2020-12-21 19:35:00,WIX
267.86,268.02,267.44,268.02,2038,2020-12-21 19:40:00,WIX
268.06,268.19,267.77,267.77,1925,2020-12-21 19:45:00,WIX
267.7704,267.855,267.545,267.82,1606,2020-12-21 19:50:00,WIX
268.08,269.04,268.02,268.42,7108,2020-12-21 19:55:00,WIX
269.05,269.055,268.57,268.6,735,2020-12-21 20:00:00,WIX
268.38,268.92,268.15,268.26,3736,2020-12-21 20:05:00,WIX
268.12,268.67,268.08,268.41,4151,2020-12-21 20:10:00,WIX
268.395,268.79,268.395,268.585,3328,2020-12-21 20:15:00,WIX
268.7525,269.15,268.35,268.35,3389,2020-12-21 20:20:00,WIX
268.34,268.925,268.31,268.31,2600,2020-12-21 20:25:00,WIX
268.22,268.38,267.82,267.82,2191,2020-12-21 20:30:00,WIX
267.6,268.29,267.47,268.0,1903,2020-12-21 20:35:00,WIX
268.57,268.77,268.5513,268.77,1300,2020-12-21 20:40:00,WIX
268.57,269.16,268.43,268.57,4317,2020-12-21 20:45:00,WIX
268.9,269.05,268.17,268.83,6907,2020-12-21 20:50:00,WIX
268.99,269.64,268.64,269.64,10791,2020-12-21 20:55:00,WIX
269.63,269.63,269.63,269.63,24329,2020-12-21 21:00:00,WIX
269.33,269.33,269.33,269.33,300,2020-12-21 21:30:00,WIX
269.63,269.63,269.63,269.63,11170,2020-12-21 22:00:00,WIX
270.5,270.5,270.5,270.5,102,2020-12-22 13:15:00,WIX
271.88,271.88,271.88,271.88,200,2020-12-22 13:45:00,WIX
271.58,274.92,270.66,273.0286,12320,2020-12-22 14:30:00,WIX
273.65,274.68,273.59,274.05,7947,2020-12-22 14:35:00,WIX
273.97,275.125,273.53,274.99,5644,2020-12-22 14:40:00,WIX
275.155,276.14,273.88,275.4,4423,2020-12-22 14:45:00,WIX
275.07,276.45,275.01,276.2574,3759,2020-12-22 14:50:00,WIX
276.5,277.47,275.7,275.7,4671,2020-12-22 14:55:00,WIX
275.7,275.99,274.51,275.99,3573,2020-12-22 15:00:00,WIX
275.99,277.3391,275.72,276.32,5419,2020-12-22 15:05:00,WIX
276.27,276.76,273.94,274.05,3742,2020-12-22 15:10:00,WIX
275.19,275.71,274.92,275.0413,1687,2020-12-22 15:15:00,WIX
274.27,275.71,274.27,275.71,2561,2020-12-22 15:20:00,WIX
274.8,276.31,274.8,275.88,2000,2020-12-22 15:25:00,WIX
275.89,276.63,275.825,276.4,1949,2020-12-22 15:30:00,WIX
276.475,277.0,274.78,274.98,10710,2020-12-22 15:35:00,WIX
275.31,275.52,275.27,275.27,2521,2020-12-22 15:40:00,WIX
275.49,275.49,273.93,274.0355,3832,2020-12-22 15:45:00,WIX
273.8,274.325,273.8,273.94,1602,2020-12-22 15:50:00,WIX
274.49,274.8,274.49,274.5111,600,2020-12-22 15:55:00,WIX
274.5875,274.5875,272.58,272.85,1709,2020-12-22 16:00:00,WIX
272.58,273.99,272.58,273.99,1705,2020-12-22 16:05:00,WIX
273.9515,273.9515,273.69,273.7,600,2020-12-22 16:10:00,WIX
273.98,274.28,273.76,274.19,700,2020-12-22 16:15:00,WIX
274.56,274.56,273.495,273.655,1500,2020-12-22 16:20:00,WIX
273.86,273.86,273.11,273.46,1748,2020-12-22 16:25:00,WIX
273.01,273.01,271.75,272.09,1424,2020-12-22 16:30:00,WIX
271.13,271.1999,269.64,271.0,3100,2020-12-22 16:35:00,WIX
271.05,271.05,269.45,270.0,3228,2020-12-22 16:40:00,WIX
270.01,271.1,270.0,270.25,2400,2020-12-22 16:45:00,WIX
270.96,271.0,270.25,270.375,1100,2020-12-22 16:50:00,WIX
270.66,271.525,270.6542,271.525,1437,2020-12-22 16:55:00,WIX
271.9415,273.34,271.93,272.72,3126,2020-12-22 17:00:00,WIX
272.685,272.685,272.2,272.4,400,2020-12-22 17:05:00,WIX
272.34,272.34,272.08,272.245,813,2020-12-22 17:10:00,WIX
272.45,272.83,272.45,272.6258,483,2020-12-22 17:15:00,WIX
272.39,273.22,272.39,273.1068,1900,2020-12-22 17:20:00,WIX
272.945,273.07,272.92,272.95,999,2020-12-22 17:25:00,WIX
272.62,273.05,272.61,272.89,1135,2020-12-22 17:30:00,WIX
272.88,272.88,272.25,272.25,1200,2020-12-22 17:35:00,WIX
272.11,272.14,271.971,272.14,2500,2020-12-22 17:40:00,WIX
272.72,273.27,272.42,273.27,802,2020-12-22 17:45:00,WIX
272.99,272.99,272.5,272.5,862,2020-12-22 17:50:00,WIX
272.95,273.28,272.76,273.27,1033,2020-12-22 17:55:00,WIX
273.12,273.27,272.52,272.52,700,2020-12-22 18:05:00,WIX
272.68,272.68,271.12,271.12,900,2020-12-22 18:10:00,WIX
272.11,272.15,271.62,272.15,1186,2020-12-22 18:15:00,WIX
272.32,273.48,272.31,273.32,950,2020-12-22 18:20:00,WIX
273.14,273.14,272.5,273.1,1697,2020-12-22 18:25:00,WIX
272.89,273.1,272.74,272.75,1200,2020-12-22 18:30:00,WIX
272.54,273.01,272.54,273.01,300,2020-12-22 18:35:00,WIX
273.02,273.05,272.51,272.51,1732,2020-12-22 18:40:00,WIX
272.495,272.9,272.495,272.9,200,2020-12-22 18:45:00,WIX
272.29,273.0,272.29,272.7,892,2020-12-22 18:50:00,WIX
272.55,272.55,272.07,272.075,802,2020-12-22 18:55:00,WIX
272.37,272.83,272.28,272.83,802,2020-12-22 19:00:00,WIX
272.665,272.725,272.52,272.725,525,2020-12-22 19:05:00,WIX
272.705,273.12,272.705,272.775,1888,2020-12-22 19:10:00,WIX
272.665,272.94,272.59,272.59,1350,2020-12-22 19:15:00,WIX
272.65,272.78,272.3,272.3,2045,2020-12-22 19:20:00,WIX
272.2338,272.33,271.94,272.05,1391,2020-12-22 19:25:00,WIX
271.79,271.87,271.55,271.55,800,2020-12-22 19:30:00,WIX
272.225,272.39,271.6981,271.6981,1210,2020-12-22 19:35:00,WIX
271.68,272.07,271.68,272.07,200,2020-12-22 19:40:00,WIX
271.8412,272.385,271.8412,272.385,354,2020-12-22 19:45:00,WIX
272.6799,272.6799,271.9,271.9,400,2020-12-22 19:50:00,WIX
272.055,272.31,272.0,272.205,1391,2020-12-22 19:55:00,WIX
272.44,272.81,272.17,272.76,2136,2020-12-22 20:00:00,WIX
272.7573,272.7573,272.11,272.18,5646,2020-12-22 20:05:00,WIX
272.2341,272.8344,272.12,272.8344,1391,2020-12-22 20:10:00,WIX
272.65,272.86,272.54,272.825,1600,2020-12-22 20:15:00,WIX
272.885,273.0,271.87,271.88,3711,2020-12-22 20:20:00,WIX
271.88,272.145,270.745,270.745,5690,2020-12-22 20:25:00,WIX
270.795,271.955,270.795,271.93,2010,2020-12-22 20:30:00,WIX
271.65,272.11,271.525,271.525,2240,2020-12-22 20:35:00,WIX
271.71,272.04,271.54,272.04,1600,2020-12-22 20:40:00,WIX
271.72,271.95,271.71,271.84,5314,2020-12-22 20:45:00,WIX
271.77,272.025,271.64,272.025,7452,2020-12-22 20:50:00,WIX
272.45,272.855,272.195,272.33,12199,2020-12-22 20:55:00,WIX
272.19,272.19,272.19,272.19,95745,2020-12-22 21:00:00,WIX
272.19,272.19,272.19,272.19,55802,2020-12-22 21:05:00,WIX
272.19,272.19,272.19,272.19,26683,2020-12-22 22:35:00,WIX
272.19,272.19,272.19,272.19,26683,2020-12-22 23:00:00,WIX
272.0,272.0,272.0,272.0,200,2020-12-23 00:50:00,WIX
272.0,272.0,272.0,272.0,200,2020-12-23 00:55:00,WIX
273.05,273.05,269.0,269.001,11165,2020-12-23 14:30:00,WIX
268.51,268.805,266.5,266.53,2221,2020-12-23 14:35:00,WIX
267.38,267.51,265.93,266.82,6503,2020-12-23 14:40:00,WIX
265.5,265.5,262.01,264.99,5895,2020-12-23 14:45:00,WIX
264.97,265.82,264.05,265.67,4020,2020-12-23 14:50:00,WIX
265.27,265.91,264.0192,265.105,2200,2020-12-23 14:55:00,WIX
266.06,266.69,264.29,266.28,10355,2020-12-23 15:00:00,WIX
266.34,268.0,266.16,267.95,8283,2020-12-23 15:05:00,WIX
267.99,269.33,266.51,269.33,2812,2020-12-23 15:10:00,WIX
269.36,269.36,267.88,268.13,2004,2020-12-23 15:15:00,WIX
268.27,268.27,267.25,267.89,700,2020-12-23 15:20:00,WIX
267.92,268.1,267.05,267.05,1000,2020-12-23 15:25:00,WIX
267.05,268.72,266.98,268.72,1000,2020-12-23 15:30:00,WIX
268.74,268.75,267.98,267.99,1300,2020-12-23 15:35:00,WIX
267.99,268.8263,267.99,268.22,2227,2020-12-23 15:40:00,WIX
268.36,268.7686,267.92,267.92,1165,2020-12-23 15:45:00,WIX
267.69,268.21,267.255,268.0,4294,2020-12-23 15:50:00,WIX
267.76,268.98,267.75,268.06,3538,2020-12-23 15:55:00,WIX
268.87,268.87,268.2,268.2,300,2020-12-23 16:00:00,WIX
269.1685,269.1685,269.1685,269.1685,500,2020-12-23 16:05:00,WIX
268.825,269.0,267.59,268.06,2000,2020-12-23 16:10:00,WIX
268.3,268.3163,268.3,268.3163,300,2020-12-23 16:15:00,WIX
268.2742,268.29,267.86,268.11,2193,2020-12-23 16:20:00,WIX
267.87,268.35,267.87,268.23,1301,2020-12-23 16:25:00,WIX
268.34,268.77,268.31,268.31,1500,2020-12-23 16:30:00,WIX
268.65,269.58,268.54,269.23,3113,2020-12-23 16:35:00,WIX
269.54,269.76,269.26,269.385,1103,2020-12-23 16:40:00,WIX
269.47,269.68,269.325,269.66,1700,2020-12-23 16:45:00,WIX
269.49,269.87,269.49,269.87,500,2020-12-23 16:50:00,WIX
269.99,270.28,269.63,270.28,2100,2020-12-23 16:55:00,WIX
269.94,270.27,269.0,269.02,4589,2020-12-23 17:00:00,WIX
269.73,269.77,269.02,269.6,3057,2020-12-23 17:05:00,WIX
269.37,270.18,269.37,270.13,1300,2020-12-23 17:10:00,WIX
270.17,270.17,269.8,269.8,410,2020-12-23 17:15:00,WIX
269.81,269.815,269.54,269.54,300,2020-12-23 17:20:00,WIX
269.71,269.71,269.46,269.64,2000,2020-12-23 17:25:00,WIX
269.82,269.84,269.65,269.73,522,2020-12-23 17:30:00,WIX
269.92,269.92,269.39,269.88,2300,2020-12-23 17:35:00,WIX
269.64,269.9,269.62,269.62,900,2020-12-23 17:40:00,WIX
269.2,269.7,269.1,269.195,5628,2020-12-23 17:45:00,WIX
269.1,269.68,268.93,269.345,2000,2020-12-23 17:50:00,WIX
269.6,270.0,269.6,269.87,534,2020-12-23 17:55:00,WIX
269.93,269.93,269.37,269.46,995,2020-12-23 18:00:00,WIX
269.62,269.62,269.37,269.37,200,2020-12-23 18:05:00,WIX
269.375,269.62,268.96,269.2,2694,2020-12-23 18:10:00,WIX
269.36,269.36,269.25,269.25,200,2020-12-23 18:15:00,WIX
269.86,269.86,269.55,269.55,1208,2020-12-23 18:25:00,WIX
269.55,269.61,269.35,269.405,705,2020-12-23 18:30:00,WIX
269.38,269.86,269.28,269.65,3804,2020-12-23 18:35:00,WIX
269.74,270.07,269.73,270.07,3050,2020-12-23 18:40:00,WIX
270.0,270.0,269.57,269.66,1070,2020-12-23 18:45:00,WIX
269.29,269.648,269.29,269.54,1210,2020-12-23 18:50:00,WIX
269.26,270.31,269.26,269.725,1323,2020-12-23 18:55:00,WIX
269.765,269.765,269.455,269.455,600,2020-12-23 19:00:00,WIX
269.711,269.91,269.45,269.45,1177,2020-12-23 19:05:00,WIX
269.44,269.615,269.26,269.615,1500,2020-12-23 19:10:00,WIX
269.21,269.48,269.21,269.48,400,2020-12-23 19:15:00,WIX
269.35,269.78,269.34,269.78,2579,2020-12-23 19:20:00,WIX
269.98,269.98,269.7658,269.7658,300,2020-12-23 19:25:00,WIX
269.78,270.05,269.78,270.05,1498,2020-12-23 19:30:00,WIX
270.3,270.48,270.16,270.48,500,2020-12-23 19:35:00,WIX
270.515,270.54,270.51,270.54,1625,2020-12-23 19:40:00,WIX
270.08,270.27,270.07,270.21,900,2020-12-23 19:45:00,WIX
270.35,270.35,270.105,270.105,1149,2020-12-23 19:50:00,WIX
270.2492,270.27,270.01,270.01,600,2020-12-23 19:55:00,WIX
269.955,269.955,269.56,269.56,421,2020-12-23 20:00:00,WIX
269.79,270.0,269.5,269.6,1696,2020-12-23 20:05:00,WIX
269.86,269.945,269.5,269.61,1005,2020-12-23 20:10:00,WIX
269.82,269.99,269.5,269.73,2515,2020-12-23 20:15:00,WIX
269.555,269.6,269.5,269.59,2037,2020-12-23 20:20:00,WIX
269.42,269.45,269.01,269.44,4317,2020-12-23 20:25:00,WIX
269.25,269.4,268.93,269.4,1389,2020-12-23 20:30:00,WIX
269.4,269.545,269.15,269.4,2100,2020-12-23 20:35:00,WIX
269.38,269.81,269.38,269.74,2479,2020-12-23 20:40:00,WIX
269.66,269.8,269.46,269.71,2621,2020-12-23 20:45:00,WIX
269.57,269.57,268.82,268.82,4833,2020-12-23 20:50:00,WIX
268.9,269.39,268.3,268.405,6542,2020-12-23 20:55:00,WIX
268.93,268.93,268.93,268.93,8780,2020-12-23 21:00:00,WIX
269.0,269.0,268.18,268.3,3478,2020-12-24 14:30:00,WIX
268.31,268.59,267.5201,267.72,1725,2020-12-24 14:35:00,WIX
268.15,269.39,267.5,267.66,2400,2020-12-24 14:40:00,WIX
267.66,269.03,267.66,268.531,1650,2020-12-24 14:45:00,WIX
269.36,269.36,268.13,269.05,2000,2020-12-24 14:50:00,WIX
268.72,269.8099,267.9,267.9,1441,2020-12-24 14:55:00,WIX
267.96,267.96,265.58,265.58,1225,2020-12-24 15:00:00,WIX
265.1,265.79,264.87,265.78,1000,2020-12-24 15:05:00,WIX
266.3059,266.77,265.14,265.185,1500,2020-12-24 15:10:00,WIX
265.32,266.545,265.32,265.8502,2725,2020-12-24 15:15:00,WIX
265.44,266.14,265.1,265.1,2480,2020-12-24 15:20:00,WIX
265.625,266.4314,265.09,265.26,2716,2020-12-24 15:25:00,WIX
265.175,266.98,264.86,266.98,2103,2020-12-24 15:30:00,WIX
266.32,266.74,266.13,266.13,600,2020-12-24 15:35:00,WIX
266.64,267.42,266.64,267.42,2060,2020-12-24 15:40:00,WIX
267.07,267.07,266.85,266.85,600,2020-12-24 15:45:00,WIX
267.0634,267.0634,266.69,266.69,600,2020-12-24 15:50:00,WIX
266.05,266.05,264.55,264.86,4309,2020-12-24 15:55:00,WIX
265.11,265.46,264.9701,265.08,700,2020-12-24 16:00:00,WIX
265.15,265.62,264.98,265.13,1512,2020-12-24 16:05:00,WIX
265.132,265.59,265.005,265.005,950,2020-12-24 16:10:00,WIX
265.49,265.49,265.49,265.49,200,2020-12-24 16:15:00,WIX
265.78,265.79,264.88,264.88,2100,2020-12-24 16:20:00,WIX
265.4,265.4,264.93,265.2,1593,2020-12-24 16:25:00,WIX
265.34,265.48,265.1,265.48,628,2020-12-24 16:30:00,WIX
265.15,265.4113,265.0,265.4113,847,2020-12-24 16:35:00,WIX
264.9427,265.525,264.9427,265.45,1390,2020-12-24 16:40:00,WIX
265.52,265.52,265.46,265.5,300,2020-12-24 16:45:00,WIX
266.2,266.2,265.71,265.945,1099,2020-12-24 16:50:00,WIX
265.945,265.97,265.36,265.97,622,2020-12-24 16:55:00,WIX
266.31,266.98,266.045,266.36,4938,2020-12-24 17:00:00,WIX
266.37,266.86,266.1277,266.54,2498,2020-12-24 17:05:00,WIX
266.7503,267.54,266.7503,267.54,950,2020-12-24 17:10:00,WIX
267.18,267.18,266.29,266.32,950,2020-12-24 17:15:00,WIX
266.84,267.51,266.84,267.35,700,2020-12-24 17:20:00,WIX
267.5,267.88,267.24,267.26,1100,2020-12-24 17:25:00,WIX
267.24,267.33,266.98,266.98,1766,2020-12-24 17:30:00,WIX
266.7,266.7,266.12,266.28,3700,2020-12-24 17:35:00,WIX
266.4,266.48,265.78,266.205,2610,2020-12-24 17:40:00,WIX
266.25,266.91,266.25,266.78,1559,2020-12-24 17:45:00,WIX
266.94,267.47,266.04,267.16,2959,2020-12-24 17:50:00,WIX
267.2,267.37,266.55,267.37,4310,2020-12-24 17:55:00,WIX
267.1,267.1,267.1,267.1,2525,2020-12-24 18:00:00,WIX
265.2,265.2,265.2,265.2,600,2020-12-24 18:45:00,WIX
267.0,267.0,267.0,267.0,100,2020-12-28 14:25:00,WIX
267.65,269.43,265.595,266.04,14929,2020-12-28 14:30:00,WIX
266.335,267.05,263.45,265.43,8996,2020-12-28 14:35:00,WIX
265.38,265.38,263.77,264.97,6465,2020-12-28 14:40:00,WIX
263.56,264.34,261.36,261.36,6873,2020-12-28 14:45:00,WIX
262.08,262.47,260.25,261.49,11553,2020-12-28 14:50:00,WIX
261.265,261.99,260.3867,260.57,12554,2020-12-28 14:55:00,WIX
260.57,261.525,260.49,260.61,12825,2020-12-28 15:00:00,WIX
261.0,261.0,257.8,258.19,14431,2020-12-28 15:05:00,WIX
257.89,258.51,255.18,256.185,13388,2020-12-28 15:10:00,WIX
255.88,256.7,254.27,254.3146,10320,2020-12-28 15:15:00,WIX
254.01,256.28,253.69,256.28,9833,2020-12-28 15:20:00,WIX
256.0037,256.96,255.22,255.515,6272,2020-12-28 15:25:00,WIX
255.435,256.76,255.435,255.995,4980,2020-12-28 15:30:00,WIX
256.06,257.05,255.805,257.05,8055,2020-12-28 15:35:00,WIX
257.0,257.9,256.345,256.785,6897,2020-12-28 15:40:00,WIX
256.78,257.53,256.27,257.53,4832,2020-12-28 15:45:00,WIX
257.255,257.885,257.225,257.33,4024,2020-12-28 15:50:00,WIX
257.55,258.27,257.525,258.1206,5700,2020-12-28 15:55:00,WIX
257.845,258.605,257.845,258.44,7724,2020-12-28 16:00:00,WIX
258.44,259.11,258.41,258.535,5314,2020-12-28 16:05:00,WIX
258.45,258.65,257.6,257.82,4415,2020-12-28 16:10:00,WIX
257.755,257.755,256.02,256.34,4865,2020-12-28 16:15:00,WIX
256.07,256.8,255.84,256.27,4704,2020-12-28 16:20:00,WIX
256.43,256.5086,256.3798,256.455,3624,2020-12-28 16:25:00,WIX
256.455,256.97,256.44,256.77,6225,2020-12-28 16:30:00,WIX
256.785,256.785,255.815,255.885,6058,2020-12-28 16:35:00,WIX
255.7914,256.045,255.01,255.19,3021,2020-12-28 16:40:00,WIX
255.185,255.185,254.49,254.865,3255,2020-12-28 16:45:00,WIX
254.64,254.8841,253.51,253.56,7520,2020-12-28 16:50:00,WIX
253.79,253.97,253.6,253.97,3530,2020-12-28 16:55:00,WIX
253.97,253.97,252.58,253.525,9034,2020-12-28 17:00:00,WIX
253.4817,254.37,253.4817,254.37,4322,2020-12-28 17:05:00,WIX
254.65,254.7,253.83,254.04,5750,2020-12-28 17:10:00,WIX
254.04,255.71,253.99,255.6201,9337,2020-12-28 17:15:00,WIX
255.645,255.77,255.01,255.01,3945,2020-12-28 17:20:00,WIX
254.8701,255.89,254.845,255.89,3709,2020-12-28 17:25:00,WIX
255.72,255.91,255.4022,255.405,4400,2020-12-28 17:30:00,WIX
255.59,255.61,255.02,255.45,3319,2020-12-28 17:35:00,WIX
255.5,255.5826,254.89,254.895,2858,2020-12-28 17:40:00,WIX
254.88,255.235,254.51,254.71,4541,2020-12-28 17:45:00,WIX
254.63,254.74,254.37,254.605,3244,2020-12-28 17:50:00,WIX
254.605,255.04,254.05,255.04,4402,2020-12-28 17:55:00,WIX
255.2299,255.2299,254.925,254.99,3050,2020-12-28 18:00:00,WIX
255.17,255.68,255.155,255.68,2800,2020-12-28 18:05:00,WIX
255.65,255.97,255.5,255.56,2400,2020-12-28 18:10:00,WIX
255.56,256.799,255.461,256.555,8650,2020-12-28 18:15:00,WIX
256.76,257.48,256.6575,257.12,6404,2020-12-28 18:20:00,WIX
256.955,257.845,256.79,257.845,5386,2020-12-28 18:25:00,WIX
257.475,257.885,256.8,257.09,13079,2020-12-28 18:30:00,WIX
257.7899,258.11,257.565,258.07,7708,2020-12-28 18:35:00,WIX
258.07,258.32,257.855,258.15,3463,2020-12-28 18:40:00,WIX
258.25,258.35,258.04,258.05,4418,2020-12-28 18:45:00,WIX
257.86,257.895,257.28,257.525,5291,2020-12-28 18:50:00,WIX
257.54,257.81,257.31,257.535,3794,2020-12-28 18:55:00,WIX
257.535,257.61,257.4,257.465,2858,2020-12-28 19:00:00,WIX
257.37,257.385,256.51,256.85,5628,2020-12-28 19:05:00,WIX
256.85,257.13,256.85,256.985,4482,2020-12-28 19:10:00,WIX
256.96,257.0,256.71,256.95,4806,2020-12-28 19:15:00,WIX
256.93,256.94,256.5,256.765,5904,2020-12-28 19:20:00,WIX
256.81,256.89,256.12,256.24,5544,2020-12-28 19:25:00,WIX
256.175,256.175,255.6168,255.635,6208,2020-12-28 19:30:00,WIX
255.635,256.46,255.635,255.84,9576,2020-12-28 19:35:00,WIX
255.98,256.04,255.69,255.735,3834,2020-12-28 19:40:00,WIX
255.73,255.89,254.86,254.86,5080,2020-12-28 19:45:00,WIX
254.94,255.195,254.85,254.85,3415,2020-12-28 19:50:00,WIX
254.91,255.4,254.78,255.055,7609,2020-12-28 19:55:00,WIX
255.135,255.68,255.13,255.66,4120,2020-12-28 20:00:00,WIX
255.66,255.66,255.165,255.48,5014,2020-12-28 20:05:00,WIX
255.295,255.445,254.91,255.09,6877,2020-12-28 20:10:00,WIX
254.915,255.18,254.35,254.555,5621,2020-12-28 20:15:00,WIX
254.37,254.51,254.19,254.19,5279,2020-12-28 20:20:00,WIX
254.305,254.32,253.11,253.535,8937,2020-12-28 20:25:00,WIX
253.63,254.17,253.54,253.77,8364,2020-12-28 20:30:00,WIX
253.85,253.895,253.25,253.5,8867,2020-12-28 20:35:00,WIX
253.49,253.51,253.15,253.235,8558,2020-12-28 20:40:00,WIX
253.235,253.47,253.125,253.33,10222,2020-12-28 20:45:00,WIX
253.51,253.8465,252.625,252.625,15219,2020-12-28 20:50:00,WIX
252.5,253.33,252.335,252.91,36390,2020-12-28 20:55:00,WIX
252.73,252.73,252.73,252.73,34242,2020-12-28 21:00:00,WIX
253.48,253.48,253.48,253.48,287,2020-12-29 13:05:00,WIX
255.48,255.48,255.48,255.48,302,2020-12-29 14:25:00,WIX
254.33,256.21,253.67,255.04,17708,2020-12-29 14:30:00,WIX
255.75,256.33,254.8299,256.08,8170,2020-12-29 14:35:00,WIX
256.0701,257.305,255.585,256.18,7005,2020-12-29 14:40:00,WIX
256.35,257.79,256.29,256.29,5952,2020-12-29 14:45:00,WIX
256.75,257.54,254.86,254.86,4818,2020-12-29 14:50:00,WIX
254.79,254.8275,252.19,252.42,8136,2020-12-29 14:55:00,WIX
252.84,252.845,251.02,252.23,11140,2020-12-29 15:00:00,WIX
252.56,252.56,250.37,251.13,6434,2020-12-29 15:05:00,WIX
251.225,251.225,248.08,249.085,12469,2020-12-29 15:10:00,WIX
249.0,250.48,249.0,250.465,7840,2020-12-29 15:15:00,WIX
250.84,252.72,250.57,252.295,4554,2020-12-29 15:20:00,WIX
252.64,252.64,251.21,251.815,7580,2020-12-29 15:25:00,WIX
251.83,252.595,251.83,252.36,5983,2020-12-29 15:30:00,WIX
252.29,252.52,251.2,251.2,4478,2020-12-29 15:35:00,WIX
251.035,252.52,251.035,252.51,4677,2020-12-29 15:40:00,WIX
252.23,252.555,251.82,252.195,5449,2020-12-29 15:45:00,WIX
252.02,253.72,251.93,253.415,6826,2020-12-29 15:50:00,WIX
253.65,254.0,252.55,252.56,6871,2020-12-29 15:55:00,WIX
252.56,252.87,252.36,252.685,2513,2020-12-29 16:00:00,WIX
252.56,252.82,251.92,251.94,3578,2020-12-29 16:05:00,WIX
252.0,252.25,251.12,251.255,3706,2020-12-29 16:10:00,WIX
251.08,251.23,250.52,251.03,5343,2020-12-29 16:15:00,WIX
250.65,252.135,250.6,250.97,4340,2020-12-29 16:20:00,WIX
251.39,251.81,251.26,251.32,4365,2020-12-29 16:25:00,WIX
251.77,251.77,251.11,251.29,3300,2020-12-29 16:30:00,WIX
251.29,251.3,250.855,251.22,4442,2020-12-29 16:35:00,WIX
251.23,251.4,250.765,250.765,4272,2020-12-29 16:40:00,WIX
250.765,250.765,250.05,250.33,7519,2020-12-29 16:45:00,WIX
250.27,250.37,249.83,249.95,2502,2020-12-29 16:50:00,WIX
250.06,250.44,249.95,250.33,3500,2020-12-29 16:55:00,WIX
250.33,251.5,250.08,251.35,4692,2020-12-29 17:00:00,WIX
251.35,251.35,250.5,250.99,3539,2020-12-29 17:05:00,WIX
251.31,251.315,250.125,250.325,5323,2020-12-29 17:10:00,WIX
250.17,250.62,249.74,249.74,3926,2020-12-29 17:15:00,WIX
249.765,250.28,249.17,249.52,4183,2020-12-29 17:20:00,WIX
249.505,250.045,249.3259,249.98,3692,2020-12-29 17:25:00,WIX
249.805,249.845,249.43,249.78,2692,2020-12-29 17:30:00,WIX
249.835,250.11,249.725,249.725,2518,2020-12-29 17:35:00,WIX
249.695,250.285,249.695,250.17,4980,2020-12-29 17:40:00,WIX
250.17,250.27,249.925,250.235,3260,2020-12-29 17:45:00,WIX
250.235,250.235,249.65,250.11,3296,2020-12-29 17:50:00,WIX
250.2,251.4375,250.06,251.4375,5330,2020-12-29 17:55:00,WIX
251.185,251.5,250.715,251.405,4407,2020-12-29 18:00:00,WIX
251.405,251.59,251.395,251.525,2939,2020-12-29 18:05:00,WIX
251.53,251.59,251.12,251.385,2379,2020-12-29 18:10:00,WIX
251.5,251.85,251.175,251.3,4299,2020-12-29 18:15:00,WIX
251.29,251.705,251.11,251.475,3036,2020-12-29 18:20:00,WIX
251.365,251.515,251.25,251.385,2688,2020-12-29 18:25:00,WIX
251.425,251.63,251.18,251.425,3014,2020-12-29 18:30:00,WIX
251.18,251.41,250.05,250.335,3020,2020-12-29 18:35:00,WIX
250.57,250.77,250.135,250.52,4224,2020-12-29 18:40:00,WIX
250.725,250.785,250.43,250.545,2421,2020-12-29 18:45:00,WIX
250.545,251.23,250.27,251.23,2606,2020-12-29 18:50:00,WIX
251.3531,251.365,250.86,250.87,1918,2020-12-29 18:55:00,WIX
251.09,251.35,250.71,251.305,2230,2020-12-29 19:00:00,WIX
251.14,251.14,250.845,250.845,600,2020-12-29 19:05:00,WIX
250.69,250.96,250.69,250.84,4297,2020-12-29 19:10:00,WIX
250.97,251.44,250.84,251.28,5237,2020-12-29 19:15:00,WIX
251.28,251.4,250.47,250.525,5589,2020-12-29 19:20:00,WIX
250.28,250.43,250.01,250.215,6185,2020-12-29 19:25:00,WIX
250.195,250.545,250.01,250.515,6233,2020-12-29 19:30:00,WIX
250.515,251.08,250.33,251.08,5698,2020-12-29 19:35:00,WIX
251.06,251.07,250.705,250.875,5818,2020-12-29 19:40:00,WIX
251.085,251.5,250.815,251.415,5743,2020-12-29 19:45:00,WIX
251.525,252.7,251.5,252.51,5949,2020-12-29 19:50:00,WIX
252.64,253.08,252.64,252.84,5533,2020-12-29 19:55:00,WIX
252.845,253.01,252.32,252.32,6194,2020-12-29 20:00:00,WIX
252.445,252.56,251.9,251.905,8532,2020-12-29 20:05:00,WIX
252.215,252.85,252.19,252.49,6393,2020-12-29 20:10:00,WIX
252.61,252.83,252.49,252.715,5500,2020-12-29 20:15:00,WIX
252.65,253.8009,252.645,253.655,12010,2020-12-29 20:20:00,WIX
253.655,253.98,253.39,253.735,7628,2020-12-29 20:25:00,WIX
253.53,253.65,253.2,253.29,11706,2020-12-29 20:30:00,WIX
253.42,253.49,252.78,252.94,10035,2020-12-29 20:35:00,WIX
253.04,253.53,252.72,253.4,11209,2020-12-29 20:40:00,WIX
253.57,253.83,252.885,252.9,13187,2020-12-29 20:45:00,WIX
253.045,254.0,253.045,253.675,16688,2020-12-29 20:50:00,WIX
253.55,253.96,253.18,253.96,22027,2020-12-29 20:55:00,WIX
253.96,253.96,253.85,253.85,13708,2020-12-29 21:00:00,WIX
255.68,255.69,255.68,255.69,860,2020-12-29 21:40:00,WIX
255.0,255.0,255.0,255.0,110,2020-12-30 13:00:00,WIX
255.0,257.32,255.0,255.76,11577,2020-12-30 14:30:00,WIX
254.65,256.9,254.65,256.455,4869,2020-12-30 14:35:00,WIX
256.37,256.83,254.29,254.955,5549,2020-12-30 14:40:00,WIX
254.805,254.805,253.565,254.445,4595,2020-12-30 14:45:00,WIX
254.4,254.4,252.8,253.26,5408,2020-12-30 14:50:00,WIX
253.8,256.49,253.355,256.0,6419,2020-12-30 14:55:00,WIX
256.01,256.65,254.56,255.675,6486,2020-12-30 15:00:00,WIX
255.69,256.36,255.605,256.27,5609,2020-12-30 15:05:00,WIX
256.42,257.27,256.24,256.81,6738,2020-12-30 15:10:00,WIX
256.79,257.05,256.275,256.815,4681,2020-12-30 15:15:00,WIX
256.85,257.75,256.735,257.43,4168,2020-12-30 15:20:00,WIX
257.435,258.09,257.1227,257.885,5475,2020-12-30 15:25:00,WIX
257.66,257.94,256.775,256.775,3603,2020-12-30 15:30:00,WIX
256.65,256.7,255.01,255.46,4018,2020-12-30 15:35:00,WIX
255.51,255.62,254.89,255.16,4339,2020-12-30 15:40:00,WIX
255.59,256.635,255.44,256.635,4530,2020-12-30 15:45:00,WIX
256.715,256.715,255.88,255.88,3300,2020-12-30 15:50:00,WIX
256.455,256.52,255.45,255.56,5071,2020-12-30 15:55:00,WIX
255.62,255.62,255.16,255.465,3783,2020-12-30 16:00:00,WIX
255.435,256.295,255.435,255.545,4408,2020-12-30 16:05:00,WIX
255.545,255.85,255.33,255.42,3598,2020-12-30 16:10:00,WIX
255.415,255.42,253.95,254.645,4048,2020-12-30 16:15:00,WIX
254.645,255.01,254.125,254.405,3750,2020-12-30 16:20:00,WIX
254.2,255.09,254.1,255.085,4153,2020-12-30 16:25:00,WIX
254.99,256.105,254.99,256.105,4247,2020-12-30 16:30:00,WIX
256.195,256.59,256.04,256.05,5339,2020-12-30 16:35:00,WIX
256.28,256.51,255.555,255.555,4758,2020-12-30 16:40:00,WIX
255.47,255.69,255.09,255.09,3128,2020-12-30 16:45:00,WIX
255.38,256.6,255.07,256.52,6225,2020-12-30 16:50:00,WIX
256.545,257.13,256.525,256.93,4299,2020-12-30 16:55:00,WIX
256.64,257.42,256.63,256.99,5338,2020-12-30 17:00:00,WIX
257.19,257.42,256.86,257.19,8940,2020-12-30 17:05:00,WIX
257.16,257.55,256.89,257.32,6358,2020-12-30 17:10:00,WIX
257.11,257.7,257.09,257.24,4155,2020-12-30 17:15:00,WIX
257.24,257.9,256.82,257.62,11338,2020-12-30 17:20:00,WIX
257.36,258.76,257.36,258.76,4714,2020-12-30 17:25:00,WIX
258.81,259.58,258.67,259.3,4782,2020-12-30 17:30:00,WIX
259.295,259.58,258.82,259.58,5439,2020-12-30 17:35:00,WIX
259.73,260.42,259.66,260.01,7588,2020-12-30 17:40:00,WIX
259.725,260.55,259.725,260.19,5367,2020-12-30 17:45:00,WIX
259.985,259.985,259.515,259.755,5335,2020-12-30 17:50:00,WIX
259.765,260.8899,259.46,260.65,5280,2020-12-30 17:55:00,WIX
260.79,261.265,260.59,261.24,7665,2020-12-30 18:00:00,WIX
261.25,261.49,261.015,261.26,6469,2020-12-30 18:05:00,WIX
261.43,261.48,261.0176,261.15,5054,2020-12-30 18:10:00,WIX
261.15,261.45,260.96,261.12,4132,2020-12-30 18:15:00,WIX
261.12,261.36,260.91,261.13,3441,2020-12-30 18:20:00,WIX
261.4,261.77,260.8915,261.74,6313,2020-12-30 18:25:00,WIX
261.72,262.91,261.72,262.69,6050,2020-12-30 18:30:00,WIX
262.575,263.6,262.49,262.88,7863,2020-12-30 18:35:00,WIX
263.1,263.59,262.05,262.05,9405,2020-12-30 18:40:00,WIX
262.45,262.645,262.15,262.5,5790,2020-12-30 18:45:00,WIX
262.605,262.63,261.65,261.66,4910,2020-12-30 18:50:00,WIX
261.75,262.31,261.75,261.905,5556,2020-12-30 18:55:00,WIX
261.99,262.37,261.9,262.29,4649,2020-12-30 19:00:00,WIX
262.285,262.64,262.285,262.545,4274,2020-12-30 19:05:00,WIX
262.385,262.48,261.86,262.115,6052,2020-12-30 19:10:00,WIX
261.95,262.865,261.95,262.74,6988,2020-12-30 19:15:00,WIX
262.9,263.01,262.52,262.52,6014,2020-12-30 19:20:00,WIX
262.815,262.82,262.19,262.33,6539,2020-12-30 19:25:00,WIX
262.315,262.63,260.82,261.14,5768,2020-12-30 19:30:00,WIX
261.13,261.13,259.67,259.9,10919,2020-12-30 19:35:00,WIX
259.895,260.02,259.25,259.89,6279,2020-12-30 19:40:00,WIX
259.77,259.97,259.47,259.58,4599,2020-12-30 19:45:00,WIX
259.38,259.38,258.27,258.7,10257,2020-12-30 19:50:00,WIX
258.235,258.91,258.22,258.875,3792,2020-12-30 19:55:00,WIX
258.875,258.875,258.27,258.27,4436,2020-12-30 20:00:00,WIX
258.17,258.6,257.73,258.545,5457,2020-12-30 20:05:00,WIX
258.3713,258.385,257.63,257.835,3583,2020-12-30 20:10:00,WIX
257.656,258.31,257.656,258.055,7138,2020-12-30 20:15:00,WIX
258.085,258.31,257.765,258.14,6054,2020-12-30 20:20:00,WIX
258.285,258.48,258.04,258.04,4600,2020-12-30 20:25:00,WIX
258.14,258.26,257.75,258.215,4388,2020-12-30 20:30:00,WIX
258.14,258.14,257.125,257.79,8162,2020-12-30 20:35:00,WIX
257.715,257.86,256.35,256.35,9125,2020-12-30 20:40:00,WIX
256.43,256.78,255.88,256.09,8359,2020-12-30 20:45:00,WIX
256.23,257.07,256.16,256.71,11489,2020-12-30 20:50:00,WIX
256.61,257.1096,255.95,256.93,15880,2020-12-30 20:55:00,WIX
256.88,256.88,256.88,256.88,18513,2020-12-30 21:00:00,WIX
256.88,256.88,256.88,256.88,3677,2020-12-30 22:45:00,WIX
257.0,257.0,257.0,257.0,100,2020-12-31 12:30:00,WIX
259.24,259.24,257.35,257.63,6952,2020-12-31 14:30:00,WIX
257.89,257.89,256.25,257.35,2100,2020-12-31 14:35:00,WIX
257.5,257.5,255.78,256.67,6294,2020-12-31 14:40:00,WIX
256.6,256.6,254.07,255.4,1700,2020-12-31 14:45:00,WIX
254.45,254.986,254.19,254.19,423,2020-12-31 14:50:00,WIX
254.92,254.93,253.63,254.782,1000,2020-12-31 14:55:00,WIX
255.325,256.91,255.01,256.5,1271,2020-12-31 15:00:00,WIX
256.525,256.525,255.19,255.19,625,2020-12-31 15:05:00,WIX
255.1998,255.28,255.1998,255.28,200,2020-12-31 15:10:00,WIX
255.67,256.0,255.67,256.0,516,2020-12-31 15:15:00,WIX
255.62,255.62,254.94,254.94,303,2020-12-31 15:20:00,WIX
254.52,255.105,253.95,253.95,2196,2020-12-31 15:25:00,WIX
254.35,254.35,253.665,253.665,550,2020-12-31 15:30:00,WIX
254.61,254.61,253.94,253.94,500,2020-12-31 15:35:00,WIX
254.68,254.68,254.01,254.01,746,2020-12-31 15:40:00,WIX
254.45,254.45,253.54,253.915,700,2020-12-31 15:45:00,WIX
253.93,254.07,253.75,254.07,856,2020-12-31 15:50:00,WIX
253.875,254.39,253.875,254.0,902,2020-12-31 15:55:00,WIX
254.0,254.1236,253.94,254.0,1063,2020-12-31 16:00:00,WIX
254.0,254.185,253.985,254.005,2858,2020-12-31 16:05:00,WIX
254.08,254.43,253.86,254.0,1300,2020-12-31 16:10:00,WIX
254.165,254.165,253.96,254.08,1125,2020-12-31 16:15:00,WIX
254.0,254.36,254.0,254.12,1400,2020-12-31 16:20:00,WIX
254.0,254.76,253.96,254.5,3501,2020-12-31 16:25:00,WIX
254.17,254.53,254.05,254.05,966,2020-12-31 16:30:00,WIX
254.035,254.295,253.9,254.15,2197,2020-12-31 16:35:00,WIX
254.0,254.47,254.0,254.0007,1500,2020-12-31 16:40:00,WIX
254.0,254.0,253.0,253.645,2900,2020-12-31 16:45:00,WIX
253.16,253.16,252.15,252.94,802,2020-12-31 16:50:00,WIX
253.26,253.26,252.43,252.93,1550,2020-12-31 16:55:00,WIX
252.35,252.79,252.345,252.43,1224,2020-12-31 17:00:00,WIX
252.83,252.9,252.545,252.805,500,2020-12-31 17:05:00,WIX
252.5,252.79,252.35,252.79,3110,2020-12-31 17:10:00,WIX
252.86,252.99,252.5,252.99,900,2020-12-31 17:15:00,WIX
252.7,253.135,252.69,252.99,1218,2020-12-31 17:20:00,WIX
252.74,253.28,252.4206,252.5,2300,2020-12-31 17:25:00,WIX
252.65,252.815,252.495,252.515,1681,2020-12-31 17:30:00,WIX
252.75,252.8252,252.44,252.44,2289,2020-12-31 17:35:00,WIX
252.98,253.0128,252.46,252.85,1650,2020-12-31 17:40:00,WIX
252.66,252.705,252.66,252.682,600,2020-12-31 17:45:00,WIX
252.77,252.78,252.61,252.7404,1320,2020-12-31 17:50:00,WIX
252.73,253.21,252.67,253.15,1400,2020-12-31 17:55:00,WIX
253.06,253.185,253.0,253.0,400,2020-12-31 18:00:00,WIX
253.39,253.39,252.725,252.97,802,2020-12-31 18:05:00,WIX
252.9794,252.98,252.8,252.8,300,2020-12-31 18:10:00,WIX
252.8,252.8,252.35,252.54,2289,2020-12-31 18:15:00,WIX
252.31,252.6444,252.31,252.47,412,2020-12-31 18:20:00,WIX
252.26,252.92,252.26,252.92,1409,2020-12-31 18:25:00,WIX
253.09,253.65,252.89,253.59,2000,2020-12-31 18:30:00,WIX
253.85,254.12,253.05,253.425,1702,2020-12-31 18:35:00,WIX
253.59,253.68,252.54,252.54,2051,2020-12-31 18:40:00,WIX
252.54,253.5,252.54,253.49,950,2020-12-31 18:45:00,WIX
253.26,253.26,252.65,252.965,600,2020-12-31 18:50:00,WIX
252.65,253.35,252.65,252.91,1102,2020-12-31 18:55:00,WIX
253.0,253.01,252.6301,253.01,300,2020-12-31 19:00:00,WIX
252.965,253.005,252.885,252.885,800,2020-12-31 19:05:00,WIX
252.81,252.81,252.26,252.475,3141,2020-12-31 19:10:00,WIX
252.71,252.71,252.37,252.595,800,2020-12-31 19:15:00,WIX
252.41,252.41,251.69,252.2639,2587,2020-12-31 19:20:00,WIX
252.52,252.52,251.25,251.25,1700,2020-12-31 19:25:00,WIX
251.645,251.74,251.57,251.57,800,2020-12-31 19:30:00,WIX
251.76,251.78,251.5,251.63,2028,2020-12-31 19:35:00,WIX
251.4,251.6,251.2701,251.3,2485,2020-12-31 19:40:00,WIX
251.25,251.5,250.67,250.71,3362,2020-12-31 19:45:00,WIX
250.89,250.95,250.43,250.43,530,2020-12-31 19:50:00,WIX
250.66,250.7,249.915,250.27,3689,2020-12-31 19:55:00,WIX
250.42,250.69,250.0,250.0,1200,2020-12-31 20:00:00,WIX
250.43,250.71,250.32,250.45,1765,2020-12-31 20:05:00,WIX
250.39,250.39,249.515,249.69,1594,2020-12-31 20:10:00,WIX
249.97,249.97,249.5,249.57,1500,2020-12-31 20:15:00,WIX
249.67,249.99,249.37,249.37,5705,2020-12-31 20:20:00,WIX
249.2,249.67,248.975,249.67,2070,2020-12-31 20:25:00,WIX
249.92,249.92,249.0,249.245,1840,2020-12-31 20:30:00,WIX
249.07,249.52,249.07,249.47,3659,2020-12-31 20:35:00,WIX
249.3,249.9,249.19,249.9,5909,2020-12-31 20:40:00,WIX
249.66,249.84,249.36,249.7995,4735,2020-12-31 20:45:00,WIX
249.96,250.1,249.41,249.73,4390,2020-12-31 20:50:00,WIX
249.415,250.25,249.41,249.97,14076,2020-12-31 20:55:00,WIX
249.96,249.96,249.96,249.96,20830,2020-12-31 21:00:00,WIX
249.96,249.96,249.96,249.96,853,2020-12-31 21:30:00,WIX
249.96,249.96,249.96,249.96,1717,2020-12-31 21:55:00,WIX
255.19,255.19,255.19,255.19,385,2021-01-04 13:55:00,WIX
249.96,249.96,249.96,249.96,5063,2021-01-04 14:05:00,WIX
253.32,253.32,246.05,246.06,13760,2021-01-04 14:30:00,WIX
246.93,247.13,243.125,244.775,12896,2021-01-04 14:35:00,WIX
244.69,246.99,243.88,246.99,5800,2021-01-04 14:40:00,WIX
247.13,249.15,247.13,248.33,5502,2021-01-04 14:45:00,WIX
248.35,249.98,248.31,249.07,6904,2021-01-04 14:50:00,WIX
249.62,250.25,246.26,246.26,4922,2021-01-04 14:55:00,WIX
247.47,250.35,247.47,249.0259,6085,2021-01-04 15:00:00,WIX
249.43,250.7,248.88,250.1,9831,2021-01-04 15:05:00,WIX
249.56,250.18,249.21,250.18,3600,2021-01-04 15:10:00,WIX
250.475,251.58,250.385,251.13,7763,2021-01-04 15:15:00,WIX
250.92,252.49,250.88,252.3,3775,2021-01-04 15:20:00,WIX
252.97,254.26,252.97,253.525,2894,2021-01-04 15:25:00,WIX
253.575,253.68,251.46,251.58,3778,2021-01-04 15:30:00,WIX
251.47,252.46,251.11,251.37,3443,2021-01-04 15:35:00,WIX
251.93,252.86,250.86,252.035,5544,2021-01-04 15:40:00,WIX
251.735,251.825,250.64,251.76,3434,2021-01-04 15:45:00,WIX
251.6,252.08,250.87,250.87,2225,2021-01-04 15:50:00,WIX
250.68,250.92,249.53,249.53,1457,2021-01-04 15:55:00,WIX
249.92,250.205,249.17,249.59,1100,2021-01-04 16:00:00,WIX
249.2501,249.83,249.25,249.83,800,2021-01-04 16:05:00,WIX
249.87,251.125,249.87,251.125,2300,2021-01-04 16:10:00,WIX
251.4,251.4,251.18,251.2,800,2021-01-04 16:15:00,WIX
251.43,251.43,250.86,251.03,700,2021-01-04 16:20:00,WIX
251.425,252.31,251.425,252.1,1400,2021-01-04 16:25:00,WIX
251.73,252.0,250.81,251.735,2155,2021-01-04 16:30:00,WIX
251.355,252.07,250.98,252.07,1592,2021-01-04 16:35:00,WIX
252.235,252.58,251.63,251.7,3313,2021-01-04 16:40:00,WIX
251.955,252.94,251.71,251.935,2784,2021-01-04 16:45:00,WIX
252.344,252.77,251.685,251.685,2401,2021-01-04 16:50:00,WIX
251.69,251.725,250.965,250.965,3725,2021-01-04 16:55:00,WIX
251.22,251.99,250.49,250.49,9739,2021-01-04 17:00:00,WIX
250.48,250.48,248.82,249.16,4986,2021-01-04 17:05:00,WIX
248.5701,249.23,248.25,248.75,4277,2021-01-04 17:10:00,WIX
248.715,249.17,248.0,248.63,4366,2021-01-04 17:15:00,WIX
249.0,250.04,248.94,250.04,4110,2021-01-04 17:20:00,WIX
249.97,250.095,249.19,249.24,700,2021-01-04 17:25:00,WIX
249.48,250.0,248.8,249.62,1300,2021-01-04 17:30:00,WIX
249.7501,250.18,249.54,250.18,1165,2021-01-04 17:35:00,WIX
250.05,250.82,249.955,250.05,4999,2021-01-04 17:40:00,WIX
249.7424,250.05,249.435,249.435,1605,2021-01-04 17:45:00,WIX
249.85,250.5182,249.85,250.5182,375,2021-01-04 17:50:00,WIX
250.8628,251.6306,250.8628,251.5733,1800,2021-01-04 17:55:00,WIX
251.49,251.58,250.49,251.09,1805,2021-01-04 18:00:00,WIX
250.81,250.81,250.79,250.79,200,2021-01-04 18:05:00,WIX
250.905,251.29,250.05,250.11,2692,2021-01-04 18:10:00,WIX
250.415,250.51,250.14,250.295,3198,2021-01-04 18:15:00,WIX
250.28,251.1775,250.225,251.1775,3138,2021-01-04 18:20:00,WIX
251.21,251.215,250.91,251.215,900,2021-01-04 18:25:00,WIX
251.205,251.64,250.92,251.425,5628,2021-01-04 18:30:00,WIX
251.53,252.25,251.53,252.145,1944,2021-01-04 18:35:00,WIX
252.21,252.5,251.98,252.055,5444,2021-01-04 18:40:00,WIX
252.175,252.175,251.7351,251.8855,1204,2021-01-04 18:45:00,WIX
252.08,252.31,252.01,252.01,800,2021-01-04 18:50:00,WIX
252.5148,252.76,252.04,252.04,2575,2021-01-04 18:55:00,WIX
252.35,252.77,251.75,252.04,3087,2021-01-04 19:00:00,WIX
251.67,251.67,251.11,251.455,700,2021-01-04 19:05:00,WIX
251.02,251.71,251.02,251.32,1300,2021-01-04 19:10:00,WIX
251.82,252.02,251.43,251.43,2290,2021-01-04 19:15:00,WIX
251.3372,251.395,250.56,251.03,2064,2021-01-04 19:20:00,WIX
250.71,250.97,250.545,250.545,4955,2021-01-04 19:25:00,WIX
250.57,251.25,250.5,250.73,6242,2021-01-04 19:30:00,WIX
250.92,251.39,250.92,251.2,4600,2021-01-04 19:35:00,WIX
251.22,251.645,251.22,251.48,2200,2021-01-04 19:40:00,WIX
251.6,251.67,251.33,251.39,2900,2021-01-04 19:45:00,WIX
251.315,251.74,251.235,251.52,2014,2021-01-04 19:50:00,WIX
251.84,252.87,251.84,252.8,1450,2021-01-04 19:55:00,WIX
253.19,253.19,252.035,252.095,3895,2021-01-04 20:00:00,WIX
252.44,252.86,252.34,252.81,2200,2021-01-04 20:05:00,WIX
252.76,253.41,252.76,253.41,3000,2021-01-04 20:10:00,WIX
253.21,253.31,252.515,252.515,1639,2021-01-04 20:15:00,WIX
252.6,252.72,252.42,252.42,1200,2021-01-04 20:20:00,WIX
252.55,252.91,252.53,252.65,1000,2021-01-04 20:25:00,WIX
252.86,253.24,252.51,253.2,2913,2021-01-04 20:30:00,WIX
253.17,253.35,252.79,252.99,3923,2021-01-04 20:35:00,WIX
252.82,252.89,252.16,252.66,2627,2021-01-04 20:40:00,WIX
253.435,253.435,252.48,252.81,6580,2021-01-04 20:45:00,WIX
252.95,253.9015,252.86,253.55,8196,2021-01-04 20:50:00,WIX
253.625,253.98,252.67,253.53,12490,2021-01-04 20:55:00,WIX
253.15,253.15,253.15,253.15,23225,2021-01-04 21:00:00,WIX
253.15,253.15,253.15,253.15,9309,2021-01-04 21:05:00,WIX
253.15,253.15,253.15,253.15,15300,2021-01-04 21:30:00,WIX
252.0,252.0,252.0,252.0,100,2021-01-05 00:10:00,WIX
253.15,253.15,253.15,253.15,259,2021-01-05 00:50:00,WIX
248.9982,248.9982,248.9982,248.9982,100,2021-01-05 13:45:00,WIX
250.08,252.8,249.79,252.8,10106,2021-01-05 14:30:00,WIX
252.48,252.78,250.69,251.87,3700,2021-01-05 14:35:00,WIX
251.87,254.77,251.87,253.33,2985,2021-01-05 14:40:00,WIX
253.53,255.25,253.53,255.25,2100,2021-01-05 14:45:00,WIX
254.755,254.91,253.61,254.205,2420,2021-01-05 14:50:00,WIX
254.52,255.39,254.52,255.025,4140,2021-01-05 14:55:00,WIX
255.5,255.69,254.4575,255.2727,1404,2021-01-05 15:00:00,WIX
254.84,256.9,254.84,256.48,6839,2021-01-05 15:05:00,WIX
256.48,256.7,254.785,254.785,2000,2021-01-05 15:10:00,WIX
254.785,255.99,254.785,255.0,2700,2021-01-05 15:15:00,WIX
254.905,255.66,254.8,254.8,1500,2021-01-05 15:20:00,WIX
254.87,255.62,254.77,254.77,1200,2021-01-05 15:25:00,WIX
254.91,256.33,254.8693,256.33,5310,2021-01-05 15:30:00,WIX
256.06,257.59,255.78,257.28,3600,2021-01-05 15:35:00,WIX
257.86,258.025,256.84,257.27,1706,2021-01-05 15:40:00,WIX
256.75,258.1,256.75,258.0,1702,2021-01-05 15:45:00,WIX
257.83,259.0,257.62,257.895,7205,2021-01-05 15:50:00,WIX
257.7152,257.86,256.79,256.79,3064,2021-01-05 15:55:00,WIX
257.155,257.53,256.16,256.91,1850,2021-01-05 16:00:00,WIX
256.54,256.92,256.14,256.44,1350,2021-01-05 16:05:00,WIX
256.465,257.27,256.42,256.485,1900,2021-01-05 16:10:00,WIX
256.26,256.26,255.21,255.81,1730,2021-01-05 16:15:00,WIX
255.56,256.25,255.01,255.01,2650,2021-01-05 16:20:00,WIX
254.505,255.54,254.19,255.54,1200,2021-01-05 16:25:00,WIX
254.58,254.58,253.98,254.24,2798,2021-01-05 16:30:00,WIX
254.39,254.6012,254.18,254.6012,1200,2021-01-05 16:35:00,WIX
254.6,254.6,254.0672,254.0672,200,2021-01-05 16:40:00,WIX
254.49,255.64,254.49,255.64,400,2021-01-05 16:45:00,WIX
255.7,255.715,255.7,255.715,200,2021-01-05 16:50:00,WIX
256.59,256.59,254.85,254.89,1500,2021-01-05 16:55:00,WIX
255.19,255.24,254.395,254.395,1000,2021-01-05 17:00:00,WIX
254.95,255.3,254.74,255.3,700,2021-01-05 17:05:00,WIX
255.28,255.28,254.2,254.2,900,2021-01-05 17:10:00,WIX
254.31,254.61,254.0,254.39,3217,2021-01-05 17:15:00,WIX
254.355,254.655,254.21,254.655,700,2021-01-05 17:20:00,WIX
254.75,254.75,254.45,254.71,1579,2021-01-05 17:25:00,WIX
254.84,254.885,254.62,254.8,800,2021-01-05 17:30:00,WIX
254.62,254.88,254.62,254.76,2123,2021-01-05 17:35:00,WIX
254.58,254.58,254.04,254.395,1100,2021-01-05 17:40:00,WIX
254.0741,254.81,254.0741,254.81,2706,2021-01-05 17:45:00,WIX
254.46,254.7196,253.36,254.31,2526,2021-01-05 17:50:00,WIX
254.42,254.47,253.15,253.76,5278,2021-01-05 17:55:00,WIX
254.07,254.07,254.02,254.025,300,2021-01-05 18:00:00,WIX
254.28,254.36,253.995,254.36,900,2021-01-05 18:05:00,WIX
254.15,254.72,254.15,254.72,700,2021-01-05 18:10:00,WIX
254.5866,254.96,254.41,254.96,3755,2021-01-05 18:15:00,WIX
254.9706,255.29,254.82,254.82,2671,2021-01-05 18:20:00,WIX
254.49,254.49,253.9,253.9,400,2021-01-05 18:25:00,WIX
254.08,254.39,253.89,253.915,782,2021-01-05 18:30:00,WIX
253.75,254.305,253.74,254.305,4998,2021-01-05 18:35:00,WIX
253.98,254.45,253.98,254.45,600,2021-01-05 18:40:00,WIX
254.3605,254.68,254.34,254.68,586,2021-01-05 18:45:00,WIX
254.69,254.69,254.55,254.65,600,2021-01-05 18:50:00,WIX
254.8,254.94,254.8,254.94,400,2021-01-05 18:55:00,WIX
254.88,254.95,254.4,254.86,4150,2021-01-05 19:00:00,WIX
254.96,255.0,254.66,254.841,3851,2021-01-05 19:05:00,WIX
254.66,254.67,254.17,254.17,2299,2021-01-05 19:10:00,WIX
254.17,254.415,254.03,254.39,1100,2021-01-05 19:15:00,WIX
254.375,254.61,254.375,254.61,500,2021-01-05 19:20:00,WIX
254.41,254.625,254.225,254.595,3816,2021-01-05 19:25:00,WIX
254.64,254.97,254.52,254.7,3055,2021-01-05 19:30:00,WIX
254.71,254.77,254.64,254.76,1500,2021-01-05 19:35:00,WIX
254.76,255.96,254.76,255.95,1678,2021-01-05 19:40:00,WIX
256.1,256.415,255.68,256.415,1945,2021-01-05 19:45:00,WIX
256.76,257.28,256.12,256.89,3150,2021-01-05 19:50:00,WIX
256.87,257.49,256.8625,257.265,1891,2021-01-05 19:55:00,WIX
257.155,257.595,257.05,257.595,5743,2021-01-05 20:00:00,WIX
257.79,258.06,257.72,258.06,2915,2021-01-05 20:05:00,WIX
258.12,258.36,257.91,258.36,4858,2021-01-05 20:10:00,WIX
258.5,258.69,258.39,258.66,3502,2021-01-05 20:15:00,WIX
258.52,258.94,258.35,258.6,2453,2021-01-05 20:20:00,WIX
258.46,258.46,257.635,257.84,3000,2021-01-05 20:25:00,WIX
257.84,257.84,256.46,256.6,4310,2021-01-05 20:30:00,WIX
256.51,257.1,256.21,256.93,4350,2021-01-05 20:35:00,WIX
256.58,257.45,256.48,257.22,2128,2021-01-05 20:40:00,WIX
257.015,257.87,257.015,257.67,3062,2021-01-05 20:45:00,WIX
257.68,259.31,257.67,259.31,6925,2021-01-05 20:50:00,WIX
259.32,259.67,258.6643,259.04,26096,2021-01-05 20:55:00,WIX
259.25,259.25,259.25,259.25,23503,2021-01-05 21:00:00,WIX
259.25,259.25,259.25,259.25,1024,2021-01-05 21:35:00,WIX
257.48,257.48,257.48,257.48,100,2021-01-06 14:00:00,WIX
252.94,253.0,250.0,250.54,9394,2021-01-06 14:30:00,WIX
252.3008,252.81,250.71,252.39,1400,2021-01-06 14:35:00,WIX
252.29,252.9,250.49,252.9,1850,2021-01-06 14:40:00,WIX
252.82,253.25,252.0,252.7233,2379,2021-01-06 14:45:00,WIX
252.38,252.945,251.76,252.39,1610,2021-01-06 14:50:00,WIX
252.11,252.11,249.95,250.4,2700,2021-01-06 14:55:00,WIX
250.01,251.3,249.0,251.3,2362,2021-01-06 15:00:00,WIX
250.81,251.48,250.05,251.48,3600,2021-01-06 15:05:00,WIX
251.03,251.82,250.39,251.52,2500,2021-01-06 15:10:00,WIX
251.77,252.42,251.4435,252.1971,4020,2021-01-06 15:15:00,WIX
252.52,253.38,252.52,253.38,1719,2021-01-06 15:20:00,WIX
252.97,253.6,252.95,253.6,1315,2021-01-06 15:25:00,WIX
253.9,254.39,253.19,253.44,3479,2021-01-06 15:30:00,WIX
253.44,254.11,253.22,253.38,1724,2021-01-06 15:35:00,WIX
253.6,253.6,252.03,252.03,1525,2021-01-06 15:40:00,WIX
252.435,252.9,252.07,252.67,1768,2021-01-06 15:45:00,WIX
252.87,252.87,252.24,252.41,2705,2021-01-06 15:50:00,WIX
252.18,252.19,251.52,251.6676,1000,2021-01-06 15:55:00,WIX
251.3,251.3,250.53,250.95,1952,2021-01-06 16:00:00,WIX
250.8,251.11,250.15,251.04,2589,2021-01-06 16:05:00,WIX
251.1825,251.38,250.47,250.77,5475,2021-01-06 16:10:00,WIX
250.49,250.73,250.015,250.5,2430,2021-01-06 16:15:00,WIX
251.06,251.1732,250.44,251.1732,1478,2021-01-06 16:20:00,WIX
251.18,251.36,250.76,251.16,2835,2021-01-06 16:25:00,WIX
251.5,251.5,250.25,250.76,2292,2021-01-06 16:30:00,WIX
250.37,250.37,249.54,249.78,6209,2021-01-06 16:35:00,WIX
250.0,250.94,249.805,250.94,1000,2021-01-06 16:40:00,WIX
251.0,251.14,250.56,250.56,857,2021-01-06 16:45:00,WIX
250.52,250.69,250.0,250.3,1376,2021-01-06 16:50:00,WIX
250.325,250.325,249.95,250.0,3029,2021-01-06 16:55:00,WIX
250.11,250.19,249.64,249.89,3824,2021-01-06 17:00:00,WIX
249.92,250.25,249.5,249.86,4710,2021-01-06 17:05:00,WIX
249.885,250.09,249.79,249.805,1889,2021-01-06 17:10:00,WIX
249.68,250.03,249.5,250.0,6687,2021-01-06 17:15:00,WIX
249.81,249.91,249.15,249.15,2427,2021-01-06 17:20:00,WIX
249.38,249.415,248.79,249.41,4580,2021-01-06 17:25:00,WIX
249.57,249.6,249.04,249.6,1000,2021-01-06 17:30:00,WIX
249.4048,249.52,248.91,248.91,1800,2021-01-06 17:35:00,WIX
248.895,249.5099,248.895,248.97,1439,2021-01-06 17:40:00,WIX
248.74,249.245,248.74,249.245,600,2021-01-06 17:45:00,WIX
249.23,249.56,249.05,249.13,4840,2021-01-06 17:50:00,WIX
249.64,249.66,249.15,249.18,1700,2021-01-06 17:55:00,WIX
249.34,249.34,249.15,249.23,329,2021-01-06 18:00:00,WIX
249.33,249.77,249.33,249.5,3000,2021-01-06 18:05:00,WIX
249.7813,250.43,249.69,249.69,2782,2021-01-06 18:10:00,WIX
250.0,250.05,249.8,249.8,300,2021-01-06 18:15:00,WIX
249.29,249.8,249.29,249.8,4500,2021-01-06 18:20:00,WIX
250.08,250.23,249.94,250.1,1187,2021-01-06 18:25:00,WIX
250.58,250.58,250.0,250.235,2700,2021-01-06 18:30:00,WIX
250.7,250.92,250.7,250.8,2100,2021-01-06 18:35:00,WIX
251.29,251.58,251.15,251.19,4760,2021-01-06 18:40:00,WIX
251.17,251.565,251.17,251.565,250,2021-01-06 18:45:00,WIX
251.66,251.835,251.39,251.835,700,2021-01-06 18:50:00,WIX
251.575,252.26,251.27,252.185,4292,2021-01-06 18:55:00,WIX
252.125,252.9,251.88,252.495,3223,2021-01-06 19:00:00,WIX
252.58,252.58,251.8,251.8,2350,2021-01-06 19:05:00,WIX
251.96,252.46,251.61,252.41,3349,2021-01-06 19:10:00,WIX
252.315,253.06,252.05,252.22,3238,2021-01-06 19:15:00,WIX
252.36,252.54,252.25,252.395,1943,2021-01-06 19:20:00,WIX
252.08,252.41,250.75,250.915,950,2021-01-06 19:25:00,WIX
251.05,251.95,250.88,250.88,2100,2021-01-06 19:30:00,WIX
250.8,250.8,249.71,250.5,1500,2021-01-06 19:35:00,WIX
250.19,250.437,249.05,250.115,6356,2021-01-06 19:40:00,WIX
250.0,250.0,249.49,249.49,1600,2021-01-06 19:45:00,WIX
249.33,250.53,248.96,249.88,3568,2021-01-06 19:50:00,WIX
250.165,251.0,250.1047,250.805,2055,2021-01-06 19:55:00,WIX
250.7,250.86,249.58,249.58,88825,2021-01-06 20:00:00,WIX
249.75,249.93,248.84,249.18,4360,2021-01-06 20:05:00,WIX
249.21,249.5,248.67,248.98,6200,2021-01-06 20:10:00,WIX
249.13,249.405,248.87,249.26,4553,2021-01-06 20:15:00,WIX
249.16,249.55,248.39,248.535,7427,2021-01-06 20:20:00,WIX
248.25,249.27,247.78,249.27,6066,2021-01-06 20:25:00,WIX
249.01,249.77,248.23,248.445,4400,2021-01-06 20:30:00,WIX
248.43,248.63,248.18,248.26,4786,2021-01-06 20:35:00,WIX
248.26,248.82,248.21,248.82,6872,2021-01-06 20:40:00,WIX
248.84,249.055,247.9,248.52,11456,2021-01-06 20:45:00,WIX
248.52,249.07,248.03,249.07,11901,2021-01-06 20:50:00,WIX
249.1,249.32,247.51,247.96,39236,2021-01-06 20:55:00,WIX
247.86,247.86,247.86,247.86,38449,2021-01-06 21:00:00,WIX
247.86,247.86,247.86,247.86,2690,2021-01-06 21:10:00,WIX
250.1,254.6828,249.94,254.2,10488,2021-01-07 14:30:00,WIX
254.06,256.68,254.06,255.04,5120,2021-01-07 14:35:00,WIX
254.285,255.73,253.81,255.15,5927,2021-01-07 14:40:00,WIX
254.76,256.0,254.39,254.57,2160,2021-01-07 14:45:00,WIX
254.58,256.0,254.57,255.8,2280,2021-01-07 14:50:00,WIX
255.54,256.6622,255.271,256.3,4028,2021-01-07 14:55:00,WIX
256.245,256.595,255.25,255.34,1856,2021-01-07 15:00:00,WIX
255.59,256.18,255.46,255.47,700,2021-01-07 15:05:00,WIX
255.05,256.0,254.63,255.39,3400,2021-01-07 15:10:00,WIX
255.17,255.48,254.5,255.1875,6992,2021-01-07 15:15:00,WIX
255.21,256.42,255.15,255.5367,3156,2021-01-07 15:20:00,WIX
255.78,255.78,254.83,254.83,400,2021-01-07 15:25:00,WIX
254.17,254.47,253.39,254.47,2010,2021-01-07 15:30:00,WIX
254.05,254.85,253.29,254.195,2875,2021-01-07 15:35:00,WIX
253.8,254.465,253.79,254.1575,2600,2021-01-07 15:40:00,WIX
254.12,255.36,253.86,255.36,2634,2021-01-07 15:45:00,WIX
255.35,255.81,255.15,255.22,1738,2021-01-07 15:50:00,WIX
255.555,255.58,254.72,254.945,800,2021-01-07 15:55:00,WIX
254.96,255.03,254.17,254.17,3137,2021-01-07 16:00:00,WIX
254.21,254.33,253.88,254.1,1074,2021-01-07 16:05:00,WIX
254.4869,254.49,253.64,253.83,1255,2021-01-07 16:10:00,WIX
254.03,255.17,254.03,254.63,3228,2021-01-07 16:15:00,WIX
253.78,254.96,253.78,254.665,2100,2021-01-07 16:20:00,WIX
254.96,256.45,254.96,256.45,3650,2021-01-07 16:25:00,WIX
256.45,256.84,256.0,256.38,4253,2021-01-07 16:30:00,WIX
256.15,257.01,256.15,257.01,5755,2021-01-07 16:35:00,WIX
256.88,256.88,256.12,256.565,2200,2021-01-07 16:40:00,WIX
256.805,256.805,256.18,256.195,900,2021-01-07 16:45:00,WIX
256.02,256.02,255.48,255.62,1800,2021-01-07 16:50:00,WIX
255.5,255.5,255.31,255.36,900,2021-01-07 17:00:00,WIX
255.3,255.42,254.42,254.525,2090,2021-01-07 17:05:00,WIX
254.13,254.4321,253.89,254.11,1100,2021-01-07 17:10:00,WIX
254.12,254.31,253.62,253.98,1100,2021-01-07 17:15:00,WIX
253.6,254.35,253.505,254.25,2400,2021-01-07 17:20:00,WIX
254.2967,254.2967,254.2967,254.2967,100,2021-01-07 17:25:00,WIX
254.26,254.32,253.935,253.935,980,2021-01-07 17:30:00,WIX
254.41,255.0,254.37,254.55,2300,2021-01-07 17:35:00,WIX
254.54,254.62,254.04,254.15,700,2021-01-07 17:40:00,WIX
254.39,254.695,254.02,254.04,2694,2021-01-07 17:45:00,WIX
254.09,254.17,253.47,254.015,1719,2021-01-07 17:50:00,WIX
254.195,254.55,253.78,254.53,3452,2021-01-07 17:55:00,WIX
254.58,254.58,253.73,253.815,2500,2021-01-07 18:00:00,WIX
253.52,253.77,253.5,253.77,900,2021-01-07 18:05:00,WIX
254.0,254.295,254.0,254.175,2300,2021-01-07 18:10:00,WIX
254.29,254.3,253.97,254.01,2600,2021-01-07 18:15:00,WIX
254.27,254.55,254.2401,254.375,1252,2021-01-07 18:20:00,WIX
254.405,254.73,253.88,254.225,10924,2021-01-07 18:25:00,WIX
254.04,255.1,254.04,255.1,6716,2021-01-07 18:30:00,WIX
254.8,255.36,254.79,255.36,500,2021-01-07 18:35:00,WIX
255.34,255.58,254.69,255.24,3752,2021-01-07 18:40:00,WIX
255.21,255.21,253.74,253.755,2366,2021-01-07 18:45:00,WIX
253.51,254.09,253.51,254.09,1500,2021-01-07 18:50:00,WIX
254.13,254.13,253.145,253.145,1972,2021-01-07 18:55:00,WIX
253.53,253.53,252.46,253.265,3437,2021-01-07 19:00:00,WIX
253.34,253.65,253.05,253.335,400,2021-01-07 19:05:00,WIX
253.04,253.59,253.01,253.45,1739,2021-01-07 19:10:00,WIX
253.6355,253.6355,253.06,253.405,2691,2021-01-07 19:15:00,WIX
253.87,254.15,253.87,253.88,900,2021-01-07 19:20:00,WIX
253.73,253.96,253.41,253.67,2100,2021-01-07 19:25:00,WIX
254.2,254.2,253.42,253.42,1026,2021-01-07 19:30:00,WIX
253.67,253.67,253.45,253.45,300,2021-01-07 19:35:00,WIX
253.52,253.5651,253.5,253.5,400,2021-01-07 19:40:00,WIX
253.625,254.71,253.625,254.644,628,2021-01-07 19:45:00,WIX
254.49,254.595,254.38,254.595,600,2021-01-07 19:50:00,WIX
254.68,254.68,254.02,254.02,2064,2021-01-07 19:55:00,WIX
253.9,254.15,253.4,253.7961,2440,2021-01-07 20:00:00,WIX
253.47,253.805,253.3,253.68,1500,2021-01-07 20:05:00,WIX
253.56,253.7,253.23,253.54,3135,2021-01-07 20:10:00,WIX
253.675,254.07,253.535,253.535,5407,2021-01-07 20:15:00,WIX
253.5425,253.69,253.35,253.555,2842,2021-01-07 20:20:00,WIX
253.74,253.85,253.55,253.67,2175,2021-01-07 20:25:00,WIX
253.57,254.4,253.57,254.24,3484,2021-01-07 20:30:00,WIX
254.12,254.12,252.92,253.645,12145,2021-01-07 20:35:00,WIX
253.9,253.9,253.21,253.54,3100,2021-01-07 20:40:00,WIX
253.55,253.82,253.41,253.5,7177,2021-01-07 20:45:00,WIX
253.43,254.12,253.39,253.57,11933,2021-01-07 20:50:00,WIX
253.775,253.9,251.77,251.95,45007,2021-01-07 20:55:00,WIX
252.48,252.48,252.48,252.48,34161,2021-01-07 21:00:00,WIX
255.2,257.0,255.2,256.18,11013,2021-01-08 14:30:00,WIX
257.82,260.05,257.82,259.51,9745,2021-01-08 14:35:00,WIX
260.045,260.94,257.04,260.5,16104,2021-01-08 14:40:00,WIX
260.4804,261.15,259.71,259.8293,19688,2021-01-08 14:45:00,WIX
259.9,261.8,259.5601,260.555,3340,2021-01-08 14:50:00,WIX
260.555,262.22,260.195,261.07,7862,2021-01-08 14:55:00,WIX
261.525,262.81,261.0101,262.38,4747,2021-01-08 15:00:00,WIX
262.5,262.94,261.64,262.3316,5101,2021-01-08 15:05:00,WIX
262.435,262.54,261.64,261.64,1696,2021-01-08 15:10:00,WIX
261.2,261.85,260.34,261.5209,2600,2021-01-08 15:15:00,WIX
261.965,261.965,260.11,260.39,2400,2021-01-08 15:20:00,WIX
260.0,260.0,256.39,256.39,5440,2021-01-08 15:25:00,WIX
257.0,259.96,256.83,259.8,12451,2021-01-08 15:30:00,WIX
259.315,259.315,258.3063,259.155,2600,2021-01-08 15:35:00,WIX
259.23,260.76,258.95,260.6,10377,2021-01-08 15:40:00,WIX
260.84,262.22,260.242,262.1,5250,2021-01-08 15:45:00,WIX
261.77,261.98,261.395,261.885,2451,2021-01-08 15:50:00,WIX
262.35,262.5,260.77,261.25,4449,2021-01-08 15:55:00,WIX
261.0172,262.0,260.67,262.0,3397,2021-01-08 16:00:00,WIX
262.0,262.48,261.905,262.03,6897,2021-01-08 16:05:00,WIX
261.76,262.21,261.06,261.54,2391,2021-01-08 16:10:00,WIX
261.92,261.92,261.35,261.65,1448,2021-01-08 16:15:00,WIX
261.92,262.48,261.75,262.33,3256,2021-01-08 16:20:00,WIX
262.41,263.86,262.36,263.56,8489,2021-01-08 16:25:00,WIX
263.58,263.88,262.85,262.93,1910,2021-01-08 16:30:00,WIX
262.965,264.13,262.965,263.96,1707,2021-01-08 16:35:00,WIX
263.74,263.99,263.17,263.37,10964,2021-01-08 16:40:00,WIX
263.1,263.6399,263.05,263.605,4000,2021-01-08 16:45:00,WIX
263.605,263.8657,263.44,263.55,5930,2021-01-08 16:50:00,WIX
263.7,265.19,263.7,264.795,4097,2021-01-08 16:55:00,WIX
264.92,264.92,263.25,263.3462,2400,2021-01-08 17:00:00,WIX
263.08,263.3717,263.08,263.2374,1667,2021-01-08 17:05:00,WIX
263.34,264.22,263.01,264.22,7284,2021-01-08 17:10:00,WIX
264.125,264.295,263.72,263.72,3697,2021-01-08 17:15:00,WIX
263.34,263.69,263.04,263.04,3234,2021-01-08 17:20:00,WIX
263.375,263.66,263.05,263.05,2900,2021-01-08 17:25:00,WIX
263.05,263.61,263.05,263.61,1300,2021-01-08 17:30:00,WIX
263.41,263.73,263.31,263.31,3185,2021-01-08 17:35:00,WIX
263.4432,263.4432,262.3,262.3,2120,2021-01-08 17:40:00,WIX
262.31,262.47,261.3701,261.3701,3946,2021-01-08 17:45:00,WIX
261.79,262.28,261.56,261.933,2500,2021-01-08 17:50:00,WIX
261.98,262.405,261.98,262.405,600,2021-01-08 17:55:00,WIX
262.54,262.625,261.82,261.82,2326,2021-01-08 18:00:00,WIX
262.24,262.4075,262.09,262.12,1425,2021-01-08 18:05:00,WIX
262.12,262.5,261.9,262.26,2774,2021-01-08 18:10:00,WIX
262.14,262.43,261.82,261.89,2100,2021-01-08 18:15:00,WIX
261.5,261.5,260.4,260.4,1700,2021-01-08 18:20:00,WIX
261.02,262.0,260.95,261.86,2050,2021-01-08 18:25:00,WIX
262.02,262.27,261.73,261.93,4050,2021-01-08 18:30:00,WIX
261.935,262.39,261.52,262.21,6398,2021-01-08 18:35:00,WIX
261.75,262.36,261.48,261.965,3000,2021-01-08 18:40:00,WIX
262.49,262.56,261.809,262.56,8480,2021-01-08 18:45:00,WIX
262.94,263.79,262.94,263.59,3862,2021-01-08 18:50:00,WIX
263.6944,264.15,263.52,263.84,4773,2021-01-08 18:55:00,WIX
263.81,264.17,263.54,264.09,3649,2021-01-08 19:00:00,WIX
263.8,264.32,263.46,263.54,4150,2021-01-08 19:05:00,WIX
263.795,263.825,262.7565,262.9,3400,2021-01-08 19:10:00,WIX
263.22,263.58,262.79,263.275,2300,2021-01-08 19:15:00,WIX
263.285,263.35,263.0,263.105,3519,2021-01-08 19:20:00,WIX
263.52,264.18,263.52,263.686,3094,2021-01-08 19:25:00,WIX
264.2,264.53,263.85,264.2899,1500,2021-01-08 19:30:00,WIX
264.04,264.67,263.82,263.99,4120,2021-01-08 19:35:00,WIX
264.44,264.44,263.88,264.21,1000,2021-01-08 19:40:00,WIX
264.1,264.69,264.1,264.59,2300,2021-01-08 19:45:00,WIX
264.65,265.29,264.55,264.55,3007,2021-01-08 19:50:00,WIX
264.35,265.15,264.35,264.6525,3400,2021-01-08 19:55:00,WIX
264.7799,264.78,263.85,263.85,2820,2021-01-08 20:00:00,WIX
263.84,264.35,263.595,264.22,1500,2021-01-08 20:05:00,WIX
263.99,264.11,263.05,263.76,4442,2021-01-08 20:10:00,WIX
263.42,264.09,263.37,264.09,6000,2021-01-08 20:15:00,WIX
264.15,264.31,263.5,263.59,1910,2021-01-08 20:20:00,WIX
263.47,263.63,263.11,263.165,3050,2021-01-08 20:25:00,WIX
263.25,263.49,262.73,263.49,3478,2021-01-08 20:30:00,WIX
263.36,263.55,262.77,263.13,3145,2021-01-08 20:35:00,WIX
262.95,263.59,262.95,263.24,3480,2021-01-08 20:40:00,WIX
263.2882,263.57,262.98,263.26,19603,2021-01-08 20:45:00,WIX
263.19,264.24,263.19,264.18,11381,2021-01-08 20:50:00,WIX
263.94,264.64,263.36,263.715,23739,2021-01-08 20:55:00,WIX
263.53,263.53,263.53,263.53,31851,2021-01-08 21:00:00,WIX
263.53,263.53,263.53,263.53,567,2021-01-08 21:35:00,WIX
260.5869,260.5869,260.5869,260.5869,100,2021-01-11 13:00:00,WIX
262.0,262.0,262.0,262.0,761,2021-01-11 13:50:00,WIX
261.01,263.86,260.755,262.88,13647,2021-01-11 14:30:00,WIX
262.83,262.83,257.87,259.195,5652,2021-01-11 14:35:00,WIX
259.41,260.595,258.28,260.58,2653,2021-01-11 14:40:00,WIX
259.5,263.31,259.5,262.73,6992,2021-01-11 14:45:00,WIX
261.9,266.76,261.8073,266.76,4833,2021-01-11 14:50:00,WIX
266.65,266.65,263.865,264.69,7346,2021-01-11 14:55:00,WIX
265.01,266.86,264.27,266.86,4065,2021-01-11 15:00:00,WIX
266.8469,267.59,266.465,266.96,5432,2021-01-11 15:05:00,WIX
266.61,268.44,266.61,268.44,4022,2021-01-11 15:10:00,WIX
268.3,268.41,267.51,267.715,3916,2021-01-11 15:15:00,WIX
267.715,268.704,267.105,267.54,1888,2021-01-11 15:20:00,WIX
268.11,268.5,267.37,267.9,2155,2021-01-11 15:25:00,WIX
268.18,269.5,268.18,269.5,2600,2021-01-11 15:30:00,WIX
269.41,269.41,268.48,268.6999,3267,2021-01-11 15:35:00,WIX
268.92,269.51,268.865,268.96,1938,2021-01-11 15:40:00,WIX
268.82,269.1,268.0,268.355,1204,2021-01-11 15:45:00,WIX
268.22,268.93,267.85,268.93,2136,2021-01-11 15:50:00,WIX
269.18,269.82,269.12,269.79,1500,2021-01-11 15:55:00,WIX
269.54,269.67,269.2,269.35,3359,2021-01-11 16:00:00,WIX
269.6,270.22,269.6,269.75,7233,2021-01-11 16:05:00,WIX
269.75,269.91,268.22,268.6,2967,2021-01-11 16:10:00,WIX
268.385,269.14,268.38,268.96,1390,2021-01-11 16:15:00,WIX
268.63,269.675,268.63,269.675,3067,2021-01-11 16:20:00,WIX
269.6655,271.06,269.6655,270.25,5398,2021-01-11 16:25:00,WIX
270.01,270.75,270.01,270.56,1100,2021-01-11 16:30:00,WIX
270.61,271.2,270.51,270.9,2727,2021-01-11 16:35:00,WIX
270.935,271.41,270.31,270.38,4144,2021-01-11 16:40:00,WIX
270.6,271.11,270.4,271.08,1400,2021-01-11 16:45:00,WIX
270.815,271.06,270.78,271.06,1700,2021-01-11 16:50:00,WIX
271.08,271.9055,271.04,271.69,3689,2021-01-11 16:55:00,WIX
271.92,272.15,271.23,271.23,10063,2021-01-11 17:00:00,WIX
271.12,271.12,271.08,271.08,200,2021-01-11 17:05:00,WIX
270.55,270.55,268.3,268.3,1350,2021-01-11 17:10:00,WIX
268.48,269.41,268.48,269.205,800,2021-01-11 17:15:00,WIX
269.27,269.6944,268.4201,269.6944,3172,2021-01-11 17:20:00,WIX
269.33,269.95,269.26,269.28,3100,2021-01-11 17:25:00,WIX
269.79,270.58,268.775,269.125,13119,2021-01-11 17:30:00,WIX
268.93,269.5,268.55,269.195,5179,2021-01-11 17:35:00,WIX
269.29,269.29,268.51,268.95,2696,2021-01-11 17:40:00,WIX
268.61,268.775,268.5,268.775,900,2021-01-11 17:45:00,WIX
268.835,268.84,268.42,268.44,1172,2021-01-11 17:50:00,WIX
268.45,268.81,267.9084,268.15,2603,2021-01-11 17:55:00,WIX
268.15,268.15,267.8976,268.08,663,2021-01-11 18:00:00,WIX
268.2,268.2,268.04,268.09,1500,2021-01-11 18:05:00,WIX
268.24,268.55,268.24,268.55,982,2021-01-11 18:10:00,WIX
268.55,269.65,268.55,269.64,2951,2021-01-11 18:15:00,WIX
269.41,269.93,269.07,269.93,4926,2021-01-11 18:20:00,WIX
269.93,270.14,269.47,269.92,5852,2021-01-11 18:25:00,WIX
269.7,270.0,269.27,269.415,3399,2021-01-11 18:30:00,WIX
269.405,269.54,269.24,269.5,1900,2021-01-11 18:35:00,WIX
269.09,269.3,268.9629,269.27,1750,2021-01-11 18:40:00,WIX
268.94,269.565,268.81,269.0,5200,2021-01-11 18:45:00,WIX
269.19,269.8773,269.0,269.3,2679,2021-01-11 18:50:00,WIX
269.14,269.45,269.0,269.45,1100,2021-01-11 18:55:00,WIX
269.0,269.28,269.0,269.04,900,2021-01-11 19:00:00,WIX
268.99,269.4,268.71,268.86,3196,2021-01-11 19:05:00,WIX
268.71,268.71,268.29,268.425,1498,2021-01-11 19:10:00,WIX
268.51,268.67,268.26,268.53,2000,2021-01-11 19:15:00,WIX
268.54,268.54,268.4,268.45,1058,2021-01-11 19:20:00,WIX
268.27,268.54,267.86,267.86,1410,2021-01-11 19:25:00,WIX
267.86,267.95,267.29,267.43,1800,2021-01-11 19:30:00,WIX
267.59,267.75,267.01,267.24,2400,2021-01-11 19:35:00,WIX
267.06,267.48,266.96,267.37,2360,2021-01-11 19:40:00,WIX
266.87,267.05,266.87,267.03,400,2021-01-11 19:45:00,WIX
266.69,267.0,266.69,267.0,1500,2021-01-11 19:50:00,WIX
267.33,267.85,267.33,267.75,1400,2021-01-11 19:55:00,WIX
267.5,267.56,267.07,267.22,3000,2021-01-11 20:00:00,WIX
267.4296,267.4296,266.38,266.63,2600,2021-01-11 20:05:00,WIX
266.78,266.88,266.52,266.88,875,2021-01-11 20:10:00,WIX
266.77,266.94,266.4239,266.87,2854,2021-01-11 20:15:00,WIX
266.48,266.5,265.66,265.66,1900,2021-01-11 20:20:00,WIX
265.68,266.0304,265.68,265.895,3885,2021-01-11 20:25:00,WIX
265.88,266.42,265.78,265.78,4494,2021-01-11 20:30:00,WIX
266.11,266.56,266.11,266.22,3510,2021-01-11 20:35:00,WIX
266.23,266.54,266.07,266.38,3204,2021-01-11 20:40:00,WIX
266.48,267.77,266.42,267.36,5488,2021-01-11 20:45:00,WIX
267.19,267.445,266.76,266.94,7167,2021-01-11 20:50:00,WIX
266.79,266.86,265.73,266.6,23637,2021-01-11 20:55:00,WIX
266.11,266.11,265.9,265.9,17571,2021-01-11 21:00:00,WIX
266.11,266.11,266.11,266.11,390,2021-01-11 21:20:00,WIX
268.02,268.25,266.46,267.0,10453,2021-01-12 14:30:00,WIX
267.64,268.88,266.59,267.64,2254,2021-01-12 14:35:00,WIX
266.59,268.0799,266.42,266.46,1613,2021-01-12 14:40:00,WIX
266.8,266.98,265.25,266.98,5179,2021-01-12 14:45:00,WIX
265.26,265.88,263.35,264.71,3849,2021-01-12 14:50:00,WIX
265.0,266.0,264.31,265.26,2300,2021-01-12 14:55:00,WIX
264.42,264.825,263.0,263.14,5960,2021-01-12 15:00:00,WIX
264.4099,264.4099,262.02,263.11,1950,2021-01-12 15:05:00,WIX
263.63,263.63,261.615,262.22,1810,2021-01-12 15:10:00,WIX
261.06,264.1149,261.03,264.1149,1900,2021-01-12 15:15:00,WIX
264.17,264.26,262.12,263.26,2245,2021-01-12 15:20:00,WIX
262.92,263.83,262.15,262.375,5247,2021-01-12 15:25:00,WIX
262.03,263.46,262.02,263.46,7569,2021-01-12 15:30:00,WIX
262.91,263.11,262.06,262.73,2836,2021-01-12 15:35:00,WIX
262.7,262.7,260.66,261.1984,3484,2021-01-12 15:40:00,WIX
260.8,261.1,260.19,260.4,2679,2021-01-12 15:45:00,WIX
260.63,261.065,260.49,261.035,2700,2021-01-12 15:50:00,WIX
260.51,260.785,259.43,259.675,2811,2021-01-12 15:55:00,WIX
259.3,260.4116,258.88,260.4116,2662,2021-01-12 16:00:00,WIX
260.125,260.62,260.125,260.415,1100,2021-01-12 16:05:00,WIX
260.65,260.65,259.66,259.66,1300,2021-01-12 16:10:00,WIX
259.86,260.5207,259.52,260.15,51550,2021-01-12 16:15:00,WIX
260.285,261.26,260.09,261.26,2350,2021-01-12 16:20:00,WIX
261.5,261.8,261.22,261.53,1721,2021-01-12 16:25:00,WIX
261.35,261.7,261.1084,261.34,1365,2021-01-12 16:30:00,WIX
261.79,261.98,261.24,261.5,2500,2021-01-12 16:35:00,WIX
261.5,261.9,260.4377,260.4377,3419,2021-01-12 16:40:00,WIX
260.55,260.55,259.23,259.715,2760,2021-01-12 16:45:00,WIX
259.715,260.015,259.45,259.84,450,2021-01-12 16:50:00,WIX
260.0,260.1131,259.7792,260.1131,300,2021-01-12 16:55:00,WIX
260.0,260.2438,260.0,260.11,1600,2021-01-12 17:00:00,WIX
259.91,259.91,259.0,259.0,3155,2021-01-12 17:05:00,WIX
259.23,259.23,258.0,258.0,6473,2021-01-12 17:10:00,WIX
258.33,258.33,257.56,258.08,3359,2021-01-12 17:15:00,WIX
258.142,258.425,257.56,257.895,3195,2021-01-12 17:20:00,WIX
258.18,258.41,257.96,258.41,1551,2021-01-12 17:25:00,WIX
258.77,259.1,257.87,259.1,3501,2021-01-12 17:30:00,WIX
258.925,259.0,258.75,259.0,400,2021-01-12 17:35:00,WIX
258.75,258.84,258.33,258.5362,1640,2021-01-12 17:40:00,WIX
258.575,258.71,258.05,258.585,2694,2021-01-12 17:45:00,WIX
258.75,259.13,258.75,259.07,1140,2021-01-12 17:50:00,WIX
258.89,259.45,258.89,259.45,800,2021-01-12 17:55:00,WIX
259.735,260.25,259.56,260.1,1000,2021-01-12 18:00:00,WIX
260.24,260.36,260.04,260.08,700,2021-01-12 18:05:00,WIX
260.18,260.18,259.76,259.97,1000,2021-01-12 18:10:00,WIX
259.79,259.89,259.46,259.52,2642,2021-01-12 18:15:00,WIX
259.74,260.01,259.64,259.82,5766,2021-01-12 18:20:00,WIX
259.78,260.61,259.57,260.61,2900,2021-01-12 18:25:00,WIX
260.85,261.19,260.85,261.04,1800,2021-01-12 18:30:00,WIX
261.06,261.66,260.98,261.35,4016,2021-01-12 18:35:00,WIX
261.1,261.695,261.1,261.51,2200,2021-01-12 18:40:00,WIX
261.76,261.76,261.215,261.215,2953,2021-01-12 18:45:00,WIX
261.25,261.54,261.105,261.3288,1342,2021-01-12 18:50:00,WIX
261.5108,261.73,261.445,261.61,2248,2021-01-12 18:55:00,WIX
261.7,262.59,261.5,262.325,7831,2021-01-12 19:00:00,WIX
262.325,262.39,261.99,262.19,1500,2021-01-12 19:05:00,WIX
262.27,262.27,261.83,261.85,1193,2021-01-12 19:10:00,WIX
262.045,262.1,261.48,261.705,27695,2021-01-12 19:15:00,WIX
261.705,262.37,261.705,262.15,16006,2021-01-12 19:20:00,WIX
262.31,262.31,260.92,260.92,1887,2021-01-12 19:25:00,WIX
260.92,261.5,260.92,261.2,2328,2021-01-12 19:30:00,WIX
260.92,261.13,260.06,260.06,2000,2021-01-12 19:35:00,WIX
260.01,260.64,260.01,260.25,1000,2021-01-12 19:40:00,WIX
260.23,260.72,259.945,260.705,1820,2021-01-12 19:45:00,WIX
260.49,261.04,260.19,260.19,1400,2021-01-12 19:50:00,WIX
260.69,260.92,260.38,260.92,1000,2021-01-12 19:55:00,WIX
260.77,261.33,260.77,261.33,825,2021-01-12 20:00:00,WIX
260.91,261.28,260.85,261.035,1900,2021-01-12 20:05:00,WIX
261.28,261.4167,261.19,261.4167,2240,2021-01-12 20:10:00,WIX
261.43,261.44,261.22,261.44,1900,2021-01-12 20:15:00,WIX
261.29,261.55,261.0,261.03,3113,2021-01-12 20:20:00,WIX
261.015,261.17,260.91,261.12,1700,2021-01-12 20:25:00,WIX
261.16,261.7666,260.77,261.0,11695,2021-01-12 20:30:00,WIX
261.2042,261.23,260.75,261.09,3342,2021-01-12 20:35:00,WIX
261.1,261.17,260.8,261.17,3544,2021-01-12 20:40:00,WIX
261.0,261.05,260.7,260.74,4428,2021-01-12 20:45:00,WIX
260.83,260.91,259.395,259.74,11795,2021-01-12 20:50:00,WIX
259.75,261.5,259.65,261.23,31144,2021-01-12 20:55:00,WIX
260.83,260.83,260.83,260.83,31778,2021-01-12 21:00:00,WIX
261.9,261.9,261.9,261.9,100,2021-01-12 21:05:00,WIX
262.0,262.0,262.0,262.0,100,2021-01-13 12:20:00,WIX
260.83,260.83,260.83,260.83,1342,2021-01-13 13:30:00,WIX
263.43,264.0,261.21,262.14,14668,2021-01-13 14:30:00,WIX
262.14,263.9899,259.01,259.01,3901,2021-01-13 14:35:00,WIX
259.495,259.86,259.0,259.13,1797,2021-01-13 14:40:00,WIX
258.81,260.67,258.81,260.63,1700,2021-01-13 14:45:00,WIX
260.13,261.405,260.13,260.96,2142,2021-01-13 14:50:00,WIX
261.065,261.065,258.42,258.42,1821,2021-01-13 14:55:00,WIX
258.84,259.14,258.21,259.14,500,2021-01-13 15:00:00,WIX
258.01,258.8399,257.66,258.48,6236,2021-01-13 15:05:00,WIX
258.74,259.7799,258.74,259.11,1300,2021-01-13 15:10:00,WIX
259.75,259.9476,259.18,259.9476,500,2021-01-13 15:15:00,WIX
259.16,259.16,258.0,258.0,4300,2021-01-13 15:20:00,WIX
257.95,259.04,257.95,258.36,2000,2021-01-13 15:25:00,WIX
258.485,258.95,258.485,258.95,1072,2021-01-13 15:30:00,WIX
259.08,259.6,258.94,259.07,1900,2021-01-13 15:35:00,WIX
259.25,259.775,258.73,258.73,1200,2021-01-13 15:40:00,WIX
259.16,259.55,259.16,259.215,1500,2021-01-13 15:45:00,WIX
258.745,259.13,258.54,258.73,1154,2021-01-13 15:50:00,WIX
258.96,259.14,258.96,259.07,700,2021-01-13 15:55:00,WIX
259.02,259.27,259.0,259.03,1761,2021-01-13 16:00:00,WIX
259.18,259.305,259.0,259.28,1964,2021-01-13 16:05:00,WIX
258.89,258.97,258.66,258.66,1540,2021-01-13 16:10:00,WIX
258.49,258.87,258.34,258.49,2115,2021-01-13 16:15:00,WIX
258.34,258.42,258.19,258.19,3200,2021-01-13 16:20:00,WIX
258.09,258.09,258.09,258.09,334,2021-01-13 16:25:00,WIX
258.29,258.53,258.01,258.43,4825,2021-01-13 16:30:00,WIX
258.1,258.48,258.1,258.48,500,2021-01-13 16:35:00,WIX
258.5,258.5,258.225,258.48,10366,2021-01-13 16:40:00,WIX
258.39,258.51,257.35,257.49,6712,2021-01-13 16:45:00,WIX
257.25,257.44,256.27,256.395,2800,2021-01-13 16:50:00,WIX
256.24,256.835,255.8,256.82,2192,2021-01-13 16:55:00,WIX
256.52,257.11,256.5,256.92,1699,2021-01-13 17:00:00,WIX
256.885,257.76,256.885,257.76,1100,2021-01-13 17:05:00,WIX
257.715,257.715,256.885,256.885,1800,2021-01-13 17:10:00,WIX
257.18,257.39,256.985,256.985,1100,2021-01-13 17:15:00,WIX
257.1,257.1,256.62,256.9,1628,2021-01-13 17:20:00,WIX
256.62,256.85,256.44,256.44,1050,2021-01-13 17:25:00,WIX
256.405,256.75,256.35,256.35,1224,2021-01-13 17:30:00,WIX
256.35,256.49,256.11,256.36,2600,2021-01-13 17:35:00,WIX
256.432,257.02,256.385,257.02,2486,2021-01-13 17:40:00,WIX
256.9,257.03,256.38,256.663,1904,2021-01-13 17:45:00,WIX
256.17,256.72,256.1331,256.72,2243,2021-01-13 17:50:00,WIX
257.06,257.92,257.06,257.345,1400,2021-01-13 17:55:00,WIX
257.345,257.61,257.345,257.61,609,2021-01-13 18:00:00,WIX
257.38,257.38,257.2565,257.2565,700,2021-01-13 18:05:00,WIX
257.52,257.915,257.185,257.185,1117,2021-01-13 18:10:00,WIX
256.79,257.02,256.42,256.42,800,2021-01-13 18:15:00,WIX
256.71,257.24,256.36,256.36,3801,2021-01-13 18:20:00,WIX
256.36,257.03,256.36,256.94,1500,2021-01-13 18:25:00,WIX
256.85,257.43,256.68,257.04,2600,2021-01-13 18:30:00,WIX
257.6,257.6,257.05,257.51,661,2021-01-13 18:35:00,WIX
257.12,257.2197,257.0,257.06,1723,2021-01-13 18:40:00,WIX
256.83,256.84,256.0001,256.36,5233,2021-01-13 18:45:00,WIX
256.255,256.6399,256.255,256.6399,2858,2021-01-13 18:50:00,WIX
256.43,256.43,256.0,256.17,2206,2021-01-13 18:55:00,WIX
256.17,256.81,256.17,256.8,1360,2021-01-13 19:00:00,WIX
257.09,257.09,256.555,256.64,2167,2021-01-13 19:05:00,WIX
256.38,256.78,256.345,256.56,2368,2021-01-13 19:10:00,WIX
256.42,256.85,256.42,256.69,2954,2021-01-13 19:15:00,WIX
256.34,256.42,255.68,255.95,1744,2021-01-13 19:20:00,WIX
255.47,256.57,255.47,256.265,1700,2021-01-13 19:25:00,WIX
256.28,256.51,256.17,256.17,600,2021-01-13 19:30:00,WIX
256.49,256.5,256.42,256.42,300,2021-01-13 19:35:00,WIX
256.65,256.65,255.895,255.9,1179,2021-01-13 19:40:00,WIX
256.13,256.27,256.0,256.07,1600,2021-01-13 19:45:00,WIX
256.0,256.08,255.85,256.08,1013,2021-01-13 19:50:00,WIX
255.7,256.17,255.5,256.0,2974,2021-01-13 19:55:00,WIX
256.2596,256.2596,255.83,256.0,2635,2021-01-13 20:00:00,WIX
255.89,256.16,255.24,255.24,2176,2021-01-13 20:05:00,WIX
255.59,255.66,255.16,255.4284,4050,2021-01-13 20:10:00,WIX
255.33,255.56,255.33,255.42,1874,2021-01-13 20:15:00,WIX
255.25,255.46,255.0,255.3,10853,2021-01-13 20:20:00,WIX
255.55,255.55,254.4,254.4,8036,2021-01-13 20:25:00,WIX
254.6,255.16,254.47,255.16,3738,2021-01-13 20:30:00,WIX
254.87,255.1198,254.53,254.92,11830,2021-01-13 20:35:00,WIX
254.76,254.935,254.17,254.45,7824,2021-01-13 20:40:00,WIX
254.52,255.005,254.11,254.11,7443,2021-01-13 20:45:00,WIX
254.11,254.29,253.675,253.83,9979,2021-01-13 20:50:00,WIX
254.05,254.48,253.5,253.56,19552,2021-01-13 20:55:00,WIX
253.51,253.51,253.51,253.51,24563,2021-01-13 21:00:00,WIX
253.51,253.51,253.51,253.51,987,2021-01-13 21:25:00,WIX
253.51,253.51,253.51,253.51,119,2021-01-13 21:40:00,WIX
255.0,255.0,255.0,255.0,100,2021-01-13 22:55:00,WIX
254.5,254.5,254.5,254.5,158,2021-01-14 13:40:00,WIX
254.28,254.28,254.28,254.28,263,2021-01-14 14:00:00,WIX
256.5,256.5,256.5,256.5,351,2021-01-14 14:20:00,WIX
254.02,257.12,253.8926,255.59,9486,2021-01-14 14:30:00,WIX
255.3995,257.9899,255.325,255.995,2830,2021-01-14 14:35:00,WIX
255.25,256.66,254.44,255.435,3913,2021-01-14 14:40:00,WIX
255.435,256.96,254.43,256.3,15056,2021-01-14 14:45:00,WIX
256.415,256.56,255.88,256.335,1800,2021-01-14 14:50:00,WIX
256.435,257.34,255.93,256.2938,5665,2021-01-14 14:55:00,WIX
256.415,256.415,255.2566,255.2566,1156,2021-01-14 15:00:00,WIX
255.71,256.67,254.95,255.435,1800,2021-01-14 15:05:00,WIX
255.4,256.72,255.35,256.36,4951,2021-01-14 15:10:00,WIX
256.04,257.415,256.04,257.415,3150,2021-01-14 15:15:00,WIX
256.97,256.97,255.25,255.78,2552,2021-01-14 15:20:00,WIX
256.13,256.87,255.8,256.12,3340,2021-01-14 15:25:00,WIX
255.55,255.74,255.03,255.03,700,2021-01-14 15:30:00,WIX
254.83,254.83,254.34,254.54,900,2021-01-14 15:35:00,WIX
254.23,254.66,253.9,254.17,1500,2021-01-14 15:40:00,WIX
254.26,255.19,254.19,254.45,6300,2021-01-14 15:45:00,WIX
254.44,255.0,254.18,254.7655,2138,2021-01-14 15:50:00,WIX
254.63,254.63,253.65,253.805,690,2021-01-14 15:55:00,WIX
254.01,254.3,253.88,253.88,1000,2021-01-14 16:00:00,WIX
254.44,255.5138,254.44,255.5138,300,2021-01-14 16:05:00,WIX
254.72,254.97,254.23,254.715,2578,2021-01-14 16:10:00,WIX
254.965,254.965,254.2,254.2,3041,2021-01-14 16:15:00,WIX
254.415,254.415,253.9,253.96,1500,2021-01-14 16:20:00,WIX
254.205,254.345,253.65,253.72,2085,2021-01-14 16:25:00,WIX
254.295,254.295,253.51,253.8522,2500,2021-01-14 16:30:00,WIX
253.32,253.32,251.2,251.445,4380,2021-01-14 16:35:00,WIX
251.605,252.0,251.19,252.0,800,2021-01-14 16:40:00,WIX
251.11,251.77,251.11,251.48,2052,2021-01-14 16:45:00,WIX
251.46,251.64,251.32,251.375,800,2021-01-14 16:50:00,WIX
251.25,251.7875,251.06,251.4,1875,2021-01-14 16:55:00,WIX
251.395,251.415,250.75,250.75,2000,2021-01-14 17:00:00,WIX
250.97,251.22,250.2527,250.3,3650,2021-01-14 17:05:00,WIX
250.25,250.51,249.85,250.37,4934,2021-01-14 17:10:00,WIX
250.22,250.22,249.905,250.18,800,2021-01-14 17:15:00,WIX
250.0,250.46,250.0,250.18,1300,2021-01-14 17:20:00,WIX
250.47,250.5102,250.06,250.19,1132,2021-01-14 17:25:00,WIX
250.15,250.215,249.8941,249.8941,2305,2021-01-14 17:30:00,WIX
250.06,250.26,249.75,249.75,700,2021-01-14 17:35:00,WIX
249.77,249.8581,248.68,249.07,2670,2021-01-14 17:40:00,WIX
248.6,248.8795,248.4367,248.4367,306,2021-01-14 17:45:00,WIX
248.745,250.12,248.745,250.12,2508,2021-01-14 17:50:00,WIX
250.175,250.85,249.96,250.41,5613,2021-01-14 17:55:00,WIX
250.4364,250.84,250.32,250.415,2581,2021-01-14 18:00:00,WIX
250.22,250.8,250.22,250.63,1840,2021-01-14 18:05:00,WIX
250.61,250.61,249.97,249.97,1400,2021-01-14 18:10:00,WIX
250.06,250.27,250.04,250.27,500,2021-01-14 18:15:00,WIX
250.1538,250.1538,249.66,249.68,700,2021-01-14 18:20:00,WIX
249.77,249.77,249.34,249.34,3809,2021-01-14 18:25:00,WIX
249.45,249.69,249.45,249.495,450,2021-01-14 18:30:00,WIX
249.25,249.26,249.0,249.095,3153,2021-01-14 18:35:00,WIX
249.14,249.74,248.9,249.74,2334,2021-01-14 18:40:00,WIX
249.75,250.435,249.75,250.41,1100,2021-01-14 18:45:00,WIX
250.56,250.6,250.04,250.2,1890,2021-01-14 18:50:00,WIX
250.06,250.34,249.75,249.96,4825,2021-01-14 18:55:00,WIX
250.05,250.68,250.01,250.28,4323,2021-01-14 19:00:00,WIX
250.465,250.68,250.27,250.41,800,2021-01-14 19:05:00,WIX
250.39,250.39,249.31,249.31,3953,2021-01-14 19:10:00,WIX
249.17,249.445,249.0553,249.28,1320,2021-01-14 19:15:00,WIX
249.23,249.265,249.0,249.1,1500,2021-01-14 19:20:00,WIX
249.255,249.42,248.0,249.01,9517,2021-01-14 19:25:00,WIX
249.0462,249.255,249.01,249.01,1580,2021-01-14 19:30:00,WIX
249.115,249.23,249.0,249.095,2000,2021-01-14 19:35:00,WIX
248.97,249.09,248.96,249.055,1474,2021-01-14 19:40:00,WIX
248.82,249.005,248.77,248.77,1260,2021-01-14 19:45:00,WIX
248.985,249.59,248.77,249.59,4730,2021-01-14 19:50:00,WIX
249.4,250.21,249.4,250.21,2430,2021-01-14 19:55:00,WIX
249.88,250.61,249.88,250.26,2103,2021-01-14 20:00:00,WIX
250.48,250.61,250.26,250.26,1700,2021-01-14 20:05:00,WIX
250.57,250.62,250.02,250.02,3100,2021-01-14 20:10:00,WIX
249.94,250.41,249.94,250.01,3900,2021-01-14 20:15:00,WIX
249.81,250.05,248.71,249.2,11183,2021-01-14 20:20:00,WIX
249.355,250.17,249.05,249.33,31659,2021-01-14 20:25:00,WIX
249.8588,250.49,249.6,250.205,8429,2021-01-14 20:30:00,WIX
250.35,250.66,250.25,250.355,4600,2021-01-14 20:35:00,WIX
250.36,250.47,249.74,250.06,7703,2021-01-14 20:40:00,WIX
250.05,250.49,249.6,249.79,6896,2021-01-14 20:45:00,WIX
249.59,249.59,248.25,248.385,17821,2021-01-14 20:50:00,WIX
248.52,248.9845,248.27,248.78,61628,2021-01-14 20:55:00,WIX
248.51,248.51,248.51,248.51,20274,2021-01-14 21:00:00,WIX
248.51,248.51,248.51,248.51,853,2021-01-14 22:00:00,WIX
249.9,249.9,249.9,249.9,965,2021-01-14 22:30:00,WIX
250.0,250.0,250.0,250.0,201,2021-01-15 12:00:00,WIX
248.51,248.51,248.51,248.51,109,2021-01-15 13:30:00,WIX
249.75,249.75,249.75,249.75,200,2021-01-15 14:05:00,WIX
250.18,251.505,248.52,248.89,20248,2021-01-15 14:30:00,WIX
249.29,251.99,248.89,250.63,5487,2021-01-15 14:35:00,WIX
251.375,251.475,250.01,250.79,2059,2021-01-15 14:40:00,WIX
250.2401,251.45,250.07,251.0,14258,2021-01-15 14:45:00,WIX
250.68,251.005,250.68,251.005,875,2021-01-15 14:50:00,WIX
250.63,250.66,249.0,249.14,1756,2021-01-15 14:55:00,WIX
249.55,249.9478,248.48,249.185,9806,2021-01-15 15:00:00,WIX
248.6,248.99,246.35,246.44,5715,2021-01-15 15:05:00,WIX
246.47,247.7,246.45,247.0884,4100,2021-01-15 15:10:00,WIX
247.57,247.68,245.24,245.685,3893,2021-01-15 15:15:00,WIX
245.51,245.57,242.96,243.0,10303,2021-01-15 15:20:00,WIX
243.21,245.02,242.82,245.02,3660,2021-01-15 15:25:00,WIX
245.24,246.23,244.77,245.72,8728,2021-01-15 15:30:00,WIX
246.035,246.245,245.55,245.55,2575,2021-01-15 15:35:00,WIX
245.85,245.85,244.525,244.525,4891,2021-01-15 15:40:00,WIX
244.425,244.98,243.84,244.5,9610,2021-01-15 15:45:00,WIX
244.41,245.384,244.41,245.18,4365,2021-01-15 15:50:00,WIX
245.115,245.115,244.2592,244.75,1518,2021-01-15 15:55:00,WIX
244.3,244.55,243.71,243.74,1672,2021-01-15 16:00:00,WIX
243.555,244.48,243.3,244.065,6525,2021-01-15 16:05:00,WIX
244.1192,244.75,244.065,244.485,2559,2021-01-15 16:10:00,WIX
244.615,244.615,244.12,244.56,1900,2021-01-15 16:15:00,WIX
244.555,244.555,244.07,244.3,2000,2021-01-15 16:20:00,WIX
244.12,244.625,244.12,244.365,1708,2021-01-15 16:25:00,WIX
244.571,244.64,244.13,244.64,1918,2021-01-15 16:30:00,WIX
244.41,244.84,244.15,244.24,2100,2021-01-15 16:35:00,WIX
244.53,245.16,244.53,244.765,1400,2021-01-15 16:40:00,WIX
244.34,244.73,244.34,244.7,1500,2021-01-15 16:45:00,WIX
244.755,245.01,244.62,245.01,600,2021-01-15 16:50:00,WIX
245.16,245.235,244.785,244.785,1341,2021-01-15 16:55:00,WIX
244.88,244.905,244.64,244.905,900,2021-01-15 17:00:00,WIX
245.19,245.49,244.82,244.82,2500,2021-01-15 17:05:00,WIX
244.71,245.205,244.68,245.205,554,2021-01-15 17:10:00,WIX
244.825,245.62,244.825,244.88,2600,2021-01-15 17:15:00,WIX
244.7,244.7,243.99,244.14,2869,2021-01-15 17:20:00,WIX
244.31,244.61,244.2,244.39,1000,2021-01-15 17:25:00,WIX
244.46,244.47,243.91,244.17,3525,2021-01-15 17:30:00,WIX
244.0,244.205,243.33,243.71,2470,2021-01-15 17:35:00,WIX
243.725,244.14,243.59,243.59,2300,2021-01-15 17:40:00,WIX
243.94,244.595,243.94,244.37,34002,2021-01-15 17:45:00,WIX
244.5,245.105,244.3801,244.76,40362,2021-01-15 17:50:00,WIX
244.565,245.65,244.38,245.65,7300,2021-01-15 17:55:00,WIX
245.7,246.13,245.7,246.035,2989,2021-01-15 18:00:00,WIX
246.06,246.24,245.895,246.055,1100,2021-01-15 18:05:00,WIX
246.31,247.15,246.1,246.99,1558,2021-01-15 18:10:00,WIX
246.99,247.33,246.99,247.165,1300,2021-01-15 18:15:00,WIX
247.0,247.325,246.58,246.84,4115,2021-01-15 18:20:00,WIX
246.875,247.04,246.69,246.865,1200,2021-01-15 18:25:00,WIX
246.66,246.9175,246.3144,246.365,2403,2021-01-15 18:30:00,WIX
246.3,246.34,245.925,246.34,1800,2021-01-15 18:35:00,WIX
246.445,246.445,246.08,246.08,1888,2021-01-15 18:40:00,WIX
246.23,246.23,245.895,246.035,1914,2021-01-15 18:45:00,WIX
245.84,246.19,245.71,246.185,2303,2021-01-15 18:50:00,WIX
245.87,246.12,245.6,245.71,3351,2021-01-15 18:55:00,WIX
245.7,246.275,245.58,246.2,4903,2021-01-15 19:00:00,WIX
246.135,246.135,245.46,245.7,1000,2021-01-15 19:05:00,WIX
245.7,245.84,245.7,245.74,437,2021-01-15 19:10:00,WIX
245.55,245.615,244.97,244.97,1400,2021-01-15 19:15:00,WIX
245.15,245.205,244.81,244.81,1977,2021-01-15 19:20:00,WIX
244.61,244.61,244.51,244.53,800,2021-01-15 19:25:00,WIX
244.4,244.5411,244.175,244.175,800,2021-01-15 19:30:00,WIX
244.04,244.33,243.96,244.275,2218,2021-01-15 19:35:00,WIX
244.26,244.7548,244.26,244.66,1400,2021-01-15 19:40:00,WIX
244.64,244.66,244.64,244.66,300,2021-01-15 19:45:00,WIX
244.5,244.5,243.92,244.05,2000,2021-01-15 19:50:00,WIX
244.07,244.1287,243.63,244.1287,1693,2021-01-15 19:55:00,WIX
244.295,244.295,244.04,244.08,1030,2021-01-15 20:00:00,WIX
244.08,244.124,243.71,244.124,2011,2021-01-15 20:05:00,WIX
244.03,244.125,243.78,243.89,9400,2021-01-15 20:10:00,WIX
244.18,244.45,243.84,244.45,4412,2021-01-15 20:15:00,WIX
244.16,244.68,244.16,244.59,1850,2021-01-15 20:20:00,WIX
244.52,245.135,244.47,244.825,6079,2021-01-15 20:25:00,WIX
245.03,245.03,244.55,244.58,9194,2021-01-15 20:30:00,WIX
244.64,244.7,244.01,244.01,6905,2021-01-15 20:35:00,WIX
244.16,244.87,244.01,244.24,10898,2021-01-15 20:40:00,WIX
244.29,244.31,243.5,243.6,22020,2021-01-15 20:45:00,WIX
243.71,243.71,241.53,241.53,46930,2021-01-15 20:50:00,WIX
241.47,242.12,240.59,241.28,96094,2021-01-15 20:55:00,WIX
241.28,241.28,241.28,241.28,47094,2021-01-15 21:00:00,WIX
241.28,241.28,241.28,241.28,181,2021-01-15 21:25:00,WIX
241.28,241.28,241.28,241.28,1674,2021-01-15 21:40:00,WIX
243.7,243.71,243.7,243.71,200,2021-01-19 12:10:00,WIX
244.5,244.5,244.5,244.5,212,2021-01-19 13:40:00,WIX
244.48,246.535,243.805,244.52,18682,2021-01-19 14:30:00,WIX
243.8,246.57,243.8,244.34,5001,2021-01-19 14:35:00,WIX
245.47,245.47,243.01,243.01,2809,2021-01-19 14:40:00,WIX
242.52,243.0,241.2,241.37,2600,2021-01-19 14:45:00,WIX
241.53,241.83,240.51,240.8467,2344,2021-01-19 14:50:00,WIX
240.74,242.28,239.162,242.28,5062,2021-01-19 14:55:00,WIX
241.695,244.84,241.695,244.7124,7713,2021-01-19 15:00:00,WIX
244.74,245.17,244.3641,244.41,2350,2021-01-19 15:05:00,WIX
244.36,245.25,244.04,244.37,19362,2021-01-19 15:10:00,WIX
244.65,244.73,242.96,243.225,1245,2021-01-19 15:15:00,WIX
243.07,243.2,242.38,243.01,2347,2021-01-19 15:20:00,WIX
242.72,243.1,242.58,242.9302,1300,2021-01-19 15:25:00,WIX
242.75,242.94,242.45,242.68,3300,2021-01-19 15:30:00,WIX
242.56,242.96,242.45,242.6,1500,2021-01-19 15:35:00,WIX
242.51,242.785,242.24,242.52,1924,2021-01-19 15:40:00,WIX
242.82,242.95,241.52,241.52,1506,2021-01-19 15:45:00,WIX
241.6942,241.755,241.295,241.65,2140,2021-01-19 15:50:00,WIX
241.495,241.63,241.495,241.63,500,2021-01-19 15:55:00,WIX
241.38,241.6765,240.77,241.47,3762,2021-01-19 16:00:00,WIX
241.475,241.8382,241.21,241.21,2761,2021-01-19 16:05:00,WIX
241.245,241.245,240.875,241.16,1227,2021-01-19 16:10:00,WIX
241.02,242.66,241.02,242.54,6038,2021-01-19 16:15:00,WIX
242.59,242.59,241.88,241.88,1820,2021-01-19 16:20:00,WIX
241.735,242.23,241.735,241.76,2600,2021-01-19 16:25:00,WIX
241.97,242.27,241.82,242.19,4500,2021-01-19 16:30:00,WIX
241.8,241.9362,241.0,241.06,2120,2021-01-19 16:35:00,WIX
241.2,241.33,240.86,241.12,900,2021-01-19 16:40:00,WIX
241.19,241.82,241.06,241.82,2300,2021-01-19 16:45:00,WIX
241.69,241.89,241.3625,241.65,1768,2021-01-19 16:50:00,WIX
241.39,241.675,241.39,241.59,400,2021-01-19 16:55:00,WIX
241.6,242.99,241.42,242.62,9247,2021-01-19 17:00:00,WIX
242.58,243.74,242.18,243.345,9726,2021-01-19 17:05:00,WIX
243.68,243.84,243.44,243.615,1585,2021-01-19 17:10:00,WIX
243.615,244.74,243.615,244.6,2346,2021-01-19 17:15:00,WIX
244.58,244.58,243.67,244.34,4118,2021-01-19 17:20:00,WIX
244.195,244.2,243.87,244.2,1100,2021-01-19 17:25:00,WIX
244.34,245.1,244.325,245.0,15895,2021-01-19 17:30:00,WIX
244.92,245.11,244.92,245.005,300,2021-01-19 17:35:00,WIX
245.6,245.73,245.18,245.5,2450,2021-01-19 17:40:00,WIX
245.75,246.37,245.41,246.37,4986,2021-01-19 17:45:00,WIX
246.18,246.35,245.605,245.73,1760,2021-01-19 17:50:00,WIX
245.57,245.6637,245.47,245.47,1218,2021-01-19 17:55:00,WIX
245.4,245.92,245.1,245.735,2200,2021-01-19 18:00:00,WIX
245.7,245.96,245.6,245.85,600,2021-01-19 18:05:00,WIX
245.7511,246.0,245.38,245.68,2750,2021-01-19 18:10:00,WIX
245.705,245.705,245.325,245.325,1818,2021-01-19 18:15:00,WIX
245.0974,245.96,245.0974,245.845,2333,2021-01-19 18:20:00,WIX
245.78,246.13,245.64,245.82,3100,2021-01-19 18:25:00,WIX
245.88,245.88,245.16,245.165,900,2021-01-19 18:30:00,WIX
245.165,245.32,244.71,245.0,2324,2021-01-19 18:35:00,WIX
244.67,244.87,244.65,244.7,700,2021-01-19 18:40:00,WIX
244.95,245.02,244.7,245.02,1000,2021-01-19 18:45:00,WIX
245.19,245.3,244.88,245.2,1600,2021-01-19 18:50:00,WIX
245.29,245.32,245.29,245.32,600,2021-01-19 18:55:00,WIX
245.2749,245.545,245.04,245.535,1300,2021-01-19 19:00:00,WIX
245.68,245.805,245.46,245.46,1200,2021-01-19 19:05:00,WIX
245.62,245.8,245.6,245.77,700,2021-01-19 19:10:00,WIX
245.49,245.58,245.15,245.45,1200,2021-01-19 19:15:00,WIX
245.455,245.485,245.3,245.47,800,2021-01-19 19:20:00,WIX
245.57,245.6,244.89,244.97,2666,2021-01-19 19:25:00,WIX
245.05,245.32,244.89,245.1,2600,2021-01-19 19:30:00,WIX
245.03,245.35,244.91,245.35,1650,2021-01-19 19:35:00,WIX
245.45,246.32,245.45,246.32,2325,2021-01-19 19:40:00,WIX
246.12,247.2,246.05,247.2,3200,2021-01-19 19:45:00,WIX
247.46,247.52,247.18,247.52,2100,2021-01-19 19:50:00,WIX
247.806,248.66,247.806,248.66,4933,2021-01-19 19:55:00,WIX
248.58,248.945,248.12,248.945,5939,2021-01-19 20:00:00,WIX
248.54,249.07,248.53,248.87,3284,2021-01-19 20:05:00,WIX
248.915,249.0,248.22,248.22,3300,2021-01-19 20:10:00,WIX
248.27,248.3,247.87,248.3,2516,2021-01-19 20:15:00,WIX
248.285,248.67,248.09,248.46,6676,2021-01-19 20:20:00,WIX
248.47,249.46,248.47,249.31,4720,2021-01-19 20:25:00,WIX
249.28,249.89,249.26,249.845,6665,2021-01-19 20:30:00,WIX
249.845,250.55,249.845,250.04,9556,2021-01-19 20:35:00,WIX
250.04,250.43,249.68,250.315,4597,2021-01-19 20:40:00,WIX
250.1844,250.59,249.65,249.9,10821,2021-01-19 20:45:00,WIX
249.9,250.42,249.34,250.26,13225,2021-01-19 20:50:00,WIX
250.1,250.24,249.51,250.22,32782,2021-01-19 20:55:00,WIX
249.84,249.84,249.84,249.84,23100,2021-01-19 21:00:00,WIX
249.84,249.84,249.84,249.84,15277,2021-01-19 22:05:00,WIX
253.75,253.77,253.75,253.77,340,2021-01-20 13:00:00,WIX
253.77,253.77,253.77,253.77,200,2021-01-20 13:05:00,WIX
249.84,249.84,249.84,249.84,4368,2021-01-20 13:35:00,WIX
255.9,257.58,252.62,254.79,21627,2021-01-20 14:30:00,WIX
254.7501,255.4366,252.01,253.63,4397,2021-01-20 14:35:00,WIX
254.5,256.6,254.41,254.91,5046,2021-01-20 14:40:00,WIX
254.21,254.21,253.0,253.74,3900,2021-01-20 14:45:00,WIX
254.75,255.57,253.06,253.45,3400,2021-01-20 14:50:00,WIX
253.16,253.55,252.905,253.545,3790,2021-01-20 14:55:00,WIX
253.55,254.3,253.55,253.66,900,2021-01-20 15:00:00,WIX
253.9866,254.5433,253.83,254.5433,1940,2021-01-20 15:05:00,WIX
254.5,255.15,254.5,254.9101,2937,2021-01-20 15:10:00,WIX
254.75,254.99,254.31,254.71,968,2021-01-20 15:15:00,WIX
254.725,254.725,253.47,253.695,1700,2021-01-20 15:20:00,WIX
254.01,256.7,253.99,256.7,8666,2021-01-20 15:25:00,WIX
256.6999,256.8,255.78,256.5,3913,2021-01-20 15:30:00,WIX
256.8,257.15,256.0,256.02,6948,2021-01-20 15:35:00,WIX
256.43,256.64,255.5,255.5,1400,2021-01-20 15:40:00,WIX
255.17,255.836,254.38,254.38,1300,2021-01-20 15:45:00,WIX
254.885,255.41,254.37,255.325,2982,2021-01-20 15:50:00,WIX
255.305,256.42,255.305,255.96,1700,2021-01-20 15:55:00,WIX
255.8,256.14,255.455,255.595,1953,2021-01-20 16:00:00,WIX
255.595,256.0,254.7,255.2,3300,2021-01-20 16:05:00,WIX
255.0,255.65,255.0,255.65,3837,2021-01-20 16:10:00,WIX
255.505,256.18,255.505,255.85,2500,2021-01-20 16:15:00,WIX
256.1,256.95,256.1,256.655,5914,2021-01-20 16:20:00,WIX
256.3276,256.58,256.3276,256.505,696,2021-01-20 16:25:00,WIX
256.63,256.73,256.0,256.11,2170,2021-01-20 16:30:00,WIX
256.255,257.0,256.1628,256.75,9282,2021-01-20 16:35:00,WIX
256.75,257.15,256.2101,256.2101,2022,2021-01-20 16:40:00,WIX
256.7,257.35,256.7,257.35,6672,2021-01-20 16:45:00,WIX
257.005,257.66,256.9475,257.66,4686,2021-01-20 16:50:00,WIX
257.66,258.5,257.33,258.42,2286,2021-01-20 16:55:00,WIX
258.57,258.64,257.71,258.62,1560,2021-01-20 17:00:00,WIX
258.29,258.58,257.835,258.265,3490,2021-01-20 17:05:00,WIX
258.19,258.4,258.19,258.31,1372,2021-01-20 17:10:00,WIX
258.29,258.29,257.92,258.07,1974,2021-01-20 17:15:00,WIX
258.09,259.47,258.02,259.47,4910,2021-01-20 17:20:00,WIX
259.21,259.68,259.16,259.415,2777,2021-01-20 17:25:00,WIX
259.415,259.54,258.6901,258.6901,1987,2021-01-20 17:30:00,WIX
258.905,259.14,258.66,258.8,21395,2021-01-20 17:35:00,WIX
258.355,258.5,257.76,257.76,1252,2021-01-20 17:40:00,WIX
257.87,258.375,257.72,257.72,1706,2021-01-20 17:45:00,WIX
257.35,257.9,256.92,257.12,4104,2021-01-20 17:50:00,WIX
256.995,257.22,255.767,256.0,17605,2021-01-20 17:55:00,WIX
256.0,256.51,255.5732,256.0,7164,2021-01-20 18:00:00,WIX
256.0,256.0,255.58,255.58,1169,2021-01-20 18:05:00,WIX
256.0,256.16,255.89,256.0,6823,2021-01-20 18:10:00,WIX
256.045,257.21,256.045,256.91,2439,2021-01-20 18:15:00,WIX
256.82,256.82,255.855,255.855,1300,2021-01-20 18:20:00,WIX
256.0,256.135,255.79,255.9294,3863,2021-01-20 18:25:00,WIX
256.08,256.56,256.01,256.45,2771,2021-01-20 18:30:00,WIX
256.3872,256.45,256.07,256.4,2556,2021-01-20 18:35:00,WIX
256.12,256.235,255.828,255.828,1296,2021-01-20 18:40:00,WIX
255.64,256.14,255.64,255.8502,1100,2021-01-20 18:45:00,WIX
256.22,256.22,255.93,255.93,200,2021-01-20 18:50:00,WIX
256.6,256.65,256.6,256.65,200,2021-01-20 18:55:00,WIX
256.59,256.91,256.59,256.91,1704,2021-01-20 19:00:00,WIX
256.96,257.4304,256.96,257.43,2099,2021-01-20 19:05:00,WIX
257.34,257.49,257.18,257.34,2392,2021-01-20 19:10:00,WIX
257.29,257.32,257.0,257.0,800,2021-01-20 19:15:00,WIX
256.625,256.889,256.31,256.31,1343,2021-01-20 19:20:00,WIX
256.32,256.545,255.535,255.535,4157,2021-01-20 19:25:00,WIX
255.535,255.535,254.52,254.56,3647,2021-01-20 19:30:00,WIX
254.56,254.56,254.02,254.06,2783,2021-01-20 19:35:00,WIX
254.03,254.48,253.77,254.36,3394,2021-01-20 19:40:00,WIX
254.58,254.73,254.35,254.35,843,2021-01-20 19:45:00,WIX
254.2372,254.26,253.4,253.63,1400,2021-01-20 19:50:00,WIX
253.64,253.64,253.04,253.38,1314,2021-01-20 19:55:00,WIX
253.185,253.39,252.795,252.795,2878,2021-01-20 20:00:00,WIX
252.85,253.3695,252.85,253.21,2249,2021-01-20 20:05:00,WIX
253.215,253.82,253.215,253.695,4400,2021-01-20 20:10:00,WIX
253.79,254.05,253.54,253.9157,3357,2021-01-20 20:15:00,WIX
253.665,253.83,253.43,253.655,2939,2021-01-20 20:20:00,WIX
253.75,253.75,252.79,253.16,5351,2021-01-20 20:25:00,WIX
252.92,253.55,252.92,253.48,2800,2021-01-20 20:30:00,WIX
253.435,253.44,252.53,253.44,7622,2021-01-20 20:35:00,WIX
253.5,253.9,253.35,253.73,7279,2021-01-20 20:40:00,WIX
253.7,253.9,251.07,251.07,5560,2021-01-20 20:45:00,WIX
251.57,252.24,251.08,252.02,13362,2021-01-20 20:50:00,WIX
252.18,252.27,251.37,251.62,24391,2021-01-20 20:55:00,WIX
251.62,251.62,251.62,251.62,25454,2021-01-20 21:00:00,WIX
251.5,251.5,251.5,251.5,150,2021-01-20 21:05:00,WIX
251.62,251.62,251.62,251.62,1076,2021-01-20 21:40:00,WIX
252.01,252.01,252.01,252.01,115,2021-01-20 23:50:00,WIX
252.72,253.465,252.01,253.465,11224,2021-01-21 14:30:00,WIX
253.42,254.95,253.42,254.95,1300,2021-01-21 14:35:00,WIX
253.89,253.89,252.131,252.73,1750,2021-01-21 14:40:00,WIX
253.545,255.0,253.545,253.97,2104,2021-01-21 14:45:00,WIX
253.98,253.99,253.38,253.38,600,2021-01-21 14:50:00,WIX
253.04,253.875,252.62,252.96,1852,2021-01-21 14:55:00,WIX
254.07,254.07,252.59,252.92,600,2021-01-21 15:00:00,WIX
252.57,252.57,251.95,252.55,11287,2021-01-21 15:05:00,WIX
252.0842,253.1672,252.0842,252.565,2701,2021-01-21 15:10:00,WIX
252.5439,253.0,251.72,251.72,6698,2021-01-21 15:15:00,WIX
251.74,252.095,250.97,250.97,5015,2021-01-21 15:20:00,WIX
251.04,251.05,249.8,250.9999,6254,2021-01-21 15:25:00,WIX
251.145,251.39,251.145,251.21,600,2021-01-21 15:30:00,WIX
251.0,251.11,250.38,251.11,3147,2021-01-21 15:35:00,WIX
251.04,251.04,250.7,251.02,1100,2021-01-21 15:40:00,WIX
250.99,251.0,250.545,250.545,760,2021-01-21 15:45:00,WIX
250.27,250.3,249.65,249.65,1200,2021-01-21 15:50:00,WIX
249.97,250.3,249.7428,249.965,800,2021-01-21 15:55:00,WIX
250.285,250.99,250.28,250.81,1518,2021-01-21 16:00:00,WIX
250.62,251.495,250.62,251.26,1847,2021-01-21 16:05:00,WIX
251.445,251.5,250.99,251.24,1100,2021-01-21 16:10:00,WIX
250.835,251.0,250.69,251.0,400,2021-01-21 16:15:00,WIX
250.8,251.025,250.01,250.96,3727,2021-01-21 16:20:00,WIX
250.78,251.13,250.78,251.13,400,2021-01-21 16:25:00,WIX
251.18,251.51,251.1,251.1012,1400,2021-01-21 16:30:00,WIX
250.74,250.9,250.405,250.45,2321,2021-01-21 16:35:00,WIX
250.43,250.45,250.0,250.31,1000,2021-01-21 16:40:00,WIX
250.49,250.78,250.49,250.78,621,2021-01-21 16:45:00,WIX
250.76,251.06,250.735,250.99,3164,2021-01-21 16:50:00,WIX
250.74,251.53,250.42,250.75,16936,2021-01-21 16:55:00,WIX
251.31,251.5,250.48,250.84,7948,2021-01-21 17:00:00,WIX
250.68,250.79,250.165,250.165,1939,2021-01-21 17:05:00,WIX
250.01,250.01,249.5,249.5,1500,2021-01-21 17:10:00,WIX
249.15,249.18,249.0,249.18,1122,2021-01-21 17:15:00,WIX
249.0,249.48,248.5,248.85,13503,2021-01-21 17:20:00,WIX
248.56,248.94,247.98,248.0,2774,2021-01-21 17:25:00,WIX
248.14,249.225,248.14,249.2,938,2021-01-21 17:30:00,WIX
249.66,249.66,249.35,249.66,322,2021-01-21 17:35:00,WIX
249.7925,249.97,249.61,249.7697,3500,2021-01-21 17:45:00,WIX
249.59,249.6,249.59,249.6,500,2021-01-21 17:50:00,WIX
249.23,249.32,249.14,249.32,900,2021-01-21 17:55:00,WIX
249.98,250.16,249.93,250.05,1200,2021-01-21 18:00:00,WIX
250.18,250.23,249.915,249.915,1521,2021-01-21 18:05:00,WIX
250.02,250.33,249.8,249.8,2300,2021-01-21 18:10:00,WIX
249.8,249.8,249.47,249.61,600,2021-01-21 18:15:00,WIX
249.46,249.77,249.45,249.76,1276,2021-01-21 18:20:00,WIX
249.89,250.275,249.89,250.105,2000,2021-01-21 18:25:00,WIX
250.245,250.295,249.195,249.195,1900,2021-01-21 18:30:00,WIX
249.39,249.9,249.39,249.9,300,2021-01-21 18:35:00,WIX
250.04,250.08,249.88,249.88,2350,2021-01-21 18:40:00,WIX
250.0,250.1,249.935,249.98,1800,2021-01-21 18:45:00,WIX
249.98,250.265,249.8968,249.8968,7154,2021-01-21 18:50:00,WIX
249.77,249.77,249.2103,249.36,2620,2021-01-21 18:55:00,WIX
249.2,249.39,249.0238,249.325,2409,2021-01-21 19:00:00,WIX
249.36,249.36,248.94,248.94,600,2021-01-21 19:05:00,WIX
248.9025,249.28,248.66,249.25,2500,2021-01-21 19:10:00,WIX
249.0,249.1,248.55,248.7,2300,2021-01-21 19:15:00,WIX
248.565,248.69,248.3,248.67,1724,2021-01-21 19:20:00,WIX
248.69,248.93,248.465,248.52,600,2021-01-21 19:25:00,WIX
248.44,248.44,248.05,248.05,500,2021-01-21 19:30:00,WIX
248.255,248.48,248.255,248.4,1838,2021-01-21 19:35:00,WIX
248.24,248.35,248.0,248.1,2657,2021-01-21 19:40:00,WIX
247.88,248.0199,247.35,247.35,1000,2021-01-21 19:45:00,WIX
247.7,247.89,247.0,247.61,3579,2021-01-21 19:50:00,WIX
247.4,247.82,247.05,247.75,5683,2021-01-21 19:55:00,WIX
247.8,248.09,247.8,247.84,1982,2021-01-21 20:00:00,WIX
247.76,248.0,247.54,247.76,1306,2021-01-21 20:05:00,WIX
247.82,248.0,247.62,247.62,1394,2021-01-21 20:10:00,WIX
247.885,248.055,247.67,248.0,1995,2021-01-21 20:15:00,WIX
248.25,248.42,247.69,247.82,1880,2021-01-21 20:20:00,WIX
247.925,248.1,247.82,247.92,943,2021-01-21 20:25:00,WIX
247.76,248.25,247.75,248.0,6493,2021-01-21 20:30:00,WIX
247.905,248.3435,247.905,248.11,2640,2021-01-21 20:35:00,WIX
248.295,248.87,248.1,248.505,11871,2021-01-21 20:40:00,WIX
248.505,249.0,248.21,248.95,12536,2021-01-21 20:45:00,WIX
248.89,249.29,248.7675,249.29,2200,2021-01-21 20:50:00,WIX
249.31,249.47,248.57,249.17,5789,2021-01-21 20:55:00,WIX
248.92,248.92,248.92,248.92,25775,2021-01-21 21:00:00,WIX
248.92,248.92,248.92,248.92,733,2021-01-21 21:35:00,WIX
248.92,248.92,248.92,248.92,4393,2021-01-21 22:05:00,WIX
247.0,247.59,246.775,247.58,4163,2021-01-22 14:30:00,WIX
247.4,247.4,245.9,246.08,2865,2021-01-22 14:35:00,WIX
246.5,246.985,246.46,246.985,300,2021-01-22 14:40:00,WIX
247.39,248.6213,247.39,248.395,588,2021-01-22 14:45:00,WIX
248.4501,249.44,248.4501,248.86,1588,2021-01-22 14:50:00,WIX
248.63,249.8688,248.63,249.8688,900,2021-01-22 14:55:00,WIX
249.51,249.93,248.5674,248.5674,1415,2021-01-22 15:00:00,WIX
248.855,249.09,248.855,249.09,231,2021-01-22 15:05:00,WIX
248.83,249.1,248.18,248.18,630,2021-01-22 15:10:00,WIX
248.76,248.76,248.2,248.2,900,2021-01-22 15:15:00,WIX
248.58,248.8,248.17,248.46,3298,2021-01-22 15:20:00,WIX
248.62,248.65,248.22,248.5,3787,2021-01-22 15:25:00,WIX
248.5,249.55,248.26,249.0,3235,2021-01-22 15:30:00,WIX
248.5,248.5,248.02,248.02,700,2021-01-22 15:35:00,WIX
249.0,249.0,248.56,248.97,400,2021-01-22 15:40:00,WIX
248.17,248.36,248.01,248.36,380,2021-01-22 15:45:00,WIX
248.02,248.3561,247.94,248.3561,2775,2021-01-22 15:50:00,WIX
248.38,248.73,248.0,248.235,8736,2021-01-22 15:55:00,WIX
248.24,248.48,248.24,248.48,2058,2021-01-22 16:00:00,WIX
248.74,248.74,248.36,248.36,3357,2021-01-22 16:05:00,WIX
248.84,248.84,248.3,248.39,600,2021-01-22 16:10:00,WIX
248.25,248.75,248.25,248.49,500,2021-01-22 16:15:00,WIX
248.4,248.5,248.0301,248.33,1350,2021-01-22 16:20:00,WIX
248.28,248.64,247.7,247.75,10700,2021-01-22 16:25:00,WIX
247.5,248.24,247.5,248.165,5472,2021-01-22 16:30:00,WIX
248.0,248.4,247.8,248.0,5058,2021-01-22 16:35:00,WIX
247.91,248.69,247.815,248.4,7668,2021-01-22 16:40:00,WIX
248.645,248.91,248.46,248.63,1335,2021-01-22 16:45:00,WIX
248.6,248.6,248.44,248.59,420,2021-01-22 16:50:00,WIX
248.71,248.72,248.37,248.72,500,2021-01-22 16:55:00,WIX
248.44,248.45,248.22,248.22,510,2021-01-22 17:00:00,WIX
248.34,248.72,248.02,248.62,1553,2021-01-22 17:05:00,WIX
248.66,248.75,248.56,248.56,1331,2021-01-22 17:10:00,WIX
248.76,248.76,248.49,248.49,400,2021-01-22 17:15:00,WIX
248.43,248.43,248.43,248.43,100,2021-01-22 17:20:00,WIX
248.945,249.03,248.43,248.43,3111,2021-01-22 17:25:00,WIX
248.51,248.51,248.2,248.25,1854,2021-01-22 17:30:00,WIX
248.34,248.35,248.32,248.35,300,2021-01-22 17:35:00,WIX
248.435,248.59,248.435,248.59,500,2021-01-22 17:40:00,WIX
248.58,248.71,248.29,248.71,2176,2021-01-22 17:45:00,WIX
248.65,248.99,248.65,248.9725,650,2021-01-22 17:50:00,WIX
248.985,249.01,248.57,248.82,2300,2021-01-22 17:55:00,WIX
248.585,248.98,248.34,248.34,300,2021-01-22 18:00:00,WIX
248.755,248.815,248.488,248.805,499,2021-01-22 18:05:00,WIX
248.96,248.96,248.56,248.66,2329,2021-01-22 18:10:00,WIX
248.61,248.83,248.56,248.7,1350,2021-01-22 18:15:00,WIX
248.56,248.81,248.56,248.81,200,2021-01-22 18:20:00,WIX
248.77,249.09,248.68,249.035,1919,2021-01-22 18:25:00,WIX
248.95,249.24,248.95,248.955,400,2021-01-22 18:30:00,WIX
249.23,249.23,248.71,248.99,2000,2021-01-22 18:35:00,WIX
248.98,249.2344,248.78,249.045,1027,2021-01-22 18:40:00,WIX
249.02,249.24,248.895,248.975,600,2021-01-22 18:45:00,WIX
248.94,249.05,248.94,248.96,2000,2021-01-22 18:50:00,WIX
249.11,249.16,248.66,248.66,1200,2021-01-22 18:55:00,WIX
248.75,248.8,248.74,248.8,400,2021-01-22 19:00:00,WIX
248.41,248.53,248.38,248.53,500,2021-01-22 19:05:00,WIX
248.48,248.8,248.4454,248.8,330,2021-01-22 19:10:00,WIX
248.8,248.99,248.65,248.65,800,2021-01-22 19:15:00,WIX
249.25,249.25,249.25,249.25,200,2021-01-22 19:20:00,WIX
249.29,249.9899,249.29,249.9899,1500,2021-01-22 19:25:00,WIX
249.73,250.3255,249.72,249.88,958,2021-01-22 19:30:00,WIX
250.1736,250.1736,249.71,249.71,668,2021-01-22 19:35:00,WIX
250.045,250.045,249.62,249.62,2052,2021-01-22 19:40:00,WIX
249.805,249.99,249.27,249.76,5991,2021-01-22 19:45:00,WIX
249.78,249.86,249.72,249.73,1436,2021-01-22 19:50:00,WIX
249.75,249.945,249.53,249.69,2661,2021-01-22 19:55:00,WIX
249.75,249.75,249.56,249.56,500,2021-01-22 20:00:00,WIX
249.43,249.64,248.96,249.09,1000,2021-01-22 20:05:00,WIX
249.045,249.265,248.805,249.24,1810,2021-01-22 20:10:00,WIX
249.15,249.35,248.5,248.5,4944,2021-01-22 20:15:00,WIX
249.0944,249.0944,248.25,248.25,6098,2021-01-22 20:20:00,WIX
248.11,248.28,247.52,247.52,1800,2021-01-22 20:25:00,WIX
247.89,248.49,247.89,248.25,3089,2021-01-22 20:30:00,WIX
248.26,248.96,248.24,248.885,1813,2021-01-22 20:35:00,WIX
249.11,249.42,248.68,249.42,3520,2021-01-22 20:40:00,WIX
249.56,249.78,249.03,249.03,2550,2021-01-22 20:45:00,WIX
249.2,249.74,249.2,249.56,4685,2021-01-22 20:50:00,WIX
249.78,249.93,249.28,249.28,8210,2021-01-22 20:55:00,WIX
249.49,249.49,249.49,249.49,105025,2021-01-22 21:00:00,WIX
250.5,250.5,250.5,250.5,100,2021-01-25 12:40:00,WIX
249.9,249.9,249.9,249.9,150,2021-01-25 13:00:00,WIX
250.25,250.25,250.25,250.25,100,2021-01-25 13:10:00,WIX
250.5,250.5,250.5,250.5,3981,2021-01-25 13:30:00,WIX
249.55,250.0,249.55,250.0,761,2021-01-25 14:10:00,WIX
249.98,249.98,249.98,249.98,100,2021-01-25 14:15:00,WIX
250.0,253.56,249.99,253.56,16070,2021-01-25 14:30:00,WIX
253.99,254.5,253.0,253.76,5120,2021-01-25 14:35:00,WIX
253.6,255.07,253.21,254.42,3926,2021-01-25 14:40:00,WIX
254.56,254.97,253.82,253.82,2000,2021-01-25 14:45:00,WIX
254.54,254.54,254.37,254.38,780,2021-01-25 14:50:00,WIX
254.6,254.805,253.01,254.13,4544,2021-01-25 14:55:00,WIX
254.3925,254.95,253.44,254.95,4919,2021-01-25 15:00:00,WIX
255.0,255.43,254.45,255.2125,10121,2021-01-25 15:05:00,WIX
255.41,255.41,254.63,255.055,4920,2021-01-25 15:10:00,WIX
255.03,255.98,254.87,255.5,4463,2021-01-25 15:15:00,WIX
255.385,255.385,253.83,254.075,4399,2021-01-25 15:20:00,WIX
254.6,254.6,252.88,253.55,4155,2021-01-25 15:25:00,WIX
253.675,253.75,253.0432,253.26,5010,2021-01-25 15:30:00,WIX
253.23,253.825,253.04,253.605,2703,2021-01-25 15:35:00,WIX
253.39,253.475,252.31,252.83,8636,2021-01-25 15:40:00,WIX
252.73,253.1,252.445,252.445,5157,2021-01-25 15:45:00,WIX
252.63,252.63,250.3,250.64,30261,2021-01-25 15:50:00,WIX
250.725,251.725,250.38,250.38,35295,2021-01-25 15:55:00,WIX
250.81,251.82,249.5,249.5,6493,2021-01-25 16:00:00,WIX
249.02,249.02,246.92,247.75,13377,2021-01-25 16:05:00,WIX
247.015,250.2,247.015,250.2,4486,2021-01-25 16:10:00,WIX
249.97,250.76,249.93,250.76,3400,2021-01-25 16:15:00,WIX
250.72,251.58,250.72,251.295,1321,2021-01-25 16:20:00,WIX
250.95,251.0,249.34,250.33,8675,2021-01-25 16:25:00,WIX
250.33,252.34,250.33,251.835,6690,2021-01-25 16:30:00,WIX
251.85,252.34,251.56,252.01,6740,2021-01-25 16:35:00,WIX
251.895,252.86,251.82,252.86,4824,2021-01-25 16:40:00,WIX
252.88,253.6899,252.16,252.97,2400,2021-01-25 16:45:00,WIX
253.0054,253.9237,253.0054,253.9237,1300,2021-01-25 16:50:00,WIX
253.9,254.93,253.9,254.39,4142,2021-01-25 16:55:00,WIX
254.94,256.19,254.92,256.18,10106,2021-01-25 17:00:00,WIX
256.16,256.215,254.73,254.77,4275,2021-01-25 17:05:00,WIX
254.645,255.1151,253.74,253.75,4301,2021-01-25 17:10:00,WIX
253.62,253.67,251.5,251.8,2400,2021-01-25 17:15:00,WIX
252.8,252.82,251.21,251.34,1700,2021-01-25 17:20:00,WIX
251.55,254.06,251.55,254.06,17917,2021-01-25 17:25:00,WIX
253.5027,253.57,252.35,253.3133,5663,2021-01-25 17:30:00,WIX
253.55,253.63,252.53,252.835,3250,2021-01-25 17:35:00,WIX
252.86,253.7,252.86,253.05,1963,2021-01-25 17:40:00,WIX
252.81,253.4,252.81,253.28,1080,2021-01-25 17:45:00,WIX
253.04,254.26,252.89,253.93,47047,2021-01-25 17:50:00,WIX
254.4176,254.4176,253.31,253.31,1500,2021-01-25 17:55:00,WIX
253.03,253.525,252.61,253.525,3300,2021-01-25 18:00:00,WIX
253.22,253.36,252.64,253.05,2182,2021-01-25 18:05:00,WIX
253.05,253.45,252.9,252.91,1500,2021-01-25 18:10:00,WIX
253.3,253.69,252.92,252.92,2300,2021-01-25 18:15:00,WIX
253.11,253.47,252.99,253.47,6600,2021-01-25 18:20:00,WIX
253.25,253.65,252.95,253.105,6075,2021-01-25 18:25:00,WIX
252.95,253.15,252.84,252.95,1472,2021-01-25 18:30:00,WIX
252.82,253.13,252.82,253.1,807,2021-01-25 18:35:00,WIX
253.28,253.32,252.405,253.145,3400,2021-01-25 18:40:00,WIX
252.98,253.97,252.98,253.54,19031,2021-01-25 18:45:00,WIX
253.796,253.796,253.1575,253.29,5888,2021-01-25 18:50:00,WIX
253.255,253.89,253.25,253.89,8100,2021-01-25 18:55:00,WIX
253.74,254.4899,253.66,253.8,3445,2021-01-25 19:00:00,WIX
253.47,253.905,253.3333,253.66,3050,2021-01-25 19:05:00,WIX
253.87,253.89,253.195,253.68,6027,2021-01-25 19:10:00,WIX
253.784,253.793,253.4613,253.4613,1247,2021-01-25 19:15:00,WIX
253.685,253.925,253.47,253.72,7558,2021-01-25 19:20:00,WIX
253.55,253.58,253.22,253.47,1492,2021-01-25 19:25:00,WIX
253.23,253.66,252.88,253.66,2803,2021-01-25 19:30:00,WIX
253.285,253.54,253.13,253.34,1200,2021-01-25 19:35:00,WIX
253.47,254.04,253.3201,253.465,2440,2021-01-25 19:40:00,WIX
253.4997,253.58,252.91,253.36,2350,2021-01-25 19:45:00,WIX
253.37,253.37,252.845,253.275,2648,2021-01-25 19:50:00,WIX
253.2,253.75,253.16,253.46,2100,2021-01-25 19:55:00,WIX
253.405,253.57,253.13,253.3,3700,2021-01-25 20:00:00,WIX
253.51,253.57,252.845,253.03,3240,2021-01-25 20:05:00,WIX
252.96,253.32,252.9317,252.995,3868,2021-01-25 20:10:00,WIX
252.91,254.245,252.76,254.245,7299,2021-01-25 20:15:00,WIX
254.35,254.4,253.49,253.51,6162,2021-01-25 20:20:00,WIX
253.87,254.28,253.625,254.175,3790,2021-01-25 20:25:00,WIX
253.88,254.06,253.62,254.025,3032,2021-01-25 20:30:00,WIX
253.99,254.35,253.78,254.08,6313,2021-01-25 20:35:00,WIX
254.08,255.12,254.08,254.92,6206,2021-01-25 20:40:00,WIX
255.32,255.74,254.77,255.23,7393,2021-01-25 20:45:00,WIX
255.55,255.76,254.6,254.6,6756,2021-01-25 20:50:00,WIX
254.8,255.145,254.6,254.69,11094,2021-01-25 20:55:00,WIX
254.8,254.8,254.8,254.8,26616,2021-01-25 21:00:00,WIX
254.8,254.8,254.8,254.8,882,2021-01-25 21:35:00,WIX
254.8,254.8,254.8,254.8,9832,2021-01-25 21:50:00,WIX
254.8,254.8,254.8,254.8,14460,2021-01-25 22:40:00,WIX
255.0,255.0,255.0,255.0,103,2021-01-26 00:55:00,WIX
254.81,254.81,254.8,254.8,624,2021-01-26 14:25:00,WIX
254.67,255.28,252.98,254.425,18620,2021-01-26 14:30:00,WIX
253.6,254.71,252.85,253.95,9930,2021-01-26 14:35:00,WIX
254.315,254.49,252.82,254.215,19363,2021-01-26 14:40:00,WIX
254.33,254.72,252.76,254.59,31019,2021-01-26 14:45:00,WIX
254.6496,255.4671,253.45,253.67,22541,2021-01-26 14:50:00,WIX
253.84,254.64,252.71,252.71,1158,2021-01-26 14:55:00,WIX
253.515,254.77,253.0101,254.45,3851,2021-01-26 15:00:00,WIX
254.705,254.88,254.14,254.865,15799,2021-01-26 15:05:00,WIX
254.25,254.385,253.28,253.76,13790,2021-01-26 15:10:00,WIX
254.0,254.47,252.27,252.29,25593,2021-01-26 15:15:00,WIX
252.29,252.82,251.65,252.335,2075,2021-01-26 15:20:00,WIX
252.365,252.365,251.66,251.825,2746,2021-01-26 15:25:00,WIX
251.72,252.49,251.72,252.135,2721,2021-01-26 15:30:00,WIX
252.19,252.27,250.25,250.335,4397,2021-01-26 15:35:00,WIX
250.35,250.35,249.515,249.925,8660,2021-01-26 15:40:00,WIX
249.57,249.77,249.15,249.76,5023,2021-01-26 15:45:00,WIX
249.55,250.31,248.91,249.0,7580,2021-01-26 15:50:00,WIX
249.0,250.0,248.23,250.0,6468,2021-01-26 15:55:00,WIX
249.98,250.32,249.7,249.8,3455,2021-01-26 16:00:00,WIX
249.99,250.15,249.47,249.85,1700,2021-01-26 16:05:00,WIX
249.85,249.99,249.41,249.43,1000,2021-01-26 16:10:00,WIX
249.3,250.56,249.0,250.2,9738,2021-01-26 16:15:00,WIX
249.975,250.295,249.35,250.06,4950,2021-01-26 16:20:00,WIX
250.02,250.47,249.51,250.3102,9926,2021-01-26 16:25:00,WIX
249.875,250.58,249.875,250.495,4512,2021-01-26 16:30:00,WIX
250.49,250.67,250.32,250.42,900,2021-01-26 16:35:00,WIX
250.09,250.54,249.93,250.29,7820,2021-01-26 16:40:00,WIX
250.385,250.85,250.29,250.6,10978,2021-01-26 16:45:00,WIX
250.675,250.85,250.48,250.61,2847,2021-01-26 16:50:00,WIX
250.685,250.89,250.515,250.62,2922,2021-01-26 16:55:00,WIX
250.46,251.0,250.1,250.775,1601,2021-01-26 17:00:00,WIX
250.775,250.97,250.57,250.6431,1900,2021-01-26 17:05:00,WIX
250.535,251.195,250.535,251.09,2200,2021-01-26 17:10:00,WIX
251.05,251.13,250.82,250.82,2648,2021-01-26 17:15:00,WIX
251.01,251.1,250.92,250.92,1400,2021-01-26 17:20:00,WIX
250.87,251.12,250.85,250.85,3701,2021-01-26 17:25:00,WIX
251.01,251.16,250.34,250.43,8157,2021-01-26 17:30:00,WIX
250.59,251.24,250.18,251.24,13966,2021-01-26 17:35:00,WIX
251.25,251.53,251.0,251.03,1500,2021-01-26 17:40:00,WIX
251.01,251.06,250.815,251.04,3185,2021-01-26 17:45:00,WIX
251.225,251.225,251.0,251.0,700,2021-01-26 17:50:00,WIX
251.0,251.055,250.85,251.04,3210,2021-01-26 17:55:00,WIX
251.04,251.75,251.04,251.75,12212,2021-01-26 18:00:00,WIX
251.6,252.4647,251.45,252.39,9108,2021-01-26 18:05:00,WIX
252.46,253.095,252.23,253.0,10370,2021-01-26 18:10:00,WIX
253.14,253.19,252.67,253.17,3200,2021-01-26 18:15:00,WIX
252.92,254.0,252.84,254.0,8800,2021-01-26 18:20:00,WIX
253.9,254.92,253.7,254.85,22259,2021-01-26 18:25:00,WIX
254.83,255.1034,253.39,253.55,23217,2021-01-26 18:30:00,WIX
253.55,253.92,252.79,253.605,4642,2021-01-26 18:35:00,WIX
253.605,254.1,253.195,253.37,4600,2021-01-26 18:40:00,WIX
253.32,253.32,252.52,253.18,3188,2021-01-26 18:45:00,WIX
253.14,253.48,252.92,253.035,1442,2021-01-26 18:50:00,WIX
253.035,253.05,252.77,252.77,1267,2021-01-26 18:55:00,WIX
252.78,252.78,252.705,252.705,745,2021-01-26 19:00:00,WIX
252.13,252.13,251.56,251.85,700,2021-01-26 19:05:00,WIX
251.42,251.53,250.76,250.86,1387,2021-01-26 19:10:00,WIX
250.6,250.76,249.71,249.75,5870,2021-01-26 19:15:00,WIX
249.9,250.65,249.9,250.505,3508,2021-01-26 19:20:00,WIX
250.31,250.56,249.97,250.07,1000,2021-01-26 19:25:00,WIX
250.275,250.55,250.08,250.3618,1959,2021-01-26 19:30:00,WIX
250.29,250.45,250.0,250.0,1200,2021-01-26 19:35:00,WIX
250.04,250.21,249.57,250.12,1819,2021-01-26 19:40:00,WIX
250.11,250.11,249.75,249.75,1863,2021-01-26 19:45:00,WIX
249.3,249.45,249.11,249.45,1880,2021-01-26 19:50:00,WIX
249.29,249.65,249.29,249.65,200,2021-01-26 19:55:00,WIX
249.33,249.77,249.33,249.77,700,2021-01-26 20:00:00,WIX
249.81,249.81,249.29,249.39,3269,2021-01-26 20:05:00,WIX
249.46,249.49,248.685,248.685,2630,2021-01-26 20:10:00,WIX
248.72,248.72,248.4,248.68,2154,2021-01-26 20:15:00,WIX
248.565,248.68,248.0,248.07,4100,2021-01-26 20:20:00,WIX
248.07,248.07,247.31,247.645,2471,2021-01-26 20:25:00,WIX
247.5,248.05,247.39,247.9832,3449,2021-01-26 20:30:00,WIX
247.82,247.935,247.42,247.66,1800,2021-01-26 20:35:00,WIX
247.64,248.22,247.48,247.4975,10058,2021-01-26 20:40:00,WIX
247.303,247.73,247.15,247.15,7176,2021-01-26 20:45:00,WIX
247.36,247.65,246.87,247.08,6283,2021-01-26 20:50:00,WIX
247.26,247.35,246.53,246.96,17254,2021-01-26 20:55:00,WIX
246.62,246.62,246.62,246.62,14614,2021-01-26 21:00:00,WIX
247.75,247.75,247.75,247.75,100,2021-01-26 21:05:00,WIX
247.75,247.75,247.75,247.75,180,2021-01-26 21:20:00,WIX
247.75,247.75,247.75,247.75,200,2021-01-26 21:30:00,WIX
247.78,247.78,247.78,247.78,100,2021-01-26 22:30:00,WIX
245.0,245.0,245.0,245.0,287,2021-01-27 10:35:00,WIX
246.0,246.0,246.0,246.0,100,2021-01-27 12:30:00,WIX
244.8,244.8,244.8,244.8,100,2021-01-27 13:50:00,WIX
243.51,244.99,238.0,241.66,45286,2021-01-27 14:30:00,WIX
240.33,240.865,239.28,239.97,39006,2021-01-27 14:35:00,WIX
239.81,240.46,236.9,237.336,12363,2021-01-27 14:40:00,WIX
237.97,239.14,237.52,237.52,4317,2021-01-27 14:45:00,WIX
237.05,239.69,237.05,238.91,7809,2021-01-27 14:50:00,WIX
238.91,241.86,238.91,241.16,4100,2021-01-27 14:55:00,WIX
241.0,242.26,240.16,242.26,5300,2021-01-27 15:00:00,WIX
242.1,243.225,242.1,243.22,4806,2021-01-27 15:05:00,WIX
243.0,243.0,241.71,242.22,10544,2021-01-27 15:10:00,WIX
242.95,242.99,241.06,241.3623,2275,2021-01-27 15:15:00,WIX
242.51,243.5,241.39,243.47,14553,2021-01-27 15:20:00,WIX
243.49,243.91,241.68,242.2267,4177,2021-01-27 15:25:00,WIX
242.0,242.71,240.83,242.3,3172,2021-01-27 15:30:00,WIX
242.495,242.66,241.81,242.16,2200,2021-01-27 15:35:00,WIX
242.0,244.06,242.0,243.38,6659,2021-01-27 15:40:00,WIX
243.255,244.49,243.25,243.91,6195,2021-01-27 15:45:00,WIX
244.2275,247.295,244.2275,247.295,81478,2021-01-27 15:50:00,WIX
247.45,247.885,245.84,246.805,5267,2021-01-27 15:55:00,WIX
246.79,246.79,244.73,245.2,2093,2021-01-27 16:00:00,WIX
244.76,246.19,244.76,246.19,1123,2021-01-27 16:05:00,WIX
245.35,245.93,245.33,245.93,1250,2021-01-27 16:10:00,WIX
245.64,246.15,245.64,246.15,500,2021-01-27 16:15:00,WIX
245.29,246.16,245.02,245.02,603,2021-01-27 16:20:00,WIX
245.32,245.34,244.61,244.61,9730,2021-01-27 16:25:00,WIX
244.95,245.37,244.42,244.42,2600,2021-01-27 16:30:00,WIX
244.415,246.9,244.2,246.81,13676,2021-01-27 16:35:00,WIX
246.75,247.045,246.28,246.67,3342,2021-01-27 16:40:00,WIX
246.5,246.64,245.51,246.22,5360,2021-01-27 16:45:00,WIX
246.85,247.184,246.69,246.74,7021,2021-01-27 16:50:00,WIX
246.74,246.96,245.64,246.0,2404,2021-01-27 16:55:00,WIX
246.05,246.05,245.04,245.9,4900,2021-01-27 17:00:00,WIX
245.9,247.15,245.67,246.385,3018,2021-01-27 17:05:00,WIX
246.715,248.0449,246.715,247.78,4679,2021-01-27 17:10:00,WIX
247.805,247.805,247.18,247.18,1901,2021-01-27 17:15:00,WIX
247.02,248.415,247.02,248.415,3536,2021-01-27 17:20:00,WIX
247.69,248.33,247.465,248.1803,1365,2021-01-27 17:25:00,WIX
247.94,247.94,247.21,247.21,1100,2021-01-27 17:30:00,WIX
247.2,247.57,247.02,247.51,1577,2021-01-27 17:35:00,WIX
247.87,248.29,247.7,247.84,2500,2021-01-27 17:40:00,WIX
247.95,249.0,247.66,248.97,2000,2021-01-27 17:45:00,WIX
248.99,249.7,247.66,247.74,7477,2021-01-27 17:50:00,WIX
247.75,248.005,247.35,247.56,4800,2021-01-27 17:55:00,WIX
247.56,247.98,247.29,247.58,3539,2021-01-27 18:00:00,WIX
247.61,247.61,246.21,246.21,800,2021-01-27 18:05:00,WIX
246.9,246.9,246.25,246.545,800,2021-01-27 18:10:00,WIX
246.28,246.74,245.39,246.26,4400,2021-01-27 18:15:00,WIX
246.265,246.265,246.265,246.265,200,2021-01-27 18:20:00,WIX
246.61,247.21,246.61,246.79,1512,2021-01-27 18:25:00,WIX
246.755,246.755,246.42,246.56,900,2021-01-27 18:30:00,WIX
246.585,246.585,245.78,245.96,800,2021-01-27 18:35:00,WIX
246.01,246.755,245.3647,246.525,2900,2021-01-27 18:40:00,WIX
246.19,247.29,246.19,247.05,2700,2021-01-27 18:45:00,WIX
247.39,247.58,247.29,247.58,800,2021-01-27 18:50:00,WIX
247.63,248.02,246.42,246.5331,4661,2021-01-27 18:55:00,WIX
247.52,247.52,247.27,247.27,400,2021-01-27 19:00:00,WIX
246.33,247.255,246.33,247.0,1128,2021-01-27 19:05:00,WIX
246.94,247.74,246.94,247.055,9500,2021-01-27 19:10:00,WIX
247.055,247.51,246.25,247.175,8005,2021-01-27 19:15:00,WIX
247.17,248.18,246.675,247.5,30021,2021-01-27 19:20:00,WIX
247.5,247.85,247.36,247.85,23937,2021-01-27 19:25:00,WIX
247.51,247.62,246.24,247.475,16411,2021-01-27 19:30:00,WIX
247.25,247.98,247.01,247.43,4505,2021-01-27 19:35:00,WIX
247.42,247.44,245.8636,246.5996,8830,2021-01-27 19:40:00,WIX
246.67,246.71,245.785,246.29,3470,2021-01-27 19:45:00,WIX
245.72,246.08,244.445,244.445,5903,2021-01-27 19:50:00,WIX
244.36,246.18,244.36,245.13,5705,2021-01-27 19:55:00,WIX
245.065,245.58,244.615,245.315,7901,2021-01-27 20:00:00,WIX
245.55,245.755,244.89,245.39,17961,2021-01-27 20:05:00,WIX
245.2725,246.48,245.2201,245.61,4161,2021-01-27 20:10:00,WIX
245.595,245.87,244.69,244.69,3473,2021-01-27 20:15:00,WIX
244.83,245.1,243.5,243.665,8451,2021-01-27 20:20:00,WIX
243.53,244.52,243.5,243.9496,3604,2021-01-27 20:25:00,WIX
244.02,245.5,243.5499,243.985,4841,2021-01-27 20:30:00,WIX
243.85,245.49,243.85,245.305,7783,2021-01-27 20:35:00,WIX
245.15,245.85,244.88,244.95,7988,2021-01-27 20:40:00,WIX
244.97,245.83,244.51,244.51,8201,2021-01-27 20:45:00,WIX
244.44,246.14,244.23,244.81,18588,2021-01-27 20:50:00,WIX
244.48,244.99,243.6032,244.295,37352,2021-01-27 20:55:00,WIX
244.5,247.5,244.5,244.5,67529,2021-01-27 21:00:00,WIX
244.5,244.5,244.5,244.5,1365,2021-01-27 21:05:00,WIX
244.0,244.0,244.0,244.0,410,2021-01-28 13:45:00,WIX
246.43,246.43,246.43,246.43,100,2021-01-28 14:25:00,WIX
245.0,247.9962,244.82,246.32,9139,2021-01-28 14:30:00,WIX
246.0,247.0434,244.995,245.93,2722,2021-01-28 14:35:00,WIX
245.465,248.57,245.3206,248.235,4756,2021-01-28 14:40:00,WIX
248.6,248.94,247.12,247.71,9200,2021-01-28 14:45:00,WIX
247.72,248.79,247.2,248.235,3593,2021-01-28 14:50:00,WIX
248.45,248.45,246.88,247.37,9293,2021-01-28 14:55:00,WIX
247.18,248.06,246.36,248.06,3629,2021-01-28 15:00:00,WIX
247.95,248.0,246.35,247.62,4285,2021-01-28 15:05:00,WIX
248.21,248.21,246.895,247.175,4384,2021-01-28 15:10:00,WIX
247.015,248.99,246.59,248.09,27355,2021-01-28 15:15:00,WIX
248.0486,248.0486,246.8,246.805,15738,2021-01-28 15:20:00,WIX
246.815,246.815,245.81,246.07,13153,2021-01-28 15:25:00,WIX
246.05,246.55,245.75,245.971,6986,2021-01-28 15:30:00,WIX
246.065,246.295,245.18,245.33,2523,2021-01-28 15:35:00,WIX
245.35,245.35,243.25,243.79,6740,2021-01-28 15:40:00,WIX
244.32,245.09,244.17,245.09,1700,2021-01-28 15:45:00,WIX
245.32,245.72,244.5,244.5,2100,2021-01-28 15:50:00,WIX
244.375,244.81,243.905,244.625,2075,2021-01-28 15:55:00,WIX
244.1301,245.305,244.1301,245.29,2150,2021-01-28 16:00:00,WIX
245.6999,246.27,245.45,245.86,4046,2021-01-28 16:05:00,WIX
246.07,246.815,245.71,246.67,5397,2021-01-28 16:10:00,WIX
246.52,246.85,244.78,244.78,7046,2021-01-28 16:15:00,WIX
244.835,245.45,244.58,244.8,1300,2021-01-28 16:20:00,WIX
245.29,245.54,244.95,245.465,2000,2021-01-28 16:25:00,WIX
245.26,246.43,244.91,246.35,2815,2021-01-28 16:30:00,WIX
246.41,246.79,246.14,246.46,2650,2021-01-28 16:35:00,WIX
246.09,246.29,245.56,245.91,7404,2021-01-28 16:40:00,WIX
246.24,246.24,244.77,245.29,2406,2021-01-28 16:45:00,WIX
245.29,245.6,245.02,245.41,3981,2021-01-28 16:50:00,WIX
245.79,245.9799,245.22,245.53,4590,2021-01-28 16:55:00,WIX
245.4,245.54,244.76,245.4675,7116,2021-01-28 17:00:00,WIX
245.635,246.955,245.58,246.68,7365,2021-01-28 17:05:00,WIX
246.68,246.72,246.1042,246.1042,1552,2021-01-28 17:10:00,WIX
246.58,246.61,245.7,245.97,3001,2021-01-28 17:15:00,WIX
245.81,247.16,245.645,247.06,2300,2021-01-28 17:20:00,WIX
247.06,247.36,246.9867,247.145,2804,2021-01-28 17:25:00,WIX
247.52,247.83,246.99,247.06,3033,2021-01-28 17:30:00,WIX
247.18,247.71,247.18,247.64,1300,2021-01-28 17:35:00,WIX
247.74,248.19,247.63,248.17,2307,2021-01-28 17:40:00,WIX
248.18,248.425,247.5,247.68,8500,2021-01-28 17:45:00,WIX
247.51,247.86,246.51,246.98,3876,2021-01-28 17:50:00,WIX
247.0,247.36,246.95,247.14,2800,2021-01-28 17:55:00,WIX
247.21,247.7855,247.2,247.7855,3527,2021-01-28 18:00:00,WIX
247.35,247.379,247.005,247.005,3179,2021-01-28 18:05:00,WIX
247.37,248.395,247.37,247.5035,2950,2021-01-28 18:10:00,WIX
247.72,248.475,247.7,247.905,2500,2021-01-28 18:15:00,WIX
248.1556,248.79,248.14,248.79,2080,2021-01-28 18:20:00,WIX
248.86,248.87,248.6444,248.74,3100,2021-01-28 18:25:00,WIX
248.8,249.3,248.605,249.07,3259,2021-01-28 18:30:00,WIX
249.19,249.618,249.08,249.618,2300,2021-01-28 18:35:00,WIX
249.49,250.09,249.3,249.37,5008,2021-01-28 18:40:00,WIX
249.62,249.7,248.5792,248.5792,2800,2021-01-28 18:45:00,WIX
248.78,249.0199,248.28,248.585,2023,2021-01-28 18:50:00,WIX
248.61,248.74,247.92,247.92,3050,2021-01-28 18:55:00,WIX
247.905,248.1,247.7,247.7,2200,2021-01-28 19:00:00,WIX
247.13,247.52,246.8,246.8,2400,2021-01-28 19:05:00,WIX
246.8,247.64,246.45,247.36,5303,2021-01-28 19:10:00,WIX
247.5275,247.53,246.9073,247.4425,1502,2021-01-28 19:15:00,WIX
247.48,248.21,247.465,247.665,2000,2021-01-28 19:20:00,WIX
247.825,248.21,247.825,248.13,1600,2021-01-28 19:25:00,WIX
248.12,248.63,248.12,248.38,2202,2021-01-28 19:30:00,WIX
248.4,248.65,248.08,248.65,2200,2021-01-28 19:35:00,WIX
248.74,248.7675,248.38,248.5,2500,2021-01-28 19:40:00,WIX
248.61,248.955,248.56,248.645,1698,2021-01-28 19:45:00,WIX
248.75,249.1,247.815,247.815,3800,2021-01-28 19:50:00,WIX
248.16,248.61,248.16,248.34,1300,2021-01-28 19:55:00,WIX
247.3828,248.78,247.3828,248.75,2683,2021-01-28 20:00:00,WIX
248.51,248.58,248.205,248.545,1800,2021-01-28 20:05:00,WIX
248.35,248.59,248.1,248.43,2800,2021-01-28 20:10:00,WIX
248.62,248.62,248.07,248.445,5156,2021-01-28 20:15:00,WIX
248.465,248.465,247.63,248.23,3005,2021-01-28 20:20:00,WIX
248.22,248.41,247.7777,248.33,2800,2021-01-28 20:25:00,WIX
248.305,249.46,248.3,248.62,3918,2021-01-28 20:30:00,WIX
248.74,250.18,248.74,250.07,4559,2021-01-28 20:35:00,WIX
250.13,250.36,249.765,249.765,6036,2021-01-28 20:40:00,WIX
249.92,250.16,249.33,249.7,5579,2021-01-28 20:45:00,WIX
249.51,249.67,248.72,249.02,7433,2021-01-28 20:50:00,WIX
248.75,249.21,248.02,248.74,16678,2021-01-28 20:55:00,WIX
248.24,248.24,248.24,248.24,44947,2021-01-28 21:00:00,WIX
248.24,248.24,248.24,248.24,9024,2021-01-28 21:30:00,WIX
246.0,246.0,246.0,246.0,200,2021-01-29 14:10:00,WIX
247.48,247.48,244.525,244.92,8004,2021-01-29 14:30:00,WIX
244.61,244.83,241.14,241.535,3965,2021-01-29 14:35:00,WIX
241.0,241.84,240.11,241.09,2678,2021-01-29 14:40:00,WIX
241.42,244.09,241.39,244.09,3630,2021-01-29 14:45:00,WIX
243.66,243.66,242.47,242.47,2354,2021-01-29 14:50:00,WIX
242.83,243.35,241.67,241.67,8279,2021-01-29 14:55:00,WIX
241.53,241.88,240.85,241.39,5740,2021-01-29 15:00:00,WIX
241.77,242.82,241.47,242.72,4046,2021-01-29 15:05:00,WIX
243.73,245.3813,243.73,245.3813,7217,2021-01-29 15:10:00,WIX
245.1931,246.06,244.5401,245.37,4441,2021-01-29 15:15:00,WIX
245.9,247.66,245.9,247.5,2581,2021-01-29 15:20:00,WIX
247.505,248.915,247.4,247.8786,3274,2021-01-29 15:25:00,WIX
248.5,248.67,247.5,247.78,4155,2021-01-29 15:30:00,WIX
247.61,247.86,247.21,247.86,3000,2021-01-29 15:35:00,WIX
247.054,247.86,246.84,247.0,3119,2021-01-29 15:40:00,WIX
246.54,248.5183,246.54,248.5183,1000,2021-01-29 15:45:00,WIX
248.52,249.81,248.09,249.79,3844,2021-01-29 15:50:00,WIX
249.7325,250.365,249.11,249.11,6312,2021-01-29 15:55:00,WIX
249.28,249.28,248.3931,248.52,852,2021-01-29 16:00:00,WIX
247.89,248.57,247.89,248.375,3240,2021-01-29 16:05:00,WIX
248.605,248.605,247.42,247.56,2252,2021-01-29 16:10:00,WIX
247.0,247.69,247.0,247.46,2660,2021-01-29 16:15:00,WIX
247.36,247.595,246.8906,247.28,10550,2021-01-29 16:20:00,WIX
247.4,248.464,247.395,247.76,1600,2021-01-29 16:25:00,WIX
247.5,248.425,247.305,248.425,758,2021-01-29 16:30:00,WIX
248.0,248.54,247.45,247.55,3650,2021-01-29 16:35:00,WIX
247.665,249.7796,247.665,249.5,2300,2021-01-29 16:40:00,WIX
249.79,249.86,248.815,249.29,4555,2021-01-29 16:45:00,WIX
248.9,249.39,248.2945,249.39,2984,2021-01-29 16:50:00,WIX
248.985,249.68,248.985,249.565,1100,2021-01-29 16:55:00,WIX
249.69,250.6,249.69,250.51,2343,2021-01-29 17:00:00,WIX
250.47,250.65,250.205,250.585,1400,2021-01-29 17:05:00,WIX
250.55,250.55,249.0,249.0,2920,2021-01-29 17:10:00,WIX
249.02,249.02,248.29,248.395,506,2021-01-29 17:15:00,WIX
248.36,248.41,247.5388,247.5388,1399,2021-01-29 17:20:00,WIX
247.51,247.8306,247.3848,247.3848,1310,2021-01-29 17:25:00,WIX
247.525,247.62,246.06,246.08,5431,2021-01-29 17:30:00,WIX
245.745,245.8,245.11,245.11,2470,2021-01-29 17:35:00,WIX
245.35,245.35,244.71,244.71,800,2021-01-29 17:40:00,WIX
244.62,244.74,243.0,243.0,1710,2021-01-29 17:45:00,WIX
242.95,244.58,242.6897,244.11,2640,2021-01-29 17:50:00,WIX
244.61,244.61,243.9,244.47,1706,2021-01-29 17:55:00,WIX
244.4,245.72,244.4,245.63,3070,2021-01-29 18:00:00,WIX
245.41,246.015,245.17,246.0125,2400,2021-01-29 18:05:00,WIX
246.15,246.15,245.46,246.12,3600,2021-01-29 18:10:00,WIX
245.31,245.99,245.22,245.22,4486,2021-01-29 18:15:00,WIX
245.22,247.45,245.22,246.0625,4392,2021-01-29 18:20:00,WIX
246.73,248.94,246.73,248.94,3316,2021-01-29 18:25:00,WIX
248.9338,248.9648,246.26,246.26,3693,2021-01-29 18:30:00,WIX
247.36,247.99,247.05,247.33,4590,2021-01-29 18:35:00,WIX
246.7875,246.93,246.7875,246.93,300,2021-01-29 18:40:00,WIX
246.92,246.94,246.92,246.92,400,2021-01-29 18:45:00,WIX
246.17,247.4,246.17,246.53,1700,2021-01-29 18:50:00,WIX
246.31,246.32,245.71,245.71,1300,2021-01-29 18:55:00,WIX
245.755,246.37,245.755,246.37,1011,2021-01-29 19:00:00,WIX
246.225,246.86,245.79,246.86,1512,2021-01-29 19:05:00,WIX
246.47,247.13,246.47,246.76,400,2021-01-29 19:10:00,WIX
246.49,246.55,245.585,246.03,1500,2021-01-29 19:15:00,WIX
246.79,247.05,246.27,246.27,1300,2021-01-29 19:20:00,WIX
246.295,246.53,246.12,246.32,1002,2021-01-29 19:25:00,WIX
246.16,246.16,245.56,246.15,700,2021-01-29 19:30:00,WIX
245.985,245.985,245.855,245.93,325,2021-01-29 19:35:00,WIX
245.86,246.61,245.86,246.53,1902,2021-01-29 19:40:00,WIX
246.13,246.23,245.37,245.52,1500,2021-01-29 19:45:00,WIX
245.0445,245.6138,245.0445,245.6138,964,2021-01-29 19:50:00,WIX
245.23,245.29,244.87,244.87,2141,2021-01-29 19:55:00,WIX
245.02,246.37,245.02,246.36,900,2021-01-29 20:00:00,WIX
245.99,245.99,245.21,245.21,1205,2021-01-29 20:05:00,WIX
245.49,245.89,245.07,245.35,3444,2021-01-29 20:10:00,WIX
245.28,245.88,245.065,245.735,4864,2021-01-29 20:15:00,WIX
245.92,246.08,245.33,245.895,11300,2021-01-29 20:20:00,WIX
246.06,246.39,245.875,246.09,16800,2021-01-29 20:25:00,WIX
246.23,247.415,246.23,247.415,3627,2021-01-29 20:30:00,WIX
247.22,247.5,246.395,246.71,20047,2021-01-29 20:35:00,WIX
246.6,247.37,246.6,246.82,2026,2021-01-29 20:40:00,WIX
246.6172,246.73,245.484,246.565,5961,2021-01-29 20:45:00,WIX
246.29,247.98,246.29,247.67,13403,2021-01-29 20:50:00,WIX
247.62,248.11,246.57,246.57,12581,2021-01-29 20:55:00,WIX
247.05,247.05,247.05,247.05,32369,2021-01-29 21:00:00,WIX
248.59,251.0,248.01,250.55,9234,2021-02-01 14:30:00,WIX
250.62,253.4899,250.5,253.0,4839,2021-02-01 14:35:00,WIX
253.2199,253.58,251.007,251.2361,4861,2021-02-01 14:40:00,WIX
251.1362,253.18,251.1362,252.44,5050,2021-02-01 14:45:00,WIX
252.065,252.95,251.765,251.765,2572,2021-02-01 14:50:00,WIX
252.01,252.5,251.38,251.96,8599,2021-02-01 14:55:00,WIX
252.38,253.3999,251.7771,252.03,8526,2021-02-01 15:00:00,WIX
252.44,252.96,251.24,252.76,4799,2021-02-01 15:05:00,WIX
252.0,253.45,252.0,253.13,3650,2021-02-01 15:10:00,WIX
253.0,253.41,251.855,251.855,2988,2021-02-01 15:15:00,WIX
251.75,252.74,251.75,252.36,1711,2021-02-01 15:20:00,WIX
252.58,253.48,252.01,253.275,14032,2021-02-01 15:25:00,WIX
253.46,253.5,252.52,253.22,10462,2021-02-01 15:30:00,WIX
253.265,253.36,252.64,253.0,4428,2021-02-01 15:35:00,WIX
253.09,254.32,252.57,254.14,5087,2021-02-01 15:40:00,WIX
253.62,254.3,253.52,254.3,6691,2021-02-01 15:45:00,WIX
254.1,254.1,252.16,252.16,1610,2021-02-01 15:50:00,WIX
252.82,253.03,251.91,252.58,2287,2021-02-01 15:55:00,WIX
252.36,254.0,252.0,254.0,3818,2021-02-01 16:00:00,WIX
254.065,256.7,254.065,255.8,14061,2021-02-01 16:05:00,WIX
256.1,256.1,253.99,255.03,5100,2021-02-01 16:10:00,WIX
254.99,256.0,254.99,255.795,1100,2021-02-01 16:15:00,WIX
255.8,257.0,255.8,256.86,2700,2021-02-01 16:20:00,WIX
256.86,256.86,256.045,256.115,2388,2021-02-01 16:25:00,WIX
256.045,257.0,256.045,256.87,3080,2021-02-01 16:30:00,WIX
256.825,257.43,256.66,256.95,2475,2021-02-01 16:35:00,WIX
256.675,257.87,256.675,257.87,4079,2021-02-01 16:40:00,WIX
257.625,258.48,257.6001,258.48,4624,2021-02-01 16:45:00,WIX
258.07,258.765,257.81,258.54,2288,2021-02-01 16:50:00,WIX
258.8,258.8,257.19,257.19,2201,2021-02-01 16:55:00,WIX
257.0,257.69,257.0,257.68,2176,2021-02-01 17:00:00,WIX
257.875,258.41,257.875,257.93,3574,2021-02-01 17:05:00,WIX
257.84,258.78,257.84,258.69,1700,2021-02-01 17:10:00,WIX
258.76,259.83,258.69,259.725,8995,2021-02-01 17:15:00,WIX
260.0,260.34,259.44,259.51,6253,2021-02-01 17:20:00,WIX
259.825,259.92,258.8001,258.8001,1818,2021-02-01 17:25:00,WIX
259.19,259.7799,258.96,258.99,2746,2021-02-01 17:30:00,WIX
259.46,260.0185,259.1,259.55,5275,2021-02-01 17:35:00,WIX
259.55,260.245,259.535,260.17,3225,2021-02-01 17:40:00,WIX
260.46,260.83,260.12,260.23,1394,2021-02-01 17:45:00,WIX
260.56,261.48,260.56,261.48,2883,2021-02-01 17:50:00,WIX
261.26,261.76,261.14,261.41,2046,2021-02-01 17:55:00,WIX
261.86,262.07,260.48,260.48,3689,2021-02-01 18:00:00,WIX
260.455,261.41,260.455,261.18,1034,2021-02-01 18:05:00,WIX
261.41,261.41,260.0001,260.0001,1916,2021-02-01 18:10:00,WIX
260.5442,260.5442,259.85,260.5,1241,2021-02-01 18:15:00,WIX
260.8799,260.88,260.775,260.855,702,2021-02-01 18:20:00,WIX
260.62,260.92,260.07,260.07,2000,2021-02-01 18:25:00,WIX
259.795,259.795,258.06,258.88,11172,2021-02-01 18:30:00,WIX
258.82,259.12,258.48,258.48,900,2021-02-01 18:35:00,WIX
258.46,258.47,256.65,257.021,13361,2021-02-01 18:40:00,WIX
257.04,257.35,256.6543,257.35,2500,2021-02-01 18:45:00,WIX
257.1,257.8,257.1,257.74,805,2021-02-01 18:50:00,WIX
257.6419,258.44,257.4,258.24,1529,2021-02-01 18:55:00,WIX
258.02,258.02,257.56,257.57,800,2021-02-01 19:00:00,WIX
257.53,257.7,257.53,257.7,807,2021-02-01 19:05:00,WIX
257.7,257.96,257.7,257.7,1204,2021-02-01 19:10:00,WIX
258.06,258.23,257.7,257.71,2991,2021-02-01 19:15:00,WIX
257.7,258.05,257.67,257.67,3481,2021-02-01 19:20:00,WIX
257.535,257.8668,257.47,257.74,1000,2021-02-01 19:25:00,WIX
257.79,257.79,257.03,257.14,1000,2021-02-01 19:30:00,WIX
257.135,257.7,257.085,257.465,6696,2021-02-01 19:35:00,WIX
257.69,258.05,257.56,257.87,1900,2021-02-01 19:40:00,WIX
258.09,258.5,258.09,258.35,3100,2021-02-01 19:45:00,WIX
258.27,258.54,258.27,258.54,5350,2021-02-01 19:50:00,WIX
258.66,258.66,258.105,258.395,2820,2021-02-01 19:55:00,WIX
258.52,259.0619,258.49,258.9,2543,2021-02-01 20:00:00,WIX
258.71,258.715,258.52,258.62,1300,2021-02-01 20:05:00,WIX
258.6,258.63,258.415,258.555,2150,2021-02-01 20:10:00,WIX
258.81,259.02,258.42,258.8,1651,2021-02-01 20:15:00,WIX
258.59,258.91,258.535,258.91,3000,2021-02-01 20:20:00,WIX
258.96,259.35,258.84,258.84,4814,2021-02-01 20:25:00,WIX
258.865,259.155,258.53,258.53,3163,2021-02-01 20:30:00,WIX
258.575,259.21,258.31,258.805,10860,2021-02-01 20:35:00,WIX
258.93,259.13,258.55,259.09,4693,2021-02-01 20:40:00,WIX
259.09,259.64,258.84,259.49,8483,2021-02-01 20:45:00,WIX
259.0,260.21,258.475,259.965,12940,2021-02-01 20:50:00,WIX
260.155,260.158,259.26,260.03,25154,2021-02-01 20:55:00,WIX
259.99,259.99,259.99,259.99,28201,2021-02-01 21:00:00,WIX
260.11,260.11,260.11,260.11,202,2021-02-01 21:10:00,WIX
259.99,259.99,259.99,259.99,1722,2021-02-01 21:30:00,WIX
259.99,259.99,259.99,259.99,509,2021-02-01 21:35:00,WIX
260.11,260.11,260.11,260.11,198,2021-02-01 21:50:00,WIX
263.24,264.6,262.805,264.105,14377,2021-02-02 14:30:00,WIX
263.61,265.14,263.5,264.74,11237,2021-02-02 14:35:00,WIX
264.23,267.33,264.23,267.32,6622,2021-02-02 14:40:00,WIX
266.98,269.2,266.73,268.9037,8344,2021-02-02 14:45:00,WIX
268.655,269.0697,266.67,268.2,19794,2021-02-02 14:50:00,WIX
268.71,269.49,268.14,268.65,3821,2021-02-02 14:55:00,WIX
268.87,270.98,268.87,270.98,12291,2021-02-02 15:00:00,WIX
270.535,270.57,268.93,269.8,6480,2021-02-02 15:05:00,WIX
269.45,269.92,268.33,269.63,12110,2021-02-02 15:10:00,WIX
269.68,270.82,269.32,270.49,17043,2021-02-02 15:15:00,WIX
270.89,271.29,269.305,269.31,5824,2021-02-02 15:20:00,WIX
269.5553,271.41,269.0,270.0453,21570,2021-02-02 15:25:00,WIX
269.88,270.51,269.8,270.28,4464,2021-02-02 15:30:00,WIX
270.5,270.6853,270.2519,270.68,2999,2021-02-02 15:35:00,WIX
270.69,272.0,270.68,271.67,17883,2021-02-02 15:40:00,WIX
271.8,272.49,271.6,272.365,3717,2021-02-02 15:45:00,WIX
272.365,273.22,271.91,273.0286,4850,2021-02-02 15:50:00,WIX
272.74,273.42,272.73,273.1,6309,2021-02-02 15:55:00,WIX
273.09,273.2,271.4,271.95,4915,2021-02-02 16:00:00,WIX
271.67,271.72,270.08,271.16,4549,2021-02-02 16:05:00,WIX
271.106,272.105,271.0,272.105,9256,2021-02-02 16:10:00,WIX
272.49,272.49,271.23,271.92,4814,2021-02-02 16:15:00,WIX
271.21,271.37,270.12,270.57,4216,2021-02-02 16:20:00,WIX
270.59,272.275,270.52,272.275,5600,2021-02-02 16:25:00,WIX
272.0,272.2667,271.31,271.99,5640,2021-02-02 16:30:00,WIX
271.99,272.1399,271.71,271.99,2159,2021-02-02 16:35:00,WIX
271.91,272.5,271.76,272.5,4960,2021-02-02 16:40:00,WIX
272.64,273.8135,272.437,273.345,5011,2021-02-02 16:45:00,WIX
273.5447,273.69,273.215,273.68,2300,2021-02-02 16:50:00,WIX
273.7554,274.65,273.24,274.65,4971,2021-02-02 16:55:00,WIX
274.51,274.51,273.2865,273.54,4225,2021-02-02 17:00:00,WIX
273.33,273.95,272.995,273.95,3800,2021-02-02 17:05:00,WIX
273.445,274.06,273.2388,274.06,1243,2021-02-02 17:10:00,WIX
274.23,274.55,273.75,273.78,6045,2021-02-02 17:15:00,WIX
273.7,274.59,273.7,274.551,2242,2021-02-02 17:20:00,WIX
274.6,275.1716,274.42,274.42,8479,2021-02-02 17:25:00,WIX
274.46,274.87,274.39,274.46,3220,2021-02-02 17:30:00,WIX
274.62,275.08,274.5,274.915,5010,2021-02-02 17:35:00,WIX
274.955,275.59,274.6531,275.42,2800,2021-02-02 17:40:00,WIX
275.31,275.32,274.15,274.84,3400,2021-02-02 17:45:00,WIX
274.63,274.63,274.25,274.53,2600,2021-02-02 17:50:00,WIX
274.64,275.06,274.21,275.06,2125,2021-02-02 17:55:00,WIX
275.03,275.76,275.03,275.705,3129,2021-02-02 18:00:00,WIX
275.87,275.87,274.99,275.13,4853,2021-02-02 18:05:00,WIX
275.19,275.5931,275.0671,275.5931,1600,2021-02-02 18:10:00,WIX
275.46,275.46,274.65,274.66,1600,2021-02-02 18:15:00,WIX
274.72,274.79,274.455,274.63,1600,2021-02-02 18:20:00,WIX
274.58,274.695,274.26,274.65,2250,2021-02-02 18:25:00,WIX
274.8,275.12,274.59,274.59,5600,2021-02-02 18:30:00,WIX
274.81,275.2,273.9676,275.2,2885,2021-02-02 18:35:00,WIX
275.025,275.335,274.935,275.2246,4700,2021-02-02 18:40:00,WIX
275.39,275.601,274.5,274.715,2925,2021-02-02 18:45:00,WIX
274.69,274.83,274.525,274.8,2700,2021-02-02 18:50:00,WIX
274.8,275.48,274.8,275.32,4889,2021-02-02 18:55:00,WIX
275.175,275.53,275.0,275.49,4021,2021-02-02 19:00:00,WIX
275.58,275.66,275.24,275.39,2525,2021-02-02 19:05:00,WIX
275.22,275.22,274.56,274.85,1300,2021-02-02 19:10:00,WIX
274.96,275.84,274.8,275.615,7800,2021-02-02 19:15:00,WIX
275.69,275.92,275.43,275.92,2300,2021-02-02 19:20:00,WIX
275.64,275.64,275.13,275.375,4150,2021-02-02 19:25:00,WIX
275.725,275.835,275.44,275.67,3646,2021-02-02 19:30:00,WIX
275.16,276.0,275.16,275.6,4655,2021-02-02 19:35:00,WIX
275.45,275.54,275.44,275.54,800,2021-02-02 19:40:00,WIX
275.57,275.93,275.36,275.93,3800,2021-02-02 19:45:00,WIX
275.9,276.43,275.835,275.97,4620,2021-02-02 19:50:00,WIX
275.83,276.87,275.83,276.82,3647,2021-02-02 19:55:00,WIX
276.6,276.725,275.855,275.9665,3960,2021-02-02 20:00:00,WIX
275.97,276.33,275.19,275.19,5936,2021-02-02 20:05:00,WIX
275.435,276.13,275.435,276.1,4294,2021-02-02 20:10:00,WIX
275.98,276.1,275.71,275.8708,6374,2021-02-02 20:15:00,WIX
275.99,276.41,275.77,276.41,5257,2021-02-02 20:20:00,WIX
276.45,276.905,276.33,276.905,7691,2021-02-02 20:25:00,WIX
276.905,277.38,276.68,277.38,11807,2021-02-02 20:30:00,WIX
277.33,277.76,277.23,277.52,10358,2021-02-02 20:35:00,WIX
277.35,277.7,276.93,277.58,9433,2021-02-02 20:40:00,WIX
277.4621,277.92,277.295,277.5,14378,2021-02-02 20:45:00,WIX
277.3,277.91,277.04,277.32,19245,2021-02-02 20:50:00,WIX
277.26,277.32,276.28,277.07,33186,2021-02-02 20:55:00,WIX
277.06,277.06,277.06,277.06,29390,2021-02-02 21:00:00,WIX
277.06,277.06,277.06,277.06,2411,2021-02-02 21:20:00,WIX
277.06,277.06,277.06,277.06,1442,2021-02-02 21:35:00,WIX
277.05,277.05,277.05,277.05,200,2021-02-02 22:30:00,WIX
276.0201,276.0201,276.0201,276.0201,100,2021-02-02 23:20:00,WIX
285.34,285.34,285.34,285.34,200,2021-02-03 10:45:00,WIX
280.11,280.11,280.11,280.11,100,2021-02-03 11:20:00,WIX
280.0,280.0,280.0,280.0,196,2021-02-03 14:25:00,WIX
279.86,280.0,278.0,278.37,15046,2021-02-03 14:30:00,WIX
278.25,279.17,276.4,277.63,7483,2021-02-03 14:35:00,WIX
277.15,279.6912,277.05,278.7713,7685,2021-02-03 14:40:00,WIX
278.0798,280.25,278.0798,280.01,5591,2021-02-03 14:45:00,WIX
280.1,280.795,279.51,280.67,3557,2021-02-03 14:50:00,WIX
281.87,283.29,281.21,283.29,6769,2021-02-03 14:55:00,WIX
283.32,283.32,281.02,281.07,6589,2021-02-03 15:00:00,WIX
281.34,281.88,279.99,280.0,3239,2021-02-03 15:05:00,WIX
279.99,279.99,278.43,278.83,6991,2021-02-03 15:10:00,WIX
279.36,279.85,278.4,278.74,3492,2021-02-03 15:15:00,WIX
278.01,278.7,276.18,276.18,5423,2021-02-03 15:20:00,WIX
276.19,276.19,275.35,275.35,3378,2021-02-03 15:25:00,WIX
275.51,277.16,275.51,276.9,3603,2021-02-03 15:30:00,WIX
276.9301,276.98,275.1,276.07,2514,2021-02-03 15:35:00,WIX
276.44,277.415,276.44,277.38,900,2021-02-03 15:40:00,WIX
277.37,277.48,276.65,276.65,700,2021-02-03 15:45:00,WIX
276.65,276.7,276.02,276.18,1025,2021-02-03 15:50:00,WIX
276.31,276.64,276.25,276.58,2065,2021-02-03 15:55:00,WIX
276.42,277.33,276.42,277.33,600,2021-02-03 16:00:00,WIX
276.98,277.88,276.77,276.77,3871,2021-02-03 16:05:00,WIX
276.85,277.345,276.565,277.345,2133,2021-02-03 16:10:00,WIX
277.66,278.67,277.66,278.67,2200,2021-02-03 16:15:00,WIX
278.6,278.9,277.97,277.97,9326,2021-02-03 16:20:00,WIX
278.14,278.42,277.81,277.81,900,2021-02-03 16:25:00,WIX
277.66,278.26,277.34,277.53,2300,2021-02-03 16:30:00,WIX
277.26,277.3,277.0,277.0,600,2021-02-03 16:35:00,WIX
277.01,277.01,276.03,276.62,2579,2021-02-03 16:40:00,WIX
276.71,276.71,276.2579,276.345,877,2021-02-03 16:45:00,WIX
276.23,276.605,276.02,276.44,1177,2021-02-03 16:50:00,WIX
276.61,276.63,275.625,275.625,1700,2021-02-03 16:55:00,WIX
275.35,275.82,274.96,275.68,3119,2021-02-03 17:00:00,WIX
275.64,276.34,275.355,276.34,2400,2021-02-03 17:05:00,WIX
276.32,276.32,275.86,276.11,2101,2021-02-03 17:10:00,WIX
275.8,277.005,275.5853,277.005,3129,2021-02-03 17:15:00,WIX
277.18,278.12,277.18,278.07,1600,2021-02-03 17:20:00,WIX
278.46,278.98,278.3,278.425,3800,2021-02-03 17:25:00,WIX
278.53,278.59,277.93,278.125,3055,2021-02-03 17:30:00,WIX
278.085,278.19,277.861,277.88,1637,2021-02-03 17:35:00,WIX
278.33,279.08,278.33,279.08,1900,2021-02-03 17:40:00,WIX
279.23,279.49,279.08,279.08,2455,2021-02-03 17:45:00,WIX
279.275,280.05,279.275,280.03,2817,2021-02-03 17:50:00,WIX
280.1091,280.24,279.63,279.82,4850,2021-02-03 17:55:00,WIX
279.615,279.7855,279.44,279.7855,2485,2021-02-03 18:00:00,WIX
279.78,279.78,278.59,278.6,1429,2021-02-03 18:05:00,WIX
277.87,278.4,277.705,277.91,3300,2021-02-03 18:10:00,WIX
277.98,279.02,277.98,278.96,3214,2021-02-03 18:15:00,WIX
278.86,279.0508,278.7372,278.84,1143,2021-02-03 18:20:00,WIX
278.9,280.05,278.9,280.05,5032,2021-02-03 18:25:00,WIX
280.0,280.65,279.92,280.37,2500,2021-02-03 18:30:00,WIX
280.65,281.0,280.625,280.79,2308,2021-02-03 18:35:00,WIX
280.915,281.99,280.915,281.78,2774,2021-02-03 18:40:00,WIX
281.79,282.47,281.78,282.2586,2587,2021-02-03 18:45:00,WIX
282.23,282.83,282.085,282.105,6243,2021-02-03 18:50:00,WIX
282.105,282.26,281.1535,281.31,2494,2021-02-03 18:55:00,WIX
281.31,281.31,280.46,280.46,400,2021-02-03 19:00:00,WIX
280.33,280.62,279.8,279.86,3648,2021-02-03 19:05:00,WIX
279.76,279.9,279.16,279.18,1900,2021-02-03 19:10:00,WIX
278.85,279.01,278.37,279.01,1822,2021-02-03 19:15:00,WIX
279.17,279.59,279.08,279.42,1500,2021-02-03 19:20:00,WIX
279.5,279.5,279.21,279.21,700,2021-02-03 19:25:00,WIX
278.9646,278.99,278.95,278.99,600,2021-02-03 19:30:00,WIX
279.355,279.45,278.78,278.92,1900,2021-02-03 19:35:00,WIX
278.37,278.5874,278.1,278.26,1400,2021-02-03 19:40:00,WIX
278.3,278.3,277.91,277.9373,1314,2021-02-03 19:45:00,WIX
278.16,278.74,278.13,278.74,2100,2021-02-03 19:50:00,WIX
278.76,278.76,277.78,277.78,1100,2021-02-03 19:55:00,WIX
277.37,278.04,277.37,278.04,700,2021-02-03 20:00:00,WIX
277.82,277.82,277.5,277.5,1000,2021-02-03 20:05:00,WIX
277.77,277.89,277.39,277.39,3028,2021-02-03 20:10:00,WIX
277.33,277.33,276.06,276.06,3060,2021-02-03 20:15:00,WIX
276.03,276.495,276.0,276.19,2449,2021-02-03 20:20:00,WIX
276.1,276.47,276.07,276.35,2920,2021-02-03 20:25:00,WIX
276.28,276.89,276.27,276.74,2154,2021-02-03 20:30:00,WIX
276.8,277.065,276.61,276.84,1940,2021-02-03 20:35:00,WIX
276.965,277.59,276.75,276.84,2620,2021-02-03 20:40:00,WIX
276.94,277.15,276.43,276.785,4126,2021-02-03 20:45:00,WIX
276.02,277.07,275.85,277.07,7437,2021-02-03 20:50:00,WIX
277.08,277.97,277.0,277.63,14700,2021-02-03 20:55:00,WIX
277.62,277.62,277.62,277.62,30597,2021-02-03 21:00:00,WIX
277.17,277.17,277.17,277.17,400,2021-02-03 21:25:00,WIX
277.62,277.62,277.62,277.62,3249,2021-02-03 21:35:00,WIX
278.5,278.5,278.5,278.5,100,2021-02-04 00:15:00,WIX
279.99,281.92,278.35,278.95,13277,2021-02-04 14:30:00,WIX
278.49,280.0,276.77,279.98,5624,2021-02-04 14:35:00,WIX
280.39,281.14,279.67,281.14,2099,2021-02-04 14:40:00,WIX
281.97,282.81,281.79,281.997,3899,2021-02-04 14:45:00,WIX
281.7179,282.63,280.76,280.965,4715,2021-02-04 14:50:00,WIX
280.945,281.6325,279.8,280.2,2394,2021-02-04 14:55:00,WIX
280.78,280.78,276.88,277.0,2090,2021-02-04 15:00:00,WIX
277.0,277.82,276.85,276.8975,2061,2021-02-04 15:05:00,WIX
276.56,277.39,276.177,276.83,3274,2021-02-04 15:10:00,WIX
276.975,278.14,276.18,277.88,1500,2021-02-04 15:15:00,WIX
278.55,278.55,277.715,278.265,2304,2021-02-04 15:20:00,WIX
278.4277,278.4277,276.3,276.63,2067,2021-02-04 15:25:00,WIX
276.495,277.75,276.495,277.59,4574,2021-02-04 15:30:00,WIX
277.475,278.26,277.11,278.05,2920,2021-02-04 15:35:00,WIX
277.44,278.4004,277.44,278.055,1600,2021-02-04 15:40:00,WIX
277.64,278.6722,277.64,278.6722,1300,2021-02-04 15:45:00,WIX
278.21,279.5,278.21,279.47,2100,2021-02-04 15:50:00,WIX
279.905,280.37,279.07,279.19,1625,2021-02-04 15:55:00,WIX
279.18,279.255,278.95,278.95,500,2021-02-04 16:00:00,WIX
278.68,278.97,278.42,278.42,1000,2021-02-04 16:05:00,WIX
278.22,278.38,277.375,278.38,2423,2021-02-04 16:10:00,WIX
278.24,278.24,277.52,278.01,1614,2021-02-04 16:15:00,WIX
277.805,278.32,277.57,278.32,1593,2021-02-04 16:20:00,WIX
278.82,279.15,277.84,277.94,4824,2021-02-04 16:25:00,WIX
278.29,279.265,278.29,278.57,2100,2021-02-04 16:30:00,WIX
278.26,278.625,278.26,278.27,774,2021-02-04 16:35:00,WIX
278.24,278.37,277.93,278.37,600,2021-02-04 16:40:00,WIX
278.11,278.37,278.11,278.36,600,2021-02-04 16:45:00,WIX
278.01,280.49,278.0,280.44,14253,2021-02-04 16:50:00,WIX
280.12,280.67,280.07,280.67,1000,2021-02-04 16:55:00,WIX
280.94,281.395,280.92,280.92,1000,2021-02-04 17:00:00,WIX
281.1203,281.1203,280.67,280.67,958,2021-02-04 17:05:00,WIX
280.24,280.27,279.79,279.85,1523,2021-02-04 17:10:00,WIX
280.01,280.01,279.79,279.79,500,2021-02-04 17:15:00,WIX
279.545,279.83,279.38,279.83,2800,2021-02-04 17:20:00,WIX
279.8,279.89,279.31,279.57,1100,2021-02-04 17:25:00,WIX
279.51,279.59,279.4,279.51,1500,2021-02-04 17:30:00,WIX
279.51,280.0,279.51,279.75,1100,2021-02-04 17:35:00,WIX
279.7,279.765,279.48,279.48,1165,2021-02-04 17:40:00,WIX
279.56,279.92,279.455,279.815,2095,2021-02-04 17:45:00,WIX
279.97,280.4,279.79,280.19,3975,2021-02-04 17:50:00,WIX
279.98,280.16,279.36,280.02,5290,2021-02-04 17:55:00,WIX
279.99,280.2,279.78,280.2,500,2021-02-04 18:00:00,WIX
280.36,280.39,279.91,279.91,1200,2021-02-04 18:05:00,WIX
280.11,280.375,279.87,280.25,850,2021-02-04 18:10:00,WIX
280.38,280.91,280.38,280.91,1500,2021-02-04 18:15:00,WIX
281.0,281.19,280.77,281.19,800,2021-02-04 18:20:00,WIX
281.19,281.28,281.0075,281.28,900,2021-02-04 18:25:00,WIX
281.32,281.38,281.005,281.005,913,2021-02-04 18:30:00,WIX
281.27,281.27,280.95,280.98,800,2021-02-04 18:35:00,WIX
280.92,280.94,280.54,280.63,1800,2021-02-04 18:40:00,WIX
280.65,281.0,280.5,280.5,1200,2021-02-04 18:45:00,WIX
280.35,280.95,280.34,280.78,4261,2021-02-04 18:50:00,WIX
280.95,281.0,280.69,280.69,800,2021-02-04 18:55:00,WIX
280.7,280.83,280.7,280.83,900,2021-02-04 19:00:00,WIX
280.85,280.9933,280.85,280.99,400,2021-02-04 19:05:00,WIX
280.71,280.72,280.22,280.67,2150,2021-02-04 19:10:00,WIX
280.32,280.49,280.32,280.39,2920,2021-02-04 19:15:00,WIX
280.39,280.87,280.39,280.82,1300,2021-02-04 19:20:00,WIX
280.95,281.14,280.72,280.72,700,2021-02-04 19:25:00,WIX
280.92,280.92,280.18,280.18,1400,2021-02-04 19:30:00,WIX
280.13,280.16,279.91,279.95,600,2021-02-04 19:35:00,WIX
279.99,280.04,279.99,280.03,300,2021-02-04 19:40:00,WIX
279.83,279.83,279.67,279.67,200,2021-02-04 19:45:00,WIX
279.79,280.005,279.445,280.005,2400,2021-02-04 19:50:00,WIX
280.25,280.25,280.135,280.155,800,2021-02-04 19:55:00,WIX
279.96,280.15,279.96,280.06,700,2021-02-04 20:00:00,WIX
280.08,280.27,280.0,280.005,1200,2021-02-04 20:05:00,WIX
280.055,280.055,279.24,279.24,800,2021-02-04 20:10:00,WIX
279.355,279.36,278.39,278.61,2700,2021-02-04 20:15:00,WIX
278.76,278.93,277.51,278.15,7008,2021-02-04 20:20:00,WIX
278.17,278.28,278.0427,278.0427,1620,2021-02-04 20:25:00,WIX
278.16,278.51,278.16,278.26,5146,2021-02-04 20:30:00,WIX
278.22,278.6699,278.22,278.55,4414,2021-02-04 20:35:00,WIX
278.555,278.675,278.13,278.15,5116,2021-02-04 20:40:00,WIX
278.045,278.64,278.045,278.46,35204,2021-02-04 20:45:00,WIX
278.4,278.7329,278.16,278.6,13182,2021-02-04 20:50:00,WIX
278.525,278.73,278.2,278.31,12135,2021-02-04 20:55:00,WIX
278.34,278.34,278.34,278.34,14864,2021-02-04 21:00:00,WIX
278.0,278.0,278.0,278.0,100,2021-02-04 21:15:00,WIX
278.34,278.34,278.34,278.34,32300,2021-02-04 21:25:00,WIX
278.34,278.34,278.34,278.34,914,2021-02-04 21:35:00,WIX
278.99,278.99,278.9631,278.9631,662,2021-02-04 22:20:00,WIX
278.5,278.5,278.5,278.5,100,2021-02-05 00:15:00,WIX
283.0,284.91,282.63,282.91,16092,2021-02-05 14:30:00,WIX
282.18,283.8627,282.01,283.8627,5653,2021-02-05 14:35:00,WIX
282.9513,286.15,282.9513,285.2,33166,2021-02-05 14:40:00,WIX
284.55,286.1127,283.53,284.0,7875,2021-02-05 14:45:00,WIX
284.8564,284.8564,284.18,284.5,1478,2021-02-05 14:50:00,WIX
284.34,284.65,283.515,283.515,11183,2021-02-05 14:55:00,WIX
283.76,284.0,283.19,283.42,3821,2021-02-05 15:00:00,WIX
283.56,283.67,281.14,281.4836,5119,2021-02-05 15:05:00,WIX
281.23,281.54,280.26,281.18,4830,2021-02-05 15:10:00,WIX
280.52,280.74,279.29,279.29,3300,2021-02-05 15:15:00,WIX
279.63,279.845,279.0,279.37,3660,2021-02-05 15:20:00,WIX
279.56,279.56,279.01,279.01,1107,2021-02-05 15:25:00,WIX
279.47,279.47,278.5,278.5,1092,2021-02-05 15:30:00,WIX
278.465,278.7,276.5,276.58,1500,2021-02-05 15:35:00,WIX
277.18,277.8,275.51,275.535,4542,2021-02-05 15:40:00,WIX
276.45,277.1,275.785,276.8,7156,2021-02-05 15:45:00,WIX
276.81,277.1,276.01,276.411,3251,2021-02-05 15:50:00,WIX
276.47,277.0962,276.02,276.29,10183,2021-02-05 15:55:00,WIX
275.8,276.66,275.5,276.02,11045,2021-02-05 16:00:00,WIX
276.33,276.7037,275.3726,275.3726,4370,2021-02-05 16:05:00,WIX
275.675,276.26,275.4,275.895,1300,2021-02-05 16:10:00,WIX
275.99,276.22,275.67,276.22,1002,2021-02-05 16:15:00,WIX
276.3,277.5,276.07,276.8,5697,2021-02-05 16:20:00,WIX
276.855,276.91,276.52,276.53,1054,2021-02-05 16:25:00,WIX
276.93,277.04,276.0,276.0,2992,2021-02-05 16:30:00,WIX
276.2,276.5513,276.0,276.23,2933,2021-02-05 16:35:00,WIX
276.18,276.675,276.17,276.5,1592,2021-02-05 16:40:00,WIX
276.2318,276.61,276.2318,276.25,1231,2021-02-05 16:45:00,WIX
276.61,276.74,276.21,276.21,1154,2021-02-05 16:50:00,WIX
275.945,275.975,275.75,275.975,400,2021-02-05 16:55:00,WIX
275.965,276.41,275.965,276.41,1739,2021-02-05 17:00:00,WIX
276.78,277.4794,276.1367,277.09,2836,2021-02-05 17:05:00,WIX
277.28,277.93,277.23,277.9,1379,2021-02-05 17:10:00,WIX
277.79,277.79,277.6,277.63,1100,2021-02-05 17:15:00,WIX
277.65,278.09,277.65,278.0,1327,2021-02-05 17:20:00,WIX
277.89,277.89,277.82,277.82,400,2021-02-05 17:25:00,WIX
277.82,277.9701,277.745,277.9701,905,2021-02-05 17:30:00,WIX
277.54,278.88,277.54,278.88,3734,2021-02-05 17:35:00,WIX
278.7,279.99,278.7,279.71,10425,2021-02-05 17:40:00,WIX
279.72,279.96,279.625,279.71,700,2021-02-05 17:45:00,WIX
279.71,279.94,279.63,279.76,500,2021-02-05 17:50:00,WIX
279.73,279.74,279.3,279.65,900,2021-02-05 17:55:00,WIX
279.17,279.17,278.74,279.15,1224,2021-02-05 18:00:00,WIX
279.33,279.36,279.33,279.36,500,2021-02-05 18:05:00,WIX
279.58,279.9,279.45,279.9,600,2021-02-05 18:10:00,WIX
279.66,280.42,279.66,279.89,3267,2021-02-05 18:15:00,WIX
280.67,280.67,280.0,280.0,3749,2021-02-05 18:20:00,WIX
279.79,280.1488,279.66,279.66,976,2021-02-05 18:25:00,WIX
279.356,279.356,277.76,278.575,9806,2021-02-05 18:30:00,WIX
278.23,278.75,277.89,278.75,600,2021-02-05 18:35:00,WIX
278.68,278.75,278.68,278.715,400,2021-02-05 18:40:00,WIX
278.65,278.65,278.23,278.36,2515,2021-02-05 18:45:00,WIX
277.62,277.68,277.62,277.68,200,2021-02-05 18:50:00,WIX
277.62,277.8778,277.48,277.48,1400,2021-02-05 18:55:00,WIX
277.48,278.0,277.48,278.0,900,2021-02-05 19:00:00,WIX
278.18,278.18,277.89,277.97,300,2021-02-05 19:05:00,WIX
277.37,277.37,277.37,277.37,100,2021-02-05 19:10:00,WIX
277.31,277.58,277.31,277.58,323,2021-02-05 19:15:00,WIX
277.5295,277.5295,277.29,277.29,526,2021-02-05 19:20:00,WIX
277.03,277.47,277.03,277.18,880,2021-02-05 19:25:00,WIX
276.74,276.74,276.74,276.74,200,2021-02-05 19:30:00,WIX
277.22,277.27,277.05,277.05,300,2021-02-05 19:35:00,WIX
276.83,277.27,276.83,277.27,500,2021-02-05 19:40:00,WIX
277.31,277.69,277.18,277.18,1200,2021-02-05 19:45:00,WIX
277.04,277.04,276.69,276.98,800,2021-02-05 19:50:00,WIX
277.085,277.3316,277.085,277.1475,1179,2021-02-05 19:55:00,WIX
276.93,277.3495,276.89,276.92,700,2021-02-05 20:00:00,WIX
277.19,277.69,276.5,276.59,2425,2021-02-05 20:05:00,WIX
276.53,276.595,276.37,276.37,400,2021-02-05 20:10:00,WIX
276.54,276.8,276.54,276.62,1200,2021-02-05 20:15:00,WIX
276.63,276.77,276.15,276.24,1700,2021-02-05 20:20:00,WIX
276.12,276.29,275.3561,275.3561,1203,2021-02-05 20:25:00,WIX
275.56,276.4,275.56,276.4,1820,2021-02-05 20:30:00,WIX
276.66,276.66,276.48,276.58,620,2021-02-05 20:35:00,WIX
276.24,276.39,276.14,276.24,1401,2021-02-05 20:40:00,WIX
276.47,276.47,276.01,276.205,2304,2021-02-05 20:45:00,WIX
275.83,276.67,275.69,276.53,5916,2021-02-05 20:50:00,WIX
276.59,277.19,276.33,277.07,7591,2021-02-05 20:55:00,WIX
277.13,277.13,277.13,277.13,20270,2021-02-05 21:00:00,WIX
277.69,277.69,277.69,277.69,400,2021-02-05 23:10:00,WIX
277.45,277.45,277.45,277.45,100,2021-02-08 12:35:00,WIX
277.13,277.13,277.13,277.13,300,2021-02-08 13:45:00,WIX
277.4,277.4,277.4,277.4,200,2021-02-08 14:20:00,WIX
277.19,280.25,277.0,277.13,17978,2021-02-08 14:30:00,WIX
277.57,280.0,276.97,278.5667,3407,2021-02-08 14:35:00,WIX
279.195,279.45,277.12,277.91,6063,2021-02-08 14:40:00,WIX
278.31,278.36,275.08,275.38,3072,2021-02-08 14:45:00,WIX
276.21,276.92,275.13,276.92,3604,2021-02-08 14:50:00,WIX
276.54,277.58,275.89,277.58,2279,2021-02-08 14:55:00,WIX
277.22,277.22,276.11,276.77,1310,2021-02-08 15:00:00,WIX
276.66,277.205,274.52,276.47,7377,2021-02-08 15:05:00,WIX
275.48,275.76,274.9433,275.425,1620,2021-02-08 15:10:00,WIX
275.0,276.92,275.0,276.87,2050,2021-02-08 15:15:00,WIX
276.42,278.63,276.055,277.44,4900,2021-02-08 15:20:00,WIX
277.44,277.99,276.81,276.81,1447,2021-02-08 15:25:00,WIX
277.63,277.68,276.84,276.89,1310,2021-02-08 15:35:00,WIX
277.61,278.08,277.52,277.52,2663,2021-02-08 15:40:00,WIX
277.82,279.4728,277.82,278.96,4413,2021-02-08 15:45:00,WIX
278.8,280.0373,278.8,280.0,3813,2021-02-08 15:50:00,WIX
280.25,280.97,280.25,280.39,1537,2021-02-08 15:55:00,WIX
280.8854,280.8854,279.5041,279.5041,1882,2021-02-08 16:00:00,WIX
278.92,279.68,278.347,278.4772,3390,2021-02-08 16:05:00,WIX
278.54,278.54,278.2,278.28,700,2021-02-08 16:10:00,WIX
278.075,280.19,277.841,280.19,3158,2021-02-08 16:15:00,WIX
280.23,280.23,279.67,279.855,3400,2021-02-08 16:20:00,WIX
279.71,280.1,279.25,279.25,1350,2021-02-08 16:25:00,WIX
279.435,279.547,279.08,279.08,1100,2021-02-08 16:30:00,WIX
278.83,279.5,278.83,279.5,1950,2021-02-08 16:35:00,WIX
279.26,279.41,278.95,278.95,1800,2021-02-08 16:40:00,WIX
278.87,279.35,278.81,279.16,1400,2021-02-08 16:45:00,WIX
278.98,279.085,278.98,279.085,215,2021-02-08 16:50:00,WIX
279.165,279.1688,278.9,279.045,900,2021-02-08 16:55:00,WIX
279.195,279.88,279.195,279.78,1950,2021-02-08 17:00:00,WIX
280.0,280.35,279.92,280.0,2100,2021-02-08 17:05:00,WIX
280.135,280.745,280.135,280.625,3537,2021-02-08 17:10:00,WIX
280.5169,281.0286,280.495,280.495,1570,2021-02-08 17:15:00,WIX
280.4,280.4,280.21,280.39,800,2021-02-08 17:20:00,WIX
280.29,280.94,280.29,280.94,1000,2021-02-08 17:25:00,WIX
280.755,281.81,280.755,281.4833,1133,2021-02-08 17:30:00,WIX
281.365,281.815,281.365,281.4401,1900,2021-02-08 17:35:00,WIX
281.63,282.56,281.63,282.56,1393,2021-02-08 17:40:00,WIX
282.17,282.23,281.57,281.75,2423,2021-02-08 17:45:00,WIX
281.68,281.68,281.2,281.28,1417,2021-02-08 17:50:00,WIX
280.2647,281.02,280.2647,280.81,700,2021-02-08 17:55:00,WIX
281.1642,281.1642,280.58,280.72,800,2021-02-08 18:00:00,WIX
280.93,280.9899,280.93,280.9899,200,2021-02-08 18:05:00,WIX
280.62,281.605,280.62,281.58,3103,2021-02-08 18:15:00,WIX
281.62,281.7,281.17,281.64,3200,2021-02-08 18:20:00,WIX
281.94,282.08,281.885,281.885,400,2021-02-08 18:25:00,WIX
281.84,282.09,281.84,281.98,1000,2021-02-08 18:30:00,WIX
281.86,282.2852,281.86,281.97,2955,2021-02-08 18:35:00,WIX
282.08,282.4199,281.97,282.4199,600,2021-02-08 18:40:00,WIX
281.93,281.93,281.93,281.93,100,2021-02-08 18:45:00,WIX
282.085,282.085,281.345,281.345,1600,2021-02-08 18:50:00,WIX
281.16,281.23,281.03,281.0838,800,2021-02-08 18:55:00,WIX
281.22,281.48,281.2,281.47,900,2021-02-08 19:00:00,WIX
281.19,281.35,281.17,281.35,400,2021-02-08 19:05:00,WIX
281.16,281.495,281.15,281.495,600,2021-02-08 19:10:00,WIX
281.31,281.49,281.13,281.49,500,2021-02-08 19:15:00,WIX
281.58,281.62,281.58,281.61,600,2021-02-08 19:20:00,WIX
281.39,281.65,281.39,281.575,400,2021-02-08 19:25:00,WIX
281.432,281.432,280.88,281.02,2214,2021-02-08 19:30:00,WIX
280.995,281.47,280.9001,281.15,1535,2021-02-08 19:35:00,WIX
280.87,281.05,280.84,280.98,600,2021-02-08 19:40:00,WIX
280.5,280.72,280.5,280.72,200,2021-02-08 19:45:00,WIX
280.54,280.91,280.49,280.91,1095,2021-02-08 19:50:00,WIX
280.81,281.07,280.49,280.59,2200,2021-02-08 19:55:00,WIX
280.69,280.94,280.55,280.86,6487,2021-02-08 20:00:00,WIX
280.87,281.77,280.87,281.77,3132,2021-02-08 20:05:00,WIX
281.98,282.4,281.85,282.28,2465,2021-02-08 20:10:00,WIX
282.28,282.3573,282.09,282.34,1209,2021-02-08 20:15:00,WIX
282.09,282.22,282.02,282.17,1671,2021-02-08 20:20:00,WIX
282.27,282.49,281.88,281.88,1642,2021-02-08 20:25:00,WIX
282.21,282.62,282.14,282.3,2650,2021-02-08 20:30:00,WIX
282.2008,282.39,282.2008,282.25,1768,2021-02-08 20:35:00,WIX
282.34,282.82,282.26,282.82,1919,2021-02-08 20:40:00,WIX
282.7,282.8,282.545,282.67,3050,2021-02-08 20:45:00,WIX
282.54,282.91,282.4,282.91,4181,2021-02-08 20:50:00,WIX
282.69,282.69,281.99,282.21,9423,2021-02-08 20:55:00,WIX
282.21,282.21,282.21,282.21,20136,2021-02-08 21:00:00,WIX
282.21,282.21,282.21,282.21,1194,2021-02-08 21:30:00,WIX
282.21,282.21,282.21,282.21,35322,2021-02-08 21:45:00,WIX
282.99,285.0,282.21,284.19,10548,2021-02-09 14:30:00,WIX
284.35,285.96,281.19,281.82,6904,2021-02-09 14:35:00,WIX
282.335,282.38,281.06,281.98,2900,2021-02-09 14:40:00,WIX
283.51,283.945,282.04,282.96,4316,2021-02-09 14:45:00,WIX
282.22,282.555,282.22,282.555,300,2021-02-09 14:50:00,WIX
282.98,283.48,282.82,283.48,600,2021-02-09 14:55:00,WIX
283.6,284.9,283.6,283.97,4295,2021-02-09 15:00:00,WIX
284.435,284.84,283.48,284.84,9205,2021-02-09 15:05:00,WIX
283.82,284.99,283.82,284.99,2546,2021-02-09 15:10:00,WIX
284.89,285.66,284.52,285.14,3284,2021-02-09 15:15:00,WIX
285.3752,285.3752,284.18,284.18,2045,2021-02-09 15:20:00,WIX
284.295,284.51,282.43,282.89,2337,2021-02-09 15:25:00,WIX
282.87,283.38,282.24,282.93,3743,2021-02-09 15:30:00,WIX
283.73,283.73,282.81,283.02,1461,2021-02-09 15:35:00,WIX
283.31,283.31,281.5101,281.82,3435,2021-02-09 15:40:00,WIX
281.77,282.0,281.25,281.25,3920,2021-02-09 15:45:00,WIX
281.0,281.17,279.21,279.35,3909,2021-02-09 15:50:00,WIX
279.22,279.77,278.83,279.52,3723,2021-02-09 15:55:00,WIX
279.31,279.49,279.1154,279.15,2350,2021-02-09 16:00:00,WIX
279.0,280.11,278.69,279.32,5550,2021-02-09 16:05:00,WIX
279.94,280.22,278.81,278.84,2992,2021-02-09 16:10:00,WIX
278.81,279.39,278.44,279.0,2434,2021-02-09 16:15:00,WIX
278.87,278.87,277.86,278.57,2651,2021-02-09 16:20:00,WIX
278.56,278.56,277.72,278.46,2800,2021-02-09 16:25:00,WIX
278.225,280.06,277.92,280.06,8035,2021-02-09 16:30:00,WIX
280.62,281.9,280.6199,281.9,3086,2021-02-09 16:35:00,WIX
282.0,282.53,281.33,282.04,2909,2021-02-09 16:40:00,WIX
281.99,282.86,281.99,282.86,3200,2021-02-09 16:45:00,WIX
283.0,284.5,283.0,283.5584,3000,2021-02-09 16:50:00,WIX
283.82,283.93,283.1,283.1,2004,2021-02-09 16:55:00,WIX
282.885,283.48,282.885,283.47,2300,2021-02-09 17:00:00,WIX
283.88,284.4,283.88,284.4,1265,2021-02-09 17:05:00,WIX
284.27,284.53,284.04,284.53,1900,2021-02-09 17:10:00,WIX
284.67,284.87,284.56,284.87,3800,2021-02-09 17:15:00,WIX
284.73,284.74,284.47,284.735,1687,2021-02-09 17:20:00,WIX
284.63,284.96,284.63,284.89,1601,2021-02-09 17:25:00,WIX
285.18,285.97,285.09,285.51,4897,2021-02-09 17:30:00,WIX
285.495,285.62,285.495,285.62,702,2021-02-09 17:35:00,WIX
285.737,285.737,285.27,285.295,918,2021-02-09 17:40:00,WIX
285.62,285.81,285.3,285.655,1923,2021-02-09 17:45:00,WIX
285.66,285.86,285.51,285.8425,2344,2021-02-09 17:50:00,WIX
286.0,286.04,285.4,285.49,1381,2021-02-09 17:55:00,WIX
285.2,285.78,285.17,285.78,1800,2021-02-09 18:00:00,WIX
286.06,286.1,285.73,285.91,3185,2021-02-09 18:05:00,WIX
286.01,286.1,285.9,286.1,1701,2021-02-09 18:10:00,WIX
286.03,286.645,285.995,286.07,8282,2021-02-09 18:15:00,WIX
286.0,286.165,285.765,285.77,1948,2021-02-09 18:20:00,WIX
286.08,286.45,285.91,286.4,2500,2021-02-09 18:25:00,WIX
286.23,286.24,285.86,286.06,3157,2021-02-09 18:30:00,WIX
286.03,286.34,285.9,286.34,1200,2021-02-09 18:35:00,WIX
286.3519,286.7,286.12,286.535,1119,2021-02-09 18:40:00,WIX
286.39,286.5,286.065,286.25,2100,2021-02-09 18:45:00,WIX
285.91,286.72,285.8,285.8,28623,2021-02-09 18:50:00,WIX
285.78,285.78,284.515,284.87,1800,2021-02-09 18:55:00,WIX
284.7,285.31,284.7,285.23,2354,2021-02-09 19:00:00,WIX
285.16,285.16,284.54,284.83,1400,2021-02-09 19:05:00,WIX
284.87,284.87,284.34,284.68,1200,2021-02-09 19:10:00,WIX
284.66,284.66,284.14,284.31,811,2021-02-09 19:15:00,WIX
284.18,284.32,283.8503,283.8503,2309,2021-02-09 19:20:00,WIX
283.885,284.13,283.86,283.96,1200,2021-02-09 19:25:00,WIX
283.99,284.06,283.74,283.96,3100,2021-02-09 19:30:00,WIX
284.04,284.5,284.03,284.5,1600,2021-02-09 19:35:00,WIX
284.71,284.71,284.15,284.4,1600,2021-02-09 19:40:00,WIX
283.91,284.37,283.91,284.37,300,2021-02-09 19:45:00,WIX
284.16,284.48,284.0,284.39,1300,2021-02-09 19:50:00,WIX
284.5,284.6,284.16,284.16,1300,2021-02-09 19:55:00,WIX
284.44,284.535,284.16,284.535,1000,2021-02-09 20:00:00,WIX
284.67,284.9,284.4,284.88,2712,2021-02-09 20:05:00,WIX
284.96,285.11,284.86,285.01,1834,2021-02-09 20:10:00,WIX
285.14,285.31,284.78,285.31,3118,2021-02-09 20:15:00,WIX
285.035,285.22,284.06,284.06,1834,2021-02-09 20:20:00,WIX
284.56,284.56,283.34,283.34,2600,2021-02-09 20:25:00,WIX
283.48,283.68,283.32,283.32,4850,2021-02-09 20:30:00,WIX
283.2399,283.75,283.23,283.34,2050,2021-02-09 20:35:00,WIX
283.32,283.52,283.25,283.25,2400,2021-02-09 20:40:00,WIX
283.44,283.44,282.72,282.72,3425,2021-02-09 20:45:00,WIX
282.82,282.98,282.63,282.74,8000,2021-02-09 20:50:00,WIX
282.73,283.635,282.455,283.51,21563,2021-02-09 20:55:00,WIX
283.51,283.51,283.51,283.51,43371,2021-02-09 21:00:00,WIX
285.0,285.0,285.0,285.0,100,2021-02-09 23:50:00,WIX
285.0,285.0,285.0,285.0,100,2021-02-09 23:55:00,WIX
284.0,284.0,284.0,284.0,100,2021-02-10 00:05:00,WIX
284.0,284.0,284.0,284.0,100,2021-02-10 00:40:00,WIX
286.22,287.62,286.22,287.09,9256,2021-02-10 14:30:00,WIX
287.4889,289.0,286.795,288.18,4024,2021-02-10 14:35:00,WIX
288.17,289.101,287.1063,289.101,2150,2021-02-10 14:40:00,WIX
289.5,289.74,288.38,289.56,2991,2021-02-10 14:45:00,WIX
289.05,290.0,289.0,289.95,8247,2021-02-10 14:50:00,WIX
289.94,289.99,288.69,288.79,5409,2021-02-10 14:55:00,WIX
288.725,289.09,288.0,289.09,2155,2021-02-10 15:00:00,WIX
289.15,289.88,288.84,289.759,3426,2021-02-10 15:05:00,WIX
289.77,290.09,289.2001,289.47,7237,2021-02-10 15:10:00,WIX
289.23,289.97,289.13,289.35,800,2021-02-10 15:15:00,WIX
289.33,289.49,283.58,283.67,5713,2021-02-10 15:20:00,WIX
282.85,287.66,282.85,286.145,5326,2021-02-10 15:25:00,WIX
285.88,286.64,285.53,286.03,2544,2021-02-10 15:30:00,WIX
286.165,286.77,285.4,286.25,1700,2021-02-10 15:35:00,WIX
286.5435,287.5,284.71,284.71,2200,2021-02-10 15:40:00,WIX
284.62,284.62,283.58,284.03,800,2021-02-10 15:45:00,WIX
284.04,286.26,283.6818,286.26,2399,2021-02-10 15:50:00,WIX
286.25,287.065,286.25,286.96,4635,2021-02-10 15:55:00,WIX
288.72,288.8,287.07,287.07,1900,2021-02-10 16:00:00,WIX
286.84,288.754,286.84,288.682,1403,2021-02-10 16:05:00,WIX
288.76,289.98,288.67,289.98,2000,2021-02-10 16:10:00,WIX
289.97,291.87,289.97,291.01,17450,2021-02-10 16:15:00,WIX
291.58,292.5,291.24,292.49,5691,2021-02-10 16:20:00,WIX
292.5,293.3632,290.6717,291.73,9839,2021-02-10 16:25:00,WIX
291.2125,291.73,289.94,290.075,6612,2021-02-10 16:30:00,WIX
290.26,290.5,289.6443,290.5,2300,2021-02-10 16:35:00,WIX
290.39,290.85,289.87,290.486,4433,2021-02-10 16:40:00,WIX
290.0,290.25,289.31,289.926,3554,2021-02-10 16:45:00,WIX
289.31,290.213,289.18,289.915,2100,2021-02-10 16:50:00,WIX
290.217,290.79,289.98,290.07,1934,2021-02-10 16:55:00,WIX
290.04,290.375,289.3,290.345,3625,2021-02-10 17:00:00,WIX
290.47,290.86,290.05,290.57,5140,2021-02-10 17:05:00,WIX
290.215,290.82,290.09,290.78,1006,2021-02-10 17:10:00,WIX
290.92,291.941,290.92,291.735,900,2021-02-10 17:15:00,WIX
291.188,291.9,290.99,291.9,1789,2021-02-10 17:20:00,WIX
291.75,293.09,291.75,292.68,2325,2021-02-10 17:25:00,WIX
292.99,292.99,292.01,292.29,2260,2021-02-10 17:30:00,WIX
292.56,292.85,292.53,292.75,1200,2021-02-10 17:35:00,WIX
292.74,292.84,292.685,292.685,400,2021-02-10 17:40:00,WIX
292.705,293.77,292.61,293.645,1921,2021-02-10 17:45:00,WIX
293.88,293.98,293.6,293.98,600,2021-02-10 17:50:00,WIX
293.867,295.43,293.867,295.4,9644,2021-02-10 17:55:00,WIX
295.45,295.49,294.355,294.58,1811,2021-02-10 18:00:00,WIX
294.1,294.11,293.43,293.43,1109,2021-02-10 18:05:00,WIX
293.33,293.76,293.29,293.63,1700,2021-02-10 18:10:00,WIX
293.765,294.33,293.745,294.0914,1000,2021-02-10 18:15:00,WIX
294.37,295.05,294.345,294.345,2176,2021-02-10 18:20:00,WIX
294.5,294.63,294.42,294.63,713,2021-02-10 18:25:00,WIX
294.58,294.675,294.32,294.57,720,2021-02-10 18:30:00,WIX
294.37,294.37,293.99,294.132,940,2021-02-10 18:35:00,WIX
294.39,294.57,294.2184,294.28,2326,2021-02-10 18:40:00,WIX
294.36,294.79,294.0812,294.3,1921,2021-02-10 18:45:00,WIX
294.36,295.06,294.36,295.03,2170,2021-02-10 18:50:00,WIX
295.1,295.24,294.77,294.84,988,2021-02-10 18:55:00,WIX
295.04,295.15,294.815,294.945,2624,2021-02-10 19:00:00,WIX
294.7,294.93,294.2171,294.54,1700,2021-02-10 19:05:00,WIX
294.565,294.565,293.61,293.67,3110,2021-02-10 19:10:00,WIX
293.68,293.7,292.86,293.4,1900,2021-02-10 19:15:00,WIX
293.0,293.49,292.92,293.0,3337,2021-02-10 19:20:00,WIX
293.02,293.74,292.77,293.465,2400,2021-02-10 19:25:00,WIX
293.91,294.17,293.29,293.73,3308,2021-02-10 19:30:00,WIX
293.38,293.55,292.6526,292.6526,2966,2021-02-10 19:35:00,WIX
293.0,293.19,292.55,293.08,5692,2021-02-10 19:40:00,WIX
293.03,293.06,292.69,292.81,1100,2021-02-10 19:45:00,WIX
292.68,292.96,292.665,292.73,2500,2021-02-10 19:50:00,WIX
292.75,292.83,292.71,292.83,375,2021-02-10 19:55:00,WIX
292.86,293.195,292.59,293.08,2442,2021-02-10 20:00:00,WIX
293.06,293.06,292.15,292.15,2256,2021-02-10 20:05:00,WIX
292.48,292.97,291.95,292.2,3318,2021-02-10 20:10:00,WIX
291.95,292.19,291.36,291.45,900,2021-02-10 20:15:00,WIX
291.315,291.375,290.79,290.91,1400,2021-02-10 20:20:00,WIX
291.01,291.29,290.86,291.02,2540,2021-02-10 20:25:00,WIX
291.21,291.62,290.99,291.03,5978,2021-02-10 20:30:00,WIX
290.99,291.0,290.74,290.795,2200,2021-02-10 20:35:00,WIX
290.845,291.06,290.63,290.76,5077,2021-02-10 20:40:00,WIX
290.75,291.08,289.955,290.19,5197,2021-02-10 20:45:00,WIX
290.31,290.535,289.89,290.16,7242,2021-02-10 20:50:00,WIX
290.13,290.93,289.96,290.64,13766,2021-02-10 20:55:00,WIX
290.52,290.52,290.52,290.52,11749,2021-02-10 21:00:00,WIX
290.52,290.52,290.52,290.52,3279,2021-02-10 21:40:00,WIX
290.5,290.5,290.5,290.5,100,2021-02-11 13:00:00,WIX
291.01,293.58,289.88,289.88,8305,2021-02-11 14:30:00,WIX
289.86,291.79,288.54,290.0,1872,2021-02-11 14:35:00,WIX
291.74,291.74,289.1164,290.68,1923,2021-02-11 14:40:00,WIX
289.775,290.9,289.775,290.9,3550,2021-02-11 14:45:00,WIX
290.0,290.0,288.0,288.59,2496,2021-02-11 14:50:00,WIX
289.47,290.87,289.41,290.43,2185,2021-02-11 14:55:00,WIX
289.16,291.15,289.16,290.63,2554,2021-02-11 15:00:00,WIX
290.39,290.46,290.17,290.17,613,2021-02-11 15:05:00,WIX
290.5403,290.5403,290.44,290.48,2380,2021-02-11 15:10:00,WIX
290.31,290.505,290.2288,290.49,925,2021-02-11 15:15:00,WIX
290.64,290.65,290.2,290.4999,1800,2021-02-11 15:20:00,WIX
290.48,290.48,289.2,290.11,800,2021-02-11 15:25:00,WIX
289.3689,289.79,288.69,289.0,3410,2021-02-11 15:30:00,WIX
289.39,290.36,289.335,290.24,2300,2021-02-11 15:35:00,WIX
290.29,290.645,290.14,290.19,900,2021-02-11 15:40:00,WIX
290.49,290.63,290.31,290.47,1874,2021-02-11 15:45:00,WIX
290.2188,290.78,290.2188,290.78,4041,2021-02-11 15:50:00,WIX
291.22,291.478,291.05,291.478,1252,2021-02-11 15:55:00,WIX
291.16,291.47,290.865,291.1134,2000,2021-02-11 16:00:00,WIX
290.825,291.27,290.76,290.925,3300,2021-02-11 16:05:00,WIX
290.46,290.87,290.46,290.47,3017,2021-02-11 16:10:00,WIX
290.54,290.59,290.49,290.5,1000,2021-02-11 16:15:00,WIX
290.555,291.0,290.26,290.91,9277,2021-02-11 16:20:00,WIX
291.15,291.2,290.85,291.13,5074,2021-02-11 16:25:00,WIX
290.995,292.36,290.92,292.36,7941,2021-02-11 16:30:00,WIX
292.3696,293.5,292.21,292.85,4787,2021-02-11 16:35:00,WIX
293.04,293.32,292.47,292.47,3300,2021-02-11 16:40:00,WIX
292.68,294.25,292.68,294.25,6464,2021-02-11 16:45:00,WIX
294.48,295.49,294.4069,295.35,6761,2021-02-11 16:50:00,WIX
295.27,296.98,295.27,295.88,12235,2021-02-11 16:55:00,WIX
295.66,295.66,294.55,294.55,3002,2021-02-11 17:00:00,WIX
294.65,294.88,294.18,294.44,2900,2021-02-11 17:05:00,WIX
294.695,295.0,294.4,294.7,2539,2021-02-11 17:10:00,WIX
294.25,294.25,292.65,292.65,800,2021-02-11 17:15:00,WIX
292.54,292.54,292.1,292.1,1600,2021-02-11 17:20:00,WIX
291.84,291.84,290.93,291.25,3079,2021-02-11 17:25:00,WIX
291.13,291.6,290.95,291.2,2919,2021-02-11 17:30:00,WIX
291.54,292.045,291.39,292.045,1625,2021-02-11 17:35:00,WIX
291.855,291.86,291.35,291.5,2424,2021-02-11 17:40:00,WIX
291.26,292.0,290.83,292.0,1912,2021-02-11 17:45:00,WIX
292.02,292.19,291.8,291.9715,2378,2021-02-11 17:50:00,WIX
292.03,293.0,292.03,293.0,2652,2021-02-11 17:55:00,WIX
293.43,294.48,293.43,294.48,3200,2021-02-11 18:00:00,WIX
294.56,294.8,293.75,293.75,5100,2021-02-11 18:05:00,WIX
293.46,295.26,293.46,295.26,4300,2021-02-11 18:10:00,WIX
295.18,295.74,295.16,295.16,3700,2021-02-11 18:15:00,WIX
295.275,295.75,295.07,295.75,5332,2021-02-11 18:20:00,WIX
295.5,295.5,294.53,294.53,1100,2021-02-11 18:25:00,WIX
294.52,294.87,294.35,294.7,1600,2021-02-11 18:30:00,WIX
294.99,295.9423,294.99,295.9423,1831,2021-02-11 18:35:00,WIX
295.89,296.0,294.9242,294.9242,1400,2021-02-11 18:40:00,WIX
295.02,295.02,293.52,294.325,3400,2021-02-11 18:45:00,WIX
294.4048,295.02,294.23,294.68,2489,2021-02-11 18:50:00,WIX
294.2,294.53,294.2,294.42,1100,2021-02-11 18:55:00,WIX
294.23,294.31,293.455,293.87,3898,2021-02-11 19:00:00,WIX
294.03,294.7,293.97,294.45,3075,2021-02-11 19:05:00,WIX
294.245,294.51,294.01,294.4,3199,2021-02-11 19:10:00,WIX
294.38,295.0,293.94,293.94,2335,2021-02-11 19:15:00,WIX
293.765,293.9118,292.125,293.18,3275,2021-02-11 19:20:00,WIX
293.365,294.45,293.345,294.45,1400,2021-02-11 19:25:00,WIX
293.975,294.36,293.93,293.99,2784,2021-02-11 19:30:00,WIX
293.52,293.73,293.31,293.73,2100,2021-02-11 19:35:00,WIX
293.46,293.73,293.23,293.72,2300,2021-02-11 19:40:00,WIX
294.085,294.72,293.71,294.72,2000,2021-02-11 19:45:00,WIX
294.98,295.29,294.83,295.29,5263,2021-02-11 19:50:00,WIX
295.29,295.33,294.705,294.79,8199,2021-02-11 19:55:00,WIX
294.68,295.13,294.605,294.69,3400,2021-02-11 20:00:00,WIX
294.615,295.46,294.615,295.1,2845,2021-02-11 20:05:00,WIX
295.07,295.64,295.07,295.19,4400,2021-02-11 20:10:00,WIX
295.05,295.09,294.57,294.76,5452,2021-02-11 20:15:00,WIX
294.755,295.08,294.55,295.08,6928,2021-02-11 20:20:00,WIX
295.12,295.52,294.6,294.62,4845,2021-02-11 20:25:00,WIX
294.55,294.73,294.36,294.73,3844,2021-02-11 20:30:00,WIX
294.57,294.64,294.33,294.43,5200,2021-02-11 20:35:00,WIX
294.42,294.62,294.3,294.52,6034,2021-02-11 20:40:00,WIX
294.63,295.18,294.5,295.03,6904,2021-02-11 20:45:00,WIX
295.03,295.24,294.33,295.22,15687,2021-02-11 20:50:00,WIX
295.29,296.12,295.08,296.0075,28313,2021-02-11 20:55:00,WIX
295.81,295.81,295.81,295.81,50083,2021-02-11 21:00:00,WIX
296.0,296.0,296.0,296.0,300,2021-02-11 21:40:00,WIX
295.81,295.81,295.81,295.81,7519,2021-02-11 22:00:00,WIX
295.19,295.75,292.11,292.11,6448,2021-02-12 14:30:00,WIX
293.61,295.5284,292.08,295.5284,3048,2021-02-12 14:35:00,WIX
295.19,295.77,295.0,295.0,3700,2021-02-12 14:40:00,WIX
295.29,295.3,294.41,294.41,6728,2021-02-12 14:45:00,WIX
294.495,295.46,294.43,295.12,6116,2021-02-12 14:50:00,WIX
295.5,295.55,294.5,294.5,6266,2021-02-12 14:55:00,WIX
294.88,295.625,294.54,294.61,2440,2021-02-12 15:00:00,WIX
294.64,295.0,293.77,294.09,800,2021-02-12 15:05:00,WIX
294.0,294.585,293.535,293.535,2150,2021-02-12 15:10:00,WIX
293.51,293.95,292.86,293.27,2070,2021-02-12 15:15:00,WIX
293.9,294.2,293.13,294.19,688,2021-02-12 15:20:00,WIX
294.15,294.77,293.21,293.88,2850,2021-02-12 15:25:00,WIX
293.445,293.445,292.93,293.11,1660,2021-02-12 15:30:00,WIX
293.22,293.43,292.97,293.43,900,2021-02-12 15:35:00,WIX
293.69,293.71,293.41,293.41,1200,2021-02-12 15:40:00,WIX
293.8,293.8,293.0905,293.0905,2771,2021-02-12 15:45:00,WIX
293.3628,293.48,292.56,292.82,2879,2021-02-12 15:50:00,WIX
292.83,292.95,291.62,291.995,3234,2021-02-12 15:55:00,WIX
292.2358,292.2358,291.155,291.155,4400,2021-02-12 16:00:00,WIX
291.11,291.32,290.88,291.0,4126,2021-02-12 16:05:00,WIX
291.11,292.08,291.11,291.77,11963,2021-02-12 16:10:00,WIX
291.95,292.16,291.64,292.16,2506,2021-02-12 16:15:00,WIX
292.17,293.24,292.1,293.24,6500,2021-02-12 16:20:00,WIX
293.48,294.98,293.48,294.98,2001,2021-02-12 16:25:00,WIX
294.98,295.01,294.72,294.865,3394,2021-02-12 16:30:00,WIX
294.7814,295.075,294.44,294.7,4102,2021-02-12 16:35:00,WIX
294.68,294.87,294.235,294.235,1171,2021-02-12 16:40:00,WIX
294.42,295.11,294.155,295.0,3153,2021-02-12 16:45:00,WIX
294.805,295.0,294.48,294.58,2100,2021-02-12 16:50:00,WIX
294.68,295.0,294.59,294.66,700,2021-02-12 16:55:00,WIX
294.66,295.21,294.66,295.16,1600,2021-02-12 17:00:00,WIX
295.105,295.23,294.68,294.9,2146,2021-02-12 17:05:00,WIX
294.9,295.01,294.51,295.01,1511,2021-02-12 17:10:00,WIX
294.96,294.96,294.48,294.82,2831,2021-02-12 17:15:00,WIX
294.7,295.37,294.7,295.35,3704,2021-02-12 17:20:00,WIX
295.235,295.235,295.0,295.045,1249,2021-02-12 17:25:00,WIX
294.57,294.74,294.281,294.73,975,2021-02-12 17:30:00,WIX
294.74,295.29,294.74,295.05,3259,2021-02-12 17:35:00,WIX
294.89,295.09,294.79,295.0,2100,2021-02-12 17:40:00,WIX
294.87,295.24,294.59,294.915,3166,2021-02-12 17:45:00,WIX
294.92,294.92,294.58,294.58,1799,2021-02-12 17:50:00,WIX
294.795,295.2,294.795,295.085,3400,2021-02-12 17:55:00,WIX
295.1999,295.1999,294.27,294.27,3721,2021-02-12 18:00:00,WIX
294.26,294.49,294.0419,294.205,1319,2021-02-12 18:05:00,WIX
294.2,294.2,293.45,293.45,2432,2021-02-12 18:10:00,WIX
293.66,294.38,293.345,293.53,2505,2021-02-12 18:15:00,WIX
294.09,294.33,294.0,294.0,1000,2021-02-12 18:20:00,WIX
293.9,294.05,293.83,294.0,1681,2021-02-12 18:25:00,WIX
294.0,294.21,293.97,293.99,2403,2021-02-12 18:30:00,WIX
294.13,294.13,293.96,294.02,561,2021-02-12 18:35:00,WIX
294.12,294.12,293.58,293.58,5380,2021-02-12 18:40:00,WIX
293.51,293.66,293.355,293.355,1704,2021-02-12 18:45:00,WIX
293.35,293.47,293.16,293.2,2050,2021-02-12 18:50:00,WIX
293.08,293.08,292.03,292.03,2050,2021-02-12 18:55:00,WIX
292.08,292.18,291.61,291.88,5580,2021-02-12 19:00:00,WIX
291.7,292.17,291.29,292.15,3001,2021-02-12 19:05:00,WIX
292.0,292.42,291.92,292.15,1772,2021-02-12 19:10:00,WIX
292.02,292.02,292.02,292.02,217,2021-02-12 19:15:00,WIX
292.0,292.44,291.96,292.27,3102,2021-02-12 19:20:00,WIX
292.2,292.35,292.15,292.15,3507,2021-02-12 19:25:00,WIX
292.22,292.6288,292.22,292.6288,1600,2021-02-12 19:30:00,WIX
292.61,292.86,292.56,292.715,2344,2021-02-12 19:35:00,WIX
292.5701,293.14,292.5701,293.14,3678,2021-02-12 19:40:00,WIX
292.97,293.0,292.8,292.8,1070,2021-02-12 19:45:00,WIX
292.8,293.01,292.71,292.81,2461,2021-02-12 19:50:00,WIX
293.01,293.19,292.895,293.08,2440,2021-02-12 19:55:00,WIX
292.81,293.1,292.76,292.79,1852,2021-02-12 20:00:00,WIX
292.77,292.82,292.16,292.16,1800,2021-02-12 20:05:00,WIX
292.06,292.12,291.74,291.74,1960,2021-02-12 20:10:00,WIX
291.75,291.76,291.0,291.0,1317,2021-02-12 20:15:00,WIX
290.815,290.99,290.54,290.96,1947,2021-02-12 20:20:00,WIX
290.845,292.47,290.71,292.47,14818,2021-02-12 20:25:00,WIX
292.15,293.21,292.12,293.21,4918,2021-02-12 20:30:00,WIX
293.2,293.21,293.0,293.12,3377,2021-02-12 20:35:00,WIX
292.82,293.1,291.75,291.98,8402,2021-02-12 20:40:00,WIX
291.98,293.605,291.98,293.605,2309,2021-02-12 20:45:00,WIX
293.11,293.48,292.22,292.28,10609,2021-02-12 20:50:00,WIX
292.27,293.22,291.85,292.7,32647,2021-02-12 20:55:00,WIX
292.81,292.81,292.81,292.81,32086,2021-02-12 21:00:00,WIX
292.81,292.81,292.81,292.81,17166,2021-02-12 22:10:00,WIX
293.89,293.89,293.58,293.58,600,2021-02-16 14:25:00,WIX
294.66,297.2,290.85,290.85,22963,2021-02-16 14:30:00,WIX
291.1,291.92,288.915,289.66,12456,2021-02-16 14:35:00,WIX
289.37,289.95,286.4783,287.61,13244,2021-02-16 14:40:00,WIX
287.77,288.92,286.815,287.57,9902,2021-02-16 14:45:00,WIX
287.36,288.47,287.11,287.6,4500,2021-02-16 14:50:00,WIX
287.28,288.75,287.16,287.895,3900,2021-02-16 14:55:00,WIX
287.56,288.19,286.58,286.59,5506,2021-02-16 15:00:00,WIX
287.22,288.8,287.22,288.625,4767,2021-02-16 15:05:00,WIX
288.63,288.63,287.01,287.95,7896,2021-02-16 15:10:00,WIX
287.945,288.94,287.37,288.37,13078,2021-02-16 15:15:00,WIX
288.395,288.405,286.875,286.875,1850,2021-02-16 15:20:00,WIX
287.14,288.39,287.14,287.87,6409,2021-02-16 15:25:00,WIX
286.88,288.0,286.47,288.0,4241,2021-02-16 15:30:00,WIX
287.42,287.78,286.375,286.4,1493,2021-02-16 15:35:00,WIX
286.21,286.3093,285.01,285.6,6210,2021-02-16 15:40:00,WIX
285.505,286.61,285.075,286.08,4181,2021-02-16 15:45:00,WIX
286.39,286.86,284.46,284.495,3818,2021-02-16 15:50:00,WIX
284.38,285.85,284.08,284.57,3327,2021-02-16 15:55:00,WIX
284.665,284.79,284.06,284.47,11700,2021-02-16 16:00:00,WIX
284.43,285.33,284.43,285.11,7139,2021-02-16 16:05:00,WIX
285.28,286.25,285.25,286.03,3705,2021-02-16 16:10:00,WIX
286.08,287.55,286.08,287.54,10771,2021-02-16 16:15:00,WIX
287.3492,288.46,287.3492,287.72,9220,2021-02-16 16:20:00,WIX
287.61,287.76,286.75,287.28,5951,2021-02-16 16:25:00,WIX
287.195,287.195,285.68,286.11,8365,2021-02-16 16:30:00,WIX
286.1,286.1,284.34,284.76,2950,2021-02-16 16:35:00,WIX
284.35,284.6,283.53,284.18,5554,2021-02-16 16:40:00,WIX
283.69,283.7,282.2,282.3,6096,2021-02-16 16:45:00,WIX
282.3,282.86,281.49,282.4,7548,2021-02-16 16:50:00,WIX
282.605,283.17,282.15,282.86,4952,2021-02-16 16:55:00,WIX
282.79,284.01,282.62,283.105,7602,2021-02-16 17:00:00,WIX
283.07,283.07,280.24,281.0901,6326,2021-02-16 17:05:00,WIX
280.6698,282.49,280.64,282.49,3910,2021-02-16 17:10:00,WIX
282.58,284.08,282.2,283.89,6768,2021-02-16 17:15:00,WIX
283.455,284.28,283.455,284.035,4064,2021-02-16 17:20:00,WIX
284.04,284.36,282.65,283.18,7250,2021-02-16 17:25:00,WIX
283.19,283.335,282.315,283.045,4922,2021-02-16 17:30:00,WIX
283.21,283.35,282.33,282.34,1750,2021-02-16 17:35:00,WIX
281.69,282.76,281.47,282.59,8200,2021-02-16 17:40:00,WIX
282.47,284.68,282.44,284.03,6786,2021-02-16 17:45:00,WIX
284.29,284.29,283.59,284.2,6477,2021-02-16 17:50:00,WIX
284.56,284.72,284.05,284.32,3697,2021-02-16 17:55:00,WIX
284.2875,285.86,284.15,285.86,5561,2021-02-16 18:00:00,WIX
285.645,286.41,285.5,285.53,3600,2021-02-16 18:05:00,WIX
285.53,285.91,285.02,285.02,3300,2021-02-16 18:10:00,WIX
284.95,286.38,284.91,286.02,6800,2021-02-16 18:15:00,WIX
285.94,285.95,285.29,285.29,2600,2021-02-16 18:20:00,WIX
285.06,285.34,284.76,285.34,6486,2021-02-16 18:25:00,WIX
285.18,285.3699,283.8,284.47,4200,2021-02-16 18:30:00,WIX
284.4,284.4,283.84,283.84,3201,2021-02-16 18:35:00,WIX
283.87,283.87,282.56,283.64,5095,2021-02-16 18:40:00,WIX
283.17,284.18,283.17,284.18,8528,2021-02-16 18:45:00,WIX
283.91,283.91,283.18,283.3,2300,2021-02-16 18:50:00,WIX
283.28,283.75,282.06,283.18,6282,2021-02-16 18:55:00,WIX
282.865,284.16,282.865,283.75,3800,2021-02-16 19:00:00,WIX
283.98,284.93,283.95,284.59,2700,2021-02-16 19:05:00,WIX
284.29,284.69,283.92,284.25,3300,2021-02-16 19:10:00,WIX
284.465,284.465,283.26,283.3,2519,2021-02-16 19:15:00,WIX
283.57,283.87,283.01,283.4599,3300,2021-02-16 19:20:00,WIX
283.1,283.17,282.72,283.12,3179,2021-02-16 19:25:00,WIX
282.76,283.16,282.32,282.98,4200,2021-02-16 19:30:00,WIX
282.8,284.13,282.69,284.0,6840,2021-02-16 19:35:00,WIX
283.8,284.225,283.47,283.47,2300,2021-02-16 19:40:00,WIX
283.6,284.03,283.21,284.03,6959,2021-02-16 19:45:00,WIX
283.955,283.955,282.81,283.16,4226,2021-02-16 19:50:00,WIX
283.18,283.36,282.27,282.54,1900,2021-02-16 19:55:00,WIX
282.34,282.68,281.52,281.64,8071,2021-02-16 20:00:00,WIX
281.715,281.79,280.97,281.39,4901,2021-02-16 20:05:00,WIX
281.47,281.47,280.13,280.13,6852,2021-02-16 20:10:00,WIX
280.31,280.5899,279.85,280.06,11351,2021-02-16 20:15:00,WIX
280.05,280.29,279.26,280.2,12210,2021-02-16 20:20:00,WIX
280.23,280.4399,279.31,280.09,11295,2021-02-16 20:25:00,WIX
280.13,280.59,279.98,280.59,7885,2021-02-16 20:30:00,WIX
280.525,280.77,280.18,280.34,11000,2021-02-16 20:35:00,WIX
280.28,280.36,279.55,280.15,10241,2021-02-16 20:40:00,WIX
280.15,280.8038,280.025,280.15,10848,2021-02-16 20:45:00,WIX
280.37,280.5,279.57,279.65,29543,2021-02-16 20:50:00,WIX
279.58,280.06,278.53,279.45,31449,2021-02-16 20:55:00,WIX
279.46,279.46,279.46,279.46,32435,2021-02-16 21:00:00,WIX
279.46,280.5799,279.46,280.5799,5681,2021-02-16 21:45:00,WIX
279.46,279.46,279.46,279.46,18054,2021-02-16 21:55:00,WIX
280.58,280.58,280.58,280.58,200,2021-02-16 22:25:00,WIX
280.5799,280.5799,280.5799,280.5799,150,2021-02-16 22:35:00,WIX
280.1,280.1,280.1,280.1,679,2021-02-16 23:55:00,WIX
280.0,280.0,280.0,280.0,100,2021-02-17 00:05:00,WIX
279.75,279.75,279.75,279.75,100,2021-02-17 00:15:00,WIX
280.0,280.0,280.0,280.0,300,2021-02-17 00:50:00,WIX
279.0,279.0,279.0,279.0,100,2021-02-17 09:30:00,WIX
299.22,299.22,299.22,299.22,100,2021-02-17 10:00:00,WIX
295.91,295.91,295.91,295.91,100,2021-02-17 11:15:00,WIX
296.66,296.66,295.56,295.56,237,2021-02-17 11:35:00,WIX
295.56,295.56,295.56,295.56,829,2021-02-17 11:50:00,WIX
295.0,295.0,294.0,294.0,1215,2021-02-17 12:10:00,WIX
292.0,293.4,292.0,293.4,900,2021-02-17 12:15:00,WIX
292.83,295.0,292.83,295.0,734,2021-02-17 12:20:00,WIX
295.0,295.12,295.0,295.12,848,2021-02-17 12:25:00,WIX
295.0,295.27,295.0,295.0,2588,2021-02-17 12:30:00,WIX
290.0,290.0,290.0,290.0,400,2021-02-17 12:40:00,WIX
290.785,291.5,290.785,291.5,500,2021-02-17 12:55:00,WIX
291.0,291.0,291.0,291.0,100,2021-02-17 13:00:00,WIX
291.0,291.0,290.05,290.19,551,2021-02-17 13:05:00,WIX
290.85,290.85,290.0,290.0,2478,2021-02-17 13:50:00,WIX
290.2,290.2,290.2,290.2,109,2021-02-17 14:00:00,WIX
291.0,291.0,291.0,291.0,100,2021-02-17 14:05:00,WIX
292.0,292.0,292.0,292.0,431,2021-02-17 14:20:00,WIX
292.0,292.06,292.0,292.06,600,2021-02-17 14:25:00,WIX
292.29,293.0,283.01,283.01,58863,2021-02-17 14:30:00,WIX
283.24,285.7199,275.01,283.0,77065,2021-02-17 14:35:00,WIX
282.385,286.53,281.475,284.86,45889,2021-02-17 14:40:00,WIX
285.245,290.91,284.0,288.67,69530,2021-02-17 14:45:00,WIX
289.99,294.33,288.09,289.74,48656,2021-02-17 14:50:00,WIX
290.0,290.0,283.92,286.0,30084,2021-02-17 14:55:00,WIX
286.0,288.0,282.9456,283.655,20320,2021-02-17 15:00:00,WIX
284.42,290.0,284.39,287.72,15589,2021-02-17 15:05:00,WIX
287.3132,290.97,287.3132,290.09,41745,2021-02-17 15:10:00,WIX
289.7868,293.0,289.72,291.335,51625,2021-02-17 15:15:00,WIX
291.325,292.97,290.12,292.525,25640,2021-02-17 15:20:00,WIX
291.99,294.37,291.35,293.4,47577,2021-02-17 15:25:00,WIX
292.365,292.365,288.69,289.95,7394,2021-02-17 15:30:00,WIX
290.165,290.91,289.94,290.415,4690,2021-02-17 15:35:00,WIX
289.94,290.465,289.145,289.145,6152,2021-02-17 15:40:00,WIX
288.69,288.69,285.9007,286.25,12110,2021-02-17 15:45:00,WIX
287.14,290.88,286.333,290.0,11413,2021-02-17 15:50:00,WIX
291.02,292.3,290.0,292.18,9407,2021-02-17 15:55:00,WIX
291.685,292.41,291.17,291.24,13225,2021-02-17 16:00:00,WIX
291.85,291.85,288.08,288.26,8814,2021-02-17 16:05:00,WIX
288.1,289.84,287.29,289.355,19915,2021-02-17 16:10:00,WIX
289.355,289.67,286.415,286.415,10220,2021-02-17 16:15:00,WIX
286.7,287.08,285.2,285.61,6905,2021-02-17 16:20:00,WIX
285.94,286.6131,284.66,285.8261,24531,2021-02-17 16:25:00,WIX
285.24,286.9,284.63,285.08,4887,2021-02-17 16:30:00,WIX
285.01,287.15,284.91,287.15,30458,2021-02-17 16:35:00,WIX
288.365,288.955,287.185,288.755,5743,2021-02-17 16:40:00,WIX
288.42,290.37,288.29,289.63,8953,2021-02-17 16:45:00,WIX
289.34,290.78,289.2,289.97,26640,2021-02-17 16:50:00,WIX
289.69,290.73,289.41,290.7,4221,2021-02-17 16:55:00,WIX
290.69,291.02,290.16,290.75,4510,2021-02-17 17:00:00,WIX
290.58,291.25,290.3,291.24,6861,2021-02-17 17:05:00,WIX
291.1,291.75,290.71,291.6,19347,2021-02-17 17:10:00,WIX
291.74,291.74,289.9,290.09,5980,2021-02-17 17:15:00,WIX
290.26,290.95,289.45,290.63,11665,2021-02-17 17:20:00,WIX
290.85,291.95,290.12,290.61,6425,2021-02-17 17:25:00,WIX
291.77,293.91,291.37,293.45,40936,2021-02-17 17:30:00,WIX
293.5,293.921,292.3,292.35,16013,2021-02-17 17:35:00,WIX
292.35,295.34,292.32,295.12,36403,2021-02-17 17:40:00,WIX
294.9,295.5,294.17,294.86,41834,2021-02-17 17:45:00,WIX
294.3,294.53,292.66,294.53,25199,2021-02-17 17:50:00,WIX
294.22,294.74,293.645,294.6699,4332,2021-02-17 17:55:00,WIX
295.0,295.44,294.0,294.0771,12136,2021-02-17 18:00:00,WIX
294.25,294.38,292.95,293.95,13493,2021-02-17 18:05:00,WIX
294.285,294.6399,292.35,292.35,4676,2021-02-17 18:10:00,WIX
292.35,293.46,292.35,293.24,6249,2021-02-17 18:15:00,WIX
293.43,293.99,292.6101,293.8047,29772,2021-02-17 18:20:00,WIX
293.545,294.56,293.04,294.56,6680,2021-02-17 18:25:00,WIX
294.9,295.2999,294.42,294.65,2221,2021-02-17 18:30:00,WIX
294.8825,295.14,294.23,294.92,4596,2021-02-17 18:35:00,WIX
295.19,295.19,294.32,294.41,2100,2021-02-17 18:40:00,WIX
294.71,296.49,294.53,295.0,67516,2021-02-17 18:45:00,WIX
294.82,295.35,294.42,295.03,28089,2021-02-17 18:50:00,WIX
295.03,295.755,294.62,295.0004,7876,2021-02-17 18:55:00,WIX
295.045,295.49,294.57,294.78,6988,2021-02-17 19:00:00,WIX
294.69,295.1636,294.32,294.785,7097,2021-02-17 19:05:00,WIX
294.66,295.64,294.66,295.345,18090,2021-02-17 19:10:00,WIX
295.345,295.6,294.72,295.105,4300,2021-02-17 19:15:00,WIX
295.1,295.31,294.34,294.85,10646,2021-02-17 19:20:00,WIX
294.79,295.62,294.46,294.47,9165,2021-02-17 19:25:00,WIX
294.635,295.19,293.56,294.11,6639,2021-02-17 19:30:00,WIX
293.83,295.0,293.83,294.82,4889,2021-02-17 19:35:00,WIX
295.0,295.0,294.42,294.81,6000,2021-02-17 19:40:00,WIX
294.8,295.19,294.38,294.3801,7348,2021-02-17 19:45:00,WIX
294.58,295.17,294.45,294.46,17700,2021-02-17 19:50:00,WIX
294.35,294.91,294.18,294.91,3954,2021-02-17 19:55:00,WIX
294.725,296.14,294.5,295.765,9239,2021-02-17 20:00:00,WIX
295.805,297.4,295.0,296.62,29457,2021-02-17 20:05:00,WIX
296.88,297.13,296.29,296.39,8215,2021-02-17 20:10:00,WIX
296.27,296.28,294.585,294.585,4740,2021-02-17 20:15:00,WIX
295.1,295.19,293.8,294.74,23593,2021-02-17 20:20:00,WIX
294.74,295.57,294.715,295.25,8653,2021-02-17 20:25:00,WIX
295.45,299.0,295.445,298.68,22080,2021-02-17 20:30:00,WIX
298.49,299.52,298.29,299.11,44472,2021-02-17 20:35:00,WIX
299.39,302.99,299.39,302.52,81351,2021-02-17 20:40:00,WIX
302.09,302.5399,299.0556,302.49,52537,2021-02-17 20:45:00,WIX
302.35,303.49,301.02,302.77,59201,2021-02-17 20:50:00,WIX
302.77,304.0,301.305,302.12,144443,2021-02-17 20:55:00,WIX
302.16,302.16,302.16,302.16,39192,2021-02-17 21:00:00,WIX
302.4,302.4,302.4,302.4,395,2021-02-17 21:10:00,WIX
302.0,302.0,302.0,302.0,200,2021-02-17 23:40:00,WIX
303.0,303.0,303.0,303.0,240,2021-02-18 00:10:00,WIX
303.5,303.5,303.5,303.5,100,2021-02-18 09:25:00,WIX
303.0,303.0,303.0,303.0,100,2021-02-18 10:25:00,WIX
302.0,302.0,302.0,302.0,272,2021-02-18 11:10:00,WIX
300.05,300.05,300.05,300.05,100,2021-02-18 13:15:00,WIX
300.186,300.186,300.05,300.05,274,2021-02-18 13:35:00,WIX
298.0,298.0,297.51,297.51,230,2021-02-18 14:15:00,WIX
296.2,302.0,296.0,300.94,25020,2021-02-18 14:30:00,WIX
301.71,309.881,300.94,307.38,34017,2021-02-18 14:35:00,WIX
307.73,312.78,306.0,312.27,30836,2021-02-18 14:40:00,WIX
312.08,318.9,310.0,317.73,32071,2021-02-18 14:45:00,WIX
318.45,324.85,315.02,324.0,48774,2021-02-18 14:50:00,WIX
324.435,326.97,320.0,321.29,31969,2021-02-18 14:55:00,WIX
320.91,324.01,320.3,321.995,316385,2021-02-18 15:00:00,WIX
322.12,327.9161,321.82,327.9161,28080,2021-02-18 15:05:00,WIX
327.325,331.0,326.66,330.525,61948,2021-02-18 15:10:00,WIX
330.33,330.92,322.33,322.33,34725,2021-02-18 15:15:00,WIX
322.59,327.5605,321.3501,327.195,30344,2021-02-18 15:20:00,WIX
327.529,327.529,320.1551,320.505,24225,2021-02-18 15:25:00,WIX
320.02,321.8623,319.38,319.38,43082,2021-02-18 15:30:00,WIX
319.885,321.44,319.885,320.94,16052,2021-02-18 15:35:00,WIX
320.425,322.65,319.37,320.17,28612,2021-02-18 15:40:00,WIX
320.27,323.3899,319.53,322.94,17257,2021-02-18 15:45:00,WIX
322.65,325.0,322.2906,325.0,7308,2021-02-18 15:50:00,WIX
324.73,326.5,324.73,326.19,21149,2021-02-18 15:55:00,WIX
326.96,327.45,324.53,324.925,28074,2021-02-18 16:00:00,WIX
324.59,325.5,322.67,323.61,24597,2021-02-18 16:05:00,WIX
324.11,326.5,324.11,326.14,15026,2021-02-18 16:10:00,WIX
326.5,329.48,326.2518,329.48,12405,2021-02-18 16:15:00,WIX
329.63,332.39,328.89,330.155,17086,2021-02-18 16:20:00,WIX
330.255,331.5,329.51,330.765,26204,2021-02-18 16:25:00,WIX
331.02,333.41,330.5414,332.81,20620,2021-02-18 16:30:00,WIX
333.055,333.77,330.6,331.49,32431,2021-02-18 16:35:00,WIX
331.4,334.47,331.4,333.99,17009,2021-02-18 16:40:00,WIX
333.85,334.18,331.36,332.45,12804,2021-02-18 16:45:00,WIX
332.86,335.79,332.33,334.31,17534,2021-02-18 16:50:00,WIX
334.255,335.64,334.03,335.53,19146,2021-02-18 16:55:00,WIX
335.53,336.17,333.5,334.11,14181,2021-02-18 17:00:00,WIX
334.11,334.77,332.9,334.77,14912,2021-02-18 17:05:00,WIX
334.54,335.7,334.5,335.28,13313,2021-02-18 17:10:00,WIX
335.01,335.87,334.5858,334.5858,19787,2021-02-18 17:15:00,WIX
334.56,334.79,333.0,334.46,19669,2021-02-18 17:20:00,WIX
334.25,338.97,333.5,337.58,58372,2021-02-18 17:25:00,WIX
336.6528,339.4,336.12,339.0001,75668,2021-02-18 17:30:00,WIX
339.2,340.71,337.61,338.94,76542,2021-02-18 17:35:00,WIX
337.99,340.72,335.68,340.4237,56338,2021-02-18 17:40:00,WIX
339.96,341.18,338.34,340.3,70228,2021-02-18 17:45:00,WIX
340.48,340.48,335.955,337.35,46481,2021-02-18 17:50:00,WIX
337.36,340.46,336.5,340.385,17070,2021-02-18 17:55:00,WIX
340.9,340.9,336.9,338.3605,31943,2021-02-18 18:00:00,WIX
338.515,340.4,338.11,340.4,17301,2021-02-18 18:05:00,WIX
340.7575,341.93,339.0,341.51,17229,2021-02-18 18:10:00,WIX
341.135,344.41,341.1,343.475,32762,2021-02-18 18:15:00,WIX
343.3875,344.86,342.535,344.505,25798,2021-02-18 18:20:00,WIX
344.505,345.48,343.805,344.94,24893,2021-02-18 18:25:00,WIX
345.1399,347.0,344.835,346.5562,45406,2021-02-18 18:30:00,WIX
345.8548,346.576,343.966,344.48,52615,2021-02-18 18:35:00,WIX
344.49,344.49,341.328,341.92,50370,2021-02-18 18:40:00,WIX
342.06,344.63,341.45,344.63,28829,2021-02-18 18:45:00,WIX
344.5781,344.77,343.57,344.485,23776,2021-02-18 18:50:00,WIX
344.61,345.9,344.32,344.915,38555,2021-02-18 18:55:00,WIX
345.11,345.11,338.0,339.14,25214,2021-02-18 19:00:00,WIX
339.09,339.4613,336.0,336.0,13958,2021-02-18 19:05:00,WIX
335.94,336.69,335.1,335.35,16244,2021-02-18 19:10:00,WIX
335.35,335.5,332.2,333.64,27303,2021-02-18 19:15:00,WIX
333.51,336.955,332.21,336.955,16096,2021-02-18 19:20:00,WIX
336.96,339.7,336.12,339.395,16203,2021-02-18 19:25:00,WIX
339.65,340.44,338.0501,339.75,21282,2021-02-18 19:30:00,WIX
339.515,341.5,339.475,341.07,22586,2021-02-18 19:35:00,WIX
341.0,343.0,340.55,343.0,25200,2021-02-18 19:40:00,WIX
343.0,343.1558,339.71,340.7,33724,2021-02-18 19:45:00,WIX
340.425,342.37,340.425,341.89,18130,2021-02-18 19:50:00,WIX
341.725,345.3999,341.7,345.09,21562,2021-02-18 19:55:00,WIX
345.09,349.39,344.66,348.705,51490,2021-02-18 20:00:00,WIX
349.0,353.15,348.72,350.075,65241,2021-02-18 20:05:00,WIX
349.6,351.67,348.7801,350.345,43101,2021-02-18 20:10:00,WIX
350.345,351.315,349.0182,349.61,35217,2021-02-18 20:15:00,WIX
349.9548,349.96,345.5,348.4567,65809,2021-02-18 20:20:00,WIX
348.72,349.67,344.715,344.715,30894,2021-02-18 20:25:00,WIX
345.0,348.15,344.63,346.9701,36908,2021-02-18 20:30:00,WIX
347.34,348.2,345.59,345.9939,37139,2021-02-18 20:35:00,WIX
345.85,346.9046,345.5,346.135,30160,2021-02-18 20:40:00,WIX
346.13,348.07,344.45,345.16,48690,2021-02-18 20:45:00,WIX
345.9,346.4578,344.98,345.01,82872,2021-02-18 20:50:00,WIX
344.985,345.54,342.57,343.72,87204,2021-02-18 20:55:00,WIX
344.12,344.12,344.12,344.12,46501,2021-02-18 21:00:00,WIX
344.12,344.12,344.12,344.12,6763,2021-02-18 21:10:00,WIX
344.12,344.12,344.12,344.12,23065,2021-02-18 21:35:00,WIX
344.12,344.12,344.12,344.12,33300,2021-02-18 21:40:00,WIX
345.0,345.0,345.0,345.0,100,2021-02-18 21:55:00,WIX
344.12,344.12,344.12,344.12,4271,2021-02-18 22:10:00,WIX
344.0,344.0,344.0,344.0,165,2021-02-18 23:00:00,WIX
344.12,344.12,344.12,344.12,283,2021-02-18 23:45:00,WIX
344.12,344.12,344.12,344.12,292,2021-02-18 23:50:00,WIX
344.12,344.12,344.12,344.12,100,2021-02-19 00:05:00,WIX
349.0,349.0,349.0,349.0,115,2021-02-19 13:55:00,WIX
345.28,347.0,345.28,347.0,645,2021-02-19 14:25:00,WIX
343.26,353.0,343.257,350.51,81209,2021-02-19 14:30:00,WIX
350.51,351.665,347.31,351.25,24859,2021-02-19 14:35:00,WIX
350.89,352.76,350.0222,351.51,44856,2021-02-19 14:40:00,WIX
351.8,355.9803,351.05,355.92,37025,2021-02-19 14:45:00,WIX
355.535,362.01,355.04,360.16,140027,2021-02-19 14:50:00,WIX
359.985,361.16,351.135,351.135,72827,2021-02-19 14:55:00,WIX
351.215,352.75,350.66,352.53,24273,2021-02-19 15:00:00,WIX
352.39,352.48,350.0301,350.63,22535,2021-02-19 15:05:00,WIX
350.635,350.97,348.61,350.38,11365,2021-02-19 15:10:00,WIX
350.5,351.76,347.39,347.91,17259,2021-02-19 15:15:00,WIX
347.75,347.75,342.77,345.06,33263,2021-02-19 15:20:00,WIX
344.4709,348.1,344.4709,347.785,11214,2021-02-19 15:25:00,WIX
348.79,349.12,348.13,349.12,32596,2021-02-19 15:30:00,WIX
348.39,349.08,347.015,347.87,10544,2021-02-19 15:35:00,WIX
347.86,349.43,347.3,349.0,4323,2021-02-19 15:40:00,WIX
349.48,352.0,348.995,349.6,22630,2021-02-19 15:45:00,WIX
350.0798,351.64,348.8087,350.015,9699,2021-02-19 15:50:00,WIX
350.065,351.49,349.05,350.58,5784,2021-02-19 15:55:00,WIX
349.975,350.58,349.17,350.16,5531,2021-02-19 16:00:00,WIX
350.6,352.5599,350.6,351.7,6671,2021-02-19 16:05:00,WIX
351.58,351.58,349.49,349.49,14600,2021-02-19 16:10:00,WIX
348.88,349.78,347.0001,349.08,6352,2021-02-19 16:15:00,WIX
349.265,349.83,347.9,349.495,3270,2021-02-19 16:20:00,WIX
349.91,349.91,349.14,349.15,4284,2021-02-19 16:25:00,WIX
349.15,350.56,349.15,350.5599,13182,2021-02-19 16:30:00,WIX
350.36,351.195,350.36,351.195,11427,2021-02-19 16:35:00,WIX
351.5,351.88,351.02,351.665,3533,2021-02-19 16:40:00,WIX
351.665,352.99,351.66,352.42,18228,2021-02-19 16:45:00,WIX
352.0,352.74,352.0,352.195,2253,2021-02-19 16:50:00,WIX
352.215,353.5,352.215,353.5,3100,2021-02-19 16:55:00,WIX
353.3,354.7951,353.09,354.59,6148,2021-02-19 17:00:00,WIX
354.735,355.445,353.18,353.18,13908,2021-02-19 17:05:00,WIX
353.73,354.36,352.915,354.36,1960,2021-02-19 17:10:00,WIX
353.9076,354.42,352.125,352.7,4100,2021-02-19 17:15:00,WIX
354.14,354.14,352.98,353.14,2430,2021-02-19 17:20:00,WIX
353.165,353.6,352.0,353.17,4811,2021-02-19 17:25:00,WIX
353.41,354.955,353.3,353.44,4245,2021-02-19 17:30:00,WIX
353.605,353.605,352.11,353.1076,4170,2021-02-19 17:35:00,WIX
352.795,353.24,352.52,353.24,2726,2021-02-19 17:40:00,WIX
353.425,354.345,352.8092,353.2,7018,2021-02-19 17:45:00,WIX
353.34,353.575,352.05,352.58,5500,2021-02-19 17:50:00,WIX
352.84,354.97,352.71,354.97,8395,2021-02-19 17:55:00,WIX
354.545,355.4049,352.6607,353.89,15616,2021-02-19 18:00:00,WIX
353.91,354.85,353.3553,353.3553,3538,2021-02-19 18:05:00,WIX
353.72,355.46,353.72,355.46,7699,2021-02-19 18:10:00,WIX
354.985,356.5109,354.985,356.36,3937,2021-02-19 18:15:00,WIX
356.36,357.5,355.89,357.5,5861,2021-02-19 18:20:00,WIX
357.59,357.59,355.65,355.65,5479,2021-02-19 18:25:00,WIX
355.84,356.55,354.02,354.475,6910,2021-02-19 18:30:00,WIX
354.475,354.48,352.7501,353.655,8681,2021-02-19 18:35:00,WIX
353.88,354.09,353.37,353.575,6200,2021-02-19 18:40:00,WIX
353.42,354.06,353.15,353.895,6284,2021-02-19 18:45:00,WIX
353.865,354.5,353.55,354.5,10958,2021-02-19 18:50:00,WIX
354.46,354.46,353.88,354.065,3383,2021-02-19 18:55:00,WIX
354.065,354.42,353.88,354.1,3800,2021-02-19 19:00:00,WIX
353.675,354.21,353.33,353.52,9266,2021-02-19 19:05:00,WIX
353.55,353.55,352.6,352.6,5907,2021-02-19 19:10:00,WIX
352.59,353.965,352.2601,353.825,3001,2021-02-19 19:15:00,WIX
354.0,354.0,353.095,353.38,2029,2021-02-19 19:20:00,WIX
353.38,354.22,353.38,353.415,3951,2021-02-19 19:25:00,WIX
353.33,354.21,353.33,354.18,5235,2021-02-19 19:30:00,WIX
354.18,355.3,354.18,354.95,4992,2021-02-19 19:35:00,WIX
354.945,354.945,353.7391,354.015,2462,2021-02-19 19:40:00,WIX
354.03,355.04,354.03,354.9,3767,2021-02-19 19:45:00,WIX
354.64,355.3,354.19,354.6808,6176,2021-02-19 19:50:00,WIX
354.495,355.69,354.495,355.45,3221,2021-02-19 19:55:00,WIX
355.61,356.37,355.61,356.21,4624,2021-02-19 20:00:00,WIX
356.215,356.635,356.01,356.01,5305,2021-02-19 20:05:00,WIX
356.21,356.21,355.09,355.11,7542,2021-02-19 20:10:00,WIX
354.985,355.1799,354.3,354.36,4712,2021-02-19 20:15:00,WIX
354.42,355.745,353.94,355.46,4886,2021-02-19 20:20:00,WIX
355.46,356.172,355.28,355.8259,3689,2021-02-19 20:25:00,WIX
355.615,355.615,354.99,355.25,7490,2021-02-19 20:30:00,WIX
355.23,356.33,354.99,356.29,6720,2021-02-19 20:35:00,WIX
356.29,356.55,354.33,354.33,36572,2021-02-19 20:40:00,WIX
354.8034,355.02,353.3634,353.745,10141,2021-02-19 20:45:00,WIX
353.97,354.91,352.21,353.12,21535,2021-02-19 20:50:00,WIX
353.33,353.45,352.07,352.66,28002,2021-02-19 20:55:00,WIX
353.09,353.09,353.09,353.09,64592,2021-02-19 21:00:00,WIX
353.09,353.09,353.09,353.09,35800,2021-02-19 21:10:00,WIX
353.09,353.09,353.09,353.09,110,2021-02-19 21:15:00,WIX
353.09,353.09,353.09,353.09,43322,2021-02-19 22:20:00,WIX
346.2,346.2,346.2,346.2,262,2021-02-22 13:55:00,WIX
345.0,347.91,341.51,341.51,37665,2021-02-22 14:30:00,WIX
342.095,346.89,341.69,346.5,10368,2021-02-22 14:35:00,WIX
346.76,346.76,341.51,345.45,18262,2021-02-22 14:40:00,WIX
345.675,346.3,344.68,345.56,18592,2021-02-22 14:45:00,WIX
345.31,348.13,345.245,346.55,5199,2021-02-22 14:50:00,WIX
346.98,348.0,346.04,346.67,4716,2021-02-22 14:55:00,WIX
346.6,348.52,345.09,348.52,10443,2021-02-22 15:00:00,WIX
349.16,349.21,347.275,347.71,4307,2021-02-22 15:05:00,WIX
348.14,348.44,342.85,343.1,11537,2021-02-22 15:10:00,WIX
343.12,345.1655,342.015,343.92,11806,2021-02-22 15:15:00,WIX
343.71,344.95,342.5101,343.85,2544,2021-02-22 15:20:00,WIX
342.8997,345.0,342.8997,343.4472,20968,2021-02-22 15:25:00,WIX
343.69,343.72,341.52,341.775,38769,2021-02-22 15:30:00,WIX
341.34,341.77,335.0,337.13,15279,2021-02-22 15:35:00,WIX
336.79,336.79,333.51,334.552,12041,2021-02-22 15:40:00,WIX
335.18,336.24,334.0538,335.0,10310,2021-02-22 15:45:00,WIX
334.99,335.845,333.22,333.22,11081,2021-02-22 15:50:00,WIX
333.0,333.2,331.1138,331.14,11130,2021-02-22 15:55:00,WIX
331.55,331.862,328.82,331.02,17098,2021-02-22 16:00:00,WIX
331.43,332.07,328.44,330.88,16145,2021-02-22 16:05:00,WIX
330.11,334.505,330.0,334.505,4789,2021-02-22 16:10:00,WIX
334.37,335.0,333.98,335.0,2500,2021-02-22 16:15:00,WIX
334.5,336.075,333.67,333.99,27288,2021-02-22 16:20:00,WIX
333.83,333.83,333.19,333.42,1583,2021-02-22 16:25:00,WIX
333.57,335.04,333.3837,334.93,11380,2021-02-22 16:30:00,WIX
334.51,337.91,334.51,337.67,15600,2021-02-22 16:35:00,WIX
337.66,339.41,337.62,338.555,7637,2021-02-22 16:40:00,WIX
338.96,338.97,336.5,336.51,6409,2021-02-22 16:45:00,WIX
336.95,339.3,336.5,338.09,67767,2021-02-22 16:50:00,WIX
338.35,338.36,337.13,337.8067,2816,2021-02-22 16:55:00,WIX
337.86,339.71,336.86,339.18,4181,2021-02-22 17:00:00,WIX
339.265,339.265,337.805,338.385,7058,2021-02-22 17:05:00,WIX
337.95,338.48,337.24,337.75,2920,2021-02-22 17:10:00,WIX
337.41,338.44,337.25,337.8641,4068,2021-02-22 17:15:00,WIX
337.2,337.54,337.005,337.41,1900,2021-02-22 17:20:00,WIX
337.41,337.7585,336.63,336.77,1520,2021-02-22 17:25:00,WIX
336.84,338.3,336.84,338.11,1559,2021-02-22 17:30:00,WIX
337.83,338.23,336.9447,337.5,1450,2021-02-22 17:35:00,WIX
337.9,338.31,337.2096,337.33,1741,2021-02-22 17:40:00,WIX
337.4,338.8,337.4,338.8,1357,2021-02-22 17:45:00,WIX
338.81,338.9893,338.81,338.9893,348,2021-02-22 17:50:00,WIX
339.62,339.7,339.0305,339.559,1563,2021-02-22 17:55:00,WIX
340.0,340.3865,338.625,338.625,4009,2021-02-22 18:00:00,WIX
338.4408,338.855,337.9023,338.46,532,2021-02-22 18:05:00,WIX
338.68,339.04,338.37,339.04,700,2021-02-22 18:10:00,WIX
338.84,339.399,338.84,339.165,1400,2021-02-22 18:15:00,WIX
339.3713,340.36,339.3713,340.22,1249,2021-02-22 18:20:00,WIX
340.3934,340.82,339.77,340.82,1100,2021-02-22 18:25:00,WIX
341.47,341.76,338.94,339.03,6018,2021-02-22 18:30:00,WIX
340.03,341.43,339.2569,341.43,22293,2021-02-22 18:35:00,WIX
341.105,343.61,341.105,343.13,7951,2021-02-22 18:40:00,WIX
343.18,343.79,343.14,343.28,2200,2021-02-22 18:45:00,WIX
343.28,344.19,343.28,343.76,7500,2021-02-22 18:50:00,WIX
344.015,344.145,343.84,344.005,1341,2021-02-22 18:55:00,WIX
344.175,344.63,343.83,343.8525,4384,2021-02-22 19:00:00,WIX
343.645,344.19,342.99,342.99,2988,2021-02-22 19:05:00,WIX
343.185,343.68,343.01,343.31,2857,2021-02-22 19:10:00,WIX
343.6,344.58,342.95,344.39,3072,2021-02-22 19:15:00,WIX
344.53,344.53,343.69,344.2898,700,2021-02-22 19:20:00,WIX
343.69,344.3,343.69,344.055,700,2021-02-22 19:25:00,WIX
344.11,344.11,343.2,343.58,1600,2021-02-22 19:30:00,WIX
343.58,343.58,342.5001,342.75,1690,2021-02-22 19:35:00,WIX
342.51,342.63,339.9311,341.06,7264,2021-02-22 19:40:00,WIX
340.65,341.03,340.51,340.865,1565,2021-02-22 19:45:00,WIX
340.55,340.55,339.645,340.0,1900,2021-02-22 19:50:00,WIX
339.84,340.24,339.42,339.98,1316,2021-02-22 19:55:00,WIX
339.955,340.96,339.775,339.855,17870,2021-02-22 20:00:00,WIX
339.8775,339.89,339.055,339.15,3375,2021-02-22 20:05:00,WIX
338.95,339.23,338.06,338.47,6400,2021-02-22 20:10:00,WIX
338.545,339.56,338.545,338.9,14200,2021-02-22 20:15:00,WIX
338.895,339.17,337.065,337.11,14400,2021-02-22 20:20:00,WIX
337.07,337.62,335.6,336.985,5918,2021-02-22 20:25:00,WIX
336.46,337.92,335.29,335.29,11002,2021-02-22 20:30:00,WIX
335.19,335.19,333.61,334.165,30700,2021-02-22 20:35:00,WIX
334.165,335.6,333.77,334.49,31606,2021-02-22 20:40:00,WIX
335.0,335.3896,334.6,335.15,52184,2021-02-22 20:45:00,WIX
334.84,335.74,334.61,334.74,37515,2021-02-22 20:50:00,WIX
334.725,335.97,334.5435,335.8,29204,2021-02-22 20:55:00,WIX
335.83,335.99,332.58,332.58,63641,2021-02-22 21:00:00,WIX
335.83,335.83,335.83,335.83,16526,2021-02-22 21:15:00,WIX
334.76,334.76,334.76,334.76,16100,2021-02-22 21:40:00,WIX
335.5,335.5,335.5,335.5,100,2021-02-22 22:50:00,WIX
338.0,338.0,338.0,338.0,263,2021-02-22 22:55:00,WIX
327.0,327.0,327.0,327.0,1000,2021-02-23 13:15:00,WIX
327.0,327.0,327.0,327.0,390,2021-02-23 13:20:00,WIX
320.0,320.0,320.0,320.0,175,2021-02-23 13:35:00,WIX
322.0,323.51,318.01,319.25,20590,2021-02-23 14:30:00,WIX
319.22,320.1399,313.1,314.76,10063,2021-02-23 14:35:00,WIX
314.81,316.59,310.29,310.48,22179,2021-02-23 14:40:00,WIX
310.315,310.5,307.11,309.475,22164,2021-02-23 14:45:00,WIX
309.485,315.57,309.06,315.57,22741,2021-02-23 14:50:00,WIX
316.03,319.98,316.03,319.91,16158,2021-02-23 14:55:00,WIX
319.94,325.0,317.6,324.97,17578,2021-02-23 15:00:00,WIX
325.58,326.0,322.03,323.2799,29623,2021-02-23 15:05:00,WIX
322.24,324.5,322.12,323.61,3895,2021-02-23 15:10:00,WIX
322.55,323.6,318.04,320.97,13585,2021-02-23 15:15:00,WIX
321.34,322.805,320.045,321.78,7878,2021-02-23 15:20:00,WIX
321.91,324.36,321.82,324.02,12508,2021-02-23 15:25:00,WIX
323.64,324.69,323.15,323.58,7847,2021-02-23 15:30:00,WIX
323.58,325.6,322.85,324.8,13212,2021-02-23 15:35:00,WIX
324.94,327.89,324.85,327.87,5690,2021-02-23 15:40:00,WIX
328.0,331.08,328.0,330.54,9397,2021-02-23 15:45:00,WIX
330.6429,331.9225,329.3701,331.9225,8542,2021-02-23 15:50:00,WIX
331.15,331.17,328.95,329.16,2289,2021-02-23 15:55:00,WIX
329.73,330.5,329.24,330.5,3292,2021-02-23 16:00:00,WIX
331.21,331.27,329.67,330.47,3084,2021-02-23 16:05:00,WIX
331.6099,332.39,331.1,332.39,2265,2021-02-23 16:10:00,WIX
332.91,332.91,330.363,330.5625,3000,2021-02-23 16:15:00,WIX
331.0,331.0,327.76,327.76,6325,2021-02-23 16:20:00,WIX
328.13,328.81,327.09,328.81,1379,2021-02-23 16:25:00,WIX
329.52,331.01,328.05,329.4701,5700,2021-02-23 16:30:00,WIX
330.215,332.45,329.68,331.705,20880,2021-02-23 16:35:00,WIX
331.05,331.835,328.0762,328.14,5866,2021-02-23 16:40:00,WIX
328.12,329.04,327.51,329.04,2816,2021-02-23 16:45:00,WIX
329.47,331.47,328.88,329.47,3150,2021-02-23 16:50:00,WIX
329.775,330.05,328.16,328.16,1400,2021-02-23 16:55:00,WIX
326.9112,327.215,326.9112,327.12,400,2021-02-23 17:00:00,WIX
327.7,328.2,327.205,327.21,1756,2021-02-23 17:05:00,WIX
327.27,327.31,325.04,325.95,6347,2021-02-23 17:10:00,WIX
326.15,328.4,325.5074,327.905,6164,2021-02-23 17:15:00,WIX
327.84,329.99,327.84,328.56,5395,2021-02-23 17:20:00,WIX
329.125,330.45,329.125,330.45,2000,2021-02-23 17:25:00,WIX
329.98,330.9399,328.985,328.99,2319,2021-02-23 17:30:00,WIX
328.71,328.73,327.715,328.51,900,2021-02-23 17:35:00,WIX
328.3219,329.605,328.0,328.0,20651,2021-02-23 17:40:00,WIX
327.865,328.61,326.97,327.99,6208,2021-02-23 17:45:00,WIX
327.8,331.51,327.53,329.91,21709,2021-02-23 17:50:00,WIX
329.89,330.97,328.885,330.05,20425,2021-02-23 17:55:00,WIX
330.05,332.98,329.99,332.98,9192,2021-02-23 18:00:00,WIX
332.73,333.515,332.49,332.68,3877,2021-02-23 18:05:00,WIX
332.9,334.0,332.58,333.61,5273,2021-02-23 18:10:00,WIX
333.17,334.15,332.84,333.31,10287,2021-02-23 18:15:00,WIX
333.275,335.45,333.09,335.21,17498,2021-02-23 18:20:00,WIX
335.69,336.305,335.36,335.36,6551,2021-02-23 18:25:00,WIX
335.8188,335.8188,334.285,335.175,1515,2021-02-23 18:30:00,WIX
335.51,335.51,334.47,334.9,1600,2021-02-23 18:35:00,WIX
334.985,335.39,333.85,333.85,3065,2021-02-23 18:40:00,WIX
334.365,334.4,333.055,333.6,2903,2021-02-23 18:45:00,WIX
333.01,333.69,332.15,333.3,7877,2021-02-23 18:50:00,WIX
333.12,335.87,333.12,335.87,3476,2021-02-23 18:55:00,WIX
335.03,337.36,335.02,336.48,10556,2021-02-23 19:00:00,WIX
336.54,336.54,335.195,335.195,4600,2021-02-23 19:05:00,WIX
334.82,335.15,334.365,334.615,1600,2021-02-23 19:10:00,WIX
334.25,334.565,332.86,332.98,2668,2021-02-23 19:15:00,WIX
332.98,336.83,332.98,336.54,15820,2021-02-23 19:20:00,WIX
336.0,337.3896,335.96,336.97,2063,2021-02-23 19:25:00,WIX
337.09,337.67,336.5101,336.96,2700,2021-02-23 19:30:00,WIX
337.33,337.5446,336.34,336.98,3281,2021-02-23 19:35:00,WIX
336.985,338.5757,336.965,338.45,6071,2021-02-23 19:40:00,WIX
337.915,338.8,336.485,336.485,2700,2021-02-23 19:45:00,WIX
337.11,337.24,336.2213,337.24,5470,2021-02-23 19:50:00,WIX
336.92,337.43,335.85,337.005,14573,2021-02-23 19:55:00,WIX
337.17,338.24,336.32,338.24,7419,2021-02-23 20:00:00,WIX
337.92,338.98,337.92,338.58,4827,2021-02-23 20:05:00,WIX
338.605,339.79,337.89,338.205,3812,2021-02-23 20:10:00,WIX
338.57,339.375,338.06,339.375,5500,2021-02-23 20:15:00,WIX
339.625,341.195,339.365,340.67,8609,2021-02-23 20:20:00,WIX
340.7,341.885,340.445,341.81,13021,2021-02-23 20:25:00,WIX
341.93,342.915,341.3,341.3,8308,2021-02-23 20:30:00,WIX
341.53,344.55,341.53,343.68,10485,2021-02-23 20:35:00,WIX
344.05,344.5,342.475,343.0,24002,2021-02-23 20:40:00,WIX
343.0,343.03,340.2392,341.21,19685,2021-02-23 20:45:00,WIX
341.4,341.43,337.01,339.445,39855,2021-02-23 20:50:00,WIX
339.665,340.99,337.55,338.4,72626,2021-02-23 20:55:00,WIX
339.11,339.11,339.11,339.11,40798,2021-02-23 21:00:00,WIX
339.11,339.11,339.11,339.11,13803,2021-02-23 21:05:00,WIX
338.0,338.0,338.0,338.0,200,2021-02-23 21:15:00,WIX
339.11,339.11,339.11,339.11,16500,2021-02-23 21:35:00,WIX
339.11,339.11,339.11,339.11,24716,2021-02-23 22:10:00,WIX
336.86,337.4,334.62,334.7,12359,2021-02-24 14:30:00,WIX
333.3,333.465,327.56,333.465,4387,2021-02-24 14:35:00,WIX
334.24,334.52,331.375,332.16,1520,2021-02-24 14:40:00,WIX
331.8687,335.8732,331.8687,334.72,1653,2021-02-24 14:45:00,WIX
333.61,336.1499,333.56,336.1499,2900,2021-02-24 14:50:00,WIX
335.25,335.7821,333.02,333.02,1802,2021-02-24 14:55:00,WIX
333.53,333.63,330.0,331.63,20913,2021-02-24 15:00:00,WIX
330.84,335.0,330.54,332.92,5514,2021-02-24 15:05:00,WIX
333.09,333.09,329.91,331.46,6677,2021-02-24 15:10:00,WIX
330.8,332.0,330.7,331.165,3300,2021-02-24 15:15:00,WIX
330.87,331.54,329.36,330.5,6080,2021-02-24 15:20:00,WIX
331.24,333.03,331.1806,333.03,2500,2021-02-24 15:25:00,WIX
332.67,332.755,331.86,332.5,1000,2021-02-24 15:30:00,WIX
333.08,334.39,333.0,334.39,3800,2021-02-24 15:35:00,WIX
334.31,334.425,332.51,332.925,1700,2021-02-24 15:40:00,WIX
333.715,336.4,333.12,336.03,3810,2021-02-24 15:45:00,WIX
335.84,337.41,335.22,336.73,5600,2021-02-24 15:50:00,WIX
337.27,339.14,337.16,338.33,2735,2021-02-24 15:55:00,WIX
338.73,339.125,337.7553,337.9,1360,2021-02-24 16:00:00,WIX
338.2,339.45,338.11,338.4968,4777,2021-02-24 16:05:00,WIX
339.26,342.1,338.55,342.1,2872,2021-02-24 16:10:00,WIX
341.33,341.9,340.12,341.4,4689,2021-02-24 16:15:00,WIX
341.2,341.2,339.74,340.9,800,2021-02-24 16:20:00,WIX
341.11,341.775,340.438,340.438,1722,2021-02-24 16:25:00,WIX
340.62,341.01,340.47,340.775,1087,2021-02-24 16:30:00,WIX
340.49,340.83,338.88,339.415,2942,2021-02-24 16:35:00,WIX
339.305,340.4,337.79,340.4,10832,2021-02-24 16:40:00,WIX
340.295,340.93,339.46,339.8,5620,2021-02-24 16:45:00,WIX
340.385,343.39,339.41,342.02,25604,2021-02-24 16:50:00,WIX
340.84,344.4,340.84,343.51,4945,2021-02-24 16:55:00,WIX
344.04,345.57,343.8,345.47,23816,2021-02-24 17:00:00,WIX
345.31,345.59,344.33,345.0,3629,2021-02-24 17:05:00,WIX
344.965,345.0,344.36,344.36,9052,2021-02-24 17:10:00,WIX
344.65,345.0,343.8925,343.8925,6103,2021-02-24 17:15:00,WIX
344.0,344.0,341.6167,341.85,5007,2021-02-24 17:20:00,WIX
341.36,341.64,340.59,340.935,6521,2021-02-24 17:25:00,WIX
341.075,342.71,340.59,342.5,2892,2021-02-24 17:30:00,WIX
343.315,343.315,342.4,342.72,2400,2021-02-24 17:35:00,WIX
342.04,342.805,342.02,342.385,600,2021-02-24 17:40:00,WIX
341.88,342.26,341.1,341.1,1603,2021-02-24 17:45:00,WIX
341.51,341.62,340.565,340.565,1764,2021-02-24 17:50:00,WIX
340.04,340.04,340.04,340.04,100,2021-02-24 17:55:00,WIX
340.15,340.34,338.44,338.45,12965,2021-02-24 18:00:00,WIX
338.855,340.26,338.855,340.26,3079,2021-02-24 18:05:00,WIX
340.86,341.59,340.145,341.59,11900,2021-02-24 18:10:00,WIX
342.52,342.6,341.69,342.59,1200,2021-02-24 18:15:00,WIX
342.21,343.9894,342.15,343.9894,14933,2021-02-24 18:20:00,WIX
344.0692,344.82,344.0692,344.67,3210,2021-02-24 18:25:00,WIX
344.2,344.84,343.64,344.355,950,2021-02-24 18:30:00,WIX
343.72,343.72,342.89,343.34,1061,2021-02-24 18:40:00,WIX
343.0,343.66,342.9,343.48,1050,2021-02-24 18:45:00,WIX
343.905,343.92,343.41,343.74,1716,2021-02-24 18:50:00,WIX
342.6666,343.65,342.52,343.03,1500,2021-02-24 18:55:00,WIX
343.52,344.73,343.52,344.72,2600,2021-02-24 19:00:00,WIX
344.78,344.78,343.55,343.925,2963,2021-02-24 19:05:00,WIX
344.35,344.44,343.42,343.42,3407,2021-02-24 19:10:00,WIX
343.81,344.49,343.81,344.49,600,2021-02-24 19:15:00,WIX
344.67,346.32,344.67,345.66,17369,2021-02-24 19:20:00,WIX
347.34,347.52,346.605,347.52,1100,2021-02-24 19:25:00,WIX
347.4,347.4,346.74,346.93,1225,2021-02-24 19:30:00,WIX
346.92,347.8,346.5,347.285,1300,2021-02-24 19:35:00,WIX
346.77,347.61,346.68,347.0306,2144,2021-02-24 19:40:00,WIX
347.03,348.4,347.03,347.85,19040,2021-02-24 19:45:00,WIX
348.24,349.0,347.5,347.62,38274,2021-02-24 19:50:00,WIX
347.5,348.84,347.485,348.82,5275,2021-02-24 19:55:00,WIX
348.8,349.97,348.8,349.91,4742,2021-02-24 20:00:00,WIX
349.86,349.86,348.8,349.765,2700,2021-02-24 20:05:00,WIX
349.71,350.0,349.08,349.395,3635,2021-02-24 20:10:00,WIX
349.75,349.75,349.0301,349.0301,1867,2021-02-24 20:15:00,WIX
349.65,349.76,348.46,349.44,4100,2021-02-24 20:20:00,WIX
348.76,351.6,348.72,351.6,6367,2021-02-24 20:25:00,WIX
350.9,351.82,350.58,351.45,3300,2021-02-24 20:30:00,WIX
351.295,351.65,350.77,351.16,4468,2021-02-24 20:35:00,WIX
351.0625,351.505,350.51,351.01,8665,2021-02-24 20:40:00,WIX
351.125,351.78,350.77,351.705,7969,2021-02-24 20:45:00,WIX
351.26,354.225,351.26,352.73,25373,2021-02-24 20:50:00,WIX
352.27,352.61,350.93,350.99,18926,2021-02-24 20:55:00,WIX
351.17,351.17,351.17,351.17,36987,2021-02-24 21:00:00,WIX
346.085,356.6373,346.075,354.255,18150,2021-02-25 14:30:00,WIX
355.51,359.43,352.97,358.98,5875,2021-02-25 14:35:00,WIX
357.42,360.13,351.63,351.63,7340,2021-02-25 14:40:00,WIX
351.21,357.37,349.48,354.6892,7211,2021-02-25 14:45:00,WIX
354.295,357.3,354.295,355.02,7776,2021-02-25 14:50:00,WIX
355.45,356.99,353.67,354.16,4797,2021-02-25 14:55:00,WIX
354.335,354.99,351.05,353.815,4906,2021-02-25 15:00:00,WIX
353.71,354.64,352.4364,353.24,1473,2021-02-25 15:05:00,WIX
353.21,353.46,350.81,351.43,2912,2021-02-25 15:10:00,WIX
351.39,351.94,348.03,348.26,7957,2021-02-25 15:15:00,WIX
349.51,351.51,349.5,351.34,1525,2021-02-25 15:20:00,WIX
349.89,349.89,347.49,347.49,3300,2021-02-25 15:25:00,WIX
348.16,349.05,346.55,346.7,3863,2021-02-25 15:30:00,WIX
346.63,347.7,345.66,346.81,4240,2021-02-25 15:35:00,WIX
346.91,347.22,345.6001,346.49,2500,2021-02-25 15:40:00,WIX
345.84,345.84,342.87,343.685,5899,2021-02-25 15:45:00,WIX
343.45,345.56,343.45,345.33,1856,2021-02-25 15:50:00,WIX
345.54,349.425,345.54,349.425,300,2021-02-25 15:55:00,WIX
349.13,349.13,347.5,348.03,1951,2021-02-25 16:00:00,WIX
347.86,350.82,347.86,349.73,2300,2021-02-25 16:05:00,WIX
350.15,350.15,348.19,348.19,1800,2021-02-25 16:10:00,WIX
347.83,348.92,346.73,348.45,1003,2021-02-25 16:15:00,WIX
348.91,350.08,346.17,348.27,2310,2021-02-25 16:20:00,WIX
347.23,348.22,346.19,346.32,1412,2021-02-25 16:25:00,WIX
346.47,347.07,344.43,344.43,2815,2021-02-25 16:30:00,WIX
345.11,346.5,344.09,346.5,4668,2021-02-25 16:35:00,WIX
346.39,346.39,344.72,344.72,500,2021-02-25 16:40:00,WIX
345.0,345.0,343.29,343.29,1745,2021-02-25 16:45:00,WIX
343.0,344.7,342.0,343.875,6662,2021-02-25 16:50:00,WIX
343.98,344.18,343.535,344.01,1280,2021-02-25 16:55:00,WIX
343.07,343.07,340.83,341.9429,4045,2021-02-25 17:00:00,WIX
342.22,342.75,341.0,341.56,1950,2021-02-25 17:05:00,WIX
342.035,343.17,341.955,342.92,1801,2021-02-25 17:10:00,WIX
342.85,343.38,341.2,342.56,4662,2021-02-25 17:15:00,WIX
341.36,342.24,337.0,337.0,20229,2021-02-25 17:20:00,WIX
336.87,336.87,333.99,334.76,8664,2021-02-25 17:25:00,WIX
334.58,336.35,334.1,336.35,7005,2021-02-25 17:30:00,WIX
337.0,337.61,333.51,335.61,7986,2021-02-25 17:35:00,WIX
335.53,336.35,334.3,335.58,3427,2021-02-25 17:40:00,WIX
334.98,336.1,334.305,336.1,3298,2021-02-25 17:45:00,WIX
334.89,335.13,332.32,333.14,3319,2021-02-25 17:50:00,WIX
333.12,333.56,330.86,332.32,6970,2021-02-25 17:55:00,WIX
332.315,333.58,331.05,333.26,4050,2021-02-25 18:00:00,WIX
332.5201,335.57,332.5201,335.06,6800,2021-02-25 18:05:00,WIX
335.55,336.43,334.895,336.43,5930,2021-02-25 18:10:00,WIX
336.76,338.64,336.56,338.54,3389,2021-02-25 18:15:00,WIX
338.4,338.94,337.71,337.76,6914,2021-02-25 18:20:00,WIX
337.96,338.96,335.7,335.7,13160,2021-02-25 18:25:00,WIX
336.2,336.2,334.51,335.8,2946,2021-02-25 18:30:00,WIX
335.81,337.18,335.81,337.18,2400,2021-02-25 18:35:00,WIX
336.935,338.52,336.93,338.02,5877,2021-02-25 18:40:00,WIX
337.64,337.64,336.685,336.685,3802,2021-02-25 18:45:00,WIX
335.8,335.93,333.685,333.685,3759,2021-02-25 18:50:00,WIX
333.6,334.71,333.09,334.0,8050,2021-02-25 18:55:00,WIX
334.0,334.81,333.24,334.6499,6588,2021-02-25 19:00:00,WIX
334.64,336.65,334.48,336.65,3425,2021-02-25 19:05:00,WIX
336.6126,337.75,336.6126,337.645,4126,2021-02-25 19:10:00,WIX
337.76,339.64,337.76,338.44,5151,2021-02-25 19:15:00,WIX
339.46,340.0,339.16,339.62,5176,2021-02-25 19:20:00,WIX
339.235,339.63,337.585,338.36,8369,2021-02-25 19:25:00,WIX
337.59,338.48,337.2,337.9,6542,2021-02-25 19:30:00,WIX
337.61,338.1,337.07,337.07,8935,2021-02-25 19:35:00,WIX
337.25,337.87,335.505,336.065,3935,2021-02-25 19:40:00,WIX
336.05,336.885,334.99,336.13,6742,2021-02-25 19:45:00,WIX
336.2,336.63,335.15,335.2,2332,2021-02-25 19:50:00,WIX
335.14,335.14,333.75,334.29,2943,2021-02-25 19:55:00,WIX
333.96,334.56,332.32,332.755,6972,2021-02-25 20:00:00,WIX
332.535,332.54,330.05,330.56,7253,2021-02-25 20:05:00,WIX
330.435,331.48,329.25,329.765,9085,2021-02-25 20:10:00,WIX
329.09,330.14,328.84,329.78,20420,2021-02-25 20:15:00,WIX
330.14,330.68,329.04,329.54,19213,2021-02-25 20:20:00,WIX
329.705,332.1,329.53,331.68,8665,2021-02-25 20:25:00,WIX
331.59,333.11,330.88,330.95,9512,2021-02-25 20:30:00,WIX
330.81,331.62,329.89,331.18,11802,2021-02-25 20:35:00,WIX
331.4,332.35,330.0,331.75,21809,2021-02-25 20:40:00,WIX
331.515,332.34,330.31,332.05,11709,2021-02-25 20:45:00,WIX
331.74,332.3899,329.94,332.3899,28223,2021-02-25 20:50:00,WIX
331.76,333.75,330.035,332.98,64411,2021-02-25 20:55:00,WIX
333.5,333.5,333.5,333.5,39513,2021-02-25 21:00:00,WIX
333.08,333.08,333.0,333.0,849,2021-02-25 21:05:00,WIX
333.5,333.5,333.5,333.5,31157,2021-02-25 21:30:00,WIX
332.0,332.0,332.0,332.0,100,2021-02-25 23:35:00,WIX
328.0,328.0,328.0,328.0,100,2021-02-26 00:25:00,WIX
336.01,336.01,336.01,336.01,100,2021-02-26 14:25:00,WIX
334.29,341.5,333.56,341.5,20625,2021-02-26 14:30:00,WIX
341.5,344.81,341.07,343.615,5758,2021-02-26 14:35:00,WIX
344.25,346.55,339.64,339.64,12253,2021-02-26 14:40:00,WIX
339.13,340.155,338.02,339.93,3100,2021-02-26 14:45:00,WIX
338.67,338.98,334.8429,337.44,7414,2021-02-26 14:50:00,WIX
336.31,338.22,334.72,336.98,6058,2021-02-26 14:55:00,WIX
337.785,338.72,336.67,338.69,5454,2021-02-26 15:00:00,WIX
339.14,340.23,338.17,338.84,25825,2021-02-26 15:05:00,WIX
338.555,338.78,334.04,336.54,20161,2021-02-26 15:10:00,WIX
337.08,339.78,334.52,338.93,3150,2021-02-26 15:15:00,WIX
338.93,339.025,335.85,335.85,1400,2021-02-26 15:20:00,WIX
336.165,339.33,335.0,335.0201,3524,2021-02-26 15:25:00,WIX
336.18,337.4007,335.81,335.81,3429,2021-02-26 15:30:00,WIX
335.82,338.33,335.7,338.33,4879,2021-02-26 15:35:00,WIX
338.705,339.73,337.33,338.65,5951,2021-02-26 15:40:00,WIX
338.84,342.73,338.71,342.5,11447,2021-02-26 15:45:00,WIX
342.185,344.87,341.7,344.87,3968,2021-02-26 15:50:00,WIX
344.42,347.0,343.99,347.0,16527,2021-02-26 15:55:00,WIX
347.0,347.39,344.11,345.725,19990,2021-02-26 16:00:00,WIX
345.99,346.0,343.1801,344.7612,5412,2021-02-26 16:05:00,WIX
345.04,345.8688,343.11,344.12,2500,2021-02-26 16:10:00,WIX
343.63,346.46,343.08,345.38,3559,2021-02-26 16:15:00,WIX
346.0,346.0,344.09,345.375,3100,2021-02-26 16:20:00,WIX
344.91,345.9,344.335,345.9,3081,2021-02-26 16:25:00,WIX
345.31,345.92,344.99,345.84,4810,2021-02-26 16:30:00,WIX
345.36,346.46,344.94,346.46,2250,2021-02-26 16:35:00,WIX
347.4,347.48,345.42,345.79,3227,2021-02-26 16:40:00,WIX
345.8,347.35,345.8,347.35,4300,2021-02-26 16:45:00,WIX
346.84,347.0,345.34,346.7,5188,2021-02-26 16:50:00,WIX
346.36,348.51,345.74,347.96,5489,2021-02-26 16:55:00,WIX
347.54,349.57,347.54,349.11,3800,2021-02-26 17:00:00,WIX
348.43,351.46,347.95,351.46,11843,2021-02-26 17:05:00,WIX
351.7292,352.022,350.55,352.022,7492,2021-02-26 17:10:00,WIX
351.92,351.96,350.83,351.96,4454,2021-02-26 17:15:00,WIX
350.95,351.135,349.64,350.67,2200,2021-02-26 17:20:00,WIX
351.0,351.145,349.42,351.145,13655,2021-02-26 17:25:00,WIX
350.81,352.94,350.81,352.22,9303,2021-02-26 17:30:00,WIX
352.72,353.44,351.6476,352.24,9167,2021-02-26 17:35:00,WIX
351.75,352.57,351.3,351.83,12282,2021-02-26 17:40:00,WIX
351.38,351.38,350.065,350.99,2623,2021-02-26 17:45:00,WIX
350.625,351.42,348.69,348.69,3188,2021-02-26 17:50:00,WIX
347.9,347.9,345.01,346.0,3551,2021-02-26 17:55:00,WIX
346.08,347.76,345.49,346.82,8555,2021-02-26 18:00:00,WIX
347.44,349.81,347.39,349.385,3315,2021-02-26 18:05:00,WIX
349.38,350.64,349.38,349.82,3577,2021-02-26 18:10:00,WIX
350.24,350.66,349.0,349.8211,4707,2021-02-26 18:15:00,WIX
349.4,350.95,349.02,350.95,3190,2021-02-26 18:20:00,WIX
350.85,351.35,349.96,349.96,4110,2021-02-26 18:25:00,WIX
349.96,350.16,348.5,348.825,3430,2021-02-26 18:30:00,WIX
349.37,349.37,347.71,348.32,2579,2021-02-26 18:35:00,WIX
348.15,348.18,346.79,347.81,5808,2021-02-26 18:40:00,WIX
347.81,348.14,346.27,347.3,5600,2021-02-26 18:45:00,WIX
347.08,348.33,347.06,348.27,1800,2021-02-26 18:50:00,WIX
348.32,349.95,347.87,348.95,4245,2021-02-26 18:55:00,WIX
349.03,350.99,348.715,350.41,4529,2021-02-26 19:00:00,WIX
349.97,349.97,348.33,349.745,3788,2021-02-26 19:05:00,WIX
350.22,351.14,349.3,351.02,5589,2021-02-26 19:10:00,WIX
351.39,351.39,348.97,348.97,2169,2021-02-26 19:15:00,WIX
348.82,350.0,348.81,349.68,2240,2021-02-26 19:20:00,WIX
349.63,350.79,349.63,350.7,2451,2021-02-26 19:25:00,WIX
350.69,350.79,349.79,350.7,1800,2021-02-26 19:30:00,WIX
351.1,351.94,350.67,351.93,3116,2021-02-26 19:35:00,WIX
351.72,351.92,350.0,350.51,3386,2021-02-26 19:40:00,WIX
350.51,353.04,350.51,352.49,1641,2021-02-26 19:45:00,WIX
352.32,352.7,350.87,350.87,5419,2021-02-26 19:50:00,WIX
351.37,351.82,351.01,351.47,2200,2021-02-26 19:55:00,WIX
351.48,352.9,351.47,352.9,3695,2021-02-26 20:00:00,WIX
352.88,353.43,352.35,353.14,7749,2021-02-26 20:05:00,WIX
353.5,354.0,352.97,353.16,9239,2021-02-26 20:10:00,WIX
353.14,355.0,353.14,354.84,9709,2021-02-26 20:15:00,WIX
354.95,354.95,349.93,349.93,5817,2021-02-26 20:20:00,WIX
349.45,351.03,349.13,349.39,7357,2021-02-26 20:25:00,WIX
349.57,350.72,348.83,350.72,7938,2021-02-26 20:30:00,WIX
350.72,351.37,349.77,350.99,7418,2021-02-26 20:35:00,WIX
350.54,351.96,350.54,351.7999,12947,2021-02-26 20:40:00,WIX
351.41,353.3,351.05,352.54,14558,2021-02-26 20:45:00,WIX
351.81,352.2897,349.76,349.855,29861,2021-02-26 20:50:00,WIX
349.55,350.64,348.2,348.64,53754,2021-02-26 20:55:00,WIX
348.57,348.57,348.57,348.57,84198,2021-02-26 21:00:00,WIX
348.57,348.57,348.57,348.57,121,2021-02-26 21:10:00,WIX
348.0,348.0,348.0,348.0,100,2021-02-26 21:15:00,WIX
348.54329,348.54329,348.54329,348.54329,131,2021-02-26 21:30:00,WIX
348.0,348.0,348.0,348.0,148,2021-02-26 22:15:00,WIX
354.55,361.62,354.55,357.9999,28540,2021-03-01 14:30:00,WIX
357.17,357.17,349.12,349.12,9821,2021-03-01 14:35:00,WIX
349.12,352.68,348.215,351.67,5532,2021-03-01 14:40:00,WIX
351.67,351.795,349.095,350.0,5175,2021-03-01 14:45:00,WIX
349.5,354.075,349.5,353.17,6608,2021-03-01 14:50:00,WIX
353.34,355.0,352.7,354.13,8470,2021-03-01 14:55:00,WIX
353.88,354.99,351.43,351.845,4495,2021-03-01 15:00:00,WIX
352.13,353.2389,348.7,350.88,7441,2021-03-01 15:05:00,WIX
351.41,352.19,350.1,350.715,5745,2021-03-01 15:10:00,WIX
350.715,351.32,350.12,351.225,5372,2021-03-01 15:15:00,WIX
351.175,351.215,348.97,348.97,2751,2021-03-01 15:20:00,WIX
349.04,350.455,349.04,349.9,6841,2021-03-01 15:25:00,WIX
349.49,350.945,347.67,350.135,6341,2021-03-01 15:30:00,WIX
350.14,350.98,349.715,350.43,5368,2021-03-01 15:35:00,WIX
350.08,351.1395,350.08,350.775,8050,2021-03-01 15:40:00,WIX
350.775,350.93,349.96,350.615,5777,2021-03-01 15:45:00,WIX
350.31,350.69,349.39,350.69,3726,2021-03-01 15:50:00,WIX
351.2209,351.2209,348.28,349.12,11510,2021-03-01 15:55:00,WIX
349.03,351.45,349.03,350.465,2691,2021-03-01 16:00:00,WIX
350.22,350.57,349.5,349.594,3997,2021-03-01 16:05:00,WIX
350.1,350.12,349.55,349.635,2094,2021-03-01 16:10:00,WIX
349.63,350.0,348.34,348.695,4458,2021-03-01 16:15:00,WIX
348.77,349.25,348.16,349.0725,3944,2021-03-01 16:20:00,WIX
349.655,349.66,347.9,348.56,5812,2021-03-01 16:25:00,WIX
348.54,348.86,346.73,347.5006,12726,2021-03-01 16:30:00,WIX
347.685,347.97,346.945,346.945,2055,2021-03-01 16:35:00,WIX
346.26,346.91,345.9664,346.76,1805,2021-03-01 16:40:00,WIX
347.93,347.93,347.07,347.07,920,2021-03-01 16:45:00,WIX
347.56,347.56,345.99,346.26,1158,2021-03-01 16:50:00,WIX
346.07,346.07,343.77,343.77,6558,2021-03-01 16:55:00,WIX
344.22,344.43,341.68,341.99,5443,2021-03-01 17:00:00,WIX
342.565,344.02,342.2,343.605,4344,2021-03-01 17:05:00,WIX
343.34,344.31,343.34,343.635,3565,2021-03-01 17:10:00,WIX
343.39,344.5,341.89,344.03,4846,2021-03-01 17:15:00,WIX
344.07,345.465,344.0,345.465,4002,2021-03-01 17:20:00,WIX
345.055,345.135,343.79,344.2,4474,2021-03-01 17:25:00,WIX
344.1,345.0756,344.05,344.09,5936,2021-03-01 17:30:00,WIX
344.68,345.16,344.02,344.81,5859,2021-03-01 17:35:00,WIX
345.03,345.16,344.365,345.16,5731,2021-03-01 17:40:00,WIX
345.62,345.62,344.84,344.84,2038,2021-03-01 17:45:00,WIX
344.84,345.66,343.7,344.52,3370,2021-03-01 17:50:00,WIX
343.94,344.17,342.39,342.9,2413,2021-03-01 17:55:00,WIX
342.91,343.68,342.51,343.52,1778,2021-03-01 18:00:00,WIX
343.22,343.22,341.71,341.71,3003,2021-03-01 18:05:00,WIX
342.45,342.48,340.05,341.07,4939,2021-03-01 18:10:00,WIX
340.74,341.38,338.92,339.995,8296,2021-03-01 18:15:00,WIX
340.0,341.4,339.995,341.4,5372,2021-03-01 18:20:00,WIX
341.36,341.78,340.57,340.955,5863,2021-03-01 18:25:00,WIX
340.95,341.31,340.0644,340.34,6256,2021-03-01 18:30:00,WIX
340.535,340.95,340.48,340.79,3247,2021-03-01 18:35:00,WIX
340.665,342.2199,340.665,341.7999,4454,2021-03-01 18:40:00,WIX
341.635,341.8,340.835,341.27,4210,2021-03-01 18:45:00,WIX
340.9335,341.77,340.9335,341.76,2406,2021-03-01 18:50:00,WIX
341.525,341.77,341.14,341.32,2864,2021-03-01 18:55:00,WIX
341.04,341.35,340.5,340.75,3953,2021-03-01 19:00:00,WIX
340.835,340.835,339.1155,339.22,6022,2021-03-01 19:05:00,WIX
340.05,340.55,339.2788,340.42,8506,2021-03-01 19:10:00,WIX
340.25,340.42,339.59,339.71,1800,2021-03-01 19:15:00,WIX
339.71,339.725,339.33,339.39,4608,2021-03-01 19:20:00,WIX
339.535,339.535,338.17,338.3,2767,2021-03-01 19:25:00,WIX
338.54,339.42,338.1868,339.42,7473,2021-03-01 19:30:00,WIX
339.34,340.13,339.34,339.915,4573,2021-03-01 19:35:00,WIX
340.09,341.33,340.09,341.2,5838,2021-03-01 19:40:00,WIX
341.245,341.45,340.885,341.43,2426,2021-03-01 19:45:00,WIX
341.55,341.82,341.47,341.82,3667,2021-03-01 19:50:00,WIX
341.94,342.51,341.8,341.8,2979,2021-03-01 19:55:00,WIX
341.725,342.37,341.725,342.37,4161,2021-03-01 20:00:00,WIX
342.525,342.93,341.22,341.22,3422,2021-03-01 20:05:00,WIX
341.22,341.99,341.145,341.145,3843,2021-03-01 20:10:00,WIX
341.265,341.7,340.97,341.7,4013,2021-03-01 20:15:00,WIX
341.56,341.93,341.51,341.84,5478,2021-03-01 20:20:00,WIX
341.85,342.0,341.49,342.0,5346,2021-03-01 20:25:00,WIX
342.165,342.37,341.33,341.56,7551,2021-03-01 20:30:00,WIX
341.555,342.29,341.19,341.415,8179,2021-03-01 20:35:00,WIX
341.415,342.0899,341.26,341.69,9881,2021-03-01 20:40:00,WIX
341.61,341.96,340.48,340.66,10101,2021-03-01 20:45:00,WIX
340.945,340.96,339.79,339.846,18672,2021-03-01 20:50:00,WIX
339.88,340.75,339.43,340.1,37266,2021-03-01 20:55:00,WIX
340.52,340.52,340.52,340.52,32095,2021-03-01 21:00:00,WIX
339.95,339.95,339.95,339.95,108,2021-03-01 21:05:00,WIX
340.0,340.0,340.0,340.0,100,2021-03-01 22:40:00,WIX
343.98,350.73,343.98,345.22,5163,2021-03-02 13:55:00,WIX
351.87,355.9,351.87,355.9,200,2021-03-02 14:15:00,WIX
350.01,350.01,350.01,350.01,193,2021-03-02 14:25:00,WIX
348.22,349.0,345.945,347.76,13420,2021-03-02 14:30:00,WIX
348.76,348.98,346.28,348.18,1700,2021-03-02 14:35:00,WIX
346.44,348.2,344.31,348.2,7903,2021-03-02 14:40:00,WIX
348.2,348.99,346.06,346.06,5396,2021-03-02 14:45:00,WIX
344.4,345.535,343.9,344.1,4524,2021-03-02 14:50:00,WIX
344.1001,347.0,344.1001,344.45,6013,2021-03-02 14:55:00,WIX
345.59,346.01,342.98,344.03,5118,2021-03-02 15:00:00,WIX
344.0325,344.06,342.6901,342.985,3001,2021-03-02 15:05:00,WIX
343.63,343.63,340.41,341.86,2797,2021-03-02 15:10:00,WIX
341.87,344.3,341.87,342.625,3939,2021-03-02 15:15:00,WIX
342.54,342.54,341.04,341.375,1400,2021-03-02 15:20:00,WIX
341.65,342.88,339.34,340.685,7235,2021-03-02 15:25:00,WIX
341.2,342.4,340.96,342.37,1017,2021-03-02 15:30:00,WIX
342.3,342.3,340.32,340.32,1447,2021-03-02 15:35:00,WIX
340.01,341.24,340.01,340.75,1500,2021-03-02 15:40:00,WIX
340.34,341.15,340.08,341.15,1946,2021-03-02 15:45:00,WIX
342.22,342.28,341.95,342.28,800,2021-03-02 15:50:00,WIX
342.26,343.58,342.26,343.06,1200,2021-03-02 15:55:00,WIX
342.66,343.62,341.92,343.62,1900,2021-03-02 16:00:00,WIX
344.6499,346.57,344.6499,345.41,8854,2021-03-02 16:05:00,WIX
345.68,345.68,343.96,344.63,2409,2021-03-02 16:10:00,WIX
344.485,344.485,343.1,343.22,5697,2021-03-02 16:15:00,WIX
343.82,343.975,341.64,341.64,3400,2021-03-02 16:20:00,WIX
341.655,343.08,341.545,343.015,6323,2021-03-02 16:25:00,WIX
342.98,342.98,341.8,342.55,2800,2021-03-02 16:30:00,WIX
342.485,342.485,341.94,341.975,2002,2021-03-02 16:35:00,WIX
342.24,342.24,341.23,341.55,1500,2021-03-02 16:40:00,WIX
341.75,343.41,341.68,343.41,6110,2021-03-02 16:45:00,WIX
342.56,343.36,342.31,342.905,2730,2021-03-02 16:50:00,WIX
342.895,344.07,342.895,344.03,1600,2021-03-02 16:55:00,WIX
343.6,344.4,343.32,344.37,1567,2021-03-02 17:00:00,WIX
344.4,344.88,344.4,344.88,300,2021-03-02 17:05:00,WIX
345.11,345.6699,344.9,345.015,900,2021-03-02 17:10:00,WIX
344.99,345.99,344.99,345.39,1200,2021-03-02 17:15:00,WIX
345.42,345.71,345.14,345.595,1000,2021-03-02 17:20:00,WIX
346.0,346.55,345.75,346.5,1600,2021-03-02 17:25:00,WIX
346.98,347.38,346.695,346.89,1728,2021-03-02 17:30:00,WIX
347.11,347.41,346.81,346.81,1742,2021-03-02 17:35:00,WIX
347.34,348.0397,347.34,347.5099,2094,2021-03-02 17:40:00,WIX
347.81,348.25,347.4632,347.47,1800,2021-03-02 17:45:00,WIX
347.6,347.83,346.91,347.83,1877,2021-03-02 17:50:00,WIX
347.85,347.85,347.49,347.49,207,2021-03-02 17:55:00,WIX
347.15,347.73,347.0,347.48,906,2021-03-02 18:00:00,WIX
347.48,348.21,347.28,347.53,1238,2021-03-02 18:05:00,WIX
348.2,348.39,347.99,348.135,3161,2021-03-02 18:10:00,WIX
347.97,348.32,347.175,347.38,2470,2021-03-02 18:15:00,WIX
347.07,347.965,346.89,347.865,1720,2021-03-02 18:20:00,WIX
347.685,349.0,347.685,349.0,3415,2021-03-02 18:25:00,WIX
349.4,349.8428,349.29,349.7736,2920,2021-03-02 18:30:00,WIX
349.75,351.97,349.53,351.97,9981,2021-03-02 18:35:00,WIX
351.37,351.98,350.93,350.93,3100,2021-03-02 18:40:00,WIX
351.2,351.6,350.86,351.33,1300,2021-03-02 18:45:00,WIX
351.26,351.6,349.91,350.1,2463,2021-03-02 18:50:00,WIX
350.2899,350.97,350.13,350.285,2532,2021-03-02 18:55:00,WIX
350.5,350.53,349.96,349.96,1000,2021-03-02 19:00:00,WIX
350.085,350.225,349.18,349.18,1464,2021-03-02 19:05:00,WIX
348.87,348.87,347.6366,348.785,2307,2021-03-02 19:10:00,WIX
348.16,348.72,347.775,347.775,1924,2021-03-02 19:15:00,WIX
347.51,348.5,347.51,348.5,1006,2021-03-02 19:20:00,WIX
347.89,347.94,347.41,347.41,1410,2021-03-02 19:25:00,WIX
348.115,348.115,347.3,347.74,1000,2021-03-02 19:30:00,WIX
347.26,347.56,347.06,347.52,2100,2021-03-02 19:35:00,WIX
348.045,348.2418,347.21,347.21,740,2021-03-02 19:40:00,WIX
346.94,347.075,345.7543,346.635,3865,2021-03-02 19:45:00,WIX
346.995,346.995,345.97,346.05,2175,2021-03-02 19:50:00,WIX
346.07,346.92,345.55,345.55,2200,2021-03-02 19:55:00,WIX
345.81,346.38,345.54,345.63,3838,2021-03-02 20:00:00,WIX
345.3,346.2338,345.3,345.49,1500,2021-03-02 20:05:00,WIX
345.775,346.785,345.45,345.45,1721,2021-03-02 20:10:00,WIX
345.9,345.9,344.73,344.73,1612,2021-03-02 20:15:00,WIX
344.53,344.7,343.03,343.3,4522,2021-03-02 20:20:00,WIX
343.3,344.38,343.3,344.0,3043,2021-03-02 20:25:00,WIX
343.96,344.9,343.46,344.76,3406,2021-03-02 20:30:00,WIX
344.515,344.9,344.075,344.075,2099,2021-03-02 20:35:00,WIX
344.045,344.14,343.62,343.91,4639,2021-03-02 20:40:00,WIX
344.12,344.88,342.94,343.0,5828,2021-03-02 20:45:00,WIX
343.71,343.82,342.555,342.56,10475,2021-03-02 20:50:00,WIX
342.29,343.89,342.24,343.47,15637,2021-03-02 20:55:00,WIX
342.94,342.94,342.94,342.94,30815,2021-03-02 21:00:00,WIX
343.0,343.0,343.0,343.0,600,2021-03-02 21:25:00,WIX
342.94,342.94,342.94,342.94,14127,2021-03-02 21:30:00,WIX
344.0,344.0,344.0,344.0,100,2021-03-02 22:05:00,WIX
344.0,344.0,344.0,344.0,400,2021-03-02 22:35:00,WIX
344.0,344.0,344.0,344.0,100,2021-03-02 22:50:00,WIX
340.77,342.11,340.01,340.67,9008,2021-03-03 14:30:00,WIX
340.08,340.37,336.21,340.37,6724,2021-03-03 14:35:00,WIX
339.51,339.6,335.55,336.885,8439,2021-03-03 14:40:00,WIX
335.19,338.49,334.08,338.49,21635,2021-03-03 14:45:00,WIX
336.58,340.99,336.58,338.88,3925,2021-03-03 14:50:00,WIX
339.56,340.41,335.805,336.4775,3491,2021-03-03 14:55:00,WIX
336.68,337.71,335.1,337.085,4246,2021-03-03 15:00:00,WIX
336.06,337.24,334.5,335.08,5602,2021-03-03 15:05:00,WIX
335.81,336.56,332.3,333.47,17364,2021-03-03 15:10:00,WIX
333.48,334.97,331.13,333.6277,10363,2021-03-03 15:15:00,WIX
332.23,332.32,328.3,329.96,11525,2021-03-03 15:20:00,WIX
331.705,334.97,331.705,334.213,1450,2021-03-03 15:25:00,WIX
331.99,331.99,327.0,329.0,17579,2021-03-03 15:30:00,WIX
328.87,329.01,325.7,329.01,4200,2021-03-03 15:35:00,WIX
328.07,329.32,327.18,327.255,1600,2021-03-03 15:40:00,WIX
326.935,329.455,326.92,328.61,4125,2021-03-03 15:45:00,WIX
328.44,329.12,327.29,328.8899,1480,2021-03-03 15:50:00,WIX
328.3553,330.275,326.845,329.3013,4440,2021-03-03 15:55:00,WIX
329.45,333.36,329.01,333.36,6010,2021-03-03 16:00:00,WIX
331.67,333.63,331.67,332.95,1900,2021-03-03 16:05:00,WIX
332.105,333.44,332.105,333.44,1000,2021-03-03 16:10:00,WIX
333.49,335.55,333.09,335.55,2487,2021-03-03 16:15:00,WIX
335.935,336.7,335.19,336.58,2303,2021-03-03 16:20:00,WIX
335.86,336.6,334.23,335.74,3293,2021-03-03 16:25:00,WIX
336.06,336.07,334.07,334.07,3500,2021-03-03 16:30:00,WIX
334.16,334.16,332.6,332.6,1200,2021-03-03 16:35:00,WIX
332.62,332.94,331.55,332.1,1984,2021-03-03 16:40:00,WIX
332.29,332.84,331.53,332.586,6963,2021-03-03 16:45:00,WIX
332.6176,333.35,332.11,332.11,2000,2021-03-03 16:50:00,WIX
332.405,332.89,329.5706,329.83,5815,2021-03-03 16:55:00,WIX
329.78,330.53,329.26,329.96,1800,2021-03-03 17:00:00,WIX
329.96,331.2,328.95,329.17,6278,2021-03-03 17:05:00,WIX
329.12,329.7,329.12,329.7,830,2021-03-03 17:10:00,WIX
329.15,329.37,327.22,327.81,3470,2021-03-03 17:15:00,WIX
327.78,328.11,326.43,328.11,1750,2021-03-03 17:20:00,WIX
327.04,327.27,325.69,327.27,2980,2021-03-03 17:25:00,WIX
326.91,327.56,326.5526,327.475,1710,2021-03-03 17:30:00,WIX
327.44,328.38,327.04,327.04,2206,2021-03-03 17:35:00,WIX
326.7461,327.82,326.7461,327.36,1315,2021-03-03 17:40:00,WIX
326.99,327.65,326.63,327.62,2142,2021-03-03 17:45:00,WIX
327.81,327.81,326.75,326.75,1186,2021-03-03 17:50:00,WIX
325.72,326.025,323.82,324.23,3954,2021-03-03 17:55:00,WIX
324.46,325.83,324.46,325.2,800,2021-03-03 18:00:00,WIX
325.08,325.44,324.19,324.19,2027,2021-03-03 18:05:00,WIX
324.2,324.795,323.72,324.32,4104,2021-03-03 18:10:00,WIX
324.07,326.15,323.8743,326.15,1927,2021-03-03 18:15:00,WIX
325.645,326.3703,325.34,325.34,800,2021-03-03 18:20:00,WIX
325.69,326.01,324.74,324.74,1200,2021-03-03 18:25:00,WIX
324.69,324.69,323.43,323.99,2607,2021-03-03 18:30:00,WIX
323.98,325.38,323.98,324.76,1990,2021-03-03 18:35:00,WIX
324.87,324.87,323.71,323.715,1997,2021-03-03 18:40:00,WIX
323.715,324.15,322.935,323.0,4464,2021-03-03 18:45:00,WIX
322.76,323.71,322.76,323.335,2096,2021-03-03 18:50:00,WIX
323.05,323.5,322.45,323.5,1250,2021-03-03 18:55:00,WIX
322.85,323.0,321.105,321.41,4027,2021-03-03 19:00:00,WIX
320.68,321.52,320.48,321.52,2000,2021-03-03 19:05:00,WIX
321.12,322.24,320.82,322.24,3574,2021-03-03 19:10:00,WIX
322.01,322.85,321.64,322.3325,2700,2021-03-03 19:15:00,WIX
322.98,323.04,322.205,322.205,2508,2021-03-03 19:20:00,WIX
321.94,322.66,320.48,321.28,10179,2021-03-03 19:25:00,WIX
321.02,321.02,319.01,320.77,6003,2021-03-03 19:30:00,WIX
320.77,323.305,320.32,321.99,3419,2021-03-03 19:35:00,WIX
322.41,322.81,320.88,320.92,5716,2021-03-03 19:40:00,WIX
320.38,320.545,318.66,319.0,14622,2021-03-03 19:45:00,WIX
318.81,324.21,318.81,324.2,7029,2021-03-03 19:50:00,WIX
322.99,323.86,322.31,323.6764,4419,2021-03-03 19:55:00,WIX
323.08,323.52,322.335,322.655,11068,2021-03-03 20:00:00,WIX
322.7,322.91,322.09,322.575,3509,2021-03-03 20:05:00,WIX
323.0,323.52,322.55,322.66,4025,2021-03-03 20:10:00,WIX
322.51,322.85,321.36,321.85,12970,2021-03-03 20:15:00,WIX
321.74,322.86,321.69,322.04,9900,2021-03-03 20:20:00,WIX
321.87,322.385,321.55,321.91,7867,2021-03-03 20:25:00,WIX
321.66,322.23,321.41,321.655,15798,2021-03-03 20:30:00,WIX
321.53,321.89,319.91,320.99,11380,2021-03-03 20:35:00,WIX
321.315,322.635,320.485,321.815,16810,2021-03-03 20:40:00,WIX
321.69,323.93,321.46,323.795,29763,2021-03-03 20:45:00,WIX
323.52,323.725,320.99,321.7,35948,2021-03-03 20:50:00,WIX
320.67,322.42,320.56,320.63,50469,2021-03-03 20:55:00,WIX
320.67,320.67,320.67,320.67,30652,2021-03-03 21:00:00,WIX
320.67,320.67,320.67,320.67,8340,2021-03-03 21:40:00,WIX
315.01,315.01,308.81,313.37,800,2021-03-04 12:15:00,WIX
318.44,322.32,317.595,321.04,8993,2021-03-04 14:30:00,WIX
320.67,321.0,317.59,320.11,5737,2021-03-04 14:35:00,WIX
320.0,320.0,317.02,317.065,2216,2021-03-04 14:40:00,WIX
316.17,316.17,311.755,312.72,6417,2021-03-04 14:45:00,WIX
311.965,313.24,309.2,310.46,10155,2021-03-04 14:50:00,WIX
310.25,311.8,309.34,309.34,7854,2021-03-04 14:55:00,WIX
310.24,311.32,307.85,307.85,12340,2021-03-04 15:00:00,WIX
308.145,309.21,303.5913,305.83,17996,2021-03-04 15:05:00,WIX
304.9701,307.22,303.0,306.86,15150,2021-03-04 15:10:00,WIX
306.73,306.83,304.0,304.19,3710,2021-03-04 15:15:00,WIX
304.185,308.76,304.185,308.095,5047,2021-03-04 15:20:00,WIX
308.37,309.05,306.235,309.05,4839,2021-03-04 15:25:00,WIX
308.9199,313.45,308.78,313.02,11375,2021-03-04 15:30:00,WIX
312.355,316.46,312.33,315.6,6254,2021-03-04 15:35:00,WIX
315.15,316.9,314.8325,315.58,4275,2021-03-04 15:40:00,WIX
315.485,318.75,315.485,318.26,7975,2021-03-04 15:45:00,WIX
317.61,318.72,312.84,313.84,7620,2021-03-04 15:50:00,WIX
314.7,319.1,313.9625,319.1,2736,2021-03-04 15:55:00,WIX
318.345,319.15,317.0,317.74,17727,2021-03-04 16:00:00,WIX
317.04,317.155,313.535,313.535,7538,2021-03-04 16:05:00,WIX
313.02,313.155,311.84,313.14,1580,2021-03-04 16:10:00,WIX
312.325,313.79,311.0,313.19,5960,2021-03-04 16:15:00,WIX
313.42,313.71,312.25,313.55,2827,2021-03-04 16:20:00,WIX
312.98,313.58,311.94,312.0,3405,2021-03-04 16:25:00,WIX
312.37,313.38,312.1,312.86,2900,2021-03-04 16:30:00,WIX
312.675,313.73,312.48,313.7265,1900,2021-03-04 16:35:00,WIX
314.49,315.83,314.33,315.12,1600,2021-03-04 16:40:00,WIX
315.45,316.64,315.35,315.625,2464,2021-03-04 16:45:00,WIX
315.56,315.93,314.54,315.93,3796,2021-03-04 16:50:00,WIX
315.26,315.345,311.59,311.6,3601,2021-03-04 16:55:00,WIX
313.5,313.79,312.14,313.35,4203,2021-03-04 17:00:00,WIX
312.91,313.9,312.32,313.32,6047,2021-03-04 17:05:00,WIX
313.53,313.53,311.57,312.19,13119,2021-03-04 17:10:00,WIX
312.12,314.2124,311.67,313.33,3576,2021-03-04 17:15:00,WIX
312.895,312.895,309.36,310.005,7242,2021-03-04 17:20:00,WIX
310.045,310.045,308.18,309.6,3609,2021-03-04 17:25:00,WIX
308.09,308.81,306.43,306.71,5129,2021-03-04 17:30:00,WIX
306.99,308.59,306.71,308.59,7533,2021-03-04 17:35:00,WIX
308.98,309.83,306.74,306.74,3300,2021-03-04 17:40:00,WIX
306.2,306.2,304.26,304.95,10664,2021-03-04 17:45:00,WIX
304.5379,305.92,303.41,303.87,5211,2021-03-04 17:50:00,WIX
302.67,303.0,301.06,302.75,6827,2021-03-04 17:55:00,WIX
302.46,305.0,302.46,303.805,3058,2021-03-04 18:00:00,WIX
302.8,303.96,301.68,302.91,2963,2021-03-04 18:05:00,WIX
302.02,302.3225,299.49,300.44,10656,2021-03-04 18:10:00,WIX
300.48,302.0,300.0,301.51,8395,2021-03-04 18:15:00,WIX
301.02,301.155,299.405,301.155,4411,2021-03-04 18:20:00,WIX
300.86,303.33,300.005,303.33,6229,2021-03-04 18:25:00,WIX
303.28,303.63,300.38,300.64,3673,2021-03-04 18:30:00,WIX
300.65,302.49,300.65,302.195,6298,2021-03-04 18:35:00,WIX
302.01,302.63,301.3,301.88,4400,2021-03-04 18:40:00,WIX
301.7,302.03,300.43,300.83,17674,2021-03-04 18:45:00,WIX
300.64,301.48,300.01,300.71,46971,2021-03-04 18:50:00,WIX
300.88,300.9075,299.49,299.58,10877,2021-03-04 18:55:00,WIX
299.31,301.3106,299.22,300.07,7819,2021-03-04 19:00:00,WIX
300.09,303.61,300.09,302.74,5670,2021-03-04 19:05:00,WIX
302.755,303.665,302.17,303.18,14615,2021-03-04 19:10:00,WIX
302.95,303.32,300.425,300.79,12956,2021-03-04 19:15:00,WIX
301.185,304.48,301.185,304.48,2960,2021-03-04 19:20:00,WIX
304.48,306.37,303.93,304.65,3475,2021-03-04 19:25:00,WIX
303.89,305.335,303.8,304.31,4709,2021-03-04 19:30:00,WIX
303.845,304.38,303.2,303.75,22302,2021-03-04 19:35:00,WIX
303.855,304.3,303.42,304.3,4100,2021-03-04 19:40:00,WIX
304.3,305.52,303.55,305.04,30753,2021-03-04 19:45:00,WIX
304.88,305.31,303.775,304.935,5363,2021-03-04 19:50:00,WIX
305.26,305.77,305.0,305.53,2550,2021-03-04 19:55:00,WIX
305.68,306.9,304.55,304.55,6601,2021-03-04 20:00:00,WIX
305.33,305.9,304.27,304.27,3600,2021-03-04 20:05:00,WIX
304.19,304.74,303.89,304.24,5022,2021-03-04 20:10:00,WIX
304.24,305.41,304.24,305.38,7115,2021-03-04 20:15:00,WIX
305.155,305.6,304.7,305.465,6300,2021-03-04 20:20:00,WIX
305.375,306.38,305.01,305.87,6782,2021-03-04 20:25:00,WIX
305.895,306.75,305.45,306.0,6951,2021-03-04 20:30:00,WIX
306.275,306.275,304.73,305.16,10490,2021-03-04 20:35:00,WIX
304.98,306.69,304.98,306.69,11570,2021-03-04 20:40:00,WIX
306.635,307.02,305.9159,306.28,14615,2021-03-04 20:45:00,WIX
306.01,306.42,304.8,304.96,36781,2021-03-04 20:50:00,WIX
304.77,305.86,303.6,304.0,52173,2021-03-04 20:55:00,WIX
304.01,304.01,304.01,304.01,76547,2021-03-04 21:00:00,WIX
304.01,304.01,304.01,304.01,38100,2021-03-04 21:30:00,WIX
304.01,304.01,304.01,304.01,8396,2021-03-04 21:40:00,WIX
304.01,304.01,304.01,304.01,25136,2021-03-04 22:35:00,WIX
303.0,303.0,303.0,303.0,100,2021-03-04 23:20:00,WIX
308.41,308.41,302.33,306.56,10802,2021-03-05 14:30:00,WIX
302.81,304.5,300.39,300.9535,3807,2021-03-05 14:35:00,WIX
302.035,302.325,299.99,301.7033,5271,2021-03-05 14:40:00,WIX
302.74,302.74,298.925,298.925,2669,2021-03-05 14:45:00,WIX
299.0,299.0,295.01,295.2,2107,2021-03-05 14:50:00,WIX
295.02,297.3,293.5,297.29,9207,2021-03-05 14:55:00,WIX
297.44,298.686,295.48,296.825,3336,2021-03-05 15:00:00,WIX
297.8474,301.36,297.37,300.21,7958,2021-03-05 15:05:00,WIX
299.07,299.07,295.5,296.05,1476,2021-03-05 15:10:00,WIX
295.9799,295.9799,294.07,295.74,4969,2021-03-05 15:15:00,WIX
295.69,296.51,291.29,292.41,7591,2021-03-05 15:20:00,WIX
292.86,294.9702,290.46,290.46,7443,2021-03-05 15:25:00,WIX
291.01,291.01,286.85,288.03,15577,2021-03-05 15:30:00,WIX
288.31,291.41,287.8605,289.56,22209,2021-03-05 15:35:00,WIX
290.01,291.41,288.33,289.255,14113,2021-03-05 15:40:00,WIX
290.18,291.53,288.1,290.45,8421,2021-03-05 15:45:00,WIX
290.45,293.54,290.45,293.54,1971,2021-03-05 15:50:00,WIX
292.6492,293.69,292.01,292.01,400,2021-03-05 15:55:00,WIX
291.04,291.85,290.24,291.65,7324,2021-03-05 16:00:00,WIX
291.48,291.48,289.1,289.1,45198,2021-03-05 16:05:00,WIX
289.76,291.37,288.365,288.765,19451,2021-03-05 16:10:00,WIX
288.57,290.0,287.1702,289.25,54352,2021-03-05 16:15:00,WIX
288.05,289.0,287.31,287.31,3979,2021-03-05 16:20:00,WIX
286.85,287.43,285.61,286.62,5188,2021-03-05 16:25:00,WIX
286.85,293.26,286.85,290.58,14869,2021-03-05 16:30:00,WIX
290.82,294.08,290.675,293.76,5182,2021-03-05 16:35:00,WIX
293.5,299.02,291.8,299.02,15908,2021-03-05 16:40:00,WIX
298.99,301.0,295.55,298.345,48947,2021-03-05 16:45:00,WIX
297.05,297.15,293.54,295.16,1625,2021-03-05 16:50:00,WIX
291.86,296.07,290.8109,296.07,2414,2021-03-05 16:55:00,WIX
297.5,297.5,295.84,296.9543,600,2021-03-05 17:00:00,WIX
297.4746,297.98,295.085,295.67,15409,2021-03-05 17:05:00,WIX
295.18,296.33,294.875,295.83,1300,2021-03-05 17:10:00,WIX
296.4395,296.4521,295.57,296.07,1619,2021-03-05 17:15:00,WIX
296.33,299.43,296.33,299.43,1407,2021-03-05 17:20:00,WIX
298.57,299.55,296.84,299.21,3866,2021-03-05 17:25:00,WIX
299.17,300.0,299.17,299.37,500,2021-03-05 17:30:00,WIX
299.01,300.07,297.455,300.07,1784,2021-03-05 17:35:00,WIX
300.0,301.68,299.415,301.2,2300,2021-03-05 17:40:00,WIX
301.245,301.9816,300.51,301.9816,2764,2021-03-05 17:45:00,WIX
301.99,302.0,300.69,300.69,1322,2021-03-05 17:50:00,WIX
302.16,302.16,300.44,301.6,1755,2021-03-05 17:55:00,WIX
301.505,301.51,299.42,300.225,2552,2021-03-05 18:00:00,WIX
300.01,301.51,300.01,301.51,1606,2021-03-05 18:05:00,WIX
301.3,302.42,300.34,302.1025,6923,2021-03-05 18:10:00,WIX
302.22,303.4,301.5,303.4,1220,2021-03-05 18:15:00,WIX
303.07,304.43,302.6,303.36,1230,2021-03-05 18:20:00,WIX
303.97,305.01,303.97,303.98,3647,2021-03-05 18:25:00,WIX
304.895,305.9,304.26,305.25,2815,2021-03-05 18:30:00,WIX
305.45,306.53,305.44,305.6,3303,2021-03-05 18:35:00,WIX
306.3,306.73,304.64,304.64,1433,2021-03-05 18:40:00,WIX
305.045,305.73,304.01,305.6771,2543,2021-03-05 18:45:00,WIX
305.72,306.99,304.37,305.125,11449,2021-03-05 18:50:00,WIX
304.66,305.325,304.55,305.14,6000,2021-03-05 18:55:00,WIX
305.73,305.82,303.88,304.0,4565,2021-03-05 19:00:00,WIX
304.38,305.175,303.5,304.2,1499,2021-03-05 19:05:00,WIX
304.8,306.09,304.2,305.99,5172,2021-03-05 19:10:00,WIX
306.63,306.63,304.44,304.44,5230,2021-03-05 19:15:00,WIX
304.565,305.95,303.94,304.34,2982,2021-03-05 19:20:00,WIX
305.46,306.76,305.46,306.76,1978,2021-03-05 19:25:00,WIX
307.31,307.895,306.39,306.98,37360,2021-03-05 19:30:00,WIX
307.125,307.125,305.75,305.75,10607,2021-03-05 19:35:00,WIX
305.76,306.47,304.63,305.48,8536,2021-03-05 19:40:00,WIX
305.795,307.29,305.47,306.86,2608,2021-03-05 19:45:00,WIX
307.155,308.16,306.48,308.16,2408,2021-03-05 19:50:00,WIX
307.91,308.105,307.0,307.32,3300,2021-03-05 19:55:00,WIX
307.94,309.86,307.735,309.86,3100,2021-03-05 20:00:00,WIX
309.46,309.68,308.215,308.215,3275,2021-03-05 20:05:00,WIX
308.39,309.6,307.82,309.6,14623,2021-03-05 20:10:00,WIX
309.24,310.99,309.24,309.79,5522,2021-03-05 20:15:00,WIX
309.47,310.16,309.2,309.34,5709,2021-03-05 20:20:00,WIX
309.0,309.645,308.0,308.73,7993,2021-03-05 20:25:00,WIX
308.49,309.78,308.43,309.09,18091,2021-03-05 20:30:00,WIX
309.1,309.305,307.88,309.305,9815,2021-03-05 20:35:00,WIX
309.185,309.185,307.605,307.72,17564,2021-03-05 20:40:00,WIX
307.34,309.0,306.19,308.055,14089,2021-03-05 20:45:00,WIX
308.36,308.86,306.53,307.24,22165,2021-03-05 20:50:00,WIX
307.66,309.08,307.47,308.95,33158,2021-03-05 20:55:00,WIX
308.73,308.73,308.73,308.73,27379,2021-03-05 21:00:00,WIX
308.73,308.73,308.73,308.73,100,2021-03-05 21:10:00,WIX
308.73,308.73,308.73,308.73,2219,2021-03-05 22:00:00,WIX
305.0,305.0,305.0,305.0,141,2021-03-08 09:50:00,WIX
306.06,307.53,303.0,303.0,10505,2021-03-08 14:30:00,WIX
303.21,307.37,303.21,307.37,4200,2021-03-08 14:35:00,WIX
307.42,313.0,307.42,311.2247,5822,2021-03-08 14:40:00,WIX
311.245,313.02,306.61,306.61,4485,2021-03-08 14:45:00,WIX
307.0,308.8,305.485,308.8,3575,2021-03-08 14:50:00,WIX
309.825,311.2499,305.035,307.0,2365,2021-03-08 14:55:00,WIX
307.575,307.68,303.12,303.4952,1500,2021-03-08 15:00:00,WIX
304.09,307.49,304.09,307.01,1500,2021-03-08 15:05:00,WIX
308.0,308.15,304.405,305.45,2480,2021-03-08 15:10:00,WIX
305.45,306.05,304.725,306.03,2433,2021-03-08 15:15:00,WIX
307.4199,308.03,304.1,304.1,3263,2021-03-08 15:20:00,WIX
305.25,306.28,304.66,305.34,1100,2021-03-08 15:25:00,WIX
306.28,308.2,306.25,307.4029,1814,2021-03-08 15:30:00,WIX
309.16,309.88,305.9,306.57,3928,2021-03-08 15:35:00,WIX
306.965,308.44,306.965,308.27,5546,2021-03-08 15:40:00,WIX
308.37,309.91,308.3,309.23,6056,2021-03-08 15:45:00,WIX
308.75,309.32,306.78,307.52,4049,2021-03-08 15:50:00,WIX
308.11,309.1521,308.07,309.1521,300,2021-03-08 15:55:00,WIX
307.225,309.1,307.225,309.1,1686,2021-03-08 16:00:00,WIX
307.71,308.04,306.69,307.135,1500,2021-03-08 16:05:00,WIX
306.37,306.37,304.0,304.0,1329,2021-03-08 16:10:00,WIX
304.11,305.65,303.83,303.83,2125,2021-03-08 16:15:00,WIX
304.81,304.97,304.345,304.97,1744,2021-03-08 16:20:00,WIX
304.36,304.44,302.1,302.615,3400,2021-03-08 16:25:00,WIX
302.49,302.6,301.08,301.99,1975,2021-03-08 16:30:00,WIX
302.345,302.345,301.29,301.37,1300,2021-03-08 16:35:00,WIX
301.195,301.69,299.11,299.575,19436,2021-03-08 16:40:00,WIX
299.0,299.46,298.035,298.45,2500,2021-03-08 16:45:00,WIX
298.14,299.11,297.46,297.46,3978,2021-03-08 16:50:00,WIX
298.33,299.04,298.3,298.3,1300,2021-03-08 16:55:00,WIX
296.86,298.31,296.86,297.09,1649,2021-03-08 17:00:00,WIX
296.9,297.445,296.51,297.445,2050,2021-03-08 17:05:00,WIX
297.04,297.04,296.21,296.32,1359,2021-03-08 17:10:00,WIX
295.895,296.65,295.06,296.14,6623,2021-03-08 17:15:00,WIX
296.0,298.24,295.71,297.61,4400,2021-03-08 17:20:00,WIX
298.27,298.27,297.16,297.18,3625,2021-03-08 17:25:00,WIX
296.58,297.0,296.17,296.86,1200,2021-03-08 17:30:00,WIX
296.74,297.95,296.74,296.81,1300,2021-03-08 17:35:00,WIX
295.86,296.52,295.18,295.59,1300,2021-03-08 17:40:00,WIX
295.86,297.745,295.86,297.27,4400,2021-03-08 17:45:00,WIX
297.54,298.28,296.86,296.93,1310,2021-03-08 17:50:00,WIX
297.13,297.13,295.0,295.0,1250,2021-03-08 17:55:00,WIX
295.22,295.47,293.945,294.17,12860,2021-03-08 18:00:00,WIX
294.29,294.99,294.095,294.505,2869,2021-03-08 18:05:00,WIX
294.5,294.66,294.08,294.375,2658,2021-03-08 18:10:00,WIX
294.64,294.68,294.0,294.0,2957,2021-03-08 18:15:00,WIX
293.95,294.25,293.08,293.08,3487,2021-03-08 18:20:00,WIX
293.08,293.62,292.9,293.26,1724,2021-03-08 18:25:00,WIX
293.0092,293.0092,291.63,291.905,5010,2021-03-08 18:30:00,WIX
291.75,292.56,291.3979,291.805,1755,2021-03-08 18:35:00,WIX
292.0,292.0,288.635,289.33,4341,2021-03-08 18:40:00,WIX
289.43,290.01,288.84,289.55,3970,2021-03-08 18:45:00,WIX
289.8519,290.4,288.01,288.77,6025,2021-03-08 18:50:00,WIX
288.87,288.87,287.83,288.42,1300,2021-03-08 18:55:00,WIX
288.82,289.19,288.2,289.0,3795,2021-03-08 19:00:00,WIX
289.25,291.0,288.91,290.71,2638,2021-03-08 19:05:00,WIX
290.98,292.29,290.87,292.29,2850,2021-03-08 19:10:00,WIX
292.18,292.33,290.68,292.26,4907,2021-03-08 19:15:00,WIX
292.14,292.14,291.35,291.35,1400,2021-03-08 19:20:00,WIX
291.27,292.48,291.0844,292.48,2326,2021-03-08 19:25:00,WIX
292.75,293.695,292.75,292.985,3300,2021-03-08 19:30:00,WIX
292.35,293.68,292.35,292.95,2450,2021-03-08 19:35:00,WIX
292.44,293.32,291.2,291.42,4200,2021-03-08 19:40:00,WIX
291.33,291.84,290.87,291.18,4840,2021-03-08 19:45:00,WIX
291.16,291.39,291.005,291.32,3402,2021-03-08 19:50:00,WIX
291.17,291.65,290.63,290.825,1700,2021-03-08 19:55:00,WIX
289.67,289.67,287.53,287.53,3685,2021-03-08 20:00:00,WIX
287.645,287.83,286.29,286.29,10520,2021-03-08 20:05:00,WIX
286.26,286.95,285.565,286.58,3185,2021-03-08 20:10:00,WIX
286.41,286.75,285.8,285.8,3824,2021-03-08 20:15:00,WIX
286.01,286.84,285.5,286.48,3766,2021-03-08 20:20:00,WIX
286.55,286.98,285.96,285.98,8042,2021-03-08 20:25:00,WIX
285.92,286.085,284.48,284.89,15926,2021-03-08 20:30:00,WIX
284.89,285.07,283.36,283.745,18427,2021-03-08 20:35:00,WIX
284.0,284.29,283.328,283.78,12995,2021-03-08 20:40:00,WIX
283.91,284.41,281.3,281.45,17694,2021-03-08 20:45:00,WIX
281.99,282.75,280.5,280.7,35679,2021-03-08 20:50:00,WIX
280.565,281.61,279.01,280.13,66027,2021-03-08 20:55:00,WIX
279.76,279.76,279.76,279.76,48727,2021-03-08 21:00:00,WIX
279.76,279.76,279.76,279.76,2246,2021-03-08 21:10:00,WIX
279.76,279.76,279.76,279.76,1334,2021-03-08 22:50:00,WIX
293.28,293.28,292.23,292.23,904,2021-03-09 14:25:00,WIX
294.0695,296.4803,293.1,295.49,9664,2021-03-09 14:30:00,WIX
296.95,298.07,295.79,297.9699,1926,2021-03-09 14:35:00,WIX
296.915,296.915,291.26,291.26,11323,2021-03-09 14:40:00,WIX
292.45,295.31,292.07,294.655,9400,2021-03-09 14:45:00,WIX
294.85,298.5,293.06,298.5,16630,2021-03-09 14:50:00,WIX
299.0,303.995,299.0,300.95,3957,2021-03-09 14:55:00,WIX
300.0,303.56,298.81,301.27,4534,2021-03-09 15:00:00,WIX
301.56,301.95,300.46,301.47,2400,2021-03-09 15:05:00,WIX
301.72,302.98,301.17,302.24,2464,2021-03-09 15:10:00,WIX
302.04,304.91,302.03,303.42,18469,2021-03-09 15:15:00,WIX
303.16,305.0,302.86,304.395,3300,2021-03-09 15:20:00,WIX
304.87,304.87,303.104,303.785,3011,2021-03-09 15:25:00,WIX
303.985,304.26,301.495,301.495,3400,2021-03-09 15:30:00,WIX
302.075,303.48,301.72,302.21,2730,2021-03-09 15:35:00,WIX
302.255,302.49,301.52,302.15,6360,2021-03-09 15:40:00,WIX
302.7281,302.7281,298.15,298.65,8541,2021-03-09 15:45:00,WIX
298.985,298.985,296.43,298.435,2908,2021-03-09 15:50:00,WIX
298.485,299.36,297.7362,297.7362,1750,2021-03-09 15:55:00,WIX
298.33,298.34,296.83,298.15,4602,2021-03-09 16:00:00,WIX
298.57,298.57,297.615,298.25,1100,2021-03-09 16:05:00,WIX
298.27,299.0,297.92,297.92,1000,2021-03-09 16:10:00,WIX
298.7,298.975,297.475,298.365,2580,2021-03-09 16:15:00,WIX
298.72,299.85,298.72,299.4,700,2021-03-09 16:20:00,WIX
299.74,301.25,299.69,301.25,2820,2021-03-09 16:25:00,WIX
300.72,302.37,300.72,301.755,900,2021-03-09 16:30:00,WIX
301.41,301.9926,300.03,300.7,2100,2021-03-09 16:35:00,WIX
300.31,300.91,300.16,300.87,1900,2021-03-09 16:40:00,WIX
300.695,300.695,298.9001,298.9001,2205,2021-03-09 16:45:00,WIX
300.98,300.98,299.7,299.7,1462,2021-03-09 16:50:00,WIX
299.5,302.25,299.5,301.81,2600,2021-03-09 16:55:00,WIX
302.0,303.26,301.47,303.26,39898,2021-03-09 17:00:00,WIX
303.24,303.78,302.3352,303.03,4400,2021-03-09 17:05:00,WIX
303.61,303.84,302.79,303.56,1800,2021-03-09 17:10:00,WIX
303.555,303.7,302.66,302.865,4114,2021-03-09 17:15:00,WIX
302.87,303.84,302.4775,302.92,3200,2021-03-09 17:20:00,WIX
302.62,303.0,302.27,302.27,5815,2021-03-09 17:25:00,WIX
302.225,302.54,301.94,302.05,3347,2021-03-09 17:30:00,WIX
302.245,302.81,302.08,302.55,2200,2021-03-09 17:35:00,WIX
302.335,302.335,301.54,301.786,2900,2021-03-09 17:40:00,WIX
302.12,302.42,301.16,301.36,2000,2021-03-09 17:45:00,WIX
301.45,301.56,300.1,300.1,2206,2021-03-09 17:50:00,WIX
300.205,300.205,299.42,299.895,2340,2021-03-09 17:55:00,WIX
300.18,301.625,299.9307,301.43,1850,2021-03-09 18:00:00,WIX
301.93,302.1,301.57,302.03,2200,2021-03-09 18:05:00,WIX
302.22,303.2,301.89,303.14,2800,2021-03-09 18:10:00,WIX
303.345,304.28,302.545,303.305,5750,2021-03-09 18:15:00,WIX
303.38,303.635,302.58,303.215,1882,2021-03-09 18:20:00,WIX
303.435,303.9,302.68,303.08,7816,2021-03-09 18:25:00,WIX
303.39,304.595,303.375,304.08,3250,2021-03-09 18:30:00,WIX
303.81,304.09,303.28,303.29,5010,2021-03-09 18:35:00,WIX
303.29,304.065,303.24,304.065,11231,2021-03-09 18:40:00,WIX
303.86,303.93,303.555,303.9,1915,2021-03-09 18:45:00,WIX
304.15,304.62,303.83,304.62,2001,2021-03-09 18:50:00,WIX
305.0,306.67,305.0,306.635,4211,2021-03-09 18:55:00,WIX
306.82,307.04,306.08,306.48,5900,2021-03-09 19:00:00,WIX
306.63,307.83,306.46,307.465,3734,2021-03-09 19:05:00,WIX
307.475,307.475,305.91,306.465,9888,2021-03-09 19:10:00,WIX
306.76,307.05,306.195,306.25,4300,2021-03-09 19:15:00,WIX
305.62,305.75,305.03,305.03,1300,2021-03-09 19:20:00,WIX
305.03,305.22,304.09,304.65,1200,2021-03-09 19:25:00,WIX
304.96,305.71,304.588,305.06,2001,2021-03-09 19:30:00,WIX
305.1,305.295,304.76,305.115,3289,2021-03-09 19:35:00,WIX
305.175,305.95,304.8,305.95,1450,2021-03-09 19:40:00,WIX
305.97,306.49,305.61,305.62,3178,2021-03-09 19:45:00,WIX
306.19,307.48,306.19,306.68,4040,2021-03-09 19:50:00,WIX
306.69,307.38,305.9967,306.05,1937,2021-03-09 19:55:00,WIX
306.03,306.39,305.35,306.39,3650,2021-03-09 20:00:00,WIX
306.495,307.17,306.39,306.855,3000,2021-03-09 20:05:00,WIX
307.0,307.46,306.985,306.985,5200,2021-03-09 20:10:00,WIX
306.96,307.03,306.32,306.71,13123,2021-03-09 20:15:00,WIX
306.635,307.04,306.37,306.95,6638,2021-03-09 20:20:00,WIX
306.97,307.88,306.93,307.55,8004,2021-03-09 20:25:00,WIX
307.86,308.4,307.755,308.16,5148,2021-03-09 20:30:00,WIX
307.92,308.32,307.012,307.89,8386,2021-03-09 20:35:00,WIX
307.94,307.995,306.921,307.59,15597,2021-03-09 20:40:00,WIX
307.75,308.3,307.07,307.51,16485,2021-03-09 20:45:00,WIX
307.2,307.46,304.63,305.23,26918,2021-03-09 20:50:00,WIX
305.24,305.24,303.31,304.87,39196,2021-03-09 20:55:00,WIX
304.62,304.62,304.62,304.62,30518,2021-03-09 21:00:00,WIX
304.65,304.65,304.63,304.63,382,2021-03-09 21:15:00,WIX
304.63,306.0,304.63,305.0,1060,2021-03-09 21:25:00,WIX
304.62,304.62,304.62,304.62,2545,2021-03-09 21:30:00,WIX
308.08,308.09,308.08,308.09,500,2021-03-10 13:50:00,WIX
311.0,313.85,310.18,310.18,8209,2021-03-10 14:30:00,WIX
311.03,311.03,307.2,310.1089,4138,2021-03-10 14:35:00,WIX
308.9689,309.6,307.88,309.6,2200,2021-03-10 14:40:00,WIX
309.42,310.76,308.23,309.005,3961,2021-03-10 14:45:00,WIX
309.575,312.95,309.4,311.5,12100,2021-03-10 14:50:00,WIX
311.4,311.4,306.8,311.0,12187,2021-03-10 14:55:00,WIX
311.43,312.14,307.45,311.53,15702,2021-03-10 15:00:00,WIX
311.22,312.49,309.51,312.02,11152,2021-03-10 15:05:00,WIX
309.51,311.24,309.28,311.18,6851,2021-03-10 15:10:00,WIX
309.83,310.36,308.535,308.535,3932,2021-03-10 15:15:00,WIX
308.925,308.93,306.0906,306.38,4702,2021-03-10 15:20:00,WIX
305.55,305.55,303.3565,303.44,7028,2021-03-10 15:25:00,WIX
303.94,305.28,302.8,305.28,4223,2021-03-10 15:30:00,WIX
304.2,306.15,302.92,302.92,3203,2021-03-10 15:35:00,WIX
303.1105,304.6822,300.9101,304.6822,2548,2021-03-10 15:40:00,WIX
305.29,307.27,304.0,304.0,2020,2021-03-10 15:45:00,WIX
303.11,303.48,301.3887,302.08,3298,2021-03-10 15:50:00,WIX
303.88,305.14,303.1,303.69,1200,2021-03-10 15:55:00,WIX
304.71,304.8,304.531,304.531,661,2021-03-10 16:00:00,WIX
303.6,304.3,303.6,304.1,1839,2021-03-10 16:05:00,WIX
304.32,305.885,304.105,305.68,1700,2021-03-10 16:10:00,WIX
306.79,306.79,306.79,306.79,100,2021-03-10 16:15:00,WIX
304.64,304.72,303.11,303.94,943,2021-03-10 16:20:00,WIX
304.89,304.91,304.235,304.68,700,2021-03-10 16:25:00,WIX
304.685,305.76,303.8696,305.52,1580,2021-03-10 16:30:00,WIX
304.59,304.68,303.67,304.68,400,2021-03-10 16:35:00,WIX
303.65,304.89,302.555,302.88,2900,2021-03-10 16:40:00,WIX
302.95,304.35,302.81,304.35,2300,2021-03-10 16:45:00,WIX
304.2,304.23,302.72,303.64,900,2021-03-10 16:50:00,WIX
303.73,303.94,302.63,302.84,1008,2021-03-10 16:55:00,WIX
302.025,303.71,301.2,303.71,8300,2021-03-10 17:00:00,WIX
302.29,303.085,302.29,303.085,200,2021-03-10 17:05:00,WIX
301.55,303.84,301.55,303.84,800,2021-03-10 17:10:00,WIX
301.59,302.58,301.59,301.96,1077,2021-03-10 17:15:00,WIX
302.41,302.54,301.63,302.0,700,2021-03-10 17:20:00,WIX
301.105,301.105,299.99,300.55,3130,2021-03-10 17:25:00,WIX
300.83,301.25,299.0631,300.72,2650,2021-03-10 17:30:00,WIX
299.39,300.3,298.19,298.38,1300,2021-03-10 17:35:00,WIX
297.71,299.01,297.64,297.9,2744,2021-03-10 17:40:00,WIX
298.6,300.93,298.6,300.93,2763,2021-03-10 17:45:00,WIX
300.64,301.3,299.97,301.14,1200,2021-03-10 17:50:00,WIX
300.33,300.33,299.07,300.2,2500,2021-03-10 17:55:00,WIX
300.5,300.57,298.45,299.4,3510,2021-03-10 18:00:00,WIX
297.93,299.45,297.93,299.45,700,2021-03-10 18:05:00,WIX
299.77,299.91,298.1801,299.08,1742,2021-03-10 18:10:00,WIX
298.56,299.89,297.96,297.96,1100,2021-03-10 18:15:00,WIX
298.6,299.46,297.57,297.65,6177,2021-03-10 18:20:00,WIX
297.975,298.43,297.01,297.9,4290,2021-03-10 18:25:00,WIX
297.95,298.725,297.72,297.72,600,2021-03-10 18:30:00,WIX
297.0,297.59,294.49,294.8222,3252,2021-03-10 18:35:00,WIX
294.14,294.83,293.5,294.48,3906,2021-03-10 18:40:00,WIX
293.0,294.07,293.0,294.07,1600,2021-03-10 18:45:00,WIX
294.84,295.1,294.35,294.35,600,2021-03-10 18:50:00,WIX
294.63,294.7,294.05,294.05,900,2021-03-10 18:55:00,WIX
294.05,294.11,294.0125,294.11,500,2021-03-10 19:00:00,WIX
294.21,294.35,293.7,293.845,1903,2021-03-10 19:05:00,WIX
293.765,294.855,293.765,294.855,1002,2021-03-10 19:10:00,WIX
294.63,295.8,294.52,295.8,1700,2021-03-10 19:15:00,WIX
295.33,295.37,294.09,294.09,1633,2021-03-10 19:20:00,WIX
294.095,295.56,294.095,295.56,1713,2021-03-10 19:25:00,WIX
295.26,295.345,294.65,294.86,2798,2021-03-10 19:30:00,WIX
295.1,296.0,295.1,296.0,1406,2021-03-10 19:35:00,WIX
296.0099,296.53,295.7,296.14,765,2021-03-10 19:40:00,WIX
296.56,298.66,296.56,298.66,1100,2021-03-10 19:45:00,WIX
299.38,299.84,297.92,297.92,3998,2021-03-10 19:50:00,WIX
298.395,298.97,298.395,298.97,700,2021-03-10 19:55:00,WIX
299.0,299.015,298.35,298.35,1380,2021-03-10 20:00:00,WIX
298.28,298.29,297.46,297.8,1400,2021-03-10 20:05:00,WIX
297.82,297.82,297.37,297.37,1000,2021-03-10 20:10:00,WIX
297.6,298.32,297.37,298.32,1508,2021-03-10 20:15:00,WIX
298.19,298.43,297.675,298.22,2300,2021-03-10 20:20:00,WIX
297.98,298.73,297.785,297.915,3426,2021-03-10 20:25:00,WIX
298.29,299.96,297.8,299.96,4751,2021-03-10 20:30:00,WIX
300.58,300.61,299.92,300.13,4748,2021-03-10 20:35:00,WIX
299.89,299.89,295.01,295.01,9462,2021-03-10 20:40:00,WIX
295.01,296.425,294.08,294.79,20945,2021-03-10 20:45:00,WIX
294.79,294.79,291.01,291.42,37566,2021-03-10 20:50:00,WIX
291.36,292.16,289.0187,291.21,82948,2021-03-10 20:55:00,WIX
291.21,291.21,291.21,291.21,38896,2021-03-10 21:00:00,WIX
291.21,291.21,291.21,291.21,821,2021-03-10 21:40:00,WIX
291.21,291.21,291.21,291.21,17092,2021-03-10 21:45:00,WIX
292.0,292.0,292.0,292.0,299,2021-03-10 21:50:00,WIX
303.5,304.5,301.0,304.215,9417,2021-03-11 14:30:00,WIX
304.39,304.39,302.26,302.8,1400,2021-03-11 14:35:00,WIX
302.7,304.45,301.65,301.8951,1205,2021-03-11 14:40:00,WIX
299.755,300.76,298.785,298.785,3007,2021-03-11 14:45:00,WIX
299.48,300.0,296.93,297.98,3276,2021-03-11 14:50:00,WIX
298.79,298.9,294.0,295.2,7508,2021-03-11 14:55:00,WIX
295.83,299.76,295.5675,299.76,2050,2021-03-11 15:00:00,WIX
299.62,299.62,295.5,295.5,1550,2021-03-11 15:05:00,WIX
296.26,297.53,295.7,295.7,1400,2021-03-11 15:10:00,WIX
296.695,298.36,295.01,295.01,3020,2021-03-11 15:15:00,WIX
295.2,298.645,295.0,298.645,5091,2021-03-11 15:20:00,WIX
299.32,300.3,299.32,300.175,2200,2021-03-11 15:25:00,WIX
300.295,300.865,299.38,299.515,2400,2021-03-11 15:30:00,WIX
299.89,300.85,299.525,300.85,1300,2021-03-11 15:35:00,WIX
300.51,301.14,299.665,300.35,8083,2021-03-11 15:40:00,WIX
300.29,301.27,300.29,300.93,2735,2021-03-11 15:45:00,WIX
301.255,301.85,301.16,301.83,1829,2021-03-11 15:50:00,WIX
301.75,302.69,301.3,302.65,3703,2021-03-11 15:55:00,WIX
302.83,303.05,302.295,302.82,6077,2021-03-11 16:00:00,WIX
302.7675,303.09,300.6,300.63,6409,2021-03-11 16:05:00,WIX
300.99,301.79,300.99,301.555,1200,2021-03-11 16:10:00,WIX
301.79,302.54,301.33,302.1,5901,2021-03-11 16:15:00,WIX
302.2,303.19,302.2,302.5675,3964,2021-03-11 16:20:00,WIX
302.26,303.18,301.74,303.0,2000,2021-03-11 16:25:00,WIX
302.98,307.19,302.61,306.95,13070,2021-03-11 16:30:00,WIX
306.337,307.09,305.575,306.95,4000,2021-03-11 16:35:00,WIX
306.49,307.48,306.49,306.94,2100,2021-03-11 16:40:00,WIX
306.94,307.13,306.47,306.47,3369,2021-03-11 16:45:00,WIX
306.98,307.53,306.18,306.365,4615,2021-03-11 16:50:00,WIX
306.28,306.63,305.4923,305.4923,11093,2021-03-11 16:55:00,WIX
305.635,305.635,304.02,304.73,4028,2021-03-11 17:00:00,WIX
304.695,306.765,304.695,306.76,2050,2021-03-11 17:05:00,WIX
306.88,307.23,306.45,306.75,700,2021-03-11 17:10:00,WIX
306.825,306.83,305.18,305.555,2249,2021-03-11 17:15:00,WIX
305.57,306.41,305.51,306.005,2152,2021-03-11 17:20:00,WIX
306.4,306.4,305.1401,306.02,2200,2021-03-11 17:25:00,WIX
306.54,306.67,305.5,306.09,1200,2021-03-11 17:30:00,WIX
305.17,305.73,305.05,305.73,2575,2021-03-11 17:35:00,WIX
305.74,305.74,305.74,305.74,100,2021-03-11 17:40:00,WIX
305.74,306.17,305.74,305.95,800,2021-03-11 17:45:00,WIX
306.16,306.58,305.73,305.73,1308,2021-03-11 17:50:00,WIX
305.69,305.84,305.69,305.84,400,2021-03-11 17:55:00,WIX
306.41,306.57,306.065,306.28,1850,2021-03-11 18:00:00,WIX
306.34,306.51,305.82,305.82,4000,2021-03-11 18:05:00,WIX
306.15,306.31,306.035,306.31,400,2021-03-11 18:10:00,WIX
305.9533,306.51,305.67,305.67,6996,2021-03-11 18:15:00,WIX
306.06,306.39,305.93,306.145,1600,2021-03-11 18:20:00,WIX
306.013,306.51,305.97,306.4,1970,2021-03-11 18:25:00,WIX
306.235,306.47,305.62,305.765,800,2021-03-11 18:30:00,WIX
305.95,306.31,305.745,306.165,7486,2021-03-11 18:35:00,WIX
306.185,306.195,305.5554,305.5554,1250,2021-03-11 18:40:00,WIX
305.955,306.39,305.82,306.33,1800,2021-03-11 18:45:00,WIX
306.35,306.35,305.97,305.97,1000,2021-03-11 18:50:00,WIX
305.84,306.09,305.54,305.745,3067,2021-03-11 18:55:00,WIX
305.7237,305.94,305.43,305.9,1100,2021-03-11 19:00:00,WIX
305.9,306.55,305.47,305.93,2816,2021-03-11 19:05:00,WIX
305.75,305.88,305.26,305.88,2341,2021-03-11 19:10:00,WIX
305.645,306.45,305.57,306.2,819,2021-03-11 19:15:00,WIX
305.91,306.245,305.91,306.15,1850,2021-03-11 19:20:00,WIX
306.175,306.33,305.71,305.71,1200,2021-03-11 19:25:00,WIX
305.71,306.0,305.65,306.0,1700,2021-03-11 19:30:00,WIX
305.725,305.9,305.51,305.51,610,2021-03-11 19:35:00,WIX
305.9,306.6,305.9,306.395,3964,2021-03-11 19:40:00,WIX
306.19,306.19,305.63,305.63,3347,2021-03-11 19:45:00,WIX
305.72,305.725,305.12,305.15,1500,2021-03-11 19:50:00,WIX
305.0899,305.0899,304.92,305.0,750,2021-03-11 19:55:00,WIX
305.0,305.0,304.19,304.4,2226,2021-03-11 20:00:00,WIX
304.63,305.4,304.59,305.4,600,2021-03-11 20:05:00,WIX
305.16,305.67,305.12,305.67,1900,2021-03-11 20:10:00,WIX
305.76,306.03,304.84,304.88,4096,2021-03-11 20:15:00,WIX
304.94,305.09,304.57,304.845,1527,2021-03-11 20:20:00,WIX
304.84,304.84,303.56,304.1,4738,2021-03-11 20:25:00,WIX
304.1,304.345,303.865,304.23,1200,2021-03-11 20:30:00,WIX
303.74,303.985,303.61,303.931,2150,2021-03-11 20:35:00,WIX
304.12,304.31,303.81,304.08,2485,2021-03-11 20:40:00,WIX
304.2,305.23,304.0,304.69,8158,2021-03-11 20:45:00,WIX
304.86,305.05,304.14,304.68,11996,2021-03-11 20:50:00,WIX
304.47,304.51,302.92,303.6901,26067,2021-03-11 20:55:00,WIX
303.67,303.67,303.67,303.67,17576,2021-03-11 21:00:00,WIX
303.67,303.67,303.67,303.67,1876,2021-03-11 21:30:00,WIX
297.69,298.4,294.26,295.99,10277,2021-03-12 14:30:00,WIX
295.26,295.26,293.39,293.39,700,2021-03-12 14:35:00,WIX
294.075,294.075,293.85,293.85,200,2021-03-12 14:40:00,WIX
294.15,296.97,294.15,296.97,735,2021-03-12 14:45:00,WIX
297.59,300.09,297.59,298.825,600,2021-03-12 14:50:00,WIX
299.0,299.47,297.81,297.81,1909,2021-03-12 14:55:00,WIX
298.27,298.35,298.27,298.35,200,2021-03-12 15:00:00,WIX
297.73,298.31,296.0001,297.66,1290,2021-03-12 15:05:00,WIX
296.975,297.8464,296.0,296.235,2014,2021-03-12 15:10:00,WIX
295.08,299.26,295.08,296.09,8634,2021-03-12 15:15:00,WIX
296.09,296.7,295.56,296.7,1896,2021-03-12 15:20:00,WIX
296.53,297.09,295.08,295.75,10879,2021-03-12 15:25:00,WIX
297.4,297.4,295.0,295.2471,800,2021-03-12 15:30:00,WIX
294.59,294.59,293.0,293.0,900,2021-03-12 15:35:00,WIX
293.08,295.1899,293.08,294.55,2602,2021-03-12 15:40:00,WIX
293.47,294.61,293.34,293.58,400,2021-03-12 15:45:00,WIX
293.6,293.6,291.81,291.81,2673,2021-03-12 15:50:00,WIX
291.4,291.74,290.92,290.92,2818,2021-03-12 15:55:00,WIX
291.29,291.97,290.59,291.49,1662,2021-03-12 16:00:00,WIX
291.0,292.038,291.0,291.31,1397,2021-03-12 16:05:00,WIX
291.34,292.56,291.34,291.58,1500,2021-03-12 16:10:00,WIX
291.55,292.975,291.55,292.96,1300,2021-03-12 16:15:00,WIX
292.9708,293.19,292.9708,293.19,1200,2021-03-12 16:20:00,WIX
292.975,293.465,292.72,293.38,1252,2021-03-12 16:25:00,WIX
293.39,294.5895,293.385,294.48,3268,2021-03-12 16:30:00,WIX
294.41,295.34,294.23,295.27,16536,2021-03-12 16:35:00,WIX
295.83,297.25,295.45,295.68,1556,2021-03-12 16:40:00,WIX
296.66,296.66,295.27,295.9,3640,2021-03-12 16:45:00,WIX
296.28,297.14,296.28,297.14,600,2021-03-12 16:50:00,WIX
296.83,297.15,296.28,297.15,1500,2021-03-12 16:55:00,WIX
297.5,298.22,297.43,297.485,1859,2021-03-12 17:00:00,WIX
296.99,298.7,296.99,298.7,1282,2021-03-12 17:05:00,WIX
298.62,298.62,297.515,298.36,1100,2021-03-12 17:10:00,WIX
298.28,298.94,298.28,298.64,1094,2021-03-12 17:15:00,WIX
298.52,298.94,297.92,297.92,1300,2021-03-12 17:20:00,WIX
298.2195,299.48,297.64,299.48,1000,2021-03-12 17:25:00,WIX
299.26,300.23,299.11,300.23,600,2021-03-12 17:30:00,WIX
300.2,300.21,297.03,297.38,7774,2021-03-12 17:35:00,WIX
297.0,297.0,296.82,296.82,200,2021-03-12 17:40:00,WIX
296.565,297.13,296.565,297.0,5928,2021-03-12 17:45:00,WIX
297.02,297.13,296.695,296.695,600,2021-03-12 17:50:00,WIX
296.45,296.45,295.08,296.22,2957,2021-03-12 17:55:00,WIX
296.48,296.48,296.48,296.48,100,2021-03-12 18:00:00,WIX
296.15,296.75,296.15,296.6,500,2021-03-12 18:05:00,WIX
296.535,296.6675,295.97,296.015,8480,2021-03-12 18:10:00,WIX
295.9,296.6,295.495,296.0,1995,2021-03-12 18:15:00,WIX
295.69,295.69,295.1,295.1,950,2021-03-12 18:20:00,WIX
294.98,295.71,294.94,295.71,1200,2021-03-12 18:25:00,WIX
295.315,296.08,295.315,296.03,1570,2021-03-12 18:30:00,WIX
295.87,296.38,295.81,296.2,5437,2021-03-12 18:35:00,WIX
296.48,298.43,296.19,298.21,2887,2021-03-12 18:40:00,WIX
298.27,298.31,297.47,297.685,1674,2021-03-12 18:45:00,WIX
298.04,298.32,298.04,298.32,200,2021-03-12 18:50:00,WIX
297.9,298.51,297.18,297.18,750,2021-03-12 18:55:00,WIX
297.36,297.36,295.69,295.97,1000,2021-03-12 19:00:00,WIX
295.84,295.84,295.46,295.46,636,2021-03-12 19:05:00,WIX
295.82,295.945,295.82,295.945,200,2021-03-12 19:10:00,WIX
295.36,295.36,294.42,294.6146,1476,2021-03-12 19:15:00,WIX
294.63,294.9,294.25,294.86,800,2021-03-12 19:20:00,WIX
294.84,295.06,294.19,295.06,2750,2021-03-12 19:25:00,WIX
294.7,295.1,294.7,295.1,200,2021-03-12 19:30:00,WIX
295.235,295.83,294.91,295.01,1450,2021-03-12 19:35:00,WIX
295.825,296.38,295.825,296.38,300,2021-03-12 19:40:00,WIX
295.8801,296.265,295.8801,296.265,620,2021-03-12 19:45:00,WIX
295.96,296.5,295.96,296.5,1300,2021-03-12 19:50:00,WIX
296.45,296.59,295.77,295.875,1300,2021-03-12 19:55:00,WIX
295.6,295.6,295.19,295.35,400,2021-03-12 20:00:00,WIX
294.95,295.955,294.84,295.955,800,2021-03-12 20:05:00,WIX
295.32,295.85,295.2437,295.2437,1868,2021-03-12 20:10:00,WIX
295.63,296.04,295.345,296.0,1559,2021-03-12 20:15:00,WIX
296.06,296.06,296.06,296.06,100,2021-03-12 20:20:00,WIX
295.72,296.02,295.63,295.665,1290,2021-03-12 20:25:00,WIX
296.05,296.39,296.05,296.39,600,2021-03-12 20:30:00,WIX
296.79,298.31,296.54,298.31,2402,2021-03-12 20:35:00,WIX
298.5,299.44,298.2401,298.44,4000,2021-03-12 20:40:00,WIX
298.4619,299.11,298.4619,298.8,1700,2021-03-12 20:45:00,WIX
298.54,300.36,298.52,299.87,11873,2021-03-12 20:50:00,WIX
300.35,300.63,299.81,300.31,13512,2021-03-12 20:55:00,WIX
300.22,300.22,300.22,300.22,16224,2021-03-12 21:00:00,WIX
300.37,300.37,300.37,300.37,580,2021-03-12 21:10:00,WIX
300.22,300.22,300.22,300.22,1373,2021-03-12 22:10:00,WIX
302.7,304.94,299.0071,304.65,13244,2021-03-15 13:30:00,WIX
301.64,304.57,300.745,303.0,3273,2021-03-15 13:35:00,WIX
301.85,302.82,297.95,297.95,4842,2021-03-15 13:40:00,WIX
298.47,299.395,298.02,299.395,500,2021-03-15 13:45:00,WIX
300.42,300.42,299.595,299.595,200,2021-03-15 13:50:00,WIX
300.6,302.13,300.6,301.25,500,2021-03-15 13:55:00,WIX
301.8,301.93,301.8,301.93,205,2021-03-15 14:00:00,WIX
301.47,301.47,299.31,299.31,300,2021-03-15 14:05:00,WIX
300.7,302.35,300.31,302.35,700,2021-03-15 14:10:00,WIX
301.23,302.2,300.1,302.2,500,2021-03-15 14:15:00,WIX
300.13,302.0653,300.13,300.22,600,2021-03-15 14:20:00,WIX
300.05,300.05,296.8715,296.8715,1516,2021-03-15 14:25:00,WIX
298.04,298.06,296.24,296.24,3040,2021-03-15 14:30:00,WIX
297.3,297.3,294.21,295.44,2950,2021-03-15 14:35:00,WIX
295.4,297.55,295.4,297.55,2203,2021-03-15 14:40:00,WIX
297.95,298.56,297.95,298.53,1300,2021-03-15 14:45:00,WIX
298.37,298.38,296.86,296.86,1100,2021-03-15 14:50:00,WIX
296.85,297.4,295.64,297.0,2877,2021-03-15 14:55:00,WIX
297.1,297.945,296.0894,297.945,1100,2021-03-15 15:00:00,WIX
298.4,298.78,298.26,298.59,1370,2021-03-15 15:05:00,WIX
298.9,298.9,298.18,298.18,312,2021-03-15 15:10:00,WIX
298.405,298.545,297.71,298.05,1200,2021-03-15 15:15:00,WIX
298.26,298.29,296.0421,296.0421,1006,2021-03-15 15:25:00,WIX
296.07,297.26,296.07,296.32,600,2021-03-15 15:30:00,WIX
296.84,297.035,295.97,295.97,1400,2021-03-15 15:35:00,WIX
296.275,296.3,295.42,295.42,2578,2021-03-15 15:40:00,WIX
296.21,297.23,296.21,297.23,700,2021-03-15 15:45:00,WIX
296.54,297.98,296.54,297.67,500,2021-03-15 15:50:00,WIX
297.353,298.19,297.353,297.95,791,2021-03-15 16:00:00,WIX
298.44,299.57,298.44,299.57,2000,2021-03-15 16:05:00,WIX
299.77,300.42,299.77,300.26,600,2021-03-15 16:10:00,WIX
299.93,300.255,299.66,299.74,1200,2021-03-15 16:15:00,WIX
300.05,300.05,298.41,298.41,900,2021-03-15 16:20:00,WIX
298.1108,299.195,298.1108,299.195,400,2021-03-15 16:25:00,WIX
299.51,299.55,299.295,299.295,300,2021-03-15 16:30:00,WIX
299.32,299.86,298.6023,298.6023,2004,2021-03-15 16:35:00,WIX
298.5,298.5,298.03,298.15,300,2021-03-15 16:40:00,WIX
297.76,297.93,297.76,297.93,200,2021-03-15 16:45:00,WIX
297.47,297.52,296.705,296.705,1000,2021-03-15 16:50:00,WIX
297.31,297.72,296.49,296.61,2400,2021-03-15 16:55:00,WIX
297.235,297.76,297.235,297.76,400,2021-03-15 17:00:00,WIX
298.0,298.25,298.0,298.1,500,2021-03-15 17:05:00,WIX
297.8,297.8,297.6,297.6,400,2021-03-15 17:10:00,WIX
297.38,297.7,297.38,297.7,700,2021-03-15 17:15:00,WIX
297.52,297.855,297.265,297.7,900,2021-03-15 17:20:00,WIX
298.13,298.16,298.11,298.16,400,2021-03-15 17:30:00,WIX
298.32,298.69,297.995,298.69,740,2021-03-15 17:35:00,WIX
298.69,298.88,298.69,298.745,700,2021-03-15 17:40:00,WIX
298.86,299.76,298.86,299.275,4056,2021-03-15 17:45:00,WIX
299.05,299.07,298.24,298.24,1600,2021-03-15 17:50:00,WIX
297.94,298.45,297.46,298.45,725,2021-03-15 17:55:00,WIX
298.81,299.05,298.62,298.955,1300,2021-03-15 18:00:00,WIX
298.79,298.86,298.5,298.57,1800,2021-03-15 18:05:00,WIX
298.6,299.61,298.54,299.44,2875,2021-03-15 18:10:00,WIX
299.5,299.94,299.1,299.52,3100,2021-03-15 18:15:00,WIX
299.52,299.73,299.11,299.58,1350,2021-03-15 18:20:00,WIX
299.22,299.7,299.17,299.3,800,2021-03-15 18:25:00,WIX
299.44,300.475,299.44,300.01,1800,2021-03-15 18:30:00,WIX
299.97,300.21,299.85,300.1,2457,2021-03-15 18:35:00,WIX
300.115,300.305,300.06,300.305,1100,2021-03-15 18:40:00,WIX
300.3,300.6,300.2,300.215,2656,2021-03-15 18:45:00,WIX
300.24,300.79,300.125,300.19,2409,2021-03-15 18:50:00,WIX
300.06,300.235,300.06,300.235,400,2021-03-15 18:55:00,WIX
300.1319,300.44,299.73,299.73,900,2021-03-15 19:00:00,WIX
299.8,300.49,299.73,300.49,1600,2021-03-15 19:05:00,WIX
300.46,300.485,300.24,300.24,1335,2021-03-15 19:10:00,WIX
299.76,300.095,298.83,299.14,1317,2021-03-15 19:15:00,WIX
299.335,299.335,298.51,298.51,1515,2021-03-15 19:20:00,WIX
298.76,299.09,298.6589,299.025,2850,2021-03-15 19:25:00,WIX
299.35,300.2,299.265,299.95,900,2021-03-15 19:30:00,WIX
299.89,300.11,299.32,299.32,2800,2021-03-15 19:35:00,WIX
299.39,299.765,299.18,299.56,2800,2021-03-15 19:40:00,WIX
299.71,300.37,299.4,299.91,5103,2021-03-15 19:45:00,WIX
299.87,300.73,299.8,300.5199,6892,2021-03-15 19:50:00,WIX
300.54,301.53,300.03,301.53,20520,2021-03-15 19:55:00,WIX
301.2,301.2,301.2,301.2,15055,2021-03-15 20:00:00,WIX
301.2,301.2,301.2,301.2,622,2021-03-15 20:35:00,WIX
302.17,304.69,302.01,304.69,3070,2021-03-16 13:30:00,WIX
304.7,304.7,304.7,304.7,100,2021-03-16 13:35:00,WIX
303.67,305.25,302.69,305.15,1734,2021-03-16 13:40:00,WIX
306.42,308.68,305.55,308.68,8781,2021-03-16 13:45:00,WIX
308.11,311.58,307.25,310.49,19283,2021-03-16 13:50:00,WIX
309.8,311.98,309.0001,309.3,5400,2021-03-16 13:55:00,WIX
309.0,310.25,309.0,309.24,3838,2021-03-16 14:00:00,WIX
307.38,307.38,304.135,305.25,11602,2021-03-16 14:05:00,WIX
305.16,305.98,304.435,305.805,2257,2021-03-16 14:10:00,WIX
305.8,305.96,305.0,305.95,1500,2021-03-16 14:15:00,WIX
305.47,306.23,305.47,306.23,1500,2021-03-16 14:20:00,WIX
305.77,306.94,305.62,306.305,1100,2021-03-16 14:25:00,WIX
306.69,308.81,306.69,308.52,2163,2021-03-16 14:30:00,WIX
307.81,308.1,307.0,307.77,1341,2021-03-16 14:35:00,WIX
308.66,308.66,307.0,307.57,1870,2021-03-16 14:40:00,WIX
307.56,309.18,307.56,308.3068,2935,2021-03-16 14:45:00,WIX
307.54,308.5336,307.54,308.5336,504,2021-03-16 14:50:00,WIX
308.3,308.99,308.3,308.67,1300,2021-03-16 14:55:00,WIX
308.05,308.52,307.2,308.47,2645,2021-03-16 15:00:00,WIX
307.06,307.06,307.06,307.06,100,2021-03-16 15:05:00,WIX
307.2,307.55,307.03,307.03,600,2021-03-16 15:10:00,WIX
307.58,307.9,307.0001,307.415,617,2021-03-16 15:15:00,WIX
307.42,307.42,307.0,307.42,1700,2021-03-16 15:20:00,WIX
307.01,307.41,306.6,306.6,1500,2021-03-16 15:25:00,WIX
306.88,308.51,306.88,307.32,4597,2021-03-16 15:30:00,WIX
307.01,308.92,306.9,308.15,4165,2021-03-16 15:35:00,WIX
308.0,308.12,307.43,307.66,900,2021-03-16 15:40:00,WIX
307.0,307.305,306.53,306.885,2700,2021-03-16 15:45:00,WIX
307.58,307.71,307.35,307.35,550,2021-03-16 15:50:00,WIX
307.3715,307.595,306.83,306.83,1300,2021-03-16 15:55:00,WIX
307.08,307.215,306.69,307.215,600,2021-03-16 16:00:00,WIX
306.86,306.86,306.3,306.42,1431,2021-03-16 16:05:00,WIX
306.14,306.59,306.14,306.535,1900,2021-03-16 16:10:00,WIX
305.47,305.47,304.51,304.98,2128,2021-03-16 16:15:00,WIX
305.565,305.565,303.42,303.685,2590,2021-03-16 16:20:00,WIX
303.73,303.86,302.98,302.98,1600,2021-03-16 16:25:00,WIX
303.83,303.83,303.63,303.63,257,2021-03-16 16:30:00,WIX
304.095,304.52,303.6625,303.935,1350,2021-03-16 16:35:00,WIX
304.38,304.38,304.38,304.38,100,2021-03-16 16:40:00,WIX
304.27,304.27,304.03,304.03,400,2021-03-16 16:45:00,WIX
304.03,304.38,303.88,304.37,1300,2021-03-16 16:50:00,WIX
304.05,304.05,303.48,304.02,933,2021-03-16 16:55:00,WIX
304.475,305.26,304.02,305.26,600,2021-03-16 17:00:00,WIX
304.53,305.78,304.53,305.78,450,2021-03-16 17:05:00,WIX
305.81,306.83,305.81,306.31,700,2021-03-16 17:10:00,WIX
306.07,306.52,306.07,306.07,400,2021-03-16 17:15:00,WIX
305.69,305.82,305.39,305.5031,1060,2021-03-16 17:20:00,WIX
305.78,306.42,304.85,304.85,2661,2021-03-16 17:25:00,WIX
304.87,304.87,304.35,304.52,836,2021-03-16 17:30:00,WIX
304.515,304.515,303.35,304.05,1594,2021-03-16 17:35:00,WIX
304.05,304.17,303.48,303.48,700,2021-03-16 17:40:00,WIX
303.565,304.06,303.52,303.62,2796,2021-03-16 17:45:00,WIX
303.86,304.55,303.47,303.98,3001,2021-03-16 17:50:00,WIX
304.37,304.67,303.61,304.29,3156,2021-03-16 17:55:00,WIX
304.02,304.275,303.85,304.045,830,2021-03-16 18:00:00,WIX
304.01,304.42,302.415,302.495,1700,2021-03-16 18:05:00,WIX
302.26,303.045,302.15,303.045,1492,2021-03-16 18:10:00,WIX
303.055,303.055,302.935,302.935,400,2021-03-16 18:15:00,WIX
302.93,302.93,301.85,302.11,2540,2021-03-16 18:20:00,WIX
301.705,301.705,300.2,300.2,2516,2021-03-16 18:25:00,WIX
300.26,301.04,299.72,299.72,2109,2021-03-16 18:30:00,WIX
299.94,299.95,299.04,299.57,1300,2021-03-16 18:35:00,WIX
299.07,299.11,298.25,298.25,1757,2021-03-16 18:40:00,WIX
298.31,299.34,298.31,299.34,300,2021-03-16 18:45:00,WIX
299.34,300.53,299.13,299.92,1750,2021-03-16 18:50:00,WIX
299.775,299.875,299.2,299.58,1200,2021-03-16 18:55:00,WIX
298.93,298.93,298.42,298.695,700,2021-03-16 19:00:00,WIX
299.44,300.15,299.44,299.79,900,2021-03-16 19:05:00,WIX
299.6,299.91,299.6,299.73,997,2021-03-16 19:10:00,WIX
300.12,300.12,299.96,299.96,733,2021-03-16 19:15:00,WIX
300.3,300.67,300.0,300.67,1700,2021-03-16 19:20:00,WIX
300.16,300.43,299.8,300.43,1400,2021-03-16 19:25:00,WIX
300.25,301.4509,300.25,301.35,2300,2021-03-16 19:30:00,WIX
301.61,301.61,300.56,300.56,2450,2021-03-16 19:35:00,WIX
301.05,301.05,300.51,300.88,700,2021-03-16 19:40:00,WIX
300.79,301.03,299.87,300.07,4500,2021-03-16 19:45:00,WIX
300.17,301.36,299.84,301.35,6570,2021-03-16 19:50:00,WIX
300.86,301.6,300.52,301.0,17440,2021-03-16 19:55:00,WIX
301.53,301.53,301.53,301.53,21045,2021-03-16 20:00:00,WIX
301.53,301.53,301.53,301.53,11088,2021-03-16 20:25:00,WIX
301.53,301.53,301.53,301.53,1210,2021-03-16 20:35:00,WIX
301.5,301.5,301.5,301.5,100,2021-03-17 10:55:00,WIX
297.0,297.65,291.25,292.4994,9130,2021-03-17 13:30:00,WIX
291.39,294.6,289.49,290.69,6420,2021-03-17 13:35:00,WIX
290.1,294.9,290.1,294.9,1400,2021-03-17 13:40:00,WIX
294.865,294.89,293.0,293.17,1300,2021-03-17 13:45:00,WIX
294.865,296.705,293.3,294.18,2224,2021-03-17 13:50:00,WIX
294.325,295.93,294.17,295.23,3389,2021-03-17 13:55:00,WIX
294.93,297.34,294.93,297.095,1225,2021-03-17 14:00:00,WIX
296.39,298.99,296.07,297.835,14354,2021-03-17 14:05:00,WIX
298.79,299.74,297.315,298.2,3839,2021-03-17 14:10:00,WIX
298.1375,299.76,298.1375,299.0,2441,2021-03-17 14:15:00,WIX
298.83,300.41,298.655,300.08,6212,2021-03-17 14:20:00,WIX
299.84,300.615,297.62,298.92,2716,2021-03-17 14:25:00,WIX
298.22,298.22,297.38,297.7801,1300,2021-03-17 14:30:00,WIX
298.655,299.74,297.65,297.65,1650,2021-03-17 14:35:00,WIX
297.96,297.96,296.055,296.48,5472,2021-03-17 14:40:00,WIX
296.47,297.08,296.25,296.595,2909,2021-03-17 14:45:00,WIX
296.595,298.21,295.845,298.21,2730,2021-03-17 14:50:00,WIX
298.72,298.72,297.16,297.88,3038,2021-03-17 14:55:00,WIX
298.26,298.26,296.4,296.735,2154,2021-03-17 15:00:00,WIX
296.395,296.825,296.2,296.715,1570,2021-03-17 15:05:00,WIX
296.69,297.1,296.55,296.9,1200,2021-03-17 15:10:00,WIX
296.84,297.105,296.84,297.105,530,2021-03-17 15:15:00,WIX
297.535,297.535,296.79,297.085,1500,2021-03-17 15:20:00,WIX
297.38,298.92,296.18,297.83,17370,2021-03-17 15:25:00,WIX
297.67,297.67,296.94,297.225,3228,2021-03-17 15:30:00,WIX
297.59,297.59,295.67,295.735,1600,2021-03-17 15:35:00,WIX
296.02,296.02,295.02,295.72,1200,2021-03-17 15:40:00,WIX
295.89,296.62,295.39,296.62,2000,2021-03-17 15:45:00,WIX
297.05,297.05,296.675,296.675,1519,2021-03-17 15:50:00,WIX
296.68,296.68,295.57,296.59,4268,2021-03-17 15:55:00,WIX
295.825,296.59,295.25,295.54,27639,2021-03-17 16:00:00,WIX
295.89,297.365,295.685,297.26,17076,2021-03-17 16:05:00,WIX
296.87,297.53,296.38,296.96,4128,2021-03-17 16:10:00,WIX
296.55,297.7,296.38,297.7,1500,2021-03-17 16:15:00,WIX
297.82,297.96,297.37,297.38,1000,2021-03-17 16:20:00,WIX
297.36,298.63,297.28,297.89,1400,2021-03-17 16:25:00,WIX
297.49,298.13,297.105,298.13,4300,2021-03-17 16:30:00,WIX
298.245,298.38,297.76,298.335,6201,2021-03-17 16:35:00,WIX
298.0,298.0,297.3,297.3,300,2021-03-17 16:40:00,WIX
297.88,298.035,297.67,298.02,761,2021-03-17 16:45:00,WIX
297.67,298.66,297.36,297.36,1213,2021-03-17 16:50:00,WIX
297.33,297.51,296.2725,296.2725,500,2021-03-17 16:55:00,WIX
296.72,297.94,296.52,297.94,2121,2021-03-17 17:00:00,WIX
298.5,298.61,296.68,298.22,1407,2021-03-17 17:05:00,WIX
298.635,299.0,298.6,299.0,500,2021-03-17 17:10:00,WIX
298.99,300.14,298.38,300.14,944,2021-03-17 17:15:00,WIX
299.62,299.98,299.62,299.97,300,2021-03-17 17:20:00,WIX
299.86,300.0,299.52,299.53,1150,2021-03-17 17:25:00,WIX
299.25,299.73,299.25,299.6867,1294,2021-03-17 17:30:00,WIX
299.37,299.56,299.27,299.56,300,2021-03-17 17:35:00,WIX
299.52,299.52,299.27,299.27,200,2021-03-17 17:40:00,WIX
298.47,299.72,298.47,299.495,800,2021-03-17 17:45:00,WIX
299.305,299.72,299.185,299.72,1519,2021-03-17 17:50:00,WIX
299.7,299.88,299.39,299.775,1244,2021-03-17 17:55:00,WIX
300.745,303.51,300.44,303.51,1000,2021-03-17 18:00:00,WIX
302.0,303.04,300.485,301.4,8402,2021-03-17 18:05:00,WIX
302.13,304.17,302.13,303.29,3400,2021-03-17 18:10:00,WIX
303.69,303.69,302.605,302.605,2500,2021-03-17 18:15:00,WIX
302.605,304.42,302.605,302.73,2950,2021-03-17 18:20:00,WIX
301.97,302.51,301.28,302.16,3000,2021-03-17 18:25:00,WIX
301.215,301.88,301.215,301.88,848,2021-03-17 18:30:00,WIX
302.53,304.32,302.26,304.0,8208,2021-03-17 18:35:00,WIX
304.47,306.975,304.47,306.46,5600,2021-03-17 18:40:00,WIX
306.78,307.511,306.46,307.511,2226,2021-03-17 18:45:00,WIX
306.61,307.55,306.46,307.4,900,2021-03-17 18:50:00,WIX
307.75,307.915,306.935,307.3185,2365,2021-03-17 18:55:00,WIX
307.78,308.59,307.465,308.43,1800,2021-03-17 19:00:00,WIX
309.0,309.61,308.56,309.54,1891,2021-03-17 19:05:00,WIX
309.265,309.67,308.588,308.588,5000,2021-03-17 19:10:00,WIX
309.38,309.38,308.21,308.21,3200,2021-03-17 19:15:00,WIX
307.58,308.01,306.6,307.45,2800,2021-03-17 19:20:00,WIX
307.5,308.18,307.5,307.72,2728,2021-03-17 19:25:00,WIX
307.945,309.58,307.72,309.52,7172,2021-03-17 19:30:00,WIX
309.37,309.44,308.31,308.335,3000,2021-03-17 19:35:00,WIX
308.73,309.62,308.59,309.075,6083,2021-03-17 19:40:00,WIX
309.05,310.25,308.75,309.95,7796,2021-03-17 19:45:00,WIX
310.31,310.535,308.9,309.94,16144,2021-03-17 19:50:00,WIX
310.36,310.48,307.89,309.44,33802,2021-03-17 19:55:00,WIX
309.44,309.44,309.44,309.44,21021,2021-03-17 20:00:00,WIX
303.66,303.66,300.73,302.37,8392,2021-03-18 13:30:00,WIX
302.275,302.79,299.11,299.76,21942,2021-03-18 13:35:00,WIX
300.215,300.685,297.0,298.49,3246,2021-03-18 13:40:00,WIX
298.17,299.995,297.0,299.98,7984,2021-03-18 13:45:00,WIX
299.77,300.14,298.07,299.14,8100,2021-03-18 13:50:00,WIX
298.74,299.85,297.54,298.02,6338,2021-03-18 13:55:00,WIX
297.5,297.55,295.1301,295.75,2654,2021-03-18 14:00:00,WIX
295.2998,295.725,293.0,293.0,8154,2021-03-18 14:05:00,WIX
293.22,296.155,293.01,295.6006,4653,2021-03-18 14:10:00,WIX
295.37,295.605,294.69,295.425,1179,2021-03-18 14:15:00,WIX
294.78,296.0045,294.78,295.6939,1680,2021-03-18 14:20:00,WIX
296.0,297.625,296.0,296.59,2300,2021-03-18 14:25:00,WIX
296.48,296.48,294.37,294.685,5765,2021-03-18 14:30:00,WIX
295.0,296.19,293.76,295.61,7269,2021-03-18 14:35:00,WIX
296.33,296.35,295.885,295.885,2740,2021-03-18 14:40:00,WIX
295.9,296.09,295.16,295.7,4702,2021-03-18 14:45:00,WIX
295.21,296.32,294.2,296.32,11766,2021-03-18 14:50:00,WIX
296.4481,297.535,295.72,295.72,2000,2021-03-18 14:55:00,WIX
296.785,298.0,296.785,298.0,1400,2021-03-18 15:00:00,WIX
298.025,299.24,297.51,298.685,14491,2021-03-18 15:05:00,WIX
298.26,298.77,298.01,298.0489,7914,2021-03-18 15:10:00,WIX
298.03,298.855,297.95,298.535,10632,2021-03-18 15:15:00,WIX
298.49,298.94,297.9713,298.94,2669,2021-03-18 15:20:00,WIX
298.77,300.2194,298.77,300.2194,1950,2021-03-18 15:25:00,WIX
300.0,300.22,299.02,300.045,4768,2021-03-18 15:30:00,WIX
299.4,299.97,299.235,299.78,3201,2021-03-18 15:35:00,WIX
300.05,300.18,299.67,299.67,624,2021-03-18 15:40:00,WIX
299.965,299.965,299.45,299.57,1218,2021-03-18 15:45:00,WIX
299.57,299.57,298.13,298.13,700,2021-03-18 15:50:00,WIX
298.0,298.81,297.955,298.81,1837,2021-03-18 15:55:00,WIX
298.0,298.345,297.15,297.34,700,2021-03-18 16:00:00,WIX
297.44,298.065,297.35,298.03,2703,2021-03-18 16:05:00,WIX
298.39,299.09,298.245,298.815,1530,2021-03-18 16:10:00,WIX
299.1,299.73,298.96,299.31,1339,2021-03-18 16:15:00,WIX
299.36,300.12,299.36,300.12,900,2021-03-18 16:20:00,WIX
300.465,301.45,300.19,301.45,1800,2021-03-18 16:25:00,WIX
301.075,301.34,300.9,301.34,600,2021-03-18 16:30:00,WIX
301.1,301.31,301.1,301.14,900,2021-03-18 16:35:00,WIX
300.92,300.92,299.97,299.995,800,2021-03-18 16:40:00,WIX
300.35,301.93,300.34,301.6,4733,2021-03-18 16:45:00,WIX
301.725,302.09,300.695,300.695,800,2021-03-18 16:50:00,WIX
300.5,300.765,299.84,300.37,2100,2021-03-18 16:55:00,WIX
300.775,301.16,300.7,301.16,430,2021-03-18 17:00:00,WIX
301.245,301.245,300.335,300.335,705,2021-03-18 17:05:00,WIX
300.465,300.745,299.845,300.745,2146,2021-03-18 17:10:00,WIX
300.7,301.23,300.33,301.22,940,2021-03-18 17:15:00,WIX
301.4,301.655,301.4,301.655,300,2021-03-18 17:20:00,WIX
301.51,301.99,301.39,301.39,1427,2021-03-18 17:25:00,WIX
301.76,301.76,301.31,301.31,376,2021-03-18 17:30:00,WIX
300.94,300.94,300.89,300.93,600,2021-03-18 17:35:00,WIX
300.99,301.51,300.81,301.0,1008,2021-03-18 17:40:00,WIX
301.37,301.37,300.32,300.74,1200,2021-03-18 17:45:00,WIX
301.44,301.765,301.37,301.54,900,2021-03-18 17:50:00,WIX
302.05,302.05,301.985,301.985,200,2021-03-18 17:55:00,WIX
301.89,301.89,300.79,300.79,3402,2021-03-18 18:00:00,WIX
300.735,301.83,300.735,301.58,5802,2021-03-18 18:05:00,WIX
301.38,301.545,300.62,301.545,2315,2021-03-18 18:10:00,WIX
301.495,301.627,300.325,300.325,5354,2021-03-18 18:15:00,WIX
300.45,301.0,300.115,300.115,2212,2021-03-18 18:20:00,WIX
300.175,300.175,299.13,299.13,600,2021-03-18 18:25:00,WIX
298.19,298.705,298.0,298.438,2672,2021-03-18 18:30:00,WIX
298.495,299.33,298.165,299.33,1658,2021-03-18 18:35:00,WIX
298.51,298.51,297.67,298.21,1776,2021-03-18 18:40:00,WIX
298.24,298.54,297.43,298.32,3536,2021-03-18 18:45:00,WIX
298.4,298.58,298.04,298.58,1906,2021-03-18 18:50:00,WIX
298.53,299.27,298.53,298.91,2145,2021-03-18 18:55:00,WIX
298.97,299.06,298.3,298.3,1655,2021-03-18 19:00:00,WIX
297.935,298.48,297.74,298.48,2599,2021-03-18 19:05:00,WIX
298.945,299.18,298.58,298.8575,2100,2021-03-18 19:10:00,WIX
298.55,298.645,298.02,298.02,1812,2021-03-18 19:15:00,WIX
297.86,298.14,297.35,297.515,4000,2021-03-18 19:20:00,WIX
297.49,298.16,297.14,298.16,4165,2021-03-18 19:25:00,WIX
298.56,298.56,298.09,298.54,3352,2021-03-18 19:30:00,WIX
298.65,298.67,298.0,298.24,5134,2021-03-18 19:35:00,WIX
298.33,298.41,297.645,297.85,4539,2021-03-18 19:40:00,WIX
297.97,297.97,297.32,297.675,7728,2021-03-18 19:45:00,WIX
297.5,299.0,297.43,298.82,14811,2021-03-18 19:50:00,WIX
299.0,299.79,298.25,298.95,28500,2021-03-18 19:55:00,WIX
298.5,298.5,298.5,298.5,23277,2021-03-18 20:00:00,WIX
298.5,298.5,298.5,298.5,445,2021-03-18 20:20:00,WIX
296.82,298.29,296.51,297.88,8519,2021-03-19 13:30:00,WIX
297.41,298.44,296.1,297.25,2649,2021-03-19 13:35:00,WIX
295.2,295.2,294.037,294.48,1800,2021-03-19 13:40:00,WIX
295.4497,296.45,293.02,295.6524,3926,2021-03-19 13:45:00,WIX
295.43,296.355,294.5,296.355,993,2021-03-19 13:50:00,WIX
295.96,297.93,295.53,296.14,1400,2021-03-19 13:55:00,WIX
295.55,295.55,291.36,291.36,3455,2021-03-19 14:00:00,WIX
291.76,292.13,289.5,290.55,6994,2021-03-19 14:05:00,WIX
289.5,291.4,288.0,291.3802,11749,2021-03-19 14:10:00,WIX
291.57,291.74,290.795,291.2,2700,2021-03-19 14:15:00,WIX
291.54,294.89,291.05,294.315,5000,2021-03-19 14:20:00,WIX
294.09,295.045,293.83,294.31,5082,2021-03-19 14:25:00,WIX
294.31,295.32,294.31,294.73,2200,2021-03-19 14:30:00,WIX
294.34,296.58,294.255,296.58,2800,2021-03-19 14:35:00,WIX
296.58,297.51,296.28,296.865,3300,2021-03-19 14:40:00,WIX
296.81,297.1,295.7,295.71,2000,2021-03-19 14:45:00,WIX
294.85,296.535,294.5,295.57,3400,2021-03-19 14:50:00,WIX
296.23,297.93,295.745,297.15,8930,2021-03-19 14:55:00,WIX
297.065,297.41,296.14,296.655,4752,2021-03-19 15:00:00,WIX
296.655,297.09,295.5,296.81,7228,2021-03-19 15:05:00,WIX
296.355,297.63,295.91,297.61,5650,2021-03-19 15:10:00,WIX
297.37,297.635,294.405,294.4875,20672,2021-03-19 15:15:00,WIX
294.11,295.29,292.21,292.21,6270,2021-03-19 15:20:00,WIX
292.18,292.33,289.73,291.437,11558,2021-03-19 15:25:00,WIX
291.53,291.855,290.32,291.0,4750,2021-03-19 15:30:00,WIX
290.865,291.68,290.26,290.88,3100,2021-03-19 15:35:00,WIX
290.95,291.315,290.3,290.95,3054,2021-03-19 15:40:00,WIX
290.965,290.965,290.48,290.74,2000,2021-03-19 15:45:00,WIX
290.54,291.32,289.71,291.3,4340,2021-03-19 15:50:00,WIX
291.3,291.96,290.97,290.97,3748,2021-03-19 15:55:00,WIX
291.15,292.26,290.975,291.355,4326,2021-03-19 16:00:00,WIX
291.17,291.37,289.875,290.47,3405,2021-03-19 16:05:00,WIX
290.355,291.06,289.9,291.06,5400,2021-03-19 16:10:00,WIX
291.08,291.22,289.11,289.11,2700,2021-03-19 16:15:00,WIX
289.5375,289.97,289.15,289.53,7084,2021-03-19 16:20:00,WIX
289.51,289.66,288.57,289.265,6895,2021-03-19 16:25:00,WIX
289.41,289.8,289.265,289.77,3637,2021-03-19 16:30:00,WIX
290.29,291.47,290.29,291.47,2150,2021-03-19 16:35:00,WIX
291.205,291.73,291.205,291.23,1732,2021-03-19 16:40:00,WIX
291.11,291.7408,290.905,291.37,3402,2021-03-19 16:45:00,WIX
291.43,291.82,291.05,291.19,2100,2021-03-19 16:50:00,WIX
290.97,291.545,290.2,291.545,3010,2021-03-19 16:55:00,WIX
291.53,291.53,290.94,291.055,946,2021-03-19 17:00:00,WIX
290.51,290.51,289.24,289.97,2500,2021-03-19 17:05:00,WIX
289.48,290.28,289.26,290.28,2520,2021-03-19 17:10:00,WIX
290.53,290.72,289.99,290.22,1600,2021-03-19 17:15:00,WIX
290.12,290.51,290.12,290.435,1458,2021-03-19 17:20:00,WIX
290.435,290.72,290.07,290.72,2036,2021-03-19 17:25:00,WIX
291.18,293.16,291.18,292.29,2400,2021-03-19 17:30:00,WIX
292.31,292.66,291.965,292.4136,3692,2021-03-19 17:35:00,WIX
292.625,292.7,292.31,292.31,903,2021-03-19 17:40:00,WIX
292.015,292.52,292.01,292.34,1300,2021-03-19 17:45:00,WIX
292.35,293.0,292.35,292.46,2400,2021-03-19 17:50:00,WIX
292.59,292.65,291.06,291.63,1800,2021-03-19 17:55:00,WIX
291.95,292.48,291.77,291.82,3642,2021-03-19 18:00:00,WIX
292.15,292.3,290.4,290.4,2569,2021-03-19 18:05:00,WIX
290.03,290.815,290.03,290.815,1200,2021-03-19 18:10:00,WIX
290.55,290.9,288.89,289.125,4100,2021-03-19 18:15:00,WIX
289.095,289.6892,288.73,289.35,4149,2021-03-19 18:20:00,WIX
289.48,289.81,289.05,289.81,6548,2021-03-19 18:25:00,WIX
289.89,291.22,289.89,291.17,4400,2021-03-19 18:30:00,WIX
291.3575,291.3575,289.93,289.93,5813,2021-03-19 18:35:00,WIX
289.99,290.13,289.3489,289.64,1600,2021-03-19 18:40:00,WIX
289.97,290.11,289.17,289.26,10548,2021-03-19 18:45:00,WIX
289.23,289.53,288.755,288.835,4430,2021-03-19 18:50:00,WIX
288.84,289.7,288.84,289.385,5000,2021-03-19 18:55:00,WIX
289.375,289.6599,288.22,288.22,3965,2021-03-19 19:00:00,WIX
288.5,288.5,287.705,287.94,3400,2021-03-19 19:05:00,WIX
287.95,288.26,287.5175,287.965,6400,2021-03-19 19:10:00,WIX
288.04,289.28,287.925,288.82,4700,2021-03-19 19:15:00,WIX
289.1931,289.1931,288.06,288.49,2800,2021-03-19 19:20:00,WIX
288.44,288.73,287.785,288.47,4000,2021-03-19 19:25:00,WIX
288.385,289.62,288.385,289.49,3300,2021-03-19 19:30:00,WIX
289.65,289.65,289.06,289.36,5700,2021-03-19 19:35:00,WIX
289.57,290.145,289.44,289.93,9200,2021-03-19 19:40:00,WIX
289.82,290.11,288.44,288.58,10400,2021-03-19 19:45:00,WIX
288.87,290.7,288.86,289.6,30178,2021-03-19 19:50:00,WIX
289.27,290.39,289.05,289.44,23424,2021-03-19 19:55:00,WIX
289.6,289.6,289.6,289.6,89915,2021-03-19 20:00:00,WIX
289.6,289.6,289.6,289.6,1519,2021-03-19 20:05:00,WIX
289.4,289.4,289.4,289.4,396,2021-03-19 21:25:00,WIX
290.0,290.0,290.0,290.0,100,2021-03-19 22:30:00,WIX
289.6,289.6,289.6,289.6,150,2021-03-19 23:25:00,WIX
291.0,291.0,291.0,291.0,482,2021-03-22 12:55:00,WIX
289.6,289.6,289.6,289.6,500,2021-03-22 13:10:00,WIX
289.6,289.6,289.6,289.6,442,2021-03-22 13:15:00,WIX
293.27,295.775,292.05,295.195,12837,2021-03-22 13:30:00,WIX
295.635,297.07,295.61,296.21,8445,2021-03-22 13:35:00,WIX
296.255,296.255,293.25,293.735,3111,2021-03-22 13:40:00,WIX
293.74,293.74,292.355,292.355,12438,2021-03-22 13:45:00,WIX
292.95,295.09,292.58,294.45,3415,2021-03-22 13:50:00,WIX
295.24,295.76,293.21,295.76,2650,2021-03-22 13:55:00,WIX
295.855,295.94,293.01,293.01,1400,2021-03-22 14:00:00,WIX
293.81,295.55,293.11,294.9207,4353,2021-03-22 14:05:00,WIX
294.93,296.32,294.93,296.32,4190,2021-03-22 14:10:00,WIX
296.64,296.98,295.0,296.98,1500,2021-03-22 14:15:00,WIX
297.49,298.07,297.22,297.62,1690,2021-03-22 14:20:00,WIX
298.27,298.27,295.49,296.315,2550,2021-03-22 14:25:00,WIX
296.16,296.795,294.63,295.06,1800,2021-03-22 14:30:00,WIX
295.175,296.26,294.74,296.095,2900,2021-03-22 14:35:00,WIX
296.155,296.77,295.55,296.18,1835,2021-03-22 14:40:00,WIX
296.6288,296.6288,295.505,296.14,2143,2021-03-22 14:45:00,WIX
296.76,297.71,296.5742,297.48,3917,2021-03-22 14:50:00,WIX
297.68,297.68,295.71,296.72,5636,2021-03-22 14:55:00,WIX
296.43,296.88,296.24,296.62,2200,2021-03-22 15:00:00,WIX
296.38,297.48,296.38,297.44,3300,2021-03-22 15:05:00,WIX
297.0,298.01,297.0,297.92,890,2021-03-22 15:10:00,WIX
297.995,298.29,297.245,298.14,4600,2021-03-22 15:15:00,WIX
298.15,298.58,296.77,297.27,3080,2021-03-22 15:20:00,WIX
297.3,297.3,296.23,296.475,4957,2021-03-22 15:25:00,WIX
296.99,297.28,296.37,296.37,3000,2021-03-22 15:30:00,WIX
296.9,296.9,295.8,296.45,1100,2021-03-22 15:35:00,WIX
296.12,296.39,294.6,294.6,5636,2021-03-22 15:40:00,WIX
294.3,295.14,294.08,295.14,2600,2021-03-22 15:45:00,WIX
294.72,295.76,294.72,295.38,1200,2021-03-22 15:50:00,WIX
295.56,295.56,294.39,294.645,2300,2021-03-22 15:55:00,WIX
295.0,295.06,294.39,294.975,1500,2021-03-22 16:00:00,WIX
294.795,295.45,294.795,295.45,2000,2021-03-22 16:05:00,WIX
295.645,295.71,295.645,295.69,568,2021-03-22 16:10:00,WIX
295.62,295.62,294.99,295.4,1100,2021-03-22 16:15:00,WIX
295.55,296.48,295.435,296.13,2715,2021-03-22 16:20:00,WIX
296.48,296.85,296.4,296.65,2500,2021-03-22 16:25:00,WIX
296.845,296.845,295.95,296.18,1705,2021-03-22 16:30:00,WIX
295.99,296.0,295.28,295.28,5900,2021-03-22 16:35:00,WIX
296.0,296.36,295.51,296.36,1500,2021-03-22 16:40:00,WIX
296.755,296.81,296.755,296.78,400,2021-03-22 16:45:00,WIX
296.42,296.75,296.16,296.385,1000,2021-03-22 16:50:00,WIX
296.38,296.39,295.925,295.925,900,2021-03-22 16:55:00,WIX
295.58,295.58,294.97,294.97,1900,2021-03-22 17:00:00,WIX
294.75,294.81,294.53,294.74,600,2021-03-22 17:05:00,WIX
294.795,294.9,294.33,294.67,3800,2021-03-22 17:10:00,WIX
294.6625,294.8,294.45,294.775,2854,2021-03-22 17:15:00,WIX
295.14,295.48,294.925,295.48,1656,2021-03-22 17:20:00,WIX
295.46,295.495,295.46,295.495,500,2021-03-22 17:25:00,WIX
295.46,296.14,295.06,296.14,6458,2021-03-22 17:30:00,WIX
296.15,297.0,296.15,296.99,600,2021-03-22 17:35:00,WIX
297.0,297.2933,296.98,296.985,950,2021-03-22 17:40:00,WIX
297.0,297.55,296.875,297.35,16956,2021-03-22 17:45:00,WIX
297.49,297.67,297.49,297.67,400,2021-03-22 17:50:00,WIX
297.64,297.68,297.4,297.4,600,2021-03-22 17:55:00,WIX
297.55,297.89,297.37,297.3925,3100,2021-03-22 18:00:00,WIX
297.37,298.09,297.265,297.79,6675,2021-03-22 18:05:00,WIX
297.815,297.97,297.66,297.97,1700,2021-03-22 18:10:00,WIX
298.1,298.84,297.79,298.595,6712,2021-03-22 18:15:00,WIX
298.7,299.66,298.7,299.245,13204,2021-03-22 18:20:00,WIX
299.585,299.585,298.5,298.51,3114,2021-03-22 18:25:00,WIX
298.755,298.755,297.64,298.36,2640,2021-03-22 18:30:00,WIX
298.01,298.29,297.13,297.505,1900,2021-03-22 18:35:00,WIX
297.22,297.57,296.79,297.34,2700,2021-03-22 18:40:00,WIX
297.265,297.265,296.52,297.12,600,2021-03-22 18:45:00,WIX
296.94,297.14,296.57,297.09,3500,2021-03-22 18:50:00,WIX
297.245,297.59,296.9,297.59,3000,2021-03-22 18:55:00,WIX
297.48,297.83,297.25,297.5329,1453,2021-03-22 19:00:00,WIX
297.57,297.66,297.06,297.65,1800,2021-03-22 19:05:00,WIX
297.89,297.9,297.17,297.38,2400,2021-03-22 19:10:00,WIX
297.56,297.56,296.755,296.835,3815,2021-03-22 19:15:00,WIX
296.795,296.9,296.18,296.87,2900,2021-03-22 19:20:00,WIX
296.87,297.07,296.44,297.07,2500,2021-03-22 19:25:00,WIX
297.25,297.54,296.95,297.015,2500,2021-03-22 19:30:00,WIX
296.955,297.16,296.46,296.49,4113,2021-03-22 19:35:00,WIX
296.55,297.22,296.38,296.38,10103,2021-03-22 19:40:00,WIX
296.555,296.67,295.9,296.18,6094,2021-03-22 19:45:00,WIX
295.89,296.8925,295.68,296.55,12961,2021-03-22 19:50:00,WIX
296.38,296.98,295.0,296.73,36693,2021-03-22 19:55:00,WIX
296.21,296.21,296.21,296.21,10453,2021-03-22 20:00:00,WIX
296.3,296.3,296.3,296.3,824,2021-03-22 20:15:00,WIX
296.21,296.21,296.21,296.21,13695,2021-03-22 21:45:00,WIX
296.21,296.21,296.21,296.21,6350,2021-03-22 22:00:00,WIX
299.92,299.92,299.92,299.92,200,2021-03-23 13:25:00,WIX
299.85,299.99,297.45,298.62,6496,2021-03-23 13:30:00,WIX
299.98,304.06,299.255,302.2,2758,2021-03-23 13:35:00,WIX
301.25,301.25,298.5,299.115,4025,2021-03-23 13:45:00,WIX
299.99,300.75,299.62,300.7,1450,2021-03-23 13:50:00,WIX
298.2401,299.46,298.07,299.165,1900,2021-03-23 13:55:00,WIX
299.18,300.67,298.85,300.28,1371,2021-03-23 14:00:00,WIX
300.73,300.87,299.815,300.87,800,2021-03-23 14:05:00,WIX
301.28,302.19,300.7478,301.0,1700,2021-03-23 14:10:00,WIX
301.69,301.69,299.4467,299.4467,1500,2021-03-23 14:15:00,WIX
300.105,300.49,300.105,300.49,500,2021-03-23 14:20:00,WIX
299.4393,299.955,297.34,297.835,8049,2021-03-23 14:30:00,WIX
297.835,298.3799,297.01,297.13,2600,2021-03-23 14:35:00,WIX
296.25,296.9457,296.05,296.7,2010,2021-03-23 14:40:00,WIX
296.335,297.4,296.335,297.15,500,2021-03-23 14:45:00,WIX
297.03,297.55,297.03,297.04,600,2021-03-23 14:50:00,WIX
297.55,298.41,297.31,297.607,3611,2021-03-23 14:55:00,WIX
298.32,298.5,296.76,296.76,4975,2021-03-23 15:00:00,WIX
297.105,298.26,297.105,298.1108,1300,2021-03-23 15:05:00,WIX
298.23,298.56,298.1,298.265,2285,2021-03-23 15:10:00,WIX
297.91,298.35,296.99,296.99,5636,2021-03-23 15:15:00,WIX
297.3,297.3,296.37,296.37,1200,2021-03-23 15:20:00,WIX
296.5,296.966,295.18,295.18,2964,2021-03-23 15:25:00,WIX
295.4,295.4,294.28,294.5,1834,2021-03-23 15:30:00,WIX
294.27,294.27,292.52,292.93,1499,2021-03-23 15:35:00,WIX
292.88,293.075,292.175,293.075,2827,2021-03-23 15:40:00,WIX
292.91,293.49,292.91,293.38,1253,2021-03-23 15:45:00,WIX
293.69,293.91,293.69,293.91,800,2021-03-23 15:50:00,WIX
293.09,294.22,293.05,294.07,1685,2021-03-23 15:55:00,WIX
294.94,295.09,294.32,294.665,976,2021-03-23 16:00:00,WIX
294.34,294.34,293.495,293.975,1700,2021-03-23 16:05:00,WIX
293.72,293.77,293.13,293.13,400,2021-03-23 16:10:00,WIX
293.42,293.42,292.855,292.855,1552,2021-03-23 16:15:00,WIX
293.57,293.59,293.56,293.59,400,2021-03-23 16:20:00,WIX
293.7,294.045,293.28,294.045,3900,2021-03-23 16:25:00,WIX
293.92,294.07,293.82,293.82,500,2021-03-23 16:30:00,WIX
293.95,293.96,293.55,293.96,1260,2021-03-23 16:35:00,WIX
293.6203,293.955,293.1775,293.79,1360,2021-03-23 16:40:00,WIX
292.99,293.39,292.68,293.22,421,2021-03-23 16:45:00,WIX
292.94,293.98,292.72,293.98,2010,2021-03-23 16:50:00,WIX
294.47,294.73,293.97,294.73,800,2021-03-23 16:55:00,WIX
294.49,294.49,293.68,293.68,400,2021-03-23 17:00:00,WIX
293.57,294.37,293.22,294.37,721,2021-03-23 17:05:00,WIX
294.73,294.73,294.23,294.69,1300,2021-03-23 17:10:00,WIX
294.98,295.19,294.98,295.12,700,2021-03-23 17:15:00,WIX
295.07,295.53,294.6743,294.6743,1520,2021-03-23 17:20:00,WIX
294.17,294.17,294.01,294.16,300,2021-03-23 17:25:00,WIX
294.445,294.72,293.93,294.7,1700,2021-03-23 17:30:00,WIX
294.71,294.71,294.55,294.55,200,2021-03-23 17:35:00,WIX
294.71,294.71,294.16,294.16,800,2021-03-23 17:40:00,WIX
293.69,294.28,293.5744,294.28,700,2021-03-23 17:45:00,WIX
294.01,294.45,294.0,294.11,1650,2021-03-23 17:50:00,WIX
294.48,294.48,293.31,293.48,700,2021-03-23 17:55:00,WIX
293.36,294.74,293.355,294.74,1800,2021-03-23 18:00:00,WIX
294.86,296.53,294.82,296.105,2998,2021-03-23 18:05:00,WIX
296.035,296.41,296.03,296.03,300,2021-03-23 18:10:00,WIX
296.095,296.55,296.09,296.46,900,2021-03-23 18:15:00,WIX
296.5,297.09,296.02,297.09,1391,2021-03-23 18:20:00,WIX
296.915,296.915,296.063,296.063,300,2021-03-23 18:25:00,WIX
296.99,297.43,296.47,296.5,800,2021-03-23 18:30:00,WIX
297.13,297.13,296.32,296.32,300,2021-03-23 18:35:00,WIX
296.77,296.77,296.19,296.19,400,2021-03-23 18:40:00,WIX
295.79,295.86,295.62,295.86,1100,2021-03-23 18:45:00,WIX
294.85,295.03,294.57,294.57,500,2021-03-23 18:50:00,WIX
294.73,294.73,293.58,293.855,600,2021-03-23 18:55:00,WIX
293.65,294.4,293.41,294.4,1300,2021-03-23 19:00:00,WIX
294.095,294.54,294.095,294.54,400,2021-03-23 19:05:00,WIX
294.2,294.2,293.62,293.62,600,2021-03-23 19:10:00,WIX
293.85,294.14,293.33,293.795,900,2021-03-23 19:15:00,WIX
293.49,293.51,292.88,293.035,803,2021-03-23 19:20:00,WIX
293.0,293.0,292.3722,292.91,1607,2021-03-23 19:25:00,WIX
292.87,293.93,292.87,293.49,2400,2021-03-23 19:30:00,WIX
293.34,293.41,292.59,292.59,2350,2021-03-23 19:35:00,WIX
292.7,292.78,291.755,292.055,2159,2021-03-23 19:40:00,WIX
292.17,292.66,291.96,292.13,2683,2021-03-23 19:45:00,WIX
292.0,293.065,291.32,293.065,7882,2021-03-23 19:50:00,WIX
292.82,293.21,292.055,292.67,9166,2021-03-23 19:55:00,WIX
292.47,292.47,292.47,292.47,10824,2021-03-23 20:00:00,WIX
292.47,292.47,292.47,292.47,34944,2021-03-23 20:10:00,WIX
294.46,295.17,292.65,292.96,5947,2021-03-24 13:30:00,WIX
292.99,296.38,290.31,290.31,7973,2021-03-24 13:35:00,WIX
290.31,290.31,288.15,288.975,3173,2021-03-24 13:40:00,WIX
289.22,289.4,287.19,287.19,1902,2021-03-24 13:45:00,WIX
287.0,290.07,286.12,289.48,4586,2021-03-24 13:50:00,WIX
289.48,290.43,287.0,287.0,9960,2021-03-24 13:55:00,WIX
287.18,288.69,286.9,286.9,5050,2021-03-24 14:00:00,WIX
287.8,288.43,286.835,288.05,5066,2021-03-24 14:05:00,WIX
287.655,287.655,286.305,286.305,3714,2021-03-24 14:10:00,WIX
286.175,286.51,285.1156,286.51,4517,2021-03-24 14:15:00,WIX
286.4974,287.275,286.18,286.95,5503,2021-03-24 14:20:00,WIX
286.81,287.65,286.81,287.65,900,2021-03-24 14:25:00,WIX
288.28,288.28,286.81,288.075,1845,2021-03-24 14:30:00,WIX
287.495,288.29,287.495,288.29,700,2021-03-24 14:35:00,WIX
287.89,288.21,286.42,287.65,3483,2021-03-24 14:40:00,WIX
287.0,287.83,287.0,287.03,2090,2021-03-24 14:45:00,WIX
287.41,288.15,287.37,288.05,3216,2021-03-24 14:50:00,WIX
288.29,288.6799,286.965,286.965,2708,2021-03-24 14:55:00,WIX
287.4,288.16,287.4,288.12,4669,2021-03-24 15:00:00,WIX
287.935,288.16,286.935,286.935,4408,2021-03-24 15:05:00,WIX
287.105,287.56,286.66,287.235,2600,2021-03-24 15:10:00,WIX
287.48,287.71,286.7146,286.7146,2528,2021-03-24 15:15:00,WIX
287.14,287.46,287.075,287.365,1123,2021-03-24 15:20:00,WIX
287.64,287.975,287.0,287.975,1352,2021-03-24 15:25:00,WIX
287.455,287.455,286.845,287.0,1400,2021-03-24 15:30:00,WIX
286.705,287.53,286.56,286.88,3710,2021-03-24 15:35:00,WIX
286.945,287.278,286.905,287.0,2622,2021-03-24 15:40:00,WIX
287.0,287.55,286.51,287.0,3083,2021-03-24 15:45:00,WIX
286.885,286.96,284.05,284.1477,4494,2021-03-24 15:50:00,WIX
284.25,284.32,283.26,283.595,1720,2021-03-24 15:55:00,WIX
283.94,285.35,283.59,284.79,1500,2021-03-24 16:00:00,WIX
284.46,284.46,284.27,284.27,400,2021-03-24 16:05:00,WIX
284.4,285.97,284.4,285.655,1593,2021-03-24 16:10:00,WIX
285.32,285.68,285.06,285.06,2590,2021-03-24 16:15:00,WIX
285.35,285.5,284.91,285.34,1600,2021-03-24 16:20:00,WIX
284.87,285.04,284.87,284.8946,381,2021-03-24 16:25:00,WIX
285.355,285.39,284.805,284.805,800,2021-03-24 16:30:00,WIX
284.57,285.395,284.56,284.56,700,2021-03-24 16:35:00,WIX
284.3529,284.66,284.06,284.06,1322,2021-03-24 16:40:00,WIX
284.05,284.05,282.575,282.92,1600,2021-03-24 16:45:00,WIX
282.55,283.2299,282.55,283.12,2355,2021-03-24 16:50:00,WIX
283.39,283.86,283.38,283.84,2076,2021-03-24 16:55:00,WIX
283.47,283.95,283.055,283.72,3763,2021-03-24 17:00:00,WIX
283.625,283.625,282.97,282.97,1600,2021-03-24 17:05:00,WIX
283.09,283.31,282.7,282.88,3484,2021-03-24 17:10:00,WIX
282.82,282.95,282.28,282.7,3405,2021-03-24 17:15:00,WIX
283.04,283.04,282.53,283.04,1875,2021-03-24 17:20:00,WIX
283.16,283.16,282.56,282.905,1450,2021-03-24 17:25:00,WIX
282.8,283.62,282.7,283.62,2392,2021-03-24 17:30:00,WIX
283.33,284.1599,283.33,284.1599,1104,2021-03-24 17:35:00,WIX
283.52,283.75,283.11,283.11,1450,2021-03-24 17:40:00,WIX
283.12,283.685,283.12,283.685,519,2021-03-24 17:45:00,WIX
283.93,284.1,283.16,283.18,800,2021-03-24 17:50:00,WIX
283.21,283.21,282.975,283.185,845,2021-03-24 17:55:00,WIX
283.2,283.2,282.59,282.59,600,2021-03-24 18:00:00,WIX
282.78,283.385,282.78,283.385,600,2021-03-24 18:05:00,WIX
283.31,284.06,283.31,284.0,5275,2021-03-24 18:10:00,WIX
284.0,284.355,283.43,283.75,11074,2021-03-24 18:15:00,WIX
283.705,284.35,283.66,283.66,5171,2021-03-24 18:20:00,WIX
283.94,283.94,282.18,282.18,2412,2021-03-24 18:25:00,WIX
282.0,282.325,281.08,281.65,2540,2021-03-24 18:30:00,WIX
281.34,282.335,281.34,281.83,4405,2021-03-24 18:35:00,WIX
281.835,282.19,280.91,282.19,8077,2021-03-24 18:40:00,WIX
282.075,283.16,282.075,282.84,16456,2021-03-24 18:45:00,WIX
282.87,283.09,281.635,281.635,7276,2021-03-24 18:50:00,WIX
281.77,282.98,281.545,282.45,22323,2021-03-24 18:55:00,WIX
281.7961,282.99,281.65,282.63,25285,2021-03-24 19:00:00,WIX
282.75,283.65,282.59,282.85,3500,2021-03-24 19:05:00,WIX
282.785,283.745,282.65,283.745,6770,2021-03-24 19:10:00,WIX
283.8581,283.8581,282.95,283.43,2600,2021-03-24 19:15:00,WIX
283.55,283.55,282.91,283.33,2906,2021-03-24 19:20:00,WIX
283.065,283.79,282.92,283.325,3782,2021-03-24 19:25:00,WIX
283.39,283.76,281.89,281.89,71427,2021-03-24 19:30:00,WIX
281.8,281.83,280.23,281.13,13116,2021-03-24 19:35:00,WIX
281.449,281.64,280.88,281.125,13762,2021-03-24 19:40:00,WIX
281.235,282.3985,281.235,281.625,7669,2021-03-24 19:45:00,WIX
281.8799,281.8799,279.0,279.0,16082,2021-03-24 19:50:00,WIX
278.49,278.91,277.15,277.76,54013,2021-03-24 19:55:00,WIX
277.76,277.83,277.76,277.83,39408,2021-03-24 20:00:00,WIX
277.76,277.76,277.76,277.76,105,2021-03-24 20:05:00,WIX
277.76,277.76,277.76,277.76,100,2021-03-24 23:00:00,WIX
274.03,274.03,274.03,274.03,100,2021-03-24 23:40:00,WIX
272.5,272.5,272.5,272.5,225,2021-03-25 12:35:00,WIX
273.0,273.0,273.0,273.0,100,2021-03-25 12:45:00,WIX
273.57,273.905,268.24,273.905,48062,2021-03-25 13:30:00,WIX
273.14,275.6214,272.265,274.82,2400,2021-03-25 13:35:00,WIX
274.87,277.63,274.82,276.3008,2999,2021-03-25 13:40:00,WIX
277.5,277.75,275.67,276.93,13111,2021-03-25 13:45:00,WIX
277.04,277.74,275.57,277.74,5742,2021-03-25 13:50:00,WIX
278.29,280.07,277.33,279.85,2112,2021-03-25 13:55:00,WIX
278.975,282.22,278.665,282.22,8135,2021-03-25 14:00:00,WIX
280.48,282.08,279.92,280.2,1200,2021-03-25 14:05:00,WIX
280.24,281.95,279.48,280.76,1400,2021-03-25 14:10:00,WIX
280.34,280.34,278.02,279.14,2265,2021-03-25 14:15:00,WIX
279.61,280.76,278.7,278.77,1200,2021-03-25 14:20:00,WIX
278.54,279.02,277.78,278.125,1726,2021-03-25 14:25:00,WIX
277.27,278.12,276.42,276.72,1300,2021-03-25 14:30:00,WIX
276.9,278.1,276.17,277.57,9282,2021-03-25 14:35:00,WIX
276.105,277.1,276.105,277.1,200,2021-03-25 14:40:00,WIX
276.53,276.55,275.04,275.04,800,2021-03-25 14:45:00,WIX
274.44,274.44,272.37,272.37,1300,2021-03-25 14:50:00,WIX
272.38,273.8513,272.3,273.8513,5800,2021-03-25 14:55:00,WIX
273.78,274.36,273.25,274.32,2914,2021-03-25 15:00:00,WIX
273.715,274.38,273.14,273.45,2920,2021-03-25 15:05:00,WIX
273.1,274.09,272.5,274.01,1946,2021-03-25 15:10:00,WIX
274.44,274.63,273.5585,274.08,1225,2021-03-25 15:15:00,WIX
274.02,274.68,273.8,273.88,7200,2021-03-25 15:20:00,WIX
273.84,274.325,273.6311,274.325,700,2021-03-25 15:25:00,WIX
275.46,276.99,275.46,276.92,1600,2021-03-25 15:30:00,WIX
276.86,277.08,276.57,276.6,1100,2021-03-25 15:35:00,WIX
276.275,276.275,276.1,276.1,200,2021-03-25 15:40:00,WIX
275.41,275.89,274.835,275.59,1140,2021-03-25 15:45:00,WIX
275.585,275.59,274.88,274.88,500,2021-03-25 15:50:00,WIX
275.11,275.84,275.11,275.78,941,2021-03-25 15:55:00,WIX
276.29,277.93,276.29,277.93,500,2021-03-25 16:00:00,WIX
277.82,278.35,277.1375,277.1375,3459,2021-03-25 16:05:00,WIX
277.555,277.865,277.435,277.865,3915,2021-03-25 16:10:00,WIX
278.02,279.04,278.02,278.305,4754,2021-03-25 16:15:00,WIX
278.75,278.98,278.56,278.98,600,2021-03-25 16:20:00,WIX
279.12,280.08,278.96,280.08,2041,2021-03-25 16:25:00,WIX
278.88,279.01,278.53,278.53,2100,2021-03-25 16:30:00,WIX
278.65,279.01,277.83,278.98,13047,2021-03-25 16:35:00,WIX
279.13,279.27,279.12,279.27,600,2021-03-25 16:40:00,WIX
279.56,279.81,279.56,279.81,600,2021-03-25 16:45:00,WIX
279.835,279.96,279.0617,279.84,8675,2021-03-25 16:50:00,WIX
279.835,280.28,279.43,279.725,13477,2021-03-25 16:55:00,WIX
279.665,279.815,278.5,278.9,43216,2021-03-25 17:00:00,WIX
279.36,280.28,279.07,279.9,21677,2021-03-25 17:05:00,WIX
279.76,280.24,279.61,280.24,500,2021-03-25 17:10:00,WIX
280.56,280.79,280.205,280.57,800,2021-03-25 17:15:00,WIX
280.11,280.11,279.24,279.68,1920,2021-03-25 17:20:00,WIX
279.59,280.2,278.89,279.767,30044,2021-03-25 17:25:00,WIX
279.73,279.73,275.845,276.65,21699,2021-03-25 17:30:00,WIX
276.22,277.06,276.17,276.35,3000,2021-03-25 17:35:00,WIX
276.345,276.72,276.0,276.0,2700,2021-03-25 17:40:00,WIX
276.1,276.1,274.765,275.6,4891,2021-03-25 17:45:00,WIX
275.8,276.5,275.8,276.29,7354,2021-03-25 17:50:00,WIX
276.23,276.37,274.9,274.9,8740,2021-03-25 17:55:00,WIX
274.74,275.04,274.03,274.361,2400,2021-03-25 18:00:00,WIX
274.8,275.05,274.55,275.05,3565,2021-03-25 18:05:00,WIX
274.9446,275.085,274.31,274.69,4524,2021-03-25 18:10:00,WIX
274.7,275.29,273.29,274.635,14136,2021-03-25 18:15:00,WIX
274.54,274.54,272.62,273.81,9233,2021-03-25 18:20:00,WIX
273.33,273.65,272.2825,272.2825,1539,2021-03-25 18:25:00,WIX
272.41,273.26,272.41,273.26,700,2021-03-25 18:30:00,WIX
273.27,275.76,273.27,275.095,2100,2021-03-25 18:35:00,WIX
274.855,276.05,274.43,274.555,11286,2021-03-25 18:40:00,WIX
274.89,275.74,274.89,275.225,9403,2021-03-25 18:45:00,WIX
275.13,276.525,275.13,276.525,2592,2021-03-25 18:50:00,WIX
276.325,276.325,275.67,275.9,3400,2021-03-25 18:55:00,WIX
276.0,276.26,275.82,276.135,2580,2021-03-25 19:00:00,WIX
276.05,276.065,274.57,274.845,2800,2021-03-25 19:05:00,WIX
275.11,275.657,275.0,275.285,1866,2021-03-25 19:10:00,WIX
275.2,275.2,274.65,274.655,1800,2021-03-25 19:15:00,WIX
274.96,275.08,273.68,273.68,2100,2021-03-25 19:20:00,WIX
273.72,274.36,273.53,274.35,3100,2021-03-25 19:25:00,WIX
274.29,275.28,274.26,274.325,13273,2021-03-25 19:30:00,WIX
273.81,273.93,272.76,273.19,6700,2021-03-25 19:35:00,WIX
273.19,273.385,269.01,269.08,60799,2021-03-25 19:40:00,WIX
270.14,270.34,269.46,270.05,49418,2021-03-25 19:45:00,WIX
270.14,271.36,269.66,270.0,55711,2021-03-25 19:50:00,WIX
270.21,271.17,269.35,270.48,73902,2021-03-25 19:55:00,WIX
270.48,270.48,270.48,270.48,42823,2021-03-25 20:00:00,WIX
271.83,272.57,271.0,272.57,5389,2021-03-26 13:30:00,WIX
273.0,274.575,272.58,274.575,600,2021-03-26 13:35:00,WIX
274.545,274.7925,272.4571,274.26,21563,2021-03-26 13:40:00,WIX
274.43,275.74,273.3442,274.6204,20526,2021-03-26 13:45:00,WIX
274.95,274.95,274.45,274.45,300,2021-03-26 13:50:00,WIX
273.795,275.74,273.495,275.27,2860,2021-03-26 13:55:00,WIX
275.87,275.88,274.0,275.66,5637,2021-03-26 14:00:00,WIX
277.48,277.48,274.61,274.61,1300,2021-03-26 14:05:00,WIX
274.6595,275.97,274.6595,275.36,10674,2021-03-26 14:10:00,WIX
275.0,275.88,274.89,275.39,3059,2021-03-26 14:15:00,WIX
275.595,275.65,274.21,274.82,7332,2021-03-26 14:20:00,WIX
275.62,277.41,275.62,277.41,566,2021-03-26 14:25:00,WIX
277.31,277.71,276.95,277.085,700,2021-03-26 14:30:00,WIX
277.78,278.48,277.76,278.25,1008,2021-03-26 14:35:00,WIX
277.895,277.895,276.33,277.31,900,2021-03-26 14:40:00,WIX
277.325,277.435,276.07,276.725,2043,2021-03-26 14:45:00,WIX
276.53,277.065,275.7454,276.69,3306,2021-03-26 14:50:00,WIX
276.5,276.5,274.66,274.999,3032,2021-03-26 14:55:00,WIX
274.7,274.7,272.79,273.81,1506,2021-03-26 15:00:00,WIX
274.36,274.87,274.18,274.4,1990,2021-03-26 15:05:00,WIX
274.16,274.16,272.46,273.14,3043,2021-03-26 15:10:00,WIX
272.6,273.52,272.6,273.52,200,2021-03-26 15:15:00,WIX
273.05,273.37,272.15,273.02,20688,2021-03-26 15:20:00,WIX
272.925,274.045,272.38,274.03,19696,2021-03-26 15:25:00,WIX
273.83,274.955,273.2905,274.81,15076,2021-03-26 15:30:00,WIX
274.08,275.545,274.08,275.3941,850,2021-03-26 15:35:00,WIX
275.635,275.96,275.47,275.96,900,2021-03-26 15:40:00,WIX
276.02,276.02,275.105,275.105,300,2021-03-26 15:45:00,WIX
274.995,275.39,274.92,274.92,400,2021-03-26 15:50:00,WIX
275.45,275.82,274.87,275.82,1000,2021-03-26 15:55:00,WIX
276.16,276.16,275.37,275.61,800,2021-03-26 16:00:00,WIX
275.53,275.53,275.53,275.53,100,2021-03-26 16:05:00,WIX
275.835,276.175,275.835,276.175,300,2021-03-26 16:10:00,WIX
276.28,276.64,275.825,275.825,1300,2021-03-26 16:15:00,WIX
276.25,276.25,276.25,276.25,100,2021-03-26 16:20:00,WIX
276.0,276.0,276.0,276.0,100,2021-03-26 16:25:00,WIX
276.33,276.33,275.88,275.88,550,2021-03-26 16:30:00,WIX
276.105,276.32,276.105,276.32,200,2021-03-26 16:35:00,WIX
275.97,276.0,275.97,276.0,500,2021-03-26 16:40:00,WIX
275.86,275.86,275.255,275.61,1090,2021-03-26 16:45:00,WIX
275.545,275.78,274.87,275.72,13096,2021-03-26 16:50:00,WIX
275.73,276.24,275.06,275.31,15733,2021-03-26 16:55:00,WIX
275.36,275.9,275.31,275.725,9337,2021-03-26 17:00:00,WIX
275.705,275.8,275.21,275.21,700,2021-03-26 17:05:00,WIX
275.345,275.6,275.345,275.35,700,2021-03-26 17:10:00,WIX
275.99,277.115,275.99,277.115,2000,2021-03-26 17:15:00,WIX
277.06,278.1712,277.04,277.58,619,2021-03-26 17:20:00,WIX
277.2745,277.78,277.2745,277.62,312,2021-03-26 17:25:00,WIX
277.68,278.0,277.56,277.56,2218,2021-03-26 17:30:00,WIX
277.515,277.515,276.09,276.27,900,2021-03-26 17:35:00,WIX
276.34,276.91,275.785,275.785,1630,2021-03-26 17:40:00,WIX
275.46,275.57,274.93,275.18,3100,2021-03-26 17:45:00,WIX
275.16,275.45,275.16,275.45,490,2021-03-26 17:50:00,WIX
275.35,275.66,275.22,275.235,2936,2021-03-26 17:55:00,WIX
275.195,275.59,274.95,275.085,18300,2021-03-26 18:00:00,WIX
274.265,274.265,272.86,272.86,1665,2021-03-26 18:05:00,WIX
272.49,272.49,270.1365,270.1365,3025,2021-03-26 18:10:00,WIX
271.0,271.0,270.3936,270.72,2100,2021-03-26 18:15:00,WIX
270.4,270.865,270.4,270.785,2900,2021-03-26 18:20:00,WIX
271.1,271.84,271.1,271.84,1202,2021-03-26 18:25:00,WIX
271.89,271.89,270.825,271.2,1002,2021-03-26 18:30:00,WIX
271.08,271.275,270.775,271.02,1210,2021-03-26 18:35:00,WIX
270.845,271.13,270.315,270.695,5325,2021-03-26 18:40:00,WIX
270.87,270.95,270.22,270.565,3163,2021-03-26 18:45:00,WIX
269.81,270.87,269.45,270.87,4408,2021-03-26 18:50:00,WIX
270.93,271.37,270.9,271.255,1274,2021-03-26 18:55:00,WIX
271.185,271.45,270.83,270.83,2000,2021-03-26 19:00:00,WIX
271.13,271.52,270.89,271.52,1151,2021-03-26 19:05:00,WIX
271.45,272.16,271.45,272.16,400,2021-03-26 19:10:00,WIX
272.6,273.55,272.6,273.405,1404,2021-03-26 19:15:00,WIX
273.41,273.86,273.0,273.34,2201,2021-03-26 19:20:00,WIX
274.26,275.2,274.26,274.9,1275,2021-03-26 19:25:00,WIX
275.14,275.46,274.89,275.46,2794,2021-03-26 19:30:00,WIX
275.35,275.78,274.975,275.78,4975,2021-03-26 19:35:00,WIX
276.0,276.915,275.78,276.635,6337,2021-03-26 19:40:00,WIX
276.735,277.32,276.455,277.32,3317,2021-03-26 19:45:00,WIX
277.32,281.19,277.2,281.13,37627,2021-03-26 19:50:00,WIX
280.96,281.35,279.82,281.1,90539,2021-03-26 19:55:00,WIX
280.78,280.78,280.78,280.78,26810,2021-03-26 20:00:00,WIX
277.85,280.78,277.85,280.78,7857,2021-03-26 21:20:00,WIX
278.52,278.52,275.28,275.28,18176,2021-03-29 13:30:00,WIX
277.36,279.9,276.32,279.9,1703,2021-03-29 13:35:00,WIX
278.72,278.75,277.06,278.55,600,2021-03-29 13:45:00,WIX
277.58,278.52,274.33,276.32,10068,2021-03-29 13:50:00,WIX
275.97,275.97,273.8,274.1445,4183,2021-03-29 13:55:00,WIX
275.655,275.7,273.38,275.11,2139,2021-03-29 14:00:00,WIX
274.31,275.0,271.22,271.22,10878,2021-03-29 14:05:00,WIX
271.465,272.5325,270.34,272.36,11883,2021-03-29 14:10:00,WIX
271.7,272.01,270.64,271.53,6643,2021-03-29 14:15:00,WIX
271.535,271.59,270.02,271.28,2591,2021-03-29 14:20:00,WIX
270.54,270.8,269.27,269.7,4065,2021-03-29 14:25:00,WIX
269.035,269.81,268.4,269.16,11962,2021-03-29 14:30:00,WIX
269.33,271.17,269.33,270.71,2813,2021-03-29 14:35:00,WIX
270.23,270.66,269.9929,269.9929,1640,2021-03-29 14:40:00,WIX
270.07,270.27,268.71,268.71,2680,2021-03-29 14:45:00,WIX
268.8,268.87,267.85,268.13,1500,2021-03-29 14:50:00,WIX
267.32,267.665,266.5,266.79,9215,2021-03-29 14:55:00,WIX
266.9,267.02,265.948,266.72,5885,2021-03-29 15:00:00,WIX
266.44,266.84,263.66,264.86,19678,2021-03-29 15:05:00,WIX
264.91,265.47,264.265,265.16,13668,2021-03-29 15:10:00,WIX
265.255,266.19,265.06,265.68,3891,2021-03-29 15:15:00,WIX
265.645,266.69,265.645,266.69,6516,2021-03-29 15:20:00,WIX
266.305,266.59,265.95,266.01,1420,2021-03-29 15:25:00,WIX
266.33,267.04,266.25,267.04,2000,2021-03-29 15:30:00,WIX
266.625,266.95,266.15,266.15,800,2021-03-29 15:35:00,WIX
266.38,267.5,266.235,266.94,5207,2021-03-29 15:40:00,WIX
267.03,267.03,265.81,265.81,2100,2021-03-29 15:45:00,WIX
265.61,266.78,265.61,266.78,1200,2021-03-29 15:50:00,WIX
266.78,266.82,265.955,265.955,600,2021-03-29 15:55:00,WIX
265.735,266.28,265.72,266.28,2607,2021-03-29 16:00:00,WIX
265.5,265.55,264.7,265.3,2900,2021-03-29 16:05:00,WIX
265.123,265.26,264.79,264.98,1811,2021-03-29 16:10:00,WIX
264.74,265.3,264.74,264.99,1459,2021-03-29 16:15:00,WIX
265.16,265.16,264.485,264.685,7597,2021-03-29 16:20:00,WIX
264.6,265.3,264.51,265.3,3041,2021-03-29 16:25:00,WIX
265.6,265.79,265.45,265.46,1200,2021-03-29 16:30:00,WIX
265.41,265.6,265.12,265.48,900,2021-03-29 16:35:00,WIX
265.48,267.28,265.48,267.28,8717,2021-03-29 16:40:00,WIX
267.2943,267.2943,266.18,266.735,11033,2021-03-29 16:45:00,WIX
266.76,267.39,266.62,267.09,1900,2021-03-29 16:50:00,WIX
266.9265,267.72,266.9265,267.72,925,2021-03-29 16:55:00,WIX
268.63,269.8,268.3,269.25,11110,2021-03-29 17:00:00,WIX
269.0,270.0,268.78,269.98,2545,2021-03-29 17:05:00,WIX
269.96,270.7,269.065,270.7,2278,2021-03-29 17:10:00,WIX
270.09,270.22,269.46,269.8,1300,2021-03-29 17:15:00,WIX
269.48,270.0,269.48,269.63,1458,2021-03-29 17:20:00,WIX
269.54,270.04,269.19,269.81,8760,2021-03-29 17:25:00,WIX
269.6,270.21,269.45,270.21,4160,2021-03-29 17:30:00,WIX
270.27,270.33,269.36,269.73,1769,2021-03-29 17:35:00,WIX
270.08,270.61,270.08,270.4,1700,2021-03-29 17:40:00,WIX
270.18,271.06,270.13,270.95,1200,2021-03-29 17:45:00,WIX
270.94,271.5927,270.425,270.425,1600,2021-03-29 17:50:00,WIX
270.635,271.07,269.625,270.13,4800,2021-03-29 17:55:00,WIX
270.14,270.44,269.87,270.112,3000,2021-03-29 18:00:00,WIX
270.39,270.46,269.85,269.99,1400,2021-03-29 18:05:00,WIX
269.85,270.12,269.33,269.61,9047,2021-03-29 18:10:00,WIX
269.61,270.22,269.51,270.2,5845,2021-03-29 18:15:00,WIX
269.99,270.36,269.74,269.94,1400,2021-03-29 18:20:00,WIX
270.3,270.37,269.945,270.12,3300,2021-03-29 18:25:00,WIX
270.21,270.21,269.46,269.67,1700,2021-03-29 18:30:00,WIX
269.445,269.94,268.485,269.0,8307,2021-03-29 18:35:00,WIX
269.0,269.92,269.0,269.84,4223,2021-03-29 18:40:00,WIX
269.71,270.52,269.71,270.09,1480,2021-03-29 18:45:00,WIX
269.22,269.56,268.91,269.435,1700,2021-03-29 18:50:00,WIX
269.21,269.42,268.38,269.025,5172,2021-03-29 18:55:00,WIX
269.18,269.5595,268.21,269.01,3552,2021-03-29 19:00:00,WIX
269.01,269.96,268.9835,269.96,2037,2021-03-29 19:05:00,WIX
269.595,269.87,268.88,268.88,2524,2021-03-29 19:10:00,WIX
269.07,269.66,268.97,269.3,1900,2021-03-29 19:15:00,WIX
269.57,269.57,268.29,269.05,2220,2021-03-29 19:20:00,WIX
269.27,269.86,268.99,269.82,5424,2021-03-29 19:25:00,WIX
269.78,270.2828,269.78,270.25,3210,2021-03-29 19:30:00,WIX
270.045,270.84,270.045,270.66,4373,2021-03-29 19:35:00,WIX
270.585,270.585,269.1,269.1,6631,2021-03-29 19:40:00,WIX
269.385,270.54,269.2303,269.95,6494,2021-03-29 19:45:00,WIX
269.95,270.35,269.44,269.685,14637,2021-03-29 19:50:00,WIX
269.685,270.46,269.5556,270.32,19485,2021-03-29 19:55:00,WIX
270.32,270.32,270.32,270.32,23249,2021-03-29 20:00:00,WIX
270.32,270.32,270.1,270.1,23980,2021-03-29 20:10:00,WIX
267.96,268.48,265.76,267.325,15227,2021-03-30 13:30:00,WIX
266.26,267.3584,265.0,265.825,17063,2021-03-30 13:35:00,WIX
265.38,266.02,265.38,265.46,1800,2021-03-30 13:40:00,WIX
265.15,265.15,264.59,264.59,913,2021-03-30 13:45:00,WIX
265.0,268.49,265.0,266.9796,2663,2021-03-30 13:50:00,WIX
266.98,266.98,266.305,266.31,300,2021-03-30 13:55:00,WIX
266.93,268.14,266.93,268.14,1399,2021-03-30 14:00:00,WIX
268.07,268.82,268.05,268.67,601,2021-03-30 14:05:00,WIX
268.635,269.676,268.635,269.676,850,2021-03-30 14:10:00,WIX
269.87,270.31,269.87,270.26,500,2021-03-30 14:15:00,WIX
269.545,269.545,269.545,269.545,100,2021-03-30 14:20:00,WIX
269.5,270.64,269.5,270.64,1973,2021-03-30 14:25:00,WIX
270.64,271.0,269.22,269.22,3678,2021-03-30 14:30:00,WIX
270.66,271.02,269.61,270.19,1900,2021-03-30 14:35:00,WIX
269.62,271.6799,269.02,271.36,2700,2021-03-30 14:40:00,WIX
271.34,271.45,271.17,271.17,1000,2021-03-30 14:45:00,WIX
271.01,271.22,270.24,270.34,5792,2021-03-30 14:50:00,WIX
270.71,271.11,269.89,270.12,9600,2021-03-30 14:55:00,WIX
270.39,271.29,269.845,269.91,13324,2021-03-30 15:00:00,WIX
270.0,270.76,269.73,270.49,15025,2021-03-30 15:05:00,WIX
270.34,270.65,269.81,270.015,7737,2021-03-30 15:10:00,WIX
270.005,270.16,269.505,270.0,30200,2021-03-30 15:15:00,WIX
269.965,270.125,269.935,269.935,768,2021-03-30 15:20:00,WIX
268.9,269.73,268.9,269.73,1266,2021-03-30 15:25:00,WIX
269.655,270.17,268.95,269.6,3246,2021-03-30 15:30:00,WIX
269.54,270.125,269.3297,269.87,8757,2021-03-30 15:35:00,WIX
270.34,270.34,269.25,269.25,1200,2021-03-30 15:40:00,WIX
268.75,268.81,267.765,267.765,1384,2021-03-30 15:45:00,WIX
266.745,266.745,265.565,265.565,1000,2021-03-30 15:50:00,WIX
265.24,265.78,265.24,265.55,1286,2021-03-30 15:55:00,WIX
265.3225,265.69,265.09,265.69,1938,2021-03-30 16:00:00,WIX
265.905,266.19,265.79,266.19,300,2021-03-30 16:05:00,WIX
266.23,266.4,265.85,266.045,1867,2021-03-30 16:10:00,WIX
266.16,266.25,265.51,265.51,1109,2021-03-30 16:15:00,WIX
265.705,266.345,265.705,266.12,2100,2021-03-30 16:20:00,WIX
266.34,267.3,266.305,267.125,5548,2021-03-30 16:25:00,WIX
267.685,267.685,267.06,267.06,600,2021-03-30 16:30:00,WIX
266.79,267.6,266.79,267.5,2581,2021-03-30 16:35:00,WIX
267.5,267.5,266.56,266.67,1700,2021-03-30 16:40:00,WIX
267.07,267.07,266.5014,266.71,485,2021-03-30 16:45:00,WIX
266.71,267.04,266.59,266.955,1200,2021-03-30 16:50:00,WIX
266.74,267.0,266.64,267.0,5522,2021-03-30 16:55:00,WIX
266.88,267.04,266.41,266.725,14122,2021-03-30 17:00:00,WIX
266.48,266.7,266.45,266.59,2833,2021-03-30 17:05:00,WIX
266.45,267.069,266.365,267.069,1191,2021-03-30 17:10:00,WIX
267.07,267.59,267.07,267.12,1200,2021-03-30 17:15:00,WIX
267.36,267.74,267.33,267.565,1100,2021-03-30 17:20:00,WIX
267.66,268.3,267.62,268.15,1500,2021-03-30 17:25:00,WIX
268.02,268.02,267.12,267.26,400,2021-03-30 17:30:00,WIX
266.82,267.51,266.45,267.51,1549,2021-03-30 17:35:00,WIX
267.17,267.28,266.62,267.105,10000,2021-03-30 17:40:00,WIX
266.98,267.13,266.73,267.03,6300,2021-03-30 17:45:00,WIX
267.03,267.62,266.865,267.28,29690,2021-03-30 17:50:00,WIX
267.22,267.277,265.45,265.98,11724,2021-03-30 17:55:00,WIX
265.63,265.94,265.07,265.75,4299,2021-03-30 18:00:00,WIX
265.9,266.21,265.85,266.11,3600,2021-03-30 18:05:00,WIX
266.2,266.63,265.94,266.13,5839,2021-03-30 18:10:00,WIX
266.41,266.5,266.09,266.5,1408,2021-03-30 18:15:00,WIX
266.21,266.39,265.415,265.89,7431,2021-03-30 18:20:00,WIX
266.11,266.48,266.05,266.13,1666,2021-03-30 18:25:00,WIX
266.18,267.42,266.18,267.07,4254,2021-03-30 18:30:00,WIX
266.82,267.37,266.73,267.06,3064,2021-03-30 18:35:00,WIX
267.17,267.38,267.0,267.17,2300,2021-03-30 18:40:00,WIX
267.14,267.14,267.095,267.095,200,2021-03-30 18:45:00,WIX
267.34,267.72,266.8677,267.43,4198,2021-03-30 18:50:00,WIX
267.25,267.45,266.875,267.45,600,2021-03-30 18:55:00,WIX
267.55,267.63,267.275,267.52,1100,2021-03-30 19:00:00,WIX
267.19,267.42,266.99,267.12,2180,2021-03-30 19:05:00,WIX
267.185,267.185,266.9,267.13,1873,2021-03-30 19:10:00,WIX
267.125,268.21,267.125,267.77,3900,2021-03-30 19:15:00,WIX
267.76,268.02,267.24,268.0,3672,2021-03-30 19:20:00,WIX
267.86,268.09,267.73,268.09,3074,2021-03-30 19:25:00,WIX
267.815,267.93,267.6,267.69,1200,2021-03-30 19:30:00,WIX
267.595,267.88,267.325,267.46,2389,2021-03-30 19:35:00,WIX
267.78,268.145,267.47,267.69,4573,2021-03-30 19:40:00,WIX
267.555,268.17,267.04,267.04,51245,2021-03-30 19:45:00,WIX
266.94,267.34,266.23,266.23,10800,2021-03-30 19:50:00,WIX
266.32,267.33,265.99,266.9,25118,2021-03-30 19:55:00,WIX
266.99,266.99,266.99,266.99,22897,2021-03-30 20:00:00,WIX
266.99,266.99,266.99,266.99,6407,2021-03-30 21:05:00,WIX
270.0,272.72,269.41,270.31,19041,2021-03-31 13:30:00,WIX
270.935,272.67,269.45,270.38,17729,2021-03-31 13:35:00,WIX
270.0,274.0,270.0,271.86,42288,2021-03-31 13:40:00,WIX
272.62,272.62,270.51,270.91,10869,2021-03-31 13:45:00,WIX
270.9,271.8,270.0,270.01,7734,2021-03-31 13:50:00,WIX
270.16,272.5694,270.075,271.94,12464,2021-03-31 13:55:00,WIX
271.95,274.73,271.95,272.87,18297,2021-03-31 14:00:00,WIX
273.1,275.58,272.73,274.71,8740,2021-03-31 14:05:00,WIX
274.71,275.49,273.93,275.3423,1620,2021-03-31 14:10:00,WIX
275.905,275.905,275.09,275.09,400,2021-03-31 14:15:00,WIX
275.9,276.89,275.26,275.67,2410,2021-03-31 14:20:00,WIX
275.86,275.86,275.05,275.05,1302,2021-03-31 14:25:00,WIX
274.765,275.35,273.415,274.05,16824,2021-03-31 14:30:00,WIX
274.81,275.8423,274.81,275.8423,710,2021-03-31 14:35:00,WIX
275.29,276.47,274.24,274.55,38003,2021-03-31 14:40:00,WIX
275.0,276.95,274.94,276.94,5027,2021-03-31 14:45:00,WIX
276.22,276.8365,275.055,275.54,4300,2021-03-31 14:50:00,WIX
275.52,275.52,273.81,274.9299,3604,2021-03-31 14:55:00,WIX
274.92,274.93,274.92,274.93,200,2021-03-31 15:00:00,WIX
274.85,275.46,274.07,274.6,900,2021-03-31 15:05:00,WIX
274.29,275.56,274.29,274.7594,3600,2021-03-31 15:10:00,WIX
275.45,275.74,274.53,275.74,3100,2021-03-31 15:15:00,WIX
275.8,275.88,275.2,275.4725,1031,2021-03-31 15:20:00,WIX
275.46,276.77,275.42,276.35,2011,2021-03-31 15:25:00,WIX
276.365,277.09,276.23,276.355,4992,2021-03-31 15:30:00,WIX
276.4,277.0,276.3,277.0,1600,2021-03-31 15:35:00,WIX
276.435,276.57,275.595,275.81,17463,2021-03-31 15:40:00,WIX
276.075,276.655,276.075,276.655,600,2021-03-31 15:45:00,WIX
276.655,276.655,276.655,276.655,300,2021-03-31 15:50:00,WIX
276.52,277.51,276.52,277.01,5896,2021-03-31 15:55:00,WIX
277.01,277.03,276.61,277.0,2536,2021-03-31 16:00:00,WIX
277.01,277.01,276.395,276.63,2256,2021-03-31 16:05:00,WIX
276.4501,277.01,276.4501,276.5,2400,2021-03-31 16:10:00,WIX
276.57,276.605,276.36,276.36,1657,2021-03-31 16:15:00,WIX
276.365,276.98,276.365,276.98,655,2021-03-31 16:20:00,WIX
277.08,277.08,276.38,276.545,947,2021-03-31 16:25:00,WIX
276.55,276.88,276.44,276.54,800,2021-03-31 16:30:00,WIX
276.44,276.79,276.211,276.51,2000,2021-03-31 16:35:00,WIX
276.69,276.91,276.52,276.52,700,2021-03-31 16:40:00,WIX
276.44,276.49,276.2395,276.2395,2100,2021-03-31 16:45:00,WIX
276.68,276.68,276.55,276.55,300,2021-03-31 16:50:00,WIX
276.59,276.895,276.315,276.315,1200,2021-03-31 16:55:00,WIX
276.505,276.71,276.3,276.525,2200,2021-03-31 17:00:00,WIX
276.76,277.89,276.76,277.89,1960,2021-03-31 17:05:00,WIX
277.75,278.775,277.75,278.46,2626,2021-03-31 17:10:00,WIX
278.39,278.9,278.06,278.06,4488,2021-03-31 17:15:00,WIX
278.04,278.14,277.9,277.9,2078,2021-03-31 17:20:00,WIX
278.3999,278.3999,276.87,277.28,5444,2021-03-31 17:25:00,WIX
277.3,277.89,277.24,277.46,1100,2021-03-31 17:30:00,WIX
277.335,277.335,276.69,276.69,1600,2021-03-31 17:35:00,WIX
277.22,277.22,276.435,276.775,1900,2021-03-31 17:40:00,WIX
276.99,277.155,276.735,277.015,1100,2021-03-31 17:45:00,WIX
277.14,278.04,277.14,277.93,13500,2021-03-31 17:50:00,WIX
277.6,278.66,277.6,277.82,3700,2021-03-31 17:55:00,WIX
278.05,278.32,277.74,277.74,2373,2021-03-31 18:00:00,WIX
277.77,277.96,277.1175,277.645,32590,2021-03-31 18:05:00,WIX
277.525,278.83,277.525,278.83,1100,2021-03-31 18:10:00,WIX
278.84,278.84,278.575,278.76,1814,2021-03-31 18:15:00,WIX
278.65,279.13,278.4,278.4,2083,2021-03-31 18:20:00,WIX
278.66,279.06,278.635,278.91,600,2021-03-31 18:25:00,WIX
279.07,279.875,279.07,279.185,4435,2021-03-31 18:30:00,WIX
279.33,279.33,278.315,278.34,2045,2021-03-31 18:35:00,WIX
277.745,278.74,277.745,278.455,5379,2021-03-31 18:40:00,WIX
278.74,279.09,278.74,279.09,800,2021-03-31 18:45:00,WIX
279.86,280.125,279.53,279.8958,3200,2021-03-31 18:50:00,WIX
279.76,279.76,279.13,279.13,1326,2021-03-31 18:55:00,WIX
279.42,280.3,279.29,280.16,8407,2021-03-31 19:00:00,WIX
280.16,280.24,279.32,279.6499,4308,2021-03-31 19:05:00,WIX
279.46,279.79,279.39,279.46,8012,2021-03-31 19:10:00,WIX
279.62,279.73,279.15,279.15,5173,2021-03-31 19:15:00,WIX
279.15,279.68,279.15,279.47,8883,2021-03-31 19:20:00,WIX
279.465,279.72,279.22,279.33,7712,2021-03-31 19:25:00,WIX
279.33,279.64,279.33,279.5,11276,2021-03-31 19:30:00,WIX
279.57,279.84,279.48,279.83,9500,2021-03-31 19:35:00,WIX
279.73,280.65,279.545,280.46,6773,2021-03-31 19:40:00,WIX
280.36,280.98,280.1,280.395,9439,2021-03-31 19:45:00,WIX
280.31,280.79,279.69,280.37,18664,2021-03-31 19:50:00,WIX
279.64,280.38,278.97,278.97,36480,2021-03-31 19:55:00,WIX
279.22,279.22,279.22,279.22,55791,2021-03-31 20:00:00,WIX
279.22,279.22,279.22,279.22,9285,2021-03-31 20:05:00,WIX
279.22,279.22,279.22,279.22,9285,2021-03-31 20:20:00,WIX
279.22,279.22,279.22,279.22,2493,2021-04-01 12:15:00,WIX
288.03,288.03,288.03,288.03,500,2021-04-01 13:25:00,WIX
288.37,291.75,287.29,287.57,24099,2021-04-01 13:30:00,WIX
287.0,288.86,286.63,288.22,6672,2021-04-01 13:35:00,WIX
288.215,292.15,287.57,292.15,19756,2021-04-01 13:40:00,WIX
292.175,295.3,291.7739,293.78,11659,2021-04-01 13:45:00,WIX
293.785,294.87,292.705,292.83,3100,2021-04-01 13:50:00,WIX
292.325,293.0,291.6064,293.0,1498,2021-04-01 13:55:00,WIX
292.98,293.8525,289.6414,290.94,4787,2021-04-01 14:00:00,WIX
290.61,292.755,290.11,292.52,2500,2021-04-01 14:05:00,WIX
292.8964,292.8964,291.525,291.525,1394,2021-04-01 14:10:00,WIX
291.73,293.265,291.73,292.47,1500,2021-04-01 14:15:00,WIX
292.6,292.6,291.0941,291.0941,2176,2021-04-01 14:20:00,WIX
291.415,291.415,290.125,290.315,1008,2021-04-01 14:25:00,WIX
290.14,290.64,289.87,290.0,3784,2021-04-01 14:30:00,WIX
290.295,290.63,289.165,289.2,4264,2021-04-01 14:35:00,WIX
289.42,290.74,289.39,290.32,9874,2021-04-01 14:40:00,WIX
290.11,290.11,289.68,290.0,851,2021-04-01 14:45:00,WIX
290.15,290.15,289.38,289.49,1869,2021-04-01 14:50:00,WIX
289.64,290.59,289.49,290.59,2186,2021-04-01 14:55:00,WIX
290.96,291.54,290.8,291.14,2031,2021-04-01 15:00:00,WIX
291.52,291.52,289.4704,291.0,9961,2021-04-01 15:05:00,WIX
290.265,291.39,290.23,290.23,3500,2021-04-01 15:10:00,WIX
290.49,290.49,289.6134,289.99,1918,2021-04-01 15:15:00,WIX
290.8,291.35,290.23,290.23,1682,2021-04-01 15:20:00,WIX
290.0784,291.0,289.93,291.0,700,2021-04-01 15:25:00,WIX
291.01,291.2646,290.085,290.085,2449,2021-04-01 15:30:00,WIX
290.17,290.58,289.55,289.55,10178,2021-04-01 15:35:00,WIX
289.17,289.48,288.66,288.98,1074,2021-04-01 15:40:00,WIX
289.14,289.21,288.51,289.15,1672,2021-04-01 15:45:00,WIX
289.205,290.01,289.205,289.78,2594,2021-04-01 15:50:00,WIX
289.87,290.3612,289.87,289.975,1032,2021-04-01 15:55:00,WIX
290.36,290.77,290.26,290.6,1406,2021-04-01 16:00:00,WIX
290.75,290.75,290.06,290.24,702,2021-04-01 16:05:00,WIX
289.97,290.25,289.51,289.67,2040,2021-04-01 16:10:00,WIX
289.74,290.52,289.64,290.52,1120,2021-04-01 16:15:00,WIX
289.93,290.22,289.51,290.22,2082,2021-04-01 16:20:00,WIX
290.3564,290.49,290.05,290.49,520,2021-04-01 16:25:00,WIX
290.643,290.73,289.5,289.5,1236,2021-04-01 16:30:00,WIX
289.77,289.9159,289.55,289.86,800,2021-04-01 16:35:00,WIX
289.695,290.02,289.695,289.865,1000,2021-04-01 16:40:00,WIX
289.89,290.19,289.49,290.11,1748,2021-04-01 16:45:00,WIX
289.96,290.71,289.93,290.71,2200,2021-04-01 16:50:00,WIX
290.65,290.66,290.6,290.66,500,2021-04-01 16:55:00,WIX
290.44,290.58,290.44,290.58,300,2021-04-01 17:00:00,WIX
290.19,290.295,289.685,289.685,4300,2021-04-01 17:05:00,WIX
289.715,289.715,289.25,289.615,2175,2021-04-01 17:10:00,WIX
289.47,289.63,288.45,288.71,1260,2021-04-01 17:15:00,WIX
288.96,290.1769,288.8,289.81,10502,2021-04-01 17:20:00,WIX
289.815,290.13,289.7,289.85,1768,2021-04-01 17:25:00,WIX
289.63,290.22,289.54,289.98,2732,2021-04-01 17:30:00,WIX
290.0589,290.93,290.0589,290.93,2067,2021-04-01 17:35:00,WIX
291.02,291.02,290.25,290.58,2100,2021-04-01 17:45:00,WIX
290.505,290.505,290.47,290.47,200,2021-04-01 17:50:00,WIX
290.36,290.78,290.2,290.66,3115,2021-04-01 17:55:00,WIX
290.405,290.475,289.95,290.14,4504,2021-04-01 18:00:00,WIX
289.88,289.93,289.64,289.64,1648,2021-04-01 18:05:00,WIX
289.845,290.14,289.845,289.89,5352,2021-04-01 18:10:00,WIX
289.82,290.12,289.65,290.05,1564,2021-04-01 18:15:00,WIX
290.0,290.85,289.485,290.84,26715,2021-04-01 18:20:00,WIX
290.034,291.25,290.034,291.25,1625,2021-04-01 18:25:00,WIX
290.93,291.23,290.93,291.23,500,2021-04-01 18:30:00,WIX
290.84,291.145,290.785,291.145,600,2021-04-01 18:35:00,WIX
291.225,292.2496,291.225,292.2496,1300,2021-04-01 18:40:00,WIX
292.5,292.5,292.305,292.48,1797,2021-04-01 18:45:00,WIX
292.38,292.44,291.98,292.39,2400,2021-04-01 18:50:00,WIX
292.6,293.17,292.44,292.44,4946,2021-04-01 18:55:00,WIX
292.33,292.92,292.16,292.51,6956,2021-04-01 19:00:00,WIX
292.265,292.61,291.93,292.61,5962,2021-04-01 19:05:00,WIX
292.41,292.425,291.94,292.39,4100,2021-04-01 19:10:00,WIX
292.4,292.81,292.23,292.735,7556,2021-04-01 19:15:00,WIX
292.75,292.88,291.9,292.13,6721,2021-04-01 19:20:00,WIX
292.2,293.22,292.2,293.21,3853,2021-04-01 19:25:00,WIX
293.3,293.54,292.9,292.9,7523,2021-04-01 19:30:00,WIX
292.63,292.87,292.18,292.3969,5925,2021-04-01 19:35:00,WIX
292.46,292.68,292.0,292.075,7040,2021-04-01 19:40:00,WIX
291.92,292.86,291.78,292.56,12052,2021-04-01 19:45:00,WIX
292.61,293.84,292.55,293.49,24369,2021-04-01 19:50:00,WIX
293.48,293.76,292.86,293.76,25850,2021-04-01 19:55:00,WIX
293.3,293.3,293.3,293.3,26543,2021-04-01 20:00:00,WIX
300.0,300.0,300.0,300.0,152,2021-04-05 11:45:00,WIX
297.52,299.71,296.99,297.84,10567,2021-04-05 13:30:00,WIX
297.84,298.47,295.33,297.69,12375,2021-04-05 13:35:00,WIX
296.035,296.115,294.0,294.385,10060,2021-04-05 13:40:00,WIX
295.97,297.8,295.28,296.52,2100,2021-04-05 13:45:00,WIX
297.06,297.06,294.52,294.52,2100,2021-04-05 13:50:00,WIX
295.36,296.05,294.16,294.97,2880,2021-04-05 13:55:00,WIX
294.24,294.99,293.5,294.3594,4572,2021-04-05 14:00:00,WIX
294.51,295.95,293.3,295.31,28264,2021-04-05 14:05:00,WIX
295.26,295.35,294.35,294.35,2200,2021-04-05 14:10:00,WIX
294.77,295.47,293.6,294.67,17445,2021-04-05 14:15:00,WIX
294.7705,295.595,294.37,294.825,18422,2021-04-05 14:20:00,WIX
294.85,295.38,294.3775,294.93,3768,2021-04-05 14:25:00,WIX
294.8,296.5548,294.8,296.5548,2020,2021-04-05 14:30:00,WIX
296.215,296.79,295.76,296.79,4195,2021-04-05 14:35:00,WIX
296.905,296.905,296.0,296.0,1570,2021-04-05 14:40:00,WIX
295.9975,296.8,295.5501,296.605,1563,2021-04-05 14:45:00,WIX
296.26,297.26,296.26,296.3,900,2021-04-05 14:50:00,WIX
296.4,296.94,295.9,296.31,3160,2021-04-05 14:55:00,WIX
296.66,296.66,295.535,296.05,1938,2021-04-05 15:00:00,WIX
296.16,296.41,295.75,295.75,3820,2021-04-05 15:05:00,WIX
295.6,296.4,295.575,295.86,3413,2021-04-05 15:10:00,WIX
295.86,296.4,295.47,295.8,1600,2021-04-05 15:15:00,WIX
296.05,296.05,295.385,295.63,2300,2021-04-05 15:20:00,WIX
295.77,296.49,295.3,296.205,61350,2021-04-05 15:25:00,WIX
295.92,296.56,295.635,296.375,8269,2021-04-05 15:30:00,WIX
296.15,296.65,295.87,296.3137,5043,2021-04-05 15:35:00,WIX
296.255,296.65,295.8325,296.115,9738,2021-04-05 15:40:00,WIX
296.0,296.385,295.7,296.02,7477,2021-04-05 15:45:00,WIX
296.11,296.23,294.5,295.35,6393,2021-04-05 15:50:00,WIX
295.025,295.4,294.85,294.85,400,2021-04-05 15:55:00,WIX
294.95,295.9,294.95,295.11,3200,2021-04-05 16:00:00,WIX
295.92,296.355,295.82,296.315,12032,2021-04-05 16:05:00,WIX
296.12,296.24,295.4201,296.21,3459,2021-04-05 16:10:00,WIX
296.11,296.49,296.01,296.46,1400,2021-04-05 16:15:00,WIX
296.68,296.68,296.555,296.555,500,2021-04-05 16:20:00,WIX
296.6,296.97,296.23,296.23,1370,2021-04-05 16:25:00,WIX
296.42,296.63,296.4105,296.63,600,2021-04-05 16:30:00,WIX
296.7,296.95,296.35,296.63,2080,2021-04-05 16:35:00,WIX
296.41,296.46,296.035,296.23,1778,2021-04-05 16:40:00,WIX
296.0,297.73,296.0,297.73,5832,2021-04-05 16:45:00,WIX
297.71,298.33,297.64,298.33,8836,2021-04-05 16:50:00,WIX
298.49,298.49,297.77,297.92,8589,2021-04-05 16:55:00,WIX
297.74,297.74,297.27,297.27,632,2021-04-05 17:00:00,WIX
297.03,297.35,297.03,297.35,700,2021-04-05 17:05:00,WIX
297.36,297.7975,297.36,297.51,600,2021-04-05 17:10:00,WIX
298.15,298.55,297.98,298.55,754,2021-04-05 17:15:00,WIX
298.3,298.3,298.055,298.055,624,2021-04-05 17:20:00,WIX
297.76,298.0,297.75,297.925,1333,2021-04-05 17:25:00,WIX
298.2,298.49,297.31,297.31,1531,2021-04-05 17:30:00,WIX
297.14,297.33,296.85,296.885,1822,2021-04-05 17:35:00,WIX
297.0,297.9053,297.0,297.2101,1361,2021-04-05 17:40:00,WIX
297.575,297.71,297.575,297.71,600,2021-04-05 17:45:00,WIX
297.49,298.065,297.3494,297.745,1660,2021-04-05 17:50:00,WIX
298.005,298.005,297.63,297.665,1160,2021-04-05 17:55:00,WIX
297.45,297.59,297.3,297.5504,1900,2021-04-05 18:00:00,WIX
297.715,297.85,297.385,297.56,960,2021-04-05 18:05:00,WIX
297.52,297.52,297.1,297.275,1200,2021-04-05 18:10:00,WIX
297.08,297.18,296.9,296.9,1000,2021-04-05 18:15:00,WIX
297.2,297.2,296.71,297.005,800,2021-04-05 18:20:00,WIX
296.76,297.5,296.75,297.5,1400,2021-04-05 18:25:00,WIX
297.275,298.065,297.07,297.925,2300,2021-04-05 18:30:00,WIX
297.74,297.74,296.75,296.8,1351,2021-04-05 18:35:00,WIX
296.91,297.5986,296.885,297.16,1005,2021-04-05 18:40:00,WIX
297.52,297.795,297.13,297.715,1430,2021-04-05 18:45:00,WIX
298.165,298.57,298.165,298.18,1170,2021-04-05 18:50:00,WIX
298.39,298.555,298.16,298.555,1090,2021-04-05 18:55:00,WIX
298.36,298.41,297.72,298.0,2939,2021-04-05 19:00:00,WIX
297.91,298.0817,297.66,297.835,3911,2021-04-05 19:05:00,WIX
297.785,298.275,297.56,298.1006,3199,2021-04-05 19:10:00,WIX
298.115,298.115,297.63,297.77,3389,2021-04-05 19:15:00,WIX
297.7,297.7,297.21,297.21,1400,2021-04-05 19:20:00,WIX
297.2,297.5,297.2,297.28,1860,2021-04-05 19:25:00,WIX
297.1,297.28,296.44,296.52,3668,2021-04-05 19:30:00,WIX
296.38,296.7,296.12,296.645,3628,2021-04-05 19:35:00,WIX
296.74,296.74,295.675,295.73,4354,2021-04-05 19:40:00,WIX
295.76,296.89,295.68,296.75,4583,2021-04-05 19:45:00,WIX
296.63,298.35,296.475,297.91,16551,2021-04-05 19:50:00,WIX
297.85,298.35,297.51,298.09,31955,2021-04-05 19:55:00,WIX
298.0,298.82,298.0,298.82,12497,2021-04-05 20:00:00,WIX
298.14,298.14,298.14,298.14,290,2021-04-05 20:05:00,WIX
298.5,298.5,298.5,298.5,100,2021-04-05 20:20:00,WIX
299.87,300.0,297.915,299.22,6821,2021-04-06 13:30:00,WIX
298.375,299.2132,297.72,298.7609,700,2021-04-06 13:35:00,WIX
298.59,298.6,296.02,296.03,2032,2021-04-06 13:40:00,WIX
296.91,297.29,295.01,295.99,2225,2021-04-06 13:50:00,WIX
296.78,297.1389,295.82,296.34,1100,2021-04-06 13:55:00,WIX
296.715,298.075,296.64,298.075,2185,2021-04-06 14:00:00,WIX
297.795,298.955,297.795,298.955,2300,2021-04-06 14:05:00,WIX
298.28,298.28,297.325,298.2,1280,2021-04-06 14:10:00,WIX
297.19,297.98,297.19,297.98,1200,2021-04-06 14:15:00,WIX
297.7,297.805,297.28,297.28,621,2021-04-06 14:20:00,WIX
297.83,298.475,297.83,298.475,800,2021-04-06 14:25:00,WIX
297.93,299.48,297.93,298.95,4580,2021-04-06 14:30:00,WIX
299.01,301.43,299.01,301.295,9427,2021-04-06 14:35:00,WIX
301.76,302.82,300.87,302.82,3302,2021-04-06 14:40:00,WIX
302.565,302.61,302.0,302.61,725,2021-04-06 14:45:00,WIX
303.33,304.72,302.75,304.72,4033,2021-04-06 14:50:00,WIX
303.66,304.42,303.66,304.42,1116,2021-04-06 14:55:00,WIX
303.73,303.95,302.63,302.925,2000,2021-04-06 15:00:00,WIX
302.67,303.705,302.67,302.72,2500,2021-04-06 15:05:00,WIX
303.115,305.0,303.115,304.8725,5027,2021-04-06 15:10:00,WIX
304.5934,305.41,304.31,305.41,3159,2021-04-06 15:15:00,WIX
305.36,306.0,305.01,305.07,2418,2021-04-06 15:20:00,WIX
304.93,305.18,304.1664,305.18,1917,2021-04-06 15:25:00,WIX
305.55,306.32,305.45,305.45,1200,2021-04-06 15:30:00,WIX
305.2,305.625,305.2,305.235,1300,2021-04-06 15:35:00,WIX
305.235,305.4,304.56,304.59,1618,2021-04-06 15:40:00,WIX
304.6,304.77,304.38,304.38,900,2021-04-06 15:45:00,WIX
304.13,304.13,303.57,303.95,838,2021-04-06 15:50:00,WIX
304.32,305.005,304.26,304.64,1615,2021-04-06 15:55:00,WIX
304.53,304.72,304.24,304.24,400,2021-04-06 16:00:00,WIX
303.93,304.42,303.56,304.42,3569,2021-04-06 16:05:00,WIX
304.59,305.21,303.73,303.82,3253,2021-04-06 16:10:00,WIX
303.8,304.155,303.465,303.74,3188,2021-04-06 16:15:00,WIX
303.39,303.72,303.39,303.72,601,2021-04-06 16:20:00,WIX
303.76,303.98,302.605,302.9,3150,2021-04-06 16:25:00,WIX
302.29,303.2,302.29,303.2,1213,2021-04-06 16:30:00,WIX
303.18,303.18,302.35,302.93,2800,2021-04-06 16:35:00,WIX
303.37,303.37,303.0,303.165,3445,2021-04-06 16:40:00,WIX
303.01,303.05,302.0306,302.04,1000,2021-04-06 16:45:00,WIX
302.49,302.52,301.28,301.7,2000,2021-04-06 16:50:00,WIX
301.8,303.11,301.8,302.19,2750,2021-04-06 16:55:00,WIX
302.34,302.52,301.68,301.84,1100,2021-04-06 17:00:00,WIX
301.96,301.96,300.74,300.74,1174,2021-04-06 17:05:00,WIX
300.89,300.89,300.395,300.43,900,2021-04-06 17:10:00,WIX
300.64,300.66,299.73,299.96,1906,2021-04-06 17:15:00,WIX
298.95,299.43,298.95,299.32,1854,2021-04-06 17:20:00,WIX
299.445,299.445,299.445,299.445,100,2021-04-06 17:25:00,WIX
299.29,300.1552,299.29,300.1552,303,2021-04-06 17:30:00,WIX
300.01,300.43,299.81,300.43,800,2021-04-06 17:35:00,WIX
300.29,300.29,299.61,300.1,900,2021-04-06 17:40:00,WIX
300.38,300.51,300.0,300.01,900,2021-04-06 17:45:00,WIX
300.41,300.41,299.87,300.33,600,2021-04-06 17:50:00,WIX
300.34,300.34,300.09,300.3004,700,2021-04-06 17:55:00,WIX
300.1,300.47,299.75,299.85,1600,2021-04-06 18:00:00,WIX
299.85,299.87,298.91,298.91,1700,2021-04-06 18:05:00,WIX
299.11,299.79,299.11,299.79,1029,2021-04-06 18:10:00,WIX
299.48,299.48,298.4,298.76,1556,2021-04-06 18:15:00,WIX
298.65,299.23,298.63,299.225,1200,2021-04-06 18:20:00,WIX
299.155,299.45,299.155,299.325,1000,2021-04-06 18:25:00,WIX
299.17,299.325,298.455,298.455,1900,2021-04-06 18:30:00,WIX
297.88,297.88,297.14,297.77,700,2021-04-06 18:35:00,WIX
297.94,299.0,297.835,298.745,1300,2021-04-06 18:40:00,WIX
299.0,299.41,298.52,299.41,1800,2021-04-06 18:45:00,WIX
299.19,300.34,298.85,300.12,2500,2021-04-06 18:50:00,WIX
300.15,301.15,299.76,301.13,3700,2021-04-06 18:55:00,WIX
301.11,301.78,298.9,299.2,5000,2021-04-06 19:00:00,WIX
299.23,299.43,298.82,299.02,3661,2021-04-06 19:05:00,WIX
299.195,300.86,299.01,300.3,3400,2021-04-06 19:10:00,WIX
300.29,301.21,300.12,301.19,2700,2021-04-06 19:15:00,WIX
300.76,301.0,300.15,300.65,3200,2021-04-06 19:20:00,WIX
300.495,300.495,299.8,299.99,2812,2021-04-06 19:25:00,WIX
300.2,300.71,300.0,300.0,4435,2021-04-06 19:30:00,WIX
299.97,300.12,299.41,299.41,3471,2021-04-06 19:35:00,WIX
299.33,299.89,298.98,299.165,5531,2021-04-06 19:40:00,WIX
299.41,299.67,298.96,299.67,4233,2021-04-06 19:45:00,WIX
299.77,300.27,298.59,299.0,11457,2021-04-06 19:50:00,WIX
298.99,299.36,298.6,299.36,25110,2021-04-06 19:55:00,WIX
299.4,299.4,299.4,299.4,28589,2021-04-06 20:00:00,WIX
299.4,299.4,299.4,299.4,1730,2021-04-06 22:20:00,WIX
296.8,296.8,295.25,296.0,2571,2021-04-07 13:30:00,WIX
295.1,295.1,293.22,293.22,587,2021-04-07 13:35:00,WIX
294.79,295.88,294.71,295.88,300,2021-04-07 13:40:00,WIX
296.74,297.77,296.74,297.728,853,2021-04-07 13:45:00,WIX
297.61,298.99,297.61,298.99,300,2021-04-07 13:50:00,WIX
298.5,298.5,298.5,298.5,100,2021-04-07 13:55:00,WIX
298.32,301.61,298.31,301.61,4078,2021-04-07 14:00:00,WIX
301.585,301.99,300.22,301.4552,1138,2021-04-07 14:05:00,WIX
301.8449,302.15,300.86,302.07,1320,2021-04-07 14:10:00,WIX
301.62,301.62,300.31,300.7,1200,2021-04-07 14:15:00,WIX
302.2,302.2,300.95,301.45,400,2021-04-07 14:20:00,WIX
301.09,301.61,301.03,301.03,600,2021-04-07 14:25:00,WIX
302.5,302.5,301.08,301.52,1300,2021-04-07 14:30:00,WIX
301.34,301.34,300.72,300.72,2686,2021-04-07 14:35:00,WIX
301.015,301.015,300.0,300.38,700,2021-04-07 14:40:00,WIX
300.48,300.7,300.19,300.51,1342,2021-04-07 14:45:00,WIX
299.93,300.4,299.81,299.81,1000,2021-04-07 14:50:00,WIX
300.255,300.58,300.255,300.57,450,2021-04-07 14:55:00,WIX
300.29,300.71,299.985,300.42,1946,2021-04-07 15:00:00,WIX
300.51,300.975,300.51,300.79,1143,2021-04-07 15:05:00,WIX
300.98,301.225,300.8767,300.92,632,2021-04-07 15:10:00,WIX
300.935,301.335,300.875,301.335,1432,2021-04-07 15:15:00,WIX
301.01,301.31,300.92,301.045,3225,2021-04-07 15:20:00,WIX
301.04,301.05,299.0601,299.0601,1800,2021-04-07 15:25:00,WIX
299.18,299.345,299.02,299.345,300,2021-04-07 15:30:00,WIX
299.265,299.265,298.58,298.58,800,2021-04-07 15:35:00,WIX
297.98,298.48,297.98,298.18,2252,2021-04-07 15:40:00,WIX
298.04,298.47,298.04,298.47,1300,2021-04-07 15:45:00,WIX
298.48,300.11,298.27,300.11,2776,2021-04-07 15:50:00,WIX
299.66,299.66,299.05,299.05,1276,2021-04-07 15:55:00,WIX
299.15,299.66,298.8,298.8,2503,2021-04-07 16:00:00,WIX
299.03,299.085,298.81,298.81,2212,2021-04-07 16:05:00,WIX
298.71,299.13,298.71,299.03,1837,2021-04-07 16:10:00,WIX
298.78,299.0,298.66,298.77,3301,2021-04-07 16:15:00,WIX
299.0,299.155,298.51,299.155,1100,2021-04-07 16:20:00,WIX
298.58,299.39,298.36,299.13,3713,2021-04-07 16:25:00,WIX
298.91,299.62,298.705,299.62,1956,2021-04-07 16:30:00,WIX
299.41,299.66,299.24,299.66,1050,2021-04-07 16:35:00,WIX
299.41,299.66,299.17,299.615,2768,2021-04-07 16:40:00,WIX
299.565,300.49,299.565,300.05,2100,2021-04-07 16:45:00,WIX
299.59,299.76,299.17,299.17,3400,2021-04-07 16:50:00,WIX
299.17,299.17,298.69,299.025,710,2021-04-07 16:55:00,WIX
298.875,299.11,298.62,299.025,1166,2021-04-07 17:00:00,WIX
299.32,299.79,298.9,299.26,2100,2021-04-07 17:05:00,WIX
299.28,299.82,299.28,299.4,2326,2021-04-07 17:10:00,WIX
299.43,299.93,299.43,299.93,500,2021-04-07 17:15:00,WIX
300.12,300.12,299.09,299.394,900,2021-04-07 17:20:00,WIX
299.49,299.85,299.4614,299.61,800,2021-04-07 17:25:00,WIX
299.19,300.82,299.19,300.82,3499,2021-04-07 17:30:00,WIX
300.97,301.58,300.97,301.45,1740,2021-04-07 17:35:00,WIX
301.2343,301.56,300.98,301.05,700,2021-04-07 17:40:00,WIX
301.8,301.8,301.535,301.72,799,2021-04-07 17:45:00,WIX
301.44,302.675,301.42,302.19,3762,2021-04-07 17:50:00,WIX
302.14,302.6,302.06,302.6,1700,2021-04-07 17:55:00,WIX
302.4,302.63,302.225,302.23,1323,2021-04-07 18:00:00,WIX
302.205,302.94,301.88,302.3,2270,2021-04-07 18:05:00,WIX
302.5,303.34,302.44,303.34,2300,2021-04-07 18:10:00,WIX
303.55,303.685,302.99,303.15,1600,2021-04-07 18:15:00,WIX
302.98,302.98,302.56,302.561,910,2021-04-07 18:20:00,WIX
302.56,302.72,301.895,302.66,1405,2021-04-07 18:25:00,WIX
302.605,302.605,301.84,302.26,1024,2021-04-07 18:30:00,WIX
302.44,302.5,302.07,302.07,900,2021-04-07 18:35:00,WIX
302.3,302.5,302.11,302.47,1700,2021-04-07 18:40:00,WIX
302.85,303.165,302.66,302.82,1300,2021-04-07 18:45:00,WIX
303.11,303.46,303.11,303.295,1446,2021-04-07 18:50:00,WIX
303.29,303.29,302.71,303.055,1400,2021-04-07 18:55:00,WIX
303.06,303.06,302.7,302.78,500,2021-04-07 19:00:00,WIX
302.69,302.93,302.35,302.38,900,2021-04-07 19:05:00,WIX
302.06,302.2498,301.53,301.53,803,2021-04-07 19:10:00,WIX
301.82,301.82,301.49,301.51,1600,2021-04-07 19:15:00,WIX
301.32,301.32,300.57,301.25,2275,2021-04-07 19:20:00,WIX
300.97,300.97,300.465,300.7528,2200,2021-04-07 19:25:00,WIX
300.56,300.6,300.12,300.12,2000,2021-04-07 19:30:00,WIX
299.57,299.99,299.25,299.915,2600,2021-04-07 19:35:00,WIX
299.67,300.355,299.67,300.02,1900,2021-04-07 19:40:00,WIX
300.27,300.775,299.96,300.31,2600,2021-04-07 19:45:00,WIX
300.17,300.365,299.55,299.9,4600,2021-04-07 19:50:00,WIX
299.845,300.42,299.38,300.0,8313,2021-04-07 19:55:00,WIX
299.93,299.93,299.93,299.93,17920,2021-04-07 20:00:00,WIX
305.91,305.91,304.5,304.5,652,2021-04-08 13:25:00,WIX
306.3,306.3,301.925,302.27,6978,2021-04-08 13:30:00,WIX
303.8,306.0,303.18,306.0,6720,2021-04-08 13:35:00,WIX
304.88,307.43,304.88,306.48,1800,2021-04-08 13:40:00,WIX
306.12,306.4,304.62,305.36,23000,2021-04-08 13:45:00,WIX
305.0,305.385,303.67,303.67,1790,2021-04-08 13:50:00,WIX
303.64,304.71,303.64,304.105,1600,2021-04-08 13:55:00,WIX
304.71,305.09,303.69,304.43,7374,2021-04-08 14:00:00,WIX
303.93,304.57,303.2,303.595,2800,2021-04-08 14:05:00,WIX
303.8,304.27,303.0,303.035,2610,2021-04-08 14:10:00,WIX
304.0,304.51,303.21,303.68,1700,2021-04-08 14:15:00,WIX
304.2,304.32,302.45,304.32,3566,2021-04-08 14:20:00,WIX
303.88,304.315,302.36,302.36,2100,2021-04-08 14:25:00,WIX
302.83,303.32,302.42,302.42,1554,2021-04-08 14:30:00,WIX
301.63,302.345,300.68,302.295,14363,2021-04-08 14:35:00,WIX
301.89,303.7,301.74,302.26,21147,2021-04-08 14:40:00,WIX
302.95,303.345,302.545,303.345,1637,2021-04-08 14:45:00,WIX
303.345,303.345,302.75,302.885,955,2021-04-08 14:50:00,WIX
302.84,303.93,302.84,303.58,993,2021-04-08 14:55:00,WIX
303.93,304.32,303.65,303.71,800,2021-04-08 15:00:00,WIX
303.87,303.87,303.2,303.285,750,2021-04-08 15:05:00,WIX
303.215,303.67,302.325,303.67,1300,2021-04-08 15:10:00,WIX
303.86,305.69,303.72,304.07,2379,2021-04-08 15:15:00,WIX
304.7,304.86,304.3,304.86,800,2021-04-08 15:20:00,WIX
304.84,305.245,304.84,304.91,1200,2021-04-08 15:25:00,WIX
304.92,304.92,304.23,304.275,1124,2021-04-08 15:30:00,WIX
304.19,304.51,304.19,304.51,1100,2021-04-08 15:35:00,WIX
304.97,304.97,304.51,304.96,800,2021-04-08 15:40:00,WIX
305.1037,305.77,305.02,305.36,740,2021-04-08 15:45:00,WIX
305.36,305.695,305.24,305.43,1200,2021-04-08 15:50:00,WIX
305.43,306.04,305.43,305.68,900,2021-04-08 15:55:00,WIX
305.945,306.0,305.7,305.79,1000,2021-04-08 16:00:00,WIX
305.79,306.28,305.51,306.21,1600,2021-04-08 16:05:00,WIX
306.42,306.5,305.73,305.73,1700,2021-04-08 16:10:00,WIX
306.075,306.8,306.005,306.59,2331,2021-04-08 16:15:00,WIX
306.26,306.31,306.26,306.31,200,2021-04-08 16:20:00,WIX
306.59,306.59,306.39,306.39,600,2021-04-08 16:25:00,WIX
306.44,306.44,306.0,306.0,448,2021-04-08 16:30:00,WIX
305.89,306.405,305.89,305.95,900,2021-04-08 16:35:00,WIX
305.48,305.48,305.48,305.48,100,2021-04-08 16:40:00,WIX
305.21,305.31,304.48,304.74,2825,2021-04-08 16:45:00,WIX
304.735,306.32,304.735,306.32,4708,2021-04-08 16:50:00,WIX
306.32,306.855,306.2,306.405,2121,2021-04-08 16:55:00,WIX
306.96,307.0,306.43,306.8,5768,2021-04-08 17:00:00,WIX
306.945,307.045,306.51,306.835,6100,2021-04-08 17:05:00,WIX
306.8,307.07,306.38,307.07,8623,2021-04-08 17:10:00,WIX
307.17,307.17,306.67,306.825,2170,2021-04-08 17:15:00,WIX
306.83,307.025,305.52,305.52,12228,2021-04-08 17:20:00,WIX
305.07,305.665,305.05,305.59,2327,2021-04-08 17:25:00,WIX
305.81,305.97,305.81,305.86,706,2021-04-08 17:30:00,WIX
305.55,306.1,305.55,305.61,1600,2021-04-08 17:35:00,WIX
305.94,305.96,304.9522,304.9522,854,2021-04-08 17:40:00,WIX
305.05,305.36,304.685,304.685,1204,2021-04-08 17:45:00,WIX
304.57,304.97,304.5308,304.97,1034,2021-04-08 17:50:00,WIX
305.1,305.1,304.94,304.94,500,2021-04-08 17:55:00,WIX
305.2,305.48,304.98,305.11,1100,2021-04-08 18:00:00,WIX
305.24,305.38,304.97,305.345,800,2021-04-08 18:05:00,WIX
305.53,305.53,305.36,305.425,674,2021-04-08 18:10:00,WIX
305.34,305.575,305.34,305.42,600,2021-04-08 18:15:00,WIX
305.67,305.85,305.18,305.225,1700,2021-04-08 18:20:00,WIX
305.3594,305.6758,305.33,305.6758,1300,2021-04-08 18:25:00,WIX
305.435,305.435,304.8425,304.8425,2600,2021-04-08 18:30:00,WIX
304.97,304.97,304.1606,304.36,2270,2021-04-08 18:35:00,WIX
304.38,304.71,304.14,304.14,1400,2021-04-08 18:40:00,WIX
303.95,304.08,303.95,304.0475,1000,2021-04-08 18:45:00,WIX
303.76,303.76,303.11,303.14,800,2021-04-08 18:50:00,WIX
303.47,303.675,303.3,303.675,6224,2021-04-08 18:55:00,WIX
303.6,303.6,303.55,303.575,800,2021-04-08 19:00:00,WIX
303.575,303.635,303.15,303.2,1533,2021-04-08 19:05:00,WIX
303.505,303.505,302.41,302.44,3082,2021-04-08 19:10:00,WIX
302.8,302.84,302.56,302.56,1600,2021-04-08 19:15:00,WIX
302.435,302.435,302.085,302.15,1512,2021-04-08 19:20:00,WIX
302.26,302.66,302.26,302.36,1300,2021-04-08 19:25:00,WIX
302.53,302.74,302.175,302.31,2722,2021-04-08 19:30:00,WIX
302.31,302.91,302.31,302.91,1400,2021-04-08 19:35:00,WIX
302.865,302.99,302.24,302.24,5890,2021-04-08 19:40:00,WIX
302.41,302.67,301.82,301.86,5740,2021-04-08 19:45:00,WIX
301.85,302.395,301.64,302.14,7306,2021-04-08 19:50:00,WIX
301.925,302.38,301.0,301.42,23812,2021-04-08 19:55:00,WIX
301.4,301.46,301.4,301.46,49130,2021-04-08 20:00:00,WIX
301.46,301.46,301.46,301.46,318,2021-04-08 20:05:00,WIX
301.46,301.46,301.46,301.46,2233,2021-04-08 20:45:00,WIX
298.88,301.62,296.6,296.63,5537,2021-04-09 13:30:00,WIX
296.22,296.46,292.67,293.0,1625,2021-04-09 13:35:00,WIX
293.35,296.61,292.92,295.31,3472,2021-04-09 13:40:00,WIX
294.82,295.425,293.28,293.28,3675,2021-04-09 13:45:00,WIX
293.23,293.25,291.41,291.45,2254,2021-04-09 13:50:00,WIX
291.72,293.3109,291.7,292.41,3110,2021-04-09 13:55:00,WIX
292.5,293.43,292.36,292.88,2600,2021-04-09 14:00:00,WIX
293.49,294.58,292.53,292.98,7268,2021-04-09 14:05:00,WIX
292.63,292.98,291.96,292.34,900,2021-04-09 14:10:00,WIX
291.92,293.32,291.92,293.32,3404,2021-04-09 14:15:00,WIX
293.54,294.18,293.54,294.18,500,2021-04-09 14:20:00,WIX
293.89,293.89,291.73,291.73,5988,2021-04-09 14:25:00,WIX
291.71,292.21,291.525,292.02,1682,2021-04-09 14:30:00,WIX
292.48,292.48,291.63,291.89,2535,2021-04-09 14:35:00,WIX
291.94,291.94,291.06,291.74,1529,2021-04-09 14:40:00,WIX
292.12,292.5,291.98,292.5,3267,2021-04-09 14:45:00,WIX
292.17,292.36,291.82,292.175,1693,2021-04-09 14:50:00,WIX
292.36,292.66,291.83,292.61,2537,2021-04-09 14:55:00,WIX
292.83,293.02,292.0,292.0,2850,2021-04-09 15:00:00,WIX
291.9965,292.65,291.9965,292.65,859,2021-04-09 15:05:00,WIX
292.31,292.995,292.31,292.995,894,2021-04-09 15:10:00,WIX
293.13,293.96,293.13,293.23,11827,2021-04-09 15:15:00,WIX
293.18,293.18,292.97,292.97,301,2021-04-09 15:20:00,WIX
293.0,293.0,291.42,292.14,20462,2021-04-09 15:25:00,WIX
291.89,292.83,291.53,292.59,1718,2021-04-09 15:30:00,WIX
292.91,293.26,292.58,292.58,2206,2021-04-09 15:35:00,WIX
292.64,293.565,292.56,293.44,2681,2021-04-09 15:40:00,WIX
293.53,294.07,293.35,293.84,4180,2021-04-09 15:45:00,WIX
293.805,294.0,293.62,293.83,1277,2021-04-09 15:50:00,WIX
293.92,293.92,293.29,293.29,1600,2021-04-09 15:55:00,WIX
293.41,293.73,293.41,293.69,3277,2021-04-09 16:00:00,WIX
293.68,294.51,293.66,294.51,2562,2021-04-09 16:05:00,WIX
294.32,294.56,293.65,293.66,4953,2021-04-09 16:10:00,WIX
293.52,293.76,293.27,293.47,1100,2021-04-09 16:15:00,WIX
293.47,293.93,293.47,293.75,800,2021-04-09 16:20:00,WIX
294.195,294.5,293.86,293.89,8499,2021-04-09 16:25:00,WIX
293.61,293.61,293.44,293.44,2500,2021-04-09 16:30:00,WIX
293.72,293.72,293.21,293.21,3004,2021-04-09 16:35:00,WIX
293.4,293.4,293.0,293.0,1500,2021-04-09 16:40:00,WIX
293.09,293.35,293.09,293.15,300,2021-04-09 16:45:00,WIX
293.29,293.7019,293.29,293.47,600,2021-04-09 16:50:00,WIX
293.605,293.605,293.605,293.605,200,2021-04-09 16:55:00,WIX
293.53,293.53,293.25,293.325,728,2021-04-09 17:00:00,WIX
293.3,293.57,293.111,293.111,2081,2021-04-09 17:05:00,WIX
292.98,293.0,292.97,293.0,500,2021-04-09 17:10:00,WIX
293.38,293.38,293.35,293.35,200,2021-04-09 17:15:00,WIX
293.32,293.49,293.05,293.2,1600,2021-04-09 17:20:00,WIX
293.06,293.94,293.06,293.55,3468,2021-04-09 17:25:00,WIX
293.49,293.64,293.49,293.605,1100,2021-04-09 17:30:00,WIX
293.42,293.5,293.27,293.5,1050,2021-04-09 17:35:00,WIX
293.6,293.93,293.29,293.93,36042,2021-04-09 17:40:00,WIX
293.75,295.94,293.75,295.7725,1323,2021-04-09 17:45:00,WIX
295.58,295.84,294.97,295.0,6568,2021-04-09 17:50:00,WIX
295.005,295.14,295.0,295.05,1629,2021-04-09 17:55:00,WIX
294.86,294.9,294.51,294.77,4294,2021-04-09 18:00:00,WIX
294.72,295.14,293.83,294.0,17167,2021-04-09 18:05:00,WIX
293.88,294.8359,293.87,294.25,5425,2021-04-09 18:10:00,WIX
294.25,294.5,293.96,293.96,14660,2021-04-09 18:15:00,WIX
294.0,294.0,293.26,293.52,39512,2021-04-09 18:20:00,WIX
293.54,294.51,293.5,293.9,3400,2021-04-09 18:25:00,WIX
293.64,294.035,293.64,294.02,3383,2021-04-09 18:30:00,WIX
294.06,294.06,293.65,293.77,1120,2021-04-09 18:35:00,WIX
293.94,294.08,293.61,293.7925,2663,2021-04-09 18:40:00,WIX
293.83,293.83,293.82,293.82,300,2021-04-09 18:45:00,WIX
293.73,294.13,293.62,293.8,3575,2021-04-09 18:50:00,WIX
293.58,293.93,293.5,293.93,1222,2021-04-09 18:55:00,WIX
293.715,293.84,293.53,293.53,800,2021-04-09 19:00:00,WIX
293.55,293.555,293.32,293.555,1200,2021-04-09 19:05:00,WIX
293.78,293.84,293.17,293.56,3200,2021-04-09 19:10:00,WIX
293.5,293.665,293.27,293.62,2700,2021-04-09 19:15:00,WIX
293.5,293.96,293.13,293.96,5605,2021-04-09 19:20:00,WIX
294.37,294.87,294.01,294.71,4974,2021-04-09 19:25:00,WIX
294.9294,295.07,294.43,294.745,3700,2021-04-09 19:30:00,WIX
295.015,296.97,295.015,296.39,2522,2021-04-09 19:35:00,WIX
296.73,297.23,296.24,296.85,5534,2021-04-09 19:40:00,WIX
296.89,297.7,296.885,297.395,7115,2021-04-09 19:45:00,WIX
297.5,298.92,297.5,298.92,11127,2021-04-09 19:50:00,WIX
298.98,299.195,297.77,298.18,23413,2021-04-09 19:55:00,WIX
298.18,298.18,298.18,298.18,23290,2021-04-09 20:00:00,WIX
295.4,295.4,295.4,295.4,165,2021-04-12 12:10:00,WIX
294.64,294.64,292.0,293.95,5896,2021-04-12 13:30:00,WIX
292.905,293.47,291.01,291.01,2593,2021-04-12 13:35:00,WIX
291.78,291.78,289.7,290.4,3100,2021-04-12 13:40:00,WIX
290.52,290.52,288.23,288.42,3770,2021-04-12 13:45:00,WIX
288.67,288.79,287.01,287.32,1108,2021-04-12 13:50:00,WIX
287.6145,289.57,286.75,288.57,2350,2021-04-12 13:55:00,WIX
290.02,290.99,289.01,290.24,1849,2021-04-12 14:00:00,WIX
290.6999,290.6999,290.075,290.67,600,2021-04-12 14:05:00,WIX
290.89,290.89,290.27,290.27,1123,2021-04-12 14:10:00,WIX
290.92,291.62,290.92,291.62,300,2021-04-12 14:15:00,WIX
291.25,291.25,291.25,291.25,200,2021-04-12 14:20:00,WIX
290.98,291.21,290.31,290.31,1455,2021-04-12 14:25:00,WIX
290.39,290.64,290.39,290.57,2031,2021-04-12 14:30:00,WIX
290.58,290.58,289.85,290.04,2400,2021-04-12 14:35:00,WIX
289.81,289.81,288.72,289.395,1799,2021-04-12 14:40:00,WIX
289.15,290.39,289.15,290.39,700,2021-04-12 14:45:00,WIX
290.54,291.38,290.54,291.38,810,2021-04-12 14:50:00,WIX
291.51,291.51,289.51,289.9,3797,2021-04-12 14:55:00,WIX
289.82,290.4,289.66,290.23,9183,2021-04-12 15:00:00,WIX
290.41,291.13,289.86,291.13,7980,2021-04-12 15:05:00,WIX
290.38,291.28,290.35,291.15,3833,2021-04-12 15:10:00,WIX
291.19,291.22,290.69,291.15,3145,2021-04-12 15:15:00,WIX
291.15,291.15,289.98,289.98,700,2021-04-12 15:20:00,WIX
289.77,290.16,289.5,290.02,800,2021-04-12 15:25:00,WIX
290.58,290.58,289.57,290.28,800,2021-04-12 15:30:00,WIX
290.0,290.0,289.56,289.74,800,2021-04-12 15:35:00,WIX
289.405,289.82,289.405,289.82,1100,2021-04-12 15:40:00,WIX
289.945,289.945,288.34,288.91,1835,2021-04-12 15:45:00,WIX
288.67,289.0336,288.53,288.75,2364,2021-04-12 15:50:00,WIX
288.85,289.2,288.78,289.2,906,2021-04-12 15:55:00,WIX
289.605,290.03,289.29,290.03,900,2021-04-12 16:00:00,WIX
290.465,290.465,289.94,289.94,709,2021-04-12 16:05:00,WIX
289.94,289.97,289.14,289.14,600,2021-04-12 16:10:00,WIX
289.13,289.81,289.13,289.47,700,2021-04-12 16:15:00,WIX
289.8,289.8,289.46,289.8,700,2021-04-12 16:20:00,WIX
290.13,290.82,290.13,290.41,449,2021-04-12 16:25:00,WIX
290.87,291.18,290.66,290.87,1100,2021-04-12 16:30:00,WIX
291.22,291.22,291.04,291.19,300,2021-04-12 16:35:00,WIX
291.01,291.01,290.98,290.98,400,2021-04-12 16:40:00,WIX
291.28,291.28,291.28,291.28,125,2021-04-12 16:45:00,WIX
291.04,291.23,290.98,291.0,2309,2021-04-12 16:50:00,WIX
290.73,290.89,290.59,290.82,900,2021-04-12 16:55:00,WIX
290.8,291.15,290.74,290.76,2450,2021-04-12 17:00:00,WIX
290.56,290.95,290.56,290.875,3601,2021-04-12 17:05:00,WIX
291.0,291.15,290.68,290.77,3200,2021-04-12 17:10:00,WIX
290.62,291.05,290.62,290.76,2766,2021-04-12 17:15:00,WIX
290.6,290.75,290.53,290.665,800,2021-04-12 17:20:00,WIX
290.83,291.15,290.57,290.92,2100,2021-04-12 17:25:00,WIX
290.53,290.75,290.39,290.75,500,2021-04-12 17:30:00,WIX
290.46,290.78,290.45,290.78,1000,2021-04-12 17:35:00,WIX
290.54,290.54,289.95,290.34,1623,2021-04-12 17:40:00,WIX
290.56,290.97,290.49,290.97,840,2021-04-12 17:45:00,WIX
291.015,291.015,290.665,290.67,825,2021-04-12 17:50:00,WIX
290.44,290.72,290.175,290.175,1000,2021-04-12 17:55:00,WIX
290.56,291.08,290.56,291.08,466,2021-04-12 18:00:00,WIX
290.93,291.145,290.62,290.62,2550,2021-04-12 18:05:00,WIX
290.63,290.79,290.18,290.18,3300,2021-04-12 18:10:00,WIX
290.51,290.71,290.33,290.47,832,2021-04-12 18:15:00,WIX
290.09,290.43,290.09,290.43,300,2021-04-12 18:20:00,WIX
290.86,290.97,290.84,290.84,400,2021-04-12 18:25:00,WIX
291.01,291.22,290.85,291.22,505,2021-04-12 18:30:00,WIX
291.33,291.66,291.33,291.66,400,2021-04-12 18:35:00,WIX
291.0,291.0,290.71,290.71,1300,2021-04-12 18:40:00,WIX
290.57,290.82,290.57,290.575,800,2021-04-12 18:45:00,WIX
290.21,290.33,289.98,289.98,800,2021-04-12 18:50:00,WIX
289.84,290.085,289.84,289.89,800,2021-04-12 18:55:00,WIX
289.82,289.98,289.35,289.355,2500,2021-04-12 19:00:00,WIX
289.65,289.89,289.55,289.89,2100,2021-04-12 19:05:00,WIX
289.8,290.13,289.75,290.1,2300,2021-04-12 19:10:00,WIX
289.9,289.9,289.3,289.3,2500,2021-04-12 19:15:00,WIX
289.3,289.83,288.68,289.02,3700,2021-04-12 19:20:00,WIX
289.32,289.32,288.73,288.76,1593,2021-04-12 19:25:00,WIX
288.95,289.1,288.91,289.0,1236,2021-04-12 19:30:00,WIX
288.8,289.09,288.28,288.44,4272,2021-04-12 19:35:00,WIX
288.7,289.08,288.38,288.79,9401,2021-04-12 19:40:00,WIX
288.96,289.11,288.37,288.8,10286,2021-04-12 19:45:00,WIX
288.705,289.09,288.3,288.45,18214,2021-04-12 19:50:00,WIX
288.445,289.37,288.12,288.12,20487,2021-04-12 19:55:00,WIX
288.2,288.26,288.2,288.2,32417,2021-04-12 20:00:00,WIX
288.06,288.06,288.06,288.06,457,2021-04-12 20:10:00,WIX
290.97,290.97,290.97,290.97,198,2021-04-12 21:20:00,WIX
288.94,288.94,288.94,288.94,200,2021-04-12 21:30:00,WIX
288.01,288.01,288.0,288.0,1002,2021-04-13 11:00:00,WIX
289.9,289.9,289.9,289.9,173,2021-04-13 11:30:00,WIX
289.9,289.9,289.9,289.9,181,2021-04-13 11:35:00,WIX
290.99,290.99,290.99,290.99,100,2021-04-13 13:25:00,WIX
292.64,292.99,291.21,292.5,5005,2021-04-13 13:30:00,WIX
294.99,295.88,294.815,294.815,530,2021-04-13 13:35:00,WIX
294.99,295.235,293.51,293.845,6209,2021-04-13 13:40:00,WIX
294.29,294.57,292.41,292.41,14852,2021-04-13 13:45:00,WIX
292.36,293.03,292.36,293.03,205,2021-04-13 13:50:00,WIX
294.2,294.85,293.11,294.27,18857,2021-04-13 13:55:00,WIX
294.875,295.61,293.48,293.48,9227,2021-04-13 14:00:00,WIX
294.32,294.47,293.1,293.38,1600,2021-04-13 14:05:00,WIX
294.47,294.47,294.0275,294.0275,1000,2021-04-13 14:10:00,WIX
294.08,294.115,294.045,294.09,416,2021-04-13 14:15:00,WIX
293.87,294.67,293.66,294.075,1700,2021-04-13 14:20:00,WIX
294.355,294.485,294.16,294.3675,7540,2021-04-13 14:25:00,WIX
294.49,296.89,294.49,296.52,2318,2021-04-13 14:30:00,WIX
296.795,296.795,295.816,296.035,5231,2021-04-13 14:35:00,WIX
296.0,296.1,295.86,296.0,3898,2021-04-13 14:40:00,WIX
295.665,296.05,295.665,295.96,1400,2021-04-13 14:45:00,WIX
295.1502,295.64,295.1502,295.56,568,2021-04-13 14:50:00,WIX
295.7665,296.05,295.74,296.0,1401,2021-04-13 14:55:00,WIX
296.0,296.0,294.73,294.73,1100,2021-04-13 15:00:00,WIX
295.53,295.53,295.0,295.23,2258,2021-04-13 15:05:00,WIX
295.33,295.33,294.03,294.03,500,2021-04-13 15:10:00,WIX
293.74,294.2,292.88,294.2,1500,2021-04-13 15:15:00,WIX
293.37,293.37,292.85,293.0,600,2021-04-13 15:20:00,WIX
293.51,293.51,292.6109,292.6109,700,2021-04-13 15:25:00,WIX
293.12,293.67,292.816,293.67,1443,2021-04-13 15:30:00,WIX
292.89,292.89,291.64,292.26,603,2021-04-13 15:35:00,WIX
292.2,292.2,292.0,292.0,320,2021-04-13 15:40:00,WIX
292.22,292.22,291.54,291.54,200,2021-04-13 15:45:00,WIX
291.64,292.24,291.64,292.24,600,2021-04-13 15:50:00,WIX
292.24,292.84,292.24,292.84,600,2021-04-13 15:55:00,WIX
293.17,293.43,293.17,293.43,217,2021-04-13 16:05:00,WIX
294.17,294.17,293.84,293.84,429,2021-04-13 16:10:00,WIX
293.34,293.34,293.34,293.34,100,2021-04-13 16:15:00,WIX
293.51,293.51,293.51,293.51,100,2021-04-13 16:20:00,WIX
293.3855,293.3855,293.3855,293.3855,120,2021-04-13 16:25:00,WIX
293.47,293.61,293.4525,293.61,400,2021-04-13 16:30:00,WIX
293.89,294.2617,293.89,294.2617,650,2021-04-13 16:35:00,WIX
294.245,294.48,294.245,294.48,300,2021-04-13 16:40:00,WIX
294.53,294.61,294.14,294.15,720,2021-04-13 16:45:00,WIX
294.485,294.62,294.485,294.62,200,2021-04-13 16:50:00,WIX
294.47,294.63,294.34,294.51,900,2021-04-13 16:55:00,WIX
294.69,294.73,294.3,294.44,20300,2021-04-13 17:00:00,WIX
294.565,294.565,294.565,294.565,100,2021-04-13 17:05:00,WIX
294.64,295.2,294.61,295.2,400,2021-04-13 17:10:00,WIX
295.59,295.59,295.49,295.49,537,2021-04-13 17:15:00,WIX
295.37,296.11,295.37,296.09,800,2021-04-13 17:20:00,WIX
295.89,296.64,295.47,296.35,1455,2021-04-13 17:25:00,WIX
296.52,296.96,296.52,296.96,400,2021-04-13 17:30:00,WIX
297.17,297.47,297.17,297.47,1302,2021-04-13 17:35:00,WIX
296.79,297.4,296.79,297.4,800,2021-04-13 17:40:00,WIX
297.38,297.61,297.38,297.42,400,2021-04-13 17:45:00,WIX
297.66,297.92,297.23,297.23,800,2021-04-13 17:50:00,WIX
297.8,297.8,296.4,296.52,13022,2021-04-13 17:55:00,WIX
296.795,296.97,296.43,296.97,306,2021-04-13 18:00:00,WIX
297.0,297.115,296.63,296.88,1674,2021-04-13 18:05:00,WIX
297.02,297.33,296.35,296.35,1900,2021-04-13 18:10:00,WIX
296.31,296.62,295.605,296.3,500,2021-04-13 18:15:00,WIX
296.79,296.79,296.79,296.79,100,2021-04-13 18:20:00,WIX
296.53,296.53,296.49,296.52,400,2021-04-13 18:25:00,WIX
296.78,297.02,296.77,296.77,300,2021-04-13 18:30:00,WIX
297.12,297.12,297.12,297.12,100,2021-04-13 18:35:00,WIX
296.964,296.964,296.87,296.87,800,2021-04-13 18:40:00,WIX
296.9,297.39,296.9,297.165,700,2021-04-13 18:45:00,WIX
297.41,297.74,296.96,296.96,1404,2021-04-13 18:50:00,WIX
296.87,297.275,296.505,296.91,4424,2021-04-13 18:55:00,WIX
297.0,297.125,296.35,296.52,9455,2021-04-13 19:00:00,WIX
296.5,296.595,296.345,296.39,4920,2021-04-13 19:05:00,WIX
296.465,296.515,295.81,296.05,8706,2021-04-13 19:10:00,WIX
296.0,296.67,295.8535,296.02,9941,2021-04-13 19:15:00,WIX
296.0325,296.075,295.82,295.95,3429,2021-04-13 19:20:00,WIX
296.0,296.04,295.42,295.66,4033,2021-04-13 19:25:00,WIX
295.62,295.745,294.92,294.92,5732,2021-04-13 19:30:00,WIX
295.025,295.505,294.94,295.185,4479,2021-04-13 19:35:00,WIX
295.155,295.625,295.02,295.605,4800,2021-04-13 19:40:00,WIX
295.62,295.64,295.0245,295.64,10205,2021-04-13 19:45:00,WIX
295.64,295.91,294.36,294.705,14776,2021-04-13 19:50:00,WIX
294.73,295.36,294.38,294.41,36787,2021-04-13 19:55:00,WIX
294.42,294.42,294.42,294.42,33912,2021-04-13 20:00:00,WIX
294.42,294.42,294.42,294.42,9184,2021-04-13 20:40:00,WIX
296.22,298.25,295.91,298.22,3721,2021-04-14 13:30:00,WIX
298.27,299.6302,298.27,299.6302,844,2021-04-14 13:35:00,WIX
298.51,301.555,298.39,300.95,2142,2021-04-14 13:40:00,WIX
301.31,302.37,301.0,301.0,1250,2021-04-14 13:45:00,WIX
300.565,301.26,299.52,299.52,1600,2021-04-14 13:50:00,WIX
300.25,301.85,300.09,301.85,300,2021-04-14 13:55:00,WIX
300.63,301.23,298.95,301.23,1131,2021-04-14 14:00:00,WIX
300.3387,300.3387,300.3,300.3,518,2021-04-14 14:05:00,WIX
301.08,301.245,300.36,301.245,310,2021-04-14 14:10:00,WIX
300.93,300.93,299.6501,300.0668,1450,2021-04-14 14:15:00,WIX
301.01,301.01,299.65,299.65,808,2021-04-14 14:20:00,WIX
299.32,299.32,297.7534,297.895,1000,2021-04-14 14:25:00,WIX
298.31,298.79,297.6268,297.6268,1310,2021-04-14 14:30:00,WIX
298.62,298.82,298.52,298.52,300,2021-04-14 14:35:00,WIX
298.0,298.19,297.79,298.19,1239,2021-04-14 14:40:00,WIX
298.39,298.4,298.39,298.4,200,2021-04-14 14:45:00,WIX
298.725,298.95,298.625,298.95,300,2021-04-14 14:50:00,WIX
298.48,299.15,298.41,298.56,16530,2021-04-14 14:55:00,WIX
298.25,298.78,298.25,298.7675,2007,2021-04-14 15:00:00,WIX
299.29,299.345,299.29,299.345,311,2021-04-14 15:05:00,WIX
299.38,299.495,298.945,299.33,2668,2021-04-14 15:10:00,WIX
299.11,299.11,298.745,298.745,400,2021-04-14 15:15:00,WIX
298.71,298.71,297.35,297.785,3596,2021-04-14 15:20:00,WIX
297.53,297.58,296.77,297.1,930,2021-04-14 15:25:00,WIX
296.8363,296.89,296.14,296.1464,544,2021-04-14 15:30:00,WIX
296.645,296.82,296.645,296.82,400,2021-04-14 15:35:00,WIX
297.31,297.6559,296.83,297.6559,2914,2021-04-14 15:40:00,WIX
297.57,297.57,297.29,297.29,400,2021-04-14 15:45:00,WIX
297.67,298.0,297.67,298.0,200,2021-04-14 15:50:00,WIX
297.42,297.42,296.9,296.9,700,2021-04-14 16:00:00,WIX
296.2427,296.69,296.2427,296.69,302,2021-04-14 16:05:00,WIX
296.57,296.57,296.57,296.57,100,2021-04-14 16:10:00,WIX
297.15,297.49,297.15,297.49,1200,2021-04-14 16:15:00,WIX
297.58,297.67,297.48,297.48,1200,2021-04-14 16:20:00,WIX
298.06,298.06,297.12,297.12,779,2021-04-14 16:25:00,WIX
297.3,297.54,296.75,297.54,900,2021-04-14 16:30:00,WIX
297.11,297.455,297.11,297.11,733,2021-04-14 16:35:00,WIX
297.065,297.245,297.065,297.245,200,2021-04-14 16:40:00,WIX
296.9,296.905,296.53,296.74,800,2021-04-14 16:45:00,WIX
296.495,296.495,296.495,296.495,100,2021-04-14 16:50:00,WIX
296.355,296.47,296.275,296.47,347,2021-04-14 16:55:00,WIX
296.32,296.32,295.66,295.66,300,2021-04-14 17:00:00,WIX
295.405,295.405,295.32,295.32,564,2021-04-14 17:05:00,WIX
295.96,296.105,295.925,295.925,500,2021-04-14 17:15:00,WIX
295.95,295.95,295.9466,295.9466,328,2021-04-14 17:20:00,WIX
295.68,295.69,295.325,295.325,600,2021-04-14 17:25:00,WIX
294.87,294.87,294.75,294.75,200,2021-04-14 17:30:00,WIX
294.35,294.74,294.0,294.5,1100,2021-04-14 17:35:00,WIX
294.51,294.74,293.94,293.94,1467,2021-04-14 17:40:00,WIX
294.16,294.31,293.89,293.89,700,2021-04-14 17:45:00,WIX
293.87,293.87,293.86,293.86,500,2021-04-14 17:50:00,WIX
293.59,293.59,292.56,292.56,1148,2021-04-14 17:55:00,WIX
291.48,292.29,291.48,291.885,1300,2021-04-14 18:00:00,WIX
292.66,292.66,291.52,291.52,1050,2021-04-14 18:05:00,WIX
291.29,291.48,290.5,291.15,2600,2021-04-14 18:10:00,WIX
291.72,292.07,291.23,291.95,1200,2021-04-14 18:15:00,WIX
292.38,292.66,292.36,292.58,700,2021-04-14 18:20:00,WIX
292.615,292.88,292.02,292.255,3616,2021-04-14 18:25:00,WIX
292.295,292.58,292.02,292.58,900,2021-04-14 18:30:00,WIX
291.47,291.705,290.85,291.08,1134,2021-04-14 18:35:00,WIX
291.225,291.56,290.89,291.285,1579,2021-04-14 18:40:00,WIX
291.2,291.755,291.17,291.755,1825,2021-04-14 18:45:00,WIX
291.35,291.35,289.66,289.66,1772,2021-04-14 18:50:00,WIX
289.475,289.5,288.54,289.045,1550,2021-04-14 18:55:00,WIX
289.04,289.46,288.695,289.46,1000,2021-04-14 19:00:00,WIX
289.445,289.445,288.86,288.925,400,2021-04-14 19:05:00,WIX
288.59,289.38,288.59,289.01,1900,2021-04-14 19:10:00,WIX
289.715,290.36,289.52,289.52,2906,2021-04-14 19:15:00,WIX
289.875,289.91,289.875,289.91,400,2021-04-14 19:20:00,WIX
289.91,290.57,289.635,289.965,3100,2021-04-14 19:25:00,WIX
289.945,290.29,289.225,289.51,7203,2021-04-14 19:30:00,WIX
289.565,289.57,288.55,288.55,4500,2021-04-14 19:35:00,WIX
288.69,288.72,287.77,287.77,4600,2021-04-14 19:40:00,WIX
288.04,288.95,288.015,288.34,6400,2021-04-14 19:45:00,WIX
288.77,290.22,288.77,290.03,11452,2021-04-14 19:50:00,WIX
289.84,290.37,289.27,289.67,29122,2021-04-14 19:55:00,WIX
290.05,290.05,290.05,290.05,23459,2021-04-14 20:00:00,WIX
290.05,290.05,290.05,290.05,36611,2021-04-14 20:15:00,WIX
290.05,290.05,290.05,290.05,217,2021-04-14 20:30:00,WIX
292.09,294.83,291.92,294.83,3947,2021-04-15 13:30:00,WIX
294.0,294.59,292.62,293.225,1900,2021-04-15 13:35:00,WIX
293.82,294.455,292.7,293.18,3647,2021-04-15 13:40:00,WIX
293.56,293.56,292.54,293.0,536,2021-04-15 13:45:00,WIX
293.95,293.95,292.57,292.57,900,2021-04-15 13:50:00,WIX
291.77,291.77,290.25,290.84,1157,2021-04-15 13:55:00,WIX
292.39,292.39,290.76,291.305,2002,2021-04-15 14:00:00,WIX
291.02,292.65,290.65,292.04,4470,2021-04-15 14:05:00,WIX
292.285,292.46,291.035,291.3,9295,2021-04-15 14:10:00,WIX
291.71,291.73,291.1273,291.3402,860,2021-04-15 14:15:00,WIX
291.91,292.99,291.91,292.37,2700,2021-04-15 14:20:00,WIX
292.54,293.02,292.54,293.02,200,2021-04-15 14:25:00,WIX
292.97,293.0,291.4,291.4,28554,2021-04-15 14:30:00,WIX
292.25,292.25,291.815,291.815,200,2021-04-15 14:35:00,WIX
292.32,292.67,292.32,292.67,200,2021-04-15 14:40:00,WIX
292.77,292.99,292.54,292.54,800,2021-04-15 14:45:00,WIX
292.79,293.355,292.17,293.07,2001,2021-04-15 14:50:00,WIX
293.36,295.32,292.91,295.25,19757,2021-04-15 14:55:00,WIX
294.775,295.12,294.76,294.965,2100,2021-04-15 15:00:00,WIX
294.98,296.395,294.77,296.14,3257,2021-04-15 15:05:00,WIX
295.89,296.46,295.47,296.46,1500,2021-04-15 15:10:00,WIX
295.76,295.95,295.61,295.95,754,2021-04-15 15:15:00,WIX
295.86,295.86,295.36,295.36,600,2021-04-15 15:20:00,WIX
295.475,295.73,294.575,294.75,5111,2021-04-15 15:25:00,WIX
294.51,294.64,293.21,293.45,3267,2021-04-15 15:30:00,WIX
293.75,293.75,293.25,293.6,945,2021-04-15 15:40:00,WIX
294.74,294.915,294.74,294.75,400,2021-04-15 15:45:00,WIX
295.295,295.55,295.295,295.5,400,2021-04-15 15:50:00,WIX
295.16,295.17,294.18,294.6425,1572,2021-04-15 15:55:00,WIX
294.48,294.48,293.485,293.485,751,2021-04-15 16:00:00,WIX
293.82,294.63,293.82,294.63,600,2021-04-15 16:05:00,WIX
294.35,294.94,294.35,294.94,300,2021-04-15 16:10:00,WIX
295.005,295.44,294.98,295.44,1200,2021-04-15 16:15:00,WIX
295.32,295.42,295.1,295.42,834,2021-04-15 16:20:00,WIX
296.42,296.61,296.13,296.61,500,2021-04-15 16:25:00,WIX
296.29,296.91,296.21,296.91,1723,2021-04-15 16:30:00,WIX
296.91,296.97,296.46,296.65,1307,2021-04-15 16:35:00,WIX
296.47,296.47,296.21,296.388,800,2021-04-15 16:40:00,WIX
296.28,296.28,296.17,296.17,2561,2021-04-15 16:45:00,WIX
296.48,296.48,296.15,296.15,600,2021-04-15 16:50:00,WIX
296.0,296.25,295.96,295.98,1700,2021-04-15 16:55:00,WIX
296.165,296.165,295.7,295.7,1532,2021-04-15 17:00:00,WIX
295.58,295.58,294.49,294.49,625,2021-04-15 17:05:00,WIX
294.3,294.5433,294.215,294.25,1400,2021-04-15 17:10:00,WIX
294.11,294.77,294.11,294.77,200,2021-04-15 17:15:00,WIX
294.57,294.57,294.1,294.11,800,2021-04-15 17:20:00,WIX
294.175,294.37,294.07,294.37,967,2021-04-15 17:25:00,WIX
294.67,295.67,294.67,295.67,553,2021-04-15 17:30:00,WIX
295.42,296.18,295.42,295.66,1356,2021-04-15 17:35:00,WIX
295.62,296.18,295.62,296.18,200,2021-04-15 17:40:00,WIX
295.55,295.55,295.12,295.12,500,2021-04-15 17:45:00,WIX
295.52,295.53,295.21,295.21,667,2021-04-15 17:50:00,WIX
295.2,295.26,294.86,295.23,1400,2021-04-15 17:55:00,WIX
295.41,295.41,295.165,295.165,200,2021-04-15 18:00:00,WIX
295.59,295.613,295.22,295.24,2125,2021-04-15 18:05:00,WIX
295.35,295.42,294.87,294.94,700,2021-04-15 18:15:00,WIX
295.2148,295.75,295.2148,295.65,400,2021-04-15 18:20:00,WIX
295.64,295.64,295.135,295.135,400,2021-04-15 18:25:00,WIX
295.5,295.61,295.5,295.61,200,2021-04-15 18:30:00,WIX
295.1,295.1,294.965,294.965,400,2021-04-15 18:35:00,WIX
294.83,294.83,294.23,294.565,600,2021-04-15 18:40:00,WIX
294.73,295.09,294.24,295.06,5033,2021-04-15 18:45:00,WIX
295.13,295.43,295.13,295.2,1000,2021-04-15 18:50:00,WIX
295.395,295.68,295.395,295.68,500,2021-04-15 18:55:00,WIX
295.44,295.44,294.89,295.08,900,2021-04-15 19:00:00,WIX
295.06,295.06,294.35,294.58,6727,2021-04-15 19:05:00,WIX
294.33,294.58,294.13,294.54,1442,2021-04-15 19:10:00,WIX
294.49,295.2,294.49,295.2,600,2021-04-15 19:15:00,WIX
294.91,295.29,294.78,294.8,1001,2021-04-15 19:20:00,WIX
294.57,294.85,294.52,294.59,1453,2021-04-15 19:25:00,WIX
294.92,295.5,294.92,295.5,1900,2021-04-15 19:30:00,WIX
295.64,295.88,295.53,295.68,1652,2021-04-15 19:35:00,WIX
295.32,295.41,294.67,294.67,1301,2021-04-15 19:40:00,WIX
294.9,295.17,294.9,294.99,2900,2021-04-15 19:45:00,WIX
294.84,295.19,294.58,294.82,9205,2021-04-15 19:50:00,WIX
294.86,295.72,294.59,295.72,19133,2021-04-15 19:55:00,WIX
295.22,295.22,295.22,295.22,30026,2021-04-15 20:00:00,WIX
295.22,295.22,295.22,295.22,124,2021-04-15 20:30:00,WIX
296.81,296.87,295.0,295.67,4626,2021-04-16 13:30:00,WIX
295.25,295.87,294.72,294.84,1100,2021-04-16 13:35:00,WIX
294.12,294.94,293.3588,294.94,925,2021-04-16 13:40:00,WIX
294.19,295.0,294.19,295.0,739,2021-04-16 13:45:00,WIX
296.25,296.785,294.71,294.8099,1600,2021-04-16 13:50:00,WIX
294.635,294.635,293.08,293.43,2500,2021-04-16 13:55:00,WIX
294.385,294.45,293.05,293.485,3918,2021-04-16 14:00:00,WIX
294.02,295.93,294.02,295.93,1300,2021-04-16 14:05:00,WIX
295.98,296.3,295.98,296.3,1000,2021-04-16 14:10:00,WIX
296.09,296.175,295.61,295.61,800,2021-04-16 14:15:00,WIX
296.0951,296.5999,296.045,296.22,803,2021-04-16 14:20:00,WIX
296.22,296.48,295.0,295.0,8200,2021-04-16 14:25:00,WIX
294.66,295.13,293.32,294.91,17392,2021-04-16 14:30:00,WIX
294.26,294.7407,294.26,294.7407,800,2021-04-16 14:35:00,WIX
294.84,295.18,294.68,295.14,900,2021-04-16 14:40:00,WIX
295.33,296.69,295.33,296.5,2200,2021-04-16 14:45:00,WIX
296.48,297.83,296.48,297.63,2650,2021-04-16 14:50:00,WIX
297.6783,297.81,297.58,297.58,1030,2021-04-16 14:55:00,WIX
297.01,297.01,296.35,296.35,500,2021-04-16 15:00:00,WIX
296.64,297.3952,296.48,297.05,1850,2021-04-16 15:05:00,WIX
296.92,297.03,296.65,296.68,1800,2021-04-16 15:10:00,WIX
296.5,296.99,296.5,296.99,400,2021-04-16 15:15:00,WIX
296.91,297.28,296.91,297.28,900,2021-04-16 15:20:00,WIX
296.92,297.24,296.7,296.975,900,2021-04-16 15:25:00,WIX
296.64,296.705,296.43,296.6,650,2021-04-16 15:30:00,WIX
296.5,296.65,295.83,296.465,1800,2021-04-16 15:35:00,WIX
296.475,296.93,296.31,296.93,1552,2021-04-16 15:40:00,WIX
297.0,297.33,296.63,296.63,400,2021-04-16 15:45:00,WIX
296.24,296.535,296.24,296.535,200,2021-04-16 15:50:00,WIX
296.525,296.525,296.41,296.41,200,2021-04-16 15:55:00,WIX
297.01,297.05,297.01,297.035,500,2021-04-16 16:00:00,WIX
296.3333,296.71,296.3333,296.71,325,2021-04-16 16:05:00,WIX
296.97,297.17,296.91,296.995,800,2021-04-16 16:10:00,WIX
297.52,297.52,297.43,297.43,200,2021-04-16 16:15:00,WIX
297.53,297.71,297.53,297.71,400,2021-04-16 16:20:00,WIX
297.11,297.71,297.11,297.45,3256,2021-04-16 16:25:00,WIX
297.14,297.47,296.58,296.58,400,2021-04-16 16:30:00,WIX
296.58,296.58,296.58,296.58,100,2021-04-16 16:35:00,WIX
295.89,296.205,295.6,295.6,1647,2021-04-16 16:40:00,WIX
295.08,295.75,295.08,295.75,600,2021-04-16 16:45:00,WIX
295.67,295.67,295.67,295.67,100,2021-04-16 16:50:00,WIX
295.035,295.035,295.035,295.035,100,2021-04-16 17:00:00,WIX
295.08,295.245,294.72,294.84,1062,2021-04-16 17:05:00,WIX
294.25,294.495,294.25,294.455,1049,2021-04-16 17:10:00,WIX
294.06,294.06,293.21,293.46,3789,2021-04-16 17:15:00,WIX
293.14,293.14,293.14,293.14,100,2021-04-16 17:20:00,WIX
293.05,293.495,293.0,293.49,1029,2021-04-16 17:25:00,WIX
293.13,293.35,293.12,293.12,300,2021-04-16 17:30:00,WIX
293.24,293.5,292.87,293.07,2272,2021-04-16 17:35:00,WIX
293.485,293.96,293.17,293.55,7478,2021-04-16 17:40:00,WIX
293.8,294.9,293.72,293.94,7910,2021-04-16 17:45:00,WIX
294.0,294.84,293.97,294.2694,4366,2021-04-16 17:50:00,WIX
294.35,294.58,293.8,294.155,4573,2021-04-16 17:55:00,WIX
294.15,295.27,294.0,294.98,4880,2021-04-16 18:00:00,WIX
295.0,295.53,295.0,295.53,700,2021-04-16 18:05:00,WIX
295.19,295.31,295.19,295.31,300,2021-04-16 18:10:00,WIX
295.07,295.07,294.39,294.96,6459,2021-04-16 18:15:00,WIX
294.78,295.34,294.78,295.34,600,2021-04-16 18:20:00,WIX
295.35,295.45,295.35,295.45,300,2021-04-16 18:25:00,WIX
295.245,295.245,295.0,295.0,500,2021-04-16 18:30:00,WIX
294.75,295.09,294.75,295.09,900,2021-04-16 18:35:00,WIX
295.18,295.2,294.94,294.94,300,2021-04-16 18:40:00,WIX
294.87,295.43,294.87,295.43,1000,2021-04-16 18:45:00,WIX
295.11,295.11,294.915,294.97,500,2021-04-16 18:50:00,WIX
295.05,295.12,295.05,295.05,500,2021-04-16 18:55:00,WIX
295.22,295.22,294.8,294.845,802,2021-04-16 19:00:00,WIX
294.92,295.11,294.84,294.89,2400,2021-04-16 19:05:00,WIX
295.0,295.105,294.9,294.95,783,2021-04-16 19:10:00,WIX
294.74,295.045,294.74,295.0,1657,2021-04-16 19:15:00,WIX
294.9,295.22,294.89,295.05,3869,2021-04-16 19:20:00,WIX
294.97,295.898,294.48,294.49,8892,2021-04-16 19:25:00,WIX
294.39,294.69,294.375,294.69,500,2021-04-16 19:30:00,WIX
294.46,294.48,293.96,294.21,2036,2021-04-16 19:35:00,WIX
294.03,294.55,294.0,294.53,4030,2021-04-16 19:40:00,WIX
294.39,294.415,293.82,294.335,2910,2021-04-16 19:45:00,WIX
294.5,294.96,294.27,294.96,6661,2021-04-16 19:50:00,WIX
294.7,295.37,294.55,295.37,29156,2021-04-16 19:55:00,WIX
295.37,295.37,295.25,295.25,11953,2021-04-16 20:00:00,WIX
295.25,295.25,295.25,295.25,17968,2021-04-16 21:05:00,WIX
294.36,294.36,293.1,294.12,4974,2021-04-19 13:30:00,WIX
294.99,295.05,293.82,294.4,8083,2021-04-19 13:35:00,WIX
295.0,295.0,294.26,295.0,4509,2021-04-19 13:40:00,WIX
294.97,294.98,293.33,293.63,2659,2021-04-19 13:45:00,WIX
294.235,295.0,294.235,294.5,900,2021-04-19 13:50:00,WIX
294.03,294.51,294.03,294.37,400,2021-04-19 13:55:00,WIX
293.49,293.99,293.49,293.715,818,2021-04-19 14:00:00,WIX
292.78,292.78,290.13,290.17,2958,2021-04-19 14:05:00,WIX
290.78,290.78,289.4501,289.93,2066,2021-04-19 14:10:00,WIX
289.82,290.385,289.42,289.94,1675,2021-04-19 14:15:00,WIX
290.11,290.94,289.71,290.0575,2880,2021-04-19 14:20:00,WIX
290.94,291.61,290.8,290.99,1000,2021-04-19 14:25:00,WIX
290.915,290.915,289.615,290.02,1418,2021-04-19 14:30:00,WIX
289.24,289.24,288.58,288.58,1300,2021-04-19 14:35:00,WIX
288.87,288.945,287.33,287.33,900,2021-04-19 14:40:00,WIX
287.22,287.22,286.16,286.16,700,2021-04-19 14:45:00,WIX
286.7363,288.03,286.7363,287.8,894,2021-04-19 14:50:00,WIX
288.52,288.77,288.24,288.47,800,2021-04-19 14:55:00,WIX
288.09,288.43,288.09,288.43,300,2021-04-19 15:00:00,WIX
288.09,288.32,287.87,288.14,1100,2021-04-19 15:05:00,WIX
288.15,288.38,288.15,288.38,401,2021-04-19 15:10:00,WIX
288.55,288.55,288.33,288.33,400,2021-04-19 15:15:00,WIX
288.56,288.56,287.7,287.87,500,2021-04-19 15:20:00,WIX
287.14,288.04,287.14,287.43,1600,2021-04-19 15:25:00,WIX
287.25,287.25,285.67,285.67,650,2021-04-19 15:30:00,WIX
286.07,286.31,286.07,286.31,600,2021-04-19 15:35:00,WIX
286.58,287.6,286.45,287.6,4908,2021-04-19 15:40:00,WIX
287.67,287.98,286.795,287.33,4174,2021-04-19 15:45:00,WIX
287.025,288.07,286.89,287.2,5180,2021-04-19 15:50:00,WIX
287.48,287.77,286.845,287.17,4502,2021-04-19 15:55:00,WIX
287.06,287.25,285.08,285.08,4400,2021-04-19 16:00:00,WIX
285.08,285.08,284.31,285.0,1006,2021-04-19 16:05:00,WIX
285.75,285.92,285.53,285.53,300,2021-04-19 16:10:00,WIX
285.63,286.145,285.52,286.14,1522,2021-04-19 16:15:00,WIX
286.195,286.34,286.06,286.34,500,2021-04-19 16:20:00,WIX
286.19,286.42,285.71,285.71,1100,2021-04-19 16:25:00,WIX
285.13,285.13,284.39,284.45,2367,2021-04-19 16:30:00,WIX
284.83,284.905,284.83,284.905,200,2021-04-19 16:35:00,WIX
285.05,285.05,285.05,285.05,100,2021-04-19 16:40:00,WIX
284.75,284.75,283.89,283.89,1250,2021-04-19 16:45:00,WIX
284.595,285.27,284.595,285.27,1200,2021-04-19 16:50:00,WIX
285.13,286.325,285.13,286.22,900,2021-04-19 16:55:00,WIX
286.355,286.45,286.21,286.21,400,2021-04-19 17:00:00,WIX
286.34,286.72,286.215,286.72,2114,2021-04-19 17:05:00,WIX
287.43,287.43,286.78,286.78,1116,2021-04-19 17:10:00,WIX
286.89,286.99,286.86,286.86,400,2021-04-19 17:15:00,WIX
286.625,286.625,286.46,286.5431,686,2021-04-19 17:20:00,WIX
286.47,286.6,286.0,286.02,1795,2021-04-19 17:25:00,WIX
285.97,285.98,285.97,285.98,200,2021-04-19 17:30:00,WIX
286.02,286.8661,285.77,286.015,10211,2021-04-19 17:35:00,WIX
286.05,286.11,285.71,286.04,4531,2021-04-19 17:40:00,WIX
285.93,285.93,285.93,285.93,100,2021-04-19 17:45:00,WIX
285.59,285.78,285.36,285.78,400,2021-04-19 17:50:00,WIX
285.63,286.08,285.43,286.08,700,2021-04-19 17:55:00,WIX
286.265,287.2717,286.265,286.76,2920,2021-04-19 18:00:00,WIX
286.8301,287.02,286.37,286.59,2815,2021-04-19 18:05:00,WIX
286.435,286.595,286.18,286.18,900,2021-04-19 18:10:00,WIX
286.57,286.87,286.57,286.87,900,2021-04-19 18:15:00,WIX
286.93,288.17,286.6525,288.13,5272,2021-04-19 18:20:00,WIX
288.03,288.1794,287.405,287.405,2407,2021-04-19 18:25:00,WIX
287.22,287.25,286.71,286.71,900,2021-04-19 18:30:00,WIX
286.99,286.99,286.33,286.58,2100,2021-04-19 18:35:00,WIX
287.28,288.02,287.18,287.74,2200,2021-04-19 18:40:00,WIX
287.18,287.2,287.05,287.05,752,2021-04-19 18:45:00,WIX
287.01,287.045,286.86,286.94,1400,2021-04-19 18:50:00,WIX
287.01,287.455,286.95,287.18,4800,2021-04-19 18:55:00,WIX
287.24,288.51,287.225,287.975,8215,2021-04-19 19:00:00,WIX
288.09,288.18,287.54,287.54,4600,2021-04-19 19:05:00,WIX
288.19,288.3,287.84,287.84,1522,2021-04-19 19:10:00,WIX
287.47,287.67,287.41,287.41,700,2021-04-19 19:15:00,WIX
287.41,287.545,287.17,287.36,2088,2021-04-19 19:20:00,WIX
287.67,287.67,287.38,287.48,1600,2021-04-19 19:25:00,WIX
287.62,288.13,287.55,287.55,4400,2021-04-19 19:30:00,WIX
287.55,287.63,286.975,287.14,9100,2021-04-19 19:35:00,WIX
287.14,288.27,287.04,288.175,3723,2021-04-19 19:40:00,WIX
288.49,289.02,287.91,288.0,4411,2021-04-19 19:45:00,WIX
288.15,288.69,288.01,288.57,23325,2021-04-19 19:50:00,WIX
288.17,289.45,288.17,289.45,15844,2021-04-19 19:55:00,WIX
289.06,289.06,289.06,289.06,24892,2021-04-19 20:00:00,WIX
289.06,289.06,289.06,289.06,10418,2021-04-19 20:40:00,WIX
289.02,289.02,287.675,287.675,3680,2021-04-20 13:30:00,WIX
287.245,288.54,287.245,288.54,417,2021-04-20 13:35:00,WIX
288.95,289.6419,288.95,289.6419,305,2021-04-20 13:40:00,WIX
290.0,290.0,288.24,288.595,1600,2021-04-20 13:45:00,WIX
287.79,287.79,287.25,287.725,500,2021-04-20 13:50:00,WIX
286.42,289.08,286.42,288.44,840,2021-04-20 13:55:00,WIX
287.865,287.94,286.34,286.55,2300,2021-04-20 14:00:00,WIX
286.0,287.26,285.93,287.18,1348,2021-04-20 14:05:00,WIX
287.09,287.09,286.38,286.38,800,2021-04-20 14:10:00,WIX
286.2,286.2,286.2,286.2,100,2021-04-20 14:15:00,WIX
286.615,287.0,286.555,287.0,1675,2021-04-20 14:20:00,WIX
287.0,287.6,286.355,287.6,10444,2021-04-20 14:25:00,WIX
287.595,288.02,286.52,287.34,5409,2021-04-20 14:30:00,WIX
287.51,287.91,287.02,287.9,3887,2021-04-20 14:35:00,WIX
287.99,288.37,287.4,287.4,3606,2021-04-20 14:40:00,WIX
287.4,287.4,286.835,287.08,2535,2021-04-20 14:45:00,WIX
286.925,288.195,286.925,287.495,6625,2021-04-20 14:50:00,WIX
287.565,288.35,287.39,287.9,3187,2021-04-20 14:55:00,WIX
287.83,288.57,287.83,288.4,1824,2021-04-20 15:00:00,WIX
288.25,288.26,287.94,288.26,1000,2021-04-20 15:05:00,WIX
288.42,288.42,287.4,287.4,3454,2021-04-20 15:10:00,WIX
287.69,287.835,287.03,287.27,7843,2021-04-20 15:15:00,WIX
286.91,287.9,286.76,287.87,4959,2021-04-20 15:20:00,WIX
287.93,288.32,287.22,287.685,12052,2021-04-20 15:25:00,WIX
287.685,288.4,287.685,287.84,1050,2021-04-20 15:30:00,WIX
287.635,287.95,287.03,287.91,4084,2021-04-20 15:35:00,WIX
287.95,288.715,287.62,288.715,3544,2021-04-20 15:40:00,WIX
289.085,290.03,288.76,289.96,1685,2021-04-20 15:45:00,WIX
289.88,290.1975,289.68,290.1975,1376,2021-04-20 15:50:00,WIX
289.88,290.55,289.81,289.81,800,2021-04-20 15:55:00,WIX
289.98,290.08,289.48,290.08,600,2021-04-20 16:00:00,WIX
290.0,290.28,290.0,290.28,400,2021-04-20 16:05:00,WIX
290.52,291.22,290.52,291.05,1600,2021-04-20 16:10:00,WIX
290.97,290.97,290.18,290.18,500,2021-04-20 16:15:00,WIX
290.7,290.7,290.55,290.61,335,2021-04-20 16:20:00,WIX
290.72,290.72,290.23,290.23,571,2021-04-20 16:25:00,WIX
289.965,290.75,289.66,290.53,2900,2021-04-20 16:30:00,WIX
291.06,291.53,291.02,291.53,600,2021-04-20 16:35:00,WIX
291.35,291.35,290.2,290.2,839,2021-04-20 16:40:00,WIX
290.43,290.43,290.0278,290.0278,450,2021-04-20 16:45:00,WIX
290.32,290.32,289.37,289.95,1122,2021-04-20 16:50:00,WIX
289.5,289.95,289.5,289.95,400,2021-04-20 16:55:00,WIX
290.04,290.45,290.04,290.115,500,2021-04-20 17:00:00,WIX
290.135,290.195,289.93,290.165,900,2021-04-20 17:05:00,WIX
290.27,290.58,290.12,290.58,2000,2021-04-20 17:10:00,WIX
290.32,290.32,290.23,290.2685,596,2021-04-20 17:15:00,WIX
290.41,290.41,288.9831,288.9831,1697,2021-04-20 17:20:00,WIX
288.55,288.92,288.54,288.75,1000,2021-04-20 17:25:00,WIX
289.05,289.645,288.85,289.4,2028,2021-04-20 17:30:00,WIX
289.25,289.56,289.25,289.56,404,2021-04-20 17:35:00,WIX
289.54,289.59,289.255,289.49,821,2021-04-20 17:40:00,WIX
289.62,290.5,289.62,290.48,1200,2021-04-20 17:45:00,WIX
290.45,290.79,290.44,290.65,800,2021-04-20 17:50:00,WIX
290.505,290.745,290.34,290.745,300,2021-04-20 17:55:00,WIX
290.95,290.96,290.245,290.245,700,2021-04-20 18:00:00,WIX
290.38,290.61,290.12,290.46,1110,2021-04-20 18:05:00,WIX
290.16,290.16,289.72,289.89,1400,2021-04-20 18:10:00,WIX
289.89,289.99,289.81,289.81,1089,2021-04-20 18:15:00,WIX
289.7,290.03,289.7,290.03,1105,2021-04-20 18:20:00,WIX
290.08,290.08,289.46,289.64,2938,2021-04-20 18:25:00,WIX
289.735,289.925,289.7,289.8,2105,2021-04-20 18:30:00,WIX
289.64,289.64,289.25,289.55,1000,2021-04-20 18:35:00,WIX
289.63,290.19,289.45,290.19,1220,2021-04-20 18:40:00,WIX
290.03,290.29,290.03,290.25,300,2021-04-20 18:45:00,WIX
290.28,290.68,289.9,289.9,1590,2021-04-20 18:50:00,WIX
289.74,289.805,289.505,289.505,1016,2021-04-20 18:55:00,WIX
289.79,290.19,289.65,290.19,1869,2021-04-20 19:00:00,WIX
290.25,290.375,290.1,290.27,583,2021-04-20 19:05:00,WIX
290.29,290.3,289.63,289.95,1100,2021-04-20 19:10:00,WIX
289.96,289.96,289.47,289.615,2220,2021-04-20 19:15:00,WIX
289.47,290.0,289.21,290.0,1100,2021-04-20 19:20:00,WIX
289.78,290.31,289.66,290.31,1300,2021-04-20 19:25:00,WIX
290.11,290.11,289.865,289.975,1414,2021-04-20 19:30:00,WIX
289.74,289.99,289.68,289.99,1333,2021-04-20 19:35:00,WIX
289.97,290.22,289.93,290.17,600,2021-04-20 19:40:00,WIX
290.18,290.5417,290.09,290.465,1613,2021-04-20 19:45:00,WIX
290.21,290.88,290.06,290.44,4285,2021-04-20 19:50:00,WIX
290.46,290.89,290.22,290.64,11376,2021-04-20 19:55:00,WIX
290.58,290.58,290.58,290.58,16394,2021-04-20 20:00:00,WIX
290.58,290.58,290.58,290.58,17378,2021-04-20 20:25:00,WIX
288.15,288.23,287.06,287.82,3031,2021-04-21 13:30:00,WIX
287.77,289.79,287.4557,289.79,6065,2021-04-21 13:35:00,WIX
287.62,289.0,287.46,288.05,4505,2021-04-21 13:40:00,WIX
287.97,289.5,287.14,289.5,1145,2021-04-21 13:45:00,WIX
289.94,289.94,289.94,289.94,100,2021-04-21 13:50:00,WIX
290.58,291.03,290.57,290.765,500,2021-04-21 14:00:00,WIX
290.33,291.065,290.2,290.49,1000,2021-04-21 14:10:00,WIX
290.67,291.45,290.31,290.69,900,2021-04-21 14:20:00,WIX
291.63,293.1,291.56,293.04,1800,2021-04-21 14:25:00,WIX
293.1,293.46,291.745,291.745,842,2021-04-21 14:30:00,WIX
292.2,292.98,292.2,292.56,1299,2021-04-21 14:35:00,WIX
292.17,292.51,292.17,292.26,582,2021-04-21 14:40:00,WIX
292.23,292.23,291.625,291.992,500,2021-04-21 14:45:00,WIX
291.7,291.7,291.06,291.56,800,2021-04-21 14:50:00,WIX
291.32,291.32,291.105,291.105,400,2021-04-21 14:55:00,WIX
290.96,290.96,290.18,290.67,1728,2021-04-21 15:00:00,WIX
290.6,291.72,290.6,291.69,3805,2021-04-21 15:05:00,WIX
291.58,292.07,291.435,292.025,1000,2021-04-21 15:10:00,WIX
292.38,292.95,292.38,292.81,1000,2021-04-21 15:15:00,WIX
292.94,293.24,292.81,292.86,1122,2021-04-21 15:20:00,WIX
292.615,292.8,292.48,292.68,810,2021-04-21 15:25:00,WIX
292.565,292.565,292.03,292.44,1160,2021-04-21 15:30:00,WIX
292.4,292.4,291.63,291.63,1335,2021-04-21 15:35:00,WIX
292.06,292.08,291.9,292.055,980,2021-04-21 15:40:00,WIX
291.91,291.91,291.66,291.8,1098,2021-04-21 15:45:00,WIX
290.63,290.975,290.54,290.72,2200,2021-04-21 15:50:00,WIX
291.12,291.16,290.78,290.95,756,2021-04-21 15:55:00,WIX
290.84,290.89,290.44,290.71,1159,2021-04-21 16:00:00,WIX
290.03,290.03,289.44,289.5,2500,2021-04-21 16:05:00,WIX
290.08,290.54,289.82,290.49,903,2021-04-21 16:10:00,WIX
290.33,290.33,289.87,290.33,1244,2021-04-21 16:15:00,WIX
290.33,290.89,290.18,290.52,1400,2021-04-21 16:20:00,WIX
290.37,290.91,290.37,290.91,1011,2021-04-21 16:25:00,WIX
290.91,291.41,290.91,290.94,800,2021-04-21 16:30:00,WIX
291.22,291.47,291.16,291.47,1530,2021-04-21 16:35:00,WIX
291.23,291.23,291.03,291.03,672,2021-04-21 16:40:00,WIX
290.52,291.14,290.52,290.9,905,2021-04-21 16:45:00,WIX
291.13,291.25,291.07,291.07,500,2021-04-21 16:50:00,WIX
290.53,291.08,290.53,291.0,4036,2021-04-21 16:55:00,WIX
290.91,291.4,290.885,291.4,2833,2021-04-21 17:00:00,WIX
291.5,291.77,290.9301,291.45,3725,2021-04-21 17:05:00,WIX
291.32,291.32,291.31,291.31,200,2021-04-21 17:10:00,WIX
291.6,291.6,291.6,291.6,100,2021-04-21 17:15:00,WIX
291.72,291.72,291.565,291.565,200,2021-04-21 17:20:00,WIX
291.4,291.4,291.38,291.38,200,2021-04-21 17:25:00,WIX
291.26,291.295,291.26,291.295,200,2021-04-21 17:30:00,WIX
291.55,291.55,291.55,291.55,100,2021-04-21 17:35:00,WIX
291.6,291.8,291.1,291.7,1405,2021-04-21 17:40:00,WIX
291.33,291.72,291.3,291.485,500,2021-04-21 17:45:00,WIX
291.74,291.92,291.6,291.73,700,2021-04-21 17:50:00,WIX
291.94,292.15,291.94,292.15,700,2021-04-21 17:55:00,WIX
292.265,292.54,292.11,292.53,900,2021-04-21 18:00:00,WIX
292.2,293.015,292.13,292.86,2300,2021-04-21 18:05:00,WIX
292.95,292.95,292.65,292.65,600,2021-04-21 18:10:00,WIX
292.46,292.46,291.98,291.98,400,2021-04-21 18:15:00,WIX
291.52,292.34,291.41,292.33,2632,2021-04-21 18:20:00,WIX
292.135,292.92,291.915,292.71,2150,2021-04-21 18:25:00,WIX
293.18,293.48,292.825,293.24,4131,2021-04-21 18:30:00,WIX
293.02,293.14,292.55,293.06,1772,2021-04-21 18:35:00,WIX
292.74,293.15,292.55,292.7,1125,2021-04-21 18:40:00,WIX
292.94,292.94,292.45,292.52,1420,2021-04-21 18:45:00,WIX
292.73,292.73,292.25,292.53,1230,2021-04-21 18:50:00,WIX
292.32,292.475,292.05,292.33,600,2021-04-21 18:55:00,WIX
292.475,292.8,292.34,292.395,1500,2021-04-21 19:00:00,WIX
292.29,292.29,291.97,292.13,800,2021-04-21 19:05:00,WIX
292.13,292.28,291.98,292.05,600,2021-04-21 19:10:00,WIX
292.42,292.475,292.05,292.225,3407,2021-04-21 19:15:00,WIX
292.25,292.25,291.48,291.48,1258,2021-04-21 19:20:00,WIX
291.75,291.96,291.29,291.6,2025,2021-04-21 19:25:00,WIX
291.62,291.65,291.17,291.29,1400,2021-04-21 19:30:00,WIX
291.35,291.46,291.28,291.33,2125,2021-04-21 19:35:00,WIX
291.22,291.61,291.165,291.56,12803,2021-04-21 19:40:00,WIX
291.65,292.71,291.65,292.71,1900,2021-04-21 19:45:00,WIX
292.82,292.87,292.57,292.83,2800,2021-04-21 19:50:00,WIX
292.84,292.91,292.32,292.32,7400,2021-04-21 19:55:00,WIX
292.52,292.52,292.52,292.52,20716,2021-04-21 20:00:00,WIX
293.06,295.0,293.06,293.76,6245,2021-04-22 13:30:00,WIX
293.885,295.0,293.4,294.99,1250,2021-04-22 13:35:00,WIX
295.0,296.0,294.22,296.0,5000,2021-04-22 13:40:00,WIX
295.33,295.69,294.67,295.69,1200,2021-04-22 13:45:00,WIX
295.06,295.44,294.7,294.76,700,2021-04-22 13:50:00,WIX
295.51,296.27,294.67,295.845,4748,2021-04-22 13:55:00,WIX
295.9,296.8,295.0,296.5,6951,2021-04-22 14:00:00,WIX
296.81,297.8028,295.02,295.02,851,2021-04-22 14:05:00,WIX
295.86,297.18,295.0,295.56,2751,2021-04-22 14:10:00,WIX
297.19,298.6098,296.67,298.6098,800,2021-04-22 14:15:00,WIX
298.76,298.82,295.0,298.82,8634,2021-04-22 14:20:00,WIX
299.0,300.64,299.0,299.73,2228,2021-04-22 14:25:00,WIX
299.265,300.16,298.82,299.505,1322,2021-04-22 14:30:00,WIX
299.16,299.49,298.79,299.47,2059,2021-04-22 14:35:00,WIX
298.92,299.7344,298.92,299.06,1600,2021-04-22 14:40:00,WIX
299.03,300.36,299.03,299.8,641,2021-04-22 14:45:00,WIX
299.71,299.82,299.57,299.72,400,2021-04-22 14:50:00,WIX
299.01,299.04,298.1901,298.26,1050,2021-04-22 14:55:00,WIX
298.335,298.335,297.51,297.64,4900,2021-04-22 15:00:00,WIX
297.3,298.39,297.2739,298.366,1862,2021-04-22 15:05:00,WIX
298.64,299.09,298.28,299.06,2040,2021-04-22 15:10:00,WIX
299.09,299.09,297.92,297.92,700,2021-04-22 15:15:00,WIX
298.4,298.665,298.1,298.66,700,2021-04-22 15:20:00,WIX
298.915,299.51,298.915,299.29,925,2021-04-22 15:25:00,WIX
299.08,300.16,298.91,300.16,1200,2021-04-22 15:30:00,WIX
300.36,300.36,299.64,299.845,1000,2021-04-22 15:35:00,WIX
299.62,299.62,298.81,299.35,2763,2021-04-22 15:40:00,WIX
299.045,299.84,298.84,299.64,6148,2021-04-22 15:45:00,WIX
300.0,300.265,299.98,300.17,1214,2021-04-22 15:50:00,WIX
300.265,300.285,299.87,300.285,300,2021-04-22 15:55:00,WIX
300.06,300.3799,299.89,300.3799,700,2021-04-22 16:00:00,WIX
300.18,300.18,299.66,299.66,811,2021-04-22 16:05:00,WIX
299.07,300.06,299.07,299.96,4259,2021-04-22 16:10:00,WIX
299.875,300.36,299.81,300.195,3126,2021-04-22 16:15:00,WIX
300.36,300.86,300.225,300.86,1579,2021-04-22 16:20:00,WIX
300.7,301.345,300.7,301.155,2511,2021-04-22 16:25:00,WIX
301.155,301.4,300.81,300.81,1296,2021-04-22 16:30:00,WIX
300.79,300.845,300.18,300.18,500,2021-04-22 16:40:00,WIX
300.35,300.71,300.18,300.71,3412,2021-04-22 16:45:00,WIX
300.645,300.645,300.645,300.645,100,2021-04-22 16:50:00,WIX
300.49,300.98,300.47,300.895,1887,2021-04-22 16:55:00,WIX
301.06,301.49,301.06,301.205,2430,2021-04-22 17:00:00,WIX
301.21,301.36,299.33,299.515,10369,2021-04-22 17:05:00,WIX
299.63,299.63,298.8678,299.33,8987,2021-04-22 17:10:00,WIX
298.8,299.31,298.17,298.17,6527,2021-04-22 17:15:00,WIX
298.2,298.99,297.66,298.99,7900,2021-04-22 17:20:00,WIX
298.67,299.63,298.465,299.4,3196,2021-04-22 17:25:00,WIX
299.59,300.0,299.31,300.0,5212,2021-04-22 17:30:00,WIX
299.545,300.02,299.515,299.76,8765,2021-04-22 17:35:00,WIX
299.94,299.99,297.815,297.875,10859,2021-04-22 17:40:00,WIX
297.87,298.63,297.87,297.95,5367,2021-04-22 17:45:00,WIX
297.59,297.94,296.86,297.095,2573,2021-04-22 17:50:00,WIX
296.62,297.08,295.78,297.08,4957,2021-04-22 17:55:00,WIX
297.1,297.11,296.13,296.61,5363,2021-04-22 18:00:00,WIX
296.6,297.47,296.21,297.47,4261,2021-04-22 18:05:00,WIX
297.05,297.54,297.0,297.5,537,2021-04-22 18:10:00,WIX
297.65,298.0,297.5,297.5,1525,2021-04-22 18:15:00,WIX
297.58,297.58,297.43,297.43,500,2021-04-22 18:20:00,WIX
297.31,298.72,297.31,298.72,1100,2021-04-22 18:25:00,WIX
298.9,298.9,298.45,298.83,969,2021-04-22 18:30:00,WIX
298.85,298.98,298.425,298.85,2261,2021-04-22 18:35:00,WIX
298.77,299.54,298.68,299.12,2040,2021-04-22 18:40:00,WIX
299.18,299.26,297.96,297.96,1345,2021-04-22 18:45:00,WIX
298.03,298.44,297.17,297.2,1374,2021-04-22 18:50:00,WIX
297.03,298.03,297.02,298.02,1500,2021-04-22 18:55:00,WIX
297.44,298.46,297.44,298.46,3832,2021-04-22 19:00:00,WIX
298.25,298.6,297.66,297.735,4324,2021-04-22 19:05:00,WIX
297.74,298.12,297.33,297.5765,5802,2021-04-22 19:10:00,WIX
297.7,297.7,297.055,297.055,500,2021-04-22 19:15:00,WIX
297.24,297.24,296.37,296.37,2004,2021-04-22 19:20:00,WIX
296.38,296.985,296.38,296.87,3172,2021-04-22 19:25:00,WIX
296.795,297.6,296.795,297.25,800,2021-04-22 19:30:00,WIX
297.3,297.45,296.665,297.14,2700,2021-04-22 19:35:00,WIX
297.23,297.945,297.125,297.29,3638,2021-04-22 19:40:00,WIX
297.31,297.6,296.86,297.39,5883,2021-04-22 19:45:00,WIX
297.44,297.59,295.35,295.49,14815,2021-04-22 19:50:00,WIX
295.59,296.08,295.08,295.8,15441,2021-04-22 19:55:00,WIX
295.9,295.9,295.9,295.9,22008,2021-04-22 20:00:00,WIX
295.9,295.9,295.9,295.9,9101,2021-04-22 20:55:00,WIX
294.29,300.27,294.1,297.74,19698,2021-04-23 13:30:00,WIX
297.64,297.64,297.59,297.59,500,2021-04-23 13:35:00,WIX
299.0,299.0,299.0,299.0,200,2021-04-23 13:40:00,WIX
297.39,298.1,297.28,298.1,500,2021-04-23 13:45:00,WIX
298.92,299.005,298.32,298.32,700,2021-04-23 13:50:00,WIX
299.06,299.06,299.06,299.06,100,2021-04-23 13:55:00,WIX
298.51,299.26,297.37,297.37,2235,2021-04-23 14:00:00,WIX
297.84,298.76,297.57,298.76,1011,2021-04-23 14:05:00,WIX
298.75,299.46,298.54,298.54,1300,2021-04-23 14:10:00,WIX
298.885,298.885,298.19,298.19,200,2021-04-23 14:15:00,WIX
297.78,297.78,296.47,297.035,1000,2021-04-23 14:20:00,WIX
297.14,297.39,296.87,297.01,900,2021-04-23 14:25:00,WIX
297.0,297.02,294.791,296.02,2777,2021-04-23 14:30:00,WIX
296.09,296.23,295.6,296.01,11385,2021-04-23 14:35:00,WIX
295.825,296.09,294.79,294.95,7996,2021-04-23 14:40:00,WIX
294.92,295.56,294.585,294.74,2699,2021-04-23 14:45:00,WIX
294.37,295.14,294.2,294.99,3102,2021-04-23 14:50:00,WIX
295.14,295.15,294.655,294.76,2500,2021-04-23 14:55:00,WIX
295.0,295.27,294.83,295.05,3500,2021-04-23 15:00:00,WIX
295.26,295.3,294.49,294.49,5400,2021-04-23 15:05:00,WIX
294.21,294.21,293.78,294.03,3300,2021-04-23 15:10:00,WIX
294.02,294.11,293.59,293.75,3437,2021-04-23 15:15:00,WIX
293.77,296.28,293.77,295.92,3741,2021-04-23 15:20:00,WIX
295.92,297.33,295.83,296.105,20900,2021-04-23 15:25:00,WIX
296.105,298.63,296.105,298.63,1901,2021-04-23 15:30:00,WIX
298.785,298.785,296.505,296.505,8456,2021-04-23 15:35:00,WIX
296.505,297.07,296.48,297.07,2587,2021-04-23 15:40:00,WIX
297.75,298.14,296.8,297.25,4256,2021-04-23 15:45:00,WIX
297.58,297.71,296.82,296.82,6499,2021-04-23 15:50:00,WIX
297.0,297.05,296.71,296.71,900,2021-04-23 15:55:00,WIX
297.0,297.14,296.5,297.05,1400,2021-04-23 16:00:00,WIX
297.33,297.4525,296.96,297.095,3325,2021-04-23 16:05:00,WIX
297.115,297.115,296.69,296.69,2529,2021-04-23 16:10:00,WIX
296.62,296.69,296.43,296.43,1101,2021-04-23 16:15:00,WIX
296.315,297.01,296.315,296.9,426,2021-04-23 16:20:00,WIX
296.76,296.875,296.6,296.6,1200,2021-04-23 16:25:00,WIX
296.63,296.63,295.8,296.17,4070,2021-04-23 16:30:00,WIX
296.1,296.1,295.6,296.015,4077,2021-04-23 16:35:00,WIX
296.14,296.14,295.7,295.8,4594,2021-04-23 16:40:00,WIX
295.75,296.61,295.75,296.61,600,2021-04-23 16:45:00,WIX
297.2,297.33,297.2,297.22,900,2021-04-23 16:50:00,WIX
296.89,297.74,296.88,297.54,1900,2021-04-23 16:55:00,WIX
298.07,298.34,297.1,297.2775,4319,2021-04-23 17:00:00,WIX
297.0,297.135,296.41,296.825,1400,2021-04-23 17:05:00,WIX
297.07,297.09,295.84,296.07,4319,2021-04-23 17:10:00,WIX
296.46,296.6,296.17,296.54,799,2021-04-23 17:15:00,WIX
296.71,296.71,296.0,296.0,1901,2021-04-23 17:20:00,WIX
296.3,296.49,295.94,296.49,2433,2021-04-23 17:25:00,WIX
296.28,296.375,296.28,296.375,200,2021-04-23 17:30:00,WIX
296.61,297.015,296.39,297.01,2900,2021-04-23 17:35:00,WIX
296.6433,296.68,296.6433,296.68,200,2021-04-23 17:40:00,WIX
296.875,297.03,296.64,296.8,600,2021-04-23 17:45:00,WIX
296.815,296.815,296.46,296.46,500,2021-04-23 17:50:00,WIX
296.83,297.13,296.81,296.81,901,2021-04-23 17:55:00,WIX
296.79,297.1399,296.5,296.5,2474,2021-04-23 18:00:00,WIX
296.0,296.16,295.81,295.88,2693,2021-04-23 18:05:00,WIX
295.95,296.19,295.53,296.05,5293,2021-04-23 18:10:00,WIX
295.92,296.29,295.7,295.7,4578,2021-04-23 18:15:00,WIX
295.62,296.205,295.62,296.14,700,2021-04-23 18:20:00,WIX
296.14,296.615,296.06,296.43,1400,2021-04-23 18:25:00,WIX
296.55,296.79,296.535,296.785,1100,2021-04-23 18:30:00,WIX
296.61,296.61,296.19,296.19,1810,2021-04-23 18:35:00,WIX
295.81,295.83,295.47,295.51,1600,2021-04-23 18:40:00,WIX
295.45,295.775,295.37,295.56,3863,2021-04-23 18:45:00,WIX
295.7,295.7,295.6,295.6,1300,2021-04-23 18:50:00,WIX
295.6781,295.88,295.635,295.7,1478,2021-04-23 18:55:00,WIX
295.695,295.695,295.58,295.595,1400,2021-04-23 19:00:00,WIX
295.595,295.8,295.595,295.77,1800,2021-04-23 19:05:00,WIX
295.945,296.05,295.41,295.41,2650,2021-04-23 19:10:00,WIX
295.385,295.46,295.26,295.37,1400,2021-04-23 19:15:00,WIX
295.27,295.57,295.14,295.325,1500,2021-04-23 19:20:00,WIX
295.4,295.965,295.3,295.96,3206,2021-04-23 19:25:00,WIX
295.95,296.045,295.23,295.58,2775,2021-04-23 19:30:00,WIX
295.83,296.81,295.66,296.465,4009,2021-04-23 19:35:00,WIX
296.34,296.8,295.73,295.76,6219,2021-04-23 19:40:00,WIX
295.72,296.675,295.68,296.545,9602,2021-04-23 19:45:00,WIX
296.71,296.735,295.74,296.315,20260,2021-04-23 19:50:00,WIX
296.42,296.89,295.86,296.31,33647,2021-04-23 19:55:00,WIX
296.1,296.1,296.1,296.1,47034,2021-04-23 20:00:00,WIX
298.32,299.0,298.32,298.54,4621,2021-04-26 13:30:00,WIX
298.545,300.67,298.545,298.98,1205,2021-04-26 13:35:00,WIX
299.975,300.385,298.36,299.515,3970,2021-04-26 13:40:00,WIX
299.99,300.31,299.53,299.555,500,2021-04-26 13:45:00,WIX
299.56,299.56,298.16,298.18,818,2021-04-26 13:50:00,WIX
298.62,298.62,298.25,298.25,200,2021-04-26 13:55:00,WIX
299.18,299.18,299.18,299.18,100,2021-04-26 14:00:00,WIX
298.9,299.97,298.76,298.76,1122,2021-04-26 14:05:00,WIX
298.77,299.71,298.77,299.71,1495,2021-04-26 14:10:00,WIX
299.39,299.5734,299.04,299.5734,653,2021-04-26 14:15:00,WIX
299.58,299.6,299.0,299.25,1500,2021-04-26 14:20:00,WIX
299.3,301.49,299.3,301.31,2300,2021-04-26 14:25:00,WIX
301.49,302.035,301.175,302.035,1493,2021-04-26 14:30:00,WIX
302.25,302.63,301.79,302.63,900,2021-04-26 14:35:00,WIX
302.53,303.42,302.38,303.42,9729,2021-04-26 14:40:00,WIX
303.86,304.06,303.57,304.035,1000,2021-04-26 14:45:00,WIX
304.01,304.3,304.01,304.03,1400,2021-04-26 14:50:00,WIX
304.52,304.84,304.09,304.3,1452,2021-04-26 14:55:00,WIX
304.7755,305.0,304.1,304.1,1800,2021-04-26 15:00:00,WIX
304.41,304.44,304.22,304.29,1049,2021-04-26 15:05:00,WIX
304.4,306.0,304.4,305.76,2380,2021-04-26 15:10:00,WIX
305.44,305.44,304.86,304.86,1600,2021-04-26 15:15:00,WIX
305.43,305.43,305.32,305.34,400,2021-04-26 15:20:00,WIX
305.01,305.265,305.0,305.265,500,2021-04-26 15:25:00,WIX
305.23,305.66,305.12,305.66,1400,2021-04-26 15:30:00,WIX
305.945,307.17,305.69,307.17,1150,2021-04-26 15:35:00,WIX
306.935,306.94,306.37,306.37,3763,2021-04-26 15:40:00,WIX
306.37,306.37,306.255,306.255,400,2021-04-26 15:45:00,WIX
306.21,307.21,306.06,307.21,1100,2021-04-26 15:50:00,WIX
307.15,307.4489,307.15,307.3485,650,2021-04-26 15:55:00,WIX
307.245,307.4,307.03,307.4,900,2021-04-26 16:00:00,WIX
307.4,307.88,307.08,307.305,1715,2021-04-26 16:05:00,WIX
307.58,307.58,307.08,307.48,1300,2021-04-26 16:10:00,WIX
307.7,307.745,307.41,307.66,500,2021-04-26 16:15:00,WIX
307.925,308.265,307.87,308.238,800,2021-04-26 16:20:00,WIX
308.3,308.3,307.57,307.675,1916,2021-04-26 16:25:00,WIX
307.74,308.11,307.48,308.11,1225,2021-04-26 16:30:00,WIX
308.055,308.055,308.055,308.055,100,2021-04-26 16:35:00,WIX
307.64,307.73,307.21,307.34,1397,2021-04-26 16:40:00,WIX
307.5,307.735,307.23,307.735,900,2021-04-26 16:45:00,WIX
307.74,307.74,307.31,307.47,662,2021-04-26 16:50:00,WIX
307.825,307.825,307.41,307.55,600,2021-04-26 16:55:00,WIX
307.515,307.515,306.92,307.075,2000,2021-04-26 17:00:00,WIX
306.96,307.6,306.93,307.1824,2000,2021-04-26 17:05:00,WIX
307.41,307.62,307.41,307.615,500,2021-04-26 17:10:00,WIX
307.5,307.5,307.07,307.115,1286,2021-04-26 17:15:00,WIX
306.965,307.32,306.81,307.32,1951,2021-04-26 17:20:00,WIX
307.2,307.55,307.2,307.55,600,2021-04-26 17:25:00,WIX
307.43,307.43,307.27,307.43,900,2021-04-26 17:30:00,WIX
307.43,307.585,307.18,307.3618,1519,2021-04-26 17:35:00,WIX
307.575,307.575,307.18,307.18,419,2021-04-26 17:40:00,WIX
307.34,307.67,307.19,307.67,5089,2021-04-26 17:45:00,WIX
307.4935,307.675,307.25,307.63,1025,2021-04-26 17:50:00,WIX
307.67,307.84,307.59,307.59,400,2021-04-26 17:55:00,WIX
307.78,308.095,307.71,308.095,950,2021-04-26 18:00:00,WIX
308.06,308.07,307.885,307.885,300,2021-04-26 18:05:00,WIX
307.78,308.08,307.76,308.08,400,2021-04-26 18:10:00,WIX
308.29,308.29,307.72,307.72,700,2021-04-26 18:15:00,WIX
307.94,308.16,307.75,307.915,1600,2021-04-26 18:20:00,WIX
308.02,308.0597,308.01,308.05,600,2021-04-26 18:25:00,WIX
308.04,308.34,307.9,308.13,2000,2021-04-26 18:30:00,WIX
307.96,308.18,307.96,308.18,800,2021-04-26 18:35:00,WIX
308.2,308.34,308.04,308.04,1496,2021-04-26 18:40:00,WIX
308.22,308.35,307.985,307.985,1400,2021-04-26 18:45:00,WIX
307.8,307.91,307.31,307.74,4141,2021-04-26 18:50:00,WIX
307.93,308.5544,307.73,308.5544,2033,2021-04-26 18:55:00,WIX
308.35,308.35,307.92,308.26,1018,2021-04-26 19:00:00,WIX
308.28,308.32,307.87,308.2846,867,2021-04-26 19:05:00,WIX
308.09,308.29,308.08,308.255,835,2021-04-26 19:10:00,WIX
308.25,308.43,308.09,308.385,1550,2021-04-26 19:15:00,WIX
308.355,308.5,308.12,308.355,2417,2021-04-26 19:20:00,WIX
308.48,308.66,308.06,308.06,5174,2021-04-26 19:25:00,WIX
307.78,308.57,307.78,308.57,3100,2021-04-26 19:30:00,WIX
308.385,308.98,308.25,308.58,2900,2021-04-26 19:35:00,WIX
308.51,308.6,308.14,308.495,3267,2021-04-26 19:40:00,WIX
308.425,308.89,308.05,308.505,4800,2021-04-26 19:45:00,WIX
308.395,309.17,308.12,309.14,14116,2021-04-26 19:50:00,WIX
309.17,309.78,309.02,309.11,14676,2021-04-26 19:55:00,WIX
309.11,309.11,309.11,309.11,17220,2021-04-26 20:00:00,WIX
309.5,309.5,309.5,309.5,300,2021-04-26 20:15:00,WIX
309.25,309.25,309.25,309.25,394,2021-04-26 20:30:00,WIX
313.23,316.9699,313.0,315.7082,14460,2021-04-27 13:30:00,WIX
316.4,318.78,315.54,317.02,8693,2021-04-27 13:35:00,WIX
316.32,317.73,312.23,312.23,24933,2021-04-27 13:40:00,WIX
312.765,312.765,310.11,310.11,3528,2021-04-27 13:45:00,WIX
310.07,311.04,308.8901,310.78,2930,2021-04-27 13:50:00,WIX
310.78,312.625,310.78,310.87,4190,2021-04-27 13:55:00,WIX
310.87,310.87,309.45,310.0,4568,2021-04-27 14:00:00,WIX
311.66,311.66,309.105,309.485,2295,2021-04-27 14:05:00,WIX
308.92,308.92,308.68,308.68,600,2021-04-27 14:10:00,WIX
308.89,309.79,308.24,308.97,2500,2021-04-27 14:15:00,WIX
309.005,309.075,308.17,308.17,705,2021-04-27 14:20:00,WIX
308.696,309.8,308.35,309.0,2400,2021-04-27 14:25:00,WIX
309.88,311.56,309.72,311.54,8012,2021-04-27 14:30:00,WIX
311.3,311.3,309.975,310.59,10091,2021-04-27 14:35:00,WIX
310.02,311.19,310.02,311.19,3470,2021-04-27 14:40:00,WIX
311.02,311.7516,310.62,311.11,3562,2021-04-27 14:45:00,WIX
311.11,311.15,310.4445,310.4445,2160,2021-04-27 14:50:00,WIX
310.49,312.11,310.35,311.5,1630,2021-04-27 14:55:00,WIX
311.42,311.735,311.26,311.58,4724,2021-04-27 15:00:00,WIX
311.58,311.92,311.54,311.74,1399,2021-04-27 15:05:00,WIX
311.905,312.16,311.59,311.59,2500,2021-04-27 15:10:00,WIX
311.385,311.635,311.26,311.49,1000,2021-04-27 15:15:00,WIX
311.56,312.0,311.31,311.8875,4490,2021-04-27 15:20:00,WIX
311.37,312.63,311.37,312.63,4653,2021-04-27 15:25:00,WIX
312.07,312.42,311.539,311.95,5019,2021-04-27 15:30:00,WIX
311.78,312.0,311.61,311.61,2887,2021-04-27 15:35:00,WIX
311.5,312.15,311.24,311.95,3500,2021-04-27 15:40:00,WIX
311.8581,311.8581,311.26,311.415,1725,2021-04-27 15:45:00,WIX
311.42,311.865,311.42,311.63,1894,2021-04-27 15:50:00,WIX
311.73,312.09,311.7,312.09,1100,2021-04-27 15:55:00,WIX
311.64,312.78,311.56,312.78,1400,2021-04-27 16:00:00,WIX
312.96,312.96,311.76,311.76,1213,2021-04-27 16:05:00,WIX
312.2136,312.3,312.0,312.0,2011,2021-04-27 16:10:00,WIX
311.86,311.86,311.67,311.67,1700,2021-04-27 16:15:00,WIX
311.47,311.79,311.47,311.78,1000,2021-04-27 16:20:00,WIX
312.0,312.12,311.66,311.66,1100,2021-04-27 16:25:00,WIX
311.56,311.56,311.56,311.56,100,2021-04-27 16:30:00,WIX
311.26,311.63,311.09,311.52,1300,2021-04-27 16:35:00,WIX
311.34,311.92,311.34,311.92,200,2021-04-27 16:40:00,WIX
311.93,311.93,311.44,311.88,600,2021-04-27 16:45:00,WIX
311.88,312.21,311.85,311.85,1428,2021-04-27 16:50:00,WIX
312.17,312.64,312.17,312.27,300,2021-04-27 16:55:00,WIX
312.48,312.675,312.37,312.58,500,2021-04-27 17:00:00,WIX
312.91,312.91,312.31,312.5,1350,2021-04-27 17:05:00,WIX
312.425,312.6876,312.11,312.11,556,2021-04-27 17:10:00,WIX
312.52,312.81,312.52,312.81,600,2021-04-27 17:15:00,WIX
312.68,313.67,312.68,313.555,750,2021-04-27 17:20:00,WIX
313.27,313.46,312.49,312.77,1700,2021-04-27 17:25:00,WIX
312.715,312.715,312.06,312.22,600,2021-04-27 17:30:00,WIX
312.36,312.535,312.36,312.535,400,2021-04-27 17:35:00,WIX
312.44,312.44,312.23,312.23,200,2021-04-27 17:40:00,WIX
312.6861,312.83,312.6861,312.83,200,2021-04-27 17:45:00,WIX
312.8,312.8,312.435,312.68,500,2021-04-27 17:50:00,WIX
312.66,312.88,312.52,312.88,500,2021-04-27 17:55:00,WIX
312.665,312.84,311.57,311.57,2103,2021-04-27 18:00:00,WIX
311.63,311.63,311.545,311.545,200,2021-04-27 18:05:00,WIX
311.45,311.5,311.16,311.44,600,2021-04-27 18:10:00,WIX
311.48,311.48,310.76,310.86,800,2021-04-27 18:15:00,WIX
310.59,311.3,310.59,311.3,800,2021-04-27 18:20:00,WIX
311.54,311.55,311.14,311.17,1898,2021-04-27 18:25:00,WIX
311.65,311.65,311.045,311.38,2700,2021-04-27 18:30:00,WIX
310.99,310.99,309.52,309.52,2577,2021-04-27 18:35:00,WIX
309.7605,310.49,309.63,310.49,4040,2021-04-27 18:40:00,WIX
310.86,311.14,309.91,309.91,3998,2021-04-27 18:45:00,WIX
309.98,309.99,309.7,309.7,600,2021-04-27 18:50:00,WIX
309.94,310.12,309.74,309.74,1200,2021-04-27 18:55:00,WIX
309.5425,310.13,309.5425,310.13,900,2021-04-27 19:00:00,WIX
310.365,310.365,309.45,309.45,1500,2021-04-27 19:05:00,WIX
309.32,309.37,308.83,308.83,1600,2021-04-27 19:10:00,WIX
308.885,308.925,308.65,308.8769,800,2021-04-27 19:15:00,WIX
309.2,309.2,308.94,309.18,1600,2021-04-27 19:20:00,WIX
309.4,310.275,309.4,310.2,2400,2021-04-27 19:25:00,WIX
310.27,310.38,309.89,310.27,5069,2021-04-27 19:30:00,WIX
310.345,310.42,309.85,310.42,1403,2021-04-27 19:35:00,WIX
310.54,311.24,310.02,310.505,4575,2021-04-27 19:40:00,WIX
310.44,310.97,310.27,310.27,4562,2021-04-27 19:45:00,WIX
310.405,311.28,310.405,310.59,8212,2021-04-27 19:50:00,WIX
310.69,310.86,309.89,309.89,13383,2021-04-27 19:55:00,WIX
309.85,309.85,309.85,309.85,19973,2021-04-27 20:00:00,WIX
309.85,309.85,309.85,309.85,261,2021-04-27 20:30:00,WIX
309.85,309.85,309.85,309.85,2016,2021-04-27 21:10:00,WIX
309.0,309.5,309.0,309.5,636,2021-04-28 13:25:00,WIX
309.49,312.48,307.69,308.001,9004,2021-04-28 13:30:00,WIX
308.85,311.0,308.0,311.0,1200,2021-04-28 13:35:00,WIX
310.93,313.2,309.1,313.2,1377,2021-04-28 13:40:00,WIX
313.51,313.72,311.68,312.86,800,2021-04-28 13:45:00,WIX
312.49,312.49,311.27,311.99,1103,2021-04-28 13:50:00,WIX
310.96,311.98,310.96,311.32,1150,2021-04-28 13:55:00,WIX
312.33,314.87,312.07,314.87,7808,2021-04-28 14:00:00,WIX
315.41,315.82,314.54,315.565,1442,2021-04-28 14:05:00,WIX
315.585,315.75,314.53,314.53,3861,2021-04-28 14:10:00,WIX
315.135,315.35,314.34,315.12,1809,2021-04-28 14:15:00,WIX
315.1,316.03,314.35,314.95,7257,2021-04-28 14:20:00,WIX
314.18,315.15,313.3886,315.15,6997,2021-04-28 14:25:00,WIX
314.415,314.415,311.65,311.65,2600,2021-04-28 14:30:00,WIX
312.03,312.6,311.78,312.6,900,2021-04-28 14:35:00,WIX
312.61,313.1,312.03,312.335,2900,2021-04-28 14:40:00,WIX
312.02,313.09,311.345,311.82,6349,2021-04-28 14:45:00,WIX
312.38,313.69,312.16,313.38,2300,2021-04-28 14:50:00,WIX
313.39,313.6436,313.01,313.23,1025,2021-04-28 14:55:00,WIX
313.55,314.07,313.295,313.785,2033,2021-04-28 15:00:00,WIX
314.05,314.175,313.86,313.975,2065,2021-04-28 15:05:00,WIX
314.005,315.02,314.005,314.665,1600,2021-04-28 15:10:00,WIX
314.34,314.63,313.65,314.63,2029,2021-04-28 15:15:00,WIX
314.38,314.68,314.38,314.635,1300,2021-04-28 15:20:00,WIX
315.03,315.29,314.835,314.925,1000,2021-04-28 15:25:00,WIX
314.88,315.37,314.88,315.37,600,2021-04-28 15:30:00,WIX
315.38,316.03,315.38,315.81,900,2021-04-28 15:35:00,WIX
315.975,316.13,315.66,315.86,3770,2021-04-28 15:40:00,WIX
315.865,315.865,315.135,315.5822,1000,2021-04-28 15:45:00,WIX
315.38,315.51,315.04,315.485,1826,2021-04-28 15:50:00,WIX
315.37,316.74,315.37,316.135,3480,2021-04-28 15:55:00,WIX
316.12,316.37,315.33,315.83,3670,2021-04-28 16:00:00,WIX
315.75,316.35,315.055,316.35,1522,2021-04-28 16:05:00,WIX
316.23,316.67,316.0,316.46,2450,2021-04-28 16:10:00,WIX
316.96,316.96,316.475,316.475,200,2021-04-28 16:15:00,WIX
316.775,317.77,316.775,317.155,6500,2021-04-28 16:20:00,WIX
317.29,317.29,317.17,317.2,600,2021-04-28 16:25:00,WIX
317.22,317.22,317.22,317.22,100,2021-04-28 16:30:00,WIX
317.05,317.19,316.88,317.04,2741,2021-04-28 16:35:00,WIX
317.1,317.11,316.71,317.0,3000,2021-04-28 16:40:00,WIX
316.99,317.42,316.61,316.93,6827,2021-04-28 16:45:00,WIX
316.855,317.26,316.72,316.855,831,2021-04-28 16:50:00,WIX
316.895,317.2599,316.79,317.2599,1579,2021-04-28 16:55:00,WIX
317.17,317.55,316.93,317.55,1270,2021-04-28 17:00:00,WIX
317.68,317.68,317.18,317.27,601,2021-04-28 17:05:00,WIX
317.25,317.43,316.81,316.81,900,2021-04-28 17:10:00,WIX
316.825,317.09,316.825,316.9,1500,2021-04-28 17:15:00,WIX
317.35,317.35,316.87,317.32,1500,2021-04-28 17:20:00,WIX
317.45,317.45,316.9,317.145,2200,2021-04-28 17:25:00,WIX
317.63,317.68,316.82,316.95,3677,2021-04-28 17:30:00,WIX
317.0,317.04,316.78,317.02,700,2021-04-28 17:35:00,WIX
316.84,317.0,315.92,316.34,3211,2021-04-28 17:40:00,WIX
315.99,316.97,315.99,316.97,1800,2021-04-28 17:45:00,WIX
317.08,317.49,316.95,317.49,1687,2021-04-28 17:50:00,WIX
317.62,318.05,317.37,317.95,2170,2021-04-28 17:55:00,WIX
317.93,319.2,317.21,318.8,3250,2021-04-28 18:00:00,WIX
318.79,319.49,318.27,319.49,1700,2021-04-28 18:05:00,WIX
319.75,320.82,319.345,320.57,6287,2021-04-28 18:10:00,WIX
320.33,321.11,320.33,321.045,2600,2021-04-28 18:15:00,WIX
321.37,321.37,319.55,319.55,4132,2021-04-28 18:20:00,WIX
320.14,320.47,319.78,320.31,1200,2021-04-28 18:25:00,WIX
320.15,320.48,318.93,319.56,4600,2021-04-28 18:30:00,WIX
319.68,321.31,319.68,321.075,2150,2021-04-28 18:35:00,WIX
321.74,322.97,321.71,322.575,2572,2021-04-28 18:40:00,WIX
322.72,322.98,322.03,322.93,3600,2021-04-28 18:45:00,WIX
323.13,323.44,322.2,322.78,3900,2021-04-28 18:50:00,WIX
322.4,323.64,322.36,323.26,3500,2021-04-28 18:55:00,WIX
323.11,323.59,322.38,323.48,4510,2021-04-28 19:00:00,WIX
323.48,323.64,322.53,323.0,2453,2021-04-28 19:05:00,WIX
323.0,323.18,322.0,322.03,3300,2021-04-28 19:10:00,WIX
321.92,322.35,321.12,321.5,4100,2021-04-28 19:15:00,WIX
321.7,322.22,321.38,322.0,4276,2021-04-28 19:20:00,WIX
322.27,323.05,322.24,323.04,5633,2021-04-28 19:25:00,WIX
323.06,323.17,322.57,322.995,9155,2021-04-28 19:30:00,WIX
323.12,323.5,322.64,323.075,10200,2021-04-28 19:35:00,WIX
323.28,324.12,323.08,323.96,10616,2021-04-28 19:40:00,WIX
324.09,324.11,323.18,323.18,11246,2021-04-28 19:45:00,WIX
323.16,324.32,323.16,323.62,22977,2021-04-28 19:50:00,WIX
323.51,324.59,322.9601,324.59,53900,2021-04-28 19:55:00,WIX
324.33,324.33,323.95,323.95,30516,2021-04-28 20:00:00,WIX
323.95,323.95,323.95,323.95,806,2021-04-28 20:30:00,WIX
325.23,325.23,325.23,325.23,150,2021-04-29 12:00:00,WIX
327.52,328.9999,323.145,324.815,6887,2021-04-29 13:30:00,WIX
323.77,323.805,322.89,323.54,2187,2021-04-29 13:35:00,WIX
323.54,326.1,323.535,326.09,8585,2021-04-29 13:40:00,WIX
326.45,328.63,325.3425,328.18,2661,2021-04-29 13:45:00,WIX
328.47,328.47,325.775,326.11,4000,2021-04-29 13:50:00,WIX
323.77,326.1313,323.77,325.91,7052,2021-04-29 13:55:00,WIX
325.48,325.48,323.315,324.02,8691,2021-04-29 14:00:00,WIX
324.15,324.4,323.405,323.975,1946,2021-04-29 14:05:00,WIX
323.97,326.35,323.66,326.145,9290,2021-04-29 14:10:00,WIX
326.18,326.18,324.44,325.24,6630,2021-04-29 14:15:00,WIX
325.07,325.47,324.68,324.93,2699,2021-04-29 14:20:00,WIX
325.04,325.16,324.44,324.86,4442,2021-04-29 14:25:00,WIX
324.66,326.51,323.32,325.7,28019,2021-04-29 14:30:00,WIX
325.245,325.99,322.29,322.835,21267,2021-04-29 14:35:00,WIX
322.8,323.08,322.1,322.54,2681,2021-04-29 14:40:00,WIX
322.1,322.88,321.91,322.1,4848,2021-04-29 14:45:00,WIX
322.1,323.89,321.94,323.89,2200,2021-04-29 14:50:00,WIX
323.63,324.355,323.09,324.196,554,2021-04-29 14:55:00,WIX
324.4,325.22,323.455,324.64,2253,2021-04-29 15:00:00,WIX
324.33,324.873,324.19,324.873,1400,2021-04-29 15:05:00,WIX
324.445,324.445,323.785,324.31,2400,2021-04-29 15:10:00,WIX
324.19,324.6,324.095,324.24,1514,2021-04-29 15:15:00,WIX
324.165,324.49,323.74,323.74,1200,2021-04-29 15:20:00,WIX
323.67,323.67,322.4,322.4,700,2021-04-29 15:25:00,WIX
322.465,322.7,321.64,321.64,3926,2021-04-29 15:30:00,WIX
321.62,321.62,320.445,321.58,4088,2021-04-29 15:35:00,WIX
321.2285,321.415,321.11,321.11,1200,2021-04-29 15:40:00,WIX
321.375,322.07,321.19,322.07,2159,2021-04-29 15:45:00,WIX
322.12,322.5,322.065,322.49,697,2021-04-29 15:50:00,WIX
322.07,322.13,320.87,321.1,3400,2021-04-29 15:55:00,WIX
321.11,321.16,320.16,320.64,2680,2021-04-29 16:00:00,WIX
320.625,320.7,320.12,320.215,5075,2021-04-29 16:05:00,WIX
320.21,320.74,320.21,320.635,1796,2021-04-29 16:10:00,WIX
320.19,320.68,319.87,320.63,2737,2021-04-29 16:15:00,WIX
320.35,320.57,320.12,320.12,1018,2021-04-29 16:20:00,WIX
320.03,320.46,319.87,320.175,3009,2021-04-29 16:25:00,WIX
320.17,320.65,319.72,320.465,2916,2021-04-29 16:30:00,WIX
320.65,320.78,320.465,320.78,803,2021-04-29 16:35:00,WIX
320.585,321.08,320.34,321.08,1803,2021-04-29 16:40:00,WIX
321.205,321.57,320.88,321.57,3100,2021-04-29 16:45:00,WIX
321.34,321.6,321.295,321.5,1600,2021-04-29 16:50:00,WIX
321.41,321.59,321.24,321.395,1700,2021-04-29 16:55:00,WIX
321.395,321.51,320.89,320.89,2380,2021-04-29 17:00:00,WIX
321.19,321.6,320.4,320.4,1800,2021-04-29 17:05:00,WIX
320.01,320.58,319.98,320.435,1300,2021-04-29 17:10:00,WIX
320.21,320.55,319.86,320.03,900,2021-04-29 17:15:00,WIX
319.92,320.02,319.59,320.0,3605,2021-04-29 17:20:00,WIX
319.78,320.275,319.715,320.275,1400,2021-04-29 17:25:00,WIX
320.48,320.54,320.08,320.295,1700,2021-04-29 17:30:00,WIX
320.27,320.945,320.24,320.24,3120,2021-04-29 17:35:00,WIX
320.1,321.13,320.1,321.13,2183,2021-04-29 17:40:00,WIX
321.045,321.045,320.905,320.905,600,2021-04-29 17:45:00,WIX
321.04,321.06,320.86,320.9,2200,2021-04-29 17:50:00,WIX
320.94,321.2,320.7,320.72,1795,2021-04-29 17:55:00,WIX
320.97,321.37,320.7,321.2,2732,2021-04-29 18:00:00,WIX
321.115,321.565,321.115,321.555,600,2021-04-29 18:05:00,WIX
321.5,321.74,321.5,321.74,300,2021-04-29 18:10:00,WIX
322.11,322.37,321.73,322.37,800,2021-04-29 18:15:00,WIX
322.18,322.76,322.18,322.225,700,2021-04-29 18:20:00,WIX
322.22,322.65,322.165,322.52,1000,2021-04-29 18:25:00,WIX
322.48,323.065,322.23,322.55,2291,2021-04-29 18:30:00,WIX
322.405,322.67,322.2,322.2,1800,2021-04-29 18:35:00,WIX
322.585,322.74,322.585,322.635,500,2021-04-29 18:40:00,WIX
322.765,322.825,322.51,322.825,600,2021-04-29 18:45:00,WIX
322.62,322.88,322.35,322.855,800,2021-04-29 18:50:00,WIX
323.15,323.66,323.08,323.66,500,2021-04-29 18:55:00,WIX
323.44,323.8,323.41,323.765,1757,2021-04-29 19:00:00,WIX
323.71,323.82,323.35,323.78,1726,2021-04-29 19:05:00,WIX
323.67,324.53,323.66,324.0,3537,2021-04-29 19:10:00,WIX
323.61,323.61,322.78,322.78,1900,2021-04-29 19:15:00,WIX
322.7,323.095,322.67,322.735,1726,2021-04-29 19:20:00,WIX
322.81,323.335,322.75,323.335,3010,2021-04-29 19:25:00,WIX
323.315,324.07,323.19,324.045,3414,2021-04-29 19:30:00,WIX
323.97,324.12,323.77,323.78,3561,2021-04-29 19:35:00,WIX
323.835,323.96,323.61,323.84,4686,2021-04-29 19:40:00,WIX
323.9,324.39,323.86,324.135,4493,2021-04-29 19:45:00,WIX
324.05,324.47,323.96,324.355,10969,2021-04-29 19:50:00,WIX
324.5,324.64,323.93,324.54,16112,2021-04-29 19:55:00,WIX
324.25,324.25,324.25,324.25,17441,2021-04-29 20:00:00,WIX
317.66,320.14,317.66,320.14,6537,2021-04-30 13:30:00,WIX
320.14,320.17,320.14,320.17,500,2021-04-30 13:35:00,WIX
322.54,322.54,320.45,320.45,972,2021-04-30 13:40:00,WIX
321.7,322.47,320.495,322.15,848,2021-04-30 13:45:00,WIX
322.18,323.33,320.7301,323.33,550,2021-04-30 13:50:00,WIX
322.08,324.0,322.08,324.0,1200,2021-04-30 13:55:00,WIX
324.08,324.9,323.44,323.51,1200,2021-04-30 14:00:00,WIX
322.68,323.61,322.55,322.74,1704,2021-04-30 14:05:00,WIX
323.02,324.87,323.02,324.2818,1830,2021-04-30 14:10:00,WIX
324.46,325.55,324.46,325.55,1540,2021-04-30 14:15:00,WIX
325.32,326.09,324.9,326.06,1220,2021-04-30 14:20:00,WIX
325.12,326.22,325.12,325.45,1700,2021-04-30 14:25:00,WIX
325.795,326.22,324.42,324.935,2676,2021-04-30 14:30:00,WIX
325.08,325.5699,324.44,324.55,2840,2021-04-30 14:35:00,WIX
324.255,324.77,323.98,324.77,2100,2021-04-30 14:40:00,WIX
324.9999,324.9999,324.34,324.58,840,2021-04-30 14:45:00,WIX
323.88,324.89,323.75,324.725,4040,2021-04-30 14:50:00,WIX
324.725,324.78,324.535,324.535,1421,2021-04-30 14:55:00,WIX
324.605,325.31,324.31,325.31,4845,2021-04-30 15:00:00,WIX
325.04,325.13,324.352,324.6,5304,2021-04-30 15:05:00,WIX
324.5,325.31,324.42,324.42,3257,2021-04-30 15:10:00,WIX
324.74,325.035,323.48,323.7475,7325,2021-04-30 15:15:00,WIX
323.3032,323.87,322.745,322.745,1900,2021-04-30 15:20:00,WIX
322.815,323.0,322.59,322.59,1200,2021-04-30 15:25:00,WIX
322.075,323.245,322.075,323.245,1700,2021-04-30 15:30:00,WIX
323.14,323.14,322.135,322.135,700,2021-04-30 15:35:00,WIX
322.285,322.285,321.69,321.85,400,2021-04-30 15:40:00,WIX
321.25,321.26,321.25,321.26,300,2021-04-30 15:45:00,WIX
321.385,322.27,321.36,321.39,3317,2021-04-30 15:50:00,WIX
320.93,320.93,320.93,320.93,104,2021-04-30 15:55:00,WIX
320.89,320.89,320.01,320.33,1710,2021-04-30 16:00:00,WIX
320.64,321.28,320.475,320.9,1533,2021-04-30 16:05:00,WIX
320.6675,320.71,320.65,320.66,400,2021-04-30 16:10:00,WIX
320.73,320.73,320.73,320.73,100,2021-04-30 16:15:00,WIX
321.4,321.56,320.79,321.56,2607,2021-04-30 16:20:00,WIX
321.7,322.47,321.44,321.5,4327,2021-04-30 16:25:00,WIX
321.75,321.75,321.1,321.1,1385,2021-04-30 16:30:00,WIX
320.68,321.13,320.44,321.13,300,2021-04-30 16:35:00,WIX
321.32,321.4,321.18,321.18,400,2021-04-30 16:40:00,WIX
321.31,321.31,320.16,320.16,2725,2021-04-30 16:45:00,WIX
319.69,319.785,318.875,318.875,1500,2021-04-30 16:50:00,WIX
318.69,318.69,318.07,318.36,1670,2021-04-30 16:55:00,WIX
318.42,318.92,318.42,318.84,2000,2021-04-30 17:00:00,WIX
318.74,319.24,318.69,319.24,845,2021-04-30 17:05:00,WIX
319.3,320.3,319.125,320.3,1060,2021-04-30 17:10:00,WIX
320.11,320.29,319.82,320.0425,2300,2021-04-30 17:15:00,WIX
319.98,320.51,319.98,320.275,4200,2021-04-30 17:20:00,WIX
319.94,320.14,319.57,319.57,600,2021-04-30 17:25:00,WIX
319.55,319.91,319.39,319.91,1708,2021-04-30 17:30:00,WIX
319.73,319.97,319.4,319.97,1100,2021-04-30 17:35:00,WIX
319.7,319.96,319.41,319.41,2127,2021-04-30 17:40:00,WIX
318.9,319.3,318.3402,318.3402,515,2021-04-30 17:45:00,WIX
318.68,318.68,318.135,318.135,600,2021-04-30 17:50:00,WIX
317.9,317.9,317.74,317.74,599,2021-04-30 17:55:00,WIX
318.24,318.77,318.04,318.04,400,2021-04-30 18:00:00,WIX
318.285,319.09,318.285,318.76,9300,2021-04-30 18:05:00,WIX
318.63,318.825,318.63,318.78,400,2021-04-30 18:10:00,WIX
318.67,318.67,317.53,317.585,2099,2021-04-30 18:15:00,WIX
317.62,317.82,316.64,316.64,1987,2021-04-30 18:20:00,WIX
316.61,317.12,316.29,316.91,2200,2021-04-30 18:25:00,WIX
316.79,316.79,316.28,316.28,600,2021-04-30 18:30:00,WIX
316.48,316.82,316.25,316.425,2500,2021-04-30 18:35:00,WIX
316.425,317.03,316.42,317.03,1983,2021-04-30 18:40:00,WIX
317.035,317.035,316.33,316.85,2100,2021-04-30 18:45:00,WIX
317.0,317.22,316.62,317.07,1000,2021-04-30 18:50:00,WIX
316.63,317.2266,316.63,317.05,510,2021-04-30 18:55:00,WIX
316.83,317.57,316.5,316.5,1900,2021-04-30 19:00:00,WIX
316.65,316.85,316.5,316.85,1500,2021-04-30 19:05:00,WIX
316.87,316.87,316.48,316.48,1250,2021-04-30 19:10:00,WIX
316.46,317.07,316.46,317.07,1100,2021-04-30 19:15:00,WIX
317.01,317.4,316.85,317.31,1609,2021-04-30 19:20:00,WIX
317.36,317.685,317.23,317.685,4800,2021-04-30 19:25:00,WIX
317.72,318.23,317.64,318.23,1300,2021-04-30 19:30:00,WIX
318.47,318.47,317.96,318.345,3014,2021-04-30 19:35:00,WIX
318.19,318.365,317.73,317.84,1600,2021-04-30 19:40:00,WIX
317.82,319.26,317.73,319.26,8700,2021-04-30 19:45:00,WIX
319.29,319.59,317.51,317.51,6501,2021-04-30 19:50:00,WIX
317.62,317.96,317.01,317.27,18752,2021-04-30 19:55:00,WIX
317.88,317.88,317.88,317.88,25662,2021-04-30 20:00:00,WIX
316.33,319.01,315.02,318.33,8441,2021-05-03 13:30:00,WIX
318.33,319.47,317.41,319.44,7352,2021-05-03 13:35:00,WIX
318.37,319.37,318.04,318.555,3998,2021-05-03 13:40:00,WIX
318.24,319.0,317.81,317.81,13632,2021-05-03 13:45:00,WIX
317.75,318.16,317.32,317.32,800,2021-05-03 13:50:00,WIX
315.42,317.68,315.42,317.68,1000,2021-05-03 13:55:00,WIX
316.5801,319.515,316.5801,319.515,1098,2021-05-03 14:00:00,WIX
319.025,320.94,319.02,320.94,1200,2021-05-03 14:05:00,WIX
320.05,321.98,319.79,321.1,7254,2021-05-03 14:10:00,WIX
322.0,322.7,321.56,321.56,900,2021-05-03 14:15:00,WIX
321.97,322.22,320.25,320.89,2392,2021-05-03 14:20:00,WIX
320.815,320.9,320.47,320.54,900,2021-05-03 14:25:00,WIX
320.785,320.785,319.5,319.5,1200,2021-05-03 14:30:00,WIX
319.55,320.2,316.975,316.975,2700,2021-05-03 14:35:00,WIX
316.21,316.88,315.205,315.205,2175,2021-05-03 14:40:00,WIX
315.0,315.58,314.1,315.06,6021,2021-05-03 14:45:00,WIX
315.08,315.41,313.78,313.79,1425,2021-05-03 14:50:00,WIX
314.737,315.4,314.515,314.515,1059,2021-05-03 14:55:00,WIX
314.34,316.07,314.19,315.32,8655,2021-05-03 15:00:00,WIX
314.96,316.05,314.945,315.415,1574,2021-05-03 15:05:00,WIX
315.43,315.43,313.795,314.2,2109,2021-05-03 15:10:00,WIX
314.04,314.34,313.27,313.8175,1550,2021-05-03 15:15:00,WIX
313.595,314.35,312.81,314.35,1357,2021-05-03 15:20:00,WIX
314.06,316.49,313.17,315.0,19820,2021-05-03 15:25:00,WIX
315.255,317.13,314.8575,316.645,2445,2021-05-03 15:30:00,WIX
316.56,317.97,316.56,317.01,6361,2021-05-03 15:35:00,WIX
317.435,318.24,317.085,317.375,3060,2021-05-03 15:40:00,WIX
317.245,317.38,316.43,316.53,6760,2021-05-03 15:45:00,WIX
316.3,317.15,316.235,316.27,6885,2021-05-03 15:50:00,WIX
316.13,317.77,316.13,316.93,900,2021-05-03 15:55:00,WIX
317.07,317.07,316.28,316.63,984,2021-05-03 16:00:00,WIX
316.53,317.005,316.53,316.99,825,2021-05-03 16:05:00,WIX
316.99,317.78,316.61,317.78,1200,2021-05-03 16:10:00,WIX
317.5101,317.845,317.48,317.57,1000,2021-05-03 16:15:00,WIX
318.0,318.93,317.94,318.25,1180,2021-05-03 16:20:00,WIX
318.83,318.83,317.9,317.9,300,2021-05-03 16:25:00,WIX
317.56,317.94,317.2,317.47,600,2021-05-03 16:30:00,WIX
317.71,317.99,316.88,317.835,7031,2021-05-03 16:35:00,WIX
317.9,317.9,317.295,317.295,500,2021-05-03 16:40:00,WIX
317.43,317.56,317.05,317.05,400,2021-05-03 16:45:00,WIX
317.25,317.82,317.22,317.22,500,2021-05-03 16:50:00,WIX
317.39,317.435,317.19,317.19,500,2021-05-03 16:55:00,WIX
317.28,317.53,317.27,317.27,400,2021-05-03 17:00:00,WIX
317.27,317.84,317.27,317.84,2040,2021-05-03 17:05:00,WIX
317.56,317.88,317.56,317.56,700,2021-05-03 17:10:00,WIX
317.53,319.05,317.53,318.425,1299,2021-05-03 17:15:00,WIX
318.35,318.79,318.32,318.51,1700,2021-05-03 17:20:00,WIX
318.2421,318.31,317.9,318.03,2022,2021-05-03 17:25:00,WIX
317.83,318.475,317.83,318.39,1806,2021-05-03 17:30:00,WIX
318.085,318.325,318.085,318.295,500,2021-05-03 17:35:00,WIX
318.68,318.945,318.68,318.945,300,2021-05-03 17:40:00,WIX
318.805,319.285,318.805,319.285,700,2021-05-03 17:45:00,WIX
319.1,319.17,318.88,318.95,1002,2021-05-03 17:50:00,WIX
319.055,319.38,318.6,319.125,1822,2021-05-03 17:55:00,WIX
319.345,320.22,319.345,319.76,3312,2021-05-03 18:00:00,WIX
319.8,320.64,319.735,320.34,2099,2021-05-03 18:05:00,WIX
319.58,319.885,319.42,319.725,900,2021-05-03 18:10:00,WIX
319.93,320.035,319.6,319.67,1119,2021-05-03 18:15:00,WIX
319.89,319.89,319.08,319.195,949,2021-05-03 18:20:00,WIX
319.27,319.455,318.96,318.96,1546,2021-05-03 18:25:00,WIX
319.32,319.38,319.05,319.38,700,2021-05-03 18:30:00,WIX
319.4,319.52,319.245,319.28,600,2021-05-03 18:35:00,WIX
318.73,319.11,318.73,319.03,1008,2021-05-03 18:40:00,WIX
319.32,319.32,318.41,318.41,500,2021-05-03 18:45:00,WIX
318.52,318.52,317.96,318.05,400,2021-05-03 18:50:00,WIX
318.345,318.355,317.73,317.97,2146,2021-05-03 18:55:00,WIX
317.775,317.775,316.785,316.785,1900,2021-05-03 19:00:00,WIX
316.65,317.11,315.62,315.62,18425,2021-05-03 19:05:00,WIX
315.33,315.39,314.96,315.08,1600,2021-05-03 19:10:00,WIX
315.07,317.4687,315.07,317.4687,2725,2021-05-03 19:15:00,WIX
316.79,316.79,315.82,315.82,2361,2021-05-03 19:20:00,WIX
316.07,316.14,315.63,315.63,3002,2021-05-03 19:25:00,WIX
315.88,316.0975,315.52,315.84,1200,2021-05-03 19:30:00,WIX
315.845,316.16,315.43,315.67,41078,2021-05-03 19:35:00,WIX
315.39,315.76,315.39,315.475,1625,2021-05-03 19:40:00,WIX
315.925,315.94,314.92,315.065,3371,2021-05-03 19:45:00,WIX
314.92,315.28,313.88,314.54,13097,2021-05-03 19:50:00,WIX
314.54,314.59,313.04,313.79,24495,2021-05-03 19:55:00,WIX
313.64,313.64,313.64,313.64,55854,2021-05-03 20:00:00,WIX
313.64,313.64,313.64,313.64,5954,2021-05-03 20:55:00,WIX
310.01,310.86,304.62,306.93,7206,2021-05-04 13:30:00,WIX
305.78,306.93,303.39,303.755,8654,2021-05-04 13:35:00,WIX
303.79,305.16,303.39,304.66,2868,2021-05-04 13:40:00,WIX
304.605,304.75,303.34,303.87,2715,2021-05-04 13:45:00,WIX
304.779,304.779,302.21,303.8799,1725,2021-05-04 13:50:00,WIX
303.02,303.26,300.06,300.06,3200,2021-05-04 13:55:00,WIX
300.71,300.99,299.05,299.06,13926,2021-05-04 14:00:00,WIX
298.98,299.81,297.45,297.94,7122,2021-05-04 14:05:00,WIX
297.96,298.18,295.15,295.17,5800,2021-05-04 14:10:00,WIX
295.175,298.0,295.08,298.0,3144,2021-05-04 14:15:00,WIX
298.16,298.54,297.03,297.98,9956,2021-05-04 14:20:00,WIX
297.99,299.41,297.98,298.825,4199,2021-05-04 14:25:00,WIX
298.655,298.655,296.92,298.0,9818,2021-05-04 14:30:00,WIX
297.9,298.35,297.44,298.2,6093,2021-05-04 14:35:00,WIX
298.54,299.37,298.4,298.4,7718,2021-05-04 14:40:00,WIX
298.52,299.25,297.17,297.345,10080,2021-05-04 14:45:00,WIX
296.86,296.94,295.83,296.03,1900,2021-05-04 14:50:00,WIX
296.04,296.04,294.51,294.91,6046,2021-05-04 14:55:00,WIX
294.91,295.44,294.0,295.44,6526,2021-05-04 15:00:00,WIX
295.08,295.18,294.43,294.72,3031,2021-05-04 15:05:00,WIX
294.39,294.7,293.88,294.006,3748,2021-05-04 15:10:00,WIX
293.91,293.91,292.64,292.72,5763,2021-05-04 15:15:00,WIX
292.35,294.03,292.35,293.02,2505,2021-05-04 15:20:00,WIX
292.825,293.51,292.58,293.115,6448,2021-05-04 15:25:00,WIX
292.94,293.72,292.77,292.95,3621,2021-05-04 15:30:00,WIX
292.64,293.1097,291.58,291.58,4611,2021-05-04 15:35:00,WIX
291.4,291.73,289.05,289.7228,14923,2021-05-04 15:40:00,WIX
289.17,289.76,288.04,288.57,8866,2021-05-04 15:45:00,WIX
288.735,289.75,288.37,289.205,4122,2021-05-04 15:50:00,WIX
289.07,290.0,289.07,289.37,5533,2021-05-04 15:55:00,WIX
289.5,291.0,289.32,289.64,7382,2021-05-04 16:00:00,WIX
289.51,291.0,289.51,290.95,5105,2021-05-04 16:05:00,WIX
290.95,292.52,290.79,292.185,5501,2021-05-04 16:10:00,WIX
292.49,292.49,290.9,291.48,6209,2021-05-04 16:15:00,WIX
291.28,291.48,290.49,291.25,9212,2021-05-04 16:20:00,WIX
291.25,291.4456,290.01,290.24,8797,2021-05-04 16:25:00,WIX
290.21,290.52,289.7,289.72,4980,2021-05-04 16:30:00,WIX
289.92,290.76,289.92,290.28,3250,2021-05-04 16:35:00,WIX
290.505,290.505,288.8,288.8,8600,2021-05-04 16:40:00,WIX
288.975,289.15,288.2,288.89,2745,2021-05-04 16:45:00,WIX
289.15,290.45,289.15,290.45,1810,2021-05-04 16:50:00,WIX
290.34,291.74,290.14,290.78,5265,2021-05-04 16:55:00,WIX
291.11,292.99,291.1,292.71,3184,2021-05-04 17:00:00,WIX
292.99,293.545,292.52,292.86,6132,2021-05-04 17:05:00,WIX
292.47,293.04,291.62,292.61,13056,2021-05-04 17:10:00,WIX
292.48,293.12,292.2,292.2,3303,2021-05-04 17:15:00,WIX
292.4,293.29,292.4,293.27,8208,2021-05-04 17:20:00,WIX
293.29,293.5,292.7,292.7,3217,2021-05-04 17:25:00,WIX
292.7,293.13,292.52,292.76,4337,2021-05-04 17:30:00,WIX
292.98,292.98,291.83,292.13,2300,2021-05-04 17:35:00,WIX
292.19,292.25,290.51,290.71,3600,2021-05-04 17:40:00,WIX
290.685,291.34,290.28,291.34,3228,2021-05-04 17:45:00,WIX
291.16,291.22,290.96,291.055,4180,2021-05-04 17:50:00,WIX
290.86,291.16,290.29,290.29,4400,2021-05-04 17:55:00,WIX
290.0,290.71,289.92,290.71,8125,2021-05-04 18:00:00,WIX
290.79,290.86,289.96,289.96,2000,2021-05-04 18:05:00,WIX
290.06,290.87,289.35,290.815,3957,2021-05-04 18:10:00,WIX
290.62,290.945,290.14,290.585,1876,2021-05-04 18:15:00,WIX
290.25,290.95,290.22,290.82,3215,2021-05-04 18:20:00,WIX
290.91,290.98,289.44,289.655,3088,2021-05-04 18:25:00,WIX
289.655,289.76,289.38,289.61,2800,2021-05-04 18:30:00,WIX
289.46,290.06,289.09,290.06,4364,2021-05-04 18:35:00,WIX
289.77,289.77,289.15,289.61,3486,2021-05-04 18:40:00,WIX
289.62,289.73,289.06,289.21,2800,2021-05-04 18:45:00,WIX
289.365,290.25,289.365,289.95,5229,2021-05-04 18:50:00,WIX
289.96,290.14,289.41,289.685,4316,2021-05-04 18:55:00,WIX
289.5,290.12,289.35,289.96,6248,2021-05-04 19:00:00,WIX
289.88,290.0199,289.205,289.205,6988,2021-05-04 19:05:00,WIX
289.195,289.195,288.6,288.73,3547,2021-05-04 19:10:00,WIX
288.78,289.665,288.72,289.55,4000,2021-05-04 19:15:00,WIX
289.685,289.84,289.42,289.42,5947,2021-05-04 19:20:00,WIX
289.43,289.63,288.765,289.205,8575,2021-05-04 19:25:00,WIX
289.205,290.28,289.0,289.82,13530,2021-05-04 19:30:00,WIX
289.82,290.11,289.43,289.74,16050,2021-05-04 19:35:00,WIX
289.86,290.69,289.815,290.44,14020,2021-05-04 19:40:00,WIX
290.445,290.4781,288.99,289.205,18545,2021-05-04 19:45:00,WIX
289.34,289.35,288.2,288.43,46440,2021-05-04 19:50:00,WIX
288.32,290.0,287.22,289.44,55148,2021-05-04 19:55:00,WIX
289.45,289.45,289.45,289.45,68319,2021-05-04 20:00:00,WIX
289.45,289.45,289.45,289.45,34428,2021-05-04 21:10:00,WIX
294.23,294.23,294.23,294.23,119,2021-05-04 21:40:00,WIX
291.0,291.0,291.0,291.0,300,2021-05-04 21:50:00,WIX
289.55,289.55,289.55,289.55,200,2021-05-04 22:00:00,WIX
292.4,294.96,292.16,293.82,7824,2021-05-05 13:30:00,WIX
296.125,296.125,292.85,293.06,1200,2021-05-05 13:35:00,WIX
293.57,295.635,293.57,295.3205,2435,2021-05-05 13:40:00,WIX
295.64,295.98,294.72,295.43,2370,2021-05-05 13:45:00,WIX
294.705,295.7758,294.2,295.7758,1500,2021-05-05 13:50:00,WIX
294.995,295.94,294.235,294.24,2490,2021-05-05 13:55:00,WIX
294.245,294.95,291.7,291.7,2726,2021-05-05 14:00:00,WIX
291.0,291.7,290.68,290.68,1000,2021-05-05 14:05:00,WIX
290.46,291.26,290.46,290.48,700,2021-05-05 14:10:00,WIX
290.86,292.63,290.4402,292.25,3200,2021-05-05 14:15:00,WIX
292.82,292.82,291.57,292.34,1900,2021-05-05 14:20:00,WIX
292.6,294.72,292.44,294.72,1200,2021-05-05 14:25:00,WIX
294.125,294.125,294.125,294.125,100,2021-05-05 14:30:00,WIX
294.375,294.375,292.15,292.66,1926,2021-05-05 14:35:00,WIX
292.66,295.0,292.66,294.985,1118,2021-05-05 14:40:00,WIX
294.98,295.24,294.98,295.24,658,2021-05-05 14:45:00,WIX
295.5,296.33,295.5,295.96,830,2021-05-05 14:50:00,WIX
296.24,297.0,295.79,297.0,2490,2021-05-05 14:55:00,WIX
295.97,297.9827,295.97,297.9827,1498,2021-05-05 15:00:00,WIX
297.98,297.98,296.38,296.75,1700,2021-05-05 15:05:00,WIX
296.56,296.56,296.295,296.545,1208,2021-05-05 15:15:00,WIX
296.1,296.1,296.04,296.06,601,2021-05-05 15:20:00,WIX
295.34,295.55,295.11,295.55,1048,2021-05-05 15:25:00,WIX
296.45,297.26,296.45,297.26,400,2021-05-05 15:30:00,WIX
297.32,297.86,297.08,297.25,1397,2021-05-05 15:35:00,WIX
297.11,297.74,297.05,297.72,2561,2021-05-05 15:40:00,WIX
297.1,297.22,296.38,296.38,2200,2021-05-05 15:45:00,WIX
296.4699,296.75,296.24,296.75,1200,2021-05-05 15:50:00,WIX
296.86,296.86,296.45,296.62,2795,2021-05-05 15:55:00,WIX
296.25,296.395,296.0,296.375,1700,2021-05-05 16:00:00,WIX
295.96,296.36,295.18,295.18,1500,2021-05-05 16:05:00,WIX
295.01,295.01,294.12,294.14,1555,2021-05-05 16:10:00,WIX
294.04,294.35,293.605,294.335,1300,2021-05-05 16:15:00,WIX
294.545,294.545,294.18,294.38,1001,2021-05-05 16:20:00,WIX
294.38,294.4175,294.18,294.2,1465,2021-05-05 16:25:00,WIX
294.295,294.65,293.54,293.54,3500,2021-05-05 16:30:00,WIX
293.45,294.115,293.415,293.415,2100,2021-05-05 16:35:00,WIX
293.24,293.245,292.89,293.21,700,2021-05-05 16:40:00,WIX
293.345,293.64,293.335,293.335,300,2021-05-05 16:45:00,WIX
293.39,293.725,292.57,292.57,2324,2021-05-05 16:50:00,WIX
293.015,293.0799,291.12,291.435,2046,2021-05-05 16:55:00,WIX
290.7501,291.01,290.07,290.87,3566,2021-05-05 17:00:00,WIX
291.46,291.46,290.645,291.32,900,2021-05-05 17:05:00,WIX
291.235,291.235,291.175,291.175,200,2021-05-05 17:10:00,WIX
290.85,290.915,290.59,290.73,2000,2021-05-05 17:15:00,WIX
290.33,290.89,290.33,290.73,4200,2021-05-05 17:20:00,WIX
291.05,291.5,291.015,291.4,800,2021-05-05 17:25:00,WIX
291.665,291.665,291.055,291.055,1100,2021-05-05 17:30:00,WIX
291.055,291.53,291.055,291.53,1710,2021-05-05 17:35:00,WIX
291.625,292.06,291.62,291.73,1100,2021-05-05 17:40:00,WIX
291.74,292.185,291.61,292.185,800,2021-05-05 17:45:00,WIX
292.06,292.31,292.04,292.265,500,2021-05-05 17:50:00,WIX
292.235,292.235,290.68,290.68,1520,2021-05-05 17:55:00,WIX
290.42,290.73,290.05,290.3,1780,2021-05-05 18:00:00,WIX
290.05,290.29,289.235,289.355,900,2021-05-05 18:05:00,WIX
289.475,290.355,289.475,289.76,1000,2021-05-05 18:10:00,WIX
289.66,289.66,289.17,289.17,400,2021-05-05 18:15:00,WIX
289.56,289.67,289.38,289.63,800,2021-05-05 18:20:00,WIX
289.495,289.76,289.21,289.505,1028,2021-05-05 18:25:00,WIX
289.5068,289.65,289.09,289.41,1290,2021-05-05 18:30:00,WIX
289.3,289.3,289.05,289.27,347,2021-05-05 18:35:00,WIX
289.4,289.4,289.06,289.06,800,2021-05-05 18:40:00,WIX
289.22,289.22,288.805,289.06,1400,2021-05-05 18:45:00,WIX
288.62,288.99,288.62,288.94,1100,2021-05-05 18:50:00,WIX
288.845,288.845,286.71,287.29,5720,2021-05-05 18:55:00,WIX
287.21,287.54,286.805,286.805,800,2021-05-05 19:00:00,WIX
286.7192,287.485,286.64,286.87,2100,2021-05-05 19:05:00,WIX
286.4,286.405,285.55,285.77,3416,2021-05-05 19:10:00,WIX
286.18,286.18,285.27,285.59,2000,2021-05-05 19:15:00,WIX
285.8856,286.34,285.325,285.59,1810,2021-05-05 19:20:00,WIX
285.71,286.07,285.31,285.83,1050,2021-05-05 19:25:00,WIX
285.6,286.65,285.33,286.41,4750,2021-05-05 19:30:00,WIX
286.13,288.08,286.13,288.08,2148,2021-05-05 19:35:00,WIX
287.89,287.89,286.675,287.0,3925,2021-05-05 19:40:00,WIX
286.86,286.885,286.45,286.69,4000,2021-05-05 19:45:00,WIX
286.43,287.07,285.96,286.61,5908,2021-05-05 19:50:00,WIX
286.695,287.19,286.2,286.705,12060,2021-05-05 19:55:00,WIX
286.9,286.9,286.9,286.9,24417,2021-05-05 20:00:00,WIX
286.9,286.9,286.9,286.9,568,2021-05-05 20:35:00,WIX
284.34,284.34,276.89,278.205,9257,2021-05-06 13:30:00,WIX
278.44,280.235,275.72,280.235,5361,2021-05-06 13:35:00,WIX
279.73,279.73,276.61,276.61,1200,2021-05-06 13:40:00,WIX
276.9,277.87,276.72,277.87,8300,2021-05-06 13:45:00,WIX
277.37,279.58,277.04,277.04,2000,2021-05-06 13:50:00,WIX
277.0,277.4,276.035,276.5,4367,2021-05-06 13:55:00,WIX
276.285,277.79,275.9,277.79,13832,2021-05-06 14:00:00,WIX
277.8,278.48,276.06,277.305,34185,2021-05-06 14:05:00,WIX
277.305,278.125,276.675,277.99,16858,2021-05-06 14:10:00,WIX
277.61,278.2,277.43,278.04,9696,2021-05-06 14:15:00,WIX
277.86,278.15,277.49,278.15,5272,2021-05-06 14:20:00,WIX
278.05,278.5338,277.62,277.77,3664,2021-05-06 14:25:00,WIX
277.85,278.675,277.85,278.675,5427,2021-05-06 14:30:00,WIX
278.96,280.34,278.96,280.34,1744,2021-05-06 14:35:00,WIX
280.405,280.84,279.5347,279.5347,4458,2021-05-06 14:40:00,WIX
279.65,280.03,279.48,279.48,2750,2021-05-06 14:45:00,WIX
279.41,280.3797,279.41,280.3797,1459,2021-05-06 14:50:00,WIX
280.18,280.18,279.25,279.8,3000,2021-05-06 14:55:00,WIX
280.37,280.37,278.9205,278.9205,2497,2021-05-06 15:00:00,WIX
279.49,279.49,278.13,279.07,8187,2021-05-06 15:05:00,WIX
279.275,279.76,278.81,279.0,4080,2021-05-06 15:10:00,WIX
279.35,280.31,279.07,280.03,17804,2021-05-06 15:15:00,WIX
280.1,280.68,279.76,280.65,3006,2021-05-06 15:20:00,WIX
280.12,280.34,279.965,280.1,1900,2021-05-06 15:25:00,WIX
280.1,280.81,279.66,280.595,3445,2021-05-06 15:30:00,WIX
280.81,280.97,280.65,280.81,500,2021-05-06 15:35:00,WIX
281.0,282.325,281.0,282.325,2226,2021-05-06 15:40:00,WIX
282.39,282.58,281.0,282.58,3027,2021-05-06 15:45:00,WIX
282.84,283.01,282.11,282.22,6402,2021-05-06 15:50:00,WIX
282.35,282.585,282.09,282.17,3424,2021-05-06 15:55:00,WIX
281.83,281.83,280.56,280.585,2852,2021-05-06 16:00:00,WIX
280.75,281.44,280.0,280.85,4924,2021-05-06 16:05:00,WIX
281.195,281.37,280.97,281.31,8836,2021-05-06 16:10:00,WIX
281.34,282.6325,281.34,282.375,9636,2021-05-06 16:15:00,WIX
282.155,282.25,281.68,282.18,2884,2021-05-06 16:20:00,WIX
282.26,283.47,282.26,282.54,2650,2021-05-06 16:25:00,WIX
282.74,282.97,282.4,282.8,4729,2021-05-06 16:30:00,WIX
282.805,282.93,281.86,282.425,2513,2021-05-06 16:35:00,WIX
282.42,282.42,281.76,281.92,3279,2021-05-06 16:40:00,WIX
281.63,282.35,281.61,282.105,5797,2021-05-06 16:45:00,WIX
282.36,282.95,282.22,282.35,700,2021-05-06 16:50:00,WIX
282.54,282.55,282.265,282.335,1303,2021-05-06 16:55:00,WIX
282.45,282.485,282.08,282.315,1340,2021-05-06 17:00:00,WIX
282.34,282.35,281.535,282.045,3704,2021-05-06 17:05:00,WIX
281.9,282.08,281.74,281.74,4048,2021-05-06 17:10:00,WIX
281.75,282.025,281.715,281.795,6212,2021-05-06 17:15:00,WIX
281.83,282.27,281.655,281.975,8405,2021-05-06 17:20:00,WIX
282.32,282.48,282.1327,282.37,1500,2021-05-06 17:25:00,WIX
282.25,282.25,282.0,282.1,2300,2021-05-06 17:30:00,WIX
282.2758,282.2758,281.425,281.425,5688,2021-05-06 17:35:00,WIX
281.56,281.74,280.7,281.16,17530,2021-05-06 17:40:00,WIX
280.88,281.005,280.34,280.72,5700,2021-05-06 17:45:00,WIX
280.54,281.0,280.14,280.45,15905,2021-05-06 17:50:00,WIX
280.42,280.61,280.02,280.13,13657,2021-05-06 17:55:00,WIX
280.1,280.51,280.01,280.4,2200,2021-05-06 18:00:00,WIX
280.51,281.435,280.51,281.27,2047,2021-05-06 18:05:00,WIX
281.0,281.08,279.98,280.76,1000,2021-05-06 18:10:00,WIX
280.085,280.305,279.62,279.74,1406,2021-05-06 18:15:00,WIX
279.53,279.54,279.03,279.23,1022,2021-05-06 18:20:00,WIX
279.23,279.38,278.18,278.35,1400,2021-05-06 18:25:00,WIX
278.29,279.57,278.29,279.015,18441,2021-05-06 18:30:00,WIX
278.72,278.85,278.52,278.52,700,2021-05-06 18:35:00,WIX
278.63,279.1525,278.63,279.135,5100,2021-05-06 18:40:00,WIX
279.37,279.44,279.325,279.325,1000,2021-05-06 18:45:00,WIX
278.86,279.62,278.86,279.28,1800,2021-05-06 18:50:00,WIX
279.15,279.195,278.75,278.835,4311,2021-05-06 18:55:00,WIX
278.71,278.95,278.34,278.57,3905,2021-05-06 19:00:00,WIX
278.72,279.01,278.31,278.88,4460,2021-05-06 19:05:00,WIX
278.92,280.81,278.92,280.81,1700,2021-05-06 19:10:00,WIX
280.35,280.405,280.05,280.115,1391,2021-05-06 19:15:00,WIX
279.92,279.92,279.27,279.72,2656,2021-05-06 19:20:00,WIX
279.58,280.68,279.36,280.57,3544,2021-05-06 19:25:00,WIX
280.51,280.81,280.15,280.205,2515,2021-05-06 19:30:00,WIX
280.185,280.54,279.38,279.5,13440,2021-05-06 19:35:00,WIX
279.71,279.71,278.39,278.39,41865,2021-05-06 19:40:00,WIX
278.56,279.84,278.38,279.72,37043,2021-05-06 19:45:00,WIX
279.715,280.925,278.35,278.975,21996,2021-05-06 19:50:00,WIX
279.01,279.01,276.7,278.85,65448,2021-05-06 19:55:00,WIX
278.0,278.0,278.0,278.0,67142,2021-05-06 20:00:00,WIX
283.72,284.35,278.28,283.0,8180,2021-05-07 13:30:00,WIX
284.9677,288.84,284.9677,287.46,1781,2021-05-07 13:35:00,WIX
287.0,287.86,286.46,286.46,800,2021-05-07 13:40:00,WIX
285.87,288.51,285.87,288.51,3740,2021-05-07 13:45:00,WIX
288.36,290.3,288.36,289.06,7640,2021-05-07 13:50:00,WIX
288.74,290.03,287.71,288.94,10749,2021-05-07 13:55:00,WIX
288.98,290.37,288.64,290.37,2300,2021-05-07 14:00:00,WIX
290.47,291.95,290.31,291.37,2438,2021-05-07 14:05:00,WIX
291.26,291.94,291.19,291.83,1000,2021-05-07 14:10:00,WIX
290.8557,292.465,290.69,292.0,3381,2021-05-07 14:15:00,WIX
291.87,292.78,291.78,291.89,1970,2021-05-07 14:20:00,WIX
292.09,292.76,290.81,290.86,15669,2021-05-07 14:25:00,WIX
290.91,292.0078,290.25,292.0078,5108,2021-05-07 14:30:00,WIX
292.02,292.21,291.57,291.7352,1816,2021-05-07 14:35:00,WIX
291.95,293.5,291.75,293.5,3603,2021-05-07 14:40:00,WIX
293.305,293.305,292.15,292.18,2191,2021-05-07 14:45:00,WIX
292.47,292.5,291.285,291.285,1100,2021-05-07 14:50:00,WIX
291.4,291.95,291.34,291.8,2940,2021-05-07 14:55:00,WIX
291.95,292.125,291.18,291.18,1301,2021-05-07 15:00:00,WIX
291.88,292.06,291.6175,291.6175,900,2021-05-07 15:05:00,WIX
291.63,292.01,291.425,292.01,2700,2021-05-07 15:10:00,WIX
292.18,292.325,292.13,292.14,600,2021-05-07 15:15:00,WIX
292.24,292.48,292.0,292.0,2200,2021-05-07 15:20:00,WIX
292.11,292.11,291.36,291.36,7800,2021-05-07 15:25:00,WIX
290.97,291.91,290.92,291.91,4200,2021-05-07 15:30:00,WIX
291.56,291.755,291.56,291.755,400,2021-05-07 15:35:00,WIX
291.7,291.94,291.4893,291.92,2143,2021-05-07 15:40:00,WIX
292.13,292.28,291.48,291.83,3450,2021-05-07 15:45:00,WIX
291.78,291.99,291.515,291.925,2300,2021-05-07 15:50:00,WIX
291.79,291.98,291.4538,291.845,1442,2021-05-07 15:55:00,WIX
291.675,291.675,290.75,291.655,5072,2021-05-07 16:00:00,WIX
291.52,293.13,291.43,293.13,2900,2021-05-07 16:05:00,WIX
292.95,293.09,292.245,292.405,3523,2021-05-07 16:10:00,WIX
292.56,292.56,292.28,292.28,1300,2021-05-07 16:15:00,WIX
292.64,292.74,292.325,292.74,780,2021-05-07 16:20:00,WIX
292.36,292.37,292.0,292.37,600,2021-05-07 16:25:00,WIX
291.97,292.49,291.69,292.07,1400,2021-05-07 16:30:00,WIX
291.69,291.77,291.295,291.62,5609,2021-05-07 16:35:00,WIX
291.77,291.96,291.53,291.96,3040,2021-05-07 16:40:00,WIX
292.0,292.0,291.58,291.7,3600,2021-05-07 16:45:00,WIX
291.845,291.845,291.3376,291.46,300,2021-05-07 16:50:00,WIX
291.67,292.09,291.67,292.01,2631,2021-05-07 16:55:00,WIX
291.88,291.88,291.45,291.45,1500,2021-05-07 17:00:00,WIX
291.17,291.42,290.61,290.75,1700,2021-05-07 17:05:00,WIX
290.99,290.99,290.175,290.175,1500,2021-05-07 17:10:00,WIX
290.315,290.315,289.065,289.45,5832,2021-05-07 17:15:00,WIX
289.84,289.94,289.24,289.495,8807,2021-05-07 17:20:00,WIX
289.28,289.76,289.27,289.59,7680,2021-05-07 17:25:00,WIX
289.65,289.98,289.49,289.94,9026,2021-05-07 17:30:00,WIX
289.68,289.95,289.5,289.7,5216,2021-05-07 17:35:00,WIX
289.48,290.0,289.4,290.0,2980,2021-05-07 17:40:00,WIX
289.85,289.875,289.73,289.73,400,2021-05-07 17:45:00,WIX
289.66,290.0,289.46,289.58,5651,2021-05-07 17:50:00,WIX
289.43,289.75,289.31,289.63,12346,2021-05-07 17:55:00,WIX
289.5,289.79,289.3401,289.38,10981,2021-05-07 18:00:00,WIX
289.575,289.91,289.42,289.765,2550,2021-05-07 18:05:00,WIX
289.68,289.87,289.43,289.51,1902,2021-05-07 18:10:00,WIX
289.51,289.89,289.48,289.81,3350,2021-05-07 18:15:00,WIX
289.65,289.99,289.48,289.94,4299,2021-05-07 18:20:00,WIX
289.99,290.74,289.86,290.36,3072,2021-05-07 18:25:00,WIX
290.22,290.22,289.745,289.745,1217,2021-05-07 18:30:00,WIX
289.6,289.6,289.185,289.185,1300,2021-05-07 18:35:00,WIX
289.38,289.62,289.055,289.59,8600,2021-05-07 18:40:00,WIX
289.7,290.18,289.595,289.87,3139,2021-05-07 18:45:00,WIX
290.51,290.72,289.76,290.0,1870,2021-05-07 18:50:00,WIX
290.11,290.49,290.11,290.49,1400,2021-05-07 18:55:00,WIX
290.24,290.74,290.09,290.15,1300,2021-05-07 19:00:00,WIX
290.32,290.33,289.75,290.0,4267,2021-05-07 19:05:00,WIX
289.99,290.34,289.78,290.12,2900,2021-05-07 19:10:00,WIX
290.28,290.28,289.56,289.81,1300,2021-05-07 19:15:00,WIX
289.81,290.06,289.57,289.74,4100,2021-05-07 19:20:00,WIX
289.8,289.85,289.17,289.675,6250,2021-05-07 19:25:00,WIX
289.74,290.04,289.53,289.7694,4350,2021-05-07 19:30:00,WIX
289.74,289.89,289.63,289.725,5400,2021-05-07 19:35:00,WIX
289.74,289.93,289.65,289.78,6680,2021-05-07 19:40:00,WIX
289.895,290.05,289.57,289.775,7829,2021-05-07 19:45:00,WIX
289.79,289.88,289.03,289.42,23676,2021-05-07 19:50:00,WIX
289.365,289.45,287.845,287.86,46298,2021-05-07 19:55:00,WIX
288.79,288.79,288.79,288.79,22403,2021-05-07 20:00:00,WIX
284.53,285.99,280.0,280.74,8258,2021-05-10 13:30:00,WIX
280.13,282.405,276.96,276.96,9387,2021-05-10 13:35:00,WIX
276.32,277.17,274.18,277.16,7614,2021-05-10 13:40:00,WIX
278.62,278.9199,276.59,277.7055,2183,2021-05-10 13:45:00,WIX
278.6352,278.6352,276.0998,276.515,2500,2021-05-10 13:50:00,WIX
276.51,280.08,276.51,279.87,21911,2021-05-10 13:55:00,WIX
279.78,280.65,278.815,279.995,34485,2021-05-10 14:00:00,WIX
280.105,280.72,279.35,279.825,13959,2021-05-10 14:05:00,WIX
279.84,280.86,279.69,280.43,4748,2021-05-10 14:10:00,WIX
280.35,281.23,279.61,281.23,6302,2021-05-10 14:15:00,WIX
281.255,281.255,279.62,279.63,4200,2021-05-10 14:20:00,WIX
279.09,279.13,278.02,278.655,5416,2021-05-10 14:25:00,WIX
278.79,278.83,277.43,277.43,5993,2021-05-10 14:30:00,WIX
276.945,277.59,276.78,277.57,2500,2021-05-10 14:35:00,WIX
277.81,277.81,275.71,276.91,4208,2021-05-10 14:40:00,WIX
276.36,277.1,275.0,275.13,2293,2021-05-10 14:45:00,WIX
275.305,276.495,275.305,275.77,2000,2021-05-10 14:50:00,WIX
275.9502,276.255,275.72,275.975,1250,2021-05-10 14:55:00,WIX
275.98,276.34,275.465,276.06,2800,2021-05-10 15:00:00,WIX
275.89,276.32,275.3,275.3,1900,2021-05-10 15:05:00,WIX
275.33,275.33,274.4,274.4,1500,2021-05-10 15:10:00,WIX
274.415,274.415,273.18,273.74,1700,2021-05-10 15:15:00,WIX
273.94,275.04,273.94,275.04,1500,2021-05-10 15:20:00,WIX
274.6515,274.86,274.1,274.1,3103,2021-05-10 15:25:00,WIX
274.58,274.8675,274.26,274.74,2950,2021-05-10 15:30:00,WIX
274.89,275.08,274.53,274.53,1300,2021-05-10 15:35:00,WIX
274.55,274.56,274.45,274.56,612,2021-05-10 15:40:00,WIX
275.42,276.0,275.31,275.87,1000,2021-05-10 15:45:00,WIX
276.02,277.12,275.22,277.0514,3300,2021-05-10 15:50:00,WIX
276.69,277.38,276.66,277.1787,2075,2021-05-10 15:55:00,WIX
276.76,277.67,276.675,277.51,1500,2021-05-10 16:00:00,WIX
278.2,278.2,278.1099,278.1099,225,2021-05-10 16:05:00,WIX
277.945,279.28,277.945,279.28,3675,2021-05-10 16:10:00,WIX
279.15,279.74,279.0,279.74,2012,2021-05-10 16:15:00,WIX
279.89,279.89,279.27,279.46,1200,2021-05-10 16:20:00,WIX
279.65,279.65,278.47,278.635,2400,2021-05-10 16:25:00,WIX
278.63,278.63,278.2,278.4,700,2021-05-10 16:30:00,WIX
278.46,278.65,278.33,278.65,900,2021-05-10 16:35:00,WIX
278.87,278.87,278.12,278.22,1800,2021-05-10 16:40:00,WIX
278.82,279.35,278.82,279.09,950,2021-05-10 16:45:00,WIX
279.11,279.56,278.74,278.74,700,2021-05-10 16:50:00,WIX
278.71,278.81,278.38,278.58,1000,2021-05-10 16:55:00,WIX
278.55,279.04,278.18,279.04,1700,2021-05-10 17:00:00,WIX
278.99,279.35,278.82,278.82,800,2021-05-10 17:05:00,WIX
278.89,279.295,278.86,279.295,600,2021-05-10 17:10:00,WIX
279.59,280.11,279.59,279.775,2220,2021-05-10 17:15:00,WIX
280.01,280.23,279.74,280.02,1400,2021-05-10 17:20:00,WIX
280.03,280.18,279.57,279.57,1000,2021-05-10 17:25:00,WIX
279.37,279.54,279.34,279.54,400,2021-05-10 17:30:00,WIX
279.2,279.2,278.76,278.76,1472,2021-05-10 17:35:00,WIX
278.93,278.93,278.51,278.51,900,2021-05-10 17:40:00,WIX
278.11,278.52,277.8,278.19,2000,2021-05-10 17:45:00,WIX
277.94,278.46,277.93,277.93,3608,2021-05-10 17:50:00,WIX
277.93,277.93,277.4801,277.74,1701,2021-05-10 17:55:00,WIX
278.8,278.8,277.49,277.8,3200,2021-05-10 18:00:00,WIX
277.9,278.025,277.535,277.86,1600,2021-05-10 18:05:00,WIX
277.655,277.82,277.29,277.6825,2825,2021-05-10 18:10:00,WIX
277.55,277.55,276.51,277.065,1300,2021-05-10 18:15:00,WIX
276.55,276.86,276.55,276.64,4400,2021-05-10 18:20:00,WIX
276.51,277.05,276.43,276.51,1800,2021-05-10 18:25:00,WIX
276.24,276.84,276.17,276.84,1323,2021-05-10 18:30:00,WIX
276.97,277.955,276.93,277.955,1500,2021-05-10 18:35:00,WIX
277.63,277.89,276.89,276.93,800,2021-05-10 18:40:00,WIX
276.6,276.855,276.26,276.605,4000,2021-05-10 18:45:00,WIX
276.705,277.12,276.64,277.08,3490,2021-05-10 18:50:00,WIX
277.225,277.87,276.74,277.71,4986,2021-05-10 18:55:00,WIX
277.94,278.79,277.94,278.67,1700,2021-05-10 19:00:00,WIX
278.73,278.73,278.19,278.61,1680,2021-05-10 19:05:00,WIX
278.4,278.94,278.28,278.525,4336,2021-05-10 19:10:00,WIX
278.94,279.17,278.455,278.455,2350,2021-05-10 19:15:00,WIX
278.56,278.67,278.14,278.31,5500,2021-05-10 19:20:00,WIX
278.51,278.79,278.5,278.65,1000,2021-05-10 19:25:00,WIX
278.7,279.03,278.44,278.99,5117,2021-05-10 19:30:00,WIX
278.97,279.58,278.46,279.18,7059,2021-05-10 19:35:00,WIX
279.165,279.48,279.12,279.45,4300,2021-05-10 19:40:00,WIX
279.52,279.58,278.775,279.15,9366,2021-05-10 19:45:00,WIX
279.25,281.59,279.25,281.0,18156,2021-05-10 19:50:00,WIX
281.0,281.76,280.81,281.47,32569,2021-05-10 19:55:00,WIX
281.59,281.59,281.45,281.45,29263,2021-05-10 20:00:00,WIX
280.0,280.0,280.0,280.0,100,2021-05-10 20:10:00,WIX
270.72,270.74,270.72,270.74,200,2021-05-11 12:45:00,WIX
270.73,270.73,270.73,270.73,100,2021-05-11 13:10:00,WIX
270.72,271.01,267.56,270.0,19374,2021-05-11 13:30:00,WIX
269.58,274.44,269.58,273.46,11922,2021-05-11 13:35:00,WIX
273.35,278.09,273.35,278.09,7219,2021-05-11 13:40:00,WIX
277.49,278.98,276.66,278.29,5465,2021-05-11 13:45:00,WIX
278.51,282.75,278.51,281.59,9588,2021-05-11 13:50:00,WIX
280.945,283.81,280.945,283.02,6345,2021-05-11 13:55:00,WIX
282.59,282.59,279.99,280.11,6960,2021-05-11 14:00:00,WIX
279.52,279.69,278.18,279.02,3700,2021-05-11 14:05:00,WIX
279.39,281.68,278.75,279.465,3430,2021-05-11 14:10:00,WIX
278.405,278.41,276.72,278.39,2733,2021-05-11 14:15:00,WIX
277.73,278.66,276.7,277.02,2377,2021-05-11 14:20:00,WIX
276.01,276.39,273.94,274.685,2000,2021-05-11 14:25:00,WIX
274.69,275.79,273.19,275.51,25855,2021-05-11 14:30:00,WIX
275.9,277.18,274.81,276.52,41994,2021-05-11 14:35:00,WIX
276.64,278.74,276.27,278.43,5846,2021-05-11 14:40:00,WIX
277.98,279.465,276.33,279.15,4463,2021-05-11 14:45:00,WIX
279.13,280.425,279.11,280.28,3100,2021-05-11 14:50:00,WIX
280.8519,281.03,280.24,280.24,2400,2021-05-11 14:55:00,WIX
280.61,280.64,278.44,278.44,3616,2021-05-11 15:00:00,WIX
278.57,279.645,278.26,278.7,3300,2021-05-11 15:05:00,WIX
278.45,280.98,278.45,280.98,4326,2021-05-11 15:10:00,WIX
281.695,283.5,281.5,283.48,2032,2021-05-11 15:15:00,WIX
283.27,283.27,282.42,282.745,3321,2021-05-11 15:20:00,WIX
283.06,283.19,282.145,282.15,3080,2021-05-11 15:25:00,WIX
282.32,284.165,281.87,284.0,5754,2021-05-11 15:30:00,WIX
284.085,284.41,283.505,283.505,1404,2021-05-11 15:35:00,WIX
283.26,283.85,282.3533,282.3533,1185,2021-05-11 15:40:00,WIX
282.1575,283.07,282.05,282.59,2352,2021-05-11 15:45:00,WIX
282.64,284.3837,282.63,284.3837,3100,2021-05-11 15:50:00,WIX
283.81,284.19,283.345,283.62,1700,2021-05-11 15:55:00,WIX
283.415,284.09,282.7625,284.09,1750,2021-05-11 16:00:00,WIX
284.41,284.51,283.11,283.96,2400,2021-05-11 16:05:00,WIX
283.96,284.35,283.69,283.805,1620,2021-05-11 16:10:00,WIX
283.88,284.57,283.72,284.57,3934,2021-05-11 16:15:00,WIX
284.46,284.71,283.685,284.15,1600,2021-05-11 16:20:00,WIX
284.14,284.39,283.87,284.27,2440,2021-05-11 16:25:00,WIX
284.61,284.61,283.84,284.16,3513,2021-05-11 16:30:00,WIX
284.315,284.905,284.16,284.8875,1926,2021-05-11 16:35:00,WIX
284.26,284.99,284.15,284.43,2000,2021-05-11 16:40:00,WIX
284.37,284.69,284.0981,284.665,2198,2021-05-11 16:45:00,WIX
284.77,284.77,284.055,284.16,14899,2021-05-11 16:50:00,WIX
284.325,285.66,284.21,285.56,13649,2021-05-11 16:55:00,WIX
285.81,286.77,285.805,286.77,2644,2021-05-11 17:00:00,WIX
286.72,286.73,285.985,285.985,1400,2021-05-11 17:05:00,WIX
286.32,286.84,285.9,286.84,3517,2021-05-11 17:10:00,WIX
286.85,287.9038,286.815,287.45,2995,2021-05-11 17:15:00,WIX
287.415,288.18,287.34,288.18,3517,2021-05-11 17:20:00,WIX
288.25,288.785,288.24,288.56,2594,2021-05-11 17:25:00,WIX
288.43,289.07,288.175,289.07,4841,2021-05-11 17:30:00,WIX
289.15,289.22,288.09,288.16,2200,2021-05-11 17:35:00,WIX
288.38,288.54,288.13,288.53,4183,2021-05-11 17:40:00,WIX
288.63,288.93,288.05,288.605,7247,2021-05-11 17:45:00,WIX
288.58,288.66,286.6306,286.6306,44108,2021-05-11 17:50:00,WIX
287.055,287.365,286.58,287.34,5300,2021-05-11 17:55:00,WIX
287.56,289.13,287.56,289.13,2315,2021-05-11 18:00:00,WIX
289.13,289.13,288.05,288.05,3829,2021-05-11 18:05:00,WIX
288.245,288.31,287.45,287.95,5910,2021-05-11 18:10:00,WIX
287.88,288.835,287.63,288.835,3906,2021-05-11 18:15:00,WIX
289.05,289.93,289.025,289.66,4897,2021-05-11 18:20:00,WIX
289.98,290.57,289.81,290.495,2182,2021-05-11 18:25:00,WIX
290.36,290.42,289.4,290.185,4000,2021-05-11 18:30:00,WIX
290.41,290.495,289.41,289.645,3305,2021-05-11 18:35:00,WIX
289.525,290.2594,289.31,289.76,5600,2021-05-11 18:40:00,WIX
289.945,290.73,289.92,290.73,3200,2021-05-11 18:45:00,WIX
291.08,291.35,290.275,291.295,5400,2021-05-11 18:50:00,WIX
291.295,291.32,290.21,290.24,6680,2021-05-11 18:55:00,WIX
290.315,290.62,289.26,289.54,4455,2021-05-11 19:00:00,WIX
289.125,289.77,289.125,289.37,7420,2021-05-11 19:05:00,WIX
289.36,289.73,289.2,289.57,3900,2021-05-11 19:10:00,WIX
289.54,291.23,289.14,290.99,8267,2021-05-11 19:15:00,WIX
291.21,292.03,290.59,290.79,5504,2021-05-11 19:20:00,WIX
290.86,291.62,290.62,291.14,10626,2021-05-11 19:25:00,WIX
291.14,291.63,290.05,290.22,20630,2021-05-11 19:30:00,WIX
290.2,290.404,289.4,290.085,10431,2021-05-11 19:35:00,WIX
290.195,290.81,290.06,290.555,11487,2021-05-11 19:40:00,WIX
290.55,292.08,290.5,292.08,24043,2021-05-11 19:45:00,WIX
292.08,292.08,289.94,290.34,34214,2021-05-11 19:50:00,WIX
290.48,290.5594,289.35,289.57,55440,2021-05-11 19:55:00,WIX
289.9,289.9,289.9,289.9,31494,2021-05-11 20:00:00,WIX
300.0,300.0,300.0,300.0,113,2021-05-11 22:35:00,WIX
283.0,283.0,283.0,283.0,100,2021-05-12 11:00:00,WIX
281.3765,287.496,280.0297,287.496,487,2021-05-12 12:25:00,WIX
278.0,278.0,278.0,278.0,150,2021-05-12 13:00:00,WIX
266.96,268.85,265.0,265.0,767,2021-05-12 13:25:00,WIX
262.48,266.9599,261.27,262.01,94356,2021-05-12 13:30:00,WIX
261.34,261.34,248.05,250.64,113102,2021-05-12 13:35:00,WIX
249.68,256.32,249.274,256.32,63258,2021-05-12 13:40:00,WIX
255.79,258.2299,252.18,253.6818,114856,2021-05-12 13:45:00,WIX
253.01,254.32,248.565,248.74,59794,2021-05-12 13:50:00,WIX
248.56,250.185,246.07,246.2389,195686,2021-05-12 13:55:00,WIX
246.34,247.84,245.141,245.67,71196,2021-05-12 14:00:00,WIX
245.655,247.5499,245.3501,246.49,43166,2021-05-12 14:05:00,WIX
246.59,247.755,244.11,244.38,53141,2021-05-12 14:10:00,WIX
244.54,245.065,242.9301,244.355,59184,2021-05-12 14:15:00,WIX
244.35,246.37,243.785,245.47,161754,2021-05-12 14:20:00,WIX
245.76,249.42,245.08,245.705,86824,2021-05-12 14:25:00,WIX
245.685,250.0,245.475,249.4,46673,2021-05-12 14:30:00,WIX
249.58,251.17,248.5,250.985,106541,2021-05-12 14:35:00,WIX
250.74,250.95,249.9,250.5965,64316,2021-05-12 14:40:00,WIX
250.52,251.13,249.74,250.71,51249,2021-05-12 14:45:00,WIX
250.6138,250.7,249.66,250.26,64867,2021-05-12 14:50:00,WIX
250.075,250.46,247.52,248.83,50101,2021-05-12 14:55:00,WIX
248.76,249.3,247.51,248.16,80133,2021-05-12 15:00:00,WIX
248.14,249.75,247.51,248.47,20644,2021-05-12 15:05:00,WIX
248.555,249.5,247.1,247.97,32525,2021-05-12 15:10:00,WIX
247.75,248.25,246.29,247.95,38230,2021-05-12 15:15:00,WIX
247.67,248.0399,246.3901,247.44,31371,2021-05-12 15:20:00,WIX
247.2701,247.94,245.5001,245.5001,22881,2021-05-12 15:25:00,WIX
245.61,245.88,244.15,244.97,32264,2021-05-12 15:30:00,WIX
245.13,247.68,244.9101,247.52,38557,2021-05-12 15:35:00,WIX
247.525,248.14,244.94,245.23,151878,2021-05-12 15:40:00,WIX
245.455,245.455,242.0001,243.62,25097,2021-05-12 15:45:00,WIX
243.62,244.49,242.48,244.3,44063,2021-05-12 15:50:00,WIX
244.35,245.9,244.05,244.93,42629,2021-05-12 15:55:00,WIX
244.795,245.07,242.8701,243.875,35031,2021-05-12 16:00:00,WIX
243.975,245.56,243.855,245.56,83935,2021-05-12 16:05:00,WIX
245.495,245.77,243.29,244.19,21965,2021-05-12 16:10:00,WIX
244.03,244.31,243.405,244.06,40122,2021-05-12 16:15:00,WIX
243.98,244.45,243.7478,244.01,25959,2021-05-12 16:20:00,WIX
244.055,244.99,243.84,244.19,63959,2021-05-12 16:25:00,WIX
244.1,244.1,240.0,240.0001,20700,2021-05-12 16:30:00,WIX
240.16,241.28,238.941,240.995,141360,2021-05-12 16:35:00,WIX
240.79,240.79,237.32,238.575,19649,2021-05-12 16:40:00,WIX
238.57,241.01,237.8,241.01,26027,2021-05-12 16:45:00,WIX
241.07,241.78,240.5006,241.2,28814,2021-05-12 16:50:00,WIX
240.86,241.82,239.61,239.62,82939,2021-05-12 16:55:00,WIX
239.92,241.63,239.6683,241.0,76767,2021-05-12 17:00:00,WIX
240.98,242.33,239.0621,239.31,17179,2021-05-12 17:05:00,WIX
239.555,239.555,236.9,237.0,20618,2021-05-12 17:10:00,WIX
236.665,237.72,235.715,237.72,15149,2021-05-12 17:15:00,WIX
237.55,238.9444,237.42,237.6,15728,2021-05-12 17:20:00,WIX
237.665,238.18,236.56,238.18,22409,2021-05-12 17:25:00,WIX
238.03,239.325,237.83,238.2006,75707,2021-05-12 17:30:00,WIX
238.35,238.35,236.83,238.1006,26029,2021-05-12 17:35:00,WIX
238.1,238.16,237.55,237.95,23651,2021-05-12 17:40:00,WIX
237.95,238.0,236.28,237.42,100696,2021-05-12 17:45:00,WIX
237.46,237.85,236.895,237.58,42341,2021-05-12 17:50:00,WIX
237.59,238.765,236.135,236.905,26646,2021-05-12 17:55:00,WIX
236.905,237.36,235.73,235.825,46523,2021-05-12 18:00:00,WIX
235.995,236.97,235.0001,236.76,32309,2021-05-12 18:05:00,WIX
236.71,236.98,236.0,236.01,19336,2021-05-12 18:10:00,WIX
236.0,236.005,233.705,234.91,26788,2021-05-12 18:15:00,WIX
235.2,235.27,234.0,235.08,20292,2021-05-12 18:20:00,WIX
235.02,235.0848,234.0,234.345,34293,2021-05-12 18:25:00,WIX
234.38,234.5371,233.54,234.2801,54181,2021-05-12 18:30:00,WIX
234.2801,234.95,234.02,234.2925,58110,2021-05-12 18:35:00,WIX
234.29,234.95,233.34,234.69,51180,2021-05-12 18:40:00,WIX
234.6901,234.75,233.96,234.0,53973,2021-05-12 18:45:00,WIX
234.11,234.65,233.3545,234.48,46111,2021-05-12 18:50:00,WIX
234.67,236.665,234.33,236.05,40471,2021-05-12 18:55:00,WIX
236.05,236.05,233.35,234.755,32527,2021-05-12 19:00:00,WIX
234.67,236.34,234.57,236.26,30510,2021-05-12 19:05:00,WIX
236.36,237.0963,235.88,236.7,41825,2021-05-12 19:10:00,WIX
236.61,236.67,235.07,235.11,33742,2021-05-12 19:15:00,WIX
235.18,235.59,234.1,234.58,31288,2021-05-12 19:20:00,WIX
234.72,236.5,234.64,236.37,58208,2021-05-12 19:25:00,WIX
236.375,239.96,236.375,239.21,113589,2021-05-12 19:30:00,WIX
239.225,239.55,237.7425,238.433,110731,2021-05-12 19:35:00,WIX
238.45,238.93,237.34,238.645,56421,2021-05-12 19:40:00,WIX
238.83,239.1,237.9,238.675,118099,2021-05-12 19:45:00,WIX
238.68,242.535,238.34,241.255,149387,2021-05-12 19:50:00,WIX
241.255,242.0,238.81,239.61,179492,2021-05-12 19:55:00,WIX
239.68,239.68,239.68,239.68,31196,2021-05-12 20:00:00,WIX
238.44,238.44,238.44,238.44,200,2021-05-12 20:10:00,WIX
239.5,239.5,239.5,239.5,268,2021-05-12 20:15:00,WIX
240.0,240.0,240.0,240.0,100,2021-05-12 20:35:00,WIX
239.51,239.51,239.51,239.51,100,2021-05-12 20:40:00,WIX
239.6,239.67,239.6,239.67,200,2021-05-12 21:25:00,WIX
239.0,239.0,239.0,239.0,600,2021-05-12 21:40:00,WIX
239.0,239.0,239.0,239.0,281,2021-05-12 21:50:00,WIX
239.0,239.0,239.0,239.0,100,2021-05-12 22:40:00,WIX
239.0,239.0,239.0,239.0,100,2021-05-12 23:15:00,WIX
240.8,240.8,240.8,240.8,100,2021-05-13 11:30:00,WIX
244.99,244.99,244.99,244.99,100,2021-05-13 12:20:00,WIX
243.0,243.0,243.0,243.0,100,2021-05-13 12:25:00,WIX
243.98,243.98,243.98,243.98,400,2021-05-13 13:15:00,WIX
243.0,243.0,243.0,243.0,371,2021-05-13 13:25:00,WIX
239.01,242.37,233.65,234.02,37270,2021-05-13 13:30:00,WIX
234.8799,236.26,233.5,234.47,21561,2021-05-13 13:35:00,WIX
234.47,234.47,232.2849,232.7494,19143,2021-05-13 13:40:00,WIX
233.0,234.37,231.1001,232.205,43302,2021-05-13 13:45:00,WIX
232.275,233.06,231.64,232.68,44635,2021-05-13 13:50:00,WIX
232.67,234.35,232.48,233.46,16536,2021-05-13 13:55:00,WIX
234.15,234.39,233.141,233.415,43538,2021-05-13 14:00:00,WIX
233.415,234.1,232.52,233.025,30033,2021-05-13 14:05:00,WIX
232.92,237.15,232.92,235.2806,40157,2021-05-13 14:10:00,WIX
235.45,236.18,234.27,235.69,26797,2021-05-13 14:15:00,WIX
235.37,236.45,234.44,236.35,16357,2021-05-13 14:20:00,WIX
236.08,236.0801,234.42,234.77,30777,2021-05-13 14:25:00,WIX
234.985,235.5,234.335,235.14,16545,2021-05-13 14:30:00,WIX
234.965,235.38,233.77,235.05,60432,2021-05-13 14:35:00,WIX
235.185,237.13,234.99,237.13,11853,2021-05-13 14:40:00,WIX
237.03,239.92,237.03,238.565,43683,2021-05-13 14:45:00,WIX
238.15,238.93,236.22,236.43,7878,2021-05-13 14:50:00,WIX
236.59,237.5303,234.43,234.77,5997,2021-05-13 14:55:00,WIX
234.65,235.165,234.6125,234.915,16115,2021-05-13 15:00:00,WIX
234.63,235.37,232.35,232.35,47621,2021-05-13 15:05:00,WIX
232.605,233.06,231.7802,232.3594,15830,2021-05-13 15:10:00,WIX
232.72,234.82,232.52,233.51,82837,2021-05-13 15:15:00,WIX
233.51,234.28,232.8,232.8,4350,2021-05-13 15:20:00,WIX
232.725,233.04,228.85,229.28,24143,2021-05-13 15:25:00,WIX
229.29,229.29,227.72,229.02,26106,2021-05-13 15:30:00,WIX
228.98,229.32,227.625,229.28,16341,2021-05-13 15:35:00,WIX
228.675,228.705,226.51,227.2,6122,2021-05-13 15:40:00,WIX
227.11,228.5,227.05,228.5,8565,2021-05-13 15:45:00,WIX
228.94,229.54,226.591,226.94,8865,2021-05-13 15:50:00,WIX
227.03,227.75,226.07,226.31,10395,2021-05-13 15:55:00,WIX
226.31,226.355,225.0,225.33,13065,2021-05-13 16:00:00,WIX
225.1,226.35,224.0002,225.24,51501,2021-05-13 16:05:00,WIX
224.86,226.7,224.86,226.67,8024,2021-05-13 16:10:00,WIX
226.68,227.13,225.45,225.585,12123,2021-05-13 16:15:00,WIX
225.99,226.33,224.84,225.015,56320,2021-05-13 16:20:00,WIX
225.09,225.49,224.365,225.445,5682,2021-05-13 16:25:00,WIX
225.71,226.5,225.605,225.86,12420,2021-05-13 16:30:00,WIX
225.755,225.755,224.48,224.89,15749,2021-05-13 16:35:00,WIX
224.84,225.32,224.71,224.89,6600,2021-05-13 16:40:00,WIX
224.89,225.54,224.74,225.15,14468,2021-05-13 16:45:00,WIX
225.17,225.17,224.3206,224.74,50385,2021-05-13 16:50:00,WIX
224.7,225.26,224.51,224.78,24556,2021-05-13 16:55:00,WIX
224.74,225.47,224.41,224.75,67807,2021-05-13 17:00:00,WIX
224.64,224.64,222.46,223.655,54060,2021-05-13 17:05:00,WIX
223.5,224.36,223.285,223.53,37500,2021-05-13 17:10:00,WIX
223.29,223.75,221.5201,221.9569,6446,2021-05-13 17:15:00,WIX
221.4785,222.61,221.38,221.95,13249,2021-05-13 17:20:00,WIX
221.68,221.68,220.07,221.32,16745,2021-05-13 17:25:00,WIX
220.5,221.075,220.395,220.74,10067,2021-05-13 17:30:00,WIX
220.9,222.42,220.725,222.29,8350,2021-05-13 17:35:00,WIX
222.53,223.0,221.11,221.4,6521,2021-05-13 17:40:00,WIX
221.275,222.14,221.12,221.355,19508,2021-05-13 17:45:00,WIX
221.49,221.745,220.775,221.2,30111,2021-05-13 17:50:00,WIX
221.45,221.48,220.03,220.45,12897,2021-05-13 17:55:00,WIX
220.46,221.15,220.0,220.79,37231,2021-05-13 18:00:00,WIX
220.705,222.45,220.4,221.81,25267,2021-05-13 18:05:00,WIX
221.845,222.01,220.5,222.01,26919,2021-05-13 18:10:00,WIX
222.3,223.2,221.93,222.66,44361,2021-05-13 18:15:00,WIX
222.99,224.06,221.25,221.54,30355,2021-05-13 18:20:00,WIX
221.92,222.3,221.26,221.5,27264,2021-05-13 18:25:00,WIX
221.77,222.51,221.22,221.68,24041,2021-05-13 18:30:00,WIX
221.765,222.55,221.445,222.03,22510,2021-05-13 18:35:00,WIX
222.17,223.73,221.74,223.61,22261,2021-05-13 18:40:00,WIX
223.7,223.9977,222.08,223.77,16813,2021-05-13 18:45:00,WIX
223.69,223.99,221.825,222.14,21542,2021-05-13 18:50:00,WIX
222.247,222.247,220.47,220.47,14147,2021-05-13 18:55:00,WIX
220.1613,220.76,219.045,219.36,16206,2021-05-13 19:00:00,WIX
219.215,221.2299,219.05,220.4,31473,2021-05-13 19:05:00,WIX
220.4293,221.11,219.98,220.47,24508,2021-05-13 19:10:00,WIX
220.46,220.465,218.64,219.73,74242,2021-05-13 19:15:00,WIX
219.62,222.25,219.6,221.47,100938,2021-05-13 19:20:00,WIX
221.5696,224.655,221.5696,222.76,96813,2021-05-13 19:25:00,WIX
223.39,225.34,223.205,224.89,57973,2021-05-13 19:30:00,WIX
224.775,224.89,223.5,224.88,32416,2021-05-13 19:35:00,WIX
225.195,225.195,224.1005,224.3925,91946,2021-05-13 19:40:00,WIX
224.4146,224.65,223.571,224.03,44195,2021-05-13 19:45:00,WIX
224.065,224.72,223.41,223.83,75809,2021-05-13 19:50:00,WIX
224.11,224.12,221.99,221.99,112018,2021-05-13 19:55:00,WIX
222.0,222.0,222.0,222.0,29435,2021-05-13 20:00:00,WIX
222.0,222.0,222.0,222.0,100,2021-05-13 20:45:00,WIX
222.01,222.01,222.01,222.01,506,2021-05-13 21:35:00,WIX
222.0,222.0,222.0,222.0,1200,2021-05-13 23:45:00,WIX
221.8,221.8,221.8,221.8,700,2021-05-13 23:55:00,WIX
225.0,225.0,225.0,225.0,125,2021-05-14 11:45:00,WIX
225.0,225.0,225.0,225.0,410,2021-05-14 12:35:00,WIX
225.0,225.0,225.0,225.0,450,2021-05-14 13:25:00,WIX
224.01,225.55,221.23,221.77,40609,2021-05-14 13:30:00,WIX
221.78,222.95,219.0,219.89,15285,2021-05-14 13:35:00,WIX
219.3,220.33,216.39,217.35,7911,2021-05-14 13:40:00,WIX
217.43,219.3,216.55,217.18,10412,2021-05-14 13:45:00,WIX
217.13,218.6152,216.67,218.275,11575,2021-05-14 13:50:00,WIX
218.54,222.0,218.49,221.98,12400,2021-05-14 13:55:00,WIX
221.98,224.215,221.98,222.795,16369,2021-05-14 14:00:00,WIX
222.795,223.125,220.98,221.99,22090,2021-05-14 14:05:00,WIX
222.45,222.9,221.01,222.36,16382,2021-05-14 14:10:00,WIX
222.18,226.18,221.99,226.07,32932,2021-05-14 14:15:00,WIX
226.58,226.58,223.16,223.44,11075,2021-05-14 14:20:00,WIX
223.34,225.21,223.01,224.83,22748,2021-05-14 14:25:00,WIX
224.46,224.68,223.27,224.355,10436,2021-05-14 14:30:00,WIX
224.18,225.37,223.54,224.745,9356,2021-05-14 14:35:00,WIX
224.76,224.76,222.84,222.84,10956,2021-05-14 14:40:00,WIX
222.54,223.57,221.97,223.49,12643,2021-05-14 14:45:00,WIX
223.44,223.81,222.76,222.76,9354,2021-05-14 14:50:00,WIX
222.25,222.3,221.03,221.03,3945,2021-05-14 14:55:00,WIX
221.6477,222.38,221.23,222.175,9887,2021-05-14 15:00:00,WIX
222.175,222.985,221.71,221.71,11206,2021-05-14 15:05:00,WIX
221.97,223.88,221.97,223.73,2823,2021-05-14 15:10:00,WIX
224.02,224.58,223.095,224.55,14913,2021-05-14 15:15:00,WIX
224.56,225.36,224.56,224.675,13425,2021-05-14 15:20:00,WIX
224.675,225.92,224.675,225.315,10512,2021-05-14 15:25:00,WIX
225.265,225.365,224.63,224.87,8992,2021-05-14 15:30:00,WIX
224.875,225.855,224.69,225.48,7849,2021-05-14 15:35:00,WIX
225.82,226.145,223.36,223.36,5314,2021-05-14 15:40:00,WIX
223.96,224.9284,223.82,224.53,6387,2021-05-14 15:45:00,WIX
224.45,224.76,224.175,224.19,9562,2021-05-14 15:50:00,WIX
224.18,224.25,223.61,224.25,2448,2021-05-14 15:55:00,WIX
224.31,225.22,224.22,224.97,8123,2021-05-14 16:00:00,WIX
225.18,225.825,224.93,225.825,10849,2021-05-14 16:05:00,WIX
225.69,226.27,225.635,225.91,7331,2021-05-14 16:10:00,WIX
225.77,226.0799,225.69,225.97,3165,2021-05-14 16:15:00,WIX
225.865,226.22,225.25,225.36,6010,2021-05-14 16:20:00,WIX
225.43,226.38,225.43,225.93,4500,2021-05-14 16:25:00,WIX
226.06,226.1,225.7696,225.88,6116,2021-05-14 16:30:00,WIX
225.86,225.89,224.49,224.96,6682,2021-05-14 16:35:00,WIX
224.96,225.21,224.86,224.98,3207,2021-05-14 16:40:00,WIX
225.05,226.48,225.05,226.3432,21095,2021-05-14 16:45:00,WIX
226.205,226.21,225.4,225.42,4700,2021-05-14 16:50:00,WIX
225.4,226.4578,225.17,226.14,4511,2021-05-14 16:55:00,WIX
226.175,226.43,225.91,225.92,5300,2021-05-14 17:00:00,WIX
226.005,226.3099,225.85,225.98,9329,2021-05-14 17:05:00,WIX
226.07,226.59,225.89,226.38,12137,2021-05-14 17:10:00,WIX
226.52,227.3,226.09,227.0114,8651,2021-05-14 17:15:00,WIX
227.05,227.72,225.65,225.68,37111,2021-05-14 17:20:00,WIX
225.77,227.73,225.5,227.62,18400,2021-05-14 17:25:00,WIX
227.53,227.93,224.715,224.94,27270,2021-05-14 17:30:00,WIX
225.0,225.02,223.835,224.06,14049,2021-05-14 17:35:00,WIX
224.29,224.77,224.09,224.61,11970,2021-05-14 17:40:00,WIX
224.87,225.0999,223.7,223.97,17466,2021-05-14 17:45:00,WIX
224.165,224.82,224.02,224.05,6629,2021-05-14 17:50:00,WIX
223.99,224.7062,223.92,224.67,10595,2021-05-14 17:55:00,WIX
224.78,225.53,224.44,225.42,5582,2021-05-14 18:00:00,WIX
225.38,225.38,224.81,224.91,7687,2021-05-14 18:05:00,WIX
224.91,225.385,224.91,225.385,14150,2021-05-14 18:10:00,WIX
225.455,226.53,225.41,226.4,8774,2021-05-14 18:15:00,WIX
226.28,227.38,226.28,226.845,12302,2021-05-14 18:20:00,WIX
226.81,227.74,226.42,227.25,14926,2021-05-14 18:25:00,WIX
227.34,227.83,227.04,227.14,8874,2021-05-14 18:30:00,WIX
227.2,227.67,226.13,226.24,16571,2021-05-14 18:35:00,WIX
226.15,226.96,225.92,226.955,7893,2021-05-14 18:40:00,WIX
227.06,227.0799,225.13,225.93,16368,2021-05-14 18:45:00,WIX
226.1,226.71,225.78,226.15,25601,2021-05-14 18:50:00,WIX
226.15,226.24,225.24,225.675,11198,2021-05-14 18:55:00,WIX
225.7,225.82,224.96,225.1,14145,2021-05-14 19:00:00,WIX
225.1,226.35,224.94,225.16,24019,2021-05-14 19:05:00,WIX
225.34,225.6,223.755,223.901,34903,2021-05-14 19:10:00,WIX
223.67,224.565,223.67,223.95,14327,2021-05-14 19:15:00,WIX
223.97,224.22,223.64,223.85,23419,2021-05-14 19:20:00,WIX
223.685,223.9999,222.72,223.9,26109,2021-05-14 19:25:00,WIX
223.97,224.23,223.37,224.08,51230,2021-05-14 19:30:00,WIX
223.975,224.08,223.5,223.5,16820,2021-05-14 19:35:00,WIX
223.42,223.57,223.01,223.34,22094,2021-05-14 19:40:00,WIX
223.38,224.3,223.0,223.905,25176,2021-05-14 19:45:00,WIX
224.07,224.44,222.79,222.95,67815,2021-05-14 19:50:00,WIX
222.95,223.065,221.61,222.75,126325,2021-05-14 19:55:00,WIX
222.64,223.0,222.64,222.64,55314,2021-05-14 20:00:00,WIX
222.64,222.64,222.64,222.64,6045,2021-05-14 20:20:00,WIX
223.3,223.3,223.3,223.3,100,2021-05-14 23:30:00,WIX
223.05,223.05,223.05,223.05,180,2021-05-17 09:35:00,WIX
222.64,222.99,222.19,222.99,12500,2021-05-17 13:05:00,WIX
220.73,224.1237,220.4201,223.6,13124,2021-05-17 13:30:00,WIX
223.45,225.5,223.45,224.62,11241,2021-05-17 13:35:00,WIX
225.0,225.74,221.21,222.0,9923,2021-05-17 13:40:00,WIX
222.1,222.5287,221.32,221.9,4123,2021-05-17 13:45:00,WIX
222.0,222.385,217.57,218.08,15771,2021-05-17 13:50:00,WIX
217.3926,219.0,217.07,217.77,8168,2021-05-17 13:55:00,WIX
218.175,218.2123,215.28,216.45,12617,2021-05-17 14:00:00,WIX
216.475,217.6,215.83,217.6,13721,2021-05-17 14:05:00,WIX
217.925,219.5499,217.505,219.0,6416,2021-05-17 14:10:00,WIX
218.475,220.27,218.34,219.99,11119,2021-05-17 14:15:00,WIX
220.09,220.635,219.51,219.795,13403,2021-05-17 14:20:00,WIX
219.795,220.405,219.52,219.975,17126,2021-05-17 14:25:00,WIX
220.02,220.99,219.82,220.43,13915,2021-05-17 14:30:00,WIX
220.69,220.97,219.3008,219.9,47025,2021-05-17 14:35:00,WIX
219.815,220.42,218.735,218.735,17620,2021-05-17 14:40:00,WIX
218.735,219.335,218.25,219.01,19058,2021-05-17 14:45:00,WIX
219.22,219.36,218.62,219.0,11462,2021-05-17 14:50:00,WIX
218.76,219.19,218.455,219.16,8617,2021-05-17 14:55:00,WIX
219.2,219.365,218.72,218.95,16588,2021-05-17 15:00:00,WIX
218.865,219.12,218.465,218.87,14771,2021-05-17 15:05:00,WIX
218.87,218.98,218.255,218.335,22078,2021-05-17 15:10:00,WIX
218.335,218.79,218.33,218.49,8069,2021-05-17 15:15:00,WIX
218.49,219.13,218.49,218.93,10400,2021-05-17 15:20:00,WIX
218.6625,218.91,217.8081,218.44,10382,2021-05-17 15:25:00,WIX
218.48,218.735,217.94,218.46,10044,2021-05-17 15:30:00,WIX
218.415,218.725,217.9,218.46,10218,2021-05-17 15:35:00,WIX
218.38,218.62,218.23,218.56,7196,2021-05-17 15:40:00,WIX
218.855,218.9999,218.145,218.21,8044,2021-05-17 15:45:00,WIX
218.2,218.555,218.04,218.515,13206,2021-05-17 15:50:00,WIX
218.515,218.595,218.175,218.595,9364,2021-05-17 15:55:00,WIX
218.575,218.74,218.065,218.475,9478,2021-05-17 16:00:00,WIX
218.43,218.74,218.2,218.36,14759,2021-05-17 16:05:00,WIX
218.46,218.8,218.35,218.425,16169,2021-05-17 16:10:00,WIX
218.425,218.56,218.185,218.245,14014,2021-05-17 16:15:00,WIX
218.18,218.25,217.085,217.46,12843,2021-05-17 16:20:00,WIX
217.55,217.55,216.31,216.31,10595,2021-05-17 16:25:00,WIX
216.335,216.72,215.685,216.37,11580,2021-05-17 16:30:00,WIX
216.5,217.07,216.09,216.6505,7632,2021-05-17 16:35:00,WIX
216.66,217.625,216.6505,217.42,5187,2021-05-17 16:40:00,WIX
217.22,218.35,217.125,217.83,31115,2021-05-17 16:45:00,WIX
217.88,217.885,217.21,217.5,9100,2021-05-17 16:50:00,WIX
217.42,217.69,217.235,217.45,6782,2021-05-17 16:55:00,WIX
217.45,218.04,217.36,217.71,12522,2021-05-17 17:00:00,WIX
217.715,217.715,217.4,217.5,13305,2021-05-17 17:05:00,WIX
217.48,217.5,216.905,217.095,14561,2021-05-17 17:10:00,WIX
217.095,217.1,214.95,215.235,32934,2021-05-17 17:15:00,WIX
215.185,215.7,214.84,215.16,11507,2021-05-17 17:20:00,WIX
215.31,215.79,215.11,215.11,7620,2021-05-17 17:25:00,WIX
215.075,215.075,213.335,213.335,11254,2021-05-17 17:30:00,WIX
213.335,214.91,213.335,214.345,6945,2021-05-17 17:35:00,WIX
214.345,214.35,213.37,213.54,5090,2021-05-17 17:40:00,WIX
213.8,214.28,213.358,213.92,7625,2021-05-17 17:45:00,WIX
213.92,213.995,213.27,213.7,4784,2021-05-17 17:50:00,WIX
213.31,214.23,213.31,214.16,4727,2021-05-17 17:55:00,WIX
213.975,214.65,213.64,214.5,8735,2021-05-17 18:00:00,WIX
214.5,215.265,214.27,215.265,69663,2021-05-17 18:05:00,WIX
215.21,215.76,214.835,214.85,6047,2021-05-17 18:10:00,WIX
214.825,215.23,214.62,214.68,17302,2021-05-17 18:15:00,WIX
214.59,215.5899,214.59,214.79,5960,2021-05-17 18:20:00,WIX
214.835,215.06,213.82,214.07,11614,2021-05-17 18:25:00,WIX
213.8447,214.74,213.8447,214.6,7530,2021-05-17 18:30:00,WIX
214.86,214.86,213.76,213.85,6421,2021-05-17 18:35:00,WIX
214.1,214.1,213.15,213.325,5247,2021-05-17 18:40:00,WIX
213.28,214.12,213.12,214.0,10401,2021-05-17 18:45:00,WIX
214.0,216.75,214.0,215.805,38424,2021-05-17 18:50:00,WIX
215.7075,215.7075,214.15,214.15,24540,2021-05-17 18:55:00,WIX
214.49,215.64,214.39,215.0,43609,2021-05-17 19:00:00,WIX
214.92,215.365,214.65,214.97,74970,2021-05-17 19:05:00,WIX
214.97,216.81,214.89,216.53,19815,2021-05-17 19:10:00,WIX
216.54,219.18,216.415,218.96,17572,2021-05-17 19:15:00,WIX
218.975,218.98,217.64,218.165,12771,2021-05-17 19:20:00,WIX
218.395,219.786,218.365,219.786,28444,2021-05-17 19:25:00,WIX
219.8,221.52,219.8,220.909,30630,2021-05-17 19:30:00,WIX
220.98,221.67,220.74,221.67,21830,2021-05-17 19:35:00,WIX
221.67,223.42,221.67,223.3,25062,2021-05-17 19:40:00,WIX
223.1362,223.78,222.375,223.165,30939,2021-05-17 19:45:00,WIX
223.0,224.26,222.18,224.005,38985,2021-05-17 19:50:00,WIX
223.47,224.88,223.0,224.84,94885,2021-05-17 19:55:00,WIX
224.78,224.78,224.78,224.78,32946,2021-05-17 20:00:00,WIX
221.08,224.78,221.08,224.78,559,2021-05-17 20:05:00,WIX
220.56,220.56,220.56,220.56,100,2021-05-17 20:35:00,WIX
227.705,227.705,224.65,226.48,25246,2021-05-18 13:30:00,WIX
226.73,228.83,226.73,228.13,8748,2021-05-18 13:35:00,WIX
228.13,228.14,225.82,226.445,13769,2021-05-18 13:40:00,WIX
226.22,227.31,225.51,226.69,6350,2021-05-18 13:45:00,WIX
226.97,226.97,225.89,226.68,5863,2021-05-18 13:50:00,WIX
227.005,227.99,226.99,227.5,11254,2021-05-18 13:55:00,WIX
227.58,229.37,226.85,227.6547,23911,2021-05-18 14:00:00,WIX
228.15,228.44,227.31,227.52,11778,2021-05-18 14:05:00,WIX
227.74,228.235,227.2,227.93,9518,2021-05-18 14:10:00,WIX
228.16,230.0175,227.62,229.72,7831,2021-05-18 14:15:00,WIX
229.91,230.87,229.43,230.74,5055,2021-05-18 14:20:00,WIX
230.93,230.93,230.0177,230.16,5917,2021-05-18 14:25:00,WIX
230.2,230.3,229.66,230.15,6400,2021-05-18 14:30:00,WIX
230.28,230.54,230.0,230.0,3619,2021-05-18 14:35:00,WIX
230.4097,230.5,229.69,230.5,9475,2021-05-18 14:40:00,WIX
230.74,231.245,230.33,230.74,4202,2021-05-18 14:45:00,WIX
230.73,230.8563,229.87,230.0953,4078,2021-05-18 14:50:00,WIX
230.0,231.3,230.0,231.3,6563,2021-05-18 14:55:00,WIX
231.225,231.725,230.85,231.39,5300,2021-05-18 15:00:00,WIX
231.6,231.93,231.24,231.28,3405,2021-05-18 15:05:00,WIX
231.25,231.82,231.045,231.64,5734,2021-05-18 15:10:00,WIX
231.433,233.04,231.433,233.0,9280,2021-05-18 15:15:00,WIX
232.98,233.66,231.93,232.02,11768,2021-05-18 15:20:00,WIX
231.92,232.37,231.89,232.27,3361,2021-05-18 15:25:00,WIX
231.915,231.915,230.77,231.16,5834,2021-05-18 15:30:00,WIX
231.17,231.575,231.01,231.5,3260,2021-05-18 15:35:00,WIX
231.57,231.57,230.7063,230.75,2600,2021-05-18 15:40:00,WIX
230.96,230.96,229.55,229.6694,3146,2021-05-18 15:45:00,WIX
229.965,230.09,229.445,229.56,5127,2021-05-18 15:50:00,WIX
229.8831,229.8957,229.37,229.5,5682,2021-05-18 15:55:00,WIX
229.56,230.34,229.46,230.34,4336,2021-05-18 16:00:00,WIX
229.86,230.28,229.85,230.18,2268,2021-05-18 16:05:00,WIX
230.19,230.94,230.19,230.835,3706,2021-05-18 16:10:00,WIX
230.93,230.93,230.59,230.69,2980,2021-05-18 16:15:00,WIX
230.82,230.86,230.15,230.54,3736,2021-05-18 16:20:00,WIX
230.46,231.05,230.46,230.965,3925,2021-05-18 16:25:00,WIX
231.0,231.0,230.53,230.92,3100,2021-05-18 16:30:00,WIX
230.955,230.955,230.52,230.57,700,2021-05-18 16:35:00,WIX
230.525,230.9317,230.43,230.59,4500,2021-05-18 16:40:00,WIX
230.69,230.69,229.92,229.92,3600,2021-05-18 16:45:00,WIX
229.92,230.28,229.89,230.0,8296,2021-05-18 16:50:00,WIX
230.15,230.7595,230.0,230.18,4480,2021-05-18 16:55:00,WIX
229.98,230.7,229.98,230.7,3518,2021-05-18 17:00:00,WIX
230.313,230.545,230.2,230.2,800,2021-05-18 17:05:00,WIX
230.7,230.89,230.41,230.6,1300,2021-05-18 17:10:00,WIX
230.59,230.82,230.2,230.2,700,2021-05-18 17:15:00,WIX
230.2,230.549,230.09,230.1,2700,2021-05-18 17:20:00,WIX
230.09,230.91,229.9,230.755,3005,2021-05-18 17:25:00,WIX
230.76,231.21,230.64,231.0,3500,2021-05-18 17:30:00,WIX
231.02,231.02,230.72,230.72,3200,2021-05-18 17:35:00,WIX
230.99,231.68,230.99,231.09,4000,2021-05-18 17:40:00,WIX
231.34,231.34,230.22,230.23,13255,2021-05-18 17:45:00,WIX
230.255,231.1,230.2,230.93,13775,2021-05-18 17:50:00,WIX
230.93,231.53,230.91,231.51,8828,2021-05-18 17:55:00,WIX
231.51,231.66,231.09,231.6525,20797,2021-05-18 18:00:00,WIX
231.94,232.05,231.35,231.475,5570,2021-05-18 18:05:00,WIX
231.48,231.79,231.41,231.75,4697,2021-05-18 18:10:00,WIX
231.7,231.92,231.36,231.53,4404,2021-05-18 18:15:00,WIX
231.61,231.61,230.9,231.5,12909,2021-05-18 18:20:00,WIX
231.32,231.53,230.94,231.02,8622,2021-05-18 18:25:00,WIX
231.03,231.03,229.915,230.12,23308,2021-05-18 18:30:00,WIX
229.96,230.62,229.73,230.455,16110,2021-05-18 18:35:00,WIX
230.51,230.51,229.52,229.81,14964,2021-05-18 18:40:00,WIX
229.86,230.045,229.46,229.8575,6977,2021-05-18 18:45:00,WIX
229.7381,230.26,229.7381,230.17,4305,2021-05-18 18:50:00,WIX
230.165,230.33,229.85,230.01,3751,2021-05-18 18:55:00,WIX
230.22,230.42,229.8,230.16,4918,2021-05-18 19:00:00,WIX
230.13,230.17,229.75,229.91,1925,2021-05-18 19:05:00,WIX
229.78,230.02,229.39,229.49,7928,2021-05-18 19:10:00,WIX
229.41,229.6,229.0,229.235,6015,2021-05-18 19:15:00,WIX
229.44,230.73,229.22,230.29,11380,2021-05-18 19:20:00,WIX
230.15,230.34,229.605,229.95,8377,2021-05-18 19:25:00,WIX
230.14,230.43,229.5,229.51,9700,2021-05-18 19:30:00,WIX
229.5,229.74,229.11,229.31,8850,2021-05-18 19:35:00,WIX
229.16,229.57,229.11,229.29,12789,2021-05-18 19:40:00,WIX
229.34,229.42,228.11,228.37,19588,2021-05-18 19:45:00,WIX
228.16,228.41,226.88,227.58,39467,2021-05-18 19:50:00,WIX
227.58,227.89,226.58,226.58,74580,2021-05-18 19:55:00,WIX
226.58,226.58,226.58,226.58,60040,2021-05-18 20:00:00,WIX
226.58,226.58,226.58,226.58,22149,2021-05-18 20:45:00,WIX
226.58,226.58,226.58,226.58,350,2021-05-18 22:50:00,WIX
226.0,226.0,226.0,226.0,1000,2021-05-19 08:00:00,WIX
221.02,223.0,218.5,222.82,18634,2021-05-19 13:30:00,WIX
222.5,224.54,222.09,223.445,55489,2021-05-19 13:35:00,WIX
223.33,228.438,223.065,228.19,9369,2021-05-19 13:40:00,WIX
227.7435,229.56,226.715,229.1,5300,2021-05-19 13:45:00,WIX
229.29,230.59,228.62,230.43,8080,2021-05-19 13:50:00,WIX
230.31,230.31,227.3612,228.88,14800,2021-05-19 13:55:00,WIX
228.6,229.26,227.0501,228.045,16926,2021-05-19 14:00:00,WIX
228.035,229.91,226.72,229.63,5388,2021-05-19 14:05:00,WIX
229.8744,233.2,229.28,232.3444,27953,2021-05-19 14:10:00,WIX
231.965,233.52,231.0,233.52,15067,2021-05-19 14:15:00,WIX
233.48,233.5,231.58,233.18,13085,2021-05-19 14:20:00,WIX
233.19,234.14,233.15,233.695,10438,2021-05-19 14:25:00,WIX
233.31,234.485,232.0,232.465,20488,2021-05-19 14:30:00,WIX
232.54,233.8,232.53,232.9,14207,2021-05-19 14:35:00,WIX
232.9,235.22,232.56,234.94,9650,2021-05-19 14:40:00,WIX
234.97,235.695,233.23,234.0233,7505,2021-05-19 14:45:00,WIX
233.34,234.57,233.34,234.52,5665,2021-05-19 14:50:00,WIX
234.45,235.8,234.4,234.97,14624,2021-05-19 14:55:00,WIX
235.015,235.3,232.4,233.51,9113,2021-05-19 15:00:00,WIX
233.04,234.82,232.355,234.22,11705,2021-05-19 15:05:00,WIX
234.28,234.77,233.21,233.21,12948,2021-05-19 15:10:00,WIX
233.36,233.4599,232.18,232.41,2218,2021-05-19 15:15:00,WIX
232.56,233.3,232.505,233.075,2300,2021-05-19 15:20:00,WIX
233.3,233.46,232.67,232.68,1500,2021-05-19 15:25:00,WIX
232.71,232.71,231.59,232.04,4341,2021-05-19 15:30:00,WIX
232.03,233.36,232.03,233.36,3000,2021-05-19 15:35:00,WIX
233.57,233.57,232.69,233.18,2300,2021-05-19 15:40:00,WIX
233.44,233.44,232.38,232.38,3400,2021-05-19 15:45:00,WIX
232.68,232.76,232.1,232.66,7156,2021-05-19 15:50:00,WIX
232.82,234.28,232.665,233.52,7054,2021-05-19 15:55:00,WIX
233.705,234.01,233.13,233.13,5544,2021-05-19 16:00:00,WIX
233.27,233.5,233.0,233.0,1100,2021-05-19 16:05:00,WIX
233.33,234.19,233.15,233.87,2805,2021-05-19 16:10:00,WIX
234.17,234.7,234.07,234.1,4297,2021-05-19 16:15:00,WIX
234.25,234.25,233.58,234.2,4249,2021-05-19 16:20:00,WIX
233.77,233.77,232.93,233.045,1271,2021-05-19 16:25:00,WIX
233.24,233.43,232.94,233.43,4171,2021-05-19 16:30:00,WIX
233.26,234.1,233.2,234.1,2400,2021-05-19 16:35:00,WIX
233.8,234.36,233.77,233.77,5996,2021-05-19 16:40:00,WIX
233.725,233.725,233.47,233.47,1200,2021-05-19 16:45:00,WIX
233.335,233.54,232.99,233.22,2832,2021-05-19 16:50:00,WIX
233.59,233.97,233.015,233.3,2846,2021-05-19 16:55:00,WIX
232.84,234.04,232.84,233.98,1700,2021-05-19 17:00:00,WIX
233.59,234.33,233.37,234.22,2348,2021-05-19 17:05:00,WIX
233.92,234.22,233.86,233.96,1015,2021-05-19 17:10:00,WIX
233.53,233.945,233.12,233.4179,3029,2021-05-19 17:15:00,WIX
233.42,233.62,233.1,233.405,3497,2021-05-19 17:20:00,WIX
233.15,233.77,233.15,233.77,1000,2021-05-19 17:25:00,WIX
233.7396,233.98,232.3,232.3,2959,2021-05-19 17:30:00,WIX
232.565,233.38,232.14,233.23,9045,2021-05-19 17:35:00,WIX
233.12,233.25,232.04,232.32,4690,2021-05-19 17:40:00,WIX
232.3,232.58,231.86,232.06,2020,2021-05-19 17:45:00,WIX
232.3899,232.64,231.99,232.47,3600,2021-05-19 17:50:00,WIX
232.545,232.6,231.5,231.5,4700,2021-05-19 17:55:00,WIX
231.67,232.035,230.0,230.12,7336,2021-05-19 18:00:00,WIX
230.01,230.3375,229.85,230.025,7600,2021-05-19 18:05:00,WIX
230.025,230.38,229.5901,229.78,10797,2021-05-19 18:10:00,WIX
229.775,230.02,229.31,229.4373,4250,2021-05-19 18:15:00,WIX
229.82,232.15,229.755,232.1,10786,2021-05-19 18:20:00,WIX
231.87,232.29,231.87,231.925,2289,2021-05-19 18:25:00,WIX
231.915,232.28,231.23,231.23,3111,2021-05-19 18:30:00,WIX
231.67,231.939,230.62,230.77,6512,2021-05-19 18:35:00,WIX
230.675,230.9,230.11,230.355,5400,2021-05-19 18:40:00,WIX
230.35,230.59,229.9395,230.0,3889,2021-05-19 18:45:00,WIX
230.22,230.51,230.01,230.46,3480,2021-05-19 18:50:00,WIX
230.49,230.49,229.8,230.0,4050,2021-05-19 18:55:00,WIX
229.92,230.03,229.415,229.75,1900,2021-05-19 19:00:00,WIX
229.72,229.965,229.38,229.63,4120,2021-05-19 19:05:00,WIX
229.65,230.22,229.42,230.22,3020,2021-05-19 19:10:00,WIX
230.119,231.555,229.91,231.24,17996,2021-05-19 19:15:00,WIX
231.01,232.2699,230.7,232.2699,5601,2021-05-19 19:20:00,WIX
231.99,231.99,231.23,231.75,8042,2021-05-19 19:25:00,WIX
231.71,232.43,231.65,232.4,8885,2021-05-19 19:30:00,WIX
232.45,233.12,232.315,232.82,9783,2021-05-19 19:35:00,WIX
232.755,233.18,232.68,233.0,10330,2021-05-19 19:40:00,WIX
232.88,232.88,232.25,232.255,14615,2021-05-19 19:45:00,WIX
232.47,235.02,232.43,234.83,68878,2021-05-19 19:50:00,WIX
234.65,235.25,234.265,235.08,98177,2021-05-19 19:55:00,WIX
234.67,234.67,234.67,234.67,28518,2021-05-19 20:00:00,WIX
235.0,235.0,235.0,235.0,200,2021-05-19 20:25:00,WIX
234.67,234.67,234.67,234.67,2771,2021-05-19 21:15:00,WIX
234.67,234.67,234.67,234.67,200,2021-05-19 21:45:00,WIX
237.5,237.5,237.5,237.5,200,2021-05-20 13:15:00,WIX
236.66,243.38,236.5,242.57,40377,2021-05-20 13:30:00,WIX
243.0,243.53,241.5,243.06,19802,2021-05-20 13:35:00,WIX
243.425,247.42,243.425,246.3,14786,2021-05-20 13:40:00,WIX
246.115,246.12,244.2,245.29,4240,2021-05-20 13:45:00,WIX
245.43,246.28,243.74,243.77,5376,2021-05-20 13:50:00,WIX
243.72,244.99,242.34,243.98,13000,2021-05-20 13:55:00,WIX
243.99,244.38,242.2,242.41,6598,2021-05-20 14:00:00,WIX
241.57,242.52,240.98,242.14,10475,2021-05-20 14:05:00,WIX
242.13,242.91,242.0506,242.44,2973,2021-05-20 14:10:00,WIX
242.7256,244.97,242.5,244.97,15775,2021-05-20 14:15:00,WIX
244.625,245.0,242.87,243.94,16102,2021-05-20 14:20:00,WIX
243.9,244.55,243.45,243.64,6149,2021-05-20 14:25:00,WIX
243.92,243.92,242.2249,242.84,3446,2021-05-20 14:30:00,WIX
242.67,243.24,242.37,242.98,3500,2021-05-20 14:35:00,WIX
242.57,243.09,242.1,242.81,3372,2021-05-20 14:40:00,WIX
242.81,243.19,242.655,242.8,3466,2021-05-20 14:45:00,WIX
242.5,243.01,242.08,242.66,4342,2021-05-20 14:50:00,WIX
242.96,242.96,242.26,242.26,2367,2021-05-20 14:55:00,WIX
242.265,243.46,242.06,243.46,7248,2021-05-20 15:00:00,WIX
243.26,244.07,243.09,243.57,7585,2021-05-20 15:05:00,WIX
243.41,244.74,243.265,244.63,7198,2021-05-20 15:10:00,WIX
244.81,246.3,244.43,245.735,15012,2021-05-20 15:15:00,WIX
245.91,246.77,245.77,246.65,8623,2021-05-20 15:20:00,WIX
246.23,247.29,246.23,247.13,6576,2021-05-20 15:25:00,WIX
247.31,247.36,246.29,246.72,8648,2021-05-20 15:30:00,WIX
246.69,247.5,246.45,246.61,10796,2021-05-20 15:35:00,WIX
246.6,247.095,245.41,245.41,6227,2021-05-20 15:40:00,WIX
245.435,246.3,245.06,245.89,3715,2021-05-20 15:45:00,WIX
246.205,246.205,245.61,246.2,2146,2021-05-20 15:50:00,WIX
246.23,246.56,246.205,246.54,4695,2021-05-20 15:55:00,WIX
246.29,246.36,245.55,245.85,3000,2021-05-20 16:00:00,WIX
245.82,246.31,245.59,246.05,4667,2021-05-20 16:05:00,WIX
246.02,246.335,245.9,246.335,1900,2021-05-20 16:10:00,WIX
246.5,247.62,246.5,247.62,5625,2021-05-20 16:15:00,WIX
247.48,247.71,246.96,247.7,3487,2021-05-20 16:20:00,WIX
247.4,247.7,246.51,246.82,5262,2021-05-20 16:25:00,WIX
247.07,247.48,247.06,247.265,4332,2021-05-20 16:30:00,WIX
247.265,247.265,245.65,245.885,6107,2021-05-20 16:35:00,WIX
245.64,246.41,245.64,245.82,5621,2021-05-20 16:40:00,WIX
246.055,247.12,246.055,246.7,4041,2021-05-20 16:45:00,WIX
246.695,247.01,246.4653,247.01,4728,2021-05-20 16:50:00,WIX
247.01,247.12,246.51,247.035,3373,2021-05-20 16:55:00,WIX
247.355,247.5499,247.12,247.4,2902,2021-05-20 17:00:00,WIX
247.63,249.05,247.38,248.47,80696,2021-05-20 17:05:00,WIX
248.44,248.7,247.59,248.18,15939,2021-05-20 17:10:00,WIX
248.45,248.97,247.69,248.705,38162,2021-05-20 17:15:00,WIX
248.62,249.01,248.13,248.68,16920,2021-05-20 17:20:00,WIX
248.68,249.6719,248.66,249.45,31557,2021-05-20 17:25:00,WIX
249.18,249.69,249.14,249.39,36575,2021-05-20 17:30:00,WIX
249.37,249.7,248.91,249.435,29662,2021-05-20 17:35:00,WIX
249.6,250.45,249.37,249.95,33052,2021-05-20 17:40:00,WIX
250.17,250.57,249.77,250.0,9219,2021-05-20 17:45:00,WIX
249.68,249.87,248.49,248.91,12775,2021-05-20 17:50:00,WIX
248.835,249.33,247.78,248.1034,8842,2021-05-20 17:55:00,WIX
248.155,248.155,246.39,246.39,4033,2021-05-20 18:00:00,WIX
246.71,247.43,246.24,246.515,19945,2021-05-20 18:05:00,WIX
246.3,246.65,245.43,245.66,7393,2021-05-20 18:10:00,WIX
245.77,246.845,245.29,246.08,13322,2021-05-20 18:15:00,WIX
245.8275,246.67,245.65,246.67,2326,2021-05-20 18:20:00,WIX
246.495,246.7,246.33,246.7,2756,2021-05-20 18:25:00,WIX
246.71,246.97,246.24,246.25,5102,2021-05-20 18:30:00,WIX
246.48,246.52,246.165,246.165,2996,2021-05-20 18:35:00,WIX
246.27,246.53,246.23,246.42,2300,2021-05-20 18:40:00,WIX
246.4528,246.4528,246.24,246.355,2305,2021-05-20 18:45:00,WIX
246.45,246.76,245.64,246.76,6654,2021-05-20 18:50:00,WIX
246.89,248.0399,246.84,248.0399,3700,2021-05-20 18:55:00,WIX
247.695,247.81,247.02,247.5,6480,2021-05-20 19:00:00,WIX
247.81,248.14,246.63,246.63,10947,2021-05-20 19:05:00,WIX
246.64,246.9,246.26,246.455,2115,2021-05-20 19:10:00,WIX
246.475,247.695,246.3,247.695,4841,2021-05-20 19:15:00,WIX
247.75,247.75,247.245,247.53,7019,2021-05-20 19:20:00,WIX
247.67,248.425,247.39,248.11,24201,2021-05-20 19:25:00,WIX
248.115,248.415,247.615,248.415,17285,2021-05-20 19:30:00,WIX
248.315,248.68,247.95,248.185,27482,2021-05-20 19:35:00,WIX
248.22,248.6013,247.9,248.51,20950,2021-05-20 19:40:00,WIX
248.555,249.58,248.265,248.45,35780,2021-05-20 19:45:00,WIX
248.45,248.45,246.936,247.52,33125,2021-05-20 19:50:00,WIX
247.52,247.96,247.3,247.57,56570,2021-05-20 19:55:00,WIX
247.57,247.57,247.57,247.57,30253,2021-05-20 20:00:00,WIX
248.89,249.35,243.0001,245.35,16051,2021-05-21 13:30:00,WIX
245.39,246.97,244.25,244.62,14774,2021-05-21 13:35:00,WIX
244.32,245.98,243.64,245.63,2800,2021-05-21 13:40:00,WIX
246.24,246.24,244.01,246.2,4332,2021-05-21 13:45:00,WIX
247.35,247.73,245.06,247.73,18986,2021-05-21 13:50:00,WIX
247.47,248.3,246.55,247.69,6559,2021-05-21 13:55:00,WIX
248.32,249.62,247.97,248.8894,12280,2021-05-21 14:00:00,WIX
248.28,250.4895,248.01,250.4895,20461,2021-05-21 14:05:00,WIX
250.19,250.39,249.35,249.525,9915,2021-05-21 14:10:00,WIX
250.23,250.77,247.56,247.7348,7474,2021-05-21 14:15:00,WIX
247.7,249.0,247.39,248.85,8102,2021-05-21 14:20:00,WIX
248.9,249.13,247.8,249.13,1740,2021-05-21 14:25:00,WIX
248.62,249.1,248.03,249.0,2924,2021-05-21 14:30:00,WIX
249.44,249.84,248.2,249.84,23170,2021-05-21 14:35:00,WIX
249.99,250.26,247.31,247.31,23563,2021-05-21 14:40:00,WIX
248.07,248.57,246.56,247.59,5231,2021-05-21 14:45:00,WIX
247.92,248.45,247.92,248.36,2018,2021-05-21 14:50:00,WIX
248.73,248.75,248.0,248.335,2374,2021-05-21 14:55:00,WIX
248.53,248.78,247.38,248.095,7100,2021-05-21 15:00:00,WIX
248.23,249.4,248.16,249.398,7087,2021-05-21 15:05:00,WIX
249.69,250.54,249.535,250.1,5035,2021-05-21 15:10:00,WIX
250.11,250.89,249.725,250.89,6323,2021-05-21 15:15:00,WIX
250.63,250.6799,250.0,250.245,2193,2021-05-21 15:20:00,WIX
250.225,250.29,249.41,249.41,10343,2021-05-21 15:25:00,WIX
249.15,250.18,249.15,250.05,1913,2021-05-21 15:30:00,WIX
250.06,250.06,249.1698,249.665,4259,2021-05-21 15:35:00,WIX
249.54,249.84,249.4,249.84,3273,2021-05-21 15:40:00,WIX
249.76,250.025,249.1,249.15,2952,2021-05-21 15:45:00,WIX
249.15,249.53,248.655,248.655,3316,2021-05-21 15:50:00,WIX
248.63,249.25,248.48,249.05,16592,2021-05-21 15:55:00,WIX
249.14,250.04,249.003,249.35,21365,2021-05-21 16:00:00,WIX
249.2,250.07,249.2,249.72,1815,2021-05-21 16:05:00,WIX
249.93,249.93,249.2662,249.76,3206,2021-05-21 16:10:00,WIX
249.655,249.795,249.4,249.59,2598,2021-05-21 16:15:00,WIX
249.48,249.94,249.26,249.525,13021,2021-05-21 16:20:00,WIX
249.72,250.24,249.56,250.24,3734,2021-05-21 16:25:00,WIX
250.04,250.55,250.04,250.48,5831,2021-05-21 16:30:00,WIX
250.55,250.97,250.55,250.71,6145,2021-05-21 16:35:00,WIX
250.86,251.675,250.76,251.675,12552,2021-05-21 16:40:00,WIX
251.59,252.095,251.13,252.095,16118,2021-05-21 16:45:00,WIX
251.94,252.07,251.103,251.103,23905,2021-05-21 16:50:00,WIX
251.08,251.255,250.16,250.76,7188,2021-05-21 16:55:00,WIX
250.92,251.09,250.27,250.27,4586,2021-05-21 17:00:00,WIX
250.35,250.375,249.54,249.93,2900,2021-05-21 17:05:00,WIX
249.845,250.22,249.69,249.87,1600,2021-05-21 17:10:00,WIX
249.97,249.97,248.925,248.99,5134,2021-05-21 17:15:00,WIX
249.285,249.285,249.13,249.13,552,2021-05-21 17:20:00,WIX
249.13,250.44,249.13,249.975,10469,2021-05-21 17:25:00,WIX
250.09,250.82,250.09,250.82,4333,2021-05-21 17:30:00,WIX
250.65,250.76,250.285,250.51,7173,2021-05-21 17:35:00,WIX
250.49,250.49,249.49,249.99,5403,2021-05-21 17:40:00,WIX
249.865,249.865,249.48,249.62,1692,2021-05-21 17:45:00,WIX
249.65,249.86,249.47,249.47,2784,2021-05-21 17:50:00,WIX
249.47,249.47,247.64,248.48,4196,2021-05-21 17:55:00,WIX
248.4,248.82,247.7,247.7,4433,2021-05-21 18:00:00,WIX
247.93,248.96,247.93,248.595,6808,2021-05-21 18:05:00,WIX
248.36,248.78,247.74,247.74,3479,2021-05-21 18:10:00,WIX
247.85,247.85,247.16,247.47,2113,2021-05-21 18:15:00,WIX
247.44,247.78,246.65,246.8,4584,2021-05-21 18:20:00,WIX
247.01,247.95,246.73,247.68,6300,2021-05-21 18:25:00,WIX
247.66,248.765,247.515,248.25,7440,2021-05-21 18:30:00,WIX
248.39,248.39,247.6,247.885,9034,2021-05-21 18:35:00,WIX
247.86,248.47,247.86,248.15,7745,2021-05-21 18:40:00,WIX
248.185,248.54,248.11,248.54,3000,2021-05-21 18:45:00,WIX
248.5232,248.62,248.2,248.4,1902,2021-05-21 18:50:00,WIX
248.38,248.59,248.095,248.455,1800,2021-05-21 18:55:00,WIX
248.57,248.57,248.055,248.18,1900,2021-05-21 19:00:00,WIX
248.2,248.49,248.015,248.46,7665,2021-05-21 19:05:00,WIX
248.58,249.32,248.45,248.74,3500,2021-05-21 19:10:00,WIX
248.94,250.015,248.8,249.87,17635,2021-05-21 19:15:00,WIX
249.87,250.0694,248.85,249.045,11454,2021-05-21 19:20:00,WIX
249.16,249.4,248.7,248.92,4332,2021-05-21 19:25:00,WIX
249.0,249.07,248.47,248.82,16420,2021-05-21 19:30:00,WIX
248.82,249.48,248.82,249.12,9749,2021-05-21 19:35:00,WIX
249.07,249.07,248.0,248.115,7913,2021-05-21 19:40:00,WIX
247.8408,248.21,247.63,248.14,5970,2021-05-21 19:45:00,WIX
248.21,248.21,247.1301,247.1301,11872,2021-05-21 19:50:00,WIX
247.29,248.665,247.285,248.08,44504,2021-05-21 19:55:00,WIX
248.16,248.16,248.16,248.16,33941,2021-05-21 20:00:00,WIX
248.02,248.02,248.02,248.02,100,2021-05-21 20:45:00,WIX
248.02,248.02,248.02,248.02,100,2021-05-21 20:55:00,WIX
249.01,249.01,248.9,248.9,283,2021-05-24 11:50:00,WIX
250.95,251.9599,246.96,247.27,9246,2021-05-24 13:30:00,WIX
247.0288,250.96,247.0288,249.37,1706,2021-05-24 13:35:00,WIX
251.63,252.0,249.8,251.6,2529,2021-05-24 13:40:00,WIX
251.579,252.0,251.1843,251.535,1179,2021-05-24 13:45:00,WIX
252.09,253.61,251.76,252.235,5799,2021-05-24 13:50:00,WIX
252.185,252.185,250.9741,252.125,2460,2021-05-24 13:55:00,WIX
252.34,252.36,251.46,251.46,2811,2021-05-24 14:00:00,WIX
251.245,251.25,250.11,250.49,1489,2021-05-24 14:05:00,WIX
250.49,251.34,250.11,250.45,3845,2021-05-24 14:10:00,WIX
250.495,250.89,249.51,249.51,3089,2021-05-24 14:15:00,WIX
249.4,249.4,248.9,248.91,940,2021-05-24 14:20:00,WIX
249.28,249.65,249.18,249.36,540,2021-05-24 14:25:00,WIX
249.82,250.12,248.8,249.28,2500,2021-05-24 14:30:00,WIX
249.28,249.64,248.73,249.03,5415,2021-05-24 14:35:00,WIX
249.045,250.42,249.045,250.075,10437,2021-05-24 14:40:00,WIX
250.21,250.7779,249.9517,250.7779,8749,2021-05-24 14:45:00,WIX
250.48,250.94,250.4,250.94,800,2021-05-24 14:50:00,WIX
250.9,251.29,250.41,250.41,2669,2021-05-24 14:55:00,WIX
250.76,251.19,250.76,251.07,2039,2021-05-24 15:00:00,WIX
251.07,251.07,250.65,250.78,1310,2021-05-24 15:05:00,WIX
250.55,250.82,250.27,250.68,2158,2021-05-24 15:10:00,WIX
250.79,250.89,250.79,250.89,500,2021-05-24 15:15:00,WIX
250.615,250.615,249.84,249.84,1400,2021-05-24 15:20:00,WIX
250.03,250.17,249.29,249.29,1400,2021-05-24 15:25:00,WIX
249.26,250.36,249.175,250.18,2900,2021-05-24 15:30:00,WIX
250.43,250.6,250.0554,250.45,2409,2021-05-24 15:35:00,WIX
250.22,250.99,250.22,250.99,1500,2021-05-24 15:40:00,WIX
251.08,251.3,250.84,251.3,1284,2021-05-24 15:45:00,WIX
250.96,251.27,250.88,251.27,2551,2021-05-24 15:50:00,WIX
251.135,251.3,251.04,251.05,1975,2021-05-24 15:55:00,WIX
251.31,251.625,251.08,251.3754,2540,2021-05-24 16:00:00,WIX
251.65,251.79,251.16,251.23,2697,2021-05-24 16:05:00,WIX
251.26,251.26,251.1,251.1,2517,2021-05-24 16:10:00,WIX
250.96,251.49,250.96,251.49,1000,2021-05-24 16:15:00,WIX
251.69,251.83,251.47,251.47,1125,2021-05-24 16:20:00,WIX
251.45,251.48,251.26,251.48,1000,2021-05-24 16:25:00,WIX
251.39,251.6875,251.33,251.52,900,2021-05-24 16:30:00,WIX
251.24,251.51,251.16,251.165,800,2021-05-24 16:35:00,WIX
251.205,251.29,250.46,250.46,1054,2021-05-24 16:40:00,WIX
250.62,251.08,250.48,250.62,8893,2021-05-24 16:45:00,WIX
250.67,250.84,250.51,250.51,4000,2021-05-24 16:50:00,WIX
249.96,250.13,249.79,250.13,700,2021-05-24 16:55:00,WIX
250.36,250.36,250.13,250.13,712,2021-05-24 17:00:00,WIX
249.89,249.89,249.61,249.76,800,2021-05-24 17:05:00,WIX
249.54,249.58,249.17,249.2,700,2021-05-24 17:10:00,WIX
249.05,249.7825,249.025,249.7825,1200,2021-05-24 17:15:00,WIX
249.775,249.775,249.18,249.21,1639,2021-05-24 17:20:00,WIX
249.375,249.55,248.91,249.18,1300,2021-05-24 17:25:00,WIX
249.2,249.47,249.2,249.35,4840,2021-05-24 17:30:00,WIX
249.16,249.6,249.14,249.315,1800,2021-05-24 17:35:00,WIX
249.14,249.14,248.68,248.94,1600,2021-05-24 17:40:00,WIX
249.03,249.045,248.52,248.96,790,2021-05-24 17:45:00,WIX
248.83,248.855,248.35,248.35,1619,2021-05-24 17:50:00,WIX
248.56,248.62,247.9,247.9,1820,2021-05-24 17:55:00,WIX
247.81,248.16,247.81,248.16,1400,2021-05-24 18:00:00,WIX
248.16,248.96,248.16,248.96,4968,2021-05-24 18:05:00,WIX
248.62,248.91,248.05,248.05,2266,2021-05-24 18:10:00,WIX
247.75,247.75,247.34,247.5,1900,2021-05-24 18:15:00,WIX
247.66,247.805,247.48,247.8,1300,2021-05-24 18:20:00,WIX
247.56,247.65,247.26,247.36,990,2021-05-24 18:25:00,WIX
247.445,247.54,247.26,247.525,900,2021-05-24 18:30:00,WIX
247.28,247.66,247.28,247.49,838,2021-05-24 18:35:00,WIX
247.46,247.54,247.27,247.35,1721,2021-05-24 18:40:00,WIX
247.46,247.8,247.46,247.8,500,2021-05-24 18:45:00,WIX
247.955,247.955,247.77,247.79,400,2021-05-24 18:50:00,WIX
247.7,247.7,247.34,247.375,1555,2021-05-24 18:55:00,WIX
247.54,247.68,247.37,247.55,1042,2021-05-24 19:00:00,WIX
247.31,247.79,247.31,247.79,1305,2021-05-24 19:05:00,WIX
247.82,247.86,247.375,247.59,2540,2021-05-24 19:10:00,WIX
247.52,247.63,247.36,247.47,1424,2021-05-24 19:15:00,WIX
247.415,247.82,247.37,247.82,1700,2021-05-24 19:20:00,WIX
247.76,247.76,247.44,247.61,1518,2021-05-24 19:25:00,WIX
247.5,247.73,247.37,247.58,5400,2021-05-24 19:30:00,WIX
247.605,247.72,247.46,247.46,3249,2021-05-24 19:35:00,WIX
247.46,247.7,247.4117,247.57,9891,2021-05-24 19:40:00,WIX
247.49,248.53,247.49,248.53,12093,2021-05-24 19:45:00,WIX
248.64,248.94,247.7,247.7801,12952,2021-05-24 19:50:00,WIX
247.86,248.12,247.12,247.15,33031,2021-05-24 19:55:00,WIX
247.21,247.21,247.21,247.21,29496,2021-05-24 20:00:00,WIX
247.21,247.21,247.21,247.21,3200,2021-05-24 20:15:00,WIX
247.62,250.64,247.62,248.7712,7428,2021-05-25 13:30:00,WIX
248.8,249.67,247.79,248.305,1522,2021-05-25 13:35:00,WIX
248.8,250.635,248.49,249.77,2255,2021-05-25 13:40:00,WIX
249.01,250.0,249.01,249.3701,1059,2021-05-25 13:45:00,WIX
250.115,250.5972,248.04,248.6,11847,2021-05-25 13:50:00,WIX
248.71,249.28,247.87,248.62,2819,2021-05-25 13:55:00,WIX
248.01,249.9,247.93,248.865,6933,2021-05-25 14:00:00,WIX
249.0,249.85,248.75,248.93,2227,2021-05-25 14:05:00,WIX
249.73,250.66,249.705,250.36,2544,2021-05-25 14:10:00,WIX
250.96,251.515,250.48,250.92,3334,2021-05-25 14:15:00,WIX
251.0,252.03,250.62,251.8,1400,2021-05-25 14:20:00,WIX
252.13,252.64,251.65,252.45,2100,2021-05-25 14:25:00,WIX
252.74,252.74,251.72,252.03,1434,2021-05-25 14:30:00,WIX
252.23,252.88,252.1,252.34,3180,2021-05-25 14:35:00,WIX
252.33,253.4,251.79,253.06,4156,2021-05-25 14:40:00,WIX
253.32,253.465,252.63,253.14,1512,2021-05-25 14:45:00,WIX
253.0,253.69,252.99,253.69,2592,2021-05-25 14:50:00,WIX
253.57,254.2846,253.54,253.93,3961,2021-05-25 14:55:00,WIX
254.01,254.23,253.07,253.12,1782,2021-05-25 15:00:00,WIX
253.51,253.67,252.94,252.94,1427,2021-05-25 15:05:00,WIX
253.13,253.59,252.91,253.33,20681,2021-05-25 15:10:00,WIX
253.275,253.275,252.16,252.16,1700,2021-05-25 15:15:00,WIX
252.12,252.47,252.09,252.14,1017,2021-05-25 15:20:00,WIX
251.76,251.955,250.95,251.78,1014,2021-05-25 15:25:00,WIX
251.795,251.85,250.73,250.73,1312,2021-05-25 15:30:00,WIX
251.39,251.59,251.06,251.17,1344,2021-05-25 15:35:00,WIX
251.61,251.68,251.37,251.68,700,2021-05-25 15:40:00,WIX
251.83,252.47,251.7,252.44,1600,2021-05-25 15:45:00,WIX
252.33,252.45,251.725,252.1,1200,2021-05-25 15:50:00,WIX
252.2,253.16,252.2,252.99,1900,2021-05-25 15:55:00,WIX
252.77,252.86,252.27,252.59,3838,2021-05-25 16:00:00,WIX
252.32,252.32,251.74,252.06,1511,2021-05-25 16:05:00,WIX
252.21,252.47,252.09,252.11,1430,2021-05-25 16:10:00,WIX
252.22,252.24,251.4968,251.4968,1894,2021-05-25 16:15:00,WIX
251.99,252.0,251.45,251.45,1620,2021-05-25 16:20:00,WIX
251.48,251.85,251.43,251.85,1421,2021-05-25 16:25:00,WIX
252.11,252.58,252.11,252.57,600,2021-05-25 16:30:00,WIX
252.51,252.56,251.75,251.75,1320,2021-05-25 16:35:00,WIX
251.79,251.79,251.29,251.31,1100,2021-05-25 16:40:00,WIX
251.3,251.31,251.28,251.28,730,2021-05-25 16:45:00,WIX
251.5,251.5,251.5,251.5,100,2021-05-25 16:50:00,WIX
251.88,251.88,251.42,251.42,600,2021-05-25 16:55:00,WIX
251.29,251.46,250.87,251.425,8693,2021-05-25 17:00:00,WIX
251.34,251.65,251.27,251.62,3665,2021-05-25 17:05:00,WIX
252.06,252.06,251.85,251.91,1000,2021-05-25 17:10:00,WIX
251.97,252.62,251.83,252.62,800,2021-05-25 17:15:00,WIX
252.76,253.18,252.65,253.065,1400,2021-05-25 17:20:00,WIX
253.0575,253.33,252.91,253.18,2100,2021-05-25 17:25:00,WIX
253.17,253.2,251.91,251.91,15790,2021-05-25 17:30:00,WIX
251.89,251.95,250.51,250.51,8370,2021-05-25 17:35:00,WIX
250.52,250.84,250.13,250.785,3173,2021-05-25 17:40:00,WIX
250.62,250.75,249.97,249.97,4900,2021-05-25 17:45:00,WIX
250.0,250.0,249.45,249.505,2514,2021-05-25 17:50:00,WIX
249.46,249.95,249.46,249.85,2600,2021-05-25 17:55:00,WIX
250.01,250.09,249.24,249.57,3812,2021-05-25 18:00:00,WIX
249.69,249.8,249.3,249.8,1500,2021-05-25 18:05:00,WIX
249.68,249.94,249.6,249.765,700,2021-05-25 18:10:00,WIX
249.915,250.6,249.8,250.44,2026,2021-05-25 18:15:00,WIX
250.65,251.13,250.62,251.13,6200,2021-05-25 18:20:00,WIX
251.35,252.01,251.08,251.43,4557,2021-05-25 18:25:00,WIX
251.76,252.37,251.66,252.12,2526,2021-05-25 18:30:00,WIX
252.73,252.73,252.48,252.63,800,2021-05-25 18:35:00,WIX
252.51,252.88,252.17,252.23,3897,2021-05-25 18:40:00,WIX
252.05,252.11,252.05,252.11,300,2021-05-25 18:45:00,WIX
252.11,252.12,251.95,251.96,600,2021-05-25 18:50:00,WIX
252.25,252.25,251.95,252.065,1110,2021-05-25 18:55:00,WIX
252.18,252.18,251.48,251.5,2240,2021-05-25 19:00:00,WIX
251.5,251.93,251.5,251.78,400,2021-05-25 19:05:00,WIX
251.88,252.11,251.64,251.92,2806,2021-05-25 19:10:00,WIX
251.88,251.89,251.6,251.61,1000,2021-05-25 19:15:00,WIX
251.76,251.83,251.46,251.76,2100,2021-05-25 19:20:00,WIX
251.66,251.8,251.56,251.58,800,2021-05-25 19:25:00,WIX
251.53,251.54,250.0,250.2,9604,2021-05-25 19:30:00,WIX
250.31,251.48,250.31,251.255,3012,2021-05-25 19:35:00,WIX
251.09,251.25,250.99,251.02,2623,2021-05-25 19:40:00,WIX
250.99,251.58,250.94,251.11,6036,2021-05-25 19:45:00,WIX
251.2,251.86,251.17,251.78,8442,2021-05-25 19:50:00,WIX
251.74,252.54,251.23,252.25,35586,2021-05-25 19:55:00,WIX
252.44,252.44,252.44,252.44,28985,2021-05-25 20:00:00,WIX
252.44,252.44,252.44,252.44,5375,2021-05-25 20:25:00,WIX
252.18,252.18,252.18,252.18,200,2021-05-25 20:35:00,WIX
252.44,252.44,252.44,252.44,4239,2021-05-25 21:45:00,WIX
252.2,252.2,252.2,252.2,300,2021-05-25 22:35:00,WIX
254.58,254.58,252.55,252.56,5762,2021-05-26 13:30:00,WIX
252.02,252.993,252.02,252.993,1550,2021-05-26 13:35:00,WIX
253.48,255.65,253.48,255.6,6831,2021-05-26 13:40:00,WIX
255.21,256.17,253.9376,255.44,1639,2021-05-26 13:45:00,WIX
255.22,256.35,255.22,255.76,600,2021-05-26 13:50:00,WIX
256.0,256.4,255.52,256.0,2706,2021-05-26 13:55:00,WIX
255.705,255.705,253.64,253.64,1700,2021-05-26 14:00:00,WIX
253.94,255.01,253.94,255.0,831,2021-05-26 14:05:00,WIX
254.9,255.2,254.39,254.9691,1599,2021-05-26 14:10:00,WIX
254.3201,254.6,253.92,254.46,1501,2021-05-26 14:15:00,WIX
254.0,256.9,254.0,256.9,3908,2021-05-26 14:20:00,WIX
256.45,257.79,256.45,257.79,1897,2021-05-26 14:25:00,WIX
258.06,258.07,256.73,257.43,1805,2021-05-26 14:30:00,WIX
257.54,257.59,257.26,257.26,912,2021-05-26 14:35:00,WIX
257.3,257.84,257.28,257.84,2205,2021-05-26 14:40:00,WIX
257.88,258.25,257.88,258.08,1100,2021-05-26 14:45:00,WIX
258.075,258.52,257.73,257.94,7879,2021-05-26 14:50:00,WIX
258.33,258.5,258.04,258.255,2203,2021-05-26 14:55:00,WIX
258.51,258.55,257.63,257.65,2500,2021-05-26 15:00:00,WIX
257.53,257.765,257.07,257.07,3917,2021-05-26 15:05:00,WIX
257.38,257.79,257.38,257.78,900,2021-05-26 15:10:00,WIX
258.165,258.165,258.05,258.055,1400,2021-05-26 15:15:00,WIX
257.97,258.205,257.7,258.205,3263,2021-05-26 15:20:00,WIX
258.24,259.24,258.24,259.2,5376,2021-05-26 15:25:00,WIX
259.18,259.24,257.82,258.44,5227,2021-05-26 15:30:00,WIX
258.5849,259.13,258.55,258.98,730,2021-05-26 15:35:00,WIX
259.34,259.34,259.06,259.21,700,2021-05-26 15:40:00,WIX
259.34,259.51,259.11,259.35,5345,2021-05-26 15:45:00,WIX
259.37,259.515,259.2,259.36,1300,2021-05-26 15:50:00,WIX
259.16,259.24,258.63,258.7078,3071,2021-05-26 15:55:00,WIX
258.77,258.77,258.26,258.66,1713,2021-05-26 16:00:00,WIX
258.555,258.94,258.54,258.69,2878,2021-05-26 16:05:00,WIX
258.805,258.9028,258.39,258.6101,2476,2021-05-26 16:10:00,WIX
258.835,259.11,258.45,259.11,3515,2021-05-26 16:15:00,WIX
259.11,259.11,258.7,258.7,2510,2021-05-26 16:20:00,WIX
258.55,258.94,258.02,258.54,3678,2021-05-26 16:25:00,WIX
258.655,258.84,258.5077,258.84,2500,2021-05-26 16:30:00,WIX
258.62,258.92,258.62,258.92,1941,2021-05-26 16:35:00,WIX
258.62,258.63,258.16,258.16,2799,2021-05-26 16:40:00,WIX
258.0,258.57,258.0,258.02,959,2021-05-26 16:45:00,WIX
258.22,258.22,257.98,258.04,1138,2021-05-26 16:50:00,WIX
258.17,258.56,258.14,258.245,2828,2021-05-26 16:55:00,WIX
258.16,258.5,258.06,258.29,3357,2021-05-26 17:00:00,WIX
258.51,258.63,257.95,258.1,3629,2021-05-26 17:05:00,WIX
258.1,258.1,256.68,256.75,41958,2021-05-26 17:10:00,WIX
256.75,256.99,255.96,255.96,14795,2021-05-26 17:15:00,WIX
255.96,256.02,255.66,255.66,2211,2021-05-26 17:20:00,WIX
255.68,255.68,255.34,255.34,1170,2021-05-26 17:25:00,WIX
255.5,256.44,255.38,256.44,5293,2021-05-26 17:30:00,WIX
256.68,256.85,256.05,256.05,1913,2021-05-26 17:35:00,WIX
256.11,257.55,256.095,257.545,5249,2021-05-26 17:40:00,WIX
257.52,257.95,257.5,257.69,800,2021-05-26 17:45:00,WIX
257.46,257.84,256.9597,257.005,3308,2021-05-26 17:50:00,WIX
257.19,257.595,257.19,257.595,622,2021-05-26 17:55:00,WIX
257.84,257.84,257.18,257.18,900,2021-05-26 18:00:00,WIX
257.43,257.56,257.28,257.4,1400,2021-05-26 18:05:00,WIX
257.63,257.93,257.63,257.71,1634,2021-05-26 18:10:00,WIX
257.92,257.92,257.705,257.9,668,2021-05-26 18:15:00,WIX
258.0,258.79,258.0,258.6335,5959,2021-05-26 18:20:00,WIX
258.53,258.81,258.06,258.27,1878,2021-05-26 18:25:00,WIX
258.42,258.62,258.24,258.24,4691,2021-05-26 18:30:00,WIX
258.16,258.41,257.35,257.78,5072,2021-05-26 18:35:00,WIX
258.0,258.12,257.56,257.71,1800,2021-05-26 18:40:00,WIX
257.95,258.0,257.25,257.455,4883,2021-05-26 18:45:00,WIX
257.59,257.76,257.065,257.33,4721,2021-05-26 18:50:00,WIX
257.23,257.23,256.67,257.0,3521,2021-05-26 18:55:00,WIX
256.97,257.04,256.29,256.59,2000,2021-05-26 19:00:00,WIX
256.5,256.92,256.5,256.92,1450,2021-05-26 19:05:00,WIX
256.6,257.09,256.6,257.0,800,2021-05-26 19:10:00,WIX
256.89,257.9,256.89,257.9,3902,2021-05-26 19:15:00,WIX
257.96,258.05,257.83,257.88,900,2021-05-26 19:20:00,WIX
258.03,258.03,257.27,257.45,4571,2021-05-26 19:25:00,WIX
257.56,257.59,257.16,257.24,3905,2021-05-26 19:30:00,WIX
256.96,257.18,256.58,256.822,6485,2021-05-26 19:35:00,WIX
256.82,256.88,256.6,256.6,3479,2021-05-26 19:40:00,WIX
256.65,257.21,256.51,256.95,16900,2021-05-26 19:45:00,WIX
256.67,257.5,256.27,257.5,23161,2021-05-26 19:50:00,WIX
257.2801,258.03,256.84,258.0,44951,2021-05-26 19:55:00,WIX
257.5,257.5,257.5,257.5,28417,2021-05-26 20:00:00,WIX
257.5,257.5,257.5,257.5,623,2021-05-26 20:05:00,WIX
258.0,258.0,258.0,258.0,200,2021-05-26 20:10:00,WIX
258.05,258.05,258.05,258.05,100,2021-05-26 20:40:00,WIX
257.5,257.5,257.5,257.5,12417,2021-05-26 21:20:00,WIX
257.5,257.5,257.5,257.5,4978,2021-05-26 21:35:00,WIX
259.25,259.25,259.25,259.25,122,2021-05-26 23:05:00,WIX
258.0101,258.0101,258.0101,258.0101,202,2021-05-26 23:25:00,WIX
256.02,257.33,251.21,251.39,25660,2021-05-27 13:30:00,WIX
252.11,253.4664,250.0,251.85,7206,2021-05-27 13:35:00,WIX
253.42,253.4652,252.345,253.4652,500,2021-05-27 13:40:00,WIX
252.03,253.49,251.71,252.74,2900,2021-05-27 13:45:00,WIX
253.05,254.57,252.9,254.49,2812,2021-05-27 13:50:00,WIX
254.19,254.8769,254.19,254.235,22115,2021-05-27 13:55:00,WIX
254.565,254.61,253.0,253.22,11052,2021-05-27 14:00:00,WIX
252.98,254.49,252.6077,254.49,4884,2021-05-27 14:05:00,WIX
254.49,254.94,254.02,254.04,2193,2021-05-27 14:10:00,WIX
254.505,255.41,254.505,254.965,1839,2021-05-27 14:15:00,WIX
255.085,256.0,255.085,255.92,2400,2021-05-27 14:20:00,WIX
256.615,256.67,255.15,255.67,12070,2021-05-27 14:25:00,WIX
255.515,255.7,255.23,255.49,3073,2021-05-27 14:30:00,WIX
255.66,255.69,255.43,255.66,1524,2021-05-27 14:35:00,WIX
255.84,255.84,255.13,255.43,16986,2021-05-27 14:40:00,WIX
255.435,256.04,254.8,256.0,26493,2021-05-27 14:45:00,WIX
256.04,256.48,255.41,255.45,7447,2021-05-27 14:50:00,WIX
255.25,255.98,255.14,255.515,8042,2021-05-27 14:55:00,WIX
255.665,255.75,255.27,255.52,2310,2021-05-27 15:00:00,WIX
255.555,256.5,255.32,256.5,6560,2021-05-27 15:05:00,WIX
256.49,256.835,256.29,256.835,1200,2021-05-27 15:10:00,WIX
256.8573,256.8573,255.965,256.23,5963,2021-05-27 15:15:00,WIX
256.095,256.27,256.095,256.185,1596,2021-05-27 15:20:00,WIX
256.08,256.25,255.985,256.11,8119,2021-05-27 15:25:00,WIX
255.945,255.9994,255.5561,255.5561,1400,2021-05-27 15:30:00,WIX
255.32,255.78,255.22,255.625,1459,2021-05-27 15:35:00,WIX
255.625,255.71,255.05,255.28,3748,2021-05-27 15:40:00,WIX
255.31,255.445,255.15,255.24,12770,2021-05-27 15:45:00,WIX
255.24,255.34,254.915,254.915,955,2021-05-27 15:50:00,WIX
255.02,256.035,255.02,255.845,2085,2021-05-27 15:55:00,WIX
255.9151,256.11,255.71,255.71,877,2021-05-27 16:00:00,WIX
255.69,255.77,255.55,255.74,400,2021-05-27 16:05:00,WIX
256.09,256.29,255.96,256.17,5590,2021-05-27 16:10:00,WIX
256.17,256.31,255.905,256.28,7032,2021-05-27 16:15:00,WIX
256.05,257.1,256.05,257.1,2198,2021-05-27 16:20:00,WIX
257.78,258.19,257.61,258.09,1600,2021-05-27 16:25:00,WIX
258.17,258.17,258.17,258.17,100,2021-05-27 16:30:00,WIX
258.0,258.34,257.82,258.34,1750,2021-05-27 16:35:00,WIX
258.59,259.27,258.59,259.27,1183,2021-05-27 16:40:00,WIX
259.43,259.69,259.155,259.5,5043,2021-05-27 16:45:00,WIX
259.51,259.57,259.455,259.57,810,2021-05-27 16:50:00,WIX
259.73,259.73,259.17,259.28,6362,2021-05-27 16:55:00,WIX
259.25,259.25,258.62,258.82,800,2021-05-27 17:00:00,WIX
258.92,259.36,258.75,259.18,13601,2021-05-27 17:05:00,WIX
259.3,259.665,259.205,259.665,2318,2021-05-27 17:10:00,WIX
259.56,259.81,259.52,259.81,1199,2021-05-27 17:15:00,WIX
259.67,260.56,259.64,260.44,11223,2021-05-27 17:20:00,WIX
260.43,260.43,259.77,260.0,6215,2021-05-27 17:25:00,WIX
260.04,260.66,259.95,260.66,2800,2021-05-27 17:30:00,WIX
260.93,260.93,260.1,260.61,1700,2021-05-27 17:35:00,WIX
260.635,260.99,260.59,260.865,1167,2021-05-27 17:40:00,WIX
260.74,260.89,260.73,260.89,1000,2021-05-27 17:45:00,WIX
260.98,261.16,260.83,260.83,1610,2021-05-27 17:50:00,WIX
260.78,260.86,260.43,260.43,1800,2021-05-27 17:55:00,WIX
260.56,260.56,259.67,259.67,1100,2021-05-27 18:00:00,WIX
259.22,259.38,259.08,259.38,2212,2021-05-27 18:05:00,WIX
259.15,259.54,259.11,259.39,1300,2021-05-27 18:10:00,WIX
259.26,259.32,259.11,259.32,1500,2021-05-27 18:15:00,WIX
259.11,259.82,259.11,259.31,2881,2021-05-27 18:20:00,WIX
259.11,259.45,259.11,259.36,12462,2021-05-27 18:25:00,WIX
259.455,259.535,259.1,259.35,2700,2021-05-27 18:30:00,WIX
259.42,259.86,259.42,259.86,1929,2021-05-27 18:35:00,WIX
259.85,260.0,259.78,259.85,3997,2021-05-27 18:40:00,WIX
259.92,259.92,259.435,259.68,3984,2021-05-27 18:45:00,WIX
259.845,259.94,259.73,259.7625,600,2021-05-27 18:50:00,WIX
259.7951,259.84,259.52,259.715,4944,2021-05-27 18:55:00,WIX
259.43,259.61,259.13,259.13,1578,2021-05-27 19:00:00,WIX
259.06,259.21,258.91,259.04,1400,2021-05-27 19:05:00,WIX
259.25,259.25,259.25,259.25,100,2021-05-27 19:10:00,WIX
259.17,259.17,258.88,258.935,700,2021-05-27 19:15:00,WIX
258.83,258.83,257.89,258.02,2937,2021-05-27 19:20:00,WIX
258.18,258.68,258.04,258.68,6100,2021-05-27 19:25:00,WIX
258.57,258.89,257.98,258.04,6092,2021-05-27 19:30:00,WIX
257.95,258.49,257.95,258.08,2510,2021-05-27 19:35:00,WIX
257.895,258.065,257.45,257.625,7826,2021-05-27 19:40:00,WIX
257.675,258.15,257.675,257.87,15896,2021-05-27 19:45:00,WIX
258.0,258.98,257.73,258.98,15650,2021-05-27 19:50:00,WIX
259.0,259.54,258.74,259.23,32229,2021-05-27 19:55:00,WIX
259.23,259.23,259.23,259.23,91278,2021-05-27 20:00:00,WIX
261.8938,261.8938,261.8938,261.8938,200,2021-05-28 13:10:00,WIX
261.19,263.45,260.5,263.45,7904,2021-05-28 13:30:00,WIX
263.77,264.58,263.29,263.29,600,2021-05-28 13:35:00,WIX
264.57,265.0,263.89,265.0,1100,2021-05-28 13:40:00,WIX
264.34,264.94,263.465,263.48,2424,2021-05-28 13:45:00,WIX
263.67,264.65,263.67,264.65,1125,2021-05-28 13:50:00,WIX
264.42,266.75,264.42,265.905,10222,2021-05-28 13:55:00,WIX
266.28,266.28,264.535,264.77,2975,2021-05-28 14:00:00,WIX
265.021,265.12,265.021,265.1153,300,2021-05-28 14:05:00,WIX
264.9075,266.19,264.9075,265.74,1800,2021-05-28 14:10:00,WIX
265.44,265.44,264.59,264.7782,3274,2021-05-28 14:15:00,WIX
264.49,264.91,264.04,264.54,1322,2021-05-28 14:20:00,WIX
264.535,264.88,264.02,264.025,6625,2021-05-28 14:25:00,WIX
264.06,264.99,264.06,264.76,6181,2021-05-28 14:30:00,WIX
264.52,264.86,264.25,264.555,912,2021-05-28 14:35:00,WIX
264.85,264.85,264.19,264.3,2127,2021-05-28 14:40:00,WIX
264.3,264.335,263.7251,263.83,4600,2021-05-28 14:45:00,WIX
263.845,263.845,263.5986,263.84,634,2021-05-28 14:50:00,WIX
263.54,263.54,262.115,262.115,2364,2021-05-28 14:55:00,WIX
262.14,262.96,262.095,262.91,1815,2021-05-28 15:00:00,WIX
263.0808,263.63,262.71,263.315,1498,2021-05-28 15:05:00,WIX
263.46,263.58,263.19,263.19,3400,2021-05-28 15:10:00,WIX
263.04,263.4186,262.946,262.946,1629,2021-05-28 15:15:00,WIX
262.91,263.39,262.91,263.175,1000,2021-05-28 15:20:00,WIX
262.92,262.92,262.4,262.6,1725,2021-05-28 15:25:00,WIX
262.6,263.07,262.6,262.93,1300,2021-05-28 15:30:00,WIX
262.99,262.99,262.68,262.83,900,2021-05-28 15:35:00,WIX
262.83,262.84,262.72,262.83,796,2021-05-28 15:40:00,WIX
262.94,263.31,262.458,263.16,1850,2021-05-28 15:45:00,WIX
263.02,263.49,262.93,263.355,5859,2021-05-28 15:50:00,WIX
263.355,263.47,262.98,263.47,1399,2021-05-28 15:55:00,WIX
263.7225,264.4,263.7225,264.26,2400,2021-05-28 16:00:00,WIX
264.1764,264.67,264.0,264.0,1703,2021-05-28 16:05:00,WIX
264.28,264.83,264.165,264.75,2506,2021-05-28 16:10:00,WIX
264.795,264.81,264.57,264.57,1243,2021-05-28 16:15:00,WIX
264.8,264.8,264.34,264.51,1608,2021-05-28 16:20:00,WIX
264.715,265.5,264.65,265.34,14545,2021-05-28 16:25:00,WIX
265.45,265.45,265.03,265.1825,4203,2021-05-28 16:30:00,WIX
265.2,266.31,265.2,265.83,4045,2021-05-28 16:35:00,WIX
266.0,266.14,265.55,265.7,12300,2021-05-28 16:40:00,WIX
265.89,265.89,265.37,265.58,1200,2021-05-28 16:45:00,WIX
265.495,265.6,265.34,265.46,1126,2021-05-28 16:50:00,WIX
265.53,265.85,265.42,265.545,6425,2021-05-28 16:55:00,WIX
265.615,265.75,265.31,265.59,12731,2021-05-28 17:00:00,WIX
265.46,265.53,265.04,265.04,6979,2021-05-28 17:05:00,WIX
265.04,265.04,263.74,263.821,2862,2021-05-28 17:10:00,WIX
263.945,263.945,263.575,263.675,1058,2021-05-28 17:15:00,WIX
263.51,263.55,262.7,263.03,1486,2021-05-28 17:20:00,WIX
262.91,262.91,262.09,262.09,2038,2021-05-28 17:25:00,WIX
262.31,262.664,262.07,262.664,4778,2021-05-28 17:30:00,WIX
262.01,262.01,262.01,262.01,100,2021-05-28 17:35:00,WIX
261.75,261.84,261.31,261.31,635,2021-05-28 17:40:00,WIX
261.375,261.48,261.13,261.46,14800,2021-05-28 17:45:00,WIX
261.335,262.33,261.335,262.21,1600,2021-05-28 17:50:00,WIX
262.1,262.1963,261.955,262.1963,8076,2021-05-28 17:55:00,WIX
262.085,262.76,262.08,262.6875,3045,2021-05-28 18:00:00,WIX
262.415,262.49,261.92,262.01,5744,2021-05-28 18:05:00,WIX
262.15,262.29,262.15,262.2251,930,2021-05-28 18:10:00,WIX
262.73,262.92,262.73,262.8,600,2021-05-28 18:15:00,WIX
262.83,262.83,262.66,262.66,500,2021-05-28 18:20:00,WIX
262.39,262.89,262.39,262.89,400,2021-05-28 18:25:00,WIX
262.68,262.68,262.32,262.59,1503,2021-05-28 18:30:00,WIX
262.73,262.83,262.73,262.81,800,2021-05-28 18:35:00,WIX
262.93,263.23,262.93,263.19,1000,2021-05-28 18:40:00,WIX
263.15,263.17,263.15,263.17,300,2021-05-28 18:45:00,WIX
263.06,263.16,262.56,262.56,4300,2021-05-28 18:50:00,WIX
262.56,262.56,261.43,261.505,1800,2021-05-28 18:55:00,WIX
261.41,261.55,261.32,261.475,900,2021-05-28 19:00:00,WIX
261.3679,261.56,261.3679,261.45,1279,2021-05-28 19:05:00,WIX
261.545,261.545,260.97,261.52,7120,2021-05-28 19:10:00,WIX
261.61,262.24,261.6,262.12,4520,2021-05-28 19:15:00,WIX
262.155,262.36,262.02,262.19,3211,2021-05-28 19:20:00,WIX
261.58,262.02,261.58,261.7,2323,2021-05-28 19:25:00,WIX
261.77,261.835,260.46,260.46,3338,2021-05-28 19:30:00,WIX
260.8,261.23,260.8,260.87,1700,2021-05-28 19:35:00,WIX
260.94,260.94,260.04,260.04,3167,2021-05-28 19:40:00,WIX
260.0,260.755,259.84,260.58,7717,2021-05-28 19:45:00,WIX
260.695,260.95,260.31,260.31,12157,2021-05-28 19:50:00,WIX
260.39,260.49,259.75,260.02,22982,2021-05-28 19:55:00,WIX
259.86,259.86,259.86,259.86,39145,2021-05-28 20:00:00,WIX
