open,high,low,close,volume,datetime,symbol
9.52,9.66,9.52,9.66,925,2021-08-23 13:30:00,ANGN
9.55,9.645,9.55,9.645,3046,2021-08-23 13:39:00,ANGN
9.565,9.565,9.565,9.565,100,2021-08-23 13:40:00,ANGN
9.55,9.68,9.55,9.68,3400,2021-08-23 13:41:00,ANGN
9.67,9.68,9.5,9.52,2000,2021-08-23 13:42:00,ANGN
9.675,9.675,9.39,9.65,2108,2021-08-23 13:43:00,ANGN
9.66,9.66,9.64,9.64,200,2021-08-23 13:44:00,ANGN
9.68,9.68,9.64,9.64,300,2021-08-23 13:49:00,ANGN
9.79,9.8308,9.755,9.755,810,2021-08-23 13:52:00,ANGN
9.98,9.99,9.98,9.99,300,2021-08-23 13:53:00,ANGN
10.0,10.01,10.0,10.01,200,2021-08-23 13:55:00,ANGN
9.94,9.98,9.93,9.94,4403,2021-08-23 13:57:00,ANGN
9.86,9.94,9.84,9.84,1200,2021-08-23 13:58:00,ANGN
9.9,9.9,9.9,9.9,600,2021-08-23 14:02:00,ANGN
9.905,9.905,9.905,9.905,100,2021-08-23 14:03:00,ANGN
9.9,9.9,9.9,9.9,200,2021-08-23 14:04:00,ANGN
9.9,9.9,9.9,9.9,200,2021-08-23 14:06:00,ANGN
9.9,9.915,9.9,9.915,591,2021-08-23 14:07:00,ANGN
9.92,9.99,9.92,9.92,400,2021-08-23 14:11:00,ANGN
10.01,10.01,9.9,10.0,1700,2021-08-23 14:12:00,ANGN
9.92,9.95,9.9,9.91,705,2021-08-23 14:13:00,ANGN
9.9,10.0,9.9,10.0,351,2021-08-23 14:14:00,ANGN
9.94,9.94,9.935,9.935,200,2021-08-23 14:15:00,ANGN
9.93,9.93,9.93,9.93,100,2021-08-23 14:19:00,ANGN
9.9,9.9,9.9,9.9,200,2021-08-23 14:21:00,ANGN
9.9,9.93,9.9,9.93,200,2021-08-23 14:22:00,ANGN
9.915,9.915,9.915,9.915,200,2021-08-23 14:23:00,ANGN
9.91,9.91,9.91,9.91,200,2021-08-23 14:25:00,ANGN
9.9,9.9,9.9,9.9,200,2021-08-23 14:26:00,ANGN
9.9,9.9075,9.9,9.9075,500,2021-08-23 14:27:00,ANGN
9.9,9.9,9.9,9.9,200,2021-08-23 14:32:00,ANGN
9.864,9.93,9.86,9.87,500,2021-08-23 14:33:00,ANGN
9.92,9.92,9.92,9.92,100,2021-08-23 14:36:00,ANGN
9.87,9.88,9.86,9.88,800,2021-08-23 14:41:00,ANGN
9.915,9.92,9.915,9.92,300,2021-08-23 14:42:00,ANGN
9.845,9.91,9.845,9.845,2188,2021-08-23 14:43:00,ANGN
9.9,9.9,9.845,9.9,494,2021-08-23 14:44:00,ANGN
9.845,9.845,9.845,9.845,100,2021-08-23 14:45:00,ANGN
9.85,9.85,9.85,9.85,300,2021-08-23 14:46:00,ANGN
9.865,9.9019,9.865,9.9019,686,2021-08-23 14:47:00,ANGN
9.875,9.875,9.875,9.875,100,2021-08-23 14:48:00,ANGN
9.875,9.875,9.875,9.875,100,2021-08-23 14:49:00,ANGN
9.875,9.875,9.875,9.875,100,2021-08-23 14:50:00,ANGN
9.875,9.88,9.875,9.88,500,2021-08-23 14:51:00,ANGN
9.89,9.89,9.89,9.89,200,2021-08-23 14:52:00,ANGN
9.85,9.85,9.82,9.85,1500,2021-08-23 14:53:00,ANGN
9.8,9.85,9.8,9.85,300,2021-08-23 14:54:00,ANGN
9.85,9.85,9.85,9.85,100,2021-08-23 14:58:00,ANGN
9.79,9.79,9.79,9.79,200,2021-08-23 14:59:00,ANGN
9.805,9.805,9.805,9.805,100,2021-08-23 15:00:00,ANGN
9.79,9.79,9.79,9.79,100,2021-08-23 15:01:00,ANGN
9.79,9.79,9.79,9.79,100,2021-08-23 15:02:00,ANGN
9.79,9.79,9.79,9.79,200,2021-08-23 15:03:00,ANGN
9.79,9.79,9.79,9.79,100,2021-08-23 15:05:00,ANGN
9.79,9.79,9.79,9.79,133,2021-08-23 15:07:00,ANGN
9.79,9.79,9.79,9.79,200,2021-08-23 15:09:00,ANGN
9.79,9.79,9.79,9.79,100,2021-08-23 15:10:00,ANGN
9.79,9.79,9.79,9.79,100,2021-08-23 15:11:00,ANGN
9.85,9.85,9.85,9.85,100,2021-08-23 15:12:00,ANGN
9.855,9.855,9.79,9.79,200,2021-08-23 15:13:00,ANGN
9.79,9.79,9.79,9.79,200,2021-08-23 15:14:00,ANGN
9.85,9.85,9.79,9.79,300,2021-08-23 15:15:00,ANGN
9.785,9.785,9.785,9.785,100,2021-08-23 15:18:00,ANGN
9.775,9.775,9.775,9.775,100,2021-08-23 15:19:00,ANGN
9.775,9.775,9.775,9.775,100,2021-08-23 15:20:00,ANGN
9.775,9.775,9.775,9.775,400,2021-08-23 15:21:00,ANGN
9.775,9.775,9.775,9.775,100,2021-08-23 15:23:00,ANGN
9.775,9.775,9.775,9.775,100,2021-08-23 15:24:00,ANGN
9.73,9.73,9.72,9.72,500,2021-08-23 15:28:00,ANGN
9.695,9.695,9.695,9.695,200,2021-08-23 15:30:00,ANGN
9.745,9.745,9.745,9.745,100,2021-08-23 15:31:00,ANGN
9.65,9.65,9.64,9.64,600,2021-08-23 15:32:00,ANGN
9.58,9.58,9.58,9.58,100,2021-08-23 15:34:00,ANGN
9.68,9.68,9.68,9.68,200,2021-08-23 15:37:00,ANGN
9.67,9.67,9.67,9.67,100,2021-08-23 15:38:00,ANGN
9.76,9.76,9.76,9.76,100,2021-08-23 15:41:00,ANGN
9.76,9.76,9.76,9.76,100,2021-08-23 15:42:00,ANGN
9.76,9.76,9.76,9.76,100,2021-08-23 15:44:00,ANGN
9.76,9.76,9.76,9.76,200,2021-08-23 15:46:00,ANGN
9.76,9.76,9.76,9.76,200,2021-08-23 15:48:00,ANGN
9.76,9.93,9.76,9.93,300,2021-08-23 15:49:00,ANGN
9.835,9.835,9.835,9.835,8400,2021-08-23 15:52:00,ANGN
9.93,9.95,9.93,9.95,200,2021-08-23 15:53:00,ANGN
9.95,9.95,9.95,9.95,100,2021-08-23 15:55:00,ANGN
9.95,9.95,9.95,9.95,100,2021-08-23 15:56:00,ANGN
9.96,9.96,9.87,9.955,1000,2021-08-23 15:57:00,ANGN
9.96,9.98,9.96,9.98,200,2021-08-23 15:58:00,ANGN
9.98,9.98,9.9,9.97,1500,2021-08-23 15:59:00,ANGN
9.905,10.01,9.9,9.91,1800,2021-08-23 16:00:00,ANGN
9.91,9.91,9.91,9.91,100,2021-08-23 16:01:00,ANGN
9.86,9.91,9.86,9.91,690,2021-08-23 16:02:00,ANGN
9.915,9.915,9.915,9.915,500,2021-08-23 16:05:00,ANGN
9.92,9.92,9.9,9.9,500,2021-08-23 16:08:00,ANGN
9.8301,9.915,9.8301,9.915,1800,2021-08-23 16:09:00,ANGN
9.99,9.99,9.99,9.99,100,2021-08-23 16:10:00,ANGN
9.915,9.99,9.915,9.99,400,2021-08-23 16:11:00,ANGN
9.92,9.92,9.84,9.92,300,2021-08-23 16:12:00,ANGN
9.975,9.975,9.975,9.975,100,2021-08-23 16:14:00,ANGN
9.9,9.9075,9.9,9.9075,2400,2021-08-23 16:16:00,ANGN
9.975,9.975,9.9,9.96,700,2021-08-23 16:17:00,ANGN
9.905,9.905,9.9,9.9,600,2021-08-23 16:19:00,ANGN
9.95,9.95,9.95,9.95,100,2021-08-23 16:20:00,ANGN
9.905,9.95,9.905,9.95,200,2021-08-23 16:23:00,ANGN
9.9,9.905,9.9,9.905,600,2021-08-23 16:27:00,ANGN
9.91,9.96,9.91,9.935,1561,2021-08-23 16:31:00,ANGN
9.95,9.96,9.95,9.96,200,2021-08-23 16:32:00,ANGN
9.91,9.935,9.91,9.92,545,2021-08-23 16:34:00,ANGN
9.92,9.92,9.9125,9.915,1203,2021-08-23 16:35:00,ANGN
9.91,9.92,9.91,9.92,300,2021-08-23 16:36:00,ANGN
9.92,9.97,9.92,9.93,1400,2021-08-23 16:37:00,ANGN
9.94,9.94,9.94,9.94,200,2021-08-23 16:38:00,ANGN
9.94,9.94,9.94,9.94,100,2021-08-23 16:40:00,ANGN
9.94,9.94,9.94,9.94,300,2021-08-23 16:41:00,ANGN
9.94,9.94,9.94,9.94,200,2021-08-23 16:43:00,ANGN
9.94,9.96,9.92,9.96,3400,2021-08-23 16:44:00,ANGN
9.95,9.97,9.9175,9.93,1200,2021-08-23 16:45:00,ANGN
9.91,9.91,9.91,9.91,200,2021-08-23 16:47:00,ANGN
9.94,9.94,9.94,9.94,100,2021-08-23 16:48:00,ANGN
9.94,9.94,9.925,9.925,200,2021-08-23 16:51:00,ANGN
9.925,9.94,9.925,9.94,400,2021-08-23 16:52:00,ANGN
9.93,9.95,9.93,9.95,1200,2021-08-23 16:53:00,ANGN
9.92,9.92,9.92,9.92,200,2021-08-23 16:54:00,ANGN
9.94,9.94,9.93,9.93,995,2021-08-23 16:55:00,ANGN
9.91,9.91,9.91,9.91,500,2021-08-23 16:56:00,ANGN
9.94,9.95,9.94,9.95,271,2021-08-23 16:58:00,ANGN
9.99,9.99,9.98,9.98,200,2021-08-23 16:59:00,ANGN
9.99,9.99,9.99,9.99,200,2021-08-23 17:00:00,ANGN
9.955,9.955,9.955,9.955,100,2021-08-23 17:01:00,ANGN
9.98,9.98,9.98,9.98,288,2021-08-23 17:07:00,ANGN
9.955,9.955,9.955,9.955,100,2021-08-23 17:08:00,ANGN
9.9593,9.9593,9.9593,9.9593,1900,2021-08-23 17:11:00,ANGN
9.99,10.08,9.99,10.02,2358,2021-08-23 17:13:00,ANGN
10.02,10.08,10.02,10.08,627,2021-08-23 17:14:00,ANGN
10.035,10.18,10.01,10.17,5774,2021-08-23 17:15:00,ANGN
10.17,10.17,10.1,10.17,700,2021-08-23 17:16:00,ANGN
10.075,10.15,10.07,10.15,2000,2021-08-23 17:17:00,ANGN
10.17,10.17,10.17,10.17,700,2021-08-23 17:18:00,ANGN
10.175,10.175,10.175,10.175,100,2021-08-23 17:19:00,ANGN
10.175,10.235,10.09,10.09,4200,2021-08-23 17:20:00,ANGN
10.09,10.0995,10.09,10.0995,400,2021-08-23 17:21:00,ANGN
10.09,10.19,10.05,10.19,9300,2021-08-23 17:22:00,ANGN
10.195,10.205,10.195,10.205,500,2021-08-23 17:23:00,ANGN
10.205,10.205,10.1875,10.205,1800,2021-08-23 17:24:00,ANGN
10.205,10.205,10.205,10.205,284,2021-08-23 17:25:00,ANGN
10.205,10.205,10.175,10.175,800,2021-08-23 17:26:00,ANGN
10.205,10.205,10.205,10.205,100,2021-08-23 17:27:00,ANGN
10.205,10.205,10.205,10.205,100,2021-08-23 17:28:00,ANGN
10.205,10.205,10.14,10.14,600,2021-08-23 17:30:00,ANGN
10.175,10.175,10.175,10.175,100,2021-08-23 17:31:00,ANGN
10.205,10.205,10.205,10.205,100,2021-08-23 17:32:00,ANGN
10.1875,10.2,10.1875,10.2,300,2021-08-23 17:33:00,ANGN
10.2,10.2,10.2,10.2,100,2021-08-23 17:35:00,ANGN
10.17,10.17,10.17,10.17,100,2021-08-23 17:37:00,ANGN
10.2,10.2,10.195,10.195,233,2021-08-23 17:38:00,ANGN
10.2,10.2,10.185,10.2,300,2021-08-23 17:39:00,ANGN
10.18,10.18,10.18,10.18,120,2021-08-23 17:40:00,ANGN
10.2,10.21,10.165,10.165,500,2021-08-23 17:42:00,ANGN
10.14,10.165,10.11,10.13,2479,2021-08-23 17:44:00,ANGN
10.1525,10.1525,10.1525,10.1525,300,2021-08-23 17:45:00,ANGN
10.135,10.155,10.135,10.155,200,2021-08-23 17:46:00,ANGN
10.155,10.155,10.155,10.155,300,2021-08-23 17:48:00,ANGN
10.11,10.11,10.11,10.11,200,2021-08-23 17:49:00,ANGN
10.155,10.155,10.1525,10.1525,200,2021-08-23 17:50:00,ANGN
10.155,10.2,10.155,10.2,400,2021-08-23 17:51:00,ANGN
10.215,10.215,10.2,10.2005,400,2021-08-23 17:53:00,ANGN
10.215,10.215,10.215,10.215,400,2021-08-23 17:54:00,ANGN
10.18,10.215,10.18,10.215,400,2021-08-23 17:55:00,ANGN
10.215,10.22,10.215,10.22,200,2021-08-23 17:57:00,ANGN
10.22,10.22,10.07,10.07,1600,2021-08-23 17:58:00,ANGN
10.02,10.06,9.95,9.95,6700,2021-08-23 17:59:00,ANGN
9.99,10.04,9.98,10.005,1800,2021-08-23 18:00:00,ANGN
10.03,10.03,10.015,10.015,902,2021-08-23 18:01:00,ANGN
10.035,10.035,10.035,10.035,100,2021-08-23 18:02:00,ANGN
10.03,10.03,10.03,10.03,100,2021-08-23 18:03:00,ANGN
10.035,10.035,10.035,10.035,100,2021-08-23 18:04:00,ANGN
10.025,10.025,10.025,10.025,100,2021-08-23 18:06:00,ANGN
9.98,10.01,9.94,9.965,4200,2021-08-23 18:07:00,ANGN
9.975,10.0,9.95,9.95,1800,2021-08-23 18:08:00,ANGN
9.92,9.92,9.855,9.86,8294,2021-08-23 18:09:00,ANGN
9.79,9.855,9.75,9.75,500,2021-08-23 18:10:00,ANGN
9.83,9.84,9.785,9.82,7302,2021-08-23 18:12:00,ANGN
9.925,9.925,9.81,9.925,500,2021-08-23 18:13:00,ANGN
9.93,10.0,9.9,10.0,2661,2021-08-23 18:15:00,ANGN
9.99,10.015,9.99,10.015,1700,2021-08-23 18:16:00,ANGN
10.01,10.01,10.01,10.01,100,2021-08-23 18:17:00,ANGN
10.01,10.01,10.01,10.01,100,2021-08-23 18:18:00,ANGN
10.01,10.01,10.01,10.01,100,2021-08-23 18:19:00,ANGN
9.97,9.97,9.9,9.9,1350,2021-08-23 18:20:00,ANGN
9.965,9.965,9.965,9.965,100,2021-08-23 18:23:00,ANGN
9.9525,9.9525,9.9525,9.9525,100,2021-08-23 18:25:00,ANGN
9.93,9.93,9.93,9.93,100,2021-08-23 18:28:00,ANGN
9.945,9.945,9.93,9.94,600,2021-08-23 18:29:00,ANGN
9.94,9.94,9.94,9.94,100,2021-08-23 18:30:00,ANGN
9.94,9.99,9.94,9.99,300,2021-08-23 18:32:00,ANGN
9.94,9.94,9.91,9.91,700,2021-08-23 18:33:00,ANGN
9.87,9.87,9.87,9.87,300,2021-08-23 18:34:00,ANGN
9.85,9.88,9.85,9.88,700,2021-08-23 18:35:00,ANGN
9.9,9.9,9.87,9.87,792,2021-08-23 18:37:00,ANGN
9.885,9.885,9.885,9.885,100,2021-08-23 18:38:00,ANGN
9.885,9.885,9.885,9.885,200,2021-08-23 18:39:00,ANGN
9.93,9.94,9.89,9.89,847,2021-08-23 18:41:00,ANGN
9.93,9.93,9.89,9.89,600,2021-08-23 18:42:00,ANGN
9.92,9.92,9.92,9.92,100,2021-08-23 18:45:00,ANGN
9.895,9.895,9.895,9.895,100,2021-08-23 18:48:00,ANGN
9.91,9.91,9.91,9.91,100,2021-08-23 18:51:00,ANGN
9.91,9.91,9.91,9.91,200,2021-08-23 18:52:00,ANGN
9.895,9.895,9.895,9.895,100,2021-08-23 18:54:00,ANGN
9.92,9.92,9.87,9.87,1100,2021-08-23 18:55:00,ANGN
9.88,9.88,9.88,9.88,100,2021-08-23 18:58:00,ANGN
9.89,9.89,9.89,9.89,711,2021-08-23 19:00:00,ANGN
9.86,9.86,9.86,9.86,100,2021-08-23 19:02:00,ANGN
9.83,9.89,9.83,9.89,200,2021-08-23 19:03:00,ANGN
9.89,9.9,9.89,9.9,283,2021-08-23 19:05:00,ANGN
9.95,9.95,9.95,9.95,100,2021-08-23 19:07:00,ANGN
9.95,9.98,9.95,9.97,1000,2021-08-23 19:08:00,ANGN
9.98,9.98,9.925,9.925,300,2021-08-23 19:09:00,ANGN
9.925,9.97,9.925,9.97,200,2021-08-23 19:11:00,ANGN
9.97,9.97,9.97,9.97,100,2021-08-23 19:13:00,ANGN
9.97,10.04,9.97,10.0,900,2021-08-23 19:14:00,ANGN
10.0,10.0,10.0,10.0,100,2021-08-23 19:15:00,ANGN
10.01,10.01,10.005,10.005,300,2021-08-23 19:16:00,ANGN
10.05,10.05,10.05,10.05,100,2021-08-23 19:18:00,ANGN
10.005,10.005,10.005,10.005,500,2021-08-23 19:19:00,ANGN
10.005,10.005,10.0,10.0,800,2021-08-23 19:20:00,ANGN
9.96,9.96,9.96,9.96,100,2021-08-23 19:21:00,ANGN
10.0,10.0,10.0,10.0,100,2021-08-23 19:22:00,ANGN
10.0,10.015,10.0,10.01,700,2021-08-23 19:23:00,ANGN
10.01,10.01,10.01,10.01,300,2021-08-23 19:24:00,ANGN
10.0,10.0,10.0,10.0,133,2021-08-23 19:25:00,ANGN
9.995,10.07,9.99,10.025,2422,2021-08-23 19:26:00,ANGN
10.0225,10.025,10.0225,10.025,200,2021-08-23 19:27:00,ANGN
10.02,10.02,9.96,10.0,2900,2021-08-23 19:28:00,ANGN
10.0,10.01,10.0,10.005,1150,2021-08-23 19:29:00,ANGN
10.005,10.005,10.005,10.005,200,2021-08-23 19:30:00,ANGN
10.005,10.005,9.98,10.005,400,2021-08-23 19:31:00,ANGN
9.99,9.99,9.99,9.99,100,2021-08-23 19:32:00,ANGN
10.0,10.0,10.0,10.0,300,2021-08-23 19:34:00,ANGN
10.0,10.0,10.0,10.0,200,2021-08-23 19:35:00,ANGN
10.03,10.03,10.03,10.03,100,2021-08-23 19:38:00,ANGN
10.03,10.03,10.015,10.03,600,2021-08-23 19:39:00,ANGN
10.08,10.08,10.07,10.07,200,2021-08-23 19:40:00,ANGN
10.08,10.08,10.08,10.08,300,2021-08-23 19:41:00,ANGN
10.085,10.1,10.085,10.1,300,2021-08-23 19:43:00,ANGN
10.1,10.1,10.065,10.065,936,2021-08-23 19:44:00,ANGN
10.08,10.285,10.065,10.25,4752,2021-08-23 19:45:00,ANGN
10.2,10.215,9.99,9.99,2500,2021-08-23 19:46:00,ANGN
10.07,10.1,10.025,10.07,3920,2021-08-23 19:47:00,ANGN
10.04,10.1,10.04,10.05,2800,2021-08-23 19:48:00,ANGN
10.1,10.1,10.1,10.1,100,2021-08-23 19:49:00,ANGN
10.05,10.25,10.05,10.25,1405,2021-08-23 19:50:00,ANGN
10.195,10.241,10.195,10.241,300,2021-08-23 19:51:00,ANGN
10.195,10.27,10.19,10.21,600,2021-08-23 19:52:00,ANGN
10.21,10.21,10.21,10.21,400,2021-08-23 19:53:00,ANGN
10.135,10.235,10.135,10.14,1624,2021-08-23 19:54:00,ANGN
10.14,10.205,10.14,10.15,1700,2021-08-23 19:55:00,ANGN
10.14,10.255,10.03,10.04,4371,2021-08-23 19:56:00,ANGN
10.04,10.115,10.01,10.03,1400,2021-08-23 19:57:00,ANGN
10.03,10.09,10.03,10.05,1766,2021-08-23 19:58:00,ANGN
10.04,10.07,9.94,10.0,4140,2021-08-23 19:59:00,ANGN
10.07,10.07,10.07,10.07,4559,2021-08-23 20:00:00,ANGN
10.15,10.15,10.12,10.12,863,2021-08-24 13:30:00,ANGN
10.195,10.198,10.05,10.055,931,2021-08-24 13:44:00,ANGN
10.06,10.075,10.06,10.075,1400,2021-08-24 13:46:00,ANGN
10.075,10.075,10.075,10.075,200,2021-08-24 13:47:00,ANGN
10.075,10.075,10.075,10.075,300,2021-08-24 13:48:00,ANGN
10.075,10.075,10.075,10.075,200,2021-08-24 13:49:00,ANGN
10.08,10.15,10.07,10.14,800,2021-08-24 13:51:00,ANGN
10.08,10.08,10.08,10.08,100,2021-08-24 13:52:00,ANGN
10.1,10.1,10.1,10.1,100,2021-08-24 13:53:00,ANGN
10.1,10.14,10.1,10.105,400,2021-08-24 13:54:00,ANGN
10.1,10.1,10.1,10.1,200,2021-08-24 13:55:00,ANGN
10.1,10.1,10.0,10.0,2700,2021-08-24 13:56:00,ANGN
9.97,9.98,9.95,9.96,925,2021-08-24 13:57:00,ANGN
10.0,10.02,9.99,10.005,3400,2021-08-24 13:58:00,ANGN
10.0,10.01,9.99,9.99,1302,2021-08-24 13:59:00,ANGN
10.0,10.0,10.0,10.0,300,2021-08-24 14:00:00,ANGN
9.96,9.96,9.96,9.96,200,2021-08-24 14:01:00,ANGN
9.96,9.96,9.96,9.96,203,2021-08-24 14:02:00,ANGN
9.97,9.97,9.94,9.94,400,2021-08-24 14:04:00,ANGN
9.93,9.93,9.93,9.93,400,2021-08-24 14:08:00,ANGN
9.89,9.89,9.89,9.89,200,2021-08-24 14:09:00,ANGN
9.84,9.84,9.84,9.84,100,2021-08-24 14:11:00,ANGN
9.915,9.915,9.915,9.915,200,2021-08-24 14:14:00,ANGN
9.91,10.0,9.91,10.0,200,2021-08-24 14:21:00,ANGN
9.86,9.98,9.77,9.77,3607,2021-08-24 14:22:00,ANGN
9.745,9.745,9.67,9.67,900,2021-08-24 14:25:00,ANGN
9.67,9.67,9.66,9.66,200,2021-08-24 14:26:00,ANGN
9.71,9.72,9.64,9.64,1400,2021-08-24 14:30:00,ANGN
9.71,9.71,9.63,9.71,700,2021-08-24 14:31:00,ANGN
9.71,9.71,9.59,9.59,800,2021-08-24 14:32:00,ANGN
9.59,9.685,9.58,9.685,500,2021-08-24 14:34:00,ANGN
9.685,9.685,9.685,9.685,100,2021-08-24 14:37:00,ANGN
9.685,9.685,9.58,9.685,400,2021-08-24 14:38:00,ANGN
9.61,9.695,9.53,9.53,3199,2021-08-24 14:41:00,ANGN
9.62,9.62,9.62,9.62,100,2021-08-24 14:46:00,ANGN
9.55,9.56,9.48,9.48,6700,2021-08-24 14:48:00,ANGN
9.55,9.55,9.55,9.55,200,2021-08-24 14:49:00,ANGN
9.48,9.48,9.48,9.48,1000,2021-08-24 14:50:00,ANGN
9.62,9.62,9.62,9.62,100,2021-08-24 14:54:00,ANGN
9.555,9.555,9.555,9.555,200,2021-08-24 15:01:00,ANGN
9.62,9.62,9.62,9.62,100,2021-08-24 15:03:00,ANGN
9.555,9.555,9.51,9.51,600,2021-08-24 15:04:00,ANGN
9.555,9.555,9.555,9.555,100,2021-08-24 15:05:00,ANGN
9.555,9.555,9.555,9.555,100,2021-08-24 15:06:00,ANGN
9.555,9.57,9.555,9.57,200,2021-08-24 15:07:00,ANGN
9.57,9.57,9.49,9.49,905,2021-08-24 15:08:00,ANGN
9.5262,9.58,9.47,9.58,900,2021-08-24 15:09:00,ANGN
9.61,9.61,9.5,9.5,200,2021-08-24 15:11:00,ANGN
9.61,9.61,9.61,9.61,100,2021-08-24 15:12:00,ANGN
9.61,9.61,9.61,9.61,100,2021-08-24 15:14:00,ANGN
9.61,9.62,9.585,9.585,800,2021-08-24 15:15:00,ANGN
9.585,9.585,9.585,9.585,100,2021-08-24 15:17:00,ANGN
9.585,9.62,9.55,9.62,433,2021-08-24 15:18:00,ANGN
9.61,9.61,9.56,9.56,200,2021-08-24 15:20:00,ANGN
9.61,9.61,9.61,9.61,200,2021-08-24 15:21:00,ANGN
9.59,9.59,9.56,9.56,200,2021-08-24 15:22:00,ANGN
9.61,9.62,9.51,9.51,1794,2021-08-24 15:24:00,ANGN
9.61,9.61,9.61,9.61,100,2021-08-24 15:27:00,ANGN
9.61,9.61,9.61,9.61,200,2021-08-24 15:28:00,ANGN
9.61,9.61,9.49,9.49,200,2021-08-24 15:31:00,ANGN
9.47,9.47,9.47,9.47,100,2021-08-24 15:33:00,ANGN
9.61,9.61,9.48,9.48,200,2021-08-24 15:34:00,ANGN
9.61,9.61,9.61,9.61,200,2021-08-24 15:35:00,ANGN
9.61,9.61,9.61,9.61,100,2021-08-24 15:36:00,ANGN
9.62,9.62,9.615,9.62,300,2021-08-24 15:37:00,ANGN
9.5886,9.6,9.555,9.6,500,2021-08-24 15:38:00,ANGN
9.6,9.6,9.5,9.6,300,2021-08-24 15:39:00,ANGN
9.52,9.525,9.42,9.46,1636,2021-08-24 15:40:00,ANGN
9.41,9.41,9.405,9.405,800,2021-08-24 15:41:00,ANGN
9.405,9.405,9.405,9.405,200,2021-08-24 15:42:00,ANGN
9.42,9.42,9.38,9.38,900,2021-08-24 15:44:00,ANGN
9.45,9.45,9.45,9.45,200,2021-08-24 15:49:00,ANGN
9.395,9.395,9.395,9.395,100,2021-08-24 15:54:00,ANGN
9.41,9.45,9.37,9.45,1100,2021-08-24 15:56:00,ANGN
9.45,9.52,9.41,9.41,2800,2021-08-24 15:58:00,ANGN
9.495,9.495,9.495,9.495,100,2021-08-24 15:59:00,ANGN
9.57,9.57,9.57,9.57,100,2021-08-24 16:00:00,ANGN
9.505,9.57,9.505,9.57,600,2021-08-24 16:02:00,ANGN
9.44,9.44,9.38,9.38,1516,2021-08-24 16:04:00,ANGN
9.495,9.495,9.44,9.44,200,2021-08-24 16:05:00,ANGN
9.5,9.5,9.5,9.5,100,2021-08-24 16:08:00,ANGN
9.465,9.465,9.465,9.465,100,2021-08-24 16:11:00,ANGN
9.465,9.465,9.465,9.465,100,2021-08-24 16:12:00,ANGN
9.475,9.475,9.451,9.475,400,2021-08-24 16:13:00,ANGN
9.465,9.465,9.38,9.38,1780,2021-08-24 16:15:00,ANGN
9.37,9.42,9.36,9.42,500,2021-08-24 16:17:00,ANGN
9.45,9.45,9.42,9.42,200,2021-08-24 16:21:00,ANGN
9.42,9.42,9.36,9.36,200,2021-08-24 16:22:00,ANGN
9.475,9.475,9.475,9.475,100,2021-08-24 16:23:00,ANGN
9.48,9.48,9.48,9.48,200,2021-08-24 16:26:00,ANGN
9.47,9.47,9.44,9.44,200,2021-08-24 16:31:00,ANGN
9.47,9.48,9.47,9.48,200,2021-08-24 16:32:00,ANGN
9.42,9.42,9.42,9.42,100,2021-08-24 16:33:00,ANGN
9.47,9.48,9.44,9.44,1290,2021-08-24 16:34:00,ANGN
9.48,9.52,9.48,9.52,300,2021-08-24 16:35:00,ANGN
9.555,9.555,9.48,9.48,1200,2021-08-24 16:37:00,ANGN
9.505,9.505,9.45,9.49,300,2021-08-24 16:41:00,ANGN
9.55,9.55,9.43,9.43,700,2021-08-24 16:43:00,ANGN
9.53,9.53,9.53,9.53,100,2021-08-24 16:45:00,ANGN
9.53,9.53,9.53,9.53,100,2021-08-24 16:47:00,ANGN
9.53,9.53,9.53,9.53,100,2021-08-24 16:48:00,ANGN
9.45,9.45,9.45,9.45,100,2021-08-24 16:49:00,ANGN
9.53,9.53,9.53,9.53,100,2021-08-24 16:50:00,ANGN
9.53,9.54,9.49,9.52,1878,2021-08-24 16:52:00,ANGN
9.54,9.54,9.54,9.54,100,2021-08-24 16:54:00,ANGN
9.6,9.6,9.59,9.6,1100,2021-08-24 16:55:00,ANGN
9.615,9.615,9.57,9.57,3200,2021-08-24 16:56:00,ANGN
9.55,9.55,9.49,9.49,800,2021-08-24 16:57:00,ANGN
9.49,9.49,9.49,9.49,100,2021-08-24 16:58:00,ANGN
9.57,9.57,9.56,9.56,1000,2021-08-24 17:03:00,ANGN
9.565,9.5675,9.4,9.4,4980,2021-08-24 17:05:00,ANGN
9.48,9.48,9.48,9.48,100,2021-08-24 17:09:00,ANGN
9.39,9.39,9.38,9.38,200,2021-08-24 17:12:00,ANGN
9.48,9.48,9.48,9.48,100,2021-08-24 17:15:00,ANGN
9.38,9.4,9.38,9.4,200,2021-08-24 17:16:00,ANGN
9.5,9.57,9.5,9.54,300,2021-08-24 17:20:00,ANGN
9.56,9.575,9.55,9.575,300,2021-08-24 17:21:00,ANGN
9.575,9.575,9.52,9.56,1380,2021-08-24 17:22:00,ANGN
9.56,9.56,9.48,9.48,900,2021-08-24 17:24:00,ANGN
9.515,9.515,9.515,9.515,100,2021-08-24 17:26:00,ANGN
9.43,9.44,9.43,9.43,996,2021-08-24 17:30:00,ANGN
9.52,9.583,9.44,9.52,1800,2021-08-24 17:31:00,ANGN
9.45,9.515,9.43,9.51,900,2021-08-24 17:34:00,ANGN
9.51,9.51,9.51,9.51,100,2021-08-24 17:36:00,ANGN
9.525,9.525,9.47,9.47,300,2021-08-24 17:38:00,ANGN
9.525,9.525,9.525,9.525,100,2021-08-24 17:40:00,ANGN
9.58,9.59,9.58,9.59,200,2021-08-24 17:41:00,ANGN
9.5,9.57,9.48,9.48,3967,2021-08-24 17:43:00,ANGN
9.535,9.58,9.535,9.58,200,2021-08-24 17:44:00,ANGN
9.58,9.585,9.54,9.585,1300,2021-08-24 17:45:00,ANGN
9.5886,9.5886,9.55,9.585,1400,2021-08-24 17:46:00,ANGN
9.585,9.585,9.585,9.585,200,2021-08-24 17:48:00,ANGN
9.585,9.585,9.585,9.585,100,2021-08-24 17:51:00,ANGN
9.57,9.59,9.55,9.55,1137,2021-08-24 17:54:00,ANGN
9.551,9.57,9.551,9.57,200,2021-08-24 17:57:00,ANGN
9.59,9.59,9.59,9.59,100,2021-08-24 18:01:00,ANGN
9.58,9.58,9.57,9.58,300,2021-08-24 18:02:00,ANGN
9.59,9.59,9.59,9.59,200,2021-08-24 18:04:00,ANGN
9.58,9.59,9.58,9.58,440,2021-08-24 18:05:00,ANGN
9.61,9.61,9.61,9.61,253,2021-08-24 18:06:00,ANGN
9.62,9.62,9.62,9.62,160,2021-08-24 18:07:00,ANGN
9.66,9.69,9.66,9.69,640,2021-08-24 18:08:00,ANGN
9.69,9.73,9.57,9.57,3700,2021-08-24 18:11:00,ANGN
9.645,9.645,9.645,9.645,100,2021-08-24 18:15:00,ANGN
9.55,9.69,9.55,9.55,700,2021-08-24 18:16:00,ANGN
9.625,9.625,9.625,9.625,100,2021-08-24 18:17:00,ANGN
9.615,9.615,9.55,9.55,300,2021-08-24 18:18:00,ANGN
9.55,9.55,9.55,9.55,100,2021-08-24 18:19:00,ANGN
9.57,9.57,9.57,9.57,100,2021-08-24 18:21:00,ANGN
9.64,9.64,9.64,9.64,100,2021-08-24 18:24:00,ANGN
9.66,9.66,9.65,9.66,800,2021-08-24 18:25:00,ANGN
9.59,9.59,9.59,9.59,100,2021-08-24 18:26:00,ANGN
9.59,9.59,9.59,9.59,200,2021-08-24 18:28:00,ANGN
9.65,9.65,9.65,9.65,100,2021-08-24 18:29:00,ANGN
9.65,9.65,9.65,9.65,100,2021-08-24 18:31:00,ANGN
9.65,9.66,9.65,9.66,900,2021-08-24 18:33:00,ANGN
9.75,9.85,9.75,9.85,500,2021-08-24 18:34:00,ANGN
9.85,9.85,9.85,9.85,100,2021-08-24 18:35:00,ANGN
9.84,9.84,9.84,9.84,100,2021-08-24 18:36:00,ANGN
9.92,9.98,9.92,9.98,200,2021-08-24 18:37:00,ANGN
9.98,9.99,9.98,9.99,600,2021-08-24 18:38:00,ANGN
9.925,9.925,9.925,9.925,100,2021-08-24 18:40:00,ANGN
9.99,9.99,9.99,9.99,300,2021-08-24 18:41:00,ANGN
9.93,9.99,9.82,9.82,9117,2021-08-24 18:42:00,ANGN
9.82,9.82,9.81,9.81,500,2021-08-24 18:43:00,ANGN
9.765,9.84,9.765,9.84,200,2021-08-24 18:48:00,ANGN
9.7966,9.87,9.7966,9.87,2931,2021-08-24 18:50:00,ANGN
9.85,9.85,9.85,9.85,100,2021-08-24 18:52:00,ANGN
9.85,9.91,9.85,9.91,200,2021-08-24 18:53:00,ANGN
9.91,9.91,9.83,9.85,695,2021-08-24 18:54:00,ANGN
9.85,9.85,9.81,9.81,700,2021-08-24 18:55:00,ANGN
9.85,9.85,9.85,9.85,300,2021-08-24 18:56:00,ANGN
9.91,9.94,9.88,9.91,739,2021-08-24 18:57:00,ANGN
9.89,9.89,9.81,9.84,2200,2021-08-24 18:58:00,ANGN
9.84,9.84,9.84,9.84,100,2021-08-24 19:01:00,ANGN
9.84,9.84,9.84,9.84,100,2021-08-24 19:06:00,ANGN
9.88,9.88,9.88,9.88,100,2021-08-24 19:09:00,ANGN
9.845,9.845,9.845,9.845,100,2021-08-24 19:10:00,ANGN
9.88,9.88,9.845,9.845,300,2021-08-24 19:11:00,ANGN
9.88,9.89,9.88,9.89,424,2021-08-24 19:14:00,ANGN
9.93,9.98,9.93,9.97,600,2021-08-24 19:15:00,ANGN
9.98,10.0,9.97,10.0,5637,2021-08-24 19:16:00,ANGN
10.0,10.01,10.0,10.01,1969,2021-08-24 19:17:00,ANGN
9.99,10.04,9.76,9.76,9261,2021-08-24 19:18:00,ANGN
9.765,9.77,9.76,9.76,2200,2021-08-24 19:19:00,ANGN
9.92,9.92,9.92,9.92,100,2021-08-24 19:20:00,ANGN
9.875,9.875,9.875,9.875,100,2021-08-24 19:22:00,ANGN
9.89,9.89,9.89,9.89,100,2021-08-24 19:25:00,ANGN
9.88,9.89,9.87,9.87,400,2021-08-24 19:26:00,ANGN
9.98,9.98,9.98,9.98,100,2021-08-24 19:27:00,ANGN
9.915,9.915,9.915,9.915,100,2021-08-24 19:28:00,ANGN
9.98,9.98,9.98,9.98,100,2021-08-24 19:29:00,ANGN
9.915,9.915,9.915,9.915,200,2021-08-24 19:30:00,ANGN
9.915,9.915,9.915,9.915,100,2021-08-24 19:31:00,ANGN
9.915,9.915,9.915,9.915,100,2021-08-24 19:32:00,ANGN
9.915,9.99,9.915,9.99,300,2021-08-24 19:33:00,ANGN
9.98,9.98,9.97,9.97,200,2021-08-24 19:34:00,ANGN
9.97,9.98,9.96,9.98,600,2021-08-24 19:35:00,ANGN
10.0,10.06,10.0,10.01,800,2021-08-24 19:36:00,ANGN
10.02,10.02,9.96,9.96,628,2021-08-24 19:37:00,ANGN
10.005,10.005,10.005,10.005,400,2021-08-24 19:38:00,ANGN
10.005,10.01,9.9601,10.01,1200,2021-08-24 19:39:00,ANGN
10.01,10.08,10.0,10.03,1700,2021-08-24 19:40:00,ANGN
10.05,10.09,9.955,9.955,3006,2021-08-24 19:41:00,ANGN
9.94,9.94,9.94,9.94,300,2021-08-24 19:43:00,ANGN
9.895,9.895,9.89,9.89,200,2021-08-24 19:45:00,ANGN
9.88,9.88,9.88,9.88,100,2021-08-24 19:46:00,ANGN
9.88,9.92,9.88,9.92,500,2021-08-24 19:47:00,ANGN
9.895,9.95,9.895,9.95,596,2021-08-24 19:48:00,ANGN
9.94,9.94,9.905,9.94,300,2021-08-24 19:49:00,ANGN
9.95,10.005,9.95,10.005,1858,2021-08-24 19:50:00,ANGN
10.0,10.0,9.96,10.0,500,2021-08-24 19:51:00,ANGN
10.0,10.03,9.995,10.0,852,2021-08-24 19:52:00,ANGN
9.96,10.0,9.96,10.0,1700,2021-08-24 19:53:00,ANGN
10.0,10.0,9.93,9.93,1700,2021-08-24 19:54:00,ANGN
9.95,9.95,9.89,9.925,831,2021-08-24 19:55:00,ANGN
9.925,9.95,9.925,9.95,400,2021-08-24 19:56:00,ANGN
9.945,9.95,9.92,9.92,1300,2021-08-24 19:57:00,ANGN
9.95,9.96,9.925,9.96,1300,2021-08-24 19:58:00,ANGN
9.96,9.96,9.86,9.89,2973,2021-08-24 19:59:00,ANGN
9.9,9.9,9.9,9.9,2195,2021-08-24 20:00:00,ANGN
9.94,9.94,9.94,9.94,211,2021-08-25 13:30:00,ANGN
9.9501,10.08,9.9501,10.08,555,2021-08-25 13:36:00,ANGN
10.0,10.0,10.0,10.0,100,2021-08-25 13:48:00,ANGN
9.86,10.0,9.86,10.0,993,2021-08-25 13:51:00,ANGN
9.8,9.8,9.8,9.8,809,2021-08-25 13:53:00,ANGN
9.8001,9.8001,9.8001,9.8001,1134,2021-08-25 13:54:00,ANGN
9.97,9.97,9.97,9.97,100,2021-08-25 13:55:00,ANGN
9.93,9.95,9.93,9.95,2298,2021-08-25 13:58:00,ANGN
10.06,10.06,10.06,10.06,100,2021-08-25 13:59:00,ANGN
9.9879,10.05,9.9879,10.01,2200,2021-08-25 14:01:00,ANGN
10.12,10.12,10.12,10.12,200,2021-08-25 14:02:00,ANGN
10.0405,10.05,10.0405,10.05,500,2021-08-25 14:03:00,ANGN
10.13,10.13,10.13,10.13,300,2021-08-25 14:04:00,ANGN
10.08,10.08,10.03,10.03,1099,2021-08-25 14:06:00,ANGN
10.03,10.03,10.03,10.03,100,2021-08-25 14:07:00,ANGN
10.14,10.14,10.05,10.05,531,2021-08-25 14:12:00,ANGN
10.11,10.11,10.11,10.11,100,2021-08-25 14:13:00,ANGN
10.09,10.09,10.09,10.09,100,2021-08-25 14:14:00,ANGN
10.14,10.14,10.14,10.14,155,2021-08-25 14:15:00,ANGN
10.17,10.17,10.16,10.16,599,2021-08-25 14:16:00,ANGN
10.16,10.24,10.14,10.24,300,2021-08-25 14:17:00,ANGN
10.24,10.24,10.16,10.16,1699,2021-08-25 14:18:00,ANGN
10.13,10.16,10.05,10.12,2022,2021-08-25 14:19:00,ANGN
10.05,10.05,9.98,9.98,400,2021-08-25 14:20:00,ANGN
10.0,10.0,10.0,10.0,100,2021-08-25 14:22:00,ANGN
10.0,10.0,10.0,10.0,200,2021-08-25 14:23:00,ANGN
9.97,9.97,9.97,9.97,100,2021-08-25 14:24:00,ANGN
10.0,10.0,10.0,10.0,200,2021-08-25 14:26:00,ANGN
10.01,10.01,10.01,10.01,200,2021-08-25 14:28:00,ANGN
10.06,10.08,10.03,10.03,849,2021-08-25 14:29:00,ANGN
10.02,10.06,10.01,10.01,500,2021-08-25 14:30:00,ANGN
10.0,10.0,10.0,10.0,100,2021-08-25 14:32:00,ANGN
10.03,10.03,10.02,10.02,200,2021-08-25 14:38:00,ANGN
10.02,10.09,10.02,10.02,400,2021-08-25 14:39:00,ANGN
10.09,10.09,10.09,10.09,100,2021-08-25 14:42:00,ANGN
10.0437,10.0437,10.03,10.04,500,2021-08-25 14:43:00,ANGN
10.01,10.01,10.01,10.01,100,2021-08-25 14:44:00,ANGN
10.0,10.0,10.0,10.0,100,2021-08-25 14:45:00,ANGN
9.99,10.03,9.99,10.03,452,2021-08-25 14:48:00,ANGN
10.06,10.08,10.06,10.08,200,2021-08-25 14:56:00,ANGN
10.02,10.02,10.02,10.02,100,2021-08-25 14:57:00,ANGN
10.1,10.1,10.065,10.065,223,2021-08-25 14:59:00,ANGN
10.075,10.075,10.01,10.01,1000,2021-08-25 15:00:00,ANGN
9.99,9.99,9.97,9.97,772,2021-08-25 15:11:00,ANGN
9.99,9.99,9.99,9.99,200,2021-08-25 15:13:00,ANGN
9.99,9.99,9.99,9.99,100,2021-08-25 15:14:00,ANGN
9.995,9.995,9.995,9.995,200,2021-08-25 15:16:00,ANGN
10.06,10.07,10.06,10.07,533,2021-08-25 15:21:00,ANGN
10.0,10.0,10.0,10.0,200,2021-08-25 15:22:00,ANGN
10.07,10.075,10.03,10.03,3348,2021-08-25 15:29:00,ANGN
10.01,10.02,10.01,10.01,300,2021-08-25 15:31:00,ANGN
10.02,10.025,10.0,10.0,400,2021-08-25 15:34:00,ANGN
9.99,10.01,9.97,10.01,2402,2021-08-25 15:40:00,ANGN
10.0,10.0,10.0,10.0,100,2021-08-25 15:49:00,ANGN
10.0,10.0,10.0,10.0,100,2021-08-25 15:50:00,ANGN
10.06,10.06,10.03,10.03,768,2021-08-25 15:52:00,ANGN
10.05,10.05,10.05,10.05,200,2021-08-25 15:54:00,ANGN
10.04,10.04,10.02,10.02,500,2021-08-25 15:55:00,ANGN
10.0,10.0,10.0,10.0,100,2021-08-25 15:58:00,ANGN
10.06,10.07,10.06,10.06,2655,2021-08-25 16:01:00,ANGN
10.055,10.055,10.055,10.055,100,2021-08-25 16:02:00,ANGN
10.055,10.055,10.055,10.055,100,2021-08-25 16:03:00,ANGN
10.055,10.055,10.055,10.055,100,2021-08-25 16:05:00,ANGN
10.04,10.04,10.04,10.04,100,2021-08-25 16:06:00,ANGN
10.03,10.03,10.03,10.03,200,2021-08-25 16:08:00,ANGN
10.02,10.03,10.0,10.0,400,2021-08-25 16:09:00,ANGN
10.065,10.065,10.05,10.05,1000,2021-08-25 16:12:00,ANGN
10.01,10.01,9.99,10.01,352,2021-08-25 16:13:00,ANGN
10.03,10.03,10.03,10.03,100,2021-08-25 16:14:00,ANGN
10.07,10.07,10.07,10.07,700,2021-08-25 16:24:00,ANGN
10.07,10.075,10.03,10.075,1746,2021-08-25 16:25:00,ANGN
10.075,10.075,10.05,10.05,329,2021-08-25 16:26:00,ANGN
10.07,10.07,10.07,10.07,100,2021-08-25 16:28:00,ANGN
10.07,10.07,10.07,10.07,100,2021-08-25 16:29:00,ANGN
10.065,10.065,10.065,10.065,300,2021-08-25 16:32:00,ANGN
10.03,10.035,10.01,10.01,400,2021-08-25 16:36:00,ANGN
9.94,10.02,9.94,10.02,4126,2021-08-25 16:42:00,ANGN
10.06,10.06,10.06,10.06,100,2021-08-25 16:43:00,ANGN
9.98,9.98,9.98,9.98,100,2021-08-25 16:44:00,ANGN
9.99,10.005,9.99,10.005,200,2021-08-25 16:46:00,ANGN
9.98,10.05,9.97,10.01,732,2021-08-25 16:47:00,ANGN
10.01,10.01,10.01,10.01,100,2021-08-25 16:49:00,ANGN
10.06,10.06,10.02,10.02,400,2021-08-25 16:50:00,ANGN
10.0527,10.06,10.02,10.06,1200,2021-08-25 16:52:00,ANGN
10.07,10.07,10.03,10.03,200,2021-08-25 16:57:00,ANGN
10.07,10.07,10.07,10.07,168,2021-08-25 16:58:00,ANGN
10.035,10.07,10.035,10.07,200,2021-08-25 16:59:00,ANGN
10.07,10.07,10.035,10.035,200,2021-08-25 17:01:00,ANGN
10.06,10.06,10.06,10.06,100,2021-08-25 17:02:00,ANGN
10.07,10.07,10.05,10.05,1651,2021-08-25 17:03:00,ANGN
10.045,10.045,10.045,10.045,200,2021-08-25 17:04:00,ANGN
10.04,10.04,9.95,9.95,1184,2021-08-25 17:06:00,ANGN
9.94,9.94,9.94,9.94,100,2021-08-25 17:08:00,ANGN
9.95,9.95,9.95,9.95,100,2021-08-25 17:09:00,ANGN
10.02,10.02,10.02,10.02,133,2021-08-25 17:10:00,ANGN
10.02,10.02,10.02,10.02,100,2021-08-25 17:12:00,ANGN
9.97,9.97,9.97,9.97,600,2021-08-25 17:14:00,ANGN
9.97,9.97,9.97,9.97,100,2021-08-25 17:15:00,ANGN
10.0,10.02,10.0,10.01,500,2021-08-25 17:16:00,ANGN
10.01,10.01,9.995,9.995,200,2021-08-25 17:17:00,ANGN
9.97,9.97,9.97,9.97,200,2021-08-25 17:19:00,ANGN
9.97,9.97,9.97,9.97,100,2021-08-25 17:25:00,ANGN
9.93,9.93,9.92,9.92,200,2021-08-25 17:26:00,ANGN
10.02,10.02,10.02,10.02,100,2021-08-25 17:30:00,ANGN
10.03,10.03,10.01,10.01,300,2021-08-25 17:31:00,ANGN
10.015,10.015,10.0,10.0,400,2021-08-25 17:33:00,ANGN
10.06,10.06,10.06,10.06,235,2021-08-25 17:35:00,ANGN
10.03,10.03,10.02,10.03,400,2021-08-25 17:36:00,ANGN
10.0,10.0,10.0,10.0,100,2021-08-25 17:37:00,ANGN
10.05,10.06,10.05,10.06,200,2021-08-25 17:38:00,ANGN
10.04,10.06,10.01,10.01,650,2021-08-25 17:40:00,ANGN
10.035,10.035,10.035,10.035,150,2021-08-25 17:43:00,ANGN
10.06,10.06,10.06,10.06,300,2021-08-25 17:45:00,ANGN
10.07,10.07,10.07,10.07,100,2021-08-25 17:51:00,ANGN
10.04,10.04,10.04,10.04,200,2021-08-25 17:52:00,ANGN
9.9411,9.9411,9.9411,9.9411,128,2021-08-25 17:55:00,ANGN
10.06,10.07,10.04,10.04,300,2021-08-25 18:00:00,ANGN
10.07,10.07,10.05,10.07,1183,2021-08-25 18:02:00,ANGN
10.07,10.07,10.07,10.07,100,2021-08-25 18:03:00,ANGN
10.07,10.07,9.97,9.97,2156,2021-08-25 18:05:00,ANGN
9.96,9.96,9.96,9.96,100,2021-08-25 18:06:00,ANGN
9.96,9.96,9.91,9.91,1407,2021-08-25 18:08:00,ANGN
9.955,9.955,9.955,9.955,100,2021-08-25 18:09:00,ANGN
9.91,9.91,9.9,9.9,500,2021-08-25 18:11:00,ANGN
9.975,9.975,9.975,9.975,100,2021-08-25 18:12:00,ANGN
9.97,9.97,9.97,9.97,100,2021-08-25 18:16:00,ANGN
9.97,9.99,9.95,9.99,700,2021-08-25 18:21:00,ANGN
9.99,9.99,9.99,9.99,100,2021-08-25 18:24:00,ANGN
9.975,9.975,9.975,9.975,200,2021-08-25 18:27:00,ANGN
9.975,9.975,9.975,9.975,100,2021-08-25 18:28:00,ANGN
9.92,9.95,9.91,9.95,548,2021-08-25 18:34:00,ANGN
10.02,10.1,10.02,10.02,1100,2021-08-25 18:42:00,ANGN
10.02,10.02,10.02,10.02,100,2021-08-25 18:44:00,ANGN
9.99,10.045,9.99,10.045,976,2021-08-25 18:46:00,ANGN
10.01,10.01,10.01,10.01,100,2021-08-25 18:56:00,ANGN
10.03,10.07,10.025,10.05,791,2021-08-25 18:57:00,ANGN
10.02,10.1,10.02,10.1,400,2021-08-25 18:58:00,ANGN
10.04,10.11,10.04,10.075,300,2021-08-25 18:59:00,ANGN
10.13,10.13,10.11,10.11,200,2021-08-25 19:05:00,ANGN
10.12,10.12,10.12,10.12,100,2021-08-25 19:08:00,ANGN
10.105,10.105,10.02,10.02,2126,2021-08-25 19:09:00,ANGN
10.02,10.05,10.01,10.01,900,2021-08-25 19:10:00,ANGN
10.0,10.0,9.97,9.97,300,2021-08-25 19:12:00,ANGN
9.97,9.97,9.96,9.96,500,2021-08-25 19:20:00,ANGN
9.97,10.0,9.97,10.0,900,2021-08-25 19:22:00,ANGN
9.98,9.98,9.98,9.98,200,2021-08-25 19:24:00,ANGN
10.0,10.0,10.0,10.0,100,2021-08-25 19:26:00,ANGN
10.02,10.02,10.02,10.02,100,2021-08-25 19:27:00,ANGN
10.02,10.05,10.02,10.02,600,2021-08-25 19:28:00,ANGN
10.02,10.02,10.01,10.01,834,2021-08-25 19:29:00,ANGN
9.99,9.99,9.95,9.95,838,2021-08-25 19:32:00,ANGN
9.96,9.96,9.96,9.96,100,2021-08-25 19:33:00,ANGN
9.98,9.98,9.98,9.98,200,2021-08-25 19:34:00,ANGN
9.99,9.99,9.99,9.99,200,2021-08-25 19:35:00,ANGN
10.02,10.02,10.005,10.005,200,2021-08-25 19:36:00,ANGN
10.04,10.04,10.04,10.04,100,2021-08-25 19:38:00,ANGN
10.04,10.05,9.99,9.99,2052,2021-08-25 19:39:00,ANGN
10.0,10.0,10.0,10.0,100,2021-08-25 19:43:00,ANGN
10.0,10.04,10.0,10.04,500,2021-08-25 19:44:00,ANGN
10.0,10.0,9.99,9.99,724,2021-08-25 19:45:00,ANGN
9.99,10.015,9.99,10.015,940,2021-08-25 19:49:00,ANGN
10.0,10.0,9.99,9.99,1300,2021-08-25 19:50:00,ANGN
10.0,10.025,10.0,10.025,200,2021-08-25 19:51:00,ANGN
10.0,10.04,9.99,10.04,511,2021-08-25 19:52:00,ANGN
10.0,10.05,10.0,10.01,400,2021-08-25 19:53:00,ANGN
10.06,10.06,10.01,10.06,300,2021-08-25 19:54:00,ANGN
10.06,10.06,10.05,10.06,400,2021-08-25 19:55:00,ANGN
10.07,10.07,10.035,10.045,855,2021-08-25 19:56:00,ANGN
10.07,10.07,10.02,10.055,870,2021-08-25 19:57:00,ANGN
10.06,10.1,10.03,10.04,1370,2021-08-25 19:58:00,ANGN
10.03,10.09,10.015,10.02,1812,2021-08-25 19:59:00,ANGN
10.07,10.07,10.07,10.07,3711,2021-08-25 20:00:00,ANGN
10.07,10.2,10.07,10.19,3589,2021-08-26 13:30:00,ANGN
10.2,10.2,10.2,10.2,3840,2021-08-26 13:31:00,ANGN
10.0376,10.15,10.0376,10.15,2200,2021-08-26 13:32:00,ANGN
10.15,10.15,10.07,10.07,4435,2021-08-26 13:33:00,ANGN
10.07,10.14,10.06,10.1,5628,2021-08-26 13:34:00,ANGN
10.02,10.02,9.94,9.94,1107,2021-08-26 13:35:00,ANGN
10.0653,10.0653,10.0653,10.0653,400,2021-08-26 13:39:00,ANGN
10.08,10.09,10.08,10.09,200,2021-08-26 13:42:00,ANGN
10.1,10.18,10.095,10.14,2344,2021-08-26 13:48:00,ANGN
10.135,10.18,10.02,10.18,1635,2021-08-26 13:49:00,ANGN
10.04,10.04,10.04,10.04,100,2021-08-26 13:50:00,ANGN
10.21,10.23,10.21,10.23,200,2021-08-26 13:52:00,ANGN
10.11,10.23,10.1,10.22,2335,2021-08-26 13:54:00,ANGN
10.15,10.165,10.1,10.1,2700,2021-08-26 13:55:00,ANGN
10.23,10.23,10.18,10.19,500,2021-08-26 13:56:00,ANGN
10.19,10.19,10.19,10.19,300,2021-08-26 13:57:00,ANGN
10.2,10.2,10.16,10.16,2281,2021-08-26 13:59:00,ANGN
10.11,10.15,10.11,10.15,300,2021-08-26 14:00:00,ANGN
10.095,10.1,10.095,10.1,200,2021-08-26 14:01:00,ANGN
10.1758,10.1758,10.1758,10.1758,197,2021-08-26 14:15:00,ANGN
10.155,10.155,10.155,10.155,100,2021-08-26 14:21:00,ANGN
10.3,10.3,10.3,10.3,130,2021-08-26 14:30:00,ANGN
10.2768,10.3,10.2,10.29,869,2021-08-26 14:31:00,ANGN
10.21,10.21,10.21,10.21,100,2021-08-26 14:32:00,ANGN
10.265,10.33,10.21,10.22,2400,2021-08-26 14:33:00,ANGN
10.21,10.265,10.21,10.22,300,2021-08-26 14:34:00,ANGN
10.32,10.32,10.32,10.32,100,2021-08-26 14:35:00,ANGN
10.3,10.34,10.23,10.34,700,2021-08-26 14:36:00,ANGN
10.2501,10.335,10.2501,10.33,3729,2021-08-26 14:37:00,ANGN
10.33,10.33,10.27,10.28,400,2021-08-26 14:38:00,ANGN
10.4,10.4,10.28,10.28,500,2021-08-26 14:40:00,ANGN
10.3,10.3,10.26,10.28,2014,2021-08-26 14:42:00,ANGN
10.28,10.28,10.28,10.28,300,2021-08-26 14:45:00,ANGN
10.26,10.26,10.25,10.25,300,2021-08-26 14:47:00,ANGN
10.205,10.205,10.205,10.205,100,2021-08-26 14:48:00,ANGN
10.21,10.21,10.21,10.21,100,2021-08-26 14:58:00,ANGN
10.29,10.29,10.29,10.29,200,2021-08-26 15:03:00,ANGN
10.29,10.29,10.255,10.29,400,2021-08-26 15:04:00,ANGN
10.29,10.3,10.29,10.3,300,2021-08-26 15:08:00,ANGN
10.3,10.3,10.275,10.3,1563,2021-08-26 15:09:00,ANGN
10.28,10.28,10.25,10.27,500,2021-08-26 15:10:00,ANGN
10.25,10.25,10.25,10.25,300,2021-08-26 15:11:00,ANGN
10.27,10.28,10.27,10.28,900,2021-08-26 15:17:00,ANGN
10.263,10.263,10.263,10.263,400,2021-08-26 15:19:00,ANGN
10.285,10.285,10.285,10.285,100,2021-08-26 15:20:00,ANGN
10.315,10.315,10.315,10.315,200,2021-08-26 15:26:00,ANGN
10.34,10.42,10.32,10.32,400,2021-08-26 15:27:00,ANGN
10.29,10.295,10.28,10.28,1407,2021-08-26 15:29:00,ANGN
10.26,10.26,10.26,10.26,100,2021-08-26 15:30:00,ANGN
10.32,10.32,10.32,10.32,100,2021-08-26 15:33:00,ANGN
10.25,10.28,10.25,10.28,200,2021-08-26 15:35:00,ANGN
10.29,10.29,10.29,10.29,300,2021-08-26 15:45:00,ANGN
10.29,10.29,10.29,10.29,1200,2021-08-26 15:46:00,ANGN
10.29,10.29,10.29,10.29,1300,2021-08-26 15:47:00,ANGN
10.29,10.29,10.11,10.11,6700,2021-08-26 15:48:00,ANGN
10.08,10.17,10.08,10.1,4300,2021-08-26 15:49:00,ANGN
10.1,10.1417,10.07,10.1,3818,2021-08-26 15:50:00,ANGN
10.11,10.11,10.08,10.1,700,2021-08-26 15:51:00,ANGN
10.1,10.1,10.08,10.08,300,2021-08-26 15:52:00,ANGN
10.12,10.12,10.12,10.12,100,2021-08-26 15:53:00,ANGN
10.09,10.11,10.08,10.08,1320,2021-08-26 15:54:00,ANGN
10.0701,10.1,10.0701,10.1,2200,2021-08-26 15:55:00,ANGN
10.12,10.12,10.12,10.12,200,2021-08-26 15:57:00,ANGN
10.13,10.2,10.12,10.17,600,2021-08-26 15:58:00,ANGN
10.19,10.19,10.1,10.1,200,2021-08-26 16:01:00,ANGN
10.08,10.08,10.08,10.08,100,2021-08-26 16:02:00,ANGN
10.18,10.18,10.18,10.18,100,2021-08-26 16:03:00,ANGN
10.19,10.19,10.19,10.19,100,2021-08-26 16:08:00,ANGN
10.09,10.09,10.09,10.09,100,2021-08-26 16:16:00,ANGN
10.21,10.22,10.21,10.22,230,2021-08-26 16:18:00,ANGN
10.1175,10.1175,10.1175,10.1175,500,2021-08-26 16:21:00,ANGN
10.22,10.22,10.15,10.15,1441,2021-08-26 16:29:00,ANGN
10.25,10.25,10.25,10.25,100,2021-08-26 16:49:00,ANGN
10.1878,10.215,10.1878,10.215,297,2021-08-26 16:51:00,ANGN
10.3,10.3,10.3,10.3,200,2021-08-26 17:04:00,ANGN
10.265,10.33,10.265,10.33,200,2021-08-26 17:05:00,ANGN
10.265,10.265,10.18,10.18,2541,2021-08-26 17:09:00,ANGN
10.11,10.11,10.08,10.08,500,2021-08-26 17:10:00,ANGN
10.13,10.13,10.13,10.13,100,2021-08-26 17:16:00,ANGN
10.13,10.13,10.13,10.13,100,2021-08-26 17:23:00,ANGN
10.13,10.13,10.13,10.13,100,2021-08-26 17:27:00,ANGN
10.13,10.13,10.13,10.13,100,2021-08-26 17:30:00,ANGN
10.07,10.07,10.06,10.06,500,2021-08-26 17:31:00,ANGN
10.13,10.13,10.13,10.13,100,2021-08-26 17:33:00,ANGN
10.06,10.06,10.02,10.02,2374,2021-08-26 17:34:00,ANGN
10.025,10.025,10.025,10.025,100,2021-08-26 17:38:00,ANGN
10.04,10.04,10.04,10.04,100,2021-08-26 17:41:00,ANGN
10.0,10.0,9.98,9.98,933,2021-08-26 17:43:00,ANGN
9.97,9.995,9.97,9.995,546,2021-08-26 17:45:00,ANGN
9.97,9.97,9.89,9.89,3391,2021-08-26 17:46:00,ANGN
9.88,9.88,9.84,9.84,1049,2021-08-26 17:51:00,ANGN
9.9,9.9,9.9,9.9,100,2021-08-26 17:53:00,ANGN
9.84,9.84,9.84,9.84,100,2021-08-26 17:54:00,ANGN
9.91,9.91,9.91,9.91,100,2021-08-26 18:00:00,ANGN
9.91,9.935,9.81,9.81,4132,2021-08-26 18:01:00,ANGN
9.93,9.93,9.93,9.93,100,2021-08-26 18:03:00,ANGN
9.93,9.93,9.93,9.93,100,2021-08-26 18:04:00,ANGN
9.93,9.94,9.93,9.94,800,2021-08-26 18:16:00,ANGN
9.83,9.92,9.82,9.92,3221,2021-08-26 18:20:00,ANGN
9.93,9.93,9.93,9.93,100,2021-08-26 18:22:00,ANGN
9.93,9.93,9.92,9.92,200,2021-08-26 18:26:00,ANGN
9.93,9.94,9.93,9.94,249,2021-08-26 18:27:00,ANGN
9.925,9.925,9.86,9.86,600,2021-08-26 18:29:00,ANGN
10.0,10.0,10.0,10.0,100,2021-08-26 18:32:00,ANGN
9.99,10.0,9.99,10.0,1100,2021-08-26 18:40:00,ANGN
9.99,9.99,9.99,9.99,100,2021-08-26 18:41:00,ANGN
10.03,10.03,10.03,10.03,130,2021-08-26 18:42:00,ANGN
10.03,10.03,10.03,10.03,100,2021-08-26 18:45:00,ANGN
10.03,10.03,10.0,10.005,600,2021-08-26 18:48:00,ANGN
10.03,10.03,10.03,10.03,160,2021-08-26 18:50:00,ANGN
10.02,10.02,10.01,10.01,300,2021-08-26 18:52:00,ANGN
10.02,10.04,10.01,10.01,1751,2021-08-26 18:53:00,ANGN
10.01,10.01,10.01,10.01,200,2021-08-26 18:54:00,ANGN
10.01,10.01,10.01,10.01,100,2021-08-26 18:55:00,ANGN
9.96,9.96,9.95,9.95,700,2021-08-26 19:00:00,ANGN
9.92,9.92,9.92,9.92,200,2021-08-26 19:02:00,ANGN
9.98,9.98,9.935,9.935,1100,2021-08-26 19:05:00,ANGN
9.95,9.95,9.95,9.95,100,2021-08-26 19:13:00,ANGN
9.97,9.97,9.77,9.77,7385,2021-08-26 19:15:00,ANGN
9.835,9.835,9.835,9.835,200,2021-08-26 19:16:00,ANGN
9.835,9.835,9.835,9.835,300,2021-08-26 19:17:00,ANGN
9.77,9.87,9.77,9.87,300,2021-08-26 19:22:00,ANGN
9.8,9.8,9.77,9.77,700,2021-08-26 19:27:00,ANGN
9.67,9.72,9.67,9.71,500,2021-08-26 19:28:00,ANGN
9.75,9.76,9.75,9.76,200,2021-08-26 19:35:00,ANGN
9.71,9.745,9.64,9.64,1900,2021-08-26 19:38:00,ANGN
9.71,9.74,9.69,9.69,945,2021-08-26 19:41:00,ANGN
9.75,9.75,9.75,9.75,100,2021-08-26 19:42:00,ANGN
9.79,9.79,9.79,9.79,100,2021-08-26 19:43:00,ANGN
9.84,9.84,9.84,9.84,100,2021-08-26 19:44:00,ANGN
9.78,9.78,9.77,9.77,500,2021-08-26 19:45:00,ANGN
9.76,9.76,9.76,9.76,100,2021-08-26 19:46:00,ANGN
9.79,9.79,9.79,9.79,100,2021-08-26 19:47:00,ANGN
9.79,9.79,9.77,9.77,200,2021-08-26 19:48:00,ANGN
9.82,9.82,9.82,9.82,200,2021-08-26 19:50:00,ANGN
9.86,9.86,9.86,9.86,100,2021-08-26 19:51:00,ANGN
9.865,9.87,9.865,9.87,700,2021-08-26 19:52:00,ANGN
9.84,9.84,9.84,9.84,100,2021-08-26 19:53:00,ANGN
9.87,9.87,9.87,9.87,459,2021-08-26 19:54:00,ANGN
9.86,9.86,9.86,9.86,200,2021-08-26 19:55:00,ANGN
9.9,9.91,9.82,9.9,1400,2021-08-26 19:56:00,ANGN
9.82,9.89,9.81,9.81,1600,2021-08-26 19:57:00,ANGN
9.81,9.85,9.77,9.84,1500,2021-08-26 19:58:00,ANGN
9.78,9.85,9.77,9.82,700,2021-08-26 19:59:00,ANGN
9.85,9.85,9.85,9.85,1525,2021-08-26 20:00:00,ANGN
9.85,9.85,9.85,9.85,431,2021-08-27 13:30:00,ANGN
9.6923,9.6923,9.6923,9.6923,150,2021-08-27 13:44:00,ANGN
10.0,10.0,10.0,10.0,100,2021-08-27 14:12:00,ANGN
9.89,9.89,9.89,9.89,200,2021-08-27 14:24:00,ANGN
10.07,10.07,10.07,10.07,100,2021-08-27 14:27:00,ANGN
10.07,10.07,10.005,10.055,1300,2021-08-27 14:30:00,ANGN
10.03,10.03,10.03,10.03,234,2021-08-27 14:31:00,ANGN
10.14,10.14,10.14,10.14,200,2021-08-27 14:32:00,ANGN
10.025,10.21,9.88,9.88,405,2021-08-27 14:33:00,ANGN
9.88,10.18,9.88,10.18,800,2021-08-27 14:34:00,ANGN
10.17,10.17,10.17,10.17,200,2021-08-27 14:36:00,ANGN
10.035,10.17,10.035,10.17,200,2021-08-27 14:37:00,ANGN
10.17,10.17,10.045,10.17,500,2021-08-27 14:38:00,ANGN
10.045,10.045,10.045,10.045,100,2021-08-27 14:39:00,ANGN
10.06,10.22,10.06,10.135,1390,2021-08-27 14:45:00,ANGN
10.08,10.47,10.06,10.47,3390,2021-08-27 14:46:00,ANGN
10.29,10.29,10.225,10.225,600,2021-08-27 14:47:00,ANGN
10.38,10.38,10.38,10.38,200,2021-08-27 14:51:00,ANGN
10.33,10.35,10.24,10.24,482,2021-08-27 14:52:00,ANGN
10.37,10.37,10.37,10.37,200,2021-08-27 14:53:00,ANGN
10.35,10.35,10.142,10.24,800,2021-08-27 14:55:00,ANGN
10.25,10.25,10.25,10.25,100,2021-08-27 14:56:00,ANGN
10.25,10.38,10.25,10.255,400,2021-08-27 14:57:00,ANGN
10.37,10.38,10.21,10.36,1050,2021-08-27 14:58:00,ANGN
10.41,10.42,10.41,10.42,204,2021-08-27 14:59:00,ANGN
10.42,10.53,10.42,10.53,304,2021-08-27 15:00:00,ANGN
10.42,10.42,10.42,10.42,100,2021-08-27 15:01:00,ANGN
10.39,10.49,10.39,10.49,222,2021-08-27 15:02:00,ANGN
10.375,10.375,10.375,10.375,200,2021-08-27 15:04:00,ANGN
10.375,10.375,10.375,10.375,104,2021-08-27 15:05:00,ANGN
10.38,10.46,10.29,10.29,304,2021-08-27 15:06:00,ANGN
10.3,10.3,10.3,10.3,100,2021-08-27 15:07:00,ANGN
10.38,10.38,10.38,10.38,104,2021-08-27 15:08:00,ANGN
10.46,10.47,10.38,10.47,322,2021-08-27 15:10:00,ANGN
10.3141,10.3141,10.28,10.28,300,2021-08-27 15:11:00,ANGN
10.37,10.38,10.37,10.38,600,2021-08-27 15:12:00,ANGN
10.33,10.33,10.33,10.33,100,2021-08-27 15:13:00,ANGN
10.33,10.37,10.33,10.37,200,2021-08-27 15:14:00,ANGN
10.38,10.38,10.33,10.33,500,2021-08-27 15:16:00,ANGN
10.46,10.46,10.46,10.46,100,2021-08-27 15:18:00,ANGN
10.37,10.37,10.37,10.37,285,2021-08-27 15:19:00,ANGN
10.46,10.46,10.46,10.46,200,2021-08-27 15:20:00,ANGN
10.45,10.45,10.45,10.45,100,2021-08-27 15:23:00,ANGN
10.46,10.46,10.46,10.46,100,2021-08-27 15:25:00,ANGN
10.46,10.46,10.39,10.39,300,2021-08-27 15:26:00,ANGN
10.48,10.49,10.48,10.49,200,2021-08-27 15:29:00,ANGN
10.49,10.49,10.44,10.44,1574,2021-08-27 15:31:00,ANGN
10.43,10.43,10.345,10.345,1278,2021-08-27 15:32:00,ANGN
10.38,10.38,10.29,10.38,4507,2021-08-27 15:33:00,ANGN
10.32,10.32,10.29,10.29,300,2021-08-27 15:34:00,ANGN
10.275,10.275,10.275,10.275,100,2021-08-27 15:35:00,ANGN
10.275,10.275,10.275,10.275,100,2021-08-27 15:36:00,ANGN
10.1902,10.2509,10.1902,10.2509,4200,2021-08-27 15:39:00,ANGN
10.24,10.25,10.22,10.22,600,2021-08-27 15:40:00,ANGN
10.15,10.15,10.15,10.15,1000,2021-08-27 15:41:00,ANGN
10.15,10.15,10.11,10.11,1431,2021-08-27 15:42:00,ANGN
10.11,10.195,10.09,10.09,500,2021-08-27 15:43:00,ANGN
10.1,10.13,10.1,10.13,200,2021-08-27 15:45:00,ANGN
10.0,10.0,10.0,10.0,329,2021-08-27 15:46:00,ANGN
10.03,10.1935,10.03,10.03,875,2021-08-27 15:47:00,ANGN
10.22,10.22,10.22,10.22,100,2021-08-27 15:55:00,ANGN
10.21,10.21,10.21,10.21,100,2021-08-27 15:59:00,ANGN
10.19,10.19,10.19,10.19,100,2021-08-27 16:05:00,ANGN
10.07,10.17,10.07,10.17,600,2021-08-27 16:12:00,ANGN
10.19,10.19,10.19,10.19,100,2021-08-27 16:13:00,ANGN
10.18,10.18,10.18,10.18,100,2021-08-27 16:14:00,ANGN
10.06,10.19,10.06,10.19,300,2021-08-27 16:16:00,ANGN
10.19,10.19,10.19,10.19,100,2021-08-27 16:17:00,ANGN
10.1,10.125,10.1,10.1,2872,2021-08-27 16:18:00,ANGN
10.12,10.12,10.12,10.12,100,2021-08-27 16:22:00,ANGN
10.06,10.09,10.0,10.0,3166,2021-08-27 16:26:00,ANGN
9.9,9.9,9.9,9.9,100,2021-08-27 16:33:00,ANGN
9.89,9.89,9.89,9.89,100,2021-08-27 16:34:00,ANGN
9.97,9.97,9.97,9.97,100,2021-08-27 16:35:00,ANGN
10.04,10.04,10.04,10.04,100,2021-08-27 16:41:00,ANGN
10.0,10.02,10.0,10.02,200,2021-08-27 16:54:00,ANGN
10.01,10.01,10.01,10.01,200,2021-08-27 17:01:00,ANGN
10.01,10.01,10.01,10.01,100,2021-08-27 17:08:00,ANGN
10.01,10.01,10.01,10.01,100,2021-08-27 17:09:00,ANGN
9.9771,9.9771,9.9771,9.9771,500,2021-08-27 17:11:00,ANGN
10.02,10.02,10.02,10.02,400,2021-08-27 17:16:00,ANGN
10.02,10.02,10.02,10.02,200,2021-08-27 17:24:00,ANGN
10.01,10.02,10.01,10.02,300,2021-08-27 17:28:00,ANGN
10.0,10.0,10.0,10.0,100,2021-08-27 17:32:00,ANGN
10.02,10.02,10.01,10.01,444,2021-08-27 17:33:00,ANGN
10.02,10.02,10.0,10.0,500,2021-08-27 17:37:00,ANGN
10.0,10.0,9.99,9.99,500,2021-08-27 17:41:00,ANGN
10.0,10.0,10.0,10.0,200,2021-08-27 17:44:00,ANGN
10.0,10.0,10.0,10.0,100,2021-08-27 17:45:00,ANGN
10.0,10.08,10.0,10.08,2256,2021-08-27 17:46:00,ANGN
10.02,10.02,10.02,10.02,200,2021-08-27 17:47:00,ANGN
10.01,10.01,10.005,10.005,500,2021-08-27 17:48:00,ANGN
10.005,10.005,10.005,10.005,300,2021-08-27 17:49:00,ANGN
10.005,10.005,10.005,10.005,100,2021-08-27 17:50:00,ANGN
10.065,10.065,10.065,10.065,100,2021-08-27 17:52:00,ANGN
10.005,10.005,10.005,10.005,100,2021-08-27 17:53:00,ANGN
10.06,10.06,10.06,10.06,100,2021-08-27 17:55:00,ANGN
10.01,10.01,10.01,10.01,100,2021-08-27 17:57:00,ANGN
10.01,10.1,10.01,10.025,1400,2021-08-27 18:03:00,ANGN
10.09,10.09,10.025,10.025,200,2021-08-27 18:08:00,ANGN
10.1,10.1,10.1,10.1,100,2021-08-27 18:10:00,ANGN
10.05,10.05,10.025,10.025,200,2021-08-27 18:14:00,ANGN
10.09,10.09,10.09,10.09,100,2021-08-27 18:15:00,ANGN
10.1,10.1,10.03,10.03,300,2021-08-27 18:21:00,ANGN
10.1,10.17,10.07,10.1,1244,2021-08-27 18:25:00,ANGN
10.15,10.15,10.15,10.15,200,2021-08-27 18:29:00,ANGN
10.2,10.2,10.2,10.2,200,2021-08-27 18:31:00,ANGN
10.145,10.145,10.08,10.08,3266,2021-08-27 18:36:00,ANGN
10.0,10.01,10.0,10.01,400,2021-08-27 18:37:00,ANGN
10.0,10.0,10.0,10.0,100,2021-08-27 18:39:00,ANGN
9.96,9.96,9.96,9.96,100,2021-08-27 18:43:00,ANGN
9.96,9.96,9.85,9.85,1300,2021-08-27 18:46:00,ANGN
9.8613,9.8613,9.8613,9.8613,1000,2021-08-27 18:53:00,ANGN
9.87,9.91,9.87,9.91,541,2021-08-27 18:54:00,ANGN
9.934,9.934,9.934,9.934,2000,2021-08-27 18:55:00,ANGN
9.95,9.96,9.95,9.96,200,2021-08-27 19:04:00,ANGN
10.06,10.06,10.06,10.06,100,2021-08-27 19:07:00,ANGN
10.025,10.025,10.025,10.025,700,2021-08-27 19:11:00,ANGN
9.98,10.0,9.91,9.99,1600,2021-08-27 19:13:00,ANGN
9.995,9.995,9.995,9.995,200,2021-08-27 19:14:00,ANGN
10.07,10.07,10.05,10.05,300,2021-08-27 19:23:00,ANGN
10.0,10.0,10.0,10.0,100,2021-08-27 19:29:00,ANGN
10.015,10.035,10.0,10.035,1000,2021-08-27 19:30:00,ANGN
10.08,10.08,10.005,10.005,500,2021-08-27 19:35:00,ANGN
10.0,10.0,10.0,10.0,100,2021-08-27 19:37:00,ANGN
9.9803,9.9803,9.9803,9.9803,2000,2021-08-27 19:38:00,ANGN
10.06,10.06,10.06,10.06,400,2021-08-27 19:40:00,ANGN
10.06,10.07,10.0,10.0,800,2021-08-27 19:41:00,ANGN
10.055,10.055,10.055,10.055,100,2021-08-27 19:42:00,ANGN
10.06,10.06,10.005,10.06,500,2021-08-27 19:43:00,ANGN
10.06,10.06,10.035,10.035,200,2021-08-27 19:45:00,ANGN
10.1,10.1,10.035,10.1,900,2021-08-27 19:47:00,ANGN
10.05,10.05,10.05,10.05,100,2021-08-27 19:48:00,ANGN
10.1,10.1,10.055,10.055,600,2021-08-27 19:50:00,ANGN
10.055,10.1,10.055,10.06,600,2021-08-27 19:51:00,ANGN
10.11,10.11,10.075,10.075,200,2021-08-27 19:53:00,ANGN
10.05,10.14,10.04,10.14,600,2021-08-27 19:54:00,ANGN
10.14,10.14,10.095,10.095,1151,2021-08-27 19:55:00,ANGN
10.095,10.13,10.06,10.09,2000,2021-08-27 19:56:00,ANGN
10.07,10.09,9.97,10.07,2692,2021-08-27 19:57:00,ANGN
9.97,10.06,9.95,10.01,1500,2021-08-27 19:58:00,ANGN
9.96,10.0,9.93,10.0,1458,2021-08-27 19:59:00,ANGN
9.98,9.98,9.98,9.98,4378,2021-08-27 20:00:00,ANGN
10.03,10.03,10.03,10.03,143,2021-08-30 13:30:00,ANGN
9.97,9.97,9.86,9.86,848,2021-08-30 13:46:00,ANGN
9.815,9.815,9.815,9.815,183,2021-08-30 13:49:00,ANGN
9.81,9.81,9.81,9.81,200,2021-08-30 13:51:00,ANGN
9.99,9.99,9.81,9.905,800,2021-08-30 13:54:00,ANGN
9.9,9.99,9.9,9.99,300,2021-08-30 13:55:00,ANGN
9.9,10.0,9.9,10.0,200,2021-08-30 13:56:00,ANGN
9.86,9.905,9.86,9.905,200,2021-08-30 13:57:00,ANGN
10.02,10.02,9.86,9.9,500,2021-08-30 13:58:00,ANGN
9.85,9.9,9.83,9.9,400,2021-08-30 13:59:00,ANGN
9.83,9.83,9.83,9.83,100,2021-08-30 14:01:00,ANGN
9.905,9.92,9.905,9.92,200,2021-08-30 14:04:00,ANGN
10.03,10.03,9.83,9.94,641,2021-08-30 14:05:00,ANGN
10.05,10.05,10.05,10.05,100,2021-08-30 14:06:00,ANGN
10.05,10.05,9.83,9.9525,400,2021-08-30 14:08:00,ANGN
10.04,10.05,10.04,10.05,200,2021-08-30 14:09:00,ANGN
10.05,10.05,10.05,10.05,100,2021-08-30 14:10:00,ANGN
9.92,10.06,9.92,10.06,200,2021-08-30 14:11:00,ANGN
10.05,10.05,10.05,10.05,100,2021-08-30 14:14:00,ANGN
9.9725,9.975,9.9725,9.975,200,2021-08-30 14:15:00,ANGN
9.9725,9.9725,9.89,9.97,400,2021-08-30 14:16:00,ANGN
10.03,10.03,10.03,10.03,100,2021-08-30 14:17:00,ANGN
9.97,10.01,9.95,9.96,1400,2021-08-30 14:19:00,ANGN
9.95,9.95,9.86,9.86,1182,2021-08-30 14:20:00,ANGN
9.94,9.94,9.94,9.94,100,2021-08-30 14:21:00,ANGN
10.01,10.01,10.01,10.01,100,2021-08-30 14:23:00,ANGN
9.85,9.85,9.85,9.85,100,2021-08-30 14:25:00,ANGN
10.01,10.01,10.01,10.01,100,2021-08-30 14:26:00,ANGN
9.87,9.87,9.86,9.86,400,2021-08-30 14:27:00,ANGN
9.86,9.86,9.79,9.79,1088,2021-08-30 14:28:00,ANGN
9.805,9.805,9.73,9.7922,2850,2021-08-30 14:29:00,ANGN
9.75,9.81,9.75,9.78,963,2021-08-30 14:31:00,ANGN
9.84,9.84,9.84,9.84,100,2021-08-30 14:32:00,ANGN
9.84,9.84,9.84,9.84,100,2021-08-30 14:34:00,ANGN
9.86,9.88,9.86,9.88,200,2021-08-30 14:35:00,ANGN
9.85,9.86,9.85,9.86,700,2021-08-30 14:36:00,ANGN
9.95,9.96,9.95,9.96,200,2021-08-30 14:37:00,ANGN
9.97,9.97,9.97,9.97,100,2021-08-30 14:38:00,ANGN
9.96,9.96,9.96,9.96,100,2021-08-30 14:41:00,ANGN
9.99,9.99,9.99,9.99,100,2021-08-30 14:42:00,ANGN
10.0,10.1,9.94,10.08,1566,2021-08-30 14:44:00,ANGN
10.09,10.09,10.09,10.09,100,2021-08-30 14:46:00,ANGN
10.11,10.11,10.0,10.0,1000,2021-08-30 14:47:00,ANGN
10.21,10.21,10.19,10.19,200,2021-08-30 14:48:00,ANGN
10.12,10.21,10.12,10.2,300,2021-08-30 14:49:00,ANGN
10.18,10.18,10.18,10.18,100,2021-08-30 14:50:00,ANGN
10.19,10.19,10.19,10.19,100,2021-08-30 14:51:00,ANGN
10.19,10.19,10.19,10.19,100,2021-08-30 14:52:00,ANGN
10.19,10.19,10.04,10.05,1500,2021-08-30 14:53:00,ANGN
10.08,10.08,10.08,10.08,100,2021-08-30 14:54:00,ANGN
10.09,10.09,10.09,10.09,100,2021-08-30 14:59:00,ANGN
10.1,10.2,10.1,10.2,5644,2021-08-30 15:03:00,ANGN
10.21,10.21,10.2,10.2,200,2021-08-30 15:04:00,ANGN
10.21,10.22,10.21,10.22,300,2021-08-30 15:05:00,ANGN
10.22,10.22,10.22,10.22,200,2021-08-30 15:06:00,ANGN
10.22,10.22,10.22,10.22,300,2021-08-30 15:07:00,ANGN
10.21,10.22,10.21,10.22,300,2021-08-30 15:09:00,ANGN
10.22,10.22,10.22,10.22,200,2021-08-30 15:10:00,ANGN
10.22,10.22,10.22,10.22,400,2021-08-30 15:11:00,ANGN
10.25,10.33,10.25,10.33,1600,2021-08-30 15:12:00,ANGN
10.37,10.39,10.3508,10.3508,400,2021-08-30 15:13:00,ANGN
10.39,10.39,10.39,10.39,400,2021-08-30 15:14:00,ANGN
10.39,10.4,10.39,10.4,400,2021-08-30 15:15:00,ANGN
10.39,10.39,10.39,10.39,100,2021-08-30 15:16:00,ANGN
10.4,10.4,10.39,10.39,400,2021-08-30 15:17:00,ANGN
10.37,10.4,10.36,10.4,400,2021-08-30 15:18:00,ANGN
10.4,10.4,10.4,10.4,200,2021-08-30 15:19:00,ANGN
10.38,10.38,10.38,10.38,100,2021-08-30 15:20:00,ANGN
10.38,10.38,10.38,10.38,100,2021-08-30 15:22:00,ANGN
10.39,10.39,10.39,10.39,100,2021-08-30 15:23:00,ANGN
10.27,10.28,10.05,10.05,5077,2021-08-30 15:24:00,ANGN
10.135,10.135,10.135,10.135,100,2021-08-30 15:25:00,ANGN
10.27,10.27,10.27,10.27,100,2021-08-30 15:29:00,ANGN
10.33,10.33,10.33,10.33,100,2021-08-30 15:31:00,ANGN
10.28,10.28,10.2439,10.2439,575,2021-08-30 15:32:00,ANGN
10.28,10.28,10.28,10.28,300,2021-08-30 15:33:00,ANGN
10.28,10.36,10.28,10.36,300,2021-08-30 15:34:00,ANGN
10.31,10.33,10.31,10.33,200,2021-08-30 15:36:00,ANGN
10.33,10.33,10.33,10.33,200,2021-08-30 15:37:00,ANGN
10.33,10.33,10.33,10.33,100,2021-08-30 15:38:00,ANGN
10.33,10.33,10.33,10.33,100,2021-08-30 15:41:00,ANGN
10.295,10.295,10.295,10.295,100,2021-08-30 15:42:00,ANGN
10.4,10.4,10.4,10.4,100,2021-08-30 15:45:00,ANGN
10.4,10.4,10.4,10.4,500,2021-08-30 15:46:00,ANGN
10.4,10.4,10.34,10.34,1500,2021-08-30 15:49:00,ANGN
10.32,10.32,10.32,10.32,100,2021-08-30 15:52:00,ANGN
10.39,10.39,10.39,10.39,100,2021-08-30 15:58:00,ANGN
10.4,10.4,10.38,10.4,700,2021-08-30 16:06:00,ANGN
10.4,10.42,10.4,10.42,1100,2021-08-30 16:07:00,ANGN
10.42,10.42,10.42,10.42,100,2021-08-30 16:09:00,ANGN
10.43,10.43,10.43,10.43,100,2021-08-30 16:10:00,ANGN
10.45,10.45,10.38,10.38,200,2021-08-30 16:12:00,ANGN
10.45,10.45,10.45,10.45,100,2021-08-30 16:13:00,ANGN
10.38,10.38,10.37,10.37,400,2021-08-30 16:14:00,ANGN
10.4,10.4,10.3641,10.3641,600,2021-08-30 16:15:00,ANGN
10.37,10.37,10.37,10.37,100,2021-08-30 16:17:00,ANGN
10.44,10.44,10.44,10.44,200,2021-08-30 16:25:00,ANGN
10.3501,10.43,10.3501,10.43,734,2021-08-30 16:26:00,ANGN
10.47,10.47,10.47,10.47,100,2021-08-30 16:27:00,ANGN
10.47,10.5,10.47,10.49,3464,2021-08-30 16:28:00,ANGN
10.6,10.6,10.55,10.58,300,2021-08-30 16:29:00,ANGN
10.59,10.59,10.59,10.59,100,2021-08-30 16:30:00,ANGN
10.56,10.56,10.52,10.52,1100,2021-08-30 16:31:00,ANGN
10.54,10.56,10.53,10.56,700,2021-08-30 16:38:00,ANGN
10.52,10.535,10.51,10.51,600,2021-08-30 16:43:00,ANGN
10.53,10.53,10.53,10.53,200,2021-08-30 16:45:00,ANGN
10.49,10.49,10.49,10.49,300,2021-08-30 16:48:00,ANGN
10.47,10.47,10.47,10.47,100,2021-08-30 16:49:00,ANGN
10.47,10.47,10.44,10.44,900,2021-08-30 16:52:00,ANGN
10.48,10.48,10.48,10.48,100,2021-08-30 16:55:00,ANGN
10.4141,10.4141,10.4141,10.4141,100,2021-08-30 16:57:00,ANGN
10.51,10.51,10.51,10.51,200,2021-08-30 17:04:00,ANGN
10.6,10.6,10.6,10.6,100,2021-08-30 17:06:00,ANGN
10.71,10.71,10.71,10.71,100,2021-08-30 17:08:00,ANGN
10.7,10.7,10.7,10.7,100,2021-08-30 17:09:00,ANGN
10.57,10.61,10.55,10.55,1100,2021-08-30 17:10:00,ANGN
10.55,10.55,10.4,10.4,3768,2021-08-30 17:11:00,ANGN
10.49,10.5,10.45,10.45,861,2021-08-30 17:16:00,ANGN
10.5,10.5,10.5,10.5,100,2021-08-30 17:17:00,ANGN
10.505,10.505,10.505,10.505,400,2021-08-30 17:18:00,ANGN
10.505,10.525,10.505,10.525,200,2021-08-30 17:20:00,ANGN
10.48,10.5,10.48,10.5,600,2021-08-30 17:21:00,ANGN
10.44,10.45,10.42,10.42,500,2021-08-30 17:23:00,ANGN
10.435,10.435,10.435,10.435,100,2021-08-30 17:26:00,ANGN
10.42,10.42,10.42,10.42,100,2021-08-30 17:27:00,ANGN
10.43,10.43,10.43,10.43,100,2021-08-30 17:29:00,ANGN
10.37,10.38,10.37,10.37,400,2021-08-30 17:33:00,ANGN
10.37,10.38,10.37,10.38,300,2021-08-30 17:35:00,ANGN
10.39,10.43,10.39,10.43,200,2021-08-30 17:36:00,ANGN
10.435,10.4387,10.435,10.4387,270,2021-08-30 17:37:00,ANGN
10.435,10.435,10.435,10.435,100,2021-08-30 17:38:00,ANGN
10.44,10.44,10.44,10.44,200,2021-08-30 17:42:00,ANGN
10.435,10.435,10.435,10.435,100,2021-08-30 17:43:00,ANGN
10.49,10.49,10.45,10.465,400,2021-08-30 17:44:00,ANGN
10.49,10.5,10.45,10.455,800,2021-08-30 17:47:00,ANGN
10.455,10.51,10.455,10.5,700,2021-08-30 17:48:00,ANGN
10.46,10.52,10.46,10.52,200,2021-08-30 17:49:00,ANGN
10.46,10.5,10.33,10.33,3900,2021-08-30 17:50:00,ANGN
10.4,10.4,10.4,10.4,400,2021-08-30 17:52:00,ANGN
10.44,10.46,10.44,10.45,1200,2021-08-30 17:54:00,ANGN
10.45,10.5,10.402,10.402,1200,2021-08-30 17:55:00,ANGN
10.5,10.5,10.5,10.5,500,2021-08-30 17:56:00,ANGN
10.45,10.5,10.45,10.5,1900,2021-08-30 17:57:00,ANGN
10.45,10.45,10.45,10.45,200,2021-08-30 17:58:00,ANGN
10.46,10.46,10.46,10.46,100,2021-08-30 17:59:00,ANGN
10.46,10.46,10.46,10.46,200,2021-08-30 18:00:00,ANGN
10.46,10.46,10.46,10.46,100,2021-08-30 18:01:00,ANGN
10.46,10.46,10.46,10.46,100,2021-08-30 18:03:00,ANGN
10.52,10.52,10.45,10.45,1380,2021-08-30 18:05:00,ANGN
10.53,10.53,10.49,10.505,300,2021-08-30 18:06:00,ANGN
10.505,10.505,10.43,10.44,850,2021-08-30 18:07:00,ANGN
10.4427,10.455,10.41,10.41,900,2021-08-30 18:08:00,ANGN
10.45,10.47,10.44,10.47,500,2021-08-30 18:09:00,ANGN
10.46,10.47,10.46,10.47,200,2021-08-30 18:10:00,ANGN
10.495,10.495,10.495,10.495,500,2021-08-30 18:11:00,ANGN
10.42,10.505,10.42,10.505,2500,2021-08-30 18:16:00,ANGN
10.505,10.505,10.45,10.45,700,2021-08-30 18:17:00,ANGN
10.475,10.475,10.47,10.47,300,2021-08-30 18:18:00,ANGN
10.43,10.43,10.43,10.43,100,2021-08-30 18:19:00,ANGN
10.485,10.485,10.485,10.485,200,2021-08-30 18:20:00,ANGN
10.4987,10.4987,10.4987,10.4987,500,2021-08-30 18:21:00,ANGN
10.5,10.5,10.5,10.5,500,2021-08-30 18:26:00,ANGN
10.485,10.49,10.485,10.49,300,2021-08-30 18:30:00,ANGN
10.5,10.5,10.5,10.5,500,2021-08-30 18:31:00,ANGN
10.455,10.46,10.45,10.45,500,2021-08-30 18:32:00,ANGN
10.5,10.5,10.5,10.5,100,2021-08-30 18:34:00,ANGN
10.5,10.5,10.5,10.5,200,2021-08-30 18:35:00,ANGN
10.5,10.5,10.44,10.44,900,2021-08-30 18:37:00,ANGN
10.465,10.465,10.465,10.465,100,2021-08-30 18:38:00,ANGN
10.465,10.465,10.465,10.465,100,2021-08-30 18:39:00,ANGN
10.465,10.465,10.465,10.465,100,2021-08-30 18:42:00,ANGN
10.465,10.52,10.465,10.52,200,2021-08-30 18:43:00,ANGN
10.49,10.51,10.49,10.51,200,2021-08-30 18:44:00,ANGN
10.53,10.53,10.42,10.45,3335,2021-08-30 18:45:00,ANGN
10.47,10.47,10.45,10.45,700,2021-08-30 18:46:00,ANGN
10.45,10.5,10.45,10.48,2555,2021-08-30 18:47:00,ANGN
10.48,10.48,10.48,10.48,100,2021-08-30 18:48:00,ANGN
10.45,10.455,10.41,10.45,2300,2021-08-30 18:49:00,ANGN
10.46,10.53,10.46,10.4795,500,2021-08-30 18:50:00,ANGN
10.475,10.475,10.45,10.475,500,2021-08-30 18:53:00,ANGN
10.47,10.47,10.47,10.47,100,2021-08-30 18:54:00,ANGN
10.47,10.5,10.47,10.5,200,2021-08-30 18:55:00,ANGN
10.475,10.4798,10.475,10.4798,200,2021-08-30 18:56:00,ANGN
10.52,10.54,10.52,10.54,200,2021-08-30 19:00:00,ANGN
10.54,10.54,10.515,10.515,204,2021-08-30 19:02:00,ANGN
10.54,10.61,10.54,10.61,600,2021-08-30 19:03:00,ANGN
10.56,10.6,10.56,10.56,766,2021-08-30 19:05:00,ANGN
10.65,10.65,10.65,10.65,100,2021-08-30 19:06:00,ANGN
10.57,10.57,10.56,10.56,800,2021-08-30 19:07:00,ANGN
10.605,10.605,10.605,10.605,100,2021-08-30 19:08:00,ANGN
10.605,10.605,10.605,10.605,100,2021-08-30 19:10:00,ANGN
10.64,10.64,10.52,10.52,1661,2021-08-30 19:14:00,ANGN
10.49,10.49,10.36,10.36,4220,2021-08-30 19:16:00,ANGN
10.4,10.4,10.4,10.4,100,2021-08-30 19:18:00,ANGN
10.435,10.435,10.38,10.38,1111,2021-08-30 19:20:00,ANGN
10.47,10.47,10.47,10.47,100,2021-08-30 19:22:00,ANGN
10.475,10.475,10.475,10.475,100,2021-08-30 19:23:00,ANGN
10.48,10.53,10.48,10.5,500,2021-08-30 19:24:00,ANGN
10.53,10.53,10.53,10.53,100,2021-08-30 19:25:00,ANGN
10.53,10.53,10.53,10.53,290,2021-08-30 19:26:00,ANGN
10.55,10.55,10.55,10.55,100,2021-08-30 19:27:00,ANGN
10.55,10.55,10.55,10.55,200,2021-08-30 19:28:00,ANGN
10.55,10.55,10.55,10.55,200,2021-08-30 19:29:00,ANGN
10.52,10.52,10.52,10.52,100,2021-08-30 19:30:00,ANGN
10.5,10.5,10.46,10.46,1400,2021-08-30 19:31:00,ANGN
10.5,10.5,10.45,10.45,300,2021-08-30 19:33:00,ANGN
10.43,10.43,10.43,10.43,200,2021-08-30 19:34:00,ANGN
10.495,10.495,10.495,10.495,100,2021-08-30 19:38:00,ANGN
10.495,10.495,10.495,10.495,100,2021-08-30 19:40:00,ANGN
10.48,10.5,10.48,10.5,922,2021-08-30 19:41:00,ANGN
10.5,10.5,10.5,10.5,100,2021-08-30 19:42:00,ANGN
10.5,10.5,10.5,10.5,100,2021-08-30 19:43:00,ANGN
10.5,10.5,10.49,10.49,300,2021-08-30 19:44:00,ANGN
10.55,10.55,10.55,10.55,100,2021-08-30 19:45:00,ANGN
10.55,10.55,10.545,10.545,200,2021-08-30 19:46:00,ANGN
10.55,10.55,10.505,10.505,300,2021-08-30 19:47:00,ANGN
10.53,10.54,10.47,10.5,1800,2021-08-30 19:48:00,ANGN
10.53,10.53,10.53,10.53,100,2021-08-30 19:49:00,ANGN
10.54,10.54,10.54,10.54,100,2021-08-30 19:50:00,ANGN
10.54,10.54,10.505,10.505,500,2021-08-30 19:51:00,ANGN
10.51,10.51,10.5,10.5,300,2021-08-30 19:52:00,ANGN
10.505,10.52,10.49,10.505,2000,2021-08-30 19:53:00,ANGN
10.52,10.52,10.5,10.5,600,2021-08-30 19:54:00,ANGN
10.5,10.535,10.5,10.535,500,2021-08-30 19:55:00,ANGN
10.535,10.535,10.5,10.5,400,2021-08-30 19:56:00,ANGN
10.57,10.57,10.5,10.5,600,2021-08-30 19:57:00,ANGN
10.5,10.5,10.45,10.45,1612,2021-08-30 19:58:00,ANGN
10.455,10.53,10.44,10.49,1200,2021-08-30 19:59:00,ANGN
10.54,10.54,10.54,10.54,1610,2021-08-30 20:00:00,ANGN
10.58,10.58,10.5,10.5,1584,2021-08-31 13:30:00,ANGN
10.59,10.59,10.59,10.59,250,2021-08-31 13:31:00,ANGN
10.59,10.59,10.59,10.59,136,2021-08-31 13:34:00,ANGN
10.5001,10.5001,10.5001,10.5001,366,2021-08-31 13:36:00,ANGN
10.66,10.66,10.66,10.66,100,2021-08-31 13:37:00,ANGN
10.78,10.78,10.78,10.78,100,2021-08-31 13:38:00,ANGN
10.83,10.83,10.83,10.83,100,2021-08-31 13:39:00,ANGN
10.83,10.83,10.83,10.83,100,2021-08-31 13:40:00,ANGN
10.84,10.84,10.84,10.84,100,2021-08-31 13:41:00,ANGN
10.83,10.83,10.83,10.83,100,2021-08-31 13:42:00,ANGN
10.84,10.84,10.84,10.84,100,2021-08-31 13:43:00,ANGN
10.84,10.84,10.84,10.84,100,2021-08-31 13:44:00,ANGN
10.83,10.83,10.83,10.83,100,2021-08-31 13:47:00,ANGN
10.8,10.8,10.8,10.8,100,2021-08-31 13:48:00,ANGN
10.79,10.96,10.79,10.96,800,2021-08-31 13:49:00,ANGN
10.95,10.95,10.95,10.95,100,2021-08-31 13:50:00,ANGN
10.96,10.96,10.96,10.96,300,2021-08-31 13:52:00,ANGN
10.9,10.9,10.9,10.9,386,2021-08-31 13:53:00,ANGN
10.9,10.9,10.9,10.9,100,2021-08-31 13:55:00,ANGN
10.9,10.9,10.9,10.9,100,2021-08-31 13:56:00,ANGN
10.9,10.9,10.9,10.9,100,2021-08-31 13:57:00,ANGN
10.9,10.9,10.9,10.9,100,2021-08-31 13:58:00,ANGN
10.9,10.9,10.9,10.9,100,2021-08-31 13:59:00,ANGN
10.9,10.9,10.9,10.9,200,2021-08-31 14:00:00,ANGN
10.85,10.85,10.84,10.84,300,2021-08-31 14:02:00,ANGN
10.76,10.76,10.76,10.76,200,2021-08-31 14:11:00,ANGN
10.73,10.73,10.72,10.72,204,2021-08-31 14:17:00,ANGN
10.79,10.79,10.79,10.79,1000,2021-08-31 14:19:00,ANGN
10.76,10.83,10.69,10.69,1789,2021-08-31 14:20:00,ANGN
10.69,10.7,10.69,10.7,400,2021-08-31 14:21:00,ANGN
10.75,10.75,10.75,10.75,200,2021-08-31 14:23:00,ANGN
10.75,10.7548,10.75,10.7548,1200,2021-08-31 14:24:00,ANGN
10.765,10.765,10.765,10.765,100,2021-08-31 14:25:00,ANGN
10.7325,10.7325,10.7325,10.7325,100,2021-08-31 14:26:00,ANGN
10.765,10.78,10.735,10.75,600,2021-08-31 14:34:00,ANGN
10.7,10.75,10.7,10.72,300,2021-08-31 14:39:00,ANGN
10.75,10.75,10.75,10.75,200,2021-08-31 14:45:00,ANGN
10.755,10.755,10.755,10.755,100,2021-08-31 14:46:00,ANGN
10.755,10.755,10.755,10.755,100,2021-08-31 14:50:00,ANGN
10.755,10.81,10.7525,10.7525,300,2021-08-31 15:06:00,ANGN
10.82,10.82,10.755,10.755,200,2021-08-31 15:09:00,ANGN
10.755,10.755,10.695,10.695,409,2021-08-31 15:10:00,ANGN
10.74,10.74,10.74,10.74,200,2021-08-31 15:21:00,ANGN
10.74,10.74,10.74,10.74,100,2021-08-31 15:22:00,ANGN
10.735,10.735,10.735,10.735,100,2021-08-31 15:27:00,ANGN
10.76,10.76,10.76,10.76,100,2021-08-31 15:28:00,ANGN
10.76,10.76,10.75,10.75,329,2021-08-31 15:29:00,ANGN
10.73,10.73,10.73,10.73,100,2021-08-31 15:47:00,ANGN
10.85,10.85,10.85,10.85,211,2021-08-31 15:51:00,ANGN
10.85,10.85,10.85,10.85,100,2021-08-31 15:55:00,ANGN
10.85,10.85,10.85,10.85,100,2021-08-31 15:57:00,ANGN
10.85,10.85,10.85,10.85,100,2021-08-31 15:59:00,ANGN
10.89,10.89,10.89,10.89,100,2021-08-31 16:01:00,ANGN
10.89,10.89,10.89,10.89,300,2021-08-31 16:05:00,ANGN
10.9,10.9,10.855,10.855,926,2021-08-31 16:06:00,ANGN
10.95,10.95,10.95,10.95,100,2021-08-31 16:07:00,ANGN
10.97,10.97,10.97,10.97,100,2021-08-31 16:13:00,ANGN
10.99,10.99,10.99,10.99,200,2021-08-31 16:17:00,ANGN
10.95,10.99,10.95,10.99,300,2021-08-31 16:18:00,ANGN
10.99,10.99,10.99,10.99,100,2021-08-31 16:19:00,ANGN
10.99,10.99,10.99,10.99,100,2021-08-31 16:22:00,ANGN
10.99,10.99,10.99,10.99,100,2021-08-31 16:24:00,ANGN
10.99,10.99,10.99,10.99,100,2021-08-31 16:25:00,ANGN
10.99,10.99,10.99,10.99,100,2021-08-31 16:26:00,ANGN
10.99,10.99,10.92,10.92,200,2021-08-31 16:27:00,ANGN
10.99,10.99,10.99,10.99,200,2021-08-31 16:33:00,ANGN
10.98,10.98,10.98,10.98,100,2021-08-31 16:35:00,ANGN
10.99,10.99,10.99,10.99,100,2021-08-31 16:36:00,ANGN
10.99,10.99,10.99,10.99,100,2021-08-31 16:38:00,ANGN
10.99,10.99,10.99,10.99,898,2021-08-31 16:39:00,ANGN
11.0,11.01,10.96,11.01,3711,2021-08-31 16:40:00,ANGN
11.02,11.02,11.02,11.02,100,2021-08-31 16:41:00,ANGN
11.02,11.02,11.02,11.02,200,2021-08-31 16:44:00,ANGN
10.995,10.995,10.97,10.97,1000,2021-08-31 16:45:00,ANGN
10.92,10.92,10.92,10.92,200,2021-08-31 16:46:00,ANGN
10.96,10.96,10.96,10.96,200,2021-08-31 17:02:00,ANGN
10.99,10.99,10.99,10.99,500,2021-08-31 17:07:00,ANGN
11.01,11.01,11.01,11.01,100,2021-08-31 17:11:00,ANGN
11.01,11.01,11.01,11.01,100,2021-08-31 17:12:00,ANGN
11.01,11.03,10.99,10.99,1800,2021-08-31 17:17:00,ANGN
10.98,10.98,10.98,10.98,700,2021-08-31 17:20:00,ANGN
10.915,10.915,10.915,10.915,100,2021-08-31 17:25:00,ANGN
11.035,11.07,10.975,11.07,965,2021-08-31 17:32:00,ANGN
10.98,11.06,10.98,11.06,516,2021-08-31 17:37:00,ANGN
10.965,10.965,10.96,10.96,800,2021-08-31 17:39:00,ANGN
10.96,10.96,10.96,10.96,100,2021-08-31 17:41:00,ANGN
10.96,10.965,10.96,10.965,400,2021-08-31 17:44:00,ANGN
10.965,10.965,10.9625,10.9625,300,2021-08-31 17:46:00,ANGN
10.96,10.96,10.96,10.96,200,2021-08-31 17:48:00,ANGN
10.9338,10.9338,10.9338,10.9338,500,2021-08-31 17:50:00,ANGN
10.955,10.955,10.955,10.955,300,2021-08-31 17:51:00,ANGN
10.955,10.955,10.955,10.955,200,2021-08-31 17:52:00,ANGN
10.955,10.955,10.955,10.955,100,2021-08-31 17:53:00,ANGN
11.01,11.01,11.01,11.01,100,2021-08-31 17:54:00,ANGN
10.95,11.02,10.95,10.95,617,2021-08-31 17:55:00,ANGN
11.02,11.02,10.9,10.9,300,2021-08-31 17:59:00,ANGN
10.955,10.955,10.955,10.955,100,2021-08-31 18:01:00,ANGN
10.95,10.95,10.95,10.95,100,2021-08-31 18:03:00,ANGN
11.01,11.01,11.0,11.0,200,2021-08-31 18:09:00,ANGN
11.01,11.01,11.01,11.01,100,2021-08-31 18:10:00,ANGN
11.01,11.01,11.01,11.01,100,2021-08-31 18:12:00,ANGN
11.01,11.01,11.01,11.01,100,2021-08-31 18:21:00,ANGN
11.01,11.01,11.01,11.01,100,2021-08-31 18:23:00,ANGN
10.91,10.91,10.91,10.91,100,2021-08-31 18:27:00,ANGN
10.96,11.01,10.96,11.01,300,2021-08-31 18:28:00,ANGN
11.01,11.01,11.01,11.01,200,2021-08-31 18:36:00,ANGN
11.06,11.06,11.06,11.06,123,2021-08-31 18:44:00,ANGN
11.005,11.005,11.005,11.005,100,2021-08-31 18:45:00,ANGN
11.04,11.04,11.04,11.04,100,2021-08-31 18:53:00,ANGN
11.03,11.04,11.03,11.04,300,2021-08-31 18:54:00,ANGN
10.98,11.02,10.96,11.01,1400,2021-08-31 18:55:00,ANGN
10.98,10.98,10.98,10.98,100,2021-08-31 19:03:00,ANGN
11.02,11.02,10.985,10.985,1765,2021-08-31 19:04:00,ANGN
10.985,10.985,10.985,10.985,200,2021-08-31 19:05:00,ANGN
10.99,11.0,10.99,11.0,300,2021-08-31 19:08:00,ANGN
10.99,10.99,10.97,10.99,950,2021-08-31 19:09:00,ANGN
10.94,10.94,10.94,10.94,100,2021-08-31 19:14:00,ANGN
10.99,10.99,10.99,10.99,100,2021-08-31 19:21:00,ANGN
10.94,11.02,10.94,11.02,722,2021-08-31 19:24:00,ANGN
11.0,11.0,10.98,11.0,2243,2021-08-31 19:28:00,ANGN
10.98,10.98,10.98,10.98,271,2021-08-31 19:29:00,ANGN
10.94,10.94,10.94,10.94,400,2021-08-31 19:34:00,ANGN
10.98,11.0,10.98,10.98,300,2021-08-31 19:37:00,ANGN
11.0,11.0,11.0,11.0,300,2021-08-31 19:38:00,ANGN
10.98,10.98,10.98,10.98,100,2021-08-31 19:39:00,ANGN
11.0,11.05,11.0,11.05,536,2021-08-31 19:40:00,ANGN
11.03,11.03,11.03,11.03,100,2021-08-31 19:41:00,ANGN
11.04,11.04,11.04,11.04,100,2021-08-31 19:43:00,ANGN
11.0,11.02,11.0,11.02,400,2021-08-31 19:44:00,ANGN
11.01,11.01,11.0,11.01,1331,2021-08-31 19:45:00,ANGN
11.03,11.03,11.03,11.03,100,2021-08-31 19:48:00,ANGN
11.04,11.09,11.04,11.09,1772,2021-08-31 19:50:00,ANGN
11.08,11.08,11.06,11.06,1300,2021-08-31 19:51:00,ANGN
11.08,11.08,11.08,11.08,100,2021-08-31 19:52:00,ANGN
11.11,11.145,11.08,11.105,1605,2021-08-31 19:53:00,ANGN
11.11,11.13,11.01,11.01,4991,2021-08-31 19:56:00,ANGN
11.0,11.01,11.0,11.01,600,2021-08-31 19:58:00,ANGN
11.0,11.0,10.89,10.99,1874,2021-08-31 19:59:00,ANGN
11.01,11.01,11.01,11.01,4460,2021-08-31 20:00:00,ANGN
10.96,10.96,10.86,10.86,2790,2021-09-01 13:30:00,ANGN
10.86,10.86,10.86,10.86,100,2021-09-01 13:31:00,ANGN
10.88,10.88,10.8501,10.8501,2000,2021-09-01 13:32:00,ANGN
10.88,10.88,10.87,10.88,2012,2021-09-01 13:35:00,ANGN
10.99,10.99,10.99,10.99,100,2021-09-01 13:36:00,ANGN
10.99,10.99,10.85,10.85,2760,2021-09-01 13:37:00,ANGN
10.85,10.85,10.85,10.85,1289,2021-09-01 13:39:00,ANGN
10.92,10.92,10.85,10.85,1980,2021-09-01 13:40:00,ANGN
10.85,10.85,10.85,10.85,2130,2021-09-01 13:42:00,ANGN
10.98,10.98,10.9,10.9,2257,2021-09-01 13:45:00,ANGN
10.85,10.86,10.85,10.85,1100,2021-09-01 13:46:00,ANGN
10.77,10.77,10.77,10.77,100,2021-09-01 13:50:00,ANGN
10.805,10.805,10.805,10.805,300,2021-09-01 13:55:00,ANGN
10.805,10.805,10.805,10.805,400,2021-09-01 13:56:00,ANGN
10.85,10.89,10.85,10.85,1901,2021-09-01 14:02:00,ANGN
10.85,10.85,10.85,10.85,200,2021-09-01 14:03:00,ANGN
10.97,10.97,10.85,10.85,200,2021-09-01 14:04:00,ANGN
10.955,10.955,10.85,10.85,300,2021-09-01 14:05:00,ANGN
10.85,10.91,10.84,10.84,1200,2021-09-01 14:06:00,ANGN
10.83,10.895,10.83,10.895,300,2021-09-01 14:07:00,ANGN
10.895,10.95,10.895,10.95,200,2021-09-01 14:08:00,ANGN
10.99,11.0,10.99,11.0,200,2021-09-01 14:09:00,ANGN
11.0,11.0,11.0,11.0,100,2021-09-01 14:11:00,ANGN
10.87,10.95,10.87,10.95,300,2021-09-01 14:12:00,ANGN
10.95,10.95,10.95,10.95,100,2021-09-01 14:13:00,ANGN
10.95,11.0,10.95,11.0,300,2021-09-01 14:14:00,ANGN
10.95,10.95,10.95,10.95,100,2021-09-01 14:15:00,ANGN
11.0,11.0,11.0,11.0,100,2021-09-01 14:16:00,ANGN
10.95,10.95,10.95,10.95,100,2021-09-01 14:17:00,ANGN
10.95,10.95,10.935,10.935,200,2021-09-01 14:18:00,ANGN
10.95,10.95,10.95,10.95,100,2021-09-01 14:20:00,ANGN
10.95,10.95,10.95,10.95,100,2021-09-01 14:21:00,ANGN
10.95,10.95,10.95,10.95,100,2021-09-01 14:22:00,ANGN
10.95,10.95,10.95,10.95,100,2021-09-01 14:23:00,ANGN
10.95,10.95,10.95,10.95,100,2021-09-01 14:24:00,ANGN
10.945,10.95,10.945,10.95,200,2021-09-01 14:26:00,ANGN
10.945,10.945,10.945,10.945,1000,2021-09-01 14:27:00,ANGN
10.945,10.945,10.945,10.945,100,2021-09-01 14:28:00,ANGN
10.89,10.89,10.89,10.89,400,2021-09-01 14:29:00,ANGN
10.79,10.79,10.79,10.79,200,2021-09-01 14:30:00,ANGN
10.86,10.86,10.86,10.86,100,2021-09-01 14:34:00,ANGN
10.86,10.86,10.86,10.86,200,2021-09-01 14:38:00,ANGN
10.86,10.86,10.86,10.86,100,2021-09-01 14:40:00,ANGN
10.93,10.93,10.93,10.93,100,2021-09-01 14:42:00,ANGN
10.87,10.93,10.87,10.93,200,2021-09-01 14:43:00,ANGN
10.93,10.93,10.93,10.93,100,2021-09-01 14:44:00,ANGN
10.885,10.885,10.885,10.885,800,2021-09-01 14:45:00,ANGN
10.885,10.885,10.885,10.885,100,2021-09-01 14:49:00,ANGN
10.885,10.885,10.885,10.885,200,2021-09-01 14:50:00,ANGN
10.885,10.885,10.885,10.885,100,2021-09-01 14:51:00,ANGN
10.84,10.84,10.84,10.84,200,2021-09-01 14:53:00,ANGN
10.885,10.885,10.885,10.885,100,2021-09-01 14:54:00,ANGN
10.93,10.93,10.93,10.93,100,2021-09-01 14:57:00,ANGN
10.94,10.94,10.94,10.94,200,2021-09-01 14:59:00,ANGN
10.95,10.95,10.95,10.95,100,2021-09-01 15:01:00,ANGN
10.95,10.95,10.95,10.95,100,2021-09-01 15:03:00,ANGN
10.95,10.95,10.95,10.95,100,2021-09-01 15:06:00,ANGN
10.95,10.95,10.95,10.95,200,2021-09-01 15:10:00,ANGN
10.8744,10.8744,10.8744,10.8744,600,2021-09-01 15:13:00,ANGN
10.95,10.965,10.95,10.95,900,2021-09-01 15:14:00,ANGN
10.96,10.97,10.96,10.97,223,2021-09-01 15:15:00,ANGN
10.9401,11.0,10.9401,11.0,1092,2021-09-01 15:16:00,ANGN
10.95,10.96,10.95,10.96,1023,2021-09-01 15:17:00,ANGN
10.99,10.99,10.99,10.99,100,2021-09-01 15:18:00,ANGN
10.97,10.97,10.97,10.97,200,2021-09-01 15:19:00,ANGN
10.97,10.97,10.97,10.97,100,2021-09-01 15:20:00,ANGN
11.0,11.0,10.95,10.95,200,2021-09-01 15:21:00,ANGN
10.99,10.99,10.99,10.99,100,2021-09-01 15:22:00,ANGN
10.97,10.97,10.94,10.94,1300,2021-09-01 15:23:00,ANGN
10.955,10.955,10.955,10.955,100,2021-09-01 15:29:00,ANGN
10.93,10.95,10.93,10.95,400,2021-09-01 15:30:00,ANGN
10.93,10.93,10.93,10.93,100,2021-09-01 15:34:00,ANGN
10.955,10.955,10.955,10.955,100,2021-09-01 15:37:00,ANGN
10.95,11.0,10.95,11.0,200,2021-09-01 15:38:00,ANGN
11.0,11.0,10.96,10.96,200,2021-09-01 15:40:00,ANGN
11.0,11.0,11.0,11.0,100,2021-09-01 15:41:00,ANGN
10.96,10.96,10.96,10.96,200,2021-09-01 15:42:00,ANGN
11.0,11.0,10.97,10.98,746,2021-09-01 15:43:00,ANGN
10.95,10.98,10.95,10.95,400,2021-09-01 15:44:00,ANGN
10.98,10.98,10.98,10.98,100,2021-09-01 15:45:00,ANGN
11.01,11.01,10.95,10.98,300,2021-09-01 15:46:00,ANGN
11.01,11.01,10.98,10.98,300,2021-09-01 15:47:00,ANGN
11.01,11.01,10.95,10.95,300,2021-09-01 15:49:00,ANGN
10.98,10.99,10.94,10.94,1200,2021-09-01 15:50:00,ANGN
10.92,10.92,10.92,10.92,100,2021-09-01 15:54:00,ANGN
10.925,10.925,10.925,10.925,100,2021-09-01 15:59:00,ANGN
10.925,10.925,10.925,10.925,100,2021-09-01 16:00:00,ANGN
11.03,11.03,11.0,11.0,300,2021-09-01 16:06:00,ANGN
11.04,11.04,11.04,11.04,100,2021-09-01 16:07:00,ANGN
11.04,11.04,11.04,11.04,100,2021-09-01 16:09:00,ANGN
11.04,11.04,11.04,11.04,100,2021-09-01 16:12:00,ANGN
11.06,11.06,11.06,11.06,300,2021-09-01 16:13:00,ANGN
11.06,11.06,11.03,11.04,831,2021-09-01 16:14:00,ANGN
11.06,11.08,11.06,11.08,300,2021-09-01 16:17:00,ANGN
11.13,11.13,11.13,11.13,100,2021-09-01 16:21:00,ANGN
11.04,11.07,11.0,11.0,7893,2021-09-01 16:23:00,ANGN
10.95,10.95,10.95,10.95,100,2021-09-01 16:29:00,ANGN
11.03,11.03,11.03,11.03,100,2021-09-01 16:34:00,ANGN
11.03,11.03,10.965,10.965,200,2021-09-01 16:36:00,ANGN
11.03,11.03,11.03,11.03,200,2021-09-01 16:40:00,ANGN
11.03,11.03,11.03,11.03,100,2021-09-01 16:41:00,ANGN
11.04,11.055,11.04,11.055,994,2021-09-01 16:46:00,ANGN
11.055,11.055,11.055,11.055,200,2021-09-01 16:47:00,ANGN
11.055,11.055,11.055,11.055,100,2021-09-01 16:49:00,ANGN
11.055,11.055,11.055,11.055,200,2021-09-01 16:51:00,ANGN
11.055,11.055,11.055,11.055,100,2021-09-01 16:52:00,ANGN
11.055,11.055,11.055,11.055,100,2021-09-01 16:53:00,ANGN
11.055,11.055,11.055,11.055,100,2021-09-01 16:54:00,ANGN
11.055,11.055,11.055,11.055,100,2021-09-01 16:55:00,ANGN
11.055,11.055,11.055,11.055,100,2021-09-01 16:57:00,ANGN
11.055,11.055,11.055,11.055,100,2021-09-01 16:58:00,ANGN
11.055,11.055,11.055,11.055,200,2021-09-01 16:59:00,ANGN
11.055,11.055,11.055,11.055,100,2021-09-01 17:01:00,ANGN
11.06,11.06,11.06,11.06,200,2021-09-01 17:02:00,ANGN
11.06,11.06,11.06,11.06,100,2021-09-01 17:04:00,ANGN
11.06,11.06,11.06,11.06,100,2021-09-01 17:05:00,ANGN
11.06,11.06,11.06,11.06,100,2021-09-01 17:06:00,ANGN
11.06,11.06,11.06,11.06,100,2021-09-01 17:07:00,ANGN
11.13,11.13,11.13,11.13,100,2021-09-01 17:09:00,ANGN
11.02,11.02,11.01,11.01,1660,2021-09-01 17:11:00,ANGN
10.9983,10.9983,10.9983,10.9983,106,2021-09-01 17:20:00,ANGN
11.04,11.04,11.04,11.04,100,2021-09-01 17:21:00,ANGN
11.04,11.049,11.0,11.049,400,2021-09-01 17:23:00,ANGN
11.04,11.04,11.04,11.04,100,2021-09-01 17:24:00,ANGN
11.0,11.0095,11.0,11.0095,200,2021-09-01 17:25:00,ANGN
11.03,11.03,11.03,11.03,100,2021-09-01 17:26:00,ANGN
11.03,11.03,11.03,11.03,100,2021-09-01 17:27:00,ANGN
11.03,11.03,11.03,11.03,100,2021-09-01 17:28:00,ANGN
11.03,11.03,11.03,11.03,100,2021-09-01 17:30:00,ANGN
11.04,11.04,11.04,11.04,146,2021-09-01 17:31:00,ANGN
11.04,11.04,11.04,11.04,100,2021-09-01 17:33:00,ANGN
11.04,11.04,11.02,11.02,1169,2021-09-01 17:34:00,ANGN
11.02,11.02,11.01,11.01,400,2021-09-01 17:44:00,ANGN
11.01,11.015,11.01,11.015,500,2021-09-01 17:45:00,ANGN
11.01,11.01,10.99,10.99,748,2021-09-01 17:46:00,ANGN
11.01,11.01,10.98,11.01,500,2021-09-01 17:48:00,ANGN
11.05,11.05,11.05,11.05,654,2021-09-01 17:58:00,ANGN
11.045,11.05,11.045,11.05,300,2021-09-01 17:59:00,ANGN
11.05,11.05,11.05,11.05,100,2021-09-01 18:00:00,ANGN
11.05,11.05,11.05,11.05,100,2021-09-01 18:02:00,ANGN
11.06,11.06,11.06,11.06,100,2021-09-01 18:03:00,ANGN
11.06,11.06,10.98,10.98,1200,2021-09-01 18:04:00,ANGN
11.035,11.035,11.035,11.035,100,2021-09-01 18:14:00,ANGN
11.05,11.05,11.05,11.05,100,2021-09-01 18:15:00,ANGN
11.05,11.05,11.05,11.05,200,2021-09-01 18:19:00,ANGN
11.05,11.075,11.05,11.075,200,2021-09-01 18:20:00,ANGN
11.08,11.08,11.08,11.08,100,2021-09-01 18:21:00,ANGN
11.05,11.05,11.05,11.05,100,2021-09-01 18:22:00,ANGN
11.08,11.08,11.08,11.08,100,2021-09-01 18:23:00,ANGN
11.08,11.08,11.08,11.08,100,2021-09-01 18:24:00,ANGN
11.03,11.03,10.98,11.02,844,2021-09-01 18:25:00,ANGN
11.005,11.005,11.005,11.005,100,2021-09-01 18:26:00,ANGN
11.005,11.005,11.005,11.005,500,2021-09-01 18:32:00,ANGN
11.005,11.005,11.005,11.005,100,2021-09-01 18:33:00,ANGN
10.95,10.95,10.95,10.95,200,2021-09-01 18:36:00,ANGN
10.97,10.97,10.97,10.97,100,2021-09-01 18:41:00,ANGN
10.96,10.96,10.95,10.95,500,2021-09-01 18:43:00,ANGN
10.91,10.91,10.91,10.91,200,2021-09-01 18:49:00,ANGN
10.95,10.95,10.925,10.925,200,2021-09-01 18:51:00,ANGN
10.94,10.94,10.9,10.9,500,2021-09-01 18:52:00,ANGN
10.91,10.91,10.91,10.91,200,2021-09-01 18:54:00,ANGN
10.94,10.94,10.94,10.94,343,2021-09-01 18:58:00,ANGN
10.98,10.98,10.98,10.98,100,2021-09-01 18:59:00,ANGN
10.98,10.98,10.98,10.98,100,2021-09-01 19:00:00,ANGN
10.96,10.96,10.95,10.95,300,2021-09-01 19:01:00,ANGN
10.98,11.0,10.97,10.9975,1065,2021-09-01 19:10:00,ANGN
11.0,11.0,10.97,10.97,200,2021-09-01 19:12:00,ANGN
10.97,11.01,10.96,10.96,2100,2021-09-01 19:13:00,ANGN
10.94,10.95,10.93,10.94,600,2021-09-01 19:14:00,ANGN
10.97,10.97,10.97,10.97,100,2021-09-01 19:22:00,ANGN
10.96,10.97,10.96,10.97,200,2021-09-01 19:23:00,ANGN
10.96,10.97,10.96,10.97,200,2021-09-01 19:26:00,ANGN
10.94,10.95,10.94,10.94,600,2021-09-01 19:27:00,ANGN
10.97,10.97,10.95,10.97,2950,2021-09-01 19:31:00,ANGN
10.975,10.975,10.96,10.96,200,2021-09-01 19:32:00,ANGN
10.99,11.0,10.96,10.97,2112,2021-09-01 19:33:00,ANGN
10.98,10.98,10.98,10.98,100,2021-09-01 19:34:00,ANGN
10.98,10.98,10.98,10.98,200,2021-09-01 19:35:00,ANGN
10.975,10.98,10.975,10.98,200,2021-09-01 19:36:00,ANGN
10.975,10.975,10.975,10.975,100,2021-09-01 19:37:00,ANGN
10.99,10.99,10.975,10.98,900,2021-09-01 19:38:00,ANGN
10.99,10.99,10.96,10.99,700,2021-09-01 19:39:00,ANGN
10.97,10.97,10.97,10.97,300,2021-09-01 19:40:00,ANGN
10.98,11.0,10.97,10.97,473,2021-09-01 19:41:00,ANGN
10.975,11.0,10.975,11.0,320,2021-09-01 19:42:00,ANGN
10.97,10.97,10.97,10.97,300,2021-09-01 19:43:00,ANGN
10.97,10.99,10.97,10.99,200,2021-09-01 19:44:00,ANGN
10.99,10.99,10.975,10.975,300,2021-09-01 19:45:00,ANGN
10.975,10.975,10.975,10.975,100,2021-09-01 19:46:00,ANGN
10.98,10.98,10.9742,10.98,930,2021-09-01 19:47:00,ANGN
10.97,10.99,10.97,10.975,700,2021-09-01 19:48:00,ANGN
10.96,10.99,10.96,10.965,800,2021-09-01 19:49:00,ANGN
10.97,10.97,10.97,10.97,342,2021-09-01 19:50:00,ANGN
10.96,10.97,10.96,10.965,300,2021-09-01 19:51:00,ANGN
10.965,10.97,10.965,10.97,300,2021-09-01 19:52:00,ANGN
10.97,10.98,10.96,10.965,4345,2021-09-01 19:53:00,ANGN
10.97,10.99,10.96,10.98,2423,2021-09-01 19:54:00,ANGN
10.98,11.0,10.96,10.97,2202,2021-09-01 19:55:00,ANGN
11.0,11.0,10.93,10.93,300,2021-09-01 19:57:00,ANGN
10.965,10.965,10.965,10.965,100,2021-09-01 19:58:00,ANGN
10.95,11.0,10.95,10.97,1419,2021-09-01 19:59:00,ANGN
11.01,11.01,11.01,11.01,5766,2021-09-01 20:00:00,ANGN
11.1,11.1,11.1,11.1,635,2021-09-02 13:30:00,ANGN
11.08,11.08,11.08,11.08,100,2021-09-02 13:45:00,ANGN
11.21,11.35,11.21,11.34,400,2021-09-02 13:49:00,ANGN
11.23,11.35,11.23,11.35,720,2021-09-02 13:52:00,ANGN
11.35,11.35,11.35,11.35,600,2021-09-02 13:55:00,ANGN
11.48,11.5,11.45,11.5,1759,2021-09-02 13:56:00,ANGN
11.51,11.51,11.51,11.51,100,2021-09-02 14:00:00,ANGN
11.57,11.625,11.56,11.62,600,2021-09-02 14:07:00,ANGN
11.685,11.685,11.685,11.685,100,2021-09-02 14:13:00,ANGN
11.64,11.65,11.64,11.65,511,2021-09-02 14:15:00,ANGN
11.77,11.77,11.67,11.69,1200,2021-09-02 14:16:00,ANGN
11.855,11.855,11.855,11.855,100,2021-09-02 14:18:00,ANGN
11.64,11.64,11.64,11.64,182,2021-09-02 14:19:00,ANGN
11.905,11.905,11.905,11.905,100,2021-09-02 14:22:00,ANGN
11.8042,11.8042,11.7,11.7,300,2021-09-02 14:24:00,ANGN
11.69,11.765,11.69,11.765,600,2021-09-02 14:25:00,ANGN
11.83,11.83,11.8,11.81,400,2021-09-02 14:35:00,ANGN
11.85,11.9,11.85,11.9,1000,2021-09-02 14:38:00,ANGN
11.97,11.97,11.9,11.9,976,2021-09-02 14:41:00,ANGN
11.995,12.0,11.99,11.99,833,2021-09-02 14:42:00,ANGN
12.11,12.11,12.11,12.11,100,2021-09-02 14:45:00,ANGN
12.15,12.15,12.15,12.15,100,2021-09-02 14:46:00,ANGN
12.16,12.16,12.14,12.16,983,2021-09-02 14:49:00,ANGN
12.11,12.11,12.11,12.11,100,2021-09-02 14:50:00,ANGN
12.06,12.06,12.06,12.06,100,2021-09-02 14:51:00,ANGN
12.06,12.06,12.06,12.06,274,2021-09-02 14:52:00,ANGN
12.0,12.0,12.0,12.0,200,2021-09-02 14:55:00,ANGN
12.0,12.01,12.0,12.0,800,2021-09-02 14:58:00,ANGN
12.0,12.06,12.0,12.06,300,2021-09-02 15:04:00,ANGN
12.06,12.06,11.99,11.99,200,2021-09-02 15:06:00,ANGN
12.09,12.09,12.09,12.09,100,2021-09-02 15:07:00,ANGN
11.98,11.98,11.98,11.98,200,2021-09-02 15:12:00,ANGN
11.9,11.9,11.9,11.9,631,2021-09-02 15:20:00,ANGN
11.97,11.97,11.97,11.97,100,2021-09-02 15:24:00,ANGN
11.935,11.935,11.935,11.935,200,2021-09-02 15:25:00,ANGN
12.005,12.01,11.975,11.975,645,2021-09-02 15:29:00,ANGN
11.95,11.95,11.95,11.95,300,2021-09-02 15:38:00,ANGN
11.96,11.96,11.96,11.96,100,2021-09-02 15:39:00,ANGN
11.96,11.965,11.96,11.965,300,2021-09-02 15:40:00,ANGN
11.95,11.96,11.95,11.96,200,2021-09-02 15:44:00,ANGN
11.9505,11.9505,11.9505,11.9505,300,2021-09-02 15:47:00,ANGN
11.95,11.96,11.95,11.96,708,2021-09-02 15:48:00,ANGN
11.96,11.96,11.92,11.93,1680,2021-09-02 15:49:00,ANGN
11.94,11.96,11.94,11.96,300,2021-09-02 15:59:00,ANGN
11.95,11.99,11.95,11.99,700,2021-09-02 16:01:00,ANGN
11.89,11.92,11.89,11.92,250,2021-09-02 16:02:00,ANGN
11.885,11.885,11.885,11.885,100,2021-09-02 16:04:00,ANGN
11.94,11.95,11.94,11.94,1500,2021-09-02 16:09:00,ANGN
11.94,12.075,11.94,12.075,2512,2021-09-02 16:10:00,ANGN
12.075,12.075,12.075,12.075,100,2021-09-02 16:11:00,ANGN
12.03,12.03,11.99,11.99,300,2021-09-02 16:12:00,ANGN
12.075,12.075,12.075,12.075,100,2021-09-02 16:16:00,ANGN
12.07,12.07,12.07,12.07,100,2021-09-02 16:20:00,ANGN
12.06,12.06,12.06,12.06,100,2021-09-02 16:21:00,ANGN
12.0238,12.0238,12.0238,12.0238,300,2021-09-02 16:22:00,ANGN
12.02,12.02,11.98,11.98,588,2021-09-02 16:28:00,ANGN
11.98,11.99,11.95,11.95,1401,2021-09-02 16:36:00,ANGN
11.905,11.94,11.9,11.9,700,2021-09-02 16:47:00,ANGN
11.9,11.9,11.882,11.882,1100,2021-09-02 16:48:00,ANGN
11.91,11.92,11.91,11.92,3555,2021-09-02 16:49:00,ANGN
11.92,11.94,11.92,11.94,930,2021-09-02 16:50:00,ANGN
11.9101,11.9101,11.9101,11.9101,1300,2021-09-02 16:51:00,ANGN
12.05,12.05,12.05,12.05,100,2021-09-02 16:54:00,ANGN
12.05,12.05,12.05,12.05,200,2021-09-02 16:57:00,ANGN
12.05,12.05,12.05,12.05,3916,2021-09-02 16:58:00,ANGN
12.05,12.05,12.05,12.05,3268,2021-09-02 16:59:00,ANGN
12.05,12.05,12.05,12.05,2250,2021-09-02 17:00:00,ANGN
12.12,12.12,12.12,12.12,100,2021-09-02 17:02:00,ANGN
12.1,12.1,12.02,12.02,404,2021-09-02 17:04:00,ANGN
12.13,12.13,12.13,12.13,100,2021-09-02 17:07:00,ANGN
12.1,12.14,12.1,12.14,200,2021-09-02 17:08:00,ANGN
12.1,12.1,12.1,12.1,200,2021-09-02 17:09:00,ANGN
12.13,12.13,12.13,12.13,300,2021-09-02 17:10:00,ANGN
12.14,12.15,12.14,12.15,200,2021-09-02 17:11:00,ANGN
12.14,12.15,12.08,12.0902,7135,2021-09-02 17:17:00,ANGN
12.155,12.155,12.155,12.155,100,2021-09-02 17:21:00,ANGN
12.16,12.16,12.16,12.16,132,2021-09-02 17:24:00,ANGN
12.16,12.16,12.16,12.16,104,2021-09-02 17:25:00,ANGN
12.16,12.16,12.15,12.15,1491,2021-09-02 17:27:00,ANGN
12.1,12.1,12.09,12.09,400,2021-09-02 17:29:00,ANGN
12.095,12.095,12.095,12.095,187,2021-09-02 17:33:00,ANGN
12.15,12.15,12.15,12.15,100,2021-09-02 17:43:00,ANGN
12.15,12.15,12.15,12.15,100,2021-09-02 17:44:00,ANGN
12.15,12.15,12.12,12.12,1223,2021-09-02 17:45:00,ANGN
12.1,12.1,12.1,12.1,100,2021-09-02 17:57:00,ANGN
12.095,12.12,12.08,12.08,400,2021-09-02 18:00:00,ANGN
12.07,12.07,12.07,12.07,100,2021-09-02 18:01:00,ANGN
12.09,12.09,12.09,12.09,100,2021-09-02 18:06:00,ANGN
12.0001,12.0001,12.0001,12.0001,250,2021-09-02 18:08:00,ANGN
12.05,12.05,12.05,12.05,100,2021-09-02 18:13:00,ANGN
12.02,12.02,12.02,12.02,100,2021-09-02 18:14:00,ANGN
12.02,12.02,12.02,12.02,100,2021-09-02 18:16:00,ANGN
12.02,12.02,12.02,12.02,100,2021-09-02 18:17:00,ANGN
11.98,12.01,11.98,12.01,386,2021-09-02 18:18:00,ANGN
12.01,12.01,12.01,12.01,226,2021-09-02 18:23:00,ANGN
11.95,11.95,11.95,11.95,100,2021-09-02 18:30:00,ANGN
11.95,11.95,11.95,11.95,825,2021-09-02 18:32:00,ANGN
11.955,11.955,11.955,11.955,100,2021-09-02 18:34:00,ANGN
11.955,11.955,11.955,11.955,100,2021-09-02 18:36:00,ANGN
11.955,12.0,11.955,11.98,500,2021-09-02 18:39:00,ANGN
11.95,11.995,11.95,11.995,300,2021-09-02 18:41:00,ANGN
12.08,12.08,12.08,12.08,100,2021-09-02 18:43:00,ANGN
11.98,11.98,11.83,11.83,400,2021-09-02 18:45:00,ANGN
11.88,11.88,11.88,11.88,100,2021-09-02 18:48:00,ANGN
11.89,11.89,11.89,11.89,300,2021-09-02 18:52:00,ANGN
11.955,11.955,11.955,11.955,132,2021-09-02 18:56:00,ANGN
11.88,11.955,11.88,11.885,300,2021-09-02 18:57:00,ANGN
11.95,11.95,11.95,11.95,100,2021-09-02 19:06:00,ANGN
11.92,11.92,11.88,11.88,200,2021-09-02 19:07:00,ANGN
11.87,11.87,11.85,11.85,300,2021-09-02 19:12:00,ANGN
11.87,11.87,11.87,11.87,200,2021-09-02 19:18:00,ANGN
11.87,11.87,11.87,11.87,100,2021-09-02 19:19:00,ANGN
11.85,11.88,11.85,11.87,900,2021-09-02 19:20:00,ANGN
11.88,11.88,11.88,11.88,313,2021-09-02 19:21:00,ANGN
11.88,11.88,11.88,11.88,100,2021-09-02 19:22:00,ANGN
11.85,11.85,11.85,11.85,100,2021-09-02 19:24:00,ANGN
11.88,11.88,11.87,11.88,2440,2021-09-02 19:26:00,ANGN
11.91,11.91,11.91,11.91,100,2021-09-02 19:29:00,ANGN
11.935,11.935,11.935,11.935,400,2021-09-02 19:31:00,ANGN
11.955,11.955,11.87,11.9,1100,2021-09-02 19:32:00,ANGN
11.88,11.88,11.88,11.88,300,2021-09-02 19:34:00,ANGN
11.94,11.96,11.94,11.96,200,2021-09-02 19:35:00,ANGN
11.935,11.935,11.91,11.91,500,2021-09-02 19:38:00,ANGN
11.95,11.99,11.93,11.965,1300,2021-09-02 19:39:00,ANGN
12.0,12.0,11.98,11.98,300,2021-09-02 19:40:00,ANGN
11.98,11.98,11.98,11.98,400,2021-09-02 19:41:00,ANGN
11.975,11.99,11.975,11.99,1100,2021-09-02 19:42:00,ANGN
11.93,11.93,11.93,11.93,100,2021-09-02 19:43:00,ANGN
11.985,11.985,11.985,11.985,100,2021-09-02 19:44:00,ANGN
11.93,11.93,11.93,11.93,100,2021-09-02 19:45:00,ANGN
11.955,11.955,11.955,11.955,100,2021-09-02 19:46:00,ANGN
11.98,11.98,11.98,11.98,200,2021-09-02 19:48:00,ANGN
12.0,12.0,12.0,12.0,100,2021-09-02 19:49:00,ANGN
12.0,12.055,12.0,12.055,608,2021-09-02 19:50:00,ANGN
11.99,11.99,11.98,11.98,410,2021-09-02 19:51:00,ANGN
11.965,11.965,11.965,11.965,250,2021-09-02 19:52:00,ANGN
11.985,12.04,11.9422,11.985,1073,2021-09-02 19:54:00,ANGN
11.99,12.0,11.92,12.0,4145,2021-09-02 19:55:00,ANGN
12.0,12.0,11.96,11.99,500,2021-09-02 19:56:00,ANGN
12.005,12.03,11.96,11.96,1800,2021-09-02 19:57:00,ANGN
11.93,12.035,11.93,11.96,1100,2021-09-02 19:59:00,ANGN
11.98,11.98,11.98,11.98,1979,2021-09-02 20:00:00,ANGN
12.06,12.06,12.06,12.06,695,2021-09-03 13:30:00,ANGN
11.8,11.8,11.8,11.8,137,2021-09-03 13:31:00,ANGN
12.03,12.03,12.03,12.03,100,2021-09-03 13:32:00,ANGN
12.09,12.12,12.09,12.12,500,2021-09-03 13:34:00,ANGN
11.805,11.805,11.805,11.805,100,2021-09-03 13:36:00,ANGN
12.13,12.13,12.13,12.13,100,2021-09-03 13:38:00,ANGN
11.83,11.83,11.83,11.83,100,2021-09-03 13:42:00,ANGN
12.125,12.125,12.125,12.125,100,2021-09-03 13:50:00,ANGN
12.06,12.13,12.06,12.12,1000,2021-09-03 13:51:00,ANGN
12.13,12.13,12.12,12.13,400,2021-09-03 13:52:00,ANGN
12.13,12.13,12.08,12.08,400,2021-09-03 13:54:00,ANGN
12.07,12.07,12.07,12.07,200,2021-09-03 13:57:00,ANGN
12.13,12.29,12.13,12.29,3697,2021-09-03 14:01:00,ANGN
12.4,12.4,12.39,12.4,500,2021-09-03 14:03:00,ANGN
12.365,12.365,12.303,12.303,1230,2021-09-03 14:04:00,ANGN
12.27,12.27,12.27,12.27,200,2021-09-03 14:05:00,ANGN
12.34,12.46,12.34,12.46,800,2021-09-03 14:12:00,ANGN
12.55,12.55,12.55,12.55,100,2021-09-03 14:13:00,ANGN
12.5,12.5,12.5,12.5,100,2021-09-03 14:15:00,ANGN
12.565,12.565,12.47,12.51,400,2021-09-03 14:18:00,ANGN
12.51,12.58,12.51,12.58,300,2021-09-03 14:20:00,ANGN
12.58,12.58,12.58,12.58,100,2021-09-03 14:24:00,ANGN
12.4933,12.4933,12.4933,12.4933,125,2021-09-03 14:25:00,ANGN
12.53,12.53,12.48,12.48,1341,2021-09-03 14:27:00,ANGN
12.43,12.43,12.43,12.43,300,2021-09-03 14:29:00,ANGN
12.5,12.5,12.5,12.5,168,2021-09-03 14:31:00,ANGN
12.48,12.48,12.48,12.48,100,2021-09-03 14:33:00,ANGN
12.5,12.54,12.49,12.54,1335,2021-09-03 14:36:00,ANGN
12.42,12.42,12.36,12.36,200,2021-09-03 14:41:00,ANGN
12.37,12.38,12.37,12.38,200,2021-09-03 14:42:00,ANGN
12.4,12.4,12.3,12.3,615,2021-09-03 14:44:00,ANGN
12.4,12.4,12.4,12.4,100,2021-09-03 14:45:00,ANGN
12.4,12.505,12.4,12.505,1400,2021-09-03 14:48:00,ANGN
12.5,12.5,12.5,12.5,100,2021-09-03 14:52:00,ANGN
12.5,12.5,12.48,12.48,200,2021-09-03 14:53:00,ANGN
12.5,12.5,12.5,12.5,100,2021-09-03 14:55:00,ANGN
12.5,12.55,12.5,12.55,599,2021-09-03 14:56:00,ANGN
12.55,12.58,12.55,12.58,1060,2021-09-03 14:58:00,ANGN
12.58,12.58,12.58,12.58,361,2021-09-03 14:59:00,ANGN
12.55,12.57,12.55,12.57,200,2021-09-03 15:05:00,ANGN
12.61,12.61,12.61,12.61,205,2021-09-03 15:09:00,ANGN
12.6,12.61,12.6,12.61,300,2021-09-03 15:13:00,ANGN
12.6,12.6,12.6,12.6,100,2021-09-03 15:14:00,ANGN
12.56,12.56,12.56,12.56,200,2021-09-03 15:16:00,ANGN
12.64,12.64,12.64,12.64,100,2021-09-03 15:17:00,ANGN
12.6,12.64,12.6,12.64,400,2021-09-03 15:18:00,ANGN
12.59,12.59,12.59,12.59,200,2021-09-03 15:23:00,ANGN
12.64,12.69,12.64,12.69,637,2021-09-03 15:24:00,ANGN
12.65,12.65,12.62,12.62,200,2021-09-03 15:25:00,ANGN
12.67,12.67,12.67,12.67,2000,2021-09-03 15:28:00,ANGN
12.67,12.67,12.67,12.67,250,2021-09-03 15:29:00,ANGN
12.62,12.62,12.58,12.58,700,2021-09-03 15:32:00,ANGN
12.51,12.51,12.51,12.51,400,2021-09-03 15:45:00,ANGN
12.56,12.56,12.56,12.56,300,2021-09-03 15:47:00,ANGN
12.5201,12.68,12.5201,12.67,3400,2021-09-03 15:48:00,ANGN
12.67,12.69,12.67,12.69,400,2021-09-03 15:49:00,ANGN
12.6501,12.68,12.62,12.62,1050,2021-09-03 15:52:00,ANGN
12.53,12.53,12.53,12.53,100,2021-09-03 15:58:00,ANGN
12.53,12.575,12.52,12.575,300,2021-09-03 16:01:00,ANGN
12.53,12.53,12.52,12.52,300,2021-09-03 16:02:00,ANGN
12.56,12.56,12.56,12.56,400,2021-09-03 16:04:00,ANGN
12.65,12.71,12.64,12.71,900,2021-09-03 16:08:00,ANGN
12.7,12.71,12.7,12.71,200,2021-09-03 16:11:00,ANGN
12.68,12.68,12.58,12.62,900,2021-09-03 16:13:00,ANGN
12.63,12.63,12.63,12.63,200,2021-09-03 16:15:00,ANGN
12.64,12.64,12.62,12.62,200,2021-09-03 16:16:00,ANGN
12.655,12.655,12.655,12.655,500,2021-09-03 16:22:00,ANGN
12.655,12.6695,12.655,12.6695,747,2021-09-03 16:23:00,ANGN
12.69,12.795,12.69,12.795,2104,2021-09-03 16:24:00,ANGN
12.795,12.795,12.795,12.795,200,2021-09-03 16:25:00,ANGN
12.7001,12.7001,12.7001,12.7001,250,2021-09-03 16:28:00,ANGN
12.79,12.79,12.79,12.79,100,2021-09-03 16:29:00,ANGN
12.745,12.745,12.7,12.745,400,2021-09-03 16:30:00,ANGN
12.745,12.745,12.745,12.745,100,2021-09-03 16:32:00,ANGN
12.78,12.78,12.78,12.78,100,2021-09-03 16:34:00,ANGN
12.71,12.71,12.71,12.71,100,2021-09-03 16:35:00,ANGN
12.745,12.745,12.745,12.745,100,2021-09-03 16:38:00,ANGN
12.71,12.71,12.62,12.62,1844,2021-09-03 16:40:00,ANGN
12.68,12.68,12.62,12.67,621,2021-09-03 16:42:00,ANGN
12.63,12.67,12.63,12.67,300,2021-09-03 16:46:00,ANGN
12.581,12.63,12.58,12.58,800,2021-09-03 16:47:00,ANGN
12.67,12.67,12.67,12.67,100,2021-09-03 16:51:00,ANGN
12.63,12.715,12.63,12.715,800,2021-09-03 16:53:00,ANGN
12.61,12.61,12.61,12.61,100,2021-09-03 16:56:00,ANGN
12.725,12.725,12.725,12.725,100,2021-09-03 16:57:00,ANGN
12.72,12.72,12.72,12.72,200,2021-09-03 16:58:00,ANGN
12.73,12.73,12.72,12.72,600,2021-09-03 16:59:00,ANGN
12.61,12.655,12.61,12.655,300,2021-09-03 17:00:00,ANGN
12.6,12.65,12.6,12.65,238,2021-09-03 17:02:00,ANGN
12.63,12.63,12.6,12.6,434,2021-09-03 17:03:00,ANGN
12.62,12.62,12.62,12.62,100,2021-09-03 17:04:00,ANGN
12.63,12.72,12.63,12.69,3525,2021-09-03 17:05:00,ANGN
12.71,12.71,12.71,12.71,100,2021-09-03 17:06:00,ANGN
12.74,12.74,12.74,12.74,100,2021-09-03 17:07:00,ANGN
12.66,12.66,12.64,12.64,482,2021-09-03 17:08:00,ANGN
12.65,12.65,12.65,12.65,100,2021-09-03 17:11:00,ANGN
12.6,12.64,12.51,12.575,514,2021-09-03 17:13:00,ANGN
12.6,12.6,12.6,12.6,200,2021-09-03 17:14:00,ANGN
12.61,12.74,12.61,12.7,2886,2021-09-03 17:17:00,ANGN
12.635,12.7,12.635,12.69,2395,2021-09-03 17:18:00,ANGN
12.635,12.635,12.635,12.635,200,2021-09-03 17:20:00,ANGN
12.69,12.69,12.69,12.69,100,2021-09-03 17:22:00,ANGN
12.77,12.78,12.77,12.78,200,2021-09-03 17:23:00,ANGN
12.78,12.78,12.78,12.78,400,2021-09-03 17:24:00,ANGN
12.78,12.91,12.78,12.91,2034,2021-09-03 17:25:00,ANGN
12.95,12.95,12.95,12.95,100,2021-09-03 17:27:00,ANGN
12.97,12.98,12.93,12.98,300,2021-09-03 17:28:00,ANGN
12.975,12.975,12.97,12.97,200,2021-09-03 17:30:00,ANGN
12.98,13.0,12.98,13.0,971,2021-09-03 17:32:00,ANGN
13.07,13.11,13.06,13.11,300,2021-09-03 17:33:00,ANGN
12.9301,12.9301,12.9301,12.9301,500,2021-09-03 17:35:00,ANGN
12.9301,12.95,12.93,12.95,1850,2021-09-03 17:36:00,ANGN
12.9995,12.9995,12.9995,12.9995,300,2021-09-03 17:37:00,ANGN
12.98,12.98,12.98,12.98,100,2021-09-03 17:40:00,ANGN
12.98,12.98,12.98,12.98,100,2021-09-03 17:41:00,ANGN
13.03,13.03,12.98,12.98,1050,2021-09-03 17:42:00,ANGN
13.02,13.02,13.02,13.02,100,2021-09-03 17:43:00,ANGN
13.02,13.02,12.93,12.93,564,2021-09-03 17:46:00,ANGN
12.93,12.93,12.93,12.93,100,2021-09-03 17:48:00,ANGN
12.87,12.87,12.87,12.87,480,2021-09-03 17:51:00,ANGN
12.8,12.9,12.7801,12.84,2993,2021-09-03 17:52:00,ANGN
12.78,12.78,12.78,12.78,100,2021-09-03 17:53:00,ANGN
12.825,12.825,12.72,12.8,912,2021-09-03 17:54:00,ANGN
12.67,12.67,12.67,12.67,100,2021-09-03 17:55:00,ANGN
12.73,12.73,12.73,12.73,400,2021-09-03 17:56:00,ANGN
12.77,12.8,12.77,12.78,800,2021-09-03 17:57:00,ANGN
12.8,12.8,12.8,12.8,1678,2021-09-03 17:59:00,ANGN
12.75,12.79,12.68,12.79,7010,2021-09-03 18:01:00,ANGN
12.68,12.68,12.68,12.68,763,2021-09-03 18:04:00,ANGN
12.685,12.73,12.685,12.7,1243,2021-09-03 18:05:00,ANGN
12.72,12.72,12.72,12.72,200,2021-09-03 18:06:00,ANGN
12.72,12.72,12.72,12.72,300,2021-09-03 18:10:00,ANGN
12.7,12.775,12.7,12.73,2100,2021-09-03 18:12:00,ANGN
12.73,12.73,12.73,12.73,100,2021-09-03 18:13:00,ANGN
12.705,12.71,12.705,12.71,300,2021-09-03 18:14:00,ANGN
12.7,12.7,12.7,12.7,100,2021-09-03 18:16:00,ANGN
12.705,12.705,12.705,12.705,100,2021-09-03 18:17:00,ANGN
12.68,12.68,12.68,12.68,100,2021-09-03 18:18:00,ANGN
12.63,12.64,12.605,12.615,504,2021-09-03 18:19:00,ANGN
12.71,12.71,12.61,12.61,200,2021-09-03 18:20:00,ANGN
12.61,12.69,12.61,12.69,700,2021-09-03 18:21:00,ANGN
12.715,12.72,12.715,12.72,200,2021-09-03 18:22:00,ANGN
12.625,12.625,12.625,12.625,100,2021-09-03 18:24:00,ANGN
12.69,12.69,12.69,12.69,200,2021-09-03 18:26:00,ANGN
12.69,12.69,12.56,12.57,2873,2021-09-03 18:27:00,ANGN
12.57,12.57,12.57,12.57,100,2021-09-03 18:29:00,ANGN
12.63,12.63,12.63,12.63,100,2021-09-03 18:32:00,ANGN
12.675,12.675,12.675,12.675,100,2021-09-03 18:33:00,ANGN
12.66,12.66,12.66,12.66,100,2021-09-03 18:35:00,ANGN
12.6,12.66,12.6,12.65,500,2021-09-03 18:37:00,ANGN
12.66,12.66,12.54,12.54,300,2021-09-03 18:38:00,ANGN
12.6,12.6,12.6,12.6,100,2021-09-03 18:40:00,ANGN
12.6,12.63,12.6,12.6,500,2021-09-03 18:41:00,ANGN
12.6,12.6,12.5865,12.6,600,2021-09-03 18:42:00,ANGN
12.59,12.59,12.58,12.58,400,2021-09-03 18:44:00,ANGN
12.59,12.61,12.58,12.61,400,2021-09-03 18:45:00,ANGN
12.605,12.67,12.605,12.67,400,2021-09-03 18:47:00,ANGN
12.605,12.605,12.605,12.605,100,2021-09-03 18:48:00,ANGN
12.57,12.58,12.57,12.58,431,2021-09-03 18:49:00,ANGN
12.55,12.55,12.55,12.55,100,2021-09-03 18:50:00,ANGN
12.55,12.56,12.515,12.515,400,2021-09-03 18:51:00,ANGN
12.56,12.61,12.56,12.56,400,2021-09-03 18:53:00,ANGN
12.51,12.51,12.51,12.51,200,2021-09-03 18:56:00,ANGN
12.5,12.5,12.5,12.5,100,2021-09-03 18:57:00,ANGN
12.52,12.58,12.52,12.52,500,2021-09-03 19:00:00,ANGN
12.515,12.58,12.515,12.58,200,2021-09-03 19:01:00,ANGN
12.485,12.51,12.485,12.51,200,2021-09-03 19:02:00,ANGN
12.5,12.51,12.5,12.51,300,2021-09-03 19:04:00,ANGN
12.51,12.51,12.5,12.5,200,2021-09-03 19:05:00,ANGN
12.52,12.52,12.52,12.52,100,2021-09-03 19:06:00,ANGN
12.5,12.5,12.5,12.5,100,2021-09-03 19:07:00,ANGN
12.53,12.53,12.5,12.5,300,2021-09-03 19:08:00,ANGN
12.53,12.53,12.53,12.53,250,2021-09-03 19:09:00,ANGN
12.5,12.53,12.5,12.5,600,2021-09-03 19:10:00,ANGN
12.53,12.53,12.53,12.53,100,2021-09-03 19:13:00,ANGN
12.53,12.53,12.45,12.45,400,2021-09-03 19:14:00,ANGN
12.49,12.49,12.49,12.49,200,2021-09-03 19:15:00,ANGN
12.485,12.485,12.485,12.485,200,2021-09-03 19:16:00,ANGN
12.46,12.46,12.45,12.45,800,2021-09-03 19:17:00,ANGN
12.42,12.42,12.4,12.4,800,2021-09-03 19:19:00,ANGN
12.43,12.43,12.43,12.43,800,2021-09-03 19:20:00,ANGN
12.445,12.445,12.44,12.44,300,2021-09-03 19:21:00,ANGN
12.42,12.42,12.35,12.35,870,2021-09-03 19:22:00,ANGN
12.425,12.43,12.425,12.43,300,2021-09-03 19:24:00,ANGN
12.42,12.42,12.42,12.42,200,2021-09-03 19:26:00,ANGN
12.47,12.47,12.47,12.47,200,2021-09-03 19:27:00,ANGN
12.435,12.435,12.435,12.435,100,2021-09-03 19:28:00,ANGN
12.47,12.47,12.47,12.47,200,2021-09-03 19:30:00,ANGN
12.47,12.47,12.44,12.45,300,2021-09-03 19:32:00,ANGN
12.46,12.495,12.46,12.495,200,2021-09-03 19:33:00,ANGN
12.505,12.505,12.505,12.505,100,2021-09-03 19:34:00,ANGN
12.54,12.54,12.54,12.54,200,2021-09-03 19:35:00,ANGN
12.51,12.51,12.48,12.48,1100,2021-09-03 19:36:00,ANGN
12.52,12.52,12.52,12.52,300,2021-09-03 19:38:00,ANGN
12.59,12.59,12.59,12.59,100,2021-09-03 19:39:00,ANGN
12.59,12.59,12.48,12.48,700,2021-09-03 19:40:00,ANGN
12.605,12.605,12.605,12.605,100,2021-09-03 19:42:00,ANGN
12.61,12.61,12.61,12.61,100,2021-09-03 19:43:00,ANGN
12.57,12.57,12.57,12.57,100,2021-09-03 19:44:00,ANGN
12.61,12.61,12.61,12.61,100,2021-09-03 19:45:00,ANGN
12.61,12.61,12.61,12.61,200,2021-09-03 19:46:00,ANGN
12.57,12.57,12.57,12.57,200,2021-09-03 19:47:00,ANGN
12.6,12.6,12.6,12.6,100,2021-09-03 19:48:00,ANGN
12.575,12.6099,12.575,12.575,703,2021-09-03 19:50:00,ANGN
12.575,12.575,12.55,12.57,300,2021-09-03 19:51:00,ANGN
12.57,12.6,12.57,12.57,600,2021-09-03 19:52:00,ANGN
12.55,12.55,12.49,12.535,1800,2021-09-03 19:53:00,ANGN
12.55,12.55,12.48,12.49,1065,2021-09-03 19:54:00,ANGN
12.41,12.54,12.41,12.54,4147,2021-09-03 19:56:00,ANGN
12.52,12.52,12.495,12.5,400,2021-09-03 19:57:00,ANGN
12.495,12.495,12.39,12.39,1785,2021-09-03 19:58:00,ANGN
12.44,12.57,12.44,12.46,3983,2021-09-03 19:59:00,ANGN
12.46,12.46,12.46,12.46,5940,2021-09-03 20:00:00,ANGN
12.51,12.51,12.51,12.51,790,2021-09-07 13:30:00,ANGN
12.06,12.06,12.06,12.06,174,2021-09-07 13:31:00,ANGN
12.35,12.35,12.35,12.35,3100,2021-09-07 13:32:00,ANGN
12.61,12.94,12.575,12.94,1281,2021-09-07 13:34:00,ANGN
12.91,12.91,12.815,12.815,400,2021-09-07 13:35:00,ANGN
12.91,12.91,12.91,12.91,100,2021-09-07 13:36:00,ANGN
12.98,13.1,12.98,13.1,1686,2021-09-07 13:37:00,ANGN
13.195,13.195,13.0,13.18,400,2021-09-07 13:38:00,ANGN
13.1032,13.15,13.07,13.135,2100,2021-09-07 13:40:00,ANGN
13.18,13.19,13.03,13.03,951,2021-09-07 13:42:00,ANGN
13.11,13.11,13.02,13.02,1600,2021-09-07 13:43:00,ANGN
13.175,13.175,13.175,13.175,100,2021-09-07 13:44:00,ANGN
13.2,13.33,13.2,13.33,1682,2021-09-07 13:47:00,ANGN
13.3,13.3,13.3,13.3,249,2021-09-07 13:48:00,ANGN
13.27,13.395,13.25,13.395,406,2021-09-07 13:50:00,ANGN
13.4,13.48,13.32,13.46,6428,2021-09-07 13:51:00,ANGN
13.66,13.66,13.47,13.47,1950,2021-09-07 13:52:00,ANGN
13.38,13.46,13.28,13.28,346,2021-09-07 13:53:00,ANGN
13.38,13.38,13.32,13.32,395,2021-09-07 13:54:00,ANGN
13.2801,13.2801,13.2801,13.2801,1250,2021-09-07 13:55:00,ANGN
13.27,13.29,13.15,13.18,900,2021-09-07 13:57:00,ANGN
13.18,13.18,13.08,13.08,600,2021-09-07 13:58:00,ANGN
13.01,13.01,13.01,13.01,300,2021-09-07 13:59:00,ANGN
12.97,12.97,12.97,12.97,100,2021-09-07 14:04:00,ANGN
12.84,12.84,12.84,12.84,100,2021-09-07 14:07:00,ANGN
12.955,12.955,12.75,12.75,200,2021-09-07 14:08:00,ANGN
12.815,12.895,12.815,12.895,200,2021-09-07 14:12:00,ANGN
12.84,12.84,12.84,12.84,200,2021-09-07 14:18:00,ANGN
12.9,12.9,12.9,12.9,300,2021-09-07 14:22:00,ANGN
12.89,12.89,12.88,12.88,200,2021-09-07 14:29:00,ANGN
12.79,12.79,12.79,12.79,100,2021-09-07 14:30:00,ANGN
12.88,12.88,12.88,12.88,100,2021-09-07 14:32:00,ANGN
12.89,12.89,12.89,12.89,100,2021-09-07 14:33:00,ANGN
12.79,12.79,12.79,12.79,100,2021-09-07 14:35:00,ANGN
12.835,12.835,12.835,12.835,600,2021-09-07 14:36:00,ANGN
12.89,12.89,12.89,12.89,111,2021-09-07 14:37:00,ANGN
12.79,12.835,12.71,12.71,1200,2021-09-07 14:38:00,ANGN
12.61,12.61,12.56,12.6,1605,2021-09-07 14:39:00,ANGN
12.4001,12.4001,12.4,12.4,1200,2021-09-07 14:42:00,ANGN
12.3715,12.3715,12.3715,12.3715,100,2021-09-07 14:48:00,ANGN
12.35,12.35,12.35,12.35,100,2021-09-07 14:49:00,ANGN
12.26,12.44,12.26,12.44,200,2021-09-07 14:50:00,ANGN
12.42,12.42,12.39,12.39,200,2021-09-07 14:53:00,ANGN
12.33,12.33,12.33,12.33,300,2021-09-07 14:54:00,ANGN
12.27,12.27,12.27,12.27,100,2021-09-07 14:55:00,ANGN
12.39,12.39,12.39,12.39,100,2021-09-07 14:56:00,ANGN
12.42,12.42,12.26,12.27,3142,2021-09-07 14:58:00,ANGN
12.33,12.33,12.33,12.33,100,2021-09-07 15:00:00,ANGN
12.36,12.36,12.36,12.36,179,2021-09-07 15:01:00,ANGN
12.35,12.35,12.35,12.35,100,2021-09-07 15:03:00,ANGN
12.29,12.29,12.29,12.29,100,2021-09-07 15:04:00,ANGN
12.36,12.36,12.36,12.36,100,2021-09-07 15:05:00,ANGN
12.32,12.35,12.32,12.35,200,2021-09-07 15:07:00,ANGN
12.26,12.27,12.23,12.27,1089,2021-09-07 15:09:00,ANGN
12.21,12.34,12.21,12.34,674,2021-09-07 15:12:00,ANGN
12.1601,12.1601,12.1601,12.1601,150,2021-09-07 15:17:00,ANGN
12.255,12.255,12.255,12.255,100,2021-09-07 15:18:00,ANGN
12.255,12.255,12.255,12.255,100,2021-09-07 15:19:00,ANGN
12.1601,12.1601,12.1601,12.1601,500,2021-09-07 15:20:00,ANGN
12.255,12.255,12.255,12.255,100,2021-09-07 15:21:00,ANGN
12.295,12.295,12.255,12.2575,300,2021-09-07 15:22:00,ANGN
12.39,12.39,12.39,12.39,100,2021-09-07 15:24:00,ANGN
12.38,12.38,12.38,12.38,100,2021-09-07 15:26:00,ANGN
12.45,12.45,12.45,12.45,200,2021-09-07 15:27:00,ANGN
12.36,12.42,12.36,12.42,300,2021-09-07 15:28:00,ANGN
12.41,12.41,12.41,12.41,100,2021-09-07 15:29:00,ANGN
12.37,12.405,12.36,12.405,681,2021-09-07 15:30:00,ANGN
12.37,12.41,12.37,12.37,300,2021-09-07 15:33:00,ANGN
12.33,12.33,12.33,12.33,100,2021-09-07 15:37:00,ANGN
12.33,12.33,12.29,12.29,200,2021-09-07 15:39:00,ANGN
12.325,12.325,12.325,12.325,100,2021-09-07 15:43:00,ANGN
12.37,12.37,12.37,12.37,200,2021-09-07 15:45:00,ANGN
12.37,12.37,12.36,12.36,200,2021-09-07 15:46:00,ANGN
12.37,12.37,12.37,12.37,100,2021-09-07 15:48:00,ANGN
12.38,12.4,12.38,12.4,200,2021-09-07 15:52:00,ANGN
12.45,12.45,12.45,12.45,100,2021-09-07 15:56:00,ANGN
12.45,12.45,12.45,12.45,200,2021-09-07 15:58:00,ANGN
12.49,12.49,12.49,12.49,100,2021-09-07 16:00:00,ANGN
12.49,12.555,12.48,12.555,2351,2021-09-07 16:02:00,ANGN
12.59,12.59,12.59,12.59,100,2021-09-07 16:03:00,ANGN
12.65,12.68,12.65,12.68,300,2021-09-07 16:05:00,ANGN
12.75,12.75,12.73,12.73,700,2021-09-07 16:15:00,ANGN
12.7,12.7,12.68,12.68,214,2021-09-07 16:17:00,ANGN
12.72,12.72,12.72,12.72,100,2021-09-07 16:20:00,ANGN
12.73,12.73,12.73,12.73,100,2021-09-07 16:21:00,ANGN
12.72,12.72,12.72,12.72,100,2021-09-07 16:23:00,ANGN
12.72,12.72,12.72,12.72,200,2021-09-07 16:24:00,ANGN
12.75,12.75,12.75,12.75,100,2021-09-07 16:25:00,ANGN
12.74,12.74,12.74,12.74,100,2021-09-07 16:26:00,ANGN
12.745,12.745,12.7,12.7,1929,2021-09-07 16:28:00,ANGN
12.65,12.65,12.63,12.63,400,2021-09-07 16:33:00,ANGN
12.585,12.585,12.585,12.585,100,2021-09-07 16:38:00,ANGN
12.64,12.64,12.6,12.6,500,2021-09-07 16:40:00,ANGN
12.6,12.6,12.6,12.6,100,2021-09-07 16:41:00,ANGN
12.66,12.66,12.54,12.59,744,2021-09-07 16:44:00,ANGN
12.6284,12.6284,12.6284,12.6284,200,2021-09-07 16:45:00,ANGN
12.55,12.64,12.55,12.615,590,2021-09-07 16:49:00,ANGN
12.55,12.56,12.53,12.56,522,2021-09-07 16:55:00,ANGN
12.48,12.48,12.41,12.41,200,2021-09-07 16:56:00,ANGN
12.455,12.455,12.455,12.455,100,2021-09-07 17:00:00,ANGN
12.455,12.455,12.4,12.4,650,2021-09-07 17:01:00,ANGN
12.4,12.4,12.27,12.27,400,2021-09-07 17:02:00,ANGN
12.39,12.39,12.39,12.39,100,2021-09-07 17:03:00,ANGN
12.33,12.33,12.26,12.33,400,2021-09-07 17:06:00,ANGN
12.335,12.335,12.335,12.335,100,2021-09-07 17:08:00,ANGN
12.335,12.335,12.335,12.335,332,2021-09-07 17:09:00,ANGN
12.335,12.335,12.33,12.33,429,2021-09-07 17:14:00,ANGN
12.32,12.32,12.32,12.32,200,2021-09-07 17:18:00,ANGN
12.38,12.38,12.32,12.32,300,2021-09-07 17:19:00,ANGN
12.38,12.38,12.32,12.32,633,2021-09-07 17:20:00,ANGN
12.32,12.32,12.32,12.32,200,2021-09-07 17:21:00,ANGN
12.32,12.32,12.32,12.32,100,2021-09-07 17:23:00,ANGN
12.38,12.38,12.38,12.38,200,2021-09-07 17:24:00,ANGN
12.33,12.4,12.325,12.33,505,2021-09-07 17:26:00,ANGN
12.36,12.36,12.36,12.36,100,2021-09-07 17:30:00,ANGN
12.33,12.33,12.33,12.33,100,2021-09-07 17:31:00,ANGN
12.27,12.305,12.17,12.17,1116,2021-09-07 17:32:00,ANGN
12.145,12.145,12.145,12.145,100,2021-09-07 17:33:00,ANGN
12.155,12.155,12.155,12.155,100,2021-09-07 17:34:00,ANGN
12.155,12.155,12.155,12.155,400,2021-09-07 17:36:00,ANGN
12.155,12.155,12.155,12.155,512,2021-09-07 17:37:00,ANGN
12.16,12.16,12.16,12.16,100,2021-09-07 17:39:00,ANGN
12.17,12.17,12.17,12.17,100,2021-09-07 17:40:00,ANGN
12.17,12.22,12.17,12.22,500,2021-09-07 17:41:00,ANGN
12.23,12.4,12.23,12.4,774,2021-09-07 17:45:00,ANGN
12.335,12.335,12.335,12.335,100,2021-09-07 17:46:00,ANGN
12.39,12.39,12.38,12.38,200,2021-09-07 17:50:00,ANGN
12.35,12.35,12.35,12.35,100,2021-09-07 17:54:00,ANGN
12.39,12.39,12.38,12.38,200,2021-09-07 17:56:00,ANGN
12.445,12.445,12.445,12.445,300,2021-09-07 18:00:00,ANGN
12.465,12.465,12.465,12.465,100,2021-09-07 18:01:00,ANGN
12.42,12.42,12.42,12.42,100,2021-09-07 18:02:00,ANGN
12.5,12.5,12.465,12.5,300,2021-09-07 18:05:00,ANGN
12.51,12.51,12.46,12.46,216,2021-09-07 18:06:00,ANGN
12.46,12.46,12.43,12.455,400,2021-09-07 18:12:00,ANGN
12.42,12.43,12.42,12.43,400,2021-09-07 18:13:00,ANGN
12.385,12.385,12.375,12.375,200,2021-09-07 18:14:00,ANGN
12.36,12.4,12.36,12.39,300,2021-09-07 18:15:00,ANGN
12.41,12.42,12.41,12.42,200,2021-09-07 18:18:00,ANGN
12.46,12.46,12.46,12.46,100,2021-09-07 18:19:00,ANGN
12.43,12.43,12.4,12.43,1689,2021-09-07 18:20:00,ANGN
12.43,12.43,12.43,12.43,100,2021-09-07 18:27:00,ANGN
12.42,12.42,12.42,12.42,100,2021-09-07 18:28:00,ANGN
12.43,12.43,12.43,12.43,200,2021-09-07 18:31:00,ANGN
12.46,12.6,12.43,12.545,1000,2021-09-07 18:34:00,ANGN
12.54,12.54,12.51,12.516,875,2021-09-07 18:35:00,ANGN
12.51,12.51,12.51,12.51,100,2021-09-07 18:36:00,ANGN
12.46,12.495,12.46,12.495,500,2021-09-07 18:39:00,ANGN
12.465,12.465,12.465,12.465,100,2021-09-07 18:44:00,ANGN
12.49,12.5,12.49,12.5,200,2021-09-07 18:46:00,ANGN
12.5,12.5,12.5,12.5,200,2021-09-07 18:48:00,ANGN
12.52,12.52,12.52,12.52,500,2021-09-07 18:56:00,ANGN
12.56,12.64,12.56,12.64,200,2021-09-07 18:57:00,ANGN
12.59,12.64,12.59,12.62,300,2021-09-07 18:59:00,ANGN
12.62,12.62,12.62,12.62,100,2021-09-07 19:02:00,ANGN
12.67,12.67,12.67,12.67,100,2021-09-07 19:04:00,ANGN
12.66,12.66,12.66,12.66,100,2021-09-07 19:06:00,ANGN
12.66,12.67,12.605,12.67,1200,2021-09-07 19:12:00,ANGN
12.66,12.66,12.66,12.66,700,2021-09-07 19:15:00,ANGN
12.66,12.66,12.66,12.66,200,2021-09-07 19:18:00,ANGN
12.6,12.61,12.6,12.61,300,2021-09-07 19:19:00,ANGN
12.65,12.65,12.65,12.65,100,2021-09-07 19:20:00,ANGN
12.64,12.64,12.64,12.64,400,2021-09-07 19:25:00,ANGN
12.67,12.67,12.67,12.67,100,2021-09-07 19:27:00,ANGN
12.65,12.69,12.65,12.66,1002,2021-09-07 19:29:00,ANGN
12.66,12.66,12.61,12.61,500,2021-09-07 19:30:00,ANGN
12.585,12.585,12.585,12.585,100,2021-09-07 19:34:00,ANGN
12.505,12.54,12.505,12.54,200,2021-09-07 19:39:00,ANGN
12.55,12.55,12.55,12.55,100,2021-09-07 19:40:00,ANGN
12.57,12.57,12.57,12.57,200,2021-09-07 19:41:00,ANGN
12.49,12.55,12.49,12.505,400,2021-09-07 19:42:00,ANGN
12.48,12.52,12.48,12.52,400,2021-09-07 19:43:00,ANGN
12.53,12.6,12.53,12.6,600,2021-09-07 19:44:00,ANGN
12.55,12.55,12.54,12.54,200,2021-09-07 19:45:00,ANGN
12.5,12.5,12.5,12.5,100,2021-09-07 19:46:00,ANGN
12.49,12.53,12.49,12.53,433,2021-09-07 19:47:00,ANGN
12.485,12.485,12.485,12.485,100,2021-09-07 19:49:00,ANGN
12.51,12.61,12.5,12.61,3522,2021-09-07 19:51:00,ANGN
12.6,12.6,12.6,12.6,2100,2021-09-07 19:52:00,ANGN
12.565,12.57,12.53,12.57,462,2021-09-07 19:53:00,ANGN
12.56,12.56,12.45,12.45,749,2021-09-07 19:55:00,ANGN
12.48,12.54,12.48,12.48,300,2021-09-07 19:56:00,ANGN
12.52,12.52,12.48,12.48,300,2021-09-07 19:57:00,ANGN
12.44,12.44,12.4,12.4,700,2021-09-07 19:58:00,ANGN
12.46,12.52,12.43,12.49,2297,2021-09-07 19:59:00,ANGN
12.48,12.48,12.48,12.48,4597,2021-09-07 20:00:00,ANGN
12.48,12.48,12.48,12.48,356,2021-09-08 13:30:00,ANGN
12.455,12.59,12.43,12.58,1300,2021-09-08 13:35:00,ANGN
12.59,12.59,12.43,12.45,521,2021-09-08 13:36:00,ANGN
12.45,12.45,12.45,12.45,200,2021-09-08 13:37:00,ANGN
12.43,12.43,12.35,12.38,493,2021-09-08 13:40:00,ANGN
12.46,12.46,12.46,12.46,900,2021-09-08 13:44:00,ANGN
12.48,12.48,12.48,12.48,106,2021-09-08 13:47:00,ANGN
12.51,12.51,12.51,12.51,133,2021-09-08 13:49:00,ANGN
12.5,12.5,12.5,12.5,100,2021-09-08 13:50:00,ANGN
12.485,12.485,12.485,12.485,300,2021-09-08 13:51:00,ANGN
12.485,12.485,12.485,12.485,300,2021-09-08 13:53:00,ANGN
12.54,12.54,12.54,12.54,102,2021-09-08 13:57:00,ANGN
12.485,12.485,12.485,12.485,228,2021-09-08 14:03:00,ANGN
12.485,12.485,12.43,12.45,813,2021-09-08 14:04:00,ANGN
12.29,12.29,12.29,12.29,500,2021-09-08 14:06:00,ANGN
12.28,12.28,12.28,12.28,100,2021-09-08 14:08:00,ANGN
12.28,12.28,12.28,12.28,100,2021-09-08 14:09:00,ANGN
12.3,12.3,12.3,12.3,100,2021-09-08 14:10:00,ANGN
12.27,12.27,12.19,12.19,200,2021-09-08 14:13:00,ANGN
12.265,12.265,12.06,12.07,5335,2021-09-08 14:14:00,ANGN
12.12,12.12,12.12,12.12,100,2021-09-08 14:15:00,ANGN
12.12,12.12,12.12,12.12,400,2021-09-08 14:18:00,ANGN
12.13,12.13,12.13,12.13,200,2021-09-08 14:21:00,ANGN
12.11,12.16,12.09,12.16,900,2021-09-08 14:22:00,ANGN
12.08,12.08,11.87,11.87,4840,2021-09-08 14:24:00,ANGN
11.83,11.83,11.77,11.77,500,2021-09-08 14:25:00,ANGN
11.8,11.8,11.745,11.745,400,2021-09-08 14:27:00,ANGN
11.57,11.57,11.51,11.51,880,2021-09-08 14:28:00,ANGN
11.68,11.68,11.675,11.675,300,2021-09-08 14:30:00,ANGN
11.74,11.74,11.68,11.68,200,2021-09-08 14:31:00,ANGN
11.68,11.68,11.68,11.68,100,2021-09-08 14:38:00,ANGN
11.6,11.6,11.6,11.6,300,2021-09-08 14:39:00,ANGN
11.68,11.73,11.65,11.67,1296,2021-09-08 14:43:00,ANGN
11.67,11.67,11.64,11.64,900,2021-09-08 14:44:00,ANGN
11.57,11.61,11.56,11.5725,500,2021-09-08 14:46:00,ANGN
11.595,11.6,11.595,11.6,200,2021-09-08 14:48:00,ANGN
11.63,11.68,11.63,11.66,300,2021-09-08 14:49:00,ANGN
11.57,11.605,11.43,11.43,1235,2021-09-08 14:56:00,ANGN
11.44,11.48,11.41,11.46,600,2021-09-08 14:57:00,ANGN
11.39,11.39,11.39,11.39,100,2021-09-08 14:58:00,ANGN
11.37,11.37,11.37,11.37,100,2021-09-08 15:01:00,ANGN
11.3202,11.3202,11.3202,11.3202,200,2021-09-08 15:04:00,ANGN
11.38,11.42,11.38,11.42,400,2021-09-08 15:09:00,ANGN
11.42,11.42,11.42,11.42,200,2021-09-08 15:11:00,ANGN
11.42,11.42,11.42,11.42,100,2021-09-08 15:12:00,ANGN
11.38,11.38,11.37,11.37,300,2021-09-08 15:23:00,ANGN
11.39,11.39,11.39,11.39,169,2021-09-08 15:24:00,ANGN
11.4,11.4,11.4,11.4,200,2021-09-08 15:26:00,ANGN
11.425,11.425,11.425,11.425,100,2021-09-08 15:31:00,ANGN
11.44,11.44,11.44,11.44,100,2021-09-08 15:33:00,ANGN
11.49,11.5,11.46,11.5,700,2021-09-08 15:35:00,ANGN
11.57,11.57,11.57,11.57,100,2021-09-08 15:39:00,ANGN
11.55,11.5994,11.55,11.5994,1220,2021-09-08 15:40:00,ANGN
11.5,11.51,11.44,11.51,400,2021-09-08 15:41:00,ANGN
11.47,11.47,11.47,11.47,200,2021-09-08 15:42:00,ANGN
11.47,11.47,11.47,11.47,100,2021-09-08 15:43:00,ANGN
11.47,11.47,11.47,11.47,100,2021-09-08 15:44:00,ANGN
11.49,11.5,11.49,11.5,200,2021-09-08 15:49:00,ANGN
11.57,11.57,11.57,11.57,100,2021-09-08 15:54:00,ANGN
11.52,11.52,11.52,11.52,300,2021-09-08 15:56:00,ANGN
11.48,11.48,11.48,11.48,100,2021-09-08 15:57:00,ANGN
11.4516,11.4516,11.4516,11.4516,500,2021-09-08 15:58:00,ANGN
11.48,11.48,11.48,11.48,100,2021-09-08 16:00:00,ANGN
11.455,11.455,11.455,11.455,100,2021-09-08 16:05:00,ANGN
11.46,11.46,11.46,11.46,200,2021-09-08 16:06:00,ANGN
11.55,11.55,11.55,11.55,100,2021-09-08 16:10:00,ANGN
11.5,11.5,11.5,11.5,100,2021-09-08 16:11:00,ANGN
11.535,11.535,11.52,11.52,300,2021-09-08 16:18:00,ANGN
11.5399,11.5399,11.5399,11.5399,1000,2021-09-08 16:19:00,ANGN
11.54,11.54,11.52,11.52,300,2021-09-08 16:20:00,ANGN
11.6,11.6,11.6,11.6,100,2021-09-08 16:22:00,ANGN
11.66,11.67,11.66,11.67,200,2021-09-08 16:25:00,ANGN
11.66,11.66,11.66,11.66,100,2021-09-08 16:26:00,ANGN
11.77,11.77,11.67,11.67,900,2021-09-08 16:29:00,ANGN
11.6418,11.6418,11.6418,11.6418,100,2021-09-08 16:36:00,ANGN
11.665,11.68,11.665,11.68,211,2021-09-08 16:37:00,ANGN
11.66,11.66,11.65,11.65,200,2021-09-08 16:41:00,ANGN
11.67,11.67,11.67,11.67,100,2021-09-08 16:44:00,ANGN
11.67,11.67,11.67,11.67,100,2021-09-08 16:45:00,ANGN
11.69,11.69,11.69,11.69,100,2021-09-08 16:52:00,ANGN
11.71,11.71,11.71,11.71,100,2021-09-08 16:53:00,ANGN
11.67,11.67,11.58,11.58,900,2021-09-08 16:54:00,ANGN
11.56,11.56,11.56,11.56,300,2021-09-08 16:55:00,ANGN
11.52,11.52,11.5,11.51,400,2021-09-08 16:56:00,ANGN
11.54,11.54,11.52,11.54,700,2021-09-08 16:59:00,ANGN
11.63,11.63,11.61,11.61,200,2021-09-08 17:08:00,ANGN
11.59,11.63,11.52,11.52,662,2021-09-08 17:14:00,ANGN
11.49,11.49,11.49,11.49,200,2021-09-08 17:16:00,ANGN
11.49,11.49,11.49,11.49,100,2021-09-08 17:17:00,ANGN
11.49,11.505,11.48,11.49,498,2021-09-08 17:26:00,ANGN
11.47,11.47,11.47,11.47,100,2021-09-08 17:31:00,ANGN
11.53,11.55,11.49,11.49,613,2021-09-08 17:36:00,ANGN
11.51,11.51,11.51,11.51,100,2021-09-08 17:37:00,ANGN
11.515,11.515,11.515,11.515,500,2021-09-08 17:44:00,ANGN
11.515,11.545,11.49,11.52,400,2021-09-08 17:46:00,ANGN
11.52,11.52,11.52,11.52,100,2021-09-08 17:49:00,ANGN
11.51,11.51,11.51,11.51,100,2021-09-08 17:53:00,ANGN
11.49,11.49,11.41,11.41,600,2021-09-08 17:58:00,ANGN
11.42,11.42,11.42,11.42,100,2021-09-08 17:59:00,ANGN
11.4398,11.45,11.37,11.37,4900,2021-09-08 18:00:00,ANGN
11.39,11.41,11.39,11.4,500,2021-09-08 18:02:00,ANGN
11.4,11.4,11.4,11.4,211,2021-09-08 18:05:00,ANGN
11.382,11.382,11.382,11.382,100,2021-09-08 18:06:00,ANGN
11.39,11.39,11.39,11.39,300,2021-09-08 18:08:00,ANGN
11.39,11.39,11.39,11.39,300,2021-09-08 18:10:00,ANGN
11.31,11.32,11.291,11.291,400,2021-09-08 18:17:00,ANGN
11.35,11.35,11.35,11.35,100,2021-09-08 18:20:00,ANGN
11.39,11.39,11.39,11.39,300,2021-09-08 18:21:00,ANGN
11.4,11.445,11.4,11.445,200,2021-09-08 18:23:00,ANGN
11.43,11.43,11.39,11.39,300,2021-09-08 18:24:00,ANGN
11.375,11.375,11.375,11.375,100,2021-09-08 18:27:00,ANGN
11.35,11.35,11.35,11.35,250,2021-09-08 18:30:00,ANGN
11.33,11.33,11.33,11.33,100,2021-09-08 18:33:00,ANGN
11.34,11.34,11.34,11.34,100,2021-09-08 18:34:00,ANGN
11.29,11.3,11.27,11.3,572,2021-09-08 18:38:00,ANGN
11.2183,11.31,11.2183,11.31,200,2021-09-08 18:39:00,ANGN
11.2816,11.2816,11.2816,11.2816,100,2021-09-08 18:44:00,ANGN
11.29,11.35,11.29,11.325,600,2021-09-08 18:45:00,ANGN
11.325,11.325,11.325,11.325,100,2021-09-08 18:46:00,ANGN
11.39,11.39,11.39,11.39,100,2021-09-08 18:47:00,ANGN
11.385,11.385,11.385,11.385,200,2021-09-08 18:48:00,ANGN
11.41,11.45,11.41,11.45,400,2021-09-08 18:50:00,ANGN
11.42,11.47,11.42,11.47,200,2021-09-08 18:51:00,ANGN
11.46,11.46,11.46,11.46,100,2021-09-08 18:53:00,ANGN
11.43,11.44,11.43,11.44,300,2021-09-08 18:54:00,ANGN
11.46,11.46,11.46,11.46,100,2021-09-08 18:56:00,ANGN
11.45,11.45,11.45,11.45,100,2021-09-08 19:03:00,ANGN
11.465,11.465,11.465,11.465,100,2021-09-08 19:07:00,ANGN
11.465,11.465,11.465,11.465,100,2021-09-08 19:08:00,ANGN
11.44,11.44,11.44,11.44,100,2021-09-08 19:09:00,ANGN
11.46,11.46,11.46,11.46,100,2021-09-08 19:13:00,ANGN
11.5,11.51,11.465,11.495,2737,2021-09-08 19:18:00,ANGN
11.485,11.485,11.485,11.485,228,2021-09-08 19:19:00,ANGN
11.47,11.47,11.47,11.47,300,2021-09-08 19:20:00,ANGN
11.42,11.42,11.42,11.42,100,2021-09-08 19:27:00,ANGN
11.41,11.41,11.41,11.41,100,2021-09-08 19:28:00,ANGN
11.41,11.41,11.41,11.41,100,2021-09-08 19:30:00,ANGN
11.38,11.38,11.38,11.38,100,2021-09-08 19:32:00,ANGN
11.395,11.41,11.36,11.36,415,2021-09-08 19:35:00,ANGN
11.37,11.37,11.32,11.32,500,2021-09-08 19:36:00,ANGN
11.26,11.26,11.26,11.26,100,2021-09-08 19:39:00,ANGN
11.265,11.265,11.265,11.265,100,2021-09-08 19:41:00,ANGN
11.25,11.25,11.205,11.205,645,2021-09-08 19:42:00,ANGN
11.225,11.225,11.225,11.225,100,2021-09-08 19:46:00,ANGN
11.225,11.225,11.225,11.225,100,2021-09-08 19:47:00,ANGN
11.21,11.23,11.21,11.23,200,2021-09-08 19:49:00,ANGN
11.26,11.26,11.2,11.2,500,2021-09-08 19:50:00,ANGN
11.2,11.22,11.16,11.175,806,2021-09-08 19:53:00,ANGN
11.19,11.19,11.16,11.16,222,2021-09-08 19:54:00,ANGN
11.17,11.18,11.17,11.17,400,2021-09-08 19:55:00,ANGN
11.18,11.18,11.165,11.165,300,2021-09-08 19:56:00,ANGN
11.16,11.16,11.16,11.16,100,2021-09-08 19:57:00,ANGN
11.135,11.145,11.13,11.145,800,2021-09-08 19:58:00,ANGN
11.13,11.14,11.09,11.09,2433,2021-09-08 19:59:00,ANGN
11.14,11.14,11.14,11.14,2771,2021-09-08 20:00:00,ANGN
11.09,11.09,11.09,11.09,981,2021-09-09 13:30:00,ANGN
10.985,10.985,10.985,10.985,183,2021-09-09 13:31:00,ANGN
10.96,10.96,10.96,10.96,200,2021-09-09 13:32:00,ANGN
11.09,11.1,11.09,11.1,5667,2021-09-09 13:35:00,ANGN
11.23,11.23,11.23,11.23,300,2021-09-09 13:38:00,ANGN
11.31,11.31,11.31,11.31,100,2021-09-09 13:39:00,ANGN
11.31,11.31,11.31,11.31,200,2021-09-09 13:40:00,ANGN
11.31,11.31,11.31,11.31,200,2021-09-09 13:41:00,ANGN
11.31,11.47,11.31,11.47,300,2021-09-09 13:42:00,ANGN
11.47,11.51,11.35,11.51,300,2021-09-09 13:43:00,ANGN
11.52,11.55,11.52,11.55,200,2021-09-09 13:44:00,ANGN
11.61,11.61,11.25,11.32,600,2021-09-09 13:45:00,ANGN
11.51,11.55,11.39,11.39,300,2021-09-09 13:46:00,ANGN
11.5,11.5,11.5,11.5,100,2021-09-09 13:47:00,ANGN
11.53,11.54,11.38,11.54,400,2021-09-09 13:48:00,ANGN
11.53,11.53,11.53,11.53,100,2021-09-09 13:49:00,ANGN
11.53,11.53,11.53,11.53,200,2021-09-09 13:50:00,ANGN
11.53,11.53,11.38,11.38,300,2021-09-09 13:51:00,ANGN
11.29,11.5,11.29,11.5,200,2021-09-09 13:52:00,ANGN
11.5,11.5,11.5,11.5,100,2021-09-09 13:53:00,ANGN
11.45,11.45,11.34,11.34,200,2021-09-09 13:54:00,ANGN
11.46,11.46,11.34,11.34,200,2021-09-09 13:55:00,ANGN
11.47,11.61,11.47,11.61,200,2021-09-09 13:58:00,ANGN
11.54,11.54,11.54,11.54,100,2021-09-09 13:59:00,ANGN
11.66,11.66,11.63,11.66,300,2021-09-09 14:00:00,ANGN
11.66,11.66,11.66,11.66,100,2021-09-09 14:01:00,ANGN
11.65,11.65,11.65,11.65,100,2021-09-09 14:02:00,ANGN
11.66,11.66,11.66,11.66,100,2021-09-09 14:03:00,ANGN
11.67,11.67,11.67,11.67,100,2021-09-09 14:04:00,ANGN
11.7,11.7,11.59,11.59,1100,2021-09-09 14:05:00,ANGN
11.58,11.58,11.58,11.58,100,2021-09-09 14:08:00,ANGN
11.58,11.58,11.58,11.58,100,2021-09-09 14:12:00,ANGN
11.58,11.58,11.54,11.54,300,2021-09-09 14:13:00,ANGN
11.55,11.55,11.55,11.55,100,2021-09-09 14:14:00,ANGN
11.55,11.55,11.55,11.55,100,2021-09-09 14:15:00,ANGN
11.55,11.55,11.55,11.55,100,2021-09-09 14:16:00,ANGN
11.55,11.55,11.55,11.55,200,2021-09-09 14:17:00,ANGN
11.54,11.54,11.54,11.54,126,2021-09-09 14:18:00,ANGN
11.57,11.57,11.57,11.57,100,2021-09-09 14:19:00,ANGN
11.57,11.57,11.54,11.54,400,2021-09-09 14:21:00,ANGN
11.54,11.54,11.54,11.54,100,2021-09-09 14:22:00,ANGN
11.55,11.55,11.54,11.54,400,2021-09-09 14:24:00,ANGN
11.56,11.56,11.56,11.56,100,2021-09-09 14:27:00,ANGN
11.56,11.56,11.56,11.56,400,2021-09-09 14:28:00,ANGN
11.54,11.55,11.53,11.55,1448,2021-09-09 14:29:00,ANGN
11.53,11.53,11.53,11.53,200,2021-09-09 14:30:00,ANGN
11.53,11.54,11.53,11.54,500,2021-09-09 14:31:00,ANGN
11.55,11.55,11.55,11.55,100,2021-09-09 14:32:00,ANGN
11.57,11.57,11.57,11.57,100,2021-09-09 14:34:00,ANGN
11.57,11.57,11.57,11.57,300,2021-09-09 14:35:00,ANGN
11.6,11.6,11.6,11.6,200,2021-09-09 14:37:00,ANGN
11.6,11.61,11.6,11.61,200,2021-09-09 14:40:00,ANGN
11.63,11.63,11.63,11.63,100,2021-09-09 14:42:00,ANGN
11.63,11.65,11.63,11.65,300,2021-09-09 14:43:00,ANGN
11.76,11.76,11.76,11.76,100,2021-09-09 14:44:00,ANGN
11.67,11.78,11.67,11.78,200,2021-09-09 14:45:00,ANGN
11.86,11.86,11.86,11.86,100,2021-09-09 14:46:00,ANGN
11.87,11.88,11.87,11.88,300,2021-09-09 14:48:00,ANGN
11.879,11.879,11.879,11.879,250,2021-09-09 14:49:00,ANGN
12.13,12.13,12.13,12.13,100,2021-09-09 14:50:00,ANGN
12.15,12.15,12.15,12.15,100,2021-09-09 14:51:00,ANGN
12.15,12.15,11.95,11.95,600,2021-09-09 14:52:00,ANGN
11.95,11.95,11.89,11.89,200,2021-09-09 14:53:00,ANGN
11.89,11.89,11.89,11.89,100,2021-09-09 14:54:00,ANGN
11.95,11.95,11.95,11.95,100,2021-09-09 14:55:00,ANGN
11.96,11.96,11.96,11.96,100,2021-09-09 14:56:00,ANGN
12.09,12.09,11.88,11.93,800,2021-09-09 14:57:00,ANGN
11.96,11.96,11.96,11.96,200,2021-09-09 15:02:00,ANGN
11.99,11.99,11.99,11.99,100,2021-09-09 15:03:00,ANGN
11.99,11.99,11.99,11.99,100,2021-09-09 15:05:00,ANGN
12.01,12.01,12.01,12.01,100,2021-09-09 15:07:00,ANGN
12.055,12.055,12.055,12.055,100,2021-09-09 15:09:00,ANGN
12.06,12.06,12.06,12.06,100,2021-09-09 15:10:00,ANGN
12.11,12.11,12.11,12.11,100,2021-09-09 15:12:00,ANGN
12.12,12.12,12.12,12.12,100,2021-09-09 15:13:00,ANGN
12.12,12.12,12.12,12.12,100,2021-09-09 15:14:00,ANGN
12.16,12.16,12.16,12.16,100,2021-09-09 15:15:00,ANGN
12.16,12.16,12.16,12.16,100,2021-09-09 15:16:00,ANGN
12.16,12.16,12.06,12.06,600,2021-09-09 15:17:00,ANGN
12.11,12.11,12.085,12.085,500,2021-09-09 15:19:00,ANGN
12.085,12.085,12.085,12.085,100,2021-09-09 15:20:00,ANGN
12.06,12.06,11.86,11.86,972,2021-09-09 15:21:00,ANGN
11.85,11.86,11.83,11.83,300,2021-09-09 15:32:00,ANGN
11.85,11.85,11.85,11.85,100,2021-09-09 15:33:00,ANGN
11.85,11.85,11.8131,11.8131,246,2021-09-09 15:34:00,ANGN
11.85,11.85,11.85,11.85,200,2021-09-09 15:35:00,ANGN
11.85,11.85,11.8,11.8,923,2021-09-09 15:37:00,ANGN
11.79,11.79,11.79,11.79,300,2021-09-09 15:41:00,ANGN
11.78,11.78,11.78,11.78,100,2021-09-09 15:42:00,ANGN
11.79,11.79,11.79,11.79,100,2021-09-09 15:45:00,ANGN
11.8,11.8,11.8,11.8,100,2021-09-09 15:47:00,ANGN
11.79,11.79,11.79,11.79,100,2021-09-09 15:49:00,ANGN
11.785,11.785,11.785,11.785,100,2021-09-09 15:50:00,ANGN
11.78,11.78,11.69,11.69,1100,2021-09-09 15:52:00,ANGN
11.66,11.66,11.6,11.6,900,2021-09-09 15:55:00,ANGN
11.615,11.615,11.615,11.615,100,2021-09-09 16:01:00,ANGN
11.615,11.615,11.615,11.615,200,2021-09-09 16:03:00,ANGN
11.575,11.59,11.575,11.59,900,2021-09-09 16:07:00,ANGN
11.58,11.58,11.55,11.57,1387,2021-09-09 16:08:00,ANGN
11.48,11.48,11.47,11.47,400,2021-09-09 16:11:00,ANGN
11.38,11.38,11.38,11.38,100,2021-09-09 16:18:00,ANGN
11.43,11.43,11.43,11.43,100,2021-09-09 16:19:00,ANGN
11.37,11.37,11.37,11.37,100,2021-09-09 16:20:00,ANGN
11.39,11.42,11.39,11.39,700,2021-09-09 16:23:00,ANGN
11.42,11.42,11.42,11.42,100,2021-09-09 16:25:00,ANGN
11.39,11.39,11.39,11.39,200,2021-09-09 16:27:00,ANGN
11.39,11.39,11.39,11.39,300,2021-09-09 16:29:00,ANGN
11.37,11.37,11.37,11.37,100,2021-09-09 16:32:00,ANGN
11.39,11.39,11.39,11.39,100,2021-09-09 16:35:00,ANGN
11.39,11.42,11.39,11.41,600,2021-09-09 16:36:00,ANGN
11.45,11.45,11.45,11.45,100,2021-09-09 16:38:00,ANGN
11.45,11.45,11.45,11.45,109,2021-09-09 16:40:00,ANGN
11.44,11.44,11.41,11.41,600,2021-09-09 16:42:00,ANGN
11.415,11.415,11.415,11.415,100,2021-09-09 16:43:00,ANGN
11.415,11.415,11.415,11.415,100,2021-09-09 16:46:00,ANGN
11.42,11.42,11.42,11.42,100,2021-09-09 16:47:00,ANGN
11.415,11.415,11.415,11.415,200,2021-09-09 16:49:00,ANGN
11.415,11.415,11.415,11.415,100,2021-09-09 16:50:00,ANGN
11.42,11.43,11.42,11.43,200,2021-09-09 16:51:00,ANGN
11.43,11.43,11.43,11.43,100,2021-09-09 16:53:00,ANGN
11.43,11.43,11.415,11.415,200,2021-09-09 16:55:00,ANGN
11.42,11.42,11.42,11.42,100,2021-09-09 16:57:00,ANGN
11.41,11.41,11.26,11.28,4810,2021-09-09 16:58:00,ANGN
11.2,11.2,11.2,11.2,100,2021-09-09 16:59:00,ANGN
11.19,11.19,11.19,11.19,100,2021-09-09 17:00:00,ANGN
11.205,11.205,11.205,11.205,100,2021-09-09 17:04:00,ANGN
11.205,11.205,11.205,11.205,100,2021-09-09 17:06:00,ANGN
11.205,11.205,11.205,11.205,100,2021-09-09 17:09:00,ANGN
11.24,11.24,11.23,11.23,700,2021-09-09 17:13:00,ANGN
11.29,11.29,11.29,11.29,100,2021-09-09 17:14:00,ANGN
11.32,11.32,11.29,11.29,300,2021-09-09 17:18:00,ANGN
11.34,11.34,11.34,11.34,100,2021-09-09 17:20:00,ANGN
11.3,11.3,11.3,11.3,1057,2021-09-09 17:21:00,ANGN
11.28,11.28,11.28,11.28,100,2021-09-09 17:22:00,ANGN
11.305,11.305,11.305,11.305,100,2021-09-09 17:24:00,ANGN
11.305,11.305,11.305,11.305,100,2021-09-09 17:25:00,ANGN
11.305,11.305,11.305,11.305,100,2021-09-09 17:29:00,ANGN
11.305,11.33,11.28,11.28,1000,2021-09-09 17:31:00,ANGN
11.27,11.27,11.17,11.2,800,2021-09-09 17:32:00,ANGN
11.18,11.18,11.16,11.16,1500,2021-09-09 17:33:00,ANGN
11.19,11.19,11.175,11.175,200,2021-09-09 17:36:00,ANGN
11.19,11.19,11.19,11.19,100,2021-09-09 17:38:00,ANGN
11.19,11.21,11.18,11.21,500,2021-09-09 17:40:00,ANGN
11.19,11.19,11.19,11.19,100,2021-09-09 17:41:00,ANGN
11.21,11.23,11.2,11.2,500,2021-09-09 17:46:00,ANGN
11.235,11.235,11.23,11.23,300,2021-09-09 17:49:00,ANGN
11.25,11.25,11.21,11.21,300,2021-09-09 17:51:00,ANGN
11.23,11.23,11.21,11.21,600,2021-09-09 17:53:00,ANGN
11.19,11.2,11.17,11.18,1200,2021-09-09 18:00:00,ANGN
11.175,11.175,11.17,11.17,200,2021-09-09 18:01:00,ANGN
11.17,11.17,11.16,11.16,400,2021-09-09 18:05:00,ANGN
11.165,11.165,11.165,11.165,100,2021-09-09 18:06:00,ANGN
11.17,11.17,11.17,11.17,100,2021-09-09 18:07:00,ANGN
11.17,11.17,11.17,11.17,100,2021-09-09 18:08:00,ANGN
11.16,11.16,11.16,11.16,1267,2021-09-09 18:09:00,ANGN
11.16,11.16,11.13,11.13,300,2021-09-09 18:11:00,ANGN
11.13,11.16,11.13,11.14,900,2021-09-09 18:15:00,ANGN
11.18,11.18,11.05,11.05,500,2021-09-09 18:16:00,ANGN
11.05,11.05,11.05,11.05,100,2021-09-09 18:21:00,ANGN
11.055,11.055,11.055,11.055,100,2021-09-09 18:26:00,ANGN
11.055,11.055,11.055,11.055,100,2021-09-09 18:31:00,ANGN
11.055,11.055,11.055,11.055,100,2021-09-09 18:32:00,ANGN
11.075,11.075,11.075,11.075,200,2021-09-09 18:37:00,ANGN
11.075,11.09,11.075,11.09,400,2021-09-09 18:38:00,ANGN
11.09,11.09,11.09,11.09,400,2021-09-09 18:39:00,ANGN
11.09,11.09,11.09,11.09,100,2021-09-09 18:40:00,ANGN
11.0904,11.0904,11.0904,11.0904,100,2021-09-09 18:42:00,ANGN
11.095,11.095,11.095,11.095,100,2021-09-09 18:43:00,ANGN
11.095,11.095,11.095,11.095,100,2021-09-09 18:44:00,ANGN
11.1,11.1,11.1,11.1,300,2021-09-09 18:45:00,ANGN
11.1,11.1,11.1,11.1,793,2021-09-09 18:46:00,ANGN
11.12,11.12,11.12,11.12,600,2021-09-09 18:48:00,ANGN
11.11,11.12,11.11,11.12,200,2021-09-09 18:50:00,ANGN
11.125,11.125,11.125,11.125,100,2021-09-09 18:57:00,ANGN
11.13,11.13,11.1,11.13,504,2021-09-09 18:58:00,ANGN
11.15,11.195,11.15,11.195,400,2021-09-09 19:03:00,ANGN
11.2,11.2,11.16,11.16,526,2021-09-09 19:04:00,ANGN
11.19,11.19,11.15,11.16,775,2021-09-09 19:05:00,ANGN
11.17,11.2,11.17,11.195,700,2021-09-09 19:06:00,ANGN
11.16,11.16,11.16,11.16,100,2021-09-09 19:07:00,ANGN
11.17,11.17,11.17,11.17,100,2021-09-09 19:10:00,ANGN
11.17,11.17,11.17,11.17,100,2021-09-09 19:14:00,ANGN
11.19,11.19,11.18,11.18,800,2021-09-09 19:15:00,ANGN
11.185,11.185,11.185,11.185,200,2021-09-09 19:20:00,ANGN
11.185,11.185,11.185,11.185,100,2021-09-09 19:21:00,ANGN
11.185,11.185,11.18,11.18,600,2021-09-09 19:23:00,ANGN
11.175,11.18,11.175,11.18,600,2021-09-09 19:25:00,ANGN
11.175,11.175,11.175,11.175,100,2021-09-09 19:26:00,ANGN
11.175,11.175,11.175,11.175,100,2021-09-09 19:27:00,ANGN
11.175,11.2,11.175,11.19,924,2021-09-09 19:28:00,ANGN
11.19,11.19,11.17,11.17,795,2021-09-09 19:29:00,ANGN
11.17,11.17,11.17,11.17,100,2021-09-09 19:30:00,ANGN
11.18,11.18,11.18,11.18,200,2021-09-09 19:34:00,ANGN
11.175,11.19,11.16,11.17,1000,2021-09-09 19:36:00,ANGN
11.18,11.18,11.165,11.165,200,2021-09-09 19:39:00,ANGN
11.165,11.165,11.165,11.165,200,2021-09-09 19:40:00,ANGN
11.16,11.175,11.15,11.15,1567,2021-09-09 19:43:00,ANGN
11.17,11.17,11.17,11.17,100,2021-09-09 19:44:00,ANGN
11.14,11.14,11.14,11.14,100,2021-09-09 19:45:00,ANGN
11.155,11.155,11.155,11.155,100,2021-09-09 19:47:00,ANGN
11.155,11.155,11.15,11.15,200,2021-09-09 19:49:00,ANGN
11.155,11.16,11.155,11.16,300,2021-09-09 19:50:00,ANGN
11.16,11.16,11.16,11.16,100,2021-09-09 19:51:00,ANGN
11.17,11.17,11.15,11.15,1434,2021-09-09 19:52:00,ANGN
11.145,11.17,11.145,11.17,200,2021-09-09 19:54:00,ANGN
11.17,11.17,11.17,11.17,200,2021-09-09 19:55:00,ANGN
11.17,11.17,11.15,11.155,1148,2021-09-09 19:56:00,ANGN
11.145,11.145,11.145,11.145,300,2021-09-09 19:58:00,ANGN
11.105,11.105,11.09,11.09,500,2021-09-09 19:59:00,ANGN
11.07,11.07,11.07,11.07,4281,2021-09-09 20:00:00,ANGN
11.19,11.19,11.19,11.19,584,2021-09-10 13:30:00,ANGN
11.11,11.11,11.11,11.11,200,2021-09-10 13:52:00,ANGN
11.42,11.42,11.3,11.3,200,2021-09-10 13:53:00,ANGN
11.26,11.26,11.26,11.26,100,2021-09-10 13:55:00,ANGN
11.16,11.17,11.025,11.06,1100,2021-09-10 13:56:00,ANGN
11.05,11.05,11.05,11.05,100,2021-09-10 13:57:00,ANGN
11.05,11.05,11.05,11.05,100,2021-09-10 13:58:00,ANGN
11.205,11.205,11.19,11.19,220,2021-09-10 13:59:00,ANGN
11.1,11.28,11.07,11.28,400,2021-09-10 14:01:00,ANGN
11.09,11.19,11.07,11.07,1626,2021-09-10 14:02:00,ANGN
11.0,11.0,11.0,11.0,100,2021-09-10 14:03:00,ANGN
10.94,10.94,10.94,10.94,346,2021-09-10 14:04:00,ANGN
10.86,10.86,10.7867,10.7867,320,2021-09-10 14:06:00,ANGN
10.86,10.86,10.86,10.86,134,2021-09-10 14:12:00,ANGN
10.915,10.915,10.915,10.915,300,2021-09-10 14:15:00,ANGN
10.94,10.97,10.94,10.97,200,2021-09-10 14:16:00,ANGN
11.03,11.03,11.03,11.03,100,2021-09-10 14:17:00,ANGN
10.99,11.04,10.945,10.945,495,2021-09-10 14:18:00,ANGN
11.03,11.03,11.03,11.03,146,2021-09-10 14:19:00,ANGN
11.05,11.05,11.04,11.04,200,2021-09-10 14:21:00,ANGN
11.04,11.08,11.04,11.08,200,2021-09-10 14:22:00,ANGN
11.04,11.04,10.99,10.99,288,2021-09-10 14:23:00,ANGN
11.04,11.04,11.04,11.04,100,2021-09-10 14:24:00,ANGN
10.99,10.99,10.99,10.99,100,2021-09-10 14:27:00,ANGN
11.03,11.07,11.0,11.0,300,2021-09-10 14:30:00,ANGN
11.06,11.06,11.06,11.06,100,2021-09-10 14:31:00,ANGN
10.99,11.0,10.95,10.95,1410,2021-09-10 14:32:00,ANGN
10.935,10.935,10.87,10.87,300,2021-09-10 14:34:00,ANGN
10.935,10.935,10.935,10.935,100,2021-09-10 14:35:00,ANGN
10.88,10.88,10.88,10.88,100,2021-09-10 14:36:00,ANGN
10.94,10.94,10.94,10.94,100,2021-09-10 14:38:00,ANGN
10.94,10.94,10.87,10.905,300,2021-09-10 14:39:00,ANGN
10.905,10.905,10.905,10.905,100,2021-09-10 14:40:00,ANGN
10.87,10.87,10.87,10.87,244,2021-09-10 14:41:00,ANGN
10.91,10.95,10.885,10.95,700,2021-09-10 14:44:00,ANGN
10.93,10.99,10.93,10.99,200,2021-09-10 14:45:00,ANGN
10.995,10.995,10.93,10.93,300,2021-09-10 14:47:00,ANGN
10.96,10.96,10.96,10.96,100,2021-09-10 14:49:00,ANGN
10.94,10.98,10.93,10.935,900,2021-09-10 14:53:00,ANGN
10.93,11.0,10.93,11.0,300,2021-09-10 14:54:00,ANGN
11.0,11.0,11.0,11.0,200,2021-09-10 14:58:00,ANGN
11.07,11.07,11.03,11.03,800,2021-09-10 14:59:00,ANGN
11.0206,11.0206,11.0206,11.0206,100,2021-09-10 15:00:00,ANGN
11.04,11.04,11.04,11.04,100,2021-09-10 15:03:00,ANGN
11.04,11.05,10.88,10.88,4100,2021-09-10 15:04:00,ANGN
10.88,10.8814,10.88,10.8814,200,2021-09-10 15:05:00,ANGN
10.905,10.905,10.905,10.905,200,2021-09-10 15:09:00,ANGN
10.9,10.9,10.9,10.9,300,2021-09-10 15:10:00,ANGN
10.91,10.95,10.91,10.93,700,2021-09-10 15:13:00,ANGN
10.94,10.94,10.94,10.94,100,2021-09-10 15:15:00,ANGN
10.98,10.98,10.98,10.98,100,2021-09-10 15:16:00,ANGN
10.99,10.99,10.99,10.99,100,2021-09-10 15:17:00,ANGN
10.99,10.99,10.99,10.99,100,2021-09-10 15:18:00,ANGN
10.99,11.015,10.99,11.015,200,2021-09-10 15:19:00,ANGN
11.07,11.07,11.01,11.01,200,2021-09-10 15:23:00,ANGN
11.06,11.08,10.98,10.98,1500,2021-09-10 15:24:00,ANGN
11.01,11.01,10.995,11.01,300,2021-09-10 15:27:00,ANGN
11.03,11.03,11.005,11.02,600,2021-09-10 15:28:00,ANGN
11.04,11.04,11.04,11.04,100,2021-09-10 15:29:00,ANGN
11.04,11.04,11.04,11.04,100,2021-09-10 15:30:00,ANGN
11.02,11.02,11.0,11.0,947,2021-09-10 15:31:00,ANGN
10.99,10.99,10.99,10.99,100,2021-09-10 15:33:00,ANGN
10.99,10.99,10.99,10.99,200,2021-09-10 15:34:00,ANGN
10.995,10.995,10.995,10.995,100,2021-09-10 15:35:00,ANGN
10.99,11.0,10.99,11.0,200,2021-09-10 15:38:00,ANGN
11.03,11.03,11.015,11.03,600,2021-09-10 15:40:00,ANGN
11.07,11.07,11.055,11.07,400,2021-09-10 15:42:00,ANGN
11.06,11.06,11.06,11.06,100,2021-09-10 15:43:00,ANGN
11.07,11.07,11.03,11.03,1340,2021-09-10 15:44:00,ANGN
11.02,11.02,11.02,11.02,400,2021-09-10 15:46:00,ANGN
11.01,11.01,11.01,11.01,100,2021-09-10 15:48:00,ANGN
10.99,11.01,10.99,11.0,600,2021-09-10 15:50:00,ANGN
11.0,11.0,11.0,11.0,100,2021-09-10 15:52:00,ANGN
11.0,11.05,11.0,11.0,600,2021-09-10 15:55:00,ANGN
11.03,11.03,11.025,11.025,200,2021-09-10 15:57:00,ANGN
11.06,11.06,11.06,11.06,100,2021-09-10 16:00:00,ANGN
11.06,11.06,11.06,11.06,100,2021-09-10 16:02:00,ANGN
11.075,11.075,11.075,11.075,100,2021-09-10 16:03:00,ANGN
11.12,11.12,11.12,11.12,100,2021-09-10 16:04:00,ANGN
11.12,11.12,11.02,11.02,300,2021-09-10 16:05:00,ANGN
11.07,11.07,11.04,11.04,200,2021-09-10 16:09:00,ANGN
11.02,11.02,10.99,11.0,600,2021-09-10 16:11:00,ANGN
10.94,10.94,10.94,10.94,100,2021-09-10 16:14:00,ANGN
10.94,10.97,10.94,10.97,200,2021-09-10 16:15:00,ANGN
10.985,11.04,10.985,11.04,200,2021-09-10 16:21:00,ANGN
11.015,11.015,11.015,11.015,100,2021-09-10 16:25:00,ANGN
11.015,11.015,11.015,11.015,100,2021-09-10 16:29:00,ANGN
11.015,11.015,10.97,10.97,300,2021-09-10 16:30:00,ANGN
10.9408,10.9408,10.9408,10.9408,300,2021-09-10 16:32:00,ANGN
10.98,10.98,10.98,10.98,100,2021-09-10 16:36:00,ANGN
11.0,11.0,10.99,10.99,200,2021-09-10 16:37:00,ANGN
10.99,10.99,10.99,10.99,100,2021-09-10 16:38:00,ANGN
10.99,11.006,10.99,11.006,350,2021-09-10 16:39:00,ANGN
10.99,10.99,10.95,10.95,440,2021-09-10 16:41:00,ANGN
10.98,10.99,10.9754,10.99,500,2021-09-10 16:44:00,ANGN
10.98,10.98,10.98,10.98,100,2021-09-10 16:45:00,ANGN
11.06,11.06,11.06,11.06,100,2021-09-10 16:48:00,ANGN
11.05,11.05,11.05,11.05,100,2021-09-10 16:50:00,ANGN
11.0,11.02,11.0,11.02,200,2021-09-10 16:51:00,ANGN
11.085,11.085,11.06,11.065,300,2021-09-10 16:52:00,ANGN
11.07,11.07,11.07,11.07,100,2021-09-10 16:58:00,ANGN
11.03,11.03,10.99,10.99,300,2021-09-10 16:59:00,ANGN
11.06,11.06,11.06,11.06,100,2021-09-10 17:01:00,ANGN
11.0014,11.06,11.0014,11.005,500,2021-09-10 17:02:00,ANGN
11.05,11.05,11.05,11.05,100,2021-09-10 17:04:00,ANGN
11.055,11.055,11.055,11.055,265,2021-09-10 17:05:00,ANGN
11.07,11.07,11.01,11.01,1200,2021-09-10 17:07:00,ANGN
10.94,10.94,10.94,10.94,100,2021-09-10 17:10:00,ANGN
10.94,10.94,10.94,10.94,500,2021-09-10 17:11:00,ANGN
10.94,10.94,10.93,10.93,200,2021-09-10 17:13:00,ANGN
10.96,10.96,10.96,10.96,100,2021-09-10 17:17:00,ANGN
10.96,10.96,10.96,10.96,100,2021-09-10 17:18:00,ANGN
10.93,10.94,10.93,10.94,500,2021-09-10 17:21:00,ANGN
10.97,10.98,10.965,10.98,400,2021-09-10 17:28:00,ANGN
11.01,11.01,11.01,11.01,100,2021-09-10 17:30:00,ANGN
10.99,10.99,10.99,10.99,200,2021-09-10 17:33:00,ANGN
10.98,10.98,10.98,10.98,100,2021-09-10 17:34:00,ANGN
11.0,11.0,11.0,11.0,100,2021-09-10 17:36:00,ANGN
11.0,11.0,11.0,11.0,200,2021-09-10 17:38:00,ANGN
10.99,10.99,10.99,10.99,100,2021-09-10 17:39:00,ANGN
10.97,10.99,10.94,10.94,1008,2021-09-10 17:41:00,ANGN
10.925,10.925,10.925,10.925,200,2021-09-10 17:49:00,ANGN
10.925,10.925,10.925,10.925,100,2021-09-10 17:52:00,ANGN
10.95,10.95,10.93,10.94,400,2021-09-10 17:53:00,ANGN
10.95,10.975,10.95,10.975,300,2021-09-10 17:55:00,ANGN
11.0,11.0,11.0,11.0,100,2021-09-10 17:56:00,ANGN
10.96,10.96,10.96,10.96,301,2021-09-10 17:57:00,ANGN
10.985,10.985,10.985,10.985,200,2021-09-10 18:01:00,ANGN
10.97,10.97,10.97,10.97,100,2021-09-10 18:08:00,ANGN
10.96,10.96,10.96,10.96,100,2021-09-10 18:09:00,ANGN
10.975,10.98,10.95,10.95,300,2021-09-10 18:11:00,ANGN
10.98,11.07,10.98,11.07,300,2021-09-10 18:15:00,ANGN
11.05,11.05,11.05,11.05,100,2021-09-10 18:16:00,ANGN
11.08,11.08,11.08,11.08,100,2021-09-10 18:17:00,ANGN
11.02,11.04,11.01,11.01,800,2021-09-10 18:18:00,ANGN
11.0799,11.0799,11.058,11.06,6032,2021-09-10 18:20:00,ANGN
11.02,11.02,11.02,11.02,200,2021-09-10 18:21:00,ANGN
11.01,11.01,11.01,11.01,100,2021-09-10 18:23:00,ANGN
11.02,11.02,11.02,11.02,100,2021-09-10 18:24:00,ANGN
11.05,11.05,11.05,11.05,200,2021-09-10 18:25:00,ANGN
11.065,11.065,11.065,11.065,100,2021-09-10 18:26:00,ANGN
11.07,11.07,11.07,11.07,100,2021-09-10 18:28:00,ANGN
11.05,11.05,11.04,11.04,500,2021-09-10 18:29:00,ANGN
10.97,10.97,10.97,10.97,100,2021-09-10 18:33:00,ANGN
11.0,11.01,10.98,11.01,300,2021-09-10 18:38:00,ANGN
11.015,11.015,11.015,11.015,100,2021-09-10 18:41:00,ANGN
11.02,11.06,11.02,11.04,400,2021-09-10 18:42:00,ANGN
11.065,11.065,11.04,11.06,300,2021-09-10 18:47:00,ANGN
11.035,11.035,11.035,11.035,300,2021-09-10 18:48:00,ANGN
11.05,11.05,11.01,11.03,700,2021-09-10 18:49:00,ANGN
11.03,11.03,11.02,11.02,300,2021-09-10 18:53:00,ANGN
11.03,11.03,11.03,11.03,100,2021-09-10 18:54:00,ANGN
11.01,11.01,11.01,11.01,100,2021-09-10 18:55:00,ANGN
11.03,11.03,11.03,11.03,100,2021-09-10 18:56:00,ANGN
11.02,11.02,11.01,11.01,200,2021-09-10 18:57:00,ANGN
11.03,11.03,11.03,11.03,200,2021-09-10 18:58:00,ANGN
11.04,11.04,11.025,11.025,200,2021-09-10 19:00:00,ANGN
11.025,11.03,11.025,11.03,500,2021-09-10 19:02:00,ANGN
11.04,11.04,11.0,11.0,1526,2021-09-10 19:03:00,ANGN
10.96,10.96,10.94,10.94,466,2021-09-10 19:04:00,ANGN
10.925,10.925,10.925,10.925,100,2021-09-10 19:07:00,ANGN
10.91,10.91,10.91,10.91,200,2021-09-10 19:10:00,ANGN
10.89,10.89,10.88,10.88,200,2021-09-10 19:11:00,ANGN
10.87,10.87,10.87,10.87,100,2021-09-10 19:13:00,ANGN
10.875,10.875,10.875,10.875,100,2021-09-10 19:15:00,ANGN
10.875,10.875,10.86,10.86,200,2021-09-10 19:16:00,ANGN
10.83,10.83,10.83,10.83,100,2021-09-10 19:17:00,ANGN
10.79,10.79,10.75,10.79,615,2021-09-10 19:19:00,ANGN
10.76,10.76,10.745,10.745,1258,2021-09-10 19:23:00,ANGN
10.73,10.77,10.72,10.74,1200,2021-09-10 19:24:00,ANGN
10.75,10.75,10.75,10.75,300,2021-09-10 19:25:00,ANGN
10.75,10.75,10.75,10.75,100,2021-09-10 19:26:00,ANGN
10.76,10.76,10.76,10.76,100,2021-09-10 19:28:00,ANGN
10.785,10.785,10.785,10.785,100,2021-09-10 19:29:00,ANGN
10.76,10.76,10.76,10.76,200,2021-09-10 19:33:00,ANGN
10.77,10.77,10.77,10.77,100,2021-09-10 19:34:00,ANGN
10.76,10.76,10.67,10.67,1300,2021-09-10 19:35:00,ANGN
10.7,10.7,10.7,10.7,400,2021-09-10 19:36:00,ANGN
10.71,10.745,10.71,10.745,300,2021-09-10 19:37:00,ANGN
10.7,10.7,10.64,10.64,300,2021-09-10 19:38:00,ANGN
10.65,10.65,10.6,10.64,624,2021-09-10 19:39:00,ANGN
10.6,10.6,10.6,10.6,100,2021-09-10 19:40:00,ANGN
10.64,10.64,10.64,10.64,100,2021-09-10 19:41:00,ANGN
10.649,10.649,10.615,10.615,600,2021-09-10 19:42:00,ANGN
10.615,10.62,10.615,10.62,300,2021-09-10 19:43:00,ANGN
10.7,10.7,10.7,10.7,100,2021-09-10 19:44:00,ANGN
10.7,10.71,10.69,10.69,1046,2021-09-10 19:49:00,ANGN
10.67,10.67,10.66,10.66,400,2021-09-10 19:50:00,ANGN
10.65,10.65,10.64,10.64,200,2021-09-10 19:51:00,ANGN
10.645,10.645,10.63,10.63,700,2021-09-10 19:53:00,ANGN
10.61,10.63,10.57,10.57,1200,2021-09-10 19:54:00,ANGN
10.58,10.605,10.58,10.605,400,2021-09-10 19:55:00,ANGN
10.605,10.605,10.605,10.605,600,2021-09-10 19:56:00,ANGN
10.615,10.62,10.58,10.58,900,2021-09-10 19:57:00,ANGN
10.59,10.61,10.59,10.61,700,2021-09-10 19:58:00,ANGN
10.64,10.67,10.58,10.64,1416,2021-09-10 19:59:00,ANGN
10.68,10.68,10.68,10.68,2636,2021-09-10 20:00:00,ANGN
10.88,10.88,10.88,10.88,5361,2021-09-13 13:30:00,ANGN
11.23,11.23,10.75,10.75,200,2021-09-13 13:32:00,ANGN
11.19,11.19,11.19,11.19,500,2021-09-13 13:33:00,ANGN
10.805,10.805,10.74,10.74,200,2021-09-13 13:34:00,ANGN
10.73,10.73,10.7,10.72,659,2021-09-13 13:35:00,ANGN
10.73,10.73,10.73,10.73,200,2021-09-13 13:36:00,ANGN
10.745,10.745,10.745,10.745,100,2021-09-13 13:39:00,ANGN
10.67,10.67,10.64,10.64,2300,2021-09-13 13:40:00,ANGN
10.72,10.72,10.6,10.71,600,2021-09-13 13:41:00,ANGN
10.6,10.64,10.6,10.62,400,2021-09-13 13:42:00,ANGN
10.64,10.65,10.64,10.65,380,2021-09-13 13:45:00,ANGN
10.65,10.68,10.65,10.65,2800,2021-09-13 13:46:00,ANGN
10.67,10.67,10.67,10.67,100,2021-09-13 13:47:00,ANGN
10.68,10.68,10.68,10.68,200,2021-09-13 13:48:00,ANGN
10.66,10.66,10.66,10.66,100,2021-09-13 13:49:00,ANGN
10.68,10.72,10.68,10.72,400,2021-09-13 13:51:00,ANGN
10.74,10.76,10.73,10.73,300,2021-09-13 13:52:00,ANGN
10.73,10.79,10.73,10.79,423,2021-09-13 13:54:00,ANGN
10.8,10.8,10.79,10.79,200,2021-09-13 13:56:00,ANGN
10.765,10.765,10.765,10.765,100,2021-09-13 13:57:00,ANGN
10.8,10.8,10.73,10.73,900,2021-09-13 13:59:00,ANGN
10.83,10.83,10.83,10.83,100,2021-09-13 14:00:00,ANGN
10.82,10.82,10.735,10.735,300,2021-09-13 14:04:00,ANGN
10.73,10.73,10.65,10.65,550,2021-09-13 14:05:00,ANGN
10.66,10.66,10.505,10.505,2542,2021-09-13 14:06:00,ANGN
10.5,10.5,10.345,10.345,1900,2021-09-13 14:10:00,ANGN
10.19,10.3,10.0,10.0,9987,2021-09-13 14:12:00,ANGN
10.12,10.12,10.12,10.12,100,2021-09-13 14:14:00,ANGN
10.24,10.24,10.23,10.23,300,2021-09-13 14:16:00,ANGN
10.21,10.28,10.21,10.28,500,2021-09-13 14:17:00,ANGN
10.26,10.32,10.24,10.31,900,2021-09-13 14:18:00,ANGN
10.285,10.285,10.285,10.285,100,2021-09-13 14:20:00,ANGN
10.375,10.375,10.375,10.375,100,2021-09-13 14:22:00,ANGN
10.305,10.305,10.305,10.305,100,2021-09-13 14:23:00,ANGN
10.39,10.39,10.39,10.39,200,2021-09-13 14:26:00,ANGN
10.465,10.465,10.465,10.465,100,2021-09-13 14:28:00,ANGN
10.49,10.49,10.49,10.49,100,2021-09-13 14:29:00,ANGN
10.5,10.5,10.495,10.495,300,2021-09-13 14:31:00,ANGN
10.435,10.435,10.435,10.435,100,2021-09-13 14:32:00,ANGN
10.53,10.53,10.53,10.53,100,2021-09-13 14:34:00,ANGN
10.53,10.53,10.53,10.53,300,2021-09-13 14:35:00,ANGN
10.62,10.62,10.54,10.54,200,2021-09-13 14:36:00,ANGN
10.62,10.62,10.62,10.62,100,2021-09-13 14:37:00,ANGN
10.72,10.755,10.65,10.65,600,2021-09-13 14:38:00,ANGN
10.73,10.73,10.73,10.73,100,2021-09-13 14:39:00,ANGN
10.66,10.66,10.66,10.66,200,2021-09-13 14:42:00,ANGN
10.68,10.68,10.68,10.68,100,2021-09-13 14:44:00,ANGN
10.72,10.72,10.72,10.72,100,2021-09-13 14:46:00,ANGN
10.67,10.67,10.67,10.67,126,2021-09-13 14:47:00,ANGN
10.68,10.735,10.68,10.735,200,2021-09-13 14:48:00,ANGN
10.87,10.87,10.87,10.87,100,2021-09-13 14:49:00,ANGN
10.77,10.77,10.77,10.77,100,2021-09-13 14:51:00,ANGN
10.73,10.76,10.73,10.76,900,2021-09-13 14:53:00,ANGN
10.89,10.89,10.82,10.82,200,2021-09-13 14:55:00,ANGN
10.75,10.75,10.75,10.75,100,2021-09-13 14:57:00,ANGN
10.8,10.8,10.8,10.8,100,2021-09-13 14:58:00,ANGN
10.76,10.775,10.75,10.755,400,2021-09-13 14:59:00,ANGN
10.736,10.76,10.736,10.741,500,2021-09-13 15:00:00,ANGN
10.76,10.76,10.76,10.76,100,2021-09-13 15:03:00,ANGN
10.79,10.865,10.79,10.835,2097,2021-09-13 15:04:00,ANGN
10.86,10.9021,10.86,10.88,1100,2021-09-13 15:05:00,ANGN
10.88,10.88,10.88,10.88,200,2021-09-13 15:06:00,ANGN
10.885,10.885,10.885,10.885,100,2021-09-13 15:08:00,ANGN
10.89,10.89,10.89,10.89,100,2021-09-13 15:10:00,ANGN
10.925,10.925,10.925,10.925,200,2021-09-13 15:13:00,ANGN
10.835,10.835,10.835,10.835,100,2021-09-13 15:19:00,ANGN
10.97,10.97,10.93,10.93,300,2021-09-13 15:20:00,ANGN
10.97,11.04,10.97,11.0,603,2021-09-13 15:21:00,ANGN
11.02,11.02,11.02,11.02,100,2021-09-13 15:22:00,ANGN
11.04,11.04,11.03,11.03,1917,2021-09-13 15:24:00,ANGN
11.14,11.14,10.995,10.995,300,2021-09-13 15:25:00,ANGN
11.13,11.14,11.07,11.07,990,2021-09-13 15:30:00,ANGN
11.21,11.21,11.21,11.21,100,2021-09-13 15:31:00,ANGN
11.26,11.26,11.18,11.18,577,2021-09-13 15:32:00,ANGN
11.21,11.21,11.21,11.21,100,2021-09-13 15:33:00,ANGN
11.175,11.175,11.13,11.13,200,2021-09-13 15:35:00,ANGN
11.15,11.15,11.15,11.15,100,2021-09-13 15:37:00,ANGN
11.17,11.17,11.16,11.16,767,2021-09-13 15:39:00,ANGN
11.14,11.14,11.05,11.05,400,2021-09-13 15:41:00,ANGN
10.995,11.07,10.995,11.07,200,2021-09-13 15:46:00,ANGN
11.02,11.02,11.0,11.02,400,2021-09-13 15:48:00,ANGN
11.12,11.12,11.12,11.12,100,2021-09-13 15:50:00,ANGN
11.015,11.015,11.015,11.015,100,2021-09-13 15:52:00,ANGN
11.07,11.08,11.07,11.07,300,2021-09-13 15:54:00,ANGN
11.07,11.07,11.07,11.07,100,2021-09-13 16:00:00,ANGN
11.06,11.06,11.06,11.06,100,2021-09-13 16:01:00,ANGN
11.1,11.1,11.07,11.07,200,2021-09-13 16:02:00,ANGN
11.115,11.115,11.115,11.115,100,2021-09-13 16:04:00,ANGN
11.18,11.18,11.18,11.18,100,2021-09-13 16:07:00,ANGN
11.19,11.25,11.19,11.25,200,2021-09-13 16:09:00,ANGN
11.25,11.25,11.19,11.225,500,2021-09-13 16:10:00,ANGN
11.27,11.27,11.27,11.27,200,2021-09-13 16:15:00,ANGN
11.3,11.32,11.3,11.32,400,2021-09-13 16:16:00,ANGN
11.36,11.4,11.27,11.27,1279,2021-09-13 16:21:00,ANGN
11.3009,11.3009,11.3009,11.3009,203,2021-09-13 16:25:00,ANGN
11.27,11.27,11.27,11.27,100,2021-09-13 16:28:00,ANGN
11.32,11.344,11.28,11.344,700,2021-09-13 16:30:00,ANGN
11.43,11.43,11.31,11.31,300,2021-09-13 16:35:00,ANGN
11.265,11.265,11.265,11.265,100,2021-09-13 16:38:00,ANGN
11.265,11.265,11.265,11.265,100,2021-09-13 16:41:00,ANGN
11.291,11.291,11.291,11.291,100,2021-09-13 16:46:00,ANGN
11.31,11.31,11.3,11.3,300,2021-09-13 16:47:00,ANGN
11.33,11.33,11.33,11.33,200,2021-09-13 16:49:00,ANGN
11.35,11.4,11.35,11.4,300,2021-09-13 16:51:00,ANGN
11.36,11.36,11.36,11.36,100,2021-09-13 16:57:00,ANGN
11.35,11.35,11.35,11.35,642,2021-09-13 16:58:00,ANGN
11.31,11.38,11.31,11.38,300,2021-09-13 16:59:00,ANGN
11.33,11.33,11.33,11.33,100,2021-09-13 17:01:00,ANGN
11.37,11.37,11.37,11.37,100,2021-09-13 17:03:00,ANGN
11.362,11.362,11.34,11.34,1713,2021-09-13 17:05:00,ANGN
11.4,11.4,11.37,11.37,200,2021-09-13 17:08:00,ANGN
11.36,11.36,11.29,11.29,400,2021-09-13 17:12:00,ANGN
11.3,11.3,11.25,11.275,300,2021-09-13 17:13:00,ANGN
11.3,11.355,11.3,11.355,400,2021-09-13 17:15:00,ANGN
11.355,11.355,11.355,11.355,100,2021-09-13 17:16:00,ANGN
11.36,11.36,11.36,11.36,100,2021-09-13 17:18:00,ANGN
11.36,11.44,11.36,11.38,900,2021-09-13 17:26:00,ANGN
11.38,11.38,11.38,11.38,100,2021-09-13 17:27:00,ANGN
11.38,11.38,11.38,11.38,100,2021-09-13 17:33:00,ANGN
11.39,11.43,11.39,11.43,500,2021-09-13 17:37:00,ANGN
11.47,11.47,11.47,11.47,100,2021-09-13 17:38:00,ANGN
11.45,11.45,11.45,11.45,200,2021-09-13 17:41:00,ANGN
11.4,11.41,11.38,11.38,500,2021-09-13 17:42:00,ANGN
11.44,11.44,11.4,11.4,200,2021-09-13 17:50:00,ANGN
11.4,11.4,11.38,11.38,200,2021-09-13 17:54:00,ANGN
11.38,11.4,11.36,11.4,400,2021-09-13 17:56:00,ANGN
11.4,11.4,11.26,11.31,2167,2021-09-13 17:58:00,ANGN
11.26,11.26,11.19,11.19,878,2021-09-13 18:04:00,ANGN
11.145,11.145,11.145,11.145,100,2021-09-13 18:05:00,ANGN
11.145,11.145,11.145,11.145,100,2021-09-13 18:06:00,ANGN
11.18,11.2,11.18,11.2,400,2021-09-13 18:07:00,ANGN
11.23,11.23,11.23,11.23,100,2021-09-13 18:09:00,ANGN
11.18,11.18,11.16,11.175,505,2021-09-13 18:11:00,ANGN
11.15,11.15,11.15,11.15,300,2021-09-13 18:20:00,ANGN
11.22,11.22,11.22,11.22,100,2021-09-13 18:22:00,ANGN
11.22,11.22,11.19,11.19,400,2021-09-13 18:25:00,ANGN
11.15,11.15,11.15,11.15,100,2021-09-13 18:30:00,ANGN
11.16,11.16,11.16,11.16,100,2021-09-13 18:31:00,ANGN
11.19,11.19,11.14,11.14,900,2021-09-13 18:35:00,ANGN
11.13,11.13,11.1,11.1,200,2021-09-13 18:36:00,ANGN
11.14,11.14,11.1,11.1,300,2021-09-13 18:37:00,ANGN
11.06,11.06,11.06,11.06,100,2021-09-13 18:38:00,ANGN
11.05,11.05,11.05,11.05,100,2021-09-13 18:46:00,ANGN
11.07,11.0741,11.07,11.0741,200,2021-09-13 18:48:00,ANGN
11.065,11.065,11.065,11.065,400,2021-09-13 18:49:00,ANGN
11.09,11.09,11.06,11.06,200,2021-09-13 18:51:00,ANGN
11.06,11.07,11.04,11.04,1016,2021-09-13 18:52:00,ANGN
11.045,11.045,11.045,11.045,104,2021-09-13 18:54:00,ANGN
11.045,11.045,11.01,11.01,300,2021-09-13 18:55:00,ANGN
11.03,11.07,11.02,11.03,500,2021-09-13 18:56:00,ANGN
11.01,11.01,11.01,11.01,100,2021-09-13 18:58:00,ANGN
10.97,10.97,10.97,10.97,100,2021-09-13 18:59:00,ANGN
10.99,10.99,10.92,10.96,400,2021-09-13 19:00:00,ANGN
10.96,10.96,10.94,10.94,200,2021-09-13 19:04:00,ANGN
10.99,11.015,10.97,10.99,600,2021-09-13 19:09:00,ANGN
11.035,11.035,11.025,11.025,200,2021-09-13 19:10:00,ANGN
11.01,11.01,10.92,10.92,600,2021-09-13 19:11:00,ANGN
10.92,10.93,10.92,10.92,300,2021-09-13 19:18:00,ANGN
10.935,10.935,10.88,10.88,300,2021-09-13 19:19:00,ANGN
10.87,10.91,10.87,10.9,500,2021-09-13 19:20:00,ANGN
10.89,10.89,10.89,10.89,100,2021-09-13 19:21:00,ANGN
10.9,10.9,10.9,10.9,100,2021-09-13 19:23:00,ANGN
10.88,10.88,10.77,10.82,503,2021-09-13 19:24:00,ANGN
10.83,10.85,10.83,10.85,200,2021-09-13 19:25:00,ANGN
10.85,10.89,10.84,10.89,900,2021-09-13 19:32:00,ANGN
10.94,10.94,10.94,10.94,200,2021-09-13 19:33:00,ANGN
10.98,10.98,10.94,10.94,200,2021-09-13 19:34:00,ANGN
11.03,11.03,10.98,10.98,200,2021-09-13 19:35:00,ANGN
10.99,11.005,10.99,11.005,300,2021-09-13 19:36:00,ANGN
10.975,10.975,10.975,10.975,100,2021-09-13 19:37:00,ANGN
10.99,10.99,10.95,10.95,300,2021-09-13 19:38:00,ANGN
10.94,10.94,10.89,10.89,400,2021-09-13 19:39:00,ANGN
10.95,10.95,10.95,10.95,100,2021-09-13 19:40:00,ANGN
10.95,10.95,10.95,10.95,200,2021-09-13 19:41:00,ANGN
10.95,10.95,10.9,10.91,700,2021-09-13 19:42:00,ANGN
10.91,10.91,10.91,10.91,131,2021-09-13 19:43:00,ANGN
10.95,10.95,10.9,10.9,300,2021-09-13 19:44:00,ANGN
10.93,10.93,10.9,10.905,400,2021-09-13 19:45:00,ANGN
10.92,10.95,10.92,10.92,400,2021-09-13 19:46:00,ANGN
10.95,10.95,10.95,10.95,200,2021-09-13 19:48:00,ANGN
11.005,11.005,10.92,10.92,900,2021-09-13 19:49:00,ANGN
10.95,10.97,10.95,10.97,300,2021-09-13 19:50:00,ANGN
10.99,10.99,10.9,10.94,1100,2021-09-13 19:51:00,ANGN
10.93,10.93,10.91,10.91,300,2021-09-13 19:52:00,ANGN
10.96,10.96,10.92,10.92,400,2021-09-13 19:53:00,ANGN
10.92,10.925,10.91,10.925,422,2021-09-13 19:54:00,ANGN
10.935,10.96,10.92,10.96,700,2021-09-13 19:55:00,ANGN
10.94,10.96,10.93,10.945,800,2021-09-13 19:56:00,ANGN
10.96,10.96,10.86,10.86,1300,2021-09-13 19:57:00,ANGN
10.87,10.89,10.86,10.89,729,2021-09-13 19:58:00,ANGN
10.93,10.93,10.86,10.88,2189,2021-09-13 19:59:00,ANGN
10.86,10.86,10.86,10.86,3597,2021-09-13 20:00:00,ANGN
11.0,11.1501,11.0,11.1501,4261,2021-09-14 13:30:00,ANGN
10.995,10.995,10.995,10.995,726,2021-09-14 13:34:00,ANGN
11.043,11.07,11.043,11.07,336,2021-09-14 13:38:00,ANGN
11.12,11.155,11.09,11.155,900,2021-09-14 13:39:00,ANGN
11.06,11.16,11.06,11.16,700,2021-09-14 13:40:00,ANGN
11.15,11.2,11.1427,11.1427,1100,2021-09-14 13:41:00,ANGN
11.11,11.11,11.11,11.11,100,2021-09-14 13:42:00,ANGN
11.1236,11.1236,11.1236,11.1236,700,2021-09-14 13:44:00,ANGN
11.16,11.18,11.14,11.14,1000,2021-09-14 13:45:00,ANGN
11.25,11.25,11.195,11.25,1500,2021-09-14 13:50:00,ANGN
11.25,11.25,11.2204,11.2204,925,2021-09-14 13:51:00,ANGN
11.25,11.25,11.23,11.23,1200,2021-09-14 13:53:00,ANGN
11.25,11.25,11.15,11.15,2240,2021-09-14 13:54:00,ANGN
11.12,11.12,11.0813,11.0813,1533,2021-09-14 13:55:00,ANGN
11.0905,11.0905,11.0905,11.0905,130,2021-09-14 13:56:00,ANGN
11.06,11.06,11.0,11.0,3382,2021-09-14 13:58:00,ANGN
10.9394,10.9394,10.92,10.92,240,2021-09-14 14:01:00,ANGN
10.92,10.92,10.9,10.9,420,2021-09-14 14:02:00,ANGN
10.88,10.8815,10.85,10.85,5098,2021-09-14 14:03:00,ANGN
10.767,10.84,10.767,10.83,840,2021-09-14 14:07:00,ANGN
10.83,10.85,10.83,10.84,300,2021-09-14 14:08:00,ANGN
10.84,10.84,10.84,10.84,100,2021-09-14 14:09:00,ANGN
10.92,10.92,10.86,10.86,11118,2021-09-14 14:10:00,ANGN
10.81,10.81,10.73,10.73,600,2021-09-14 14:17:00,ANGN
10.7711,10.7711,10.7711,10.7711,129,2021-09-14 14:20:00,ANGN
10.755,10.755,10.755,10.755,100,2021-09-14 14:24:00,ANGN
10.7322,10.7322,10.7322,10.7322,347,2021-09-14 14:25:00,ANGN
10.74,10.74,10.7,10.7,700,2021-09-14 14:26:00,ANGN
10.675,10.75,10.675,10.75,500,2021-09-14 14:31:00,ANGN
10.785,10.785,10.785,10.785,100,2021-09-14 14:32:00,ANGN
10.76,10.76,10.71,10.71,403,2021-09-14 14:34:00,ANGN
10.69,10.74,10.69,10.74,300,2021-09-14 14:36:00,ANGN
10.73,10.73,10.7,10.7,200,2021-09-14 14:45:00,ANGN
10.695,10.7,10.6401,10.7,630,2021-09-14 14:47:00,ANGN
10.74,10.74,10.74,10.74,100,2021-09-14 14:49:00,ANGN
10.695,10.695,10.695,10.695,100,2021-09-14 14:51:00,ANGN
10.73,10.73,10.69,10.69,200,2021-09-14 14:52:00,ANGN
10.695,10.695,10.695,10.695,100,2021-09-14 14:55:00,ANGN
10.69,10.69,10.69,10.69,100,2021-09-14 14:59:00,ANGN
10.74,10.74,10.715,10.715,300,2021-09-14 15:01:00,ANGN
10.715,10.715,10.715,10.715,100,2021-09-14 15:09:00,ANGN
10.65,10.705,10.65,10.67,400,2021-09-14 15:16:00,ANGN
10.64,10.65,10.63,10.63,1130,2021-09-14 15:17:00,ANGN
10.645,10.645,10.645,10.645,200,2021-09-14 15:25:00,ANGN
10.645,10.76,10.645,10.76,1000,2021-09-14 15:28:00,ANGN
10.71,10.71,10.71,10.71,200,2021-09-14 15:35:00,ANGN
10.7287,10.7287,10.7287,10.7287,300,2021-09-14 15:39:00,ANGN
10.75,10.76,10.68,10.695,1600,2021-09-14 15:41:00,ANGN
10.711,10.711,10.711,10.711,500,2021-09-14 15:44:00,ANGN
10.69,10.69,10.69,10.69,100,2021-09-14 15:46:00,ANGN
10.72,10.72,10.72,10.72,100,2021-09-14 15:47:00,ANGN
10.72,10.72,10.7,10.7,200,2021-09-14 15:48:00,ANGN
10.7,10.7,10.7,10.7,100,2021-09-14 15:49:00,ANGN
10.68,10.68,10.68,10.68,921,2021-09-14 15:51:00,ANGN
10.72,10.72,10.7,10.7,200,2021-09-14 15:52:00,ANGN
10.73,10.76,10.72,10.76,1485,2021-09-14 15:54:00,ANGN
10.77,10.77,10.77,10.77,100,2021-09-14 15:55:00,ANGN
10.73,10.73,10.73,10.73,436,2021-09-14 15:56:00,ANGN
10.73,10.77,10.73,10.77,600,2021-09-14 15:58:00,ANGN
10.755,10.755,10.755,10.755,100,2021-09-14 16:02:00,ANGN
10.81,10.81,10.76,10.76,200,2021-09-14 16:05:00,ANGN
10.8,10.81,10.795,10.795,300,2021-09-14 16:08:00,ANGN
10.8,10.85,10.75,10.75,800,2021-09-14 16:09:00,ANGN
10.79,10.79,10.79,10.79,100,2021-09-14 16:12:00,ANGN
10.79,10.79,10.79,10.79,100,2021-09-14 16:13:00,ANGN
10.79,10.79,10.79,10.79,300,2021-09-14 16:14:00,ANGN
10.83,10.83,10.83,10.83,100,2021-09-14 16:20:00,ANGN
10.855,10.855,10.8,10.8,600,2021-09-14 16:22:00,ANGN
10.77,10.77,10.77,10.77,100,2021-09-14 16:23:00,ANGN
10.77,10.77,10.75,10.75,285,2021-09-14 16:24:00,ANGN
10.77,10.77,10.77,10.77,100,2021-09-14 16:25:00,ANGN
10.7635,10.7635,10.7635,10.7635,119,2021-09-14 16:27:00,ANGN
10.74,10.75,10.74,10.74,985,2021-09-14 16:30:00,ANGN
10.65,10.65,10.65,10.65,224,2021-09-14 16:31:00,ANGN
10.62,10.65,10.59,10.64,2527,2021-09-14 16:33:00,ANGN
10.63,10.63,10.61,10.61,600,2021-09-14 16:37:00,ANGN
10.56,10.56,10.5,10.5,2412,2021-09-14 16:41:00,ANGN
10.5,10.54,10.5,10.52,500,2021-09-14 16:48:00,ANGN
10.52,10.53,10.52,10.53,300,2021-09-14 16:49:00,ANGN
10.53,10.53,10.53,10.53,200,2021-09-14 16:53:00,ANGN
10.52,10.52,10.52,10.52,200,2021-09-14 16:58:00,ANGN
10.52,10.52,10.52,10.52,100,2021-09-14 17:00:00,ANGN
10.505,10.505,10.505,10.505,100,2021-09-14 17:04:00,ANGN
10.505,10.505,10.47,10.475,1000,2021-09-14 17:07:00,ANGN
10.47,10.47,10.47,10.47,100,2021-09-14 17:08:00,ANGN
10.425,10.425,10.425,10.425,100,2021-09-14 17:13:00,ANGN
10.39,10.39,10.39,10.39,100,2021-09-14 17:18:00,ANGN
10.425,10.425,10.425,10.425,100,2021-09-14 17:20:00,ANGN
10.411,10.411,10.411,10.411,250,2021-09-14 17:25:00,ANGN
10.45,10.46,10.45,10.46,900,2021-09-14 17:26:00,ANGN
10.5,10.57,10.5,10.57,999,2021-09-14 17:27:00,ANGN
10.57,10.6,10.56,10.6,701,2021-09-14 17:32:00,ANGN
10.56,10.56,10.53,10.53,200,2021-09-14 17:35:00,ANGN
10.54,10.5792,10.52,10.5792,1674,2021-09-14 17:37:00,ANGN
10.53,10.53,10.53,10.53,200,2021-09-14 17:42:00,ANGN
10.495,10.57,10.495,10.54,500,2021-09-14 17:44:00,ANGN
10.55,10.55,10.55,10.55,200,2021-09-14 17:45:00,ANGN
10.55,10.55,10.55,10.55,100,2021-09-14 17:47:00,ANGN
10.535,10.535,10.535,10.535,100,2021-09-14 17:52:00,ANGN
10.515,10.515,10.48,10.48,400,2021-09-14 17:54:00,ANGN
10.48,10.57,10.48,10.53,700,2021-09-14 17:59:00,ANGN
10.53,10.53,10.5,10.5,200,2021-09-14 18:02:00,ANGN
10.51,10.51,10.51,10.51,100,2021-09-14 18:05:00,ANGN
10.5,10.56,10.5,10.56,1400,2021-09-14 18:06:00,ANGN
10.565,10.565,10.565,10.565,100,2021-09-14 18:08:00,ANGN
10.545,10.545,10.545,10.545,100,2021-09-14 18:10:00,ANGN
10.58,10.58,10.54,10.54,300,2021-09-14 18:13:00,ANGN
10.56,10.56,10.56,10.56,100,2021-09-14 18:19:00,ANGN
10.57,10.57,10.56,10.56,400,2021-09-14 18:21:00,ANGN
10.6,10.6,10.6,10.6,140,2021-09-14 18:22:00,ANGN
10.61,10.61,10.61,10.61,100,2021-09-14 18:23:00,ANGN
10.725,10.725,10.725,10.725,100,2021-09-14 18:26:00,ANGN
10.76,10.76,10.76,10.76,100,2021-09-14 18:27:00,ANGN
10.76,10.76,10.76,10.76,100,2021-09-14 18:30:00,ANGN
10.76,10.76,10.76,10.76,300,2021-09-14 18:34:00,ANGN
10.755,10.755,10.565,10.565,1535,2021-09-14 18:35:00,ANGN
10.62,10.62,10.61,10.61,400,2021-09-14 18:36:00,ANGN
10.61,10.61,10.61,10.61,200,2021-09-14 18:39:00,ANGN
10.61,10.61,10.61,10.61,200,2021-09-14 18:43:00,ANGN
10.64,10.64,10.64,10.64,100,2021-09-14 18:50:00,ANGN
10.605,10.63,10.605,10.63,300,2021-09-14 18:51:00,ANGN
10.66,10.66,10.62,10.62,255,2021-09-14 18:55:00,ANGN
10.62,10.66,10.62,10.66,600,2021-09-14 18:58:00,ANGN
10.57,10.57,10.49,10.505,800,2021-09-14 19:04:00,ANGN
10.47,10.47,10.47,10.47,200,2021-09-14 19:06:00,ANGN
10.55,10.55,10.52,10.52,700,2021-09-14 19:08:00,ANGN
10.58,10.59,10.58,10.59,200,2021-09-14 19:09:00,ANGN
10.585,10.585,10.585,10.585,100,2021-09-14 19:10:00,ANGN
10.595,10.595,10.595,10.595,100,2021-09-14 19:11:00,ANGN
10.57,10.57,10.57,10.57,100,2021-09-14 19:13:00,ANGN
10.595,10.595,10.595,10.595,100,2021-09-14 19:16:00,ANGN
10.6,10.6,10.6,10.6,100,2021-09-14 19:18:00,ANGN
10.635,10.635,10.58,10.58,962,2021-09-14 19:20:00,ANGN
10.5465,10.56,10.5465,10.5483,460,2021-09-14 19:21:00,ANGN
10.5483,10.5483,10.47,10.47,1400,2021-09-14 19:22:00,ANGN
10.54,10.54,10.52,10.52,200,2021-09-14 19:25:00,ANGN
10.54,10.54,10.51,10.52,300,2021-09-14 19:27:00,ANGN
10.52,10.56,10.52,10.56,200,2021-09-14 19:28:00,ANGN
10.55,10.55,10.55,10.55,100,2021-09-14 19:29:00,ANGN
10.58,10.58,10.58,10.58,100,2021-09-14 19:30:00,ANGN
10.58,10.5996,10.57,10.58,793,2021-09-14 19:31:00,ANGN
10.575,10.59,10.575,10.59,300,2021-09-14 19:33:00,ANGN
10.57,10.59,10.57,10.59,200,2021-09-14 19:34:00,ANGN
10.61,10.61,10.61,10.61,100,2021-09-14 19:35:00,ANGN
10.615,10.615,10.6,10.6099,1034,2021-09-14 19:37:00,ANGN
10.63,10.63,10.63,10.63,100,2021-09-14 19:38:00,ANGN
10.655,10.69,10.655,10.69,200,2021-09-14 19:40:00,ANGN
10.68,10.68,10.68,10.68,300,2021-09-14 19:41:00,ANGN
10.62,10.68,10.62,10.67,400,2021-09-14 19:42:00,ANGN
10.68,10.73,10.68,10.7188,610,2021-09-14 19:44:00,ANGN
10.68,10.72,10.68,10.72,448,2021-09-14 19:45:00,ANGN
10.692,10.692,10.67,10.67,1405,2021-09-14 19:46:00,ANGN
10.61,10.66,10.61,10.66,1200,2021-09-14 19:47:00,ANGN
10.64,10.64,10.64,10.64,100,2021-09-14 19:48:00,ANGN
10.67,10.67,10.65,10.65,200,2021-09-14 19:49:00,ANGN
10.67,10.67,10.63,10.63,430,2021-09-14 19:50:00,ANGN
10.64,10.64,10.64,10.64,100,2021-09-14 19:51:00,ANGN
10.67,10.7,10.64,10.64,719,2021-09-14 19:52:00,ANGN
10.66,10.66,10.63,10.63,200,2021-09-14 19:53:00,ANGN
10.66,10.66,10.66,10.66,100,2021-09-14 19:54:00,ANGN
10.67,10.69,10.67,10.69,900,2021-09-14 19:55:00,ANGN
10.68,10.71,10.67,10.71,562,2021-09-14 19:56:00,ANGN
10.71,10.71,10.67,10.67,800,2021-09-14 19:57:00,ANGN
10.68,10.68,10.67,10.67,300,2021-09-14 19:58:00,ANGN
10.65,10.68,10.6,10.6,1890,2021-09-14 19:59:00,ANGN
10.67,10.67,10.67,10.67,5037,2021-09-14 20:00:00,ANGN
10.84,10.84,10.84,10.84,100,2021-09-15 13:00:00,ANGN
10.67,10.67,10.67,10.67,822,2021-09-15 13:30:00,ANGN
10.5,10.5,10.27,10.27,325,2021-09-15 13:33:00,ANGN
10.49,10.49,10.49,10.49,100,2021-09-15 13:39:00,ANGN
10.49,10.49,10.49,10.49,165,2021-09-15 13:42:00,ANGN
10.52,10.52,10.52,10.52,200,2021-09-15 13:43:00,ANGN
10.4009,10.4009,10.4009,10.4009,100,2021-09-15 13:44:00,ANGN
10.58,10.58,10.58,10.58,100,2021-09-15 13:46:00,ANGN
10.465,10.465,10.465,10.465,100,2021-09-15 13:47:00,ANGN
10.55,10.55,10.55,10.55,100,2021-09-15 13:48:00,ANGN
10.66,10.66,10.66,10.66,100,2021-09-15 13:49:00,ANGN
10.65,10.65,10.65,10.65,200,2021-09-15 13:50:00,ANGN
10.65,10.69,10.65,10.65,400,2021-09-15 13:51:00,ANGN
10.71,10.71,10.71,10.71,100,2021-09-15 13:52:00,ANGN
10.71,10.71,10.71,10.71,100,2021-09-15 13:54:00,ANGN
10.64,10.64,10.63,10.635,500,2021-09-15 13:55:00,ANGN
10.73,10.73,10.69,10.7,300,2021-09-15 13:56:00,ANGN
10.74,10.74,10.74,10.74,100,2021-09-15 13:57:00,ANGN
10.74,10.75,10.74,10.75,200,2021-09-15 13:58:00,ANGN
10.75,10.75,10.75,10.75,328,2021-09-15 13:59:00,ANGN
10.75,10.75,10.72,10.75,600,2021-09-15 14:01:00,ANGN
10.75,10.75,10.75,10.75,200,2021-09-15 14:03:00,ANGN
10.75,10.75,10.75,10.75,200,2021-09-15 14:04:00,ANGN
10.75,10.75,10.75,10.75,200,2021-09-15 14:05:00,ANGN
10.75,10.75,10.75,10.75,100,2021-09-15 14:07:00,ANGN
10.75,10.75,10.73,10.73,300,2021-09-15 14:09:00,ANGN
10.69,10.69,10.69,10.69,100,2021-09-15 14:12:00,ANGN
10.72,10.72,10.72,10.72,100,2021-09-15 14:14:00,ANGN
10.72,10.72,10.72,10.72,100,2021-09-15 14:15:00,ANGN
10.64,10.64,10.64,10.64,100,2021-09-15 14:17:00,ANGN
10.7,10.7,10.7,10.7,100,2021-09-15 14:18:00,ANGN
10.75,10.75,10.74,10.75,500,2021-09-15 14:21:00,ANGN
10.75,10.78,10.75,10.78,600,2021-09-15 14:23:00,ANGN
10.78,10.83,10.78,10.83,200,2021-09-15 14:24:00,ANGN
10.71,10.71,10.71,10.71,100,2021-09-15 14:26:00,ANGN
10.755,10.79,10.755,10.79,200,2021-09-15 14:27:00,ANGN
10.755,10.79,10.755,10.76,300,2021-09-15 14:28:00,ANGN
10.78,10.78,10.78,10.78,100,2021-09-15 14:31:00,ANGN
10.72,10.78,10.72,10.78,200,2021-09-15 14:32:00,ANGN
10.8,10.8,10.76,10.76,200,2021-09-15 14:35:00,ANGN
10.88,10.88,10.87,10.87,200,2021-09-15 14:36:00,ANGN
10.9,10.97,10.79,10.97,648,2021-09-15 14:38:00,ANGN
10.855,10.855,10.855,10.855,100,2021-09-15 14:39:00,ANGN
10.855,10.855,10.855,10.855,100,2021-09-15 14:40:00,ANGN
10.96,10.96,10.96,10.96,100,2021-09-15 14:41:00,ANGN
10.855,10.855,10.855,10.855,100,2021-09-15 14:43:00,ANGN
10.84,10.84,10.84,10.84,100,2021-09-15 14:44:00,ANGN
10.84,10.93,10.84,10.93,200,2021-09-15 14:45:00,ANGN
10.84,10.84,10.84,10.84,200,2021-09-15 14:47:00,ANGN
10.84,10.93,10.84,10.93,200,2021-09-15 14:50:00,ANGN
10.845,10.93,10.845,10.93,200,2021-09-15 14:52:00,ANGN
10.93,10.93,10.75,10.77,500,2021-09-15 14:54:00,ANGN
10.7,10.74,10.7,10.715,600,2021-09-15 14:55:00,ANGN
10.68,10.68,10.6,10.6,888,2021-09-15 14:59:00,ANGN
10.74,10.74,10.66,10.66,200,2021-09-15 15:07:00,ANGN
10.695,10.695,10.695,10.695,100,2021-09-15 15:10:00,ANGN
10.79,10.79,10.79,10.79,100,2021-09-15 15:11:00,ANGN
10.73,10.85,10.73,10.85,600,2021-09-15 15:18:00,ANGN
10.73,10.73,10.73,10.73,100,2021-09-15 15:19:00,ANGN
10.85,10.85,10.85,10.85,100,2021-09-15 15:20:00,ANGN
10.81,10.8728,10.81,10.8728,300,2021-09-15 15:21:00,ANGN
10.9,10.9,10.9,10.9,100,2021-09-15 15:23:00,ANGN
10.89,10.89,10.89,10.89,100,2021-09-15 15:25:00,ANGN
10.86,10.86,10.77,10.77,600,2021-09-15 15:26:00,ANGN
10.76,10.76,10.73,10.74,400,2021-09-15 15:27:00,ANGN
10.77,10.77,10.77,10.77,100,2021-09-15 15:28:00,ANGN
10.78,10.78,10.78,10.78,100,2021-09-15 15:31:00,ANGN
10.78,10.78,10.78,10.78,100,2021-09-15 15:36:00,ANGN
10.8,10.8,10.8,10.8,100,2021-09-15 15:37:00,ANGN
10.785,10.79,10.785,10.79,200,2021-09-15 15:38:00,ANGN
10.775,10.775,10.775,10.775,100,2021-09-15 15:39:00,ANGN
10.79,10.85,10.79,10.85,200,2021-09-15 15:41:00,ANGN
10.85,10.85,10.85,10.85,100,2021-09-15 15:43:00,ANGN
10.85,10.85,10.78,10.785,300,2021-09-15 15:44:00,ANGN
10.775,10.775,10.775,10.775,100,2021-09-15 15:45:00,ANGN
10.775,10.83,10.775,10.83,200,2021-09-15 15:48:00,ANGN
10.73,10.73,10.73,10.73,100,2021-09-15 15:49:00,ANGN
10.79,10.79,10.71,10.72,400,2021-09-15 15:50:00,ANGN
10.7,10.7,10.7,10.7,300,2021-09-15 15:52:00,ANGN
10.73,10.73,10.73,10.73,200,2021-09-15 15:55:00,ANGN
10.79,10.79,10.79,10.79,100,2021-09-15 15:58:00,ANGN
10.8,10.8,10.77,10.77,400,2021-09-15 15:59:00,ANGN
10.85,10.85,10.85,10.85,100,2021-09-15 16:01:00,ANGN
10.86,10.86,10.79,10.79,200,2021-09-15 16:02:00,ANGN
10.86,10.86,10.86,10.86,100,2021-09-15 16:03:00,ANGN
10.87,10.87,10.87,10.87,100,2021-09-15 16:05:00,ANGN
10.86,10.86,10.8,10.86,300,2021-09-15 16:06:00,ANGN
10.87,10.87,10.73,10.795,700,2021-09-15 16:08:00,ANGN
10.85,10.86,10.85,10.86,200,2021-09-15 16:10:00,ANGN
10.86,10.86,10.83,10.86,300,2021-09-15 16:11:00,ANGN
10.86,10.86,10.86,10.86,100,2021-09-15 16:13:00,ANGN
10.8,10.8,10.8,10.8,100,2021-09-15 16:15:00,ANGN
10.85,10.85,10.8,10.8,680,2021-09-15 16:18:00,ANGN
10.8,10.8,10.8,10.8,100,2021-09-15 16:20:00,ANGN
10.765,10.765,10.765,10.765,100,2021-09-15 16:21:00,ANGN
10.73,10.74,10.65,10.65,900,2021-09-15 16:23:00,ANGN
10.69,10.69,10.635,10.635,200,2021-09-15 16:29:00,ANGN
10.635,10.635,10.635,10.635,100,2021-09-15 16:31:00,ANGN
10.63,10.68,10.63,10.68,300,2021-09-15 16:32:00,ANGN
10.68,10.68,10.62,10.62,300,2021-09-15 16:35:00,ANGN
10.68,10.68,10.635,10.635,200,2021-09-15 16:38:00,ANGN
10.7,10.7,10.695,10.695,200,2021-09-15 16:42:00,ANGN
10.71,10.71,10.6401,10.71,1200,2021-09-15 16:46:00,ANGN
10.76,10.76,10.65,10.71,400,2021-09-15 16:47:00,ANGN
10.7,10.7,10.65,10.65,200,2021-09-15 16:48:00,ANGN
10.74,10.74,10.74,10.74,100,2021-09-15 16:50:00,ANGN
10.73,10.73,10.73,10.73,100,2021-09-15 16:52:00,ANGN
10.73,10.73,10.73,10.73,100,2021-09-15 16:55:00,ANGN
10.74,10.74,10.69,10.69,200,2021-09-15 16:56:00,ANGN
10.69,10.69,10.69,10.69,100,2021-09-15 16:57:00,ANGN
10.73,10.73,10.73,10.73,100,2021-09-15 16:58:00,ANGN
10.69,10.69,10.69,10.69,100,2021-09-15 16:59:00,ANGN
10.69,10.69,10.69,10.69,100,2021-09-15 17:00:00,ANGN
10.7,10.7,10.7,10.7,100,2021-09-15 17:03:00,ANGN
10.7,10.7,10.7,10.7,100,2021-09-15 17:04:00,ANGN
10.63,10.63,10.63,10.63,100,2021-09-15 17:05:00,ANGN
10.64,10.64,10.64,10.64,100,2021-09-15 17:07:00,ANGN
10.66,10.66,10.66,10.66,100,2021-09-15 17:11:00,ANGN
10.66,10.66,10.65,10.66,300,2021-09-15 17:12:00,ANGN
10.66,10.66,10.66,10.66,100,2021-09-15 17:16:00,ANGN
10.66,10.66,10.66,10.66,200,2021-09-15 17:18:00,ANGN
10.68,10.68,10.65,10.65,200,2021-09-15 17:19:00,ANGN
10.68,10.68,10.68,10.68,100,2021-09-15 17:20:00,ANGN
10.68,10.68,10.68,10.68,100,2021-09-15 17:22:00,ANGN
10.61,10.61,10.61,10.61,100,2021-09-15 17:23:00,ANGN
10.68,10.68,10.68,10.68,100,2021-09-15 17:26:00,ANGN
10.64,10.64,10.64,10.64,100,2021-09-15 17:27:00,ANGN
10.67,10.67,10.67,10.67,100,2021-09-15 17:28:00,ANGN
10.635,10.67,10.635,10.67,200,2021-09-15 17:29:00,ANGN
10.67,10.67,10.67,10.67,100,2021-09-15 17:31:00,ANGN
10.68,10.68,10.64,10.64,200,2021-09-15 17:33:00,ANGN
10.64,10.64,10.64,10.64,100,2021-09-15 17:36:00,ANGN
10.64,10.64,10.64,10.64,200,2021-09-15 17:43:00,ANGN
10.67,10.695,10.67,10.695,600,2021-09-15 17:44:00,ANGN
10.76,10.76,10.76,10.76,100,2021-09-15 17:47:00,ANGN
10.74,10.74,10.74,10.74,100,2021-09-15 17:48:00,ANGN
10.78,10.78,10.72,10.76,400,2021-09-15 17:49:00,ANGN
10.73,10.73,10.73,10.73,200,2021-09-15 17:53:00,ANGN
10.73,10.73,10.67,10.685,900,2021-09-15 17:55:00,ANGN
10.64,10.6602,10.58,10.58,3430,2021-09-15 17:56:00,ANGN
10.615,10.615,10.61,10.61,200,2021-09-15 17:58:00,ANGN
10.5819,10.595,10.5819,10.595,437,2021-09-15 18:06:00,ANGN
10.6,10.6,10.6,10.6,100,2021-09-15 18:08:00,ANGN
10.6,10.6,10.6,10.6,100,2021-09-15 18:12:00,ANGN
10.6,10.6,10.6,10.6,100,2021-09-15 18:13:00,ANGN
10.65,10.65,10.65,10.65,100,2021-09-15 18:15:00,ANGN
10.55,10.55,10.53,10.53,400,2021-09-15 18:16:00,ANGN
10.55,10.56,10.55,10.56,300,2021-09-15 18:17:00,ANGN
10.495,10.495,10.495,10.495,200,2021-09-15 18:18:00,ANGN
10.5,10.5,10.5,10.5,100,2021-09-15 18:22:00,ANGN
10.55,10.55,10.55,10.55,100,2021-09-15 18:26:00,ANGN
10.55,10.55,10.55,10.55,100,2021-09-15 18:27:00,ANGN
10.56,10.595,10.56,10.57,800,2021-09-15 18:28:00,ANGN
10.615,10.615,10.615,10.615,200,2021-09-15 18:32:00,ANGN
10.615,10.615,10.615,10.615,500,2021-09-15 18:33:00,ANGN
10.64,10.64,10.64,10.64,200,2021-09-15 18:34:00,ANGN
10.64,10.64,10.6,10.64,300,2021-09-15 18:35:00,ANGN
10.63,10.63,10.63,10.63,100,2021-09-15 18:37:00,ANGN
10.64,10.64,10.63,10.63,200,2021-09-15 18:39:00,ANGN
10.59,10.59,10.565,10.565,400,2021-09-15 18:45:00,ANGN
10.55,10.555,10.55,10.555,300,2021-09-15 18:47:00,ANGN
10.61,10.61,10.61,10.61,100,2021-09-15 18:50:00,ANGN
10.555,10.6,10.555,10.6,1645,2021-09-15 18:56:00,ANGN
10.555,10.555,10.555,10.555,100,2021-09-15 18:57:00,ANGN
10.56,10.56,10.555,10.555,200,2021-09-15 18:59:00,ANGN
10.6,10.61,10.6,10.61,400,2021-09-15 19:01:00,ANGN
10.6,10.6,10.6,10.6,200,2021-09-15 19:02:00,ANGN
10.57,10.57,10.57,10.57,100,2021-09-15 19:04:00,ANGN
10.59,10.63,10.59,10.63,200,2021-09-15 19:08:00,ANGN
10.575,10.575,10.575,10.575,200,2021-09-15 19:09:00,ANGN
10.62,10.62,10.62,10.62,100,2021-09-15 19:10:00,ANGN
10.58,10.58,10.58,10.58,100,2021-09-15 19:11:00,ANGN
10.54,10.5503,10.54,10.5503,1700,2021-09-15 19:12:00,ANGN
10.62,10.62,10.62,10.62,100,2021-09-15 19:14:00,ANGN
10.645,10.645,10.645,10.645,708,2021-09-15 19:17:00,ANGN
10.645,10.645,10.645,10.645,200,2021-09-15 19:18:00,ANGN
10.7,10.7,10.65,10.65,200,2021-09-15 19:20:00,ANGN
10.7,10.7,10.64,10.65,3351,2021-09-15 19:21:00,ANGN
10.655,10.655,10.655,10.655,300,2021-09-15 19:22:00,ANGN
10.655,10.655,10.655,10.655,100,2021-09-15 19:23:00,ANGN
10.655,10.655,10.655,10.655,400,2021-09-15 19:25:00,ANGN
10.66,10.66,10.66,10.66,100,2021-09-15 19:26:00,ANGN
10.66,10.66,10.66,10.66,100,2021-09-15 19:27:00,ANGN
10.655,10.7,10.655,10.69,300,2021-09-15 19:28:00,ANGN
10.58,10.58,10.58,10.58,100,2021-09-15 19:29:00,ANGN
10.58,10.58,10.58,10.58,100,2021-09-15 19:30:00,ANGN
10.64,10.64,10.64,10.64,100,2021-09-15 19:31:00,ANGN
10.61,10.61,10.57,10.57,200,2021-09-15 19:32:00,ANGN
10.6,10.6,10.6,10.6,100,2021-09-15 19:33:00,ANGN
10.57,10.61,10.57,10.61,200,2021-09-15 19:34:00,ANGN
10.61,10.61,10.575,10.61,300,2021-09-15 19:35:00,ANGN
10.565,10.565,10.52,10.53,600,2021-09-15 19:38:00,ANGN
10.545,10.55,10.52,10.52,400,2021-09-15 19:39:00,ANGN
10.58,10.58,10.58,10.58,100,2021-09-15 19:40:00,ANGN
10.53,10.53,10.52,10.52,700,2021-09-15 19:41:00,ANGN
10.55,10.55,10.4911,10.4911,1100,2021-09-15 19:42:00,ANGN
10.545,10.59,10.545,10.59,200,2021-09-15 19:43:00,ANGN
10.545,10.59,10.545,10.59,200,2021-09-15 19:44:00,ANGN
10.61,10.61,10.61,10.61,100,2021-09-15 19:45:00,ANGN
10.65,10.66,10.605,10.65,614,2021-09-15 19:46:00,ANGN
10.63,10.63,10.545,10.545,700,2021-09-15 19:47:00,ANGN
10.515,10.515,10.5,10.5,300,2021-09-15 19:48:00,ANGN
10.5,10.5,10.5,10.5,100,2021-09-15 19:49:00,ANGN
10.52,10.61,10.5,10.57,1200,2021-09-15 19:50:00,ANGN
10.57,10.59,10.49,10.51,1512,2021-09-15 19:51:00,ANGN
10.5,10.51,10.47,10.5,1115,2021-09-15 19:52:00,ANGN
10.49,10.52,10.47,10.52,400,2021-09-15 19:53:00,ANGN
10.54,10.6,10.505,10.555,6641,2021-09-15 19:54:00,ANGN
10.57,10.65,10.57,10.595,2254,2021-09-15 19:55:00,ANGN
10.61,10.63,10.56,10.58,3723,2021-09-15 19:56:00,ANGN
10.59,10.69,10.56,10.63,7938,2021-09-15 19:57:00,ANGN
10.615,10.65,10.615,10.65,1609,2021-09-15 19:58:00,ANGN
10.635,10.69,10.6,10.65,9332,2021-09-15 19:59:00,ANGN
10.69,10.69,10.69,10.69,116087,2021-09-15 20:00:00,ANGN
10.69,10.69,10.69,10.69,213,2021-09-15 20:01:00,ANGN
11.04,11.04,11.04,11.04,100,2021-09-15 21:41:00,ANGN
10.92,10.92,10.92,10.92,100,2021-09-16 11:43:00,ANGN
10.75,10.8,10.75,10.8,2786,2021-09-16 13:30:00,ANGN
10.71,10.71,10.71,10.71,266,2021-09-16 13:35:00,ANGN
10.77,10.77,10.77,10.77,100,2021-09-16 13:46:00,ANGN
10.71,10.71,10.64,10.71,500,2021-09-16 13:47:00,ANGN
10.71,10.71,10.71,10.71,100,2021-09-16 13:51:00,ANGN
10.63,10.665,10.57,10.57,879,2021-09-16 13:52:00,ANGN
10.46,10.46,10.46,10.46,100,2021-09-16 13:53:00,ANGN
10.585,10.59,10.57,10.59,700,2021-09-16 13:58:00,ANGN
10.7,10.7,10.7,10.7,100,2021-09-16 14:05:00,ANGN
10.71,10.71,10.67,10.67,800,2021-09-16 14:06:00,ANGN
10.67,10.67,10.67,10.67,400,2021-09-16 14:07:00,ANGN
10.63,10.63,10.61,10.61,728,2021-09-16 14:12:00,ANGN
10.57,10.57,10.57,10.57,100,2021-09-16 14:16:00,ANGN
10.4989,10.53,10.4989,10.53,324,2021-09-16 14:22:00,ANGN
10.535,10.535,10.49,10.49,535,2021-09-16 14:23:00,ANGN
10.485,10.485,10.485,10.485,100,2021-09-16 14:30:00,ANGN
10.51,10.51,10.51,10.51,100,2021-09-16 14:32:00,ANGN
10.6,10.6,10.6,10.6,400,2021-09-16 14:39:00,ANGN
10.59,10.59,10.56,10.56,967,2021-09-16 14:40:00,ANGN
10.5,10.57,10.5,10.55,400,2021-09-16 14:42:00,ANGN
10.58,10.7,10.58,10.7,1400,2021-09-16 14:43:00,ANGN
10.71,10.71,10.71,10.71,200,2021-09-16 14:52:00,ANGN
10.63,10.65,10.63,10.65,200,2021-09-16 15:12:00,ANGN
10.6301,10.6301,10.6301,10.6301,109,2021-09-16 15:13:00,ANGN
10.63,10.635,10.62,10.62,862,2021-09-16 15:21:00,ANGN
10.65,10.65,10.65,10.65,500,2021-09-16 15:28:00,ANGN
10.68,10.71,10.68,10.69,1793,2021-09-16 15:41:00,ANGN
10.7,10.78,10.67,10.78,956,2021-09-16 15:42:00,ANGN
10.78,10.78,10.78,10.78,100,2021-09-16 15:45:00,ANGN
10.81,10.81,10.81,10.81,100,2021-09-16 15:47:00,ANGN
10.81,10.81,10.81,10.81,500,2021-09-16 15:48:00,ANGN
10.81,10.81,10.81,10.81,100,2021-09-16 15:52:00,ANGN
10.812,10.812,10.812,10.812,2500,2021-09-16 15:57:00,ANGN
10.81,10.81,10.76,10.76,1362,2021-09-16 15:58:00,ANGN
10.75,10.76,10.75,10.76,600,2021-09-16 15:59:00,ANGN
10.78,10.78,10.78,10.78,300,2021-09-16 16:02:00,ANGN
10.81,10.81,10.81,10.81,200,2021-09-16 16:03:00,ANGN
10.83,10.83,10.83,10.83,200,2021-09-16 16:04:00,ANGN
10.86,11.0,10.86,10.96,1600,2021-09-16 16:11:00,ANGN
10.965,10.965,10.965,10.965,100,2021-09-16 16:12:00,ANGN
10.97,10.97,10.97,10.97,100,2021-09-16 16:14:00,ANGN
11.0,11.11,10.995,11.11,3034,2021-09-16 16:20:00,ANGN
11.11,11.11,11.11,11.11,200,2021-09-16 16:21:00,ANGN
11.11,11.19,11.11,11.19,1078,2021-09-16 16:22:00,ANGN
11.22,11.22,11.17,11.17,219,2021-09-16 16:25:00,ANGN
11.17,11.17,11.17,11.17,200,2021-09-16 16:28:00,ANGN
11.165,11.165,11.165,11.165,100,2021-09-16 16:29:00,ANGN
11.165,11.165,11.12,11.12,500,2021-09-16 16:30:00,ANGN
11.155,11.155,11.155,11.155,100,2021-09-16 16:32:00,ANGN
11.15,11.15,11.07,11.07,2487,2021-09-16 16:34:00,ANGN
11.03,11.03,11.03,11.03,490,2021-09-16 16:35:00,ANGN
10.97,10.97,10.97,10.97,100,2021-09-16 16:37:00,ANGN
11.01,11.01,11.01,11.01,100,2021-09-16 16:40:00,ANGN
10.9681,10.9681,10.9681,10.9681,176,2021-09-16 16:42:00,ANGN
10.97,10.97,10.97,10.97,100,2021-09-16 16:43:00,ANGN
10.96,11.01,10.96,11.01,200,2021-09-16 16:44:00,ANGN
11.01,11.01,11.01,11.01,100,2021-09-16 16:45:00,ANGN
11.01,11.01,11.01,11.01,100,2021-09-16 16:46:00,ANGN
11.06,11.16,11.03,11.13,3000,2021-09-16 16:50:00,ANGN
11.06,11.06,11.06,11.06,200,2021-09-16 16:51:00,ANGN
11.065,11.065,11.01,11.01,660,2021-09-16 16:55:00,ANGN
11.03,11.03,11.0049,11.0049,250,2021-09-16 16:56:00,ANGN
11.04,11.04,11.04,11.04,600,2021-09-16 17:02:00,ANGN
11.1,11.1,11.1,11.1,200,2021-09-16 17:03:00,ANGN
11.14,11.15,11.05,11.15,2424,2021-09-16 17:04:00,ANGN
11.1,11.1,11.1,11.1,426,2021-09-16 17:08:00,ANGN
11.1,11.1,11.1,11.1,100,2021-09-16 17:09:00,ANGN
11.06,11.06,11.05,11.05,200,2021-09-16 17:10:00,ANGN
11.1,11.1,11.1,11.1,310,2021-09-16 17:12:00,ANGN
11.1,11.1,11.1,11.1,303,2021-09-16 17:16:00,ANGN
11.1,11.1,11.1,11.1,100,2021-09-16 17:17:00,ANGN
11.05,11.115,11.01,11.1,3745,2021-09-16 17:18:00,ANGN
11.02,11.02,11.02,11.02,100,2021-09-16 17:20:00,ANGN
11.045,11.045,11.04,11.04,200,2021-09-16 17:24:00,ANGN
11.04,11.04,11.04,11.04,100,2021-09-16 17:27:00,ANGN
11.07,11.08,11.04,11.04,1155,2021-09-16 17:30:00,ANGN
11.1,11.1,11.1,11.1,100,2021-09-16 17:33:00,ANGN
11.1,11.2,11.08,11.195,9100,2021-09-16 17:34:00,ANGN
11.09,11.09,11.09,11.09,100,2021-09-16 17:35:00,ANGN
11.11,11.11,11.11,11.11,200,2021-09-16 17:36:00,ANGN
11.11,11.11,11.11,11.11,624,2021-09-16 17:39:00,ANGN
11.12,11.12,11.12,11.12,298,2021-09-16 17:45:00,ANGN
11.06,11.085,11.06,11.085,446,2021-09-16 17:47:00,ANGN
11.001,11.001,11.001,11.001,100,2021-09-16 17:48:00,ANGN
11.0,11.0,11.0,11.0,100,2021-09-16 17:51:00,ANGN
11.045,11.045,11.045,11.045,189,2021-09-16 17:53:00,ANGN
11.07,11.07,11.045,11.045,402,2021-09-16 17:59:00,ANGN
11.04,11.04,11.01,11.04,300,2021-09-16 18:04:00,ANGN
11.045,11.045,11.045,11.045,200,2021-09-16 18:09:00,ANGN
11.045,11.045,11.01,11.045,464,2021-09-16 18:10:00,ANGN
10.99,11.03,10.99,11.03,300,2021-09-16 18:13:00,ANGN
10.97,10.97,10.89,10.89,2200,2021-09-16 18:14:00,ANGN
10.96,11.02,10.92,10.92,4371,2021-09-16 18:15:00,ANGN
10.86,10.86,10.86,10.86,100,2021-09-16 18:17:00,ANGN
10.87,10.93,10.87,10.93,820,2021-09-16 18:23:00,ANGN
10.9,10.9,10.88,10.88,340,2021-09-16 18:28:00,ANGN
10.87,10.87,10.87,10.87,200,2021-09-16 18:30:00,ANGN
10.9,10.915,10.9,10.915,300,2021-09-16 18:32:00,ANGN
10.93,10.93,10.9,10.9,1477,2021-09-16 18:33:00,ANGN
10.91,10.91,10.9,10.9,200,2021-09-16 18:35:00,ANGN
10.88,10.88,10.88,10.88,100,2021-09-16 18:36:00,ANGN
10.92,10.92,10.92,10.92,178,2021-09-16 18:37:00,ANGN
10.905,10.905,10.905,10.905,100,2021-09-16 18:41:00,ANGN
10.93,10.93,10.93,10.93,100,2021-09-16 18:42:00,ANGN
10.93,10.93,10.91,10.91,300,2021-09-16 18:44:00,ANGN
10.93,10.93,10.93,10.93,100,2021-09-16 18:45:00,ANGN
10.93,10.93,10.91,10.91,413,2021-09-16 18:46:00,ANGN
10.88,10.88,10.88,10.88,500,2021-09-16 18:47:00,ANGN
10.875,10.875,10.875,10.875,100,2021-09-16 18:49:00,ANGN
10.9,10.9,10.89,10.89,400,2021-09-16 18:51:00,ANGN
10.91,10.91,10.88,10.88,514,2021-09-16 18:53:00,ANGN
10.9,10.9,10.9,10.9,349,2021-09-16 18:58:00,ANGN
10.89,10.92,10.89,10.91,715,2021-09-16 19:00:00,ANGN
10.915,10.92,10.915,10.92,200,2021-09-16 19:01:00,ANGN
10.93,10.93,10.93,10.93,160,2021-09-16 19:02:00,ANGN
10.93,10.93,10.93,10.93,344,2021-09-16 19:04:00,ANGN
10.925,10.93,10.91,10.91,2311,2021-09-16 19:05:00,ANGN
10.88,10.93,10.88,10.91,929,2021-09-16 19:08:00,ANGN
10.9,10.9,10.9,10.9,100,2021-09-16 19:09:00,ANGN
10.905,10.92,10.905,10.92,300,2021-09-16 19:11:00,ANGN
10.92,10.92,10.9025,10.91,500,2021-09-16 19:12:00,ANGN
10.89,10.89,10.88,10.88,399,2021-09-16 19:16:00,ANGN
10.86,10.89,10.86,10.89,300,2021-09-16 19:17:00,ANGN
10.885,10.885,10.85,10.88,400,2021-09-16 19:18:00,ANGN
10.88,10.88,10.88,10.88,500,2021-09-16 19:19:00,ANGN
10.88,10.88,10.88,10.88,300,2021-09-16 19:20:00,ANGN
10.88,10.88,10.88,10.88,100,2021-09-16 19:21:00,ANGN
10.88,10.88,10.88,10.88,100,2021-09-16 19:22:00,ANGN
10.905,10.91,10.88,10.91,500,2021-09-16 19:24:00,ANGN
10.88,10.88,10.88,10.88,500,2021-09-16 19:26:00,ANGN
10.88,10.88,10.88,10.88,200,2021-09-16 19:27:00,ANGN
10.88,10.88,10.85,10.85,400,2021-09-16 19:29:00,ANGN
10.84,10.84,10.84,10.84,200,2021-09-16 19:30:00,ANGN
10.9,10.92,10.9,10.92,600,2021-09-16 19:32:00,ANGN
10.92,10.92,10.88,10.92,681,2021-09-16 19:33:00,ANGN
10.9,10.92,10.9,10.9,300,2021-09-16 19:34:00,ANGN
10.88,10.9,10.88,10.9,547,2021-09-16 19:36:00,ANGN
10.9,10.9,10.89,10.89,606,2021-09-16 19:37:00,ANGN
10.89,10.89,10.88,10.88,300,2021-09-16 19:38:00,ANGN
10.89,10.9,10.88,10.88,512,2021-09-16 19:39:00,ANGN
10.885,10.885,10.88,10.88,335,2021-09-16 19:40:00,ANGN
10.89,10.89,10.88,10.885,300,2021-09-16 19:41:00,ANGN
10.9,10.9,10.88,10.88,1030,2021-09-16 19:43:00,ANGN
10.88,10.88,10.88,10.88,200,2021-09-16 19:44:00,ANGN
10.9,10.91,10.88,10.91,900,2021-09-16 19:46:00,ANGN
10.91,10.92,10.91,10.915,300,2021-09-16 19:47:00,ANGN
10.9273,10.93,10.9273,10.93,2200,2021-09-16 19:48:00,ANGN
10.915,10.93,10.915,10.93,200,2021-09-16 19:49:00,ANGN
10.93,11.02,10.93,11.02,10680,2021-09-16 19:50:00,ANGN
11.04,11.04,11.01,11.01,2300,2021-09-16 19:51:00,ANGN
10.99,10.99,10.92,10.92,1700,2021-09-16 19:52:00,ANGN
10.895,10.93,10.895,10.93,1502,2021-09-16 19:53:00,ANGN
10.965,11.03,10.965,11.03,4676,2021-09-16 19:54:00,ANGN
11.02,11.03,10.98,10.98,1871,2021-09-16 19:55:00,ANGN
10.97,11.0,10.95,10.985,1353,2021-09-16 19:56:00,ANGN
11.0,11.0,10.985,10.99,1900,2021-09-16 19:57:00,ANGN
11.0,11.0,10.92,10.94,5699,2021-09-16 19:58:00,ANGN
10.96,10.99,10.93,10.96,11254,2021-09-16 19:59:00,ANGN
10.99,11.0,10.99,11.0,115568,2021-09-16 20:00:00,ANGN
11.0,11.0,11.0,11.0,191,2021-09-16 21:17:00,ANGN
11.0,11.0,11.0,11.0,7673,2021-09-17 13:30:00,ANGN
10.655,10.655,10.655,10.655,100,2021-09-17 13:38:00,ANGN
10.67,10.67,10.66,10.66,200,2021-09-17 13:39:00,ANGN
10.93,10.93,10.93,10.93,100,2021-09-17 13:45:00,ANGN
10.8,10.8,10.8,10.8,200,2021-09-17 13:46:00,ANGN
10.675,10.93,10.67,10.93,1569,2021-09-17 13:47:00,ANGN
10.72,10.88,10.64,10.66,9179,2021-09-17 13:49:00,ANGN
10.66,10.67,10.66,10.67,500,2021-09-17 13:50:00,ANGN
10.602,10.602,10.602,10.602,1500,2021-09-17 13:51:00,ANGN
10.675,10.675,10.675,10.675,100,2021-09-17 13:52:00,ANGN
10.645,10.645,10.645,10.645,100,2021-09-17 13:53:00,ANGN
10.645,10.645,10.645,10.645,200,2021-09-17 13:54:00,ANGN
10.6,10.6,10.6,10.6,100,2021-09-17 13:55:00,ANGN
10.645,10.645,10.645,10.645,100,2021-09-17 13:56:00,ANGN
10.68,10.73,10.67,10.69,1702,2021-09-17 13:58:00,ANGN
10.73,10.73,10.68,10.68,2479,2021-09-17 13:59:00,ANGN
10.71,10.71,10.69,10.71,1100,2021-09-17 14:00:00,ANGN
10.68,10.72,10.68,10.685,600,2021-09-17 14:01:00,ANGN
10.72,10.76,10.705,10.71,1200,2021-09-17 14:02:00,ANGN
10.73,10.77,10.73,10.75,700,2021-09-17 14:03:00,ANGN
10.83,10.84,10.83,10.835,309,2021-09-17 14:04:00,ANGN
10.9,10.9,10.9,10.9,100,2021-09-17 14:06:00,ANGN
10.835,10.835,10.835,10.835,100,2021-09-17 14:07:00,ANGN
10.89,10.89,10.835,10.835,800,2021-09-17 14:08:00,ANGN
10.835,10.835,10.835,10.835,100,2021-09-17 14:10:00,ANGN
10.835,10.835,10.835,10.835,100,2021-09-17 14:11:00,ANGN
10.88,10.88,10.83,10.83,200,2021-09-17 14:13:00,ANGN
10.785,10.785,10.785,10.785,200,2021-09-17 14:15:00,ANGN
10.86,10.86,10.86,10.86,200,2021-09-17 14:16:00,ANGN
10.88,10.88,10.88,10.88,100,2021-09-17 14:17:00,ANGN
10.88,10.88,10.88,10.88,100,2021-09-17 14:18:00,ANGN
10.78,10.78,10.78,10.78,1011,2021-09-17 14:19:00,ANGN
10.79,10.79,10.75,10.75,309,2021-09-17 14:21:00,ANGN
10.77,10.78,10.77,10.78,200,2021-09-17 14:23:00,ANGN
10.75,10.75,10.75,10.75,200,2021-09-17 14:28:00,ANGN
10.75,10.76,10.7175,10.7175,1796,2021-09-17 14:29:00,ANGN
10.64,10.64,10.62,10.64,1000,2021-09-17 14:37:00,ANGN
10.541,10.541,10.541,10.541,100,2021-09-17 14:40:00,ANGN
10.58,10.64,10.58,10.63,1400,2021-09-17 14:43:00,ANGN
10.68,10.68,10.68,10.68,100,2021-09-17 14:47:00,ANGN
10.67,10.67,10.62,10.62,200,2021-09-17 14:48:00,ANGN
10.71,10.71,10.71,10.71,100,2021-09-17 14:49:00,ANGN
10.71,10.73,10.71,10.73,400,2021-09-17 14:50:00,ANGN
10.73,10.74,10.73,10.74,200,2021-09-17 14:51:00,ANGN
10.72,10.72,10.72,10.72,100,2021-09-17 14:52:00,ANGN
10.71,10.71,10.71,10.71,100,2021-09-17 14:53:00,ANGN
10.71,10.71,10.71,10.71,200,2021-09-17 14:54:00,ANGN
10.72,10.73,10.705,10.73,500,2021-09-17 14:56:00,ANGN
10.73,10.74,10.73,10.74,400,2021-09-17 14:57:00,ANGN
10.74,10.74,10.74,10.74,100,2021-09-17 14:59:00,ANGN
10.715,10.715,10.715,10.715,100,2021-09-17 15:00:00,ANGN
10.75,10.75,10.75,10.75,200,2021-09-17 15:01:00,ANGN
10.75,10.75,10.75,10.75,2238,2021-09-17 15:02:00,ANGN
10.75,10.75,10.75,10.75,300,2021-09-17 15:03:00,ANGN
10.75,10.75,10.75,10.75,100,2021-09-17 15:04:00,ANGN
10.75,10.75,10.725,10.75,300,2021-09-17 15:05:00,ANGN
10.75,10.75,10.75,10.75,100,2021-09-17 15:06:00,ANGN
10.75,10.75,10.75,10.75,200,2021-09-17 15:07:00,ANGN
10.75,10.75,10.75,10.75,100,2021-09-17 15:08:00,ANGN
10.71,10.75,10.71,10.75,200,2021-09-17 15:09:00,ANGN
10.75,10.75,10.7,10.73,1505,2021-09-17 15:10:00,ANGN
10.67,10.67,10.67,10.67,100,2021-09-17 15:11:00,ANGN
10.67,10.67,10.65,10.65,723,2021-09-17 15:13:00,ANGN
10.59,10.59,10.59,10.59,100,2021-09-17 15:14:00,ANGN
10.67,10.72,10.66,10.72,1014,2021-09-17 15:18:00,ANGN
10.67,10.67,10.67,10.67,360,2021-09-17 15:19:00,ANGN
10.62,10.62,10.59,10.6,1216,2021-09-17 15:21:00,ANGN
10.575,10.575,10.575,10.575,100,2021-09-17 15:25:00,ANGN
10.54,10.57,10.54,10.57,300,2021-09-17 15:26:00,ANGN
10.57,10.57,10.57,10.57,200,2021-09-17 15:27:00,ANGN
10.62,10.62,10.62,10.62,100,2021-09-17 15:28:00,ANGN
10.61,10.62,10.61,10.62,500,2021-09-17 15:33:00,ANGN
10.69,10.69,10.69,10.69,100,2021-09-17 15:34:00,ANGN
10.68,10.7,10.665,10.7,400,2021-09-17 15:37:00,ANGN
10.7,10.7,10.7,10.7,100,2021-09-17 15:38:00,ANGN
10.7,10.7,10.67,10.7,892,2021-09-17 15:39:00,ANGN
10.7,10.7,10.7,10.7,200,2021-09-17 15:40:00,ANGN
10.7,10.7,10.7,10.7,100,2021-09-17 15:42:00,ANGN
10.7,10.7,10.7,10.7,200,2021-09-17 15:43:00,ANGN
10.7,10.7,10.7,10.7,100,2021-09-17 15:44:00,ANGN
10.69,10.69,10.69,10.69,200,2021-09-17 15:45:00,ANGN
10.7,10.7,10.7,10.7,100,2021-09-17 15:46:00,ANGN
10.7,10.7,10.7,10.7,200,2021-09-17 15:47:00,ANGN
10.69,10.69,10.69,10.69,100,2021-09-17 15:48:00,ANGN
10.7,10.7,10.7,10.7,100,2021-09-17 15:49:00,ANGN
10.69,10.69,10.69,10.69,100,2021-09-17 15:51:00,ANGN
10.65,10.67,10.65,10.67,512,2021-09-17 15:53:00,ANGN
10.66,10.66,10.66,10.66,200,2021-09-17 15:58:00,ANGN
10.66,10.66,10.66,10.66,100,2021-09-17 15:59:00,ANGN
10.69,10.69,10.69,10.69,100,2021-09-17 16:00:00,ANGN
10.7,10.7,10.7,10.7,438,2021-09-17 16:01:00,ANGN
10.68,10.7,10.68,10.7,200,2021-09-17 16:02:00,ANGN
10.7,10.7,10.7,10.7,100,2021-09-17 16:03:00,ANGN
10.7,10.7,10.7,10.7,100,2021-09-17 16:04:00,ANGN
10.7,10.7,10.7,10.7,100,2021-09-17 16:05:00,ANGN
10.7,10.7,10.7,10.7,100,2021-09-17 16:06:00,ANGN
10.69,10.69,10.66,10.67,1110,2021-09-17 16:07:00,ANGN
10.66,10.66,10.66,10.66,879,2021-09-17 16:08:00,ANGN
10.67,10.67,10.67,10.67,120,2021-09-17 16:09:00,ANGN
10.65,10.65,10.47,10.47,10210,2021-09-17 16:10:00,ANGN
10.47,10.47,10.47,10.47,100,2021-09-17 16:13:00,ANGN
10.48,10.48,10.48,10.48,100,2021-09-17 16:16:00,ANGN
10.53,10.53,10.36,10.36,3700,2021-09-17 16:17:00,ANGN
10.37,10.37,10.3,10.3,600,2021-09-17 16:18:00,ANGN
10.31,10.355,10.31,10.355,1600,2021-09-17 16:19:00,ANGN
10.31,10.31,10.31,10.31,300,2021-09-17 16:20:00,ANGN
10.31,10.31,10.26,10.26,200,2021-09-17 16:21:00,ANGN
10.27,10.36,10.27,10.36,400,2021-09-17 16:22:00,ANGN
10.32,10.32,10.32,10.32,200,2021-09-17 16:23:00,ANGN
10.28,10.33,10.26,10.26,400,2021-09-17 16:25:00,ANGN
10.28,10.295,10.24,10.24,2100,2021-09-17 16:26:00,ANGN
10.235,10.235,10.165,10.165,2590,2021-09-17 16:27:00,ANGN
10.165,10.165,10.07,10.11,1700,2021-09-17 16:28:00,ANGN
10.08,10.08,10.08,10.08,100,2021-09-17 16:29:00,ANGN
10.14,10.16,10.14,10.16,710,2021-09-17 16:30:00,ANGN
10.12,10.12,10.09,10.09,600,2021-09-17 16:31:00,ANGN
10.18,10.18,10.18,10.18,300,2021-09-17 16:36:00,ANGN
10.185,10.185,10.185,10.185,100,2021-09-17 16:37:00,ANGN
10.21,10.22,10.175,10.18,1300,2021-09-17 16:38:00,ANGN
10.185,10.185,10.185,10.185,100,2021-09-17 16:39:00,ANGN
10.25,10.25,10.22,10.22,200,2021-09-17 16:41:00,ANGN
10.27,10.27,10.21,10.27,400,2021-09-17 16:42:00,ANGN
10.27,10.3,10.27,10.3,300,2021-09-17 16:43:00,ANGN
10.28,10.29,10.28,10.285,400,2021-09-17 16:44:00,ANGN
10.32,10.34,10.32,10.325,400,2021-09-17 16:45:00,ANGN
10.41,10.41,10.41,10.41,100,2021-09-17 16:46:00,ANGN
10.4,10.4,10.39,10.4,300,2021-09-17 16:47:00,ANGN
10.39,10.4,10.39,10.4,200,2021-09-17 16:48:00,ANGN
10.39,10.39,10.39,10.39,100,2021-09-17 16:49:00,ANGN
10.42,10.45,10.42,10.43,300,2021-09-17 16:50:00,ANGN
10.42,10.42,10.42,10.42,500,2021-09-17 16:51:00,ANGN
10.5399,10.54,10.5399,10.54,200,2021-09-17 16:52:00,ANGN
10.6,10.6,10.6,10.6,100,2021-09-17 16:53:00,ANGN
10.6,10.6,10.6,10.6,100,2021-09-17 16:54:00,ANGN
10.5,10.53,10.5,10.53,989,2021-09-17 16:55:00,ANGN
10.5,10.5,10.47,10.47,2100,2021-09-17 16:56:00,ANGN
10.42,10.42,10.34,10.34,800,2021-09-17 16:57:00,ANGN
10.355,10.415,10.355,10.4,1200,2021-09-17 16:58:00,ANGN
10.4,10.4,10.395,10.395,500,2021-09-17 16:59:00,ANGN
10.41,10.43,10.41,10.415,600,2021-09-17 17:01:00,ANGN
10.44,10.44,10.44,10.44,100,2021-09-17 17:06:00,ANGN
10.375,10.375,10.375,10.375,100,2021-09-17 17:08:00,ANGN
10.46,10.49,10.46,10.49,200,2021-09-17 17:09:00,ANGN
10.49,10.49,10.49,10.49,300,2021-09-17 17:10:00,ANGN
10.49,10.54,10.49,10.54,300,2021-09-17 17:11:00,ANGN
10.54,10.59,10.54,10.59,200,2021-09-17 17:12:00,ANGN
10.62,10.62,10.61,10.61,300,2021-09-17 17:13:00,ANGN
10.62,10.62,10.62,10.62,200,2021-09-17 17:14:00,ANGN
10.62,10.63,10.62,10.63,200,2021-09-17 17:15:00,ANGN
10.63,10.63,10.58,10.58,200,2021-09-17 17:16:00,ANGN
10.68,10.68,10.68,10.68,100,2021-09-17 17:20:00,ANGN
10.635,10.67,10.635,10.67,300,2021-09-17 17:21:00,ANGN
10.67,10.67,10.67,10.67,100,2021-09-17 17:22:00,ANGN
10.7,10.7,10.7,10.7,100,2021-09-17 17:23:00,ANGN
10.68,10.71,10.68,10.71,300,2021-09-17 17:24:00,ANGN
10.7,10.71,10.7,10.71,300,2021-09-17 17:25:00,ANGN
10.71,10.71,10.64,10.64,300,2021-09-17 17:26:00,ANGN
10.72,10.72,10.72,10.72,200,2021-09-17 17:27:00,ANGN
10.73,10.74,10.73,10.74,300,2021-09-17 17:28:00,ANGN
10.74,10.76,10.695,10.75,600,2021-09-17 17:29:00,ANGN
10.76,10.76,10.695,10.76,500,2021-09-17 17:30:00,ANGN
10.77,10.77,10.76,10.76,300,2021-09-17 17:31:00,ANGN
10.705,10.76,10.705,10.76,400,2021-09-17 17:32:00,ANGN
10.77,10.78,10.77,10.77,300,2021-09-17 17:33:00,ANGN
10.77,10.77,10.77,10.77,200,2021-09-17 17:34:00,ANGN
10.77,10.77,10.715,10.715,300,2021-09-17 17:35:00,ANGN
10.76,10.76,10.76,10.76,200,2021-09-17 17:36:00,ANGN
10.76,10.76,10.71,10.76,300,2021-09-17 17:37:00,ANGN
10.75,10.75,10.75,10.75,100,2021-09-17 17:38:00,ANGN
10.73,10.74,10.695,10.695,400,2021-09-17 17:39:00,ANGN
10.74,10.74,10.695,10.695,200,2021-09-17 17:40:00,ANGN
10.73,10.73,10.69,10.73,400,2021-09-17 17:41:00,ANGN
10.78,10.78,10.78,10.78,100,2021-09-17 17:42:00,ANGN
10.705,10.75,10.705,10.75,300,2021-09-17 17:43:00,ANGN
10.76,10.77,10.75,10.77,300,2021-09-17 17:44:00,ANGN
10.77,10.78,10.715,10.715,500,2021-09-17 17:45:00,ANGN
10.78,10.78,10.77,10.77,300,2021-09-17 17:46:00,ANGN
10.77,10.77,10.76,10.76,300,2021-09-17 17:47:00,ANGN
10.77,10.78,10.715,10.715,400,2021-09-17 17:48:00,ANGN
10.77,10.77,10.77,10.77,100,2021-09-17 17:49:00,ANGN
10.715,10.715,10.715,10.715,100,2021-09-17 17:51:00,ANGN
10.77,10.77,10.715,10.715,300,2021-09-17 17:52:00,ANGN
10.78,10.78,10.78,10.78,200,2021-09-17 17:53:00,ANGN
10.79,10.79,10.78,10.78,200,2021-09-17 17:54:00,ANGN
10.79,10.79,10.68,10.77,700,2021-09-17 17:55:00,ANGN
10.79,10.79,10.79,10.79,400,2021-09-17 17:56:00,ANGN
10.84,10.84,10.84,10.84,100,2021-09-17 17:57:00,ANGN
10.88,10.88,10.795,10.88,300,2021-09-17 17:58:00,ANGN
10.87,10.87,10.87,10.87,200,2021-09-17 17:59:00,ANGN
10.79,10.79,10.79,10.79,100,2021-09-17 18:00:00,ANGN
10.93,10.93,10.82,10.82,300,2021-09-17 18:01:00,ANGN
10.92,10.92,10.92,10.92,400,2021-09-17 18:02:00,ANGN
10.92,10.92,10.75,10.9,600,2021-09-17 18:03:00,ANGN
10.83,10.92,10.83,10.92,200,2021-09-17 18:04:00,ANGN
10.9,10.91,10.78,10.82,400,2021-09-17 18:05:00,ANGN
10.82,10.82,10.82,10.82,300,2021-09-17 18:06:00,ANGN
10.82,10.82,10.74,10.74,300,2021-09-17 18:07:00,ANGN
10.8,10.82,10.8,10.82,300,2021-09-17 18:08:00,ANGN
10.82,10.9,10.82,10.89,2200,2021-09-17 18:09:00,ANGN
10.89,10.9,10.87,10.9,300,2021-09-17 18:10:00,ANGN
10.9,10.9,10.82,10.82,1994,2021-09-17 18:11:00,ANGN
10.86,10.86,10.86,10.86,100,2021-09-17 18:14:00,ANGN
10.84,10.88,10.84,10.87,520,2021-09-17 18:15:00,ANGN
10.91,10.91,10.85,10.875,500,2021-09-17 18:16:00,ANGN
10.92,10.93,10.92,10.93,200,2021-09-17 18:18:00,ANGN
10.93,10.93,10.93,10.93,100,2021-09-17 18:19:00,ANGN
10.93,10.93,10.84,10.92,900,2021-09-17 18:20:00,ANGN
10.93,10.93,10.88,10.88,600,2021-09-17 18:21:00,ANGN
10.88,10.93,10.88,10.93,300,2021-09-17 18:22:00,ANGN
10.93,10.93,10.85,10.93,400,2021-09-17 18:23:00,ANGN
10.93,10.93,10.88,10.88,400,2021-09-17 18:24:00,ANGN
10.91,10.93,10.85,10.85,600,2021-09-17 18:25:00,ANGN
10.93,10.93,10.871,10.871,1500,2021-09-17 18:26:00,ANGN
10.95,10.96,10.88,10.94,850,2021-09-17 18:27:00,ANGN
10.96,10.96,10.925,10.95,300,2021-09-17 18:28:00,ANGN
10.925,10.95,10.925,10.925,600,2021-09-17 18:29:00,ANGN
10.96,10.97,10.925,10.925,500,2021-09-17 18:30:00,ANGN
10.98,10.98,10.925,10.925,400,2021-09-17 18:31:00,ANGN
10.925,10.94,10.925,10.94,300,2021-09-17 18:32:00,ANGN
10.98,11.0,10.945,10.97,1000,2021-09-17 18:33:00,ANGN
10.945,10.98,10.945,10.945,700,2021-09-17 18:34:00,ANGN
10.945,10.98,10.94,10.98,400,2021-09-17 18:35:00,ANGN
10.94,10.98,10.94,10.94,400,2021-09-17 18:36:00,ANGN
10.98,10.98,10.945,10.95,600,2021-09-17 18:37:00,ANGN
10.945,10.97,10.93,10.95,700,2021-09-17 18:38:00,ANGN
10.96,10.96,10.96,10.96,300,2021-09-17 18:39:00,ANGN
10.97,10.99,10.97,10.98,420,2021-09-17 18:40:00,ANGN
11.0,11.0,10.97,11.0,400,2021-09-17 18:41:00,ANGN
10.97,11.0,10.97,10.9795,700,2021-09-17 18:42:00,ANGN
10.97,11.0,10.97,11.0,2154,2021-09-17 18:43:00,ANGN
11.12,11.12,11.12,11.12,500,2021-09-17 18:45:00,ANGN
11.12,11.12,11.06,11.07,900,2021-09-17 18:46:00,ANGN
11.12,11.12,11.06,11.12,600,2021-09-17 18:47:00,ANGN
11.12,11.17,11.11,11.17,700,2021-09-17 18:48:00,ANGN
11.17,11.17,11.105,11.17,400,2021-09-17 18:49:00,ANGN
11.14,11.17,11.14,11.17,200,2021-09-17 18:50:00,ANGN
11.16,11.16,11.16,11.16,100,2021-09-17 18:51:00,ANGN
11.24,11.24,11.14,11.15,300,2021-09-17 18:52:00,ANGN
11.23,11.23,11.12,11.18,500,2021-09-17 18:53:00,ANGN
11.12,11.1295,11.12,11.1295,300,2021-09-17 18:54:00,ANGN
11.12,11.16,11.11,11.16,600,2021-09-17 18:55:00,ANGN
11.16,11.35,11.12,11.35,1010,2021-09-17 18:56:00,ANGN
11.35,11.35,11.25,11.35,800,2021-09-17 18:57:00,ANGN
11.24,11.36,11.24,11.26,1000,2021-09-17 18:58:00,ANGN
11.34,11.34,11.245,11.245,400,2021-09-17 18:59:00,ANGN
11.33,11.33,11.225,11.225,500,2021-09-17 19:00:00,ANGN
11.215,11.215,11.195,11.2,600,2021-09-17 19:01:00,ANGN
11.215,11.26,11.135,11.26,300,2021-09-17 19:02:00,ANGN
11.23,11.23,11.18,11.18,300,2021-09-17 19:04:00,ANGN
11.22,11.22,11.165,11.165,500,2021-09-17 19:05:00,ANGN
11.25,11.25,11.16,11.16,2446,2021-09-17 19:06:00,ANGN
10.99,11.045,10.96,11.045,624,2021-09-17 19:09:00,ANGN
10.98,10.98,10.86,10.86,640,2021-09-17 19:10:00,ANGN
10.86,10.86,10.83,10.83,500,2021-09-17 19:11:00,ANGN
10.79,10.79,10.77,10.77,400,2021-09-17 19:13:00,ANGN
10.77,10.77,10.77,10.77,300,2021-09-17 19:15:00,ANGN
10.77,10.77,10.77,10.77,400,2021-09-17 19:16:00,ANGN
10.77,10.77,10.77,10.77,200,2021-09-17 19:17:00,ANGN
10.78,10.78,10.78,10.78,200,2021-09-17 19:18:00,ANGN
10.78,10.78,10.77,10.77,500,2021-09-17 19:19:00,ANGN
10.78,10.87,10.77,10.86,700,2021-09-17 19:20:00,ANGN
10.8,11.03,10.8,11.03,900,2021-09-17 19:21:00,ANGN
11.02,11.09,10.97,11.09,1000,2021-09-17 19:22:00,ANGN
10.96,10.995,10.9,10.9,2087,2021-09-17 19:23:00,ANGN
10.89,10.89,10.89,10.89,100,2021-09-17 19:24:00,ANGN
10.88,10.88,10.88,10.88,600,2021-09-17 19:25:00,ANGN
10.88,10.88,10.88,10.88,100,2021-09-17 19:26:00,ANGN
10.9,10.93,10.9,10.9,1100,2021-09-17 19:27:00,ANGN
10.9,10.92,10.87,10.87,637,2021-09-17 19:28:00,ANGN
10.87,10.87,10.8,10.8,600,2021-09-17 19:29:00,ANGN
10.78,10.78,10.77,10.77,400,2021-09-17 19:30:00,ANGN
10.79,10.815,10.79,10.815,200,2021-09-17 19:31:00,ANGN
10.76,10.83,10.76,10.83,300,2021-09-17 19:33:00,ANGN
10.77,10.84,10.77,10.78,300,2021-09-17 19:34:00,ANGN
10.78,10.84,10.78,10.78,400,2021-09-17 19:35:00,ANGN
10.815,10.815,10.8,10.8,300,2021-09-17 19:36:00,ANGN
10.855,10.92,10.84,10.87,700,2021-09-17 19:37:00,ANGN
10.875,10.88,10.87,10.8795,800,2021-09-17 19:38:00,ANGN
10.85,10.96,10.85,10.88,1187,2021-09-17 19:39:00,ANGN
10.93,10.9694,10.91,10.9694,700,2021-09-17 19:40:00,ANGN
10.99,11.01,10.97,11.01,800,2021-09-17 19:41:00,ANGN
11.01,11.06,10.995,10.995,700,2021-09-17 19:42:00,ANGN
11.01,11.01,11.01,11.01,100,2021-09-17 19:43:00,ANGN
11.03,11.08,11.03,11.08,200,2021-09-17 19:44:00,ANGN
11.08,11.09,11.045,11.055,1000,2021-09-17 19:45:00,ANGN
11.06,11.14,11.05,11.14,1100,2021-09-17 19:46:00,ANGN
11.16,11.2,11.16,11.2,400,2021-09-17 19:47:00,ANGN
11.25,11.3,11.18,11.3,1200,2021-09-17 19:48:00,ANGN
11.29,11.315,11.245,11.31,1400,2021-09-17 19:49:00,ANGN
11.24,11.24,10.84,10.85,22910,2021-09-17 19:50:00,ANGN
10.87,10.94,10.6,10.64,4824,2021-09-17 19:51:00,ANGN
10.6,10.79,10.6,10.785,2500,2021-09-17 19:52:00,ANGN
10.7,10.76,10.57,10.58,2700,2021-09-17 19:53:00,ANGN
10.51,10.69,10.51,10.69,11817,2021-09-17 19:54:00,ANGN
10.66,10.66,10.23,10.36,9919,2021-09-17 19:55:00,ANGN
10.44,10.52,10.36,10.36,2400,2021-09-17 19:56:00,ANGN
10.46,10.46,10.28,10.33,1400,2021-09-17 19:57:00,ANGN
10.37,10.58,10.35,10.5,5638,2021-09-17 19:58:00,ANGN
10.4,10.62,10.4,10.54,17250,2021-09-17 19:59:00,ANGN
10.52,10.52,10.52,10.52,1234598,2021-09-17 20:00:00,ANGN
10.52,10.52,10.52,10.52,2929,2021-09-17 20:02:00,ANGN
10.52,10.52,10.52,10.52,127814,2021-09-17 20:03:00,ANGN
10.52,10.52,10.52,10.52,721,2021-09-17 20:04:00,ANGN
10.52,10.52,10.52,10.52,9555,2021-09-17 20:05:00,ANGN
9.55,9.55,9.55,9.55,200,2021-09-20 10:46:00,ANGN
10.39,10.51,10.39,10.51,400,2021-09-20 13:29:00,ANGN
10.02,10.13,10.02,10.13,5740,2021-09-20 13:30:00,ANGN
10.18,10.43,10.155,10.43,1094,2021-09-20 13:32:00,ANGN
10.18,10.2,10.18,10.2,501,2021-09-20 13:36:00,ANGN
10.2,10.2,10.2,10.2,300,2021-09-20 13:37:00,ANGN
10.28,10.28,10.25,10.28,360,2021-09-20 13:40:00,ANGN
10.17,10.17,10.17,10.17,100,2021-09-20 13:41:00,ANGN
10.25,10.25,10.25,10.25,230,2021-09-20 13:42:00,ANGN
10.21,10.21,10.21,10.21,100,2021-09-20 13:44:00,ANGN
10.2,10.24,10.19,10.24,579,2021-09-20 13:50:00,ANGN
10.2,10.28,10.2,10.28,500,2021-09-20 13:52:00,ANGN
10.28,10.29,10.28,10.29,400,2021-09-20 13:53:00,ANGN
10.4,10.4,10.28,10.28,300,2021-09-20 13:54:00,ANGN
10.28,10.28,10.28,10.28,300,2021-09-20 14:00:00,ANGN
10.29,10.31,10.24,10.24,769,2021-09-20 14:03:00,ANGN
10.14,10.2,10.13,10.2,300,2021-09-20 14:05:00,ANGN
10.21,10.21,10.21,10.21,100,2021-09-20 14:06:00,ANGN
10.21,10.31,10.21,10.31,446,2021-09-20 14:07:00,ANGN
10.29,10.29,10.29,10.29,100,2021-09-20 14:08:00,ANGN
10.2686,10.3,10.25,10.29,500,2021-09-20 14:09:00,ANGN
10.22,10.22,10.19,10.22,565,2021-09-20 14:11:00,ANGN
10.12,10.12,10.12,10.12,100,2021-09-20 14:12:00,ANGN
10.17,10.17,10.16,10.16,200,2021-09-20 14:13:00,ANGN
10.16,10.16,10.16,10.16,100,2021-09-20 14:15:00,ANGN
10.1622,10.2,10.1622,10.2,800,2021-09-20 14:16:00,ANGN
10.2599,10.2599,10.17,10.17,900,2021-09-20 14:18:00,ANGN
10.16,10.16,10.07,10.08,896,2021-09-20 14:20:00,ANGN
10.07,10.11,10.07,10.11,200,2021-09-20 14:21:00,ANGN
10.08,10.18,10.08,10.18,600,2021-09-20 14:23:00,ANGN
10.13,10.14,10.13,10.14,300,2021-09-20 14:24:00,ANGN
10.13,10.13,10.13,10.13,100,2021-09-20 14:27:00,ANGN
10.18,10.18,10.18,10.18,141,2021-09-20 14:28:00,ANGN
10.18,10.18,10.18,10.18,100,2021-09-20 14:34:00,ANGN
10.13,10.23,10.13,10.23,300,2021-09-20 14:36:00,ANGN
10.25,10.25,10.19,10.19,2130,2021-09-20 14:38:00,ANGN
10.19,10.19,10.13,10.13,565,2021-09-20 14:39:00,ANGN
10.12,10.15,10.12,10.15,350,2021-09-20 14:40:00,ANGN
10.13,10.17,10.13,10.13,500,2021-09-20 14:44:00,ANGN
10.26,10.26,10.26,10.26,100,2021-09-20 14:49:00,ANGN
10.16,10.1695,10.16,10.1695,246,2021-09-20 14:52:00,ANGN
10.15,10.15,10.14,10.14,200,2021-09-20 14:54:00,ANGN
10.13,10.13,10.13,10.13,100,2021-09-20 14:59:00,ANGN
10.1,10.1,10.1,10.1,100,2021-09-20 15:03:00,ANGN
10.16,10.16,10.12,10.12,300,2021-09-20 15:04:00,ANGN
10.19,10.19,10.19,10.19,145,2021-09-20 15:05:00,ANGN
10.21,10.25,10.21,10.25,246,2021-09-20 15:07:00,ANGN
10.21,10.21,10.21,10.21,200,2021-09-20 15:11:00,ANGN
10.16,10.17,10.16,10.17,546,2021-09-20 15:15:00,ANGN
10.08,10.08,10.08,10.08,145,2021-09-20 15:20:00,ANGN
10.08,10.1,10.05,10.1,300,2021-09-20 15:21:00,ANGN
10.095,10.095,10.09,10.09,300,2021-09-20 15:22:00,ANGN
10.11,10.11,10.11,10.11,448,2021-09-20 15:28:00,ANGN
10.1,10.1,10.1,10.1,200,2021-09-20 15:42:00,ANGN
10.11,10.13,10.11,10.13,300,2021-09-20 15:49:00,ANGN
10.1345,10.1345,10.13,10.13,650,2021-09-20 15:50:00,ANGN
10.1,10.1,10.07,10.07,913,2021-09-20 15:53:00,ANGN
10.07,10.08,10.07,10.07,400,2021-09-20 15:54:00,ANGN
10.07,10.07,10.07,10.07,200,2021-09-20 15:56:00,ANGN
10.065,10.065,10.05,10.05,3496,2021-09-20 15:57:00,ANGN
10.02,10.02,10.02,10.02,100,2021-09-20 16:01:00,ANGN
10.0314,10.0314,10.0314,10.0314,100,2021-09-20 16:02:00,ANGN
10.0,10.0,10.0,10.0,1500,2021-09-20 16:04:00,ANGN
10.0,10.01,9.98,10.0,6007,2021-09-20 16:05:00,ANGN
9.97,9.97,9.97,9.97,500,2021-09-20 16:07:00,ANGN
9.9,9.9,9.9,9.9,100,2021-09-20 16:08:00,ANGN
9.89,9.89,9.89,9.89,200,2021-09-20 16:09:00,ANGN
9.89,9.89,9.82,9.87,2900,2021-09-20 16:10:00,ANGN
9.87,9.87,9.85,9.85,985,2021-09-20 16:11:00,ANGN
9.88,9.88,9.88,9.88,400,2021-09-20 16:15:00,ANGN
9.86,9.86,9.835,9.835,1418,2021-09-20 16:25:00,ANGN
9.81,9.83,9.81,9.83,1211,2021-09-20 16:26:00,ANGN
9.83,9.83,9.83,9.83,114,2021-09-20 16:27:00,ANGN
9.86,9.899,9.86,9.89,400,2021-09-20 16:30:00,ANGN
9.86,9.86,9.825,9.825,400,2021-09-20 16:31:00,ANGN
9.8341,9.8341,9.8341,9.8341,200,2021-09-20 16:33:00,ANGN
9.84,9.84,9.84,9.84,200,2021-09-20 16:34:00,ANGN
9.8625,9.8625,9.8625,9.8625,100,2021-09-20 16:38:00,ANGN
9.845,9.845,9.845,9.845,193,2021-09-20 16:43:00,ANGN
9.845,9.845,9.845,9.845,100,2021-09-20 16:45:00,ANGN
9.81,9.81,9.78,9.78,1014,2021-09-20 16:46:00,ANGN
9.75,9.75,9.75,9.75,100,2021-09-20 16:47:00,ANGN
9.75,9.75,9.75,9.75,100,2021-09-20 16:49:00,ANGN
9.75,9.75,9.7,9.7,1073,2021-09-20 16:50:00,ANGN
9.74,9.74,9.71,9.71,480,2021-09-20 16:56:00,ANGN
9.74,9.74,9.74,9.74,100,2021-09-20 16:57:00,ANGN
9.75,9.75,9.745,9.745,421,2021-09-20 17:03:00,ANGN
9.72,9.72,9.72,9.72,200,2021-09-20 17:06:00,ANGN
9.72,9.72,9.7,9.7,726,2021-09-20 17:07:00,ANGN
9.69,9.7,9.67,9.67,1827,2021-09-20 17:08:00,ANGN
9.69,9.69,9.665,9.665,468,2021-09-20 17:11:00,ANGN
9.7208,9.7208,9.7208,9.7208,500,2021-09-20 17:12:00,ANGN
9.73,9.805,9.73,9.805,1100,2021-09-20 17:20:00,ANGN
9.75,9.75,9.75,9.75,100,2021-09-20 17:21:00,ANGN
9.755,9.755,9.755,9.755,1000,2021-09-20 17:24:00,ANGN
9.755,9.755,9.755,9.755,100,2021-09-20 17:27:00,ANGN
9.81,9.81,9.81,9.81,100,2021-09-20 17:32:00,ANGN
9.81,9.81,9.65,9.65,3597,2021-09-20 17:35:00,ANGN
9.65,9.66,9.555,9.555,2003,2021-09-20 17:36:00,ANGN
9.5389,9.5389,9.5389,9.5389,793,2021-09-20 17:37:00,ANGN
9.64,9.64,9.605,9.605,210,2021-09-20 17:38:00,ANGN
9.66,9.66,9.615,9.615,300,2021-09-20 17:39:00,ANGN
9.6343,9.6343,9.6343,9.6343,1000,2021-09-20 17:45:00,ANGN
9.62,9.68,9.62,9.65,614,2021-09-20 17:47:00,ANGN
9.68,9.75,9.68,9.69,600,2021-09-20 17:48:00,ANGN
9.68,9.68,9.68,9.68,100,2021-09-20 17:49:00,ANGN
9.67,9.67,9.67,9.67,100,2021-09-20 17:50:00,ANGN
9.73,9.73,9.73,9.73,300,2021-09-20 17:55:00,ANGN
9.71,9.71,9.71,9.71,100,2021-09-20 17:57:00,ANGN
9.69,9.7,9.69,9.7,368,2021-09-20 17:58:00,ANGN
9.7,9.7,9.69,9.69,200,2021-09-20 17:59:00,ANGN
9.68,9.7,9.66,9.67,5370,2021-09-20 18:01:00,ANGN
9.705,9.705,9.705,9.705,200,2021-09-20 18:02:00,ANGN
9.74,9.74,9.74,9.74,100,2021-09-20 18:04:00,ANGN
9.74,9.74,9.74,9.74,100,2021-09-20 18:05:00,ANGN
9.775,9.78,9.775,9.78,300,2021-09-20 18:06:00,ANGN
9.72,9.72,9.72,9.72,100,2021-09-20 18:10:00,ANGN
9.75,9.75,9.735,9.735,300,2021-09-20 18:11:00,ANGN
9.75,9.75,9.75,9.75,1459,2021-09-20 18:12:00,ANGN
9.72,9.78,9.72,9.78,200,2021-09-20 18:13:00,ANGN
9.72,9.72,9.72,9.72,100,2021-09-20 18:14:00,ANGN
9.75,9.75,9.75,9.75,100,2021-09-20 18:21:00,ANGN
9.7,9.7,9.67,9.67,1926,2021-09-20 18:23:00,ANGN
9.6529,9.6529,9.6529,9.6529,105,2021-09-20 18:30:00,ANGN
9.59,9.59,9.59,9.59,200,2021-09-20 18:31:00,ANGN
9.61,9.61,9.58,9.61,1100,2021-09-20 18:32:00,ANGN
9.64,9.64,9.64,9.64,415,2021-09-20 18:35:00,ANGN
9.64,9.67,9.64,9.65,1198,2021-09-20 18:36:00,ANGN
9.65,9.65,9.65,9.65,100,2021-09-20 18:38:00,ANGN
9.65,9.65,9.65,9.65,200,2021-09-20 18:41:00,ANGN
9.68,9.72,9.68,9.72,800,2021-09-20 18:44:00,ANGN
9.76,9.76,9.76,9.76,1090,2021-09-20 18:48:00,ANGN
9.77,9.77,9.77,9.77,144,2021-09-20 18:50:00,ANGN
9.77,9.77,9.77,9.77,122,2021-09-20 18:51:00,ANGN
9.73,9.73,9.72,9.72,423,2021-09-20 18:54:00,ANGN
9.74,9.74,9.74,9.74,400,2021-09-20 18:56:00,ANGN
9.74,9.76,9.74,9.74,300,2021-09-20 18:57:00,ANGN
9.79,9.815,9.79,9.815,286,2021-09-20 18:58:00,ANGN
9.83,9.83,9.81,9.81,300,2021-09-20 18:59:00,ANGN
9.84,9.84,9.84,9.84,100,2021-09-20 19:02:00,ANGN
9.815,9.815,9.815,9.815,200,2021-09-20 19:03:00,ANGN
9.83,9.83,9.83,9.83,400,2021-09-20 19:05:00,ANGN
9.8,9.81,9.77,9.81,4010,2021-09-20 19:06:00,ANGN
9.75,9.7702,9.75,9.765,5002,2021-09-20 19:08:00,ANGN
9.77,9.77,9.77,9.77,190,2021-09-20 19:09:00,ANGN
9.75,9.81,9.75,9.81,11182,2021-09-20 19:10:00,ANGN
9.84,9.84,9.84,9.84,100,2021-09-20 19:11:00,ANGN
9.805,9.805,9.795,9.795,800,2021-09-20 19:12:00,ANGN
9.795,9.795,9.795,9.795,400,2021-09-20 19:13:00,ANGN
9.79,9.8,9.78,9.8,500,2021-09-20 19:14:00,ANGN
9.77,9.78,9.73,9.73,1629,2021-09-20 19:16:00,ANGN
9.7,9.7,9.7,9.7,100,2021-09-20 19:17:00,ANGN
9.745,9.75,9.745,9.75,400,2021-09-20 19:18:00,ANGN
9.75,9.75,9.75,9.75,100,2021-09-20 19:19:00,ANGN
9.7,9.74,9.7,9.74,200,2021-09-20 19:21:00,ANGN
9.75,9.75,9.74,9.74,1100,2021-09-20 19:22:00,ANGN
9.73,9.73,9.715,9.73,837,2021-09-20 19:23:00,ANGN
9.71,9.71,9.68,9.697,1700,2021-09-20 19:24:00,ANGN
9.705,9.73,9.705,9.73,952,2021-09-20 19:25:00,ANGN
9.76,9.76,9.73,9.76,1151,2021-09-20 19:28:00,ANGN
9.73,9.74,9.71,9.71,691,2021-09-20 19:29:00,ANGN
9.7,9.74,9.7,9.74,300,2021-09-20 19:32:00,ANGN
9.7,9.72,9.7,9.72,400,2021-09-20 19:33:00,ANGN
9.7,9.7,9.59,9.59,1275,2021-09-20 19:34:00,ANGN
9.67,9.69,9.67,9.68,1300,2021-09-20 19:35:00,ANGN
9.68,9.73,9.67,9.73,900,2021-09-20 19:37:00,ANGN
9.67,9.67,9.63,9.63,1041,2021-09-20 19:38:00,ANGN
9.64,9.64,9.62,9.62,1043,2021-09-20 19:39:00,ANGN
9.6465,9.69,9.6465,9.69,1760,2021-09-20 19:40:00,ANGN
9.7,9.7,9.7,9.7,400,2021-09-20 19:41:00,ANGN
9.7,9.7,9.7,9.7,200,2021-09-20 19:42:00,ANGN
9.65,9.67,9.65,9.67,847,2021-09-20 19:44:00,ANGN
9.63,9.67,9.63,9.67,400,2021-09-20 19:45:00,ANGN
9.62,9.66,9.6,9.6,300,2021-09-20 19:46:00,ANGN
9.63,9.67,9.63,9.67,1299,2021-09-20 19:47:00,ANGN
9.67,9.7,9.67,9.7,999,2021-09-20 19:48:00,ANGN
9.7,9.73,9.68,9.68,12304,2021-09-20 19:50:00,ANGN
9.705,9.73,9.68,9.7,3808,2021-09-20 19:51:00,ANGN
9.7,9.71,9.65,9.66,1253,2021-09-20 19:52:00,ANGN
9.65,9.7,9.65,9.7,1024,2021-09-20 19:53:00,ANGN
9.67,9.79,9.67,9.79,5060,2021-09-20 19:54:00,ANGN
9.81,9.82,9.77,9.82,1913,2021-09-20 19:55:00,ANGN
9.82,9.83,9.8,9.83,1500,2021-09-20 19:56:00,ANGN
9.83,9.86,9.815,9.86,1889,2021-09-20 19:57:00,ANGN
9.83,9.89,9.83,9.88,1821,2021-09-20 19:58:00,ANGN
9.89,9.9,9.8,9.87,6667,2021-09-20 19:59:00,ANGN
9.87,9.87,9.87,9.87,131804,2021-09-20 20:00:00,ANGN
9.95,9.95,9.95,9.95,1200,2021-09-21 13:30:00,ANGN
10.05,10.05,9.84,9.9682,450,2021-09-21 13:31:00,ANGN
9.88,9.9753,9.88,9.965,500,2021-09-21 13:32:00,ANGN
9.88,9.88,9.88,9.88,200,2021-09-21 13:34:00,ANGN
9.88,9.88,9.88,9.88,100,2021-09-21 13:37:00,ANGN
9.8806,9.9,9.8806,9.9,200,2021-09-21 13:38:00,ANGN
9.8806,9.9,9.87,9.87,800,2021-09-21 13:39:00,ANGN
9.9203,9.9203,9.9203,9.9203,100,2021-09-21 13:41:00,ANGN
9.85,9.94,9.8201,9.94,2300,2021-09-21 13:42:00,ANGN
9.82,9.91,9.82,9.91,1300,2021-09-21 13:43:00,ANGN
9.68,9.71,9.68,9.71,300,2021-09-21 13:45:00,ANGN
9.68,9.68,9.68,9.68,200,2021-09-21 13:49:00,ANGN
9.72,9.72,9.72,9.72,100,2021-09-21 13:50:00,ANGN
9.72,9.72,9.72,9.72,100,2021-09-21 13:51:00,ANGN
9.8806,9.8806,9.74,9.74,400,2021-09-21 13:52:00,ANGN
9.82,9.82,9.82,9.82,100,2021-09-21 13:53:00,ANGN
9.82,9.82,9.74,9.74,400,2021-09-21 13:54:00,ANGN
9.873,9.873,9.74,9.75,533,2021-09-21 13:55:00,ANGN
9.82,9.82,9.74,9.74,200,2021-09-21 13:56:00,ANGN
9.74,9.82,9.74,9.82,500,2021-09-21 13:57:00,ANGN
9.74,9.74,9.74,9.74,200,2021-09-21 13:58:00,ANGN
9.74,9.74,9.66,9.66,2289,2021-09-21 13:59:00,ANGN
9.6,9.62,9.6,9.62,300,2021-09-21 14:00:00,ANGN
9.65,9.65,9.62,9.62,300,2021-09-21 14:02:00,ANGN
9.63,9.63,9.62,9.62,1420,2021-09-21 14:03:00,ANGN
9.63,9.68,9.63,9.68,1600,2021-09-21 14:04:00,ANGN
9.62,9.62,9.62,9.62,100,2021-09-21 14:06:00,ANGN
9.67,9.675,9.63,9.675,500,2021-09-21 14:11:00,ANGN
9.675,9.675,9.675,9.675,300,2021-09-21 14:12:00,ANGN
9.63,9.72,9.63,9.64,1760,2021-09-21 14:13:00,ANGN
9.675,9.6754,9.63,9.63,500,2021-09-21 14:15:00,ANGN
9.675,9.675,9.64,9.64,200,2021-09-21 14:16:00,ANGN
9.675,9.675,9.675,9.675,100,2021-09-21 14:17:00,ANGN
9.71,9.71,9.7,9.7,300,2021-09-21 14:19:00,ANGN
9.69,9.69,9.57,9.57,600,2021-09-21 14:20:00,ANGN
9.55,9.605,9.55,9.605,354,2021-09-21 14:21:00,ANGN
9.625,9.625,9.625,9.625,100,2021-09-21 14:22:00,ANGN
9.58,9.625,9.58,9.58,900,2021-09-21 14:23:00,ANGN
9.53,9.65,9.53,9.61,1500,2021-09-21 14:24:00,ANGN
9.6363,9.6363,9.59,9.59,549,2021-09-21 14:25:00,ANGN
9.65,9.67,9.6175,9.62,2707,2021-09-21 14:26:00,ANGN
9.61,9.659,9.59,9.659,1300,2021-09-21 14:27:00,ANGN
9.62,9.67,9.54,9.59,956,2021-09-21 14:29:00,ANGN
9.55,9.59,9.55,9.57,300,2021-09-21 14:30:00,ANGN
9.6,9.635,9.57,9.635,400,2021-09-21 14:31:00,ANGN
9.58,9.6,9.58,9.6,200,2021-09-21 14:32:00,ANGN
9.59,9.59,9.59,9.59,100,2021-09-21 14:33:00,ANGN
9.645,9.645,9.59,9.645,400,2021-09-21 14:34:00,ANGN
9.59,9.645,9.59,9.645,300,2021-09-21 14:35:00,ANGN
9.645,9.645,9.6,9.6,300,2021-09-21 14:36:00,ANGN
9.6,9.6,9.6,9.6,100,2021-09-21 14:37:00,ANGN
9.5998,9.5998,9.5998,9.5998,500,2021-09-21 14:38:00,ANGN
9.645,9.645,9.6,9.6,300,2021-09-21 14:39:00,ANGN
9.61,9.61,9.61,9.61,100,2021-09-21 14:40:00,ANGN
9.645,9.645,9.645,9.645,100,2021-09-21 14:41:00,ANGN
9.6,9.645,9.6,9.645,300,2021-09-21 14:42:00,ANGN
9.6,9.6,9.6,9.6,200,2021-09-21 14:43:00,ANGN
9.645,9.645,9.6,9.61,500,2021-09-21 14:44:00,ANGN
9.66,9.69,9.66,9.69,200,2021-09-21 14:45:00,ANGN
9.655,9.655,9.655,9.655,100,2021-09-21 14:46:00,ANGN
9.62,9.62,9.62,9.62,100,2021-09-21 14:47:00,ANGN
9.61,9.61,9.59,9.59,400,2021-09-21 14:48:00,ANGN
9.59,9.59,9.53,9.53,400,2021-09-21 14:49:00,ANGN
9.51,9.51,9.51,9.51,190,2021-09-21 14:50:00,ANGN
9.52,9.52,9.52,9.52,100,2021-09-21 14:51:00,ANGN
9.585,9.585,9.585,9.585,100,2021-09-21 14:53:00,ANGN
9.53,9.59,9.51,9.53,800,2021-09-21 14:54:00,ANGN
9.52,9.64,9.52,9.52,400,2021-09-21 14:55:00,ANGN
9.585,9.585,9.43,9.43,3490,2021-09-21 14:56:00,ANGN
9.455,9.455,9.43,9.43,400,2021-09-21 14:57:00,ANGN
9.43,9.47,9.43,9.45,1603,2021-09-21 14:58:00,ANGN
9.4301,9.4301,9.4301,9.4301,158,2021-09-21 15:00:00,ANGN
9.48,9.5,9.45,9.49,2476,2021-09-21 15:01:00,ANGN
9.5,9.5,9.47,9.47,1100,2021-09-21 15:02:00,ANGN
9.48,9.48,9.46,9.46,800,2021-09-21 15:03:00,ANGN
9.45,9.45,9.45,9.45,100,2021-09-21 15:04:00,ANGN
9.47,9.5,9.47,9.5,1000,2021-09-21 15:05:00,ANGN
9.6,9.635,9.6,9.635,2100,2021-09-21 15:07:00,ANGN
9.5,9.51,9.5,9.51,200,2021-09-21 15:09:00,ANGN
9.48,9.48,9.48,9.48,100,2021-09-21 15:11:00,ANGN
9.545,9.545,9.545,9.545,100,2021-09-21 15:12:00,ANGN
9.51,9.545,9.5,9.51,400,2021-09-21 15:13:00,ANGN
9.5,9.5,9.5,9.5,100,2021-09-21 15:14:00,ANGN
9.5001,9.5001,9.5001,9.5001,500,2021-09-21 15:18:00,ANGN
9.5,9.53,9.5,9.53,300,2021-09-21 15:23:00,ANGN
9.5299,9.5299,9.52,9.525,1300,2021-09-21 15:24:00,ANGN
9.525,9.53,9.525,9.53,200,2021-09-21 15:26:00,ANGN
9.51,9.51,9.51,9.51,200,2021-09-21 15:28:00,ANGN
9.5,9.53,9.47,9.47,2311,2021-09-21 15:30:00,ANGN
9.47,9.5299,9.47,9.47,1300,2021-09-21 15:31:00,ANGN
9.48,9.5,9.48,9.5,200,2021-09-21 15:32:00,ANGN
9.53,9.62,9.53,9.62,702,2021-09-21 15:33:00,ANGN
9.62,9.62,9.595,9.62,700,2021-09-21 15:34:00,ANGN
9.62,9.62,9.62,9.62,100,2021-09-21 15:36:00,ANGN
9.595,9.62,9.595,9.62,500,2021-09-21 15:37:00,ANGN
9.57,9.595,9.57,9.57,900,2021-09-21 15:38:00,ANGN
9.58,9.58,9.58,9.58,100,2021-09-21 15:39:00,ANGN
9.61,9.61,9.61,9.61,100,2021-09-21 15:40:00,ANGN
9.58,9.58,9.58,9.58,100,2021-09-21 15:41:00,ANGN
9.54,9.61,9.54,9.58,500,2021-09-21 15:42:00,ANGN
9.6,9.6,9.55,9.575,300,2021-09-21 15:43:00,ANGN
9.55,9.55,9.55,9.55,100,2021-09-21 15:44:00,ANGN
9.55,9.6099,9.55,9.6099,550,2021-09-21 15:45:00,ANGN
9.55,9.575,9.55,9.575,200,2021-09-21 15:46:00,ANGN
9.55,9.6,9.55,9.6,200,2021-09-21 15:47:00,ANGN
9.55,9.575,9.55,9.575,300,2021-09-21 15:48:00,ANGN
9.55,9.55,9.55,9.55,100,2021-09-21 15:49:00,ANGN
9.55,9.6,9.55,9.55,600,2021-09-21 15:50:00,ANGN
9.6,9.6,9.56,9.56,200,2021-09-21 15:51:00,ANGN
9.56,9.61,9.56,9.61,400,2021-09-21 15:52:00,ANGN
9.58,9.59,9.58,9.59,200,2021-09-21 15:53:00,ANGN
9.58,9.58,9.57,9.57,600,2021-09-21 15:54:00,ANGN
9.58,9.58,9.54,9.555,800,2021-09-21 15:55:00,ANGN
9.54,9.555,9.54,9.555,300,2021-09-21 15:56:00,ANGN
9.555,9.57,9.555,9.57,440,2021-09-21 15:57:00,ANGN
9.61,9.61,9.56,9.56,200,2021-09-21 16:00:00,ANGN
9.57,9.595,9.5,9.595,3944,2021-09-21 16:01:00,ANGN
9.52,9.55,9.52,9.55,300,2021-09-21 16:02:00,ANGN
9.52,9.52,9.52,9.52,100,2021-09-21 16:03:00,ANGN
9.52,9.55,9.52,9.52,400,2021-09-21 16:04:00,ANGN
9.56,9.56,9.56,9.56,300,2021-09-21 16:05:00,ANGN
9.53,9.56,9.52,9.545,700,2021-09-21 16:06:00,ANGN
9.51,9.555,9.51,9.55,500,2021-09-21 16:07:00,ANGN
9.51,9.555,9.51,9.555,300,2021-09-21 16:08:00,ANGN
9.52,9.59,9.52,9.52,500,2021-09-21 16:09:00,ANGN
9.53,9.53,9.53,9.53,100,2021-09-21 16:10:00,ANGN
9.53,9.58,9.53,9.58,200,2021-09-21 16:11:00,ANGN
9.53,9.53,9.53,9.53,100,2021-09-21 16:12:00,ANGN
9.54,9.57,9.52,9.57,400,2021-09-21 16:13:00,ANGN
9.58,9.58,9.56,9.56,400,2021-09-21 16:14:00,ANGN
9.61,9.61,9.61,9.61,100,2021-09-21 16:16:00,ANGN
9.54,9.54,9.54,9.54,100,2021-09-21 16:17:00,ANGN
9.58,9.58,9.54,9.54,200,2021-09-21 16:18:00,ANGN
9.58,9.58,9.58,9.58,100,2021-09-21 16:20:00,ANGN
9.55,9.55,9.54,9.54,300,2021-09-21 16:21:00,ANGN
9.58,9.58,9.58,9.58,100,2021-09-21 16:23:00,ANGN
9.58,9.58,9.54,9.54,700,2021-09-21 16:26:00,ANGN
9.58,9.58,9.54,9.54,300,2021-09-21 16:27:00,ANGN
9.58,9.58,9.54,9.54,200,2021-09-21 16:28:00,ANGN
9.58,9.58,9.58,9.58,100,2021-09-21 16:29:00,ANGN
9.54,9.54,9.54,9.54,100,2021-09-21 16:30:00,ANGN
9.55,9.55,9.54,9.54,200,2021-09-21 16:31:00,ANGN
9.54,9.54,9.54,9.54,100,2021-09-21 16:32:00,ANGN
9.56,9.56,9.56,9.56,100,2021-09-21 16:33:00,ANGN
9.56,9.56,9.56,9.56,100,2021-09-21 16:34:00,ANGN
9.55,9.55,9.49,9.49,1487,2021-09-21 16:36:00,ANGN
9.525,9.525,9.525,9.525,100,2021-09-21 16:37:00,ANGN
9.49,9.49,9.49,9.49,100,2021-09-21 16:38:00,ANGN
9.5,9.5,9.49,9.49,200,2021-09-21 16:39:00,ANGN
9.49,9.5,9.42,9.42,1408,2021-09-21 16:40:00,ANGN
9.41,9.45,9.41,9.45,1000,2021-09-21 16:41:00,ANGN
9.43,9.43,9.43,9.43,100,2021-09-21 16:42:00,ANGN
9.43,9.455,9.42,9.42,534,2021-09-21 16:43:00,ANGN
9.42,9.44,9.42,9.44,500,2021-09-21 16:44:00,ANGN
9.42,9.42,9.42,9.42,1600,2021-09-21 16:45:00,ANGN
9.39,9.45,9.39,9.39,1500,2021-09-21 16:46:00,ANGN
9.4689,9.4689,9.4689,9.4689,200,2021-09-21 16:48:00,ANGN
9.4,9.4,9.39,9.39,300,2021-09-21 16:49:00,ANGN
9.44,9.44,9.39,9.39,500,2021-09-21 16:50:00,ANGN
9.39,9.415,9.35,9.35,1200,2021-09-21 16:51:00,ANGN
9.35,9.35,9.35,9.35,313,2021-09-21 16:52:00,ANGN
9.29,9.315,9.26,9.26,500,2021-09-21 16:53:00,ANGN
9.25,9.305,9.25,9.305,200,2021-09-21 16:54:00,ANGN
9.26,9.33,9.26,9.33,820,2021-09-21 16:55:00,ANGN
9.28,9.36,9.28,9.28,550,2021-09-21 16:57:00,ANGN
9.3,9.3,9.3,9.3,100,2021-09-21 16:58:00,ANGN
9.3,9.3,9.29,9.29,200,2021-09-21 16:59:00,ANGN
9.315,9.315,9.3,9.3,200,2021-09-21 17:00:00,ANGN
9.29,9.34,9.29,9.31,1793,2021-09-21 17:01:00,ANGN
9.35,9.35,9.32,9.32,500,2021-09-21 17:04:00,ANGN
9.32,9.35,9.31,9.35,900,2021-09-21 17:08:00,ANGN
9.37,9.37,9.37,9.37,400,2021-09-21 17:10:00,ANGN
9.37,9.37,9.37,9.37,100,2021-09-21 17:13:00,ANGN
9.42,9.43,9.42,9.43,400,2021-09-21 17:14:00,ANGN
9.38,9.38,9.38,9.38,100,2021-09-21 17:16:00,ANGN
9.42,9.43,9.37,9.43,500,2021-09-21 17:17:00,ANGN
9.4,9.4,9.38,9.38,200,2021-09-21 17:18:00,ANGN
9.37,9.37,9.37,9.37,100,2021-09-21 17:19:00,ANGN
9.4,9.4,9.4,9.4,100,2021-09-21 17:20:00,ANGN
9.4,9.4,9.4,9.4,100,2021-09-21 17:22:00,ANGN
9.385,9.385,9.37,9.37,200,2021-09-21 17:23:00,ANGN
9.4,9.43,9.39,9.43,2316,2021-09-21 17:26:00,ANGN
9.39,9.39,9.39,9.39,100,2021-09-21 17:29:00,ANGN
9.39,9.39,9.32,9.32,1100,2021-09-21 17:30:00,ANGN
9.36,9.41,9.33,9.33,1644,2021-09-21 17:31:00,ANGN
9.33,9.375,9.33,9.375,300,2021-09-21 17:32:00,ANGN
9.34,9.36,9.34,9.36,200,2021-09-21 17:33:00,ANGN
9.34,9.375,9.33,9.33,300,2021-09-21 17:34:00,ANGN
9.33,9.33,9.33,9.33,200,2021-09-21 17:35:00,ANGN
9.3606,9.375,9.3606,9.375,200,2021-09-21 17:36:00,ANGN
9.36,9.41,9.34,9.41,992,2021-09-21 17:39:00,ANGN
9.34,9.34,9.34,9.34,100,2021-09-21 17:40:00,ANGN
9.34,9.37,9.34,9.37,200,2021-09-21 17:41:00,ANGN
9.41,9.41,9.41,9.41,1273,2021-09-21 17:42:00,ANGN
9.35,9.44,9.35,9.44,300,2021-09-21 17:44:00,ANGN
9.36,9.39,9.36,9.39,300,2021-09-21 17:45:00,ANGN
9.39,9.39,9.36,9.39,300,2021-09-21 17:46:00,ANGN
9.39,9.43,9.39,9.43,200,2021-09-21 17:47:00,ANGN
9.36,9.37,9.36,9.37,242,2021-09-21 17:48:00,ANGN
9.39,9.39,9.39,9.39,100,2021-09-21 17:49:00,ANGN
9.37,9.39,9.37,9.39,200,2021-09-21 17:50:00,ANGN
9.39,9.42,9.39,9.42,200,2021-09-21 17:51:00,ANGN
9.37,9.37,9.37,9.37,100,2021-09-21 17:52:00,ANGN
9.45,9.52,9.44,9.52,600,2021-09-21 17:53:00,ANGN
9.4,9.49,9.4,9.49,200,2021-09-21 17:55:00,ANGN
9.49,9.49,9.41,9.41,200,2021-09-21 17:56:00,ANGN
9.45,9.45,9.42,9.42,300,2021-09-21 17:57:00,ANGN
9.42,9.47,9.42,9.47,200,2021-09-21 17:58:00,ANGN
9.42,9.42,9.42,9.42,100,2021-09-21 17:59:00,ANGN
9.445,9.445,9.445,9.445,100,2021-09-21 18:00:00,ANGN
9.44,9.44,9.41,9.41,300,2021-09-21 18:01:00,ANGN
9.445,9.56,9.41,9.535,1400,2021-09-21 18:02:00,ANGN
9.58,9.58,9.5706,9.5706,400,2021-09-21 18:04:00,ANGN
9.58,9.58,9.58,9.58,811,2021-09-21 18:05:00,ANGN
9.64,9.64,9.64,9.64,100,2021-09-21 18:07:00,ANGN
9.59,9.59,9.59,9.59,100,2021-09-21 18:08:00,ANGN
9.57,9.65,9.57,9.61,840,2021-09-21 18:09:00,ANGN
9.6,9.6,9.56,9.56,400,2021-09-21 18:10:00,ANGN
9.53,9.54,9.53,9.54,200,2021-09-21 18:11:00,ANGN
9.55,9.6,9.55,9.6,500,2021-09-21 18:12:00,ANGN
9.67,9.67,9.67,9.67,200,2021-09-21 18:13:00,ANGN
9.74,9.81,9.74,9.79,400,2021-09-21 18:16:00,ANGN
9.73,9.73,9.73,9.73,100,2021-09-21 18:18:00,ANGN
9.69,9.8,9.69,9.8,300,2021-09-21 18:19:00,ANGN
9.78,9.78,9.78,9.78,100,2021-09-21 18:20:00,ANGN
9.735,9.79,9.71,9.71,300,2021-09-21 18:22:00,ANGN
9.69,9.69,9.69,9.69,200,2021-09-21 18:23:00,ANGN
9.69,9.69,9.69,9.69,100,2021-09-21 18:24:00,ANGN
9.77,9.77,9.68,9.68,300,2021-09-21 18:25:00,ANGN
9.69,9.69,9.57,9.58,1600,2021-09-21 18:26:00,ANGN
9.57,9.605,9.54,9.54,300,2021-09-21 18:27:00,ANGN
9.55,9.55,9.54,9.55,400,2021-09-21 18:28:00,ANGN
9.55,9.585,9.55,9.585,500,2021-09-21 18:29:00,ANGN
9.54,9.55,9.54,9.54,500,2021-09-21 18:30:00,ANGN
9.55,9.63,9.55,9.55,500,2021-09-21 18:31:00,ANGN
9.63,9.72,9.62,9.72,2800,2021-09-21 18:32:00,ANGN
9.68,9.68,9.655,9.655,384,2021-09-21 18:33:00,ANGN
9.655,9.655,9.655,9.655,100,2021-09-21 18:34:00,ANGN
9.62,9.63,9.61,9.62,942,2021-09-21 18:35:00,ANGN
9.57,9.62,9.55,9.55,800,2021-09-21 18:36:00,ANGN
9.56,9.63,9.56,9.58,518,2021-09-21 18:37:00,ANGN
9.55,9.55,9.55,9.55,100,2021-09-21 18:38:00,ANGN
9.55,9.585,9.54,9.585,300,2021-09-21 18:39:00,ANGN
9.54,9.54,9.51,9.5101,638,2021-09-21 18:40:00,ANGN
9.52,9.52,9.4901,9.4901,929,2021-09-21 18:41:00,ANGN
9.5,9.54,9.48,9.5,600,2021-09-21 18:42:00,ANGN
9.48,9.65,9.48,9.595,1050,2021-09-21 18:43:00,ANGN
9.55,9.68,9.55,9.64,700,2021-09-21 18:45:00,ANGN
9.6,9.615,9.6,9.615,200,2021-09-21 18:46:00,ANGN
9.59,9.64,9.59,9.64,700,2021-09-21 18:47:00,ANGN
9.685,9.685,9.685,9.685,100,2021-09-21 18:48:00,ANGN
9.7,9.71,9.7,9.71,450,2021-09-21 18:49:00,ANGN
9.695,9.71,9.69,9.71,800,2021-09-21 18:50:00,ANGN
9.72,9.74,9.72,9.72,1100,2021-09-21 18:51:00,ANGN
9.68,9.68,9.68,9.68,300,2021-09-21 18:52:00,ANGN
9.64,9.69,9.64,9.64,335,2021-09-21 18:53:00,ANGN
9.64,9.67,9.64,9.67,200,2021-09-21 18:54:00,ANGN
9.68,9.73,9.68,9.73,426,2021-09-21 18:55:00,ANGN
9.72,9.73,9.72,9.73,800,2021-09-21 18:56:00,ANGN
9.73,9.73,9.73,9.73,100,2021-09-21 18:57:00,ANGN
9.73,9.73,9.7,9.71,300,2021-09-21 18:58:00,ANGN
9.7,9.7,9.63,9.63,1000,2021-09-21 18:59:00,ANGN
9.665,9.7,9.665,9.7,668,2021-09-21 19:00:00,ANGN
9.74,9.74,9.705,9.705,200,2021-09-21 19:01:00,ANGN
9.67,9.67,9.67,9.67,200,2021-09-21 19:02:00,ANGN
9.65,9.7,9.65,9.65,702,2021-09-21 19:03:00,ANGN
9.68,9.68,9.63,9.63,900,2021-09-21 19:04:00,ANGN
9.63,9.65,9.63,9.63,700,2021-09-21 19:05:00,ANGN
9.7,9.71,9.66,9.71,400,2021-09-21 19:06:00,ANGN
9.72,9.75,9.72,9.75,598,2021-09-21 19:07:00,ANGN
9.755,9.8,9.72,9.8,400,2021-09-21 19:09:00,ANGN
9.755,9.76,9.73,9.73,400,2021-09-21 19:10:00,ANGN
9.76,9.79,9.72,9.75,700,2021-09-21 19:11:00,ANGN
9.75,9.75,9.72,9.72,200,2021-09-21 19:12:00,ANGN
9.75,9.75,9.72,9.72,200,2021-09-21 19:13:00,ANGN
9.72,9.77,9.72,9.72,700,2021-09-21 19:14:00,ANGN
9.72,9.75,9.72,9.72,400,2021-09-21 19:15:00,ANGN
9.75,9.83,9.75,9.82,805,2021-09-21 19:16:00,ANGN
9.8,9.81,9.785,9.785,800,2021-09-21 19:18:00,ANGN
9.785,9.785,9.76,9.775,1150,2021-09-21 19:19:00,ANGN
9.75,9.755,9.75,9.755,200,2021-09-21 19:20:00,ANGN
9.73,9.73,9.68,9.68,900,2021-09-21 19:21:00,ANGN
9.68,9.72,9.68,9.72,200,2021-09-21 19:22:00,ANGN
9.735,9.84,9.735,9.77,1200,2021-09-21 19:23:00,ANGN
9.76,9.76,9.76,9.76,100,2021-09-21 19:24:00,ANGN
9.79,9.79,9.79,9.79,100,2021-09-21 19:25:00,ANGN
9.79,9.98,9.79,9.98,3517,2021-09-21 19:26:00,ANGN
9.96,9.96,9.88,9.9,1500,2021-09-21 19:27:00,ANGN
9.82,9.82,9.82,9.82,200,2021-09-21 19:28:00,ANGN
9.8,9.89,9.8,9.8,1384,2021-09-21 19:29:00,ANGN
9.8,9.87,9.8,9.87,400,2021-09-21 19:30:00,ANGN
9.9179,9.9179,9.9179,9.9179,825,2021-09-21 19:31:00,ANGN
9.885,9.9,9.88,9.9,902,2021-09-21 19:32:00,ANGN
9.88,9.88,9.85,9.85,400,2021-09-21 19:33:00,ANGN
9.85,9.875,9.85,9.865,400,2021-09-21 19:34:00,ANGN
9.85,9.85,9.8,9.8,700,2021-09-21 19:35:00,ANGN
9.8,9.83,9.8,9.8,845,2021-09-21 19:36:00,ANGN
9.76,9.86,9.76,9.85,3367,2021-09-21 19:37:00,ANGN
9.88,9.89,9.85,9.885,1792,2021-09-21 19:38:00,ANGN
9.885,9.885,9.84,9.84,1700,2021-09-21 19:39:00,ANGN
9.825,9.825,9.79,9.8,768,2021-09-21 19:40:00,ANGN
9.83,9.83,9.8,9.8,300,2021-09-21 19:41:00,ANGN
9.8,9.82,9.78,9.78,1234,2021-09-21 19:42:00,ANGN
9.8,9.815,9.79,9.8,2727,2021-09-21 19:43:00,ANGN
9.78,9.78,9.77,9.77,310,2021-09-21 19:46:00,ANGN
9.75,9.75,9.73,9.73,283,2021-09-21 19:47:00,ANGN
9.72,9.78,9.72,9.78,386,2021-09-21 19:49:00,ANGN
9.81,9.88,9.79,9.81,2119,2021-09-21 19:50:00,ANGN
9.84,9.87,9.84,9.87,200,2021-09-21 19:51:00,ANGN
9.885,9.885,9.85,9.85,1151,2021-09-21 19:52:00,ANGN
9.86,9.865,9.85,9.865,300,2021-09-21 19:53:00,ANGN
9.87,9.99,9.87,9.93,4410,2021-09-21 19:54:00,ANGN
9.985,10.02,9.985,10.0,1883,2021-09-21 19:57:00,ANGN
10.015,10.04,9.99,10.02,2393,2021-09-21 19:58:00,ANGN
10.01,10.03,9.94,9.94,4154,2021-09-21 19:59:00,ANGN
9.98,9.98,9.98,9.98,117789,2021-09-21 20:00:00,ANGN
10.01,10.01,10.01,10.01,443,2021-09-22 13:30:00,ANGN
9.98,9.98,9.98,9.98,200,2021-09-22 13:31:00,ANGN
10.1598,10.1598,10.1598,10.1598,300,2021-09-22 13:44:00,ANGN
10.1499,10.1499,10.1499,10.1499,100,2021-09-22 14:02:00,ANGN
10.15,10.15,10.15,10.15,103,2021-09-22 14:12:00,ANGN
10.21,10.35,10.1528,10.34,3057,2021-09-22 14:13:00,ANGN
10.44,10.44,10.44,10.44,100,2021-09-22 14:17:00,ANGN
10.4,10.4,10.4,10.4,200,2021-09-22 14:19:00,ANGN
10.4,10.4,10.4,10.4,100,2021-09-22 14:20:00,ANGN
10.36,10.36,10.36,10.36,110,2021-09-22 14:21:00,ANGN
10.44,10.44,10.44,10.44,100,2021-09-22 14:22:00,ANGN
10.37,10.44,10.37,10.44,200,2021-09-22 14:25:00,ANGN
10.42,10.42,10.4,10.4,500,2021-09-22 14:26:00,ANGN
10.45,10.65,10.45,10.65,3258,2021-09-22 14:30:00,ANGN
10.75,10.75,10.75,10.75,100,2021-09-22 14:31:00,ANGN
10.61,10.64,10.59,10.64,1300,2021-09-22 14:32:00,ANGN
10.5243,10.5243,10.5243,10.5243,100,2021-09-22 14:36:00,ANGN
10.52,10.52,10.52,10.52,358,2021-09-22 14:37:00,ANGN
10.45,10.45,10.38,10.38,300,2021-09-22 14:42:00,ANGN
10.4836,10.4836,10.4836,10.4836,1000,2021-09-22 14:44:00,ANGN
10.451,10.451,10.451,10.451,950,2021-09-22 14:48:00,ANGN
10.45,10.52,10.45,10.52,1500,2021-09-22 14:50:00,ANGN
10.53,10.53,10.53,10.53,309,2021-09-22 14:54:00,ANGN
10.55,10.55,10.47,10.49,500,2021-09-22 14:56:00,ANGN
10.48,10.48,10.48,10.48,200,2021-09-22 15:04:00,ANGN
10.41,10.41,10.41,10.41,100,2021-09-22 15:10:00,ANGN
10.381,10.48,10.381,10.48,1012,2021-09-22 15:18:00,ANGN
10.48,10.49,10.48,10.49,600,2021-09-22 15:19:00,ANGN
10.56,10.56,10.56,10.56,100,2021-09-22 15:20:00,ANGN
10.61,10.61,10.61,10.61,200,2021-09-22 15:23:00,ANGN
10.56,10.56,10.56,10.56,100,2021-09-22 15:29:00,ANGN
10.53,10.54,10.53,10.54,400,2021-09-22 15:30:00,ANGN
10.52,10.52,10.52,10.52,200,2021-09-22 15:33:00,ANGN
10.56,10.56,10.56,10.56,100,2021-09-22 15:36:00,ANGN
10.57,10.57,10.57,10.57,100,2021-09-22 15:37:00,ANGN
10.58,10.59,10.56,10.57,1264,2021-09-22 15:40:00,ANGN
10.54,10.54,10.54,10.54,108,2021-09-22 15:42:00,ANGN
10.48,10.48,10.48,10.48,388,2021-09-22 15:43:00,ANGN
10.5999,10.5999,10.5999,10.5999,400,2021-09-22 15:44:00,ANGN
10.54,10.54,10.5101,10.5101,338,2021-09-22 15:46:00,ANGN
10.51,10.51,10.51,10.51,200,2021-09-22 15:49:00,ANGN
10.55,10.55,10.55,10.55,500,2021-09-22 15:54:00,ANGN
10.55,10.55,10.55,10.55,300,2021-09-22 15:55:00,ANGN
10.51,10.51,10.51,10.51,100,2021-09-22 16:01:00,ANGN
10.53,10.53,10.53,10.53,100,2021-09-22 16:02:00,ANGN
10.4601,10.54,10.4601,10.54,2400,2021-09-22 16:07:00,ANGN
10.48,10.48,10.48,10.48,100,2021-09-22 16:08:00,ANGN
10.4601,10.4601,10.4601,10.4601,960,2021-09-22 16:14:00,ANGN
10.4693,10.4693,10.4693,10.4693,1000,2021-09-22 16:15:00,ANGN
10.5,10.54,10.5,10.54,1074,2021-09-22 16:17:00,ANGN
10.5,10.5,10.5,10.5,100,2021-09-22 16:19:00,ANGN
10.47,10.47,10.45,10.45,1100,2021-09-22 16:21:00,ANGN
10.37,10.45,10.37,10.45,200,2021-09-22 16:22:00,ANGN
10.36,10.36,10.36,10.36,145,2021-09-22 16:26:00,ANGN
10.361,10.361,10.361,10.361,100,2021-09-22 16:29:00,ANGN
10.39,10.39,10.3102,10.3102,964,2021-09-22 16:36:00,ANGN
10.3002,10.3002,10.3002,10.3002,1169,2021-09-22 16:37:00,ANGN
10.35,10.35,10.35,10.35,100,2021-09-22 16:38:00,ANGN
10.35,10.35,10.35,10.35,1000,2021-09-22 16:42:00,ANGN
10.2901,10.2901,10.2901,10.2901,1000,2021-09-22 16:44:00,ANGN
10.2901,10.2901,10.2901,10.2901,1000,2021-09-22 16:45:00,ANGN
10.33,10.43,10.33,10.43,2172,2021-09-22 16:46:00,ANGN
10.35,10.35,10.35,10.35,100,2021-09-22 16:54:00,ANGN
10.405,10.405,10.405,10.405,100,2021-09-22 16:57:00,ANGN
10.45,10.45,10.45,10.45,100,2021-09-22 17:00:00,ANGN
10.43,10.43,10.43,10.43,200,2021-09-22 17:01:00,ANGN
10.385,10.385,10.385,10.385,200,2021-09-22 17:05:00,ANGN
10.38,10.38,10.38,10.38,100,2021-09-22 17:19:00,ANGN
10.36,10.36,10.36,10.36,100,2021-09-22 17:22:00,ANGN
10.36,10.36,10.36,10.36,100,2021-09-22 17:32:00,ANGN
10.375,10.375,10.37,10.37,200,2021-09-22 17:35:00,ANGN
10.37,10.37,10.35,10.35,2932,2021-09-22 17:40:00,ANGN
10.37,10.37,10.37,10.37,100,2021-09-22 17:45:00,ANGN
10.38,10.38,10.38,10.38,100,2021-09-22 17:57:00,ANGN
10.36,10.36,10.36,10.36,100,2021-09-22 17:58:00,ANGN
10.35,10.35,10.35,10.35,100,2021-09-22 18:00:00,ANGN
10.42,10.42,10.42,10.42,100,2021-09-22 18:09:00,ANGN
10.45,10.45,10.43,10.43,300,2021-09-22 18:11:00,ANGN
10.47,10.56,10.47,10.56,300,2021-09-22 18:14:00,ANGN
10.55,10.57,10.55,10.57,400,2021-09-22 18:16:00,ANGN
10.56,10.56,10.56,10.56,100,2021-09-22 18:18:00,ANGN
10.5,10.5,10.5,10.5,100,2021-09-22 18:22:00,ANGN
10.5,10.5,10.5,10.5,928,2021-09-22 18:27:00,ANGN
10.5,10.5,10.5,10.5,100,2021-09-22 18:30:00,ANGN
10.47,10.47,10.47,10.47,200,2021-09-22 18:34:00,ANGN
10.44,10.44,10.421,10.421,261,2021-09-22 18:39:00,ANGN
10.45,10.45,10.45,10.45,100,2021-09-22 18:43:00,ANGN
10.43,10.43,10.43,10.43,100,2021-09-22 18:46:00,ANGN
10.38,10.4,10.36,10.4,2200,2021-09-22 18:49:00,ANGN
10.35,10.35,10.35,10.35,100,2021-09-22 18:51:00,ANGN
10.385,10.47,10.385,10.47,400,2021-09-22 18:57:00,ANGN
10.38,10.4,10.38,10.4,400,2021-09-22 19:01:00,ANGN
10.39,10.39,10.39,10.39,100,2021-09-22 19:13:00,ANGN
10.35,10.37,10.35,10.37,200,2021-09-22 19:14:00,ANGN
10.4,10.4,10.4,10.4,100,2021-09-22 19:21:00,ANGN
10.371,10.371,10.37,10.37,300,2021-09-22 19:25:00,ANGN
10.365,10.365,10.365,10.365,100,2021-09-22 19:27:00,ANGN
10.37,10.37,10.33,10.33,300,2021-09-22 19:33:00,ANGN
10.31,10.35,10.31,10.35,700,2021-09-22 19:37:00,ANGN
10.32,10.32,10.28,10.28,200,2021-09-22 19:44:00,ANGN
10.3,10.32,10.24,10.25,2029,2021-09-22 19:46:00,ANGN
10.21,10.26,10.2,10.205,600,2021-09-22 19:47:00,ANGN
10.275,10.275,10.22,10.22,200,2021-09-22 19:48:00,ANGN
10.23,10.26,10.23,10.26,500,2021-09-22 19:49:00,ANGN
10.26,10.26,10.215,10.26,2056,2021-09-22 19:50:00,ANGN
10.24,10.25,10.22,10.235,800,2021-09-22 19:52:00,ANGN
10.25,10.265,10.24,10.265,815,2021-09-22 19:53:00,ANGN
10.265,10.27,10.265,10.27,200,2021-09-22 19:54:00,ANGN
10.265,10.27,10.19,10.19,1286,2021-09-22 19:55:00,ANGN
10.195,10.25,10.195,10.25,400,2021-09-22 19:56:00,ANGN
10.24,10.255,10.24,10.255,400,2021-09-22 19:57:00,ANGN
10.26,10.275,10.23,10.275,1300,2021-09-22 19:58:00,ANGN
10.28,10.31,10.24,10.28,2406,2021-09-22 19:59:00,ANGN
10.25,10.25,10.25,10.25,7548,2021-09-22 20:00:00,ANGN
10.25,10.25,10.25,10.25,245,2021-09-22 20:01:00,ANGN
10.28,10.28,10.28,10.28,400,2021-09-22 23:14:00,ANGN
10.29,10.29,10.29,10.29,1351,2021-09-23 13:30:00,ANGN
10.4468,10.4468,10.4468,10.4468,500,2021-09-23 13:35:00,ANGN
10.15,10.15,10.15,10.15,100,2021-09-23 13:36:00,ANGN
10.15,10.15,10.15,10.15,100,2021-09-23 13:46:00,ANGN
10.3579,10.3579,10.3579,10.3579,100,2021-09-23 14:07:00,ANGN
10.17,10.18,10.17,10.18,200,2021-09-23 14:08:00,ANGN
10.19,10.19,10.19,10.19,330,2021-09-23 14:18:00,ANGN
10.19,10.19,10.19,10.19,100,2021-09-23 14:23:00,ANGN
10.06,10.06,10.06,10.06,200,2021-09-23 14:29:00,ANGN
10.06,10.06,10.06,10.06,100,2021-09-23 14:33:00,ANGN
10.1,10.1,10.1,10.1,100,2021-09-23 14:35:00,ANGN
10.26,10.26,10.11,10.11,200,2021-09-23 14:41:00,ANGN
10.26,10.26,10.26,10.26,100,2021-09-23 14:44:00,ANGN
10.12,10.12,10.12,10.12,100,2021-09-23 14:45:00,ANGN
10.13,10.13,10.13,10.13,100,2021-09-23 14:53:00,ANGN
10.2524,10.2524,10.2524,10.2524,200,2021-09-23 14:56:00,ANGN
10.125,10.125,10.125,10.125,100,2021-09-23 14:57:00,ANGN
10.185,10.185,10.13,10.13,200,2021-09-23 14:58:00,ANGN
10.14,10.14,10.14,10.14,100,2021-09-23 15:03:00,ANGN
10.17,10.17,10.17,10.17,210,2021-09-23 15:12:00,ANGN
10.13,10.13,10.13,10.13,100,2021-09-23 15:14:00,ANGN
10.145,10.145,10.145,10.145,100,2021-09-23 15:19:00,ANGN
10.14,10.14,10.14,10.14,100,2021-09-23 15:24:00,ANGN
10.19,10.22,10.19,10.22,200,2021-09-23 15:27:00,ANGN
10.2152,10.2152,10.2152,10.2152,250,2021-09-23 15:33:00,ANGN
10.23,10.23,10.23,10.23,100,2021-09-23 15:41:00,ANGN
10.2,10.2,10.2,10.2,100,2021-09-23 15:44:00,ANGN
10.2,10.2,10.2,10.2,100,2021-09-23 15:49:00,ANGN
10.31,10.31,10.31,10.31,100,2021-09-23 16:01:00,ANGN
10.23,10.23,10.23,10.23,200,2021-09-23 16:02:00,ANGN
10.31,10.31,10.31,10.31,100,2021-09-23 16:06:00,ANGN
10.32,10.32,10.32,10.32,100,2021-09-23 16:07:00,ANGN
10.31,10.31,10.3,10.3,300,2021-09-23 16:09:00,ANGN
10.25,10.25,10.25,10.25,200,2021-09-23 16:20:00,ANGN
10.35,10.35,10.25,10.35,2100,2021-09-23 16:22:00,ANGN
10.34,10.38,10.34,10.375,2422,2021-09-23 16:23:00,ANGN
10.43,10.45,10.43,10.45,326,2021-09-23 16:24:00,ANGN
10.39,10.4,10.37,10.37,1800,2021-09-23 16:28:00,ANGN
10.335,10.335,10.33,10.33,200,2021-09-23 16:41:00,ANGN
10.35,10.38,10.35,10.38,200,2021-09-23 16:49:00,ANGN
10.31,10.35,10.31,10.35,200,2021-09-23 16:50:00,ANGN
10.32,10.32,10.32,10.32,200,2021-09-23 17:05:00,ANGN
10.355,10.355,10.355,10.355,100,2021-09-23 17:13:00,ANGN
10.32,10.32,10.32,10.32,200,2021-09-23 17:16:00,ANGN
10.39,10.39,10.39,10.39,400,2021-09-23 17:23:00,ANGN
10.45,10.45,10.45,10.45,335,2021-09-23 17:38:00,ANGN
10.47,10.47,10.47,10.47,100,2021-09-23 17:44:00,ANGN
10.45,10.45,10.45,10.45,400,2021-09-23 17:47:00,ANGN
10.34,10.34,10.34,10.34,200,2021-09-23 17:52:00,ANGN
10.34,10.34,10.34,10.34,100,2021-09-23 17:55:00,ANGN
10.4,10.4,10.4,10.4,100,2021-09-23 18:00:00,ANGN
10.3,10.3,10.3,10.3,200,2021-09-23 18:01:00,ANGN
10.385,10.385,10.385,10.385,100,2021-09-23 18:07:00,ANGN
10.24,10.24,10.24,10.24,200,2021-09-23 18:10:00,ANGN
10.35,10.35,10.35,10.35,100,2021-09-23 18:12:00,ANGN
10.38,10.38,10.38,10.38,100,2021-09-23 18:14:00,ANGN
10.4,10.4,10.4,10.4,100,2021-09-23 18:18:00,ANGN
10.4,10.4,10.39,10.39,200,2021-09-23 18:20:00,ANGN
10.45,10.45,10.45,10.45,100,2021-09-23 18:30:00,ANGN
10.4,10.4,10.4,10.4,300,2021-09-23 18:35:00,ANGN
10.29,10.41,10.29,10.41,200,2021-09-23 18:37:00,ANGN
10.46,10.46,10.46,10.46,100,2021-09-23 18:39:00,ANGN
10.4,10.4,10.4,10.4,345,2021-09-23 18:44:00,ANGN
10.35,10.35,10.3,10.3,200,2021-09-23 18:46:00,ANGN
10.4,10.4,10.4,10.4,167,2021-09-23 18:47:00,ANGN
10.395,10.395,10.395,10.395,100,2021-09-23 18:50:00,ANGN
10.39,10.41,10.39,10.41,400,2021-09-23 18:52:00,ANGN
10.36,10.36,10.36,10.36,200,2021-09-23 18:53:00,ANGN
10.37,10.37,10.37,10.37,100,2021-09-23 19:00:00,ANGN
10.42,10.42,10.39,10.39,500,2021-09-23 19:04:00,ANGN
10.41,10.41,10.41,10.41,100,2021-09-23 19:13:00,ANGN
10.38,10.38,10.37,10.37,200,2021-09-23 19:15:00,ANGN
10.375,10.375,10.375,10.375,100,2021-09-23 19:17:00,ANGN
10.4,10.4,10.35,10.35,200,2021-09-23 19:20:00,ANGN
10.41,10.41,10.41,10.41,100,2021-09-23 19:23:00,ANGN
10.4,10.4,10.4,10.4,100,2021-09-23 19:29:00,ANGN
10.385,10.42,10.35,10.42,742,2021-09-23 19:30:00,ANGN
10.43,10.43,10.43,10.43,200,2021-09-23 19:34:00,ANGN
10.42,10.43,10.405,10.405,1299,2021-09-23 19:35:00,ANGN
10.405,10.405,10.405,10.405,100,2021-09-23 19:36:00,ANGN
10.4,10.41,10.38,10.38,2819,2021-09-23 19:37:00,ANGN
10.39,10.39,10.39,10.39,100,2021-09-23 19:38:00,ANGN
10.385,10.385,10.385,10.385,100,2021-09-23 19:42:00,ANGN
10.4,10.4,10.4,10.4,100,2021-09-23 19:43:00,ANGN
10.4,10.4,10.4,10.4,431,2021-09-23 19:44:00,ANGN
10.4,10.4,10.4,10.4,208,2021-09-23 19:45:00,ANGN
10.38,10.38,10.38,10.38,100,2021-09-23 19:46:00,ANGN
10.4,10.4,10.4,10.4,600,2021-09-23 19:47:00,ANGN
10.4,10.4,10.4,10.4,100,2021-09-23 19:48:00,ANGN
10.405,10.405,10.405,10.405,100,2021-09-23 19:49:00,ANGN
10.41,10.43,10.41,10.41,899,2021-09-23 19:50:00,ANGN
10.395,10.395,10.34,10.35,1497,2021-09-23 19:52:00,ANGN
10.38,10.4,10.38,10.4,400,2021-09-23 19:53:00,ANGN
10.405,10.405,10.405,10.405,200,2021-09-23 19:54:00,ANGN
10.39,10.41,10.35,10.35,1530,2021-09-23 19:55:00,ANGN
10.35,10.37,10.35,10.36,2497,2021-09-23 19:56:00,ANGN
10.35,10.39,10.34,10.39,1426,2021-09-23 19:57:00,ANGN
10.36,10.38,10.33,10.355,1104,2021-09-23 19:58:00,ANGN
10.35,10.37,10.34,10.37,8387,2021-09-23 19:59:00,ANGN
10.35,10.35,10.35,10.35,11374,2021-09-23 20:00:00,ANGN
10.35,10.35,10.35,10.35,642,2021-09-23 20:01:00,ANGN
10.33,10.33,10.33,10.33,2334,2021-09-24 13:30:00,ANGN
10.25,10.25,10.25,10.25,429,2021-09-24 13:48:00,ANGN
10.27,10.27,10.27,10.27,100,2021-09-24 14:15:00,ANGN
10.345,10.345,10.345,10.345,100,2021-09-24 14:40:00,ANGN
10.36,10.36,10.36,10.36,336,2021-09-24 14:49:00,ANGN
10.33,10.33,10.33,10.33,100,2021-09-24 14:57:00,ANGN
10.3,10.3,10.28,10.28,329,2021-09-24 15:11:00,ANGN
10.27,10.27,10.27,10.27,175,2021-09-24 15:43:00,ANGN
10.24,10.24,10.24,10.24,100,2021-09-24 15:51:00,ANGN
10.215,10.215,10.215,10.215,100,2021-09-24 15:52:00,ANGN
10.2675,10.27,10.2675,10.27,200,2021-09-24 15:54:00,ANGN
10.265,10.265,10.265,10.265,100,2021-09-24 15:57:00,ANGN
10.265,10.265,10.265,10.265,100,2021-09-24 16:23:00,ANGN
10.235,10.235,10.235,10.235,100,2021-09-24 16:55:00,ANGN
10.22,10.22,10.22,10.22,200,2021-09-24 17:05:00,ANGN
10.2312,10.2312,10.2312,10.2312,300,2021-09-24 17:06:00,ANGN
10.24,10.24,10.24,10.24,100,2021-09-24 17:10:00,ANGN
10.23,10.23,10.23,10.23,100,2021-09-24 17:20:00,ANGN
10.19,10.19,10.19,10.19,100,2021-09-24 17:31:00,ANGN
10.06,10.06,10.06,10.06,100,2021-09-24 18:07:00,ANGN
10.045,10.055,10.045,10.055,200,2021-09-24 18:16:00,ANGN
10.0862,10.0862,10.0862,10.0862,200,2021-09-24 18:21:00,ANGN
10.1,10.1,10.1,10.1,678,2021-09-24 18:23:00,ANGN
10.1436,10.1436,10.13,10.13,200,2021-09-24 18:32:00,ANGN
10.14,10.14,10.1275,10.1275,200,2021-09-24 18:33:00,ANGN
10.15,10.15,10.15,10.15,200,2021-09-24 18:37:00,ANGN
10.15,10.15,10.15,10.15,100,2021-09-24 18:40:00,ANGN
10.153,10.153,10.153,10.153,500,2021-09-24 18:43:00,ANGN
10.15,10.15,10.15,10.15,100,2021-09-24 18:44:00,ANGN
10.1,10.1,10.09,10.09,200,2021-09-24 19:11:00,ANGN
10.12,10.12,10.12,10.12,100,2021-09-24 19:17:00,ANGN
10.15,10.15,10.14,10.14,369,2021-09-24 19:18:00,ANGN
10.15,10.15,10.15,10.15,400,2021-09-24 19:23:00,ANGN
10.1,10.1,10.1,10.1,100,2021-09-24 19:31:00,ANGN
10.12,10.12,10.12,10.12,100,2021-09-24 19:32:00,ANGN
10.12,10.12,10.12,10.12,100,2021-09-24 19:45:00,ANGN
10.11,10.11,10.11,10.11,200,2021-09-24 19:51:00,ANGN
10.13,10.13,10.11,10.11,1900,2021-09-24 19:52:00,ANGN
10.13,10.13,10.11,10.11,232,2021-09-24 19:53:00,ANGN
10.11,10.11,10.08,10.08,200,2021-09-24 19:55:00,ANGN
10.1,10.1,10.1,10.1,100,2021-09-24 19:56:00,ANGN
10.105,10.105,10.105,10.105,200,2021-09-24 19:57:00,ANGN
10.11,10.11,10.11,10.11,100,2021-09-24 19:58:00,ANGN
10.11,10.11,10.07,10.08,772,2021-09-24 19:59:00,ANGN
10.08,10.08,10.08,10.08,6389,2021-09-24 20:00:00,ANGN
10.08,10.08,10.08,10.08,530,2021-09-27 13:30:00,ANGN
10.12,10.12,10.12,10.12,100,2021-09-27 13:46:00,ANGN
10.165,10.165,10.165,10.165,100,2021-09-27 13:52:00,ANGN
10.07,10.07,10.06,10.06,1200,2021-09-27 13:56:00,ANGN
10.1167,10.132,10.1167,10.132,200,2021-09-27 14:00:00,ANGN
10.08,10.08,9.95,10.06,4803,2021-09-27 14:07:00,ANGN
9.98,10.0,9.95,9.95,300,2021-09-27 14:08:00,ANGN
9.985,9.985,9.93,9.93,200,2021-09-27 14:10:00,ANGN
9.99,9.99,9.94,9.94,400,2021-09-27 14:12:00,ANGN
9.99,9.99,9.99,9.99,100,2021-09-27 14:16:00,ANGN
10.0227,10.0227,9.97,9.97,300,2021-09-27 14:18:00,ANGN
10.06,10.1,10.06,10.06,1032,2021-09-27 14:19:00,ANGN
10.01,10.055,10.01,10.01,1200,2021-09-27 14:20:00,ANGN
10.09,10.09,10.03,10.03,200,2021-09-27 14:23:00,ANGN
10.04,10.04,10.04,10.04,100,2021-09-27 14:24:00,ANGN
10.04,10.04,9.99,9.99,503,2021-09-27 14:31:00,ANGN
10.0,10.05,10.0,10.05,800,2021-09-27 14:39:00,ANGN
10.05,10.05,10.05,10.05,243,2021-09-27 14:40:00,ANGN
10.05,10.05,10.05,10.05,200,2021-09-27 14:41:00,ANGN
10.1,10.105,10.07,10.08,2045,2021-09-27 14:43:00,ANGN
10.055,10.055,9.98,10.0194,3050,2021-09-27 14:44:00,ANGN
10.045,10.06,9.98,9.99,2063,2021-09-27 14:49:00,ANGN
10.01,10.01,10.0,10.01,1400,2021-09-27 14:54:00,ANGN
9.96,9.96,9.96,9.96,200,2021-09-27 14:57:00,ANGN
9.96,9.96,9.95,9.95,561,2021-09-27 15:00:00,ANGN
10.01,10.01,9.93,9.93,500,2021-09-27 15:01:00,ANGN
9.94,9.94,9.94,9.94,100,2021-09-27 15:11:00,ANGN
9.95,9.985,9.93,9.93,874,2021-09-27 15:13:00,ANGN
9.91,9.91,9.91,9.91,768,2021-09-27 15:15:00,ANGN
10.04,10.08,9.99,10.05,1962,2021-09-27 15:16:00,ANGN
10.19,10.19,10.19,10.19,114,2021-09-27 15:19:00,ANGN
10.2,10.2,10.2,10.2,100,2021-09-27 15:20:00,ANGN
10.2,10.2,10.2,10.2,400,2021-09-27 15:24:00,ANGN
10.2,10.2,10.2,10.2,100,2021-09-27 15:25:00,ANGN
10.205,10.205,10.205,10.205,100,2021-09-27 15:28:00,ANGN
10.21,10.21,10.21,10.21,100,2021-09-27 15:39:00,ANGN
10.22,10.22,10.22,10.22,1700,2021-09-27 15:43:00,ANGN
10.2,10.2,10.2,10.2,212,2021-09-27 15:44:00,ANGN
10.2,10.205,10.2,10.205,200,2021-09-27 15:48:00,ANGN
10.22,10.22,10.22,10.22,100,2021-09-27 15:49:00,ANGN
10.22,10.22,10.22,10.22,100,2021-09-27 15:55:00,ANGN
10.22,10.22,10.22,10.22,100,2021-09-27 16:00:00,ANGN
10.22,10.24,10.18,10.21,1199,2021-09-27 16:07:00,ANGN
10.225,10.225,10.225,10.225,100,2021-09-27 16:15:00,ANGN
10.19,10.19,10.19,10.19,300,2021-09-27 16:19:00,ANGN
10.22,10.235,10.22,10.22,515,2021-09-27 16:24:00,ANGN
10.28,10.28,10.24,10.24,1275,2021-09-27 16:29:00,ANGN
10.22,10.22,10.21,10.21,200,2021-09-27 16:30:00,ANGN
10.25,10.255,10.245,10.245,1200,2021-09-27 16:34:00,ANGN
10.22,10.22,10.22,10.22,300,2021-09-27 16:36:00,ANGN
10.22,10.26,10.22,10.26,500,2021-09-27 16:38:00,ANGN
10.27,10.27,10.27,10.27,100,2021-09-27 16:41:00,ANGN
10.245,10.245,10.245,10.245,200,2021-09-27 16:42:00,ANGN
10.25,10.25,10.25,10.25,200,2021-09-27 16:43:00,ANGN
10.23,10.25,10.23,10.23,546,2021-09-27 16:45:00,ANGN
10.245,10.245,10.245,10.245,100,2021-09-27 16:46:00,ANGN
10.23,10.25,10.23,10.25,400,2021-09-27 16:47:00,ANGN
10.21,10.21,10.21,10.21,100,2021-09-27 16:52:00,ANGN
10.18,10.18,10.17,10.17,500,2021-09-27 17:07:00,ANGN
10.215,10.225,10.215,10.225,200,2021-09-27 17:21:00,ANGN
10.18,10.2,10.18,10.2,800,2021-09-27 17:37:00,ANGN
10.2197,10.2197,10.2,10.2,1301,2021-09-27 17:59:00,ANGN
10.205,10.21,10.205,10.21,300,2021-09-27 18:00:00,ANGN
10.23,10.23,10.23,10.23,100,2021-09-27 18:02:00,ANGN
10.23,10.23,10.23,10.23,100,2021-09-27 18:11:00,ANGN
10.29,10.29,10.27,10.27,200,2021-09-27 18:18:00,ANGN
10.315,10.315,10.315,10.315,200,2021-09-27 18:23:00,ANGN
10.29,10.3,10.28,10.28,1127,2021-09-27 18:26:00,ANGN
10.345,10.345,10.345,10.345,100,2021-09-27 18:36:00,ANGN
10.345,10.345,10.345,10.345,100,2021-09-27 18:37:00,ANGN
10.35,10.35,10.35,10.35,361,2021-09-27 18:39:00,ANGN
10.375,10.375,10.35,10.35,1100,2021-09-27 18:41:00,ANGN
10.35,10.35,10.33,10.33,500,2021-09-27 18:42:00,ANGN
10.32,10.32,10.32,10.32,200,2021-09-27 18:43:00,ANGN
10.32,10.32,10.29,10.29,900,2021-09-27 18:45:00,ANGN
10.265,10.265,10.17,10.2,2722,2021-09-27 18:46:00,ANGN
10.2,10.25,10.18,10.245,4795,2021-09-27 18:47:00,ANGN
10.265,10.295,10.24,10.275,1600,2021-09-27 18:48:00,ANGN
10.29,10.3,10.26,10.3,3845,2021-09-27 18:49:00,ANGN
10.33,10.33,10.27,10.275,400,2021-09-27 18:52:00,ANGN
10.27,10.28,10.26,10.28,700,2021-09-27 18:53:00,ANGN
10.27,10.27,10.26,10.26,600,2021-09-27 18:54:00,ANGN
10.21,10.215,10.14,10.14,506,2021-09-27 18:55:00,ANGN
10.19,10.26,10.17,10.2,2795,2021-09-27 18:56:00,ANGN
10.25,10.25,10.25,10.25,600,2021-09-27 18:57:00,ANGN
10.27,10.35,10.27,10.35,683,2021-09-27 18:58:00,ANGN
10.315,10.315,10.315,10.315,100,2021-09-27 18:59:00,ANGN
10.36,10.36,10.35,10.36,602,2021-09-27 19:10:00,ANGN
10.37,10.38,10.37,10.38,300,2021-09-27 19:16:00,ANGN
10.38,10.44,10.3559,10.42,2800,2021-09-27 19:17:00,ANGN
10.3662,10.45,10.3662,10.445,4138,2021-09-27 19:21:00,ANGN
10.48,10.48,10.48,10.48,100,2021-09-27 19:22:00,ANGN
10.4001,10.4001,10.4001,10.4001,1250,2021-09-27 19:23:00,ANGN
10.42,10.46,10.42,10.46,207,2021-09-27 19:25:00,ANGN
10.46,10.46,10.46,10.46,400,2021-09-27 19:26:00,ANGN
10.42,10.42,10.42,10.42,100,2021-09-27 19:27:00,ANGN
10.4,10.4,10.4,10.4,100,2021-09-27 19:33:00,ANGN
10.425,10.425,10.41,10.41,300,2021-09-27 19:34:00,ANGN
10.41,10.41,10.41,10.41,100,2021-09-27 19:35:00,ANGN
10.4,10.4,10.3898,10.4,900,2021-09-27 19:43:00,ANGN
10.33,10.33,10.33,10.33,100,2021-09-27 19:44:00,ANGN
10.33,10.33,10.31,10.31,300,2021-09-27 19:45:00,ANGN
10.33,10.35,10.33,10.35,300,2021-09-27 19:48:00,ANGN
10.38,10.38,10.38,10.38,100,2021-09-27 19:49:00,ANGN
10.39,10.445,10.36,10.405,3586,2021-09-27 19:50:00,ANGN
10.405,10.405,10.36,10.36,2872,2021-09-27 19:51:00,ANGN
10.36,10.4,10.36,10.375,3786,2021-09-27 19:52:00,ANGN
10.38,10.4,10.38,10.385,1199,2021-09-27 19:53:00,ANGN
10.4,10.44,10.37,10.4,3470,2021-09-27 19:54:00,ANGN
10.405,10.44,10.39,10.42,1300,2021-09-27 19:55:00,ANGN
10.4,10.43,10.4,10.41,2193,2021-09-27 19:56:00,ANGN
10.39,10.4,10.35,10.36,2568,2021-09-27 19:57:00,ANGN
10.43,10.43,10.35,10.35,2873,2021-09-27 19:58:00,ANGN
10.35,10.39,10.34,10.36,4515,2021-09-27 19:59:00,ANGN
10.4,10.4,10.4,10.4,21028,2021-09-27 20:00:00,ANGN
10.31,10.31,10.31,10.31,755,2021-09-28 13:30:00,ANGN
10.37,10.37,10.37,10.37,100,2021-09-28 13:39:00,ANGN
10.2196,10.2196,10.2196,10.2196,150,2021-09-28 13:42:00,ANGN
10.265,10.265,10.26,10.26,1241,2021-09-28 13:46:00,ANGN
10.28,10.28,10.28,10.28,100,2021-09-28 13:49:00,ANGN
10.27,10.33,10.27,10.33,200,2021-09-28 13:50:00,ANGN
10.275,10.275,10.275,10.275,100,2021-09-28 13:52:00,ANGN
10.22,10.22,10.19,10.19,300,2021-09-28 13:54:00,ANGN
10.1201,10.1201,10.1201,10.1201,800,2021-09-28 13:56:00,ANGN
10.24,10.24,10.24,10.24,100,2021-09-28 13:58:00,ANGN
10.305,10.305,10.305,10.305,100,2021-09-28 13:59:00,ANGN
10.26,10.315,10.23,10.23,400,2021-09-28 14:01:00,ANGN
10.33,10.33,10.33,10.33,100,2021-09-28 14:05:00,ANGN
10.25,10.28,10.25,10.28,735,2021-09-28 14:10:00,ANGN
10.28,10.28,10.28,10.28,100,2021-09-28 14:14:00,ANGN
10.22,10.22,10.22,10.22,100,2021-09-28 14:21:00,ANGN
10.28,10.28,10.28,10.28,100,2021-09-28 14:22:00,ANGN
10.25,10.25,10.25,10.25,100,2021-09-28 14:25:00,ANGN
10.27,10.27,10.27,10.27,100,2021-09-28 14:27:00,ANGN
10.28,10.31,10.28,10.31,600,2021-09-28 14:28:00,ANGN
10.31,10.31,10.31,10.31,100,2021-09-28 14:32:00,ANGN
10.34,10.39,10.34,10.39,200,2021-09-28 14:33:00,ANGN
10.33,10.33,10.3,10.3,200,2021-09-28 14:41:00,ANGN
10.29,10.29,10.29,10.29,366,2021-09-28 14:42:00,ANGN
10.28,10.28,10.28,10.28,100,2021-09-28 14:44:00,ANGN
10.235,10.235,10.235,10.235,152,2021-09-28 14:50:00,ANGN
10.23,10.23,10.23,10.23,100,2021-09-28 14:54:00,ANGN
10.25,10.25,10.25,10.25,100,2021-09-28 14:55:00,ANGN
10.265,10.265,10.265,10.265,100,2021-09-28 14:56:00,ANGN
10.26,10.26,10.26,10.26,300,2021-09-28 15:00:00,ANGN
10.22,10.265,10.22,10.265,400,2021-09-28 15:02:00,ANGN
10.225,10.225,10.225,10.225,100,2021-09-28 15:03:00,ANGN
10.27,10.295,10.27,10.295,804,2021-09-28 15:06:00,ANGN
10.29,10.29,10.29,10.29,200,2021-09-28 15:07:00,ANGN
10.36,10.36,10.355,10.355,350,2021-09-28 15:16:00,ANGN
10.305,10.305,10.305,10.305,100,2021-09-28 15:20:00,ANGN
10.345,10.345,10.345,10.345,100,2021-09-28 15:23:00,ANGN
10.35,10.35,10.35,10.35,400,2021-09-28 15:35:00,ANGN
10.38,10.47,10.38,10.47,2300,2021-09-28 15:38:00,ANGN
10.44,10.49,10.44,10.49,800,2021-09-28 15:39:00,ANGN
10.435,10.435,10.435,10.435,100,2021-09-28 15:45:00,ANGN
10.45,10.45,10.45,10.45,100,2021-09-28 15:53:00,ANGN
10.51,10.54,10.51,10.54,350,2021-09-28 15:57:00,ANGN
10.51,10.51,10.51,10.51,100,2021-09-28 16:02:00,ANGN
10.52,10.52,10.52,10.52,100,2021-09-28 16:07:00,ANGN
10.555,10.555,10.53,10.53,200,2021-09-28 16:10:00,ANGN
10.51,10.57,10.48,10.57,1796,2021-09-28 16:11:00,ANGN
10.53,10.53,10.53,10.53,100,2021-09-28 16:20:00,ANGN
10.49,10.49,10.49,10.49,100,2021-09-28 16:25:00,ANGN
10.565,10.565,10.525,10.525,300,2021-09-28 16:27:00,ANGN
10.51,10.57,10.495,10.56,6262,2021-09-28 16:29:00,ANGN
10.491,10.491,10.491,10.491,100,2021-09-28 16:30:00,ANGN
10.525,10.525,10.525,10.525,300,2021-09-28 16:33:00,ANGN
10.49,10.49,10.49,10.49,100,2021-09-28 16:35:00,ANGN
10.525,10.525,10.525,10.525,100,2021-09-28 16:36:00,ANGN
10.49,10.51,10.49,10.51,467,2021-09-28 16:37:00,ANGN
10.53,10.53,10.53,10.53,100,2021-09-28 16:38:00,ANGN
10.48,10.485,10.42,10.42,300,2021-09-28 16:39:00,ANGN
10.47,10.47,10.47,10.47,100,2021-09-28 16:43:00,ANGN
10.4,10.4,10.4,10.4,1200,2021-09-28 16:47:00,ANGN
10.39,10.39,10.39,10.39,100,2021-09-28 17:06:00,ANGN
10.39,10.4,10.3725,10.3725,600,2021-09-28 17:08:00,ANGN
10.3675,10.3675,10.3675,10.3675,100,2021-09-28 17:11:00,ANGN
10.3123,10.3123,10.3123,10.3123,200,2021-09-28 17:13:00,ANGN
10.3575,10.375,10.3575,10.375,200,2021-09-28 17:19:00,ANGN
10.34,10.39,10.34,10.39,200,2021-09-28 17:25:00,ANGN
10.35,10.45,10.34,10.34,1141,2021-09-28 17:26:00,ANGN
10.3675,10.395,10.34,10.3675,786,2021-09-28 17:27:00,ANGN
10.34,10.35,10.34,10.34,400,2021-09-28 17:28:00,ANGN
10.34,10.34,10.34,10.34,400,2021-09-28 17:38:00,ANGN
10.281,10.32,10.21,10.32,2709,2021-09-28 17:57:00,ANGN
10.255,10.295,10.255,10.295,200,2021-09-28 18:01:00,ANGN
10.245,10.245,10.245,10.245,100,2021-09-28 18:02:00,ANGN
10.28,10.28,10.28,10.28,400,2021-09-28 18:07:00,ANGN
10.22,10.22,10.21,10.21,300,2021-09-28 18:08:00,ANGN
10.22,10.22,10.18,10.2115,900,2021-09-28 18:09:00,ANGN
10.255,10.255,10.255,10.255,100,2021-09-28 18:10:00,ANGN
10.215,10.22,10.2,10.22,400,2021-09-28 18:23:00,ANGN
10.2,10.2,10.2,10.2,200,2021-09-28 18:25:00,ANGN
10.21,10.22,10.2,10.22,700,2021-09-28 18:32:00,ANGN
10.18,10.245,10.18,10.245,700,2021-09-28 18:36:00,ANGN
10.24,10.34,10.24,10.325,4315,2021-09-28 18:38:00,ANGN
10.31,10.31,10.31,10.31,100,2021-09-28 18:39:00,ANGN
10.32,10.33,10.29,10.29,500,2021-09-28 18:40:00,ANGN
10.33,10.355,10.33,10.355,400,2021-09-28 18:44:00,ANGN
10.34,10.36,10.32,10.36,400,2021-09-28 18:45:00,ANGN
10.38,10.38,10.38,10.38,100,2021-09-28 18:46:00,ANGN
10.325,10.42,10.32,10.42,800,2021-09-28 18:55:00,ANGN
10.3,10.3,10.3,10.3,200,2021-09-28 19:00:00,ANGN
10.3,10.3,10.3,10.3,200,2021-09-28 19:01:00,ANGN
10.38,10.38,10.38,10.38,100,2021-09-28 19:12:00,ANGN
10.3,10.35,10.3,10.3,600,2021-09-28 19:14:00,ANGN
10.3,10.3,10.3,10.3,200,2021-09-28 19:22:00,ANGN
10.285,10.285,10.285,10.285,100,2021-09-28 19:24:00,ANGN
10.21,10.21,10.21,10.21,100,2021-09-28 19:26:00,ANGN
10.28,10.28,10.28,10.28,100,2021-09-28 19:32:00,ANGN
10.23,10.23,10.21,10.21,200,2021-09-28 19:34:00,ANGN
10.16,10.2,10.13,10.2,4420,2021-09-28 19:40:00,ANGN
10.14,10.14,10.1,10.1,730,2021-09-28 19:47:00,ANGN
10.12,10.12,10.12,10.12,100,2021-09-28 19:48:00,ANGN
10.16,10.16,10.15,10.15,200,2021-09-28 19:49:00,ANGN
10.12,10.12,10.12,10.12,100,2021-09-28 19:50:00,ANGN
10.15,10.15,10.08,10.08,900,2021-09-28 19:51:00,ANGN
10.05,10.05,10.04,10.04,660,2021-09-28 19:52:00,ANGN
10.07,10.1299,10.04,10.04,2600,2021-09-28 19:53:00,ANGN
10.04,10.13,10.04,10.12,488,2021-09-28 19:54:00,ANGN
10.05,10.11,10.05,10.11,600,2021-09-28 19:55:00,ANGN
10.07,10.085,10.05,10.05,600,2021-09-28 19:56:00,ANGN
10.05,10.08,10.05,10.08,356,2021-09-28 19:57:00,ANGN
10.06,10.12,10.05,10.105,1212,2021-09-28 19:58:00,ANGN
10.12,10.14,10.08,10.11,2031,2021-09-28 19:59:00,ANGN
10.11,10.11,10.11,10.11,11419,2021-09-28 20:00:00,ANGN
10.12,10.12,10.12,10.12,440,2021-09-29 13:30:00,ANGN
10.32,10.32,10.32,10.32,200,2021-09-29 13:31:00,ANGN
10.27,10.27,10.27,10.27,100,2021-09-29 13:32:00,ANGN
10.1895,10.1895,10.1895,10.1895,125,2021-09-29 13:36:00,ANGN
10.12,10.12,10.12,10.12,100,2021-09-29 13:45:00,ANGN
10.1883,10.1883,10.1883,10.1883,500,2021-09-29 14:01:00,ANGN
10.1,10.16,10.1,10.1,837,2021-09-29 14:10:00,ANGN
10.06,10.06,10.0,10.06,2141,2021-09-29 14:15:00,ANGN
10.1,10.15,10.1,10.15,698,2021-09-29 14:17:00,ANGN
10.1662,10.167,10.1662,10.167,200,2021-09-29 14:22:00,ANGN
10.125,10.1574,10.125,10.1574,300,2021-09-29 14:24:00,ANGN
10.12,10.12,10.12,10.12,200,2021-09-29 14:27:00,ANGN
10.12,10.12,10.12,10.12,200,2021-09-29 14:28:00,ANGN
10.1,10.1,10.1,10.1,100,2021-09-29 14:36:00,ANGN
10.06,10.06,10.06,10.06,300,2021-09-29 14:46:00,ANGN
10.05,10.05,10.0,10.0,7469,2021-09-29 14:47:00,ANGN
10.01,10.01,10.01,10.01,100,2021-09-29 14:48:00,ANGN
10.09,10.09,10.09,10.09,100,2021-09-29 14:52:00,ANGN
9.981,9.981,9.98,9.98,200,2021-09-29 15:02:00,ANGN
10.03,10.03,9.97,9.97,231,2021-09-29 15:03:00,ANGN
9.95,9.95,9.89,9.94,2675,2021-09-29 15:05:00,ANGN
9.92,9.92,9.92,9.92,100,2021-09-29 15:10:00,ANGN
9.92,9.92,9.85,9.85,2352,2021-09-29 15:11:00,ANGN
9.8833,9.8833,9.8833,9.8833,222,2021-09-29 15:14:00,ANGN
9.89,9.89,9.89,9.89,100,2021-09-29 15:16:00,ANGN
9.9,9.925,9.9,9.925,200,2021-09-29 15:17:00,ANGN
9.8924,9.8924,9.8924,9.8924,500,2021-09-29 15:18:00,ANGN
9.85,9.85,9.85,9.85,1000,2021-09-29 15:19:00,ANGN
9.851,9.88,9.8207,9.88,1065,2021-09-29 15:22:00,ANGN
9.82,9.82,9.81,9.81,2416,2021-09-29 15:25:00,ANGN
9.81,9.81,9.81,9.81,200,2021-09-29 15:27:00,ANGN
9.8,9.8,9.8,9.8,100,2021-09-29 15:29:00,ANGN
9.76,9.76,9.63,9.717,3522,2021-09-29 15:34:00,ANGN
9.705,9.705,9.705,9.705,100,2021-09-29 15:35:00,ANGN
9.66,9.66,9.65,9.65,991,2021-09-29 15:36:00,ANGN
9.65,9.65,9.65,9.65,200,2021-09-29 15:39:00,ANGN
9.63,9.65,9.56,9.61,4200,2021-09-29 15:41:00,ANGN
9.5875,9.5875,9.5875,9.5875,1000,2021-09-29 15:42:00,ANGN
9.6437,9.6437,9.6437,9.6437,100,2021-09-29 15:43:00,ANGN
9.62,9.6489,9.57,9.58,702,2021-09-29 15:44:00,ANGN
9.57,9.57,9.48,9.48,5905,2021-09-29 15:46:00,ANGN
9.525,9.56,9.505,9.51,1630,2021-09-29 15:47:00,ANGN
9.52,9.52,9.52,9.52,200,2021-09-29 15:49:00,ANGN
9.51,9.51,9.48,9.48,2700,2021-09-29 15:50:00,ANGN
9.4801,9.4824,9.4801,9.4824,200,2021-09-29 15:51:00,ANGN
9.48,9.51,9.45,9.51,1097,2021-09-29 15:52:00,ANGN
9.51,9.52,9.51,9.52,726,2021-09-29 15:53:00,ANGN
9.545,9.545,9.51,9.5137,1300,2021-09-29 15:54:00,ANGN
9.54,9.54,9.54,9.54,200,2021-09-29 15:55:00,ANGN
9.5532,9.5532,9.5462,9.5462,2285,2021-09-29 15:56:00,ANGN
9.522,9.522,9.521,9.521,200,2021-09-29 15:58:00,ANGN
9.52,9.535,9.52,9.535,401,2021-09-29 16:01:00,ANGN
9.52,9.53,9.52,9.52,2300,2021-09-29 16:02:00,ANGN
9.5599,9.5599,9.5599,9.5599,523,2021-09-29 16:05:00,ANGN
9.51,9.51,9.47,9.47,2530,2021-09-29 16:07:00,ANGN
9.5,9.51,9.46,9.5014,600,2021-09-29 16:08:00,ANGN
9.48,9.5001,9.48,9.5001,300,2021-09-29 16:09:00,ANGN
9.57,9.57,9.57,9.57,200,2021-09-29 16:10:00,ANGN
9.56,9.57,9.51,9.535,3461,2021-09-29 16:11:00,ANGN
9.51,9.51,9.51,9.51,100,2021-09-29 16:12:00,ANGN
9.54,9.54,9.54,9.54,300,2021-09-29 16:16:00,ANGN
9.51,9.51,9.51,9.51,500,2021-09-29 16:18:00,ANGN
9.545,9.545,9.545,9.545,205,2021-09-29 16:19:00,ANGN
9.535,9.535,9.45,9.45,3121,2021-09-29 16:22:00,ANGN
9.42,9.42,9.42,9.42,100,2021-09-29 16:23:00,ANGN
9.52,9.52,9.42,9.42,650,2021-09-29 16:24:00,ANGN
9.43,9.43,9.43,9.43,100,2021-09-29 16:29:00,ANGN
9.44,9.44,9.44,9.44,400,2021-09-29 16:32:00,ANGN
9.42,9.4645,9.42,9.4645,1100,2021-09-29 16:35:00,ANGN
9.48,9.48,9.47,9.47,1000,2021-09-29 16:39:00,ANGN
9.53,9.53,9.53,9.53,100,2021-09-29 16:43:00,ANGN
9.505,9.53,9.505,9.53,400,2021-09-29 16:45:00,ANGN
9.58,9.58,9.58,9.58,100,2021-09-29 16:46:00,ANGN
9.565,9.565,9.54,9.54,200,2021-09-29 16:50:00,ANGN
9.56,9.56,9.56,9.56,100,2021-09-29 16:59:00,ANGN
9.59,9.6,9.59,9.6,200,2021-09-29 17:01:00,ANGN
9.585,9.585,9.585,9.585,300,2021-09-29 17:07:00,ANGN
9.62,9.62,9.62,9.62,100,2021-09-29 17:11:00,ANGN
9.62,9.63,9.62,9.63,332,2021-09-29 17:13:00,ANGN
9.68,9.68,9.68,9.68,200,2021-09-29 17:15:00,ANGN
9.635,9.635,9.635,9.635,100,2021-09-29 17:19:00,ANGN
9.605,9.61,9.59,9.59,1500,2021-09-29 17:21:00,ANGN
9.635,9.635,9.6,9.6,200,2021-09-29 17:22:00,ANGN
9.6,9.6,9.6,9.6,100,2021-09-29 17:23:00,ANGN
9.635,9.635,9.635,9.635,100,2021-09-29 17:25:00,ANGN
9.6,9.6,9.59,9.59,700,2021-09-29 17:27:00,ANGN
9.635,9.635,9.635,9.635,100,2021-09-29 17:29:00,ANGN
9.59,9.63,9.58,9.58,700,2021-09-29 17:31:00,ANGN
9.53,9.56,9.52,9.52,1675,2021-09-29 17:32:00,ANGN
9.53,9.53,9.45,9.45,4681,2021-09-29 17:35:00,ANGN
9.4735,9.4735,9.4735,9.4735,154,2021-09-29 17:38:00,ANGN
9.45,9.45,9.4,9.4,925,2021-09-29 17:41:00,ANGN
9.49,9.49,9.44,9.44,600,2021-09-29 17:50:00,ANGN
9.5,9.5,9.5,9.5,200,2021-09-29 17:57:00,ANGN
9.5,9.5,9.5,9.5,200,2021-09-29 18:04:00,ANGN
9.49,9.52,9.49,9.5,800,2021-09-29 18:10:00,ANGN
9.62,9.63,9.62,9.63,928,2021-09-29 18:14:00,ANGN
9.66,9.66,9.66,9.66,100,2021-09-29 18:18:00,ANGN
9.62,9.62,9.58,9.58,378,2021-09-29 18:20:00,ANGN
9.63,9.63,9.63,9.63,200,2021-09-29 18:27:00,ANGN
9.62,9.62,9.62,9.62,100,2021-09-29 18:30:00,ANGN
9.61,9.61,9.61,9.61,200,2021-09-29 18:36:00,ANGN
9.61,9.61,9.61,9.61,100,2021-09-29 18:37:00,ANGN
9.56,9.56,9.56,9.56,200,2021-09-29 18:38:00,ANGN
9.62,9.62,9.57,9.57,826,2021-09-29 18:44:00,ANGN
9.58,9.58,9.53,9.53,1000,2021-09-29 18:47:00,ANGN
9.54,9.58,9.41,9.415,2424,2021-09-29 18:49:00,ANGN
9.5,9.5,9.37,9.38,16095,2021-09-29 18:50:00,ANGN
9.44,9.44,9.44,9.44,100,2021-09-29 18:51:00,ANGN
9.49,9.49,9.49,9.49,100,2021-09-29 18:54:00,ANGN
9.4,9.4,9.4,9.4,100,2021-09-29 18:58:00,ANGN
9.49,9.5,9.49,9.5,400,2021-09-29 19:04:00,ANGN
9.56,9.56,9.56,9.56,200,2021-09-29 19:09:00,ANGN
9.56,9.56,9.56,9.56,100,2021-09-29 19:12:00,ANGN
9.56,9.56,9.56,9.56,200,2021-09-29 19:13:00,ANGN
9.55,9.55,9.55,9.55,100,2021-09-29 19:14:00,ANGN
9.56,9.56,9.5,9.5,200,2021-09-29 19:16:00,ANGN
9.57,9.57,9.56,9.56,200,2021-09-29 19:17:00,ANGN
9.59,9.61,9.54,9.61,400,2021-09-29 19:18:00,ANGN
9.62,9.62,9.62,9.62,100,2021-09-29 19:19:00,ANGN
9.64,9.64,9.64,9.64,100,2021-09-29 19:21:00,ANGN
9.64,9.64,9.64,9.64,200,2021-09-29 19:22:00,ANGN
9.64,9.64,9.64,9.64,100,2021-09-29 19:23:00,ANGN
9.65,9.65,9.65,9.65,100,2021-09-29 19:24:00,ANGN
9.7,9.7,9.7,9.7,100,2021-09-29 19:27:00,ANGN
9.71,9.71,9.71,9.71,100,2021-09-29 19:28:00,ANGN
9.71,9.71,9.71,9.71,100,2021-09-29 19:29:00,ANGN
9.71,9.71,9.71,9.71,229,2021-09-29 19:30:00,ANGN
9.72,9.72,9.72,9.72,100,2021-09-29 19:31:00,ANGN
9.83,9.83,9.815,9.82,300,2021-09-29 19:32:00,ANGN
9.82,9.835,9.72,9.74,1520,2021-09-29 19:33:00,ANGN
9.665,9.665,9.62,9.62,1700,2021-09-29 19:36:00,ANGN
9.62,9.62,9.62,9.62,100,2021-09-29 19:37:00,ANGN
9.64,9.64,9.64,9.64,100,2021-09-29 19:40:00,ANGN
9.64,9.66,9.61,9.66,1412,2021-09-29 19:41:00,ANGN
9.66,9.67,9.62,9.62,1006,2021-09-29 19:42:00,ANGN
9.68,9.69,9.68,9.69,200,2021-09-29 19:43:00,ANGN
9.66,9.66,9.62,9.66,500,2021-09-29 19:44:00,ANGN
9.62,9.62,9.61,9.62,540,2021-09-29 19:45:00,ANGN
9.63,9.63,9.63,9.63,100,2021-09-29 19:46:00,ANGN
9.64,9.65,9.64,9.65,200,2021-09-29 19:47:00,ANGN
9.63,9.63,9.63,9.63,100,2021-09-29 19:48:00,ANGN
9.6,9.63,9.6,9.61,611,2021-09-29 19:49:00,ANGN
9.53,9.54,9.51,9.54,1100,2021-09-29 19:50:00,ANGN
9.54,9.54,9.54,9.54,300,2021-09-29 19:51:00,ANGN
9.51,9.54,9.51,9.54,400,2021-09-29 19:52:00,ANGN
9.54,9.54,9.51,9.51,890,2021-09-29 19:53:00,ANGN
9.55,9.55,9.55,9.55,200,2021-09-29 19:54:00,ANGN
9.51,9.52,9.44,9.5,7496,2021-09-29 19:55:00,ANGN
9.56,9.56,9.53,9.53,1022,2021-09-29 19:56:00,ANGN
9.51,9.57,9.51,9.54,1200,2021-09-29 19:57:00,ANGN
9.59,9.59,9.53,9.54,1000,2021-09-29 19:58:00,ANGN
9.56,9.6,9.55,9.57,1723,2021-09-29 19:59:00,ANGN
9.57,9.57,9.57,9.57,8040,2021-09-29 20:00:00,ANGN
9.57,9.57,9.57,9.57,147,2021-09-29 20:01:00,ANGN
9.67,9.67,9.67,9.67,382,2021-09-30 13:30:00,ANGN
9.64,9.65,9.6342,9.64,1913,2021-09-30 13:46:00,ANGN
9.65,9.65,9.65,9.65,200,2021-09-30 13:47:00,ANGN
9.745,9.745,9.745,9.745,100,2021-09-30 13:48:00,ANGN
9.59,9.59,9.59,9.59,100,2021-09-30 13:53:00,ANGN
9.63,9.63,9.63,9.63,500,2021-09-30 14:03:00,ANGN
9.81,9.81,9.81,9.81,100,2021-09-30 14:11:00,ANGN
9.77,9.78,9.77,9.78,200,2021-09-30 14:20:00,ANGN
9.725,9.725,9.725,9.725,100,2021-09-30 14:22:00,ANGN
9.75,9.75,9.75,9.75,100,2021-09-30 14:25:00,ANGN
9.75,9.76,9.75,9.76,689,2021-09-30 14:28:00,ANGN
9.75,9.75,9.75,9.75,500,2021-09-30 14:30:00,ANGN
9.98,9.98,9.85,9.95,800,2021-09-30 14:33:00,ANGN
10.24,10.24,10.24,10.24,100,2021-09-30 14:37:00,ANGN
9.98,9.98,9.95,9.95,200,2021-09-30 14:38:00,ANGN
9.98,9.98,9.98,9.98,800,2021-09-30 14:39:00,ANGN
10.0,10.0,10.0,10.0,100,2021-09-30 14:41:00,ANGN
9.8825,9.8825,9.8825,9.8825,100,2021-09-30 14:43:00,ANGN
9.98,9.98,9.98,9.98,100,2021-09-30 14:45:00,ANGN
9.97,9.97,9.97,9.97,100,2021-09-30 14:50:00,ANGN
9.97,9.97,9.97,9.97,100,2021-09-30 14:51:00,ANGN
9.97,9.97,9.97,9.97,100,2021-09-30 14:52:00,ANGN
9.91,9.91,9.84,9.84,300,2021-09-30 14:54:00,ANGN
9.78,9.78,9.78,9.78,100,2021-09-30 14:59:00,ANGN
9.87,9.87,9.86,9.86,200,2021-09-30 15:00:00,ANGN
9.88,9.89,9.88,9.89,200,2021-09-30 15:03:00,ANGN
9.83,9.83,9.83,9.83,200,2021-09-30 15:05:00,ANGN
9.83,9.83,9.83,9.83,100,2021-09-30 15:09:00,ANGN
9.84,9.84,9.83,9.83,400,2021-09-30 15:10:00,ANGN
9.84,9.84,9.84,9.84,100,2021-09-30 15:15:00,ANGN
9.86,9.86,9.83,9.83,237,2021-09-30 15:21:00,ANGN
9.835,9.86,9.835,9.84,1126,2021-09-30 15:22:00,ANGN
9.86,9.86,9.86,9.86,1500,2021-09-30 15:23:00,ANGN
9.86,9.86,9.86,9.86,100,2021-09-30 15:27:00,ANGN
9.875,9.875,9.875,9.875,100,2021-09-30 15:29:00,ANGN
9.875,9.875,9.875,9.875,100,2021-09-30 15:30:00,ANGN
9.87,9.87,9.87,9.87,100,2021-09-30 15:32:00,ANGN
9.8,9.82,9.8,9.82,900,2021-09-30 15:37:00,ANGN
9.75,9.775,9.74,9.775,601,2021-09-30 15:45:00,ANGN
9.777,9.777,9.777,9.777,100,2021-09-30 15:51:00,ANGN
9.76,9.76,9.76,9.76,100,2021-09-30 16:08:00,ANGN
9.7656,9.7656,9.7656,9.7656,3000,2021-09-30 16:28:00,ANGN
9.76,9.76,9.76,9.76,100,2021-09-30 16:29:00,ANGN
9.73,9.73,9.72,9.72,500,2021-09-30 16:30:00,ANGN
9.71,9.71,9.71,9.71,400,2021-09-30 16:31:00,ANGN
9.7,9.7,9.7,9.7,100,2021-09-30 16:35:00,ANGN
9.7,9.7,9.7,9.7,288,2021-09-30 16:38:00,ANGN
9.71,9.71,9.71,9.71,127,2021-09-30 16:41:00,ANGN
9.71,9.71,9.71,9.71,700,2021-09-30 16:49:00,ANGN
9.735,9.7443,9.71,9.71,4266,2021-09-30 17:02:00,ANGN
9.72,9.72,9.72,9.72,100,2021-09-30 17:04:00,ANGN
9.72,9.72,9.72,9.72,100,2021-09-30 17:05:00,ANGN
9.735,9.735,9.735,9.735,9000,2021-09-30 17:08:00,ANGN
9.71,9.71,9.71,9.71,100,2021-09-30 17:09:00,ANGN
9.71,9.71,9.71,9.71,1191,2021-09-30 17:12:00,ANGN
9.71,9.7195,9.69,9.69,1907,2021-09-30 17:13:00,ANGN
9.7,9.7,9.7,9.7,200,2021-09-30 17:14:00,ANGN
9.67,9.67,9.67,9.67,1000,2021-09-30 17:19:00,ANGN
9.71,9.71,9.71,9.71,350,2021-09-30 17:33:00,ANGN
9.73,9.74,9.73,9.74,200,2021-09-30 17:34:00,ANGN
9.75,9.755,9.75,9.755,400,2021-09-30 17:55:00,ANGN
9.74,9.74,9.74,9.74,100,2021-09-30 18:00:00,ANGN
9.755,9.755,9.755,9.755,100,2021-09-30 18:08:00,ANGN
9.755,9.755,9.73,9.7425,300,2021-09-30 18:09:00,ANGN
9.737,9.737,9.737,9.737,500,2021-09-30 18:17:00,ANGN
9.73,9.74,9.73,9.74,1567,2021-09-30 18:18:00,ANGN
9.74,9.74,9.74,9.74,100,2021-09-30 18:19:00,ANGN
9.74,9.74,9.74,9.74,279,2021-09-30 18:24:00,ANGN
9.73,9.73,9.71,9.71,1292,2021-09-30 18:31:00,ANGN
9.69,9.69,9.69,9.69,300,2021-09-30 18:33:00,ANGN
9.67,9.67,9.67,9.67,123,2021-09-30 18:38:00,ANGN
9.64,9.64,9.64,9.64,100,2021-09-30 18:40:00,ANGN
9.635,9.635,9.635,9.635,100,2021-09-30 18:41:00,ANGN
9.69,9.69,9.68,9.68,300,2021-09-30 18:46:00,ANGN
9.68,9.68,9.68,9.68,100,2021-09-30 18:47:00,ANGN
9.68,9.68,9.66,9.66,300,2021-09-30 18:50:00,ANGN
9.71,9.71,9.71,9.71,100,2021-09-30 19:10:00,ANGN
9.77,9.77,9.7,9.7,500,2021-09-30 19:13:00,ANGN
9.7799,9.7799,9.7799,9.7799,816,2021-09-30 19:16:00,ANGN
9.7,9.71,9.69,9.69,1437,2021-09-30 19:17:00,ANGN
9.67,9.67,9.67,9.67,312,2021-09-30 19:21:00,ANGN
9.64,9.64,9.64,9.64,100,2021-09-30 19:30:00,ANGN
9.61,9.61,9.61,9.61,141,2021-09-30 19:31:00,ANGN
9.68,9.68,9.67,9.67,220,2021-09-30 19:37:00,ANGN
9.6513,9.6513,9.6513,9.6513,300,2021-09-30 19:38:00,ANGN
9.675,9.675,9.66,9.66,500,2021-09-30 19:40:00,ANGN
9.65,9.65,9.65,9.65,100,2021-09-30 19:44:00,ANGN
9.665,9.675,9.62,9.62,2666,2021-09-30 19:47:00,ANGN
9.66,9.69,9.66,9.69,382,2021-09-30 19:50:00,ANGN
9.71,9.73,9.7,9.73,1604,2021-09-30 19:51:00,ANGN
9.7,9.7,9.7,9.7,500,2021-09-30 19:53:00,ANGN
9.7,9.73,9.65,9.72,3461,2021-09-30 19:54:00,ANGN
9.71,9.75,9.71,9.75,600,2021-09-30 19:55:00,ANGN
9.78,9.81,9.76,9.81,1500,2021-09-30 19:56:00,ANGN
9.81,9.82,9.77,9.81,1241,2021-09-30 19:57:00,ANGN
9.81,9.81,9.8,9.81,1000,2021-09-30 19:58:00,ANGN
9.82,9.82,9.795,9.8,3076,2021-09-30 19:59:00,ANGN
9.77,9.77,9.77,9.77,25251,2021-09-30 20:00:00,ANGN
10.0,10.0,10.0,10.0,260,2021-10-01 13:29:00,ANGN
9.94,9.94,9.94,9.94,654,2021-10-01 13:30:00,ANGN
9.74,9.74,9.74,9.74,103,2021-10-01 13:36:00,ANGN
9.7301,9.7301,9.7301,9.7301,362,2021-10-01 13:39:00,ANGN
10.11,10.11,10.11,10.11,100,2021-10-01 13:44:00,ANGN
9.8,9.8,9.8,9.8,166,2021-10-01 13:47:00,ANGN
9.785,9.785,9.785,9.785,100,2021-10-01 13:48:00,ANGN
9.93,9.93,9.57,9.57,1409,2021-10-01 13:52:00,ANGN
9.6659,9.73,9.642,9.73,600,2021-10-01 13:56:00,ANGN
9.7908,9.7908,9.75,9.75,1100,2021-10-01 13:57:00,ANGN
9.75,9.75,9.69,9.69,400,2021-10-01 13:59:00,ANGN
9.65,9.65,9.65,9.65,243,2021-10-01 14:22:00,ANGN
9.58,9.5811,9.5411,9.5411,2480,2021-10-01 14:34:00,ANGN
9.56,9.56,9.56,9.56,164,2021-10-01 14:35:00,ANGN
9.54,9.605,9.54,9.605,880,2021-10-01 14:37:00,ANGN
9.54,9.54,9.46,9.53,4500,2021-10-01 14:39:00,ANGN
9.41,9.41,9.41,9.41,100,2021-10-01 14:41:00,ANGN
9.455,9.455,9.455,9.455,100,2021-10-01 14:44:00,ANGN
9.46,9.46,9.46,9.46,200,2021-10-01 14:45:00,ANGN
9.54,9.55,9.54,9.55,200,2021-10-01 14:46:00,ANGN
9.56,9.6,9.56,9.58,300,2021-10-01 14:48:00,ANGN
9.62,9.675,9.62,9.675,1200,2021-10-01 14:49:00,ANGN
9.66,9.66,9.66,9.66,300,2021-10-01 14:56:00,ANGN
9.675,9.675,9.65,9.65,1285,2021-10-01 14:57:00,ANGN
9.65,9.65,9.65,9.65,300,2021-10-01 14:58:00,ANGN
9.65,9.65,9.65,9.65,500,2021-10-01 15:13:00,ANGN
9.66,9.66,9.66,9.66,100,2021-10-01 15:19:00,ANGN
9.66,9.66,9.66,9.66,100,2021-10-01 15:23:00,ANGN
9.66,9.66,9.65,9.65,200,2021-10-01 15:24:00,ANGN
9.65,9.675,9.65,9.675,1400,2021-10-01 15:26:00,ANGN
9.65,9.68,9.65,9.68,408,2021-10-01 15:27:00,ANGN
9.68,9.68,9.68,9.68,200,2021-10-01 15:35:00,ANGN
9.68,9.68,9.68,9.68,100,2021-10-01 15:51:00,ANGN
9.678,9.678,9.678,9.678,515,2021-10-01 16:15:00,ANGN
9.7046,9.7046,9.651,9.651,300,2021-10-01 16:16:00,ANGN
9.71,9.755,9.68,9.74,1512,2021-10-01 16:23:00,ANGN
9.75,9.75,9.75,9.75,149,2021-10-01 16:27:00,ANGN
9.71,9.71,9.71,9.71,100,2021-10-01 16:28:00,ANGN
9.77,9.77,9.75,9.75,200,2021-10-01 16:29:00,ANGN
9.73,9.745,9.73,9.745,300,2021-10-01 16:39:00,ANGN
9.71,9.71,9.68,9.68,316,2021-10-01 16:48:00,ANGN
9.719,9.719,9.67,9.67,700,2021-10-01 16:50:00,ANGN
9.7299,9.7299,9.7025,9.7299,856,2021-10-01 16:51:00,ANGN
9.73,9.78,9.72,9.73,1899,2021-10-01 16:52:00,ANGN
9.701,9.701,9.701,9.701,100,2021-10-01 17:00:00,ANGN
9.79,9.79,9.75,9.75,200,2021-10-01 17:01:00,ANGN
9.75,9.75,9.75,9.75,100,2021-10-01 17:02:00,ANGN
9.77,9.77,9.69,9.73,700,2021-10-01 17:04:00,ANGN
9.75,9.75,9.75,9.75,536,2021-10-01 17:15:00,ANGN
9.8,9.87,9.8,9.86,2549,2021-10-01 17:25:00,ANGN
9.87,9.87,9.84,9.845,598,2021-10-01 17:26:00,ANGN
9.83,9.83,9.83,9.83,200,2021-10-01 17:33:00,ANGN
9.87,9.87,9.82,9.87,984,2021-10-01 17:35:00,ANGN
9.9,9.9,9.82,9.82,504,2021-10-01 17:39:00,ANGN
9.86,9.9,9.86,9.9,300,2021-10-01 17:40:00,ANGN
9.91,9.91,9.91,9.91,100,2021-10-01 17:41:00,ANGN
9.91,9.91,9.91,9.91,100,2021-10-01 17:43:00,ANGN
9.91,9.91,9.91,9.91,100,2021-10-01 17:47:00,ANGN
9.92,9.92,9.88,9.88,1073,2021-10-01 17:59:00,ANGN
9.9,9.9048,9.9,9.9,800,2021-10-01 18:09:00,ANGN
9.9,9.91,9.87,9.91,2160,2021-10-01 18:10:00,ANGN
9.82,9.82,9.81,9.812,1100,2021-10-01 18:16:00,ANGN
9.81,9.81,9.8,9.8,1699,2021-10-01 18:17:00,ANGN
9.81,9.83,9.81,9.83,410,2021-10-01 18:18:00,ANGN
9.79,9.87,9.79,9.87,1200,2021-10-01 18:19:00,ANGN
9.82,9.82,9.82,9.82,122,2021-10-01 18:20:00,ANGN
9.865,9.865,9.865,9.865,100,2021-10-01 18:21:00,ANGN
9.82,9.82,9.82,9.82,100,2021-10-01 18:23:00,ANGN
9.82,9.82,9.77,9.77,1279,2021-10-01 18:24:00,ANGN
9.765,9.765,9.765,9.765,222,2021-10-01 18:25:00,ANGN
9.765,9.765,9.765,9.765,122,2021-10-01 18:26:00,ANGN
9.77,9.81,9.77,9.805,620,2021-10-01 18:27:00,ANGN
9.795,9.8,9.79,9.79,600,2021-10-01 18:28:00,ANGN
9.83,9.86,9.75,9.75,2086,2021-10-01 18:32:00,ANGN
9.73,9.73,9.73,9.73,100,2021-10-01 18:34:00,ANGN
9.8,9.8,9.77,9.77,200,2021-10-01 18:36:00,ANGN
9.825,9.825,9.825,9.825,100,2021-10-01 18:37:00,ANGN
9.81,9.81,9.81,9.81,100,2021-10-01 18:38:00,ANGN
9.86,9.86,9.86,9.86,100,2021-10-01 18:40:00,ANGN
9.835,9.93,9.82,9.84,3005,2021-10-01 18:41:00,ANGN
9.86,9.86,9.855,9.855,229,2021-10-01 18:42:00,ANGN
9.83,9.83,9.83,9.83,100,2021-10-01 18:45:00,ANGN
9.825,9.825,9.78,9.78,742,2021-10-01 18:47:00,ANGN
9.79,9.79,9.79,9.79,100,2021-10-01 18:51:00,ANGN
9.7,9.79,9.69,9.79,815,2021-10-01 18:52:00,ANGN
9.755,9.755,9.755,9.755,100,2021-10-01 18:56:00,ANGN
9.8,9.8,9.8,9.8,100,2021-10-01 18:57:00,ANGN
9.81,9.81,9.81,9.81,100,2021-10-01 18:58:00,ANGN
9.84,9.86,9.84,9.85,687,2021-10-01 19:01:00,ANGN
9.86,9.86,9.86,9.86,1191,2021-10-01 19:02:00,ANGN
9.86,9.86,9.86,9.86,325,2021-10-01 19:03:00,ANGN
9.86,9.895,9.86,9.895,487,2021-10-01 19:04:00,ANGN
9.9,9.9,9.9,9.9,125,2021-10-01 19:05:00,ANGN
9.9,9.9,9.9,9.9,100,2021-10-01 19:06:00,ANGN
9.9,9.9,9.9,9.9,100,2021-10-01 19:07:00,ANGN
9.91,9.91,9.91,9.91,100,2021-10-01 19:10:00,ANGN
9.88,9.88,9.87,9.87,552,2021-10-01 19:12:00,ANGN
9.9,9.9,9.9,9.9,100,2021-10-01 19:18:00,ANGN
9.91,9.91,9.89,9.89,400,2021-10-01 19:26:00,ANGN
9.92,9.92,9.92,9.92,200,2021-10-01 19:28:00,ANGN
9.89,9.89,9.89,9.89,124,2021-10-01 19:33:00,ANGN
9.9,9.9,9.9,9.9,100,2021-10-01 19:35:00,ANGN
9.9,9.9,9.9,9.9,100,2021-10-01 19:39:00,ANGN
9.871,9.871,9.871,9.871,100,2021-10-01 19:45:00,ANGN
9.87,9.89,9.86,9.89,1129,2021-10-01 19:46:00,ANGN
9.89,9.92,9.89,9.92,548,2021-10-01 19:47:00,ANGN
9.87,9.87,9.87,9.87,200,2021-10-01 19:48:00,ANGN
9.91,9.92,9.91,9.92,509,2021-10-01 19:49:00,ANGN
9.95,9.95,9.95,9.95,200,2021-10-01 19:50:00,ANGN
9.95,9.95,9.95,9.95,374,2021-10-01 19:52:00,ANGN
9.95,9.95,9.95,9.95,114,2021-10-01 19:56:00,ANGN
9.95,9.95,9.91,9.91,566,2021-10-01 19:57:00,ANGN
9.95,9.97,9.91,9.95,836,2021-10-01 19:58:00,ANGN
9.91,9.98,9.91,9.94,3574,2021-10-01 19:59:00,ANGN
9.95,9.95,9.95,9.95,9710,2021-10-01 20:00:00,ANGN
9.91,9.91,9.91,9.91,822,2021-10-04 13:30:00,ANGN
9.86,9.86,9.86,9.86,200,2021-10-04 13:36:00,ANGN
9.8049,9.8049,9.8049,9.8049,200,2021-10-04 13:59:00,ANGN
9.7697,9.7697,9.7697,9.7697,100,2021-10-04 14:11:00,ANGN
9.7174,9.7174,9.7174,9.7174,100,2021-10-04 14:14:00,ANGN
9.68,9.68,9.65,9.65,442,2021-10-04 14:15:00,ANGN
9.63,9.63,9.6,9.63,1300,2021-10-04 14:16:00,ANGN
9.62,9.62,9.62,9.62,309,2021-10-04 14:30:00,ANGN
9.59,9.59,9.59,9.59,200,2021-10-04 14:31:00,ANGN
9.57,9.57,9.57,9.57,1999,2021-10-04 14:33:00,ANGN
9.535,9.535,9.535,9.535,500,2021-10-04 14:38:00,ANGN
9.535,9.535,9.535,9.535,200,2021-10-04 14:39:00,ANGN
9.5,9.5,9.5,9.5,100,2021-10-04 14:41:00,ANGN
9.5,9.51,9.5,9.51,200,2021-10-04 14:42:00,ANGN
9.5,9.5,9.5,9.5,104,2021-10-04 14:43:00,ANGN
9.53,9.56,9.49,9.49,1500,2021-10-04 14:44:00,ANGN
9.49,9.49,9.49,9.49,100,2021-10-04 14:45:00,ANGN
9.46,9.46,9.46,9.46,100,2021-10-04 14:47:00,ANGN
9.45,9.45,9.36,9.36,300,2021-10-04 14:48:00,ANGN
9.45,9.45,9.45,9.45,181,2021-10-04 14:49:00,ANGN
9.41,9.41,9.41,9.41,100,2021-10-04 14:50:00,ANGN
9.395,9.41,9.37,9.37,500,2021-10-04 14:51:00,ANGN
9.35,9.35,9.305,9.305,855,2021-10-04 14:53:00,ANGN
9.29,9.29,9.285,9.285,200,2021-10-04 14:54:00,ANGN
9.23,9.24,9.23,9.24,211,2021-10-04 14:56:00,ANGN
9.24,9.315,9.24,9.315,429,2021-10-04 14:58:00,ANGN
9.315,9.315,9.3,9.3,301,2021-10-04 14:59:00,ANGN
9.33,9.33,9.33,9.33,300,2021-10-04 15:00:00,ANGN
9.27,9.27,9.27,9.27,100,2021-10-04 15:02:00,ANGN
9.25,9.25,9.24,9.24,200,2021-10-04 15:03:00,ANGN
9.25,9.29,9.25,9.29,200,2021-10-04 15:04:00,ANGN
9.24,9.29,9.24,9.24,300,2021-10-04 15:05:00,ANGN
9.25,9.25,9.25,9.25,200,2021-10-04 15:06:00,ANGN
9.25,9.25,9.25,9.25,100,2021-10-04 15:07:00,ANGN
9.25,9.28,9.25,9.25,800,2021-10-04 15:08:00,ANGN
9.3399,9.3399,9.25,9.25,451,2021-10-04 15:09:00,ANGN
9.25,9.25,9.25,9.25,100,2021-10-04 15:10:00,ANGN
9.2591,9.2591,9.25,9.25,800,2021-10-04 15:11:00,ANGN
9.2588,9.2588,9.2588,9.2588,500,2021-10-04 15:12:00,ANGN
9.25,9.25,9.25,9.25,200,2021-10-04 15:16:00,ANGN
9.26,9.26,9.26,9.26,146,2021-10-04 15:17:00,ANGN
9.26,9.26,9.26,9.26,122,2021-10-04 15:18:00,ANGN
9.26,9.27,9.26,9.27,212,2021-10-04 15:19:00,ANGN
9.26,9.26,9.26,9.26,100,2021-10-04 15:21:00,ANGN
9.26,9.26,9.26,9.26,100,2021-10-04 15:23:00,ANGN
9.25,9.25,9.25,9.25,100,2021-10-04 15:26:00,ANGN
9.24,9.24,9.24,9.24,100,2021-10-04 15:27:00,ANGN
9.26,9.29,9.26,9.2625,719,2021-10-04 15:29:00,ANGN
9.25,9.25,9.25,9.25,100,2021-10-04 15:33:00,ANGN
9.255,9.255,9.255,9.255,100,2021-10-04 15:37:00,ANGN
9.26,9.26,9.26,9.26,2000,2021-10-04 15:38:00,ANGN
9.25,9.25,9.25,9.25,200,2021-10-04 15:41:00,ANGN
9.26,9.26,9.25,9.25,875,2021-10-04 15:43:00,ANGN
9.25,9.255,9.24,9.255,601,2021-10-04 15:44:00,ANGN
9.275,9.3,9.26,9.26,1400,2021-10-04 15:46:00,ANGN
9.255,9.26,9.23,9.23,1208,2021-10-04 15:47:00,ANGN
9.25,9.25,9.25,9.25,100,2021-10-04 15:48:00,ANGN
9.22,9.22,9.22,9.22,100,2021-10-04 15:54:00,ANGN
9.2542,9.2542,9.2542,9.2542,1000,2021-10-04 15:56:00,ANGN
9.26,9.26,9.26,9.26,100,2021-10-04 15:58:00,ANGN
9.25,9.3,9.25,9.26,1832,2021-10-04 15:59:00,ANGN
9.29,9.29,9.29,9.29,100,2021-10-04 16:09:00,ANGN
9.26,9.26,9.26,9.26,200,2021-10-04 16:10:00,ANGN
9.26,9.26,9.24,9.24,821,2021-10-04 16:11:00,ANGN
9.265,9.265,9.265,9.265,136,2021-10-04 16:13:00,ANGN
9.2575,9.2575,9.2575,9.2575,122,2021-10-04 16:14:00,ANGN
9.26,9.26,9.26,9.26,100,2021-10-04 16:15:00,ANGN
9.26,9.275,9.25,9.25,2160,2021-10-04 16:17:00,ANGN
9.25,9.25,9.25,9.25,100,2021-10-04 16:18:00,ANGN
9.2415,9.2415,9.24,9.24,1736,2021-10-04 16:19:00,ANGN
9.25,9.25,9.24,9.25,529,2021-10-04 16:20:00,ANGN
9.23,9.23,9.23,9.23,100,2021-10-04 16:22:00,ANGN
9.23,9.23,9.23,9.23,100,2021-10-04 16:26:00,ANGN
9.255,9.255,9.2525,9.2525,3200,2021-10-04 16:27:00,ANGN
9.25,9.255,9.25,9.255,1442,2021-10-04 16:28:00,ANGN
9.255,9.26,9.23,9.26,4408,2021-10-04 16:29:00,ANGN
9.23,9.23,9.23,9.23,100,2021-10-04 16:41:00,ANGN
9.25,9.25,9.25,9.25,331,2021-10-04 16:50:00,ANGN
9.25,9.26,9.25,9.26,400,2021-10-04 16:52:00,ANGN
9.27,9.28,9.26,9.26,558,2021-10-04 16:54:00,ANGN
9.27,9.27,9.27,9.27,100,2021-10-04 16:55:00,ANGN
9.28,9.28,9.28,9.28,100,2021-10-04 16:56:00,ANGN
9.26,9.26,9.26,9.26,200,2021-10-04 16:57:00,ANGN
9.26,9.26,9.26,9.26,349,2021-10-04 17:00:00,ANGN
9.3,9.31,9.25,9.31,6480,2021-10-04 17:10:00,ANGN
9.29,9.305,9.29,9.29,2522,2021-10-04 17:11:00,ANGN
9.29,9.29,9.29,9.29,100,2021-10-04 17:12:00,ANGN
9.32,9.32,9.32,9.32,100,2021-10-04 17:17:00,ANGN
9.34,9.35,9.34,9.35,312,2021-10-04 17:20:00,ANGN
9.42,9.42,9.4,9.405,400,2021-10-04 17:33:00,ANGN
9.43,9.47,9.43,9.47,600,2021-10-04 17:38:00,ANGN
9.5285,9.5285,9.5285,9.5285,1500,2021-10-04 17:42:00,ANGN
9.53,9.59,9.53,9.59,764,2021-10-04 17:46:00,ANGN
9.583,9.583,9.52,9.52,2735,2021-10-04 17:51:00,ANGN
9.445,9.46,9.44,9.46,1400,2021-10-04 17:52:00,ANGN
9.4,9.4,9.4,9.4,100,2021-10-04 17:53:00,ANGN
9.4,9.4,9.4,9.4,600,2021-10-04 17:54:00,ANGN
9.4025,9.4025,9.4025,9.4025,100,2021-10-04 17:55:00,ANGN
9.405,9.405,9.405,9.405,100,2021-10-04 17:56:00,ANGN
9.4273,9.4273,9.405,9.405,300,2021-10-04 17:59:00,ANGN
9.405,9.405,9.405,9.405,100,2021-10-04 18:00:00,ANGN
9.405,9.405,9.405,9.405,100,2021-10-04 18:05:00,ANGN
9.4,9.43,9.4,9.4,300,2021-10-04 18:10:00,ANGN
9.4,9.4,9.38,9.38,553,2021-10-04 18:12:00,ANGN
9.36,9.36,9.36,9.36,100,2021-10-04 18:16:00,ANGN
9.38,9.38,9.38,9.38,100,2021-10-04 18:19:00,ANGN
9.4,9.4,9.4,9.4,300,2021-10-04 18:23:00,ANGN
9.42,9.42,9.42,9.42,100,2021-10-04 18:44:00,ANGN
9.405,9.405,9.405,9.405,244,2021-10-04 18:47:00,ANGN
9.41,9.41,9.38,9.38,1284,2021-10-04 18:59:00,ANGN
9.44,9.44,9.44,9.44,300,2021-10-04 19:06:00,ANGN
9.4025,9.4025,9.4025,9.4025,122,2021-10-04 19:07:00,ANGN
9.4025,9.4025,9.4025,9.4025,100,2021-10-04 19:09:00,ANGN
9.405,9.405,9.405,9.405,100,2021-10-04 19:10:00,ANGN
9.3911,9.43,9.39,9.39,1310,2021-10-04 19:16:00,ANGN
9.4,9.4,9.37,9.37,204,2021-10-04 19:17:00,ANGN
9.3884,9.3884,9.3884,9.3884,500,2021-10-04 19:19:00,ANGN
9.3625,9.38,9.3625,9.38,1809,2021-10-04 19:20:00,ANGN
9.37,9.37,9.35,9.35,770,2021-10-04 19:23:00,ANGN
9.33,9.33,9.28,9.28,4059,2021-10-04 19:27:00,ANGN
9.31,9.31,9.31,9.31,100,2021-10-04 19:28:00,ANGN
9.315,9.315,9.315,9.315,200,2021-10-04 19:33:00,ANGN
9.3,9.3,9.3,9.3,100,2021-10-04 19:35:00,ANGN
9.3,9.3,9.3,9.3,100,2021-10-04 19:36:00,ANGN
9.3075,9.3075,9.3075,9.3075,100,2021-10-04 19:37:00,ANGN
9.31,9.31,9.31,9.31,221,2021-10-04 19:38:00,ANGN
9.3,9.31,9.3,9.31,400,2021-10-04 19:40:00,ANGN
9.28,9.28,9.28,9.28,400,2021-10-04 19:43:00,ANGN
9.3,9.3,9.3,9.3,100,2021-10-04 19:44:00,ANGN
9.3,9.3,9.3,9.3,100,2021-10-04 19:46:00,ANGN
9.3,9.3,9.3,9.3,200,2021-10-04 19:47:00,ANGN
9.305,9.305,9.305,9.305,100,2021-10-04 19:49:00,ANGN
9.3,9.3,9.3,9.3,121,2021-10-04 19:50:00,ANGN
9.27,9.27,9.25,9.25,1031,2021-10-04 19:51:00,ANGN
9.25,9.25,9.25,9.25,211,2021-10-04 19:52:00,ANGN
9.25,9.25,9.25,9.25,100,2021-10-04 19:53:00,ANGN
9.25,9.27,9.25,9.27,2847,2021-10-04 19:55:00,ANGN
9.23,9.27,9.2,9.27,20093,2021-10-04 19:56:00,ANGN
9.25,9.31,9.25,9.25,11781,2021-10-04 19:57:00,ANGN
9.27,9.285,9.2,9.285,10793,2021-10-04 19:58:00,ANGN
9.27,9.28,9.22,9.27,13450,2021-10-04 19:59:00,ANGN
9.24,9.24,9.24,9.24,5977,2021-10-04 20:00:00,ANGN
9.24,9.24,9.24,9.24,704,2021-10-04 20:01:00,ANGN
9.6,9.6,9.6,9.6,100,2021-10-04 20:25:00,ANGN
9.42,9.42,9.42,9.42,8327,2021-10-05 13:30:00,ANGN
9.25,9.25,9.25,9.25,150,2021-10-05 13:32:00,ANGN
9.24,9.27,9.16,9.265,2800,2021-10-05 13:35:00,ANGN
9.166,9.166,9.15,9.15,2000,2021-10-05 13:36:00,ANGN
9.14,9.24,9.08,9.24,7971,2021-10-05 13:37:00,ANGN
9.14,9.18,9.08,9.18,4268,2021-10-05 13:39:00,ANGN
9.08,9.08,9.08,9.08,400,2021-10-05 13:43:00,ANGN
9.1952,9.1952,9.1952,9.1952,2000,2021-10-05 13:45:00,ANGN
9.08,9.095,9.04,9.08,14631,2021-10-05 13:48:00,ANGN
9.05,9.05,9.035,9.035,400,2021-10-05 13:52:00,ANGN
9.06,9.06,9.05,9.05,400,2021-10-05 13:53:00,ANGN
9.05,9.09,9.03,9.03,1071,2021-10-05 13:54:00,ANGN
9.04,9.08,9.04,9.055,2374,2021-10-05 13:55:00,ANGN
9.055,9.0599,9.055,9.055,1400,2021-10-05 13:56:00,ANGN
9.05,9.05,9.03,9.0384,2014,2021-10-05 13:57:00,ANGN
9.01,9.01,9.01,9.01,1517,2021-10-05 13:58:00,ANGN
9.03,9.05,9.0,9.005,9426,2021-10-05 14:00:00,ANGN
9.005,9.01,9.0,9.005,3074,2021-10-05 14:01:00,ANGN
9.0,9.01,9.0,9.0,5095,2021-10-05 14:02:00,ANGN
8.99,8.99,8.922,8.922,5583,2021-10-05 14:04:00,ANGN
8.96,8.96,8.96,8.96,100,2021-10-05 14:05:00,ANGN
8.97,8.97,8.9629,8.9629,1000,2021-10-05 14:06:00,ANGN
8.9701,8.9701,8.9701,8.9701,400,2021-10-05 14:08:00,ANGN
9.0,9.005,9.0,9.0,742,2021-10-05 14:09:00,ANGN
9.0,9.02,9.0,9.0,1485,2021-10-05 14:10:00,ANGN
8.98,9.0111,8.98,9.0111,250,2021-10-05 14:12:00,ANGN
9.0,9.0,9.0,9.0,310,2021-10-05 14:14:00,ANGN
9.0,9.0,9.0,9.0,100,2021-10-05 14:16:00,ANGN
9.0,9.0,9.0,9.0,500,2021-10-05 14:18:00,ANGN
8.98,8.98,8.98,8.98,200,2021-10-05 14:20:00,ANGN
8.95,8.95,8.89,8.9,4502,2021-10-05 14:25:00,ANGN
8.8627,8.8627,8.8627,8.8627,100,2021-10-05 14:27:00,ANGN
8.89,8.93,8.8898,8.9,2074,2021-10-05 14:28:00,ANGN
8.88,8.88,8.88,8.88,215,2021-10-05 14:29:00,ANGN
8.88,8.88,8.88,8.88,100,2021-10-05 14:32:00,ANGN
8.9493,8.9493,8.9493,8.9493,750,2021-10-05 14:33:00,ANGN
8.97,8.97,8.97,8.97,100,2021-10-05 14:34:00,ANGN
8.99,8.99,8.99,8.99,100,2021-10-05 14:39:00,ANGN
8.9101,8.9101,8.9101,8.9101,1000,2021-10-05 14:45:00,ANGN
8.98,8.98,8.98,8.98,100,2021-10-05 14:54:00,ANGN
9.0,9.0,9.0,9.0,200,2021-10-05 15:02:00,ANGN
9.0,9.0,9.0,9.0,100,2021-10-05 15:04:00,ANGN
8.95,9.01,8.95,9.01,600,2021-10-05 15:10:00,ANGN
8.99,8.99,8.99,8.99,200,2021-10-05 15:14:00,ANGN
8.995,8.995,8.995,8.995,100,2021-10-05 15:15:00,ANGN
9.0,9.0,8.98,8.98,1125,2021-10-05 15:16:00,ANGN
8.93,8.93,8.9,8.9,1797,2021-10-05 15:32:00,ANGN
8.85,8.851,8.85,8.8509,1440,2021-10-05 15:33:00,ANGN
8.83,8.84,8.83,8.84,500,2021-10-05 15:34:00,ANGN
8.8,8.81,8.8,8.81,597,2021-10-05 15:36:00,ANGN
8.82,8.82,8.8,8.8,300,2021-10-05 15:42:00,ANGN
8.7501,8.7501,8.7501,8.7501,2500,2021-10-05 15:44:00,ANGN
8.75,8.75,8.75,8.75,1309,2021-10-05 15:46:00,ANGN
8.74,8.7512,8.74,8.7512,1048,2021-10-05 15:47:00,ANGN
8.64,8.64,8.64,8.64,600,2021-10-05 15:49:00,ANGN
8.6661,8.6661,8.66,8.66,2100,2021-10-05 15:50:00,ANGN
8.65,8.67,8.65,8.67,1858,2021-10-05 15:51:00,ANGN
8.6688,8.6688,8.6688,8.6688,210,2021-10-05 15:55:00,ANGN
8.6731,8.6731,8.6731,8.6731,100,2021-10-05 15:57:00,ANGN
8.69,8.7,8.69,8.7,606,2021-10-05 15:58:00,ANGN
8.65,8.6501,8.64,8.65,3511,2021-10-05 15:59:00,ANGN
8.73,8.77,8.73,8.7512,3552,2021-10-05 16:08:00,ANGN
8.8181,8.8181,8.8181,8.8181,1700,2021-10-05 16:18:00,ANGN
8.75,8.75,8.75,8.75,800,2021-10-05 16:22:00,ANGN
8.82,8.82,8.82,8.82,100,2021-10-05 16:24:00,ANGN
8.785,8.785,8.785,8.785,1000,2021-10-05 16:28:00,ANGN
8.78,8.78,8.75,8.75,2080,2021-10-05 16:29:00,ANGN
8.75,8.75,8.75,8.75,266,2021-10-05 16:31:00,ANGN
8.765,8.765,8.75,8.75,900,2021-10-05 16:32:00,ANGN
8.78,8.78,8.78,8.78,300,2021-10-05 16:37:00,ANGN
8.72,8.72,8.72,8.72,400,2021-10-05 16:39:00,ANGN
8.72,8.72,8.72,8.72,100,2021-10-05 16:40:00,ANGN
8.72,8.72,8.72,8.72,100,2021-10-05 16:41:00,ANGN
8.72,8.72,8.72,8.72,200,2021-10-05 16:43:00,ANGN
8.72,8.72,8.72,8.72,100,2021-10-05 16:44:00,ANGN
8.7,8.7,8.7,8.7,600,2021-10-05 16:46:00,ANGN
8.7,8.7,8.7,8.7,1000,2021-10-05 16:47:00,ANGN
8.75,8.75,8.75,8.75,100,2021-10-05 16:50:00,ANGN
8.7,8.75,8.7,8.75,5905,2021-10-05 16:52:00,ANGN
8.7,8.7,8.7,8.7,100,2021-10-05 16:54:00,ANGN
8.7001,8.725,8.69,8.7,9461,2021-10-05 16:55:00,ANGN
8.674,8.674,8.674,8.674,1000,2021-10-05 17:04:00,ANGN
8.675,8.675,8.675,8.675,650,2021-10-05 17:05:00,ANGN
8.65,8.65,8.65,8.65,100,2021-10-05 17:07:00,ANGN
8.675,8.675,8.675,8.675,100,2021-10-05 17:08:00,ANGN
8.6501,8.675,8.65,8.675,3590,2021-10-05 17:10:00,ANGN
8.675,8.675,8.65,8.6501,1040,2021-10-05 17:11:00,ANGN
8.665,8.6726,8.665,8.6726,200,2021-10-05 17:12:00,ANGN
8.65,8.65,8.65,8.65,954,2021-10-05 17:15:00,ANGN
8.65,8.65,8.65,8.65,600,2021-10-05 17:19:00,ANGN
8.65,8.65,8.62,8.65,2584,2021-10-05 17:27:00,ANGN
8.65,8.65,8.617,8.638,600,2021-10-05 17:28:00,ANGN
8.64,8.64,8.64,8.64,100,2021-10-05 17:33:00,ANGN
8.64,8.7,8.64,8.7,2293,2021-10-05 17:40:00,ANGN
8.7074,8.7074,8.7074,8.7074,500,2021-10-05 17:41:00,ANGN
8.7038,8.7038,8.7038,8.7038,125,2021-10-05 17:46:00,ANGN
8.69,8.69,8.69,8.69,500,2021-10-05 17:48:00,ANGN
8.75,8.85,8.75,8.85,4597,2021-10-05 18:04:00,ANGN
8.85,8.85,8.85,8.85,229,2021-10-05 18:07:00,ANGN
8.93,8.93,8.93,8.93,100,2021-10-05 18:09:00,ANGN
8.93,8.93,8.93,8.93,100,2021-10-05 18:10:00,ANGN
8.94,8.94,8.94,8.94,104,2021-10-05 18:11:00,ANGN
8.9316,8.9337,8.9316,8.9337,500,2021-10-05 18:14:00,ANGN
8.94,8.94,8.94,8.94,100,2021-10-05 18:16:00,ANGN
8.87,8.87,8.87,8.87,1000,2021-10-05 18:31:00,ANGN
8.965,8.965,8.965,8.965,100,2021-10-05 18:33:00,ANGN
8.94,8.94,8.94,8.94,100,2021-10-05 18:34:00,ANGN
8.96,8.97,8.96,8.97,200,2021-10-05 18:36:00,ANGN
8.94,8.955,8.94,8.955,500,2021-10-05 18:39:00,ANGN
8.95,8.95,8.95,8.95,202,2021-10-05 18:41:00,ANGN
8.89,8.93,8.85,8.881,1589,2021-10-05 18:47:00,ANGN
8.9,8.9,8.9,8.9,100,2021-10-05 18:48:00,ANGN
8.9046,8.9046,8.88,8.88,1100,2021-10-05 19:04:00,ANGN
8.89,8.89,8.88,8.89,400,2021-10-05 19:12:00,ANGN
8.85,8.85,8.845,8.845,200,2021-10-05 19:13:00,ANGN
8.845,8.845,8.845,8.845,200,2021-10-05 19:16:00,ANGN
8.82,8.82,8.79,8.79,500,2021-10-05 19:17:00,ANGN
8.66,8.67,8.66,8.67,975,2021-10-05 19:28:00,ANGN
8.68,8.68,8.68,8.68,100,2021-10-05 19:29:00,ANGN
8.68,8.68,8.6742,8.68,600,2021-10-05 19:38:00,ANGN
8.655,8.68,8.655,8.68,220,2021-10-05 19:39:00,ANGN
8.62,8.69,8.62,8.65,729,2021-10-05 19:40:00,ANGN
8.71,8.71,8.71,8.71,100,2021-10-05 19:41:00,ANGN
8.68,8.68,8.68,8.68,100,2021-10-05 19:43:00,ANGN
8.65,8.66,8.64,8.64,1100,2021-10-05 19:44:00,ANGN
8.645,8.67,8.645,8.66,500,2021-10-05 19:45:00,ANGN
8.67,8.7,8.65,8.65,2532,2021-10-05 19:46:00,ANGN
8.665,8.69,8.665,8.69,675,2021-10-05 19:47:00,ANGN
8.69,8.69,8.69,8.69,300,2021-10-05 19:48:00,ANGN
8.73,8.74,8.7,8.72,1300,2021-10-05 19:49:00,ANGN
8.73,8.78,8.72,8.72,2500,2021-10-05 19:50:00,ANGN
8.72,8.755,8.72,8.755,1000,2021-10-05 19:51:00,ANGN
8.77,8.77,8.76,8.765,600,2021-10-05 19:52:00,ANGN
8.765,8.83,8.73,8.78,4408,2021-10-05 19:53:00,ANGN
8.82,8.82,8.8,8.805,900,2021-10-05 19:54:00,ANGN
8.8,8.805,8.8,8.805,700,2021-10-05 19:55:00,ANGN
8.805,8.84,8.79,8.84,1400,2021-10-05 19:56:00,ANGN
8.805,8.84,8.805,8.84,2191,2021-10-05 19:57:00,ANGN
8.84,8.89,8.84,8.88,2713,2021-10-05 19:58:00,ANGN
8.88,8.9,8.77,8.77,6740,2021-10-05 19:59:00,ANGN
8.89,8.89,8.89,8.89,12832,2021-10-05 20:00:00,ANGN
8.79,8.79,8.79,8.79,1376,2021-10-06 13:30:00,ANGN
9.21,9.25,9.21,9.25,200,2021-10-06 13:34:00,ANGN
8.63,8.63,8.63,8.63,100,2021-10-06 13:49:00,ANGN
8.8077,8.8077,8.8077,8.8077,1000,2021-10-06 13:50:00,ANGN
8.79,8.79,8.78,8.79,1011,2021-10-06 13:51:00,ANGN
8.95,8.95,8.95,8.95,100,2021-10-06 13:55:00,ANGN
8.7114,8.9904,8.7114,8.9904,213,2021-10-06 13:59:00,ANGN
8.81,8.8209,8.67,8.8209,1849,2021-10-06 14:13:00,ANGN
8.6,8.6,8.6,8.6,1800,2021-10-06 14:17:00,ANGN
8.6,8.6,8.6,8.6,400,2021-10-06 14:18:00,ANGN
8.6,8.6,8.6,8.6,1800,2021-10-06 14:19:00,ANGN
8.62,8.81,8.62,8.81,1000,2021-10-06 14:21:00,ANGN
8.6,8.6,8.6,8.6,500,2021-10-06 14:22:00,ANGN
8.7899,8.7899,8.6,8.6,7900,2021-10-06 14:25:00,ANGN
8.63,8.63,8.6,8.6,1920,2021-10-06 14:26:00,ANGN
8.595,8.595,8.595,8.595,100,2021-10-06 14:28:00,ANGN
8.6,8.6,8.51,8.51,500,2021-10-06 14:39:00,ANGN
8.505,8.505,8.505,8.505,100,2021-10-06 14:40:00,ANGN
8.365,8.47,8.365,8.47,300,2021-10-06 14:41:00,ANGN
8.26,8.26,8.26,8.26,255,2021-10-06 14:45:00,ANGN
8.43,8.43,8.42,8.42,200,2021-10-06 14:47:00,ANGN
8.63,8.63,8.63,8.63,100,2021-10-06 14:53:00,ANGN
8.46,8.46,8.46,8.46,100,2021-10-06 15:03:00,ANGN
8.46,8.46,8.44,8.44,767,2021-10-06 15:04:00,ANGN
8.53,8.53,8.53,8.53,100,2021-10-06 15:10:00,ANGN
8.54,8.54,8.54,8.54,100,2021-10-06 15:16:00,ANGN
8.53,8.55,8.45,8.45,5645,2021-10-06 15:26:00,ANGN
8.5,8.54,8.465,8.54,640,2021-10-06 15:27:00,ANGN
8.49,8.49,8.49,8.49,100,2021-10-06 15:28:00,ANGN
8.47,8.47,8.47,8.47,100,2021-10-06 15:30:00,ANGN
8.48,8.48,8.48,8.48,100,2021-10-06 15:33:00,ANGN
8.48,8.48,8.48,8.48,100,2021-10-06 15:35:00,ANGN
8.44,8.44,8.44,8.44,100,2021-10-06 15:38:00,ANGN
8.58,8.58,8.58,8.58,100,2021-10-06 15:51:00,ANGN
8.5126,8.5126,8.5126,8.5126,175,2021-10-06 16:35:00,ANGN
8.505,8.505,8.505,8.505,200,2021-10-06 16:40:00,ANGN
8.45,8.45,8.44,8.44,200,2021-10-06 17:06:00,ANGN
8.43,8.43,8.43,8.43,300,2021-10-06 17:16:00,ANGN
8.43,8.43,8.43,8.43,100,2021-10-06 17:17:00,ANGN
8.43,8.43,8.43,8.43,500,2021-10-06 17:21:00,ANGN
8.43,8.43,8.43,8.43,500,2021-10-06 17:22:00,ANGN
8.3401,8.3401,8.3401,8.3401,400,2021-10-06 17:28:00,ANGN
8.29,8.29,8.29,8.29,100,2021-10-06 17:30:00,ANGN
8.48,8.48,8.48,8.48,100,2021-10-06 17:33:00,ANGN
8.345,8.345,8.345,8.345,450,2021-10-06 17:34:00,ANGN
8.43,8.67,8.43,8.67,900,2021-10-06 17:37:00,ANGN
8.51,8.51,8.51,8.51,400,2021-10-06 17:38:00,ANGN
8.52,8.52,8.52,8.52,300,2021-10-06 17:43:00,ANGN
8.51,8.51,8.51,8.51,700,2021-10-06 17:48:00,ANGN
8.52,8.52,8.52,8.52,155,2021-10-06 17:54:00,ANGN
8.5,8.5,8.5,8.5,200,2021-10-06 17:58:00,ANGN
8.48,8.5,8.48,8.485,525,2021-10-06 17:59:00,ANGN
8.5,8.5,8.5,8.5,1900,2021-10-06 18:02:00,ANGN
8.54,8.54,8.54,8.54,100,2021-10-06 18:03:00,ANGN
8.5,8.5,8.5,8.5,400,2021-10-06 18:06:00,ANGN
8.5,8.5,8.5,8.5,200,2021-10-06 18:07:00,ANGN
8.5,8.52,8.5,8.5,1900,2021-10-06 18:09:00,ANGN
8.5,8.5,8.48,8.48,200,2021-10-06 18:12:00,ANGN
8.5,8.5,8.5,8.5,100,2021-10-06 18:13:00,ANGN
8.5274,8.5274,8.5274,8.5274,600,2021-10-06 18:16:00,ANGN
8.5955,8.5955,8.5955,8.5955,200,2021-10-06 18:23:00,ANGN
8.555,8.575,8.5,8.575,400,2021-10-06 18:35:00,ANGN
8.5,8.5,8.5,8.5,200,2021-10-06 18:36:00,ANGN
8.51,8.51,8.5,8.5,500,2021-10-06 18:39:00,ANGN
8.5,8.5,8.5,8.5,200,2021-10-06 18:40:00,ANGN
8.5,8.51,8.5,8.51,600,2021-10-06 18:43:00,ANGN
8.58,8.58,8.51,8.51,1900,2021-10-06 18:44:00,ANGN
8.51,8.51,8.5,8.5,600,2021-10-06 18:45:00,ANGN
8.5,8.57,8.5,8.57,1600,2021-10-06 18:49:00,ANGN
8.5,8.73,8.5,8.73,12758,2021-10-06 18:50:00,ANGN
8.51,8.54,8.51,8.54,600,2021-10-06 18:51:00,ANGN
8.5,8.58,8.5,8.5,1822,2021-10-06 18:52:00,ANGN
8.51,8.51,8.5,8.51,300,2021-10-06 18:53:00,ANGN
8.5,8.5,8.5,8.5,425,2021-10-06 18:55:00,ANGN
8.42,8.48,8.42,8.48,911,2021-10-06 18:56:00,ANGN
8.49,8.49,8.49,8.49,100,2021-10-06 18:59:00,ANGN
8.42,8.42,8.42,8.42,700,2021-10-06 19:01:00,ANGN
8.445,8.48,8.445,8.48,200,2021-10-06 19:08:00,ANGN
8.48,8.48,8.48,8.48,100,2021-10-06 19:16:00,ANGN
8.41,8.44,8.39,8.44,10735,2021-10-06 19:20:00,ANGN
8.44,8.5,8.44,8.49,700,2021-10-06 19:21:00,ANGN
8.47,8.47,8.46,8.46,200,2021-10-06 19:22:00,ANGN
8.5,8.5,8.5,8.5,200,2021-10-06 19:31:00,ANGN
8.65,8.65,8.51,8.525,1700,2021-10-06 19:32:00,ANGN
8.5,8.5,8.45,8.5,581,2021-10-06 19:33:00,ANGN
8.45,8.45,8.45,8.45,100,2021-10-06 19:34:00,ANGN
8.45,8.45,8.4,8.4,696,2021-10-06 19:35:00,ANGN
8.45,8.45,8.45,8.45,100,2021-10-06 19:36:00,ANGN
8.42,8.43,8.42,8.42,400,2021-10-06 19:40:00,ANGN
8.415,8.415,8.4,8.4,1265,2021-10-06 19:42:00,ANGN
8.49,8.49,8.49,8.49,100,2021-10-06 19:43:00,ANGN
8.435,8.46,8.435,8.46,200,2021-10-06 19:46:00,ANGN
8.47,8.49,8.47,8.49,909,2021-10-06 19:47:00,ANGN
8.455,8.5,8.42,8.42,700,2021-10-06 19:48:00,ANGN
8.47,8.47,8.47,8.47,293,2021-10-06 19:52:00,ANGN
8.41,8.41,8.41,8.41,100,2021-10-06 19:54:00,ANGN
8.41,8.5,8.4,8.45,2363,2021-10-06 19:56:00,ANGN
8.49,8.49,8.49,8.49,100,2021-10-06 19:57:00,ANGN
8.51,8.51,8.47,8.47,200,2021-10-06 19:58:00,ANGN
8.43,8.5,8.43,8.4952,1566,2021-10-06 19:59:00,ANGN
8.46,8.46,8.46,8.46,3812,2021-10-06 20:00:00,ANGN
8.55,9.15,8.55,9.15,665,2021-10-07 13:30:00,ANGN
8.38,8.38,8.38,8.38,101,2021-10-07 13:36:00,ANGN
8.45,8.45,8.45,8.45,1000,2021-10-07 13:42:00,ANGN
8.45,8.45,8.45,8.45,200,2021-10-07 13:44:00,ANGN
8.52,8.52,8.52,8.52,200,2021-10-07 13:45:00,ANGN
8.68,8.78,8.68,8.78,1300,2021-10-07 13:56:00,ANGN
8.605,8.605,8.605,8.605,200,2021-10-07 13:59:00,ANGN
8.605,8.605,8.605,8.605,6700,2021-10-07 14:00:00,ANGN
8.555,8.565,8.555,8.565,200,2021-10-07 14:06:00,ANGN
8.585,8.585,8.585,8.585,100,2021-10-07 14:15:00,ANGN
8.6,8.6,8.6,8.6,100,2021-10-07 14:23:00,ANGN
8.595,8.595,8.595,8.595,231,2021-10-07 14:27:00,ANGN
8.63,8.63,8.63,8.63,100,2021-10-07 14:28:00,ANGN
8.625,8.625,8.625,8.625,100,2021-10-07 14:29:00,ANGN
8.66,8.66,8.66,8.66,301,2021-10-07 14:34:00,ANGN
8.6278,8.645,8.6278,8.645,600,2021-10-07 14:38:00,ANGN
8.645,8.645,8.645,8.645,100,2021-10-07 14:55:00,ANGN
8.65,8.65,8.65,8.65,153,2021-10-07 14:57:00,ANGN
8.66,8.66,8.66,8.66,200,2021-10-07 14:59:00,ANGN
8.66,8.66,8.64,8.66,500,2021-10-07 15:00:00,ANGN
8.66,8.67,8.655,8.655,600,2021-10-07 15:02:00,ANGN
8.67,8.745,8.655,8.69,2807,2021-10-07 15:03:00,ANGN
8.69,8.69,8.69,8.69,100,2021-10-07 15:04:00,ANGN
8.69,8.69,8.69,8.69,100,2021-10-07 15:18:00,ANGN
8.66,8.66,8.66,8.66,100,2021-10-07 15:19:00,ANGN
8.735,8.735,8.735,8.735,100,2021-10-07 15:39:00,ANGN
8.68,8.72,8.67,8.72,1200,2021-10-07 15:44:00,ANGN
8.67,8.7,8.54,8.67,13728,2021-10-07 15:48:00,ANGN
8.69,8.69,8.655,8.655,400,2021-10-07 15:49:00,ANGN
8.655,8.655,8.655,8.655,100,2021-10-07 15:50:00,ANGN
8.655,8.675,8.61,8.61,400,2021-10-07 15:51:00,ANGN
8.685,8.685,8.685,8.685,100,2021-10-07 15:52:00,ANGN
8.6,8.6,8.6,8.6,100,2021-10-07 15:53:00,ANGN
8.63,8.63,8.63,8.63,100,2021-10-07 15:54:00,ANGN
8.6,8.6,8.6,8.6,100,2021-10-07 15:55:00,ANGN
8.59,8.59,8.59,8.59,200,2021-10-07 15:56:00,ANGN
8.59,8.59,8.59,8.59,100,2021-10-07 15:57:00,ANGN
8.7,8.7,8.59,8.59,200,2021-10-07 15:58:00,ANGN
8.5,8.5,8.5,8.5,100,2021-10-07 15:59:00,ANGN
8.41,8.42,8.41,8.42,534,2021-10-07 16:10:00,ANGN
8.395,8.395,8.395,8.395,100,2021-10-07 16:11:00,ANGN
8.5,8.605,8.5,8.595,1660,2021-10-07 16:12:00,ANGN
8.74,8.74,8.74,8.74,200,2021-10-07 16:16:00,ANGN
8.52,8.52,8.52,8.52,100,2021-10-07 16:19:00,ANGN
8.52,8.52,8.52,8.52,100,2021-10-07 16:20:00,ANGN
8.5,8.5,8.5,8.5,200,2021-10-07 16:21:00,ANGN
8.5,8.5,8.5,8.5,220,2021-10-07 16:22:00,ANGN
8.55,8.55,8.55,8.55,100,2021-10-07 16:25:00,ANGN
8.53,8.53,8.53,8.53,100,2021-10-07 16:26:00,ANGN
8.53,8.53,8.53,8.53,100,2021-10-07 16:27:00,ANGN
8.53,8.715,8.53,8.7,1400,2021-10-07 16:28:00,ANGN
8.6,8.61,8.6,8.61,200,2021-10-07 16:30:00,ANGN
8.6,8.635,8.54,8.54,400,2021-10-07 16:31:00,ANGN
8.53,8.7,8.53,8.7,200,2021-10-07 16:32:00,ANGN
8.53,8.53,8.53,8.53,100,2021-10-07 16:34:00,ANGN
8.53,8.63,8.53,8.63,200,2021-10-07 16:35:00,ANGN
8.52,8.52,8.52,8.52,100,2021-10-07 16:36:00,ANGN
8.64,8.64,8.51,8.51,2100,2021-10-07 16:37:00,ANGN
8.615,8.615,8.545,8.595,896,2021-10-07 16:38:00,ANGN
8.62,8.62,8.565,8.565,200,2021-10-07 16:40:00,ANGN
8.58,8.58,8.58,8.58,100,2021-10-07 16:43:00,ANGN
8.54,8.54,8.54,8.54,100,2021-10-07 16:58:00,ANGN
8.54,8.54,8.54,8.54,100,2021-10-07 17:00:00,ANGN
8.53,8.56,8.53,8.56,700,2021-10-07 17:01:00,ANGN
8.56,8.56,8.56,8.56,100,2021-10-07 17:04:00,ANGN
8.53,8.53,8.53,8.53,100,2021-10-07 17:05:00,ANGN
8.52,8.52,8.52,8.52,100,2021-10-07 17:06:00,ANGN
8.5,8.5,8.46,8.46,704,2021-10-07 17:12:00,ANGN
8.435,8.435,8.435,8.435,100,2021-10-07 17:16:00,ANGN
8.46,8.46,8.4586,8.4586,620,2021-10-07 17:18:00,ANGN
8.5,8.5,8.5,8.5,100,2021-10-07 17:19:00,ANGN
8.5,8.5,8.5,8.5,300,2021-10-07 17:21:00,ANGN
8.5,8.5,8.41,8.5,4849,2021-10-07 17:22:00,ANGN
8.47,8.47,8.47,8.47,100,2021-10-07 17:25:00,ANGN
8.49,8.545,8.45,8.45,1966,2021-10-07 17:35:00,ANGN
8.49,8.49,8.49,8.49,100,2021-10-07 17:36:00,ANGN
8.455,8.455,8.455,8.455,100,2021-10-07 17:37:00,ANGN
8.43,8.43,8.38,8.415,1119,2021-10-07 17:40:00,ANGN
8.4,8.4,8.4,8.4,127,2021-10-07 17:41:00,ANGN
8.38,8.38,8.38,8.38,100,2021-10-07 17:42:00,ANGN
8.38,8.38,8.28,8.28,1300,2021-10-07 17:44:00,ANGN
8.45,8.45,8.45,8.45,100,2021-10-07 17:45:00,ANGN
8.37,8.37,8.26,8.26,700,2021-10-07 17:47:00,ANGN
8.45,8.45,8.26,8.26,800,2021-10-07 17:48:00,ANGN
8.365,8.365,8.365,8.365,220,2021-10-07 17:49:00,ANGN
8.375,8.375,8.375,8.375,100,2021-10-07 17:57:00,ANGN
8.375,8.375,8.27,8.27,300,2021-10-07 17:58:00,ANGN
8.375,8.375,8.27,8.27,300,2021-10-07 17:59:00,ANGN
8.28,8.375,8.28,8.375,200,2021-10-07 18:00:00,ANGN
8.32,8.41,8.26,8.41,15547,2021-10-07 18:02:00,ANGN
8.365,8.365,8.365,8.365,500,2021-10-07 18:03:00,ANGN
8.43,8.43,8.43,8.43,100,2021-10-07 18:07:00,ANGN
8.395,8.395,8.395,8.395,200,2021-10-07 18:09:00,ANGN
8.4,8.4,8.4,8.4,100,2021-10-07 18:11:00,ANGN
8.4,8.4,8.4,8.4,100,2021-10-07 18:12:00,ANGN
8.405,8.405,8.405,8.405,100,2021-10-07 18:15:00,ANGN
8.4248,8.44,8.4248,8.44,1100,2021-10-07 18:17:00,ANGN
8.41,8.41,8.29,8.29,4635,2021-10-07 18:19:00,ANGN
8.39,8.39,8.39,8.39,100,2021-10-07 18:20:00,ANGN
8.39,8.39,8.39,8.39,200,2021-10-07 18:24:00,ANGN
8.42,8.42,8.42,8.42,100,2021-10-07 18:25:00,ANGN
8.35,8.35,8.35,8.35,100,2021-10-07 18:26:00,ANGN
8.35,8.35,8.35,8.35,100,2021-10-07 18:28:00,ANGN
8.355,8.355,8.355,8.355,300,2021-10-07 18:39:00,ANGN
8.42,8.42,8.42,8.42,100,2021-10-07 18:43:00,ANGN
8.45,8.45,8.44,8.44,200,2021-10-07 18:48:00,ANGN
8.42,8.42,8.42,8.42,200,2021-10-07 18:53:00,ANGN
8.39,8.39,8.39,8.39,100,2021-10-07 18:55:00,ANGN
8.415,8.415,8.415,8.415,200,2021-10-07 18:57:00,ANGN
8.43,8.43,8.42,8.42,203,2021-10-07 18:58:00,ANGN
8.45,8.45,8.45,8.45,100,2021-10-07 19:03:00,ANGN
8.46,8.49,8.46,8.49,337,2021-10-07 19:05:00,ANGN
8.5,8.5,8.49,8.49,200,2021-10-07 19:06:00,ANGN
8.475,8.475,8.475,8.475,100,2021-10-07 19:08:00,ANGN
8.49,8.49,8.48,8.49,500,2021-10-07 19:09:00,ANGN
8.4899,8.4899,8.4899,8.4899,1000,2021-10-07 19:12:00,ANGN
8.45,8.45,8.45,8.45,100,2021-10-07 19:21:00,ANGN
8.46,8.46,8.46,8.46,100,2021-10-07 19:22:00,ANGN
8.45,8.46,8.45,8.46,400,2021-10-07 19:25:00,ANGN
8.42,8.42,8.42,8.42,108,2021-10-07 19:29:00,ANGN
8.46,8.46,8.46,8.46,100,2021-10-07 19:30:00,ANGN
8.46,8.46,8.46,8.46,300,2021-10-07 19:31:00,ANGN
8.485,8.485,8.485,8.485,100,2021-10-07 19:33:00,ANGN
8.475,8.49,8.475,8.49,300,2021-10-07 19:34:00,ANGN
8.475,8.475,8.475,8.475,100,2021-10-07 19:36:00,ANGN
8.5,8.5,8.5,8.5,100,2021-10-07 19:38:00,ANGN
8.5,8.5,8.5,8.5,3567,2021-10-07 19:39:00,ANGN
8.5,8.5,8.5,8.5,600,2021-10-07 19:43:00,ANGN
8.49,8.5,8.48,8.5,3421,2021-10-07 19:46:00,ANGN
8.5,8.5,8.5,8.5,100,2021-10-07 19:47:00,ANGN
8.49,8.5,8.49,8.5,700,2021-10-07 19:48:00,ANGN
8.49,8.49,8.49,8.49,100,2021-10-07 19:49:00,ANGN
8.46,8.49,8.46,8.49,300,2021-10-07 19:50:00,ANGN
8.5,8.5,8.48,8.49,1100,2021-10-07 19:53:00,ANGN
8.49,8.5,8.49,8.5,334,2021-10-07 19:54:00,ANGN
8.49,8.53,8.49,8.52,1700,2021-10-07 19:55:00,ANGN
8.55,8.55,8.525,8.55,500,2021-10-07 19:56:00,ANGN
8.55,8.56,8.5,8.5,2073,2021-10-07 19:57:00,ANGN
8.47,8.5,8.47,8.5,336,2021-10-07 19:58:00,ANGN
8.5,8.5293,8.46,8.46,4606,2021-10-07 19:59:00,ANGN
8.49,8.49,8.49,8.49,4897,2021-10-07 20:00:00,ANGN
8.49,8.49,8.49,8.49,2220,2021-10-07 20:01:00,ANGN
8.48,8.48,8.48,8.48,685,2021-10-08 13:30:00,ANGN
8.92,8.92,8.92,8.92,100,2021-10-08 13:32:00,ANGN
8.5,8.5,8.5,8.5,100,2021-10-08 13:50:00,ANGN
8.33,8.33,8.33,8.33,100,2021-10-08 13:51:00,ANGN
8.48,8.48,8.31,8.38,1600,2021-10-08 13:52:00,ANGN
8.39,8.39,8.38,8.38,300,2021-10-08 13:53:00,ANGN
8.39,8.39,8.39,8.39,2500,2021-10-08 13:57:00,ANGN
8.34,8.34,8.34,8.34,100,2021-10-08 14:20:00,ANGN
8.385,8.46,8.385,8.46,790,2021-10-08 14:24:00,ANGN
8.41,8.415,8.38,8.415,500,2021-10-08 14:31:00,ANGN
8.42,8.42,8.34,8.34,900,2021-10-08 14:33:00,ANGN
8.32,8.4,8.32,8.365,1200,2021-10-08 14:34:00,ANGN
8.35,8.35,8.35,8.35,300,2021-10-08 14:35:00,ANGN
8.36,8.36,8.33,8.33,585,2021-10-08 14:36:00,ANGN
8.36,8.36,8.36,8.36,100,2021-10-08 14:39:00,ANGN
8.31,8.31,8.3,8.31,688,2021-10-08 14:48:00,ANGN
8.31,8.37,8.3,8.37,1288,2021-10-08 14:49:00,ANGN
8.33,8.35,8.33,8.35,400,2021-10-08 14:56:00,ANGN
8.365,8.365,8.365,8.365,200,2021-10-08 15:01:00,ANGN
8.34,8.34,8.34,8.34,200,2021-10-08 15:05:00,ANGN
8.32,8.32,8.26,8.32,1000,2021-10-08 15:09:00,ANGN
8.32,8.32,8.32,8.32,100,2021-10-08 15:10:00,ANGN
8.2621,8.2621,8.2621,8.2621,500,2021-10-08 15:16:00,ANGN
8.26,8.295,8.26,8.295,3757,2021-10-08 15:18:00,ANGN
8.28,8.28,8.28,8.28,100,2021-10-08 15:19:00,ANGN
8.32,8.32,8.32,8.32,100,2021-10-08 15:31:00,ANGN
8.2726,8.2726,8.2726,8.2726,150,2021-10-08 15:44:00,ANGN
8.26,8.32,8.26,8.32,4800,2021-10-08 15:50:00,ANGN
8.2941,8.32,8.27,8.32,1400,2021-10-08 15:56:00,ANGN
8.29,8.29,8.26,8.26,1936,2021-10-08 16:02:00,ANGN
8.26,8.29,8.26,8.29,980,2021-10-08 16:12:00,ANGN
8.28,8.28,8.28,8.28,100,2021-10-08 16:13:00,ANGN
8.27,8.27,8.26,8.26,700,2021-10-08 16:15:00,ANGN
8.2769,8.28,8.2769,8.28,330,2021-10-08 16:18:00,ANGN
8.31,8.31,8.31,8.31,100,2021-10-08 16:19:00,ANGN
8.292,8.292,8.292,8.292,150,2021-10-08 16:28:00,ANGN
8.26,8.26,8.26,8.26,662,2021-10-08 16:35:00,ANGN
8.26,8.3194,8.26,8.3194,1168,2021-10-08 16:36:00,ANGN
8.3,8.3,8.2775,8.2775,700,2021-10-08 16:40:00,ANGN
8.32,8.32,8.32,8.32,100,2021-10-08 16:41:00,ANGN
8.32,8.35,8.32,8.35,800,2021-10-08 16:52:00,ANGN
8.3603,8.39,8.3603,8.39,489,2021-10-08 17:03:00,ANGN
8.42,8.45,8.42,8.45,200,2021-10-08 17:07:00,ANGN
8.45,8.45,8.45,8.45,908,2021-10-08 17:23:00,ANGN
8.42,8.42,8.42,8.42,150,2021-10-08 17:28:00,ANGN
8.38,8.38,8.38,8.38,100,2021-10-08 17:38:00,ANGN
8.3932,8.3932,8.3932,8.3932,500,2021-10-08 17:39:00,ANGN
8.47,8.47,8.47,8.47,105,2021-10-08 17:41:00,ANGN
8.4173,8.4173,8.4173,8.4173,300,2021-10-08 17:44:00,ANGN
8.43,8.43,8.43,8.43,200,2021-10-08 18:07:00,ANGN
8.39,8.39,8.35,8.38,959,2021-10-08 18:11:00,ANGN
8.35,8.35,8.35,8.35,100,2021-10-08 18:12:00,ANGN
8.35,8.4,8.35,8.385,1400,2021-10-08 18:13:00,ANGN
8.37,8.41,8.37,8.375,1400,2021-10-08 18:14:00,ANGN
8.4,8.4,8.32,8.32,1531,2021-10-08 18:15:00,ANGN
8.41,8.43,8.41,8.41,700,2021-10-08 18:16:00,ANGN
8.41,8.43,8.41,8.43,3025,2021-10-08 18:17:00,ANGN
8.41,8.43,8.41,8.43,2100,2021-10-08 18:18:00,ANGN
8.43,8.46,8.43,8.46,400,2021-10-08 18:19:00,ANGN
8.46,8.48,8.44,8.44,1100,2021-10-08 18:21:00,ANGN
8.4754,8.4754,8.46,8.47,700,2021-10-08 18:22:00,ANGN
8.47,8.48,8.47,8.48,200,2021-10-08 18:23:00,ANGN
8.48,8.51,8.48,8.51,518,2021-10-08 18:25:00,ANGN
8.51,8.51,8.51,8.51,100,2021-10-08 18:27:00,ANGN
8.52,8.53,8.515,8.5199,1237,2021-10-08 18:29:00,ANGN
8.56,8.58,8.56,8.5697,800,2021-10-08 18:31:00,ANGN
8.65,8.65,8.6,8.6,2600,2021-10-08 18:34:00,ANGN
8.57,8.57,8.57,8.57,100,2021-10-08 18:35:00,ANGN
8.585,8.585,8.585,8.585,400,2021-10-08 18:36:00,ANGN
8.599,8.6,8.599,8.6,400,2021-10-08 18:38:00,ANGN
8.6,8.6,8.57,8.57,1760,2021-10-08 18:40:00,ANGN
8.63,8.63,8.61,8.61,200,2021-10-08 18:41:00,ANGN
8.64,8.65,8.6399,8.65,920,2021-10-08 18:43:00,ANGN
8.66,8.66,8.57,8.66,1983,2021-10-08 18:46:00,ANGN
8.67,8.84,8.67,8.84,900,2021-10-08 18:47:00,ANGN
8.73,8.73,8.73,8.73,481,2021-10-08 18:48:00,ANGN
8.94,8.94,8.94,8.94,300,2021-10-08 18:52:00,ANGN
8.73,8.73,8.73,8.73,100,2021-10-08 18:53:00,ANGN
8.88,8.88,8.88,8.88,124,2021-10-08 18:59:00,ANGN
8.7672,8.7672,8.75,8.75,250,2021-10-08 19:05:00,ANGN
8.75,8.75,8.75,8.75,434,2021-10-08 19:06:00,ANGN
8.69,8.71,8.69,8.71,342,2021-10-08 19:11:00,ANGN
8.71,8.71,8.71,8.71,100,2021-10-08 19:14:00,ANGN
8.71,8.71,8.71,8.71,150,2021-10-08 19:23:00,ANGN
8.6958,8.6958,8.6958,8.6958,325,2021-10-08 19:24:00,ANGN
8.75,8.75,8.75,8.75,250,2021-10-08 19:27:00,ANGN
8.7,8.7,8.7,8.7,200,2021-10-08 19:29:00,ANGN
8.7,8.7,8.7,8.7,100,2021-10-08 19:30:00,ANGN
8.705,8.705,8.705,8.705,200,2021-10-08 19:31:00,ANGN
8.67,8.67,8.67,8.67,200,2021-10-08 19:33:00,ANGN
8.66,8.68,8.66,8.68,600,2021-10-08 19:34:00,ANGN
8.67,8.67,8.67,8.67,200,2021-10-08 19:35:00,ANGN
8.62,8.62,8.62,8.62,100,2021-10-08 19:36:00,ANGN
8.62,8.62,8.62,8.62,100,2021-10-08 19:37:00,ANGN
8.5326,8.5326,8.5326,8.5326,325,2021-10-08 19:47:00,ANGN
8.64,8.64,8.64,8.64,500,2021-10-08 19:56:00,ANGN
8.64,8.64,8.635,8.635,600,2021-10-08 19:57:00,ANGN
8.66,8.66,8.66,8.66,100,2021-10-08 19:58:00,ANGN
8.63,8.67,8.58,8.67,700,2021-10-08 19:59:00,ANGN
8.58,8.58,8.58,8.58,3887,2021-10-08 20:00:00,ANGN
8.58,8.58,8.58,8.58,329,2021-10-08 20:01:00,ANGN
