open,high,low,close,volume,datetime,symbol
11.88,11.88,11.88,11.88,800,2021-08-26 12:25:00,ICCM
11.26,11.26,11.26,11.26,888,2021-08-26 12:30:00,ICCM
11.26,11.26,11.26,11.26,112,2021-08-26 12:31:00,ICCM
10.91,10.91,10.91,10.91,127,2021-08-26 12:32:00,ICCM
11.4,11.4,11.4,11.4,985,2021-08-26 12:37:00,ICCM
11.49,11.49,11.49,11.49,992,2021-08-26 12:50:00,ICCM
11.87,11.87,11.87,11.87,100,2021-08-26 12:51:00,ICCM
11.59,11.59,11.59,11.59,992,2021-08-26 12:58:00,ICCM
11.9,11.9,11.9,11.9,650,2021-08-26 13:04:00,ICCM
11.88,11.88,11.88,11.88,780,2021-08-26 13:06:00,ICCM
11.5,11.5,11.5,11.5,385,2021-08-26 13:12:00,ICCM
11.9,11.9,11.9,11.9,399,2021-08-26 13:14:00,ICCM
11.9,11.9,11.4,11.4,950,2021-08-26 13:17:00,ICCM
11.4,11.4,11.27,11.27,1870,2021-08-26 13:18:00,ICCM
11.54,11.83,11.54,11.83,530,2021-08-26 13:23:00,ICCM
11.54,11.54,11.54,11.54,300,2021-08-26 13:26:00,ICCM
11.88,12.4,11.88,11.88,8608,2021-08-26 13:30:00,ICCM
11.88,11.88,11.5,11.5,4842,2021-08-26 13:31:00,ICCM
11.5,12.0857,11.5,12.0857,1043,2021-08-26 13:32:00,ICCM
12.0,12.3899,11.8,12.05,2175,2021-08-26 13:33:00,ICCM
11.99,11.99,11.99,11.99,179,2021-08-26 13:34:00,ICCM
11.99,12.05,11.8,11.8,1034,2021-08-26 13:35:00,ICCM
11.98,11.98,11.6,11.6,2371,2021-08-26 13:36:00,ICCM
11.6,11.6,11.4816,11.4816,2250,2021-08-26 13:37:00,ICCM
11.48,11.48,11.31,11.35,2090,2021-08-26 13:38:00,ICCM
11.3,11.3,11.1,11.1,2181,2021-08-26 13:39:00,ICCM
11.0,11.0,11.0,11.0,780,2021-08-26 13:40:00,ICCM
11.15,11.15,11.15,11.15,500,2021-08-26 13:43:00,ICCM
11.25,11.25,11.25,11.25,300,2021-08-26 13:44:00,ICCM
11.6707,11.6707,11.6707,11.6707,250,2021-08-26 13:45:00,ICCM
11.4406,11.4406,11.4406,11.4406,250,2021-08-26 13:46:00,ICCM
11.36,11.43,11.25,11.43,1950,2021-08-26 13:48:00,ICCM
11.42,11.43,11.42,11.43,827,2021-08-26 13:50:00,ICCM
11.68,11.8,11.67,11.8,1262,2021-08-26 13:51:00,ICCM
11.68,11.79,11.68,11.79,500,2021-08-26 13:52:00,ICCM
11.78,11.8,11.78,11.79,2300,2021-08-26 13:53:00,ICCM
11.68,11.68,11.68,11.68,257,2021-08-26 13:54:00,ICCM
11.9,11.9,11.9,11.9,400,2021-08-26 13:56:00,ICCM
11.5,11.79,11.5,11.79,630,2021-08-26 13:59:00,ICCM
11.79,11.79,11.79,11.79,105,2021-08-26 14:00:00,ICCM
11.55,11.55,11.55,11.55,700,2021-08-26 14:01:00,ICCM
11.4538,11.4538,11.4538,11.4538,220,2021-08-26 14:02:00,ICCM
11.34,11.34,11.3,11.32,1900,2021-08-26 14:04:00,ICCM
11.32,11.32,11.32,11.32,2100,2021-08-26 14:05:00,ICCM
11.49,11.49,11.49,11.49,100,2021-08-26 14:06:00,ICCM
11.49,11.49,11.49,11.49,533,2021-08-26 14:09:00,ICCM
11.32,11.33,11.32,11.33,200,2021-08-26 14:10:00,ICCM
11.31,11.31,11.26,11.26,4100,2021-08-26 14:12:00,ICCM
11.26,11.26,11.25,11.25,1600,2021-08-26 14:13:00,ICCM
11.25,11.26,11.25,11.25,13285,2021-08-26 14:14:00,ICCM
11.225,11.25,11.225,11.25,600,2021-08-26 14:15:00,ICCM
11.26,11.27,11.26,11.27,300,2021-08-26 14:19:00,ICCM
11.27,11.27,11.25,11.25,583,2021-08-26 14:29:00,ICCM
11.3,11.3,11.3,11.3,100,2021-08-26 14:37:00,ICCM
11.5396,11.5396,11.5396,11.5396,100,2021-08-26 14:39:00,ICCM
11.5535,11.5535,11.5535,11.5535,300,2021-08-26 14:44:00,ICCM
11.519,11.519,11.519,11.519,400,2021-08-26 14:47:00,ICCM
11.55,11.55,11.51,11.51,350,2021-08-26 14:48:00,ICCM
11.55,11.55,11.26,11.26,1000,2021-08-26 14:49:00,ICCM
11.4,11.4,11.4,11.4,100,2021-08-26 14:54:00,ICCM
11.345,11.345,11.345,11.345,341,2021-08-26 14:55:00,ICCM
11.29,11.29,11.25,11.25,1414,2021-08-26 14:56:00,ICCM
11.2,11.2,11.2,11.2,100,2021-08-26 14:58:00,ICCM
11.25,11.3,11.15,11.15,859,2021-08-26 15:02:00,ICCM
11.15,11.15,11.01,11.01,665,2021-08-26 15:11:00,ICCM
11.0501,11.0501,11.0501,11.0501,200,2021-08-26 15:23:00,ICCM
11.06,11.06,11.06,11.06,500,2021-08-26 15:26:00,ICCM
11.4601,11.4601,11.4601,11.4601,200,2021-08-26 15:27:00,ICCM
11.4937,11.5,11.28,11.5,4269,2021-08-26 15:28:00,ICCM
11.4,11.4,11.4,11.4,100,2021-08-26 15:31:00,ICCM
11.395,11.5,11.395,11.5,1650,2021-08-26 15:40:00,ICCM
11.5,11.5,11.4999,11.4999,500,2021-08-26 15:43:00,ICCM
11.5,11.5,11.5,11.5,100,2021-08-26 15:50:00,ICCM
11.4818,11.4818,11.45,11.455,1200,2021-08-26 15:57:00,ICCM
11.5,11.5,11.5,11.5,130,2021-08-26 16:13:00,ICCM
11.5,11.5,11.465,11.465,1100,2021-08-26 16:16:00,ICCM
11.51,11.85,11.51,11.85,2122,2021-08-26 16:17:00,ICCM
11.44,11.44,11.44,11.44,100,2021-08-26 16:18:00,ICCM
11.84,11.84,11.84,11.84,100,2021-08-26 16:22:00,ICCM
11.49,11.49,11.4,11.46,5529,2021-08-26 16:29:00,ICCM
11.4615,11.49,11.4615,11.49,200,2021-08-26 16:30:00,ICCM
11.5,11.5,11.46,11.46,3100,2021-08-26 16:32:00,ICCM
11.49,11.5,11.49,11.5,2000,2021-08-26 16:34:00,ICCM
11.46,11.5,11.46,11.4999,2400,2021-08-26 16:35:00,ICCM
11.5,11.51,11.4999,11.51,2800,2021-08-26 16:36:00,ICCM
11.5,11.5,11.5,11.5,100,2021-08-26 16:37:00,ICCM
11.51,11.51,11.51,11.51,100,2021-08-26 16:43:00,ICCM
11.48,11.5,11.4,11.4,855,2021-08-26 16:49:00,ICCM
11.4,11.5,11.3717,11.4541,700,2021-08-26 16:59:00,ICCM
11.5,11.5,11.31,11.31,2750,2021-08-26 17:02:00,ICCM
11.3055,11.3055,11.3055,11.3055,100,2021-08-26 17:04:00,ICCM
11.3099,11.3099,11.3099,11.3099,125,2021-08-26 17:05:00,ICCM
11.25,11.25,11.25,11.25,150,2021-08-26 17:07:00,ICCM
11.2399,11.2399,11.05,11.05,1000,2021-08-26 17:23:00,ICCM
11.102,11.102,11.102,11.102,252,2021-08-26 17:38:00,ICCM
11.2,11.2,11.1999,11.1999,2300,2021-08-26 17:46:00,ICCM
11.2,11.2,11.1999,11.1999,1600,2021-08-26 17:47:00,ICCM
11.2399,11.24,11.2399,11.2399,900,2021-08-26 17:57:00,ICCM
11.29,11.29,11.29,11.29,445,2021-08-26 18:17:00,ICCM
11.18,11.19,11.06,11.06,5761,2021-08-26 18:23:00,ICCM
11.12,11.12,11.12,11.12,100,2021-08-26 18:25:00,ICCM
11.25,11.25,11.19,11.25,400,2021-08-26 18:35:00,ICCM
11.11,11.2,11.11,11.198,1262,2021-08-26 18:36:00,ICCM
11.135,11.2499,11.02,11.02,800,2021-08-26 18:39:00,ICCM
11.19,11.23,11.0201,11.0201,2500,2021-08-26 18:56:00,ICCM
11.24,11.24,11.24,11.24,350,2021-08-26 19:18:00,ICCM
11.24,11.24,11.2399,11.2399,500,2021-08-26 19:21:00,ICCM
11.2,11.2,10.8,10.8,4730,2021-08-26 19:26:00,ICCM
11.0,11.0,11.0,11.0,140,2021-08-26 19:41:00,ICCM
10.9,10.9,10.9,10.9,100,2021-08-26 19:46:00,ICCM
10.9759,10.9759,10.9759,10.9759,125,2021-08-26 19:50:00,ICCM
10.9,10.9,10.9,10.9,200,2021-08-26 19:59:00,ICCM
10.88,10.88,10.88,10.88,100,2021-08-27 12:52:00,ICCM
11.35,11.35,11.34,11.34,1872,2021-08-27 13:30:00,ICCM
11.35,11.35,11.35,11.35,300,2021-08-27 13:34:00,ICCM
11.26,11.26,10.97,11.01,5938,2021-08-27 13:35:00,ICCM
11.125,11.125,11.0,11.125,1270,2021-08-27 13:36:00,ICCM
11.2,11.25,11.2,11.25,500,2021-08-27 13:45:00,ICCM
11.2499,11.2499,11.2499,11.2499,100,2021-08-27 13:46:00,ICCM
11.25,11.25,11.25,11.25,4700,2021-08-27 13:48:00,ICCM
11.35,11.35,11.35,11.35,1006,2021-08-27 13:49:00,ICCM
11.35,11.35,11.35,11.35,200,2021-08-27 13:51:00,ICCM
11.4999,11.5,11.49,11.5,1310,2021-08-27 13:54:00,ICCM
11.5,11.5,11.49,11.5,900,2021-08-27 13:55:00,ICCM
11.5,11.5,11.5,11.5,2546,2021-08-27 14:00:00,ICCM
11.475,11.475,11.475,11.475,200,2021-08-27 14:01:00,ICCM
11.5,11.5,11.3997,11.3997,1515,2021-08-27 14:06:00,ICCM
11.45,11.45,11.45,11.45,600,2021-08-27 14:07:00,ICCM
11.45,11.45,11.4334,11.4334,1000,2021-08-27 14:14:00,ICCM
11.4016,11.4016,11.4016,11.4016,125,2021-08-27 14:18:00,ICCM
11.42,11.5,11.42,11.5,2295,2021-08-27 14:27:00,ICCM
11.5,11.5,11.5,11.5,200,2021-08-27 14:31:00,ICCM
11.435,11.435,11.435,11.435,500,2021-08-27 14:38:00,ICCM
11.5,11.5,11.5,11.5,200,2021-08-27 15:04:00,ICCM
11.49,11.49,11.49,11.49,124,2021-08-27 15:09:00,ICCM
11.45,11.45,11.45,11.45,450,2021-08-27 15:10:00,ICCM
11.49,11.49,11.49,11.49,375,2021-08-27 15:11:00,ICCM
11.48,11.48,11.48,11.48,250,2021-08-27 15:24:00,ICCM
11.445,11.445,11.4,11.4,2900,2021-08-27 15:30:00,ICCM
11.37,11.37,11.37,11.37,172,2021-08-27 15:31:00,ICCM
11.4,11.4,11.39,11.39,800,2021-08-27 15:32:00,ICCM
11.37,11.37,11.35,11.35,1000,2021-08-27 15:50:00,ICCM
11.37,11.3899,11.35,11.3899,1150,2021-08-27 15:51:00,ICCM
11.35,11.37,11.35,11.35,800,2021-08-27 15:52:00,ICCM
11.34,11.34,11.34,11.34,300,2021-08-27 15:55:00,ICCM
11.305,11.35,11.305,11.35,500,2021-08-27 15:57:00,ICCM
11.3178,11.3178,11.3178,11.3178,250,2021-08-27 16:00:00,ICCM
11.3023,11.3023,11.26,11.26,1339,2021-08-27 16:10:00,ICCM
11.26,11.26,11.26,11.26,200,2021-08-27 16:33:00,ICCM
11.26,11.26,11.26,11.26,100,2021-08-27 16:59:00,ICCM
11.34,11.34,11.34,11.34,100,2021-08-27 17:06:00,ICCM
11.05,11.05,11.05,11.05,100,2021-08-27 17:17:00,ICCM
11.05,11.05,11.05,11.05,200,2021-08-27 17:29:00,ICCM
11.05,11.05,11.05,11.05,240,2021-08-27 17:39:00,ICCM
11.1068,11.1068,11.1068,11.1068,200,2021-08-27 17:50:00,ICCM
11.27,11.3,11.27,11.3,300,2021-08-27 17:51:00,ICCM
11.175,11.175,11.175,11.175,200,2021-08-27 17:55:00,ICCM
11.065,11.065,11.06,11.06,200,2021-08-27 18:07:00,ICCM
11.15,11.3,11.15,11.3,966,2021-08-27 18:18:00,ICCM
11.2,11.2,11.1,11.1,200,2021-08-27 18:39:00,ICCM
11.3,11.3,11.3,11.3,600,2021-08-27 18:44:00,ICCM
11.13,11.225,11.05,11.05,4958,2021-08-27 18:46:00,ICCM
11.18,11.18,11.11,11.11,500,2021-08-27 18:49:00,ICCM
11.29,11.29,11.29,11.29,100,2021-08-27 18:59:00,ICCM
11.2877,11.2877,11.28,11.28,500,2021-08-27 19:02:00,ICCM
11.3,11.3,11.3,11.3,500,2021-08-27 19:03:00,ICCM
11.3,11.3,11.3,11.3,2698,2021-08-27 19:04:00,ICCM
11.1119,11.1119,11.1119,11.1119,112,2021-08-27 19:14:00,ICCM
11.13,11.13,11.11,11.11,200,2021-08-27 19:24:00,ICCM
11.12,11.12,11.11,11.1101,1800,2021-08-27 19:26:00,ICCM
11.11,11.11,11.07,11.07,400,2021-08-27 19:29:00,ICCM
11.1,11.1,11.1,11.1,500,2021-08-27 19:30:00,ICCM
11.075,11.075,11.075,11.075,100,2021-08-27 19:31:00,ICCM
11.06,11.06,11.05,11.05,1042,2021-08-27 19:36:00,ICCM
11.0,11.0396,11.0,11.0396,350,2021-08-27 19:37:00,ICCM
11.0,11.0,11.0,11.0,200,2021-08-27 19:43:00,ICCM
11.05,11.05,11.05,11.05,285,2021-08-27 19:48:00,ICCM
11.05,11.05,11.0054,11.0054,600,2021-08-27 19:49:00,ICCM
11.01,11.01,11.01,11.01,100,2021-08-27 19:51:00,ICCM
11.0499,11.05,11.0499,11.05,222,2021-08-27 19:53:00,ICCM
11.01,11.05,11.01,11.05,300,2021-08-27 19:55:00,ICCM
11.04,11.04,11.02,11.02,1497,2021-08-27 19:58:00,ICCM
11.01,11.01,11.01,11.01,243,2021-08-27 19:59:00,ICCM
11.05,11.05,11.05,11.05,1000,2021-08-27 20:00:00,ICCM
11.12,11.12,11.12,11.12,925,2021-08-30 13:11:00,ICCM
11.12,11.12,11.12,11.12,400,2021-08-30 13:15:00,ICCM
11.12,11.12,11.082,11.082,1983,2021-08-30 13:30:00,ICCM
11.0,11.0,11.0,11.0,300,2021-08-30 13:38:00,ICCM
10.94,10.94,10.89,10.89,1200,2021-08-30 13:43:00,ICCM
10.98,10.98,10.81,10.81,3220,2021-08-30 13:46:00,ICCM
10.9847,10.9847,10.9847,10.9847,100,2021-08-30 13:47:00,ICCM
10.95,11.0,10.94,11.0,2900,2021-08-30 13:48:00,ICCM
10.975,10.975,10.94,10.95,677,2021-08-30 13:50:00,ICCM
11.0,11.0,10.84,10.84,4645,2021-08-30 13:53:00,ICCM
10.84,10.84,10.84,10.84,1500,2021-08-30 13:54:00,ICCM
10.84,10.9,10.7,10.7,4731,2021-08-30 13:55:00,ICCM
10.7,10.7,10.7,10.7,550,2021-08-30 13:56:00,ICCM
10.72,10.72,10.71,10.71,500,2021-08-30 13:57:00,ICCM
10.72,10.72,10.72,10.72,200,2021-08-30 13:58:00,ICCM
10.75,10.91,10.75,10.91,905,2021-08-30 13:59:00,ICCM
10.75,11.0,10.75,10.85,5045,2021-08-30 14:00:00,ICCM
10.77,10.77,10.75,10.75,500,2021-08-30 14:01:00,ICCM
10.8,10.8,10.8,10.8,500,2021-08-30 14:02:00,ICCM
10.81,10.81,10.8,10.8,1287,2021-08-30 14:11:00,ICCM
10.77,10.77,10.77,10.77,320,2021-08-30 14:17:00,ICCM
10.75,10.75,10.75,10.75,600,2021-08-30 14:18:00,ICCM
10.7763,10.7763,10.7763,10.7763,101,2021-08-30 14:19:00,ICCM
10.75,10.75,10.61,10.61,1200,2021-08-30 14:20:00,ICCM
10.7,10.7,10.7,10.7,200,2021-08-30 14:31:00,ICCM
10.68,10.68,10.65,10.65,570,2021-08-30 14:46:00,ICCM
10.74,10.74,10.7,10.7,1100,2021-08-30 14:50:00,ICCM
10.66,10.66,10.65,10.65,905,2021-08-30 15:01:00,ICCM
10.65,10.66,10.61,10.66,1700,2021-08-30 15:06:00,ICCM
10.6999,10.6999,10.6999,10.6999,450,2021-08-30 16:17:00,ICCM
10.7,10.7,10.7,10.7,231,2021-08-30 16:20:00,ICCM
10.7,10.7,10.7,10.7,300,2021-08-30 16:21:00,ICCM
10.67,10.67,10.67,10.67,100,2021-08-30 16:24:00,ICCM
10.7,10.7,10.7,10.7,1000,2021-08-30 16:34:00,ICCM
10.8,10.8,10.8,10.8,969,2021-08-30 16:38:00,ICCM
10.81,10.81,10.81,10.81,1000,2021-08-30 16:50:00,ICCM
10.931,10.931,10.931,10.931,500,2021-08-30 17:01:00,ICCM
10.95,10.95,10.95,10.95,826,2021-08-30 17:06:00,ICCM
10.941,10.941,10.7,10.7,200,2021-08-30 17:26:00,ICCM
10.81,10.81,10.67,10.67,1400,2021-08-30 17:27:00,ICCM
10.9164,10.94,10.9164,10.94,500,2021-08-30 18:49:00,ICCM
10.67,10.67,10.67,10.67,500,2021-08-30 19:29:00,ICCM
10.6,10.6,10.6,10.6,900,2021-08-31 12:23:00,ICCM
10.5,10.6,10.5,10.6,755,2021-08-31 13:30:00,ICCM
10.6,10.7,10.55,10.55,2200,2021-08-31 13:37:00,ICCM
10.5,10.5,10.5,10.5,100,2021-08-31 13:43:00,ICCM
10.55,10.77,10.55,10.77,700,2021-08-31 13:45:00,ICCM
10.6,10.6,10.55,10.55,1150,2021-08-31 13:55:00,ICCM
10.55,10.55,10.55,10.55,500,2021-08-31 13:56:00,ICCM
10.55,10.55,10.55,10.55,464,2021-08-31 14:00:00,ICCM
10.56,10.56,10.56,10.56,200,2021-08-31 14:08:00,ICCM
10.7988,10.7988,10.7988,10.7988,999,2021-08-31 14:09:00,ICCM
10.8,10.8,10.8,10.8,100,2021-08-31 14:29:00,ICCM
10.76,10.8,10.76,10.8,1316,2021-08-31 14:39:00,ICCM
10.61,10.61,10.61,10.61,403,2021-08-31 14:54:00,ICCM
10.7,10.7,10.7,10.7,1111,2021-08-31 16:04:00,ICCM
10.7,10.7,10.7,10.7,100,2021-08-31 16:05:00,ICCM
10.65,10.65,10.65,10.65,405,2021-08-31 16:31:00,ICCM
10.77,10.8,10.77,10.8,1306,2021-08-31 17:45:00,ICCM
10.9,10.9,10.9,10.9,500,2021-08-31 18:10:00,ICCM
11.07,11.07,11.07,11.07,200,2021-08-31 18:37:00,ICCM
11.0,11.0,11.0,11.0,100,2021-08-31 18:43:00,ICCM
11.0,11.0,11.0,11.0,100,2021-08-31 18:47:00,ICCM
10.85,10.85,10.85,10.85,394,2021-08-31 19:03:00,ICCM
10.8,10.8,10.8,10.8,1303,2021-08-31 19:31:00,ICCM
10.6821,10.6821,10.6821,10.6821,298,2021-08-31 19:54:00,ICCM
10.6,10.6,10.6,10.6,1100,2021-08-31 19:56:00,ICCM
10.6,10.6,10.6,10.6,100,2021-08-31 19:57:00,ICCM
10.66,10.66,10.66,10.66,105,2021-08-31 20:00:00,ICCM
10.71,10.71,10.71,10.71,574,2021-09-01 13:30:00,ICCM
10.66,10.66,10.66,10.66,468,2021-09-01 13:31:00,ICCM
10.65,10.71,10.65,10.71,1833,2021-09-01 13:48:00,ICCM
10.6883,10.6883,10.6883,10.6883,1000,2021-09-01 13:50:00,ICCM
10.65,10.65,10.65,10.65,286,2021-09-01 13:51:00,ICCM
10.52,10.52,10.5,10.5,929,2021-09-01 13:52:00,ICCM
10.5,10.5,10.5,10.5,500,2021-09-01 13:53:00,ICCM
10.47,10.5,10.47,10.5,489,2021-09-01 13:54:00,ICCM
10.5,10.5,10.5,10.5,325,2021-09-01 13:55:00,ICCM
10.5,10.5,10.5,10.5,500,2021-09-01 13:56:00,ICCM
10.58,10.58,10.58,10.58,200,2021-09-01 13:57:00,ICCM
10.58,10.58,10.562,10.562,200,2021-09-01 13:58:00,ICCM
10.5,10.5,10.5,10.5,1000,2021-09-01 14:00:00,ICCM
10.42,10.42,10.42,10.42,203,2021-09-01 14:15:00,ICCM
10.32,10.32,10.32,10.32,9024,2021-09-01 14:16:00,ICCM
10.5,10.5,10.5,10.5,752,2021-09-01 14:31:00,ICCM
10.4852,10.4852,10.4852,10.4852,250,2021-09-01 14:46:00,ICCM
10.4985,10.4985,10.4985,10.4985,100,2021-09-01 15:55:00,ICCM
10.425,10.425,10.02,10.02,3900,2021-09-01 16:25:00,ICCM
10.2975,10.2975,10.2975,10.2975,1000,2021-09-01 16:55:00,ICCM
10.3,10.3,10.275,10.275,448,2021-09-01 17:15:00,ICCM
10.3,10.3,10.3,10.3,195,2021-09-01 17:24:00,ICCM
10.21,10.21,10.05,10.05,500,2021-09-01 18:23:00,ICCM
10.2723,10.2723,10.2723,10.2723,100,2021-09-01 18:48:00,ICCM
10.25,10.25,10.25,10.25,1100,2021-09-01 19:09:00,ICCM
10.25,10.25,10.25,10.25,300,2021-09-01 19:12:00,ICCM
10.3,10.3,10.25,10.25,600,2021-09-01 19:18:00,ICCM
10.3,10.3,10.3,10.3,450,2021-09-01 19:19:00,ICCM
10.3,10.3,10.3,10.3,1100,2021-09-01 19:27:00,ICCM
10.4596,10.4596,10.4596,10.4596,202,2021-09-01 19:34:00,ICCM
10.43,10.43,10.43,10.43,600,2021-09-01 19:48:00,ICCM
10.53,10.53,10.53,10.53,945,2021-09-02 13:30:00,ICCM
10.1659,10.1659,10.1659,10.1659,500,2021-09-02 13:48:00,ICCM
10.2312,10.2312,10.2312,10.2312,100,2021-09-02 13:58:00,ICCM
10.26,10.26,10.26,10.26,100,2021-09-02 14:01:00,ICCM
10.08,10.08,10.08,10.08,100,2021-09-02 14:02:00,ICCM
10.04,10.04,10.04,10.04,100,2021-09-02 14:24:00,ICCM
10.21,10.21,10.21,10.21,100,2021-09-02 14:26:00,ICCM
10.21,10.21,10.21,10.21,200,2021-09-02 14:30:00,ICCM
10.03,10.03,10.03,10.03,800,2021-09-02 14:36:00,ICCM
10.19,10.19,10.19,10.19,100,2021-09-02 14:55:00,ICCM
10.2,10.21,10.2,10.21,200,2021-09-02 15:04:00,ICCM
10.21,10.21,10.21,10.21,100,2021-09-02 15:26:00,ICCM
10.21,10.22,10.21,10.22,843,2021-09-02 15:33:00,ICCM
10.21,10.21,10.21,10.21,600,2021-09-02 15:36:00,ICCM
10.21,10.21,10.21,10.21,200,2021-09-02 15:37:00,ICCM
10.18,10.18,10.18,10.18,100,2021-09-02 15:42:00,ICCM
10.22,10.22,10.22,10.22,200,2021-09-02 15:47:00,ICCM
10.21,10.26,10.21,10.21,500,2021-09-02 15:49:00,ICCM
10.24,10.24,10.24,10.24,300,2021-09-02 15:51:00,ICCM
10.2001,10.2001,10.2001,10.2001,208,2021-09-02 16:01:00,ICCM
10.25,10.25,10.25,10.25,100,2021-09-02 16:02:00,ICCM
10.25,10.25,10.25,10.25,113,2021-09-02 16:09:00,ICCM
10.26,10.26,10.26,10.26,744,2021-09-02 16:11:00,ICCM
10.36,10.36,10.36,10.36,100,2021-09-02 16:40:00,ICCM
10.38,10.38,10.38,10.38,200,2021-09-02 16:45:00,ICCM
10.3599,10.3599,10.3599,10.3599,2413,2021-09-02 17:11:00,ICCM
10.36,10.36,10.36,10.36,200,2021-09-02 17:18:00,ICCM
10.34,10.34,10.34,10.34,100,2021-09-02 17:20:00,ICCM
10.3383,10.3383,10.3383,10.3383,300,2021-09-02 17:42:00,ICCM
10.35,10.35,10.35,10.35,200,2021-09-02 17:52:00,ICCM
10.34,10.34,10.34,10.34,100,2021-09-02 18:00:00,ICCM
10.2214,10.2214,10.2214,10.2214,199,2021-09-02 18:05:00,ICCM
10.26,10.26,10.26,10.26,200,2021-09-02 18:22:00,ICCM
10.34,10.34,10.34,10.34,200,2021-09-02 18:26:00,ICCM
10.32,10.32,10.32,10.32,100,2021-09-02 18:38:00,ICCM
10.33,10.33,10.33,10.33,200,2021-09-02 18:59:00,ICCM
10.24,10.25,10.22,10.23,900,2021-09-02 19:09:00,ICCM
10.18,10.205,10.18,10.205,536,2021-09-02 19:38:00,ICCM
10.16,10.16,10.16,10.16,700,2021-09-02 19:50:00,ICCM
10.0586,10.0586,10.0586,10.0586,468,2021-09-03 14:54:00,ICCM
10.0713,10.0713,10.0713,10.0713,300,2021-09-03 15:01:00,ICCM
10.2,10.2,10.125,10.125,882,2021-09-03 16:25:00,ICCM
10.2,10.2,10.2,10.2,2469,2021-09-03 17:04:00,ICCM
10.13,10.13,10.125,10.125,850,2021-09-03 17:09:00,ICCM
10.13,10.13,10.13,10.13,1757,2021-09-03 17:10:00,ICCM
10.0774,10.0774,10.0774,10.0774,100,2021-09-03 17:21:00,ICCM
10.05,10.05,10.05,10.05,180,2021-09-03 18:40:00,ICCM
10.0733,10.0733,10.0733,10.0733,437,2021-09-03 19:27:00,ICCM
10.08,10.08,10.01,10.08,400,2021-09-03 19:54:00,ICCM
10.085,10.1,10.08,10.08,400,2021-09-03 19:57:00,ICCM
10.1,10.1,10.06,10.07,2200,2021-09-03 19:58:00,ICCM
10.0,10.0,10.0,10.0,126,2021-09-07 13:30:00,ICCM
10.33,10.33,10.33,10.33,100,2021-09-07 14:24:00,ICCM
10.33,10.33,10.33,10.33,100,2021-09-07 14:26:00,ICCM
10.35,10.35,10.35,10.35,100,2021-09-07 14:29:00,ICCM
10.35,10.35,10.35,10.35,100,2021-09-07 14:32:00,ICCM
10.35,10.35,10.35,10.35,100,2021-09-07 14:35:00,ICCM
10.35,10.35,10.35,10.35,100,2021-09-07 14:38:00,ICCM
10.35,10.35,10.35,10.35,100,2021-09-07 14:40:00,ICCM
10.35,10.35,10.35,10.35,100,2021-09-07 14:43:00,ICCM
10.35,10.35,10.35,10.35,600,2021-09-07 14:48:00,ICCM
10.45,10.45,10.45,10.45,100,2021-09-07 15:01:00,ICCM
10.45,10.45,10.45,10.45,100,2021-09-07 15:04:00,ICCM
10.4,10.4,10.4,10.4,100,2021-09-07 15:12:00,ICCM
10.4,10.4,10.4,10.4,100,2021-09-07 15:14:00,ICCM
10.4,10.45,10.4,10.45,756,2021-09-07 15:17:00,ICCM
10.45,10.45,10.45,10.45,400,2021-09-07 15:25:00,ICCM
10.448,10.448,10.448,10.448,100,2021-09-07 15:29:00,ICCM
10.45,10.45,10.45,10.45,100,2021-09-07 15:40:00,ICCM
10.45,10.45,10.45,10.45,100,2021-09-07 15:43:00,ICCM
10.45,10.45,10.45,10.45,100,2021-09-07 15:46:00,ICCM
10.45,10.45,10.45,10.45,100,2021-09-07 15:48:00,ICCM
10.45,10.45,10.45,10.45,100,2021-09-07 15:51:00,ICCM
10.45,10.45,10.45,10.45,100,2021-09-07 15:57:00,ICCM
10.45,10.45,10.45,10.45,100,2021-09-07 16:00:00,ICCM
10.45,10.45,10.45,10.45,100,2021-09-07 16:03:00,ICCM
10.45,10.45,10.45,10.45,100,2021-09-07 16:06:00,ICCM
10.45,10.45,10.45,10.45,100,2021-09-07 16:08:00,ICCM
10.45,10.45,10.45,10.45,100,2021-09-07 16:11:00,ICCM
10.45,10.45,10.45,10.45,249,2021-09-07 16:16:00,ICCM
10.4475,10.4475,10.4475,10.4475,3000,2021-09-07 16:49:00,ICCM
10.45,10.95,10.45,10.45,5900,2021-09-07 16:50:00,ICCM
10.45,10.54,10.45,10.52,1070,2021-09-07 16:51:00,ICCM
10.52,10.52,10.52,10.52,200,2021-09-07 16:52:00,ICCM
10.52,10.53,10.52,10.53,500,2021-09-07 16:53:00,ICCM
10.54,10.54,10.54,10.54,100,2021-09-07 16:54:00,ICCM
10.69,10.7273,10.69,10.7273,900,2021-09-07 16:56:00,ICCM
10.572,10.7252,10.572,10.7252,746,2021-09-07 16:57:00,ICCM
10.7376,10.7376,10.7376,10.7376,600,2021-09-07 16:58:00,ICCM
10.6319,10.74,10.6319,10.74,1400,2021-09-07 16:59:00,ICCM
10.72,10.7384,10.72,10.7384,325,2021-09-07 17:02:00,ICCM
10.66,10.677,10.65,10.65,850,2021-09-07 17:03:00,ICCM
10.48,10.48,10.48,10.48,500,2021-09-07 17:04:00,ICCM
10.3774,10.4428,10.3774,10.4428,600,2021-09-07 17:06:00,ICCM
10.41,10.4772,10.41,10.4772,400,2021-09-07 17:09:00,ICCM
10.43,10.525,10.35,10.35,1400,2021-09-07 17:10:00,ICCM
10.475,10.475,10.475,10.475,1500,2021-09-07 17:22:00,ICCM
10.4383,10.4383,10.3339,10.4383,800,2021-09-07 17:24:00,ICCM
10.405,10.63,10.3,10.3302,2478,2021-09-07 17:25:00,ICCM
10.3,10.475,10.25,10.3219,3020,2021-09-07 17:26:00,ICCM
10.65,10.65,10.65,10.65,200,2021-09-07 17:32:00,ICCM
10.65,10.65,10.65,10.65,300,2021-09-07 17:36:00,ICCM
10.89,10.89,10.89,10.89,100,2021-09-07 17:45:00,ICCM
10.827,10.827,10.827,10.827,500,2021-09-07 17:49:00,ICCM
10.89,10.89,10.89,10.89,100,2021-09-07 17:50:00,ICCM
11.0,11.0,11.0,11.0,100,2021-09-07 17:56:00,ICCM
10.99,11.11,10.99,11.11,1293,2021-09-07 17:57:00,ICCM
11.09,11.09,11.09,11.09,100,2021-09-07 17:58:00,ICCM
11.01,11.01,11.01,11.01,250,2021-09-07 18:05:00,ICCM
11.11,11.11,11.11,11.11,300,2021-09-07 18:07:00,ICCM
11.2,11.28,11.2,11.24,468,2021-09-07 18:08:00,ICCM
11.47,11.47,11.47,11.47,100,2021-09-07 18:10:00,ICCM
11.45,11.45,11.45,11.45,200,2021-09-07 18:11:00,ICCM
11.47,11.47,11.47,11.47,100,2021-09-07 18:12:00,ICCM
11.47,11.47,11.35,11.35,200,2021-09-07 18:14:00,ICCM
11.46,11.46,11.46,11.46,100,2021-09-07 18:15:00,ICCM
11.4604,11.47,11.4604,11.47,1100,2021-09-07 18:18:00,ICCM
11.3,11.385,11.24,11.245,2360,2021-09-07 18:20:00,ICCM
10.83,10.895,10.83,10.895,300,2021-09-07 18:21:00,ICCM
10.83,10.895,10.83,10.895,300,2021-09-07 18:23:00,ICCM
10.62,10.74,10.5,10.58,2942,2021-09-07 18:26:00,ICCM
10.58,10.58,10.58,10.58,100,2021-09-07 18:27:00,ICCM
10.65,10.65,10.65,10.65,100,2021-09-07 18:32:00,ICCM
10.6651,10.6651,10.6651,10.6651,100,2021-09-07 18:35:00,ICCM
10.6486,10.6486,10.6486,10.6486,934,2021-09-07 18:37:00,ICCM
10.7,11.54,10.65,11.22,26846,2021-09-07 18:39:00,ICCM
11.1766,11.1766,11.1766,11.1766,100,2021-09-07 18:45:00,ICCM
11.17,11.4343,11.17,11.4343,3400,2021-09-07 18:51:00,ICCM
10.9,10.945,10.9,10.945,258,2021-09-07 18:52:00,ICCM
11.0,11.0,11.0,11.0,660,2021-09-07 18:53:00,ICCM
11.035,11.035,11.035,11.035,893,2021-09-07 19:44:00,ICCM
10.9359,10.9359,10.9359,10.9359,300,2021-09-07 19:54:00,ICCM
11.035,11.1059,11.035,11.1059,500,2021-09-07 19:55:00,ICCM
11.1,11.1,11.1,11.1,124,2021-09-07 19:59:00,ICCM
11.33,11.33,11.33,11.33,278,2021-09-07 20:00:00,ICCM
11.33,11.33,11.33,11.33,499,2021-09-07 21:42:00,ICCM
11.19,11.19,11.0,11.0,310,2021-09-08 13:30:00,ICCM
11.0,11.0,11.0,11.0,100,2021-09-08 13:37:00,ICCM
11.0,11.06,11.0,11.0,400,2021-09-08 13:41:00,ICCM
10.8,10.8,10.74,10.78,2000,2021-09-08 13:56:00,ICCM
10.52,10.52,10.52,10.52,200,2021-09-08 13:57:00,ICCM
10.6463,10.6463,10.6463,10.6463,1250,2021-09-08 14:01:00,ICCM
10.8,10.8,10.8,10.8,500,2021-09-08 14:08:00,ICCM
10.56,10.685,10.52,10.685,1385,2021-09-08 14:37:00,ICCM
10.7338,10.7338,10.7338,10.7338,100,2021-09-08 15:14:00,ICCM
10.78,10.79,10.78,10.79,500,2021-09-08 15:17:00,ICCM
10.78,10.79,10.78,10.79,224,2021-09-08 15:18:00,ICCM
10.7236,10.7236,10.7236,10.7236,950,2021-09-08 16:44:00,ICCM
10.79,10.82,10.79,10.82,845,2021-09-08 18:09:00,ICCM
10.7087,10.7087,10.7087,10.7087,925,2021-09-08 18:15:00,ICCM
10.79,10.79,10.79,10.79,100,2021-09-08 18:32:00,ICCM
10.745,10.745,10.7,10.7225,1448,2021-09-08 19:24:00,ICCM
10.55,10.55,10.47,10.52,1400,2021-09-08 19:25:00,ICCM
10.31,10.31,10.31,10.31,400,2021-09-08 19:27:00,ICCM
10.3,10.325,10.3,10.3,800,2021-09-08 19:28:00,ICCM
10.48,10.485,10.47,10.47,1100,2021-09-08 19:43:00,ICCM
10.45,10.45,10.45,10.45,226,2021-09-08 19:45:00,ICCM
10.45,10.49,10.27,10.27,2600,2021-09-08 19:49:00,ICCM
10.4,10.4,10.4,10.4,200,2021-09-08 19:50:00,ICCM
10.28,10.28,10.28,10.28,200,2021-09-08 19:52:00,ICCM
10.37,10.4,10.37,10.4,1500,2021-09-08 19:55:00,ICCM
10.29,10.29,10.29,10.29,200,2021-09-08 19:58:00,ICCM
10.38,10.4,10.28,10.4,615,2021-09-08 19:59:00,ICCM
10.26,10.26,10.26,10.26,3000,2021-09-08 20:00:00,ICCM
10.08,10.08,10.07,10.07,1180,2021-09-09 09:01:00,ICCM
10.26,10.26,10.0,10.0,375,2021-09-09 13:30:00,ICCM
10.15,10.15,10.15,10.15,150,2021-09-09 13:46:00,ICCM
10.25,10.33,10.25,10.3,1140,2021-09-09 13:58:00,ICCM
10.35,10.4,10.35,10.4,1150,2021-09-09 14:02:00,ICCM
10.34,10.42,10.34,10.39,1100,2021-09-09 14:09:00,ICCM
10.28,10.28,10.28,10.28,500,2021-09-09 14:41:00,ICCM
10.07,10.07,10.07,10.07,1392,2021-09-09 14:57:00,ICCM
10.9612,10.9612,10.9612,10.9612,250,2021-09-09 15:17:00,ICCM
10.8402,10.8402,10.8402,10.8402,100,2021-09-09 15:20:00,ICCM
10.8,10.8,10.8,10.8,100,2021-09-09 15:33:00,ICCM
10.1041,10.1041,10.1041,10.1041,460,2021-09-09 15:36:00,ICCM
10.47,10.74,10.47,10.74,400,2021-09-09 16:03:00,ICCM
10.2127,10.2127,10.2127,10.2127,500,2021-09-09 17:30:00,ICCM
10.31,10.31,10.31,10.31,200,2021-09-09 19:16:00,ICCM
10.32,10.32,10.26,10.285,3419,2021-09-09 19:55:00,ICCM
10.24,10.24,10.24,10.24,100,2021-09-09 19:58:00,ICCM
10.24,10.26,10.24,10.26,7404,2021-09-09 19:59:00,ICCM
10.57,10.57,10.57,10.57,300,2021-09-09 20:00:00,ICCM
10.2703,10.2703,10.2703,10.2703,9496,2021-09-09 20:01:00,ICCM
10.51,10.54,10.51,10.54,500,2021-09-10 14:35:00,ICCM
10.5213,10.5213,10.5213,10.5213,400,2021-09-10 14:47:00,ICCM
10.5,10.52,10.5,10.5,1466,2021-09-10 16:04:00,ICCM
10.31,10.31,10.25,10.25,2400,2021-09-10 16:14:00,ICCM
10.1063,10.1063,10.1063,10.1063,1000,2021-09-10 16:47:00,ICCM
10.1276,10.1276,10.1276,10.1276,500,2021-09-10 17:01:00,ICCM
10.1,10.1,10.1,10.1,100,2021-09-10 17:19:00,ICCM
10.24,10.24,10.125,10.125,721,2021-09-10 17:26:00,ICCM
10.2,10.2,10.2,10.2,100,2021-09-10 18:24:00,ICCM
10.14,10.14,10.1,10.1,300,2021-09-10 18:34:00,ICCM
10.08,10.16,10.01,10.16,500,2021-09-10 19:18:00,ICCM
10.15,10.15,10.15,10.15,500,2021-09-10 19:40:00,ICCM
10.16,10.16,10.16,10.16,1079,2021-09-10 19:55:00,ICCM
10.23,10.25,10.23,10.25,500,2021-09-10 19:58:00,ICCM
10.14,10.14,10.14,10.14,101,2021-09-10 19:59:00,ICCM
10.28,10.28,10.28,10.28,1029,2021-09-10 20:00:00,ICCM
10.38,10.38,10.38,10.38,376,2021-09-13 13:30:00,ICCM
10.35,10.35,10.35,10.35,147,2021-09-13 13:35:00,ICCM
10.0,10.0,9.66,9.66,2066,2021-09-13 13:36:00,ICCM
9.66,9.68,9.61,9.65,2536,2021-09-13 13:38:00,ICCM
9.9742,9.9742,9.9742,9.9742,1000,2021-09-13 13:39:00,ICCM
9.97,9.99,9.8,9.8,907,2021-09-13 13:43:00,ICCM
9.7,9.7,9.7,9.7,500,2021-09-13 13:46:00,ICCM
9.65,9.65,9.65,9.65,415,2021-09-13 13:47:00,ICCM
9.8379,9.8379,9.8379,9.8379,200,2021-09-13 13:52:00,ICCM
9.757,9.757,9.757,9.757,100,2021-09-13 13:53:00,ICCM
9.815,9.815,9.815,9.815,160,2021-09-13 13:56:00,ICCM
9.74,9.74,9.5,9.5,2145,2021-09-13 13:58:00,ICCM
9.59,9.6,9.59,9.6,1100,2021-09-13 14:16:00,ICCM
9.49,9.49,9.47,9.47,401,2021-09-13 14:31:00,ICCM
9.47,9.49,9.0,9.25,4996,2021-09-13 14:34:00,ICCM
9.27,9.39,9.2,9.39,3460,2021-09-13 14:49:00,ICCM
9.56,9.56,9.56,9.56,100,2021-09-13 14:50:00,ICCM
9.59,9.59,9.59,9.59,100,2021-09-13 14:51:00,ICCM
9.25,9.25,9.25,9.25,500,2021-09-13 14:59:00,ICCM
9.28,9.3,9.25,9.25,1700,2021-09-13 15:03:00,ICCM
9.25,9.25,9.25,9.25,400,2021-09-13 15:04:00,ICCM
9.25,9.59,9.25,9.59,1500,2021-09-13 15:05:00,ICCM
9.6,9.6,9.56,9.56,260,2021-09-13 15:11:00,ICCM
9.5,9.5,9.5,9.5,100,2021-09-13 15:44:00,ICCM
9.49,9.49,9.33,9.4,2000,2021-09-13 15:50:00,ICCM
9.4,9.4,9.4,9.4,200,2021-09-13 15:59:00,ICCM
9.4,9.4,9.4,9.4,400,2021-09-13 16:02:00,ICCM
9.4,9.4,9.4,9.4,301,2021-09-13 16:31:00,ICCM
9.4,9.4,9.4,9.4,300,2021-09-13 16:32:00,ICCM
9.48,9.6,9.4,9.4,1200,2021-09-13 16:34:00,ICCM
9.4,9.4,9.4,9.4,318,2021-09-13 16:57:00,ICCM
9.5,9.5,9.5,9.5,4368,2021-09-13 17:26:00,ICCM
9.6,9.6,9.59,9.59,1288,2021-09-13 17:27:00,ICCM
9.46,9.46,9.46,9.46,100,2021-09-13 17:46:00,ICCM
9.59,9.6,9.59,9.6,200,2021-09-13 18:00:00,ICCM
9.5,9.5,9.5,9.5,300,2021-09-13 18:06:00,ICCM
9.46,9.46,9.46,9.46,1000,2021-09-13 18:25:00,ICCM
9.47,9.47,9.47,9.47,100,2021-09-13 18:31:00,ICCM
9.45,9.46,9.4,9.4,2482,2021-09-13 18:34:00,ICCM
9.5,9.5,9.5,9.5,500,2021-09-13 19:01:00,ICCM
9.58,9.6,9.58,9.6,2100,2021-09-13 19:22:00,ICCM
9.6,9.6,9.6,9.6,451,2021-09-13 19:23:00,ICCM
9.45,9.45,9.45,9.45,100,2021-09-13 19:33:00,ICCM
9.46,9.46,9.44,9.45,746,2021-09-13 19:35:00,ICCM
9.6,9.6,9.6,9.6,875,2021-09-13 19:39:00,ICCM
9.5155,9.5155,9.5155,9.5155,200,2021-09-13 19:51:00,ICCM
9.51,9.51,9.44,9.45,2120,2021-09-13 19:58:00,ICCM
9.55,9.55,9.55,9.55,346,2021-09-14 08:26:00,ICCM
9.6,9.6,9.6,9.6,600,2021-09-14 08:54:00,ICCM
9.5,9.5,9.5,9.5,778,2021-09-14 13:33:00,ICCM
9.5,9.5,9.12,9.12,380,2021-09-14 13:34:00,ICCM
9.5,9.5,9.45,9.45,400,2021-09-14 13:36:00,ICCM
9.44,9.45,9.44,9.45,900,2021-09-14 13:38:00,ICCM
9.23,9.23,9.2,9.2,2301,2021-09-14 13:47:00,ICCM
9.31,9.31,9.31,9.31,400,2021-09-14 13:52:00,ICCM
9.31,9.31,9.31,9.31,400,2021-09-14 13:59:00,ICCM
9.35,9.35,9.35,9.35,100,2021-09-14 14:01:00,ICCM
9.34,9.35,9.31,9.35,811,2021-09-14 14:17:00,ICCM
9.35,9.35,9.35,9.35,100,2021-09-14 14:19:00,ICCM
9.44,9.5,9.44,9.5,4600,2021-09-14 14:25:00,ICCM
9.55,9.55,9.4781,9.55,809,2021-09-14 15:06:00,ICCM
9.64,9.64,9.6,9.6,300,2021-09-14 15:09:00,ICCM
9.45,9.45,9.45,9.45,1991,2021-09-14 15:31:00,ICCM
9.45,9.45,9.4,9.4,3871,2021-09-14 15:43:00,ICCM
9.5726,9.5726,9.5726,9.5726,1000,2021-09-14 16:38:00,ICCM
9.45,9.45,9.45,9.45,4000,2021-09-14 17:06:00,ICCM
9.3,9.3,9.3,9.3,1400,2021-09-14 17:49:00,ICCM
9.31,9.31,9.31,9.31,400,2021-09-14 18:16:00,ICCM
9.48,9.5,9.48,9.5,1858,2021-09-14 18:47:00,ICCM
9.4,9.4,9.4,9.4,100,2021-09-14 19:06:00,ICCM
9.3,9.3,9.25,9.25,3585,2021-09-14 19:28:00,ICCM
9.3493,9.3493,9.3493,9.3493,250,2021-09-14 19:40:00,ICCM
9.3,9.3,9.2,9.2,1884,2021-09-14 19:54:00,ICCM
9.01,9.05,9.01,9.01,560,2021-09-15 13:45:00,ICCM
9.13,9.13,9.02,9.05,1595,2021-09-15 14:23:00,ICCM
9.05,9.15,9.02,9.15,2900,2021-09-15 15:03:00,ICCM
9.02,9.02,9.0,9.011,1353,2021-09-15 15:06:00,ICCM
9.2475,9.2475,9.2475,9.2475,629,2021-09-15 16:57:00,ICCM
9.0001,9.0001,9.0001,9.0001,4375,2021-09-15 17:44:00,ICCM
9.01,9.01,9.01,9.01,200,2021-09-15 18:08:00,ICCM
8.98,8.98,8.98,8.98,128,2021-09-16 13:30:00,ICCM
8.89,8.89,8.81,8.81,800,2021-09-16 14:59:00,ICCM
9.6,9.69,9.6,9.69,1731,2021-09-16 16:15:00,ICCM
9.9,9.9,9.9,9.9,200,2021-09-16 16:16:00,ICCM
9.9,9.9,9.9,9.9,300,2021-09-16 16:17:00,ICCM
10.0,10.0,10.0,10.0,579,2021-09-16 16:18:00,ICCM
9.6,9.6,9.5,9.5,400,2021-09-16 17:09:00,ICCM
9.5,9.5,9.5,9.5,400,2021-09-16 17:10:00,ICCM
9.5117,9.5117,9.5117,9.5117,577,2021-09-16 17:53:00,ICCM
9.53,9.53,9.5,9.5,500,2021-09-16 17:55:00,ICCM
9.515,9.515,9.5,9.5,1380,2021-09-16 18:58:00,ICCM
9.726,9.726,9.726,9.726,100,2021-09-16 19:06:00,ICCM
9.73,9.73,9.73,9.73,300,2021-09-17 13:14:00,ICCM
9.77,9.77,9.73,9.73,591,2021-09-17 13:30:00,ICCM
9.5,9.5,9.13,9.25,5342,2021-09-17 13:33:00,ICCM
9.25,9.25,9.25,9.25,500,2021-09-17 13:34:00,ICCM
9.15,9.15,9.0,9.09,4349,2021-09-17 14:21:00,ICCM
8.9,8.9,8.9,8.9,375,2021-09-17 14:33:00,ICCM
9.23,9.23,9.23,9.23,200,2021-09-17 14:48:00,ICCM
9.0424,9.0424,9.0424,9.0424,300,2021-09-17 15:12:00,ICCM
9.0,9.0,8.95,8.95,1256,2021-09-17 15:18:00,ICCM
9.15,9.2146,9.15,9.2146,1600,2021-09-17 15:42:00,ICCM
9.15,9.15,9.15,9.15,1012,2021-09-17 15:43:00,ICCM
9.23,9.23,9.23,9.23,200,2021-09-17 15:50:00,ICCM
9.23,9.23,9.23,9.23,100,2021-09-17 16:18:00,ICCM
9.21,9.21,9.21,9.21,300,2021-09-17 16:28:00,ICCM
9.21,9.21,9.21,9.21,100,2021-09-17 16:40:00,ICCM
9.2,9.23,9.2,9.23,400,2021-09-17 17:03:00,ICCM
9.22,9.22,9.21,9.21,200,2021-09-17 17:08:00,ICCM
9.15,9.15,9.15,9.15,100,2021-09-17 17:21:00,ICCM
9.22,9.23,9.22,9.22,500,2021-09-17 17:23:00,ICCM
9.0,9.0,9.0,9.0,125,2021-09-17 17:34:00,ICCM
9.0,9.0,8.95,8.95,1164,2021-09-17 17:56:00,ICCM
9.0,9.0,9.0,9.0,265,2021-09-17 19:24:00,ICCM
9.05,9.1,9.05,9.1,440,2021-09-17 19:28:00,ICCM
9.1,9.1,9.1,9.1,100,2021-09-17 19:45:00,ICCM
9.1,9.1,9.1,9.1,100,2021-09-17 19:52:00,ICCM
9.1,9.1,9.1,9.1,140,2021-09-17 19:56:00,ICCM
9.25,9.25,9.25,9.25,321,2021-09-17 20:00:00,ICCM
9.23,9.23,9.23,9.23,300,2021-09-17 20:46:00,ICCM
9.55,9.55,9.55,9.55,1859,2021-09-20 13:30:00,ICCM
8.96,8.96,8.81,8.9,3413,2021-09-20 13:40:00,ICCM
8.9,8.9,8.9,8.9,1000,2021-09-20 13:41:00,ICCM
8.89,8.9,8.89,8.9,1476,2021-09-20 13:50:00,ICCM
9.0,9.0,9.0,9.0,2564,2021-09-20 13:52:00,ICCM
8.9,8.9,8.9,8.9,400,2021-09-20 14:03:00,ICCM
8.76,8.76,8.75,8.75,200,2021-09-20 14:33:00,ICCM
8.8739,8.8739,8.8739,8.8739,1000,2021-09-20 14:38:00,ICCM
8.9,8.9,8.9,8.9,100,2021-09-20 14:58:00,ICCM
8.8,8.8,8.8,8.8,200,2021-09-20 15:17:00,ICCM
8.8112,8.8112,8.8112,8.8112,106,2021-09-20 15:22:00,ICCM
8.8999,8.8999,8.8999,8.8999,100,2021-09-20 15:23:00,ICCM
8.76,8.82,8.745,8.82,1995,2021-09-20 15:39:00,ICCM
8.8,8.8,8.8,8.8,165,2021-09-20 16:12:00,ICCM
8.7,8.72,8.63,8.7,1101,2021-09-20 16:20:00,ICCM
8.7,8.7,8.7,8.7,411,2021-09-20 16:21:00,ICCM
8.522,8.522,8.522,8.522,1050,2021-09-20 17:01:00,ICCM
8.5201,8.5201,8.5201,8.5201,100,2021-09-20 17:05:00,ICCM
8.61,8.61,8.61,8.61,300,2021-09-20 17:47:00,ICCM
8.89,8.96,8.89,8.96,836,2021-09-21 13:31:00,ICCM
9.2,9.25,9.2,9.25,600,2021-09-21 13:52:00,ICCM
8.69,8.69,8.61,8.61,700,2021-09-21 15:15:00,ICCM
9.12,9.18,9.12,9.18,500,2021-09-21 15:34:00,ICCM
8.7786,8.7786,8.7786,8.7786,100,2021-09-21 16:04:00,ICCM
8.8327,8.8327,8.8327,8.8327,338,2021-09-21 17:02:00,ICCM
8.92,8.92,8.92,8.92,100,2021-09-21 17:12:00,ICCM
9.05,9.05,9.05,9.05,200,2021-09-21 17:52:00,ICCM
9.05,9.05,9.05,9.05,100,2021-09-21 18:27:00,ICCM
9.15,9.15,9.15,9.15,100,2021-09-21 18:51:00,ICCM
9.15,9.15,9.15,9.15,119,2021-09-21 19:20:00,ICCM
9.14,9.14,9.14,9.14,100,2021-09-21 19:31:00,ICCM
9.0,9.0,9.0,9.0,380,2021-09-21 19:54:00,ICCM
9.0,9.0,9.0,9.0,500,2021-09-21 20:00:00,ICCM
9.0,9.0,9.0,9.0,240,2021-09-22 08:12:00,ICCM
9.6899,9.6899,9.6899,9.6899,1000,2021-09-22 12:13:00,ICCM
9.62,9.63,9.62,9.63,500,2021-09-22 13:14:00,ICCM
9.0,9.0,9.0,9.0,1575,2021-09-22 13:30:00,ICCM
9.2859,9.2859,9.2859,9.2859,500,2021-09-22 14:10:00,ICCM
9.42,9.42,9.42,9.42,150,2021-09-22 14:50:00,ICCM
9.3154,9.3154,9.3154,9.3154,100,2021-09-22 15:07:00,ICCM
9.4399,9.4399,9.4399,9.4399,1300,2021-09-22 15:50:00,ICCM
9.3514,9.3514,9.3514,9.3514,102,2021-09-22 16:12:00,ICCM
9.3647,9.3647,9.3647,9.3647,689,2021-09-22 16:28:00,ICCM
9.439,9.439,9.439,9.439,500,2021-09-22 16:38:00,ICCM
9.44,9.44,9.44,9.44,200,2021-09-22 17:03:00,ICCM
9.44,9.44,9.44,9.44,200,2021-09-22 17:09:00,ICCM
9.44,9.44,9.44,9.44,300,2021-09-22 17:18:00,ICCM
9.44,9.44,9.44,9.44,100,2021-09-22 17:31:00,ICCM
9.44,9.44,9.44,9.44,166,2021-09-22 17:40:00,ICCM
9.54,9.54,9.4849,9.5373,1100,2021-09-22 18:29:00,ICCM
9.54,9.54,9.54,9.54,100,2021-09-22 18:31:00,ICCM
9.54,9.54,9.54,9.54,200,2021-09-22 18:32:00,ICCM
9.54,9.54,9.54,9.54,500,2021-09-22 18:52:00,ICCM
9.54,9.54,9.54,9.54,300,2021-09-22 19:08:00,ICCM
9.54,9.54,9.54,9.54,300,2021-09-22 19:09:00,ICCM
9.54,9.54,9.54,9.54,100,2021-09-22 19:23:00,ICCM
9.54,9.54,9.54,9.54,100,2021-09-22 19:34:00,ICCM
9.54,9.54,9.54,9.54,100,2021-09-22 19:54:00,ICCM
9.42,9.42,9.42,9.42,443,2021-09-22 20:00:00,ICCM
9.74,9.74,9.6,9.6,1941,2021-09-23 13:30:00,ICCM
9.72,9.74,9.72,9.74,300,2021-09-23 13:31:00,ICCM
9.6965,9.6965,9.6965,9.6965,133,2021-09-23 13:42:00,ICCM
9.74,9.74,9.74,9.74,500,2021-09-23 13:44:00,ICCM
9.73,9.74,9.73,9.74,597,2021-09-23 13:57:00,ICCM
9.6933,9.6933,9.6933,9.6933,100,2021-09-23 14:06:00,ICCM
9.74,9.74,9.74,9.74,584,2021-09-23 14:16:00,ICCM
9.7399,9.7399,9.7399,9.7399,185,2021-09-23 14:29:00,ICCM
9.74,9.74,9.74,9.74,696,2021-09-23 14:44:00,ICCM
9.6816,9.6816,9.6816,9.6816,500,2021-09-23 14:49:00,ICCM
9.74,9.74,9.74,9.74,1014,2021-09-23 15:14:00,ICCM
9.5127,9.53,9.5127,9.53,300,2021-09-23 15:25:00,ICCM
9.6,9.6,9.6,9.6,200,2021-09-23 15:31:00,ICCM
9.6,9.6,9.6,9.6,192,2021-09-23 15:34:00,ICCM
9.6,9.6,9.6,9.6,100,2021-09-23 15:36:00,ICCM
9.52,9.52,9.52,9.52,270,2021-09-23 15:41:00,ICCM
9.58,9.72,9.58,9.72,260,2021-09-23 15:45:00,ICCM
9.64,9.64,9.63,9.63,200,2021-09-23 15:52:00,ICCM
9.67,9.67,9.67,9.67,215,2021-09-23 15:55:00,ICCM
9.64,9.65,9.64,9.65,330,2021-09-23 15:56:00,ICCM
9.64,9.64,9.64,9.64,500,2021-09-23 15:57:00,ICCM
9.6021,9.64,9.6021,9.64,635,2021-09-23 15:58:00,ICCM
9.66,9.66,9.66,9.66,285,2021-09-23 16:02:00,ICCM
9.632,9.632,9.632,9.632,300,2021-09-23 16:10:00,ICCM
9.65,9.65,9.65,9.65,1000,2021-09-23 16:11:00,ICCM
9.74,9.74,9.74,9.74,600,2021-09-23 16:15:00,ICCM
9.7374,9.7374,9.7374,9.7374,2000,2021-09-23 16:20:00,ICCM
9.74,9.74,9.48,9.48,1100,2021-09-23 16:30:00,ICCM
9.4806,9.4806,9.4806,9.4806,2187,2021-09-23 16:38:00,ICCM
9.7085,9.7085,9.7085,9.7085,100,2021-09-23 16:49:00,ICCM
9.71,9.71,9.71,9.71,100,2021-09-23 16:58:00,ICCM
9.73,9.74,9.73,9.74,500,2021-09-23 17:01:00,ICCM
9.71,9.74,9.71,9.74,300,2021-09-23 17:08:00,ICCM
9.71,9.74,9.71,9.74,400,2021-09-23 17:23:00,ICCM
9.73,9.73,9.73,9.73,300,2021-09-23 17:43:00,ICCM
9.74,9.74,9.74,9.74,300,2021-09-23 17:45:00,ICCM
9.74,9.74,9.74,9.74,200,2021-09-23 17:58:00,ICCM
9.7,9.7,9.7,9.7,100,2021-09-23 18:23:00,ICCM
9.7,9.7,9.7,9.7,100,2021-09-23 18:41:00,ICCM
9.7,9.7,9.7,9.7,120,2021-09-23 18:54:00,ICCM
9.7,9.7,9.7,9.7,100,2021-09-23 19:09:00,ICCM
9.7,9.7,9.7,9.7,200,2021-09-23 19:10:00,ICCM
9.7,9.7,9.7,9.7,200,2021-09-23 19:11:00,ICCM
9.7,9.94,9.7,9.94,7870,2021-09-23 19:51:00,ICCM
10.0,10.11,10.0,10.11,200,2021-09-23 19:52:00,ICCM
10.24,10.3,10.24,10.3,225,2021-09-23 19:53:00,ICCM
9.8,9.8,9.8,9.8,1000,2021-09-23 19:56:00,ICCM
10.2434,10.2434,10.2434,10.2434,150,2021-09-23 19:58:00,ICCM
10.05,10.05,10.05,10.05,200,2021-09-23 19:59:00,ICCM
9.51,9.51,9.5,9.5,490,2021-09-24 13:05:00,ICCM
9.59,9.59,9.59,9.59,100,2021-09-24 13:30:00,ICCM
9.94,9.94,9.94,9.94,200,2021-09-24 16:03:00,ICCM
9.6424,9.6424,9.6424,9.6424,117,2021-09-24 16:15:00,ICCM
9.765,9.765,9.765,9.765,101,2021-09-24 17:53:00,ICCM
9.6353,9.6353,9.6353,9.6353,250,2021-09-24 18:02:00,ICCM
9.63,9.63,9.63,9.63,100,2021-09-24 18:12:00,ICCM
9.8,9.8,9.8,9.8,100,2021-09-24 18:16:00,ICCM
9.8,9.8,9.8,9.8,100,2021-09-24 18:21:00,ICCM
9.79,9.79,9.79,9.79,100,2021-09-24 19:31:00,ICCM
9.7,9.7,9.7,9.7,400,2021-09-24 19:32:00,ICCM
9.79,9.8499,9.625,9.8475,12060,2021-09-24 19:44:00,ICCM
9.8,9.91,9.8,9.85,2263,2021-09-27 13:30:00,ICCM
9.6217,9.6217,9.6217,9.6217,229,2021-09-27 14:29:00,ICCM
9.6501,9.6501,9.6501,9.6501,1100,2021-09-27 15:24:00,ICCM
9.75,9.75,9.75,9.75,200,2021-09-27 15:44:00,ICCM
9.75,9.75,9.65,9.65,1648,2021-09-27 15:53:00,ICCM
9.6001,9.6001,9.6001,9.6001,500,2021-09-27 16:09:00,ICCM
9.6,9.6,9.59,9.59,1086,2021-09-27 16:21:00,ICCM
9.72,9.72,9.72,9.72,200,2021-09-27 18:22:00,ICCM
9.7,9.7,9.7,9.7,300,2021-09-27 18:27:00,ICCM
9.63,9.63,9.63,9.63,100,2021-09-27 18:56:00,ICCM
9.69,9.7,9.69,9.7,300,2021-09-27 18:57:00,ICCM
9.7,9.7,9.7,9.7,100,2021-09-27 19:32:00,ICCM
9.57,9.57,9.57,9.57,100,2021-09-27 19:59:00,ICCM
9.74,9.74,9.74,9.74,1000,2021-09-28 13:38:00,ICCM
9.57,9.57,9.57,9.57,312,2021-09-28 13:42:00,ICCM
9.54,9.54,9.54,9.54,300,2021-09-28 13:45:00,ICCM
9.6788,9.6788,9.6788,9.6788,315,2021-09-28 13:58:00,ICCM
9.5,9.5439,9.5,9.5439,398,2021-09-28 14:08:00,ICCM
9.51,9.51,9.5,9.51,1450,2021-09-28 14:58:00,ICCM
9.4999,9.4999,9.4999,9.4999,190,2021-09-28 16:45:00,ICCM
9.4824,9.4824,9.4824,9.4824,1500,2021-09-28 17:51:00,ICCM
9.45,9.45,9.45,9.45,100,2021-09-28 18:24:00,ICCM
9.47,9.47,9.47,9.47,100,2021-09-28 18:49:00,ICCM
9.45,9.45,9.45,9.45,100,2021-09-28 19:02:00,ICCM
9.45,9.45,9.43,9.45,1925,2021-09-28 19:28:00,ICCM
9.5,9.5,9.5,9.5,378,2021-09-28 19:31:00,ICCM
9.46,9.46,9.46,9.46,1000,2021-09-28 19:39:00,ICCM
9.31,9.33,9.3,9.3,669,2021-09-29 13:23:00,ICCM
9.3,9.3,9.3,9.3,400,2021-09-29 13:24:00,ICCM
9.31,9.31,9.3,9.3,3300,2021-09-29 13:25:00,ICCM
9.31,9.31,9.3,9.3,1000,2021-09-29 13:26:00,ICCM
9.31,9.36,9.3,9.36,600,2021-09-29 13:27:00,ICCM
9.2,9.2,9.2,9.2,317,2021-09-29 13:28:00,ICCM
9.24,9.24,9.24,9.24,208,2021-09-29 13:30:00,ICCM
9.3,9.3,9.3,9.3,2500,2021-09-29 13:36:00,ICCM
9.35,9.37,9.3,9.3,3740,2021-09-29 13:37:00,ICCM
9.3,9.3,9.3,9.3,1665,2021-09-29 13:38:00,ICCM
9.2,9.27,9.2,9.2,3787,2021-09-29 13:39:00,ICCM
9.2016,9.2016,9.2,9.2,5621,2021-09-29 13:40:00,ICCM
9.2,9.2,9.2,9.2,352,2021-09-29 13:41:00,ICCM
9.2,9.2,9.13,9.2,4962,2021-09-29 13:42:00,ICCM
9.2,9.2,9.2,9.2,2125,2021-09-29 13:43:00,ICCM
9.2,9.2,9.199,9.199,1000,2021-09-29 13:44:00,ICCM
9.2006,9.505,9.01,9.505,4601,2021-09-29 13:45:00,ICCM
9.28,9.28,9.28,9.28,390,2021-09-29 13:46:00,ICCM
9.21,9.21,9.2,9.21,1975,2021-09-29 13:47:00,ICCM
9.2,9.2,9.2,9.2,1224,2021-09-29 13:48:00,ICCM
9.2,9.2,9.2,9.2,834,2021-09-29 13:49:00,ICCM
9.2,9.2,9.2,9.2,2038,2021-09-29 13:50:00,ICCM
9.2,9.2,9.2,9.2,1424,2021-09-29 13:55:00,ICCM
9.2,9.2,9.2,9.2,1322,2021-09-29 13:58:00,ICCM
9.2,9.2,9.2,9.2,732,2021-09-29 13:59:00,ICCM
9.2016,9.2016,9.2,9.2,2100,2021-09-29 14:02:00,ICCM
9.2,9.5,9.2,9.5,1127,2021-09-29 14:12:00,ICCM
9.2,9.2,9.2,9.2,1090,2021-09-29 14:13:00,ICCM
9.2,9.2,9.2,9.2,1100,2021-09-29 14:15:00,ICCM
9.305,9.305,9.305,9.305,220,2021-09-29 15:14:00,ICCM
9.4548,9.4548,9.4548,9.4548,350,2021-09-29 16:23:00,ICCM
9.4433,9.4433,9.4433,9.4433,100,2021-09-29 16:28:00,ICCM
9.29,9.29,9.29,9.29,200,2021-09-29 16:40:00,ICCM
9.15,9.15,9.15,9.15,700,2021-09-29 17:50:00,ICCM
9.2588,9.2588,9.2588,9.2588,100,2021-09-29 19:49:00,ICCM
9.25,9.25,9.2,9.2,300,2021-09-29 19:54:00,ICCM
9.16,9.16,9.15,9.15,849,2021-09-30 11:53:00,ICCM
9.05,9.05,9.05,9.05,524,2021-09-30 11:54:00,ICCM
9.12,9.12,9.12,9.12,365,2021-09-30 13:30:00,ICCM
9.39,9.39,9.2,9.2,2440,2021-09-30 13:31:00,ICCM
9.39,9.39,9.39,9.39,3124,2021-09-30 13:34:00,ICCM
9.08,9.08,9.0,9.0,4763,2021-09-30 13:35:00,ICCM
8.59,8.59,8.59,8.59,100,2021-09-30 13:36:00,ICCM
8.7765,9.0,8.7765,9.0,3938,2021-09-30 13:40:00,ICCM
9.05,9.05,9.05,9.05,100,2021-09-30 13:41:00,ICCM
9.001,9.001,9.0,9.0,1532,2021-09-30 13:42:00,ICCM
9.0994,9.0994,9.0994,9.0994,450,2021-09-30 13:43:00,ICCM
9.0,9.0,9.0,9.0,425,2021-09-30 13:49:00,ICCM
9.05,9.05,9.05,9.05,534,2021-09-30 13:54:00,ICCM
9.05,9.05,9.05,9.05,490,2021-09-30 13:55:00,ICCM
9.03,9.05,9.0,9.0,1541,2021-09-30 13:58:00,ICCM
9.0,9.0,9.0,9.0,500,2021-09-30 14:30:00,ICCM
8.99,8.99,8.98,8.99,1316,2021-09-30 14:46:00,ICCM
8.85,8.85,8.85,8.85,100,2021-09-30 15:19:00,ICCM
8.8201,8.8201,8.82,8.8201,1100,2021-09-30 15:27:00,ICCM
8.82,8.82,8.82,8.82,100,2021-09-30 16:22:00,ICCM
8.82,8.82,8.82,8.82,200,2021-09-30 16:25:00,ICCM
8.82,8.82,8.82,8.82,100,2021-09-30 16:26:00,ICCM
8.79,8.79,8.75,8.75,200,2021-09-30 16:27:00,ICCM
8.7644,8.7644,8.7644,8.7644,100,2021-09-30 17:18:00,ICCM
8.9199,8.9199,8.9199,8.9199,500,2021-09-30 17:21:00,ICCM
8.7,8.72,8.7,8.7,1817,2021-09-30 18:30:00,ICCM
8.65,8.65,8.65,8.65,625,2021-09-30 18:45:00,ICCM
8.65,8.65,8.65,8.65,100,2021-09-30 18:53:00,ICCM
8.62,8.62,8.62,8.62,100,2021-09-30 19:01:00,ICCM
8.78,8.78,8.78,8.78,100,2021-09-30 19:28:00,ICCM
8.8,8.8,8.8,8.8,249,2021-09-30 19:36:00,ICCM
8.75,8.75,8.75,8.75,250,2021-09-30 19:39:00,ICCM
8.75,8.75,8.75,8.75,100,2021-09-30 19:40:00,ICCM
8.79,8.8,8.7635,8.7635,800,2021-09-30 19:47:00,ICCM
8.71,8.71,8.71,8.71,100,2021-09-30 19:57:00,ICCM
8.7999,8.7999,8.7999,8.7999,250,2021-09-30 19:58:00,ICCM
8.8,8.8,8.8,8.8,228,2021-10-01 13:30:00,ICCM
8.9,8.9,8.9,8.9,125,2021-10-01 14:14:00,ICCM
8.8,8.8,8.75,8.75,400,2021-10-01 14:23:00,ICCM
8.68,8.68,8.67,8.67,638,2021-10-01 14:29:00,ICCM
8.7,8.7,8.7,8.7,200,2021-10-01 14:30:00,ICCM
8.63,8.63,8.5,8.5,1708,2021-10-01 14:35:00,ICCM
8.5,8.5,8.5,8.5,500,2021-10-01 14:36:00,ICCM
8.5,8.5,8.5,8.5,100,2021-10-01 14:37:00,ICCM
8.5001,8.5001,8.5001,8.5001,125,2021-10-01 14:43:00,ICCM
8.52,8.65,8.35,8.41,7804,2021-10-01 15:05:00,ICCM
8.48,8.51,8.48,8.51,300,2021-10-01 15:44:00,ICCM
8.5,8.54,8.5,8.54,500,2021-10-01 15:55:00,ICCM
8.631,8.631,8.631,8.631,582,2021-10-01 16:14:00,ICCM
8.6568,8.6568,8.6568,8.6568,1000,2021-10-01 16:27:00,ICCM
8.62,8.62,8.62,8.62,350,2021-10-01 16:59:00,ICCM
8.62,8.7,8.62,8.7,521,2021-10-01 17:53:00,ICCM
8.61,8.61,8.5,8.52,8607,2021-10-01 18:28:00,ICCM
8.65,8.65,8.65,8.65,991,2021-10-01 19:02:00,ICCM
8.695,8.695,8.695,8.695,500,2021-10-01 19:36:00,ICCM
8.11,8.11,8.11,8.11,136,2021-10-04 10:18:00,ICCM
8.26,8.26,8.26,8.26,100,2021-10-04 11:51:00,ICCM
8.26,8.26,8.26,8.26,152,2021-10-04 11:56:00,ICCM
8.17,8.17,8.17,8.17,300,2021-10-04 12:33:00,ICCM
8.17,8.17,8.17,8.17,160,2021-10-04 12:34:00,ICCM
8.17,8.17,8.17,8.17,300,2021-10-04 12:36:00,ICCM
8.15,8.15,8.15,8.15,900,2021-10-04 13:02:00,ICCM
8.15,8.15,8.15,8.15,168,2021-10-04 13:19:00,ICCM
8.15,8.15,8.15,8.15,277,2021-10-04 13:23:00,ICCM
8.15,8.15,8.14,8.14,1201,2021-10-04 13:30:00,ICCM
8.2521,8.2521,8.2521,8.2521,300,2021-10-04 13:31:00,ICCM
8.15,8.22,8.15,8.22,1100,2021-10-04 13:50:00,ICCM
7.91,7.91,7.83,7.91,1299,2021-10-04 13:54:00,ICCM
8.02,8.02,8.02,8.02,391,2021-10-04 13:57:00,ICCM
7.93,7.93,7.91,7.91,300,2021-10-04 13:58:00,ICCM
7.92,7.92,7.92,7.92,304,2021-10-04 14:06:00,ICCM
7.95,8.1,7.94,7.94,700,2021-10-04 14:07:00,ICCM
8.001,8.001,8.001,8.001,500,2021-10-04 14:08:00,ICCM
7.95,7.95,7.82,7.9,1100,2021-10-04 14:09:00,ICCM
7.8686,7.8686,7.78,7.78,450,2021-10-04 14:10:00,ICCM
7.94,7.94,7.94,7.94,250,2021-10-04 14:33:00,ICCM
7.86,7.86,7.86,7.86,933,2021-10-04 14:39:00,ICCM
7.86,7.86,7.78,7.78,1501,2021-10-04 14:40:00,ICCM
7.78,7.7801,7.77,7.77,600,2021-10-04 14:46:00,ICCM
7.77,7.77,7.7552,7.7552,1533,2021-10-04 14:47:00,ICCM
7.6201,7.6201,7.6201,7.6201,685,2021-10-04 14:48:00,ICCM
7.65,7.65,7.64,7.64,1101,2021-10-04 15:00:00,ICCM
7.64,7.64,7.59,7.59,1900,2021-10-04 15:03:00,ICCM
7.58,7.58,7.56,7.58,500,2021-10-04 15:05:00,ICCM
7.64,7.8,7.6,7.6,400,2021-10-04 15:07:00,ICCM
7.6,7.64,7.5,7.54,2912,2021-10-04 15:17:00,ICCM
7.57,7.57,7.5,7.5,3304,2021-10-04 15:27:00,ICCM
7.49,7.51,7.49,7.51,700,2021-10-04 15:28:00,ICCM
7.801,7.801,7.801,7.801,100,2021-10-04 15:31:00,ICCM
7.715,7.715,7.715,7.715,218,2021-10-04 15:40:00,ICCM
7.6234,7.6234,7.6234,7.6234,149,2021-10-04 16:01:00,ICCM
7.57,7.58,7.47,7.47,1950,2021-10-04 16:06:00,ICCM
7.49,7.49,7.49,7.49,100,2021-10-04 16:08:00,ICCM
7.49,7.5,7.49,7.5,666,2021-10-04 16:18:00,ICCM
7.655,7.655,7.46,7.46,2200,2021-10-04 16:20:00,ICCM
7.47,7.4937,7.47,7.4937,1000,2021-10-04 16:22:00,ICCM
7.47,7.47,7.47,7.47,500,2021-10-04 16:24:00,ICCM
7.47,7.47,7.47,7.47,200,2021-10-04 16:27:00,ICCM
7.5,7.5,7.5,7.5,100,2021-10-04 16:29:00,ICCM
7.47,7.47,7.47,7.47,109,2021-10-04 16:31:00,ICCM
7.5,7.5,7.5,7.5,134,2021-10-04 16:32:00,ICCM
7.8027,7.8027,7.8027,7.8027,1000,2021-10-04 16:33:00,ICCM
7.51,7.53,7.51,7.52,800,2021-10-04 16:47:00,ICCM
7.68,7.68,7.68,7.68,1000,2021-10-04 16:48:00,ICCM
7.79,7.79,7.79,7.79,200,2021-10-04 16:49:00,ICCM
7.68,7.68,7.68,7.68,191,2021-10-04 17:13:00,ICCM
7.75,7.78,7.75,7.78,700,2021-10-04 17:18:00,ICCM
7.51,7.51,7.5,7.5,710,2021-10-04 17:51:00,ICCM
7.5,7.5,7.5,7.5,1300,2021-10-04 17:52:00,ICCM
7.51,7.51,7.51,7.51,100,2021-10-04 18:06:00,ICCM
7.64,7.65,7.64,7.65,200,2021-10-04 18:12:00,ICCM
7.5,7.5,7.45,7.45,1098,2021-10-04 18:15:00,ICCM
7.51,7.51,7.51,7.51,100,2021-10-04 18:17:00,ICCM
7.51,7.51,7.51,7.51,200,2021-10-04 18:23:00,ICCM
7.5,7.51,7.5,7.51,1434,2021-10-04 18:29:00,ICCM
7.5018,7.5018,7.5018,7.5018,100,2021-10-04 19:39:00,ICCM
7.5,7.5,7.5,7.5,100,2021-10-04 19:45:00,ICCM
7.51,7.51,7.51,7.51,258,2021-10-04 19:56:00,ICCM
7.8134,7.83,7.8134,7.83,500,2021-10-05 13:34:00,ICCM
8.3089,8.3089,8.3089,8.3089,250,2021-10-05 13:38:00,ICCM
8.29,8.29,8.29,8.29,120,2021-10-05 13:40:00,ICCM
7.74,7.79,7.55,7.7,5429,2021-10-05 13:43:00,ICCM
7.73,7.73,7.73,7.73,120,2021-10-05 13:45:00,ICCM
7.96,7.96,7.96,7.96,120,2021-10-05 13:48:00,ICCM
7.71,7.71,7.7,7.7,3157,2021-10-05 13:56:00,ICCM
7.935,7.935,7.72,7.72,351,2021-10-05 14:08:00,ICCM
7.935,7.935,7.935,7.935,125,2021-10-05 14:17:00,ICCM
8.01,8.01,8.01,8.01,300,2021-10-05 14:23:00,ICCM
7.935,7.935,7.935,7.935,250,2021-10-05 14:25:00,ICCM
7.79,7.79,7.75,7.75,3000,2021-10-05 14:49:00,ICCM
7.94,7.94,7.94,7.94,100,2021-10-05 14:58:00,ICCM
7.96,7.96,7.85,7.85,400,2021-10-05 15:59:00,ICCM
7.8577,7.8577,7.8577,7.8577,462,2021-10-05 16:02:00,ICCM
7.8832,7.898,7.85,7.898,1000,2021-10-05 16:03:00,ICCM
7.8899,7.8899,7.8899,7.8899,250,2021-10-05 16:12:00,ICCM
7.85,7.85,7.85,7.85,310,2021-10-05 16:17:00,ICCM
7.76,7.76,7.75,7.7501,2909,2021-10-05 17:35:00,ICCM
7.77,7.77,7.69,7.69,8899,2021-10-05 18:47:00,ICCM
7.69,7.69,7.69,7.69,300,2021-10-05 19:03:00,ICCM
7.68,7.68,7.6,7.68,1900,2021-10-05 19:04:00,ICCM
7.61,7.61,7.495,7.5,5270,2021-10-05 19:05:00,ICCM
7.465,7.465,7.465,7.465,119,2021-10-05 19:07:00,ICCM
7.37,7.37,6.81,6.86,5541,2021-10-05 19:09:00,ICCM
6.92,7.07,6.81,7.02,8795,2021-10-05 19:10:00,ICCM
6.95,6.95,6.95,6.95,100,2021-10-05 19:12:00,ICCM
7.2,7.29,7.2,7.29,876,2021-10-05 19:15:00,ICCM
7.28,7.3,7.275,7.29,1300,2021-10-05 19:16:00,ICCM
7.3,7.3183,7.3,7.3183,494,2021-10-05 19:17:00,ICCM
6.93,7.16,6.93,7.16,1500,2021-10-05 19:21:00,ICCM
7.155,7.16,7.15,7.15,1000,2021-10-05 19:23:00,ICCM
7.365,7.45,7.365,7.45,2000,2021-10-05 19:58:00,ICCM
7.45,7.45,7.43,7.45,2019,2021-10-05 19:59:00,ICCM
7.35,7.35,7.35,7.35,500,2021-10-06 12:42:00,ICCM
7.39,7.39,7.39,7.39,870,2021-10-06 13:30:00,ICCM
7.61,7.62,7.61,7.62,1000,2021-10-06 13:55:00,ICCM
7.61,7.61,7.61,7.61,1071,2021-10-06 13:56:00,ICCM
7.35,7.35,7.3,7.35,960,2021-10-06 14:11:00,ICCM
7.3,7.3,7.3,7.3,960,2021-10-06 14:12:00,ICCM
7.3,7.3,7.3,7.3,1695,2021-10-06 14:13:00,ICCM
7.2,7.2,7.2,7.2,100,2021-10-06 14:23:00,ICCM
7.1,7.1,7.1,7.1,900,2021-10-06 14:49:00,ICCM
7.1592,7.1592,7.1592,7.1592,220,2021-10-06 15:18:00,ICCM
7.2,7.2,7.2,7.2,986,2021-10-06 15:20:00,ICCM
7.15,7.15,7.11,7.11,1949,2021-10-06 16:12:00,ICCM
7.13,7.13,7.13,7.13,100,2021-10-06 16:21:00,ICCM
7.16,7.18,7.16,7.18,1182,2021-10-06 16:22:00,ICCM
7.16,7.16,7.16,7.16,500,2021-10-06 16:23:00,ICCM
7.14,7.14,7.14,7.14,300,2021-10-06 16:24:00,ICCM
7.11,7.11,7.11,7.11,700,2021-10-06 16:33:00,ICCM
7.19,7.19,7.19,7.19,100,2021-10-06 17:01:00,ICCM
7.11,7.11,7.11,7.11,100,2021-10-06 17:07:00,ICCM
7.14,7.14,7.1101,7.1101,280,2021-10-06 17:08:00,ICCM
7.11,7.1428,7.11,7.11,899,2021-10-06 17:11:00,ICCM
7.11,7.1101,7.11,7.1101,450,2021-10-06 17:18:00,ICCM
7.15,7.15,7.15,7.15,106,2021-10-06 17:36:00,ICCM
7.12,7.13,7.12,7.13,300,2021-10-06 17:41:00,ICCM
7.1291,7.1291,7.1291,7.1291,100,2021-10-06 17:45:00,ICCM
7.13,7.13,7.13,7.13,500,2021-10-06 18:06:00,ICCM
7.12,7.1202,7.11,7.11,1746,2021-10-06 18:21:00,ICCM
7.11,7.1101,7.1,7.1001,2784,2021-10-06 18:22:00,ICCM
7.13,7.13,7.12,7.13,1000,2021-10-06 18:34:00,ICCM
7.1914,7.1914,7.1914,7.1914,175,2021-10-06 18:49:00,ICCM
7.26,7.26,7.26,7.26,537,2021-10-07 13:30:00,ICCM
7.62,7.62,7.62,7.62,300,2021-10-07 13:38:00,ICCM
7.5,7.5,7.5,7.5,1000,2021-10-07 13:53:00,ICCM
7.5,7.5,7.5,7.5,1000,2021-10-07 13:54:00,ICCM
7.35,7.35,7.35,7.35,500,2021-10-07 14:55:00,ICCM
7.25,7.25,7.25,7.25,296,2021-10-07 14:58:00,ICCM
7.3,7.3,7.3,7.3,823,2021-10-07 14:59:00,ICCM
7.22,7.346,7.22,7.346,900,2021-10-07 15:42:00,ICCM
7.35,7.35,7.35,7.35,150,2021-10-07 18:23:00,ICCM
7.35,7.35,7.35,7.35,450,2021-10-07 19:49:00,ICCM
7.45,7.45,7.45,7.45,170,2021-10-08 13:30:00,ICCM
7.45,7.45,7.45,7.45,200,2021-10-08 14:11:00,ICCM
7.12,7.12,7.04,7.04,2795,2021-10-08 14:32:00,ICCM
7.125,7.125,7.125,7.125,362,2021-10-08 14:42:00,ICCM
7.05,7.05,7.05,7.05,750,2021-10-08 15:02:00,ICCM
7.2,7.2,7.2,7.2,896,2021-10-08 16:56:00,ICCM
7.2,7.2,7.2,7.2,4716,2021-10-08 17:28:00,ICCM
7.4669,7.4669,7.4669,7.4669,1000,2021-10-08 19:06:00,ICCM
7.47,7.47,7.45,7.45,200,2021-10-08 19:49:00,ICCM
