open,high,low,close,volume,datetime,symbol
2.91,2.92,2.91,2.92,1050,2021-10-01 13:30:00,BLCM
2.89,2.899,2.85,2.85,1771,2021-10-01 13:40:00,BLCM
2.9116,2.94,2.885,2.905,5966,2021-10-01 13:45:00,BLCM
2.9117,2.9117,2.9117,2.9117,150,2021-10-01 13:50:00,BLCM
2.9,2.9,2.88,2.89,1688,2021-10-01 13:55:00,BLCM
2.88,2.88,2.841,2.841,900,2021-10-01 14:00:00,BLCM
2.8708,2.8708,2.84,2.84,2365,2021-10-01 14:20:00,BLCM
2.82,2.8317,2.82,2.8317,3600,2021-10-01 14:25:00,BLCM
2.81,2.8168,2.81,2.8168,200,2021-10-01 14:40:00,BLCM
2.81,2.81,2.81,2.81,250,2021-10-01 14:45:00,BLCM
2.84,2.84,2.84,2.84,200,2021-10-01 15:10:00,BLCM
2.85,2.86,2.85,2.86,342,2021-10-01 15:25:00,BLCM
2.835,2.835,2.835,2.835,1500,2021-10-01 15:35:00,BLCM
2.84,2.86,2.84,2.86,2096,2021-10-01 15:40:00,BLCM
2.82,2.82,2.81,2.82,680,2021-10-01 17:00:00,BLCM
2.825,2.825,2.825,2.825,100,2021-10-01 17:05:00,BLCM
2.84,2.87,2.84,2.87,1814,2021-10-01 17:10:00,BLCM
2.8401,2.8401,2.8401,2.8401,2300,2021-10-01 18:15:00,BLCM
2.84,2.8401,2.84,2.8401,300,2021-10-01 18:20:00,BLCM
2.8401,2.8401,2.8401,2.8401,1700,2021-10-01 18:35:00,BLCM
2.84,2.84,2.84,2.84,100,2021-10-01 18:40:00,BLCM
2.87,2.95,2.86,2.8914,38063,2021-10-01 18:55:00,BLCM
2.89,2.89,2.87,2.87,2334,2021-10-01 19:00:00,BLCM
2.87,2.9,2.87,2.8955,5614,2021-10-01 19:05:00,BLCM
2.9311,2.9311,2.9311,2.9311,260,2021-10-01 19:10:00,BLCM
2.9101,2.9101,2.8799,2.904,4280,2021-10-01 19:15:00,BLCM
2.88,2.94,2.88,2.91,3057,2021-10-01 19:20:00,BLCM
2.91,2.91,2.91,2.91,300,2021-10-01 19:35:00,BLCM
2.93,2.93,2.93,2.93,200,2021-10-01 19:40:00,BLCM
2.91,2.91,2.88,2.88,400,2021-10-01 19:45:00,BLCM
2.891,2.891,2.891,2.891,1000,2021-10-01 19:50:00,BLCM
2.89,2.92,2.88,2.92,3601,2021-10-01 19:55:00,BLCM
2.89,2.89,2.89,2.89,272,2021-10-01 20:00:00,BLCM
2.89,2.89,2.89,2.89,530,2021-10-01 20:15:00,BLCM
2.89,2.89,2.89,2.89,100,2021-10-01 20:20:00,BLCM
2.98,2.98,2.98,2.98,144,2021-10-01 23:20:00,BLCM
2.88,2.88,2.88,2.88,114,2021-10-04 13:30:00,BLCM
2.94,2.94,2.8801,2.8801,1200,2021-10-04 13:35:00,BLCM
2.935,2.94,2.89,2.89,1743,2021-10-04 13:40:00,BLCM
2.89,2.89,2.89,2.89,900,2021-10-04 13:45:00,BLCM
2.9031,2.9031,2.89,2.89,611,2021-10-04 13:50:00,BLCM
2.8947,2.8947,2.8947,2.8947,1000,2021-10-04 13:55:00,BLCM
2.9,2.9,2.88,2.8899,2128,2021-10-04 14:00:00,BLCM
2.87,2.87,2.85,2.85,12499,2021-10-04 14:10:00,BLCM
2.84,2.84,2.83,2.83,1300,2021-10-04 14:15:00,BLCM
2.81,2.821,2.8,2.821,2578,2021-10-04 14:20:00,BLCM
2.815,2.815,2.815,2.815,200,2021-10-04 14:25:00,BLCM
2.83,2.83,2.83,2.83,600,2021-10-04 14:35:00,BLCM
2.83,2.83,2.83,2.83,400,2021-10-04 15:05:00,BLCM
2.82,2.82,2.82,2.82,100,2021-10-04 15:10:00,BLCM
2.831,2.831,2.831,2.831,250,2021-10-04 15:15:00,BLCM
2.8191,2.8191,2.8191,2.8191,400,2021-10-04 15:40:00,BLCM
2.8513,2.8513,2.81,2.81,300,2021-10-04 15:50:00,BLCM
2.85,2.85,2.8,2.81,1571,2021-10-04 15:55:00,BLCM
2.839,2.839,2.839,2.839,100,2021-10-04 16:30:00,BLCM
2.82,2.82,2.82,2.82,1120,2021-10-04 16:50:00,BLCM
2.81,2.81,2.81,2.81,100,2021-10-04 16:55:00,BLCM
2.825,2.825,2.825,2.825,1000,2021-10-04 17:05:00,BLCM
2.81,2.84,2.81,2.84,4500,2021-10-04 17:30:00,BLCM
2.82,2.82,2.82,2.82,100,2021-10-04 17:35:00,BLCM
2.8192,2.8192,2.81,2.81,1070,2021-10-04 17:45:00,BLCM
2.8101,2.817,2.8,2.8,3500,2021-10-04 17:55:00,BLCM
2.8,2.8,2.8,2.8,100,2021-10-04 18:05:00,BLCM
2.8046,2.8046,2.8046,2.8046,260,2021-10-04 18:20:00,BLCM
2.8,2.8,2.8,2.8,100,2021-10-04 18:35:00,BLCM
2.83,2.86,2.82,2.86,2901,2021-10-04 18:55:00,BLCM
2.83,2.83,2.83,2.83,3400,2021-10-04 19:05:00,BLCM
2.83,2.83,2.8,2.8,4065,2021-10-04 19:10:00,BLCM
2.8,2.8,2.8,2.8,100,2021-10-04 19:15:00,BLCM
2.8,2.8,2.8,2.8,100,2021-10-04 19:20:00,BLCM
2.8,2.8,2.8,2.8,750,2021-10-04 19:35:00,BLCM
2.82,2.83,2.82,2.83,200,2021-10-04 19:40:00,BLCM
2.83,2.83,2.83,2.83,200,2021-10-04 19:45:00,BLCM
2.8,2.81,2.8,2.8,9278,2021-10-04 19:50:00,BLCM
2.8,2.8103,2.79,2.79,5679,2021-10-04 19:55:00,BLCM
2.79,2.79,2.79,2.79,483,2021-10-04 20:00:00,BLCM
2.83,2.83,2.82,2.82,2605,2021-10-05 13:30:00,BLCM
2.8087,2.8087,2.8087,2.8087,3500,2021-10-05 13:55:00,BLCM
2.8,2.8,2.8,2.8,214,2021-10-05 14:05:00,BLCM
2.83,2.83,2.8299,2.8299,4100,2021-10-05 14:10:00,BLCM
2.81,2.81,2.81,2.81,100,2021-10-05 14:20:00,BLCM
2.8,2.8,2.8,2.8,986,2021-10-05 14:35:00,BLCM
2.79,2.79,2.79,2.79,100,2021-10-05 14:45:00,BLCM
2.8,2.8,2.8,2.8,600,2021-10-05 14:55:00,BLCM
2.79,2.85,2.79,2.82,19360,2021-10-05 15:15:00,BLCM
2.82,2.84,2.81,2.811,1500,2021-10-05 15:20:00,BLCM
2.81,2.83,2.791,2.83,11264,2021-10-05 15:35:00,BLCM
2.8318,2.85,2.8318,2.85,345,2021-10-05 15:45:00,BLCM
2.82,2.85,2.82,2.85,200,2021-10-05 15:50:00,BLCM
2.84,2.84,2.84,2.84,400,2021-10-05 15:55:00,BLCM
2.86,2.86,2.86,2.86,100,2021-10-05 16:00:00,BLCM
2.85,2.86,2.8,2.8,34031,2021-10-05 16:30:00,BLCM
2.81,2.82,2.81,2.82,800,2021-10-05 16:40:00,BLCM
2.815,2.82,2.815,2.82,1900,2021-10-05 16:45:00,BLCM
2.8,2.8,2.8,2.8,100,2021-10-05 17:10:00,BLCM
2.82,2.84,2.82,2.8397,1500,2021-10-05 17:15:00,BLCM
2.81,2.81,2.81,2.81,100,2021-10-05 17:30:00,BLCM
2.812,2.812,2.812,2.812,1000,2021-10-05 17:45:00,BLCM
2.8161,2.8161,2.8161,2.8161,100,2021-10-05 17:50:00,BLCM
2.81,2.81,2.81,2.81,1000,2021-10-05 18:05:00,BLCM
2.81,2.81,2.81,2.81,100,2021-10-05 18:10:00,BLCM
2.8197,2.8197,2.8197,2.8197,200,2021-10-05 18:15:00,BLCM
2.81,2.81,2.81,2.81,100,2021-10-05 18:25:00,BLCM
2.81,2.81,2.81,2.81,249,2021-10-05 18:55:00,BLCM
2.81,2.81,2.81,2.81,500,2021-10-05 19:05:00,BLCM
2.8,2.8,2.8,2.8,100,2021-10-05 19:10:00,BLCM
2.8,2.8055,2.8,2.8055,265,2021-10-05 19:25:00,BLCM
2.8,2.8,2.8,2.8,500,2021-10-05 19:45:00,BLCM
2.8,2.81,2.8,2.8,600,2021-10-05 19:50:00,BLCM
2.8,2.8,2.8,2.8,840,2021-10-05 19:55:00,BLCM
2.82,2.82,2.82,2.82,181,2021-10-05 20:00:00,BLCM
2.78,2.78,2.78,2.78,100,2021-10-05 20:05:00,BLCM
2.78,2.78,2.78,2.78,100,2021-10-05 20:15:00,BLCM
2.77,2.77,2.77,2.77,377,2021-10-05 20:20:00,BLCM
2.86,2.86,2.86,2.86,2000,2021-10-06 11:55:00,BLCM
2.8,2.81,2.79,2.8,8117,2021-10-06 13:30:00,BLCM
2.83,2.83,2.83,2.83,100,2021-10-06 13:35:00,BLCM
2.806,2.806,2.806,2.806,200,2021-10-06 13:40:00,BLCM
2.8259,2.8259,2.8191,2.8191,1011,2021-10-06 13:45:00,BLCM
2.8282,2.8282,2.8282,2.8282,100,2021-10-06 13:50:00,BLCM
2.83,2.83,2.83,2.83,5000,2021-10-06 13:55:00,BLCM
2.8,2.8,2.7801,2.7801,600,2021-10-06 14:05:00,BLCM
2.8,2.8,2.8,2.8,100,2021-10-06 14:20:00,BLCM
2.795,2.795,2.795,2.795,100,2021-10-06 14:35:00,BLCM
2.7905,2.8,2.7905,2.8,1800,2021-10-06 14:40:00,BLCM
2.79,2.79,2.78,2.79,3101,2021-10-06 14:45:00,BLCM
2.8,2.83,2.78,2.78,10433,2021-10-06 14:55:00,BLCM
2.79,2.79,2.79,2.79,100,2021-10-06 15:05:00,BLCM
2.78,2.78,2.78,2.78,100,2021-10-06 15:15:00,BLCM
2.81,2.83,2.7955,2.8,12300,2021-10-06 15:30:00,BLCM
2.795,2.795,2.79,2.79,329,2021-10-06 15:35:00,BLCM
2.79,2.8,2.79,2.8,3040,2021-10-06 15:45:00,BLCM
2.79,2.79,2.79,2.79,100,2021-10-06 15:50:00,BLCM
2.78,2.78,2.78,2.78,100,2021-10-06 16:05:00,BLCM
2.8,2.8,2.8,2.8,100,2021-10-06 16:15:00,BLCM
2.7976,2.7988,2.795,2.795,300,2021-10-06 16:35:00,BLCM
2.795,2.795,2.795,2.795,200,2021-10-06 16:45:00,BLCM
2.795,2.795,2.795,2.795,100,2021-10-06 16:50:00,BLCM
2.782,2.79,2.782,2.79,1000,2021-10-06 16:55:00,BLCM
2.78,2.78,2.78,2.78,5320,2021-10-06 17:05:00,BLCM
2.775,2.775,2.775,2.775,200,2021-10-06 17:10:00,BLCM
2.77,2.775,2.77,2.775,984,2021-10-06 17:20:00,BLCM
2.77,2.77,2.72,2.755,12011,2021-10-06 17:25:00,BLCM
2.72,2.72,2.72,2.72,200,2021-10-06 17:30:00,BLCM
2.745,2.745,2.7406,2.7406,200,2021-10-06 17:35:00,BLCM
2.72,2.7563,2.72,2.7563,500,2021-10-06 17:40:00,BLCM
2.72,2.72,2.72,2.72,100,2021-10-06 17:45:00,BLCM
2.7493,2.7493,2.745,2.745,700,2021-10-06 17:50:00,BLCM
2.75,2.75,2.73,2.73,500,2021-10-06 17:55:00,BLCM
2.7508,2.7508,2.745,2.745,450,2021-10-06 18:00:00,BLCM
2.75,2.75,2.75,2.75,100,2021-10-06 18:05:00,BLCM
2.74,2.76,2.74,2.76,1200,2021-10-06 18:10:00,BLCM
2.77,2.77,2.77,2.77,300,2021-10-06 18:30:00,BLCM
2.79,2.79,2.7898,2.7898,2000,2021-10-06 18:35:00,BLCM
2.785,2.8,2.785,2.8,400,2021-10-06 18:50:00,BLCM
2.7833,2.7833,2.7833,2.7833,150,2021-10-06 18:55:00,BLCM
2.78,2.79,2.771,2.79,332,2021-10-06 19:00:00,BLCM
2.79,2.79,2.7897,2.7897,700,2021-10-06 19:15:00,BLCM
2.75,2.79,2.75,2.78,300,2021-10-06 19:20:00,BLCM
2.7503,2.78,2.7503,2.78,1000,2021-10-06 19:25:00,BLCM
2.77,2.78,2.7501,2.7781,2000,2021-10-06 19:35:00,BLCM
2.76,2.76,2.76,2.76,100,2021-10-06 19:40:00,BLCM
2.77,2.78,2.76,2.78,400,2021-10-06 19:45:00,BLCM
2.76,2.78,2.76,2.78,1200,2021-10-06 19:50:00,BLCM
2.76,2.78,2.74,2.78,3083,2021-10-06 19:55:00,BLCM
2.8,2.8,2.745,2.745,225,2021-10-07 13:30:00,BLCM
2.8119,2.8119,2.775,2.775,5000,2021-10-07 13:35:00,BLCM
2.8199,2.8199,2.8199,2.8199,8500,2021-10-07 13:40:00,BLCM
2.7852,2.7852,2.7852,2.7852,841,2021-10-07 13:55:00,BLCM
2.76,2.85,2.76,2.85,10892,2021-10-07 14:25:00,BLCM
2.86,2.92,2.86,2.92,13408,2021-10-07 14:30:00,BLCM
2.9011,2.9011,2.835,2.87,11851,2021-10-07 14:35:00,BLCM
2.8729,2.8729,2.8729,2.8729,2000,2021-10-07 14:40:00,BLCM
2.84,2.84,2.84,2.84,100,2021-10-07 14:50:00,BLCM
2.81,2.81,2.81,2.81,100,2021-10-07 14:55:00,BLCM
2.81,2.81,2.81,2.81,100,2021-10-07 15:10:00,BLCM
2.81,2.82,2.8,2.82,3200,2021-10-07 15:25:00,BLCM
2.83,2.8721,2.83,2.8721,300,2021-10-07 15:30:00,BLCM
2.8404,2.8404,2.84,2.84,700,2021-10-07 15:35:00,BLCM
2.87,2.87,2.87,2.87,100,2021-10-07 15:45:00,BLCM
2.85,2.8528,2.85,2.8528,200,2021-10-07 16:10:00,BLCM
2.805,2.81,2.75,2.7643,12854,2021-10-07 16:25:00,BLCM
2.76,2.76,2.76,2.76,100,2021-10-07 16:30:00,BLCM
2.76,2.76,2.76,2.76,100,2021-10-07 16:35:00,BLCM
2.77,2.77,2.77,2.77,100,2021-10-07 16:45:00,BLCM
2.8248,2.8248,2.7845,2.7845,1279,2021-10-07 16:50:00,BLCM
2.805,2.805,2.805,2.805,270,2021-10-07 16:55:00,BLCM
2.78,2.78,2.78,2.78,100,2021-10-07 17:05:00,BLCM
2.805,2.8162,2.805,2.8162,700,2021-10-07 17:25:00,BLCM
2.81,2.81,2.81,2.81,100,2021-10-07 17:35:00,BLCM
2.8183,2.8199,2.8183,2.8199,1500,2021-10-07 17:40:00,BLCM
2.8,2.8,2.8,2.8,100,2021-10-07 17:45:00,BLCM
2.8,2.8,2.8,2.8,100,2021-10-07 19:15:00,BLCM
2.8027,2.8027,2.8,2.8,500,2021-10-07 19:25:00,BLCM
2.8029,2.8029,2.8029,2.8029,500,2021-10-07 19:30:00,BLCM
2.8,2.8,2.8,2.8,100,2021-10-07 19:40:00,BLCM
2.8,2.8018,2.78,2.78,1126,2021-10-07 19:45:00,BLCM
2.76,2.81,2.76,2.76,900,2021-10-07 19:50:00,BLCM
2.81,2.81,2.75,2.75,1286,2021-10-07 19:55:00,BLCM
2.75,2.75,2.75,2.75,144,2021-10-07 20:00:00,BLCM
2.866,2.866,2.78,2.78,961,2021-10-08 13:30:00,BLCM
2.775,2.775,2.775,2.775,300,2021-10-08 13:35:00,BLCM
2.7401,2.75,2.74,2.74,4809,2021-10-08 13:45:00,BLCM
2.75,2.75,2.74,2.74,300,2021-10-08 13:55:00,BLCM
2.75,2.78,2.71,2.75,8626,2021-10-08 14:00:00,BLCM
2.7547,2.7547,2.7301,2.7301,4300,2021-10-08 14:05:00,BLCM
2.743,2.76,2.71,2.731,7341,2021-10-08 14:10:00,BLCM
2.75,2.77,2.75,2.77,1000,2021-10-08 14:45:00,BLCM
2.74,2.74,2.72,2.72,3100,2021-10-08 15:05:00,BLCM
2.72,2.72,2.72,2.72,118,2021-10-08 15:10:00,BLCM
2.721,2.721,2.721,2.721,176,2021-10-08 15:20:00,BLCM
2.72,2.72,2.72,2.72,176,2021-10-08 15:25:00,BLCM
2.72,2.72,2.72,2.72,1000,2021-10-08 15:30:00,BLCM
2.73,2.735,2.7286,2.735,1104,2021-10-08 15:35:00,BLCM
2.72,2.72,2.72,2.72,100,2021-10-08 15:45:00,BLCM
2.7274,2.7274,2.7274,2.7274,100,2021-10-08 16:00:00,BLCM
2.72,2.72,2.72,2.72,200,2021-10-08 16:10:00,BLCM
2.72,2.72,2.72,2.72,230,2021-10-08 16:40:00,BLCM
2.738,2.738,2.738,2.738,400,2021-10-08 16:50:00,BLCM
2.73,2.73,2.73,2.73,260,2021-10-08 17:10:00,BLCM
2.7262,2.7262,2.7262,2.7262,525,2021-10-08 17:45:00,BLCM
2.73,2.73,2.73,2.73,500,2021-10-08 17:50:00,BLCM
2.7335,2.7335,2.7291,2.7291,450,2021-10-08 18:25:00,BLCM
2.7246,2.7246,2.7246,2.7246,500,2021-10-08 18:50:00,BLCM
2.725,2.725,2.725,2.725,100,2021-10-08 18:55:00,BLCM
2.725,2.725,2.725,2.725,100,2021-10-08 19:10:00,BLCM
2.72,2.72,2.72,2.72,100,2021-10-08 19:30:00,BLCM
2.72,2.72,2.72,2.72,3177,2021-10-08 19:35:00,BLCM
2.7,2.7,2.7,2.7,1859,2021-10-08 19:45:00,BLCM
2.71,2.71,2.71,2.71,200,2021-10-08 19:50:00,BLCM
2.71,2.71,2.71,2.71,475,2021-10-08 19:55:00,BLCM
2.72,2.72,2.72,2.72,308,2021-10-08 20:00:00,BLCM
2.71,2.71,2.71,2.71,141,2021-10-11 13:30:00,BLCM
2.7,2.7,2.68,2.6904,1668,2021-10-11 13:35:00,BLCM
2.6965,2.7,2.6965,2.7,225,2021-10-11 13:40:00,BLCM
2.71,2.71,2.71,2.71,500,2021-10-11 13:45:00,BLCM
2.7,2.7,2.7,2.7,400,2021-10-11 13:50:00,BLCM
2.7078,2.7078,2.7078,2.7078,400,2021-10-11 14:10:00,BLCM
2.7083,2.7083,2.7083,2.7083,330,2021-10-11 14:40:00,BLCM
2.71,2.71,2.7097,2.7097,600,2021-10-11 15:05:00,BLCM
2.72,2.77,2.72,2.7468,8587,2021-10-11 15:10:00,BLCM
2.76,2.78,2.75,2.78,2200,2021-10-11 15:15:00,BLCM
2.78,2.78,2.78,2.78,200,2021-10-11 15:20:00,BLCM
2.78,2.78,2.78,2.78,100,2021-10-11 15:25:00,BLCM
2.7715,2.78,2.77,2.78,3800,2021-10-11 15:50:00,BLCM
2.79,2.79,2.79,2.79,100,2021-10-11 16:00:00,BLCM
2.78,2.78,2.78,2.78,100,2021-10-11 16:20:00,BLCM
2.7705,2.7705,2.7705,2.7705,200,2021-10-11 16:25:00,BLCM
2.77,2.775,2.77,2.775,1085,2021-10-11 16:30:00,BLCM
2.77,2.78,2.77,2.78,3918,2021-10-11 17:35:00,BLCM
2.78,2.78,2.75,2.75,6557,2021-10-11 17:50:00,BLCM
2.78,2.78,2.78,2.78,100,2021-10-11 18:00:00,BLCM
2.78,2.79,2.78,2.79,200,2021-10-11 18:05:00,BLCM
2.77,2.77,2.761,2.761,216,2021-10-11 18:10:00,BLCM
2.78,2.78,2.78,2.78,100,2021-10-11 18:25:00,BLCM
2.76,2.76,2.76,2.76,606,2021-10-11 19:15:00,BLCM
2.75,2.7501,2.74,2.74,1240,2021-10-11 19:20:00,BLCM
2.71,2.73,2.7,2.715,7400,2021-10-11 19:25:00,BLCM
2.72,2.72,2.72,2.72,100,2021-10-11 19:35:00,BLCM
2.7206,2.7206,2.7206,2.7206,841,2021-10-11 19:40:00,BLCM
2.73,2.73,2.7192,2.7192,200,2021-10-11 19:45:00,BLCM
2.724,2.73,2.72,2.72,400,2021-10-11 19:50:00,BLCM
2.73,2.73,2.73,2.73,100,2021-10-11 19:55:00,BLCM
2.73,2.738,2.73,2.738,976,2021-10-12 13:40:00,BLCM
2.7018,2.7018,2.7018,2.7018,100,2021-10-12 13:50:00,BLCM
2.71,2.74,2.7,2.738,20890,2021-10-12 14:00:00,BLCM
2.75,2.75,2.75,2.75,310,2021-10-12 14:05:00,BLCM
2.75,2.77,2.75,2.77,1984,2021-10-12 14:10:00,BLCM
2.77,2.77,2.77,2.77,500,2021-10-12 14:15:00,BLCM
2.77,2.77,2.77,2.77,1221,2021-10-12 14:20:00,BLCM
2.78,2.78,2.78,2.78,200,2021-10-12 14:25:00,BLCM
2.77,2.77,2.77,2.77,100,2021-10-12 14:30:00,BLCM
2.77,2.77,2.77,2.77,100,2021-10-12 14:35:00,BLCM
2.76,2.76,2.76,2.76,100,2021-10-12 14:45:00,BLCM
2.74,2.74,2.74,2.74,100,2021-10-12 14:50:00,BLCM
2.74,2.74,2.74,2.74,650,2021-10-12 14:55:00,BLCM
2.722,2.722,2.722,2.722,150,2021-10-12 15:20:00,BLCM
2.7294,2.7294,2.7294,2.7294,146,2021-10-12 15:25:00,BLCM
2.725,2.725,2.72,2.72,400,2021-10-12 16:05:00,BLCM
2.725,2.725,2.725,2.725,156,2021-10-12 16:30:00,BLCM
2.72,2.7202,2.7,2.7,1301,2021-10-12 16:50:00,BLCM
2.7108,2.7108,2.7108,2.7108,1000,2021-10-12 17:30:00,BLCM
2.7128,2.7128,2.7128,2.7128,1000,2021-10-12 17:35:00,BLCM
2.7225,2.7225,2.7225,2.7225,436,2021-10-12 18:15:00,BLCM
2.7335,2.74,2.7335,2.74,1100,2021-10-12 18:20:00,BLCM
2.7101,2.7101,2.7101,2.7101,2350,2021-10-12 18:25:00,BLCM
2.74,2.74,2.74,2.74,100,2021-10-12 18:30:00,BLCM
2.74,2.74,2.74,2.74,100,2021-10-12 18:35:00,BLCM
2.7129,2.7129,2.7129,2.7129,1000,2021-10-12 18:45:00,BLCM
2.74,2.74,2.7101,2.7101,1100,2021-10-12 18:50:00,BLCM
2.7223,2.7223,2.7223,2.7223,100,2021-10-12 18:55:00,BLCM
2.74,2.74,2.71,2.71,1200,2021-10-12 19:00:00,BLCM
2.71,2.71,2.695,2.695,5842,2021-10-12 19:05:00,BLCM
2.695,2.7,2.69,2.69,801,2021-10-12 19:10:00,BLCM
2.69,2.69,2.69,2.69,100,2021-10-12 19:15:00,BLCM
2.69,2.69,2.69,2.69,100,2021-10-12 19:20:00,BLCM
2.69,2.7,2.69,2.7,3416,2021-10-12 19:25:00,BLCM
2.69,2.69,2.6886,2.69,1400,2021-10-12 19:30:00,BLCM
2.69,2.7,2.69,2.69,800,2021-10-12 19:35:00,BLCM
2.695,2.695,2.695,2.695,100,2021-10-12 19:40:00,BLCM
2.695,2.695,2.695,2.695,300,2021-10-12 19:45:00,BLCM
2.695,2.7,2.695,2.695,3600,2021-10-12 19:50:00,BLCM
2.69,2.7,2.68,2.7,1876,2021-10-12 19:55:00,BLCM
2.7,2.7,2.7,2.7,145,2021-10-12 20:00:00,BLCM
2.7,2.7,2.7,2.7,283,2021-10-13 13:30:00,BLCM
2.7,2.7,2.6838,2.6854,726,2021-10-13 13:35:00,BLCM
2.6902,2.7,2.6902,2.7,500,2021-10-13 13:40:00,BLCM
2.71,2.72,2.7055,2.7055,2116,2021-10-13 13:45:00,BLCM
2.71,2.71,2.71,2.71,1000,2021-10-13 13:50:00,BLCM
2.71,2.71,2.705,2.705,700,2021-10-13 14:00:00,BLCM
2.7011,2.7011,2.69,2.69,1078,2021-10-13 14:10:00,BLCM
2.71,2.74,2.71,2.74,2714,2021-10-13 14:25:00,BLCM
2.695,2.695,2.695,2.695,100,2021-10-13 14:30:00,BLCM
2.69,2.69,2.69,2.69,600,2021-10-13 14:50:00,BLCM
2.7298,2.7298,2.72,2.72,3100,2021-10-13 14:55:00,BLCM
2.72,2.72,2.72,2.72,871,2021-10-13 15:00:00,BLCM
2.72,2.72,2.72,2.72,978,2021-10-13 15:05:00,BLCM
2.73,2.73,2.73,2.73,100,2021-10-13 15:20:00,BLCM
2.7106,2.7106,2.7106,2.7106,1000,2021-10-13 15:30:00,BLCM
2.7101,2.7102,2.71,2.7102,3600,2021-10-13 15:40:00,BLCM
2.7001,2.7001,2.7001,2.7001,100,2021-10-13 15:55:00,BLCM
2.705,2.705,2.705,2.705,100,2021-10-13 16:15:00,BLCM
2.701,2.701,2.7,2.7,300,2021-10-13 16:30:00,BLCM
2.71,2.71,2.71,2.71,697,2021-10-13 16:55:00,BLCM
2.71,2.71,2.7,2.7,9732,2021-10-13 17:00:00,BLCM
2.72,2.72,2.72,2.72,1100,2021-10-13 17:05:00,BLCM
2.73,2.73,2.73,2.73,1000,2021-10-13 17:15:00,BLCM
2.74,2.74,2.74,2.74,100,2021-10-13 17:20:00,BLCM
2.74,2.74,2.74,2.74,100,2021-10-13 17:25:00,BLCM
2.73,2.73,2.73,2.73,100,2021-10-13 17:45:00,BLCM
2.7085,2.7085,2.7085,2.7085,400,2021-10-13 18:50:00,BLCM
2.7055,2.71,2.7055,2.71,2100,2021-10-13 18:55:00,BLCM
2.72,2.72,2.7,2.7,2189,2021-10-13 19:05:00,BLCM
2.72,2.72,2.72,2.72,100,2021-10-13 19:15:00,BLCM
2.72,2.72,2.72,2.72,400,2021-10-13 19:35:00,BLCM
2.72,2.72,2.72,2.72,300,2021-10-13 19:45:00,BLCM
2.72,2.72,2.72,2.72,200,2021-10-13 19:50:00,BLCM
2.72,2.72,2.7103,2.72,1103,2021-10-13 19:55:00,BLCM
2.73,2.73,2.7112,2.7112,2789,2021-10-14 13:30:00,BLCM
2.7324,2.7324,2.7324,2.7324,1100,2021-10-14 13:40:00,BLCM
2.74,2.76,2.74,2.76,6163,2021-10-14 13:45:00,BLCM
2.77,2.77,2.77,2.77,100,2021-10-14 13:50:00,BLCM
2.77,2.77,2.77,2.77,1310,2021-10-14 13:55:00,BLCM
2.76,2.76,2.73,2.73,200,2021-10-14 14:00:00,BLCM
2.76,2.76,2.76,2.76,100,2021-10-14 14:05:00,BLCM
2.73,2.73,2.73,2.73,400,2021-10-14 14:10:00,BLCM
2.73,2.73,2.73,2.73,4600,2021-10-14 15:45:00,BLCM
2.73,2.73,2.73,2.73,100,2021-10-14 15:55:00,BLCM
2.73,2.73,2.73,2.73,100,2021-10-14 16:05:00,BLCM
2.71,2.71,2.71,2.71,980,2021-10-14 16:25:00,BLCM
2.71,2.71,2.71,2.71,1400,2021-10-14 16:30:00,BLCM
2.705,2.705,2.705,2.705,200,2021-10-14 16:35:00,BLCM
2.705,2.705,2.705,2.705,100,2021-10-14 16:40:00,BLCM
2.71,2.71,2.71,2.71,1600,2021-10-14 16:50:00,BLCM
2.71,2.72,2.705,2.71,9483,2021-10-14 16:55:00,BLCM
2.72,2.72,2.7101,2.72,2500,2021-10-14 17:00:00,BLCM
2.72,2.72,2.71,2.7101,1742,2021-10-14 17:05:00,BLCM
2.705,2.705,2.705,2.705,200,2021-10-14 17:10:00,BLCM
2.7001,2.7001,2.69,2.695,3844,2021-10-14 17:15:00,BLCM
2.695,2.7,2.695,2.695,300,2021-10-14 17:20:00,BLCM
2.7,2.7,2.7,2.7,100,2021-10-14 17:40:00,BLCM
2.69,2.7,2.69,2.7,1479,2021-10-14 17:55:00,BLCM
2.705,2.705,2.705,2.705,100,2021-10-14 18:00:00,BLCM
2.705,2.705,2.7,2.7,1024,2021-10-14 18:05:00,BLCM
2.7,2.7,2.695,2.7,400,2021-10-14 18:10:00,BLCM
2.691,2.691,2.691,2.691,2000,2021-10-14 18:25:00,BLCM
2.7079,2.7079,2.7079,2.7079,450,2021-10-14 18:35:00,BLCM
2.7,2.7,2.7,2.7,200,2021-10-14 18:40:00,BLCM
2.7,2.7,2.7,2.7,300,2021-10-14 18:50:00,BLCM
2.6978,2.6978,2.6978,2.6978,100,2021-10-14 19:05:00,BLCM
2.7,2.7,2.69,2.695,23100,2021-10-14 19:10:00,BLCM
2.6963,2.6963,2.695,2.695,350,2021-10-14 19:15:00,BLCM
2.695,2.695,2.695,2.695,300,2021-10-14 19:20:00,BLCM
2.7,2.7,2.7,2.7,300,2021-10-14 19:25:00,BLCM
2.7,2.7,2.7,2.7,200,2021-10-14 19:30:00,BLCM
2.69,2.695,2.675,2.6796,10102,2021-10-14 19:35:00,BLCM
2.69,2.69,2.68,2.69,800,2021-10-14 19:40:00,BLCM
2.7,2.7,2.68,2.7,900,2021-10-14 19:45:00,BLCM
2.7,2.7,2.7,2.7,100,2021-10-14 19:50:00,BLCM
2.7,2.7,2.69,2.69,300,2021-10-14 19:55:00,BLCM
2.71,2.71,2.69,2.69,2258,2021-10-15 13:30:00,BLCM
2.68,2.68,2.68,2.68,715,2021-10-15 13:35:00,BLCM
2.6783,2.68,2.6783,2.68,1100,2021-10-15 13:40:00,BLCM
2.6877,2.6999,2.67,2.6999,770,2021-10-15 13:45:00,BLCM
2.66,2.66,2.66,2.66,300,2021-10-15 13:50:00,BLCM
2.66,2.66,2.65,2.65,4250,2021-10-15 13:55:00,BLCM
2.64,2.66,2.64,2.6573,1722,2021-10-15 14:10:00,BLCM
2.645,2.66,2.645,2.66,4350,2021-10-15 14:15:00,BLCM
2.66,2.66,2.65,2.65,371,2021-10-15 14:25:00,BLCM
2.65,2.65,2.65,2.65,100,2021-10-15 14:35:00,BLCM
2.65,2.65,2.645,2.645,1600,2021-10-15 15:05:00,BLCM
2.645,2.645,2.6443,2.6443,1100,2021-10-15 15:15:00,BLCM
2.641,2.641,2.641,2.641,135,2021-10-15 15:30:00,BLCM
2.6499,2.6499,2.6499,2.6499,100,2021-10-15 15:40:00,BLCM
2.645,2.655,2.645,2.655,3981,2021-10-15 15:45:00,BLCM
2.6509,2.6509,2.65,2.65,651,2021-10-15 16:00:00,BLCM
2.65,2.65,2.65,2.65,100,2021-10-15 16:10:00,BLCM
2.6419,2.6419,2.6419,2.6419,250,2021-10-15 16:35:00,BLCM
2.64,2.64,2.64,2.64,100,2021-10-15 16:50:00,BLCM
2.64,2.64,2.64,2.64,100,2021-10-15 17:05:00,BLCM
2.631,2.631,2.63,2.63,491,2021-10-15 17:20:00,BLCM
2.635,2.635,2.635,2.635,475,2021-10-15 17:25:00,BLCM
2.63,2.6302,2.61,2.61,4683,2021-10-15 17:30:00,BLCM
2.61,2.61,2.61,2.61,238,2021-10-15 17:35:00,BLCM
2.62,2.62,2.62,2.62,625,2021-10-15 17:55:00,BLCM
2.6185,2.6185,2.6185,2.6185,300,2021-10-15 18:00:00,BLCM
2.61,2.61,2.6,2.6,16267,2021-10-15 18:10:00,BLCM
2.6173,2.62,2.61,2.62,1529,2021-10-15 18:15:00,BLCM
2.6185,2.6185,2.61,2.61,2686,2021-10-15 18:25:00,BLCM
2.6134,2.615,2.6134,2.615,1100,2021-10-15 18:40:00,BLCM
2.61,2.61,2.61,2.61,200,2021-10-15 18:50:00,BLCM
2.62,2.62,2.615,2.62,700,2021-10-15 18:55:00,BLCM
2.615,2.62,2.615,2.615,400,2021-10-15 19:00:00,BLCM
2.61,2.61,2.61,2.61,2500,2021-10-15 19:05:00,BLCM
2.61,2.61,2.605,2.605,750,2021-10-15 19:10:00,BLCM
2.6,2.6091,2.6,2.6,1692,2021-10-15 19:15:00,BLCM
2.605,2.605,2.605,2.605,100,2021-10-15 19:20:00,BLCM
2.6,2.6,2.6,2.6,10010,2021-10-15 19:30:00,BLCM
2.605,2.63,2.605,2.63,3232,2021-10-15 19:40:00,BLCM
2.62,2.62,2.62,2.62,100,2021-10-15 19:45:00,BLCM
2.615,2.615,2.615,2.615,200,2021-10-15 19:50:00,BLCM
2.6271,2.63,2.615,2.63,6639,2021-10-15 19:55:00,BLCM
2.6,2.6,2.6,2.6,1806,2021-10-15 20:00:00,BLCM
2.62,2.62,2.62,2.62,822,2021-10-18 13:30:00,BLCM
2.609,2.609,2.59,2.59,27236,2021-10-18 13:45:00,BLCM
2.58,2.58,2.55,2.55,1758,2021-10-18 13:50:00,BLCM
2.55,2.55,2.5204,2.55,6649,2021-10-18 13:55:00,BLCM
2.5347,2.5347,2.53,2.53,1125,2021-10-18 14:00:00,BLCM
2.53,2.53,2.53,2.53,218,2021-10-18 14:05:00,BLCM
2.5305,2.54,2.5101,2.5101,24794,2021-10-18 14:10:00,BLCM
2.54,2.54,2.525,2.53,5451,2021-10-18 14:15:00,BLCM
2.53,2.53,2.5036,2.5053,4925,2021-10-18 14:20:00,BLCM
2.525,2.525,2.5148,2.525,2400,2021-10-18 14:30:00,BLCM
2.53,2.53,2.53,2.53,685,2021-10-18 14:35:00,BLCM
2.53,2.53,2.53,2.53,850,2021-10-18 14:40:00,BLCM
2.5374,2.5374,2.53,2.53,550,2021-10-18 14:45:00,BLCM
2.53,2.5373,2.53,2.5373,1807,2021-10-18 14:50:00,BLCM
2.5253,2.53,2.5253,2.53,800,2021-10-18 14:55:00,BLCM
2.53,2.53,2.53,2.53,100,2021-10-18 15:00:00,BLCM
2.5372,2.5372,2.525,2.525,950,2021-10-18 15:05:00,BLCM
2.52,2.525,2.52,2.525,200,2021-10-18 15:10:00,BLCM
2.52,2.52,2.51,2.52,4949,2021-10-18 15:20:00,BLCM
2.5257,2.5257,2.52,2.52,600,2021-10-18 15:30:00,BLCM
2.53,2.53,2.52,2.52,1800,2021-10-18 15:35:00,BLCM
2.5208,2.5208,2.515,2.52,800,2021-10-18 15:45:00,BLCM
2.52,2.53,2.52,2.5299,2500,2021-10-18 15:50:00,BLCM
2.525,2.53,2.525,2.53,1300,2021-10-18 16:00:00,BLCM
2.535,2.535,2.525,2.525,1511,2021-10-18 16:05:00,BLCM
2.52,2.52,2.52,2.52,101,2021-10-18 16:15:00,BLCM
2.515,2.515,2.515,2.515,250,2021-10-18 16:25:00,BLCM
2.5149,2.515,2.5149,2.515,350,2021-10-18 16:30:00,BLCM
2.51,2.52,2.51,2.52,801,2021-10-18 16:35:00,BLCM
2.51,2.525,2.51,2.525,2809,2021-10-18 16:40:00,BLCM
2.515,2.53,2.5,2.53,16565,2021-10-18 16:50:00,BLCM
2.516,2.516,2.515,2.515,800,2021-10-18 16:55:00,BLCM
2.5128,2.5128,2.5128,2.5128,500,2021-10-18 17:00:00,BLCM
2.51,2.52,2.51,2.52,2406,2021-10-18 17:05:00,BLCM
2.515,2.52,2.515,2.52,2486,2021-10-18 17:20:00,BLCM
2.515,2.53,2.515,2.53,3827,2021-10-18 17:25:00,BLCM
2.52,2.54,2.52,2.53,12819,2021-10-18 17:30:00,BLCM
2.53,2.53,2.53,2.53,300,2021-10-18 17:35:00,BLCM
2.52,2.52,2.52,2.52,1100,2021-10-18 17:45:00,BLCM
2.51,2.51,2.51,2.51,400,2021-10-18 17:55:00,BLCM
2.515,2.52,2.515,2.52,1458,2021-10-18 18:00:00,BLCM
2.51,2.51,2.51,2.51,550,2021-10-18 18:25:00,BLCM
2.51,2.51,2.51,2.51,300,2021-10-18 18:40:00,BLCM
2.52,2.52,2.51,2.51,1232,2021-10-18 18:50:00,BLCM
2.51,2.5164,2.51,2.51,2921,2021-10-18 18:55:00,BLCM
2.51,2.51,2.51,2.51,1200,2021-10-18 19:00:00,BLCM
2.5097,2.515,2.5097,2.51,1400,2021-10-18 19:05:00,BLCM
2.5,2.5138,2.5,2.5138,200,2021-10-18 19:10:00,BLCM
2.51,2.51,2.51,2.51,1000,2021-10-18 19:15:00,BLCM
2.52,2.52,2.51,2.51,1600,2021-10-18 19:20:00,BLCM
2.51,2.519,2.51,2.519,200,2021-10-18 19:30:00,BLCM
2.52,2.52,2.52,2.52,100,2021-10-18 19:45:00,BLCM
2.5,2.518,2.5,2.5,16335,2021-10-18 19:55:00,BLCM
2.51,2.51,2.51,2.51,295,2021-10-18 20:00:00,BLCM
2.5,2.5,2.5,2.5,100,2021-10-18 23:40:00,BLCM
2.5,2.5,2.49,2.49,8598,2021-10-19 13:30:00,BLCM
2.49,2.49,2.478,2.478,1030,2021-10-19 13:35:00,BLCM
2.47,2.47,2.46,2.4612,1100,2021-10-19 13:40:00,BLCM
2.4727,2.48,2.45,2.45,4786,2021-10-19 13:45:00,BLCM
2.45,2.45,2.43,2.43,2989,2021-10-19 13:50:00,BLCM
2.4388,2.44,2.4306,2.4306,1300,2021-10-19 13:55:00,BLCM
2.43,2.43,2.38,2.395,18039,2021-10-19 14:00:00,BLCM
2.395,2.4239,2.395,2.4239,23233,2021-10-19 14:05:00,BLCM
2.42,2.425,2.39,2.39,3375,2021-10-19 14:10:00,BLCM
2.4,2.41,2.39,2.39,2225,2021-10-19 14:15:00,BLCM
2.39,2.39,2.39,2.39,400,2021-10-19 14:20:00,BLCM
2.39,2.39,2.35,2.355,6317,2021-10-19 14:25:00,BLCM
2.35,2.355,2.34,2.34,6436,2021-10-19 14:30:00,BLCM
2.33,2.36,2.29,2.3,21113,2021-10-19 14:35:00,BLCM
2.3052,2.3085,2.28,2.285,12168,2021-10-19 14:40:00,BLCM
2.2899,2.3,2.27,2.275,21144,2021-10-19 14:45:00,BLCM
2.28,2.3,2.25,2.2699,24201,2021-10-19 14:50:00,BLCM
2.2524,2.3,2.2524,2.27,17016,2021-10-19 14:55:00,BLCM
2.275,2.275,2.25,2.25,13809,2021-10-19 15:00:00,BLCM
2.2501,2.27,2.22,2.23,23857,2021-10-19 15:05:00,BLCM
2.2301,2.27,2.2301,2.255,14985,2021-10-19 15:10:00,BLCM
2.26,2.27,2.26,2.26,7807,2021-10-19 15:15:00,BLCM
2.2651,2.2651,2.2651,2.2651,350,2021-10-19 15:20:00,BLCM
2.26,2.26,2.245,2.249,2018,2021-10-19 15:25:00,BLCM
2.245,2.27,2.24,2.27,38499,2021-10-19 15:30:00,BLCM
2.27,2.2899,2.27,2.275,2150,2021-10-19 15:35:00,BLCM
2.29,2.2901,2.29,2.2901,2159,2021-10-19 15:40:00,BLCM
2.2908,2.3,2.29,2.3,4101,2021-10-19 15:45:00,BLCM
2.3,2.31,2.3,2.31,2710,2021-10-19 15:50:00,BLCM
2.3076,2.31,2.305,2.305,700,2021-10-19 15:55:00,BLCM
2.3085,2.31,2.305,2.305,1777,2021-10-19 16:00:00,BLCM
2.305,2.3091,2.3,2.305,951,2021-10-19 16:05:00,BLCM
2.3057,2.3057,2.305,2.3055,5100,2021-10-19 16:10:00,BLCM
2.3054,2.3054,2.305,2.305,400,2021-10-19 16:15:00,BLCM
2.305,2.3074,2.305,2.3074,200,2021-10-19 16:20:00,BLCM
2.3013,2.3013,2.3013,2.3013,500,2021-10-19 16:25:00,BLCM
2.3099,2.31,2.3,2.305,15775,2021-10-19 16:30:00,BLCM
2.305,2.32,2.305,2.31,2398,2021-10-19 16:35:00,BLCM
2.325,2.33,2.325,2.33,600,2021-10-19 16:40:00,BLCM
2.325,2.35,2.325,2.34,11939,2021-10-19 16:50:00,BLCM
2.34,2.35,2.33,2.33,12519,2021-10-19 16:55:00,BLCM
2.3371,2.3371,2.3371,2.3371,200,2021-10-19 17:00:00,BLCM
2.34,2.34,2.32,2.32,1102,2021-10-19 17:05:00,BLCM
2.3375,2.3375,2.3201,2.3281,1342,2021-10-19 17:15:00,BLCM
2.32,2.33,2.32,2.33,5574,2021-10-19 17:20:00,BLCM
2.3299,2.3299,2.3299,2.3299,466,2021-10-19 17:25:00,BLCM
2.33,2.33,2.325,2.33,1300,2021-10-19 17:30:00,BLCM
2.3207,2.325,2.3207,2.325,1700,2021-10-19 17:35:00,BLCM
2.322,2.33,2.32,2.33,6887,2021-10-19 17:40:00,BLCM
2.3258,2.3258,2.3258,2.3258,1500,2021-10-19 17:45:00,BLCM
2.3299,2.33,2.3,2.3,13440,2021-10-19 17:55:00,BLCM
2.3028,2.3028,2.3028,2.3028,1300,2021-10-19 18:00:00,BLCM
2.3294,2.3294,2.3294,2.3294,500,2021-10-19 18:05:00,BLCM
2.31,2.31,2.28,2.28,10604,2021-10-19 18:10:00,BLCM
2.28,2.28,2.26,2.265,4604,2021-10-19 18:15:00,BLCM
2.27,2.27,2.2668,2.2668,1533,2021-10-19 18:20:00,BLCM
2.27,2.27,2.27,2.27,100,2021-10-19 18:35:00,BLCM
2.2676,2.275,2.265,2.275,3600,2021-10-19 18:40:00,BLCM
2.2799,2.2799,2.2799,2.2799,100,2021-10-19 18:45:00,BLCM
2.275,2.28,2.2707,2.2707,2538,2021-10-19 18:50:00,BLCM
2.275,2.28,2.275,2.2761,2881,2021-10-19 18:55:00,BLCM
2.28,2.28,2.274,2.28,1277,2021-10-19 19:05:00,BLCM
2.279,2.28,2.275,2.28,2014,2021-10-19 19:10:00,BLCM
2.275,2.28,2.275,2.275,1300,2021-10-19 19:15:00,BLCM
2.2776,2.2776,2.265,2.265,3445,2021-10-19 19:20:00,BLCM
2.26,2.26,2.25,2.26,2445,2021-10-19 19:25:00,BLCM
2.26,2.27,2.26,2.2601,23984,2021-10-19 19:30:00,BLCM
2.2692,2.27,2.265,2.27,5559,2021-10-19 19:35:00,BLCM
2.2694,2.2694,2.25,2.255,15600,2021-10-19 19:40:00,BLCM
2.255,2.28,2.255,2.28,2210,2021-10-19 19:45:00,BLCM
2.29,2.29,2.275,2.275,1945,2021-10-19 19:50:00,BLCM
2.28,2.28,2.26,2.26,4074,2021-10-19 19:55:00,BLCM
2.26,2.26,2.26,2.26,2423,2021-10-19 20:00:00,BLCM
2.27,2.27,2.27,2.27,657,2021-10-19 20:50:00,BLCM
2.27,2.27,2.27,2.27,213,2021-10-19 21:35:00,BLCM
2.27,2.27,2.27,2.27,500,2021-10-19 21:50:00,BLCM
2.3,2.3,2.3,2.3,191,2021-10-20 12:40:00,BLCM
2.28,2.3735,2.2701,2.33,32699,2021-10-20 13:30:00,BLCM
2.36,2.36,2.31,2.3499,14820,2021-10-20 13:35:00,BLCM
2.341,2.38,2.34,2.38,6330,2021-10-20 13:40:00,BLCM
2.3847,2.4,2.35,2.37,1177,2021-10-20 13:45:00,BLCM
2.395,2.4,2.395,2.4,1300,2021-10-20 13:55:00,BLCM
2.395,2.4093,2.38,2.4,6017,2021-10-20 14:00:00,BLCM
2.38,2.38,2.3004,2.3004,29400,2021-10-20 14:05:00,BLCM
2.3,2.3267,2.29,2.3267,4636,2021-10-20 14:10:00,BLCM
2.2998,2.3048,2.2903,2.3048,1815,2021-10-20 14:40:00,BLCM
2.3,2.32,2.285,2.3101,17054,2021-10-20 14:45:00,BLCM
2.315,2.315,2.31,2.315,3300,2021-10-20 14:55:00,BLCM
2.32,2.32,2.32,2.32,250,2021-10-20 15:00:00,BLCM
2.31,2.315,2.31,2.315,1831,2021-10-20 15:05:00,BLCM
2.31,2.31,2.3,2.3,2409,2021-10-20 15:10:00,BLCM
2.3,2.3,2.3,2.3,819,2021-10-20 15:15:00,BLCM
2.29,2.29,2.285,2.29,2667,2021-10-20 15:45:00,BLCM
2.28,2.28,2.28,2.28,1112,2021-10-20 15:50:00,BLCM
2.28,2.28,2.28,2.28,2165,2021-10-20 15:55:00,BLCM
2.2899,2.2899,2.2771,2.2771,5859,2021-10-20 16:05:00,BLCM
2.28,2.28,2.2739,2.2739,250,2021-10-20 16:15:00,BLCM
2.279,2.279,2.279,2.279,250,2021-10-20 16:20:00,BLCM
2.2797,2.2797,2.2797,2.2797,200,2021-10-20 16:25:00,BLCM
2.27,2.275,2.27,2.275,809,2021-10-20 16:45:00,BLCM
2.28,2.28,2.28,2.28,300,2021-10-20 16:50:00,BLCM
2.275,2.28,2.275,2.2775,2227,2021-10-20 16:55:00,BLCM
2.28,2.28,2.27,2.27,1149,2021-10-20 17:05:00,BLCM
2.2713,2.2713,2.2713,2.2713,600,2021-10-20 17:10:00,BLCM
2.2791,2.2791,2.27,2.27,1374,2021-10-20 17:20:00,BLCM
2.27,2.2736,2.27,2.27,2359,2021-10-20 17:30:00,BLCM
2.275,2.275,2.2736,2.2736,450,2021-10-20 17:35:00,BLCM
2.27,2.27,2.2,2.21,23394,2021-10-20 17:50:00,BLCM
2.2001,2.23,2.2,2.22,14282,2021-10-20 17:55:00,BLCM
2.22,2.23,2.22,2.23,2597,2021-10-20 18:00:00,BLCM
2.2289,2.23,2.22,2.2253,7118,2021-10-20 18:05:00,BLCM
2.225,2.23,2.22,2.23,900,2021-10-20 18:10:00,BLCM
2.2299,2.23,2.2299,2.23,1200,2021-10-20 18:15:00,BLCM
2.22,2.23,2.22,2.23,1769,2021-10-20 18:20:00,BLCM
2.23,2.23,2.2212,2.2212,300,2021-10-20 18:25:00,BLCM
2.225,2.23,2.225,2.23,3207,2021-10-20 18:40:00,BLCM
2.2213,2.23,2.2213,2.23,1300,2021-10-20 18:45:00,BLCM
2.225,2.25,2.22,2.225,45464,2021-10-20 18:50:00,BLCM
2.225,2.23,2.225,2.225,1054,2021-10-20 19:00:00,BLCM
2.23,2.23,2.225,2.225,300,2021-10-20 19:05:00,BLCM
2.2201,2.2201,2.2201,2.2201,260,2021-10-20 19:10:00,BLCM
2.2292,2.23,2.225,2.225,2710,2021-10-20 19:15:00,BLCM
2.2205,2.23,2.2205,2.23,4598,2021-10-20 19:20:00,BLCM
2.22,2.23,2.22,2.23,1731,2021-10-20 19:35:00,BLCM
2.23,2.25,2.2201,2.25,11255,2021-10-20 19:45:00,BLCM
2.235,2.24,2.235,2.24,2800,2021-10-20 19:50:00,BLCM
2.24,2.26,2.23,2.26,1393,2021-10-20 19:55:00,BLCM
2.27,2.29,2.27,2.28,3450,2021-10-20 20:00:00,BLCM
2.29,2.29,2.29,2.29,321,2021-10-20 20:15:00,BLCM
2.27,2.27,2.27,2.27,2000,2021-10-21 13:10:00,BLCM
2.26,2.26,2.26,2.26,3998,2021-10-21 13:30:00,BLCM
2.275,2.2898,2.275,2.2898,1839,2021-10-21 13:35:00,BLCM
2.2813,2.31,2.2717,2.295,5750,2021-10-21 13:40:00,BLCM
2.285,2.2886,2.27,2.27,2240,2021-10-21 13:45:00,BLCM
2.29,2.31,2.2801,2.2801,7045,2021-10-21 13:55:00,BLCM
2.295,2.31,2.28,2.31,400,2021-10-21 14:00:00,BLCM
2.28,2.3099,2.28,2.3,1685,2021-10-21 14:05:00,BLCM
2.31,2.31,2.31,2.31,3800,2021-10-21 14:10:00,BLCM
2.31,2.34,2.2823,2.2823,2619,2021-10-21 14:15:00,BLCM
2.27,2.27,2.27,2.27,200,2021-10-21 14:20:00,BLCM
2.27,2.27,2.27,2.27,100,2021-10-21 14:25:00,BLCM
2.27,2.27,2.27,2.27,5200,2021-10-21 14:30:00,BLCM
2.3,2.3,2.27,2.27,700,2021-10-21 14:35:00,BLCM
2.27,2.27,2.27,2.27,100,2021-10-21 14:40:00,BLCM
2.27,2.28,2.27,2.28,1470,2021-10-21 14:45:00,BLCM
2.26,2.26,2.26,2.26,100,2021-10-21 14:50:00,BLCM
2.26,2.26,2.26,2.26,400,2021-10-21 14:55:00,BLCM
2.26,2.26,2.26,2.26,100,2021-10-21 15:00:00,BLCM
2.27,2.27,2.27,2.27,145,2021-10-21 15:05:00,BLCM
2.27,2.27,2.27,2.27,400,2021-10-21 15:10:00,BLCM
2.265,2.265,2.265,2.265,1000,2021-10-21 15:30:00,BLCM
2.2692,2.2692,2.26,2.265,2847,2021-10-21 15:35:00,BLCM
2.2699,2.2699,2.26,2.26,2432,2021-10-21 15:40:00,BLCM
2.26,2.26,2.23,2.25,10427,2021-10-21 15:45:00,BLCM
2.22,2.24,2.22,2.225,2190,2021-10-21 15:50:00,BLCM
2.225,2.23,2.22,2.23,1477,2021-10-21 15:55:00,BLCM
2.23,2.24,2.21,2.21,2908,2021-10-21 16:00:00,BLCM
2.21,2.225,2.21,2.21,1100,2021-10-21 16:05:00,BLCM
2.22,2.23,2.22,2.22,500,2021-10-21 16:10:00,BLCM
2.22,2.23,2.22,2.23,500,2021-10-21 16:15:00,BLCM
2.22,2.26,2.22,2.26,2216,2021-10-21 16:20:00,BLCM
2.22,2.26,2.22,2.26,1200,2021-10-21 16:25:00,BLCM
2.2503,2.26,2.2503,2.26,600,2021-10-21 16:30:00,BLCM
2.24,2.26,2.24,2.26,200,2021-10-21 16:35:00,BLCM
2.24,2.25,2.24,2.25,300,2021-10-21 16:40:00,BLCM
2.245,2.25,2.245,2.25,1795,2021-10-21 16:45:00,BLCM
2.25,2.26,2.25,2.26,200,2021-10-21 16:50:00,BLCM
2.245,2.2482,2.245,2.245,350,2021-10-21 17:00:00,BLCM
2.24,2.25,2.24,2.25,900,2021-10-21 17:10:00,BLCM
2.24,2.25,2.24,2.25,1774,2021-10-21 17:20:00,BLCM
2.24,2.24,2.24,2.24,100,2021-10-21 17:25:00,BLCM
2.22,2.22,2.22,2.22,100,2021-10-21 17:35:00,BLCM
2.24,2.24,2.24,2.24,300,2021-10-21 17:40:00,BLCM
2.22,2.2313,2.22,2.2313,205,2021-10-21 17:45:00,BLCM
2.2399,2.25,2.22,2.25,11645,2021-10-21 17:50:00,BLCM
2.23,2.25,2.23,2.23,400,2021-10-21 17:55:00,BLCM
2.23,2.25,2.23,2.25,400,2021-10-21 18:00:00,BLCM
2.23,2.23,2.23,2.23,300,2021-10-21 18:05:00,BLCM
2.23,2.23,2.23,2.23,100,2021-10-21 18:10:00,BLCM
2.23,2.26,2.23,2.26,19661,2021-10-21 18:15:00,BLCM
2.25,2.25,2.25,2.25,200,2021-10-21 18:20:00,BLCM
2.24,2.24,2.23,2.23,700,2021-10-21 18:25:00,BLCM
2.23,2.23,2.23,2.23,600,2021-10-21 18:30:00,BLCM
2.22,2.22,2.22,2.22,400,2021-10-21 18:35:00,BLCM
2.22,2.24,2.22,2.22,500,2021-10-21 18:40:00,BLCM
2.22,2.22,2.22,2.22,300,2021-10-21 18:45:00,BLCM
2.22,2.225,2.22,2.225,733,2021-10-21 18:50:00,BLCM
2.22,2.2295,2.22,2.22,1002,2021-10-21 18:55:00,BLCM
2.2289,2.235,2.22,2.23,4594,2021-10-21 19:00:00,BLCM
2.22,2.23,2.22,2.225,1300,2021-10-21 19:10:00,BLCM
2.22,2.25,2.22,2.25,2800,2021-10-21 19:25:00,BLCM
2.2511,2.2511,2.2511,2.2511,500,2021-10-21 19:30:00,BLCM
2.23,2.23,2.23,2.23,100,2021-10-21 19:35:00,BLCM
2.23,2.2301,2.23,2.2301,975,2021-10-21 19:40:00,BLCM
2.23,2.23,2.23,2.23,400,2021-10-21 19:45:00,BLCM
2.23,2.2327,2.23,2.2327,2248,2021-10-21 19:50:00,BLCM
2.23,2.24,2.22,2.23,2810,2021-10-21 19:55:00,BLCM
2.23,2.23,2.23,2.23,1000,2021-10-22 08:00:00,BLCM
2.22,2.22,2.21,2.21,200,2021-10-22 13:25:00,BLCM
2.22,2.22,2.14,2.1612,14429,2021-10-22 13:30:00,BLCM
2.168,2.2,2.16,2.16,4540,2021-10-22 13:35:00,BLCM
2.16,2.16,2.09,2.129,13138,2021-10-22 13:40:00,BLCM
2.1,2.12,2.1,2.12,1100,2021-10-22 13:45:00,BLCM
2.11,2.13,2.06,2.06,15567,2021-10-22 13:50:00,BLCM
2.0695,2.079,2.06,2.07,9874,2021-10-22 13:55:00,BLCM
2.08,2.09,2.07,2.09,9515,2021-10-22 14:00:00,BLCM
2.0904,2.1,2.09,2.09,8112,2021-10-22 14:05:00,BLCM
2.09,2.09,2.09,2.09,400,2021-10-22 14:10:00,BLCM
2.09,2.0999,2.08,2.08,1307,2021-10-22 14:15:00,BLCM
2.09,2.0969,2.08,2.0969,13410,2021-10-22 14:20:00,BLCM
2.08,2.0939,2.08,2.0906,670,2021-10-22 14:25:00,BLCM
2.08,2.08,2.08,2.08,600,2021-10-22 14:30:00,BLCM
2.1,2.1,2.1,2.1,1397,2021-10-22 14:35:00,BLCM
2.12,2.1274,2.08,2.09,20150,2021-10-22 14:40:00,BLCM
2.085,2.0893,2.08,2.08,2200,2021-10-22 14:45:00,BLCM
2.08,2.0908,2.08,2.08,500,2021-10-22 14:50:00,BLCM
2.08,2.0905,2.075,2.0905,29070,2021-10-22 14:55:00,BLCM
2.09,2.094,2.09,2.094,300,2021-10-22 15:00:00,BLCM
2.098,2.098,2.098,2.098,200,2021-10-22 15:05:00,BLCM
2.09,2.12,2.09,2.12,8736,2021-10-22 15:10:00,BLCM
2.119,2.119,2.119,2.119,645,2021-10-22 15:15:00,BLCM
2.12,2.12,2.1,2.1,745,2021-10-22 15:20:00,BLCM
2.08,2.09,2.08,2.08,1800,2021-10-22 15:25:00,BLCM
2.08,2.08,2.08,2.08,100,2021-10-22 15:30:00,BLCM
2.08,2.09,2.08,2.09,200,2021-10-22 15:35:00,BLCM
2.08,2.0817,2.05,2.0589,13224,2021-10-22 15:40:00,BLCM
2.05,2.05,2.04,2.04,1922,2021-10-22 15:45:00,BLCM
2.04,2.04,2.04,2.04,402,2021-10-22 15:50:00,BLCM
2.0492,2.06,2.03,2.06,20984,2021-10-22 15:55:00,BLCM
2.06,2.0601,2.06,2.06,10700,2021-10-22 16:10:00,BLCM
2.08,2.09,2.07,2.07,1300,2021-10-22 16:15:00,BLCM
2.06,2.0809,2.06,2.0809,200,2021-10-22 16:20:00,BLCM
2.06,2.07,2.06,2.07,200,2021-10-22 16:25:00,BLCM
2.07,2.0702,2.05,2.05,7782,2021-10-22 16:30:00,BLCM
2.05,2.05,2.05,2.05,200,2021-10-22 16:35:00,BLCM
2.055,2.06,2.055,2.0598,3500,2021-10-22 16:40:00,BLCM
2.08,2.08,2.08,2.08,349,2021-10-22 16:50:00,BLCM
2.07,2.07,2.07,2.07,100,2021-10-22 16:55:00,BLCM
2.0898,2.0898,2.0898,2.0898,4000,2021-10-22 17:00:00,BLCM
2.0653,2.0653,2.06,2.06,660,2021-10-22 17:15:00,BLCM
2.075,2.075,2.075,2.075,2000,2021-10-22 17:20:00,BLCM
2.06,2.06,2.06,2.06,100,2021-10-22 17:25:00,BLCM
2.075,2.08,2.075,2.08,609,2021-10-22 17:40:00,BLCM
2.08,2.13,2.08,2.115,13359,2021-10-22 17:45:00,BLCM
2.09,2.1,2.085,2.1,2000,2021-10-22 18:05:00,BLCM
2.0893,2.0893,2.0893,2.0893,265,2021-10-22 18:10:00,BLCM
2.0859,2.0859,2.0859,2.0859,100,2021-10-22 18:15:00,BLCM
2.095,2.095,2.095,2.095,100,2021-10-22 18:35:00,BLCM
2.0968,2.11,2.0968,2.11,850,2021-10-22 18:40:00,BLCM
2.11,2.11,2.11,2.11,100,2021-10-22 18:55:00,BLCM
2.082,2.11,2.07,2.07,10666,2021-10-22 19:05:00,BLCM
2.0799,2.0799,2.0799,2.0799,500,2021-10-22 19:10:00,BLCM
2.07,2.08,2.07,2.07,1100,2021-10-22 19:20:00,BLCM
2.06,2.06,2.06,2.06,229,2021-10-22 19:30:00,BLCM
2.06,2.06,2.06,2.06,1293,2021-10-22 19:35:00,BLCM
2.065,2.065,2.06,2.06,900,2021-10-22 19:40:00,BLCM
2.06,2.06,2.06,2.06,200,2021-10-22 19:45:00,BLCM
2.065,2.07,2.06,2.06,600,2021-10-22 19:50:00,BLCM
2.07,2.08,2.06,2.06,2026,2021-10-22 19:55:00,BLCM
2.07,2.07,2.07,2.07,159,2021-10-22 20:00:00,BLCM
2.07,2.07,2.01,2.01,2000,2021-10-25 12:00:00,BLCM
2.0428,2.12,2.0428,2.1,14901,2021-10-25 13:30:00,BLCM
2.1009,2.1009,2.0711,2.0711,5105,2021-10-25 13:40:00,BLCM
2.06,2.06,2.06,2.06,100,2021-10-25 13:45:00,BLCM
2.09,2.14,2.0701,2.0701,8400,2021-10-25 13:50:00,BLCM
2.1298,2.1298,2.07,2.07,3200,2021-10-25 13:55:00,BLCM
2.11,2.11,2.11,2.11,100,2021-10-25 14:00:00,BLCM
2.07,2.108,2.07,2.108,416,2021-10-25 14:05:00,BLCM
2.08,2.11,2.08,2.11,280,2021-10-25 14:10:00,BLCM
2.08,2.11,2.08,2.11,385,2021-10-25 14:15:00,BLCM
2.1273,2.1273,2.1273,2.1273,650,2021-10-25 14:20:00,BLCM
2.115,2.13,2.1,2.11,14129,2021-10-25 14:25:00,BLCM
2.11,2.11,2.11,2.11,200,2021-10-25 14:30:00,BLCM
2.09,2.11,2.09,2.1,5600,2021-10-25 14:35:00,BLCM
2.1,2.1,2.1,2.1,100,2021-10-25 14:40:00,BLCM
2.1,2.1222,2.1,2.1222,1400,2021-10-25 14:45:00,BLCM
2.12,2.12,2.11,2.11,2611,2021-10-25 14:50:00,BLCM
2.11,2.11,2.11,2.11,100,2021-10-25 14:55:00,BLCM
2.12,2.12,2.11,2.11,600,2021-10-25 15:00:00,BLCM
2.11,2.16,2.1,2.1,21274,2021-10-25 15:05:00,BLCM
2.139,2.15,2.12,2.15,9400,2021-10-25 15:10:00,BLCM
2.11,2.11,2.1,2.1,200,2021-10-25 15:15:00,BLCM
2.1,2.1016,2.1,2.1,15894,2021-10-25 15:20:00,BLCM
2.1,2.12,2.1,2.12,900,2021-10-25 15:25:00,BLCM
2.12,2.12,2.1,2.1,1052,2021-10-25 15:30:00,BLCM
2.1,2.1,2.1,2.1,6843,2021-10-25 15:35:00,BLCM
2.11,2.11,2.1,2.1,600,2021-10-25 15:40:00,BLCM
2.1,2.105,2.1,2.105,589,2021-10-25 15:45:00,BLCM
2.1,2.11,2.08,2.08,8028,2021-10-25 15:50:00,BLCM
2.08,2.08,2.07,2.07,1637,2021-10-25 16:00:00,BLCM
2.07,2.07,2.07,2.07,300,2021-10-25 16:05:00,BLCM
2.0553,2.0553,2.05,2.05,900,2021-10-25 16:10:00,BLCM
2.0568,2.06,2.05,2.05,1300,2021-10-25 16:15:00,BLCM
2.055,2.06,2.04,2.04,1100,2021-10-25 16:20:00,BLCM
2.06,2.06,2.04,2.06,2947,2021-10-25 16:25:00,BLCM
2.05,2.05,2.05,2.05,100,2021-10-25 16:40:00,BLCM
2.05,2.065,2.05,2.065,1100,2021-10-25 16:45:00,BLCM
2.0752,2.0752,2.0752,2.0752,3000,2021-10-25 16:50:00,BLCM
2.05,2.05,2.05,2.05,200,2021-10-25 16:55:00,BLCM
2.0529,2.0529,2.05,2.05,1160,2021-10-25 17:00:00,BLCM
2.06,2.06,2.06,2.06,300,2021-10-25 17:05:00,BLCM
2.06,2.06,2.05,2.05,1800,2021-10-25 17:10:00,BLCM
2.05,2.05,2.05,2.05,100,2021-10-25 17:25:00,BLCM
2.0687,2.0687,2.0687,2.0687,500,2021-10-25 17:35:00,BLCM
2.08,2.08,2.08,2.08,3000,2021-10-25 17:40:00,BLCM
2.05,2.05,2.05,2.05,100,2021-10-25 17:45:00,BLCM
2.05,2.05,2.05,2.05,100,2021-10-25 17:50:00,BLCM
2.05,2.05,2.05,2.05,400,2021-10-25 17:55:00,BLCM
2.055,2.06,2.055,2.06,1000,2021-10-25 18:05:00,BLCM
2.05,2.05,2.05,2.05,100,2021-10-25 18:15:00,BLCM
2.06,2.06,2.06,2.06,100,2021-10-25 18:35:00,BLCM
2.065,2.065,2.065,2.065,100,2021-10-25 18:45:00,BLCM
2.07,2.09,2.06,2.09,1600,2021-10-25 18:50:00,BLCM
2.07,2.07,2.07,2.07,500,2021-10-25 19:05:00,BLCM
2.08,2.09,2.08,2.089,10655,2021-10-25 19:10:00,BLCM
2.07,2.0825,2.07,2.0825,200,2021-10-25 19:15:00,BLCM
2.07,2.07,2.07,2.07,200,2021-10-25 19:20:00,BLCM
2.08,2.08,2.07,2.07,500,2021-10-25 19:25:00,BLCM
2.07,2.0727,2.06,2.0727,400,2021-10-25 19:30:00,BLCM
2.06,2.06,2.06,2.06,200,2021-10-25 19:35:00,BLCM
2.06,2.06,2.06,2.06,200,2021-10-25 19:40:00,BLCM
2.06,2.06,2.05,2.05,300,2021-10-25 19:45:00,BLCM
2.07,2.07,2.05,2.07,2269,2021-10-25 19:50:00,BLCM
2.05,2.08,2.05,2.05,2055,2021-10-25 19:55:00,BLCM
2.05,2.05,2.05,2.05,240,2021-10-25 20:00:00,BLCM
2.0701,2.0701,2.0701,2.0701,8000,2021-10-25 23:50:00,BLCM
2.1,2.1,2.07,2.07,2188,2021-10-26 13:30:00,BLCM
2.0412,2.0412,2.0412,2.0412,2000,2021-10-26 13:35:00,BLCM
2.07,2.07,2.0666,2.068,2100,2021-10-26 13:40:00,BLCM
2.04,2.05,2.04,2.04,7441,2021-10-26 13:45:00,BLCM
2.03,2.07,2.03,2.03,2000,2021-10-26 13:50:00,BLCM
2.03,2.06,2.03,2.06,1100,2021-10-26 13:55:00,BLCM
2.03,2.03,2.03,2.03,100,2021-10-26 14:00:00,BLCM
2.05,2.05,2.02,2.03,6650,2021-10-26 14:05:00,BLCM
2.025,2.045,2.025,2.045,7130,2021-10-26 14:10:00,BLCM
2.0201,2.045,2.02,2.045,16493,2021-10-26 14:15:00,BLCM
2.05,2.05,2.05,2.05,508,2021-10-26 14:20:00,BLCM
2.05,2.058,2.03,2.03,4809,2021-10-26 14:25:00,BLCM
2.03,2.045,2.03,2.03,1854,2021-10-26 14:30:00,BLCM
2.03,2.03,2.03,2.03,500,2021-10-26 14:35:00,BLCM
2.04,2.04,2.03,2.03,606,2021-10-26 14:40:00,BLCM
2.04,2.04,2.03,2.03,300,2021-10-26 14:45:00,BLCM
2.04,2.0459,2.04,2.0459,200,2021-10-26 14:50:00,BLCM
2.04,2.045,2.03,2.03,3958,2021-10-26 14:55:00,BLCM
2.03,2.04,2.03,2.04,525,2021-10-26 15:00:00,BLCM
2.04,2.04,2.04,2.04,964,2021-10-26 15:05:00,BLCM
2.04,2.04,2.04,2.04,100,2021-10-26 15:10:00,BLCM
2.0401,2.0401,2.0401,2.0401,200,2021-10-26 15:15:00,BLCM
2.04,2.04,2.03,2.03,748,2021-10-26 15:20:00,BLCM
2.03,2.03,2.025,2.025,1100,2021-10-26 15:35:00,BLCM
2.025,2.03,2.025,2.03,1000,2021-10-26 15:50:00,BLCM
2.035,2.035,2.02,2.035,1376,2021-10-26 16:00:00,BLCM
2.04,2.04,2.04,2.04,332,2021-10-26 16:05:00,BLCM
2.03,2.03,2.03,2.03,100,2021-10-26 16:10:00,BLCM
2.03,2.03,2.03,2.03,100,2021-10-26 16:20:00,BLCM
2.0201,2.05,2.0201,2.0201,15862,2021-10-26 16:25:00,BLCM
2.0438,2.0438,2.035,2.035,1100,2021-10-26 16:30:00,BLCM
2.05,2.05,2.045,2.045,1200,2021-10-26 16:35:00,BLCM
2.05,2.05,2.04,2.05,2834,2021-10-26 16:40:00,BLCM
2.05,2.1,2.05,2.08,6900,2021-10-26 16:45:00,BLCM
2.08,2.1,2.0793,2.09,6425,2021-10-26 16:50:00,BLCM
2.1,2.1,2.08,2.1,1371,2021-10-26 16:55:00,BLCM
2.1,2.1,2.08,2.1,17600,2021-10-26 17:00:00,BLCM
2.09,2.1,2.06,2.06,16359,2021-10-26 17:05:00,BLCM
2.05,2.05,2.03,2.03,3025,2021-10-26 17:10:00,BLCM
2.04,2.04,2.02,2.02,6481,2021-10-26 17:15:00,BLCM
2.025,2.03,2.0201,2.0201,2312,2021-10-26 17:20:00,BLCM
2.021,2.04,2.021,2.04,2300,2021-10-26 17:25:00,BLCM
2.02,2.025,2.02,2.02,500,2021-10-26 17:30:00,BLCM
2.02,2.0282,2.02,2.02,2891,2021-10-26 17:35:00,BLCM
2.02,2.02,1.99,1.99,24015,2021-10-26 17:40:00,BLCM
2.0,2.0,1.985,2.0,9758,2021-10-26 17:45:00,BLCM
1.99,2.0,1.99,1.99,2036,2021-10-26 17:50:00,BLCM
1.9999,2.0,1.99,1.9973,1300,2021-10-26 17:55:00,BLCM
1.9999,2.0,1.98,2.0,7895,2021-10-26 18:00:00,BLCM
1.98,1.99,1.94,1.98,25529,2021-10-26 18:15:00,BLCM
1.98,1.98,1.95,1.95,200,2021-10-26 18:20:00,BLCM
1.96,1.96,1.96,1.96,100,2021-10-26 18:25:00,BLCM
1.96,1.99,1.96,1.99,5219,2021-10-26 18:30:00,BLCM
1.98,2.0,1.98,2.0,6951,2021-10-26 18:35:00,BLCM
1.9999,1.9999,1.99,1.99,450,2021-10-26 18:40:00,BLCM
1.99,2.0,1.99,2.0,300,2021-10-26 18:45:00,BLCM
1.99,1.99,1.99,1.99,100,2021-10-26 18:50:00,BLCM
1.995,1.995,1.9919,1.9919,200,2021-10-26 19:00:00,BLCM
2.0,2.0,1.99,1.995,6973,2021-10-26 19:05:00,BLCM
2.0,2.0,1.99,2.0,1200,2021-10-26 19:10:00,BLCM
1.995,2.0,1.991,1.995,3650,2021-10-26 19:15:00,BLCM
1.99,1.99,1.99,1.99,100,2021-10-26 19:25:00,BLCM
1.99,1.99,1.99,1.99,1096,2021-10-26 19:30:00,BLCM
1.9812,1.9812,1.9812,1.9812,500,2021-10-26 19:40:00,BLCM
1.99,1.99,1.98,1.99,10500,2021-10-26 19:45:00,BLCM
1.98,2.0,1.97,2.0,4800,2021-10-26 19:50:00,BLCM
2.0,2.0,1.98,1.99,1826,2021-10-26 19:55:00,BLCM
1.99,1.99,1.99,1.99,365,2021-10-26 20:00:00,BLCM
1.99,1.99,1.99,1.99,100,2021-10-26 22:25:00,BLCM
2.0,2.0,2.0,2.0,500,2021-10-27 12:55:00,BLCM
1.99,1.99,1.99,1.99,153,2021-10-27 13:00:00,BLCM
1.99,2.0,1.99,2.0,200,2021-10-27 13:15:00,BLCM
1.99,2.0,1.99,2.0,1251,2021-10-27 13:25:00,BLCM
2.01,2.04,2.0061,2.04,8356,2021-10-27 13:30:00,BLCM
2.02,2.02,2.02,2.02,500,2021-10-27 13:35:00,BLCM
2.01,2.01,2.0,2.01,1398,2021-10-27 13:40:00,BLCM
2.01,2.02,2.0,2.0,1603,2021-10-27 13:50:00,BLCM
2.02,2.02,2.0,2.02,2080,2021-10-27 13:55:00,BLCM
2.01,2.01,2.01,2.01,700,2021-10-27 14:00:00,BLCM
2.01,2.01,2.01,2.01,1500,2021-10-27 14:05:00,BLCM
2.02,2.1,2.015,2.1,42658,2021-10-27 14:10:00,BLCM
2.08,2.12,2.07,2.07,21505,2021-10-27 14:15:00,BLCM
2.035,2.0376,2.035,2.0376,200,2021-10-27 14:20:00,BLCM
2.01,2.04,2.01,2.025,677,2021-10-27 14:25:00,BLCM
2.0154,2.02,2.0154,2.02,404,2021-10-27 14:30:00,BLCM
2.025,2.025,2.025,2.025,1000,2021-10-27 14:35:00,BLCM
2.01,2.04,2.01,2.04,4699,2021-10-27 14:40:00,BLCM
2.0171,2.04,2.0171,2.04,601,2021-10-27 14:45:00,BLCM
2.03,2.03,2.01,2.012,3700,2021-10-27 14:55:00,BLCM
2.04,2.04,2.0245,2.0245,840,2021-10-27 15:00:00,BLCM
2.0261,2.03,2.0261,2.03,9885,2021-10-27 15:10:00,BLCM
2.01,2.0127,2.01,2.0127,300,2021-10-27 15:15:00,BLCM
2.01,2.01,2.005,2.01,2639,2021-10-27 15:20:00,BLCM
2.01,2.04,2.01,2.03,1600,2021-10-27 15:25:00,BLCM
2.0,2.01,2.0,2.002,6400,2021-10-27 15:35:00,BLCM
2.05,2.06,2.03,2.03,1688,2021-10-27 15:55:00,BLCM
2.03,2.04,2.03,2.03,500,2021-10-27 16:00:00,BLCM
2.0185,2.03,2.01,2.03,5100,2021-10-27 16:05:00,BLCM
2.03,2.03,2.02,2.03,5000,2021-10-27 16:10:00,BLCM
2.05,2.05,2.05,2.05,600,2021-10-27 16:20:00,BLCM
2.05,2.06,2.05,2.05,850,2021-10-27 16:25:00,BLCM
2.0252,2.06,2.0252,2.0597,1503,2021-10-27 16:30:00,BLCM
2.03,2.03,2.02,2.02,1200,2021-10-27 16:35:00,BLCM
2.0443,2.0443,2.0443,2.0443,125,2021-10-27 16:45:00,BLCM
2.03,2.035,2.0205,2.0205,2507,2021-10-27 16:50:00,BLCM
2.04,2.04,2.03,2.03,3792,2021-10-27 16:55:00,BLCM
2.0201,2.03,2.0201,2.03,900,2021-10-27 17:00:00,BLCM
2.02,2.03,2.02,2.03,4300,2021-10-27 17:05:00,BLCM
2.03,2.03,2.02,2.02,700,2021-10-27 17:10:00,BLCM
2.02,2.02,2.01,2.01,5000,2021-10-27 17:15:00,BLCM
2.01,2.01,2.01,2.01,600,2021-10-27 17:20:00,BLCM
2.01,2.0117,1.98,2.0017,33818,2021-10-27 17:25:00,BLCM
1.98,1.99,1.98,1.99,800,2021-10-27 17:30:00,BLCM
2.0,2.0,1.98,1.99,1700,2021-10-27 17:35:00,BLCM
2.001,2.01,1.989,2.0,6575,2021-10-27 17:40:00,BLCM
1.98,1.99,1.98,1.99,800,2021-10-27 17:45:00,BLCM
1.99,1.99,1.98,1.98,700,2021-10-27 17:50:00,BLCM
2.0,2.0,2.0,2.0,200,2021-10-27 17:55:00,BLCM
1.99,1.99,1.98,1.99,1346,2021-10-27 18:00:00,BLCM
2.0,2.0,2.0,2.0,100,2021-10-27 18:05:00,BLCM
2.0,2.0,1.98,1.99,1800,2021-10-27 18:10:00,BLCM
2.0,2.0,2.0,2.0,266,2021-10-27 18:15:00,BLCM
1.98,1.99,1.98,1.99,1500,2021-10-27 18:20:00,BLCM
1.98,1.99,1.98,1.99,1223,2021-10-27 18:25:00,BLCM
1.99,2.0,1.99,1.99,700,2021-10-27 18:30:00,BLCM
1.985,1.99,1.98,1.99,2948,2021-10-27 18:35:00,BLCM
1.98,1.99,1.95,1.99,7592,2021-10-27 18:40:00,BLCM
1.98,1.99,1.975,1.98,1550,2021-10-27 18:45:00,BLCM
1.9801,2.0,1.98,1.98,11400,2021-10-27 18:50:00,BLCM
1.97,2.0,1.97,2.0,12900,2021-10-27 18:55:00,BLCM
1.98,1.99,1.98,1.9802,767,2021-10-27 19:00:00,BLCM
1.98,1.99,1.98,1.99,800,2021-10-27 19:05:00,BLCM
2.01,2.01,1.97,1.98,3666,2021-10-27 19:10:00,BLCM
1.97,2.0,1.97,1.98,3241,2021-10-27 19:15:00,BLCM
1.97,1.98,1.97,1.97,690,2021-10-27 19:20:00,BLCM
1.9798,1.98,1.9798,1.98,644,2021-10-27 19:25:00,BLCM
1.97,1.98,1.97,1.97,900,2021-10-27 19:30:00,BLCM
1.98,2.0,1.9705,2.0,1766,2021-10-27 19:35:00,BLCM
1.9941,2.0,1.98,2.0,700,2021-10-27 19:40:00,BLCM
2.01,2.01,1.98,1.99,760,2021-10-27 19:45:00,BLCM
1.99,2.0,1.99,1.99,2028,2021-10-27 19:50:00,BLCM
1.98,2.02,1.98,2.02,1075,2021-10-27 19:55:00,BLCM
2.02,2.02,2.02,2.02,2480,2021-10-27 20:00:00,BLCM
2.02,2.02,2.02,2.02,250,2021-10-28 13:10:00,BLCM
2.02,2.02,2.02,2.02,100,2021-10-28 13:15:00,BLCM
2.02,2.02,2.02,2.02,250,2021-10-28 13:25:00,BLCM
2.02,2.02,1.98,1.9841,3251,2021-10-28 13:30:00,BLCM
2.0436,2.0436,2.0101,2.0101,2250,2021-10-28 13:35:00,BLCM
2.015,2.02,2.01,2.01,1500,2021-10-28 13:40:00,BLCM
2.04,2.09,2.04,2.0885,20185,2021-10-28 13:45:00,BLCM
2.025,2.07,2.0243,2.04,5960,2021-10-28 13:55:00,BLCM
2.04,2.06,2.02,2.02,2820,2021-10-28 14:00:00,BLCM
2.03,2.03,2.02,2.03,1732,2021-10-28 14:05:00,BLCM
2.02,2.02,2.02,2.02,500,2021-10-28 14:10:00,BLCM
2.0395,2.0395,2.0395,2.0395,250,2021-10-28 14:15:00,BLCM
2.03,2.0384,2.03,2.0384,600,2021-10-28 14:55:00,BLCM
2.04,2.04,2.04,2.04,100,2021-10-28 15:05:00,BLCM
2.03,2.03,2.02,2.02,2850,2021-10-28 15:15:00,BLCM
2.02,2.02,2.0102,2.02,3300,2021-10-28 15:20:00,BLCM
2.02,2.02,2.01,2.01,800,2021-10-28 15:25:00,BLCM
2.0,2.01,2.0,2.01,300,2021-10-28 15:30:00,BLCM
2.0,2.0,2.0,2.0,100,2021-10-28 15:35:00,BLCM
2.02,2.02,2.0,2.0,1500,2021-10-28 15:40:00,BLCM
2.0031,2.01,2.0,2.01,1800,2021-10-28 15:45:00,BLCM
2.0,2.0,2.0,2.0,400,2021-10-28 15:50:00,BLCM
2.0,2.0,2.0,2.0,500,2021-10-28 15:55:00,BLCM
2.0,2.0,1.99,1.99,1200,2021-10-28 16:00:00,BLCM
1.9958,2.0,1.99,2.0,532,2021-10-28 16:05:00,BLCM
2.01,2.01,2.01,2.01,301,2021-10-28 16:10:00,BLCM
2.0,2.0,2.0,2.0,200,2021-10-28 16:15:00,BLCM
2.01,2.01,2.0,2.0,1700,2021-10-28 16:20:00,BLCM
2.0,2.015,2.0,2.0,3066,2021-10-28 16:30:00,BLCM
2.005,2.01,2.0,2.01,2200,2021-10-28 16:35:00,BLCM
2.0,2.0,2.0,2.0,500,2021-10-28 16:40:00,BLCM
2.0001,2.0018,2.0,2.0,700,2021-10-28 16:45:00,BLCM
2.011,2.0255,2.0,2.0255,407,2021-10-28 16:50:00,BLCM
2.0,2.0,2.0,2.0,1900,2021-10-28 16:55:00,BLCM
2.0,2.0,1.99,1.99,15161,2021-10-28 17:00:00,BLCM
1.99,2.0,1.99,2.0,7500,2021-10-28 17:05:00,BLCM
2.0,2.0,2.0,2.0,200,2021-10-28 17:10:00,BLCM
2.015,2.015,2.0,2.0,3400,2021-10-28 17:15:00,BLCM
1.99,2.0098,1.99,1.9985,10500,2021-10-28 17:20:00,BLCM
1.99,1.99,1.99,1.99,718,2021-10-28 17:25:00,BLCM
2.01,2.01,1.9935,1.9935,300,2021-10-28 17:30:00,BLCM
1.9951,2.0092,1.9902,1.9902,2100,2021-10-28 17:35:00,BLCM
2.0218,2.03,1.99,2.03,5782,2021-10-28 17:40:00,BLCM
2.025,2.025,2.0002,2.0002,4000,2021-10-28 17:45:00,BLCM
2.0365,2.0365,2.01,2.01,1809,2021-10-28 17:50:00,BLCM
2.02,2.04,2.02,2.0398,6100,2021-10-28 18:00:00,BLCM
2.025,2.025,2.02,2.02,1000,2021-10-28 18:05:00,BLCM
2.025,2.03,2.02,2.02,17366,2021-10-28 18:15:00,BLCM
2.02,2.02,2.02,2.02,100,2021-10-28 18:20:00,BLCM
2.02,2.025,2.0032,2.0032,2700,2021-10-28 18:25:00,BLCM
2.0,2.0283,2.0,2.0,1895,2021-10-28 18:30:00,BLCM
2.01,2.01,2.0099,2.0099,800,2021-10-28 18:35:00,BLCM
2.01,2.02,2.01,2.01,1384,2021-10-28 18:40:00,BLCM
2.0,2.01,2.0,2.01,800,2021-10-28 18:45:00,BLCM
2.015,2.015,2.01,2.01,1600,2021-10-28 18:50:00,BLCM
2.01,2.02,2.01,2.02,400,2021-10-28 18:55:00,BLCM
2.01,2.01,2.01,2.01,100,2021-10-28 19:00:00,BLCM
2.01,2.01,2.01,2.01,800,2021-10-28 19:05:00,BLCM
2.01,2.01,2.01,2.01,1000,2021-10-28 19:10:00,BLCM
2.02,2.02,2.02,2.02,300,2021-10-28 19:15:00,BLCM
2.02,2.03,2.0,2.03,1200,2021-10-28 19:20:00,BLCM
2.0,2.01,2.0,2.01,800,2021-10-28 19:25:00,BLCM
2.01,2.03,2.01,2.01,600,2021-10-28 19:30:00,BLCM
2.02,2.025,2.0,2.0,19367,2021-10-28 19:35:00,BLCM
2.025,2.025,2.0,2.0,317,2021-10-28 19:40:00,BLCM
2.01,2.02,2.0,2.0,1100,2021-10-28 19:45:00,BLCM
2.02,2.02,2.01,2.01,300,2021-10-28 19:50:00,BLCM
2.01,2.05,2.01,2.05,1068,2021-10-28 19:55:00,BLCM
2.04,2.04,2.04,2.04,151,2021-10-28 20:00:00,BLCM
1.96,1.96,1.96,1.96,144,2021-10-29 12:15:00,BLCM
2.04,2.04,2.03,2.04,19916,2021-10-29 13:30:00,BLCM
2.0799,2.0799,2.0799,2.0799,777,2021-10-29 13:50:00,BLCM
2.0082,2.0082,2.0082,2.0082,800,2021-10-29 13:55:00,BLCM
2.0628,2.0628,2.02,2.02,400,2021-10-29 14:00:00,BLCM
2.04,2.04,2.04,2.04,200,2021-10-29 14:05:00,BLCM
2.0001,2.0001,2.0001,2.0001,200,2021-10-29 14:10:00,BLCM
2.0,2.0,2.0,2.0,500,2021-10-29 14:15:00,BLCM
2.0631,2.0631,2.0631,2.0631,500,2021-10-29 14:25:00,BLCM
2.05,2.05,2.05,2.05,100,2021-10-29 14:35:00,BLCM
2.027,2.027,2.027,2.027,500,2021-10-29 14:45:00,BLCM
2.0,2.015,2.0,2.0,5300,2021-10-29 14:55:00,BLCM
2.02,2.02,1.97,1.97,14012,2021-10-29 15:00:00,BLCM
1.98,1.98,1.98,1.98,100,2021-10-29 15:05:00,BLCM
2.0,2.01,2.0,2.01,9996,2021-10-29 15:10:00,BLCM
1.97,2.01,1.97,2.01,200,2021-10-29 15:15:00,BLCM
1.98,2.0,1.98,2.0,2200,2021-10-29 15:20:00,BLCM
2.0099,2.0099,2.0,2.0,278,2021-10-29 15:25:00,BLCM
2.01,2.04,2.0073,2.0299,2887,2021-10-29 15:35:00,BLCM
2.015,2.015,2.015,2.015,165,2021-10-29 15:40:00,BLCM
2.0298,2.0298,2.0298,2.0298,250,2021-10-29 15:50:00,BLCM
2.04,2.06,2.04,2.05,14320,2021-10-29 16:50:00,BLCM
2.05,2.051,2.05,2.051,4701,2021-10-29 16:55:00,BLCM
2.01,2.01,2.01,2.01,100,2021-10-29 17:05:00,BLCM
2.0427,2.0427,2.01,2.01,2300,2021-10-29 17:10:00,BLCM
2.02,2.02,2.02,2.02,301,2021-10-29 17:20:00,BLCM
2.03,2.04,2.03,2.031,400,2021-10-29 17:30:00,BLCM
2.0,2.0,2.0,2.0,300,2021-10-29 17:40:00,BLCM
2.0001,2.0185,2.0001,2.0185,920,2021-10-29 18:15:00,BLCM
2.02,2.02,2.02,2.02,100,2021-10-29 19:00:00,BLCM
2.0016,2.02,2.0016,2.02,5050,2021-10-29 19:05:00,BLCM
2.02,2.02,2.0002,2.02,8523,2021-10-29 19:10:00,BLCM
2.025,2.025,2.025,2.025,100,2021-10-29 19:15:00,BLCM
2.025,2.025,2.025,2.025,100,2021-10-29 19:20:00,BLCM
2.025,2.025,2.025,2.025,100,2021-10-29 19:40:00,BLCM
2.02,2.025,2.02,2.025,200,2021-10-29 19:45:00,BLCM
2.025,2.025,2.025,2.025,100,2021-10-29 19:50:00,BLCM
2.03,2.04,2.02,2.04,1276,2021-10-29 19:55:00,BLCM
2.03,2.03,2.03,2.03,426,2021-10-29 20:00:00,BLCM
2.07,2.07,2.07,2.07,124,2021-10-29 21:25:00,BLCM
2.07,2.07,2.07,2.07,225,2021-10-29 21:50:00,BLCM
2.07,2.07,2.07,2.07,400,2021-10-29 22:25:00,BLCM
