open,high,low,close,volume,datetime,symbol
7.82,7.85,7.8,7.8,2924,2021-10-01 13:30:00,FTCI
7.83,7.87,7.78,7.78,1646,2021-10-01 13:35:00,FTCI
7.805,7.805,7.76,7.76,1600,2021-10-01 13:40:00,FTCI
7.76,7.86,7.72,7.83,12013,2021-10-01 13:45:00,FTCI
7.81,7.88,7.78,7.78,5050,2021-10-01 13:50:00,FTCI
7.8082,7.81,7.73,7.735,2350,2021-10-01 13:55:00,FTCI
7.76,7.87,7.76,7.82,2402,2021-10-01 14:00:00,FTCI
7.79,7.8,7.74,7.75,2927,2021-10-01 14:05:00,FTCI
7.72,7.76,7.72,7.75,1753,2021-10-01 14:10:00,FTCI
7.73,7.73,7.68,7.68,700,2021-10-01 14:15:00,FTCI
7.71,7.77,7.71,7.73,4480,2021-10-01 14:20:00,FTCI
7.71,7.75,7.71,7.75,591,2021-10-01 14:25:00,FTCI
7.77,7.82,7.77,7.795,3264,2021-10-01 14:30:00,FTCI
7.78,7.82,7.765,7.79,4803,2021-10-01 14:35:00,FTCI
7.81,7.82,7.79,7.8,1822,2021-10-01 14:40:00,FTCI
7.82,7.82,7.77,7.79,3400,2021-10-01 14:45:00,FTCI
7.795,7.8,7.78,7.8,1197,2021-10-01 14:50:00,FTCI
7.82,7.84,7.75,7.77,6389,2021-10-01 14:55:00,FTCI
7.76,7.77,7.74,7.77,598,2021-10-01 15:00:00,FTCI
7.78,7.79,7.76,7.78,2424,2021-10-01 15:05:00,FTCI
7.79,7.81,7.78,7.81,3484,2021-10-01 15:10:00,FTCI
7.82,7.86,7.74,7.78,8263,2021-10-01 15:15:00,FTCI
7.8,7.82,7.78,7.8,3725,2021-10-01 15:25:00,FTCI
7.8,7.82,7.78,7.79,3757,2021-10-01 15:30:00,FTCI
7.81,7.81,7.795,7.795,500,2021-10-01 15:35:00,FTCI
7.81,7.81,7.76,7.77,4464,2021-10-01 15:40:00,FTCI
7.76,7.76,7.72,7.75,2013,2021-10-01 15:45:00,FTCI
7.765,7.79,7.765,7.775,3100,2021-10-01 15:50:00,FTCI
7.76,7.79,7.72,7.74,3276,2021-10-01 15:55:00,FTCI
7.75,7.75,7.68,7.7,3677,2021-10-01 16:00:00,FTCI
7.695,7.72,7.66,7.66,8803,2021-10-01 16:05:00,FTCI
7.66,7.69,7.6,7.645,11583,2021-10-01 16:10:00,FTCI
7.645,7.66,7.61,7.63,5021,2021-10-01 16:15:00,FTCI
7.63,7.64,7.6,7.615,4207,2021-10-01 16:20:00,FTCI
7.6026,7.62,7.6,7.61,3300,2021-10-01 16:25:00,FTCI
7.62,7.63,7.55,7.57,6374,2021-10-01 16:30:00,FTCI
7.565,7.565,7.51,7.56,5452,2021-10-01 16:35:00,FTCI
7.56,7.56,7.52,7.54,2047,2021-10-01 16:40:00,FTCI
7.55,7.6,7.55,7.58,2110,2021-10-01 16:45:00,FTCI
7.59,7.62,7.58,7.61,3148,2021-10-01 16:50:00,FTCI
7.62,7.62,7.6,7.61,3762,2021-10-01 16:55:00,FTCI
7.6,7.64,7.6,7.63,6037,2021-10-01 17:00:00,FTCI
7.63,7.64,7.62,7.6328,1800,2021-10-01 17:05:00,FTCI
7.64,7.64,7.62,7.63,1946,2021-10-01 17:10:00,FTCI
7.64,7.64,7.61,7.61,2400,2021-10-01 17:15:00,FTCI
7.61,7.63,7.61,7.63,1300,2021-10-01 17:20:00,FTCI
7.63,7.65,7.62,7.62,1900,2021-10-01 17:25:00,FTCI
7.62,7.64,7.62,7.64,600,2021-10-01 17:30:00,FTCI
7.65,7.655,7.64,7.64,6130,2021-10-01 17:35:00,FTCI
7.66,7.66,7.61,7.61,2726,2021-10-01 17:40:00,FTCI
7.615,7.63,7.615,7.63,1673,2021-10-01 17:45:00,FTCI
7.625,7.625,7.57,7.57,2845,2021-10-01 17:50:00,FTCI
7.56,7.6,7.56,7.6,3750,2021-10-01 17:55:00,FTCI
7.58,7.595,7.57,7.57,1509,2021-10-01 18:00:00,FTCI
7.58,7.6,7.575,7.58,2720,2021-10-01 18:05:00,FTCI
7.58,7.58,7.56,7.57,3379,2021-10-01 18:10:00,FTCI
7.565,7.575,7.56,7.565,1200,2021-10-01 18:15:00,FTCI
7.57,7.575,7.55,7.56,4075,2021-10-01 18:20:00,FTCI
7.57,7.595,7.57,7.59,5564,2021-10-01 18:25:00,FTCI
7.6,7.6,7.58,7.58,3709,2021-10-01 18:30:00,FTCI
7.59,7.59,7.57,7.57,2691,2021-10-01 18:35:00,FTCI
7.57,7.58,7.555,7.555,3840,2021-10-01 18:40:00,FTCI
7.55,7.57,7.55,7.56,4400,2021-10-01 18:45:00,FTCI
7.56,7.57,7.56,7.565,3645,2021-10-01 18:50:00,FTCI
7.56,7.58,7.56,7.58,2550,2021-10-01 18:55:00,FTCI
7.59,7.59,7.55,7.565,2538,2021-10-01 19:00:00,FTCI
7.565,7.5696,7.55,7.56,5150,2021-10-01 19:05:00,FTCI
7.56,7.56,7.55,7.56,3058,2021-10-01 19:10:00,FTCI
7.56,7.58,7.56,7.58,5157,2021-10-01 19:15:00,FTCI
7.59,7.63,7.59,7.63,4729,2021-10-01 19:20:00,FTCI
7.63,7.63,7.59,7.59,3350,2021-10-01 19:25:00,FTCI
7.59,7.59,7.56,7.58,6193,2021-10-01 19:30:00,FTCI
7.59,7.59,7.57,7.57,4557,2021-10-01 19:35:00,FTCI
7.58,7.61,7.58,7.605,12774,2021-10-01 19:40:00,FTCI
7.6,7.62,7.58,7.61,9178,2021-10-01 19:45:00,FTCI
7.61,7.65,7.61,7.64,14369,2021-10-01 19:50:00,FTCI
7.64,7.66,7.62,7.62,47592,2021-10-01 19:55:00,FTCI
7.62,7.62,7.62,7.62,47355,2021-10-01 20:00:00,FTCI
7.73,7.73,7.66,7.66,2506,2021-10-01 21:10:00,FTCI
7.66,7.66,7.66,7.66,104,2021-10-01 21:15:00,FTCI
7.57,7.6,7.57,7.6,299,2021-10-01 21:20:00,FTCI
7.789,7.789,7.789,7.789,100,2021-10-04 12:35:00,FTCI
7.7,7.7,7.7,7.7,100,2021-10-04 13:15:00,FTCI
7.7,7.7,7.7,7.7,199,2021-10-04 13:25:00,FTCI
7.64,7.67,7.42,7.44,17838,2021-10-04 13:30:00,FTCI
7.45,7.45,7.38,7.38,2869,2021-10-04 13:35:00,FTCI
7.35,7.43,7.35,7.39,1649,2021-10-04 13:40:00,FTCI
7.36,7.37,7.32,7.33,3205,2021-10-04 13:45:00,FTCI
7.36,7.36,7.26,7.34,3085,2021-10-04 13:50:00,FTCI
7.38,7.38,7.38,7.38,100,2021-10-04 13:55:00,FTCI
7.38,7.38,7.22,7.24,7686,2021-10-04 14:00:00,FTCI
7.245,7.27,7.19,7.2,8461,2021-10-04 14:05:00,FTCI
7.17,7.2224,7.17,7.2224,1370,2021-10-04 14:10:00,FTCI
7.2,7.2,7.12,7.15,3000,2021-10-04 14:15:00,FTCI
7.14,7.1734,7.14,7.15,1462,2021-10-04 14:20:00,FTCI
7.15,7.15,7.1,7.1,894,2021-10-04 14:25:00,FTCI
7.08,7.18,7.07,7.13,5509,2021-10-04 14:30:00,FTCI
7.14,7.14,7.1001,7.1001,4437,2021-10-04 14:35:00,FTCI
7.14,7.14,7.04,7.08,10079,2021-10-04 14:40:00,FTCI
7.07,7.08,7.05,7.06,4559,2021-10-04 14:45:00,FTCI
7.08,7.09,7.02,7.03,7169,2021-10-04 14:50:00,FTCI
7.04,7.09,7.03,7.04,3918,2021-10-04 14:55:00,FTCI
7.06,7.06,7.015,7.02,3604,2021-10-04 15:00:00,FTCI
7.02,7.02,6.98,6.98,5410,2021-10-04 15:05:00,FTCI
6.99,7.02,6.99,7.02,8355,2021-10-04 15:10:00,FTCI
7.0,7.01,6.99,6.99,2440,2021-10-04 15:15:00,FTCI
7.0,7.01,6.97,6.97,2444,2021-10-04 15:20:00,FTCI
6.96,6.97,6.915,6.97,9457,2021-10-04 15:25:00,FTCI
6.951,6.96,6.94,6.94,1400,2021-10-04 15:30:00,FTCI
6.94,6.94,6.89,6.89,1991,2021-10-04 15:35:00,FTCI
6.9,6.93,6.89,6.92,2727,2021-10-04 15:40:00,FTCI
6.88,6.88,6.86,6.86,600,2021-10-04 15:45:00,FTCI
6.88,6.9,6.85,6.885,5670,2021-10-04 15:50:00,FTCI
6.88,6.8977,6.88,6.88,445,2021-10-04 15:55:00,FTCI
6.88,6.88,6.88,6.88,100,2021-10-04 16:00:00,FTCI
6.88,6.88,6.87,6.87,2115,2021-10-04 16:05:00,FTCI
6.89,6.9144,6.89,6.9144,4384,2021-10-04 16:10:00,FTCI
6.9,6.9,6.88,6.88,3106,2021-10-04 16:15:00,FTCI
6.875,6.875,6.855,6.855,500,2021-10-04 16:20:00,FTCI
6.8594,6.8597,6.7401,6.83,31717,2021-10-04 16:25:00,FTCI
6.8434,6.8434,6.82,6.82,1769,2021-10-04 16:30:00,FTCI
6.8191,6.8478,6.81,6.845,8115,2021-10-04 16:35:00,FTCI
6.835,6.85,6.83,6.845,9923,2021-10-04 16:40:00,FTCI
6.84,6.85,6.835,6.85,1697,2021-10-04 16:45:00,FTCI
6.85,6.85,6.84,6.84,2050,2021-10-04 16:50:00,FTCI
6.8381,6.84,6.8381,6.8385,2993,2021-10-04 16:55:00,FTCI
6.84,6.88,6.835,6.87,7795,2021-10-04 17:00:00,FTCI
6.875,6.9,6.875,6.9,16906,2021-10-04 17:05:00,FTCI
6.9,6.91,6.89,6.8975,2940,2021-10-04 17:10:00,FTCI
6.89,6.9,6.89,6.89,578,2021-10-04 17:15:00,FTCI
6.9068,6.91,6.89,6.9,3189,2021-10-04 17:20:00,FTCI
6.91,6.915,6.905,6.905,4157,2021-10-04 17:25:00,FTCI
6.91,6.91,6.88,6.88,7511,2021-10-04 17:30:00,FTCI
6.89,6.89,6.88,6.89,1500,2021-10-04 17:35:00,FTCI
6.88,6.88,6.85,6.88,6222,2021-10-04 17:40:00,FTCI
6.86,6.88,6.86,6.88,326,2021-10-04 17:45:00,FTCI
6.87,6.91,6.85,6.91,28980,2021-10-04 17:50:00,FTCI
6.9068,6.91,6.9,6.91,2623,2021-10-04 17:55:00,FTCI
6.9,6.91,6.88,6.88,2948,2021-10-04 18:00:00,FTCI
6.85,6.87,6.84,6.85,2898,2021-10-04 18:05:00,FTCI
6.885,6.89,6.87,6.88,6000,2021-10-04 18:10:00,FTCI
6.89,6.89,6.855,6.855,1858,2021-10-04 18:15:00,FTCI
6.87,6.91,6.865,6.87,4476,2021-10-04 18:20:00,FTCI
6.88,6.9,6.865,6.89,7149,2021-10-04 18:25:00,FTCI
6.9,6.9,6.89,6.9,16093,2021-10-04 18:30:00,FTCI
6.895,6.905,6.89,6.9,17300,2021-10-04 18:35:00,FTCI
6.89,6.89,6.89,6.89,500,2021-10-04 18:40:00,FTCI
6.89,6.89,6.86,6.885,6633,2021-10-04 18:45:00,FTCI
6.87,6.95,6.85,6.9399,69464,2021-10-04 18:50:00,FTCI
6.92,7.04,6.91,7.02,119042,2021-10-04 18:55:00,FTCI
7.025,7.08,7.005,7.07,80288,2021-10-04 19:00:00,FTCI
7.05,7.08,6.97,6.98,210215,2021-10-04 19:05:00,FTCI
7.01,7.02,6.95,6.98,177691,2021-10-04 19:10:00,FTCI
6.99,7.01,6.9,6.905,90293,2021-10-04 19:15:00,FTCI
6.905,6.94,6.85,6.92,65911,2021-10-04 19:20:00,FTCI
6.92,6.94,6.85,6.88,64843,2021-10-04 19:25:00,FTCI
6.87,6.89,6.85,6.85,130829,2021-10-04 19:30:00,FTCI
6.85,6.86,6.85,6.855,12794,2021-10-04 19:35:00,FTCI
6.85,6.855,6.78,6.8,51623,2021-10-04 19:40:00,FTCI
6.79,6.79,6.78,6.79,17079,2021-10-04 19:45:00,FTCI
6.78,6.82,6.63,6.79,107157,2021-10-04 19:50:00,FTCI
6.8,6.83,6.78,6.8,28588,2021-10-04 19:55:00,FTCI
6.81,6.81,6.81,6.81,130612,2021-10-04 20:00:00,FTCI
6.9,7.04,6.9,7.04,66961,2021-10-04 20:10:00,FTCI
6.9,6.9,6.9,6.9,141,2021-10-04 22:55:00,FTCI
6.96,7.0,6.76,6.76,15562,2021-10-05 13:30:00,FTCI
6.77,6.87,6.77,6.82,5008,2021-10-05 13:35:00,FTCI
6.865,6.865,6.81,6.818,2403,2021-10-05 13:40:00,FTCI
6.82,6.84,6.76,6.81,12167,2021-10-05 13:45:00,FTCI
6.81,6.87,6.8,6.84,4900,2021-10-05 13:50:00,FTCI
6.82,6.8248,6.8,6.805,2427,2021-10-05 13:55:00,FTCI
6.805,6.82,6.8001,6.81,2218,2021-10-05 14:00:00,FTCI
6.81,6.84,6.81,6.84,4201,2021-10-05 14:05:00,FTCI
6.84,6.89,6.84,6.89,5829,2021-10-05 14:10:00,FTCI
6.9,6.93,6.88,6.89,4340,2021-10-05 14:15:00,FTCI
6.87,6.87,6.85,6.86,700,2021-10-05 14:20:00,FTCI
6.86,6.88,6.86,6.87,3968,2021-10-05 14:25:00,FTCI
6.88,6.91,6.88,6.88,3581,2021-10-05 14:30:00,FTCI
6.88,6.88,6.87,6.875,1000,2021-10-05 14:35:00,FTCI
6.88,6.8875,6.875,6.8875,2398,2021-10-05 14:40:00,FTCI
6.88,6.88,6.8701,6.88,900,2021-10-05 14:45:00,FTCI
6.88,6.88,6.86,6.8678,4048,2021-10-05 14:50:00,FTCI
6.86,6.86,6.855,6.86,1000,2021-10-05 14:55:00,FTCI
6.86,6.86,6.855,6.86,1217,2021-10-05 15:00:00,FTCI
6.8777,6.9,6.87,6.89,1554,2021-10-05 15:05:00,FTCI
6.89,6.89,6.8701,6.88,2100,2021-10-05 15:10:00,FTCI
6.87,6.87,6.86,6.86,1200,2021-10-05 15:15:00,FTCI
6.86,6.86,6.83,6.83,1655,2021-10-05 15:20:00,FTCI
6.82,6.82,6.77,6.77,3438,2021-10-05 15:30:00,FTCI
6.77,6.81,6.77,6.79,3011,2021-10-05 15:35:00,FTCI
6.7919,6.7919,6.7609,6.7609,6430,2021-10-05 15:40:00,FTCI
6.75,6.75,6.68,6.68,30979,2021-10-05 15:45:00,FTCI
6.68,6.68,6.65,6.65,1430,2021-10-05 15:50:00,FTCI
6.65,6.65,6.62,6.63,9498,2021-10-05 15:55:00,FTCI
6.6201,6.63,6.6201,6.625,1400,2021-10-05 16:00:00,FTCI
6.6299,6.63,6.625,6.625,300,2021-10-05 16:05:00,FTCI
6.62,6.62,6.62,6.62,599,2021-10-05 16:10:00,FTCI
6.6247,6.625,6.6247,6.625,200,2021-10-05 16:15:00,FTCI
6.6267,6.6267,6.6,6.605,2645,2021-10-05 16:20:00,FTCI
6.6,6.61,6.6,6.61,1650,2021-10-05 16:25:00,FTCI
6.605,6.61,6.605,6.605,1360,2021-10-05 16:30:00,FTCI
6.6,6.6,6.567,6.567,1450,2021-10-05 16:35:00,FTCI
6.5601,6.5601,6.5601,6.5601,100,2021-10-05 16:40:00,FTCI
6.561,6.565,6.535,6.535,2645,2021-10-05 16:45:00,FTCI
6.5397,6.5399,6.5391,6.5391,1160,2021-10-05 16:50:00,FTCI
6.535,6.535,6.52,6.52,1693,2021-10-05 16:55:00,FTCI
6.5187,6.52,6.445,6.445,7338,2021-10-05 17:00:00,FTCI
6.45,6.53,6.4425,6.525,23443,2021-10-05 17:05:00,FTCI
6.525,6.525,6.475,6.4962,13504,2021-10-05 17:10:00,FTCI
6.49,6.5,6.4501,6.49,7682,2021-10-05 17:15:00,FTCI
6.4999,6.58,6.495,6.5501,20440,2021-10-05 17:20:00,FTCI
6.58,6.67,6.5621,6.64,25766,2021-10-05 17:25:00,FTCI
6.67,6.68,6.67,6.68,54540,2021-10-05 17:30:00,FTCI
6.69,6.7,6.6,6.6,8363,2021-10-05 17:35:00,FTCI
6.585,6.585,6.585,6.585,709,2021-10-05 17:40:00,FTCI
6.585,6.585,6.54,6.57,8327,2021-10-05 17:45:00,FTCI
6.57,6.63,6.55,6.625,128195,2021-10-05 17:50:00,FTCI
6.625,6.7,6.6101,6.7,6725,2021-10-05 17:55:00,FTCI
6.69,6.7247,6.69,6.7,2112,2021-10-05 18:00:00,FTCI
6.68,6.69,6.67,6.69,2752,2021-10-05 18:05:00,FTCI
6.69,6.69,6.6779,6.6779,1400,2021-10-05 18:10:00,FTCI
6.67,6.67,6.65,6.65,833,2021-10-05 18:15:00,FTCI
6.645,6.685,6.645,6.685,4460,2021-10-05 18:25:00,FTCI
6.685,6.73,6.685,6.7,4551,2021-10-05 18:30:00,FTCI
6.705,6.71,6.69,6.69,900,2021-10-05 18:35:00,FTCI
6.695,6.695,6.68,6.685,1800,2021-10-05 18:40:00,FTCI
6.68,6.685,6.68,6.685,1200,2021-10-05 18:45:00,FTCI
6.685,6.685,6.67,6.67,1500,2021-10-05 18:50:00,FTCI
6.66,6.72,6.66,6.72,6991,2021-10-05 18:55:00,FTCI
6.72,6.74,6.72,6.74,3366,2021-10-05 19:00:00,FTCI
6.74,6.75,6.685,6.685,5844,2021-10-05 19:05:00,FTCI
6.685,6.685,6.655,6.655,1900,2021-10-05 19:10:00,FTCI
6.655,6.68,6.61,6.675,13644,2021-10-05 19:15:00,FTCI
6.675,6.71,6.675,6.7,2712,2021-10-05 19:20:00,FTCI
6.7,6.71,6.675,6.68,7385,2021-10-05 19:25:00,FTCI
6.685,6.73,6.67,6.73,13836,2021-10-05 19:30:00,FTCI
6.725,6.73,6.72,6.725,72055,2021-10-05 19:35:00,FTCI
6.73,6.73,6.705,6.715,69301,2021-10-05 19:40:00,FTCI
6.715,6.72,6.71,6.715,5346,2021-10-05 19:45:00,FTCI
6.7101,6.72,6.65,6.685,34803,2021-10-05 19:50:00,FTCI
6.685,6.7,6.68,6.69,23301,2021-10-05 19:55:00,FTCI
6.69,6.69,6.69,6.69,125564,2021-10-05 20:00:00,FTCI
6.69,6.69,6.69,6.69,10958,2021-10-05 21:40:00,FTCI
6.69,6.69,6.69,6.69,100,2021-10-06 13:00:00,FTCI
6.6,6.6,6.56,6.56,3517,2021-10-06 13:30:00,FTCI
6.61,6.68,6.49,6.51,21270,2021-10-06 13:35:00,FTCI
6.54,6.58,6.49,6.58,6846,2021-10-06 13:40:00,FTCI
6.58,6.605,6.49,6.51,7522,2021-10-06 13:45:00,FTCI
6.5,6.57,6.47,6.51,14783,2021-10-06 13:50:00,FTCI
6.5,6.51,6.47,6.5,4945,2021-10-06 13:55:00,FTCI
6.485,6.55,6.47,6.55,7989,2021-10-06 14:00:00,FTCI
6.54,6.61,6.54,6.56,11378,2021-10-06 14:05:00,FTCI
6.55,6.58,6.52,6.52,2238,2021-10-06 14:10:00,FTCI
6.5,6.53,6.48,6.505,9166,2021-10-06 14:15:00,FTCI
6.5,6.51,6.48,6.5025,8776,2021-10-06 14:20:00,FTCI
6.5,6.5099,6.45,6.48,8052,2021-10-06 14:25:00,FTCI
6.48,6.51,6.46,6.485,7556,2021-10-06 14:30:00,FTCI
6.47,6.47,6.42,6.435,9010,2021-10-06 14:35:00,FTCI
6.44,6.525,6.44,6.5,33877,2021-10-06 14:40:00,FTCI
6.495,6.575,6.495,6.575,2865,2021-10-06 14:45:00,FTCI
6.58,6.705,6.58,6.7,5881,2021-10-06 14:50:00,FTCI
6.69,6.69,6.63,6.63,2763,2021-10-06 14:55:00,FTCI
6.6315,6.655,6.63,6.65,1847,2021-10-06 15:00:00,FTCI
6.64,6.64,6.56,6.56,2969,2021-10-06 15:05:00,FTCI
6.56,6.59,6.525,6.57,6714,2021-10-06 15:10:00,FTCI
6.56,6.565,6.53,6.54,3436,2021-10-06 15:15:00,FTCI
6.53,6.535,6.515,6.515,800,2021-10-06 15:20:00,FTCI
6.51,6.552,6.5,6.53,3554,2021-10-06 15:25:00,FTCI
6.53,6.53,6.51,6.51,1117,2021-10-06 15:30:00,FTCI
6.51,6.56,6.5,6.56,3154,2021-10-06 15:35:00,FTCI
6.56,6.56,6.56,6.56,400,2021-10-06 15:40:00,FTCI
6.57,6.5799,6.54,6.55,1949,2021-10-06 15:45:00,FTCI
6.54,6.58,6.53,6.57,4809,2021-10-06 15:50:00,FTCI
6.58,6.6,6.58,6.59,458,2021-10-06 15:55:00,FTCI
6.58,6.58,6.55,6.55,2902,2021-10-06 16:00:00,FTCI
6.54,6.56,6.52,6.52,3142,2021-10-06 16:05:00,FTCI
6.515,6.54,6.51,6.54,2477,2021-10-06 16:10:00,FTCI
6.54,6.56,6.53,6.555,2120,2021-10-06 16:15:00,FTCI
6.54,6.56,6.52,6.56,2543,2021-10-06 16:20:00,FTCI
6.55,6.5674,6.53,6.535,2513,2021-10-06 16:25:00,FTCI
6.51,6.51,6.49,6.495,1300,2021-10-06 16:30:00,FTCI
6.49,6.55,6.48,6.53,20223,2021-10-06 16:35:00,FTCI
6.535,6.55,6.53,6.545,1091,2021-10-06 16:40:00,FTCI
6.54,6.54,6.51,6.52,2575,2021-10-06 16:45:00,FTCI
6.53,6.53,6.5,6.5,400,2021-10-06 16:50:00,FTCI
6.49,6.53,6.49,6.53,3335,2021-10-06 16:55:00,FTCI
6.535,6.535,6.51,6.52,2287,2021-10-06 17:00:00,FTCI
6.52,6.52,6.47,6.47,14316,2021-10-06 17:05:00,FTCI
6.48,6.51,6.47,6.51,3549,2021-10-06 17:10:00,FTCI
6.51,6.51,6.5,6.505,410,2021-10-06 17:15:00,FTCI
6.48,6.53,6.48,6.5,2950,2021-10-06 17:20:00,FTCI
6.515,6.535,6.5,6.535,9141,2021-10-06 17:25:00,FTCI
6.52,6.53,6.52,6.52,915,2021-10-06 17:30:00,FTCI
6.51,6.53,6.51,6.52,3616,2021-10-06 17:35:00,FTCI
6.52,6.52,6.515,6.515,550,2021-10-06 17:40:00,FTCI
6.52,6.55,6.51,6.545,5078,2021-10-06 17:45:00,FTCI
6.545,6.55,6.53,6.545,1922,2021-10-06 17:50:00,FTCI
6.54,6.56,6.54,6.56,1652,2021-10-06 17:55:00,FTCI
6.55,6.55,6.54,6.54,3243,2021-10-06 18:00:00,FTCI
6.54,6.54,6.525,6.535,4425,2021-10-06 18:05:00,FTCI
6.535,6.54,6.52,6.53,10944,2021-10-06 18:10:00,FTCI
6.535,6.55,6.53,6.54,10537,2021-10-06 18:15:00,FTCI
6.54,6.545,6.51,6.52,7076,2021-10-06 18:20:00,FTCI
6.525,6.56,6.525,6.54,2079,2021-10-06 18:25:00,FTCI
6.54,6.56,6.53,6.54,3431,2021-10-06 18:30:00,FTCI
6.54,6.54,6.53,6.54,1926,2021-10-06 18:35:00,FTCI
6.54,6.545,6.52,6.545,9750,2021-10-06 18:40:00,FTCI
6.545,6.545,6.525,6.53,6359,2021-10-06 18:45:00,FTCI
6.53,6.53,6.53,6.53,1409,2021-10-06 18:50:00,FTCI
6.53,6.54,6.515,6.53,8549,2021-10-06 18:55:00,FTCI
6.53,6.54,6.53,6.53,4060,2021-10-06 19:00:00,FTCI
6.5202,6.535,6.51,6.51,3834,2021-10-06 19:05:00,FTCI
6.51,6.52,6.51,6.515,8266,2021-10-06 19:10:00,FTCI
6.52,6.53,6.515,6.515,5122,2021-10-06 19:15:00,FTCI
6.515,6.515,6.505,6.51,3215,2021-10-06 19:20:00,FTCI
6.51,6.535,6.51,6.525,7389,2021-10-06 19:25:00,FTCI
6.52,6.53,6.5,6.5,1754,2021-10-06 19:30:00,FTCI
6.505,6.51,6.47,6.48,44399,2021-10-06 19:35:00,FTCI
6.48,6.48,6.47,6.47,4724,2021-10-06 19:40:00,FTCI
6.475,6.51,6.45,6.505,19612,2021-10-06 19:45:00,FTCI
6.5,6.5,6.48,6.48,5550,2021-10-06 19:50:00,FTCI
6.48,6.53,6.48,6.53,21100,2021-10-06 19:55:00,FTCI
6.51,6.51,6.51,6.51,54312,2021-10-06 20:00:00,FTCI
6.71,6.71,6.71,6.71,200,2021-10-07 11:20:00,FTCI
6.68,6.68,6.68,6.68,631,2021-10-07 13:25:00,FTCI
6.64,6.76,6.61,6.7499,13248,2021-10-07 13:30:00,FTCI
6.75,6.789,6.73,6.76,3266,2021-10-07 13:35:00,FTCI
6.789,6.84,6.75,6.8333,2061,2021-10-07 13:40:00,FTCI
6.82,6.8217,6.8,6.82,2307,2021-10-07 13:45:00,FTCI
6.88,6.93,6.85,6.91,3888,2021-10-07 13:50:00,FTCI
6.91,6.93,6.88,6.88,6484,2021-10-07 13:55:00,FTCI
6.88,6.88,6.8,6.8,7178,2021-10-07 14:00:00,FTCI
6.765,6.8,6.765,6.79,1468,2021-10-07 14:05:00,FTCI
6.81,6.83,6.8,6.81,6861,2021-10-07 14:10:00,FTCI
6.805,6.81,6.78,6.785,4873,2021-10-07 14:15:00,FTCI
6.8,6.83,6.8,6.81,55685,2021-10-07 14:20:00,FTCI
6.81,6.82,6.79,6.815,12933,2021-10-07 14:25:00,FTCI
6.82,6.95,6.82,6.95,3545,2021-10-07 14:30:00,FTCI
6.95,7.02,6.95,7.0001,7461,2021-10-07 14:35:00,FTCI
7.01,7.07,6.99,7.06,6246,2021-10-07 14:40:00,FTCI
7.06,7.06,6.99,7.0,8440,2021-10-07 14:45:00,FTCI
6.97,6.97,6.95,6.97,2150,2021-10-07 14:50:00,FTCI
6.95,6.96,6.91,6.92,5000,2021-10-07 14:55:00,FTCI
6.92,6.92,6.9,6.9,13553,2021-10-07 15:00:00,FTCI
6.9,6.91,6.895,6.9,6279,2021-10-07 15:05:00,FTCI
6.9001,6.91,6.9,6.9,4316,2021-10-07 15:10:00,FTCI
6.9,7.02,6.89,7.01,104334,2021-10-07 15:15:00,FTCI
7.01,7.02,6.96,6.96,4634,2021-10-07 15:20:00,FTCI
6.965,6.98,6.95,6.96,4090,2021-10-07 15:25:00,FTCI
6.97,6.97,6.97,6.97,1000,2021-10-07 15:30:00,FTCI
6.96,7.01,6.96,7.0,7028,2021-10-07 15:35:00,FTCI
7.0,7.0,6.99,7.0,1200,2021-10-07 15:40:00,FTCI
6.99,7.04,6.99,7.03,3010,2021-10-07 15:45:00,FTCI
7.03,7.03,7.0119,7.0119,1600,2021-10-07 15:50:00,FTCI
7.01,7.03,6.98,6.98,7336,2021-10-07 15:55:00,FTCI
6.97,6.97,6.97,6.97,1500,2021-10-07 16:00:00,FTCI
6.97,7.02,6.95,7.0,7187,2021-10-07 16:05:00,FTCI
7.01,7.01,6.98,6.98,3125,2021-10-07 16:10:00,FTCI
6.96,6.98,6.94,6.97,7699,2021-10-07 16:15:00,FTCI
6.96,6.97,6.9,6.91,89432,2021-10-07 16:20:00,FTCI
6.91,6.95,6.9,6.94,12059,2021-10-07 16:25:00,FTCI
6.9254,6.93,6.905,6.905,2634,2021-10-07 16:30:00,FTCI
6.91,6.91,6.9,6.91,2238,2021-10-07 16:35:00,FTCI
6.91,6.91,6.885,6.89,5998,2021-10-07 16:40:00,FTCI
6.89,6.9,6.89,6.9,6309,2021-10-07 16:45:00,FTCI
6.9,6.92,6.9,6.92,2500,2021-10-07 16:50:00,FTCI
6.92,6.93,6.91,6.91,2600,2021-10-07 16:55:00,FTCI
6.9,6.9,6.87,6.88,4837,2021-10-07 17:00:00,FTCI
6.89,6.93,6.882,6.92,19058,2021-10-07 17:05:00,FTCI
6.92,6.9399,6.92,6.92,3318,2021-10-07 17:10:00,FTCI
6.92,6.93,6.91,6.91,1326,2021-10-07 17:15:00,FTCI
6.92,6.93,6.92,6.92,1000,2021-10-07 17:20:00,FTCI
6.92,6.955,6.92,6.95,4901,2021-10-07 17:25:00,FTCI
6.95,6.95,6.94,6.94,3084,2021-10-07 17:30:00,FTCI
6.94,6.94,6.91,6.93,4816,2021-10-07 17:35:00,FTCI
6.925,6.94,6.92,6.934,3439,2021-10-07 17:40:00,FTCI
6.935,6.935,6.93,6.935,1700,2021-10-07 17:45:00,FTCI
6.935,6.935,6.93,6.93,1147,2021-10-07 17:50:00,FTCI
6.93,6.93,6.9,6.9,3026,2021-10-07 17:55:00,FTCI
6.915,6.93,6.88,6.89,4558,2021-10-07 18:00:00,FTCI
6.9,6.94,6.9,6.94,3708,2021-10-07 18:05:00,FTCI
6.93,6.93,6.92,6.92,2793,2021-10-07 18:10:00,FTCI
6.93,6.93,6.92,6.92,600,2021-10-07 18:15:00,FTCI
6.92,6.92,6.91,6.91,2348,2021-10-07 18:20:00,FTCI
6.9,6.91,6.89,6.91,4254,2021-10-07 18:25:00,FTCI
6.9,6.9,6.85,6.85,7040,2021-10-07 18:30:00,FTCI
6.85,6.87,6.85,6.865,4295,2021-10-07 18:35:00,FTCI
6.87,6.87,6.86,6.86,800,2021-10-07 18:40:00,FTCI
6.86,6.87,6.83,6.845,20854,2021-10-07 18:45:00,FTCI
6.845,6.85,6.84,6.8425,2100,2021-10-07 18:50:00,FTCI
6.845,6.85,6.835,6.84,7008,2021-10-07 18:55:00,FTCI
6.83,6.845,6.83,6.84,2590,2021-10-07 19:00:00,FTCI
6.85,6.85,6.835,6.835,6922,2021-10-07 19:05:00,FTCI
6.84,6.845,6.83,6.845,5132,2021-10-07 19:10:00,FTCI
6.845,6.85,6.84,6.84,4828,2021-10-07 19:15:00,FTCI
6.84,6.845,6.815,6.815,6562,2021-10-07 19:20:00,FTCI
6.815,6.84,6.815,6.84,6008,2021-10-07 19:25:00,FTCI
6.8399,6.84,6.83,6.83,7716,2021-10-07 19:30:00,FTCI
6.82,6.835,6.81,6.83,4264,2021-10-07 19:35:00,FTCI
6.83,6.84,6.815,6.82,8256,2021-10-07 19:40:00,FTCI
6.83,6.85,6.82,6.85,12049,2021-10-07 19:45:00,FTCI
6.85,6.85,6.78,6.78,23600,2021-10-07 19:50:00,FTCI
6.78,6.81,6.76,6.805,55298,2021-10-07 19:55:00,FTCI
6.81,6.81,6.81,6.81,46633,2021-10-07 20:00:00,FTCI
6.85,6.85,6.85,6.85,541,2021-10-07 20:05:00,FTCI
6.81,6.97,6.8,6.81,7744,2021-10-08 13:30:00,FTCI
6.83,6.83,6.83,6.83,650,2021-10-08 13:35:00,FTCI
6.84,6.84,6.79,6.84,10190,2021-10-08 13:40:00,FTCI
6.85,6.85,6.79,6.82,4536,2021-10-08 13:45:00,FTCI
6.82,6.82,6.79,6.795,3500,2021-10-08 13:50:00,FTCI
6.82,6.82,6.78,6.79,2200,2021-10-08 13:55:00,FTCI
6.79,6.8513,6.79,6.84,1200,2021-10-08 14:00:00,FTCI
6.85,6.85,6.8,6.8091,3111,2021-10-08 14:05:00,FTCI
6.81,6.83,6.805,6.83,1268,2021-10-08 14:10:00,FTCI
6.84,6.85,6.83,6.85,5358,2021-10-08 14:15:00,FTCI
6.836,6.836,6.8,6.81,1900,2021-10-08 14:20:00,FTCI
6.81,6.83,6.81,6.82,4300,2021-10-08 14:25:00,FTCI
6.82,6.83,6.82,6.83,893,2021-10-08 14:30:00,FTCI
6.83,6.845,6.82,6.83,5008,2021-10-08 14:35:00,FTCI
6.83,6.84,6.78,6.8,7008,2021-10-08 14:40:00,FTCI
6.8,6.81,6.75,6.75,3392,2021-10-08 14:45:00,FTCI
6.75,6.75,6.71,6.74,10539,2021-10-08 14:50:00,FTCI
6.73,6.73,6.72,6.72,1352,2021-10-08 14:55:00,FTCI
6.735,6.74,6.72,6.74,500,2021-10-08 15:00:00,FTCI
6.74,6.75,6.73,6.745,4573,2021-10-08 15:05:00,FTCI
6.74,6.74,6.695,6.695,4887,2021-10-08 15:10:00,FTCI
6.695,6.72,6.695,6.72,2084,2021-10-08 15:15:00,FTCI
6.73,6.74,6.73,6.74,4560,2021-10-08 15:20:00,FTCI
6.72,6.72,6.72,6.72,200,2021-10-08 15:25:00,FTCI
6.73,6.77,6.73,6.73,3378,2021-10-08 15:30:00,FTCI
6.73,6.74,6.71,6.71,4814,2021-10-08 15:35:00,FTCI
6.71,6.74,6.71,6.74,850,2021-10-08 15:40:00,FTCI
6.74,6.75,6.73,6.74,4709,2021-10-08 15:45:00,FTCI
6.74,6.78,6.74,6.78,1400,2021-10-08 15:50:00,FTCI
6.78,6.79,6.75,6.75,2200,2021-10-08 15:55:00,FTCI
6.77,6.77,6.7427,6.76,650,2021-10-08 16:00:00,FTCI
6.75,6.78,6.75,6.78,1700,2021-10-08 16:05:00,FTCI
6.775,6.82,6.775,6.805,10092,2021-10-08 16:10:00,FTCI
6.82,6.82,6.8,6.8,825,2021-10-08 16:15:00,FTCI
6.78,6.79,6.78,6.79,1426,2021-10-08 16:20:00,FTCI
6.8,6.82,6.79,6.79,14789,2021-10-08 16:30:00,FTCI
6.8,6.82,6.8,6.82,3562,2021-10-08 16:40:00,FTCI
6.82,6.83,6.82,6.83,300,2021-10-08 16:45:00,FTCI
6.82,6.84,6.82,6.83,1132,2021-10-08 16:50:00,FTCI
6.835,6.84,6.835,6.84,200,2021-10-08 16:55:00,FTCI
6.84,6.84,6.82,6.82,3658,2021-10-08 17:00:00,FTCI
6.82,6.83,6.82,6.83,5399,2021-10-08 17:05:00,FTCI
6.835,6.85,6.83,6.83,1425,2021-10-08 17:10:00,FTCI
6.82,6.83,6.81,6.83,4300,2021-10-08 17:15:00,FTCI
6.825,6.83,6.82,6.82,1143,2021-10-08 17:20:00,FTCI
6.835,6.86,6.83,6.84,8763,2021-10-08 17:25:00,FTCI
6.83,6.84,6.83,6.83,1537,2021-10-08 17:30:00,FTCI
6.8398,6.84,6.82,6.82,9270,2021-10-08 17:35:00,FTCI
6.82,6.83,6.8,6.8,8319,2021-10-08 17:40:00,FTCI
6.8,6.8,6.8,6.8,500,2021-10-08 17:45:00,FTCI
6.79,6.8,6.79,6.79,1567,2021-10-08 17:50:00,FTCI
6.8,6.82,6.8,6.8,9568,2021-10-08 17:55:00,FTCI
6.81,6.825,6.8,6.82,3397,2021-10-08 18:00:00,FTCI
6.825,6.84,6.8,6.82,8637,2021-10-08 18:05:00,FTCI
6.83,6.89,6.83,6.85,6072,2021-10-08 18:10:00,FTCI
6.855,6.86,6.855,6.86,734,2021-10-08 18:15:00,FTCI
6.86,6.86,6.85,6.86,1026,2021-10-08 18:20:00,FTCI
6.87,6.8789,6.86,6.8789,1099,2021-10-08 18:25:00,FTCI
6.87,6.88,6.87,6.88,710,2021-10-08 18:30:00,FTCI
6.87,6.92,6.87,6.91,8989,2021-10-08 18:35:00,FTCI
6.91,6.92,6.9,6.92,315,2021-10-08 18:40:00,FTCI
6.92,6.92,6.9,6.91,5137,2021-10-08 18:45:00,FTCI
6.91,6.95,6.89,6.95,11897,2021-10-08 18:55:00,FTCI
6.96,6.965,6.9203,6.93,8731,2021-10-08 19:00:00,FTCI
6.93,6.94,6.92,6.92,5356,2021-10-08 19:05:00,FTCI
6.925,6.94,6.925,6.93,3988,2021-10-08 19:10:00,FTCI
6.92,6.93,6.91,6.93,4944,2021-10-08 19:15:00,FTCI
6.92,6.93,6.9,6.9,17212,2021-10-08 19:20:00,FTCI
6.895,6.9,6.87,6.87,14709,2021-10-08 19:25:00,FTCI
6.88,6.88,6.83,6.83,10698,2021-10-08 19:30:00,FTCI
6.85,6.85,6.82,6.82,8925,2021-10-08 19:35:00,FTCI
6.82,6.83,6.81,6.82,1200,2021-10-08 19:40:00,FTCI
6.83,6.83,6.8,6.825,18015,2021-10-08 19:45:00,FTCI
6.82,6.85,6.82,6.83,26242,2021-10-08 19:50:00,FTCI
6.83,6.85,6.805,6.82,51290,2021-10-08 19:55:00,FTCI
6.84,6.84,6.84,6.84,51167,2021-10-08 20:00:00,FTCI
6.82,6.82,6.82,6.82,500,2021-10-11 13:20:00,FTCI
6.84,6.84,6.78,6.82,6006,2021-10-11 13:30:00,FTCI
6.81,6.83,6.78,6.82,16992,2021-10-11 13:35:00,FTCI
6.81,6.83,6.73,6.77,29024,2021-10-11 13:40:00,FTCI
6.755,6.78,6.715,6.715,3581,2021-10-11 13:45:00,FTCI
6.69,6.7268,6.66,6.66,4598,2021-10-11 13:50:00,FTCI
6.66,6.66,6.57,6.57,8451,2021-10-11 13:55:00,FTCI
6.6,6.6006,6.56,6.58,6783,2021-10-11 14:00:00,FTCI
6.58,6.67,6.58,6.67,3410,2021-10-11 14:05:00,FTCI
6.67,6.7,6.635,6.66,7388,2021-10-11 14:10:00,FTCI
6.64,6.69,6.64,6.66,7343,2021-10-11 14:15:00,FTCI
6.665,6.73,6.65,6.72,8523,2021-10-11 14:20:00,FTCI
6.74,6.75,6.7,6.73,4637,2021-10-11 14:25:00,FTCI
6.72,6.74,6.7,6.72,5225,2021-10-11 14:30:00,FTCI
6.74,6.74,6.7,6.7,1500,2021-10-11 14:35:00,FTCI
6.685,6.685,6.6,6.62,30790,2021-10-11 14:40:00,FTCI
6.63,6.665,6.63,6.65,8435,2021-10-11 14:45:00,FTCI
6.66,6.68,6.65,6.68,10670,2021-10-11 14:50:00,FTCI
6.67,6.71,6.66,6.71,3664,2021-10-11 14:55:00,FTCI
6.7,6.74,6.7,6.74,2406,2021-10-11 15:00:00,FTCI
6.7484,6.75,6.73,6.73,2949,2021-10-11 15:05:00,FTCI
6.73,6.75,6.73,6.744,3118,2021-10-11 15:10:00,FTCI
6.73,6.75,6.72,6.72,5488,2021-10-11 15:15:00,FTCI
6.72,6.745,6.71,6.71,2694,2021-10-11 15:20:00,FTCI
6.71,6.72,6.7,6.7,1192,2021-10-11 15:25:00,FTCI
6.7,6.758,6.69,6.758,18770,2021-10-11 15:30:00,FTCI
6.755,6.77,6.71,6.72,12130,2021-10-11 15:35:00,FTCI
6.73,6.73,6.69,6.69,2578,2021-10-11 15:40:00,FTCI
6.7,6.73,6.7,6.72,2825,2021-10-11 15:45:00,FTCI
6.71,6.74,6.71,6.74,3119,2021-10-11 15:50:00,FTCI
6.72,6.7499,6.71,6.71,2400,2021-10-11 15:55:00,FTCI
6.72,6.74,6.72,6.72,5900,2021-10-11 16:00:00,FTCI
6.72,6.72,6.7,6.7,1744,2021-10-11 16:05:00,FTCI
6.7,6.7,6.67,6.68,5255,2021-10-11 16:10:00,FTCI
6.68,6.68,6.645,6.645,12637,2021-10-11 16:15:00,FTCI
6.64,6.66,6.61,6.65,10305,2021-10-11 16:20:00,FTCI
6.67,6.67,6.63,6.63,2847,2021-10-11 16:25:00,FTCI
6.62,6.635,6.61,6.61,1013,2021-10-11 16:30:00,FTCI
6.61,6.61,6.595,6.6,2742,2021-10-11 16:35:00,FTCI
6.62,6.64,6.6,6.6,6047,2021-10-11 16:40:00,FTCI
6.615,6.62,6.59,6.59,1616,2021-10-11 16:45:00,FTCI
6.62,6.68,6.62,6.68,4652,2021-10-11 16:50:00,FTCI
6.66,6.68,6.65,6.68,14842,2021-10-11 16:55:00,FTCI
6.68,6.7,6.68,6.7,1700,2021-10-11 17:00:00,FTCI
6.7,6.7,6.67,6.7,3979,2021-10-11 17:05:00,FTCI
6.68,6.71,6.66,6.67,13939,2021-10-11 17:10:00,FTCI
6.68,6.69,6.62,6.63,15018,2021-10-11 17:15:00,FTCI
6.64,6.69,6.63,6.66,2886,2021-10-11 17:20:00,FTCI
6.65,6.66,6.605,6.61,3565,2021-10-11 17:25:00,FTCI
6.63,6.63,6.56,6.595,13840,2021-10-11 17:30:00,FTCI
6.6,6.61,6.57,6.58,4377,2021-10-11 17:35:00,FTCI
6.6,6.63,6.59,6.62,3233,2021-10-11 17:40:00,FTCI
6.615,6.63,6.6,6.61,5558,2021-10-11 17:45:00,FTCI
6.6,6.61,6.6,6.6,2506,2021-10-11 17:50:00,FTCI
6.6,6.6,6.58,6.58,4524,2021-10-11 17:55:00,FTCI
6.57,6.64,6.57,6.64,3548,2021-10-11 18:00:00,FTCI
6.63,6.65,6.63,6.63,1506,2021-10-11 18:05:00,FTCI
6.625,6.66,6.62,6.655,2761,2021-10-11 18:10:00,FTCI
6.64,6.68,6.64,6.67,6779,2021-10-11 18:15:00,FTCI
6.68,6.69,6.65,6.65,10823,2021-10-11 18:20:00,FTCI
6.66,6.66,6.645,6.66,2089,2021-10-11 18:25:00,FTCI
6.65,6.65,6.62,6.62,1446,2021-10-11 18:30:00,FTCI
6.625,6.64,6.62,6.63,3112,2021-10-11 18:35:00,FTCI
6.62,6.65,6.62,6.64,2620,2021-10-11 18:40:00,FTCI
6.65,6.66,6.62,6.635,1472,2021-10-11 18:45:00,FTCI
6.635,6.64,6.61,6.63,4432,2021-10-11 18:50:00,FTCI
6.62,6.65,6.62,6.65,3009,2021-10-11 18:55:00,FTCI
6.65,6.67,6.65,6.66,3178,2021-10-11 19:00:00,FTCI
6.65,6.66,6.62,6.62,2745,2021-10-11 19:05:00,FTCI
6.62,6.65,6.61,6.64,5126,2021-10-11 19:10:00,FTCI
6.63,6.64,6.61,6.635,4464,2021-10-11 19:15:00,FTCI
6.63,6.64,6.6,6.615,8335,2021-10-11 19:20:00,FTCI
6.6,6.65,6.59,6.62,10178,2021-10-11 19:25:00,FTCI
6.64,6.65,6.62,6.62,3400,2021-10-11 19:30:00,FTCI
6.63,6.63,6.58,6.58,4783,2021-10-11 19:35:00,FTCI
6.59,6.59,6.57,6.58,3964,2021-10-11 19:40:00,FTCI
6.58,6.6,6.58,6.6,10683,2021-10-11 19:45:00,FTCI
6.58,6.58,6.55,6.57,9966,2021-10-11 19:50:00,FTCI
6.57,6.58,6.55,6.58,30410,2021-10-11 19:55:00,FTCI
6.56,6.56,6.56,6.56,114440,2021-10-11 20:00:00,FTCI
6.6,6.6,6.6,6.6,163,2021-10-11 22:45:00,FTCI
6.7,6.7,6.7,6.7,100,2021-10-12 13:15:00,FTCI
6.59,6.59,6.59,6.59,1824,2021-10-12 13:30:00,FTCI
6.58,6.58,6.55,6.55,1158,2021-10-12 13:35:00,FTCI
6.57,6.63,6.56,6.63,10336,2021-10-12 13:40:00,FTCI
6.61,6.63,6.6,6.61,2575,2021-10-12 13:45:00,FTCI
6.61,6.61,6.55,6.6,4881,2021-10-12 13:50:00,FTCI
6.62,6.63,6.56,6.605,25916,2021-10-12 13:55:00,FTCI
6.6,6.79,6.6,6.78,34512,2021-10-12 14:00:00,FTCI
6.8,6.8,6.7,6.7,8234,2021-10-12 14:05:00,FTCI
6.71,6.72,6.68,6.72,1161,2021-10-12 14:10:00,FTCI
6.69,6.71,6.6,6.63,2241,2021-10-12 14:15:00,FTCI
6.62,6.67,6.62,6.66,3867,2021-10-12 14:20:00,FTCI
6.66,6.68,6.64,6.67,5056,2021-10-12 14:25:00,FTCI
6.68,6.68,6.62,6.63,3904,2021-10-12 14:30:00,FTCI
6.63,6.634,6.56,6.6,4921,2021-10-12 14:35:00,FTCI
6.61,6.63,6.59,6.61,2446,2021-10-12 14:40:00,FTCI
6.62,6.62,6.56,6.595,10981,2021-10-12 14:45:00,FTCI
6.59,6.62,6.58,6.61,4031,2021-10-12 14:50:00,FTCI
6.61,6.61,6.59,6.595,3300,2021-10-12 14:55:00,FTCI
6.59,6.59,6.56,6.56,4220,2021-10-12 15:00:00,FTCI
6.565,6.59,6.53,6.59,16630,2021-10-12 15:05:00,FTCI
6.57,6.57,6.52,6.5227,3130,2021-10-12 15:10:00,FTCI
6.535,6.535,6.505,6.505,1671,2021-10-12 15:15:00,FTCI
6.505,6.52,6.48,6.5,8730,2021-10-12 15:20:00,FTCI
6.51,6.51,6.49,6.49,1281,2021-10-12 15:25:00,FTCI
6.48,6.51,6.47,6.5,5693,2021-10-12 15:30:00,FTCI
6.5,6.54,6.5,6.53,5257,2021-10-12 15:35:00,FTCI
6.52,6.52,6.51,6.51,800,2021-10-12 15:40:00,FTCI
6.5,6.5299,6.5,6.505,2782,2021-10-12 15:45:00,FTCI
6.49,6.501,6.48,6.495,3500,2021-10-12 15:50:00,FTCI
6.495,6.495,6.46,6.475,2200,2021-10-12 15:55:00,FTCI
6.475,6.51,6.475,6.495,4381,2021-10-12 16:00:00,FTCI
6.495,6.54,6.495,6.54,4700,2021-10-12 16:05:00,FTCI
6.52,6.56,6.52,6.54,3045,2021-10-12 16:10:00,FTCI
6.53,6.53,6.5,6.5,2269,2021-10-12 16:15:00,FTCI
6.495,6.51,6.495,6.51,700,2021-10-12 16:20:00,FTCI
6.505,6.51,6.48,6.48,3222,2021-10-12 16:25:00,FTCI
6.49,6.53,6.49,6.51,6465,2021-10-12 16:30:00,FTCI
6.51,6.51,6.48,6.49,2376,2021-10-12 16:35:00,FTCI
6.5,6.5,6.4894,6.4894,2300,2021-10-12 16:40:00,FTCI
6.49,6.5,6.48,6.49,3100,2021-10-12 16:45:00,FTCI
6.48,6.49,6.48,6.49,2600,2021-10-12 16:50:00,FTCI
6.48,6.49,6.47,6.47,700,2021-10-12 16:55:00,FTCI
6.47,6.47,6.43,6.45,5360,2021-10-12 17:00:00,FTCI
6.45,6.45,6.44,6.45,1555,2021-10-12 17:05:00,FTCI
6.44,6.455,6.43,6.455,5861,2021-10-12 17:10:00,FTCI
6.455,6.46,6.455,6.455,500,2021-10-12 17:15:00,FTCI
6.46,6.47,6.43,6.46,29716,2021-10-12 17:20:00,FTCI
6.46,6.5,6.46,6.47,42345,2021-10-12 17:25:00,FTCI
6.47,6.48,6.47,6.47,800,2021-10-12 17:30:00,FTCI
6.49,6.51,6.48,6.5,5506,2021-10-12 17:35:00,FTCI
6.51,6.51,6.49,6.49,800,2021-10-12 17:40:00,FTCI
6.48,6.49,6.48,6.48,1100,2021-10-12 17:45:00,FTCI
6.48,6.49,6.48,6.48,2700,2021-10-12 17:50:00,FTCI
6.47,6.47,6.45,6.45,1641,2021-10-12 17:55:00,FTCI
6.445,6.5,6.445,6.495,5380,2021-10-12 18:00:00,FTCI
6.5,6.51,6.498,6.5,1900,2021-10-12 18:05:00,FTCI
6.5,6.51,6.49,6.5,7218,2021-10-12 18:10:00,FTCI
6.505,6.51,6.5,6.5,2400,2021-10-12 18:15:00,FTCI
6.495,6.5216,6.495,6.5,9843,2021-10-12 18:20:00,FTCI
6.49,6.5,6.48,6.49,4341,2021-10-12 18:25:00,FTCI
6.49,6.5,6.48,6.49,6380,2021-10-12 18:30:00,FTCI
6.49,6.5,6.48,6.49,10632,2021-10-12 18:35:00,FTCI
6.495,6.5,6.49,6.5,14411,2021-10-12 18:40:00,FTCI
6.5,6.5,6.48,6.49,10072,2021-10-12 18:45:00,FTCI
6.48,6.494,6.475,6.48,4684,2021-10-12 18:50:00,FTCI
6.49,6.49,6.48,6.49,3933,2021-10-12 18:55:00,FTCI
6.49,6.5,6.475,6.49,6043,2021-10-12 19:00:00,FTCI
6.497,6.5,6.48,6.49,3447,2021-10-12 19:05:00,FTCI
6.5,6.5,6.475,6.485,60287,2021-10-12 19:10:00,FTCI
6.485,6.505,6.485,6.505,55305,2021-10-12 19:15:00,FTCI
6.51,6.54,6.51,6.535,12551,2021-10-12 19:20:00,FTCI
6.54,6.54,6.51,6.5225,15163,2021-10-12 19:25:00,FTCI
6.52,6.57,6.495,6.56,35923,2021-10-12 19:30:00,FTCI
6.56,6.62,6.555,6.62,9182,2021-10-12 19:35:00,FTCI
6.61,6.715,6.6,6.685,44299,2021-10-12 19:40:00,FTCI
6.685,6.685,6.63,6.64,30182,2021-10-12 19:45:00,FTCI
6.66,6.71,6.65,6.68,20705,2021-10-12 19:50:00,FTCI
6.67,6.76,6.67,6.7,64424,2021-10-12 19:55:00,FTCI
6.7,6.7,6.7,6.7,123186,2021-10-12 20:00:00,FTCI
6.7,6.7,6.7,6.7,210553,2021-10-12 20:10:00,FTCI
6.7,6.7,6.7,6.7,320,2021-10-12 20:20:00,FTCI
6.74,6.8,6.74,6.79,11962,2021-10-13 13:30:00,FTCI
6.81,6.8199,6.76,6.765,23627,2021-10-13 13:35:00,FTCI
6.77,6.88,6.765,6.84,72453,2021-10-13 13:40:00,FTCI
6.855,6.855,6.77,6.77,4732,2021-10-13 13:45:00,FTCI
6.78,6.82,6.77,6.79,12542,2021-10-13 13:50:00,FTCI
6.76,6.77,6.69,6.69,3241,2021-10-13 13:55:00,FTCI
6.7,6.715,6.63,6.67,6348,2021-10-13 14:00:00,FTCI
6.65,6.655,6.63,6.635,1166,2021-10-13 14:05:00,FTCI
6.6499,6.6499,6.56,6.565,2100,2021-10-13 14:10:00,FTCI
6.555,6.58,6.53,6.53,5756,2021-10-13 14:15:00,FTCI
6.56,6.575,6.53,6.53,3187,2021-10-13 14:20:00,FTCI
6.55,6.55,6.5234,6.5234,1705,2021-10-13 14:25:00,FTCI
6.55,6.56,6.53,6.54,5288,2021-10-13 14:30:00,FTCI
6.56,6.64,6.54,6.63,44675,2021-10-13 14:35:00,FTCI
6.61,6.615,6.55,6.58,15202,2021-10-13 14:40:00,FTCI
6.61,6.66,6.58,6.5862,13533,2021-10-13 14:45:00,FTCI
6.58,6.635,6.58,6.635,8201,2021-10-13 14:50:00,FTCI
6.61,6.61,6.59,6.59,1278,2021-10-13 14:55:00,FTCI
6.59,6.6,6.59,6.6,1608,2021-10-13 15:00:00,FTCI
6.59,6.67,6.59,6.67,7882,2021-10-13 15:05:00,FTCI
6.68,6.73,6.68,6.73,3400,2021-10-13 15:10:00,FTCI
6.715,6.715,6.65,6.65,1774,2021-10-13 15:15:00,FTCI
6.67,6.68,6.665,6.67,1711,2021-10-13 15:20:00,FTCI
6.676,6.676,6.66,6.67,340,2021-10-13 15:25:00,FTCI
6.66,6.66,6.63,6.65,5336,2021-10-13 15:30:00,FTCI
6.67,6.675,6.67,6.67,1108,2021-10-13 15:35:00,FTCI
6.68,6.68,6.67,6.68,300,2021-10-13 15:40:00,FTCI
6.69,6.72,6.68,6.71,3520,2021-10-13 15:45:00,FTCI
6.72,6.72,6.68,6.68,1216,2021-10-13 15:50:00,FTCI
6.68,6.72,6.68,6.72,2245,2021-10-13 15:55:00,FTCI
6.72,6.73,6.7,6.7,1200,2021-10-13 16:00:00,FTCI
6.71,6.71,6.7,6.7,681,2021-10-13 16:05:00,FTCI
6.71,6.71,6.7,6.7,700,2021-10-13 16:10:00,FTCI
6.705,6.73,6.705,6.73,2979,2021-10-13 16:15:00,FTCI
6.72,6.73,6.72,6.7216,1600,2021-10-13 16:20:00,FTCI
6.74,6.7505,6.735,6.75,7547,2021-10-13 16:25:00,FTCI
6.74,6.76,6.73,6.74,5866,2021-10-13 16:30:00,FTCI
6.74,6.75,6.74,6.75,200,2021-10-13 16:35:00,FTCI
6.75,6.75,6.75,6.75,1878,2021-10-13 16:40:00,FTCI
6.75,6.76,6.735,6.74,3289,2021-10-13 16:45:00,FTCI
6.7399,6.7399,6.7399,6.7399,100,2021-10-13 16:50:00,FTCI
6.73,6.74,6.73,6.735,2240,2021-10-13 16:55:00,FTCI
6.735,6.74,6.735,6.735,659,2021-10-13 17:00:00,FTCI
6.73,6.74,6.73,6.735,600,2021-10-13 17:05:00,FTCI
6.74,6.74,6.7,6.705,3991,2021-10-13 17:10:00,FTCI
6.7,6.71,6.7,6.7,6962,2021-10-13 17:15:00,FTCI
6.695,6.71,6.695,6.7,4331,2021-10-13 17:20:00,FTCI
6.7,6.74,6.7,6.735,7764,2021-10-13 17:25:00,FTCI
6.74,6.74,6.73,6.73,644,2021-10-13 17:30:00,FTCI
6.73,6.74,6.73,6.735,600,2021-10-13 17:35:00,FTCI
6.735,6.735,6.72,6.725,900,2021-10-13 17:40:00,FTCI
6.725,6.73,6.725,6.73,300,2021-10-13 17:45:00,FTCI
6.72,6.73,6.71,6.715,14836,2021-10-13 17:50:00,FTCI
6.715,6.715,6.7,6.705,4225,2021-10-13 17:55:00,FTCI
6.705,6.72,6.68,6.69,5593,2021-10-13 18:00:00,FTCI
6.69,6.72,6.69,6.7,2951,2021-10-13 18:05:00,FTCI
6.7,6.7,6.69,6.7,1400,2021-10-13 18:10:00,FTCI
6.7,6.7,6.69,6.69,1802,2021-10-13 18:15:00,FTCI
6.69,6.7,6.67,6.7,27216,2021-10-13 18:20:00,FTCI
6.69,6.695,6.6703,6.6703,1468,2021-10-13 18:25:00,FTCI
6.69,6.7,6.68,6.7,2980,2021-10-13 18:30:00,FTCI
6.7,6.7,6.69,6.7,3547,2021-10-13 18:35:00,FTCI
6.7,6.7,6.69,6.7,1000,2021-10-13 18:40:00,FTCI
6.69,6.7,6.69,6.7,1048,2021-10-13 18:45:00,FTCI
6.7,6.71,6.69,6.7,25839,2021-10-13 18:50:00,FTCI
6.7,6.76,6.69,6.76,10582,2021-10-13 18:55:00,FTCI
6.76,6.77,6.75,6.75,3219,2021-10-13 19:00:00,FTCI
6.76,6.77,6.755,6.76,6892,2021-10-13 19:05:00,FTCI
6.76,6.77,6.75,6.75,1272,2021-10-13 19:10:00,FTCI
6.75,6.78,6.75,6.78,5294,2021-10-13 19:15:00,FTCI
6.77,6.79,6.77,6.78,27618,2021-10-13 19:20:00,FTCI
6.78,6.78,6.7499,6.7499,4225,2021-10-13 19:25:00,FTCI
6.75,6.76,6.75,6.76,5985,2021-10-13 19:30:00,FTCI
6.76,6.76,6.75,6.76,2340,2021-10-13 19:35:00,FTCI
6.76,6.78,6.74,6.78,6447,2021-10-13 19:40:00,FTCI
6.78,6.79,6.77,6.79,36497,2021-10-13 19:45:00,FTCI
6.79,6.8,6.76,6.77,18068,2021-10-13 19:50:00,FTCI
6.77,6.8,6.77,6.78,27224,2021-10-13 19:55:00,FTCI
6.78,6.78,6.78,6.78,46651,2021-10-13 20:00:00,FTCI
6.55,6.55,6.55,6.55,500,2021-10-13 23:10:00,FTCI
6.95,7.0,6.95,7.0,2237,2021-10-14 13:10:00,FTCI
6.98,6.98,6.98,6.98,100,2021-10-14 13:20:00,FTCI
6.86,6.89,6.835,6.835,4143,2021-10-14 13:30:00,FTCI
6.82,6.82,6.82,6.82,200,2021-10-14 13:35:00,FTCI
6.8,6.8154,6.75,6.75,4165,2021-10-14 13:40:00,FTCI
6.77,6.77,6.67,6.67,6953,2021-10-14 13:45:00,FTCI
6.65,6.71,6.65,6.71,2828,2021-10-14 13:50:00,FTCI
6.71,6.73,6.7,6.73,1193,2021-10-14 13:55:00,FTCI
6.72,6.73,6.71,6.72,1800,2021-10-14 14:00:00,FTCI
6.7052,6.74,6.7052,6.73,2895,2021-10-14 14:05:00,FTCI
6.7373,6.74,6.73,6.73,400,2021-10-14 14:10:00,FTCI
6.74,6.78,6.7383,6.745,1970,2021-10-14 14:15:00,FTCI
6.745,6.755,6.745,6.755,537,2021-10-14 14:20:00,FTCI
6.75,6.75,6.73,6.74,1241,2021-10-14 14:25:00,FTCI
6.73,6.73,6.71,6.71,644,2021-10-14 14:30:00,FTCI
6.73,6.73,6.72,6.72,300,2021-10-14 14:35:00,FTCI
6.72,6.725,6.66,6.6899,7725,2021-10-14 14:40:00,FTCI
6.685,6.685,6.64,6.64,2527,2021-10-14 14:45:00,FTCI
6.63,6.63,6.61,6.61,1737,2021-10-14 14:50:00,FTCI
6.59,6.61,6.57,6.61,3725,2021-10-14 14:55:00,FTCI
6.62,6.62,6.59,6.62,1591,2021-10-14 15:00:00,FTCI
6.61,6.61,6.585,6.585,800,2021-10-14 15:05:00,FTCI
6.59,6.59,6.57,6.58,2414,2021-10-14 15:10:00,FTCI
6.59,6.61,6.585,6.585,1175,2021-10-14 15:15:00,FTCI
6.585,6.635,6.58,6.635,13495,2021-10-14 15:20:00,FTCI
6.63,6.68,6.63,6.645,2131,2021-10-14 15:25:00,FTCI
6.66,6.66,6.66,6.66,300,2021-10-14 15:30:00,FTCI
6.63,6.66,6.63,6.65,1100,2021-10-14 15:35:00,FTCI
6.64,6.66,6.62,6.66,2275,2021-10-14 15:40:00,FTCI
6.66,6.68,6.65,6.68,2124,2021-10-14 15:45:00,FTCI
6.68,6.6955,6.66,6.675,2555,2021-10-14 15:50:00,FTCI
6.69,6.7007,6.6798,6.69,7260,2021-10-14 15:55:00,FTCI
6.69,6.7,6.67,6.69,2590,2021-10-14 16:00:00,FTCI
6.68,6.7,6.68,6.685,1400,2021-10-14 16:05:00,FTCI
6.685,6.715,6.68,6.7,3163,2021-10-14 16:10:00,FTCI
6.71,6.72,6.69,6.7,1400,2021-10-14 16:15:00,FTCI
6.72,6.72,6.69,6.72,700,2021-10-14 16:20:00,FTCI
6.71,6.73,6.7,6.73,1079,2021-10-14 16:25:00,FTCI
6.7332,6.74,6.71,6.715,1600,2021-10-14 16:30:00,FTCI
6.6913,6.71,6.68,6.69,1545,2021-10-14 16:35:00,FTCI
6.7,6.73,6.69,6.7,2091,2021-10-14 16:40:00,FTCI
6.705,6.72,6.7,6.72,1357,2021-10-14 16:45:00,FTCI
6.71,6.72,6.69,6.69,700,2021-10-14 16:50:00,FTCI
6.71,6.72,6.69,6.7,1400,2021-10-14 16:55:00,FTCI
6.7,6.715,6.66,6.67,2970,2021-10-14 17:00:00,FTCI
6.67,6.67,6.65,6.65,1247,2021-10-14 17:05:00,FTCI
6.67,6.67,6.64,6.67,2976,2021-10-14 17:10:00,FTCI
6.67,6.67,6.64,6.67,2533,2021-10-14 17:15:00,FTCI
6.65,6.67,6.65,6.65,600,2021-10-14 17:20:00,FTCI
6.68,6.69,6.66,6.66,500,2021-10-14 17:25:00,FTCI
6.67,6.68,6.65,6.66,2566,2021-10-14 17:30:00,FTCI
6.67,6.68,6.66,6.66,3291,2021-10-14 17:35:00,FTCI
6.65,6.68,6.65,6.68,1500,2021-10-14 17:40:00,FTCI
6.67,6.68,6.65,6.68,1900,2021-10-14 17:45:00,FTCI
6.66,6.66,6.63,6.64,1600,2021-10-14 17:50:00,FTCI
6.65,6.65,6.64,6.65,8641,2021-10-14 17:55:00,FTCI
6.65,6.65,6.64,6.65,400,2021-10-14 18:00:00,FTCI
6.66,6.66,6.66,6.66,300,2021-10-14 18:05:00,FTCI
6.66,6.66,6.64,6.65,1200,2021-10-14 18:10:00,FTCI
6.655,6.67,6.64,6.67,1044,2021-10-14 18:15:00,FTCI
6.6699,6.67,6.65,6.67,1900,2021-10-14 18:20:00,FTCI
6.67,6.67,6.65,6.65,1400,2021-10-14 18:25:00,FTCI
6.67,6.69,6.65,6.68,2000,2021-10-14 18:30:00,FTCI
6.69,6.7,6.67,6.69,3264,2021-10-14 18:35:00,FTCI
6.69,6.7,6.66,6.66,2156,2021-10-14 18:40:00,FTCI
6.67,6.67,6.65,6.65,1100,2021-10-14 18:45:00,FTCI
6.6652,6.67,6.65,6.67,1399,2021-10-14 18:50:00,FTCI
6.6699,6.6699,6.65,6.65,921,2021-10-14 18:55:00,FTCI
6.67,6.67,6.64,6.64,1505,2021-10-14 19:00:00,FTCI
6.65,6.66,6.63,6.65,2148,2021-10-14 19:05:00,FTCI
6.64,6.66,6.64,6.65,2165,2021-10-14 19:10:00,FTCI
6.64,6.65,6.63,6.65,2600,2021-10-14 19:15:00,FTCI
6.65,6.65,6.63,6.63,2698,2021-10-14 19:20:00,FTCI
6.63,6.64,6.61,6.62,1500,2021-10-14 19:25:00,FTCI
6.63,6.63,6.61,6.62,1910,2021-10-14 19:30:00,FTCI
6.62,6.63,6.5888,6.61,7482,2021-10-14 19:35:00,FTCI
6.61,6.63,6.59,6.63,4102,2021-10-14 19:40:00,FTCI
6.63,6.64,6.62,6.64,5475,2021-10-14 19:45:00,FTCI
6.64,6.68,6.64,6.65,13063,2021-10-14 19:50:00,FTCI
6.65,6.68,6.63,6.65,36615,2021-10-14 19:55:00,FTCI
6.67,6.67,6.67,6.67,115755,2021-10-14 20:00:00,FTCI
6.67,6.67,6.67,6.67,1472,2021-10-14 20:40:00,FTCI
6.77,6.77,6.77,6.77,100,2021-10-14 21:25:00,FTCI
6.76,6.77,6.76,6.77,610,2021-10-14 21:30:00,FTCI
6.77,6.77,6.77,6.77,100,2021-10-14 21:40:00,FTCI
6.77,6.77,6.77,6.77,600,2021-10-14 21:55:00,FTCI
6.77,6.77,6.77,6.77,400,2021-10-14 22:00:00,FTCI
6.77,6.77,6.77,6.77,200,2021-10-14 22:05:00,FTCI
6.77,6.77,6.77,6.77,100,2021-10-14 22:10:00,FTCI
6.75,6.75,6.68,6.71,7285,2021-10-15 13:30:00,FTCI
6.67,6.7,6.67,6.7,215,2021-10-15 13:35:00,FTCI
6.705,6.705,6.65,6.66,950,2021-10-15 13:40:00,FTCI
6.635,6.65,6.61,6.61,2500,2021-10-15 13:45:00,FTCI
6.59,6.63,6.59,6.59,2804,2021-10-15 13:50:00,FTCI
6.58,6.62,6.57,6.605,4047,2021-10-15 13:55:00,FTCI
6.6,6.62,6.58,6.59,6591,2021-10-15 14:00:00,FTCI
6.6,6.64,6.57,6.58,4453,2021-10-15 14:05:00,FTCI
6.59,6.61,6.58,6.6034,3256,2021-10-15 14:10:00,FTCI
6.57,6.6,6.57,6.57,2945,2021-10-15 14:15:00,FTCI
6.585,6.6,6.54,6.58,16970,2021-10-15 14:20:00,FTCI
6.595,6.615,6.57,6.6,7612,2021-10-15 14:25:00,FTCI
6.6,6.61,6.58,6.61,5805,2021-10-15 14:30:00,FTCI
6.615,6.655,6.6,6.655,2975,2021-10-15 14:35:00,FTCI
6.63,6.635,6.6,6.625,4663,2021-10-15 14:40:00,FTCI
6.625,6.64,6.6,6.62,7851,2021-10-15 14:45:00,FTCI
6.6,6.615,6.59,6.6,4595,2021-10-15 14:50:00,FTCI
6.62,6.64,6.6,6.62,11741,2021-10-15 14:55:00,FTCI
6.62,6.64,6.6,6.62,9063,2021-10-15 15:00:00,FTCI
6.61,6.62,6.6,6.62,7327,2021-10-15 15:05:00,FTCI
6.61,6.625,6.61,6.615,4926,2021-10-15 15:10:00,FTCI
6.615,6.62,6.6,6.61,3302,2021-10-15 15:15:00,FTCI
6.6,6.62,6.57,6.58,11042,2021-10-15 15:20:00,FTCI
6.6,6.645,6.58,6.58,1500,2021-10-15 15:25:00,FTCI
6.605,6.61,6.59,6.6,2305,2021-10-15 15:30:00,FTCI
6.59,6.64,6.59,6.615,12103,2021-10-15 15:35:00,FTCI
6.63,6.635,6.61,6.615,1800,2021-10-15 15:40:00,FTCI
6.62,6.63,6.59,6.59,2066,2021-10-15 15:45:00,FTCI
6.605,6.605,6.59,6.6,1903,2021-10-15 15:50:00,FTCI
6.59,6.6,6.58,6.5825,3081,2021-10-15 15:55:00,FTCI
6.59,6.59,6.58,6.58,1400,2021-10-15 16:00:00,FTCI
6.58,6.6,6.58,6.59,3280,2021-10-15 16:05:00,FTCI
6.58,6.58,6.57,6.57,3454,2021-10-15 16:10:00,FTCI
6.56,6.57,6.55,6.565,1721,2021-10-15 16:15:00,FTCI
6.55,6.57,6.52,6.52,5744,2021-10-15 16:20:00,FTCI
6.53,6.53,6.5,6.51,5240,2021-10-15 16:25:00,FTCI
6.5,6.51,6.48,6.48,23083,2021-10-15 16:30:00,FTCI
6.48,6.52,6.48,6.5197,10617,2021-10-15 16:35:00,FTCI
6.51,6.525,6.5,6.51,3929,2021-10-15 16:40:00,FTCI
6.51,6.555,6.5,6.53,11860,2021-10-15 16:45:00,FTCI
6.55,6.555,6.53,6.555,2777,2021-10-15 16:50:00,FTCI
6.54,6.56,6.53,6.56,2752,2021-10-15 16:55:00,FTCI
6.54,6.57,6.53,6.53,3019,2021-10-15 17:00:00,FTCI
6.54,6.56,6.54,6.54,2100,2021-10-15 17:05:00,FTCI
6.55,6.56,6.53,6.53,4162,2021-10-15 17:10:00,FTCI
6.53,6.545,6.525,6.545,2879,2021-10-15 17:15:00,FTCI
6.54,6.55,6.53,6.55,2660,2021-10-15 17:20:00,FTCI
6.53,6.54,6.52,6.54,1892,2021-10-15 17:25:00,FTCI
6.52,6.54,6.52,6.5383,5558,2021-10-15 17:30:00,FTCI
6.52,6.56,6.52,6.55,2600,2021-10-15 17:35:00,FTCI
6.55,6.58,6.54,6.58,3454,2021-10-15 17:40:00,FTCI
6.6,6.61,6.59,6.61,1800,2021-10-15 17:45:00,FTCI
6.61,6.63,6.6,6.6,5015,2021-10-15 17:50:00,FTCI
6.61,6.61,6.58,6.6,2601,2021-10-15 17:55:00,FTCI
6.59,6.64,6.59,6.63,12096,2021-10-15 18:00:00,FTCI
6.615,6.67,6.61,6.65,9119,2021-10-15 18:05:00,FTCI
6.66,6.67,6.63,6.67,6682,2021-10-15 18:10:00,FTCI
6.66,6.68,6.65,6.68,5100,2021-10-15 18:15:00,FTCI
6.68,6.68,6.65,6.66,11628,2021-10-15 18:20:00,FTCI
6.6591,6.6591,6.63,6.63,3600,2021-10-15 18:25:00,FTCI
6.63,6.63,6.6,6.61,4410,2021-10-15 18:30:00,FTCI
6.62,6.62,6.6,6.6,5794,2021-10-15 18:35:00,FTCI
6.6,6.61,6.6,6.605,6271,2021-10-15 18:40:00,FTCI
6.605,6.605,6.58,6.6,3812,2021-10-15 18:45:00,FTCI
6.595,6.6,6.57,6.59,3219,2021-10-15 18:50:00,FTCI
6.57,6.6,6.56,6.56,2100,2021-10-15 18:55:00,FTCI
6.56,6.56,6.51,6.54,14476,2021-10-15 19:00:00,FTCI
6.52,6.55,6.5,6.505,25349,2021-10-15 19:05:00,FTCI
6.5,6.51,6.5,6.51,13617,2021-10-15 19:10:00,FTCI
6.505,6.52,6.505,6.52,8709,2021-10-15 19:15:00,FTCI
6.515,6.56,6.51,6.55,6808,2021-10-15 19:20:00,FTCI
6.55,6.57,6.55,6.565,4344,2021-10-15 19:25:00,FTCI
6.565,6.595,6.56,6.57,9343,2021-10-15 19:30:00,FTCI
6.56,6.59,6.56,6.59,7027,2021-10-15 19:35:00,FTCI
6.59,6.62,6.58,6.62,16543,2021-10-15 19:40:00,FTCI
6.62,6.64,6.62,6.63,21059,2021-10-15 19:45:00,FTCI
6.62,6.63,6.58,6.61,41504,2021-10-15 19:50:00,FTCI
6.61,6.63,6.59,6.59,70003,2021-10-15 19:55:00,FTCI
6.58,6.58,6.58,6.58,325300,2021-10-15 20:00:00,FTCI
6.54,6.54,6.54,6.54,400,2021-10-18 12:55:00,FTCI
6.54,6.54,6.54,6.54,200,2021-10-18 13:00:00,FTCI
6.5,6.58,6.42,6.42,16712,2021-10-18 13:30:00,FTCI
6.45,6.57,6.45,6.57,10011,2021-10-18 13:35:00,FTCI
6.6,6.61,6.57,6.58,16730,2021-10-18 13:40:00,FTCI
6.56,6.575,6.51,6.51,2527,2021-10-18 13:45:00,FTCI
6.5,6.51,6.49,6.49,2692,2021-10-18 13:50:00,FTCI
6.48,6.48,6.43,6.47,5809,2021-10-18 13:55:00,FTCI
6.44,6.45,6.43,6.44,5500,2021-10-18 14:00:00,FTCI
6.44,6.45,6.41,6.4249,17267,2021-10-18 14:05:00,FTCI
6.43,6.47,6.4,6.45,45881,2021-10-18 14:10:00,FTCI
6.48,6.48,6.46,6.465,5400,2021-10-18 14:15:00,FTCI
6.435,6.45,6.435,6.435,1000,2021-10-18 14:20:00,FTCI
6.45,6.4618,6.45,6.455,500,2021-10-18 14:25:00,FTCI
6.44,6.45,6.43,6.45,1200,2021-10-18 14:30:00,FTCI
6.4371,6.45,6.43,6.435,4942,2021-10-18 14:40:00,FTCI
6.435,6.44,6.43,6.43,1283,2021-10-18 14:45:00,FTCI
6.43,6.43,6.35,6.396,11795,2021-10-18 14:50:00,FTCI
6.385,6.3975,6.36,6.36,2188,2021-10-18 14:55:00,FTCI
6.36,6.36,6.3502,6.3502,202,2021-10-18 15:00:00,FTCI
6.355,6.355,6.335,6.335,2982,2021-10-18 15:05:00,FTCI
6.33,6.36,6.32,6.33,5699,2021-10-18 15:10:00,FTCI
6.33,6.3596,6.33,6.3596,3037,2021-10-18 15:15:00,FTCI
6.355,6.36,6.355,6.3598,750,2021-10-18 15:20:00,FTCI
6.355,6.355,6.3,6.3,1749,2021-10-18 15:25:00,FTCI
6.31,6.33,6.29,6.32,4459,2021-10-18 15:30:00,FTCI
6.323,6.34,6.323,6.33,900,2021-10-18 15:35:00,FTCI
6.33,6.34,6.33,6.335,2694,2021-10-18 15:40:00,FTCI
6.33,6.365,6.33,6.35,3797,2021-10-18 15:45:00,FTCI
6.37,6.37,6.37,6.37,1083,2021-10-18 15:50:00,FTCI
6.379,6.379,6.379,6.379,156,2021-10-18 15:55:00,FTCI
6.38,6.38,6.36,6.36,1800,2021-10-18 16:00:00,FTCI
6.36,6.36,6.355,6.355,500,2021-10-18 16:05:00,FTCI
6.35,6.35,6.34,6.34,600,2021-10-18 16:10:00,FTCI
6.34,6.34,6.32,6.32,979,2021-10-18 16:15:00,FTCI
6.31,6.33,6.31,6.33,2827,2021-10-18 16:20:00,FTCI
6.32,6.34,6.32,6.32,1100,2021-10-18 16:25:00,FTCI
6.31,6.31,6.28,6.29,1822,2021-10-18 16:30:00,FTCI
6.29,6.3,6.28,6.29,1753,2021-10-18 16:35:00,FTCI
6.29,6.3,6.29,6.3,435,2021-10-18 16:40:00,FTCI
6.3,6.32,6.3,6.31,3149,2021-10-18 16:45:00,FTCI
6.31,6.31,6.31,6.31,150,2021-10-18 16:50:00,FTCI
6.315,6.315,6.315,6.315,100,2021-10-18 16:55:00,FTCI
6.32,6.34,6.32,6.34,2236,2021-10-18 17:00:00,FTCI
6.335,6.34,6.335,6.34,200,2021-10-18 17:05:00,FTCI
6.339,6.339,6.339,6.339,157,2021-10-18 17:10:00,FTCI
6.3373,6.3373,6.335,6.335,300,2021-10-18 17:15:00,FTCI
6.335,6.3581,6.335,6.3581,2763,2021-10-18 17:20:00,FTCI
6.35,6.36,6.35,6.36,2185,2021-10-18 17:25:00,FTCI
6.35,6.36,6.33,6.342,7211,2021-10-18 17:30:00,FTCI
6.3383,6.34,6.33,6.34,1700,2021-10-18 17:35:00,FTCI
6.34,6.34,6.34,6.34,100,2021-10-18 17:40:00,FTCI
6.33,6.346,6.31,6.31,2606,2021-10-18 17:45:00,FTCI
6.31,6.31,6.26,6.26,11027,2021-10-18 17:55:00,FTCI
6.27,6.3,6.27,6.3,12955,2021-10-18 18:00:00,FTCI
6.285,6.29,6.275,6.275,966,2021-10-18 18:05:00,FTCI
6.27,6.28,6.261,6.27,12216,2021-10-18 18:10:00,FTCI
6.275,6.28,6.27,6.27,800,2021-10-18 18:15:00,FTCI
6.27,6.275,6.27,6.275,200,2021-10-18 18:20:00,FTCI
6.275,6.28,6.22,6.22,8341,2021-10-18 18:25:00,FTCI
6.23,6.28,6.23,6.28,12707,2021-10-18 18:30:00,FTCI
6.29,6.29,6.28,6.28,1990,2021-10-18 18:35:00,FTCI
6.29,6.29,6.28,6.29,1210,2021-10-18 18:40:00,FTCI
6.28,6.31,6.28,6.31,5182,2021-10-18 18:45:00,FTCI
6.31,6.32,6.305,6.305,2391,2021-10-18 18:50:00,FTCI
6.305,6.31,6.3,6.3,1303,2021-10-18 18:55:00,FTCI
6.305,6.305,6.29,6.29,1088,2021-10-18 19:00:00,FTCI
6.28,6.29,6.26,6.26,1640,2021-10-18 19:05:00,FTCI
6.27,6.28,6.26,6.27,1370,2021-10-18 19:10:00,FTCI
6.2701,6.28,6.27,6.28,1800,2021-10-18 19:15:00,FTCI
6.275,6.29,6.275,6.285,2578,2021-10-18 19:20:00,FTCI
6.28,6.28,6.26,6.27,1181,2021-10-18 19:25:00,FTCI
6.26,6.27,6.25,6.25,3010,2021-10-18 19:30:00,FTCI
6.24,6.25,6.24,6.24,10219,2021-10-18 19:35:00,FTCI
6.245,6.27,6.24,6.265,15290,2021-10-18 19:40:00,FTCI
6.26,6.28,6.26,6.275,4832,2021-10-18 19:45:00,FTCI
6.2784,6.32,6.27,6.305,18975,2021-10-18 19:50:00,FTCI
6.3,6.33,6.3,6.32,30195,2021-10-18 19:55:00,FTCI
6.3,6.3,6.3,6.3,151157,2021-10-18 20:00:00,FTCI
6.33,6.395,6.33,6.34,6406,2021-10-19 13:30:00,FTCI
6.34,6.4199,6.33,6.4199,5057,2021-10-19 13:35:00,FTCI
6.42,6.7,6.42,6.7,31915,2021-10-19 13:40:00,FTCI
6.69,6.69,6.58,6.615,7495,2021-10-19 13:45:00,FTCI
6.615,6.642,6.58,6.62,7379,2021-10-19 13:50:00,FTCI
6.625,6.65,6.6,6.65,5939,2021-10-19 13:55:00,FTCI
6.64,6.64,6.61,6.617,6708,2021-10-19 14:00:00,FTCI
6.63,6.63,6.57,6.57,6192,2021-10-19 14:05:00,FTCI
6.575,6.6,6.54,6.54,14362,2021-10-19 14:10:00,FTCI
6.54,6.61,6.53,6.61,10120,2021-10-19 14:15:00,FTCI
6.615,6.64,6.58,6.58,17081,2021-10-19 14:20:00,FTCI
6.58,6.6,6.55,6.59,24245,2021-10-19 14:25:00,FTCI
6.605,6.61,6.5775,6.595,2357,2021-10-19 14:30:00,FTCI
6.595,6.61,6.58,6.6,3886,2021-10-19 14:35:00,FTCI
6.6,6.615,6.59,6.61,2838,2021-10-19 14:40:00,FTCI
6.615,6.67,6.61,6.67,8681,2021-10-19 14:45:00,FTCI
6.665,6.665,6.6432,6.645,3344,2021-10-19 14:50:00,FTCI
6.64,6.64,6.62,6.625,6978,2021-10-19 14:55:00,FTCI
6.63,6.72,6.625,6.7,14071,2021-10-19 15:00:00,FTCI
6.7,6.92,6.69,6.86,64112,2021-10-19 15:05:00,FTCI
6.84,6.86,6.7765,6.8178,43160,2021-10-19 15:10:00,FTCI
6.825,6.85,6.79,6.825,51413,2021-10-19 15:15:00,FTCI
6.825,6.83,6.785,6.785,7499,2021-10-19 15:20:00,FTCI
6.785,6.79,6.75,6.75,8302,2021-10-19 15:25:00,FTCI
6.76,6.818,6.76,6.81,24055,2021-10-19 15:30:00,FTCI
6.81,6.825,6.81,6.815,4700,2021-10-19 15:35:00,FTCI
6.82,6.8585,6.815,6.83,11392,2021-10-19 15:40:00,FTCI
6.8373,6.8373,6.815,6.815,1700,2021-10-19 15:45:00,FTCI
6.82,6.83,6.8,6.8011,13152,2021-10-19 15:50:00,FTCI
6.805,6.8097,6.76,6.795,4151,2021-10-19 15:55:00,FTCI
6.795,6.8,6.785,6.8,17620,2021-10-19 16:00:00,FTCI
6.8,6.81,6.785,6.785,2229,2021-10-19 16:05:00,FTCI
6.78,6.78,6.78,6.78,2172,2021-10-19 16:10:00,FTCI
6.79,6.79,6.77,6.78,991,2021-10-19 16:15:00,FTCI
6.78,6.78,6.69,6.705,14538,2021-10-19 16:20:00,FTCI
6.72,6.725,6.72,6.72,800,2021-10-19 16:25:00,FTCI
6.71,6.71,6.71,6.71,200,2021-10-19 16:30:00,FTCI
6.71,6.71,6.71,6.71,600,2021-10-19 16:35:00,FTCI
6.71,6.72,6.7,6.72,2478,2021-10-19 16:40:00,FTCI
6.725,6.74,6.725,6.73,1809,2021-10-19 16:45:00,FTCI
6.7457,6.7457,6.7457,6.7457,1000,2021-10-19 16:50:00,FTCI
6.75,6.77,6.75,6.77,700,2021-10-19 16:55:00,FTCI
6.76,6.76,6.74,6.759,1388,2021-10-19 17:00:00,FTCI
6.75,6.77,6.75,6.76,400,2021-10-19 17:05:00,FTCI
6.77,6.83,6.77,6.83,2787,2021-10-19 17:10:00,FTCI
6.83,6.83,6.79,6.79,3775,2021-10-19 17:15:00,FTCI
6.8,6.83,6.79,6.81,4098,2021-10-19 17:20:00,FTCI
6.81,6.81,6.78,6.78,800,2021-10-19 17:25:00,FTCI
6.78,6.79,6.78,6.78,600,2021-10-19 17:30:00,FTCI
6.8,6.81,6.8,6.8,2555,2021-10-19 17:35:00,FTCI
6.82,6.83,6.79,6.81,4002,2021-10-19 17:40:00,FTCI
6.79,6.79,6.78,6.78,1108,2021-10-19 17:45:00,FTCI
6.78,6.79,6.76,6.77,2200,2021-10-19 17:50:00,FTCI
6.77,6.78,6.76,6.76,300,2021-10-19 17:55:00,FTCI
6.78,6.79,6.77,6.78,1104,2021-10-19 18:00:00,FTCI
6.79,6.82,6.78,6.815,40253,2021-10-19 18:05:00,FTCI
6.815,6.815,6.73,6.73,4661,2021-10-19 18:10:00,FTCI
6.74,6.755,6.74,6.75,1937,2021-10-19 18:15:00,FTCI
6.74,6.75,6.72,6.74,16486,2021-10-19 18:20:00,FTCI
6.72,6.73,6.71,6.73,1700,2021-10-19 18:25:00,FTCI
6.7201,6.73,6.72,6.72,3210,2021-10-19 18:30:00,FTCI
6.71,6.74,6.69,6.74,13043,2021-10-19 18:35:00,FTCI
6.7499,6.76,6.7499,6.759,3448,2021-10-19 18:40:00,FTCI
6.74,6.74,6.73,6.74,1343,2021-10-19 18:45:00,FTCI
6.74,6.77,6.73,6.76,28900,2021-10-19 18:50:00,FTCI
6.765,6.77,6.755,6.76,6146,2021-10-19 18:55:00,FTCI
6.755,6.755,6.74,6.745,1800,2021-10-19 19:00:00,FTCI
6.74,6.75,6.72,6.75,4328,2021-10-19 19:05:00,FTCI
6.745,6.75,6.745,6.75,700,2021-10-19 19:10:00,FTCI
6.745,6.755,6.74,6.755,5142,2021-10-19 19:15:00,FTCI
6.76,6.76,6.74,6.74,1500,2021-10-19 19:20:00,FTCI
6.75,6.755,6.75,6.755,6000,2021-10-19 19:25:00,FTCI
6.755,6.775,6.75,6.775,17172,2021-10-19 19:30:00,FTCI
6.775,6.78,6.77,6.775,22060,2021-10-19 19:35:00,FTCI
6.775,6.78,6.75,6.77,16561,2021-10-19 19:40:00,FTCI
6.77,6.77,6.75,6.77,15844,2021-10-19 19:45:00,FTCI
6.77,6.77,6.75,6.77,15712,2021-10-19 19:50:00,FTCI
6.77,6.78,6.75,6.77,47042,2021-10-19 19:55:00,FTCI
6.76,6.76,6.76,6.76,144849,2021-10-19 20:00:00,FTCI
6.74,6.74,6.74,6.74,591,2021-10-20 10:00:00,FTCI
6.77,6.77,6.77,6.77,1000,2021-10-20 11:00:00,FTCI
6.91,7.0,6.91,7.0,4755,2021-10-20 11:15:00,FTCI
6.94,6.94,6.94,6.94,2254,2021-10-20 11:25:00,FTCI
6.91,6.95,6.9,6.9,2694,2021-10-20 11:30:00,FTCI
6.9,6.9,6.9,6.9,578,2021-10-20 11:40:00,FTCI
6.91,6.91,6.9,6.9,1106,2021-10-20 11:45:00,FTCI
7.0,7.06,6.95,7.06,8305,2021-10-20 12:05:00,FTCI
7.06,7.06,6.98,6.98,2289,2021-10-20 12:10:00,FTCI
6.98,6.98,6.98,6.98,200,2021-10-20 12:15:00,FTCI
6.98,6.98,6.98,6.98,316,2021-10-20 12:20:00,FTCI
6.95,7.09,6.95,7.01,4832,2021-10-20 12:30:00,FTCI
6.99,6.99,6.99,6.99,382,2021-10-20 12:40:00,FTCI
6.99,6.99,6.95,6.95,3262,2021-10-20 12:45:00,FTCI
6.96,6.96,6.96,6.96,240,2021-10-20 13:00:00,FTCI
6.96,6.96,6.96,6.96,106,2021-10-20 13:05:00,FTCI
6.89,6.9,6.74,6.75,93174,2021-10-20 13:30:00,FTCI
6.75,6.87,6.7,6.775,74809,2021-10-20 13:35:00,FTCI
6.785,6.798,6.74,6.76,99722,2021-10-20 13:40:00,FTCI
6.74,6.78,6.73,6.74,18967,2021-10-20 13:45:00,FTCI
6.75,6.77,6.73,6.765,43375,2021-10-20 13:50:00,FTCI
6.765,6.88,6.76,6.88,40504,2021-10-20 13:55:00,FTCI
6.88,7.0,6.88,6.945,23346,2021-10-20 14:00:00,FTCI
6.9599,6.9599,6.86,6.94,110983,2021-10-20 14:05:00,FTCI
6.93,6.955,6.93,6.9501,4136,2021-10-20 14:10:00,FTCI
6.965,6.965,6.9,6.95,12709,2021-10-20 14:15:00,FTCI
6.95,6.96,6.93,6.93,16411,2021-10-20 14:20:00,FTCI
6.95,6.96,6.94,6.95,16786,2021-10-20 14:25:00,FTCI
6.95,7.0,6.93,7.0,84235,2021-10-20 14:30:00,FTCI
7.0,7.0454,6.95,6.96,19148,2021-10-20 14:35:00,FTCI
6.97,7.0,6.97,7.0,4700,2021-10-20 14:40:00,FTCI
7.005,7.005,6.97,6.98,1890,2021-10-20 14:45:00,FTCI
7.0,7.0,6.97,6.97,2050,2021-10-20 14:50:00,FTCI
6.95,6.98,6.95,6.955,3889,2021-10-20 14:55:00,FTCI
6.95,6.95,6.91,6.92,5025,2021-10-20 15:00:00,FTCI
6.905,6.91,6.88,6.89,6058,2021-10-20 15:05:00,FTCI
6.895,6.9,6.89,6.9,1990,2021-10-20 15:10:00,FTCI
6.89,6.9,6.85,6.9,28388,2021-10-20 15:15:00,FTCI
6.8964,6.9099,6.89,6.9099,3650,2021-10-20 15:20:00,FTCI
6.88,6.91,6.88,6.89,7966,2021-10-20 15:25:00,FTCI
6.885,6.91,6.885,6.91,6393,2021-10-20 15:30:00,FTCI
6.93,6.955,6.93,6.94,6204,2021-10-20 15:35:00,FTCI
6.94,6.94,6.9316,6.9316,258,2021-10-20 15:40:00,FTCI
6.93,6.96,6.91,6.96,29737,2021-10-20 15:45:00,FTCI
6.96,7.0,6.9515,6.99,16876,2021-10-20 15:50:00,FTCI
6.99,6.99,6.984,6.985,2500,2021-10-20 15:55:00,FTCI
6.99,7.0,6.98,6.98,12790,2021-10-20 16:00:00,FTCI
6.9898,7.0,6.98,7.0,8282,2021-10-20 16:05:00,FTCI
7.0,7.01,6.98,6.99,15213,2021-10-20 16:10:00,FTCI
6.995,7.01,6.995,7.0,30257,2021-10-20 16:15:00,FTCI
7.0,7.0,6.995,7.0,2909,2021-10-20 16:20:00,FTCI
6.995,7.0,6.995,6.995,1400,2021-10-20 16:25:00,FTCI
6.99,6.99,6.9808,6.99,1825,2021-10-20 16:30:00,FTCI
6.99,7.0,6.985,7.0,7852,2021-10-20 16:35:00,FTCI
7.0,7.1,7.0,7.035,125985,2021-10-20 16:40:00,FTCI
7.04,7.0457,7.02,7.03,8716,2021-10-20 16:45:00,FTCI
7.035,7.05,7.0216,7.05,19926,2021-10-20 16:50:00,FTCI
7.035,7.047,7.0301,7.035,4927,2021-10-20 16:55:00,FTCI
7.04,7.04,7.02,7.025,3274,2021-10-20 17:00:00,FTCI
7.02,7.02,6.995,6.995,2349,2021-10-20 17:05:00,FTCI
6.99,7.0,6.97,7.0,7125,2021-10-20 17:10:00,FTCI
6.999,7.03,6.999,7.02,17380,2021-10-20 17:15:00,FTCI
7.015,7.06,7.015,7.045,26064,2021-10-20 17:20:00,FTCI
7.0357,7.0357,7.0,7.015,9117,2021-10-20 17:25:00,FTCI
7.015,7.025,6.99,6.99,7067,2021-10-20 17:30:00,FTCI
7.0,7.01,7.0,7.0,5644,2021-10-20 17:35:00,FTCI
7.0,7.0272,6.995,6.995,4928,2021-10-20 17:40:00,FTCI
7.0,7.0,6.99,6.995,1183,2021-10-20 17:45:00,FTCI
7.0034,7.01,6.99,7.0,5263,2021-10-20 17:50:00,FTCI
7.01,7.01,7.01,7.01,2000,2021-10-20 17:55:00,FTCI
7.0,7.02,7.0,7.02,3357,2021-10-20 18:00:00,FTCI
7.03,7.03,7.02,7.02,1209,2021-10-20 18:05:00,FTCI
7.02,7.02,7.0,7.01,6984,2021-10-20 18:10:00,FTCI
7.0,7.05,7.0,7.05,10596,2021-10-20 18:15:00,FTCI
7.05,7.05,7.04,7.046,500,2021-10-20 18:20:00,FTCI
7.0309,7.04,7.03,7.03,3596,2021-10-20 18:25:00,FTCI
7.0227,7.04,7.0124,7.03,3693,2021-10-20 18:30:00,FTCI
7.03,7.05,7.03,7.05,9343,2021-10-20 18:35:00,FTCI
7.0328,7.04,7.03,7.04,2048,2021-10-20 18:40:00,FTCI
7.03,7.04,7.03,7.04,300,2021-10-20 18:45:00,FTCI
7.04,7.06,7.04,7.06,18638,2021-10-20 18:50:00,FTCI
7.06,7.08,7.06,7.08,16874,2021-10-20 18:55:00,FTCI
7.0701,7.08,7.07,7.08,1200,2021-10-20 19:00:00,FTCI
7.08,7.08,7.0788,7.08,1578,2021-10-20 19:05:00,FTCI
7.08,7.0899,7.045,7.045,6828,2021-10-20 19:10:00,FTCI
7.05,7.05,7.01,7.025,6602,2021-10-20 19:15:00,FTCI
7.03,7.05,7.03,7.03,900,2021-10-20 19:20:00,FTCI
7.02,7.04,7.02,7.03,3000,2021-10-20 19:25:00,FTCI
7.02,7.03,7.0118,7.03,6261,2021-10-20 19:30:00,FTCI
7.04,7.04,7.03,7.03,2712,2021-10-20 19:35:00,FTCI
7.04,7.12,7.04,7.12,26672,2021-10-20 19:40:00,FTCI
7.12,7.14,7.12,7.13,9091,2021-10-20 19:45:00,FTCI
7.15,7.15,7.1,7.13,38197,2021-10-20 19:50:00,FTCI
7.13,7.17,7.12,7.12,64099,2021-10-20 19:55:00,FTCI
7.15,7.15,7.15,7.15,59309,2021-10-20 20:00:00,FTCI
7.15,7.15,7.15,7.15,200,2021-10-20 20:05:00,FTCI
7.15,7.15,7.15,7.15,1000,2021-10-20 20:40:00,FTCI
7.15,7.15,7.15,7.15,100,2021-10-20 20:45:00,FTCI
7.13,7.13,7.13,7.13,100,2021-10-20 21:15:00,FTCI
7.1499,7.1499,7.1499,7.1499,100,2021-10-20 21:25:00,FTCI
7.15,7.15,7.15,7.15,109,2021-10-20 21:50:00,FTCI
7.15,7.15,7.15,7.15,200,2021-10-20 21:55:00,FTCI
7.21,7.23,7.15,7.23,4900,2021-10-20 22:00:00,FTCI
7.22,7.26,7.2,7.2,1120,2021-10-20 22:05:00,FTCI
7.26,7.26,7.25,7.25,2100,2021-10-20 22:10:00,FTCI
7.25,7.42,7.24,7.42,22111,2021-10-20 22:15:00,FTCI
7.45,7.95,7.45,7.95,3860,2021-10-20 22:20:00,FTCI
7.88,7.88,7.7,7.7,4703,2021-10-20 22:25:00,FTCI
7.75,7.81,7.75,7.8,7812,2021-10-20 22:30:00,FTCI
7.8,7.95,7.8,7.8,1446,2021-10-20 22:35:00,FTCI
7.8,7.82,7.8,7.82,1799,2021-10-20 22:40:00,FTCI
7.82,7.82,7.82,7.82,200,2021-10-20 22:45:00,FTCI
7.82,7.82,7.82,7.82,150,2021-10-20 22:50:00,FTCI
7.94,7.94,7.9,7.92,1600,2021-10-20 22:55:00,FTCI
7.95,7.95,7.92,7.92,485,2021-10-20 23:00:00,FTCI
7.75,7.75,7.75,7.75,2000,2021-10-20 23:10:00,FTCI
7.8,7.8,7.8,7.8,100,2021-10-20 23:15:00,FTCI
7.95,7.95,7.95,7.95,450,2021-10-20 23:25:00,FTCI
7.9,7.95,7.9,7.95,250,2021-10-20 23:30:00,FTCI
7.95,7.95,7.9499,7.9499,3300,2021-10-20 23:40:00,FTCI
7.95,7.95,7.95,7.95,200,2021-10-20 23:45:00,FTCI
7.8,7.8,7.8,7.8,985,2021-10-20 23:50:00,FTCI
7.84,7.85,7.8,7.85,1250,2021-10-20 23:55:00,FTCI
7.7,7.7,7.7,7.7,100,2021-10-21 08:35:00,FTCI
7.7,7.7,7.7,7.7,133,2021-10-21 09:30:00,FTCI
7.78,7.78,7.78,7.78,200,2021-10-21 11:00:00,FTCI
7.78,7.7999,7.78,7.7999,830,2021-10-21 11:55:00,FTCI
7.7999,7.7999,7.5,7.5999,41363,2021-10-21 12:00:00,FTCI
7.55,7.55,7.55,7.55,500,2021-10-21 12:05:00,FTCI
7.55,7.55,7.53,7.55,1662,2021-10-21 12:10:00,FTCI
7.54,7.55,7.54,7.55,600,2021-10-21 12:15:00,FTCI
7.55,7.55,7.55,7.55,1100,2021-10-21 12:20:00,FTCI
7.5,7.52,7.5,7.52,270,2021-10-21 12:25:00,FTCI
7.49,7.5,7.49,7.5,1598,2021-10-21 12:30:00,FTCI
7.78,7.78,7.6,7.6,320,2021-10-21 12:40:00,FTCI
7.75,7.75,7.75,7.75,100,2021-10-21 12:45:00,FTCI
7.75,7.75,7.75,7.75,200,2021-10-21 12:50:00,FTCI
7.55,7.69,7.55,7.69,595,2021-10-21 12:55:00,FTCI
7.69,7.69,7.69,7.69,611,2021-10-21 13:00:00,FTCI
7.5799,7.58,7.5,7.5,4723,2021-10-21 13:05:00,FTCI
7.5,7.5,7.43,7.49,8106,2021-10-21 13:15:00,FTCI
7.48,7.49,7.4,7.44,7771,2021-10-21 13:20:00,FTCI
7.44,7.8,7.44,7.75,6251,2021-10-21 13:25:00,FTCI
7.7,7.73,7.31,7.4,159418,2021-10-21 13:30:00,FTCI
7.4607,7.6,7.39,7.45,53189,2021-10-21 13:35:00,FTCI
7.51,7.61,7.45,7.54,55193,2021-10-21 13:40:00,FTCI
7.61,7.7,7.54,7.67,48655,2021-10-21 13:45:00,FTCI
7.64,8.07,7.62,7.96,206971,2021-10-21 13:50:00,FTCI
7.96,8.06,7.64,7.78,261973,2021-10-21 13:55:00,FTCI
7.78,7.78,7.65,7.69,96279,2021-10-21 14:00:00,FTCI
7.7,7.93,7.69,7.83,77934,2021-10-21 14:05:00,FTCI
7.78,7.85,7.77,7.7882,43914,2021-10-21 14:10:00,FTCI
7.785,7.8,7.73,7.795,35256,2021-10-21 14:15:00,FTCI
7.795,7.834,7.77,7.808,13342,2021-10-21 14:20:00,FTCI
7.805,8.0197,7.8,7.995,56249,2021-10-21 14:25:00,FTCI
8.0,8.11,7.96,8.04,36945,2021-10-21 14:30:00,FTCI
8.04,8.07,7.95,8.0,44281,2021-10-21 14:35:00,FTCI
8.005,8.15,7.99,8.06,29383,2021-10-21 14:40:00,FTCI
8.08,8.1399,7.98,7.99,28296,2021-10-21 14:45:00,FTCI
7.98,8.07,7.93,8.03,23987,2021-10-21 14:50:00,FTCI
8.0314,8.12,8.025,8.05,31166,2021-10-21 14:55:00,FTCI
8.05,8.06,7.98,8.0066,21928,2021-10-21 15:00:00,FTCI
8.015,8.03,7.91,7.96,35750,2021-10-21 15:05:00,FTCI
7.9566,7.9947,7.93,7.985,12089,2021-10-21 15:10:00,FTCI
7.99,7.9999,7.92,7.92,8665,2021-10-21 15:15:00,FTCI
7.92,7.92,7.78,7.79,41940,2021-10-21 15:20:00,FTCI
7.79,7.8,7.68,7.705,46918,2021-10-21 15:25:00,FTCI
7.705,7.75,7.66,7.71,46625,2021-10-21 15:30:00,FTCI
7.72,7.7404,7.68,7.6824,30966,2021-10-21 15:35:00,FTCI
7.68,7.72,7.63,7.655,15180,2021-10-21 15:40:00,FTCI
7.65,7.73,7.65,7.67,9571,2021-10-21 15:45:00,FTCI
7.67,7.6999,7.6525,7.685,5964,2021-10-21 15:50:00,FTCI
7.685,7.75,7.685,7.74,14026,2021-10-21 15:55:00,FTCI
7.74,7.75,7.71,7.71,11807,2021-10-21 16:00:00,FTCI
7.725,7.74,7.6819,7.74,8548,2021-10-21 16:05:00,FTCI
7.728,7.74,7.68,7.68,16469,2021-10-21 16:10:00,FTCI
7.671,7.7,7.63,7.6647,12795,2021-10-21 16:15:00,FTCI
7.6566,7.68,7.64,7.67,6094,2021-10-21 16:20:00,FTCI
7.66,7.675,7.655,7.67,4781,2021-10-21 16:25:00,FTCI
7.65,7.69,7.64,7.68,4815,2021-10-21 16:30:00,FTCI
7.6844,7.7,7.665,7.665,5000,2021-10-21 16:35:00,FTCI
7.67,7.742,7.67,7.7301,23006,2021-10-21 16:40:00,FTCI
7.73,7.7456,7.73,7.74,10693,2021-10-21 16:45:00,FTCI
7.74,7.7568,7.73,7.74,11768,2021-10-21 16:50:00,FTCI
7.74,7.75,7.72,7.7345,4672,2021-10-21 16:55:00,FTCI
7.73,7.75,7.7,7.7166,20804,2021-10-21 17:00:00,FTCI
7.73,7.735,7.71,7.735,2138,2021-10-21 17:05:00,FTCI
7.73,7.75,7.71,7.725,9977,2021-10-21 17:10:00,FTCI
7.7299,7.75,7.72,7.7399,6365,2021-10-21 17:15:00,FTCI
7.74,7.75,7.725,7.7297,11539,2021-10-21 17:20:00,FTCI
7.74,7.741,7.72,7.73,3672,2021-10-21 17:25:00,FTCI
7.74,7.74,7.72,7.74,9125,2021-10-21 17:30:00,FTCI
7.74,7.75,7.715,7.715,32085,2021-10-21 17:35:00,FTCI
7.72,7.72,7.6625,7.6625,11441,2021-10-21 17:40:00,FTCI
7.67,7.68,7.64,7.66,24660,2021-10-21 17:45:00,FTCI
7.655,7.66,7.63,7.63,8788,2021-10-21 17:50:00,FTCI
7.62,7.6323,7.62,7.62,1606,2021-10-21 17:55:00,FTCI
7.64,7.68,7.64,7.68,5598,2021-10-21 18:00:00,FTCI
7.682,7.71,7.68,7.7,3538,2021-10-21 18:05:00,FTCI
7.705,7.72,7.705,7.71,6166,2021-10-21 18:10:00,FTCI
7.7198,7.73,7.71,7.72,2588,2021-10-21 18:15:00,FTCI
7.72,7.73,7.7,7.7,9615,2021-10-21 18:20:00,FTCI
7.7,7.7,7.66,7.67,3890,2021-10-21 18:25:00,FTCI
7.6778,7.699,7.67,7.6701,9794,2021-10-21 18:30:00,FTCI
7.68,7.69,7.67,7.6799,4147,2021-10-21 18:35:00,FTCI
7.68,7.74,7.68,7.74,11471,2021-10-21 18:40:00,FTCI
7.74,7.755,7.73,7.74,13253,2021-10-21 18:45:00,FTCI
7.74,7.7499,7.72,7.7499,11040,2021-10-21 18:50:00,FTCI
7.7425,7.747,7.73,7.74,13052,2021-10-21 18:55:00,FTCI
7.745,7.755,7.68,7.7,20381,2021-10-21 19:00:00,FTCI
7.6901,7.7417,7.6901,7.7417,17016,2021-10-21 19:05:00,FTCI
7.7399,7.75,7.715,7.73,13558,2021-10-21 19:10:00,FTCI
7.72,7.74,7.71,7.72,11710,2021-10-21 19:15:00,FTCI
7.72,7.74,7.69,7.69,12895,2021-10-21 19:20:00,FTCI
7.69,7.72,7.66,7.715,14456,2021-10-21 19:25:00,FTCI
7.715,7.7392,7.7,7.73,23026,2021-10-21 19:30:00,FTCI
7.72,7.8,7.72,7.775,96714,2021-10-21 19:35:00,FTCI
7.79,7.79,7.74,7.765,20211,2021-10-21 19:40:00,FTCI
7.765,7.775,7.75,7.76,14381,2021-10-21 19:45:00,FTCI
7.77,7.82,7.77,7.8,50691,2021-10-21 19:50:00,FTCI
7.8,7.85,7.79,7.82,59194,2021-10-21 19:55:00,FTCI
7.81,7.82,7.81,7.82,120759,2021-10-21 20:00:00,FTCI
7.77,7.77,7.76,7.76,380,2021-10-21 20:10:00,FTCI
7.77,7.77,7.77,7.77,400,2021-10-21 20:30:00,FTCI
7.77,7.77,7.76,7.76,823,2021-10-21 20:35:00,FTCI
7.76,7.76,7.76,7.76,705,2021-10-21 20:45:00,FTCI
7.76,7.76,7.76,7.76,827,2021-10-21 21:00:00,FTCI
7.76,7.76,7.76,7.76,200,2021-10-21 21:05:00,FTCI
7.77,7.77,7.77,7.77,1693,2021-10-21 21:15:00,FTCI
7.81,7.81,7.81,7.81,100,2021-10-21 21:20:00,FTCI
7.81,7.81,7.81,7.81,345,2021-10-21 21:35:00,FTCI
7.81,7.81,7.81,7.81,100,2021-10-21 21:50:00,FTCI
7.89,7.89,7.89,7.89,200,2021-10-21 22:20:00,FTCI
7.87,7.88,7.87,7.88,300,2021-10-21 23:45:00,FTCI
7.87,7.95,7.87,7.95,645,2021-10-21 23:55:00,FTCI
7.81,7.81,7.81,7.81,200,2021-10-22 08:20:00,FTCI
7.81,7.81,7.81,7.81,103,2021-10-22 09:10:00,FTCI
7.81,7.81,7.81,7.81,100,2021-10-22 10:15:00,FTCI
7.94,7.95,7.94,7.95,482,2021-10-22 11:00:00,FTCI
7.83,7.83,7.83,7.83,1290,2021-10-22 11:10:00,FTCI
7.87,7.87,7.87,7.87,506,2021-10-22 11:30:00,FTCI
7.87,7.87,7.87,7.87,100,2021-10-22 12:10:00,FTCI
7.87,7.95,7.85,7.95,14312,2021-10-22 12:30:00,FTCI
7.95,7.95,7.9,7.9,8000,2021-10-22 12:35:00,FTCI
7.9495,7.95,7.9495,7.9495,6000,2021-10-22 12:40:00,FTCI
7.9495,7.95,7.9495,7.95,1803,2021-10-22 12:45:00,FTCI
7.945,7.95,7.89,7.89,3459,2021-10-22 13:10:00,FTCI
7.9,7.9499,7.9,7.94,4233,2021-10-22 13:15:00,FTCI
7.95,7.95,7.9099,7.91,2064,2021-10-22 13:20:00,FTCI
7.94,7.99,7.92,7.96,7423,2021-10-22 13:25:00,FTCI
7.92,8.0481,7.68,7.95,123286,2021-10-22 13:30:00,FTCI
7.9999,8.05,7.78,7.855,55484,2021-10-22 13:35:00,FTCI
7.83,7.9,7.72,7.7799,41593,2021-10-22 13:40:00,FTCI
7.72,7.78,7.59,7.61,23489,2021-10-22 13:45:00,FTCI
7.6499,7.76,7.629,7.722,13172,2021-10-22 13:50:00,FTCI
7.7329,7.85,7.72,7.8,24071,2021-10-22 13:55:00,FTCI
7.76,7.76,7.65,7.6577,8565,2021-10-22 14:00:00,FTCI
7.6445,7.75,7.6445,7.75,13699,2021-10-22 14:05:00,FTCI
7.75,7.75,7.67,7.6914,5624,2021-10-22 14:10:00,FTCI
7.7,7.72,7.62,7.69,15966,2021-10-22 14:15:00,FTCI
7.65,7.696,7.65,7.69,4205,2021-10-22 14:20:00,FTCI
7.7,7.7402,7.67,7.67,9507,2021-10-22 14:25:00,FTCI
7.699,7.7,7.67,7.67,4414,2021-10-22 14:30:00,FTCI
7.66,7.6908,7.65,7.65,17033,2021-10-22 14:35:00,FTCI
7.65,7.65,7.5441,7.59,15000,2021-10-22 14:40:00,FTCI
7.59,7.61,7.51,7.51,3482,2021-10-22 14:45:00,FTCI
7.5399,7.56,7.52,7.54,8275,2021-10-22 14:50:00,FTCI
7.56,7.57,7.53,7.53,6600,2021-10-22 14:55:00,FTCI
7.55,7.6,7.55,7.595,8202,2021-10-22 15:00:00,FTCI
7.61,7.615,7.575,7.575,4396,2021-10-22 15:05:00,FTCI
7.56,7.579,7.535,7.535,5697,2021-10-22 15:10:00,FTCI
7.54,7.56,7.52,7.53,7912,2021-10-22 15:15:00,FTCI
7.54,7.54,7.515,7.52,14489,2021-10-22 15:20:00,FTCI
7.515,7.55,7.46,7.46,30027,2021-10-22 15:25:00,FTCI
7.45,7.4899,7.45,7.45,10695,2021-10-22 15:30:00,FTCI
7.465,7.465,7.36,7.39,22849,2021-10-22 15:35:00,FTCI
7.3925,7.3925,7.35,7.37,8269,2021-10-22 15:40:00,FTCI
7.38,7.41,7.37,7.41,11913,2021-10-22 15:45:00,FTCI
7.4,7.4,7.36,7.37,7066,2021-10-22 15:50:00,FTCI
7.37,7.399,7.36,7.39,5465,2021-10-22 15:55:00,FTCI
7.39,7.41,7.39,7.41,7222,2021-10-22 16:00:00,FTCI
7.41,7.425,7.3,7.32,28199,2021-10-22 16:05:00,FTCI
7.32,7.388,7.32,7.37,11577,2021-10-22 16:10:00,FTCI
7.37,7.38,7.34,7.36,2809,2021-10-22 16:15:00,FTCI
7.33,7.36,7.33,7.36,5344,2021-10-22 16:20:00,FTCI
7.36,7.39,7.35,7.37,5773,2021-10-22 16:25:00,FTCI
7.36,7.36,7.33,7.35,10509,2021-10-22 16:30:00,FTCI
7.35,7.38,7.34,7.38,9570,2021-10-22 16:35:00,FTCI
7.385,7.46,7.385,7.45,13489,2021-10-22 16:40:00,FTCI
7.46,7.47,7.42,7.42,2079,2021-10-22 16:45:00,FTCI
7.43,7.43,7.409,7.42,6001,2021-10-22 16:50:00,FTCI
7.42,7.43,7.4,7.4,5763,2021-10-22 16:55:00,FTCI
7.4,7.4199,7.38,7.4199,9710,2021-10-22 17:00:00,FTCI
7.41,7.5,7.41,7.5,17314,2021-10-22 17:05:00,FTCI
7.5,7.7912,7.49,7.7,137375,2021-10-22 17:10:00,FTCI
7.728,7.78,7.71,7.7499,23399,2021-10-22 17:15:00,FTCI
7.75,7.75,7.63,7.645,24276,2021-10-22 17:20:00,FTCI
7.6467,7.69,7.61,7.64,22208,2021-10-22 17:25:00,FTCI
7.635,7.635,7.535,7.56,17243,2021-10-22 17:30:00,FTCI
7.565,7.7,7.565,7.67,17085,2021-10-22 17:35:00,FTCI
7.6999,7.6999,7.63,7.64,9764,2021-10-22 17:40:00,FTCI
7.65,7.67,7.6,7.6,11996,2021-10-22 17:45:00,FTCI
7.61,7.66,7.59,7.605,14505,2021-10-22 17:50:00,FTCI
7.62,7.66,7.57,7.66,12942,2021-10-22 17:55:00,FTCI
7.65,7.67,7.6,7.6,15517,2021-10-22 18:00:00,FTCI
7.61,7.64,7.56,7.575,4184,2021-10-22 18:05:00,FTCI
7.57,7.59,7.55,7.585,12186,2021-10-22 18:10:00,FTCI
7.585,7.66,7.58,7.635,10514,2021-10-22 18:15:00,FTCI
7.65,7.65,7.61,7.61,7903,2021-10-22 18:20:00,FTCI
7.62,7.65,7.61,7.615,7904,2021-10-22 18:25:00,FTCI
7.63,7.67,7.62,7.65,6914,2021-10-22 18:30:00,FTCI
7.65,7.655,7.58,7.58,16390,2021-10-22 18:35:00,FTCI
7.56,7.6,7.56,7.58,9588,2021-10-22 18:40:00,FTCI
7.5899,7.63,7.5817,7.61,10642,2021-10-22 18:45:00,FTCI
7.6,7.6217,7.58,7.61,4632,2021-10-22 18:50:00,FTCI
7.6,7.63,7.6,7.61,7547,2021-10-22 18:55:00,FTCI
7.61,7.65,7.61,7.63,8206,2021-10-22 19:00:00,FTCI
7.64,7.685,7.6327,7.67,13619,2021-10-22 19:05:00,FTCI
7.679,7.69,7.665,7.68,7796,2021-10-22 19:10:00,FTCI
7.68,7.69,7.6599,7.66,11805,2021-10-22 19:15:00,FTCI
7.67,7.67,7.63,7.66,11885,2021-10-22 19:20:00,FTCI
7.67,7.67,7.63,7.655,9889,2021-10-22 19:25:00,FTCI
7.66,7.69,7.66,7.69,12554,2021-10-22 19:30:00,FTCI
7.69,7.69,7.66,7.67,16469,2021-10-22 19:35:00,FTCI
7.67,7.69,7.6595,7.67,18085,2021-10-22 19:40:00,FTCI
7.665,7.67,7.6334,7.66,25819,2021-10-22 19:45:00,FTCI
7.66,7.67,7.605,7.61,36444,2021-10-22 19:50:00,FTCI
7.61,7.67,7.61,7.65,53429,2021-10-22 19:55:00,FTCI
7.65,7.72,7.65,7.72,58782,2021-10-22 20:00:00,FTCI
7.7199,7.7199,7.7199,7.7199,500,2021-10-22 20:10:00,FTCI
7.6,7.6,7.6,7.6,1000,2021-10-22 20:30:00,FTCI
7.72,7.72,7.72,7.72,500,2021-10-22 20:35:00,FTCI
7.6,7.62,7.6,7.62,1000,2021-10-22 21:00:00,FTCI
7.61,7.61,7.61,7.61,553,2021-10-22 23:25:00,FTCI
7.33,7.33,7.33,7.33,173,2021-10-25 08:30:00,FTCI
7.65,7.65,7.65,7.65,100,2021-10-25 11:55:00,FTCI
7.65,7.65,7.65,7.65,100,2021-10-25 13:00:00,FTCI
7.74,7.74,7.74,7.74,100,2021-10-25 13:25:00,FTCI
7.74,7.76,7.63,7.69,39734,2021-10-25 13:30:00,FTCI
7.69,7.7185,7.61,7.665,10779,2021-10-25 13:35:00,FTCI
7.64,7.69,7.3,7.5494,88952,2021-10-25 13:40:00,FTCI
7.5655,7.5655,7.4645,7.53,10957,2021-10-25 13:45:00,FTCI
7.54,7.57,7.52,7.57,5517,2021-10-25 13:50:00,FTCI
7.5799,7.7297,7.5799,7.7297,8323,2021-10-25 13:55:00,FTCI
7.7391,7.78,7.71,7.78,12060,2021-10-25 14:00:00,FTCI
7.79,7.8393,7.77,7.78,16599,2021-10-25 14:05:00,FTCI
7.7901,7.86,7.78,7.84,15674,2021-10-25 14:10:00,FTCI
7.86,7.9,7.83,7.85,9910,2021-10-25 14:15:00,FTCI
7.86,7.92,7.83,7.92,13637,2021-10-25 14:20:00,FTCI
7.92,7.92,7.87,7.9,13883,2021-10-25 14:25:00,FTCI
7.9,7.9541,7.88,7.9541,10722,2021-10-25 14:30:00,FTCI
7.948,7.96,7.9,7.9,20003,2021-10-25 14:35:00,FTCI
7.91,7.975,7.91,7.975,12696,2021-10-25 14:40:00,FTCI
7.98,8.0699,7.98,8.015,21461,2021-10-25 14:45:00,FTCI
8.015,8.02,7.93,7.93,26174,2021-10-25 14:50:00,FTCI
7.945,7.999,7.93,7.97,20108,2021-10-25 14:55:00,FTCI
7.97,7.98,7.9126,7.93,20879,2021-10-25 15:00:00,FTCI
7.93,7.96,7.9,7.95,13372,2021-10-25 15:05:00,FTCI
7.93,7.99,7.93,7.98,13691,2021-10-25 15:10:00,FTCI
7.99,7.99,7.97,7.97,1000,2021-10-25 15:15:00,FTCI
7.97,8.03,7.97,8.02,17540,2021-10-25 15:20:00,FTCI
8.03,8.08,8.03,8.08,9401,2021-10-25 15:25:00,FTCI
8.07,8.08,8.04,8.0695,4360,2021-10-25 15:30:00,FTCI
8.08,8.15,8.08,8.08,20393,2021-10-25 15:35:00,FTCI
8.08,8.0887,8.05,8.06,4731,2021-10-25 15:40:00,FTCI
8.07,8.08,8.06,8.07,4373,2021-10-25 15:45:00,FTCI
8.065,8.065,8.0,8.015,15588,2021-10-25 15:50:00,FTCI
8.0,8.0,7.94,7.96,8669,2021-10-25 15:55:00,FTCI
7.95,7.95,7.92,7.92,9941,2021-10-25 16:00:00,FTCI
7.93,7.945,7.9,7.91,10582,2021-10-25 16:05:00,FTCI
7.9,7.9399,7.9,7.91,7600,2021-10-25 16:10:00,FTCI
7.91,7.92,7.9,7.91,5246,2021-10-25 16:15:00,FTCI
7.91,7.91,7.86,7.87,7696,2021-10-25 16:20:00,FTCI
7.86,7.87,7.84,7.84,11147,2021-10-25 16:25:00,FTCI
7.84,7.8558,7.83,7.845,7293,2021-10-25 16:30:00,FTCI
7.845,7.86,7.82,7.84,11944,2021-10-25 16:35:00,FTCI
7.82,7.8909,7.82,7.86,6005,2021-10-25 16:40:00,FTCI
7.88,7.9,7.84,7.84,10187,2021-10-25 16:45:00,FTCI
7.8484,7.85,7.83,7.8483,4980,2021-10-25 16:50:00,FTCI
7.84,7.86,7.83,7.8574,5954,2021-10-25 16:55:00,FTCI
7.84,7.89,7.84,7.86,12080,2021-10-25 17:00:00,FTCI
7.86,7.89,7.85,7.865,12829,2021-10-25 17:05:00,FTCI
7.89,7.92,7.87,7.88,9458,2021-10-25 17:10:00,FTCI
7.9,7.92,7.86,7.8998,23190,2021-10-25 17:15:00,FTCI
7.88,7.9,7.86,7.9,20687,2021-10-25 17:20:00,FTCI
7.9,7.93,7.89,7.89,30865,2021-10-25 17:25:00,FTCI
7.9078,7.99,7.89,7.97,10137,2021-10-25 17:30:00,FTCI
7.97,8.0,7.97,7.98,6250,2021-10-25 17:35:00,FTCI
7.99,7.99,7.93,7.95,8031,2021-10-25 17:40:00,FTCI
7.95,7.95,7.9,7.91,6118,2021-10-25 17:45:00,FTCI
7.91,7.9359,7.91,7.93,2380,2021-10-25 17:50:00,FTCI
7.938,7.95,7.93,7.94,6434,2021-10-25 17:55:00,FTCI
7.94,7.95,7.92,7.94,9877,2021-10-25 18:00:00,FTCI
7.935,7.95,7.93,7.94,4906,2021-10-25 18:05:00,FTCI
7.945,7.95,7.93,7.94,4372,2021-10-25 18:10:00,FTCI
7.95,7.95,7.93,7.94,9890,2021-10-25 18:15:00,FTCI
7.95,7.95,7.93,7.93,7863,2021-10-25 18:20:00,FTCI
7.9395,7.965,7.9395,7.96,5414,2021-10-25 18:25:00,FTCI
7.98,8.02,7.95,7.98,19928,2021-10-25 18:30:00,FTCI
7.99,7.995,7.96,7.97,5578,2021-10-25 18:35:00,FTCI
7.97,8.0,7.96,8.0,22009,2021-10-25 18:40:00,FTCI
8.0,8.04,7.97,7.99,19578,2021-10-25 18:45:00,FTCI
8.005,8.03,8.005,8.0208,15843,2021-10-25 18:50:00,FTCI
8.02,8.02,7.9485,7.95,8477,2021-10-25 18:55:00,FTCI
7.97,7.98,7.96,7.965,3150,2021-10-25 19:00:00,FTCI
7.98,7.98,7.942,7.95,8408,2021-10-25 19:05:00,FTCI
7.95,7.97,7.94,7.96,18283,2021-10-25 19:10:00,FTCI
7.96,8.005,7.96,7.9799,7922,2021-10-25 19:15:00,FTCI
7.98,7.985,7.94,7.97,12149,2021-10-25 19:20:00,FTCI
7.97,7.99,7.95,7.97,9832,2021-10-25 19:25:00,FTCI
7.96,7.96,7.93,7.93,15434,2021-10-25 19:30:00,FTCI
7.94,7.9499,7.91,7.91,12100,2021-10-25 19:35:00,FTCI
7.92,7.93,7.915,7.925,10221,2021-10-25 19:40:00,FTCI
7.925,8.0,7.89,7.89,59284,2021-10-25 19:45:00,FTCI
7.89,7.9,7.86,7.87,19101,2021-10-25 19:50:00,FTCI
7.8708,7.9,7.87,7.89,64332,2021-10-25 19:55:00,FTCI
7.89,7.89,7.89,7.89,86062,2021-10-25 20:00:00,FTCI
7.89,7.89,7.89,7.89,263,2021-10-25 20:45:00,FTCI
7.9,7.9,7.9,7.9,324,2021-10-25 20:55:00,FTCI
7.9,7.9,7.9,7.9,189,2021-10-25 23:05:00,FTCI
8.05,8.05,8.05,8.05,100,2021-10-25 23:25:00,FTCI
7.95,7.95,7.95,7.95,100,2021-10-25 23:50:00,FTCI
7.95,7.95,7.95,7.95,395,2021-10-25 23:55:00,FTCI
7.92,7.92,7.92,7.92,124,2021-10-26 10:45:00,FTCI
7.95,7.95,7.95,7.95,100,2021-10-26 11:00:00,FTCI
7.89,7.9,7.89,7.9,200,2021-10-26 12:00:00,FTCI
7.89,7.89,7.89,7.89,100,2021-10-26 12:20:00,FTCI
8.01,8.01,7.71,7.7254,49864,2021-10-26 13:30:00,FTCI
7.76,7.9,7.76,7.89,9414,2021-10-26 13:35:00,FTCI
7.87,7.94,7.83,7.925,19775,2021-10-26 13:40:00,FTCI
7.95,7.9885,7.9201,7.9838,7014,2021-10-26 13:45:00,FTCI
8.0,8.0,7.95,7.9658,3571,2021-10-26 13:50:00,FTCI
7.95,8.0499,7.93,8.025,8865,2021-10-26 13:55:00,FTCI
8.02,8.06,8.01,8.01,7612,2021-10-26 14:00:00,FTCI
8.0,8.11,7.99,8.11,20192,2021-10-26 14:05:00,FTCI
8.105,8.21,8.105,8.21,27336,2021-10-26 14:10:00,FTCI
8.2357,8.25,8.2,8.21,13575,2021-10-26 14:15:00,FTCI
8.19,8.28,8.1748,8.255,16341,2021-10-26 14:20:00,FTCI
8.2619,8.325,8.2619,8.32,7450,2021-10-26 14:25:00,FTCI
8.3145,8.3145,8.255,8.2701,7499,2021-10-26 14:30:00,FTCI
8.27,8.37,8.26,8.37,5795,2021-10-26 14:35:00,FTCI
8.36,8.4016,8.32,8.4,25903,2021-10-26 14:40:00,FTCI
8.375,8.45,8.36,8.45,25870,2021-10-26 14:45:00,FTCI
8.435,8.5,8.39,8.448,22525,2021-10-26 14:50:00,FTCI
8.4599,8.5,8.41,8.4365,15588,2021-10-26 14:55:00,FTCI
8.42,8.42,8.245,8.245,32708,2021-10-26 15:00:00,FTCI
8.25,8.2863,8.24,8.25,14302,2021-10-26 15:05:00,FTCI
8.27,8.27,8.25,8.26,4946,2021-10-26 15:10:00,FTCI
8.24,8.25,8.21,8.23,10567,2021-10-26 15:15:00,FTCI
8.23,8.2498,8.175,8.2045,15758,2021-10-26 15:20:00,FTCI
8.2001,8.21,8.17,8.21,4364,2021-10-26 15:25:00,FTCI
8.2118,8.2118,8.11,8.11,5452,2021-10-26 15:30:00,FTCI
8.14,8.22,8.14,8.22,10579,2021-10-26 15:35:00,FTCI
8.23,8.2384,8.21,8.23,2508,2021-10-26 15:40:00,FTCI
8.22,8.23,8.2,8.21,2819,2021-10-26 15:45:00,FTCI
8.205,8.225,8.2,8.21,1679,2021-10-26 15:50:00,FTCI
8.2299,8.2299,8.13,8.13,3079,2021-10-26 15:55:00,FTCI
8.135,8.15,8.13,8.1483,3090,2021-10-26 16:00:00,FTCI
8.13,8.23,8.13,8.215,21671,2021-10-26 16:05:00,FTCI
8.215,8.25,8.2,8.25,2736,2021-10-26 16:10:00,FTCI
8.255,8.255,8.2,8.2,4730,2021-10-26 16:15:00,FTCI
8.2,8.2001,8.2,8.2001,395,2021-10-26 16:20:00,FTCI
8.21,8.21,8.1912,8.2,4093,2021-10-26 16:25:00,FTCI
8.191,8.218,8.19,8.21,10644,2021-10-26 16:30:00,FTCI
8.2,8.2,8.18,8.18,2606,2021-10-26 16:35:00,FTCI
8.17,8.18,8.161,8.175,2186,2021-10-26 16:40:00,FTCI
8.185,8.19,8.14,8.1699,14968,2021-10-26 16:45:00,FTCI
8.17,8.2,8.16,8.17,4819,2021-10-26 16:50:00,FTCI
8.17,8.2,8.17,8.17,1140,2021-10-26 16:55:00,FTCI
8.17,8.2,8.17,8.18,2599,2021-10-26 17:00:00,FTCI
8.18,8.23,8.18,8.22,7240,2021-10-26 17:05:00,FTCI
8.21,8.21,8.18,8.18,971,2021-10-26 17:10:00,FTCI
8.17,8.17,8.13,8.14,3409,2021-10-26 17:15:00,FTCI
8.15,8.155,8.13,8.13,6347,2021-10-26 17:20:00,FTCI
8.12,8.14,8.12,8.14,4850,2021-10-26 17:25:00,FTCI
8.12,8.2052,8.12,8.2052,5850,2021-10-26 17:30:00,FTCI
8.2034,8.245,8.2034,8.22,5530,2021-10-26 17:35:00,FTCI
8.22,8.23,8.21,8.22,2173,2021-10-26 17:40:00,FTCI
8.21,8.23,8.2095,8.21,2100,2021-10-26 17:45:00,FTCI
8.2299,8.26,8.21,8.25,4558,2021-10-26 17:50:00,FTCI
8.2564,8.2564,8.2095,8.2174,3002,2021-10-26 17:55:00,FTCI
8.2,8.22,8.18,8.19,15455,2021-10-26 18:00:00,FTCI
8.19,8.22,8.1899,8.2,12137,2021-10-26 18:05:00,FTCI
8.19,8.19,8.13,8.17,7462,2021-10-26 18:10:00,FTCI
8.17,8.19,8.17,8.18,2395,2021-10-26 18:15:00,FTCI
8.18,8.2,8.17,8.17,3634,2021-10-26 18:20:00,FTCI
8.16,8.1976,8.16,8.19,3357,2021-10-26 18:25:00,FTCI
8.185,8.1899,8.15,8.15,3253,2021-10-26 18:30:00,FTCI
8.16,8.16,8.15,8.15,705,2021-10-26 18:35:00,FTCI
8.15,8.1599,8.14,8.15,6345,2021-10-26 18:40:00,FTCI
8.14,8.22,8.14,8.1694,7249,2021-10-26 18:45:00,FTCI
8.16,8.1863,8.143,8.143,4129,2021-10-26 18:50:00,FTCI
8.14,8.17,8.14,8.145,2638,2021-10-26 18:55:00,FTCI
8.145,8.145,8.12,8.13,7379,2021-10-26 19:00:00,FTCI
8.14,8.15,8.13,8.14,3607,2021-10-26 19:05:00,FTCI
8.14,8.14,8.09,8.11,13106,2021-10-26 19:10:00,FTCI
8.11,8.14,8.11,8.13,4392,2021-10-26 19:15:00,FTCI
8.1373,8.17,8.13,8.17,8275,2021-10-26 19:20:00,FTCI
8.1691,8.18,8.13,8.13,7702,2021-10-26 19:25:00,FTCI
8.12,8.145,8.12,8.145,3679,2021-10-26 19:30:00,FTCI
8.145,8.15,8.13,8.135,4768,2021-10-26 19:35:00,FTCI
8.135,8.15,8.12,8.125,11399,2021-10-26 19:40:00,FTCI
8.125,8.1299,8.11,8.1192,7075,2021-10-26 19:45:00,FTCI
8.12,8.13,8.11,8.125,6383,2021-10-26 19:50:00,FTCI
8.12,8.14,8.11,8.14,22607,2021-10-26 19:55:00,FTCI
8.14,8.14,8.14,8.14,93735,2021-10-26 20:00:00,FTCI
8.15,8.15,8.15,8.15,1200,2021-10-26 20:40:00,FTCI
8.15,8.15,8.15,8.15,178,2021-10-26 23:35:00,FTCI
8.11,8.11,8.11,8.11,440,2021-10-26 23:55:00,FTCI
8.0001,8.0001,8.0001,8.0001,10000,2021-10-27 12:10:00,FTCI
8.18,8.18,8.18,8.18,100,2021-10-27 12:20:00,FTCI
8.26,8.26,8.26,8.26,250,2021-10-27 12:25:00,FTCI
8.26,8.32,8.26,8.31,36400,2021-10-27 12:30:00,FTCI
8.32,8.32,8.3,8.32,12200,2021-10-27 12:35:00,FTCI
8.35,8.35,8.35,8.35,150,2021-10-27 12:45:00,FTCI
8.35,8.4,8.35,8.4,5200,2021-10-27 12:50:00,FTCI
8.44,8.44,8.44,8.44,500,2021-10-27 13:00:00,FTCI
8.31,8.31,8.31,8.31,500,2021-10-27 13:25:00,FTCI
8.31,8.49,8.29,8.475,31797,2021-10-27 13:30:00,FTCI
8.5,8.5356,8.42,8.42,13496,2021-10-27 13:35:00,FTCI
8.42,8.5699,8.42,8.5699,8853,2021-10-27 13:40:00,FTCI
8.58,8.64,8.58,8.59,21643,2021-10-27 13:45:00,FTCI
8.6,8.65,8.5543,8.57,5577,2021-10-27 13:50:00,FTCI
8.5695,8.61,8.53,8.58,10732,2021-10-27 13:55:00,FTCI
8.6,8.68,8.5001,8.5104,15345,2021-10-27 14:00:00,FTCI
8.51,8.54,8.44,8.511,24443,2021-10-27 14:05:00,FTCI
8.5352,8.65,8.51,8.59,11406,2021-10-27 14:10:00,FTCI
8.6163,8.6163,8.56,8.58,6874,2021-10-27 14:15:00,FTCI
8.56,8.655,8.52,8.59,9078,2021-10-27 14:20:00,FTCI
8.59,8.6,8.52,8.52,6253,2021-10-27 14:25:00,FTCI
8.55,8.58,8.5,8.56,9631,2021-10-27 14:30:00,FTCI
8.5518,8.5518,8.47,8.47,9504,2021-10-27 14:35:00,FTCI
8.45,8.4614,8.44,8.4474,7150,2021-10-27 14:40:00,FTCI
8.44,8.45,8.42,8.43,3938,2021-10-27 14:45:00,FTCI
8.43,8.43,8.35,8.39,17478,2021-10-27 14:50:00,FTCI
8.38,8.42,8.38,8.42,1433,2021-10-27 14:55:00,FTCI
8.4439,8.47,8.43,8.47,1535,2021-10-27 15:00:00,FTCI
8.47,8.47,8.45,8.45,1501,2021-10-27 15:05:00,FTCI
8.45,8.49,8.44,8.44,9858,2021-10-27 15:10:00,FTCI
8.45,8.45,8.411,8.411,4974,2021-10-27 15:15:00,FTCI
8.4199,8.43,8.38,8.38,18890,2021-10-27 15:20:00,FTCI
8.39,8.39,8.35,8.37,3059,2021-10-27 15:25:00,FTCI
8.36,8.42,8.36,8.41,6306,2021-10-27 15:30:00,FTCI
8.4,8.45,8.38,8.445,4285,2021-10-27 15:35:00,FTCI
8.459,8.4799,8.455,8.47,1488,2021-10-27 15:40:00,FTCI
8.4799,8.48,8.44,8.46,8776,2021-10-27 15:45:00,FTCI
8.46,8.46,8.42,8.43,6730,2021-10-27 15:50:00,FTCI
8.43,8.46,8.43,8.46,2482,2021-10-27 15:55:00,FTCI
8.469,8.49,8.46,8.47,4985,2021-10-27 16:00:00,FTCI
8.47,8.47,8.42,8.465,7716,2021-10-27 16:05:00,FTCI
8.47,8.49,8.46,8.46,2646,2021-10-27 16:10:00,FTCI
8.47,8.48,8.45,8.46,4045,2021-10-27 16:15:00,FTCI
8.45,8.47,8.45,8.47,5251,2021-10-27 16:20:00,FTCI
8.47,8.56,8.47,8.56,5826,2021-10-27 16:25:00,FTCI
8.57,8.59,8.56,8.58,5012,2021-10-27 16:30:00,FTCI
8.5894,8.62,8.58,8.58,6267,2021-10-27 16:35:00,FTCI
8.58,8.6,8.58,8.58,800,2021-10-27 16:40:00,FTCI
8.59,8.59,8.56,8.575,2815,2021-10-27 16:45:00,FTCI
8.5887,8.64,8.5887,8.61,6364,2021-10-27 16:50:00,FTCI
8.61,8.63,8.6,8.6,4448,2021-10-27 16:55:00,FTCI
8.61,8.61,8.56,8.6,6244,2021-10-27 17:00:00,FTCI
8.61,8.65,8.61,8.65,2618,2021-10-27 17:05:00,FTCI
8.65,8.7,8.6358,8.6401,10968,2021-10-27 17:10:00,FTCI
8.64,8.65,8.62,8.65,3010,2021-10-27 17:15:00,FTCI
8.64,8.68,8.63,8.68,7459,2021-10-27 17:20:00,FTCI
8.69,8.69,8.66,8.68,1603,2021-10-27 17:25:00,FTCI
8.68,8.68,8.63,8.66,11126,2021-10-27 17:30:00,FTCI
8.6691,8.74,8.6691,8.74,23972,2021-10-27 17:35:00,FTCI
8.74,8.75,8.71,8.72,6680,2021-10-27 17:40:00,FTCI
8.7,8.7,8.64,8.64,8281,2021-10-27 17:45:00,FTCI
8.64,8.64,8.6,8.6,7985,2021-10-27 17:50:00,FTCI
8.6,8.6,8.53,8.555,5352,2021-10-27 17:55:00,FTCI
8.56,8.5704,8.55,8.569,6471,2021-10-27 18:00:00,FTCI
8.57,8.57,8.55,8.57,7866,2021-10-27 18:05:00,FTCI
8.57,8.575,8.51,8.51,10891,2021-10-27 18:10:00,FTCI
8.51,8.5352,8.49,8.49,18369,2021-10-27 18:15:00,FTCI
8.51,8.54,8.49,8.54,2386,2021-10-27 18:20:00,FTCI
8.55,8.58,8.55,8.56,7950,2021-10-27 18:25:00,FTCI
8.57,8.6234,8.55,8.6234,5310,2021-10-27 18:30:00,FTCI
8.62,8.62,8.6,8.61,6320,2021-10-27 18:35:00,FTCI
8.61,8.6499,8.61,8.61,8388,2021-10-27 18:40:00,FTCI
8.61,8.62,8.59,8.59,9459,2021-10-27 18:45:00,FTCI
8.59,8.59,8.57,8.57,4988,2021-10-27 18:50:00,FTCI
8.56,8.56,8.53,8.53,4450,2021-10-27 18:55:00,FTCI
8.53,8.53,8.5,8.5,4342,2021-10-27 19:00:00,FTCI
8.505,8.51,8.48,8.49,10988,2021-10-27 19:05:00,FTCI
8.49,8.49,8.45,8.45,9991,2021-10-27 19:10:00,FTCI
8.45,8.4697,8.43,8.442,14632,2021-10-27 19:15:00,FTCI
8.45,8.4899,8.44,8.461,11657,2021-10-27 19:20:00,FTCI
8.465,8.51,8.46,8.4701,11120,2021-10-27 19:25:00,FTCI
8.47,8.49,8.47,8.48,4824,2021-10-27 19:30:00,FTCI
8.48,8.52,8.48,8.49,10260,2021-10-27 19:35:00,FTCI
8.49,8.4905,8.45,8.47,23616,2021-10-27 19:40:00,FTCI
8.47,8.47,8.43,8.44,6471,2021-10-27 19:45:00,FTCI
8.43,8.445,8.415,8.44,12940,2021-10-27 19:50:00,FTCI
8.445,8.46,8.435,8.45,31262,2021-10-27 19:55:00,FTCI
8.46,8.5,8.46,8.5,137022,2021-10-27 20:00:00,FTCI
8.74,8.74,8.74,8.74,500,2021-10-27 20:05:00,FTCI
8.3001,8.3001,8.3001,8.3001,600,2021-10-27 20:25:00,FTCI
8.49,8.49,8.49,8.49,123,2021-10-27 20:30:00,FTCI
8.46,8.46,8.46,8.46,600,2021-10-27 20:55:00,FTCI
8.46,8.46,8.46,8.46,676,2021-10-27 21:50:00,FTCI
8.46,8.46,8.46,8.46,100,2021-10-27 22:20:00,FTCI
8.46,8.46,8.46,8.46,100,2021-10-27 22:25:00,FTCI
8.47,8.47,8.47,8.47,493,2021-10-28 11:30:00,FTCI
8.75,8.75,8.75,8.75,350,2021-10-28 12:45:00,FTCI
8.75,8.75,8.75,8.75,172,2021-10-28 13:10:00,FTCI
8.55,8.69,8.53,8.65,16936,2021-10-28 13:30:00,FTCI
8.65,8.78,8.65,8.765,11070,2021-10-28 13:35:00,FTCI
8.78,8.8399,8.74,8.79,19599,2021-10-28 13:40:00,FTCI
8.7985,8.83,8.725,8.725,10445,2021-10-28 13:45:00,FTCI
8.735,8.88,8.735,8.84,17771,2021-10-28 13:50:00,FTCI
8.85,8.865,8.78,8.82,11946,2021-10-28 13:55:00,FTCI
8.82,8.99,8.79,8.99,17814,2021-10-28 14:00:00,FTCI
8.991,9.01,8.93,8.9835,18665,2021-10-28 14:05:00,FTCI
8.99,9.0,8.97,8.9895,11930,2021-10-28 14:10:00,FTCI
9.0,9.01,8.95,8.95,13361,2021-10-28 14:15:00,FTCI
8.955,9.02,8.955,8.9899,16534,2021-10-28 14:20:00,FTCI
8.98,9.01,8.98,9.0,7835,2021-10-28 14:25:00,FTCI
8.985,8.99,8.92,8.98,30197,2021-10-28 14:30:00,FTCI
8.9478,8.97,8.9478,8.95,1779,2021-10-28 14:35:00,FTCI
8.9699,8.9798,8.94,8.96,4255,2021-10-28 14:40:00,FTCI
8.96,8.96,8.88,8.88,18257,2021-10-28 14:45:00,FTCI
8.87,8.87,8.81,8.834,8682,2021-10-28 14:50:00,FTCI
8.83,8.8999,8.83,8.8999,2592,2021-10-28 14:55:00,FTCI
8.89,8.9,8.88,8.885,10075,2021-10-28 15:00:00,FTCI
8.89,9.0,8.89,8.96,18114,2021-10-28 15:05:00,FTCI
8.96,8.97,8.95,8.97,2902,2021-10-28 15:10:00,FTCI
8.98,9.02,8.92,8.92,41626,2021-10-28 15:15:00,FTCI
8.91,8.925,8.9,8.9,5662,2021-10-28 15:20:00,FTCI
8.885,8.89,8.87,8.88,2424,2021-10-28 15:25:00,FTCI
8.89,8.919,8.89,8.91,5576,2021-10-28 15:30:00,FTCI
8.92,8.935,8.915,8.935,1773,2021-10-28 15:35:00,FTCI
8.92,8.92,8.88,8.89,4673,2021-10-28 15:40:00,FTCI
8.9,8.925,8.87,8.87,12620,2021-10-28 15:45:00,FTCI
8.85,8.86,8.82,8.86,10318,2021-10-28 15:50:00,FTCI
8.85,8.85,8.8279,8.83,8647,2021-10-28 15:55:00,FTCI
8.83,8.8693,8.83,8.8693,4603,2021-10-28 16:00:00,FTCI
8.86,8.92,8.8587,8.91,2652,2021-10-28 16:05:00,FTCI
8.9393,9.01,8.9393,9.01,9953,2021-10-28 16:10:00,FTCI
9.02,9.07,9.02,9.0647,2687,2021-10-28 16:15:00,FTCI
9.08,9.1,9.07,9.09,8347,2021-10-28 16:20:00,FTCI
9.1,9.1,9.01,9.01,10811,2021-10-28 16:25:00,FTCI
9.01,9.01,8.97,8.97,21788,2021-10-28 16:30:00,FTCI
8.9712,9.01,8.9712,9.0,5395,2021-10-28 16:35:00,FTCI
9.0,9.0,8.98,8.985,1177,2021-10-28 16:40:00,FTCI
8.985,9.005,8.98,8.98,4525,2021-10-28 16:45:00,FTCI
8.985,9.0,8.96,8.96,7763,2021-10-28 16:50:00,FTCI
8.98,8.98,8.96,8.97,1230,2021-10-28 16:55:00,FTCI
8.99,9.02,8.99,8.99,37578,2021-10-28 17:00:00,FTCI
8.98,8.99,8.96,8.9899,2445,2021-10-28 17:05:00,FTCI
8.9898,8.99,8.98,8.99,7426,2021-10-28 17:10:00,FTCI
8.99,9.005,8.989,8.989,4600,2021-10-28 17:15:00,FTCI
8.9841,9.0,8.9841,9.0,800,2021-10-28 17:20:00,FTCI
9.0,9.01,8.995,8.995,1900,2021-10-28 17:25:00,FTCI
9.0,9.02,8.9901,9.0,8899,2021-10-28 17:30:00,FTCI
9.0,9.04,8.99,9.0,12652,2021-10-28 17:35:00,FTCI
9.0,9.01,8.99,9.01,14284,2021-10-28 17:40:00,FTCI
9.01,9.0197,9.01,9.0197,972,2021-10-28 17:45:00,FTCI
9.01,9.01,8.94,8.9558,15518,2021-10-28 17:50:00,FTCI
8.95,8.99,8.94,8.98,12630,2021-10-28 17:55:00,FTCI
8.97,8.99,8.96,8.96,2077,2021-10-28 18:00:00,FTCI
8.96,8.9887,8.94,8.9887,7407,2021-10-28 18:05:00,FTCI
8.9869,8.9869,8.965,8.98,4425,2021-10-28 18:10:00,FTCI
8.97,8.9999,8.97,8.9994,2715,2021-10-28 18:15:00,FTCI
8.99,9.01,8.97,9.01,16979,2021-10-28 18:20:00,FTCI
9.01,9.1,8.98,9.0,40779,2021-10-28 18:25:00,FTCI
9.0,9.02,8.99,9.0,9928,2021-10-28 18:30:00,FTCI
9.0,9.03,8.99,9.03,6453,2021-10-28 18:35:00,FTCI
9.039,9.039,9.005,9.005,4963,2021-10-28 18:40:00,FTCI
9.0,9.03,9.0,9.02,8359,2021-10-28 18:45:00,FTCI
9.01,9.02,9.0,9.01,4855,2021-10-28 18:50:00,FTCI
9.02,9.025,9.0001,9.0001,8032,2021-10-28 18:55:00,FTCI
9.005,9.005,8.98,8.99,21261,2021-10-28 19:00:00,FTCI
8.9909,9.02,8.98,8.99,8932,2021-10-28 19:05:00,FTCI
9.0,9.005,8.99,9.0,3146,2021-10-28 19:10:00,FTCI
8.99,9.01,8.99,8.99,8361,2021-10-28 19:15:00,FTCI
9.01,9.01,8.98,8.98,13435,2021-10-28 19:20:00,FTCI
8.98,9.0,8.97,8.9889,10434,2021-10-28 19:25:00,FTCI
8.97,9.02,8.97,9.02,11470,2021-10-28 19:30:00,FTCI
9.02,9.14,9.01,9.14,24860,2021-10-28 19:35:00,FTCI
9.14,9.21,9.14,9.17,36742,2021-10-28 19:40:00,FTCI
9.17,9.175,9.11,9.135,30683,2021-10-28 19:45:00,FTCI
9.12,9.13,9.05,9.06,32242,2021-10-28 19:50:00,FTCI
9.055,9.14,9.05,9.12,67075,2021-10-28 19:55:00,FTCI
9.11,9.11,9.11,9.11,146719,2021-10-28 20:00:00,FTCI
8.9895,8.9895,8.9895,8.9895,174635,2021-10-28 20:05:00,FTCI
9.2,9.25,9.2,9.25,7368,2021-10-28 20:10:00,FTCI
9.27,9.27,9.27,9.27,9307,2021-10-28 20:15:00,FTCI
9.01,9.01,9.0,9.0,910,2021-10-28 20:50:00,FTCI
9.02,9.02,8.98,9.01,580,2021-10-28 21:10:00,FTCI
9.27,9.27,9.27,9.27,100,2021-10-28 21:30:00,FTCI
9.15,9.15,9.15,9.15,259,2021-10-29 11:00:00,FTCI
9.27,9.27,9.27,9.27,100,2021-10-29 11:20:00,FTCI
9.27,9.27,9.27,9.27,100,2021-10-29 12:20:00,FTCI
9.18,9.18,9.18,9.18,200,2021-10-29 13:15:00,FTCI
9.2379,9.2379,9.11,9.11,200,2021-10-29 13:25:00,FTCI
9.07,9.18,9.02,9.07,35355,2021-10-29 13:30:00,FTCI
9.0566,9.16,9.015,9.16,4811,2021-10-29 13:35:00,FTCI
9.13,9.16,9.1088,9.15,6193,2021-10-29 13:40:00,FTCI
9.15,9.15,9.1,9.1,1184,2021-10-29 13:45:00,FTCI
9.081,9.081,9.0201,9.045,16533,2021-10-29 13:50:00,FTCI
9.0493,9.1266,9.03,9.1,9346,2021-10-29 13:55:00,FTCI
9.13,9.14,9.1031,9.14,844,2021-10-29 14:00:00,FTCI
9.18,9.27,9.18,9.27,10862,2021-10-29 14:05:00,FTCI
9.26,9.26,9.18,9.19,3850,2021-10-29 14:10:00,FTCI
9.2,9.21,9.12,9.17,5769,2021-10-29 14:15:00,FTCI
9.21,9.27,9.21,9.27,4858,2021-10-29 14:20:00,FTCI
9.27,9.3197,9.263,9.3,12829,2021-10-29 14:25:00,FTCI
9.3,9.33,9.3,9.32,5751,2021-10-29 14:30:00,FTCI
9.325,9.325,9.29,9.29,6134,2021-10-29 14:35:00,FTCI
9.2931,9.34,9.29,9.3338,5055,2021-10-29 14:40:00,FTCI
9.34,9.51,9.34,9.415,46030,2021-10-29 14:45:00,FTCI
9.4298,9.43,9.34,9.36,9888,2021-10-29 14:50:00,FTCI
9.37,9.44,9.36,9.41,13057,2021-10-29 14:55:00,FTCI
9.41,9.53,9.41,9.48,25497,2021-10-29 15:00:00,FTCI
9.475,9.5,9.43,9.5,7305,2021-10-29 15:05:00,FTCI
9.51,9.52,9.43,9.47,9902,2021-10-29 15:10:00,FTCI
9.48,9.48,9.42,9.42,5200,2021-10-29 15:15:00,FTCI
9.41,9.42,9.37,9.37,5564,2021-10-29 15:20:00,FTCI
9.35,9.37,9.341,9.344,2858,2021-10-29 15:25:00,FTCI
9.36,9.37,9.3463,9.35,2300,2021-10-29 15:30:00,FTCI
9.35,9.41,9.35,9.39,3190,2021-10-29 15:35:00,FTCI
9.4,9.4248,9.37,9.37,3469,2021-10-29 15:40:00,FTCI
9.378,9.4,9.35,9.37,4720,2021-10-29 15:45:00,FTCI
9.355,9.37,9.34,9.35,3764,2021-10-29 15:50:00,FTCI
9.3736,9.38,9.31,9.319,23950,2021-10-29 15:55:00,FTCI
9.325,9.37,9.315,9.36,12057,2021-10-29 16:00:00,FTCI
9.38,9.405,9.3798,9.4,1664,2021-10-29 16:05:00,FTCI
9.395,9.395,9.39,9.39,600,2021-10-29 16:10:00,FTCI
9.39,9.43,9.361,9.42,4781,2021-10-29 16:15:00,FTCI
9.4296,9.44,9.42,9.427,2278,2021-10-29 16:20:00,FTCI
9.42,9.43,9.38,9.4,4319,2021-10-29 16:25:00,FTCI
9.4,9.41,9.38,9.41,3312,2021-10-29 16:30:00,FTCI
9.4119,9.42,9.38,9.385,3116,2021-10-29 16:35:00,FTCI
9.41,9.41,9.38,9.38,1812,2021-10-29 16:40:00,FTCI
9.39,9.41,9.38,9.41,6395,2021-10-29 16:45:00,FTCI
9.43,9.43,9.42,9.425,2373,2021-10-29 16:50:00,FTCI
9.42,9.479,9.42,9.44,5061,2021-10-29 16:55:00,FTCI
9.43,9.43,9.43,9.43,100,2021-10-29 17:00:00,FTCI
9.45,9.46,9.45,9.46,1400,2021-10-29 17:05:00,FTCI
9.4401,9.51,9.4401,9.51,15264,2021-10-29 17:10:00,FTCI
9.53,9.53,9.51,9.51,2010,2021-10-29 17:15:00,FTCI
9.515,9.55,9.49,9.5,8458,2021-10-29 17:20:00,FTCI
9.505,9.5053,9.49,9.5053,1544,2021-10-29 17:25:00,FTCI
9.505,9.5171,9.491,9.51,2205,2021-10-29 17:30:00,FTCI
9.51,9.52,9.5,9.51,5813,2021-10-29 17:35:00,FTCI
9.5,9.5127,9.49,9.51,3746,2021-10-29 17:40:00,FTCI
9.515,9.52,9.51,9.51,2252,2021-10-29 17:45:00,FTCI
9.51,9.52,9.5,9.51,1688,2021-10-29 17:50:00,FTCI
9.5,9.5022,9.47,9.47,8878,2021-10-29 17:55:00,FTCI
9.48,9.5173,9.46,9.5173,2545,2021-10-29 18:00:00,FTCI
9.51,9.53,9.49,9.49,9910,2021-10-29 18:05:00,FTCI
9.48,9.49,9.475,9.475,1600,2021-10-29 18:10:00,FTCI
9.475,9.48,9.44,9.449,8518,2021-10-29 18:15:00,FTCI
9.41,9.43,9.351,9.38,6199,2021-10-29 18:20:00,FTCI
9.37,9.39,9.35,9.37,5386,2021-10-29 18:25:00,FTCI
9.36,9.37,9.31,9.3443,2843,2021-10-29 18:30:00,FTCI
9.33,9.34,9.32,9.34,3639,2021-10-29 18:35:00,FTCI
9.35,9.36,9.3,9.3057,23405,2021-10-29 18:40:00,FTCI
9.29,9.29,9.24,9.2572,12213,2021-10-29 18:45:00,FTCI
9.28,9.3,9.26,9.299,4048,2021-10-29 18:50:00,FTCI
9.29,9.36,9.28,9.335,16998,2021-10-29 18:55:00,FTCI
9.35,9.38,9.35,9.38,1500,2021-10-29 19:00:00,FTCI
9.37,9.389,9.35,9.37,8134,2021-10-29 19:05:00,FTCI
9.3617,9.41,9.35,9.41,9034,2021-10-29 19:10:00,FTCI
9.4,9.4,9.36,9.4,10983,2021-10-29 19:15:00,FTCI
9.38,9.39,9.3729,9.38,1105,2021-10-29 19:20:00,FTCI
9.38,9.42,9.38,9.42,3732,2021-10-29 19:25:00,FTCI
9.41,9.48,9.41,9.47,4412,2021-10-29 19:30:00,FTCI
9.47,9.5,9.4501,9.495,7979,2021-10-29 19:35:00,FTCI
9.5,9.54,9.4966,9.535,13212,2021-10-29 19:40:00,FTCI
9.535,9.535,9.48,9.48,36929,2021-10-29 19:45:00,FTCI
9.49,9.53,9.44,9.52,36635,2021-10-29 19:50:00,FTCI
9.51,9.55,9.5,9.55,66381,2021-10-29 19:55:00,FTCI
9.54,9.54,9.54,9.54,106320,2021-10-29 20:00:00,FTCI
9.43,9.43,9.43,9.43,1152,2021-10-29 21:10:00,FTCI
9.43,9.43,9.43,9.43,234,2021-10-29 21:15:00,FTCI
9.46,9.46,9.45,9.46,300,2021-10-29 22:00:00,FTCI
9.46,9.46,9.46,9.46,100,2021-10-29 22:40:00,FTCI
9.54,9.55,9.54,9.55,1027,2021-10-29 23:50:00,FTCI
