open,high,low,close,volume,datetime,symbol
2.29,2.29,2.29,2.29,2056,2021-10-01 13:25:00,GMVD
2.29,2.3,2.29,2.3,10453,2021-10-01 13:30:00,GMVD
2.2015,2.2015,2.2015,2.2015,195,2021-10-01 13:45:00,GMVD
2.2889,2.2889,2.2889,2.2889,400,2021-10-01 13:50:00,GMVD
2.29,2.29,2.22,2.22,300,2021-10-01 14:05:00,GMVD
2.23,2.2327,2.23,2.2327,1355,2021-10-01 14:20:00,GMVD
2.265,2.265,2.265,2.265,370,2021-10-01 14:25:00,GMVD
2.22,2.22,2.21,2.21,1570,2021-10-01 14:30:00,GMVD
2.21,2.21,2.19,2.1988,650,2021-10-01 14:35:00,GMVD
2.22,2.23,2.2,2.2,4100,2021-10-01 14:50:00,GMVD
2.2,2.2,2.2,2.2,359,2021-10-01 15:20:00,GMVD
2.24,2.24,2.24,2.24,500,2021-10-01 15:30:00,GMVD
2.22,2.2225,2.22,2.22,700,2021-10-01 15:45:00,GMVD
2.22,2.22,2.22,2.22,507,2021-10-01 16:10:00,GMVD
2.24,2.24,2.24,2.24,200,2021-10-01 16:20:00,GMVD
2.26,2.27,2.25,2.27,2136,2021-10-01 16:25:00,GMVD
2.2644,2.2644,2.2644,2.2644,350,2021-10-01 16:30:00,GMVD
2.28,2.29,2.28,2.29,1478,2021-10-01 16:40:00,GMVD
2.275,2.2843,2.275,2.2843,1200,2021-10-01 16:45:00,GMVD
2.28,2.28,2.28,2.28,263,2021-10-01 16:50:00,GMVD
2.28,2.28,2.28,2.28,100,2021-10-01 16:55:00,GMVD
2.26,2.26,2.26,2.26,100,2021-10-01 17:20:00,GMVD
2.26,2.26,2.26,2.26,148,2021-10-01 17:30:00,GMVD
2.26,2.26,2.241,2.241,903,2021-10-01 17:35:00,GMVD
2.29,2.29,2.29,2.29,225,2021-10-01 17:55:00,GMVD
2.27,2.27,2.27,2.27,199,2021-10-01 18:25:00,GMVD
2.26,2.26,2.26,2.26,500,2021-10-01 18:30:00,GMVD
2.28,2.28,2.28,2.28,100,2021-10-01 18:50:00,GMVD
2.28,2.28,2.27,2.27,678,2021-10-01 18:55:00,GMVD
2.2701,2.2701,2.2701,2.2701,190,2021-10-01 19:10:00,GMVD
2.27,2.27,2.26,2.2668,700,2021-10-01 19:30:00,GMVD
2.26,2.26,2.26,2.26,177,2021-10-01 19:35:00,GMVD
2.26,2.2683,2.26,2.26,750,2021-10-01 19:45:00,GMVD
2.28,2.28,2.27,2.27,200,2021-10-01 19:55:00,GMVD
2.3,2.3,2.3,2.3,1500,2021-10-01 20:00:00,GMVD
2.2899,2.2899,2.2899,2.2899,1000,2021-10-01 21:10:00,GMVD
2.27,2.27,2.27,2.27,2000,2021-10-04 12:20:00,GMVD
2.25,2.25,2.25,2.25,160,2021-10-04 13:30:00,GMVD
2.22,2.25,2.22,2.25,1435,2021-10-04 13:35:00,GMVD
2.2001,2.2001,2.2001,2.2001,1995,2021-10-04 13:40:00,GMVD
2.22,2.22,2.22,2.22,100,2021-10-04 13:50:00,GMVD
2.235,2.235,2.235,2.235,350,2021-10-04 13:55:00,GMVD
2.24,2.24,2.24,2.24,422,2021-10-04 14:05:00,GMVD
2.24,2.24,2.23,2.23,875,2021-10-04 14:15:00,GMVD
2.26,2.26,2.2363,2.2363,627,2021-10-04 14:20:00,GMVD
2.24,2.24,2.24,2.24,1000,2021-10-04 14:30:00,GMVD
2.265,2.265,2.265,2.265,200,2021-10-04 14:35:00,GMVD
2.265,2.265,2.265,2.265,100,2021-10-04 14:45:00,GMVD
2.2405,2.25,2.2405,2.25,600,2021-10-04 14:55:00,GMVD
2.25,2.25,2.25,2.25,100,2021-10-04 15:00:00,GMVD
2.26,2.265,2.26,2.265,2700,2021-10-04 15:05:00,GMVD
2.24,2.24,2.24,2.24,100,2021-10-04 15:30:00,GMVD
2.245,2.245,2.245,2.245,100,2021-10-04 16:10:00,GMVD
2.24,2.2405,2.24,2.2405,900,2021-10-04 16:15:00,GMVD
2.2372,2.2372,2.2372,2.2372,610,2021-10-04 16:30:00,GMVD
2.23,2.23,2.22,2.22,2082,2021-10-04 16:55:00,GMVD
2.2,2.2,2.18,2.18,650,2021-10-04 17:00:00,GMVD
2.1901,2.1901,2.1901,2.1901,1300,2021-10-04 17:05:00,GMVD
2.2499,2.2499,2.2499,2.2499,2000,2021-10-04 17:20:00,GMVD
2.22,2.25,2.22,2.25,1024,2021-10-04 17:25:00,GMVD
2.22,2.22,2.22,2.22,2343,2021-10-04 17:30:00,GMVD
2.21,2.21,2.21,2.21,100,2021-10-04 17:35:00,GMVD
2.21,2.21,2.21,2.21,310,2021-10-04 17:55:00,GMVD
2.2001,2.2001,2.2001,2.2001,110,2021-10-04 18:00:00,GMVD
2.2,2.2004,2.2,2.2004,680,2021-10-04 18:15:00,GMVD
2.17,2.19,2.16,2.19,3041,2021-10-04 18:30:00,GMVD
2.1738,2.21,2.17,2.21,1149,2021-10-04 18:50:00,GMVD
2.21,2.21,2.16,2.16,1367,2021-10-04 18:55:00,GMVD
2.2053,2.2053,2.2053,2.2053,300,2021-10-04 19:00:00,GMVD
2.2036,2.2036,2.2036,2.2036,130,2021-10-04 19:10:00,GMVD
2.17,2.1934,2.14,2.1934,4495,2021-10-04 19:15:00,GMVD
2.1852,2.1852,2.1852,2.1852,100,2021-10-04 19:20:00,GMVD
2.15,2.15,2.15,2.15,180,2021-10-04 19:35:00,GMVD
2.165,2.19,2.165,2.19,5142,2021-10-04 19:40:00,GMVD
2.1701,2.1701,2.1701,2.1701,100,2021-10-04 19:45:00,GMVD
2.1899,2.1899,2.1899,2.1899,175,2021-10-04 19:50:00,GMVD
2.16,2.16,2.16,2.16,178,2021-10-04 19:55:00,GMVD
2.16,2.2857,2.16,2.2857,1438,2021-10-05 13:30:00,GMVD
2.1984,2.1984,2.1984,2.1984,500,2021-10-05 13:45:00,GMVD
2.2146,2.23,2.2146,2.23,250,2021-10-05 14:00:00,GMVD
2.2393,2.2393,2.22,2.22,3250,2021-10-05 14:20:00,GMVD
2.22,2.22,2.22,2.22,499,2021-10-05 14:25:00,GMVD
2.22,2.28,2.2001,2.27,3473,2021-10-05 14:30:00,GMVD
2.27,2.27,2.23,2.23,7000,2021-10-05 14:35:00,GMVD
2.26,2.26,2.2,2.2,8507,2021-10-05 14:40:00,GMVD
2.1699,2.1699,2.1699,2.1699,134,2021-10-05 15:15:00,GMVD
2.1769,2.2,2.17,2.1805,3348,2021-10-05 15:45:00,GMVD
2.165,2.2,2.14,2.14,1224,2021-10-05 16:05:00,GMVD
2.165,2.165,2.165,2.165,300,2021-10-05 16:10:00,GMVD
2.13,2.2,2.13,2.1383,2507,2021-10-05 16:15:00,GMVD
2.19,2.19,2.165,2.165,1462,2021-10-05 16:30:00,GMVD
2.14,2.14,2.14,2.14,100,2021-10-05 16:35:00,GMVD
2.1699,2.1699,2.1699,2.1699,150,2021-10-05 16:40:00,GMVD
2.17,2.17,2.1646,2.1646,300,2021-10-05 16:45:00,GMVD
2.1512,2.1512,2.1512,2.1512,2500,2021-10-05 16:50:00,GMVD
2.19,2.19,2.15,2.15,1861,2021-10-05 17:05:00,GMVD
2.23,2.23,2.18,2.2,400,2021-10-05 17:40:00,GMVD
2.17,2.17,2.17,2.17,100,2021-10-05 18:10:00,GMVD
2.17,2.17,2.17,2.17,100,2021-10-05 18:55:00,GMVD
2.17,2.17,2.17,2.17,500,2021-10-05 19:20:00,GMVD
2.19,2.19,2.18,2.18,1534,2021-10-05 19:55:00,GMVD
2.21,2.21,2.21,2.21,1256,2021-10-05 20:00:00,GMVD
2.29,2.29,2.29,2.29,300,2021-10-05 23:20:00,GMVD
2.26,2.26,2.1975,2.1975,2713,2021-10-06 13:30:00,GMVD
2.2201,2.2201,2.2201,2.2201,150,2021-10-06 13:35:00,GMVD
2.22,2.22,2.22,2.22,500,2021-10-06 13:45:00,GMVD
2.215,2.215,2.215,2.215,1000,2021-10-06 13:55:00,GMVD
2.1901,2.1901,2.18,2.18,3200,2021-10-06 14:05:00,GMVD
2.1701,2.1701,2.1701,2.1701,233,2021-10-06 14:10:00,GMVD
2.17,2.18,2.17,2.1702,7015,2021-10-06 14:20:00,GMVD
2.16,2.16,2.16,2.16,100,2021-10-06 14:25:00,GMVD
2.15,2.1699,2.15,2.1699,323,2021-10-06 14:30:00,GMVD
2.16,2.1605,2.15,2.16,1348,2021-10-06 14:35:00,GMVD
2.17,2.17,2.17,2.17,2155,2021-10-06 14:50:00,GMVD
2.1701,2.1862,2.1701,2.1862,2500,2021-10-06 15:00:00,GMVD
2.19,2.19,2.16,2.16,600,2021-10-06 15:10:00,GMVD
2.16,2.16,2.12,2.12,5863,2021-10-06 15:45:00,GMVD
2.14,2.141,2.1301,2.14,2774,2021-10-06 15:50:00,GMVD
2.14,2.15,2.14,2.15,300,2021-10-06 15:55:00,GMVD
2.1459,2.15,2.1459,2.15,583,2021-10-06 16:15:00,GMVD
2.14,2.14,2.1381,2.1381,200,2021-10-06 16:20:00,GMVD
2.13,2.13,2.13,2.13,300,2021-10-06 16:25:00,GMVD
2.12,2.12,2.1,2.11,3014,2021-10-06 16:30:00,GMVD
2.12,2.12,2.12,2.12,1000,2021-10-06 16:35:00,GMVD
2.1184,2.1184,2.09,2.09,1300,2021-10-06 16:50:00,GMVD
2.12,2.15,2.1001,2.105,1633,2021-10-06 16:55:00,GMVD
2.1499,2.1499,2.115,2.115,2100,2021-10-06 17:10:00,GMVD
2.1,2.1,2.1,2.1,3600,2021-10-06 17:15:00,GMVD
2.15,2.15,2.11,2.1263,2454,2021-10-06 17:25:00,GMVD
2.13,2.14,2.13,2.14,600,2021-10-06 17:45:00,GMVD
2.14,2.14,2.14,2.14,100,2021-10-06 17:50:00,GMVD
2.1465,2.1465,2.1465,2.1465,360,2021-10-06 18:20:00,GMVD
2.1301,2.1301,2.1301,2.1301,300,2021-10-06 18:40:00,GMVD
2.13,2.13,2.13,2.13,100,2021-10-06 18:45:00,GMVD
2.125,2.1299,2.125,2.1299,703,2021-10-06 18:50:00,GMVD
2.12,2.12,2.12,2.12,300,2021-10-06 18:55:00,GMVD
2.11,2.11,2.09,2.1,2158,2021-10-06 19:00:00,GMVD
2.1064,2.115,2.1001,2.1001,1773,2021-10-06 19:05:00,GMVD
2.1085,2.1085,2.1085,2.1085,237,2021-10-06 19:10:00,GMVD
2.1,2.1001,2.07,2.1,4100,2021-10-06 19:20:00,GMVD
2.0827,2.0827,2.0827,2.0827,800,2021-10-06 19:30:00,GMVD
2.0945,2.0945,2.07,2.08,13389,2021-10-06 19:40:00,GMVD
2.0724,2.08,2.0601,2.0601,8037,2021-10-06 19:45:00,GMVD
2.0947,2.0947,2.08,2.08,4441,2021-10-06 19:50:00,GMVD
2.0993,2.0993,2.06,2.06,1156,2021-10-06 19:55:00,GMVD
2.08,2.08,2.08,2.08,581,2021-10-06 20:00:00,GMVD
2.06,2.06,2.06,2.06,915,2021-10-06 20:15:00,GMVD
2.1,2.1,2.1,2.1,600,2021-10-06 20:35:00,GMVD
2.1,2.1,2.1,2.1,100,2021-10-07 08:15:00,GMVD
2.11,2.1899,2.11,2.1899,1388,2021-10-07 13:30:00,GMVD
2.1,2.1,2.1,2.1,302,2021-10-07 13:35:00,GMVD
2.1788,2.1788,2.06,2.11,21379,2021-10-07 13:45:00,GMVD
2.13,2.13,2.13,2.13,141,2021-10-07 13:55:00,GMVD
2.1045,2.1045,2.1045,2.1045,500,2021-10-07 14:00:00,GMVD
2.15,2.15,2.15,2.15,100,2021-10-07 14:25:00,GMVD
2.1,2.1025,2.1,2.1025,700,2021-10-07 14:40:00,GMVD
2.095,2.1035,2.06,2.09,2292,2021-10-07 15:00:00,GMVD
2.1,2.1,2.1,2.1,7875,2021-10-07 15:10:00,GMVD
2.1,2.1,2.1,2.1,418,2021-10-07 15:15:00,GMVD
2.09,2.09,2.09,2.09,100,2021-10-07 15:45:00,GMVD
2.1,2.11,2.1,2.11,710,2021-10-07 16:10:00,GMVD
2.115,2.115,2.115,2.115,2000,2021-10-07 16:20:00,GMVD
2.13,2.13,2.13,2.13,200,2021-10-07 16:25:00,GMVD
2.115,2.115,2.09,2.09,316,2021-10-07 17:00:00,GMVD
2.105,2.105,2.105,2.105,100,2021-10-07 17:05:00,GMVD
2.12,2.12,2.116,2.116,338,2021-10-07 17:45:00,GMVD
2.12,2.12,2.12,2.12,133,2021-10-07 18:25:00,GMVD
2.12,2.12,2.12,2.12,100,2021-10-07 19:20:00,GMVD
2.1,2.11,2.1,2.11,400,2021-10-07 19:50:00,GMVD
2.11,2.11,2.11,2.11,100,2021-10-07 19:55:00,GMVD
2.1,2.1,2.1,2.1,154,2021-10-07 20:00:00,GMVD
2.27,2.27,2.27,2.27,100,2021-10-07 22:30:00,GMVD
2.1,2.1,2.045,2.0891,3967,2021-10-08 13:35:00,GMVD
2.08,2.08,2.08,2.08,5572,2021-10-08 13:50:00,GMVD
2.1199,2.1199,2.1199,2.1199,200,2021-10-08 13:55:00,GMVD
2.08,2.08,2.08,2.08,300,2021-10-08 14:05:00,GMVD
2.1,2.1,2.1,2.1,100,2021-10-08 14:15:00,GMVD
2.11,2.11,2.11,2.11,100,2021-10-08 14:25:00,GMVD
2.14,2.16,2.14,2.16,1000,2021-10-08 14:30:00,GMVD
2.1,2.102,2.08,2.1012,3942,2021-10-08 14:40:00,GMVD
2.08,2.11,2.0701,2.09,21281,2021-10-08 14:45:00,GMVD
2.09,2.09,2.08,2.08,300,2021-10-08 14:50:00,GMVD
2.08,2.13,2.08,2.08,1112,2021-10-08 14:55:00,GMVD
2.08,2.0842,2.08,2.0842,300,2021-10-08 15:00:00,GMVD
2.0899,2.0899,2.0899,2.0899,400,2021-10-08 15:20:00,GMVD
2.09,2.09,2.09,2.09,120,2021-10-08 15:50:00,GMVD
2.09,2.09,2.09,2.09,1100,2021-10-08 15:55:00,GMVD
2.07,2.07,2.07,2.07,133,2021-10-08 16:10:00,GMVD
2.0819,2.0819,2.0819,2.0819,500,2021-10-08 16:35:00,GMVD
2.09,2.09,2.08,2.08,600,2021-10-08 16:40:00,GMVD
2.1222,2.1222,2.1222,2.1222,300,2021-10-08 17:00:00,GMVD
2.1222,2.13,2.11,2.13,700,2021-10-08 17:05:00,GMVD
2.1,2.1,2.1,2.1,200,2021-10-08 17:10:00,GMVD
2.1,2.1,2.1,2.1,215,2021-10-08 17:25:00,GMVD
2.105,2.105,2.105,2.105,200,2021-10-08 17:45:00,GMVD
2.12,2.12,2.105,2.105,300,2021-10-08 18:00:00,GMVD
2.0801,2.0801,2.0801,2.0801,2500,2021-10-08 18:20:00,GMVD
2.1001,2.1001,2.1001,2.1001,100,2021-10-08 19:30:00,GMVD
2.1299,2.1299,2.1299,2.1299,250,2021-10-08 19:35:00,GMVD
2.1,2.1,2.1,2.1,100,2021-10-08 19:50:00,GMVD
2.13,2.13,2.13,2.13,512,2021-10-08 19:55:00,GMVD
2.14,2.14,2.14,2.14,1004,2021-10-08 20:00:00,GMVD
2.15,2.15,2.15,2.15,704,2021-10-08 20:55:00,GMVD
2.15,2.15,2.15,2.15,235,2021-10-08 21:00:00,GMVD
2.14,2.14,2.14,2.14,127,2021-10-11 13:30:00,GMVD
2.14,2.14,2.14,2.14,100,2021-10-11 13:35:00,GMVD
2.085,2.09,2.08,2.08,4000,2021-10-11 13:50:00,GMVD
2.08,2.08,2.0372,2.0372,7900,2021-10-11 14:00:00,GMVD
2.0201,2.045,2.0201,2.045,700,2021-10-11 14:05:00,GMVD
2.0528,2.067,2.0501,2.067,406,2021-10-11 14:10:00,GMVD
2.05,2.05,2.03,2.03,1000,2021-10-11 14:25:00,GMVD
2.06,2.06,2.0549,2.0549,1050,2021-10-11 14:30:00,GMVD
2.04,2.04,2.04,2.04,1008,2021-10-11 14:35:00,GMVD
2.07,2.07,2.05,2.05,200,2021-10-11 14:40:00,GMVD
2.07,2.07,2.07,2.07,200,2021-10-11 14:45:00,GMVD
2.064,2.064,2.064,2.064,200,2021-10-11 14:50:00,GMVD
2.055,2.07,2.0401,2.05,632,2021-10-11 14:55:00,GMVD
2.06,2.06,2.06,2.06,121,2021-10-11 15:00:00,GMVD
2.0519,2.0519,2.0519,2.0519,250,2021-10-11 15:05:00,GMVD
2.0699,2.0699,2.06,2.06,2150,2021-10-11 15:15:00,GMVD
2.05,2.05,2.05,2.05,1150,2021-10-11 15:25:00,GMVD
2.0599,2.0599,2.0599,2.0599,100,2021-10-11 15:30:00,GMVD
2.0599,2.0599,2.0599,2.0599,100,2021-10-11 15:35:00,GMVD
2.0599,2.0599,2.0599,2.0599,115,2021-10-11 15:40:00,GMVD
2.06,2.06,2.06,2.06,200,2021-10-11 15:50:00,GMVD
2.07,2.1,2.07,2.1,6972,2021-10-11 15:55:00,GMVD
2.07,2.07,2.01,2.01,12427,2021-10-11 16:20:00,GMVD
2.0825,2.0825,2.0716,2.0716,1200,2021-10-11 16:25:00,GMVD
2.0699,2.0699,2.0262,2.06,1844,2021-10-11 16:30:00,GMVD
2.04,2.07,2.006,2.07,17700,2021-10-11 16:50:00,GMVD
2.01,2.0499,2.0095,2.0499,29808,2021-10-11 16:55:00,GMVD
2.03,2.03,1.98,2.01,25617,2021-10-11 17:00:00,GMVD
1.994,2.0337,1.97,2.02,7272,2021-10-11 17:05:00,GMVD
2.0,2.0,1.9967,2.0,5600,2021-10-11 17:10:00,GMVD
2.0208,2.03,2.0208,2.03,1000,2021-10-11 17:15:00,GMVD
1.98,1.985,1.95,1.9556,3500,2021-10-11 17:35:00,GMVD
1.95,2.02,1.95,2.02,6482,2021-10-11 17:40:00,GMVD
2.01,2.01,2.01,2.01,1500,2021-10-11 17:45:00,GMVD
1.985,1.9968,1.985,1.9968,10300,2021-10-11 17:55:00,GMVD
2.0,2.0,2.0,2.0,2000,2021-10-11 18:00:00,GMVD
2.0,2.0,2.0,2.0,200,2021-10-11 18:10:00,GMVD
2.02,2.02,2.02,2.02,249,2021-10-11 18:20:00,GMVD
2.0001,2.0001,2.0001,2.0001,600,2021-10-11 18:25:00,GMVD
2.02,2.0381,2.02,2.03,2205,2021-10-11 18:30:00,GMVD
2.03,2.03,1.993,2.02,44463,2021-10-11 18:50:00,GMVD
2.0115,2.04,1.99,1.99,22453,2021-10-11 18:55:00,GMVD
2.0,2.03,1.995,2.0216,18853,2021-10-11 19:00:00,GMVD
2.01,2.09,2.01,2.07,52450,2021-10-11 19:05:00,GMVD
2.06,2.12,2.0501,2.085,33464,2021-10-11 19:10:00,GMVD
2.07,2.09,2.02,2.07,28393,2021-10-11 19:15:00,GMVD
2.05,2.05,2.0,2.03,58432,2021-10-11 19:20:00,GMVD
2.035,2.06,2.035,2.04,2600,2021-10-11 19:25:00,GMVD
2.03,2.04,2.03,2.03,4292,2021-10-11 19:35:00,GMVD
2.03,2.03,2.02,2.03,1600,2021-10-11 19:40:00,GMVD
2.02,2.03,2.02,2.03,1000,2021-10-11 19:45:00,GMVD
2.03,2.0399,2.03,2.03,8550,2021-10-11 19:50:00,GMVD
2.03,2.14,2.03,2.11,13614,2021-10-11 19:55:00,GMVD
2.13,2.13,1.99,1.99,2501,2021-10-11 20:00:00,GMVD
2.07,2.07,2.06,2.06,480,2021-10-11 20:05:00,GMVD
2.06,2.06,2.06,2.06,488,2021-10-11 20:10:00,GMVD
2.05,2.05,2.05,2.05,350,2021-10-11 20:20:00,GMVD
2.05,2.05,2.05,2.05,250,2021-10-11 20:25:00,GMVD
2.05,2.05,2.05,2.05,100,2021-10-11 20:30:00,GMVD
2.03,2.03,2.03,2.03,400,2021-10-11 20:40:00,GMVD
2.0499,2.05,2.0499,2.05,445,2021-10-11 21:00:00,GMVD
2.04,2.04,2.04,2.04,2000,2021-10-11 21:10:00,GMVD
2.04,2.04,2.04,2.04,500,2021-10-11 21:15:00,GMVD
2.04,2.04,2.04,2.04,250,2021-10-11 21:20:00,GMVD
2.03,2.04,2.03,2.04,600,2021-10-11 21:50:00,GMVD
2.04,2.04,2.04,2.04,200,2021-10-11 22:50:00,GMVD
2.04,2.04,2.04,2.04,840,2021-10-11 23:30:00,GMVD
2.05,2.05,2.05,2.05,269,2021-10-11 23:45:00,GMVD
2.08,2.08,2.08,2.08,2501,2021-10-12 10:05:00,GMVD
2.08,2.08,2.07,2.07,2084,2021-10-12 10:15:00,GMVD
2.1299,2.1299,2.1299,2.1299,100,2021-10-12 12:20:00,GMVD
2.13,2.13,2.13,2.13,100,2021-10-12 12:55:00,GMVD
2.06,2.06,2.06,2.06,2250,2021-10-12 13:00:00,GMVD
2.08,2.08,2.07,2.07,428,2021-10-12 13:25:00,GMVD
2.09,2.1102,2.0522,2.075,4177,2021-10-12 13:30:00,GMVD
2.08,2.11,2.08,2.085,1619,2021-10-12 13:35:00,GMVD
2.085,2.085,2.085,2.085,200,2021-10-12 13:40:00,GMVD
2.0935,2.0935,2.09,2.09,2000,2021-10-12 13:45:00,GMVD
2.0999,2.0999,2.0999,2.0999,2050,2021-10-12 13:50:00,GMVD
2.051,2.051,2.051,2.051,250,2021-10-12 14:00:00,GMVD
2.0501,2.0501,2.05,2.05,4200,2021-10-12 14:10:00,GMVD
2.065,2.065,2.065,2.065,2500,2021-10-12 14:15:00,GMVD
2.075,2.0938,2.075,2.0938,2200,2021-10-12 14:20:00,GMVD
2.05,2.09,2.05,2.09,2100,2021-10-12 14:25:00,GMVD
2.09,2.09,2.09,2.09,100,2021-10-12 14:30:00,GMVD
2.09,2.09,2.0615,2.0615,2150,2021-10-12 14:35:00,GMVD
2.0999,2.0999,2.07,2.09,7489,2021-10-12 14:40:00,GMVD
2.1,2.13,2.058,2.13,9791,2021-10-12 14:45:00,GMVD
2.125,2.16,2.1121,2.1545,23284,2021-10-12 14:50:00,GMVD
2.145,2.165,2.1253,2.145,4941,2021-10-12 14:55:00,GMVD
2.15,2.1651,2.15,2.1651,712,2021-10-12 15:00:00,GMVD
2.1573,2.1573,2.13,2.13,4145,2021-10-12 15:05:00,GMVD
2.15,2.15,2.1,2.1,7280,2021-10-12 15:10:00,GMVD
2.1001,2.1001,2.1,2.1,431,2021-10-12 15:15:00,GMVD
2.11,2.11,2.11,2.11,820,2021-10-12 15:20:00,GMVD
2.1,2.15,2.08,2.15,3947,2021-10-12 15:25:00,GMVD
2.115,2.115,2.115,2.115,545,2021-10-12 15:30:00,GMVD
2.14,2.14,2.14,2.14,100,2021-10-12 15:40:00,GMVD
2.0911,2.1,2.09,2.09,5050,2021-10-12 15:45:00,GMVD
2.09,2.09,2.09,2.09,100,2021-10-12 15:50:00,GMVD
2.09,2.09,2.09,2.09,200,2021-10-12 15:55:00,GMVD
2.11,2.11,2.11,2.11,240,2021-10-12 16:05:00,GMVD
2.11,2.11,2.11,2.11,400,2021-10-12 16:15:00,GMVD
2.09,2.09,2.09,2.09,1424,2021-10-12 16:20:00,GMVD
2.08,2.0801,2.05,2.0792,8225,2021-10-12 16:25:00,GMVD
2.0722,2.0722,2.05,2.05,1200,2021-10-12 16:30:00,GMVD
2.0501,2.07,2.0501,2.07,2300,2021-10-12 16:35:00,GMVD
2.1215,2.1215,2.0601,2.1,795,2021-10-12 16:50:00,GMVD
2.0998,2.1,2.0998,2.1,15000,2021-10-12 16:55:00,GMVD
2.0697,2.095,2.0697,2.095,600,2021-10-12 17:00:00,GMVD
2.0854,2.1273,2.07,2.1215,8374,2021-10-12 17:05:00,GMVD
2.1,2.1,2.1,2.1,2600,2021-10-12 17:10:00,GMVD
2.13,2.13,2.1001,2.1001,750,2021-10-12 17:15:00,GMVD
2.12,2.14,2.09,2.115,9800,2021-10-12 17:20:00,GMVD
2.1399,2.1399,2.12,2.1235,2500,2021-10-12 17:40:00,GMVD
2.13,2.14,2.13,2.14,6433,2021-10-12 17:45:00,GMVD
2.13,2.1399,2.11,2.13,8669,2021-10-12 17:50:00,GMVD
2.1,2.115,2.09,2.115,3200,2021-10-12 17:55:00,GMVD
2.13,2.13,2.11,2.11,824,2021-10-12 18:00:00,GMVD
2.11,2.1361,2.11,2.1361,1200,2021-10-12 18:05:00,GMVD
2.1114,2.1114,2.1114,2.1114,100,2021-10-12 18:15:00,GMVD
2.12,2.1262,2.12,2.1262,200,2021-10-12 18:20:00,GMVD
2.1362,2.1362,2.1346,2.1346,200,2021-10-12 18:30:00,GMVD
2.11,2.11,2.11,2.11,100,2021-10-12 18:35:00,GMVD
2.14,2.14,2.14,2.14,100,2021-10-12 18:40:00,GMVD
2.13,2.13,2.13,2.13,124,2021-10-12 18:45:00,GMVD
2.115,2.115,2.115,2.115,100,2021-10-12 18:50:00,GMVD
2.1201,2.1201,2.1201,2.1201,236,2021-10-12 18:55:00,GMVD
2.125,2.125,2.125,2.125,100,2021-10-12 19:00:00,GMVD
2.1218,2.1218,2.1218,2.1218,100,2021-10-12 19:05:00,GMVD
2.1207,2.13,2.1,2.13,990,2021-10-12 19:15:00,GMVD
2.12,2.17,2.12,2.15,5274,2021-10-12 19:20:00,GMVD
2.15,2.2,2.1488,2.1722,16437,2021-10-12 19:25:00,GMVD
2.15,2.225,2.11,2.19,45299,2021-10-12 19:30:00,GMVD
2.16,2.18,2.15,2.18,2600,2021-10-12 19:35:00,GMVD
2.16,2.17,2.16,2.17,1400,2021-10-12 19:40:00,GMVD
2.15,2.18,2.145,2.16,3400,2021-10-12 19:45:00,GMVD
2.16,2.17,2.16,2.1666,3500,2021-10-12 19:50:00,GMVD
2.15,2.2,2.15,2.2,14194,2021-10-12 19:55:00,GMVD
2.13,2.13,2.13,2.13,513,2021-10-12 20:00:00,GMVD
2.1999,2.1999,2.1999,2.1999,100,2021-10-12 20:05:00,GMVD
2.2,2.2,2.13,2.13,6000,2021-10-12 20:20:00,GMVD
2.11,2.11,2.11,2.11,412,2021-10-12 20:30:00,GMVD
2.1,2.1,2.1,2.1,500,2021-10-12 20:40:00,GMVD
2.1799,2.1799,2.1799,2.1799,1000,2021-10-12 21:00:00,GMVD
2.18,2.18,2.18,2.18,300,2021-10-12 21:05:00,GMVD
2.1501,2.1501,2.1501,2.1501,100,2021-10-12 21:20:00,GMVD
2.15,2.15,2.15,2.15,400,2021-10-12 21:25:00,GMVD
2.1,2.1,2.1,2.1,250,2021-10-12 23:30:00,GMVD
2.1799,2.1799,2.1799,2.1799,100,2021-10-12 23:55:00,GMVD
2.11,2.11,2.11,2.11,950,2021-10-13 12:50:00,GMVD
2.1,2.1,2.1,2.1,300,2021-10-13 13:10:00,GMVD
2.18,2.18,2.15,2.15,300,2021-10-13 13:20:00,GMVD
2.1,2.18,2.1,2.18,818,2021-10-13 13:25:00,GMVD
2.14,2.18,2.14,2.18,1247,2021-10-13 13:30:00,GMVD
2.155,2.155,2.155,2.155,409,2021-10-13 13:35:00,GMVD
2.16,2.18,2.16,2.16,740,2021-10-13 13:40:00,GMVD
2.155,2.155,2.1,2.15,3200,2021-10-13 13:45:00,GMVD
2.144,2.144,2.144,2.144,300,2021-10-13 13:50:00,GMVD
2.11,2.17,2.11,2.17,5100,2021-10-13 13:55:00,GMVD
2.15,2.15,2.129,2.129,1100,2021-10-13 14:05:00,GMVD
2.1568,2.1568,2.1568,2.1568,1000,2021-10-13 14:10:00,GMVD
2.145,2.18,2.145,2.165,850,2021-10-13 14:20:00,GMVD
2.17,2.18,2.17,2.18,200,2021-10-13 14:25:00,GMVD
2.165,2.165,2.165,2.165,299,2021-10-13 14:40:00,GMVD
2.16,2.18,2.16,2.18,2740,2021-10-13 14:55:00,GMVD
2.18,2.23,2.18,2.2297,6300,2021-10-13 15:05:00,GMVD
2.2199,2.2454,2.2199,2.24,5440,2021-10-13 15:10:00,GMVD
2.2201,2.23,2.22,2.22,1350,2021-10-13 15:15:00,GMVD
2.2499,2.2499,2.22,2.22,500,2021-10-13 15:20:00,GMVD
2.2244,2.225,2.22,2.225,3500,2021-10-13 15:25:00,GMVD
2.2266,2.23,2.22,2.23,1400,2021-10-13 15:30:00,GMVD
2.229,2.25,2.229,2.25,500,2021-10-13 15:35:00,GMVD
2.245,2.27,2.245,2.27,1600,2021-10-13 15:40:00,GMVD
2.25,2.29,2.25,2.289,3420,2021-10-13 15:45:00,GMVD
2.28,2.29,2.27,2.29,1257,2021-10-13 15:50:00,GMVD
2.29,2.35,2.29,2.35,11765,2021-10-13 15:55:00,GMVD
2.325,2.35,2.29,2.31,15689,2021-10-13 16:00:00,GMVD
2.2899,2.32,2.28,2.29,6000,2021-10-13 16:05:00,GMVD
2.2618,2.3,2.2618,2.3,800,2021-10-13 16:10:00,GMVD
2.27,2.3,2.27,2.3,4325,2021-10-13 16:20:00,GMVD
2.2872,2.3,2.25,2.25,5850,2021-10-13 16:25:00,GMVD
2.28,2.28,2.27,2.28,1400,2021-10-13 16:30:00,GMVD
2.2784,2.2784,2.2701,2.2701,5200,2021-10-13 16:35:00,GMVD
2.28,2.31,2.2799,2.31,2400,2021-10-13 16:40:00,GMVD
2.27,2.32,2.27,2.32,5475,2021-10-13 16:45:00,GMVD
2.295,2.32,2.276,2.32,770,2021-10-13 16:55:00,GMVD
2.28,2.31,2.28,2.31,300,2021-10-13 17:05:00,GMVD
2.307,2.307,2.307,2.307,3000,2021-10-13 17:10:00,GMVD
2.2932,2.31,2.2834,2.31,2062,2021-10-13 17:15:00,GMVD
2.3099,2.3099,2.3099,2.3099,2000,2021-10-13 17:20:00,GMVD
2.3001,2.35,2.3001,2.3484,10679,2021-10-13 17:25:00,GMVD
2.34,2.35,2.3359,2.35,12000,2021-10-13 17:30:00,GMVD
2.3212,2.3499,2.3201,2.3499,1400,2021-10-13 17:40:00,GMVD
2.3248,2.3248,2.3248,2.3248,167,2021-10-13 17:45:00,GMVD
2.3377,2.3377,2.3377,2.3377,1000,2021-10-13 17:55:00,GMVD
2.32,2.35,2.32,2.34,831,2021-10-13 18:05:00,GMVD
2.31,2.33,2.3,2.315,1125,2021-10-13 18:10:00,GMVD
2.304,2.3499,2.28,2.3499,4086,2021-10-13 18:15:00,GMVD
2.3399,2.3399,2.3399,2.3399,1000,2021-10-13 18:25:00,GMVD
2.33,2.35,2.32,2.345,8586,2021-10-13 18:30:00,GMVD
2.3325,2.3775,2.3325,2.35,8541,2021-10-13 18:35:00,GMVD
2.35,2.3501,2.33,2.33,2729,2021-10-13 18:40:00,GMVD
2.37,2.37,2.317,2.36,1100,2021-10-13 18:45:00,GMVD
2.335,2.35,2.335,2.35,896,2021-10-13 18:55:00,GMVD
2.36,2.37,2.34,2.34,2385,2021-10-13 19:00:00,GMVD
2.35,2.35,2.35,2.35,100,2021-10-13 19:05:00,GMVD
2.36,2.39,2.35,2.38,11050,2021-10-13 19:10:00,GMVD
2.37,2.37,2.36,2.37,1300,2021-10-13 19:15:00,GMVD
2.365,2.37,2.3431,2.3431,2180,2021-10-13 19:20:00,GMVD
2.3635,2.3684,2.328,2.328,2640,2021-10-13 19:25:00,GMVD
2.36,2.36,2.36,2.36,100,2021-10-13 19:30:00,GMVD
2.36,2.36,2.36,2.36,225,2021-10-13 19:35:00,GMVD
2.365,2.38,2.36,2.37,4950,2021-10-13 19:40:00,GMVD
2.37,2.3893,2.37,2.3893,1800,2021-10-13 19:45:00,GMVD
2.4,2.4,2.37,2.4,825,2021-10-13 19:50:00,GMVD
2.375,2.4,2.35,2.39,2750,2021-10-13 19:55:00,GMVD
2.4,2.4,2.4,2.4,1529,2021-10-13 20:00:00,GMVD
2.4,2.45,2.4,2.45,500,2021-10-13 20:05:00,GMVD
2.4001,2.4001,2.4001,2.4001,1000,2021-10-13 20:20:00,GMVD
2.4,2.4,2.4,2.4,1000,2021-10-13 20:35:00,GMVD
2.4,2.44,2.3556,2.44,1100,2021-10-13 20:40:00,GMVD
2.35,2.43,2.35,2.43,400,2021-10-13 21:25:00,GMVD
2.4199,2.4199,2.4199,2.4199,200,2021-10-13 21:35:00,GMVD
2.4,2.4,2.39,2.39,320,2021-10-14 13:05:00,GMVD
2.36,2.36,2.36,2.36,100,2021-10-14 13:15:00,GMVD
2.35,2.35,2.35,2.35,308,2021-10-14 13:20:00,GMVD
2.43,2.45,2.3583,2.405,6336,2021-10-14 13:30:00,GMVD
2.381,2.42,2.3201,2.42,18788,2021-10-14 13:35:00,GMVD
2.3301,2.42,2.3301,2.42,650,2021-10-14 13:40:00,GMVD
2.335,2.4,2.33,2.3998,1927,2021-10-14 13:45:00,GMVD
2.3373,2.44,2.3373,2.44,998,2021-10-14 13:50:00,GMVD
2.39,2.42,2.39,2.42,2100,2021-10-14 13:55:00,GMVD
2.39,2.42,2.39,2.42,200,2021-10-14 14:00:00,GMVD
2.38,2.41,2.35,2.4,1156,2021-10-14 14:05:00,GMVD
2.3619,2.4,2.3619,2.4,380,2021-10-14 14:10:00,GMVD
2.385,2.4,2.3663,2.3663,450,2021-10-14 14:15:00,GMVD
2.36,2.44,2.36,2.4,4640,2021-10-14 14:20:00,GMVD
2.38,2.44,2.38,2.44,1000,2021-10-14 14:35:00,GMVD
2.3501,2.44,2.3501,2.44,600,2021-10-14 14:40:00,GMVD
2.44,2.44,2.44,2.44,2000,2021-10-14 14:50:00,GMVD
2.3663,2.42,2.3501,2.42,437,2021-10-14 15:00:00,GMVD
2.3535,2.355,2.3535,2.355,1100,2021-10-14 15:05:00,GMVD
2.39,2.39,2.39,2.39,100,2021-10-14 15:15:00,GMVD
2.4156,2.4156,2.39,2.39,2606,2021-10-14 15:20:00,GMVD
2.4,2.4006,2.4,2.4006,4166,2021-10-14 15:25:00,GMVD
2.4,2.4,2.4,2.4,300,2021-10-14 15:30:00,GMVD
2.4,2.4,2.3601,2.3601,230,2021-10-14 15:45:00,GMVD
2.4,2.4,2.4,2.4,100,2021-10-14 15:50:00,GMVD
2.4,2.4,2.39,2.39,300,2021-10-14 15:55:00,GMVD
2.37,2.371,2.36,2.37,2909,2021-10-14 16:05:00,GMVD
2.3819,2.3819,2.3819,2.3819,100,2021-10-14 16:10:00,GMVD
2.37,2.3766,2.36,2.37,800,2021-10-14 16:20:00,GMVD
2.3901,2.3901,2.3901,2.3901,100,2021-10-14 16:25:00,GMVD
2.36,2.36,2.36,2.36,100,2021-10-14 16:40:00,GMVD
2.3699,2.3699,2.3699,2.3699,100,2021-10-14 16:55:00,GMVD
2.37,2.37,2.36,2.36,1300,2021-10-14 17:00:00,GMVD
2.3517,2.36,2.3517,2.36,374,2021-10-14 17:05:00,GMVD
2.36,2.36,2.35,2.35,540,2021-10-14 17:25:00,GMVD
2.34,2.34,2.3,2.3,2734,2021-10-14 17:50:00,GMVD
2.3418,2.3418,2.25,2.285,1400,2021-10-14 17:55:00,GMVD
2.32,2.32,2.29,2.29,335,2021-10-14 18:00:00,GMVD
2.29,2.3299,2.29,2.3299,2645,2021-10-14 18:05:00,GMVD
2.2901,2.2901,2.2901,2.2901,943,2021-10-14 18:10:00,GMVD
2.32,2.32,2.32,2.32,100,2021-10-14 18:15:00,GMVD
2.33,2.33,2.33,2.33,1300,2021-10-14 18:20:00,GMVD
2.34,2.34,2.34,2.34,200,2021-10-14 18:45:00,GMVD
2.32,2.32,2.32,2.32,1000,2021-10-14 19:10:00,GMVD
2.31,2.31,2.31,2.31,100,2021-10-14 19:35:00,GMVD
2.3151,2.3151,2.3151,2.3151,113,2021-10-14 19:40:00,GMVD
2.3316,2.34,2.33,2.34,1064,2021-10-14 19:55:00,GMVD
2.3,2.3,2.3,2.3,316,2021-10-14 20:00:00,GMVD
2.29,2.29,2.29,2.29,100,2021-10-14 21:35:00,GMVD
2.3,2.34,2.2874,2.34,490,2021-10-15 13:30:00,GMVD
2.3,2.3046,2.3,2.3046,826,2021-10-15 13:40:00,GMVD
2.34,2.34,2.34,2.34,100,2021-10-15 13:45:00,GMVD
2.312,2.34,2.312,2.3216,4246,2021-10-15 13:55:00,GMVD
2.34,2.34,2.315,2.315,3483,2021-10-15 14:00:00,GMVD
2.31,2.32,2.3,2.32,317,2021-10-15 14:10:00,GMVD
2.2999,2.2999,2.2999,2.2999,300,2021-10-15 14:25:00,GMVD
2.28,2.3,2.28,2.3,350,2021-10-15 14:45:00,GMVD
2.28,2.3,2.28,2.3,1392,2021-10-15 15:00:00,GMVD
2.3,2.3,2.3,2.3,269,2021-10-15 15:45:00,GMVD
2.27,2.3023,2.27,2.3023,600,2021-10-15 16:50:00,GMVD
2.27,2.27,2.27,2.27,200,2021-10-15 17:25:00,GMVD
2.27,2.27,2.27,2.27,975,2021-10-15 17:30:00,GMVD
2.2864,2.2864,2.2864,2.2864,100,2021-10-15 17:45:00,GMVD
2.26,2.2605,2.25,2.25,700,2021-10-15 17:55:00,GMVD
2.235,2.235,2.235,2.235,100,2021-10-15 18:00:00,GMVD
2.2379,2.2379,2.2379,2.2379,100,2021-10-15 18:15:00,GMVD
2.2499,2.2499,2.2499,2.2499,500,2021-10-15 18:20:00,GMVD
2.25,2.25,2.25,2.25,1000,2021-10-15 18:25:00,GMVD
2.25,2.2906,2.25,2.2906,893,2021-10-15 18:30:00,GMVD
2.27,2.275,2.27,2.275,200,2021-10-15 18:45:00,GMVD
2.285,2.285,2.2601,2.2601,550,2021-10-15 18:50:00,GMVD
2.285,2.285,2.285,2.285,100,2021-10-15 18:55:00,GMVD
2.3,2.3,2.3,2.3,200,2021-10-15 19:30:00,GMVD
2.27,2.3,2.27,2.3,300,2021-10-15 19:40:00,GMVD
2.29,2.29,2.29,2.29,1800,2021-10-15 19:45:00,GMVD
2.26,2.26,2.26,2.26,208,2021-10-15 19:50:00,GMVD
2.2808,2.3098,2.26,2.26,800,2021-10-15 19:55:00,GMVD
2.28,2.3099,2.28,2.3099,270,2021-10-15 20:00:00,GMVD
2.3097,2.3097,2.3097,2.3097,100,2021-10-18 12:30:00,GMVD
2.27,2.28,2.27,2.28,477,2021-10-18 13:30:00,GMVD
2.25,2.27,2.25,2.27,2700,2021-10-18 13:35:00,GMVD
2.28,2.34,2.28,2.34,1157,2021-10-18 13:40:00,GMVD
2.3,2.3,2.28,2.3,6890,2021-10-18 13:45:00,GMVD
2.28,2.28,2.28,2.28,1223,2021-10-18 13:55:00,GMVD
2.3,2.3,2.25,2.3,425,2021-10-18 14:00:00,GMVD
2.25,2.3,2.23,2.3,1500,2021-10-18 14:10:00,GMVD
2.25,2.25,2.25,2.25,1921,2021-10-18 14:15:00,GMVD
2.31,2.31,2.31,2.31,200,2021-10-18 14:20:00,GMVD
2.2601,2.3,2.2601,2.3,2550,2021-10-18 14:30:00,GMVD
2.2923,2.2923,2.28,2.28,400,2021-10-18 14:35:00,GMVD
2.2983,2.3,2.28,2.3,2200,2021-10-18 14:40:00,GMVD
2.2962,2.3,2.29,2.3,1170,2021-10-18 14:55:00,GMVD
2.3,2.34,2.2992,2.34,14046,2021-10-18 15:00:00,GMVD
2.3,2.33,2.28,2.2814,2135,2021-10-18 15:05:00,GMVD
2.33,2.36,2.33,2.36,6678,2021-10-18 15:25:00,GMVD
2.3501,2.3759,2.33,2.33,19000,2021-10-18 15:30:00,GMVD
2.365,2.3896,2.3608,2.3608,3750,2021-10-18 15:35:00,GMVD
2.39,2.4,2.36,2.4,800,2021-10-18 15:40:00,GMVD
2.38,2.4,2.38,2.4,521,2021-10-18 15:45:00,GMVD
2.3999,2.4,2.38,2.3942,6203,2021-10-18 15:55:00,GMVD
2.4,2.4,2.3601,2.3601,2050,2021-10-18 16:00:00,GMVD
2.4,2.4,2.4,2.4,100,2021-10-18 16:05:00,GMVD
2.36,2.4,2.35,2.4,2936,2021-10-18 16:35:00,GMVD
2.35,2.37,2.35,2.37,850,2021-10-18 16:45:00,GMVD
2.3599,2.3599,2.3599,2.3599,106,2021-10-18 17:15:00,GMVD
2.3501,2.3501,2.3501,2.3501,500,2021-10-18 17:35:00,GMVD
2.35,2.35,2.35,2.35,200,2021-10-18 17:45:00,GMVD
2.35,2.35,2.35,2.35,8632,2021-10-18 17:50:00,GMVD
2.2701,2.2701,2.2701,2.2701,100,2021-10-18 18:05:00,GMVD
2.31,2.31,2.31,2.31,100,2021-10-18 18:15:00,GMVD
2.2801,2.2801,2.2801,2.2801,900,2021-10-18 18:20:00,GMVD
2.3221,2.3221,2.3221,2.3221,100,2021-10-18 18:25:00,GMVD
2.3299,2.3299,2.3112,2.3299,1265,2021-10-18 18:50:00,GMVD
2.305,2.3171,2.305,2.3171,850,2021-10-18 19:05:00,GMVD
2.2801,2.3221,2.2801,2.3221,600,2021-10-18 19:25:00,GMVD
2.32,2.32,2.32,2.32,500,2021-10-18 19:50:00,GMVD
2.2884,2.33,2.2884,2.33,344,2021-10-18 19:55:00,GMVD
2.33,2.33,2.33,2.33,181,2021-10-18 20:00:00,GMVD
2.33,2.4,2.33,2.4,256,2021-10-18 22:30:00,GMVD
2.4,2.4,2.4,2.4,500,2021-10-18 23:55:00,GMVD
2.35,2.36,2.28,2.36,912,2021-10-19 13:30:00,GMVD
2.2848,2.34,2.2848,2.34,650,2021-10-19 13:40:00,GMVD
2.35,2.35,2.3,2.35,700,2021-10-19 13:45:00,GMVD
2.3499,2.3499,2.3499,2.3499,638,2021-10-19 13:50:00,GMVD
2.3095,2.3411,2.3,2.3,1600,2021-10-19 13:55:00,GMVD
2.28,2.3,2.248,2.3,1523,2021-10-19 14:00:00,GMVD
2.26,2.3,2.26,2.3,2163,2021-10-19 14:05:00,GMVD
2.3,2.3,2.2601,2.3,800,2021-10-19 14:10:00,GMVD
2.2601,2.3,2.2601,2.3,1300,2021-10-19 14:15:00,GMVD
2.288,2.3,2.28,2.3,3025,2021-10-19 14:20:00,GMVD
2.299,2.3,2.29,2.29,6300,2021-10-19 14:35:00,GMVD
2.3,2.3,2.3,2.3,100,2021-10-19 14:50:00,GMVD
2.29,2.3,2.2602,2.2992,6534,2021-10-19 15:15:00,GMVD
2.29,2.3,2.29,2.3,309,2021-10-19 15:35:00,GMVD
2.2902,2.3,2.29,2.3,2200,2021-10-19 15:40:00,GMVD
2.29,2.38,2.29,2.38,2300,2021-10-19 15:45:00,GMVD
2.33,2.33,2.33,2.33,200,2021-10-19 15:50:00,GMVD
2.36,2.36,2.36,2.36,500,2021-10-19 15:55:00,GMVD
2.3499,2.35,2.3499,2.35,1000,2021-10-19 16:05:00,GMVD
2.301,2.33,2.3,2.3,1400,2021-10-19 16:10:00,GMVD
2.2601,2.3,2.2601,2.3,355,2021-10-19 16:15:00,GMVD
2.2926,2.3,2.2926,2.3,1749,2021-10-19 16:25:00,GMVD
2.33,2.37,2.2907,2.35,1000,2021-10-19 16:30:00,GMVD
2.3047,2.35,2.3047,2.35,550,2021-10-19 16:45:00,GMVD
2.325,2.35,2.3,2.35,3811,2021-10-19 17:50:00,GMVD
2.32,2.35,2.3,2.35,500,2021-10-19 17:55:00,GMVD
2.33,2.34,2.31,2.34,400,2021-10-19 18:30:00,GMVD
2.33,2.34,2.32,2.33,2100,2021-10-19 18:35:00,GMVD
2.33,2.33,2.32,2.33,1200,2021-10-19 18:40:00,GMVD
2.35,2.35,2.35,2.35,100,2021-10-19 18:45:00,GMVD
2.3001,2.3001,2.3001,2.3001,122,2021-10-19 18:55:00,GMVD
2.35,2.35,2.35,2.35,100,2021-10-19 19:00:00,GMVD
2.325,2.35,2.325,2.35,222,2021-10-19 19:10:00,GMVD
2.335,2.35,2.3143,2.35,1500,2021-10-19 19:15:00,GMVD
2.2901,2.35,2.2901,2.35,955,2021-10-19 19:25:00,GMVD
2.3037,2.35,2.3,2.35,1600,2021-10-19 19:30:00,GMVD
2.35,2.35,2.35,2.35,500,2021-10-19 19:45:00,GMVD
2.35,2.35,2.35,2.35,339,2021-10-19 19:55:00,GMVD
2.32,2.35,2.32,2.35,289,2021-10-19 20:00:00,GMVD
2.34,2.34,2.34,2.34,100,2021-10-20 13:30:00,GMVD
2.33,2.36,2.33,2.3599,1855,2021-10-20 13:35:00,GMVD
2.34,2.36,2.34,2.36,200,2021-10-20 13:40:00,GMVD
2.31,2.335,2.31,2.335,1000,2021-10-20 13:45:00,GMVD
2.311,2.34,2.29,2.29,1800,2021-10-20 13:50:00,GMVD
2.257,2.29,2.2327,2.29,4154,2021-10-20 14:00:00,GMVD
2.2899,2.29,2.2501,2.29,3300,2021-10-20 14:10:00,GMVD
2.29,2.29,2.29,2.29,17100,2021-10-20 14:20:00,GMVD
2.2684,2.29,2.26,2.29,4400,2021-10-20 14:25:00,GMVD
2.25,2.25,2.25,2.25,798,2021-10-20 14:30:00,GMVD
2.29,2.29,2.2501,2.2501,600,2021-10-20 14:35:00,GMVD
2.29,2.29,2.29,2.29,100,2021-10-20 14:40:00,GMVD
2.28,2.28,2.28,2.28,1000,2021-10-20 15:25:00,GMVD
2.2809,2.2809,2.2809,2.2809,237,2021-10-20 15:45:00,GMVD
2.285,2.34,2.285,2.34,2284,2021-10-20 15:50:00,GMVD
2.32,2.35,2.3,2.35,7000,2021-10-20 16:05:00,GMVD
2.32,2.35,2.32,2.35,800,2021-10-20 16:20:00,GMVD
2.3,2.35,2.3,2.35,1771,2021-10-20 17:15:00,GMVD
2.2999,2.3,2.27,2.3,4200,2021-10-20 17:35:00,GMVD
2.2704,2.28,2.2,2.28,5623,2021-10-20 17:45:00,GMVD
2.27,2.275,2.27,2.275,350,2021-10-20 18:00:00,GMVD
2.28,2.28,2.28,2.28,100,2021-10-20 18:05:00,GMVD
2.26,2.26,2.26,2.26,891,2021-10-20 18:15:00,GMVD
2.28,2.28,2.28,2.28,100,2021-10-20 18:20:00,GMVD
2.28,2.28,2.2585,2.28,2600,2021-10-20 18:25:00,GMVD
2.25,2.27,2.25,2.27,1400,2021-10-20 18:30:00,GMVD
2.28,2.28,2.28,2.28,100,2021-10-20 18:35:00,GMVD
2.251,2.27,2.25,2.27,400,2021-10-20 18:40:00,GMVD
2.28,2.28,2.28,2.28,913,2021-10-20 18:55:00,GMVD
2.265,2.28,2.265,2.28,1300,2021-10-20 19:00:00,GMVD
2.28,2.28,2.25,2.28,890,2021-10-20 19:25:00,GMVD
2.265,2.28,2.24,2.2452,1847,2021-10-20 19:45:00,GMVD
2.28,2.28,2.28,2.28,300,2021-10-20 19:50:00,GMVD
2.2774,2.28,2.265,2.28,2339,2021-10-20 19:55:00,GMVD
2.28,2.28,2.28,2.28,124,2021-10-20 20:00:00,GMVD
2.2,2.2,2.2,2.2,300,2021-10-20 21:45:00,GMVD
2.3,2.3,2.3,2.3,100,2021-10-20 22:55:00,GMVD
2.3499,2.3499,2.3499,2.3499,100,2021-10-21 12:00:00,GMVD
2.22,2.3,2.16,2.3,2405,2021-10-21 13:30:00,GMVD
2.26,2.29,2.23,2.29,599,2021-10-21 13:35:00,GMVD
2.225,2.29,2.225,2.29,500,2021-10-21 13:40:00,GMVD
2.2246,2.27,2.2127,2.27,2860,2021-10-21 13:45:00,GMVD
2.22,2.29,2.22,2.29,792,2021-10-21 13:50:00,GMVD
2.224,2.27,2.22,2.27,4641,2021-10-21 14:00:00,GMVD
2.2,2.24,2.17,2.24,1300,2021-10-21 14:10:00,GMVD
2.24,2.28,2.24,2.28,600,2021-10-21 14:15:00,GMVD
2.25,2.3,2.24,2.3,3500,2021-10-21 14:20:00,GMVD
2.2101,2.2101,2.2101,2.2101,750,2021-10-21 14:30:00,GMVD
2.24,2.27,2.2152,2.27,3199,2021-10-21 14:35:00,GMVD
2.22,2.22,2.17,2.17,3030,2021-10-21 15:10:00,GMVD
2.1738,2.22,2.1738,2.22,2450,2021-10-21 15:20:00,GMVD
2.18,2.18,2.18,2.18,600,2021-10-21 15:25:00,GMVD
2.171,2.2438,2.1,2.1125,62429,2021-10-21 15:30:00,GMVD
2.16,2.19,2.16,2.16,1010,2021-10-21 15:35:00,GMVD
2.15,2.21,2.15,2.21,5610,2021-10-21 15:40:00,GMVD
2.185,2.2,2.185,2.2,1300,2021-10-21 15:50:00,GMVD
2.2,2.2,2.1999,2.2,700,2021-10-21 15:55:00,GMVD
2.18,2.21,2.17,2.21,850,2021-10-21 16:00:00,GMVD
2.195,2.21,2.195,2.21,2000,2021-10-21 16:05:00,GMVD
2.18,2.18,2.18,2.18,300,2021-10-21 16:15:00,GMVD
2.18,2.2,2.18,2.2,400,2021-10-21 16:20:00,GMVD
2.1501,2.175,2.1501,2.175,1499,2021-10-21 16:45:00,GMVD
2.155,2.18,2.15,2.18,1200,2021-10-21 16:50:00,GMVD
2.1607,2.19,2.1607,2.19,700,2021-10-21 17:20:00,GMVD
2.16,2.16,2.1401,2.1401,414,2021-10-21 17:25:00,GMVD
2.16,2.16,2.157,2.157,1200,2021-10-21 17:30:00,GMVD
2.1799,2.1799,2.1799,2.1799,140,2021-10-21 17:45:00,GMVD
2.152,2.152,2.15,2.1502,2600,2021-10-21 18:10:00,GMVD
2.16,2.16,2.16,2.16,2000,2021-10-21 18:15:00,GMVD
2.16,2.17,2.14,2.1481,7000,2021-10-21 18:40:00,GMVD
2.15,2.18,2.1301,2.18,2251,2021-10-21 18:50:00,GMVD
2.2,2.2,2.2,2.2,100,2021-10-21 18:55:00,GMVD
2.19,2.19,2.18,2.18,900,2021-10-21 19:05:00,GMVD
2.14,2.18,2.1301,2.18,600,2021-10-21 19:45:00,GMVD
2.17,2.19,2.16,2.19,500,2021-10-21 19:50:00,GMVD
2.17,2.18,2.165,2.18,6200,2021-10-21 19:55:00,GMVD
2.15,2.23,2.15,2.23,886,2021-10-21 20:00:00,GMVD
2.1,2.11,2.1,2.1,9408,2021-10-22 12:45:00,GMVD
2.12,2.2,2.1101,2.2,1486,2021-10-22 13:30:00,GMVD
2.112,2.18,2.11,2.18,6771,2021-10-22 13:35:00,GMVD
2.1101,2.18,2.1101,2.18,400,2021-10-22 13:40:00,GMVD
2.2,2.2,2.2,2.2,500,2021-10-22 13:45:00,GMVD
2.1138,2.19,2.11,2.19,1200,2021-10-22 13:50:00,GMVD
2.1101,2.2,2.1101,2.2,1662,2021-10-22 13:55:00,GMVD
2.1174,2.19,2.1174,2.19,998,2021-10-22 14:00:00,GMVD
2.1899,2.1899,2.11,2.1596,800,2021-10-22 14:10:00,GMVD
2.1,2.1,2.1,2.1,200,2021-10-22 15:10:00,GMVD
2.1,2.12,2.02,2.12,17185,2021-10-22 15:35:00,GMVD
2.0556,2.0969,2.05,2.0969,9189,2021-10-22 15:40:00,GMVD
2.08,2.08,2.0519,2.075,1100,2021-10-22 15:45:00,GMVD
2.06,2.06,2.03,2.0376,2143,2021-10-22 15:50:00,GMVD
2.03,2.05,2.03,2.05,6277,2021-10-22 15:55:00,GMVD
2.06,2.08,2.06,2.08,2000,2021-10-22 16:00:00,GMVD
2.065,2.065,2.065,2.065,100,2021-10-22 16:30:00,GMVD
2.065,2.08,2.065,2.07,1100,2021-10-22 16:35:00,GMVD
2.0848,2.0848,2.0848,2.0848,200,2021-10-22 16:40:00,GMVD
2.054,2.08,2.05,2.08,993,2021-10-22 17:20:00,GMVD
2.0691,2.0691,2.0681,2.0681,250,2021-10-22 17:35:00,GMVD
2.065,2.08,2.065,2.07,2810,2021-10-22 17:55:00,GMVD
2.05,2.05,2.05,2.05,1182,2021-10-22 18:15:00,GMVD
2.05,2.05,2.04,2.04,452,2021-10-22 18:30:00,GMVD
2.065,2.065,2.065,2.065,200,2021-10-22 18:45:00,GMVD
2.07,2.07,2.05,2.05,2090,2021-10-22 19:15:00,GMVD
2.06,2.06,2.05,2.05,2210,2021-10-22 19:20:00,GMVD
2.061,2.08,2.06,2.08,2745,2021-10-22 19:40:00,GMVD
2.0694,2.0694,2.04,2.0401,3300,2021-10-22 19:45:00,GMVD
2.055,2.0716,2.055,2.0716,1400,2021-10-22 19:50:00,GMVD
2.07,2.07,2.03,2.03,7399,2021-10-22 19:55:00,GMVD
2.07,2.07,2.07,2.07,343,2021-10-22 20:00:00,GMVD
2.01,2.01,2.01,2.01,1115,2021-10-22 22:35:00,GMVD
2.07,2.07,2.045,2.045,2665,2021-10-25 13:30:00,GMVD
2.04,2.04,2.04,2.04,325,2021-10-25 13:35:00,GMVD
2.0603,2.0603,2.0602,2.0602,389,2021-10-25 13:45:00,GMVD
2.0501,2.09,2.0501,2.09,4306,2021-10-25 13:50:00,GMVD
2.098,2.098,2.098,2.098,100,2021-10-25 13:55:00,GMVD
2.09,2.15,2.09,2.15,1658,2021-10-25 14:00:00,GMVD
2.1292,2.14,2.1008,2.14,3318,2021-10-25 14:05:00,GMVD
2.1059,2.1059,2.1059,2.1059,182,2021-10-25 14:10:00,GMVD
2.1001,2.1194,2.1001,2.11,500,2021-10-25 14:15:00,GMVD
2.14,2.15,2.12,2.15,1100,2021-10-25 14:20:00,GMVD
2.12,2.12,2.11,2.115,4400,2021-10-25 14:25:00,GMVD
2.1,2.1,2.1,2.1,250,2021-10-25 14:35:00,GMVD
2.0861,2.0861,2.0861,2.0861,276,2021-10-25 14:40:00,GMVD
2.08,2.08,2.08,2.08,100,2021-10-25 14:50:00,GMVD
2.08,2.08,2.08,2.08,9000,2021-10-25 14:55:00,GMVD
2.12,2.12,2.12,2.12,238,2021-10-25 15:30:00,GMVD
2.0999,2.0999,2.0999,2.0999,100,2021-10-25 16:05:00,GMVD
2.1,2.12,2.07,2.07,19679,2021-10-25 16:15:00,GMVD
2.05,2.05,2.05,2.05,200,2021-10-25 16:20:00,GMVD
2.11,2.11,2.11,2.11,964,2021-10-25 16:25:00,GMVD
2.0438,2.0438,2.0422,2.0422,6497,2021-10-25 16:40:00,GMVD
2.04,2.0749,2.04,2.06,637,2021-10-25 16:45:00,GMVD
2.06,2.0762,2.06,2.06,1639,2021-10-25 16:50:00,GMVD
2.046,2.05,2.04,2.04,4299,2021-10-25 16:55:00,GMVD
2.0338,2.0338,2.0338,2.0338,1000,2021-10-25 17:10:00,GMVD
2.05,2.06,2.05,2.06,200,2021-10-25 17:15:00,GMVD
2.05,2.05,2.05,2.05,100,2021-10-25 17:25:00,GMVD
2.06,2.06,2.05,2.05,219,2021-10-25 17:30:00,GMVD
2.04,2.04,2.04,2.04,200,2021-10-25 17:35:00,GMVD
2.04,2.04,2.04,2.04,100,2021-10-25 17:40:00,GMVD
2.0489,2.0489,2.0489,2.0489,300,2021-10-25 17:45:00,GMVD
2.04,2.11,2.04,2.06,20377,2021-10-25 17:50:00,GMVD
2.06,2.06,2.06,2.06,2400,2021-10-25 17:55:00,GMVD
2.06,2.1,2.04,2.04,8174,2021-10-25 18:00:00,GMVD
2.04,2.07,2.03,2.05,12615,2021-10-25 18:05:00,GMVD
2.12,2.12,2.06,2.06,600,2021-10-25 18:10:00,GMVD
2.12,2.12,2.06,2.06,300,2021-10-25 18:15:00,GMVD
2.06,2.06,2.06,2.06,600,2021-10-25 18:20:00,GMVD
2.1,2.1,2.06,2.06,489,2021-10-25 18:25:00,GMVD
2.06,2.06,2.06,2.06,100,2021-10-25 18:30:00,GMVD
2.06,2.06,2.06,2.06,600,2021-10-25 18:35:00,GMVD
2.085,2.085,2.085,2.085,300,2021-10-25 18:40:00,GMVD
2.085,2.085,2.07,2.07,300,2021-10-25 18:45:00,GMVD
2.065,2.065,2.065,2.065,400,2021-10-25 18:50:00,GMVD
2.05,2.05,2.03,2.03,2000,2021-10-25 19:00:00,GMVD
2.045,2.06,2.045,2.06,200,2021-10-25 19:05:00,GMVD
2.05,2.05,2.05,2.05,100,2021-10-25 19:15:00,GMVD
2.05,2.08,2.05,2.08,200,2021-10-25 19:20:00,GMVD
2.05,2.07,2.0451,2.0451,3027,2021-10-25 19:25:00,GMVD
2.0401,2.0401,2.04,2.04,8000,2021-10-25 19:35:00,GMVD
2.046,2.046,2.046,2.046,550,2021-10-25 19:40:00,GMVD
2.05,2.05,2.05,2.05,100,2021-10-25 19:45:00,GMVD
2.05,2.05,2.04,2.04,2500,2021-10-25 19:55:00,GMVD
2.06,2.06,2.06,2.06,401,2021-10-25 20:00:00,GMVD
2.0101,2.0101,2.0101,2.0101,2000,2021-10-25 20:10:00,GMVD
2.06,2.06,2.06,2.06,372,2021-10-25 20:30:00,GMVD
2.06,2.06,2.06,2.06,201,2021-10-25 20:55:00,GMVD
2.06,2.06,2.06,2.06,100,2021-10-25 21:55:00,GMVD
2.02,2.02,2.02,2.02,200,2021-10-25 22:20:00,GMVD
2.11,2.11,2.0602,2.0602,3613,2021-10-26 13:30:00,GMVD
2.085,2.085,2.07,2.07,200,2021-10-26 13:35:00,GMVD
2.05,2.05,2.05,2.05,250,2021-10-26 13:40:00,GMVD
2.055,2.08,2.055,2.08,653,2021-10-26 13:45:00,GMVD
2.08,2.12,2.07,2.12,1138,2021-10-26 13:50:00,GMVD
2.11,2.11,2.07,2.07,400,2021-10-26 13:55:00,GMVD
2.0501,2.0501,2.0501,2.0501,120,2021-10-26 14:00:00,GMVD
2.054,2.054,2.03,2.0499,5100,2021-10-26 14:05:00,GMVD
2.05,2.12,2.05,2.12,400,2021-10-26 14:10:00,GMVD
2.11,2.11,2.11,2.11,100,2021-10-26 14:20:00,GMVD
2.11,2.11,2.11,2.11,100,2021-10-26 14:35:00,GMVD
2.1,2.1,2.1,2.1,100,2021-10-26 14:40:00,GMVD
2.11,2.14,2.1,2.14,6600,2021-10-26 14:45:00,GMVD
2.1465,2.16,2.13,2.16,7087,2021-10-26 14:50:00,GMVD
2.13,2.14,2.1155,2.1155,12415,2021-10-26 14:55:00,GMVD
2.12,2.12,2.1,2.1,1300,2021-10-26 15:00:00,GMVD
2.13,2.13,2.1253,2.1253,299,2021-10-26 15:05:00,GMVD
2.13,2.13,2.12,2.13,2800,2021-10-26 15:10:00,GMVD
2.13,2.13,2.13,2.13,200,2021-10-26 15:15:00,GMVD
2.135,2.135,2.135,2.135,100,2021-10-26 15:25:00,GMVD
2.14,2.14,2.14,2.14,500,2021-10-26 15:30:00,GMVD
2.16,2.2,2.16,2.2,2400,2021-10-26 15:35:00,GMVD
2.18,2.18,2.17,2.17,400,2021-10-26 15:40:00,GMVD
2.14,2.14,2.14,2.14,1300,2021-10-26 15:45:00,GMVD
2.1658,2.17,2.16,2.17,671,2021-10-26 15:50:00,GMVD
2.17,2.17,2.17,2.17,100,2021-10-26 15:55:00,GMVD
2.1401,2.16,2.1401,2.16,575,2021-10-26 16:00:00,GMVD
2.16,2.16,2.16,2.16,100,2021-10-26 16:05:00,GMVD
2.142,2.16,2.124,2.124,5740,2021-10-26 16:10:00,GMVD
2.1101,2.12,2.1101,2.12,974,2021-10-26 16:15:00,GMVD
2.13,2.13,2.13,2.13,200,2021-10-26 16:20:00,GMVD
2.16,2.16,2.16,2.16,100,2021-10-26 16:25:00,GMVD
2.16,2.16,2.16,2.16,100,2021-10-26 16:30:00,GMVD
2.16,2.16,2.16,2.16,100,2021-10-26 16:35:00,GMVD
2.1387,2.14,2.1387,2.14,344,2021-10-26 16:40:00,GMVD
2.14,2.14,2.14,2.14,100,2021-10-26 16:50:00,GMVD
2.12,2.125,2.12,2.125,1185,2021-10-26 16:55:00,GMVD
2.14,2.14,2.14,2.14,100,2021-10-26 17:10:00,GMVD
2.11,2.115,2.08,2.08,6050,2021-10-26 17:15:00,GMVD
2.08,2.08,2.08,2.08,375,2021-10-26 17:25:00,GMVD
2.07,2.07,2.07,2.07,100,2021-10-26 17:35:00,GMVD
2.08,2.08,2.08,2.08,600,2021-10-26 17:45:00,GMVD
2.08,2.08,2.08,2.08,200,2021-10-26 17:50:00,GMVD
2.08,2.08,2.08,2.08,100,2021-10-26 17:55:00,GMVD
2.08,2.08,2.06,2.06,800,2021-10-26 18:05:00,GMVD
2.1,2.1,2.1,2.1,100,2021-10-26 18:20:00,GMVD
2.1,2.1,2.1,2.1,100,2021-10-26 18:25:00,GMVD
2.1,2.1,2.1,2.1,100,2021-10-26 18:30:00,GMVD
2.1,2.1,2.1,2.1,100,2021-10-26 18:35:00,GMVD
2.1,2.1,2.1,2.1,100,2021-10-26 18:40:00,GMVD
2.1,2.1,2.1,2.1,100,2021-10-26 18:45:00,GMVD
2.1,2.1,2.1,2.1,100,2021-10-26 18:50:00,GMVD
2.1,2.1,2.1,2.1,100,2021-10-26 18:55:00,GMVD
2.1,2.1,2.1,2.1,900,2021-10-26 19:00:00,GMVD
2.1,2.1,2.1,2.1,100,2021-10-26 19:10:00,GMVD
2.09,2.13,2.09,2.13,300,2021-10-26 19:25:00,GMVD
2.13,2.13,2.13,2.13,100,2021-10-26 19:50:00,GMVD
2.13,2.13,2.09,2.13,1317,2021-10-26 19:55:00,GMVD
2.12,2.12,2.12,2.12,113,2021-10-26 20:00:00,GMVD
2.12,2.12,2.12,2.12,900,2021-10-26 20:30:00,GMVD
2.12,2.12,2.12,2.12,120,2021-10-26 21:50:00,GMVD
2.1,2.1,2.07,2.07,2241,2021-10-27 09:35:00,GMVD
2.12,2.12,2.12,2.12,500,2021-10-27 13:05:00,GMVD
2.12,2.12,2.12,2.12,4932,2021-10-27 13:30:00,GMVD
2.11,2.11,2.11,2.11,100,2021-10-27 13:35:00,GMVD
2.15,2.15,2.15,2.15,100,2021-10-27 13:55:00,GMVD
2.1038,2.1038,2.1038,2.1038,500,2021-10-27 14:15:00,GMVD
2.15,2.15,2.06,2.06,1600,2021-10-27 14:20:00,GMVD
2.11,2.5,2.09,2.449,285116,2021-10-27 14:25:00,GMVD
2.425,2.52,2.33,2.4699,350228,2021-10-27 14:30:00,GMVD
2.42,2.5,2.3401,2.3401,149831,2021-10-27 14:35:00,GMVD
2.35,2.46,2.35,2.4,63396,2021-10-27 14:40:00,GMVD
2.42,2.69,2.37,2.557,432252,2021-10-27 14:45:00,GMVD
2.54,2.65,2.5,2.55,348408,2021-10-27 14:50:00,GMVD
2.5475,2.66,2.45,2.6162,304407,2021-10-27 14:55:00,GMVD
2.6199,3.15,2.55,2.9656,1645115,2021-10-27 15:00:00,GMVD
2.9551,3.06,2.53,2.6099,1273596,2021-10-27 15:05:00,GMVD
2.601,2.6035,2.23,2.3283,781853,2021-10-27 15:10:00,GMVD
2.3101,2.37,2.23,2.2915,182311,2021-10-27 15:15:00,GMVD
2.2999,2.3064,2.24,2.276,60446,2021-10-27 15:20:00,GMVD
2.2964,2.31,2.2703,2.3,65690,2021-10-27 15:25:00,GMVD
2.29,2.3,2.06,2.16,262204,2021-10-27 15:30:00,GMVD
2.16,2.2327,2.1395,2.2,124509,2021-10-27 15:35:00,GMVD
2.19,2.23,2.16,2.18,93854,2021-10-27 15:40:00,GMVD
2.18,2.25,2.17,2.22,54136,2021-10-27 15:45:00,GMVD
2.2499,2.2699,2.14,2.16,79858,2021-10-27 15:50:00,GMVD
2.1552,2.2,2.1527,2.1846,21471,2021-10-27 15:55:00,GMVD
2.16,2.19,2.16,2.1886,21280,2021-10-27 16:00:00,GMVD
2.19,2.26,2.1501,2.18,55578,2021-10-27 16:05:00,GMVD
2.19,2.19,2.12,2.12,49356,2021-10-27 16:10:00,GMVD
2.15,2.15,2.11,2.12,39394,2021-10-27 16:15:00,GMVD
2.11,2.14,2.1,2.14,14134,2021-10-27 16:20:00,GMVD
2.125,2.15,2.125,2.13,6287,2021-10-27 16:25:00,GMVD
2.14,2.145,2.1,2.1132,51287,2021-10-27 16:30:00,GMVD
2.13,2.17,2.1201,2.17,14886,2021-10-27 16:35:00,GMVD
2.1673,2.23,2.1433,2.22,30801,2021-10-27 16:40:00,GMVD
2.2299,2.3,2.2,2.25,25471,2021-10-27 16:45:00,GMVD
2.26,2.32,2.2306,2.32,28236,2021-10-27 16:50:00,GMVD
2.311,2.3585,2.25,2.25,51633,2021-10-27 16:55:00,GMVD
2.25,2.29,2.24,2.26,9974,2021-10-27 17:00:00,GMVD
2.2861,2.2861,2.25,2.25,11252,2021-10-27 17:05:00,GMVD
2.25,2.255,2.18,2.23,55759,2021-10-27 17:10:00,GMVD
2.23,2.25,2.19,2.21,28920,2021-10-27 17:15:00,GMVD
2.21,2.21,2.17,2.2,8057,2021-10-27 17:20:00,GMVD
2.182,2.19,2.13,2.185,15783,2021-10-27 17:25:00,GMVD
2.1701,2.25,2.17,2.25,8186,2021-10-27 17:30:00,GMVD
2.2514,2.2514,2.2514,2.2514,100,2021-10-27 17:35:00,GMVD
2.24,2.24,2.22,2.22,1271,2021-10-27 17:40:00,GMVD
2.24,2.24,2.22,2.22,400,2021-10-27 17:50:00,GMVD
2.2374,2.2374,2.23,2.23,400,2021-10-27 17:55:00,GMVD
2.22,2.2287,2.22,2.2287,1499,2021-10-27 18:00:00,GMVD
2.2241,2.2241,2.16,2.18,8578,2021-10-27 18:05:00,GMVD
2.1621,2.1799,2.1621,2.17,1100,2021-10-27 18:10:00,GMVD
2.1799,2.1799,2.15,2.1501,10525,2021-10-27 18:15:00,GMVD
2.16,2.16,2.1501,2.16,9193,2021-10-27 18:20:00,GMVD
2.1584,2.16,2.15,2.16,1425,2021-10-27 18:25:00,GMVD
2.17,2.19,2.17,2.19,20800,2021-10-27 18:30:00,GMVD
2.19,2.19,2.16,2.1619,12266,2021-10-27 18:35:00,GMVD
2.1627,2.1627,2.1627,2.1627,300,2021-10-27 18:40:00,GMVD
2.1863,2.1863,2.1601,2.1714,4826,2021-10-27 18:45:00,GMVD
2.16,2.18,2.16,2.18,805,2021-10-27 18:50:00,GMVD
2.17,2.1795,2.16,2.17,6485,2021-10-27 18:55:00,GMVD
2.16,2.161,2.16,2.1601,2000,2021-10-27 19:00:00,GMVD
2.16,2.19,2.16,2.1899,4562,2021-10-27 19:05:00,GMVD
2.18,2.21,2.18,2.21,12750,2021-10-27 19:10:00,GMVD
2.18,2.184,2.18,2.184,4507,2021-10-27 19:15:00,GMVD
2.19,2.195,2.18,2.18,551,2021-10-27 19:20:00,GMVD
2.18,2.19,2.18,2.19,500,2021-10-27 19:25:00,GMVD
2.1901,2.23,2.19,2.23,6950,2021-10-27 19:30:00,GMVD
2.23,2.23,2.17,2.23,15760,2021-10-27 19:35:00,GMVD
2.2,2.21,2.16,2.193,18986,2021-10-27 19:40:00,GMVD
2.19,2.2,2.16,2.2,1700,2021-10-27 19:45:00,GMVD
2.1933,2.22,2.18,2.18,5084,2021-10-27 19:50:00,GMVD
2.2,2.26,2.1946,2.25,39099,2021-10-27 19:55:00,GMVD
2.25,2.34,2.25,2.3,6781,2021-10-27 20:00:00,GMVD
2.29,2.29,2.2,2.2,447,2021-10-27 20:10:00,GMVD
2.25,2.25,2.25,2.25,400,2021-10-27 20:15:00,GMVD
2.25,2.25,2.25,2.25,137,2021-10-27 20:20:00,GMVD
2.28,2.28,2.28,2.28,140,2021-10-27 20:40:00,GMVD
2.22,2.22,2.21,2.22,693,2021-10-27 21:25:00,GMVD
2.23,2.23,2.23,2.23,100,2021-10-27 23:00:00,GMVD
2.26,2.26,2.26,2.26,206,2021-10-27 23:15:00,GMVD
2.13,2.13,2.13,2.13,129,2021-10-28 08:00:00,GMVD
2.41,2.41,2.41,2.41,150,2021-10-28 08:45:00,GMVD
2.26,2.26,2.26,2.26,118,2021-10-28 11:00:00,GMVD
2.26,2.26,2.21,2.21,2100,2021-10-28 11:05:00,GMVD
2.2,2.2,2.2,2.2,3530,2021-10-28 11:15:00,GMVD
2.2,2.21,2.2,2.21,474,2021-10-28 11:20:00,GMVD
2.23,2.23,2.23,2.23,100,2021-10-28 11:35:00,GMVD
2.23,2.23,2.2,2.2,2180,2021-10-28 11:55:00,GMVD
2.2001,2.2001,2.2001,2.2001,455,2021-10-28 12:10:00,GMVD
2.2001,2.2001,2.2001,2.2001,521,2021-10-28 12:20:00,GMVD
2.2001,2.2001,2.2001,2.2001,1600,2021-10-28 12:25:00,GMVD
2.2,2.2,2.2,2.2,110,2021-10-28 12:40:00,GMVD
2.29,2.29,2.29,2.29,7819,2021-10-28 12:55:00,GMVD
2.28,2.28,2.2,2.2,207,2021-10-28 13:00:00,GMVD
2.2,2.2,2.2,2.2,659,2021-10-28 13:25:00,GMVD
2.21,2.23,2.12,2.22,15633,2021-10-28 13:30:00,GMVD
2.13,2.27,2.13,2.26,4586,2021-10-28 13:35:00,GMVD
2.22,2.25,2.15,2.15,4060,2021-10-28 13:40:00,GMVD
2.14,2.25,2.14,2.24,3860,2021-10-28 13:45:00,GMVD
2.16,2.1675,2.16,2.1675,600,2021-10-28 13:50:00,GMVD
2.23,2.23,2.13,2.2,40115,2021-10-28 13:55:00,GMVD
2.22,2.22,2.13,2.21,8642,2021-10-28 14:00:00,GMVD
2.2023,2.2023,2.13,2.19,4272,2021-10-28 14:05:00,GMVD
2.18,2.21,2.1369,2.14,4730,2021-10-28 14:10:00,GMVD
2.2,2.2,2.15,2.2,6185,2021-10-28 14:15:00,GMVD
2.19,2.2,2.15,2.15,1700,2021-10-28 14:20:00,GMVD
2.165,2.1924,2.15,2.18,2193,2021-10-28 14:25:00,GMVD
2.1745,2.23,2.1745,2.23,2982,2021-10-28 14:30:00,GMVD
2.23,2.24,2.15,2.15,5423,2021-10-28 14:35:00,GMVD
2.2049,2.22,2.2049,2.22,737,2021-10-28 14:40:00,GMVD
2.21,2.23,2.21,2.23,500,2021-10-28 14:45:00,GMVD
2.1706,2.1706,2.1706,2.1706,900,2021-10-28 14:50:00,GMVD
2.22,2.23,2.21,2.21,1087,2021-10-28 14:55:00,GMVD
2.205,2.205,2.205,2.205,1900,2021-10-28 15:00:00,GMVD
2.18,2.23,2.18,2.23,937,2021-10-28 15:05:00,GMVD
2.18,2.19,2.18,2.19,1150,2021-10-28 15:10:00,GMVD
2.215,2.24,2.196,2.2136,1595,2021-10-28 15:15:00,GMVD
2.23,2.23,2.22,2.22,400,2021-10-28 15:20:00,GMVD
2.2218,2.2218,2.22,2.22,735,2021-10-28 15:25:00,GMVD
2.22,2.24,2.2199,2.24,1700,2021-10-28 15:35:00,GMVD
2.23,2.24,2.2,2.24,3775,2021-10-28 15:40:00,GMVD
2.22,2.2499,2.22,2.2499,5839,2021-10-28 15:45:00,GMVD
2.25,2.29,2.25,2.27,5000,2021-10-28 15:50:00,GMVD
2.29,2.36,2.28,2.36,28472,2021-10-28 15:55:00,GMVD
2.355,2.39,2.3,2.3,12628,2021-10-28 16:00:00,GMVD
2.34,2.351,2.34,2.35,2000,2021-10-28 16:05:00,GMVD
2.39,2.39,2.33,2.33,5400,2021-10-28 16:10:00,GMVD
2.322,2.34,2.27,2.28,13916,2021-10-28 16:15:00,GMVD
2.39,2.39,2.25,2.38,4669,2021-10-28 16:20:00,GMVD
2.38,2.38,2.26,2.36,7845,2021-10-28 16:25:00,GMVD
2.37,2.37,2.295,2.295,1769,2021-10-28 16:30:00,GMVD
2.33,2.37,2.33,2.34,2060,2021-10-28 16:35:00,GMVD
2.2701,2.33,2.2701,2.33,350,2021-10-28 16:40:00,GMVD
2.3092,2.33,2.3092,2.33,2400,2021-10-28 16:45:00,GMVD
2.3078,2.3078,2.3078,2.3078,500,2021-10-28 16:50:00,GMVD
2.29,2.2947,2.29,2.2947,4636,2021-10-28 16:55:00,GMVD
2.3275,2.3275,2.304,2.304,1825,2021-10-28 17:00:00,GMVD
2.3031,2.32,2.29,2.3,4831,2021-10-28 17:05:00,GMVD
2.28,2.28,2.24,2.24,11231,2021-10-28 17:10:00,GMVD
2.24,2.29,2.24,2.29,300,2021-10-28 17:15:00,GMVD
2.252,2.252,2.252,2.252,709,2021-10-28 17:20:00,GMVD
2.3,2.32,2.3,2.32,500,2021-10-28 17:25:00,GMVD
2.29,2.29,2.29,2.29,200,2021-10-28 17:30:00,GMVD
2.2551,2.2551,2.2551,2.2551,338,2021-10-28 17:35:00,GMVD
2.26,2.3,2.24,2.3,6940,2021-10-28 17:40:00,GMVD
2.285,2.285,2.27,2.27,1350,2021-10-28 17:50:00,GMVD
2.25,2.25,2.25,2.25,300,2021-10-28 17:55:00,GMVD
2.25,2.28,2.25,2.28,1700,2021-10-28 18:00:00,GMVD
2.2801,2.285,2.26,2.26,500,2021-10-28 18:10:00,GMVD
2.33,2.33,2.2692,2.2692,300,2021-10-28 18:20:00,GMVD
2.3225,2.3225,2.26,2.26,2100,2021-10-28 18:25:00,GMVD
2.3,2.31,2.27,2.31,2630,2021-10-28 18:30:00,GMVD
2.27,2.3,2.25,2.25,1100,2021-10-28 18:40:00,GMVD
2.2599,2.26,2.2599,2.26,800,2021-10-28 19:05:00,GMVD
2.29,2.29,2.29,2.29,100,2021-10-28 19:10:00,GMVD
2.29,2.29,2.2629,2.2629,1055,2021-10-28 19:15:00,GMVD
2.28,2.28,2.27,2.27,450,2021-10-28 19:20:00,GMVD
2.2899,2.2899,2.2899,2.2899,500,2021-10-28 19:25:00,GMVD
2.2567,2.2567,2.2567,2.2567,220,2021-10-28 19:30:00,GMVD
2.29,2.29,2.29,2.29,300,2021-10-28 19:35:00,GMVD
2.275,2.275,2.26,2.265,2794,2021-10-28 19:50:00,GMVD
2.28,2.29,2.27,2.29,2586,2021-10-28 19:55:00,GMVD
2.29,2.29,2.27,2.27,682,2021-10-28 20:00:00,GMVD
2.27,2.27,2.27,2.27,660,2021-10-28 20:05:00,GMVD
2.2701,2.2701,2.2701,2.2701,101,2021-10-28 20:45:00,GMVD
2.27,2.27,2.27,2.27,1000,2021-10-28 21:50:00,GMVD
2.27,2.27,2.26,2.26,800,2021-10-28 21:55:00,GMVD
2.35,2.39,2.35,2.39,14556,2021-10-28 22:50:00,GMVD
2.35,2.35,2.35,2.35,100,2021-10-29 09:40:00,GMVD
2.29,2.6834,2.29,2.4903,250063,2021-10-29 13:30:00,GMVD
2.55,2.62,2.43,2.475,66258,2021-10-29 13:35:00,GMVD
2.54,2.55,2.47,2.54,55241,2021-10-29 13:40:00,GMVD
2.5239,2.53,2.38,2.527,58133,2021-10-29 13:45:00,GMVD
2.5399,2.54,2.43,2.48,19285,2021-10-29 13:50:00,GMVD
2.455,2.4899,2.445,2.48,14300,2021-10-29 13:55:00,GMVD
2.47,2.5689,2.3656,2.5689,61617,2021-10-29 14:00:00,GMVD
2.56,2.73,2.5304,2.61,130341,2021-10-29 14:05:00,GMVD
2.61,2.72,2.55,2.67,125044,2021-10-29 14:10:00,GMVD
2.69,2.69,2.58,2.6,66445,2021-10-29 14:15:00,GMVD
2.615,2.69,2.5901,2.68,38225,2021-10-29 14:20:00,GMVD
2.64,2.68,2.5501,2.6,29437,2021-10-29 14:25:00,GMVD
2.6,2.74,2.52,2.72,94807,2021-10-29 14:30:00,GMVD
2.7,2.84,2.66,2.7,183858,2021-10-29 14:35:00,GMVD
2.73,2.785,2.6,2.76,182954,2021-10-29 14:40:00,GMVD
2.68,2.76,2.68,2.71,37935,2021-10-29 14:45:00,GMVD
2.73,2.73,2.61,2.63,40663,2021-10-29 14:50:00,GMVD
2.67,2.7,2.65,2.67,19959,2021-10-29 14:55:00,GMVD
2.7,2.7,2.61,2.65,18499,2021-10-29 15:00:00,GMVD
2.6699,2.73,2.61,2.71,72141,2021-10-29 15:05:00,GMVD
2.73,2.78,2.66,2.73,53135,2021-10-29 15:10:00,GMVD
2.75,2.9,2.71,2.8084,325058,2021-10-29 15:15:00,GMVD
2.8169,3.0,2.73,2.875,1821212,2021-10-29 15:20:00,GMVD
2.8625,2.96,2.82,2.934,1859958,2021-10-29 15:25:00,GMVD
2.94,2.95,2.83,2.87,1017113,2021-10-29 15:30:00,GMVD
2.871,3.04,2.85,2.93,1501772,2021-10-29 15:35:00,GMVD
2.9215,2.925,2.64,2.74,1085346,2021-10-29 15:40:00,GMVD
2.7412,2.83,2.66,2.7849,918417,2021-10-29 15:45:00,GMVD
2.79,2.8,2.61,2.66,485979,2021-10-29 15:50:00,GMVD
2.6601,2.67,2.56,2.6,510327,2021-10-29 15:55:00,GMVD
2.6015,2.65,2.4803,2.4899,370881,2021-10-29 16:00:00,GMVD
2.49,2.54,2.36,2.394,686197,2021-10-29 16:05:00,GMVD
2.39,2.4,2.24,2.3205,474441,2021-10-29 16:10:00,GMVD
2.311,2.41,2.31,2.39,220386,2021-10-29 16:15:00,GMVD
2.405,2.42,2.34,2.38,224166,2021-10-29 16:20:00,GMVD
2.3806,2.435,2.3659,2.43,181367,2021-10-29 16:25:00,GMVD
2.434,2.47,2.38,2.4612,118332,2021-10-29 16:30:00,GMVD
2.465,2.465,2.36,2.39,123302,2021-10-29 16:35:00,GMVD
2.3823,2.4,2.34,2.3984,57965,2021-10-29 16:40:00,GMVD
2.39,2.39,2.2,2.24,157279,2021-10-29 16:45:00,GMVD
2.24,2.335,2.2399,2.31,97422,2021-10-29 16:50:00,GMVD
2.305,2.305,2.24,2.2599,89548,2021-10-29 16:55:00,GMVD
2.245,2.295,2.21,2.245,101889,2021-10-29 17:00:00,GMVD
2.2501,2.3,2.22,2.29,69726,2021-10-29 17:05:00,GMVD
2.28,2.36,2.28,2.34,50460,2021-10-29 17:10:00,GMVD
2.3408,2.35,2.32,2.3207,28109,2021-10-29 17:15:00,GMVD
2.3218,2.3376,2.32,2.3376,19408,2021-10-29 17:20:00,GMVD
2.3268,2.34,2.27,2.3,42905,2021-10-29 17:25:00,GMVD
2.29,2.33,2.29,2.32,21969,2021-10-29 17:30:00,GMVD
2.3179,2.33,2.295,2.33,23826,2021-10-29 17:35:00,GMVD
2.315,2.37,2.315,2.3624,45011,2021-10-29 17:40:00,GMVD
2.36,2.39,2.35,2.39,48618,2021-10-29 17:45:00,GMVD
2.39,2.39,2.33,2.33,43347,2021-10-29 17:50:00,GMVD
2.35,2.35,2.29,2.33,34756,2021-10-29 17:55:00,GMVD
2.33,2.36,2.32,2.36,23993,2021-10-29 18:00:00,GMVD
2.36,2.37,2.35,2.37,20200,2021-10-29 18:05:00,GMVD
2.37,2.38,2.34,2.36,13723,2021-10-29 18:10:00,GMVD
2.3365,2.36,2.31,2.35,19226,2021-10-29 18:15:00,GMVD
2.3564,2.38,2.32,2.35,26148,2021-10-29 18:20:00,GMVD
2.34,2.35,2.29,2.3419,34108,2021-10-29 18:25:00,GMVD
2.35,2.38,2.345,2.3473,30920,2021-10-29 18:30:00,GMVD
2.35,2.36,2.3401,2.35,7369,2021-10-29 18:35:00,GMVD
2.345,2.38,2.345,2.37,33739,2021-10-29 18:40:00,GMVD
2.37,2.37,2.34,2.36,23085,2021-10-29 18:45:00,GMVD
2.37,2.37,2.35,2.365,38108,2021-10-29 18:50:00,GMVD
2.35,2.39,2.35,2.39,24577,2021-10-29 18:55:00,GMVD
2.38,2.4599,2.38,2.42,70992,2021-10-29 19:00:00,GMVD
2.43,2.44,2.392,2.425,47446,2021-10-29 19:05:00,GMVD
2.44,2.44,2.38,2.4,23454,2021-10-29 19:10:00,GMVD
2.4,2.4,2.3,2.3501,68820,2021-10-29 19:15:00,GMVD
2.37,2.4,2.36,2.395,18941,2021-10-29 19:20:00,GMVD
2.38,2.39,2.36,2.39,21320,2021-10-29 19:25:00,GMVD
2.39,2.4,2.37,2.39,25036,2021-10-29 19:30:00,GMVD
2.39,2.44,2.38,2.4078,27109,2021-10-29 19:35:00,GMVD
2.4,2.4473,2.4,2.4473,22156,2021-10-29 19:40:00,GMVD
2.445,2.45,2.4207,2.4499,17243,2021-10-29 19:45:00,GMVD
2.435,2.46,2.42,2.445,28117,2021-10-29 19:50:00,GMVD
2.43,2.47,2.43,2.46,41714,2021-10-29 19:55:00,GMVD
2.45,2.45,2.43,2.43,1218,2021-10-29 20:00:00,GMVD
2.39,2.39,2.39,2.39,800,2021-10-29 20:05:00,GMVD
2.39,2.39,2.39,2.39,1000,2021-10-29 20:10:00,GMVD
2.4,2.4,2.4,2.4,945,2021-10-29 20:15:00,GMVD
2.39,2.39,2.39,2.39,200,2021-10-29 20:20:00,GMVD
2.3901,2.3901,2.3901,2.3901,600,2021-10-29 20:25:00,GMVD
2.3901,2.3901,2.3901,2.3901,500,2021-10-29 20:35:00,GMVD
2.39,2.39,2.39,2.39,100,2021-10-29 20:50:00,GMVD
2.39,2.39,2.39,2.39,5006,2021-10-29 20:55:00,GMVD
2.39,2.39,2.39,2.39,137,2021-10-29 21:00:00,GMVD
2.3671,2.3671,2.36,2.36,600,2021-10-29 21:10:00,GMVD
2.34,2.34,2.34,2.34,100,2021-10-29 21:30:00,GMVD
2.3501,2.3501,2.3501,2.3501,2450,2021-10-29 21:50:00,GMVD
2.43,2.43,2.43,2.43,1000,2021-10-29 22:15:00,GMVD
2.42,2.42,2.42,2.42,426,2021-10-29 22:50:00,GMVD
