open,high,low,close,volume,datetime,symbol
24.04,24.04,24.04,24.04,100,2022-02-01 14:15:00,GRBK
23.69,23.8265,23.69,23.695,5750,2022-02-01 14:30:00,GRBK
23.68,23.77,23.57,23.625,7534,2022-02-01 14:35:00,GRBK
23.51,23.51,23.25,23.38,2502,2022-02-01 14:40:00,GRBK
23.31,23.435,23.285,23.42,2834,2022-02-01 14:45:00,GRBK
23.48,23.6,23.4,23.4,1300,2022-02-01 14:50:00,GRBK
23.36,23.36,23.2713,23.285,632,2022-02-01 14:55:00,GRBK
23.32,23.32,22.9659,23.02,4855,2022-02-01 15:00:00,GRBK
22.96,23.0,22.9,22.96,4728,2022-02-01 15:05:00,GRBK
23.035,23.17,22.99,23.17,5200,2022-02-01 15:10:00,GRBK
23.16,23.26,23.0201,23.22,1900,2022-02-01 15:15:00,GRBK
23.14,23.19,23.09,23.17,1770,2022-02-01 15:20:00,GRBK
23.2082,23.2082,23.1,23.1881,2496,2022-02-01 15:25:00,GRBK
23.19,23.33,23.17,23.305,3897,2022-02-01 15:30:00,GRBK
23.285,23.31,23.195,23.24,3135,2022-02-01 15:35:00,GRBK
23.24,23.3,23.16,23.285,14319,2022-02-01 15:40:00,GRBK
23.25,23.28,23.15,23.21,1900,2022-02-01 15:45:00,GRBK
23.24,23.29,23.24,23.27,1155,2022-02-01 15:50:00,GRBK
23.28,23.31,23.24,23.26,3421,2022-02-01 15:55:00,GRBK
23.27,23.27,23.195,23.2,4993,2022-02-01 16:00:00,GRBK
23.22,23.295,23.185,23.295,3192,2022-02-01 16:05:00,GRBK
23.24,23.32,23.24,23.3,2500,2022-02-01 16:10:00,GRBK
23.31,23.35,23.3,23.31,8995,2022-02-01 16:15:00,GRBK
23.305,23.305,23.195,23.2,2903,2022-02-01 16:20:00,GRBK
23.225,23.26,23.22,23.235,1500,2022-02-01 16:25:00,GRBK
23.21,23.31,23.15,23.3,13321,2022-02-01 16:30:00,GRBK
23.295,23.34,23.24,23.24,2625,2022-02-01 16:35:00,GRBK
23.26,23.29,23.22,23.225,2325,2022-02-01 16:40:00,GRBK
23.25,23.315,23.2,23.28,6908,2022-02-01 16:45:00,GRBK
23.265,23.34,23.265,23.34,831,2022-02-01 16:50:00,GRBK
23.34,23.395,23.34,23.36,908,2022-02-01 16:55:00,GRBK
23.37,23.4058,23.35,23.38,1175,2022-02-01 17:00:00,GRBK
23.375,23.375,23.35,23.35,1361,2022-02-01 17:05:00,GRBK
23.35,23.35,23.27,23.275,24440,2022-02-01 17:10:00,GRBK
23.31,23.33,23.28,23.32,3425,2022-02-01 17:15:00,GRBK
23.28,23.385,23.28,23.385,3159,2022-02-01 17:20:00,GRBK
23.38,23.38,23.31,23.33,1405,2022-02-01 17:25:00,GRBK
23.3,23.34,23.28,23.33,2600,2022-02-01 17:30:00,GRBK
23.3252,23.43,23.3252,23.43,999,2022-02-01 17:35:00,GRBK
23.46,23.46,23.42,23.42,1210,2022-02-01 17:40:00,GRBK
23.43,23.43,23.4,23.41,887,2022-02-01 17:45:00,GRBK
23.39,23.41,23.34,23.34,1808,2022-02-01 17:50:00,GRBK
23.36,23.4,23.36,23.39,1800,2022-02-01 17:55:00,GRBK
23.41,23.41,23.35,23.37,1700,2022-02-01 18:00:00,GRBK
23.345,23.37,23.33,23.37,1200,2022-02-01 18:05:00,GRBK
23.35,23.35,23.31,23.3205,1620,2022-02-01 18:10:00,GRBK
23.29,23.33,23.28,23.32,6727,2022-02-01 18:15:00,GRBK
23.32,23.32,23.3,23.31,1560,2022-02-01 18:20:00,GRBK
23.29,23.32,23.28,23.28,927,2022-02-01 18:25:00,GRBK
23.28,23.33,23.28,23.28,3612,2022-02-01 18:30:00,GRBK
23.28,23.29,23.22,23.29,4400,2022-02-01 18:35:00,GRBK
23.38,23.385,23.35,23.35,719,2022-02-01 18:40:00,GRBK
23.32,23.33,23.27,23.32,10261,2022-02-01 18:45:00,GRBK
23.35,23.38,23.33,23.37,5204,2022-02-01 18:50:00,GRBK
23.37,23.37,23.28,23.34,2930,2022-02-01 18:55:00,GRBK
23.36,23.41,23.36,23.385,1734,2022-02-01 19:00:00,GRBK
23.36,23.36,23.34,23.36,982,2022-02-01 19:05:00,GRBK
23.32,23.33,23.25,23.25,1024,2022-02-01 19:10:00,GRBK
23.2812,23.34,23.28,23.32,2100,2022-02-01 19:15:00,GRBK
23.26,23.26,23.195,23.24,1393,2022-02-01 19:20:00,GRBK
23.215,23.215,23.1401,23.19,1534,2022-02-01 19:25:00,GRBK
23.23,23.26,23.1916,23.2,3034,2022-02-01 19:30:00,GRBK
23.15,23.24,23.15,23.22,1910,2022-02-01 19:35:00,GRBK
23.225,23.27,23.2,23.27,2400,2022-02-01 19:40:00,GRBK
23.29,23.29,23.25,23.25,200,2022-02-01 19:45:00,GRBK
23.2277,23.26,23.2,23.2299,1900,2022-02-01 19:50:00,GRBK
23.235,23.25,23.21,23.22,2028,2022-02-01 19:55:00,GRBK
23.23,23.29,23.23,23.29,1499,2022-02-01 20:00:00,GRBK
23.25,23.31,23.21,23.31,1811,2022-02-01 20:05:00,GRBK
23.29,23.29,23.2,23.23,2297,2022-02-01 20:10:00,GRBK
23.22,23.24,23.2,23.24,1412,2022-02-01 20:15:00,GRBK
23.2,23.25,23.15,23.23,3195,2022-02-01 20:20:00,GRBK
23.24,23.24,23.18,23.23,2416,2022-02-01 20:25:00,GRBK
23.24,23.26,23.22,23.24,3103,2022-02-01 20:30:00,GRBK
23.23,23.27,23.21,23.22,2503,2022-02-01 20:35:00,GRBK
23.2,23.26,23.19,23.23,3306,2022-02-01 20:40:00,GRBK
23.22,23.34,23.21,23.34,9300,2022-02-01 20:45:00,GRBK
23.34,23.36,23.25,23.345,11716,2022-02-01 20:50:00,GRBK
23.36,23.39,23.3124,23.355,21049,2022-02-01 20:55:00,GRBK
23.35,23.35,23.35,23.35,25274,2022-02-01 21:00:00,GRBK
23.53,23.53,23.445,23.445,5821,2022-02-02 14:30:00,GRBK
23.455,23.455,23.455,23.455,100,2022-02-02 14:35:00,GRBK
23.54,23.7,23.5,23.575,6913,2022-02-02 14:40:00,GRBK
23.7259,23.7259,23.5,23.59,4484,2022-02-02 14:45:00,GRBK
23.58,23.59,23.45,23.56,11969,2022-02-02 14:50:00,GRBK
23.53,23.63,23.51,23.63,1318,2022-02-02 14:55:00,GRBK
23.65,23.65,23.65,23.65,250,2022-02-02 15:00:00,GRBK
23.56,23.65,23.56,23.606,1803,2022-02-02 15:05:00,GRBK
23.55,23.55,23.4,23.405,2650,2022-02-02 15:10:00,GRBK
23.435,23.47,23.35,23.41,5562,2022-02-02 15:15:00,GRBK
23.44,23.44,23.44,23.44,400,2022-02-02 15:20:00,GRBK
23.4,23.42,23.4,23.42,500,2022-02-02 15:25:00,GRBK
23.51,23.51,23.36,23.46,1416,2022-02-02 15:30:00,GRBK
23.3822,23.5,23.3822,23.5,651,2022-02-02 15:35:00,GRBK
23.51,23.51,23.43,23.47,300,2022-02-02 15:40:00,GRBK
23.6,23.64,23.57,23.64,438,2022-02-02 15:45:00,GRBK
23.61,23.61,23.5,23.5,969,2022-02-02 15:50:00,GRBK
23.48,23.53,23.46,23.53,800,2022-02-02 15:55:00,GRBK
23.49,23.49,23.42,23.42,500,2022-02-02 16:00:00,GRBK
23.405,23.45,23.35,23.4025,3819,2022-02-02 16:05:00,GRBK
23.38,23.45,23.38,23.44,2900,2022-02-02 16:10:00,GRBK
23.36,23.435,23.36,23.435,1850,2022-02-02 16:15:00,GRBK
23.47,23.48,23.44,23.44,500,2022-02-02 16:20:00,GRBK
23.48,23.48,23.48,23.48,211,2022-02-02 16:25:00,GRBK
23.42,23.445,23.345,23.345,686,2022-02-02 16:30:00,GRBK
23.3,23.358,23.25,23.25,8221,2022-02-02 16:35:00,GRBK
23.27,23.34,23.25,23.34,900,2022-02-02 16:40:00,GRBK
23.35,23.35,23.27,23.3,800,2022-02-02 16:45:00,GRBK
23.3,23.3,23.3,23.3,351,2022-02-02 16:50:00,GRBK
23.36,23.36,23.295,23.34,2278,2022-02-02 16:55:00,GRBK
23.3564,23.3564,23.3564,23.3564,250,2022-02-02 17:00:00,GRBK
23.39,23.39,23.39,23.39,400,2022-02-02 17:05:00,GRBK
23.49,23.49,23.47,23.49,996,2022-02-02 17:10:00,GRBK
23.45,23.45,23.45,23.45,600,2022-02-02 17:15:00,GRBK
23.44,23.45,23.44,23.45,711,2022-02-02 17:20:00,GRBK
23.47,23.49,23.47,23.48,1032,2022-02-02 17:25:00,GRBK
23.4,23.48,23.4,23.47,1634,2022-02-02 17:30:00,GRBK
23.46,23.47,23.4,23.45,2040,2022-02-02 17:35:00,GRBK
23.45,23.45,23.425,23.425,300,2022-02-02 17:40:00,GRBK
23.45,23.45,23.45,23.45,100,2022-02-02 17:45:00,GRBK
23.4,23.47,23.4,23.47,3969,2022-02-02 17:50:00,GRBK
23.49,23.55,23.475,23.535,6388,2022-02-02 17:55:00,GRBK
23.55,23.55,23.529,23.529,400,2022-02-02 18:00:00,GRBK
23.52,23.52,23.47,23.47,1860,2022-02-02 18:05:00,GRBK
23.45,23.51,23.45,23.5,2423,2022-02-02 18:10:00,GRBK
23.4286,23.4286,23.4286,23.4286,1000,2022-02-02 18:15:00,GRBK
23.45,23.45,23.42,23.42,642,2022-02-02 18:20:00,GRBK
23.42,23.42,23.395,23.41,1181,2022-02-02 18:25:00,GRBK
23.42,23.4274,23.4,23.4274,532,2022-02-02 18:30:00,GRBK
23.47,23.5,23.4,23.4,700,2022-02-02 18:35:00,GRBK
23.39,23.39,23.38,23.38,300,2022-02-02 18:40:00,GRBK
23.41,23.41,23.37,23.37,700,2022-02-02 18:45:00,GRBK
23.4,23.42,23.4,23.42,200,2022-02-02 18:50:00,GRBK
23.415,23.43,23.38,23.41,2533,2022-02-02 18:55:00,GRBK
23.45,23.45,23.45,23.45,200,2022-02-02 19:00:00,GRBK
23.48,23.48,23.48,23.48,300,2022-02-02 19:05:00,GRBK
23.54,23.54,23.45,23.45,355,2022-02-02 19:10:00,GRBK
23.49,23.51,23.49,23.51,700,2022-02-02 19:15:00,GRBK
23.48,23.48,23.46,23.48,1000,2022-02-02 19:20:00,GRBK
23.48,23.5199,23.48,23.485,950,2022-02-02 19:25:00,GRBK
23.52,23.56,23.52,23.56,700,2022-02-02 19:30:00,GRBK
23.52,23.52,23.52,23.52,700,2022-02-02 19:35:00,GRBK
23.58,23.62,23.58,23.581,569,2022-02-02 19:40:00,GRBK
23.59,23.67,23.59,23.67,2000,2022-02-02 19:45:00,GRBK
23.6236,23.63,23.56,23.61,2300,2022-02-02 19:50:00,GRBK
23.58,23.59,23.53,23.53,1700,2022-02-02 19:55:00,GRBK
23.58,23.58,23.52,23.58,2281,2022-02-02 20:00:00,GRBK
23.58,23.59,23.51,23.51,990,2022-02-02 20:05:00,GRBK
23.48,23.53,23.45,23.51,1503,2022-02-02 20:10:00,GRBK
23.46,23.51,23.46,23.51,851,2022-02-02 20:15:00,GRBK
23.49,23.5,23.45,23.45,1984,2022-02-02 20:20:00,GRBK
23.37,23.37,23.34,23.34,700,2022-02-02 20:25:00,GRBK
23.36,23.4,23.36,23.39,700,2022-02-02 20:30:00,GRBK
23.42,23.42,23.34,23.34,1563,2022-02-02 20:35:00,GRBK
23.36,23.375,23.31,23.31,2464,2022-02-02 20:40:00,GRBK
23.34,23.43,23.34,23.4,4744,2022-02-02 20:45:00,GRBK
23.38,23.39,23.31,23.35,6623,2022-02-02 20:50:00,GRBK
23.37,23.44,23.36,23.4,19272,2022-02-02 20:55:00,GRBK
23.4,23.4,23.4,23.4,24361,2022-02-02 21:00:00,GRBK
23.4,23.4,23.4,23.4,122900,2022-02-02 21:30:00,GRBK
22.86,22.86,22.71,22.84,3148,2022-02-03 14:30:00,GRBK
23.07,23.16,22.9565,23.15,1380,2022-02-03 14:35:00,GRBK
23.09,23.15,22.9,22.9,10351,2022-02-03 14:40:00,GRBK
22.9,22.9999,22.84,22.9999,1756,2022-02-03 14:45:00,GRBK
23.0086,23.08,22.89,22.9514,2806,2022-02-03 14:50:00,GRBK
22.9864,23.2,22.9864,23.16,4112,2022-02-03 14:55:00,GRBK
23.15,23.25,23.09,23.22,1316,2022-02-03 15:00:00,GRBK
23.22,23.3,23.05,23.14,2136,2022-02-03 15:05:00,GRBK
23.18,23.28,23.18,23.28,1981,2022-02-03 15:10:00,GRBK
23.28,23.29,23.22,23.29,1506,2022-02-03 15:15:00,GRBK
23.375,23.41,23.27,23.34,1922,2022-02-03 15:20:00,GRBK
23.36,23.36,23.26,23.29,1605,2022-02-03 15:25:00,GRBK
23.36,23.395,23.33,23.37,1403,2022-02-03 15:30:00,GRBK
23.37,23.51,23.37,23.43,5113,2022-02-03 15:35:00,GRBK
23.46,23.475,23.385,23.385,1410,2022-02-03 15:40:00,GRBK
23.39,23.39,23.23,23.25,2430,2022-02-03 15:45:00,GRBK
23.26,23.45,23.26,23.45,1510,2022-02-03 15:50:00,GRBK
23.435,23.49,23.33,23.33,3961,2022-02-03 15:55:00,GRBK
23.37,23.37,23.3,23.3,1400,2022-02-03 16:00:00,GRBK
23.32,23.37,23.3,23.37,1611,2022-02-03 16:05:00,GRBK
23.37,23.41,23.295,23.41,2510,2022-02-03 16:10:00,GRBK
23.33,23.33,23.275,23.32,4280,2022-02-03 16:15:00,GRBK
23.31,23.31,23.2,23.2,949,2022-02-03 16:20:00,GRBK
23.25,23.33,23.21,23.23,1528,2022-02-03 16:25:00,GRBK
23.28,23.38,23.26,23.26,1873,2022-02-03 16:30:00,GRBK
23.285,23.3,23.25,23.27,400,2022-02-03 16:35:00,GRBK
23.25,23.28,23.19,23.21,950,2022-02-03 16:40:00,GRBK
23.25,23.25,23.135,23.18,1420,2022-02-03 16:45:00,GRBK
23.22,23.23,23.11,23.11,1400,2022-02-03 16:50:00,GRBK
23.145,23.16,23.08,23.08,1400,2022-02-03 16:55:00,GRBK
23.13,23.14,23.07,23.07,1656,2022-02-03 17:00:00,GRBK
23.1,23.18,23.09,23.18,1524,2022-02-03 17:05:00,GRBK
23.12,23.23,23.12,23.2,811,2022-02-03 17:10:00,GRBK
23.17,23.22,23.05,23.05,2113,2022-02-03 17:15:00,GRBK
23.1,23.22,23.1,23.22,1100,2022-02-03 17:20:00,GRBK
23.22,23.22,23.1,23.1,1897,2022-02-03 17:25:00,GRBK
23.13,23.13,23.04,23.09,1020,2022-02-03 17:30:00,GRBK
23.11,23.18,23.11,23.13,3683,2022-02-03 17:35:00,GRBK
23.14,23.24,23.12,23.155,3200,2022-02-03 17:40:00,GRBK
23.18,23.32,23.18,23.31,4293,2022-02-03 17:45:00,GRBK
23.31,23.31,23.19,23.19,1142,2022-02-03 17:50:00,GRBK
23.16,23.17,23.14,23.14,400,2022-02-03 17:55:00,GRBK
23.1025,23.13,23.1025,23.13,517,2022-02-03 18:00:00,GRBK
23.15,23.15,23.15,23.15,200,2022-02-03 18:05:00,GRBK
23.08,23.17,23.08,23.14,1654,2022-02-03 18:10:00,GRBK
23.145,23.15,23.09,23.09,1351,2022-02-03 18:15:00,GRBK
23.155,23.19,23.155,23.19,619,2022-02-03 18:20:00,GRBK
23.18,23.18,23.15,23.15,542,2022-02-03 18:25:00,GRBK
23.16,23.245,23.16,23.245,400,2022-02-03 18:30:00,GRBK
23.18,23.22,23.15,23.15,603,2022-02-03 18:35:00,GRBK
23.14,23.14,23.115,23.12,820,2022-02-03 18:40:00,GRBK
23.13,23.15,23.13,23.15,900,2022-02-03 18:45:00,GRBK
23.09,23.09,23.065,23.065,300,2022-02-03 18:50:00,GRBK
23.04,23.1,23.03,23.1,1204,2022-02-03 18:55:00,GRBK
23.085,23.085,23.06,23.06,750,2022-02-03 19:00:00,GRBK
23.06,23.06,23.05,23.05,300,2022-02-03 19:05:00,GRBK
23.05,23.05,23.02,23.02,2036,2022-02-03 19:10:00,GRBK
23.06,23.07,23.03,23.03,1624,2022-02-03 19:15:00,GRBK
23.01,23.06,23.01,23.01,5112,2022-02-03 19:20:00,GRBK
23.025,23.025,22.95,22.97,4199,2022-02-03 19:25:00,GRBK
22.9,22.91,22.9,22.91,400,2022-02-03 19:30:00,GRBK
22.89,22.92,22.86,22.88,2444,2022-02-03 19:35:00,GRBK
22.83,22.85,22.8,22.84,4126,2022-02-03 19:40:00,GRBK
22.84,22.84,22.84,22.84,100,2022-02-03 19:45:00,GRBK
22.86,22.905,22.86,22.88,1135,2022-02-03 19:50:00,GRBK
22.9,22.95,22.89,22.9,2100,2022-02-03 19:55:00,GRBK
22.9411,22.9411,22.8,22.83,1225,2022-02-03 20:00:00,GRBK
22.845,22.87,22.845,22.86,825,2022-02-03 20:05:00,GRBK
22.94,22.99,22.939,22.99,1350,2022-02-03 20:10:00,GRBK
23.0,23.0,22.965,22.99,3133,2022-02-03 20:15:00,GRBK
22.99,23.0525,22.99,23.04,3699,2022-02-03 20:20:00,GRBK
23.055,23.055,22.95,22.98,6150,2022-02-03 20:25:00,GRBK
22.95,22.97,22.87,22.87,4228,2022-02-03 20:30:00,GRBK
22.89,22.93,22.85,22.93,2189,2022-02-03 20:35:00,GRBK
22.92,22.9704,22.91,22.94,4841,2022-02-03 20:40:00,GRBK
22.92,22.92,22.81,22.84,7207,2022-02-03 20:45:00,GRBK
22.83,22.83,22.77,22.8,7143,2022-02-03 20:50:00,GRBK
22.8,22.89,22.78,22.79,15514,2022-02-03 20:55:00,GRBK
22.76,22.8,22.76,22.8,35199,2022-02-03 21:00:00,GRBK
22.8,22.8,22.8,22.8,122900,2022-02-03 21:30:00,GRBK
22.6,22.665,22.53,22.53,4941,2022-02-04 14:30:00,GRBK
22.52,22.52,22.12,22.12,19613,2022-02-04 14:35:00,GRBK
22.12,22.43,22.12,22.3585,6614,2022-02-04 14:40:00,GRBK
22.195,22.21,22.0,22.0,5245,2022-02-04 14:45:00,GRBK
22.0,22.12,22.0,22.02,20144,2022-02-04 14:50:00,GRBK
22.0,22.12,21.885,22.12,6887,2022-02-04 14:55:00,GRBK
22.0899,22.19,22.0,22.0,2702,2022-02-04 15:00:00,GRBK
22.055,22.12,22.0,22.03,9267,2022-02-04 15:05:00,GRBK
22.015,22.14,22.0,22.13,7344,2022-02-04 15:10:00,GRBK
22.1178,22.15,22.05,22.05,2968,2022-02-04 15:15:00,GRBK
22.0353,22.2,22.025,22.1261,4233,2022-02-04 15:20:00,GRBK
22.22,22.22,22.02,22.02,16129,2022-02-04 15:25:00,GRBK
22.01,22.13,22.0,22.09,1811,2022-02-04 15:30:00,GRBK
22.075,22.15,21.98,22.08,3871,2022-02-04 15:35:00,GRBK
21.9808,22.0099,21.98,22.0099,2634,2022-02-04 15:40:00,GRBK
21.98,22.0195,21.9619,22.0195,4312,2022-02-04 15:45:00,GRBK
21.97,22.02,21.97,21.9982,2684,2022-02-04 15:50:00,GRBK
21.9805,22.005,21.98,21.985,1150,2022-02-04 15:55:00,GRBK
21.96,22.0,21.93,21.93,8325,2022-02-04 16:00:00,GRBK
21.92,21.95,21.9,21.92,7738,2022-02-04 16:05:00,GRBK
21.9,21.94,21.9,21.91,4100,2022-02-04 16:10:00,GRBK
21.9,21.96,21.89,21.9,23289,2022-02-04 16:15:00,GRBK
21.9,21.9,21.8,21.85,13564,2022-02-04 16:20:00,GRBK
21.86,21.94,21.86,21.8622,16119,2022-02-04 16:25:00,GRBK
21.888,21.92,21.88,21.92,7330,2022-02-04 16:30:00,GRBK
21.9,21.91,21.87,21.875,1600,2022-02-04 16:35:00,GRBK
21.87,21.89,21.85,21.86,1485,2022-02-04 16:45:00,GRBK
21.86,21.86,21.8,21.8356,10509,2022-02-04 16:50:00,GRBK
21.84,21.89,21.8,21.83,2630,2022-02-04 16:55:00,GRBK
21.8,21.825,21.6975,21.755,14177,2022-02-04 17:00:00,GRBK
21.765,21.8,21.75,21.8,4868,2022-02-04 17:05:00,GRBK
21.84,21.84,21.75,21.82,1799,2022-02-04 17:10:00,GRBK
21.775,21.81,21.775,21.8,3800,2022-02-04 17:15:00,GRBK
21.8,21.84,21.8,21.82,3656,2022-02-04 17:20:00,GRBK
21.83,21.8316,21.8,21.83,10077,2022-02-04 17:25:00,GRBK
21.83,21.86,21.75,21.815,39717,2022-02-04 17:30:00,GRBK
21.8,21.83,21.78,21.816,1611,2022-02-04 17:35:00,GRBK
21.85,21.85,21.7907,21.835,1859,2022-02-04 17:40:00,GRBK
21.835,21.895,21.835,21.885,1582,2022-02-04 17:45:00,GRBK
21.885,21.9,21.85,21.8671,3480,2022-02-04 17:50:00,GRBK
21.85,21.98,21.85,21.94,3742,2022-02-04 17:55:00,GRBK
21.96,22.03,21.96,22.03,5019,2022-02-04 18:00:00,GRBK
22.01,22.07,21.99,22.01,8149,2022-02-04 18:05:00,GRBK
21.99,22.04,21.96,21.99,5054,2022-02-04 18:10:00,GRBK
21.99,21.99,21.89,21.95,5550,2022-02-04 18:15:00,GRBK
21.94,21.98,21.94,21.95,2395,2022-02-04 18:20:00,GRBK
21.96,22.0,21.95,21.99,4867,2022-02-04 18:25:00,GRBK
21.99,21.99,21.95,21.97,1345,2022-02-04 18:30:00,GRBK
21.97,21.99,21.95,21.97,2854,2022-02-04 18:35:00,GRBK
21.97,22.05,21.97,22.04,3758,2022-02-04 18:40:00,GRBK
22.0,22.01,21.95,22.005,5223,2022-02-04 18:45:00,GRBK
22.01,22.03,21.99,22.01,1720,2022-02-04 18:50:00,GRBK
22.02,22.06,21.98,22.0403,18838,2022-02-04 18:55:00,GRBK
22.065,22.065,22.0,22.03,2785,2022-02-04 19:00:00,GRBK
21.99,22.01,21.95,21.95,2681,2022-02-04 19:05:00,GRBK
21.96,21.97,21.91,21.97,4221,2022-02-04 19:10:00,GRBK
21.94,21.94,21.9,21.905,2017,2022-02-04 19:15:00,GRBK
21.89,21.94,21.89,21.91,2414,2022-02-04 19:20:00,GRBK
21.925,21.94,21.89,21.89,2590,2022-02-04 19:25:00,GRBK
21.92,21.93,21.85,21.85,2553,2022-02-04 19:30:00,GRBK
21.85,21.91,21.85,21.91,2520,2022-02-04 19:35:00,GRBK
21.92,21.92,21.85,21.87,2462,2022-02-04 19:40:00,GRBK
21.88,21.9,21.85,21.8986,2960,2022-02-04 19:45:00,GRBK
21.89,21.91,21.86,21.91,3088,2022-02-04 19:50:00,GRBK
21.93,21.99,21.93,21.99,9861,2022-02-04 19:55:00,GRBK
22.0,22.09,21.95,21.95,8270,2022-02-04 20:00:00,GRBK
21.96,22.02,21.96,21.99,7550,2022-02-04 20:05:00,GRBK
22.0,22.015,21.94,21.99,8378,2022-02-04 20:10:00,GRBK
21.975,21.98,21.85,21.9,13187,2022-02-04 20:15:00,GRBK
21.87,21.93,21.84,21.895,11257,2022-02-04 20:20:00,GRBK
21.885,21.91,21.8,21.85,15826,2022-02-04 20:25:00,GRBK
21.85,21.875,21.72,21.875,24110,2022-02-04 20:30:00,GRBK
21.86,21.86,21.8,21.805,13743,2022-02-04 20:35:00,GRBK
21.805,21.805,21.73,21.74,14710,2022-02-04 20:40:00,GRBK
21.74,21.77,21.7,21.745,25334,2022-02-04 20:45:00,GRBK
21.73,21.81,21.695,21.74,27043,2022-02-04 20:50:00,GRBK
21.72,21.77,21.695,21.72,32740,2022-02-04 20:55:00,GRBK
21.76,21.76,21.74,21.74,96587,2022-02-04 21:00:00,GRBK
21.74,21.74,21.74,21.74,123100,2022-02-04 21:20:00,GRBK
21.76,22.15,21.75,22.05,10046,2022-02-07 14:30:00,GRBK
22.0494,22.1199,21.94,22.04,7383,2022-02-07 14:35:00,GRBK
22.13,22.155,21.98,21.98,2384,2022-02-07 14:40:00,GRBK
21.97,22.0508,21.81,21.81,2790,2022-02-07 14:45:00,GRBK
21.79,22.04,21.79,22.04,1500,2022-02-07 14:50:00,GRBK
22.04,22.04,21.93,21.93,800,2022-02-07 14:55:00,GRBK
22.0,22.0,21.85,21.85,2006,2022-02-07 15:00:00,GRBK
22.0,22.005,21.9952,22.005,700,2022-02-07 15:05:00,GRBK
21.97,21.97,21.8,21.8,2198,2022-02-07 15:10:00,GRBK
21.79,21.9,21.79,21.83,2385,2022-02-07 15:15:00,GRBK
21.85,21.93,21.8,21.92,3301,2022-02-07 15:20:00,GRBK
21.86,21.86,21.785,21.785,2871,2022-02-07 15:25:00,GRBK
21.825,21.87,21.82,21.82,2400,2022-02-07 15:30:00,GRBK
21.81,21.82,21.79,21.82,800,2022-02-07 15:35:00,GRBK
21.79,21.8,21.65,21.8,5382,2022-02-07 15:40:00,GRBK
21.8,21.8,21.7,21.7,2024,2022-02-07 15:45:00,GRBK
21.7381,21.79,21.69,21.76,2570,2022-02-07 15:50:00,GRBK
21.775,21.775,21.77,21.77,320,2022-02-07 15:55:00,GRBK
21.79,21.79,21.69,21.69,9669,2022-02-07 16:00:00,GRBK
21.71,21.71,21.66,21.7,4560,2022-02-07 16:05:00,GRBK
21.69,21.7102,21.69,21.7,1017,2022-02-07 16:10:00,GRBK
21.7,21.705,21.64,21.6739,2467,2022-02-07 16:15:00,GRBK
21.68,21.71,21.66,21.661,3580,2022-02-07 16:20:00,GRBK
21.705,21.77,21.705,21.77,1700,2022-02-07 16:25:00,GRBK
21.75,21.75,21.68,21.68,2258,2022-02-07 16:30:00,GRBK
21.69,21.69,21.58,21.62,12753,2022-02-07 16:35:00,GRBK
21.6,21.66,21.59,21.615,3346,2022-02-07 16:40:00,GRBK
21.6,21.7399,21.6,21.71,1321,2022-02-07 16:45:00,GRBK
21.715,21.74,21.68,21.69,4177,2022-02-07 16:50:00,GRBK
21.72,21.75,21.72,21.74,1256,2022-02-07 16:55:00,GRBK
21.73,21.73,21.7,21.73,2008,2022-02-07 17:00:00,GRBK
21.71,21.75,21.71,21.73,1100,2022-02-07 17:05:00,GRBK
21.72,21.78,21.71,21.77,3790,2022-02-07 17:10:00,GRBK
21.74,21.82,21.74,21.755,7185,2022-02-07 17:15:00,GRBK
21.76,21.76,21.74,21.75,2442,2022-02-07 17:20:00,GRBK
21.74,21.74,21.68,21.7,2256,2022-02-07 17:25:00,GRBK
21.68,21.73,21.68,21.72,1188,2022-02-07 17:30:00,GRBK
21.71,21.71,21.67,21.67,300,2022-02-07 17:35:00,GRBK
21.72,21.76,21.72,21.74,1231,2022-02-07 17:40:00,GRBK
21.74,21.81,21.74,21.8,3435,2022-02-07 17:45:00,GRBK
21.82,21.85,21.8,21.81,5117,2022-02-07 17:50:00,GRBK
21.8,21.85,21.8,21.83,4269,2022-02-07 17:55:00,GRBK
21.82,21.86,21.81,21.81,3200,2022-02-07 18:00:00,GRBK
21.8537,21.87,21.835,21.86,800,2022-02-07 18:05:00,GRBK
21.87,21.91,21.86,21.91,1240,2022-02-07 18:10:00,GRBK
21.895,21.895,21.895,21.895,100,2022-02-07 18:15:00,GRBK
21.8975,21.92,21.89,21.89,4302,2022-02-07 18:20:00,GRBK
21.91,21.91,21.88,21.9,2398,2022-02-07 18:25:00,GRBK
21.9,21.9,21.83,21.83,3259,2022-02-07 18:30:00,GRBK
21.835,21.85,21.835,21.84,400,2022-02-07 18:35:00,GRBK
21.84,21.85,21.82,21.835,700,2022-02-07 18:40:00,GRBK
21.84,21.87,21.835,21.87,1204,2022-02-07 18:45:00,GRBK
21.87,21.95,21.87,21.93,13594,2022-02-07 18:50:00,GRBK
21.9297,21.98,21.9297,21.98,455,2022-02-07 18:55:00,GRBK
21.965,21.965,21.94,21.94,1956,2022-02-07 19:00:00,GRBK
21.91,21.955,21.9,21.9,2400,2022-02-07 19:05:00,GRBK
21.905,21.91,21.9,21.905,906,2022-02-07 19:10:00,GRBK
21.9139,21.94,21.9,21.94,1130,2022-02-07 19:15:00,GRBK
21.93,21.94,21.89,21.89,1394,2022-02-07 19:20:00,GRBK
21.87,21.95,21.87,21.95,1200,2022-02-07 19:25:00,GRBK
21.94,21.945,21.91,21.945,494,2022-02-07 19:30:00,GRBK
21.99,22.0,21.98,22.0,2923,2022-02-07 19:35:00,GRBK
22.0,22.05,22.0,22.02,9311,2022-02-07 19:40:00,GRBK
22.03,22.12,22.02,22.07,5166,2022-02-07 19:45:00,GRBK
22.1065,22.24,22.1,22.23,16483,2022-02-07 19:50:00,GRBK
22.25,22.31,22.25,22.29,2479,2022-02-07 19:55:00,GRBK
22.295,22.32,22.24,22.32,2100,2022-02-07 20:00:00,GRBK
22.34,22.36,22.3,22.32,1689,2022-02-07 20:05:00,GRBK
22.31,22.385,22.31,22.325,2197,2022-02-07 20:10:00,GRBK
22.34,22.44,22.31,22.32,7424,2022-02-07 20:15:00,GRBK
22.3,22.31,22.25,22.29,3130,2022-02-07 20:20:00,GRBK
22.31,22.33,22.28,22.31,2100,2022-02-07 20:25:00,GRBK
22.32,22.4,22.32,22.36,5065,2022-02-07 20:30:00,GRBK
22.35,22.37,22.27,22.27,2401,2022-02-07 20:35:00,GRBK
22.26,22.32,22.24,22.2763,5388,2022-02-07 20:40:00,GRBK
22.27,22.3,22.23,22.28,6170,2022-02-07 20:45:00,GRBK
22.29,22.345,22.19,22.2,7542,2022-02-07 20:50:00,GRBK
22.22,22.24,22.16,22.21,17042,2022-02-07 20:55:00,GRBK
22.18,22.22,22.18,22.22,23197,2022-02-07 21:00:00,GRBK
22.22,22.22,22.22,22.22,49760,2022-02-07 21:10:00,GRBK
22.04,22.0616,21.825,21.825,6570,2022-02-08 14:30:00,GRBK
21.94,21.9998,21.86,21.98,1620,2022-02-08 14:35:00,GRBK
22.18,22.3204,22.18,22.19,1730,2022-02-08 14:40:00,GRBK
22.14,22.265,22.14,22.265,1383,2022-02-08 14:45:00,GRBK
22.25,22.345,22.25,22.345,917,2022-02-08 14:50:00,GRBK
22.31,22.34,22.31,22.32,2103,2022-02-08 14:55:00,GRBK
22.28,22.28,22.21,22.21,641,2022-02-08 15:00:00,GRBK
22.33,22.33,22.29,22.32,800,2022-02-08 15:05:00,GRBK
22.32,22.41,22.32,22.34,700,2022-02-08 15:10:00,GRBK
22.35,22.36,22.29,22.29,2830,2022-02-08 15:15:00,GRBK
22.25,22.28,22.25,22.25,438,2022-02-08 15:20:00,GRBK
22.24,22.24,22.15,22.15,1861,2022-02-08 15:25:00,GRBK
22.15,22.15,22.15,22.15,100,2022-02-08 15:30:00,GRBK
22.18,22.26,22.18,22.25,1217,2022-02-08 15:35:00,GRBK
22.21,22.28,22.21,22.28,300,2022-02-08 15:40:00,GRBK
22.36,22.46,22.36,22.435,2900,2022-02-08 15:45:00,GRBK
22.4,22.4,22.33,22.33,700,2022-02-08 15:50:00,GRBK
22.33,22.4599,22.33,22.4599,1963,2022-02-08 15:55:00,GRBK
22.44,22.52,22.44,22.52,1483,2022-02-08 16:00:00,GRBK
22.54,22.54,22.54,22.54,699,2022-02-08 16:05:00,GRBK
22.53,22.53,22.4564,22.4564,932,2022-02-08 16:10:00,GRBK
22.45,22.48,22.41,22.47,1252,2022-02-08 16:15:00,GRBK
22.5062,22.5062,22.47,22.47,1200,2022-02-08 16:20:00,GRBK
22.49,22.49,22.42,22.42,585,2022-02-08 16:25:00,GRBK
22.47,22.47,22.47,22.47,100,2022-02-08 16:30:00,GRBK
22.479,22.49,22.47,22.49,950,2022-02-08 16:35:00,GRBK
22.45,22.47,22.45,22.45,900,2022-02-08 16:40:00,GRBK
22.45,22.45,22.38,22.38,1061,2022-02-08 16:45:00,GRBK
22.4,22.42,22.4,22.4,1387,2022-02-08 16:50:00,GRBK
22.4,22.4,22.35,22.38,3300,2022-02-08 16:55:00,GRBK
22.39,22.47,22.39,22.44,810,2022-02-08 17:00:00,GRBK
22.44,22.44,22.38,22.38,1460,2022-02-08 17:05:00,GRBK
22.36,22.37,22.29,22.3,3141,2022-02-08 17:10:00,GRBK
22.33,22.38,22.33,22.34,1506,2022-02-08 17:15:00,GRBK
22.33,22.36,22.325,22.33,3571,2022-02-08 17:20:00,GRBK
22.3373,22.36,22.3373,22.36,800,2022-02-08 17:25:00,GRBK
22.37,22.4372,22.37,22.4372,1400,2022-02-08 17:30:00,GRBK
22.42,22.49,22.39,22.49,1200,2022-02-08 17:35:00,GRBK
22.4841,22.49,22.45,22.45,1355,2022-02-08 17:40:00,GRBK
22.43,22.46,22.43,22.45,2054,2022-02-08 17:45:00,GRBK
22.45,22.49,22.45,22.48,900,2022-02-08 17:50:00,GRBK
22.465,22.5,22.4475,22.465,4440,2022-02-08 17:55:00,GRBK
22.43,22.43,22.39,22.39,5807,2022-02-08 18:00:00,GRBK
22.38,22.44,22.365,22.44,1800,2022-02-08 18:05:00,GRBK
22.4,22.43,22.365,22.43,1203,2022-02-08 18:10:00,GRBK
22.38,22.45,22.36,22.45,758,2022-02-08 18:15:00,GRBK
22.4143,22.4143,22.39,22.39,1179,2022-02-08 18:20:00,GRBK
22.34,22.37,22.34,22.35,600,2022-02-08 18:25:00,GRBK
22.39,22.46,22.39,22.41,1200,2022-02-08 18:30:00,GRBK
22.4,22.41,22.36,22.4,1800,2022-02-08 18:35:00,GRBK
22.375,22.375,22.3,22.3,2403,2022-02-08 18:40:00,GRBK
22.3,22.35,22.3,22.3,1606,2022-02-08 18:45:00,GRBK
22.28,22.29,22.25,22.26,769,2022-02-08 18:50:00,GRBK
22.29,22.3,22.26,22.28,1666,2022-02-08 18:55:00,GRBK
22.28,22.31,22.28,22.3,1316,2022-02-08 19:00:00,GRBK
22.304,22.31,22.27,22.27,1395,2022-02-08 19:05:00,GRBK
22.24,22.28,22.22,22.28,2299,2022-02-08 19:10:00,GRBK
22.29,22.29,22.25,22.25,1600,2022-02-08 19:15:00,GRBK
22.24,22.25,22.24,22.2446,925,2022-02-08 19:20:00,GRBK
22.235,22.235,22.18,22.205,1711,2022-02-08 19:25:00,GRBK
22.2,22.225,22.2,22.225,400,2022-02-08 19:30:00,GRBK
22.26,22.26,22.17,22.17,1779,2022-02-08 19:35:00,GRBK
22.15,22.2,22.15,22.2,1332,2022-02-08 19:40:00,GRBK
22.2,22.2,22.135,22.135,582,2022-02-08 19:45:00,GRBK
22.16,22.21,22.13,22.16,1973,2022-02-08 19:50:00,GRBK
22.15,22.17,22.15,22.17,1360,2022-02-08 19:55:00,GRBK
22.14,22.14,22.0688,22.125,5946,2022-02-08 20:00:00,GRBK
22.15,22.24,22.125,22.215,3130,2022-02-08 20:05:00,GRBK
22.24,22.3099,22.19,22.2,5968,2022-02-08 20:10:00,GRBK
22.24,22.27,22.215,22.25,5774,2022-02-08 20:15:00,GRBK
22.25,22.26,22.19,22.22,4529,2022-02-08 20:20:00,GRBK
22.21,22.21,22.18,22.205,2008,2022-02-08 20:25:00,GRBK
22.22,22.25,22.22,22.23,4950,2022-02-08 20:30:00,GRBK
22.24,22.24,22.165,22.2,11769,2022-02-08 20:35:00,GRBK
22.215,22.24,22.19,22.2,9200,2022-02-08 20:40:00,GRBK
22.19,22.23,22.17,22.18,6572,2022-02-08 20:45:00,GRBK
22.17,22.27,22.15,22.24,9881,2022-02-08 20:50:00,GRBK
22.27,22.27,22.21,22.26,20478,2022-02-08 20:55:00,GRBK
22.22,22.25,22.22,22.25,33671,2022-02-08 21:00:00,GRBK
22.79,23.0,22.79,23.0,1360,2022-02-08 21:20:00,GRBK
23.2,23.2,23.2,23.2,1000,2022-02-08 21:25:00,GRBK
23.1,23.1,23.1,23.1,500,2022-02-08 21:30:00,GRBK
23.1001,23.1001,23.1001,23.1001,1000,2022-02-08 21:50:00,GRBK
23.1,23.1,23.1,23.1,300,2022-02-08 22:00:00,GRBK
23.1,23.1,23.1,23.1,200,2022-02-08 22:10:00,GRBK
23.06,23.06,23.06,23.06,250,2022-02-08 22:25:00,GRBK
22.61,22.63,22.61,22.63,387,2022-02-09 14:15:00,GRBK
22.63,22.63,22.63,22.63,325,2022-02-09 14:25:00,GRBK
22.65,22.9,22.65,22.86,4796,2022-02-09 14:30:00,GRBK
22.89,22.89,22.74,22.82,7023,2022-02-09 14:35:00,GRBK
22.75,22.77,22.67,22.77,913,2022-02-09 14:40:00,GRBK
22.735,22.86,22.68,22.76,5182,2022-02-09 14:45:00,GRBK
22.74,22.81,22.69,22.73,3675,2022-02-09 14:50:00,GRBK
22.725,22.83,22.7,22.82,4886,2022-02-09 14:55:00,GRBK
22.75,22.8,22.72,22.7225,3591,2022-02-09 15:00:00,GRBK
22.76,22.79,22.73,22.775,3000,2022-02-09 15:05:00,GRBK
22.7982,22.82,22.74,22.81,8478,2022-02-09 15:10:00,GRBK
22.75,22.875,22.735,22.83,2840,2022-02-09 15:15:00,GRBK
22.765,22.885,22.765,22.825,1527,2022-02-09 15:20:00,GRBK
22.8791,22.88,22.825,22.855,5631,2022-02-09 15:25:00,GRBK
22.83,22.83,22.73,22.805,1382,2022-02-09 15:30:00,GRBK
22.8301,22.865,22.73,22.73,6291,2022-02-09 15:35:00,GRBK
22.77,22.78,22.74,22.74,2180,2022-02-09 15:40:00,GRBK
22.695,22.715,22.64,22.67,4668,2022-02-09 15:45:00,GRBK
22.66,22.69,22.66,22.69,1070,2022-02-09 15:50:00,GRBK
22.63,22.66,22.56,22.63,3465,2022-02-09 15:55:00,GRBK
22.635,22.66,22.63,22.64,1046,2022-02-09 16:00:00,GRBK
22.65,22.67,22.62,22.63,2779,2022-02-09 16:05:00,GRBK
22.67,22.71,22.5687,22.5687,1756,2022-02-09 16:10:00,GRBK
22.585,22.62,22.56,22.62,1376,2022-02-09 16:15:00,GRBK
22.6,22.62,22.6,22.6031,400,2022-02-09 16:20:00,GRBK
22.62,22.64,22.58,22.64,3000,2022-02-09 16:25:00,GRBK
22.6492,22.6492,22.58,22.58,1239,2022-02-09 16:30:00,GRBK
22.57,22.62,22.55,22.62,2790,2022-02-09 16:35:00,GRBK
22.5955,22.5955,22.5799,22.5799,525,2022-02-09 16:40:00,GRBK
22.545,22.66,22.545,22.6063,7623,2022-02-09 16:45:00,GRBK
22.595,22.595,22.56,22.56,2428,2022-02-09 16:50:00,GRBK
22.58,22.61,22.53,22.61,1200,2022-02-09 16:55:00,GRBK
22.56,22.675,22.55,22.675,2500,2022-02-09 17:00:00,GRBK
22.67,22.71,22.655,22.66,13556,2022-02-09 17:05:00,GRBK
22.64,22.64,22.59,22.63,758,2022-02-09 17:10:00,GRBK
22.64,22.67,22.61,22.67,1701,2022-02-09 17:15:00,GRBK
22.655,22.66,22.555,22.66,2286,2022-02-09 17:20:00,GRBK
22.6016,22.62,22.6016,22.6194,900,2022-02-09 17:25:00,GRBK
22.59,22.61,22.53,22.61,1114,2022-02-09 17:30:00,GRBK
22.545,22.63,22.545,22.59,2660,2022-02-09 17:35:00,GRBK
22.62,22.63,22.59,22.595,1000,2022-02-09 17:40:00,GRBK
22.595,22.6196,22.59,22.61,3500,2022-02-09 17:45:00,GRBK
22.62,22.62,22.61,22.62,1143,2022-02-09 17:50:00,GRBK
22.62,22.65,22.605,22.65,2600,2022-02-09 17:55:00,GRBK
22.66,22.7206,22.66,22.67,507,2022-02-09 18:00:00,GRBK
22.65,22.65,22.595,22.62,1683,2022-02-09 18:05:00,GRBK
22.64,22.64,22.58,22.62,900,2022-02-09 18:10:00,GRBK
22.58,22.61,22.54,22.54,1850,2022-02-09 18:15:00,GRBK
22.5775,22.59,22.55,22.56,1376,2022-02-09 18:20:00,GRBK
22.56,22.56,22.51,22.51,4094,2022-02-09 18:25:00,GRBK
22.535,22.585,22.51,22.56,2689,2022-02-09 18:30:00,GRBK
22.5825,22.62,22.58,22.59,6587,2022-02-09 18:35:00,GRBK
22.61,22.63,22.58,22.62,7097,2022-02-09 18:40:00,GRBK
22.62,22.65,22.6,22.62,2892,2022-02-09 18:45:00,GRBK
22.62,22.83,22.61,22.795,22852,2022-02-09 18:50:00,GRBK
22.795,22.835,22.76,22.82,6181,2022-02-09 18:55:00,GRBK
22.89,22.9,22.75,22.78,24352,2022-02-09 19:00:00,GRBK
22.76,22.83,22.745,22.79,5725,2022-02-09 19:05:00,GRBK
22.77,22.8,22.75,22.755,13608,2022-02-09 19:10:00,GRBK
22.76,22.92,22.76,22.89,11409,2022-02-09 19:15:00,GRBK
22.89,22.91,22.855,22.91,6629,2022-02-09 19:20:00,GRBK
22.91,22.93,22.84,22.8753,14773,2022-02-09 19:25:00,GRBK
22.882,22.8825,22.86,22.865,2439,2022-02-09 19:30:00,GRBK
22.85,22.9095,22.85,22.9095,2325,2022-02-09 19:35:00,GRBK
22.8895,22.8895,22.86,22.86,1655,2022-02-09 19:40:00,GRBK
22.865,22.865,22.865,22.865,100,2022-02-09 19:45:00,GRBK
22.8548,22.87,22.84,22.84,5304,2022-02-09 19:50:00,GRBK
22.84,22.86,22.79,22.79,3900,2022-02-09 19:55:00,GRBK
22.79,22.8,22.75,22.78,9000,2022-02-09 20:00:00,GRBK
22.77,22.77,22.735,22.735,3298,2022-02-09 20:05:00,GRBK
22.75,22.76,22.7,22.719,5765,2022-02-09 20:10:00,GRBK
22.69,22.72,22.69,22.709,2048,2022-02-09 20:15:00,GRBK
22.72,22.75,22.72,22.73,600,2022-02-09 20:20:00,GRBK
22.7101,22.76,22.71,22.74,4213,2022-02-09 20:25:00,GRBK
22.76,22.766,22.68,22.73,3803,2022-02-09 20:30:00,GRBK
22.74,22.77,22.74,22.76,5093,2022-02-09 20:35:00,GRBK
22.765,22.765,22.71,22.725,9229,2022-02-09 20:40:00,GRBK
22.74,22.75,22.715,22.745,8089,2022-02-09 20:45:00,GRBK
22.7553,22.8,22.71,22.775,10380,2022-02-09 20:50:00,GRBK
22.76,22.8,22.735,22.77,16657,2022-02-09 20:55:00,GRBK
22.8,22.8,22.8,22.8,34422,2022-02-09 21:00:00,GRBK
22.76,22.76,22.76,22.76,100,2022-02-09 22:10:00,GRBK
22.41,22.41,22.41,22.41,100,2022-02-10 14:10:00,GRBK
22.4,22.4,22.4,22.4,219,2022-02-10 14:25:00,GRBK
22.14,22.15,21.85,22.15,12691,2022-02-10 14:30:00,GRBK
22.09,22.38,22.09,22.38,6625,2022-02-10 14:35:00,GRBK
22.3899,22.58,22.3899,22.58,4721,2022-02-10 14:40:00,GRBK
22.59,22.59,22.37,22.39,3872,2022-02-10 14:45:00,GRBK
22.42,22.48,22.36,22.43,3801,2022-02-10 14:50:00,GRBK
22.475,22.51,22.45,22.5,1203,2022-02-10 14:55:00,GRBK
22.47,22.55,22.43,22.5,2700,2022-02-10 15:00:00,GRBK
22.515,22.6,22.515,22.6,350,2022-02-10 15:05:00,GRBK
22.63,22.66,22.55,22.57,4020,2022-02-10 15:10:00,GRBK
22.57,22.63,22.57,22.625,800,2022-02-10 15:15:00,GRBK
22.6127,22.73,22.57,22.7,9313,2022-02-10 15:20:00,GRBK
22.68,22.9425,22.68,22.9425,10007,2022-02-10 15:25:00,GRBK
22.9485,23.0543,22.93,23.0313,3945,2022-02-10 15:30:00,GRBK
22.99,23.07,22.98,23.07,2900,2022-02-10 15:35:00,GRBK
23.055,23.075,23.03,23.06,1735,2022-02-10 15:40:00,GRBK
23.01,23.06,23.0,23.06,1730,2022-02-10 15:45:00,GRBK
23.065,23.065,22.84,22.84,11697,2022-02-10 15:50:00,GRBK
22.8,22.836,22.78,22.78,854,2022-02-10 15:55:00,GRBK
22.78,22.95,22.75,22.95,4792,2022-02-10 16:00:00,GRBK
22.93,23.04,22.89,23.0209,6303,2022-02-10 16:05:00,GRBK
23.035,23.09,22.9,23.07,11894,2022-02-10 16:10:00,GRBK
23.012,23.15,22.9401,23.15,14557,2022-02-10 16:15:00,GRBK
23.2186,23.24,23.09,23.18,6472,2022-02-10 16:20:00,GRBK
23.18,23.196,23.09,23.11,3626,2022-02-10 16:25:00,GRBK
23.135,23.135,23.02,23.02,3083,2022-02-10 16:30:00,GRBK
22.99,23.09,22.99,23.05,1900,2022-02-10 16:35:00,GRBK
23.08,23.11,23.07,23.11,2131,2022-02-10 16:40:00,GRBK
23.18,23.19,23.16,23.16,628,2022-02-10 16:45:00,GRBK
23.15,23.1796,23.13,23.14,1676,2022-02-10 16:50:00,GRBK
23.13,23.13,23.1,23.12,500,2022-02-10 16:55:00,GRBK
23.12,23.12,23.09,23.09,1322,2022-02-10 17:00:00,GRBK
23.05,23.12,23.05,23.11,1000,2022-02-10 17:05:00,GRBK
23.07,23.08,23.07,23.08,200,2022-02-10 17:10:00,GRBK
23.02,23.09,23.02,23.09,1639,2022-02-10 17:15:00,GRBK
23.105,23.16,23.105,23.16,7433,2022-02-10 17:20:00,GRBK
23.16,23.265,23.16,23.24,6588,2022-02-10 17:25:00,GRBK
23.2525,23.28,23.16,23.16,2100,2022-02-10 17:30:00,GRBK
23.19,23.29,23.19,23.27,4000,2022-02-10 17:35:00,GRBK
23.26,23.26,23.23,23.25,1635,2022-02-10 17:40:00,GRBK
23.23,23.24,23.07,23.08,11173,2022-02-10 17:45:00,GRBK
23.07,23.12,23.02,23.09,3496,2022-02-10 17:50:00,GRBK
23.09,23.09,23.03,23.03,1484,2022-02-10 17:55:00,GRBK
23.0,23.02,22.96,23.02,747,2022-02-10 18:00:00,GRBK
23.0,23.1,22.92,22.93,9760,2022-02-10 18:05:00,GRBK
22.932,22.9396,22.85,22.85,4338,2022-02-10 18:10:00,GRBK
22.78,22.78,22.595,22.61,4534,2022-02-10 18:15:00,GRBK
22.6,22.63,22.52,22.61,2500,2022-02-10 18:20:00,GRBK
22.56,22.64,22.54,22.54,2426,2022-02-10 18:25:00,GRBK
22.49,22.58,22.44,22.49,6217,2022-02-10 18:30:00,GRBK
22.51,22.51,22.37,22.5,7552,2022-02-10 18:35:00,GRBK
22.5,22.56,22.49,22.49,1677,2022-02-10 18:40:00,GRBK
22.49,22.51,22.38,22.38,1330,2022-02-10 18:45:00,GRBK
22.44,22.4417,22.35,22.4417,1922,2022-02-10 18:50:00,GRBK
22.42,22.42,22.37,22.4,2518,2022-02-10 18:55:00,GRBK
22.42,22.42,22.29,22.29,4804,2022-02-10 19:00:00,GRBK
22.29,22.3101,22.25,22.31,8898,2022-02-10 19:05:00,GRBK
22.35,22.35,22.18,22.1891,16888,2022-02-10 19:10:00,GRBK
22.23,22.23,22.15,22.2,6003,2022-02-10 19:15:00,GRBK
22.205,22.25,22.18,22.24,5399,2022-02-10 19:20:00,GRBK
22.24,22.315,22.2202,22.3,2369,2022-02-10 19:25:00,GRBK
22.32,22.33,22.24,22.24,2242,2022-02-10 19:30:00,GRBK
22.22,22.28,22.22,22.25,2521,2022-02-10 19:35:00,GRBK
22.25,22.275,22.23,22.23,7538,2022-02-10 19:40:00,GRBK
22.2,22.2381,22.11,22.11,7260,2022-02-10 19:45:00,GRBK
22.13,22.13,21.99,22.0,10723,2022-02-10 19:50:00,GRBK
21.98,22.03,21.97,22.03,4972,2022-02-10 19:55:00,GRBK
22.03,22.1,21.97,22.1,10004,2022-02-10 20:00:00,GRBK
22.1,22.15,22.01,22.08,13913,2022-02-10 20:05:00,GRBK
22.1,22.1916,22.1,22.135,5192,2022-02-10 20:10:00,GRBK
22.12,22.17,22.06,22.07,3446,2022-02-10 20:15:00,GRBK
22.09,22.09,22.02,22.06,2734,2022-02-10 20:20:00,GRBK
22.06,22.11,22.05,22.06,1654,2022-02-10 20:25:00,GRBK
22.04,22.04,21.95,21.97,6240,2022-02-10 20:30:00,GRBK
21.98,22.04,21.96,22.0,8064,2022-02-10 20:35:00,GRBK
22.029,22.03,21.965,21.99,2592,2022-02-10 20:40:00,GRBK
21.98,21.99,21.87,21.91,16344,2022-02-10 20:45:00,GRBK
21.905,22.04,21.88,21.99,9043,2022-02-10 20:50:00,GRBK
21.99,22.079,21.95,21.97,47086,2022-02-10 20:55:00,GRBK
22.04,22.04,21.94,21.94,122354,2022-02-10 21:00:00,GRBK
21.94,21.94,21.94,21.94,132200,2022-02-10 21:25:00,GRBK
22.08,22.2812,22.0,22.2812,2233,2022-02-11 14:30:00,GRBK
22.18,22.28,22.16,22.16,4968,2022-02-11 14:35:00,GRBK
22.19,22.26,22.16,22.23,5833,2022-02-11 14:40:00,GRBK
22.37,22.41,22.37,22.41,600,2022-02-11 14:45:00,GRBK
22.356,22.44,22.2501,22.32,4300,2022-02-11 14:50:00,GRBK
22.26,22.26,22.115,22.115,600,2022-02-11 14:55:00,GRBK
22.12,22.33,22.12,22.33,2611,2022-02-11 15:00:00,GRBK
22.37,22.395,22.33,22.33,2100,2022-02-11 15:05:00,GRBK
22.28,22.31,22.2,22.25,1883,2022-02-11 15:10:00,GRBK
22.24,22.3,22.23,22.3,504,2022-02-11 15:15:00,GRBK
22.32,22.35,22.3,22.3,2626,2022-02-11 15:20:00,GRBK
22.34,22.35,22.3,22.34,1384,2022-02-11 15:25:00,GRBK
22.36,22.4,22.28,22.29,8720,2022-02-11 15:30:00,GRBK
22.256,22.32,22.25,22.3,2625,2022-02-11 15:35:00,GRBK
22.3,22.3,22.23,22.27,3994,2022-02-11 15:40:00,GRBK
22.25,22.26,22.17,22.17,879,2022-02-11 15:45:00,GRBK
22.15,22.17,22.13,22.16,3273,2022-02-11 15:50:00,GRBK
22.17,22.18,22.08,22.08,3292,2022-02-11 15:55:00,GRBK
22.12,22.21,22.1,22.21,3603,2022-02-11 16:00:00,GRBK
22.18,22.18,22.12,22.12,2846,2022-02-11 16:05:00,GRBK
22.09,22.09,22.05,22.08,1509,2022-02-11 16:10:00,GRBK
22.04,22.05,21.9602,21.99,7832,2022-02-11 16:15:00,GRBK
22.05,22.09,22.04,22.08,2015,2022-02-11 16:20:00,GRBK
22.11,22.11,22.05,22.05,2615,2022-02-11 16:25:00,GRBK
22.06,22.13,22.04,22.06,2783,2022-02-11 16:30:00,GRBK
22.05,22.06,21.98,21.98,1488,2022-02-11 16:35:00,GRBK
21.98,22.0,21.96,21.98,1142,2022-02-11 16:40:00,GRBK
21.99,22.02,21.9799,22.02,1400,2022-02-11 16:45:00,GRBK
22.0,22.0,21.989,21.99,500,2022-02-11 16:50:00,GRBK
21.99,22.02,21.97,22.005,2108,2022-02-11 17:00:00,GRBK
22.02,22.06,22.01,22.03,1143,2022-02-11 17:05:00,GRBK
22.04,22.13,22.02,22.1,3981,2022-02-11 17:10:00,GRBK
22.07,22.07,22.01,22.01,3728,2022-02-11 17:15:00,GRBK
21.98,22.02,21.98,22.02,1241,2022-02-11 17:20:00,GRBK
22.05,22.12,22.05,22.12,998,2022-02-11 17:25:00,GRBK
22.1,22.17,22.09,22.17,4919,2022-02-11 17:30:00,GRBK
22.205,22.205,22.11,22.12,3543,2022-02-11 17:35:00,GRBK
22.11,22.11,22.01,22.06,11290,2022-02-11 17:40:00,GRBK
22.04,22.06,22.01,22.06,805,2022-02-11 17:45:00,GRBK
22.0558,22.0558,21.98,22.01,6203,2022-02-11 17:50:00,GRBK
22.02,22.02,21.99,22.01,1610,2022-02-11 17:55:00,GRBK
21.96,21.96,21.94,21.94,600,2022-02-11 18:00:00,GRBK
21.97,22.03,21.9575,22.0201,2420,2022-02-11 18:05:00,GRBK
22.0,22.0,21.96,21.96,500,2022-02-11 18:10:00,GRBK
22.0,22.0,21.97,21.97,1891,2022-02-11 18:15:00,GRBK
22.0,22.01,21.99,21.99,600,2022-02-11 18:20:00,GRBK
21.96,21.96,21.91,21.91,2285,2022-02-11 18:25:00,GRBK
21.85,21.85,21.74,21.74,1307,2022-02-11 18:30:00,GRBK
21.71,21.77,21.67,21.69,4586,2022-02-11 18:35:00,GRBK
21.68,21.76,21.68,21.73,1827,2022-02-11 18:40:00,GRBK
21.685,21.71,21.63,21.65,900,2022-02-11 18:45:00,GRBK
21.66,21.67,21.63,21.66,525,2022-02-11 18:50:00,GRBK
21.62,21.66,21.6008,21.645,5010,2022-02-11 18:55:00,GRBK
21.63,21.64,21.5601,21.64,23363,2022-02-11 19:00:00,GRBK
21.6626,21.76,21.6,21.71,2822,2022-02-11 19:05:00,GRBK
21.68,21.72,21.64,21.704,2491,2022-02-11 19:10:00,GRBK
21.708,21.834,21.708,21.79,4845,2022-02-11 19:15:00,GRBK
21.77,21.83,21.77,21.8,2279,2022-02-11 19:20:00,GRBK
21.78,21.78,21.66,21.67,5116,2022-02-11 19:25:00,GRBK
21.7,21.78,21.649,21.78,1700,2022-02-11 19:30:00,GRBK
21.74,21.76,21.71,21.72,3833,2022-02-11 19:35:00,GRBK
21.68,21.71,21.64,21.65,2414,2022-02-11 19:40:00,GRBK
21.62,21.64,21.58,21.6247,4100,2022-02-11 19:45:00,GRBK
21.6,21.64,21.575,21.625,5657,2022-02-11 19:50:00,GRBK
21.645,21.75,21.645,21.75,8002,2022-02-11 19:55:00,GRBK
21.73,21.9,21.73,21.77,5958,2022-02-11 20:00:00,GRBK
21.76,21.805,21.72,21.8,12339,2022-02-11 20:05:00,GRBK
21.755,21.7825,21.72,21.77,2122,2022-02-11 20:10:00,GRBK
21.79,21.83,21.75,21.7751,2745,2022-02-11 20:15:00,GRBK
21.735,21.78,21.735,21.78,5629,2022-02-11 20:20:00,GRBK
21.794,21.84,21.76,21.806,7468,2022-02-11 20:25:00,GRBK
21.81,21.84,21.71,21.8225,14107,2022-02-11 20:30:00,GRBK
21.81,21.8916,21.78,21.79,8516,2022-02-11 20:35:00,GRBK
21.81,21.84,21.76,21.82,3276,2022-02-11 20:40:00,GRBK
21.81,21.96,21.81,21.96,9907,2022-02-11 20:45:00,GRBK
21.995,21.995,21.88,21.88,15691,2022-02-11 20:50:00,GRBK
21.91,22.01,21.85,21.86,23245,2022-02-11 20:55:00,GRBK
21.85,21.85,21.85,21.85,68660,2022-02-11 21:00:00,GRBK
21.85,21.85,21.85,21.85,134300,2022-02-11 21:10:00,GRBK
21.79,21.79,21.79,21.79,300,2022-02-11 21:20:00,GRBK
21.82,21.82,21.82,21.82,100,2022-02-11 22:10:00,GRBK
21.95,21.95,21.95,21.95,200,2022-02-11 23:10:00,GRBK
21.95,21.95,21.95,21.95,500,2022-02-14 14:15:00,GRBK
21.93,21.9654,21.7988,21.852,4838,2022-02-14 14:30:00,GRBK
21.98,22.01,21.94,21.94,1807,2022-02-14 14:35:00,GRBK
22.14,22.34,22.13,22.2999,4738,2022-02-14 14:40:00,GRBK
22.15,22.175,22.0919,22.175,1242,2022-02-14 14:45:00,GRBK
22.25,22.3,22.22,22.25,8128,2022-02-14 14:50:00,GRBK
22.263,22.263,22.13,22.15,2812,2022-02-14 14:55:00,GRBK
22.11,22.11,22.03,22.08,2000,2022-02-14 15:00:00,GRBK
22.13,22.15,22.06,22.15,600,2022-02-14 15:05:00,GRBK
22.23,22.36,22.23,22.265,1820,2022-02-14 15:10:00,GRBK
22.25,22.285,22.1,22.21,7777,2022-02-14 15:15:00,GRBK
22.21,22.21,22.191,22.191,200,2022-02-14 15:20:00,GRBK
22.28,22.28,22.245,22.245,238,2022-02-14 15:25:00,GRBK
22.12,22.13,22.0911,22.0911,1435,2022-02-14 15:30:00,GRBK
22.0104,22.13,22.0104,22.13,1950,2022-02-14 15:40:00,GRBK
22.11,22.11,22.1,22.1,200,2022-02-14 15:45:00,GRBK
22.17,22.17,22.08,22.1,2277,2022-02-14 15:50:00,GRBK
22.13,22.21,22.13,22.2,999,2022-02-14 16:00:00,GRBK
22.2,22.2,22.18,22.18,200,2022-02-14 16:05:00,GRBK
22.175,22.18,22.12,22.13,1713,2022-02-14 16:10:00,GRBK
22.16,22.24,22.16,22.24,2575,2022-02-14 16:15:00,GRBK
22.25,22.29,22.25,22.29,1719,2022-02-14 16:20:00,GRBK
22.32,22.32,22.31,22.31,200,2022-02-14 16:25:00,GRBK
22.27,22.35,22.27,22.27,1779,2022-02-14 16:30:00,GRBK
22.28,22.33,22.27,22.31,2719,2022-02-14 16:35:00,GRBK
22.28,22.285,22.24,22.24,415,2022-02-14 16:40:00,GRBK
22.28,22.28,22.28,22.28,100,2022-02-14 16:45:00,GRBK
22.27,22.27,22.195,22.195,670,2022-02-14 16:50:00,GRBK
22.17,22.2,22.17,22.195,400,2022-02-14 16:55:00,GRBK
22.22,22.22,22.22,22.22,100,2022-02-14 17:00:00,GRBK
22.16,22.16,22.16,22.16,480,2022-02-14 17:05:00,GRBK
22.18,22.18,22.1222,22.1222,947,2022-02-14 17:10:00,GRBK
22.12,22.1202,22.12,22.1202,1170,2022-02-14 17:15:00,GRBK
22.14,22.14,22.14,22.14,400,2022-02-14 17:20:00,GRBK
22.15,22.155,22.15,22.155,401,2022-02-14 17:25:00,GRBK
22.11,22.165,22.11,22.14,663,2022-02-14 17:30:00,GRBK
22.1,22.1,22.1,22.1,600,2022-02-14 17:35:00,GRBK
22.145,22.145,22.13,22.13,200,2022-02-14 17:40:00,GRBK
22.1062,22.13,22.1062,22.13,450,2022-02-14 17:45:00,GRBK
22.13,22.13,22.13,22.13,100,2022-02-14 17:50:00,GRBK
22.11,22.11,22.09,22.1,469,2022-02-14 17:55:00,GRBK
22.135,22.135,22.081,22.1,456,2022-02-14 18:00:00,GRBK
22.11,22.11,22.11,22.11,300,2022-02-14 18:05:00,GRBK
22.09,22.13,22.06,22.06,5224,2022-02-14 18:15:00,GRBK
22.05,22.05,22.0,22.0,435,2022-02-14 18:20:00,GRBK
22.0,22.0,21.96,21.993,700,2022-02-14 18:25:00,GRBK
21.94,21.943,21.8963,21.93,2282,2022-02-14 18:30:00,GRBK
21.96,21.96,21.95,21.95,336,2022-02-14 18:35:00,GRBK
21.96,21.96,21.94,21.94,957,2022-02-14 18:40:00,GRBK
21.94,21.94,21.91,21.91,200,2022-02-14 18:45:00,GRBK
21.88,21.905,21.83,21.835,1083,2022-02-14 18:50:00,GRBK
21.81,21.81,21.8,21.8,397,2022-02-14 18:55:00,GRBK
21.77,21.83,21.77,21.82,300,2022-02-14 19:00:00,GRBK
21.77,21.8,21.77,21.8,3054,2022-02-14 19:05:00,GRBK
21.79,21.8049,21.79,21.8049,450,2022-02-14 19:10:00,GRBK
21.81,21.81,21.81,21.81,100,2022-02-14 19:15:00,GRBK
21.81,21.83,21.81,21.83,2029,2022-02-14 19:20:00,GRBK
21.81,22.03,21.81,22.01,35767,2022-02-14 19:25:00,GRBK
22.0,22.0,21.929,21.99,1110,2022-02-14 19:30:00,GRBK
22.0,22.0,21.97,21.97,759,2022-02-14 19:35:00,GRBK
21.995,21.995,21.99,21.99,873,2022-02-14 19:40:00,GRBK
21.99,21.9939,21.93,21.95,900,2022-02-14 19:45:00,GRBK
21.97,22.0482,21.97,22.0,2085,2022-02-14 19:50:00,GRBK
21.99,22.02,21.99,22.02,811,2022-02-14 19:55:00,GRBK
22.0,22.01,21.99,21.99,663,2022-02-14 20:00:00,GRBK
21.93,22.0,21.93,22.0,1215,2022-02-14 20:05:00,GRBK
21.94,22.015,21.94,21.94,5977,2022-02-14 20:10:00,GRBK
21.92,21.92,21.88,21.9,508,2022-02-14 20:15:00,GRBK
21.89,21.93,21.89,21.93,600,2022-02-14 20:20:00,GRBK
21.95,21.95,21.91,21.935,300,2022-02-14 20:25:00,GRBK
21.93,21.96,21.92,21.96,3482,2022-02-14 20:30:00,GRBK
21.98,21.98,21.9,21.9,4513,2022-02-14 20:35:00,GRBK
21.9234,21.9234,21.88,21.91,600,2022-02-14 20:40:00,GRBK
21.91,21.93,21.85,21.91,3238,2022-02-14 20:45:00,GRBK
21.84,21.84,21.79,21.83,5726,2022-02-14 20:50:00,GRBK
21.82,21.86,21.81,21.82,10913,2022-02-14 20:55:00,GRBK
21.87,21.87,21.82,21.82,36856,2022-02-14 21:00:00,GRBK
21.82,21.82,21.82,21.82,152160,2022-02-14 21:15:00,GRBK
22.21,22.58,22.21,22.48,7021,2022-02-15 14:30:00,GRBK
22.57,22.62,22.49,22.575,5044,2022-02-15 14:35:00,GRBK
22.58,22.62,22.34,22.34,4878,2022-02-15 14:40:00,GRBK
22.48,22.555,22.47,22.555,2153,2022-02-15 14:45:00,GRBK
22.6,22.68,22.59,22.63,2994,2022-02-15 14:50:00,GRBK
22.55,22.67,22.52,22.6,5694,2022-02-15 14:55:00,GRBK
22.555,22.59,22.51,22.54,2856,2022-02-15 15:00:00,GRBK
22.54,22.6124,22.54,22.56,3926,2022-02-15 15:05:00,GRBK
22.55,22.58,22.51,22.55,2229,2022-02-15 15:10:00,GRBK
22.57,22.57,22.52,22.52,1247,2022-02-15 15:15:00,GRBK
22.46,22.52,22.46,22.49,1494,2022-02-15 15:20:00,GRBK
22.51,22.61,22.4401,22.57,2506,2022-02-15 15:25:00,GRBK
22.58,22.58,22.58,22.58,100,2022-02-15 15:30:00,GRBK
22.59,22.59,22.55,22.57,3343,2022-02-15 15:35:00,GRBK
22.56,22.56,22.51,22.51,1300,2022-02-15 15:40:00,GRBK
22.6,22.6,22.53,22.565,1000,2022-02-15 15:45:00,GRBK
22.568,22.585,22.555,22.57,1344,2022-02-15 15:50:00,GRBK
22.59,22.59,22.48,22.48,4957,2022-02-15 15:55:00,GRBK
22.48,22.49,22.46,22.49,829,2022-02-15 16:00:00,GRBK
22.456,22.48,22.44,22.48,941,2022-02-15 16:05:00,GRBK
22.49,22.49,22.49,22.49,402,2022-02-15 16:10:00,GRBK
22.48,22.49,22.475,22.49,2065,2022-02-15 16:20:00,GRBK
22.54,22.54,22.52,22.525,499,2022-02-15 16:25:00,GRBK
22.54,22.55,22.53,22.53,600,2022-02-15 16:30:00,GRBK
22.5552,22.57,22.55,22.55,1840,2022-02-15 16:35:00,GRBK
22.56,22.56,22.54,22.54,300,2022-02-15 16:40:00,GRBK
22.55,22.59,22.54,22.59,2544,2022-02-15 16:45:00,GRBK
22.575,22.66,22.575,22.64,909,2022-02-15 16:50:00,GRBK
22.64,22.64,22.61,22.61,900,2022-02-15 16:55:00,GRBK
22.635,22.635,22.61,22.61,300,2022-02-15 17:00:00,GRBK
22.625,22.63,22.62,22.62,300,2022-02-15 17:05:00,GRBK
22.65,22.67,22.62,22.66,6800,2022-02-15 17:10:00,GRBK
22.66,22.7,22.64,22.69,2559,2022-02-15 17:15:00,GRBK
22.71,22.76,22.71,22.725,4906,2022-02-15 17:20:00,GRBK
22.705,22.72,22.69,22.715,1000,2022-02-15 17:25:00,GRBK
22.715,22.84,22.715,22.785,2431,2022-02-15 17:30:00,GRBK
22.77,22.8,22.705,22.705,2800,2022-02-15 17:35:00,GRBK
22.699,22.72,22.69,22.7,700,2022-02-15 17:40:00,GRBK
22.69,22.69,22.615,22.615,801,2022-02-15 17:45:00,GRBK
22.7,22.71,22.67,22.69,1000,2022-02-15 17:50:00,GRBK
22.739,22.739,22.725,22.735,500,2022-02-15 17:55:00,GRBK
22.745,22.755,22.71,22.73,1000,2022-02-15 18:00:00,GRBK
22.75,22.77,22.72,22.75,797,2022-02-15 18:05:00,GRBK
22.74,22.77,22.73,22.77,1550,2022-02-15 18:10:00,GRBK
22.765,22.78,22.765,22.78,557,2022-02-15 18:15:00,GRBK
22.78,22.845,22.78,22.82,2237,2022-02-15 18:20:00,GRBK
22.81,22.8624,22.81,22.81,3500,2022-02-15 18:25:00,GRBK
22.81,22.84,22.81,22.83,1568,2022-02-15 18:30:00,GRBK
22.85,22.89,22.835,22.89,2611,2022-02-15 18:35:00,GRBK
22.91,22.925,22.88,22.88,2443,2022-02-15 18:40:00,GRBK
22.91,22.94,22.9,22.94,1240,2022-02-15 18:45:00,GRBK
22.925,22.98,22.925,22.955,4023,2022-02-15 18:50:00,GRBK
22.955,23.03,22.955,22.99,6914,2022-02-15 18:55:00,GRBK
23.01,23.01,23.0,23.0,950,2022-02-15 19:00:00,GRBK
23.02,23.04,22.97,23.005,6183,2022-02-15 19:05:00,GRBK
23.005,23.025,22.93,23.01,5477,2022-02-15 19:10:00,GRBK
23.01,23.01,22.95,22.989,958,2022-02-15 19:15:00,GRBK
22.97,22.98,22.94,22.97,1101,2022-02-15 19:20:00,GRBK
22.96,22.965,22.92,22.93,1800,2022-02-15 19:25:00,GRBK
22.95,22.98,22.95,22.97,5982,2022-02-15 19:30:00,GRBK
22.99,23.03,22.99,22.9901,3456,2022-02-15 19:35:00,GRBK
23.0,23.02,22.9414,23.0,4369,2022-02-15 19:40:00,GRBK
23.0,23.0,22.96,22.97,1820,2022-02-15 19:45:00,GRBK
22.97,22.9899,22.96,22.98,1478,2022-02-15 19:50:00,GRBK
22.96,23.0,22.94,22.96,3208,2022-02-15 19:55:00,GRBK
22.97,23.0405,22.97,23.02,5399,2022-02-15 20:00:00,GRBK
23.03,23.03,23.0,23.005,1576,2022-02-15 20:05:00,GRBK
22.98,23.0,22.97,22.97,1700,2022-02-15 20:10:00,GRBK
22.98,22.98,22.95,22.95,1900,2022-02-15 20:15:00,GRBK
22.93,22.9434,22.92,22.92,3500,2022-02-15 20:20:00,GRBK
22.92,22.94,22.89,22.92,2555,2022-02-15 20:25:00,GRBK
22.92,22.93,22.86,22.86,3445,2022-02-15 20:30:00,GRBK
22.87,22.89,22.8,22.87,7634,2022-02-15 20:35:00,GRBK
22.85,22.87,22.84,22.85,5708,2022-02-15 20:40:00,GRBK
22.83,22.8501,22.785,22.84,6549,2022-02-15 20:45:00,GRBK
22.82,23.06,22.82,23.04,19424,2022-02-15 20:50:00,GRBK
23.03,23.06,22.95,22.98,14042,2022-02-15 20:55:00,GRBK
22.98,22.98,22.97,22.97,42630,2022-02-15 21:00:00,GRBK
22.97,22.97,22.97,22.97,1000,2022-02-15 22:20:00,GRBK
22.96,23.0,22.75,22.9,5109,2022-02-16 14:30:00,GRBK
22.83,22.94,22.8184,22.82,1311,2022-02-16 14:35:00,GRBK
22.8,22.81,22.8,22.81,329,2022-02-16 14:40:00,GRBK
22.74,22.81,22.74,22.78,1961,2022-02-16 14:45:00,GRBK
22.74,22.74,22.67,22.67,3114,2022-02-16 14:50:00,GRBK
22.72,22.8,22.72,22.8,2776,2022-02-16 14:55:00,GRBK
22.74,22.88,22.74,22.88,1310,2022-02-16 15:00:00,GRBK
22.87,22.9,22.85,22.85,1998,2022-02-16 15:05:00,GRBK
22.86,22.9,22.82,22.82,3137,2022-02-16 15:10:00,GRBK
22.79,22.7946,22.79,22.7946,200,2022-02-16 15:15:00,GRBK
22.71,22.82,22.71,22.81,3247,2022-02-16 15:20:00,GRBK
22.92,22.96,22.87,22.93,2510,2022-02-16 15:30:00,GRBK
22.875,22.91,22.875,22.904,1866,2022-02-16 15:35:00,GRBK
22.8823,22.93,22.8823,22.93,900,2022-02-16 15:40:00,GRBK
22.88,22.88,22.86,22.86,710,2022-02-16 15:45:00,GRBK
22.9,22.9,22.85,22.8925,1873,2022-02-16 15:50:00,GRBK
22.93,22.96,22.91,22.93,2149,2022-02-16 15:55:00,GRBK
22.96,23.09,22.95,23.09,11366,2022-02-16 16:00:00,GRBK
23.07,23.1763,23.06,23.1763,11064,2022-02-16 16:05:00,GRBK
23.12,23.12,23.02,23.02,2063,2022-02-16 16:10:00,GRBK
23.01,23.01,22.87,22.87,3939,2022-02-16 16:15:00,GRBK
22.915,22.9467,22.9,22.9,1175,2022-02-16 16:20:00,GRBK
22.94,22.9781,22.93,22.93,3852,2022-02-16 16:25:00,GRBK
22.91,22.97,22.91,22.97,2783,2022-02-16 16:30:00,GRBK
22.95,22.96,22.88,22.95,16245,2022-02-16 16:35:00,GRBK
22.95,23.0123,22.95,23.0123,963,2022-02-16 16:40:00,GRBK
23.02,23.02,22.98,22.9844,1144,2022-02-16 16:45:00,GRBK
22.9935,22.9935,22.95,22.98,1174,2022-02-16 16:50:00,GRBK
22.97,22.97,22.94,22.94,18359,2022-02-16 16:55:00,GRBK
22.95,22.96,22.94,22.94,9122,2022-02-16 17:00:00,GRBK
22.9,22.91,22.88,22.88,300,2022-02-16 17:05:00,GRBK
22.89,22.98,22.89,22.97,6390,2022-02-16 17:10:00,GRBK
22.95,22.97,22.935,22.97,1639,2022-02-16 17:15:00,GRBK
23.009,23.02,22.99,23.02,499,2022-02-16 17:20:00,GRBK
23.01,23.03,22.98,23.03,3977,2022-02-16 17:25:00,GRBK
23.01,23.03,22.955,23.0,7937,2022-02-16 17:30:00,GRBK
23.0,23.0,22.96,22.97,3698,2022-02-16 17:35:00,GRBK
22.979,22.98,22.96,22.98,4490,2022-02-16 17:40:00,GRBK
22.985,23.045,22.985,23.03,2696,2022-02-16 17:45:00,GRBK
23.04,23.065,23.04,23.04,20600,2022-02-16 17:50:00,GRBK
22.99,22.99,22.99,22.99,300,2022-02-16 17:55:00,GRBK
22.97,22.97,22.94,22.94,1490,2022-02-16 18:00:00,GRBK
22.93,22.98,22.93,22.98,494,2022-02-16 18:05:00,GRBK
23.02,23.02,23.02,23.02,493,2022-02-16 18:10:00,GRBK
23.039,23.04,22.99,23.02,1500,2022-02-16 18:15:00,GRBK
23.05,23.05,23.01,23.03,700,2022-02-16 18:20:00,GRBK
23.01,23.01,23.0,23.01,400,2022-02-16 18:25:00,GRBK
22.99,23.0,22.99,22.995,800,2022-02-16 18:30:00,GRBK
22.99,23.01,22.99,23.0,1102,2022-02-16 18:35:00,GRBK
22.98,22.98,22.97,22.975,400,2022-02-16 18:40:00,GRBK
22.98,23.0,22.95,22.95,6709,2022-02-16 18:45:00,GRBK
22.98,22.98,22.87,22.87,4400,2022-02-16 18:50:00,GRBK
22.85,22.89,22.82,22.85,3641,2022-02-16 18:55:00,GRBK
22.91,22.935,22.82,22.84,2924,2022-02-16 19:00:00,GRBK
22.895,22.99,22.875,22.95,7752,2022-02-16 19:05:00,GRBK
22.89,22.91,22.865,22.8775,2084,2022-02-16 19:10:00,GRBK
22.879,22.9,22.855,22.895,6156,2022-02-16 19:15:00,GRBK
22.89,23.0,22.89,22.97,6962,2022-02-16 19:20:00,GRBK
23.02,23.09,23.02,23.09,500,2022-02-16 19:25:00,GRBK
23.17,23.2,23.16,23.16,1101,2022-02-16 19:30:00,GRBK
23.19,23.19,23.09,23.14,2655,2022-02-16 19:35:00,GRBK
23.09,23.09,23.05,23.09,2195,2022-02-16 19:40:00,GRBK
23.09,23.0904,23.04,23.05,4971,2022-02-16 19:45:00,GRBK
23.04,23.06,23.04,23.05,850,2022-02-16 19:50:00,GRBK
23.06,23.1,23.0382,23.07,8100,2022-02-16 19:55:00,GRBK
23.08,23.26,23.04,23.25,11975,2022-02-16 20:00:00,GRBK
23.22,23.22,23.14,23.17,15387,2022-02-16 20:05:00,GRBK
23.18,23.2,23.18,23.2,600,2022-02-16 20:10:00,GRBK
23.19,23.19,23.16,23.19,1201,2022-02-16 20:15:00,GRBK
23.19,23.22,23.165,23.1829,2054,2022-02-16 20:20:00,GRBK
23.23,23.26,23.22,23.2475,4575,2022-02-16 20:25:00,GRBK
23.24,23.36,23.2,23.24,23504,2022-02-16 20:30:00,GRBK
23.26,23.29,23.24,23.265,6880,2022-02-16 20:35:00,GRBK
23.24,23.25,23.2,23.2,3309,2022-02-16 20:40:00,GRBK
23.2,23.22,23.17,23.2,12843,2022-02-16 20:45:00,GRBK
23.17,23.22,23.12,23.12,9729,2022-02-16 20:50:00,GRBK
23.135,23.15,23.05,23.07,31392,2022-02-16 20:55:00,GRBK
23.07,23.07,23.07,23.07,35681,2022-02-16 21:00:00,GRBK
22.93,22.96,22.76,22.825,5129,2022-02-17 14:30:00,GRBK
22.76,22.95,22.75,22.95,881,2022-02-17 14:35:00,GRBK
22.99,23.0,22.74,22.84,4517,2022-02-17 14:40:00,GRBK
22.8,22.8,22.655,22.705,1590,2022-02-17 14:45:00,GRBK
22.72,22.74,22.67,22.67,1520,2022-02-17 14:50:00,GRBK
22.71,22.75,22.56,22.56,2400,2022-02-17 14:55:00,GRBK
22.63,22.72,22.56,22.72,1832,2022-02-17 15:00:00,GRBK
22.68,22.75,22.68,22.68,5835,2022-02-17 15:05:00,GRBK
22.68,22.68,22.57,22.595,2457,2022-02-17 15:10:00,GRBK
22.6,22.6,22.53,22.57,2500,2022-02-17 15:15:00,GRBK
22.5,22.5,22.4175,22.445,2994,2022-02-17 15:20:00,GRBK
22.39,22.415,22.37,22.37,1050,2022-02-17 15:25:00,GRBK
22.36,22.4252,22.36,22.4252,844,2022-02-17 15:30:00,GRBK
22.43,22.49,22.4,22.4,3081,2022-02-17 15:35:00,GRBK
22.37,22.42,22.36,22.42,400,2022-02-17 15:40:00,GRBK
22.4406,22.4406,22.36,22.375,600,2022-02-17 15:45:00,GRBK
22.3775,22.425,22.335,22.41,2235,2022-02-17 15:50:00,GRBK
22.41,22.45,22.41,22.42,600,2022-02-17 15:55:00,GRBK
22.39,22.42,22.39,22.4128,1620,2022-02-17 16:00:00,GRBK
22.42,22.445,22.37,22.37,6647,2022-02-17 16:05:00,GRBK
22.41,22.43,22.39,22.4165,2702,2022-02-17 16:10:00,GRBK
22.39,22.4045,22.37,22.4045,2356,2022-02-17 16:15:00,GRBK
22.395,22.41,22.34,22.35,5226,2022-02-17 16:20:00,GRBK
22.33,22.35,22.29,22.33,9169,2022-02-17 16:25:00,GRBK
22.345,22.36,22.3,22.33,11763,2022-02-17 16:30:00,GRBK
22.375,22.39,22.34,22.34,937,2022-02-17 16:35:00,GRBK
22.34,22.375,22.34,22.375,947,2022-02-17 16:40:00,GRBK
22.39,22.415,22.375,22.395,4067,2022-02-17 16:45:00,GRBK
22.41,22.43,22.39,22.43,2666,2022-02-17 16:50:00,GRBK
22.42,22.42,22.42,22.42,100,2022-02-17 16:55:00,GRBK
22.415,22.45,22.4,22.45,1900,2022-02-17 17:00:00,GRBK
22.44,22.44,22.4264,22.4264,700,2022-02-17 17:05:00,GRBK
22.47,22.48,22.44,22.47,1650,2022-02-17 17:10:00,GRBK
22.425,22.43,22.355,22.355,1500,2022-02-17 17:15:00,GRBK
22.37,22.4,22.37,22.39,3455,2022-02-17 17:20:00,GRBK
22.395,22.395,22.393,22.393,1100,2022-02-17 17:25:00,GRBK
22.42,22.435,22.39,22.39,7400,2022-02-17 17:30:00,GRBK
22.41,22.41,22.4,22.4,1283,2022-02-17 17:35:00,GRBK
22.4,22.42,22.39,22.4,10944,2022-02-17 17:40:00,GRBK
22.4,22.405,22.39,22.3972,1701,2022-02-17 17:45:00,GRBK
22.38,22.4,22.36,22.36,1700,2022-02-17 17:50:00,GRBK
22.37,22.37,22.36,22.37,2419,2022-02-17 17:55:00,GRBK
22.36,22.3799,22.32,22.32,1347,2022-02-17 18:00:00,GRBK
22.33,22.33,22.25,22.25,2427,2022-02-17 18:05:00,GRBK
22.255,22.27,22.23,22.2343,4114,2022-02-17 18:10:00,GRBK
22.25,22.255,22.2,22.2,2917,2022-02-17 18:15:00,GRBK
22.2,22.22,22.17,22.21,4800,2022-02-17 18:20:00,GRBK
22.2,22.21,22.18,22.21,800,2022-02-17 18:25:00,GRBK
22.1612,22.285,22.1612,22.285,1500,2022-02-17 18:30:00,GRBK
22.31,22.31,22.29,22.29,1200,2022-02-17 18:35:00,GRBK
22.28,22.35,22.28,22.35,3462,2022-02-17 18:40:00,GRBK
22.35,22.3821,22.35,22.3821,800,2022-02-17 18:45:00,GRBK
22.37,22.38,22.305,22.33,2470,2022-02-17 18:50:00,GRBK
22.32,22.32,22.26,22.29,3606,2022-02-17 18:55:00,GRBK
22.27,22.27,22.17,22.17,5400,2022-02-17 19:00:00,GRBK
22.17,22.19,22.15,22.17,5154,2022-02-17 19:05:00,GRBK
22.17,22.17,22.12,22.16,2240,2022-02-17 19:10:00,GRBK
22.13,22.15,22.11,22.14,701,2022-02-17 19:15:00,GRBK
22.13,22.15,22.11,22.14,1300,2022-02-17 19:20:00,GRBK
22.13,22.15,22.09,22.09,4313,2022-02-17 19:25:00,GRBK
22.11,22.1103,22.085,22.09,1300,2022-02-17 19:30:00,GRBK
22.07,22.12,22.07,22.1173,2375,2022-02-17 19:35:00,GRBK
22.09,22.09,22.09,22.09,400,2022-02-17 19:40:00,GRBK
22.08,22.12,22.08,22.12,1300,2022-02-17 19:45:00,GRBK
22.13,22.13,22.05,22.115,4445,2022-02-17 19:50:00,GRBK
22.12,22.13,22.0675,22.13,8973,2022-02-17 19:55:00,GRBK
22.13,22.13,22.06,22.06,1544,2022-02-17 20:00:00,GRBK
22.07,22.095,22.05,22.06,8952,2022-02-17 20:05:00,GRBK
22.05,22.085,22.05,22.06,3985,2022-02-17 20:10:00,GRBK
22.08,22.12,22.07,22.12,5356,2022-02-17 20:15:00,GRBK
22.1,22.13,22.085,22.1,9200,2022-02-17 20:20:00,GRBK
22.1,22.1394,22.07,22.09,3835,2022-02-17 20:25:00,GRBK
22.11,22.16,22.06,22.08,4189,2022-02-17 20:30:00,GRBK
22.1,22.1098,22.05,22.1098,8479,2022-02-17 20:35:00,GRBK
22.1,22.11,22.07,22.105,9230,2022-02-17 20:40:00,GRBK
22.11,22.13,22.07,22.08,6093,2022-02-17 20:45:00,GRBK
22.07,22.09,22.03,22.05,26620,2022-02-17 20:50:00,GRBK
22.05,22.09,22.03,22.06,23166,2022-02-17 20:55:00,GRBK
22.08,22.08,22.05,22.05,42514,2022-02-17 21:00:00,GRBK
22.05,22.05,22.05,22.05,10863,2022-02-17 21:30:00,GRBK
22.2,22.2,22.2,22.2,125,2022-02-17 22:35:00,GRBK
22.2,22.2,22.2,22.2,100,2022-02-17 22:55:00,GRBK
22.2,22.2,22.2,22.2,100,2022-02-17 23:00:00,GRBK
22.22,22.22,22.22,22.22,100,2022-02-18 13:50:00,GRBK
22.0,22.08,21.95,22.08,8370,2022-02-18 14:30:00,GRBK
22.2299,22.2299,22.07,22.1311,1417,2022-02-18 14:35:00,GRBK
22.145,22.23,22.06,22.23,1012,2022-02-18 14:40:00,GRBK
22.19,22.22,22.19,22.22,400,2022-02-18 14:45:00,GRBK
22.26,22.33,22.2101,22.2101,1783,2022-02-18 14:50:00,GRBK
22.25,22.3,22.25,22.3,852,2022-02-18 14:55:00,GRBK
22.36,22.36,22.211,22.2427,4960,2022-02-18 15:00:00,GRBK
22.2,22.2044,22.11,22.2044,6554,2022-02-18 15:05:00,GRBK
22.17,22.21,22.08,22.185,7547,2022-02-18 15:10:00,GRBK
22.23,22.23,22.225,22.225,520,2022-02-18 15:15:00,GRBK
22.18,22.18,22.06,22.12,2924,2022-02-18 15:20:00,GRBK
22.11,22.13,22.11,22.13,300,2022-02-18 15:25:00,GRBK
22.03,22.07,21.98,22.07,2804,2022-02-18 15:30:00,GRBK
22.0701,22.0701,22.05,22.05,600,2022-02-18 15:35:00,GRBK
22.01,22.02,21.93,21.97,4214,2022-02-18 15:40:00,GRBK
21.94,22.0,21.94,21.98,1724,2022-02-18 15:45:00,GRBK
21.98,21.98,21.91,21.93,1205,2022-02-18 15:50:00,GRBK
21.86,21.9,21.84,21.84,1321,2022-02-18 15:55:00,GRBK
21.81,21.83,21.68,21.68,5050,2022-02-18 16:00:00,GRBK
21.69,21.74,21.68,21.7,1405,2022-02-18 16:05:00,GRBK
21.668,21.721,21.6595,21.721,3478,2022-02-18 16:10:00,GRBK
21.78,21.78,21.78,21.78,500,2022-02-18 16:15:00,GRBK
21.77,21.81,21.75,21.78,6739,2022-02-18 16:20:00,GRBK
21.81,21.81,21.73,21.77,1407,2022-02-18 16:25:00,GRBK
21.79,21.81,21.78,21.8,2371,2022-02-18 16:30:00,GRBK
21.79,21.825,21.78,21.8,2986,2022-02-18 16:35:00,GRBK
21.84,21.84,21.81,21.8156,1500,2022-02-18 16:40:00,GRBK
21.83,21.83,21.77,21.77,3915,2022-02-18 16:45:00,GRBK
21.735,21.75,21.7101,21.7101,2400,2022-02-18 16:50:00,GRBK
21.73,21.75,21.73,21.73,2953,2022-02-18 16:55:00,GRBK
21.73,21.73,21.69,21.6996,1989,2022-02-18 17:00:00,GRBK
21.71,21.7763,21.71,21.7763,660,2022-02-18 17:05:00,GRBK
21.79,21.79,21.775,21.79,982,2022-02-18 17:10:00,GRBK
21.785,21.785,21.77,21.78,300,2022-02-18 17:15:00,GRBK
21.83,21.865,21.83,21.865,2000,2022-02-18 17:20:00,GRBK
21.86,21.88,21.85,21.86,910,2022-02-18 17:25:00,GRBK
21.8,21.92,21.78,21.9,1851,2022-02-18 17:30:00,GRBK
21.9,21.9,21.815,21.815,1000,2022-02-18 17:35:00,GRBK
21.83,21.9199,21.83,21.8996,1164,2022-02-18 17:40:00,GRBK
21.86,21.91,21.86,21.9,600,2022-02-18 17:45:00,GRBK
21.88,21.89,21.88,21.88,498,2022-02-18 17:50:00,GRBK
21.89,21.89,21.87,21.87,200,2022-02-18 17:55:00,GRBK
21.87,21.87,21.84,21.855,900,2022-02-18 18:00:00,GRBK
21.86,21.86,21.81,21.85,400,2022-02-18 18:05:00,GRBK
21.83,21.83,21.79,21.81,4654,2022-02-18 18:10:00,GRBK
21.82,21.82,21.82,21.82,100,2022-02-18 18:15:00,GRBK
21.84,21.91,21.83,21.88,900,2022-02-18 18:20:00,GRBK
21.86,21.87,21.86,21.87,200,2022-02-18 18:25:00,GRBK
21.865,21.88,21.82,21.83,9759,2022-02-18 18:30:00,GRBK
21.87,21.93,21.87,21.93,1000,2022-02-18 18:35:00,GRBK
21.9,21.96,21.9,21.96,992,2022-02-18 18:40:00,GRBK
21.97,22.01,21.965,21.99,5400,2022-02-18 18:45:00,GRBK
22.0,22.01,21.98,21.99,5374,2022-02-18 18:50:00,GRBK
21.97,21.97,21.95,21.95,2364,2022-02-18 18:55:00,GRBK
21.97,21.97,21.94,21.95,2042,2022-02-18 19:00:00,GRBK
21.96,21.96,21.9,21.9,500,2022-02-18 19:05:00,GRBK
21.89,21.93,21.89,21.93,1058,2022-02-18 19:10:00,GRBK
21.95,22.05,21.95,22.04,11357,2022-02-18 19:15:00,GRBK
22.05,22.06,22.04,22.06,1200,2022-02-18 19:20:00,GRBK
22.07,22.12,22.07,22.11,416,2022-02-18 19:25:00,GRBK
22.135,22.14,22.11,22.13,4216,2022-02-18 19:30:00,GRBK
22.09,22.11,22.06,22.07,13925,2022-02-18 19:35:00,GRBK
22.0502,22.07,22.04,22.04,2021,2022-02-18 19:40:00,GRBK
22.0534,22.0534,22.048,22.05,1500,2022-02-18 19:45:00,GRBK
22.03,22.03,21.99,22.01,5819,2022-02-18 19:50:00,GRBK
22.06,22.09,22.025,22.07,2898,2022-02-18 19:55:00,GRBK
22.08,22.1,22.07,22.085,4051,2022-02-18 20:00:00,GRBK
22.1,22.1,22.02,22.04,1291,2022-02-18 20:05:00,GRBK
22.06,22.1,22.02,22.07,2882,2022-02-18 20:10:00,GRBK
22.06,22.07,22.0,22.04,2034,2022-02-18 20:15:00,GRBK
22.03,22.07,22.02,22.03,1362,2022-02-18 20:20:00,GRBK
22.01,22.03,21.99,22.01,2159,2022-02-18 20:25:00,GRBK
21.98,21.985,21.9285,21.985,2530,2022-02-18 20:30:00,GRBK
22.0,22.05,21.935,22.01,6648,2022-02-18 20:35:00,GRBK
22.02,22.1,22.01,22.05,4025,2022-02-18 20:40:00,GRBK
22.06,22.1,22.01,22.055,5460,2022-02-18 20:45:00,GRBK
22.05,22.05,21.99,22.015,8498,2022-02-18 20:50:00,GRBK
22.025,22.055,22.01,22.02,10457,2022-02-18 20:55:00,GRBK
22.04,22.04,22.02,22.02,28232,2022-02-18 21:00:00,GRBK
21.82,21.82,21.34,21.515,7278,2022-02-22 14:30:00,GRBK
21.515,21.72,21.4,21.71,1527,2022-02-22 14:35:00,GRBK
21.73,21.75,21.62,21.66,5178,2022-02-22 14:40:00,GRBK
21.7,21.86,21.68,21.86,2500,2022-02-22 14:45:00,GRBK
21.855,21.99,21.855,21.99,489,2022-02-22 14:50:00,GRBK
21.97,21.97,21.76,21.79,4098,2022-02-22 14:55:00,GRBK
21.63,21.63,21.63,21.63,300,2022-02-22 15:00:00,GRBK
21.72,21.83,21.66,21.83,4698,2022-02-22 15:05:00,GRBK
21.86,21.89,21.86,21.87,5127,2022-02-22 15:10:00,GRBK
21.91,21.93,21.88,21.88,1001,2022-02-22 15:15:00,GRBK
21.89,21.89,21.85,21.85,200,2022-02-22 15:20:00,GRBK
21.82,21.905,21.82,21.87,2200,2022-02-22 15:25:00,GRBK
21.85,21.89,21.85,21.89,600,2022-02-22 15:30:00,GRBK
21.85,21.86,21.835,21.835,700,2022-02-22 15:35:00,GRBK
21.82,21.85,21.79,21.825,2913,2022-02-22 15:40:00,GRBK
21.84,21.84,21.7613,21.7613,7200,2022-02-22 15:45:00,GRBK
21.73,21.74,21.64,21.72,7571,2022-02-22 15:50:00,GRBK
21.7,21.7,21.5967,21.5967,2276,2022-02-22 15:55:00,GRBK
21.595,21.595,21.5507,21.5728,1393,2022-02-22 16:00:00,GRBK
21.59,21.59,21.49,21.51,4132,2022-02-22 16:05:00,GRBK
21.51,21.6,21.495,21.55,8794,2022-02-22 16:10:00,GRBK
21.51,21.51,21.51,21.51,486,2022-02-22 16:15:00,GRBK
21.505,21.62,21.505,21.62,1000,2022-02-22 16:20:00,GRBK
21.64,21.64,21.5529,21.5529,1450,2022-02-22 16:25:00,GRBK
21.59,21.6,21.55,21.58,2106,2022-02-22 16:30:00,GRBK
21.6,21.62,21.6,21.62,500,2022-02-22 16:40:00,GRBK
21.61,21.61,21.61,21.61,100,2022-02-22 16:45:00,GRBK
21.6,21.6,21.5,21.53,3697,2022-02-22 16:50:00,GRBK
21.5,21.52,21.486,21.52,9067,2022-02-22 16:55:00,GRBK
21.54,21.561,21.5,21.53,2000,2022-02-22 17:05:00,GRBK
21.5,21.52,21.37,21.41,24392,2022-02-22 17:10:00,GRBK
21.4105,21.42,21.39,21.41,9517,2022-02-22 17:15:00,GRBK
21.4,21.48,21.4,21.45,2146,2022-02-22 17:20:00,GRBK
21.45,21.57,21.45,21.57,12340,2022-02-22 17:25:00,GRBK
21.54,21.56,21.515,21.545,1850,2022-02-22 17:30:00,GRBK
21.55,21.57,21.54,21.54,2230,2022-02-22 17:35:00,GRBK
21.53,21.54,21.53,21.53,806,2022-02-22 17:40:00,GRBK
21.57,21.57,21.52,21.52,576,2022-02-22 17:45:00,GRBK
21.54,21.56,21.535,21.56,2065,2022-02-22 17:50:00,GRBK
21.57,21.59,21.56,21.58,3567,2022-02-22 17:55:00,GRBK
21.54,21.56,21.52,21.56,400,2022-02-22 18:00:00,GRBK
21.59,21.6,21.579,21.59,2400,2022-02-22 18:05:00,GRBK
21.57,21.59,21.57,21.57,912,2022-02-22 18:10:00,GRBK
21.49,21.49,21.49,21.49,375,2022-02-22 18:15:00,GRBK
21.48,21.5,21.475,21.5,700,2022-02-22 18:20:00,GRBK
21.49,21.5,21.46,21.46,1330,2022-02-22 18:25:00,GRBK
21.465,21.54,21.465,21.53,2197,2022-02-22 18:30:00,GRBK
21.51,21.51,21.485,21.485,300,2022-02-22 18:35:00,GRBK
21.45,21.45,21.41,21.4101,700,2022-02-22 18:40:00,GRBK
21.4,21.42,21.39,21.405,12760,2022-02-22 18:45:00,GRBK
21.39,21.42,21.35,21.36,8027,2022-02-22 18:50:00,GRBK
21.37,21.435,21.32,21.35,12565,2022-02-22 18:55:00,GRBK
21.36,21.36,21.3,21.34,1891,2022-02-22 19:00:00,GRBK
21.33,21.33,21.265,21.265,2550,2022-02-22 19:05:00,GRBK
21.265,21.36,21.24,21.32,15675,2022-02-22 19:10:00,GRBK
21.31,21.365,21.31,21.35,6000,2022-02-22 19:15:00,GRBK
21.36,21.37,21.25,21.28,3825,2022-02-22 19:20:00,GRBK
21.31,21.44,21.29,21.32,4295,2022-02-22 19:25:00,GRBK
21.325,21.395,21.325,21.335,1739,2022-02-22 19:30:00,GRBK
21.27,21.335,21.25,21.28,3501,2022-02-22 19:35:00,GRBK
21.3,21.38,21.29,21.37,9364,2022-02-22 19:40:00,GRBK
21.36,21.518,21.32,21.518,18740,2022-02-22 19:45:00,GRBK
21.51,21.575,21.49,21.53,8481,2022-02-22 19:50:00,GRBK
21.53,21.67,21.53,21.67,9500,2022-02-22 19:55:00,GRBK
21.68,21.7513,21.66,21.745,6516,2022-02-22 20:00:00,GRBK
21.74,21.77,21.7,21.72,24255,2022-02-22 20:05:00,GRBK
21.71,21.76,21.71,21.73,5100,2022-02-22 20:10:00,GRBK
21.74,21.745,21.68,21.68,7586,2022-02-22 20:15:00,GRBK
21.68,21.72,21.58,21.59,7400,2022-02-22 20:20:00,GRBK
21.57,21.665,21.56,21.6,5454,2022-02-22 20:25:00,GRBK
21.6,21.61,21.55,21.59,5667,2022-02-22 20:30:00,GRBK
21.6,21.64,21.59,21.63,6868,2022-02-22 20:35:00,GRBK
21.62,21.63,21.56,21.57,3782,2022-02-22 20:40:00,GRBK
21.56,21.56,21.45,21.47,10816,2022-02-22 20:45:00,GRBK
21.45,21.45,21.31,21.325,12929,2022-02-22 20:50:00,GRBK
21.325,21.4,21.29,21.3,32221,2022-02-22 20:55:00,GRBK
21.32,21.32,21.29,21.31,42537,2022-02-22 21:00:00,GRBK
22.74,22.74,22.74,22.74,500,2022-02-23 14:05:00,GRBK
21.54,21.54,21.54,21.54,200,2022-02-23 14:25:00,GRBK
21.47,21.58,21.38,21.495,5561,2022-02-23 14:30:00,GRBK
21.58,21.695,21.4,21.6,44573,2022-02-23 14:35:00,GRBK
21.63,21.68,21.5,21.57,28064,2022-02-23 14:40:00,GRBK
21.58,21.6,21.49,21.49,2050,2022-02-23 14:45:00,GRBK
21.35,21.5,21.35,21.46,8458,2022-02-23 14:50:00,GRBK
21.5,21.5,21.5,21.5,200,2022-02-23 14:55:00,GRBK
21.47,21.5,21.43,21.435,1300,2022-02-23 15:00:00,GRBK
21.44,21.48,21.35,21.35,2900,2022-02-23 15:05:00,GRBK
21.3292,21.41,21.3292,21.41,1600,2022-02-23 15:10:00,GRBK
21.37,21.37,21.24,21.25,4241,2022-02-23 15:15:00,GRBK
21.25,21.31,21.24,21.27,4506,2022-02-23 15:20:00,GRBK
21.25,21.35,21.24,21.35,21933,2022-02-23 15:25:00,GRBK
21.32,21.38,21.32,21.38,625,2022-02-23 15:30:00,GRBK
21.38,21.38,21.3,21.31,5314,2022-02-23 15:35:00,GRBK
21.31,21.33,21.2508,21.3,7671,2022-02-23 15:40:00,GRBK
21.3,21.41,21.3,21.37,1459,2022-02-23 15:45:00,GRBK
21.36,21.375,21.34,21.3669,1600,2022-02-23 15:50:00,GRBK
21.34,21.35,21.34,21.35,300,2022-02-23 15:55:00,GRBK
21.32,21.33,21.3,21.3,1206,2022-02-23 16:00:00,GRBK
21.292,21.292,21.215,21.23,2379,2022-02-23 16:05:00,GRBK
21.21,21.21,21.1968,21.21,1150,2022-02-23 16:10:00,GRBK
21.15,21.2,21.14,21.2,3078,2022-02-23 16:15:00,GRBK
21.1695,21.175,21.1695,21.17,1450,2022-02-23 16:20:00,GRBK
21.22,21.23,21.21,21.2299,3678,2022-02-23 16:25:00,GRBK
21.23,21.24,21.215,21.24,400,2022-02-23 16:30:00,GRBK
21.26,21.32,21.26,21.305,1864,2022-02-23 16:35:00,GRBK
21.3,21.3,21.24,21.24,800,2022-02-23 16:40:00,GRBK
21.25,21.26,21.25,21.26,400,2022-02-23 16:45:00,GRBK
21.3,21.3,21.265,21.27,800,2022-02-23 16:50:00,GRBK
21.33,21.35,21.33,21.35,700,2022-02-23 16:55:00,GRBK
21.335,21.3599,21.33,21.34,4400,2022-02-23 17:00:00,GRBK
21.3301,21.385,21.3001,21.37,9628,2022-02-23 17:05:00,GRBK
21.42,21.4696,21.38,21.41,2367,2022-02-23 17:10:00,GRBK
21.43,21.43,21.41,21.41,200,2022-02-23 17:15:00,GRBK
21.42,21.43,21.4,21.43,602,2022-02-23 17:20:00,GRBK
21.44,21.44,21.41,21.41,979,2022-02-23 17:25:00,GRBK
21.4,21.4,21.3559,21.3559,6140,2022-02-23 17:30:00,GRBK
21.3559,21.37,21.26,21.2602,25326,2022-02-23 17:35:00,GRBK
21.27,21.27,21.23,21.23,700,2022-02-23 17:40:00,GRBK
21.21,21.23,21.17,21.175,3069,2022-02-23 17:45:00,GRBK
21.15,21.18,21.14,21.145,7647,2022-02-23 17:50:00,GRBK
21.15,21.17,21.12,21.17,13474,2022-02-23 17:55:00,GRBK
21.16,21.17,21.13,21.15,4137,2022-02-23 18:00:00,GRBK
21.15,21.17,21.13,21.135,2724,2022-02-23 18:05:00,GRBK
21.15,21.15,21.05,21.05,6146,2022-02-23 18:10:00,GRBK
21.05,21.0717,21.02,21.0717,3908,2022-02-23 18:15:00,GRBK
21.0305,21.06,21.0,21.06,2820,2022-02-23 18:20:00,GRBK
21.05,21.1,21.03,21.08,3681,2022-02-23 18:25:00,GRBK
21.08,21.13,21.03,21.07,6746,2022-02-23 18:30:00,GRBK
21.04,21.1,21.04,21.075,2286,2022-02-23 18:35:00,GRBK
21.11,21.12,21.11,21.12,500,2022-02-23 18:40:00,GRBK
21.11,21.16,21.11,21.14,2383,2022-02-23 18:45:00,GRBK
21.14,21.16,21.05,21.05,3388,2022-02-23 18:50:00,GRBK
21.06,21.13,21.06,21.1,1769,2022-02-23 18:55:00,GRBK
21.15,21.18,21.125,21.15,14810,2022-02-23 19:00:00,GRBK
21.16,21.225,21.16,21.225,1200,2022-02-23 19:05:00,GRBK
21.24,21.26,21.2,21.22,2843,2022-02-23 19:10:00,GRBK
21.22,21.26,21.19,21.26,960,2022-02-23 19:15:00,GRBK
21.27,21.28,21.19,21.19,4145,2022-02-23 19:20:00,GRBK
21.2,21.2,21.14,21.15,1604,2022-02-23 19:25:00,GRBK
21.15,21.15,21.11,21.12,3990,2022-02-23 19:30:00,GRBK
21.14,21.16,21.13,21.13,3604,2022-02-23 19:35:00,GRBK
21.12,21.16,21.11,21.15,5423,2022-02-23 19:40:00,GRBK
21.18,21.26,21.18,21.22,6948,2022-02-23 19:45:00,GRBK
21.2,21.25,21.185,21.2,2300,2022-02-23 19:50:00,GRBK
21.21,21.23,21.2,21.22,2615,2022-02-23 19:55:00,GRBK
21.21,21.23,21.15,21.15,3971,2022-02-23 20:00:00,GRBK
21.15,21.16,21.05,21.06,2159,2022-02-23 20:05:00,GRBK
21.07,21.08,21.05,21.07,4965,2022-02-23 20:10:00,GRBK
21.07,21.11,21.06,21.09,4131,2022-02-23 20:15:00,GRBK
21.08,21.09,20.99,21.03,12299,2022-02-23 20:20:00,GRBK
21.01,21.06,21.0,21.04,6419,2022-02-23 20:25:00,GRBK
21.01,21.0426,21.0,21.02,9249,2022-02-23 20:30:00,GRBK
21.025,21.08,21.0,21.01,6560,2022-02-23 20:35:00,GRBK
21.0,21.04,21.0,21.02,11597,2022-02-23 20:40:00,GRBK
21.02,21.05,20.99,21.02,24648,2022-02-23 20:45:00,GRBK
21.0,21.02,20.93,20.97,27275,2022-02-23 20:50:00,GRBK
20.96,21.02,20.95,20.96,37167,2022-02-23 20:55:00,GRBK
20.96,20.96,20.96,20.96,112454,2022-02-23 21:00:00,GRBK
20.0,20.0,20.0,20.0,108,2022-02-24 10:45:00,GRBK
20.42,20.42,20.31,20.31,519,2022-02-24 12:05:00,GRBK
20.5,20.5,20.5,20.5,200,2022-02-24 13:25:00,GRBK
20.33,20.33,20.27,20.27,400,2022-02-24 14:25:00,GRBK
20.07,20.6899,20.07,20.61,37999,2022-02-24 14:30:00,GRBK
20.52,20.81,20.47,20.81,3372,2022-02-24 14:35:00,GRBK
20.79,20.92,20.55,20.555,10442,2022-02-24 14:40:00,GRBK
20.645,20.99,20.62,20.985,2588,2022-02-24 14:45:00,GRBK
20.85,20.8615,20.765,20.8,2879,2022-02-24 14:50:00,GRBK
20.83,21.03,20.83,21.03,2775,2022-02-24 14:55:00,GRBK
21.03,21.0899,21.0,21.06,7092,2022-02-24 15:00:00,GRBK
21.06,21.06,20.94,21.04,12412,2022-02-24 15:05:00,GRBK
21.19,21.2816,21.185,21.26,3301,2022-02-24 15:10:00,GRBK
21.23,21.38,21.23,21.36,7536,2022-02-24 15:15:00,GRBK
21.33,21.33,21.14,21.19,1349,2022-02-24 15:20:00,GRBK
21.16,21.16,21.01,21.06,5025,2022-02-24 15:25:00,GRBK
20.95,21.06,20.92,21.04,4587,2022-02-24 15:30:00,GRBK
21.02,21.02,20.755,20.86,3500,2022-02-24 15:35:00,GRBK
20.86,20.95,20.79,20.9,1900,2022-02-24 15:40:00,GRBK
20.91,20.955,20.89,20.94,3421,2022-02-24 15:45:00,GRBK
20.9,21.16,20.86,21.135,9066,2022-02-24 15:50:00,GRBK
21.21,21.25,21.18,21.21,3766,2022-02-24 15:55:00,GRBK
21.2,21.2,21.03,21.0305,5957,2022-02-24 16:00:00,GRBK
21.05,21.2,20.9959,21.2,2594,2022-02-24 16:05:00,GRBK
21.16,21.3,21.16,21.26,2400,2022-02-24 16:10:00,GRBK
21.2625,21.3399,21.259,21.29,4975,2022-02-24 16:15:00,GRBK
21.26,21.27,21.15,21.15,800,2022-02-24 16:20:00,GRBK
21.19,21.22,21.1,21.1,4709,2022-02-24 16:25:00,GRBK
21.1,21.125,21.04,21.125,1495,2022-02-24 16:30:00,GRBK
21.16,21.16,21.09,21.1427,1354,2022-02-24 16:35:00,GRBK
21.12,21.12,20.98,21.06,2351,2022-02-24 16:40:00,GRBK
21.08,21.14,21.0501,21.14,3291,2022-02-24 16:45:00,GRBK
21.1416,21.225,21.14,21.2233,6400,2022-02-24 16:50:00,GRBK
21.2,21.25,21.2,21.24,1320,2022-02-24 16:55:00,GRBK
21.25,21.3,21.235,21.3,1620,2022-02-24 17:00:00,GRBK
21.26,21.29,21.17,21.17,2300,2022-02-24 17:05:00,GRBK
21.185,21.22,21.17,21.17,5321,2022-02-24 17:10:00,GRBK
21.2,21.2,21.2,21.2,854,2022-02-24 17:15:00,GRBK
21.17,21.19,21.0401,21.0401,1261,2022-02-24 17:20:00,GRBK
21.05,21.13,21.05,21.13,1600,2022-02-24 17:25:00,GRBK
21.14,21.18,21.11,21.11,1172,2022-02-24 17:30:00,GRBK
21.12,21.28,21.12,21.26,3375,2022-02-24 17:35:00,GRBK
21.31,21.31,21.13,21.1652,3697,2022-02-24 17:40:00,GRBK
21.17,21.17,21.11,21.11,750,2022-02-24 17:45:00,GRBK
21.12,21.12,21.05,21.07,1410,2022-02-24 17:50:00,GRBK
21.11,21.12,21.06,21.06,1009,2022-02-24 17:55:00,GRBK
21.01,21.01,20.95,20.95,1177,2022-02-24 18:00:00,GRBK
20.98,21.07,20.98,21.06,1415,2022-02-24 18:05:00,GRBK
21.11,21.14,21.1,21.11,815,2022-02-24 18:10:00,GRBK
21.07,21.1082,21.04,21.1082,1345,2022-02-24 18:15:00,GRBK
21.12,21.12,21.05,21.06,1204,2022-02-24 18:20:00,GRBK
21.02,21.05,21.015,21.05,615,2022-02-24 18:25:00,GRBK
21.05,21.15,21.04,21.12,1926,2022-02-24 18:30:00,GRBK
21.12,21.17,21.12,21.15,7482,2022-02-24 18:35:00,GRBK
21.14,21.14,21.01,21.07,30254,2022-02-24 18:40:00,GRBK
21.03,21.23,21.03,21.23,8510,2022-02-24 18:45:00,GRBK
21.23,21.235,21.15,21.185,3843,2022-02-24 18:50:00,GRBK
21.17,21.17,21.09,21.12,1093,2022-02-24 18:55:00,GRBK
21.11,21.17,21.1,21.11,1935,2022-02-24 19:00:00,GRBK
21.16,21.19,21.14,21.17,2061,2022-02-24 19:05:00,GRBK
21.16,21.24,21.16,21.23,2011,2022-02-24 19:10:00,GRBK
21.26,21.33,21.26,21.33,2610,2022-02-24 19:15:00,GRBK
21.32,21.36,21.27,21.29,1949,2022-02-24 19:20:00,GRBK
21.31,21.38,21.31,21.38,1457,2022-02-24 19:25:00,GRBK
21.38,21.445,21.38,21.44,3618,2022-02-24 19:30:00,GRBK
21.45,21.55,21.44,21.55,5076,2022-02-24 19:35:00,GRBK
21.55,21.61,21.51,21.54,8326,2022-02-24 19:40:00,GRBK
21.52,21.55,21.49,21.5335,11824,2022-02-24 19:45:00,GRBK
21.55,21.55,21.53,21.55,1203,2022-02-24 19:50:00,GRBK
21.54,21.54,21.46,21.47,3020,2022-02-24 19:55:00,GRBK
21.475,21.54,21.46,21.54,2543,2022-02-24 20:00:00,GRBK
21.55,21.58,21.53,21.58,800,2022-02-24 20:05:00,GRBK
21.57,21.57,21.55,21.56,542,2022-02-24 20:10:00,GRBK
21.58,21.68,21.58,21.68,5393,2022-02-24 20:15:00,GRBK
21.7,21.71,21.65,21.69,4562,2022-02-24 20:20:00,GRBK
21.695,21.785,21.69,21.7,7335,2022-02-24 20:25:00,GRBK
21.71,21.87,21.71,21.87,4455,2022-02-24 20:30:00,GRBK
21.87,21.97,21.85,21.97,5821,2022-02-24 20:35:00,GRBK
21.965,21.97,21.9,21.9,8970,2022-02-24 20:40:00,GRBK
21.9,21.98,21.89,21.91,10484,2022-02-24 20:45:00,GRBK
21.92,22.028,21.9,21.97,23202,2022-02-24 20:50:00,GRBK
21.96,21.96,21.84,21.91,21255,2022-02-24 20:55:00,GRBK
21.91,21.94,21.91,21.92,53818,2022-02-24 21:00:00,GRBK
21.92,21.92,21.92,21.92,14114,2022-02-24 21:15:00,GRBK
21.96,22.05,21.75,22.03,2539,2022-02-25 14:30:00,GRBK
21.87,21.87,21.82,21.85,1000,2022-02-25 14:35:00,GRBK
21.87,21.87,21.73,21.8,5301,2022-02-25 14:40:00,GRBK
21.83,21.92,21.77,21.91,1431,2022-02-25 14:45:00,GRBK
21.94,21.94,21.86,21.88,3819,2022-02-25 14:50:00,GRBK
21.93,21.93,21.81,21.81,1606,2022-02-25 14:55:00,GRBK
21.65,21.65,21.62,21.6359,1001,2022-02-25 15:00:00,GRBK
21.8199,21.8199,21.73,21.74,1200,2022-02-25 15:05:00,GRBK
21.76,21.8,21.73,21.77,2934,2022-02-25 15:10:00,GRBK
21.76,21.87,21.755,21.87,1500,2022-02-25 15:15:00,GRBK
21.91,21.96,21.87,21.96,2639,2022-02-25 15:20:00,GRBK
21.94,21.94,21.91,21.93,400,2022-02-25 15:25:00,GRBK
22.07,22.0802,22.06,22.06,2983,2022-02-25 15:30:00,GRBK
22.07,22.12,22.04,22.1,21571,2022-02-25 15:35:00,GRBK
22.1,22.14,22.09,22.11,4896,2022-02-25 15:40:00,GRBK
22.13,22.2,22.13,22.18,3900,2022-02-25 15:45:00,GRBK
22.16,22.21,22.14,22.15,6533,2022-02-25 15:50:00,GRBK
22.14,22.15,22.07,22.11,5800,2022-02-25 15:55:00,GRBK
22.08,22.15,22.05,22.13,2040,2022-02-25 16:00:00,GRBK
22.1,22.1,22.07,22.08,1484,2022-02-25 16:05:00,GRBK
22.06,22.08,22.01,22.03,8417,2022-02-25 16:10:00,GRBK
22.04,22.09,22.01,22.06,7869,2022-02-25 16:15:00,GRBK
22.06,22.13,22.03,22.12,6341,2022-02-25 16:20:00,GRBK
22.12,22.12,22.09,22.1,800,2022-02-25 16:25:00,GRBK
22.105,22.15,22.0802,22.13,3102,2022-02-25 16:30:00,GRBK
22.11,22.15,22.07,22.12,3230,2022-02-25 16:35:00,GRBK
22.14,22.16,22.11,22.11,3571,2022-02-25 16:40:00,GRBK
22.1,22.18,22.1,22.18,2600,2022-02-25 16:45:00,GRBK
22.18,22.19,22.14,22.16,2220,2022-02-25 16:50:00,GRBK
22.18,22.2,22.17,22.2,2000,2022-02-25 16:55:00,GRBK
22.18,22.26,22.18,22.23,5020,2022-02-25 17:00:00,GRBK
22.23,22.29,22.23,22.265,2315,2022-02-25 17:05:00,GRBK
22.265,22.33,22.23,22.23,3816,2022-02-25 17:10:00,GRBK
22.21,22.27,22.21,22.27,1500,2022-02-25 17:15:00,GRBK
22.265,22.3,22.24,22.3,1242,2022-02-25 17:20:00,GRBK
22.315,22.325,22.31,22.325,1100,2022-02-25 17:25:00,GRBK
22.34,22.405,22.34,22.405,1103,2022-02-25 17:30:00,GRBK
22.4,22.42,22.39,22.42,2672,2022-02-25 17:35:00,GRBK
22.4243,22.44,22.4,22.42,5297,2022-02-25 17:40:00,GRBK
22.41,22.41,22.36,22.365,2666,2022-02-25 17:45:00,GRBK
22.38,22.46,22.3627,22.4,9406,2022-02-25 17:50:00,GRBK
22.42,22.44,22.42,22.44,1570,2022-02-25 17:55:00,GRBK
22.435,22.47,22.42,22.47,2937,2022-02-25 18:00:00,GRBK
22.4716,22.4716,22.38,22.4211,4215,2022-02-25 18:05:00,GRBK
22.42,22.42,22.39,22.39,2544,2022-02-25 18:10:00,GRBK
22.41,22.43,22.345,22.43,2420,2022-02-25 18:15:00,GRBK
22.422,22.44,22.4,22.44,2973,2022-02-25 18:20:00,GRBK
22.46,22.48,22.46,22.46,2274,2022-02-25 18:25:00,GRBK
22.46,22.545,22.46,22.54,3136,2022-02-25 18:30:00,GRBK
22.53,22.53,22.495,22.53,2689,2022-02-25 18:35:00,GRBK
22.54,22.54,22.53,22.53,2083,2022-02-25 18:40:00,GRBK
22.57,22.57,22.52,22.52,2499,2022-02-25 18:45:00,GRBK
22.55,22.57,22.55,22.565,660,2022-02-25 18:50:00,GRBK
22.55,22.59,22.53,22.565,2244,2022-02-25 18:55:00,GRBK
22.53,22.54,22.5,22.52,3929,2022-02-25 19:00:00,GRBK
22.51,22.51,22.46,22.46,948,2022-02-25 19:05:00,GRBK
22.45,22.46,22.435,22.435,2305,2022-02-25 19:10:00,GRBK
22.45,22.45,22.42,22.43,1601,2022-02-25 19:15:00,GRBK
22.445,22.5,22.43,22.5,5074,2022-02-25 19:20:00,GRBK
22.49,22.58,22.465,22.525,19410,2022-02-25 19:25:00,GRBK
22.55,22.59,22.54,22.55,3336,2022-02-25 19:30:00,GRBK
22.55,22.58,22.54,22.57,4258,2022-02-25 19:35:00,GRBK
22.6,22.63,22.59,22.63,2856,2022-02-25 19:40:00,GRBK
22.64,22.68,22.64,22.655,2437,2022-02-25 19:45:00,GRBK
22.65,22.6994,22.6046,22.64,9668,2022-02-25 19:50:00,GRBK
22.72,22.72,22.68,22.69,2204,2022-02-25 19:55:00,GRBK
22.68,22.72,22.67,22.7,1904,2022-02-25 20:00:00,GRBK
22.695,22.73,22.67,22.705,3075,2022-02-25 20:05:00,GRBK
22.7,22.735,22.65,22.655,3359,2022-02-25 20:10:00,GRBK
22.65,22.69,22.63,22.69,11896,2022-02-25 20:15:00,GRBK
22.71,22.8,22.68,22.785,3279,2022-02-25 20:20:00,GRBK
22.8,22.8,22.72,22.74,3451,2022-02-25 20:25:00,GRBK
22.74,22.81,22.74,22.785,5952,2022-02-25 20:30:00,GRBK
22.76,22.825,22.75,22.78,14392,2022-02-25 20:35:00,GRBK
22.775,22.86,22.775,22.8,13183,2022-02-25 20:40:00,GRBK
22.8,22.889,22.8,22.85,12027,2022-02-25 20:45:00,GRBK
22.86,22.945,22.81,22.81,17332,2022-02-25 20:50:00,GRBK
22.78,22.89,22.765,22.88,30188,2022-02-25 20:55:00,GRBK
22.88,22.88,22.87,22.87,63194,2022-02-25 21:00:00,GRBK
